Region,Age group,Gender,Year,value
Total,Total,Total,2025,61.1
Total,Total,Total,2024,61.3
Total,Total,Total,2023,59.5
Total,Total,Total,2022,60.3
Total,Total,Total,2021,59.1
Total,Total,Total,2020,61.1
Total,Total,Total,2019,62.8
Total,Total,Total,2018,61.0
Total,Total,Total,2017,61.1
Total,Total,Total,2016,60.5
Total,Total,Total,2015,61.5
Total,Total,Total,2014,62.2
Total,Total,Total,2013,61.9
Total,Total,Total,2012,63.5
Total,Total,Total,2011,62.5
Total,Total,Total,2010,61.6
Total,Total,Total,2009,61.4
Total,Total, Male,2025,69.7
Total,Total, Male,2024,69.7
Total,Total, Male,2023,67.9
Total,Total, Male,2022,68.1
Total,Total, Male,2021,67.1
Total,Total, Male,2020,68.7
Total,Total, Male,2019,70.4
Total,Total, Male,2018,69.5
Total,Total, Male,2017,67.5
Total,Total, Male,2016,67.3
Total,Total, Male,2015,68.1
Total,Total, Male,2014,68.6
Total,Total, Male,2013,68.1
Total,Total, Male,2012,69.1
Total,Total, Male,2011,68.7
Total,Total, Male,2010,67.2
Total,Total, Male,2009,66.7
Total,Total, Female,2025,52.9
Total,Total, Female,2024,53.5
Total,Total, Female,2023,51.9
Total,Total, Female,2022,53.1
Total,Total, Female,2021,51.8
Total,Total, Female,2020,54.1
Total,Total, Female,2019,55.7
Total,Total, Female,2018,53.4
Total,Total, Female,2017,55.2
Total,Total, Female,2016,54.2
Total,Total, Female,2015,55.4
Total,Total, Female,2014,56.2
Total,Total, Female,2013,56.3
Total,Total, Female,2012,58.4
Total,Total, Female,2011,56.8
Total,Total, Female,2010,56.2
Total,Total, Female,2009,56.5
Total,15-19,Total,2025,7.7
Total,15-19,Total,2024,8.6
Total,15-19,Total,2023,9.7
Total,15-19,Total,2022,9.7
Total,15-19,Total,2021,10.5
Total,15-19,Total,2020,12.4
Total,15-19,Total,2019,12.1
Total,15-19,Total,2018,10.6
Total,15-19,Total,2017,10.0
Total,15-19,Total,2016,9.5
Total,15-19,Total,2015,10.8
Total,15-19,Total,2014,11.7
Total,15-19,Total,2013,13.7
Total,15-19,Total,2012,27.9
Total,15-19,Total,2011,17.8
Total,15-19,Total,2010,16.0
Total,15-19,Total,2009,17.8
Total,15-19, Male,2025,10.6
Total,15-19, Male,2024,11.5
Total,15-19, Male,2023,13.9
Total,15-19, Male,2022,12.4
Total,15-19, Male,2021,14.9
Total,15-19, Male,2020,17.3
Total,15-19, Male,2019,17.6
Total,15-19, Male,2018,15.8
Total,15-19, Male,2017,12.9
Total,15-19, Male,2016,12.0
Total,15-19, Male,2015,13.7
Total,15-19, Male,2014,14.9
Total,15-19, Male,2013,16.6
Total,15-19, Male,2012,30.8
Total,15-19, Male,2011,21.8
Total,15-19, Male,2010,18.8
Total,15-19, Male,2009,21.6
Total,15-19, Female,2025,4.5
Total,15-19, Female,2024,5.7
Total,15-19, Female,2023,5.3
Total,15-19, Female,2022,6.5
Total,15-19, Female,2021,5.5
Total,15-19, Female,2020,7.4
Total,15-19, Female,2019,6.2
Total,15-19, Female,2018,5.3
Total,15-19, Female,2017,6.9
Total,15-19, Female,2016,6.9
Total,15-19, Female,2015,7.7
Total,15-19, Female,2014,8.4
Total,15-19, Female,2013,10.7
Total,15-19, Female,2012,25.0
Total,15-19, Female,2011,13.8
Total,15-19, Female,2010,13.0
Total,15-19, Female,2009,13.7
Total,20-24,Total,2025,54.8
Total,20-24,Total,2024,52.7
Total,20-24,Total,2023,49.9
Total,20-24,Total,2022,53.6
Total,20-24,Total,2021,47.1
Total,20-24,Total,2020,54.3
Total,20-24,Total,2019,58.3
Total,20-24,Total,2018,52.9
Total,20-24,Total,2017,49.8
Total,20-24,Total,2016,52.1
Total,20-24,Total,2015,53.0
Total,20-24,Total,2014,54.0
Total,20-24,Total,2013,53.2
Total,20-24,Total,2012,53.7
Total,20-24,Total,2011,52.1
Total,20-24,Total,2010,52.1
Total,20-24,Total,2009,54.6
Total,20-24, Male,2025,65.9
Total,20-24, Male,2024,64.1
Total,20-24, Male,2023,62.8
Total,20-24, Male,2022,63.0
Total,20-24, Male,2021,57.0
Total,20-24, Male,2020,61.4
Total,20-24, Male,2019,65.2
Total,20-24, Male,2018,61.7
Total,20-24, Male,2017,57.0
Total,20-24, Male,2016,61.7
Total,20-24, Male,2015,60.5
Total,20-24, Male,2014,61.1
Total,20-24, Male,2013,62.1
Total,20-24, Male,2012,60.4
Total,20-24, Male,2011,59.8
Total,20-24, Male,2010,59.7
Total,20-24, Male,2009,61.5
Total,20-24, Female,2025,42.8
Total,20-24, Female,2024,40.1
Total,20-24, Female,2023,35.2
Total,20-24, Female,2022,44.4
Total,20-24, Female,2021,37.3
Total,20-24, Female,2020,46.6
Total,20-24, Female,2019,50.4
Total,20-24, Female,2018,44.0
Total,20-24, Female,2017,41.9
Total,20-24, Female,2016,41.9
Total,20-24, Female,2015,45.5
Total,20-24, Female,2014,46.5
Total,20-24, Female,2013,45.1
Total,20-24, Female,2012,46.7
Total,20-24, Female,2011,44.6
Total,20-24, Female,2010,44.7
Total,20-24, Female,2009,48.0
Total,25-29,Total,2025,79.2
Total,25-29,Total,2024,79.5
Total,25-29,Total,2023,77.2
Total,25-29,Total,2022,78.7
Total,25-29,Total,2021,76.7
Total,25-29,Total,2020,78.6
Total,25-29,Total,2019,76.6
Total,25-29,Total,2018,73.7
Total,25-29,Total,2017,74.3
Total,25-29,Total,2016,76.1
Total,25-29,Total,2015,75.3
Total,25-29,Total,2014,78.5
Total,25-29,Total,2013,78.0
Total,25-29,Total,2012,77.3
Total,25-29,Total,2011,75.7
Total,25-29,Total,2010,75.7
Total,25-29,Total,2009,75.3
Total,25-29, Male,2025,94.2
Total,25-29, Male,2024,93.5
Total,25-29, Male,2023,89.5
Total,25-29, Male,2022,86.8
Total,25-29, Male,2021,87.6
Total,25-29, Male,2020,86.2
Total,25-29, Male,2019,88.0
Total,25-29, Male,2018,87.2
Total,25-29, Male,2017,84.5
Total,25-29, Male,2016,86.4
Total,25-29, Male,2015,86.2
Total,25-29, Male,2014,88.0
Total,25-29, Male,2013,87.1
Total,25-29, Male,2012,86.3
Total,25-29, Male,2011,84.9
Total,25-29, Male,2010,84.6
Total,25-29, Male,2009,85.0
Total,25-29, Female,2025,63.3
Total,25-29, Female,2024,65.6
Total,25-29, Female,2023,66.3
Total,25-29, Female,2022,70.5
Total,25-29, Female,2021,65.5
Total,25-29, Female,2020,70.6
Total,25-29, Female,2019,65.4
Total,25-29, Female,2018,61.5
Total,25-29, Female,2017,64.8
Total,25-29, Female,2016,66.5
Total,25-29, Female,2015,65.1
Total,25-29, Female,2014,69.4
Total,25-29, Female,2013,69.8
Total,25-29, Female,2012,68.8
Total,25-29, Female,2011,66.6
Total,25-29, Female,2010,67.2
Total,25-29, Female,2009,65.8
Total,30-34,Total,2025,84.2
Total,30-34,Total,2024,83.5
Total,30-34,Total,2023,78.8
Total,30-34,Total,2022,78.0
Total,30-34,Total,2021,78.3
Total,30-34,Total,2020,78.4
Total,30-34,Total,2019,80.1
Total,30-34,Total,2018,80.8
Total,30-34,Total,2017,80.7
Total,30-34,Total,2016,79.0
Total,30-34,Total,2015,81.7
Total,30-34,Total,2014,82.4
Total,30-34,Total,2013,80.7
Total,30-34,Total,2012,81.5
Total,30-34,Total,2011,80.8
Total,30-34,Total,2010,80.9
Total,30-34,Total,2009,81.5
Total,30-34, Male,2025,94.2
Total,30-34, Male,2024,92.7
Total,30-34, Male,2023,87.9
Total,30-34, Male,2022,91.1
Total,30-34, Male,2021,92.1
Total,30-34, Male,2020,88.9
Total,30-34, Male,2019,89.9
Total,30-34, Male,2018,92.7
Total,30-34, Male,2017,89.8
Total,30-34, Male,2016,88.9
Total,30-34, Male,2015,90.8
Total,30-34, Male,2014,91.3
Total,30-34, Male,2013,89.3
Total,30-34, Male,2012,88.4
Total,30-34, Male,2011,88.1
Total,30-34, Male,2010,89.3
Total,30-34, Male,2009,89.2
Total,30-34, Female,2025,74.0
Total,30-34, Female,2024,74.1
Total,30-34, Female,2023,69.9
Total,30-34, Female,2022,66.1
Total,30-34, Female,2021,65.8
Total,30-34, Female,2020,68.3
Total,30-34, Female,2019,71.8
Total,30-34, Female,2018,69.5
Total,30-34, Female,2017,72.3
Total,30-34, Female,2016,69.7
Total,30-34, Female,2015,73.4
Total,30-34, Female,2014,74.3
Total,30-34, Female,2013,72.4
Total,30-34, Female,2012,74.9
Total,30-34, Female,2011,74.2
Total,30-34, Female,2010,73.1
Total,30-34, Female,2009,74.7
Total,35-39,Total,2025,84.0
Total,35-39,Total,2024,83.5
Total,35-39,Total,2023,79.1
Total,35-39,Total,2022,79.2
Total,35-39,Total,2021,80.8
Total,35-39,Total,2020,81.1
Total,35-39,Total,2019,82.9
Total,35-39,Total,2018,83.1
Total,35-39,Total,2017,82.2
Total,35-39,Total,2016,82.7
Total,35-39,Total,2015,84.3
Total,35-39,Total,2014,85.4
Total,35-39,Total,2013,84.1
Total,35-39,Total,2012,85.4
Total,35-39,Total,2011,85.1
Total,35-39,Total,2010,84.9
Total,35-39,Total,2009,84.7
Total,35-39, Male,2025,95.0
Total,35-39, Male,2024,91.6
Total,35-39, Male,2023,89.5
Total,35-39, Male,2022,89.5
Total,35-39, Male,2021,88.3
Total,35-39, Male,2020,88.8
Total,35-39, Male,2019,90.0
Total,35-39, Male,2018,91.5
Total,35-39, Male,2017,89.0
Total,35-39, Male,2016,87.9
Total,35-39, Male,2015,90.4
Total,35-39, Male,2014,91.2
Total,35-39, Male,2013,89.0
Total,35-39, Male,2012,89.9
Total,35-39, Male,2011,90.3
Total,35-39, Male,2010,89.7
Total,35-39, Male,2009,89.1
Total,35-39, Female,2025,73.0
Total,35-39, Female,2024,75.9
Total,35-39, Female,2023,68.6
Total,35-39, Female,2022,69.5
Total,35-39, Female,2021,73.2
Total,35-39, Female,2020,73.9
Total,35-39, Female,2019,76.2
Total,35-39, Female,2018,75.5
Total,35-39, Female,2017,76.0
Total,35-39, Female,2016,77.7
Total,35-39, Female,2015,78.8
Total,35-39, Female,2014,80.0
Total,35-39, Female,2013,79.7
Total,35-39, Female,2012,81.4
Total,35-39, Female,2011,80.5
Total,35-39, Female,2010,80.7
Total,35-39, Female,2009,80.7
Total,40-44,Total,2025,86.3
Total,40-44,Total,2024,86.4
Total,40-44,Total,2023,82.8
Total,40-44,Total,2022,83.4
Total,40-44,Total,2021,81.1
Total,40-44,Total,2020,81.1
Total,40-44,Total,2019,85.5
Total,40-44,Total,2018,84.4
Total,40-44,Total,2017,84.2
Total,40-44,Total,2016,82.7
Total,40-44,Total,2015,86.0
Total,40-44,Total,2014,86.1
Total,40-44,Total,2013,85.1
Total,40-44,Total,2012,86.0
Total,40-44,Total,2011,86.4
Total,40-44,Total,2010,85.8
Total,40-44,Total,2009,87.6
Total,40-44, Male,2025,91.5
Total,40-44, Male,2024,91.9
Total,40-44, Male,2023,87.5
Total,40-44, Male,2022,88.9
Total,40-44, Male,2021,84.7
Total,40-44, Male,2020,88.2
Total,40-44, Male,2019,89.7
Total,40-44, Male,2018,89.5
Total,40-44, Male,2017,88.6
Total,40-44, Male,2016,86.1
Total,40-44, Male,2015,89.6
Total,40-44, Male,2014,90.1
Total,40-44, Male,2013,88.1
Total,40-44, Male,2012,87.6
Total,40-44, Male,2011,89.4
Total,40-44, Male,2010,88.7
Total,40-44, Male,2009,90.2
Total,40-44, Female,2025,81.0
Total,40-44, Female,2024,81.1
Total,40-44, Female,2023,78.2
Total,40-44, Female,2022,78.1
Total,40-44, Female,2021,77.8
Total,40-44, Female,2020,74.9
Total,40-44, Female,2019,81.3
Total,40-44, Female,2018,79.8
Total,40-44, Female,2017,80.0
Total,40-44, Female,2016,79.4
Total,40-44, Female,2015,82.7
Total,40-44, Female,2014,82.4
Total,40-44, Female,2013,82.2
Total,40-44, Female,2012,84.5
Total,40-44, Female,2011,83.6
Total,40-44, Female,2010,83.3
Total,40-44, Female,2009,85.2
Total,45-49,Total,2025,85.5
Total,45-49,Total,2024,86.8
Total,45-49,Total,2023,82.9
Total,45-49,Total,2022,82.9
Total,45-49,Total,2021,78.4
Total,45-49,Total,2020,81.2
Total,45-49,Total,2019,83.1
Total,45-49,Total,2018,84.4
Total,45-49,Total,2017,83.0
Total,45-49,Total,2016,81.9
Total,45-49,Total,2015,84.3
Total,45-49,Total,2014,82.2
Total,45-49,Total,2013,84.0
Total,45-49,Total,2012,82.1
Total,45-49,Total,2011,83.2
Total,45-49,Total,2010,83.1
Total,45-49,Total,2009,84.5
Total,45-49, Male,2025,89.0
Total,45-49, Male,2024,88.0
Total,45-49, Male,2023,85.0
Total,45-49, Male,2022,87.3
Total,45-49, Male,2021,80.9
Total,45-49, Male,2020,82.8
Total,45-49, Male,2019,86.2
Total,45-49, Male,2018,87.7
Total,45-49, Male,2017,85.6
Total,45-49, Male,2016,83.7
Total,45-49, Male,2015,86.0
Total,45-49, Male,2014,85.0
Total,45-49, Male,2013,87.2
Total,45-49, Male,2012,83.7
Total,45-49, Male,2011,85.9
Total,45-49, Male,2010,86.3
Total,45-49, Male,2009,88.0
Total,45-49, Female,2025,82.4
Total,45-49, Female,2024,85.6
Total,45-49, Female,2023,80.9
Total,45-49, Female,2022,79.0
Total,45-49, Female,2021,75.9
Total,45-49, Female,2020,79.6
Total,45-49, Female,2019,80.1
Total,45-49, Female,2018,81.4
Total,45-49, Female,2017,80.7
Total,45-49, Female,2016,80.4
Total,45-49, Female,2015,82.7
Total,45-49, Female,2014,79.8
Total,45-49, Female,2013,81.1
Total,45-49, Female,2012,80.6
Total,45-49, Female,2011,80.9
Total,45-49, Female,2010,80.1
Total,45-49, Female,2009,81.5
Total,50-54,Total,2025,79.4
Total,50-54,Total,2024,79.1
Total,50-54,Total,2023,74.4
Total,50-54,Total,2022,76.2
Total,50-54,Total,2021,73.2
Total,50-54,Total,2020,73.8
Total,50-54,Total,2019,74.3
Total,50-54,Total,2018,73.0
Total,50-54,Total,2017,73.3
Total,50-54,Total,2016,72.5
Total,50-54,Total,2015,72.0
Total,50-54,Total,2014,71.3
Total,50-54,Total,2013,72.1
Total,50-54,Total,2012,71.4
Total,50-54,Total,2011,71.7
Total,50-54,Total,2010,72.4
Total,50-54,Total,2009,71.1
Total,50-54, Male,2025,82.6
Total,50-54, Male,2024,83.5
Total,50-54, Male,2023,77.6
Total,50-54, Male,2022,79.0
Total,50-54, Male,2021,76.3
Total,50-54, Male,2020,74.7
Total,50-54, Male,2019,78.9
Total,50-54, Male,2018,79.5
Total,50-54, Male,2017,80.2
Total,50-54, Male,2016,79.3
Total,50-54, Male,2015,79.3
Total,50-54, Male,2014,77.4
Total,50-54, Male,2013,77.5
Total,50-54, Male,2012,77.3
Total,50-54, Male,2011,79.1
Total,50-54, Male,2010,79.0
Total,50-54, Male,2009,77.4
Total,50-54, Female,2025,76.2
Total,50-54, Female,2024,75.4
Total,50-54, Female,2023,71.6
Total,50-54, Female,2022,73.7
Total,50-54, Female,2021,70.5
Total,50-54, Female,2020,73.0
Total,50-54, Female,2019,70.2
Total,50-54, Female,2018,67.4
Total,50-54, Female,2017,67.5
Total,50-54, Female,2016,66.4
Total,50-54, Female,2015,65.5
Total,50-54, Female,2014,65.7
Total,50-54, Female,2013,67.7
Total,50-54, Female,2012,66.5
Total,50-54, Female,2011,64.6
Total,50-54, Female,2010,66.1
Total,50-54, Female,2009,65.1
Total,55-59,Total,2025,58.5
Total,55-59,Total,2024,53.8
Total,55-59,Total,2023,53.3
Total,55-59,Total,2022,47.5
Total,55-59,Total,2021,46.4
Total,55-59,Total,2020,48.1
Total,55-59,Total,2019,50.3
Total,55-59,Total,2018,48.5
Total,55-59,Total,2017,48.5
Total,55-59,Total,2016,46.0
Total,55-59,Total,2015,45.8
Total,55-59,Total,2014,44.5
Total,55-59,Total,2013,48.5
Total,55-59,Total,2012,49.2
Total,55-59,Total,2011,51.6
Total,55-59,Total,2010,51.8
Total,55-59,Total,2009,47.2
Total,55-59, Male,2025,69.8
Total,55-59, Male,2024,70.5
Total,55-59, Male,2023,67.4
Total,55-59, Male,2022,64.1
Total,55-59, Male,2021,62.6
Total,55-59, Male,2020,63.0
Total,55-59, Male,2019,67.1
Total,55-59, Male,2018,65.0
Total,55-59, Male,2017,62.5
Total,55-59, Male,2016,62.7
Total,55-59, Male,2015,63.8
Total,55-59, Male,2014,60.5
Total,55-59, Male,2013,62.1
Total,55-59, Male,2012,62.7
Total,55-59, Male,2011,66.7
Total,55-59, Male,2010,66.2
Total,55-59, Male,2009,61.9
Total,55-59, Female,2025,48.9
Total,55-59, Female,2024,40.7
Total,55-59, Female,2023,41.5
Total,55-59, Female,2022,34.0
Total,55-59, Female,2021,32.9
Total,55-59, Female,2020,37.5
Total,55-59, Female,2019,37.4
Total,55-59, Female,2018,34.3
Total,55-59, Female,2017,36.1
Total,55-59, Female,2016,32.8
Total,55-59, Female,2015,31.2
Total,55-59, Female,2014,31.6
Total,55-59, Female,2013,37.5
Total,55-59, Female,2012,38.5
Total,55-59, Female,2011,38.1
Total,55-59, Female,2010,38.4
Total,55-59, Female,2009,34.0
Total,60-64,Total,2025,30.0
Total,60-64,Total,2024,28.6
Total,60-64,Total,2023,26.9
Total,60-64,Total,2022,28.2
Total,60-64,Total,2021,23.3
Total,60-64,Total,2020,23.4
Total,60-64,Total,2019,27.2
Total,60-64,Total,2018,21.1
Total,60-64,Total,2017,25.2
Total,60-64,Total,2016,22.2
Total,60-64,Total,2015,21.8
Total,60-64,Total,2014,19.3
Total,60-64,Total,2013,24.5
Total,60-64,Total,2012,25.7
Total,60-64,Total,2011,29.0
Total,60-64,Total,2010,27.5
Total,60-64,Total,2009,29.2
Total,60-64, Male,2025,39.7
Total,60-64, Male,2024,37.3
Total,60-64, Male,2023,32.3
Total,60-64, Male,2022,31.7
Total,60-64, Male,2021,25.6
Total,60-64, Male,2020,31.9
Total,60-64, Male,2019,32.3
Total,60-64, Male,2018,26.0
Total,60-64, Male,2017,29.7
Total,60-64, Male,2016,27.7
Total,60-64, Male,2015,25.2
Total,60-64, Male,2014,25.5
Total,60-64, Male,2013,29.3
Total,60-64, Male,2012,33.7
Total,60-64, Male,2011,35.7
Total,60-64, Male,2010,34.2
Total,60-64, Male,2009,33.2
Total,60-64, Female,2025,22.5
Total,60-64, Female,2024,22.3
Total,60-64, Female,2023,23.3
Total,60-64, Female,2022,25.5
Total,60-64, Female,2021,21.5
Total,60-64, Female,2020,17.5
Total,60-64, Female,2019,23.6
Total,60-64, Female,2018,17.7
Total,60-64, Female,2017,21.8
Total,60-64, Female,2016,17.8
Total,60-64, Female,2015,19.1
Total,60-64, Female,2014,13.9
Total,60-64, Female,2013,20.2
Total,60-64, Female,2012,18.8
Total,60-64, Female,2011,23.0
Total,60-64, Female,2010,21.1
Total,60-64, Female,2009,25.9
Total,65-69,Total,2025,17.8
Total,65-69,Total,2024,17.4
Total,65-69,Total,2023,18.2
Total,65-69,Total,2022,15.0
Total,65-69,Total,2021,15.4
Total,65-69,Total,2020,17.2
Total,65-69,Total,2019,18.9
Total,65-69,Total,2018,15.6
Total,65-69,Total,2017,15.5
Total,65-69,Total,2016,15.0
Total,65-69,Total,2015,13.1
Total,65-69,Total,2014,16.2
Total,65-69,Total,2013,15.0
Total,65-69,Total,2012,20.1
Total,65-69,Total,2011,18.0
Total,65-69,Total,2010,20.2
Total,65-69,Total,2009,16.6
Total,65-69, Male,2025,24.1
Total,65-69, Male,2024,18.4
Total,65-69, Male,2023,22.3
Total,65-69, Male,2022,21.2
Total,65-69, Male,2021,22.4
Total,65-69, Male,2020,21.4
Total,65-69, Male,2019,25.8
Total,65-69, Male,2018,18.6
Total,65-69, Male,2017,16.4
Total,65-69, Male,2016,19.0
Total,65-69, Male,2015,15.1
Total,65-69, Male,2014,17.9
Total,65-69, Male,2013,18.7
Total,65-69, Male,2012,25.7
Total,65-69, Male,2011,23.3
Total,65-69, Male,2010,25.9
Total,65-69, Male,2009,20.2
Total,65-69, Female,2025,13.9
Total,65-69, Female,2024,16.5
Total,65-69, Female,2023,15.4
Total,65-69, Female,2022,9.6
Total,65-69, Female,2021,10.4
Total,65-69, Female,2020,13.9
Total,65-69, Female,2019,13.2
Total,65-69, Female,2018,13.3
Total,65-69, Female,2017,14.9
Total,65-69, Female,2016,11.7
Total,65-69, Female,2015,11.6
Total,65-69, Female,2014,14.8
Total,65-69, Female,2013,12.0
Total,65-69, Female,2012,15.7
Total,65-69, Female,2011,13.8
Total,65-69, Female,2010,14.5
Total,65-69, Female,2009,13.4
Total,70+,Total,2025,6.3
Total,70+,Total,2024,5.9
Total,70+,Total,2023,7.0
Total,70+,Total,2022,5.1
Total,70+,Total,2021,6.0
Total,70+,Total,2020,7.8
Total,70+,Total,2019,8.1
Total,70+,Total,2018,7.7
Total,70+,Total,2017,7.7
Total,70+,Total,2016,6.8
Total,70+,Total,2015,6.2
Total,70+,Total,2014,7.1
Total,70+,Total,2013,6.3
Total,70+,Total,2012,12.3
Total,70+,Total,2011,10.3
Total,70+,Total,2010,7.4
Total,70+,Total,2009,5.6
Total,70+, Male,2025,6.5
Total,70+, Male,2024,9.6
Total,70+, Male,2023,11.3
Total,70+, Male,2022,7.5
Total,70+, Male,2021,7.7
Total,70+, Male,2020,11.3
Total,70+, Male,2019,10.0
Total,70+, Male,2018,11.4
Total,70+, Male,2017,10.3
Total,70+, Male,2016,10.1
Total,70+, Male,2015,8.4
Total,70+, Male,2014,10.2
Total,70+, Male,2013,9.1
Total,70+, Male,2012,14.8
Total,70+, Male,2011,15.7
Total,70+, Male,2010,10.2
Total,70+, Male,2009,6.5
Total,70+, Female,2025,6.2
Total,70+, Female,2024,3.7
Total,70+, Female,2023,4.3
Total,70+, Female,2022,3.5
Total,70+, Female,2021,4.8
Total,70+, Female,2020,5.7
Total,70+, Female,2019,6.9
Total,70+, Female,2018,5.2
Total,70+, Female,2017,5.6
Total,70+, Female,2016,4.4
Total,70+, Female,2015,4.7
Total,70+, Female,2014,5.0
Total,70+, Female,2013,4.4
Total,70+, Female,2012,10.4
Total,70+, Female,2011,6.5
Total,70+, Female,2010,5.5
Total,70+, Female,2009,4.9
 Khangai region,Total,Total,2025,70.4
 Khangai region,Total,Total,2024,70.0
 Khangai region,Total,Total,2023,68.9
 Khangai region,Total,Total,2022,73.3
 Khangai region,Total,Total,2021,71.2
 Khangai region,Total,Total,2020,68.2
 Khangai region,Total,Total,2019,72.4
 Khangai region,Total,Total,2018,70.5
 Khangai region,Total,Total,2017,72.7
 Khangai region,Total,Total,2016,74.4
 Khangai region,Total,Total,2015,70.7
 Khangai region,Total,Total,2014,74.1
 Khangai region,Total,Total,2013,74.3
 Khangai region,Total,Total,2012,77.0
 Khangai region,Total,Total,2011,70.9
 Khangai region,Total,Total,2010,72.7
 Khangai region,Total,Total,2009,73.4
 Khangai region,Total, Male,2025,77.0
 Khangai region,Total, Male,2024,76.4
 Khangai region,Total, Male,2023,74.7
 Khangai region,Total, Male,2022,80.2
 Khangai region,Total, Male,2021,77.5
 Khangai region,Total, Male,2020,72.3
 Khangai region,Total, Male,2019,77.9
 Khangai region,Total, Male,2018,76.5
 Khangai region,Total, Male,2017,76.5
 Khangai region,Total, Male,2016,78.9
 Khangai region,Total, Male,2015,74.6
 Khangai region,Total, Male,2014,77.7
 Khangai region,Total, Male,2013,77.7
 Khangai region,Total, Male,2012,82.3
 Khangai region,Total, Male,2011,75.9
 Khangai region,Total, Male,2010,77.3
 Khangai region,Total, Male,2009,75.8
 Khangai region,Total, Female,2025,64.0
 Khangai region,Total, Female,2024,64.0
 Khangai region,Total, Female,2023,63.6
 Khangai region,Total, Female,2022,66.8
 Khangai region,Total, Female,2021,65.4
 Khangai region,Total, Female,2020,64.3
 Khangai region,Total, Female,2019,66.7
 Khangai region,Total, Female,2018,64.7
 Khangai region,Total, Female,2017,68.9
 Khangai region,Total, Female,2016,69.9
 Khangai region,Total, Female,2015,67.0
 Khangai region,Total, Female,2014,70.6
 Khangai region,Total, Female,2013,71.0
 Khangai region,Total, Female,2012,71.9
 Khangai region,Total, Female,2011,66.3
 Khangai region,Total, Female,2010,68.1
 Khangai region,Total, Female,2009,70.9
 Khangai region,15-19,Total,2025,12.8
 Khangai region,15-19,Total,2024,17.4
 Khangai region,15-19,Total,2023,19.1
 Khangai region,15-19,Total,2022,20.3
 Khangai region,15-19,Total,2021,14.1
 Khangai region,15-19,Total,2020,17.6
 Khangai region,15-19,Total,2019,20.5
 Khangai region,15-19,Total,2018,20.5
 Khangai region,15-19,Total,2017,24.2
 Khangai region,15-19,Total,2016,20.4
 Khangai region,15-19,Total,2015,15.6
 Khangai region,15-19,Total,2014,23.2
 Khangai region,15-19,Total,2013,34.5
 Khangai region,15-19,Total,2012,57.0
 Khangai region,15-19,Total,2011,34.3
 Khangai region,15-19,Total,2010,33.9
 Khangai region,15-19,Total,2009,39.4
 Khangai region,15-19, Male,2025,19.5
 Khangai region,15-19, Male,2024,26.3
 Khangai region,15-19, Male,2023,25.9
 Khangai region,15-19, Male,2022,23.8
 Khangai region,15-19, Male,2021,16.6
 Khangai region,15-19, Male,2020,23.9
 Khangai region,15-19, Male,2019,25.4
 Khangai region,15-19, Male,2018,28.4
 Khangai region,15-19, Male,2017,29.5
 Khangai region,15-19, Male,2016,25.2
 Khangai region,15-19, Male,2015,21.0
 Khangai region,15-19, Male,2014,29.3
 Khangai region,15-19, Male,2013,37.2
 Khangai region,15-19, Male,2012,58.7
 Khangai region,15-19, Male,2011,41.3
 Khangai region,15-19, Male,2010,41.1
 Khangai region,15-19, Male,2009,46.2
 Khangai region,15-19, Female,2025,5.7
 Khangai region,15-19, Female,2024,6.3
 Khangai region,15-19, Female,2023,11.1
 Khangai region,15-19, Female,2022,15.6
 Khangai region,15-19, Female,2021,11.5
 Khangai region,15-19, Female,2020,8.3
 Khangai region,15-19, Female,2019,13.1
 Khangai region,15-19, Female,2018,10.8
 Khangai region,15-19, Female,2017,17.9
 Khangai region,15-19, Female,2016,15.1
 Khangai region,15-19, Female,2015,8.5
 Khangai region,15-19, Female,2014,16.5
 Khangai region,15-19, Female,2013,31.6
 Khangai region,15-19, Female,2012,55.4
 Khangai region,15-19, Female,2011,27.4
 Khangai region,15-19, Female,2010,26.7
 Khangai region,15-19, Female,2009,29.7
 Khangai region,20-24,Total,2025,69.3
 Khangai region,20-24,Total,2024,81.3
 Khangai region,20-24,Total,2023,64.9
 Khangai region,20-24,Total,2022,68.3
 Khangai region,20-24,Total,2021,65.9
 Khangai region,20-24,Total,2020,65.1
 Khangai region,20-24,Total,2019,81.0
 Khangai region,20-24,Total,2018,65.7
 Khangai region,20-24,Total,2017,66.3
 Khangai region,20-24,Total,2016,75.5
 Khangai region,20-24,Total,2015,68.5
 Khangai region,20-24,Total,2014,74.1
 Khangai region,20-24,Total,2013,72.4
 Khangai region,20-24,Total,2012,76.0
 Khangai region,20-24,Total,2011,71.2
 Khangai region,20-24,Total,2010,75.8
 Khangai region,20-24,Total,2009,75.5
 Khangai region,20-24, Male,2025,77.6
 Khangai region,20-24, Male,2024,90.1
 Khangai region,20-24, Male,2023,89.7
 Khangai region,20-24, Male,2022,88.6
 Khangai region,20-24, Male,2021,80.6
 Khangai region,20-24, Male,2020,66.8
 Khangai region,20-24, Male,2019,92.7
 Khangai region,20-24, Male,2018,80.4
 Khangai region,20-24, Male,2017,72.2
 Khangai region,20-24, Male,2016,83.0
 Khangai region,20-24, Male,2015,77.5
 Khangai region,20-24, Male,2014,82.7
 Khangai region,20-24, Male,2013,80.2
 Khangai region,20-24, Male,2012,90.2
 Khangai region,20-24, Male,2011,76.3
 Khangai region,20-24, Male,2010,80.8
 Khangai region,20-24, Male,2009,76.1
 Khangai region,20-24, Female,2025,59.3
 Khangai region,20-24, Female,2024,69.3
 Khangai region,20-24, Female,2023,38.2
 Khangai region,20-24, Female,2022,48.7
 Khangai region,20-24, Female,2021,51.6
 Khangai region,20-24, Female,2020,63.2
 Khangai region,20-24, Female,2019,69.1
 Khangai region,20-24, Female,2018,50.7
 Khangai region,20-24, Female,2017,57.8
 Khangai region,20-24, Female,2016,65.1
 Khangai region,20-24, Female,2015,60.2
 Khangai region,20-24, Female,2014,65.0
 Khangai region,20-24, Female,2013,64.8
 Khangai region,20-24, Female,2012,61.2
 Khangai region,20-24, Female,2011,66.7
 Khangai region,20-24, Female,2010,70.7
 Khangai region,20-24, Female,2009,74.8
 Khangai region,25-29,Total,2025,85.5
 Khangai region,25-29,Total,2024,85.8
 Khangai region,25-29,Total,2023,88.2
 Khangai region,25-29,Total,2022,88.2
 Khangai region,25-29,Total,2021,93.4
 Khangai region,25-29,Total,2020,89.7
 Khangai region,25-29,Total,2019,87.1
 Khangai region,25-29,Total,2018,80.9
 Khangai region,25-29,Total,2017,87.5
 Khangai region,25-29,Total,2016,91.1
 Khangai region,25-29,Total,2015,88.2
 Khangai region,25-29,Total,2014,91.5
 Khangai region,25-29,Total,2013,88.0
 Khangai region,25-29,Total,2012,88.1
 Khangai region,25-29,Total,2011,77.6
 Khangai region,25-29,Total,2010,85.8
 Khangai region,25-29,Total,2009,84.6
 Khangai region,25-29, Male,2025,94.8
 Khangai region,25-29, Male,2024,93.2
 Khangai region,25-29, Male,2023,92.9
 Khangai region,25-29, Male,2022,89.3
 Khangai region,25-29, Male,2021,99.7
 Khangai region,25-29, Male,2020,90.1
 Khangai region,25-29, Male,2019,94.2
 Khangai region,25-29, Male,2018,89.3
 Khangai region,25-29, Male,2017,93.6
 Khangai region,25-29, Male,2016,95.2
 Khangai region,25-29, Male,2015,94.3
 Khangai region,25-29, Male,2014,92.3
 Khangai region,25-29, Male,2013,90.2
 Khangai region,25-29, Male,2012,93.6
 Khangai region,25-29, Male,2011,86.2
 Khangai region,25-29, Male,2010,86.3
 Khangai region,25-29, Male,2009,87.7
 Khangai region,25-29, Female,2025,76.5
 Khangai region,25-29, Female,2024,75.5
 Khangai region,25-29, Female,2023,82.9
 Khangai region,25-29, Female,2022,86.6
 Khangai region,25-29, Female,2021,85.6
 Khangai region,25-29, Female,2020,89.3
 Khangai region,25-29, Female,2019,76.1
 Khangai region,25-29, Female,2018,72.7
 Khangai region,25-29, Female,2017,80.9
 Khangai region,25-29, Female,2016,87.3
 Khangai region,25-29, Female,2015,81.8
 Khangai region,25-29, Female,2014,90.8
 Khangai region,25-29, Female,2013,86.0
 Khangai region,25-29, Female,2012,82.3
 Khangai region,25-29, Female,2011,68.2
 Khangai region,25-29, Female,2010,85.2
 Khangai region,25-29, Female,2009,81.6
 Khangai region,30-34,Total,2025,88.6
 Khangai region,30-34,Total,2024,96.5
 Khangai region,30-34,Total,2023,90.3
 Khangai region,30-34,Total,2022,89.0
 Khangai region,30-34,Total,2021,95.5
 Khangai region,30-34,Total,2020,90.3
 Khangai region,30-34,Total,2019,91.3
 Khangai region,30-34,Total,2018,87.5
 Khangai region,30-34,Total,2017,93.2
 Khangai region,30-34,Total,2016,91.9
 Khangai region,30-34,Total,2015,93.1
 Khangai region,30-34,Total,2014,91.9
 Khangai region,30-34,Total,2013,91.7
 Khangai region,30-34,Total,2012,92.3
 Khangai region,30-34,Total,2011,85.3
 Khangai region,30-34,Total,2010,90.7
 Khangai region,30-34,Total,2009,87.7
 Khangai region,30-34, Male,2025,97.2
 Khangai region,30-34, Male,2024,100.0
 Khangai region,30-34, Male,2023,93.2
 Khangai region,30-34, Male,2022,98.0
 Khangai region,30-34, Male,2021,99.3
 Khangai region,30-34, Male,2020,95.5
 Khangai region,30-34, Male,2019,92.8
 Khangai region,30-34, Male,2018,93.0
 Khangai region,30-34, Male,2017,95.4
 Khangai region,30-34, Male,2016,94.4
 Khangai region,30-34, Male,2015,94.9
 Khangai region,30-34, Male,2014,97.6
 Khangai region,30-34, Male,2013,94.7
 Khangai region,30-34, Male,2012,96.4
 Khangai region,30-34, Male,2011,87.6
 Khangai region,30-34, Male,2010,94.2
 Khangai region,30-34, Male,2009,92.7
 Khangai region,30-34, Female,2025,80.6
 Khangai region,30-34, Female,2024,93.0
 Khangai region,30-34, Female,2023,88.2
 Khangai region,30-34, Female,2022,81.1
 Khangai region,30-34, Female,2021,92.8
 Khangai region,30-34, Female,2020,85.2
 Khangai region,30-34, Female,2019,90.3
 Khangai region,30-34, Female,2018,82.0
 Khangai region,30-34, Female,2017,91.2
 Khangai region,30-34, Female,2016,89.4
 Khangai region,30-34, Female,2015,91.6
 Khangai region,30-34, Female,2014,86.8
 Khangai region,30-34, Female,2013,88.8
 Khangai region,30-34, Female,2012,88.7
 Khangai region,30-34, Female,2011,83.5
 Khangai region,30-34, Female,2010,87.0
 Khangai region,30-34, Female,2009,82.7
 Khangai region,35-39,Total,2025,92.1
 Khangai region,35-39,Total,2024,93.3
 Khangai region,35-39,Total,2023,89.3
 Khangai region,35-39,Total,2022,88.5
 Khangai region,35-39,Total,2021,93.4
 Khangai region,35-39,Total,2020,92.5
 Khangai region,35-39,Total,2019,86.6
 Khangai region,35-39,Total,2018,93.1
 Khangai region,35-39,Total,2017,89.6
 Khangai region,35-39,Total,2016,92.6
 Khangai region,35-39,Total,2015,94.6
 Khangai region,35-39,Total,2014,96.3
 Khangai region,35-39,Total,2013,94.4
 Khangai region,35-39,Total,2012,94.6
 Khangai region,35-39,Total,2011,87.9
 Khangai region,35-39,Total,2010,88.9
 Khangai region,35-39,Total,2009,91.0
 Khangai region,35-39, Male,2025,95.4
 Khangai region,35-39, Male,2024,95.0
 Khangai region,35-39, Male,2023,91.4
 Khangai region,35-39, Male,2022,95.9
 Khangai region,35-39, Male,2021,98.3
 Khangai region,35-39, Male,2020,94.1
 Khangai region,35-39, Male,2019,91.8
 Khangai region,35-39, Male,2018,94.5
 Khangai region,35-39, Male,2017,93.3
 Khangai region,35-39, Male,2016,95.5
 Khangai region,35-39, Male,2015,94.2
 Khangai region,35-39, Male,2014,95.6
 Khangai region,35-39, Male,2013,94.5
 Khangai region,35-39, Male,2012,96.8
 Khangai region,35-39, Male,2011,89.9
 Khangai region,35-39, Male,2010,91.9
 Khangai region,35-39, Male,2009,92.8
 Khangai region,35-39, Female,2025,88.5
 Khangai region,35-39, Female,2024,91.8
 Khangai region,35-39, Female,2023,87.2
 Khangai region,35-39, Female,2022,81.6
 Khangai region,35-39, Female,2021,87.8
 Khangai region,35-39, Female,2020,91.1
 Khangai region,35-39, Female,2019,81.0
 Khangai region,35-39, Female,2018,91.6
 Khangai region,35-39, Female,2017,86.4
 Khangai region,35-39, Female,2016,89.9
 Khangai region,35-39, Female,2015,94.9
 Khangai region,35-39, Female,2014,97.0
 Khangai region,35-39, Female,2013,94.4
 Khangai region,35-39, Female,2012,92.2
 Khangai region,35-39, Female,2011,86.0
 Khangai region,35-39, Female,2010,86.1
 Khangai region,35-39, Female,2009,89.2
 Khangai region,40-44,Total,2025,95.2
 Khangai region,40-44,Total,2024,93.7
 Khangai region,40-44,Total,2023,91.2
 Khangai region,40-44,Total,2022,92.7
 Khangai region,40-44,Total,2021,92.9
 Khangai region,40-44,Total,2020,90.6
 Khangai region,40-44,Total,2019,90.8
 Khangai region,40-44,Total,2018,95.1
 Khangai region,40-44,Total,2017,92.7
 Khangai region,40-44,Total,2016,93.7
 Khangai region,40-44,Total,2015,93.8
 Khangai region,40-44,Total,2014,94.7
 Khangai region,40-44,Total,2013,93.0
 Khangai region,40-44,Total,2012,92.4
 Khangai region,40-44,Total,2011,91.5
 Khangai region,40-44,Total,2010,87.8
 Khangai region,40-44,Total,2009,91.9
 Khangai region,40-44, Male,2025,95.9
 Khangai region,40-44, Male,2024,92.7
 Khangai region,40-44, Male,2023,89.5
 Khangai region,40-44, Male,2022,95.9
 Khangai region,40-44, Male,2021,92.1
 Khangai region,40-44, Male,2020,96.7
 Khangai region,40-44, Male,2019,95.6
 Khangai region,40-44, Male,2018,95.9
 Khangai region,40-44, Male,2017,95.5
 Khangai region,40-44, Male,2016,93.7
 Khangai region,40-44, Male,2015,96.7
 Khangai region,40-44, Male,2014,96.1
 Khangai region,40-44, Male,2013,92.7
 Khangai region,40-44, Male,2012,95.6
 Khangai region,40-44, Male,2011,91.5
 Khangai region,40-44, Male,2010,90.3
 Khangai region,40-44, Male,2009,92.0
 Khangai region,40-44, Female,2025,94.5
 Khangai region,40-44, Female,2024,94.7
 Khangai region,40-44, Female,2023,92.8
 Khangai region,40-44, Female,2022,90.2
 Khangai region,40-44, Female,2021,93.5
 Khangai region,40-44, Female,2020,85.0
 Khangai region,40-44, Female,2019,85.6
 Khangai region,40-44, Female,2018,94.5
 Khangai region,40-44, Female,2017,90.4
 Khangai region,40-44, Female,2016,93.8
 Khangai region,40-44, Female,2015,91.3
 Khangai region,40-44, Female,2014,93.4
 Khangai region,40-44, Female,2013,93.4
 Khangai region,40-44, Female,2012,89.8
 Khangai region,40-44, Female,2011,91.5
 Khangai region,40-44, Female,2010,85.7
 Khangai region,40-44, Female,2009,91.8
 Khangai region,45-49,Total,2025,93.5
 Khangai region,45-49,Total,2024,92.5
 Khangai region,45-49,Total,2023,94.3
 Khangai region,45-49,Total,2022,92.0
 Khangai region,45-49,Total,2021,93.4
 Khangai region,45-49,Total,2020,92.8
 Khangai region,45-49,Total,2019,92.8
 Khangai region,45-49,Total,2018,89.5
 Khangai region,45-49,Total,2017,92.7
 Khangai region,45-49,Total,2016,92.5
 Khangai region,45-49,Total,2015,92.8
 Khangai region,45-49,Total,2014,94.1
 Khangai region,45-49,Total,2013,92.1
 Khangai region,45-49,Total,2012,88.8
 Khangai region,45-49,Total,2011,85.8
 Khangai region,45-49,Total,2010,86.3
 Khangai region,45-49,Total,2009,89.1
 Khangai region,45-49, Male,2025,96.4
 Khangai region,45-49, Male,2024,92.0
 Khangai region,45-49, Male,2023,95.7
 Khangai region,45-49, Male,2022,95.1
 Khangai region,45-49, Male,2021,96.3
 Khangai region,45-49, Male,2020,90.7
 Khangai region,45-49, Male,2019,93.1
 Khangai region,45-49, Male,2018,89.5
 Khangai region,45-49, Male,2017,93.0
 Khangai region,45-49, Male,2016,95.5
 Khangai region,45-49, Male,2015,95.4
 Khangai region,45-49, Male,2014,95.4
 Khangai region,45-49, Male,2013,94.6
 Khangai region,45-49, Male,2012,91.0
 Khangai region,45-49, Male,2011,89.7
 Khangai region,45-49, Male,2010,89.0
 Khangai region,45-49, Male,2009,86.4
 Khangai region,45-49, Female,2025,90.8
 Khangai region,45-49, Female,2024,93.0
 Khangai region,45-49, Female,2023,93.0
 Khangai region,45-49, Female,2022,89.4
 Khangai region,45-49, Female,2021,90.1
 Khangai region,45-49, Female,2020,95.2
 Khangai region,45-49, Female,2019,92.5
 Khangai region,45-49, Female,2018,89.6
 Khangai region,45-49, Female,2017,92.4
 Khangai region,45-49, Female,2016,89.5
 Khangai region,45-49, Female,2015,90.1
 Khangai region,45-49, Female,2014,92.9
 Khangai region,45-49, Female,2013,89.9
 Khangai region,45-49, Female,2012,86.4
 Khangai region,45-49, Female,2011,82.2
 Khangai region,45-49, Female,2010,83.3
 Khangai region,45-49, Female,2009,92.1
 Khangai region,50-54,Total,2025,91.9
 Khangai region,50-54,Total,2024,88.3
 Khangai region,50-54,Total,2023,85.1
 Khangai region,50-54,Total,2022,80.0
 Khangai region,50-54,Total,2021,85.9
 Khangai region,50-54,Total,2020,81.5
 Khangai region,50-54,Total,2019,77.4
 Khangai region,50-54,Total,2018,84.3
 Khangai region,50-54,Total,2017,85.0
 Khangai region,50-54,Total,2016,85.5
 Khangai region,50-54,Total,2015,81.4
 Khangai region,50-54,Total,2014,83.3
 Khangai region,50-54,Total,2013,81.2
 Khangai region,50-54,Total,2012,78.4
 Khangai region,50-54,Total,2011,78.4
 Khangai region,50-54,Total,2010,80.0
 Khangai region,50-54,Total,2009,87.4
 Khangai region,50-54, Male,2025,96.5
 Khangai region,50-54, Male,2024,92.8
 Khangai region,50-54, Male,2023,83.3
 Khangai region,50-54, Male,2022,86.0
 Khangai region,50-54, Male,2021,88.2
 Khangai region,50-54, Male,2020,87.9
 Khangai region,50-54, Male,2019,83.3
 Khangai region,50-54, Male,2018,89.2
 Khangai region,50-54, Male,2017,90.8
 Khangai region,50-54, Male,2016,91.8
 Khangai region,50-54, Male,2015,88.5
 Khangai region,50-54, Male,2014,86.9
 Khangai region,50-54, Male,2013,84.5
 Khangai region,50-54, Male,2012,82.0
 Khangai region,50-54, Male,2011,84.1
 Khangai region,50-54, Male,2010,87.6
 Khangai region,50-54, Male,2009,92.5
 Khangai region,50-54, Female,2025,87.3
 Khangai region,50-54, Female,2024,84.7
 Khangai region,50-54, Female,2023,86.6
 Khangai region,50-54, Female,2022,74.7
 Khangai region,50-54, Female,2021,84.4
 Khangai region,50-54, Female,2020,75.9
 Khangai region,50-54, Female,2019,72.0
 Khangai region,50-54, Female,2018,79.8
 Khangai region,50-54, Female,2017,79.3
 Khangai region,50-54, Female,2016,78.4
 Khangai region,50-54, Female,2015,74.4
 Khangai region,50-54, Female,2014,79.3
 Khangai region,50-54, Female,2013,78.3
 Khangai region,50-54, Female,2012,75.3
 Khangai region,50-54, Female,2011,73.0
 Khangai region,50-54, Female,2010,71.6
 Khangai region,50-54, Female,2009,82.7
 Khangai region,55-59,Total,2025,65.8
 Khangai region,55-59,Total,2024,65.9
 Khangai region,55-59,Total,2023,62.2
 Khangai region,55-59,Total,2022,56.1
 Khangai region,55-59,Total,2021,53.0
 Khangai region,55-59,Total,2020,50.7
 Khangai region,55-59,Total,2019,58.8
 Khangai region,55-59,Total,2018,63.7
 Khangai region,55-59,Total,2017,59.7
 Khangai region,55-59,Total,2016,65.2
 Khangai region,55-59,Total,2015,59.4
 Khangai region,55-59,Total,2014,64.7
 Khangai region,55-59,Total,2013,61.4
 Khangai region,55-59,Total,2012,66.9
 Khangai region,55-59,Total,2011,63.6
 Khangai region,55-59,Total,2010,64.3
 Khangai region,55-59,Total,2009,61.8
 Khangai region,55-59, Male,2025,85.4
 Khangai region,55-59, Male,2024,82.3
 Khangai region,55-59, Male,2023,71.1
 Khangai region,55-59, Male,2022,82.2
 Khangai region,55-59, Male,2021,82.3
 Khangai region,55-59, Male,2020,74.0
 Khangai region,55-59, Male,2019,74.1
 Khangai region,55-59, Male,2018,82.0
 Khangai region,55-59, Male,2017,74.1
 Khangai region,55-59, Male,2016,81.5
 Khangai region,55-59, Male,2015,75.8
 Khangai region,55-59, Male,2014,79.3
 Khangai region,55-59, Male,2013,78.7
 Khangai region,55-59, Male,2012,81.8
 Khangai region,55-59, Male,2011,77.8
 Khangai region,55-59, Male,2010,77.6
 Khangai region,55-59, Male,2009,70.5
 Khangai region,55-59, Female,2025,50.4
 Khangai region,55-59, Female,2024,50.0
 Khangai region,55-59, Female,2023,55.2
 Khangai region,55-59, Female,2022,33.8
 Khangai region,55-59, Female,2021,31.3
 Khangai region,55-59, Female,2020,32.9
 Khangai region,55-59, Female,2019,48.0
 Khangai region,55-59, Female,2018,45.9
 Khangai region,55-59, Female,2017,48.1
 Khangai region,55-59, Female,2016,54.2
 Khangai region,55-59, Female,2015,47.6
 Khangai region,55-59, Female,2014,52.0
 Khangai region,55-59, Female,2013,48.1
 Khangai region,55-59, Female,2012,57.5
 Khangai region,55-59, Female,2011,49.8
 Khangai region,55-59, Female,2010,52.1
 Khangai region,55-59, Female,2009,53.2
 Khangai region,60-64,Total,2025,44.3
 Khangai region,60-64,Total,2024,39.0
 Khangai region,60-64,Total,2023,36.7
 Khangai region,60-64,Total,2022,47.2
 Khangai region,60-64,Total,2021,28.2
 Khangai region,60-64,Total,2020,28.2
 Khangai region,60-64,Total,2019,38.5
 Khangai region,60-64,Total,2018,34.1
 Khangai region,60-64,Total,2017,35.6
 Khangai region,60-64,Total,2016,46.1
 Khangai region,60-64,Total,2015,39.0
 Khangai region,60-64,Total,2014,29.6
 Khangai region,60-64,Total,2013,46.5
 Khangai region,60-64,Total,2012,40.5
 Khangai region,60-64,Total,2011,29.4
 Khangai region,60-64,Total,2010,39.2
 Khangai region,60-64,Total,2009,40.2
 Khangai region,60-64, Male,2025,46.2
 Khangai region,60-64, Male,2024,46.3
 Khangai region,60-64, Male,2023,48.0
 Khangai region,60-64, Male,2022,39.9
 Khangai region,60-64, Male,2021,25.8
 Khangai region,60-64, Male,2020,31.8
 Khangai region,60-64, Male,2019,48.4
 Khangai region,60-64, Male,2018,45.7
 Khangai region,60-64, Male,2017,38.0
 Khangai region,60-64, Male,2016,53.2
 Khangai region,60-64, Male,2015,46.9
 Khangai region,60-64, Male,2014,36.2
 Khangai region,60-64, Male,2013,51.3
 Khangai region,60-64, Male,2012,52.6
 Khangai region,60-64, Male,2011,32.0
 Khangai region,60-64, Male,2010,45.1
 Khangai region,60-64, Male,2009,41.2
 Khangai region,60-64, Female,2025,42.5
 Khangai region,60-64, Female,2024,33.2
 Khangai region,60-64, Female,2023,29.6
 Khangai region,60-64, Female,2022,53.1
 Khangai region,60-64, Female,2021,30.2
 Khangai region,60-64, Female,2020,25.9
 Khangai region,60-64, Female,2019,29.2
 Khangai region,60-64, Female,2018,26.1
 Khangai region,60-64, Female,2017,33.1
 Khangai region,60-64, Female,2016,37.5
 Khangai region,60-64, Female,2015,32.7
 Khangai region,60-64, Female,2014,23.3
 Khangai region,60-64, Female,2013,40.1
 Khangai region,60-64, Female,2012,27.7
 Khangai region,60-64, Female,2011,27.3
 Khangai region,60-64, Female,2010,33.9
 Khangai region,60-64, Female,2009,39.5
 Khangai region,65-69,Total,2025,29.8
 Khangai region,65-69,Total,2024,30.2
 Khangai region,65-69,Total,2023,27.2
 Khangai region,65-69,Total,2022,30.6
 Khangai region,65-69,Total,2021,24.0
 Khangai region,65-69,Total,2020,32.7
 Khangai region,65-69,Total,2019,26.1
 Khangai region,65-69,Total,2018,21.0
 Khangai region,65-69,Total,2017,32.0
 Khangai region,65-69,Total,2016,33.9
 Khangai region,65-69,Total,2015,31.4
 Khangai region,65-69,Total,2014,34.8
 Khangai region,65-69,Total,2013,44.6
 Khangai region,65-69,Total,2012,14.7
 Khangai region,65-69,Total,2011,13.6
 Khangai region,65-69,Total,2010,30.2
 Khangai region,65-69,Total,2009,29.6
 Khangai region,65-69, Male,2025,29.7
 Khangai region,65-69, Male,2024,31.7
 Khangai region,65-69, Male,2023,40.7
 Khangai region,65-69, Male,2022,45.6
 Khangai region,65-69, Male,2021,27.5
 Khangai region,65-69, Male,2020,32.0
 Khangai region,65-69, Male,2019,38.6
 Khangai region,65-69, Male,2018,20.6
 Khangai region,65-69, Male,2017,36.8
 Khangai region,65-69, Male,2016,30.1
 Khangai region,65-69, Male,2015,30.1
 Khangai region,65-69, Male,2014,34.2
 Khangai region,65-69, Male,2013,39.3
 Khangai region,65-69, Male,2012,13.5
 Khangai region,65-69, Male,2011,17.6
 Khangai region,65-69, Male,2010,35.6
 Khangai region,65-69, Male,2009,40.6
 Khangai region,65-69, Female,2025,29.8
 Khangai region,65-69, Female,2024,29.1
 Khangai region,65-69, Female,2023,17.6
 Khangai region,65-69, Female,2022,10.6
 Khangai region,65-69, Female,2021,19.7
 Khangai region,65-69, Female,2020,33.2
 Khangai region,65-69, Female,2019,3.9
 Khangai region,65-69, Female,2018,21.3
 Khangai region,65-69, Female,2017,28.8
 Khangai region,65-69, Female,2016,37.0
 Khangai region,65-69, Female,2015,32.4
 Khangai region,65-69, Female,2014,35.4
 Khangai region,65-69, Female,2013,48.6
 Khangai region,65-69, Female,2012,15.6
 Khangai region,65-69, Female,2011,10.3
 Khangai region,65-69, Female,2010,24.1
 Khangai region,65-69, Female,2009,15.4
 Khangai region,70+,Total,2025,16.7
 Khangai region,70+,Total,2024,10.4
 Khangai region,70+,Total,2023,13.8
 Khangai region,70+,Total,2022,4.9
 Khangai region,70+,Total,2021,10.5
 Khangai region,70+,Total,2020,4.6
 Khangai region,70+,Total,2019,2.6
 Khangai region,70+,Total,2018,10.2
 Khangai region,70+,Total,2017,11.5
 Khangai region,70+,Total,2016,17.5
 Khangai region,70+,Total,2015,17.2
 Khangai region,70+,Total,2014,14.5
 Khangai region,70+,Total,2013,15.0
 Khangai region,70+,Total,2012,14.9
 Khangai region,70+,Total,2011,14.3
 Khangai region,70+,Total,2010,19.9
 Khangai region,70+,Total,2009,6.9
 Khangai region,70+, Male,2025,22.1
 Khangai region,70+, Male,2024,21.9
 Khangai region,70+, Male,2023,17.7
 Khangai region,70+, Male,2022,11.2
 Khangai region,70+, Male,2021,11.8
 Khangai region,70+, Male,2020,4.4
 Khangai region,70+, Male,2019,5.0
 Khangai region,70+, Male,2018,13.3
 Khangai region,70+, Male,2017,13.5
 Khangai region,70+, Male,2016,27.0
 Khangai region,70+, Male,2015,20.7
 Khangai region,70+, Male,2014,25.1
 Khangai region,70+, Male,2013,27.3
 Khangai region,70+, Male,2012,19.7
 Khangai region,70+, Male,2011,23.4
 Khangai region,70+, Male,2010,25.3
 Khangai region,70+, Male,2009,7.8
 Khangai region,70+, Female,2025,13.9
 Khangai region,70+, Female,2024,6.0
 Khangai region,70+, Female,2023,10.3
 Khangai region,70+, Female,2022,1.3
 Khangai region,70+, Female,2021,9.9
 Khangai region,70+, Female,2020,4.8
 Khangai region,70+, Female,2019,0.0
 Khangai region,70+, Female,2018,7.9
 Khangai region,70+, Female,2017,9.3
 Khangai region,70+, Female,2016,11.5
 Khangai region,70+, Female,2015,14.1
 Khangai region,70+, Female,2014,7.3
 Khangai region,70+, Female,2013,7.4
 Khangai region,70+, Female,2012,10.2
 Khangai region,70+, Female,2011,7.2
 Khangai region,70+, Female,2010,15.5
 Khangai region,70+, Female,2009,6.2
 Arkhangai,Total,Total,2025,68.0
 Arkhangai,Total,Total,2024,63.7
 Arkhangai,Total,Total,2023,70.8
 Arkhangai,Total,Total,2022,76.6
 Arkhangai,Total,Total,2021,72.4
 Arkhangai,Total,Total,2020,72.0
 Arkhangai,Total,Total,2019,78.9
 Arkhangai,Total,Total,2018,77.8
 Arkhangai,Total,Total,2017,75.5
 Arkhangai,Total,Total,2016,76.0
 Arkhangai,Total,Total,2015,71.8
 Arkhangai,Total,Total,2014,77.8
 Arkhangai,Total,Total,2013,78.2
 Arkhangai,Total,Total,2012,81.4
 Arkhangai,Total,Total,2011,80.7
 Arkhangai,Total,Total,2010,78.6
 Arkhangai,Total,Total,2009,76.8
 Arkhangai,Total, Male,2025,75.6
 Arkhangai,Total, Male,2024,70.4
 Arkhangai,Total, Male,2023,72.4
 Arkhangai,Total, Male,2022,82.2
 Arkhangai,Total, Male,2021,78.3
 Arkhangai,Total, Male,2020,75.4
 Arkhangai,Total, Male,2019,84.7
 Arkhangai,Total, Male,2018,81.1
 Arkhangai,Total, Male,2017,77.0
 Arkhangai,Total, Male,2016,80.0
 Arkhangai,Total, Male,2015,74.0
 Arkhangai,Total, Male,2014,79.4
 Arkhangai,Total, Male,2013,79.8
 Arkhangai,Total, Male,2012,84.1
 Arkhangai,Total, Male,2011,84.8
 Arkhangai,Total, Male,2010,81.8
 Arkhangai,Total, Male,2009,78.5
 Arkhangai,Total, Female,2025,60.8
 Arkhangai,Total, Female,2024,57.2
 Arkhangai,Total, Female,2023,69.2
 Arkhangai,Total, Female,2022,71.4
 Arkhangai,Total, Female,2021,66.8
 Arkhangai,Total, Female,2020,68.8
 Arkhangai,Total, Female,2019,72.4
 Arkhangai,Total, Female,2018,74.4
 Arkhangai,Total, Female,2017,74.0
 Arkhangai,Total, Female,2016,72.0
 Arkhangai,Total, Female,2015,69.6
 Arkhangai,Total, Female,2014,76.2
 Arkhangai,Total, Female,2013,76.5
 Arkhangai,Total, Female,2012,78.9
 Arkhangai,Total, Female,2011,76.9
 Arkhangai,Total, Female,2010,75.4
 Arkhangai,Total, Female,2009,74.9
 Arkhangai,15-19,Total,2025,6.6
 Arkhangai,15-19,Total,2024,9.6
 Arkhangai,15-19,Total,2023,10.2
 Arkhangai,15-19,Total,2022,34.4
 Arkhangai,15-19,Total,2021,14.3
 Arkhangai,15-19,Total,2020,7.8
 Arkhangai,15-19,Total,2019,28.1
 Arkhangai,15-19,Total,2018,21.0
 Arkhangai,15-19,Total,2017,19.8
 Arkhangai,15-19,Total,2016,9.9
 Arkhangai,15-19,Total,2015,8.4
 Arkhangai,15-19,Total,2014,26.5
 Arkhangai,15-19,Total,2013,43.2
 Arkhangai,15-19,Total,2012,67.2
 Arkhangai,15-19,Total,2011,48.0
 Arkhangai,15-19,Total,2010,39.3
 Arkhangai,15-19,Total,2009,41.3
 Arkhangai,15-19, Male,2025,11.8
 Arkhangai,15-19, Male,2024,17.8
 Arkhangai,15-19, Male,2023,10.8
 Arkhangai,15-19, Male,2022,34.7
 Arkhangai,15-19, Male,2021,18.0
 Arkhangai,15-19, Male,2020,3.3
 Arkhangai,15-19, Male,2019,34.1
 Arkhangai,15-19, Male,2018,29.8
 Arkhangai,15-19, Male,2017,26.9
 Arkhangai,15-19, Male,2016,10.1
 Arkhangai,15-19, Male,2015,10.7
 Arkhangai,15-19, Male,2014,34.3
 Arkhangai,15-19, Male,2013,45.9
 Arkhangai,15-19, Male,2012,63.7
 Arkhangai,15-19, Male,2011,55.6
 Arkhangai,15-19, Male,2010,45.2
 Arkhangai,15-19, Male,2009,51.4
 Arkhangai,15-19, Female,2025,2.4
 Arkhangai,15-19, Female,2024,0.0
 Arkhangai,15-19, Female,2023,9.0
 Arkhangai,15-19, Female,2022,33.9
 Arkhangai,15-19, Female,2021,11.3
 Arkhangai,15-19, Female,2020,12.5
 Arkhangai,15-19, Female,2019,16.9
 Arkhangai,15-19, Female,2018,5.4
 Arkhangai,15-19, Female,2017,11.1
 Arkhangai,15-19, Female,2016,9.5
 Arkhangai,15-19, Female,2015,5.1
 Arkhangai,15-19, Female,2014,19.3
 Arkhangai,15-19, Female,2013,39.6
 Arkhangai,15-19, Female,2012,70.2
 Arkhangai,15-19, Female,2011,40.3
 Arkhangai,15-19, Female,2010,31.3
 Arkhangai,15-19, Female,2009,24.2
 Arkhangai,20-24,Total,2025,78.6
 Arkhangai,20-24,Total,2024,97.2
 Arkhangai,20-24,Total,2023,85.7
 Arkhangai,20-24,Total,2022,81.4
 Arkhangai,20-24,Total,2021,70.8
 Arkhangai,20-24,Total,2020,79.4
 Arkhangai,20-24,Total,2019,92.6
 Arkhangai,20-24,Total,2018,79.1
 Arkhangai,20-24,Total,2017,81.1
 Arkhangai,20-24,Total,2016,88.4
 Arkhangai,20-24,Total,2015,62.8
 Arkhangai,20-24,Total,2014,86.7
 Arkhangai,20-24,Total,2013,74.9
 Arkhangai,20-24,Total,2012,84.8
 Arkhangai,20-24,Total,2011,80.3
 Arkhangai,20-24,Total,2010,80.7
 Arkhangai,20-24,Total,2009,74.8
 Arkhangai,20-24, Male,2025,79.0
 Arkhangai,20-24, Male,2024,100.0
 Arkhangai,20-24, Male,2023,100.0
 Arkhangai,20-24, Male,2022,97.9
 Arkhangai,20-24, Male,2021,87.5
 Arkhangai,20-24, Male,2020,81.8
 Arkhangai,20-24, Male,2019,95.3
 Arkhangai,20-24, Male,2018,91.7
 Arkhangai,20-24, Male,2017,81.3
 Arkhangai,20-24, Male,2016,94.6
 Arkhangai,20-24, Male,2015,67.0
 Arkhangai,20-24, Male,2014,88.7
 Arkhangai,20-24, Male,2013,77.2
 Arkhangai,20-24, Male,2012,94.7
 Arkhangai,20-24, Male,2011,87.8
 Arkhangai,20-24, Male,2010,81.1
 Arkhangai,20-24, Male,2009,73.3
 Arkhangai,20-24, Female,2025,78.1
 Arkhangai,20-24, Female,2024,95.1
 Arkhangai,20-24, Female,2023,65.1
 Arkhangai,20-24, Female,2022,61.5
 Arkhangai,20-24, Female,2021,51.4
 Arkhangai,20-24, Female,2020,76.3
 Arkhangai,20-24, Female,2019,86.0
 Arkhangai,20-24, Female,2018,58.8
 Arkhangai,20-24, Female,2017,80.8
 Arkhangai,20-24, Female,2016,75.2
 Arkhangai,20-24, Female,2015,58.0
 Arkhangai,20-24, Female,2014,84.4
 Arkhangai,20-24, Female,2013,71.9
 Arkhangai,20-24, Female,2012,76.5
 Arkhangai,20-24, Female,2011,73.1
 Arkhangai,20-24, Female,2010,80.3
 Arkhangai,20-24, Female,2009,76.6
 Arkhangai,25-29,Total,2025,75.4
 Arkhangai,25-29,Total,2024,81.1
 Arkhangai,25-29,Total,2023,95.3
 Arkhangai,25-29,Total,2022,85.1
 Arkhangai,25-29,Total,2021,98.4
 Arkhangai,25-29,Total,2020,99.4
 Arkhangai,25-29,Total,2019,95.7
 Arkhangai,25-29,Total,2018,89.9
 Arkhangai,25-29,Total,2017,94.5
 Arkhangai,25-29,Total,2016,94.5
 Arkhangai,25-29,Total,2015,91.0
 Arkhangai,25-29,Total,2014,93.9
 Arkhangai,25-29,Total,2013,91.7
 Arkhangai,25-29,Total,2012,91.6
 Arkhangai,25-29,Total,2011,94.4
 Arkhangai,25-29,Total,2010,92.9
 Arkhangai,25-29,Total,2009,92.8
 Arkhangai,25-29, Male,2025,93.7
 Arkhangai,25-29, Male,2024,83.5
 Arkhangai,25-29, Male,2023,99.5
 Arkhangai,25-29, Male,2022,88.4
 Arkhangai,25-29, Male,2021,98.7
 Arkhangai,25-29, Male,2020,100.0
 Arkhangai,25-29, Male,2019,100.0
 Arkhangai,25-29, Male,2018,93.5
 Arkhangai,25-29, Male,2017,98.0
 Arkhangai,25-29, Male,2016,98.2
 Arkhangai,25-29, Male,2015,97.2
 Arkhangai,25-29, Male,2014,92.2
 Arkhangai,25-29, Male,2013,93.0
 Arkhangai,25-29, Male,2012,92.5
 Arkhangai,25-29, Male,2011,94.3
 Arkhangai,25-29, Male,2010,96.2
 Arkhangai,25-29, Male,2009,96.7
 Arkhangai,25-29, Female,2025,53.6
 Arkhangai,25-29, Female,2024,72.0
 Arkhangai,25-29, Female,2023,89.5
 Arkhangai,25-29, Female,2022,80.4
 Arkhangai,25-29, Female,2021,98.0
 Arkhangai,25-29, Female,2020,98.8
 Arkhangai,25-29, Female,2019,89.7
 Arkhangai,25-29, Female,2018,86.1
 Arkhangai,25-29, Female,2017,90.6
 Arkhangai,25-29, Female,2016,90.2
 Arkhangai,25-29, Female,2015,85.3
 Arkhangai,25-29, Female,2014,95.2
 Arkhangai,25-29, Female,2013,90.5
 Arkhangai,25-29, Female,2012,90.6
 Arkhangai,25-29, Female,2011,94.5
 Arkhangai,25-29, Female,2010,89.5
 Arkhangai,25-29, Female,2009,88.4
 Arkhangai,30-34,Total,2025,88.4
 Arkhangai,30-34,Total,2024,98.8
 Arkhangai,30-34,Total,2023,95.5
 Arkhangai,30-34,Total,2022,95.7
 Arkhangai,30-34,Total,2021,97.0
 Arkhangai,30-34,Total,2020,94.0
 Arkhangai,30-34,Total,2019,88.3
 Arkhangai,30-34,Total,2018,95.7
 Arkhangai,30-34,Total,2017,95.1
 Arkhangai,30-34,Total,2016,95.5
 Arkhangai,30-34,Total,2015,100.0
 Arkhangai,30-34,Total,2014,95.6
 Arkhangai,30-34,Total,2013,100.0
 Arkhangai,30-34,Total,2012,96.0
 Arkhangai,30-34,Total,2011,97.9
 Arkhangai,30-34,Total,2010,96.1
 Arkhangai,30-34,Total,2009,95.2
 Arkhangai,30-34, Male,2025,100.0
 Arkhangai,30-34, Male,2024,100.0
 Arkhangai,30-34, Male,2023,100.0
 Arkhangai,30-34, Male,2022,98.8
 Arkhangai,30-34, Male,2021,100.0
 Arkhangai,30-34, Male,2020,100.0
 Arkhangai,30-34, Male,2019,95.5
 Arkhangai,30-34, Male,2018,100.0
 Arkhangai,30-34, Male,2017,93.5
 Arkhangai,30-34, Male,2016,98.1
 Arkhangai,30-34, Male,2015,100.0
 Arkhangai,30-34, Male,2014,96.5
 Arkhangai,30-34, Male,2013,100.0
 Arkhangai,30-34, Male,2012,98.2
 Arkhangai,30-34, Male,2011,95.2
 Arkhangai,30-34, Male,2010,96.2
 Arkhangai,30-34, Male,2009,93.6
 Arkhangai,30-34, Female,2025,78.2
 Arkhangai,30-34, Female,2024,97.7
 Arkhangai,30-34, Female,2023,93.0
 Arkhangai,30-34, Female,2022,92.7
 Arkhangai,30-34, Female,2021,94.8
 Arkhangai,30-34, Female,2020,89.0
 Arkhangai,30-34, Female,2019,82.4
 Arkhangai,30-34, Female,2018,91.7
 Arkhangai,30-34, Female,2017,96.4
 Arkhangai,30-34, Female,2016,93.3
 Arkhangai,30-34, Female,2015,100.0
 Arkhangai,30-34, Female,2014,94.7
 Arkhangai,30-34, Female,2013,100.0
 Arkhangai,30-34, Female,2012,93.9
 Arkhangai,30-34, Female,2011,100.0
 Arkhangai,30-34, Female,2010,95.9
 Arkhangai,30-34, Female,2009,96.7
 Arkhangai,35-39,Total,2025,94.5
 Arkhangai,35-39,Total,2024,89.9
 Arkhangai,35-39,Total,2023,91.1
 Arkhangai,35-39,Total,2022,93.2
 Arkhangai,35-39,Total,2021,97.0
 Arkhangai,35-39,Total,2020,94.0
 Arkhangai,35-39,Total,2019,90.1
 Arkhangai,35-39,Total,2018,96.0
 Arkhangai,35-39,Total,2017,94.9
 Arkhangai,35-39,Total,2016,93.3
 Arkhangai,35-39,Total,2015,96.8
 Arkhangai,35-39,Total,2014,97.4
 Arkhangai,35-39,Total,2013,94.5
 Arkhangai,35-39,Total,2012,96.0
 Arkhangai,35-39,Total,2011,96.5
 Arkhangai,35-39,Total,2010,96.6
 Arkhangai,35-39,Total,2009,96.0
 Arkhangai,35-39, Male,2025,99.3
 Arkhangai,35-39, Male,2024,94.7
 Arkhangai,35-39, Male,2023,87.3
 Arkhangai,35-39, Male,2022,96.8
 Arkhangai,35-39, Male,2021,94.5
 Arkhangai,35-39, Male,2020,96.1
 Arkhangai,35-39, Male,2019,95.9
 Arkhangai,35-39, Male,2018,97.1
 Arkhangai,35-39, Male,2017,95.5
 Arkhangai,35-39, Male,2016,95.9
 Arkhangai,35-39, Male,2015,100.0
 Arkhangai,35-39, Male,2014,94.9
 Arkhangai,35-39, Male,2013,96.8
 Arkhangai,35-39, Male,2012,100.0
 Arkhangai,35-39, Male,2011,98.0
 Arkhangai,35-39, Male,2010,95.7
 Arkhangai,35-39, Male,2009,92.8
 Arkhangai,35-39, Female,2025,88.2
 Arkhangai,35-39, Female,2024,86.6
 Arkhangai,35-39, Female,2023,95.0
 Arkhangai,35-39, Female,2022,90.5
 Arkhangai,35-39, Female,2021,100.0
 Arkhangai,35-39, Female,2020,91.6
 Arkhangai,35-39, Female,2019,85.4
 Arkhangai,35-39, Female,2018,94.8
 Arkhangai,35-39, Female,2017,94.4
 Arkhangai,35-39, Female,2016,90.2
 Arkhangai,35-39, Female,2015,94.0
 Arkhangai,35-39, Female,2014,100.0
 Arkhangai,35-39, Female,2013,92.8
 Arkhangai,35-39, Female,2012,91.9
 Arkhangai,35-39, Female,2011,95.0
 Arkhangai,35-39, Female,2010,97.7
 Arkhangai,35-39, Female,2009,100.0
 Arkhangai,40-44,Total,2025,96.1
 Arkhangai,40-44,Total,2024,92.3
 Arkhangai,40-44,Total,2023,94.4
 Arkhangai,40-44,Total,2022,96.4
 Arkhangai,40-44,Total,2021,89.4
 Arkhangai,40-44,Total,2020,95.5
 Arkhangai,40-44,Total,2019,96.9
 Arkhangai,40-44,Total,2018,92.5
 Arkhangai,40-44,Total,2017,96.6
 Arkhangai,40-44,Total,2016,96.3
 Arkhangai,40-44,Total,2015,96.6
 Arkhangai,40-44,Total,2014,96.0
 Arkhangai,40-44,Total,2013,98.0
 Arkhangai,40-44,Total,2012,94.6
 Arkhangai,40-44,Total,2011,100.0
 Arkhangai,40-44,Total,2010,97.8
 Arkhangai,40-44,Total,2009,98.3
 Arkhangai,40-44, Male,2025,94.8
 Arkhangai,40-44, Male,2024,90.2
 Arkhangai,40-44, Male,2023,90.2
 Arkhangai,40-44, Male,2022,100.0
 Arkhangai,40-44, Male,2021,92.2
 Arkhangai,40-44, Male,2020,100.0
 Arkhangai,40-44, Male,2019,100.0
 Arkhangai,40-44, Male,2018,93.3
 Arkhangai,40-44, Male,2017,100.0
 Arkhangai,40-44, Male,2016,96.6
 Arkhangai,40-44, Male,2015,98.3
 Arkhangai,40-44, Male,2014,93.9
 Arkhangai,40-44, Male,2013,97.2
 Arkhangai,40-44, Male,2012,96.4
 Arkhangai,40-44, Male,2011,100.0
 Arkhangai,40-44, Male,2010,98.3
 Arkhangai,40-44, Male,2009,100.0
 Arkhangai,40-44, Female,2025,97.2
 Arkhangai,40-44, Female,2024,94.2
 Arkhangai,40-44, Female,2023,100.0
 Arkhangai,40-44, Female,2022,93.0
 Arkhangai,40-44, Female,2021,87.5
 Arkhangai,40-44, Female,2020,92.5
 Arkhangai,40-44, Female,2019,93.0
 Arkhangai,40-44, Female,2018,91.9
 Arkhangai,40-44, Female,2017,93.6
 Arkhangai,40-44, Female,2016,96.0
 Arkhangai,40-44, Female,2015,95.2
 Arkhangai,40-44, Female,2014,98.2
 Arkhangai,40-44, Female,2013,98.9
 Arkhangai,40-44, Female,2012,93.0
 Arkhangai,40-44, Female,2011,100.0
 Arkhangai,40-44, Female,2010,97.4
 Arkhangai,40-44, Female,2009,97.4
 Arkhangai,45-49,Total,2025,95.4
 Arkhangai,45-49,Total,2024,90.6
 Arkhangai,45-49,Total,2023,98.4
 Arkhangai,45-49,Total,2022,95.6
 Arkhangai,45-49,Total,2021,90.8
 Arkhangai,45-49,Total,2020,95.3
 Arkhangai,45-49,Total,2019,96.3
 Arkhangai,45-49,Total,2018,97.8
 Arkhangai,45-49,Total,2017,89.0
 Arkhangai,45-49,Total,2016,97.1
 Arkhangai,45-49,Total,2015,95.3
 Arkhangai,45-49,Total,2014,95.8
 Arkhangai,45-49,Total,2013,98.3
 Arkhangai,45-49,Total,2012,95.1
 Arkhangai,45-49,Total,2011,92.7
 Arkhangai,45-49,Total,2010,96.7
 Arkhangai,45-49,Total,2009,97.3
 Arkhangai,45-49, Male,2025,98.9
 Arkhangai,45-49, Male,2024,94.2
 Arkhangai,45-49, Male,2023,96.5
 Arkhangai,45-49, Male,2022,98.3
 Arkhangai,45-49, Male,2021,96.4
 Arkhangai,45-49, Male,2020,97.1
 Arkhangai,45-49, Male,2019,100.0
 Arkhangai,45-49, Male,2018,98.4
 Arkhangai,45-49, Male,2017,88.9
 Arkhangai,45-49, Male,2016,97.0
 Arkhangai,45-49, Male,2015,95.6
 Arkhangai,45-49, Male,2014,94.3
 Arkhangai,45-49, Male,2013,98.3
 Arkhangai,45-49, Male,2012,93.2
 Arkhangai,45-49, Male,2011,95.5
 Arkhangai,45-49, Male,2010,98.6
 Arkhangai,45-49, Male,2009,96.0
 Arkhangai,45-49, Female,2025,91.1
 Arkhangai,45-49, Female,2024,86.2
 Arkhangai,45-49, Female,2023,100.0
 Arkhangai,45-49, Female,2022,93.1
 Arkhangai,45-49, Female,2021,83.0
 Arkhangai,45-49, Female,2020,93.5
 Arkhangai,45-49, Female,2019,93.1
 Arkhangai,45-49, Female,2018,97.3
 Arkhangai,45-49, Female,2017,89.1
 Arkhangai,45-49, Female,2016,97.2
 Arkhangai,45-49, Female,2015,94.9
 Arkhangai,45-49, Female,2014,97.0
 Arkhangai,45-49, Female,2013,98.3
 Arkhangai,45-49, Female,2012,97.1
 Arkhangai,45-49, Female,2011,89.9
 Arkhangai,45-49, Female,2010,94.5
 Arkhangai,45-49, Female,2009,100.0
 Arkhangai,50-54,Total,2025,94.8
 Arkhangai,50-54,Total,2024,76.0
 Arkhangai,50-54,Total,2023,88.1
 Arkhangai,50-54,Total,2022,85.6
 Arkhangai,50-54,Total,2021,97.6
 Arkhangai,50-54,Total,2020,85.5
 Arkhangai,50-54,Total,2019,73.4
 Arkhangai,50-54,Total,2018,86.6
 Arkhangai,50-54,Total,2017,88.4
 Arkhangai,50-54,Total,2016,90.8
 Arkhangai,50-54,Total,2015,85.7
 Arkhangai,50-54,Total,2014,86.1
 Arkhangai,50-54,Total,2013,88.8
 Arkhangai,50-54,Total,2012,81.4
 Arkhangai,50-54,Total,2011,91.5
 Arkhangai,50-54,Total,2010,86.0
 Arkhangai,50-54,Total,2009,88.7
 Arkhangai,50-54, Male,2025,100.0
 Arkhangai,50-54, Male,2024,93.0
 Arkhangai,50-54, Male,2023,87.7
 Arkhangai,50-54, Male,2022,98.4
 Arkhangai,50-54, Male,2021,98.5
 Arkhangai,50-54, Male,2020,92.0
 Arkhangai,50-54, Male,2019,79.1
 Arkhangai,50-54, Male,2018,88.2
 Arkhangai,50-54, Male,2017,91.8
 Arkhangai,50-54, Male,2016,98.1
 Arkhangai,50-54, Male,2015,89.1
 Arkhangai,50-54, Male,2014,87.5
 Arkhangai,50-54, Male,2013,92.8
 Arkhangai,50-54, Male,2012,80.3
 Arkhangai,50-54, Male,2011,91.2
 Arkhangai,50-54, Male,2010,97.4
 Arkhangai,50-54, Male,2009,94.7
 Arkhangai,50-54, Female,2025,90.9
 Arkhangai,50-54, Female,2024,63.6
 Arkhangai,50-54, Female,2023,88.3
 Arkhangai,50-54, Female,2022,79.2
 Arkhangai,50-54, Female,2021,96.9
 Arkhangai,50-54, Female,2020,79.5
 Arkhangai,50-54, Female,2019,65.8
 Arkhangai,50-54, Female,2018,84.8
 Arkhangai,50-54, Female,2017,85.6
 Arkhangai,50-54, Female,2016,83.2
 Arkhangai,50-54, Female,2015,81.2
 Arkhangai,50-54, Female,2014,84.3
 Arkhangai,50-54, Female,2013,84.8
 Arkhangai,50-54, Female,2012,82.3
 Arkhangai,50-54, Female,2011,91.7
 Arkhangai,50-54, Female,2010,74.5
 Arkhangai,50-54, Female,2009,82.2
 Arkhangai,55-59,Total,2025,64.8
 Arkhangai,55-59,Total,2024,54.4
 Arkhangai,55-59,Total,2023,46.2
 Arkhangai,55-59,Total,2022,58.7
 Arkhangai,55-59,Total,2021,57.7
 Arkhangai,55-59,Total,2020,76.8
 Arkhangai,55-59,Total,2019,69.8
 Arkhangai,55-59,Total,2018,76.0
 Arkhangai,55-59,Total,2017,66.3
 Arkhangai,55-59,Total,2016,71.5
 Arkhangai,55-59,Total,2015,59.2
 Arkhangai,55-59,Total,2014,67.7
 Arkhangai,55-59,Total,2013,57.1
 Arkhangai,55-59,Total,2012,77.8
 Arkhangai,55-59,Total,2011,74.6
 Arkhangai,55-59,Total,2010,62.8
 Arkhangai,55-59,Total,2009,53.1
 Arkhangai,55-59, Male,2025,90.3
 Arkhangai,55-59, Male,2024,76.1
 Arkhangai,55-59, Male,2023,57.4
 Arkhangai,55-59, Male,2022,81.7
 Arkhangai,55-59, Male,2021,87.1
 Arkhangai,55-59, Male,2020,92.8
 Arkhangai,55-59, Male,2019,84.4
 Arkhangai,55-59, Male,2018,89.1
 Arkhangai,55-59, Male,2017,76.0
 Arkhangai,55-59, Male,2016,84.5
 Arkhangai,55-59, Male,2015,86.2
 Arkhangai,55-59, Male,2014,71.8
 Arkhangai,55-59, Male,2013,78.0
 Arkhangai,55-59, Male,2012,85.1
 Arkhangai,55-59, Male,2011,92.1
 Arkhangai,55-59, Male,2010,87.1
 Arkhangai,55-59, Male,2009,65.3
 Arkhangai,55-59, Female,2025,44.7
 Arkhangai,55-59, Female,2024,43.1
 Arkhangai,55-59, Female,2023,38.8
 Arkhangai,55-59, Female,2022,40.1
 Arkhangai,55-59, Female,2021,29.4
 Arkhangai,55-59, Female,2020,56.6
 Arkhangai,55-59, Female,2019,57.5
 Arkhangai,55-59, Female,2018,63.8
 Arkhangai,55-59, Female,2017,57.5
 Arkhangai,55-59, Female,2016,62.8
 Arkhangai,55-59, Female,2015,44.3
 Arkhangai,55-59, Female,2014,64.6
 Arkhangai,55-59, Female,2013,43.6
 Arkhangai,55-59, Female,2012,72.1
 Arkhangai,55-59, Female,2011,57.6
 Arkhangai,55-59, Female,2010,49.0
 Arkhangai,55-59, Female,2009,44.5
 Arkhangai,60-64,Total,2025,37.3
 Arkhangai,60-64,Total,2024,39.2
 Arkhangai,60-64,Total,2023,34.1
 Arkhangai,60-64,Total,2022,39.3
 Arkhangai,60-64,Total,2021,18.7
 Arkhangai,60-64,Total,2020,25.6
 Arkhangai,60-64,Total,2019,55.8
 Arkhangai,60-64,Total,2018,53.6
 Arkhangai,60-64,Total,2017,43.4
 Arkhangai,60-64,Total,2016,45.5
 Arkhangai,60-64,Total,2015,50.0
 Arkhangai,60-64,Total,2014,45.5
 Arkhangai,60-64,Total,2013,31.1
 Arkhangai,60-64,Total,2012,43.5
 Arkhangai,60-64,Total,2011,42.0
 Arkhangai,60-64,Total,2010,53.8
 Arkhangai,60-64,Total,2009,33.1
 Arkhangai,60-64, Male,2025,34.8
 Arkhangai,60-64, Male,2024,42.5
 Arkhangai,60-64, Male,2023,49.6
 Arkhangai,60-64, Male,2022,40.6
 Arkhangai,60-64, Male,2021,16.7
 Arkhangai,60-64, Male,2020,16.3
 Arkhangai,60-64, Male,2019,63.0
 Arkhangai,60-64, Male,2018,66.5
 Arkhangai,60-64, Male,2017,48.1
 Arkhangai,60-64, Male,2016,63.7
 Arkhangai,60-64, Male,2015,56.1
 Arkhangai,60-64, Male,2014,53.4
 Arkhangai,60-64, Male,2013,29.7
 Arkhangai,60-64, Male,2012,61.1
 Arkhangai,60-64, Male,2011,65.4
 Arkhangai,60-64, Male,2010,55.3
 Arkhangai,60-64, Male,2009,33.9
 Arkhangai,60-64, Female,2025,40.4
 Arkhangai,60-64, Female,2024,35.4
 Arkhangai,60-64, Female,2023,24.2
 Arkhangai,60-64, Female,2022,37.8
 Arkhangai,60-64, Female,2021,20.4
 Arkhangai,60-64, Female,2020,33.3
 Arkhangai,60-64, Female,2019,46.6
 Arkhangai,60-64, Female,2018,40.2
 Arkhangai,60-64, Female,2017,36.9
 Arkhangai,60-64, Female,2016,20.9
 Arkhangai,60-64, Female,2015,43.3
 Arkhangai,60-64, Female,2014,36.9
 Arkhangai,60-64, Female,2013,33.0
 Arkhangai,60-64, Female,2012,15.4
 Arkhangai,60-64, Female,2011,26.9
 Arkhangai,60-64, Female,2010,51.3
 Arkhangai,60-64, Female,2009,32.2
 Arkhangai,65-69,Total,2025,20.3
 Arkhangai,65-69,Total,2024,23.3
 Arkhangai,65-69,Total,2023,24.1
 Arkhangai,65-69,Total,2022,27.8
 Arkhangai,65-69,Total,2021,6.9
 Arkhangai,65-69,Total,2020,43.9
 Arkhangai,65-69,Total,2019,27.5
 Arkhangai,65-69,Total,2018,31.6
 Arkhangai,65-69,Total,2017,43.1
 Arkhangai,65-69,Total,2016,24.6
 Arkhangai,65-69,Total,2015,32.4
 Arkhangai,65-69,Total,2014,31.7
 Arkhangai,65-69,Total,2013,32.9
 Arkhangai,65-69,Total,2012,21.6
 Arkhangai,65-69,Total,2011,7.7
 Arkhangai,65-69,Total,2010,37.4
 Arkhangai,65-69,Total,2009,36.2
 Arkhangai,65-69, Male,2025,26.2
 Arkhangai,65-69, Male,2024,31.1
 Arkhangai,65-69, Male,2023,31.3
 Arkhangai,65-69, Male,2022,38.3
 Arkhangai,65-69, Male,2021,2.4
 Arkhangai,65-69, Male,2020,43.0
 Arkhangai,65-69, Male,2019,23.3
 Arkhangai,65-69, Male,2018,28.3
 Arkhangai,65-69, Male,2017,66.5
 Arkhangai,65-69, Male,2016,12.0
 Arkhangai,65-69, Male,2015,37.4
 Arkhangai,65-69, Male,2014,30.7
 Arkhangai,65-69, Male,2013,24.2
 Arkhangai,65-69, Male,2012,29.9
 Arkhangai,65-69, Male,2011,7.9
 Arkhangai,65-69, Male,2010,45.2
 Arkhangai,65-69, Male,2009,41.3
 Arkhangai,65-69, Female,2025,14.8
 Arkhangai,65-69, Female,2024,16.9
 Arkhangai,65-69, Female,2023,17.6
 Arkhangai,65-69, Female,2022,11.1
 Arkhangai,65-69, Female,2021,11.2
 Arkhangai,65-69, Female,2020,44.6
 Arkhangai,65-69, Female,2019,100.0
 Arkhangai,65-69, Female,2018,33.7
 Arkhangai,65-69, Female,2017,27.7
 Arkhangai,65-69, Female,2016,31.5
 Arkhangai,65-69, Female,2015,27.5
 Arkhangai,65-69, Female,2014,32.7
 Arkhangai,65-69, Female,2013,39.8
 Arkhangai,65-69, Female,2012,16.7
 Arkhangai,65-69, Female,2011,7.4
 Arkhangai,65-69, Female,2010,28.0
 Arkhangai,65-69, Female,2009,22.8
 Arkhangai,70+,Total,2025,6.5
 Arkhangai,70+,Total,2024,3.5
 Arkhangai,70+,Total,2023,13.4
 Arkhangai,70+,Total,2022,0.0
 Arkhangai,70+,Total,2021,16.8
 Arkhangai,70+,Total,2020,10.3
 Arkhangai,70+,Total,2019,0.0
 Arkhangai,70+,Total,2018,21.8
 Arkhangai,70+,Total,2017,8.3
 Arkhangai,70+,Total,2016,12.3
 Arkhangai,70+,Total,2015,22.3
 Arkhangai,70+,Total,2014,12.1
 Arkhangai,70+,Total,2013,21.6
 Arkhangai,70+,Total,2012,12.8
 Arkhangai,70+,Total,2011,8.3
 Arkhangai,70+,Total,2010,21.2
 Arkhangai,70+,Total,2009,15.2
 Arkhangai,70+, Male,2025,8.7
 Arkhangai,70+, Male,2024,8.7
 Arkhangai,70+, Male,2023,14.6
 Arkhangai,70+, Male,2022,0.0
 Arkhangai,70+, Male,2021,20.9
 Arkhangai,70+, Male,2020,11.0
 Arkhangai,70+, Male,2019,0.0
 Arkhangai,70+, Male,2018,24.6
 Arkhangai,70+, Male,2017,5.3
 Arkhangai,70+, Male,2016,22.3
 Arkhangai,70+, Male,2015,33.0
 Arkhangai,70+, Male,2014,25.1
 Arkhangai,70+, Male,2013,30.4
 Arkhangai,70+, Male,2012,15.3
 Arkhangai,70+, Male,2011,13.3
 Arkhangai,70+, Male,2010,27.8
 Arkhangai,70+, Male,2009,13.2
 Arkhangai,70+, Female,2025,4.9
 Arkhangai,70+, Female,2024,2.2
 Arkhangai,70+, Female,2023,12.4
 Arkhangai,70+, Female,2022,0.0
 Arkhangai,70+, Female,2021,13.9
 Arkhangai,70+, Female,2020,9.8
 Arkhangai,70+, Female,2019,0.0
 Arkhangai,70+, Female,2018,18.6
 Arkhangai,70+, Female,2017,12.7
 Arkhangai,70+, Female,2016,6.5
 Arkhangai,70+, Female,2015,12.0
 Arkhangai,70+, Female,2014,0.0
 Arkhangai,70+, Female,2013,15.9
 Arkhangai,70+, Female,2012,10.4
 Arkhangai,70+, Female,2011,4.8
 Arkhangai,70+, Female,2010,15.2
 Arkhangai,70+, Female,2009,16.5
 Bayankhongor,Total,Total,2025,66.6
 Bayankhongor,Total,Total,2024,71.0
 Bayankhongor,Total,Total,2023,72.4
 Bayankhongor,Total,Total,2022,71.1
 Bayankhongor,Total,Total,2021,71.1
 Bayankhongor,Total,Total,2020,67.6
 Bayankhongor,Total,Total,2019,64.0
 Bayankhongor,Total,Total,2018,60.5
 Bayankhongor,Total,Total,2017,65.1
 Bayankhongor,Total,Total,2016,71.7
 Bayankhongor,Total,Total,2015,67.1
 Bayankhongor,Total,Total,2014,68.7
 Bayankhongor,Total,Total,2013,66.3
 Bayankhongor,Total,Total,2012,73.7
 Bayankhongor,Total,Total,2011,69.4
 Bayankhongor,Total,Total,2010,68.0
 Bayankhongor,Total,Total,2009,68.7
 Bayankhongor,Total, Male,2025,68.4
 Bayankhongor,Total, Male,2024,78.1
 Bayankhongor,Total, Male,2023,79.3
 Bayankhongor,Total, Male,2022,76.4
 Bayankhongor,Total, Male,2021,75.4
 Bayankhongor,Total, Male,2020,70.7
 Bayankhongor,Total, Male,2019,70.2
 Bayankhongor,Total, Male,2018,67.7
 Bayankhongor,Total, Male,2017,70.6
 Bayankhongor,Total, Male,2016,76.9
 Bayankhongor,Total, Male,2015,74.2
 Bayankhongor,Total, Male,2014,74.9
 Bayankhongor,Total, Male,2013,68.3
 Bayankhongor,Total, Male,2012,79.6
 Bayankhongor,Total, Male,2011,73.1
 Bayankhongor,Total, Male,2010,72.9
 Bayankhongor,Total, Male,2009,70.5
 Bayankhongor,Total, Female,2025,65.0
 Bayankhongor,Total, Female,2024,64.4
 Bayankhongor,Total, Female,2023,66.0
 Bayankhongor,Total, Female,2022,65.6
 Bayankhongor,Total, Female,2021,67.4
 Bayankhongor,Total, Female,2020,64.7
 Bayankhongor,Total, Female,2019,58.6
 Bayankhongor,Total, Female,2018,53.9
 Bayankhongor,Total, Female,2017,59.9
 Bayankhongor,Total, Female,2016,66.8
 Bayankhongor,Total, Female,2015,60.8
 Bayankhongor,Total, Female,2014,63.3
 Bayankhongor,Total, Female,2013,64.3
 Bayankhongor,Total, Female,2012,68.2
 Bayankhongor,Total, Female,2011,66.1
 Bayankhongor,Total, Female,2010,63.5
 Bayankhongor,Total, Female,2009,66.9
 Bayankhongor,15-19,Total,2025,12.0
 Bayankhongor,15-19,Total,2024,24.7
 Bayankhongor,15-19,Total,2023,24.7
 Bayankhongor,15-19,Total,2022,18.0
 Bayankhongor,15-19,Total,2021,16.5
 Bayankhongor,15-19,Total,2020,23.6
 Bayankhongor,15-19,Total,2019,16.6
 Bayankhongor,15-19,Total,2018,16.5
 Bayankhongor,15-19,Total,2017,23.6
 Bayankhongor,15-19,Total,2016,24.6
 Bayankhongor,15-19,Total,2015,13.1
 Bayankhongor,15-19,Total,2014,14.6
 Bayankhongor,15-19,Total,2013,23.9
 Bayankhongor,15-19,Total,2012,57.2
 Bayankhongor,15-19,Total,2011,32.5
 Bayankhongor,15-19,Total,2010,29.6
 Bayankhongor,15-19,Total,2009,33.1
 Bayankhongor,15-19, Male,2025,13.0
 Bayankhongor,15-19, Male,2024,28.3
 Bayankhongor,15-19, Male,2023,38.3
 Bayankhongor,15-19, Male,2022,22.9
 Bayankhongor,15-19, Male,2021,15.1
 Bayankhongor,15-19, Male,2020,33.7
 Bayankhongor,15-19, Male,2019,21.5
 Bayankhongor,15-19, Male,2018,21.7
 Bayankhongor,15-19, Male,2017,29.3
 Bayankhongor,15-19, Male,2016,32.8
 Bayankhongor,15-19, Male,2015,22.0
 Bayankhongor,15-19, Male,2014,23.1
 Bayankhongor,15-19, Male,2013,25.5
 Bayankhongor,15-19, Male,2012,54.8
 Bayankhongor,15-19, Male,2011,40.1
 Bayankhongor,15-19, Male,2010,35.2
 Bayankhongor,15-19, Male,2009,35.9
 Bayankhongor,15-19, Female,2025,10.2
 Bayankhongor,15-19, Female,2024,19.7
 Bayankhongor,15-19, Female,2023,7.2
 Bayankhongor,15-19, Female,2022,12.1
 Bayankhongor,15-19, Female,2021,17.8
 Bayankhongor,15-19, Female,2020,6.1
 Bayankhongor,15-19, Female,2019,12.2
 Bayankhongor,15-19, Female,2018,10.7
 Bayankhongor,15-19, Female,2017,18.5
 Bayankhongor,15-19, Female,2016,16.9
 Bayankhongor,15-19, Female,2015,3.8
 Bayankhongor,15-19, Female,2014,6.0
 Bayankhongor,15-19, Female,2013,22.3
 Bayankhongor,15-19, Female,2012,59.9
 Bayankhongor,15-19, Female,2011,24.7
 Bayankhongor,15-19, Female,2010,24.9
 Bayankhongor,15-19, Female,2009,26.9
 Bayankhongor,20-24,Total,2025,57.9
 Bayankhongor,20-24,Total,2024,73.6
 Bayankhongor,20-24,Total,2023,59.7
 Bayankhongor,20-24,Total,2022,68.8
 Bayankhongor,20-24,Total,2021,73.4
 Bayankhongor,20-24,Total,2020,67.2
 Bayankhongor,20-24,Total,2019,59.9
 Bayankhongor,20-24,Total,2018,53.1
 Bayankhongor,20-24,Total,2017,50.8
 Bayankhongor,20-24,Total,2016,62.3
 Bayankhongor,20-24,Total,2015,66.0
 Bayankhongor,20-24,Total,2014,61.8
 Bayankhongor,20-24,Total,2013,64.2
 Bayankhongor,20-24,Total,2012,70.9
 Bayankhongor,20-24,Total,2011,65.6
 Bayankhongor,20-24,Total,2010,63.4
 Bayankhongor,20-24,Total,2009,64.3
 Bayankhongor,20-24, Male,2025,63.3
 Bayankhongor,20-24, Male,2024,84.1
 Bayankhongor,20-24, Male,2023,83.6
 Bayankhongor,20-24, Male,2022,89.6
 Bayankhongor,20-24, Male,2021,76.8
 Bayankhongor,20-24, Male,2020,63.8
 Bayankhongor,20-24, Male,2019,79.0
 Bayankhongor,20-24, Male,2018,63.3
 Bayankhongor,20-24, Male,2017,55.4
 Bayankhongor,20-24, Male,2016,71.4
 Bayankhongor,20-24, Male,2015,79.0
 Bayankhongor,20-24, Male,2014,75.3
 Bayankhongor,20-24, Male,2013,72.1
 Bayankhongor,20-24, Male,2012,87.7
 Bayankhongor,20-24, Male,2011,66.8
 Bayankhongor,20-24, Male,2010,70.3
 Bayankhongor,20-24, Male,2009,63.5
 Bayankhongor,20-24, Female,2025,52.6
 Bayankhongor,20-24, Female,2024,58.7
 Bayankhongor,20-24, Female,2023,39.0
 Bayankhongor,20-24, Female,2022,48.7
 Bayankhongor,20-24, Female,2021,70.5
 Bayankhongor,20-24, Female,2020,69.5
 Bayankhongor,20-24, Female,2019,49.8
 Bayankhongor,20-24, Female,2018,45.2
 Bayankhongor,20-24, Female,2017,45.7
 Bayankhongor,20-24, Female,2016,52.3
 Bayankhongor,20-24, Female,2015,53.8
 Bayankhongor,20-24, Female,2014,48.9
 Bayankhongor,20-24, Female,2013,56.7
 Bayankhongor,20-24, Female,2012,55.7
 Bayankhongor,20-24, Female,2011,64.5
 Bayankhongor,20-24, Female,2010,57.4
 Bayankhongor,20-24, Female,2009,65.2
 Bayankhongor,25-29,Total,2025,84.9
 Bayankhongor,25-29,Total,2024,87.6
 Bayankhongor,25-29,Total,2023,92.1
 Bayankhongor,25-29,Total,2022,80.2
 Bayankhongor,25-29,Total,2021,89.8
 Bayankhongor,25-29,Total,2020,86.2
 Bayankhongor,25-29,Total,2019,78.4
 Bayankhongor,25-29,Total,2018,72.7
 Bayankhongor,25-29,Total,2017,82.1
 Bayankhongor,25-29,Total,2016,88.6
 Bayankhongor,25-29,Total,2015,85.0
 Bayankhongor,25-29,Total,2014,92.2
 Bayankhongor,25-29,Total,2013,85.8
 Bayankhongor,25-29,Total,2012,86.6
 Bayankhongor,25-29,Total,2011,78.3
 Bayankhongor,25-29,Total,2010,78.7
 Bayankhongor,25-29,Total,2009,70.6
 Bayankhongor,25-29, Male,2025,91.1
 Bayankhongor,25-29, Male,2024,99.3
 Bayankhongor,25-29, Male,2023,100.0
 Bayankhongor,25-29, Male,2022,76.3
 Bayankhongor,25-29, Male,2021,100.0
 Bayankhongor,25-29, Male,2020,82.7
 Bayankhongor,25-29, Male,2019,91.3
 Bayankhongor,25-29, Male,2018,83.4
 Bayankhongor,25-29, Male,2017,89.5
 Bayankhongor,25-29, Male,2016,93.5
 Bayankhongor,25-29, Male,2015,90.2
 Bayankhongor,25-29, Male,2014,94.8
 Bayankhongor,25-29, Male,2013,84.1
 Bayankhongor,25-29, Male,2012,91.9
 Bayankhongor,25-29, Male,2011,89.1
 Bayankhongor,25-29, Male,2010,77.9
 Bayankhongor,25-29, Male,2009,72.2
 Bayankhongor,25-29, Female,2025,79.0
 Bayankhongor,25-29, Female,2024,76.8
 Bayankhongor,25-29, Female,2023,86.2
 Bayankhongor,25-29, Female,2022,86.7
 Bayankhongor,25-29, Female,2021,77.8
 Bayankhongor,25-29, Female,2020,91.0
 Bayankhongor,25-29, Female,2019,64.0
 Bayankhongor,25-29, Female,2018,61.1
 Bayankhongor,25-29, Female,2017,74.0
 Bayankhongor,25-29, Female,2016,84.6
 Bayankhongor,25-29, Female,2015,80.0
 Bayankhongor,25-29, Female,2014,90.0
 Bayankhongor,25-29, Female,2013,87.3
 Bayankhongor,25-29, Female,2012,79.7
 Bayankhongor,25-29, Female,2011,69.7
 Bayankhongor,25-29, Female,2010,79.7
 Bayankhongor,25-29, Female,2009,68.8
 Bayankhongor,30-34,Total,2025,88.6
 Bayankhongor,30-34,Total,2024,93.5
 Bayankhongor,30-34,Total,2023,85.4
 Bayankhongor,30-34,Total,2022,88.5
 Bayankhongor,30-34,Total,2021,97.3
 Bayankhongor,30-34,Total,2020,84.7
 Bayankhongor,30-34,Total,2019,88.0
 Bayankhongor,30-34,Total,2018,80.0
 Bayankhongor,30-34,Total,2017,93.9
 Bayankhongor,30-34,Total,2016,88.3
 Bayankhongor,30-34,Total,2015,94.9
 Bayankhongor,30-34,Total,2014,93.3
 Bayankhongor,30-34,Total,2013,86.5
 Bayankhongor,30-34,Total,2012,89.5
 Bayankhongor,30-34,Total,2011,85.2
 Bayankhongor,30-34,Total,2010,89.8
 Bayankhongor,30-34,Total,2009,84.7
 Bayankhongor,30-34, Male,2025,91.1
 Bayankhongor,30-34, Male,2024,100.0
 Bayankhongor,30-34, Male,2023,87.2
 Bayankhongor,30-34, Male,2022,97.0
 Bayankhongor,30-34, Male,2021,97.1
 Bayankhongor,30-34, Male,2020,94.5
 Bayankhongor,30-34, Male,2019,86.5
 Bayankhongor,30-34, Male,2018,87.3
 Bayankhongor,30-34, Male,2017,98.4
 Bayankhongor,30-34, Male,2016,91.7
 Bayankhongor,30-34, Male,2015,95.2
 Bayankhongor,30-34, Male,2014,95.9
 Bayankhongor,30-34, Male,2013,87.5
 Bayankhongor,30-34, Male,2012,94.1
 Bayankhongor,30-34, Male,2011,89.4
 Bayankhongor,30-34, Male,2010,96.3
 Bayankhongor,30-34, Male,2009,94.0
 Bayankhongor,30-34, Female,2025,86.4
 Bayankhongor,30-34, Female,2024,86.7
 Bayankhongor,30-34, Female,2023,83.8
 Bayankhongor,30-34, Female,2022,77.9
 Bayankhongor,30-34, Female,2021,97.4
 Bayankhongor,30-34, Female,2020,76.3
 Bayankhongor,30-34, Female,2019,89.0
 Bayankhongor,30-34, Female,2018,72.4
 Bayankhongor,30-34, Female,2017,89.1
 Bayankhongor,30-34, Female,2016,85.0
 Bayankhongor,30-34, Female,2015,94.6
 Bayankhongor,30-34, Female,2014,91.1
 Bayankhongor,30-34, Female,2013,85.5
 Bayankhongor,30-34, Female,2012,85.8
 Bayankhongor,30-34, Female,2011,81.7
 Bayankhongor,30-34, Female,2010,84.4
 Bayankhongor,30-34, Female,2009,76.9
 Bayankhongor,35-39,Total,2025,86.2
 Bayankhongor,35-39,Total,2024,94.3
 Bayankhongor,35-39,Total,2023,90.9
 Bayankhongor,35-39,Total,2022,95.3
 Bayankhongor,35-39,Total,2021,88.7
 Bayankhongor,35-39,Total,2020,85.8
 Bayankhongor,35-39,Total,2019,80.2
 Bayankhongor,35-39,Total,2018,88.0
 Bayankhongor,35-39,Total,2017,90.4
 Bayankhongor,35-39,Total,2016,97.1
 Bayankhongor,35-39,Total,2015,92.1
 Bayankhongor,35-39,Total,2014,97.0
 Bayankhongor,35-39,Total,2013,90.1
 Bayankhongor,35-39,Total,2012,91.0
 Bayankhongor,35-39,Total,2011,87.6
 Bayankhongor,35-39,Total,2010,87.6
 Bayankhongor,35-39,Total,2009,86.0
 Bayankhongor,35-39, Male,2025,88.0
 Bayankhongor,35-39, Male,2024,98.8
 Bayankhongor,35-39, Male,2023,94.7
 Bayankhongor,35-39, Male,2022,98.0
 Bayankhongor,35-39, Male,2021,100.0
 Bayankhongor,35-39, Male,2020,90.4
 Bayankhongor,35-39, Male,2019,75.7
 Bayankhongor,35-39, Male,2018,91.8
 Bayankhongor,35-39, Male,2017,92.0
 Bayankhongor,35-39, Male,2016,100.0
 Bayankhongor,35-39, Male,2015,90.9
 Bayankhongor,35-39, Male,2014,96.9
 Bayankhongor,35-39, Male,2013,88.0
 Bayankhongor,35-39, Male,2012,93.0
 Bayankhongor,35-39, Male,2011,84.5
 Bayankhongor,35-39, Male,2010,91.3
 Bayankhongor,35-39, Male,2009,95.7
 Bayankhongor,35-39, Female,2025,84.4
 Bayankhongor,35-39, Female,2024,88.6
 Bayankhongor,35-39, Female,2023,86.8
 Bayankhongor,35-39, Female,2022,91.1
 Bayankhongor,35-39, Female,2021,75.9
 Bayankhongor,35-39, Female,2020,82.7
 Bayankhongor,35-39, Female,2019,85.2
 Bayankhongor,35-39, Female,2018,84.4
 Bayankhongor,35-39, Female,2017,88.9
 Bayankhongor,35-39, Female,2016,94.7
 Bayankhongor,35-39, Female,2015,93.1
 Bayankhongor,35-39, Female,2014,97.2
 Bayankhongor,35-39, Female,2013,92.0
 Bayankhongor,35-39, Female,2012,89.0
 Bayankhongor,35-39, Female,2011,90.3
 Bayankhongor,35-39, Female,2010,84.6
 Bayankhongor,35-39, Female,2009,77.4
 Bayankhongor,40-44,Total,2025,93.0
 Bayankhongor,40-44,Total,2024,87.6
 Bayankhongor,40-44,Total,2023,92.2
 Bayankhongor,40-44,Total,2022,95.2
 Bayankhongor,40-44,Total,2021,93.9
 Bayankhongor,40-44,Total,2020,93.1
 Bayankhongor,40-44,Total,2019,78.4
 Bayankhongor,40-44,Total,2018,92.5
 Bayankhongor,40-44,Total,2017,90.2
 Bayankhongor,40-44,Total,2016,94.8
 Bayankhongor,40-44,Total,2015,93.4
 Bayankhongor,40-44,Total,2014,96.0
 Bayankhongor,40-44,Total,2013,83.5
 Bayankhongor,40-44,Total,2012,86.7
 Bayankhongor,40-44,Total,2011,93.0
 Bayankhongor,40-44,Total,2010,87.4
 Bayankhongor,40-44,Total,2009,88.5
 Bayankhongor,40-44, Male,2025,92.6
 Bayankhongor,40-44, Male,2024,83.2
 Bayankhongor,40-44, Male,2023,90.9
 Bayankhongor,40-44, Male,2022,98.5
 Bayankhongor,40-44, Male,2021,86.5
 Bayankhongor,40-44, Male,2020,94.6
 Bayankhongor,40-44, Male,2019,84.1
 Bayankhongor,40-44, Male,2018,91.6
 Bayankhongor,40-44, Male,2017,92.4
 Bayankhongor,40-44, Male,2016,95.6
 Bayankhongor,40-44, Male,2015,98.1
 Bayankhongor,40-44, Male,2014,97.9
 Bayankhongor,40-44, Male,2013,83.0
 Bayankhongor,40-44, Male,2012,92.0
 Bayankhongor,40-44, Male,2011,95.0
 Bayankhongor,40-44, Male,2010,94.1
 Bayankhongor,40-44, Male,2009,86.9
 Bayankhongor,40-44, Female,2025,93.5
 Bayankhongor,40-44, Female,2024,91.0
 Bayankhongor,40-44, Female,2023,93.2
 Bayankhongor,40-44, Female,2022,93.0
 Bayankhongor,40-44, Female,2021,98.4
 Bayankhongor,40-44, Female,2020,90.8
 Bayankhongor,40-44, Female,2019,73.3
 Bayankhongor,40-44, Female,2018,93.2
 Bayankhongor,40-44, Female,2017,88.4
 Bayankhongor,40-44, Female,2016,93.8
 Bayankhongor,40-44, Female,2015,89.8
 Bayankhongor,40-44, Female,2014,94.2
 Bayankhongor,40-44, Female,2013,84.1
 Bayankhongor,40-44, Female,2012,82.7
 Bayankhongor,40-44, Female,2011,91.2
 Bayankhongor,40-44, Female,2010,81.8
 Bayankhongor,40-44, Female,2009,90.1
 Bayankhongor,45-49,Total,2025,91.1
 Bayankhongor,45-49,Total,2024,97.3
 Bayankhongor,45-49,Total,2023,89.1
 Bayankhongor,45-49,Total,2022,91.6
 Bayankhongor,45-49,Total,2021,96.6
 Bayankhongor,45-49,Total,2020,96.2
 Bayankhongor,45-49,Total,2019,93.8
 Bayankhongor,45-49,Total,2018,81.5
 Bayankhongor,45-49,Total,2017,91.6
 Bayankhongor,45-49,Total,2016,90.2
 Bayankhongor,45-49,Total,2015,95.1
 Bayankhongor,45-49,Total,2014,98.8
 Bayankhongor,45-49,Total,2013,86.5
 Bayankhongor,45-49,Total,2012,83.9
 Bayankhongor,45-49,Total,2011,86.8
 Bayankhongor,45-49,Total,2010,80.5
 Bayankhongor,45-49,Total,2009,83.6
 Bayankhongor,45-49, Male,2025,92.5
 Bayankhongor,45-49, Male,2024,95.0
 Bayankhongor,45-49, Male,2023,90.8
 Bayankhongor,45-49, Male,2022,88.2
 Bayankhongor,45-49, Male,2021,98.5
 Bayankhongor,45-49, Male,2020,95.3
 Bayankhongor,45-49, Male,2019,95.8
 Bayankhongor,45-49, Male,2018,77.9
 Bayankhongor,45-49, Male,2017,91.0
 Bayankhongor,45-49, Male,2016,93.8
 Bayankhongor,45-49, Male,2015,100.0
 Bayankhongor,45-49, Male,2014,100.0
 Bayankhongor,45-49, Male,2013,88.5
 Bayankhongor,45-49, Male,2012,84.0
 Bayankhongor,45-49, Male,2011,89.2
 Bayankhongor,45-49, Male,2010,82.4
 Bayankhongor,45-49, Male,2009,76.1
 Bayankhongor,45-49, Female,2025,90.2
 Bayankhongor,45-49, Female,2024,99.2
 Bayankhongor,45-49, Female,2023,87.3
 Bayankhongor,45-49, Female,2022,93.9
 Bayankhongor,45-49, Female,2021,94.5
 Bayankhongor,45-49, Female,2020,97.0
 Bayankhongor,45-49, Female,2019,91.8
 Bayankhongor,45-49, Female,2018,84.9
 Bayankhongor,45-49, Female,2017,92.2
 Bayankhongor,45-49, Female,2016,87.3
 Bayankhongor,45-49, Female,2015,89.1
 Bayankhongor,45-49, Female,2014,97.8
 Bayankhongor,45-49, Female,2013,84.8
 Bayankhongor,45-49, Female,2012,83.8
 Bayankhongor,45-49, Female,2011,84.6
 Bayankhongor,45-49, Female,2010,78.3
 Bayankhongor,45-49, Female,2009,89.7
 Bayankhongor,50-54,Total,2025,81.1
 Bayankhongor,50-54,Total,2024,89.4
 Bayankhongor,50-54,Total,2023,83.7
 Bayankhongor,50-54,Total,2022,72.7
 Bayankhongor,50-54,Total,2021,82.7
 Bayankhongor,50-54,Total,2020,81.0
 Bayankhongor,50-54,Total,2019,66.3
 Bayankhongor,50-54,Total,2018,75.1
 Bayankhongor,50-54,Total,2017,75.7
 Bayankhongor,50-54,Total,2016,81.3
 Bayankhongor,50-54,Total,2015,80.0
 Bayankhongor,50-54,Total,2014,79.9
 Bayankhongor,50-54,Total,2013,84.9
 Bayankhongor,50-54,Total,2012,76.6
 Bayankhongor,50-54,Total,2011,71.3
 Bayankhongor,50-54,Total,2010,78.9
 Bayankhongor,50-54,Total,2009,82.5
 Bayankhongor,50-54, Male,2025,85.3
 Bayankhongor,50-54, Male,2024,86.2
 Bayankhongor,50-54, Male,2023,86.4
 Bayankhongor,50-54, Male,2022,76.6
 Bayankhongor,50-54, Male,2021,91.9
 Bayankhongor,50-54, Male,2020,73.0
 Bayankhongor,50-54, Male,2019,69.4
 Bayankhongor,50-54, Male,2018,85.8
 Bayankhongor,50-54, Male,2017,86.5
 Bayankhongor,50-54, Male,2016,87.6
 Bayankhongor,50-54, Male,2015,96.6
 Bayankhongor,50-54, Male,2014,82.1
 Bayankhongor,50-54, Male,2013,87.4
 Bayankhongor,50-54, Male,2012,86.3
 Bayankhongor,50-54, Male,2011,71.7
 Bayankhongor,50-54, Male,2010,74.1
 Bayankhongor,50-54, Male,2009,89.2
 Bayankhongor,50-54, Female,2025,77.6
 Bayankhongor,50-54, Female,2024,91.9
 Bayankhongor,50-54, Female,2023,81.0
 Bayankhongor,50-54, Female,2022,68.9
 Bayankhongor,50-54, Female,2021,75.6
 Bayankhongor,50-54, Female,2020,89.4
 Bayankhongor,50-54, Female,2019,63.8
 Bayankhongor,50-54, Female,2018,64.0
 Bayankhongor,50-54, Female,2017,65.9
 Bayankhongor,50-54, Female,2016,72.9
 Bayankhongor,50-54, Female,2015,65.0
 Bayankhongor,50-54, Female,2014,77.7
 Bayankhongor,50-54, Female,2013,82.1
 Bayankhongor,50-54, Female,2012,67.5
 Bayankhongor,50-54, Female,2011,71.0
 Bayankhongor,50-54, Female,2010,83.9
 Bayankhongor,50-54, Female,2009,77.2
 Bayankhongor,55-59,Total,2025,53.3
 Bayankhongor,55-59,Total,2024,66.0
 Bayankhongor,55-59,Total,2023,67.8
 Bayankhongor,55-59,Total,2022,36.3
 Bayankhongor,55-59,Total,2021,24.0
 Bayankhongor,55-59,Total,2020,61.0
 Bayankhongor,55-59,Total,2019,45.7
 Bayankhongor,55-59,Total,2018,35.4
 Bayankhongor,55-59,Total,2017,40.6
 Bayankhongor,55-59,Total,2016,55.3
 Bayankhongor,55-59,Total,2015,50.4
 Bayankhongor,55-59,Total,2014,50.8
 Bayankhongor,55-59,Total,2013,55.2
 Bayankhongor,55-59,Total,2012,53.6
 Bayankhongor,55-59,Total,2011,49.6
 Bayankhongor,55-59,Total,2010,56.7
 Bayankhongor,55-59,Total,2009,74.4
 Bayankhongor,55-59, Male,2025,65.6
 Bayankhongor,55-59, Male,2024,78.9
 Bayankhongor,55-59, Male,2023,81.9
 Bayankhongor,55-59, Male,2022,68.9
 Bayankhongor,55-59, Male,2021,61.9
 Bayankhongor,55-59, Male,2020,70.7
 Bayankhongor,55-59, Male,2019,69.5
 Bayankhongor,55-59, Male,2018,60.8
 Bayankhongor,55-59, Male,2017,59.5
 Bayankhongor,55-59, Male,2016,71.3
 Bayankhongor,55-59, Male,2015,79.1
 Bayankhongor,55-59, Male,2014,72.7
 Bayankhongor,55-59, Male,2013,64.7
 Bayankhongor,55-59, Male,2012,74.0
 Bayankhongor,55-59, Male,2011,55.0
 Bayankhongor,55-59, Male,2010,60.4
 Bayankhongor,55-59, Male,2009,85.9
 Bayankhongor,55-59, Female,2025,42.3
 Bayankhongor,55-59, Female,2024,52.5
 Bayankhongor,55-59, Female,2023,58.2
 Bayankhongor,55-59, Female,2022,11.3
 Bayankhongor,55-59, Female,2021,12.9
 Bayankhongor,55-59, Female,2020,55.9
 Bayankhongor,55-59, Female,2019,29.8
 Bayankhongor,55-59, Female,2018,11.0
 Bayankhongor,55-59, Female,2017,29.2
 Bayankhongor,55-59, Female,2016,45.2
 Bayankhongor,55-59, Female,2015,34.1
 Bayankhongor,55-59, Female,2014,35.5
 Bayankhongor,55-59, Female,2013,48.2
 Bayankhongor,55-59, Female,2012,45.1
 Bayankhongor,55-59, Female,2011,44.2
 Bayankhongor,55-59, Female,2010,50.7
 Bayankhongor,55-59, Female,2009,56.8
 Bayankhongor,60-64,Total,2025,32.3
 Bayankhongor,60-64,Total,2024,27.5
 Bayankhongor,60-64,Total,2023,49.8
 Bayankhongor,60-64,Total,2022,48.5
 Bayankhongor,60-64,Total,2021,26.5
 Bayankhongor,60-64,Total,2020,23.5
 Bayankhongor,60-64,Total,2019,30.2
 Bayankhongor,60-64,Total,2018,6.7
 Bayankhongor,60-64,Total,2017,15.9
 Bayankhongor,60-64,Total,2016,36.0
 Bayankhongor,60-64,Total,2015,20.6
 Bayankhongor,60-64,Total,2014,11.3
 Bayankhongor,60-64,Total,2013,30.0
 Bayankhongor,60-64,Total,2012,38.3
 Bayankhongor,60-64,Total,2011,16.8
 Bayankhongor,60-64,Total,2010,37.1
 Bayankhongor,60-64,Total,2009,39.5
 Bayankhongor,60-64, Male,2025,35.9
 Bayankhongor,60-64, Male,2024,32.4
 Bayankhongor,60-64, Male,2023,57.2
 Bayankhongor,60-64, Male,2022,36.6
 Bayankhongor,60-64, Male,2021,34.8
 Bayankhongor,60-64, Male,2020,34.0
 Bayankhongor,60-64, Male,2019,50.5
 Bayankhongor,60-64, Male,2018,14.0
 Bayankhongor,60-64, Male,2017,17.9
 Bayankhongor,60-64, Male,2016,48.5
 Bayankhongor,60-64, Male,2015,26.9
 Bayankhongor,60-64, Male,2014,8.5
 Bayankhongor,60-64, Male,2013,37.3
 Bayankhongor,60-64, Male,2012,39.9
 Bayankhongor,60-64, Male,2011,10.7
 Bayankhongor,60-64, Male,2010,47.6
 Bayankhongor,60-64, Male,2009,80.3
 Bayankhongor,60-64, Female,2025,29.5
 Bayankhongor,60-64, Female,2024,24.5
 Bayankhongor,60-64, Female,2023,44.5
 Bayankhongor,60-64, Female,2022,65.0
 Bayankhongor,60-64, Female,2021,22.8
 Bayankhongor,60-64, Female,2020,21.0
 Bayankhongor,60-64, Female,2019,22.7
 Bayankhongor,60-64, Female,2018,3.3
 Bayankhongor,60-64, Female,2017,13.7
 Bayankhongor,60-64, Female,2016,22.6
 Bayankhongor,60-64, Female,2015,15.8
 Bayankhongor,60-64, Female,2014,12.8
 Bayankhongor,60-64, Female,2013,21.6
 Bayankhongor,60-64, Female,2012,37.1
 Bayankhongor,60-64, Female,2011,21.1
 Bayankhongor,60-64, Female,2010,29.4
 Bayankhongor,60-64, Female,2009,13.0
 Bayankhongor,65-69,Total,2025,36.9
 Bayankhongor,65-69,Total,2024,29.2
 Bayankhongor,65-69,Total,2023,38.4
 Bayankhongor,65-69,Total,2022,23.8
 Bayankhongor,65-69,Total,2021,28.7
 Bayankhongor,65-69,Total,2020,1.1
 Bayankhongor,65-69,Total,2019,0.0
 Bayankhongor,65-69,Total,2018,0.0
 Bayankhongor,65-69,Total,2017,17.4
 Bayankhongor,65-69,Total,2016,38.8
 Bayankhongor,65-69,Total,2015,12.6
 Bayankhongor,65-69,Total,2014,29.7
 Bayankhongor,65-69,Total,2013,46.6
 Bayankhongor,65-69,Total,2012,12.7
 Bayankhongor,65-69,Total,2011,0.0
 Bayankhongor,65-69,Total,2010,4.9
 Bayankhongor,65-69,Total,2009,17.4
 Bayankhongor,65-69, Male,2025,23.5
 Bayankhongor,65-69, Male,2024,31.0
 Bayankhongor,65-69, Male,2023,53.5
 Bayankhongor,65-69, Male,2022,90.3
 Bayankhongor,65-69, Male,2021,19.5
 Bayankhongor,65-69, Male,2020,0.0
 Bayankhongor,65-69, Male,2019,0.0
 Bayankhongor,65-69, Male,2018,0.0
 Bayankhongor,65-69, Male,2017,11.8
 Bayankhongor,65-69, Male,2016,42.3
 Bayankhongor,65-69, Male,2015,18.7
 Bayankhongor,65-69, Male,2014,32.3
 Bayankhongor,65-69, Male,2013,46.5
 Bayankhongor,65-69, Male,2012,12.5
 Bayankhongor,65-69, Male,2011,0.0
 Bayankhongor,65-69, Male,2010,15.5
 Bayankhongor,65-69, Male,2009,34.0
 Bayankhongor,65-69, Female,2025,46.0
 Bayankhongor,65-69, Female,2024,28.4
 Bayankhongor,65-69, Female,2023,20.4
 Bayankhongor,65-69, Female,2022,0.0
 Bayankhongor,65-69, Female,2021,36.7
 Bayankhongor,65-69, Female,2020,1.8
 Bayankhongor,65-69, Female,2019,0.0
 Bayankhongor,65-69, Female,2018,0.0
 Bayankhongor,65-69, Female,2017,20.4
 Bayankhongor,65-69, Female,2016,34.3
 Bayankhongor,65-69, Female,2015,7.7
 Bayankhongor,65-69, Female,2014,26.8
 Bayankhongor,65-69, Female,2013,46.6
 Bayankhongor,65-69, Female,2012,13.0
 Bayankhongor,65-69, Female,2011,0.0
 Bayankhongor,65-69, Female,2010,0.0
 Bayankhongor,65-69, Female,2009,0.0
 Bayankhongor,70+,Total,2025,25.1
 Bayankhongor,70+,Total,2024,14.3
 Bayankhongor,70+,Total,2023,25.2
 Bayankhongor,70+,Total,2022,12.9
 Bayankhongor,70+,Total,2021,2.8
 Bayankhongor,70+,Total,2020,0.0
 Bayankhongor,70+,Total,2019,0.0
 Bayankhongor,70+,Total,2018,0.0
 Bayankhongor,70+,Total,2017,0.0
 Bayankhongor,70+,Total,2016,28.1
 Bayankhongor,70+,Total,2015,5.2
 Bayankhongor,70+,Total,2014,3.6
 Bayankhongor,70+,Total,2013,5.7
 Bayankhongor,70+,Total,2012,12.5
 Bayankhongor,70+,Total,2011,13.3
 Bayankhongor,70+,Total,2010,7.1
 Bayankhongor,70+,Total,2009,5.8
 Bayankhongor,70+, Male,2025,32.4
 Bayankhongor,70+, Male,2024,40.6
 Bayankhongor,70+, Male,2023,27.3
 Bayankhongor,70+, Male,2022,16.4
 Bayankhongor,70+, Male,2021,4.8
 Bayankhongor,70+, Male,2020,0.0
 Bayankhongor,70+, Male,2019,0.0
 Bayankhongor,70+, Male,2018,0.0
 Bayankhongor,70+, Male,2017,0.0
 Bayankhongor,70+, Male,2016,23.1
 Bayankhongor,70+, Male,2015,0.0
 Bayankhongor,70+, Male,2014,0.0
 Bayankhongor,70+, Male,2013,0.0
 Bayankhongor,70+, Male,2012,19.7
 Bayankhongor,70+, Male,2011,23.0
 Bayankhongor,70+, Male,2010,16.6
 Bayankhongor,70+, Male,2009,11.0
 Bayankhongor,70+, Female,2025,21.7
 Bayankhongor,70+, Female,2024,1.0
 Bayankhongor,70+, Female,2023,23.5
 Bayankhongor,70+, Female,2022,7.8
 Bayankhongor,70+, Female,2021,0.0
 Bayankhongor,70+, Female,2020,0.0
 Bayankhongor,70+, Female,2019,0.0
 Bayankhongor,70+, Female,2018,0.0
 Bayankhongor,70+, Female,2017,0.0
 Bayankhongor,70+, Female,2016,31.9
 Bayankhongor,70+, Female,2015,8.2
 Bayankhongor,70+, Female,2014,4.6
 Bayankhongor,70+, Female,2013,9.2
 Bayankhongor,70+, Female,2012,4.9
 Bayankhongor,70+, Female,2011,5.9
 Bayankhongor,70+, Female,2010,0.0
 Bayankhongor,70+, Female,2009,0.0
 Uvurkhangai,Total,Total,2025,75.1
 Uvurkhangai,Total,Total,2024,74.6
 Uvurkhangai,Total,Total,2023,64.8
 Uvurkhangai,Total,Total,2022,72.3
 Uvurkhangai,Total,Total,2021,70.3
 Uvurkhangai,Total,Total,2020,65.6
 Uvurkhangai,Total,Total,2019,73.8
 Uvurkhangai,Total,Total,2018,74.3
 Uvurkhangai,Total,Total,2017,77.2
 Uvurkhangai,Total,Total,2016,75.5
 Uvurkhangai,Total,Total,2015,72.9
 Uvurkhangai,Total,Total,2014,75.3
 Uvurkhangai,Total,Total,2013,77.3
 Uvurkhangai,Total,Total,2012,75.6
 Uvurkhangai,Total,Total,2011,64.0
 Uvurkhangai,Total,Total,2010,71.1
 Uvurkhangai,Total,Total,2009,74.0
 Uvurkhangai,Total, Male,2025,84.6
 Uvurkhangai,Total, Male,2024,80.2
 Uvurkhangai,Total, Male,2023,73.2
 Uvurkhangai,Total, Male,2022,81.8
 Uvurkhangai,Total, Male,2021,78.3
 Uvurkhangai,Total, Male,2020,71.0
 Uvurkhangai,Total, Male,2019,77.7
 Uvurkhangai,Total, Male,2018,80.9
 Uvurkhangai,Total, Male,2017,81.0
 Uvurkhangai,Total, Male,2016,79.9
 Uvurkhangai,Total, Male,2015,75.5
 Uvurkhangai,Total, Male,2014,78.4
 Uvurkhangai,Total, Male,2013,83.3
 Uvurkhangai,Total, Male,2012,82.7
 Uvurkhangai,Total, Male,2011,70.4
 Uvurkhangai,Total, Male,2010,76.5
 Uvurkhangai,Total, Male,2009,77.4
 Uvurkhangai,Total, Female,2025,65.8
 Uvurkhangai,Total, Female,2024,69.3
 Uvurkhangai,Total, Female,2023,57.7
 Uvurkhangai,Total, Female,2022,63.8
 Uvurkhangai,Total, Female,2021,62.9
 Uvurkhangai,Total, Female,2020,60.1
 Uvurkhangai,Total, Female,2019,69.6
 Uvurkhangai,Total, Female,2018,68.1
 Uvurkhangai,Total, Female,2017,73.2
 Uvurkhangai,Total, Female,2016,71.1
 Uvurkhangai,Total, Female,2015,70.4
 Uvurkhangai,Total, Female,2014,72.3
 Uvurkhangai,Total, Female,2013,72.0
 Uvurkhangai,Total, Female,2012,68.7
 Uvurkhangai,Total, Female,2011,58.0
 Uvurkhangai,Total, Female,2010,65.8
 Uvurkhangai,Total, Female,2009,70.7
 Uvurkhangai,15-19,Total,2025,17.5
 Uvurkhangai,15-19,Total,2024,19.7
 Uvurkhangai,15-19,Total,2023,21.4
 Uvurkhangai,15-19,Total,2022,10.7
 Uvurkhangai,15-19,Total,2021,12.1
 Uvurkhangai,15-19,Total,2020,19.5
 Uvurkhangai,15-19,Total,2019,19.6
 Uvurkhangai,15-19,Total,2018,24.4
 Uvurkhangai,15-19,Total,2017,28.9
 Uvurkhangai,15-19,Total,2016,23.4
 Uvurkhangai,15-19,Total,2015,25.7
 Uvurkhangai,15-19,Total,2014,28.8
 Uvurkhangai,15-19,Total,2013,37.0
 Uvurkhangai,15-19,Total,2012,47.2
 Uvurkhangai,15-19,Total,2011,26.1
 Uvurkhangai,15-19,Total,2010,32.9
 Uvurkhangai,15-19,Total,2009,42.4
 Uvurkhangai,15-19, Male,2025,30.5
 Uvurkhangai,15-19, Male,2024,32.6
 Uvurkhangai,15-19, Male,2023,31.3
 Uvurkhangai,15-19, Male,2022,16.0
 Uvurkhangai,15-19, Male,2021,16.9
 Uvurkhangai,15-19, Male,2020,27.9
 Uvurkhangai,15-19, Male,2019,22.8
 Uvurkhangai,15-19, Male,2018,34.7
 Uvurkhangai,15-19, Male,2017,31.9
 Uvurkhangai,15-19, Male,2016,29.4
 Uvurkhangai,15-19, Male,2015,30.0
 Uvurkhangai,15-19, Male,2014,31.1
 Uvurkhangai,15-19, Male,2013,39.8
 Uvurkhangai,15-19, Male,2012,56.9
 Uvurkhangai,15-19, Male,2011,32.0
 Uvurkhangai,15-19, Male,2010,41.5
 Uvurkhangai,15-19, Male,2009,50.9
 Uvurkhangai,15-19, Female,2025,5.9
 Uvurkhangai,15-19, Female,2024,3.6
 Uvurkhangai,15-19, Female,2023,13.8
 Uvurkhangai,15-19, Female,2022,2.1
 Uvurkhangai,15-19, Female,2021,5.9
 Uvurkhangai,15-19, Female,2020,5.4
 Uvurkhangai,15-19, Female,2019,11.7
 Uvurkhangai,15-19, Female,2018,13.3
 Uvurkhangai,15-19, Female,2017,24.1
 Uvurkhangai,15-19, Female,2016,16.5
 Uvurkhangai,15-19, Female,2015,18.7
 Uvurkhangai,15-19, Female,2014,25.4
 Uvurkhangai,15-19, Female,2013,34.3
 Uvurkhangai,15-19, Female,2012,36.1
 Uvurkhangai,15-19, Female,2011,20.6
 Uvurkhangai,15-19, Female,2010,25.2
 Uvurkhangai,15-19, Female,2009,33.8
 Uvurkhangai,20-24,Total,2025,79.0
 Uvurkhangai,20-24,Total,2024,84.2
 Uvurkhangai,20-24,Total,2023,57.3
 Uvurkhangai,20-24,Total,2022,59.8
 Uvurkhangai,20-24,Total,2021,56.9
 Uvurkhangai,20-24,Total,2020,57.3
 Uvurkhangai,20-24,Total,2019,90.4
 Uvurkhangai,20-24,Total,2018,72.8
 Uvurkhangai,20-24,Total,2017,84.2
 Uvurkhangai,20-24,Total,2016,89.5
 Uvurkhangai,20-24,Total,2015,76.4
 Uvurkhangai,20-24,Total,2014,80.9
 Uvurkhangai,20-24,Total,2013,81.7
 Uvurkhangai,20-24,Total,2012,75.2
 Uvurkhangai,20-24,Total,2011,68.2
 Uvurkhangai,20-24,Total,2010,81.8
 Uvurkhangai,20-24,Total,2009,82.4
 Uvurkhangai,20-24, Male,2025,89.9
 Uvurkhangai,20-24, Male,2024,95.5
 Uvurkhangai,20-24, Male,2023,88.7
 Uvurkhangai,20-24, Male,2022,80.5
 Uvurkhangai,20-24, Male,2021,79.2
 Uvurkhangai,20-24, Male,2020,63.8
 Uvurkhangai,20-24, Male,2019,99.0
 Uvurkhangai,20-24, Male,2018,90.0
 Uvurkhangai,20-24, Male,2017,90.3
 Uvurkhangai,20-24, Male,2016,91.4
 Uvurkhangai,20-24, Male,2015,84.6
 Uvurkhangai,20-24, Male,2014,87.4
 Uvurkhangai,20-24, Male,2013,95.1
 Uvurkhangai,20-24, Male,2012,90.0
 Uvurkhangai,20-24, Male,2011,73.9
 Uvurkhangai,20-24, Male,2010,87.5
 Uvurkhangai,20-24, Male,2009,85.0
 Uvurkhangai,20-24, Female,2025,61.1
 Uvurkhangai,20-24, Female,2024,61.7
 Uvurkhangai,20-24, Female,2023,21.4
 Uvurkhangai,20-24, Female,2022,42.1
 Uvurkhangai,20-24, Female,2021,35.0
 Uvurkhangai,20-24, Female,2020,43.2
 Uvurkhangai,20-24, Female,2019,83.2
 Uvurkhangai,20-24, Female,2018,54.5
 Uvurkhangai,20-24, Female,2017,72.7
 Uvurkhangai,20-24, Female,2016,86.5
 Uvurkhangai,20-24, Female,2015,69.9
 Uvurkhangai,20-24, Female,2014,73.7
 Uvurkhangai,20-24, Female,2013,70.5
 Uvurkhangai,20-24, Female,2012,54.0
 Uvurkhangai,20-24, Female,2011,63.5
 Uvurkhangai,20-24, Female,2010,74.8
 Uvurkhangai,20-24, Female,2009,79.5
 Uvurkhangai,25-29,Total,2025,92.6
 Uvurkhangai,25-29,Total,2024,88.0
 Uvurkhangai,25-29,Total,2023,78.6
 Uvurkhangai,25-29,Total,2022,95.9
 Uvurkhangai,25-29,Total,2021,94.0
 Uvurkhangai,25-29,Total,2020,84.7
 Uvurkhangai,25-29,Total,2019,90.3
 Uvurkhangai,25-29,Total,2018,83.4
 Uvurkhangai,25-29,Total,2017,88.9
 Uvurkhangai,25-29,Total,2016,90.7
 Uvurkhangai,25-29,Total,2015,89.7
 Uvurkhangai,25-29,Total,2014,88.9
 Uvurkhangai,25-29,Total,2013,86.4
 Uvurkhangai,25-29,Total,2012,86.4
 Uvurkhangai,25-29,Total,2011,66.4
 Uvurkhangai,25-29,Total,2010,84.6
 Uvurkhangai,25-29,Total,2009,88.4
 Uvurkhangai,25-29, Male,2025,100.0
 Uvurkhangai,25-29, Male,2024,100.0
 Uvurkhangai,25-29, Male,2023,82.2
 Uvurkhangai,25-29, Male,2022,98.8
 Uvurkhangai,25-29, Male,2021,100.0
 Uvurkhangai,25-29, Male,2020,88.8
 Uvurkhangai,25-29, Male,2019,93.5
 Uvurkhangai,25-29, Male,2018,93.5
 Uvurkhangai,25-29, Male,2017,95.0
 Uvurkhangai,25-29, Male,2016,94.3
 Uvurkhangai,25-29, Male,2015,96.4
 Uvurkhangai,25-29, Male,2014,90.2
 Uvurkhangai,25-29, Male,2013,92.9
 Uvurkhangai,25-29, Male,2012,96.7
 Uvurkhangai,25-29, Male,2011,78.9
 Uvurkhangai,25-29, Male,2010,84.4
 Uvurkhangai,25-29, Male,2009,93.9
 Uvurkhangai,25-29, Female,2025,86.4
 Uvurkhangai,25-29, Female,2024,75.1
 Uvurkhangai,25-29, Female,2023,74.5
 Uvurkhangai,25-29, Female,2022,91.3
 Uvurkhangai,25-29, Female,2021,86.0
 Uvurkhangai,25-29, Female,2020,81.2
 Uvurkhangai,25-29, Female,2019,83.1
 Uvurkhangai,25-29, Female,2018,75.2
 Uvurkhangai,25-29, Female,2017,82.4
 Uvurkhangai,25-29, Female,2016,87.6
 Uvurkhangai,25-29, Female,2015,81.5
 Uvurkhangai,25-29, Female,2014,87.6
 Uvurkhangai,25-29, Female,2013,80.6
 Uvurkhangai,25-29, Female,2012,77.5
 Uvurkhangai,25-29, Female,2011,52.1
 Uvurkhangai,25-29, Female,2010,84.7
 Uvurkhangai,25-29, Female,2009,84.5
 Uvurkhangai,30-34,Total,2025,88.9
 Uvurkhangai,30-34,Total,2024,99.2
 Uvurkhangai,30-34,Total,2023,92.0
 Uvurkhangai,30-34,Total,2022,85.5
 Uvurkhangai,30-34,Total,2021,93.6
 Uvurkhangai,30-34,Total,2020,93.3
 Uvurkhangai,30-34,Total,2019,96.0
 Uvurkhangai,30-34,Total,2018,89.1
 Uvurkhangai,30-34,Total,2017,91.5
 Uvurkhangai,30-34,Total,2016,91.8
 Uvurkhangai,30-34,Total,2015,86.7
 Uvurkhangai,30-34,Total,2014,87.5
 Uvurkhangai,30-34,Total,2013,90.7
 Uvurkhangai,30-34,Total,2012,91.2
 Uvurkhangai,30-34,Total,2011,74.7
 Uvurkhangai,30-34,Total,2010,87.1
 Uvurkhangai,30-34,Total,2009,83.8
 Uvurkhangai,30-34, Male,2025,100.0
 Uvurkhangai,30-34, Male,2024,100.0
 Uvurkhangai,30-34, Male,2023,97.3
 Uvurkhangai,30-34, Male,2022,98.2
 Uvurkhangai,30-34, Male,2021,100.0
 Uvurkhangai,30-34, Male,2020,94.5
 Uvurkhangai,30-34, Male,2019,97.4
 Uvurkhangai,30-34, Male,2018,94.0
 Uvurkhangai,30-34, Male,2017,94.0
 Uvurkhangai,30-34, Male,2016,93.8
 Uvurkhangai,30-34, Male,2015,91.2
 Uvurkhangai,30-34, Male,2014,100.0
 Uvurkhangai,30-34, Male,2013,96.5
 Uvurkhangai,30-34, Male,2012,96.6
 Uvurkhangai,30-34, Male,2011,79.8
 Uvurkhangai,30-34, Male,2010,91.4
 Uvurkhangai,30-34, Male,2009,90.9
 Uvurkhangai,30-34, Female,2025,77.2
 Uvurkhangai,30-34, Female,2024,98.5
 Uvurkhangai,30-34, Female,2023,88.3
 Uvurkhangai,30-34, Female,2022,76.8
 Uvurkhangai,30-34, Female,2021,88.1
 Uvurkhangai,30-34, Female,2020,91.8
 Uvurkhangai,30-34, Female,2019,95.2
 Uvurkhangai,30-34, Female,2018,84.2
 Uvurkhangai,30-34, Female,2017,89.0
 Uvurkhangai,30-34, Female,2016,89.7
 Uvurkhangai,30-34, Female,2015,82.6
 Uvurkhangai,30-34, Female,2014,76.8
 Uvurkhangai,30-34, Female,2013,85.4
 Uvurkhangai,30-34, Female,2012,86.7
 Uvurkhangai,30-34, Female,2011,70.4
 Uvurkhangai,30-34, Female,2010,81.9
 Uvurkhangai,30-34, Female,2009,75.6
 Uvurkhangai,35-39,Total,2025,94.5
 Uvurkhangai,35-39,Total,2024,95.0
 Uvurkhangai,35-39,Total,2023,87.2
 Uvurkhangai,35-39,Total,2022,82.3
 Uvurkhangai,35-39,Total,2021,94.8
 Uvurkhangai,35-39,Total,2020,95.0
 Uvurkhangai,35-39,Total,2019,87.6
 Uvurkhangai,35-39,Total,2018,95.6
 Uvurkhangai,35-39,Total,2017,84.5
 Uvurkhangai,35-39,Total,2016,88.5
 Uvurkhangai,35-39,Total,2015,94.7
 Uvurkhangai,35-39,Total,2014,95.1
 Uvurkhangai,35-39,Total,2013,97.1
 Uvurkhangai,35-39,Total,2012,95.6
 Uvurkhangai,35-39,Total,2011,81.7
 Uvurkhangai,35-39,Total,2010,84.9
 Uvurkhangai,35-39,Total,2009,89.2
 Uvurkhangai,35-39, Male,2025,97.4
 Uvurkhangai,35-39, Male,2024,93.0
 Uvurkhangai,35-39, Male,2023,92.4
 Uvurkhangai,35-39, Male,2022,93.8
 Uvurkhangai,35-39, Male,2021,99.3
 Uvurkhangai,35-39, Male,2020,94.0
 Uvurkhangai,35-39, Male,2019,100.0
 Uvurkhangai,35-39, Male,2018,94.9
 Uvurkhangai,35-39, Male,2017,92.5
 Uvurkhangai,35-39, Male,2016,91.5
 Uvurkhangai,35-39, Male,2015,91.9
 Uvurkhangai,35-39, Male,2014,95.1
 Uvurkhangai,35-39, Male,2013,97.1
 Uvurkhangai,35-39, Male,2012,96.5
 Uvurkhangai,35-39, Male,2011,87.5
 Uvurkhangai,35-39, Male,2010,89.7
 Uvurkhangai,35-39, Male,2009,90.7
 Uvurkhangai,35-39, Female,2025,91.4
 Uvurkhangai,35-39, Female,2024,96.7
 Uvurkhangai,35-39, Female,2023,81.9
 Uvurkhangai,35-39, Female,2022,73.3
 Uvurkhangai,35-39, Female,2021,89.8
 Uvurkhangai,35-39, Female,2020,95.7
 Uvurkhangai,35-39, Female,2019,69.0
 Uvurkhangai,35-39, Female,2018,96.3
 Uvurkhangai,35-39, Female,2017,77.7
 Uvurkhangai,35-39, Female,2016,86.0
 Uvurkhangai,35-39, Female,2015,96.9
 Uvurkhangai,35-39, Female,2014,95.0
 Uvurkhangai,35-39, Female,2013,97.1
 Uvurkhangai,35-39, Female,2012,94.7
 Uvurkhangai,35-39, Female,2011,76.5
 Uvurkhangai,35-39, Female,2010,80.6
 Uvurkhangai,35-39, Female,2009,87.8
 Uvurkhangai,40-44,Total,2025,96.0
 Uvurkhangai,40-44,Total,2024,99.2
 Uvurkhangai,40-44,Total,2023,86.8
 Uvurkhangai,40-44,Total,2022,85.6
 Uvurkhangai,40-44,Total,2021,96.8
 Uvurkhangai,40-44,Total,2020,83.3
 Uvurkhangai,40-44,Total,2019,93.7
 Uvurkhangai,40-44,Total,2018,98.6
 Uvurkhangai,40-44,Total,2017,91.1
 Uvurkhangai,40-44,Total,2016,90.2
 Uvurkhangai,40-44,Total,2015,91.3
 Uvurkhangai,40-44,Total,2014,93.1
 Uvurkhangai,40-44,Total,2013,94.6
 Uvurkhangai,40-44,Total,2012,94.2
 Uvurkhangai,40-44,Total,2011,83.4
 Uvurkhangai,40-44,Total,2010,80.0
 Uvurkhangai,40-44,Total,2009,89.6
 Uvurkhangai,40-44, Male,2025,100.0
 Uvurkhangai,40-44, Male,2024,100.0
 Uvurkhangai,40-44, Male,2023,87.0
 Uvurkhangai,40-44, Male,2022,87.6
 Uvurkhangai,40-44, Male,2021,94.7
 Uvurkhangai,40-44, Male,2020,96.5
 Uvurkhangai,40-44, Male,2019,98.3
 Uvurkhangai,40-44, Male,2018,100.0
 Uvurkhangai,40-44, Male,2017,93.7
 Uvurkhangai,40-44, Male,2016,90.0
 Uvurkhangai,40-44, Male,2015,94.3
 Uvurkhangai,40-44, Male,2014,96.8
 Uvurkhangai,40-44, Male,2013,94.8
 Uvurkhangai,40-44, Male,2012,96.9
 Uvurkhangai,40-44, Male,2011,81.9
 Uvurkhangai,40-44, Male,2010,81.5
 Uvurkhangai,40-44, Male,2009,91.2
 Uvurkhangai,40-44, Female,2025,92.3
 Uvurkhangai,40-44, Female,2024,98.2
 Uvurkhangai,40-44, Female,2023,86.6
 Uvurkhangai,40-44, Female,2022,84.2
 Uvurkhangai,40-44, Female,2021,100.0
 Uvurkhangai,40-44, Female,2020,73.4
 Uvurkhangai,40-44, Female,2019,88.5
 Uvurkhangai,40-44, Female,2018,97.2
 Uvurkhangai,40-44, Female,2017,89.2
 Uvurkhangai,40-44, Female,2016,90.5
 Uvurkhangai,40-44, Female,2015,88.1
 Uvurkhangai,40-44, Female,2014,89.6
 Uvurkhangai,40-44, Female,2013,94.3
 Uvurkhangai,40-44, Female,2012,91.8
 Uvurkhangai,40-44, Female,2011,84.8
 Uvurkhangai,40-44, Female,2010,78.5
 Uvurkhangai,40-44, Female,2009,88.3
 Uvurkhangai,45-49,Total,2025,93.3
 Uvurkhangai,45-49,Total,2024,90.8
 Uvurkhangai,45-49,Total,2023,95.5
 Uvurkhangai,45-49,Total,2022,87.4
 Uvurkhangai,45-49,Total,2021,95.1
 Uvurkhangai,45-49,Total,2020,85.7
 Uvurkhangai,45-49,Total,2019,89.5
 Uvurkhangai,45-49,Total,2018,90.0
 Uvurkhangai,45-49,Total,2017,96.5
 Uvurkhangai,45-49,Total,2016,90.2
 Uvurkhangai,45-49,Total,2015,89.0
 Uvurkhangai,45-49,Total,2014,89.2
 Uvurkhangai,45-49,Total,2013,90.4
 Uvurkhangai,45-49,Total,2012,87.7
 Uvurkhangai,45-49,Total,2011,78.6
 Uvurkhangai,45-49,Total,2010,80.3
 Uvurkhangai,45-49,Total,2009,88.3
 Uvurkhangai,45-49, Male,2025,95.7
 Uvurkhangai,45-49, Male,2024,87.3
 Uvurkhangai,45-49, Male,2023,100.0
 Uvurkhangai,45-49, Male,2022,96.5
 Uvurkhangai,45-49, Male,2021,94.1
 Uvurkhangai,45-49, Male,2020,79.5
 Uvurkhangai,45-49, Male,2019,87.3
 Uvurkhangai,45-49, Male,2018,92.9
 Uvurkhangai,45-49, Male,2017,98.2
 Uvurkhangai,45-49, Male,2016,95.4
 Uvurkhangai,45-49, Male,2015,92.0
 Uvurkhangai,45-49, Male,2014,93.4
 Uvurkhangai,45-49, Male,2013,95.5
 Uvurkhangai,45-49, Male,2012,93.6
 Uvurkhangai,45-49, Male,2011,84.4
 Uvurkhangai,45-49, Male,2010,83.7
 Uvurkhangai,45-49, Male,2009,85.8
 Uvurkhangai,45-49, Female,2025,90.9
 Uvurkhangai,45-49, Female,2024,93.2
 Uvurkhangai,45-49, Female,2023,91.7
 Uvurkhangai,45-49, Female,2022,78.9
 Uvurkhangai,45-49, Female,2021,95.9
 Uvurkhangai,45-49, Female,2020,95.4
 Uvurkhangai,45-49, Female,2019,92.6
 Uvurkhangai,45-49, Female,2018,87.1
 Uvurkhangai,45-49, Female,2017,94.8
 Uvurkhangai,45-49, Female,2016,85.5
 Uvurkhangai,45-49, Female,2015,86.1
 Uvurkhangai,45-49, Female,2014,85.3
 Uvurkhangai,45-49, Female,2013,86.0
 Uvurkhangai,45-49, Female,2012,81.5
 Uvurkhangai,45-49, Female,2011,73.3
 Uvurkhangai,45-49, Female,2010,77.0
 Uvurkhangai,45-49, Female,2009,91.1
 Uvurkhangai,50-54,Total,2025,96.5
 Uvurkhangai,50-54,Total,2024,97.6
 Uvurkhangai,50-54,Total,2023,83.6
 Uvurkhangai,50-54,Total,2022,83.8
 Uvurkhangai,50-54,Total,2021,79.9
 Uvurkhangai,50-54,Total,2020,76.0
 Uvurkhangai,50-54,Total,2019,89.8
 Uvurkhangai,50-54,Total,2018,89.0
 Uvurkhangai,50-54,Total,2017,87.7
 Uvurkhangai,50-54,Total,2016,83.9
 Uvurkhangai,50-54,Total,2015,78.9
 Uvurkhangai,50-54,Total,2014,82.7
 Uvurkhangai,50-54,Total,2013,74.1
 Uvurkhangai,50-54,Total,2012,76.1
 Uvurkhangai,50-54,Total,2011,71.5
 Uvurkhangai,50-54,Total,2010,75.8
 Uvurkhangai,50-54,Total,2009,91.1
 Uvurkhangai,50-54, Male,2025,100.0
 Uvurkhangai,50-54, Male,2024,96.9
 Uvurkhangai,50-54, Male,2023,79.0
 Uvurkhangai,50-54, Male,2022,89.2
 Uvurkhangai,50-54, Male,2021,77.1
 Uvurkhangai,50-54, Male,2020,95.6
 Uvurkhangai,50-54, Male,2019,100.0
 Uvurkhangai,50-54, Male,2018,93.0
 Uvurkhangai,50-54, Male,2017,92.4
 Uvurkhangai,50-54, Male,2016,89.8
 Uvurkhangai,50-54, Male,2015,83.8
 Uvurkhangai,50-54, Male,2014,89.1
 Uvurkhangai,50-54, Male,2013,75.9
 Uvurkhangai,50-54, Male,2012,80.5
 Uvurkhangai,50-54, Male,2011,85.8
 Uvurkhangai,50-54, Male,2010,89.7
 Uvurkhangai,50-54, Male,2009,93.2
 Uvurkhangai,50-54, Female,2025,91.3
 Uvurkhangai,50-54, Female,2024,98.2
 Uvurkhangai,50-54, Female,2023,87.7
 Uvurkhangai,50-54, Female,2022,76.1
 Uvurkhangai,50-54, Female,2021,81.4
 Uvurkhangai,50-54, Female,2020,61.9
 Uvurkhangai,50-54, Female,2019,82.5
 Uvurkhangai,50-54, Female,2018,86.1
 Uvurkhangai,50-54, Female,2017,82.1
 Uvurkhangai,50-54, Female,2016,77.5
 Uvurkhangai,50-54, Female,2015,74.8
 Uvurkhangai,50-54, Female,2014,76.0
 Uvurkhangai,50-54, Female,2013,72.7
 Uvurkhangai,50-54, Female,2012,72.7
 Uvurkhangai,50-54, Female,2011,57.1
 Uvurkhangai,50-54, Female,2010,58.2
 Uvurkhangai,50-54, Female,2009,89.3
 Uvurkhangai,55-59,Total,2025,77.4
 Uvurkhangai,55-59,Total,2024,76.5
 Uvurkhangai,55-59,Total,2023,70.2
 Uvurkhangai,55-59,Total,2022,63.6
 Uvurkhangai,55-59,Total,2021,56.8
 Uvurkhangai,55-59,Total,2020,34.7
 Uvurkhangai,55-59,Total,2019,56.2
 Uvurkhangai,55-59,Total,2018,70.6
 Uvurkhangai,55-59,Total,2017,71.1
 Uvurkhangai,55-59,Total,2016,65.4
 Uvurkhangai,55-59,Total,2015,64.5
 Uvurkhangai,55-59,Total,2014,74.5
 Uvurkhangai,55-59,Total,2013,68.6
 Uvurkhangai,55-59,Total,2012,64.0
 Uvurkhangai,55-59,Total,2011,61.2
 Uvurkhangai,55-59,Total,2010,73.8
 Uvurkhangai,55-59,Total,2009,61.7
 Uvurkhangai,55-59, Male,2025,96.5
 Uvurkhangai,55-59, Male,2024,89.1
 Uvurkhangai,55-59, Male,2023,73.2
 Uvurkhangai,55-59, Male,2022,88.9
 Uvurkhangai,55-59, Male,2021,80.6
 Uvurkhangai,55-59, Male,2020,60.6
 Uvurkhangai,55-59, Male,2019,66.3
 Uvurkhangai,55-59, Male,2018,88.4
 Uvurkhangai,55-59, Male,2017,82.2
 Uvurkhangai,55-59, Male,2016,84.4
 Uvurkhangai,55-59, Male,2015,69.9
 Uvurkhangai,55-59, Male,2014,88.0
 Uvurkhangai,55-59, Male,2013,87.7
 Uvurkhangai,55-59, Male,2012,81.4
 Uvurkhangai,55-59, Male,2011,77.2
 Uvurkhangai,55-59, Male,2010,84.2
 Uvurkhangai,55-59, Male,2009,58.2
 Uvurkhangai,55-59, Female,2025,63.9
 Uvurkhangai,55-59, Female,2024,56.8
 Uvurkhangai,55-59, Female,2023,67.4
 Uvurkhangai,55-59, Female,2022,39.5
 Uvurkhangai,55-59, Female,2021,39.2
 Uvurkhangai,55-59, Female,2020,18.3
 Uvurkhangai,55-59, Female,2019,49.9
 Uvurkhangai,55-59, Female,2018,52.5
 Uvurkhangai,55-59, Female,2017,60.5
 Uvurkhangai,55-59, Female,2016,52.3
 Uvurkhangai,55-59, Female,2015,59.4
 Uvurkhangai,55-59, Female,2014,58.3
 Uvurkhangai,55-59, Female,2013,51.6
 Uvurkhangai,55-59, Female,2012,52.9
 Uvurkhangai,55-59, Female,2011,45.8
 Uvurkhangai,55-59, Female,2010,60.5
 Uvurkhangai,55-59, Female,2009,65.4
 Uvurkhangai,60-64,Total,2025,56.8
 Uvurkhangai,60-64,Total,2024,48.2
 Uvurkhangai,60-64,Total,2023,33.2
 Uvurkhangai,60-64,Total,2022,53.6
 Uvurkhangai,60-64,Total,2021,45.6
 Uvurkhangai,60-64,Total,2020,32.2
 Uvurkhangai,60-64,Total,2019,22.5
 Uvurkhangai,60-64,Total,2018,42.4
 Uvurkhangai,60-64,Total,2017,42.3
 Uvurkhangai,60-64,Total,2016,51.5
 Uvurkhangai,60-64,Total,2015,44.1
 Uvurkhangai,60-64,Total,2014,29.7
 Uvurkhangai,60-64,Total,2013,74.0
 Uvurkhangai,60-64,Total,2012,39.8
 Uvurkhangai,60-64,Total,2011,27.0
 Uvurkhangai,60-64,Total,2010,29.8
 Uvurkhangai,60-64,Total,2009,44.3
 Uvurkhangai,60-64, Male,2025,62.8
 Uvurkhangai,60-64, Male,2024,64.2
 Uvurkhangai,60-64, Male,2023,42.9
 Uvurkhangai,60-64, Male,2022,41.6
 Uvurkhangai,60-64, Male,2021,33.7
 Uvurkhangai,60-64, Male,2020,44.5
 Uvurkhangai,60-64, Male,2019,28.6
 Uvurkhangai,60-64, Male,2018,48.0
 Uvurkhangai,60-64, Male,2017,43.2
 Uvurkhangai,60-64, Male,2016,45.8
 Uvurkhangai,60-64, Male,2015,53.7
 Uvurkhangai,60-64, Male,2014,35.3
 Uvurkhangai,60-64, Male,2013,81.2
 Uvurkhangai,60-64, Male,2012,52.3
 Uvurkhangai,60-64, Male,2011,22.7
 Uvurkhangai,60-64, Male,2010,32.2
 Uvurkhangai,60-64, Male,2009,26.5
 Uvurkhangai,60-64, Female,2025,51.1
 Uvurkhangai,60-64, Female,2024,38.2
 Uvurkhangai,60-64, Female,2023,27.5
 Uvurkhangai,60-64, Female,2022,58.7
 Uvurkhangai,60-64, Female,2021,60.2
 Uvurkhangai,60-64, Female,2020,23.3
 Uvurkhangai,60-64, Female,2019,16.0
 Uvurkhangai,60-64, Female,2018,38.5
 Uvurkhangai,60-64, Female,2017,41.6
 Uvurkhangai,60-64, Female,2016,58.3
 Uvurkhangai,60-64, Female,2015,38.1
 Uvurkhangai,60-64, Female,2014,22.0
 Uvurkhangai,60-64, Female,2013,63.7
 Uvurkhangai,60-64, Female,2012,27.7
 Uvurkhangai,60-64, Female,2011,31.8
 Uvurkhangai,60-64, Female,2010,28.1
 Uvurkhangai,60-64, Female,2009,55.3
 Uvurkhangai,65-69,Total,2025,33.8
 Uvurkhangai,65-69,Total,2024,37.6
 Uvurkhangai,65-69,Total,2023,23.8
 Uvurkhangai,65-69,Total,2022,39.1
 Uvurkhangai,65-69,Total,2021,42.1
 Uvurkhangai,65-69,Total,2020,36.5
 Uvurkhangai,65-69,Total,2019,36.8
 Uvurkhangai,65-69,Total,2018,32.6
 Uvurkhangai,65-69,Total,2017,33.1
 Uvurkhangai,65-69,Total,2016,38.3
 Uvurkhangai,65-69,Total,2015,42.7
 Uvurkhangai,65-69,Total,2014,41.5
 Uvurkhangai,65-69,Total,2013,55.6
 Uvurkhangai,65-69,Total,2012,9.8
 Uvurkhangai,65-69,Total,2011,32.0
 Uvurkhangai,65-69,Total,2010,37.9
 Uvurkhangai,65-69,Total,2009,27.8
 Uvurkhangai,65-69, Male,2025,40.4
 Uvurkhangai,65-69, Male,2024,32.7
 Uvurkhangai,65-69, Male,2023,47.9
 Uvurkhangai,65-69, Male,2022,48.9
 Uvurkhangai,65-69, Male,2021,57.0
 Uvurkhangai,65-69, Male,2020,34.7
 Uvurkhangai,65-69, Male,2019,56.8
 Uvurkhangai,65-69, Male,2018,45.0
 Uvurkhangai,65-69, Male,2017,24.7
 Uvurkhangai,65-69, Male,2016,30.3
 Uvurkhangai,65-69, Male,2015,32.9
 Uvurkhangai,65-69, Male,2014,39.5
 Uvurkhangai,65-69, Male,2013,50.0
 Uvurkhangai,65-69, Male,2012,0.0
 Uvurkhangai,65-69, Male,2011,35.6
 Uvurkhangai,65-69, Male,2010,32.3
 Uvurkhangai,65-69, Male,2009,42.6
 Uvurkhangai,65-69, Female,2025,29.1
 Uvurkhangai,65-69, Female,2024,41.6
 Uvurkhangai,65-69, Female,2023,16.6
 Uvurkhangai,65-69, Female,2022,21.1
 Uvurkhangai,65-69, Female,2021,9.5
 Uvurkhangai,65-69, Female,2020,38.3
 Uvurkhangai,65-69, Female,2019,3.3
 Uvurkhangai,65-69, Female,2018,22.7
 Uvurkhangai,65-69, Female,2017,39.8
 Uvurkhangai,65-69, Female,2016,45.5
 Uvurkhangai,65-69, Female,2015,47.6
 Uvurkhangai,65-69, Female,2014,43.2
 Uvurkhangai,65-69, Female,2013,58.3
 Uvurkhangai,65-69, Female,2012,16.0
 Uvurkhangai,65-69, Female,2011,27.5
 Uvurkhangai,65-69, Female,2010,48.0
 Uvurkhangai,65-69, Female,2009,17.1
 Uvurkhangai,70+,Total,2025,22.2
 Uvurkhangai,70+,Total,2024,12.2
 Uvurkhangai,70+,Total,2023,10.9
 Uvurkhangai,70+,Total,2022,4.1
 Uvurkhangai,70+,Total,2021,9.7
 Uvurkhangai,70+,Total,2020,0.0
 Uvurkhangai,70+,Total,2019,5.9
 Uvurkhangai,70+,Total,2018,9.1
 Uvurkhangai,70+,Total,2017,21.0
 Uvurkhangai,70+,Total,2016,15.7
 Uvurkhangai,70+,Total,2015,20.8
 Uvurkhangai,70+,Total,2014,24.1
 Uvurkhangai,70+,Total,2013,16.1
 Uvurkhangai,70+,Total,2012,18.7
 Uvurkhangai,70+,Total,2011,20.1
 Uvurkhangai,70+,Total,2010,25.2
 Uvurkhangai,70+,Total,2009,0.0
 Uvurkhangai,70+, Male,2025,39.8
 Uvurkhangai,70+, Male,2024,11.9
 Uvurkhangai,70+, Male,2023,16.8
 Uvurkhangai,70+, Male,2022,16.0
 Uvurkhangai,70+, Male,2021,7.3
 Uvurkhangai,70+, Male,2020,0.0
 Uvurkhangai,70+, Male,2019,9.7
 Uvurkhangai,70+, Male,2018,9.3
 Uvurkhangai,70+, Male,2017,31.1
 Uvurkhangai,70+, Male,2016,35.4
 Uvurkhangai,70+, Male,2015,19.9
 Uvurkhangai,70+, Male,2014,33.3
 Uvurkhangai,70+, Male,2013,43.1
 Uvurkhangai,70+, Male,2012,23.6
 Uvurkhangai,70+, Male,2011,31.7
 Uvurkhangai,70+, Male,2010,27.6
 Uvurkhangai,70+, Male,2009,0.0
 Uvurkhangai,70+, Female,2025,16.4
 Uvurkhangai,70+, Female,2024,12.4
 Uvurkhangai,70+, Female,2023,5.2
 Uvurkhangai,70+, Female,2022,0.0
 Uvurkhangai,70+, Female,2021,10.1
 Uvurkhangai,70+, Female,2020,0.0
 Uvurkhangai,70+, Female,2019,0.0
 Uvurkhangai,70+, Female,2018,8.9
 Uvurkhangai,70+, Female,2017,11.6
 Uvurkhangai,70+, Female,2016,3.6
 Uvurkhangai,70+, Female,2015,21.9
 Uvurkhangai,70+, Female,2014,16.4
 Uvurkhangai,70+, Female,2013,0.0
 Uvurkhangai,70+, Female,2012,14.1
 Uvurkhangai,70+, Female,2011,10.3
 Uvurkhangai,70+, Female,2010,23.4
 Uvurkhangai,70+, Female,2009,0.0
 Western region,Total,Total,2025,66.4
 Western region,Total,Total,2024,65.5
 Western region,Total,Total,2023,67.3
 Western region,Total,Total,2022,64.4
 Western region,Total,Total,2021,64.4
 Western region,Total,Total,2020,63.1
 Western region,Total,Total,2019,65.5
 Western region,Total,Total,2018,72.4
 Western region,Total,Total,2017,73.4
 Western region,Total,Total,2016,71.6
 Western region,Total,Total,2015,73.1
 Western region,Total,Total,2014,74.3
 Western region,Total,Total,2013,71.7
 Western region,Total,Total,2012,75.7
 Western region,Total,Total,2011,71.8
 Western region,Total,Total,2010,73.4
 Western region,Total,Total,2009,73.5
 Western region,Total, Male,2025,71.6
 Western region,Total, Male,2024,72.4
 Western region,Total, Male,2023,71.9
 Western region,Total, Male,2022,71.0
 Western region,Total, Male,2021,70.6
 Western region,Total, Male,2020,66.9
 Western region,Total, Male,2019,69.2
 Western region,Total, Male,2018,77.7
 Western region,Total, Male,2017,78.0
 Western region,Total, Male,2016,76.6
 Western region,Total, Male,2015,77.0
 Western region,Total, Male,2014,78.2
 Western region,Total, Male,2013,76.0
 Western region,Total, Male,2012,79.2
 Western region,Total, Male,2011,75.7
 Western region,Total, Male,2010,77.3
 Western region,Total, Male,2009,76.5
 Western region,Total, Female,2025,61.2
 Western region,Total, Female,2024,59.0
 Western region,Total, Female,2023,62.5
 Western region,Total, Female,2022,57.9
 Western region,Total, Female,2021,58.3
 Western region,Total, Female,2020,59.3
 Western region,Total, Female,2019,61.9
 Western region,Total, Female,2018,67.1
 Western region,Total, Female,2017,68.8
 Western region,Total, Female,2016,66.8
 Western region,Total, Female,2015,69.4
 Western region,Total, Female,2014,70.5
 Western region,Total, Female,2013,67.6
 Western region,Total, Female,2012,72.2
 Western region,Total, Female,2011,68.0
 Western region,Total, Female,2010,69.7
 Western region,Total, Female,2009,70.6
 Western region,15-19,Total,2025,8.4
 Western region,15-19,Total,2024,8.5
 Western region,15-19,Total,2023,9.5
 Western region,15-19,Total,2022,8.8
 Western region,15-19,Total,2021,11.5
 Western region,15-19,Total,2020,14.8
 Western region,15-19,Total,2019,14.1
 Western region,15-19,Total,2018,11.8
 Western region,15-19,Total,2017,14.2
 Western region,15-19,Total,2016,11.8
 Western region,15-19,Total,2015,15.9
 Western region,15-19,Total,2014,16.9
 Western region,15-19,Total,2013,15.7
 Western region,15-19,Total,2012,46.5
 Western region,15-19,Total,2011,26.1
 Western region,15-19,Total,2010,24.6
 Western region,15-19,Total,2009,27.9
 Western region,15-19, Male,2025,12.3
 Western region,15-19, Male,2024,14.9
 Western region,15-19, Male,2023,12.7
 Western region,15-19, Male,2022,11.5
 Western region,15-19, Male,2021,17.5
 Western region,15-19, Male,2020,19.1
 Western region,15-19, Male,2019,19.1
 Western region,15-19, Male,2018,16.8
 Western region,15-19, Male,2017,19.4
 Western region,15-19, Male,2016,17.9
 Western region,15-19, Male,2015,19.7
 Western region,15-19, Male,2014,22.6
 Western region,15-19, Male,2013,19.3
 Western region,15-19, Male,2012,48.8
 Western region,15-19, Male,2011,30.5
 Western region,15-19, Male,2010,28.5
 Western region,15-19, Male,2009,31.8
 Western region,15-19, Female,2025,3.6
 Western region,15-19, Female,2024,3.3
 Western region,15-19, Female,2023,5.4
 Western region,15-19, Female,2022,5.8
 Western region,15-19, Female,2021,5.4
 Western region,15-19, Female,2020,10.0
 Western region,15-19, Female,2019,8.2
 Western region,15-19, Female,2018,5.9
 Western region,15-19, Female,2017,9.1
 Western region,15-19, Female,2016,6.3
 Western region,15-19, Female,2015,12.1
 Western region,15-19, Female,2014,10.9
 Western region,15-19, Female,2013,11.5
 Western region,15-19, Female,2012,44.1
 Western region,15-19, Female,2011,21.5
 Western region,15-19, Female,2010,20.9
 Western region,15-19, Female,2009,23.9
 Western region,20-24,Total,2025,52.4
 Western region,20-24,Total,2024,49.9
 Western region,20-24,Total,2023,49.0
 Western region,20-24,Total,2022,50.7
 Western region,20-24,Total,2021,59.8
 Western region,20-24,Total,2020,65.5
 Western region,20-24,Total,2019,59.6
 Western region,20-24,Total,2018,74.2
 Western region,20-24,Total,2017,75.5
 Western region,20-24,Total,2016,78.4
 Western region,20-24,Total,2015,76.3
 Western region,20-24,Total,2014,73.2
 Western region,20-24,Total,2013,69.7
 Western region,20-24,Total,2012,67.9
 Western region,20-24,Total,2011,68.3
 Western region,20-24,Total,2010,71.6
 Western region,20-24,Total,2009,72.5
 Western region,20-24, Male,2025,61.0
 Western region,20-24, Male,2024,50.8
 Western region,20-24, Male,2023,58.3
 Western region,20-24, Male,2022,65.9
 Western region,20-24, Male,2021,73.4
 Western region,20-24, Male,2020,70.7
 Western region,20-24, Male,2019,60.7
 Western region,20-24, Male,2018,85.4
 Western region,20-24, Male,2017,80.3
 Western region,20-24, Male,2016,82.1
 Western region,20-24, Male,2015,81.6
 Western region,20-24, Male,2014,77.8
 Western region,20-24, Male,2013,74.3
 Western region,20-24, Male,2012,73.1
 Western region,20-24, Male,2011,73.7
 Western region,20-24, Male,2010,77.0
 Western region,20-24, Male,2009,76.0
 Western region,20-24, Female,2025,42.7
 Western region,20-24, Female,2024,48.9
 Western region,20-24, Female,2023,33.2
 Western region,20-24, Female,2022,35.4
 Western region,20-24, Female,2021,47.0
 Western region,20-24, Female,2020,59.4
 Western region,20-24, Female,2019,58.5
 Western region,20-24, Female,2018,61.9
 Western region,20-24, Female,2017,69.3
 Western region,20-24, Female,2016,73.9
 Western region,20-24, Female,2015,70.8
 Western region,20-24, Female,2014,68.0
 Western region,20-24, Female,2013,65.1
 Western region,20-24, Female,2012,62.0
 Western region,20-24, Female,2011,63.2
 Western region,20-24, Female,2010,66.1
 Western region,20-24, Female,2009,69.1
 Western region,25-29,Total,2025,87.7
 Western region,25-29,Total,2024,83.3
 Western region,25-29,Total,2023,87.8
 Western region,25-29,Total,2022,87.5
 Western region,25-29,Total,2021,74.6
 Western region,25-29,Total,2020,75.1
 Western region,25-29,Total,2019,75.8
 Western region,25-29,Total,2018,86.2
 Western region,25-29,Total,2017,91.6
 Western region,25-29,Total,2016,90.2
 Western region,25-29,Total,2015,90.6
 Western region,25-29,Total,2014,91.1
 Western region,25-29,Total,2013,91.6
 Western region,25-29,Total,2012,89.7
 Western region,25-29,Total,2011,87.4
 Western region,25-29,Total,2010,87.9
 Western region,25-29,Total,2009,88.9
 Western region,25-29, Male,2025,95.0
 Western region,25-29, Male,2024,89.6
 Western region,25-29, Male,2023,91.1
 Western region,25-29, Male,2022,93.1
 Western region,25-29, Male,2021,86.1
 Western region,25-29, Male,2020,82.5
 Western region,25-29, Male,2019,83.1
 Western region,25-29, Male,2018,94.2
 Western region,25-29, Male,2017,94.0
 Western region,25-29, Male,2016,93.7
 Western region,25-29, Male,2015,94.9
 Western region,25-29, Male,2014,95.5
 Western region,25-29, Male,2013,96.8
 Western region,25-29, Male,2012,93.8
 Western region,25-29, Male,2011,90.7
 Western region,25-29, Male,2010,90.7
 Western region,25-29, Male,2009,94.7
 Western region,25-29, Female,2025,78.7
 Western region,25-29, Female,2024,76.2
 Western region,25-29, Female,2023,84.1
 Western region,25-29, Female,2022,81.8
 Western region,25-29, Female,2021,60.2
 Western region,25-29, Female,2020,68.1
 Western region,25-29, Female,2019,66.7
 Western region,25-29, Female,2018,78.0
 Western region,25-29, Female,2017,89.4
 Western region,25-29, Female,2016,86.7
 Western region,25-29, Female,2015,86.0
 Western region,25-29, Female,2014,86.1
 Western region,25-29, Female,2013,86.8
 Western region,25-29, Female,2012,85.7
 Western region,25-29, Female,2011,83.7
 Western region,25-29, Female,2010,85.0
 Western region,25-29, Female,2009,82.4
 Western region,30-34,Total,2025,93.7
 Western region,30-34,Total,2024,88.3
 Western region,30-34,Total,2023,90.3
 Western region,30-34,Total,2022,78.0
 Western region,30-34,Total,2021,85.3
 Western region,30-34,Total,2020,82.6
 Western region,30-34,Total,2019,85.5
 Western region,30-34,Total,2018,90.4
 Western region,30-34,Total,2017,92.6
 Western region,30-34,Total,2016,90.3
 Western region,30-34,Total,2015,92.8
 Western region,30-34,Total,2014,92.9
 Western region,30-34,Total,2013,91.7
 Western region,30-34,Total,2012,92.3
 Western region,30-34,Total,2011,90.5
 Western region,30-34,Total,2010,92.6
 Western region,30-34,Total,2009,90.1
 Western region,30-34, Male,2025,95.7
 Western region,30-34, Male,2024,95.6
 Western region,30-34, Male,2023,90.1
 Western region,30-34, Male,2022,83.7
 Western region,30-34, Male,2021,92.0
 Western region,30-34, Male,2020,84.3
 Western region,30-34, Male,2019,88.8
 Western region,30-34, Male,2018,96.2
 Western region,30-34, Male,2017,96.7
 Western region,30-34, Male,2016,96.8
 Western region,30-34, Male,2015,97.8
 Western region,30-34, Male,2014,94.0
 Western region,30-34, Male,2013,94.5
 Western region,30-34, Male,2012,93.1
 Western region,30-34, Male,2011,93.5
 Western region,30-34, Male,2010,97.4
 Western region,30-34, Male,2009,94.4
 Western region,30-34, Female,2025,91.3
 Western region,30-34, Female,2024,80.8
 Western region,30-34, Female,2023,90.6
 Western region,30-34, Female,2022,71.6
 Western region,30-34, Female,2021,78.9
 Western region,30-34, Female,2020,80.8
 Western region,30-34, Female,2019,82.6
 Western region,30-34, Female,2018,85.7
 Western region,30-34, Female,2017,88.6
 Western region,30-34, Female,2016,84.0
 Western region,30-34, Female,2015,88.3
 Western region,30-34, Female,2014,91.9
 Western region,30-34, Female,2013,88.8
 Western region,30-34, Female,2012,91.5
 Western region,30-34, Female,2011,88.1
 Western region,30-34, Female,2010,88.1
 Western region,30-34, Female,2009,86.1
 Western region,35-39,Total,2025,93.7
 Western region,35-39,Total,2024,91.2
 Western region,35-39,Total,2023,89.9
 Western region,35-39,Total,2022,92.4
 Western region,35-39,Total,2021,86.2
 Western region,35-39,Total,2020,81.1
 Western region,35-39,Total,2019,83.3
 Western region,35-39,Total,2018,92.5
 Western region,35-39,Total,2017,94.3
 Western region,35-39,Total,2016,92.6
 Western region,35-39,Total,2015,92.7
 Western region,35-39,Total,2014,95.3
 Western region,35-39,Total,2013,93.7
 Western region,35-39,Total,2012,92.8
 Western region,35-39,Total,2011,93.3
 Western region,35-39,Total,2010,95.4
 Western region,35-39,Total,2009,93.6
 Western region,35-39, Male,2025,94.3
 Western region,35-39, Male,2024,92.6
 Western region,35-39, Male,2023,92.3
 Western region,35-39, Male,2022,92.9
 Western region,35-39, Male,2021,87.4
 Western region,35-39, Male,2020,82.9
 Western region,35-39, Male,2019,83.3
 Western region,35-39, Male,2018,98.4
 Western region,35-39, Male,2017,97.2
 Western region,35-39, Male,2016,95.5
 Western region,35-39, Male,2015,96.0
 Western region,35-39, Male,2014,98.6
 Western region,35-39, Male,2013,97.3
 Western region,35-39, Male,2012,94.5
 Western region,35-39, Male,2011,95.7
 Western region,35-39, Male,2010,98.4
 Western region,35-39, Male,2009,98.7
 Western region,35-39, Female,2025,93.1
 Western region,35-39, Female,2024,89.6
 Western region,35-39, Female,2023,87.5
 Western region,35-39, Female,2022,91.9
 Western region,35-39, Female,2021,84.8
 Western region,35-39, Female,2020,79.2
 Western region,35-39, Female,2019,83.4
 Western region,35-39, Female,2018,86.6
 Western region,35-39, Female,2017,91.6
 Western region,35-39, Female,2016,90.1
 Western region,35-39, Female,2015,89.5
 Western region,35-39, Female,2014,92.2
 Western region,35-39, Female,2013,90.6
 Western region,35-39, Female,2012,91.3
 Western region,35-39, Female,2011,91.2
 Western region,35-39, Female,2010,92.8
 Western region,35-39, Female,2009,89.7
 Western region,40-44,Total,2025,91.7
 Western region,40-44,Total,2024,91.6
 Western region,40-44,Total,2023,89.1
 Western region,40-44,Total,2022,88.3
 Western region,40-44,Total,2021,84.9
 Western region,40-44,Total,2020,79.9
 Western region,40-44,Total,2019,83.5
 Western region,40-44,Total,2018,94.9
 Western region,40-44,Total,2017,95.0
 Western region,40-44,Total,2016,93.3
 Western region,40-44,Total,2015,94.4
 Western region,40-44,Total,2014,94.7
 Western region,40-44,Total,2013,91.1
 Western region,40-44,Total,2012,92.4
 Western region,40-44,Total,2011,92.5
 Western region,40-44,Total,2010,92.9
 Western region,40-44,Total,2009,89.7
 Western region,40-44, Male,2025,92.8
 Western region,40-44, Male,2024,95.5
 Western region,40-44, Male,2023,94.5
 Western region,40-44, Male,2022,89.9
 Western region,40-44, Male,2021,85.9
 Western region,40-44, Male,2020,83.6
 Western region,40-44, Male,2019,83.9
 Western region,40-44, Male,2018,94.6
 Western region,40-44, Male,2017,96.3
 Western region,40-44, Male,2016,93.8
 Western region,40-44, Male,2015,96.2
 Western region,40-44, Male,2014,96.7
 Western region,40-44, Male,2013,94.2
 Western region,40-44, Male,2012,92.8
 Western region,40-44, Male,2011,94.6
 Western region,40-44, Male,2010,94.4
 Western region,40-44, Male,2009,90.0
 Western region,40-44, Female,2025,90.6
 Western region,40-44, Female,2024,87.6
 Western region,40-44, Female,2023,83.7
 Western region,40-44, Female,2022,86.6
 Western region,40-44, Female,2021,84.0
 Western region,40-44, Female,2020,76.6
 Western region,40-44, Female,2019,82.9
 Western region,40-44, Female,2018,95.1
 Western region,40-44, Female,2017,93.6
 Western region,40-44, Female,2016,92.8
 Western region,40-44, Female,2015,92.5
 Western region,40-44, Female,2014,92.7
 Western region,40-44, Female,2013,87.9
 Western region,40-44, Female,2012,92.0
 Western region,40-44, Female,2011,90.5
 Western region,40-44, Female,2010,91.5
 Western region,40-44, Female,2009,89.3
 Western region,45-49,Total,2025,92.1
 Western region,45-49,Total,2024,94.7
 Western region,45-49,Total,2023,90.3
 Western region,45-49,Total,2022,90.2
 Western region,45-49,Total,2021,81.1
 Western region,45-49,Total,2020,84.8
 Western region,45-49,Total,2019,83.6
 Western region,45-49,Total,2018,93.7
 Western region,45-49,Total,2017,91.7
 Western region,45-49,Total,2016,89.8
 Western region,45-49,Total,2015,91.9
 Western region,45-49,Total,2014,89.2
 Western region,45-49,Total,2013,90.8
 Western region,45-49,Total,2012,91.4
 Western region,45-49,Total,2011,90.1
 Western region,45-49,Total,2010,93.8
 Western region,45-49,Total,2009,92.4
 Western region,45-49, Male,2025,92.8
 Western region,45-49, Male,2024,93.8
 Western region,45-49, Male,2023,90.7
 Western region,45-49, Male,2022,92.9
 Western region,45-49, Male,2021,86.2
 Western region,45-49, Male,2020,85.3
 Western region,45-49, Male,2019,81.0
 Western region,45-49, Male,2018,95.1
 Western region,45-49, Male,2017,92.2
 Western region,45-49, Male,2016,89.2
 Western region,45-49, Male,2015,91.9
 Western region,45-49, Male,2014,90.5
 Western region,45-49, Male,2013,91.7
 Western region,45-49, Male,2012,94.5
 Western region,45-49, Male,2011,92.7
 Western region,45-49, Male,2010,96.3
 Western region,45-49, Male,2009,93.9
 Western region,45-49, Female,2025,91.6
 Western region,45-49, Female,2024,95.6
 Western region,45-49, Female,2023,89.8
 Western region,45-49, Female,2022,87.2
 Western region,45-49, Female,2021,75.9
 Western region,45-49, Female,2020,84.3
 Western region,45-49, Female,2019,86.1
 Western region,45-49, Female,2018,92.4
 Western region,45-49, Female,2017,91.1
 Western region,45-49, Female,2016,90.3
 Western region,45-49, Female,2015,91.9
 Western region,45-49, Female,2014,88.1
 Western region,45-49, Female,2013,89.8
 Western region,45-49, Female,2012,88.5
 Western region,45-49, Female,2011,87.4
 Western region,45-49, Female,2010,91.2
 Western region,45-49, Female,2009,91.1
 Western region,50-54,Total,2025,86.5
 Western region,50-54,Total,2024,82.8
 Western region,50-54,Total,2023,80.6
 Western region,50-54,Total,2022,76.4
 Western region,50-54,Total,2021,79.4
 Western region,50-54,Total,2020,80.0
 Western region,50-54,Total,2019,76.4
 Western region,50-54,Total,2018,83.6
 Western region,50-54,Total,2017,82.5
 Western region,50-54,Total,2016,81.3
 Western region,50-54,Total,2015,82.5
 Western region,50-54,Total,2014,85.1
 Western region,50-54,Total,2013,80.5
 Western region,50-54,Total,2012,82.0
 Western region,50-54,Total,2011,81.8
 Western region,50-54,Total,2010,85.6
 Western region,50-54,Total,2009,82.6
 Western region,50-54, Male,2025,90.1
 Western region,50-54, Male,2024,88.5
 Western region,50-54, Male,2023,82.8
 Western region,50-54, Male,2022,82.4
 Western region,50-54, Male,2021,83.7
 Western region,50-54, Male,2020,79.9
 Western region,50-54, Male,2019,81.3
 Western region,50-54, Male,2018,87.4
 Western region,50-54, Male,2017,91.5
 Western region,50-54, Male,2016,88.7
 Western region,50-54, Male,2015,88.8
 Western region,50-54, Male,2014,89.4
 Western region,50-54, Male,2013,86.2
 Western region,50-54, Male,2012,87.2
 Western region,50-54, Male,2011,87.2
 Western region,50-54, Male,2010,89.7
 Western region,50-54, Male,2009,82.4
 Western region,50-54, Female,2025,82.1
 Western region,50-54, Female,2024,77.4
 Western region,50-54, Female,2023,78.9
 Western region,50-54, Female,2022,71.6
 Western region,50-54, Female,2021,75.0
 Western region,50-54, Female,2020,80.2
 Western region,50-54, Female,2019,72.3
 Western region,50-54, Female,2018,80.0
 Western region,50-54, Female,2017,74.8
 Western region,50-54, Female,2016,73.9
 Western region,50-54, Female,2015,76.3
 Western region,50-54, Female,2014,80.6
 Western region,50-54, Female,2013,75.4
 Western region,50-54, Female,2012,77.3
 Western region,50-54, Female,2011,75.6
 Western region,50-54, Female,2010,82.2
 Western region,50-54, Female,2009,82.9
 Western region,55-59,Total,2025,68.3
 Western region,55-59,Total,2024,61.6
 Western region,55-59,Total,2023,60.1
 Western region,55-59,Total,2022,56.6
 Western region,55-59,Total,2021,65.4
 Western region,55-59,Total,2020,54.6
 Western region,55-59,Total,2019,55.9
 Western region,55-59,Total,2018,66.2
 Western region,55-59,Total,2017,65.4
 Western region,55-59,Total,2016,59.3
 Western region,55-59,Total,2015,64.4
 Western region,55-59,Total,2014,57.3
 Western region,55-59,Total,2013,62.3
 Western region,55-59,Total,2012,63.6
 Western region,55-59,Total,2011,73.1
 Western region,55-59,Total,2010,66.7
 Western region,55-59,Total,2009,79.2
 Western region,55-59, Male,2025,75.7
 Western region,55-59, Male,2024,75.3
 Western region,55-59, Male,2023,74.3
 Western region,55-59, Male,2022,73.4
 Western region,55-59, Male,2021,71.2
 Western region,55-59, Male,2020,69.0
 Western region,55-59, Male,2019,66.3
 Western region,55-59, Male,2018,84.7
 Western region,55-59, Male,2017,81.1
 Western region,55-59, Male,2016,78.1
 Western region,55-59, Male,2015,77.3
 Western region,55-59, Male,2014,73.6
 Western region,55-59, Male,2013,80.7
 Western region,55-59, Male,2012,73.0
 Western region,55-59, Male,2011,83.0
 Western region,55-59, Male,2010,80.0
 Western region,55-59, Male,2009,82.2
 Western region,55-59, Female,2025,61.4
 Western region,55-59, Female,2024,52.9
 Western region,55-59, Female,2023,46.3
 Western region,55-59, Female,2022,41.8
 Western region,55-59, Female,2021,58.5
 Western region,55-59, Female,2020,43.3
 Western region,55-59, Female,2019,45.6
 Western region,55-59, Female,2018,47.6
 Western region,55-59, Female,2017,51.3
 Western region,55-59, Female,2016,41.5
 Western region,55-59, Female,2015,51.4
 Western region,55-59, Female,2014,44.0
 Western region,55-59, Female,2013,46.4
 Western region,55-59, Female,2012,53.3
 Western region,55-59, Female,2011,63.7
 Western region,55-59, Female,2010,54.1
 Western region,55-59, Female,2009,76.3
 Western region,60-64,Total,2025,44.3
 Western region,60-64,Total,2024,35.0
 Western region,60-64,Total,2023,45.2
 Western region,60-64,Total,2022,33.7
 Western region,60-64,Total,2021,38.9
 Western region,60-64,Total,2020,27.4
 Western region,60-64,Total,2019,35.8
 Western region,60-64,Total,2018,37.2
 Western region,60-64,Total,2017,41.4
 Western region,60-64,Total,2016,26.3
 Western region,60-64,Total,2015,29.4
 Western region,60-64,Total,2014,32.9
 Western region,60-64,Total,2013,39.8
 Western region,60-64,Total,2012,44.3
 Western region,60-64,Total,2011,42.7
 Western region,60-64,Total,2010,42.8
 Western region,60-64,Total,2009,52.9
 Western region,60-64, Male,2025,58.1
 Western region,60-64, Male,2024,44.9
 Western region,60-64, Male,2023,48.2
 Western region,60-64, Male,2022,48.1
 Western region,60-64, Male,2021,39.3
 Western region,60-64, Male,2020,19.1
 Western region,60-64, Male,2019,45.5
 Western region,60-64, Male,2018,42.2
 Western region,60-64, Male,2017,44.4
 Western region,60-64, Male,2016,29.1
 Western region,60-64, Male,2015,31.5
 Western region,60-64, Male,2014,35.8
 Western region,60-64, Male,2013,48.3
 Western region,60-64, Male,2012,56.1
 Western region,60-64, Male,2011,53.5
 Western region,60-64, Male,2010,43.8
 Western region,60-64, Male,2009,55.8
 Western region,60-64, Female,2025,33.2
 Western region,60-64, Female,2024,25.7
 Western region,60-64, Female,2023,43.1
 Western region,60-64, Female,2022,24.4
 Western region,60-64, Female,2021,38.6
 Western region,60-64, Female,2020,33.4
 Western region,60-64, Female,2019,26.8
 Western region,60-64, Female,2018,33.1
 Western region,60-64, Female,2017,38.3
 Western region,60-64, Female,2016,23.8
 Western region,60-64, Female,2015,27.3
 Western region,60-64, Female,2014,29.8
 Western region,60-64, Female,2013,32.1
 Western region,60-64, Female,2012,33.8
 Western region,60-64, Female,2011,31.8
 Western region,60-64, Female,2010,42.0
 Western region,60-64, Female,2009,50.2
 Western region,65-69,Total,2025,25.0
 Western region,65-69,Total,2024,19.5
 Western region,65-69,Total,2023,33.1
 Western region,65-69,Total,2022,30.0
 Western region,65-69,Total,2021,27.9
 Western region,65-69,Total,2020,22.6
 Western region,65-69,Total,2019,36.4
 Western region,65-69,Total,2018,26.0
 Western region,65-69,Total,2017,25.3
 Western region,65-69,Total,2016,17.1
 Western region,65-69,Total,2015,18.3
 Western region,65-69,Total,2014,30.4
 Western region,65-69,Total,2013,28.7
 Western region,65-69,Total,2012,38.3
 Western region,65-69,Total,2011,33.1
 Western region,65-69,Total,2010,37.0
 Western region,65-69,Total,2009,32.2
 Western region,65-69, Male,2025,29.7
 Western region,65-69, Male,2024,24.6
 Western region,65-69, Male,2023,52.7
 Western region,65-69, Male,2022,34.7
 Western region,65-69, Male,2021,42.7
 Western region,65-69, Male,2020,23.8
 Western region,65-69, Male,2019,52.7
 Western region,65-69, Male,2018,28.6
 Western region,65-69, Male,2017,26.6
 Western region,65-69, Male,2016,26.2
 Western region,65-69, Male,2015,18.8
 Western region,65-69, Male,2014,29.2
 Western region,65-69, Male,2013,34.9
 Western region,65-69, Male,2012,50.9
 Western region,65-69, Male,2011,42.1
 Western region,65-69, Male,2010,46.0
 Western region,65-69, Male,2009,41.7
 Western region,65-69, Female,2025,22.2
 Western region,65-69, Female,2024,15.1
 Western region,65-69, Female,2023,18.6
 Western region,65-69, Female,2022,24.5
 Western region,65-69, Female,2021,16.6
 Western region,65-69, Female,2020,21.1
 Western region,65-69, Female,2019,25.7
 Western region,65-69, Female,2018,23.6
 Western region,65-69, Female,2017,24.0
 Western region,65-69, Female,2016,9.8
 Western region,65-69, Female,2015,17.8
 Western region,65-69, Female,2014,31.4
 Western region,65-69, Female,2013,24.6
 Western region,65-69, Female,2012,26.9
 Western region,65-69, Female,2011,23.1
 Western region,65-69, Female,2010,24.4
 Western region,65-69, Female,2009,13.3
 Western region,70+,Total,2025,12.4
 Western region,70+,Total,2024,14.6
 Western region,70+,Total,2023,19.3
 Western region,70+,Total,2022,8.9
 Western region,70+,Total,2021,17.6
 Western region,70+,Total,2020,13.4
 Western region,70+,Total,2019,15.9
 Western region,70+,Total,2018,11.9
 Western region,70+,Total,2017,12.2
 Western region,70+,Total,2016,12.4
 Western region,70+,Total,2015,12.0
 Western region,70+,Total,2014,12.7
 Western region,70+,Total,2013,11.9
 Western region,70+,Total,2012,24.5
 Western region,70+,Total,2011,11.5
 Western region,70+,Total,2010,12.6
 Western region,70+,Total,2009,11.8
 Western region,70+, Male,2025,16.1
 Western region,70+, Male,2024,21.3
 Western region,70+, Male,2023,36.8
 Western region,70+, Male,2022,15.3
 Western region,70+, Male,2021,17.0
 Western region,70+, Male,2020,21.9
 Western region,70+, Male,2019,22.9
 Western region,70+, Male,2018,17.0
 Western region,70+, Male,2017,15.7
 Western region,70+, Male,2016,14.3
 Western region,70+, Male,2015,15.1
 Western region,70+, Male,2014,14.7
 Western region,70+, Male,2013,16.9
 Western region,70+, Male,2012,33.7
 Western region,70+, Male,2011,15.3
 Western region,70+, Male,2010,17.1
 Western region,70+, Male,2009,18.4
 Western region,70+, Female,2025,9.9
 Western region,70+, Female,2024,11.2
 Western region,70+, Female,2023,10.4
 Western region,70+, Female,2022,5.5
 Western region,70+, Female,2021,18.4
 Western region,70+, Female,2020,8.4
 Western region,70+, Female,2019,11.5
 Western region,70+, Female,2018,8.4
 Western region,70+, Female,2017,9.7
 Western region,70+, Female,2016,10.6
 Western region,70+, Female,2015,8.9
 Western region,70+, Female,2014,11.2
 Western region,70+, Female,2013,8.1
 Western region,70+, Female,2012,18.5
 Western region,70+, Female,2011,8.6
 Western region,70+, Female,2010,9.6
 Western region,70+, Female,2009,7.5
 Bayan-Ulgii,Total,Total,2025,60.9
 Bayan-Ulgii,Total,Total,2024,59.0
 Bayan-Ulgii,Total,Total,2023,58.7
 Bayan-Ulgii,Total,Total,2022,58.3
 Bayan-Ulgii,Total,Total,2021,44.4
 Bayan-Ulgii,Total,Total,2020,37.6
 Bayan-Ulgii,Total,Total,2019,38.8
 Bayan-Ulgii,Total,Total,2018,70.1
 Bayan-Ulgii,Total,Total,2017,71.5
 Bayan-Ulgii,Total,Total,2016,66.1
 Bayan-Ulgii,Total,Total,2015,72.0
 Bayan-Ulgii,Total,Total,2014,72.5
 Bayan-Ulgii,Total,Total,2013,70.9
 Bayan-Ulgii,Total,Total,2012,81.5
 Bayan-Ulgii,Total,Total,2011,73.3
 Bayan-Ulgii,Total,Total,2010,77.6
 Bayan-Ulgii,Total,Total,2009,77.9
 Bayan-Ulgii,Total, Male,2025,67.2
 Bayan-Ulgii,Total, Male,2024,68.9
 Bayan-Ulgii,Total, Male,2023,63.9
 Bayan-Ulgii,Total, Male,2022,63.6
 Bayan-Ulgii,Total, Male,2021,52.5
 Bayan-Ulgii,Total, Male,2020,41.2
 Bayan-Ulgii,Total, Male,2019,39.9
 Bayan-Ulgii,Total, Male,2018,73.9
 Bayan-Ulgii,Total, Male,2017,76.3
 Bayan-Ulgii,Total, Male,2016,73.3
 Bayan-Ulgii,Total, Male,2015,75.8
 Bayan-Ulgii,Total, Male,2014,76.3
 Bayan-Ulgii,Total, Male,2013,75.3
 Bayan-Ulgii,Total, Male,2012,83.8
 Bayan-Ulgii,Total, Male,2011,76.7
 Bayan-Ulgii,Total, Male,2010,81.1
 Bayan-Ulgii,Total, Male,2009,81.7
 Bayan-Ulgii,Total, Female,2025,54.5
 Bayan-Ulgii,Total, Female,2024,50.2
 Bayan-Ulgii,Total, Female,2023,53.3
 Bayan-Ulgii,Total, Female,2022,52.8
 Bayan-Ulgii,Total, Female,2021,35.7
 Bayan-Ulgii,Total, Female,2020,33.7
 Bayan-Ulgii,Total, Female,2019,37.7
 Bayan-Ulgii,Total, Female,2018,66.4
 Bayan-Ulgii,Total, Female,2017,66.7
 Bayan-Ulgii,Total, Female,2016,59.2
 Bayan-Ulgii,Total, Female,2015,68.3
 Bayan-Ulgii,Total, Female,2014,68.8
 Bayan-Ulgii,Total, Female,2013,66.8
 Bayan-Ulgii,Total, Female,2012,79.3
 Bayan-Ulgii,Total, Female,2011,69.9
 Bayan-Ulgii,Total, Female,2010,74.0
 Bayan-Ulgii,Total, Female,2009,74.1
 Bayan-Ulgii,15-19,Total,2025,5.5
 Bayan-Ulgii,15-19,Total,2024,8.1
 Bayan-Ulgii,15-19,Total,2023,8.7
 Bayan-Ulgii,15-19,Total,2022,4.3
 Bayan-Ulgii,15-19,Total,2021,7.0
 Bayan-Ulgii,15-19,Total,2020,7.3
 Bayan-Ulgii,15-19,Total,2019,3.2
 Bayan-Ulgii,15-19,Total,2018,7.9
 Bayan-Ulgii,15-19,Total,2017,13.0
 Bayan-Ulgii,15-19,Total,2016,12.3
 Bayan-Ulgii,15-19,Total,2015,16.9
 Bayan-Ulgii,15-19,Total,2014,12.4
 Bayan-Ulgii,15-19,Total,2013,9.9
 Bayan-Ulgii,15-19,Total,2012,52.7
 Bayan-Ulgii,15-19,Total,2011,32.5
 Bayan-Ulgii,15-19,Total,2010,37.9
 Bayan-Ulgii,15-19,Total,2009,42.4
 Bayan-Ulgii,15-19, Male,2025,7.9
 Bayan-Ulgii,15-19, Male,2024,17.6
 Bayan-Ulgii,15-19, Male,2023,10.5
 Bayan-Ulgii,15-19, Male,2022,5.4
 Bayan-Ulgii,15-19, Male,2021,12.2
 Bayan-Ulgii,15-19, Male,2020,9.5
 Bayan-Ulgii,15-19, Male,2019,1.5
 Bayan-Ulgii,15-19, Male,2018,10.2
 Bayan-Ulgii,15-19, Male,2017,18.9
 Bayan-Ulgii,15-19, Male,2016,22.3
 Bayan-Ulgii,15-19, Male,2015,21.0
 Bayan-Ulgii,15-19, Male,2014,18.3
 Bayan-Ulgii,15-19, Male,2013,12.5
 Bayan-Ulgii,15-19, Male,2012,54.5
 Bayan-Ulgii,15-19, Male,2011,31.0
 Bayan-Ulgii,15-19, Male,2010,36.0
 Bayan-Ulgii,15-19, Male,2009,40.5
 Bayan-Ulgii,15-19, Female,2025,3.4
 Bayan-Ulgii,15-19, Female,2024,3.3
 Bayan-Ulgii,15-19, Female,2023,6.7
 Bayan-Ulgii,15-19, Female,2022,2.2
 Bayan-Ulgii,15-19, Female,2021,2.2
 Bayan-Ulgii,15-19, Female,2020,5.5
 Bayan-Ulgii,15-19, Female,2019,5.4
 Bayan-Ulgii,15-19, Female,2018,5.3
 Bayan-Ulgii,15-19, Female,2017,7.2
 Bayan-Ulgii,15-19, Female,2016,2.9
 Bayan-Ulgii,15-19, Female,2015,13.2
 Bayan-Ulgii,15-19, Female,2014,6.7
 Bayan-Ulgii,15-19, Female,2013,7.2
 Bayan-Ulgii,15-19, Female,2012,50.7
 Bayan-Ulgii,15-19, Female,2011,34.0
 Bayan-Ulgii,15-19, Female,2010,40.0
 Bayan-Ulgii,15-19, Female,2009,44.6
 Bayan-Ulgii,20-24,Total,2025,44.1
 Bayan-Ulgii,20-24,Total,2024,50.0
 Bayan-Ulgii,20-24,Total,2023,44.2
 Bayan-Ulgii,20-24,Total,2022,49.3
 Bayan-Ulgii,20-24,Total,2021,50.2
 Bayan-Ulgii,20-24,Total,2020,48.3
 Bayan-Ulgii,20-24,Total,2019,45.1
 Bayan-Ulgii,20-24,Total,2018,81.2
 Bayan-Ulgii,20-24,Total,2017,84.3
 Bayan-Ulgii,20-24,Total,2016,76.6
 Bayan-Ulgii,20-24,Total,2015,81.5
 Bayan-Ulgii,20-24,Total,2014,78.8
 Bayan-Ulgii,20-24,Total,2013,79.0
 Bayan-Ulgii,20-24,Total,2012,87.3
 Bayan-Ulgii,20-24,Total,2011,81.5
 Bayan-Ulgii,20-24,Total,2010,90.5
 Bayan-Ulgii,20-24,Total,2009,88.2
 Bayan-Ulgii,20-24, Male,2025,46.2
 Bayan-Ulgii,20-24, Male,2024,50.3
 Bayan-Ulgii,20-24, Male,2023,54.2
 Bayan-Ulgii,20-24, Male,2022,64.4
 Bayan-Ulgii,20-24, Male,2021,59.6
 Bayan-Ulgii,20-24, Male,2020,56.1
 Bayan-Ulgii,20-24, Male,2019,44.3
 Bayan-Ulgii,20-24, Male,2018,87.5
 Bayan-Ulgii,20-24, Male,2017,88.4
 Bayan-Ulgii,20-24, Male,2016,77.0
 Bayan-Ulgii,20-24, Male,2015,87.2
 Bayan-Ulgii,20-24, Male,2014,78.6
 Bayan-Ulgii,20-24, Male,2013,79.2
 Bayan-Ulgii,20-24, Male,2012,88.9
 Bayan-Ulgii,20-24, Male,2011,79.7
 Bayan-Ulgii,20-24, Male,2010,94.5
 Bayan-Ulgii,20-24, Male,2009,100.0
 Bayan-Ulgii,20-24, Female,2025,42.0
 Bayan-Ulgii,20-24, Female,2024,49.7
 Bayan-Ulgii,20-24, Female,2023,29.9
 Bayan-Ulgii,20-24, Female,2022,38.7
 Bayan-Ulgii,20-24, Female,2021,42.0
 Bayan-Ulgii,20-24, Female,2020,36.1
 Bayan-Ulgii,20-24, Female,2019,46.0
 Bayan-Ulgii,20-24, Female,2018,75.3
 Bayan-Ulgii,20-24, Female,2017,78.5
 Bayan-Ulgii,20-24, Female,2016,76.3
 Bayan-Ulgii,20-24, Female,2015,76.6
 Bayan-Ulgii,20-24, Female,2014,79.0
 Bayan-Ulgii,20-24, Female,2013,78.8
 Bayan-Ulgii,20-24, Female,2012,86.1
 Bayan-Ulgii,20-24, Female,2011,83.1
 Bayan-Ulgii,20-24, Female,2010,86.1
 Bayan-Ulgii,20-24, Female,2009,79.1
 Bayan-Ulgii,25-29,Total,2025,85.8
 Bayan-Ulgii,25-29,Total,2024,74.2
 Bayan-Ulgii,25-29,Total,2023,83.8
 Bayan-Ulgii,25-29,Total,2022,83.9
 Bayan-Ulgii,25-29,Total,2021,53.0
 Bayan-Ulgii,25-29,Total,2020,47.2
 Bayan-Ulgii,25-29,Total,2019,57.0
 Bayan-Ulgii,25-29,Total,2018,88.2
 Bayan-Ulgii,25-29,Total,2017,91.1
 Bayan-Ulgii,25-29,Total,2016,86.5
 Bayan-Ulgii,25-29,Total,2015,93.8
 Bayan-Ulgii,25-29,Total,2014,94.1
 Bayan-Ulgii,25-29,Total,2013,93.2
 Bayan-Ulgii,25-29,Total,2012,97.0
 Bayan-Ulgii,25-29,Total,2011,92.7
 Bayan-Ulgii,25-29,Total,2010,89.0
 Bayan-Ulgii,25-29,Total,2009,91.3
 Bayan-Ulgii,25-29, Male,2025,94.7
 Bayan-Ulgii,25-29, Male,2024,84.7
 Bayan-Ulgii,25-29, Male,2023,85.9
 Bayan-Ulgii,25-29, Male,2022,92.6
 Bayan-Ulgii,25-29, Male,2021,71.2
 Bayan-Ulgii,25-29, Male,2020,55.4
 Bayan-Ulgii,25-29, Male,2019,61.5
 Bayan-Ulgii,25-29, Male,2018,95.4
 Bayan-Ulgii,25-29, Male,2017,95.0
 Bayan-Ulgii,25-29, Male,2016,94.3
 Bayan-Ulgii,25-29, Male,2015,95.8
 Bayan-Ulgii,25-29, Male,2014,96.0
 Bayan-Ulgii,25-29, Male,2013,99.0
 Bayan-Ulgii,25-29, Male,2012,97.9
 Bayan-Ulgii,25-29, Male,2011,98.4
 Bayan-Ulgii,25-29, Male,2010,98.3
 Bayan-Ulgii,25-29, Male,2009,97.4
 Bayan-Ulgii,25-29, Female,2025,75.1
 Bayan-Ulgii,25-29, Female,2024,64.9
 Bayan-Ulgii,25-29, Female,2023,81.5
 Bayan-Ulgii,25-29, Female,2022,76.6
 Bayan-Ulgii,25-29, Female,2021,27.4
 Bayan-Ulgii,25-29, Female,2020,38.8
 Bayan-Ulgii,25-29, Female,2019,50.5
 Bayan-Ulgii,25-29, Female,2018,81.2
 Bayan-Ulgii,25-29, Female,2017,87.4
 Bayan-Ulgii,25-29, Female,2016,79.7
 Bayan-Ulgii,25-29, Female,2015,92.0
 Bayan-Ulgii,25-29, Female,2014,91.9
 Bayan-Ulgii,25-29, Female,2013,87.8
 Bayan-Ulgii,25-29, Female,2012,95.9
 Bayan-Ulgii,25-29, Female,2011,86.8
 Bayan-Ulgii,25-29, Female,2010,79.4
 Bayan-Ulgii,25-29, Female,2009,84.3
 Bayan-Ulgii,30-34,Total,2025,91.2
 Bayan-Ulgii,30-34,Total,2024,87.3
 Bayan-Ulgii,30-34,Total,2023,83.4
 Bayan-Ulgii,30-34,Total,2022,74.9
 Bayan-Ulgii,30-34,Total,2021,66.8
 Bayan-Ulgii,30-34,Total,2020,52.8
 Bayan-Ulgii,30-34,Total,2019,60.2
 Bayan-Ulgii,30-34,Total,2018,86.2
 Bayan-Ulgii,30-34,Total,2017,93.3
 Bayan-Ulgii,30-34,Total,2016,88.2
 Bayan-Ulgii,30-34,Total,2015,95.4
 Bayan-Ulgii,30-34,Total,2014,94.5
 Bayan-Ulgii,30-34,Total,2013,97.7
 Bayan-Ulgii,30-34,Total,2012,99.3
 Bayan-Ulgii,30-34,Total,2011,87.9
 Bayan-Ulgii,30-34,Total,2010,93.5
 Bayan-Ulgii,30-34,Total,2009,88.4
 Bayan-Ulgii,30-34, Male,2025,96.0
 Bayan-Ulgii,30-34, Male,2024,98.0
 Bayan-Ulgii,30-34, Male,2023,82.2
 Bayan-Ulgii,30-34, Male,2022,79.4
 Bayan-Ulgii,30-34, Male,2021,79.6
 Bayan-Ulgii,30-34, Male,2020,51.5
 Bayan-Ulgii,30-34, Male,2019,54.4
 Bayan-Ulgii,30-34, Male,2018,94.4
 Bayan-Ulgii,30-34, Male,2017,97.9
 Bayan-Ulgii,30-34, Male,2016,100.0
 Bayan-Ulgii,30-34, Male,2015,98.9
 Bayan-Ulgii,30-34, Male,2014,95.0
 Bayan-Ulgii,30-34, Male,2013,98.9
 Bayan-Ulgii,30-34, Male,2012,100.0
 Bayan-Ulgii,30-34, Male,2011,95.5
 Bayan-Ulgii,30-34, Male,2010,100.0
 Bayan-Ulgii,30-34, Male,2009,96.0
 Bayan-Ulgii,30-34, Female,2025,85.7
 Bayan-Ulgii,30-34, Female,2024,75.9
 Bayan-Ulgii,30-34, Female,2023,84.9
 Bayan-Ulgii,30-34, Female,2022,70.0
 Bayan-Ulgii,30-34, Female,2021,53.9
 Bayan-Ulgii,30-34, Female,2020,54.1
 Bayan-Ulgii,30-34, Female,2019,63.8
 Bayan-Ulgii,30-34, Female,2018,79.5
 Bayan-Ulgii,30-34, Female,2017,88.2
 Bayan-Ulgii,30-34, Female,2016,73.6
 Bayan-Ulgii,30-34, Female,2015,92.4
 Bayan-Ulgii,30-34, Female,2014,93.9
 Bayan-Ulgii,30-34, Female,2013,96.6
 Bayan-Ulgii,30-34, Female,2012,98.5
 Bayan-Ulgii,30-34, Female,2011,81.6
 Bayan-Ulgii,30-34, Female,2010,87.7
 Bayan-Ulgii,30-34, Female,2009,83.2
 Bayan-Ulgii,35-39,Total,2025,88.6
 Bayan-Ulgii,35-39,Total,2024,87.1
 Bayan-Ulgii,35-39,Total,2023,92.2
 Bayan-Ulgii,35-39,Total,2022,90.2
 Bayan-Ulgii,35-39,Total,2021,65.2
 Bayan-Ulgii,35-39,Total,2020,41.5
 Bayan-Ulgii,35-39,Total,2019,52.5
 Bayan-Ulgii,35-39,Total,2018,88.9
 Bayan-Ulgii,35-39,Total,2017,94.1
 Bayan-Ulgii,35-39,Total,2016,89.2
 Bayan-Ulgii,35-39,Total,2015,94.4
 Bayan-Ulgii,35-39,Total,2014,98.0
 Bayan-Ulgii,35-39,Total,2013,96.3
 Bayan-Ulgii,35-39,Total,2012,97.5
 Bayan-Ulgii,35-39,Total,2011,94.9
 Bayan-Ulgii,35-39,Total,2010,95.2
 Bayan-Ulgii,35-39,Total,2009,96.8
 Bayan-Ulgii,35-39, Male,2025,90.6
 Bayan-Ulgii,35-39, Male,2024,85.3
 Bayan-Ulgii,35-39, Male,2023,94.8
 Bayan-Ulgii,35-39, Male,2022,88.4
 Bayan-Ulgii,35-39, Male,2021,61.6
 Bayan-Ulgii,35-39, Male,2020,46.2
 Bayan-Ulgii,35-39, Male,2019,63.2
 Bayan-Ulgii,35-39, Male,2018,100.0
 Bayan-Ulgii,35-39, Male,2017,98.7
 Bayan-Ulgii,35-39, Male,2016,92.1
 Bayan-Ulgii,35-39, Male,2015,97.5
 Bayan-Ulgii,35-39, Male,2014,100.0
 Bayan-Ulgii,35-39, Male,2013,98.8
 Bayan-Ulgii,35-39, Male,2012,97.2
 Bayan-Ulgii,35-39, Male,2011,96.5
 Bayan-Ulgii,35-39, Male,2010,96.5
 Bayan-Ulgii,35-39, Male,2009,100.0
 Bayan-Ulgii,35-39, Female,2025,86.8
 Bayan-Ulgii,35-39, Female,2024,89.5
 Bayan-Ulgii,35-39, Female,2023,90.0
 Bayan-Ulgii,35-39, Female,2022,92.6
 Bayan-Ulgii,35-39, Female,2021,69.2
 Bayan-Ulgii,35-39, Female,2020,35.8
 Bayan-Ulgii,35-39, Female,2019,38.6
 Bayan-Ulgii,35-39, Female,2018,78.5
 Bayan-Ulgii,35-39, Female,2017,89.8
 Bayan-Ulgii,35-39, Female,2016,87.1
 Bayan-Ulgii,35-39, Female,2015,90.8
 Bayan-Ulgii,35-39, Female,2014,96.1
 Bayan-Ulgii,35-39, Female,2013,94.1
 Bayan-Ulgii,35-39, Female,2012,97.8
 Bayan-Ulgii,35-39, Female,2011,93.1
 Bayan-Ulgii,35-39, Female,2010,93.9
 Bayan-Ulgii,35-39, Female,2009,94.0
 Bayan-Ulgii,40-44,Total,2025,89.8
 Bayan-Ulgii,40-44,Total,2024,83.3
 Bayan-Ulgii,40-44,Total,2023,82.5
 Bayan-Ulgii,40-44,Total,2022,80.0
 Bayan-Ulgii,40-44,Total,2021,63.2
 Bayan-Ulgii,40-44,Total,2020,52.3
 Bayan-Ulgii,40-44,Total,2019,44.1
 Bayan-Ulgii,40-44,Total,2018,94.9
 Bayan-Ulgii,40-44,Total,2017,97.1
 Bayan-Ulgii,40-44,Total,2016,90.7
 Bayan-Ulgii,40-44,Total,2015,93.8
 Bayan-Ulgii,40-44,Total,2014,95.5
 Bayan-Ulgii,40-44,Total,2013,94.3
 Bayan-Ulgii,40-44,Total,2012,96.5
 Bayan-Ulgii,40-44,Total,2011,92.9
 Bayan-Ulgii,40-44,Total,2010,95.5
 Bayan-Ulgii,40-44,Total,2009,85.1
 Bayan-Ulgii,40-44, Male,2025,88.3
 Bayan-Ulgii,40-44, Male,2024,93.4
 Bayan-Ulgii,40-44, Male,2023,90.0
 Bayan-Ulgii,40-44, Male,2022,91.4
 Bayan-Ulgii,40-44, Male,2021,70.1
 Bayan-Ulgii,40-44, Male,2020,50.1
 Bayan-Ulgii,40-44, Male,2019,43.8
 Bayan-Ulgii,40-44, Male,2018,93.3
 Bayan-Ulgii,40-44, Male,2017,95.6
 Bayan-Ulgii,40-44, Male,2016,90.4
 Bayan-Ulgii,40-44, Male,2015,94.0
 Bayan-Ulgii,40-44, Male,2014,98.7
 Bayan-Ulgii,40-44, Male,2013,96.7
 Bayan-Ulgii,40-44, Male,2012,98.4
 Bayan-Ulgii,40-44, Male,2011,98.2
 Bayan-Ulgii,40-44, Male,2010,96.1
 Bayan-Ulgii,40-44, Male,2009,94.9
 Bayan-Ulgii,40-44, Female,2025,91.1
 Bayan-Ulgii,40-44, Female,2024,76.9
 Bayan-Ulgii,40-44, Female,2023,75.4
 Bayan-Ulgii,40-44, Female,2022,67.9
 Bayan-Ulgii,40-44, Female,2021,56.3
 Bayan-Ulgii,40-44, Female,2020,54.1
 Bayan-Ulgii,40-44, Female,2019,44.5
 Bayan-Ulgii,40-44, Female,2018,96.9
 Bayan-Ulgii,40-44, Female,2017,98.8
 Bayan-Ulgii,40-44, Female,2016,91.0
 Bayan-Ulgii,40-44, Female,2015,93.6
 Bayan-Ulgii,40-44, Female,2014,92.5
 Bayan-Ulgii,40-44, Female,2013,91.6
 Bayan-Ulgii,40-44, Female,2012,94.7
 Bayan-Ulgii,40-44, Female,2011,88.2
 Bayan-Ulgii,40-44, Female,2010,94.9
 Bayan-Ulgii,40-44, Female,2009,74.6
 Bayan-Ulgii,45-49,Total,2025,81.7
 Bayan-Ulgii,45-49,Total,2024,93.7
 Bayan-Ulgii,45-49,Total,2023,80.9
 Bayan-Ulgii,45-49,Total,2022,89.4
 Bayan-Ulgii,45-49,Total,2021,39.9
 Bayan-Ulgii,45-49,Total,2020,68.5
 Bayan-Ulgii,45-49,Total,2019,40.3
 Bayan-Ulgii,45-49,Total,2018,95.7
 Bayan-Ulgii,45-49,Total,2017,90.3
 Bayan-Ulgii,45-49,Total,2016,89.2
 Bayan-Ulgii,45-49,Total,2015,94.9
 Bayan-Ulgii,45-49,Total,2014,86.7
 Bayan-Ulgii,45-49,Total,2013,93.8
 Bayan-Ulgii,45-49,Total,2012,90.9
 Bayan-Ulgii,45-49,Total,2011,86.3
 Bayan-Ulgii,45-49,Total,2010,94.5
 Bayan-Ulgii,45-49,Total,2009,87.7
 Bayan-Ulgii,45-49, Male,2025,84.5
 Bayan-Ulgii,45-49, Male,2024,94.3
 Bayan-Ulgii,45-49, Male,2023,87.8
 Bayan-Ulgii,45-49, Male,2022,94.2
 Bayan-Ulgii,45-49, Male,2021,58.8
 Bayan-Ulgii,45-49, Male,2020,71.6
 Bayan-Ulgii,45-49, Male,2019,42.3
 Bayan-Ulgii,45-49, Male,2018,97.1
 Bayan-Ulgii,45-49, Male,2017,92.2
 Bayan-Ulgii,45-49, Male,2016,92.9
 Bayan-Ulgii,45-49, Male,2015,96.2
 Bayan-Ulgii,45-49, Male,2014,87.7
 Bayan-Ulgii,45-49, Male,2013,96.2
 Bayan-Ulgii,45-49, Male,2012,95.4
 Bayan-Ulgii,45-49, Male,2011,89.5
 Bayan-Ulgii,45-49, Male,2010,100.0
 Bayan-Ulgii,45-49, Male,2009,85.5
 Bayan-Ulgii,45-49, Female,2025,78.0
 Bayan-Ulgii,45-49, Female,2024,92.9
 Bayan-Ulgii,45-49, Female,2023,72.7
 Bayan-Ulgii,45-49, Female,2022,83.3
 Bayan-Ulgii,45-49, Female,2021,24.0
 Bayan-Ulgii,45-49, Female,2020,66.4
 Bayan-Ulgii,45-49, Female,2019,38.3
 Bayan-Ulgii,45-49, Female,2018,94.5
 Bayan-Ulgii,45-49, Female,2017,88.0
 Bayan-Ulgii,45-49, Female,2016,86.1
 Bayan-Ulgii,45-49, Female,2015,93.8
 Bayan-Ulgii,45-49, Female,2014,85.7
 Bayan-Ulgii,45-49, Female,2013,91.4
 Bayan-Ulgii,45-49, Female,2012,87.1
 Bayan-Ulgii,45-49, Female,2011,82.9
 Bayan-Ulgii,45-49, Female,2010,88.6
 Bayan-Ulgii,45-49, Female,2009,89.8
 Bayan-Ulgii,50-54,Total,2025,74.4
 Bayan-Ulgii,50-54,Total,2024,78.5
 Bayan-Ulgii,50-54,Total,2023,68.2
 Bayan-Ulgii,50-54,Total,2022,57.3
 Bayan-Ulgii,50-54,Total,2021,44.8
 Bayan-Ulgii,50-54,Total,2020,58.9
 Bayan-Ulgii,50-54,Total,2019,41.7
 Bayan-Ulgii,50-54,Total,2018,82.5
 Bayan-Ulgii,50-54,Total,2017,80.4
 Bayan-Ulgii,50-54,Total,2016,77.7
 Bayan-Ulgii,50-54,Total,2015,78.9
 Bayan-Ulgii,50-54,Total,2014,82.2
 Bayan-Ulgii,50-54,Total,2013,76.2
 Bayan-Ulgii,50-54,Total,2012,80.9
 Bayan-Ulgii,50-54,Total,2011,92.8
 Bayan-Ulgii,50-54,Total,2010,92.0
 Bayan-Ulgii,50-54,Total,2009,87.5
 Bayan-Ulgii,50-54, Male,2025,79.7
 Bayan-Ulgii,50-54, Male,2024,81.7
 Bayan-Ulgii,50-54, Male,2023,71.3
 Bayan-Ulgii,50-54, Male,2022,70.5
 Bayan-Ulgii,50-54, Male,2021,49.2
 Bayan-Ulgii,50-54, Male,2020,79.1
 Bayan-Ulgii,50-54, Male,2019,38.1
 Bayan-Ulgii,50-54, Male,2018,80.6
 Bayan-Ulgii,50-54, Male,2017,94.9
 Bayan-Ulgii,50-54, Male,2016,84.4
 Bayan-Ulgii,50-54, Male,2015,86.7
 Bayan-Ulgii,50-54, Male,2014,85.7
 Bayan-Ulgii,50-54, Male,2013,84.8
 Bayan-Ulgii,50-54, Male,2012,84.6
 Bayan-Ulgii,50-54, Male,2011,95.4
 Bayan-Ulgii,50-54, Male,2010,100.0
 Bayan-Ulgii,50-54, Male,2009,88.2
 Bayan-Ulgii,50-54, Female,2025,69.9
 Bayan-Ulgii,50-54, Female,2024,74.4
 Bayan-Ulgii,50-54, Female,2023,65.8
 Bayan-Ulgii,50-54, Female,2022,46.5
 Bayan-Ulgii,50-54, Female,2021,40.4
 Bayan-Ulgii,50-54, Female,2020,34.2
 Bayan-Ulgii,50-54, Female,2019,44.1
 Bayan-Ulgii,50-54, Female,2018,84.2
 Bayan-Ulgii,50-54, Female,2017,69.8
 Bayan-Ulgii,50-54, Female,2016,71.8
 Bayan-Ulgii,50-54, Female,2015,70.5
 Bayan-Ulgii,50-54, Female,2014,78.5
 Bayan-Ulgii,50-54, Female,2013,68.3
 Bayan-Ulgii,50-54, Female,2012,77.5
 Bayan-Ulgii,50-54, Female,2011,89.8
 Bayan-Ulgii,50-54, Female,2010,85.3
 Bayan-Ulgii,50-54, Female,2009,86.8
 Bayan-Ulgii,55-59,Total,2025,52.1
 Bayan-Ulgii,55-59,Total,2024,42.6
 Bayan-Ulgii,55-59,Total,2023,43.3
 Bayan-Ulgii,55-59,Total,2022,58.5
 Bayan-Ulgii,55-59,Total,2021,47.9
 Bayan-Ulgii,55-59,Total,2020,16.2
 Bayan-Ulgii,55-59,Total,2019,21.8
 Bayan-Ulgii,55-59,Total,2018,63.0
 Bayan-Ulgii,55-59,Total,2017,59.3
 Bayan-Ulgii,55-59,Total,2016,46.7
 Bayan-Ulgii,55-59,Total,2015,48.4
 Bayan-Ulgii,55-59,Total,2014,46.7
 Bayan-Ulgii,55-59,Total,2013,38.5
 Bayan-Ulgii,55-59,Total,2012,66.5
 Bayan-Ulgii,55-59,Total,2011,70.4
 Bayan-Ulgii,55-59,Total,2010,64.5
 Bayan-Ulgii,55-59,Total,2009,78.6
 Bayan-Ulgii,55-59, Male,2025,62.9
 Bayan-Ulgii,55-59, Male,2024,68.5
 Bayan-Ulgii,55-59, Male,2023,57.3
 Bayan-Ulgii,55-59, Male,2022,71.6
 Bayan-Ulgii,55-59, Male,2021,52.7
 Bayan-Ulgii,55-59, Male,2020,13.4
 Bayan-Ulgii,55-59, Male,2019,23.7
 Bayan-Ulgii,55-59, Male,2018,80.0
 Bayan-Ulgii,55-59, Male,2017,72.1
 Bayan-Ulgii,55-59, Male,2016,74.7
 Bayan-Ulgii,55-59, Male,2015,70.8
 Bayan-Ulgii,55-59, Male,2014,68.0
 Bayan-Ulgii,55-59, Male,2013,71.3
 Bayan-Ulgii,55-59, Male,2012,68.8
 Bayan-Ulgii,55-59, Male,2011,81.4
 Bayan-Ulgii,55-59, Male,2010,85.3
 Bayan-Ulgii,55-59, Male,2009,88.2
 Bayan-Ulgii,55-59, Female,2025,39.7
 Bayan-Ulgii,55-59, Female,2024,29.8
 Bayan-Ulgii,55-59, Female,2023,24.1
 Bayan-Ulgii,55-59, Female,2022,40.3
 Bayan-Ulgii,55-59, Female,2021,43.0
 Bayan-Ulgii,55-59, Female,2020,19.5
 Bayan-Ulgii,55-59, Female,2019,19.9
 Bayan-Ulgii,55-59, Female,2018,48.7
 Bayan-Ulgii,55-59, Female,2017,49.8
 Bayan-Ulgii,55-59, Female,2016,19.5
 Bayan-Ulgii,55-59, Female,2015,29.1
 Bayan-Ulgii,55-59, Female,2014,27.1
 Bayan-Ulgii,55-59, Female,2013,17.3
 Bayan-Ulgii,55-59, Female,2012,63.8
 Bayan-Ulgii,55-59, Female,2011,61.1
 Bayan-Ulgii,55-59, Female,2010,50.1
 Bayan-Ulgii,55-59, Female,2009,69.0
 Bayan-Ulgii,60-64,Total,2025,32.2
 Bayan-Ulgii,60-64,Total,2024,24.2
 Bayan-Ulgii,60-64,Total,2023,29.6
 Bayan-Ulgii,60-64,Total,2022,26.8
 Bayan-Ulgii,60-64,Total,2021,20.4
 Bayan-Ulgii,60-64,Total,2020,10.1
 Bayan-Ulgii,60-64,Total,2019,20.6
 Bayan-Ulgii,60-64,Total,2018,39.5
 Bayan-Ulgii,60-64,Total,2017,35.8
 Bayan-Ulgii,60-64,Total,2016,15.2
 Bayan-Ulgii,60-64,Total,2015,12.7
 Bayan-Ulgii,60-64,Total,2014,4.4
 Bayan-Ulgii,60-64,Total,2013,5.4
 Bayan-Ulgii,60-64,Total,2012,59.8
 Bayan-Ulgii,60-64,Total,2011,35.9
 Bayan-Ulgii,60-64,Total,2010,51.7
 Bayan-Ulgii,60-64,Total,2009,44.5
 Bayan-Ulgii,60-64, Male,2025,47.8
 Bayan-Ulgii,60-64, Male,2024,41.1
 Bayan-Ulgii,60-64, Male,2023,35.8
 Bayan-Ulgii,60-64, Male,2022,40.0
 Bayan-Ulgii,60-64, Male,2021,20.1
 Bayan-Ulgii,60-64, Male,2020,2.3
 Bayan-Ulgii,60-64, Male,2019,22.9
 Bayan-Ulgii,60-64, Male,2018,40.9
 Bayan-Ulgii,60-64, Male,2017,41.8
 Bayan-Ulgii,60-64, Male,2016,31.8
 Bayan-Ulgii,60-64, Male,2015,15.8
 Bayan-Ulgii,60-64, Male,2014,5.6
 Bayan-Ulgii,60-64, Male,2013,9.9
 Bayan-Ulgii,60-64, Male,2012,78.2
 Bayan-Ulgii,60-64, Male,2011,51.9
 Bayan-Ulgii,60-64, Male,2010,70.5
 Bayan-Ulgii,60-64, Male,2009,51.1
 Bayan-Ulgii,60-64, Female,2025,18.9
 Bayan-Ulgii,60-64, Female,2024,15.1
 Bayan-Ulgii,60-64, Female,2023,24.3
 Bayan-Ulgii,60-64, Female,2022,18.6
 Bayan-Ulgii,60-64, Female,2021,20.9
 Bayan-Ulgii,60-64, Female,2020,17.4
 Bayan-Ulgii,60-64, Female,2019,16.8
 Bayan-Ulgii,60-64, Female,2018,38.4
 Bayan-Ulgii,60-64, Female,2017,28.7
 Bayan-Ulgii,60-64, Female,2016,0.0
 Bayan-Ulgii,60-64, Female,2015,9.2
 Bayan-Ulgii,60-64, Female,2014,3.6
 Bayan-Ulgii,60-64, Female,2013,0.0
 Bayan-Ulgii,60-64, Female,2012,42.0
 Bayan-Ulgii,60-64, Female,2011,19.1
 Bayan-Ulgii,60-64, Female,2010,35.8
 Bayan-Ulgii,60-64, Female,2009,42.0
 Bayan-Ulgii,65-69,Total,2025,16.3
 Bayan-Ulgii,65-69,Total,2024,13.2
 Bayan-Ulgii,65-69,Total,2023,13.3
 Bayan-Ulgii,65-69,Total,2022,23.1
 Bayan-Ulgii,65-69,Total,2021,26.4
 Bayan-Ulgii,65-69,Total,2020,0.0
 Bayan-Ulgii,65-69,Total,2019,0.0
 Bayan-Ulgii,65-69,Total,2018,13.3
 Bayan-Ulgii,65-69,Total,2017,23.9
 Bayan-Ulgii,65-69,Total,2016,6.3
 Bayan-Ulgii,65-69,Total,2015,9.2
 Bayan-Ulgii,65-69,Total,2014,12.0
 Bayan-Ulgii,65-69,Total,2013,0.0
 Bayan-Ulgii,65-69,Total,2012,47.7
 Bayan-Ulgii,65-69,Total,2011,50.8
 Bayan-Ulgii,65-69,Total,2010,48.8
 Bayan-Ulgii,65-69,Total,2009,54.7
 Bayan-Ulgii,65-69, Male,2025,20.8
 Bayan-Ulgii,65-69, Male,2024,24.4
 Bayan-Ulgii,65-69, Male,2023,29.9
 Bayan-Ulgii,65-69, Male,2022,37.1
 Bayan-Ulgii,65-69, Male,2021,46.4
 Bayan-Ulgii,65-69, Male,2020,0.0
 Bayan-Ulgii,65-69, Male,2019,0.0
 Bayan-Ulgii,65-69, Male,2018,7.7
 Bayan-Ulgii,65-69, Male,2017,23.0
 Bayan-Ulgii,65-69, Male,2016,8.1
 Bayan-Ulgii,65-69, Male,2015,14.2
 Bayan-Ulgii,65-69, Male,2014,21.5
 Bayan-Ulgii,65-69, Male,2013,0.0
 Bayan-Ulgii,65-69, Male,2012,73.3
 Bayan-Ulgii,65-69, Male,2011,76.2
 Bayan-Ulgii,65-69, Male,2010,51.4
 Bayan-Ulgii,65-69, Male,2009,62.7
 Bayan-Ulgii,65-69, Female,2025,12.9
 Bayan-Ulgii,65-69, Female,2024,0.0
 Bayan-Ulgii,65-69, Female,2023,0.0
 Bayan-Ulgii,65-69, Female,2022,11.7
 Bayan-Ulgii,65-69, Female,2021,9.1
 Bayan-Ulgii,65-69, Female,2020,0.0
 Bayan-Ulgii,65-69, Female,2019,0.0
 Bayan-Ulgii,65-69, Female,2018,19.4
 Bayan-Ulgii,65-69, Female,2017,25.3
 Bayan-Ulgii,65-69, Female,2016,5.2
 Bayan-Ulgii,65-69, Female,2015,0.0
 Bayan-Ulgii,65-69, Female,2014,0.0
 Bayan-Ulgii,65-69, Female,2013,0.0
 Bayan-Ulgii,65-69, Female,2012,27.3
 Bayan-Ulgii,65-69, Female,2011,17.7
 Bayan-Ulgii,65-69, Female,2010,43.2
 Bayan-Ulgii,65-69, Female,2009,0.0
 Bayan-Ulgii,70+,Total,2025,2.1
 Bayan-Ulgii,70+,Total,2024,8.8
 Bayan-Ulgii,70+,Total,2023,10.9
 Bayan-Ulgii,70+,Total,2022,2.3
 Bayan-Ulgii,70+,Total,2021,0.0
 Bayan-Ulgii,70+,Total,2020,0.5
 Bayan-Ulgii,70+,Total,2019,9.9
 Bayan-Ulgii,70+,Total,2018,9.1
 Bayan-Ulgii,70+,Total,2017,2.1
 Bayan-Ulgii,70+,Total,2016,2.5
 Bayan-Ulgii,70+,Total,2015,0.0
 Bayan-Ulgii,70+,Total,2014,0.0
 Bayan-Ulgii,70+,Total,2013,1.4
 Bayan-Ulgii,70+,Total,2012,31.1
 Bayan-Ulgii,70+,Total,2011,2.6
 Bayan-Ulgii,70+,Total,2010,5.6
 Bayan-Ulgii,70+,Total,2009,28.2
 Bayan-Ulgii,70+, Male,2025,5.4
 Bayan-Ulgii,70+, Male,2024,15.5
 Bayan-Ulgii,70+, Male,2023,21.1
 Bayan-Ulgii,70+, Male,2022,4.4
 Bayan-Ulgii,70+, Male,2021,0.0
 Bayan-Ulgii,70+, Male,2020,1.0
 Bayan-Ulgii,70+, Male,2019,15.6
 Bayan-Ulgii,70+, Male,2018,16.4
 Bayan-Ulgii,70+, Male,2017,4.4
 Bayan-Ulgii,70+, Male,2016,4.9
 Bayan-Ulgii,70+, Male,2015,0.0
 Bayan-Ulgii,70+, Male,2014,0.0
 Bayan-Ulgii,70+, Male,2013,3.2
 Bayan-Ulgii,70+, Male,2012,36.9
 Bayan-Ulgii,70+, Male,2011,0.0
 Bayan-Ulgii,70+, Male,2010,6.5
 Bayan-Ulgii,70+, Male,2009,42.1
 Bayan-Ulgii,70+, Female,2025,0.0
 Bayan-Ulgii,70+, Female,2024,0.0
 Bayan-Ulgii,70+, Female,2023,6.8
 Bayan-Ulgii,70+, Female,2022,0.0
 Bayan-Ulgii,70+, Female,2021,0.0
 Bayan-Ulgii,70+, Female,2020,0.0
 Bayan-Ulgii,70+, Female,2019,0.0
 Bayan-Ulgii,70+, Female,2018,0.0
 Bayan-Ulgii,70+, Female,2017,0.0
 Bayan-Ulgii,70+, Female,2016,0.0
 Bayan-Ulgii,70+, Female,2015,0.0
 Bayan-Ulgii,70+, Female,2014,0.0
 Bayan-Ulgii,70+, Female,2013,0.0
 Bayan-Ulgii,70+, Female,2012,26.0
 Bayan-Ulgii,70+, Female,2011,4.5
 Bayan-Ulgii,70+, Female,2010,4.9
 Bayan-Ulgii,70+, Female,2009,16.0
 Govi-Altai,Total,Total,2025,69.2
 Govi-Altai,Total,Total,2024,67.6
 Govi-Altai,Total,Total,2023,64.2
 Govi-Altai,Total,Total,2022,69.1
 Govi-Altai,Total,Total,2021,69.6
 Govi-Altai,Total,Total,2020,66.0
 Govi-Altai,Total,Total,2019,77.5
 Govi-Altai,Total,Total,2018,73.2
 Govi-Altai,Total,Total,2017,75.1
 Govi-Altai,Total,Total,2016,74.3
 Govi-Altai,Total,Total,2015,76.7
 Govi-Altai,Total,Total,2014,72.9
 Govi-Altai,Total,Total,2013,74.6
 Govi-Altai,Total,Total,2012,81.0
 Govi-Altai,Total,Total,2011,78.8
 Govi-Altai,Total,Total,2010,81.0
 Govi-Altai,Total,Total,2009,80.5
 Govi-Altai,Total, Male,2025,74.2
 Govi-Altai,Total, Male,2024,70.6
 Govi-Altai,Total, Male,2023,67.2
 Govi-Altai,Total, Male,2022,76.1
 Govi-Altai,Total, Male,2021,78.9
 Govi-Altai,Total, Male,2020,67.3
 Govi-Altai,Total, Male,2019,86.7
 Govi-Altai,Total, Male,2018,79.9
 Govi-Altai,Total, Male,2017,78.4
 Govi-Altai,Total, Male,2016,80.2
 Govi-Altai,Total, Male,2015,78.9
 Govi-Altai,Total, Male,2014,76.1
 Govi-Altai,Total, Male,2013,78.8
 Govi-Altai,Total, Male,2012,83.7
 Govi-Altai,Total, Male,2011,81.7
 Govi-Altai,Total, Male,2010,83.1
 Govi-Altai,Total, Male,2009,82.6
 Govi-Altai,Total, Female,2025,64.6
 Govi-Altai,Total, Female,2024,64.7
 Govi-Altai,Total, Female,2023,61.3
 Govi-Altai,Total, Female,2022,62.3
 Govi-Altai,Total, Female,2021,61.6
 Govi-Altai,Total, Female,2020,64.8
 Govi-Altai,Total, Female,2019,70.2
 Govi-Altai,Total, Female,2018,66.8
 Govi-Altai,Total, Female,2017,71.9
 Govi-Altai,Total, Female,2016,68.7
 Govi-Altai,Total, Female,2015,74.6
 Govi-Altai,Total, Female,2014,69.7
 Govi-Altai,Total, Female,2013,70.4
 Govi-Altai,Total, Female,2012,78.2
 Govi-Altai,Total, Female,2011,76.1
 Govi-Altai,Total, Female,2010,78.9
 Govi-Altai,Total, Female,2009,78.2
 Govi-Altai,15-19,Total,2025,17.3
 Govi-Altai,15-19,Total,2024,9.0
 Govi-Altai,15-19,Total,2023,4.5
 Govi-Altai,15-19,Total,2022,11.6
 Govi-Altai,15-19,Total,2021,14.4
 Govi-Altai,15-19,Total,2020,11.4
 Govi-Altai,15-19,Total,2019,8.7
 Govi-Altai,15-19,Total,2018,18.6
 Govi-Altai,15-19,Total,2017,23.1
 Govi-Altai,15-19,Total,2016,25.2
 Govi-Altai,15-19,Total,2015,18.9
 Govi-Altai,15-19,Total,2014,17.2
 Govi-Altai,15-19,Total,2013,22.4
 Govi-Altai,15-19,Total,2012,66.8
 Govi-Altai,15-19,Total,2011,25.1
 Govi-Altai,15-19,Total,2010,31.5
 Govi-Altai,15-19,Total,2009,32.3
 Govi-Altai,15-19, Male,2025,25.3
 Govi-Altai,15-19, Male,2024,11.0
 Govi-Altai,15-19, Male,2023,6.7
 Govi-Altai,15-19, Male,2022,19.3
 Govi-Altai,15-19, Male,2021,18.8
 Govi-Altai,15-19, Male,2020,18.9
 Govi-Altai,15-19, Male,2019,16.9
 Govi-Altai,15-19, Male,2018,25.0
 Govi-Altai,15-19, Male,2017,28.2
 Govi-Altai,15-19, Male,2016,29.7
 Govi-Altai,15-19, Male,2015,15.1
 Govi-Altai,15-19, Male,2014,24.0
 Govi-Altai,15-19, Male,2013,25.4
 Govi-Altai,15-19, Male,2012,67.9
 Govi-Altai,15-19, Male,2011,29.7
 Govi-Altai,15-19, Male,2010,41.0
 Govi-Altai,15-19, Male,2009,44.7
 Govi-Altai,15-19, Female,2025,8.7
 Govi-Altai,15-19, Female,2024,6.7
 Govi-Altai,15-19, Female,2023,1.0
 Govi-Altai,15-19, Female,2022,5.7
 Govi-Altai,15-19, Female,2021,11.6
 Govi-Altai,15-19, Female,2020,2.2
 Govi-Altai,15-19, Female,2019,4.2
 Govi-Altai,15-19, Female,2018,7.1
 Govi-Altai,15-19, Female,2017,17.3
 Govi-Altai,15-19, Female,2016,21.1
 Govi-Altai,15-19, Female,2015,23.3
 Govi-Altai,15-19, Female,2014,9.8
 Govi-Altai,15-19, Female,2013,16.9
 Govi-Altai,15-19, Female,2012,65.2
 Govi-Altai,15-19, Female,2011,20.5
 Govi-Altai,15-19, Female,2010,20.8
 Govi-Altai,15-19, Female,2009,18.2
 Govi-Altai,20-24,Total,2025,60.7
 Govi-Altai,20-24,Total,2024,45.6
 Govi-Altai,20-24,Total,2023,49.4
 Govi-Altai,20-24,Total,2022,73.3
 Govi-Altai,20-24,Total,2021,70.4
 Govi-Altai,20-24,Total,2020,68.4
 Govi-Altai,20-24,Total,2019,77.0
 Govi-Altai,20-24,Total,2018,75.5
 Govi-Altai,20-24,Total,2017,72.1
 Govi-Altai,20-24,Total,2016,76.8
 Govi-Altai,20-24,Total,2015,76.9
 Govi-Altai,20-24,Total,2014,71.5
 Govi-Altai,20-24,Total,2013,74.9
 Govi-Altai,20-24,Total,2012,85.9
 Govi-Altai,20-24,Total,2011,79.8
 Govi-Altai,20-24,Total,2010,74.1
 Govi-Altai,20-24,Total,2009,69.0
 Govi-Altai,20-24, Male,2025,65.5
 Govi-Altai,20-24, Male,2024,59.7
 Govi-Altai,20-24, Male,2023,62.3
 Govi-Altai,20-24, Male,2022,67.9
 Govi-Altai,20-24, Male,2021,91.3
 Govi-Altai,20-24, Male,2020,70.9
 Govi-Altai,20-24, Male,2019,82.6
 Govi-Altai,20-24, Male,2018,92.4
 Govi-Altai,20-24, Male,2017,70.8
 Govi-Altai,20-24, Male,2016,81.5
 Govi-Altai,20-24, Male,2015,78.4
 Govi-Altai,20-24, Male,2014,78.6
 Govi-Altai,20-24, Male,2013,84.5
 Govi-Altai,20-24, Male,2012,88.1
 Govi-Altai,20-24, Male,2011,88.1
 Govi-Altai,20-24, Male,2010,75.1
 Govi-Altai,20-24, Male,2009,76.0
 Govi-Altai,20-24, Female,2025,54.1
 Govi-Altai,20-24, Female,2024,32.3
 Govi-Altai,20-24, Female,2023,33.4
 Govi-Altai,20-24, Female,2022,85.1
 Govi-Altai,20-24, Female,2021,49.0
 Govi-Altai,20-24, Female,2020,65.4
 Govi-Altai,20-24, Female,2019,74.4
 Govi-Altai,20-24, Female,2018,59.7
 Govi-Altai,20-24, Female,2017,73.9
 Govi-Altai,20-24, Female,2016,71.1
 Govi-Altai,20-24, Female,2015,75.4
 Govi-Altai,20-24, Female,2014,62.0
 Govi-Altai,20-24, Female,2013,64.8
 Govi-Altai,20-24, Female,2012,82.1
 Govi-Altai,20-24, Female,2011,73.5
 Govi-Altai,20-24, Female,2010,73.1
 Govi-Altai,20-24, Female,2009,58.2
 Govi-Altai,25-29,Total,2025,94.3
 Govi-Altai,25-29,Total,2024,83.2
 Govi-Altai,25-29,Total,2023,84.6
 Govi-Altai,25-29,Total,2022,90.1
 Govi-Altai,25-29,Total,2021,89.4
 Govi-Altai,25-29,Total,2020,83.9
 Govi-Altai,25-29,Total,2019,87.0
 Govi-Altai,25-29,Total,2018,86.0
 Govi-Altai,25-29,Total,2017,90.5
 Govi-Altai,25-29,Total,2016,88.2
 Govi-Altai,25-29,Total,2015,86.9
 Govi-Altai,25-29,Total,2014,93.7
 Govi-Altai,25-29,Total,2013,91.8
 Govi-Altai,25-29,Total,2012,88.3
 Govi-Altai,25-29,Total,2011,89.9
 Govi-Altai,25-29,Total,2010,95.2
 Govi-Altai,25-29,Total,2009,83.7
 Govi-Altai,25-29, Male,2025,100.0
 Govi-Altai,25-29, Male,2024,83.0
 Govi-Altai,25-29, Male,2023,85.7
 Govi-Altai,25-29, Male,2022,100.0
 Govi-Altai,25-29, Male,2021,98.5
 Govi-Altai,25-29, Male,2020,93.1
 Govi-Altai,25-29, Male,2019,97.8
 Govi-Altai,25-29, Male,2018,94.1
 Govi-Altai,25-29, Male,2017,90.1
 Govi-Altai,25-29, Male,2016,88.2
 Govi-Altai,25-29, Male,2015,92.2
 Govi-Altai,25-29, Male,2014,98.2
 Govi-Altai,25-29, Male,2013,98.2
 Govi-Altai,25-29, Male,2012,84.9
 Govi-Altai,25-29, Male,2011,92.1
 Govi-Altai,25-29, Male,2010,100.0
 Govi-Altai,25-29, Male,2009,85.1
 Govi-Altai,25-29, Female,2025,89.2
 Govi-Altai,25-29, Female,2024,83.3
 Govi-Altai,25-29, Female,2023,83.2
 Govi-Altai,25-29, Female,2022,80.9
 Govi-Altai,25-29, Female,2021,79.5
 Govi-Altai,25-29, Female,2020,77.8
 Govi-Altai,25-29, Female,2019,74.4
 Govi-Altai,25-29, Female,2018,78.7
 Govi-Altai,25-29, Female,2017,90.8
 Govi-Altai,25-29, Female,2016,88.2
 Govi-Altai,25-29, Female,2015,80.4
 Govi-Altai,25-29, Female,2014,89.0
 Govi-Altai,25-29, Female,2013,86.1
 Govi-Altai,25-29, Female,2012,91.2
 Govi-Altai,25-29, Female,2011,87.2
 Govi-Altai,25-29, Female,2010,91.2
 Govi-Altai,25-29, Female,2009,81.2
 Govi-Altai,30-34,Total,2025,92.2
 Govi-Altai,30-34,Total,2024,87.6
 Govi-Altai,30-34,Total,2023,89.7
 Govi-Altai,30-34,Total,2022,82.4
 Govi-Altai,30-34,Total,2021,89.6
 Govi-Altai,30-34,Total,2020,87.6
 Govi-Altai,30-34,Total,2019,96.5
 Govi-Altai,30-34,Total,2018,87.6
 Govi-Altai,30-34,Total,2017,92.1
 Govi-Altai,30-34,Total,2016,84.3
 Govi-Altai,30-34,Total,2015,92.0
 Govi-Altai,30-34,Total,2014,89.6
 Govi-Altai,30-34,Total,2013,94.3
 Govi-Altai,30-34,Total,2012,93.3
 Govi-Altai,30-34,Total,2011,91.7
 Govi-Altai,30-34,Total,2010,94.5
 Govi-Altai,30-34,Total,2009,90.8
 Govi-Altai,30-34, Male,2025,100.0
 Govi-Altai,30-34, Male,2024,95.8
 Govi-Altai,30-34, Male,2023,91.9
 Govi-Altai,30-34, Male,2022,89.5
 Govi-Altai,30-34, Male,2021,96.5
 Govi-Altai,30-34, Male,2020,85.7
 Govi-Altai,30-34, Male,2019,100.0
 Govi-Altai,30-34, Male,2018,97.6
 Govi-Altai,30-34, Male,2017,95.9
 Govi-Altai,30-34, Male,2016,93.3
 Govi-Altai,30-34, Male,2015,94.5
 Govi-Altai,30-34, Male,2014,88.9
 Govi-Altai,30-34, Male,2013,94.0
 Govi-Altai,30-34, Male,2012,100.0
 Govi-Altai,30-34, Male,2011,90.5
 Govi-Altai,30-34, Male,2010,97.6
 Govi-Altai,30-34, Male,2009,86.0
 Govi-Altai,30-34, Female,2025,84.0
 Govi-Altai,30-34, Female,2024,77.0
 Govi-Altai,30-34, Female,2023,87.0
 Govi-Altai,30-34, Female,2022,74.1
 Govi-Altai,30-34, Female,2021,82.6
 Govi-Altai,30-34, Female,2020,89.2
 Govi-Altai,30-34, Female,2019,93.4
 Govi-Altai,30-34, Female,2018,79.1
 Govi-Altai,30-34, Female,2017,89.2
 Govi-Altai,30-34, Female,2016,74.8
 Govi-Altai,30-34, Female,2015,89.8
 Govi-Altai,30-34, Female,2014,90.2
 Govi-Altai,30-34, Female,2013,94.6
 Govi-Altai,30-34, Female,2012,86.9
 Govi-Altai,30-34, Female,2011,92.4
 Govi-Altai,30-34, Female,2010,91.8
 Govi-Altai,30-34, Female,2009,94.8
 Govi-Altai,35-39,Total,2025,88.1
 Govi-Altai,35-39,Total,2024,86.9
 Govi-Altai,35-39,Total,2023,81.1
 Govi-Altai,35-39,Total,2022,92.8
 Govi-Altai,35-39,Total,2021,99.5
 Govi-Altai,35-39,Total,2020,94.8
 Govi-Altai,35-39,Total,2019,96.9
 Govi-Altai,35-39,Total,2018,90.2
 Govi-Altai,35-39,Total,2017,93.1
 Govi-Altai,35-39,Total,2016,88.8
 Govi-Altai,35-39,Total,2015,94.0
 Govi-Altai,35-39,Total,2014,89.3
 Govi-Altai,35-39,Total,2013,91.2
 Govi-Altai,35-39,Total,2012,91.6
 Govi-Altai,35-39,Total,2011,91.2
 Govi-Altai,35-39,Total,2010,99.1
 Govi-Altai,35-39,Total,2009,94.3
 Govi-Altai,35-39, Male,2025,87.3
 Govi-Altai,35-39, Male,2024,84.2
 Govi-Altai,35-39, Male,2023,77.9
 Govi-Altai,35-39, Male,2022,93.6
 Govi-Altai,35-39, Male,2021,99.0
 Govi-Altai,35-39, Male,2020,100.0
 Govi-Altai,35-39, Male,2019,96.6
 Govi-Altai,35-39, Male,2018,98.0
 Govi-Altai,35-39, Male,2017,89.5
 Govi-Altai,35-39, Male,2016,94.0
 Govi-Altai,35-39, Male,2015,95.4
 Govi-Altai,35-39, Male,2014,92.0
 Govi-Altai,35-39, Male,2013,93.0
 Govi-Altai,35-39, Male,2012,90.2
 Govi-Altai,35-39, Male,2011,90.5
 Govi-Altai,35-39, Male,2010,100.0
 Govi-Altai,35-39, Male,2009,100.0
 Govi-Altai,35-39, Female,2025,88.7
 Govi-Altai,35-39, Female,2024,91.5
 Govi-Altai,35-39, Female,2023,84.9
 Govi-Altai,35-39, Female,2022,92.2
 Govi-Altai,35-39, Female,2021,100.0
 Govi-Altai,35-39, Female,2020,90.5
 Govi-Altai,35-39, Female,2019,97.1
 Govi-Altai,35-39, Female,2018,80.4
 Govi-Altai,35-39, Female,2017,96.3
 Govi-Altai,35-39, Female,2016,84.0
 Govi-Altai,35-39, Female,2015,92.6
 Govi-Altai,35-39, Female,2014,87.0
 Govi-Altai,35-39, Female,2013,89.8
 Govi-Altai,35-39, Female,2012,93.0
 Govi-Altai,35-39, Female,2011,91.9
 Govi-Altai,35-39, Female,2010,98.1
 Govi-Altai,35-39, Female,2009,89.7
 Govi-Altai,40-44,Total,2025,91.8
 Govi-Altai,40-44,Total,2024,91.3
 Govi-Altai,40-44,Total,2023,90.6
 Govi-Altai,40-44,Total,2022,90.1
 Govi-Altai,40-44,Total,2021,82.2
 Govi-Altai,40-44,Total,2020,89.5
 Govi-Altai,40-44,Total,2019,98.3
 Govi-Altai,40-44,Total,2018,93.7
 Govi-Altai,40-44,Total,2017,96.6
 Govi-Altai,40-44,Total,2016,94.3
 Govi-Altai,40-44,Total,2015,94.1
 Govi-Altai,40-44,Total,2014,94.8
 Govi-Altai,40-44,Total,2013,88.1
 Govi-Altai,40-44,Total,2012,92.5
 Govi-Altai,40-44,Total,2011,95.6
 Govi-Altai,40-44,Total,2010,95.7
 Govi-Altai,40-44,Total,2009,90.7
 Govi-Altai,40-44, Male,2025,92.4
 Govi-Altai,40-44, Male,2024,96.4
 Govi-Altai,40-44, Male,2023,95.9
 Govi-Altai,40-44, Male,2022,94.2
 Govi-Altai,40-44, Male,2021,80.6
 Govi-Altai,40-44, Male,2020,94.8
 Govi-Altai,40-44, Male,2019,100.0
 Govi-Altai,40-44, Male,2018,92.1
 Govi-Altai,40-44, Male,2017,96.8
 Govi-Altai,40-44, Male,2016,96.6
 Govi-Altai,40-44, Male,2015,96.7
 Govi-Altai,40-44, Male,2014,96.5
 Govi-Altai,40-44, Male,2013,92.4
 Govi-Altai,40-44, Male,2012,92.4
 Govi-Altai,40-44, Male,2011,96.0
 Govi-Altai,40-44, Male,2010,95.7
 Govi-Altai,40-44, Male,2009,92.3
 Govi-Altai,40-44, Female,2025,91.0
 Govi-Altai,40-44, Female,2024,87.9
 Govi-Altai,40-44, Female,2023,85.8
 Govi-Altai,40-44, Female,2022,83.3
 Govi-Altai,40-44, Female,2021,83.6
 Govi-Altai,40-44, Female,2020,85.4
 Govi-Altai,40-44, Female,2019,97.0
 Govi-Altai,40-44, Female,2018,95.0
 Govi-Altai,40-44, Female,2017,96.5
 Govi-Altai,40-44, Female,2016,91.5
 Govi-Altai,40-44, Female,2015,91.5
 Govi-Altai,40-44, Female,2014,93.0
 Govi-Altai,40-44, Female,2013,83.3
 Govi-Altai,40-44, Female,2012,92.6
 Govi-Altai,40-44, Female,2011,95.2
 Govi-Altai,40-44, Female,2010,95.8
 Govi-Altai,40-44, Female,2009,88.5
 Govi-Altai,45-49,Total,2025,92.5
 Govi-Altai,45-49,Total,2024,87.3
 Govi-Altai,45-49,Total,2023,90.6
 Govi-Altai,45-49,Total,2022,89.8
 Govi-Altai,45-49,Total,2021,94.8
 Govi-Altai,45-49,Total,2020,80.5
 Govi-Altai,45-49,Total,2019,97.6
 Govi-Altai,45-49,Total,2018,92.1
 Govi-Altai,45-49,Total,2017,94.1
 Govi-Altai,45-49,Total,2016,85.8
 Govi-Altai,45-49,Total,2015,90.7
 Govi-Altai,45-49,Total,2014,89.5
 Govi-Altai,45-49,Total,2013,87.0
 Govi-Altai,45-49,Total,2012,90.4
 Govi-Altai,45-49,Total,2011,92.3
 Govi-Altai,45-49,Total,2010,93.0
 Govi-Altai,45-49,Total,2009,100.0
 Govi-Altai,45-49, Male,2025,94.7
 Govi-Altai,45-49, Male,2024,80.8
 Govi-Altai,45-49, Male,2023,92.5
 Govi-Altai,45-49, Male,2022,82.4
 Govi-Altai,45-49, Male,2021,97.0
 Govi-Altai,45-49, Male,2020,82.4
 Govi-Altai,45-49, Male,2019,95.4
 Govi-Altai,45-49, Male,2018,90.0
 Govi-Altai,45-49, Male,2017,95.5
 Govi-Altai,45-49, Male,2016,83.2
 Govi-Altai,45-49, Male,2015,91.9
 Govi-Altai,45-49, Male,2014,89.2
 Govi-Altai,45-49, Male,2013,87.4
 Govi-Altai,45-49, Male,2012,91.2
 Govi-Altai,45-49, Male,2011,93.0
 Govi-Altai,45-49, Male,2010,94.3
 Govi-Altai,45-49, Male,2009,100.0
 Govi-Altai,45-49, Female,2025,90.1
 Govi-Altai,45-49, Female,2024,92.2
 Govi-Altai,45-49, Female,2023,89.1
 Govi-Altai,45-49, Female,2022,97.6
 Govi-Altai,45-49, Female,2021,93.5
 Govi-Altai,45-49, Female,2020,78.8
 Govi-Altai,45-49, Female,2019,100.0
 Govi-Altai,45-49, Female,2018,94.5
 Govi-Altai,45-49, Female,2017,92.4
 Govi-Altai,45-49, Female,2016,87.9
 Govi-Altai,45-49, Female,2015,89.4
 Govi-Altai,45-49, Female,2014,89.9
 Govi-Altai,45-49, Female,2013,86.6
 Govi-Altai,45-49, Female,2012,89.4
 Govi-Altai,45-49, Female,2011,91.6
 Govi-Altai,45-49, Female,2010,91.0
 Govi-Altai,45-49, Female,2009,100.0
 Govi-Altai,50-54,Total,2025,83.1
 Govi-Altai,50-54,Total,2024,87.8
 Govi-Altai,50-54,Total,2023,77.0
 Govi-Altai,50-54,Total,2022,90.5
 Govi-Altai,50-54,Total,2021,82.0
 Govi-Altai,50-54,Total,2020,85.9
 Govi-Altai,50-54,Total,2019,93.4
 Govi-Altai,50-54,Total,2018,83.5
 Govi-Altai,50-54,Total,2017,84.2
 Govi-Altai,50-54,Total,2016,80.6
 Govi-Altai,50-54,Total,2015,88.8
 Govi-Altai,50-54,Total,2014,82.0
 Govi-Altai,50-54,Total,2013,80.7
 Govi-Altai,50-54,Total,2012,85.7
 Govi-Altai,50-54,Total,2011,87.4
 Govi-Altai,50-54,Total,2010,82.3
 Govi-Altai,50-54,Total,2009,92.8
 Govi-Altai,50-54, Male,2025,85.6
 Govi-Altai,50-54, Male,2024,86.6
 Govi-Altai,50-54, Male,2023,80.9
 Govi-Altai,50-54, Male,2022,95.2
 Govi-Altai,50-54, Male,2021,83.2
 Govi-Altai,50-54, Male,2020,77.9
 Govi-Altai,50-54, Male,2019,97.3
 Govi-Altai,50-54, Male,2018,83.5
 Govi-Altai,50-54, Male,2017,92.1
 Govi-Altai,50-54, Male,2016,85.0
 Govi-Altai,50-54, Male,2015,90.4
 Govi-Altai,50-54, Male,2014,83.3
 Govi-Altai,50-54, Male,2013,82.3
 Govi-Altai,50-54, Male,2012,91.7
 Govi-Altai,50-54, Male,2011,88.8
 Govi-Altai,50-54, Male,2010,81.1
 Govi-Altai,50-54, Male,2009,100.0
 Govi-Altai,50-54, Female,2025,80.8
 Govi-Altai,50-54, Female,2024,89.3
 Govi-Altai,50-54, Female,2023,74.6
 Govi-Altai,50-54, Female,2022,86.3
 Govi-Altai,50-54, Female,2021,81.0
 Govi-Altai,50-54, Female,2020,96.0
 Govi-Altai,50-54, Female,2019,88.8
 Govi-Altai,50-54, Female,2018,83.5
 Govi-Altai,50-54, Female,2017,77.9
 Govi-Altai,50-54, Female,2016,76.4
 Govi-Altai,50-54, Female,2015,87.6
 Govi-Altai,50-54, Female,2014,80.9
 Govi-Altai,50-54, Female,2013,79.4
 Govi-Altai,50-54, Female,2012,81.9
 Govi-Altai,50-54, Female,2011,86.1
 Govi-Altai,50-54, Female,2010,83.0
 Govi-Altai,50-54, Female,2009,83.1
 Govi-Altai,55-59,Total,2025,71.0
 Govi-Altai,55-59,Total,2024,69.2
 Govi-Altai,55-59,Total,2023,48.9
 Govi-Altai,55-59,Total,2022,64.0
 Govi-Altai,55-59,Total,2021,56.5
 Govi-Altai,55-59,Total,2020,55.7
 Govi-Altai,55-59,Total,2019,70.3
 Govi-Altai,55-59,Total,2018,69.1
 Govi-Altai,55-59,Total,2017,74.4
 Govi-Altai,55-59,Total,2016,69.4
 Govi-Altai,55-59,Total,2015,73.2
 Govi-Altai,55-59,Total,2014,53.6
 Govi-Altai,55-59,Total,2013,67.8
 Govi-Altai,55-59,Total,2012,69.7
 Govi-Altai,55-59,Total,2011,76.2
 Govi-Altai,55-59,Total,2010,77.5
 Govi-Altai,55-59,Total,2009,100.0
 Govi-Altai,55-59, Male,2025,70.6
 Govi-Altai,55-59, Male,2024,77.3
 Govi-Altai,55-59, Male,2023,57.2
 Govi-Altai,55-59, Male,2022,88.3
 Govi-Altai,55-59, Male,2021,82.6
 Govi-Altai,55-59, Male,2020,57.5
 Govi-Altai,55-59, Male,2019,98.2
 Govi-Altai,55-59, Male,2018,84.9
 Govi-Altai,55-59, Male,2017,81.2
 Govi-Altai,55-59, Male,2016,76.0
 Govi-Altai,55-59, Male,2015,88.3
 Govi-Altai,55-59, Male,2014,63.2
 Govi-Altai,55-59, Male,2013,81.4
 Govi-Altai,55-59, Male,2012,79.5
 Govi-Altai,55-59, Male,2011,90.7
 Govi-Altai,55-59, Male,2010,71.5
 Govi-Altai,55-59, Male,2009,100.0
 Govi-Altai,55-59, Female,2025,71.4
 Govi-Altai,55-59, Female,2024,62.9
 Govi-Altai,55-59, Female,2023,35.1
 Govi-Altai,55-59, Female,2022,39.9
 Govi-Altai,55-59, Female,2021,22.4
 Govi-Altai,55-59, Female,2020,54.7
 Govi-Altai,55-59, Female,2019,37.5
 Govi-Altai,55-59, Female,2018,55.9
 Govi-Altai,55-59, Female,2017,68.3
 Govi-Altai,55-59, Female,2016,62.2
 Govi-Altai,55-59, Female,2015,55.7
 Govi-Altai,55-59, Female,2014,45.8
 Govi-Altai,55-59, Female,2013,54.0
 Govi-Altai,55-59, Female,2012,61.4
 Govi-Altai,55-59, Female,2011,60.2
 Govi-Altai,55-59, Female,2010,100.0
 Govi-Altai,55-59, Female,2009,100.0
 Govi-Altai,60-64,Total,2025,37.5
 Govi-Altai,60-64,Total,2024,28.9
 Govi-Altai,60-64,Total,2023,31.8
 Govi-Altai,60-64,Total,2022,24.7
 Govi-Altai,60-64,Total,2021,31.0
 Govi-Altai,60-64,Total,2020,28.4
 Govi-Altai,60-64,Total,2019,35.8
 Govi-Altai,60-64,Total,2018,45.1
 Govi-Altai,60-64,Total,2017,60.7
 Govi-Altai,60-64,Total,2016,46.0
 Govi-Altai,60-64,Total,2015,55.5
 Govi-Altai,60-64,Total,2014,49.6
 Govi-Altai,60-64,Total,2013,36.8
 Govi-Altai,60-64,Total,2012,49.5
 Govi-Altai,60-64,Total,2011,48.0
 Govi-Altai,60-64,Total,2010,42.0
 Govi-Altai,60-64,Total,2009,75.7
 Govi-Altai,60-64, Male,2025,36.6
 Govi-Altai,60-64, Male,2024,30.8
 Govi-Altai,60-64, Male,2023,27.3
 Govi-Altai,60-64, Male,2022,10.7
 Govi-Altai,60-64, Male,2021,47.3
 Govi-Altai,60-64, Male,2020,17.8
 Govi-Altai,60-64, Male,2019,55.0
 Govi-Altai,60-64, Male,2018,62.9
 Govi-Altai,60-64, Male,2017,70.6
 Govi-Altai,60-64, Male,2016,71.5
 Govi-Altai,60-64, Male,2015,62.5
 Govi-Altai,60-64, Male,2014,44.7
 Govi-Altai,60-64, Male,2013,66.0
 Govi-Altai,60-64, Male,2012,48.4
 Govi-Altai,60-64, Male,2011,53.5
 Govi-Altai,60-64, Male,2010,31.9
 Govi-Altai,60-64, Male,2009,56.6
 Govi-Altai,60-64, Female,2025,38.2
 Govi-Altai,60-64, Female,2024,26.5
 Govi-Altai,60-64, Female,2023,34.4
 Govi-Altai,60-64, Female,2022,29.8
 Govi-Altai,60-64, Female,2021,18.1
 Govi-Altai,60-64, Female,2020,39.0
 Govi-Altai,60-64, Female,2019,27.8
 Govi-Altai,60-64, Female,2018,31.2
 Govi-Altai,60-64, Female,2017,52.6
 Govi-Altai,60-64, Female,2016,29.1
 Govi-Altai,60-64, Female,2015,50.1
 Govi-Altai,60-64, Female,2014,55.6
 Govi-Altai,60-64, Female,2013,22.2
 Govi-Altai,60-64, Female,2012,50.6
 Govi-Altai,60-64, Female,2011,42.7
 Govi-Altai,60-64, Female,2010,46.7
 Govi-Altai,60-64, Female,2009,100.0
 Govi-Altai,65-69,Total,2025,18.6
 Govi-Altai,65-69,Total,2024,19.0
 Govi-Altai,65-69,Total,2023,11.0
 Govi-Altai,65-69,Total,2022,25.3
 Govi-Altai,65-69,Total,2021,5.5
 Govi-Altai,65-69,Total,2020,45.4
 Govi-Altai,65-69,Total,2019,26.5
 Govi-Altai,65-69,Total,2018,28.2
 Govi-Altai,65-69,Total,2017,24.7
 Govi-Altai,65-69,Total,2016,16.1
 Govi-Altai,65-69,Total,2015,30.2
 Govi-Altai,65-69,Total,2014,31.1
 Govi-Altai,65-69,Total,2013,28.7
 Govi-Altai,65-69,Total,2012,45.2
 Govi-Altai,65-69,Total,2011,65.8
 Govi-Altai,65-69,Total,2010,50.1
 Govi-Altai,65-69,Total,2009,40.9
 Govi-Altai,65-69, Male,2025,27.0
 Govi-Altai,65-69, Male,2024,18.0
 Govi-Altai,65-69, Male,2023,11.6
 Govi-Altai,65-69, Male,2022,30.1
 Govi-Altai,65-69, Male,2021,3.0
 Govi-Altai,65-69, Male,2020,10.3
 Govi-Altai,65-69, Male,2019,44.3
 Govi-Altai,65-69, Male,2018,42.0
 Govi-Altai,65-69, Male,2017,36.0
 Govi-Altai,65-69, Male,2016,25.8
 Govi-Altai,65-69, Male,2015,16.5
 Govi-Altai,65-69, Male,2014,30.3
 Govi-Altai,65-69, Male,2013,28.6
 Govi-Altai,65-69, Male,2012,50.5
 Govi-Altai,65-69, Male,2011,68.9
 Govi-Altai,65-69, Male,2010,62.1
 Govi-Altai,65-69, Male,2009,52.5
 Govi-Altai,65-69, Female,2025,11.3
 Govi-Altai,65-69, Female,2024,20.0
 Govi-Altai,65-69, Female,2023,10.7
 Govi-Altai,65-69, Female,2022,16.2
 Govi-Altai,65-69, Female,2021,6.3
 Govi-Altai,65-69, Female,2020,63.1
 Govi-Altai,65-69, Female,2019,11.8
 Govi-Altai,65-69, Female,2018,20.1
 Govi-Altai,65-69, Female,2017,15.0
 Govi-Altai,65-69, Female,2016,9.0
 Govi-Altai,65-69, Female,2015,35.4
 Govi-Altai,65-69, Female,2014,31.8
 Govi-Altai,65-69, Female,2013,28.8
 Govi-Altai,65-69, Female,2012,39.9
 Govi-Altai,65-69, Female,2011,62.0
 Govi-Altai,65-69, Female,2010,36.5
 Govi-Altai,65-69, Female,2009,0.0
 Govi-Altai,70+,Total,2025,18.1
 Govi-Altai,70+,Total,2024,13.8
 Govi-Altai,70+,Total,2023,5.5
 Govi-Altai,70+,Total,2022,14.6
 Govi-Altai,70+,Total,2021,9.8
 Govi-Altai,70+,Total,2020,14.0
 Govi-Altai,70+,Total,2019,12.0
 Govi-Altai,70+,Total,2018,14.2
 Govi-Altai,70+,Total,2017,13.5
 Govi-Altai,70+,Total,2016,9.9
 Govi-Altai,70+,Total,2015,20.0
 Govi-Altai,70+,Total,2014,10.4
 Govi-Altai,70+,Total,2013,11.7
 Govi-Altai,70+,Total,2012,28.1
 Govi-Altai,70+,Total,2011,19.1
 Govi-Altai,70+,Total,2010,34.1
 Govi-Altai,70+,Total,2009,14.3
 Govi-Altai,70+, Male,2025,26.7
 Govi-Altai,70+, Male,2024,20.4
 Govi-Altai,70+, Male,2023,12.2
 Govi-Altai,70+, Male,2022,14.6
 Govi-Altai,70+, Male,2021,8.2
 Govi-Altai,70+, Male,2020,25.8
 Govi-Altai,70+, Male,2019,15.2
 Govi-Altai,70+, Male,2018,26.4
 Govi-Altai,70+, Male,2017,27.4
 Govi-Altai,70+, Male,2016,9.1
 Govi-Altai,70+, Male,2015,29.4
 Govi-Altai,70+, Male,2014,19.1
 Govi-Altai,70+, Male,2013,28.4
 Govi-Altai,70+, Male,2012,50.8
 Govi-Altai,70+, Male,2011,37.2
 Govi-Altai,70+, Male,2010,20.2
 Govi-Altai,70+, Male,2009,32.1
 Govi-Altai,70+, Female,2025,14.4
 Govi-Altai,70+, Female,2024,12.3
 Govi-Altai,70+, Female,2023,1.4
 Govi-Altai,70+, Female,2022,14.6
 Govi-Altai,70+, Female,2021,11.5
 Govi-Altai,70+, Female,2020,7.7
 Govi-Altai,70+, Female,2019,11.1
 Govi-Altai,70+, Female,2018,7.4
 Govi-Altai,70+, Female,2017,7.9
 Govi-Altai,70+, Female,2016,10.4
 Govi-Altai,70+, Female,2015,7.8
 Govi-Altai,70+, Female,2014,5.4
 Govi-Altai,70+, Female,2013,0.0
 Govi-Altai,70+, Female,2012,16.2
 Govi-Altai,70+, Female,2011,7.9
 Govi-Altai,70+, Female,2010,44.4
 Govi-Altai,70+, Female,2009,0.0
 Zavkhan,Total,Total,2025,65.2
 Zavkhan,Total,Total,2024,66.5
 Zavkhan,Total,Total,2023,76.9
 Zavkhan,Total,Total,2022,69.3
 Zavkhan,Total,Total,2021,72.6
 Zavkhan,Total,Total,2020,76.5
 Zavkhan,Total,Total,2019,74.2
 Zavkhan,Total,Total,2018,73.4
 Zavkhan,Total,Total,2017,74.5
 Zavkhan,Total,Total,2016,73.4
 Zavkhan,Total,Total,2015,73.3
 Zavkhan,Total,Total,2014,80.5
 Zavkhan,Total,Total,2013,72.0
 Zavkhan,Total,Total,2012,68.5
 Zavkhan,Total,Total,2011,63.4
 Zavkhan,Total,Total,2010,64.9
 Zavkhan,Total,Total,2009,58.8
 Zavkhan,Total, Male,2025,69.4
 Zavkhan,Total, Male,2024,73.5
 Zavkhan,Total, Male,2023,79.5
 Zavkhan,Total, Male,2022,73.0
 Zavkhan,Total, Male,2021,76.2
 Zavkhan,Total, Male,2020,80.8
 Zavkhan,Total, Male,2019,78.3
 Zavkhan,Total, Male,2018,79.0
 Zavkhan,Total, Male,2017,78.7
 Zavkhan,Total, Male,2016,77.4
 Zavkhan,Total, Male,2015,75.4
 Zavkhan,Total, Male,2014,84.5
 Zavkhan,Total, Male,2013,76.3
 Zavkhan,Total, Male,2012,72.1
 Zavkhan,Total, Male,2011,66.9
 Zavkhan,Total, Male,2010,70.4
 Zavkhan,Total, Male,2009,56.5
 Zavkhan,Total, Female,2025,60.8
 Zavkhan,Total, Female,2024,60.1
 Zavkhan,Total, Female,2023,73.9
 Zavkhan,Total, Female,2022,65.4
 Zavkhan,Total, Female,2021,68.8
 Zavkhan,Total, Female,2020,71.9
 Zavkhan,Total, Female,2019,70.2
 Zavkhan,Total, Female,2018,68.4
 Zavkhan,Total, Female,2017,70.5
 Zavkhan,Total, Female,2016,69.8
 Zavkhan,Total, Female,2015,71.3
 Zavkhan,Total, Female,2014,76.9
 Zavkhan,Total, Female,2013,68.0
 Zavkhan,Total, Female,2012,65.0
 Zavkhan,Total, Female,2011,59.9
 Zavkhan,Total, Female,2010,59.5
 Zavkhan,Total, Female,2009,61.1
 Zavkhan,15-19,Total,2025,7.5
 Zavkhan,15-19,Total,2024,4.6
 Zavkhan,15-19,Total,2023,3.0
 Zavkhan,15-19,Total,2022,9.6
 Zavkhan,15-19,Total,2021,16.0
 Zavkhan,15-19,Total,2020,19.1
 Zavkhan,15-19,Total,2019,12.5
 Zavkhan,15-19,Total,2018,8.7
 Zavkhan,15-19,Total,2017,4.2
 Zavkhan,15-19,Total,2016,5.0
 Zavkhan,15-19,Total,2015,10.5
 Zavkhan,15-19,Total,2014,23.1
 Zavkhan,15-19,Total,2013,10.9
 Zavkhan,15-19,Total,2012,31.7
 Zavkhan,15-19,Total,2011,10.6
 Zavkhan,15-19,Total,2010,11.9
 Zavkhan,15-19,Total,2009,3.8
 Zavkhan,15-19, Male,2025,11.4
 Zavkhan,15-19, Male,2024,9.4
 Zavkhan,15-19, Male,2023,4.8
 Zavkhan,15-19, Male,2022,11.9
 Zavkhan,15-19, Male,2021,24.6
 Zavkhan,15-19, Male,2020,28.0
 Zavkhan,15-19, Male,2019,6.2
 Zavkhan,15-19, Male,2018,13.2
 Zavkhan,15-19, Male,2017,5.9
 Zavkhan,15-19, Male,2016,9.2
 Zavkhan,15-19, Male,2015,14.8
 Zavkhan,15-19, Male,2014,26.1
 Zavkhan,15-19, Male,2013,13.2
 Zavkhan,15-19, Male,2012,29.7
 Zavkhan,15-19, Male,2011,15.8
 Zavkhan,15-19, Male,2010,15.9
 Zavkhan,15-19, Male,2009,3.3
 Zavkhan,15-19, Female,2025,1.8
 Zavkhan,15-19, Female,2024,1.0
 Zavkhan,15-19, Female,2023,0.0
 Zavkhan,15-19, Female,2022,3.6
 Zavkhan,15-19, Female,2021,0.0
 Zavkhan,15-19, Female,2020,0.0
 Zavkhan,15-19, Female,2019,23.4
 Zavkhan,15-19, Female,2018,3.2
 Zavkhan,15-19, Female,2017,2.6
 Zavkhan,15-19, Female,2016,1.9
 Zavkhan,15-19, Female,2015,6.3
 Zavkhan,15-19, Female,2014,21.0
 Zavkhan,15-19, Female,2013,8.6
 Zavkhan,15-19, Female,2012,33.8
 Zavkhan,15-19, Female,2011,4.9
 Zavkhan,15-19, Female,2010,8.4
 Zavkhan,15-19, Female,2009,4.4
 Zavkhan,20-24,Total,2025,60.7
 Zavkhan,20-24,Total,2024,21.2
 Zavkhan,20-24,Total,2023,81.6
 Zavkhan,20-24,Total,2022,87.4
 Zavkhan,20-24,Total,2021,100.0
 Zavkhan,20-24,Total,2020,60.4
 Zavkhan,20-24,Total,2019,77.3
 Zavkhan,20-24,Total,2018,55.8
 Zavkhan,20-24,Total,2017,51.6
 Zavkhan,20-24,Total,2016,65.6
 Zavkhan,20-24,Total,2015,72.9
 Zavkhan,20-24,Total,2014,65.6
 Zavkhan,20-24,Total,2013,58.6
 Zavkhan,20-24,Total,2012,41.8
 Zavkhan,20-24,Total,2011,48.3
 Zavkhan,20-24,Total,2010,50.9
 Zavkhan,20-24,Total,2009,43.1
 Zavkhan,20-24, Male,2025,68.4
 Zavkhan,20-24, Male,2024,19.4
 Zavkhan,20-24, Male,2023,79.5
 Zavkhan,20-24, Male,2022,93.1
 Zavkhan,20-24, Male,2021,100.0
 Zavkhan,20-24, Male,2020,77.4
 Zavkhan,20-24, Male,2019,94.7
 Zavkhan,20-24, Male,2018,68.7
 Zavkhan,20-24, Male,2017,57.9
 Zavkhan,20-24, Male,2016,71.1
 Zavkhan,20-24, Male,2015,79.6
 Zavkhan,20-24, Male,2014,74.4
 Zavkhan,20-24, Male,2013,64.5
 Zavkhan,20-24, Male,2012,48.4
 Zavkhan,20-24, Male,2011,53.6
 Zavkhan,20-24, Male,2010,59.8
 Zavkhan,20-24, Male,2009,41.0
 Zavkhan,20-24, Female,2025,46.9
 Zavkhan,20-24, Female,2024,24.6
 Zavkhan,20-24, Female,2023,88.1
 Zavkhan,20-24, Female,2022,73.9
 Zavkhan,20-24, Female,2021,100.0
 Zavkhan,20-24, Female,2020,45.1
 Zavkhan,20-24, Female,2019,56.6
 Zavkhan,20-24, Female,2018,41.8
 Zavkhan,20-24, Female,2017,43.9
 Zavkhan,20-24, Female,2016,58.5
 Zavkhan,20-24, Female,2015,64.5
 Zavkhan,20-24, Female,2014,51.6
 Zavkhan,20-24, Female,2013,53.5
 Zavkhan,20-24, Female,2012,33.9
 Zavkhan,20-24, Female,2011,43.4
 Zavkhan,20-24, Female,2010,41.2
 Zavkhan,20-24, Female,2009,44.9
 Zavkhan,25-29,Total,2025,87.5
 Zavkhan,25-29,Total,2024,88.8
 Zavkhan,25-29,Total,2023,91.2
 Zavkhan,25-29,Total,2022,85.1
 Zavkhan,25-29,Total,2021,100.0
 Zavkhan,25-29,Total,2020,86.4
 Zavkhan,25-29,Total,2019,70.8
 Zavkhan,25-29,Total,2018,78.9
 Zavkhan,25-29,Total,2017,90.3
 Zavkhan,25-29,Total,2016,92.9
 Zavkhan,25-29,Total,2015,89.8
 Zavkhan,25-29,Total,2014,91.3
 Zavkhan,25-29,Total,2013,92.7
 Zavkhan,25-29,Total,2012,85.6
 Zavkhan,25-29,Total,2011,85.4
 Zavkhan,25-29,Total,2010,84.3
 Zavkhan,25-29,Total,2009,83.4
 Zavkhan,25-29, Male,2025,93.6
 Zavkhan,25-29, Male,2024,96.9
 Zavkhan,25-29, Male,2023,95.7
 Zavkhan,25-29, Male,2022,90.7
 Zavkhan,25-29, Male,2021,100.0
 Zavkhan,25-29, Male,2020,86.5
 Zavkhan,25-29, Male,2019,100.0
 Zavkhan,25-29, Male,2018,89.0
 Zavkhan,25-29, Male,2017,90.1
 Zavkhan,25-29, Male,2016,92.6
 Zavkhan,25-29, Male,2015,93.0
 Zavkhan,25-29, Male,2014,97.7
 Zavkhan,25-29, Male,2013,95.1
 Zavkhan,25-29, Male,2012,93.8
 Zavkhan,25-29, Male,2011,89.4
 Zavkhan,25-29, Male,2010,88.2
 Zavkhan,25-29, Male,2009,93.9
 Zavkhan,25-29, Female,2025,74.8
 Zavkhan,25-29, Female,2024,82.2
 Zavkhan,25-29, Female,2023,87.0
 Zavkhan,25-29, Female,2022,76.2
 Zavkhan,25-29, Female,2021,100.0
 Zavkhan,25-29, Female,2020,86.3
 Zavkhan,25-29, Female,2019,34.2
 Zavkhan,25-29, Female,2018,69.1
 Zavkhan,25-29, Female,2017,90.4
 Zavkhan,25-29, Female,2016,93.2
 Zavkhan,25-29, Female,2015,86.6
 Zavkhan,25-29, Female,2014,84.0
 Zavkhan,25-29, Female,2013,90.7
 Zavkhan,25-29, Female,2012,78.8
 Zavkhan,25-29, Female,2011,81.3
 Zavkhan,25-29, Female,2010,80.3
 Zavkhan,25-29, Female,2009,77.9
 Zavkhan,30-34,Total,2025,95.8
 Zavkhan,30-34,Total,2024,92.1
 Zavkhan,30-34,Total,2023,87.4
 Zavkhan,30-34,Total,2022,78.2
 Zavkhan,30-34,Total,2021,84.2
 Zavkhan,30-34,Total,2020,94.1
 Zavkhan,30-34,Total,2019,97.5
 Zavkhan,30-34,Total,2018,96.0
 Zavkhan,30-34,Total,2017,95.6
 Zavkhan,30-34,Total,2016,93.2
 Zavkhan,30-34,Total,2015,92.3
 Zavkhan,30-34,Total,2014,97.1
 Zavkhan,30-34,Total,2013,93.9
 Zavkhan,30-34,Total,2012,89.6
 Zavkhan,30-34,Total,2011,94.7
 Zavkhan,30-34,Total,2010,88.5
 Zavkhan,30-34,Total,2009,92.5
 Zavkhan,30-34, Male,2025,95.9
 Zavkhan,30-34, Male,2024,92.7
 Zavkhan,30-34, Male,2023,90.9
 Zavkhan,30-34, Male,2022,83.2
 Zavkhan,30-34, Male,2021,95.0
 Zavkhan,30-34, Male,2020,98.2
 Zavkhan,30-34, Male,2019,97.8
 Zavkhan,30-34, Male,2018,98.2
 Zavkhan,30-34, Male,2017,97.8
 Zavkhan,30-34, Male,2016,94.5
 Zavkhan,30-34, Male,2015,97.5
 Zavkhan,30-34, Male,2014,97.8
 Zavkhan,30-34, Male,2013,96.5
 Zavkhan,30-34, Male,2012,87.0
 Zavkhan,30-34, Male,2011,98.2
 Zavkhan,30-34, Male,2010,94.9
 Zavkhan,30-34, Male,2009,93.2
 Zavkhan,30-34, Female,2025,95.7
 Zavkhan,30-34, Female,2024,91.5
 Zavkhan,30-34, Female,2023,83.6
 Zavkhan,30-34, Female,2022,74.2
 Zavkhan,30-34, Female,2021,70.8
 Zavkhan,30-34, Female,2020,89.4
 Zavkhan,30-34, Female,2019,97.2
 Zavkhan,30-34, Female,2018,94.6
 Zavkhan,30-34, Female,2017,93.3
 Zavkhan,30-34, Female,2016,92.2
 Zavkhan,30-34, Female,2015,88.0
 Zavkhan,30-34, Female,2014,96.6
 Zavkhan,30-34, Female,2013,91.2
 Zavkhan,30-34, Female,2012,93.4
 Zavkhan,30-34, Female,2011,91.7
 Zavkhan,30-34, Female,2010,81.1
 Zavkhan,30-34, Female,2009,91.6
 Zavkhan,35-39,Total,2025,97.3
 Zavkhan,35-39,Total,2024,97.2
 Zavkhan,35-39,Total,2023,94.7
 Zavkhan,35-39,Total,2022,94.7
 Zavkhan,35-39,Total,2021,80.8
 Zavkhan,35-39,Total,2020,93.2
 Zavkhan,35-39,Total,2019,95.5
 Zavkhan,35-39,Total,2018,98.5
 Zavkhan,35-39,Total,2017,95.8
 Zavkhan,35-39,Total,2016,97.8
 Zavkhan,35-39,Total,2015,90.4
 Zavkhan,35-39,Total,2014,99.2
 Zavkhan,35-39,Total,2013,96.1
 Zavkhan,35-39,Total,2012,92.1
 Zavkhan,35-39,Total,2011,94.0
 Zavkhan,35-39,Total,2010,93.0
 Zavkhan,35-39,Total,2009,93.4
 Zavkhan,35-39, Male,2025,100.0
 Zavkhan,35-39, Male,2024,99.5
 Zavkhan,35-39, Male,2023,100.0
 Zavkhan,35-39, Male,2022,92.7
 Zavkhan,35-39, Male,2021,92.7
 Zavkhan,35-39, Male,2020,100.0
 Zavkhan,35-39, Male,2019,100.0
 Zavkhan,35-39, Male,2018,100.0
 Zavkhan,35-39, Male,2017,96.1
 Zavkhan,35-39, Male,2016,100.0
 Zavkhan,35-39, Male,2015,91.4
 Zavkhan,35-39, Male,2014,100.0
 Zavkhan,35-39, Male,2013,100.0
 Zavkhan,35-39, Male,2012,97.6
 Zavkhan,35-39, Male,2011,96.9
 Zavkhan,35-39, Male,2010,98.4
 Zavkhan,35-39, Male,2009,100.0
 Zavkhan,35-39, Female,2025,95.1
 Zavkhan,35-39, Female,2024,94.7
 Zavkhan,35-39, Female,2023,89.3
 Zavkhan,35-39, Female,2022,97.2
 Zavkhan,35-39, Female,2021,71.3
 Zavkhan,35-39, Female,2020,86.5
 Zavkhan,35-39, Female,2019,93.1
 Zavkhan,35-39, Female,2018,96.7
 Zavkhan,35-39, Female,2017,95.5
 Zavkhan,35-39, Female,2016,96.0
 Zavkhan,35-39, Female,2015,89.6
 Zavkhan,35-39, Female,2014,98.5
 Zavkhan,35-39, Female,2013,92.4
 Zavkhan,35-39, Female,2012,87.4
 Zavkhan,35-39, Female,2011,91.1
 Zavkhan,35-39, Female,2010,88.2
 Zavkhan,35-39, Female,2009,88.9
 Zavkhan,40-44,Total,2025,92.4
 Zavkhan,40-44,Total,2024,87.7
 Zavkhan,40-44,Total,2023,91.1
 Zavkhan,40-44,Total,2022,93.4
 Zavkhan,40-44,Total,2021,95.7
 Zavkhan,40-44,Total,2020,99.0
 Zavkhan,40-44,Total,2019,98.5
 Zavkhan,40-44,Total,2018,93.2
 Zavkhan,40-44,Total,2017,94.7
 Zavkhan,40-44,Total,2016,93.8
 Zavkhan,40-44,Total,2015,93.3
 Zavkhan,40-44,Total,2014,96.2
 Zavkhan,40-44,Total,2013,93.8
 Zavkhan,40-44,Total,2012,90.4
 Zavkhan,40-44,Total,2011,93.9
 Zavkhan,40-44,Total,2010,95.7
 Zavkhan,40-44,Total,2009,77.7
 Zavkhan,40-44, Male,2025,92.8
 Zavkhan,40-44, Male,2024,84.7
 Zavkhan,40-44, Male,2023,95.7
 Zavkhan,40-44, Male,2022,95.9
 Zavkhan,40-44, Male,2021,95.2
 Zavkhan,40-44, Male,2020,100.0
 Zavkhan,40-44, Male,2019,100.0
 Zavkhan,40-44, Male,2018,94.9
 Zavkhan,40-44, Male,2017,97.1
 Zavkhan,40-44, Male,2016,94.3
 Zavkhan,40-44, Male,2015,95.4
 Zavkhan,40-44, Male,2014,97.1
 Zavkhan,40-44, Male,2013,95.6
 Zavkhan,40-44, Male,2012,91.9
 Zavkhan,40-44, Male,2011,95.0
 Zavkhan,40-44, Male,2010,96.3
 Zavkhan,40-44, Male,2009,75.4
 Zavkhan,40-44, Female,2025,91.9
 Zavkhan,40-44, Female,2024,90.9
 Zavkhan,40-44, Female,2023,85.5
 Zavkhan,40-44, Female,2022,91.8
 Zavkhan,40-44, Female,2021,96.0
 Zavkhan,40-44, Female,2020,97.9
 Zavkhan,40-44, Female,2019,96.9
 Zavkhan,40-44, Female,2018,91.3
 Zavkhan,40-44, Female,2017,91.8
 Zavkhan,40-44, Female,2016,93.4
 Zavkhan,40-44, Female,2015,90.7
 Zavkhan,40-44, Female,2014,95.3
 Zavkhan,40-44, Female,2013,92.3
 Zavkhan,40-44, Female,2012,89.0
 Zavkhan,40-44, Female,2011,92.9
 Zavkhan,40-44, Female,2010,95.2
 Zavkhan,40-44, Female,2009,80.7
 Zavkhan,45-49,Total,2025,97.1
 Zavkhan,45-49,Total,2024,98.2
 Zavkhan,45-49,Total,2023,95.1
 Zavkhan,45-49,Total,2022,91.0
 Zavkhan,45-49,Total,2021,89.0
 Zavkhan,45-49,Total,2020,94.7
 Zavkhan,45-49,Total,2019,91.7
 Zavkhan,45-49,Total,2018,92.7
 Zavkhan,45-49,Total,2017,94.3
 Zavkhan,45-49,Total,2016,87.7
 Zavkhan,45-49,Total,2015,90.3
 Zavkhan,45-49,Total,2014,91.0
 Zavkhan,45-49,Total,2013,90.8
 Zavkhan,45-49,Total,2012,90.6
 Zavkhan,45-49,Total,2011,86.7
 Zavkhan,45-49,Total,2010,94.7
 Zavkhan,45-49,Total,2009,85.9
 Zavkhan,45-49, Male,2025,100.0
 Zavkhan,45-49, Male,2024,100.0
 Zavkhan,45-49, Male,2023,94.0
 Zavkhan,45-49, Male,2022,89.3
 Zavkhan,45-49, Male,2021,84.2
 Zavkhan,45-49, Male,2020,91.5
 Zavkhan,45-49, Male,2019,83.8
 Zavkhan,45-49, Male,2018,94.7
 Zavkhan,45-49, Male,2017,95.8
 Zavkhan,45-49, Male,2016,89.6
 Zavkhan,45-49, Male,2015,90.0
 Zavkhan,45-49, Male,2014,88.3
 Zavkhan,45-49, Male,2013,95.8
 Zavkhan,45-49, Male,2012,95.5
 Zavkhan,45-49, Male,2011,91.4
 Zavkhan,45-49, Male,2010,94.5
 Zavkhan,45-49, Male,2009,88.3
 Zavkhan,45-49, Female,2025,95.6
 Zavkhan,45-49, Female,2024,96.2
 Zavkhan,45-49, Female,2023,96.8
 Zavkhan,45-49, Female,2022,93.3
 Zavkhan,45-49, Female,2021,96.0
 Zavkhan,45-49, Female,2020,97.3
 Zavkhan,45-49, Female,2019,100.0
 Zavkhan,45-49, Female,2018,91.1
 Zavkhan,45-49, Female,2017,93.1
 Zavkhan,45-49, Female,2016,85.7
 Zavkhan,45-49, Female,2015,90.6
 Zavkhan,45-49, Female,2014,92.6
 Zavkhan,45-49, Female,2013,86.2
 Zavkhan,45-49, Female,2012,85.9
 Zavkhan,45-49, Female,2011,82.5
 Zavkhan,45-49, Female,2010,94.9
 Zavkhan,45-49, Female,2009,84.1
 Zavkhan,50-54,Total,2025,94.5
 Zavkhan,50-54,Total,2024,88.5
 Zavkhan,50-54,Total,2023,90.4
 Zavkhan,50-54,Total,2022,82.0
 Zavkhan,50-54,Total,2021,79.0
 Zavkhan,50-54,Total,2020,94.4
 Zavkhan,50-54,Total,2019,99.6
 Zavkhan,50-54,Total,2018,87.7
 Zavkhan,50-54,Total,2017,88.9
 Zavkhan,50-54,Total,2016,82.3
 Zavkhan,50-54,Total,2015,76.2
 Zavkhan,50-54,Total,2014,86.1
 Zavkhan,50-54,Total,2013,89.5
 Zavkhan,50-54,Total,2012,82.9
 Zavkhan,50-54,Total,2011,83.3
 Zavkhan,50-54,Total,2010,79.0
 Zavkhan,50-54,Total,2009,56.3
 Zavkhan,50-54, Male,2025,94.8
 Zavkhan,50-54, Male,2024,91.3
 Zavkhan,50-54, Male,2023,91.1
 Zavkhan,50-54, Male,2022,79.3
 Zavkhan,50-54, Male,2021,87.6
 Zavkhan,50-54, Male,2020,93.6
 Zavkhan,50-54, Male,2019,100.0
 Zavkhan,50-54, Male,2018,94.9
 Zavkhan,50-54, Male,2017,97.6
 Zavkhan,50-54, Male,2016,89.0
 Zavkhan,50-54, Male,2015,81.6
 Zavkhan,50-54, Male,2014,91.4
 Zavkhan,50-54, Male,2013,94.4
 Zavkhan,50-54, Male,2012,86.3
 Zavkhan,50-54, Male,2011,92.5
 Zavkhan,50-54, Male,2010,86.8
 Zavkhan,50-54, Male,2009,51.1
 Zavkhan,50-54, Female,2025,94.1
 Zavkhan,50-54, Female,2024,85.6
 Zavkhan,50-54, Female,2023,89.8
 Zavkhan,50-54, Female,2022,84.2
 Zavkhan,50-54, Female,2021,70.1
 Zavkhan,50-54, Female,2020,95.2
 Zavkhan,50-54, Female,2019,99.1
 Zavkhan,50-54, Female,2018,81.9
 Zavkhan,50-54, Female,2017,80.9
 Zavkhan,50-54, Female,2016,75.5
 Zavkhan,50-54, Female,2015,72.1
 Zavkhan,50-54, Female,2014,80.5
 Zavkhan,50-54, Female,2013,85.2
 Zavkhan,50-54, Female,2012,80.2
 Zavkhan,50-54, Female,2011,71.7
 Zavkhan,50-54, Female,2010,69.9
 Zavkhan,50-54, Female,2009,65.8
 Zavkhan,55-59,Total,2025,69.2
 Zavkhan,55-59,Total,2024,63.9
 Zavkhan,55-59,Total,2023,83.7
 Zavkhan,55-59,Total,2022,54.4
 Zavkhan,55-59,Total,2021,65.8
 Zavkhan,55-59,Total,2020,69.1
 Zavkhan,55-59,Total,2019,60.7
 Zavkhan,55-59,Total,2018,74.0
 Zavkhan,55-59,Total,2017,66.2
 Zavkhan,55-59,Total,2016,63.6
 Zavkhan,55-59,Total,2015,70.1
 Zavkhan,55-59,Total,2014,67.7
 Zavkhan,55-59,Total,2013,76.2
 Zavkhan,55-59,Total,2012,58.2
 Zavkhan,55-59,Total,2011,56.1
 Zavkhan,55-59,Total,2010,66.6
 Zavkhan,55-59,Total,2009,56.8
 Zavkhan,55-59, Male,2025,81.5
 Zavkhan,55-59, Male,2024,88.0
 Zavkhan,55-59, Male,2023,91.3
 Zavkhan,55-59, Male,2022,77.3
 Zavkhan,55-59, Male,2021,72.9
 Zavkhan,55-59, Male,2020,100.0
 Zavkhan,55-59, Male,2019,83.5
 Zavkhan,55-59, Male,2018,94.8
 Zavkhan,55-59, Male,2017,82.5
 Zavkhan,55-59, Male,2016,88.0
 Zavkhan,55-59, Male,2015,72.3
 Zavkhan,55-59, Male,2014,83.9
 Zavkhan,55-59, Male,2013,86.0
 Zavkhan,55-59, Male,2012,70.9
 Zavkhan,55-59, Male,2011,64.1
 Zavkhan,55-59, Male,2010,92.8
 Zavkhan,55-59, Male,2009,49.3
 Zavkhan,55-59, Female,2025,59.7
 Zavkhan,55-59, Female,2024,51.4
 Zavkhan,55-59, Female,2023,70.8
 Zavkhan,55-59, Female,2022,37.1
 Zavkhan,55-59, Female,2021,57.1
 Zavkhan,55-59, Female,2020,52.0
 Zavkhan,55-59, Female,2019,41.9
 Zavkhan,55-59, Female,2018,52.3
 Zavkhan,55-59, Female,2017,49.0
 Zavkhan,55-59, Female,2016,42.9
 Zavkhan,55-59, Female,2015,67.0
 Zavkhan,55-59, Female,2014,52.7
 Zavkhan,55-59, Female,2013,67.9
 Zavkhan,55-59, Female,2012,37.4
 Zavkhan,55-59, Female,2011,48.4
 Zavkhan,55-59, Female,2010,48.0
 Zavkhan,55-59, Female,2009,66.8
 Zavkhan,60-64,Total,2025,32.8
 Zavkhan,60-64,Total,2024,51.0
 Zavkhan,60-64,Total,2023,73.7
 Zavkhan,60-64,Total,2022,34.3
 Zavkhan,60-64,Total,2021,42.6
 Zavkhan,60-64,Total,2020,32.0
 Zavkhan,60-64,Total,2019,37.2
 Zavkhan,60-64,Total,2018,31.6
 Zavkhan,60-64,Total,2017,44.6
 Zavkhan,60-64,Total,2016,28.5
 Zavkhan,60-64,Total,2015,33.8
 Zavkhan,60-64,Total,2014,56.6
 Zavkhan,60-64,Total,2013,58.9
 Zavkhan,60-64,Total,2012,31.5
 Zavkhan,60-64,Total,2011,24.0
 Zavkhan,60-64,Total,2010,38.0
 Zavkhan,60-64,Total,2009,38.6
 Zavkhan,60-64, Male,2025,50.7
 Zavkhan,60-64, Male,2024,60.6
 Zavkhan,60-64, Male,2023,75.6
 Zavkhan,60-64, Male,2022,40.9
 Zavkhan,60-64, Male,2021,50.0
 Zavkhan,60-64, Male,2020,20.8
 Zavkhan,60-64, Male,2019,46.5
 Zavkhan,60-64, Male,2018,33.7
 Zavkhan,60-64, Male,2017,48.8
 Zavkhan,60-64, Male,2016,22.6
 Zavkhan,60-64, Male,2015,28.8
 Zavkhan,60-64, Male,2014,70.1
 Zavkhan,60-64, Male,2013,64.1
 Zavkhan,60-64, Male,2012,57.0
 Zavkhan,60-64, Male,2011,36.6
 Zavkhan,60-64, Male,2010,39.0
 Zavkhan,60-64, Male,2009,39.4
 Zavkhan,60-64, Female,2025,18.0
 Zavkhan,60-64, Female,2024,35.4
 Zavkhan,60-64, Female,2023,72.8
 Zavkhan,60-64, Female,2022,28.8
 Zavkhan,60-64, Female,2021,37.8
 Zavkhan,60-64, Female,2020,46.7
 Zavkhan,60-64, Female,2019,28.1
 Zavkhan,60-64, Female,2018,29.9
 Zavkhan,60-64, Female,2017,41.7
 Zavkhan,60-64, Female,2016,35.1
 Zavkhan,60-64, Female,2015,38.6
 Zavkhan,60-64, Female,2014,45.9
 Zavkhan,60-64, Female,2013,52.1
 Zavkhan,60-64, Female,2012,17.8
 Zavkhan,60-64, Female,2011,14.6
 Zavkhan,60-64, Female,2010,36.7
 Zavkhan,60-64, Female,2009,37.4
 Zavkhan,65-69,Total,2025,29.0
 Zavkhan,65-69,Total,2024,17.0
 Zavkhan,65-69,Total,2023,61.7
 Zavkhan,65-69,Total,2022,43.0
 Zavkhan,65-69,Total,2021,28.6
 Zavkhan,65-69,Total,2020,37.2
 Zavkhan,65-69,Total,2019,54.5
 Zavkhan,65-69,Total,2018,26.5
 Zavkhan,65-69,Total,2017,39.7
 Zavkhan,65-69,Total,2016,15.8
 Zavkhan,65-69,Total,2015,18.2
 Zavkhan,65-69,Total,2014,73.3
 Zavkhan,65-69,Total,2013,49.1
 Zavkhan,65-69,Total,2012,35.6
 Zavkhan,65-69,Total,2011,12.6
 Zavkhan,65-69,Total,2010,20.5
 Zavkhan,65-69,Total,2009,0.0
 Zavkhan,65-69, Male,2025,34.9
 Zavkhan,65-69, Male,2024,26.8
 Zavkhan,65-69, Male,2023,77.6
 Zavkhan,65-69, Male,2022,71.3
 Zavkhan,65-69, Male,2021,38.1
 Zavkhan,65-69, Male,2020,83.2
 Zavkhan,65-69, Male,2019,70.9
 Zavkhan,65-69, Male,2018,28.2
 Zavkhan,65-69, Male,2017,40.7
 Zavkhan,65-69, Male,2016,11.6
 Zavkhan,65-69, Male,2015,15.0
 Zavkhan,65-69, Male,2014,62.6
 Zavkhan,65-69, Male,2013,41.5
 Zavkhan,65-69, Male,2012,39.9
 Zavkhan,65-69, Male,2011,7.2
 Zavkhan,65-69, Male,2010,25.3
 Zavkhan,65-69, Male,2009,0.0
 Zavkhan,65-69, Female,2025,25.7
 Zavkhan,65-69, Female,2024,14.1
 Zavkhan,65-69, Female,2023,34.5
 Zavkhan,65-69, Female,2022,22.8
 Zavkhan,65-69, Female,2021,16.7
 Zavkhan,65-69, Female,2020,26.8
 Zavkhan,65-69, Female,2019,47.2
 Zavkhan,65-69, Female,2018,24.7
 Zavkhan,65-69, Female,2017,38.7
 Zavkhan,65-69, Female,2016,17.8
 Zavkhan,65-69, Female,2015,20.3
 Zavkhan,65-69, Female,2014,82.9
 Zavkhan,65-69, Female,2013,54.3
 Zavkhan,65-69, Female,2012,32.2
 Zavkhan,65-69, Female,2011,19.6
 Zavkhan,65-69, Female,2010,15.3
 Zavkhan,65-69, Female,2009,0.0
 Zavkhan,70+,Total,2025,9.0
 Zavkhan,70+,Total,2024,11.6
 Zavkhan,70+,Total,2023,33.5
 Zavkhan,70+,Total,2022,17.2
 Zavkhan,70+,Total,2021,13.7
 Zavkhan,70+,Total,2020,30.5
 Zavkhan,70+,Total,2019,16.2
 Zavkhan,70+,Total,2018,17.0
 Zavkhan,70+,Total,2017,23.2
 Zavkhan,70+,Total,2016,30.5
 Zavkhan,70+,Total,2015,28.3
 Zavkhan,70+,Total,2014,49.4
 Zavkhan,70+,Total,2013,33.8
 Zavkhan,70+,Total,2012,46.5
 Zavkhan,70+,Total,2011,6.9
 Zavkhan,70+,Total,2010,12.3
 Zavkhan,70+,Total,2009,0.0
 Zavkhan,70+, Male,2025,9.4
 Zavkhan,70+, Male,2024,26.0
 Zavkhan,70+, Male,2023,53.0
 Zavkhan,70+, Male,2022,35.8
 Zavkhan,70+, Male,2021,17.3
 Zavkhan,70+, Male,2020,50.0
 Zavkhan,70+, Male,2019,28.9
 Zavkhan,70+, Male,2018,18.0
 Zavkhan,70+, Male,2017,31.6
 Zavkhan,70+, Male,2016,35.2
 Zavkhan,70+, Male,2015,28.7
 Zavkhan,70+, Male,2014,52.8
 Zavkhan,70+, Male,2013,53.2
 Zavkhan,70+, Male,2012,44.0
 Zavkhan,70+, Male,2011,12.5
 Zavkhan,70+, Male,2010,23.3
 Zavkhan,70+, Male,2009,0.0
 Zavkhan,70+, Female,2025,8.7
 Zavkhan,70+, Female,2024,3.9
 Zavkhan,70+, Female,2023,20.3
 Zavkhan,70+, Female,2022,6.9
 Zavkhan,70+, Female,2021,11.1
 Zavkhan,70+, Female,2020,15.4
 Zavkhan,70+, Female,2019,8.6
 Zavkhan,70+, Female,2018,16.6
 Zavkhan,70+, Female,2017,17.5
 Zavkhan,70+, Female,2016,24.2
 Zavkhan,70+, Female,2015,28.0
 Zavkhan,70+, Female,2014,46.3
 Zavkhan,70+, Female,2013,21.5
 Zavkhan,70+, Female,2012,49.3
 Zavkhan,70+, Female,2011,0.0
 Zavkhan,70+, Female,2010,0.0
 Zavkhan,70+, Female,2009,0.0
 Uvs,Total,Total,2025,71.6
 Uvs,Total,Total,2024,72.4
 Uvs,Total,Total,2023,74.9
 Uvs,Total,Total,2022,62.7
 Uvs,Total,Total,2021,74.9
 Uvs,Total,Total,2020,74.7
 Uvs,Total,Total,2019,70.8
 Uvs,Total,Total,2018,72.6
 Uvs,Total,Total,2017,76.4
 Uvs,Total,Total,2016,74.4
 Uvs,Total,Total,2015,76.6
 Uvs,Total,Total,2014,77.1
 Uvs,Total,Total,2013,77.9
 Uvs,Total,Total,2012,78.6
 Uvs,Total,Total,2011,78.1
 Uvs,Total,Total,2010,75.0
 Uvs,Total,Total,2009,78.3
 Uvs,Total, Male,2025,76.2
 Uvs,Total, Male,2024,83.3
 Uvs,Total, Male,2023,82.0
 Uvs,Total, Male,2022,69.6
 Uvs,Total, Male,2021,79.2
 Uvs,Total, Male,2020,78.2
 Uvs,Total, Male,2019,74.2
 Uvs,Total, Male,2018,78.4
 Uvs,Total, Male,2017,79.9
 Uvs,Total, Male,2016,78.3
 Uvs,Total, Male,2015,80.8
 Uvs,Total, Male,2014,79.9
 Uvs,Total, Male,2013,82.0
 Uvs,Total, Male,2012,83.8
 Uvs,Total, Male,2011,82.1
 Uvs,Total, Male,2010,79.1
 Uvs,Total, Male,2009,85.0
 Uvs,Total, Female,2025,66.7
 Uvs,Total, Female,2024,61.7
 Uvs,Total, Female,2023,68.4
 Uvs,Total, Female,2022,56.0
 Uvs,Total, Female,2021,70.6
 Uvs,Total, Female,2020,71.5
 Uvs,Total, Female,2019,66.8
 Uvs,Total, Female,2018,66.8
 Uvs,Total, Female,2017,72.9
 Uvs,Total, Female,2016,70.6
 Uvs,Total, Female,2015,72.5
 Uvs,Total, Female,2014,74.2
 Uvs,Total, Female,2013,73.8
 Uvs,Total, Female,2012,73.9
 Uvs,Total, Female,2011,74.1
 Uvs,Total, Female,2010,71.3
 Uvs,Total, Female,2009,72.1
 Uvs,15-19,Total,2025,9.0
 Uvs,15-19,Total,2024,23.1
 Uvs,15-19,Total,2023,24.5
 Uvs,15-19,Total,2022,10.5
 Uvs,15-19,Total,2021,16.1
 Uvs,15-19,Total,2020,36.8
 Uvs,15-19,Total,2019,28.8
 Uvs,15-19,Total,2018,16.4
 Uvs,15-19,Total,2017,19.8
 Uvs,15-19,Total,2016,9.8
 Uvs,15-19,Total,2015,20.3
 Uvs,15-19,Total,2014,23.0
 Uvs,15-19,Total,2013,36.5
 Uvs,15-19,Total,2012,40.7
 Uvs,15-19,Total,2011,34.2
 Uvs,15-19,Total,2010,22.3
 Uvs,15-19,Total,2009,28.0
 Uvs,15-19, Male,2025,14.8
 Uvs,15-19, Male,2024,37.8
 Uvs,15-19, Male,2023,33.3
 Uvs,15-19, Male,2022,11.0
 Uvs,15-19, Male,2021,25.2
 Uvs,15-19, Male,2020,32.5
 Uvs,15-19, Male,2019,46.8
 Uvs,15-19, Male,2018,23.6
 Uvs,15-19, Male,2017,27.3
 Uvs,15-19, Male,2016,13.4
 Uvs,15-19, Male,2015,26.2
 Uvs,15-19, Male,2014,31.9
 Uvs,15-19, Male,2013,43.2
 Uvs,15-19, Male,2012,42.6
 Uvs,15-19, Male,2011,46.0
 Uvs,15-19, Male,2010,29.9
 Uvs,15-19, Male,2009,41.7
 Uvs,15-19, Female,2025,1.4
 Uvs,15-19, Female,2024,4.8
 Uvs,15-19, Female,2023,14.1
 Uvs,15-19, Female,2022,10.1
 Uvs,15-19, Female,2021,6.7
 Uvs,15-19, Female,2020,43.5
 Uvs,15-19, Female,2019,7.6
 Uvs,15-19, Female,2018,8.1
 Uvs,15-19, Female,2017,13.1
 Uvs,15-19, Female,2016,6.4
 Uvs,15-19, Female,2015,14.1
 Uvs,15-19, Female,2014,9.2
 Uvs,15-19, Female,2013,27.5
 Uvs,15-19, Female,2012,39.1
 Uvs,15-19, Female,2011,20.6
 Uvs,15-19, Female,2010,15.7
 Uvs,15-19, Female,2009,17.2
 Uvs,20-24,Total,2025,68.0
 Uvs,20-24,Total,2024,72.7
 Uvs,20-24,Total,2023,53.1
 Uvs,20-24,Total,2022,47.8
 Uvs,20-24,Total,2021,67.3
 Uvs,20-24,Total,2020,91.3
 Uvs,20-24,Total,2019,55.7
 Uvs,20-24,Total,2018,71.7
 Uvs,20-24,Total,2017,78.9
 Uvs,20-24,Total,2016,86.9
 Uvs,20-24,Total,2015,81.4
 Uvs,20-24,Total,2014,81.4
 Uvs,20-24,Total,2013,74.6
 Uvs,20-24,Total,2012,78.2
 Uvs,20-24,Total,2011,81.6
 Uvs,20-24,Total,2010,82.9
 Uvs,20-24,Total,2009,89.8
 Uvs,20-24, Male,2025,75.9
 Uvs,20-24, Male,2024,83.2
 Uvs,20-24, Male,2023,69.6
 Uvs,20-24, Male,2022,60.9
 Uvs,20-24, Male,2021,82.5
 Uvs,20-24, Male,2020,91.0
 Uvs,20-24, Male,2019,58.0
 Uvs,20-24, Male,2018,84.2
 Uvs,20-24, Male,2017,85.1
 Uvs,20-24, Male,2016,89.6
 Uvs,20-24, Male,2015,87.3
 Uvs,20-24, Male,2014,86.8
 Uvs,20-24, Male,2013,85.6
 Uvs,20-24, Male,2012,92.0
 Uvs,20-24, Male,2011,88.3
 Uvs,20-24, Male,2010,82.6
 Uvs,20-24, Male,2009,96.5
 Uvs,20-24, Female,2025,58.6
 Uvs,20-24, Female,2024,58.5
 Uvs,20-24, Female,2023,31.7
 Uvs,20-24, Female,2022,32.3
 Uvs,20-24, Female,2021,52.8
 Uvs,20-24, Female,2020,91.6
 Uvs,20-24, Female,2019,52.0
 Uvs,20-24, Female,2018,58.7
 Uvs,20-24, Female,2017,71.3
 Uvs,20-24, Female,2016,83.3
 Uvs,20-24, Female,2015,75.6
 Uvs,20-24, Female,2014,74.5
 Uvs,20-24, Female,2013,63.4
 Uvs,20-24, Female,2012,64.6
 Uvs,20-24, Female,2011,72.0
 Uvs,20-24, Female,2010,83.1
 Uvs,20-24, Female,2009,83.0
 Uvs,25-29,Total,2025,90.3
 Uvs,25-29,Total,2024,86.0
 Uvs,25-29,Total,2023,97.0
 Uvs,25-29,Total,2022,85.6
 Uvs,25-29,Total,2021,80.9
 Uvs,25-29,Total,2020,92.6
 Uvs,25-29,Total,2019,85.7
 Uvs,25-29,Total,2018,89.2
 Uvs,25-29,Total,2017,96.3
 Uvs,25-29,Total,2016,93.9
 Uvs,25-29,Total,2015,91.3
 Uvs,25-29,Total,2014,92.5
 Uvs,25-29,Total,2013,94.4
 Uvs,25-29,Total,2012,94.4
 Uvs,25-29,Total,2011,100.0
 Uvs,25-29,Total,2010,93.0
 Uvs,25-29,Total,2009,94.7
 Uvs,25-29, Male,2025,93.5
 Uvs,25-29, Male,2024,92.8
 Uvs,25-29, Male,2023,100.0
 Uvs,25-29, Male,2022,89.5
 Uvs,25-29, Male,2021,91.9
 Uvs,25-29, Male,2020,97.0
 Uvs,25-29, Male,2019,88.7
 Uvs,25-29, Male,2018,97.6
 Uvs,25-29, Male,2017,98.0
 Uvs,25-29, Male,2016,96.9
 Uvs,25-29, Male,2015,93.5
 Uvs,25-29, Male,2014,93.6
 Uvs,25-29, Male,2013,100.0
 Uvs,25-29, Male,2012,96.1
 Uvs,25-29, Male,2011,100.0
 Uvs,25-29, Male,2010,97.3
 Uvs,25-29, Male,2009,100.0
 Uvs,25-29, Female,2025,86.6
 Uvs,25-29, Female,2024,77.3
 Uvs,25-29, Female,2023,93.8
 Uvs,25-29, Female,2022,80.0
 Uvs,25-29, Female,2021,68.8
 Uvs,25-29, Female,2020,89.1
 Uvs,25-29, Female,2019,80.5
 Uvs,25-29, Female,2018,78.1
 Uvs,25-29, Female,2017,94.9
 Uvs,25-29, Female,2016,90.4
 Uvs,25-29, Female,2015,88.6
 Uvs,25-29, Female,2014,91.3
 Uvs,25-29, Female,2013,88.6
 Uvs,25-29, Female,2012,92.7
 Uvs,25-29, Female,2011,100.0
 Uvs,25-29, Female,2010,89.1
 Uvs,25-29, Female,2009,86.8
 Uvs,30-34,Total,2025,96.8
 Uvs,30-34,Total,2024,86.2
 Uvs,30-34,Total,2023,99.1
 Uvs,30-34,Total,2022,74.6
 Uvs,30-34,Total,2021,91.8
 Uvs,30-34,Total,2020,92.9
 Uvs,30-34,Total,2019,85.8
 Uvs,30-34,Total,2018,92.0
 Uvs,30-34,Total,2017,91.5
 Uvs,30-34,Total,2016,91.8
 Uvs,30-34,Total,2015,94.8
 Uvs,30-34,Total,2014,93.1
 Uvs,30-34,Total,2013,89.5
 Uvs,30-34,Total,2012,92.4
 Uvs,30-34,Total,2011,90.7
 Uvs,30-34,Total,2010,96.4
 Uvs,30-34,Total,2009,89.6
 Uvs,30-34, Male,2025,96.6
 Uvs,30-34, Male,2024,93.0
 Uvs,30-34, Male,2023,100.0
 Uvs,30-34, Male,2022,78.3
 Uvs,30-34, Male,2021,87.9
 Uvs,30-34, Male,2020,100.0
 Uvs,30-34, Male,2019,86.3
 Uvs,30-34, Male,2018,95.7
 Uvs,30-34, Male,2017,93.5
 Uvs,30-34, Male,2016,96.0
 Uvs,30-34, Male,2015,98.5
 Uvs,30-34, Male,2014,94.9
 Uvs,30-34, Male,2013,91.5
 Uvs,30-34, Male,2012,95.4
 Uvs,30-34, Male,2011,92.5
 Uvs,30-34, Male,2010,98.0
 Uvs,30-34, Male,2009,100.0
 Uvs,30-34, Female,2025,96.9
 Uvs,30-34, Female,2024,79.8
 Uvs,30-34, Female,2023,98.2
 Uvs,30-34, Female,2022,71.5
 Uvs,30-34, Female,2021,94.7
 Uvs,30-34, Female,2020,88.3
 Uvs,30-34, Female,2019,85.3
 Uvs,30-34, Female,2018,88.8
 Uvs,30-34, Female,2017,89.2
 Uvs,30-34, Female,2016,88.3
 Uvs,30-34, Female,2015,91.7
 Uvs,30-34, Female,2014,91.2
 Uvs,30-34, Female,2013,87.8
 Uvs,30-34, Female,2012,89.7
 Uvs,30-34, Female,2011,89.0
 Uvs,30-34, Female,2010,95.2
 Uvs,30-34, Female,2009,80.3
 Uvs,35-39,Total,2025,99.4
 Uvs,35-39,Total,2024,94.5
 Uvs,35-39,Total,2023,88.4
 Uvs,35-39,Total,2022,93.1
 Uvs,35-39,Total,2021,97.4
 Uvs,35-39,Total,2020,93.5
 Uvs,35-39,Total,2019,87.5
 Uvs,35-39,Total,2018,92.7
 Uvs,35-39,Total,2017,95.0
 Uvs,35-39,Total,2016,93.2
 Uvs,35-39,Total,2015,94.4
 Uvs,35-39,Total,2014,94.0
 Uvs,35-39,Total,2013,94.5
 Uvs,35-39,Total,2012,93.5
 Uvs,35-39,Total,2011,94.5
 Uvs,35-39,Total,2010,95.3
 Uvs,35-39,Total,2009,95.0
 Uvs,35-39, Male,2025,100.0
 Uvs,35-39, Male,2024,100.0
 Uvs,35-39, Male,2023,96.6
 Uvs,35-39, Male,2022,93.8
 Uvs,35-39, Male,2021,95.1
 Uvs,35-39, Male,2020,89.8
 Uvs,35-39, Male,2019,79.2
 Uvs,35-39, Male,2018,95.2
 Uvs,35-39, Male,2017,100.0
 Uvs,35-39, Male,2016,96.0
 Uvs,35-39, Male,2015,97.1
 Uvs,35-39, Male,2014,98.2
 Uvs,35-39, Male,2013,96.7
 Uvs,35-39, Male,2012,93.8
 Uvs,35-39, Male,2011,98.1
 Uvs,35-39, Male,2010,98.3
 Uvs,35-39, Male,2009,100.0
 Uvs,35-39, Female,2025,98.6
 Uvs,35-39, Female,2024,89.6
 Uvs,35-39, Female,2023,79.3
 Uvs,35-39, Female,2022,92.5
 Uvs,35-39, Female,2021,100.0
 Uvs,35-39, Female,2020,100.0
 Uvs,35-39, Female,2019,99.1
 Uvs,35-39, Female,2018,90.2
 Uvs,35-39, Female,2017,90.3
 Uvs,35-39, Female,2016,90.6
 Uvs,35-39, Female,2015,91.6
 Uvs,35-39, Female,2014,89.4
 Uvs,35-39, Female,2013,92.6
 Uvs,35-39, Female,2012,93.2
 Uvs,35-39, Female,2011,91.8
 Uvs,35-39, Female,2010,92.6
 Uvs,35-39, Female,2009,91.1
 Uvs,40-44,Total,2025,94.9
 Uvs,40-44,Total,2024,97.7
 Uvs,40-44,Total,2023,95.6
 Uvs,40-44,Total,2022,92.2
 Uvs,40-44,Total,2021,98.3
 Uvs,40-44,Total,2020,79.7
 Uvs,40-44,Total,2019,88.1
 Uvs,40-44,Total,2018,95.7
 Uvs,40-44,Total,2017,94.2
 Uvs,40-44,Total,2016,94.4
 Uvs,40-44,Total,2015,97.6
 Uvs,40-44,Total,2014,95.1
 Uvs,40-44,Total,2013,92.7
 Uvs,40-44,Total,2012,97.5
 Uvs,40-44,Total,2011,96.1
 Uvs,40-44,Total,2010,93.3
 Uvs,40-44,Total,2009,96.8
 Uvs,40-44, Male,2025,97.9
 Uvs,40-44, Male,2024,100.0
 Uvs,40-44, Male,2023,95.7
 Uvs,40-44, Male,2022,86.3
 Uvs,40-44, Male,2021,96.6
 Uvs,40-44, Male,2020,97.7
 Uvs,40-44, Male,2019,89.5
 Uvs,40-44, Male,2018,94.9
 Uvs,40-44, Male,2017,97.1
 Uvs,40-44, Male,2016,93.6
 Uvs,40-44, Male,2015,98.5
 Uvs,40-44, Male,2014,94.6
 Uvs,40-44, Male,2013,94.7
 Uvs,40-44, Male,2012,98.1
 Uvs,40-44, Male,2011,96.0
 Uvs,40-44, Male,2010,93.8
 Uvs,40-44, Male,2009,93.1
 Uvs,40-44, Female,2025,92.2
 Uvs,40-44, Female,2024,94.1
 Uvs,40-44, Female,2023,95.6
 Uvs,40-44, Female,2022,100.0
 Uvs,40-44, Female,2021,100.0
 Uvs,40-44, Female,2020,60.5
 Uvs,40-44, Female,2019,86.6
 Uvs,40-44, Female,2018,96.5
 Uvs,40-44, Female,2017,91.4
 Uvs,40-44, Female,2016,95.2
 Uvs,40-44, Female,2015,96.5
 Uvs,40-44, Female,2014,95.6
 Uvs,40-44, Female,2013,90.6
 Uvs,40-44, Female,2012,96.9
 Uvs,40-44, Female,2011,96.3
 Uvs,40-44, Female,2010,92.9
 Uvs,40-44, Female,2009,100.0
 Uvs,45-49,Total,2025,94.8
 Uvs,45-49,Total,2024,97.1
 Uvs,45-49,Total,2023,93.5
 Uvs,45-49,Total,2022,87.8
 Uvs,45-49,Total,2021,87.5
 Uvs,45-49,Total,2020,91.5
 Uvs,45-49,Total,2019,90.7
 Uvs,45-49,Total,2018,95.5
 Uvs,45-49,Total,2017,92.3
 Uvs,45-49,Total,2016,91.5
 Uvs,45-49,Total,2015,92.2
 Uvs,45-49,Total,2014,93.0
 Uvs,45-49,Total,2013,92.5
 Uvs,45-49,Total,2012,95.2
 Uvs,45-49,Total,2011,99.2
 Uvs,45-49,Total,2010,95.2
 Uvs,45-49,Total,2009,98.1
 Uvs,45-49, Male,2025,97.8
 Uvs,45-49, Male,2024,95.8
 Uvs,45-49, Male,2023,87.8
 Uvs,45-49, Male,2022,93.8
 Uvs,45-49, Male,2021,92.5
 Uvs,45-49, Male,2020,95.9
 Uvs,45-49, Male,2019,86.8
 Uvs,45-49, Male,2018,98.3
 Uvs,45-49, Male,2017,88.4
 Uvs,45-49, Male,2016,87.1
 Uvs,45-49, Male,2015,88.8
 Uvs,45-49, Male,2014,98.0
 Uvs,45-49, Male,2013,91.5
 Uvs,45-49, Male,2012,96.1
 Uvs,45-49, Male,2011,100.0
 Uvs,45-49, Male,2010,96.4
 Uvs,45-49, Male,2009,100.0
 Uvs,45-49, Female,2025,92.5
 Uvs,45-49, Female,2024,98.7
 Uvs,45-49, Female,2023,100.0
 Uvs,45-49, Female,2022,82.7
 Uvs,45-49, Female,2021,83.0
 Uvs,45-49, Female,2020,88.6
 Uvs,45-49, Female,2019,94.7
 Uvs,45-49, Female,2018,93.3
 Uvs,45-49, Female,2017,96.5
 Uvs,45-49, Female,2016,95.4
 Uvs,45-49, Female,2015,95.0
 Uvs,45-49, Female,2014,89.0
 Uvs,45-49, Female,2013,93.6
 Uvs,45-49, Female,2012,94.5
 Uvs,45-49, Female,2011,98.3
 Uvs,45-49, Female,2010,94.0
 Uvs,45-49, Female,2009,95.4
 Uvs,50-54,Total,2025,93.6
 Uvs,50-54,Total,2024,69.7
 Uvs,50-54,Total,2023,88.5
 Uvs,50-54,Total,2022,85.7
 Uvs,50-54,Total,2021,95.4
 Uvs,50-54,Total,2020,79.5
 Uvs,50-54,Total,2019,78.2
 Uvs,50-54,Total,2018,83.3
 Uvs,50-54,Total,2017,84.0
 Uvs,50-54,Total,2016,83.3
 Uvs,50-54,Total,2015,87.0
 Uvs,50-54,Total,2014,91.0
 Uvs,50-54,Total,2013,90.8
 Uvs,50-54,Total,2012,86.3
 Uvs,50-54,Total,2011,77.4
 Uvs,50-54,Total,2010,89.2
 Uvs,50-54,Total,2009,100.0
 Uvs,50-54, Male,2025,97.2
 Uvs,50-54, Male,2024,91.3
 Uvs,50-54, Male,2023,89.4
 Uvs,50-54, Male,2022,90.3
 Uvs,50-54, Male,2021,100.0
 Uvs,50-54, Male,2020,69.0
 Uvs,50-54, Male,2019,83.2
 Uvs,50-54, Male,2018,91.8
 Uvs,50-54, Male,2017,90.5
 Uvs,50-54, Male,2016,94.1
 Uvs,50-54, Male,2015,96.4
 Uvs,50-54, Male,2014,94.8
 Uvs,50-54, Male,2013,91.9
 Uvs,50-54, Male,2012,91.0
 Uvs,50-54, Male,2011,83.2
 Uvs,50-54, Male,2010,92.4
 Uvs,50-54, Male,2009,100.0
 Uvs,50-54, Female,2025,88.4
 Uvs,50-54, Female,2024,58.9
 Uvs,50-54, Female,2023,87.9
 Uvs,50-54, Female,2022,81.6
 Uvs,50-54, Female,2021,89.0
 Uvs,50-54, Female,2020,90.4
 Uvs,50-54, Female,2019,73.6
 Uvs,50-54, Female,2018,73.8
 Uvs,50-54, Female,2017,76.7
 Uvs,50-54, Female,2016,71.6
 Uvs,50-54, Female,2015,77.2
 Uvs,50-54, Female,2014,86.8
 Uvs,50-54, Female,2013,89.4
 Uvs,50-54, Female,2012,80.5
 Uvs,50-54, Female,2011,70.4
 Uvs,50-54, Female,2010,86.8
 Uvs,50-54, Female,2009,100.0
 Uvs,55-59,Total,2025,73.0
 Uvs,55-59,Total,2024,67.9
 Uvs,55-59,Total,2023,81.5
 Uvs,55-59,Total,2022,35.7
 Uvs,55-59,Total,2021,70.8
 Uvs,55-59,Total,2020,47.4
 Uvs,55-59,Total,2019,59.8
 Uvs,55-59,Total,2018,55.7
 Uvs,55-59,Total,2017,67.8
 Uvs,55-59,Total,2016,63.9
 Uvs,55-59,Total,2015,75.0
 Uvs,55-59,Total,2014,56.9
 Uvs,55-59,Total,2013,67.5
 Uvs,55-59,Total,2012,59.1
 Uvs,55-59,Total,2011,76.8
 Uvs,55-59,Total,2010,64.5
 Uvs,55-59,Total,2009,79.5
 Uvs,55-59, Male,2025,81.4
 Uvs,55-59, Male,2024,88.9
 Uvs,55-59, Male,2023,96.5
 Uvs,55-59, Male,2022,46.9
 Uvs,55-59, Male,2021,69.3
 Uvs,55-59, Male,2020,69.9
 Uvs,55-59, Male,2019,67.3
 Uvs,55-59, Male,2018,73.9
 Uvs,55-59, Male,2017,80.1
 Uvs,55-59, Male,2016,80.3
 Uvs,55-59, Male,2015,86.3
 Uvs,55-59, Male,2014,70.3
 Uvs,55-59, Male,2013,77.1
 Uvs,55-59, Male,2012,79.4
 Uvs,55-59, Male,2011,81.8
 Uvs,55-59, Male,2010,80.3
 Uvs,55-59, Male,2009,89.9
 Uvs,55-59, Female,2025,64.9
 Uvs,55-59, Female,2024,52.7
 Uvs,55-59, Female,2023,69.6
 Uvs,55-59, Female,2022,29.9
 Uvs,55-59, Female,2021,72.5
 Uvs,55-59, Female,2020,28.1
 Uvs,55-59, Female,2019,50.3
 Uvs,55-59, Female,2018,36.0
 Uvs,55-59, Female,2017,56.4
 Uvs,55-59, Female,2016,49.2
 Uvs,55-59, Female,2015,65.3
 Uvs,55-59, Female,2014,45.5
 Uvs,55-59, Female,2013,60.3
 Uvs,55-59, Female,2012,45.9
 Uvs,55-59, Female,2011,69.8
 Uvs,55-59, Female,2010,47.9
 Uvs,55-59, Female,2009,66.7
 Uvs,60-64,Total,2025,56.9
 Uvs,60-64,Total,2024,30.8
 Uvs,60-64,Total,2023,35.9
 Uvs,60-64,Total,2022,44.8
 Uvs,60-64,Total,2021,53.1
 Uvs,60-64,Total,2020,22.6
 Uvs,60-64,Total,2019,52.1
 Uvs,60-64,Total,2018,30.0
 Uvs,60-64,Total,2017,34.7
 Uvs,60-64,Total,2016,21.4
 Uvs,60-64,Total,2015,45.4
 Uvs,60-64,Total,2014,31.0
 Uvs,60-64,Total,2013,61.6
 Uvs,60-64,Total,2012,49.8
 Uvs,60-64,Total,2011,53.1
 Uvs,60-64,Total,2010,35.9
 Uvs,60-64,Total,2009,48.6
 Uvs,60-64, Male,2025,67.5
 Uvs,60-64, Male,2024,35.8
 Uvs,60-64, Male,2023,37.0
 Uvs,60-64, Male,2022,55.5
 Uvs,60-64, Male,2021,46.0
 Uvs,60-64, Male,2020,44.1
 Uvs,60-64, Male,2019,58.0
 Uvs,60-64, Male,2018,32.8
 Uvs,60-64, Male,2017,35.6
 Uvs,60-64, Male,2016,20.8
 Uvs,60-64, Male,2015,53.7
 Uvs,60-64, Male,2014,30.6
 Uvs,60-64, Male,2013,72.3
 Uvs,60-64, Male,2012,56.3
 Uvs,60-64, Male,2011,55.3
 Uvs,60-64, Male,2010,33.8
 Uvs,60-64, Male,2009,60.4
 Uvs,60-64, Female,2025,41.9
 Uvs,60-64, Female,2024,27.2
 Uvs,60-64, Female,2023,35.4
 Uvs,60-64, Female,2022,36.4
 Uvs,60-64, Female,2021,56.8
 Uvs,60-64, Female,2020,13.9
 Uvs,60-64, Female,2019,46.4
 Uvs,60-64, Female,2018,27.5
 Uvs,60-64, Female,2017,33.5
 Uvs,60-64, Female,2016,21.9
 Uvs,60-64, Female,2015,32.8
 Uvs,60-64, Female,2014,31.7
 Uvs,60-64, Female,2013,53.7
 Uvs,60-64, Female,2012,40.8
 Uvs,60-64, Female,2011,50.8
 Uvs,60-64, Female,2010,38.4
 Uvs,60-64, Female,2009,41.0
 Uvs,65-69,Total,2025,36.8
 Uvs,65-69,Total,2024,27.7
 Uvs,65-69,Total,2023,27.6
 Uvs,65-69,Total,2022,33.8
 Uvs,65-69,Total,2021,61.1
 Uvs,65-69,Total,2020,7.5
 Uvs,65-69,Total,2019,35.2
 Uvs,65-69,Total,2018,52.6
 Uvs,65-69,Total,2017,10.6
 Uvs,65-69,Total,2016,41.7
 Uvs,65-69,Total,2015,30.5
 Uvs,65-69,Total,2014,19.8
 Uvs,65-69,Total,2013,31.1
 Uvs,65-69,Total,2012,25.6
 Uvs,65-69,Total,2011,28.5
 Uvs,65-69,Total,2010,52.1
 Uvs,65-69,Total,2009,23.9
 Uvs,65-69, Male,2025,21.7
 Uvs,65-69, Male,2024,53.7
 Uvs,65-69, Male,2023,55.1
 Uvs,65-69, Male,2022,32.0
 Uvs,65-69, Male,2021,78.5
 Uvs,65-69, Male,2020,4.0
 Uvs,65-69, Male,2019,43.7
 Uvs,65-69, Male,2018,54.6
 Uvs,65-69, Male,2017,10.7
 Uvs,65-69, Male,2016,61.6
 Uvs,65-69, Male,2015,49.1
 Uvs,65-69, Male,2014,26.3
 Uvs,65-69, Male,2013,43.2
 Uvs,65-69, Male,2012,60.2
 Uvs,65-69, Male,2011,49.4
 Uvs,65-69, Male,2010,82.3
 Uvs,65-69, Male,2009,20.3
 Uvs,65-69, Female,2025,43.1
 Uvs,65-69, Female,2024,20.1
 Uvs,65-69, Female,2023,4.8
 Uvs,65-69, Female,2022,36.4
 Uvs,65-69, Female,2021,36.3
 Uvs,65-69, Female,2020,14.4
 Uvs,65-69, Female,2019,18.0
 Uvs,65-69, Female,2018,49.6
 Uvs,65-69, Female,2017,10.4
 Uvs,65-69, Female,2016,12.5
 Uvs,65-69, Female,2015,14.2
 Uvs,65-69, Female,2014,16.0
 Uvs,65-69, Female,2013,17.5
 Uvs,65-69, Female,2012,0.0
 Uvs,65-69, Female,2011,12.3
 Uvs,65-69, Female,2010,26.6
 Uvs,65-69, Female,2009,29.9
 Uvs,70+,Total,2025,17.1
 Uvs,70+,Total,2024,23.1
 Uvs,70+,Total,2023,22.8
 Uvs,70+,Total,2022,4.3
 Uvs,70+,Total,2021,41.9
 Uvs,70+,Total,2020,9.1
 Uvs,70+,Total,2019,8.0
 Uvs,70+,Total,2018,11.3
 Uvs,70+,Total,2017,13.9
 Uvs,70+,Total,2016,15.5
 Uvs,70+,Total,2015,11.2
 Uvs,70+,Total,2014,7.7
 Uvs,70+,Total,2013,8.8
 Uvs,70+,Total,2012,4.0
 Uvs,70+,Total,2011,12.1
 Uvs,70+,Total,2010,7.8
 Uvs,70+,Total,2009,6.6
 Uvs,70+, Male,2025,30.9
 Uvs,70+, Male,2024,47.0
 Uvs,70+, Male,2023,76.2
 Uvs,70+, Male,2022,13.4
 Uvs,70+, Male,2021,37.8
 Uvs,70+, Male,2020,17.8
 Uvs,70+, Male,2019,10.8
 Uvs,70+, Male,2018,11.1
 Uvs,70+, Male,2017,13.0
 Uvs,70+, Male,2016,9.1
 Uvs,70+, Male,2015,13.7
 Uvs,70+, Male,2014,5.1
 Uvs,70+, Male,2013,0.0
 Uvs,70+, Male,2012,0.0
 Uvs,70+, Male,2011,15.8
 Uvs,70+, Male,2010,11.7
 Uvs,70+, Male,2009,18.3
 Uvs,70+, Female,2025,8.1
 Uvs,70+, Female,2024,13.7
 Uvs,70+, Female,2023,15.6
 Uvs,70+, Female,2022,0.0
 Uvs,70+, Female,2021,46.8
 Uvs,70+, Female,2020,6.9
 Uvs,70+, Female,2019,6.7
 Uvs,70+, Female,2018,11.4
 Uvs,70+, Female,2017,14.9
 Uvs,70+, Female,2016,20.2
 Uvs,70+, Female,2015,8.7
 Uvs,70+, Female,2014,10.0
 Uvs,70+, Female,2013,12.5
 Uvs,70+, Female,2012,5.1
 Uvs,70+, Female,2011,9.5
 Uvs,70+, Female,2010,5.9
 Uvs,70+, Female,2009,0.0
 Khovd,Total,Total,2025,67.2
 Khovd,Total,Total,2024,64.1
 Khovd,Total,Total,2023,65.1
 Khovd,Total,Total,2022,65.6
 Khovd,Total,Total,2021,67.4
 Khovd,Total,Total,2020,70.0
 Khovd,Total,Total,2019,77.3
 Khovd,Total,Total,2018,73.9
 Khovd,Total,Total,2017,71.0
 Khovd,Total,Total,2016,72.5
 Khovd,Total,Total,2015,68.8
 Khovd,Total,Total,2014,69.2
 Khovd,Total,Total,2013,64.7
 Khovd,Total,Total,2012,70.2
 Khovd,Total,Total,2011,68.7
 Khovd,Total,Total,2010,71.6
 Khovd,Total,Total,2009,74.5
 Khovd,Total, Male,2025,72.4
 Khovd,Total, Male,2024,65.9
 Khovd,Total, Male,2023,69.7
 Khovd,Total, Male,2022,76.1
 Khovd,Total, Male,2021,74.0
 Khovd,Total, Male,2020,76.8
 Khovd,Total, Male,2019,82.5
 Khovd,Total, Male,2018,80.1
 Khovd,Total, Male,2017,77.8
 Khovd,Total, Male,2016,75.9
 Khovd,Total, Male,2015,74.7
 Khovd,Total, Male,2014,74.6
 Khovd,Total, Male,2013,69.2
 Khovd,Total, Male,2012,74.7
 Khovd,Total, Male,2011,74.0
 Khovd,Total, Male,2010,75.1
 Khovd,Total, Male,2009,79.1
 Khovd,Total, Female,2025,62.0
 Khovd,Total, Female,2024,62.2
 Khovd,Total, Female,2023,59.9
 Khovd,Total, Female,2022,56.3
 Khovd,Total, Female,2021,60.9
 Khovd,Total, Female,2020,63.6
 Khovd,Total, Female,2019,72.6
 Khovd,Total, Female,2018,67.6
 Khovd,Total, Female,2017,64.7
 Khovd,Total, Female,2016,69.1
 Khovd,Total, Female,2015,62.7
 Khovd,Total, Female,2014,64.0
 Khovd,Total, Female,2013,60.2
 Khovd,Total, Female,2012,65.4
 Khovd,Total, Female,2011,63.8
 Khovd,Total, Female,2010,68.3
 Khovd,Total, Female,2009,70.1
 Khovd,15-19,Total,2025,7.9
 Khovd,15-19,Total,2024,1.6
 Khovd,15-19,Total,2023,5.0
 Khovd,15-19,Total,2022,10.5
 Khovd,15-19,Total,2021,9.9
 Khovd,15-19,Total,2020,6.9
 Khovd,15-19,Total,2019,16.8
 Khovd,15-19,Total,2018,12.0
 Khovd,15-19,Total,2017,11.4
 Khovd,15-19,Total,2016,11.0
 Khovd,15-19,Total,2015,13.1
 Khovd,15-19,Total,2014,13.3
 Khovd,15-19,Total,2013,5.9
 Khovd,15-19,Total,2012,45.3
 Khovd,15-19,Total,2011,27.7
 Khovd,15-19,Total,2010,23.6
 Khovd,15-19,Total,2009,37.2
 Khovd,15-19, Male,2025,9.7
 Khovd,15-19, Male,2024,0.0
 Khovd,15-19, Male,2023,8.2
 Khovd,15-19, Male,2022,18.7
 Khovd,15-19, Male,2021,12.5
 Khovd,15-19, Male,2020,10.8
 Khovd,15-19, Male,2019,24.0
 Khovd,15-19, Male,2018,17.9
 Khovd,15-19, Male,2017,15.5
 Khovd,15-19, Male,2016,15.1
 Khovd,15-19, Male,2015,18.6
 Khovd,15-19, Male,2014,17.0
 Khovd,15-19, Male,2013,6.6
 Khovd,15-19, Male,2012,50.5
 Khovd,15-19, Male,2011,30.9
 Khovd,15-19, Male,2010,25.2
 Khovd,15-19, Male,2009,44.2
 Khovd,15-19, Female,2025,5.4
 Khovd,15-19, Female,2024,3.3
 Khovd,15-19, Female,2023,1.0
 Khovd,15-19, Female,2022,5.0
 Khovd,15-19, Female,2021,7.3
 Khovd,15-19, Female,2020,3.5
 Khovd,15-19, Female,2019,7.1
 Khovd,15-19, Female,2018,5.5
 Khovd,15-19, Female,2017,7.5
 Khovd,15-19, Female,2016,7.0
 Khovd,15-19, Female,2015,7.5
 Khovd,15-19, Female,2014,8.9
 Khovd,15-19, Female,2013,5.1
 Khovd,15-19, Female,2012,39.1
 Khovd,15-19, Female,2011,24.8
 Khovd,15-19, Female,2010,22.1
 Khovd,15-19, Female,2009,31.0
 Khovd,20-24,Total,2025,44.9
 Khovd,20-24,Total,2024,46.0
 Khovd,20-24,Total,2023,40.3
 Khovd,20-24,Total,2022,37.8
 Khovd,20-24,Total,2021,45.0
 Khovd,20-24,Total,2020,72.4
 Khovd,20-24,Total,2019,82.9
 Khovd,20-24,Total,2018,77.5
 Khovd,20-24,Total,2017,76.0
 Khovd,20-24,Total,2016,81.0
 Khovd,20-24,Total,2015,63.8
 Khovd,20-24,Total,2014,62.9
 Khovd,20-24,Total,2013,65.9
 Khovd,20-24,Total,2012,64.8
 Khovd,20-24,Total,2011,61.4
 Khovd,20-24,Total,2010,73.3
 Khovd,20-24,Total,2009,79.5
 Khovd,20-24, Male,2025,66.2
 Khovd,20-24, Male,2024,41.0
 Khovd,20-24, Male,2023,45.2
 Khovd,20-24, Male,2022,60.6
 Khovd,20-24, Male,2021,62.9
 Khovd,20-24, Male,2020,84.6
 Khovd,20-24, Male,2019,84.7
 Khovd,20-24, Male,2018,91.5
 Khovd,20-24, Male,2017,83.5
 Khovd,20-24, Male,2016,87.4
 Khovd,20-24, Male,2015,71.8
 Khovd,20-24, Male,2014,69.9
 Khovd,20-24, Male,2013,66.0
 Khovd,20-24, Male,2012,71.9
 Khovd,20-24, Male,2011,70.3
 Khovd,20-24, Male,2010,83.9
 Khovd,20-24, Male,2009,78.0
 Khovd,20-24, Female,2025,26.1
 Khovd,20-24, Female,2024,52.5
 Khovd,20-24, Female,2023,25.3
 Khovd,20-24, Female,2022,20.3
 Khovd,20-24, Female,2021,27.2
 Khovd,20-24, Female,2020,60.5
 Khovd,20-24, Female,2019,81.3
 Khovd,20-24, Female,2018,52.8
 Khovd,20-24, Female,2017,66.9
 Khovd,20-24, Female,2016,72.6
 Khovd,20-24, Female,2015,53.8
 Khovd,20-24, Female,2014,57.0
 Khovd,20-24, Female,2013,65.8
 Khovd,20-24, Female,2012,53.7
 Khovd,20-24, Female,2011,54.2
 Khovd,20-24, Female,2010,63.6
 Khovd,20-24, Female,2009,81.4
 Khovd,25-29,Total,2025,84.9
 Khovd,25-29,Total,2024,89.2
 Khovd,25-29,Total,2023,83.2
 Khovd,25-29,Total,2022,94.2
 Khovd,25-29,Total,2021,76.8
 Khovd,25-29,Total,2020,82.1
 Khovd,25-29,Total,2019,85.9
 Khovd,25-29,Total,2018,85.2
 Khovd,25-29,Total,2017,90.3
 Khovd,25-29,Total,2016,89.7
 Khovd,25-29,Total,2015,87.0
 Khovd,25-29,Total,2014,82.2
 Khovd,25-29,Total,2013,85.6
 Khovd,25-29,Total,2012,80.6
 Khovd,25-29,Total,2011,74.6
 Khovd,25-29,Total,2010,80.9
 Khovd,25-29,Total,2009,91.1
 Khovd,25-29, Male,2025,95.7
 Khovd,25-29, Male,2024,92.8
 Khovd,25-29, Male,2023,89.2
 Khovd,25-29, Male,2022,96.5
 Khovd,25-29, Male,2021,87.6
 Khovd,25-29, Male,2020,99.4
 Khovd,25-29, Male,2019,93.7
 Khovd,25-29, Male,2018,92.3
 Khovd,25-29, Male,2017,94.5
 Khovd,25-29, Male,2016,93.3
 Khovd,25-29, Male,2015,98.3
 Khovd,25-29, Male,2014,92.7
 Khovd,25-29, Male,2013,91.8
 Khovd,25-29, Male,2012,90.4
 Khovd,25-29, Male,2011,79.4
 Khovd,25-29, Male,2010,76.5
 Khovd,25-29, Male,2009,97.0
 Khovd,25-29, Female,2025,71.9
 Khovd,25-29, Female,2024,82.5
 Khovd,25-29, Female,2023,75.2
 Khovd,25-29, Female,2022,92.3
 Khovd,25-29, Female,2021,66.7
 Khovd,25-29, Female,2020,68.1
 Khovd,25-29, Female,2019,79.3
 Khovd,25-29, Female,2018,77.5
 Khovd,25-29, Female,2017,86.6
 Khovd,25-29, Female,2016,86.2
 Khovd,25-29, Female,2015,74.4
 Khovd,25-29, Female,2014,71.8
 Khovd,25-29, Female,2013,79.0
 Khovd,25-29, Female,2012,70.5
 Khovd,25-29, Female,2011,68.0
 Khovd,25-29, Female,2010,86.5
 Khovd,25-29, Female,2009,84.0
 Khovd,30-34,Total,2025,95.4
 Khovd,30-34,Total,2024,90.0
 Khovd,30-34,Total,2023,92.8
 Khovd,30-34,Total,2022,81.9
 Khovd,30-34,Total,2021,91.9
 Khovd,30-34,Total,2020,90.1
 Khovd,30-34,Total,2019,90.9
 Khovd,30-34,Total,2018,91.0
 Khovd,30-34,Total,2017,90.7
 Khovd,30-34,Total,2016,93.4
 Khovd,30-34,Total,2015,87.2
 Khovd,30-34,Total,2014,89.1
 Khovd,30-34,Total,2013,81.2
 Khovd,30-34,Total,2012,86.8
 Khovd,30-34,Total,2011,88.0
 Khovd,30-34,Total,2010,90.3
 Khovd,30-34,Total,2009,89.4
 Khovd,30-34, Male,2025,92.6
 Khovd,30-34, Male,2024,97.9
 Khovd,30-34, Male,2023,89.5
 Khovd,30-34, Male,2022,88.5
 Khovd,30-34, Male,2021,99.4
 Khovd,30-34, Male,2020,92.5
 Khovd,30-34, Male,2019,100.0
 Khovd,30-34, Male,2018,96.4
 Khovd,30-34, Male,2017,98.0
 Khovd,30-34, Male,2016,98.0
 Khovd,30-34, Male,2015,98.1
 Khovd,30-34, Male,2014,91.7
 Khovd,30-34, Male,2013,89.9
 Khovd,30-34, Male,2012,86.1
 Khovd,30-34, Male,2011,87.9
 Khovd,30-34, Male,2010,96.6
 Khovd,30-34, Male,2009,94.9
 Khovd,30-34, Female,2025,100.0
 Khovd,30-34, Female,2024,83.0
 Khovd,30-34, Female,2023,95.8
 Khovd,30-34, Female,2022,69.3
 Khovd,30-34, Female,2021,84.8
 Khovd,30-34, Female,2020,86.3
 Khovd,30-34, Female,2019,81.7
 Khovd,30-34, Female,2018,86.4
 Khovd,30-34, Female,2017,85.0
 Khovd,30-34, Female,2016,89.4
 Khovd,30-34, Female,2015,76.0
 Khovd,30-34, Female,2014,86.9
 Khovd,30-34, Female,2013,72.6
 Khovd,30-34, Female,2012,87.6
 Khovd,30-34, Female,2011,88.2
 Khovd,30-34, Female,2010,84.0
 Khovd,30-34, Female,2009,84.6
 Khovd,35-39,Total,2025,94.6
 Khovd,35-39,Total,2024,91.8
 Khovd,35-39,Total,2023,93.4
 Khovd,35-39,Total,2022,91.2
 Khovd,35-39,Total,2021,98.1
 Khovd,35-39,Total,2020,94.9
 Khovd,35-39,Total,2019,87.7
 Khovd,35-39,Total,2018,93.2
 Khovd,35-39,Total,2017,93.2
 Khovd,35-39,Total,2016,94.8
 Khovd,35-39,Total,2015,90.5
 Khovd,35-39,Total,2014,93.7
 Khovd,35-39,Total,2013,89.2
 Khovd,35-39,Total,2012,87.9
 Khovd,35-39,Total,2011,91.0
 Khovd,35-39,Total,2010,95.1
 Khovd,35-39,Total,2009,88.9
 Khovd,35-39, Male,2025,92.2
 Khovd,35-39, Male,2024,98.4
 Khovd,35-39, Male,2023,93.0
 Khovd,35-39, Male,2022,100.0
 Khovd,35-39, Male,2021,100.0
 Khovd,35-39, Male,2020,95.8
 Khovd,35-39, Male,2019,90.8
 Khovd,35-39, Male,2018,98.3
 Khovd,35-39, Male,2017,98.1
 Khovd,35-39, Male,2016,96.0
 Khovd,35-39, Male,2015,98.1
 Khovd,35-39, Male,2014,100.0
 Khovd,35-39, Male,2013,96.4
 Khovd,35-39, Male,2012,92.5
 Khovd,35-39, Male,2011,94.8
 Khovd,35-39, Male,2010,100.0
 Khovd,35-39, Male,2009,93.4
 Khovd,35-39, Female,2025,96.8
 Khovd,35-39, Female,2024,85.5
 Khovd,35-39, Female,2023,93.8
 Khovd,35-39, Female,2022,86.2
 Khovd,35-39, Female,2021,95.5
 Khovd,35-39, Female,2020,94.2
 Khovd,35-39, Female,2019,85.7
 Khovd,35-39, Female,2018,88.6
 Khovd,35-39, Female,2017,88.1
 Khovd,35-39, Female,2016,93.6
 Khovd,35-39, Female,2015,83.5
 Khovd,35-39, Female,2014,87.7
 Khovd,35-39, Female,2013,83.5
 Khovd,35-39, Female,2012,84.5
 Khovd,35-39, Female,2011,88.1
 Khovd,35-39, Female,2010,91.9
 Khovd,35-39, Female,2009,85.7
 Khovd,40-44,Total,2025,90.4
 Khovd,40-44,Total,2024,96.2
 Khovd,40-44,Total,2023,85.9
 Khovd,40-44,Total,2022,88.0
 Khovd,40-44,Total,2021,82.5
 Khovd,40-44,Total,2020,84.7
 Khovd,40-44,Total,2019,93.3
 Khovd,40-44,Total,2018,96.3
 Khovd,40-44,Total,2017,92.3
 Khovd,40-44,Total,2016,94.4
 Khovd,40-44,Total,2015,93.3
 Khovd,40-44,Total,2014,91.8
 Khovd,40-44,Total,2013,84.4
 Khovd,40-44,Total,2012,84.7
 Khovd,40-44,Total,2011,84.3
 Khovd,40-44,Total,2010,83.8
 Khovd,40-44,Total,2009,95.6
 Khovd,40-44, Male,2025,93.1
 Khovd,40-44, Male,2024,100.0
 Khovd,40-44, Male,2023,96.1
 Khovd,40-44, Male,2022,82.3
 Khovd,40-44, Male,2021,85.7
 Khovd,40-44, Male,2020,75.2
 Khovd,40-44, Male,2019,94.2
 Khovd,40-44, Male,2018,98.2
 Khovd,40-44, Male,2017,95.4
 Khovd,40-44, Male,2016,95.8
 Khovd,40-44, Male,2015,96.5
 Khovd,40-44, Male,2014,95.8
 Khovd,40-44, Male,2013,90.2
 Khovd,40-44, Male,2012,83.9
 Khovd,40-44, Male,2011,88.6
 Khovd,40-44, Male,2010,90.1
 Khovd,40-44, Male,2009,94.1
 Khovd,40-44, Female,2025,86.7
 Khovd,40-44, Female,2024,91.7
 Khovd,40-44, Female,2023,70.5
 Khovd,40-44, Female,2022,93.4
 Khovd,40-44, Female,2021,80.3
 Khovd,40-44, Female,2020,91.8
 Khovd,40-44, Female,2019,92.2
 Khovd,40-44, Female,2018,94.7
 Khovd,40-44, Female,2017,89.2
 Khovd,40-44, Female,2016,93.0
 Khovd,40-44, Female,2015,90.4
 Khovd,40-44, Female,2014,87.5
 Khovd,40-44, Female,2013,78.3
 Khovd,40-44, Female,2012,85.7
 Khovd,40-44, Female,2011,80.2
 Khovd,40-44, Female,2010,77.2
 Khovd,40-44, Female,2009,97.1
 Khovd,45-49,Total,2025,97.2
 Khovd,45-49,Total,2024,99.0
 Khovd,45-49,Total,2023,93.7
 Khovd,45-49,Total,2022,92.3
 Khovd,45-49,Total,2021,91.4
 Khovd,45-49,Total,2020,89.8
 Khovd,45-49,Total,2019,95.3
 Khovd,45-49,Total,2018,91.1
 Khovd,45-49,Total,2017,88.8
 Khovd,45-49,Total,2016,93.0
 Khovd,45-49,Total,2015,91.2
 Khovd,45-49,Total,2014,85.9
 Khovd,45-49,Total,2013,88.4
 Khovd,45-49,Total,2012,88.1
 Khovd,45-49,Total,2011,87.1
 Khovd,45-49,Total,2010,91.3
 Khovd,45-49,Total,2009,93.2
 Khovd,45-49, Male,2025,93.5
 Khovd,45-49, Male,2024,98.8
 Khovd,45-49, Male,2023,91.0
 Khovd,45-49, Male,2022,99.5
 Khovd,45-49, Male,2021,95.9
 Khovd,45-49, Male,2020,86.6
 Khovd,45-49, Male,2019,97.1
 Khovd,45-49, Male,2018,94.4
 Khovd,45-49, Male,2017,91.2
 Khovd,45-49, Male,2016,90.9
 Khovd,45-49, Male,2015,91.9
 Khovd,45-49, Male,2014,89.2
 Khovd,45-49, Male,2013,87.2
 Khovd,45-49, Male,2012,92.8
 Khovd,45-49, Male,2011,90.3
 Khovd,45-49, Male,2010,96.2
 Khovd,45-49, Male,2009,97.0
 Khovd,45-49, Female,2025,100.0
 Khovd,45-49, Female,2024,99.1
 Khovd,45-49, Female,2023,96.6
 Khovd,45-49, Female,2022,84.0
 Khovd,45-49, Female,2021,84.4
 Khovd,45-49, Female,2020,94.7
 Khovd,45-49, Female,2019,93.9
 Khovd,45-49, Female,2018,87.3
 Khovd,45-49, Female,2017,85.9
 Khovd,45-49, Female,2016,94.5
 Khovd,45-49, Female,2015,90.5
 Khovd,45-49, Female,2014,82.5
 Khovd,45-49, Female,2013,89.5
 Khovd,45-49, Female,2012,83.1
 Khovd,45-49, Female,2011,83.6
 Khovd,45-49, Female,2010,86.7
 Khovd,45-49, Female,2009,89.2
 Khovd,50-54,Total,2025,80.2
 Khovd,50-54,Total,2024,86.2
 Khovd,50-54,Total,2023,76.5
 Khovd,50-54,Total,2022,75.2
 Khovd,50-54,Total,2021,91.0
 Khovd,50-54,Total,2020,79.2
 Khovd,50-54,Total,2019,85.0
 Khovd,50-54,Total,2018,81.9
 Khovd,50-54,Total,2017,75.8
 Khovd,50-54,Total,2016,83.1
 Khovd,50-54,Total,2015,83.0
 Khovd,50-54,Total,2014,81.6
 Khovd,50-54,Total,2013,67.5
 Khovd,50-54,Total,2012,74.8
 Khovd,50-54,Total,2011,70.6
 Khovd,50-54,Total,2010,88.0
 Khovd,50-54,Total,2009,79.7
 Khovd,50-54, Male,2025,84.2
 Khovd,50-54, Male,2024,90.2
 Khovd,50-54, Male,2023,80.3
 Khovd,50-54, Male,2022,88.8
 Khovd,50-54, Male,2021,92.8
 Khovd,50-54, Male,2020,75.4
 Khovd,50-54, Male,2019,93.6
 Khovd,50-54, Male,2018,87.7
 Khovd,50-54, Male,2017,82.1
 Khovd,50-54, Male,2016,90.7
 Khovd,50-54, Male,2015,87.7
 Khovd,50-54, Male,2014,88.5
 Khovd,50-54, Male,2013,76.3
 Khovd,50-54, Male,2012,83.5
 Khovd,50-54, Male,2011,77.3
 Khovd,50-54, Male,2010,89.2
 Khovd,50-54, Male,2009,83.0
 Khovd,50-54, Female,2025,75.4
 Khovd,50-54, Female,2024,82.3
 Khovd,50-54, Female,2023,73.0
 Khovd,50-54, Female,2022,67.2
 Khovd,50-54, Female,2021,89.5
 Khovd,50-54, Female,2020,83.0
 Khovd,50-54, Female,2019,79.5
 Khovd,50-54, Female,2018,77.4
 Khovd,50-54, Female,2017,71.0
 Khovd,50-54, Female,2016,74.9
 Khovd,50-54, Female,2015,77.8
 Khovd,50-54, Female,2014,74.9
 Khovd,50-54, Female,2013,60.1
 Khovd,50-54, Female,2012,67.3
 Khovd,50-54, Female,2011,63.0
 Khovd,50-54, Female,2010,87.2
 Khovd,50-54, Female,2009,76.7
 Khovd,55-59,Total,2025,77.5
 Khovd,55-59,Total,2024,54.7
 Khovd,55-59,Total,2023,50.8
 Khovd,55-59,Total,2022,67.3
 Khovd,55-59,Total,2021,82.0
 Khovd,55-59,Total,2020,67.2
 Khovd,55-59,Total,2019,81.8
 Khovd,55-59,Total,2018,68.2
 Khovd,55-59,Total,2017,63.4
 Khovd,55-59,Total,2016,56.4
 Khovd,55-59,Total,2015,63.3
 Khovd,55-59,Total,2014,61.8
 Khovd,55-59,Total,2013,65.1
 Khovd,55-59,Total,2012,65.2
 Khovd,55-59,Total,2011,82.2
 Khovd,55-59,Total,2010,66.1
 Khovd,55-59,Total,2009,80.7
 Khovd,55-59, Male,2025,83.0
 Khovd,55-59, Male,2024,34.2
 Khovd,55-59, Male,2023,75.3
 Khovd,55-59, Male,2022,78.3
 Khovd,55-59, Male,2021,81.7
 Khovd,55-59, Male,2020,92.1
 Khovd,55-59, Male,2019,90.0
 Khovd,55-59, Male,2018,88.5
 Khovd,55-59, Male,2017,87.7
 Khovd,55-59, Male,2016,71.9
 Khovd,55-59, Male,2015,73.1
 Khovd,55-59, Male,2014,83.6
 Khovd,55-59, Male,2013,85.3
 Khovd,55-59, Male,2012,72.7
 Khovd,55-59, Male,2011,95.6
 Khovd,55-59, Male,2010,68.2
 Khovd,55-59, Male,2009,88.2
 Khovd,55-59, Female,2025,73.5
 Khovd,55-59, Female,2024,68.1
 Khovd,55-59, Female,2023,40.1
 Khovd,55-59, Female,2022,56.8
 Khovd,55-59, Female,2021,82.6
 Khovd,55-59, Female,2020,43.9
 Khovd,55-59, Female,2019,74.7
 Khovd,55-59, Female,2018,39.8
 Khovd,55-59, Female,2017,41.4
 Khovd,55-59, Female,2016,40.8
 Khovd,55-59, Female,2015,53.5
 Khovd,55-59, Female,2014,48.6
 Khovd,55-59, Female,2013,41.7
 Khovd,55-59, Female,2012,56.1
 Khovd,55-59, Female,2011,72.4
 Khovd,55-59, Female,2010,64.0
 Khovd,55-59, Female,2009,71.2
 Khovd,60-64,Total,2025,56.7
 Khovd,60-64,Total,2024,34.3
 Khovd,60-64,Total,2023,58.2
 Khovd,60-64,Total,2022,38.5
 Khovd,60-64,Total,2021,41.7
 Khovd,60-64,Total,2020,49.6
 Khovd,60-64,Total,2019,44.3
 Khovd,60-64,Total,2018,36.5
 Khovd,60-64,Total,2017,34.4
 Khovd,60-64,Total,2016,25.6
 Khovd,60-64,Total,2015,21.7
 Khovd,60-64,Total,2014,34.1
 Khovd,60-64,Total,2013,42.9
 Khovd,60-64,Total,2012,31.7
 Khovd,60-64,Total,2011,60.2
 Khovd,60-64,Total,2010,48.1
 Khovd,60-64,Total,2009,62.1
 Khovd,60-64, Male,2025,81.2
 Khovd,60-64, Male,2024,40.4
 Khovd,60-64, Male,2023,64.6
 Khovd,60-64, Male,2022,96.2
 Khovd,60-64, Male,2021,48.3
 Khovd,60-64, Male,2020,42.1
 Khovd,60-64, Male,2019,69.4
 Khovd,60-64, Male,2018,38.4
 Khovd,60-64, Male,2017,32.8
 Khovd,60-64, Male,2016,13.5
 Khovd,60-64, Male,2015,20.1
 Khovd,60-64, Male,2014,40.2
 Khovd,60-64, Male,2013,51.3
 Khovd,60-64, Male,2012,29.3
 Khovd,60-64, Male,2011,68.7
 Khovd,60-64, Male,2010,47.9
 Khovd,60-64, Male,2009,79.0
 Khovd,60-64, Female,2025,42.6
 Khovd,60-64, Female,2024,28.7
 Khovd,60-64, Female,2023,51.5
 Khovd,60-64, Female,2022,4.3
 Khovd,60-64, Female,2021,38.6
 Khovd,60-64, Female,2020,51.4
 Khovd,60-64, Female,2019,22.5
 Khovd,60-64, Female,2018,34.1
 Khovd,60-64, Female,2017,36.2
 Khovd,60-64, Female,2016,35.0
 Khovd,60-64, Female,2015,23.1
 Khovd,60-64, Female,2014,27.9
 Khovd,60-64, Female,2013,35.1
 Khovd,60-64, Female,2012,33.8
 Khovd,60-64, Female,2011,48.7
 Khovd,60-64, Female,2010,48.2
 Khovd,60-64, Female,2009,30.7
 Khovd,65-69,Total,2025,29.8
 Khovd,65-69,Total,2024,29.3
 Khovd,65-69,Total,2023,55.4
 Khovd,65-69,Total,2022,22.9
 Khovd,65-69,Total,2021,45.0
 Khovd,65-69,Total,2020,53.2
 Khovd,65-69,Total,2019,69.6
 Khovd,65-69,Total,2018,15.1
 Khovd,65-69,Total,2017,21.6
 Khovd,65-69,Total,2016,10.5
 Khovd,65-69,Total,2015,9.9
 Khovd,65-69,Total,2014,0.0
 Khovd,65-69,Total,2013,29.5
 Khovd,65-69,Total,2012,28.2
 Khovd,65-69,Total,2011,41.3
 Khovd,65-69,Total,2010,25.2
 Khovd,65-69,Total,2009,24.0
 Khovd,65-69, Male,2025,46.6
 Khovd,65-69, Male,2024,28.4
 Khovd,65-69, Male,2023,89.1
 Khovd,65-69, Male,2022,7.9
 Khovd,65-69, Male,2021,48.9
 Khovd,65-69, Male,2020,58.9
 Khovd,65-69, Male,2019,69.3
 Khovd,65-69, Male,2018,15.0
 Khovd,65-69, Male,2017,16.0
 Khovd,65-69, Male,2016,16.8
 Khovd,65-69, Male,2015,0.0
 Khovd,65-69, Male,2014,0.0
 Khovd,65-69, Male,2013,56.3
 Khovd,65-69, Male,2012,30.5
 Khovd,65-69, Male,2011,53.1
 Khovd,65-69, Male,2010,34.6
 Khovd,65-69, Male,2009,36.2
 Khovd,65-69, Female,2025,22.4
 Khovd,65-69, Female,2024,30.4
 Khovd,65-69, Female,2023,38.2
 Khovd,65-69, Female,2022,44.6
 Khovd,65-69, Female,2021,42.3
 Khovd,65-69, Female,2020,28.2
 Khovd,65-69, Female,2019,70.1
 Khovd,65-69, Female,2018,15.2
 Khovd,65-69, Female,2017,24.3
 Khovd,65-69, Female,2016,0.0
 Khovd,65-69, Female,2015,18.7
 Khovd,65-69, Female,2014,0.0
 Khovd,65-69, Female,2013,17.9
 Khovd,65-69, Female,2012,25.4
 Khovd,65-69, Female,2011,28.5
 Khovd,65-69, Female,2010,0.0
 Khovd,65-69, Female,2009,17.2
 Khovd,70+,Total,2025,18.3
 Khovd,70+,Total,2024,15.8
 Khovd,70+,Total,2023,28.3
 Khovd,70+,Total,2022,13.5
 Khovd,70+,Total,2021,18.0
 Khovd,70+,Total,2020,13.4
 Khovd,70+,Total,2019,25.5
 Khovd,70+,Total,2018,4.4
 Khovd,70+,Total,2017,12.8
 Khovd,70+,Total,2016,6.0
 Khovd,70+,Total,2015,6.8
 Khovd,70+,Total,2014,4.7
 Khovd,70+,Total,2013,7.6
 Khovd,70+,Total,2012,15.3
 Khovd,70+,Total,2011,21.6
 Khovd,70+,Total,2010,16.3
 Khovd,70+,Total,2009,10.8
 Khovd,70+, Male,2025,14.5
 Khovd,70+, Male,2024,0.0
 Khovd,70+, Male,2023,50.8
 Khovd,70+, Male,2022,41.1
 Khovd,70+, Male,2021,22.1
 Khovd,70+, Male,2020,17.8
 Khovd,70+, Male,2019,31.3
 Khovd,70+, Male,2018,9.9
 Khovd,70+, Male,2017,14.1
 Khovd,70+, Male,2016,5.9
 Khovd,70+, Male,2015,13.0
 Khovd,70+, Male,2014,6.1
 Khovd,70+, Male,2013,9.0
 Khovd,70+, Male,2012,22.6
 Khovd,70+, Male,2011,23.8
 Khovd,70+, Male,2010,25.3
 Khovd,70+, Male,2009,0.0
 Khovd,70+, Female,2025,21.7
 Khovd,70+, Female,2024,22.3
 Khovd,70+, Female,2023,8.3
 Khovd,70+, Female,2022,3.2
 Khovd,70+, Female,2021,14.4
 Khovd,70+, Female,2020,12.0
 Khovd,70+, Female,2019,21.9
 Khovd,70+, Female,2018,0.0
 Khovd,70+, Female,2017,12.1
 Khovd,70+, Female,2016,6.1
 Khovd,70+, Female,2015,0.0
 Khovd,70+, Female,2014,3.9
 Khovd,70+, Female,2013,5.7
 Khovd,70+, Female,2012,10.6
 Khovd,70+, Female,2011,20.3
 Khovd,70+, Female,2010,10.9
 Khovd,70+, Female,2009,15.9
 North region,Total,Total,2025,59.5
 North region,Total,Total,2024,60.8
 North region,Total,Total,2023,65.1
 North region,Total,Total,2022,65.2
 North region,Total,Total,2021,65.6
 North region,Total,Total,2020,68.7
 North region,Total,Total,2019,67.4
 North region,Total,Total,2018,67.2
 North region,Total,Total,2017,68.7
 North region,Total,Total,2016,66.8
 North region,Total,Total,2015,67.2
 North region,Total,Total,2014,67.0
 North region,Total,Total,2013,72.4
 North region,Total,Total,2012,68.7
 North region,Total,Total,2011,64.7
 North region,Total,Total,2010,64.0
 North region,Total,Total,2009,65.0
 North region,Total, Male,2025,68.2
 North region,Total, Male,2024,68.8
 North region,Total, Male,2023,71.2
 North region,Total, Male,2022,73.3
 North region,Total, Male,2021,74.6
 North region,Total, Male,2020,73.7
 North region,Total, Male,2019,72.6
 North region,Total, Male,2018,73.9
 North region,Total, Male,2017,75.2
 North region,Total, Male,2016,72.5
 North region,Total, Male,2015,72.9
 North region,Total, Male,2014,72.2
 North region,Total, Male,2013,76.3
 North region,Total, Male,2012,74.3
 North region,Total, Male,2011,71.3
 North region,Total, Male,2010,69.0
 North region,Total, Male,2009,69.1
 North region,Total, Female,2025,51.4
 North region,Total, Female,2024,53.2
 North region,Total, Female,2023,59.4
 North region,Total, Female,2022,58.1
 North region,Total, Female,2021,57.1
 North region,Total, Female,2020,64.0
 North region,Total, Female,2019,62.8
 North region,Total, Female,2018,60.9
 North region,Total, Female,2017,62.5
 North region,Total, Female,2016,61.6
 North region,Total, Female,2015,62.1
 North region,Total, Female,2014,62.0
 North region,Total, Female,2013,68.6
 North region,Total, Female,2012,63.6
 North region,Total, Female,2011,58.8
 North region,Total, Female,2010,59.1
 North region,Total, Female,2009,61.3
 North region,15-19,Total,2025,4.4
 North region,15-19,Total,2024,5.2
 North region,15-19,Total,2023,13.4
 North region,15-19,Total,2022,6.9
 North region,15-19,Total,2021,12.0
 North region,15-19,Total,2020,18.5
 North region,15-19,Total,2019,12.9
 North region,15-19,Total,2018,9.5
 North region,15-19,Total,2017,14.3
 North region,15-19,Total,2016,14.4
 North region,15-19,Total,2015,10.8
 North region,15-19,Total,2014,13.6
 North region,15-19,Total,2013,22.5
 North region,15-19,Total,2012,30.0
 North region,15-19,Total,2011,13.4
 North region,15-19,Total,2010,14.9
 North region,15-19,Total,2009,21.3
 North region,15-19, Male,2025,6.2
 North region,15-19, Male,2024,6.1
 North region,15-19, Male,2023,20.9
 North region,15-19, Male,2022,7.1
 North region,15-19, Male,2021,18.5
 North region,15-19, Male,2020,22.0
 North region,15-19, Male,2019,21.4
 North region,15-19, Male,2018,8.9
 North region,15-19, Male,2017,20.4
 North region,15-19, Male,2016,14.4
 North region,15-19, Male,2015,13.6
 North region,15-19, Male,2014,16.9
 North region,15-19, Male,2013,25.5
 North region,15-19, Male,2012,32.8
 North region,15-19, Male,2011,17.7
 North region,15-19, Male,2010,17.8
 North region,15-19, Male,2009,27.1
 North region,15-19, Female,2025,2.5
 North region,15-19, Female,2024,4.4
 North region,15-19, Female,2023,6.9
 North region,15-19, Female,2022,6.7
 North region,15-19, Female,2021,6.9
 North region,15-19, Female,2020,13.7
 North region,15-19, Female,2019,2.7
 North region,15-19, Female,2018,10.1
 North region,15-19, Female,2017,8.1
 North region,15-19, Female,2016,14.3
 North region,15-19, Female,2015,8.2
 North region,15-19, Female,2014,9.7
 North region,15-19, Female,2013,19.2
 North region,15-19, Female,2012,27.4
 North region,15-19, Female,2011,9.6
 North region,15-19, Female,2010,12.1
 North region,15-19, Female,2009,14.5
 North region,20-24,Total,2025,58.2
 North region,20-24,Total,2024,53.0
 North region,20-24,Total,2023,68.8
 North region,20-24,Total,2022,63.5
 North region,20-24,Total,2021,58.2
 North region,20-24,Total,2020,70.1
 North region,20-24,Total,2019,66.1
 North region,20-24,Total,2018,67.3
 North region,20-24,Total,2017,68.7
 North region,20-24,Total,2016,66.6
 North region,20-24,Total,2015,53.3
 North region,20-24,Total,2014,65.5
 North region,20-24,Total,2013,76.4
 North region,20-24,Total,2012,64.7
 North region,20-24,Total,2011,56.4
 North region,20-24,Total,2010,57.3
 North region,20-24,Total,2009,57.3
 North region,20-24, Male,2025,71.8
 North region,20-24, Male,2024,75.2
 North region,20-24, Male,2023,81.4
 North region,20-24, Male,2022,77.2
 North region,20-24, Male,2021,66.2
 North region,20-24, Male,2020,71.5
 North region,20-24, Male,2019,78.3
 North region,20-24, Male,2018,77.8
 North region,20-24, Male,2017,78.3
 North region,20-24, Male,2016,74.8
 North region,20-24, Male,2015,61.6
 North region,20-24, Male,2014,66.1
 North region,20-24, Male,2013,78.5
 North region,20-24, Male,2012,68.3
 North region,20-24, Male,2011,66.5
 North region,20-24, Male,2010,63.3
 North region,20-24, Male,2009,59.1
 North region,20-24, Female,2025,39.7
 North region,20-24, Female,2024,28.3
 North region,20-24, Female,2023,45.1
 North region,20-24, Female,2022,51.2
 North region,20-24, Female,2021,48.5
 North region,20-24, Female,2020,68.2
 North region,20-24, Female,2019,54.2
 North region,20-24, Female,2018,55.0
 North region,20-24, Female,2017,58.0
 North region,20-24, Female,2016,57.3
 North region,20-24, Female,2015,45.0
 North region,20-24, Female,2014,64.9
 North region,20-24, Female,2013,74.4
 North region,20-24, Female,2012,60.0
 North region,20-24, Female,2011,48.1
 North region,20-24, Female,2010,50.9
 North region,20-24, Female,2009,55.9
 North region,25-29,Total,2025,84.4
 North region,25-29,Total,2024,78.7
 North region,25-29,Total,2023,78.2
 North region,25-29,Total,2022,86.4
 North region,25-29,Total,2021,81.4
 North region,25-29,Total,2020,84.1
 North region,25-29,Total,2019,83.5
 North region,25-29,Total,2018,82.3
 North region,25-29,Total,2017,83.4
 North region,25-29,Total,2016,81.9
 North region,25-29,Total,2015,84.0
 North region,25-29,Total,2014,86.3
 North region,25-29,Total,2013,89.9
 North region,25-29,Total,2012,78.7
 North region,25-29,Total,2011,80.0
 North region,25-29,Total,2010,81.0
 North region,25-29,Total,2009,85.0
 North region,25-29, Male,2025,95.6
 North region,25-29, Male,2024,93.7
 North region,25-29, Male,2023,77.6
 North region,25-29, Male,2022,95.6
 North region,25-29, Male,2021,97.9
 North region,25-29, Male,2020,88.1
 North region,25-29, Male,2019,94.3
 North region,25-29, Male,2018,87.4
 North region,25-29, Male,2017,90.3
 North region,25-29, Male,2016,91.8
 North region,25-29, Male,2015,83.5
 North region,25-29, Male,2014,92.6
 North region,25-29, Male,2013,92.0
 North region,25-29, Male,2012,88.2
 North region,25-29, Male,2011,85.1
 North region,25-29, Male,2010,90.7
 North region,25-29, Male,2009,92.9
 North region,25-29, Female,2025,74.4
 North region,25-29, Female,2024,64.0
 North region,25-29, Female,2023,78.6
 North region,25-29, Female,2022,77.3
 North region,25-29, Female,2021,65.9
 North region,25-29, Female,2020,80.0
 North region,25-29, Female,2019,73.2
 North region,25-29, Female,2018,78.1
 North region,25-29, Female,2017,77.2
 North region,25-29, Female,2016,73.0
 North region,25-29, Female,2015,84.6
 North region,25-29, Female,2014,79.2
 North region,25-29, Female,2013,88.0
 North region,25-29, Female,2012,70.2
 North region,25-29, Female,2011,74.4
 North region,25-29, Female,2010,71.8
 North region,25-29, Female,2009,77.7
 North region,30-34,Total,2025,84.4
 North region,30-34,Total,2024,77.1
 North region,30-34,Total,2023,77.7
 North region,30-34,Total,2022,85.5
 North region,30-34,Total,2021,89.3
 North region,30-34,Total,2020,78.3
 North region,30-34,Total,2019,84.6
 North region,30-34,Total,2018,84.2
 North region,30-34,Total,2017,87.8
 North region,30-34,Total,2016,90.3
 North region,30-34,Total,2015,86.8
 North region,30-34,Total,2014,83.7
 North region,30-34,Total,2013,88.3
 North region,30-34,Total,2012,86.3
 North region,30-34,Total,2011,83.0
 North region,30-34,Total,2010,81.1
 North region,30-34,Total,2009,89.1
 North region,30-34, Male,2025,95.8
 North region,30-34, Male,2024,81.5
 North region,30-34, Male,2023,85.5
 North region,30-34, Male,2022,98.1
 North region,30-34, Male,2021,97.2
 North region,30-34, Male,2020,86.8
 North region,30-34, Male,2019,92.6
 North region,30-34, Male,2018,90.9
 North region,30-34, Male,2017,94.6
 North region,30-34, Male,2016,98.1
 North region,30-34, Male,2015,92.9
 North region,30-34, Male,2014,94.3
 North region,30-34, Male,2013,91.8
 North region,30-34, Male,2012,92.8
 North region,30-34, Male,2011,89.1
 North region,30-34, Male,2010,92.0
 North region,30-34, Male,2009,96.2
 North region,30-34, Female,2025,74.6
 North region,30-34, Female,2024,73.1
 North region,30-34, Female,2023,68.5
 North region,30-34, Female,2022,74.9
 North region,30-34, Female,2021,82.1
 North region,30-34, Female,2020,71.1
 North region,30-34, Female,2019,79.2
 North region,30-34, Female,2018,75.9
 North region,30-34, Female,2017,80.6
 North region,30-34, Female,2016,82.2
 North region,30-34, Female,2015,81.1
 North region,30-34, Female,2014,74.5
 North region,30-34, Female,2013,84.8
 North region,30-34, Female,2012,80.1
 North region,30-34, Female,2011,77.2
 North region,30-34, Female,2010,72.4
 North region,30-34, Female,2009,82.9
 North region,35-39,Total,2025,82.0
 North region,35-39,Total,2024,82.0
 North region,35-39,Total,2023,82.8
 North region,35-39,Total,2022,84.8
 North region,35-39,Total,2021,92.4
 North region,35-39,Total,2020,89.0
 North region,35-39,Total,2019,84.1
 North region,35-39,Total,2018,88.9
 North region,35-39,Total,2017,89.8
 North region,35-39,Total,2016,89.1
 North region,35-39,Total,2015,93.4
 North region,35-39,Total,2014,87.1
 North region,35-39,Total,2013,91.5
 North region,35-39,Total,2012,90.4
 North region,35-39,Total,2011,89.8
 North region,35-39,Total,2010,88.4
 North region,35-39,Total,2009,89.0
 North region,35-39, Male,2025,96.3
 North region,35-39, Male,2024,95.6
 North region,35-39, Male,2023,91.9
 North region,35-39, Male,2022,92.1
 North region,35-39, Male,2021,97.7
 North region,35-39, Male,2020,93.1
 North region,35-39, Male,2019,88.9
 North region,35-39, Male,2018,93.0
 North region,35-39, Male,2017,90.9
 North region,35-39, Male,2016,89.0
 North region,35-39, Male,2015,95.5
 North region,35-39, Male,2014,90.5
 North region,35-39, Male,2013,94.3
 North region,35-39, Male,2012,95.4
 North region,35-39, Male,2011,90.2
 North region,35-39, Male,2010,92.1
 North region,35-39, Male,2009,90.2
 North region,35-39, Female,2025,66.6
 North region,35-39, Female,2024,70.8
 North region,35-39, Female,2023,73.3
 North region,35-39, Female,2022,77.4
 North region,35-39, Female,2021,87.2
 North region,35-39, Female,2020,85.2
 North region,35-39, Female,2019,80.6
 North region,35-39, Female,2018,84.9
 North region,35-39, Female,2017,88.6
 North region,35-39, Female,2016,89.3
 North region,35-39, Female,2015,91.4
 North region,35-39, Female,2014,83.8
 North region,35-39, Female,2013,88.5
 North region,35-39, Female,2012,86.3
 North region,35-39, Female,2011,89.4
 North region,35-39, Female,2010,84.8
 North region,35-39, Female,2009,87.8
 North region,40-44,Total,2025,88.5
 North region,40-44,Total,2024,87.5
 North region,40-44,Total,2023,85.6
 North region,40-44,Total,2022,87.7
 North region,40-44,Total,2021,93.5
 North region,40-44,Total,2020,89.7
 North region,40-44,Total,2019,93.0
 North region,40-44,Total,2018,89.6
 North region,40-44,Total,2017,90.9
 North region,40-44,Total,2016,92.0
 North region,40-44,Total,2015,89.4
 North region,40-44,Total,2014,89.3
 North region,40-44,Total,2013,91.3
 North region,40-44,Total,2012,89.7
 North region,40-44,Total,2011,88.5
 North region,40-44,Total,2010,89.0
 North region,40-44,Total,2009,92.7
 North region,40-44, Male,2025,94.7
 North region,40-44, Male,2024,88.8
 North region,40-44, Male,2023,88.0
 North region,40-44, Male,2022,93.6
 North region,40-44, Male,2021,97.3
 North region,40-44, Male,2020,96.1
 North region,40-44, Male,2019,93.4
 North region,40-44, Male,2018,94.6
 North region,40-44, Male,2017,93.0
 North region,40-44, Male,2016,93.6
 North region,40-44, Male,2015,92.2
 North region,40-44, Male,2014,92.6
 North region,40-44, Male,2013,91.4
 North region,40-44, Male,2012,90.3
 North region,40-44, Male,2011,90.6
 North region,40-44, Male,2010,92.9
 North region,40-44, Male,2009,94.1
 North region,40-44, Female,2025,83.2
 North region,40-44, Female,2024,86.1
 North region,40-44, Female,2023,83.1
 North region,40-44, Female,2022,82.2
 North region,40-44, Female,2021,89.6
 North region,40-44, Female,2020,81.6
 North region,40-44, Female,2019,92.4
 North region,40-44, Female,2018,85.0
 North region,40-44, Female,2017,88.6
 North region,40-44, Female,2016,90.7
 North region,40-44, Female,2015,87.0
 North region,40-44, Female,2014,86.2
 North region,40-44, Female,2013,91.2
 North region,40-44, Female,2012,89.0
 North region,40-44, Female,2011,86.5
 North region,40-44, Female,2010,85.2
 North region,40-44, Female,2009,91.5
 North region,45-49,Total,2025,90.4
 North region,45-49,Total,2024,87.8
 North region,45-49,Total,2023,93.0
 North region,45-49,Total,2022,86.2
 North region,45-49,Total,2021,88.8
 North region,45-49,Total,2020,88.5
 North region,45-49,Total,2019,86.7
 North region,45-49,Total,2018,91.7
 North region,45-49,Total,2017,88.1
 North region,45-49,Total,2016,84.9
 North region,45-49,Total,2015,91.0
 North region,45-49,Total,2014,86.1
 North region,45-49,Total,2013,90.7
 North region,45-49,Total,2012,85.4
 North region,45-49,Total,2011,85.6
 North region,45-49,Total,2010,85.2
 North region,45-49,Total,2009,90.8
 North region,45-49, Male,2025,91.0
 North region,45-49, Male,2024,84.1
 North region,45-49, Male,2023,93.2
 North region,45-49, Male,2022,94.5
 North region,45-49, Male,2021,94.7
 North region,45-49, Male,2020,92.8
 North region,45-49, Male,2019,86.1
 North region,45-49, Male,2018,93.5
 North region,45-49, Male,2017,92.0
 North region,45-49, Male,2016,85.9
 North region,45-49, Male,2015,94.8
 North region,45-49, Male,2014,85.0
 North region,45-49, Male,2013,95.4
 North region,45-49, Male,2012,88.0
 North region,45-49, Male,2011,85.1
 North region,45-49, Male,2010,86.4
 North region,45-49, Male,2009,92.7
 North region,45-49, Female,2025,89.8
 North region,45-49, Female,2024,91.9
 North region,45-49, Female,2023,92.9
 North region,45-49, Female,2022,80.5
 North region,45-49, Female,2021,83.2
 North region,45-49, Female,2020,85.3
 North region,45-49, Female,2019,87.1
 North region,45-49, Female,2018,90.2
 North region,45-49, Female,2017,84.8
 North region,45-49, Female,2016,83.8
 North region,45-49, Female,2015,87.4
 North region,45-49, Female,2014,87.1
 North region,45-49, Female,2013,86.7
 North region,45-49, Female,2012,83.1
 North region,45-49, Female,2011,86.1
 North region,45-49, Female,2010,84.2
 North region,45-49, Female,2009,88.7
 North region,50-54,Total,2025,79.2
 North region,50-54,Total,2024,78.8
 North region,50-54,Total,2023,83.3
 North region,50-54,Total,2022,82.9
 North region,50-54,Total,2021,82.3
 North region,50-54,Total,2020,88.2
 North region,50-54,Total,2019,82.3
 North region,50-54,Total,2018,77.0
 North region,50-54,Total,2017,76.7
 North region,50-54,Total,2016,74.9
 North region,50-54,Total,2015,75.1
 North region,50-54,Total,2014,75.0
 North region,50-54,Total,2013,72.9
 North region,50-54,Total,2012,71.9
 North region,50-54,Total,2011,72.9
 North region,50-54,Total,2010,71.0
 North region,50-54,Total,2009,69.9
 North region,50-54, Male,2025,86.2
 North region,50-54, Male,2024,83.7
 North region,50-54, Male,2023,85.8
 North region,50-54, Male,2022,76.1
 North region,50-54, Male,2021,88.1
 North region,50-54, Male,2020,85.4
 North region,50-54, Male,2019,84.4
 North region,50-54, Male,2018,86.4
 North region,50-54, Male,2017,80.5
 North region,50-54, Male,2016,87.1
 North region,50-54, Male,2015,81.8
 North region,50-54, Male,2014,81.4
 North region,50-54, Male,2013,79.7
 North region,50-54, Male,2012,78.6
 North region,50-54, Male,2011,84.0
 North region,50-54, Male,2010,76.0
 North region,50-54, Male,2009,80.6
 North region,50-54, Female,2025,72.4
 North region,50-54, Female,2024,73.3
 North region,50-54, Female,2023,80.6
 North region,50-54, Female,2022,89.1
 North region,50-54, Female,2021,77.1
 North region,50-54, Female,2020,90.9
 North region,50-54, Female,2019,80.5
 North region,50-54, Female,2018,68.8
 North region,50-54, Female,2017,73.7
 North region,50-54, Female,2016,66.7
 North region,50-54, Female,2015,69.8
 North region,50-54, Female,2014,68.9
 North region,50-54, Female,2013,67.0
 North region,50-54, Female,2012,66.9
 North region,50-54, Female,2011,61.7
 North region,50-54, Female,2010,66.0
 North region,50-54, Female,2009,60.1
 North region,55-59,Total,2025,49.0
 North region,55-59,Total,2024,49.1
 North region,55-59,Total,2023,56.5
 North region,55-59,Total,2022,48.2
 North region,55-59,Total,2021,43.8
 North region,55-59,Total,2020,60.5
 North region,55-59,Total,2019,50.7
 North region,55-59,Total,2018,50.4
 North region,55-59,Total,2017,55.2
 North region,55-59,Total,2016,47.4
 North region,55-59,Total,2015,56.3
 North region,55-59,Total,2014,54.9
 North region,55-59,Total,2013,60.9
 North region,55-59,Total,2012,57.3
 North region,55-59,Total,2011,56.0
 North region,55-59,Total,2010,58.9
 North region,55-59,Total,2009,43.7
 North region,55-59, Male,2025,67.9
 North region,55-59, Male,2024,67.1
 North region,55-59, Male,2023,67.7
 North region,55-59, Male,2022,65.5
 North region,55-59, Male,2021,67.3
 North region,55-59, Male,2020,74.6
 North region,55-59, Male,2019,62.6
 North region,55-59, Male,2018,70.7
 North region,55-59, Male,2017,71.3
 North region,55-59, Male,2016,62.5
 North region,55-59, Male,2015,73.2
 North region,55-59, Male,2014,72.5
 North region,55-59, Male,2013,73.8
 North region,55-59, Male,2012,72.1
 North region,55-59, Male,2011,76.9
 North region,55-59, Male,2010,69.5
 North region,55-59, Male,2009,67.7
 North region,55-59, Female,2025,33.1
 North region,55-59, Female,2024,36.9
 North region,55-59, Female,2023,47.6
 North region,55-59, Female,2022,33.7
 North region,55-59, Female,2021,15.9
 North region,55-59, Female,2020,51.5
 North region,55-59, Female,2019,40.9
 North region,55-59, Female,2018,30.3
 North region,55-59, Female,2017,36.9
 North region,55-59, Female,2016,35.3
 North region,55-59, Female,2015,42.8
 North region,55-59, Female,2014,39.6
 North region,55-59, Female,2013,45.9
 North region,55-59, Female,2012,46.2
 North region,55-59, Female,2011,41.5
 North region,55-59, Female,2010,45.8
 North region,55-59, Female,2009,23.0
 North region,60-64,Total,2025,30.7
 North region,60-64,Total,2024,21.1
 North region,60-64,Total,2023,39.6
 North region,60-64,Total,2022,34.7
 North region,60-64,Total,2021,22.3
 North region,60-64,Total,2020,38.8
 North region,60-64,Total,2019,24.3
 North region,60-64,Total,2018,25.1
 North region,60-64,Total,2017,25.5
 North region,60-64,Total,2016,26.9
 North region,60-64,Total,2015,30.4
 North region,60-64,Total,2014,20.0
 North region,60-64,Total,2013,24.6
 North region,60-64,Total,2012,31.7
 North region,60-64,Total,2011,36.0
 North region,60-64,Total,2010,26.5
 North region,60-64,Total,2009,26.0
 North region,60-64, Male,2025,35.5
 North region,60-64, Male,2024,26.5
 North region,60-64, Male,2023,39.5
 North region,60-64, Male,2022,47.7
 North region,60-64, Male,2021,18.3
 North region,60-64, Male,2020,59.3
 North region,60-64, Male,2019,26.1
 North region,60-64, Male,2018,25.4
 North region,60-64, Male,2017,31.7
 North region,60-64, Male,2016,26.1
 North region,60-64, Male,2015,32.7
 North region,60-64, Male,2014,31.1
 North region,60-64, Male,2013,36.1
 North region,60-64, Male,2012,36.6
 North region,60-64, Male,2011,42.4
 North region,60-64, Male,2010,33.5
 North region,60-64, Male,2009,32.4
 North region,60-64, Female,2025,26.6
 North region,60-64, Female,2024,16.5
 North region,60-64, Female,2023,39.7
 North region,60-64, Female,2022,24.6
 North region,60-64, Female,2021,25.7
 North region,60-64, Female,2020,19.1
 North region,60-64, Female,2019,22.4
 North region,60-64, Female,2018,24.9
 North region,60-64, Female,2017,20.6
 North region,60-64, Female,2016,27.6
 North region,60-64, Female,2015,28.7
 North region,60-64, Female,2014,11.9
 North region,60-64, Female,2013,16.2
 North region,60-64, Female,2012,26.4
 North region,60-64, Female,2011,31.2
 North region,60-64, Female,2010,17.4
 North region,60-64, Female,2009,20.2
 North region,65-69,Total,2025,8.9
 North region,65-69,Total,2024,11.2
 North region,65-69,Total,2023,23.8
 North region,65-69,Total,2022,19.0
 North region,65-69,Total,2021,21.7
 North region,65-69,Total,2020,14.3
 North region,65-69,Total,2019,34.7
 North region,65-69,Total,2018,19.3
 North region,65-69,Total,2017,26.9
 North region,65-69,Total,2016,16.2
 North region,65-69,Total,2015,13.3
 North region,65-69,Total,2014,27.2
 North region,65-69,Total,2013,22.1
 North region,65-69,Total,2012,25.3
 North region,65-69,Total,2011,21.5
 North region,65-69,Total,2010,27.3
 North region,65-69,Total,2009,20.7
 North region,65-69, Male,2025,5.4
 North region,65-69, Male,2024,14.0
 North region,65-69, Male,2023,21.2
 North region,65-69, Male,2022,28.5
 North region,65-69, Male,2021,33.7
 North region,65-69, Male,2020,17.8
 North region,65-69, Male,2019,41.6
 North region,65-69, Male,2018,22.3
 North region,65-69, Male,2017,25.9
 North region,65-69, Male,2016,23.4
 North region,65-69, Male,2015,29.5
 North region,65-69, Male,2014,29.5
 North region,65-69, Male,2013,29.4
 North region,65-69, Male,2012,36.4
 North region,65-69, Male,2011,25.0
 North region,65-69, Male,2010,30.5
 North region,65-69, Male,2009,7.0
 North region,65-69, Female,2025,11.1
 North region,65-69, Female,2024,8.4
 North region,65-69, Female,2023,26.6
 North region,65-69, Female,2022,8.3
 North region,65-69, Female,2021,15.2
 North region,65-69, Female,2020,11.3
 North region,65-69, Female,2019,25.4
 North region,65-69, Female,2018,17.0
 North region,65-69, Female,2017,27.6
 North region,65-69, Female,2016,11.5
 North region,65-69, Female,2015,4.2
 North region,65-69, Female,2014,25.5
 North region,65-69, Female,2013,14.8
 North region,65-69, Female,2012,19.0
 North region,65-69, Female,2011,17.5
 North region,65-69, Female,2010,24.9
 North region,65-69, Female,2009,33.9
 North region,70+,Total,2025,5.2
 North region,70+,Total,2024,10.5
 North region,70+,Total,2023,7.9
 North region,70+,Total,2022,4.9
 North region,70+,Total,2021,2.3
 North region,70+,Total,2020,7.6
 North region,70+,Total,2019,14.1
 North region,70+,Total,2018,9.3
 North region,70+,Total,2017,15.2
 North region,70+,Total,2016,4.8
 North region,70+,Total,2015,3.9
 North region,70+,Total,2014,3.8
 North region,70+,Total,2013,9.7
 North region,70+,Total,2012,15.6
 North region,70+,Total,2011,10.2
 North region,70+,Total,2010,9.1
 North region,70+,Total,2009,0.0
 North region,70+, Male,2025,0.0
 North region,70+, Male,2024,14.4
 North region,70+, Male,2023,11.8
 North region,70+, Male,2022,9.2
 North region,70+, Male,2021,4.7
 North region,70+, Male,2020,7.9
 North region,70+, Male,2019,15.2
 North region,70+, Male,2018,16.3
 North region,70+, Male,2017,26.5
 North region,70+, Male,2016,12.8
 North region,70+, Male,2015,3.6
 North region,70+, Male,2014,8.0
 North region,70+, Male,2013,10.6
 North region,70+, Male,2012,19.0
 North region,70+, Male,2011,16.2
 North region,70+, Male,2010,11.9
 North region,70+, Male,2009,0.0
 North region,70+, Female,2025,7.9
 North region,70+, Female,2024,7.7
 North region,70+, Female,2023,5.9
 North region,70+, Female,2022,2.1
 North region,70+, Female,2021,0.4
 North region,70+, Female,2020,7.4
 North region,70+, Female,2019,13.5
 North region,70+, Female,2018,3.2
 North region,70+, Female,2017,8.0
 North region,70+, Female,2016,0.0
 North region,70+, Female,2015,4.0
 North region,70+, Female,2014,1.0
 North region,70+, Female,2013,9.2
 North region,70+, Female,2012,13.4
 North region,70+, Female,2011,6.8
 North region,70+, Female,2010,6.8
 North region,70+, Female,2009,0.0
 Bulgan,Total,Total,2025,61.9
 Bulgan,Total,Total,2024,62.8
 Bulgan,Total,Total,2023,65.5
 Bulgan,Total,Total,2022,69.1
 Bulgan,Total,Total,2021,62.0
 Bulgan,Total,Total,2020,67.9
 Bulgan,Total,Total,2019,75.8
 Bulgan,Total,Total,2018,74.4
 Bulgan,Total,Total,2017,75.8
 Bulgan,Total,Total,2016,72.3
 Bulgan,Total,Total,2015,76.9
 Bulgan,Total,Total,2014,72.3
 Bulgan,Total,Total,2013,76.8
 Bulgan,Total,Total,2012,69.3
 Bulgan,Total,Total,2011,73.0
 Bulgan,Total,Total,2010,66.3
 Bulgan,Total,Total,2009,59.2
 Bulgan,Total, Male,2025,69.7
 Bulgan,Total, Male,2024,68.9
 Bulgan,Total, Male,2023,71.3
 Bulgan,Total, Male,2022,73.9
 Bulgan,Total, Male,2021,70.0
 Bulgan,Total, Male,2020,66.9
 Bulgan,Total, Male,2019,76.2
 Bulgan,Total, Male,2018,79.0
 Bulgan,Total, Male,2017,81.1
 Bulgan,Total, Male,2016,76.4
 Bulgan,Total, Male,2015,82.4
 Bulgan,Total, Male,2014,76.2
 Bulgan,Total, Male,2013,79.9
 Bulgan,Total, Male,2012,74.3
 Bulgan,Total, Male,2011,80.3
 Bulgan,Total, Male,2010,70.7
 Bulgan,Total, Male,2009,63.5
 Bulgan,Total, Female,2025,53.6
 Bulgan,Total, Female,2024,57.1
 Bulgan,Total, Female,2023,60.0
 Bulgan,Total, Female,2022,64.7
 Bulgan,Total, Female,2021,54.1
 Bulgan,Total, Female,2020,68.9
 Bulgan,Total, Female,2019,75.5
 Bulgan,Total, Female,2018,70.0
 Bulgan,Total, Female,2017,70.2
 Bulgan,Total, Female,2016,68.4
 Bulgan,Total, Female,2015,71.7
 Bulgan,Total, Female,2014,68.3
 Bulgan,Total, Female,2013,73.8
 Bulgan,Total, Female,2012,64.5
 Bulgan,Total, Female,2011,65.8
 Bulgan,Total, Female,2010,61.8
 Bulgan,Total, Female,2009,55.5
 Bulgan,15-19,Total,2025,7.8
 Bulgan,15-19,Total,2024,2.8
 Bulgan,15-19,Total,2023,13.1
 Bulgan,15-19,Total,2022,2.3
 Bulgan,15-19,Total,2021,2.4
 Bulgan,15-19,Total,2020,12.9
 Bulgan,15-19,Total,2019,7.5
 Bulgan,15-19,Total,2018,7.5
 Bulgan,15-19,Total,2017,17.0
 Bulgan,15-19,Total,2016,11.6
 Bulgan,15-19,Total,2015,12.0
 Bulgan,15-19,Total,2014,12.8
 Bulgan,15-19,Total,2013,23.8
 Bulgan,15-19,Total,2012,24.3
 Bulgan,15-19,Total,2011,12.4
 Bulgan,15-19,Total,2010,6.0
 Bulgan,15-19,Total,2009,1.4
 Bulgan,15-19, Male,2025,14.2
 Bulgan,15-19, Male,2024,3.8
 Bulgan,15-19, Male,2023,22.4
 Bulgan,15-19, Male,2022,1.2
 Bulgan,15-19, Male,2021,5.4
 Bulgan,15-19, Male,2020,14.3
 Bulgan,15-19, Male,2019,5.7
 Bulgan,15-19, Male,2018,12.3
 Bulgan,15-19, Male,2017,27.4
 Bulgan,15-19, Male,2016,11.3
 Bulgan,15-19, Male,2015,16.0
 Bulgan,15-19, Male,2014,16.3
 Bulgan,15-19, Male,2013,26.5
 Bulgan,15-19, Male,2012,33.8
 Bulgan,15-19, Male,2011,7.1
 Bulgan,15-19, Male,2010,7.7
 Bulgan,15-19, Male,2009,2.9
 Bulgan,15-19, Female,2025,1.3
 Bulgan,15-19, Female,2024,1.9
 Bulgan,15-19, Female,2023,4.9
 Bulgan,15-19, Female,2022,3.4
 Bulgan,15-19, Female,2021,0.0
 Bulgan,15-19, Female,2020,11.1
 Bulgan,15-19, Female,2019,8.9
 Bulgan,15-19, Female,2018,2.8
 Bulgan,15-19, Female,2017,6.0
 Bulgan,15-19, Female,2016,12.0
 Bulgan,15-19, Female,2015,7.6
 Bulgan,15-19, Female,2014,8.7
 Bulgan,15-19, Female,2013,21.3
 Bulgan,15-19, Female,2012,16.3
 Bulgan,15-19, Female,2011,17.7
 Bulgan,15-19, Female,2010,4.1
 Bulgan,15-19, Female,2009,0.0
 Bulgan,20-24,Total,2025,66.3
 Bulgan,20-24,Total,2024,50.6
 Bulgan,20-24,Total,2023,57.1
 Bulgan,20-24,Total,2022,48.7
 Bulgan,20-24,Total,2021,37.2
 Bulgan,20-24,Total,2020,59.9
 Bulgan,20-24,Total,2019,59.3
 Bulgan,20-24,Total,2018,83.4
 Bulgan,20-24,Total,2017,80.3
 Bulgan,20-24,Total,2016,66.8
 Bulgan,20-24,Total,2015,76.9
 Bulgan,20-24,Total,2014,76.6
 Bulgan,20-24,Total,2013,69.1
 Bulgan,20-24,Total,2012,45.7
 Bulgan,20-24,Total,2011,63.9
 Bulgan,20-24,Total,2010,51.8
 Bulgan,20-24,Total,2009,36.3
 Bulgan,20-24, Male,2025,81.5
 Bulgan,20-24, Male,2024,70.8
 Bulgan,20-24, Male,2023,65.0
 Bulgan,20-24, Male,2022,81.8
 Bulgan,20-24, Male,2021,53.9
 Bulgan,20-24, Male,2020,46.9
 Bulgan,20-24, Male,2019,73.0
 Bulgan,20-24, Male,2018,91.1
 Bulgan,20-24, Male,2017,86.3
 Bulgan,20-24, Male,2016,88.3
 Bulgan,20-24, Male,2015,96.4
 Bulgan,20-24, Male,2014,80.2
 Bulgan,20-24, Male,2013,65.3
 Bulgan,20-24, Male,2012,47.1
 Bulgan,20-24, Male,2011,89.7
 Bulgan,20-24, Male,2010,58.4
 Bulgan,20-24, Male,2009,30.6
 Bulgan,20-24, Female,2025,38.2
 Bulgan,20-24, Female,2024,32.5
 Bulgan,20-24, Female,2023,37.3
 Bulgan,20-24, Female,2022,13.8
 Bulgan,20-24, Female,2021,10.8
 Bulgan,20-24, Female,2020,81.0
 Bulgan,20-24, Female,2019,50.2
 Bulgan,20-24, Female,2018,72.8
 Bulgan,20-24, Female,2017,70.7
 Bulgan,20-24, Female,2016,50.6
 Bulgan,20-24, Female,2015,51.9
 Bulgan,20-24, Female,2014,72.2
 Bulgan,20-24, Female,2013,73.4
 Bulgan,20-24, Female,2012,44.0
 Bulgan,20-24, Female,2011,42.3
 Bulgan,20-24, Female,2010,45.2
 Bulgan,20-24, Female,2009,40.0
 Bulgan,25-29,Total,2025,77.2
 Bulgan,25-29,Total,2024,82.5
 Bulgan,25-29,Total,2023,80.1
 Bulgan,25-29,Total,2022,92.0
 Bulgan,25-29,Total,2021,83.3
 Bulgan,25-29,Total,2020,88.8
 Bulgan,25-29,Total,2019,97.0
 Bulgan,25-29,Total,2018,90.6
 Bulgan,25-29,Total,2017,94.4
 Bulgan,25-29,Total,2016,87.5
 Bulgan,25-29,Total,2015,95.5
 Bulgan,25-29,Total,2014,79.4
 Bulgan,25-29,Total,2013,90.4
 Bulgan,25-29,Total,2012,76.9
 Bulgan,25-29,Total,2011,95.0
 Bulgan,25-29,Total,2010,87.1
 Bulgan,25-29,Total,2009,93.6
 Bulgan,25-29, Male,2025,87.3
 Bulgan,25-29, Male,2024,93.9
 Bulgan,25-29, Male,2023,91.7
 Bulgan,25-29, Male,2022,90.2
 Bulgan,25-29, Male,2021,92.3
 Bulgan,25-29, Male,2020,90.4
 Bulgan,25-29, Male,2019,95.0
 Bulgan,25-29, Male,2018,90.8
 Bulgan,25-29, Male,2017,94.2
 Bulgan,25-29, Male,2016,87.4
 Bulgan,25-29, Male,2015,95.6
 Bulgan,25-29, Male,2014,85.7
 Bulgan,25-29, Male,2013,93.0
 Bulgan,25-29, Male,2012,86.8
 Bulgan,25-29, Male,2011,100.0
 Bulgan,25-29, Male,2010,87.2
 Bulgan,25-29, Male,2009,100.0
 Bulgan,25-29, Female,2025,66.9
 Bulgan,25-29, Female,2024,66.3
 Bulgan,25-29, Female,2023,71.0
 Bulgan,25-29, Female,2022,93.9
 Bulgan,25-29, Female,2021,72.9
 Bulgan,25-29, Female,2020,86.8
 Bulgan,25-29, Female,2019,100.0
 Bulgan,25-29, Female,2018,90.4
 Bulgan,25-29, Female,2017,94.7
 Bulgan,25-29, Female,2016,87.5
 Bulgan,25-29, Female,2015,95.5
 Bulgan,25-29, Female,2014,71.7
 Bulgan,25-29, Female,2013,88.1
 Bulgan,25-29, Female,2012,70.2
 Bulgan,25-29, Female,2011,89.6
 Bulgan,25-29, Female,2010,87.0
 Bulgan,25-29, Female,2009,87.9
 Bulgan,30-34,Total,2025,86.3
 Bulgan,30-34,Total,2024,79.5
 Bulgan,30-34,Total,2023,88.7
 Bulgan,30-34,Total,2022,91.0
 Bulgan,30-34,Total,2021,86.0
 Bulgan,30-34,Total,2020,91.9
 Bulgan,30-34,Total,2019,98.0
 Bulgan,30-34,Total,2018,94.9
 Bulgan,30-34,Total,2017,93.7
 Bulgan,30-34,Total,2016,96.3
 Bulgan,30-34,Total,2015,94.0
 Bulgan,30-34,Total,2014,93.2
 Bulgan,30-34,Total,2013,91.1
 Bulgan,30-34,Total,2012,95.1
 Bulgan,30-34,Total,2011,93.7
 Bulgan,30-34,Total,2010,82.7
 Bulgan,30-34,Total,2009,97.2
 Bulgan,30-34, Male,2025,97.8
 Bulgan,30-34, Male,2024,84.6
 Bulgan,30-34, Male,2023,93.3
 Bulgan,30-34, Male,2022,97.7
 Bulgan,30-34, Male,2021,100.0
 Bulgan,30-34, Male,2020,98.7
 Bulgan,30-34, Male,2019,97.6
 Bulgan,30-34, Male,2018,95.2
 Bulgan,30-34, Male,2017,94.6
 Bulgan,30-34, Male,2016,96.7
 Bulgan,30-34, Male,2015,98.1
 Bulgan,30-34, Male,2014,97.6
 Bulgan,30-34, Male,2013,96.3
 Bulgan,30-34, Male,2012,100.0
 Bulgan,30-34, Male,2011,96.6
 Bulgan,30-34, Male,2010,92.4
 Bulgan,30-34, Male,2009,100.0
 Bulgan,30-34, Female,2025,72.6
 Bulgan,30-34, Female,2024,75.3
 Bulgan,30-34, Female,2023,83.3
 Bulgan,30-34, Female,2022,86.4
 Bulgan,30-34, Female,2021,74.8
 Bulgan,30-34, Female,2020,84.7
 Bulgan,30-34, Female,2019,98.3
 Bulgan,30-34, Female,2018,94.5
 Bulgan,30-34, Female,2017,92.5
 Bulgan,30-34, Female,2016,95.9
 Bulgan,30-34, Female,2015,90.5
 Bulgan,30-34, Female,2014,88.3
 Bulgan,30-34, Female,2013,86.8
 Bulgan,30-34, Female,2012,89.3
 Bulgan,30-34, Female,2011,90.6
 Bulgan,30-34, Female,2010,74.3
 Bulgan,30-34, Female,2009,94.0
 Bulgan,35-39,Total,2025,91.7
 Bulgan,35-39,Total,2024,85.9
 Bulgan,35-39,Total,2023,84.7
 Bulgan,35-39,Total,2022,96.3
 Bulgan,35-39,Total,2021,94.9
 Bulgan,35-39,Total,2020,93.6
 Bulgan,35-39,Total,2019,85.6
 Bulgan,35-39,Total,2018,96.3
 Bulgan,35-39,Total,2017,93.2
 Bulgan,35-39,Total,2016,90.0
 Bulgan,35-39,Total,2015,98.1
 Bulgan,35-39,Total,2014,92.9
 Bulgan,35-39,Total,2013,94.3
 Bulgan,35-39,Total,2012,97.0
 Bulgan,35-39,Total,2011,97.8
 Bulgan,35-39,Total,2010,86.8
 Bulgan,35-39,Total,2009,91.9
 Bulgan,35-39, Male,2025,95.3
 Bulgan,35-39, Male,2024,90.2
 Bulgan,35-39, Male,2023,94.5
 Bulgan,35-39, Male,2022,95.7
 Bulgan,35-39, Male,2021,100.0
 Bulgan,35-39, Male,2020,92.8
 Bulgan,35-39, Male,2019,77.4
 Bulgan,35-39, Male,2018,96.1
 Bulgan,35-39, Male,2017,96.4
 Bulgan,35-39, Male,2016,87.6
 Bulgan,35-39, Male,2015,96.3
 Bulgan,35-39, Male,2014,92.3
 Bulgan,35-39, Male,2013,93.3
 Bulgan,35-39, Male,2012,97.2
 Bulgan,35-39, Male,2011,97.7
 Bulgan,35-39, Male,2010,95.1
 Bulgan,35-39, Male,2009,100.0
 Bulgan,35-39, Female,2025,87.0
 Bulgan,35-39, Female,2024,82.6
 Bulgan,35-39, Female,2023,72.6
 Bulgan,35-39, Female,2022,97.2
 Bulgan,35-39, Female,2021,90.9
 Bulgan,35-39, Female,2020,94.2
 Bulgan,35-39, Female,2019,96.7
 Bulgan,35-39, Female,2018,96.5
 Bulgan,35-39, Female,2017,89.3
 Bulgan,35-39, Female,2016,92.1
 Bulgan,35-39, Female,2015,100.0
 Bulgan,35-39, Female,2014,93.5
 Bulgan,35-39, Female,2013,95.5
 Bulgan,35-39, Female,2012,96.8
 Bulgan,35-39, Female,2011,97.8
 Bulgan,35-39, Female,2010,76.7
 Bulgan,35-39, Female,2009,84.1
 Bulgan,40-44,Total,2025,88.1
 Bulgan,40-44,Total,2024,91.3
 Bulgan,40-44,Total,2023,89.1
 Bulgan,40-44,Total,2022,97.5
 Bulgan,40-44,Total,2021,96.1
 Bulgan,40-44,Total,2020,90.9
 Bulgan,40-44,Total,2019,94.0
 Bulgan,40-44,Total,2018,93.5
 Bulgan,40-44,Total,2017,96.0
 Bulgan,40-44,Total,2016,95.4
 Bulgan,40-44,Total,2015,98.3
 Bulgan,40-44,Total,2014,94.9
 Bulgan,40-44,Total,2013,94.4
 Bulgan,40-44,Total,2012,93.4
 Bulgan,40-44,Total,2011,94.8
 Bulgan,40-44,Total,2010,88.5
 Bulgan,40-44,Total,2009,93.4
 Bulgan,40-44, Male,2025,89.9
 Bulgan,40-44, Male,2024,89.1
 Bulgan,40-44, Male,2023,87.4
 Bulgan,40-44, Male,2022,94.7
 Bulgan,40-44, Male,2021,93.7
 Bulgan,40-44, Male,2020,89.0
 Bulgan,40-44, Male,2019,88.0
 Bulgan,40-44, Male,2018,96.3
 Bulgan,40-44, Male,2017,95.5
 Bulgan,40-44, Male,2016,92.0
 Bulgan,40-44, Male,2015,96.7
 Bulgan,40-44, Male,2014,98.3
 Bulgan,40-44, Male,2013,92.7
 Bulgan,40-44, Male,2012,92.1
 Bulgan,40-44, Male,2011,95.3
 Bulgan,40-44, Male,2010,96.9
 Bulgan,40-44, Male,2009,94.5
 Bulgan,40-44, Female,2025,86.4
 Bulgan,40-44, Female,2024,93.4
 Bulgan,40-44, Female,2023,90.4
 Bulgan,40-44, Female,2022,100.0
 Bulgan,40-44, Female,2021,98.6
 Bulgan,40-44, Female,2020,93.3
 Bulgan,40-44, Female,2019,98.6
 Bulgan,40-44, Female,2018,91.0
 Bulgan,40-44, Female,2017,96.5
 Bulgan,40-44, Female,2016,100.0
 Bulgan,40-44, Female,2015,100.0
 Bulgan,40-44, Female,2014,91.6
 Bulgan,40-44, Female,2013,96.3
 Bulgan,40-44, Female,2012,95.6
 Bulgan,40-44, Female,2011,94.2
 Bulgan,40-44, Female,2010,79.8
 Bulgan,40-44, Female,2009,92.5
 Bulgan,45-49,Total,2025,96.0
 Bulgan,45-49,Total,2024,91.0
 Bulgan,45-49,Total,2023,96.8
 Bulgan,45-49,Total,2022,95.8
 Bulgan,45-49,Total,2021,85.4
 Bulgan,45-49,Total,2020,89.8
 Bulgan,45-49,Total,2019,96.2
 Bulgan,45-49,Total,2018,95.2
 Bulgan,45-49,Total,2017,95.0
 Bulgan,45-49,Total,2016,90.3
 Bulgan,45-49,Total,2015,96.6
 Bulgan,45-49,Total,2014,90.3
 Bulgan,45-49,Total,2013,92.5
 Bulgan,45-49,Total,2012,91.7
 Bulgan,45-49,Total,2011,95.2
 Bulgan,45-49,Total,2010,92.6
 Bulgan,45-49,Total,2009,97.4
 Bulgan,45-49, Male,2025,96.3
 Bulgan,45-49, Male,2024,83.6
 Bulgan,45-49, Male,2023,96.6
 Bulgan,45-49, Male,2022,91.8
 Bulgan,45-49, Male,2021,92.1
 Bulgan,45-49, Male,2020,85.6
 Bulgan,45-49, Male,2019,93.5
 Bulgan,45-49, Male,2018,96.0
 Bulgan,45-49, Male,2017,97.9
 Bulgan,45-49, Male,2016,87.5
 Bulgan,45-49, Male,2015,97.5
 Bulgan,45-49, Male,2014,92.1
 Bulgan,45-49, Male,2013,93.3
 Bulgan,45-49, Male,2012,97.2
 Bulgan,45-49, Male,2011,100.0
 Bulgan,45-49, Male,2010,91.4
 Bulgan,45-49, Male,2009,100.0
 Bulgan,45-49, Female,2025,95.6
 Bulgan,45-49, Female,2024,99.0
 Bulgan,45-49, Female,2023,96.9
 Bulgan,45-49, Female,2022,98.8
 Bulgan,45-49, Female,2021,76.7
 Bulgan,45-49, Female,2020,92.5
 Bulgan,45-49, Female,2019,98.8
 Bulgan,45-49, Female,2018,94.4
 Bulgan,45-49, Female,2017,91.9
 Bulgan,45-49, Female,2016,93.8
 Bulgan,45-49, Female,2015,95.8
 Bulgan,45-49, Female,2014,88.7
 Bulgan,45-49, Female,2013,91.8
 Bulgan,45-49, Female,2012,84.8
 Bulgan,45-49, Female,2011,90.3
 Bulgan,45-49, Female,2010,93.6
 Bulgan,45-49, Female,2009,94.4
 Bulgan,50-54,Total,2025,89.1
 Bulgan,50-54,Total,2024,87.7
 Bulgan,50-54,Total,2023,79.0
 Bulgan,50-54,Total,2022,74.1
 Bulgan,50-54,Total,2021,74.6
 Bulgan,50-54,Total,2020,89.9
 Bulgan,50-54,Total,2019,88.4
 Bulgan,50-54,Total,2018,92.9
 Bulgan,50-54,Total,2017,88.5
 Bulgan,50-54,Total,2016,82.6
 Bulgan,50-54,Total,2015,81.4
 Bulgan,50-54,Total,2014,84.1
 Bulgan,50-54,Total,2013,88.3
 Bulgan,50-54,Total,2012,74.4
 Bulgan,50-54,Total,2011,83.5
 Bulgan,50-54,Total,2010,78.4
 Bulgan,50-54,Total,2009,71.0
 Bulgan,50-54, Male,2025,87.8
 Bulgan,50-54, Male,2024,84.6
 Bulgan,50-54, Male,2023,77.0
 Bulgan,50-54, Male,2022,77.5
 Bulgan,50-54, Male,2021,79.1
 Bulgan,50-54, Male,2020,91.4
 Bulgan,50-54, Male,2019,92.4
 Bulgan,50-54, Male,2018,92.9
 Bulgan,50-54, Male,2017,89.5
 Bulgan,50-54, Male,2016,91.7
 Bulgan,50-54, Male,2015,88.4
 Bulgan,50-54, Male,2014,89.5
 Bulgan,50-54, Male,2013,92.7
 Bulgan,50-54, Male,2012,79.7
 Bulgan,50-54, Male,2011,96.1
 Bulgan,50-54, Male,2010,86.8
 Bulgan,50-54, Male,2009,77.3
 Bulgan,50-54, Female,2025,90.4
 Bulgan,50-54, Female,2024,91.6
 Bulgan,50-54, Female,2023,81.0
 Bulgan,50-54, Female,2022,70.1
 Bulgan,50-54, Female,2021,71.1
 Bulgan,50-54, Female,2020,88.5
 Bulgan,50-54, Female,2019,82.8
 Bulgan,50-54, Female,2018,93.0
 Bulgan,50-54, Female,2017,87.5
 Bulgan,50-54, Female,2016,77.1
 Bulgan,50-54, Female,2015,75.9
 Bulgan,50-54, Female,2014,78.2
 Bulgan,50-54, Female,2013,83.7
 Bulgan,50-54, Female,2012,71.7
 Bulgan,50-54, Female,2011,69.6
 Bulgan,50-54, Female,2010,71.0
 Bulgan,50-54, Female,2009,64.3
 Bulgan,55-59,Total,2025,62.1
 Bulgan,55-59,Total,2024,70.5
 Bulgan,55-59,Total,2023,66.2
 Bulgan,55-59,Total,2022,56.8
 Bulgan,55-59,Total,2021,29.0
 Bulgan,55-59,Total,2020,70.2
 Bulgan,55-59,Total,2019,83.4
 Bulgan,55-59,Total,2018,71.7
 Bulgan,55-59,Total,2017,71.2
 Bulgan,55-59,Total,2016,62.9
 Bulgan,55-59,Total,2015,75.6
 Bulgan,55-59,Total,2014,65.0
 Bulgan,55-59,Total,2013,69.7
 Bulgan,55-59,Total,2012,69.1
 Bulgan,55-59,Total,2011,72.6
 Bulgan,55-59,Total,2010,66.4
 Bulgan,55-59,Total,2009,38.1
 Bulgan,55-59, Male,2025,79.2
 Bulgan,55-59, Male,2024,80.7
 Bulgan,55-59, Male,2023,79.7
 Bulgan,55-59, Male,2022,72.4
 Bulgan,55-59, Male,2021,53.1
 Bulgan,55-59, Male,2020,86.6
 Bulgan,55-59, Male,2019,87.1
 Bulgan,55-59, Male,2018,94.3
 Bulgan,55-59, Male,2017,86.8
 Bulgan,55-59, Male,2016,79.1
 Bulgan,55-59, Male,2015,85.8
 Bulgan,55-59, Male,2014,77.7
 Bulgan,55-59, Male,2013,76.5
 Bulgan,55-59, Male,2012,81.8
 Bulgan,55-59, Male,2011,89.8
 Bulgan,55-59, Male,2010,72.4
 Bulgan,55-59, Male,2009,59.5
 Bulgan,55-59, Female,2025,48.3
 Bulgan,55-59, Female,2024,59.5
 Bulgan,55-59, Female,2023,55.7
 Bulgan,55-59, Female,2022,45.8
 Bulgan,55-59, Female,2021,8.5
 Bulgan,55-59, Female,2020,58.3
 Bulgan,55-59, Female,2019,78.5
 Bulgan,55-59, Female,2018,54.4
 Bulgan,55-59, Female,2017,51.0
 Bulgan,55-59, Female,2016,49.6
 Bulgan,55-59, Female,2015,65.1
 Bulgan,55-59, Female,2014,54.9
 Bulgan,55-59, Female,2013,60.1
 Bulgan,55-59, Female,2012,58.4
 Bulgan,55-59, Female,2011,59.4
 Bulgan,55-59, Female,2010,59.1
 Bulgan,55-59, Female,2009,28.1
 Bulgan,60-64,Total,2025,19.8
 Bulgan,60-64,Total,2024,35.4
 Bulgan,60-64,Total,2023,36.7
 Bulgan,60-64,Total,2022,25.8
 Bulgan,60-64,Total,2021,38.3
 Bulgan,60-64,Total,2020,32.9
 Bulgan,60-64,Total,2019,37.0
 Bulgan,60-64,Total,2018,33.8
 Bulgan,60-64,Total,2017,40.8
 Bulgan,60-64,Total,2016,46.1
 Bulgan,60-64,Total,2015,41.7
 Bulgan,60-64,Total,2014,29.7
 Bulgan,60-64,Total,2013,43.3
 Bulgan,60-64,Total,2012,55.4
 Bulgan,60-64,Total,2011,56.8
 Bulgan,60-64,Total,2010,38.8
 Bulgan,60-64,Total,2009,32.3
 Bulgan,60-64, Male,2025,21.3
 Bulgan,60-64, Male,2024,47.6
 Bulgan,60-64, Male,2023,51.9
 Bulgan,60-64, Male,2022,45.9
 Bulgan,60-64, Male,2021,40.5
 Bulgan,60-64, Male,2020,39.7
 Bulgan,60-64, Male,2019,45.3
 Bulgan,60-64, Male,2018,47.2
 Bulgan,60-64, Male,2017,40.2
 Bulgan,60-64, Male,2016,48.1
 Bulgan,60-64, Male,2015,48.2
 Bulgan,60-64, Male,2014,45.1
 Bulgan,60-64, Male,2013,66.1
 Bulgan,60-64, Male,2012,53.5
 Bulgan,60-64, Male,2011,78.8
 Bulgan,60-64, Male,2010,53.1
 Bulgan,60-64, Male,2009,38.8
 Bulgan,60-64, Female,2025,18.2
 Bulgan,60-64, Female,2024,28.4
 Bulgan,60-64, Female,2023,27.3
 Bulgan,60-64, Female,2022,14.2
 Bulgan,60-64, Female,2021,35.5
 Bulgan,60-64, Female,2020,25.5
 Bulgan,60-64, Female,2019,29.3
 Bulgan,60-64, Female,2018,23.9
 Bulgan,60-64, Female,2017,41.3
 Bulgan,60-64, Female,2016,43.9
 Bulgan,60-64, Female,2015,37.3
 Bulgan,60-64, Female,2014,11.5
 Bulgan,60-64, Female,2013,30.3
 Bulgan,60-64, Female,2012,60.3
 Bulgan,60-64, Female,2011,35.5
 Bulgan,60-64, Female,2010,22.0
 Bulgan,60-64, Female,2009,23.5
 Bulgan,65-69,Total,2025,0.0
 Bulgan,65-69,Total,2024,41.3
 Bulgan,65-69,Total,2023,18.7
 Bulgan,65-69,Total,2022,25.5
 Bulgan,65-69,Total,2021,28.0
 Bulgan,65-69,Total,2020,12.4
 Bulgan,65-69,Total,2019,20.9
 Bulgan,65-69,Total,2018,22.7
 Bulgan,65-69,Total,2017,32.6
 Bulgan,65-69,Total,2016,23.9
 Bulgan,65-69,Total,2015,19.0
 Bulgan,65-69,Total,2014,24.4
 Bulgan,65-69,Total,2013,49.2
 Bulgan,65-69,Total,2012,51.9
 Bulgan,65-69,Total,2011,37.6
 Bulgan,65-69,Total,2010,50.2
 Bulgan,65-69,Total,2009,16.2
 Bulgan,65-69, Male,2025,0.0
 Bulgan,65-69, Male,2024,47.3
 Bulgan,65-69, Male,2023,27.3
 Bulgan,65-69, Male,2022,15.9
 Bulgan,65-69, Male,2021,35.7
 Bulgan,65-69, Male,2020,6.9
 Bulgan,65-69, Male,2019,18.9
 Bulgan,65-69, Male,2018,30.4
 Bulgan,65-69, Male,2017,42.6
 Bulgan,65-69, Male,2016,39.6
 Bulgan,65-69, Male,2015,51.3
 Bulgan,65-69, Male,2014,33.8
 Bulgan,65-69, Male,2013,50.1
 Bulgan,65-69, Male,2012,58.1
 Bulgan,65-69, Male,2011,41.0
 Bulgan,65-69, Male,2010,46.0
 Bulgan,65-69, Male,2009,0.0
 Bulgan,65-69, Female,2025,0.0
 Bulgan,65-69, Female,2024,32.2
 Bulgan,65-69, Female,2023,9.4
 Bulgan,65-69, Female,2022,44.9
 Bulgan,65-69, Female,2021,23.6
 Bulgan,65-69, Female,2020,16.7
 Bulgan,65-69, Female,2019,22.5
 Bulgan,65-69, Female,2018,13.7
 Bulgan,65-69, Female,2017,23.3
 Bulgan,65-69, Female,2016,12.9
 Bulgan,65-69, Female,2015,0.0
 Bulgan,65-69, Female,2014,11.9
 Bulgan,65-69, Female,2013,48.0
 Bulgan,65-69, Female,2012,39.3
 Bulgan,65-69, Female,2011,33.8
 Bulgan,65-69, Female,2010,56.7
 Bulgan,65-69, Female,2009,44.8
 Bulgan,70+,Total,2025,1.6
 Bulgan,70+,Total,2024,13.6
 Bulgan,70+,Total,2023,0.0
 Bulgan,70+,Total,2022,8.1
 Bulgan,70+,Total,2021,2.0
 Bulgan,70+,Total,2020,8.9
 Bulgan,70+,Total,2019,13.8
 Bulgan,70+,Total,2018,0.0
 Bulgan,70+,Total,2017,15.4
 Bulgan,70+,Total,2016,7.4
 Bulgan,70+,Total,2015,5.7
 Bulgan,70+,Total,2014,10.4
 Bulgan,70+,Total,2013,9.4
 Bulgan,70+,Total,2012,4.3
 Bulgan,70+,Total,2011,11.1
 Bulgan,70+,Total,2010,13.4
 Bulgan,70+,Total,2009,0.0
 Bulgan,70+, Male,2025,0.0
 Bulgan,70+, Male,2024,44.4
 Bulgan,70+, Male,2023,0.0
 Bulgan,70+, Male,2022,13.9
 Bulgan,70+, Male,2021,2.3
 Bulgan,70+, Male,2020,14.0
 Bulgan,70+, Male,2019,12.3
 Bulgan,70+, Male,2018,0.0
 Bulgan,70+, Male,2017,20.4
 Bulgan,70+, Male,2016,19.2
 Bulgan,70+, Male,2015,16.8
 Bulgan,70+, Male,2014,13.7
 Bulgan,70+, Male,2013,18.2
 Bulgan,70+, Male,2012,0.0
 Bulgan,70+, Male,2011,22.0
 Bulgan,70+, Male,2010,24.3
 Bulgan,70+, Male,2009,0.0
 Bulgan,70+, Female,2025,2.3
 Bulgan,70+, Female,2024,2.8
 Bulgan,70+, Female,2023,0.0
 Bulgan,70+, Female,2022,6.3
 Bulgan,70+, Female,2021,1.7
 Bulgan,70+, Female,2020,0.0
 Bulgan,70+, Female,2019,15.0
 Bulgan,70+, Female,2018,0.0
 Bulgan,70+, Female,2017,12.9
 Bulgan,70+, Female,2016,0.0
 Bulgan,70+, Female,2015,0.0
 Bulgan,70+, Female,2014,6.9
 Bulgan,70+, Female,2013,3.9
 Bulgan,70+, Female,2012,6.1
 Bulgan,70+, Female,2011,4.4
 Bulgan,70+, Female,2010,6.7
 Bulgan,70+, Female,2009,0.0
 Orkhon,Total,Total,2025,51.4
 Orkhon,Total,Total,2024,46.2
 Orkhon,Total,Total,2023,52.5
 Orkhon,Total,Total,2022,62.0
 Orkhon,Total,Total,2021,62.6
 Orkhon,Total,Total,2020,62.5
 Orkhon,Total,Total,2019,58.5
 Orkhon,Total,Total,2018,64.2
 Orkhon,Total,Total,2017,64.2
 Orkhon,Total,Total,2016,64.2
 Orkhon,Total,Total,2015,64.6
 Orkhon,Total,Total,2014,65.7
 Orkhon,Total,Total,2013,64.9
 Orkhon,Total,Total,2012,65.7
 Orkhon,Total,Total,2011,59.5
 Orkhon,Total,Total,2010,56.6
 Orkhon,Total,Total,2009,64.0
 Orkhon,Total, Male,2025,60.2
 Orkhon,Total, Male,2024,59.3
 Orkhon,Total, Male,2023,64.8
 Orkhon,Total, Male,2022,70.3
 Orkhon,Total, Male,2021,73.2
 Orkhon,Total, Male,2020,71.1
 Orkhon,Total, Male,2019,64.8
 Orkhon,Total, Male,2018,71.3
 Orkhon,Total, Male,2017,71.2
 Orkhon,Total, Male,2016,70.0
 Orkhon,Total, Male,2015,70.1
 Orkhon,Total, Male,2014,72.4
 Orkhon,Total, Male,2013,70.5
 Orkhon,Total, Male,2012,73.3
 Orkhon,Total, Male,2011,63.8
 Orkhon,Total, Male,2010,62.5
 Orkhon,Total, Male,2009,68.3
 Orkhon,Total, Female,2025,43.5
 Orkhon,Total, Female,2024,33.3
 Orkhon,Total, Female,2023,41.8
 Orkhon,Total, Female,2022,54.6
 Orkhon,Total, Female,2021,52.8
 Orkhon,Total, Female,2020,54.1
 Orkhon,Total, Female,2019,53.1
 Orkhon,Total, Female,2018,57.9
 Orkhon,Total, Female,2017,57.9
 Orkhon,Total, Female,2016,58.9
 Orkhon,Total, Female,2015,60.0
 Orkhon,Total, Female,2014,59.5
 Orkhon,Total, Female,2013,59.6
 Orkhon,Total, Female,2012,59.1
 Orkhon,Total, Female,2011,55.4
 Orkhon,Total, Female,2010,51.2
 Orkhon,Total, Female,2009,60.1
 Orkhon,15-19,Total,2025,2.8
 Orkhon,15-19,Total,2024,1.9
 Orkhon,15-19,Total,2023,1.3
 Orkhon,15-19,Total,2022,3.9
 Orkhon,15-19,Total,2021,9.2
 Orkhon,15-19,Total,2020,8.4
 Orkhon,15-19,Total,2019,6.7
 Orkhon,15-19,Total,2018,1.6
 Orkhon,15-19,Total,2017,7.6
 Orkhon,15-19,Total,2016,8.5
 Orkhon,15-19,Total,2015,5.6
 Orkhon,15-19,Total,2014,10.8
 Orkhon,15-19,Total,2013,7.1
 Orkhon,15-19,Total,2012,31.0
 Orkhon,15-19,Total,2011,11.1
 Orkhon,15-19,Total,2010,8.0
 Orkhon,15-19,Total,2009,20.9
 Orkhon,15-19, Male,2025,0.0
 Orkhon,15-19, Male,2024,4.5
 Orkhon,15-19, Male,2023,1.8
 Orkhon,15-19, Male,2022,0.0
 Orkhon,15-19, Male,2021,11.5
 Orkhon,15-19, Male,2020,9.3
 Orkhon,15-19, Male,2019,10.7
 Orkhon,15-19, Male,2018,0.0
 Orkhon,15-19, Male,2017,11.8
 Orkhon,15-19, Male,2016,6.1
 Orkhon,15-19, Male,2015,4.7
 Orkhon,15-19, Male,2014,15.1
 Orkhon,15-19, Male,2013,9.1
 Orkhon,15-19, Male,2012,27.3
 Orkhon,15-19, Male,2011,16.2
 Orkhon,15-19, Male,2010,10.3
 Orkhon,15-19, Male,2009,30.9
 Orkhon,15-19, Female,2025,6.3
 Orkhon,15-19, Female,2024,0.0
 Orkhon,15-19, Female,2023,1.1
 Orkhon,15-19, Female,2022,9.1
 Orkhon,15-19, Female,2021,6.7
 Orkhon,15-19, Female,2020,7.0
 Orkhon,15-19, Female,2019,1.7
 Orkhon,15-19, Female,2018,4.2
 Orkhon,15-19, Female,2017,2.5
 Orkhon,15-19, Female,2016,11.1
 Orkhon,15-19, Female,2015,6.6
 Orkhon,15-19, Female,2014,5.6
 Orkhon,15-19, Female,2013,5.1
 Orkhon,15-19, Female,2012,34.2
 Orkhon,15-19, Female,2011,5.4
 Orkhon,15-19, Female,2010,5.8
 Orkhon,15-19, Female,2009,7.6
 Orkhon,20-24,Total,2025,37.1
 Orkhon,20-24,Total,2024,46.8
 Orkhon,20-24,Total,2023,49.6
 Orkhon,20-24,Total,2022,77.0
 Orkhon,20-24,Total,2021,85.1
 Orkhon,20-24,Total,2020,65.8
 Orkhon,20-24,Total,2019,69.8
 Orkhon,20-24,Total,2018,64.5
 Orkhon,20-24,Total,2017,74.5
 Orkhon,20-24,Total,2016,70.8
 Orkhon,20-24,Total,2015,51.4
 Orkhon,20-24,Total,2014,53.2
 Orkhon,20-24,Total,2013,72.6
 Orkhon,20-24,Total,2012,74.1
 Orkhon,20-24,Total,2011,45.1
 Orkhon,20-24,Total,2010,47.8
 Orkhon,20-24,Total,2009,47.5
 Orkhon,20-24, Male,2025,43.9
 Orkhon,20-24, Male,2024,70.5
 Orkhon,20-24, Male,2023,76.0
 Orkhon,20-24, Male,2022,81.3
 Orkhon,20-24, Male,2021,96.3
 Orkhon,20-24, Male,2020,77.2
 Orkhon,20-24, Male,2019,76.9
 Orkhon,20-24, Male,2018,77.6
 Orkhon,20-24, Male,2017,85.6
 Orkhon,20-24, Male,2016,72.9
 Orkhon,20-24, Male,2015,60.1
 Orkhon,20-24, Male,2014,50.2
 Orkhon,20-24, Male,2013,78.0
 Orkhon,20-24, Male,2012,79.4
 Orkhon,20-24, Male,2011,48.3
 Orkhon,20-24, Male,2010,51.2
 Orkhon,20-24, Male,2009,52.5
 Orkhon,20-24, Female,2025,27.8
 Orkhon,20-24, Female,2024,11.3
 Orkhon,20-24, Female,2023,17.2
 Orkhon,20-24, Female,2022,72.9
 Orkhon,20-24, Female,2021,71.7
 Orkhon,20-24, Female,2020,48.1
 Orkhon,20-24, Female,2019,63.8
 Orkhon,20-24, Female,2018,51.4
 Orkhon,20-24, Female,2017,62.4
 Orkhon,20-24, Female,2016,67.7
 Orkhon,20-24, Female,2015,41.4
 Orkhon,20-24, Female,2014,56.2
 Orkhon,20-24, Female,2013,66.9
 Orkhon,20-24, Female,2012,67.0
 Orkhon,20-24, Female,2011,41.8
 Orkhon,20-24, Female,2010,44.2
 Orkhon,20-24, Female,2009,43.7
 Orkhon,25-29,Total,2025,79.0
 Orkhon,25-29,Total,2024,66.5
 Orkhon,25-29,Total,2023,67.5
 Orkhon,25-29,Total,2022,73.3
 Orkhon,25-29,Total,2021,84.6
 Orkhon,25-29,Total,2020,73.3
 Orkhon,25-29,Total,2019,73.6
 Orkhon,25-29,Total,2018,81.2
 Orkhon,25-29,Total,2017,83.0
 Orkhon,25-29,Total,2016,77.9
 Orkhon,25-29,Total,2015,83.7
 Orkhon,25-29,Total,2014,85.5
 Orkhon,25-29,Total,2013,88.1
 Orkhon,25-29,Total,2012,73.1
 Orkhon,25-29,Total,2011,76.4
 Orkhon,25-29,Total,2010,74.2
 Orkhon,25-29,Total,2009,75.1
 Orkhon,25-29, Male,2025,96.3
 Orkhon,25-29, Male,2024,96.0
 Orkhon,25-29, Male,2023,80.3
 Orkhon,25-29, Male,2022,91.4
 Orkhon,25-29, Male,2021,98.5
 Orkhon,25-29, Male,2020,93.6
 Orkhon,25-29, Male,2019,88.3
 Orkhon,25-29, Male,2018,88.6
 Orkhon,25-29, Male,2017,88.6
 Orkhon,25-29, Male,2016,94.4
 Orkhon,25-29, Male,2015,88.9
 Orkhon,25-29, Male,2014,96.6
 Orkhon,25-29, Male,2013,93.2
 Orkhon,25-29, Male,2012,87.0
 Orkhon,25-29, Male,2011,83.9
 Orkhon,25-29, Male,2010,90.7
 Orkhon,25-29, Male,2009,80.0
 Orkhon,25-29, Female,2025,67.6
 Orkhon,25-29, Female,2024,31.9
 Orkhon,25-29, Female,2023,57.1
 Orkhon,25-29, Female,2022,62.9
 Orkhon,25-29, Female,2021,67.5
 Orkhon,25-29, Female,2020,57.7
 Orkhon,25-29, Female,2019,56.0
 Orkhon,25-29, Female,2018,75.5
 Orkhon,25-29, Female,2017,79.0
 Orkhon,25-29, Female,2016,64.1
 Orkhon,25-29, Female,2015,79.0
 Orkhon,25-29, Female,2014,74.0
 Orkhon,25-29, Female,2013,83.2
 Orkhon,25-29, Female,2012,61.7
 Orkhon,25-29, Female,2011,67.8
 Orkhon,25-29, Female,2010,58.0
 Orkhon,25-29, Female,2009,70.7
 Orkhon,30-34,Total,2025,79.8
 Orkhon,30-34,Total,2024,70.1
 Orkhon,30-34,Total,2023,75.6
 Orkhon,30-34,Total,2022,76.2
 Orkhon,30-34,Total,2021,77.9
 Orkhon,30-34,Total,2020,77.7
 Orkhon,30-34,Total,2019,77.6
 Orkhon,30-34,Total,2018,81.5
 Orkhon,30-34,Total,2017,85.8
 Orkhon,30-34,Total,2016,87.2
 Orkhon,30-34,Total,2015,82.1
 Orkhon,30-34,Total,2014,78.5
 Orkhon,30-34,Total,2013,82.7
 Orkhon,30-34,Total,2012,78.1
 Orkhon,30-34,Total,2011,81.5
 Orkhon,30-34,Total,2010,73.8
 Orkhon,30-34,Total,2009,93.4
 Orkhon,30-34, Male,2025,93.0
 Orkhon,30-34, Male,2024,76.4
 Orkhon,30-34, Male,2023,90.8
 Orkhon,30-34, Male,2022,99.2
 Orkhon,30-34, Male,2021,89.8
 Orkhon,30-34, Male,2020,93.6
 Orkhon,30-34, Male,2019,89.9
 Orkhon,30-34, Male,2018,90.6
 Orkhon,30-34, Male,2017,98.6
 Orkhon,30-34, Male,2016,96.9
 Orkhon,30-34, Male,2015,94.3
 Orkhon,30-34, Male,2014,97.7
 Orkhon,30-34, Male,2013,91.6
 Orkhon,30-34, Male,2012,90.8
 Orkhon,30-34, Male,2011,87.7
 Orkhon,30-34, Male,2010,89.7
 Orkhon,30-34, Male,2009,96.2
 Orkhon,30-34, Female,2025,71.8
 Orkhon,30-34, Female,2024,63.4
 Orkhon,30-34, Female,2023,57.2
 Orkhon,30-34, Female,2022,55.9
 Orkhon,30-34, Female,2021,70.3
 Orkhon,30-34, Female,2020,58.7
 Orkhon,30-34, Female,2019,69.3
 Orkhon,30-34, Female,2018,71.4
 Orkhon,30-34, Female,2017,71.4
 Orkhon,30-34, Female,2016,77.2
 Orkhon,30-34, Female,2015,71.2
 Orkhon,30-34, Female,2014,65.3
 Orkhon,30-34, Female,2013,74.2
 Orkhon,30-34, Female,2012,67.3
 Orkhon,30-34, Female,2011,76.3
 Orkhon,30-34, Female,2010,63.0
 Orkhon,30-34, Female,2009,91.1
 Orkhon,35-39,Total,2025,76.6
 Orkhon,35-39,Total,2024,71.5
 Orkhon,35-39,Total,2023,76.6
 Orkhon,35-39,Total,2022,84.3
 Orkhon,35-39,Total,2021,83.0
 Orkhon,35-39,Total,2020,81.1
 Orkhon,35-39,Total,2019,72.9
 Orkhon,35-39,Total,2018,83.3
 Orkhon,35-39,Total,2017,87.1
 Orkhon,35-39,Total,2016,87.4
 Orkhon,35-39,Total,2015,90.3
 Orkhon,35-39,Total,2014,84.7
 Orkhon,35-39,Total,2013,87.4
 Orkhon,35-39,Total,2012,85.4
 Orkhon,35-39,Total,2011,86.5
 Orkhon,35-39,Total,2010,90.8
 Orkhon,35-39,Total,2009,94.5
 Orkhon,35-39, Male,2025,96.0
 Orkhon,35-39, Male,2024,96.2
 Orkhon,35-39, Male,2023,89.4
 Orkhon,35-39, Male,2022,89.2
 Orkhon,35-39, Male,2021,94.4
 Orkhon,35-39, Male,2020,95.7
 Orkhon,35-39, Male,2019,91.5
 Orkhon,35-39, Male,2018,93.1
 Orkhon,35-39, Male,2017,90.0
 Orkhon,35-39, Male,2016,91.1
 Orkhon,35-39, Male,2015,93.7
 Orkhon,35-39, Male,2014,96.2
 Orkhon,35-39, Male,2013,89.0
 Orkhon,35-39, Male,2012,95.0
 Orkhon,35-39, Male,2011,85.5
 Orkhon,35-39, Male,2010,94.8
 Orkhon,35-39, Male,2009,94.2
 Orkhon,35-39, Female,2025,54.9
 Orkhon,35-39, Female,2024,49.9
 Orkhon,35-39, Female,2023,65.1
 Orkhon,35-39, Female,2022,77.7
 Orkhon,35-39, Female,2021,69.2
 Orkhon,35-39, Female,2020,69.5
 Orkhon,35-39, Female,2019,60.8
 Orkhon,35-39, Female,2018,74.3
 Orkhon,35-39, Female,2017,84.1
 Orkhon,35-39, Female,2016,84.2
 Orkhon,35-39, Female,2015,87.4
 Orkhon,35-39, Female,2014,74.6
 Orkhon,35-39, Female,2013,85.8
 Orkhon,35-39, Female,2012,77.5
 Orkhon,35-39, Female,2011,87.6
 Orkhon,35-39, Female,2010,86.3
 Orkhon,35-39, Female,2009,94.7
 Orkhon,40-44,Total,2025,82.3
 Orkhon,40-44,Total,2024,74.5
 Orkhon,40-44,Total,2023,69.8
 Orkhon,40-44,Total,2022,78.9
 Orkhon,40-44,Total,2021,89.8
 Orkhon,40-44,Total,2020,83.7
 Orkhon,40-44,Total,2019,84.0
 Orkhon,40-44,Total,2018,84.1
 Orkhon,40-44,Total,2017,87.1
 Orkhon,40-44,Total,2016,88.4
 Orkhon,40-44,Total,2015,81.7
 Orkhon,40-44,Total,2014,88.3
 Orkhon,40-44,Total,2013,89.9
 Orkhon,40-44,Total,2012,84.4
 Orkhon,40-44,Total,2011,90.3
 Orkhon,40-44,Total,2010,88.2
 Orkhon,40-44,Total,2009,94.8
 Orkhon,40-44, Male,2025,90.5
 Orkhon,40-44, Male,2024,80.0
 Orkhon,40-44, Male,2023,73.9
 Orkhon,40-44, Male,2022,85.5
 Orkhon,40-44, Male,2021,98.7
 Orkhon,40-44, Male,2020,96.4
 Orkhon,40-44, Male,2019,86.0
 Orkhon,40-44, Male,2018,97.8
 Orkhon,40-44, Male,2017,87.1
 Orkhon,40-44, Male,2016,91.3
 Orkhon,40-44, Male,2015,90.1
 Orkhon,40-44, Male,2014,93.9
 Orkhon,40-44, Male,2013,91.3
 Orkhon,40-44, Male,2012,88.6
 Orkhon,40-44, Male,2011,90.5
 Orkhon,40-44, Male,2010,94.1
 Orkhon,40-44, Male,2009,95.9
 Orkhon,40-44, Female,2025,75.6
 Orkhon,40-44, Female,2024,69.3
 Orkhon,40-44, Female,2023,65.6
 Orkhon,40-44, Female,2022,73.9
 Orkhon,40-44, Female,2021,82.0
 Orkhon,40-44, Female,2020,71.7
 Orkhon,40-44, Female,2019,81.6
 Orkhon,40-44, Female,2018,73.1
 Orkhon,40-44, Female,2017,87.0
 Orkhon,40-44, Female,2016,85.9
 Orkhon,40-44, Female,2015,74.5
 Orkhon,40-44, Female,2014,83.4
 Orkhon,40-44, Female,2013,88.7
 Orkhon,40-44, Female,2012,80.4
 Orkhon,40-44, Female,2011,90.2
 Orkhon,40-44, Female,2010,82.7
 Orkhon,40-44, Female,2009,94.0
 Orkhon,45-49,Total,2025,85.1
 Orkhon,45-49,Total,2024,65.1
 Orkhon,45-49,Total,2023,79.6
 Orkhon,45-49,Total,2022,88.4
 Orkhon,45-49,Total,2021,89.8
 Orkhon,45-49,Total,2020,88.8
 Orkhon,45-49,Total,2019,77.3
 Orkhon,45-49,Total,2018,89.0
 Orkhon,45-49,Total,2017,79.6
 Orkhon,45-49,Total,2016,84.5
 Orkhon,45-49,Total,2015,92.2
 Orkhon,45-49,Total,2014,86.4
 Orkhon,45-49,Total,2013,87.6
 Orkhon,45-49,Total,2012,77.5
 Orkhon,45-49,Total,2011,75.2
 Orkhon,45-49,Total,2010,80.2
 Orkhon,45-49,Total,2009,88.6
 Orkhon,45-49, Male,2025,93.5
 Orkhon,45-49, Male,2024,58.3
 Orkhon,45-49, Male,2023,81.3
 Orkhon,45-49, Male,2022,92.7
 Orkhon,45-49, Male,2021,94.5
 Orkhon,45-49, Male,2020,89.1
 Orkhon,45-49, Male,2019,74.7
 Orkhon,45-49, Male,2018,90.0
 Orkhon,45-49, Male,2017,82.7
 Orkhon,45-49, Male,2016,86.5
 Orkhon,45-49, Male,2015,91.0
 Orkhon,45-49, Male,2014,87.0
 Orkhon,45-49, Male,2013,94.4
 Orkhon,45-49, Male,2012,81.8
 Orkhon,45-49, Male,2011,76.4
 Orkhon,45-49, Male,2010,85.9
 Orkhon,45-49, Male,2009,93.1
 Orkhon,45-49, Female,2025,74.6
 Orkhon,45-49, Female,2024,73.2
 Orkhon,45-49, Female,2023,78.4
 Orkhon,45-49, Female,2022,84.2
 Orkhon,45-49, Female,2021,84.6
 Orkhon,45-49, Female,2020,88.6
 Orkhon,45-49, Female,2019,79.7
 Orkhon,45-49, Female,2018,88.5
 Orkhon,45-49, Female,2017,76.9
 Orkhon,45-49, Female,2016,82.5
 Orkhon,45-49, Female,2015,93.3
 Orkhon,45-49, Female,2014,85.9
 Orkhon,45-49, Female,2013,81.4
 Orkhon,45-49, Female,2012,74.0
 Orkhon,45-49, Female,2011,74.2
 Orkhon,45-49, Female,2010,75.8
 Orkhon,45-49, Female,2009,84.7
 Orkhon,50-54,Total,2025,67.7
 Orkhon,50-54,Total,2024,56.6
 Orkhon,50-54,Total,2023,67.2
 Orkhon,50-54,Total,2022,82.2
 Orkhon,50-54,Total,2021,73.1
 Orkhon,50-54,Total,2020,73.7
 Orkhon,50-54,Total,2019,66.5
 Orkhon,50-54,Total,2018,72.2
 Orkhon,50-54,Total,2017,71.5
 Orkhon,50-54,Total,2016,69.7
 Orkhon,50-54,Total,2015,69.8
 Orkhon,50-54,Total,2014,73.0
 Orkhon,50-54,Total,2013,63.8
 Orkhon,50-54,Total,2012,64.7
 Orkhon,50-54,Total,2011,64.3
 Orkhon,50-54,Total,2010,63.9
 Orkhon,50-54,Total,2009,63.3
 Orkhon,50-54, Male,2025,74.8
 Orkhon,50-54, Male,2024,69.9
 Orkhon,50-54, Male,2023,71.9
 Orkhon,50-54, Male,2022,81.4
 Orkhon,50-54, Male,2021,84.7
 Orkhon,50-54, Male,2020,69.5
 Orkhon,50-54, Male,2019,68.8
 Orkhon,50-54, Male,2018,81.4
 Orkhon,50-54, Male,2017,78.6
 Orkhon,50-54, Male,2016,79.0
 Orkhon,50-54, Male,2015,78.7
 Orkhon,50-54, Male,2014,83.3
 Orkhon,50-54, Male,2013,72.2
 Orkhon,50-54, Male,2012,73.0
 Orkhon,50-54, Male,2011,76.1
 Orkhon,50-54, Male,2010,61.7
 Orkhon,50-54, Male,2009,76.7
 Orkhon,50-54, Female,2025,62.0
 Orkhon,50-54, Female,2024,41.9
 Orkhon,50-54, Female,2023,62.6
 Orkhon,50-54, Female,2022,82.9
 Orkhon,50-54, Female,2021,63.1
 Orkhon,50-54, Female,2020,79.3
 Orkhon,50-54, Female,2019,64.6
 Orkhon,50-54, Female,2018,64.6
 Orkhon,50-54, Female,2017,66.2
 Orkhon,50-54, Female,2016,63.7
 Orkhon,50-54, Female,2015,63.8
 Orkhon,50-54, Female,2014,63.7
 Orkhon,50-54, Female,2013,57.0
 Orkhon,50-54, Female,2012,58.4
 Orkhon,50-54, Female,2011,50.9
 Orkhon,50-54, Female,2010,65.9
 Orkhon,50-54, Female,2009,49.3
 Orkhon,55-59,Total,2025,21.3
 Orkhon,55-59,Total,2024,11.2
 Orkhon,55-59,Total,2023,27.1
 Orkhon,55-59,Total,2022,33.4
 Orkhon,55-59,Total,2021,32.8
 Orkhon,55-59,Total,2020,57.6
 Orkhon,55-59,Total,2019,37.7
 Orkhon,55-59,Total,2018,42.0
 Orkhon,55-59,Total,2017,37.6
 Orkhon,55-59,Total,2016,28.6
 Orkhon,55-59,Total,2015,56.5
 Orkhon,55-59,Total,2014,61.8
 Orkhon,55-59,Total,2013,43.0
 Orkhon,55-59,Total,2012,53.2
 Orkhon,55-59,Total,2011,35.8
 Orkhon,55-59,Total,2010,41.4
 Orkhon,55-59,Total,2009,42.4
 Orkhon,55-59, Male,2025,41.2
 Orkhon,55-59, Male,2024,19.8
 Orkhon,55-59, Male,2023,35.4
 Orkhon,55-59, Male,2022,45.5
 Orkhon,55-59, Male,2021,50.2
 Orkhon,55-59, Male,2020,73.0
 Orkhon,55-59, Male,2019,39.7
 Orkhon,55-59, Male,2018,59.8
 Orkhon,55-59, Male,2017,53.9
 Orkhon,55-59, Male,2016,41.3
 Orkhon,55-59, Male,2015,67.3
 Orkhon,55-59, Male,2014,75.1
 Orkhon,55-59, Male,2013,59.6
 Orkhon,55-59, Male,2012,66.3
 Orkhon,55-59, Male,2011,46.5
 Orkhon,55-59, Male,2010,52.6
 Orkhon,55-59, Male,2009,68.0
 Orkhon,55-59, Female,2025,8.4
 Orkhon,55-59, Female,2024,6.7
 Orkhon,55-59, Female,2023,23.4
 Orkhon,55-59, Female,2022,25.3
 Orkhon,55-59, Female,2021,11.7
 Orkhon,55-59, Female,2020,45.5
 Orkhon,55-59, Female,2019,36.5
 Orkhon,55-59, Female,2018,17.5
 Orkhon,55-59, Female,2017,20.0
 Orkhon,55-59, Female,2016,19.0
 Orkhon,55-59, Female,2015,47.7
 Orkhon,55-59, Female,2014,46.4
 Orkhon,55-59, Female,2013,27.5
 Orkhon,55-59, Female,2012,44.1
 Orkhon,55-59, Female,2011,27.1
 Orkhon,55-59, Female,2010,30.9
 Orkhon,55-59, Female,2009,22.4
 Orkhon,60-64,Total,2025,1.7
 Orkhon,60-64,Total,2024,2.7
 Orkhon,60-64,Total,2023,12.5
 Orkhon,60-64,Total,2022,9.8
 Orkhon,60-64,Total,2021,13.8
 Orkhon,60-64,Total,2020,12.2
 Orkhon,60-64,Total,2019,19.1
 Orkhon,60-64,Total,2018,11.0
 Orkhon,60-64,Total,2017,7.3
 Orkhon,60-64,Total,2016,0.0
 Orkhon,60-64,Total,2015,18.7
 Orkhon,60-64,Total,2014,17.9
 Orkhon,60-64,Total,2013,0.0
 Orkhon,60-64,Total,2012,15.1
 Orkhon,60-64,Total,2011,20.3
 Orkhon,60-64,Total,2010,12.6
 Orkhon,60-64,Total,2009,33.0
 Orkhon,60-64, Male,2025,1.9
 Orkhon,60-64, Male,2024,2.6
 Orkhon,60-64, Male,2023,20.8
 Orkhon,60-64, Male,2022,6.5
 Orkhon,60-64, Male,2021,7.3
 Orkhon,60-64, Male,2020,17.9
 Orkhon,60-64, Male,2019,18.1
 Orkhon,60-64, Male,2018,9.0
 Orkhon,60-64, Male,2017,0.0
 Orkhon,60-64, Male,2016,0.0
 Orkhon,60-64, Male,2015,14.4
 Orkhon,60-64, Male,2014,29.4
 Orkhon,60-64, Male,2013,0.0
 Orkhon,60-64, Male,2012,14.6
 Orkhon,60-64, Male,2011,14.6
 Orkhon,60-64, Male,2010,18.3
 Orkhon,60-64, Male,2009,34.7
 Orkhon,60-64, Female,2025,1.5
 Orkhon,60-64, Female,2024,2.7
 Orkhon,60-64, Female,2023,1.3
 Orkhon,60-64, Female,2022,13.9
 Orkhon,60-64, Female,2021,17.4
 Orkhon,60-64, Female,2020,5.6
 Orkhon,60-64, Female,2019,20.2
 Orkhon,60-64, Female,2018,12.4
 Orkhon,60-64, Female,2017,11.0
 Orkhon,60-64, Female,2016,0.0
 Orkhon,60-64, Female,2015,23.5
 Orkhon,60-64, Female,2014,6.0
 Orkhon,60-64, Female,2013,0.0
 Orkhon,60-64, Female,2012,15.6
 Orkhon,60-64, Female,2011,23.8
 Orkhon,60-64, Female,2010,7.6
 Orkhon,60-64, Female,2009,29.9
 Orkhon,65-69,Total,2025,3.1
 Orkhon,65-69,Total,2024,0.0
 Orkhon,65-69,Total,2023,10.4
 Orkhon,65-69,Total,2022,0.0
 Orkhon,65-69,Total,2021,9.6
 Orkhon,65-69,Total,2020,8.2
 Orkhon,65-69,Total,2019,17.2
 Orkhon,65-69,Total,2018,0.0
 Orkhon,65-69,Total,2017,15.9
 Orkhon,65-69,Total,2016,4.0
 Orkhon,65-69,Total,2015,0.0
 Orkhon,65-69,Total,2014,16.5
 Orkhon,65-69,Total,2013,3.1
 Orkhon,65-69,Total,2012,12.8
 Orkhon,65-69,Total,2011,6.9
 Orkhon,65-69,Total,2010,11.3
 Orkhon,65-69,Total,2009,29.0
 Orkhon,65-69, Male,2025,0.0
 Orkhon,65-69, Male,2024,0.0
 Orkhon,65-69, Male,2023,24.1
 Orkhon,65-69, Male,2022,0.0
 Orkhon,65-69, Male,2021,10.8
 Orkhon,65-69, Male,2020,14.9
 Orkhon,65-69, Male,2019,35.3
 Orkhon,65-69, Male,2018,0.0
 Orkhon,65-69, Male,2017,18.9
 Orkhon,65-69, Male,2016,0.0
 Orkhon,65-69, Male,2015,0.0
 Orkhon,65-69, Male,2014,32.4
 Orkhon,65-69, Male,2013,0.0
 Orkhon,65-69, Male,2012,35.0
 Orkhon,65-69, Male,2011,11.4
 Orkhon,65-69, Male,2010,8.7
 Orkhon,65-69, Male,2009,0.0
 Orkhon,65-69, Female,2025,5.0
 Orkhon,65-69, Female,2024,0.0
 Orkhon,65-69, Female,2023,1.4
 Orkhon,65-69, Female,2022,0.0
 Orkhon,65-69, Female,2021,8.7
 Orkhon,65-69, Female,2020,0.0
 Orkhon,65-69, Female,2019,0.0
 Orkhon,65-69, Female,2018,0.0
 Orkhon,65-69, Female,2017,13.6
 Orkhon,65-69, Female,2016,6.7
 Orkhon,65-69, Female,2015,0.0
 Orkhon,65-69, Female,2014,0.0
 Orkhon,65-69, Female,2013,5.2
 Orkhon,65-69, Female,2012,5.6
 Orkhon,65-69, Female,2011,0.0
 Orkhon,65-69, Female,2010,13.2
 Orkhon,65-69, Female,2009,52.8
 Orkhon,70+,Total,2025,0.0
 Orkhon,70+,Total,2024,5.5
 Orkhon,70+,Total,2023,0.0
 Orkhon,70+,Total,2022,8.5
 Orkhon,70+,Total,2021,2.6
 Orkhon,70+,Total,2020,9.4
 Orkhon,70+,Total,2019,5.3
 Orkhon,70+,Total,2018,8.3
 Orkhon,70+,Total,2017,3.2
 Orkhon,70+,Total,2016,0.0
 Orkhon,70+,Total,2015,0.0
 Orkhon,70+,Total,2014,2.5
 Orkhon,70+,Total,2013,4.5
 Orkhon,70+,Total,2012,14.2
 Orkhon,70+,Total,2011,11.6
 Orkhon,70+,Total,2010,12.4
 Orkhon,70+,Total,2009,0.0
 Orkhon,70+, Male,2025,0.0
 Orkhon,70+, Male,2024,0.0
 Orkhon,70+, Male,2023,0.0
 Orkhon,70+, Male,2022,18.3
 Orkhon,70+, Male,2021,9.9
 Orkhon,70+, Male,2020,6.5
 Orkhon,70+, Male,2019,12.3
 Orkhon,70+, Male,2018,16.2
 Orkhon,70+, Male,2017,9.0
 Orkhon,70+, Male,2016,0.0
 Orkhon,70+, Male,2015,0.0
 Orkhon,70+, Male,2014,6.0
 Orkhon,70+, Male,2013,4.3
 Orkhon,70+, Male,2012,20.1
 Orkhon,70+, Male,2011,16.1
 Orkhon,70+, Male,2010,14.9
 Orkhon,70+, Male,2009,0.0
 Orkhon,70+, Female,2025,0.0
 Orkhon,70+, Female,2024,11.3
 Orkhon,70+, Female,2023,0.0
 Orkhon,70+, Female,2022,1.6
 Orkhon,70+, Female,2021,0.0
 Orkhon,70+, Female,2020,11.0
 Orkhon,70+, Female,2019,0.0
 Orkhon,70+, Female,2018,4.3
 Orkhon,70+, Female,2017,0.0
 Orkhon,70+, Female,2016,0.0
 Orkhon,70+, Female,2015,0.0
 Orkhon,70+, Female,2014,0.0
 Orkhon,70+, Female,2013,4.8
 Orkhon,70+, Female,2012,9.8
 Orkhon,70+, Female,2011,9.8
 Orkhon,70+, Female,2010,10.1
 Orkhon,70+, Female,2009,0.0
 Khuvsgul,Total,Total,2025,64.8
 Khuvsgul,Total,Total,2024,71.1
 Khuvsgul,Total,Total,2023,74.0
 Khuvsgul,Total,Total,2022,65.8
 Khuvsgul,Total,Total,2021,69.6
 Khuvsgul,Total,Total,2020,73.8
 Khuvsgul,Total,Total,2019,70.5
 Khuvsgul,Total,Total,2018,66.2
 Khuvsgul,Total,Total,2017,68.8
 Khuvsgul,Total,Total,2016,66.3
 Khuvsgul,Total,Total,2015,64.8
 Khuvsgul,Total,Total,2014,65.4
 Khuvsgul,Total,Total,2013,75.8
 Khuvsgul,Total,Total,2012,70.8
 Khuvsgul,Total,Total,2011,64.7
 Khuvsgul,Total,Total,2010,68.4
 Khuvsgul,Total,Total,2009,69.1
 Khuvsgul,Total, Male,2025,73.6
 Khuvsgul,Total, Male,2024,76.2
 Khuvsgul,Total, Male,2023,75.4
 Khuvsgul,Total, Male,2022,75.2
 Khuvsgul,Total, Male,2021,77.7
 Khuvsgul,Total, Male,2020,79.2
 Khuvsgul,Total, Male,2019,76.8
 Khuvsgul,Total, Male,2018,73.5
 Khuvsgul,Total, Male,2017,75.3
 Khuvsgul,Total, Male,2016,72.5
 Khuvsgul,Total, Male,2015,70.7
 Khuvsgul,Total, Male,2014,70.0
 Khuvsgul,Total, Male,2013,78.9
 Khuvsgul,Total, Male,2012,74.9
 Khuvsgul,Total, Male,2011,72.5
 Khuvsgul,Total, Male,2010,73.1
 Khuvsgul,Total, Male,2009,72.7
 Khuvsgul,Total, Female,2025,56.7
 Khuvsgul,Total, Female,2024,66.3
 Khuvsgul,Total, Female,2023,72.6
 Khuvsgul,Total, Female,2022,57.7
 Khuvsgul,Total, Female,2021,61.9
 Khuvsgul,Total, Female,2020,68.9
 Khuvsgul,Total, Female,2019,64.9
 Khuvsgul,Total, Female,2018,59.1
 Khuvsgul,Total, Female,2017,62.6
 Khuvsgul,Total, Female,2016,60.7
 Khuvsgul,Total, Female,2015,59.7
 Khuvsgul,Total, Female,2014,61.1
 Khuvsgul,Total, Female,2013,72.9
 Khuvsgul,Total, Female,2012,66.7
 Khuvsgul,Total, Female,2011,58.1
 Khuvsgul,Total, Female,2010,63.9
 Khuvsgul,Total, Female,2009,65.8
 Khuvsgul,15-19,Total,2025,3.8
 Khuvsgul,15-19,Total,2024,9.3
 Khuvsgul,15-19,Total,2023,22.3
 Khuvsgul,15-19,Total,2022,9.6
 Khuvsgul,15-19,Total,2021,17.6
 Khuvsgul,15-19,Total,2020,27.0
 Khuvsgul,15-19,Total,2019,19.2
 Khuvsgul,15-19,Total,2018,14.3
 Khuvsgul,15-19,Total,2017,17.5
 Khuvsgul,15-19,Total,2016,17.9
 Khuvsgul,15-19,Total,2015,13.2
 Khuvsgul,15-19,Total,2014,16.0
 Khuvsgul,15-19,Total,2013,32.4
 Khuvsgul,15-19,Total,2012,32.8
 Khuvsgul,15-19,Total,2011,15.7
 Khuvsgul,15-19,Total,2010,24.7
 Khuvsgul,15-19,Total,2009,35.5
 Khuvsgul,15-19, Male,2025,6.1
 Khuvsgul,15-19, Male,2024,8.5
 Khuvsgul,15-19, Male,2023,30.4
 Khuvsgul,15-19, Male,2022,13.0
 Khuvsgul,15-19, Male,2021,30.8
 Khuvsgul,15-19, Male,2020,33.0
 Khuvsgul,15-19, Male,2019,33.0
 Khuvsgul,15-19, Male,2018,13.4
 Khuvsgul,15-19, Male,2017,23.9
 Khuvsgul,15-19, Male,2016,19.2
 Khuvsgul,15-19, Male,2015,18.1
 Khuvsgul,15-19, Male,2014,18.6
 Khuvsgul,15-19, Male,2013,34.8
 Khuvsgul,15-19, Male,2012,35.8
 Khuvsgul,15-19, Male,2011,25.3
 Khuvsgul,15-19, Male,2010,29.0
 Khuvsgul,15-19, Male,2009,37.8
 Khuvsgul,15-19, Female,2025,1.3
 Khuvsgul,15-19, Female,2024,10.2
 Khuvsgul,15-19, Female,2023,13.4
 Khuvsgul,15-19, Female,2022,6.9
 Khuvsgul,15-19, Female,2021,9.4
 Khuvsgul,15-19, Female,2020,18.8
 Khuvsgul,15-19, Female,2019,0.9
 Khuvsgul,15-19, Female,2018,15.1
 Khuvsgul,15-19, Female,2017,11.6
 Khuvsgul,15-19, Female,2016,16.4
 Khuvsgul,15-19, Female,2015,9.2
 Khuvsgul,15-19, Female,2014,13.2
 Khuvsgul,15-19, Female,2013,29.4
 Khuvsgul,15-19, Female,2012,29.3
 Khuvsgul,15-19, Female,2011,9.5
 Khuvsgul,15-19, Female,2010,20.6
 Khuvsgul,15-19, Female,2009,32.4
 Khuvsgul,20-24,Total,2025,64.3
 Khuvsgul,20-24,Total,2024,62.3
 Khuvsgul,20-24,Total,2023,86.1
 Khuvsgul,20-24,Total,2022,59.4
 Khuvsgul,20-24,Total,2021,53.1
 Khuvsgul,20-24,Total,2020,78.9
 Khuvsgul,20-24,Total,2019,66.1
 Khuvsgul,20-24,Total,2018,65.2
 Khuvsgul,20-24,Total,2017,62.6
 Khuvsgul,20-24,Total,2016,64.3
 Khuvsgul,20-24,Total,2015,48.2
 Khuvsgul,20-24,Total,2014,68.6
 Khuvsgul,20-24,Total,2013,81.4
 Khuvsgul,20-24,Total,2012,66.9
 Khuvsgul,20-24,Total,2011,62.3
 Khuvsgul,20-24,Total,2010,72.4
 Khuvsgul,20-24,Total,2009,78.0
 Khuvsgul,20-24, Male,2025,80.8
 Khuvsgul,20-24, Male,2024,85.7
 Khuvsgul,20-24, Male,2023,91.3
 Khuvsgul,20-24, Male,2022,73.9
 Khuvsgul,20-24, Male,2021,56.0
 Khuvsgul,20-24, Male,2020,87.1
 Khuvsgul,20-24, Male,2019,80.3
 Khuvsgul,20-24, Male,2018,74.8
 Khuvsgul,20-24, Male,2017,71.8
 Khuvsgul,20-24, Male,2016,73.8
 Khuvsgul,20-24, Male,2015,51.5
 Khuvsgul,20-24, Male,2014,69.4
 Khuvsgul,20-24, Male,2013,83.9
 Khuvsgul,20-24, Male,2012,69.9
 Khuvsgul,20-24, Male,2011,73.8
 Khuvsgul,20-24, Male,2010,79.9
 Khuvsgul,20-24, Male,2009,81.7
 Khuvsgul,20-24, Female,2025,45.8
 Khuvsgul,20-24, Female,2024,39.6
 Khuvsgul,20-24, Female,2023,74.6
 Khuvsgul,20-24, Female,2022,47.2
 Khuvsgul,20-24, Female,2021,49.8
 Khuvsgul,20-24, Female,2020,70.8
 Khuvsgul,20-24, Female,2019,48.9
 Khuvsgul,20-24, Female,2018,53.4
 Khuvsgul,20-24, Female,2017,53.2
 Khuvsgul,20-24, Female,2016,53.8
 Khuvsgul,20-24, Female,2015,45.2
 Khuvsgul,20-24, Female,2014,67.8
 Khuvsgul,20-24, Female,2013,79.1
 Khuvsgul,20-24, Female,2012,62.8
 Khuvsgul,20-24, Female,2011,54.2
 Khuvsgul,20-24, Female,2010,63.5
 Khuvsgul,20-24, Female,2009,75.4
 Khuvsgul,25-29,Total,2025,90.5
 Khuvsgul,25-29,Total,2024,89.0
 Khuvsgul,25-29,Total,2023,82.2
 Khuvsgul,25-29,Total,2022,97.2
 Khuvsgul,25-29,Total,2021,78.8
 Khuvsgul,25-29,Total,2020,90.2
 Khuvsgul,25-29,Total,2019,87.2
 Khuvsgul,25-29,Total,2018,80.1
 Khuvsgul,25-29,Total,2017,80.4
 Khuvsgul,25-29,Total,2016,83.4
 Khuvsgul,25-29,Total,2015,79.3
 Khuvsgul,25-29,Total,2014,89.1
 Khuvsgul,25-29,Total,2013,91.1
 Khuvsgul,25-29,Total,2012,83.4
 Khuvsgul,25-29,Total,2011,77.3
 Khuvsgul,25-29,Total,2010,83.2
 Khuvsgul,25-29,Total,2009,85.5
 Khuvsgul,25-29, Male,2025,98.2
 Khuvsgul,25-29, Male,2024,90.9
 Khuvsgul,25-29, Male,2023,73.7
 Khuvsgul,25-29, Male,2022,100.0
 Khuvsgul,25-29, Male,2021,100.0
 Khuvsgul,25-29, Male,2020,83.2
 Khuvsgul,25-29, Male,2019,100.0
 Khuvsgul,25-29, Male,2018,85.4
 Khuvsgul,25-29, Male,2017,90.0
 Khuvsgul,25-29, Male,2016,91.1
 Khuvsgul,25-29, Male,2015,74.1
 Khuvsgul,25-29, Male,2014,92.2
 Khuvsgul,25-29, Male,2013,90.6
 Khuvsgul,25-29, Male,2012,89.5
 Khuvsgul,25-29, Male,2011,80.4
 Khuvsgul,25-29, Male,2010,92.4
 Khuvsgul,25-29, Male,2009,96.5
 Khuvsgul,25-29, Female,2025,82.6
 Khuvsgul,25-29, Female,2024,87.7
 Khuvsgul,25-29, Female,2023,88.7
 Khuvsgul,25-29, Female,2022,92.7
 Khuvsgul,25-29, Female,2021,63.0
 Khuvsgul,25-29, Female,2020,98.3
 Khuvsgul,25-29, Female,2019,78.2
 Khuvsgul,25-29, Female,2018,75.5
 Khuvsgul,25-29, Female,2017,70.7
 Khuvsgul,25-29, Female,2016,75.8
 Khuvsgul,25-29, Female,2015,84.2
 Khuvsgul,25-29, Female,2014,85.4
 Khuvsgul,25-29, Female,2013,91.5
 Khuvsgul,25-29, Female,2012,76.9
 Khuvsgul,25-29, Female,2011,74.0
 Khuvsgul,25-29, Female,2010,74.2
 Khuvsgul,25-29, Female,2009,74.6
 Khuvsgul,30-34,Total,2025,87.9
 Khuvsgul,30-34,Total,2024,82.6
 Khuvsgul,30-34,Total,2023,76.4
 Khuvsgul,30-34,Total,2022,94.4
 Khuvsgul,30-34,Total,2021,97.8
 Khuvsgul,30-34,Total,2020,74.9
 Khuvsgul,30-34,Total,2019,83.7
 Khuvsgul,30-34,Total,2018,82.7
 Khuvsgul,30-34,Total,2017,87.1
 Khuvsgul,30-34,Total,2016,90.1
 Khuvsgul,30-34,Total,2015,86.7
 Khuvsgul,30-34,Total,2014,83.3
 Khuvsgul,30-34,Total,2013,91.0
 Khuvsgul,30-34,Total,2012,88.1
 Khuvsgul,30-34,Total,2011,79.4
 Khuvsgul,30-34,Total,2010,84.8
 Khuvsgul,30-34,Total,2009,82.1
 Khuvsgul,30-34, Male,2025,96.8
 Khuvsgul,30-34, Male,2024,85.8
 Khuvsgul,30-34, Male,2023,77.7
 Khuvsgul,30-34, Male,2022,97.0
 Khuvsgul,30-34, Male,2021,100.0
 Khuvsgul,30-34, Male,2020,77.2
 Khuvsgul,30-34, Male,2019,92.7
 Khuvsgul,30-34, Male,2018,89.9
 Khuvsgul,30-34, Male,2017,91.1
 Khuvsgul,30-34, Male,2016,100.0
 Khuvsgul,30-34, Male,2015,89.7
 Khuvsgul,30-34, Male,2014,91.0
 Khuvsgul,30-34, Male,2013,90.4
 Khuvsgul,30-34, Male,2012,89.8
 Khuvsgul,30-34, Male,2011,86.7
 Khuvsgul,30-34, Male,2010,93.0
 Khuvsgul,30-34, Male,2009,94.0
 Khuvsgul,30-34, Female,2025,78.4
 Khuvsgul,30-34, Female,2024,79.9
 Khuvsgul,30-34, Female,2023,74.9
 Khuvsgul,30-34, Female,2022,92.1
 Khuvsgul,30-34, Female,2021,95.2
 Khuvsgul,30-34, Female,2020,73.3
 Khuvsgul,30-34, Female,2019,77.0
 Khuvsgul,30-34, Female,2018,73.3
 Khuvsgul,30-34, Female,2017,83.4
 Khuvsgul,30-34, Female,2016,80.3
 Khuvsgul,30-34, Female,2015,83.8
 Khuvsgul,30-34, Female,2014,76.1
 Khuvsgul,30-34, Female,2013,91.5
 Khuvsgul,30-34, Female,2012,86.5
 Khuvsgul,30-34, Female,2011,72.4
 Khuvsgul,30-34, Female,2010,77.9
 Khuvsgul,30-34, Female,2009,72.6
 Khuvsgul,35-39,Total,2025,86.3
 Khuvsgul,35-39,Total,2024,89.0
 Khuvsgul,35-39,Total,2023,91.0
 Khuvsgul,35-39,Total,2022,80.9
 Khuvsgul,35-39,Total,2021,100.0
 Khuvsgul,35-39,Total,2020,93.1
 Khuvsgul,35-39,Total,2019,92.0
 Khuvsgul,35-39,Total,2018,89.8
 Khuvsgul,35-39,Total,2017,90.0
 Khuvsgul,35-39,Total,2016,89.7
 Khuvsgul,35-39,Total,2015,94.0
 Khuvsgul,35-39,Total,2014,85.8
 Khuvsgul,35-39,Total,2013,93.1
 Khuvsgul,35-39,Total,2012,90.0
 Khuvsgul,35-39,Total,2011,88.0
 Khuvsgul,35-39,Total,2010,87.5
 Khuvsgul,35-39,Total,2009,82.9
 Khuvsgul,35-39, Male,2025,97.2
 Khuvsgul,35-39, Male,2024,97.3
 Khuvsgul,35-39, Male,2023,93.3
 Khuvsgul,35-39, Male,2022,92.8
 Khuvsgul,35-39, Male,2021,100.0
 Khuvsgul,35-39, Male,2020,91.6
 Khuvsgul,35-39, Male,2019,95.5
 Khuvsgul,35-39, Male,2018,91.4
 Khuvsgul,35-39, Male,2017,88.8
 Khuvsgul,35-39, Male,2016,88.5
 Khuvsgul,35-39, Male,2015,96.6
 Khuvsgul,35-39, Male,2014,85.4
 Khuvsgul,35-39, Male,2013,98.3
 Khuvsgul,35-39, Male,2012,94.9
 Khuvsgul,35-39, Male,2011,90.3
 Khuvsgul,35-39, Male,2010,88.4
 Khuvsgul,35-39, Male,2009,82.2
 Khuvsgul,35-39, Female,2025,75.7
 Khuvsgul,35-39, Female,2024,82.1
 Khuvsgul,35-39, Female,2023,88.3
 Khuvsgul,35-39, Female,2022,72.3
 Khuvsgul,35-39, Female,2021,100.0
 Khuvsgul,35-39, Female,2020,94.6
 Khuvsgul,35-39, Female,2019,89.9
 Khuvsgul,35-39, Female,2018,88.1
 Khuvsgul,35-39, Female,2017,91.1
 Khuvsgul,35-39, Female,2016,91.0
 Khuvsgul,35-39, Female,2015,91.6
 Khuvsgul,35-39, Female,2014,86.2
 Khuvsgul,35-39, Female,2013,87.9
 Khuvsgul,35-39, Female,2012,85.3
 Khuvsgul,35-39, Female,2011,85.8
 Khuvsgul,35-39, Female,2010,86.9
 Khuvsgul,35-39, Female,2009,83.6
 Khuvsgul,40-44,Total,2025,93.4
 Khuvsgul,40-44,Total,2024,93.4
 Khuvsgul,40-44,Total,2023,97.3
 Khuvsgul,40-44,Total,2022,91.4
 Khuvsgul,40-44,Total,2021,96.2
 Khuvsgul,40-44,Total,2020,94.1
 Khuvsgul,40-44,Total,2019,98.6
 Khuvsgul,40-44,Total,2018,90.9
 Khuvsgul,40-44,Total,2017,91.0
 Khuvsgul,40-44,Total,2016,93.3
 Khuvsgul,40-44,Total,2015,91.1
 Khuvsgul,40-44,Total,2014,87.1
 Khuvsgul,40-44,Total,2013,90.7
 Khuvsgul,40-44,Total,2012,92.1
 Khuvsgul,40-44,Total,2011,84.0
 Khuvsgul,40-44,Total,2010,89.8
 Khuvsgul,40-44,Total,2009,90.9
 Khuvsgul,40-44, Male,2025,100.0
 Khuvsgul,40-44, Male,2024,93.6
 Khuvsgul,40-44, Male,2023,100.0
 Khuvsgul,40-44, Male,2022,98.7
 Khuvsgul,40-44, Male,2021,98.0
 Khuvsgul,40-44, Male,2020,98.4
 Khuvsgul,40-44, Male,2019,100.0
 Khuvsgul,40-44, Male,2018,92.0
 Khuvsgul,40-44, Male,2017,95.3
 Khuvsgul,40-44, Male,2016,96.3
 Khuvsgul,40-44, Male,2015,91.2
 Khuvsgul,40-44, Male,2014,88.3
 Khuvsgul,40-44, Male,2013,90.6
 Khuvsgul,40-44, Male,2012,90.6
 Khuvsgul,40-44, Male,2011,87.8
 Khuvsgul,40-44, Male,2010,90.6
 Khuvsgul,40-44, Male,2009,92.8
 Khuvsgul,40-44, Female,2025,87.9
 Khuvsgul,40-44, Female,2024,93.2
 Khuvsgul,40-44, Female,2023,94.6
 Khuvsgul,40-44, Female,2022,82.7
 Khuvsgul,40-44, Female,2021,93.9
 Khuvsgul,40-44, Female,2020,87.1
 Khuvsgul,40-44, Female,2019,96.1
 Khuvsgul,40-44, Female,2018,89.8
 Khuvsgul,40-44, Female,2017,85.3
 Khuvsgul,40-44, Female,2016,91.0
 Khuvsgul,40-44, Female,2015,90.9
 Khuvsgul,40-44, Female,2014,85.9
 Khuvsgul,40-44, Female,2013,90.8
 Khuvsgul,40-44, Female,2012,93.7
 Khuvsgul,40-44, Female,2011,80.6
 Khuvsgul,40-44, Female,2010,89.1
 Khuvsgul,40-44, Female,2009,89.1
 Khuvsgul,45-49,Total,2025,90.7
 Khuvsgul,45-49,Total,2024,96.0
 Khuvsgul,45-49,Total,2023,99.3
 Khuvsgul,45-49,Total,2022,80.4
 Khuvsgul,45-49,Total,2021,89.8
 Khuvsgul,45-49,Total,2020,87.3
 Khuvsgul,45-49,Total,2019,89.9
 Khuvsgul,45-49,Total,2018,92.0
 Khuvsgul,45-49,Total,2017,91.9
 Khuvsgul,45-49,Total,2016,83.2
 Khuvsgul,45-49,Total,2015,87.7
 Khuvsgul,45-49,Total,2014,83.3
 Khuvsgul,45-49,Total,2013,92.2
 Khuvsgul,45-49,Total,2012,89.7
 Khuvsgul,45-49,Total,2011,88.6
 Khuvsgul,45-49,Total,2010,84.5
 Khuvsgul,45-49,Total,2009,89.4
 Khuvsgul,45-49, Male,2025,85.7
 Khuvsgul,45-49, Male,2024,95.3
 Khuvsgul,45-49, Male,2023,100.0
 Khuvsgul,45-49, Male,2022,97.5
 Khuvsgul,45-49, Male,2021,97.2
 Khuvsgul,45-49, Male,2020,100.0
 Khuvsgul,45-49, Male,2019,93.4
 Khuvsgul,45-49, Male,2018,94.2
 Khuvsgul,45-49, Male,2017,97.2
 Khuvsgul,45-49, Male,2016,84.7
 Khuvsgul,45-49, Male,2015,95.9
 Khuvsgul,45-49, Male,2014,79.6
 Khuvsgul,45-49, Male,2013,97.5
 Khuvsgul,45-49, Male,2012,88.3
 Khuvsgul,45-49, Male,2011,83.8
 Khuvsgul,45-49, Male,2010,83.5
 Khuvsgul,45-49, Male,2009,89.3
 Khuvsgul,45-49, Female,2025,94.7
 Khuvsgul,45-49, Female,2024,96.6
 Khuvsgul,45-49, Female,2023,98.9
 Khuvsgul,45-49, Female,2022,71.4
 Khuvsgul,45-49, Female,2021,84.9
 Khuvsgul,45-49, Female,2020,76.9
 Khuvsgul,45-49, Female,2019,87.2
 Khuvsgul,45-49, Female,2018,89.7
 Khuvsgul,45-49, Female,2017,88.0
 Khuvsgul,45-49, Female,2016,81.8
 Khuvsgul,45-49, Female,2015,79.1
 Khuvsgul,45-49, Female,2014,87.3
 Khuvsgul,45-49, Female,2013,87.7
 Khuvsgul,45-49, Female,2012,90.9
 Khuvsgul,45-49, Female,2011,93.0
 Khuvsgul,45-49, Female,2010,85.3
 Khuvsgul,45-49, Female,2009,89.5
 Khuvsgul,50-54,Total,2025,82.6
 Khuvsgul,50-54,Total,2024,87.5
 Khuvsgul,50-54,Total,2023,94.1
 Khuvsgul,50-54,Total,2022,87.3
 Khuvsgul,50-54,Total,2021,90.8
 Khuvsgul,50-54,Total,2020,97.5
 Khuvsgul,50-54,Total,2019,92.5
 Khuvsgul,50-54,Total,2018,72.1
 Khuvsgul,50-54,Total,2017,75.0
 Khuvsgul,50-54,Total,2016,75.8
 Khuvsgul,50-54,Total,2015,76.4
 Khuvsgul,50-54,Total,2014,69.6
 Khuvsgul,50-54,Total,2013,71.5
 Khuvsgul,50-54,Total,2012,77.6
 Khuvsgul,50-54,Total,2011,74.5
 Khuvsgul,50-54,Total,2010,71.8
 Khuvsgul,50-54,Total,2009,74.3
 Khuvsgul,50-54, Male,2025,92.8
 Khuvsgul,50-54, Male,2024,92.0
 Khuvsgul,50-54, Male,2023,98.2
 Khuvsgul,50-54, Male,2022,72.4
 Khuvsgul,50-54, Male,2021,92.6
 Khuvsgul,50-54, Male,2020,95.5
 Khuvsgul,50-54, Male,2019,94.4
 Khuvsgul,50-54, Male,2018,86.2
 Khuvsgul,50-54, Male,2017,76.3
 Khuvsgul,50-54, Male,2016,93.3
 Khuvsgul,50-54, Male,2015,81.2
 Khuvsgul,50-54, Male,2014,72.0
 Khuvsgul,50-54, Male,2013,77.5
 Khuvsgul,50-54, Male,2012,83.0
 Khuvsgul,50-54, Male,2011,84.5
 Khuvsgul,50-54, Male,2010,79.8
 Khuvsgul,50-54, Male,2009,88.0
 Khuvsgul,50-54, Female,2025,71.2
 Khuvsgul,50-54, Female,2024,82.9
 Khuvsgul,50-54, Female,2023,89.2
 Khuvsgul,50-54, Female,2022,100.0
 Khuvsgul,50-54, Female,2021,89.0
 Khuvsgul,50-54, Female,2020,99.1
 Khuvsgul,50-54, Female,2019,91.3
 Khuvsgul,50-54, Female,2018,62.3
 Khuvsgul,50-54, Female,2017,74.0
 Khuvsgul,50-54, Female,2016,63.1
 Khuvsgul,50-54, Female,2015,72.2
 Khuvsgul,50-54, Female,2014,67.4
 Khuvsgul,50-54, Female,2013,66.7
 Khuvsgul,50-54, Female,2012,72.9
 Khuvsgul,50-54, Female,2011,65.4
 Khuvsgul,50-54, Female,2010,62.8
 Khuvsgul,50-54, Female,2009,64.4
 Khuvsgul,55-59,Total,2025,62.8
 Khuvsgul,55-59,Total,2024,61.8
 Khuvsgul,55-59,Total,2023,72.3
 Khuvsgul,55-59,Total,2022,52.6
 Khuvsgul,55-59,Total,2021,60.3
 Khuvsgul,55-59,Total,2020,57.7
 Khuvsgul,55-59,Total,2019,48.8
 Khuvsgul,55-59,Total,2018,46.2
 Khuvsgul,55-59,Total,2017,60.4
 Khuvsgul,55-59,Total,2016,51.5
 Khuvsgul,55-59,Total,2015,46.5
 Khuvsgul,55-59,Total,2014,44.1
 Khuvsgul,55-59,Total,2013,73.9
 Khuvsgul,55-59,Total,2012,51.9
 Khuvsgul,55-59,Total,2011,56.2
 Khuvsgul,55-59,Total,2010,65.4
 Khuvsgul,55-59,Total,2009,48.7
 Khuvsgul,55-59, Male,2025,78.2
 Khuvsgul,55-59, Male,2024,84.0
 Khuvsgul,55-59, Male,2023,75.6
 Khuvsgul,55-59, Male,2022,72.0
 Khuvsgul,55-59, Male,2021,87.3
 Khuvsgul,55-59, Male,2020,67.2
 Khuvsgul,55-59, Male,2019,65.9
 Khuvsgul,55-59, Male,2018,69.8
 Khuvsgul,55-59, Male,2017,75.5
 Khuvsgul,55-59, Male,2016,67.0
 Khuvsgul,55-59, Male,2015,69.8
 Khuvsgul,55-59, Male,2014,66.9
 Khuvsgul,55-59, Male,2013,84.3
 Khuvsgul,55-59, Male,2012,69.0
 Khuvsgul,55-59, Male,2011,87.4
 Khuvsgul,55-59, Male,2010,77.0
 Khuvsgul,55-59, Male,2009,70.3
 Khuvsgul,55-59, Female,2025,46.8
 Khuvsgul,55-59, Female,2024,48.0
 Khuvsgul,55-59, Female,2023,68.3
 Khuvsgul,55-59, Female,2022,32.5
 Khuvsgul,55-59, Female,2021,24.1
 Khuvsgul,55-59, Female,2020,53.4
 Khuvsgul,55-59, Female,2019,32.6
 Khuvsgul,55-59, Female,2018,25.1
 Khuvsgul,55-59, Female,2017,43.8
 Khuvsgul,55-59, Female,2016,38.8
 Khuvsgul,55-59, Female,2015,30.2
 Khuvsgul,55-59, Female,2014,27.4
 Khuvsgul,55-59, Female,2013,60.4
 Khuvsgul,55-59, Female,2012,39.3
 Khuvsgul,55-59, Female,2011,38.0
 Khuvsgul,55-59, Female,2010,46.8
 Khuvsgul,55-59, Female,2009,19.0
 Khuvsgul,60-64,Total,2025,61.0
 Khuvsgul,60-64,Total,2024,34.2
 Khuvsgul,60-64,Total,2023,58.0
 Khuvsgul,60-64,Total,2022,53.9
 Khuvsgul,60-64,Total,2021,24.6
 Khuvsgul,60-64,Total,2020,53.2
 Khuvsgul,60-64,Total,2019,22.5
 Khuvsgul,60-64,Total,2018,31.9
 Khuvsgul,60-64,Total,2017,29.7
 Khuvsgul,60-64,Total,2016,34.5
 Khuvsgul,60-64,Total,2015,34.9
 Khuvsgul,60-64,Total,2014,15.0
 Khuvsgul,60-64,Total,2013,33.2
 Khuvsgul,60-64,Total,2012,26.1
 Khuvsgul,60-64,Total,2011,33.9
 Khuvsgul,60-64,Total,2010,27.2
 Khuvsgul,60-64,Total,2009,16.7
 Khuvsgul,60-64, Male,2025,73.9
 Khuvsgul,60-64, Male,2024,40.9
 Khuvsgul,60-64, Male,2023,48.9
 Khuvsgul,60-64, Male,2022,79.8
 Khuvsgul,60-64, Male,2021,16.1
 Khuvsgul,60-64, Male,2020,88.6
 Khuvsgul,60-64, Male,2019,24.0
 Khuvsgul,60-64, Male,2018,25.4
 Khuvsgul,60-64, Male,2017,41.9
 Khuvsgul,60-64, Male,2016,31.9
 Khuvsgul,60-64, Male,2015,49.1
 Khuvsgul,60-64, Male,2014,13.5
 Khuvsgul,60-64, Male,2013,45.7
 Khuvsgul,60-64, Male,2012,35.1
 Khuvsgul,60-64, Male,2011,33.1
 Khuvsgul,60-64, Male,2010,29.3
 Khuvsgul,60-64, Male,2009,20.9
 Khuvsgul,60-64, Female,2025,51.0
 Khuvsgul,60-64, Female,2024,26.5
 Khuvsgul,60-64, Female,2023,65.8
 Khuvsgul,60-64, Female,2022,35.6
 Khuvsgul,60-64, Female,2021,34.1
 Khuvsgul,60-64, Female,2020,23.2
 Khuvsgul,60-64, Female,2019,20.8
 Khuvsgul,60-64, Female,2018,34.8
 Khuvsgul,60-64, Female,2017,17.9
 Khuvsgul,60-64, Female,2016,36.5
 Khuvsgul,60-64, Female,2015,28.0
 Khuvsgul,60-64, Female,2014,15.6
 Khuvsgul,60-64, Female,2013,22.0
 Khuvsgul,60-64, Female,2012,21.0
 Khuvsgul,60-64, Female,2011,34.5
 Khuvsgul,60-64, Female,2010,23.2
 Khuvsgul,60-64, Female,2009,15.2
 Khuvsgul,65-69,Total,2025,18.8
 Khuvsgul,65-69,Total,2024,4.1
 Khuvsgul,65-69,Total,2023,41.3
 Khuvsgul,65-69,Total,2022,32.4
 Khuvsgul,65-69,Total,2021,29.7
 Khuvsgul,65-69,Total,2020,25.9
 Khuvsgul,65-69,Total,2019,53.6
 Khuvsgul,65-69,Total,2018,24.3
 Khuvsgul,65-69,Total,2017,28.5
 Khuvsgul,65-69,Total,2016,23.0
 Khuvsgul,65-69,Total,2015,20.1
 Khuvsgul,65-69,Total,2014,32.2
 Khuvsgul,65-69,Total,2013,26.5
 Khuvsgul,65-69,Total,2012,23.2
 Khuvsgul,65-69,Total,2011,17.4
 Khuvsgul,65-69,Total,2010,21.7
 Khuvsgul,65-69,Total,2009,18.7
 Khuvsgul,65-69, Male,2025,14.9
 Khuvsgul,65-69, Male,2024,2.6
 Khuvsgul,65-69, Male,2023,14.3
 Khuvsgul,65-69, Male,2022,55.6
 Khuvsgul,65-69, Male,2021,81.0
 Khuvsgul,65-69, Male,2020,50.0
 Khuvsgul,65-69, Male,2019,54.9
 Khuvsgul,65-69, Male,2018,26.0
 Khuvsgul,65-69, Male,2017,19.5
 Khuvsgul,65-69, Male,2016,36.3
 Khuvsgul,65-69, Male,2015,39.1
 Khuvsgul,65-69, Male,2014,24.7
 Khuvsgul,65-69, Male,2013,38.9
 Khuvsgul,65-69, Male,2012,22.3
 Khuvsgul,65-69, Male,2011,21.3
 Khuvsgul,65-69, Male,2010,30.6
 Khuvsgul,65-69, Male,2009,13.4
 Khuvsgul,65-69, Female,2025,20.9
 Khuvsgul,65-69, Female,2024,5.5
 Khuvsgul,65-69, Female,2023,89.8
 Khuvsgul,65-69, Female,2022,0.0
 Khuvsgul,65-69, Female,2021,14.1
 Khuvsgul,65-69, Female,2020,10.4
 Khuvsgul,65-69, Female,2019,50.6
 Khuvsgul,65-69, Female,2018,23.2
 Khuvsgul,65-69, Female,2017,33.8
 Khuvsgul,65-69, Female,2016,14.9
 Khuvsgul,65-69, Female,2015,10.5
 Khuvsgul,65-69, Female,2014,35.9
 Khuvsgul,65-69, Female,2013,11.4
 Khuvsgul,65-69, Female,2012,23.7
 Khuvsgul,65-69, Female,2011,13.6
 Khuvsgul,65-69, Female,2010,18.2
 Khuvsgul,65-69, Female,2009,23.2
 Khuvsgul,70+,Total,2025,11.7
 Khuvsgul,70+,Total,2024,17.1
 Khuvsgul,70+,Total,2023,14.2
 Khuvsgul,70+,Total,2022,0.3
 Khuvsgul,70+,Total,2021,2.4
 Khuvsgul,70+,Total,2020,3.8
 Khuvsgul,70+,Total,2019,21.1
 Khuvsgul,70+,Total,2018,13.4
 Khuvsgul,70+,Total,2017,25.0
 Khuvsgul,70+,Total,2016,5.1
 Khuvsgul,70+,Total,2015,5.4
 Khuvsgul,70+,Total,2014,2.4
 Khuvsgul,70+,Total,2013,14.9
 Khuvsgul,70+,Total,2012,21.8
 Khuvsgul,70+,Total,2011,8.7
 Khuvsgul,70+,Total,2010,4.4
 Khuvsgul,70+,Total,2009,0.0
 Khuvsgul,70+, Male,2025,0.0
 Khuvsgul,70+, Male,2024,33.9
 Khuvsgul,70+, Male,2023,22.6
 Khuvsgul,70+, Male,2022,0.0
 Khuvsgul,70+, Male,2021,4.4
 Khuvsgul,70+, Male,2020,0.0
 Khuvsgul,70+, Male,2019,20.8
 Khuvsgul,70+, Male,2018,22.3
 Khuvsgul,70+, Male,2017,41.4
 Khuvsgul,70+, Male,2016,15.9
 Khuvsgul,70+, Male,2015,0.0
 Khuvsgul,70+, Male,2014,6.7
 Khuvsgul,70+, Male,2013,15.3
 Khuvsgul,70+, Male,2012,24.9
 Khuvsgul,70+, Male,2011,13.0
 Khuvsgul,70+, Male,2010,4.8
 Khuvsgul,70+, Male,2009,0.0
 Khuvsgul,70+, Female,2025,14.6
 Khuvsgul,70+, Female,2024,7.1
 Khuvsgul,70+, Female,2023,10.3
 Khuvsgul,70+, Female,2022,0.5
 Khuvsgul,70+, Female,2021,0.0
 Khuvsgul,70+, Female,2020,6.2
 Khuvsgul,70+, Female,2019,21.2
 Khuvsgul,70+, Female,2018,3.9
 Khuvsgul,70+, Female,2017,11.4
 Khuvsgul,70+, Female,2016,0.0
 Khuvsgul,70+, Female,2015,9.3
 Khuvsgul,70+, Female,2014,0.0
 Khuvsgul,70+, Female,2013,14.7
 Khuvsgul,70+, Female,2012,19.7
 Khuvsgul,70+, Female,2011,5.8
 Khuvsgul,70+, Female,2010,4.0
 Khuvsgul,70+, Female,2009,0.0
 Central region,Total,Total,2025,53.4
 Central region,Total,Total,2024,54.6
 Central region,Total,Total,2023,52.5
 Central region,Total,Total,2022,51.1
 Central region,Total,Total,2021,54.9
 Central region,Total,Total,2020,60.0
 Central region,Total,Total,2019,62.2
 Central region,Total,Total,2018,64.3
 Central region,Total,Total,2017,65.2
 Central region,Total,Total,2016,60.8
 Central region,Total,Total,2015,60.0
 Central region,Total,Total,2014,60.0
 Central region,Total,Total,2013,64.5
 Central region,Total,Total,2012,65.5
 Central region,Total,Total,2011,71.3
 Central region,Total,Total,2010,66.4
 Central region,Total,Total,2009,66.6
 Central region,Total, Male,2025,60.6
 Central region,Total, Male,2024,60.0
 Central region,Total, Male,2023,59.7
 Central region,Total, Male,2022,56.6
 Central region,Total, Male,2021,62.3
 Central region,Total, Male,2020,65.5
 Central region,Total, Male,2019,71.0
 Central region,Total, Male,2018,72.8
 Central region,Total, Male,2017,70.4
 Central region,Total, Male,2016,64.0
 Central region,Total, Male,2015,65.5
 Central region,Total, Male,2014,65.5
 Central region,Total, Male,2013,71.5
 Central region,Total, Male,2012,72.2
 Central region,Total, Male,2011,77.0
 Central region,Total, Male,2010,72.5
 Central region,Total, Male,2009,70.3
 Central region,Total, Female,2025,46.5
 Central region,Total, Female,2024,49.3
 Central region,Total, Female,2023,45.7
 Central region,Total, Female,2022,45.8
 Central region,Total, Female,2021,48.0
 Central region,Total, Female,2020,54.7
 Central region,Total, Female,2019,54.4
 Central region,Total, Female,2018,56.8
 Central region,Total, Female,2017,60.1
 Central region,Total, Female,2016,57.6
 Central region,Total, Female,2015,54.6
 Central region,Total, Female,2014,54.7
 Central region,Total, Female,2013,58.1
 Central region,Total, Female,2012,59.2
 Central region,Total, Female,2011,65.6
 Central region,Total, Female,2010,60.5
 Central region,Total, Female,2009,63.0
 Central region,15-19,Total,2025,4.9
 Central region,15-19,Total,2024,4.1
 Central region,15-19,Total,2023,8.6
 Central region,15-19,Total,2022,5.4
 Central region,15-19,Total,2021,8.4
 Central region,15-19,Total,2020,15.1
 Central region,15-19,Total,2019,10.6
 Central region,15-19,Total,2018,11.1
 Central region,15-19,Total,2017,6.9
 Central region,15-19,Total,2016,6.4
 Central region,15-19,Total,2015,11.7
 Central region,15-19,Total,2014,12.0
 Central region,15-19,Total,2013,10.8
 Central region,15-19,Total,2012,21.7
 Central region,15-19,Total,2011,24.1
 Central region,15-19,Total,2010,17.9
 Central region,15-19,Total,2009,18.3
 Central region,15-19, Male,2025,8.9
 Central region,15-19, Male,2024,6.7
 Central region,15-19, Male,2023,17.4
 Central region,15-19, Male,2022,10.0
 Central region,15-19, Male,2021,12.2
 Central region,15-19, Male,2020,21.0
 Central region,15-19, Male,2019,14.9
 Central region,15-19, Male,2018,16.5
 Central region,15-19, Male,2017,9.9
 Central region,15-19, Male,2016,7.3
 Central region,15-19, Male,2015,13.9
 Central region,15-19, Male,2014,17.7
 Central region,15-19, Male,2013,14.3
 Central region,15-19, Male,2012,26.0
 Central region,15-19, Male,2011,28.4
 Central region,15-19, Male,2010,20.8
 Central region,15-19, Male,2009,18.7
 Central region,15-19, Female,2025,1.5
 Central region,15-19, Female,2024,1.1
 Central region,15-19, Female,2023,1.4
 Central region,15-19, Female,2022,1.2
 Central region,15-19, Female,2021,3.7
 Central region,15-19, Female,2020,8.3
 Central region,15-19, Female,2019,7.6
 Central region,15-19, Female,2018,7.0
 Central region,15-19, Female,2017,3.5
 Central region,15-19, Female,2016,5.2
 Central region,15-19, Female,2015,9.2
 Central region,15-19, Female,2014,6.4
 Central region,15-19, Female,2013,7.5
 Central region,15-19, Female,2012,17.5
 Central region,15-19, Female,2011,19.0
 Central region,15-19, Female,2010,14.2
 Central region,15-19, Female,2009,17.9
 Central region,20-24,Total,2025,47.1
 Central region,20-24,Total,2024,39.8
 Central region,20-24,Total,2023,48.2
 Central region,20-24,Total,2022,43.7
 Central region,20-24,Total,2021,36.5
 Central region,20-24,Total,2020,54.0
 Central region,20-24,Total,2019,50.3
 Central region,20-24,Total,2018,55.9
 Central region,20-24,Total,2017,48.2
 Central region,20-24,Total,2016,46.2
 Central region,20-24,Total,2015,41.7
 Central region,20-24,Total,2014,50.6
 Central region,20-24,Total,2013,53.4
 Central region,20-24,Total,2012,58.0
 Central region,20-24,Total,2011,62.8
 Central region,20-24,Total,2010,60.2
 Central region,20-24,Total,2009,67.6
 Central region,20-24, Male,2025,61.3
 Central region,20-24, Male,2024,48.3
 Central region,20-24, Male,2023,51.1
 Central region,20-24, Male,2022,49.6
 Central region,20-24, Male,2021,44.3
 Central region,20-24, Male,2020,57.8
 Central region,20-24, Male,2019,57.4
 Central region,20-24, Male,2018,65.6
 Central region,20-24, Male,2017,55.3
 Central region,20-24, Male,2016,47.4
 Central region,20-24, Male,2015,54.8
 Central region,20-24, Male,2014,56.8
 Central region,20-24, Male,2013,66.6
 Central region,20-24, Male,2012,65.6
 Central region,20-24, Male,2011,68.1
 Central region,20-24, Male,2010,70.0
 Central region,20-24, Male,2009,72.7
 Central region,20-24, Female,2025,27.3
 Central region,20-24, Female,2024,28.0
 Central region,20-24, Female,2023,41.2
 Central region,20-24, Female,2022,34.6
 Central region,20-24, Female,2021,29.2
 Central region,20-24, Female,2020,49.5
 Central region,20-24, Female,2019,41.2
 Central region,20-24, Female,2018,44.6
 Central region,20-24, Female,2017,40.2
 Central region,20-24, Female,2016,44.4
 Central region,20-24, Female,2015,28.3
 Central region,20-24, Female,2014,42.7
 Central region,20-24, Female,2013,42.2
 Central region,20-24, Female,2012,48.4
 Central region,20-24, Female,2011,55.3
 Central region,20-24, Female,2010,49.6
 Central region,20-24, Female,2009,61.3
 Central region,25-29,Total,2025,74.4
 Central region,25-29,Total,2024,80.6
 Central region,25-29,Total,2023,65.9
 Central region,25-29,Total,2022,70.9
 Central region,25-29,Total,2021,72.9
 Central region,25-29,Total,2020,81.0
 Central region,25-29,Total,2019,74.8
 Central region,25-29,Total,2018,78.3
 Central region,25-29,Total,2017,76.4
 Central region,25-29,Total,2016,73.8
 Central region,25-29,Total,2015,70.3
 Central region,25-29,Total,2014,70.9
 Central region,25-29,Total,2013,81.1
 Central region,25-29,Total,2012,78.5
 Central region,25-29,Total,2011,83.5
 Central region,25-29,Total,2010,77.3
 Central region,25-29,Total,2009,80.6
 Central region,25-29, Male,2025,90.5
 Central region,25-29, Male,2024,92.9
 Central region,25-29, Male,2023,73.2
 Central region,25-29, Male,2022,80.2
 Central region,25-29, Male,2021,82.5
 Central region,25-29, Male,2020,91.0
 Central region,25-29, Male,2019,89.7
 Central region,25-29, Male,2018,89.9
 Central region,25-29, Male,2017,86.7
 Central region,25-29, Male,2016,84.0
 Central region,25-29, Male,2015,82.2
 Central region,25-29, Male,2014,82.4
 Central region,25-29, Male,2013,90.0
 Central region,25-29, Male,2012,89.2
 Central region,25-29, Male,2011,94.6
 Central region,25-29, Male,2010,90.4
 Central region,25-29, Male,2009,93.4
 Central region,25-29, Female,2025,55.5
 Central region,25-29, Female,2024,71.1
 Central region,25-29, Female,2023,59.3
 Central region,25-29, Female,2022,60.4
 Central region,25-29, Female,2021,63.1
 Central region,25-29, Female,2020,68.3
 Central region,25-29, Female,2019,62.0
 Central region,25-29, Female,2018,65.9
 Central region,25-29, Female,2017,64.8
 Central region,25-29, Female,2016,62.7
 Central region,25-29, Female,2015,58.3
 Central region,25-29, Female,2014,58.8
 Central region,25-29, Female,2013,71.7
 Central region,25-29, Female,2012,67.8
 Central region,25-29, Female,2011,71.9
 Central region,25-29, Female,2010,65.9
 Central region,25-29, Female,2009,65.3
 Central region,30-34,Total,2025,82.5
 Central region,30-34,Total,2024,79.1
 Central region,30-34,Total,2023,70.4
 Central region,30-34,Total,2022,70.1
 Central region,30-34,Total,2021,78.3
 Central region,30-34,Total,2020,83.9
 Central region,30-34,Total,2019,79.7
 Central region,30-34,Total,2018,81.6
 Central region,30-34,Total,2017,85.0
 Central region,30-34,Total,2016,78.5
 Central region,30-34,Total,2015,80.6
 Central region,30-34,Total,2014,80.5
 Central region,30-34,Total,2013,80.4
 Central region,30-34,Total,2012,79.8
 Central region,30-34,Total,2011,87.1
 Central region,30-34,Total,2010,84.9
 Central region,30-34,Total,2009,89.3
 Central region,30-34, Male,2025,93.0
 Central region,30-34, Male,2024,92.8
 Central region,30-34, Male,2023,80.3
 Central region,30-34, Male,2022,77.7
 Central region,30-34, Male,2021,90.6
 Central region,30-34, Male,2020,87.4
 Central region,30-34, Male,2019,89.3
 Central region,30-34, Male,2018,93.0
 Central region,30-34, Male,2017,92.9
 Central region,30-34, Male,2016,86.8
 Central region,30-34, Male,2015,86.3
 Central region,30-34, Male,2014,89.4
 Central region,30-34, Male,2013,89.8
 Central region,30-34, Male,2012,88.3
 Central region,30-34, Male,2011,93.9
 Central region,30-34, Male,2010,95.8
 Central region,30-34, Male,2009,96.0
 Central region,30-34, Female,2025,69.8
 Central region,30-34, Female,2024,65.2
 Central region,30-34, Female,2023,62.2
 Central region,30-34, Female,2022,62.7
 Central region,30-34, Female,2021,66.5
 Central region,30-34, Female,2020,79.7
 Central region,30-34, Female,2019,72.7
 Central region,30-34, Female,2018,68.9
 Central region,30-34, Female,2017,78.0
 Central region,30-34, Female,2016,70.3
 Central region,30-34, Female,2015,75.4
 Central region,30-34, Female,2014,72.3
 Central region,30-34, Female,2013,70.2
 Central region,30-34, Female,2012,71.3
 Central region,30-34, Female,2011,81.4
 Central region,30-34, Female,2010,74.1
 Central region,30-34, Female,2009,83.3
 Central region,35-39,Total,2025,88.9
 Central region,35-39,Total,2024,86.9
 Central region,35-39,Total,2023,70.8
 Central region,35-39,Total,2022,67.5
 Central region,35-39,Total,2021,77.1
 Central region,35-39,Total,2020,79.5
 Central region,35-39,Total,2019,82.1
 Central region,35-39,Total,2018,84.7
 Central region,35-39,Total,2017,88.0
 Central region,35-39,Total,2016,82.9
 Central region,35-39,Total,2015,79.7
 Central region,35-39,Total,2014,84.4
 Central region,35-39,Total,2013,86.6
 Central region,35-39,Total,2012,87.0
 Central region,35-39,Total,2011,89.6
 Central region,35-39,Total,2010,88.2
 Central region,35-39,Total,2009,89.1
 Central region,35-39, Male,2025,93.2
 Central region,35-39, Male,2024,93.2
 Central region,35-39, Male,2023,80.1
 Central region,35-39, Male,2022,75.0
 Central region,35-39, Male,2021,89.2
 Central region,35-39, Male,2020,82.3
 Central region,35-39, Male,2019,87.9
 Central region,35-39, Male,2018,89.4
 Central region,35-39, Male,2017,93.5
 Central region,35-39, Male,2016,86.6
 Central region,35-39, Male,2015,86.8
 Central region,35-39, Male,2014,86.8
 Central region,35-39, Male,2013,92.2
 Central region,35-39, Male,2012,93.0
 Central region,35-39, Male,2011,96.9
 Central region,35-39, Male,2010,94.1
 Central region,35-39, Male,2009,92.2
 Central region,35-39, Female,2025,85.6
 Central region,35-39, Female,2024,80.5
 Central region,35-39, Female,2023,60.1
 Central region,35-39, Female,2022,59.9
 Central region,35-39, Female,2021,66.3
 Central region,35-39, Female,2020,77.2
 Central region,35-39, Female,2019,76.3
 Central region,35-39, Female,2018,80.9
 Central region,35-39, Female,2017,82.7
 Central region,35-39, Female,2016,79.5
 Central region,35-39, Female,2015,73.3
 Central region,35-39, Female,2014,82.3
 Central region,35-39, Female,2013,80.9
 Central region,35-39, Female,2012,81.0
 Central region,35-39, Female,2011,83.4
 Central region,35-39, Female,2010,83.0
 Central region,35-39, Female,2009,86.2
 Central region,40-44,Total,2025,86.3
 Central region,40-44,Total,2024,77.3
 Central region,40-44,Total,2023,73.0
 Central region,40-44,Total,2022,70.7
 Central region,40-44,Total,2021,78.9
 Central region,40-44,Total,2020,76.5
 Central region,40-44,Total,2019,86.6
 Central region,40-44,Total,2018,86.0
 Central region,40-44,Total,2017,87.0
 Central region,40-44,Total,2016,78.9
 Central region,40-44,Total,2015,86.6
 Central region,40-44,Total,2014,81.7
 Central region,40-44,Total,2013,86.7
 Central region,40-44,Total,2012,91.1
 Central region,40-44,Total,2011,92.3
 Central region,40-44,Total,2010,90.7
 Central region,40-44,Total,2009,92.9
 Central region,40-44, Male,2025,86.2
 Central region,40-44, Male,2024,82.2
 Central region,40-44, Male,2023,76.0
 Central region,40-44, Male,2022,76.4
 Central region,40-44, Male,2021,83.0
 Central region,40-44, Male,2020,80.3
 Central region,40-44, Male,2019,90.6
 Central region,40-44, Male,2018,90.4
 Central region,40-44, Male,2017,91.2
 Central region,40-44, Male,2016,80.8
 Central region,40-44, Male,2015,88.2
 Central region,40-44, Male,2014,83.5
 Central region,40-44, Male,2013,93.5
 Central region,40-44, Male,2012,92.1
 Central region,40-44, Male,2011,97.6
 Central region,40-44, Male,2010,95.3
 Central region,40-44, Male,2009,98.5
 Central region,40-44, Female,2025,86.4
 Central region,40-44, Female,2024,72.7
 Central region,40-44, Female,2023,70.2
 Central region,40-44, Female,2022,65.0
 Central region,40-44, Female,2021,73.4
 Central region,40-44, Female,2020,72.9
 Central region,40-44, Female,2019,83.4
 Central region,40-44, Female,2018,82.1
 Central region,40-44, Female,2017,82.4
 Central region,40-44, Female,2016,77.1
 Central region,40-44, Female,2015,85.1
 Central region,40-44, Female,2014,80.0
 Central region,40-44, Female,2013,81.4
 Central region,40-44, Female,2012,90.1
 Central region,40-44, Female,2011,87.0
 Central region,40-44, Female,2010,86.5
 Central region,40-44, Female,2009,88.8
 Central region,45-49,Total,2025,85.0
 Central region,45-49,Total,2024,81.3
 Central region,45-49,Total,2023,70.1
 Central region,45-49,Total,2022,66.6
 Central region,45-49,Total,2021,78.2
 Central region,45-49,Total,2020,88.4
 Central region,45-49,Total,2019,86.4
 Central region,45-49,Total,2018,86.4
 Central region,45-49,Total,2017,83.8
 Central region,45-49,Total,2016,82.9
 Central region,45-49,Total,2015,82.0
 Central region,45-49,Total,2014,79.7
 Central region,45-49,Total,2013,84.3
 Central region,45-49,Total,2012,81.5
 Central region,45-49,Total,2011,88.9
 Central region,45-49,Total,2010,86.8
 Central region,45-49,Total,2009,89.0
 Central region,45-49, Male,2025,86.2
 Central region,45-49, Male,2024,83.0
 Central region,45-49, Male,2023,69.9
 Central region,45-49, Male,2022,66.2
 Central region,45-49, Male,2021,78.7
 Central region,45-49, Male,2020,85.7
 Central region,45-49, Male,2019,87.6
 Central region,45-49, Male,2018,87.6
 Central region,45-49, Male,2017,87.3
 Central region,45-49, Male,2016,82.0
 Central region,45-49, Male,2015,82.2
 Central region,45-49, Male,2014,82.1
 Central region,45-49, Male,2013,90.1
 Central region,45-49, Male,2012,84.4
 Central region,45-49, Male,2011,90.3
 Central region,45-49, Male,2010,91.3
 Central region,45-49, Male,2009,88.6
 Central region,45-49, Female,2025,83.7
 Central region,45-49, Female,2024,79.4
 Central region,45-49, Female,2023,70.4
 Central region,45-49, Female,2022,67.1
 Central region,45-49, Female,2021,77.8
 Central region,45-49, Female,2020,90.9
 Central region,45-49, Female,2019,85.0
 Central region,45-49, Female,2018,85.4
 Central region,45-49, Female,2017,80.8
 Central region,45-49, Female,2016,83.8
 Central region,45-49, Female,2015,81.8
 Central region,45-49, Female,2014,77.7
 Central region,45-49, Female,2013,78.8
 Central region,45-49, Female,2012,78.9
 Central region,45-49, Female,2011,87.7
 Central region,45-49, Female,2010,82.8
 Central region,45-49, Female,2009,89.4
 Central region,50-54,Total,2025,78.5
 Central region,50-54,Total,2024,73.4
 Central region,50-54,Total,2023,57.0
 Central region,50-54,Total,2022,65.5
 Central region,50-54,Total,2021,71.5
 Central region,50-54,Total,2020,68.3
 Central region,50-54,Total,2019,73.2
 Central region,50-54,Total,2018,80.9
 Central region,50-54,Total,2017,82.3
 Central region,50-54,Total,2016,71.4
 Central region,50-54,Total,2015,75.7
 Central region,50-54,Total,2014,70.2
 Central region,50-54,Total,2013,76.9
 Central region,50-54,Total,2012,78.1
 Central region,50-54,Total,2011,84.1
 Central region,50-54,Total,2010,79.2
 Central region,50-54,Total,2009,68.2
 Central region,50-54, Male,2025,75.9
 Central region,50-54, Male,2024,69.9
 Central region,50-54, Male,2023,59.6
 Central region,50-54, Male,2022,61.5
 Central region,50-54, Male,2021,74.8
 Central region,50-54, Male,2020,70.2
 Central region,50-54, Male,2019,82.8
 Central region,50-54, Male,2018,87.5
 Central region,50-54, Male,2017,87.2
 Central region,50-54, Male,2016,74.7
 Central region,50-54, Male,2015,83.1
 Central region,50-54, Male,2014,74.3
 Central region,50-54, Male,2013,82.3
 Central region,50-54, Male,2012,80.0
 Central region,50-54, Male,2011,88.6
 Central region,50-54, Male,2010,86.2
 Central region,50-54, Male,2009,77.8
 Central region,50-54, Female,2025,80.9
 Central region,50-54, Female,2024,76.6
 Central region,50-54, Female,2023,54.4
 Central region,50-54, Female,2022,68.3
 Central region,50-54, Female,2021,69.0
 Central region,50-54, Female,2020,66.5
 Central region,50-54, Female,2019,62.5
 Central region,50-54, Female,2018,74.8
 Central region,50-54, Female,2017,77.6
 Central region,50-54, Female,2016,68.7
 Central region,50-54, Female,2015,69.3
 Central region,50-54, Female,2014,66.0
 Central region,50-54, Female,2013,72.8
 Central region,50-54, Female,2012,76.4
 Central region,50-54, Female,2011,79.9
 Central region,50-54, Female,2010,72.9
 Central region,50-54, Female,2009,59.1
 Central region,55-59,Total,2025,44.6
 Central region,55-59,Total,2024,41.2
 Central region,55-59,Total,2023,48.5
 Central region,55-59,Total,2022,44.7
 Central region,55-59,Total,2021,46.0
 Central region,55-59,Total,2020,51.3
 Central region,55-59,Total,2019,53.5
 Central region,55-59,Total,2018,55.7
 Central region,55-59,Total,2017,60.1
 Central region,55-59,Total,2016,53.4
 Central region,55-59,Total,2015,46.7
 Central region,55-59,Total,2014,48.6
 Central region,55-59,Total,2013,50.2
 Central region,55-59,Total,2012,51.1
 Central region,55-59,Total,2011,62.8
 Central region,55-59,Total,2010,53.8
 Central region,55-59,Total,2009,58.9
 Central region,55-59, Male,2025,60.7
 Central region,55-59, Male,2024,55.5
 Central region,55-59, Male,2023,62.7
 Central region,55-59, Male,2022,56.9
 Central region,55-59, Male,2021,60.7
 Central region,55-59, Male,2020,62.2
 Central region,55-59, Male,2019,71.8
 Central region,55-59, Male,2018,71.4
 Central region,55-59, Male,2017,68.2
 Central region,55-59, Male,2016,64.6
 Central region,55-59, Male,2015,64.5
 Central region,55-59, Male,2014,58.6
 Central region,55-59, Male,2013,60.1
 Central region,55-59, Male,2012,68.0
 Central region,55-59, Male,2011,86.8
 Central region,55-59, Male,2010,70.9
 Central region,55-59, Male,2009,63.5
 Central region,55-59, Female,2025,28.7
 Central region,55-59, Female,2024,29.4
 Central region,55-59, Female,2023,35.4
 Central region,55-59, Female,2022,35.4
 Central region,55-59, Female,2021,33.0
 Central region,55-59, Female,2020,42.2
 Central region,55-59, Female,2019,38.8
 Central region,55-59, Female,2018,44.8
 Central region,55-59, Female,2017,52.1
 Central region,55-59, Female,2016,42.9
 Central region,55-59, Female,2015,26.5
 Central region,55-59, Female,2014,40.1
 Central region,55-59, Female,2013,42.0
 Central region,55-59, Female,2012,38.5
 Central region,55-59, Female,2011,41.3
 Central region,55-59, Female,2010,39.5
 Central region,55-59, Female,2009,55.3
 Central region,60-64,Total,2025,12.8
 Central region,60-64,Total,2024,18.7
 Central region,60-64,Total,2023,24.3
 Central region,60-64,Total,2022,18.4
 Central region,60-64,Total,2021,21.0
 Central region,60-64,Total,2020,22.2
 Central region,60-64,Total,2019,32.8
 Central region,60-64,Total,2018,31.3
 Central region,60-64,Total,2017,45.2
 Central region,60-64,Total,2016,38.1
 Central region,60-64,Total,2015,24.5
 Central region,60-64,Total,2014,17.1
 Central region,60-64,Total,2013,38.6
 Central region,60-64,Total,2012,36.3
 Central region,60-64,Total,2011,43.6
 Central region,60-64,Total,2010,42.1
 Central region,60-64,Total,2009,48.7
 Central region,60-64, Male,2025,16.8
 Central region,60-64, Male,2024,16.5
 Central region,60-64, Male,2023,29.2
 Central region,60-64, Male,2022,19.1
 Central region,60-64, Male,2021,25.4
 Central region,60-64, Male,2020,27.3
 Central region,60-64, Male,2019,41.5
 Central region,60-64, Male,2018,42.6
 Central region,60-64, Male,2017,49.2
 Central region,60-64, Male,2016,44.1
 Central region,60-64, Male,2015,29.2
 Central region,60-64, Male,2014,26.6
 Central region,60-64, Male,2013,37.8
 Central region,60-64, Male,2012,49.6
 Central region,60-64, Male,2011,46.5
 Central region,60-64, Male,2010,48.2
 Central region,60-64, Male,2009,51.2
 Central region,60-64, Female,2025,9.9
 Central region,60-64, Female,2024,20.6
 Central region,60-64, Female,2023,21.4
 Central region,60-64, Female,2022,17.8
 Central region,60-64, Female,2021,18.1
 Central region,60-64, Female,2020,17.9
 Central region,60-64, Female,2019,26.7
 Central region,60-64, Female,2018,22.0
 Central region,60-64, Female,2017,41.7
 Central region,60-64, Female,2016,33.6
 Central region,60-64, Female,2015,19.8
 Central region,60-64, Female,2014,8.0
 Central region,60-64, Female,2013,39.4
 Central region,60-64, Female,2012,26.1
 Central region,60-64, Female,2011,40.2
 Central region,60-64, Female,2010,35.0
 Central region,60-64, Female,2009,45.2
 Central region,65-69,Total,2025,6.7
 Central region,65-69,Total,2024,14.7
 Central region,65-69,Total,2023,13.5
 Central region,65-69,Total,2022,12.3
 Central region,65-69,Total,2021,17.6
 Central region,65-69,Total,2020,18.7
 Central region,65-69,Total,2019,24.4
 Central region,65-69,Total,2018,24.6
 Central region,65-69,Total,2017,29.8
 Central region,65-69,Total,2016,23.7
 Central region,65-69,Total,2015,22.3
 Central region,65-69,Total,2014,21.5
 Central region,65-69,Total,2013,26.3
 Central region,65-69,Total,2012,35.8
 Central region,65-69,Total,2011,29.3
 Central region,65-69,Total,2010,30.4
 Central region,65-69,Total,2009,27.1
 Central region,65-69, Male,2025,9.3
 Central region,65-69, Male,2024,16.5
 Central region,65-69, Male,2023,6.5
 Central region,65-69, Male,2022,17.2
 Central region,65-69, Male,2021,19.7
 Central region,65-69, Male,2020,25.1
 Central region,65-69, Male,2019,28.5
 Central region,65-69, Male,2018,23.4
 Central region,65-69, Male,2017,30.5
 Central region,65-69, Male,2016,24.3
 Central region,65-69, Male,2015,19.8
 Central region,65-69, Male,2014,23.6
 Central region,65-69, Male,2013,26.1
 Central region,65-69, Male,2012,43.4
 Central region,65-69, Male,2011,33.2
 Central region,65-69, Male,2010,33.9
 Central region,65-69, Male,2009,34.9
 Central region,65-69, Female,2025,4.6
 Central region,65-69, Female,2024,13.5
 Central region,65-69, Female,2023,19.8
 Central region,65-69, Female,2022,7.8
 Central region,65-69, Female,2021,15.3
 Central region,65-69, Female,2020,13.9
 Central region,65-69, Female,2019,20.6
 Central region,65-69, Female,2018,25.8
 Central region,65-69, Female,2017,29.2
 Central region,65-69, Female,2016,23.1
 Central region,65-69, Female,2015,25.1
 Central region,65-69, Female,2014,19.5
 Central region,65-69, Female,2013,26.7
 Central region,65-69, Female,2012,29.8
 Central region,65-69, Female,2011,25.2
 Central region,65-69, Female,2010,26.2
 Central region,65-69, Female,2009,21.2
 Central region,70+,Total,2025,1.1
 Central region,70+,Total,2024,7.9
 Central region,70+,Total,2023,8.6
 Central region,70+,Total,2022,5.0
 Central region,70+,Total,2021,4.5
 Central region,70+,Total,2020,5.8
 Central region,70+,Total,2019,9.3
 Central region,70+,Total,2018,17.5
 Central region,70+,Total,2017,16.0
 Central region,70+,Total,2016,13.5
 Central region,70+,Total,2015,7.4
 Central region,70+,Total,2014,14.2
 Central region,70+,Total,2013,14.5
 Central region,70+,Total,2012,22.9
 Central region,70+,Total,2011,17.5
 Central region,70+,Total,2010,7.8
 Central region,70+,Total,2009,10.1
 Central region,70+, Male,2025,1.1
 Central region,70+, Male,2024,13.6
 Central region,70+, Male,2023,12.3
 Central region,70+, Male,2022,7.0
 Central region,70+, Male,2021,7.0
 Central region,70+, Male,2020,5.8
 Central region,70+, Male,2019,10.6
 Central region,70+, Male,2018,26.1
 Central region,70+, Male,2017,18.9
 Central region,70+, Male,2016,14.1
 Central region,70+, Male,2015,4.1
 Central region,70+, Male,2014,13.5
 Central region,70+, Male,2013,21.8
 Central region,70+, Male,2012,22.7
 Central region,70+, Male,2011,31.4
 Central region,70+, Male,2010,12.8
 Central region,70+, Male,2009,8.8
 Central region,70+, Female,2025,1.0
 Central region,70+, Female,2024,3.0
 Central region,70+, Female,2023,6.9
 Central region,70+, Female,2022,3.8
 Central region,70+, Female,2021,3.1
 Central region,70+, Female,2020,5.8
 Central region,70+, Female,2019,8.6
 Central region,70+, Female,2018,11.9
 Central region,70+, Female,2017,13.2
 Central region,70+, Female,2016,12.9
 Central region,70+, Female,2015,10.0
 Central region,70+, Female,2014,14.6
 Central region,70+, Female,2013,9.2
 Central region,70+, Female,2012,23.1
 Central region,70+, Female,2011,7.8
 Central region,70+, Female,2010,4.0
 Central region,70+, Female,2009,11.0
 Darkhan-Uul,Total,Total,2025,52.8
 Darkhan-Uul,Total,Total,2024,55.8
 Darkhan-Uul,Total,Total,2023,53.3
 Darkhan-Uul,Total,Total,2022,53.6
 Darkhan-Uul,Total,Total,2021,54.8
 Darkhan-Uul,Total,Total,2020,58.7
 Darkhan-Uul,Total,Total,2019,60.1
 Darkhan-Uul,Total,Total,2018,52.1
 Darkhan-Uul,Total,Total,2017,58.0
 Darkhan-Uul,Total,Total,2016,52.2
 Darkhan-Uul,Total,Total,2015,54.8
 Darkhan-Uul,Total,Total,2014,52.8
 Darkhan-Uul,Total,Total,2013,55.6
 Darkhan-Uul,Total,Total,2012,56.2
 Darkhan-Uul,Total,Total,2011,62.7
 Darkhan-Uul,Total,Total,2010,56.4
 Darkhan-Uul,Total,Total,2009,58.0
 Darkhan-Uul,Total, Male,2025,58.6
 Darkhan-Uul,Total, Male,2024,58.8
 Darkhan-Uul,Total, Male,2023,62.0
 Darkhan-Uul,Total, Male,2022,64.8
 Darkhan-Uul,Total, Male,2021,62.8
 Darkhan-Uul,Total, Male,2020,63.9
 Darkhan-Uul,Total, Male,2019,69.1
 Darkhan-Uul,Total, Male,2018,64.4
 Darkhan-Uul,Total, Male,2017,63.6
 Darkhan-Uul,Total, Male,2016,55.9
 Darkhan-Uul,Total, Male,2015,61.6
 Darkhan-Uul,Total, Male,2014,58.0
 Darkhan-Uul,Total, Male,2013,64.7
 Darkhan-Uul,Total, Male,2012,64.5
 Darkhan-Uul,Total, Male,2011,71.0
 Darkhan-Uul,Total, Male,2010,64.0
 Darkhan-Uul,Total, Male,2009,60.8
 Darkhan-Uul,Total, Female,2025,47.7
 Darkhan-Uul,Total, Female,2024,52.8
 Darkhan-Uul,Total, Female,2023,45.9
 Darkhan-Uul,Total, Female,2022,43.8
 Darkhan-Uul,Total, Female,2021,47.5
 Darkhan-Uul,Total, Female,2020,53.7
 Darkhan-Uul,Total, Female,2019,52.6
 Darkhan-Uul,Total, Female,2018,42.2
 Darkhan-Uul,Total, Female,2017,52.5
 Darkhan-Uul,Total, Female,2016,48.5
 Darkhan-Uul,Total, Female,2015,48.5
 Darkhan-Uul,Total, Female,2014,48.5
 Darkhan-Uul,Total, Female,2013,47.7
 Darkhan-Uul,Total, Female,2012,48.8
 Darkhan-Uul,Total, Female,2011,55.1
 Darkhan-Uul,Total, Female,2010,49.3
 Darkhan-Uul,Total, Female,2009,55.2
 Darkhan-Uul,15-19,Total,2025,1.8
 Darkhan-Uul,15-19,Total,2024,4.3
 Darkhan-Uul,15-19,Total,2023,10.2
 Darkhan-Uul,15-19,Total,2022,2.3
 Darkhan-Uul,15-19,Total,2021,5.1
 Darkhan-Uul,15-19,Total,2020,7.5
 Darkhan-Uul,15-19,Total,2019,7.2
 Darkhan-Uul,15-19,Total,2018,6.8
 Darkhan-Uul,15-19,Total,2017,3.6
 Darkhan-Uul,15-19,Total,2016,3.1
 Darkhan-Uul,15-19,Total,2015,2.6
 Darkhan-Uul,15-19,Total,2014,7.3
 Darkhan-Uul,15-19,Total,2013,5.3
 Darkhan-Uul,15-19,Total,2012,16.3
 Darkhan-Uul,15-19,Total,2011,17.0
 Darkhan-Uul,15-19,Total,2010,6.0
 Darkhan-Uul,15-19,Total,2009,6.2
 Darkhan-Uul,15-19, Male,2025,4.2
 Darkhan-Uul,15-19, Male,2024,5.2
 Darkhan-Uul,15-19, Male,2023,16.8
 Darkhan-Uul,15-19, Male,2022,4.3
 Darkhan-Uul,15-19, Male,2021,9.4
 Darkhan-Uul,15-19, Male,2020,11.0
 Darkhan-Uul,15-19, Male,2019,10.5
 Darkhan-Uul,15-19, Male,2018,12.1
 Darkhan-Uul,15-19, Male,2017,7.6
 Darkhan-Uul,15-19, Male,2016,2.7
 Darkhan-Uul,15-19, Male,2015,2.6
 Darkhan-Uul,15-19, Male,2014,9.8
 Darkhan-Uul,15-19, Male,2013,8.8
 Darkhan-Uul,15-19, Male,2012,17.7
 Darkhan-Uul,15-19, Male,2011,22.7
 Darkhan-Uul,15-19, Male,2010,6.0
 Darkhan-Uul,15-19, Male,2009,4.8
 Darkhan-Uul,15-19, Female,2025,0.0
 Darkhan-Uul,15-19, Female,2024,3.3
 Darkhan-Uul,15-19, Female,2023,0.0
 Darkhan-Uul,15-19, Female,2022,1.1
 Darkhan-Uul,15-19, Female,2021,1.4
 Darkhan-Uul,15-19, Female,2020,3.2
 Darkhan-Uul,15-19, Female,2019,5.6
 Darkhan-Uul,15-19, Female,2018,3.0
 Darkhan-Uul,15-19, Female,2017,0.0
 Darkhan-Uul,15-19, Female,2016,3.7
 Darkhan-Uul,15-19, Female,2015,2.5
 Darkhan-Uul,15-19, Female,2014,5.8
 Darkhan-Uul,15-19, Female,2013,2.0
 Darkhan-Uul,15-19, Female,2012,14.8
 Darkhan-Uul,15-19, Female,2011,9.7
 Darkhan-Uul,15-19, Female,2010,6.0
 Darkhan-Uul,15-19, Female,2009,7.9
 Darkhan-Uul,20-24,Total,2025,41.0
 Darkhan-Uul,20-24,Total,2024,39.1
 Darkhan-Uul,20-24,Total,2023,43.4
 Darkhan-Uul,20-24,Total,2022,39.4
 Darkhan-Uul,20-24,Total,2021,36.3
 Darkhan-Uul,20-24,Total,2020,46.2
 Darkhan-Uul,20-24,Total,2019,53.2
 Darkhan-Uul,20-24,Total,2018,51.1
 Darkhan-Uul,20-24,Total,2017,35.6
 Darkhan-Uul,20-24,Total,2016,39.3
 Darkhan-Uul,20-24,Total,2015,31.7
 Darkhan-Uul,20-24,Total,2014,42.5
 Darkhan-Uul,20-24,Total,2013,41.8
 Darkhan-Uul,20-24,Total,2012,47.9
 Darkhan-Uul,20-24,Total,2011,50.3
 Darkhan-Uul,20-24,Total,2010,47.6
 Darkhan-Uul,20-24,Total,2009,55.5
 Darkhan-Uul,20-24, Male,2025,48.5
 Darkhan-Uul,20-24, Male,2024,40.8
 Darkhan-Uul,20-24, Male,2023,50.4
 Darkhan-Uul,20-24, Male,2022,45.8
 Darkhan-Uul,20-24, Male,2021,38.9
 Darkhan-Uul,20-24, Male,2020,58.1
 Darkhan-Uul,20-24, Male,2019,58.0
 Darkhan-Uul,20-24, Male,2018,65.0
 Darkhan-Uul,20-24, Male,2017,39.7
 Darkhan-Uul,20-24, Male,2016,40.6
 Darkhan-Uul,20-24, Male,2015,42.4
 Darkhan-Uul,20-24, Male,2014,45.9
 Darkhan-Uul,20-24, Male,2013,58.4
 Darkhan-Uul,20-24, Male,2012,57.8
 Darkhan-Uul,20-24, Male,2011,55.5
 Darkhan-Uul,20-24, Male,2010,57.1
 Darkhan-Uul,20-24, Male,2009,56.6
 Darkhan-Uul,20-24, Female,2025,35.0
 Darkhan-Uul,20-24, Female,2024,34.4
 Darkhan-Uul,20-24, Female,2023,31.5
 Darkhan-Uul,20-24, Female,2022,30.8
 Darkhan-Uul,20-24, Female,2021,32.6
 Darkhan-Uul,20-24, Female,2020,30.5
 Darkhan-Uul,20-24, Female,2019,46.7
 Darkhan-Uul,20-24, Female,2018,39.2
 Darkhan-Uul,20-24, Female,2017,29.2
 Darkhan-Uul,20-24, Female,2016,37.0
 Darkhan-Uul,20-24, Female,2015,22.0
 Darkhan-Uul,20-24, Female,2014,38.1
 Darkhan-Uul,20-24, Female,2013,27.7
 Darkhan-Uul,20-24, Female,2012,36.9
 Darkhan-Uul,20-24, Female,2011,43.8
 Darkhan-Uul,20-24, Female,2010,37.4
 Darkhan-Uul,20-24, Female,2009,54.2
 Darkhan-Uul,25-29,Total,2025,74.1
 Darkhan-Uul,25-29,Total,2024,82.4
 Darkhan-Uul,25-29,Total,2023,75.6
 Darkhan-Uul,25-29,Total,2022,84.0
 Darkhan-Uul,25-29,Total,2021,67.3
 Darkhan-Uul,25-29,Total,2020,77.4
 Darkhan-Uul,25-29,Total,2019,75.5
 Darkhan-Uul,25-29,Total,2018,75.4
 Darkhan-Uul,25-29,Total,2017,76.3
 Darkhan-Uul,25-29,Total,2016,67.7
 Darkhan-Uul,25-29,Total,2015,75.0
 Darkhan-Uul,25-29,Total,2014,65.8
 Darkhan-Uul,25-29,Total,2013,76.0
 Darkhan-Uul,25-29,Total,2012,76.2
 Darkhan-Uul,25-29,Total,2011,79.1
 Darkhan-Uul,25-29,Total,2010,71.6
 Darkhan-Uul,25-29,Total,2009,77.7
 Darkhan-Uul,25-29, Male,2025,85.6
 Darkhan-Uul,25-29, Male,2024,96.6
 Darkhan-Uul,25-29, Male,2023,84.0
 Darkhan-Uul,25-29, Male,2022,97.5
 Darkhan-Uul,25-29, Male,2021,77.4
 Darkhan-Uul,25-29, Male,2020,94.0
 Darkhan-Uul,25-29, Male,2019,86.8
 Darkhan-Uul,25-29, Male,2018,87.3
 Darkhan-Uul,25-29, Male,2017,88.7
 Darkhan-Uul,25-29, Male,2016,77.5
 Darkhan-Uul,25-29, Male,2015,88.3
 Darkhan-Uul,25-29, Male,2014,79.0
 Darkhan-Uul,25-29, Male,2013,87.3
 Darkhan-Uul,25-29, Male,2012,84.6
 Darkhan-Uul,25-29, Male,2011,95.9
 Darkhan-Uul,25-29, Male,2010,89.8
 Darkhan-Uul,25-29, Male,2009,88.6
 Darkhan-Uul,25-29, Female,2025,58.3
 Darkhan-Uul,25-29, Female,2024,74.7
 Darkhan-Uul,25-29, Female,2023,70.7
 Darkhan-Uul,25-29, Female,2022,64.8
 Darkhan-Uul,25-29, Female,2021,55.6
 Darkhan-Uul,25-29, Female,2020,58.4
 Darkhan-Uul,25-29, Female,2019,67.6
 Darkhan-Uul,25-29, Female,2018,59.2
 Darkhan-Uul,25-29, Female,2017,59.9
 Darkhan-Uul,25-29, Female,2016,58.6
 Darkhan-Uul,25-29, Female,2015,61.3
 Darkhan-Uul,25-29, Female,2014,53.2
 Darkhan-Uul,25-29, Female,2013,63.1
 Darkhan-Uul,25-29, Female,2012,65.5
 Darkhan-Uul,25-29, Female,2011,63.2
 Darkhan-Uul,25-29, Female,2010,54.5
 Darkhan-Uul,25-29, Female,2009,60.3
 Darkhan-Uul,30-34,Total,2025,80.7
 Darkhan-Uul,30-34,Total,2024,80.6
 Darkhan-Uul,30-34,Total,2023,78.5
 Darkhan-Uul,30-34,Total,2022,76.8
 Darkhan-Uul,30-34,Total,2021,87.8
 Darkhan-Uul,30-34,Total,2020,90.9
 Darkhan-Uul,30-34,Total,2019,78.4
 Darkhan-Uul,30-34,Total,2018,77.0
 Darkhan-Uul,30-34,Total,2017,81.8
 Darkhan-Uul,30-34,Total,2016,64.0
 Darkhan-Uul,30-34,Total,2015,80.1
 Darkhan-Uul,30-34,Total,2014,80.9
 Darkhan-Uul,30-34,Total,2013,74.0
 Darkhan-Uul,30-34,Total,2012,74.1
 Darkhan-Uul,30-34,Total,2011,87.4
 Darkhan-Uul,30-34,Total,2010,83.1
 Darkhan-Uul,30-34,Total,2009,85.2
 Darkhan-Uul,30-34, Male,2025,94.0
 Darkhan-Uul,30-34, Male,2024,98.8
 Darkhan-Uul,30-34, Male,2023,93.8
 Darkhan-Uul,30-34, Male,2022,94.9
 Darkhan-Uul,30-34, Male,2021,95.0
 Darkhan-Uul,30-34, Male,2020,95.9
 Darkhan-Uul,30-34, Male,2019,88.8
 Darkhan-Uul,30-34, Male,2018,96.2
 Darkhan-Uul,30-34, Male,2017,90.0
 Darkhan-Uul,30-34, Male,2016,79.1
 Darkhan-Uul,30-34, Male,2015,91.4
 Darkhan-Uul,30-34, Male,2014,84.0
 Darkhan-Uul,30-34, Male,2013,85.2
 Darkhan-Uul,30-34, Male,2012,85.8
 Darkhan-Uul,30-34, Male,2011,96.2
 Darkhan-Uul,30-34, Male,2010,95.9
 Darkhan-Uul,30-34, Male,2009,96.2
 Darkhan-Uul,30-34, Female,2025,64.3
 Darkhan-Uul,30-34, Female,2024,60.9
 Darkhan-Uul,30-34, Female,2023,64.6
 Darkhan-Uul,30-34, Female,2022,61.9
 Darkhan-Uul,30-34, Female,2021,81.3
 Darkhan-Uul,30-34, Female,2020,85.1
 Darkhan-Uul,30-34, Female,2019,67.7
 Darkhan-Uul,30-34, Female,2018,56.3
 Darkhan-Uul,30-34, Female,2017,74.7
 Darkhan-Uul,30-34, Female,2016,48.6
 Darkhan-Uul,30-34, Female,2015,70.2
 Darkhan-Uul,30-34, Female,2014,78.3
 Darkhan-Uul,30-34, Female,2013,64.2
 Darkhan-Uul,30-34, Female,2012,64.3
 Darkhan-Uul,30-34, Female,2011,78.9
 Darkhan-Uul,30-34, Female,2010,73.0
 Darkhan-Uul,30-34, Female,2009,77.2
 Darkhan-Uul,35-39,Total,2025,88.5
 Darkhan-Uul,35-39,Total,2024,90.9
 Darkhan-Uul,35-39,Total,2023,80.3
 Darkhan-Uul,35-39,Total,2022,77.8
 Darkhan-Uul,35-39,Total,2021,81.2
 Darkhan-Uul,35-39,Total,2020,92.6
 Darkhan-Uul,35-39,Total,2019,81.3
 Darkhan-Uul,35-39,Total,2018,76.0
 Darkhan-Uul,35-39,Total,2017,83.3
 Darkhan-Uul,35-39,Total,2016,71.4
 Darkhan-Uul,35-39,Total,2015,77.0
 Darkhan-Uul,35-39,Total,2014,79.3
 Darkhan-Uul,35-39,Total,2013,82.0
 Darkhan-Uul,35-39,Total,2012,78.0
 Darkhan-Uul,35-39,Total,2011,90.5
 Darkhan-Uul,35-39,Total,2010,86.1
 Darkhan-Uul,35-39,Total,2009,84.3
 Darkhan-Uul,35-39, Male,2025,96.5
 Darkhan-Uul,35-39, Male,2024,100.0
 Darkhan-Uul,35-39, Male,2023,95.2
 Darkhan-Uul,35-39, Male,2022,95.5
 Darkhan-Uul,35-39, Male,2021,95.6
 Darkhan-Uul,35-39, Male,2020,93.3
 Darkhan-Uul,35-39, Male,2019,92.6
 Darkhan-Uul,35-39, Male,2018,80.2
 Darkhan-Uul,35-39, Male,2017,91.0
 Darkhan-Uul,35-39, Male,2016,80.4
 Darkhan-Uul,35-39, Male,2015,85.0
 Darkhan-Uul,35-39, Male,2014,85.3
 Darkhan-Uul,35-39, Male,2013,95.4
 Darkhan-Uul,35-39, Male,2012,89.0
 Darkhan-Uul,35-39, Male,2011,100.0
 Darkhan-Uul,35-39, Male,2010,93.2
 Darkhan-Uul,35-39, Male,2009,89.2
 Darkhan-Uul,35-39, Female,2025,83.8
 Darkhan-Uul,35-39, Female,2024,83.3
 Darkhan-Uul,35-39, Female,2023,68.0
 Darkhan-Uul,35-39, Female,2022,59.7
 Darkhan-Uul,35-39, Female,2021,66.2
 Darkhan-Uul,35-39, Female,2020,91.9
 Darkhan-Uul,35-39, Female,2019,72.6
 Darkhan-Uul,35-39, Female,2018,73.2
 Darkhan-Uul,35-39, Female,2017,75.2
 Darkhan-Uul,35-39, Female,2016,64.5
 Darkhan-Uul,35-39, Female,2015,70.6
 Darkhan-Uul,35-39, Female,2014,74.5
 Darkhan-Uul,35-39, Female,2013,65.2
 Darkhan-Uul,35-39, Female,2012,69.3
 Darkhan-Uul,35-39, Female,2011,83.8
 Darkhan-Uul,35-39, Female,2010,79.8
 Darkhan-Uul,35-39, Female,2009,79.9
 Darkhan-Uul,40-44,Total,2025,83.1
 Darkhan-Uul,40-44,Total,2024,71.4
 Darkhan-Uul,40-44,Total,2023,89.3
 Darkhan-Uul,40-44,Total,2022,78.1
 Darkhan-Uul,40-44,Total,2021,84.0
 Darkhan-Uul,40-44,Total,2020,86.5
 Darkhan-Uul,40-44,Total,2019,80.8
 Darkhan-Uul,40-44,Total,2018,72.5
 Darkhan-Uul,40-44,Total,2017,80.5
 Darkhan-Uul,40-44,Total,2016,75.8
 Darkhan-Uul,40-44,Total,2015,85.8
 Darkhan-Uul,40-44,Total,2014,77.2
 Darkhan-Uul,40-44,Total,2013,81.4
 Darkhan-Uul,40-44,Total,2012,90.8
 Darkhan-Uul,40-44,Total,2011,88.4
 Darkhan-Uul,40-44,Total,2010,87.5
 Darkhan-Uul,40-44,Total,2009,93.0
 Darkhan-Uul,40-44, Male,2025,77.0
 Darkhan-Uul,40-44, Male,2024,65.7
 Darkhan-Uul,40-44, Male,2023,93.2
 Darkhan-Uul,40-44, Male,2022,85.6
 Darkhan-Uul,40-44, Male,2021,100.0
 Darkhan-Uul,40-44, Male,2020,92.4
 Darkhan-Uul,40-44, Male,2019,80.6
 Darkhan-Uul,40-44, Male,2018,75.1
 Darkhan-Uul,40-44, Male,2017,85.1
 Darkhan-Uul,40-44, Male,2016,75.3
 Darkhan-Uul,40-44, Male,2015,89.1
 Darkhan-Uul,40-44, Male,2014,75.1
 Darkhan-Uul,40-44, Male,2013,85.9
 Darkhan-Uul,40-44, Male,2012,94.9
 Darkhan-Uul,40-44, Male,2011,95.7
 Darkhan-Uul,40-44, Male,2010,97.7
 Darkhan-Uul,40-44, Male,2009,100.0
 Darkhan-Uul,40-44, Female,2025,90.2
 Darkhan-Uul,40-44, Female,2024,76.9
 Darkhan-Uul,40-44, Female,2023,85.8
 Darkhan-Uul,40-44, Female,2022,72.3
 Darkhan-Uul,40-44, Female,2021,68.7
 Darkhan-Uul,40-44, Female,2020,79.9
 Darkhan-Uul,40-44, Female,2019,80.9
 Darkhan-Uul,40-44, Female,2018,70.8
 Darkhan-Uul,40-44, Female,2017,76.3
 Darkhan-Uul,40-44, Female,2016,76.3
 Darkhan-Uul,40-44, Female,2015,83.0
 Darkhan-Uul,40-44, Female,2014,78.9
 Darkhan-Uul,40-44, Female,2013,78.8
 Darkhan-Uul,40-44, Female,2012,87.8
 Darkhan-Uul,40-44, Female,2011,81.9
 Darkhan-Uul,40-44, Female,2010,79.0
 Darkhan-Uul,40-44, Female,2009,87.5
 Darkhan-Uul,45-49,Total,2025,85.1
 Darkhan-Uul,45-49,Total,2024,86.9
 Darkhan-Uul,45-49,Total,2023,82.1
 Darkhan-Uul,45-49,Total,2022,76.6
 Darkhan-Uul,45-49,Total,2021,78.0
 Darkhan-Uul,45-49,Total,2020,95.1
 Darkhan-Uul,45-49,Total,2019,87.9
 Darkhan-Uul,45-49,Total,2018,74.8
 Darkhan-Uul,45-49,Total,2017,73.3
 Darkhan-Uul,45-49,Total,2016,78.7
 Darkhan-Uul,45-49,Total,2015,79.1
 Darkhan-Uul,45-49,Total,2014,72.9
 Darkhan-Uul,45-49,Total,2013,82.9
 Darkhan-Uul,45-49,Total,2012,72.7
 Darkhan-Uul,45-49,Total,2011,87.7
 Darkhan-Uul,45-49,Total,2010,76.7
 Darkhan-Uul,45-49,Total,2009,83.4
 Darkhan-Uul,45-49, Male,2025,84.3
 Darkhan-Uul,45-49, Male,2024,90.9
 Darkhan-Uul,45-49, Male,2023,84.9
 Darkhan-Uul,45-49, Male,2022,82.9
 Darkhan-Uul,45-49, Male,2021,78.8
 Darkhan-Uul,45-49, Male,2020,94.6
 Darkhan-Uul,45-49, Male,2019,85.7
 Darkhan-Uul,45-49, Male,2018,79.9
 Darkhan-Uul,45-49, Male,2017,78.8
 Darkhan-Uul,45-49, Male,2016,82.7
 Darkhan-Uul,45-49, Male,2015,77.3
 Darkhan-Uul,45-49, Male,2014,78.5
 Darkhan-Uul,45-49, Male,2013,86.4
 Darkhan-Uul,45-49, Male,2012,82.3
 Darkhan-Uul,45-49, Male,2011,93.1
 Darkhan-Uul,45-49, Male,2010,89.6
 Darkhan-Uul,45-49, Male,2009,84.0
 Darkhan-Uul,45-49, Female,2025,86.3
 Darkhan-Uul,45-49, Female,2024,81.8
 Darkhan-Uul,45-49, Female,2023,78.9
 Darkhan-Uul,45-49, Female,2022,70.2
 Darkhan-Uul,45-49, Female,2021,77.5
 Darkhan-Uul,45-49, Female,2020,95.4
 Darkhan-Uul,45-49, Female,2019,90.5
 Darkhan-Uul,45-49, Female,2018,69.6
 Darkhan-Uul,45-49, Female,2017,68.8
 Darkhan-Uul,45-49, Female,2016,75.3
 Darkhan-Uul,45-49, Female,2015,80.7
 Darkhan-Uul,45-49, Female,2014,68.2
 Darkhan-Uul,45-49, Female,2013,79.0
 Darkhan-Uul,45-49, Female,2012,65.5
 Darkhan-Uul,45-49, Female,2011,83.4
 Darkhan-Uul,45-49, Female,2010,67.4
 Darkhan-Uul,45-49, Female,2009,82.8
 Darkhan-Uul,50-54,Total,2025,68.8
 Darkhan-Uul,50-54,Total,2024,75.8
 Darkhan-Uul,50-54,Total,2023,76.0
 Darkhan-Uul,50-54,Total,2022,75.4
 Darkhan-Uul,50-54,Total,2021,68.6
 Darkhan-Uul,50-54,Total,2020,66.0
 Darkhan-Uul,50-54,Total,2019,68.6
 Darkhan-Uul,50-54,Total,2018,69.0
 Darkhan-Uul,50-54,Total,2017,72.4
 Darkhan-Uul,50-54,Total,2016,62.2
 Darkhan-Uul,50-54,Total,2015,66.3
 Darkhan-Uul,50-54,Total,2014,68.6
 Darkhan-Uul,50-54,Total,2013,69.3
 Darkhan-Uul,50-54,Total,2012,70.7
 Darkhan-Uul,50-54,Total,2011,73.5
 Darkhan-Uul,50-54,Total,2010,65.6
 Darkhan-Uul,50-54,Total,2009,52.7
 Darkhan-Uul,50-54, Male,2025,66.5
 Darkhan-Uul,50-54, Male,2024,84.2
 Darkhan-Uul,50-54, Male,2023,82.0
 Darkhan-Uul,50-54, Male,2022,76.1
 Darkhan-Uul,50-54, Male,2021,75.0
 Darkhan-Uul,50-54, Male,2020,71.2
 Darkhan-Uul,50-54, Male,2019,76.6
 Darkhan-Uul,50-54, Male,2018,82.5
 Darkhan-Uul,50-54, Male,2017,79.7
 Darkhan-Uul,50-54, Male,2016,68.9
 Darkhan-Uul,50-54, Male,2015,76.2
 Darkhan-Uul,50-54, Male,2014,65.2
 Darkhan-Uul,50-54, Male,2013,77.4
 Darkhan-Uul,50-54, Male,2012,77.3
 Darkhan-Uul,50-54, Male,2011,82.0
 Darkhan-Uul,50-54, Male,2010,75.4
 Darkhan-Uul,50-54, Male,2009,67.7
 Darkhan-Uul,50-54, Female,2025,70.9
 Darkhan-Uul,50-54, Female,2024,69.2
 Darkhan-Uul,50-54, Female,2023,70.7
 Darkhan-Uul,50-54, Female,2022,75.0
 Darkhan-Uul,50-54, Female,2021,63.2
 Darkhan-Uul,50-54, Female,2020,62.6
 Darkhan-Uul,50-54, Female,2019,62.7
 Darkhan-Uul,50-54, Female,2018,57.9
 Darkhan-Uul,50-54, Female,2017,66.8
 Darkhan-Uul,50-54, Female,2016,57.3
 Darkhan-Uul,50-54, Female,2015,58.2
 Darkhan-Uul,50-54, Female,2014,71.3
 Darkhan-Uul,50-54, Female,2013,65.3
 Darkhan-Uul,50-54, Female,2012,64.4
 Darkhan-Uul,50-54, Female,2011,66.0
 Darkhan-Uul,50-54, Female,2010,55.5
 Darkhan-Uul,50-54, Female,2009,41.7
 Darkhan-Uul,55-59,Total,2025,51.1
 Darkhan-Uul,55-59,Total,2024,32.5
 Darkhan-Uul,55-59,Total,2023,36.1
 Darkhan-Uul,55-59,Total,2022,47.3
 Darkhan-Uul,55-59,Total,2021,27.4
 Darkhan-Uul,55-59,Total,2020,29.4
 Darkhan-Uul,55-59,Total,2019,41.8
 Darkhan-Uul,55-59,Total,2018,33.5
 Darkhan-Uul,55-59,Total,2017,50.6
 Darkhan-Uul,55-59,Total,2016,40.8
 Darkhan-Uul,55-59,Total,2015,51.7
 Darkhan-Uul,55-59,Total,2014,37.6
 Darkhan-Uul,55-59,Total,2013,30.0
 Darkhan-Uul,55-59,Total,2012,39.0
 Darkhan-Uul,55-59,Total,2011,43.3
 Darkhan-Uul,55-59,Total,2010,45.0
 Darkhan-Uul,55-59,Total,2009,44.0
 Darkhan-Uul,55-59, Male,2025,53.7
 Darkhan-Uul,55-59, Male,2024,30.4
 Darkhan-Uul,55-59, Male,2023,58.2
 Darkhan-Uul,55-59, Male,2022,73.6
 Darkhan-Uul,55-59, Male,2021,45.4
 Darkhan-Uul,55-59, Male,2020,32.4
 Darkhan-Uul,55-59, Male,2019,61.7
 Darkhan-Uul,55-59, Male,2018,51.3
 Darkhan-Uul,55-59, Male,2017,53.4
 Darkhan-Uul,55-59, Male,2016,53.1
 Darkhan-Uul,55-59, Male,2015,69.1
 Darkhan-Uul,55-59, Male,2014,49.6
 Darkhan-Uul,55-59, Male,2013,41.0
 Darkhan-Uul,55-59, Male,2012,51.3
 Darkhan-Uul,55-59, Male,2011,76.7
 Darkhan-Uul,55-59, Male,2010,58.2
 Darkhan-Uul,55-59, Male,2009,47.9
 Darkhan-Uul,55-59, Female,2025,48.2
 Darkhan-Uul,55-59, Female,2024,33.8
 Darkhan-Uul,55-59, Female,2023,22.1
 Darkhan-Uul,55-59, Female,2022,27.4
 Darkhan-Uul,55-59, Female,2021,16.7
 Darkhan-Uul,55-59, Female,2020,25.9
 Darkhan-Uul,55-59, Female,2019,24.8
 Darkhan-Uul,55-59, Female,2018,22.6
 Darkhan-Uul,55-59, Female,2017,48.2
 Darkhan-Uul,55-59, Female,2016,30.2
 Darkhan-Uul,55-59, Female,2015,23.7
 Darkhan-Uul,55-59, Female,2014,27.9
 Darkhan-Uul,55-59, Female,2013,23.9
 Darkhan-Uul,55-59, Female,2012,29.4
 Darkhan-Uul,55-59, Female,2011,25.1
 Darkhan-Uul,55-59, Female,2010,33.6
 Darkhan-Uul,55-59, Female,2009,40.7
 Darkhan-Uul,60-64,Total,2025,8.7
 Darkhan-Uul,60-64,Total,2024,13.6
 Darkhan-Uul,60-64,Total,2023,13.0
 Darkhan-Uul,60-64,Total,2022,6.7
 Darkhan-Uul,60-64,Total,2021,5.6
 Darkhan-Uul,60-64,Total,2020,7.0
 Darkhan-Uul,60-64,Total,2019,30.5
 Darkhan-Uul,60-64,Total,2018,2.0
 Darkhan-Uul,60-64,Total,2017,36.9
 Darkhan-Uul,60-64,Total,2016,31.9
 Darkhan-Uul,60-64,Total,2015,5.2
 Darkhan-Uul,60-64,Total,2014,13.3
 Darkhan-Uul,60-64,Total,2013,25.7
 Darkhan-Uul,60-64,Total,2012,21.2
 Darkhan-Uul,60-64,Total,2011,18.5
 Darkhan-Uul,60-64,Total,2010,19.3
 Darkhan-Uul,60-64,Total,2009,13.9
 Darkhan-Uul,60-64, Male,2025,9.4
 Darkhan-Uul,60-64, Male,2024,8.0
 Darkhan-Uul,60-64, Male,2023,9.8
 Darkhan-Uul,60-64, Male,2022,10.2
 Darkhan-Uul,60-64, Male,2021,1.1
 Darkhan-Uul,60-64, Male,2020,8.0
 Darkhan-Uul,60-64, Male,2019,23.9
 Darkhan-Uul,60-64, Male,2018,6.7
 Darkhan-Uul,60-64, Male,2017,46.9
 Darkhan-Uul,60-64, Male,2016,35.7
 Darkhan-Uul,60-64, Male,2015,12.0
 Darkhan-Uul,60-64, Male,2014,14.4
 Darkhan-Uul,60-64, Male,2013,28.3
 Darkhan-Uul,60-64, Male,2012,28.2
 Darkhan-Uul,60-64, Male,2011,28.3
 Darkhan-Uul,60-64, Male,2010,25.3
 Darkhan-Uul,60-64, Male,2009,22.7
 Darkhan-Uul,60-64, Female,2025,8.3
 Darkhan-Uul,60-64, Female,2024,18.3
 Darkhan-Uul,60-64, Female,2023,14.9
 Darkhan-Uul,60-64, Female,2022,3.7
 Darkhan-Uul,60-64, Female,2021,10.0
 Darkhan-Uul,60-64, Female,2020,6.4
 Darkhan-Uul,60-64, Female,2019,33.8
 Darkhan-Uul,60-64, Female,2018,0.0
 Darkhan-Uul,60-64, Female,2017,30.6
 Darkhan-Uul,60-64, Female,2016,28.4
 Darkhan-Uul,60-64, Female,2015,0.0
 Darkhan-Uul,60-64, Female,2014,12.4
 Darkhan-Uul,60-64, Female,2013,21.9
 Darkhan-Uul,60-64, Female,2012,17.9
 Darkhan-Uul,60-64, Female,2011,11.0
 Darkhan-Uul,60-64, Female,2010,12.5
 Darkhan-Uul,60-64, Female,2009,0.0
 Darkhan-Uul,65-69,Total,2025,1.3
 Darkhan-Uul,65-69,Total,2024,20.1
 Darkhan-Uul,65-69,Total,2023,5.7
 Darkhan-Uul,65-69,Total,2022,6.6
 Darkhan-Uul,65-69,Total,2021,8.2
 Darkhan-Uul,65-69,Total,2020,4.2
 Darkhan-Uul,65-69,Total,2019,6.6
 Darkhan-Uul,65-69,Total,2018,0.0
 Darkhan-Uul,65-69,Total,2017,5.4
 Darkhan-Uul,65-69,Total,2016,11.8
 Darkhan-Uul,65-69,Total,2015,5.3
 Darkhan-Uul,65-69,Total,2014,11.8
 Darkhan-Uul,65-69,Total,2013,7.1
 Darkhan-Uul,65-69,Total,2012,3.4
 Darkhan-Uul,65-69,Total,2011,8.0
 Darkhan-Uul,65-69,Total,2010,6.3
 Darkhan-Uul,65-69,Total,2009,9.1
 Darkhan-Uul,65-69, Male,2025,0.0
 Darkhan-Uul,65-69, Male,2024,5.0
 Darkhan-Uul,65-69, Male,2023,0.0
 Darkhan-Uul,65-69, Male,2022,6.2
 Darkhan-Uul,65-69, Male,2021,9.3
 Darkhan-Uul,65-69, Male,2020,9.8
 Darkhan-Uul,65-69, Male,2019,15.0
 Darkhan-Uul,65-69, Male,2018,0.0
 Darkhan-Uul,65-69, Male,2017,0.0
 Darkhan-Uul,65-69, Male,2016,17.4
 Darkhan-Uul,65-69, Male,2015,0.0
 Darkhan-Uul,65-69, Male,2014,7.6
 Darkhan-Uul,65-69, Male,2013,10.8
 Darkhan-Uul,65-69, Male,2012,12.5
 Darkhan-Uul,65-69, Male,2011,9.3
 Darkhan-Uul,65-69, Male,2010,14.0
 Darkhan-Uul,65-69, Male,2009,25.4
 Darkhan-Uul,65-69, Female,2025,1.9
 Darkhan-Uul,65-69, Female,2024,26.6
 Darkhan-Uul,65-69, Female,2023,10.1
 Darkhan-Uul,65-69, Female,2022,6.9
 Darkhan-Uul,65-69, Female,2021,7.3
 Darkhan-Uul,65-69, Female,2020,0.0
 Darkhan-Uul,65-69, Female,2019,2.6
 Darkhan-Uul,65-69, Female,2018,0.0
 Darkhan-Uul,65-69, Female,2017,10.4
 Darkhan-Uul,65-69, Female,2016,7.4
 Darkhan-Uul,65-69, Female,2015,11.4
 Darkhan-Uul,65-69, Female,2014,14.5
 Darkhan-Uul,65-69, Female,2013,0.0
 Darkhan-Uul,65-69, Female,2012,0.0
 Darkhan-Uul,65-69, Female,2011,7.1
 Darkhan-Uul,65-69, Female,2010,0.0
 Darkhan-Uul,65-69, Female,2009,0.0
 Darkhan-Uul,70+,Total,2025,0.0
 Darkhan-Uul,70+,Total,2024,5.6
 Darkhan-Uul,70+,Total,2023,3.3
 Darkhan-Uul,70+,Total,2022,2.5
 Darkhan-Uul,70+,Total,2021,3.0
 Darkhan-Uul,70+,Total,2020,1.4
 Darkhan-Uul,70+,Total,2019,6.5
 Darkhan-Uul,70+,Total,2018,0.0
 Darkhan-Uul,70+,Total,2017,2.6
 Darkhan-Uul,70+,Total,2016,12.6
 Darkhan-Uul,70+,Total,2015,0.0
 Darkhan-Uul,70+,Total,2014,2.6
 Darkhan-Uul,70+,Total,2013,1.9
 Darkhan-Uul,70+,Total,2012,8.8
 Darkhan-Uul,70+,Total,2011,0.0
 Darkhan-Uul,70+,Total,2010,3.9
 Darkhan-Uul,70+,Total,2009,0.0
 Darkhan-Uul,70+, Male,2025,0.0
 Darkhan-Uul,70+, Male,2024,6.6
 Darkhan-Uul,70+, Male,2023,0.0
 Darkhan-Uul,70+, Male,2022,6.5
 Darkhan-Uul,70+, Male,2021,9.1
 Darkhan-Uul,70+, Male,2020,3.3
 Darkhan-Uul,70+, Male,2019,8.6
 Darkhan-Uul,70+, Male,2018,0.0
 Darkhan-Uul,70+, Male,2017,0.0
 Darkhan-Uul,70+, Male,2016,17.0
 Darkhan-Uul,70+, Male,2015,0.0
 Darkhan-Uul,70+, Male,2014,0.0
 Darkhan-Uul,70+, Male,2013,6.3
 Darkhan-Uul,70+, Male,2012,13.3
 Darkhan-Uul,70+, Male,2011,0.0
 Darkhan-Uul,70+, Male,2010,8.8
 Darkhan-Uul,70+, Male,2009,0.0
 Darkhan-Uul,70+, Female,2025,0.0
 Darkhan-Uul,70+, Female,2024,4.8
 Darkhan-Uul,70+, Female,2023,4.7
 Darkhan-Uul,70+, Female,2022,0.0
 Darkhan-Uul,70+, Female,2021,0.0
 Darkhan-Uul,70+, Female,2020,0.0
 Darkhan-Uul,70+, Female,2019,5.2
 Darkhan-Uul,70+, Female,2018,0.0
 Darkhan-Uul,70+, Female,2017,5.5
 Darkhan-Uul,70+, Female,2016,6.1
 Darkhan-Uul,70+, Female,2015,0.0
 Darkhan-Uul,70+, Female,2014,3.4
 Darkhan-Uul,70+, Female,2013,0.0
 Darkhan-Uul,70+, Female,2012,4.4
 Darkhan-Uul,70+, Female,2011,0.0
 Darkhan-Uul,70+, Female,2010,0.0
 Darkhan-Uul,70+, Female,2009,0.0
 Selenge,Total,Total,2025,56.5
 Selenge,Total,Total,2024,51.7
 Selenge,Total,Total,2023,37.2
 Selenge,Total,Total,2022,39.3
 Selenge,Total,Total,2021,45.2
 Selenge,Total,Total,2020,49.4
 Selenge,Total,Total,2019,57.0
 Selenge,Total,Total,2018,64.0
 Selenge,Total,Total,2017,60.3
 Selenge,Total,Total,2016,54.9
 Selenge,Total,Total,2015,50.8
 Selenge,Total,Total,2014,54.1
 Selenge,Total,Total,2013,63.8
 Selenge,Total,Total,2012,65.3
 Selenge,Total,Total,2011,72.3
 Selenge,Total,Total,2010,70.5
 Selenge,Total,Total,2009,68.1
 Selenge,Total, Male,2025,64.8
 Selenge,Total, Male,2024,59.0
 Selenge,Total, Male,2023,42.7
 Selenge,Total, Male,2022,40.5
 Selenge,Total, Male,2021,49.5
 Selenge,Total, Male,2020,54.3
 Selenge,Total, Male,2019,64.4
 Selenge,Total, Male,2018,71.3
 Selenge,Total, Male,2017,65.8
 Selenge,Total, Male,2016,58.4
 Selenge,Total, Male,2015,56.4
 Selenge,Total, Male,2014,59.2
 Selenge,Total, Male,2013,68.9
 Selenge,Total, Male,2012,72.2
 Selenge,Total, Male,2011,76.8
 Selenge,Total, Male,2010,75.9
 Selenge,Total, Male,2009,71.1
 Selenge,Total, Female,2025,47.9
 Selenge,Total, Female,2024,44.8
 Selenge,Total, Female,2023,31.6
 Selenge,Total, Female,2022,38.2
 Selenge,Total, Female,2021,41.2
 Selenge,Total, Female,2020,44.8
 Selenge,Total, Female,2019,49.9
 Selenge,Total, Female,2018,57.2
 Selenge,Total, Female,2017,54.9
 Selenge,Total, Female,2016,51.4
 Selenge,Total, Female,2015,45.2
 Selenge,Total, Female,2014,48.7
 Selenge,Total, Female,2013,58.8
 Selenge,Total, Female,2012,58.9
 Selenge,Total, Female,2011,67.6
 Selenge,Total, Female,2010,65.3
 Selenge,Total, Female,2009,65.0
 Selenge,15-19,Total,2025,3.7
 Selenge,15-19,Total,2024,4.7
 Selenge,15-19,Total,2023,6.9
 Selenge,15-19,Total,2022,4.0
 Selenge,15-19,Total,2021,1.4
 Selenge,15-19,Total,2020,4.1
 Selenge,15-19,Total,2019,7.2
 Selenge,15-19,Total,2018,8.3
 Selenge,15-19,Total,2017,5.8
 Selenge,15-19,Total,2016,6.6
 Selenge,15-19,Total,2015,6.6
 Selenge,15-19,Total,2014,5.4
 Selenge,15-19,Total,2013,9.4
 Selenge,15-19,Total,2012,11.6
 Selenge,15-19,Total,2011,21.4
 Selenge,15-19,Total,2010,25.7
 Selenge,15-19,Total,2009,26.1
 Selenge,15-19, Male,2025,5.0
 Selenge,15-19, Male,2024,8.9
 Selenge,15-19, Male,2023,17.2
 Selenge,15-19, Male,2022,6.4
 Selenge,15-19, Male,2021,2.2
 Selenge,15-19, Male,2020,5.1
 Selenge,15-19, Male,2019,11.9
 Selenge,15-19, Male,2018,11.8
 Selenge,15-19, Male,2017,7.0
 Selenge,15-19, Male,2016,7.0
 Selenge,15-19, Male,2015,8.1
 Selenge,15-19, Male,2014,4.9
 Selenge,15-19, Male,2013,12.7
 Selenge,15-19, Male,2012,17.2
 Selenge,15-19, Male,2011,27.2
 Selenge,15-19, Male,2010,31.8
 Selenge,15-19, Male,2009,25.4
 Selenge,15-19, Female,2025,2.9
 Selenge,15-19, Female,2024,0.0
 Selenge,15-19, Female,2023,0.0
 Selenge,15-19, Female,2022,1.2
 Selenge,15-19, Female,2021,0.0
 Selenge,15-19, Female,2020,3.2
 Selenge,15-19, Female,2019,2.6
 Selenge,15-19, Female,2018,5.5
 Selenge,15-19, Female,2017,4.4
 Selenge,15-19, Female,2016,6.1
 Selenge,15-19, Female,2015,5.0
 Selenge,15-19, Female,2014,5.9
 Selenge,15-19, Female,2013,5.4
 Selenge,15-19, Female,2012,7.1
 Selenge,15-19, Female,2011,15.5
 Selenge,15-19, Female,2010,17.2
 Selenge,15-19, Female,2009,26.9
 Selenge,20-24,Total,2025,55.8
 Selenge,20-24,Total,2024,47.0
 Selenge,20-24,Total,2023,42.9
 Selenge,20-24,Total,2022,38.4
 Selenge,20-24,Total,2021,32.0
 Selenge,20-24,Total,2020,44.5
 Selenge,20-24,Total,2019,38.7
 Selenge,20-24,Total,2018,52.2
 Selenge,20-24,Total,2017,46.7
 Selenge,20-24,Total,2016,41.0
 Selenge,20-24,Total,2015,35.6
 Selenge,20-24,Total,2014,51.3
 Selenge,20-24,Total,2013,51.3
 Selenge,20-24,Total,2012,65.5
 Selenge,20-24,Total,2011,71.1
 Selenge,20-24,Total,2010,67.6
 Selenge,20-24,Total,2009,76.2
 Selenge,20-24, Male,2025,66.7
 Selenge,20-24, Male,2024,73.0
 Selenge,20-24, Male,2023,37.7
 Selenge,20-24, Male,2022,41.3
 Selenge,20-24, Male,2021,34.2
 Selenge,20-24, Male,2020,32.9
 Selenge,20-24, Male,2019,42.7
 Selenge,20-24, Male,2018,65.3
 Selenge,20-24, Male,2017,61.5
 Selenge,20-24, Male,2016,44.0
 Selenge,20-24, Male,2015,46.8
 Selenge,20-24, Male,2014,61.6
 Selenge,20-24, Male,2013,65.5
 Selenge,20-24, Male,2012,67.5
 Selenge,20-24, Male,2011,71.4
 Selenge,20-24, Male,2010,75.5
 Selenge,20-24, Male,2009,83.8
 Selenge,20-24, Female,2025,31.8
 Selenge,20-24, Female,2024,15.0
 Selenge,20-24, Female,2023,69.3
 Selenge,20-24, Female,2022,34.2
 Selenge,20-24, Female,2021,30.9
 Selenge,20-24, Female,2020,53.3
 Selenge,20-24, Female,2019,34.5
 Selenge,20-24, Female,2018,33.6
 Selenge,20-24, Female,2017,32.8
 Selenge,20-24, Female,2016,36.9
 Selenge,20-24, Female,2015,24.3
 Selenge,20-24, Female,2014,37.8
 Selenge,20-24, Female,2013,40.7
 Selenge,20-24, Female,2012,62.6
 Selenge,20-24, Female,2011,70.4
 Selenge,20-24, Female,2010,60.1
 Selenge,20-24, Female,2009,64.2
 Selenge,25-29,Total,2025,69.4
 Selenge,25-29,Total,2024,76.1
 Selenge,25-29,Total,2023,36.9
 Selenge,25-29,Total,2022,50.9
 Selenge,25-29,Total,2021,70.5
 Selenge,25-29,Total,2020,71.2
 Selenge,25-29,Total,2019,70.8
 Selenge,25-29,Total,2018,75.6
 Selenge,25-29,Total,2017,70.6
 Selenge,25-29,Total,2016,64.6
 Selenge,25-29,Total,2015,56.5
 Selenge,25-29,Total,2014,69.2
 Selenge,25-29,Total,2013,80.8
 Selenge,25-29,Total,2012,78.4
 Selenge,25-29,Total,2011,83.7
 Selenge,25-29,Total,2010,75.8
 Selenge,25-29,Total,2009,79.3
 Selenge,25-29, Male,2025,87.9
 Selenge,25-29, Male,2024,81.7
 Selenge,25-29, Male,2023,48.8
 Selenge,25-29, Male,2022,40.7
 Selenge,25-29, Male,2021,79.5
 Selenge,25-29, Male,2020,82.6
 Selenge,25-29, Male,2019,82.8
 Selenge,25-29, Male,2018,91.3
 Selenge,25-29, Male,2017,83.0
 Selenge,25-29, Male,2016,76.9
 Selenge,25-29, Male,2015,67.3
 Selenge,25-29, Male,2014,82.4
 Selenge,25-29, Male,2013,83.9
 Selenge,25-29, Male,2012,95.9
 Selenge,25-29, Male,2011,92.4
 Selenge,25-29, Male,2010,90.0
 Selenge,25-29, Male,2009,94.4
 Selenge,25-29, Female,2025,43.8
 Selenge,25-29, Female,2024,73.1
 Selenge,25-29, Female,2023,23.9
 Selenge,25-29, Female,2022,58.3
 Selenge,25-29, Female,2021,62.3
 Selenge,25-29, Female,2020,55.7
 Selenge,25-29, Female,2019,61.2
 Selenge,25-29, Female,2018,59.6
 Selenge,25-29, Female,2017,59.1
 Selenge,25-29, Female,2016,50.5
 Selenge,25-29, Female,2015,47.3
 Selenge,25-29, Female,2014,56.0
 Selenge,25-29, Female,2013,78.0
 Selenge,25-29, Female,2012,65.3
 Selenge,25-29, Female,2011,73.1
 Selenge,25-29, Female,2010,64.0
 Selenge,25-29, Female,2009,61.0
 Selenge,30-34,Total,2025,77.7
 Selenge,30-34,Total,2024,81.0
 Selenge,30-34,Total,2023,41.4
 Selenge,30-34,Total,2022,57.0
 Selenge,30-34,Total,2021,71.3
 Selenge,30-34,Total,2020,73.4
 Selenge,30-34,Total,2019,74.0
 Selenge,30-34,Total,2018,78.7
 Selenge,30-34,Total,2017,82.2
 Selenge,30-34,Total,2016,80.7
 Selenge,30-34,Total,2015,74.6
 Selenge,30-34,Total,2014,74.5
 Selenge,30-34,Total,2013,83.9
 Selenge,30-34,Total,2012,73.4
 Selenge,30-34,Total,2011,82.6
 Selenge,30-34,Total,2010,82.7
 Selenge,30-34,Total,2009,91.9
 Selenge,30-34, Male,2025,90.5
 Selenge,30-34, Male,2024,100.0
 Selenge,30-34, Male,2023,45.5
 Selenge,30-34, Male,2022,59.0
 Selenge,30-34, Male,2021,81.9
 Selenge,30-34, Male,2020,73.8
 Selenge,30-34, Male,2019,89.0
 Selenge,30-34, Male,2018,82.3
 Selenge,30-34, Male,2017,87.5
 Selenge,30-34, Male,2016,85.3
 Selenge,30-34, Male,2015,76.6
 Selenge,30-34, Male,2014,85.1
 Selenge,30-34, Male,2013,91.2
 Selenge,30-34, Male,2012,81.7
 Selenge,30-34, Male,2011,93.8
 Selenge,30-34, Male,2010,95.5
 Selenge,30-34, Male,2009,95.5
 Selenge,30-34, Female,2025,63.0
 Selenge,30-34, Female,2024,67.8
 Selenge,30-34, Female,2023,39.1
 Selenge,30-34, Female,2022,55.2
 Selenge,30-34, Female,2021,63.3
 Selenge,30-34, Female,2020,73.0
 Selenge,30-34, Female,2019,65.3
 Selenge,30-34, Female,2018,74.4
 Selenge,30-34, Female,2017,77.7
 Selenge,30-34, Female,2016,77.0
 Selenge,30-34, Female,2015,72.9
 Selenge,30-34, Female,2014,64.9
 Selenge,30-34, Female,2013,73.6
 Selenge,30-34, Female,2012,64.7
 Selenge,30-34, Female,2011,75.1
 Selenge,30-34, Female,2010,67.5
 Selenge,30-34, Female,2009,88.8
 Selenge,35-39,Total,2025,89.8
 Selenge,35-39,Total,2024,80.5
 Selenge,35-39,Total,2023,54.1
 Selenge,35-39,Total,2022,47.0
 Selenge,35-39,Total,2021,69.7
 Selenge,35-39,Total,2020,66.2
 Selenge,35-39,Total,2019,81.3
 Selenge,35-39,Total,2018,89.3
 Selenge,35-39,Total,2017,86.3
 Selenge,35-39,Total,2016,83.7
 Selenge,35-39,Total,2015,67.9
 Selenge,35-39,Total,2014,79.9
 Selenge,35-39,Total,2013,88.9
 Selenge,35-39,Total,2012,90.8
 Selenge,35-39,Total,2011,88.5
 Selenge,35-39,Total,2010,87.4
 Selenge,35-39,Total,2009,90.8
 Selenge,35-39, Male,2025,94.7
 Selenge,35-39, Male,2024,90.4
 Selenge,35-39, Male,2023,66.4
 Selenge,35-39, Male,2022,51.6
 Selenge,35-39, Male,2021,79.8
 Selenge,35-39, Male,2020,72.6
 Selenge,35-39, Male,2019,85.5
 Selenge,35-39, Male,2018,93.8
 Selenge,35-39, Male,2017,93.1
 Selenge,35-39, Male,2016,86.9
 Selenge,35-39, Male,2015,76.9
 Selenge,35-39, Male,2014,79.3
 Selenge,35-39, Male,2013,91.8
 Selenge,35-39, Male,2012,96.0
 Selenge,35-39, Male,2011,94.3
 Selenge,35-39, Male,2010,90.6
 Selenge,35-39, Male,2009,88.7
 Selenge,35-39, Female,2025,84.7
 Selenge,35-39, Female,2024,69.6
 Selenge,35-39, Female,2023,37.9
 Selenge,35-39, Female,2022,42.7
 Selenge,35-39, Female,2021,61.1
 Selenge,35-39, Female,2020,57.5
 Selenge,35-39, Female,2019,73.8
 Selenge,35-39, Female,2018,85.4
 Selenge,35-39, Female,2017,80.4
 Selenge,35-39, Female,2016,79.8
 Selenge,35-39, Female,2015,58.3
 Selenge,35-39, Female,2014,80.4
 Selenge,35-39, Female,2013,86.2
 Selenge,35-39, Female,2012,85.9
 Selenge,35-39, Female,2011,81.9
 Selenge,35-39, Female,2010,84.8
 Selenge,35-39, Female,2009,93.0
 Selenge,40-44,Total,2025,92.4
 Selenge,40-44,Total,2024,79.4
 Selenge,40-44,Total,2023,45.4
 Selenge,40-44,Total,2022,53.2
 Selenge,40-44,Total,2021,70.1
 Selenge,40-44,Total,2020,63.3
 Selenge,40-44,Total,2019,87.4
 Selenge,40-44,Total,2018,90.1
 Selenge,40-44,Total,2017,87.6
 Selenge,40-44,Total,2016,67.9
 Selenge,40-44,Total,2015,82.7
 Selenge,40-44,Total,2014,78.5
 Selenge,40-44,Total,2013,84.0
 Selenge,40-44,Total,2012,85.9
 Selenge,40-44,Total,2011,93.2
 Selenge,40-44,Total,2010,89.9
 Selenge,40-44,Total,2009,88.3
 Selenge,40-44, Male,2025,94.2
 Selenge,40-44, Male,2024,93.0
 Selenge,40-44, Male,2023,42.5
 Selenge,40-44, Male,2022,59.5
 Selenge,40-44, Male,2021,73.3
 Selenge,40-44, Male,2020,57.3
 Selenge,40-44, Male,2019,93.0
 Selenge,40-44, Male,2018,95.1
 Selenge,40-44, Male,2017,90.4
 Selenge,40-44, Male,2016,74.5
 Selenge,40-44, Male,2015,83.7
 Selenge,40-44, Male,2014,82.5
 Selenge,40-44, Male,2013,94.2
 Selenge,40-44, Male,2012,84.7
 Selenge,40-44, Male,2011,98.3
 Selenge,40-44, Male,2010,91.9
 Selenge,40-44, Male,2009,95.8
 Selenge,40-44, Female,2025,91.0
 Selenge,40-44, Female,2024,66.5
 Selenge,40-44, Female,2023,47.6
 Selenge,40-44, Female,2022,47.1
 Selenge,40-44, Female,2021,62.7
 Selenge,40-44, Female,2020,67.6
 Selenge,40-44, Female,2019,82.7
 Selenge,40-44, Female,2018,85.0
 Selenge,40-44, Female,2017,83.7
 Selenge,40-44, Female,2016,61.5
 Selenge,40-44, Female,2015,81.8
 Selenge,40-44, Female,2014,74.0
 Selenge,40-44, Female,2013,76.7
 Selenge,40-44, Female,2012,87.0
 Selenge,40-44, Female,2011,88.8
 Selenge,40-44, Female,2010,88.1
 Selenge,40-44, Female,2009,83.2
 Selenge,45-49,Total,2025,85.2
 Selenge,45-49,Total,2024,71.3
 Selenge,45-49,Total,2023,51.2
 Selenge,45-49,Total,2022,43.2
 Selenge,45-49,Total,2021,70.4
 Selenge,45-49,Total,2020,77.0
 Selenge,45-49,Total,2019,81.4
 Selenge,45-49,Total,2018,91.0
 Selenge,45-49,Total,2017,85.2
 Selenge,45-49,Total,2016,78.1
 Selenge,45-49,Total,2015,74.5
 Selenge,45-49,Total,2014,75.4
 Selenge,45-49,Total,2013,80.7
 Selenge,45-49,Total,2012,82.1
 Selenge,45-49,Total,2011,85.3
 Selenge,45-49,Total,2010,91.6
 Selenge,45-49,Total,2009,91.0
 Selenge,45-49, Male,2025,87.6
 Selenge,45-49, Male,2024,69.0
 Selenge,45-49, Male,2023,52.4
 Selenge,45-49, Male,2022,41.5
 Selenge,45-49, Male,2021,75.0
 Selenge,45-49, Male,2020,76.7
 Selenge,45-49, Male,2019,86.0
 Selenge,45-49, Male,2018,89.1
 Selenge,45-49, Male,2017,87.2
 Selenge,45-49, Male,2016,70.1
 Selenge,45-49, Male,2015,76.4
 Selenge,45-49, Male,2014,77.6
 Selenge,45-49, Male,2013,90.0
 Selenge,45-49, Male,2012,81.5
 Selenge,45-49, Male,2011,83.3
 Selenge,45-49, Male,2010,90.5
 Selenge,45-49, Male,2009,87.4
 Selenge,45-49, Female,2025,82.6
 Selenge,45-49, Female,2024,73.1
 Selenge,45-49, Female,2023,49.7
 Selenge,45-49, Female,2022,46.2
 Selenge,45-49, Female,2021,67.2
 Selenge,45-49, Female,2020,77.3
 Selenge,45-49, Female,2019,76.5
 Selenge,45-49, Female,2018,92.5
 Selenge,45-49, Female,2017,83.7
 Selenge,45-49, Female,2016,86.4
 Selenge,45-49, Female,2015,72.4
 Selenge,45-49, Female,2014,73.3
 Selenge,45-49, Female,2013,71.9
 Selenge,45-49, Female,2012,82.6
 Selenge,45-49, Female,2011,87.2
 Selenge,45-49, Female,2010,92.5
 Selenge,45-49, Female,2009,94.3
 Selenge,50-54,Total,2025,88.1
 Selenge,50-54,Total,2024,64.6
 Selenge,50-54,Total,2023,33.2
 Selenge,50-54,Total,2022,55.2
 Selenge,50-54,Total,2021,54.8
 Selenge,50-54,Total,2020,56.0
 Selenge,50-54,Total,2019,65.0
 Selenge,50-54,Total,2018,81.0
 Selenge,50-54,Total,2017,81.1
 Selenge,50-54,Total,2016,64.9
 Selenge,50-54,Total,2015,71.0
 Selenge,50-54,Total,2014,59.9
 Selenge,50-54,Total,2013,73.5
 Selenge,50-54,Total,2012,81.8
 Selenge,50-54,Total,2011,83.5
 Selenge,50-54,Total,2010,84.8
 Selenge,50-54,Total,2009,69.4
 Selenge,50-54, Male,2025,86.2
 Selenge,50-54, Male,2024,55.3
 Selenge,50-54, Male,2023,35.2
 Selenge,50-54, Male,2022,58.1
 Selenge,50-54, Male,2021,49.8
 Selenge,50-54, Male,2020,52.9
 Selenge,50-54, Male,2019,75.5
 Selenge,50-54, Male,2018,83.3
 Selenge,50-54, Male,2017,85.1
 Selenge,50-54, Male,2016,67.2
 Selenge,50-54, Male,2015,81.6
 Selenge,50-54, Male,2014,69.2
 Selenge,50-54, Male,2013,80.6
 Selenge,50-54, Male,2012,84.8
 Selenge,50-54, Male,2011,83.5
 Selenge,50-54, Male,2010,92.6
 Selenge,50-54, Male,2009,73.4
 Selenge,50-54, Female,2025,89.8
 Selenge,50-54, Female,2024,74.1
 Selenge,50-54, Female,2023,31.2
 Selenge,50-54, Female,2022,52.7
 Selenge,50-54, Female,2021,58.4
 Selenge,50-54, Female,2020,59.3
 Selenge,50-54, Female,2019,52.6
 Selenge,50-54, Female,2018,78.8
 Selenge,50-54, Female,2017,76.7
 Selenge,50-54, Female,2016,63.0
 Selenge,50-54, Female,2015,62.2
 Selenge,50-54, Female,2014,48.2
 Selenge,50-54, Female,2013,67.2
 Selenge,50-54, Female,2012,79.2
 Selenge,50-54, Female,2011,83.6
 Selenge,50-54, Female,2010,78.4
 Selenge,50-54, Female,2009,65.8
 Selenge,55-59,Total,2025,48.4
 Selenge,55-59,Total,2024,43.4
 Selenge,55-59,Total,2023,24.2
 Selenge,55-59,Total,2022,35.1
 Selenge,55-59,Total,2021,45.0
 Selenge,55-59,Total,2020,47.0
 Selenge,55-59,Total,2019,52.7
 Selenge,55-59,Total,2018,55.2
 Selenge,55-59,Total,2017,46.8
 Selenge,55-59,Total,2016,42.9
 Selenge,55-59,Total,2015,28.6
 Selenge,55-59,Total,2014,35.6
 Selenge,55-59,Total,2013,48.5
 Selenge,55-59,Total,2012,43.3
 Selenge,55-59,Total,2011,75.0
 Selenge,55-59,Total,2010,57.6
 Selenge,55-59,Total,2009,54.5
 Selenge,55-59, Male,2025,60.9
 Selenge,55-59, Male,2024,67.2
 Selenge,55-59, Male,2023,33.0
 Selenge,55-59, Male,2022,34.1
 Selenge,55-59, Male,2021,59.0
 Selenge,55-59, Male,2020,61.4
 Selenge,55-59, Male,2019,72.5
 Selenge,55-59, Male,2018,77.6
 Selenge,55-59, Male,2017,66.4
 Selenge,55-59, Male,2016,50.0
 Selenge,55-59, Male,2015,53.0
 Selenge,55-59, Male,2014,43.4
 Selenge,55-59, Male,2013,55.8
 Selenge,55-59, Male,2012,77.9
 Selenge,55-59, Male,2011,95.7
 Selenge,55-59, Male,2010,66.4
 Selenge,55-59, Male,2009,54.9
 Selenge,55-59, Female,2025,35.2
 Selenge,55-59, Female,2024,21.3
 Selenge,55-59, Female,2023,16.1
 Selenge,55-59, Female,2022,35.8
 Selenge,55-59, Female,2021,30.9
 Selenge,55-59, Female,2020,37.6
 Selenge,55-59, Female,2019,36.1
 Selenge,55-59, Female,2018,37.8
 Selenge,55-59, Female,2017,28.9
 Selenge,55-59, Female,2016,36.1
 Selenge,55-59, Female,2015,6.2
 Selenge,55-59, Female,2014,29.3
 Selenge,55-59, Female,2013,37.6
 Selenge,55-59, Female,2012,28.2
 Selenge,55-59, Female,2011,56.8
 Selenge,55-59, Female,2010,49.6
 Selenge,55-59, Female,2009,54.2
 Selenge,60-64,Total,2025,24.6
 Selenge,60-64,Total,2024,16.9
 Selenge,60-64,Total,2023,15.9
 Selenge,60-64,Total,2022,18.5
 Selenge,60-64,Total,2021,4.7
 Selenge,60-64,Total,2020,13.5
 Selenge,60-64,Total,2019,15.0
 Selenge,60-64,Total,2018,33.6
 Selenge,60-64,Total,2017,27.9
 Selenge,60-64,Total,2016,19.4
 Selenge,60-64,Total,2015,12.1
 Selenge,60-64,Total,2014,4.1
 Selenge,60-64,Total,2013,22.4
 Selenge,60-64,Total,2012,32.7
 Selenge,60-64,Total,2011,58.9
 Selenge,60-64,Total,2010,49.6
 Selenge,60-64,Total,2009,83.9
 Selenge,60-64, Male,2025,36.6
 Selenge,60-64, Male,2024,21.0
 Selenge,60-64, Male,2023,20.8
 Selenge,60-64, Male,2022,17.0
 Selenge,60-64, Male,2021,8.2
 Selenge,60-64, Male,2020,27.8
 Selenge,60-64, Male,2019,25.1
 Selenge,60-64, Male,2018,34.4
 Selenge,60-64, Male,2017,30.3
 Selenge,60-64, Male,2016,25.7
 Selenge,60-64, Male,2015,14.9
 Selenge,60-64, Male,2014,10.0
 Selenge,60-64, Male,2013,16.0
 Selenge,60-64, Male,2012,47.1
 Selenge,60-64, Male,2011,60.2
 Selenge,60-64, Male,2010,63.9
 Selenge,60-64, Male,2009,87.0
 Selenge,60-64, Female,2025,14.9
 Selenge,60-64, Female,2024,14.3
 Selenge,60-64, Female,2023,13.1
 Selenge,60-64, Female,2022,20.0
 Selenge,60-64, Female,2021,2.9
 Selenge,60-64, Female,2020,5.7
 Selenge,60-64, Female,2019,4.5
 Selenge,60-64, Female,2018,32.7
 Selenge,60-64, Female,2017,25.3
 Selenge,60-64, Female,2016,15.1
 Selenge,60-64, Female,2015,8.8
 Selenge,60-64, Female,2014,0.0
 Selenge,60-64, Female,2013,28.4
 Selenge,60-64, Female,2012,15.7
 Selenge,60-64, Female,2011,57.2
 Selenge,60-64, Female,2010,36.4
 Selenge,60-64, Female,2009,79.1
 Selenge,65-69,Total,2025,10.7
 Selenge,65-69,Total,2024,14.7
 Selenge,65-69,Total,2023,4.6
 Selenge,65-69,Total,2022,5.2
 Selenge,65-69,Total,2021,2.0
 Selenge,65-69,Total,2020,10.2
 Selenge,65-69,Total,2019,24.5
 Selenge,65-69,Total,2018,25.1
 Selenge,65-69,Total,2017,14.1
 Selenge,65-69,Total,2016,10.1
 Selenge,65-69,Total,2015,8.6
 Selenge,65-69,Total,2014,0.0
 Selenge,65-69,Total,2013,15.6
 Selenge,65-69,Total,2012,19.8
 Selenge,65-69,Total,2011,34.0
 Selenge,65-69,Total,2010,50.3
 Selenge,65-69,Total,2009,26.8
 Selenge,65-69, Male,2025,16.7
 Selenge,65-69, Male,2024,21.5
 Selenge,65-69, Male,2023,8.3
 Selenge,65-69, Male,2022,4.2
 Selenge,65-69, Male,2021,0.0
 Selenge,65-69, Male,2020,12.1
 Selenge,65-69, Male,2019,17.5
 Selenge,65-69, Male,2018,15.1
 Selenge,65-69, Male,2017,0.0
 Selenge,65-69, Male,2016,7.2
 Selenge,65-69, Male,2015,9.1
 Selenge,65-69, Male,2014,0.0
 Selenge,65-69, Male,2013,8.6
 Selenge,65-69, Male,2012,23.3
 Selenge,65-69, Male,2011,32.2
 Selenge,65-69, Male,2010,45.7
 Selenge,65-69, Male,2009,41.5
 Selenge,65-69, Female,2025,3.9
 Selenge,65-69, Female,2024,9.4
 Selenge,65-69, Female,2023,0.0
 Selenge,65-69, Female,2022,7.0
 Selenge,65-69, Female,2021,4.6
 Selenge,65-69, Female,2020,8.9
 Selenge,65-69, Female,2019,32.0
 Selenge,65-69, Female,2018,37.0
 Selenge,65-69, Female,2017,24.0
 Selenge,65-69, Female,2016,12.9
 Selenge,65-69, Female,2015,8.2
 Selenge,65-69, Female,2014,0.0
 Selenge,65-69, Female,2013,24.5
 Selenge,65-69, Female,2012,15.7
 Selenge,65-69, Female,2011,36.7
 Selenge,65-69, Female,2010,55.7
 Selenge,65-69, Female,2009,14.7
 Selenge,70+,Total,2025,1.9
 Selenge,70+,Total,2024,8.6
 Selenge,70+,Total,2023,1.7
 Selenge,70+,Total,2022,0.0
 Selenge,70+,Total,2021,0.4
 Selenge,70+,Total,2020,7.1
 Selenge,70+,Total,2019,7.5
 Selenge,70+,Total,2018,3.1
 Selenge,70+,Total,2017,15.7
 Selenge,70+,Total,2016,8.2
 Selenge,70+,Total,2015,0.0
 Selenge,70+,Total,2014,2.4
 Selenge,70+,Total,2013,3.5
 Selenge,70+,Total,2012,20.8
 Selenge,70+,Total,2011,26.4
 Selenge,70+,Total,2010,3.4
 Selenge,70+,Total,2009,13.6
 Selenge,70+, Male,2025,1.3
 Selenge,70+, Male,2024,13.2
 Selenge,70+, Male,2023,0.0
 Selenge,70+, Male,2022,0.0
 Selenge,70+, Male,2021,0.7
 Selenge,70+, Male,2020,6.6
 Selenge,70+, Male,2019,14.9
 Selenge,70+, Male,2018,9.3
 Selenge,70+, Male,2017,17.2
 Selenge,70+, Male,2016,12.0
 Selenge,70+, Male,2015,0.0
 Selenge,70+, Male,2014,4.1
 Selenge,70+, Male,2013,7.1
 Selenge,70+, Male,2012,10.3
 Selenge,70+, Male,2011,38.7
 Selenge,70+, Male,2010,7.2
 Selenge,70+, Male,2009,0.0
 Selenge,70+, Female,2025,2.4
 Selenge,70+, Female,2024,2.8
 Selenge,70+, Female,2023,4.8
 Selenge,70+, Female,2022,0.0
 Selenge,70+, Female,2021,0.0
 Selenge,70+, Female,2020,7.4
 Selenge,70+, Female,2019,0.0
 Selenge,70+, Female,2018,0.0
 Selenge,70+, Female,2017,14.5
 Selenge,70+, Female,2016,5.0
 Selenge,70+, Female,2015,0.0
 Selenge,70+, Female,2014,0.0
 Selenge,70+, Female,2013,0.0
 Selenge,70+, Female,2012,26.4
 Selenge,70+, Female,2011,13.8
 Selenge,70+, Female,2010,0.0
 Selenge,70+, Female,2009,23.3
 Tuv,Total,Total,2025,50.5
 Tuv,Total,Total,2024,56.8
 Tuv,Total,Total,2023,73.0
 Tuv,Total,Total,2022,63.3
 Tuv,Total,Total,2021,66.8
 Tuv,Total,Total,2020,75.1
 Tuv,Total,Total,2019,70.1
 Tuv,Total,Total,2018,78.9
 Tuv,Total,Total,2017,79.6
 Tuv,Total,Total,2016,77.6
 Tuv,Total,Total,2015,77.2
 Tuv,Total,Total,2014,75.2
 Tuv,Total,Total,2013,75.3
 Tuv,Total,Total,2012,75.8
 Tuv,Total,Total,2011,79.4
 Tuv,Total,Total,2010,73.6
 Tuv,Total,Total,2009,75.4
 Tuv,Total, Male,2025,57.9
 Tuv,Total, Male,2024,62.4
 Tuv,Total, Male,2023,82.2
 Tuv,Total, Male,2022,67.4
 Tuv,Total, Male,2021,76.7
 Tuv,Total, Male,2020,80.7
 Tuv,Total, Male,2019,80.5
 Tuv,Total, Male,2018,83.6
 Tuv,Total, Male,2017,83.6
 Tuv,Total, Male,2016,80.0
 Tuv,Total, Male,2015,80.4
 Tuv,Total, Male,2014,80.7
 Tuv,Total, Male,2013,81.5
 Tuv,Total, Male,2012,79.9
 Tuv,Total, Male,2011,83.2
 Tuv,Total, Male,2010,78.4
 Tuv,Total, Male,2009,82.1
 Tuv,Total, Female,2025,43.6
 Tuv,Total, Female,2024,51.1
 Tuv,Total, Female,2023,64.4
 Tuv,Total, Female,2022,58.7
 Tuv,Total, Female,2021,57.0
 Tuv,Total, Female,2020,69.3
 Tuv,Total, Female,2019,60.9
 Tuv,Total, Female,2018,74.6
 Tuv,Total, Female,2017,75.5
 Tuv,Total, Female,2016,75.3
 Tuv,Total, Female,2015,73.9
 Tuv,Total, Female,2014,69.6
 Tuv,Total, Female,2013,69.4
 Tuv,Total, Female,2012,71.6
 Tuv,Total, Female,2011,75.5
 Tuv,Total, Female,2010,68.8
 Tuv,Total, Female,2009,69.7
 Tuv,15-19,Total,2025,9.7
 Tuv,15-19,Total,2024,3.1
 Tuv,15-19,Total,2023,8.1
 Tuv,15-19,Total,2022,12.7
 Tuv,15-19,Total,2021,22.9
 Tuv,15-19,Total,2020,37.8
 Tuv,15-19,Total,2019,20.5
 Tuv,15-19,Total,2018,23.9
 Tuv,15-19,Total,2017,13.5
 Tuv,15-19,Total,2016,10.9
 Tuv,15-19,Total,2015,34.1
 Tuv,15-19,Total,2014,27.9
 Tuv,15-19,Total,2013,20.0
 Tuv,15-19,Total,2012,43.5
 Tuv,15-19,Total,2011,35.6
 Tuv,15-19,Total,2010,26.4
 Tuv,15-19,Total,2009,28.6
 Tuv,15-19, Male,2025,16.6
 Tuv,15-19, Male,2024,6.0
 Tuv,15-19, Male,2023,18.5
 Tuv,15-19, Male,2022,24.1
 Tuv,15-19, Male,2021,29.5
 Tuv,15-19, Male,2020,49.9
 Tuv,15-19, Male,2019,26.5
 Tuv,15-19, Male,2018,32.6
 Tuv,15-19, Male,2017,18.3
 Tuv,15-19, Male,2016,15.1
 Tuv,15-19, Male,2015,39.0
 Tuv,15-19, Male,2014,41.4
 Tuv,15-19, Male,2013,25.5
 Tuv,15-19, Male,2012,48.3
 Tuv,15-19, Male,2011,36.4
 Tuv,15-19, Male,2010,27.9
 Tuv,15-19, Male,2009,39.6
 Tuv,15-19, Female,2025,1.4
 Tuv,15-19, Female,2024,0.0
 Tuv,15-19, Female,2023,2.9
 Tuv,15-19, Female,2022,1.3
 Tuv,15-19, Female,2021,13.0
 Tuv,15-19, Female,2020,22.5
 Tuv,15-19, Female,2019,16.8
 Tuv,15-19, Female,2018,16.9
 Tuv,15-19, Female,2017,7.8
 Tuv,15-19, Female,2016,5.8
 Tuv,15-19, Female,2015,27.9
 Tuv,15-19, Female,2014,8.5
 Tuv,15-19, Female,2013,16.0
 Tuv,15-19, Female,2012,38.1
 Tuv,15-19, Female,2011,34.6
 Tuv,15-19, Female,2010,24.2
 Tuv,15-19, Female,2009,20.7
 Tuv,20-24,Total,2025,31.3
 Tuv,20-24,Total,2024,32.9
 Tuv,20-24,Total,2023,60.1
 Tuv,20-24,Total,2022,51.8
 Tuv,20-24,Total,2021,43.8
 Tuv,20-24,Total,2020,75.8
 Tuv,20-24,Total,2019,60.8
 Tuv,20-24,Total,2018,70.6
 Tuv,20-24,Total,2017,73.6
 Tuv,20-24,Total,2016,70.2
 Tuv,20-24,Total,2015,71.6
 Tuv,20-24,Total,2014,68.7
 Tuv,20-24,Total,2013,67.9
 Tuv,20-24,Total,2012,67.6
 Tuv,20-24,Total,2011,75.7
 Tuv,20-24,Total,2010,73.7
 Tuv,20-24,Total,2009,71.8
 Tuv,20-24, Male,2025,56.6
 Tuv,20-24, Male,2024,28.0
 Tuv,20-24, Male,2023,72.2
 Tuv,20-24, Male,2022,58.3
 Tuv,20-24, Male,2021,62.5
 Tuv,20-24, Male,2020,77.6
 Tuv,20-24, Male,2019,73.8
 Tuv,20-24, Male,2018,67.2
 Tuv,20-24, Male,2017,78.1
 Tuv,20-24, Male,2016,74.0
 Tuv,20-24, Male,2015,86.7
 Tuv,20-24, Male,2014,76.8
 Tuv,20-24, Male,2013,75.6
 Tuv,20-24, Male,2012,77.3
 Tuv,20-24, Male,2011,85.3
 Tuv,20-24, Male,2010,84.7
 Tuv,20-24, Male,2009,78.2
 Tuv,20-24, Female,2025,7.4
 Tuv,20-24, Female,2024,37.8
 Tuv,20-24, Female,2023,37.2
 Tuv,20-24, Female,2022,39.7
 Tuv,20-24, Female,2021,19.9
 Tuv,20-24, Female,2020,72.5
 Tuv,20-24, Female,2019,41.0
 Tuv,20-24, Female,2018,75.0
 Tuv,20-24, Female,2017,69.5
 Tuv,20-24, Female,2016,66.7
 Tuv,20-24, Female,2015,51.2
 Tuv,20-24, Female,2014,59.8
 Tuv,20-24, Female,2013,60.4
 Tuv,20-24, Female,2012,55.5
 Tuv,20-24, Female,2011,62.1
 Tuv,20-24, Female,2010,59.5
 Tuv,20-24, Female,2009,66.1
 Tuv,25-29,Total,2025,79.1
 Tuv,25-29,Total,2024,83.9
 Tuv,25-29,Total,2023,98.1
 Tuv,25-29,Total,2022,77.8
 Tuv,25-29,Total,2021,83.5
 Tuv,25-29,Total,2020,94.7
 Tuv,25-29,Total,2019,79.0
 Tuv,25-29,Total,2018,85.8
 Tuv,25-29,Total,2017,83.8
 Tuv,25-29,Total,2016,90.7
 Tuv,25-29,Total,2015,79.4
 Tuv,25-29,Total,2014,77.9
 Tuv,25-29,Total,2013,86.5
 Tuv,25-29,Total,2012,81.6
 Tuv,25-29,Total,2011,90.4
 Tuv,25-29,Total,2010,87.8
 Tuv,25-29,Total,2009,86.2
 Tuv,25-29, Male,2025,100.0
 Tuv,25-29, Male,2024,98.2
 Tuv,25-29, Male,2023,100.0
 Tuv,25-29, Male,2022,90.8
 Tuv,25-29, Male,2021,93.3
 Tuv,25-29, Male,2020,97.6
 Tuv,25-29, Male,2019,100.0
 Tuv,25-29, Male,2018,92.4
 Tuv,25-29, Male,2017,87.9
 Tuv,25-29, Male,2016,98.3
 Tuv,25-29, Male,2015,88.7
 Tuv,25-29, Male,2014,85.5
 Tuv,25-29, Male,2013,98.6
 Tuv,25-29, Male,2012,89.1
 Tuv,25-29, Male,2011,95.2
 Tuv,25-29, Male,2010,92.1
 Tuv,25-29, Male,2009,100.0
 Tuv,25-29, Female,2025,61.2
 Tuv,25-29, Female,2024,62.8
 Tuv,25-29, Female,2023,95.8
 Tuv,25-29, Female,2022,58.7
 Tuv,25-29, Female,2021,74.2
 Tuv,25-29, Female,2020,91.1
 Tuv,25-29, Female,2019,52.9
 Tuv,25-29, Female,2018,80.6
 Tuv,25-29, Female,2017,79.4
 Tuv,25-29, Female,2016,81.4
 Tuv,25-29, Female,2015,68.3
 Tuv,25-29, Female,2014,68.5
 Tuv,25-29, Female,2013,71.7
 Tuv,25-29, Female,2012,73.7
 Tuv,25-29, Female,2011,85.5
 Tuv,25-29, Female,2010,84.3
 Tuv,25-29, Female,2009,75.0
 Tuv,30-34,Total,2025,90.9
 Tuv,30-34,Total,2024,75.4
 Tuv,30-34,Total,2023,93.5
 Tuv,30-34,Total,2022,81.2
 Tuv,30-34,Total,2021,77.1
 Tuv,30-34,Total,2020,86.5
 Tuv,30-34,Total,2019,95.0
 Tuv,30-34,Total,2018,89.6
 Tuv,30-34,Total,2017,90.6
 Tuv,30-34,Total,2016,90.9
 Tuv,30-34,Total,2015,87.7
 Tuv,30-34,Total,2014,85.8
 Tuv,30-34,Total,2013,86.2
 Tuv,30-34,Total,2012,90.6
 Tuv,30-34,Total,2011,91.9
 Tuv,30-34,Total,2010,89.5
 Tuv,30-34,Total,2009,90.9
 Tuv,30-34, Male,2025,94.6
 Tuv,30-34, Male,2024,81.0
 Tuv,30-34, Male,2023,92.7
 Tuv,30-34, Male,2022,85.8
 Tuv,30-34, Male,2021,94.6
 Tuv,30-34, Male,2020,90.3
 Tuv,30-34, Male,2019,91.4
 Tuv,30-34, Male,2018,100.0
 Tuv,30-34, Male,2017,100.0
 Tuv,30-34, Male,2016,95.2
 Tuv,30-34, Male,2015,91.8
 Tuv,30-34, Male,2014,97.1
 Tuv,30-34, Male,2013,94.5
 Tuv,30-34, Male,2012,95.6
 Tuv,30-34, Male,2011,91.9
 Tuv,30-34, Male,2010,96.2
 Tuv,30-34, Male,2009,96.3
 Tuv,30-34, Female,2025,86.1
 Tuv,30-34, Female,2024,68.0
 Tuv,30-34, Female,2023,94.4
 Tuv,30-34, Female,2022,75.3
 Tuv,30-34, Female,2021,53.5
 Tuv,30-34, Female,2020,80.4
 Tuv,30-34, Female,2019,97.2
 Tuv,30-34, Female,2018,77.9
 Tuv,30-34, Female,2017,82.0
 Tuv,30-34, Female,2016,85.7
 Tuv,30-34, Female,2015,83.6
 Tuv,30-34, Female,2014,74.3
 Tuv,30-34, Female,2013,77.2
 Tuv,30-34, Female,2012,84.7
 Tuv,30-34, Female,2011,91.8
 Tuv,30-34, Female,2010,83.1
 Tuv,30-34, Female,2009,85.1
 Tuv,35-39,Total,2025,88.5
 Tuv,35-39,Total,2024,89.3
 Tuv,35-39,Total,2023,96.5
 Tuv,35-39,Total,2022,88.8
 Tuv,35-39,Total,2021,84.1
 Tuv,35-39,Total,2020,82.5
 Tuv,35-39,Total,2019,84.6
 Tuv,35-39,Total,2018,90.0
 Tuv,35-39,Total,2017,95.1
 Tuv,35-39,Total,2016,94.4
 Tuv,35-39,Total,2015,94.8
 Tuv,35-39,Total,2014,94.4
 Tuv,35-39,Total,2013,89.1
 Tuv,35-39,Total,2012,91.5
 Tuv,35-39,Total,2011,89.8
 Tuv,35-39,Total,2010,90.9
 Tuv,35-39,Total,2009,93.3
 Tuv,35-39, Male,2025,87.5
 Tuv,35-39, Male,2024,88.6
 Tuv,35-39, Male,2023,95.3
 Tuv,35-39, Male,2022,87.1
 Tuv,35-39, Male,2021,95.9
 Tuv,35-39, Male,2020,89.0
 Tuv,35-39, Male,2019,85.1
 Tuv,35-39, Male,2018,94.1
 Tuv,35-39, Male,2017,96.6
 Tuv,35-39, Male,2016,92.1
 Tuv,35-39, Male,2015,100.0
 Tuv,35-39, Male,2014,96.7
 Tuv,35-39, Male,2013,88.9
 Tuv,35-39, Male,2012,93.2
 Tuv,35-39, Male,2011,97.8
 Tuv,35-39, Male,2010,98.5
 Tuv,35-39, Male,2009,100.0
 Tuv,35-39, Female,2025,89.3
 Tuv,35-39, Female,2024,90.1
 Tuv,35-39, Female,2023,98.1
 Tuv,35-39, Female,2022,90.6
 Tuv,35-39, Female,2021,74.3
 Tuv,35-39, Female,2020,80.0
 Tuv,35-39, Female,2019,84.2
 Tuv,35-39, Female,2018,86.5
 Tuv,35-39, Female,2017,93.6
 Tuv,35-39, Female,2016,96.5
 Tuv,35-39, Female,2015,90.3
 Tuv,35-39, Female,2014,92.3
 Tuv,35-39, Female,2013,89.2
 Tuv,35-39, Female,2012,89.2
 Tuv,35-39, Female,2011,84.3
 Tuv,35-39, Female,2010,84.1
 Tuv,35-39, Female,2009,86.8
 Tuv,40-44,Total,2025,82.7
 Tuv,40-44,Total,2024,84.3
 Tuv,40-44,Total,2023,98.4
 Tuv,40-44,Total,2022,88.4
 Tuv,40-44,Total,2021,84.3
 Tuv,40-44,Total,2020,76.6
 Tuv,40-44,Total,2019,90.4
 Tuv,40-44,Total,2018,96.0
 Tuv,40-44,Total,2017,94.4
 Tuv,40-44,Total,2016,95.0
 Tuv,40-44,Total,2015,92.3
 Tuv,40-44,Total,2014,90.4
 Tuv,40-44,Total,2013,95.8
 Tuv,40-44,Total,2012,95.7
 Tuv,40-44,Total,2011,94.5
 Tuv,40-44,Total,2010,95.5
 Tuv,40-44,Total,2009,100.0
 Tuv,40-44, Male,2025,89.1
 Tuv,40-44, Male,2024,95.5
 Tuv,40-44, Male,2023,100.0
 Tuv,40-44, Male,2022,90.1
 Tuv,40-44, Male,2021,81.7
 Tuv,40-44, Male,2020,82.2
 Tuv,40-44, Male,2019,96.0
 Tuv,40-44, Male,2018,97.9
 Tuv,40-44, Male,2017,100.0
 Tuv,40-44, Male,2016,93.4
 Tuv,40-44, Male,2015,92.6
 Tuv,40-44, Male,2014,93.2
 Tuv,40-44, Male,2013,98.4
 Tuv,40-44, Male,2012,96.6
 Tuv,40-44, Male,2011,98.4
 Tuv,40-44, Male,2010,97.8
 Tuv,40-44, Male,2009,100.0
 Tuv,40-44, Female,2025,75.0
 Tuv,40-44, Female,2024,74.4
 Tuv,40-44, Female,2023,96.2
 Tuv,40-44, Female,2022,86.0
 Tuv,40-44, Female,2021,86.9
 Tuv,40-44, Female,2020,71.0
 Tuv,40-44, Female,2019,85.8
 Tuv,40-44, Female,2018,94.1
 Tuv,40-44, Female,2017,89.2
 Tuv,40-44, Female,2016,96.7
 Tuv,40-44, Female,2015,92.1
 Tuv,40-44, Female,2014,87.8
 Tuv,40-44, Female,2013,92.8
 Tuv,40-44, Female,2012,94.8
 Tuv,40-44, Female,2011,89.8
 Tuv,40-44, Female,2010,93.2
 Tuv,40-44, Female,2009,100.0
 Tuv,45-49,Total,2025,84.8
 Tuv,45-49,Total,2024,87.5
 Tuv,45-49,Total,2023,97.5
 Tuv,45-49,Total,2022,84.2
 Tuv,45-49,Total,2021,87.0
 Tuv,45-49,Total,2020,93.0
 Tuv,45-49,Total,2019,89.9
 Tuv,45-49,Total,2018,92.6
 Tuv,45-49,Total,2017,93.5
 Tuv,45-49,Total,2016,91.8
 Tuv,45-49,Total,2015,92.2
 Tuv,45-49,Total,2014,92.4
 Tuv,45-49,Total,2013,90.5
 Tuv,45-49,Total,2012,89.6
 Tuv,45-49,Total,2011,93.8
 Tuv,45-49,Total,2010,92.5
 Tuv,45-49,Total,2009,92.7
 Tuv,45-49, Male,2025,86.9
 Tuv,45-49, Male,2024,88.2
 Tuv,45-49, Male,2023,100.0
 Tuv,45-49, Male,2022,87.4
 Tuv,45-49, Male,2021,81.2
 Tuv,45-49, Male,2020,88.4
 Tuv,45-49, Male,2019,90.7
 Tuv,45-49, Male,2018,94.8
 Tuv,45-49, Male,2017,96.2
 Tuv,45-49, Male,2016,95.8
 Tuv,45-49, Male,2015,92.7
 Tuv,45-49, Male,2014,93.0
 Tuv,45-49, Male,2013,95.3
 Tuv,45-49, Male,2012,89.8
 Tuv,45-49, Male,2011,95.7
 Tuv,45-49, Male,2010,93.9
 Tuv,45-49, Male,2009,95.4
 Tuv,45-49, Female,2025,82.7
 Tuv,45-49, Female,2024,86.6
 Tuv,45-49, Female,2023,95.9
 Tuv,45-49, Female,2022,81.4
 Tuv,45-49, Female,2021,97.5
 Tuv,45-49, Female,2020,97.2
 Tuv,45-49, Female,2019,89.0
 Tuv,45-49, Female,2018,91.1
 Tuv,45-49, Female,2017,90.7
 Tuv,45-49, Female,2016,88.8
 Tuv,45-49, Female,2015,91.6
 Tuv,45-49, Female,2014,92.0
 Tuv,45-49, Female,2013,86.9
 Tuv,45-49, Female,2012,89.5
 Tuv,45-49, Female,2011,92.1
 Tuv,45-49, Female,2010,91.2
 Tuv,45-49, Female,2009,90.7
 Tuv,50-54,Total,2025,79.8
 Tuv,50-54,Total,2024,83.9
 Tuv,50-54,Total,2023,93.9
 Tuv,50-54,Total,2022,65.2
 Tuv,50-54,Total,2021,89.7
 Tuv,50-54,Total,2020,89.1
 Tuv,50-54,Total,2019,84.7
 Tuv,50-54,Total,2018,90.5
 Tuv,50-54,Total,2017,91.0
 Tuv,50-54,Total,2016,88.1
 Tuv,50-54,Total,2015,90.0
 Tuv,50-54,Total,2014,84.0
 Tuv,50-54,Total,2013,87.0
 Tuv,50-54,Total,2012,81.7
 Tuv,50-54,Total,2011,92.3
 Tuv,50-54,Total,2010,89.8
 Tuv,50-54,Total,2009,78.5
 Tuv,50-54, Male,2025,75.8
 Tuv,50-54, Male,2024,82.1
 Tuv,50-54, Male,2023,90.3
 Tuv,50-54, Male,2022,47.2
 Tuv,50-54, Male,2021,97.8
 Tuv,50-54, Male,2020,92.7
 Tuv,50-54, Male,2019,92.8
 Tuv,50-54, Male,2018,95.4
 Tuv,50-54, Male,2017,94.3
 Tuv,50-54, Male,2016,88.6
 Tuv,50-54, Male,2015,90.9
 Tuv,50-54, Male,2014,88.6
 Tuv,50-54, Male,2013,86.9
 Tuv,50-54, Male,2012,77.1
 Tuv,50-54, Male,2011,96.0
 Tuv,50-54, Male,2010,94.1
 Tuv,50-54, Male,2009,88.2
 Tuv,50-54, Female,2025,83.5
 Tuv,50-54, Female,2024,85.3
 Tuv,50-54, Female,2023,98.7
 Tuv,50-54, Female,2022,76.2
 Tuv,50-54, Female,2021,84.5
 Tuv,50-54, Female,2020,84.5
 Tuv,50-54, Female,2019,73.0
 Tuv,50-54, Female,2018,85.2
 Tuv,50-54, Female,2017,87.7
 Tuv,50-54, Female,2016,87.6
 Tuv,50-54, Female,2015,89.3
 Tuv,50-54, Female,2014,78.4
 Tuv,50-54, Female,2013,87.1
 Tuv,50-54, Female,2012,85.3
 Tuv,50-54, Female,2011,88.5
 Tuv,50-54, Female,2010,86.3
 Tuv,50-54, Female,2009,66.9
 Tuv,55-59,Total,2025,33.5
 Tuv,55-59,Total,2024,46.6
 Tuv,55-59,Total,2023,82.7
 Tuv,55-59,Total,2022,56.5
 Tuv,55-59,Total,2021,63.5
 Tuv,55-59,Total,2020,72.2
 Tuv,55-59,Total,2019,61.5
 Tuv,55-59,Total,2018,81.3
 Tuv,55-59,Total,2017,79.1
 Tuv,55-59,Total,2016,77.7
 Tuv,55-59,Total,2015,67.3
 Tuv,55-59,Total,2014,71.7
 Tuv,55-59,Total,2013,73.5
 Tuv,55-59,Total,2012,69.5
 Tuv,55-59,Total,2011,66.7
 Tuv,55-59,Total,2010,59.3
 Tuv,55-59,Total,2009,79.9
 Tuv,55-59, Male,2025,68.8
 Tuv,55-59, Male,2024,61.3
 Tuv,55-59, Male,2023,91.4
 Tuv,55-59, Male,2022,65.5
 Tuv,55-59, Male,2021,71.7
 Tuv,55-59, Male,2020,86.3
 Tuv,55-59, Male,2019,77.9
 Tuv,55-59, Male,2018,86.4
 Tuv,55-59, Male,2017,80.2
 Tuv,55-59, Male,2016,90.0
 Tuv,55-59, Male,2015,73.7
 Tuv,55-59, Male,2014,80.4
 Tuv,55-59, Male,2013,83.1
 Tuv,55-59, Male,2012,76.8
 Tuv,55-59, Male,2011,83.6
 Tuv,55-59, Male,2010,87.2
 Tuv,55-59, Male,2009,100.0
 Tuv,55-59, Female,2025,6.5
 Tuv,55-59, Female,2024,33.4
 Tuv,55-59, Female,2023,72.2
 Tuv,55-59, Female,2022,47.4
 Tuv,55-59, Female,2021,54.2
 Tuv,55-59, Female,2020,59.3
 Tuv,55-59, Female,2019,49.2
 Tuv,55-59, Female,2018,77.7
 Tuv,55-59, Female,2017,77.8
 Tuv,55-59, Female,2016,65.3
 Tuv,55-59, Female,2015,60.4
 Tuv,55-59, Female,2014,63.4
 Tuv,55-59, Female,2013,66.5
 Tuv,55-59, Female,2012,61.6
 Tuv,55-59, Female,2011,40.9
 Tuv,55-59, Female,2010,38.0
 Tuv,55-59, Female,2009,69.2
 Tuv,60-64,Total,2025,6.5
 Tuv,60-64,Total,2024,31.5
 Tuv,60-64,Total,2023,47.4
 Tuv,60-64,Total,2022,32.1
 Tuv,60-64,Total,2021,60.9
 Tuv,60-64,Total,2020,51.7
 Tuv,60-64,Total,2019,48.4
 Tuv,60-64,Total,2018,60.3
 Tuv,60-64,Total,2017,69.1
 Tuv,60-64,Total,2016,64.6
 Tuv,60-64,Total,2015,61.8
 Tuv,60-64,Total,2014,48.7
 Tuv,60-64,Total,2013,67.4
 Tuv,60-64,Total,2012,52.4
 Tuv,60-64,Total,2011,48.3
 Tuv,60-64,Total,2010,55.9
 Tuv,60-64,Total,2009,50.8
 Tuv,60-64, Male,2025,5.7
 Tuv,60-64, Male,2024,24.4
 Tuv,60-64, Male,2023,62.3
 Tuv,60-64, Male,2022,31.5
 Tuv,60-64, Male,2021,78.8
 Tuv,60-64, Male,2020,45.5
 Tuv,60-64, Male,2019,66.3
 Tuv,60-64, Male,2018,68.0
 Tuv,60-64, Male,2017,68.8
 Tuv,60-64, Male,2016,71.8
 Tuv,60-64, Male,2015,62.1
 Tuv,60-64, Male,2014,61.7
 Tuv,60-64, Male,2013,75.8
 Tuv,60-64, Male,2012,67.1
 Tuv,60-64, Male,2011,42.8
 Tuv,60-64, Male,2010,54.6
 Tuv,60-64, Male,2009,47.9
 Tuv,60-64, Female,2025,7.2
 Tuv,60-64, Female,2024,38.8
 Tuv,60-64, Female,2023,38.7
 Tuv,60-64, Female,2022,32.7
 Tuv,60-64, Female,2021,49.5
 Tuv,60-64, Female,2020,62.0
 Tuv,60-64, Female,2019,37.9
 Tuv,60-64, Female,2018,50.5
 Tuv,60-64, Female,2017,69.3
 Tuv,60-64, Female,2016,59.2
 Tuv,60-64, Female,2015,61.5
 Tuv,60-64, Female,2014,23.2
 Tuv,60-64, Female,2013,61.1
 Tuv,60-64, Female,2012,42.5
 Tuv,60-64, Female,2011,56.6
 Tuv,60-64, Female,2010,58.0
 Tuv,60-64, Female,2009,53.9
 Tuv,65-69,Total,2025,8.0
 Tuv,65-69,Total,2024,10.4
 Tuv,65-69,Total,2023,35.3
 Tuv,65-69,Total,2022,29.7
 Tuv,65-69,Total,2021,46.7
 Tuv,65-69,Total,2020,79.9
 Tuv,65-69,Total,2019,38.2
 Tuv,65-69,Total,2018,53.9
 Tuv,65-69,Total,2017,74.7
 Tuv,65-69,Total,2016,50.0
 Tuv,65-69,Total,2015,48.1
 Tuv,65-69,Total,2014,61.1
 Tuv,65-69,Total,2013,60.8
 Tuv,65-69,Total,2012,72.1
 Tuv,65-69,Total,2011,60.2
 Tuv,65-69,Total,2010,23.4
 Tuv,65-69,Total,2009,38.6
 Tuv,65-69, Male,2025,8.2
 Tuv,65-69, Male,2024,15.0
 Tuv,65-69, Male,2023,12.6
 Tuv,65-69, Male,2022,56.1
 Tuv,65-69, Male,2021,58.6
 Tuv,65-69, Male,2020,90.8
 Tuv,65-69, Male,2019,49.8
 Tuv,65-69, Male,2018,56.1
 Tuv,65-69, Male,2017,91.9
 Tuv,65-69, Male,2016,46.0
 Tuv,65-69, Male,2015,41.3
 Tuv,65-69, Male,2014,75.2
 Tuv,65-69, Male,2013,58.3
 Tuv,65-69, Male,2012,65.9
 Tuv,65-69, Male,2011,70.6
 Tuv,65-69, Male,2010,31.4
 Tuv,65-69, Male,2009,28.8
 Tuv,65-69, Female,2025,7.8
 Tuv,65-69, Female,2024,6.9
 Tuv,65-69, Female,2023,52.4
 Tuv,65-69, Female,2022,10.0
 Tuv,65-69, Female,2021,34.9
 Tuv,65-69, Female,2020,69.3
 Tuv,65-69, Female,2019,25.5
 Tuv,65-69, Female,2018,51.3
 Tuv,65-69, Female,2017,57.5
 Tuv,65-69, Female,2016,54.9
 Tuv,65-69, Female,2015,57.6
 Tuv,65-69, Female,2014,47.1
 Tuv,65-69, Female,2013,65.6
 Tuv,65-69, Female,2012,79.8
 Tuv,65-69, Female,2011,49.8
 Tuv,65-69, Female,2010,11.7
 Tuv,65-69, Female,2009,46.1
 Tuv,70+,Total,2025,1.5
 Tuv,70+,Total,2024,9.3
 Tuv,70+,Total,2023,21.8
 Tuv,70+,Total,2022,11.9
 Tuv,70+,Total,2021,10.0
 Tuv,70+,Total,2020,7.3
 Tuv,70+,Total,2019,12.6
 Tuv,70+,Total,2018,47.7
 Tuv,70+,Total,2017,36.4
 Tuv,70+,Total,2016,20.6
 Tuv,70+,Total,2015,22.9
 Tuv,70+,Total,2014,33.9
 Tuv,70+,Total,2013,34.0
 Tuv,70+,Total,2012,31.9
 Tuv,70+,Total,2011,28.6
 Tuv,70+,Total,2010,15.0
 Tuv,70+,Total,2009,16.7
 Tuv,70+, Male,2025,1.9
 Tuv,70+, Male,2024,27.3
 Tuv,70+, Male,2023,67.8
 Tuv,70+, Male,2022,10.5
 Tuv,70+, Male,2021,27.5
 Tuv,70+, Male,2020,8.5
 Tuv,70+, Male,2019,7.7
 Tuv,70+, Male,2018,55.1
 Tuv,70+, Male,2017,51.7
 Tuv,70+, Male,2016,12.2
 Tuv,70+, Male,2015,13.3
 Tuv,70+, Male,2014,29.8
 Tuv,70+, Male,2013,39.8
 Tuv,70+, Male,2012,33.2
 Tuv,70+, Male,2011,49.0
 Tuv,70+, Male,2010,22.1
 Tuv,70+, Male,2009,34.1
 Tuv,70+, Female,2025,1.2
 Tuv,70+, Female,2024,1.6
 Tuv,70+, Female,2023,10.8
 Tuv,70+, Female,2022,13.3
 Tuv,70+, Female,2021,6.8
 Tuv,70+, Female,2020,7.0
 Tuv,70+, Female,2019,14.1
 Tuv,70+, Female,2018,40.7
 Tuv,70+, Female,2017,22.1
 Tuv,70+, Female,2016,28.9
 Tuv,70+, Female,2015,30.0
 Tuv,70+, Female,2014,37.2
 Tuv,70+, Female,2013,28.2
 Tuv,70+, Female,2012,30.9
 Tuv,70+, Female,2011,13.1
 Tuv,70+, Female,2010,10.3
 Tuv,70+, Female,2009,0.0
 Eastern region,Total,Total,2025,68.8
 Eastern region,Total,Total,2024,68.7
 Eastern region,Total,Total,2023,70.9
 Eastern region,Total,Total,2022,67.5
 Eastern region,Total,Total,2021,69.7
 Eastern region,Total,Total,2020,65.3
 Eastern region,Total,Total,2019,67.5
 Eastern region,Total,Total,2018,59.3
 Eastern region,Total,Total,2017,59.2
 Eastern region,Total,Total,2016,63.3
 Eastern region,Total,Total,2015,65.6
 Eastern region,Total,Total,2014,62.5
 Eastern region,Total,Total,2013,62.3
 Eastern region,Total,Total,2012,64.2
 Eastern region,Total,Total,2011,57.4
 Eastern region,Total,Total,2010,53.7
 Eastern region,Total,Total,2009,51.8
 Eastern region,Total, Male,2025,76.2
 Eastern region,Total, Male,2024,75.2
 Eastern region,Total, Male,2023,78.3
 Eastern region,Total, Male,2022,73.2
 Eastern region,Total, Male,2021,76.2
 Eastern region,Total, Male,2020,73.3
 Eastern region,Total, Male,2019,72.3
 Eastern region,Total, Male,2018,65.9
 Eastern region,Total, Male,2017,66.2
 Eastern region,Total, Male,2016,68.6
 Eastern region,Total, Male,2015,72.2
 Eastern region,Total, Male,2014,69.3
 Eastern region,Total, Male,2013,68.0
 Eastern region,Total, Male,2012,66.8
 Eastern region,Total, Male,2011,62.4
 Eastern region,Total, Male,2010,56.4
 Eastern region,Total, Male,2009,56.3
 Eastern region,Total, Female,2025,61.6
 Eastern region,Total, Female,2024,62.3
 Eastern region,Total, Female,2023,63.8
 Eastern region,Total, Female,2022,62.1
 Eastern region,Total, Female,2021,63.2
 Eastern region,Total, Female,2020,57.4
 Eastern region,Total, Female,2019,62.5
 Eastern region,Total, Female,2018,52.8
 Eastern region,Total, Female,2017,52.5
 Eastern region,Total, Female,2016,57.9
 Eastern region,Total, Female,2015,59.5
 Eastern region,Total, Female,2014,56.0
 Eastern region,Total, Female,2013,56.7
 Eastern region,Total, Female,2012,61.7
 Eastern region,Total, Female,2011,52.5
 Eastern region,Total, Female,2010,51.1
 Eastern region,Total, Female,2009,47.7
 Eastern region,15-19,Total,2025,18.0
 Eastern region,15-19,Total,2024,11.2
 Eastern region,15-19,Total,2023,11.4
 Eastern region,15-19,Total,2022,15.4
 Eastern region,15-19,Total,2021,15.2
 Eastern region,15-19,Total,2020,14.2
 Eastern region,15-19,Total,2019,17.1
 Eastern region,15-19,Total,2018,12.4
 Eastern region,15-19,Total,2017,9.6
 Eastern region,15-19,Total,2016,12.8
 Eastern region,15-19,Total,2015,14.1
 Eastern region,15-19,Total,2014,10.7
 Eastern region,15-19,Total,2013,18.4
 Eastern region,15-19,Total,2012,35.8
 Eastern region,15-19,Total,2011,19.6
 Eastern region,15-19,Total,2010,20.8
 Eastern region,15-19,Total,2009,18.1
 Eastern region,15-19, Male,2025,27.0
 Eastern region,15-19, Male,2024,15.2
 Eastern region,15-19, Male,2023,18.1
 Eastern region,15-19, Male,2022,20.6
 Eastern region,15-19, Male,2021,18.9
 Eastern region,15-19, Male,2020,23.7
 Eastern region,15-19, Male,2019,25.6
 Eastern region,15-19, Male,2018,18.8
 Eastern region,15-19, Male,2017,17.2
 Eastern region,15-19, Male,2016,14.3
 Eastern region,15-19, Male,2015,20.3
 Eastern region,15-19, Male,2014,15.6
 Eastern region,15-19, Male,2013,23.4
 Eastern region,15-19, Male,2012,37.0
 Eastern region,15-19, Male,2011,24.9
 Eastern region,15-19, Male,2010,24.0
 Eastern region,15-19, Male,2009,24.2
 Eastern region,15-19, Female,2025,7.9
 Eastern region,15-19, Female,2024,5.4
 Eastern region,15-19, Female,2023,4.6
 Eastern region,15-19, Female,2022,10.4
 Eastern region,15-19, Female,2021,10.0
 Eastern region,15-19, Female,2020,5.5
 Eastern region,15-19, Female,2019,4.4
 Eastern region,15-19, Female,2018,4.3
 Eastern region,15-19, Female,2017,2.3
 Eastern region,15-19, Female,2016,10.9
 Eastern region,15-19, Female,2015,7.5
 Eastern region,15-19, Female,2014,5.3
 Eastern region,15-19, Female,2013,12.8
 Eastern region,15-19, Female,2012,34.5
 Eastern region,15-19, Female,2011,13.6
 Eastern region,15-19, Female,2010,17.4
 Eastern region,15-19, Female,2009,12.2
 Eastern region,20-24,Total,2025,67.5
 Eastern region,20-24,Total,2024,49.4
 Eastern region,20-24,Total,2023,79.3
 Eastern region,20-24,Total,2022,61.3
 Eastern region,20-24,Total,2021,52.5
 Eastern region,20-24,Total,2020,58.8
 Eastern region,20-24,Total,2019,67.6
 Eastern region,20-24,Total,2018,47.8
 Eastern region,20-24,Total,2017,48.2
 Eastern region,20-24,Total,2016,53.3
 Eastern region,20-24,Total,2015,61.3
 Eastern region,20-24,Total,2014,56.8
 Eastern region,20-24,Total,2013,57.5
 Eastern region,20-24,Total,2012,59.6
 Eastern region,20-24,Total,2011,48.7
 Eastern region,20-24,Total,2010,47.2
 Eastern region,20-24,Total,2009,44.4
 Eastern region,20-24, Male,2025,71.3
 Eastern region,20-24, Male,2024,69.5
 Eastern region,20-24, Male,2023,87.4
 Eastern region,20-24, Male,2022,80.5
 Eastern region,20-24, Male,2021,59.3
 Eastern region,20-24, Male,2020,71.9
 Eastern region,20-24, Male,2019,73.8
 Eastern region,20-24, Male,2018,57.3
 Eastern region,20-24, Male,2017,56.4
 Eastern region,20-24, Male,2016,66.4
 Eastern region,20-24, Male,2015,73.2
 Eastern region,20-24, Male,2014,66.2
 Eastern region,20-24, Male,2013,65.3
 Eastern region,20-24, Male,2012,63.8
 Eastern region,20-24, Male,2011,54.6
 Eastern region,20-24, Male,2010,52.9
 Eastern region,20-24, Male,2009,53.3
 Eastern region,20-24, Female,2025,60.6
 Eastern region,20-24, Female,2024,29.2
 Eastern region,20-24, Female,2023,70.4
 Eastern region,20-24, Female,2022,39.8
 Eastern region,20-24, Female,2021,46.1
 Eastern region,20-24, Female,2020,47.6
 Eastern region,20-24, Female,2019,60.3
 Eastern region,20-24, Female,2018,37.4
 Eastern region,20-24, Female,2017,38.8
 Eastern region,20-24, Female,2016,40.2
 Eastern region,20-24, Female,2015,50.5
 Eastern region,20-24, Female,2014,46.1
 Eastern region,20-24, Female,2013,46.9
 Eastern region,20-24, Female,2012,55.5
 Eastern region,20-24, Female,2011,42.4
 Eastern region,20-24, Female,2010,41.3
 Eastern region,20-24, Female,2009,37.9
 Eastern region,25-29,Total,2025,82.3
 Eastern region,25-29,Total,2024,92.2
 Eastern region,25-29,Total,2023,92.2
 Eastern region,25-29,Total,2022,81.9
 Eastern region,25-29,Total,2021,88.5
 Eastern region,25-29,Total,2020,87.3
 Eastern region,25-29,Total,2019,86.1
 Eastern region,25-29,Total,2018,71.4
 Eastern region,25-29,Total,2017,76.1
 Eastern region,25-29,Total,2016,80.7
 Eastern region,25-29,Total,2015,81.0
 Eastern region,25-29,Total,2014,77.9
 Eastern region,25-29,Total,2013,76.9
 Eastern region,25-29,Total,2012,74.0
 Eastern region,25-29,Total,2011,70.4
 Eastern region,25-29,Total,2010,64.1
 Eastern region,25-29,Total,2009,68.6
 Eastern region,25-29, Male,2025,93.0
 Eastern region,25-29, Male,2024,99.2
 Eastern region,25-29, Male,2023,99.6
 Eastern region,25-29, Male,2022,90.7
 Eastern region,25-29, Male,2021,94.9
 Eastern region,25-29, Male,2020,88.9
 Eastern region,25-29, Male,2019,89.1
 Eastern region,25-29, Male,2018,77.7
 Eastern region,25-29, Male,2017,83.2
 Eastern region,25-29, Male,2016,87.1
 Eastern region,25-29, Male,2015,89.2
 Eastern region,25-29, Male,2014,91.1
 Eastern region,25-29, Male,2013,83.3
 Eastern region,25-29, Male,2012,74.4
 Eastern region,25-29, Male,2011,76.1
 Eastern region,25-29, Male,2010,67.3
 Eastern region,25-29, Male,2009,68.2
 Eastern region,25-29, Female,2025,71.4
 Eastern region,25-29, Female,2024,84.8
 Eastern region,25-29, Female,2023,83.4
 Eastern region,25-29, Female,2022,73.9
 Eastern region,25-29, Female,2021,80.4
 Eastern region,25-29, Female,2020,84.6
 Eastern region,25-29, Female,2019,83.3
 Eastern region,25-29, Female,2018,65.5
 Eastern region,25-29, Female,2017,69.7
 Eastern region,25-29, Female,2016,74.5
 Eastern region,25-29, Female,2015,72.7
 Eastern region,25-29, Female,2014,66.2
 Eastern region,25-29, Female,2013,71.7
 Eastern region,25-29, Female,2012,73.7
 Eastern region,25-29, Female,2011,64.9
 Eastern region,25-29, Female,2010,60.8
 Eastern region,25-29, Female,2009,69.3
 Eastern region,30-34,Total,2025,90.0
 Eastern region,30-34,Total,2024,89.3
 Eastern region,30-34,Total,2023,84.4
 Eastern region,30-34,Total,2022,88.0
 Eastern region,30-34,Total,2021,88.6
 Eastern region,30-34,Total,2020,89.5
 Eastern region,30-34,Total,2019,86.0
 Eastern region,30-34,Total,2018,79.7
 Eastern region,30-34,Total,2017,79.4
 Eastern region,30-34,Total,2016,83.6
 Eastern region,30-34,Total,2015,84.5
 Eastern region,30-34,Total,2014,79.6
 Eastern region,30-34,Total,2013,79.5
 Eastern region,30-34,Total,2012,80.5
 Eastern region,30-34,Total,2011,74.8
 Eastern region,30-34,Total,2010,71.3
 Eastern region,30-34,Total,2009,70.0
 Eastern region,30-34, Male,2025,97.9
 Eastern region,30-34, Male,2024,93.1
 Eastern region,30-34, Male,2023,91.2
 Eastern region,30-34, Male,2022,94.9
 Eastern region,30-34, Male,2021,96.3
 Eastern region,30-34, Male,2020,97.4
 Eastern region,30-34, Male,2019,89.7
 Eastern region,30-34, Male,2018,88.7
 Eastern region,30-34, Male,2017,90.3
 Eastern region,30-34, Male,2016,86.4
 Eastern region,30-34, Male,2015,87.7
 Eastern region,30-34, Male,2014,89.8
 Eastern region,30-34, Male,2013,87.2
 Eastern region,30-34, Male,2012,82.3
 Eastern region,30-34, Male,2011,73.5
 Eastern region,30-34, Male,2010,74.0
 Eastern region,30-34, Male,2009,70.7
 Eastern region,30-34, Female,2025,82.4
 Eastern region,30-34, Female,2024,85.5
 Eastern region,30-34, Female,2023,76.8
 Eastern region,30-34, Female,2022,81.8
 Eastern region,30-34, Female,2021,82.6
 Eastern region,30-34, Female,2020,81.5
 Eastern region,30-34, Female,2019,81.9
 Eastern region,30-34, Female,2018,70.7
 Eastern region,30-34, Female,2017,68.0
 Eastern region,30-34, Female,2016,80.5
 Eastern region,30-34, Female,2015,81.3
 Eastern region,30-34, Female,2014,70.0
 Eastern region,30-34, Female,2013,71.9
 Eastern region,30-34, Female,2012,78.9
 Eastern region,30-34, Female,2011,76.2
 Eastern region,30-34, Female,2010,68.5
 Eastern region,30-34, Female,2009,69.3
 Eastern region,35-39,Total,2025,91.0
 Eastern region,35-39,Total,2024,93.7
 Eastern region,35-39,Total,2023,84.3
 Eastern region,35-39,Total,2022,85.7
 Eastern region,35-39,Total,2021,86.9
 Eastern region,35-39,Total,2020,85.9
 Eastern region,35-39,Total,2019,87.4
 Eastern region,35-39,Total,2018,80.5
 Eastern region,35-39,Total,2017,76.1
 Eastern region,35-39,Total,2016,83.2
 Eastern region,35-39,Total,2015,87.3
 Eastern region,35-39,Total,2014,83.8
 Eastern region,35-39,Total,2013,82.5
 Eastern region,35-39,Total,2012,85.1
 Eastern region,35-39,Total,2011,80.4
 Eastern region,35-39,Total,2010,71.7
 Eastern region,35-39,Total,2009,71.4
 Eastern region,35-39, Male,2025,97.0
 Eastern region,35-39, Male,2024,96.6
 Eastern region,35-39, Male,2023,90.7
 Eastern region,35-39, Male,2022,92.0
 Eastern region,35-39, Male,2021,89.0
 Eastern region,35-39, Male,2020,86.4
 Eastern region,35-39, Male,2019,92.3
 Eastern region,35-39, Male,2018,88.0
 Eastern region,35-39, Male,2017,82.5
 Eastern region,35-39, Male,2016,89.1
 Eastern region,35-39, Male,2015,93.0
 Eastern region,35-39, Male,2014,88.6
 Eastern region,35-39, Male,2013,87.1
 Eastern region,35-39, Male,2012,85.1
 Eastern region,35-39, Male,2011,84.8
 Eastern region,35-39, Male,2010,72.9
 Eastern region,35-39, Male,2009,72.3
 Eastern region,35-39, Female,2025,84.2
 Eastern region,35-39, Female,2024,90.5
 Eastern region,35-39, Female,2023,78.5
 Eastern region,35-39, Female,2022,79.2
 Eastern region,35-39, Female,2021,84.0
 Eastern region,35-39, Female,2020,85.2
 Eastern region,35-39, Female,2019,82.6
 Eastern region,35-39, Female,2018,73.2
 Eastern region,35-39, Female,2017,69.7
 Eastern region,35-39, Female,2016,77.5
 Eastern region,35-39, Female,2015,81.7
 Eastern region,35-39, Female,2014,79.5
 Eastern region,35-39, Female,2013,78.0
 Eastern region,35-39, Female,2012,85.1
 Eastern region,35-39, Female,2011,76.6
 Eastern region,35-39, Female,2010,70.7
 Eastern region,35-39, Female,2009,70.5
 Eastern region,40-44,Total,2025,91.0
 Eastern region,40-44,Total,2024,92.6
 Eastern region,40-44,Total,2023,87.5
 Eastern region,40-44,Total,2022,88.6
 Eastern region,40-44,Total,2021,91.1
 Eastern region,40-44,Total,2020,84.9
 Eastern region,40-44,Total,2019,90.2
 Eastern region,40-44,Total,2018,83.9
 Eastern region,40-44,Total,2017,77.2
 Eastern region,40-44,Total,2016,83.2
 Eastern region,40-44,Total,2015,90.4
 Eastern region,40-44,Total,2014,85.3
 Eastern region,40-44,Total,2013,84.5
 Eastern region,40-44,Total,2012,79.2
 Eastern region,40-44,Total,2011,79.4
 Eastern region,40-44,Total,2010,72.9
 Eastern region,40-44,Total,2009,70.1
 Eastern region,40-44, Male,2025,90.5
 Eastern region,40-44, Male,2024,96.0
 Eastern region,40-44, Male,2023,92.7
 Eastern region,40-44, Male,2022,87.4
 Eastern region,40-44, Male,2021,93.5
 Eastern region,40-44, Male,2020,83.6
 Eastern region,40-44, Male,2019,86.5
 Eastern region,40-44, Male,2018,88.1
 Eastern region,40-44, Male,2017,82.6
 Eastern region,40-44, Male,2016,85.8
 Eastern region,40-44, Male,2015,91.1
 Eastern region,40-44, Male,2014,87.6
 Eastern region,40-44, Male,2013,87.3
 Eastern region,40-44, Male,2012,77.4
 Eastern region,40-44, Male,2011,83.7
 Eastern region,40-44, Male,2010,71.1
 Eastern region,40-44, Male,2009,80.1
 Eastern region,40-44, Female,2025,91.5
 Eastern region,40-44, Female,2024,88.7
 Eastern region,40-44, Female,2023,83.2
 Eastern region,40-44, Female,2022,90.0
 Eastern region,40-44, Female,2021,88.5
 Eastern region,40-44, Female,2020,86.0
 Eastern region,40-44, Female,2019,94.5
 Eastern region,40-44, Female,2018,79.5
 Eastern region,40-44, Female,2017,72.2
 Eastern region,40-44, Female,2016,80.7
 Eastern region,40-44, Female,2015,89.8
 Eastern region,40-44, Female,2014,83.3
 Eastern region,40-44, Female,2013,81.7
 Eastern region,40-44, Female,2012,81.0
 Eastern region,40-44, Female,2011,74.4
 Eastern region,40-44, Female,2010,74.5
 Eastern region,40-44, Female,2009,62.0
 Eastern region,45-49,Total,2025,91.8
 Eastern region,45-49,Total,2024,92.8
 Eastern region,45-49,Total,2023,92.2
 Eastern region,45-49,Total,2022,82.7
 Eastern region,45-49,Total,2021,92.1
 Eastern region,45-49,Total,2020,83.9
 Eastern region,45-49,Total,2019,88.2
 Eastern region,45-49,Total,2018,75.1
 Eastern region,45-49,Total,2017,76.5
 Eastern region,45-49,Total,2016,80.8
 Eastern region,45-49,Total,2015,82.1
 Eastern region,45-49,Total,2014,82.2
 Eastern region,45-49,Total,2013,81.4
 Eastern region,45-49,Total,2012,78.9
 Eastern region,45-49,Total,2011,75.7
 Eastern region,45-49,Total,2010,70.3
 Eastern region,45-49,Total,2009,69.1
 Eastern region,45-49, Male,2025,92.8
 Eastern region,45-49, Male,2024,96.1
 Eastern region,45-49, Male,2023,94.1
 Eastern region,45-49, Male,2022,84.8
 Eastern region,45-49, Male,2021,91.5
 Eastern region,45-49, Male,2020,93.1
 Eastern region,45-49, Male,2019,90.4
 Eastern region,45-49, Male,2018,83.3
 Eastern region,45-49, Male,2017,76.6
 Eastern region,45-49, Male,2016,80.3
 Eastern region,45-49, Male,2015,82.3
 Eastern region,45-49, Male,2014,82.0
 Eastern region,45-49, Male,2013,81.5
 Eastern region,45-49, Male,2012,79.2
 Eastern region,45-49, Male,2011,80.0
 Eastern region,45-49, Male,2010,67.6
 Eastern region,45-49, Male,2009,69.4
 Eastern region,45-49, Female,2025,90.7
 Eastern region,45-49, Female,2024,89.9
 Eastern region,45-49, Female,2023,90.4
 Eastern region,45-49, Female,2022,81.0
 Eastern region,45-49, Female,2021,92.6
 Eastern region,45-49, Female,2020,77.3
 Eastern region,45-49, Female,2019,86.4
 Eastern region,45-49, Female,2018,67.6
 Eastern region,45-49, Female,2017,76.4
 Eastern region,45-49, Female,2016,81.3
 Eastern region,45-49, Female,2015,81.9
 Eastern region,45-49, Female,2014,82.3
 Eastern region,45-49, Female,2013,81.4
 Eastern region,45-49, Female,2012,78.6
 Eastern region,45-49, Female,2011,72.7
 Eastern region,45-49, Female,2010,72.7
 Eastern region,45-49, Female,2009,68.9
 Eastern region,50-54,Total,2025,83.3
 Eastern region,50-54,Total,2024,84.0
 Eastern region,50-54,Total,2023,85.3
 Eastern region,50-54,Total,2022,80.7
 Eastern region,50-54,Total,2021,89.6
 Eastern region,50-54,Total,2020,71.4
 Eastern region,50-54,Total,2019,78.0
 Eastern region,50-54,Total,2018,68.0
 Eastern region,50-54,Total,2017,68.8
 Eastern region,50-54,Total,2016,71.5
 Eastern region,50-54,Total,2015,73.3
 Eastern region,50-54,Total,2014,73.6
 Eastern region,50-54,Total,2013,64.7
 Eastern region,50-54,Total,2012,69.1
 Eastern region,50-54,Total,2011,64.1
 Eastern region,50-54,Total,2010,66.0
 Eastern region,50-54,Total,2009,70.6
 Eastern region,50-54, Male,2025,88.1
 Eastern region,50-54, Male,2024,82.1
 Eastern region,50-54, Male,2023,91.5
 Eastern region,50-54, Male,2022,83.5
 Eastern region,50-54, Male,2021,94.8
 Eastern region,50-54, Male,2020,77.9
 Eastern region,50-54, Male,2019,88.1
 Eastern region,50-54, Male,2018,69.2
 Eastern region,50-54, Male,2017,71.2
 Eastern region,50-54, Male,2016,79.2
 Eastern region,50-54, Male,2015,81.5
 Eastern region,50-54, Male,2014,80.4
 Eastern region,50-54, Male,2013,71.4
 Eastern region,50-54, Male,2012,78.6
 Eastern region,50-54, Male,2011,68.7
 Eastern region,50-54, Male,2010,72.6
 Eastern region,50-54, Male,2009,69.1
 Eastern region,50-54, Female,2025,79.6
 Eastern region,50-54, Female,2024,85.8
 Eastern region,50-54, Female,2023,79.9
 Eastern region,50-54, Female,2022,78.0
 Eastern region,50-54, Female,2021,83.8
 Eastern region,50-54, Female,2020,65.3
 Eastern region,50-54, Female,2019,68.6
 Eastern region,50-54, Female,2018,66.8
 Eastern region,50-54, Female,2017,66.4
 Eastern region,50-54, Female,2016,63.5
 Eastern region,50-54, Female,2015,67.0
 Eastern region,50-54, Female,2014,67.3
 Eastern region,50-54, Female,2013,58.6
 Eastern region,50-54, Female,2012,59.8
 Eastern region,50-54, Female,2011,58.6
 Eastern region,50-54, Female,2010,58.9
 Eastern region,50-54, Female,2009,72.0
 Eastern region,55-59,Total,2025,60.0
 Eastern region,55-59,Total,2024,59.2
 Eastern region,55-59,Total,2023,61.5
 Eastern region,55-59,Total,2022,48.3
 Eastern region,55-59,Total,2021,57.1
 Eastern region,55-59,Total,2020,65.3
 Eastern region,55-59,Total,2019,48.7
 Eastern region,55-59,Total,2018,48.2
 Eastern region,55-59,Total,2017,49.3
 Eastern region,55-59,Total,2016,49.4
 Eastern region,55-59,Total,2015,50.9
 Eastern region,55-59,Total,2014,42.2
 Eastern region,55-59,Total,2013,50.1
 Eastern region,55-59,Total,2012,51.9
 Eastern region,55-59,Total,2011,44.0
 Eastern region,55-59,Total,2010,54.2
 Eastern region,55-59,Total,2009,35.1
 Eastern region,55-59, Male,2025,73.6
 Eastern region,55-59, Male,2024,75.0
 Eastern region,55-59, Male,2023,75.1
 Eastern region,55-59, Male,2022,60.8
 Eastern region,55-59, Male,2021,76.7
 Eastern region,55-59, Male,2020,76.6
 Eastern region,55-59, Male,2019,61.0
 Eastern region,55-59, Male,2018,58.8
 Eastern region,55-59, Male,2017,66.0
 Eastern region,55-59, Male,2016,66.9
 Eastern region,55-59, Male,2015,62.5
 Eastern region,55-59, Male,2014,60.6
 Eastern region,55-59, Male,2013,60.9
 Eastern region,55-59, Male,2012,61.2
 Eastern region,55-59, Male,2011,61.3
 Eastern region,55-59, Male,2010,63.1
 Eastern region,55-59, Male,2009,41.9
 Eastern region,55-59, Female,2025,50.0
 Eastern region,55-59, Female,2024,44.9
 Eastern region,55-59, Female,2023,48.6
 Eastern region,55-59, Female,2022,39.2
 Eastern region,55-59, Female,2021,41.6
 Eastern region,55-59, Female,2020,49.9
 Eastern region,55-59, Female,2019,37.8
 Eastern region,55-59, Female,2018,38.7
 Eastern region,55-59, Female,2017,32.0
 Eastern region,55-59, Female,2016,33.5
 Eastern region,55-59, Female,2015,38.6
 Eastern region,55-59, Female,2014,27.1
 Eastern region,55-59, Female,2013,40.1
 Eastern region,55-59, Female,2012,45.2
 Eastern region,55-59, Female,2011,30.2
 Eastern region,55-59, Female,2010,46.3
 Eastern region,55-59, Female,2009,25.9
 Eastern region,60-64,Total,2025,46.1
 Eastern region,60-64,Total,2024,29.1
 Eastern region,60-64,Total,2023,37.1
 Eastern region,60-64,Total,2022,34.6
 Eastern region,60-64,Total,2021,32.1
 Eastern region,60-64,Total,2020,21.6
 Eastern region,60-64,Total,2019,43.6
 Eastern region,60-64,Total,2018,23.6
 Eastern region,60-64,Total,2017,28.7
 Eastern region,60-64,Total,2016,25.3
 Eastern region,60-64,Total,2015,32.4
 Eastern region,60-64,Total,2014,25.0
 Eastern region,60-64,Total,2013,30.5
 Eastern region,60-64,Total,2012,34.9
 Eastern region,60-64,Total,2011,38.3
 Eastern region,60-64,Total,2010,27.1
 Eastern region,60-64,Total,2009,24.4
 Eastern region,60-64, Male,2025,46.2
 Eastern region,60-64, Male,2024,39.8
 Eastern region,60-64, Male,2023,47.6
 Eastern region,60-64, Male,2022,28.4
 Eastern region,60-64, Male,2021,43.7
 Eastern region,60-64, Male,2020,33.7
 Eastern region,60-64, Male,2019,66.3
 Eastern region,60-64, Male,2018,24.1
 Eastern region,60-64, Male,2017,35.7
 Eastern region,60-64, Male,2016,30.2
 Eastern region,60-64, Male,2015,46.8
 Eastern region,60-64, Male,2014,31.0
 Eastern region,60-64, Male,2013,39.1
 Eastern region,60-64, Male,2012,37.2
 Eastern region,60-64, Male,2011,46.0
 Eastern region,60-64, Male,2010,29.7
 Eastern region,60-64, Male,2009,34.2
 Eastern region,60-64, Female,2025,46.1
 Eastern region,60-64, Female,2024,21.2
 Eastern region,60-64, Female,2023,30.4
 Eastern region,60-64, Female,2022,39.1
 Eastern region,60-64, Female,2021,23.3
 Eastern region,60-64, Female,2020,13.2
 Eastern region,60-64, Female,2019,32.2
 Eastern region,60-64, Female,2018,23.3
 Eastern region,60-64, Female,2017,22.9
 Eastern region,60-64, Female,2016,20.3
 Eastern region,60-64, Female,2015,23.7
 Eastern region,60-64, Female,2014,19.3
 Eastern region,60-64, Female,2013,23.9
 Eastern region,60-64, Female,2012,32.7
 Eastern region,60-64, Female,2011,28.6
 Eastern region,60-64, Female,2010,23.7
 Eastern region,60-64, Female,2009,18.8
 Eastern region,65-69,Total,2025,30.7
 Eastern region,65-69,Total,2024,25.9
 Eastern region,65-69,Total,2023,36.4
 Eastern region,65-69,Total,2022,32.3
 Eastern region,65-69,Total,2021,21.7
 Eastern region,65-69,Total,2020,9.8
 Eastern region,65-69,Total,2019,19.9
 Eastern region,65-69,Total,2018,20.6
 Eastern region,65-69,Total,2017,26.4
 Eastern region,65-69,Total,2016,16.5
 Eastern region,65-69,Total,2015,18.0
 Eastern region,65-69,Total,2014,17.8
 Eastern region,65-69,Total,2013,10.0
 Eastern region,65-69,Total,2012,34.6
 Eastern region,65-69,Total,2011,22.0
 Eastern region,65-69,Total,2010,14.5
 Eastern region,65-69,Total,2009,23.6
 Eastern region,65-69, Male,2025,47.0
 Eastern region,65-69, Male,2024,39.0
 Eastern region,65-69, Male,2023,50.9
 Eastern region,65-69, Male,2022,28.3
 Eastern region,65-69, Male,2021,45.5
 Eastern region,65-69, Male,2020,11.0
 Eastern region,65-69, Male,2019,25.3
 Eastern region,65-69, Male,2018,27.4
 Eastern region,65-69, Male,2017,27.5
 Eastern region,65-69, Male,2016,23.2
 Eastern region,65-69, Male,2015,21.8
 Eastern region,65-69, Male,2014,25.0
 Eastern region,65-69, Male,2013,19.7
 Eastern region,65-69, Male,2012,27.5
 Eastern region,65-69, Male,2011,36.4
 Eastern region,65-69, Male,2010,19.8
 Eastern region,65-69, Male,2009,24.4
 Eastern region,65-69, Female,2025,19.2
 Eastern region,65-69, Female,2024,17.6
 Eastern region,65-69, Female,2023,29.0
 Eastern region,65-69, Female,2022,39.4
 Eastern region,65-69, Female,2021,12.0
 Eastern region,65-69, Female,2020,8.7
 Eastern region,65-69, Female,2019,15.3
 Eastern region,65-69, Female,2018,16.1
 Eastern region,65-69, Female,2017,25.0
 Eastern region,65-69, Female,2016,11.0
 Eastern region,65-69, Female,2015,14.6
 Eastern region,65-69, Female,2014,12.2
 Eastern region,65-69, Female,2013,2.7
 Eastern region,65-69, Female,2012,42.0
 Eastern region,65-69, Female,2011,18.1
 Eastern region,65-69, Female,2010,7.8
 Eastern region,65-69, Female,2009,22.9
 Eastern region,70+,Total,2025,3.4
 Eastern region,70+,Total,2024,7.9
 Eastern region,70+,Total,2023,9.0
 Eastern region,70+,Total,2022,10.6
 Eastern region,70+,Total,2021,3.0
 Eastern region,70+,Total,2020,12.1
 Eastern region,70+,Total,2019,10.1
 Eastern region,70+,Total,2018,8.2
 Eastern region,70+,Total,2017,10.7
 Eastern region,70+,Total,2016,4.7
 Eastern region,70+,Total,2015,7.2
 Eastern region,70+,Total,2014,4.9
 Eastern region,70+,Total,2013,7.0
 Eastern region,70+,Total,2012,12.1
 Eastern region,70+,Total,2011,9.4
 Eastern region,70+,Total,2010,6.1
 Eastern region,70+,Total,2009,6.9
 Eastern region,70+, Male,2025,4.1
 Eastern region,70+, Male,2024,7.6
 Eastern region,70+, Male,2023,15.1
 Eastern region,70+, Male,2022,11.2
 Eastern region,70+, Male,2021,7.3
 Eastern region,70+, Male,2020,17.6
 Eastern region,70+, Male,2019,15.5
 Eastern region,70+, Male,2018,12.7
 Eastern region,70+, Male,2017,23.2
 Eastern region,70+, Male,2016,9.1
 Eastern region,70+, Male,2015,13.0
 Eastern region,70+, Male,2014,4.0
 Eastern region,70+, Male,2013,7.8
 Eastern region,70+, Male,2012,17.7
 Eastern region,70+, Male,2011,17.3
 Eastern region,70+, Male,2010,5.5
 Eastern region,70+, Male,2009,9.0
 Eastern region,70+, Female,2025,2.9
 Eastern region,70+, Female,2024,8.0
 Eastern region,70+, Female,2023,3.2
 Eastern region,70+, Female,2022,10.2
 Eastern region,70+, Female,2021,0.9
 Eastern region,70+, Female,2020,9.5
 Eastern region,70+, Female,2019,5.0
 Eastern region,70+, Female,2018,5.0
 Eastern region,70+, Female,2017,2.3
 Eastern region,70+, Female,2016,1.3
 Eastern region,70+, Female,2015,3.9
 Eastern region,70+, Female,2014,5.5
 Eastern region,70+, Female,2013,6.4
 Eastern region,70+, Female,2012,9.3
 Eastern region,70+, Female,2011,4.4
 Eastern region,70+, Female,2010,6.5
 Eastern region,70+, Female,2009,5.7
 Dornod,Total,Total,2025,71.0
 Dornod,Total,Total,2024,69.1
 Dornod,Total,Total,2023,65.9
 Dornod,Total,Total,2022,63.9
 Dornod,Total,Total,2021,65.2
 Dornod,Total,Total,2020,60.5
 Dornod,Total,Total,2019,62.3
 Dornod,Total,Total,2018,54.2
 Dornod,Total,Total,2017,53.6
 Dornod,Total,Total,2016,54.4
 Dornod,Total,Total,2015,57.7
 Dornod,Total,Total,2014,53.0
 Dornod,Total,Total,2013,50.8
 Dornod,Total,Total,2012,53.0
 Dornod,Total,Total,2011,51.5
 Dornod,Total,Total,2010,45.6
 Dornod,Total,Total,2009,41.7
 Dornod,Total, Male,2025,78.9
 Dornod,Total, Male,2024,76.3
 Dornod,Total, Male,2023,72.9
 Dornod,Total, Male,2022,65.9
 Dornod,Total, Male,2021,73.4
 Dornod,Total, Male,2020,69.5
 Dornod,Total, Male,2019,68.7
 Dornod,Total, Male,2018,64.0
 Dornod,Total, Male,2017,60.8
 Dornod,Total, Male,2016,59.6
 Dornod,Total, Male,2015,64.9
 Dornod,Total, Male,2014,60.7
 Dornod,Total, Male,2013,57.6
 Dornod,Total, Male,2012,53.3
 Dornod,Total, Male,2011,57.7
 Dornod,Total, Male,2010,49.3
 Dornod,Total, Male,2009,45.6
 Dornod,Total, Female,2025,63.4
 Dornod,Total, Female,2024,61.9
 Dornod,Total, Female,2023,59.3
 Dornod,Total, Female,2022,62.1
 Dornod,Total, Female,2021,57.7
 Dornod,Total, Female,2020,52.4
 Dornod,Total, Female,2019,55.8
 Dornod,Total, Female,2018,44.4
 Dornod,Total, Female,2017,46.8
 Dornod,Total, Female,2016,49.0
 Dornod,Total, Female,2015,51.3
 Dornod,Total, Female,2014,45.7
 Dornod,Total, Female,2013,44.5
 Dornod,Total, Female,2012,52.8
 Dornod,Total, Female,2011,45.6
 Dornod,Total, Female,2010,42.0
 Dornod,Total, Female,2009,38.0
 Dornod,15-19,Total,2025,19.0
 Dornod,15-19,Total,2024,15.4
 Dornod,15-19,Total,2023,5.8
 Dornod,15-19,Total,2022,16.9
 Dornod,15-19,Total,2021,9.3
 Dornod,15-19,Total,2020,10.7
 Dornod,15-19,Total,2019,13.7
 Dornod,15-19,Total,2018,6.2
 Dornod,15-19,Total,2017,6.1
 Dornod,15-19,Total,2016,5.1
 Dornod,15-19,Total,2015,11.3
 Dornod,15-19,Total,2014,3.4
 Dornod,15-19,Total,2013,8.1
 Dornod,15-19,Total,2012,34.4
 Dornod,15-19,Total,2011,14.1
 Dornod,15-19,Total,2010,9.8
 Dornod,15-19,Total,2009,14.6
 Dornod,15-19, Male,2025,27.4
 Dornod,15-19, Male,2024,21.4
 Dornod,15-19, Male,2023,5.1
 Dornod,15-19, Male,2022,20.3
 Dornod,15-19, Male,2021,16.3
 Dornod,15-19, Male,2020,18.8
 Dornod,15-19, Male,2019,21.2
 Dornod,15-19, Male,2018,11.6
 Dornod,15-19, Male,2017,10.3
 Dornod,15-19, Male,2016,6.1
 Dornod,15-19, Male,2015,16.4
 Dornod,15-19, Male,2014,4.0
 Dornod,15-19, Male,2013,10.3
 Dornod,15-19, Male,2012,27.7
 Dornod,15-19, Male,2011,18.8
 Dornod,15-19, Male,2010,12.4
 Dornod,15-19, Male,2009,14.4
 Dornod,15-19, Female,2025,11.0
 Dornod,15-19, Female,2024,5.5
 Dornod,15-19, Female,2023,6.6
 Dornod,15-19, Female,2022,13.4
 Dornod,15-19, Female,2021,0.0
 Dornod,15-19, Female,2020,6.1
 Dornod,15-19, Female,2019,2.0
 Dornod,15-19, Female,2018,0.0
 Dornod,15-19, Female,2017,1.8
 Dornod,15-19, Female,2016,3.9
 Dornod,15-19, Female,2015,6.2
 Dornod,15-19, Female,2014,2.8
 Dornod,15-19, Female,2013,5.9
 Dornod,15-19, Female,2012,41.0
 Dornod,15-19, Female,2011,9.2
 Dornod,15-19, Female,2010,6.4
 Dornod,15-19, Female,2009,14.8
 Dornod,20-24,Total,2025,67.2
 Dornod,20-24,Total,2024,43.4
 Dornod,20-24,Total,2023,63.5
 Dornod,20-24,Total,2022,57.1
 Dornod,20-24,Total,2021,37.9
 Dornod,20-24,Total,2020,57.3
 Dornod,20-24,Total,2019,58.5
 Dornod,20-24,Total,2018,35.1
 Dornod,20-24,Total,2017,32.9
 Dornod,20-24,Total,2016,35.8
 Dornod,20-24,Total,2015,44.5
 Dornod,20-24,Total,2014,41.7
 Dornod,20-24,Total,2013,41.4
 Dornod,20-24,Total,2012,51.0
 Dornod,20-24,Total,2011,42.6
 Dornod,20-24,Total,2010,31.9
 Dornod,20-24,Total,2009,40.7
 Dornod,20-24, Male,2025,78.2
 Dornod,20-24, Male,2024,59.0
 Dornod,20-24, Male,2023,68.5
 Dornod,20-24, Male,2022,67.5
 Dornod,20-24, Male,2021,30.2
 Dornod,20-24, Male,2020,74.2
 Dornod,20-24, Male,2019,72.5
 Dornod,20-24, Male,2018,47.7
 Dornod,20-24, Male,2017,36.8
 Dornod,20-24, Male,2016,45.4
 Dornod,20-24, Male,2015,56.3
 Dornod,20-24, Male,2014,49.6
 Dornod,20-24, Male,2013,48.8
 Dornod,20-24, Male,2012,46.4
 Dornod,20-24, Male,2011,49.9
 Dornod,20-24, Male,2010,37.7
 Dornod,20-24, Male,2009,51.8
 Dornod,20-24, Female,2025,52.5
 Dornod,20-24, Female,2024,31.3
 Dornod,20-24, Female,2023,60.3
 Dornod,20-24, Female,2022,48.1
 Dornod,20-24, Female,2021,43.0
 Dornod,20-24, Female,2020,50.5
 Dornod,20-24, Female,2019,35.1
 Dornod,20-24, Female,2018,24.5
 Dornod,20-24, Female,2017,29.5
 Dornod,20-24, Female,2016,27.3
 Dornod,20-24, Female,2015,35.6
 Dornod,20-24, Female,2014,30.9
 Dornod,20-24, Female,2013,32.4
 Dornod,20-24, Female,2012,56.2
 Dornod,20-24, Female,2011,33.9
 Dornod,20-24, Female,2010,25.6
 Dornod,20-24, Female,2009,29.5
 Dornod,25-29,Total,2025,94.8
 Dornod,25-29,Total,2024,90.9
 Dornod,25-29,Total,2023,83.2
 Dornod,25-29,Total,2022,76.1
 Dornod,25-29,Total,2021,83.1
 Dornod,25-29,Total,2020,85.5
 Dornod,25-29,Total,2019,87.7
 Dornod,25-29,Total,2018,68.3
 Dornod,25-29,Total,2017,78.2
 Dornod,25-29,Total,2016,73.9
 Dornod,25-29,Total,2015,77.9
 Dornod,25-29,Total,2014,68.4
 Dornod,25-29,Total,2013,65.3
 Dornod,25-29,Total,2012,59.0
 Dornod,25-29,Total,2011,64.7
 Dornod,25-29,Total,2010,53.7
 Dornod,25-29,Total,2009,60.4
 Dornod,25-29, Male,2025,94.4
 Dornod,25-29, Male,2024,98.7
 Dornod,25-29, Male,2023,96.7
 Dornod,25-29, Male,2022,70.7
 Dornod,25-29, Male,2021,90.4
 Dornod,25-29, Male,2020,87.4
 Dornod,25-29, Male,2019,89.0
 Dornod,25-29, Male,2018,76.0
 Dornod,25-29, Male,2017,83.9
 Dornod,25-29, Male,2016,82.0
 Dornod,25-29, Male,2015,85.5
 Dornod,25-29, Male,2014,88.1
 Dornod,25-29, Male,2013,75.2
 Dornod,25-29, Male,2012,61.4
 Dornod,25-29, Male,2011,70.8
 Dornod,25-29, Male,2010,55.5
 Dornod,25-29, Male,2009,48.4
 Dornod,25-29, Female,2025,95.1
 Dornod,25-29, Female,2024,84.6
 Dornod,25-29, Female,2023,77.0
 Dornod,25-29, Female,2022,79.7
 Dornod,25-29, Female,2021,66.1
 Dornod,25-29, Female,2020,82.0
 Dornod,25-29, Female,2019,86.1
 Dornod,25-29, Female,2018,60.5
 Dornod,25-29, Female,2017,71.3
 Dornod,25-29, Female,2016,65.8
 Dornod,25-29, Female,2015,68.5
 Dornod,25-29, Female,2014,50.6
 Dornod,25-29, Female,2013,57.0
 Dornod,25-29, Female,2012,56.4
 Dornod,25-29, Female,2011,58.8
 Dornod,25-29, Female,2010,52.2
 Dornod,25-29, Female,2009,70.7
 Dornod,30-34,Total,2025,94.2
 Dornod,30-34,Total,2024,88.3
 Dornod,30-34,Total,2023,92.0
 Dornod,30-34,Total,2022,88.1
 Dornod,30-34,Total,2021,84.7
 Dornod,30-34,Total,2020,82.4
 Dornod,30-34,Total,2019,89.3
 Dornod,30-34,Total,2018,82.3
 Dornod,30-34,Total,2017,74.1
 Dornod,30-34,Total,2016,76.8
 Dornod,30-34,Total,2015,79.1
 Dornod,30-34,Total,2014,69.7
 Dornod,30-34,Total,2013,69.4
 Dornod,30-34,Total,2012,62.9
 Dornod,30-34,Total,2011,66.1
 Dornod,30-34,Total,2010,71.5
 Dornod,30-34,Total,2009,50.0
 Dornod,30-34, Male,2025,100.0
 Dornod,30-34, Male,2024,94.8
 Dornod,30-34, Male,2023,95.7
 Dornod,30-34, Male,2022,89.2
 Dornod,30-34, Male,2021,92.5
 Dornod,30-34, Male,2020,98.6
 Dornod,30-34, Male,2019,95.5
 Dornod,30-34, Male,2018,91.9
 Dornod,30-34, Male,2017,90.8
 Dornod,30-34, Male,2016,81.4
 Dornod,30-34, Male,2015,82.4
 Dornod,30-34, Male,2014,82.0
 Dornod,30-34, Male,2013,79.9
 Dornod,30-34, Male,2012,64.9
 Dornod,30-34, Male,2011,63.7
 Dornod,30-34, Male,2010,83.5
 Dornod,30-34, Male,2009,56.0
 Dornod,30-34, Female,2025,87.8
 Dornod,30-34, Female,2024,81.1
 Dornod,30-34, Female,2023,87.6
 Dornod,30-34, Female,2022,86.9
 Dornod,30-34, Female,2021,79.6
 Dornod,30-34, Female,2020,59.9
 Dornod,30-34, Female,2019,83.4
 Dornod,30-34, Female,2018,69.3
 Dornod,30-34, Female,2017,60.8
 Dornod,30-34, Female,2016,71.8
 Dornod,30-34, Female,2015,75.4
 Dornod,30-34, Female,2014,59.2
 Dornod,30-34, Female,2013,58.9
 Dornod,30-34, Female,2012,61.3
 Dornod,30-34, Female,2011,69.1
 Dornod,30-34, Female,2010,60.8
 Dornod,30-34, Female,2009,42.1
 Dornod,35-39,Total,2025,90.0
 Dornod,35-39,Total,2024,89.1
 Dornod,35-39,Total,2023,81.5
 Dornod,35-39,Total,2022,83.0
 Dornod,35-39,Total,2021,84.2
 Dornod,35-39,Total,2020,84.1
 Dornod,35-39,Total,2019,84.9
 Dornod,35-39,Total,2018,77.0
 Dornod,35-39,Total,2017,65.3
 Dornod,35-39,Total,2016,81.8
 Dornod,35-39,Total,2015,79.9
 Dornod,35-39,Total,2014,82.2
 Dornod,35-39,Total,2013,77.9
 Dornod,35-39,Total,2012,72.0
 Dornod,35-39,Total,2011,74.2
 Dornod,35-39,Total,2010,67.6
 Dornod,35-39,Total,2009,54.0
 Dornod,35-39, Male,2025,95.4
 Dornod,35-39, Male,2024,93.7
 Dornod,35-39, Male,2023,90.4
 Dornod,35-39, Male,2022,84.5
 Dornod,35-39, Male,2021,85.9
 Dornod,35-39, Male,2020,86.6
 Dornod,35-39, Male,2019,89.5
 Dornod,35-39, Male,2018,93.5
 Dornod,35-39, Male,2017,72.3
 Dornod,35-39, Male,2016,88.0
 Dornod,35-39, Male,2015,87.3
 Dornod,35-39, Male,2014,87.2
 Dornod,35-39, Male,2013,84.3
 Dornod,35-39, Male,2012,68.6
 Dornod,35-39, Male,2011,83.7
 Dornod,35-39, Male,2010,78.2
 Dornod,35-39, Male,2009,58.2
 Dornod,35-39, Female,2025,83.5
 Dornod,35-39, Female,2024,83.5
 Dornod,35-39, Female,2023,73.0
 Dornod,35-39, Female,2022,81.7
 Dornod,35-39, Female,2021,81.2
 Dornod,35-39, Female,2020,80.9
 Dornod,35-39, Female,2019,80.7
 Dornod,35-39, Female,2018,58.8
 Dornod,35-39, Female,2017,56.8
 Dornod,35-39, Female,2016,75.8
 Dornod,35-39, Female,2015,72.2
 Dornod,35-39, Female,2014,77.1
 Dornod,35-39, Female,2013,70.5
 Dornod,35-39, Female,2012,75.6
 Dornod,35-39, Female,2011,63.9
 Dornod,35-39, Female,2010,57.2
 Dornod,35-39, Female,2009,50.4
 Dornod,40-44,Total,2025,90.8
 Dornod,40-44,Total,2024,91.8
 Dornod,40-44,Total,2023,80.2
 Dornod,40-44,Total,2022,78.7
 Dornod,40-44,Total,2021,91.9
 Dornod,40-44,Total,2020,80.8
 Dornod,40-44,Total,2019,78.8
 Dornod,40-44,Total,2018,76.9
 Dornod,40-44,Total,2017,74.1
 Dornod,40-44,Total,2016,76.9
 Dornod,40-44,Total,2015,83.5
 Dornod,40-44,Total,2014,82.7
 Dornod,40-44,Total,2013,71.5
 Dornod,40-44,Total,2012,63.6
 Dornod,40-44,Total,2011,71.3
 Dornod,40-44,Total,2010,76.4
 Dornod,40-44,Total,2009,61.4
 Dornod,40-44, Male,2025,87.5
 Dornod,40-44, Male,2024,95.1
 Dornod,40-44, Male,2023,88.6
 Dornod,40-44, Male,2022,75.0
 Dornod,40-44, Male,2021,88.3
 Dornod,40-44, Male,2020,79.0
 Dornod,40-44, Male,2019,72.1
 Dornod,40-44, Male,2018,85.5
 Dornod,40-44, Male,2017,80.9
 Dornod,40-44, Male,2016,78.5
 Dornod,40-44, Male,2015,82.6
 Dornod,40-44, Male,2014,82.0
 Dornod,40-44, Male,2013,78.1
 Dornod,40-44, Male,2012,59.8
 Dornod,40-44, Male,2011,72.3
 Dornod,40-44, Male,2010,66.0
 Dornod,40-44, Male,2009,69.9
 Dornod,40-44, Female,2025,95.0
 Dornod,40-44, Female,2024,87.2
 Dornod,40-44, Female,2023,70.7
 Dornod,40-44, Female,2022,83.1
 Dornod,40-44, Female,2021,96.5
 Dornod,40-44, Female,2020,82.8
 Dornod,40-44, Female,2019,88.2
 Dornod,40-44, Female,2018,69.0
 Dornod,40-44, Female,2017,66.5
 Dornod,40-44, Female,2016,75.4
 Dornod,40-44, Female,2015,84.2
 Dornod,40-44, Female,2014,83.3
 Dornod,40-44, Female,2013,65.9
 Dornod,40-44, Female,2012,67.3
 Dornod,40-44, Female,2011,70.6
 Dornod,40-44, Female,2010,86.3
 Dornod,40-44, Female,2009,54.5
 Dornod,45-49,Total,2025,92.0
 Dornod,45-49,Total,2024,91.4
 Dornod,45-49,Total,2023,84.7
 Dornod,45-49,Total,2022,78.5
 Dornod,45-49,Total,2021,85.7
 Dornod,45-49,Total,2020,85.6
 Dornod,45-49,Total,2019,88.0
 Dornod,45-49,Total,2018,66.9
 Dornod,45-49,Total,2017,73.2
 Dornod,45-49,Total,2016,78.1
 Dornod,45-49,Total,2015,78.4
 Dornod,45-49,Total,2014,75.0
 Dornod,45-49,Total,2013,65.6
 Dornod,45-49,Total,2012,65.0
 Dornod,45-49,Total,2011,71.5
 Dornod,45-49,Total,2010,68.7
 Dornod,45-49,Total,2009,56.0
 Dornod,45-49, Male,2025,89.5
 Dornod,45-49, Male,2024,92.8
 Dornod,45-49, Male,2023,89.3
 Dornod,45-49, Male,2022,82.6
 Dornod,45-49, Male,2021,79.3
 Dornod,45-49, Male,2020,96.4
 Dornod,45-49, Male,2019,91.9
 Dornod,45-49, Male,2018,78.8
 Dornod,45-49, Male,2017,70.3
 Dornod,45-49, Male,2016,79.2
 Dornod,45-49, Male,2015,74.3
 Dornod,45-49, Male,2014,73.8
 Dornod,45-49, Male,2013,61.0
 Dornod,45-49, Male,2012,69.1
 Dornod,45-49, Male,2011,85.2
 Dornod,45-49, Male,2010,72.6
 Dornod,45-49, Male,2009,59.6
 Dornod,45-49, Female,2025,95.4
 Dornod,45-49, Female,2024,90.2
 Dornod,45-49, Female,2023,80.6
 Dornod,45-49, Female,2022,75.3
 Dornod,45-49, Female,2021,89.6
 Dornod,45-49, Female,2020,79.4
 Dornod,45-49, Female,2019,85.5
 Dornod,45-49, Female,2018,57.6
 Dornod,45-49, Female,2017,75.1
 Dornod,45-49, Female,2016,77.2
 Dornod,45-49, Female,2015,81.6
 Dornod,45-49, Female,2014,76.2
 Dornod,45-49, Female,2013,68.6
 Dornod,45-49, Female,2012,61.8
 Dornod,45-49, Female,2011,62.5
 Dornod,45-49, Female,2010,65.6
 Dornod,45-49, Female,2009,52.3
 Dornod,50-54,Total,2025,88.9
 Dornod,50-54,Total,2024,86.1
 Dornod,50-54,Total,2023,81.1
 Dornod,50-54,Total,2022,71.1
 Dornod,50-54,Total,2021,89.3
 Dornod,50-54,Total,2020,69.1
 Dornod,50-54,Total,2019,71.4
 Dornod,50-54,Total,2018,71.4
 Dornod,50-54,Total,2017,68.0
 Dornod,50-54,Total,2016,68.9
 Dornod,50-54,Total,2015,71.3
 Dornod,50-54,Total,2014,66.1
 Dornod,50-54,Total,2013,52.1
 Dornod,50-54,Total,2012,62.6
 Dornod,50-54,Total,2011,63.1
 Dornod,50-54,Total,2010,60.4
 Dornod,50-54,Total,2009,61.2
 Dornod,50-54, Male,2025,94.7
 Dornod,50-54, Male,2024,88.7
 Dornod,50-54, Male,2023,95.6
 Dornod,50-54, Male,2022,75.2
 Dornod,50-54, Male,2021,96.9
 Dornod,50-54, Male,2020,70.3
 Dornod,50-54, Male,2019,89.3
 Dornod,50-54, Male,2018,79.8
 Dornod,50-54, Male,2017,73.5
 Dornod,50-54, Male,2016,78.5
 Dornod,50-54, Male,2015,79.5
 Dornod,50-54, Male,2014,73.7
 Dornod,50-54, Male,2013,57.9
 Dornod,50-54, Male,2012,69.5
 Dornod,50-54, Male,2011,75.7
 Dornod,50-54, Male,2010,70.4
 Dornod,50-54, Male,2009,67.9
 Dornod,50-54, Female,2025,86.4
 Dornod,50-54, Female,2024,83.7
 Dornod,50-54, Female,2023,71.4
 Dornod,50-54, Female,2022,66.3
 Dornod,50-54, Female,2021,82.7
 Dornod,50-54, Female,2020,68.0
 Dornod,50-54, Female,2019,56.5
 Dornod,50-54, Female,2018,63.9
 Dornod,50-54, Female,2017,62.7
 Dornod,50-54, Female,2016,56.7
 Dornod,50-54, Female,2015,64.4
 Dornod,50-54, Female,2014,59.4
 Dornod,50-54, Female,2013,47.2
 Dornod,50-54, Female,2012,56.7
 Dornod,50-54, Female,2011,49.2
 Dornod,50-54, Female,2010,49.8
 Dornod,50-54, Female,2009,56.3
 Dornod,55-59,Total,2025,70.3
 Dornod,55-59,Total,2024,54.5
 Dornod,55-59,Total,2023,53.5
 Dornod,55-59,Total,2022,51.6
 Dornod,55-59,Total,2021,26.7
 Dornod,55-59,Total,2020,58.7
 Dornod,55-59,Total,2019,35.7
 Dornod,55-59,Total,2018,37.2
 Dornod,55-59,Total,2017,42.0
 Dornod,55-59,Total,2016,37.7
 Dornod,55-59,Total,2015,39.0
 Dornod,55-59,Total,2014,22.5
 Dornod,55-59,Total,2013,53.5
 Dornod,55-59,Total,2012,35.1
 Dornod,55-59,Total,2011,44.4
 Dornod,55-59,Total,2010,45.4
 Dornod,55-59,Total,2009,35.0
 Dornod,55-59, Male,2025,87.6
 Dornod,55-59, Male,2024,77.0
 Dornod,55-59, Male,2023,74.7
 Dornod,55-59, Male,2022,68.5
 Dornod,55-59, Male,2021,76.8
 Dornod,55-59, Male,2020,64.9
 Dornod,55-59, Male,2019,48.0
 Dornod,55-59, Male,2018,50.0
 Dornod,55-59, Male,2017,66.8
 Dornod,55-59, Male,2016,58.7
 Dornod,55-59, Male,2015,50.5
 Dornod,55-59, Male,2014,38.5
 Dornod,55-59, Male,2013,64.5
 Dornod,55-59, Male,2012,51.7
 Dornod,55-59, Male,2011,56.9
 Dornod,55-59, Male,2010,52.6
 Dornod,55-59, Male,2009,50.3
 Dornod,55-59, Female,2025,53.4
 Dornod,55-59, Female,2024,34.8
 Dornod,55-59, Female,2023,23.2
 Dornod,55-59, Female,2022,40.3
 Dornod,55-59, Female,2021,13.5
 Dornod,55-59, Female,2020,50.0
 Dornod,55-59, Female,2019,27.8
 Dornod,55-59, Female,2018,22.7
 Dornod,55-59, Female,2017,18.5
 Dornod,55-59, Female,2016,20.7
 Dornod,55-59, Female,2015,26.7
 Dornod,55-59, Female,2014,11.4
 Dornod,55-59, Female,2013,41.9
 Dornod,55-59, Female,2012,20.2
 Dornod,55-59, Female,2011,34.7
 Dornod,55-59, Female,2010,37.9
 Dornod,55-59, Female,2009,21.6
 Dornod,60-64,Total,2025,44.9
 Dornod,60-64,Total,2024,37.7
 Dornod,60-64,Total,2023,41.4
 Dornod,60-64,Total,2022,32.4
 Dornod,60-64,Total,2021,11.9
 Dornod,60-64,Total,2020,5.3
 Dornod,60-64,Total,2019,35.0
 Dornod,60-64,Total,2018,24.2
 Dornod,60-64,Total,2017,14.4
 Dornod,60-64,Total,2016,18.1
 Dornod,60-64,Total,2015,20.8
 Dornod,60-64,Total,2014,24.5
 Dornod,60-64,Total,2013,30.8
 Dornod,60-64,Total,2012,27.1
 Dornod,60-64,Total,2011,28.2
 Dornod,60-64,Total,2010,5.1
 Dornod,60-64,Total,2009,22.6
 Dornod,60-64, Male,2025,48.0
 Dornod,60-64, Male,2024,55.7
 Dornod,60-64, Male,2023,48.0
 Dornod,60-64, Male,2022,19.8
 Dornod,60-64, Male,2021,26.8
 Dornod,60-64, Male,2020,6.2
 Dornod,60-64, Male,2019,72.3
 Dornod,60-64, Male,2018,26.0
 Dornod,60-64, Male,2017,18.4
 Dornod,60-64, Male,2016,23.2
 Dornod,60-64, Male,2015,32.0
 Dornod,60-64, Male,2014,57.1
 Dornod,60-64, Male,2013,47.2
 Dornod,60-64, Male,2012,29.4
 Dornod,60-64, Male,2011,34.6
 Dornod,60-64, Male,2010,9.8
 Dornod,60-64, Male,2009,35.7
 Dornod,60-64, Female,2025,43.2
 Dornod,60-64, Female,2024,24.6
 Dornod,60-64, Female,2023,38.3
 Dornod,60-64, Female,2022,40.7
 Dornod,60-64, Female,2021,4.9
 Dornod,60-64, Female,2020,4.9
 Dornod,60-64, Female,2019,22.6
 Dornod,60-64, Female,2018,22.6
 Dornod,60-64, Female,2017,11.3
 Dornod,60-64, Female,2016,10.5
 Dornod,60-64, Female,2015,13.7
 Dornod,60-64, Female,2014,0.0
 Dornod,60-64, Female,2013,24.2
 Dornod,60-64, Female,2012,24.2
 Dornod,60-64, Female,2011,24.8
 Dornod,60-64, Female,2010,0.0
 Dornod,60-64, Female,2009,16.7
 Dornod,65-69,Total,2025,25.3
 Dornod,65-69,Total,2024,16.8
 Dornod,65-69,Total,2023,24.2
 Dornod,65-69,Total,2022,36.9
 Dornod,65-69,Total,2021,7.2
 Dornod,65-69,Total,2020,2.1
 Dornod,65-69,Total,2019,15.6
 Dornod,65-69,Total,2018,13.4
 Dornod,65-69,Total,2017,20.5
 Dornod,65-69,Total,2016,5.3
 Dornod,65-69,Total,2015,4.6
 Dornod,65-69,Total,2014,0.0
 Dornod,65-69,Total,2013,0.0
 Dornod,65-69,Total,2012,31.0
 Dornod,65-69,Total,2011,28.5
 Dornod,65-69,Total,2010,5.6
 Dornod,65-69,Total,2009,7.3
 Dornod,65-69, Male,2025,60.1
 Dornod,65-69, Male,2024,18.3
 Dornod,65-69, Male,2023,45.7
 Dornod,65-69, Male,2022,33.8
 Dornod,65-69, Male,2021,22.4
 Dornod,65-69, Male,2020,0.0
 Dornod,65-69, Male,2019,14.8
 Dornod,65-69, Male,2018,16.4
 Dornod,65-69, Male,2017,8.5
 Dornod,65-69, Male,2016,0.0
 Dornod,65-69, Male,2015,11.0
 Dornod,65-69, Male,2014,0.0
 Dornod,65-69, Male,2013,0.0
 Dornod,65-69, Male,2012,28.3
 Dornod,65-69, Male,2011,0.0
 Dornod,65-69, Male,2010,10.0
 Dornod,65-69, Male,2009,14.8
 Dornod,65-69, Female,2025,5.6
 Dornod,65-69, Female,2024,15.8
 Dornod,65-69, Female,2023,18.2
 Dornod,65-69, Female,2022,44.4
 Dornod,65-69, Female,2021,3.1
 Dornod,65-69, Female,2020,5.0
 Dornod,65-69, Female,2019,16.6
 Dornod,65-69, Female,2018,9.5
 Dornod,65-69, Female,2017,34.9
 Dornod,65-69, Female,2016,9.0
 Dornod,65-69, Female,2015,0.0
 Dornod,65-69, Female,2014,0.0
 Dornod,65-69, Female,2013,0.0
 Dornod,65-69, Female,2012,33.2
 Dornod,65-69, Female,2011,38.3
 Dornod,65-69, Female,2010,0.0
 Dornod,65-69, Female,2009,0.0
 Dornod,70+,Total,2025,3.1
 Dornod,70+,Total,2024,4.7
 Dornod,70+,Total,2023,0.5
 Dornod,70+,Total,2022,0.0
 Dornod,70+,Total,2021,0.8
 Dornod,70+,Total,2020,8.7
 Dornod,70+,Total,2019,7.9
 Dornod,70+,Total,2018,12.4
 Dornod,70+,Total,2017,11.3
 Dornod,70+,Total,2016,0.0
 Dornod,70+,Total,2015,5.4
 Dornod,70+,Total,2014,5.1
 Dornod,70+,Total,2013,9.0
 Dornod,70+,Total,2012,11.6
 Dornod,70+,Total,2011,8.8
 Dornod,70+,Total,2010,5.1
 Dornod,70+,Total,2009,6.8
 Dornod,70+, Male,2025,0.0
 Dornod,70+, Male,2024,3.3
 Dornod,70+, Male,2023,0.0
 Dornod,70+, Male,2022,0.0
 Dornod,70+, Male,2021,0.0
 Dornod,70+, Male,2020,11.5
 Dornod,70+, Male,2019,19.4
 Dornod,70+, Male,2018,14.2
 Dornod,70+, Male,2017,22.3
 Dornod,70+, Male,2016,0.0
 Dornod,70+, Male,2015,16.8
 Dornod,70+, Male,2014,6.4
 Dornod,70+, Male,2013,10.4
 Dornod,70+, Male,2012,10.6
 Dornod,70+, Male,2011,6.9
 Dornod,70+, Male,2010,8.9
 Dornod,70+, Male,2009,8.5
 Dornod,70+, Female,2025,4.7
 Dornod,70+, Female,2024,5.3
 Dornod,70+, Female,2023,1.0
 Dornod,70+, Female,2022,0.0
 Dornod,70+, Female,2021,0.9
 Dornod,70+, Female,2020,6.7
 Dornod,70+, Female,2019,0.0
 Dornod,70+, Female,2018,11.5
 Dornod,70+, Female,2017,5.7
 Dornod,70+, Female,2016,0.0
 Dornod,70+, Female,2015,0.0
 Dornod,70+, Female,2014,4.3
 Dornod,70+, Female,2013,8.2
 Dornod,70+, Female,2012,12.3
 Dornod,70+, Female,2011,9.9
 Dornod,70+, Female,2010,3.6
 Dornod,70+, Female,2009,5.8
 Sukhbaatar,Total,Total,2025,70.2
 Sukhbaatar,Total,Total,2024,73.0
 Sukhbaatar,Total,Total,2023,77.9
 Sukhbaatar,Total,Total,2022,67.8
 Sukhbaatar,Total,Total,2021,72.4
 Sukhbaatar,Total,Total,2020,71.6
 Sukhbaatar,Total,Total,2019,75.0
 Sukhbaatar,Total,Total,2018,71.8
 Sukhbaatar,Total,Total,2017,71.0
 Sukhbaatar,Total,Total,2016,74.5
 Sukhbaatar,Total,Total,2015,76.1
 Sukhbaatar,Total,Total,2014,75.3
 Sukhbaatar,Total,Total,2013,72.0
 Sukhbaatar,Total,Total,2012,78.9
 Sukhbaatar,Total,Total,2011,72.8
 Sukhbaatar,Total,Total,2010,73.8
 Sukhbaatar,Total,Total,2009,69.8
 Sukhbaatar,Total, Male,2025,78.4
 Sukhbaatar,Total, Male,2024,79.9
 Sukhbaatar,Total, Male,2023,87.1
 Sukhbaatar,Total, Male,2022,77.6
 Sukhbaatar,Total, Male,2021,80.0
 Sukhbaatar,Total, Male,2020,78.5
 Sukhbaatar,Total, Male,2019,79.6
 Sukhbaatar,Total, Male,2018,75.3
 Sukhbaatar,Total, Male,2017,75.0
 Sukhbaatar,Total, Male,2016,80.1
 Sukhbaatar,Total, Male,2015,84.0
 Sukhbaatar,Total, Male,2014,82.4
 Sukhbaatar,Total, Male,2013,77.6
 Sukhbaatar,Total, Male,2012,82.6
 Sukhbaatar,Total, Male,2011,78.8
 Sukhbaatar,Total, Male,2010,78.1
 Sukhbaatar,Total, Male,2009,73.9
 Sukhbaatar,Total, Female,2025,61.6
 Sukhbaatar,Total, Female,2024,66.2
 Sukhbaatar,Total, Female,2023,69.1
 Sukhbaatar,Total, Female,2022,58.3
 Sukhbaatar,Total, Female,2021,64.7
 Sukhbaatar,Total, Female,2020,64.8
 Sukhbaatar,Total, Female,2019,70.4
 Sukhbaatar,Total, Female,2018,68.4
 Sukhbaatar,Total, Female,2017,67.2
 Sukhbaatar,Total, Female,2016,69.0
 Sukhbaatar,Total, Female,2015,68.9
 Sukhbaatar,Total, Female,2014,68.6
 Sukhbaatar,Total, Female,2013,66.3
 Sukhbaatar,Total, Female,2012,75.4
 Sukhbaatar,Total, Female,2011,67.2
 Sukhbaatar,Total, Female,2010,69.6
 Sukhbaatar,Total, Female,2009,65.7
 Sukhbaatar,15-19,Total,2025,24.9
 Sukhbaatar,15-19,Total,2024,5.2
 Sukhbaatar,15-19,Total,2023,18.2
 Sukhbaatar,15-19,Total,2022,18.3
 Sukhbaatar,15-19,Total,2021,18.1
 Sukhbaatar,15-19,Total,2020,14.9
 Sukhbaatar,15-19,Total,2019,33.6
 Sukhbaatar,15-19,Total,2018,18.0
 Sukhbaatar,15-19,Total,2017,18.7
 Sukhbaatar,15-19,Total,2016,29.1
 Sukhbaatar,15-19,Total,2015,30.1
 Sukhbaatar,15-19,Total,2014,33.8
 Sukhbaatar,15-19,Total,2013,42.4
 Sukhbaatar,15-19,Total,2012,40.0
 Sukhbaatar,15-19,Total,2011,41.3
 Sukhbaatar,15-19,Total,2010,49.3
 Sukhbaatar,15-19,Total,2009,41.0
 Sukhbaatar,15-19, Male,2025,36.3
 Sukhbaatar,15-19, Male,2024,2.7
 Sukhbaatar,15-19, Male,2023,36.4
 Sukhbaatar,15-19, Male,2022,23.6
 Sukhbaatar,15-19, Male,2021,32.2
 Sukhbaatar,15-19, Male,2020,24.5
 Sukhbaatar,15-19, Male,2019,46.4
 Sukhbaatar,15-19, Male,2018,25.1
 Sukhbaatar,15-19, Male,2017,31.1
 Sukhbaatar,15-19, Male,2016,38.2
 Sukhbaatar,15-19, Male,2015,38.3
 Sukhbaatar,15-19, Male,2014,47.3
 Sukhbaatar,15-19, Male,2013,49.5
 Sukhbaatar,15-19, Male,2012,42.3
 Sukhbaatar,15-19, Male,2011,51.6
 Sukhbaatar,15-19, Male,2010,56.9
 Sukhbaatar,15-19, Male,2009,50.9
 Sukhbaatar,15-19, Female,2025,11.5
 Sukhbaatar,15-19, Female,2024,8.2
 Sukhbaatar,15-19, Female,2023,5.5
 Sukhbaatar,15-19, Female,2022,12.1
 Sukhbaatar,15-19, Female,2021,0.5
 Sukhbaatar,15-19, Female,2020,3.5
 Sukhbaatar,15-19, Female,2019,13.5
 Sukhbaatar,15-19, Female,2018,8.5
 Sukhbaatar,15-19, Female,2017,4.4
 Sukhbaatar,15-19, Female,2016,18.3
 Sukhbaatar,15-19, Female,2015,20.9
 Sukhbaatar,15-19, Female,2014,18.2
 Sukhbaatar,15-19, Female,2013,33.0
 Sukhbaatar,15-19, Female,2012,37.5
 Sukhbaatar,15-19, Female,2011,29.9
 Sukhbaatar,15-19, Female,2010,41.9
 Sukhbaatar,15-19, Female,2009,29.2
 Sukhbaatar,20-24,Total,2025,81.0
 Sukhbaatar,20-24,Total,2024,78.9
 Sukhbaatar,20-24,Total,2023,92.9
 Sukhbaatar,20-24,Total,2022,74.1
 Sukhbaatar,20-24,Total,2021,88.6
 Sukhbaatar,20-24,Total,2020,70.2
 Sukhbaatar,20-24,Total,2019,82.9
 Sukhbaatar,20-24,Total,2018,69.4
 Sukhbaatar,20-24,Total,2017,83.4
 Sukhbaatar,20-24,Total,2016,81.5
 Sukhbaatar,20-24,Total,2015,81.5
 Sukhbaatar,20-24,Total,2014,82.3
 Sukhbaatar,20-24,Total,2013,81.7
 Sukhbaatar,20-24,Total,2012,71.8
 Sukhbaatar,20-24,Total,2011,79.2
 Sukhbaatar,20-24,Total,2010,77.7
 Sukhbaatar,20-24,Total,2009,58.4
 Sukhbaatar,20-24, Male,2025,79.3
 Sukhbaatar,20-24, Male,2024,97.6
 Sukhbaatar,20-24, Male,2023,99.2
 Sukhbaatar,20-24, Male,2022,86.5
 Sukhbaatar,20-24, Male,2021,100.0
 Sukhbaatar,20-24, Male,2020,84.1
 Sukhbaatar,20-24, Male,2019,81.4
 Sukhbaatar,20-24, Male,2018,82.0
 Sukhbaatar,20-24, Male,2017,90.5
 Sukhbaatar,20-24, Male,2016,93.7
 Sukhbaatar,20-24, Male,2015,91.1
 Sukhbaatar,20-24, Male,2014,92.3
 Sukhbaatar,20-24, Male,2013,88.8
 Sukhbaatar,20-24, Male,2012,81.6
 Sukhbaatar,20-24, Male,2011,81.8
 Sukhbaatar,20-24, Male,2010,81.4
 Sukhbaatar,20-24, Male,2009,62.9
 Sukhbaatar,20-24, Female,2025,83.8
 Sukhbaatar,20-24, Female,2024,36.7
 Sukhbaatar,20-24, Female,2023,82.5
 Sukhbaatar,20-24, Female,2022,55.3
 Sukhbaatar,20-24, Female,2021,71.6
 Sukhbaatar,20-24, Female,2020,53.5
 Sukhbaatar,20-24, Female,2019,84.5
 Sukhbaatar,20-24, Female,2018,56.2
 Sukhbaatar,20-24, Female,2017,75.4
 Sukhbaatar,20-24, Female,2016,66.0
 Sukhbaatar,20-24, Female,2015,72.9
 Sukhbaatar,20-24, Female,2014,72.3
 Sukhbaatar,20-24, Female,2013,72.2
 Sukhbaatar,20-24, Female,2012,61.6
 Sukhbaatar,20-24, Female,2011,77.0
 Sukhbaatar,20-24, Female,2010,72.7
 Sukhbaatar,20-24, Female,2009,55.2
 Sukhbaatar,25-29,Total,2025,70.2
 Sukhbaatar,25-29,Total,2024,92.2
 Sukhbaatar,25-29,Total,2023,96.4
 Sukhbaatar,25-29,Total,2022,79.7
 Sukhbaatar,25-29,Total,2021,92.1
 Sukhbaatar,25-29,Total,2020,82.5
 Sukhbaatar,25-29,Total,2019,85.6
 Sukhbaatar,25-29,Total,2018,85.1
 Sukhbaatar,25-29,Total,2017,86.3
 Sukhbaatar,25-29,Total,2016,88.6
 Sukhbaatar,25-29,Total,2015,89.1
 Sukhbaatar,25-29,Total,2014,89.5
 Sukhbaatar,25-29,Total,2013,90.9
 Sukhbaatar,25-29,Total,2012,90.8
 Sukhbaatar,25-29,Total,2011,89.3
 Sukhbaatar,25-29,Total,2010,94.9
 Sukhbaatar,25-29,Total,2009,80.1
 Sukhbaatar,25-29, Male,2025,85.6
 Sukhbaatar,25-29, Male,2024,99.1
 Sukhbaatar,25-29, Male,2023,100.0
 Sukhbaatar,25-29, Male,2022,98.2
 Sukhbaatar,25-29, Male,2021,97.8
 Sukhbaatar,25-29, Male,2020,84.0
 Sukhbaatar,25-29, Male,2019,87.1
 Sukhbaatar,25-29, Male,2018,84.5
 Sukhbaatar,25-29, Male,2017,88.9
 Sukhbaatar,25-29, Male,2016,94.6
 Sukhbaatar,25-29, Male,2015,95.0
 Sukhbaatar,25-29, Male,2014,94.5
 Sukhbaatar,25-29, Male,2013,90.5
 Sukhbaatar,25-29, Male,2012,93.6
 Sukhbaatar,25-29, Male,2011,93.4
 Sukhbaatar,25-29, Male,2010,100.0
 Sukhbaatar,25-29, Male,2009,87.0
 Sukhbaatar,25-29, Female,2025,51.8
 Sukhbaatar,25-29, Female,2024,85.2
 Sukhbaatar,25-29, Female,2023,90.3
 Sukhbaatar,25-29, Female,2022,62.1
 Sukhbaatar,25-29, Female,2021,85.4
 Sukhbaatar,25-29, Female,2020,80.1
 Sukhbaatar,25-29, Female,2019,84.5
 Sukhbaatar,25-29, Female,2018,85.6
 Sukhbaatar,25-29, Female,2017,84.5
 Sukhbaatar,25-29, Female,2016,83.3
 Sukhbaatar,25-29, Female,2015,84.1
 Sukhbaatar,25-29, Female,2014,85.5
 Sukhbaatar,25-29, Female,2013,91.3
 Sukhbaatar,25-29, Female,2012,88.4
 Sukhbaatar,25-29, Female,2011,85.5
 Sukhbaatar,25-29, Female,2010,89.9
 Sukhbaatar,25-29, Female,2009,67.2
 Sukhbaatar,30-34,Total,2025,81.5
 Sukhbaatar,30-34,Total,2024,91.8
 Sukhbaatar,30-34,Total,2023,84.5
 Sukhbaatar,30-34,Total,2022,85.6
 Sukhbaatar,30-34,Total,2021,86.3
 Sukhbaatar,30-34,Total,2020,89.9
 Sukhbaatar,30-34,Total,2019,85.6
 Sukhbaatar,30-34,Total,2018,89.9
 Sukhbaatar,30-34,Total,2017,90.3
 Sukhbaatar,30-34,Total,2016,92.6
 Sukhbaatar,30-34,Total,2015,87.6
 Sukhbaatar,30-34,Total,2014,87.9
 Sukhbaatar,30-34,Total,2013,83.2
 Sukhbaatar,30-34,Total,2012,93.3
 Sukhbaatar,30-34,Total,2011,85.3
 Sukhbaatar,30-34,Total,2010,88.1
 Sukhbaatar,30-34,Total,2009,90.5
 Sukhbaatar,30-34, Male,2025,92.2
 Sukhbaatar,30-34, Male,2024,95.8
 Sukhbaatar,30-34, Male,2023,96.1
 Sukhbaatar,30-34, Male,2022,97.1
 Sukhbaatar,30-34, Male,2021,95.0
 Sukhbaatar,30-34, Male,2020,93.5
 Sukhbaatar,30-34, Male,2019,85.8
 Sukhbaatar,30-34, Male,2018,96.2
 Sukhbaatar,30-34, Male,2017,98.4
 Sukhbaatar,30-34, Male,2016,98.3
 Sukhbaatar,30-34, Male,2015,91.4
 Sukhbaatar,30-34, Male,2014,96.7
 Sukhbaatar,30-34, Male,2013,91.8
 Sukhbaatar,30-34, Male,2012,93.6
 Sukhbaatar,30-34, Male,2011,86.8
 Sukhbaatar,30-34, Male,2010,92.1
 Sukhbaatar,30-34, Male,2009,85.8
 Sukhbaatar,30-34, Female,2025,68.2
 Sukhbaatar,30-34, Female,2024,87.3
 Sukhbaatar,30-34, Female,2023,74.6
 Sukhbaatar,30-34, Female,2022,74.7
 Sukhbaatar,30-34, Female,2021,80.7
 Sukhbaatar,30-34, Female,2020,86.5
 Sukhbaatar,30-34, Female,2019,85.2
 Sukhbaatar,30-34, Female,2018,83.7
 Sukhbaatar,30-34, Female,2017,82.5
 Sukhbaatar,30-34, Female,2016,86.1
 Sukhbaatar,30-34, Female,2015,83.7
 Sukhbaatar,30-34, Female,2014,80.1
 Sukhbaatar,30-34, Female,2013,73.3
 Sukhbaatar,30-34, Female,2012,93.1
 Sukhbaatar,30-34, Female,2011,83.9
 Sukhbaatar,30-34, Female,2010,84.0
 Sukhbaatar,30-34, Female,2009,96.0
 Sukhbaatar,35-39,Total,2025,86.9
 Sukhbaatar,35-39,Total,2024,93.6
 Sukhbaatar,35-39,Total,2023,93.8
 Sukhbaatar,35-39,Total,2022,87.9
 Sukhbaatar,35-39,Total,2021,85.6
 Sukhbaatar,35-39,Total,2020,96.0
 Sukhbaatar,35-39,Total,2019,87.5
 Sukhbaatar,35-39,Total,2018,89.4
 Sukhbaatar,35-39,Total,2017,91.1
 Sukhbaatar,35-39,Total,2016,88.7
 Sukhbaatar,35-39,Total,2015,95.9
 Sukhbaatar,35-39,Total,2014,89.2
 Sukhbaatar,35-39,Total,2013,81.5
 Sukhbaatar,35-39,Total,2012,96.3
 Sukhbaatar,35-39,Total,2011,93.5
 Sukhbaatar,35-39,Total,2010,85.6
 Sukhbaatar,35-39,Total,2009,91.7
 Sukhbaatar,35-39, Male,2025,98.0
 Sukhbaatar,35-39, Male,2024,96.5
 Sukhbaatar,35-39, Male,2023,96.2
 Sukhbaatar,35-39, Male,2022,96.5
 Sukhbaatar,35-39, Male,2021,88.1
 Sukhbaatar,35-39, Male,2020,93.8
 Sukhbaatar,35-39, Male,2019,91.1
 Sukhbaatar,35-39, Male,2018,93.9
 Sukhbaatar,35-39, Male,2017,91.9
 Sukhbaatar,35-39, Male,2016,95.9
 Sukhbaatar,35-39, Male,2015,100.0
 Sukhbaatar,35-39, Male,2014,93.3
 Sukhbaatar,35-39, Male,2013,81.5
 Sukhbaatar,35-39, Male,2012,97.6
 Sukhbaatar,35-39, Male,2011,95.3
 Sukhbaatar,35-39, Male,2010,87.2
 Sukhbaatar,35-39, Male,2009,92.0
 Sukhbaatar,35-39, Female,2025,75.2
 Sukhbaatar,35-39, Female,2024,90.1
 Sukhbaatar,35-39, Female,2023,91.7
 Sukhbaatar,35-39, Female,2022,74.9
 Sukhbaatar,35-39, Female,2021,82.4
 Sukhbaatar,35-39, Female,2020,98.3
 Sukhbaatar,35-39, Female,2019,83.2
 Sukhbaatar,35-39, Female,2018,85.5
 Sukhbaatar,35-39, Female,2017,90.4
 Sukhbaatar,35-39, Female,2016,82.8
 Sukhbaatar,35-39, Female,2015,91.3
 Sukhbaatar,35-39, Female,2014,84.6
 Sukhbaatar,35-39, Female,2013,81.5
 Sukhbaatar,35-39, Female,2012,95.2
 Sukhbaatar,35-39, Female,2011,91.8
 Sukhbaatar,35-39, Female,2010,84.3
 Sukhbaatar,35-39, Female,2009,91.4
 Sukhbaatar,40-44,Total,2025,94.4
 Sukhbaatar,40-44,Total,2024,94.4
 Sukhbaatar,40-44,Total,2023,94.2
 Sukhbaatar,40-44,Total,2022,89.0
 Sukhbaatar,40-44,Total,2021,98.2
 Sukhbaatar,40-44,Total,2020,70.6
 Sukhbaatar,40-44,Total,2019,91.8
 Sukhbaatar,40-44,Total,2018,90.9
 Sukhbaatar,40-44,Total,2017,83.0
 Sukhbaatar,40-44,Total,2016,90.5
 Sukhbaatar,40-44,Total,2015,98.3
 Sukhbaatar,40-44,Total,2014,84.2
 Sukhbaatar,40-44,Total,2013,88.8
 Sukhbaatar,40-44,Total,2012,94.0
 Sukhbaatar,40-44,Total,2011,91.1
 Sukhbaatar,40-44,Total,2010,83.8
 Sukhbaatar,40-44,Total,2009,89.7
 Sukhbaatar,40-44, Male,2025,92.9
 Sukhbaatar,40-44, Male,2024,98.4
 Sukhbaatar,40-44, Male,2023,96.1
 Sukhbaatar,40-44, Male,2022,89.5
 Sukhbaatar,40-44, Male,2021,98.4
 Sukhbaatar,40-44, Male,2020,66.4
 Sukhbaatar,40-44, Male,2019,88.8
 Sukhbaatar,40-44, Male,2018,91.7
 Sukhbaatar,40-44, Male,2017,81.8
 Sukhbaatar,40-44, Male,2016,94.7
 Sukhbaatar,40-44, Male,2015,100.0
 Sukhbaatar,40-44, Male,2014,89.7
 Sukhbaatar,40-44, Male,2013,88.5
 Sukhbaatar,40-44, Male,2012,90.9
 Sukhbaatar,40-44, Male,2011,94.2
 Sukhbaatar,40-44, Male,2010,83.9
 Sukhbaatar,40-44, Male,2009,90.7
 Sukhbaatar,40-44, Female,2025,96.2
 Sukhbaatar,40-44, Female,2024,91.2
 Sukhbaatar,40-44, Female,2023,92.8
 Sukhbaatar,40-44, Female,2022,88.7
 Sukhbaatar,40-44, Female,2021,98.1
 Sukhbaatar,40-44, Female,2020,73.5
 Sukhbaatar,40-44, Female,2019,94.6
 Sukhbaatar,40-44, Female,2018,90.0
 Sukhbaatar,40-44, Female,2017,84.2
 Sukhbaatar,40-44, Female,2016,86.9
 Sukhbaatar,40-44, Female,2015,96.7
 Sukhbaatar,40-44, Female,2014,79.0
 Sukhbaatar,40-44, Female,2013,89.2
 Sukhbaatar,40-44, Female,2012,97.6
 Sukhbaatar,40-44, Female,2011,87.9
 Sukhbaatar,40-44, Female,2010,83.7
 Sukhbaatar,40-44, Female,2009,88.6
 Sukhbaatar,45-49,Total,2025,88.5
 Sukhbaatar,45-49,Total,2024,90.6
 Sukhbaatar,45-49,Total,2023,95.9
 Sukhbaatar,45-49,Total,2022,76.1
 Sukhbaatar,45-49,Total,2021,95.9
 Sukhbaatar,45-49,Total,2020,85.9
 Sukhbaatar,45-49,Total,2019,93.1
 Sukhbaatar,45-49,Total,2018,86.9
 Sukhbaatar,45-49,Total,2017,84.9
 Sukhbaatar,45-49,Total,2016,85.2
 Sukhbaatar,45-49,Total,2015,84.7
 Sukhbaatar,45-49,Total,2014,87.4
 Sukhbaatar,45-49,Total,2013,87.7
 Sukhbaatar,45-49,Total,2012,93.7
 Sukhbaatar,45-49,Total,2011,84.9
 Sukhbaatar,45-49,Total,2010,87.7
 Sukhbaatar,45-49,Total,2009,78.3
 Sukhbaatar,45-49, Male,2025,92.1
 Sukhbaatar,45-49, Male,2024,96.5
 Sukhbaatar,45-49, Male,2023,95.8
 Sukhbaatar,45-49, Male,2022,90.0
 Sukhbaatar,45-49, Male,2021,96.0
 Sukhbaatar,45-49, Male,2020,96.4
 Sukhbaatar,45-49, Male,2019,93.6
 Sukhbaatar,45-49, Male,2018,91.1
 Sukhbaatar,45-49, Male,2017,84.9
 Sukhbaatar,45-49, Male,2016,77.6
 Sukhbaatar,45-49, Male,2015,95.0
 Sukhbaatar,45-49, Male,2014,85.7
 Sukhbaatar,45-49, Male,2013,87.4
 Sukhbaatar,45-49, Male,2012,96.7
 Sukhbaatar,45-49, Male,2011,78.9
 Sukhbaatar,45-49, Male,2010,87.6
 Sukhbaatar,45-49, Male,2009,80.7
 Sukhbaatar,45-49, Female,2025,83.8
 Sukhbaatar,45-49, Female,2024,85.7
 Sukhbaatar,45-49, Female,2023,96.0
 Sukhbaatar,45-49, Female,2022,66.4
 Sukhbaatar,45-49, Female,2021,95.9
 Sukhbaatar,45-49, Female,2020,77.2
 Sukhbaatar,45-49, Female,2019,92.5
 Sukhbaatar,45-49, Female,2018,81.4
 Sukhbaatar,45-49, Female,2017,84.9
 Sukhbaatar,45-49, Female,2016,94.0
 Sukhbaatar,45-49, Female,2015,74.5
 Sukhbaatar,45-49, Female,2014,89.1
 Sukhbaatar,45-49, Female,2013,88.0
 Sukhbaatar,45-49, Female,2012,91.0
 Sukhbaatar,45-49, Female,2011,89.3
 Sukhbaatar,45-49, Female,2010,87.8
 Sukhbaatar,45-49, Female,2009,76.6
 Sukhbaatar,50-54,Total,2025,81.3
 Sukhbaatar,50-54,Total,2024,84.0
 Sukhbaatar,50-54,Total,2023,92.2
 Sukhbaatar,50-54,Total,2022,84.6
 Sukhbaatar,50-54,Total,2021,88.9
 Sukhbaatar,50-54,Total,2020,70.8
 Sukhbaatar,50-54,Total,2019,85.2
 Sukhbaatar,50-54,Total,2018,69.2
 Sukhbaatar,50-54,Total,2017,79.3
 Sukhbaatar,50-54,Total,2016,75.8
 Sukhbaatar,50-54,Total,2015,82.9
 Sukhbaatar,50-54,Total,2014,75.2
 Sukhbaatar,50-54,Total,2013,68.6
 Sukhbaatar,50-54,Total,2012,74.8
 Sukhbaatar,50-54,Total,2011,70.5
 Sukhbaatar,50-54,Total,2010,73.5
 Sukhbaatar,50-54,Total,2009,83.5
 Sukhbaatar,50-54, Male,2025,90.5
 Sukhbaatar,50-54, Male,2024,82.0
 Sukhbaatar,50-54, Male,2023,93.6
 Sukhbaatar,50-54, Male,2022,85.0
 Sukhbaatar,50-54, Male,2021,97.2
 Sukhbaatar,50-54, Male,2020,73.5
 Sukhbaatar,50-54, Male,2019,93.5
 Sukhbaatar,50-54, Male,2018,70.3
 Sukhbaatar,50-54, Male,2017,72.7
 Sukhbaatar,50-54, Male,2016,85.3
 Sukhbaatar,50-54, Male,2015,92.4
 Sukhbaatar,50-54, Male,2014,81.6
 Sukhbaatar,50-54, Male,2013,73.9
 Sukhbaatar,50-54, Male,2012,83.9
 Sukhbaatar,50-54, Male,2011,76.0
 Sukhbaatar,50-54, Male,2010,84.0
 Sukhbaatar,50-54, Male,2009,82.6
 Sukhbaatar,50-54, Female,2025,72.1
 Sukhbaatar,50-54, Female,2024,86.8
 Sukhbaatar,50-54, Female,2023,91.0
 Sukhbaatar,50-54, Female,2022,84.4
 Sukhbaatar,50-54, Female,2021,79.7
 Sukhbaatar,50-54, Female,2020,69.0
 Sukhbaatar,50-54, Female,2019,76.0
 Sukhbaatar,50-54, Female,2018,68.4
 Sukhbaatar,50-54, Female,2017,85.1
 Sukhbaatar,50-54, Female,2016,70.6
 Sukhbaatar,50-54, Female,2015,74.1
 Sukhbaatar,50-54, Female,2014,69.0
 Sukhbaatar,50-54, Female,2013,63.7
 Sukhbaatar,50-54, Female,2012,66.6
 Sukhbaatar,50-54, Female,2011,64.2
 Sukhbaatar,50-54, Female,2010,63.2
 Sukhbaatar,50-54, Female,2009,84.1
 Sukhbaatar,55-59,Total,2025,55.5
 Sukhbaatar,55-59,Total,2024,73.6
 Sukhbaatar,55-59,Total,2023,75.1
 Sukhbaatar,55-59,Total,2022,36.2
 Sukhbaatar,55-59,Total,2021,55.7
 Sukhbaatar,55-59,Total,2020,52.2
 Sukhbaatar,55-59,Total,2019,51.0
 Sukhbaatar,55-59,Total,2018,68.4
 Sukhbaatar,55-59,Total,2017,49.5
 Sukhbaatar,55-59,Total,2016,60.3
 Sukhbaatar,55-59,Total,2015,51.6
 Sukhbaatar,55-59,Total,2014,61.5
 Sukhbaatar,55-59,Total,2013,48.5
 Sukhbaatar,55-59,Total,2012,74.3
 Sukhbaatar,55-59,Total,2011,46.6
 Sukhbaatar,55-59,Total,2010,75.7
 Sukhbaatar,55-59,Total,2009,40.3
 Sukhbaatar,55-59, Male,2025,62.4
 Sukhbaatar,55-59, Male,2024,84.0
 Sukhbaatar,55-59, Male,2023,85.5
 Sukhbaatar,55-59, Male,2022,46.0
 Sukhbaatar,55-59, Male,2021,54.5
 Sukhbaatar,55-59, Male,2020,68.8
 Sukhbaatar,55-59, Male,2019,65.2
 Sukhbaatar,55-59, Male,2018,74.1
 Sukhbaatar,55-59, Male,2017,63.5
 Sukhbaatar,55-59, Male,2016,74.2
 Sukhbaatar,55-59, Male,2015,67.9
 Sukhbaatar,55-59, Male,2014,81.8
 Sukhbaatar,55-59, Male,2013,60.0
 Sukhbaatar,55-59, Male,2012,83.2
 Sukhbaatar,55-59, Male,2011,73.0
 Sukhbaatar,55-59, Male,2010,79.2
 Sukhbaatar,55-59, Male,2009,51.7
 Sukhbaatar,55-59, Female,2025,51.8
 Sukhbaatar,55-59, Female,2024,63.9
 Sukhbaatar,55-59, Female,2023,64.2
 Sukhbaatar,55-59, Female,2022,27.3
 Sukhbaatar,55-59, Female,2021,57.3
 Sukhbaatar,55-59, Female,2020,28.4
 Sukhbaatar,55-59, Female,2019,37.3
 Sukhbaatar,55-59, Female,2018,63.4
 Sukhbaatar,55-59, Female,2017,35.8
 Sukhbaatar,55-59, Female,2016,44.4
 Sukhbaatar,55-59, Female,2015,37.9
 Sukhbaatar,55-59, Female,2014,44.5
 Sukhbaatar,55-59, Female,2013,38.9
 Sukhbaatar,55-59, Female,2012,68.7
 Sukhbaatar,55-59, Female,2011,27.7
 Sukhbaatar,55-59, Female,2010,72.0
 Sukhbaatar,55-59, Female,2009,21.8
 Sukhbaatar,60-64,Total,2025,56.6
 Sukhbaatar,60-64,Total,2024,43.1
 Sukhbaatar,60-64,Total,2023,34.0
 Sukhbaatar,60-64,Total,2022,41.0
 Sukhbaatar,60-64,Total,2021,26.9
 Sukhbaatar,60-64,Total,2020,40.5
 Sukhbaatar,60-64,Total,2019,48.3
 Sukhbaatar,60-64,Total,2018,30.6
 Sukhbaatar,60-64,Total,2017,34.3
 Sukhbaatar,60-64,Total,2016,29.3
 Sukhbaatar,60-64,Total,2015,38.0
 Sukhbaatar,60-64,Total,2014,32.4
 Sukhbaatar,60-64,Total,2013,46.5
 Sukhbaatar,60-64,Total,2012,58.8
 Sukhbaatar,60-64,Total,2011,53.9
 Sukhbaatar,60-64,Total,2010,52.0
 Sukhbaatar,60-64,Total,2009,32.0
 Sukhbaatar,60-64, Male,2025,42.4
 Sukhbaatar,60-64, Male,2024,53.9
 Sukhbaatar,60-64, Male,2023,58.4
 Sukhbaatar,60-64, Male,2022,59.2
 Sukhbaatar,60-64, Male,2021,42.6
 Sukhbaatar,60-64, Male,2020,69.8
 Sukhbaatar,60-64, Male,2019,65.7
 Sukhbaatar,60-64, Male,2018,23.1
 Sukhbaatar,60-64, Male,2017,38.3
 Sukhbaatar,60-64, Male,2016,30.8
 Sukhbaatar,60-64, Male,2015,48.4
 Sukhbaatar,60-64, Male,2014,32.4
 Sukhbaatar,60-64, Male,2013,41.8
 Sukhbaatar,60-64, Male,2012,83.1
 Sukhbaatar,60-64, Male,2011,58.5
 Sukhbaatar,60-64, Male,2010,45.7
 Sukhbaatar,60-64, Male,2009,48.9
 Sukhbaatar,60-64, Female,2025,69.3
 Sukhbaatar,60-64, Female,2024,34.8
 Sukhbaatar,60-64, Female,2023,17.4
 Sukhbaatar,60-64, Female,2022,32.0
 Sukhbaatar,60-64, Female,2021,10.5
 Sukhbaatar,60-64, Female,2020,12.0
 Sukhbaatar,60-64, Female,2019,38.7
 Sukhbaatar,60-64, Female,2018,37.2
 Sukhbaatar,60-64, Female,2017,29.5
 Sukhbaatar,60-64, Female,2016,28.1
 Sukhbaatar,60-64, Female,2015,32.3
 Sukhbaatar,60-64, Female,2014,32.4
 Sukhbaatar,60-64, Female,2013,55.3
 Sukhbaatar,60-64, Female,2012,45.0
 Sukhbaatar,60-64, Female,2011,48.0
 Sukhbaatar,60-64, Female,2010,60.6
 Sukhbaatar,60-64, Female,2009,16.3
 Sukhbaatar,65-69,Total,2025,35.3
 Sukhbaatar,65-69,Total,2024,19.4
 Sukhbaatar,65-69,Total,2023,36.8
 Sukhbaatar,65-69,Total,2022,24.4
 Sukhbaatar,65-69,Total,2021,17.2
 Sukhbaatar,65-69,Total,2020,26.3
 Sukhbaatar,65-69,Total,2019,21.0
 Sukhbaatar,65-69,Total,2018,33.8
 Sukhbaatar,65-69,Total,2017,18.7
 Sukhbaatar,65-69,Total,2016,36.4
 Sukhbaatar,65-69,Total,2015,27.6
 Sukhbaatar,65-69,Total,2014,47.8
 Sukhbaatar,65-69,Total,2013,15.2
 Sukhbaatar,65-69,Total,2012,33.4
 Sukhbaatar,65-69,Total,2011,25.6
 Sukhbaatar,65-69,Total,2010,20.4
 Sukhbaatar,65-69,Total,2009,38.6
 Sukhbaatar,65-69, Male,2025,34.0
 Sukhbaatar,65-69, Male,2024,32.3
 Sukhbaatar,65-69, Male,2023,43.9
 Sukhbaatar,65-69, Male,2022,14.7
 Sukhbaatar,65-69, Male,2021,35.5
 Sukhbaatar,65-69, Male,2020,26.8
 Sukhbaatar,65-69, Male,2019,36.7
 Sukhbaatar,65-69, Male,2018,28.2
 Sukhbaatar,65-69, Male,2017,29.6
 Sukhbaatar,65-69, Male,2016,59.2
 Sukhbaatar,65-69, Male,2015,34.2
 Sukhbaatar,65-69, Male,2014,46.3
 Sukhbaatar,65-69, Male,2013,40.5
 Sukhbaatar,65-69, Male,2012,40.8
 Sukhbaatar,65-69, Male,2011,73.3
 Sukhbaatar,65-69, Male,2010,15.1
 Sukhbaatar,65-69, Male,2009,29.5
 Sukhbaatar,65-69, Female,2025,36.1
 Sukhbaatar,65-69, Female,2024,9.4
 Sukhbaatar,65-69, Female,2023,31.7
 Sukhbaatar,65-69, Female,2022,34.4
 Sukhbaatar,65-69, Female,2021,10.8
 Sukhbaatar,65-69, Female,2020,26.1
 Sukhbaatar,65-69, Female,2019,10.8
 Sukhbaatar,65-69, Female,2018,38.5
 Sukhbaatar,65-69, Female,2017,10.9
 Sukhbaatar,65-69, Female,2016,11.1
 Sukhbaatar,65-69, Female,2015,25.0
 Sukhbaatar,65-69, Female,2014,49.6
 Sukhbaatar,65-69, Female,2013,6.9
 Sukhbaatar,65-69, Female,2012,0.0
 Sukhbaatar,65-69, Female,2011,8.3
 Sukhbaatar,65-69, Female,2010,24.5
 Sukhbaatar,65-69, Female,2009,53.1
 Sukhbaatar,70+,Total,2025,1.9
 Sukhbaatar,70+,Total,2024,6.8
 Sukhbaatar,70+,Total,2023,20.5
 Sukhbaatar,70+,Total,2022,8.9
 Sukhbaatar,70+,Total,2021,7.2
 Sukhbaatar,70+,Total,2020,34.7
 Sukhbaatar,70+,Total,2019,7.6
 Sukhbaatar,70+,Total,2018,6.4
 Sukhbaatar,70+,Total,2017,6.5
 Sukhbaatar,70+,Total,2016,10.3
 Sukhbaatar,70+,Total,2015,5.9
 Sukhbaatar,70+,Total,2014,3.6
 Sukhbaatar,70+,Total,2013,9.9
 Sukhbaatar,70+,Total,2012,14.9
 Sukhbaatar,70+,Total,2011,13.8
 Sukhbaatar,70+,Total,2010,6.0
 Sukhbaatar,70+,Total,2009,17.0
 Sukhbaatar,70+, Male,2025,0.0
 Sukhbaatar,70+, Male,2024,0.0
 Sukhbaatar,70+, Male,2023,36.0
 Sukhbaatar,70+, Male,2022,8.9
 Sukhbaatar,70+, Male,2021,19.2
 Sukhbaatar,70+, Male,2020,49.8
 Sukhbaatar,70+, Male,2019,0.0
 Sukhbaatar,70+, Male,2018,14.5
 Sukhbaatar,70+, Male,2017,18.4
 Sukhbaatar,70+, Male,2016,12.8
 Sukhbaatar,70+, Male,2015,8.4
 Sukhbaatar,70+, Male,2014,0.0
 Sukhbaatar,70+, Male,2013,12.7
 Sukhbaatar,70+, Male,2012,19.2
 Sukhbaatar,70+, Male,2011,40.4
 Sukhbaatar,70+, Male,2010,7.5
 Sukhbaatar,70+, Male,2009,25.5
 Sukhbaatar,70+, Female,2025,2.8
 Sukhbaatar,70+, Female,2024,8.4
 Sukhbaatar,70+, Female,2023,10.5
 Sukhbaatar,70+, Female,2022,8.9
 Sukhbaatar,70+, Female,2021,1.9
 Sukhbaatar,70+, Female,2020,29.7
 Sukhbaatar,70+, Female,2019,13.0
 Sukhbaatar,70+, Female,2018,0.0
 Sukhbaatar,70+, Female,2017,0.0
 Sukhbaatar,70+, Female,2016,7.3
 Sukhbaatar,70+, Female,2015,4.5
 Sukhbaatar,70+, Female,2014,5.0
 Sukhbaatar,70+, Female,2013,8.5
 Sukhbaatar,70+, Female,2012,13.4
 Sukhbaatar,70+, Female,2011,0.0
 Sukhbaatar,70+, Female,2010,5.0
 Sukhbaatar,70+, Female,2009,13.0
 Khentii,Total,Total,2025,65.4
 Khentii,Total,Total,2024,64.7
 Khentii,Total,Total,2023,70.1
 Khentii,Total,Total,2022,71.0
 Khentii,Total,Total,2021,72.2
 Khentii,Total,Total,2020,65.4
 Khentii,Total,Total,2019,67.3
 Khentii,Total,Total,2018,55.8
 Khentii,Total,Total,2017,56.4
 Khentii,Total,Total,2016,64.6
 Khentii,Total,Total,2015,65.9
 Khentii,Total,Total,2014,63.2
 Khentii,Total,Total,2013,68.5
 Khentii,Total,Total,2012,64.6
 Khentii,Total,Total,2011,52.4
 Khentii,Total,Total,2010,46.7
 Khentii,Total,Total,2009,48.6
 Khentii,Total, Male,2025,71.4
 Khentii,Total, Male,2024,70.1
 Khentii,Total, Male,2023,76.4
 Khentii,Total, Male,2022,76.8
 Khentii,Total, Male,2021,75.7
 Khentii,Total, Male,2020,73.1
 Khentii,Total, Male,2019,70.8
 Khentii,Total, Male,2018,61.3
 Khentii,Total, Male,2017,65.5
 Khentii,Total, Male,2016,70.0
 Khentii,Total, Male,2015,71.0
 Khentii,Total, Male,2014,69.1
 Khentii,Total, Male,2013,72.5
 Khentii,Total, Male,2012,69.2
 Khentii,Total, Male,2011,56.0
 Khentii,Total, Male,2010,46.8
 Khentii,Total, Male,2009,53.2
 Khentii,Total, Female,2025,59.8
 Khentii,Total, Female,2024,59.2
 Khentii,Total, Female,2023,64.1
 Khentii,Total, Female,2022,65.3
 Khentii,Total, Female,2021,68.3
 Khentii,Total, Female,2020,57.3
 Khentii,Total, Female,2019,63.7
 Khentii,Total, Female,2018,50.6
 Khentii,Total, Female,2017,47.4
 Khentii,Total, Female,2016,59.0
 Khentii,Total, Female,2015,61.2
 Khentii,Total, Female,2014,57.8
 Khentii,Total, Female,2013,64.5
 Khentii,Total, Female,2012,60.7
 Khentii,Total, Female,2011,48.6
 Khentii,Total, Female,2010,46.5
 Khentii,Total, Female,2009,44.7
 Khentii,15-19,Total,2025,11.3
 Khentii,15-19,Total,2024,11.2
 Khentii,15-19,Total,2023,13.3
 Khentii,15-19,Total,2022,12.1
 Khentii,15-19,Total,2021,16.6
 Khentii,15-19,Total,2020,16.2
 Khentii,15-19,Total,2019,13.1
 Khentii,15-19,Total,2018,15.7
 Khentii,15-19,Total,2017,7.6
 Khentii,15-19,Total,2016,11.0
 Khentii,15-19,Total,2015,8.6
 Khentii,15-19,Total,2014,8.7
 Khentii,15-19,Total,2013,20.0
 Khentii,15-19,Total,2012,34.0
 Khentii,15-19,Total,2011,13.3
 Khentii,15-19,Total,2010,10.6
 Khentii,15-19,Total,2009,4.9
 Khentii,15-19, Male,2025,19.7
 Khentii,15-19, Male,2024,16.7
 Khentii,15-19, Male,2023,24.7
 Khentii,15-19, Male,2022,18.5
 Khentii,15-19, Male,2021,12.3
 Khentii,15-19, Male,2020,25.6
 Khentii,15-19, Male,2019,20.4
 Khentii,15-19, Male,2018,22.2
 Khentii,15-19, Male,2017,15.1
 Khentii,15-19, Male,2016,8.5
 Khentii,15-19, Male,2015,14.8
 Khentii,15-19, Male,2014,14.2
 Khentii,15-19, Male,2013,25.4
 Khentii,15-19, Male,2012,40.6
 Khentii,15-19, Male,2011,16.9
 Khentii,15-19, Male,2010,12.9
 Khentii,15-19, Male,2009,12.1
 Khentii,15-19, Female,2025,0.0
 Khentii,15-19, Female,2024,3.1
 Khentii,15-19, Female,2023,1.4
 Khentii,15-19, Female,2022,6.8
 Khentii,15-19, Female,2021,23.3
 Khentii,15-19, Female,2020,5.8
 Khentii,15-19, Female,2019,2.9
 Khentii,15-19, Female,2018,6.8
 Khentii,15-19, Female,2017,1.6
 Khentii,15-19, Female,2016,14.4
 Khentii,15-19, Female,2015,1.8
 Khentii,15-19, Female,2014,2.3
 Khentii,15-19, Female,2013,13.3
 Khentii,15-19, Female,2012,27.3
 Khentii,15-19, Female,2011,9.0
 Khentii,15-19, Female,2010,8.2
 Khentii,15-19, Female,2009,0.0
 Khentii,20-24,Total,2025,50.3
 Khentii,20-24,Total,2024,36.6
 Khentii,20-24,Total,2023,81.0
 Khentii,20-24,Total,2022,55.7
 Khentii,20-24,Total,2021,55.3
 Khentii,20-24,Total,2020,50.9
 Khentii,20-24,Total,2019,71.8
 Khentii,20-24,Total,2018,49.6
 Khentii,20-24,Total,2017,49.8
 Khentii,20-24,Total,2016,55.4
 Khentii,20-24,Total,2015,66.1
 Khentii,20-24,Total,2014,61.6
 Khentii,20-24,Total,2013,63.4
 Khentii,20-24,Total,2012,60.3
 Khentii,20-24,Total,2011,33.7
 Khentii,20-24,Total,2010,43.6
 Khentii,20-24,Total,2009,37.2
 Khentii,20-24, Male,2025,54.9
 Khentii,20-24, Male,2024,51.9
 Khentii,20-24, Male,2023,88.0
 Khentii,20-24, Male,2022,83.3
 Khentii,20-24, Male,2021,66.3
 Khentii,20-24, Male,2020,61.1
 Khentii,20-24, Male,2019,72.2
 Khentii,20-24, Male,2018,53.7
 Khentii,20-24, Male,2017,59.6
 Khentii,20-24, Male,2016,69.9
 Khentii,20-24, Male,2015,77.8
 Khentii,20-24, Male,2014,77.6
 Khentii,20-24, Male,2013,70.4
 Khentii,20-24, Male,2012,71.4
 Khentii,20-24, Male,2011,42.7
 Khentii,20-24, Male,2010,47.7
 Khentii,20-24, Male,2009,46.3
 Khentii,20-24, Female,2025,37.2
 Khentii,20-24, Female,2024,24.0
 Khentii,20-24, Female,2023,72.8
 Khentii,20-24, Female,2022,25.9
 Khentii,20-24, Female,2021,41.6
 Khentii,20-24, Female,2020,36.4
 Khentii,20-24, Female,2019,71.5
 Khentii,20-24, Female,2018,43.7
 Khentii,20-24, Female,2017,34.4
 Khentii,20-24, Female,2016,41.2
 Khentii,20-24, Female,2015,53.5
 Khentii,20-24, Female,2014,46.9
 Khentii,20-24, Female,2013,51.0
 Khentii,20-24, Female,2012,51.5
 Khentii,20-24, Female,2011,24.2
 Khentii,20-24, Female,2010,40.2
 Khentii,20-24, Female,2009,32.6
 Khentii,25-29,Total,2025,79.3
 Khentii,25-29,Total,2024,95.6
 Khentii,25-29,Total,2023,92.9
 Khentii,25-29,Total,2022,92.4
 Khentii,25-29,Total,2021,91.2
 Khentii,25-29,Total,2020,94.6
 Khentii,25-29,Total,2019,83.8
 Khentii,25-29,Total,2018,62.6
 Khentii,25-29,Total,2017,65.6
 Khentii,25-29,Total,2016,81.7
 Khentii,25-29,Total,2015,77.0
 Khentii,25-29,Total,2014,78.7
 Khentii,25-29,Total,2013,85.2
 Khentii,25-29,Total,2012,76.0
 Khentii,25-29,Total,2011,65.4
 Khentii,25-29,Total,2010,53.6
 Khentii,25-29,Total,2009,72.3
 Khentii,25-29, Male,2025,100.0
 Khentii,25-29, Male,2024,100.0
 Khentii,25-29, Male,2023,100.0
 Khentii,25-29, Male,2022,100.0
 Khentii,25-29, Male,2021,100.0
 Khentii,25-29, Male,2020,96.2
 Khentii,25-29, Male,2019,92.3
 Khentii,25-29, Male,2018,73.3
 Khentii,25-29, Male,2017,77.9
 Khentii,25-29, Male,2016,86.6
 Khentii,25-29, Male,2015,88.7
 Khentii,25-29, Male,2014,91.9
 Khentii,25-29, Male,2013,90.9
 Khentii,25-29, Male,2012,73.9
 Khentii,25-29, Male,2011,72.0
 Khentii,25-29, Male,2010,57.5
 Khentii,25-29, Male,2009,74.8
 Khentii,25-29, Female,2025,59.2
 Khentii,25-29, Female,2024,83.7
 Khentii,25-29, Female,2023,83.0
 Khentii,25-29, Female,2022,83.2
 Khentii,25-29, Female,2021,85.0
 Khentii,25-29, Female,2020,92.1
 Khentii,25-29, Female,2019,76.6
 Khentii,25-29, Female,2018,53.8
 Khentii,25-29, Female,2017,56.2
 Khentii,25-29, Female,2016,76.4
 Khentii,25-29, Female,2015,65.6
 Khentii,25-29, Female,2014,65.3
 Khentii,25-29, Female,2013,80.9
 Khentii,25-29, Female,2012,77.9
 Khentii,25-29, Female,2011,58.4
 Khentii,25-29, Female,2010,48.4
 Khentii,25-29, Female,2009,67.3
 Khentii,30-34,Total,2025,90.7
 Khentii,30-34,Total,2024,88.2
 Khentii,30-34,Total,2023,72.3
 Khentii,30-34,Total,2022,90.2
 Khentii,30-34,Total,2021,94.5
 Khentii,30-34,Total,2020,93.1
 Khentii,30-34,Total,2019,83.2
 Khentii,30-34,Total,2018,70.8
 Khentii,30-34,Total,2017,76.0
 Khentii,30-34,Total,2016,83.5
 Khentii,30-34,Total,2015,87.2
 Khentii,30-34,Total,2014,84.1
 Khentii,30-34,Total,2013,86.7
 Khentii,30-34,Total,2012,87.4
 Khentii,30-34,Total,2011,75.4
 Khentii,30-34,Total,2010,61.5
 Khentii,30-34,Total,2009,73.8
 Khentii,30-34, Male,2025,100.0
 Khentii,30-34, Male,2024,88.6
 Khentii,30-34, Male,2023,80.4
 Khentii,30-34, Male,2022,100.0
 Khentii,30-34, Male,2021,100.0
 Khentii,30-34, Male,2020,100.0
 Khentii,30-34, Male,2019,87.7
 Khentii,30-34, Male,2018,79.4
 Khentii,30-34, Male,2017,84.3
 Khentii,30-34, Male,2016,81.5
 Khentii,30-34, Male,2015,90.2
 Khentii,30-34, Male,2014,92.7
 Khentii,30-34, Male,2013,90.6
 Khentii,30-34, Male,2012,89.8
 Khentii,30-34, Male,2011,74.1
 Khentii,30-34, Male,2010,58.1
 Khentii,30-34, Male,2009,76.3
 Khentii,30-34, Female,2025,84.5
 Khentii,30-34, Female,2024,88.0
 Khentii,30-34, Female,2023,62.9
 Khentii,30-34, Female,2022,82.8
 Khentii,30-34, Female,2021,88.3
 Khentii,30-34, Female,2020,86.8
 Khentii,30-34, Female,2019,78.3
 Khentii,30-34, Female,2018,64.0
 Khentii,30-34, Female,2017,63.3
 Khentii,30-34, Female,2016,85.5
 Khentii,30-34, Female,2015,84.4
 Khentii,30-34, Female,2014,74.7
 Khentii,30-34, Female,2013,83.3
 Khentii,30-34, Female,2012,85.7
 Khentii,30-34, Female,2011,76.5
 Khentii,30-34, Female,2010,65.0
 Khentii,30-34, Female,2009,72.2
 Khentii,35-39,Total,2025,95.9
 Khentii,35-39,Total,2024,98.6
 Khentii,35-39,Total,2023,80.4
 Khentii,35-39,Total,2022,86.7
 Khentii,35-39,Total,2021,91.0
 Khentii,35-39,Total,2020,78.2
 Khentii,35-39,Total,2019,90.4
 Khentii,35-39,Total,2018,76.4
 Khentii,35-39,Total,2017,73.6
 Khentii,35-39,Total,2016,81.0
 Khentii,35-39,Total,2015,89.3
 Khentii,35-39,Total,2014,81.9
 Khentii,35-39,Total,2013,87.7
 Khentii,35-39,Total,2012,92.1
 Khentii,35-39,Total,2011,76.0
 Khentii,35-39,Total,2010,63.1
 Khentii,35-39,Total,2009,70.6
 Khentii,35-39, Male,2025,98.1
 Khentii,35-39, Male,2024,100.0
 Khentii,35-39, Male,2023,86.4
 Khentii,35-39, Male,2022,95.0
 Khentii,35-39, Male,2021,94.4
 Khentii,35-39, Male,2020,79.6
 Khentii,35-39, Male,2019,96.5
 Khentii,35-39, Male,2018,77.4
 Khentii,35-39, Male,2017,87.1
 Khentii,35-39, Male,2016,86.1
 Khentii,35-39, Male,2015,93.9
 Khentii,35-39, Male,2014,86.4
 Khentii,35-39, Male,2013,94.7
 Khentii,35-39, Male,2012,97.1
 Khentii,35-39, Male,2011,76.6
 Khentii,35-39, Male,2010,55.3
 Khentii,35-39, Male,2009,66.3
 Khentii,35-39, Female,2025,93.5
 Khentii,35-39, Female,2024,97.2
 Khentii,35-39, Female,2023,75.3
 Khentii,35-39, Female,2022,78.9
 Khentii,35-39, Female,2021,87.4
 Khentii,35-39, Female,2020,76.4
 Khentii,35-39, Female,2019,84.5
 Khentii,35-39, Female,2018,75.5
 Khentii,35-39, Female,2017,62.0
 Khentii,35-39, Female,2016,75.0
 Khentii,35-39, Female,2015,85.3
 Khentii,35-39, Female,2014,78.7
 Khentii,35-39, Female,2013,81.7
 Khentii,35-39, Female,2012,87.4
 Khentii,35-39, Female,2011,75.5
 Khentii,35-39, Female,2010,70.0
 Khentii,35-39, Female,2009,74.9
 Khentii,40-44,Total,2025,87.9
 Khentii,40-44,Total,2024,92.3
 Khentii,40-44,Total,2023,89.6
 Khentii,40-44,Total,2022,96.1
 Khentii,40-44,Total,2021,84.6
 Khentii,40-44,Total,2020,98.3
 Khentii,40-44,Total,2019,98.0
 Khentii,40-44,Total,2018,84.5
 Khentii,40-44,Total,2017,76.2
 Khentii,40-44,Total,2016,83.1
 Khentii,40-44,Total,2015,91.8
 Khentii,40-44,Total,2014,88.8
 Khentii,40-44,Total,2013,91.4
 Khentii,40-44,Total,2012,80.9
 Khentii,40-44,Total,2011,79.4
 Khentii,40-44,Total,2010,57.6
 Khentii,40-44,Total,2009,62.6
 Khentii,40-44, Male,2025,91.5
 Khentii,40-44, Male,2024,95.7
 Khentii,40-44, Male,2023,95.8
 Khentii,40-44, Male,2022,95.7
 Khentii,40-44, Male,2021,94.0
 Khentii,40-44, Male,2020,100.0
 Khentii,40-44, Male,2019,97.1
 Khentii,40-44, Male,2018,87.5
 Khentii,40-44, Male,2017,85.3
 Khentii,40-44, Male,2016,85.8
 Khentii,40-44, Male,2015,92.6
 Khentii,40-44, Male,2014,91.5
 Khentii,40-44, Male,2013,92.7
 Khentii,40-44, Male,2012,81.3
 Khentii,40-44, Male,2011,85.2
 Khentii,40-44, Male,2010,62.5
 Khentii,40-44, Male,2009,79.2
 Khentii,40-44, Female,2025,84.5
 Khentii,40-44, Female,2024,88.1
 Khentii,40-44, Female,2023,85.9
 Khentii,40-44, Female,2022,96.7
 Khentii,40-44, Female,2021,76.3
 Khentii,40-44, Female,2020,97.1
 Khentii,40-44, Female,2019,98.9
 Khentii,40-44, Female,2018,81.0
 Khentii,40-44, Female,2017,69.6
 Khentii,40-44, Female,2016,80.4
 Khentii,40-44, Female,2015,91.1
 Khentii,40-44, Female,2014,86.6
 Khentii,40-44, Female,2013,90.0
 Khentii,40-44, Female,2012,80.5
 Khentii,40-44, Female,2011,69.6
 Khentii,40-44, Female,2010,53.7
 Khentii,40-44, Female,2009,53.1
 Khentii,45-49,Total,2025,94.7
 Khentii,45-49,Total,2024,97.2
 Khentii,45-49,Total,2023,95.8
 Khentii,45-49,Total,2022,90.9
 Khentii,45-49,Total,2021,96.8
 Khentii,45-49,Total,2020,80.2
 Khentii,45-49,Total,2019,84.8
 Khentii,45-49,Total,2018,74.4
 Khentii,45-49,Total,2017,73.5
 Khentii,45-49,Total,2016,80.1
 Khentii,45-49,Total,2015,83.1
 Khentii,45-49,Total,2014,84.8
 Khentii,45-49,Total,2013,90.1
 Khentii,45-49,Total,2012,80.5
 Khentii,45-49,Total,2011,71.5
 Khentii,45-49,Total,2010,56.7
 Khentii,45-49,Total,2009,76.6
 Khentii,45-49, Male,2025,96.4
 Khentii,45-49, Male,2024,98.8
 Khentii,45-49, Male,2023,96.5
 Khentii,45-49, Male,2022,83.3
 Khentii,45-49, Male,2021,98.6
 Khentii,45-49, Male,2020,86.7
 Khentii,45-49, Male,2019,86.7
 Khentii,45-49, Male,2018,80.3
 Khentii,45-49, Male,2017,75.9
 Khentii,45-49, Male,2016,83.7
 Khentii,45-49, Male,2015,79.8
 Khentii,45-49, Male,2014,86.7
 Khentii,45-49, Male,2013,90.8
 Khentii,45-49, Male,2012,73.9
 Khentii,45-49, Male,2011,75.4
 Khentii,45-49, Male,2010,41.8
 Khentii,45-49, Male,2009,72.3
 Khentii,45-49, Female,2025,93.1
 Khentii,45-49, Female,2024,95.3
 Khentii,45-49, Female,2023,95.0
 Khentii,45-49, Female,2022,98.7
 Khentii,45-49, Female,2021,94.4
 Khentii,45-49, Female,2020,74.8
 Khentii,45-49, Female,2019,83.2
 Khentii,45-49, Female,2018,69.5
 Khentii,45-49, Female,2017,71.7
 Khentii,45-49, Female,2016,76.5
 Khentii,45-49, Female,2015,86.2
 Khentii,45-49, Female,2014,82.9
 Khentii,45-49, Female,2013,89.4
 Khentii,45-49, Female,2012,86.9
 Khentii,45-49, Female,2011,68.9
 Khentii,45-49, Female,2010,70.3
 Khentii,45-49, Female,2009,81.7
 Khentii,50-54,Total,2025,80.3
 Khentii,50-54,Total,2024,81.1
 Khentii,50-54,Total,2023,83.6
 Khentii,50-54,Total,2022,92.8
 Khentii,50-54,Total,2021,90.9
 Khentii,50-54,Total,2020,75.8
 Khentii,50-54,Total,2019,77.3
 Khentii,50-54,Total,2018,63.8
 Khentii,50-54,Total,2017,61.6
 Khentii,50-54,Total,2016,70.6
 Khentii,50-54,Total,2015,68.3
 Khentii,50-54,Total,2014,78.7
 Khentii,50-54,Total,2013,79.9
 Khentii,50-54,Total,2012,71.7
 Khentii,50-54,Total,2011,59.4
 Khentii,50-54,Total,2010,68.0
 Khentii,50-54,Total,2009,68.6
 Khentii,50-54, Male,2025,82.6
 Khentii,50-54, Male,2024,73.9
 Khentii,50-54, Male,2023,88.2
 Khentii,50-54, Male,2022,98.5
 Khentii,50-54, Male,2021,90.5
 Khentii,50-54, Male,2020,91.9
 Khentii,50-54, Male,2019,81.5
 Khentii,50-54, Male,2018,58.8
 Khentii,50-54, Male,2017,68.1
 Khentii,50-54, Male,2016,77.0
 Khentii,50-54, Male,2015,73.8
 Khentii,50-54, Male,2014,84.8
 Khentii,50-54, Male,2013,88.0
 Khentii,50-54, Male,2012,83.1
 Khentii,50-54, Male,2011,56.3
 Khentii,50-54, Male,2010,67.5
 Khentii,50-54, Male,2009,63.1
 Khentii,50-54, Female,2025,78.1
 Khentii,50-54, Female,2024,88.0
 Khentii,50-54, Female,2023,78.7
 Khentii,50-54, Female,2022,88.2
 Khentii,50-54, Female,2021,91.6
 Khentii,50-54, Female,2020,54.5
 Khentii,50-54, Female,2019,73.7
 Khentii,50-54, Female,2018,69.3
 Khentii,50-54, Female,2017,54.7
 Khentii,50-54, Female,2016,61.7
 Khentii,50-54, Female,2015,64.9
 Khentii,50-54, Female,2014,72.9
 Khentii,50-54, Female,2013,72.1
 Khentii,50-54, Female,2012,57.8
 Khentii,50-54, Female,2011,63.4
 Khentii,50-54, Female,2010,68.7
 Khentii,50-54, Female,2009,75.6
 Khentii,55-59,Total,2025,51.5
 Khentii,55-59,Total,2024,53.9
 Khentii,55-59,Total,2023,60.9
 Khentii,55-59,Total,2022,60.5
 Khentii,55-59,Total,2021,85.7
 Khentii,55-59,Total,2020,83.1
 Khentii,55-59,Total,2019,62.6
 Khentii,55-59,Total,2018,43.8
 Khentii,55-59,Total,2017,56.0
 Khentii,55-59,Total,2016,53.7
 Khentii,55-59,Total,2015,59.5
 Khentii,55-59,Total,2014,45.4
 Khentii,55-59,Total,2013,47.8
 Khentii,55-59,Total,2012,54.6
 Khentii,55-59,Total,2011,40.8
 Khentii,55-59,Total,2010,44.5
 Khentii,55-59,Total,2009,32.0
 Khentii,55-59, Male,2025,60.0
 Khentii,55-59, Male,2024,68.2
 Khentii,55-59, Male,2023,67.5
 Khentii,55-59, Male,2022,74.5
 Khentii,55-59, Male,2021,98.4
 Khentii,55-59, Male,2020,96.3
 Khentii,55-59, Male,2019,68.9
 Khentii,55-59, Male,2018,57.3
 Khentii,55-59, Male,2017,67.4
 Khentii,55-59, Male,2016,68.7
 Khentii,55-59, Male,2015,68.0
 Khentii,55-59, Male,2014,62.5
 Khentii,55-59, Male,2013,57.5
 Khentii,55-59, Male,2012,59.4
 Khentii,55-59, Male,2011,55.3
 Khentii,55-59, Male,2010,60.6
 Khentii,55-59, Male,2009,29.0
 Khentii,55-59, Female,2025,46.0
 Khentii,55-59, Female,2024,41.0
 Khentii,55-59, Female,2023,56.9
 Khentii,55-59, Female,2022,52.3
 Khentii,55-59, Female,2021,71.4
 Khentii,55-59, Female,2020,66.4
 Khentii,55-59, Female,2019,55.1
 Khentii,55-59, Female,2018,34.2
 Khentii,55-59, Female,2017,42.2
 Khentii,55-59, Female,2016,41.2
 Khentii,55-59, Female,2015,48.9
 Khentii,55-59, Female,2014,29.4
 Khentii,55-59, Female,2013,39.5
 Khentii,55-59, Female,2012,51.4
 Khentii,55-59, Female,2011,27.7
 Khentii,55-59, Female,2010,35.2
 Khentii,55-59, Female,2009,38.7
 Khentii,60-64,Total,2025,40.3
 Khentii,60-64,Total,2024,13.1
 Khentii,60-64,Total,2023,37.7
 Khentii,60-64,Total,2022,34.1
 Khentii,60-64,Total,2021,64.6
 Khentii,60-64,Total,2020,32.8
 Khentii,60-64,Total,2019,48.2
 Khentii,60-64,Total,2018,18.2
 Khentii,60-64,Total,2017,40.0
 Khentii,60-64,Total,2016,32.7
 Khentii,60-64,Total,2015,44.9
 Khentii,60-64,Total,2014,20.5
 Khentii,60-64,Total,2013,18.0
 Khentii,60-64,Total,2012,35.3
 Khentii,60-64,Total,2011,39.5
 Khentii,60-64,Total,2010,35.3
 Khentii,60-64,Total,2009,17.8
 Khentii,60-64, Male,2025,47.9
 Khentii,60-64, Male,2024,17.6
 Khentii,60-64, Male,2023,34.0
 Khentii,60-64, Male,2022,26.6
 Khentii,60-64, Male,2021,60.5
 Khentii,60-64, Male,2020,33.8
 Khentii,60-64, Male,2019,62.9
 Khentii,60-64, Male,2018,22.1
 Khentii,60-64, Male,2017,51.6
 Khentii,60-64, Male,2016,43.5
 Khentii,60-64, Male,2015,67.6
 Khentii,60-64, Male,2014,19.1
 Khentii,60-64, Male,2013,29.7
 Khentii,60-64, Male,2012,34.5
 Khentii,60-64, Male,2011,45.5
 Khentii,60-64, Male,2010,37.8
 Khentii,60-64, Male,2009,0.0
 Khentii,60-64, Female,2025,35.3
 Khentii,60-64, Female,2024,9.9
 Khentii,60-64, Female,2023,40.5
 Khentii,60-64, Female,2022,41.7
 Khentii,60-64, Female,2021,67.8
 Khentii,60-64, Female,2020,31.6
 Khentii,60-64, Female,2019,38.5
 Khentii,60-64, Female,2018,16.4
 Khentii,60-64, Female,2017,31.4
 Khentii,60-64, Female,2016,24.6
 Khentii,60-64, Female,2015,31.0
 Khentii,60-64, Female,2014,22.1
 Khentii,60-64, Female,2013,7.1
 Khentii,60-64, Female,2012,36.1
 Khentii,60-64, Female,2011,0.0
 Khentii,60-64, Female,2010,31.2
 Khentii,60-64, Female,2009,26.4
 Khentii,65-69,Total,2025,33.0
 Khentii,65-69,Total,2024,41.4
 Khentii,65-69,Total,2023,45.1
 Khentii,65-69,Total,2022,33.9
 Khentii,65-69,Total,2021,57.6
 Khentii,65-69,Total,2020,11.7
 Khentii,65-69,Total,2019,24.7
 Khentii,65-69,Total,2018,18.2
 Khentii,65-69,Total,2017,34.4
 Khentii,65-69,Total,2016,15.7
 Khentii,65-69,Total,2015,27.8
 Khentii,65-69,Total,2014,13.2
 Khentii,65-69,Total,2013,11.7
 Khentii,65-69,Total,2012,38.7
 Khentii,65-69,Total,2011,0.0
 Khentii,65-69,Total,2010,18.7
 Khentii,65-69,Total,2009,37.5
 Khentii,65-69, Male,2025,44.0
 Khentii,65-69, Male,2024,73.5
 Khentii,65-69, Male,2023,57.9
 Khentii,65-69, Male,2022,30.6
 Khentii,65-69, Male,2021,74.0
 Khentii,65-69, Male,2020,18.6
 Khentii,65-69, Male,2019,36.7
 Khentii,65-69, Male,2018,43.7
 Khentii,65-69, Male,2017,39.0
 Khentii,65-69, Male,2016,19.2
 Khentii,65-69, Male,2015,26.8
 Khentii,65-69, Male,2014,28.5
 Khentii,65-69, Male,2013,21.9
 Khentii,65-69, Male,2012,17.9
 Khentii,65-69, Male,2011,
 Khentii,65-69, Male,2010,29.9
 Khentii,65-69, Male,2009,37.0
 Khentii,65-69, Female,2025,21.6
 Khentii,65-69, Female,2024,27.3
 Khentii,65-69, Female,2023,37.3
 Khentii,65-69, Female,2022,40.6
 Khentii,65-69, Female,2021,41.9
 Khentii,65-69, Female,2020,5.4
 Khentii,65-69, Female,2019,17.3
 Khentii,65-69, Female,2018,9.6
 Khentii,65-69, Female,2017,26.5
 Khentii,65-69, Female,2016,12.9
 Khentii,65-69, Female,2015,29.3
 Khentii,65-69, Female,2014,0.0
 Khentii,65-69, Female,2013,0.0
 Khentii,65-69, Female,2012,56.1
 Khentii,65-69, Female,2011,0.0
 Khentii,65-69, Female,2010,0.0
 Khentii,65-69, Female,2009,37.7
 Khentii,70+,Total,2025,4.2
 Khentii,70+,Total,2024,11.6
 Khentii,70+,Total,2023,8.8
 Khentii,70+,Total,2022,17.8
 Khentii,70+,Total,2021,1.4
 Khentii,70+,Total,2020,5.0
 Khentii,70+,Total,2019,13.5
 Khentii,70+,Total,2018,5.0
 Khentii,70+,Total,2017,13.2
 Khentii,70+,Total,2016,6.1
 Khentii,70+,Total,2015,10.1
 Khentii,70+,Total,2014,5.3
 Khentii,70+,Total,2013,0.0
 Khentii,70+,Total,2012,11.5
 Khentii,70+,Total,2011,5.2
 Khentii,70+,Total,2010,7.5
 Khentii,70+,Total,2009,0.0
 Khentii,70+, Male,2025,7.9
 Khentii,70+, Male,2024,12.7
 Khentii,70+, Male,2023,16.4
 Khentii,70+, Male,2022,15.6
 Khentii,70+, Male,2021,3.2
 Khentii,70+, Male,2020,14.7
 Khentii,70+, Male,2019,17.3
 Khentii,70+, Male,2018,10.6
 Khentii,70+, Male,2017,26.3
 Khentii,70+, Male,2016,16.8
 Khentii,70+, Male,2015,12.5
 Khentii,70+, Male,2014,3.6
 Khentii,70+, Male,2013,0.0
 Khentii,70+, Male,2012,26.5
 Khentii,70+, Male,2011,11.5
 Khentii,70+, Male,2010,0.0
 Khentii,70+, Male,2009,0.0
 Khentii,70+, Female,2025,1.8
 Khentii,70+, Female,2024,10.5
 Khentii,70+, Female,2023,0.0
 Khentii,70+, Female,2022,20.1
 Khentii,70+, Female,2021,0.0
 Khentii,70+, Female,2020,1.9
 Khentii,70+, Female,2019,7.8
 Khentii,70+, Female,2018,0.0
 Khentii,70+, Female,2017,0.0
 Khentii,70+, Female,2016,0.0
 Khentii,70+, Female,2015,8.4
 Khentii,70+, Female,2014,6.7
 Khentii,70+, Female,2013,0.0
 Khentii,70+, Female,2012,4.8
 Khentii,70+, Female,2011,0.0
 Khentii,70+, Female,2010,11.4
 Khentii,70+, Female,2009,0.0
 Govi region,Total,Total,2025,62.3
 Govi region,Total,Total,2024,65.8
 Govi region,Total,Total,2023,66.5
 Govi region,Total,Total,2022,66.7
 Govi region,Total,Total,2021,66.6
 Govi region,Total,Total,2020,72.1
 Govi region,Total,Total,2019,75.3
 Govi region,Total,Total,2018,70.0
 Govi region,Total,Total,2017,71.1
 Govi region,Total,Total,2016,69.3
 Govi region,Total,Total,2015,69.6
 Govi region,Total,Total,2014,68.9
 Govi region,Total,Total,2013,63.4
 Govi region,Total,Total,2012,66.2
 Govi region,Total,Total,2011,70.0
 Govi region,Total,Total,2010,70.7
 Govi region,Total,Total,2009,65.0
 Govi region,Total, Male,2025,69.1
 Govi region,Total, Male,2024,71.3
 Govi region,Total, Male,2023,74.1
 Govi region,Total, Male,2022,73.1
 Govi region,Total, Male,2021,72.8
 Govi region,Total, Male,2020,78.1
 Govi region,Total, Male,2019,81.5
 Govi region,Total, Male,2018,78.1
 Govi region,Total, Male,2017,77.2
 Govi region,Total, Male,2016,75.5
 Govi region,Total, Male,2015,76.3
 Govi region,Total, Male,2014,74.9
 Govi region,Total, Male,2013,67.7
 Govi region,Total, Male,2012,71.1
 Govi region,Total, Male,2011,75.5
 Govi region,Total, Male,2010,76.6
 Govi region,Total, Male,2009,70.7
 Govi region,Total, Female,2025,55.6
 Govi region,Total, Female,2024,60.7
 Govi region,Total, Female,2023,59.5
 Govi region,Total, Female,2022,60.2
 Govi region,Total, Female,2021,60.4
 Govi region,Total, Female,2020,66.4
 Govi region,Total, Female,2019,69.4
 Govi region,Total, Female,2018,62.9
 Govi region,Total, Female,2017,65.6
 Govi region,Total, Female,2016,63.4
 Govi region,Total, Female,2015,63.3
 Govi region,Total, Female,2014,63.1
 Govi region,Total, Female,2013,59.3
 Govi region,Total, Female,2012,61.3
 Govi region,Total, Female,2011,64.8
 Govi region,Total, Female,2010,65.1
 Govi region,Total, Female,2009,59.6
 Govi region,15-19,Total,2025,6.7
 Govi region,15-19,Total,2024,6.9
 Govi region,15-19,Total,2023,11.9
 Govi region,15-19,Total,2022,7.9
 Govi region,15-19,Total,2021,15.1
 Govi region,15-19,Total,2020,15.2
 Govi region,15-19,Total,2019,15.7
 Govi region,15-19,Total,2018,15.8
 Govi region,15-19,Total,2017,17.0
 Govi region,15-19,Total,2016,18.5
 Govi region,15-19,Total,2015,20.1
 Govi region,15-19,Total,2014,18.5
 Govi region,15-19,Total,2013,12.4
 Govi region,15-19,Total,2012,35.5
 Govi region,15-19,Total,2011,24.6
 Govi region,15-19,Total,2010,20.3
 Govi region,15-19,Total,2009,16.1
 Govi region,15-19, Male,2025,9.2
 Govi region,15-19, Male,2024,8.6
 Govi region,15-19, Male,2023,16.5
 Govi region,15-19, Male,2022,10.8
 Govi region,15-19, Male,2021,20.1
 Govi region,15-19, Male,2020,20.1
 Govi region,15-19, Male,2019,24.9
 Govi region,15-19, Male,2018,24.4
 Govi region,15-19, Male,2017,23.9
 Govi region,15-19, Male,2016,24.6
 Govi region,15-19, Male,2015,30.2
 Govi region,15-19, Male,2014,24.3
 Govi region,15-19, Male,2013,14.7
 Govi region,15-19, Male,2012,40.2
 Govi region,15-19, Male,2011,28.9
 Govi region,15-19, Male,2010,22.8
 Govi region,15-19, Male,2009,18.4
 Govi region,15-19, Female,2025,3.0
 Govi region,15-19, Female,2024,4.7
 Govi region,15-19, Female,2023,6.7
 Govi region,15-19, Female,2022,5.1
 Govi region,15-19, Female,2021,5.6
 Govi region,15-19, Female,2020,9.5
 Govi region,15-19, Female,2019,7.0
 Govi region,15-19, Female,2018,9.2
 Govi region,15-19, Female,2017,10.2
 Govi region,15-19, Female,2016,11.9
 Govi region,15-19, Female,2015,10.8
 Govi region,15-19, Female,2014,12.3
 Govi region,15-19, Female,2013,9.9
 Govi region,15-19, Female,2012,30.5
 Govi region,15-19, Female,2011,19.7
 Govi region,15-19, Female,2010,18.0
 Govi region,15-19, Female,2009,13.6
 Govi region,20-24,Total,2025,53.2
 Govi region,20-24,Total,2024,50.5
 Govi region,20-24,Total,2023,56.0
 Govi region,20-24,Total,2022,58.5
 Govi region,20-24,Total,2021,52.1
 Govi region,20-24,Total,2020,67.0
 Govi region,20-24,Total,2019,71.6
 Govi region,20-24,Total,2018,67.6
 Govi region,20-24,Total,2017,70.7
 Govi region,20-24,Total,2016,64.7
 Govi region,20-24,Total,2015,67.0
 Govi region,20-24,Total,2014,65.5
 Govi region,20-24,Total,2013,54.4
 Govi region,20-24,Total,2012,57.8
 Govi region,20-24,Total,2011,67.6
 Govi region,20-24,Total,2010,68.7
 Govi region,20-24,Total,2009,67.6
 Govi region,20-24, Male,2025,66.2
 Govi region,20-24, Male,2024,61.2
 Govi region,20-24, Male,2023,62.3
 Govi region,20-24, Male,2022,67.6
 Govi region,20-24, Male,2021,61.8
 Govi region,20-24, Male,2020,83.8
 Govi region,20-24, Male,2019,80.5
 Govi region,20-24, Male,2018,77.5
 Govi region,20-24, Male,2017,80.7
 Govi region,20-24, Male,2016,74.0
 Govi region,20-24, Male,2015,74.9
 Govi region,20-24, Male,2014,75.4
 Govi region,20-24, Male,2013,61.3
 Govi region,20-24, Male,2012,64.6
 Govi region,20-24, Male,2011,77.6
 Govi region,20-24, Male,2010,77.3
 Govi region,20-24, Male,2009,76.1
 Govi region,20-24, Female,2025,36.4
 Govi region,20-24, Female,2024,38.6
 Govi region,20-24, Female,2023,50.1
 Govi region,20-24, Female,2022,46.2
 Govi region,20-24, Female,2021,41.2
 Govi region,20-24, Female,2020,47.3
 Govi region,20-24, Female,2019,62.0
 Govi region,20-24, Female,2018,58.8
 Govi region,20-24, Female,2017,59.4
 Govi region,20-24, Female,2016,54.4
 Govi region,20-24, Female,2015,59.0
 Govi region,20-24, Female,2014,53.8
 Govi region,20-24, Female,2013,46.7
 Govi region,20-24, Female,2012,49.1
 Govi region,20-24, Female,2011,55.1
 Govi region,20-24, Female,2010,58.0
 Govi region,20-24, Female,2009,57.8
 Govi region,25-29,Total,2025,81.9
 Govi region,25-29,Total,2024,80.6
 Govi region,25-29,Total,2023,86.2
 Govi region,25-29,Total,2022,80.6
 Govi region,25-29,Total,2021,81.8
 Govi region,25-29,Total,2020,82.7
 Govi region,25-29,Total,2019,83.9
 Govi region,25-29,Total,2018,78.8
 Govi region,25-29,Total,2017,79.9
 Govi region,25-29,Total,2016,85.3
 Govi region,25-29,Total,2015,81.7
 Govi region,25-29,Total,2014,81.7
 Govi region,25-29,Total,2013,77.1
 Govi region,25-29,Total,2012,77.2
 Govi region,25-29,Total,2011,80.2
 Govi region,25-29,Total,2010,85.6
 Govi region,25-29,Total,2009,83.0
 Govi region,25-29, Male,2025,94.9
 Govi region,25-29, Male,2024,95.8
 Govi region,25-29, Male,2023,92.0
 Govi region,25-29, Male,2022,88.8
 Govi region,25-29, Male,2021,93.9
 Govi region,25-29, Male,2020,92.4
 Govi region,25-29, Male,2019,86.5
 Govi region,25-29, Male,2018,93.8
 Govi region,25-29, Male,2017,93.5
 Govi region,25-29, Male,2016,92.0
 Govi region,25-29, Male,2015,92.7
 Govi region,25-29, Male,2014,92.9
 Govi region,25-29, Male,2013,85.4
 Govi region,25-29, Male,2012,85.1
 Govi region,25-29, Male,2011,88.5
 Govi region,25-29, Male,2010,92.1
 Govi region,25-29, Male,2009,91.9
 Govi region,25-29, Female,2025,68.7
 Govi region,25-29, Female,2024,69.0
 Govi region,25-29, Female,2023,81.0
 Govi region,25-29, Female,2022,74.9
 Govi region,25-29, Female,2021,67.9
 Govi region,25-29, Female,2020,75.6
 Govi region,25-29, Female,2019,81.8
 Govi region,25-29, Female,2018,67.8
 Govi region,25-29, Female,2017,69.5
 Govi region,25-29, Female,2016,78.3
 Govi region,25-29, Female,2015,70.4
 Govi region,25-29, Female,2014,71.9
 Govi region,25-29, Female,2013,68.7
 Govi region,25-29, Female,2012,69.7
 Govi region,25-29, Female,2011,73.6
 Govi region,25-29, Female,2010,78.9
 Govi region,25-29, Female,2009,73.7
 Govi region,30-34,Total,2025,85.6
 Govi region,30-34,Total,2024,88.1
 Govi region,30-34,Total,2023,85.6
 Govi region,30-34,Total,2022,83.6
 Govi region,30-34,Total,2021,87.6
 Govi region,30-34,Total,2020,93.5
 Govi region,30-34,Total,2019,86.0
 Govi region,30-34,Total,2018,85.7
 Govi region,30-34,Total,2017,88.4
 Govi region,30-34,Total,2016,81.4
 Govi region,30-34,Total,2015,83.5
 Govi region,30-34,Total,2014,87.3
 Govi region,30-34,Total,2013,81.8
 Govi region,30-34,Total,2012,82.3
 Govi region,30-34,Total,2011,87.4
 Govi region,30-34,Total,2010,89.2
 Govi region,30-34,Total,2009,89.7
 Govi region,30-34, Male,2025,94.7
 Govi region,30-34, Male,2024,94.6
 Govi region,30-34, Male,2023,96.3
 Govi region,30-34, Male,2022,92.0
 Govi region,30-34, Male,2021,96.4
 Govi region,30-34, Male,2020,99.4
 Govi region,30-34, Male,2019,96.9
 Govi region,30-34, Male,2018,92.3
 Govi region,30-34, Male,2017,94.9
 Govi region,30-34, Male,2016,90.0
 Govi region,30-34, Male,2015,91.1
 Govi region,30-34, Male,2014,90.6
 Govi region,30-34, Male,2013,83.5
 Govi region,30-34, Male,2012,88.4
 Govi region,30-34, Male,2011,90.6
 Govi region,30-34, Male,2010,95.6
 Govi region,30-34, Male,2009,96.3
 Govi region,30-34, Female,2025,75.2
 Govi region,30-34, Female,2024,81.1
 Govi region,30-34, Female,2023,76.2
 Govi region,30-34, Female,2022,74.6
 Govi region,30-34, Female,2021,76.9
 Govi region,30-34, Female,2020,87.6
 Govi region,30-34, Female,2019,76.3
 Govi region,30-34, Female,2018,78.9
 Govi region,30-34, Female,2017,82.0
 Govi region,30-34, Female,2016,73.4
 Govi region,30-34, Female,2015,76.6
 Govi region,30-34, Female,2014,83.4
 Govi region,30-34, Female,2013,80.2
 Govi region,30-34, Female,2012,75.8
 Govi region,30-34, Female,2011,84.5
 Govi region,30-34, Female,2010,83.4
 Govi region,30-34, Female,2009,84.1
 Govi region,35-39,Total,2025,88.7
 Govi region,35-39,Total,2024,82.5
 Govi region,35-39,Total,2023,82.0
 Govi region,35-39,Total,2022,89.8
 Govi region,35-39,Total,2021,82.2
 Govi region,35-39,Total,2020,92.1
 Govi region,35-39,Total,2019,92.2
 Govi region,35-39,Total,2018,85.8
 Govi region,35-39,Total,2017,90.3
 Govi region,35-39,Total,2016,87.1
 Govi region,35-39,Total,2015,86.9
 Govi region,35-39,Total,2014,87.0
 Govi region,35-39,Total,2013,86.1
 Govi region,35-39,Total,2012,85.9
 Govi region,35-39,Total,2011,87.2
 Govi region,35-39,Total,2010,92.3
 Govi region,35-39,Total,2009,93.3
 Govi region,35-39, Male,2025,99.1
 Govi region,35-39, Male,2024,89.4
 Govi region,35-39, Male,2023,90.6
 Govi region,35-39, Male,2022,94.3
 Govi region,35-39, Male,2021,94.8
 Govi region,35-39, Male,2020,91.0
 Govi region,35-39, Male,2019,95.8
 Govi region,35-39, Male,2018,93.1
 Govi region,35-39, Male,2017,93.4
 Govi region,35-39, Male,2016,92.6
 Govi region,35-39, Male,2015,90.7
 Govi region,35-39, Male,2014,92.2
 Govi region,35-39, Male,2013,87.5
 Govi region,35-39, Male,2012,90.3
 Govi region,35-39, Male,2011,93.9
 Govi region,35-39, Male,2010,94.0
 Govi region,35-39, Male,2009,97.0
 Govi region,35-39, Female,2025,77.8
 Govi region,35-39, Female,2024,75.7
 Govi region,35-39, Female,2023,74.3
 Govi region,35-39, Female,2022,85.0
 Govi region,35-39, Female,2021,72.9
 Govi region,35-39, Female,2020,93.3
 Govi region,35-39, Female,2019,87.9
 Govi region,35-39, Female,2018,78.4
 Govi region,35-39, Female,2017,87.8
 Govi region,35-39, Female,2016,81.9
 Govi region,35-39, Female,2015,83.3
 Govi region,35-39, Female,2014,82.3
 Govi region,35-39, Female,2013,84.8
 Govi region,35-39, Female,2012,82.1
 Govi region,35-39, Female,2011,80.7
 Govi region,35-39, Female,2010,90.7
 Govi region,35-39, Female,2009,90.0
 Govi region,40-44,Total,2025,92.3
 Govi region,40-44,Total,2024,91.0
 Govi region,40-44,Total,2023,90.7
 Govi region,40-44,Total,2022,84.1
 Govi region,40-44,Total,2021,83.6
 Govi region,40-44,Total,2020,87.1
 Govi region,40-44,Total,2019,91.2
 Govi region,40-44,Total,2018,89.3
 Govi region,40-44,Total,2017,90.2
 Govi region,40-44,Total,2016,87.7
 Govi region,40-44,Total,2015,89.1
 Govi region,40-44,Total,2014,91.7
 Govi region,40-44,Total,2013,83.0
 Govi region,40-44,Total,2012,88.4
 Govi region,40-44,Total,2011,89.5
 Govi region,40-44,Total,2010,92.6
 Govi region,40-44,Total,2009,92.6
 Govi region,40-44, Male,2025,93.6
 Govi region,40-44, Male,2024,92.9
 Govi region,40-44, Male,2023,91.5
 Govi region,40-44, Male,2022,90.0
 Govi region,40-44, Male,2021,85.8
 Govi region,40-44, Male,2020,89.8
 Govi region,40-44, Male,2019,93.9
 Govi region,40-44, Male,2018,91.4
 Govi region,40-44, Male,2017,90.9
 Govi region,40-44, Male,2016,88.6
 Govi region,40-44, Male,2015,89.6
 Govi region,40-44, Male,2014,94.2
 Govi region,40-44, Male,2013,83.7
 Govi region,40-44, Male,2012,89.5
 Govi region,40-44, Male,2011,93.3
 Govi region,40-44, Male,2010,91.6
 Govi region,40-44, Male,2009,94.6
 Govi region,40-44, Female,2025,90.7
 Govi region,40-44, Female,2024,88.9
 Govi region,40-44, Female,2023,89.8
 Govi region,40-44, Female,2022,77.6
 Govi region,40-44, Female,2021,81.8
 Govi region,40-44, Female,2020,84.5
 Govi region,40-44, Female,2019,88.8
 Govi region,40-44, Female,2018,87.3
 Govi region,40-44, Female,2017,89.5
 Govi region,40-44, Female,2016,86.8
 Govi region,40-44, Female,2015,88.7
 Govi region,40-44, Female,2014,89.3
 Govi region,40-44, Female,2013,82.4
 Govi region,40-44, Female,2012,87.4
 Govi region,40-44, Female,2011,86.3
 Govi region,40-44, Female,2010,93.5
 Govi region,40-44, Female,2009,90.6
 Govi region,45-49,Total,2025,91.1
 Govi region,45-49,Total,2024,88.1
 Govi region,45-49,Total,2023,90.8
 Govi region,45-49,Total,2022,91.1
 Govi region,45-49,Total,2021,82.8
 Govi region,45-49,Total,2020,91.5
 Govi region,45-49,Total,2019,94.6
 Govi region,45-49,Total,2018,88.6
 Govi region,45-49,Total,2017,90.6
 Govi region,45-49,Total,2016,89.5
 Govi region,45-49,Total,2015,87.9
 Govi region,45-49,Total,2014,83.7
 Govi region,45-49,Total,2013,82.7
 Govi region,45-49,Total,2012,82.5
 Govi region,45-49,Total,2011,85.3
 Govi region,45-49,Total,2010,93.1
 Govi region,45-49,Total,2009,82.4
 Govi region,45-49, Male,2025,90.6
 Govi region,45-49, Male,2024,88.7
 Govi region,45-49, Male,2023,94.1
 Govi region,45-49, Male,2022,96.4
 Govi region,45-49, Male,2021,82.6
 Govi region,45-49, Male,2020,92.8
 Govi region,45-49, Male,2019,94.2
 Govi region,45-49, Male,2018,88.9
 Govi region,45-49, Male,2017,92.8
 Govi region,45-49, Male,2016,89.0
 Govi region,45-49, Male,2015,83.4
 Govi region,45-49, Male,2014,84.9
 Govi region,45-49, Male,2013,84.7
 Govi region,45-49, Male,2012,83.3
 Govi region,45-49, Male,2011,89.0
 Govi region,45-49, Male,2010,95.4
 Govi region,45-49, Male,2009,91.1
 Govi region,45-49, Female,2025,91.6
 Govi region,45-49, Female,2024,87.5
 Govi region,45-49, Female,2023,87.6
 Govi region,45-49, Female,2022,86.1
 Govi region,45-49, Female,2021,83.0
 Govi region,45-49, Female,2020,89.9
 Govi region,45-49, Female,2019,95.1
 Govi region,45-49, Female,2018,88.3
 Govi region,45-49, Female,2017,88.4
 Govi region,45-49, Female,2016,90.0
 Govi region,45-49, Female,2015,92.2
 Govi region,45-49, Female,2014,82.6
 Govi region,45-49, Female,2013,80.6
 Govi region,45-49, Female,2012,81.6
 Govi region,45-49, Female,2011,81.9
 Govi region,45-49, Female,2010,90.9
 Govi region,45-49, Female,2009,75.6
 Govi region,50-54,Total,2025,78.3
 Govi region,50-54,Total,2024,82.6
 Govi region,50-54,Total,2023,79.7
 Govi region,50-54,Total,2022,84.5
 Govi region,50-54,Total,2021,78.8
 Govi region,50-54,Total,2020,78.6
 Govi region,50-54,Total,2019,84.7
 Govi region,50-54,Total,2018,83.0
 Govi region,50-54,Total,2017,83.7
 Govi region,50-54,Total,2016,80.6
 Govi region,50-54,Total,2015,76.3
 Govi region,50-54,Total,2014,74.3
 Govi region,50-54,Total,2013,76.7
 Govi region,50-54,Total,2012,77.6
 Govi region,50-54,Total,2011,75.9
 Govi region,50-54,Total,2010,79.3
 Govi region,50-54,Total,2009,70.0
 Govi region,50-54, Male,2025,82.7
 Govi region,50-54, Male,2024,85.5
 Govi region,50-54, Male,2023,82.2
 Govi region,50-54, Male,2022,88.5
 Govi region,50-54, Male,2021,86.8
 Govi region,50-54, Male,2020,85.8
 Govi region,50-54, Male,2019,91.7
 Govi region,50-54, Male,2018,86.4
 Govi region,50-54, Male,2017,87.0
 Govi region,50-54, Male,2016,85.8
 Govi region,50-54, Male,2015,80.5
 Govi region,50-54, Male,2014,78.3
 Govi region,50-54, Male,2013,80.1
 Govi region,50-54, Male,2012,83.5
 Govi region,50-54, Male,2011,81.5
 Govi region,50-54, Male,2010,86.2
 Govi region,50-54, Male,2009,74.4
 Govi region,50-54, Female,2025,74.8
 Govi region,50-54, Female,2024,80.0
 Govi region,50-54, Female,2023,77.5
 Govi region,50-54, Female,2022,78.8
 Govi region,50-54, Female,2021,70.7
 Govi region,50-54, Female,2020,73.7
 Govi region,50-54, Female,2019,79.2
 Govi region,50-54, Female,2018,80.2
 Govi region,50-54, Female,2017,80.5
 Govi region,50-54, Female,2016,75.6
 Govi region,50-54, Female,2015,72.1
 Govi region,50-54, Female,2014,70.1
 Govi region,50-54, Female,2013,73.8
 Govi region,50-54, Female,2012,72.6
 Govi region,50-54, Female,2011,70.7
 Govi region,50-54, Female,2010,71.7
 Govi region,50-54, Female,2009,66.1
 Govi region,55-59,Total,2025,60.8
 Govi region,55-59,Total,2024,58.0
 Govi region,55-59,Total,2023,54.2
 Govi region,55-59,Total,2022,56.8
 Govi region,55-59,Total,2021,60.5
 Govi region,55-59,Total,2020,74.0
 Govi region,55-59,Total,2019,63.1
 Govi region,55-59,Total,2018,54.2
 Govi region,55-59,Total,2017,64.9
 Govi region,55-59,Total,2016,55.7
 Govi region,55-59,Total,2015,57.0
 Govi region,55-59,Total,2014,53.9
 Govi region,55-59,Total,2013,57.1
 Govi region,55-59,Total,2012,48.5
 Govi region,55-59,Total,2011,63.6
 Govi region,55-59,Total,2010,58.7
 Govi region,55-59,Total,2009,52.7
 Govi region,55-59, Male,2025,74.6
 Govi region,55-59, Male,2024,70.8
 Govi region,55-59, Male,2023,79.0
 Govi region,55-59, Male,2022,64.4
 Govi region,55-59, Male,2021,73.9
 Govi region,55-59, Male,2020,80.0
 Govi region,55-59, Male,2019,74.2
 Govi region,55-59, Male,2018,69.3
 Govi region,55-59, Male,2017,77.0
 Govi region,55-59, Male,2016,71.4
 Govi region,55-59, Male,2015,75.3
 Govi region,55-59, Male,2014,71.3
 Govi region,55-59, Male,2013,66.9
 Govi region,55-59, Male,2012,59.7
 Govi region,55-59, Male,2011,70.7
 Govi region,55-59, Male,2010,85.5
 Govi region,55-59, Male,2009,75.8
 Govi region,55-59, Female,2025,50.5
 Govi region,55-59, Female,2024,49.9
 Govi region,55-59, Female,2023,35.0
 Govi region,55-59, Female,2022,49.9
 Govi region,55-59, Female,2021,48.8
 Govi region,55-59, Female,2020,67.2
 Govi region,55-59, Female,2019,53.1
 Govi region,55-59, Female,2018,41.4
 Govi region,55-59, Female,2017,53.7
 Govi region,55-59, Female,2016,43.9
 Govi region,55-59, Female,2015,38.8
 Govi region,55-59, Female,2014,37.9
 Govi region,55-59, Female,2013,47.3
 Govi region,55-59, Female,2012,37.0
 Govi region,55-59, Female,2011,56.0
 Govi region,55-59, Female,2010,35.5
 Govi region,55-59, Female,2009,34.0
 Govi region,60-64,Total,2025,31.0
 Govi region,60-64,Total,2024,31.9
 Govi region,60-64,Total,2023,33.8
 Govi region,60-64,Total,2022,46.0
 Govi region,60-64,Total,2021,57.3
 Govi region,60-64,Total,2020,41.7
 Govi region,60-64,Total,2019,60.0
 Govi region,60-64,Total,2018,38.6
 Govi region,60-64,Total,2017,40.1
 Govi region,60-64,Total,2016,37.4
 Govi region,60-64,Total,2015,30.7
 Govi region,60-64,Total,2014,34.5
 Govi region,60-64,Total,2013,30.0
 Govi region,60-64,Total,2012,32.9
 Govi region,60-64,Total,2011,43.0
 Govi region,60-64,Total,2010,43.4
 Govi region,60-64,Total,2009,52.3
 Govi region,60-64, Male,2025,39.7
 Govi region,60-64, Male,2024,33.2
 Govi region,60-64, Male,2023,47.2
 Govi region,60-64, Male,2022,51.8
 Govi region,60-64, Male,2021,49.4
 Govi region,60-64, Male,2020,49.2
 Govi region,60-64, Male,2019,67.7
 Govi region,60-64, Male,2018,37.8
 Govi region,60-64, Male,2017,39.3
 Govi region,60-64, Male,2016,43.0
 Govi region,60-64, Male,2015,35.4
 Govi region,60-64, Male,2014,36.3
 Govi region,60-64, Male,2013,37.2
 Govi region,60-64, Male,2012,33.9
 Govi region,60-64, Male,2011,44.8
 Govi region,60-64, Male,2010,53.2
 Govi region,60-64, Male,2009,51.3
 Govi region,60-64, Female,2025,24.5
 Govi region,60-64, Female,2024,30.5
 Govi region,60-64, Female,2023,23.5
 Govi region,60-64, Female,2022,41.9
 Govi region,60-64, Female,2021,61.8
 Govi region,60-64, Female,2020,36.8
 Govi region,60-64, Female,2019,54.2
 Govi region,60-64, Female,2018,39.2
 Govi region,60-64, Female,2017,40.8
 Govi region,60-64, Female,2016,33.2
 Govi region,60-64, Female,2015,27.6
 Govi region,60-64, Female,2014,32.4
 Govi region,60-64, Female,2013,23.8
 Govi region,60-64, Female,2012,32.0
 Govi region,60-64, Female,2011,40.9
 Govi region,60-64, Female,2010,29.8
 Govi region,60-64, Female,2009,53.0
 Govi region,65-69,Total,2025,28.9
 Govi region,65-69,Total,2024,35.7
 Govi region,65-69,Total,2023,21.9
 Govi region,65-69,Total,2022,34.6
 Govi region,65-69,Total,2021,28.3
 Govi region,65-69,Total,2020,34.3
 Govi region,65-69,Total,2019,36.1
 Govi region,65-69,Total,2018,37.4
 Govi region,65-69,Total,2017,27.9
 Govi region,65-69,Total,2016,27.5
 Govi region,65-69,Total,2015,30.5
 Govi region,65-69,Total,2014,19.4
 Govi region,65-69,Total,2013,12.3
 Govi region,65-69,Total,2012,27.9
 Govi region,65-69,Total,2011,58.6
 Govi region,65-69,Total,2010,36.0
 Govi region,65-69,Total,2009,19.9
 Govi region,65-69, Male,2025,34.7
 Govi region,65-69, Male,2024,42.8
 Govi region,65-69, Male,2023,37.0
 Govi region,65-69, Male,2022,41.7
 Govi region,65-69, Male,2021,30.8
 Govi region,65-69, Male,2020,36.2
 Govi region,65-69, Male,2019,37.1
 Govi region,65-69, Male,2018,44.2
 Govi region,65-69, Male,2017,29.3
 Govi region,65-69, Male,2016,28.9
 Govi region,65-69, Male,2015,31.5
 Govi region,65-69, Male,2014,18.4
 Govi region,65-69, Male,2013,16.9
 Govi region,65-69, Male,2012,37.4
 Govi region,65-69, Male,2011,53.2
 Govi region,65-69, Male,2010,51.9
 Govi region,65-69, Male,2009,18.6
 Govi region,65-69, Female,2025,24.4
 Govi region,65-69, Female,2024,30.2
 Govi region,65-69, Female,2023,15.0
 Govi region,65-69, Female,2022,28.7
 Govi region,65-69, Female,2021,26.5
 Govi region,65-69, Female,2020,33.3
 Govi region,65-69, Female,2019,35.1
 Govi region,65-69, Female,2018,33.2
 Govi region,65-69, Female,2017,27.1
 Govi region,65-69, Female,2016,26.2
 Govi region,65-69, Female,2015,29.5
 Govi region,65-69, Female,2014,20.0
 Govi region,65-69, Female,2013,8.5
 Govi region,65-69, Female,2012,19.3
 Govi region,65-69, Female,2011,63.2
 Govi region,65-69, Female,2010,25.6
 Govi region,65-69, Female,2009,20.9
 Govi region,70+,Total,2025,11.6
 Govi region,70+,Total,2024,6.0
 Govi region,70+,Total,2023,8.9
 Govi region,70+,Total,2022,17.7
 Govi region,70+,Total,2021,22.6
 Govi region,70+,Total,2020,26.8
 Govi region,70+,Total,2019,19.1
 Govi region,70+,Total,2018,20.3
 Govi region,70+,Total,2017,16.4
 Govi region,70+,Total,2016,14.6
 Govi region,70+,Total,2015,12.0
 Govi region,70+,Total,2014,10.3
 Govi region,70+,Total,2013,12.8
 Govi region,70+,Total,2012,17.2
 Govi region,70+,Total,2011,23.0
 Govi region,70+,Total,2010,8.7
 Govi region,70+,Total,2009,8.7
 Govi region,70+, Male,2025,15.1
 Govi region,70+, Male,2024,8.2
 Govi region,70+, Male,2023,14.3
 Govi region,70+, Male,2022,20.4
 Govi region,70+, Male,2021,29.9
 Govi region,70+, Male,2020,25.3
 Govi region,70+, Male,2019,18.3
 Govi region,70+, Male,2018,30.6
 Govi region,70+, Male,2017,20.9
 Govi region,70+, Male,2016,20.6
 Govi region,70+, Male,2015,11.9
 Govi region,70+, Male,2014,13.7
 Govi region,70+, Male,2013,18.7
 Govi region,70+, Male,2012,20.9
 Govi region,70+, Male,2011,45.5
 Govi region,70+, Male,2010,12.4
 Govi region,70+, Male,2009,8.4
 Govi region,70+, Female,2025,9.6
 Govi region,70+, Female,2024,4.5
 Govi region,70+, Female,2023,5.6
 Govi region,70+, Female,2022,14.8
 Govi region,70+, Female,2021,18.0
 Govi region,70+, Female,2020,27.7
 Govi region,70+, Female,2019,19.6
 Govi region,70+, Female,2018,14.4
 Govi region,70+, Female,2017,13.2
 Govi region,70+, Female,2016,10.8
 Govi region,70+, Female,2015,12.0
 Govi region,70+, Female,2014,7.9
 Govi region,70+, Female,2013,9.4
 Govi region,70+, Female,2012,14.5
 Govi region,70+, Female,2011,12.1
 Govi region,70+, Female,2010,5.8
 Govi region,70+, Female,2009,8.9
 Govisumber,Total,Total,2025,63.9
 Govisumber,Total,Total,2024,63.3
 Govisumber,Total,Total,2023,56.2
 Govisumber,Total,Total,2022,53.0
 Govisumber,Total,Total,2021,69.8
 Govisumber,Total,Total,2020,69.5
 Govisumber,Total,Total,2019,74.1
 Govisumber,Total,Total,2018,59.8
 Govisumber,Total,Total,2017,69.1
 Govisumber,Total,Total,2016,62.0
 Govisumber,Total,Total,2015,64.7
 Govisumber,Total,Total,2014,50.4
 Govisumber,Total,Total,2013,54.5
 Govisumber,Total,Total,2012,49.9
 Govisumber,Total,Total,2011,63.9
 Govisumber,Total,Total,2010,57.9
 Govisumber,Total,Total,2009,59.3
 Govisumber,Total, Male,2025,70.8
 Govisumber,Total, Male,2024,70.5
 Govisumber,Total, Male,2023,66.9
 Govisumber,Total, Male,2022,65.7
 Govisumber,Total, Male,2021,75.9
 Govisumber,Total, Male,2020,76.9
 Govisumber,Total, Male,2019,75.9
 Govisumber,Total, Male,2018,69.7
 Govisumber,Total, Male,2017,76.7
 Govisumber,Total, Male,2016,68.5
 Govisumber,Total, Male,2015,70.4
 Govisumber,Total, Male,2014,60.4
 Govisumber,Total, Male,2013,64.1
 Govisumber,Total, Male,2012,56.4
 Govisumber,Total, Male,2011,73.5
 Govisumber,Total, Male,2010,61.3
 Govisumber,Total, Male,2009,70.2
 Govisumber,Total, Female,2025,57.4
 Govisumber,Total, Female,2024,56.7
 Govisumber,Total, Female,2023,46.9
 Govisumber,Total, Female,2022,41.9
 Govisumber,Total, Female,2021,63.4
 Govisumber,Total, Female,2020,62.9
 Govisumber,Total, Female,2019,72.3
 Govisumber,Total, Female,2018,52.0
 Govisumber,Total, Female,2017,62.3
 Govisumber,Total, Female,2016,56.4
 Govisumber,Total, Female,2015,59.7
 Govisumber,Total, Female,2014,41.4
 Govisumber,Total, Female,2013,46.3
 Govisumber,Total, Female,2012,43.4
 Govisumber,Total, Female,2011,56.4
 Govisumber,Total, Female,2010,54.5
 Govisumber,Total, Female,2009,49.4
 Govisumber,15-19,Total,2025,4.2
 Govisumber,15-19,Total,2024,7.2
 Govisumber,15-19,Total,2023,1.1
 Govisumber,15-19,Total,2022,1.0
 Govisumber,15-19,Total,2021,21.7
 Govisumber,15-19,Total,2020,16.6
 Govisumber,15-19,Total,2019,19.7
 Govisumber,15-19,Total,2018,0.0
 Govisumber,15-19,Total,2017,16.1
 Govisumber,15-19,Total,2016,6.8
 Govisumber,15-19,Total,2015,13.5
 Govisumber,15-19,Total,2014,5.8
 Govisumber,15-19,Total,2013,4.5
 Govisumber,15-19,Total,2012,0.0
 Govisumber,15-19,Total,2011,17.4
 Govisumber,15-19,Total,2010,14.0
 Govisumber,15-19,Total,2009,18.4
 Govisumber,15-19, Male,2025,4.8
 Govisumber,15-19, Male,2024,9.5
 Govisumber,15-19, Male,2023,2.0
 Govisumber,15-19, Male,2022,0.0
 Govisumber,15-19, Male,2021,18.5
 Govisumber,15-19, Male,2020,23.1
 Govisumber,15-19, Male,2019,28.6
 Govisumber,15-19, Male,2018,0.0
 Govisumber,15-19, Male,2017,31.9
 Govisumber,15-19, Male,2016,14.2
 Govisumber,15-19, Male,2015,25.6
 Govisumber,15-19, Male,2014,8.0
 Govisumber,15-19, Male,2013,7.6
 Govisumber,15-19, Male,2012,0.0
 Govisumber,15-19, Male,2011,36.4
 Govisumber,15-19, Male,2010,22.4
 Govisumber,15-19, Male,2009,34.2
 Govisumber,15-19, Female,2025,3.5
 Govisumber,15-19, Female,2024,4.8
 Govisumber,15-19, Female,2023,0.0
 Govisumber,15-19, Female,2022,1.7
 Govisumber,15-19, Female,2021,28.8
 Govisumber,15-19, Female,2020,8.6
 Govisumber,15-19, Female,2019,3.9
 Govisumber,15-19, Female,2018,0.0
 Govisumber,15-19, Female,2017,0.0
 Govisumber,15-19, Female,2016,0.0
 Govisumber,15-19, Female,2015,0.0
 Govisumber,15-19, Female,2014,3.7
 Govisumber,15-19, Female,2013,2.5
 Govisumber,15-19, Female,2012,0.0
 Govisumber,15-19, Female,2011,0.0
 Govisumber,15-19, Female,2010,0.0
 Govisumber,15-19, Female,2009,9.6
 Govisumber,20-24,Total,2025,41.9
 Govisumber,20-24,Total,2024,59.0
 Govisumber,20-24,Total,2023,58.5
 Govisumber,20-24,Total,2022,34.1
 Govisumber,20-24,Total,2021,63.1
 Govisumber,20-24,Total,2020,70.6
 Govisumber,20-24,Total,2019,71.1
 Govisumber,20-24,Total,2018,63.7
 Govisumber,20-24,Total,2017,58.3
 Govisumber,20-24,Total,2016,62.5
 Govisumber,20-24,Total,2015,84.9
 Govisumber,20-24,Total,2014,39.6
 Govisumber,20-24,Total,2013,53.5
 Govisumber,20-24,Total,2012,54.5
 Govisumber,20-24,Total,2011,75.7
 Govisumber,20-24,Total,2010,63.5
 Govisumber,20-24,Total,2009,61.9
 Govisumber,20-24, Male,2025,62.4
 Govisumber,20-24, Male,2024,88.1
 Govisumber,20-24, Male,2023,76.2
 Govisumber,20-24, Male,2022,37.2
 Govisumber,20-24, Male,2021,86.0
 Govisumber,20-24, Male,2020,83.9
 Govisumber,20-24, Male,2019,79.0
 Govisumber,20-24, Male,2018,74.2
 Govisumber,20-24, Male,2017,69.2
 Govisumber,20-24, Male,2016,74.6
 Govisumber,20-24, Male,2015,94.4
 Govisumber,20-24, Male,2014,61.2
 Govisumber,20-24, Male,2013,71.9
 Govisumber,20-24, Male,2012,55.5
 Govisumber,20-24, Male,2011,78.8
 Govisumber,20-24, Male,2010,83.4
 Govisumber,20-24, Male,2009,81.2
 Govisumber,20-24, Female,2025,14.1
 Govisumber,20-24, Female,2024,26.6
 Govisumber,20-24, Female,2023,50.5
 Govisumber,20-24, Female,2022,30.0
 Govisumber,20-24, Female,2021,35.9
 Govisumber,20-24, Female,2020,55.6
 Govisumber,20-24, Female,2019,58.9
 Govisumber,20-24, Female,2018,57.1
 Govisumber,20-24, Female,2017,46.5
 Govisumber,20-24, Female,2016,54.8
 Govisumber,20-24, Female,2015,74.7
 Govisumber,20-24, Female,2014,16.3
 Govisumber,20-24, Female,2013,40.0
 Govisumber,20-24, Female,2012,51.2
 Govisumber,20-24, Female,2011,73.1
 Govisumber,20-24, Female,2010,39.9
 Govisumber,20-24, Female,2009,38.0
 Govisumber,25-29,Total,2025,89.2
 Govisumber,25-29,Total,2024,85.6
 Govisumber,25-29,Total,2023,75.9
 Govisumber,25-29,Total,2022,56.8
 Govisumber,25-29,Total,2021,83.4
 Govisumber,25-29,Total,2020,89.4
 Govisumber,25-29,Total,2019,84.1
 Govisumber,25-29,Total,2018,70.7
 Govisumber,25-29,Total,2017,86.8
 Govisumber,25-29,Total,2016,87.5
 Govisumber,25-29,Total,2015,85.4
 Govisumber,25-29,Total,2014,66.2
 Govisumber,25-29,Total,2013,75.3
 Govisumber,25-29,Total,2012,64.8
 Govisumber,25-29,Total,2011,81.3
 Govisumber,25-29,Total,2010,84.7
 Govisumber,25-29,Total,2009,60.0
 Govisumber,25-29, Male,2025,95.2
 Govisumber,25-29, Male,2024,93.3
 Govisumber,25-29, Male,2023,94.0
 Govisumber,25-29, Male,2022,79.6
 Govisumber,25-29, Male,2021,96.7
 Govisumber,25-29, Male,2020,94.3
 Govisumber,25-29, Male,2019,84.1
 Govisumber,25-29, Male,2018,88.8
 Govisumber,25-29, Male,2017,100.0
 Govisumber,25-29, Male,2016,89.0
 Govisumber,25-29, Male,2015,87.8
 Govisumber,25-29, Male,2014,87.5
 Govisumber,25-29, Male,2013,91.5
 Govisumber,25-29, Male,2012,72.5
 Govisumber,25-29, Male,2011,90.2
 Govisumber,25-29, Male,2010,85.3
 Govisumber,25-29, Male,2009,75.1
 Govisumber,25-29, Female,2025,83.7
 Govisumber,25-29, Female,2024,78.7
 Govisumber,25-29, Female,2023,54.7
 Govisumber,25-29, Female,2022,42.7
 Govisumber,25-29, Female,2021,68.4
 Govisumber,25-29, Female,2020,84.6
 Govisumber,25-29, Female,2019,84.3
 Govisumber,25-29, Female,2018,55.8
 Govisumber,25-29, Female,2017,78.4
 Govisumber,25-29, Female,2016,85.8
 Govisumber,25-29, Female,2015,82.7
 Govisumber,25-29, Female,2014,47.3
 Govisumber,25-29, Female,2013,57.6
 Govisumber,25-29, Female,2012,57.1
 Govisumber,25-29, Female,2011,77.2
 Govisumber,25-29, Female,2010,84.2
 Govisumber,25-29, Female,2009,0.0
 Govisumber,30-34,Total,2025,87.6
 Govisumber,30-34,Total,2024,94.0
 Govisumber,30-34,Total,2023,74.9
 Govisumber,30-34,Total,2022,78.6
 Govisumber,30-34,Total,2021,90.0
 Govisumber,30-34,Total,2020,87.1
 Govisumber,30-34,Total,2019,87.5
 Govisumber,30-34,Total,2018,78.8
 Govisumber,30-34,Total,2017,89.8
 Govisumber,30-34,Total,2016,75.0
 Govisumber,30-34,Total,2015,91.9
 Govisumber,30-34,Total,2014,71.8
 Govisumber,30-34,Total,2013,80.2
 Govisumber,30-34,Total,2012,100.0
 Govisumber,30-34,Total,2011,88.1
 Govisumber,30-34,Total,2010,92.0
 Govisumber,30-34,Total,2009,93.7
 Govisumber,30-34, Male,2025,97.1
 Govisumber,30-34, Male,2024,96.0
 Govisumber,30-34, Male,2023,100.0
 Govisumber,30-34, Male,2022,88.5
 Govisumber,30-34, Male,2021,98.4
 Govisumber,30-34, Male,2020,98.7
 Govisumber,30-34, Male,2019,86.2
 Govisumber,30-34, Male,2018,96.1
 Govisumber,30-34, Male,2017,97.4
 Govisumber,30-34, Male,2016,95.3
 Govisumber,30-34, Male,2015,100.0
 Govisumber,30-34, Male,2014,83.8
 Govisumber,30-34, Male,2013,79.6
 Govisumber,30-34, Male,2012,100.0
 Govisumber,30-34, Male,2011,93.1
 Govisumber,30-34, Male,2010,91.7
 Govisumber,30-34, Male,2009,100.0
 Govisumber,30-34, Female,2025,72.4
 Govisumber,30-34, Female,2024,91.4
 Govisumber,30-34, Female,2023,55.2
 Govisumber,30-34, Female,2022,58.9
 Govisumber,30-34, Female,2021,84.0
 Govisumber,30-34, Female,2020,80.0
 Govisumber,30-34, Female,2019,88.3
 Govisumber,30-34, Female,2018,63.9
 Govisumber,30-34, Female,2017,78.5
 Govisumber,30-34, Female,2016,60.6
 Govisumber,30-34, Female,2015,85.4
 Govisumber,30-34, Female,2014,61.6
 Govisumber,30-34, Female,2013,80.6
 Govisumber,30-34, Female,2012,100.0
 Govisumber,30-34, Female,2011,83.7
 Govisumber,30-34, Female,2010,92.3
 Govisumber,30-34, Female,2009,88.9
 Govisumber,35-39,Total,2025,87.3
 Govisumber,35-39,Total,2024,92.4
 Govisumber,35-39,Total,2023,70.2
 Govisumber,35-39,Total,2022,86.3
 Govisumber,35-39,Total,2021,82.2
 Govisumber,35-39,Total,2020,91.7
 Govisumber,35-39,Total,2019,87.2
 Govisumber,35-39,Total,2018,81.9
 Govisumber,35-39,Total,2017,94.2
 Govisumber,35-39,Total,2016,91.3
 Govisumber,35-39,Total,2015,76.9
 Govisumber,35-39,Total,2014,73.7
 Govisumber,35-39,Total,2013,76.9
 Govisumber,35-39,Total,2012,73.7
 Govisumber,35-39,Total,2011,84.7
 Govisumber,35-39,Total,2010,63.7
 Govisumber,35-39,Total,2009,74.6
 Govisumber,35-39, Male,2025,98.1
 Govisumber,35-39, Male,2024,97.6
 Govisumber,35-39, Male,2023,80.8
 Govisumber,35-39, Male,2022,96.8
 Govisumber,35-39, Male,2021,82.5
 Govisumber,35-39, Male,2020,95.8
 Govisumber,35-39, Male,2019,93.9
 Govisumber,35-39, Male,2018,95.2
 Govisumber,35-39, Male,2017,95.1
 Govisumber,35-39, Male,2016,89.3
 Govisumber,35-39, Male,2015,91.2
 Govisumber,35-39, Male,2014,87.2
 Govisumber,35-39, Male,2013,79.3
 Govisumber,35-39, Male,2012,100.0
 Govisumber,35-39, Male,2011,87.2
 Govisumber,35-39, Male,2010,69.4
 Govisumber,35-39, Male,2009,50.3
 Govisumber,35-39, Female,2025,79.0
 Govisumber,35-39, Female,2024,88.6
 Govisumber,35-39, Female,2023,64.2
 Govisumber,35-39, Female,2022,76.2
 Govisumber,35-39, Female,2021,81.8
 Govisumber,35-39, Female,2020,88.6
 Govisumber,35-39, Female,2019,75.1
 Govisumber,35-39, Female,2018,67.0
 Govisumber,35-39, Female,2017,93.7
 Govisumber,35-39, Female,2016,93.1
 Govisumber,35-39, Female,2015,66.6
 Govisumber,35-39, Female,2014,63.2
 Govisumber,35-39, Female,2013,74.0
 Govisumber,35-39, Female,2012,58.2
 Govisumber,35-39, Female,2011,82.1
 Govisumber,35-39, Female,2010,55.5
 Govisumber,35-39, Female,2009,87.1
 Govisumber,40-44,Total,2025,86.7
 Govisumber,40-44,Total,2024,95.5
 Govisumber,40-44,Total,2023,93.1
 Govisumber,40-44,Total,2022,75.8
 Govisumber,40-44,Total,2021,89.6
 Govisumber,40-44,Total,2020,94.9
 Govisumber,40-44,Total,2019,91.7
 Govisumber,40-44,Total,2018,77.7
 Govisumber,40-44,Total,2017,91.6
 Govisumber,40-44,Total,2016,89.6
 Govisumber,40-44,Total,2015,93.2
 Govisumber,40-44,Total,2014,73.6
 Govisumber,40-44,Total,2013,78.5
 Govisumber,40-44,Total,2012,65.0
 Govisumber,40-44,Total,2011,78.5
 Govisumber,40-44,Total,2010,69.6
 Govisumber,40-44,Total,2009,100.0
 Govisumber,40-44, Male,2025,85.6
 Govisumber,40-44, Male,2024,100.0
 Govisumber,40-44, Male,2023,90.2
 Govisumber,40-44, Male,2022,100.0
 Govisumber,40-44, Male,2021,96.2
 Govisumber,40-44, Male,2020,100.0
 Govisumber,40-44, Male,2019,93.8
 Govisumber,40-44, Male,2018,81.6
 Govisumber,40-44, Male,2017,88.6
 Govisumber,40-44, Male,2016,88.0
 Govisumber,40-44, Male,2015,93.7
 Govisumber,40-44, Male,2014,80.5
 Govisumber,40-44, Male,2013,93.2
 Govisumber,40-44, Male,2012,81.0
 Govisumber,40-44, Male,2011,77.3
 Govisumber,40-44, Male,2010,67.4
 Govisumber,40-44, Male,2009,100.0
 Govisumber,40-44, Female,2025,88.3
 Govisumber,40-44, Female,2024,91.8
 Govisumber,40-44, Female,2023,98.8
 Govisumber,40-44, Female,2022,52.4
 Govisumber,40-44, Female,2021,78.5
 Govisumber,40-44, Female,2020,91.2
 Govisumber,40-44, Female,2019,90.0
 Govisumber,40-44, Female,2018,75.1
 Govisumber,40-44, Female,2017,94.4
 Govisumber,40-44, Female,2016,91.1
 Govisumber,40-44, Female,2015,92.6
 Govisumber,40-44, Female,2014,67.1
 Govisumber,40-44, Female,2013,65.1
 Govisumber,40-44, Female,2012,42.0
 Govisumber,40-44, Female,2011,79.4
 Govisumber,40-44, Female,2010,70.7
 Govisumber,40-44, Female,2009,100.0
 Govisumber,45-49,Total,2025,93.9
 Govisumber,45-49,Total,2024,87.1
 Govisumber,45-49,Total,2023,82.8
 Govisumber,45-49,Total,2022,86.6
 Govisumber,45-49,Total,2021,84.4
 Govisumber,45-49,Total,2020,93.7
 Govisumber,45-49,Total,2019,90.9
 Govisumber,45-49,Total,2018,86.1
 Govisumber,45-49,Total,2017,89.2
 Govisumber,45-49,Total,2016,83.1
 Govisumber,45-49,Total,2015,74.3
 Govisumber,45-49,Total,2014,68.9
 Govisumber,45-49,Total,2013,64.9
 Govisumber,45-49,Total,2012,75.2
 Govisumber,45-49,Total,2011,78.3
 Govisumber,45-49,Total,2010,74.4
 Govisumber,45-49,Total,2009,44.1
 Govisumber,45-49, Male,2025,100.0
 Govisumber,45-49, Male,2024,77.8
 Govisumber,45-49, Male,2023,89.3
 Govisumber,45-49, Male,2022,92.7
 Govisumber,45-49, Male,2021,87.0
 Govisumber,45-49, Male,2020,100.0
 Govisumber,45-49, Male,2019,92.4
 Govisumber,45-49, Male,2018,94.0
 Govisumber,45-49, Male,2017,82.2
 Govisumber,45-49, Male,2016,76.6
 Govisumber,45-49, Male,2015,69.2
 Govisumber,45-49, Male,2014,72.9
 Govisumber,45-49, Male,2013,63.7
 Govisumber,45-49, Male,2012,73.5
 Govisumber,45-49, Male,2011,90.3
 Govisumber,45-49, Male,2010,59.6
 Govisumber,45-49, Male,2009,68.7
 Govisumber,45-49, Female,2025,90.2
 Govisumber,45-49, Female,2024,97.6
 Govisumber,45-49, Female,2023,79.0
 Govisumber,45-49, Female,2022,83.2
 Govisumber,45-49, Female,2021,83.1
 Govisumber,45-49, Female,2020,85.4
 Govisumber,45-49, Female,2019,90.3
 Govisumber,45-49, Female,2018,79.3
 Govisumber,45-49, Female,2017,95.7
 Govisumber,45-49, Female,2016,89.2
 Govisumber,45-49, Female,2015,77.6
 Govisumber,45-49, Female,2014,66.2
 Govisumber,45-49, Female,2013,65.8
 Govisumber,45-49, Female,2012,76.0
 Govisumber,45-49, Female,2011,70.0
 Govisumber,45-49, Female,2010,89.7
 Govisumber,45-49, Female,2009,19.8
 Govisumber,50-54,Total,2025,82.3
 Govisumber,50-54,Total,2024,55.1
 Govisumber,50-54,Total,2023,75.4
 Govisumber,50-54,Total,2022,71.3
 Govisumber,50-54,Total,2021,96.2
 Govisumber,50-54,Total,2020,74.0
 Govisumber,50-54,Total,2019,84.0
 Govisumber,50-54,Total,2018,70.7
 Govisumber,50-54,Total,2017,75.5
 Govisumber,50-54,Total,2016,78.0
 Govisumber,50-54,Total,2015,67.3
 Govisumber,50-54,Total,2014,52.9
 Govisumber,50-54,Total,2013,63.1
 Govisumber,50-54,Total,2012,33.1
 Govisumber,50-54,Total,2011,54.2
 Govisumber,50-54,Total,2010,59.3
 Govisumber,50-54,Total,2009,48.7
 Govisumber,50-54, Male,2025,79.7
 Govisumber,50-54, Male,2024,87.1
 Govisumber,50-54, Male,2023,83.4
 Govisumber,50-54, Male,2022,90.4
 Govisumber,50-54, Male,2021,100.0
 Govisumber,50-54, Male,2020,97.6
 Govisumber,50-54, Male,2019,80.6
 Govisumber,50-54, Male,2018,74.0
 Govisumber,50-54, Male,2017,95.8
 Govisumber,50-54, Male,2016,82.4
 Govisumber,50-54, Male,2015,63.8
 Govisumber,50-54, Male,2014,62.0
 Govisumber,50-54, Male,2013,69.4
 Govisumber,50-54, Male,2012,0.0
 Govisumber,50-54, Male,2011,68.3
 Govisumber,50-54, Male,2010,62.9
 Govisumber,50-54, Male,2009,48.7
 Govisumber,50-54, Female,2025,84.5
 Govisumber,50-54, Female,2024,39.6
 Govisumber,50-54, Female,2023,66.4
 Govisumber,50-54, Female,2022,53.3
 Govisumber,50-54, Female,2021,90.7
 Govisumber,50-54, Female,2020,58.8
 Govisumber,50-54, Female,2019,87.8
 Govisumber,50-54, Female,2018,68.9
 Govisumber,50-54, Female,2017,59.9
 Govisumber,50-54, Female,2016,72.3
 Govisumber,50-54, Female,2015,69.8
 Govisumber,50-54, Female,2014,45.9
 Govisumber,50-54, Female,2013,57.1
 Govisumber,50-54, Female,2012,48.5
 Govisumber,50-54, Female,2011,32.0
 Govisumber,50-54, Female,2010,51.0
 Govisumber,50-54, Female,2009,48.7
 Govisumber,55-59,Total,2025,83.5
 Govisumber,55-59,Total,2024,72.3
 Govisumber,55-59,Total,2023,35.7
 Govisumber,55-59,Total,2022,29.4
 Govisumber,55-59,Total,2021,82.3
 Govisumber,55-59,Total,2020,41.4
 Govisumber,55-59,Total,2019,66.9
 Govisumber,55-59,Total,2018,34.1
 Govisumber,55-59,Total,2017,54.9
 Govisumber,55-59,Total,2016,19.6
 Govisumber,55-59,Total,2015,32.1
 Govisumber,55-59,Total,2014,33.6
 Govisumber,55-59,Total,2013,30.2
 Govisumber,55-59,Total,2012,15.1
 Govisumber,55-59,Total,2011,40.1
 Govisumber,55-59,Total,2010,30.3
 Govisumber,55-59,Total,2009,33.6
 Govisumber,55-59, Male,2025,89.1
 Govisumber,55-59, Male,2024,94.0
 Govisumber,55-59, Male,2023,70.1
 Govisumber,55-59, Male,2022,51.6
 Govisumber,55-59, Male,2021,85.5
 Govisumber,55-59, Male,2020,47.8
 Govisumber,55-59, Male,2019,68.5
 Govisumber,55-59, Male,2018,52.4
 Govisumber,55-59, Male,2017,80.1
 Govisumber,55-59, Male,2016,36.5
 Govisumber,55-59, Male,2015,49.6
 Govisumber,55-59, Male,2014,60.1
 Govisumber,55-59, Male,2013,46.1
 Govisumber,55-59, Male,2012,21.6
 Govisumber,55-59, Male,2011,73.7
 Govisumber,55-59, Male,2010,74.7
 Govisumber,55-59, Male,2009,50.3
 Govisumber,55-59, Female,2025,76.8
 Govisumber,55-59, Female,2024,61.4
 Govisumber,55-59, Female,2023,1.8
 Govisumber,55-59, Female,2022,17.4
 Govisumber,55-59, Female,2021,78.2
 Govisumber,55-59, Female,2020,32.7
 Govisumber,55-59, Female,2019,65.4
 Govisumber,55-59, Female,2018,14.0
 Govisumber,55-59, Female,2017,30.9
 Govisumber,55-59, Female,2016,9.9
 Govisumber,55-59, Female,2015,11.7
 Govisumber,55-59, Female,2014,7.3
 Govisumber,55-59, Female,2013,16.1
 Govisumber,55-59, Female,2012,0.0
 Govisumber,55-59, Female,2011,22.3
 Govisumber,55-59, Female,2010,11.8
 Govisumber,55-59, Female,2009,0.0
 Govisumber,60-64,Total,2025,37.9
 Govisumber,60-64,Total,2024,44.4
 Govisumber,60-64,Total,2023,0.0
 Govisumber,60-64,Total,2022,28.1
 Govisumber,60-64,Total,2021,36.7
 Govisumber,60-64,Total,2020,43.5
 Govisumber,60-64,Total,2019,53.1
 Govisumber,60-64,Total,2018,8.5
 Govisumber,60-64,Total,2017,24.4
 Govisumber,60-64,Total,2016,16.2
 Govisumber,60-64,Total,2015,0.0
 Govisumber,60-64,Total,2014,0.0
 Govisumber,60-64,Total,2013,0.0
 Govisumber,60-64,Total,2012,0.0
 Govisumber,60-64,Total,2011,19.4
 Govisumber,60-64,Total,2010,0.0
 Govisumber,60-64,Total,2009,0.0
 Govisumber,60-64, Male,2025,57.6
 Govisumber,60-64, Male,2024,65.8
 Govisumber,60-64, Male,2023,0.0
 Govisumber,60-64, Male,2022,48.0
 Govisumber,60-64, Male,2021,58.2
 Govisumber,60-64, Male,2020,47.8
 Govisumber,60-64, Male,2019,71.9
 Govisumber,60-64, Male,2018,18.8
 Govisumber,60-64, Male,2017,39.2
 Govisumber,60-64, Male,2016,16.9
 Govisumber,60-64, Male,2015,0.0
 Govisumber,60-64, Male,2014,0.0
 Govisumber,60-64, Male,2013,0.0
 Govisumber,60-64, Male,2012,0.0
 Govisumber,60-64, Male,2011,0.0
 Govisumber,60-64, Male,2010,0.0
 Govisumber,60-64, Male,2009,0.0
 Govisumber,60-64, Female,2025,22.2
 Govisumber,60-64, Female,2024,23.5
 Govisumber,60-64, Female,2023,0.0
 Govisumber,60-64, Female,2022,0.0
 Govisumber,60-64, Female,2021,23.3
 Govisumber,60-64, Female,2020,41.4
 Govisumber,60-64, Female,2019,38.9
 Govisumber,60-64, Female,2018,0.0
 Govisumber,60-64, Female,2017,15.5
 Govisumber,60-64, Female,2016,15.6
 Govisumber,60-64, Female,2015,0.0
 Govisumber,60-64, Female,2014,0.0
 Govisumber,60-64, Female,2013,0.0
 Govisumber,60-64, Female,2012,0.0
 Govisumber,60-64, Female,2011,25.5
 Govisumber,60-64, Female,2010,0.0
 Govisumber,60-64, Female,2009,0.0
 Govisumber,65-69,Total,2025,26.8
 Govisumber,65-69,Total,2024,19.6
 Govisumber,65-69,Total,2023,0.0
 Govisumber,65-69,Total,2022,15.1
 Govisumber,65-69,Total,2021,22.1
 Govisumber,65-69,Total,2020,38.7
 Govisumber,65-69,Total,2019,50.0
 Govisumber,65-69,Total,2018,13.2
 Govisumber,65-69,Total,2017,9.0
 Govisumber,65-69,Total,2016,0.0
 Govisumber,65-69,Total,2015,0.0
 Govisumber,65-69,Total,2014,0.0
 Govisumber,65-69,Total,2013,0.0
 Govisumber,65-69,Total,2012,0.0
 Govisumber,65-69,Total,2011,40.7
 Govisumber,65-69,Total,2010,26.5
 Govisumber,65-69,Total,2009,51.2
 Govisumber,65-69, Male,2025,36.7
 Govisumber,65-69, Male,2024,17.5
 Govisumber,65-69, Male,2023,0.0
 Govisumber,65-69, Male,2022,24.8
 Govisumber,65-69, Male,2021,14.7
 Govisumber,65-69, Male,2020,69.7
 Govisumber,65-69, Male,2019,26.8
 Govisumber,65-69, Male,2018,0.0
 Govisumber,65-69, Male,2017,14.1
 Govisumber,65-69, Male,2016,0.0
 Govisumber,65-69, Male,2015,0.0
 Govisumber,65-69, Male,2014,0.0
 Govisumber,65-69, Male,2013,0.0
 Govisumber,65-69, Male,2012,0.0
 Govisumber,65-69, Male,2011,100.0
 Govisumber,65-69, Male,2010,69.8
 Govisumber,65-69, Male,2009,100.0
 Govisumber,65-69, Female,2025,22.6
 Govisumber,65-69, Female,2024,26.3
 Govisumber,65-69, Female,2023,0.0
 Govisumber,65-69, Female,2022,10.8
 Govisumber,65-69, Female,2021,25.5
 Govisumber,65-69, Female,2020,21.5
 Govisumber,65-69, Female,2019,68.9
 Govisumber,65-69, Female,2018,21.7
 Govisumber,65-69, Female,2017,0.0
 Govisumber,65-69, Female,2016,0.0
 Govisumber,65-69, Female,2015,0.0
 Govisumber,65-69, Female,2014,0.0
 Govisumber,65-69, Female,2013,0.0
 Govisumber,65-69, Female,2012,0.0
 Govisumber,65-69, Female,2011,0.0
 Govisumber,65-69, Female,2010,0.0
 Govisumber,65-69, Female,2009,34.4
 Govisumber,70+,Total,2025,0.0
 Govisumber,70+,Total,2024,0.0
 Govisumber,70+,Total,2023,0.0
 Govisumber,70+,Total,2022,5.0
 Govisumber,70+,Total,2021,28.2
 Govisumber,70+,Total,2020,0.0
 Govisumber,70+,Total,2019,3.9
 Govisumber,70+,Total,2018,4.8
 Govisumber,70+,Total,2017,3.8
 Govisumber,70+,Total,2016,0.0
 Govisumber,70+,Total,2015,0.0
 Govisumber,70+,Total,2014,0.0
 Govisumber,70+,Total,2013,0.0
 Govisumber,70+,Total,2012,0.0
 Govisumber,70+,Total,2011,12.4
 Govisumber,70+,Total,2010,0.0
 Govisumber,70+,Total,2009,0.0
 Govisumber,70+, Male,2025,0.0
 Govisumber,70+, Male,2024,0.0
 Govisumber,70+, Male,2023,0.0
 Govisumber,70+, Male,2022,10.8
 Govisumber,70+, Male,2021,34.6
 Govisumber,70+, Male,2020,0.0
 Govisumber,70+, Male,2019,0.0
 Govisumber,70+, Male,2018,10.1
 Govisumber,70+, Male,2017,0.0
 Govisumber,70+, Male,2016,0.0
 Govisumber,70+, Male,2015,0.0
 Govisumber,70+, Male,2014,0.0
 Govisumber,70+, Male,2013,0.0
 Govisumber,70+, Male,2012,0.0
 Govisumber,70+, Male,2011,28.8
 Govisumber,70+, Male,2010,0.0
 Govisumber,70+, Male,2009,0.0
 Govisumber,70+, Female,2025,0.0
 Govisumber,70+, Female,2024,0.0
 Govisumber,70+, Female,2023,0.0
 Govisumber,70+, Female,2022,0.0
 Govisumber,70+, Female,2021,23.0
 Govisumber,70+, Female,2020,0.0
 Govisumber,70+, Female,2019,7.8
 Govisumber,70+, Female,2018,0.0
 Govisumber,70+, Female,2017,6.4
 Govisumber,70+, Female,2016,0.0
 Govisumber,70+, Female,2015,0.0
 Govisumber,70+, Female,2014,0.0
 Govisumber,70+, Female,2013,0.0
 Govisumber,70+, Female,2012,0.0
 Govisumber,70+, Female,2011,0.0
 Govisumber,70+, Female,2010,0.0
 Govisumber,70+, Female,2009,
 Dornogovi,Total,Total,2025,61.4
 Dornogovi,Total,Total,2024,64.5
 Dornogovi,Total,Total,2023,65.9
 Dornogovi,Total,Total,2022,60.7
 Dornogovi,Total,Total,2021,63.5
 Dornogovi,Total,Total,2020,71.8
 Dornogovi,Total,Total,2019,75.6
 Dornogovi,Total,Total,2018,67.4
 Dornogovi,Total,Total,2017,69.7
 Dornogovi,Total,Total,2016,68.3
 Dornogovi,Total,Total,2015,68.0
 Dornogovi,Total,Total,2014,67.4
 Dornogovi,Total,Total,2013,67.5
 Dornogovi,Total,Total,2012,64.4
 Dornogovi,Total,Total,2011,59.6
 Dornogovi,Total,Total,2010,72.7
 Dornogovi,Total,Total,2009,64.2
 Dornogovi,Total, Male,2025,67.8
 Dornogovi,Total, Male,2024,69.3
 Dornogovi,Total, Male,2023,72.9
 Dornogovi,Total, Male,2022,66.1
 Dornogovi,Total, Male,2021,70.4
 Dornogovi,Total, Male,2020,78.7
 Dornogovi,Total, Male,2019,79.5
 Dornogovi,Total, Male,2018,77.0
 Dornogovi,Total, Male,2017,77.2
 Dornogovi,Total, Male,2016,74.6
 Dornogovi,Total, Male,2015,75.2
 Dornogovi,Total, Male,2014,74.8
 Dornogovi,Total, Male,2013,72.6
 Dornogovi,Total, Male,2012,73.3
 Dornogovi,Total, Male,2011,65.8
 Dornogovi,Total, Male,2010,82.2
 Dornogovi,Total, Male,2009,72.8
 Dornogovi,Total, Female,2025,55.1
 Dornogovi,Total, Female,2024,60.1
 Dornogovi,Total, Female,2023,58.8
 Dornogovi,Total, Female,2022,55.6
 Dornogovi,Total, Female,2021,56.6
 Dornogovi,Total, Female,2020,65.3
 Dornogovi,Total, Female,2019,71.9
 Dornogovi,Total, Female,2018,58.9
 Dornogovi,Total, Female,2017,63.1
 Dornogovi,Total, Female,2016,62.3
 Dornogovi,Total, Female,2015,61.3
 Dornogovi,Total, Female,2014,60.4
 Dornogovi,Total, Female,2013,62.6
 Dornogovi,Total, Female,2012,55.7
 Dornogovi,Total, Female,2011,53.5
 Dornogovi,Total, Female,2010,63.4
 Dornogovi,Total, Female,2009,56.0
 Dornogovi,15-19,Total,2025,6.0
 Dornogovi,15-19,Total,2024,4.3
 Dornogovi,15-19,Total,2023,13.0
 Dornogovi,15-19,Total,2022,3.9
 Dornogovi,15-19,Total,2021,14.4
 Dornogovi,15-19,Total,2020,11.7
 Dornogovi,15-19,Total,2019,12.1
 Dornogovi,15-19,Total,2018,10.4
 Dornogovi,15-19,Total,2017,14.2
 Dornogovi,15-19,Total,2016,22.3
 Dornogovi,15-19,Total,2015,14.1
 Dornogovi,15-19,Total,2014,17.4
 Dornogovi,15-19,Total,2013,18.4
 Dornogovi,15-19,Total,2012,31.0
 Dornogovi,15-19,Total,2011,11.9
 Dornogovi,15-19,Total,2010,30.2
 Dornogovi,15-19,Total,2009,10.6
 Dornogovi,15-19, Male,2025,8.4
 Dornogovi,15-19, Male,2024,1.4
 Dornogovi,15-19, Male,2023,18.9
 Dornogovi,15-19, Male,2022,5.6
 Dornogovi,15-19, Male,2021,19.5
 Dornogovi,15-19, Male,2020,17.0
 Dornogovi,15-19, Male,2019,14.4
 Dornogovi,15-19, Male,2018,21.2
 Dornogovi,15-19, Male,2017,19.5
 Dornogovi,15-19, Male,2016,31.7
 Dornogovi,15-19, Male,2015,23.8
 Dornogovi,15-19, Male,2014,19.7
 Dornogovi,15-19, Male,2013,18.1
 Dornogovi,15-19, Male,2012,32.9
 Dornogovi,15-19, Male,2011,8.5
 Dornogovi,15-19, Male,2010,28.6
 Dornogovi,15-19, Male,2009,9.8
 Dornogovi,15-19, Female,2025,2.7
 Dornogovi,15-19, Female,2024,7.1
 Dornogovi,15-19, Female,2023,5.9
 Dornogovi,15-19, Female,2022,2.1
 Dornogovi,15-19, Female,2021,2.4
 Dornogovi,15-19, Female,2020,5.8
 Dornogovi,15-19, Female,2019,8.9
 Dornogovi,15-19, Female,2018,3.8
 Dornogovi,15-19, Female,2017,10.1
 Dornogovi,15-19, Female,2016,10.7
 Dornogovi,15-19, Female,2015,5.6
 Dornogovi,15-19, Female,2014,15.0
 Dornogovi,15-19, Female,2013,18.8
 Dornogovi,15-19, Female,2012,29.5
 Dornogovi,15-19, Female,2011,16.2
 Dornogovi,15-19, Female,2010,31.4
 Dornogovi,15-19, Female,2009,11.5
 Dornogovi,20-24,Total,2025,56.0
 Dornogovi,20-24,Total,2024,73.5
 Dornogovi,20-24,Total,2023,62.0
 Dornogovi,20-24,Total,2022,36.8
 Dornogovi,20-24,Total,2021,52.8
 Dornogovi,20-24,Total,2020,73.7
 Dornogovi,20-24,Total,2019,65.5
 Dornogovi,20-24,Total,2018,68.6
 Dornogovi,20-24,Total,2017,72.0
 Dornogovi,20-24,Total,2016,65.1
 Dornogovi,20-24,Total,2015,73.1
 Dornogovi,20-24,Total,2014,71.1
 Dornogovi,20-24,Total,2013,65.8
 Dornogovi,20-24,Total,2012,50.9
 Dornogovi,20-24,Total,2011,47.5
 Dornogovi,20-24,Total,2010,73.7
 Dornogovi,20-24,Total,2009,68.1
 Dornogovi,20-24, Male,2025,58.0
 Dornogovi,20-24, Male,2024,79.9
 Dornogovi,20-24, Male,2023,71.5
 Dornogovi,20-24, Male,2022,53.3
 Dornogovi,20-24, Male,2021,57.8
 Dornogovi,20-24, Male,2020,91.2
 Dornogovi,20-24, Male,2019,90.0
 Dornogovi,20-24, Male,2018,79.0
 Dornogovi,20-24, Male,2017,81.9
 Dornogovi,20-24, Male,2016,69.9
 Dornogovi,20-24, Male,2015,80.3
 Dornogovi,20-24, Male,2014,77.4
 Dornogovi,20-24, Male,2013,76.6
 Dornogovi,20-24, Male,2012,63.6
 Dornogovi,20-24, Male,2011,59.4
 Dornogovi,20-24, Male,2010,82.9
 Dornogovi,20-24, Male,2009,78.1
 Dornogovi,20-24, Female,2025,53.4
 Dornogovi,20-24, Female,2024,58.4
 Dornogovi,20-24, Female,2023,48.2
 Dornogovi,20-24, Female,2022,16.5
 Dornogovi,20-24, Female,2021,44.5
 Dornogovi,20-24, Female,2020,38.8
 Dornogovi,20-24, Female,2019,55.1
 Dornogovi,20-24, Female,2018,59.9
 Dornogovi,20-24, Female,2017,60.0
 Dornogovi,20-24, Female,2016,60.2
 Dornogovi,20-24, Female,2015,63.9
 Dornogovi,20-24, Female,2014,62.4
 Dornogovi,20-24, Female,2013,53.2
 Dornogovi,20-24, Female,2012,38.2
 Dornogovi,20-24, Female,2011,32.6
 Dornogovi,20-24, Female,2010,62.1
 Dornogovi,20-24, Female,2009,55.2
 Dornogovi,25-29,Total,2025,77.3
 Dornogovi,25-29,Total,2024,87.8
 Dornogovi,25-29,Total,2023,88.9
 Dornogovi,25-29,Total,2022,88.3
 Dornogovi,25-29,Total,2021,77.0
 Dornogovi,25-29,Total,2020,87.6
 Dornogovi,25-29,Total,2019,89.8
 Dornogovi,25-29,Total,2018,77.5
 Dornogovi,25-29,Total,2017,80.0
 Dornogovi,25-29,Total,2016,88.2
 Dornogovi,25-29,Total,2015,81.8
 Dornogovi,25-29,Total,2014,82.7
 Dornogovi,25-29,Total,2013,77.5
 Dornogovi,25-29,Total,2012,76.9
 Dornogovi,25-29,Total,2011,68.2
 Dornogovi,25-29,Total,2010,83.5
 Dornogovi,25-29,Total,2009,83.7
 Dornogovi,25-29, Male,2025,95.2
 Dornogovi,25-29, Male,2024,93.5
 Dornogovi,25-29, Male,2023,95.5
 Dornogovi,25-29, Male,2022,84.4
 Dornogovi,25-29, Male,2021,95.8
 Dornogovi,25-29, Male,2020,98.5
 Dornogovi,25-29, Male,2019,84.9
 Dornogovi,25-29, Male,2018,95.9
 Dornogovi,25-29, Male,2017,87.8
 Dornogovi,25-29, Male,2016,93.8
 Dornogovi,25-29, Male,2015,94.7
 Dornogovi,25-29, Male,2014,94.6
 Dornogovi,25-29, Male,2013,90.1
 Dornogovi,25-29, Male,2012,90.0
 Dornogovi,25-29, Male,2011,81.2
 Dornogovi,25-29, Male,2010,89.8
 Dornogovi,25-29, Male,2009,100.0
 Dornogovi,25-29, Female,2025,61.9
 Dornogovi,25-29, Female,2024,82.5
 Dornogovi,25-29, Female,2023,82.1
 Dornogovi,25-29, Female,2022,90.3
 Dornogovi,25-29, Female,2021,52.3
 Dornogovi,25-29, Female,2020,80.4
 Dornogovi,25-29, Female,2019,93.9
 Dornogovi,25-29, Female,2018,63.7
 Dornogovi,25-29, Female,2017,73.4
 Dornogovi,25-29, Female,2016,81.1
 Dornogovi,25-29, Female,2015,69.3
 Dornogovi,25-29, Female,2014,73.7
 Dornogovi,25-29, Female,2013,65.2
 Dornogovi,25-29, Female,2012,63.6
 Dornogovi,25-29, Female,2011,57.3
 Dornogovi,25-29, Female,2010,74.9
 Dornogovi,25-29, Female,2009,65.0
 Dornogovi,30-34,Total,2025,88.8
 Dornogovi,30-34,Total,2024,90.9
 Dornogovi,30-34,Total,2023,89.9
 Dornogovi,30-34,Total,2022,79.8
 Dornogovi,30-34,Total,2021,85.9
 Dornogovi,30-34,Total,2020,97.0
 Dornogovi,30-34,Total,2019,94.4
 Dornogovi,30-34,Total,2018,83.3
 Dornogovi,30-34,Total,2017,84.0
 Dornogovi,30-34,Total,2016,77.7
 Dornogovi,30-34,Total,2015,78.2
 Dornogovi,30-34,Total,2014,82.0
 Dornogovi,30-34,Total,2013,79.6
 Dornogovi,30-34,Total,2012,81.0
 Dornogovi,30-34,Total,2011,76.1
 Dornogovi,30-34,Total,2010,86.5
 Dornogovi,30-34,Total,2009,93.4
 Dornogovi,30-34, Male,2025,96.9
 Dornogovi,30-34, Male,2024,97.5
 Dornogovi,30-34, Male,2023,90.9
 Dornogovi,30-34, Male,2022,92.5
 Dornogovi,30-34, Male,2021,99.7
 Dornogovi,30-34, Male,2020,100.0
 Dornogovi,30-34, Male,2019,100.0
 Dornogovi,30-34, Male,2018,91.6
 Dornogovi,30-34, Male,2017,93.1
 Dornogovi,30-34, Male,2016,91.4
 Dornogovi,30-34, Male,2015,85.9
 Dornogovi,30-34, Male,2014,86.5
 Dornogovi,30-34, Male,2013,86.0
 Dornogovi,30-34, Male,2012,91.3
 Dornogovi,30-34, Male,2011,81.0
 Dornogovi,30-34, Male,2010,97.3
 Dornogovi,30-34, Male,2009,100.0
 Dornogovi,30-34, Female,2025,75.9
 Dornogovi,30-34, Female,2024,84.1
 Dornogovi,30-34, Female,2023,89.0
 Dornogovi,30-34, Female,2022,69.4
 Dornogovi,30-34, Female,2021,67.7
 Dornogovi,30-34, Female,2020,94.1
 Dornogovi,30-34, Female,2019,88.2
 Dornogovi,30-34, Female,2018,73.7
 Dornogovi,30-34, Female,2017,75.7
 Dornogovi,30-34, Female,2016,64.2
 Dornogovi,30-34, Female,2015,71.3
 Dornogovi,30-34, Female,2014,75.5
 Dornogovi,30-34, Female,2013,73.8
 Dornogovi,30-34, Female,2012,66.1
 Dornogovi,30-34, Female,2011,71.0
 Dornogovi,30-34, Female,2010,76.6
 Dornogovi,30-34, Female,2009,86.8
 Dornogovi,35-39,Total,2025,88.9
 Dornogovi,35-39,Total,2024,79.3
 Dornogovi,35-39,Total,2023,75.1
 Dornogovi,35-39,Total,2022,92.0
 Dornogovi,35-39,Total,2021,79.5
 Dornogovi,35-39,Total,2020,91.2
 Dornogovi,35-39,Total,2019,93.4
 Dornogovi,35-39,Total,2018,86.4
 Dornogovi,35-39,Total,2017,89.3
 Dornogovi,35-39,Total,2016,85.2
 Dornogovi,35-39,Total,2015,83.8
 Dornogovi,35-39,Total,2014,84.2
 Dornogovi,35-39,Total,2013,84.0
 Dornogovi,35-39,Total,2012,80.8
 Dornogovi,35-39,Total,2011,78.8
 Dornogovi,35-39,Total,2010,90.4
 Dornogovi,35-39,Total,2009,96.8
 Dornogovi,35-39, Male,2025,99.4
 Dornogovi,35-39, Male,2024,87.5
 Dornogovi,35-39, Male,2023,82.4
 Dornogovi,35-39, Male,2022,100.0
 Dornogovi,35-39, Male,2021,99.2
 Dornogovi,35-39, Male,2020,87.2
 Dornogovi,35-39, Male,2019,96.0
 Dornogovi,35-39, Male,2018,93.6
 Dornogovi,35-39, Male,2017,96.1
 Dornogovi,35-39, Male,2016,92.8
 Dornogovi,35-39, Male,2015,85.6
 Dornogovi,35-39, Male,2014,91.4
 Dornogovi,35-39, Male,2013,90.3
 Dornogovi,35-39, Male,2012,86.0
 Dornogovi,35-39, Male,2011,89.2
 Dornogovi,35-39, Male,2010,94.8
 Dornogovi,35-39, Male,2009,100.0
 Dornogovi,35-39, Female,2025,79.5
 Dornogovi,35-39, Female,2024,74.6
 Dornogovi,35-39, Female,2023,67.2
 Dornogovi,35-39, Female,2022,83.2
 Dornogovi,35-39, Female,2021,70.5
 Dornogovi,35-39, Female,2020,94.5
 Dornogovi,35-39, Female,2019,89.6
 Dornogovi,35-39, Female,2018,79.5
 Dornogovi,35-39, Female,2017,84.6
 Dornogovi,35-39, Female,2016,77.7
 Dornogovi,35-39, Female,2015,82.3
 Dornogovi,35-39, Female,2014,76.2
 Dornogovi,35-39, Female,2013,78.9
 Dornogovi,35-39, Female,2012,76.0
 Dornogovi,35-39, Female,2011,67.6
 Dornogovi,35-39, Female,2010,86.9
 Dornogovi,35-39, Female,2009,93.7
 Dornogovi,40-44,Total,2025,87.8
 Dornogovi,40-44,Total,2024,87.1
 Dornogovi,40-44,Total,2023,86.4
 Dornogovi,40-44,Total,2022,83.6
 Dornogovi,40-44,Total,2021,79.7
 Dornogovi,40-44,Total,2020,80.2
 Dornogovi,40-44,Total,2019,93.7
 Dornogovi,40-44,Total,2018,86.6
 Dornogovi,40-44,Total,2017,86.9
 Dornogovi,40-44,Total,2016,86.4
 Dornogovi,40-44,Total,2015,85.0
 Dornogovi,40-44,Total,2014,90.7
 Dornogovi,40-44,Total,2013,83.0
 Dornogovi,40-44,Total,2012,88.4
 Dornogovi,40-44,Total,2011,81.2
 Dornogovi,40-44,Total,2010,93.0
 Dornogovi,40-44,Total,2009,89.8
 Dornogovi,40-44, Male,2025,91.0
 Dornogovi,40-44, Male,2024,90.4
 Dornogovi,40-44, Male,2023,89.4
 Dornogovi,40-44, Male,2022,93.3
 Dornogovi,40-44, Male,2021,59.7
 Dornogovi,40-44, Male,2020,89.2
 Dornogovi,40-44, Male,2019,95.0
 Dornogovi,40-44, Male,2018,87.6
 Dornogovi,40-44, Male,2017,88.7
 Dornogovi,40-44, Male,2016,87.8
 Dornogovi,40-44, Male,2015,84.7
 Dornogovi,40-44, Male,2014,96.2
 Dornogovi,40-44, Male,2013,82.5
 Dornogovi,40-44, Male,2012,90.4
 Dornogovi,40-44, Male,2011,88.6
 Dornogovi,40-44, Male,2010,95.0
 Dornogovi,40-44, Male,2009,93.0
 Dornogovi,40-44, Female,2025,84.3
 Dornogovi,40-44, Female,2024,83.6
 Dornogovi,40-44, Female,2023,82.5
 Dornogovi,40-44, Female,2022,74.4
 Dornogovi,40-44, Female,2021,96.2
 Dornogovi,40-44, Female,2020,70.0
 Dornogovi,40-44, Female,2019,92.4
 Dornogovi,40-44, Female,2018,85.7
 Dornogovi,40-44, Female,2017,85.1
 Dornogovi,40-44, Female,2016,84.7
 Dornogovi,40-44, Female,2015,85.2
 Dornogovi,40-44, Female,2014,86.4
 Dornogovi,40-44, Female,2013,83.4
 Dornogovi,40-44, Female,2012,86.7
 Dornogovi,40-44, Female,2011,74.5
 Dornogovi,40-44, Female,2010,90.6
 Dornogovi,40-44, Female,2009,86.8
 Dornogovi,45-49,Total,2025,86.5
 Dornogovi,45-49,Total,2024,89.1
 Dornogovi,45-49,Total,2023,90.7
 Dornogovi,45-49,Total,2022,89.0
 Dornogovi,45-49,Total,2021,75.1
 Dornogovi,45-49,Total,2020,90.7
 Dornogovi,45-49,Total,2019,95.4
 Dornogovi,45-49,Total,2018,83.0
 Dornogovi,45-49,Total,2017,86.7
 Dornogovi,45-49,Total,2016,85.3
 Dornogovi,45-49,Total,2015,88.1
 Dornogovi,45-49,Total,2014,76.4
 Dornogovi,45-49,Total,2013,88.1
 Dornogovi,45-49,Total,2012,73.0
 Dornogovi,45-49,Total,2011,73.1
 Dornogovi,45-49,Total,2010,92.9
 Dornogovi,45-49,Total,2009,82.8
 Dornogovi,45-49, Male,2025,82.9
 Dornogovi,45-49, Male,2024,86.1
 Dornogovi,45-49, Male,2023,89.9
 Dornogovi,45-49, Male,2022,92.6
 Dornogovi,45-49, Male,2021,77.2
 Dornogovi,45-49, Male,2020,95.5
 Dornogovi,45-49, Male,2019,95.5
 Dornogovi,45-49, Male,2018,80.7
 Dornogovi,45-49, Male,2017,91.7
 Dornogovi,45-49, Male,2016,84.6
 Dornogovi,45-49, Male,2015,83.2
 Dornogovi,45-49, Male,2014,79.5
 Dornogovi,45-49, Male,2013,93.0
 Dornogovi,45-49, Male,2012,77.2
 Dornogovi,45-49, Male,2011,79.6
 Dornogovi,45-49, Male,2010,100.0
 Dornogovi,45-49, Male,2009,100.0
 Dornogovi,45-49, Female,2025,89.7
 Dornogovi,45-49, Female,2024,91.7
 Dornogovi,45-49, Female,2023,91.3
 Dornogovi,45-49, Female,2022,86.4
 Dornogovi,45-49, Female,2021,72.4
 Dornogovi,45-49, Female,2020,83.5
 Dornogovi,45-49, Female,2019,95.3
 Dornogovi,45-49, Female,2018,85.8
 Dornogovi,45-49, Female,2017,80.9
 Dornogovi,45-49, Female,2016,85.9
 Dornogovi,45-49, Female,2015,93.5
 Dornogovi,45-49, Female,2014,73.4
 Dornogovi,45-49, Female,2013,83.3
 Dornogovi,45-49, Female,2012,68.6
 Dornogovi,45-49, Female,2011,67.3
 Dornogovi,45-49, Female,2010,86.8
 Dornogovi,45-49, Female,2009,70.6
 Dornogovi,50-54,Total,2025,65.7
 Dornogovi,50-54,Total,2024,71.4
 Dornogovi,50-54,Total,2023,72.0
 Dornogovi,50-54,Total,2022,79.0
 Dornogovi,50-54,Total,2021,58.5
 Dornogovi,50-54,Total,2020,72.3
 Dornogovi,50-54,Total,2019,82.6
 Dornogovi,50-54,Total,2018,80.8
 Dornogovi,50-54,Total,2017,83.4
 Dornogovi,50-54,Total,2016,77.9
 Dornogovi,50-54,Total,2015,72.1
 Dornogovi,50-54,Total,2014,60.6
 Dornogovi,50-54,Total,2013,72.4
 Dornogovi,50-54,Total,2012,76.0
 Dornogovi,50-54,Total,2011,65.6
 Dornogovi,50-54,Total,2010,73.2
 Dornogovi,50-54,Total,2009,67.1
 Dornogovi,50-54, Male,2025,91.7
 Dornogovi,50-54, Male,2024,73.9
 Dornogovi,50-54, Male,2023,78.7
 Dornogovi,50-54, Male,2022,82.3
 Dornogovi,50-54, Male,2021,59.3
 Dornogovi,50-54, Male,2020,75.2
 Dornogovi,50-54, Male,2019,97.5
 Dornogovi,50-54, Male,2018,83.7
 Dornogovi,50-54, Male,2017,89.2
 Dornogovi,50-54, Male,2016,82.9
 Dornogovi,50-54, Male,2015,79.1
 Dornogovi,50-54, Male,2014,65.6
 Dornogovi,50-54, Male,2013,72.2
 Dornogovi,50-54, Male,2012,83.2
 Dornogovi,50-54, Male,2011,70.9
 Dornogovi,50-54, Male,2010,89.6
 Dornogovi,50-54, Male,2009,77.7
 Dornogovi,50-54, Female,2025,51.2
 Dornogovi,50-54, Female,2024,68.6
 Dornogovi,50-54, Female,2023,65.5
 Dornogovi,50-54, Female,2022,74.2
 Dornogovi,50-54, Female,2021,57.7
 Dornogovi,50-54, Female,2020,70.5
 Dornogovi,50-54, Female,2019,69.0
 Dornogovi,50-54, Female,2018,78.4
 Dornogovi,50-54, Female,2017,78.0
 Dornogovi,50-54, Female,2016,74.7
 Dornogovi,50-54, Female,2015,65.7
 Dornogovi,50-54, Female,2014,55.6
 Dornogovi,50-54, Female,2013,72.7
 Dornogovi,50-54, Female,2012,69.6
 Dornogovi,50-54, Female,2011,61.1
 Dornogovi,50-54, Female,2010,55.3
 Dornogovi,50-54, Female,2009,54.3
 Dornogovi,55-59,Total,2025,53.0
 Dornogovi,55-59,Total,2024,41.6
 Dornogovi,55-59,Total,2023,51.3
 Dornogovi,55-59,Total,2022,44.3
 Dornogovi,55-59,Total,2021,40.1
 Dornogovi,55-59,Total,2020,84.7
 Dornogovi,55-59,Total,2019,62.4
 Dornogovi,55-59,Total,2018,45.9
 Dornogovi,55-59,Total,2017,61.3
 Dornogovi,55-59,Total,2016,49.6
 Dornogovi,55-59,Total,2015,49.1
 Dornogovi,55-59,Total,2014,47.7
 Dornogovi,55-59,Total,2013,50.6
 Dornogovi,55-59,Total,2012,45.6
 Dornogovi,55-59,Total,2011,51.8
 Dornogovi,55-59,Total,2010,60.7
 Dornogovi,55-59,Total,2009,49.2
 Dornogovi,55-59, Male,2025,47.8
 Dornogovi,55-59, Male,2024,65.1
 Dornogovi,55-59, Male,2023,78.5
 Dornogovi,55-59, Male,2022,45.4
 Dornogovi,55-59, Male,2021,65.5
 Dornogovi,55-59, Male,2020,91.7
 Dornogovi,55-59, Male,2019,73.9
 Dornogovi,55-59, Male,2018,66.1
 Dornogovi,55-59, Male,2017,69.0
 Dornogovi,55-59, Male,2016,58.5
 Dornogovi,55-59, Male,2015,70.5
 Dornogovi,55-59, Male,2014,62.3
 Dornogovi,55-59, Male,2013,60.2
 Dornogovi,55-59, Male,2012,56.4
 Dornogovi,55-59, Male,2011,56.2
 Dornogovi,55-59, Male,2010,84.5
 Dornogovi,55-59, Male,2009,77.4
 Dornogovi,55-59, Female,2025,57.7
 Dornogovi,55-59, Female,2024,32.0
 Dornogovi,55-59, Female,2023,32.3
 Dornogovi,55-59, Female,2022,43.3
 Dornogovi,55-59, Female,2021,26.7
 Dornogovi,55-59, Female,2020,76.1
 Dornogovi,55-59, Female,2019,54.9
 Dornogovi,55-59, Female,2018,33.9
 Dornogovi,55-59, Female,2017,54.4
 Dornogovi,55-59, Female,2016,44.1
 Dornogovi,55-59, Female,2015,27.5
 Dornogovi,55-59, Female,2014,35.0
 Dornogovi,55-59, Female,2013,42.0
 Dornogovi,55-59, Female,2012,31.6
 Dornogovi,55-59, Female,2011,47.0
 Dornogovi,55-59, Female,2010,29.4
 Dornogovi,55-59, Female,2009,32.7
 Dornogovi,60-64,Total,2025,23.1
 Dornogovi,60-64,Total,2024,25.3
 Dornogovi,60-64,Total,2023,40.3
 Dornogovi,60-64,Total,2022,28.2
 Dornogovi,60-64,Total,2021,77.9
 Dornogovi,60-64,Total,2020,21.5
 Dornogovi,60-64,Total,2019,59.9
 Dornogovi,60-64,Total,2018,22.2
 Dornogovi,60-64,Total,2017,47.5
 Dornogovi,60-64,Total,2016,37.8
 Dornogovi,60-64,Total,2015,29.1
 Dornogovi,60-64,Total,2014,22.7
 Dornogovi,60-64,Total,2013,40.1
 Dornogovi,60-64,Total,2012,22.2
 Dornogovi,60-64,Total,2011,31.9
 Dornogovi,60-64,Total,2010,25.1
 Dornogovi,60-64,Total,2009,37.6
 Dornogovi,60-64, Male,2025,26.1
 Dornogovi,60-64, Male,2024,20.6
 Dornogovi,60-64, Male,2023,59.4
 Dornogovi,60-64, Male,2022,50.1
 Dornogovi,60-64, Male,2021,76.8
 Dornogovi,60-64, Male,2020,23.2
 Dornogovi,60-64, Male,2019,46.5
 Dornogovi,60-64, Male,2018,13.8
 Dornogovi,60-64, Male,2017,35.0
 Dornogovi,60-64, Male,2016,43.5
 Dornogovi,60-64, Male,2015,28.1
 Dornogovi,60-64, Male,2014,16.1
 Dornogovi,60-64, Male,2013,43.1
 Dornogovi,60-64, Male,2012,41.0
 Dornogovi,60-64, Male,2011,40.9
 Dornogovi,60-64, Male,2010,21.7
 Dornogovi,60-64, Male,2009,0.0
 Dornogovi,60-64, Female,2025,21.2
 Dornogovi,60-64, Female,2024,32.1
 Dornogovi,60-64, Female,2023,28.7
 Dornogovi,60-64, Female,2022,8.2
 Dornogovi,60-64, Female,2021,78.4
 Dornogovi,60-64, Female,2020,20.6
 Dornogovi,60-64, Female,2019,68.1
 Dornogovi,60-64, Female,2018,29.4
 Dornogovi,60-64, Female,2017,58.2
 Dornogovi,60-64, Female,2016,34.5
 Dornogovi,60-64, Female,2015,29.9
 Dornogovi,60-64, Female,2014,26.5
 Dornogovi,60-64, Female,2013,38.1
 Dornogovi,60-64, Female,2012,7.8
 Dornogovi,60-64, Female,2011,15.1
 Dornogovi,60-64, Female,2010,28.1
 Dornogovi,60-64, Female,2009,50.2
 Dornogovi,65-69,Total,2025,20.4
 Dornogovi,65-69,Total,2024,29.9
 Dornogovi,65-69,Total,2023,26.8
 Dornogovi,65-69,Total,2022,15.3
 Dornogovi,65-69,Total,2021,22.5
 Dornogovi,65-69,Total,2020,29.9
 Dornogovi,65-69,Total,2019,32.8
 Dornogovi,65-69,Total,2018,48.8
 Dornogovi,65-69,Total,2017,23.3
 Dornogovi,65-69,Total,2016,29.0
 Dornogovi,65-69,Total,2015,21.7
 Dornogovi,65-69,Total,2014,15.9
 Dornogovi,65-69,Total,2013,5.8
 Dornogovi,65-69,Total,2012,24.3
 Dornogovi,65-69,Total,2011,59.7
 Dornogovi,65-69,Total,2010,33.5
 Dornogovi,65-69,Total,2009,9.5
 Dornogovi,65-69, Male,2025,30.7
 Dornogovi,65-69, Male,2024,56.2
 Dornogovi,65-69, Male,2023,49.4
 Dornogovi,65-69, Male,2022,10.5
 Dornogovi,65-69, Male,2021,52.3
 Dornogovi,65-69, Male,2020,51.9
 Dornogovi,65-69, Male,2019,35.3
 Dornogovi,65-69, Male,2018,72.2
 Dornogovi,65-69, Male,2017,35.4
 Dornogovi,65-69, Male,2016,16.2
 Dornogovi,65-69, Male,2015,0.0
 Dornogovi,65-69, Male,2014,0.0
 Dornogovi,65-69, Male,2013,13.3
 Dornogovi,65-69, Male,2012,33.7
 Dornogovi,65-69, Male,2011,32.0
 Dornogovi,65-69, Male,2010,54.9
 Dornogovi,65-69, Male,2009,14.9
 Dornogovi,65-69, Female,2025,8.4
 Dornogovi,65-69, Female,2024,25.7
 Dornogovi,65-69, Female,2023,13.2
 Dornogovi,65-69, Female,2022,18.8
 Dornogovi,65-69, Female,2021,10.4
 Dornogovi,65-69, Female,2020,16.9
 Dornogovi,65-69, Female,2019,29.7
 Dornogovi,65-69, Female,2018,31.2
 Dornogovi,65-69, Female,2017,17.1
 Dornogovi,65-69, Female,2016,38.9
 Dornogovi,65-69, Female,2015,38.9
 Dornogovi,65-69, Female,2014,17.2
 Dornogovi,65-69, Female,2013,0.0
 Dornogovi,65-69, Female,2012,16.0
 Dornogovi,65-69, Female,2011,100.0
 Dornogovi,65-69, Female,2010,12.6
 Dornogovi,65-69, Female,2009,0.0
 Dornogovi,70+,Total,2025,10.7
 Dornogovi,70+,Total,2024,7.4
 Dornogovi,70+,Total,2023,21.4
 Dornogovi,70+,Total,2022,6.9
 Dornogovi,70+,Total,2021,16.8
 Dornogovi,70+,Total,2020,17.4
 Dornogovi,70+,Total,2019,12.2
 Dornogovi,70+,Total,2018,21.8
 Dornogovi,70+,Total,2017,22.5
 Dornogovi,70+,Total,2016,8.7
 Dornogovi,70+,Total,2015,12.9
 Dornogovi,70+,Total,2014,9.1
 Dornogovi,70+,Total,2013,10.3
 Dornogovi,70+,Total,2012,13.0
 Dornogovi,70+,Total,2011,3.8
 Dornogovi,70+,Total,2010,0.0
 Dornogovi,70+,Total,2009,12.4
 Dornogovi,70+, Male,2025,22.1
 Dornogovi,70+, Male,2024,15.2
 Dornogovi,70+, Male,2023,28.4
 Dornogovi,70+, Male,2022,6.7
 Dornogovi,70+, Male,2021,39.7
 Dornogovi,70+, Male,2020,12.7
 Dornogovi,70+, Male,2019,12.5
 Dornogovi,70+, Male,2018,25.6
 Dornogovi,70+, Male,2017,39.3
 Dornogovi,70+, Male,2016,13.9
 Dornogovi,70+, Male,2015,11.3
 Dornogovi,70+, Male,2014,8.4
 Dornogovi,70+, Male,2013,0.0
 Dornogovi,70+, Male,2012,23.6
 Dornogovi,70+, Male,2011,12.9
 Dornogovi,70+, Male,2010,0.0
 Dornogovi,70+, Male,2009,20.2
 Dornogovi,70+, Female,2025,5.1
 Dornogovi,70+, Female,2024,1.1
 Dornogovi,70+, Female,2023,15.8
 Dornogovi,70+, Female,2022,7.1
 Dornogovi,70+, Female,2021,10.6
 Dornogovi,70+, Female,2020,20.0
 Dornogovi,70+, Female,2019,11.8
 Dornogovi,70+, Female,2018,20.2
 Dornogovi,70+, Female,2017,14.2
 Dornogovi,70+, Female,2016,4.7
 Dornogovi,70+, Female,2015,13.3
 Dornogovi,70+, Female,2014,9.6
 Dornogovi,70+, Female,2013,13.8
 Dornogovi,70+, Female,2012,6.8
 Dornogovi,70+, Female,2011,0.0
 Dornogovi,70+, Female,2010,0.0
 Dornogovi,70+, Female,2009,9.0
 Dundgovi,Total,Total,2025,61.0
 Dundgovi,Total,Total,2024,70.7
 Dundgovi,Total,Total,2023,65.2
 Dundgovi,Total,Total,2022,72.5
 Dundgovi,Total,Total,2021,71.8
 Dundgovi,Total,Total,2020,71.7
 Dundgovi,Total,Total,2019,77.8
 Dundgovi,Total,Total,2018,79.6
 Dundgovi,Total,Total,2017,77.6
 Dundgovi,Total,Total,2016,73.5
 Dundgovi,Total,Total,2015,73.1
 Dundgovi,Total,Total,2014,73.8
 Dundgovi,Total,Total,2013,70.0
 Dundgovi,Total,Total,2012,75.7
 Dundgovi,Total,Total,2011,76.6
 Dundgovi,Total,Total,2010,72.4
 Dundgovi,Total,Total,2009,69.2
 Dundgovi,Total, Male,2025,68.7
 Dundgovi,Total, Male,2024,76.0
 Dundgovi,Total, Male,2023,66.6
 Dundgovi,Total, Male,2022,79.8
 Dundgovi,Total, Male,2021,77.4
 Dundgovi,Total, Male,2020,78.4
 Dundgovi,Total, Male,2019,85.5
 Dundgovi,Total, Male,2018,86.2
 Dundgovi,Total, Male,2017,82.5
 Dundgovi,Total, Male,2016,78.4
 Dundgovi,Total, Male,2015,79.7
 Dundgovi,Total, Male,2014,77.3
 Dundgovi,Total, Male,2013,74.3
 Dundgovi,Total, Male,2012,76.1
 Dundgovi,Total, Male,2011,77.2
 Dundgovi,Total, Male,2010,76.1
 Dundgovi,Total, Male,2009,72.1
 Dundgovi,Total, Female,2025,53.2
 Dundgovi,Total, Female,2024,65.6
 Dundgovi,Total, Female,2023,63.9
 Dundgovi,Total, Female,2022,65.5
 Dundgovi,Total, Female,2021,66.5
 Dundgovi,Total, Female,2020,65.9
 Dundgovi,Total, Female,2019,70.8
 Dundgovi,Total, Female,2018,74.0
 Dundgovi,Total, Female,2017,73.1
 Dundgovi,Total, Female,2016,69.1
 Dundgovi,Total, Female,2015,67.0
 Dundgovi,Total, Female,2014,70.5
 Dundgovi,Total, Female,2013,65.9
 Dundgovi,Total, Female,2012,75.4
 Dundgovi,Total, Female,2011,76.0
 Dundgovi,Total, Female,2010,69.0
 Dundgovi,Total, Female,2009,66.5
 Dundgovi,15-19,Total,2025,14.1
 Dundgovi,15-19,Total,2024,12.6
 Dundgovi,15-19,Total,2023,16.1
 Dundgovi,15-19,Total,2022,18.1
 Dundgovi,15-19,Total,2021,14.9
 Dundgovi,15-19,Total,2020,11.2
 Dundgovi,15-19,Total,2019,21.4
 Dundgovi,15-19,Total,2018,30.5
 Dundgovi,15-19,Total,2017,31.6
 Dundgovi,15-19,Total,2016,26.5
 Dundgovi,15-19,Total,2015,31.9
 Dundgovi,15-19,Total,2014,26.9
 Dundgovi,15-19,Total,2013,15.3
 Dundgovi,15-19,Total,2012,56.6
 Dundgovi,15-19,Total,2011,22.2
 Dundgovi,15-19,Total,2010,16.0
 Dundgovi,15-19,Total,2009,18.8
 Dundgovi,15-19, Male,2025,20.0
 Dundgovi,15-19, Male,2024,19.4
 Dundgovi,15-19, Male,2023,22.4
 Dundgovi,15-19, Male,2022,25.1
 Dundgovi,15-19, Male,2021,29.6
 Dundgovi,15-19, Male,2020,16.7
 Dundgovi,15-19, Male,2019,49.0
 Dundgovi,15-19, Male,2018,45.8
 Dundgovi,15-19, Male,2017,41.9
 Dundgovi,15-19, Male,2016,30.1
 Dundgovi,15-19, Male,2015,43.4
 Dundgovi,15-19, Male,2014,29.8
 Dundgovi,15-19, Male,2013,19.7
 Dundgovi,15-19, Male,2012,54.2
 Dundgovi,15-19, Male,2011,23.2
 Dundgovi,15-19, Male,2010,20.3
 Dundgovi,15-19, Male,2009,26.3
 Dundgovi,15-19, Female,2025,0.0
 Dundgovi,15-19, Female,2024,3.1
 Dundgovi,15-19, Female,2023,5.4
 Dundgovi,15-19, Female,2022,12.3
 Dundgovi,15-19, Female,2021,5.7
 Dundgovi,15-19, Female,2020,5.4
 Dundgovi,15-19, Female,2019,4.7
 Dundgovi,15-19, Female,2018,20.3
 Dundgovi,15-19, Female,2017,19.1
 Dundgovi,15-19, Female,2016,23.3
 Dundgovi,15-19, Female,2015,19.7
 Dundgovi,15-19, Female,2014,23.7
 Dundgovi,15-19, Female,2013,10.6
 Dundgovi,15-19, Female,2012,59.8
 Dundgovi,15-19, Female,2011,20.7
 Dundgovi,15-19, Female,2010,11.7
 Dundgovi,15-19, Female,2009,11.2
 Dundgovi,20-24,Total,2025,52.0
 Dundgovi,20-24,Total,2024,53.7
 Dundgovi,20-24,Total,2023,49.7
 Dundgovi,20-24,Total,2022,62.9
 Dundgovi,20-24,Total,2021,54.4
 Dundgovi,20-24,Total,2020,67.0
 Dundgovi,20-24,Total,2019,77.2
 Dundgovi,20-24,Total,2018,86.3
 Dundgovi,20-24,Total,2017,80.4
 Dundgovi,20-24,Total,2016,74.0
 Dundgovi,20-24,Total,2015,74.3
 Dundgovi,20-24,Total,2014,74.2
 Dundgovi,20-24,Total,2013,58.8
 Dundgovi,20-24,Total,2012,68.4
 Dundgovi,20-24,Total,2011,80.9
 Dundgovi,20-24,Total,2010,73.5
 Dundgovi,20-24,Total,2009,83.8
 Dundgovi,20-24, Male,2025,85.0
 Dundgovi,20-24, Male,2024,51.4
 Dundgovi,20-24, Male,2023,40.3
 Dundgovi,20-24, Male,2022,71.8
 Dundgovi,20-24, Male,2021,59.0
 Dundgovi,20-24, Male,2020,89.3
 Dundgovi,20-24, Male,2019,76.8
 Dundgovi,20-24, Male,2018,93.6
 Dundgovi,20-24, Male,2017,88.2
 Dundgovi,20-24, Male,2016,82.9
 Dundgovi,20-24, Male,2015,75.7
 Dundgovi,20-24, Male,2014,82.3
 Dundgovi,20-24, Male,2013,59.8
 Dundgovi,20-24, Male,2012,69.8
 Dundgovi,20-24, Male,2011,79.6
 Dundgovi,20-24, Male,2010,84.3
 Dundgovi,20-24, Male,2009,86.6
 Dundgovi,20-24, Female,2025,28.1
 Dundgovi,20-24, Female,2024,54.6
 Dundgovi,20-24, Female,2023,60.3
 Dundgovi,20-24, Female,2022,51.0
 Dundgovi,20-24, Female,2021,46.5
 Dundgovi,20-24, Female,2020,47.9
 Dundgovi,20-24, Female,2019,78.4
 Dundgovi,20-24, Female,2018,80.0
 Dundgovi,20-24, Female,2017,70.4
 Dundgovi,20-24, Female,2016,61.6
 Dundgovi,20-24, Female,2015,73.1
 Dundgovi,20-24, Female,2014,65.1
 Dundgovi,20-24, Female,2013,58.0
 Dundgovi,20-24, Female,2012,66.7
 Dundgovi,20-24, Female,2011,83.4
 Dundgovi,20-24, Female,2010,63.2
 Dundgovi,20-24, Female,2009,79.3
 Dundgovi,25-29,Total,2025,84.0
 Dundgovi,25-29,Total,2024,80.6
 Dundgovi,25-29,Total,2023,75.4
 Dundgovi,25-29,Total,2022,83.6
 Dundgovi,25-29,Total,2021,87.0
 Dundgovi,25-29,Total,2020,85.6
 Dundgovi,25-29,Total,2019,91.2
 Dundgovi,25-29,Total,2018,85.9
 Dundgovi,25-29,Total,2017,77.8
 Dundgovi,25-29,Total,2016,88.2
 Dundgovi,25-29,Total,2015,90.7
 Dundgovi,25-29,Total,2014,87.1
 Dundgovi,25-29,Total,2013,86.6
 Dundgovi,25-29,Total,2012,89.5
 Dundgovi,25-29,Total,2011,85.6
 Dundgovi,25-29,Total,2010,92.5
 Dundgovi,25-29,Total,2009,88.9
 Dundgovi,25-29, Male,2025,91.5
 Dundgovi,25-29, Male,2024,94.4
 Dundgovi,25-29, Male,2023,87.9
 Dundgovi,25-29, Male,2022,92.7
 Dundgovi,25-29, Male,2021,97.7
 Dundgovi,25-29, Male,2020,95.8
 Dundgovi,25-29, Male,2019,99.1
 Dundgovi,25-29, Male,2018,100.0
 Dundgovi,25-29, Male,2017,92.5
 Dundgovi,25-29, Male,2016,90.9
 Dundgovi,25-29, Male,2015,93.2
 Dundgovi,25-29, Male,2014,90.3
 Dundgovi,25-29, Male,2013,83.5
 Dundgovi,25-29, Male,2012,94.2
 Dundgovi,25-29, Male,2011,87.8
 Dundgovi,25-29, Male,2010,92.7
 Dundgovi,25-29, Male,2009,74.4
 Dundgovi,25-29, Female,2025,76.8
 Dundgovi,25-29, Female,2024,66.1
 Dundgovi,25-29, Female,2023,67.9
 Dundgovi,25-29, Female,2022,74.2
 Dundgovi,25-29, Female,2021,80.0
 Dundgovi,25-29, Female,2020,79.6
 Dundgovi,25-29, Female,2019,82.9
 Dundgovi,25-29, Female,2018,78.2
 Dundgovi,25-29, Female,2017,70.4
 Dundgovi,25-29, Female,2016,86.3
 Dundgovi,25-29, Female,2015,87.8
 Dundgovi,25-29, Female,2014,84.5
 Dundgovi,25-29, Female,2013,89.8
 Dundgovi,25-29, Female,2012,85.1
 Dundgovi,25-29, Female,2011,84.5
 Dundgovi,25-29, Female,2010,92.3
 Dundgovi,25-29, Female,2009,100.0
 Dundgovi,30-34,Total,2025,69.6
 Dundgovi,30-34,Total,2024,86.4
 Dundgovi,30-34,Total,2023,79.6
 Dundgovi,30-34,Total,2022,91.2
 Dundgovi,30-34,Total,2021,91.6
 Dundgovi,30-34,Total,2020,93.9
 Dundgovi,30-34,Total,2019,79.3
 Dundgovi,30-34,Total,2018,96.0
 Dundgovi,30-34,Total,2017,94.6
 Dundgovi,30-34,Total,2016,88.2
 Dundgovi,30-34,Total,2015,89.0
 Dundgovi,30-34,Total,2014,92.8
 Dundgovi,30-34,Total,2013,89.2
 Dundgovi,30-34,Total,2012,90.9
 Dundgovi,30-34,Total,2011,93.8
 Dundgovi,30-34,Total,2010,92.8
 Dundgovi,30-34,Total,2009,85.0
 Dundgovi,30-34, Male,2025,82.6
 Dundgovi,30-34, Male,2024,92.8
 Dundgovi,30-34, Male,2023,100.0
 Dundgovi,30-34, Male,2022,96.6
 Dundgovi,30-34, Male,2021,95.5
 Dundgovi,30-34, Male,2020,100.0
 Dundgovi,30-34, Male,2019,100.0
 Dundgovi,30-34, Male,2018,100.0
 Dundgovi,30-34, Male,2017,97.4
 Dundgovi,30-34, Male,2016,89.0
 Dundgovi,30-34, Male,2015,90.3
 Dundgovi,30-34, Male,2014,92.8
 Dundgovi,30-34, Male,2013,91.0
 Dundgovi,30-34, Male,2012,90.9
 Dundgovi,30-34, Male,2011,92.5
 Dundgovi,30-34, Male,2010,96.2
 Dundgovi,30-34, Male,2009,90.7
 Dundgovi,30-34, Female,2025,52.0
 Dundgovi,30-34, Female,2024,78.3
 Dundgovi,30-34, Female,2023,71.5
 Dundgovi,30-34, Female,2022,85.8
 Dundgovi,30-34, Female,2021,87.5
 Dundgovi,30-34, Female,2020,88.7
 Dundgovi,30-34, Female,2019,70.4
 Dundgovi,30-34, Female,2018,91.4
 Dundgovi,30-34, Female,2017,92.1
 Dundgovi,30-34, Female,2016,87.5
 Dundgovi,30-34, Female,2015,87.8
 Dundgovi,30-34, Female,2014,92.7
 Dundgovi,30-34, Female,2013,87.4
 Dundgovi,30-34, Female,2012,91.0
 Dundgovi,30-34, Female,2011,95.0
 Dundgovi,30-34, Female,2010,89.7
 Dundgovi,30-34, Female,2009,79.5
 Dundgovi,35-39,Total,2025,88.8
 Dundgovi,35-39,Total,2024,92.2
 Dundgovi,35-39,Total,2023,93.8
 Dundgovi,35-39,Total,2022,88.1
 Dundgovi,35-39,Total,2021,92.2
 Dundgovi,35-39,Total,2020,95.4
 Dundgovi,35-39,Total,2019,98.7
 Dundgovi,35-39,Total,2018,96.4
 Dundgovi,35-39,Total,2017,92.2
 Dundgovi,35-39,Total,2016,91.4
 Dundgovi,35-39,Total,2015,92.2
 Dundgovi,35-39,Total,2014,92.7
 Dundgovi,35-39,Total,2013,95.4
 Dundgovi,35-39,Total,2012,92.6
 Dundgovi,35-39,Total,2011,93.3
 Dundgovi,35-39,Total,2010,96.0
 Dundgovi,35-39,Total,2009,91.7
 Dundgovi,35-39, Male,2025,100.0
 Dundgovi,35-39, Male,2024,95.7
 Dundgovi,35-39, Male,2023,96.7
 Dundgovi,35-39, Male,2022,94.9
 Dundgovi,35-39, Male,2021,90.1
 Dundgovi,35-39, Male,2020,95.1
 Dundgovi,35-39, Male,2019,97.5
 Dundgovi,35-39, Male,2018,97.8
 Dundgovi,35-39, Male,2017,92.9
 Dundgovi,35-39, Male,2016,96.6
 Dundgovi,35-39, Male,2015,97.0
 Dundgovi,35-39, Male,2014,94.3
 Dundgovi,35-39, Male,2013,98.5
 Dundgovi,35-39, Male,2012,96.0
 Dundgovi,35-39, Male,2011,96.8
 Dundgovi,35-39, Male,2010,97.1
 Dundgovi,35-39, Male,2009,100.0
 Dundgovi,35-39, Female,2025,76.0
 Dundgovi,35-39, Female,2024,88.4
 Dundgovi,35-39, Female,2023,90.3
 Dundgovi,35-39, Female,2022,83.0
 Dundgovi,35-39, Female,2021,94.7
 Dundgovi,35-39, Female,2020,95.9
 Dundgovi,35-39, Female,2019,100.0
 Dundgovi,35-39, Female,2018,95.4
 Dundgovi,35-39, Female,2017,91.4
 Dundgovi,35-39, Female,2016,87.0
 Dundgovi,35-39, Female,2015,87.7
 Dundgovi,35-39, Female,2014,91.6
 Dundgovi,35-39, Female,2013,92.5
 Dundgovi,35-39, Female,2012,90.0
 Dundgovi,35-39, Female,2011,90.4
 Dundgovi,35-39, Female,2010,95.0
 Dundgovi,35-39, Female,2009,83.5
 Dundgovi,40-44,Total,2025,98.3
 Dundgovi,40-44,Total,2024,95.0
 Dundgovi,40-44,Total,2023,88.5
 Dundgovi,40-44,Total,2022,93.0
 Dundgovi,40-44,Total,2021,90.7
 Dundgovi,40-44,Total,2020,87.1
 Dundgovi,40-44,Total,2019,94.6
 Dundgovi,40-44,Total,2018,95.4
 Dundgovi,40-44,Total,2017,90.2
 Dundgovi,40-44,Total,2016,85.9
 Dundgovi,40-44,Total,2015,89.1
 Dundgovi,40-44,Total,2014,95.6
 Dundgovi,40-44,Total,2013,91.3
 Dundgovi,40-44,Total,2012,94.2
 Dundgovi,40-44,Total,2011,94.4
 Dundgovi,40-44,Total,2010,94.5
 Dundgovi,40-44,Total,2009,89.8
 Dundgovi,40-44, Male,2025,96.8
 Dundgovi,40-44, Male,2024,96.7
 Dundgovi,40-44, Male,2023,82.3
 Dundgovi,40-44, Male,2022,92.8
 Dundgovi,40-44, Male,2021,92.4
 Dundgovi,40-44, Male,2020,87.5
 Dundgovi,40-44, Male,2019,98.7
 Dundgovi,40-44, Male,2018,96.3
 Dundgovi,40-44, Male,2017,92.2
 Dundgovi,40-44, Male,2016,86.8
 Dundgovi,40-44, Male,2015,94.5
 Dundgovi,40-44, Male,2014,94.1
 Dundgovi,40-44, Male,2013,94.5
 Dundgovi,40-44, Male,2012,94.0
 Dundgovi,40-44, Male,2011,97.3
 Dundgovi,40-44, Male,2010,86.7
 Dundgovi,40-44, Male,2009,93.3
 Dundgovi,40-44, Female,2025,100.0
 Dundgovi,40-44, Female,2024,93.6
 Dundgovi,40-44, Female,2023,94.5
 Dundgovi,40-44, Female,2022,93.3
 Dundgovi,40-44, Female,2021,89.3
 Dundgovi,40-44, Female,2020,86.6
 Dundgovi,40-44, Female,2019,91.0
 Dundgovi,40-44, Female,2018,94.5
 Dundgovi,40-44, Female,2017,88.1
 Dundgovi,40-44, Female,2016,85.2
 Dundgovi,40-44, Female,2015,85.0
 Dundgovi,40-44, Female,2014,97.1
 Dundgovi,40-44, Female,2013,88.5
 Dundgovi,40-44, Female,2012,94.3
 Dundgovi,40-44, Female,2011,91.3
 Dundgovi,40-44, Female,2010,100.0
 Dundgovi,40-44, Female,2009,86.6
 Dundgovi,45-49,Total,2025,98.1
 Dundgovi,45-49,Total,2024,94.8
 Dundgovi,45-49,Total,2023,97.8
 Dundgovi,45-49,Total,2022,96.8
 Dundgovi,45-49,Total,2021,89.1
 Dundgovi,45-49,Total,2020,98.8
 Dundgovi,45-49,Total,2019,90.7
 Dundgovi,45-49,Total,2018,95.5
 Dundgovi,45-49,Total,2017,94.2
 Dundgovi,45-49,Total,2016,93.1
 Dundgovi,45-49,Total,2015,92.4
 Dundgovi,45-49,Total,2014,85.7
 Dundgovi,45-49,Total,2013,88.6
 Dundgovi,45-49,Total,2012,89.9
 Dundgovi,45-49,Total,2011,91.3
 Dundgovi,45-49,Total,2010,95.1
 Dundgovi,45-49,Total,2009,91.1
 Dundgovi,45-49, Male,2025,96.5
 Dundgovi,45-49, Male,2024,97.2
 Dundgovi,45-49, Male,2023,99.2
 Dundgovi,45-49, Male,2022,100.0
 Dundgovi,45-49, Male,2021,99.0
 Dundgovi,45-49, Male,2020,98.9
 Dundgovi,45-49, Male,2019,85.8
 Dundgovi,45-49, Male,2018,94.6
 Dundgovi,45-49, Male,2017,97.9
 Dundgovi,45-49, Male,2016,92.0
 Dundgovi,45-49, Male,2015,95.1
 Dundgovi,45-49, Male,2014,84.9
 Dundgovi,45-49, Male,2013,88.7
 Dundgovi,45-49, Male,2012,91.2
 Dundgovi,45-49, Male,2011,88.3
 Dundgovi,45-49, Male,2010,95.8
 Dundgovi,45-49, Male,2009,93.6
 Dundgovi,45-49, Female,2025,100.0
 Dundgovi,45-49, Female,2024,92.4
 Dundgovi,45-49, Female,2023,96.7
 Dundgovi,45-49, Female,2022,93.7
 Dundgovi,45-49, Female,2021,82.2
 Dundgovi,45-49, Female,2020,98.7
 Dundgovi,45-49, Female,2019,96.0
 Dundgovi,45-49, Female,2018,96.4
 Dundgovi,45-49, Female,2017,91.0
 Dundgovi,45-49, Female,2016,94.0
 Dundgovi,45-49, Female,2015,89.2
 Dundgovi,45-49, Female,2014,86.5
 Dundgovi,45-49, Female,2013,88.6
 Dundgovi,45-49, Female,2012,88.7
 Dundgovi,45-49, Female,2011,95.5
 Dundgovi,45-49, Female,2010,94.3
 Dundgovi,45-49, Female,2009,88.8
 Dundgovi,50-54,Total,2025,73.3
 Dundgovi,50-54,Total,2024,90.9
 Dundgovi,50-54,Total,2023,78.9
 Dundgovi,50-54,Total,2022,93.6
 Dundgovi,50-54,Total,2021,91.6
 Dundgovi,50-54,Total,2020,80.6
 Dundgovi,50-54,Total,2019,91.6
 Dundgovi,50-54,Total,2018,88.7
 Dundgovi,50-54,Total,2017,89.4
 Dundgovi,50-54,Total,2016,83.1
 Dundgovi,50-54,Total,2015,79.8
 Dundgovi,50-54,Total,2014,84.7
 Dundgovi,50-54,Total,2013,86.5
 Dundgovi,50-54,Total,2012,80.7
 Dundgovi,50-54,Total,2011,80.8
 Dundgovi,50-54,Total,2010,82.2
 Dundgovi,50-54,Total,2009,78.5
 Dundgovi,50-54, Male,2025,70.8
 Dundgovi,50-54, Male,2024,92.8
 Dundgovi,50-54, Male,2023,71.0
 Dundgovi,50-54, Male,2022,94.9
 Dundgovi,50-54, Male,2021,97.3
 Dundgovi,50-54, Male,2020,98.5
 Dundgovi,50-54, Male,2019,89.0
 Dundgovi,50-54, Male,2018,90.6
 Dundgovi,50-54, Male,2017,86.4
 Dundgovi,50-54, Male,2016,88.3
 Dundgovi,50-54, Male,2015,84.4
 Dundgovi,50-54, Male,2014,90.5
 Dundgovi,50-54, Male,2013,91.3
 Dundgovi,50-54, Male,2012,85.3
 Dundgovi,50-54, Male,2011,88.3
 Dundgovi,50-54, Male,2010,88.0
 Dundgovi,50-54, Male,2009,68.3
 Dundgovi,50-54, Female,2025,75.8
 Dundgovi,50-54, Female,2024,89.1
 Dundgovi,50-54, Female,2023,85.5
 Dundgovi,50-54, Female,2022,91.4
 Dundgovi,50-54, Female,2021,82.7
 Dundgovi,50-54, Female,2020,66.3
 Dundgovi,50-54, Female,2019,93.6
 Dundgovi,50-54, Female,2018,86.9
 Dundgovi,50-54, Female,2017,93.0
 Dundgovi,50-54, Female,2016,77.0
 Dundgovi,50-54, Female,2015,74.2
 Dundgovi,50-54, Female,2014,78.1
 Dundgovi,50-54, Female,2013,82.3
 Dundgovi,50-54, Female,2012,76.3
 Dundgovi,50-54, Female,2011,74.7
 Dundgovi,50-54, Female,2010,77.2
 Dundgovi,50-54, Female,2009,86.0
 Dundgovi,55-59,Total,2025,57.2
 Dundgovi,55-59,Total,2024,57.2
 Dundgovi,55-59,Total,2023,64.1
 Dundgovi,55-59,Total,2022,73.1
 Dundgovi,55-59,Total,2021,80.1
 Dundgovi,55-59,Total,2020,91.9
 Dundgovi,55-59,Total,2019,80.4
 Dundgovi,55-59,Total,2018,73.2
 Dundgovi,55-59,Total,2017,83.2
 Dundgovi,55-59,Total,2016,67.2
 Dundgovi,55-59,Total,2015,70.5
 Dundgovi,55-59,Total,2014,65.7
 Dundgovi,55-59,Total,2013,70.5
 Dundgovi,55-59,Total,2012,71.8
 Dundgovi,55-59,Total,2011,65.0
 Dundgovi,55-59,Total,2010,71.3
 Dundgovi,55-59,Total,2009,52.0
 Dundgovi,55-59, Male,2025,84.9
 Dundgovi,55-59, Male,2024,64.4
 Dundgovi,55-59, Male,2023,83.8
 Dundgovi,55-59, Male,2022,92.4
 Dundgovi,55-59, Male,2021,85.5
 Dundgovi,55-59, Male,2020,97.0
 Dundgovi,55-59, Male,2019,89.9
 Dundgovi,55-59, Male,2018,84.7
 Dundgovi,55-59, Male,2017,94.1
 Dundgovi,55-59, Male,2016,87.8
 Dundgovi,55-59, Male,2015,84.8
 Dundgovi,55-59, Male,2014,77.6
 Dundgovi,55-59, Male,2013,81.7
 Dundgovi,55-59, Male,2012,70.7
 Dundgovi,55-59, Male,2011,74.6
 Dundgovi,55-59, Male,2010,100.0
 Dundgovi,55-59, Male,2009,75.6
 Dundgovi,55-59, Female,2025,44.5
 Dundgovi,55-59, Female,2024,51.4
 Dundgovi,55-59, Female,2023,44.2
 Dundgovi,55-59, Female,2022,48.3
 Dundgovi,55-59, Female,2021,75.4
 Dundgovi,55-59, Female,2020,85.0
 Dundgovi,55-59, Female,2019,69.0
 Dundgovi,55-59, Female,2018,64.5
 Dundgovi,55-59, Female,2017,73.5
 Dundgovi,55-59, Female,2016,46.2
 Dundgovi,55-59, Female,2015,60.3
 Dundgovi,55-59, Female,2014,52.4
 Dundgovi,55-59, Female,2013,54.1
 Dundgovi,55-59, Female,2012,73.1
 Dundgovi,55-59, Female,2011,57.6
 Dundgovi,55-59, Female,2010,43.8
 Dundgovi,55-59, Female,2009,31.2
 Dundgovi,60-64,Total,2025,35.6
 Dundgovi,60-64,Total,2024,51.8
 Dundgovi,60-64,Total,2023,43.2
 Dundgovi,60-64,Total,2022,84.0
 Dundgovi,60-64,Total,2021,54.0
 Dundgovi,60-64,Total,2020,62.3
 Dundgovi,60-64,Total,2019,81.4
 Dundgovi,60-64,Total,2018,58.6
 Dundgovi,60-64,Total,2017,52.4
 Dundgovi,60-64,Total,2016,53.1
 Dundgovi,60-64,Total,2015,44.5
 Dundgovi,60-64,Total,2014,50.9
 Dundgovi,60-64,Total,2013,41.1
 Dundgovi,60-64,Total,2012,48.9
 Dundgovi,60-64,Total,2011,63.5
 Dundgovi,60-64,Total,2010,72.0
 Dundgovi,60-64,Total,2009,84.1
 Dundgovi,60-64, Male,2025,43.1
 Dundgovi,60-64, Male,2024,45.0
 Dundgovi,60-64, Male,2023,42.0
 Dundgovi,60-64, Male,2022,84.6
 Dundgovi,60-64, Male,2021,60.2
 Dundgovi,60-64, Male,2020,62.2
 Dundgovi,60-64, Male,2019,92.9
 Dundgovi,60-64, Male,2018,66.2
 Dundgovi,60-64, Male,2017,58.2
 Dundgovi,60-64, Male,2016,56.9
 Dundgovi,60-64, Male,2015,62.0
 Dundgovi,60-64, Male,2014,64.8
 Dundgovi,60-64, Male,2013,50.0
 Dundgovi,60-64, Male,2012,32.1
 Dundgovi,60-64, Male,2011,64.2
 Dundgovi,60-64, Male,2010,80.7
 Dundgovi,60-64, Male,2009,75.8
 Dundgovi,60-64, Female,2025,30.1
 Dundgovi,60-64, Female,2024,58.1
 Dundgovi,60-64, Female,2023,44.8
 Dundgovi,60-64, Female,2022,83.5
 Dundgovi,60-64, Female,2021,51.2
 Dundgovi,60-64, Female,2020,62.3
 Dundgovi,60-64, Female,2019,69.0
 Dundgovi,60-64, Female,2018,51.8
 Dundgovi,60-64, Female,2017,46.6
 Dundgovi,60-64, Female,2016,49.9
 Dundgovi,60-64, Female,2015,34.3
 Dundgovi,60-64, Female,2014,32.7
 Dundgovi,60-64, Female,2013,31.4
 Dundgovi,60-64, Female,2012,64.7
 Dundgovi,60-64, Female,2011,61.8
 Dundgovi,60-64, Female,2010,50.7
 Dundgovi,60-64, Female,2009,100.0
 Dundgovi,65-69,Total,2025,39.9
 Dundgovi,65-69,Total,2024,49.9
 Dundgovi,65-69,Total,2023,5.1
 Dundgovi,65-69,Total,2022,33.8
 Dundgovi,65-69,Total,2021,40.8
 Dundgovi,65-69,Total,2020,43.8
 Dundgovi,65-69,Total,2019,32.5
 Dundgovi,65-69,Total,2018,59.2
 Dundgovi,65-69,Total,2017,44.3
 Dundgovi,65-69,Total,2016,38.1
 Dundgovi,65-69,Total,2015,38.5
 Dundgovi,65-69,Total,2014,35.9
 Dundgovi,65-69,Total,2013,13.6
 Dundgovi,65-69,Total,2012,33.3
 Dundgovi,65-69,Total,2011,68.3
 Dundgovi,65-69,Total,2010,30.4
 Dundgovi,65-69,Total,2009,19.1
 Dundgovi,65-69, Male,2025,38.8
 Dundgovi,65-69, Male,2024,62.1
 Dundgovi,65-69, Male,2023,19.1
 Dundgovi,65-69, Male,2022,28.1
 Dundgovi,65-69, Male,2021,26.1
 Dundgovi,65-69, Male,2020,36.4
 Dundgovi,65-69, Male,2019,50.5
 Dundgovi,65-69, Male,2018,64.1
 Dundgovi,65-69, Male,2017,57.6
 Dundgovi,65-69, Male,2016,43.9
 Dundgovi,65-69, Male,2015,43.0
 Dundgovi,65-69, Male,2014,25.4
 Dundgovi,65-69, Male,2013,21.8
 Dundgovi,65-69, Male,2012,54.9
 Dundgovi,65-69, Male,2011,46.5
 Dundgovi,65-69, Male,2010,0.0
 Dundgovi,65-69, Male,2009,0.0
 Dundgovi,65-69, Female,2025,40.6
 Dundgovi,65-69, Female,2024,40.0
 Dundgovi,65-69, Female,2023,3.1
 Dundgovi,65-69, Female,2022,36.7
 Dundgovi,65-69, Female,2021,53.3
 Dundgovi,65-69, Female,2020,48.4
 Dundgovi,65-69, Female,2019,18.2
 Dundgovi,65-69, Female,2018,54.9
 Dundgovi,65-69, Female,2017,39.8
 Dundgovi,65-69, Female,2016,30.8
 Dundgovi,65-69, Female,2015,31.8
 Dundgovi,65-69, Female,2014,41.4
 Dundgovi,65-69, Female,2013,8.1
 Dundgovi,65-69, Female,2012,18.1
 Dundgovi,65-69, Female,2011,100.0
 Dundgovi,65-69, Female,2010,42.9
 Dundgovi,65-69, Female,2009,31.7
 Dundgovi,70+,Total,2025,19.1
 Dundgovi,70+,Total,2024,4.3
 Dundgovi,70+,Total,2023,0.8
 Dundgovi,70+,Total,2022,35.8
 Dundgovi,70+,Total,2021,20.6
 Dundgovi,70+,Total,2020,15.5
 Dundgovi,70+,Total,2019,27.1
 Dundgovi,70+,Total,2018,23.9
 Dundgovi,70+,Total,2017,19.5
 Dundgovi,70+,Total,2016,25.1
 Dundgovi,70+,Total,2015,17.1
 Dundgovi,70+,Total,2014,17.1
 Dundgovi,70+,Total,2013,19.4
 Dundgovi,70+,Total,2012,14.5
 Dundgovi,70+,Total,2011,36.3
 Dundgovi,70+,Total,2010,15.2
 Dundgovi,70+,Total,2009,14.8
 Dundgovi,70+, Male,2025,22.0
 Dundgovi,70+, Male,2024,5.6
 Dundgovi,70+, Male,2023,0.0
 Dundgovi,70+, Male,2022,39.9
 Dundgovi,70+, Male,2021,26.1
 Dundgovi,70+, Male,2020,3.0
 Dundgovi,70+, Male,2019,28.8
 Dundgovi,70+, Male,2018,29.4
 Dundgovi,70+, Male,2017,17.8
 Dundgovi,70+, Male,2016,28.6
 Dundgovi,70+, Male,2015,20.1
 Dundgovi,70+, Male,2014,22.7
 Dundgovi,70+, Male,2013,39.6
 Dundgovi,70+, Male,2012,11.6
 Dundgovi,70+, Male,2011,62.3
 Dundgovi,70+, Male,2010,22.1
 Dundgovi,70+, Male,2009,10.6
 Dundgovi,70+, Female,2025,17.8
 Dundgovi,70+, Female,2024,3.5
 Dundgovi,70+, Female,2023,1.4
 Dundgovi,70+, Female,2022,34.4
 Dundgovi,70+, Female,2021,16.0
 Dundgovi,70+, Female,2020,23.4
 Dundgovi,70+, Female,2019,26.4
 Dundgovi,70+, Female,2018,20.3
 Dundgovi,70+, Female,2017,20.8
 Dundgovi,70+, Female,2016,23.0
 Dundgovi,70+, Female,2015,15.3
 Dundgovi,70+, Female,2014,14.4
 Dundgovi,70+, Female,2013,10.3
 Dundgovi,70+, Female,2012,17.5
 Dundgovi,70+, Female,2011,21.2
 Dundgovi,70+, Female,2010,9.4
 Dundgovi,70+, Female,2009,18.2
 Umnugovi,Total,Total,2025,63.7
 Umnugovi,Total,Total,2024,64.7
 Umnugovi,Total,Total,2023,70.5
 Umnugovi,Total,Total,2022,72.0
 Umnugovi,Total,Total,2021,65.6
 Umnugovi,Total,Total,2020,73.1
 Umnugovi,Total,Total,2019,73.5
 Umnugovi,Total,Total,2018,69.0
 Umnugovi,Total,Total,2017,68.8
 Umnugovi,Total,Total,2016,69.0
 Umnugovi,Total,Total,2015,69.7
 Umnugovi,Total,Total,2014,71.4
 Umnugovi,Total,Total,2013,57.1
 Umnugovi,Total,Total,2012,62.7
 Umnugovi,Total,Total,2011,75.6
 Umnugovi,Total,Total,2010,70.5
 Umnugovi,Total,Total,2009,63.7
 Umnugovi,Total, Male,2025,70.2
 Umnugovi,Total, Male,2024,70.4
 Umnugovi,Total, Male,2023,82.0
 Umnugovi,Total, Male,2022,77.1
 Umnugovi,Total, Male,2021,71.6
 Umnugovi,Total, Male,2020,77.7
 Umnugovi,Total, Male,2019,82.2
 Umnugovi,Total, Male,2018,76.1
 Umnugovi,Total, Male,2017,73.7
 Umnugovi,Total, Male,2016,76.0
 Umnugovi,Total, Male,2015,76.2
 Umnugovi,Total, Male,2014,76.7
 Umnugovi,Total, Male,2013,59.6
 Umnugovi,Total, Male,2012,67.2
 Umnugovi,Total, Male,2011,83.9
 Umnugovi,Total, Male,2010,75.2
 Umnugovi,Total, Male,2009,67.8
 Umnugovi,Total, Female,2025,57.1
 Umnugovi,Total, Female,2024,59.2
 Umnugovi,Total, Female,2023,60.5
 Umnugovi,Total, Female,2022,66.3
 Umnugovi,Total, Female,2021,59.3
 Umnugovi,Total, Female,2020,68.6
 Umnugovi,Total, Female,2019,65.5
 Umnugovi,Total, Female,2018,62.6
 Umnugovi,Total, Female,2017,64.2
 Umnugovi,Total, Female,2016,62.1
 Umnugovi,Total, Female,2015,63.6
 Umnugovi,Total, Female,2014,66.0
 Umnugovi,Total, Female,2013,54.6
 Umnugovi,Total, Female,2012,58.3
 Umnugovi,Total, Female,2011,68.1
 Umnugovi,Total, Female,2010,66.0
 Umnugovi,Total, Female,2009,59.9
 Umnugovi,15-19,Total,2025,3.6
 Umnugovi,15-19,Total,2024,5.9
 Umnugovi,15-19,Total,2023,11.6
 Umnugovi,15-19,Total,2022,3.6
 Umnugovi,15-19,Total,2021,14.3
 Umnugovi,15-19,Total,2020,20.2
 Umnugovi,15-19,Total,2019,13.6
 Umnugovi,15-19,Total,2018,14.2
 Umnugovi,15-19,Total,2017,10.7
 Umnugovi,15-19,Total,2016,10.3
 Umnugovi,15-19,Total,2015,15.3
 Umnugovi,15-19,Total,2014,15.8
 Umnugovi,15-19,Total,2013,8.5
 Umnugovi,15-19,Total,2012,31.6
 Umnugovi,15-19,Total,2011,36.0
 Umnugovi,15-19,Total,2010,17.8
 Umnugovi,15-19,Total,2009,17.0
 Umnugovi,15-19, Male,2025,3.2
 Umnugovi,15-19, Male,2024,8.7
 Umnugovi,15-19, Male,2023,13.8
 Umnugovi,15-19, Male,2022,5.8
 Umnugovi,15-19, Male,2021,18.1
 Umnugovi,15-19, Male,2020,23.8
 Umnugovi,15-19, Male,2019,21.3
 Umnugovi,15-19, Male,2018,18.8
 Umnugovi,15-19, Male,2017,13.9
 Umnugovi,15-19, Male,2016,14.1
 Umnugovi,15-19, Male,2015,22.2
 Umnugovi,15-19, Male,2014,26.2
 Umnugovi,15-19, Male,2013,10.3
 Umnugovi,15-19, Male,2012,39.6
 Umnugovi,15-19, Male,2011,47.3
 Umnugovi,15-19, Male,2010,21.1
 Umnugovi,15-19, Male,2009,16.5
 Umnugovi,15-19, Female,2025,4.2
 Umnugovi,15-19, Female,2024,1.1
 Umnugovi,15-19, Female,2023,9.9
 Umnugovi,15-19, Female,2022,1.4
 Umnugovi,15-19, Female,2021,3.0
 Umnugovi,15-19, Female,2020,15.8
 Umnugovi,15-19, Female,2019,8.2
 Umnugovi,15-19, Female,2018,9.4
 Umnugovi,15-19, Female,2017,6.9
 Umnugovi,15-19, Female,2016,6.0
 Umnugovi,15-19, Female,2015,10.0
 Umnugovi,15-19, Female,2014,3.7
 Umnugovi,15-19, Female,2013,6.7
 Umnugovi,15-19, Female,2012,21.8
 Umnugovi,15-19, Female,2011,24.8
 Umnugovi,15-19, Female,2010,15.0
 Umnugovi,15-19, Female,2009,17.6
 Umnugovi,20-24,Total,2025,53.8
 Umnugovi,20-24,Total,2024,26.0
 Umnugovi,20-24,Total,2023,53.4
 Umnugovi,20-24,Total,2022,93.2
 Umnugovi,20-24,Total,2021,46.7
 Umnugovi,20-24,Total,2020,56.8
 Umnugovi,20-24,Total,2019,74.0
 Umnugovi,20-24,Total,2018,58.4
 Umnugovi,20-24,Total,2017,66.7
 Umnugovi,20-24,Total,2016,59.0
 Umnugovi,20-24,Total,2015,56.1
 Umnugovi,20-24,Total,2014,61.4
 Umnugovi,20-24,Total,2013,45.4
 Umnugovi,20-24,Total,2012,59.1
 Umnugovi,20-24,Total,2011,69.5
 Umnugovi,20-24,Total,2010,61.7
 Umnugovi,20-24,Total,2009,60.9
 Umnugovi,20-24, Male,2025,64.4
 Umnugovi,20-24, Male,2024,29.1
 Umnugovi,20-24, Male,2023,65.3
 Umnugovi,20-24, Male,2022,91.9
 Umnugovi,20-24, Male,2021,64.9
 Umnugovi,20-24, Male,2020,62.6
 Umnugovi,20-24, Male,2019,79.3
 Umnugovi,20-24, Male,2018,69.6
 Umnugovi,20-24, Male,2017,77.2
 Umnugovi,20-24, Male,2016,73.0
 Umnugovi,20-24, Male,2015,65.9
 Umnugovi,20-24, Male,2014,72.9
 Umnugovi,20-24, Male,2013,51.4
 Umnugovi,20-24, Male,2012,66.0
 Umnugovi,20-24, Male,2011,84.3
 Umnugovi,20-24, Male,2010,67.9
 Umnugovi,20-24, Male,2009,67.4
 Umnugovi,20-24, Female,2025,33.4
 Umnugovi,20-24, Female,2024,23.2
 Umnugovi,20-24, Female,2023,45.9
 Umnugovi,20-24, Female,2022,95.3
 Umnugovi,20-24, Female,2021,37.5
 Umnugovi,20-24, Female,2020,50.7
 Umnugovi,20-24, Female,2019,66.6
 Umnugovi,20-24, Female,2018,46.9
 Umnugovi,20-24, Female,2017,56.3
 Umnugovi,20-24, Female,2016,42.9
 Umnugovi,20-24, Female,2015,47.1
 Umnugovi,20-24, Female,2014,48.9
 Umnugovi,20-24, Female,2013,37.7
 Umnugovi,20-24, Female,2012,50.3
 Umnugovi,20-24, Female,2011,52.5
 Umnugovi,20-24, Female,2010,52.5
 Umnugovi,20-24, Female,2009,55.0
 Umnugovi,25-29,Total,2025,82.8
 Umnugovi,25-29,Total,2024,75.2
 Umnugovi,25-29,Total,2023,91.1
 Umnugovi,25-29,Total,2022,80.3
 Umnugovi,25-29,Total,2021,83.3
 Umnugovi,25-29,Total,2020,74.8
 Umnugovi,25-29,Total,2019,74.6
 Umnugovi,25-29,Total,2018,79.2
 Umnugovi,25-29,Total,2017,79.1
 Umnugovi,25-29,Total,2016,79.7
 Umnugovi,25-29,Total,2015,76.9
 Umnugovi,25-29,Total,2014,82.2
 Umnugovi,25-29,Total,2013,72.7
 Umnugovi,25-29,Total,2012,65.8
 Umnugovi,25-29,Total,2011,88.2
 Umnugovi,25-29,Total,2010,83.8
 Umnugovi,25-29,Total,2009,80.7
 Umnugovi,25-29, Male,2025,96.2
 Umnugovi,25-29, Male,2024,99.1
 Umnugovi,25-29, Male,2023,90.6
 Umnugovi,25-29, Male,2022,91.5
 Umnugovi,25-29, Male,2021,90.0
 Umnugovi,25-29, Male,2020,85.3
 Umnugovi,25-29, Male,2019,80.8
 Umnugovi,25-29, Male,2018,90.5
 Umnugovi,25-29, Male,2017,98.1
 Umnugovi,25-29, Male,2016,91.2
 Umnugovi,25-29, Male,2015,91.7
 Umnugovi,25-29, Male,2014,93.8
 Umnugovi,25-29, Male,2013,80.5
 Umnugovi,25-29, Male,2012,72.6
 Umnugovi,25-29, Male,2011,95.4
 Umnugovi,25-29, Male,2010,96.7
 Umnugovi,25-29, Male,2009,94.6
 Umnugovi,25-29, Female,2025,66.2
 Umnugovi,25-29, Female,2024,61.6
 Umnugovi,25-29, Female,2023,91.5
 Umnugovi,25-29, Female,2022,72.3
 Umnugovi,25-29, Female,2021,74.2
 Umnugovi,25-29, Female,2020,66.2
 Umnugovi,25-29, Female,2019,70.8
 Umnugovi,25-29, Female,2018,69.9
 Umnugovi,25-29, Female,2017,63.1
 Umnugovi,25-29, Female,2016,68.4
 Umnugovi,25-29, Female,2015,61.8
 Umnugovi,25-29, Female,2014,70.0
 Umnugovi,25-29, Female,2013,64.4
 Umnugovi,25-29, Female,2012,59.5
 Umnugovi,25-29, Female,2011,80.4
 Umnugovi,25-29, Female,2010,72.9
 Umnugovi,25-29, Female,2009,66.3
 Umnugovi,30-34,Total,2025,87.8
 Umnugovi,30-34,Total,2024,85.8
 Umnugovi,30-34,Total,2023,86.2
 Umnugovi,30-34,Total,2022,84.1
 Umnugovi,30-34,Total,2021,87.0
 Umnugovi,30-34,Total,2020,91.4
 Umnugovi,30-34,Total,2019,82.5
 Umnugovi,30-34,Total,2018,83.6
 Umnugovi,30-34,Total,2017,87.9
 Umnugovi,30-34,Total,2016,81.2
 Umnugovi,30-34,Total,2015,83.5
 Umnugovi,30-34,Total,2014,94.2
 Umnugovi,30-34,Total,2013,78.4
 Umnugovi,30-34,Total,2012,75.3
 Umnugovi,30-34,Total,2011,92.4
 Umnugovi,30-34,Total,2010,89.0
 Umnugovi,30-34,Total,2009,90.1
 Umnugovi,30-34, Male,2025,96.6
 Umnugovi,30-34, Male,2024,92.9
 Umnugovi,30-34, Male,2023,99.2
 Umnugovi,30-34, Male,2022,90.7
 Umnugovi,30-34, Male,2021,93.1
 Umnugovi,30-34, Male,2020,98.9
 Umnugovi,30-34, Male,2019,96.3
 Umnugovi,30-34, Male,2018,87.1
 Umnugovi,30-34, Male,2017,94.1
 Umnugovi,30-34, Male,2016,88.7
 Umnugovi,30-34, Male,2015,94.6
 Umnugovi,30-34, Male,2014,96.6
 Umnugovi,30-34, Male,2013,75.0
 Umnugovi,30-34, Male,2012,79.9
 Umnugovi,30-34, Male,2011,100.0
 Umnugovi,30-34, Male,2010,94.3
 Umnugovi,30-34, Male,2009,100.0
 Umnugovi,30-34, Female,2025,81.3
 Umnugovi,30-34, Female,2024,78.7
 Umnugovi,30-34, Female,2023,68.6
 Umnugovi,30-34, Female,2022,76.3
 Umnugovi,30-34, Female,2021,79.0
 Umnugovi,30-34, Female,2020,82.9
 Umnugovi,30-34, Female,2019,68.4
 Umnugovi,30-34, Female,2018,80.3
 Umnugovi,30-34, Female,2017,81.4
 Umnugovi,30-34, Female,2016,74.2
 Umnugovi,30-34, Female,2015,73.4
 Umnugovi,30-34, Female,2014,91.7
 Umnugovi,30-34, Female,2013,82.0
 Umnugovi,30-34, Female,2012,71.7
 Umnugovi,30-34, Female,2011,87.1
 Umnugovi,30-34, Female,2010,84.0
 Umnugovi,30-34, Female,2009,84.9
 Umnugovi,35-39,Total,2025,88.7
 Umnugovi,35-39,Total,2024,76.0
 Umnugovi,35-39,Total,2023,84.6
 Umnugovi,35-39,Total,2022,89.2
 Umnugovi,35-39,Total,2021,76.9
 Umnugovi,35-39,Total,2020,90.9
 Umnugovi,35-39,Total,2019,86.8
 Umnugovi,35-39,Total,2018,79.0
 Umnugovi,35-39,Total,2017,89.0
 Umnugovi,35-39,Total,2016,85.1
 Umnugovi,35-39,Total,2015,87.8
 Umnugovi,35-39,Total,2014,89.4
 Umnugovi,35-39,Total,2013,83.9
 Umnugovi,35-39,Total,2012,88.8
 Umnugovi,35-39,Total,2011,93.7
 Umnugovi,35-39,Total,2010,97.1
 Umnugovi,35-39,Total,2009,96.6
 Umnugovi,35-39, Male,2025,98.5
 Umnugovi,35-39, Male,2024,85.3
 Umnugovi,35-39, Male,2023,97.8
 Umnugovi,35-39, Male,2022,89.1
 Umnugovi,35-39, Male,2021,99.1
 Umnugovi,35-39, Male,2020,90.7
 Umnugovi,35-39, Male,2019,94.5
 Umnugovi,35-39, Male,2018,90.0
 Umnugovi,35-39, Male,2017,90.2
 Umnugovi,35-39, Male,2016,90.7
 Umnugovi,35-39, Male,2015,90.2
 Umnugovi,35-39, Male,2014,93.0
 Umnugovi,35-39, Male,2013,79.8
 Umnugovi,35-39, Male,2012,89.2
 Umnugovi,35-39, Male,2011,100.0
 Umnugovi,35-39, Male,2010,97.0
 Umnugovi,35-39, Male,2009,100.0
 Umnugovi,35-39, Female,2025,76.4
 Umnugovi,35-39, Female,2024,60.4
 Umnugovi,35-39, Female,2023,75.3
 Umnugovi,35-39, Female,2022,89.3
 Umnugovi,35-39, Female,2021,57.9
 Umnugovi,35-39, Female,2020,91.4
 Umnugovi,35-39, Female,2019,78.6
 Umnugovi,35-39, Female,2018,65.3
 Umnugovi,35-39, Female,2017,88.0
 Umnugovi,35-39, Female,2016,79.4
 Umnugovi,35-39, Female,2015,85.0
 Umnugovi,35-39, Female,2014,85.9
 Umnugovi,35-39, Female,2013,88.0
 Umnugovi,35-39, Female,2012,88.4
 Umnugovi,35-39, Female,2011,87.5
 Umnugovi,35-39, Female,2010,97.1
 Umnugovi,35-39, Female,2009,93.5
 Umnugovi,40-44,Total,2025,94.7
 Umnugovi,40-44,Total,2024,90.9
 Umnugovi,40-44,Total,2023,94.7
 Umnugovi,40-44,Total,2022,78.6
 Umnugovi,40-44,Total,2021,81.2
 Umnugovi,40-44,Total,2020,92.0
 Umnugovi,40-44,Total,2019,84.5
 Umnugovi,40-44,Total,2018,91.8
 Umnugovi,40-44,Total,2017,93.2
 Umnugovi,40-44,Total,2016,90.0
 Umnugovi,40-44,Total,2015,92.3
 Umnugovi,40-44,Total,2014,92.8
 Umnugovi,40-44,Total,2013,79.2
 Umnugovi,40-44,Total,2012,87.7
 Umnugovi,40-44,Total,2011,97.0
 Umnugovi,40-44,Total,2010,96.7
 Umnugovi,40-44,Total,2009,94.7
 Umnugovi,40-44, Male,2025,96.3
 Umnugovi,40-44, Male,2024,92.0
 Umnugovi,40-44, Male,2023,98.1
 Umnugovi,40-44, Male,2022,84.6
 Umnugovi,40-44, Male,2021,99.6
 Umnugovi,40-44, Male,2020,89.6
 Umnugovi,40-44, Male,2019,88.1
 Umnugovi,40-44, Male,2018,95.0
 Umnugovi,40-44, Male,2017,92.7
 Umnugovi,40-44, Male,2016,91.4
 Umnugovi,40-44, Male,2015,90.6
 Umnugovi,40-44, Male,2014,94.9
 Umnugovi,40-44, Male,2013,77.0
 Umnugovi,40-44, Male,2012,86.6
 Umnugovi,40-44, Male,2011,100.0
 Umnugovi,40-44, Male,2010,96.3
 Umnugovi,40-44, Male,2009,95.2
 Umnugovi,40-44, Female,2025,92.8
 Umnugovi,40-44, Female,2024,89.5
 Umnugovi,40-44, Female,2023,90.7
 Umnugovi,40-44, Female,2022,71.4
 Umnugovi,40-44, Female,2021,67.9
 Umnugovi,40-44, Female,2020,93.9
 Umnugovi,40-44, Female,2019,81.3
 Umnugovi,40-44, Female,2018,88.5
 Umnugovi,40-44, Female,2017,93.8
 Umnugovi,40-44, Female,2016,88.8
 Umnugovi,40-44, Female,2015,94.1
 Umnugovi,40-44, Female,2014,90.6
 Umnugovi,40-44, Female,2013,81.4
 Umnugovi,40-44, Female,2012,88.6
 Umnugovi,40-44, Female,2011,95.2
 Umnugovi,40-44, Female,2010,97.0
 Umnugovi,40-44, Female,2009,94.3
 Umnugovi,45-49,Total,2025,92.0
 Umnugovi,45-49,Total,2024,81.7
 Umnugovi,45-49,Total,2023,86.9
 Umnugovi,45-49,Total,2022,90.1
 Umnugovi,45-49,Total,2021,88.8
 Umnugovi,45-49,Total,2020,86.9
 Umnugovi,45-49,Total,2019,98.4
 Umnugovi,45-49,Total,2018,89.6
 Umnugovi,45-49,Total,2017,92.9
 Umnugovi,45-49,Total,2016,91.9
 Umnugovi,45-49,Total,2015,87.7
 Umnugovi,45-49,Total,2014,91.8
 Umnugovi,45-49,Total,2013,76.2
 Umnugovi,45-49,Total,2012,90.4
 Umnugovi,45-49,Total,2011,94.6
 Umnugovi,45-49,Total,2010,95.9
 Umnugovi,45-49,Total,2009,90.4
 Umnugovi,45-49, Male,2025,95.0
 Umnugovi,45-49, Male,2024,92.2
 Umnugovi,45-49, Male,2023,94.9
 Umnugovi,45-49, Male,2022,97.6
 Umnugovi,45-49, Male,2021,80.2
 Umnugovi,45-49, Male,2020,85.5
 Umnugovi,45-49, Male,2019,100.0
 Umnugovi,45-49, Male,2018,91.6
 Umnugovi,45-49, Male,2017,93.4
 Umnugovi,45-49, Male,2016,92.8
 Umnugovi,45-49, Male,2015,77.3
 Umnugovi,45-49, Male,2014,92.9
 Umnugovi,45-49, Male,2013,77.3
 Umnugovi,45-49, Male,2012,85.1
 Umnugovi,45-49, Male,2011,100.0
 Umnugovi,45-49, Male,2010,100.0
 Umnugovi,45-49, Male,2009,92.2
 Umnugovi,45-49, Female,2025,89.9
 Umnugovi,45-49, Female,2024,75.3
 Umnugovi,45-49, Female,2023,72.4
 Umnugovi,45-49, Female,2022,78.9
 Umnugovi,45-49, Female,2021,98.7
 Umnugovi,45-49, Female,2020,89.1
 Umnugovi,45-49, Female,2019,96.0
 Umnugovi,45-49, Female,2018,88.1
 Umnugovi,45-49, Female,2017,92.4
 Umnugovi,45-49, Female,2016,90.9
 Umnugovi,45-49, Female,2015,96.3
 Umnugovi,45-49, Female,2014,91.1
 Umnugovi,45-49, Female,2013,74.7
 Umnugovi,45-49, Female,2012,100.0
 Umnugovi,45-49, Female,2011,90.6
 Umnugovi,45-49, Female,2010,92.8
 Umnugovi,45-49, Female,2009,89.2
 Umnugovi,50-54,Total,2025,89.5
 Umnugovi,50-54,Total,2024,93.5
 Umnugovi,50-54,Total,2023,89.9
 Umnugovi,50-54,Total,2022,88.7
 Umnugovi,50-54,Total,2021,81.8
 Umnugovi,50-54,Total,2020,82.7
 Umnugovi,50-54,Total,2019,81.9
 Umnugovi,50-54,Total,2018,84.2
 Umnugovi,50-54,Total,2017,82.2
 Umnugovi,50-54,Total,2016,83.3
 Umnugovi,50-54,Total,2015,81.7
 Umnugovi,50-54,Total,2014,85.2
 Umnugovi,50-54,Total,2013,75.4
 Umnugovi,50-54,Total,2012,83.2
 Umnugovi,50-54,Total,2011,91.5
 Umnugovi,50-54,Total,2010,90.8
 Umnugovi,50-54,Total,2009,70.6
 Umnugovi,50-54, Male,2025,85.5
 Umnugovi,50-54, Male,2024,93.7
 Umnugovi,50-54, Male,2023,97.3
 Umnugovi,50-54, Male,2022,92.8
 Umnugovi,50-54, Male,2021,100.0
 Umnugovi,50-54, Male,2020,82.7
 Umnugovi,50-54, Male,2019,91.2
 Umnugovi,50-54, Male,2018,87.8
 Umnugovi,50-54, Male,2017,82.3
 Umnugovi,50-54, Male,2016,87.5
 Umnugovi,50-54, Male,2015,83.3
 Umnugovi,50-54, Male,2014,84.3
 Umnugovi,50-54, Male,2013,83.5
 Umnugovi,50-54, Male,2012,90.8
 Umnugovi,50-54, Male,2011,90.9
 Umnugovi,50-54, Male,2010,90.8
 Umnugovi,50-54, Male,2009,85.8
 Umnugovi,50-54, Female,2025,93.1
 Umnugovi,50-54, Female,2024,93.4
 Umnugovi,50-54, Female,2023,84.8
 Umnugovi,50-54, Female,2022,83.5
 Umnugovi,50-54, Female,2021,69.8
 Umnugovi,50-54, Female,2020,82.8
 Umnugovi,50-54, Female,2019,75.7
 Umnugovi,50-54, Female,2018,81.0
 Umnugovi,50-54, Female,2017,82.2
 Umnugovi,50-54, Female,2016,77.1
 Umnugovi,50-54, Female,2015,80.3
 Umnugovi,50-54, Female,2014,86.3
 Umnugovi,50-54, Female,2013,69.9
 Umnugovi,50-54, Female,2012,78.0
 Umnugovi,50-54, Female,2011,92.3
 Umnugovi,50-54, Female,2010,90.7
 Umnugovi,50-54, Female,2009,59.9
 Umnugovi,55-59,Total,2025,63.5
 Umnugovi,55-59,Total,2024,62.8
 Umnugovi,55-59,Total,2023,50.5
 Umnugovi,55-59,Total,2022,67.2
 Umnugovi,55-59,Total,2021,63.2
 Umnugovi,55-59,Total,2020,61.4
 Umnugovi,55-59,Total,2019,57.5
 Umnugovi,55-59,Total,2018,52.0
 Umnugovi,55-59,Total,2017,57.6
 Umnugovi,55-59,Total,2016,60.7
 Umnugovi,55-59,Total,2015,61.4
 Umnugovi,55-59,Total,2014,56.2
 Umnugovi,55-59,Total,2013,57.4
 Umnugovi,55-59,Total,2012,31.5
 Umnugovi,55-59,Total,2011,78.0
 Umnugovi,55-59,Total,2010,58.9
 Umnugovi,55-59,Total,2009,66.6
 Umnugovi,55-59, Male,2025,89.9
 Umnugovi,55-59, Male,2024,72.6
 Umnugovi,55-59, Male,2023,75.1
 Umnugovi,55-59, Male,2022,65.8
 Umnugovi,55-59, Male,2021,71.0
 Umnugovi,55-59, Male,2020,65.2
 Umnugovi,55-59, Male,2019,69.6
 Umnugovi,55-59, Male,2018,65.9
 Umnugovi,55-59, Male,2017,72.2
 Umnugovi,55-59, Male,2016,72.8
 Umnugovi,55-59, Male,2015,81.3
 Umnugovi,55-59, Male,2014,82.2
 Umnugovi,55-59, Male,2013,59.5
 Umnugovi,55-59, Male,2012,62.5
 Umnugovi,55-59, Male,2011,80.5
 Umnugovi,55-59, Male,2010,77.1
 Umnugovi,55-59, Male,2009,80.2
 Umnugovi,55-59, Female,2025,44.3
 Umnugovi,55-59, Female,2024,56.2
 Umnugovi,55-59, Female,2023,34.7
 Umnugovi,55-59, Female,2022,68.3
 Umnugovi,55-59, Female,2021,53.7
 Umnugovi,55-59, Female,2020,57.8
 Umnugovi,55-59, Female,2019,44.7
 Umnugovi,55-59, Female,2018,34.4
 Umnugovi,55-59, Female,2017,43.6
 Umnugovi,55-59, Female,2016,51.8
 Umnugovi,55-59, Female,2015,36.4
 Umnugovi,55-59, Female,2014,36.6
 Umnugovi,55-59, Female,2013,55.7
 Umnugovi,55-59, Female,2012,14.0
 Umnugovi,55-59, Female,2011,74.3
 Umnugovi,55-59, Female,2010,46.1
 Umnugovi,55-59, Female,2009,49.6
 Umnugovi,60-64,Total,2025,33.2
 Umnugovi,60-64,Total,2024,22.9
 Umnugovi,60-64,Total,2023,26.3
 Umnugovi,60-64,Total,2022,46.6
 Umnugovi,60-64,Total,2021,50.1
 Umnugovi,60-64,Total,2020,49.7
 Umnugovi,60-64,Total,2019,40.1
 Umnugovi,60-64,Total,2018,47.1
 Umnugovi,60-64,Total,2017,29.8
 Umnugovi,60-64,Total,2016,27.8
 Umnugovi,60-64,Total,2015,25.9
 Umnugovi,60-64,Total,2014,43.6
 Umnugovi,60-64,Total,2013,15.6
 Umnugovi,60-64,Total,2012,32.3
 Umnugovi,60-64,Total,2011,63.6
 Umnugovi,60-64,Total,2010,100.0
 Umnugovi,60-64,Total,2009,71.3
 Umnugovi,60-64, Male,2025,43.7
 Umnugovi,60-64, Male,2024,33.9
 Umnugovi,60-64, Male,2023,49.0
 Umnugovi,60-64, Male,2022,34.3
 Umnugovi,60-64, Male,2021,27.1
 Umnugovi,60-64, Male,2020,68.7
 Umnugovi,60-64, Male,2019,47.7
 Umnugovi,60-64, Male,2018,42.6
 Umnugovi,60-64, Male,2017,30.6
 Umnugovi,60-64, Male,2016,38.3
 Umnugovi,60-64, Male,2015,25.9
 Umnugovi,60-64, Male,2014,37.3
 Umnugovi,60-64, Male,2013,26.8
 Umnugovi,60-64, Male,2012,31.1
 Umnugovi,60-64, Male,2011,34.5
 Umnugovi,60-64, Male,2010,100.0
 Umnugovi,60-64, Male,2009,100.0
 Umnugovi,60-64, Female,2025,24.2
 Umnugovi,60-64, Female,2024,13.8
 Umnugovi,60-64, Female,2023,10.3
 Umnugovi,60-64, Female,2022,52.9
 Umnugovi,60-64, Female,2021,66.7
 Umnugovi,60-64, Female,2020,36.4
 Umnugovi,60-64, Female,2019,35.0
 Umnugovi,60-64, Female,2018,50.9
 Umnugovi,60-64, Female,2017,29.2
 Umnugovi,60-64, Female,2016,18.8
 Umnugovi,60-64, Female,2015,25.8
 Umnugovi,60-64, Female,2014,57.9
 Umnugovi,60-64, Female,2013,5.4
 Umnugovi,60-64, Female,2012,33.1
 Umnugovi,60-64, Female,2011,73.8
 Umnugovi,60-64, Female,2010,
 Umnugovi,60-64, Female,2009,49.8
 Umnugovi,65-69,Total,2025,33.6
 Umnugovi,65-69,Total,2024,24.1
 Umnugovi,65-69,Total,2023,37.4
 Umnugovi,65-69,Total,2022,60.9
 Umnugovi,65-69,Total,2021,19.3
 Umnugovi,65-69,Total,2020,23.2
 Umnugovi,65-69,Total,2019,45.9
 Umnugovi,65-69,Total,2018,19.5
 Umnugovi,65-69,Total,2017,23.2
 Umnugovi,65-69,Total,2016,25.6
 Umnugovi,65-69,Total,2015,36.2
 Umnugovi,65-69,Total,2014,17.2
 Umnugovi,65-69,Total,2013,23.8
 Umnugovi,65-69,Total,2012,30.2
 Umnugovi,65-69,Total,2011,54.1
 Umnugovi,65-69,Total,2010,44.8
 Umnugovi,65-69,Total,2009,26.2
 Umnugovi,65-69, Male,2025,40.1
 Umnugovi,65-69, Male,2024,27.7
 Umnugovi,65-69, Male,2023,36.1
 Umnugovi,65-69, Male,2022,74.5
 Umnugovi,65-69, Male,2021,22.8
 Umnugovi,65-69, Male,2020,16.5
 Umnugovi,65-69, Male,2019,20.9
 Umnugovi,65-69, Male,2018,0.0
 Umnugovi,65-69, Male,2017,14.4
 Umnugovi,65-69, Male,2016,35.7
 Umnugovi,65-69, Male,2015,44.3
 Umnugovi,65-69, Male,2014,22.2
 Umnugovi,65-69, Male,2013,23.3
 Umnugovi,65-69, Male,2012,28.8
 Umnugovi,65-69, Male,2011,64.6
 Umnugovi,65-69, Male,2010,65.1
 Umnugovi,65-69, Male,2009,
 Umnugovi,65-69, Female,2025,30.5
 Umnugovi,65-69, Female,2024,13.5
 Umnugovi,65-69, Female,2023,37.9
 Umnugovi,65-69, Female,2022,41.4
 Umnugovi,65-69, Female,2021,12.7
 Umnugovi,65-69, Female,2020,26.1
 Umnugovi,65-69, Female,2019,72.4
 Umnugovi,65-69, Female,2018,27.1
 Umnugovi,65-69, Female,2017,28.8
 Umnugovi,65-69, Female,2016,10.1
 Umnugovi,65-69, Female,2015,30.4
 Umnugovi,65-69, Female,2014,11.6
 Umnugovi,65-69, Female,2013,24.2
 Umnugovi,65-69, Female,2012,32.3
 Umnugovi,65-69, Female,2011,50.2
 Umnugovi,65-69, Female,2010,32.0
 Umnugovi,65-69, Female,2009,26.2
 Umnugovi,70+,Total,2025,3.8
 Umnugovi,70+,Total,2024,6.6
 Umnugovi,70+,Total,2023,11.5
 Umnugovi,70+,Total,2022,21.5
 Umnugovi,70+,Total,2021,24.1
 Umnugovi,70+,Total,2020,53.8
 Umnugovi,70+,Total,2019,22.9
 Umnugovi,70+,Total,2018,20.8
 Umnugovi,70+,Total,2017,12.4
 Umnugovi,70+,Total,2016,14.8
 Umnugovi,70+,Total,2015,9.7
 Umnugovi,70+,Total,2014,8.6
 Umnugovi,70+,Total,2013,12.2
 Umnugovi,70+,Total,2012,27.1
 Umnugovi,70+,Total,2011,30.5
 Umnugovi,70+,Total,2010,7.9
 Umnugovi,70+,Total,2009,0.0
 Umnugovi,70+, Male,2025,4.1
 Umnugovi,70+, Male,2024,3.0
 Umnugovi,70+, Male,2023,28.4
 Umnugovi,70+, Male,2022,32.1
 Umnugovi,70+, Male,2021,28.1
 Umnugovi,70+, Male,2020,75.1
 Umnugovi,70+, Male,2019,27.0
 Umnugovi,70+, Male,2018,40.8
 Umnugovi,70+, Male,2017,16.4
 Umnugovi,70+, Male,2016,24.5
 Umnugovi,70+, Male,2015,9.5
 Umnugovi,70+, Male,2014,18.5
 Umnugovi,70+, Male,2013,18.3
 Umnugovi,70+, Male,2012,37.6
 Umnugovi,70+, Male,2011,63.2
 Umnugovi,70+, Male,2010,7.3
 Umnugovi,70+, Male,2009,0.0
 Umnugovi,70+, Female,2025,3.5
 Umnugovi,70+, Female,2024,8.9
 Umnugovi,70+, Female,2023,4.6
 Umnugovi,70+, Female,2022,4.1
 Umnugovi,70+, Female,2021,21.4
 Umnugovi,70+, Female,2020,43.4
 Umnugovi,70+, Female,2019,20.4
 Umnugovi,70+, Female,2018,9.9
 Umnugovi,70+, Female,2017,8.5
 Umnugovi,70+, Female,2016,8.5
 Umnugovi,70+, Female,2015,9.8
 Umnugovi,70+, Female,2014,0.0
 Umnugovi,70+, Female,2013,7.4
 Umnugovi,70+, Female,2012,21.2
 Umnugovi,70+, Female,2011,18.0
 Umnugovi,70+, Female,2010,8.6
 Umnugovi,70+, Female,2009,0.0
 Ulaanbaatar,Total,Total,2025,58.6
 Ulaanbaatar,Total,Total,2024,58.3
 Ulaanbaatar,Total,Total,2023,53.8
 Ulaanbaatar,Total,Total,2022,55.9
 Ulaanbaatar,Total,Total,2021,52.3
 Ulaanbaatar,Total,Total,2020,55.5
 Ulaanbaatar,Total,Total,2019,56.8
 Ulaanbaatar,Total,Total,2018,53.4
 Ulaanbaatar,Total,Total,2017,52.6
 Ulaanbaatar,Total,Total,2016,52.1
 Ulaanbaatar,Total,Total,2015,53.8
 Ulaanbaatar,Total,Total,2014,54.7
 Ulaanbaatar,Total,Total,2013,52.9
 Ulaanbaatar,Total,Total,2012,53.5
 Ulaanbaatar,Total,Total,2011,53.9
 Ulaanbaatar,Total,Total,2010,52.8
 Ulaanbaatar,Total,Total,2009,52.9
 Ulaanbaatar,Total, Male,2025,69.0
 Ulaanbaatar,Total, Male,2024,68.8
 Ulaanbaatar,Total, Male,2023,64.3
 Ulaanbaatar,Total, Male,2022,64.9
 Ulaanbaatar,Total, Male,2021,61.1
 Ulaanbaatar,Total, Male,2020,65.8
 Ulaanbaatar,Total, Male,2019,66.7
 Ulaanbaatar,Total, Male,2018,63.6
 Ulaanbaatar,Total, Male,2017,59.7
 Ulaanbaatar,Total, Male,2016,60.8
 Ulaanbaatar,Total, Male,2015,62.1
 Ulaanbaatar,Total, Male,2014,62.6
 Ulaanbaatar,Total, Male,2013,60.5
 Ulaanbaatar,Total, Male,2012,59.6
 Ulaanbaatar,Total, Male,2011,61.4
 Ulaanbaatar,Total, Male,2010,59.7
 Ulaanbaatar,Total, Male,2009,60.2
 Ulaanbaatar,Total, Female,2025,49.1
 Ulaanbaatar,Total, Female,2024,49.2
 Ulaanbaatar,Total, Female,2023,44.7
 Ulaanbaatar,Total, Female,2022,47.8
 Ulaanbaatar,Total, Female,2021,44.4
 Ulaanbaatar,Total, Female,2020,46.6
 Ulaanbaatar,Total, Female,2019,48.1
 Ulaanbaatar,Total, Female,2018,44.8
 Ulaanbaatar,Total, Female,2017,46.3
 Ulaanbaatar,Total, Female,2016,44.4
 Ulaanbaatar,Total, Female,2015,46.6
 Ulaanbaatar,Total, Female,2014,47.7
 Ulaanbaatar,Total, Female,2013,46.4
 Ulaanbaatar,Total, Female,2012,48.0
 Ulaanbaatar,Total, Female,2011,47.2
 Ulaanbaatar,Total, Female,2010,46.7
 Ulaanbaatar,Total, Female,2009,46.6
 Ulaanbaatar,15-19,Total,2025,6.5
 Ulaanbaatar,15-19,Total,2024,8.5
 Ulaanbaatar,15-19,Total,2023,7.0
 Ulaanbaatar,15-19,Total,2022,9.2
 Ulaanbaatar,15-19,Total,2021,7.8
 Ulaanbaatar,15-19,Total,2020,7.4
 Ulaanbaatar,15-19,Total,2019,8.9
 Ulaanbaatar,15-19,Total,2018,7.6
 Ulaanbaatar,15-19,Total,2017,4.5
 Ulaanbaatar,15-19,Total,2016,4.6
 Ulaanbaatar,15-19,Total,2015,6.2
 Ulaanbaatar,15-19,Total,2014,6.0
 Ulaanbaatar,15-19,Total,2013,4.8
 Ulaanbaatar,15-19,Total,2012,8.1
 Ulaanbaatar,15-19,Total,2011,6.5
 Ulaanbaatar,15-19,Total,2010,5.0
 Ulaanbaatar,15-19,Total,2009,6.4
 Ulaanbaatar,15-19, Male,2025,7.6
 Ulaanbaatar,15-19, Male,2024,9.5
 Ulaanbaatar,15-19, Male,2023,9.3
 Ulaanbaatar,15-19, Male,2022,11.4
 Ulaanbaatar,15-19, Male,2021,11.8
 Ulaanbaatar,15-19, Male,2020,10.1
 Ulaanbaatar,15-19, Male,2019,12.6
 Ulaanbaatar,15-19, Male,2018,12.2
 Ulaanbaatar,15-19, Male,2017,4.5
 Ulaanbaatar,15-19, Male,2016,6.0
 Ulaanbaatar,15-19, Male,2015,7.1
 Ulaanbaatar,15-19, Male,2014,6.1
 Ulaanbaatar,15-19, Male,2013,6.6
 Ulaanbaatar,15-19, Male,2012,10.6
 Ulaanbaatar,15-19, Male,2011,8.0
 Ulaanbaatar,15-19, Male,2010,6.6
 Ulaanbaatar,15-19, Male,2009,8.1
 Ulaanbaatar,15-19, Female,2025,5.3
 Ulaanbaatar,15-19, Female,2024,7.6
 Ulaanbaatar,15-19, Female,2023,4.5
 Ulaanbaatar,15-19, Female,2022,6.3
 Ulaanbaatar,15-19, Female,2021,3.4
 Ulaanbaatar,15-19, Female,2020,5.1
 Ulaanbaatar,15-19, Female,2019,5.1
 Ulaanbaatar,15-19, Female,2018,2.9
 Ulaanbaatar,15-19, Female,2017,4.6
 Ulaanbaatar,15-19, Female,2016,3.0
 Ulaanbaatar,15-19, Female,2015,5.2
 Ulaanbaatar,15-19, Female,2014,5.8
 Ulaanbaatar,15-19, Female,2013,3.2
 Ulaanbaatar,15-19, Female,2012,5.7
 Ulaanbaatar,15-19, Female,2011,5.1
 Ulaanbaatar,15-19, Female,2010,3.4
 Ulaanbaatar,15-19, Female,2009,4.7
 Ulaanbaatar,20-24,Total,2025,53.1
 Ulaanbaatar,20-24,Total,2024,52.8
 Ulaanbaatar,20-24,Total,2023,42.1
 Ulaanbaatar,20-24,Total,2022,51.2
 Ulaanbaatar,20-24,Total,2021,39.1
 Ulaanbaatar,20-24,Total,2020,45.9
 Ulaanbaatar,20-24,Total,2019,52.4
 Ulaanbaatar,20-24,Total,2018,42.8
 Ulaanbaatar,20-24,Total,2017,37.7
 Ulaanbaatar,20-24,Total,2016,41.7
 Ulaanbaatar,20-24,Total,2015,45.9
 Ulaanbaatar,20-24,Total,2014,44.1
 Ulaanbaatar,20-24,Total,2013,41.8
 Ulaanbaatar,20-24,Total,2012,41.2
 Ulaanbaatar,20-24,Total,2011,40.7
 Ulaanbaatar,20-24,Total,2010,38.0
 Ulaanbaatar,20-24,Total,2009,41.5
 Ulaanbaatar,20-24, Male,2025,64.4
 Ulaanbaatar,20-24, Male,2024,64.8
 Ulaanbaatar,20-24, Male,2023,55.9
 Ulaanbaatar,20-24, Male,2022,56.5
 Ulaanbaatar,20-24, Male,2021,48.0
 Ulaanbaatar,20-24, Male,2020,53.2
 Ulaanbaatar,20-24, Male,2019,59.5
 Ulaanbaatar,20-24, Male,2018,48.6
 Ulaanbaatar,20-24, Male,2017,43.6
 Ulaanbaatar,20-24, Male,2016,52.9
 Ulaanbaatar,20-24, Male,2015,51.9
 Ulaanbaatar,20-24, Male,2014,51.5
 Ulaanbaatar,20-24, Male,2013,51.5
 Ulaanbaatar,20-24, Male,2012,46.7
 Ulaanbaatar,20-24, Male,2011,48.9
 Ulaanbaatar,20-24, Male,2010,45.4
 Ulaanbaatar,20-24, Male,2009,50.3
 Ulaanbaatar,20-24, Female,2025,42.7
 Ulaanbaatar,20-24, Female,2024,40.4
 Ulaanbaatar,20-24, Female,2023,29.3
 Ulaanbaatar,20-24, Female,2022,46.4
 Ulaanbaatar,20-24, Female,2021,30.5
 Ulaanbaatar,20-24, Female,2020,38.3
 Ulaanbaatar,20-24, Female,2019,44.1
 Ulaanbaatar,20-24, Female,2018,37.3
 Ulaanbaatar,20-24, Female,2017,31.8
 Ulaanbaatar,20-24, Female,2016,31.2
 Ulaanbaatar,20-24, Female,2015,39.6
 Ulaanbaatar,20-24, Female,2014,36.7
 Ulaanbaatar,20-24, Female,2013,33.9
 Ulaanbaatar,20-24, Female,2012,36.0
 Ulaanbaatar,20-24, Female,2011,33.1
 Ulaanbaatar,20-24, Female,2010,31.5
 Ulaanbaatar,20-24, Female,2009,33.2
 Ulaanbaatar,25-29,Total,2025,75.3
 Ulaanbaatar,25-29,Total,2024,75.7
 Ulaanbaatar,25-29,Total,2023,69.9
 Ulaanbaatar,25-29,Total,2022,72.9
 Ulaanbaatar,25-29,Total,2021,71.9
 Ulaanbaatar,25-29,Total,2020,74.2
 Ulaanbaatar,25-29,Total,2019,71.4
 Ulaanbaatar,25-29,Total,2018,67.0
 Ulaanbaatar,25-29,Total,2017,65.7
 Ulaanbaatar,25-29,Total,2016,68.4
 Ulaanbaatar,25-29,Total,2015,67.4
 Ulaanbaatar,25-29,Total,2014,72.6
 Ulaanbaatar,25-29,Total,2013,70.2
 Ulaanbaatar,25-29,Total,2012,71.2
 Ulaanbaatar,25-29,Total,2011,69.5
 Ulaanbaatar,25-29,Total,2010,69.0
 Ulaanbaatar,25-29,Total,2009,65.3
 Ulaanbaatar,25-29, Male,2025,94.2
 Ulaanbaatar,25-29, Male,2024,93.5
 Ulaanbaatar,25-29, Male,2023,90.9
 Ulaanbaatar,25-29, Male,2022,82.8
 Ulaanbaatar,25-29, Male,2021,82.4
 Ulaanbaatar,25-29, Male,2020,83.9
 Ulaanbaatar,25-29, Male,2019,86.4
 Ulaanbaatar,25-29, Male,2018,85.1
 Ulaanbaatar,25-29, Male,2017,78.8
 Ulaanbaatar,25-29, Male,2016,82.1
 Ulaanbaatar,25-29, Male,2015,82.2
 Ulaanbaatar,25-29, Male,2014,84.3
 Ulaanbaatar,25-29, Male,2013,83.2
 Ulaanbaatar,25-29, Male,2012,83.5
 Ulaanbaatar,25-29, Male,2011,81.6
 Ulaanbaatar,25-29, Male,2010,81.7
 Ulaanbaatar,25-29, Male,2009,79.0
 Ulaanbaatar,25-29, Female,2025,55.6
 Ulaanbaatar,25-29, Female,2024,58.4
 Ulaanbaatar,25-29, Female,2023,54.1
 Ulaanbaatar,25-29, Female,2022,63.1
 Ulaanbaatar,25-29, Female,2021,62.1
 Ulaanbaatar,25-29, Female,2020,64.4
 Ulaanbaatar,25-29, Female,2019,58.2
 Ulaanbaatar,25-29, Female,2018,51.5
 Ulaanbaatar,25-29, Female,2017,53.6
 Ulaanbaatar,25-29, Female,2016,56.1
 Ulaanbaatar,25-29, Female,2015,54.4
 Ulaanbaatar,25-29, Female,2014,61.9
 Ulaanbaatar,25-29, Female,2013,58.9
 Ulaanbaatar,25-29, Female,2012,60.1
 Ulaanbaatar,25-29, Female,2011,58.3
 Ulaanbaatar,25-29, Female,2010,57.1
 Ulaanbaatar,25-29, Female,2009,53.4
 Ulaanbaatar,30-34,Total,2025,80.8
 Ulaanbaatar,30-34,Total,2024,81.2
 Ulaanbaatar,30-34,Total,2023,74.5
 Ulaanbaatar,30-34,Total,2022,73.8
 Ulaanbaatar,30-34,Total,2021,69.5
 Ulaanbaatar,30-34,Total,2020,71.2
 Ulaanbaatar,30-34,Total,2019,74.2
 Ulaanbaatar,30-34,Total,2018,76.2
 Ulaanbaatar,30-34,Total,2017,73.0
 Ulaanbaatar,30-34,Total,2016,70.6
 Ulaanbaatar,30-34,Total,2015,75.0
 Ulaanbaatar,30-34,Total,2014,77.2
 Ulaanbaatar,30-34,Total,2013,73.3
 Ulaanbaatar,30-34,Total,2012,74.1
 Ulaanbaatar,30-34,Total,2011,74.3
 Ulaanbaatar,30-34,Total,2010,74.1
 Ulaanbaatar,30-34,Total,2009,74.8
 Ulaanbaatar,30-34, Male,2025,92.8
 Ulaanbaatar,30-34, Male,2024,92.6
 Ulaanbaatar,30-34, Male,2023,86.9
 Ulaanbaatar,30-34, Male,2022,91.8
 Ulaanbaatar,30-34, Male,2021,89.3
 Ulaanbaatar,30-34, Male,2020,86.7
 Ulaanbaatar,30-34, Male,2019,88.5
 Ulaanbaatar,30-34, Male,2018,92.9
 Ulaanbaatar,30-34, Male,2017,85.0
 Ulaanbaatar,30-34, Male,2016,84.5
 Ulaanbaatar,30-34, Male,2015,89.1
 Ulaanbaatar,30-34, Male,2014,89.4
 Ulaanbaatar,30-34, Male,2013,86.8
 Ulaanbaatar,30-34, Male,2012,84.6
 Ulaanbaatar,30-34, Male,2011,87.3
 Ulaanbaatar,30-34, Male,2010,85.0
 Ulaanbaatar,30-34, Male,2009,86.3
 Ulaanbaatar,30-34, Female,2025,68.7
 Ulaanbaatar,30-34, Female,2024,69.2
 Ulaanbaatar,30-34, Female,2023,62.5
 Ulaanbaatar,30-34, Female,2022,58.0
 Ulaanbaatar,30-34, Female,2021,51.9
 Ulaanbaatar,30-34, Female,2020,56.9
 Ulaanbaatar,30-34, Female,2019,61.4
 Ulaanbaatar,30-34, Female,2018,61.5
 Ulaanbaatar,30-34, Female,2017,62.4
 Ulaanbaatar,30-34, Female,2016,58.6
 Ulaanbaatar,30-34, Female,2015,62.0
 Ulaanbaatar,30-34, Female,2014,66.4
 Ulaanbaatar,30-34, Female,2013,60.8
 Ulaanbaatar,30-34, Female,2012,64.7
 Ulaanbaatar,30-34, Female,2011,62.4
 Ulaanbaatar,30-34, Female,2010,64.3
 Ulaanbaatar,30-34, Female,2009,65.4
 Ulaanbaatar,35-39,Total,2025,78.3
 Ulaanbaatar,35-39,Total,2024,78.9
 Ulaanbaatar,35-39,Total,2023,74.6
 Ulaanbaatar,35-39,Total,2022,73.8
 Ulaanbaatar,35-39,Total,2021,75.1
 Ulaanbaatar,35-39,Total,2020,75.5
 Ulaanbaatar,35-39,Total,2019,80.0
 Ulaanbaatar,35-39,Total,2018,76.9
 Ulaanbaatar,35-39,Total,2017,74.9
 Ulaanbaatar,35-39,Total,2016,75.6
 Ulaanbaatar,35-39,Total,2015,78.2
 Ulaanbaatar,35-39,Total,2014,80.1
 Ulaanbaatar,35-39,Total,2013,75.7
 Ulaanbaatar,35-39,Total,2012,78.3
 Ulaanbaatar,35-39,Total,2011,79.4
 Ulaanbaatar,35-39,Total,2010,79.3
 Ulaanbaatar,35-39,Total,2009,78.4
 Ulaanbaatar,35-39, Male,2025,94.2
 Ulaanbaatar,35-39, Male,2024,89.6
 Ulaanbaatar,35-39, Male,2023,89.9
 Ulaanbaatar,35-39, Male,2022,89.0
 Ulaanbaatar,35-39, Male,2021,84.0
 Ulaanbaatar,35-39, Male,2020,89.9
 Ulaanbaatar,35-39, Male,2019,90.4
 Ulaanbaatar,35-39, Male,2018,89.2
 Ulaanbaatar,35-39, Male,2017,85.1
 Ulaanbaatar,35-39, Male,2016,83.4
 Ulaanbaatar,35-39, Male,2015,87.2
 Ulaanbaatar,35-39, Male,2014,89.6
 Ulaanbaatar,35-39, Male,2013,83.1
 Ulaanbaatar,35-39, Male,2012,84.7
 Ulaanbaatar,35-39, Male,2011,87.2
 Ulaanbaatar,35-39, Male,2010,86.2
 Ulaanbaatar,35-39, Male,2009,85.6
 Ulaanbaatar,35-39, Female,2025,62.4
 Ulaanbaatar,35-39, Female,2024,69.5
 Ulaanbaatar,35-39, Female,2023,59.3
 Ulaanbaatar,35-39, Female,2022,60.3
 Ulaanbaatar,35-39, Female,2021,66.2
 Ulaanbaatar,35-39, Female,2020,62.4
 Ulaanbaatar,35-39, Female,2019,70.1
 Ulaanbaatar,35-39, Female,2018,66.7
 Ulaanbaatar,35-39, Female,2017,65.6
 Ulaanbaatar,35-39, Female,2016,68.0
 Ulaanbaatar,35-39, Female,2015,69.9
 Ulaanbaatar,35-39, Female,2014,71.2
 Ulaanbaatar,35-39, Female,2013,69.3
 Ulaanbaatar,35-39, Female,2012,73.1
 Ulaanbaatar,35-39, Female,2011,72.5
 Ulaanbaatar,35-39, Female,2010,73.2
 Ulaanbaatar,35-39, Female,2009,71.9
 Ulaanbaatar,40-44,Total,2025,81.6
 Ulaanbaatar,40-44,Total,2024,83.2
 Ulaanbaatar,40-44,Total,2023,79.1
 Ulaanbaatar,40-44,Total,2022,81.1
 Ulaanbaatar,40-44,Total,2021,72.0
 Ulaanbaatar,40-44,Total,2020,77.5
 Ulaanbaatar,40-44,Total,2019,81.2
 Ulaanbaatar,40-44,Total,2018,77.5
 Ulaanbaatar,40-44,Total,2017,77.9
 Ulaanbaatar,40-44,Total,2016,74.2
 Ulaanbaatar,40-44,Total,2015,79.0
 Ulaanbaatar,40-44,Total,2014,80.1
 Ulaanbaatar,40-44,Total,2013,79.4
 Ulaanbaatar,40-44,Total,2012,79.8
 Ulaanbaatar,40-44,Total,2011,79.9
 Ulaanbaatar,40-44,Total,2010,80.8
 Ulaanbaatar,40-44,Total,2009,84.5
 Ulaanbaatar,40-44, Male,2025,90.8
 Ulaanbaatar,40-44, Male,2024,92.5
 Ulaanbaatar,40-44, Male,2023,86.2
 Ulaanbaatar,40-44, Male,2022,89.3
 Ulaanbaatar,40-44, Male,2021,77.2
 Ulaanbaatar,40-44, Male,2020,87.8
 Ulaanbaatar,40-44, Male,2019,88.9
 Ulaanbaatar,40-44, Male,2018,85.6
 Ulaanbaatar,40-44, Male,2017,84.2
 Ulaanbaatar,40-44, Male,2016,80.5
 Ulaanbaatar,40-44, Male,2015,85.1
 Ulaanbaatar,40-44, Male,2014,86.7
 Ulaanbaatar,40-44, Male,2013,83.5
 Ulaanbaatar,40-44, Male,2012,82.6
 Ulaanbaatar,40-44, Male,2011,83.6
 Ulaanbaatar,40-44, Male,2010,84.9
 Ulaanbaatar,40-44, Male,2009,87.4
 Ulaanbaatar,40-44, Female,2025,72.6
 Ulaanbaatar,40-44, Female,2024,75.1
 Ulaanbaatar,40-44, Female,2023,72.4
 Ulaanbaatar,40-44, Female,2022,73.3
 Ulaanbaatar,40-44, Female,2021,67.7
 Ulaanbaatar,40-44, Female,2020,69.3
 Ulaanbaatar,40-44, Female,2019,74.1
 Ulaanbaatar,40-44, Female,2018,70.3
 Ulaanbaatar,40-44, Female,2017,72.3
 Ulaanbaatar,40-44, Female,2016,68.3
 Ulaanbaatar,40-44, Female,2015,73.2
 Ulaanbaatar,40-44, Female,2014,74.4
 Ulaanbaatar,40-44, Female,2013,75.4
 Ulaanbaatar,40-44, Female,2012,77.2
 Ulaanbaatar,40-44, Female,2011,76.5
 Ulaanbaatar,40-44, Female,2010,77.5
 Ulaanbaatar,40-44, Female,2009,81.8
 Ulaanbaatar,45-49,Total,2025,79.5
 Ulaanbaatar,45-49,Total,2024,83.5
 Ulaanbaatar,45-49,Total,2023,77.4
 Ulaanbaatar,45-49,Total,2022,80.6
 Ulaanbaatar,45-49,Total,2021,69.2
 Ulaanbaatar,45-49,Total,2020,72.4
 Ulaanbaatar,45-49,Total,2019,76.9
 Ulaanbaatar,45-49,Total,2018,78.2
 Ulaanbaatar,45-49,Total,2017,76.7
 Ulaanbaatar,45-49,Total,2016,75.3
 Ulaanbaatar,45-49,Total,2015,78.4
 Ulaanbaatar,45-49,Total,2014,76.0
 Ulaanbaatar,45-49,Total,2013,78.3
 Ulaanbaatar,45-49,Total,2012,76.4
 Ulaanbaatar,45-49,Total,2011,78.2
 Ulaanbaatar,45-49,Total,2010,76.9
 Ulaanbaatar,45-49,Total,2009,80.6
 Ulaanbaatar,45-49, Male,2025,85.6
 Ulaanbaatar,45-49, Male,2024,86.6
 Ulaanbaatar,45-49, Male,2023,81.4
 Ulaanbaatar,45-49, Male,2022,87.1
 Ulaanbaatar,45-49, Male,2021,71.4
 Ulaanbaatar,45-49, Male,2020,74.6
 Ulaanbaatar,45-49, Male,2019,84.1
 Ulaanbaatar,45-49, Male,2018,83.8
 Ulaanbaatar,45-49, Male,2017,79.8
 Ulaanbaatar,45-49, Male,2016,78.8
 Ulaanbaatar,45-49, Male,2015,81.2
 Ulaanbaatar,45-49, Male,2014,81.6
 Ulaanbaatar,45-49, Male,2013,82.1
 Ulaanbaatar,45-49, Male,2012,76.7
 Ulaanbaatar,45-49, Male,2011,80.7
 Ulaanbaatar,45-49, Male,2010,81.9
 Ulaanbaatar,45-49, Male,2009,87.9
 Ulaanbaatar,45-49, Female,2025,75.3
 Ulaanbaatar,45-49, Female,2024,80.5
 Ulaanbaatar,45-49, Female,2023,73.8
 Ulaanbaatar,45-49, Female,2022,74.8
 Ulaanbaatar,45-49, Female,2021,67.0
 Ulaanbaatar,45-49, Female,2020,70.4
 Ulaanbaatar,45-49, Female,2019,70.5
 Ulaanbaatar,45-49, Female,2018,73.3
 Ulaanbaatar,45-49, Female,2017,74.1
 Ulaanbaatar,45-49, Female,2016,72.3
 Ulaanbaatar,45-49, Female,2015,76.2
 Ulaanbaatar,45-49, Female,2014,71.4
 Ulaanbaatar,45-49, Female,2013,75.1
 Ulaanbaatar,45-49, Female,2012,76.1
 Ulaanbaatar,45-49, Female,2011,76.1
 Ulaanbaatar,45-49, Female,2010,72.5
 Ulaanbaatar,45-49, Female,2009,75.2
 Ulaanbaatar,50-54,Total,2025,74.4
 Ulaanbaatar,50-54,Total,2024,75.6
 Ulaanbaatar,50-54,Total,2023,70.9
 Ulaanbaatar,50-54,Total,2022,75.0
 Ulaanbaatar,50-54,Total,2021,62.8
 Ulaanbaatar,50-54,Total,2020,67.3
 Ulaanbaatar,50-54,Total,2019,66.2
 Ulaanbaatar,50-54,Total,2018,63.9
 Ulaanbaatar,50-54,Total,2017,65.0
 Ulaanbaatar,50-54,Total,2016,66.2
 Ulaanbaatar,50-54,Total,2015,63.7
 Ulaanbaatar,50-54,Total,2014,63.5
 Ulaanbaatar,50-54,Total,2013,66.3
 Ulaanbaatar,50-54,Total,2012,63.0
 Ulaanbaatar,50-54,Total,2011,62.5
 Ulaanbaatar,50-54,Total,2010,64.3
 Ulaanbaatar,50-54,Total,2009,63.5
 Ulaanbaatar,50-54, Male,2025,76.9
 Ulaanbaatar,50-54, Male,2024,83.0
 Ulaanbaatar,50-54, Male,2023,76.1
 Ulaanbaatar,50-54, Male,2022,79.0
 Ulaanbaatar,50-54, Male,2021,62.9
 Ulaanbaatar,50-54, Male,2020,65.6
 Ulaanbaatar,50-54, Male,2019,68.0
 Ulaanbaatar,50-54, Male,2018,71.7
 Ulaanbaatar,50-54, Male,2017,73.3
 Ulaanbaatar,50-54, Male,2016,72.3
 Ulaanbaatar,50-54, Male,2015,71.5
 Ulaanbaatar,50-54, Male,2014,70.4
 Ulaanbaatar,50-54, Male,2013,71.5
 Ulaanbaatar,50-54, Male,2012,69.8
 Ulaanbaatar,50-54, Male,2011,71.5
 Ulaanbaatar,50-54, Male,2010,71.9
 Ulaanbaatar,50-54, Male,2009,72.7
 Ulaanbaatar,50-54, Female,2025,71.9
 Ulaanbaatar,50-54, Female,2024,70.4
 Ulaanbaatar,50-54, Female,2023,66.9
 Ulaanbaatar,50-54, Female,2022,71.6
 Ulaanbaatar,50-54, Female,2021,62.7
 Ulaanbaatar,50-54, Female,2020,68.9
 Ulaanbaatar,50-54, Female,2019,64.8
 Ulaanbaatar,50-54, Female,2018,58.0
 Ulaanbaatar,50-54, Female,2017,58.5
 Ulaanbaatar,50-54, Female,2016,60.8
 Ulaanbaatar,50-54, Female,2015,56.9
 Ulaanbaatar,50-54, Female,2014,58.2
 Ulaanbaatar,50-54, Female,2013,62.6
 Ulaanbaatar,50-54, Female,2012,57.5
 Ulaanbaatar,50-54, Female,2011,54.4
 Ulaanbaatar,50-54, Female,2010,57.3
 Ulaanbaatar,50-54, Female,2009,55.0
 Ulaanbaatar,55-59,Total,2025,59.2
 Ulaanbaatar,55-59,Total,2024,51.3
 Ulaanbaatar,55-59,Total,2023,49.2
 Ulaanbaatar,55-59,Total,2022,43.4
 Ulaanbaatar,55-59,Total,2021,37.6
 Ulaanbaatar,55-59,Total,2020,36.0
 Ulaanbaatar,55-59,Total,2019,41.1
 Ulaanbaatar,55-59,Total,2018,37.4
 Ulaanbaatar,55-59,Total,2017,33.3
 Ulaanbaatar,55-59,Total,2016,35.1
 Ulaanbaatar,55-59,Total,2015,33.0
 Ulaanbaatar,55-59,Total,2014,32.9
 Ulaanbaatar,55-59,Total,2013,37.5
 Ulaanbaatar,55-59,Total,2012,36.0
 Ulaanbaatar,55-59,Total,2011,36.8
 Ulaanbaatar,55-59,Total,2010,40.2
 Ulaanbaatar,55-59,Total,2009,33.4
 Ulaanbaatar,55-59, Male,2025,66.0
 Ulaanbaatar,55-59, Male,2024,69.7
 Ulaanbaatar,55-59, Male,2023,63.3
 Ulaanbaatar,55-59, Male,2022,60.7
 Ulaanbaatar,55-59, Male,2021,51.5
 Ulaanbaatar,55-59, Male,2020,48.9
 Ulaanbaatar,55-59, Male,2019,64.6
 Ulaanbaatar,55-59, Male,2018,52.6
 Ulaanbaatar,55-59, Male,2017,46.1
 Ulaanbaatar,55-59, Male,2016,52.5
 Ulaanbaatar,55-59, Male,2015,52.3
 Ulaanbaatar,55-59, Male,2014,48.8
 Ulaanbaatar,55-59, Male,2013,49.4
 Ulaanbaatar,55-59, Male,2012,50.4
 Ulaanbaatar,55-59, Male,2011,51.0
 Ulaanbaatar,55-59, Male,2010,54.7
 Ulaanbaatar,55-59, Male,2009,53.3
 Ulaanbaatar,55-59, Female,2025,53.4
 Ulaanbaatar,55-59, Female,2024,36.3
 Ulaanbaatar,55-59, Female,2023,38.0
 Ulaanbaatar,55-59, Female,2022,29.3
 Ulaanbaatar,55-59, Female,2021,27.9
 Ulaanbaatar,55-59, Female,2020,28.7
 Ulaanbaatar,55-59, Female,2019,26.5
 Ulaanbaatar,55-59, Female,2018,24.6
 Ulaanbaatar,55-59, Female,2017,23.2
 Ulaanbaatar,55-59, Female,2016,22.5
 Ulaanbaatar,55-59, Female,2015,20.1
 Ulaanbaatar,55-59, Female,2014,20.9
 Ulaanbaatar,55-59, Female,2013,29.3
 Ulaanbaatar,55-59, Female,2012,24.8
 Ulaanbaatar,55-59, Female,2011,23.7
 Ulaanbaatar,55-59, Female,2010,27.0
 Ulaanbaatar,55-59, Female,2009,16.9
 Ulaanbaatar,60-64,Total,2025,25.3
 Ulaanbaatar,60-64,Total,2024,27.0
 Ulaanbaatar,60-64,Total,2023,17.1
 Ulaanbaatar,60-64,Total,2022,21.0
 Ulaanbaatar,60-64,Total,2021,13.7
 Ulaanbaatar,60-64,Total,2020,15.0
 Ulaanbaatar,60-64,Total,2019,16.5
 Ulaanbaatar,60-64,Total,2018,9.5
 Ulaanbaatar,60-64,Total,2017,13.0
 Ulaanbaatar,60-64,Total,2016,10.7
 Ulaanbaatar,60-64,Total,2015,10.3
 Ulaanbaatar,60-64,Total,2014,12.0
 Ulaanbaatar,60-64,Total,2013,10.1
 Ulaanbaatar,60-64,Total,2012,10.4
 Ulaanbaatar,60-64,Total,2011,14.6
 Ulaanbaatar,60-64,Total,2010,14.9
 Ulaanbaatar,60-64,Total,2009,10.9
 Ulaanbaatar,60-64, Male,2025,39.2
 Ulaanbaatar,60-64, Male,2024,39.3
 Ulaanbaatar,60-64, Male,2023,21.3
 Ulaanbaatar,60-64, Male,2022,24.0
 Ulaanbaatar,60-64, Male,2021,19.5
 Ulaanbaatar,60-64, Male,2020,24.9
 Ulaanbaatar,60-64, Male,2019,14.9
 Ulaanbaatar,60-64, Male,2018,12.5
 Ulaanbaatar,60-64, Male,2017,15.7
 Ulaanbaatar,60-64, Male,2016,16.0
 Ulaanbaatar,60-64, Male,2015,11.1
 Ulaanbaatar,60-64, Male,2014,16.9
 Ulaanbaatar,60-64, Male,2013,12.5
 Ulaanbaatar,60-64, Male,2012,16.4
 Ulaanbaatar,60-64, Male,2011,20.1
 Ulaanbaatar,60-64, Male,2010,22.3
 Ulaanbaatar,60-64, Male,2009,14.0
 Ulaanbaatar,60-64, Female,2025,14.9
 Ulaanbaatar,60-64, Female,2024,19.6
 Ulaanbaatar,60-64, Female,2023,14.4
 Ulaanbaatar,60-64, Female,2022,18.8
 Ulaanbaatar,60-64, Female,2021,8.8
 Ulaanbaatar,60-64, Female,2020,9.0
 Ulaanbaatar,60-64, Female,2019,17.4
 Ulaanbaatar,60-64, Female,2018,7.5
 Ulaanbaatar,60-64, Female,2017,11.2
 Ulaanbaatar,60-64, Female,2016,6.9
 Ulaanbaatar,60-64, Female,2015,9.7
 Ulaanbaatar,60-64, Female,2014,8.3
 Ulaanbaatar,60-64, Female,2013,8.1
 Ulaanbaatar,60-64, Female,2012,5.5
 Ulaanbaatar,60-64, Female,2011,10.3
 Ulaanbaatar,60-64, Female,2010,9.1
 Ulaanbaatar,60-64, Female,2009,8.5
 Ulaanbaatar,65-69,Total,2025,15.3
 Ulaanbaatar,65-69,Total,2024,11.8
 Ulaanbaatar,65-69,Total,2023,10.8
 Ulaanbaatar,65-69,Total,2022,4.3
 Ulaanbaatar,65-69,Total,2021,8.3
 Ulaanbaatar,65-69,Total,2020,11.4
 Ulaanbaatar,65-69,Total,2019,4.7
 Ulaanbaatar,65-69,Total,2018,4.8
 Ulaanbaatar,65-69,Total,2017,5.3
 Ulaanbaatar,65-69,Total,2016,7.1
 Ulaanbaatar,65-69,Total,2015,4.6
 Ulaanbaatar,65-69,Total,2014,5.5
 Ulaanbaatar,65-69,Total,2013,2.0
 Ulaanbaatar,65-69,Total,2012,8.3
 Ulaanbaatar,65-69,Total,2011,6.3
 Ulaanbaatar,65-69,Total,2010,7.4
 Ulaanbaatar,65-69,Total,2009,3.8
 Ulaanbaatar,65-69, Male,2025,25.4
 Ulaanbaatar,65-69, Male,2024,10.5
 Ulaanbaatar,65-69, Male,2023,10.8
 Ulaanbaatar,65-69, Male,2022,7.5
 Ulaanbaatar,65-69, Male,2021,13.4
 Ulaanbaatar,65-69, Male,2020,18.4
 Ulaanbaatar,65-69, Male,2019,5.2
 Ulaanbaatar,65-69, Male,2018,7.5
 Ulaanbaatar,65-69, Male,2017,6.1
 Ulaanbaatar,65-69, Male,2016,11.3
 Ulaanbaatar,65-69, Male,2015,5.3
 Ulaanbaatar,65-69, Male,2014,6.4
 Ulaanbaatar,65-69, Male,2013,4.8
 Ulaanbaatar,65-69, Male,2012,12.2
 Ulaanbaatar,65-69, Male,2011,10.2
 Ulaanbaatar,65-69, Male,2010,10.7
 Ulaanbaatar,65-69, Male,2009,3.8
 Ulaanbaatar,65-69, Female,2025,10.0
 Ulaanbaatar,65-69, Female,2024,13.0
 Ulaanbaatar,65-69, Female,2023,10.8
 Ulaanbaatar,65-69, Female,2022,2.2
 Ulaanbaatar,65-69, Female,2021,4.8
 Ulaanbaatar,65-69, Female,2020,7.1
 Ulaanbaatar,65-69, Female,2019,4.4
 Ulaanbaatar,65-69, Female,2018,3.0
 Ulaanbaatar,65-69, Female,2017,4.7
 Ulaanbaatar,65-69, Female,2016,3.8
 Ulaanbaatar,65-69, Female,2015,4.2
 Ulaanbaatar,65-69, Female,2014,4.9
 Ulaanbaatar,65-69, Female,2013,0.0
 Ulaanbaatar,65-69, Female,2012,5.2
 Ulaanbaatar,65-69, Female,2011,3.5
 Ulaanbaatar,65-69, Female,2010,4.5
 Ulaanbaatar,65-69, Female,2009,3.7
 Ulaanbaatar,70+,Total,2025,4.0
 Ulaanbaatar,70+,Total,2024,1.8
 Ulaanbaatar,70+,Total,2023,2.8
 Ulaanbaatar,70+,Total,2022,2.6
 Ulaanbaatar,70+,Total,2021,1.4
 Ulaanbaatar,70+,Total,2020,4.1
 Ulaanbaatar,70+,Total,2019,5.0
 Ulaanbaatar,70+,Total,2018,2.4
 Ulaanbaatar,70+,Total,2017,1.2
 Ulaanbaatar,70+,Total,2016,1.2
 Ulaanbaatar,70+,Total,2015,1.5
 Ulaanbaatar,70+,Total,2014,3.4
 Ulaanbaatar,70+,Total,2013,0.2
 Ulaanbaatar,70+,Total,2012,3.5
 Ulaanbaatar,70+,Total,2011,5.2
 Ulaanbaatar,70+,Total,2010,2.4
 Ulaanbaatar,70+,Total,2009,2.3
 Ulaanbaatar,70+, Male,2025,2.8
 Ulaanbaatar,70+, Male,2024,3.9
 Ulaanbaatar,70+, Male,2023,4.9
 Ulaanbaatar,70+, Male,2022,3.3
 Ulaanbaatar,70+, Male,2021,2.1
 Ulaanbaatar,70+, Male,2020,9.7
 Ulaanbaatar,70+, Male,2019,6.1
 Ulaanbaatar,70+, Male,2018,3.0
 Ulaanbaatar,70+, Male,2017,1.1
 Ulaanbaatar,70+, Male,2016,2.5
 Ulaanbaatar,70+, Male,2015,3.4
 Ulaanbaatar,70+, Male,2014,6.6
 Ulaanbaatar,70+, Male,2013,0.4
 Ulaanbaatar,70+, Male,2012,4.2
 Ulaanbaatar,70+, Male,2011,6.1
 Ulaanbaatar,70+, Male,2010,3.0
 Ulaanbaatar,70+, Male,2009,2.8
 Ulaanbaatar,70+, Female,2025,4.7
 Ulaanbaatar,70+, Female,2024,0.6
 Ulaanbaatar,70+, Female,2023,1.4
 Ulaanbaatar,70+, Female,2022,2.0
 Ulaanbaatar,70+, Female,2021,1.0
 Ulaanbaatar,70+, Female,2020,0.9
 Ulaanbaatar,70+, Female,2019,4.4
 Ulaanbaatar,70+, Female,2018,1.9
 Ulaanbaatar,70+, Female,2017,1.2
 Ulaanbaatar,70+, Female,2016,0.4
 Ulaanbaatar,70+, Female,2015,0.3
 Ulaanbaatar,70+, Female,2014,1.2
 Ulaanbaatar,70+, Female,2013,0.0
 Ulaanbaatar,70+, Female,2012,3.0
 Ulaanbaatar,70+, Female,2011,4.6
 Ulaanbaatar,70+, Female,2010,2.0
 Ulaanbaatar,70+, Female,2009,2.0
