Бүс,Насны бүлэг,Хүйс,Он,value
Улсын дүн,Бүгд,Нийт,2025,61.1
Улсын дүн,Бүгд,Нийт,2024,61.3
Улсын дүн,Бүгд,Нийт,2023,59.5
Улсын дүн,Бүгд,Нийт,2022,60.3
Улсын дүн,Бүгд,Нийт,2021,59.1
Улсын дүн,Бүгд,Нийт,2020,61.1
Улсын дүн,Бүгд,Нийт,2019,62.8
Улсын дүн,Бүгд,Нийт,2018,61.0
Улсын дүн,Бүгд,Нийт,2017,61.1
Улсын дүн,Бүгд,Нийт,2016,60.5
Улсын дүн,Бүгд,Нийт,2015,61.5
Улсын дүн,Бүгд,Нийт,2014,62.2
Улсын дүн,Бүгд,Нийт,2013,61.9
Улсын дүн,Бүгд,Нийт,2012,63.5
Улсын дүн,Бүгд,Нийт,2011,62.5
Улсын дүн,Бүгд,Нийт,2010,61.6
Улсын дүн,Бүгд,Нийт,2009,61.4
Улсын дүн,Бүгд,Эрэгтэй,2025,69.7
Улсын дүн,Бүгд,Эрэгтэй,2024,69.7
Улсын дүн,Бүгд,Эрэгтэй,2023,67.9
Улсын дүн,Бүгд,Эрэгтэй,2022,68.1
Улсын дүн,Бүгд,Эрэгтэй,2021,67.1
Улсын дүн,Бүгд,Эрэгтэй,2020,68.7
Улсын дүн,Бүгд,Эрэгтэй,2019,70.4
Улсын дүн,Бүгд,Эрэгтэй,2018,69.5
Улсын дүн,Бүгд,Эрэгтэй,2017,67.5
Улсын дүн,Бүгд,Эрэгтэй,2016,67.3
Улсын дүн,Бүгд,Эрэгтэй,2015,68.1
Улсын дүн,Бүгд,Эрэгтэй,2014,68.6
Улсын дүн,Бүгд,Эрэгтэй,2013,68.1
Улсын дүн,Бүгд,Эрэгтэй,2012,69.1
Улсын дүн,Бүгд,Эрэгтэй,2011,68.7
Улсын дүн,Бүгд,Эрэгтэй,2010,67.2
Улсын дүн,Бүгд,Эрэгтэй,2009,66.7
Улсын дүн,Бүгд,Эмэгтэй,2025,52.9
Улсын дүн,Бүгд,Эмэгтэй,2024,53.5
Улсын дүн,Бүгд,Эмэгтэй,2023,51.9
Улсын дүн,Бүгд,Эмэгтэй,2022,53.1
Улсын дүн,Бүгд,Эмэгтэй,2021,51.8
Улсын дүн,Бүгд,Эмэгтэй,2020,54.1
Улсын дүн,Бүгд,Эмэгтэй,2019,55.7
Улсын дүн,Бүгд,Эмэгтэй,2018,53.4
Улсын дүн,Бүгд,Эмэгтэй,2017,55.2
Улсын дүн,Бүгд,Эмэгтэй,2016,54.2
Улсын дүн,Бүгд,Эмэгтэй,2015,55.4
Улсын дүн,Бүгд,Эмэгтэй,2014,56.2
Улсын дүн,Бүгд,Эмэгтэй,2013,56.3
Улсын дүн,Бүгд,Эмэгтэй,2012,58.4
Улсын дүн,Бүгд,Эмэгтэй,2011,56.8
Улсын дүн,Бүгд,Эмэгтэй,2010,56.2
Улсын дүн,Бүгд,Эмэгтэй,2009,56.5
Улсын дүн,15-19,Нийт,2025,7.7
Улсын дүн,15-19,Нийт,2024,8.6
Улсын дүн,15-19,Нийт,2023,9.7
Улсын дүн,15-19,Нийт,2022,9.7
Улсын дүн,15-19,Нийт,2021,10.5
Улсын дүн,15-19,Нийт,2020,12.4
Улсын дүн,15-19,Нийт,2019,12.1
Улсын дүн,15-19,Нийт,2018,10.6
Улсын дүн,15-19,Нийт,2017,10.0
Улсын дүн,15-19,Нийт,2016,9.5
Улсын дүн,15-19,Нийт,2015,10.8
Улсын дүн,15-19,Нийт,2014,11.7
Улсын дүн,15-19,Нийт,2013,13.7
Улсын дүн,15-19,Нийт,2012,27.9
Улсын дүн,15-19,Нийт,2011,17.8
Улсын дүн,15-19,Нийт,2010,16.0
Улсын дүн,15-19,Нийт,2009,17.8
Улсын дүн,15-19,Эрэгтэй,2025,10.6
Улсын дүн,15-19,Эрэгтэй,2024,11.5
Улсын дүн,15-19,Эрэгтэй,2023,13.9
Улсын дүн,15-19,Эрэгтэй,2022,12.4
Улсын дүн,15-19,Эрэгтэй,2021,14.9
Улсын дүн,15-19,Эрэгтэй,2020,17.3
Улсын дүн,15-19,Эрэгтэй,2019,17.6
Улсын дүн,15-19,Эрэгтэй,2018,15.8
Улсын дүн,15-19,Эрэгтэй,2017,12.9
Улсын дүн,15-19,Эрэгтэй,2016,12.0
Улсын дүн,15-19,Эрэгтэй,2015,13.7
Улсын дүн,15-19,Эрэгтэй,2014,14.9
Улсын дүн,15-19,Эрэгтэй,2013,16.6
Улсын дүн,15-19,Эрэгтэй,2012,30.8
Улсын дүн,15-19,Эрэгтэй,2011,21.8
Улсын дүн,15-19,Эрэгтэй,2010,18.8
Улсын дүн,15-19,Эрэгтэй,2009,21.6
Улсын дүн,15-19,Эмэгтэй,2025,4.5
Улсын дүн,15-19,Эмэгтэй,2024,5.7
Улсын дүн,15-19,Эмэгтэй,2023,5.3
Улсын дүн,15-19,Эмэгтэй,2022,6.5
Улсын дүн,15-19,Эмэгтэй,2021,5.5
Улсын дүн,15-19,Эмэгтэй,2020,7.4
Улсын дүн,15-19,Эмэгтэй,2019,6.2
Улсын дүн,15-19,Эмэгтэй,2018,5.3
Улсын дүн,15-19,Эмэгтэй,2017,6.9
Улсын дүн,15-19,Эмэгтэй,2016,6.9
Улсын дүн,15-19,Эмэгтэй,2015,7.7
Улсын дүн,15-19,Эмэгтэй,2014,8.4
Улсын дүн,15-19,Эмэгтэй,2013,10.7
Улсын дүн,15-19,Эмэгтэй,2012,25.0
Улсын дүн,15-19,Эмэгтэй,2011,13.8
Улсын дүн,15-19,Эмэгтэй,2010,13.0
Улсын дүн,15-19,Эмэгтэй,2009,13.7
Улсын дүн,20-24,Нийт,2025,54.8
Улсын дүн,20-24,Нийт,2024,52.7
Улсын дүн,20-24,Нийт,2023,49.9
Улсын дүн,20-24,Нийт,2022,53.6
Улсын дүн,20-24,Нийт,2021,47.1
Улсын дүн,20-24,Нийт,2020,54.3
Улсын дүн,20-24,Нийт,2019,58.3
Улсын дүн,20-24,Нийт,2018,52.9
Улсын дүн,20-24,Нийт,2017,49.8
Улсын дүн,20-24,Нийт,2016,52.1
Улсын дүн,20-24,Нийт,2015,53.0
Улсын дүн,20-24,Нийт,2014,54.0
Улсын дүн,20-24,Нийт,2013,53.2
Улсын дүн,20-24,Нийт,2012,53.7
Улсын дүн,20-24,Нийт,2011,52.1
Улсын дүн,20-24,Нийт,2010,52.1
Улсын дүн,20-24,Нийт,2009,54.6
Улсын дүн,20-24,Эрэгтэй,2025,65.9
Улсын дүн,20-24,Эрэгтэй,2024,64.1
Улсын дүн,20-24,Эрэгтэй,2023,62.8
Улсын дүн,20-24,Эрэгтэй,2022,63.0
Улсын дүн,20-24,Эрэгтэй,2021,57.0
Улсын дүн,20-24,Эрэгтэй,2020,61.4
Улсын дүн,20-24,Эрэгтэй,2019,65.2
Улсын дүн,20-24,Эрэгтэй,2018,61.7
Улсын дүн,20-24,Эрэгтэй,2017,57.0
Улсын дүн,20-24,Эрэгтэй,2016,61.7
Улсын дүн,20-24,Эрэгтэй,2015,60.5
Улсын дүн,20-24,Эрэгтэй,2014,61.1
Улсын дүн,20-24,Эрэгтэй,2013,62.1
Улсын дүн,20-24,Эрэгтэй,2012,60.4
Улсын дүн,20-24,Эрэгтэй,2011,59.8
Улсын дүн,20-24,Эрэгтэй,2010,59.7
Улсын дүн,20-24,Эрэгтэй,2009,61.5
Улсын дүн,20-24,Эмэгтэй,2025,42.8
Улсын дүн,20-24,Эмэгтэй,2024,40.1
Улсын дүн,20-24,Эмэгтэй,2023,35.2
Улсын дүн,20-24,Эмэгтэй,2022,44.4
Улсын дүн,20-24,Эмэгтэй,2021,37.3
Улсын дүн,20-24,Эмэгтэй,2020,46.6
Улсын дүн,20-24,Эмэгтэй,2019,50.4
Улсын дүн,20-24,Эмэгтэй,2018,44.0
Улсын дүн,20-24,Эмэгтэй,2017,41.9
Улсын дүн,20-24,Эмэгтэй,2016,41.9
Улсын дүн,20-24,Эмэгтэй,2015,45.5
Улсын дүн,20-24,Эмэгтэй,2014,46.5
Улсын дүн,20-24,Эмэгтэй,2013,45.1
Улсын дүн,20-24,Эмэгтэй,2012,46.7
Улсын дүн,20-24,Эмэгтэй,2011,44.6
Улсын дүн,20-24,Эмэгтэй,2010,44.7
Улсын дүн,20-24,Эмэгтэй,2009,48.0
Улсын дүн,25-29,Нийт,2025,79.2
Улсын дүн,25-29,Нийт,2024,79.5
Улсын дүн,25-29,Нийт,2023,77.2
Улсын дүн,25-29,Нийт,2022,78.7
Улсын дүн,25-29,Нийт,2021,76.7
Улсын дүн,25-29,Нийт,2020,78.6
Улсын дүн,25-29,Нийт,2019,76.6
Улсын дүн,25-29,Нийт,2018,73.7
Улсын дүн,25-29,Нийт,2017,74.3
Улсын дүн,25-29,Нийт,2016,76.1
Улсын дүн,25-29,Нийт,2015,75.3
Улсын дүн,25-29,Нийт,2014,78.5
Улсын дүн,25-29,Нийт,2013,78.0
Улсын дүн,25-29,Нийт,2012,77.3
Улсын дүн,25-29,Нийт,2011,75.7
Улсын дүн,25-29,Нийт,2010,75.7
Улсын дүн,25-29,Нийт,2009,75.3
Улсын дүн,25-29,Эрэгтэй,2025,94.2
Улсын дүн,25-29,Эрэгтэй,2024,93.5
Улсын дүн,25-29,Эрэгтэй,2023,89.5
Улсын дүн,25-29,Эрэгтэй,2022,86.8
Улсын дүн,25-29,Эрэгтэй,2021,87.6
Улсын дүн,25-29,Эрэгтэй,2020,86.2
Улсын дүн,25-29,Эрэгтэй,2019,88.0
Улсын дүн,25-29,Эрэгтэй,2018,87.2
Улсын дүн,25-29,Эрэгтэй,2017,84.5
Улсын дүн,25-29,Эрэгтэй,2016,86.4
Улсын дүн,25-29,Эрэгтэй,2015,86.2
Улсын дүн,25-29,Эрэгтэй,2014,88.0
Улсын дүн,25-29,Эрэгтэй,2013,87.1
Улсын дүн,25-29,Эрэгтэй,2012,86.3
Улсын дүн,25-29,Эрэгтэй,2011,84.9
Улсын дүн,25-29,Эрэгтэй,2010,84.6
Улсын дүн,25-29,Эрэгтэй,2009,85.0
Улсын дүн,25-29,Эмэгтэй,2025,63.3
Улсын дүн,25-29,Эмэгтэй,2024,65.6
Улсын дүн,25-29,Эмэгтэй,2023,66.3
Улсын дүн,25-29,Эмэгтэй,2022,70.5
Улсын дүн,25-29,Эмэгтэй,2021,65.5
Улсын дүн,25-29,Эмэгтэй,2020,70.6
Улсын дүн,25-29,Эмэгтэй,2019,65.4
Улсын дүн,25-29,Эмэгтэй,2018,61.5
Улсын дүн,25-29,Эмэгтэй,2017,64.8
Улсын дүн,25-29,Эмэгтэй,2016,66.5
Улсын дүн,25-29,Эмэгтэй,2015,65.1
Улсын дүн,25-29,Эмэгтэй,2014,69.4
Улсын дүн,25-29,Эмэгтэй,2013,69.8
Улсын дүн,25-29,Эмэгтэй,2012,68.8
Улсын дүн,25-29,Эмэгтэй,2011,66.6
Улсын дүн,25-29,Эмэгтэй,2010,67.2
Улсын дүн,25-29,Эмэгтэй,2009,65.8
Улсын дүн,30-34,Нийт,2025,84.2
Улсын дүн,30-34,Нийт,2024,83.5
Улсын дүн,30-34,Нийт,2023,78.8
Улсын дүн,30-34,Нийт,2022,78.0
Улсын дүн,30-34,Нийт,2021,78.3
Улсын дүн,30-34,Нийт,2020,78.4
Улсын дүн,30-34,Нийт,2019,80.1
Улсын дүн,30-34,Нийт,2018,80.8
Улсын дүн,30-34,Нийт,2017,80.7
Улсын дүн,30-34,Нийт,2016,79.0
Улсын дүн,30-34,Нийт,2015,81.7
Улсын дүн,30-34,Нийт,2014,82.4
Улсын дүн,30-34,Нийт,2013,80.7
Улсын дүн,30-34,Нийт,2012,81.5
Улсын дүн,30-34,Нийт,2011,80.8
Улсын дүн,30-34,Нийт,2010,80.9
Улсын дүн,30-34,Нийт,2009,81.5
Улсын дүн,30-34,Эрэгтэй,2025,94.2
Улсын дүн,30-34,Эрэгтэй,2024,92.7
Улсын дүн,30-34,Эрэгтэй,2023,87.9
Улсын дүн,30-34,Эрэгтэй,2022,91.1
Улсын дүн,30-34,Эрэгтэй,2021,92.1
Улсын дүн,30-34,Эрэгтэй,2020,88.9
Улсын дүн,30-34,Эрэгтэй,2019,89.9
Улсын дүн,30-34,Эрэгтэй,2018,92.7
Улсын дүн,30-34,Эрэгтэй,2017,89.8
Улсын дүн,30-34,Эрэгтэй,2016,88.9
Улсын дүн,30-34,Эрэгтэй,2015,90.8
Улсын дүн,30-34,Эрэгтэй,2014,91.3
Улсын дүн,30-34,Эрэгтэй,2013,89.3
Улсын дүн,30-34,Эрэгтэй,2012,88.4
Улсын дүн,30-34,Эрэгтэй,2011,88.1
Улсын дүн,30-34,Эрэгтэй,2010,89.3
Улсын дүн,30-34,Эрэгтэй,2009,89.2
Улсын дүн,30-34,Эмэгтэй,2025,74.0
Улсын дүн,30-34,Эмэгтэй,2024,74.1
Улсын дүн,30-34,Эмэгтэй,2023,69.9
Улсын дүн,30-34,Эмэгтэй,2022,66.1
Улсын дүн,30-34,Эмэгтэй,2021,65.8
Улсын дүн,30-34,Эмэгтэй,2020,68.3
Улсын дүн,30-34,Эмэгтэй,2019,71.8
Улсын дүн,30-34,Эмэгтэй,2018,69.5
Улсын дүн,30-34,Эмэгтэй,2017,72.3
Улсын дүн,30-34,Эмэгтэй,2016,69.7
Улсын дүн,30-34,Эмэгтэй,2015,73.4
Улсын дүн,30-34,Эмэгтэй,2014,74.3
Улсын дүн,30-34,Эмэгтэй,2013,72.4
Улсын дүн,30-34,Эмэгтэй,2012,74.9
Улсын дүн,30-34,Эмэгтэй,2011,74.2
Улсын дүн,30-34,Эмэгтэй,2010,73.1
Улсын дүн,30-34,Эмэгтэй,2009,74.7
Улсын дүн,35-39,Нийт,2025,84.0
Улсын дүн,35-39,Нийт,2024,83.5
Улсын дүн,35-39,Нийт,2023,79.1
Улсын дүн,35-39,Нийт,2022,79.2
Улсын дүн,35-39,Нийт,2021,80.8
Улсын дүн,35-39,Нийт,2020,81.1
Улсын дүн,35-39,Нийт,2019,82.9
Улсын дүн,35-39,Нийт,2018,83.1
Улсын дүн,35-39,Нийт,2017,82.2
Улсын дүн,35-39,Нийт,2016,82.7
Улсын дүн,35-39,Нийт,2015,84.3
Улсын дүн,35-39,Нийт,2014,85.4
Улсын дүн,35-39,Нийт,2013,84.1
Улсын дүн,35-39,Нийт,2012,85.4
Улсын дүн,35-39,Нийт,2011,85.1
Улсын дүн,35-39,Нийт,2010,84.9
Улсын дүн,35-39,Нийт,2009,84.7
Улсын дүн,35-39,Эрэгтэй,2025,95.0
Улсын дүн,35-39,Эрэгтэй,2024,91.6
Улсын дүн,35-39,Эрэгтэй,2023,89.5
Улсын дүн,35-39,Эрэгтэй,2022,89.5
Улсын дүн,35-39,Эрэгтэй,2021,88.3
Улсын дүн,35-39,Эрэгтэй,2020,88.8
Улсын дүн,35-39,Эрэгтэй,2019,90.0
Улсын дүн,35-39,Эрэгтэй,2018,91.5
Улсын дүн,35-39,Эрэгтэй,2017,89.0
Улсын дүн,35-39,Эрэгтэй,2016,87.9
Улсын дүн,35-39,Эрэгтэй,2015,90.4
Улсын дүн,35-39,Эрэгтэй,2014,91.2
Улсын дүн,35-39,Эрэгтэй,2013,89.0
Улсын дүн,35-39,Эрэгтэй,2012,89.9
Улсын дүн,35-39,Эрэгтэй,2011,90.3
Улсын дүн,35-39,Эрэгтэй,2010,89.7
Улсын дүн,35-39,Эрэгтэй,2009,89.1
Улсын дүн,35-39,Эмэгтэй,2025,73.0
Улсын дүн,35-39,Эмэгтэй,2024,75.9
Улсын дүн,35-39,Эмэгтэй,2023,68.6
Улсын дүн,35-39,Эмэгтэй,2022,69.5
Улсын дүн,35-39,Эмэгтэй,2021,73.2
Улсын дүн,35-39,Эмэгтэй,2020,73.9
Улсын дүн,35-39,Эмэгтэй,2019,76.2
Улсын дүн,35-39,Эмэгтэй,2018,75.5
Улсын дүн,35-39,Эмэгтэй,2017,76.0
Улсын дүн,35-39,Эмэгтэй,2016,77.7
Улсын дүн,35-39,Эмэгтэй,2015,78.8
Улсын дүн,35-39,Эмэгтэй,2014,80.0
Улсын дүн,35-39,Эмэгтэй,2013,79.7
Улсын дүн,35-39,Эмэгтэй,2012,81.4
Улсын дүн,35-39,Эмэгтэй,2011,80.5
Улсын дүн,35-39,Эмэгтэй,2010,80.7
Улсын дүн,35-39,Эмэгтэй,2009,80.7
Улсын дүн,40-44,Нийт,2025,86.3
Улсын дүн,40-44,Нийт,2024,86.4
Улсын дүн,40-44,Нийт,2023,82.8
Улсын дүн,40-44,Нийт,2022,83.4
Улсын дүн,40-44,Нийт,2021,81.1
Улсын дүн,40-44,Нийт,2020,81.1
Улсын дүн,40-44,Нийт,2019,85.5
Улсын дүн,40-44,Нийт,2018,84.4
Улсын дүн,40-44,Нийт,2017,84.2
Улсын дүн,40-44,Нийт,2016,82.7
Улсын дүн,40-44,Нийт,2015,86.0
Улсын дүн,40-44,Нийт,2014,86.1
Улсын дүн,40-44,Нийт,2013,85.1
Улсын дүн,40-44,Нийт,2012,86.0
Улсын дүн,40-44,Нийт,2011,86.4
Улсын дүн,40-44,Нийт,2010,85.8
Улсын дүн,40-44,Нийт,2009,87.6
Улсын дүн,40-44,Эрэгтэй,2025,91.5
Улсын дүн,40-44,Эрэгтэй,2024,91.9
Улсын дүн,40-44,Эрэгтэй,2023,87.5
Улсын дүн,40-44,Эрэгтэй,2022,88.9
Улсын дүн,40-44,Эрэгтэй,2021,84.7
Улсын дүн,40-44,Эрэгтэй,2020,88.2
Улсын дүн,40-44,Эрэгтэй,2019,89.7
Улсын дүн,40-44,Эрэгтэй,2018,89.5
Улсын дүн,40-44,Эрэгтэй,2017,88.6
Улсын дүн,40-44,Эрэгтэй,2016,86.1
Улсын дүн,40-44,Эрэгтэй,2015,89.6
Улсын дүн,40-44,Эрэгтэй,2014,90.1
Улсын дүн,40-44,Эрэгтэй,2013,88.1
Улсын дүн,40-44,Эрэгтэй,2012,87.6
Улсын дүн,40-44,Эрэгтэй,2011,89.4
Улсын дүн,40-44,Эрэгтэй,2010,88.7
Улсын дүн,40-44,Эрэгтэй,2009,90.2
Улсын дүн,40-44,Эмэгтэй,2025,81.0
Улсын дүн,40-44,Эмэгтэй,2024,81.1
Улсын дүн,40-44,Эмэгтэй,2023,78.2
Улсын дүн,40-44,Эмэгтэй,2022,78.1
Улсын дүн,40-44,Эмэгтэй,2021,77.8
Улсын дүн,40-44,Эмэгтэй,2020,74.9
Улсын дүн,40-44,Эмэгтэй,2019,81.3
Улсын дүн,40-44,Эмэгтэй,2018,79.8
Улсын дүн,40-44,Эмэгтэй,2017,80.0
Улсын дүн,40-44,Эмэгтэй,2016,79.4
Улсын дүн,40-44,Эмэгтэй,2015,82.7
Улсын дүн,40-44,Эмэгтэй,2014,82.4
Улсын дүн,40-44,Эмэгтэй,2013,82.2
Улсын дүн,40-44,Эмэгтэй,2012,84.5
Улсын дүн,40-44,Эмэгтэй,2011,83.6
Улсын дүн,40-44,Эмэгтэй,2010,83.3
Улсын дүн,40-44,Эмэгтэй,2009,85.2
Улсын дүн,45-49,Нийт,2025,85.5
Улсын дүн,45-49,Нийт,2024,86.8
Улсын дүн,45-49,Нийт,2023,82.9
Улсын дүн,45-49,Нийт,2022,82.9
Улсын дүн,45-49,Нийт,2021,78.4
Улсын дүн,45-49,Нийт,2020,81.2
Улсын дүн,45-49,Нийт,2019,83.1
Улсын дүн,45-49,Нийт,2018,84.4
Улсын дүн,45-49,Нийт,2017,83.0
Улсын дүн,45-49,Нийт,2016,81.9
Улсын дүн,45-49,Нийт,2015,84.3
Улсын дүн,45-49,Нийт,2014,82.2
Улсын дүн,45-49,Нийт,2013,84.0
Улсын дүн,45-49,Нийт,2012,82.1
Улсын дүн,45-49,Нийт,2011,83.2
Улсын дүн,45-49,Нийт,2010,83.1
Улсын дүн,45-49,Нийт,2009,84.5
Улсын дүн,45-49,Эрэгтэй,2025,89.0
Улсын дүн,45-49,Эрэгтэй,2024,88.0
Улсын дүн,45-49,Эрэгтэй,2023,85.0
Улсын дүн,45-49,Эрэгтэй,2022,87.3
Улсын дүн,45-49,Эрэгтэй,2021,80.9
Улсын дүн,45-49,Эрэгтэй,2020,82.8
Улсын дүн,45-49,Эрэгтэй,2019,86.2
Улсын дүн,45-49,Эрэгтэй,2018,87.7
Улсын дүн,45-49,Эрэгтэй,2017,85.6
Улсын дүн,45-49,Эрэгтэй,2016,83.7
Улсын дүн,45-49,Эрэгтэй,2015,86.0
Улсын дүн,45-49,Эрэгтэй,2014,85.0
Улсын дүн,45-49,Эрэгтэй,2013,87.2
Улсын дүн,45-49,Эрэгтэй,2012,83.7
Улсын дүн,45-49,Эрэгтэй,2011,85.9
Улсын дүн,45-49,Эрэгтэй,2010,86.3
Улсын дүн,45-49,Эрэгтэй,2009,88.0
Улсын дүн,45-49,Эмэгтэй,2025,82.4
Улсын дүн,45-49,Эмэгтэй,2024,85.6
Улсын дүн,45-49,Эмэгтэй,2023,80.9
Улсын дүн,45-49,Эмэгтэй,2022,79.0
Улсын дүн,45-49,Эмэгтэй,2021,75.9
Улсын дүн,45-49,Эмэгтэй,2020,79.6
Улсын дүн,45-49,Эмэгтэй,2019,80.1
Улсын дүн,45-49,Эмэгтэй,2018,81.4
Улсын дүн,45-49,Эмэгтэй,2017,80.7
Улсын дүн,45-49,Эмэгтэй,2016,80.4
Улсын дүн,45-49,Эмэгтэй,2015,82.7
Улсын дүн,45-49,Эмэгтэй,2014,79.8
Улсын дүн,45-49,Эмэгтэй,2013,81.1
Улсын дүн,45-49,Эмэгтэй,2012,80.6
Улсын дүн,45-49,Эмэгтэй,2011,80.9
Улсын дүн,45-49,Эмэгтэй,2010,80.1
Улсын дүн,45-49,Эмэгтэй,2009,81.5
Улсын дүн,50-54,Нийт,2025,79.4
Улсын дүн,50-54,Нийт,2024,79.1
Улсын дүн,50-54,Нийт,2023,74.4
Улсын дүн,50-54,Нийт,2022,76.2
Улсын дүн,50-54,Нийт,2021,73.2
Улсын дүн,50-54,Нийт,2020,73.8
Улсын дүн,50-54,Нийт,2019,74.3
Улсын дүн,50-54,Нийт,2018,73.0
Улсын дүн,50-54,Нийт,2017,73.3
Улсын дүн,50-54,Нийт,2016,72.5
Улсын дүн,50-54,Нийт,2015,72.0
Улсын дүн,50-54,Нийт,2014,71.3
Улсын дүн,50-54,Нийт,2013,72.1
Улсын дүн,50-54,Нийт,2012,71.4
Улсын дүн,50-54,Нийт,2011,71.7
Улсын дүн,50-54,Нийт,2010,72.4
Улсын дүн,50-54,Нийт,2009,71.1
Улсын дүн,50-54,Эрэгтэй,2025,82.6
Улсын дүн,50-54,Эрэгтэй,2024,83.5
Улсын дүн,50-54,Эрэгтэй,2023,77.6
Улсын дүн,50-54,Эрэгтэй,2022,79.0
Улсын дүн,50-54,Эрэгтэй,2021,76.3
Улсын дүн,50-54,Эрэгтэй,2020,74.7
Улсын дүн,50-54,Эрэгтэй,2019,78.9
Улсын дүн,50-54,Эрэгтэй,2018,79.5
Улсын дүн,50-54,Эрэгтэй,2017,80.2
Улсын дүн,50-54,Эрэгтэй,2016,79.3
Улсын дүн,50-54,Эрэгтэй,2015,79.3
Улсын дүн,50-54,Эрэгтэй,2014,77.4
Улсын дүн,50-54,Эрэгтэй,2013,77.5
Улсын дүн,50-54,Эрэгтэй,2012,77.3
Улсын дүн,50-54,Эрэгтэй,2011,79.1
Улсын дүн,50-54,Эрэгтэй,2010,79.0
Улсын дүн,50-54,Эрэгтэй,2009,77.4
Улсын дүн,50-54,Эмэгтэй,2025,76.2
Улсын дүн,50-54,Эмэгтэй,2024,75.4
Улсын дүн,50-54,Эмэгтэй,2023,71.6
Улсын дүн,50-54,Эмэгтэй,2022,73.7
Улсын дүн,50-54,Эмэгтэй,2021,70.5
Улсын дүн,50-54,Эмэгтэй,2020,73.0
Улсын дүн,50-54,Эмэгтэй,2019,70.2
Улсын дүн,50-54,Эмэгтэй,2018,67.4
Улсын дүн,50-54,Эмэгтэй,2017,67.5
Улсын дүн,50-54,Эмэгтэй,2016,66.4
Улсын дүн,50-54,Эмэгтэй,2015,65.5
Улсын дүн,50-54,Эмэгтэй,2014,65.7
Улсын дүн,50-54,Эмэгтэй,2013,67.7
Улсын дүн,50-54,Эмэгтэй,2012,66.5
Улсын дүн,50-54,Эмэгтэй,2011,64.6
Улсын дүн,50-54,Эмэгтэй,2010,66.1
Улсын дүн,50-54,Эмэгтэй,2009,65.1
Улсын дүн,55-59,Нийт,2025,58.5
Улсын дүн,55-59,Нийт,2024,53.8
Улсын дүн,55-59,Нийт,2023,53.3
Улсын дүн,55-59,Нийт,2022,47.5
Улсын дүн,55-59,Нийт,2021,46.4
Улсын дүн,55-59,Нийт,2020,48.1
Улсын дүн,55-59,Нийт,2019,50.3
Улсын дүн,55-59,Нийт,2018,48.5
Улсын дүн,55-59,Нийт,2017,48.5
Улсын дүн,55-59,Нийт,2016,46.0
Улсын дүн,55-59,Нийт,2015,45.8
Улсын дүн,55-59,Нийт,2014,44.5
Улсын дүн,55-59,Нийт,2013,48.5
Улсын дүн,55-59,Нийт,2012,49.2
Улсын дүн,55-59,Нийт,2011,51.6
Улсын дүн,55-59,Нийт,2010,51.8
Улсын дүн,55-59,Нийт,2009,47.2
Улсын дүн,55-59,Эрэгтэй,2025,69.8
Улсын дүн,55-59,Эрэгтэй,2024,70.5
Улсын дүн,55-59,Эрэгтэй,2023,67.4
Улсын дүн,55-59,Эрэгтэй,2022,64.1
Улсын дүн,55-59,Эрэгтэй,2021,62.6
Улсын дүн,55-59,Эрэгтэй,2020,63.0
Улсын дүн,55-59,Эрэгтэй,2019,67.1
Улсын дүн,55-59,Эрэгтэй,2018,65.0
Улсын дүн,55-59,Эрэгтэй,2017,62.5
Улсын дүн,55-59,Эрэгтэй,2016,62.7
Улсын дүн,55-59,Эрэгтэй,2015,63.8
Улсын дүн,55-59,Эрэгтэй,2014,60.5
Улсын дүн,55-59,Эрэгтэй,2013,62.1
Улсын дүн,55-59,Эрэгтэй,2012,62.7
Улсын дүн,55-59,Эрэгтэй,2011,66.7
Улсын дүн,55-59,Эрэгтэй,2010,66.2
Улсын дүн,55-59,Эрэгтэй,2009,61.9
Улсын дүн,55-59,Эмэгтэй,2025,48.9
Улсын дүн,55-59,Эмэгтэй,2024,40.7
Улсын дүн,55-59,Эмэгтэй,2023,41.5
Улсын дүн,55-59,Эмэгтэй,2022,34.0
Улсын дүн,55-59,Эмэгтэй,2021,32.9
Улсын дүн,55-59,Эмэгтэй,2020,37.5
Улсын дүн,55-59,Эмэгтэй,2019,37.4
Улсын дүн,55-59,Эмэгтэй,2018,34.3
Улсын дүн,55-59,Эмэгтэй,2017,36.1
Улсын дүн,55-59,Эмэгтэй,2016,32.8
Улсын дүн,55-59,Эмэгтэй,2015,31.2
Улсын дүн,55-59,Эмэгтэй,2014,31.6
Улсын дүн,55-59,Эмэгтэй,2013,37.5
Улсын дүн,55-59,Эмэгтэй,2012,38.5
Улсын дүн,55-59,Эмэгтэй,2011,38.1
Улсын дүн,55-59,Эмэгтэй,2010,38.4
Улсын дүн,55-59,Эмэгтэй,2009,34.0
Улсын дүн,60-64,Нийт,2025,30.0
Улсын дүн,60-64,Нийт,2024,28.6
Улсын дүн,60-64,Нийт,2023,26.9
Улсын дүн,60-64,Нийт,2022,28.2
Улсын дүн,60-64,Нийт,2021,23.3
Улсын дүн,60-64,Нийт,2020,23.4
Улсын дүн,60-64,Нийт,2019,27.2
Улсын дүн,60-64,Нийт,2018,21.1
Улсын дүн,60-64,Нийт,2017,25.2
Улсын дүн,60-64,Нийт,2016,22.2
Улсын дүн,60-64,Нийт,2015,21.8
Улсын дүн,60-64,Нийт,2014,19.3
Улсын дүн,60-64,Нийт,2013,24.5
Улсын дүн,60-64,Нийт,2012,25.7
Улсын дүн,60-64,Нийт,2011,29.0
Улсын дүн,60-64,Нийт,2010,27.5
Улсын дүн,60-64,Нийт,2009,29.2
Улсын дүн,60-64,Эрэгтэй,2025,39.7
Улсын дүн,60-64,Эрэгтэй,2024,37.3
Улсын дүн,60-64,Эрэгтэй,2023,32.3
Улсын дүн,60-64,Эрэгтэй,2022,31.7
Улсын дүн,60-64,Эрэгтэй,2021,25.6
Улсын дүн,60-64,Эрэгтэй,2020,31.9
Улсын дүн,60-64,Эрэгтэй,2019,32.3
Улсын дүн,60-64,Эрэгтэй,2018,26.0
Улсын дүн,60-64,Эрэгтэй,2017,29.7
Улсын дүн,60-64,Эрэгтэй,2016,27.7
Улсын дүн,60-64,Эрэгтэй,2015,25.2
Улсын дүн,60-64,Эрэгтэй,2014,25.5
Улсын дүн,60-64,Эрэгтэй,2013,29.3
Улсын дүн,60-64,Эрэгтэй,2012,33.7
Улсын дүн,60-64,Эрэгтэй,2011,35.7
Улсын дүн,60-64,Эрэгтэй,2010,34.2
Улсын дүн,60-64,Эрэгтэй,2009,33.2
Улсын дүн,60-64,Эмэгтэй,2025,22.5
Улсын дүн,60-64,Эмэгтэй,2024,22.3
Улсын дүн,60-64,Эмэгтэй,2023,23.3
Улсын дүн,60-64,Эмэгтэй,2022,25.5
Улсын дүн,60-64,Эмэгтэй,2021,21.5
Улсын дүн,60-64,Эмэгтэй,2020,17.5
Улсын дүн,60-64,Эмэгтэй,2019,23.6
Улсын дүн,60-64,Эмэгтэй,2018,17.7
Улсын дүн,60-64,Эмэгтэй,2017,21.8
Улсын дүн,60-64,Эмэгтэй,2016,17.8
Улсын дүн,60-64,Эмэгтэй,2015,19.1
Улсын дүн,60-64,Эмэгтэй,2014,13.9
Улсын дүн,60-64,Эмэгтэй,2013,20.2
Улсын дүн,60-64,Эмэгтэй,2012,18.8
Улсын дүн,60-64,Эмэгтэй,2011,23.0
Улсын дүн,60-64,Эмэгтэй,2010,21.1
Улсын дүн,60-64,Эмэгтэй,2009,25.9
Улсын дүн,65-69,Нийт,2025,17.8
Улсын дүн,65-69,Нийт,2024,17.4
Улсын дүн,65-69,Нийт,2023,18.2
Улсын дүн,65-69,Нийт,2022,15.0
Улсын дүн,65-69,Нийт,2021,15.4
Улсын дүн,65-69,Нийт,2020,17.2
Улсын дүн,65-69,Нийт,2019,18.9
Улсын дүн,65-69,Нийт,2018,15.6
Улсын дүн,65-69,Нийт,2017,15.5
Улсын дүн,65-69,Нийт,2016,15.0
Улсын дүн,65-69,Нийт,2015,13.1
Улсын дүн,65-69,Нийт,2014,16.2
Улсын дүн,65-69,Нийт,2013,15.0
Улсын дүн,65-69,Нийт,2012,20.1
Улсын дүн,65-69,Нийт,2011,18.0
Улсын дүн,65-69,Нийт,2010,20.2
Улсын дүн,65-69,Нийт,2009,16.6
Улсын дүн,65-69,Эрэгтэй,2025,24.1
Улсын дүн,65-69,Эрэгтэй,2024,18.4
Улсын дүн,65-69,Эрэгтэй,2023,22.3
Улсын дүн,65-69,Эрэгтэй,2022,21.2
Улсын дүн,65-69,Эрэгтэй,2021,22.4
Улсын дүн,65-69,Эрэгтэй,2020,21.4
Улсын дүн,65-69,Эрэгтэй,2019,25.8
Улсын дүн,65-69,Эрэгтэй,2018,18.6
Улсын дүн,65-69,Эрэгтэй,2017,16.4
Улсын дүн,65-69,Эрэгтэй,2016,19.0
Улсын дүн,65-69,Эрэгтэй,2015,15.1
Улсын дүн,65-69,Эрэгтэй,2014,17.9
Улсын дүн,65-69,Эрэгтэй,2013,18.7
Улсын дүн,65-69,Эрэгтэй,2012,25.7
Улсын дүн,65-69,Эрэгтэй,2011,23.3
Улсын дүн,65-69,Эрэгтэй,2010,25.9
Улсын дүн,65-69,Эрэгтэй,2009,20.2
Улсын дүн,65-69,Эмэгтэй,2025,13.9
Улсын дүн,65-69,Эмэгтэй,2024,16.5
Улсын дүн,65-69,Эмэгтэй,2023,15.4
Улсын дүн,65-69,Эмэгтэй,2022,9.6
Улсын дүн,65-69,Эмэгтэй,2021,10.4
Улсын дүн,65-69,Эмэгтэй,2020,13.9
Улсын дүн,65-69,Эмэгтэй,2019,13.2
Улсын дүн,65-69,Эмэгтэй,2018,13.3
Улсын дүн,65-69,Эмэгтэй,2017,14.9
Улсын дүн,65-69,Эмэгтэй,2016,11.7
Улсын дүн,65-69,Эмэгтэй,2015,11.6
Улсын дүн,65-69,Эмэгтэй,2014,14.8
Улсын дүн,65-69,Эмэгтэй,2013,12.0
Улсын дүн,65-69,Эмэгтэй,2012,15.7
Улсын дүн,65-69,Эмэгтэй,2011,13.8
Улсын дүн,65-69,Эмэгтэй,2010,14.5
Улсын дүн,65-69,Эмэгтэй,2009,13.4
Улсын дүн,70+,Нийт,2025,6.3
Улсын дүн,70+,Нийт,2024,5.9
Улсын дүн,70+,Нийт,2023,7.0
Улсын дүн,70+,Нийт,2022,5.1
Улсын дүн,70+,Нийт,2021,6.0
Улсын дүн,70+,Нийт,2020,7.8
Улсын дүн,70+,Нийт,2019,8.1
Улсын дүн,70+,Нийт,2018,7.7
Улсын дүн,70+,Нийт,2017,7.7
Улсын дүн,70+,Нийт,2016,6.8
Улсын дүн,70+,Нийт,2015,6.2
Улсын дүн,70+,Нийт,2014,7.1
Улсын дүн,70+,Нийт,2013,6.3
Улсын дүн,70+,Нийт,2012,12.3
Улсын дүн,70+,Нийт,2011,10.3
Улсын дүн,70+,Нийт,2010,7.4
Улсын дүн,70+,Нийт,2009,5.6
Улсын дүн,70+,Эрэгтэй,2025,6.5
Улсын дүн,70+,Эрэгтэй,2024,9.6
Улсын дүн,70+,Эрэгтэй,2023,11.3
Улсын дүн,70+,Эрэгтэй,2022,7.5
Улсын дүн,70+,Эрэгтэй,2021,7.7
Улсын дүн,70+,Эрэгтэй,2020,11.3
Улсын дүн,70+,Эрэгтэй,2019,10.0
Улсын дүн,70+,Эрэгтэй,2018,11.4
Улсын дүн,70+,Эрэгтэй,2017,10.3
Улсын дүн,70+,Эрэгтэй,2016,10.1
Улсын дүн,70+,Эрэгтэй,2015,8.4
Улсын дүн,70+,Эрэгтэй,2014,10.2
Улсын дүн,70+,Эрэгтэй,2013,9.1
Улсын дүн,70+,Эрэгтэй,2012,14.8
Улсын дүн,70+,Эрэгтэй,2011,15.7
Улсын дүн,70+,Эрэгтэй,2010,10.2
Улсын дүн,70+,Эрэгтэй,2009,6.5
Улсын дүн,70+,Эмэгтэй,2025,6.2
Улсын дүн,70+,Эмэгтэй,2024,3.7
Улсын дүн,70+,Эмэгтэй,2023,4.3
Улсын дүн,70+,Эмэгтэй,2022,3.5
Улсын дүн,70+,Эмэгтэй,2021,4.8
Улсын дүн,70+,Эмэгтэй,2020,5.7
Улсын дүн,70+,Эмэгтэй,2019,6.9
Улсын дүн,70+,Эмэгтэй,2018,5.2
Улсын дүн,70+,Эмэгтэй,2017,5.6
Улсын дүн,70+,Эмэгтэй,2016,4.4
Улсын дүн,70+,Эмэгтэй,2015,4.7
Улсын дүн,70+,Эмэгтэй,2014,5.0
Улсын дүн,70+,Эмэгтэй,2013,4.4
Улсын дүн,70+,Эмэгтэй,2012,10.4
Улсын дүн,70+,Эмэгтэй,2011,6.5
Улсын дүн,70+,Эмэгтэй,2010,5.5
Улсын дүн,70+,Эмэгтэй,2009,4.9
Хангайн бүс,Бүгд,Нийт,2025,70.4
Хангайн бүс,Бүгд,Нийт,2024,70.0
Хангайн бүс,Бүгд,Нийт,2023,68.9
Хангайн бүс,Бүгд,Нийт,2022,73.3
Хангайн бүс,Бүгд,Нийт,2021,71.2
Хангайн бүс,Бүгд,Нийт,2020,68.2
Хангайн бүс,Бүгд,Нийт,2019,72.4
Хангайн бүс,Бүгд,Нийт,2018,70.5
Хангайн бүс,Бүгд,Нийт,2017,72.7
Хангайн бүс,Бүгд,Нийт,2016,74.4
Хангайн бүс,Бүгд,Нийт,2015,70.7
Хангайн бүс,Бүгд,Нийт,2014,74.1
Хангайн бүс,Бүгд,Нийт,2013,74.3
Хангайн бүс,Бүгд,Нийт,2012,77.0
Хангайн бүс,Бүгд,Нийт,2011,70.9
Хангайн бүс,Бүгд,Нийт,2010,72.7
Хангайн бүс,Бүгд,Нийт,2009,73.4
Хангайн бүс,Бүгд,Эрэгтэй,2025,77.0
Хангайн бүс,Бүгд,Эрэгтэй,2024,76.4
Хангайн бүс,Бүгд,Эрэгтэй,2023,74.7
Хангайн бүс,Бүгд,Эрэгтэй,2022,80.2
Хангайн бүс,Бүгд,Эрэгтэй,2021,77.5
Хангайн бүс,Бүгд,Эрэгтэй,2020,72.3
Хангайн бүс,Бүгд,Эрэгтэй,2019,77.9
Хангайн бүс,Бүгд,Эрэгтэй,2018,76.5
Хангайн бүс,Бүгд,Эрэгтэй,2017,76.5
Хангайн бүс,Бүгд,Эрэгтэй,2016,78.9
Хангайн бүс,Бүгд,Эрэгтэй,2015,74.6
Хангайн бүс,Бүгд,Эрэгтэй,2014,77.7
Хангайн бүс,Бүгд,Эрэгтэй,2013,77.7
Хангайн бүс,Бүгд,Эрэгтэй,2012,82.3
Хангайн бүс,Бүгд,Эрэгтэй,2011,75.9
Хангайн бүс,Бүгд,Эрэгтэй,2010,77.3
Хангайн бүс,Бүгд,Эрэгтэй,2009,75.8
Хангайн бүс,Бүгд,Эмэгтэй,2025,64.0
Хангайн бүс,Бүгд,Эмэгтэй,2024,64.0
Хангайн бүс,Бүгд,Эмэгтэй,2023,63.6
Хангайн бүс,Бүгд,Эмэгтэй,2022,66.8
Хангайн бүс,Бүгд,Эмэгтэй,2021,65.4
Хангайн бүс,Бүгд,Эмэгтэй,2020,64.3
Хангайн бүс,Бүгд,Эмэгтэй,2019,66.7
Хангайн бүс,Бүгд,Эмэгтэй,2018,64.7
Хангайн бүс,Бүгд,Эмэгтэй,2017,68.9
Хангайн бүс,Бүгд,Эмэгтэй,2016,69.9
Хангайн бүс,Бүгд,Эмэгтэй,2015,67.0
Хангайн бүс,Бүгд,Эмэгтэй,2014,70.6
Хангайн бүс,Бүгд,Эмэгтэй,2013,71.0
Хангайн бүс,Бүгд,Эмэгтэй,2012,71.9
Хангайн бүс,Бүгд,Эмэгтэй,2011,66.3
Хангайн бүс,Бүгд,Эмэгтэй,2010,68.1
Хангайн бүс,Бүгд,Эмэгтэй,2009,70.9
Хангайн бүс,15-19,Нийт,2025,12.8
Хангайн бүс,15-19,Нийт,2024,17.4
Хангайн бүс,15-19,Нийт,2023,19.1
Хангайн бүс,15-19,Нийт,2022,20.3
Хангайн бүс,15-19,Нийт,2021,14.1
Хангайн бүс,15-19,Нийт,2020,17.6
Хангайн бүс,15-19,Нийт,2019,20.5
Хангайн бүс,15-19,Нийт,2018,20.5
Хангайн бүс,15-19,Нийт,2017,24.2
Хангайн бүс,15-19,Нийт,2016,20.4
Хангайн бүс,15-19,Нийт,2015,15.6
Хангайн бүс,15-19,Нийт,2014,23.2
Хангайн бүс,15-19,Нийт,2013,34.5
Хангайн бүс,15-19,Нийт,2012,57.0
Хангайн бүс,15-19,Нийт,2011,34.3
Хангайн бүс,15-19,Нийт,2010,33.9
Хангайн бүс,15-19,Нийт,2009,39.4
Хангайн бүс,15-19,Эрэгтэй,2025,19.5
Хангайн бүс,15-19,Эрэгтэй,2024,26.3
Хангайн бүс,15-19,Эрэгтэй,2023,25.9
Хангайн бүс,15-19,Эрэгтэй,2022,23.8
Хангайн бүс,15-19,Эрэгтэй,2021,16.6
Хангайн бүс,15-19,Эрэгтэй,2020,23.9
Хангайн бүс,15-19,Эрэгтэй,2019,25.4
Хангайн бүс,15-19,Эрэгтэй,2018,28.4
Хангайн бүс,15-19,Эрэгтэй,2017,29.5
Хангайн бүс,15-19,Эрэгтэй,2016,25.2
Хангайн бүс,15-19,Эрэгтэй,2015,21.0
Хангайн бүс,15-19,Эрэгтэй,2014,29.3
Хангайн бүс,15-19,Эрэгтэй,2013,37.2
Хангайн бүс,15-19,Эрэгтэй,2012,58.7
Хангайн бүс,15-19,Эрэгтэй,2011,41.3
Хангайн бүс,15-19,Эрэгтэй,2010,41.1
Хангайн бүс,15-19,Эрэгтэй,2009,46.2
Хангайн бүс,15-19,Эмэгтэй,2025,5.7
Хангайн бүс,15-19,Эмэгтэй,2024,6.3
Хангайн бүс,15-19,Эмэгтэй,2023,11.1
Хангайн бүс,15-19,Эмэгтэй,2022,15.6
Хангайн бүс,15-19,Эмэгтэй,2021,11.5
Хангайн бүс,15-19,Эмэгтэй,2020,8.3
Хангайн бүс,15-19,Эмэгтэй,2019,13.1
Хангайн бүс,15-19,Эмэгтэй,2018,10.8
Хангайн бүс,15-19,Эмэгтэй,2017,17.9
Хангайн бүс,15-19,Эмэгтэй,2016,15.1
Хангайн бүс,15-19,Эмэгтэй,2015,8.5
Хангайн бүс,15-19,Эмэгтэй,2014,16.5
Хангайн бүс,15-19,Эмэгтэй,2013,31.6
Хангайн бүс,15-19,Эмэгтэй,2012,55.4
Хангайн бүс,15-19,Эмэгтэй,2011,27.4
Хангайн бүс,15-19,Эмэгтэй,2010,26.7
Хангайн бүс,15-19,Эмэгтэй,2009,29.7
Хангайн бүс,20-24,Нийт,2025,69.3
Хангайн бүс,20-24,Нийт,2024,81.3
Хангайн бүс,20-24,Нийт,2023,64.9
Хангайн бүс,20-24,Нийт,2022,68.3
Хангайн бүс,20-24,Нийт,2021,65.9
Хангайн бүс,20-24,Нийт,2020,65.1
Хангайн бүс,20-24,Нийт,2019,81.0
Хангайн бүс,20-24,Нийт,2018,65.7
Хангайн бүс,20-24,Нийт,2017,66.3
Хангайн бүс,20-24,Нийт,2016,75.5
Хангайн бүс,20-24,Нийт,2015,68.5
Хангайн бүс,20-24,Нийт,2014,74.1
Хангайн бүс,20-24,Нийт,2013,72.4
Хангайн бүс,20-24,Нийт,2012,76.0
Хангайн бүс,20-24,Нийт,2011,71.2
Хангайн бүс,20-24,Нийт,2010,75.8
Хангайн бүс,20-24,Нийт,2009,75.5
Хангайн бүс,20-24,Эрэгтэй,2025,77.6
Хангайн бүс,20-24,Эрэгтэй,2024,90.1
Хангайн бүс,20-24,Эрэгтэй,2023,89.7
Хангайн бүс,20-24,Эрэгтэй,2022,88.6
Хангайн бүс,20-24,Эрэгтэй,2021,80.6
Хангайн бүс,20-24,Эрэгтэй,2020,66.8
Хангайн бүс,20-24,Эрэгтэй,2019,92.7
Хангайн бүс,20-24,Эрэгтэй,2018,80.4
Хангайн бүс,20-24,Эрэгтэй,2017,72.2
Хангайн бүс,20-24,Эрэгтэй,2016,83.0
Хангайн бүс,20-24,Эрэгтэй,2015,77.5
Хангайн бүс,20-24,Эрэгтэй,2014,82.7
Хангайн бүс,20-24,Эрэгтэй,2013,80.2
Хангайн бүс,20-24,Эрэгтэй,2012,90.2
Хангайн бүс,20-24,Эрэгтэй,2011,76.3
Хангайн бүс,20-24,Эрэгтэй,2010,80.8
Хангайн бүс,20-24,Эрэгтэй,2009,76.1
Хангайн бүс,20-24,Эмэгтэй,2025,59.3
Хангайн бүс,20-24,Эмэгтэй,2024,69.3
Хангайн бүс,20-24,Эмэгтэй,2023,38.2
Хангайн бүс,20-24,Эмэгтэй,2022,48.7
Хангайн бүс,20-24,Эмэгтэй,2021,51.6
Хангайн бүс,20-24,Эмэгтэй,2020,63.2
Хангайн бүс,20-24,Эмэгтэй,2019,69.1
Хангайн бүс,20-24,Эмэгтэй,2018,50.7
Хангайн бүс,20-24,Эмэгтэй,2017,57.8
Хангайн бүс,20-24,Эмэгтэй,2016,65.1
Хангайн бүс,20-24,Эмэгтэй,2015,60.2
Хангайн бүс,20-24,Эмэгтэй,2014,65.0
Хангайн бүс,20-24,Эмэгтэй,2013,64.8
Хангайн бүс,20-24,Эмэгтэй,2012,61.2
Хангайн бүс,20-24,Эмэгтэй,2011,66.7
Хангайн бүс,20-24,Эмэгтэй,2010,70.7
Хангайн бүс,20-24,Эмэгтэй,2009,74.8
Хангайн бүс,25-29,Нийт,2025,85.5
Хангайн бүс,25-29,Нийт,2024,85.8
Хангайн бүс,25-29,Нийт,2023,88.2
Хангайн бүс,25-29,Нийт,2022,88.2
Хангайн бүс,25-29,Нийт,2021,93.4
Хангайн бүс,25-29,Нийт,2020,89.7
Хангайн бүс,25-29,Нийт,2019,87.1
Хангайн бүс,25-29,Нийт,2018,80.9
Хангайн бүс,25-29,Нийт,2017,87.5
Хангайн бүс,25-29,Нийт,2016,91.1
Хангайн бүс,25-29,Нийт,2015,88.2
Хангайн бүс,25-29,Нийт,2014,91.5
Хангайн бүс,25-29,Нийт,2013,88.0
Хангайн бүс,25-29,Нийт,2012,88.1
Хангайн бүс,25-29,Нийт,2011,77.6
Хангайн бүс,25-29,Нийт,2010,85.8
Хангайн бүс,25-29,Нийт,2009,84.6
Хангайн бүс,25-29,Эрэгтэй,2025,94.8
Хангайн бүс,25-29,Эрэгтэй,2024,93.2
Хангайн бүс,25-29,Эрэгтэй,2023,92.9
Хангайн бүс,25-29,Эрэгтэй,2022,89.3
Хангайн бүс,25-29,Эрэгтэй,2021,99.7
Хангайн бүс,25-29,Эрэгтэй,2020,90.1
Хангайн бүс,25-29,Эрэгтэй,2019,94.2
Хангайн бүс,25-29,Эрэгтэй,2018,89.3
Хангайн бүс,25-29,Эрэгтэй,2017,93.6
Хангайн бүс,25-29,Эрэгтэй,2016,95.2
Хангайн бүс,25-29,Эрэгтэй,2015,94.3
Хангайн бүс,25-29,Эрэгтэй,2014,92.3
Хангайн бүс,25-29,Эрэгтэй,2013,90.2
Хангайн бүс,25-29,Эрэгтэй,2012,93.6
Хангайн бүс,25-29,Эрэгтэй,2011,86.2
Хангайн бүс,25-29,Эрэгтэй,2010,86.3
Хангайн бүс,25-29,Эрэгтэй,2009,87.7
Хангайн бүс,25-29,Эмэгтэй,2025,76.5
Хангайн бүс,25-29,Эмэгтэй,2024,75.5
Хангайн бүс,25-29,Эмэгтэй,2023,82.9
Хангайн бүс,25-29,Эмэгтэй,2022,86.6
Хангайн бүс,25-29,Эмэгтэй,2021,85.6
Хангайн бүс,25-29,Эмэгтэй,2020,89.3
Хангайн бүс,25-29,Эмэгтэй,2019,76.1
Хангайн бүс,25-29,Эмэгтэй,2018,72.7
Хангайн бүс,25-29,Эмэгтэй,2017,80.9
Хангайн бүс,25-29,Эмэгтэй,2016,87.3
Хангайн бүс,25-29,Эмэгтэй,2015,81.8
Хангайн бүс,25-29,Эмэгтэй,2014,90.8
Хангайн бүс,25-29,Эмэгтэй,2013,86.0
Хангайн бүс,25-29,Эмэгтэй,2012,82.3
Хангайн бүс,25-29,Эмэгтэй,2011,68.2
Хангайн бүс,25-29,Эмэгтэй,2010,85.2
Хангайн бүс,25-29,Эмэгтэй,2009,81.6
Хангайн бүс,30-34,Нийт,2025,88.6
Хангайн бүс,30-34,Нийт,2024,96.5
Хангайн бүс,30-34,Нийт,2023,90.3
Хангайн бүс,30-34,Нийт,2022,89.0
Хангайн бүс,30-34,Нийт,2021,95.5
Хангайн бүс,30-34,Нийт,2020,90.3
Хангайн бүс,30-34,Нийт,2019,91.3
Хангайн бүс,30-34,Нийт,2018,87.5
Хангайн бүс,30-34,Нийт,2017,93.2
Хангайн бүс,30-34,Нийт,2016,91.9
Хангайн бүс,30-34,Нийт,2015,93.1
Хангайн бүс,30-34,Нийт,2014,91.9
Хангайн бүс,30-34,Нийт,2013,91.7
Хангайн бүс,30-34,Нийт,2012,92.3
Хангайн бүс,30-34,Нийт,2011,85.3
Хангайн бүс,30-34,Нийт,2010,90.7
Хангайн бүс,30-34,Нийт,2009,87.7
Хангайн бүс,30-34,Эрэгтэй,2025,97.2
Хангайн бүс,30-34,Эрэгтэй,2024,100.0
Хангайн бүс,30-34,Эрэгтэй,2023,93.2
Хангайн бүс,30-34,Эрэгтэй,2022,98.0
Хангайн бүс,30-34,Эрэгтэй,2021,99.3
Хангайн бүс,30-34,Эрэгтэй,2020,95.5
Хангайн бүс,30-34,Эрэгтэй,2019,92.8
Хангайн бүс,30-34,Эрэгтэй,2018,93.0
Хангайн бүс,30-34,Эрэгтэй,2017,95.4
Хангайн бүс,30-34,Эрэгтэй,2016,94.4
Хангайн бүс,30-34,Эрэгтэй,2015,94.9
Хангайн бүс,30-34,Эрэгтэй,2014,97.6
Хангайн бүс,30-34,Эрэгтэй,2013,94.7
Хангайн бүс,30-34,Эрэгтэй,2012,96.4
Хангайн бүс,30-34,Эрэгтэй,2011,87.6
Хангайн бүс,30-34,Эрэгтэй,2010,94.2
Хангайн бүс,30-34,Эрэгтэй,2009,92.7
Хангайн бүс,30-34,Эмэгтэй,2025,80.6
Хангайн бүс,30-34,Эмэгтэй,2024,93.0
Хангайн бүс,30-34,Эмэгтэй,2023,88.2
Хангайн бүс,30-34,Эмэгтэй,2022,81.1
Хангайн бүс,30-34,Эмэгтэй,2021,92.8
Хангайн бүс,30-34,Эмэгтэй,2020,85.2
Хангайн бүс,30-34,Эмэгтэй,2019,90.3
Хангайн бүс,30-34,Эмэгтэй,2018,82.0
Хангайн бүс,30-34,Эмэгтэй,2017,91.2
Хангайн бүс,30-34,Эмэгтэй,2016,89.4
Хангайн бүс,30-34,Эмэгтэй,2015,91.6
Хангайн бүс,30-34,Эмэгтэй,2014,86.8
Хангайн бүс,30-34,Эмэгтэй,2013,88.8
Хангайн бүс,30-34,Эмэгтэй,2012,88.7
Хангайн бүс,30-34,Эмэгтэй,2011,83.5
Хангайн бүс,30-34,Эмэгтэй,2010,87.0
Хангайн бүс,30-34,Эмэгтэй,2009,82.7
Хангайн бүс,35-39,Нийт,2025,92.1
Хангайн бүс,35-39,Нийт,2024,93.3
Хангайн бүс,35-39,Нийт,2023,89.3
Хангайн бүс,35-39,Нийт,2022,88.5
Хангайн бүс,35-39,Нийт,2021,93.4
Хангайн бүс,35-39,Нийт,2020,92.5
Хангайн бүс,35-39,Нийт,2019,86.6
Хангайн бүс,35-39,Нийт,2018,93.1
Хангайн бүс,35-39,Нийт,2017,89.6
Хангайн бүс,35-39,Нийт,2016,92.6
Хангайн бүс,35-39,Нийт,2015,94.6
Хангайн бүс,35-39,Нийт,2014,96.3
Хангайн бүс,35-39,Нийт,2013,94.4
Хангайн бүс,35-39,Нийт,2012,94.6
Хангайн бүс,35-39,Нийт,2011,87.9
Хангайн бүс,35-39,Нийт,2010,88.9
Хангайн бүс,35-39,Нийт,2009,91.0
Хангайн бүс,35-39,Эрэгтэй,2025,95.4
Хангайн бүс,35-39,Эрэгтэй,2024,95.0
Хангайн бүс,35-39,Эрэгтэй,2023,91.4
Хангайн бүс,35-39,Эрэгтэй,2022,95.9
Хангайн бүс,35-39,Эрэгтэй,2021,98.3
Хангайн бүс,35-39,Эрэгтэй,2020,94.1
Хангайн бүс,35-39,Эрэгтэй,2019,91.8
Хангайн бүс,35-39,Эрэгтэй,2018,94.5
Хангайн бүс,35-39,Эрэгтэй,2017,93.3
Хангайн бүс,35-39,Эрэгтэй,2016,95.5
Хангайн бүс,35-39,Эрэгтэй,2015,94.2
Хангайн бүс,35-39,Эрэгтэй,2014,95.6
Хангайн бүс,35-39,Эрэгтэй,2013,94.5
Хангайн бүс,35-39,Эрэгтэй,2012,96.8
Хангайн бүс,35-39,Эрэгтэй,2011,89.9
Хангайн бүс,35-39,Эрэгтэй,2010,91.9
Хангайн бүс,35-39,Эрэгтэй,2009,92.8
Хангайн бүс,35-39,Эмэгтэй,2025,88.5
Хангайн бүс,35-39,Эмэгтэй,2024,91.8
Хангайн бүс,35-39,Эмэгтэй,2023,87.2
Хангайн бүс,35-39,Эмэгтэй,2022,81.6
Хангайн бүс,35-39,Эмэгтэй,2021,87.8
Хангайн бүс,35-39,Эмэгтэй,2020,91.1
Хангайн бүс,35-39,Эмэгтэй,2019,81.0
Хангайн бүс,35-39,Эмэгтэй,2018,91.6
Хангайн бүс,35-39,Эмэгтэй,2017,86.4
Хангайн бүс,35-39,Эмэгтэй,2016,89.9
Хангайн бүс,35-39,Эмэгтэй,2015,94.9
Хангайн бүс,35-39,Эмэгтэй,2014,97.0
Хангайн бүс,35-39,Эмэгтэй,2013,94.4
Хангайн бүс,35-39,Эмэгтэй,2012,92.2
Хангайн бүс,35-39,Эмэгтэй,2011,86.0
Хангайн бүс,35-39,Эмэгтэй,2010,86.1
Хангайн бүс,35-39,Эмэгтэй,2009,89.2
Хангайн бүс,40-44,Нийт,2025,95.2
Хангайн бүс,40-44,Нийт,2024,93.7
Хангайн бүс,40-44,Нийт,2023,91.2
Хангайн бүс,40-44,Нийт,2022,92.7
Хангайн бүс,40-44,Нийт,2021,92.9
Хангайн бүс,40-44,Нийт,2020,90.6
Хангайн бүс,40-44,Нийт,2019,90.8
Хангайн бүс,40-44,Нийт,2018,95.1
Хангайн бүс,40-44,Нийт,2017,92.7
Хангайн бүс,40-44,Нийт,2016,93.7
Хангайн бүс,40-44,Нийт,2015,93.8
Хангайн бүс,40-44,Нийт,2014,94.7
Хангайн бүс,40-44,Нийт,2013,93.0
Хангайн бүс,40-44,Нийт,2012,92.4
Хангайн бүс,40-44,Нийт,2011,91.5
Хангайн бүс,40-44,Нийт,2010,87.8
Хангайн бүс,40-44,Нийт,2009,91.9
Хангайн бүс,40-44,Эрэгтэй,2025,95.9
Хангайн бүс,40-44,Эрэгтэй,2024,92.7
Хангайн бүс,40-44,Эрэгтэй,2023,89.5
Хангайн бүс,40-44,Эрэгтэй,2022,95.9
Хангайн бүс,40-44,Эрэгтэй,2021,92.1
Хангайн бүс,40-44,Эрэгтэй,2020,96.7
Хангайн бүс,40-44,Эрэгтэй,2019,95.6
Хангайн бүс,40-44,Эрэгтэй,2018,95.9
Хангайн бүс,40-44,Эрэгтэй,2017,95.5
Хангайн бүс,40-44,Эрэгтэй,2016,93.7
Хангайн бүс,40-44,Эрэгтэй,2015,96.7
Хангайн бүс,40-44,Эрэгтэй,2014,96.1
Хангайн бүс,40-44,Эрэгтэй,2013,92.7
Хангайн бүс,40-44,Эрэгтэй,2012,95.6
Хангайн бүс,40-44,Эрэгтэй,2011,91.5
Хангайн бүс,40-44,Эрэгтэй,2010,90.3
Хангайн бүс,40-44,Эрэгтэй,2009,92.0
Хангайн бүс,40-44,Эмэгтэй,2025,94.5
Хангайн бүс,40-44,Эмэгтэй,2024,94.7
Хангайн бүс,40-44,Эмэгтэй,2023,92.8
Хангайн бүс,40-44,Эмэгтэй,2022,90.2
Хангайн бүс,40-44,Эмэгтэй,2021,93.5
Хангайн бүс,40-44,Эмэгтэй,2020,85.0
Хангайн бүс,40-44,Эмэгтэй,2019,85.6
Хангайн бүс,40-44,Эмэгтэй,2018,94.5
Хангайн бүс,40-44,Эмэгтэй,2017,90.4
Хангайн бүс,40-44,Эмэгтэй,2016,93.8
Хангайн бүс,40-44,Эмэгтэй,2015,91.3
Хангайн бүс,40-44,Эмэгтэй,2014,93.4
Хангайн бүс,40-44,Эмэгтэй,2013,93.4
Хангайн бүс,40-44,Эмэгтэй,2012,89.8
Хангайн бүс,40-44,Эмэгтэй,2011,91.5
Хангайн бүс,40-44,Эмэгтэй,2010,85.7
Хангайн бүс,40-44,Эмэгтэй,2009,91.8
Хангайн бүс,45-49,Нийт,2025,93.5
Хангайн бүс,45-49,Нийт,2024,92.5
Хангайн бүс,45-49,Нийт,2023,94.3
Хангайн бүс,45-49,Нийт,2022,92.0
Хангайн бүс,45-49,Нийт,2021,93.4
Хангайн бүс,45-49,Нийт,2020,92.8
Хангайн бүс,45-49,Нийт,2019,92.8
Хангайн бүс,45-49,Нийт,2018,89.5
Хангайн бүс,45-49,Нийт,2017,92.7
Хангайн бүс,45-49,Нийт,2016,92.5
Хангайн бүс,45-49,Нийт,2015,92.8
Хангайн бүс,45-49,Нийт,2014,94.1
Хангайн бүс,45-49,Нийт,2013,92.1
Хангайн бүс,45-49,Нийт,2012,88.8
Хангайн бүс,45-49,Нийт,2011,85.8
Хангайн бүс,45-49,Нийт,2010,86.3
Хангайн бүс,45-49,Нийт,2009,89.1
Хангайн бүс,45-49,Эрэгтэй,2025,96.4
Хангайн бүс,45-49,Эрэгтэй,2024,92.0
Хангайн бүс,45-49,Эрэгтэй,2023,95.7
Хангайн бүс,45-49,Эрэгтэй,2022,95.1
Хангайн бүс,45-49,Эрэгтэй,2021,96.3
Хангайн бүс,45-49,Эрэгтэй,2020,90.7
Хангайн бүс,45-49,Эрэгтэй,2019,93.1
Хангайн бүс,45-49,Эрэгтэй,2018,89.5
Хангайн бүс,45-49,Эрэгтэй,2017,93.0
Хангайн бүс,45-49,Эрэгтэй,2016,95.5
Хангайн бүс,45-49,Эрэгтэй,2015,95.4
Хангайн бүс,45-49,Эрэгтэй,2014,95.4
Хангайн бүс,45-49,Эрэгтэй,2013,94.6
Хангайн бүс,45-49,Эрэгтэй,2012,91.0
Хангайн бүс,45-49,Эрэгтэй,2011,89.7
Хангайн бүс,45-49,Эрэгтэй,2010,89.0
Хангайн бүс,45-49,Эрэгтэй,2009,86.4
Хангайн бүс,45-49,Эмэгтэй,2025,90.8
Хангайн бүс,45-49,Эмэгтэй,2024,93.0
Хангайн бүс,45-49,Эмэгтэй,2023,93.0
Хангайн бүс,45-49,Эмэгтэй,2022,89.4
Хангайн бүс,45-49,Эмэгтэй,2021,90.1
Хангайн бүс,45-49,Эмэгтэй,2020,95.2
Хангайн бүс,45-49,Эмэгтэй,2019,92.5
Хангайн бүс,45-49,Эмэгтэй,2018,89.6
Хангайн бүс,45-49,Эмэгтэй,2017,92.4
Хангайн бүс,45-49,Эмэгтэй,2016,89.5
Хангайн бүс,45-49,Эмэгтэй,2015,90.1
Хангайн бүс,45-49,Эмэгтэй,2014,92.9
Хангайн бүс,45-49,Эмэгтэй,2013,89.9
Хангайн бүс,45-49,Эмэгтэй,2012,86.4
Хангайн бүс,45-49,Эмэгтэй,2011,82.2
Хангайн бүс,45-49,Эмэгтэй,2010,83.3
Хангайн бүс,45-49,Эмэгтэй,2009,92.1
Хангайн бүс,50-54,Нийт,2025,91.9
Хангайн бүс,50-54,Нийт,2024,88.3
Хангайн бүс,50-54,Нийт,2023,85.1
Хангайн бүс,50-54,Нийт,2022,80.0
Хангайн бүс,50-54,Нийт,2021,85.9
Хангайн бүс,50-54,Нийт,2020,81.5
Хангайн бүс,50-54,Нийт,2019,77.4
Хангайн бүс,50-54,Нийт,2018,84.3
Хангайн бүс,50-54,Нийт,2017,85.0
Хангайн бүс,50-54,Нийт,2016,85.5
Хангайн бүс,50-54,Нийт,2015,81.4
Хангайн бүс,50-54,Нийт,2014,83.3
Хангайн бүс,50-54,Нийт,2013,81.2
Хангайн бүс,50-54,Нийт,2012,78.4
Хангайн бүс,50-54,Нийт,2011,78.4
Хангайн бүс,50-54,Нийт,2010,80.0
Хангайн бүс,50-54,Нийт,2009,87.4
Хангайн бүс,50-54,Эрэгтэй,2025,96.5
Хангайн бүс,50-54,Эрэгтэй,2024,92.8
Хангайн бүс,50-54,Эрэгтэй,2023,83.3
Хангайн бүс,50-54,Эрэгтэй,2022,86.0
Хангайн бүс,50-54,Эрэгтэй,2021,88.2
Хангайн бүс,50-54,Эрэгтэй,2020,87.9
Хангайн бүс,50-54,Эрэгтэй,2019,83.3
Хангайн бүс,50-54,Эрэгтэй,2018,89.2
Хангайн бүс,50-54,Эрэгтэй,2017,90.8
Хангайн бүс,50-54,Эрэгтэй,2016,91.8
Хангайн бүс,50-54,Эрэгтэй,2015,88.5
Хангайн бүс,50-54,Эрэгтэй,2014,86.9
Хангайн бүс,50-54,Эрэгтэй,2013,84.5
Хангайн бүс,50-54,Эрэгтэй,2012,82.0
Хангайн бүс,50-54,Эрэгтэй,2011,84.1
Хангайн бүс,50-54,Эрэгтэй,2010,87.6
Хангайн бүс,50-54,Эрэгтэй,2009,92.5
Хангайн бүс,50-54,Эмэгтэй,2025,87.3
Хангайн бүс,50-54,Эмэгтэй,2024,84.7
Хангайн бүс,50-54,Эмэгтэй,2023,86.6
Хангайн бүс,50-54,Эмэгтэй,2022,74.7
Хангайн бүс,50-54,Эмэгтэй,2021,84.4
Хангайн бүс,50-54,Эмэгтэй,2020,75.9
Хангайн бүс,50-54,Эмэгтэй,2019,72.0
Хангайн бүс,50-54,Эмэгтэй,2018,79.8
Хангайн бүс,50-54,Эмэгтэй,2017,79.3
Хангайн бүс,50-54,Эмэгтэй,2016,78.4
Хангайн бүс,50-54,Эмэгтэй,2015,74.4
Хангайн бүс,50-54,Эмэгтэй,2014,79.3
Хангайн бүс,50-54,Эмэгтэй,2013,78.3
Хангайн бүс,50-54,Эмэгтэй,2012,75.3
Хангайн бүс,50-54,Эмэгтэй,2011,73.0
Хангайн бүс,50-54,Эмэгтэй,2010,71.6
Хангайн бүс,50-54,Эмэгтэй,2009,82.7
Хангайн бүс,55-59,Нийт,2025,65.8
Хангайн бүс,55-59,Нийт,2024,65.9
Хангайн бүс,55-59,Нийт,2023,62.2
Хангайн бүс,55-59,Нийт,2022,56.1
Хангайн бүс,55-59,Нийт,2021,53.0
Хангайн бүс,55-59,Нийт,2020,50.7
Хангайн бүс,55-59,Нийт,2019,58.8
Хангайн бүс,55-59,Нийт,2018,63.7
Хангайн бүс,55-59,Нийт,2017,59.7
Хангайн бүс,55-59,Нийт,2016,65.2
Хангайн бүс,55-59,Нийт,2015,59.4
Хангайн бүс,55-59,Нийт,2014,64.7
Хангайн бүс,55-59,Нийт,2013,61.4
Хангайн бүс,55-59,Нийт,2012,66.9
Хангайн бүс,55-59,Нийт,2011,63.6
Хангайн бүс,55-59,Нийт,2010,64.3
Хангайн бүс,55-59,Нийт,2009,61.8
Хангайн бүс,55-59,Эрэгтэй,2025,85.4
Хангайн бүс,55-59,Эрэгтэй,2024,82.3
Хангайн бүс,55-59,Эрэгтэй,2023,71.1
Хангайн бүс,55-59,Эрэгтэй,2022,82.2
Хангайн бүс,55-59,Эрэгтэй,2021,82.3
Хангайн бүс,55-59,Эрэгтэй,2020,74.0
Хангайн бүс,55-59,Эрэгтэй,2019,74.1
Хангайн бүс,55-59,Эрэгтэй,2018,82.0
Хангайн бүс,55-59,Эрэгтэй,2017,74.1
Хангайн бүс,55-59,Эрэгтэй,2016,81.5
Хангайн бүс,55-59,Эрэгтэй,2015,75.8
Хангайн бүс,55-59,Эрэгтэй,2014,79.3
Хангайн бүс,55-59,Эрэгтэй,2013,78.7
Хангайн бүс,55-59,Эрэгтэй,2012,81.8
Хангайн бүс,55-59,Эрэгтэй,2011,77.8
Хангайн бүс,55-59,Эрэгтэй,2010,77.6
Хангайн бүс,55-59,Эрэгтэй,2009,70.5
Хангайн бүс,55-59,Эмэгтэй,2025,50.4
Хангайн бүс,55-59,Эмэгтэй,2024,50.0
Хангайн бүс,55-59,Эмэгтэй,2023,55.2
Хангайн бүс,55-59,Эмэгтэй,2022,33.8
Хангайн бүс,55-59,Эмэгтэй,2021,31.3
Хангайн бүс,55-59,Эмэгтэй,2020,32.9
Хангайн бүс,55-59,Эмэгтэй,2019,48.0
Хангайн бүс,55-59,Эмэгтэй,2018,45.9
Хангайн бүс,55-59,Эмэгтэй,2017,48.1
Хангайн бүс,55-59,Эмэгтэй,2016,54.2
Хангайн бүс,55-59,Эмэгтэй,2015,47.6
Хангайн бүс,55-59,Эмэгтэй,2014,52.0
Хангайн бүс,55-59,Эмэгтэй,2013,48.1
Хангайн бүс,55-59,Эмэгтэй,2012,57.5
Хангайн бүс,55-59,Эмэгтэй,2011,49.8
Хангайн бүс,55-59,Эмэгтэй,2010,52.1
Хангайн бүс,55-59,Эмэгтэй,2009,53.2
Хангайн бүс,60-64,Нийт,2025,44.3
Хангайн бүс,60-64,Нийт,2024,39.0
Хангайн бүс,60-64,Нийт,2023,36.7
Хангайн бүс,60-64,Нийт,2022,47.2
Хангайн бүс,60-64,Нийт,2021,28.2
Хангайн бүс,60-64,Нийт,2020,28.2
Хангайн бүс,60-64,Нийт,2019,38.5
Хангайн бүс,60-64,Нийт,2018,34.1
Хангайн бүс,60-64,Нийт,2017,35.6
Хангайн бүс,60-64,Нийт,2016,46.1
Хангайн бүс,60-64,Нийт,2015,39.0
Хангайн бүс,60-64,Нийт,2014,29.6
Хангайн бүс,60-64,Нийт,2013,46.5
Хангайн бүс,60-64,Нийт,2012,40.5
Хангайн бүс,60-64,Нийт,2011,29.4
Хангайн бүс,60-64,Нийт,2010,39.2
Хангайн бүс,60-64,Нийт,2009,40.2
Хангайн бүс,60-64,Эрэгтэй,2025,46.2
Хангайн бүс,60-64,Эрэгтэй,2024,46.3
Хангайн бүс,60-64,Эрэгтэй,2023,48.0
Хангайн бүс,60-64,Эрэгтэй,2022,39.9
Хангайн бүс,60-64,Эрэгтэй,2021,25.8
Хангайн бүс,60-64,Эрэгтэй,2020,31.8
Хангайн бүс,60-64,Эрэгтэй,2019,48.4
Хангайн бүс,60-64,Эрэгтэй,2018,45.7
Хангайн бүс,60-64,Эрэгтэй,2017,38.0
Хангайн бүс,60-64,Эрэгтэй,2016,53.2
Хангайн бүс,60-64,Эрэгтэй,2015,46.9
Хангайн бүс,60-64,Эрэгтэй,2014,36.2
Хангайн бүс,60-64,Эрэгтэй,2013,51.3
Хангайн бүс,60-64,Эрэгтэй,2012,52.6
Хангайн бүс,60-64,Эрэгтэй,2011,32.0
Хангайн бүс,60-64,Эрэгтэй,2010,45.1
Хангайн бүс,60-64,Эрэгтэй,2009,41.2
Хангайн бүс,60-64,Эмэгтэй,2025,42.5
Хангайн бүс,60-64,Эмэгтэй,2024,33.2
Хангайн бүс,60-64,Эмэгтэй,2023,29.6
Хангайн бүс,60-64,Эмэгтэй,2022,53.1
Хангайн бүс,60-64,Эмэгтэй,2021,30.2
Хангайн бүс,60-64,Эмэгтэй,2020,25.9
Хангайн бүс,60-64,Эмэгтэй,2019,29.2
Хангайн бүс,60-64,Эмэгтэй,2018,26.1
Хангайн бүс,60-64,Эмэгтэй,2017,33.1
Хангайн бүс,60-64,Эмэгтэй,2016,37.5
Хангайн бүс,60-64,Эмэгтэй,2015,32.7
Хангайн бүс,60-64,Эмэгтэй,2014,23.3
Хангайн бүс,60-64,Эмэгтэй,2013,40.1
Хангайн бүс,60-64,Эмэгтэй,2012,27.7
Хангайн бүс,60-64,Эмэгтэй,2011,27.3
Хангайн бүс,60-64,Эмэгтэй,2010,33.9
Хангайн бүс,60-64,Эмэгтэй,2009,39.5
Хангайн бүс,65-69,Нийт,2025,29.8
Хангайн бүс,65-69,Нийт,2024,30.2
Хангайн бүс,65-69,Нийт,2023,27.2
Хангайн бүс,65-69,Нийт,2022,30.6
Хангайн бүс,65-69,Нийт,2021,24.0
Хангайн бүс,65-69,Нийт,2020,32.7
Хангайн бүс,65-69,Нийт,2019,26.1
Хангайн бүс,65-69,Нийт,2018,21.0
Хангайн бүс,65-69,Нийт,2017,32.0
Хангайн бүс,65-69,Нийт,2016,33.9
Хангайн бүс,65-69,Нийт,2015,31.4
Хангайн бүс,65-69,Нийт,2014,34.8
Хангайн бүс,65-69,Нийт,2013,44.6
Хангайн бүс,65-69,Нийт,2012,14.7
Хангайн бүс,65-69,Нийт,2011,13.6
Хангайн бүс,65-69,Нийт,2010,30.2
Хангайн бүс,65-69,Нийт,2009,29.6
Хангайн бүс,65-69,Эрэгтэй,2025,29.7
Хангайн бүс,65-69,Эрэгтэй,2024,31.7
Хангайн бүс,65-69,Эрэгтэй,2023,40.7
Хангайн бүс,65-69,Эрэгтэй,2022,45.6
Хангайн бүс,65-69,Эрэгтэй,2021,27.5
Хангайн бүс,65-69,Эрэгтэй,2020,32.0
Хангайн бүс,65-69,Эрэгтэй,2019,38.6
Хангайн бүс,65-69,Эрэгтэй,2018,20.6
Хангайн бүс,65-69,Эрэгтэй,2017,36.8
Хангайн бүс,65-69,Эрэгтэй,2016,30.1
Хангайн бүс,65-69,Эрэгтэй,2015,30.1
Хангайн бүс,65-69,Эрэгтэй,2014,34.2
Хангайн бүс,65-69,Эрэгтэй,2013,39.3
Хангайн бүс,65-69,Эрэгтэй,2012,13.5
Хангайн бүс,65-69,Эрэгтэй,2011,17.6
Хангайн бүс,65-69,Эрэгтэй,2010,35.6
Хангайн бүс,65-69,Эрэгтэй,2009,40.6
Хангайн бүс,65-69,Эмэгтэй,2025,29.8
Хангайн бүс,65-69,Эмэгтэй,2024,29.1
Хангайн бүс,65-69,Эмэгтэй,2023,17.6
Хангайн бүс,65-69,Эмэгтэй,2022,10.6
Хангайн бүс,65-69,Эмэгтэй,2021,19.7
Хангайн бүс,65-69,Эмэгтэй,2020,33.2
Хангайн бүс,65-69,Эмэгтэй,2019,3.9
Хангайн бүс,65-69,Эмэгтэй,2018,21.3
Хангайн бүс,65-69,Эмэгтэй,2017,28.8
Хангайн бүс,65-69,Эмэгтэй,2016,37.0
Хангайн бүс,65-69,Эмэгтэй,2015,32.4
Хангайн бүс,65-69,Эмэгтэй,2014,35.4
Хангайн бүс,65-69,Эмэгтэй,2013,48.6
Хангайн бүс,65-69,Эмэгтэй,2012,15.6
Хангайн бүс,65-69,Эмэгтэй,2011,10.3
Хангайн бүс,65-69,Эмэгтэй,2010,24.1
Хангайн бүс,65-69,Эмэгтэй,2009,15.4
Хангайн бүс,70+,Нийт,2025,16.7
Хангайн бүс,70+,Нийт,2024,10.4
Хангайн бүс,70+,Нийт,2023,13.8
Хангайн бүс,70+,Нийт,2022,4.9
Хангайн бүс,70+,Нийт,2021,10.5
Хангайн бүс,70+,Нийт,2020,4.6
Хангайн бүс,70+,Нийт,2019,2.6
Хангайн бүс,70+,Нийт,2018,10.2
Хангайн бүс,70+,Нийт,2017,11.5
Хангайн бүс,70+,Нийт,2016,17.5
Хангайн бүс,70+,Нийт,2015,17.2
Хангайн бүс,70+,Нийт,2014,14.5
Хангайн бүс,70+,Нийт,2013,15.0
Хангайн бүс,70+,Нийт,2012,14.9
Хангайн бүс,70+,Нийт,2011,14.3
Хангайн бүс,70+,Нийт,2010,19.9
Хангайн бүс,70+,Нийт,2009,6.9
Хангайн бүс,70+,Эрэгтэй,2025,22.1
Хангайн бүс,70+,Эрэгтэй,2024,21.9
Хангайн бүс,70+,Эрэгтэй,2023,17.7
Хангайн бүс,70+,Эрэгтэй,2022,11.2
Хангайн бүс,70+,Эрэгтэй,2021,11.8
Хангайн бүс,70+,Эрэгтэй,2020,4.4
Хангайн бүс,70+,Эрэгтэй,2019,5.0
Хангайн бүс,70+,Эрэгтэй,2018,13.3
Хангайн бүс,70+,Эрэгтэй,2017,13.5
Хангайн бүс,70+,Эрэгтэй,2016,27.0
Хангайн бүс,70+,Эрэгтэй,2015,20.7
Хангайн бүс,70+,Эрэгтэй,2014,25.1
Хангайн бүс,70+,Эрэгтэй,2013,27.3
Хангайн бүс,70+,Эрэгтэй,2012,19.7
Хангайн бүс,70+,Эрэгтэй,2011,23.4
Хангайн бүс,70+,Эрэгтэй,2010,25.3
Хангайн бүс,70+,Эрэгтэй,2009,7.8
Хангайн бүс,70+,Эмэгтэй,2025,13.9
Хангайн бүс,70+,Эмэгтэй,2024,6.0
Хангайн бүс,70+,Эмэгтэй,2023,10.3
Хангайн бүс,70+,Эмэгтэй,2022,1.3
Хангайн бүс,70+,Эмэгтэй,2021,9.9
Хангайн бүс,70+,Эмэгтэй,2020,4.8
Хангайн бүс,70+,Эмэгтэй,2019,0.0
Хангайн бүс,70+,Эмэгтэй,2018,7.9
Хангайн бүс,70+,Эмэгтэй,2017,9.3
Хангайн бүс,70+,Эмэгтэй,2016,11.5
Хангайн бүс,70+,Эмэгтэй,2015,14.1
Хангайн бүс,70+,Эмэгтэй,2014,7.3
Хангайн бүс,70+,Эмэгтэй,2013,7.4
Хангайн бүс,70+,Эмэгтэй,2012,10.2
Хангайн бүс,70+,Эмэгтэй,2011,7.2
Хангайн бүс,70+,Эмэгтэй,2010,15.5
Хангайн бүс,70+,Эмэгтэй,2009,6.2
Архангай,Бүгд,Нийт,2025,68.0
Архангай,Бүгд,Нийт,2024,63.7
Архангай,Бүгд,Нийт,2023,70.8
Архангай,Бүгд,Нийт,2022,76.6
Архангай,Бүгд,Нийт,2021,72.4
Архангай,Бүгд,Нийт,2020,72.0
Архангай,Бүгд,Нийт,2019,78.9
Архангай,Бүгд,Нийт,2018,77.8
Архангай,Бүгд,Нийт,2017,75.5
Архангай,Бүгд,Нийт,2016,76.0
Архангай,Бүгд,Нийт,2015,71.8
Архангай,Бүгд,Нийт,2014,77.8
Архангай,Бүгд,Нийт,2013,78.2
Архангай,Бүгд,Нийт,2012,81.4
Архангай,Бүгд,Нийт,2011,80.7
Архангай,Бүгд,Нийт,2010,78.6
Архангай,Бүгд,Нийт,2009,76.8
Архангай,Бүгд,Эрэгтэй,2025,75.6
Архангай,Бүгд,Эрэгтэй,2024,70.4
Архангай,Бүгд,Эрэгтэй,2023,72.4
Архангай,Бүгд,Эрэгтэй,2022,82.2
Архангай,Бүгд,Эрэгтэй,2021,78.3
Архангай,Бүгд,Эрэгтэй,2020,75.4
Архангай,Бүгд,Эрэгтэй,2019,84.7
Архангай,Бүгд,Эрэгтэй,2018,81.1
Архангай,Бүгд,Эрэгтэй,2017,77.0
Архангай,Бүгд,Эрэгтэй,2016,80.0
Архангай,Бүгд,Эрэгтэй,2015,74.0
Архангай,Бүгд,Эрэгтэй,2014,79.4
Архангай,Бүгд,Эрэгтэй,2013,79.8
Архангай,Бүгд,Эрэгтэй,2012,84.1
Архангай,Бүгд,Эрэгтэй,2011,84.8
Архангай,Бүгд,Эрэгтэй,2010,81.8
Архангай,Бүгд,Эрэгтэй,2009,78.5
Архангай,Бүгд,Эмэгтэй,2025,60.8
Архангай,Бүгд,Эмэгтэй,2024,57.2
Архангай,Бүгд,Эмэгтэй,2023,69.2
Архангай,Бүгд,Эмэгтэй,2022,71.4
Архангай,Бүгд,Эмэгтэй,2021,66.8
Архангай,Бүгд,Эмэгтэй,2020,68.8
Архангай,Бүгд,Эмэгтэй,2019,72.4
Архангай,Бүгд,Эмэгтэй,2018,74.4
Архангай,Бүгд,Эмэгтэй,2017,74.0
Архангай,Бүгд,Эмэгтэй,2016,72.0
Архангай,Бүгд,Эмэгтэй,2015,69.6
Архангай,Бүгд,Эмэгтэй,2014,76.2
Архангай,Бүгд,Эмэгтэй,2013,76.5
Архангай,Бүгд,Эмэгтэй,2012,78.9
Архангай,Бүгд,Эмэгтэй,2011,76.9
Архангай,Бүгд,Эмэгтэй,2010,75.4
Архангай,Бүгд,Эмэгтэй,2009,74.9
Архангай,15-19,Нийт,2025,6.6
Архангай,15-19,Нийт,2024,9.6
Архангай,15-19,Нийт,2023,10.2
Архангай,15-19,Нийт,2022,34.4
Архангай,15-19,Нийт,2021,14.3
Архангай,15-19,Нийт,2020,7.8
Архангай,15-19,Нийт,2019,28.1
Архангай,15-19,Нийт,2018,21.0
Архангай,15-19,Нийт,2017,19.8
Архангай,15-19,Нийт,2016,9.9
Архангай,15-19,Нийт,2015,8.4
Архангай,15-19,Нийт,2014,26.5
Архангай,15-19,Нийт,2013,43.2
Архангай,15-19,Нийт,2012,67.2
Архангай,15-19,Нийт,2011,48.0
Архангай,15-19,Нийт,2010,39.3
Архангай,15-19,Нийт,2009,41.3
Архангай,15-19,Эрэгтэй,2025,11.8
Архангай,15-19,Эрэгтэй,2024,17.8
Архангай,15-19,Эрэгтэй,2023,10.8
Архангай,15-19,Эрэгтэй,2022,34.7
Архангай,15-19,Эрэгтэй,2021,18.0
Архангай,15-19,Эрэгтэй,2020,3.3
Архангай,15-19,Эрэгтэй,2019,34.1
Архангай,15-19,Эрэгтэй,2018,29.8
Архангай,15-19,Эрэгтэй,2017,26.9
Архангай,15-19,Эрэгтэй,2016,10.1
Архангай,15-19,Эрэгтэй,2015,10.7
Архангай,15-19,Эрэгтэй,2014,34.3
Архангай,15-19,Эрэгтэй,2013,45.9
Архангай,15-19,Эрэгтэй,2012,63.7
Архангай,15-19,Эрэгтэй,2011,55.6
Архангай,15-19,Эрэгтэй,2010,45.2
Архангай,15-19,Эрэгтэй,2009,51.4
Архангай,15-19,Эмэгтэй,2025,2.4
Архангай,15-19,Эмэгтэй,2024,0.0
Архангай,15-19,Эмэгтэй,2023,9.0
Архангай,15-19,Эмэгтэй,2022,33.9
Архангай,15-19,Эмэгтэй,2021,11.3
Архангай,15-19,Эмэгтэй,2020,12.5
Архангай,15-19,Эмэгтэй,2019,16.9
Архангай,15-19,Эмэгтэй,2018,5.4
Архангай,15-19,Эмэгтэй,2017,11.1
Архангай,15-19,Эмэгтэй,2016,9.5
Архангай,15-19,Эмэгтэй,2015,5.1
Архангай,15-19,Эмэгтэй,2014,19.3
Архангай,15-19,Эмэгтэй,2013,39.6
Архангай,15-19,Эмэгтэй,2012,70.2
Архангай,15-19,Эмэгтэй,2011,40.3
Архангай,15-19,Эмэгтэй,2010,31.3
Архангай,15-19,Эмэгтэй,2009,24.2
Архангай,20-24,Нийт,2025,78.6
Архангай,20-24,Нийт,2024,97.2
Архангай,20-24,Нийт,2023,85.7
Архангай,20-24,Нийт,2022,81.4
Архангай,20-24,Нийт,2021,70.8
Архангай,20-24,Нийт,2020,79.4
Архангай,20-24,Нийт,2019,92.6
Архангай,20-24,Нийт,2018,79.1
Архангай,20-24,Нийт,2017,81.1
Архангай,20-24,Нийт,2016,88.4
Архангай,20-24,Нийт,2015,62.8
Архангай,20-24,Нийт,2014,86.7
Архангай,20-24,Нийт,2013,74.9
Архангай,20-24,Нийт,2012,84.8
Архангай,20-24,Нийт,2011,80.3
Архангай,20-24,Нийт,2010,80.7
Архангай,20-24,Нийт,2009,74.8
Архангай,20-24,Эрэгтэй,2025,79.0
Архангай,20-24,Эрэгтэй,2024,100.0
Архангай,20-24,Эрэгтэй,2023,100.0
Архангай,20-24,Эрэгтэй,2022,97.9
Архангай,20-24,Эрэгтэй,2021,87.5
Архангай,20-24,Эрэгтэй,2020,81.8
Архангай,20-24,Эрэгтэй,2019,95.3
Архангай,20-24,Эрэгтэй,2018,91.7
Архангай,20-24,Эрэгтэй,2017,81.3
Архангай,20-24,Эрэгтэй,2016,94.6
Архангай,20-24,Эрэгтэй,2015,67.0
Архангай,20-24,Эрэгтэй,2014,88.7
Архангай,20-24,Эрэгтэй,2013,77.2
Архангай,20-24,Эрэгтэй,2012,94.7
Архангай,20-24,Эрэгтэй,2011,87.8
Архангай,20-24,Эрэгтэй,2010,81.1
Архангай,20-24,Эрэгтэй,2009,73.3
Архангай,20-24,Эмэгтэй,2025,78.1
Архангай,20-24,Эмэгтэй,2024,95.1
Архангай,20-24,Эмэгтэй,2023,65.1
Архангай,20-24,Эмэгтэй,2022,61.5
Архангай,20-24,Эмэгтэй,2021,51.4
Архангай,20-24,Эмэгтэй,2020,76.3
Архангай,20-24,Эмэгтэй,2019,86.0
Архангай,20-24,Эмэгтэй,2018,58.8
Архангай,20-24,Эмэгтэй,2017,80.8
Архангай,20-24,Эмэгтэй,2016,75.2
Архангай,20-24,Эмэгтэй,2015,58.0
Архангай,20-24,Эмэгтэй,2014,84.4
Архангай,20-24,Эмэгтэй,2013,71.9
Архангай,20-24,Эмэгтэй,2012,76.5
Архангай,20-24,Эмэгтэй,2011,73.1
Архангай,20-24,Эмэгтэй,2010,80.3
Архангай,20-24,Эмэгтэй,2009,76.6
Архангай,25-29,Нийт,2025,75.4
Архангай,25-29,Нийт,2024,81.1
Архангай,25-29,Нийт,2023,95.3
Архангай,25-29,Нийт,2022,85.1
Архангай,25-29,Нийт,2021,98.4
Архангай,25-29,Нийт,2020,99.4
Архангай,25-29,Нийт,2019,95.7
Архангай,25-29,Нийт,2018,89.9
Архангай,25-29,Нийт,2017,94.5
Архангай,25-29,Нийт,2016,94.5
Архангай,25-29,Нийт,2015,91.0
Архангай,25-29,Нийт,2014,93.9
Архангай,25-29,Нийт,2013,91.7
Архангай,25-29,Нийт,2012,91.6
Архангай,25-29,Нийт,2011,94.4
Архангай,25-29,Нийт,2010,92.9
Архангай,25-29,Нийт,2009,92.8
Архангай,25-29,Эрэгтэй,2025,93.7
Архангай,25-29,Эрэгтэй,2024,83.5
Архангай,25-29,Эрэгтэй,2023,99.5
Архангай,25-29,Эрэгтэй,2022,88.4
Архангай,25-29,Эрэгтэй,2021,98.7
Архангай,25-29,Эрэгтэй,2020,100.0
Архангай,25-29,Эрэгтэй,2019,100.0
Архангай,25-29,Эрэгтэй,2018,93.5
Архангай,25-29,Эрэгтэй,2017,98.0
Архангай,25-29,Эрэгтэй,2016,98.2
Архангай,25-29,Эрэгтэй,2015,97.2
Архангай,25-29,Эрэгтэй,2014,92.2
Архангай,25-29,Эрэгтэй,2013,93.0
Архангай,25-29,Эрэгтэй,2012,92.5
Архангай,25-29,Эрэгтэй,2011,94.3
Архангай,25-29,Эрэгтэй,2010,96.2
Архангай,25-29,Эрэгтэй,2009,96.7
Архангай,25-29,Эмэгтэй,2025,53.6
Архангай,25-29,Эмэгтэй,2024,72.0
Архангай,25-29,Эмэгтэй,2023,89.5
Архангай,25-29,Эмэгтэй,2022,80.4
Архангай,25-29,Эмэгтэй,2021,98.0
Архангай,25-29,Эмэгтэй,2020,98.8
Архангай,25-29,Эмэгтэй,2019,89.7
Архангай,25-29,Эмэгтэй,2018,86.1
Архангай,25-29,Эмэгтэй,2017,90.6
Архангай,25-29,Эмэгтэй,2016,90.2
Архангай,25-29,Эмэгтэй,2015,85.3
Архангай,25-29,Эмэгтэй,2014,95.2
Архангай,25-29,Эмэгтэй,2013,90.5
Архангай,25-29,Эмэгтэй,2012,90.6
Архангай,25-29,Эмэгтэй,2011,94.5
Архангай,25-29,Эмэгтэй,2010,89.5
Архангай,25-29,Эмэгтэй,2009,88.4
Архангай,30-34,Нийт,2025,88.4
Архангай,30-34,Нийт,2024,98.8
Архангай,30-34,Нийт,2023,95.5
Архангай,30-34,Нийт,2022,95.7
Архангай,30-34,Нийт,2021,97.0
Архангай,30-34,Нийт,2020,94.0
Архангай,30-34,Нийт,2019,88.3
Архангай,30-34,Нийт,2018,95.7
Архангай,30-34,Нийт,2017,95.1
Архангай,30-34,Нийт,2016,95.5
Архангай,30-34,Нийт,2015,100.0
Архангай,30-34,Нийт,2014,95.6
Архангай,30-34,Нийт,2013,100.0
Архангай,30-34,Нийт,2012,96.0
Архангай,30-34,Нийт,2011,97.9
Архангай,30-34,Нийт,2010,96.1
Архангай,30-34,Нийт,2009,95.2
Архангай,30-34,Эрэгтэй,2025,100.0
Архангай,30-34,Эрэгтэй,2024,100.0
Архангай,30-34,Эрэгтэй,2023,100.0
Архангай,30-34,Эрэгтэй,2022,98.8
Архангай,30-34,Эрэгтэй,2021,100.0
Архангай,30-34,Эрэгтэй,2020,100.0
Архангай,30-34,Эрэгтэй,2019,95.5
Архангай,30-34,Эрэгтэй,2018,100.0
Архангай,30-34,Эрэгтэй,2017,93.5
Архангай,30-34,Эрэгтэй,2016,98.1
Архангай,30-34,Эрэгтэй,2015,100.0
Архангай,30-34,Эрэгтэй,2014,96.5
Архангай,30-34,Эрэгтэй,2013,100.0
Архангай,30-34,Эрэгтэй,2012,98.2
Архангай,30-34,Эрэгтэй,2011,95.2
Архангай,30-34,Эрэгтэй,2010,96.2
Архангай,30-34,Эрэгтэй,2009,93.6
Архангай,30-34,Эмэгтэй,2025,78.2
Архангай,30-34,Эмэгтэй,2024,97.7
Архангай,30-34,Эмэгтэй,2023,93.0
Архангай,30-34,Эмэгтэй,2022,92.7
Архангай,30-34,Эмэгтэй,2021,94.8
Архангай,30-34,Эмэгтэй,2020,89.0
Архангай,30-34,Эмэгтэй,2019,82.4
Архангай,30-34,Эмэгтэй,2018,91.7
Архангай,30-34,Эмэгтэй,2017,96.4
Архангай,30-34,Эмэгтэй,2016,93.3
Архангай,30-34,Эмэгтэй,2015,100.0
Архангай,30-34,Эмэгтэй,2014,94.7
Архангай,30-34,Эмэгтэй,2013,100.0
Архангай,30-34,Эмэгтэй,2012,93.9
Архангай,30-34,Эмэгтэй,2011,100.0
Архангай,30-34,Эмэгтэй,2010,95.9
Архангай,30-34,Эмэгтэй,2009,96.7
Архангай,35-39,Нийт,2025,94.5
Архангай,35-39,Нийт,2024,89.9
Архангай,35-39,Нийт,2023,91.1
Архангай,35-39,Нийт,2022,93.2
Архангай,35-39,Нийт,2021,97.0
Архангай,35-39,Нийт,2020,94.0
Архангай,35-39,Нийт,2019,90.1
Архангай,35-39,Нийт,2018,96.0
Архангай,35-39,Нийт,2017,94.9
Архангай,35-39,Нийт,2016,93.3
Архангай,35-39,Нийт,2015,96.8
Архангай,35-39,Нийт,2014,97.4
Архангай,35-39,Нийт,2013,94.5
Архангай,35-39,Нийт,2012,96.0
Архангай,35-39,Нийт,2011,96.5
Архангай,35-39,Нийт,2010,96.6
Архангай,35-39,Нийт,2009,96.0
Архангай,35-39,Эрэгтэй,2025,99.3
Архангай,35-39,Эрэгтэй,2024,94.7
Архангай,35-39,Эрэгтэй,2023,87.3
Архангай,35-39,Эрэгтэй,2022,96.8
Архангай,35-39,Эрэгтэй,2021,94.5
Архангай,35-39,Эрэгтэй,2020,96.1
Архангай,35-39,Эрэгтэй,2019,95.9
Архангай,35-39,Эрэгтэй,2018,97.1
Архангай,35-39,Эрэгтэй,2017,95.5
Архангай,35-39,Эрэгтэй,2016,95.9
Архангай,35-39,Эрэгтэй,2015,100.0
Архангай,35-39,Эрэгтэй,2014,94.9
Архангай,35-39,Эрэгтэй,2013,96.8
Архангай,35-39,Эрэгтэй,2012,100.0
Архангай,35-39,Эрэгтэй,2011,98.0
Архангай,35-39,Эрэгтэй,2010,95.7
Архангай,35-39,Эрэгтэй,2009,92.8
Архангай,35-39,Эмэгтэй,2025,88.2
Архангай,35-39,Эмэгтэй,2024,86.6
Архангай,35-39,Эмэгтэй,2023,95.0
Архангай,35-39,Эмэгтэй,2022,90.5
Архангай,35-39,Эмэгтэй,2021,100.0
Архангай,35-39,Эмэгтэй,2020,91.6
Архангай,35-39,Эмэгтэй,2019,85.4
Архангай,35-39,Эмэгтэй,2018,94.8
Архангай,35-39,Эмэгтэй,2017,94.4
Архангай,35-39,Эмэгтэй,2016,90.2
Архангай,35-39,Эмэгтэй,2015,94.0
Архангай,35-39,Эмэгтэй,2014,100.0
Архангай,35-39,Эмэгтэй,2013,92.8
Архангай,35-39,Эмэгтэй,2012,91.9
Архангай,35-39,Эмэгтэй,2011,95.0
Архангай,35-39,Эмэгтэй,2010,97.7
Архангай,35-39,Эмэгтэй,2009,100.0
Архангай,40-44,Нийт,2025,96.1
Архангай,40-44,Нийт,2024,92.3
Архангай,40-44,Нийт,2023,94.4
Архангай,40-44,Нийт,2022,96.4
Архангай,40-44,Нийт,2021,89.4
Архангай,40-44,Нийт,2020,95.5
Архангай,40-44,Нийт,2019,96.9
Архангай,40-44,Нийт,2018,92.5
Архангай,40-44,Нийт,2017,96.6
Архангай,40-44,Нийт,2016,96.3
Архангай,40-44,Нийт,2015,96.6
Архангай,40-44,Нийт,2014,96.0
Архангай,40-44,Нийт,2013,98.0
Архангай,40-44,Нийт,2012,94.6
Архангай,40-44,Нийт,2011,100.0
Архангай,40-44,Нийт,2010,97.8
Архангай,40-44,Нийт,2009,98.3
Архангай,40-44,Эрэгтэй,2025,94.8
Архангай,40-44,Эрэгтэй,2024,90.2
Архангай,40-44,Эрэгтэй,2023,90.2
Архангай,40-44,Эрэгтэй,2022,100.0
Архангай,40-44,Эрэгтэй,2021,92.2
Архангай,40-44,Эрэгтэй,2020,100.0
Архангай,40-44,Эрэгтэй,2019,100.0
Архангай,40-44,Эрэгтэй,2018,93.3
Архангай,40-44,Эрэгтэй,2017,100.0
Архангай,40-44,Эрэгтэй,2016,96.6
Архангай,40-44,Эрэгтэй,2015,98.3
Архангай,40-44,Эрэгтэй,2014,93.9
Архангай,40-44,Эрэгтэй,2013,97.2
Архангай,40-44,Эрэгтэй,2012,96.4
Архангай,40-44,Эрэгтэй,2011,100.0
Архангай,40-44,Эрэгтэй,2010,98.3
Архангай,40-44,Эрэгтэй,2009,100.0
Архангай,40-44,Эмэгтэй,2025,97.2
Архангай,40-44,Эмэгтэй,2024,94.2
Архангай,40-44,Эмэгтэй,2023,100.0
Архангай,40-44,Эмэгтэй,2022,93.0
Архангай,40-44,Эмэгтэй,2021,87.5
Архангай,40-44,Эмэгтэй,2020,92.5
Архангай,40-44,Эмэгтэй,2019,93.0
Архангай,40-44,Эмэгтэй,2018,91.9
Архангай,40-44,Эмэгтэй,2017,93.6
Архангай,40-44,Эмэгтэй,2016,96.0
Архангай,40-44,Эмэгтэй,2015,95.2
Архангай,40-44,Эмэгтэй,2014,98.2
Архангай,40-44,Эмэгтэй,2013,98.9
Архангай,40-44,Эмэгтэй,2012,93.0
Архангай,40-44,Эмэгтэй,2011,100.0
Архангай,40-44,Эмэгтэй,2010,97.4
Архангай,40-44,Эмэгтэй,2009,97.4
Архангай,45-49,Нийт,2025,95.4
Архангай,45-49,Нийт,2024,90.6
Архангай,45-49,Нийт,2023,98.4
Архангай,45-49,Нийт,2022,95.6
Архангай,45-49,Нийт,2021,90.8
Архангай,45-49,Нийт,2020,95.3
Архангай,45-49,Нийт,2019,96.3
Архангай,45-49,Нийт,2018,97.8
Архангай,45-49,Нийт,2017,89.0
Архангай,45-49,Нийт,2016,97.1
Архангай,45-49,Нийт,2015,95.3
Архангай,45-49,Нийт,2014,95.8
Архангай,45-49,Нийт,2013,98.3
Архангай,45-49,Нийт,2012,95.1
Архангай,45-49,Нийт,2011,92.7
Архангай,45-49,Нийт,2010,96.7
Архангай,45-49,Нийт,2009,97.3
Архангай,45-49,Эрэгтэй,2025,98.9
Архангай,45-49,Эрэгтэй,2024,94.2
Архангай,45-49,Эрэгтэй,2023,96.5
Архангай,45-49,Эрэгтэй,2022,98.3
Архангай,45-49,Эрэгтэй,2021,96.4
Архангай,45-49,Эрэгтэй,2020,97.1
Архангай,45-49,Эрэгтэй,2019,100.0
Архангай,45-49,Эрэгтэй,2018,98.4
Архангай,45-49,Эрэгтэй,2017,88.9
Архангай,45-49,Эрэгтэй,2016,97.0
Архангай,45-49,Эрэгтэй,2015,95.6
Архангай,45-49,Эрэгтэй,2014,94.3
Архангай,45-49,Эрэгтэй,2013,98.3
Архангай,45-49,Эрэгтэй,2012,93.2
Архангай,45-49,Эрэгтэй,2011,95.5
Архангай,45-49,Эрэгтэй,2010,98.6
Архангай,45-49,Эрэгтэй,2009,96.0
Архангай,45-49,Эмэгтэй,2025,91.1
Архангай,45-49,Эмэгтэй,2024,86.2
Архангай,45-49,Эмэгтэй,2023,100.0
Архангай,45-49,Эмэгтэй,2022,93.1
Архангай,45-49,Эмэгтэй,2021,83.0
Архангай,45-49,Эмэгтэй,2020,93.5
Архангай,45-49,Эмэгтэй,2019,93.1
Архангай,45-49,Эмэгтэй,2018,97.3
Архангай,45-49,Эмэгтэй,2017,89.1
Архангай,45-49,Эмэгтэй,2016,97.2
Архангай,45-49,Эмэгтэй,2015,94.9
Архангай,45-49,Эмэгтэй,2014,97.0
Архангай,45-49,Эмэгтэй,2013,98.3
Архангай,45-49,Эмэгтэй,2012,97.1
Архангай,45-49,Эмэгтэй,2011,89.9
Архангай,45-49,Эмэгтэй,2010,94.5
Архангай,45-49,Эмэгтэй,2009,100.0
Архангай,50-54,Нийт,2025,94.8
Архангай,50-54,Нийт,2024,76.0
Архангай,50-54,Нийт,2023,88.1
Архангай,50-54,Нийт,2022,85.6
Архангай,50-54,Нийт,2021,97.6
Архангай,50-54,Нийт,2020,85.5
Архангай,50-54,Нийт,2019,73.4
Архангай,50-54,Нийт,2018,86.6
Архангай,50-54,Нийт,2017,88.4
Архангай,50-54,Нийт,2016,90.8
Архангай,50-54,Нийт,2015,85.7
Архангай,50-54,Нийт,2014,86.1
Архангай,50-54,Нийт,2013,88.8
Архангай,50-54,Нийт,2012,81.4
Архангай,50-54,Нийт,2011,91.5
Архангай,50-54,Нийт,2010,86.0
Архангай,50-54,Нийт,2009,88.7
Архангай,50-54,Эрэгтэй,2025,100.0
Архангай,50-54,Эрэгтэй,2024,93.0
Архангай,50-54,Эрэгтэй,2023,87.7
Архангай,50-54,Эрэгтэй,2022,98.4
Архангай,50-54,Эрэгтэй,2021,98.5
Архангай,50-54,Эрэгтэй,2020,92.0
Архангай,50-54,Эрэгтэй,2019,79.1
Архангай,50-54,Эрэгтэй,2018,88.2
Архангай,50-54,Эрэгтэй,2017,91.8
Архангай,50-54,Эрэгтэй,2016,98.1
Архангай,50-54,Эрэгтэй,2015,89.1
Архангай,50-54,Эрэгтэй,2014,87.5
Архангай,50-54,Эрэгтэй,2013,92.8
Архангай,50-54,Эрэгтэй,2012,80.3
Архангай,50-54,Эрэгтэй,2011,91.2
Архангай,50-54,Эрэгтэй,2010,97.4
Архангай,50-54,Эрэгтэй,2009,94.7
Архангай,50-54,Эмэгтэй,2025,90.9
Архангай,50-54,Эмэгтэй,2024,63.6
Архангай,50-54,Эмэгтэй,2023,88.3
Архангай,50-54,Эмэгтэй,2022,79.2
Архангай,50-54,Эмэгтэй,2021,96.9
Архангай,50-54,Эмэгтэй,2020,79.5
Архангай,50-54,Эмэгтэй,2019,65.8
Архангай,50-54,Эмэгтэй,2018,84.8
Архангай,50-54,Эмэгтэй,2017,85.6
Архангай,50-54,Эмэгтэй,2016,83.2
Архангай,50-54,Эмэгтэй,2015,81.2
Архангай,50-54,Эмэгтэй,2014,84.3
Архангай,50-54,Эмэгтэй,2013,84.8
Архангай,50-54,Эмэгтэй,2012,82.3
Архангай,50-54,Эмэгтэй,2011,91.7
Архангай,50-54,Эмэгтэй,2010,74.5
Архангай,50-54,Эмэгтэй,2009,82.2
Архангай,55-59,Нийт,2025,64.8
Архангай,55-59,Нийт,2024,54.4
Архангай,55-59,Нийт,2023,46.2
Архангай,55-59,Нийт,2022,58.7
Архангай,55-59,Нийт,2021,57.7
Архангай,55-59,Нийт,2020,76.8
Архангай,55-59,Нийт,2019,69.8
Архангай,55-59,Нийт,2018,76.0
Архангай,55-59,Нийт,2017,66.3
Архангай,55-59,Нийт,2016,71.5
Архангай,55-59,Нийт,2015,59.2
Архангай,55-59,Нийт,2014,67.7
Архангай,55-59,Нийт,2013,57.1
Архангай,55-59,Нийт,2012,77.8
Архангай,55-59,Нийт,2011,74.6
Архангай,55-59,Нийт,2010,62.8
Архангай,55-59,Нийт,2009,53.1
Архангай,55-59,Эрэгтэй,2025,90.3
Архангай,55-59,Эрэгтэй,2024,76.1
Архангай,55-59,Эрэгтэй,2023,57.4
Архангай,55-59,Эрэгтэй,2022,81.7
Архангай,55-59,Эрэгтэй,2021,87.1
Архангай,55-59,Эрэгтэй,2020,92.8
Архангай,55-59,Эрэгтэй,2019,84.4
Архангай,55-59,Эрэгтэй,2018,89.1
Архангай,55-59,Эрэгтэй,2017,76.0
Архангай,55-59,Эрэгтэй,2016,84.5
Архангай,55-59,Эрэгтэй,2015,86.2
Архангай,55-59,Эрэгтэй,2014,71.8
Архангай,55-59,Эрэгтэй,2013,78.0
Архангай,55-59,Эрэгтэй,2012,85.1
Архангай,55-59,Эрэгтэй,2011,92.1
Архангай,55-59,Эрэгтэй,2010,87.1
Архангай,55-59,Эрэгтэй,2009,65.3
Архангай,55-59,Эмэгтэй,2025,44.7
Архангай,55-59,Эмэгтэй,2024,43.1
Архангай,55-59,Эмэгтэй,2023,38.8
Архангай,55-59,Эмэгтэй,2022,40.1
Архангай,55-59,Эмэгтэй,2021,29.4
Архангай,55-59,Эмэгтэй,2020,56.6
Архангай,55-59,Эмэгтэй,2019,57.5
Архангай,55-59,Эмэгтэй,2018,63.8
Архангай,55-59,Эмэгтэй,2017,57.5
Архангай,55-59,Эмэгтэй,2016,62.8
Архангай,55-59,Эмэгтэй,2015,44.3
Архангай,55-59,Эмэгтэй,2014,64.6
Архангай,55-59,Эмэгтэй,2013,43.6
Архангай,55-59,Эмэгтэй,2012,72.1
Архангай,55-59,Эмэгтэй,2011,57.6
Архангай,55-59,Эмэгтэй,2010,49.0
Архангай,55-59,Эмэгтэй,2009,44.5
Архангай,60-64,Нийт,2025,37.3
Архангай,60-64,Нийт,2024,39.2
Архангай,60-64,Нийт,2023,34.1
Архангай,60-64,Нийт,2022,39.3
Архангай,60-64,Нийт,2021,18.7
Архангай,60-64,Нийт,2020,25.6
Архангай,60-64,Нийт,2019,55.8
Архангай,60-64,Нийт,2018,53.6
Архангай,60-64,Нийт,2017,43.4
Архангай,60-64,Нийт,2016,45.5
Архангай,60-64,Нийт,2015,50.0
Архангай,60-64,Нийт,2014,45.5
Архангай,60-64,Нийт,2013,31.1
Архангай,60-64,Нийт,2012,43.5
Архангай,60-64,Нийт,2011,42.0
Архангай,60-64,Нийт,2010,53.8
Архангай,60-64,Нийт,2009,33.1
Архангай,60-64,Эрэгтэй,2025,34.8
Архангай,60-64,Эрэгтэй,2024,42.5
Архангай,60-64,Эрэгтэй,2023,49.6
Архангай,60-64,Эрэгтэй,2022,40.6
Архангай,60-64,Эрэгтэй,2021,16.7
Архангай,60-64,Эрэгтэй,2020,16.3
Архангай,60-64,Эрэгтэй,2019,63.0
Архангай,60-64,Эрэгтэй,2018,66.5
Архангай,60-64,Эрэгтэй,2017,48.1
Архангай,60-64,Эрэгтэй,2016,63.7
Архангай,60-64,Эрэгтэй,2015,56.1
Архангай,60-64,Эрэгтэй,2014,53.4
Архангай,60-64,Эрэгтэй,2013,29.7
Архангай,60-64,Эрэгтэй,2012,61.1
Архангай,60-64,Эрэгтэй,2011,65.4
Архангай,60-64,Эрэгтэй,2010,55.3
Архангай,60-64,Эрэгтэй,2009,33.9
Архангай,60-64,Эмэгтэй,2025,40.4
Архангай,60-64,Эмэгтэй,2024,35.4
Архангай,60-64,Эмэгтэй,2023,24.2
Архангай,60-64,Эмэгтэй,2022,37.8
Архангай,60-64,Эмэгтэй,2021,20.4
Архангай,60-64,Эмэгтэй,2020,33.3
Архангай,60-64,Эмэгтэй,2019,46.6
Архангай,60-64,Эмэгтэй,2018,40.2
Архангай,60-64,Эмэгтэй,2017,36.9
Архангай,60-64,Эмэгтэй,2016,20.9
Архангай,60-64,Эмэгтэй,2015,43.3
Архангай,60-64,Эмэгтэй,2014,36.9
Архангай,60-64,Эмэгтэй,2013,33.0
Архангай,60-64,Эмэгтэй,2012,15.4
Архангай,60-64,Эмэгтэй,2011,26.9
Архангай,60-64,Эмэгтэй,2010,51.3
Архангай,60-64,Эмэгтэй,2009,32.2
Архангай,65-69,Нийт,2025,20.3
Архангай,65-69,Нийт,2024,23.3
Архангай,65-69,Нийт,2023,24.1
Архангай,65-69,Нийт,2022,27.8
Архангай,65-69,Нийт,2021,6.9
Архангай,65-69,Нийт,2020,43.9
Архангай,65-69,Нийт,2019,27.5
Архангай,65-69,Нийт,2018,31.6
Архангай,65-69,Нийт,2017,43.1
Архангай,65-69,Нийт,2016,24.6
Архангай,65-69,Нийт,2015,32.4
Архангай,65-69,Нийт,2014,31.7
Архангай,65-69,Нийт,2013,32.9
Архангай,65-69,Нийт,2012,21.6
Архангай,65-69,Нийт,2011,7.7
Архангай,65-69,Нийт,2010,37.4
Архангай,65-69,Нийт,2009,36.2
Архангай,65-69,Эрэгтэй,2025,26.2
Архангай,65-69,Эрэгтэй,2024,31.1
Архангай,65-69,Эрэгтэй,2023,31.3
Архангай,65-69,Эрэгтэй,2022,38.3
Архангай,65-69,Эрэгтэй,2021,2.4
Архангай,65-69,Эрэгтэй,2020,43.0
Архангай,65-69,Эрэгтэй,2019,23.3
Архангай,65-69,Эрэгтэй,2018,28.3
Архангай,65-69,Эрэгтэй,2017,66.5
Архангай,65-69,Эрэгтэй,2016,12.0
Архангай,65-69,Эрэгтэй,2015,37.4
Архангай,65-69,Эрэгтэй,2014,30.7
Архангай,65-69,Эрэгтэй,2013,24.2
Архангай,65-69,Эрэгтэй,2012,29.9
Архангай,65-69,Эрэгтэй,2011,7.9
Архангай,65-69,Эрэгтэй,2010,45.2
Архангай,65-69,Эрэгтэй,2009,41.3
Архангай,65-69,Эмэгтэй,2025,14.8
Архангай,65-69,Эмэгтэй,2024,16.9
Архангай,65-69,Эмэгтэй,2023,17.6
Архангай,65-69,Эмэгтэй,2022,11.1
Архангай,65-69,Эмэгтэй,2021,11.2
Архангай,65-69,Эмэгтэй,2020,44.6
Архангай,65-69,Эмэгтэй,2019,100.0
Архангай,65-69,Эмэгтэй,2018,33.7
Архангай,65-69,Эмэгтэй,2017,27.7
Архангай,65-69,Эмэгтэй,2016,31.5
Архангай,65-69,Эмэгтэй,2015,27.5
Архангай,65-69,Эмэгтэй,2014,32.7
Архангай,65-69,Эмэгтэй,2013,39.8
Архангай,65-69,Эмэгтэй,2012,16.7
Архангай,65-69,Эмэгтэй,2011,7.4
Архангай,65-69,Эмэгтэй,2010,28.0
Архангай,65-69,Эмэгтэй,2009,22.8
Архангай,70+,Нийт,2025,6.5
Архангай,70+,Нийт,2024,3.5
Архангай,70+,Нийт,2023,13.4
Архангай,70+,Нийт,2022,0.0
Архангай,70+,Нийт,2021,16.8
Архангай,70+,Нийт,2020,10.3
Архангай,70+,Нийт,2019,0.0
Архангай,70+,Нийт,2018,21.8
Архангай,70+,Нийт,2017,8.3
Архангай,70+,Нийт,2016,12.3
Архангай,70+,Нийт,2015,22.3
Архангай,70+,Нийт,2014,12.1
Архангай,70+,Нийт,2013,21.6
Архангай,70+,Нийт,2012,12.8
Архангай,70+,Нийт,2011,8.3
Архангай,70+,Нийт,2010,21.2
Архангай,70+,Нийт,2009,15.2
Архангай,70+,Эрэгтэй,2025,8.7
Архангай,70+,Эрэгтэй,2024,8.7
Архангай,70+,Эрэгтэй,2023,14.6
Архангай,70+,Эрэгтэй,2022,0.0
Архангай,70+,Эрэгтэй,2021,20.9
Архангай,70+,Эрэгтэй,2020,11.0
Архангай,70+,Эрэгтэй,2019,0.0
Архангай,70+,Эрэгтэй,2018,24.6
Архангай,70+,Эрэгтэй,2017,5.3
Архангай,70+,Эрэгтэй,2016,22.3
Архангай,70+,Эрэгтэй,2015,33.0
Архангай,70+,Эрэгтэй,2014,25.1
Архангай,70+,Эрэгтэй,2013,30.4
Архангай,70+,Эрэгтэй,2012,15.3
Архангай,70+,Эрэгтэй,2011,13.3
Архангай,70+,Эрэгтэй,2010,27.8
Архангай,70+,Эрэгтэй,2009,13.2
Архангай,70+,Эмэгтэй,2025,4.9
Архангай,70+,Эмэгтэй,2024,2.2
Архангай,70+,Эмэгтэй,2023,12.4
Архангай,70+,Эмэгтэй,2022,0.0
Архангай,70+,Эмэгтэй,2021,13.9
Архангай,70+,Эмэгтэй,2020,9.8
Архангай,70+,Эмэгтэй,2019,0.0
Архангай,70+,Эмэгтэй,2018,18.6
Архангай,70+,Эмэгтэй,2017,12.7
Архангай,70+,Эмэгтэй,2016,6.5
Архангай,70+,Эмэгтэй,2015,12.0
Архангай,70+,Эмэгтэй,2014,0.0
Архангай,70+,Эмэгтэй,2013,15.9
Архангай,70+,Эмэгтэй,2012,10.4
Архангай,70+,Эмэгтэй,2011,4.8
Архангай,70+,Эмэгтэй,2010,15.2
Архангай,70+,Эмэгтэй,2009,16.5
Баянхонгор,Бүгд,Нийт,2025,66.6
Баянхонгор,Бүгд,Нийт,2024,71.0
Баянхонгор,Бүгд,Нийт,2023,72.4
Баянхонгор,Бүгд,Нийт,2022,71.1
Баянхонгор,Бүгд,Нийт,2021,71.1
Баянхонгор,Бүгд,Нийт,2020,67.6
Баянхонгор,Бүгд,Нийт,2019,64.0
Баянхонгор,Бүгд,Нийт,2018,60.5
Баянхонгор,Бүгд,Нийт,2017,65.1
Баянхонгор,Бүгд,Нийт,2016,71.7
Баянхонгор,Бүгд,Нийт,2015,67.1
Баянхонгор,Бүгд,Нийт,2014,68.7
Баянхонгор,Бүгд,Нийт,2013,66.3
Баянхонгор,Бүгд,Нийт,2012,73.7
Баянхонгор,Бүгд,Нийт,2011,69.4
Баянхонгор,Бүгд,Нийт,2010,68.0
Баянхонгор,Бүгд,Нийт,2009,68.7
Баянхонгор,Бүгд,Эрэгтэй,2025,68.4
Баянхонгор,Бүгд,Эрэгтэй,2024,78.1
Баянхонгор,Бүгд,Эрэгтэй,2023,79.3
Баянхонгор,Бүгд,Эрэгтэй,2022,76.4
Баянхонгор,Бүгд,Эрэгтэй,2021,75.4
Баянхонгор,Бүгд,Эрэгтэй,2020,70.7
Баянхонгор,Бүгд,Эрэгтэй,2019,70.2
Баянхонгор,Бүгд,Эрэгтэй,2018,67.7
Баянхонгор,Бүгд,Эрэгтэй,2017,70.6
Баянхонгор,Бүгд,Эрэгтэй,2016,76.9
Баянхонгор,Бүгд,Эрэгтэй,2015,74.2
Баянхонгор,Бүгд,Эрэгтэй,2014,74.9
Баянхонгор,Бүгд,Эрэгтэй,2013,68.3
Баянхонгор,Бүгд,Эрэгтэй,2012,79.6
Баянхонгор,Бүгд,Эрэгтэй,2011,73.1
Баянхонгор,Бүгд,Эрэгтэй,2010,72.9
Баянхонгор,Бүгд,Эрэгтэй,2009,70.5
Баянхонгор,Бүгд,Эмэгтэй,2025,65.0
Баянхонгор,Бүгд,Эмэгтэй,2024,64.4
Баянхонгор,Бүгд,Эмэгтэй,2023,66.0
Баянхонгор,Бүгд,Эмэгтэй,2022,65.6
Баянхонгор,Бүгд,Эмэгтэй,2021,67.4
Баянхонгор,Бүгд,Эмэгтэй,2020,64.7
Баянхонгор,Бүгд,Эмэгтэй,2019,58.6
Баянхонгор,Бүгд,Эмэгтэй,2018,53.9
Баянхонгор,Бүгд,Эмэгтэй,2017,59.9
Баянхонгор,Бүгд,Эмэгтэй,2016,66.8
Баянхонгор,Бүгд,Эмэгтэй,2015,60.8
Баянхонгор,Бүгд,Эмэгтэй,2014,63.3
Баянхонгор,Бүгд,Эмэгтэй,2013,64.3
Баянхонгор,Бүгд,Эмэгтэй,2012,68.2
Баянхонгор,Бүгд,Эмэгтэй,2011,66.1
Баянхонгор,Бүгд,Эмэгтэй,2010,63.5
Баянхонгор,Бүгд,Эмэгтэй,2009,66.9
Баянхонгор,15-19,Нийт,2025,12.0
Баянхонгор,15-19,Нийт,2024,24.7
Баянхонгор,15-19,Нийт,2023,24.7
Баянхонгор,15-19,Нийт,2022,18.0
Баянхонгор,15-19,Нийт,2021,16.5
Баянхонгор,15-19,Нийт,2020,23.6
Баянхонгор,15-19,Нийт,2019,16.6
Баянхонгор,15-19,Нийт,2018,16.5
Баянхонгор,15-19,Нийт,2017,23.6
Баянхонгор,15-19,Нийт,2016,24.6
Баянхонгор,15-19,Нийт,2015,13.1
Баянхонгор,15-19,Нийт,2014,14.6
Баянхонгор,15-19,Нийт,2013,23.9
Баянхонгор,15-19,Нийт,2012,57.2
Баянхонгор,15-19,Нийт,2011,32.5
Баянхонгор,15-19,Нийт,2010,29.6
Баянхонгор,15-19,Нийт,2009,33.1
Баянхонгор,15-19,Эрэгтэй,2025,13.0
Баянхонгор,15-19,Эрэгтэй,2024,28.3
Баянхонгор,15-19,Эрэгтэй,2023,38.3
Баянхонгор,15-19,Эрэгтэй,2022,22.9
Баянхонгор,15-19,Эрэгтэй,2021,15.1
Баянхонгор,15-19,Эрэгтэй,2020,33.7
Баянхонгор,15-19,Эрэгтэй,2019,21.5
Баянхонгор,15-19,Эрэгтэй,2018,21.7
Баянхонгор,15-19,Эрэгтэй,2017,29.3
Баянхонгор,15-19,Эрэгтэй,2016,32.8
Баянхонгор,15-19,Эрэгтэй,2015,22.0
Баянхонгор,15-19,Эрэгтэй,2014,23.1
Баянхонгор,15-19,Эрэгтэй,2013,25.5
Баянхонгор,15-19,Эрэгтэй,2012,54.8
Баянхонгор,15-19,Эрэгтэй,2011,40.1
Баянхонгор,15-19,Эрэгтэй,2010,35.2
Баянхонгор,15-19,Эрэгтэй,2009,35.9
Баянхонгор,15-19,Эмэгтэй,2025,10.2
Баянхонгор,15-19,Эмэгтэй,2024,19.7
Баянхонгор,15-19,Эмэгтэй,2023,7.2
Баянхонгор,15-19,Эмэгтэй,2022,12.1
Баянхонгор,15-19,Эмэгтэй,2021,17.8
Баянхонгор,15-19,Эмэгтэй,2020,6.1
Баянхонгор,15-19,Эмэгтэй,2019,12.2
Баянхонгор,15-19,Эмэгтэй,2018,10.7
Баянхонгор,15-19,Эмэгтэй,2017,18.5
Баянхонгор,15-19,Эмэгтэй,2016,16.9
Баянхонгор,15-19,Эмэгтэй,2015,3.8
Баянхонгор,15-19,Эмэгтэй,2014,6.0
Баянхонгор,15-19,Эмэгтэй,2013,22.3
Баянхонгор,15-19,Эмэгтэй,2012,59.9
Баянхонгор,15-19,Эмэгтэй,2011,24.7
Баянхонгор,15-19,Эмэгтэй,2010,24.9
Баянхонгор,15-19,Эмэгтэй,2009,26.9
Баянхонгор,20-24,Нийт,2025,57.9
Баянхонгор,20-24,Нийт,2024,73.6
Баянхонгор,20-24,Нийт,2023,59.7
Баянхонгор,20-24,Нийт,2022,68.8
Баянхонгор,20-24,Нийт,2021,73.4
Баянхонгор,20-24,Нийт,2020,67.2
Баянхонгор,20-24,Нийт,2019,59.9
Баянхонгор,20-24,Нийт,2018,53.1
Баянхонгор,20-24,Нийт,2017,50.8
Баянхонгор,20-24,Нийт,2016,62.3
Баянхонгор,20-24,Нийт,2015,66.0
Баянхонгор,20-24,Нийт,2014,61.8
Баянхонгор,20-24,Нийт,2013,64.2
Баянхонгор,20-24,Нийт,2012,70.9
Баянхонгор,20-24,Нийт,2011,65.6
Баянхонгор,20-24,Нийт,2010,63.4
Баянхонгор,20-24,Нийт,2009,64.3
Баянхонгор,20-24,Эрэгтэй,2025,63.3
Баянхонгор,20-24,Эрэгтэй,2024,84.1
Баянхонгор,20-24,Эрэгтэй,2023,83.6
Баянхонгор,20-24,Эрэгтэй,2022,89.6
Баянхонгор,20-24,Эрэгтэй,2021,76.8
Баянхонгор,20-24,Эрэгтэй,2020,63.8
Баянхонгор,20-24,Эрэгтэй,2019,79.0
Баянхонгор,20-24,Эрэгтэй,2018,63.3
Баянхонгор,20-24,Эрэгтэй,2017,55.4
Баянхонгор,20-24,Эрэгтэй,2016,71.4
Баянхонгор,20-24,Эрэгтэй,2015,79.0
Баянхонгор,20-24,Эрэгтэй,2014,75.3
Баянхонгор,20-24,Эрэгтэй,2013,72.1
Баянхонгор,20-24,Эрэгтэй,2012,87.7
Баянхонгор,20-24,Эрэгтэй,2011,66.8
Баянхонгор,20-24,Эрэгтэй,2010,70.3
Баянхонгор,20-24,Эрэгтэй,2009,63.5
Баянхонгор,20-24,Эмэгтэй,2025,52.6
Баянхонгор,20-24,Эмэгтэй,2024,58.7
Баянхонгор,20-24,Эмэгтэй,2023,39.0
Баянхонгор,20-24,Эмэгтэй,2022,48.7
Баянхонгор,20-24,Эмэгтэй,2021,70.5
Баянхонгор,20-24,Эмэгтэй,2020,69.5
Баянхонгор,20-24,Эмэгтэй,2019,49.8
Баянхонгор,20-24,Эмэгтэй,2018,45.2
Баянхонгор,20-24,Эмэгтэй,2017,45.7
Баянхонгор,20-24,Эмэгтэй,2016,52.3
Баянхонгор,20-24,Эмэгтэй,2015,53.8
Баянхонгор,20-24,Эмэгтэй,2014,48.9
Баянхонгор,20-24,Эмэгтэй,2013,56.7
Баянхонгор,20-24,Эмэгтэй,2012,55.7
Баянхонгор,20-24,Эмэгтэй,2011,64.5
Баянхонгор,20-24,Эмэгтэй,2010,57.4
Баянхонгор,20-24,Эмэгтэй,2009,65.2
Баянхонгор,25-29,Нийт,2025,84.9
Баянхонгор,25-29,Нийт,2024,87.6
Баянхонгор,25-29,Нийт,2023,92.1
Баянхонгор,25-29,Нийт,2022,80.2
Баянхонгор,25-29,Нийт,2021,89.8
Баянхонгор,25-29,Нийт,2020,86.2
Баянхонгор,25-29,Нийт,2019,78.4
Баянхонгор,25-29,Нийт,2018,72.7
Баянхонгор,25-29,Нийт,2017,82.1
Баянхонгор,25-29,Нийт,2016,88.6
Баянхонгор,25-29,Нийт,2015,85.0
Баянхонгор,25-29,Нийт,2014,92.2
Баянхонгор,25-29,Нийт,2013,85.8
Баянхонгор,25-29,Нийт,2012,86.6
Баянхонгор,25-29,Нийт,2011,78.3
Баянхонгор,25-29,Нийт,2010,78.7
Баянхонгор,25-29,Нийт,2009,70.6
Баянхонгор,25-29,Эрэгтэй,2025,91.1
Баянхонгор,25-29,Эрэгтэй,2024,99.3
Баянхонгор,25-29,Эрэгтэй,2023,100.0
Баянхонгор,25-29,Эрэгтэй,2022,76.3
Баянхонгор,25-29,Эрэгтэй,2021,100.0
Баянхонгор,25-29,Эрэгтэй,2020,82.7
Баянхонгор,25-29,Эрэгтэй,2019,91.3
Баянхонгор,25-29,Эрэгтэй,2018,83.4
Баянхонгор,25-29,Эрэгтэй,2017,89.5
Баянхонгор,25-29,Эрэгтэй,2016,93.5
Баянхонгор,25-29,Эрэгтэй,2015,90.2
Баянхонгор,25-29,Эрэгтэй,2014,94.8
Баянхонгор,25-29,Эрэгтэй,2013,84.1
Баянхонгор,25-29,Эрэгтэй,2012,91.9
Баянхонгор,25-29,Эрэгтэй,2011,89.1
Баянхонгор,25-29,Эрэгтэй,2010,77.9
Баянхонгор,25-29,Эрэгтэй,2009,72.2
Баянхонгор,25-29,Эмэгтэй,2025,79.0
Баянхонгор,25-29,Эмэгтэй,2024,76.8
Баянхонгор,25-29,Эмэгтэй,2023,86.2
Баянхонгор,25-29,Эмэгтэй,2022,86.7
Баянхонгор,25-29,Эмэгтэй,2021,77.8
Баянхонгор,25-29,Эмэгтэй,2020,91.0
Баянхонгор,25-29,Эмэгтэй,2019,64.0
Баянхонгор,25-29,Эмэгтэй,2018,61.1
Баянхонгор,25-29,Эмэгтэй,2017,74.0
Баянхонгор,25-29,Эмэгтэй,2016,84.6
Баянхонгор,25-29,Эмэгтэй,2015,80.0
Баянхонгор,25-29,Эмэгтэй,2014,90.0
Баянхонгор,25-29,Эмэгтэй,2013,87.3
Баянхонгор,25-29,Эмэгтэй,2012,79.7
Баянхонгор,25-29,Эмэгтэй,2011,69.7
Баянхонгор,25-29,Эмэгтэй,2010,79.7
Баянхонгор,25-29,Эмэгтэй,2009,68.8
Баянхонгор,30-34,Нийт,2025,88.6
Баянхонгор,30-34,Нийт,2024,93.5
Баянхонгор,30-34,Нийт,2023,85.4
Баянхонгор,30-34,Нийт,2022,88.5
Баянхонгор,30-34,Нийт,2021,97.3
Баянхонгор,30-34,Нийт,2020,84.7
Баянхонгор,30-34,Нийт,2019,88.0
Баянхонгор,30-34,Нийт,2018,80.0
Баянхонгор,30-34,Нийт,2017,93.9
Баянхонгор,30-34,Нийт,2016,88.3
Баянхонгор,30-34,Нийт,2015,94.9
Баянхонгор,30-34,Нийт,2014,93.3
Баянхонгор,30-34,Нийт,2013,86.5
Баянхонгор,30-34,Нийт,2012,89.5
Баянхонгор,30-34,Нийт,2011,85.2
Баянхонгор,30-34,Нийт,2010,89.8
Баянхонгор,30-34,Нийт,2009,84.7
Баянхонгор,30-34,Эрэгтэй,2025,91.1
Баянхонгор,30-34,Эрэгтэй,2024,100.0
Баянхонгор,30-34,Эрэгтэй,2023,87.2
Баянхонгор,30-34,Эрэгтэй,2022,97.0
Баянхонгор,30-34,Эрэгтэй,2021,97.1
Баянхонгор,30-34,Эрэгтэй,2020,94.5
Баянхонгор,30-34,Эрэгтэй,2019,86.5
Баянхонгор,30-34,Эрэгтэй,2018,87.3
Баянхонгор,30-34,Эрэгтэй,2017,98.4
Баянхонгор,30-34,Эрэгтэй,2016,91.7
Баянхонгор,30-34,Эрэгтэй,2015,95.2
Баянхонгор,30-34,Эрэгтэй,2014,95.9
Баянхонгор,30-34,Эрэгтэй,2013,87.5
Баянхонгор,30-34,Эрэгтэй,2012,94.1
Баянхонгор,30-34,Эрэгтэй,2011,89.4
Баянхонгор,30-34,Эрэгтэй,2010,96.3
Баянхонгор,30-34,Эрэгтэй,2009,94.0
Баянхонгор,30-34,Эмэгтэй,2025,86.4
Баянхонгор,30-34,Эмэгтэй,2024,86.7
Баянхонгор,30-34,Эмэгтэй,2023,83.8
Баянхонгор,30-34,Эмэгтэй,2022,77.9
Баянхонгор,30-34,Эмэгтэй,2021,97.4
Баянхонгор,30-34,Эмэгтэй,2020,76.3
Баянхонгор,30-34,Эмэгтэй,2019,89.0
Баянхонгор,30-34,Эмэгтэй,2018,72.4
Баянхонгор,30-34,Эмэгтэй,2017,89.1
Баянхонгор,30-34,Эмэгтэй,2016,85.0
Баянхонгор,30-34,Эмэгтэй,2015,94.6
Баянхонгор,30-34,Эмэгтэй,2014,91.1
Баянхонгор,30-34,Эмэгтэй,2013,85.5
Баянхонгор,30-34,Эмэгтэй,2012,85.8
Баянхонгор,30-34,Эмэгтэй,2011,81.7
Баянхонгор,30-34,Эмэгтэй,2010,84.4
Баянхонгор,30-34,Эмэгтэй,2009,76.9
Баянхонгор,35-39,Нийт,2025,86.2
Баянхонгор,35-39,Нийт,2024,94.3
Баянхонгор,35-39,Нийт,2023,90.9
Баянхонгор,35-39,Нийт,2022,95.3
Баянхонгор,35-39,Нийт,2021,88.7
Баянхонгор,35-39,Нийт,2020,85.8
Баянхонгор,35-39,Нийт,2019,80.2
Баянхонгор,35-39,Нийт,2018,88.0
Баянхонгор,35-39,Нийт,2017,90.4
Баянхонгор,35-39,Нийт,2016,97.1
Баянхонгор,35-39,Нийт,2015,92.1
Баянхонгор,35-39,Нийт,2014,97.0
Баянхонгор,35-39,Нийт,2013,90.1
Баянхонгор,35-39,Нийт,2012,91.0
Баянхонгор,35-39,Нийт,2011,87.6
Баянхонгор,35-39,Нийт,2010,87.6
Баянхонгор,35-39,Нийт,2009,86.0
Баянхонгор,35-39,Эрэгтэй,2025,88.0
Баянхонгор,35-39,Эрэгтэй,2024,98.8
Баянхонгор,35-39,Эрэгтэй,2023,94.7
Баянхонгор,35-39,Эрэгтэй,2022,98.0
Баянхонгор,35-39,Эрэгтэй,2021,100.0
Баянхонгор,35-39,Эрэгтэй,2020,90.4
Баянхонгор,35-39,Эрэгтэй,2019,75.7
Баянхонгор,35-39,Эрэгтэй,2018,91.8
Баянхонгор,35-39,Эрэгтэй,2017,92.0
Баянхонгор,35-39,Эрэгтэй,2016,100.0
Баянхонгор,35-39,Эрэгтэй,2015,90.9
Баянхонгор,35-39,Эрэгтэй,2014,96.9
Баянхонгор,35-39,Эрэгтэй,2013,88.0
Баянхонгор,35-39,Эрэгтэй,2012,93.0
Баянхонгор,35-39,Эрэгтэй,2011,84.5
Баянхонгор,35-39,Эрэгтэй,2010,91.3
Баянхонгор,35-39,Эрэгтэй,2009,95.7
Баянхонгор,35-39,Эмэгтэй,2025,84.4
Баянхонгор,35-39,Эмэгтэй,2024,88.6
Баянхонгор,35-39,Эмэгтэй,2023,86.8
Баянхонгор,35-39,Эмэгтэй,2022,91.1
Баянхонгор,35-39,Эмэгтэй,2021,75.9
Баянхонгор,35-39,Эмэгтэй,2020,82.7
Баянхонгор,35-39,Эмэгтэй,2019,85.2
Баянхонгор,35-39,Эмэгтэй,2018,84.4
Баянхонгор,35-39,Эмэгтэй,2017,88.9
Баянхонгор,35-39,Эмэгтэй,2016,94.7
Баянхонгор,35-39,Эмэгтэй,2015,93.1
Баянхонгор,35-39,Эмэгтэй,2014,97.2
Баянхонгор,35-39,Эмэгтэй,2013,92.0
Баянхонгор,35-39,Эмэгтэй,2012,89.0
Баянхонгор,35-39,Эмэгтэй,2011,90.3
Баянхонгор,35-39,Эмэгтэй,2010,84.6
Баянхонгор,35-39,Эмэгтэй,2009,77.4
Баянхонгор,40-44,Нийт,2025,93.0
Баянхонгор,40-44,Нийт,2024,87.6
Баянхонгор,40-44,Нийт,2023,92.2
Баянхонгор,40-44,Нийт,2022,95.2
Баянхонгор,40-44,Нийт,2021,93.9
Баянхонгор,40-44,Нийт,2020,93.1
Баянхонгор,40-44,Нийт,2019,78.4
Баянхонгор,40-44,Нийт,2018,92.5
Баянхонгор,40-44,Нийт,2017,90.2
Баянхонгор,40-44,Нийт,2016,94.8
Баянхонгор,40-44,Нийт,2015,93.4
Баянхонгор,40-44,Нийт,2014,96.0
Баянхонгор,40-44,Нийт,2013,83.5
Баянхонгор,40-44,Нийт,2012,86.7
Баянхонгор,40-44,Нийт,2011,93.0
Баянхонгор,40-44,Нийт,2010,87.4
Баянхонгор,40-44,Нийт,2009,88.5
Баянхонгор,40-44,Эрэгтэй,2025,92.6
Баянхонгор,40-44,Эрэгтэй,2024,83.2
Баянхонгор,40-44,Эрэгтэй,2023,90.9
Баянхонгор,40-44,Эрэгтэй,2022,98.5
Баянхонгор,40-44,Эрэгтэй,2021,86.5
Баянхонгор,40-44,Эрэгтэй,2020,94.6
Баянхонгор,40-44,Эрэгтэй,2019,84.1
Баянхонгор,40-44,Эрэгтэй,2018,91.6
Баянхонгор,40-44,Эрэгтэй,2017,92.4
Баянхонгор,40-44,Эрэгтэй,2016,95.6
Баянхонгор,40-44,Эрэгтэй,2015,98.1
Баянхонгор,40-44,Эрэгтэй,2014,97.9
Баянхонгор,40-44,Эрэгтэй,2013,83.0
Баянхонгор,40-44,Эрэгтэй,2012,92.0
Баянхонгор,40-44,Эрэгтэй,2011,95.0
Баянхонгор,40-44,Эрэгтэй,2010,94.1
Баянхонгор,40-44,Эрэгтэй,2009,86.9
Баянхонгор,40-44,Эмэгтэй,2025,93.5
Баянхонгор,40-44,Эмэгтэй,2024,91.0
Баянхонгор,40-44,Эмэгтэй,2023,93.2
Баянхонгор,40-44,Эмэгтэй,2022,93.0
Баянхонгор,40-44,Эмэгтэй,2021,98.4
Баянхонгор,40-44,Эмэгтэй,2020,90.8
Баянхонгор,40-44,Эмэгтэй,2019,73.3
Баянхонгор,40-44,Эмэгтэй,2018,93.2
Баянхонгор,40-44,Эмэгтэй,2017,88.4
Баянхонгор,40-44,Эмэгтэй,2016,93.8
Баянхонгор,40-44,Эмэгтэй,2015,89.8
Баянхонгор,40-44,Эмэгтэй,2014,94.2
Баянхонгор,40-44,Эмэгтэй,2013,84.1
Баянхонгор,40-44,Эмэгтэй,2012,82.7
Баянхонгор,40-44,Эмэгтэй,2011,91.2
Баянхонгор,40-44,Эмэгтэй,2010,81.8
Баянхонгор,40-44,Эмэгтэй,2009,90.1
Баянхонгор,45-49,Нийт,2025,91.1
Баянхонгор,45-49,Нийт,2024,97.3
Баянхонгор,45-49,Нийт,2023,89.1
Баянхонгор,45-49,Нийт,2022,91.6
Баянхонгор,45-49,Нийт,2021,96.6
Баянхонгор,45-49,Нийт,2020,96.2
Баянхонгор,45-49,Нийт,2019,93.8
Баянхонгор,45-49,Нийт,2018,81.5
Баянхонгор,45-49,Нийт,2017,91.6
Баянхонгор,45-49,Нийт,2016,90.2
Баянхонгор,45-49,Нийт,2015,95.1
Баянхонгор,45-49,Нийт,2014,98.8
Баянхонгор,45-49,Нийт,2013,86.5
Баянхонгор,45-49,Нийт,2012,83.9
Баянхонгор,45-49,Нийт,2011,86.8
Баянхонгор,45-49,Нийт,2010,80.5
Баянхонгор,45-49,Нийт,2009,83.6
Баянхонгор,45-49,Эрэгтэй,2025,92.5
Баянхонгор,45-49,Эрэгтэй,2024,95.0
Баянхонгор,45-49,Эрэгтэй,2023,90.8
Баянхонгор,45-49,Эрэгтэй,2022,88.2
Баянхонгор,45-49,Эрэгтэй,2021,98.5
Баянхонгор,45-49,Эрэгтэй,2020,95.3
Баянхонгор,45-49,Эрэгтэй,2019,95.8
Баянхонгор,45-49,Эрэгтэй,2018,77.9
Баянхонгор,45-49,Эрэгтэй,2017,91.0
Баянхонгор,45-49,Эрэгтэй,2016,93.8
Баянхонгор,45-49,Эрэгтэй,2015,100.0
Баянхонгор,45-49,Эрэгтэй,2014,100.0
Баянхонгор,45-49,Эрэгтэй,2013,88.5
Баянхонгор,45-49,Эрэгтэй,2012,84.0
Баянхонгор,45-49,Эрэгтэй,2011,89.2
Баянхонгор,45-49,Эрэгтэй,2010,82.4
Баянхонгор,45-49,Эрэгтэй,2009,76.1
Баянхонгор,45-49,Эмэгтэй,2025,90.2
Баянхонгор,45-49,Эмэгтэй,2024,99.2
Баянхонгор,45-49,Эмэгтэй,2023,87.3
Баянхонгор,45-49,Эмэгтэй,2022,93.9
Баянхонгор,45-49,Эмэгтэй,2021,94.5
Баянхонгор,45-49,Эмэгтэй,2020,97.0
Баянхонгор,45-49,Эмэгтэй,2019,91.8
Баянхонгор,45-49,Эмэгтэй,2018,84.9
Баянхонгор,45-49,Эмэгтэй,2017,92.2
Баянхонгор,45-49,Эмэгтэй,2016,87.3
Баянхонгор,45-49,Эмэгтэй,2015,89.1
Баянхонгор,45-49,Эмэгтэй,2014,97.8
Баянхонгор,45-49,Эмэгтэй,2013,84.8
Баянхонгор,45-49,Эмэгтэй,2012,83.8
Баянхонгор,45-49,Эмэгтэй,2011,84.6
Баянхонгор,45-49,Эмэгтэй,2010,78.3
Баянхонгор,45-49,Эмэгтэй,2009,89.7
Баянхонгор,50-54,Нийт,2025,81.1
Баянхонгор,50-54,Нийт,2024,89.4
Баянхонгор,50-54,Нийт,2023,83.7
Баянхонгор,50-54,Нийт,2022,72.7
Баянхонгор,50-54,Нийт,2021,82.7
Баянхонгор,50-54,Нийт,2020,81.0
Баянхонгор,50-54,Нийт,2019,66.3
Баянхонгор,50-54,Нийт,2018,75.1
Баянхонгор,50-54,Нийт,2017,75.7
Баянхонгор,50-54,Нийт,2016,81.3
Баянхонгор,50-54,Нийт,2015,80.0
Баянхонгор,50-54,Нийт,2014,79.9
Баянхонгор,50-54,Нийт,2013,84.9
Баянхонгор,50-54,Нийт,2012,76.6
Баянхонгор,50-54,Нийт,2011,71.3
Баянхонгор,50-54,Нийт,2010,78.9
Баянхонгор,50-54,Нийт,2009,82.5
Баянхонгор,50-54,Эрэгтэй,2025,85.3
Баянхонгор,50-54,Эрэгтэй,2024,86.2
Баянхонгор,50-54,Эрэгтэй,2023,86.4
Баянхонгор,50-54,Эрэгтэй,2022,76.6
Баянхонгор,50-54,Эрэгтэй,2021,91.9
Баянхонгор,50-54,Эрэгтэй,2020,73.0
Баянхонгор,50-54,Эрэгтэй,2019,69.4
Баянхонгор,50-54,Эрэгтэй,2018,85.8
Баянхонгор,50-54,Эрэгтэй,2017,86.5
Баянхонгор,50-54,Эрэгтэй,2016,87.6
Баянхонгор,50-54,Эрэгтэй,2015,96.6
Баянхонгор,50-54,Эрэгтэй,2014,82.1
Баянхонгор,50-54,Эрэгтэй,2013,87.4
Баянхонгор,50-54,Эрэгтэй,2012,86.3
Баянхонгор,50-54,Эрэгтэй,2011,71.7
Баянхонгор,50-54,Эрэгтэй,2010,74.1
Баянхонгор,50-54,Эрэгтэй,2009,89.2
Баянхонгор,50-54,Эмэгтэй,2025,77.6
Баянхонгор,50-54,Эмэгтэй,2024,91.9
Баянхонгор,50-54,Эмэгтэй,2023,81.0
Баянхонгор,50-54,Эмэгтэй,2022,68.9
Баянхонгор,50-54,Эмэгтэй,2021,75.6
Баянхонгор,50-54,Эмэгтэй,2020,89.4
Баянхонгор,50-54,Эмэгтэй,2019,63.8
Баянхонгор,50-54,Эмэгтэй,2018,64.0
Баянхонгор,50-54,Эмэгтэй,2017,65.9
Баянхонгор,50-54,Эмэгтэй,2016,72.9
Баянхонгор,50-54,Эмэгтэй,2015,65.0
Баянхонгор,50-54,Эмэгтэй,2014,77.7
Баянхонгор,50-54,Эмэгтэй,2013,82.1
Баянхонгор,50-54,Эмэгтэй,2012,67.5
Баянхонгор,50-54,Эмэгтэй,2011,71.0
Баянхонгор,50-54,Эмэгтэй,2010,83.9
Баянхонгор,50-54,Эмэгтэй,2009,77.2
Баянхонгор,55-59,Нийт,2025,53.3
Баянхонгор,55-59,Нийт,2024,66.0
Баянхонгор,55-59,Нийт,2023,67.8
Баянхонгор,55-59,Нийт,2022,36.3
Баянхонгор,55-59,Нийт,2021,24.0
Баянхонгор,55-59,Нийт,2020,61.0
Баянхонгор,55-59,Нийт,2019,45.7
Баянхонгор,55-59,Нийт,2018,35.4
Баянхонгор,55-59,Нийт,2017,40.6
Баянхонгор,55-59,Нийт,2016,55.3
Баянхонгор,55-59,Нийт,2015,50.4
Баянхонгор,55-59,Нийт,2014,50.8
Баянхонгор,55-59,Нийт,2013,55.2
Баянхонгор,55-59,Нийт,2012,53.6
Баянхонгор,55-59,Нийт,2011,49.6
Баянхонгор,55-59,Нийт,2010,56.7
Баянхонгор,55-59,Нийт,2009,74.4
Баянхонгор,55-59,Эрэгтэй,2025,65.6
Баянхонгор,55-59,Эрэгтэй,2024,78.9
Баянхонгор,55-59,Эрэгтэй,2023,81.9
Баянхонгор,55-59,Эрэгтэй,2022,68.9
Баянхонгор,55-59,Эрэгтэй,2021,61.9
Баянхонгор,55-59,Эрэгтэй,2020,70.7
Баянхонгор,55-59,Эрэгтэй,2019,69.5
Баянхонгор,55-59,Эрэгтэй,2018,60.8
Баянхонгор,55-59,Эрэгтэй,2017,59.5
Баянхонгор,55-59,Эрэгтэй,2016,71.3
Баянхонгор,55-59,Эрэгтэй,2015,79.1
Баянхонгор,55-59,Эрэгтэй,2014,72.7
Баянхонгор,55-59,Эрэгтэй,2013,64.7
Баянхонгор,55-59,Эрэгтэй,2012,74.0
Баянхонгор,55-59,Эрэгтэй,2011,55.0
Баянхонгор,55-59,Эрэгтэй,2010,60.4
Баянхонгор,55-59,Эрэгтэй,2009,85.9
Баянхонгор,55-59,Эмэгтэй,2025,42.3
Баянхонгор,55-59,Эмэгтэй,2024,52.5
Баянхонгор,55-59,Эмэгтэй,2023,58.2
Баянхонгор,55-59,Эмэгтэй,2022,11.3
Баянхонгор,55-59,Эмэгтэй,2021,12.9
Баянхонгор,55-59,Эмэгтэй,2020,55.9
Баянхонгор,55-59,Эмэгтэй,2019,29.8
Баянхонгор,55-59,Эмэгтэй,2018,11.0
Баянхонгор,55-59,Эмэгтэй,2017,29.2
Баянхонгор,55-59,Эмэгтэй,2016,45.2
Баянхонгор,55-59,Эмэгтэй,2015,34.1
Баянхонгор,55-59,Эмэгтэй,2014,35.5
Баянхонгор,55-59,Эмэгтэй,2013,48.2
Баянхонгор,55-59,Эмэгтэй,2012,45.1
Баянхонгор,55-59,Эмэгтэй,2011,44.2
Баянхонгор,55-59,Эмэгтэй,2010,50.7
Баянхонгор,55-59,Эмэгтэй,2009,56.8
Баянхонгор,60-64,Нийт,2025,32.3
Баянхонгор,60-64,Нийт,2024,27.5
Баянхонгор,60-64,Нийт,2023,49.8
Баянхонгор,60-64,Нийт,2022,48.5
Баянхонгор,60-64,Нийт,2021,26.5
Баянхонгор,60-64,Нийт,2020,23.5
Баянхонгор,60-64,Нийт,2019,30.2
Баянхонгор,60-64,Нийт,2018,6.7
Баянхонгор,60-64,Нийт,2017,15.9
Баянхонгор,60-64,Нийт,2016,36.0
Баянхонгор,60-64,Нийт,2015,20.6
Баянхонгор,60-64,Нийт,2014,11.3
Баянхонгор,60-64,Нийт,2013,30.0
Баянхонгор,60-64,Нийт,2012,38.3
Баянхонгор,60-64,Нийт,2011,16.8
Баянхонгор,60-64,Нийт,2010,37.1
Баянхонгор,60-64,Нийт,2009,39.5
Баянхонгор,60-64,Эрэгтэй,2025,35.9
Баянхонгор,60-64,Эрэгтэй,2024,32.4
Баянхонгор,60-64,Эрэгтэй,2023,57.2
Баянхонгор,60-64,Эрэгтэй,2022,36.6
Баянхонгор,60-64,Эрэгтэй,2021,34.8
Баянхонгор,60-64,Эрэгтэй,2020,34.0
Баянхонгор,60-64,Эрэгтэй,2019,50.5
Баянхонгор,60-64,Эрэгтэй,2018,14.0
Баянхонгор,60-64,Эрэгтэй,2017,17.9
Баянхонгор,60-64,Эрэгтэй,2016,48.5
Баянхонгор,60-64,Эрэгтэй,2015,26.9
Баянхонгор,60-64,Эрэгтэй,2014,8.5
Баянхонгор,60-64,Эрэгтэй,2013,37.3
Баянхонгор,60-64,Эрэгтэй,2012,39.9
Баянхонгор,60-64,Эрэгтэй,2011,10.7
Баянхонгор,60-64,Эрэгтэй,2010,47.6
Баянхонгор,60-64,Эрэгтэй,2009,80.3
Баянхонгор,60-64,Эмэгтэй,2025,29.5
Баянхонгор,60-64,Эмэгтэй,2024,24.5
Баянхонгор,60-64,Эмэгтэй,2023,44.5
Баянхонгор,60-64,Эмэгтэй,2022,65.0
Баянхонгор,60-64,Эмэгтэй,2021,22.8
Баянхонгор,60-64,Эмэгтэй,2020,21.0
Баянхонгор,60-64,Эмэгтэй,2019,22.7
Баянхонгор,60-64,Эмэгтэй,2018,3.3
Баянхонгор,60-64,Эмэгтэй,2017,13.7
Баянхонгор,60-64,Эмэгтэй,2016,22.6
Баянхонгор,60-64,Эмэгтэй,2015,15.8
Баянхонгор,60-64,Эмэгтэй,2014,12.8
Баянхонгор,60-64,Эмэгтэй,2013,21.6
Баянхонгор,60-64,Эмэгтэй,2012,37.1
Баянхонгор,60-64,Эмэгтэй,2011,21.1
Баянхонгор,60-64,Эмэгтэй,2010,29.4
Баянхонгор,60-64,Эмэгтэй,2009,13.0
Баянхонгор,65-69,Нийт,2025,36.9
Баянхонгор,65-69,Нийт,2024,29.2
Баянхонгор,65-69,Нийт,2023,38.4
Баянхонгор,65-69,Нийт,2022,23.8
Баянхонгор,65-69,Нийт,2021,28.7
Баянхонгор,65-69,Нийт,2020,1.1
Баянхонгор,65-69,Нийт,2019,0.0
Баянхонгор,65-69,Нийт,2018,0.0
Баянхонгор,65-69,Нийт,2017,17.4
Баянхонгор,65-69,Нийт,2016,38.8
Баянхонгор,65-69,Нийт,2015,12.6
Баянхонгор,65-69,Нийт,2014,29.7
Баянхонгор,65-69,Нийт,2013,46.6
Баянхонгор,65-69,Нийт,2012,12.7
Баянхонгор,65-69,Нийт,2011,0.0
Баянхонгор,65-69,Нийт,2010,4.9
Баянхонгор,65-69,Нийт,2009,17.4
Баянхонгор,65-69,Эрэгтэй,2025,23.5
Баянхонгор,65-69,Эрэгтэй,2024,31.0
Баянхонгор,65-69,Эрэгтэй,2023,53.5
Баянхонгор,65-69,Эрэгтэй,2022,90.3
Баянхонгор,65-69,Эрэгтэй,2021,19.5
Баянхонгор,65-69,Эрэгтэй,2020,0.0
Баянхонгор,65-69,Эрэгтэй,2019,0.0
Баянхонгор,65-69,Эрэгтэй,2018,0.0
Баянхонгор,65-69,Эрэгтэй,2017,11.8
Баянхонгор,65-69,Эрэгтэй,2016,42.3
Баянхонгор,65-69,Эрэгтэй,2015,18.7
Баянхонгор,65-69,Эрэгтэй,2014,32.3
Баянхонгор,65-69,Эрэгтэй,2013,46.5
Баянхонгор,65-69,Эрэгтэй,2012,12.5
Баянхонгор,65-69,Эрэгтэй,2011,0.0
Баянхонгор,65-69,Эрэгтэй,2010,15.5
Баянхонгор,65-69,Эрэгтэй,2009,34.0
Баянхонгор,65-69,Эмэгтэй,2025,46.0
Баянхонгор,65-69,Эмэгтэй,2024,28.4
Баянхонгор,65-69,Эмэгтэй,2023,20.4
Баянхонгор,65-69,Эмэгтэй,2022,0.0
Баянхонгор,65-69,Эмэгтэй,2021,36.7
Баянхонгор,65-69,Эмэгтэй,2020,1.8
Баянхонгор,65-69,Эмэгтэй,2019,0.0
Баянхонгор,65-69,Эмэгтэй,2018,0.0
Баянхонгор,65-69,Эмэгтэй,2017,20.4
Баянхонгор,65-69,Эмэгтэй,2016,34.3
Баянхонгор,65-69,Эмэгтэй,2015,7.7
Баянхонгор,65-69,Эмэгтэй,2014,26.8
Баянхонгор,65-69,Эмэгтэй,2013,46.6
Баянхонгор,65-69,Эмэгтэй,2012,13.0
Баянхонгор,65-69,Эмэгтэй,2011,0.0
Баянхонгор,65-69,Эмэгтэй,2010,0.0
Баянхонгор,65-69,Эмэгтэй,2009,0.0
Баянхонгор,70+,Нийт,2025,25.1
Баянхонгор,70+,Нийт,2024,14.3
Баянхонгор,70+,Нийт,2023,25.2
Баянхонгор,70+,Нийт,2022,12.9
Баянхонгор,70+,Нийт,2021,2.8
Баянхонгор,70+,Нийт,2020,0.0
Баянхонгор,70+,Нийт,2019,0.0
Баянхонгор,70+,Нийт,2018,0.0
Баянхонгор,70+,Нийт,2017,0.0
Баянхонгор,70+,Нийт,2016,28.1
Баянхонгор,70+,Нийт,2015,5.2
Баянхонгор,70+,Нийт,2014,3.6
Баянхонгор,70+,Нийт,2013,5.7
Баянхонгор,70+,Нийт,2012,12.5
Баянхонгор,70+,Нийт,2011,13.3
Баянхонгор,70+,Нийт,2010,7.1
Баянхонгор,70+,Нийт,2009,5.8
Баянхонгор,70+,Эрэгтэй,2025,32.4
Баянхонгор,70+,Эрэгтэй,2024,40.6
Баянхонгор,70+,Эрэгтэй,2023,27.3
Баянхонгор,70+,Эрэгтэй,2022,16.4
Баянхонгор,70+,Эрэгтэй,2021,4.8
Баянхонгор,70+,Эрэгтэй,2020,0.0
Баянхонгор,70+,Эрэгтэй,2019,0.0
Баянхонгор,70+,Эрэгтэй,2018,0.0
Баянхонгор,70+,Эрэгтэй,2017,0.0
Баянхонгор,70+,Эрэгтэй,2016,23.1
Баянхонгор,70+,Эрэгтэй,2015,0.0
Баянхонгор,70+,Эрэгтэй,2014,0.0
Баянхонгор,70+,Эрэгтэй,2013,0.0
Баянхонгор,70+,Эрэгтэй,2012,19.7
Баянхонгор,70+,Эрэгтэй,2011,23.0
Баянхонгор,70+,Эрэгтэй,2010,16.6
Баянхонгор,70+,Эрэгтэй,2009,11.0
Баянхонгор,70+,Эмэгтэй,2025,21.7
Баянхонгор,70+,Эмэгтэй,2024,1.0
Баянхонгор,70+,Эмэгтэй,2023,23.5
Баянхонгор,70+,Эмэгтэй,2022,7.8
Баянхонгор,70+,Эмэгтэй,2021,0.0
Баянхонгор,70+,Эмэгтэй,2020,0.0
Баянхонгор,70+,Эмэгтэй,2019,0.0
Баянхонгор,70+,Эмэгтэй,2018,0.0
Баянхонгор,70+,Эмэгтэй,2017,0.0
Баянхонгор,70+,Эмэгтэй,2016,31.9
Баянхонгор,70+,Эмэгтэй,2015,8.2
Баянхонгор,70+,Эмэгтэй,2014,4.6
Баянхонгор,70+,Эмэгтэй,2013,9.2
Баянхонгор,70+,Эмэгтэй,2012,4.9
Баянхонгор,70+,Эмэгтэй,2011,5.9
Баянхонгор,70+,Эмэгтэй,2010,0.0
Баянхонгор,70+,Эмэгтэй,2009,0.0
Өвөрхангай,Бүгд,Нийт,2025,75.1
Өвөрхангай,Бүгд,Нийт,2024,74.6
Өвөрхангай,Бүгд,Нийт,2023,64.8
Өвөрхангай,Бүгд,Нийт,2022,72.3
Өвөрхангай,Бүгд,Нийт,2021,70.3
Өвөрхангай,Бүгд,Нийт,2020,65.6
Өвөрхангай,Бүгд,Нийт,2019,73.8
Өвөрхангай,Бүгд,Нийт,2018,74.3
Өвөрхангай,Бүгд,Нийт,2017,77.2
Өвөрхангай,Бүгд,Нийт,2016,75.5
Өвөрхангай,Бүгд,Нийт,2015,72.9
Өвөрхангай,Бүгд,Нийт,2014,75.3
Өвөрхангай,Бүгд,Нийт,2013,77.3
Өвөрхангай,Бүгд,Нийт,2012,75.6
Өвөрхангай,Бүгд,Нийт,2011,64.0
Өвөрхангай,Бүгд,Нийт,2010,71.1
Өвөрхангай,Бүгд,Нийт,2009,74.0
Өвөрхангай,Бүгд,Эрэгтэй,2025,84.6
Өвөрхангай,Бүгд,Эрэгтэй,2024,80.2
Өвөрхангай,Бүгд,Эрэгтэй,2023,73.2
Өвөрхангай,Бүгд,Эрэгтэй,2022,81.8
Өвөрхангай,Бүгд,Эрэгтэй,2021,78.3
Өвөрхангай,Бүгд,Эрэгтэй,2020,71.0
Өвөрхангай,Бүгд,Эрэгтэй,2019,77.7
Өвөрхангай,Бүгд,Эрэгтэй,2018,80.9
Өвөрхангай,Бүгд,Эрэгтэй,2017,81.0
Өвөрхангай,Бүгд,Эрэгтэй,2016,79.9
Өвөрхангай,Бүгд,Эрэгтэй,2015,75.5
Өвөрхангай,Бүгд,Эрэгтэй,2014,78.4
Өвөрхангай,Бүгд,Эрэгтэй,2013,83.3
Өвөрхангай,Бүгд,Эрэгтэй,2012,82.7
Өвөрхангай,Бүгд,Эрэгтэй,2011,70.4
Өвөрхангай,Бүгд,Эрэгтэй,2010,76.5
Өвөрхангай,Бүгд,Эрэгтэй,2009,77.4
Өвөрхангай,Бүгд,Эмэгтэй,2025,65.8
Өвөрхангай,Бүгд,Эмэгтэй,2024,69.3
Өвөрхангай,Бүгд,Эмэгтэй,2023,57.7
Өвөрхангай,Бүгд,Эмэгтэй,2022,63.8
Өвөрхангай,Бүгд,Эмэгтэй,2021,62.9
Өвөрхангай,Бүгд,Эмэгтэй,2020,60.1
Өвөрхангай,Бүгд,Эмэгтэй,2019,69.6
Өвөрхангай,Бүгд,Эмэгтэй,2018,68.1
Өвөрхангай,Бүгд,Эмэгтэй,2017,73.2
Өвөрхангай,Бүгд,Эмэгтэй,2016,71.1
Өвөрхангай,Бүгд,Эмэгтэй,2015,70.4
Өвөрхангай,Бүгд,Эмэгтэй,2014,72.3
Өвөрхангай,Бүгд,Эмэгтэй,2013,72.0
Өвөрхангай,Бүгд,Эмэгтэй,2012,68.7
Өвөрхангай,Бүгд,Эмэгтэй,2011,58.0
Өвөрхангай,Бүгд,Эмэгтэй,2010,65.8
Өвөрхангай,Бүгд,Эмэгтэй,2009,70.7
Өвөрхангай,15-19,Нийт,2025,17.5
Өвөрхангай,15-19,Нийт,2024,19.7
Өвөрхангай,15-19,Нийт,2023,21.4
Өвөрхангай,15-19,Нийт,2022,10.7
Өвөрхангай,15-19,Нийт,2021,12.1
Өвөрхангай,15-19,Нийт,2020,19.5
Өвөрхангай,15-19,Нийт,2019,19.6
Өвөрхангай,15-19,Нийт,2018,24.4
Өвөрхангай,15-19,Нийт,2017,28.9
Өвөрхангай,15-19,Нийт,2016,23.4
Өвөрхангай,15-19,Нийт,2015,25.7
Өвөрхангай,15-19,Нийт,2014,28.8
Өвөрхангай,15-19,Нийт,2013,37.0
Өвөрхангай,15-19,Нийт,2012,47.2
Өвөрхангай,15-19,Нийт,2011,26.1
Өвөрхангай,15-19,Нийт,2010,32.9
Өвөрхангай,15-19,Нийт,2009,42.4
Өвөрхангай,15-19,Эрэгтэй,2025,30.5
Өвөрхангай,15-19,Эрэгтэй,2024,32.6
Өвөрхангай,15-19,Эрэгтэй,2023,31.3
Өвөрхангай,15-19,Эрэгтэй,2022,16.0
Өвөрхангай,15-19,Эрэгтэй,2021,16.9
Өвөрхангай,15-19,Эрэгтэй,2020,27.9
Өвөрхангай,15-19,Эрэгтэй,2019,22.8
Өвөрхангай,15-19,Эрэгтэй,2018,34.7
Өвөрхангай,15-19,Эрэгтэй,2017,31.9
Өвөрхангай,15-19,Эрэгтэй,2016,29.4
Өвөрхангай,15-19,Эрэгтэй,2015,30.0
Өвөрхангай,15-19,Эрэгтэй,2014,31.1
Өвөрхангай,15-19,Эрэгтэй,2013,39.8
Өвөрхангай,15-19,Эрэгтэй,2012,56.9
Өвөрхангай,15-19,Эрэгтэй,2011,32.0
Өвөрхангай,15-19,Эрэгтэй,2010,41.5
Өвөрхангай,15-19,Эрэгтэй,2009,50.9
Өвөрхангай,15-19,Эмэгтэй,2025,5.9
Өвөрхангай,15-19,Эмэгтэй,2024,3.6
Өвөрхангай,15-19,Эмэгтэй,2023,13.8
Өвөрхангай,15-19,Эмэгтэй,2022,2.1
Өвөрхангай,15-19,Эмэгтэй,2021,5.9
Өвөрхангай,15-19,Эмэгтэй,2020,5.4
Өвөрхангай,15-19,Эмэгтэй,2019,11.7
Өвөрхангай,15-19,Эмэгтэй,2018,13.3
Өвөрхангай,15-19,Эмэгтэй,2017,24.1
Өвөрхангай,15-19,Эмэгтэй,2016,16.5
Өвөрхангай,15-19,Эмэгтэй,2015,18.7
Өвөрхангай,15-19,Эмэгтэй,2014,25.4
Өвөрхангай,15-19,Эмэгтэй,2013,34.3
Өвөрхангай,15-19,Эмэгтэй,2012,36.1
Өвөрхангай,15-19,Эмэгтэй,2011,20.6
Өвөрхангай,15-19,Эмэгтэй,2010,25.2
Өвөрхангай,15-19,Эмэгтэй,2009,33.8
Өвөрхангай,20-24,Нийт,2025,79.0
Өвөрхангай,20-24,Нийт,2024,84.2
Өвөрхангай,20-24,Нийт,2023,57.3
Өвөрхангай,20-24,Нийт,2022,59.8
Өвөрхангай,20-24,Нийт,2021,56.9
Өвөрхангай,20-24,Нийт,2020,57.3
Өвөрхангай,20-24,Нийт,2019,90.4
Өвөрхангай,20-24,Нийт,2018,72.8
Өвөрхангай,20-24,Нийт,2017,84.2
Өвөрхангай,20-24,Нийт,2016,89.5
Өвөрхангай,20-24,Нийт,2015,76.4
Өвөрхангай,20-24,Нийт,2014,80.9
Өвөрхангай,20-24,Нийт,2013,81.7
Өвөрхангай,20-24,Нийт,2012,75.2
Өвөрхангай,20-24,Нийт,2011,68.2
Өвөрхангай,20-24,Нийт,2010,81.8
Өвөрхангай,20-24,Нийт,2009,82.4
Өвөрхангай,20-24,Эрэгтэй,2025,89.9
Өвөрхангай,20-24,Эрэгтэй,2024,95.5
Өвөрхангай,20-24,Эрэгтэй,2023,88.7
Өвөрхангай,20-24,Эрэгтэй,2022,80.5
Өвөрхангай,20-24,Эрэгтэй,2021,79.2
Өвөрхангай,20-24,Эрэгтэй,2020,63.8
Өвөрхангай,20-24,Эрэгтэй,2019,99.0
Өвөрхангай,20-24,Эрэгтэй,2018,90.0
Өвөрхангай,20-24,Эрэгтэй,2017,90.3
Өвөрхангай,20-24,Эрэгтэй,2016,91.4
Өвөрхангай,20-24,Эрэгтэй,2015,84.6
Өвөрхангай,20-24,Эрэгтэй,2014,87.4
Өвөрхангай,20-24,Эрэгтэй,2013,95.1
Өвөрхангай,20-24,Эрэгтэй,2012,90.0
Өвөрхангай,20-24,Эрэгтэй,2011,73.9
Өвөрхангай,20-24,Эрэгтэй,2010,87.5
Өвөрхангай,20-24,Эрэгтэй,2009,85.0
Өвөрхангай,20-24,Эмэгтэй,2025,61.1
Өвөрхангай,20-24,Эмэгтэй,2024,61.7
Өвөрхангай,20-24,Эмэгтэй,2023,21.4
Өвөрхангай,20-24,Эмэгтэй,2022,42.1
Өвөрхангай,20-24,Эмэгтэй,2021,35.0
Өвөрхангай,20-24,Эмэгтэй,2020,43.2
Өвөрхангай,20-24,Эмэгтэй,2019,83.2
Өвөрхангай,20-24,Эмэгтэй,2018,54.5
Өвөрхангай,20-24,Эмэгтэй,2017,72.7
Өвөрхангай,20-24,Эмэгтэй,2016,86.5
Өвөрхангай,20-24,Эмэгтэй,2015,69.9
Өвөрхангай,20-24,Эмэгтэй,2014,73.7
Өвөрхангай,20-24,Эмэгтэй,2013,70.5
Өвөрхангай,20-24,Эмэгтэй,2012,54.0
Өвөрхангай,20-24,Эмэгтэй,2011,63.5
Өвөрхангай,20-24,Эмэгтэй,2010,74.8
Өвөрхангай,20-24,Эмэгтэй,2009,79.5
Өвөрхангай,25-29,Нийт,2025,92.6
Өвөрхангай,25-29,Нийт,2024,88.0
Өвөрхангай,25-29,Нийт,2023,78.6
Өвөрхангай,25-29,Нийт,2022,95.9
Өвөрхангай,25-29,Нийт,2021,94.0
Өвөрхангай,25-29,Нийт,2020,84.7
Өвөрхангай,25-29,Нийт,2019,90.3
Өвөрхангай,25-29,Нийт,2018,83.4
Өвөрхангай,25-29,Нийт,2017,88.9
Өвөрхангай,25-29,Нийт,2016,90.7
Өвөрхангай,25-29,Нийт,2015,89.7
Өвөрхангай,25-29,Нийт,2014,88.9
Өвөрхангай,25-29,Нийт,2013,86.4
Өвөрхангай,25-29,Нийт,2012,86.4
Өвөрхангай,25-29,Нийт,2011,66.4
Өвөрхангай,25-29,Нийт,2010,84.6
Өвөрхангай,25-29,Нийт,2009,88.4
Өвөрхангай,25-29,Эрэгтэй,2025,100.0
Өвөрхангай,25-29,Эрэгтэй,2024,100.0
Өвөрхангай,25-29,Эрэгтэй,2023,82.2
Өвөрхангай,25-29,Эрэгтэй,2022,98.8
Өвөрхангай,25-29,Эрэгтэй,2021,100.0
Өвөрхангай,25-29,Эрэгтэй,2020,88.8
Өвөрхангай,25-29,Эрэгтэй,2019,93.5
Өвөрхангай,25-29,Эрэгтэй,2018,93.5
Өвөрхангай,25-29,Эрэгтэй,2017,95.0
Өвөрхангай,25-29,Эрэгтэй,2016,94.3
Өвөрхангай,25-29,Эрэгтэй,2015,96.4
Өвөрхангай,25-29,Эрэгтэй,2014,90.2
Өвөрхангай,25-29,Эрэгтэй,2013,92.9
Өвөрхангай,25-29,Эрэгтэй,2012,96.7
Өвөрхангай,25-29,Эрэгтэй,2011,78.9
Өвөрхангай,25-29,Эрэгтэй,2010,84.4
Өвөрхангай,25-29,Эрэгтэй,2009,93.9
Өвөрхангай,25-29,Эмэгтэй,2025,86.4
Өвөрхангай,25-29,Эмэгтэй,2024,75.1
Өвөрхангай,25-29,Эмэгтэй,2023,74.5
Өвөрхангай,25-29,Эмэгтэй,2022,91.3
Өвөрхангай,25-29,Эмэгтэй,2021,86.0
Өвөрхангай,25-29,Эмэгтэй,2020,81.2
Өвөрхангай,25-29,Эмэгтэй,2019,83.1
Өвөрхангай,25-29,Эмэгтэй,2018,75.2
Өвөрхангай,25-29,Эмэгтэй,2017,82.4
Өвөрхангай,25-29,Эмэгтэй,2016,87.6
Өвөрхангай,25-29,Эмэгтэй,2015,81.5
Өвөрхангай,25-29,Эмэгтэй,2014,87.6
Өвөрхангай,25-29,Эмэгтэй,2013,80.6
Өвөрхангай,25-29,Эмэгтэй,2012,77.5
Өвөрхангай,25-29,Эмэгтэй,2011,52.1
Өвөрхангай,25-29,Эмэгтэй,2010,84.7
Өвөрхангай,25-29,Эмэгтэй,2009,84.5
Өвөрхангай,30-34,Нийт,2025,88.9
Өвөрхангай,30-34,Нийт,2024,99.2
Өвөрхангай,30-34,Нийт,2023,92.0
Өвөрхангай,30-34,Нийт,2022,85.5
Өвөрхангай,30-34,Нийт,2021,93.6
Өвөрхангай,30-34,Нийт,2020,93.3
Өвөрхангай,30-34,Нийт,2019,96.0
Өвөрхангай,30-34,Нийт,2018,89.1
Өвөрхангай,30-34,Нийт,2017,91.5
Өвөрхангай,30-34,Нийт,2016,91.8
Өвөрхангай,30-34,Нийт,2015,86.7
Өвөрхангай,30-34,Нийт,2014,87.5
Өвөрхангай,30-34,Нийт,2013,90.7
Өвөрхангай,30-34,Нийт,2012,91.2
Өвөрхангай,30-34,Нийт,2011,74.7
Өвөрхангай,30-34,Нийт,2010,87.1
Өвөрхангай,30-34,Нийт,2009,83.8
Өвөрхангай,30-34,Эрэгтэй,2025,100.0
Өвөрхангай,30-34,Эрэгтэй,2024,100.0
Өвөрхангай,30-34,Эрэгтэй,2023,97.3
Өвөрхангай,30-34,Эрэгтэй,2022,98.2
Өвөрхангай,30-34,Эрэгтэй,2021,100.0
Өвөрхангай,30-34,Эрэгтэй,2020,94.5
Өвөрхангай,30-34,Эрэгтэй,2019,97.4
Өвөрхангай,30-34,Эрэгтэй,2018,94.0
Өвөрхангай,30-34,Эрэгтэй,2017,94.0
Өвөрхангай,30-34,Эрэгтэй,2016,93.8
Өвөрхангай,30-34,Эрэгтэй,2015,91.2
Өвөрхангай,30-34,Эрэгтэй,2014,100.0
Өвөрхангай,30-34,Эрэгтэй,2013,96.5
Өвөрхангай,30-34,Эрэгтэй,2012,96.6
Өвөрхангай,30-34,Эрэгтэй,2011,79.8
Өвөрхангай,30-34,Эрэгтэй,2010,91.4
Өвөрхангай,30-34,Эрэгтэй,2009,90.9
Өвөрхангай,30-34,Эмэгтэй,2025,77.2
Өвөрхангай,30-34,Эмэгтэй,2024,98.5
Өвөрхангай,30-34,Эмэгтэй,2023,88.3
Өвөрхангай,30-34,Эмэгтэй,2022,76.8
Өвөрхангай,30-34,Эмэгтэй,2021,88.1
Өвөрхангай,30-34,Эмэгтэй,2020,91.8
Өвөрхангай,30-34,Эмэгтэй,2019,95.2
Өвөрхангай,30-34,Эмэгтэй,2018,84.2
Өвөрхангай,30-34,Эмэгтэй,2017,89.0
Өвөрхангай,30-34,Эмэгтэй,2016,89.7
Өвөрхангай,30-34,Эмэгтэй,2015,82.6
Өвөрхангай,30-34,Эмэгтэй,2014,76.8
Өвөрхангай,30-34,Эмэгтэй,2013,85.4
Өвөрхангай,30-34,Эмэгтэй,2012,86.7
Өвөрхангай,30-34,Эмэгтэй,2011,70.4
Өвөрхангай,30-34,Эмэгтэй,2010,81.9
Өвөрхангай,30-34,Эмэгтэй,2009,75.6
Өвөрхангай,35-39,Нийт,2025,94.5
Өвөрхангай,35-39,Нийт,2024,95.0
Өвөрхангай,35-39,Нийт,2023,87.2
Өвөрхангай,35-39,Нийт,2022,82.3
Өвөрхангай,35-39,Нийт,2021,94.8
Өвөрхангай,35-39,Нийт,2020,95.0
Өвөрхангай,35-39,Нийт,2019,87.6
Өвөрхангай,35-39,Нийт,2018,95.6
Өвөрхангай,35-39,Нийт,2017,84.5
Өвөрхангай,35-39,Нийт,2016,88.5
Өвөрхангай,35-39,Нийт,2015,94.7
Өвөрхангай,35-39,Нийт,2014,95.1
Өвөрхангай,35-39,Нийт,2013,97.1
Өвөрхангай,35-39,Нийт,2012,95.6
Өвөрхангай,35-39,Нийт,2011,81.7
Өвөрхангай,35-39,Нийт,2010,84.9
Өвөрхангай,35-39,Нийт,2009,89.2
Өвөрхангай,35-39,Эрэгтэй,2025,97.4
Өвөрхангай,35-39,Эрэгтэй,2024,93.0
Өвөрхангай,35-39,Эрэгтэй,2023,92.4
Өвөрхангай,35-39,Эрэгтэй,2022,93.8
Өвөрхангай,35-39,Эрэгтэй,2021,99.3
Өвөрхангай,35-39,Эрэгтэй,2020,94.0
Өвөрхангай,35-39,Эрэгтэй,2019,100.0
Өвөрхангай,35-39,Эрэгтэй,2018,94.9
Өвөрхангай,35-39,Эрэгтэй,2017,92.5
Өвөрхангай,35-39,Эрэгтэй,2016,91.5
Өвөрхангай,35-39,Эрэгтэй,2015,91.9
Өвөрхангай,35-39,Эрэгтэй,2014,95.1
Өвөрхангай,35-39,Эрэгтэй,2013,97.1
Өвөрхангай,35-39,Эрэгтэй,2012,96.5
Өвөрхангай,35-39,Эрэгтэй,2011,87.5
Өвөрхангай,35-39,Эрэгтэй,2010,89.7
Өвөрхангай,35-39,Эрэгтэй,2009,90.7
Өвөрхангай,35-39,Эмэгтэй,2025,91.4
Өвөрхангай,35-39,Эмэгтэй,2024,96.7
Өвөрхангай,35-39,Эмэгтэй,2023,81.9
Өвөрхангай,35-39,Эмэгтэй,2022,73.3
Өвөрхангай,35-39,Эмэгтэй,2021,89.8
Өвөрхангай,35-39,Эмэгтэй,2020,95.7
Өвөрхангай,35-39,Эмэгтэй,2019,69.0
Өвөрхангай,35-39,Эмэгтэй,2018,96.3
Өвөрхангай,35-39,Эмэгтэй,2017,77.7
Өвөрхангай,35-39,Эмэгтэй,2016,86.0
Өвөрхангай,35-39,Эмэгтэй,2015,96.9
Өвөрхангай,35-39,Эмэгтэй,2014,95.0
Өвөрхангай,35-39,Эмэгтэй,2013,97.1
Өвөрхангай,35-39,Эмэгтэй,2012,94.7
Өвөрхангай,35-39,Эмэгтэй,2011,76.5
Өвөрхангай,35-39,Эмэгтэй,2010,80.6
Өвөрхангай,35-39,Эмэгтэй,2009,87.8
Өвөрхангай,40-44,Нийт,2025,96.0
Өвөрхангай,40-44,Нийт,2024,99.2
Өвөрхангай,40-44,Нийт,2023,86.8
Өвөрхангай,40-44,Нийт,2022,85.6
Өвөрхангай,40-44,Нийт,2021,96.8
Өвөрхангай,40-44,Нийт,2020,83.3
Өвөрхангай,40-44,Нийт,2019,93.7
Өвөрхангай,40-44,Нийт,2018,98.6
Өвөрхангай,40-44,Нийт,2017,91.1
Өвөрхангай,40-44,Нийт,2016,90.2
Өвөрхангай,40-44,Нийт,2015,91.3
Өвөрхангай,40-44,Нийт,2014,93.1
Өвөрхангай,40-44,Нийт,2013,94.6
Өвөрхангай,40-44,Нийт,2012,94.2
Өвөрхангай,40-44,Нийт,2011,83.4
Өвөрхангай,40-44,Нийт,2010,80.0
Өвөрхангай,40-44,Нийт,2009,89.6
Өвөрхангай,40-44,Эрэгтэй,2025,100.0
Өвөрхангай,40-44,Эрэгтэй,2024,100.0
Өвөрхангай,40-44,Эрэгтэй,2023,87.0
Өвөрхангай,40-44,Эрэгтэй,2022,87.6
Өвөрхангай,40-44,Эрэгтэй,2021,94.7
Өвөрхангай,40-44,Эрэгтэй,2020,96.5
Өвөрхангай,40-44,Эрэгтэй,2019,98.3
Өвөрхангай,40-44,Эрэгтэй,2018,100.0
Өвөрхангай,40-44,Эрэгтэй,2017,93.7
Өвөрхангай,40-44,Эрэгтэй,2016,90.0
Өвөрхангай,40-44,Эрэгтэй,2015,94.3
Өвөрхангай,40-44,Эрэгтэй,2014,96.8
Өвөрхангай,40-44,Эрэгтэй,2013,94.8
Өвөрхангай,40-44,Эрэгтэй,2012,96.9
Өвөрхангай,40-44,Эрэгтэй,2011,81.9
Өвөрхангай,40-44,Эрэгтэй,2010,81.5
Өвөрхангай,40-44,Эрэгтэй,2009,91.2
Өвөрхангай,40-44,Эмэгтэй,2025,92.3
Өвөрхангай,40-44,Эмэгтэй,2024,98.2
Өвөрхангай,40-44,Эмэгтэй,2023,86.6
Өвөрхангай,40-44,Эмэгтэй,2022,84.2
Өвөрхангай,40-44,Эмэгтэй,2021,100.0
Өвөрхангай,40-44,Эмэгтэй,2020,73.4
Өвөрхангай,40-44,Эмэгтэй,2019,88.5
Өвөрхангай,40-44,Эмэгтэй,2018,97.2
Өвөрхангай,40-44,Эмэгтэй,2017,89.2
Өвөрхангай,40-44,Эмэгтэй,2016,90.5
Өвөрхангай,40-44,Эмэгтэй,2015,88.1
Өвөрхангай,40-44,Эмэгтэй,2014,89.6
Өвөрхангай,40-44,Эмэгтэй,2013,94.3
Өвөрхангай,40-44,Эмэгтэй,2012,91.8
Өвөрхангай,40-44,Эмэгтэй,2011,84.8
Өвөрхангай,40-44,Эмэгтэй,2010,78.5
Өвөрхангай,40-44,Эмэгтэй,2009,88.3
Өвөрхангай,45-49,Нийт,2025,93.3
Өвөрхангай,45-49,Нийт,2024,90.8
Өвөрхангай,45-49,Нийт,2023,95.5
Өвөрхангай,45-49,Нийт,2022,87.4
Өвөрхангай,45-49,Нийт,2021,95.1
Өвөрхангай,45-49,Нийт,2020,85.7
Өвөрхангай,45-49,Нийт,2019,89.5
Өвөрхангай,45-49,Нийт,2018,90.0
Өвөрхангай,45-49,Нийт,2017,96.5
Өвөрхангай,45-49,Нийт,2016,90.2
Өвөрхангай,45-49,Нийт,2015,89.0
Өвөрхангай,45-49,Нийт,2014,89.2
Өвөрхангай,45-49,Нийт,2013,90.4
Өвөрхангай,45-49,Нийт,2012,87.7
Өвөрхангай,45-49,Нийт,2011,78.6
Өвөрхангай,45-49,Нийт,2010,80.3
Өвөрхангай,45-49,Нийт,2009,88.3
Өвөрхангай,45-49,Эрэгтэй,2025,95.7
Өвөрхангай,45-49,Эрэгтэй,2024,87.3
Өвөрхангай,45-49,Эрэгтэй,2023,100.0
Өвөрхангай,45-49,Эрэгтэй,2022,96.5
Өвөрхангай,45-49,Эрэгтэй,2021,94.1
Өвөрхангай,45-49,Эрэгтэй,2020,79.5
Өвөрхангай,45-49,Эрэгтэй,2019,87.3
Өвөрхангай,45-49,Эрэгтэй,2018,92.9
Өвөрхангай,45-49,Эрэгтэй,2017,98.2
Өвөрхангай,45-49,Эрэгтэй,2016,95.4
Өвөрхангай,45-49,Эрэгтэй,2015,92.0
Өвөрхангай,45-49,Эрэгтэй,2014,93.4
Өвөрхангай,45-49,Эрэгтэй,2013,95.5
Өвөрхангай,45-49,Эрэгтэй,2012,93.6
Өвөрхангай,45-49,Эрэгтэй,2011,84.4
Өвөрхангай,45-49,Эрэгтэй,2010,83.7
Өвөрхангай,45-49,Эрэгтэй,2009,85.8
Өвөрхангай,45-49,Эмэгтэй,2025,90.9
Өвөрхангай,45-49,Эмэгтэй,2024,93.2
Өвөрхангай,45-49,Эмэгтэй,2023,91.7
Өвөрхангай,45-49,Эмэгтэй,2022,78.9
Өвөрхангай,45-49,Эмэгтэй,2021,95.9
Өвөрхангай,45-49,Эмэгтэй,2020,95.4
Өвөрхангай,45-49,Эмэгтэй,2019,92.6
Өвөрхангай,45-49,Эмэгтэй,2018,87.1
Өвөрхангай,45-49,Эмэгтэй,2017,94.8
Өвөрхангай,45-49,Эмэгтэй,2016,85.5
Өвөрхангай,45-49,Эмэгтэй,2015,86.1
Өвөрхангай,45-49,Эмэгтэй,2014,85.3
Өвөрхангай,45-49,Эмэгтэй,2013,86.0
Өвөрхангай,45-49,Эмэгтэй,2012,81.5
Өвөрхангай,45-49,Эмэгтэй,2011,73.3
Өвөрхангай,45-49,Эмэгтэй,2010,77.0
Өвөрхангай,45-49,Эмэгтэй,2009,91.1
Өвөрхангай,50-54,Нийт,2025,96.5
Өвөрхангай,50-54,Нийт,2024,97.6
Өвөрхангай,50-54,Нийт,2023,83.6
Өвөрхангай,50-54,Нийт,2022,83.8
Өвөрхангай,50-54,Нийт,2021,79.9
Өвөрхангай,50-54,Нийт,2020,76.0
Өвөрхангай,50-54,Нийт,2019,89.8
Өвөрхангай,50-54,Нийт,2018,89.0
Өвөрхангай,50-54,Нийт,2017,87.7
Өвөрхангай,50-54,Нийт,2016,83.9
Өвөрхангай,50-54,Нийт,2015,78.9
Өвөрхангай,50-54,Нийт,2014,82.7
Өвөрхангай,50-54,Нийт,2013,74.1
Өвөрхангай,50-54,Нийт,2012,76.1
Өвөрхангай,50-54,Нийт,2011,71.5
Өвөрхангай,50-54,Нийт,2010,75.8
Өвөрхангай,50-54,Нийт,2009,91.1
Өвөрхангай,50-54,Эрэгтэй,2025,100.0
Өвөрхангай,50-54,Эрэгтэй,2024,96.9
Өвөрхангай,50-54,Эрэгтэй,2023,79.0
Өвөрхангай,50-54,Эрэгтэй,2022,89.2
Өвөрхангай,50-54,Эрэгтэй,2021,77.1
Өвөрхангай,50-54,Эрэгтэй,2020,95.6
Өвөрхангай,50-54,Эрэгтэй,2019,100.0
Өвөрхангай,50-54,Эрэгтэй,2018,93.0
Өвөрхангай,50-54,Эрэгтэй,2017,92.4
Өвөрхангай,50-54,Эрэгтэй,2016,89.8
Өвөрхангай,50-54,Эрэгтэй,2015,83.8
Өвөрхангай,50-54,Эрэгтэй,2014,89.1
Өвөрхангай,50-54,Эрэгтэй,2013,75.9
Өвөрхангай,50-54,Эрэгтэй,2012,80.5
Өвөрхангай,50-54,Эрэгтэй,2011,85.8
Өвөрхангай,50-54,Эрэгтэй,2010,89.7
Өвөрхангай,50-54,Эрэгтэй,2009,93.2
Өвөрхангай,50-54,Эмэгтэй,2025,91.3
Өвөрхангай,50-54,Эмэгтэй,2024,98.2
Өвөрхангай,50-54,Эмэгтэй,2023,87.7
Өвөрхангай,50-54,Эмэгтэй,2022,76.1
Өвөрхангай,50-54,Эмэгтэй,2021,81.4
Өвөрхангай,50-54,Эмэгтэй,2020,61.9
Өвөрхангай,50-54,Эмэгтэй,2019,82.5
Өвөрхангай,50-54,Эмэгтэй,2018,86.1
Өвөрхангай,50-54,Эмэгтэй,2017,82.1
Өвөрхангай,50-54,Эмэгтэй,2016,77.5
Өвөрхангай,50-54,Эмэгтэй,2015,74.8
Өвөрхангай,50-54,Эмэгтэй,2014,76.0
Өвөрхангай,50-54,Эмэгтэй,2013,72.7
Өвөрхангай,50-54,Эмэгтэй,2012,72.7
Өвөрхангай,50-54,Эмэгтэй,2011,57.1
Өвөрхангай,50-54,Эмэгтэй,2010,58.2
Өвөрхангай,50-54,Эмэгтэй,2009,89.3
Өвөрхангай,55-59,Нийт,2025,77.4
Өвөрхангай,55-59,Нийт,2024,76.5
Өвөрхангай,55-59,Нийт,2023,70.2
Өвөрхангай,55-59,Нийт,2022,63.6
Өвөрхангай,55-59,Нийт,2021,56.8
Өвөрхангай,55-59,Нийт,2020,34.7
Өвөрхангай,55-59,Нийт,2019,56.2
Өвөрхангай,55-59,Нийт,2018,70.6
Өвөрхангай,55-59,Нийт,2017,71.1
Өвөрхангай,55-59,Нийт,2016,65.4
Өвөрхангай,55-59,Нийт,2015,64.5
Өвөрхангай,55-59,Нийт,2014,74.5
Өвөрхангай,55-59,Нийт,2013,68.6
Өвөрхангай,55-59,Нийт,2012,64.0
Өвөрхангай,55-59,Нийт,2011,61.2
Өвөрхангай,55-59,Нийт,2010,73.8
Өвөрхангай,55-59,Нийт,2009,61.7
Өвөрхангай,55-59,Эрэгтэй,2025,96.5
Өвөрхангай,55-59,Эрэгтэй,2024,89.1
Өвөрхангай,55-59,Эрэгтэй,2023,73.2
Өвөрхангай,55-59,Эрэгтэй,2022,88.9
Өвөрхангай,55-59,Эрэгтэй,2021,80.6
Өвөрхангай,55-59,Эрэгтэй,2020,60.6
Өвөрхангай,55-59,Эрэгтэй,2019,66.3
Өвөрхангай,55-59,Эрэгтэй,2018,88.4
Өвөрхангай,55-59,Эрэгтэй,2017,82.2
Өвөрхангай,55-59,Эрэгтэй,2016,84.4
Өвөрхангай,55-59,Эрэгтэй,2015,69.9
Өвөрхангай,55-59,Эрэгтэй,2014,88.0
Өвөрхангай,55-59,Эрэгтэй,2013,87.7
Өвөрхангай,55-59,Эрэгтэй,2012,81.4
Өвөрхангай,55-59,Эрэгтэй,2011,77.2
Өвөрхангай,55-59,Эрэгтэй,2010,84.2
Өвөрхангай,55-59,Эрэгтэй,2009,58.2
Өвөрхангай,55-59,Эмэгтэй,2025,63.9
Өвөрхангай,55-59,Эмэгтэй,2024,56.8
Өвөрхангай,55-59,Эмэгтэй,2023,67.4
Өвөрхангай,55-59,Эмэгтэй,2022,39.5
Өвөрхангай,55-59,Эмэгтэй,2021,39.2
Өвөрхангай,55-59,Эмэгтэй,2020,18.3
Өвөрхангай,55-59,Эмэгтэй,2019,49.9
Өвөрхангай,55-59,Эмэгтэй,2018,52.5
Өвөрхангай,55-59,Эмэгтэй,2017,60.5
Өвөрхангай,55-59,Эмэгтэй,2016,52.3
Өвөрхангай,55-59,Эмэгтэй,2015,59.4
Өвөрхангай,55-59,Эмэгтэй,2014,58.3
Өвөрхангай,55-59,Эмэгтэй,2013,51.6
Өвөрхангай,55-59,Эмэгтэй,2012,52.9
Өвөрхангай,55-59,Эмэгтэй,2011,45.8
Өвөрхангай,55-59,Эмэгтэй,2010,60.5
Өвөрхангай,55-59,Эмэгтэй,2009,65.4
Өвөрхангай,60-64,Нийт,2025,56.8
Өвөрхангай,60-64,Нийт,2024,48.2
Өвөрхангай,60-64,Нийт,2023,33.2
Өвөрхангай,60-64,Нийт,2022,53.6
Өвөрхангай,60-64,Нийт,2021,45.6
Өвөрхангай,60-64,Нийт,2020,32.2
Өвөрхангай,60-64,Нийт,2019,22.5
Өвөрхангай,60-64,Нийт,2018,42.4
Өвөрхангай,60-64,Нийт,2017,42.3
Өвөрхангай,60-64,Нийт,2016,51.5
Өвөрхангай,60-64,Нийт,2015,44.1
Өвөрхангай,60-64,Нийт,2014,29.7
Өвөрхангай,60-64,Нийт,2013,74.0
Өвөрхангай,60-64,Нийт,2012,39.8
Өвөрхангай,60-64,Нийт,2011,27.0
Өвөрхангай,60-64,Нийт,2010,29.8
Өвөрхангай,60-64,Нийт,2009,44.3
Өвөрхангай,60-64,Эрэгтэй,2025,62.8
Өвөрхангай,60-64,Эрэгтэй,2024,64.2
Өвөрхангай,60-64,Эрэгтэй,2023,42.9
Өвөрхангай,60-64,Эрэгтэй,2022,41.6
Өвөрхангай,60-64,Эрэгтэй,2021,33.7
Өвөрхангай,60-64,Эрэгтэй,2020,44.5
Өвөрхангай,60-64,Эрэгтэй,2019,28.6
Өвөрхангай,60-64,Эрэгтэй,2018,48.0
Өвөрхангай,60-64,Эрэгтэй,2017,43.2
Өвөрхангай,60-64,Эрэгтэй,2016,45.8
Өвөрхангай,60-64,Эрэгтэй,2015,53.7
Өвөрхангай,60-64,Эрэгтэй,2014,35.3
Өвөрхангай,60-64,Эрэгтэй,2013,81.2
Өвөрхангай,60-64,Эрэгтэй,2012,52.3
Өвөрхангай,60-64,Эрэгтэй,2011,22.7
Өвөрхангай,60-64,Эрэгтэй,2010,32.2
Өвөрхангай,60-64,Эрэгтэй,2009,26.5
Өвөрхангай,60-64,Эмэгтэй,2025,51.1
Өвөрхангай,60-64,Эмэгтэй,2024,38.2
Өвөрхангай,60-64,Эмэгтэй,2023,27.5
Өвөрхангай,60-64,Эмэгтэй,2022,58.7
Өвөрхангай,60-64,Эмэгтэй,2021,60.2
Өвөрхангай,60-64,Эмэгтэй,2020,23.3
Өвөрхангай,60-64,Эмэгтэй,2019,16.0
Өвөрхангай,60-64,Эмэгтэй,2018,38.5
Өвөрхангай,60-64,Эмэгтэй,2017,41.6
Өвөрхангай,60-64,Эмэгтэй,2016,58.3
Өвөрхангай,60-64,Эмэгтэй,2015,38.1
Өвөрхангай,60-64,Эмэгтэй,2014,22.0
Өвөрхангай,60-64,Эмэгтэй,2013,63.7
Өвөрхангай,60-64,Эмэгтэй,2012,27.7
Өвөрхангай,60-64,Эмэгтэй,2011,31.8
Өвөрхангай,60-64,Эмэгтэй,2010,28.1
Өвөрхангай,60-64,Эмэгтэй,2009,55.3
Өвөрхангай,65-69,Нийт,2025,33.8
Өвөрхангай,65-69,Нийт,2024,37.6
Өвөрхангай,65-69,Нийт,2023,23.8
Өвөрхангай,65-69,Нийт,2022,39.1
Өвөрхангай,65-69,Нийт,2021,42.1
Өвөрхангай,65-69,Нийт,2020,36.5
Өвөрхангай,65-69,Нийт,2019,36.8
Өвөрхангай,65-69,Нийт,2018,32.6
Өвөрхангай,65-69,Нийт,2017,33.1
Өвөрхангай,65-69,Нийт,2016,38.3
Өвөрхангай,65-69,Нийт,2015,42.7
Өвөрхангай,65-69,Нийт,2014,41.5
Өвөрхангай,65-69,Нийт,2013,55.6
Өвөрхангай,65-69,Нийт,2012,9.8
Өвөрхангай,65-69,Нийт,2011,32.0
Өвөрхангай,65-69,Нийт,2010,37.9
Өвөрхангай,65-69,Нийт,2009,27.8
Өвөрхангай,65-69,Эрэгтэй,2025,40.4
Өвөрхангай,65-69,Эрэгтэй,2024,32.7
Өвөрхангай,65-69,Эрэгтэй,2023,47.9
Өвөрхангай,65-69,Эрэгтэй,2022,48.9
Өвөрхангай,65-69,Эрэгтэй,2021,57.0
Өвөрхангай,65-69,Эрэгтэй,2020,34.7
Өвөрхангай,65-69,Эрэгтэй,2019,56.8
Өвөрхангай,65-69,Эрэгтэй,2018,45.0
Өвөрхангай,65-69,Эрэгтэй,2017,24.7
Өвөрхангай,65-69,Эрэгтэй,2016,30.3
Өвөрхангай,65-69,Эрэгтэй,2015,32.9
Өвөрхангай,65-69,Эрэгтэй,2014,39.5
Өвөрхангай,65-69,Эрэгтэй,2013,50.0
Өвөрхангай,65-69,Эрэгтэй,2012,0.0
Өвөрхангай,65-69,Эрэгтэй,2011,35.6
Өвөрхангай,65-69,Эрэгтэй,2010,32.3
Өвөрхангай,65-69,Эрэгтэй,2009,42.6
Өвөрхангай,65-69,Эмэгтэй,2025,29.1
Өвөрхангай,65-69,Эмэгтэй,2024,41.6
Өвөрхангай,65-69,Эмэгтэй,2023,16.6
Өвөрхангай,65-69,Эмэгтэй,2022,21.1
Өвөрхангай,65-69,Эмэгтэй,2021,9.5
Өвөрхангай,65-69,Эмэгтэй,2020,38.3
Өвөрхангай,65-69,Эмэгтэй,2019,3.3
Өвөрхангай,65-69,Эмэгтэй,2018,22.7
Өвөрхангай,65-69,Эмэгтэй,2017,39.8
Өвөрхангай,65-69,Эмэгтэй,2016,45.5
Өвөрхангай,65-69,Эмэгтэй,2015,47.6
Өвөрхангай,65-69,Эмэгтэй,2014,43.2
Өвөрхангай,65-69,Эмэгтэй,2013,58.3
Өвөрхангай,65-69,Эмэгтэй,2012,16.0
Өвөрхангай,65-69,Эмэгтэй,2011,27.5
Өвөрхангай,65-69,Эмэгтэй,2010,48.0
Өвөрхангай,65-69,Эмэгтэй,2009,17.1
Өвөрхангай,70+,Нийт,2025,22.2
Өвөрхангай,70+,Нийт,2024,12.2
Өвөрхангай,70+,Нийт,2023,10.9
Өвөрхангай,70+,Нийт,2022,4.1
Өвөрхангай,70+,Нийт,2021,9.7
Өвөрхангай,70+,Нийт,2020,0.0
Өвөрхангай,70+,Нийт,2019,5.9
Өвөрхангай,70+,Нийт,2018,9.1
Өвөрхангай,70+,Нийт,2017,21.0
Өвөрхангай,70+,Нийт,2016,15.7
Өвөрхангай,70+,Нийт,2015,20.8
Өвөрхангай,70+,Нийт,2014,24.1
Өвөрхангай,70+,Нийт,2013,16.1
Өвөрхангай,70+,Нийт,2012,18.7
Өвөрхангай,70+,Нийт,2011,20.1
Өвөрхангай,70+,Нийт,2010,25.2
Өвөрхангай,70+,Нийт,2009,0.0
Өвөрхангай,70+,Эрэгтэй,2025,39.8
Өвөрхангай,70+,Эрэгтэй,2024,11.9
Өвөрхангай,70+,Эрэгтэй,2023,16.8
Өвөрхангай,70+,Эрэгтэй,2022,16.0
Өвөрхангай,70+,Эрэгтэй,2021,7.3
Өвөрхангай,70+,Эрэгтэй,2020,0.0
Өвөрхангай,70+,Эрэгтэй,2019,9.7
Өвөрхангай,70+,Эрэгтэй,2018,9.3
Өвөрхангай,70+,Эрэгтэй,2017,31.1
Өвөрхангай,70+,Эрэгтэй,2016,35.4
Өвөрхангай,70+,Эрэгтэй,2015,19.9
Өвөрхангай,70+,Эрэгтэй,2014,33.3
Өвөрхангай,70+,Эрэгтэй,2013,43.1
Өвөрхангай,70+,Эрэгтэй,2012,23.6
Өвөрхангай,70+,Эрэгтэй,2011,31.7
Өвөрхангай,70+,Эрэгтэй,2010,27.6
Өвөрхангай,70+,Эрэгтэй,2009,0.0
Өвөрхангай,70+,Эмэгтэй,2025,16.4
Өвөрхангай,70+,Эмэгтэй,2024,12.4
Өвөрхангай,70+,Эмэгтэй,2023,5.2
Өвөрхангай,70+,Эмэгтэй,2022,0.0
Өвөрхангай,70+,Эмэгтэй,2021,10.1
Өвөрхангай,70+,Эмэгтэй,2020,0.0
Өвөрхангай,70+,Эмэгтэй,2019,0.0
Өвөрхангай,70+,Эмэгтэй,2018,8.9
Өвөрхангай,70+,Эмэгтэй,2017,11.6
Өвөрхангай,70+,Эмэгтэй,2016,3.6
Өвөрхангай,70+,Эмэгтэй,2015,21.9
Өвөрхангай,70+,Эмэгтэй,2014,16.4
Өвөрхангай,70+,Эмэгтэй,2013,0.0
Өвөрхангай,70+,Эмэгтэй,2012,14.1
Өвөрхангай,70+,Эмэгтэй,2011,10.3
Өвөрхангай,70+,Эмэгтэй,2010,23.4
Өвөрхангай,70+,Эмэгтэй,2009,0.0
Баруун бүс,Бүгд,Нийт,2025,66.4
Баруун бүс,Бүгд,Нийт,2024,65.5
Баруун бүс,Бүгд,Нийт,2023,67.3
Баруун бүс,Бүгд,Нийт,2022,64.4
Баруун бүс,Бүгд,Нийт,2021,64.4
Баруун бүс,Бүгд,Нийт,2020,63.1
Баруун бүс,Бүгд,Нийт,2019,65.5
Баруун бүс,Бүгд,Нийт,2018,72.4
Баруун бүс,Бүгд,Нийт,2017,73.4
Баруун бүс,Бүгд,Нийт,2016,71.6
Баруун бүс,Бүгд,Нийт,2015,73.1
Баруун бүс,Бүгд,Нийт,2014,74.3
Баруун бүс,Бүгд,Нийт,2013,71.7
Баруун бүс,Бүгд,Нийт,2012,75.7
Баруун бүс,Бүгд,Нийт,2011,71.8
Баруун бүс,Бүгд,Нийт,2010,73.4
Баруун бүс,Бүгд,Нийт,2009,73.5
Баруун бүс,Бүгд,Эрэгтэй,2025,71.6
Баруун бүс,Бүгд,Эрэгтэй,2024,72.4
Баруун бүс,Бүгд,Эрэгтэй,2023,71.9
Баруун бүс,Бүгд,Эрэгтэй,2022,71.0
Баруун бүс,Бүгд,Эрэгтэй,2021,70.6
Баруун бүс,Бүгд,Эрэгтэй,2020,66.9
Баруун бүс,Бүгд,Эрэгтэй,2019,69.2
Баруун бүс,Бүгд,Эрэгтэй,2018,77.7
Баруун бүс,Бүгд,Эрэгтэй,2017,78.0
Баруун бүс,Бүгд,Эрэгтэй,2016,76.6
Баруун бүс,Бүгд,Эрэгтэй,2015,77.0
Баруун бүс,Бүгд,Эрэгтэй,2014,78.2
Баруун бүс,Бүгд,Эрэгтэй,2013,76.0
Баруун бүс,Бүгд,Эрэгтэй,2012,79.2
Баруун бүс,Бүгд,Эрэгтэй,2011,75.7
Баруун бүс,Бүгд,Эрэгтэй,2010,77.3
Баруун бүс,Бүгд,Эрэгтэй,2009,76.5
Баруун бүс,Бүгд,Эмэгтэй,2025,61.2
Баруун бүс,Бүгд,Эмэгтэй,2024,59.0
Баруун бүс,Бүгд,Эмэгтэй,2023,62.5
Баруун бүс,Бүгд,Эмэгтэй,2022,57.9
Баруун бүс,Бүгд,Эмэгтэй,2021,58.3
Баруун бүс,Бүгд,Эмэгтэй,2020,59.3
Баруун бүс,Бүгд,Эмэгтэй,2019,61.9
Баруун бүс,Бүгд,Эмэгтэй,2018,67.1
Баруун бүс,Бүгд,Эмэгтэй,2017,68.8
Баруун бүс,Бүгд,Эмэгтэй,2016,66.8
Баруун бүс,Бүгд,Эмэгтэй,2015,69.4
Баруун бүс,Бүгд,Эмэгтэй,2014,70.5
Баруун бүс,Бүгд,Эмэгтэй,2013,67.6
Баруун бүс,Бүгд,Эмэгтэй,2012,72.2
Баруун бүс,Бүгд,Эмэгтэй,2011,68.0
Баруун бүс,Бүгд,Эмэгтэй,2010,69.7
Баруун бүс,Бүгд,Эмэгтэй,2009,70.6
Баруун бүс,15-19,Нийт,2025,8.4
Баруун бүс,15-19,Нийт,2024,8.5
Баруун бүс,15-19,Нийт,2023,9.5
Баруун бүс,15-19,Нийт,2022,8.8
Баруун бүс,15-19,Нийт,2021,11.5
Баруун бүс,15-19,Нийт,2020,14.8
Баруун бүс,15-19,Нийт,2019,14.1
Баруун бүс,15-19,Нийт,2018,11.8
Баруун бүс,15-19,Нийт,2017,14.2
Баруун бүс,15-19,Нийт,2016,11.8
Баруун бүс,15-19,Нийт,2015,15.9
Баруун бүс,15-19,Нийт,2014,16.9
Баруун бүс,15-19,Нийт,2013,15.7
Баруун бүс,15-19,Нийт,2012,46.5
Баруун бүс,15-19,Нийт,2011,26.1
Баруун бүс,15-19,Нийт,2010,24.6
Баруун бүс,15-19,Нийт,2009,27.9
Баруун бүс,15-19,Эрэгтэй,2025,12.3
Баруун бүс,15-19,Эрэгтэй,2024,14.9
Баруун бүс,15-19,Эрэгтэй,2023,12.7
Баруун бүс,15-19,Эрэгтэй,2022,11.5
Баруун бүс,15-19,Эрэгтэй,2021,17.5
Баруун бүс,15-19,Эрэгтэй,2020,19.1
Баруун бүс,15-19,Эрэгтэй,2019,19.1
Баруун бүс,15-19,Эрэгтэй,2018,16.8
Баруун бүс,15-19,Эрэгтэй,2017,19.4
Баруун бүс,15-19,Эрэгтэй,2016,17.9
Баруун бүс,15-19,Эрэгтэй,2015,19.7
Баруун бүс,15-19,Эрэгтэй,2014,22.6
Баруун бүс,15-19,Эрэгтэй,2013,19.3
Баруун бүс,15-19,Эрэгтэй,2012,48.8
Баруун бүс,15-19,Эрэгтэй,2011,30.5
Баруун бүс,15-19,Эрэгтэй,2010,28.5
Баруун бүс,15-19,Эрэгтэй,2009,31.8
Баруун бүс,15-19,Эмэгтэй,2025,3.6
Баруун бүс,15-19,Эмэгтэй,2024,3.3
Баруун бүс,15-19,Эмэгтэй,2023,5.4
Баруун бүс,15-19,Эмэгтэй,2022,5.8
Баруун бүс,15-19,Эмэгтэй,2021,5.4
Баруун бүс,15-19,Эмэгтэй,2020,10.0
Баруун бүс,15-19,Эмэгтэй,2019,8.2
Баруун бүс,15-19,Эмэгтэй,2018,5.9
Баруун бүс,15-19,Эмэгтэй,2017,9.1
Баруун бүс,15-19,Эмэгтэй,2016,6.3
Баруун бүс,15-19,Эмэгтэй,2015,12.1
Баруун бүс,15-19,Эмэгтэй,2014,10.9
Баруун бүс,15-19,Эмэгтэй,2013,11.5
Баруун бүс,15-19,Эмэгтэй,2012,44.1
Баруун бүс,15-19,Эмэгтэй,2011,21.5
Баруун бүс,15-19,Эмэгтэй,2010,20.9
Баруун бүс,15-19,Эмэгтэй,2009,23.9
Баруун бүс,20-24,Нийт,2025,52.4
Баруун бүс,20-24,Нийт,2024,49.9
Баруун бүс,20-24,Нийт,2023,49.0
Баруун бүс,20-24,Нийт,2022,50.7
Баруун бүс,20-24,Нийт,2021,59.8
Баруун бүс,20-24,Нийт,2020,65.5
Баруун бүс,20-24,Нийт,2019,59.6
Баруун бүс,20-24,Нийт,2018,74.2
Баруун бүс,20-24,Нийт,2017,75.5
Баруун бүс,20-24,Нийт,2016,78.4
Баруун бүс,20-24,Нийт,2015,76.3
Баруун бүс,20-24,Нийт,2014,73.2
Баруун бүс,20-24,Нийт,2013,69.7
Баруун бүс,20-24,Нийт,2012,67.9
Баруун бүс,20-24,Нийт,2011,68.3
Баруун бүс,20-24,Нийт,2010,71.6
Баруун бүс,20-24,Нийт,2009,72.5
Баруун бүс,20-24,Эрэгтэй,2025,61.0
Баруун бүс,20-24,Эрэгтэй,2024,50.8
Баруун бүс,20-24,Эрэгтэй,2023,58.3
Баруун бүс,20-24,Эрэгтэй,2022,65.9
Баруун бүс,20-24,Эрэгтэй,2021,73.4
Баруун бүс,20-24,Эрэгтэй,2020,70.7
Баруун бүс,20-24,Эрэгтэй,2019,60.7
Баруун бүс,20-24,Эрэгтэй,2018,85.4
Баруун бүс,20-24,Эрэгтэй,2017,80.3
Баруун бүс,20-24,Эрэгтэй,2016,82.1
Баруун бүс,20-24,Эрэгтэй,2015,81.6
Баруун бүс,20-24,Эрэгтэй,2014,77.8
Баруун бүс,20-24,Эрэгтэй,2013,74.3
Баруун бүс,20-24,Эрэгтэй,2012,73.1
Баруун бүс,20-24,Эрэгтэй,2011,73.7
Баруун бүс,20-24,Эрэгтэй,2010,77.0
Баруун бүс,20-24,Эрэгтэй,2009,76.0
Баруун бүс,20-24,Эмэгтэй,2025,42.7
Баруун бүс,20-24,Эмэгтэй,2024,48.9
Баруун бүс,20-24,Эмэгтэй,2023,33.2
Баруун бүс,20-24,Эмэгтэй,2022,35.4
Баруун бүс,20-24,Эмэгтэй,2021,47.0
Баруун бүс,20-24,Эмэгтэй,2020,59.4
Баруун бүс,20-24,Эмэгтэй,2019,58.5
Баруун бүс,20-24,Эмэгтэй,2018,61.9
Баруун бүс,20-24,Эмэгтэй,2017,69.3
Баруун бүс,20-24,Эмэгтэй,2016,73.9
Баруун бүс,20-24,Эмэгтэй,2015,70.8
Баруун бүс,20-24,Эмэгтэй,2014,68.0
Баруун бүс,20-24,Эмэгтэй,2013,65.1
Баруун бүс,20-24,Эмэгтэй,2012,62.0
Баруун бүс,20-24,Эмэгтэй,2011,63.2
Баруун бүс,20-24,Эмэгтэй,2010,66.1
Баруун бүс,20-24,Эмэгтэй,2009,69.1
Баруун бүс,25-29,Нийт,2025,87.7
Баруун бүс,25-29,Нийт,2024,83.3
Баруун бүс,25-29,Нийт,2023,87.8
Баруун бүс,25-29,Нийт,2022,87.5
Баруун бүс,25-29,Нийт,2021,74.6
Баруун бүс,25-29,Нийт,2020,75.1
Баруун бүс,25-29,Нийт,2019,75.8
Баруун бүс,25-29,Нийт,2018,86.2
Баруун бүс,25-29,Нийт,2017,91.6
Баруун бүс,25-29,Нийт,2016,90.2
Баруун бүс,25-29,Нийт,2015,90.6
Баруун бүс,25-29,Нийт,2014,91.1
Баруун бүс,25-29,Нийт,2013,91.6
Баруун бүс,25-29,Нийт,2012,89.7
Баруун бүс,25-29,Нийт,2011,87.4
Баруун бүс,25-29,Нийт,2010,87.9
Баруун бүс,25-29,Нийт,2009,88.9
Баруун бүс,25-29,Эрэгтэй,2025,95.0
Баруун бүс,25-29,Эрэгтэй,2024,89.6
Баруун бүс,25-29,Эрэгтэй,2023,91.1
Баруун бүс,25-29,Эрэгтэй,2022,93.1
Баруун бүс,25-29,Эрэгтэй,2021,86.1
Баруун бүс,25-29,Эрэгтэй,2020,82.5
Баруун бүс,25-29,Эрэгтэй,2019,83.1
Баруун бүс,25-29,Эрэгтэй,2018,94.2
Баруун бүс,25-29,Эрэгтэй,2017,94.0
Баруун бүс,25-29,Эрэгтэй,2016,93.7
Баруун бүс,25-29,Эрэгтэй,2015,94.9
Баруун бүс,25-29,Эрэгтэй,2014,95.5
Баруун бүс,25-29,Эрэгтэй,2013,96.8
Баруун бүс,25-29,Эрэгтэй,2012,93.8
Баруун бүс,25-29,Эрэгтэй,2011,90.7
Баруун бүс,25-29,Эрэгтэй,2010,90.7
Баруун бүс,25-29,Эрэгтэй,2009,94.7
Баруун бүс,25-29,Эмэгтэй,2025,78.7
Баруун бүс,25-29,Эмэгтэй,2024,76.2
Баруун бүс,25-29,Эмэгтэй,2023,84.1
Баруун бүс,25-29,Эмэгтэй,2022,81.8
Баруун бүс,25-29,Эмэгтэй,2021,60.2
Баруун бүс,25-29,Эмэгтэй,2020,68.1
Баруун бүс,25-29,Эмэгтэй,2019,66.7
Баруун бүс,25-29,Эмэгтэй,2018,78.0
Баруун бүс,25-29,Эмэгтэй,2017,89.4
Баруун бүс,25-29,Эмэгтэй,2016,86.7
Баруун бүс,25-29,Эмэгтэй,2015,86.0
Баруун бүс,25-29,Эмэгтэй,2014,86.1
Баруун бүс,25-29,Эмэгтэй,2013,86.8
Баруун бүс,25-29,Эмэгтэй,2012,85.7
Баруун бүс,25-29,Эмэгтэй,2011,83.7
Баруун бүс,25-29,Эмэгтэй,2010,85.0
Баруун бүс,25-29,Эмэгтэй,2009,82.4
Баруун бүс,30-34,Нийт,2025,93.7
Баруун бүс,30-34,Нийт,2024,88.3
Баруун бүс,30-34,Нийт,2023,90.3
Баруун бүс,30-34,Нийт,2022,78.0
Баруун бүс,30-34,Нийт,2021,85.3
Баруун бүс,30-34,Нийт,2020,82.6
Баруун бүс,30-34,Нийт,2019,85.5
Баруун бүс,30-34,Нийт,2018,90.4
Баруун бүс,30-34,Нийт,2017,92.6
Баруун бүс,30-34,Нийт,2016,90.3
Баруун бүс,30-34,Нийт,2015,92.8
Баруун бүс,30-34,Нийт,2014,92.9
Баруун бүс,30-34,Нийт,2013,91.7
Баруун бүс,30-34,Нийт,2012,92.3
Баруун бүс,30-34,Нийт,2011,90.5
Баруун бүс,30-34,Нийт,2010,92.6
Баруун бүс,30-34,Нийт,2009,90.1
Баруун бүс,30-34,Эрэгтэй,2025,95.7
Баруун бүс,30-34,Эрэгтэй,2024,95.6
Баруун бүс,30-34,Эрэгтэй,2023,90.1
Баруун бүс,30-34,Эрэгтэй,2022,83.7
Баруун бүс,30-34,Эрэгтэй,2021,92.0
Баруун бүс,30-34,Эрэгтэй,2020,84.3
Баруун бүс,30-34,Эрэгтэй,2019,88.8
Баруун бүс,30-34,Эрэгтэй,2018,96.2
Баруун бүс,30-34,Эрэгтэй,2017,96.7
Баруун бүс,30-34,Эрэгтэй,2016,96.8
Баруун бүс,30-34,Эрэгтэй,2015,97.8
Баруун бүс,30-34,Эрэгтэй,2014,94.0
Баруун бүс,30-34,Эрэгтэй,2013,94.5
Баруун бүс,30-34,Эрэгтэй,2012,93.1
Баруун бүс,30-34,Эрэгтэй,2011,93.5
Баруун бүс,30-34,Эрэгтэй,2010,97.4
Баруун бүс,30-34,Эрэгтэй,2009,94.4
Баруун бүс,30-34,Эмэгтэй,2025,91.3
Баруун бүс,30-34,Эмэгтэй,2024,80.8
Баруун бүс,30-34,Эмэгтэй,2023,90.6
Баруун бүс,30-34,Эмэгтэй,2022,71.6
Баруун бүс,30-34,Эмэгтэй,2021,78.9
Баруун бүс,30-34,Эмэгтэй,2020,80.8
Баруун бүс,30-34,Эмэгтэй,2019,82.6
Баруун бүс,30-34,Эмэгтэй,2018,85.7
Баруун бүс,30-34,Эмэгтэй,2017,88.6
Баруун бүс,30-34,Эмэгтэй,2016,84.0
Баруун бүс,30-34,Эмэгтэй,2015,88.3
Баруун бүс,30-34,Эмэгтэй,2014,91.9
Баруун бүс,30-34,Эмэгтэй,2013,88.8
Баруун бүс,30-34,Эмэгтэй,2012,91.5
Баруун бүс,30-34,Эмэгтэй,2011,88.1
Баруун бүс,30-34,Эмэгтэй,2010,88.1
Баруун бүс,30-34,Эмэгтэй,2009,86.1
Баруун бүс,35-39,Нийт,2025,93.7
Баруун бүс,35-39,Нийт,2024,91.2
Баруун бүс,35-39,Нийт,2023,89.9
Баруун бүс,35-39,Нийт,2022,92.4
Баруун бүс,35-39,Нийт,2021,86.2
Баруун бүс,35-39,Нийт,2020,81.1
Баруун бүс,35-39,Нийт,2019,83.3
Баруун бүс,35-39,Нийт,2018,92.5
Баруун бүс,35-39,Нийт,2017,94.3
Баруун бүс,35-39,Нийт,2016,92.6
Баруун бүс,35-39,Нийт,2015,92.7
Баруун бүс,35-39,Нийт,2014,95.3
Баруун бүс,35-39,Нийт,2013,93.7
Баруун бүс,35-39,Нийт,2012,92.8
Баруун бүс,35-39,Нийт,2011,93.3
Баруун бүс,35-39,Нийт,2010,95.4
Баруун бүс,35-39,Нийт,2009,93.6
Баруун бүс,35-39,Эрэгтэй,2025,94.3
Баруун бүс,35-39,Эрэгтэй,2024,92.6
Баруун бүс,35-39,Эрэгтэй,2023,92.3
Баруун бүс,35-39,Эрэгтэй,2022,92.9
Баруун бүс,35-39,Эрэгтэй,2021,87.4
Баруун бүс,35-39,Эрэгтэй,2020,82.9
Баруун бүс,35-39,Эрэгтэй,2019,83.3
Баруун бүс,35-39,Эрэгтэй,2018,98.4
Баруун бүс,35-39,Эрэгтэй,2017,97.2
Баруун бүс,35-39,Эрэгтэй,2016,95.5
Баруун бүс,35-39,Эрэгтэй,2015,96.0
Баруун бүс,35-39,Эрэгтэй,2014,98.6
Баруун бүс,35-39,Эрэгтэй,2013,97.3
Баруун бүс,35-39,Эрэгтэй,2012,94.5
Баруун бүс,35-39,Эрэгтэй,2011,95.7
Баруун бүс,35-39,Эрэгтэй,2010,98.4
Баруун бүс,35-39,Эрэгтэй,2009,98.7
Баруун бүс,35-39,Эмэгтэй,2025,93.1
Баруун бүс,35-39,Эмэгтэй,2024,89.6
Баруун бүс,35-39,Эмэгтэй,2023,87.5
Баруун бүс,35-39,Эмэгтэй,2022,91.9
Баруун бүс,35-39,Эмэгтэй,2021,84.8
Баруун бүс,35-39,Эмэгтэй,2020,79.2
Баруун бүс,35-39,Эмэгтэй,2019,83.4
Баруун бүс,35-39,Эмэгтэй,2018,86.6
Баруун бүс,35-39,Эмэгтэй,2017,91.6
Баруун бүс,35-39,Эмэгтэй,2016,90.1
Баруун бүс,35-39,Эмэгтэй,2015,89.5
Баруун бүс,35-39,Эмэгтэй,2014,92.2
Баруун бүс,35-39,Эмэгтэй,2013,90.6
Баруун бүс,35-39,Эмэгтэй,2012,91.3
Баруун бүс,35-39,Эмэгтэй,2011,91.2
Баруун бүс,35-39,Эмэгтэй,2010,92.8
Баруун бүс,35-39,Эмэгтэй,2009,89.7
Баруун бүс,40-44,Нийт,2025,91.7
Баруун бүс,40-44,Нийт,2024,91.6
Баруун бүс,40-44,Нийт,2023,89.1
Баруун бүс,40-44,Нийт,2022,88.3
Баруун бүс,40-44,Нийт,2021,84.9
Баруун бүс,40-44,Нийт,2020,79.9
Баруун бүс,40-44,Нийт,2019,83.5
Баруун бүс,40-44,Нийт,2018,94.9
Баруун бүс,40-44,Нийт,2017,95.0
Баруун бүс,40-44,Нийт,2016,93.3
Баруун бүс,40-44,Нийт,2015,94.4
Баруун бүс,40-44,Нийт,2014,94.7
Баруун бүс,40-44,Нийт,2013,91.1
Баруун бүс,40-44,Нийт,2012,92.4
Баруун бүс,40-44,Нийт,2011,92.5
Баруун бүс,40-44,Нийт,2010,92.9
Баруун бүс,40-44,Нийт,2009,89.7
Баруун бүс,40-44,Эрэгтэй,2025,92.8
Баруун бүс,40-44,Эрэгтэй,2024,95.5
Баруун бүс,40-44,Эрэгтэй,2023,94.5
Баруун бүс,40-44,Эрэгтэй,2022,89.9
Баруун бүс,40-44,Эрэгтэй,2021,85.9
Баруун бүс,40-44,Эрэгтэй,2020,83.6
Баруун бүс,40-44,Эрэгтэй,2019,83.9
Баруун бүс,40-44,Эрэгтэй,2018,94.6
Баруун бүс,40-44,Эрэгтэй,2017,96.3
Баруун бүс,40-44,Эрэгтэй,2016,93.8
Баруун бүс,40-44,Эрэгтэй,2015,96.2
Баруун бүс,40-44,Эрэгтэй,2014,96.7
Баруун бүс,40-44,Эрэгтэй,2013,94.2
Баруун бүс,40-44,Эрэгтэй,2012,92.8
Баруун бүс,40-44,Эрэгтэй,2011,94.6
Баруун бүс,40-44,Эрэгтэй,2010,94.4
Баруун бүс,40-44,Эрэгтэй,2009,90.0
Баруун бүс,40-44,Эмэгтэй,2025,90.6
Баруун бүс,40-44,Эмэгтэй,2024,87.6
Баруун бүс,40-44,Эмэгтэй,2023,83.7
Баруун бүс,40-44,Эмэгтэй,2022,86.6
Баруун бүс,40-44,Эмэгтэй,2021,84.0
Баруун бүс,40-44,Эмэгтэй,2020,76.6
Баруун бүс,40-44,Эмэгтэй,2019,82.9
Баруун бүс,40-44,Эмэгтэй,2018,95.1
Баруун бүс,40-44,Эмэгтэй,2017,93.6
Баруун бүс,40-44,Эмэгтэй,2016,92.8
Баруун бүс,40-44,Эмэгтэй,2015,92.5
Баруун бүс,40-44,Эмэгтэй,2014,92.7
Баруун бүс,40-44,Эмэгтэй,2013,87.9
Баруун бүс,40-44,Эмэгтэй,2012,92.0
Баруун бүс,40-44,Эмэгтэй,2011,90.5
Баруун бүс,40-44,Эмэгтэй,2010,91.5
Баруун бүс,40-44,Эмэгтэй,2009,89.3
Баруун бүс,45-49,Нийт,2025,92.1
Баруун бүс,45-49,Нийт,2024,94.7
Баруун бүс,45-49,Нийт,2023,90.3
Баруун бүс,45-49,Нийт,2022,90.2
Баруун бүс,45-49,Нийт,2021,81.1
Баруун бүс,45-49,Нийт,2020,84.8
Баруун бүс,45-49,Нийт,2019,83.6
Баруун бүс,45-49,Нийт,2018,93.7
Баруун бүс,45-49,Нийт,2017,91.7
Баруун бүс,45-49,Нийт,2016,89.8
Баруун бүс,45-49,Нийт,2015,91.9
Баруун бүс,45-49,Нийт,2014,89.2
Баруун бүс,45-49,Нийт,2013,90.8
Баруун бүс,45-49,Нийт,2012,91.4
Баруун бүс,45-49,Нийт,2011,90.1
Баруун бүс,45-49,Нийт,2010,93.8
Баруун бүс,45-49,Нийт,2009,92.4
Баруун бүс,45-49,Эрэгтэй,2025,92.8
Баруун бүс,45-49,Эрэгтэй,2024,93.8
Баруун бүс,45-49,Эрэгтэй,2023,90.7
Баруун бүс,45-49,Эрэгтэй,2022,92.9
Баруун бүс,45-49,Эрэгтэй,2021,86.2
Баруун бүс,45-49,Эрэгтэй,2020,85.3
Баруун бүс,45-49,Эрэгтэй,2019,81.0
Баруун бүс,45-49,Эрэгтэй,2018,95.1
Баруун бүс,45-49,Эрэгтэй,2017,92.2
Баруун бүс,45-49,Эрэгтэй,2016,89.2
Баруун бүс,45-49,Эрэгтэй,2015,91.9
Баруун бүс,45-49,Эрэгтэй,2014,90.5
Баруун бүс,45-49,Эрэгтэй,2013,91.7
Баруун бүс,45-49,Эрэгтэй,2012,94.5
Баруун бүс,45-49,Эрэгтэй,2011,92.7
Баруун бүс,45-49,Эрэгтэй,2010,96.3
Баруун бүс,45-49,Эрэгтэй,2009,93.9
Баруун бүс,45-49,Эмэгтэй,2025,91.6
Баруун бүс,45-49,Эмэгтэй,2024,95.6
Баруун бүс,45-49,Эмэгтэй,2023,89.8
Баруун бүс,45-49,Эмэгтэй,2022,87.2
Баруун бүс,45-49,Эмэгтэй,2021,75.9
Баруун бүс,45-49,Эмэгтэй,2020,84.3
Баруун бүс,45-49,Эмэгтэй,2019,86.1
Баруун бүс,45-49,Эмэгтэй,2018,92.4
Баруун бүс,45-49,Эмэгтэй,2017,91.1
Баруун бүс,45-49,Эмэгтэй,2016,90.3
Баруун бүс,45-49,Эмэгтэй,2015,91.9
Баруун бүс,45-49,Эмэгтэй,2014,88.1
Баруун бүс,45-49,Эмэгтэй,2013,89.8
Баруун бүс,45-49,Эмэгтэй,2012,88.5
Баруун бүс,45-49,Эмэгтэй,2011,87.4
Баруун бүс,45-49,Эмэгтэй,2010,91.2
Баруун бүс,45-49,Эмэгтэй,2009,91.1
Баруун бүс,50-54,Нийт,2025,86.5
Баруун бүс,50-54,Нийт,2024,82.8
Баруун бүс,50-54,Нийт,2023,80.6
Баруун бүс,50-54,Нийт,2022,76.4
Баруун бүс,50-54,Нийт,2021,79.4
Баруун бүс,50-54,Нийт,2020,80.0
Баруун бүс,50-54,Нийт,2019,76.4
Баруун бүс,50-54,Нийт,2018,83.6
Баруун бүс,50-54,Нийт,2017,82.5
Баруун бүс,50-54,Нийт,2016,81.3
Баруун бүс,50-54,Нийт,2015,82.5
Баруун бүс,50-54,Нийт,2014,85.1
Баруун бүс,50-54,Нийт,2013,80.5
Баруун бүс,50-54,Нийт,2012,82.0
Баруун бүс,50-54,Нийт,2011,81.8
Баруун бүс,50-54,Нийт,2010,85.6
Баруун бүс,50-54,Нийт,2009,82.6
Баруун бүс,50-54,Эрэгтэй,2025,90.1
Баруун бүс,50-54,Эрэгтэй,2024,88.5
Баруун бүс,50-54,Эрэгтэй,2023,82.8
Баруун бүс,50-54,Эрэгтэй,2022,82.4
Баруун бүс,50-54,Эрэгтэй,2021,83.7
Баруун бүс,50-54,Эрэгтэй,2020,79.9
Баруун бүс,50-54,Эрэгтэй,2019,81.3
Баруун бүс,50-54,Эрэгтэй,2018,87.4
Баруун бүс,50-54,Эрэгтэй,2017,91.5
Баруун бүс,50-54,Эрэгтэй,2016,88.7
Баруун бүс,50-54,Эрэгтэй,2015,88.8
Баруун бүс,50-54,Эрэгтэй,2014,89.4
Баруун бүс,50-54,Эрэгтэй,2013,86.2
Баруун бүс,50-54,Эрэгтэй,2012,87.2
Баруун бүс,50-54,Эрэгтэй,2011,87.2
Баруун бүс,50-54,Эрэгтэй,2010,89.7
Баруун бүс,50-54,Эрэгтэй,2009,82.4
Баруун бүс,50-54,Эмэгтэй,2025,82.1
Баруун бүс,50-54,Эмэгтэй,2024,77.4
Баруун бүс,50-54,Эмэгтэй,2023,78.9
Баруун бүс,50-54,Эмэгтэй,2022,71.6
Баруун бүс,50-54,Эмэгтэй,2021,75.0
Баруун бүс,50-54,Эмэгтэй,2020,80.2
Баруун бүс,50-54,Эмэгтэй,2019,72.3
Баруун бүс,50-54,Эмэгтэй,2018,80.0
Баруун бүс,50-54,Эмэгтэй,2017,74.8
Баруун бүс,50-54,Эмэгтэй,2016,73.9
Баруун бүс,50-54,Эмэгтэй,2015,76.3
Баруун бүс,50-54,Эмэгтэй,2014,80.6
Баруун бүс,50-54,Эмэгтэй,2013,75.4
Баруун бүс,50-54,Эмэгтэй,2012,77.3
Баруун бүс,50-54,Эмэгтэй,2011,75.6
Баруун бүс,50-54,Эмэгтэй,2010,82.2
Баруун бүс,50-54,Эмэгтэй,2009,82.9
Баруун бүс,55-59,Нийт,2025,68.3
Баруун бүс,55-59,Нийт,2024,61.6
Баруун бүс,55-59,Нийт,2023,60.1
Баруун бүс,55-59,Нийт,2022,56.6
Баруун бүс,55-59,Нийт,2021,65.4
Баруун бүс,55-59,Нийт,2020,54.6
Баруун бүс,55-59,Нийт,2019,55.9
Баруун бүс,55-59,Нийт,2018,66.2
Баруун бүс,55-59,Нийт,2017,65.4
Баруун бүс,55-59,Нийт,2016,59.3
Баруун бүс,55-59,Нийт,2015,64.4
Баруун бүс,55-59,Нийт,2014,57.3
Баруун бүс,55-59,Нийт,2013,62.3
Баруун бүс,55-59,Нийт,2012,63.6
Баруун бүс,55-59,Нийт,2011,73.1
Баруун бүс,55-59,Нийт,2010,66.7
Баруун бүс,55-59,Нийт,2009,79.2
Баруун бүс,55-59,Эрэгтэй,2025,75.7
Баруун бүс,55-59,Эрэгтэй,2024,75.3
Баруун бүс,55-59,Эрэгтэй,2023,74.3
Баруун бүс,55-59,Эрэгтэй,2022,73.4
Баруун бүс,55-59,Эрэгтэй,2021,71.2
Баруун бүс,55-59,Эрэгтэй,2020,69.0
Баруун бүс,55-59,Эрэгтэй,2019,66.3
Баруун бүс,55-59,Эрэгтэй,2018,84.7
Баруун бүс,55-59,Эрэгтэй,2017,81.1
Баруун бүс,55-59,Эрэгтэй,2016,78.1
Баруун бүс,55-59,Эрэгтэй,2015,77.3
Баруун бүс,55-59,Эрэгтэй,2014,73.6
Баруун бүс,55-59,Эрэгтэй,2013,80.7
Баруун бүс,55-59,Эрэгтэй,2012,73.0
Баруун бүс,55-59,Эрэгтэй,2011,83.0
Баруун бүс,55-59,Эрэгтэй,2010,80.0
Баруун бүс,55-59,Эрэгтэй,2009,82.2
Баруун бүс,55-59,Эмэгтэй,2025,61.4
Баруун бүс,55-59,Эмэгтэй,2024,52.9
Баруун бүс,55-59,Эмэгтэй,2023,46.3
Баруун бүс,55-59,Эмэгтэй,2022,41.8
Баруун бүс,55-59,Эмэгтэй,2021,58.5
Баруун бүс,55-59,Эмэгтэй,2020,43.3
Баруун бүс,55-59,Эмэгтэй,2019,45.6
Баруун бүс,55-59,Эмэгтэй,2018,47.6
Баруун бүс,55-59,Эмэгтэй,2017,51.3
Баруун бүс,55-59,Эмэгтэй,2016,41.5
Баруун бүс,55-59,Эмэгтэй,2015,51.4
Баруун бүс,55-59,Эмэгтэй,2014,44.0
Баруун бүс,55-59,Эмэгтэй,2013,46.4
Баруун бүс,55-59,Эмэгтэй,2012,53.3
Баруун бүс,55-59,Эмэгтэй,2011,63.7
Баруун бүс,55-59,Эмэгтэй,2010,54.1
Баруун бүс,55-59,Эмэгтэй,2009,76.3
Баруун бүс,60-64,Нийт,2025,44.3
Баруун бүс,60-64,Нийт,2024,35.0
Баруун бүс,60-64,Нийт,2023,45.2
Баруун бүс,60-64,Нийт,2022,33.7
Баруун бүс,60-64,Нийт,2021,38.9
Баруун бүс,60-64,Нийт,2020,27.4
Баруун бүс,60-64,Нийт,2019,35.8
Баруун бүс,60-64,Нийт,2018,37.2
Баруун бүс,60-64,Нийт,2017,41.4
Баруун бүс,60-64,Нийт,2016,26.3
Баруун бүс,60-64,Нийт,2015,29.4
Баруун бүс,60-64,Нийт,2014,32.9
Баруун бүс,60-64,Нийт,2013,39.8
Баруун бүс,60-64,Нийт,2012,44.3
Баруун бүс,60-64,Нийт,2011,42.7
Баруун бүс,60-64,Нийт,2010,42.8
Баруун бүс,60-64,Нийт,2009,52.9
Баруун бүс,60-64,Эрэгтэй,2025,58.1
Баруун бүс,60-64,Эрэгтэй,2024,44.9
Баруун бүс,60-64,Эрэгтэй,2023,48.2
Баруун бүс,60-64,Эрэгтэй,2022,48.1
Баруун бүс,60-64,Эрэгтэй,2021,39.3
Баруун бүс,60-64,Эрэгтэй,2020,19.1
Баруун бүс,60-64,Эрэгтэй,2019,45.5
Баруун бүс,60-64,Эрэгтэй,2018,42.2
Баруун бүс,60-64,Эрэгтэй,2017,44.4
Баруун бүс,60-64,Эрэгтэй,2016,29.1
Баруун бүс,60-64,Эрэгтэй,2015,31.5
Баруун бүс,60-64,Эрэгтэй,2014,35.8
Баруун бүс,60-64,Эрэгтэй,2013,48.3
Баруун бүс,60-64,Эрэгтэй,2012,56.1
Баруун бүс,60-64,Эрэгтэй,2011,53.5
Баруун бүс,60-64,Эрэгтэй,2010,43.8
Баруун бүс,60-64,Эрэгтэй,2009,55.8
Баруун бүс,60-64,Эмэгтэй,2025,33.2
Баруун бүс,60-64,Эмэгтэй,2024,25.7
Баруун бүс,60-64,Эмэгтэй,2023,43.1
Баруун бүс,60-64,Эмэгтэй,2022,24.4
Баруун бүс,60-64,Эмэгтэй,2021,38.6
Баруун бүс,60-64,Эмэгтэй,2020,33.4
Баруун бүс,60-64,Эмэгтэй,2019,26.8
Баруун бүс,60-64,Эмэгтэй,2018,33.1
Баруун бүс,60-64,Эмэгтэй,2017,38.3
Баруун бүс,60-64,Эмэгтэй,2016,23.8
Баруун бүс,60-64,Эмэгтэй,2015,27.3
Баруун бүс,60-64,Эмэгтэй,2014,29.8
Баруун бүс,60-64,Эмэгтэй,2013,32.1
Баруун бүс,60-64,Эмэгтэй,2012,33.8
Баруун бүс,60-64,Эмэгтэй,2011,31.8
Баруун бүс,60-64,Эмэгтэй,2010,42.0
Баруун бүс,60-64,Эмэгтэй,2009,50.2
Баруун бүс,65-69,Нийт,2025,25.0
Баруун бүс,65-69,Нийт,2024,19.5
Баруун бүс,65-69,Нийт,2023,33.1
Баруун бүс,65-69,Нийт,2022,30.0
Баруун бүс,65-69,Нийт,2021,27.9
Баруун бүс,65-69,Нийт,2020,22.6
Баруун бүс,65-69,Нийт,2019,36.4
Баруун бүс,65-69,Нийт,2018,26.0
Баруун бүс,65-69,Нийт,2017,25.3
Баруун бүс,65-69,Нийт,2016,17.1
Баруун бүс,65-69,Нийт,2015,18.3
Баруун бүс,65-69,Нийт,2014,30.4
Баруун бүс,65-69,Нийт,2013,28.7
Баруун бүс,65-69,Нийт,2012,38.3
Баруун бүс,65-69,Нийт,2011,33.1
Баруун бүс,65-69,Нийт,2010,37.0
Баруун бүс,65-69,Нийт,2009,32.2
Баруун бүс,65-69,Эрэгтэй,2025,29.7
Баруун бүс,65-69,Эрэгтэй,2024,24.6
Баруун бүс,65-69,Эрэгтэй,2023,52.7
Баруун бүс,65-69,Эрэгтэй,2022,34.7
Баруун бүс,65-69,Эрэгтэй,2021,42.7
Баруун бүс,65-69,Эрэгтэй,2020,23.8
Баруун бүс,65-69,Эрэгтэй,2019,52.7
Баруун бүс,65-69,Эрэгтэй,2018,28.6
Баруун бүс,65-69,Эрэгтэй,2017,26.6
Баруун бүс,65-69,Эрэгтэй,2016,26.2
Баруун бүс,65-69,Эрэгтэй,2015,18.8
Баруун бүс,65-69,Эрэгтэй,2014,29.2
Баруун бүс,65-69,Эрэгтэй,2013,34.9
Баруун бүс,65-69,Эрэгтэй,2012,50.9
Баруун бүс,65-69,Эрэгтэй,2011,42.1
Баруун бүс,65-69,Эрэгтэй,2010,46.0
Баруун бүс,65-69,Эрэгтэй,2009,41.7
Баруун бүс,65-69,Эмэгтэй,2025,22.2
Баруун бүс,65-69,Эмэгтэй,2024,15.1
Баруун бүс,65-69,Эмэгтэй,2023,18.6
Баруун бүс,65-69,Эмэгтэй,2022,24.5
Баруун бүс,65-69,Эмэгтэй,2021,16.6
Баруун бүс,65-69,Эмэгтэй,2020,21.1
Баруун бүс,65-69,Эмэгтэй,2019,25.7
Баруун бүс,65-69,Эмэгтэй,2018,23.6
Баруун бүс,65-69,Эмэгтэй,2017,24.0
Баруун бүс,65-69,Эмэгтэй,2016,9.8
Баруун бүс,65-69,Эмэгтэй,2015,17.8
Баруун бүс,65-69,Эмэгтэй,2014,31.4
Баруун бүс,65-69,Эмэгтэй,2013,24.6
Баруун бүс,65-69,Эмэгтэй,2012,26.9
Баруун бүс,65-69,Эмэгтэй,2011,23.1
Баруун бүс,65-69,Эмэгтэй,2010,24.4
Баруун бүс,65-69,Эмэгтэй,2009,13.3
Баруун бүс,70+,Нийт,2025,12.4
Баруун бүс,70+,Нийт,2024,14.6
Баруун бүс,70+,Нийт,2023,19.3
Баруун бүс,70+,Нийт,2022,8.9
Баруун бүс,70+,Нийт,2021,17.6
Баруун бүс,70+,Нийт,2020,13.4
Баруун бүс,70+,Нийт,2019,15.9
Баруун бүс,70+,Нийт,2018,11.9
Баруун бүс,70+,Нийт,2017,12.2
Баруун бүс,70+,Нийт,2016,12.4
Баруун бүс,70+,Нийт,2015,12.0
Баруун бүс,70+,Нийт,2014,12.7
Баруун бүс,70+,Нийт,2013,11.9
Баруун бүс,70+,Нийт,2012,24.5
Баруун бүс,70+,Нийт,2011,11.5
Баруун бүс,70+,Нийт,2010,12.6
Баруун бүс,70+,Нийт,2009,11.8
Баруун бүс,70+,Эрэгтэй,2025,16.1
Баруун бүс,70+,Эрэгтэй,2024,21.3
Баруун бүс,70+,Эрэгтэй,2023,36.8
Баруун бүс,70+,Эрэгтэй,2022,15.3
Баруун бүс,70+,Эрэгтэй,2021,17.0
Баруун бүс,70+,Эрэгтэй,2020,21.9
Баруун бүс,70+,Эрэгтэй,2019,22.9
Баруун бүс,70+,Эрэгтэй,2018,17.0
Баруун бүс,70+,Эрэгтэй,2017,15.7
Баруун бүс,70+,Эрэгтэй,2016,14.3
Баруун бүс,70+,Эрэгтэй,2015,15.1
Баруун бүс,70+,Эрэгтэй,2014,14.7
Баруун бүс,70+,Эрэгтэй,2013,16.9
Баруун бүс,70+,Эрэгтэй,2012,33.7
Баруун бүс,70+,Эрэгтэй,2011,15.3
Баруун бүс,70+,Эрэгтэй,2010,17.1
Баруун бүс,70+,Эрэгтэй,2009,18.4
Баруун бүс,70+,Эмэгтэй,2025,9.9
Баруун бүс,70+,Эмэгтэй,2024,11.2
Баруун бүс,70+,Эмэгтэй,2023,10.4
Баруун бүс,70+,Эмэгтэй,2022,5.5
Баруун бүс,70+,Эмэгтэй,2021,18.4
Баруун бүс,70+,Эмэгтэй,2020,8.4
Баруун бүс,70+,Эмэгтэй,2019,11.5
Баруун бүс,70+,Эмэгтэй,2018,8.4
Баруун бүс,70+,Эмэгтэй,2017,9.7
Баруун бүс,70+,Эмэгтэй,2016,10.6
Баруун бүс,70+,Эмэгтэй,2015,8.9
Баруун бүс,70+,Эмэгтэй,2014,11.2
Баруун бүс,70+,Эмэгтэй,2013,8.1
Баруун бүс,70+,Эмэгтэй,2012,18.5
Баруун бүс,70+,Эмэгтэй,2011,8.6
Баруун бүс,70+,Эмэгтэй,2010,9.6
Баруун бүс,70+,Эмэгтэй,2009,7.5
Баян-Өлгий,Бүгд,Нийт,2025,60.9
Баян-Өлгий,Бүгд,Нийт,2024,59.0
Баян-Өлгий,Бүгд,Нийт,2023,58.7
Баян-Өлгий,Бүгд,Нийт,2022,58.3
Баян-Өлгий,Бүгд,Нийт,2021,44.4
Баян-Өлгий,Бүгд,Нийт,2020,37.6
Баян-Өлгий,Бүгд,Нийт,2019,38.8
Баян-Өлгий,Бүгд,Нийт,2018,70.1
Баян-Өлгий,Бүгд,Нийт,2017,71.5
Баян-Өлгий,Бүгд,Нийт,2016,66.1
Баян-Өлгий,Бүгд,Нийт,2015,72.0
Баян-Өлгий,Бүгд,Нийт,2014,72.5
Баян-Өлгий,Бүгд,Нийт,2013,70.9
Баян-Өлгий,Бүгд,Нийт,2012,81.5
Баян-Өлгий,Бүгд,Нийт,2011,73.3
Баян-Өлгий,Бүгд,Нийт,2010,77.6
Баян-Өлгий,Бүгд,Нийт,2009,77.9
Баян-Өлгий,Бүгд,Эрэгтэй,2025,67.2
Баян-Өлгий,Бүгд,Эрэгтэй,2024,68.9
Баян-Өлгий,Бүгд,Эрэгтэй,2023,63.9
Баян-Өлгий,Бүгд,Эрэгтэй,2022,63.6
Баян-Өлгий,Бүгд,Эрэгтэй,2021,52.5
Баян-Өлгий,Бүгд,Эрэгтэй,2020,41.2
Баян-Өлгий,Бүгд,Эрэгтэй,2019,39.9
Баян-Өлгий,Бүгд,Эрэгтэй,2018,73.9
Баян-Өлгий,Бүгд,Эрэгтэй,2017,76.3
Баян-Өлгий,Бүгд,Эрэгтэй,2016,73.3
Баян-Өлгий,Бүгд,Эрэгтэй,2015,75.8
Баян-Өлгий,Бүгд,Эрэгтэй,2014,76.3
Баян-Өлгий,Бүгд,Эрэгтэй,2013,75.3
Баян-Өлгий,Бүгд,Эрэгтэй,2012,83.8
Баян-Өлгий,Бүгд,Эрэгтэй,2011,76.7
Баян-Өлгий,Бүгд,Эрэгтэй,2010,81.1
Баян-Өлгий,Бүгд,Эрэгтэй,2009,81.7
Баян-Өлгий,Бүгд,Эмэгтэй,2025,54.5
Баян-Өлгий,Бүгд,Эмэгтэй,2024,50.2
Баян-Өлгий,Бүгд,Эмэгтэй,2023,53.3
Баян-Өлгий,Бүгд,Эмэгтэй,2022,52.8
Баян-Өлгий,Бүгд,Эмэгтэй,2021,35.7
Баян-Өлгий,Бүгд,Эмэгтэй,2020,33.7
Баян-Өлгий,Бүгд,Эмэгтэй,2019,37.7
Баян-Өлгий,Бүгд,Эмэгтэй,2018,66.4
Баян-Өлгий,Бүгд,Эмэгтэй,2017,66.7
Баян-Өлгий,Бүгд,Эмэгтэй,2016,59.2
Баян-Өлгий,Бүгд,Эмэгтэй,2015,68.3
Баян-Өлгий,Бүгд,Эмэгтэй,2014,68.8
Баян-Өлгий,Бүгд,Эмэгтэй,2013,66.8
Баян-Өлгий,Бүгд,Эмэгтэй,2012,79.3
Баян-Өлгий,Бүгд,Эмэгтэй,2011,69.9
Баян-Өлгий,Бүгд,Эмэгтэй,2010,74.0
Баян-Өлгий,Бүгд,Эмэгтэй,2009,74.1
Баян-Өлгий,15-19,Нийт,2025,5.5
Баян-Өлгий,15-19,Нийт,2024,8.1
Баян-Өлгий,15-19,Нийт,2023,8.7
Баян-Өлгий,15-19,Нийт,2022,4.3
Баян-Өлгий,15-19,Нийт,2021,7.0
Баян-Өлгий,15-19,Нийт,2020,7.3
Баян-Өлгий,15-19,Нийт,2019,3.2
Баян-Өлгий,15-19,Нийт,2018,7.9
Баян-Өлгий,15-19,Нийт,2017,13.0
Баян-Өлгий,15-19,Нийт,2016,12.3
Баян-Өлгий,15-19,Нийт,2015,16.9
Баян-Өлгий,15-19,Нийт,2014,12.4
Баян-Өлгий,15-19,Нийт,2013,9.9
Баян-Өлгий,15-19,Нийт,2012,52.7
Баян-Өлгий,15-19,Нийт,2011,32.5
Баян-Өлгий,15-19,Нийт,2010,37.9
Баян-Өлгий,15-19,Нийт,2009,42.4
Баян-Өлгий,15-19,Эрэгтэй,2025,7.9
Баян-Өлгий,15-19,Эрэгтэй,2024,17.6
Баян-Өлгий,15-19,Эрэгтэй,2023,10.5
Баян-Өлгий,15-19,Эрэгтэй,2022,5.4
Баян-Өлгий,15-19,Эрэгтэй,2021,12.2
Баян-Өлгий,15-19,Эрэгтэй,2020,9.5
Баян-Өлгий,15-19,Эрэгтэй,2019,1.5
Баян-Өлгий,15-19,Эрэгтэй,2018,10.2
Баян-Өлгий,15-19,Эрэгтэй,2017,18.9
Баян-Өлгий,15-19,Эрэгтэй,2016,22.3
Баян-Өлгий,15-19,Эрэгтэй,2015,21.0
Баян-Өлгий,15-19,Эрэгтэй,2014,18.3
Баян-Өлгий,15-19,Эрэгтэй,2013,12.5
Баян-Өлгий,15-19,Эрэгтэй,2012,54.5
Баян-Өлгий,15-19,Эрэгтэй,2011,31.0
Баян-Өлгий,15-19,Эрэгтэй,2010,36.0
Баян-Өлгий,15-19,Эрэгтэй,2009,40.5
Баян-Өлгий,15-19,Эмэгтэй,2025,3.4
Баян-Өлгий,15-19,Эмэгтэй,2024,3.3
Баян-Өлгий,15-19,Эмэгтэй,2023,6.7
Баян-Өлгий,15-19,Эмэгтэй,2022,2.2
Баян-Өлгий,15-19,Эмэгтэй,2021,2.2
Баян-Өлгий,15-19,Эмэгтэй,2020,5.5
Баян-Өлгий,15-19,Эмэгтэй,2019,5.4
Баян-Өлгий,15-19,Эмэгтэй,2018,5.3
Баян-Өлгий,15-19,Эмэгтэй,2017,7.2
Баян-Өлгий,15-19,Эмэгтэй,2016,2.9
Баян-Өлгий,15-19,Эмэгтэй,2015,13.2
Баян-Өлгий,15-19,Эмэгтэй,2014,6.7
Баян-Өлгий,15-19,Эмэгтэй,2013,7.2
Баян-Өлгий,15-19,Эмэгтэй,2012,50.7
Баян-Өлгий,15-19,Эмэгтэй,2011,34.0
Баян-Өлгий,15-19,Эмэгтэй,2010,40.0
Баян-Өлгий,15-19,Эмэгтэй,2009,44.6
Баян-Өлгий,20-24,Нийт,2025,44.1
Баян-Өлгий,20-24,Нийт,2024,50.0
Баян-Өлгий,20-24,Нийт,2023,44.2
Баян-Өлгий,20-24,Нийт,2022,49.3
Баян-Өлгий,20-24,Нийт,2021,50.2
Баян-Өлгий,20-24,Нийт,2020,48.3
Баян-Өлгий,20-24,Нийт,2019,45.1
Баян-Өлгий,20-24,Нийт,2018,81.2
Баян-Өлгий,20-24,Нийт,2017,84.3
Баян-Өлгий,20-24,Нийт,2016,76.6
Баян-Өлгий,20-24,Нийт,2015,81.5
Баян-Өлгий,20-24,Нийт,2014,78.8
Баян-Өлгий,20-24,Нийт,2013,79.0
Баян-Өлгий,20-24,Нийт,2012,87.3
Баян-Өлгий,20-24,Нийт,2011,81.5
Баян-Өлгий,20-24,Нийт,2010,90.5
Баян-Өлгий,20-24,Нийт,2009,88.2
Баян-Өлгий,20-24,Эрэгтэй,2025,46.2
Баян-Өлгий,20-24,Эрэгтэй,2024,50.3
Баян-Өлгий,20-24,Эрэгтэй,2023,54.2
Баян-Өлгий,20-24,Эрэгтэй,2022,64.4
Баян-Өлгий,20-24,Эрэгтэй,2021,59.6
Баян-Өлгий,20-24,Эрэгтэй,2020,56.1
Баян-Өлгий,20-24,Эрэгтэй,2019,44.3
Баян-Өлгий,20-24,Эрэгтэй,2018,87.5
Баян-Өлгий,20-24,Эрэгтэй,2017,88.4
Баян-Өлгий,20-24,Эрэгтэй,2016,77.0
Баян-Өлгий,20-24,Эрэгтэй,2015,87.2
Баян-Өлгий,20-24,Эрэгтэй,2014,78.6
Баян-Өлгий,20-24,Эрэгтэй,2013,79.2
Баян-Өлгий,20-24,Эрэгтэй,2012,88.9
Баян-Өлгий,20-24,Эрэгтэй,2011,79.7
Баян-Өлгий,20-24,Эрэгтэй,2010,94.5
Баян-Өлгий,20-24,Эрэгтэй,2009,100.0
Баян-Өлгий,20-24,Эмэгтэй,2025,42.0
Баян-Өлгий,20-24,Эмэгтэй,2024,49.7
Баян-Өлгий,20-24,Эмэгтэй,2023,29.9
Баян-Өлгий,20-24,Эмэгтэй,2022,38.7
Баян-Өлгий,20-24,Эмэгтэй,2021,42.0
Баян-Өлгий,20-24,Эмэгтэй,2020,36.1
Баян-Өлгий,20-24,Эмэгтэй,2019,46.0
Баян-Өлгий,20-24,Эмэгтэй,2018,75.3
Баян-Өлгий,20-24,Эмэгтэй,2017,78.5
Баян-Өлгий,20-24,Эмэгтэй,2016,76.3
Баян-Өлгий,20-24,Эмэгтэй,2015,76.6
Баян-Өлгий,20-24,Эмэгтэй,2014,79.0
Баян-Өлгий,20-24,Эмэгтэй,2013,78.8
Баян-Өлгий,20-24,Эмэгтэй,2012,86.1
Баян-Өлгий,20-24,Эмэгтэй,2011,83.1
Баян-Өлгий,20-24,Эмэгтэй,2010,86.1
Баян-Өлгий,20-24,Эмэгтэй,2009,79.1
Баян-Өлгий,25-29,Нийт,2025,85.8
Баян-Өлгий,25-29,Нийт,2024,74.2
Баян-Өлгий,25-29,Нийт,2023,83.8
Баян-Өлгий,25-29,Нийт,2022,83.9
Баян-Өлгий,25-29,Нийт,2021,53.0
Баян-Өлгий,25-29,Нийт,2020,47.2
Баян-Өлгий,25-29,Нийт,2019,57.0
Баян-Өлгий,25-29,Нийт,2018,88.2
Баян-Өлгий,25-29,Нийт,2017,91.1
Баян-Өлгий,25-29,Нийт,2016,86.5
Баян-Өлгий,25-29,Нийт,2015,93.8
Баян-Өлгий,25-29,Нийт,2014,94.1
Баян-Өлгий,25-29,Нийт,2013,93.2
Баян-Өлгий,25-29,Нийт,2012,97.0
Баян-Өлгий,25-29,Нийт,2011,92.7
Баян-Өлгий,25-29,Нийт,2010,89.0
Баян-Өлгий,25-29,Нийт,2009,91.3
Баян-Өлгий,25-29,Эрэгтэй,2025,94.7
Баян-Өлгий,25-29,Эрэгтэй,2024,84.7
Баян-Өлгий,25-29,Эрэгтэй,2023,85.9
Баян-Өлгий,25-29,Эрэгтэй,2022,92.6
Баян-Өлгий,25-29,Эрэгтэй,2021,71.2
Баян-Өлгий,25-29,Эрэгтэй,2020,55.4
Баян-Өлгий,25-29,Эрэгтэй,2019,61.5
Баян-Өлгий,25-29,Эрэгтэй,2018,95.4
Баян-Өлгий,25-29,Эрэгтэй,2017,95.0
Баян-Өлгий,25-29,Эрэгтэй,2016,94.3
Баян-Өлгий,25-29,Эрэгтэй,2015,95.8
Баян-Өлгий,25-29,Эрэгтэй,2014,96.0
Баян-Өлгий,25-29,Эрэгтэй,2013,99.0
Баян-Өлгий,25-29,Эрэгтэй,2012,97.9
Баян-Өлгий,25-29,Эрэгтэй,2011,98.4
Баян-Өлгий,25-29,Эрэгтэй,2010,98.3
Баян-Өлгий,25-29,Эрэгтэй,2009,97.4
Баян-Өлгий,25-29,Эмэгтэй,2025,75.1
Баян-Өлгий,25-29,Эмэгтэй,2024,64.9
Баян-Өлгий,25-29,Эмэгтэй,2023,81.5
Баян-Өлгий,25-29,Эмэгтэй,2022,76.6
Баян-Өлгий,25-29,Эмэгтэй,2021,27.4
Баян-Өлгий,25-29,Эмэгтэй,2020,38.8
Баян-Өлгий,25-29,Эмэгтэй,2019,50.5
Баян-Өлгий,25-29,Эмэгтэй,2018,81.2
Баян-Өлгий,25-29,Эмэгтэй,2017,87.4
Баян-Өлгий,25-29,Эмэгтэй,2016,79.7
Баян-Өлгий,25-29,Эмэгтэй,2015,92.0
Баян-Өлгий,25-29,Эмэгтэй,2014,91.9
Баян-Өлгий,25-29,Эмэгтэй,2013,87.8
Баян-Өлгий,25-29,Эмэгтэй,2012,95.9
Баян-Өлгий,25-29,Эмэгтэй,2011,86.8
Баян-Өлгий,25-29,Эмэгтэй,2010,79.4
Баян-Өлгий,25-29,Эмэгтэй,2009,84.3
Баян-Өлгий,30-34,Нийт,2025,91.2
Баян-Өлгий,30-34,Нийт,2024,87.3
Баян-Өлгий,30-34,Нийт,2023,83.4
Баян-Өлгий,30-34,Нийт,2022,74.9
Баян-Өлгий,30-34,Нийт,2021,66.8
Баян-Өлгий,30-34,Нийт,2020,52.8
Баян-Өлгий,30-34,Нийт,2019,60.2
Баян-Өлгий,30-34,Нийт,2018,86.2
Баян-Өлгий,30-34,Нийт,2017,93.3
Баян-Өлгий,30-34,Нийт,2016,88.2
Баян-Өлгий,30-34,Нийт,2015,95.4
Баян-Өлгий,30-34,Нийт,2014,94.5
Баян-Өлгий,30-34,Нийт,2013,97.7
Баян-Өлгий,30-34,Нийт,2012,99.3
Баян-Өлгий,30-34,Нийт,2011,87.9
Баян-Өлгий,30-34,Нийт,2010,93.5
Баян-Өлгий,30-34,Нийт,2009,88.4
Баян-Өлгий,30-34,Эрэгтэй,2025,96.0
Баян-Өлгий,30-34,Эрэгтэй,2024,98.0
Баян-Өлгий,30-34,Эрэгтэй,2023,82.2
Баян-Өлгий,30-34,Эрэгтэй,2022,79.4
Баян-Өлгий,30-34,Эрэгтэй,2021,79.6
Баян-Өлгий,30-34,Эрэгтэй,2020,51.5
Баян-Өлгий,30-34,Эрэгтэй,2019,54.4
Баян-Өлгий,30-34,Эрэгтэй,2018,94.4
Баян-Өлгий,30-34,Эрэгтэй,2017,97.9
Баян-Өлгий,30-34,Эрэгтэй,2016,100.0
Баян-Өлгий,30-34,Эрэгтэй,2015,98.9
Баян-Өлгий,30-34,Эрэгтэй,2014,95.0
Баян-Өлгий,30-34,Эрэгтэй,2013,98.9
Баян-Өлгий,30-34,Эрэгтэй,2012,100.0
Баян-Өлгий,30-34,Эрэгтэй,2011,95.5
Баян-Өлгий,30-34,Эрэгтэй,2010,100.0
Баян-Өлгий,30-34,Эрэгтэй,2009,96.0
Баян-Өлгий,30-34,Эмэгтэй,2025,85.7
Баян-Өлгий,30-34,Эмэгтэй,2024,75.9
Баян-Өлгий,30-34,Эмэгтэй,2023,84.9
Баян-Өлгий,30-34,Эмэгтэй,2022,70.0
Баян-Өлгий,30-34,Эмэгтэй,2021,53.9
Баян-Өлгий,30-34,Эмэгтэй,2020,54.1
Баян-Өлгий,30-34,Эмэгтэй,2019,63.8
Баян-Өлгий,30-34,Эмэгтэй,2018,79.5
Баян-Өлгий,30-34,Эмэгтэй,2017,88.2
Баян-Өлгий,30-34,Эмэгтэй,2016,73.6
Баян-Өлгий,30-34,Эмэгтэй,2015,92.4
Баян-Өлгий,30-34,Эмэгтэй,2014,93.9
Баян-Өлгий,30-34,Эмэгтэй,2013,96.6
Баян-Өлгий,30-34,Эмэгтэй,2012,98.5
Баян-Өлгий,30-34,Эмэгтэй,2011,81.6
Баян-Өлгий,30-34,Эмэгтэй,2010,87.7
Баян-Өлгий,30-34,Эмэгтэй,2009,83.2
Баян-Өлгий,35-39,Нийт,2025,88.6
Баян-Өлгий,35-39,Нийт,2024,87.1
Баян-Өлгий,35-39,Нийт,2023,92.2
Баян-Өлгий,35-39,Нийт,2022,90.2
Баян-Өлгий,35-39,Нийт,2021,65.2
Баян-Өлгий,35-39,Нийт,2020,41.5
Баян-Өлгий,35-39,Нийт,2019,52.5
Баян-Өлгий,35-39,Нийт,2018,88.9
Баян-Өлгий,35-39,Нийт,2017,94.1
Баян-Өлгий,35-39,Нийт,2016,89.2
Баян-Өлгий,35-39,Нийт,2015,94.4
Баян-Өлгий,35-39,Нийт,2014,98.0
Баян-Өлгий,35-39,Нийт,2013,96.3
Баян-Өлгий,35-39,Нийт,2012,97.5
Баян-Өлгий,35-39,Нийт,2011,94.9
Баян-Өлгий,35-39,Нийт,2010,95.2
Баян-Өлгий,35-39,Нийт,2009,96.8
Баян-Өлгий,35-39,Эрэгтэй,2025,90.6
Баян-Өлгий,35-39,Эрэгтэй,2024,85.3
Баян-Өлгий,35-39,Эрэгтэй,2023,94.8
Баян-Өлгий,35-39,Эрэгтэй,2022,88.4
Баян-Өлгий,35-39,Эрэгтэй,2021,61.6
Баян-Өлгий,35-39,Эрэгтэй,2020,46.2
Баян-Өлгий,35-39,Эрэгтэй,2019,63.2
Баян-Өлгий,35-39,Эрэгтэй,2018,100.0
Баян-Өлгий,35-39,Эрэгтэй,2017,98.7
Баян-Өлгий,35-39,Эрэгтэй,2016,92.1
Баян-Өлгий,35-39,Эрэгтэй,2015,97.5
Баян-Өлгий,35-39,Эрэгтэй,2014,100.0
Баян-Өлгий,35-39,Эрэгтэй,2013,98.8
Баян-Өлгий,35-39,Эрэгтэй,2012,97.2
Баян-Өлгий,35-39,Эрэгтэй,2011,96.5
Баян-Өлгий,35-39,Эрэгтэй,2010,96.5
Баян-Өлгий,35-39,Эрэгтэй,2009,100.0
Баян-Өлгий,35-39,Эмэгтэй,2025,86.8
Баян-Өлгий,35-39,Эмэгтэй,2024,89.5
Баян-Өлгий,35-39,Эмэгтэй,2023,90.0
Баян-Өлгий,35-39,Эмэгтэй,2022,92.6
Баян-Өлгий,35-39,Эмэгтэй,2021,69.2
Баян-Өлгий,35-39,Эмэгтэй,2020,35.8
Баян-Өлгий,35-39,Эмэгтэй,2019,38.6
Баян-Өлгий,35-39,Эмэгтэй,2018,78.5
Баян-Өлгий,35-39,Эмэгтэй,2017,89.8
Баян-Өлгий,35-39,Эмэгтэй,2016,87.1
Баян-Өлгий,35-39,Эмэгтэй,2015,90.8
Баян-Өлгий,35-39,Эмэгтэй,2014,96.1
Баян-Өлгий,35-39,Эмэгтэй,2013,94.1
Баян-Өлгий,35-39,Эмэгтэй,2012,97.8
Баян-Өлгий,35-39,Эмэгтэй,2011,93.1
Баян-Өлгий,35-39,Эмэгтэй,2010,93.9
Баян-Өлгий,35-39,Эмэгтэй,2009,94.0
Баян-Өлгий,40-44,Нийт,2025,89.8
Баян-Өлгий,40-44,Нийт,2024,83.3
Баян-Өлгий,40-44,Нийт,2023,82.5
Баян-Өлгий,40-44,Нийт,2022,80.0
Баян-Өлгий,40-44,Нийт,2021,63.2
Баян-Өлгий,40-44,Нийт,2020,52.3
Баян-Өлгий,40-44,Нийт,2019,44.1
Баян-Өлгий,40-44,Нийт,2018,94.9
Баян-Өлгий,40-44,Нийт,2017,97.1
Баян-Өлгий,40-44,Нийт,2016,90.7
Баян-Өлгий,40-44,Нийт,2015,93.8
Баян-Өлгий,40-44,Нийт,2014,95.5
Баян-Өлгий,40-44,Нийт,2013,94.3
Баян-Өлгий,40-44,Нийт,2012,96.5
Баян-Өлгий,40-44,Нийт,2011,92.9
Баян-Өлгий,40-44,Нийт,2010,95.5
Баян-Өлгий,40-44,Нийт,2009,85.1
Баян-Өлгий,40-44,Эрэгтэй,2025,88.3
Баян-Өлгий,40-44,Эрэгтэй,2024,93.4
Баян-Өлгий,40-44,Эрэгтэй,2023,90.0
Баян-Өлгий,40-44,Эрэгтэй,2022,91.4
Баян-Өлгий,40-44,Эрэгтэй,2021,70.1
Баян-Өлгий,40-44,Эрэгтэй,2020,50.1
Баян-Өлгий,40-44,Эрэгтэй,2019,43.8
Баян-Өлгий,40-44,Эрэгтэй,2018,93.3
Баян-Өлгий,40-44,Эрэгтэй,2017,95.6
Баян-Өлгий,40-44,Эрэгтэй,2016,90.4
Баян-Өлгий,40-44,Эрэгтэй,2015,94.0
Баян-Өлгий,40-44,Эрэгтэй,2014,98.7
Баян-Өлгий,40-44,Эрэгтэй,2013,96.7
Баян-Өлгий,40-44,Эрэгтэй,2012,98.4
Баян-Өлгий,40-44,Эрэгтэй,2011,98.2
Баян-Өлгий,40-44,Эрэгтэй,2010,96.1
Баян-Өлгий,40-44,Эрэгтэй,2009,94.9
Баян-Өлгий,40-44,Эмэгтэй,2025,91.1
Баян-Өлгий,40-44,Эмэгтэй,2024,76.9
Баян-Өлгий,40-44,Эмэгтэй,2023,75.4
Баян-Өлгий,40-44,Эмэгтэй,2022,67.9
Баян-Өлгий,40-44,Эмэгтэй,2021,56.3
Баян-Өлгий,40-44,Эмэгтэй,2020,54.1
Баян-Өлгий,40-44,Эмэгтэй,2019,44.5
Баян-Өлгий,40-44,Эмэгтэй,2018,96.9
Баян-Өлгий,40-44,Эмэгтэй,2017,98.8
Баян-Өлгий,40-44,Эмэгтэй,2016,91.0
Баян-Өлгий,40-44,Эмэгтэй,2015,93.6
Баян-Өлгий,40-44,Эмэгтэй,2014,92.5
Баян-Өлгий,40-44,Эмэгтэй,2013,91.6
Баян-Өлгий,40-44,Эмэгтэй,2012,94.7
Баян-Өлгий,40-44,Эмэгтэй,2011,88.2
Баян-Өлгий,40-44,Эмэгтэй,2010,94.9
Баян-Өлгий,40-44,Эмэгтэй,2009,74.6
Баян-Өлгий,45-49,Нийт,2025,81.7
Баян-Өлгий,45-49,Нийт,2024,93.7
Баян-Өлгий,45-49,Нийт,2023,80.9
Баян-Өлгий,45-49,Нийт,2022,89.4
Баян-Өлгий,45-49,Нийт,2021,39.9
Баян-Өлгий,45-49,Нийт,2020,68.5
Баян-Өлгий,45-49,Нийт,2019,40.3
Баян-Өлгий,45-49,Нийт,2018,95.7
Баян-Өлгий,45-49,Нийт,2017,90.3
Баян-Өлгий,45-49,Нийт,2016,89.2
Баян-Өлгий,45-49,Нийт,2015,94.9
Баян-Өлгий,45-49,Нийт,2014,86.7
Баян-Өлгий,45-49,Нийт,2013,93.8
Баян-Өлгий,45-49,Нийт,2012,90.9
Баян-Өлгий,45-49,Нийт,2011,86.3
Баян-Өлгий,45-49,Нийт,2010,94.5
Баян-Өлгий,45-49,Нийт,2009,87.7
Баян-Өлгий,45-49,Эрэгтэй,2025,84.5
Баян-Өлгий,45-49,Эрэгтэй,2024,94.3
Баян-Өлгий,45-49,Эрэгтэй,2023,87.8
Баян-Өлгий,45-49,Эрэгтэй,2022,94.2
Баян-Өлгий,45-49,Эрэгтэй,2021,58.8
Баян-Өлгий,45-49,Эрэгтэй,2020,71.6
Баян-Өлгий,45-49,Эрэгтэй,2019,42.3
Баян-Өлгий,45-49,Эрэгтэй,2018,97.1
Баян-Өлгий,45-49,Эрэгтэй,2017,92.2
Баян-Өлгий,45-49,Эрэгтэй,2016,92.9
Баян-Өлгий,45-49,Эрэгтэй,2015,96.2
Баян-Өлгий,45-49,Эрэгтэй,2014,87.7
Баян-Өлгий,45-49,Эрэгтэй,2013,96.2
Баян-Өлгий,45-49,Эрэгтэй,2012,95.4
Баян-Өлгий,45-49,Эрэгтэй,2011,89.5
Баян-Өлгий,45-49,Эрэгтэй,2010,100.0
Баян-Өлгий,45-49,Эрэгтэй,2009,85.5
Баян-Өлгий,45-49,Эмэгтэй,2025,78.0
Баян-Өлгий,45-49,Эмэгтэй,2024,92.9
Баян-Өлгий,45-49,Эмэгтэй,2023,72.7
Баян-Өлгий,45-49,Эмэгтэй,2022,83.3
Баян-Өлгий,45-49,Эмэгтэй,2021,24.0
Баян-Өлгий,45-49,Эмэгтэй,2020,66.4
Баян-Өлгий,45-49,Эмэгтэй,2019,38.3
Баян-Өлгий,45-49,Эмэгтэй,2018,94.5
Баян-Өлгий,45-49,Эмэгтэй,2017,88.0
Баян-Өлгий,45-49,Эмэгтэй,2016,86.1
Баян-Өлгий,45-49,Эмэгтэй,2015,93.8
Баян-Өлгий,45-49,Эмэгтэй,2014,85.7
Баян-Өлгий,45-49,Эмэгтэй,2013,91.4
Баян-Өлгий,45-49,Эмэгтэй,2012,87.1
Баян-Өлгий,45-49,Эмэгтэй,2011,82.9
Баян-Өлгий,45-49,Эмэгтэй,2010,88.6
Баян-Өлгий,45-49,Эмэгтэй,2009,89.8
Баян-Өлгий,50-54,Нийт,2025,74.4
Баян-Өлгий,50-54,Нийт,2024,78.5
Баян-Өлгий,50-54,Нийт,2023,68.2
Баян-Өлгий,50-54,Нийт,2022,57.3
Баян-Өлгий,50-54,Нийт,2021,44.8
Баян-Өлгий,50-54,Нийт,2020,58.9
Баян-Өлгий,50-54,Нийт,2019,41.7
Баян-Өлгий,50-54,Нийт,2018,82.5
Баян-Өлгий,50-54,Нийт,2017,80.4
Баян-Өлгий,50-54,Нийт,2016,77.7
Баян-Өлгий,50-54,Нийт,2015,78.9
Баян-Өлгий,50-54,Нийт,2014,82.2
Баян-Өлгий,50-54,Нийт,2013,76.2
Баян-Өлгий,50-54,Нийт,2012,80.9
Баян-Өлгий,50-54,Нийт,2011,92.8
Баян-Өлгий,50-54,Нийт,2010,92.0
Баян-Өлгий,50-54,Нийт,2009,87.5
Баян-Өлгий,50-54,Эрэгтэй,2025,79.7
Баян-Өлгий,50-54,Эрэгтэй,2024,81.7
Баян-Өлгий,50-54,Эрэгтэй,2023,71.3
Баян-Өлгий,50-54,Эрэгтэй,2022,70.5
Баян-Өлгий,50-54,Эрэгтэй,2021,49.2
Баян-Өлгий,50-54,Эрэгтэй,2020,79.1
Баян-Өлгий,50-54,Эрэгтэй,2019,38.1
Баян-Өлгий,50-54,Эрэгтэй,2018,80.6
Баян-Өлгий,50-54,Эрэгтэй,2017,94.9
Баян-Өлгий,50-54,Эрэгтэй,2016,84.4
Баян-Өлгий,50-54,Эрэгтэй,2015,86.7
Баян-Өлгий,50-54,Эрэгтэй,2014,85.7
Баян-Өлгий,50-54,Эрэгтэй,2013,84.8
Баян-Өлгий,50-54,Эрэгтэй,2012,84.6
Баян-Өлгий,50-54,Эрэгтэй,2011,95.4
Баян-Өлгий,50-54,Эрэгтэй,2010,100.0
Баян-Өлгий,50-54,Эрэгтэй,2009,88.2
Баян-Өлгий,50-54,Эмэгтэй,2025,69.9
Баян-Өлгий,50-54,Эмэгтэй,2024,74.4
Баян-Өлгий,50-54,Эмэгтэй,2023,65.8
Баян-Өлгий,50-54,Эмэгтэй,2022,46.5
Баян-Өлгий,50-54,Эмэгтэй,2021,40.4
Баян-Өлгий,50-54,Эмэгтэй,2020,34.2
Баян-Өлгий,50-54,Эмэгтэй,2019,44.1
Баян-Өлгий,50-54,Эмэгтэй,2018,84.2
Баян-Өлгий,50-54,Эмэгтэй,2017,69.8
Баян-Өлгий,50-54,Эмэгтэй,2016,71.8
Баян-Өлгий,50-54,Эмэгтэй,2015,70.5
Баян-Өлгий,50-54,Эмэгтэй,2014,78.5
Баян-Өлгий,50-54,Эмэгтэй,2013,68.3
Баян-Өлгий,50-54,Эмэгтэй,2012,77.5
Баян-Өлгий,50-54,Эмэгтэй,2011,89.8
Баян-Өлгий,50-54,Эмэгтэй,2010,85.3
Баян-Өлгий,50-54,Эмэгтэй,2009,86.8
Баян-Өлгий,55-59,Нийт,2025,52.1
Баян-Өлгий,55-59,Нийт,2024,42.6
Баян-Өлгий,55-59,Нийт,2023,43.3
Баян-Өлгий,55-59,Нийт,2022,58.5
Баян-Өлгий,55-59,Нийт,2021,47.9
Баян-Өлгий,55-59,Нийт,2020,16.2
Баян-Өлгий,55-59,Нийт,2019,21.8
Баян-Өлгий,55-59,Нийт,2018,63.0
Баян-Өлгий,55-59,Нийт,2017,59.3
Баян-Өлгий,55-59,Нийт,2016,46.7
Баян-Өлгий,55-59,Нийт,2015,48.4
Баян-Өлгий,55-59,Нийт,2014,46.7
Баян-Өлгий,55-59,Нийт,2013,38.5
Баян-Өлгий,55-59,Нийт,2012,66.5
Баян-Өлгий,55-59,Нийт,2011,70.4
Баян-Өлгий,55-59,Нийт,2010,64.5
Баян-Өлгий,55-59,Нийт,2009,78.6
Баян-Өлгий,55-59,Эрэгтэй,2025,62.9
Баян-Өлгий,55-59,Эрэгтэй,2024,68.5
Баян-Өлгий,55-59,Эрэгтэй,2023,57.3
Баян-Өлгий,55-59,Эрэгтэй,2022,71.6
Баян-Өлгий,55-59,Эрэгтэй,2021,52.7
Баян-Өлгий,55-59,Эрэгтэй,2020,13.4
Баян-Өлгий,55-59,Эрэгтэй,2019,23.7
Баян-Өлгий,55-59,Эрэгтэй,2018,80.0
Баян-Өлгий,55-59,Эрэгтэй,2017,72.1
Баян-Өлгий,55-59,Эрэгтэй,2016,74.7
Баян-Өлгий,55-59,Эрэгтэй,2015,70.8
Баян-Өлгий,55-59,Эрэгтэй,2014,68.0
Баян-Өлгий,55-59,Эрэгтэй,2013,71.3
Баян-Өлгий,55-59,Эрэгтэй,2012,68.8
Баян-Өлгий,55-59,Эрэгтэй,2011,81.4
Баян-Өлгий,55-59,Эрэгтэй,2010,85.3
Баян-Өлгий,55-59,Эрэгтэй,2009,88.2
Баян-Өлгий,55-59,Эмэгтэй,2025,39.7
Баян-Өлгий,55-59,Эмэгтэй,2024,29.8
Баян-Өлгий,55-59,Эмэгтэй,2023,24.1
Баян-Өлгий,55-59,Эмэгтэй,2022,40.3
Баян-Өлгий,55-59,Эмэгтэй,2021,43.0
Баян-Өлгий,55-59,Эмэгтэй,2020,19.5
Баян-Өлгий,55-59,Эмэгтэй,2019,19.9
Баян-Өлгий,55-59,Эмэгтэй,2018,48.7
Баян-Өлгий,55-59,Эмэгтэй,2017,49.8
Баян-Өлгий,55-59,Эмэгтэй,2016,19.5
Баян-Өлгий,55-59,Эмэгтэй,2015,29.1
Баян-Өлгий,55-59,Эмэгтэй,2014,27.1
Баян-Өлгий,55-59,Эмэгтэй,2013,17.3
Баян-Өлгий,55-59,Эмэгтэй,2012,63.8
Баян-Өлгий,55-59,Эмэгтэй,2011,61.1
Баян-Өлгий,55-59,Эмэгтэй,2010,50.1
Баян-Өлгий,55-59,Эмэгтэй,2009,69.0
Баян-Өлгий,60-64,Нийт,2025,32.2
Баян-Өлгий,60-64,Нийт,2024,24.2
Баян-Өлгий,60-64,Нийт,2023,29.6
Баян-Өлгий,60-64,Нийт,2022,26.8
Баян-Өлгий,60-64,Нийт,2021,20.4
Баян-Өлгий,60-64,Нийт,2020,10.1
Баян-Өлгий,60-64,Нийт,2019,20.6
Баян-Өлгий,60-64,Нийт,2018,39.5
Баян-Өлгий,60-64,Нийт,2017,35.8
Баян-Өлгий,60-64,Нийт,2016,15.2
Баян-Өлгий,60-64,Нийт,2015,12.7
Баян-Өлгий,60-64,Нийт,2014,4.4
Баян-Өлгий,60-64,Нийт,2013,5.4
Баян-Өлгий,60-64,Нийт,2012,59.8
Баян-Өлгий,60-64,Нийт,2011,35.9
Баян-Өлгий,60-64,Нийт,2010,51.7
Баян-Өлгий,60-64,Нийт,2009,44.5
Баян-Өлгий,60-64,Эрэгтэй,2025,47.8
Баян-Өлгий,60-64,Эрэгтэй,2024,41.1
Баян-Өлгий,60-64,Эрэгтэй,2023,35.8
Баян-Өлгий,60-64,Эрэгтэй,2022,40.0
Баян-Өлгий,60-64,Эрэгтэй,2021,20.1
Баян-Өлгий,60-64,Эрэгтэй,2020,2.3
Баян-Өлгий,60-64,Эрэгтэй,2019,22.9
Баян-Өлгий,60-64,Эрэгтэй,2018,40.9
Баян-Өлгий,60-64,Эрэгтэй,2017,41.8
Баян-Өлгий,60-64,Эрэгтэй,2016,31.8
Баян-Өлгий,60-64,Эрэгтэй,2015,15.8
Баян-Өлгий,60-64,Эрэгтэй,2014,5.6
Баян-Өлгий,60-64,Эрэгтэй,2013,9.9
Баян-Өлгий,60-64,Эрэгтэй,2012,78.2
Баян-Өлгий,60-64,Эрэгтэй,2011,51.9
Баян-Өлгий,60-64,Эрэгтэй,2010,70.5
Баян-Өлгий,60-64,Эрэгтэй,2009,51.1
Баян-Өлгий,60-64,Эмэгтэй,2025,18.9
Баян-Өлгий,60-64,Эмэгтэй,2024,15.1
Баян-Өлгий,60-64,Эмэгтэй,2023,24.3
Баян-Өлгий,60-64,Эмэгтэй,2022,18.6
Баян-Өлгий,60-64,Эмэгтэй,2021,20.9
Баян-Өлгий,60-64,Эмэгтэй,2020,17.4
Баян-Өлгий,60-64,Эмэгтэй,2019,16.8
Баян-Өлгий,60-64,Эмэгтэй,2018,38.4
Баян-Өлгий,60-64,Эмэгтэй,2017,28.7
Баян-Өлгий,60-64,Эмэгтэй,2016,0.0
Баян-Өлгий,60-64,Эмэгтэй,2015,9.2
Баян-Өлгий,60-64,Эмэгтэй,2014,3.6
Баян-Өлгий,60-64,Эмэгтэй,2013,0.0
Баян-Өлгий,60-64,Эмэгтэй,2012,42.0
Баян-Өлгий,60-64,Эмэгтэй,2011,19.1
Баян-Өлгий,60-64,Эмэгтэй,2010,35.8
Баян-Өлгий,60-64,Эмэгтэй,2009,42.0
Баян-Өлгий,65-69,Нийт,2025,16.3
Баян-Өлгий,65-69,Нийт,2024,13.2
Баян-Өлгий,65-69,Нийт,2023,13.3
Баян-Өлгий,65-69,Нийт,2022,23.1
Баян-Өлгий,65-69,Нийт,2021,26.4
Баян-Өлгий,65-69,Нийт,2020,0.0
Баян-Өлгий,65-69,Нийт,2019,0.0
Баян-Өлгий,65-69,Нийт,2018,13.3
Баян-Өлгий,65-69,Нийт,2017,23.9
Баян-Өлгий,65-69,Нийт,2016,6.3
Баян-Өлгий,65-69,Нийт,2015,9.2
Баян-Өлгий,65-69,Нийт,2014,12.0
Баян-Өлгий,65-69,Нийт,2013,0.0
Баян-Өлгий,65-69,Нийт,2012,47.7
Баян-Өлгий,65-69,Нийт,2011,50.8
Баян-Өлгий,65-69,Нийт,2010,48.8
Баян-Өлгий,65-69,Нийт,2009,54.7
Баян-Өлгий,65-69,Эрэгтэй,2025,20.8
Баян-Өлгий,65-69,Эрэгтэй,2024,24.4
Баян-Өлгий,65-69,Эрэгтэй,2023,29.9
Баян-Өлгий,65-69,Эрэгтэй,2022,37.1
Баян-Өлгий,65-69,Эрэгтэй,2021,46.4
Баян-Өлгий,65-69,Эрэгтэй,2020,0.0
Баян-Өлгий,65-69,Эрэгтэй,2019,0.0
Баян-Өлгий,65-69,Эрэгтэй,2018,7.7
Баян-Өлгий,65-69,Эрэгтэй,2017,23.0
Баян-Өлгий,65-69,Эрэгтэй,2016,8.1
Баян-Өлгий,65-69,Эрэгтэй,2015,14.2
Баян-Өлгий,65-69,Эрэгтэй,2014,21.5
Баян-Өлгий,65-69,Эрэгтэй,2013,0.0
Баян-Өлгий,65-69,Эрэгтэй,2012,73.3
Баян-Өлгий,65-69,Эрэгтэй,2011,76.2
Баян-Өлгий,65-69,Эрэгтэй,2010,51.4
Баян-Өлгий,65-69,Эрэгтэй,2009,62.7
Баян-Өлгий,65-69,Эмэгтэй,2025,12.9
Баян-Өлгий,65-69,Эмэгтэй,2024,0.0
Баян-Өлгий,65-69,Эмэгтэй,2023,0.0
Баян-Өлгий,65-69,Эмэгтэй,2022,11.7
Баян-Өлгий,65-69,Эмэгтэй,2021,9.1
Баян-Өлгий,65-69,Эмэгтэй,2020,0.0
Баян-Өлгий,65-69,Эмэгтэй,2019,0.0
Баян-Өлгий,65-69,Эмэгтэй,2018,19.4
Баян-Өлгий,65-69,Эмэгтэй,2017,25.3
Баян-Өлгий,65-69,Эмэгтэй,2016,5.2
Баян-Өлгий,65-69,Эмэгтэй,2015,0.0
Баян-Өлгий,65-69,Эмэгтэй,2014,0.0
Баян-Өлгий,65-69,Эмэгтэй,2013,0.0
Баян-Өлгий,65-69,Эмэгтэй,2012,27.3
Баян-Өлгий,65-69,Эмэгтэй,2011,17.7
Баян-Өлгий,65-69,Эмэгтэй,2010,43.2
Баян-Өлгий,65-69,Эмэгтэй,2009,0.0
Баян-Өлгий,70+,Нийт,2025,2.1
Баян-Өлгий,70+,Нийт,2024,8.8
Баян-Өлгий,70+,Нийт,2023,10.9
Баян-Өлгий,70+,Нийт,2022,2.3
Баян-Өлгий,70+,Нийт,2021,0.0
Баян-Өлгий,70+,Нийт,2020,0.5
Баян-Өлгий,70+,Нийт,2019,9.9
Баян-Өлгий,70+,Нийт,2018,9.1
Баян-Өлгий,70+,Нийт,2017,2.1
Баян-Өлгий,70+,Нийт,2016,2.5
Баян-Өлгий,70+,Нийт,2015,0.0
Баян-Өлгий,70+,Нийт,2014,0.0
Баян-Өлгий,70+,Нийт,2013,1.4
Баян-Өлгий,70+,Нийт,2012,31.1
Баян-Өлгий,70+,Нийт,2011,2.6
Баян-Өлгий,70+,Нийт,2010,5.6
Баян-Өлгий,70+,Нийт,2009,28.2
Баян-Өлгий,70+,Эрэгтэй,2025,5.4
Баян-Өлгий,70+,Эрэгтэй,2024,15.5
Баян-Өлгий,70+,Эрэгтэй,2023,21.1
Баян-Өлгий,70+,Эрэгтэй,2022,4.4
Баян-Өлгий,70+,Эрэгтэй,2021,0.0
Баян-Өлгий,70+,Эрэгтэй,2020,1.0
Баян-Өлгий,70+,Эрэгтэй,2019,15.6
Баян-Өлгий,70+,Эрэгтэй,2018,16.4
Баян-Өлгий,70+,Эрэгтэй,2017,4.4
Баян-Өлгий,70+,Эрэгтэй,2016,4.9
Баян-Өлгий,70+,Эрэгтэй,2015,0.0
Баян-Өлгий,70+,Эрэгтэй,2014,0.0
Баян-Өлгий,70+,Эрэгтэй,2013,3.2
Баян-Өлгий,70+,Эрэгтэй,2012,36.9
Баян-Өлгий,70+,Эрэгтэй,2011,0.0
Баян-Өлгий,70+,Эрэгтэй,2010,6.5
Баян-Өлгий,70+,Эрэгтэй,2009,42.1
Баян-Өлгий,70+,Эмэгтэй,2025,0.0
Баян-Өлгий,70+,Эмэгтэй,2024,0.0
Баян-Өлгий,70+,Эмэгтэй,2023,6.8
Баян-Өлгий,70+,Эмэгтэй,2022,0.0
Баян-Өлгий,70+,Эмэгтэй,2021,0.0
Баян-Өлгий,70+,Эмэгтэй,2020,0.0
Баян-Өлгий,70+,Эмэгтэй,2019,0.0
Баян-Өлгий,70+,Эмэгтэй,2018,0.0
Баян-Өлгий,70+,Эмэгтэй,2017,0.0
Баян-Өлгий,70+,Эмэгтэй,2016,0.0
Баян-Өлгий,70+,Эмэгтэй,2015,0.0
Баян-Өлгий,70+,Эмэгтэй,2014,0.0
Баян-Өлгий,70+,Эмэгтэй,2013,0.0
Баян-Өлгий,70+,Эмэгтэй,2012,26.0
Баян-Өлгий,70+,Эмэгтэй,2011,4.5
Баян-Өлгий,70+,Эмэгтэй,2010,4.9
Баян-Өлгий,70+,Эмэгтэй,2009,16.0
Говь-Алтай,Бүгд,Нийт,2025,69.2
Говь-Алтай,Бүгд,Нийт,2024,67.6
Говь-Алтай,Бүгд,Нийт,2023,64.2
Говь-Алтай,Бүгд,Нийт,2022,69.1
Говь-Алтай,Бүгд,Нийт,2021,69.6
Говь-Алтай,Бүгд,Нийт,2020,66.0
Говь-Алтай,Бүгд,Нийт,2019,77.5
Говь-Алтай,Бүгд,Нийт,2018,73.2
Говь-Алтай,Бүгд,Нийт,2017,75.1
Говь-Алтай,Бүгд,Нийт,2016,74.3
Говь-Алтай,Бүгд,Нийт,2015,76.7
Говь-Алтай,Бүгд,Нийт,2014,72.9
Говь-Алтай,Бүгд,Нийт,2013,74.6
Говь-Алтай,Бүгд,Нийт,2012,81.0
Говь-Алтай,Бүгд,Нийт,2011,78.8
Говь-Алтай,Бүгд,Нийт,2010,81.0
Говь-Алтай,Бүгд,Нийт,2009,80.5
Говь-Алтай,Бүгд,Эрэгтэй,2025,74.2
Говь-Алтай,Бүгд,Эрэгтэй,2024,70.6
Говь-Алтай,Бүгд,Эрэгтэй,2023,67.2
Говь-Алтай,Бүгд,Эрэгтэй,2022,76.1
Говь-Алтай,Бүгд,Эрэгтэй,2021,78.9
Говь-Алтай,Бүгд,Эрэгтэй,2020,67.3
Говь-Алтай,Бүгд,Эрэгтэй,2019,86.7
Говь-Алтай,Бүгд,Эрэгтэй,2018,79.9
Говь-Алтай,Бүгд,Эрэгтэй,2017,78.4
Говь-Алтай,Бүгд,Эрэгтэй,2016,80.2
Говь-Алтай,Бүгд,Эрэгтэй,2015,78.9
Говь-Алтай,Бүгд,Эрэгтэй,2014,76.1
Говь-Алтай,Бүгд,Эрэгтэй,2013,78.8
Говь-Алтай,Бүгд,Эрэгтэй,2012,83.7
Говь-Алтай,Бүгд,Эрэгтэй,2011,81.7
Говь-Алтай,Бүгд,Эрэгтэй,2010,83.1
Говь-Алтай,Бүгд,Эрэгтэй,2009,82.6
Говь-Алтай,Бүгд,Эмэгтэй,2025,64.6
Говь-Алтай,Бүгд,Эмэгтэй,2024,64.7
Говь-Алтай,Бүгд,Эмэгтэй,2023,61.3
Говь-Алтай,Бүгд,Эмэгтэй,2022,62.3
Говь-Алтай,Бүгд,Эмэгтэй,2021,61.6
Говь-Алтай,Бүгд,Эмэгтэй,2020,64.8
Говь-Алтай,Бүгд,Эмэгтэй,2019,70.2
Говь-Алтай,Бүгд,Эмэгтэй,2018,66.8
Говь-Алтай,Бүгд,Эмэгтэй,2017,71.9
Говь-Алтай,Бүгд,Эмэгтэй,2016,68.7
Говь-Алтай,Бүгд,Эмэгтэй,2015,74.6
Говь-Алтай,Бүгд,Эмэгтэй,2014,69.7
Говь-Алтай,Бүгд,Эмэгтэй,2013,70.4
Говь-Алтай,Бүгд,Эмэгтэй,2012,78.2
Говь-Алтай,Бүгд,Эмэгтэй,2011,76.1
Говь-Алтай,Бүгд,Эмэгтэй,2010,78.9
Говь-Алтай,Бүгд,Эмэгтэй,2009,78.2
Говь-Алтай,15-19,Нийт,2025,17.3
Говь-Алтай,15-19,Нийт,2024,9.0
Говь-Алтай,15-19,Нийт,2023,4.5
Говь-Алтай,15-19,Нийт,2022,11.6
Говь-Алтай,15-19,Нийт,2021,14.4
Говь-Алтай,15-19,Нийт,2020,11.4
Говь-Алтай,15-19,Нийт,2019,8.7
Говь-Алтай,15-19,Нийт,2018,18.6
Говь-Алтай,15-19,Нийт,2017,23.1
Говь-Алтай,15-19,Нийт,2016,25.2
Говь-Алтай,15-19,Нийт,2015,18.9
Говь-Алтай,15-19,Нийт,2014,17.2
Говь-Алтай,15-19,Нийт,2013,22.4
Говь-Алтай,15-19,Нийт,2012,66.8
Говь-Алтай,15-19,Нийт,2011,25.1
Говь-Алтай,15-19,Нийт,2010,31.5
Говь-Алтай,15-19,Нийт,2009,32.3
Говь-Алтай,15-19,Эрэгтэй,2025,25.3
Говь-Алтай,15-19,Эрэгтэй,2024,11.0
Говь-Алтай,15-19,Эрэгтэй,2023,6.7
Говь-Алтай,15-19,Эрэгтэй,2022,19.3
Говь-Алтай,15-19,Эрэгтэй,2021,18.8
Говь-Алтай,15-19,Эрэгтэй,2020,18.9
Говь-Алтай,15-19,Эрэгтэй,2019,16.9
Говь-Алтай,15-19,Эрэгтэй,2018,25.0
Говь-Алтай,15-19,Эрэгтэй,2017,28.2
Говь-Алтай,15-19,Эрэгтэй,2016,29.7
Говь-Алтай,15-19,Эрэгтэй,2015,15.1
Говь-Алтай,15-19,Эрэгтэй,2014,24.0
Говь-Алтай,15-19,Эрэгтэй,2013,25.4
Говь-Алтай,15-19,Эрэгтэй,2012,67.9
Говь-Алтай,15-19,Эрэгтэй,2011,29.7
Говь-Алтай,15-19,Эрэгтэй,2010,41.0
Говь-Алтай,15-19,Эрэгтэй,2009,44.7
Говь-Алтай,15-19,Эмэгтэй,2025,8.7
Говь-Алтай,15-19,Эмэгтэй,2024,6.7
Говь-Алтай,15-19,Эмэгтэй,2023,1.0
Говь-Алтай,15-19,Эмэгтэй,2022,5.7
Говь-Алтай,15-19,Эмэгтэй,2021,11.6
Говь-Алтай,15-19,Эмэгтэй,2020,2.2
Говь-Алтай,15-19,Эмэгтэй,2019,4.2
Говь-Алтай,15-19,Эмэгтэй,2018,7.1
Говь-Алтай,15-19,Эмэгтэй,2017,17.3
Говь-Алтай,15-19,Эмэгтэй,2016,21.1
Говь-Алтай,15-19,Эмэгтэй,2015,23.3
Говь-Алтай,15-19,Эмэгтэй,2014,9.8
Говь-Алтай,15-19,Эмэгтэй,2013,16.9
Говь-Алтай,15-19,Эмэгтэй,2012,65.2
Говь-Алтай,15-19,Эмэгтэй,2011,20.5
Говь-Алтай,15-19,Эмэгтэй,2010,20.8
Говь-Алтай,15-19,Эмэгтэй,2009,18.2
Говь-Алтай,20-24,Нийт,2025,60.7
Говь-Алтай,20-24,Нийт,2024,45.6
Говь-Алтай,20-24,Нийт,2023,49.4
Говь-Алтай,20-24,Нийт,2022,73.3
Говь-Алтай,20-24,Нийт,2021,70.4
Говь-Алтай,20-24,Нийт,2020,68.4
Говь-Алтай,20-24,Нийт,2019,77.0
Говь-Алтай,20-24,Нийт,2018,75.5
Говь-Алтай,20-24,Нийт,2017,72.1
Говь-Алтай,20-24,Нийт,2016,76.8
Говь-Алтай,20-24,Нийт,2015,76.9
Говь-Алтай,20-24,Нийт,2014,71.5
Говь-Алтай,20-24,Нийт,2013,74.9
Говь-Алтай,20-24,Нийт,2012,85.9
Говь-Алтай,20-24,Нийт,2011,79.8
Говь-Алтай,20-24,Нийт,2010,74.1
Говь-Алтай,20-24,Нийт,2009,69.0
Говь-Алтай,20-24,Эрэгтэй,2025,65.5
Говь-Алтай,20-24,Эрэгтэй,2024,59.7
Говь-Алтай,20-24,Эрэгтэй,2023,62.3
Говь-Алтай,20-24,Эрэгтэй,2022,67.9
Говь-Алтай,20-24,Эрэгтэй,2021,91.3
Говь-Алтай,20-24,Эрэгтэй,2020,70.9
Говь-Алтай,20-24,Эрэгтэй,2019,82.6
Говь-Алтай,20-24,Эрэгтэй,2018,92.4
Говь-Алтай,20-24,Эрэгтэй,2017,70.8
Говь-Алтай,20-24,Эрэгтэй,2016,81.5
Говь-Алтай,20-24,Эрэгтэй,2015,78.4
Говь-Алтай,20-24,Эрэгтэй,2014,78.6
Говь-Алтай,20-24,Эрэгтэй,2013,84.5
Говь-Алтай,20-24,Эрэгтэй,2012,88.1
Говь-Алтай,20-24,Эрэгтэй,2011,88.1
Говь-Алтай,20-24,Эрэгтэй,2010,75.1
Говь-Алтай,20-24,Эрэгтэй,2009,76.0
Говь-Алтай,20-24,Эмэгтэй,2025,54.1
Говь-Алтай,20-24,Эмэгтэй,2024,32.3
Говь-Алтай,20-24,Эмэгтэй,2023,33.4
Говь-Алтай,20-24,Эмэгтэй,2022,85.1
Говь-Алтай,20-24,Эмэгтэй,2021,49.0
Говь-Алтай,20-24,Эмэгтэй,2020,65.4
Говь-Алтай,20-24,Эмэгтэй,2019,74.4
Говь-Алтай,20-24,Эмэгтэй,2018,59.7
Говь-Алтай,20-24,Эмэгтэй,2017,73.9
Говь-Алтай,20-24,Эмэгтэй,2016,71.1
Говь-Алтай,20-24,Эмэгтэй,2015,75.4
Говь-Алтай,20-24,Эмэгтэй,2014,62.0
Говь-Алтай,20-24,Эмэгтэй,2013,64.8
Говь-Алтай,20-24,Эмэгтэй,2012,82.1
Говь-Алтай,20-24,Эмэгтэй,2011,73.5
Говь-Алтай,20-24,Эмэгтэй,2010,73.1
Говь-Алтай,20-24,Эмэгтэй,2009,58.2
Говь-Алтай,25-29,Нийт,2025,94.3
Говь-Алтай,25-29,Нийт,2024,83.2
Говь-Алтай,25-29,Нийт,2023,84.6
Говь-Алтай,25-29,Нийт,2022,90.1
Говь-Алтай,25-29,Нийт,2021,89.4
Говь-Алтай,25-29,Нийт,2020,83.9
Говь-Алтай,25-29,Нийт,2019,87.0
Говь-Алтай,25-29,Нийт,2018,86.0
Говь-Алтай,25-29,Нийт,2017,90.5
Говь-Алтай,25-29,Нийт,2016,88.2
Говь-Алтай,25-29,Нийт,2015,86.9
Говь-Алтай,25-29,Нийт,2014,93.7
Говь-Алтай,25-29,Нийт,2013,91.8
Говь-Алтай,25-29,Нийт,2012,88.3
Говь-Алтай,25-29,Нийт,2011,89.9
Говь-Алтай,25-29,Нийт,2010,95.2
Говь-Алтай,25-29,Нийт,2009,83.7
Говь-Алтай,25-29,Эрэгтэй,2025,100.0
Говь-Алтай,25-29,Эрэгтэй,2024,83.0
Говь-Алтай,25-29,Эрэгтэй,2023,85.7
Говь-Алтай,25-29,Эрэгтэй,2022,100.0
Говь-Алтай,25-29,Эрэгтэй,2021,98.5
Говь-Алтай,25-29,Эрэгтэй,2020,93.1
Говь-Алтай,25-29,Эрэгтэй,2019,97.8
Говь-Алтай,25-29,Эрэгтэй,2018,94.1
Говь-Алтай,25-29,Эрэгтэй,2017,90.1
Говь-Алтай,25-29,Эрэгтэй,2016,88.2
Говь-Алтай,25-29,Эрэгтэй,2015,92.2
Говь-Алтай,25-29,Эрэгтэй,2014,98.2
Говь-Алтай,25-29,Эрэгтэй,2013,98.2
Говь-Алтай,25-29,Эрэгтэй,2012,84.9
Говь-Алтай,25-29,Эрэгтэй,2011,92.1
Говь-Алтай,25-29,Эрэгтэй,2010,100.0
Говь-Алтай,25-29,Эрэгтэй,2009,85.1
Говь-Алтай,25-29,Эмэгтэй,2025,89.2
Говь-Алтай,25-29,Эмэгтэй,2024,83.3
Говь-Алтай,25-29,Эмэгтэй,2023,83.2
Говь-Алтай,25-29,Эмэгтэй,2022,80.9
Говь-Алтай,25-29,Эмэгтэй,2021,79.5
Говь-Алтай,25-29,Эмэгтэй,2020,77.8
Говь-Алтай,25-29,Эмэгтэй,2019,74.4
Говь-Алтай,25-29,Эмэгтэй,2018,78.7
Говь-Алтай,25-29,Эмэгтэй,2017,90.8
Говь-Алтай,25-29,Эмэгтэй,2016,88.2
Говь-Алтай,25-29,Эмэгтэй,2015,80.4
Говь-Алтай,25-29,Эмэгтэй,2014,89.0
Говь-Алтай,25-29,Эмэгтэй,2013,86.1
Говь-Алтай,25-29,Эмэгтэй,2012,91.2
Говь-Алтай,25-29,Эмэгтэй,2011,87.2
Говь-Алтай,25-29,Эмэгтэй,2010,91.2
Говь-Алтай,25-29,Эмэгтэй,2009,81.2
Говь-Алтай,30-34,Нийт,2025,92.2
Говь-Алтай,30-34,Нийт,2024,87.6
Говь-Алтай,30-34,Нийт,2023,89.7
Говь-Алтай,30-34,Нийт,2022,82.4
Говь-Алтай,30-34,Нийт,2021,89.6
Говь-Алтай,30-34,Нийт,2020,87.6
Говь-Алтай,30-34,Нийт,2019,96.5
Говь-Алтай,30-34,Нийт,2018,87.6
Говь-Алтай,30-34,Нийт,2017,92.1
Говь-Алтай,30-34,Нийт,2016,84.3
Говь-Алтай,30-34,Нийт,2015,92.0
Говь-Алтай,30-34,Нийт,2014,89.6
Говь-Алтай,30-34,Нийт,2013,94.3
Говь-Алтай,30-34,Нийт,2012,93.3
Говь-Алтай,30-34,Нийт,2011,91.7
Говь-Алтай,30-34,Нийт,2010,94.5
Говь-Алтай,30-34,Нийт,2009,90.8
Говь-Алтай,30-34,Эрэгтэй,2025,100.0
Говь-Алтай,30-34,Эрэгтэй,2024,95.8
Говь-Алтай,30-34,Эрэгтэй,2023,91.9
Говь-Алтай,30-34,Эрэгтэй,2022,89.5
Говь-Алтай,30-34,Эрэгтэй,2021,96.5
Говь-Алтай,30-34,Эрэгтэй,2020,85.7
Говь-Алтай,30-34,Эрэгтэй,2019,100.0
Говь-Алтай,30-34,Эрэгтэй,2018,97.6
Говь-Алтай,30-34,Эрэгтэй,2017,95.9
Говь-Алтай,30-34,Эрэгтэй,2016,93.3
Говь-Алтай,30-34,Эрэгтэй,2015,94.5
Говь-Алтай,30-34,Эрэгтэй,2014,88.9
Говь-Алтай,30-34,Эрэгтэй,2013,94.0
Говь-Алтай,30-34,Эрэгтэй,2012,100.0
Говь-Алтай,30-34,Эрэгтэй,2011,90.5
Говь-Алтай,30-34,Эрэгтэй,2010,97.6
Говь-Алтай,30-34,Эрэгтэй,2009,86.0
Говь-Алтай,30-34,Эмэгтэй,2025,84.0
Говь-Алтай,30-34,Эмэгтэй,2024,77.0
Говь-Алтай,30-34,Эмэгтэй,2023,87.0
Говь-Алтай,30-34,Эмэгтэй,2022,74.1
Говь-Алтай,30-34,Эмэгтэй,2021,82.6
Говь-Алтай,30-34,Эмэгтэй,2020,89.2
Говь-Алтай,30-34,Эмэгтэй,2019,93.4
Говь-Алтай,30-34,Эмэгтэй,2018,79.1
Говь-Алтай,30-34,Эмэгтэй,2017,89.2
Говь-Алтай,30-34,Эмэгтэй,2016,74.8
Говь-Алтай,30-34,Эмэгтэй,2015,89.8
Говь-Алтай,30-34,Эмэгтэй,2014,90.2
Говь-Алтай,30-34,Эмэгтэй,2013,94.6
Говь-Алтай,30-34,Эмэгтэй,2012,86.9
Говь-Алтай,30-34,Эмэгтэй,2011,92.4
Говь-Алтай,30-34,Эмэгтэй,2010,91.8
Говь-Алтай,30-34,Эмэгтэй,2009,94.8
Говь-Алтай,35-39,Нийт,2025,88.1
Говь-Алтай,35-39,Нийт,2024,86.9
Говь-Алтай,35-39,Нийт,2023,81.1
Говь-Алтай,35-39,Нийт,2022,92.8
Говь-Алтай,35-39,Нийт,2021,99.5
Говь-Алтай,35-39,Нийт,2020,94.8
Говь-Алтай,35-39,Нийт,2019,96.9
Говь-Алтай,35-39,Нийт,2018,90.2
Говь-Алтай,35-39,Нийт,2017,93.1
Говь-Алтай,35-39,Нийт,2016,88.8
Говь-Алтай,35-39,Нийт,2015,94.0
Говь-Алтай,35-39,Нийт,2014,89.3
Говь-Алтай,35-39,Нийт,2013,91.2
Говь-Алтай,35-39,Нийт,2012,91.6
Говь-Алтай,35-39,Нийт,2011,91.2
Говь-Алтай,35-39,Нийт,2010,99.1
Говь-Алтай,35-39,Нийт,2009,94.3
Говь-Алтай,35-39,Эрэгтэй,2025,87.3
Говь-Алтай,35-39,Эрэгтэй,2024,84.2
Говь-Алтай,35-39,Эрэгтэй,2023,77.9
Говь-Алтай,35-39,Эрэгтэй,2022,93.6
Говь-Алтай,35-39,Эрэгтэй,2021,99.0
Говь-Алтай,35-39,Эрэгтэй,2020,100.0
Говь-Алтай,35-39,Эрэгтэй,2019,96.6
Говь-Алтай,35-39,Эрэгтэй,2018,98.0
Говь-Алтай,35-39,Эрэгтэй,2017,89.5
Говь-Алтай,35-39,Эрэгтэй,2016,94.0
Говь-Алтай,35-39,Эрэгтэй,2015,95.4
Говь-Алтай,35-39,Эрэгтэй,2014,92.0
Говь-Алтай,35-39,Эрэгтэй,2013,93.0
Говь-Алтай,35-39,Эрэгтэй,2012,90.2
Говь-Алтай,35-39,Эрэгтэй,2011,90.5
Говь-Алтай,35-39,Эрэгтэй,2010,100.0
Говь-Алтай,35-39,Эрэгтэй,2009,100.0
Говь-Алтай,35-39,Эмэгтэй,2025,88.7
Говь-Алтай,35-39,Эмэгтэй,2024,91.5
Говь-Алтай,35-39,Эмэгтэй,2023,84.9
Говь-Алтай,35-39,Эмэгтэй,2022,92.2
Говь-Алтай,35-39,Эмэгтэй,2021,100.0
Говь-Алтай,35-39,Эмэгтэй,2020,90.5
Говь-Алтай,35-39,Эмэгтэй,2019,97.1
Говь-Алтай,35-39,Эмэгтэй,2018,80.4
Говь-Алтай,35-39,Эмэгтэй,2017,96.3
Говь-Алтай,35-39,Эмэгтэй,2016,84.0
Говь-Алтай,35-39,Эмэгтэй,2015,92.6
Говь-Алтай,35-39,Эмэгтэй,2014,87.0
Говь-Алтай,35-39,Эмэгтэй,2013,89.8
Говь-Алтай,35-39,Эмэгтэй,2012,93.0
Говь-Алтай,35-39,Эмэгтэй,2011,91.9
Говь-Алтай,35-39,Эмэгтэй,2010,98.1
Говь-Алтай,35-39,Эмэгтэй,2009,89.7
Говь-Алтай,40-44,Нийт,2025,91.8
Говь-Алтай,40-44,Нийт,2024,91.3
Говь-Алтай,40-44,Нийт,2023,90.6
Говь-Алтай,40-44,Нийт,2022,90.1
Говь-Алтай,40-44,Нийт,2021,82.2
Говь-Алтай,40-44,Нийт,2020,89.5
Говь-Алтай,40-44,Нийт,2019,98.3
Говь-Алтай,40-44,Нийт,2018,93.7
Говь-Алтай,40-44,Нийт,2017,96.6
Говь-Алтай,40-44,Нийт,2016,94.3
Говь-Алтай,40-44,Нийт,2015,94.1
Говь-Алтай,40-44,Нийт,2014,94.8
Говь-Алтай,40-44,Нийт,2013,88.1
Говь-Алтай,40-44,Нийт,2012,92.5
Говь-Алтай,40-44,Нийт,2011,95.6
Говь-Алтай,40-44,Нийт,2010,95.7
Говь-Алтай,40-44,Нийт,2009,90.7
Говь-Алтай,40-44,Эрэгтэй,2025,92.4
Говь-Алтай,40-44,Эрэгтэй,2024,96.4
Говь-Алтай,40-44,Эрэгтэй,2023,95.9
Говь-Алтай,40-44,Эрэгтэй,2022,94.2
Говь-Алтай,40-44,Эрэгтэй,2021,80.6
Говь-Алтай,40-44,Эрэгтэй,2020,94.8
Говь-Алтай,40-44,Эрэгтэй,2019,100.0
Говь-Алтай,40-44,Эрэгтэй,2018,92.1
Говь-Алтай,40-44,Эрэгтэй,2017,96.8
Говь-Алтай,40-44,Эрэгтэй,2016,96.6
Говь-Алтай,40-44,Эрэгтэй,2015,96.7
Говь-Алтай,40-44,Эрэгтэй,2014,96.5
Говь-Алтай,40-44,Эрэгтэй,2013,92.4
Говь-Алтай,40-44,Эрэгтэй,2012,92.4
Говь-Алтай,40-44,Эрэгтэй,2011,96.0
Говь-Алтай,40-44,Эрэгтэй,2010,95.7
Говь-Алтай,40-44,Эрэгтэй,2009,92.3
Говь-Алтай,40-44,Эмэгтэй,2025,91.0
Говь-Алтай,40-44,Эмэгтэй,2024,87.9
Говь-Алтай,40-44,Эмэгтэй,2023,85.8
Говь-Алтай,40-44,Эмэгтэй,2022,83.3
Говь-Алтай,40-44,Эмэгтэй,2021,83.6
Говь-Алтай,40-44,Эмэгтэй,2020,85.4
Говь-Алтай,40-44,Эмэгтэй,2019,97.0
Говь-Алтай,40-44,Эмэгтэй,2018,95.0
Говь-Алтай,40-44,Эмэгтэй,2017,96.5
Говь-Алтай,40-44,Эмэгтэй,2016,91.5
Говь-Алтай,40-44,Эмэгтэй,2015,91.5
Говь-Алтай,40-44,Эмэгтэй,2014,93.0
Говь-Алтай,40-44,Эмэгтэй,2013,83.3
Говь-Алтай,40-44,Эмэгтэй,2012,92.6
Говь-Алтай,40-44,Эмэгтэй,2011,95.2
Говь-Алтай,40-44,Эмэгтэй,2010,95.8
Говь-Алтай,40-44,Эмэгтэй,2009,88.5
Говь-Алтай,45-49,Нийт,2025,92.5
Говь-Алтай,45-49,Нийт,2024,87.3
Говь-Алтай,45-49,Нийт,2023,90.6
Говь-Алтай,45-49,Нийт,2022,89.8
Говь-Алтай,45-49,Нийт,2021,94.8
Говь-Алтай,45-49,Нийт,2020,80.5
Говь-Алтай,45-49,Нийт,2019,97.6
Говь-Алтай,45-49,Нийт,2018,92.1
Говь-Алтай,45-49,Нийт,2017,94.1
Говь-Алтай,45-49,Нийт,2016,85.8
Говь-Алтай,45-49,Нийт,2015,90.7
Говь-Алтай,45-49,Нийт,2014,89.5
Говь-Алтай,45-49,Нийт,2013,87.0
Говь-Алтай,45-49,Нийт,2012,90.4
Говь-Алтай,45-49,Нийт,2011,92.3
Говь-Алтай,45-49,Нийт,2010,93.0
Говь-Алтай,45-49,Нийт,2009,100.0
Говь-Алтай,45-49,Эрэгтэй,2025,94.7
Говь-Алтай,45-49,Эрэгтэй,2024,80.8
Говь-Алтай,45-49,Эрэгтэй,2023,92.5
Говь-Алтай,45-49,Эрэгтэй,2022,82.4
Говь-Алтай,45-49,Эрэгтэй,2021,97.0
Говь-Алтай,45-49,Эрэгтэй,2020,82.4
Говь-Алтай,45-49,Эрэгтэй,2019,95.4
Говь-Алтай,45-49,Эрэгтэй,2018,90.0
Говь-Алтай,45-49,Эрэгтэй,2017,95.5
Говь-Алтай,45-49,Эрэгтэй,2016,83.2
Говь-Алтай,45-49,Эрэгтэй,2015,91.9
Говь-Алтай,45-49,Эрэгтэй,2014,89.2
Говь-Алтай,45-49,Эрэгтэй,2013,87.4
Говь-Алтай,45-49,Эрэгтэй,2012,91.2
Говь-Алтай,45-49,Эрэгтэй,2011,93.0
Говь-Алтай,45-49,Эрэгтэй,2010,94.3
Говь-Алтай,45-49,Эрэгтэй,2009,100.0
Говь-Алтай,45-49,Эмэгтэй,2025,90.1
Говь-Алтай,45-49,Эмэгтэй,2024,92.2
Говь-Алтай,45-49,Эмэгтэй,2023,89.1
Говь-Алтай,45-49,Эмэгтэй,2022,97.6
Говь-Алтай,45-49,Эмэгтэй,2021,93.5
Говь-Алтай,45-49,Эмэгтэй,2020,78.8
Говь-Алтай,45-49,Эмэгтэй,2019,100.0
Говь-Алтай,45-49,Эмэгтэй,2018,94.5
Говь-Алтай,45-49,Эмэгтэй,2017,92.4
Говь-Алтай,45-49,Эмэгтэй,2016,87.9
Говь-Алтай,45-49,Эмэгтэй,2015,89.4
Говь-Алтай,45-49,Эмэгтэй,2014,89.9
Говь-Алтай,45-49,Эмэгтэй,2013,86.6
Говь-Алтай,45-49,Эмэгтэй,2012,89.4
Говь-Алтай,45-49,Эмэгтэй,2011,91.6
Говь-Алтай,45-49,Эмэгтэй,2010,91.0
Говь-Алтай,45-49,Эмэгтэй,2009,100.0
Говь-Алтай,50-54,Нийт,2025,83.1
Говь-Алтай,50-54,Нийт,2024,87.8
Говь-Алтай,50-54,Нийт,2023,77.0
Говь-Алтай,50-54,Нийт,2022,90.5
Говь-Алтай,50-54,Нийт,2021,82.0
Говь-Алтай,50-54,Нийт,2020,85.9
Говь-Алтай,50-54,Нийт,2019,93.4
Говь-Алтай,50-54,Нийт,2018,83.5
Говь-Алтай,50-54,Нийт,2017,84.2
Говь-Алтай,50-54,Нийт,2016,80.6
Говь-Алтай,50-54,Нийт,2015,88.8
Говь-Алтай,50-54,Нийт,2014,82.0
Говь-Алтай,50-54,Нийт,2013,80.7
Говь-Алтай,50-54,Нийт,2012,85.7
Говь-Алтай,50-54,Нийт,2011,87.4
Говь-Алтай,50-54,Нийт,2010,82.3
Говь-Алтай,50-54,Нийт,2009,92.8
Говь-Алтай,50-54,Эрэгтэй,2025,85.6
Говь-Алтай,50-54,Эрэгтэй,2024,86.6
Говь-Алтай,50-54,Эрэгтэй,2023,80.9
Говь-Алтай,50-54,Эрэгтэй,2022,95.2
Говь-Алтай,50-54,Эрэгтэй,2021,83.2
Говь-Алтай,50-54,Эрэгтэй,2020,77.9
Говь-Алтай,50-54,Эрэгтэй,2019,97.3
Говь-Алтай,50-54,Эрэгтэй,2018,83.5
Говь-Алтай,50-54,Эрэгтэй,2017,92.1
Говь-Алтай,50-54,Эрэгтэй,2016,85.0
Говь-Алтай,50-54,Эрэгтэй,2015,90.4
Говь-Алтай,50-54,Эрэгтэй,2014,83.3
Говь-Алтай,50-54,Эрэгтэй,2013,82.3
Говь-Алтай,50-54,Эрэгтэй,2012,91.7
Говь-Алтай,50-54,Эрэгтэй,2011,88.8
Говь-Алтай,50-54,Эрэгтэй,2010,81.1
Говь-Алтай,50-54,Эрэгтэй,2009,100.0
Говь-Алтай,50-54,Эмэгтэй,2025,80.8
Говь-Алтай,50-54,Эмэгтэй,2024,89.3
Говь-Алтай,50-54,Эмэгтэй,2023,74.6
Говь-Алтай,50-54,Эмэгтэй,2022,86.3
Говь-Алтай,50-54,Эмэгтэй,2021,81.0
Говь-Алтай,50-54,Эмэгтэй,2020,96.0
Говь-Алтай,50-54,Эмэгтэй,2019,88.8
Говь-Алтай,50-54,Эмэгтэй,2018,83.5
Говь-Алтай,50-54,Эмэгтэй,2017,77.9
Говь-Алтай,50-54,Эмэгтэй,2016,76.4
Говь-Алтай,50-54,Эмэгтэй,2015,87.6
Говь-Алтай,50-54,Эмэгтэй,2014,80.9
Говь-Алтай,50-54,Эмэгтэй,2013,79.4
Говь-Алтай,50-54,Эмэгтэй,2012,81.9
Говь-Алтай,50-54,Эмэгтэй,2011,86.1
Говь-Алтай,50-54,Эмэгтэй,2010,83.0
Говь-Алтай,50-54,Эмэгтэй,2009,83.1
Говь-Алтай,55-59,Нийт,2025,71.0
Говь-Алтай,55-59,Нийт,2024,69.2
Говь-Алтай,55-59,Нийт,2023,48.9
Говь-Алтай,55-59,Нийт,2022,64.0
Говь-Алтай,55-59,Нийт,2021,56.5
Говь-Алтай,55-59,Нийт,2020,55.7
Говь-Алтай,55-59,Нийт,2019,70.3
Говь-Алтай,55-59,Нийт,2018,69.1
Говь-Алтай,55-59,Нийт,2017,74.4
Говь-Алтай,55-59,Нийт,2016,69.4
Говь-Алтай,55-59,Нийт,2015,73.2
Говь-Алтай,55-59,Нийт,2014,53.6
Говь-Алтай,55-59,Нийт,2013,67.8
Говь-Алтай,55-59,Нийт,2012,69.7
Говь-Алтай,55-59,Нийт,2011,76.2
Говь-Алтай,55-59,Нийт,2010,77.5
Говь-Алтай,55-59,Нийт,2009,100.0
Говь-Алтай,55-59,Эрэгтэй,2025,70.6
Говь-Алтай,55-59,Эрэгтэй,2024,77.3
Говь-Алтай,55-59,Эрэгтэй,2023,57.2
Говь-Алтай,55-59,Эрэгтэй,2022,88.3
Говь-Алтай,55-59,Эрэгтэй,2021,82.6
Говь-Алтай,55-59,Эрэгтэй,2020,57.5
Говь-Алтай,55-59,Эрэгтэй,2019,98.2
Говь-Алтай,55-59,Эрэгтэй,2018,84.9
Говь-Алтай,55-59,Эрэгтэй,2017,81.2
Говь-Алтай,55-59,Эрэгтэй,2016,76.0
Говь-Алтай,55-59,Эрэгтэй,2015,88.3
Говь-Алтай,55-59,Эрэгтэй,2014,63.2
Говь-Алтай,55-59,Эрэгтэй,2013,81.4
Говь-Алтай,55-59,Эрэгтэй,2012,79.5
Говь-Алтай,55-59,Эрэгтэй,2011,90.7
Говь-Алтай,55-59,Эрэгтэй,2010,71.5
Говь-Алтай,55-59,Эрэгтэй,2009,100.0
Говь-Алтай,55-59,Эмэгтэй,2025,71.4
Говь-Алтай,55-59,Эмэгтэй,2024,62.9
Говь-Алтай,55-59,Эмэгтэй,2023,35.1
Говь-Алтай,55-59,Эмэгтэй,2022,39.9
Говь-Алтай,55-59,Эмэгтэй,2021,22.4
Говь-Алтай,55-59,Эмэгтэй,2020,54.7
Говь-Алтай,55-59,Эмэгтэй,2019,37.5
Говь-Алтай,55-59,Эмэгтэй,2018,55.9
Говь-Алтай,55-59,Эмэгтэй,2017,68.3
Говь-Алтай,55-59,Эмэгтэй,2016,62.2
Говь-Алтай,55-59,Эмэгтэй,2015,55.7
Говь-Алтай,55-59,Эмэгтэй,2014,45.8
Говь-Алтай,55-59,Эмэгтэй,2013,54.0
Говь-Алтай,55-59,Эмэгтэй,2012,61.4
Говь-Алтай,55-59,Эмэгтэй,2011,60.2
Говь-Алтай,55-59,Эмэгтэй,2010,100.0
Говь-Алтай,55-59,Эмэгтэй,2009,100.0
Говь-Алтай,60-64,Нийт,2025,37.5
Говь-Алтай,60-64,Нийт,2024,28.9
Говь-Алтай,60-64,Нийт,2023,31.8
Говь-Алтай,60-64,Нийт,2022,24.7
Говь-Алтай,60-64,Нийт,2021,31.0
Говь-Алтай,60-64,Нийт,2020,28.4
Говь-Алтай,60-64,Нийт,2019,35.8
Говь-Алтай,60-64,Нийт,2018,45.1
Говь-Алтай,60-64,Нийт,2017,60.7
Говь-Алтай,60-64,Нийт,2016,46.0
Говь-Алтай,60-64,Нийт,2015,55.5
Говь-Алтай,60-64,Нийт,2014,49.6
Говь-Алтай,60-64,Нийт,2013,36.8
Говь-Алтай,60-64,Нийт,2012,49.5
Говь-Алтай,60-64,Нийт,2011,48.0
Говь-Алтай,60-64,Нийт,2010,42.0
Говь-Алтай,60-64,Нийт,2009,75.7
Говь-Алтай,60-64,Эрэгтэй,2025,36.6
Говь-Алтай,60-64,Эрэгтэй,2024,30.8
Говь-Алтай,60-64,Эрэгтэй,2023,27.3
Говь-Алтай,60-64,Эрэгтэй,2022,10.7
Говь-Алтай,60-64,Эрэгтэй,2021,47.3
Говь-Алтай,60-64,Эрэгтэй,2020,17.8
Говь-Алтай,60-64,Эрэгтэй,2019,55.0
Говь-Алтай,60-64,Эрэгтэй,2018,62.9
Говь-Алтай,60-64,Эрэгтэй,2017,70.6
Говь-Алтай,60-64,Эрэгтэй,2016,71.5
Говь-Алтай,60-64,Эрэгтэй,2015,62.5
Говь-Алтай,60-64,Эрэгтэй,2014,44.7
Говь-Алтай,60-64,Эрэгтэй,2013,66.0
Говь-Алтай,60-64,Эрэгтэй,2012,48.4
Говь-Алтай,60-64,Эрэгтэй,2011,53.5
Говь-Алтай,60-64,Эрэгтэй,2010,31.9
Говь-Алтай,60-64,Эрэгтэй,2009,56.6
Говь-Алтай,60-64,Эмэгтэй,2025,38.2
Говь-Алтай,60-64,Эмэгтэй,2024,26.5
Говь-Алтай,60-64,Эмэгтэй,2023,34.4
Говь-Алтай,60-64,Эмэгтэй,2022,29.8
Говь-Алтай,60-64,Эмэгтэй,2021,18.1
Говь-Алтай,60-64,Эмэгтэй,2020,39.0
Говь-Алтай,60-64,Эмэгтэй,2019,27.8
Говь-Алтай,60-64,Эмэгтэй,2018,31.2
Говь-Алтай,60-64,Эмэгтэй,2017,52.6
Говь-Алтай,60-64,Эмэгтэй,2016,29.1
Говь-Алтай,60-64,Эмэгтэй,2015,50.1
Говь-Алтай,60-64,Эмэгтэй,2014,55.6
Говь-Алтай,60-64,Эмэгтэй,2013,22.2
Говь-Алтай,60-64,Эмэгтэй,2012,50.6
Говь-Алтай,60-64,Эмэгтэй,2011,42.7
Говь-Алтай,60-64,Эмэгтэй,2010,46.7
Говь-Алтай,60-64,Эмэгтэй,2009,100.0
Говь-Алтай,65-69,Нийт,2025,18.6
Говь-Алтай,65-69,Нийт,2024,19.0
Говь-Алтай,65-69,Нийт,2023,11.0
Говь-Алтай,65-69,Нийт,2022,25.3
Говь-Алтай,65-69,Нийт,2021,5.5
Говь-Алтай,65-69,Нийт,2020,45.4
Говь-Алтай,65-69,Нийт,2019,26.5
Говь-Алтай,65-69,Нийт,2018,28.2
Говь-Алтай,65-69,Нийт,2017,24.7
Говь-Алтай,65-69,Нийт,2016,16.1
Говь-Алтай,65-69,Нийт,2015,30.2
Говь-Алтай,65-69,Нийт,2014,31.1
Говь-Алтай,65-69,Нийт,2013,28.7
Говь-Алтай,65-69,Нийт,2012,45.2
Говь-Алтай,65-69,Нийт,2011,65.8
Говь-Алтай,65-69,Нийт,2010,50.1
Говь-Алтай,65-69,Нийт,2009,40.9
Говь-Алтай,65-69,Эрэгтэй,2025,27.0
Говь-Алтай,65-69,Эрэгтэй,2024,18.0
Говь-Алтай,65-69,Эрэгтэй,2023,11.6
Говь-Алтай,65-69,Эрэгтэй,2022,30.1
Говь-Алтай,65-69,Эрэгтэй,2021,3.0
Говь-Алтай,65-69,Эрэгтэй,2020,10.3
Говь-Алтай,65-69,Эрэгтэй,2019,44.3
Говь-Алтай,65-69,Эрэгтэй,2018,42.0
Говь-Алтай,65-69,Эрэгтэй,2017,36.0
Говь-Алтай,65-69,Эрэгтэй,2016,25.8
Говь-Алтай,65-69,Эрэгтэй,2015,16.5
Говь-Алтай,65-69,Эрэгтэй,2014,30.3
Говь-Алтай,65-69,Эрэгтэй,2013,28.6
Говь-Алтай,65-69,Эрэгтэй,2012,50.5
Говь-Алтай,65-69,Эрэгтэй,2011,68.9
Говь-Алтай,65-69,Эрэгтэй,2010,62.1
Говь-Алтай,65-69,Эрэгтэй,2009,52.5
Говь-Алтай,65-69,Эмэгтэй,2025,11.3
Говь-Алтай,65-69,Эмэгтэй,2024,20.0
Говь-Алтай,65-69,Эмэгтэй,2023,10.7
Говь-Алтай,65-69,Эмэгтэй,2022,16.2
Говь-Алтай,65-69,Эмэгтэй,2021,6.3
Говь-Алтай,65-69,Эмэгтэй,2020,63.1
Говь-Алтай,65-69,Эмэгтэй,2019,11.8
Говь-Алтай,65-69,Эмэгтэй,2018,20.1
Говь-Алтай,65-69,Эмэгтэй,2017,15.0
Говь-Алтай,65-69,Эмэгтэй,2016,9.0
Говь-Алтай,65-69,Эмэгтэй,2015,35.4
Говь-Алтай,65-69,Эмэгтэй,2014,31.8
Говь-Алтай,65-69,Эмэгтэй,2013,28.8
Говь-Алтай,65-69,Эмэгтэй,2012,39.9
Говь-Алтай,65-69,Эмэгтэй,2011,62.0
Говь-Алтай,65-69,Эмэгтэй,2010,36.5
Говь-Алтай,65-69,Эмэгтэй,2009,0.0
Говь-Алтай,70+,Нийт,2025,18.1
Говь-Алтай,70+,Нийт,2024,13.8
Говь-Алтай,70+,Нийт,2023,5.5
Говь-Алтай,70+,Нийт,2022,14.6
Говь-Алтай,70+,Нийт,2021,9.8
Говь-Алтай,70+,Нийт,2020,14.0
Говь-Алтай,70+,Нийт,2019,12.0
Говь-Алтай,70+,Нийт,2018,14.2
Говь-Алтай,70+,Нийт,2017,13.5
Говь-Алтай,70+,Нийт,2016,9.9
Говь-Алтай,70+,Нийт,2015,20.0
Говь-Алтай,70+,Нийт,2014,10.4
Говь-Алтай,70+,Нийт,2013,11.7
Говь-Алтай,70+,Нийт,2012,28.1
Говь-Алтай,70+,Нийт,2011,19.1
Говь-Алтай,70+,Нийт,2010,34.1
Говь-Алтай,70+,Нийт,2009,14.3
Говь-Алтай,70+,Эрэгтэй,2025,26.7
Говь-Алтай,70+,Эрэгтэй,2024,20.4
Говь-Алтай,70+,Эрэгтэй,2023,12.2
Говь-Алтай,70+,Эрэгтэй,2022,14.6
Говь-Алтай,70+,Эрэгтэй,2021,8.2
Говь-Алтай,70+,Эрэгтэй,2020,25.8
Говь-Алтай,70+,Эрэгтэй,2019,15.2
Говь-Алтай,70+,Эрэгтэй,2018,26.4
Говь-Алтай,70+,Эрэгтэй,2017,27.4
Говь-Алтай,70+,Эрэгтэй,2016,9.1
Говь-Алтай,70+,Эрэгтэй,2015,29.4
Говь-Алтай,70+,Эрэгтэй,2014,19.1
Говь-Алтай,70+,Эрэгтэй,2013,28.4
Говь-Алтай,70+,Эрэгтэй,2012,50.8
Говь-Алтай,70+,Эрэгтэй,2011,37.2
Говь-Алтай,70+,Эрэгтэй,2010,20.2
Говь-Алтай,70+,Эрэгтэй,2009,32.1
Говь-Алтай,70+,Эмэгтэй,2025,14.4
Говь-Алтай,70+,Эмэгтэй,2024,12.3
Говь-Алтай,70+,Эмэгтэй,2023,1.4
Говь-Алтай,70+,Эмэгтэй,2022,14.6
Говь-Алтай,70+,Эмэгтэй,2021,11.5
Говь-Алтай,70+,Эмэгтэй,2020,7.7
Говь-Алтай,70+,Эмэгтэй,2019,11.1
Говь-Алтай,70+,Эмэгтэй,2018,7.4
Говь-Алтай,70+,Эмэгтэй,2017,7.9
Говь-Алтай,70+,Эмэгтэй,2016,10.4
Говь-Алтай,70+,Эмэгтэй,2015,7.8
Говь-Алтай,70+,Эмэгтэй,2014,5.4
Говь-Алтай,70+,Эмэгтэй,2013,0.0
Говь-Алтай,70+,Эмэгтэй,2012,16.2
Говь-Алтай,70+,Эмэгтэй,2011,7.9
Говь-Алтай,70+,Эмэгтэй,2010,44.4
Говь-Алтай,70+,Эмэгтэй,2009,0.0
Завхан,Бүгд,Нийт,2025,65.2
Завхан,Бүгд,Нийт,2024,66.5
Завхан,Бүгд,Нийт,2023,76.9
Завхан,Бүгд,Нийт,2022,69.3
Завхан,Бүгд,Нийт,2021,72.6
Завхан,Бүгд,Нийт,2020,76.5
Завхан,Бүгд,Нийт,2019,74.2
Завхан,Бүгд,Нийт,2018,73.4
Завхан,Бүгд,Нийт,2017,74.5
Завхан,Бүгд,Нийт,2016,73.4
Завхан,Бүгд,Нийт,2015,73.3
Завхан,Бүгд,Нийт,2014,80.5
Завхан,Бүгд,Нийт,2013,72.0
Завхан,Бүгд,Нийт,2012,68.5
Завхан,Бүгд,Нийт,2011,63.4
Завхан,Бүгд,Нийт,2010,64.9
Завхан,Бүгд,Нийт,2009,58.8
Завхан,Бүгд,Эрэгтэй,2025,69.4
Завхан,Бүгд,Эрэгтэй,2024,73.5
Завхан,Бүгд,Эрэгтэй,2023,79.5
Завхан,Бүгд,Эрэгтэй,2022,73.0
Завхан,Бүгд,Эрэгтэй,2021,76.2
Завхан,Бүгд,Эрэгтэй,2020,80.8
Завхан,Бүгд,Эрэгтэй,2019,78.3
Завхан,Бүгд,Эрэгтэй,2018,79.0
Завхан,Бүгд,Эрэгтэй,2017,78.7
Завхан,Бүгд,Эрэгтэй,2016,77.4
Завхан,Бүгд,Эрэгтэй,2015,75.4
Завхан,Бүгд,Эрэгтэй,2014,84.5
Завхан,Бүгд,Эрэгтэй,2013,76.3
Завхан,Бүгд,Эрэгтэй,2012,72.1
Завхан,Бүгд,Эрэгтэй,2011,66.9
Завхан,Бүгд,Эрэгтэй,2010,70.4
Завхан,Бүгд,Эрэгтэй,2009,56.5
Завхан,Бүгд,Эмэгтэй,2025,60.8
Завхан,Бүгд,Эмэгтэй,2024,60.1
Завхан,Бүгд,Эмэгтэй,2023,73.9
Завхан,Бүгд,Эмэгтэй,2022,65.4
Завхан,Бүгд,Эмэгтэй,2021,68.8
Завхан,Бүгд,Эмэгтэй,2020,71.9
Завхан,Бүгд,Эмэгтэй,2019,70.2
Завхан,Бүгд,Эмэгтэй,2018,68.4
Завхан,Бүгд,Эмэгтэй,2017,70.5
Завхан,Бүгд,Эмэгтэй,2016,69.8
Завхан,Бүгд,Эмэгтэй,2015,71.3
Завхан,Бүгд,Эмэгтэй,2014,76.9
Завхан,Бүгд,Эмэгтэй,2013,68.0
Завхан,Бүгд,Эмэгтэй,2012,65.0
Завхан,Бүгд,Эмэгтэй,2011,59.9
Завхан,Бүгд,Эмэгтэй,2010,59.5
Завхан,Бүгд,Эмэгтэй,2009,61.1
Завхан,15-19,Нийт,2025,7.5
Завхан,15-19,Нийт,2024,4.6
Завхан,15-19,Нийт,2023,3.0
Завхан,15-19,Нийт,2022,9.6
Завхан,15-19,Нийт,2021,16.0
Завхан,15-19,Нийт,2020,19.1
Завхан,15-19,Нийт,2019,12.5
Завхан,15-19,Нийт,2018,8.7
Завхан,15-19,Нийт,2017,4.2
Завхан,15-19,Нийт,2016,5.0
Завхан,15-19,Нийт,2015,10.5
Завхан,15-19,Нийт,2014,23.1
Завхан,15-19,Нийт,2013,10.9
Завхан,15-19,Нийт,2012,31.7
Завхан,15-19,Нийт,2011,10.6
Завхан,15-19,Нийт,2010,11.9
Завхан,15-19,Нийт,2009,3.8
Завхан,15-19,Эрэгтэй,2025,11.4
Завхан,15-19,Эрэгтэй,2024,9.4
Завхан,15-19,Эрэгтэй,2023,4.8
Завхан,15-19,Эрэгтэй,2022,11.9
Завхан,15-19,Эрэгтэй,2021,24.6
Завхан,15-19,Эрэгтэй,2020,28.0
Завхан,15-19,Эрэгтэй,2019,6.2
Завхан,15-19,Эрэгтэй,2018,13.2
Завхан,15-19,Эрэгтэй,2017,5.9
Завхан,15-19,Эрэгтэй,2016,9.2
Завхан,15-19,Эрэгтэй,2015,14.8
Завхан,15-19,Эрэгтэй,2014,26.1
Завхан,15-19,Эрэгтэй,2013,13.2
Завхан,15-19,Эрэгтэй,2012,29.7
Завхан,15-19,Эрэгтэй,2011,15.8
Завхан,15-19,Эрэгтэй,2010,15.9
Завхан,15-19,Эрэгтэй,2009,3.3
Завхан,15-19,Эмэгтэй,2025,1.8
Завхан,15-19,Эмэгтэй,2024,1.0
Завхан,15-19,Эмэгтэй,2023,0.0
Завхан,15-19,Эмэгтэй,2022,3.6
Завхан,15-19,Эмэгтэй,2021,0.0
Завхан,15-19,Эмэгтэй,2020,0.0
Завхан,15-19,Эмэгтэй,2019,23.4
Завхан,15-19,Эмэгтэй,2018,3.2
Завхан,15-19,Эмэгтэй,2017,2.6
Завхан,15-19,Эмэгтэй,2016,1.9
Завхан,15-19,Эмэгтэй,2015,6.3
Завхан,15-19,Эмэгтэй,2014,21.0
Завхан,15-19,Эмэгтэй,2013,8.6
Завхан,15-19,Эмэгтэй,2012,33.8
Завхан,15-19,Эмэгтэй,2011,4.9
Завхан,15-19,Эмэгтэй,2010,8.4
Завхан,15-19,Эмэгтэй,2009,4.4
Завхан,20-24,Нийт,2025,60.7
Завхан,20-24,Нийт,2024,21.2
Завхан,20-24,Нийт,2023,81.6
Завхан,20-24,Нийт,2022,87.4
Завхан,20-24,Нийт,2021,100.0
Завхан,20-24,Нийт,2020,60.4
Завхан,20-24,Нийт,2019,77.3
Завхан,20-24,Нийт,2018,55.8
Завхан,20-24,Нийт,2017,51.6
Завхан,20-24,Нийт,2016,65.6
Завхан,20-24,Нийт,2015,72.9
Завхан,20-24,Нийт,2014,65.6
Завхан,20-24,Нийт,2013,58.6
Завхан,20-24,Нийт,2012,41.8
Завхан,20-24,Нийт,2011,48.3
Завхан,20-24,Нийт,2010,50.9
Завхан,20-24,Нийт,2009,43.1
Завхан,20-24,Эрэгтэй,2025,68.4
Завхан,20-24,Эрэгтэй,2024,19.4
Завхан,20-24,Эрэгтэй,2023,79.5
Завхан,20-24,Эрэгтэй,2022,93.1
Завхан,20-24,Эрэгтэй,2021,100.0
Завхан,20-24,Эрэгтэй,2020,77.4
Завхан,20-24,Эрэгтэй,2019,94.7
Завхан,20-24,Эрэгтэй,2018,68.7
Завхан,20-24,Эрэгтэй,2017,57.9
Завхан,20-24,Эрэгтэй,2016,71.1
Завхан,20-24,Эрэгтэй,2015,79.6
Завхан,20-24,Эрэгтэй,2014,74.4
Завхан,20-24,Эрэгтэй,2013,64.5
Завхан,20-24,Эрэгтэй,2012,48.4
Завхан,20-24,Эрэгтэй,2011,53.6
Завхан,20-24,Эрэгтэй,2010,59.8
Завхан,20-24,Эрэгтэй,2009,41.0
Завхан,20-24,Эмэгтэй,2025,46.9
Завхан,20-24,Эмэгтэй,2024,24.6
Завхан,20-24,Эмэгтэй,2023,88.1
Завхан,20-24,Эмэгтэй,2022,73.9
Завхан,20-24,Эмэгтэй,2021,100.0
Завхан,20-24,Эмэгтэй,2020,45.1
Завхан,20-24,Эмэгтэй,2019,56.6
Завхан,20-24,Эмэгтэй,2018,41.8
Завхан,20-24,Эмэгтэй,2017,43.9
Завхан,20-24,Эмэгтэй,2016,58.5
Завхан,20-24,Эмэгтэй,2015,64.5
Завхан,20-24,Эмэгтэй,2014,51.6
Завхан,20-24,Эмэгтэй,2013,53.5
Завхан,20-24,Эмэгтэй,2012,33.9
Завхан,20-24,Эмэгтэй,2011,43.4
Завхан,20-24,Эмэгтэй,2010,41.2
Завхан,20-24,Эмэгтэй,2009,44.9
Завхан,25-29,Нийт,2025,87.5
Завхан,25-29,Нийт,2024,88.8
Завхан,25-29,Нийт,2023,91.2
Завхан,25-29,Нийт,2022,85.1
Завхан,25-29,Нийт,2021,100.0
Завхан,25-29,Нийт,2020,86.4
Завхан,25-29,Нийт,2019,70.8
Завхан,25-29,Нийт,2018,78.9
Завхан,25-29,Нийт,2017,90.3
Завхан,25-29,Нийт,2016,92.9
Завхан,25-29,Нийт,2015,89.8
Завхан,25-29,Нийт,2014,91.3
Завхан,25-29,Нийт,2013,92.7
Завхан,25-29,Нийт,2012,85.6
Завхан,25-29,Нийт,2011,85.4
Завхан,25-29,Нийт,2010,84.3
Завхан,25-29,Нийт,2009,83.4
Завхан,25-29,Эрэгтэй,2025,93.6
Завхан,25-29,Эрэгтэй,2024,96.9
Завхан,25-29,Эрэгтэй,2023,95.7
Завхан,25-29,Эрэгтэй,2022,90.7
Завхан,25-29,Эрэгтэй,2021,100.0
Завхан,25-29,Эрэгтэй,2020,86.5
Завхан,25-29,Эрэгтэй,2019,100.0
Завхан,25-29,Эрэгтэй,2018,89.0
Завхан,25-29,Эрэгтэй,2017,90.1
Завхан,25-29,Эрэгтэй,2016,92.6
Завхан,25-29,Эрэгтэй,2015,93.0
Завхан,25-29,Эрэгтэй,2014,97.7
Завхан,25-29,Эрэгтэй,2013,95.1
Завхан,25-29,Эрэгтэй,2012,93.8
Завхан,25-29,Эрэгтэй,2011,89.4
Завхан,25-29,Эрэгтэй,2010,88.2
Завхан,25-29,Эрэгтэй,2009,93.9
Завхан,25-29,Эмэгтэй,2025,74.8
Завхан,25-29,Эмэгтэй,2024,82.2
Завхан,25-29,Эмэгтэй,2023,87.0
Завхан,25-29,Эмэгтэй,2022,76.2
Завхан,25-29,Эмэгтэй,2021,100.0
Завхан,25-29,Эмэгтэй,2020,86.3
Завхан,25-29,Эмэгтэй,2019,34.2
Завхан,25-29,Эмэгтэй,2018,69.1
Завхан,25-29,Эмэгтэй,2017,90.4
Завхан,25-29,Эмэгтэй,2016,93.2
Завхан,25-29,Эмэгтэй,2015,86.6
Завхан,25-29,Эмэгтэй,2014,84.0
Завхан,25-29,Эмэгтэй,2013,90.7
Завхан,25-29,Эмэгтэй,2012,78.8
Завхан,25-29,Эмэгтэй,2011,81.3
Завхан,25-29,Эмэгтэй,2010,80.3
Завхан,25-29,Эмэгтэй,2009,77.9
Завхан,30-34,Нийт,2025,95.8
Завхан,30-34,Нийт,2024,92.1
Завхан,30-34,Нийт,2023,87.4
Завхан,30-34,Нийт,2022,78.2
Завхан,30-34,Нийт,2021,84.2
Завхан,30-34,Нийт,2020,94.1
Завхан,30-34,Нийт,2019,97.5
Завхан,30-34,Нийт,2018,96.0
Завхан,30-34,Нийт,2017,95.6
Завхан,30-34,Нийт,2016,93.2
Завхан,30-34,Нийт,2015,92.3
Завхан,30-34,Нийт,2014,97.1
Завхан,30-34,Нийт,2013,93.9
Завхан,30-34,Нийт,2012,89.6
Завхан,30-34,Нийт,2011,94.7
Завхан,30-34,Нийт,2010,88.5
Завхан,30-34,Нийт,2009,92.5
Завхан,30-34,Эрэгтэй,2025,95.9
Завхан,30-34,Эрэгтэй,2024,92.7
Завхан,30-34,Эрэгтэй,2023,90.9
Завхан,30-34,Эрэгтэй,2022,83.2
Завхан,30-34,Эрэгтэй,2021,95.0
Завхан,30-34,Эрэгтэй,2020,98.2
Завхан,30-34,Эрэгтэй,2019,97.8
Завхан,30-34,Эрэгтэй,2018,98.2
Завхан,30-34,Эрэгтэй,2017,97.8
Завхан,30-34,Эрэгтэй,2016,94.5
Завхан,30-34,Эрэгтэй,2015,97.5
Завхан,30-34,Эрэгтэй,2014,97.8
Завхан,30-34,Эрэгтэй,2013,96.5
Завхан,30-34,Эрэгтэй,2012,87.0
Завхан,30-34,Эрэгтэй,2011,98.2
Завхан,30-34,Эрэгтэй,2010,94.9
Завхан,30-34,Эрэгтэй,2009,93.2
Завхан,30-34,Эмэгтэй,2025,95.7
Завхан,30-34,Эмэгтэй,2024,91.5
Завхан,30-34,Эмэгтэй,2023,83.6
Завхан,30-34,Эмэгтэй,2022,74.2
Завхан,30-34,Эмэгтэй,2021,70.8
Завхан,30-34,Эмэгтэй,2020,89.4
Завхан,30-34,Эмэгтэй,2019,97.2
Завхан,30-34,Эмэгтэй,2018,94.6
Завхан,30-34,Эмэгтэй,2017,93.3
Завхан,30-34,Эмэгтэй,2016,92.2
Завхан,30-34,Эмэгтэй,2015,88.0
Завхан,30-34,Эмэгтэй,2014,96.6
Завхан,30-34,Эмэгтэй,2013,91.2
Завхан,30-34,Эмэгтэй,2012,93.4
Завхан,30-34,Эмэгтэй,2011,91.7
Завхан,30-34,Эмэгтэй,2010,81.1
Завхан,30-34,Эмэгтэй,2009,91.6
Завхан,35-39,Нийт,2025,97.3
Завхан,35-39,Нийт,2024,97.2
Завхан,35-39,Нийт,2023,94.7
Завхан,35-39,Нийт,2022,94.7
Завхан,35-39,Нийт,2021,80.8
Завхан,35-39,Нийт,2020,93.2
Завхан,35-39,Нийт,2019,95.5
Завхан,35-39,Нийт,2018,98.5
Завхан,35-39,Нийт,2017,95.8
Завхан,35-39,Нийт,2016,97.8
Завхан,35-39,Нийт,2015,90.4
Завхан,35-39,Нийт,2014,99.2
Завхан,35-39,Нийт,2013,96.1
Завхан,35-39,Нийт,2012,92.1
Завхан,35-39,Нийт,2011,94.0
Завхан,35-39,Нийт,2010,93.0
Завхан,35-39,Нийт,2009,93.4
Завхан,35-39,Эрэгтэй,2025,100.0
Завхан,35-39,Эрэгтэй,2024,99.5
Завхан,35-39,Эрэгтэй,2023,100.0
Завхан,35-39,Эрэгтэй,2022,92.7
Завхан,35-39,Эрэгтэй,2021,92.7
Завхан,35-39,Эрэгтэй,2020,100.0
Завхан,35-39,Эрэгтэй,2019,100.0
Завхан,35-39,Эрэгтэй,2018,100.0
Завхан,35-39,Эрэгтэй,2017,96.1
Завхан,35-39,Эрэгтэй,2016,100.0
Завхан,35-39,Эрэгтэй,2015,91.4
Завхан,35-39,Эрэгтэй,2014,100.0
Завхан,35-39,Эрэгтэй,2013,100.0
Завхан,35-39,Эрэгтэй,2012,97.6
Завхан,35-39,Эрэгтэй,2011,96.9
Завхан,35-39,Эрэгтэй,2010,98.4
Завхан,35-39,Эрэгтэй,2009,100.0
Завхан,35-39,Эмэгтэй,2025,95.1
Завхан,35-39,Эмэгтэй,2024,94.7
Завхан,35-39,Эмэгтэй,2023,89.3
Завхан,35-39,Эмэгтэй,2022,97.2
Завхан,35-39,Эмэгтэй,2021,71.3
Завхан,35-39,Эмэгтэй,2020,86.5
Завхан,35-39,Эмэгтэй,2019,93.1
Завхан,35-39,Эмэгтэй,2018,96.7
Завхан,35-39,Эмэгтэй,2017,95.5
Завхан,35-39,Эмэгтэй,2016,96.0
Завхан,35-39,Эмэгтэй,2015,89.6
Завхан,35-39,Эмэгтэй,2014,98.5
Завхан,35-39,Эмэгтэй,2013,92.4
Завхан,35-39,Эмэгтэй,2012,87.4
Завхан,35-39,Эмэгтэй,2011,91.1
Завхан,35-39,Эмэгтэй,2010,88.2
Завхан,35-39,Эмэгтэй,2009,88.9
Завхан,40-44,Нийт,2025,92.4
Завхан,40-44,Нийт,2024,87.7
Завхан,40-44,Нийт,2023,91.1
Завхан,40-44,Нийт,2022,93.4
Завхан,40-44,Нийт,2021,95.7
Завхан,40-44,Нийт,2020,99.0
Завхан,40-44,Нийт,2019,98.5
Завхан,40-44,Нийт,2018,93.2
Завхан,40-44,Нийт,2017,94.7
Завхан,40-44,Нийт,2016,93.8
Завхан,40-44,Нийт,2015,93.3
Завхан,40-44,Нийт,2014,96.2
Завхан,40-44,Нийт,2013,93.8
Завхан,40-44,Нийт,2012,90.4
Завхан,40-44,Нийт,2011,93.9
Завхан,40-44,Нийт,2010,95.7
Завхан,40-44,Нийт,2009,77.7
Завхан,40-44,Эрэгтэй,2025,92.8
Завхан,40-44,Эрэгтэй,2024,84.7
Завхан,40-44,Эрэгтэй,2023,95.7
Завхан,40-44,Эрэгтэй,2022,95.9
Завхан,40-44,Эрэгтэй,2021,95.2
Завхан,40-44,Эрэгтэй,2020,100.0
Завхан,40-44,Эрэгтэй,2019,100.0
Завхан,40-44,Эрэгтэй,2018,94.9
Завхан,40-44,Эрэгтэй,2017,97.1
Завхан,40-44,Эрэгтэй,2016,94.3
Завхан,40-44,Эрэгтэй,2015,95.4
Завхан,40-44,Эрэгтэй,2014,97.1
Завхан,40-44,Эрэгтэй,2013,95.6
Завхан,40-44,Эрэгтэй,2012,91.9
Завхан,40-44,Эрэгтэй,2011,95.0
Завхан,40-44,Эрэгтэй,2010,96.3
Завхан,40-44,Эрэгтэй,2009,75.4
Завхан,40-44,Эмэгтэй,2025,91.9
Завхан,40-44,Эмэгтэй,2024,90.9
Завхан,40-44,Эмэгтэй,2023,85.5
Завхан,40-44,Эмэгтэй,2022,91.8
Завхан,40-44,Эмэгтэй,2021,96.0
Завхан,40-44,Эмэгтэй,2020,97.9
Завхан,40-44,Эмэгтэй,2019,96.9
Завхан,40-44,Эмэгтэй,2018,91.3
Завхан,40-44,Эмэгтэй,2017,91.8
Завхан,40-44,Эмэгтэй,2016,93.4
Завхан,40-44,Эмэгтэй,2015,90.7
Завхан,40-44,Эмэгтэй,2014,95.3
Завхан,40-44,Эмэгтэй,2013,92.3
Завхан,40-44,Эмэгтэй,2012,89.0
Завхан,40-44,Эмэгтэй,2011,92.9
Завхан,40-44,Эмэгтэй,2010,95.2
Завхан,40-44,Эмэгтэй,2009,80.7
Завхан,45-49,Нийт,2025,97.1
Завхан,45-49,Нийт,2024,98.2
Завхан,45-49,Нийт,2023,95.1
Завхан,45-49,Нийт,2022,91.0
Завхан,45-49,Нийт,2021,89.0
Завхан,45-49,Нийт,2020,94.7
Завхан,45-49,Нийт,2019,91.7
Завхан,45-49,Нийт,2018,92.7
Завхан,45-49,Нийт,2017,94.3
Завхан,45-49,Нийт,2016,87.7
Завхан,45-49,Нийт,2015,90.3
Завхан,45-49,Нийт,2014,91.0
Завхан,45-49,Нийт,2013,90.8
Завхан,45-49,Нийт,2012,90.6
Завхан,45-49,Нийт,2011,86.7
Завхан,45-49,Нийт,2010,94.7
Завхан,45-49,Нийт,2009,85.9
Завхан,45-49,Эрэгтэй,2025,100.0
Завхан,45-49,Эрэгтэй,2024,100.0
Завхан,45-49,Эрэгтэй,2023,94.0
Завхан,45-49,Эрэгтэй,2022,89.3
Завхан,45-49,Эрэгтэй,2021,84.2
Завхан,45-49,Эрэгтэй,2020,91.5
Завхан,45-49,Эрэгтэй,2019,83.8
Завхан,45-49,Эрэгтэй,2018,94.7
Завхан,45-49,Эрэгтэй,2017,95.8
Завхан,45-49,Эрэгтэй,2016,89.6
Завхан,45-49,Эрэгтэй,2015,90.0
Завхан,45-49,Эрэгтэй,2014,88.3
Завхан,45-49,Эрэгтэй,2013,95.8
Завхан,45-49,Эрэгтэй,2012,95.5
Завхан,45-49,Эрэгтэй,2011,91.4
Завхан,45-49,Эрэгтэй,2010,94.5
Завхан,45-49,Эрэгтэй,2009,88.3
Завхан,45-49,Эмэгтэй,2025,95.6
Завхан,45-49,Эмэгтэй,2024,96.2
Завхан,45-49,Эмэгтэй,2023,96.8
Завхан,45-49,Эмэгтэй,2022,93.3
Завхан,45-49,Эмэгтэй,2021,96.0
Завхан,45-49,Эмэгтэй,2020,97.3
Завхан,45-49,Эмэгтэй,2019,100.0
Завхан,45-49,Эмэгтэй,2018,91.1
Завхан,45-49,Эмэгтэй,2017,93.1
Завхан,45-49,Эмэгтэй,2016,85.7
Завхан,45-49,Эмэгтэй,2015,90.6
Завхан,45-49,Эмэгтэй,2014,92.6
Завхан,45-49,Эмэгтэй,2013,86.2
Завхан,45-49,Эмэгтэй,2012,85.9
Завхан,45-49,Эмэгтэй,2011,82.5
Завхан,45-49,Эмэгтэй,2010,94.9
Завхан,45-49,Эмэгтэй,2009,84.1
Завхан,50-54,Нийт,2025,94.5
Завхан,50-54,Нийт,2024,88.5
Завхан,50-54,Нийт,2023,90.4
Завхан,50-54,Нийт,2022,82.0
Завхан,50-54,Нийт,2021,79.0
Завхан,50-54,Нийт,2020,94.4
Завхан,50-54,Нийт,2019,99.6
Завхан,50-54,Нийт,2018,87.7
Завхан,50-54,Нийт,2017,88.9
Завхан,50-54,Нийт,2016,82.3
Завхан,50-54,Нийт,2015,76.2
Завхан,50-54,Нийт,2014,86.1
Завхан,50-54,Нийт,2013,89.5
Завхан,50-54,Нийт,2012,82.9
Завхан,50-54,Нийт,2011,83.3
Завхан,50-54,Нийт,2010,79.0
Завхан,50-54,Нийт,2009,56.3
Завхан,50-54,Эрэгтэй,2025,94.8
Завхан,50-54,Эрэгтэй,2024,91.3
Завхан,50-54,Эрэгтэй,2023,91.1
Завхан,50-54,Эрэгтэй,2022,79.3
Завхан,50-54,Эрэгтэй,2021,87.6
Завхан,50-54,Эрэгтэй,2020,93.6
Завхан,50-54,Эрэгтэй,2019,100.0
Завхан,50-54,Эрэгтэй,2018,94.9
Завхан,50-54,Эрэгтэй,2017,97.6
Завхан,50-54,Эрэгтэй,2016,89.0
Завхан,50-54,Эрэгтэй,2015,81.6
Завхан,50-54,Эрэгтэй,2014,91.4
Завхан,50-54,Эрэгтэй,2013,94.4
Завхан,50-54,Эрэгтэй,2012,86.3
Завхан,50-54,Эрэгтэй,2011,92.5
Завхан,50-54,Эрэгтэй,2010,86.8
Завхан,50-54,Эрэгтэй,2009,51.1
Завхан,50-54,Эмэгтэй,2025,94.1
Завхан,50-54,Эмэгтэй,2024,85.6
Завхан,50-54,Эмэгтэй,2023,89.8
Завхан,50-54,Эмэгтэй,2022,84.2
Завхан,50-54,Эмэгтэй,2021,70.1
Завхан,50-54,Эмэгтэй,2020,95.2
Завхан,50-54,Эмэгтэй,2019,99.1
Завхан,50-54,Эмэгтэй,2018,81.9
Завхан,50-54,Эмэгтэй,2017,80.9
Завхан,50-54,Эмэгтэй,2016,75.5
Завхан,50-54,Эмэгтэй,2015,72.1
Завхан,50-54,Эмэгтэй,2014,80.5
Завхан,50-54,Эмэгтэй,2013,85.2
Завхан,50-54,Эмэгтэй,2012,80.2
Завхан,50-54,Эмэгтэй,2011,71.7
Завхан,50-54,Эмэгтэй,2010,69.9
Завхан,50-54,Эмэгтэй,2009,65.8
Завхан,55-59,Нийт,2025,69.2
Завхан,55-59,Нийт,2024,63.9
Завхан,55-59,Нийт,2023,83.7
Завхан,55-59,Нийт,2022,54.4
Завхан,55-59,Нийт,2021,65.8
Завхан,55-59,Нийт,2020,69.1
Завхан,55-59,Нийт,2019,60.7
Завхан,55-59,Нийт,2018,74.0
Завхан,55-59,Нийт,2017,66.2
Завхан,55-59,Нийт,2016,63.6
Завхан,55-59,Нийт,2015,70.1
Завхан,55-59,Нийт,2014,67.7
Завхан,55-59,Нийт,2013,76.2
Завхан,55-59,Нийт,2012,58.2
Завхан,55-59,Нийт,2011,56.1
Завхан,55-59,Нийт,2010,66.6
Завхан,55-59,Нийт,2009,56.8
Завхан,55-59,Эрэгтэй,2025,81.5
Завхан,55-59,Эрэгтэй,2024,88.0
Завхан,55-59,Эрэгтэй,2023,91.3
Завхан,55-59,Эрэгтэй,2022,77.3
Завхан,55-59,Эрэгтэй,2021,72.9
Завхан,55-59,Эрэгтэй,2020,100.0
Завхан,55-59,Эрэгтэй,2019,83.5
Завхан,55-59,Эрэгтэй,2018,94.8
Завхан,55-59,Эрэгтэй,2017,82.5
Завхан,55-59,Эрэгтэй,2016,88.0
Завхан,55-59,Эрэгтэй,2015,72.3
Завхан,55-59,Эрэгтэй,2014,83.9
Завхан,55-59,Эрэгтэй,2013,86.0
Завхан,55-59,Эрэгтэй,2012,70.9
Завхан,55-59,Эрэгтэй,2011,64.1
Завхан,55-59,Эрэгтэй,2010,92.8
Завхан,55-59,Эрэгтэй,2009,49.3
Завхан,55-59,Эмэгтэй,2025,59.7
Завхан,55-59,Эмэгтэй,2024,51.4
Завхан,55-59,Эмэгтэй,2023,70.8
Завхан,55-59,Эмэгтэй,2022,37.1
Завхан,55-59,Эмэгтэй,2021,57.1
Завхан,55-59,Эмэгтэй,2020,52.0
Завхан,55-59,Эмэгтэй,2019,41.9
Завхан,55-59,Эмэгтэй,2018,52.3
Завхан,55-59,Эмэгтэй,2017,49.0
Завхан,55-59,Эмэгтэй,2016,42.9
Завхан,55-59,Эмэгтэй,2015,67.0
Завхан,55-59,Эмэгтэй,2014,52.7
Завхан,55-59,Эмэгтэй,2013,67.9
Завхан,55-59,Эмэгтэй,2012,37.4
Завхан,55-59,Эмэгтэй,2011,48.4
Завхан,55-59,Эмэгтэй,2010,48.0
Завхан,55-59,Эмэгтэй,2009,66.8
Завхан,60-64,Нийт,2025,32.8
Завхан,60-64,Нийт,2024,51.0
Завхан,60-64,Нийт,2023,73.7
Завхан,60-64,Нийт,2022,34.3
Завхан,60-64,Нийт,2021,42.6
Завхан,60-64,Нийт,2020,32.0
Завхан,60-64,Нийт,2019,37.2
Завхан,60-64,Нийт,2018,31.6
Завхан,60-64,Нийт,2017,44.6
Завхан,60-64,Нийт,2016,28.5
Завхан,60-64,Нийт,2015,33.8
Завхан,60-64,Нийт,2014,56.6
Завхан,60-64,Нийт,2013,58.9
Завхан,60-64,Нийт,2012,31.5
Завхан,60-64,Нийт,2011,24.0
Завхан,60-64,Нийт,2010,38.0
Завхан,60-64,Нийт,2009,38.6
Завхан,60-64,Эрэгтэй,2025,50.7
Завхан,60-64,Эрэгтэй,2024,60.6
Завхан,60-64,Эрэгтэй,2023,75.6
Завхан,60-64,Эрэгтэй,2022,40.9
Завхан,60-64,Эрэгтэй,2021,50.0
Завхан,60-64,Эрэгтэй,2020,20.8
Завхан,60-64,Эрэгтэй,2019,46.5
Завхан,60-64,Эрэгтэй,2018,33.7
Завхан,60-64,Эрэгтэй,2017,48.8
Завхан,60-64,Эрэгтэй,2016,22.6
Завхан,60-64,Эрэгтэй,2015,28.8
Завхан,60-64,Эрэгтэй,2014,70.1
Завхан,60-64,Эрэгтэй,2013,64.1
Завхан,60-64,Эрэгтэй,2012,57.0
Завхан,60-64,Эрэгтэй,2011,36.6
Завхан,60-64,Эрэгтэй,2010,39.0
Завхан,60-64,Эрэгтэй,2009,39.4
Завхан,60-64,Эмэгтэй,2025,18.0
Завхан,60-64,Эмэгтэй,2024,35.4
Завхан,60-64,Эмэгтэй,2023,72.8
Завхан,60-64,Эмэгтэй,2022,28.8
Завхан,60-64,Эмэгтэй,2021,37.8
Завхан,60-64,Эмэгтэй,2020,46.7
Завхан,60-64,Эмэгтэй,2019,28.1
Завхан,60-64,Эмэгтэй,2018,29.9
Завхан,60-64,Эмэгтэй,2017,41.7
Завхан,60-64,Эмэгтэй,2016,35.1
Завхан,60-64,Эмэгтэй,2015,38.6
Завхан,60-64,Эмэгтэй,2014,45.9
Завхан,60-64,Эмэгтэй,2013,52.1
Завхан,60-64,Эмэгтэй,2012,17.8
Завхан,60-64,Эмэгтэй,2011,14.6
Завхан,60-64,Эмэгтэй,2010,36.7
Завхан,60-64,Эмэгтэй,2009,37.4
Завхан,65-69,Нийт,2025,29.0
Завхан,65-69,Нийт,2024,17.0
Завхан,65-69,Нийт,2023,61.7
Завхан,65-69,Нийт,2022,43.0
Завхан,65-69,Нийт,2021,28.6
Завхан,65-69,Нийт,2020,37.2
Завхан,65-69,Нийт,2019,54.5
Завхан,65-69,Нийт,2018,26.5
Завхан,65-69,Нийт,2017,39.7
Завхан,65-69,Нийт,2016,15.8
Завхан,65-69,Нийт,2015,18.2
Завхан,65-69,Нийт,2014,73.3
Завхан,65-69,Нийт,2013,49.1
Завхан,65-69,Нийт,2012,35.6
Завхан,65-69,Нийт,2011,12.6
Завхан,65-69,Нийт,2010,20.5
Завхан,65-69,Нийт,2009,0.0
Завхан,65-69,Эрэгтэй,2025,34.9
Завхан,65-69,Эрэгтэй,2024,26.8
Завхан,65-69,Эрэгтэй,2023,77.6
Завхан,65-69,Эрэгтэй,2022,71.3
Завхан,65-69,Эрэгтэй,2021,38.1
Завхан,65-69,Эрэгтэй,2020,83.2
Завхан,65-69,Эрэгтэй,2019,70.9
Завхан,65-69,Эрэгтэй,2018,28.2
Завхан,65-69,Эрэгтэй,2017,40.7
Завхан,65-69,Эрэгтэй,2016,11.6
Завхан,65-69,Эрэгтэй,2015,15.0
Завхан,65-69,Эрэгтэй,2014,62.6
Завхан,65-69,Эрэгтэй,2013,41.5
Завхан,65-69,Эрэгтэй,2012,39.9
Завхан,65-69,Эрэгтэй,2011,7.2
Завхан,65-69,Эрэгтэй,2010,25.3
Завхан,65-69,Эрэгтэй,2009,0.0
Завхан,65-69,Эмэгтэй,2025,25.7
Завхан,65-69,Эмэгтэй,2024,14.1
Завхан,65-69,Эмэгтэй,2023,34.5
Завхан,65-69,Эмэгтэй,2022,22.8
Завхан,65-69,Эмэгтэй,2021,16.7
Завхан,65-69,Эмэгтэй,2020,26.8
Завхан,65-69,Эмэгтэй,2019,47.2
Завхан,65-69,Эмэгтэй,2018,24.7
Завхан,65-69,Эмэгтэй,2017,38.7
Завхан,65-69,Эмэгтэй,2016,17.8
Завхан,65-69,Эмэгтэй,2015,20.3
Завхан,65-69,Эмэгтэй,2014,82.9
Завхан,65-69,Эмэгтэй,2013,54.3
Завхан,65-69,Эмэгтэй,2012,32.2
Завхан,65-69,Эмэгтэй,2011,19.6
Завхан,65-69,Эмэгтэй,2010,15.3
Завхан,65-69,Эмэгтэй,2009,0.0
Завхан,70+,Нийт,2025,9.0
Завхан,70+,Нийт,2024,11.6
Завхан,70+,Нийт,2023,33.5
Завхан,70+,Нийт,2022,17.2
Завхан,70+,Нийт,2021,13.7
Завхан,70+,Нийт,2020,30.5
Завхан,70+,Нийт,2019,16.2
Завхан,70+,Нийт,2018,17.0
Завхан,70+,Нийт,2017,23.2
Завхан,70+,Нийт,2016,30.5
Завхан,70+,Нийт,2015,28.3
Завхан,70+,Нийт,2014,49.4
Завхан,70+,Нийт,2013,33.8
Завхан,70+,Нийт,2012,46.5
Завхан,70+,Нийт,2011,6.9
Завхан,70+,Нийт,2010,12.3
Завхан,70+,Нийт,2009,0.0
Завхан,70+,Эрэгтэй,2025,9.4
Завхан,70+,Эрэгтэй,2024,26.0
Завхан,70+,Эрэгтэй,2023,53.0
Завхан,70+,Эрэгтэй,2022,35.8
Завхан,70+,Эрэгтэй,2021,17.3
Завхан,70+,Эрэгтэй,2020,50.0
Завхан,70+,Эрэгтэй,2019,28.9
Завхан,70+,Эрэгтэй,2018,18.0
Завхан,70+,Эрэгтэй,2017,31.6
Завхан,70+,Эрэгтэй,2016,35.2
Завхан,70+,Эрэгтэй,2015,28.7
Завхан,70+,Эрэгтэй,2014,52.8
Завхан,70+,Эрэгтэй,2013,53.2
Завхан,70+,Эрэгтэй,2012,44.0
Завхан,70+,Эрэгтэй,2011,12.5
Завхан,70+,Эрэгтэй,2010,23.3
Завхан,70+,Эрэгтэй,2009,0.0
Завхан,70+,Эмэгтэй,2025,8.7
Завхан,70+,Эмэгтэй,2024,3.9
Завхан,70+,Эмэгтэй,2023,20.3
Завхан,70+,Эмэгтэй,2022,6.9
Завхан,70+,Эмэгтэй,2021,11.1
Завхан,70+,Эмэгтэй,2020,15.4
Завхан,70+,Эмэгтэй,2019,8.6
Завхан,70+,Эмэгтэй,2018,16.6
Завхан,70+,Эмэгтэй,2017,17.5
Завхан,70+,Эмэгтэй,2016,24.2
Завхан,70+,Эмэгтэй,2015,28.0
Завхан,70+,Эмэгтэй,2014,46.3
Завхан,70+,Эмэгтэй,2013,21.5
Завхан,70+,Эмэгтэй,2012,49.3
Завхан,70+,Эмэгтэй,2011,0.0
Завхан,70+,Эмэгтэй,2010,0.0
Завхан,70+,Эмэгтэй,2009,0.0
Увс,Бүгд,Нийт,2025,71.6
Увс,Бүгд,Нийт,2024,72.4
Увс,Бүгд,Нийт,2023,74.9
Увс,Бүгд,Нийт,2022,62.7
Увс,Бүгд,Нийт,2021,74.9
Увс,Бүгд,Нийт,2020,74.7
Увс,Бүгд,Нийт,2019,70.8
Увс,Бүгд,Нийт,2018,72.6
Увс,Бүгд,Нийт,2017,76.4
Увс,Бүгд,Нийт,2016,74.4
Увс,Бүгд,Нийт,2015,76.6
Увс,Бүгд,Нийт,2014,77.1
Увс,Бүгд,Нийт,2013,77.9
Увс,Бүгд,Нийт,2012,78.6
Увс,Бүгд,Нийт,2011,78.1
Увс,Бүгд,Нийт,2010,75.0
Увс,Бүгд,Нийт,2009,78.3
Увс,Бүгд,Эрэгтэй,2025,76.2
Увс,Бүгд,Эрэгтэй,2024,83.3
Увс,Бүгд,Эрэгтэй,2023,82.0
Увс,Бүгд,Эрэгтэй,2022,69.6
Увс,Бүгд,Эрэгтэй,2021,79.2
Увс,Бүгд,Эрэгтэй,2020,78.2
Увс,Бүгд,Эрэгтэй,2019,74.2
Увс,Бүгд,Эрэгтэй,2018,78.4
Увс,Бүгд,Эрэгтэй,2017,79.9
Увс,Бүгд,Эрэгтэй,2016,78.3
Увс,Бүгд,Эрэгтэй,2015,80.8
Увс,Бүгд,Эрэгтэй,2014,79.9
Увс,Бүгд,Эрэгтэй,2013,82.0
Увс,Бүгд,Эрэгтэй,2012,83.8
Увс,Бүгд,Эрэгтэй,2011,82.1
Увс,Бүгд,Эрэгтэй,2010,79.1
Увс,Бүгд,Эрэгтэй,2009,85.0
Увс,Бүгд,Эмэгтэй,2025,66.7
Увс,Бүгд,Эмэгтэй,2024,61.7
Увс,Бүгд,Эмэгтэй,2023,68.4
Увс,Бүгд,Эмэгтэй,2022,56.0
Увс,Бүгд,Эмэгтэй,2021,70.6
Увс,Бүгд,Эмэгтэй,2020,71.5
Увс,Бүгд,Эмэгтэй,2019,66.8
Увс,Бүгд,Эмэгтэй,2018,66.8
Увс,Бүгд,Эмэгтэй,2017,72.9
Увс,Бүгд,Эмэгтэй,2016,70.6
Увс,Бүгд,Эмэгтэй,2015,72.5
Увс,Бүгд,Эмэгтэй,2014,74.2
Увс,Бүгд,Эмэгтэй,2013,73.8
Увс,Бүгд,Эмэгтэй,2012,73.9
Увс,Бүгд,Эмэгтэй,2011,74.1
Увс,Бүгд,Эмэгтэй,2010,71.3
Увс,Бүгд,Эмэгтэй,2009,72.1
Увс,15-19,Нийт,2025,9.0
Увс,15-19,Нийт,2024,23.1
Увс,15-19,Нийт,2023,24.5
Увс,15-19,Нийт,2022,10.5
Увс,15-19,Нийт,2021,16.1
Увс,15-19,Нийт,2020,36.8
Увс,15-19,Нийт,2019,28.8
Увс,15-19,Нийт,2018,16.4
Увс,15-19,Нийт,2017,19.8
Увс,15-19,Нийт,2016,9.8
Увс,15-19,Нийт,2015,20.3
Увс,15-19,Нийт,2014,23.0
Увс,15-19,Нийт,2013,36.5
Увс,15-19,Нийт,2012,40.7
Увс,15-19,Нийт,2011,34.2
Увс,15-19,Нийт,2010,22.3
Увс,15-19,Нийт,2009,28.0
Увс,15-19,Эрэгтэй,2025,14.8
Увс,15-19,Эрэгтэй,2024,37.8
Увс,15-19,Эрэгтэй,2023,33.3
Увс,15-19,Эрэгтэй,2022,11.0
Увс,15-19,Эрэгтэй,2021,25.2
Увс,15-19,Эрэгтэй,2020,32.5
Увс,15-19,Эрэгтэй,2019,46.8
Увс,15-19,Эрэгтэй,2018,23.6
Увс,15-19,Эрэгтэй,2017,27.3
Увс,15-19,Эрэгтэй,2016,13.4
Увс,15-19,Эрэгтэй,2015,26.2
Увс,15-19,Эрэгтэй,2014,31.9
Увс,15-19,Эрэгтэй,2013,43.2
Увс,15-19,Эрэгтэй,2012,42.6
Увс,15-19,Эрэгтэй,2011,46.0
Увс,15-19,Эрэгтэй,2010,29.9
Увс,15-19,Эрэгтэй,2009,41.7
Увс,15-19,Эмэгтэй,2025,1.4
Увс,15-19,Эмэгтэй,2024,4.8
Увс,15-19,Эмэгтэй,2023,14.1
Увс,15-19,Эмэгтэй,2022,10.1
Увс,15-19,Эмэгтэй,2021,6.7
Увс,15-19,Эмэгтэй,2020,43.5
Увс,15-19,Эмэгтэй,2019,7.6
Увс,15-19,Эмэгтэй,2018,8.1
Увс,15-19,Эмэгтэй,2017,13.1
Увс,15-19,Эмэгтэй,2016,6.4
Увс,15-19,Эмэгтэй,2015,14.1
Увс,15-19,Эмэгтэй,2014,9.2
Увс,15-19,Эмэгтэй,2013,27.5
Увс,15-19,Эмэгтэй,2012,39.1
Увс,15-19,Эмэгтэй,2011,20.6
Увс,15-19,Эмэгтэй,2010,15.7
Увс,15-19,Эмэгтэй,2009,17.2
Увс,20-24,Нийт,2025,68.0
Увс,20-24,Нийт,2024,72.7
Увс,20-24,Нийт,2023,53.1
Увс,20-24,Нийт,2022,47.8
Увс,20-24,Нийт,2021,67.3
Увс,20-24,Нийт,2020,91.3
Увс,20-24,Нийт,2019,55.7
Увс,20-24,Нийт,2018,71.7
Увс,20-24,Нийт,2017,78.9
Увс,20-24,Нийт,2016,86.9
Увс,20-24,Нийт,2015,81.4
Увс,20-24,Нийт,2014,81.4
Увс,20-24,Нийт,2013,74.6
Увс,20-24,Нийт,2012,78.2
Увс,20-24,Нийт,2011,81.6
Увс,20-24,Нийт,2010,82.9
Увс,20-24,Нийт,2009,89.8
Увс,20-24,Эрэгтэй,2025,75.9
Увс,20-24,Эрэгтэй,2024,83.2
Увс,20-24,Эрэгтэй,2023,69.6
Увс,20-24,Эрэгтэй,2022,60.9
Увс,20-24,Эрэгтэй,2021,82.5
Увс,20-24,Эрэгтэй,2020,91.0
Увс,20-24,Эрэгтэй,2019,58.0
Увс,20-24,Эрэгтэй,2018,84.2
Увс,20-24,Эрэгтэй,2017,85.1
Увс,20-24,Эрэгтэй,2016,89.6
Увс,20-24,Эрэгтэй,2015,87.3
Увс,20-24,Эрэгтэй,2014,86.8
Увс,20-24,Эрэгтэй,2013,85.6
Увс,20-24,Эрэгтэй,2012,92.0
Увс,20-24,Эрэгтэй,2011,88.3
Увс,20-24,Эрэгтэй,2010,82.6
Увс,20-24,Эрэгтэй,2009,96.5
Увс,20-24,Эмэгтэй,2025,58.6
Увс,20-24,Эмэгтэй,2024,58.5
Увс,20-24,Эмэгтэй,2023,31.7
Увс,20-24,Эмэгтэй,2022,32.3
Увс,20-24,Эмэгтэй,2021,52.8
Увс,20-24,Эмэгтэй,2020,91.6
Увс,20-24,Эмэгтэй,2019,52.0
Увс,20-24,Эмэгтэй,2018,58.7
Увс,20-24,Эмэгтэй,2017,71.3
Увс,20-24,Эмэгтэй,2016,83.3
Увс,20-24,Эмэгтэй,2015,75.6
Увс,20-24,Эмэгтэй,2014,74.5
Увс,20-24,Эмэгтэй,2013,63.4
Увс,20-24,Эмэгтэй,2012,64.6
Увс,20-24,Эмэгтэй,2011,72.0
Увс,20-24,Эмэгтэй,2010,83.1
Увс,20-24,Эмэгтэй,2009,83.0
Увс,25-29,Нийт,2025,90.3
Увс,25-29,Нийт,2024,86.0
Увс,25-29,Нийт,2023,97.0
Увс,25-29,Нийт,2022,85.6
Увс,25-29,Нийт,2021,80.9
Увс,25-29,Нийт,2020,92.6
Увс,25-29,Нийт,2019,85.7
Увс,25-29,Нийт,2018,89.2
Увс,25-29,Нийт,2017,96.3
Увс,25-29,Нийт,2016,93.9
Увс,25-29,Нийт,2015,91.3
Увс,25-29,Нийт,2014,92.5
Увс,25-29,Нийт,2013,94.4
Увс,25-29,Нийт,2012,94.4
Увс,25-29,Нийт,2011,100.0
Увс,25-29,Нийт,2010,93.0
Увс,25-29,Нийт,2009,94.7
Увс,25-29,Эрэгтэй,2025,93.5
Увс,25-29,Эрэгтэй,2024,92.8
Увс,25-29,Эрэгтэй,2023,100.0
Увс,25-29,Эрэгтэй,2022,89.5
Увс,25-29,Эрэгтэй,2021,91.9
Увс,25-29,Эрэгтэй,2020,97.0
Увс,25-29,Эрэгтэй,2019,88.7
Увс,25-29,Эрэгтэй,2018,97.6
Увс,25-29,Эрэгтэй,2017,98.0
Увс,25-29,Эрэгтэй,2016,96.9
Увс,25-29,Эрэгтэй,2015,93.5
Увс,25-29,Эрэгтэй,2014,93.6
Увс,25-29,Эрэгтэй,2013,100.0
Увс,25-29,Эрэгтэй,2012,96.1
Увс,25-29,Эрэгтэй,2011,100.0
Увс,25-29,Эрэгтэй,2010,97.3
Увс,25-29,Эрэгтэй,2009,100.0
Увс,25-29,Эмэгтэй,2025,86.6
Увс,25-29,Эмэгтэй,2024,77.3
Увс,25-29,Эмэгтэй,2023,93.8
Увс,25-29,Эмэгтэй,2022,80.0
Увс,25-29,Эмэгтэй,2021,68.8
Увс,25-29,Эмэгтэй,2020,89.1
Увс,25-29,Эмэгтэй,2019,80.5
Увс,25-29,Эмэгтэй,2018,78.1
Увс,25-29,Эмэгтэй,2017,94.9
Увс,25-29,Эмэгтэй,2016,90.4
Увс,25-29,Эмэгтэй,2015,88.6
Увс,25-29,Эмэгтэй,2014,91.3
Увс,25-29,Эмэгтэй,2013,88.6
Увс,25-29,Эмэгтэй,2012,92.7
Увс,25-29,Эмэгтэй,2011,100.0
Увс,25-29,Эмэгтэй,2010,89.1
Увс,25-29,Эмэгтэй,2009,86.8
Увс,30-34,Нийт,2025,96.8
Увс,30-34,Нийт,2024,86.2
Увс,30-34,Нийт,2023,99.1
Увс,30-34,Нийт,2022,74.6
Увс,30-34,Нийт,2021,91.8
Увс,30-34,Нийт,2020,92.9
Увс,30-34,Нийт,2019,85.8
Увс,30-34,Нийт,2018,92.0
Увс,30-34,Нийт,2017,91.5
Увс,30-34,Нийт,2016,91.8
Увс,30-34,Нийт,2015,94.8
Увс,30-34,Нийт,2014,93.1
Увс,30-34,Нийт,2013,89.5
Увс,30-34,Нийт,2012,92.4
Увс,30-34,Нийт,2011,90.7
Увс,30-34,Нийт,2010,96.4
Увс,30-34,Нийт,2009,89.6
Увс,30-34,Эрэгтэй,2025,96.6
Увс,30-34,Эрэгтэй,2024,93.0
Увс,30-34,Эрэгтэй,2023,100.0
Увс,30-34,Эрэгтэй,2022,78.3
Увс,30-34,Эрэгтэй,2021,87.9
Увс,30-34,Эрэгтэй,2020,100.0
Увс,30-34,Эрэгтэй,2019,86.3
Увс,30-34,Эрэгтэй,2018,95.7
Увс,30-34,Эрэгтэй,2017,93.5
Увс,30-34,Эрэгтэй,2016,96.0
Увс,30-34,Эрэгтэй,2015,98.5
Увс,30-34,Эрэгтэй,2014,94.9
Увс,30-34,Эрэгтэй,2013,91.5
Увс,30-34,Эрэгтэй,2012,95.4
Увс,30-34,Эрэгтэй,2011,92.5
Увс,30-34,Эрэгтэй,2010,98.0
Увс,30-34,Эрэгтэй,2009,100.0
Увс,30-34,Эмэгтэй,2025,96.9
Увс,30-34,Эмэгтэй,2024,79.8
Увс,30-34,Эмэгтэй,2023,98.2
Увс,30-34,Эмэгтэй,2022,71.5
Увс,30-34,Эмэгтэй,2021,94.7
Увс,30-34,Эмэгтэй,2020,88.3
Увс,30-34,Эмэгтэй,2019,85.3
Увс,30-34,Эмэгтэй,2018,88.8
Увс,30-34,Эмэгтэй,2017,89.2
Увс,30-34,Эмэгтэй,2016,88.3
Увс,30-34,Эмэгтэй,2015,91.7
Увс,30-34,Эмэгтэй,2014,91.2
Увс,30-34,Эмэгтэй,2013,87.8
Увс,30-34,Эмэгтэй,2012,89.7
Увс,30-34,Эмэгтэй,2011,89.0
Увс,30-34,Эмэгтэй,2010,95.2
Увс,30-34,Эмэгтэй,2009,80.3
Увс,35-39,Нийт,2025,99.4
Увс,35-39,Нийт,2024,94.5
Увс,35-39,Нийт,2023,88.4
Увс,35-39,Нийт,2022,93.1
Увс,35-39,Нийт,2021,97.4
Увс,35-39,Нийт,2020,93.5
Увс,35-39,Нийт,2019,87.5
Увс,35-39,Нийт,2018,92.7
Увс,35-39,Нийт,2017,95.0
Увс,35-39,Нийт,2016,93.2
Увс,35-39,Нийт,2015,94.4
Увс,35-39,Нийт,2014,94.0
Увс,35-39,Нийт,2013,94.5
Увс,35-39,Нийт,2012,93.5
Увс,35-39,Нийт,2011,94.5
Увс,35-39,Нийт,2010,95.3
Увс,35-39,Нийт,2009,95.0
Увс,35-39,Эрэгтэй,2025,100.0
Увс,35-39,Эрэгтэй,2024,100.0
Увс,35-39,Эрэгтэй,2023,96.6
Увс,35-39,Эрэгтэй,2022,93.8
Увс,35-39,Эрэгтэй,2021,95.1
Увс,35-39,Эрэгтэй,2020,89.8
Увс,35-39,Эрэгтэй,2019,79.2
Увс,35-39,Эрэгтэй,2018,95.2
Увс,35-39,Эрэгтэй,2017,100.0
Увс,35-39,Эрэгтэй,2016,96.0
Увс,35-39,Эрэгтэй,2015,97.1
Увс,35-39,Эрэгтэй,2014,98.2
Увс,35-39,Эрэгтэй,2013,96.7
Увс,35-39,Эрэгтэй,2012,93.8
Увс,35-39,Эрэгтэй,2011,98.1
Увс,35-39,Эрэгтэй,2010,98.3
Увс,35-39,Эрэгтэй,2009,100.0
Увс,35-39,Эмэгтэй,2025,98.6
Увс,35-39,Эмэгтэй,2024,89.6
Увс,35-39,Эмэгтэй,2023,79.3
Увс,35-39,Эмэгтэй,2022,92.5
Увс,35-39,Эмэгтэй,2021,100.0
Увс,35-39,Эмэгтэй,2020,100.0
Увс,35-39,Эмэгтэй,2019,99.1
Увс,35-39,Эмэгтэй,2018,90.2
Увс,35-39,Эмэгтэй,2017,90.3
Увс,35-39,Эмэгтэй,2016,90.6
Увс,35-39,Эмэгтэй,2015,91.6
Увс,35-39,Эмэгтэй,2014,89.4
Увс,35-39,Эмэгтэй,2013,92.6
Увс,35-39,Эмэгтэй,2012,93.2
Увс,35-39,Эмэгтэй,2011,91.8
Увс,35-39,Эмэгтэй,2010,92.6
Увс,35-39,Эмэгтэй,2009,91.1
Увс,40-44,Нийт,2025,94.9
Увс,40-44,Нийт,2024,97.7
Увс,40-44,Нийт,2023,95.6
Увс,40-44,Нийт,2022,92.2
Увс,40-44,Нийт,2021,98.3
Увс,40-44,Нийт,2020,79.7
Увс,40-44,Нийт,2019,88.1
Увс,40-44,Нийт,2018,95.7
Увс,40-44,Нийт,2017,94.2
Увс,40-44,Нийт,2016,94.4
Увс,40-44,Нийт,2015,97.6
Увс,40-44,Нийт,2014,95.1
Увс,40-44,Нийт,2013,92.7
Увс,40-44,Нийт,2012,97.5
Увс,40-44,Нийт,2011,96.1
Увс,40-44,Нийт,2010,93.3
Увс,40-44,Нийт,2009,96.8
Увс,40-44,Эрэгтэй,2025,97.9
Увс,40-44,Эрэгтэй,2024,100.0
Увс,40-44,Эрэгтэй,2023,95.7
Увс,40-44,Эрэгтэй,2022,86.3
Увс,40-44,Эрэгтэй,2021,96.6
Увс,40-44,Эрэгтэй,2020,97.7
Увс,40-44,Эрэгтэй,2019,89.5
Увс,40-44,Эрэгтэй,2018,94.9
Увс,40-44,Эрэгтэй,2017,97.1
Увс,40-44,Эрэгтэй,2016,93.6
Увс,40-44,Эрэгтэй,2015,98.5
Увс,40-44,Эрэгтэй,2014,94.6
Увс,40-44,Эрэгтэй,2013,94.7
Увс,40-44,Эрэгтэй,2012,98.1
Увс,40-44,Эрэгтэй,2011,96.0
Увс,40-44,Эрэгтэй,2010,93.8
Увс,40-44,Эрэгтэй,2009,93.1
Увс,40-44,Эмэгтэй,2025,92.2
Увс,40-44,Эмэгтэй,2024,94.1
Увс,40-44,Эмэгтэй,2023,95.6
Увс,40-44,Эмэгтэй,2022,100.0
Увс,40-44,Эмэгтэй,2021,100.0
Увс,40-44,Эмэгтэй,2020,60.5
Увс,40-44,Эмэгтэй,2019,86.6
Увс,40-44,Эмэгтэй,2018,96.5
Увс,40-44,Эмэгтэй,2017,91.4
Увс,40-44,Эмэгтэй,2016,95.2
Увс,40-44,Эмэгтэй,2015,96.5
Увс,40-44,Эмэгтэй,2014,95.6
Увс,40-44,Эмэгтэй,2013,90.6
Увс,40-44,Эмэгтэй,2012,96.9
Увс,40-44,Эмэгтэй,2011,96.3
Увс,40-44,Эмэгтэй,2010,92.9
Увс,40-44,Эмэгтэй,2009,100.0
Увс,45-49,Нийт,2025,94.8
Увс,45-49,Нийт,2024,97.1
Увс,45-49,Нийт,2023,93.5
Увс,45-49,Нийт,2022,87.8
Увс,45-49,Нийт,2021,87.5
Увс,45-49,Нийт,2020,91.5
Увс,45-49,Нийт,2019,90.7
Увс,45-49,Нийт,2018,95.5
Увс,45-49,Нийт,2017,92.3
Увс,45-49,Нийт,2016,91.5
Увс,45-49,Нийт,2015,92.2
Увс,45-49,Нийт,2014,93.0
Увс,45-49,Нийт,2013,92.5
Увс,45-49,Нийт,2012,95.2
Увс,45-49,Нийт,2011,99.2
Увс,45-49,Нийт,2010,95.2
Увс,45-49,Нийт,2009,98.1
Увс,45-49,Эрэгтэй,2025,97.8
Увс,45-49,Эрэгтэй,2024,95.8
Увс,45-49,Эрэгтэй,2023,87.8
Увс,45-49,Эрэгтэй,2022,93.8
Увс,45-49,Эрэгтэй,2021,92.5
Увс,45-49,Эрэгтэй,2020,95.9
Увс,45-49,Эрэгтэй,2019,86.8
Увс,45-49,Эрэгтэй,2018,98.3
Увс,45-49,Эрэгтэй,2017,88.4
Увс,45-49,Эрэгтэй,2016,87.1
Увс,45-49,Эрэгтэй,2015,88.8
Увс,45-49,Эрэгтэй,2014,98.0
Увс,45-49,Эрэгтэй,2013,91.5
Увс,45-49,Эрэгтэй,2012,96.1
Увс,45-49,Эрэгтэй,2011,100.0
Увс,45-49,Эрэгтэй,2010,96.4
Увс,45-49,Эрэгтэй,2009,100.0
Увс,45-49,Эмэгтэй,2025,92.5
Увс,45-49,Эмэгтэй,2024,98.7
Увс,45-49,Эмэгтэй,2023,100.0
Увс,45-49,Эмэгтэй,2022,82.7
Увс,45-49,Эмэгтэй,2021,83.0
Увс,45-49,Эмэгтэй,2020,88.6
Увс,45-49,Эмэгтэй,2019,94.7
Увс,45-49,Эмэгтэй,2018,93.3
Увс,45-49,Эмэгтэй,2017,96.5
Увс,45-49,Эмэгтэй,2016,95.4
Увс,45-49,Эмэгтэй,2015,95.0
Увс,45-49,Эмэгтэй,2014,89.0
Увс,45-49,Эмэгтэй,2013,93.6
Увс,45-49,Эмэгтэй,2012,94.5
Увс,45-49,Эмэгтэй,2011,98.3
Увс,45-49,Эмэгтэй,2010,94.0
Увс,45-49,Эмэгтэй,2009,95.4
Увс,50-54,Нийт,2025,93.6
Увс,50-54,Нийт,2024,69.7
Увс,50-54,Нийт,2023,88.5
Увс,50-54,Нийт,2022,85.7
Увс,50-54,Нийт,2021,95.4
Увс,50-54,Нийт,2020,79.5
Увс,50-54,Нийт,2019,78.2
Увс,50-54,Нийт,2018,83.3
Увс,50-54,Нийт,2017,84.0
Увс,50-54,Нийт,2016,83.3
Увс,50-54,Нийт,2015,87.0
Увс,50-54,Нийт,2014,91.0
Увс,50-54,Нийт,2013,90.8
Увс,50-54,Нийт,2012,86.3
Увс,50-54,Нийт,2011,77.4
Увс,50-54,Нийт,2010,89.2
Увс,50-54,Нийт,2009,100.0
Увс,50-54,Эрэгтэй,2025,97.2
Увс,50-54,Эрэгтэй,2024,91.3
Увс,50-54,Эрэгтэй,2023,89.4
Увс,50-54,Эрэгтэй,2022,90.3
Увс,50-54,Эрэгтэй,2021,100.0
Увс,50-54,Эрэгтэй,2020,69.0
Увс,50-54,Эрэгтэй,2019,83.2
Увс,50-54,Эрэгтэй,2018,91.8
Увс,50-54,Эрэгтэй,2017,90.5
Увс,50-54,Эрэгтэй,2016,94.1
Увс,50-54,Эрэгтэй,2015,96.4
Увс,50-54,Эрэгтэй,2014,94.8
Увс,50-54,Эрэгтэй,2013,91.9
Увс,50-54,Эрэгтэй,2012,91.0
Увс,50-54,Эрэгтэй,2011,83.2
Увс,50-54,Эрэгтэй,2010,92.4
Увс,50-54,Эрэгтэй,2009,100.0
Увс,50-54,Эмэгтэй,2025,88.4
Увс,50-54,Эмэгтэй,2024,58.9
Увс,50-54,Эмэгтэй,2023,87.9
Увс,50-54,Эмэгтэй,2022,81.6
Увс,50-54,Эмэгтэй,2021,89.0
Увс,50-54,Эмэгтэй,2020,90.4
Увс,50-54,Эмэгтэй,2019,73.6
Увс,50-54,Эмэгтэй,2018,73.8
Увс,50-54,Эмэгтэй,2017,76.7
Увс,50-54,Эмэгтэй,2016,71.6
Увс,50-54,Эмэгтэй,2015,77.2
Увс,50-54,Эмэгтэй,2014,86.8
Увс,50-54,Эмэгтэй,2013,89.4
Увс,50-54,Эмэгтэй,2012,80.5
Увс,50-54,Эмэгтэй,2011,70.4
Увс,50-54,Эмэгтэй,2010,86.8
Увс,50-54,Эмэгтэй,2009,100.0
Увс,55-59,Нийт,2025,73.0
Увс,55-59,Нийт,2024,67.9
Увс,55-59,Нийт,2023,81.5
Увс,55-59,Нийт,2022,35.7
Увс,55-59,Нийт,2021,70.8
Увс,55-59,Нийт,2020,47.4
Увс,55-59,Нийт,2019,59.8
Увс,55-59,Нийт,2018,55.7
Увс,55-59,Нийт,2017,67.8
Увс,55-59,Нийт,2016,63.9
Увс,55-59,Нийт,2015,75.0
Увс,55-59,Нийт,2014,56.9
Увс,55-59,Нийт,2013,67.5
Увс,55-59,Нийт,2012,59.1
Увс,55-59,Нийт,2011,76.8
Увс,55-59,Нийт,2010,64.5
Увс,55-59,Нийт,2009,79.5
Увс,55-59,Эрэгтэй,2025,81.4
Увс,55-59,Эрэгтэй,2024,88.9
Увс,55-59,Эрэгтэй,2023,96.5
Увс,55-59,Эрэгтэй,2022,46.9
Увс,55-59,Эрэгтэй,2021,69.3
Увс,55-59,Эрэгтэй,2020,69.9
Увс,55-59,Эрэгтэй,2019,67.3
Увс,55-59,Эрэгтэй,2018,73.9
Увс,55-59,Эрэгтэй,2017,80.1
Увс,55-59,Эрэгтэй,2016,80.3
Увс,55-59,Эрэгтэй,2015,86.3
Увс,55-59,Эрэгтэй,2014,70.3
Увс,55-59,Эрэгтэй,2013,77.1
Увс,55-59,Эрэгтэй,2012,79.4
Увс,55-59,Эрэгтэй,2011,81.8
Увс,55-59,Эрэгтэй,2010,80.3
Увс,55-59,Эрэгтэй,2009,89.9
Увс,55-59,Эмэгтэй,2025,64.9
Увс,55-59,Эмэгтэй,2024,52.7
Увс,55-59,Эмэгтэй,2023,69.6
Увс,55-59,Эмэгтэй,2022,29.9
Увс,55-59,Эмэгтэй,2021,72.5
Увс,55-59,Эмэгтэй,2020,28.1
Увс,55-59,Эмэгтэй,2019,50.3
Увс,55-59,Эмэгтэй,2018,36.0
Увс,55-59,Эмэгтэй,2017,56.4
Увс,55-59,Эмэгтэй,2016,49.2
Увс,55-59,Эмэгтэй,2015,65.3
Увс,55-59,Эмэгтэй,2014,45.5
Увс,55-59,Эмэгтэй,2013,60.3
Увс,55-59,Эмэгтэй,2012,45.9
Увс,55-59,Эмэгтэй,2011,69.8
Увс,55-59,Эмэгтэй,2010,47.9
Увс,55-59,Эмэгтэй,2009,66.7
Увс,60-64,Нийт,2025,56.9
Увс,60-64,Нийт,2024,30.8
Увс,60-64,Нийт,2023,35.9
Увс,60-64,Нийт,2022,44.8
Увс,60-64,Нийт,2021,53.1
Увс,60-64,Нийт,2020,22.6
Увс,60-64,Нийт,2019,52.1
Увс,60-64,Нийт,2018,30.0
Увс,60-64,Нийт,2017,34.7
Увс,60-64,Нийт,2016,21.4
Увс,60-64,Нийт,2015,45.4
Увс,60-64,Нийт,2014,31.0
Увс,60-64,Нийт,2013,61.6
Увс,60-64,Нийт,2012,49.8
Увс,60-64,Нийт,2011,53.1
Увс,60-64,Нийт,2010,35.9
Увс,60-64,Нийт,2009,48.6
Увс,60-64,Эрэгтэй,2025,67.5
Увс,60-64,Эрэгтэй,2024,35.8
Увс,60-64,Эрэгтэй,2023,37.0
Увс,60-64,Эрэгтэй,2022,55.5
Увс,60-64,Эрэгтэй,2021,46.0
Увс,60-64,Эрэгтэй,2020,44.1
Увс,60-64,Эрэгтэй,2019,58.0
Увс,60-64,Эрэгтэй,2018,32.8
Увс,60-64,Эрэгтэй,2017,35.6
Увс,60-64,Эрэгтэй,2016,20.8
Увс,60-64,Эрэгтэй,2015,53.7
Увс,60-64,Эрэгтэй,2014,30.6
Увс,60-64,Эрэгтэй,2013,72.3
Увс,60-64,Эрэгтэй,2012,56.3
Увс,60-64,Эрэгтэй,2011,55.3
Увс,60-64,Эрэгтэй,2010,33.8
Увс,60-64,Эрэгтэй,2009,60.4
Увс,60-64,Эмэгтэй,2025,41.9
Увс,60-64,Эмэгтэй,2024,27.2
Увс,60-64,Эмэгтэй,2023,35.4
Увс,60-64,Эмэгтэй,2022,36.4
Увс,60-64,Эмэгтэй,2021,56.8
Увс,60-64,Эмэгтэй,2020,13.9
Увс,60-64,Эмэгтэй,2019,46.4
Увс,60-64,Эмэгтэй,2018,27.5
Увс,60-64,Эмэгтэй,2017,33.5
Увс,60-64,Эмэгтэй,2016,21.9
Увс,60-64,Эмэгтэй,2015,32.8
Увс,60-64,Эмэгтэй,2014,31.7
Увс,60-64,Эмэгтэй,2013,53.7
Увс,60-64,Эмэгтэй,2012,40.8
Увс,60-64,Эмэгтэй,2011,50.8
Увс,60-64,Эмэгтэй,2010,38.4
Увс,60-64,Эмэгтэй,2009,41.0
Увс,65-69,Нийт,2025,36.8
Увс,65-69,Нийт,2024,27.7
Увс,65-69,Нийт,2023,27.6
Увс,65-69,Нийт,2022,33.8
Увс,65-69,Нийт,2021,61.1
Увс,65-69,Нийт,2020,7.5
Увс,65-69,Нийт,2019,35.2
Увс,65-69,Нийт,2018,52.6
Увс,65-69,Нийт,2017,10.6
Увс,65-69,Нийт,2016,41.7
Увс,65-69,Нийт,2015,30.5
Увс,65-69,Нийт,2014,19.8
Увс,65-69,Нийт,2013,31.1
Увс,65-69,Нийт,2012,25.6
Увс,65-69,Нийт,2011,28.5
Увс,65-69,Нийт,2010,52.1
Увс,65-69,Нийт,2009,23.9
Увс,65-69,Эрэгтэй,2025,21.7
Увс,65-69,Эрэгтэй,2024,53.7
Увс,65-69,Эрэгтэй,2023,55.1
Увс,65-69,Эрэгтэй,2022,32.0
Увс,65-69,Эрэгтэй,2021,78.5
Увс,65-69,Эрэгтэй,2020,4.0
Увс,65-69,Эрэгтэй,2019,43.7
Увс,65-69,Эрэгтэй,2018,54.6
Увс,65-69,Эрэгтэй,2017,10.7
Увс,65-69,Эрэгтэй,2016,61.6
Увс,65-69,Эрэгтэй,2015,49.1
Увс,65-69,Эрэгтэй,2014,26.3
Увс,65-69,Эрэгтэй,2013,43.2
Увс,65-69,Эрэгтэй,2012,60.2
Увс,65-69,Эрэгтэй,2011,49.4
Увс,65-69,Эрэгтэй,2010,82.3
Увс,65-69,Эрэгтэй,2009,20.3
Увс,65-69,Эмэгтэй,2025,43.1
Увс,65-69,Эмэгтэй,2024,20.1
Увс,65-69,Эмэгтэй,2023,4.8
Увс,65-69,Эмэгтэй,2022,36.4
Увс,65-69,Эмэгтэй,2021,36.3
Увс,65-69,Эмэгтэй,2020,14.4
Увс,65-69,Эмэгтэй,2019,18.0
Увс,65-69,Эмэгтэй,2018,49.6
Увс,65-69,Эмэгтэй,2017,10.4
Увс,65-69,Эмэгтэй,2016,12.5
Увс,65-69,Эмэгтэй,2015,14.2
Увс,65-69,Эмэгтэй,2014,16.0
Увс,65-69,Эмэгтэй,2013,17.5
Увс,65-69,Эмэгтэй,2012,0.0
Увс,65-69,Эмэгтэй,2011,12.3
Увс,65-69,Эмэгтэй,2010,26.6
Увс,65-69,Эмэгтэй,2009,29.9
Увс,70+,Нийт,2025,17.1
Увс,70+,Нийт,2024,23.1
Увс,70+,Нийт,2023,22.8
Увс,70+,Нийт,2022,4.3
Увс,70+,Нийт,2021,41.9
Увс,70+,Нийт,2020,9.1
Увс,70+,Нийт,2019,8.0
Увс,70+,Нийт,2018,11.3
Увс,70+,Нийт,2017,13.9
Увс,70+,Нийт,2016,15.5
Увс,70+,Нийт,2015,11.2
Увс,70+,Нийт,2014,7.7
Увс,70+,Нийт,2013,8.8
Увс,70+,Нийт,2012,4.0
Увс,70+,Нийт,2011,12.1
Увс,70+,Нийт,2010,7.8
Увс,70+,Нийт,2009,6.6
Увс,70+,Эрэгтэй,2025,30.9
Увс,70+,Эрэгтэй,2024,47.0
Увс,70+,Эрэгтэй,2023,76.2
Увс,70+,Эрэгтэй,2022,13.4
Увс,70+,Эрэгтэй,2021,37.8
Увс,70+,Эрэгтэй,2020,17.8
Увс,70+,Эрэгтэй,2019,10.8
Увс,70+,Эрэгтэй,2018,11.1
Увс,70+,Эрэгтэй,2017,13.0
Увс,70+,Эрэгтэй,2016,9.1
Увс,70+,Эрэгтэй,2015,13.7
Увс,70+,Эрэгтэй,2014,5.1
Увс,70+,Эрэгтэй,2013,0.0
Увс,70+,Эрэгтэй,2012,0.0
Увс,70+,Эрэгтэй,2011,15.8
Увс,70+,Эрэгтэй,2010,11.7
Увс,70+,Эрэгтэй,2009,18.3
Увс,70+,Эмэгтэй,2025,8.1
Увс,70+,Эмэгтэй,2024,13.7
Увс,70+,Эмэгтэй,2023,15.6
Увс,70+,Эмэгтэй,2022,0.0
Увс,70+,Эмэгтэй,2021,46.8
Увс,70+,Эмэгтэй,2020,6.9
Увс,70+,Эмэгтэй,2019,6.7
Увс,70+,Эмэгтэй,2018,11.4
Увс,70+,Эмэгтэй,2017,14.9
Увс,70+,Эмэгтэй,2016,20.2
Увс,70+,Эмэгтэй,2015,8.7
Увс,70+,Эмэгтэй,2014,10.0
Увс,70+,Эмэгтэй,2013,12.5
Увс,70+,Эмэгтэй,2012,5.1
Увс,70+,Эмэгтэй,2011,9.5
Увс,70+,Эмэгтэй,2010,5.9
Увс,70+,Эмэгтэй,2009,0.0
Ховд,Бүгд,Нийт,2025,67.2
Ховд,Бүгд,Нийт,2024,64.1
Ховд,Бүгд,Нийт,2023,65.1
Ховд,Бүгд,Нийт,2022,65.6
Ховд,Бүгд,Нийт,2021,67.4
Ховд,Бүгд,Нийт,2020,70.0
Ховд,Бүгд,Нийт,2019,77.3
Ховд,Бүгд,Нийт,2018,73.9
Ховд,Бүгд,Нийт,2017,71.0
Ховд,Бүгд,Нийт,2016,72.5
Ховд,Бүгд,Нийт,2015,68.8
Ховд,Бүгд,Нийт,2014,69.2
Ховд,Бүгд,Нийт,2013,64.7
Ховд,Бүгд,Нийт,2012,70.2
Ховд,Бүгд,Нийт,2011,68.7
Ховд,Бүгд,Нийт,2010,71.6
Ховд,Бүгд,Нийт,2009,74.5
Ховд,Бүгд,Эрэгтэй,2025,72.4
Ховд,Бүгд,Эрэгтэй,2024,65.9
Ховд,Бүгд,Эрэгтэй,2023,69.7
Ховд,Бүгд,Эрэгтэй,2022,76.1
Ховд,Бүгд,Эрэгтэй,2021,74.0
Ховд,Бүгд,Эрэгтэй,2020,76.8
Ховд,Бүгд,Эрэгтэй,2019,82.5
Ховд,Бүгд,Эрэгтэй,2018,80.1
Ховд,Бүгд,Эрэгтэй,2017,77.8
Ховд,Бүгд,Эрэгтэй,2016,75.9
Ховд,Бүгд,Эрэгтэй,2015,74.7
Ховд,Бүгд,Эрэгтэй,2014,74.6
Ховд,Бүгд,Эрэгтэй,2013,69.2
Ховд,Бүгд,Эрэгтэй,2012,74.7
Ховд,Бүгд,Эрэгтэй,2011,74.0
Ховд,Бүгд,Эрэгтэй,2010,75.1
Ховд,Бүгд,Эрэгтэй,2009,79.1
Ховд,Бүгд,Эмэгтэй,2025,62.0
Ховд,Бүгд,Эмэгтэй,2024,62.2
Ховд,Бүгд,Эмэгтэй,2023,59.9
Ховд,Бүгд,Эмэгтэй,2022,56.3
Ховд,Бүгд,Эмэгтэй,2021,60.9
Ховд,Бүгд,Эмэгтэй,2020,63.6
Ховд,Бүгд,Эмэгтэй,2019,72.6
Ховд,Бүгд,Эмэгтэй,2018,67.6
Ховд,Бүгд,Эмэгтэй,2017,64.7
Ховд,Бүгд,Эмэгтэй,2016,69.1
Ховд,Бүгд,Эмэгтэй,2015,62.7
Ховд,Бүгд,Эмэгтэй,2014,64.0
Ховд,Бүгд,Эмэгтэй,2013,60.2
Ховд,Бүгд,Эмэгтэй,2012,65.4
Ховд,Бүгд,Эмэгтэй,2011,63.8
Ховд,Бүгд,Эмэгтэй,2010,68.3
Ховд,Бүгд,Эмэгтэй,2009,70.1
Ховд,15-19,Нийт,2025,7.9
Ховд,15-19,Нийт,2024,1.6
Ховд,15-19,Нийт,2023,5.0
Ховд,15-19,Нийт,2022,10.5
Ховд,15-19,Нийт,2021,9.9
Ховд,15-19,Нийт,2020,6.9
Ховд,15-19,Нийт,2019,16.8
Ховд,15-19,Нийт,2018,12.0
Ховд,15-19,Нийт,2017,11.4
Ховд,15-19,Нийт,2016,11.0
Ховд,15-19,Нийт,2015,13.1
Ховд,15-19,Нийт,2014,13.3
Ховд,15-19,Нийт,2013,5.9
Ховд,15-19,Нийт,2012,45.3
Ховд,15-19,Нийт,2011,27.7
Ховд,15-19,Нийт,2010,23.6
Ховд,15-19,Нийт,2009,37.2
Ховд,15-19,Эрэгтэй,2025,9.7
Ховд,15-19,Эрэгтэй,2024,0.0
Ховд,15-19,Эрэгтэй,2023,8.2
Ховд,15-19,Эрэгтэй,2022,18.7
Ховд,15-19,Эрэгтэй,2021,12.5
Ховд,15-19,Эрэгтэй,2020,10.8
Ховд,15-19,Эрэгтэй,2019,24.0
Ховд,15-19,Эрэгтэй,2018,17.9
Ховд,15-19,Эрэгтэй,2017,15.5
Ховд,15-19,Эрэгтэй,2016,15.1
Ховд,15-19,Эрэгтэй,2015,18.6
Ховд,15-19,Эрэгтэй,2014,17.0
Ховд,15-19,Эрэгтэй,2013,6.6
Ховд,15-19,Эрэгтэй,2012,50.5
Ховд,15-19,Эрэгтэй,2011,30.9
Ховд,15-19,Эрэгтэй,2010,25.2
Ховд,15-19,Эрэгтэй,2009,44.2
Ховд,15-19,Эмэгтэй,2025,5.4
Ховд,15-19,Эмэгтэй,2024,3.3
Ховд,15-19,Эмэгтэй,2023,1.0
Ховд,15-19,Эмэгтэй,2022,5.0
Ховд,15-19,Эмэгтэй,2021,7.3
Ховд,15-19,Эмэгтэй,2020,3.5
Ховд,15-19,Эмэгтэй,2019,7.1
Ховд,15-19,Эмэгтэй,2018,5.5
Ховд,15-19,Эмэгтэй,2017,7.5
Ховд,15-19,Эмэгтэй,2016,7.0
Ховд,15-19,Эмэгтэй,2015,7.5
Ховд,15-19,Эмэгтэй,2014,8.9
Ховд,15-19,Эмэгтэй,2013,5.1
Ховд,15-19,Эмэгтэй,2012,39.1
Ховд,15-19,Эмэгтэй,2011,24.8
Ховд,15-19,Эмэгтэй,2010,22.1
Ховд,15-19,Эмэгтэй,2009,31.0
Ховд,20-24,Нийт,2025,44.9
Ховд,20-24,Нийт,2024,46.0
Ховд,20-24,Нийт,2023,40.3
Ховд,20-24,Нийт,2022,37.8
Ховд,20-24,Нийт,2021,45.0
Ховд,20-24,Нийт,2020,72.4
Ховд,20-24,Нийт,2019,82.9
Ховд,20-24,Нийт,2018,77.5
Ховд,20-24,Нийт,2017,76.0
Ховд,20-24,Нийт,2016,81.0
Ховд,20-24,Нийт,2015,63.8
Ховд,20-24,Нийт,2014,62.9
Ховд,20-24,Нийт,2013,65.9
Ховд,20-24,Нийт,2012,64.8
Ховд,20-24,Нийт,2011,61.4
Ховд,20-24,Нийт,2010,73.3
Ховд,20-24,Нийт,2009,79.5
Ховд,20-24,Эрэгтэй,2025,66.2
Ховд,20-24,Эрэгтэй,2024,41.0
Ховд,20-24,Эрэгтэй,2023,45.2
Ховд,20-24,Эрэгтэй,2022,60.6
Ховд,20-24,Эрэгтэй,2021,62.9
Ховд,20-24,Эрэгтэй,2020,84.6
Ховд,20-24,Эрэгтэй,2019,84.7
Ховд,20-24,Эрэгтэй,2018,91.5
Ховд,20-24,Эрэгтэй,2017,83.5
Ховд,20-24,Эрэгтэй,2016,87.4
Ховд,20-24,Эрэгтэй,2015,71.8
Ховд,20-24,Эрэгтэй,2014,69.9
Ховд,20-24,Эрэгтэй,2013,66.0
Ховд,20-24,Эрэгтэй,2012,71.9
Ховд,20-24,Эрэгтэй,2011,70.3
Ховд,20-24,Эрэгтэй,2010,83.9
Ховд,20-24,Эрэгтэй,2009,78.0
Ховд,20-24,Эмэгтэй,2025,26.1
Ховд,20-24,Эмэгтэй,2024,52.5
Ховд,20-24,Эмэгтэй,2023,25.3
Ховд,20-24,Эмэгтэй,2022,20.3
Ховд,20-24,Эмэгтэй,2021,27.2
Ховд,20-24,Эмэгтэй,2020,60.5
Ховд,20-24,Эмэгтэй,2019,81.3
Ховд,20-24,Эмэгтэй,2018,52.8
Ховд,20-24,Эмэгтэй,2017,66.9
Ховд,20-24,Эмэгтэй,2016,72.6
Ховд,20-24,Эмэгтэй,2015,53.8
Ховд,20-24,Эмэгтэй,2014,57.0
Ховд,20-24,Эмэгтэй,2013,65.8
Ховд,20-24,Эмэгтэй,2012,53.7
Ховд,20-24,Эмэгтэй,2011,54.2
Ховд,20-24,Эмэгтэй,2010,63.6
Ховд,20-24,Эмэгтэй,2009,81.4
Ховд,25-29,Нийт,2025,84.9
Ховд,25-29,Нийт,2024,89.2
Ховд,25-29,Нийт,2023,83.2
Ховд,25-29,Нийт,2022,94.2
Ховд,25-29,Нийт,2021,76.8
Ховд,25-29,Нийт,2020,82.1
Ховд,25-29,Нийт,2019,85.9
Ховд,25-29,Нийт,2018,85.2
Ховд,25-29,Нийт,2017,90.3
Ховд,25-29,Нийт,2016,89.7
Ховд,25-29,Нийт,2015,87.0
Ховд,25-29,Нийт,2014,82.2
Ховд,25-29,Нийт,2013,85.6
Ховд,25-29,Нийт,2012,80.6
Ховд,25-29,Нийт,2011,74.6
Ховд,25-29,Нийт,2010,80.9
Ховд,25-29,Нийт,2009,91.1
Ховд,25-29,Эрэгтэй,2025,95.7
Ховд,25-29,Эрэгтэй,2024,92.8
Ховд,25-29,Эрэгтэй,2023,89.2
Ховд,25-29,Эрэгтэй,2022,96.5
Ховд,25-29,Эрэгтэй,2021,87.6
Ховд,25-29,Эрэгтэй,2020,99.4
Ховд,25-29,Эрэгтэй,2019,93.7
Ховд,25-29,Эрэгтэй,2018,92.3
Ховд,25-29,Эрэгтэй,2017,94.5
Ховд,25-29,Эрэгтэй,2016,93.3
Ховд,25-29,Эрэгтэй,2015,98.3
Ховд,25-29,Эрэгтэй,2014,92.7
Ховд,25-29,Эрэгтэй,2013,91.8
Ховд,25-29,Эрэгтэй,2012,90.4
Ховд,25-29,Эрэгтэй,2011,79.4
Ховд,25-29,Эрэгтэй,2010,76.5
Ховд,25-29,Эрэгтэй,2009,97.0
Ховд,25-29,Эмэгтэй,2025,71.9
Ховд,25-29,Эмэгтэй,2024,82.5
Ховд,25-29,Эмэгтэй,2023,75.2
Ховд,25-29,Эмэгтэй,2022,92.3
Ховд,25-29,Эмэгтэй,2021,66.7
Ховд,25-29,Эмэгтэй,2020,68.1
Ховд,25-29,Эмэгтэй,2019,79.3
Ховд,25-29,Эмэгтэй,2018,77.5
Ховд,25-29,Эмэгтэй,2017,86.6
Ховд,25-29,Эмэгтэй,2016,86.2
Ховд,25-29,Эмэгтэй,2015,74.4
Ховд,25-29,Эмэгтэй,2014,71.8
Ховд,25-29,Эмэгтэй,2013,79.0
Ховд,25-29,Эмэгтэй,2012,70.5
Ховд,25-29,Эмэгтэй,2011,68.0
Ховд,25-29,Эмэгтэй,2010,86.5
Ховд,25-29,Эмэгтэй,2009,84.0
Ховд,30-34,Нийт,2025,95.4
Ховд,30-34,Нийт,2024,90.0
Ховд,30-34,Нийт,2023,92.8
Ховд,30-34,Нийт,2022,81.9
Ховд,30-34,Нийт,2021,91.9
Ховд,30-34,Нийт,2020,90.1
Ховд,30-34,Нийт,2019,90.9
Ховд,30-34,Нийт,2018,91.0
Ховд,30-34,Нийт,2017,90.7
Ховд,30-34,Нийт,2016,93.4
Ховд,30-34,Нийт,2015,87.2
Ховд,30-34,Нийт,2014,89.1
Ховд,30-34,Нийт,2013,81.2
Ховд,30-34,Нийт,2012,86.8
Ховд,30-34,Нийт,2011,88.0
Ховд,30-34,Нийт,2010,90.3
Ховд,30-34,Нийт,2009,89.4
Ховд,30-34,Эрэгтэй,2025,92.6
Ховд,30-34,Эрэгтэй,2024,97.9
Ховд,30-34,Эрэгтэй,2023,89.5
Ховд,30-34,Эрэгтэй,2022,88.5
Ховд,30-34,Эрэгтэй,2021,99.4
Ховд,30-34,Эрэгтэй,2020,92.5
Ховд,30-34,Эрэгтэй,2019,100.0
Ховд,30-34,Эрэгтэй,2018,96.4
Ховд,30-34,Эрэгтэй,2017,98.0
Ховд,30-34,Эрэгтэй,2016,98.0
Ховд,30-34,Эрэгтэй,2015,98.1
Ховд,30-34,Эрэгтэй,2014,91.7
Ховд,30-34,Эрэгтэй,2013,89.9
Ховд,30-34,Эрэгтэй,2012,86.1
Ховд,30-34,Эрэгтэй,2011,87.9
Ховд,30-34,Эрэгтэй,2010,96.6
Ховд,30-34,Эрэгтэй,2009,94.9
Ховд,30-34,Эмэгтэй,2025,100.0
Ховд,30-34,Эмэгтэй,2024,83.0
Ховд,30-34,Эмэгтэй,2023,95.8
Ховд,30-34,Эмэгтэй,2022,69.3
Ховд,30-34,Эмэгтэй,2021,84.8
Ховд,30-34,Эмэгтэй,2020,86.3
Ховд,30-34,Эмэгтэй,2019,81.7
Ховд,30-34,Эмэгтэй,2018,86.4
Ховд,30-34,Эмэгтэй,2017,85.0
Ховд,30-34,Эмэгтэй,2016,89.4
Ховд,30-34,Эмэгтэй,2015,76.0
Ховд,30-34,Эмэгтэй,2014,86.9
Ховд,30-34,Эмэгтэй,2013,72.6
Ховд,30-34,Эмэгтэй,2012,87.6
Ховд,30-34,Эмэгтэй,2011,88.2
Ховд,30-34,Эмэгтэй,2010,84.0
Ховд,30-34,Эмэгтэй,2009,84.6
Ховд,35-39,Нийт,2025,94.6
Ховд,35-39,Нийт,2024,91.8
Ховд,35-39,Нийт,2023,93.4
Ховд,35-39,Нийт,2022,91.2
Ховд,35-39,Нийт,2021,98.1
Ховд,35-39,Нийт,2020,94.9
Ховд,35-39,Нийт,2019,87.7
Ховд,35-39,Нийт,2018,93.2
Ховд,35-39,Нийт,2017,93.2
Ховд,35-39,Нийт,2016,94.8
Ховд,35-39,Нийт,2015,90.5
Ховд,35-39,Нийт,2014,93.7
Ховд,35-39,Нийт,2013,89.2
Ховд,35-39,Нийт,2012,87.9
Ховд,35-39,Нийт,2011,91.0
Ховд,35-39,Нийт,2010,95.1
Ховд,35-39,Нийт,2009,88.9
Ховд,35-39,Эрэгтэй,2025,92.2
Ховд,35-39,Эрэгтэй,2024,98.4
Ховд,35-39,Эрэгтэй,2023,93.0
Ховд,35-39,Эрэгтэй,2022,100.0
Ховд,35-39,Эрэгтэй,2021,100.0
Ховд,35-39,Эрэгтэй,2020,95.8
Ховд,35-39,Эрэгтэй,2019,90.8
Ховд,35-39,Эрэгтэй,2018,98.3
Ховд,35-39,Эрэгтэй,2017,98.1
Ховд,35-39,Эрэгтэй,2016,96.0
Ховд,35-39,Эрэгтэй,2015,98.1
Ховд,35-39,Эрэгтэй,2014,100.0
Ховд,35-39,Эрэгтэй,2013,96.4
Ховд,35-39,Эрэгтэй,2012,92.5
Ховд,35-39,Эрэгтэй,2011,94.8
Ховд,35-39,Эрэгтэй,2010,100.0
Ховд,35-39,Эрэгтэй,2009,93.4
Ховд,35-39,Эмэгтэй,2025,96.8
Ховд,35-39,Эмэгтэй,2024,85.5
Ховд,35-39,Эмэгтэй,2023,93.8
Ховд,35-39,Эмэгтэй,2022,86.2
Ховд,35-39,Эмэгтэй,2021,95.5
Ховд,35-39,Эмэгтэй,2020,94.2
Ховд,35-39,Эмэгтэй,2019,85.7
Ховд,35-39,Эмэгтэй,2018,88.6
Ховд,35-39,Эмэгтэй,2017,88.1
Ховд,35-39,Эмэгтэй,2016,93.6
Ховд,35-39,Эмэгтэй,2015,83.5
Ховд,35-39,Эмэгтэй,2014,87.7
Ховд,35-39,Эмэгтэй,2013,83.5
Ховд,35-39,Эмэгтэй,2012,84.5
Ховд,35-39,Эмэгтэй,2011,88.1
Ховд,35-39,Эмэгтэй,2010,91.9
Ховд,35-39,Эмэгтэй,2009,85.7
Ховд,40-44,Нийт,2025,90.4
Ховд,40-44,Нийт,2024,96.2
Ховд,40-44,Нийт,2023,85.9
Ховд,40-44,Нийт,2022,88.0
Ховд,40-44,Нийт,2021,82.5
Ховд,40-44,Нийт,2020,84.7
Ховд,40-44,Нийт,2019,93.3
Ховд,40-44,Нийт,2018,96.3
Ховд,40-44,Нийт,2017,92.3
Ховд,40-44,Нийт,2016,94.4
Ховд,40-44,Нийт,2015,93.3
Ховд,40-44,Нийт,2014,91.8
Ховд,40-44,Нийт,2013,84.4
Ховд,40-44,Нийт,2012,84.7
Ховд,40-44,Нийт,2011,84.3
Ховд,40-44,Нийт,2010,83.8
Ховд,40-44,Нийт,2009,95.6
Ховд,40-44,Эрэгтэй,2025,93.1
Ховд,40-44,Эрэгтэй,2024,100.0
Ховд,40-44,Эрэгтэй,2023,96.1
Ховд,40-44,Эрэгтэй,2022,82.3
Ховд,40-44,Эрэгтэй,2021,85.7
Ховд,40-44,Эрэгтэй,2020,75.2
Ховд,40-44,Эрэгтэй,2019,94.2
Ховд,40-44,Эрэгтэй,2018,98.2
Ховд,40-44,Эрэгтэй,2017,95.4
Ховд,40-44,Эрэгтэй,2016,95.8
Ховд,40-44,Эрэгтэй,2015,96.5
Ховд,40-44,Эрэгтэй,2014,95.8
Ховд,40-44,Эрэгтэй,2013,90.2
Ховд,40-44,Эрэгтэй,2012,83.9
Ховд,40-44,Эрэгтэй,2011,88.6
Ховд,40-44,Эрэгтэй,2010,90.1
Ховд,40-44,Эрэгтэй,2009,94.1
Ховд,40-44,Эмэгтэй,2025,86.7
Ховд,40-44,Эмэгтэй,2024,91.7
Ховд,40-44,Эмэгтэй,2023,70.5
Ховд,40-44,Эмэгтэй,2022,93.4
Ховд,40-44,Эмэгтэй,2021,80.3
Ховд,40-44,Эмэгтэй,2020,91.8
Ховд,40-44,Эмэгтэй,2019,92.2
Ховд,40-44,Эмэгтэй,2018,94.7
Ховд,40-44,Эмэгтэй,2017,89.2
Ховд,40-44,Эмэгтэй,2016,93.0
Ховд,40-44,Эмэгтэй,2015,90.4
Ховд,40-44,Эмэгтэй,2014,87.5
Ховд,40-44,Эмэгтэй,2013,78.3
Ховд,40-44,Эмэгтэй,2012,85.7
Ховд,40-44,Эмэгтэй,2011,80.2
Ховд,40-44,Эмэгтэй,2010,77.2
Ховд,40-44,Эмэгтэй,2009,97.1
Ховд,45-49,Нийт,2025,97.2
Ховд,45-49,Нийт,2024,99.0
Ховд,45-49,Нийт,2023,93.7
Ховд,45-49,Нийт,2022,92.3
Ховд,45-49,Нийт,2021,91.4
Ховд,45-49,Нийт,2020,89.8
Ховд,45-49,Нийт,2019,95.3
Ховд,45-49,Нийт,2018,91.1
Ховд,45-49,Нийт,2017,88.8
Ховд,45-49,Нийт,2016,93.0
Ховд,45-49,Нийт,2015,91.2
Ховд,45-49,Нийт,2014,85.9
Ховд,45-49,Нийт,2013,88.4
Ховд,45-49,Нийт,2012,88.1
Ховд,45-49,Нийт,2011,87.1
Ховд,45-49,Нийт,2010,91.3
Ховд,45-49,Нийт,2009,93.2
Ховд,45-49,Эрэгтэй,2025,93.5
Ховд,45-49,Эрэгтэй,2024,98.8
Ховд,45-49,Эрэгтэй,2023,91.0
Ховд,45-49,Эрэгтэй,2022,99.5
Ховд,45-49,Эрэгтэй,2021,95.9
Ховд,45-49,Эрэгтэй,2020,86.6
Ховд,45-49,Эрэгтэй,2019,97.1
Ховд,45-49,Эрэгтэй,2018,94.4
Ховд,45-49,Эрэгтэй,2017,91.2
Ховд,45-49,Эрэгтэй,2016,90.9
Ховд,45-49,Эрэгтэй,2015,91.9
Ховд,45-49,Эрэгтэй,2014,89.2
Ховд,45-49,Эрэгтэй,2013,87.2
Ховд,45-49,Эрэгтэй,2012,92.8
Ховд,45-49,Эрэгтэй,2011,90.3
Ховд,45-49,Эрэгтэй,2010,96.2
Ховд,45-49,Эрэгтэй,2009,97.0
Ховд,45-49,Эмэгтэй,2025,100.0
Ховд,45-49,Эмэгтэй,2024,99.1
Ховд,45-49,Эмэгтэй,2023,96.6
Ховд,45-49,Эмэгтэй,2022,84.0
Ховд,45-49,Эмэгтэй,2021,84.4
Ховд,45-49,Эмэгтэй,2020,94.7
Ховд,45-49,Эмэгтэй,2019,93.9
Ховд,45-49,Эмэгтэй,2018,87.3
Ховд,45-49,Эмэгтэй,2017,85.9
Ховд,45-49,Эмэгтэй,2016,94.5
Ховд,45-49,Эмэгтэй,2015,90.5
Ховд,45-49,Эмэгтэй,2014,82.5
Ховд,45-49,Эмэгтэй,2013,89.5
Ховд,45-49,Эмэгтэй,2012,83.1
Ховд,45-49,Эмэгтэй,2011,83.6
Ховд,45-49,Эмэгтэй,2010,86.7
Ховд,45-49,Эмэгтэй,2009,89.2
Ховд,50-54,Нийт,2025,80.2
Ховд,50-54,Нийт,2024,86.2
Ховд,50-54,Нийт,2023,76.5
Ховд,50-54,Нийт,2022,75.2
Ховд,50-54,Нийт,2021,91.0
Ховд,50-54,Нийт,2020,79.2
Ховд,50-54,Нийт,2019,85.0
Ховд,50-54,Нийт,2018,81.9
Ховд,50-54,Нийт,2017,75.8
Ховд,50-54,Нийт,2016,83.1
Ховд,50-54,Нийт,2015,83.0
Ховд,50-54,Нийт,2014,81.6
Ховд,50-54,Нийт,2013,67.5
Ховд,50-54,Нийт,2012,74.8
Ховд,50-54,Нийт,2011,70.6
Ховд,50-54,Нийт,2010,88.0
Ховд,50-54,Нийт,2009,79.7
Ховд,50-54,Эрэгтэй,2025,84.2
Ховд,50-54,Эрэгтэй,2024,90.2
Ховд,50-54,Эрэгтэй,2023,80.3
Ховд,50-54,Эрэгтэй,2022,88.8
Ховд,50-54,Эрэгтэй,2021,92.8
Ховд,50-54,Эрэгтэй,2020,75.4
Ховд,50-54,Эрэгтэй,2019,93.6
Ховд,50-54,Эрэгтэй,2018,87.7
Ховд,50-54,Эрэгтэй,2017,82.1
Ховд,50-54,Эрэгтэй,2016,90.7
Ховд,50-54,Эрэгтэй,2015,87.7
Ховд,50-54,Эрэгтэй,2014,88.5
Ховд,50-54,Эрэгтэй,2013,76.3
Ховд,50-54,Эрэгтэй,2012,83.5
Ховд,50-54,Эрэгтэй,2011,77.3
Ховд,50-54,Эрэгтэй,2010,89.2
Ховд,50-54,Эрэгтэй,2009,83.0
Ховд,50-54,Эмэгтэй,2025,75.4
Ховд,50-54,Эмэгтэй,2024,82.3
Ховд,50-54,Эмэгтэй,2023,73.0
Ховд,50-54,Эмэгтэй,2022,67.2
Ховд,50-54,Эмэгтэй,2021,89.5
Ховд,50-54,Эмэгтэй,2020,83.0
Ховд,50-54,Эмэгтэй,2019,79.5
Ховд,50-54,Эмэгтэй,2018,77.4
Ховд,50-54,Эмэгтэй,2017,71.0
Ховд,50-54,Эмэгтэй,2016,74.9
Ховд,50-54,Эмэгтэй,2015,77.8
Ховд,50-54,Эмэгтэй,2014,74.9
Ховд,50-54,Эмэгтэй,2013,60.1
Ховд,50-54,Эмэгтэй,2012,67.3
Ховд,50-54,Эмэгтэй,2011,63.0
Ховд,50-54,Эмэгтэй,2010,87.2
Ховд,50-54,Эмэгтэй,2009,76.7
Ховд,55-59,Нийт,2025,77.5
Ховд,55-59,Нийт,2024,54.7
Ховд,55-59,Нийт,2023,50.8
Ховд,55-59,Нийт,2022,67.3
Ховд,55-59,Нийт,2021,82.0
Ховд,55-59,Нийт,2020,67.2
Ховд,55-59,Нийт,2019,81.8
Ховд,55-59,Нийт,2018,68.2
Ховд,55-59,Нийт,2017,63.4
Ховд,55-59,Нийт,2016,56.4
Ховд,55-59,Нийт,2015,63.3
Ховд,55-59,Нийт,2014,61.8
Ховд,55-59,Нийт,2013,65.1
Ховд,55-59,Нийт,2012,65.2
Ховд,55-59,Нийт,2011,82.2
Ховд,55-59,Нийт,2010,66.1
Ховд,55-59,Нийт,2009,80.7
Ховд,55-59,Эрэгтэй,2025,83.0
Ховд,55-59,Эрэгтэй,2024,34.2
Ховд,55-59,Эрэгтэй,2023,75.3
Ховд,55-59,Эрэгтэй,2022,78.3
Ховд,55-59,Эрэгтэй,2021,81.7
Ховд,55-59,Эрэгтэй,2020,92.1
Ховд,55-59,Эрэгтэй,2019,90.0
Ховд,55-59,Эрэгтэй,2018,88.5
Ховд,55-59,Эрэгтэй,2017,87.7
Ховд,55-59,Эрэгтэй,2016,71.9
Ховд,55-59,Эрэгтэй,2015,73.1
Ховд,55-59,Эрэгтэй,2014,83.6
Ховд,55-59,Эрэгтэй,2013,85.3
Ховд,55-59,Эрэгтэй,2012,72.7
Ховд,55-59,Эрэгтэй,2011,95.6
Ховд,55-59,Эрэгтэй,2010,68.2
Ховд,55-59,Эрэгтэй,2009,88.2
Ховд,55-59,Эмэгтэй,2025,73.5
Ховд,55-59,Эмэгтэй,2024,68.1
Ховд,55-59,Эмэгтэй,2023,40.1
Ховд,55-59,Эмэгтэй,2022,56.8
Ховд,55-59,Эмэгтэй,2021,82.6
Ховд,55-59,Эмэгтэй,2020,43.9
Ховд,55-59,Эмэгтэй,2019,74.7
Ховд,55-59,Эмэгтэй,2018,39.8
Ховд,55-59,Эмэгтэй,2017,41.4
Ховд,55-59,Эмэгтэй,2016,40.8
Ховд,55-59,Эмэгтэй,2015,53.5
Ховд,55-59,Эмэгтэй,2014,48.6
Ховд,55-59,Эмэгтэй,2013,41.7
Ховд,55-59,Эмэгтэй,2012,56.1
Ховд,55-59,Эмэгтэй,2011,72.4
Ховд,55-59,Эмэгтэй,2010,64.0
Ховд,55-59,Эмэгтэй,2009,71.2
Ховд,60-64,Нийт,2025,56.7
Ховд,60-64,Нийт,2024,34.3
Ховд,60-64,Нийт,2023,58.2
Ховд,60-64,Нийт,2022,38.5
Ховд,60-64,Нийт,2021,41.7
Ховд,60-64,Нийт,2020,49.6
Ховд,60-64,Нийт,2019,44.3
Ховд,60-64,Нийт,2018,36.5
Ховд,60-64,Нийт,2017,34.4
Ховд,60-64,Нийт,2016,25.6
Ховд,60-64,Нийт,2015,21.7
Ховд,60-64,Нийт,2014,34.1
Ховд,60-64,Нийт,2013,42.9
Ховд,60-64,Нийт,2012,31.7
Ховд,60-64,Нийт,2011,60.2
Ховд,60-64,Нийт,2010,48.1
Ховд,60-64,Нийт,2009,62.1
Ховд,60-64,Эрэгтэй,2025,81.2
Ховд,60-64,Эрэгтэй,2024,40.4
Ховд,60-64,Эрэгтэй,2023,64.6
Ховд,60-64,Эрэгтэй,2022,96.2
Ховд,60-64,Эрэгтэй,2021,48.3
Ховд,60-64,Эрэгтэй,2020,42.1
Ховд,60-64,Эрэгтэй,2019,69.4
Ховд,60-64,Эрэгтэй,2018,38.4
Ховд,60-64,Эрэгтэй,2017,32.8
Ховд,60-64,Эрэгтэй,2016,13.5
Ховд,60-64,Эрэгтэй,2015,20.1
Ховд,60-64,Эрэгтэй,2014,40.2
Ховд,60-64,Эрэгтэй,2013,51.3
Ховд,60-64,Эрэгтэй,2012,29.3
Ховд,60-64,Эрэгтэй,2011,68.7
Ховд,60-64,Эрэгтэй,2010,47.9
Ховд,60-64,Эрэгтэй,2009,79.0
Ховд,60-64,Эмэгтэй,2025,42.6
Ховд,60-64,Эмэгтэй,2024,28.7
Ховд,60-64,Эмэгтэй,2023,51.5
Ховд,60-64,Эмэгтэй,2022,4.3
Ховд,60-64,Эмэгтэй,2021,38.6
Ховд,60-64,Эмэгтэй,2020,51.4
Ховд,60-64,Эмэгтэй,2019,22.5
Ховд,60-64,Эмэгтэй,2018,34.1
Ховд,60-64,Эмэгтэй,2017,36.2
Ховд,60-64,Эмэгтэй,2016,35.0
Ховд,60-64,Эмэгтэй,2015,23.1
Ховд,60-64,Эмэгтэй,2014,27.9
Ховд,60-64,Эмэгтэй,2013,35.1
Ховд,60-64,Эмэгтэй,2012,33.8
Ховд,60-64,Эмэгтэй,2011,48.7
Ховд,60-64,Эмэгтэй,2010,48.2
Ховд,60-64,Эмэгтэй,2009,30.7
Ховд,65-69,Нийт,2025,29.8
Ховд,65-69,Нийт,2024,29.3
Ховд,65-69,Нийт,2023,55.4
Ховд,65-69,Нийт,2022,22.9
Ховд,65-69,Нийт,2021,45.0
Ховд,65-69,Нийт,2020,53.2
Ховд,65-69,Нийт,2019,69.6
Ховд,65-69,Нийт,2018,15.1
Ховд,65-69,Нийт,2017,21.6
Ховд,65-69,Нийт,2016,10.5
Ховд,65-69,Нийт,2015,9.9
Ховд,65-69,Нийт,2014,0.0
Ховд,65-69,Нийт,2013,29.5
Ховд,65-69,Нийт,2012,28.2
Ховд,65-69,Нийт,2011,41.3
Ховд,65-69,Нийт,2010,25.2
Ховд,65-69,Нийт,2009,24.0
Ховд,65-69,Эрэгтэй,2025,46.6
Ховд,65-69,Эрэгтэй,2024,28.4
Ховд,65-69,Эрэгтэй,2023,89.1
Ховд,65-69,Эрэгтэй,2022,7.9
Ховд,65-69,Эрэгтэй,2021,48.9
Ховд,65-69,Эрэгтэй,2020,58.9
Ховд,65-69,Эрэгтэй,2019,69.3
Ховд,65-69,Эрэгтэй,2018,15.0
Ховд,65-69,Эрэгтэй,2017,16.0
Ховд,65-69,Эрэгтэй,2016,16.8
Ховд,65-69,Эрэгтэй,2015,0.0
Ховд,65-69,Эрэгтэй,2014,0.0
Ховд,65-69,Эрэгтэй,2013,56.3
Ховд,65-69,Эрэгтэй,2012,30.5
Ховд,65-69,Эрэгтэй,2011,53.1
Ховд,65-69,Эрэгтэй,2010,34.6
Ховд,65-69,Эрэгтэй,2009,36.2
Ховд,65-69,Эмэгтэй,2025,22.4
Ховд,65-69,Эмэгтэй,2024,30.4
Ховд,65-69,Эмэгтэй,2023,38.2
Ховд,65-69,Эмэгтэй,2022,44.6
Ховд,65-69,Эмэгтэй,2021,42.3
Ховд,65-69,Эмэгтэй,2020,28.2
Ховд,65-69,Эмэгтэй,2019,70.1
Ховд,65-69,Эмэгтэй,2018,15.2
Ховд,65-69,Эмэгтэй,2017,24.3
Ховд,65-69,Эмэгтэй,2016,0.0
Ховд,65-69,Эмэгтэй,2015,18.7
Ховд,65-69,Эмэгтэй,2014,0.0
Ховд,65-69,Эмэгтэй,2013,17.9
Ховд,65-69,Эмэгтэй,2012,25.4
Ховд,65-69,Эмэгтэй,2011,28.5
Ховд,65-69,Эмэгтэй,2010,0.0
Ховд,65-69,Эмэгтэй,2009,17.2
Ховд,70+,Нийт,2025,18.3
Ховд,70+,Нийт,2024,15.8
Ховд,70+,Нийт,2023,28.3
Ховд,70+,Нийт,2022,13.5
Ховд,70+,Нийт,2021,18.0
Ховд,70+,Нийт,2020,13.4
Ховд,70+,Нийт,2019,25.5
Ховд,70+,Нийт,2018,4.4
Ховд,70+,Нийт,2017,12.8
Ховд,70+,Нийт,2016,6.0
Ховд,70+,Нийт,2015,6.8
Ховд,70+,Нийт,2014,4.7
Ховд,70+,Нийт,2013,7.6
Ховд,70+,Нийт,2012,15.3
Ховд,70+,Нийт,2011,21.6
Ховд,70+,Нийт,2010,16.3
Ховд,70+,Нийт,2009,10.8
Ховд,70+,Эрэгтэй,2025,14.5
Ховд,70+,Эрэгтэй,2024,0.0
Ховд,70+,Эрэгтэй,2023,50.8
Ховд,70+,Эрэгтэй,2022,41.1
Ховд,70+,Эрэгтэй,2021,22.1
Ховд,70+,Эрэгтэй,2020,17.8
Ховд,70+,Эрэгтэй,2019,31.3
Ховд,70+,Эрэгтэй,2018,9.9
Ховд,70+,Эрэгтэй,2017,14.1
Ховд,70+,Эрэгтэй,2016,5.9
Ховд,70+,Эрэгтэй,2015,13.0
Ховд,70+,Эрэгтэй,2014,6.1
Ховд,70+,Эрэгтэй,2013,9.0
Ховд,70+,Эрэгтэй,2012,22.6
Ховд,70+,Эрэгтэй,2011,23.8
Ховд,70+,Эрэгтэй,2010,25.3
Ховд,70+,Эрэгтэй,2009,0.0
Ховд,70+,Эмэгтэй,2025,21.7
Ховд,70+,Эмэгтэй,2024,22.3
Ховд,70+,Эмэгтэй,2023,8.3
Ховд,70+,Эмэгтэй,2022,3.2
Ховд,70+,Эмэгтэй,2021,14.4
Ховд,70+,Эмэгтэй,2020,12.0
Ховд,70+,Эмэгтэй,2019,21.9
Ховд,70+,Эмэгтэй,2018,0.0
Ховд,70+,Эмэгтэй,2017,12.1
Ховд,70+,Эмэгтэй,2016,6.1
Ховд,70+,Эмэгтэй,2015,0.0
Ховд,70+,Эмэгтэй,2014,3.9
Ховд,70+,Эмэгтэй,2013,5.7
Ховд,70+,Эмэгтэй,2012,10.6
Ховд,70+,Эмэгтэй,2011,20.3
Ховд,70+,Эмэгтэй,2010,10.9
Ховд,70+,Эмэгтэй,2009,15.9
Хойд бүс,Бүгд,Нийт,2025,59.5
Хойд бүс,Бүгд,Нийт,2024,60.8
Хойд бүс,Бүгд,Нийт,2023,65.1
Хойд бүс,Бүгд,Нийт,2022,65.2
Хойд бүс,Бүгд,Нийт,2021,65.6
Хойд бүс,Бүгд,Нийт,2020,68.7
Хойд бүс,Бүгд,Нийт,2019,67.4
Хойд бүс,Бүгд,Нийт,2018,67.2
Хойд бүс,Бүгд,Нийт,2017,68.7
Хойд бүс,Бүгд,Нийт,2016,66.8
Хойд бүс,Бүгд,Нийт,2015,67.2
Хойд бүс,Бүгд,Нийт,2014,67.0
Хойд бүс,Бүгд,Нийт,2013,72.4
Хойд бүс,Бүгд,Нийт,2012,68.7
Хойд бүс,Бүгд,Нийт,2011,64.7
Хойд бүс,Бүгд,Нийт,2010,64.0
Хойд бүс,Бүгд,Нийт,2009,65.0
Хойд бүс,Бүгд,Эрэгтэй,2025,68.2
Хойд бүс,Бүгд,Эрэгтэй,2024,68.8
Хойд бүс,Бүгд,Эрэгтэй,2023,71.2
Хойд бүс,Бүгд,Эрэгтэй,2022,73.3
Хойд бүс,Бүгд,Эрэгтэй,2021,74.6
Хойд бүс,Бүгд,Эрэгтэй,2020,73.7
Хойд бүс,Бүгд,Эрэгтэй,2019,72.6
Хойд бүс,Бүгд,Эрэгтэй,2018,73.9
Хойд бүс,Бүгд,Эрэгтэй,2017,75.2
Хойд бүс,Бүгд,Эрэгтэй,2016,72.5
Хойд бүс,Бүгд,Эрэгтэй,2015,72.9
Хойд бүс,Бүгд,Эрэгтэй,2014,72.2
Хойд бүс,Бүгд,Эрэгтэй,2013,76.3
Хойд бүс,Бүгд,Эрэгтэй,2012,74.3
Хойд бүс,Бүгд,Эрэгтэй,2011,71.3
Хойд бүс,Бүгд,Эрэгтэй,2010,69.0
Хойд бүс,Бүгд,Эрэгтэй,2009,69.1
Хойд бүс,Бүгд,Эмэгтэй,2025,51.4
Хойд бүс,Бүгд,Эмэгтэй,2024,53.2
Хойд бүс,Бүгд,Эмэгтэй,2023,59.4
Хойд бүс,Бүгд,Эмэгтэй,2022,58.1
Хойд бүс,Бүгд,Эмэгтэй,2021,57.1
Хойд бүс,Бүгд,Эмэгтэй,2020,64.0
Хойд бүс,Бүгд,Эмэгтэй,2019,62.8
Хойд бүс,Бүгд,Эмэгтэй,2018,60.9
Хойд бүс,Бүгд,Эмэгтэй,2017,62.5
Хойд бүс,Бүгд,Эмэгтэй,2016,61.6
Хойд бүс,Бүгд,Эмэгтэй,2015,62.1
Хойд бүс,Бүгд,Эмэгтэй,2014,62.0
Хойд бүс,Бүгд,Эмэгтэй,2013,68.6
Хойд бүс,Бүгд,Эмэгтэй,2012,63.6
Хойд бүс,Бүгд,Эмэгтэй,2011,58.8
Хойд бүс,Бүгд,Эмэгтэй,2010,59.1
Хойд бүс,Бүгд,Эмэгтэй,2009,61.3
Хойд бүс,15-19,Нийт,2025,4.4
Хойд бүс,15-19,Нийт,2024,5.2
Хойд бүс,15-19,Нийт,2023,13.4
Хойд бүс,15-19,Нийт,2022,6.9
Хойд бүс,15-19,Нийт,2021,12.0
Хойд бүс,15-19,Нийт,2020,18.5
Хойд бүс,15-19,Нийт,2019,12.9
Хойд бүс,15-19,Нийт,2018,9.5
Хойд бүс,15-19,Нийт,2017,14.3
Хойд бүс,15-19,Нийт,2016,14.4
Хойд бүс,15-19,Нийт,2015,10.8
Хойд бүс,15-19,Нийт,2014,13.6
Хойд бүс,15-19,Нийт,2013,22.5
Хойд бүс,15-19,Нийт,2012,30.0
Хойд бүс,15-19,Нийт,2011,13.4
Хойд бүс,15-19,Нийт,2010,14.9
Хойд бүс,15-19,Нийт,2009,21.3
Хойд бүс,15-19,Эрэгтэй,2025,6.2
Хойд бүс,15-19,Эрэгтэй,2024,6.1
Хойд бүс,15-19,Эрэгтэй,2023,20.9
Хойд бүс,15-19,Эрэгтэй,2022,7.1
Хойд бүс,15-19,Эрэгтэй,2021,18.5
Хойд бүс,15-19,Эрэгтэй,2020,22.0
Хойд бүс,15-19,Эрэгтэй,2019,21.4
Хойд бүс,15-19,Эрэгтэй,2018,8.9
Хойд бүс,15-19,Эрэгтэй,2017,20.4
Хойд бүс,15-19,Эрэгтэй,2016,14.4
Хойд бүс,15-19,Эрэгтэй,2015,13.6
Хойд бүс,15-19,Эрэгтэй,2014,16.9
Хойд бүс,15-19,Эрэгтэй,2013,25.5
Хойд бүс,15-19,Эрэгтэй,2012,32.8
Хойд бүс,15-19,Эрэгтэй,2011,17.7
Хойд бүс,15-19,Эрэгтэй,2010,17.8
Хойд бүс,15-19,Эрэгтэй,2009,27.1
Хойд бүс,15-19,Эмэгтэй,2025,2.5
Хойд бүс,15-19,Эмэгтэй,2024,4.4
Хойд бүс,15-19,Эмэгтэй,2023,6.9
Хойд бүс,15-19,Эмэгтэй,2022,6.7
Хойд бүс,15-19,Эмэгтэй,2021,6.9
Хойд бүс,15-19,Эмэгтэй,2020,13.7
Хойд бүс,15-19,Эмэгтэй,2019,2.7
Хойд бүс,15-19,Эмэгтэй,2018,10.1
Хойд бүс,15-19,Эмэгтэй,2017,8.1
Хойд бүс,15-19,Эмэгтэй,2016,14.3
Хойд бүс,15-19,Эмэгтэй,2015,8.2
Хойд бүс,15-19,Эмэгтэй,2014,9.7
Хойд бүс,15-19,Эмэгтэй,2013,19.2
Хойд бүс,15-19,Эмэгтэй,2012,27.4
Хойд бүс,15-19,Эмэгтэй,2011,9.6
Хойд бүс,15-19,Эмэгтэй,2010,12.1
Хойд бүс,15-19,Эмэгтэй,2009,14.5
Хойд бүс,20-24,Нийт,2025,58.2
Хойд бүс,20-24,Нийт,2024,53.0
Хойд бүс,20-24,Нийт,2023,68.8
Хойд бүс,20-24,Нийт,2022,63.5
Хойд бүс,20-24,Нийт,2021,58.2
Хойд бүс,20-24,Нийт,2020,70.1
Хойд бүс,20-24,Нийт,2019,66.1
Хойд бүс,20-24,Нийт,2018,67.3
Хойд бүс,20-24,Нийт,2017,68.7
Хойд бүс,20-24,Нийт,2016,66.6
Хойд бүс,20-24,Нийт,2015,53.3
Хойд бүс,20-24,Нийт,2014,65.5
Хойд бүс,20-24,Нийт,2013,76.4
Хойд бүс,20-24,Нийт,2012,64.7
Хойд бүс,20-24,Нийт,2011,56.4
Хойд бүс,20-24,Нийт,2010,57.3
Хойд бүс,20-24,Нийт,2009,57.3
Хойд бүс,20-24,Эрэгтэй,2025,71.8
Хойд бүс,20-24,Эрэгтэй,2024,75.2
Хойд бүс,20-24,Эрэгтэй,2023,81.4
Хойд бүс,20-24,Эрэгтэй,2022,77.2
Хойд бүс,20-24,Эрэгтэй,2021,66.2
Хойд бүс,20-24,Эрэгтэй,2020,71.5
Хойд бүс,20-24,Эрэгтэй,2019,78.3
Хойд бүс,20-24,Эрэгтэй,2018,77.8
Хойд бүс,20-24,Эрэгтэй,2017,78.3
Хойд бүс,20-24,Эрэгтэй,2016,74.8
Хойд бүс,20-24,Эрэгтэй,2015,61.6
Хойд бүс,20-24,Эрэгтэй,2014,66.1
Хойд бүс,20-24,Эрэгтэй,2013,78.5
Хойд бүс,20-24,Эрэгтэй,2012,68.3
Хойд бүс,20-24,Эрэгтэй,2011,66.5
Хойд бүс,20-24,Эрэгтэй,2010,63.3
Хойд бүс,20-24,Эрэгтэй,2009,59.1
Хойд бүс,20-24,Эмэгтэй,2025,39.7
Хойд бүс,20-24,Эмэгтэй,2024,28.3
Хойд бүс,20-24,Эмэгтэй,2023,45.1
Хойд бүс,20-24,Эмэгтэй,2022,51.2
Хойд бүс,20-24,Эмэгтэй,2021,48.5
Хойд бүс,20-24,Эмэгтэй,2020,68.2
Хойд бүс,20-24,Эмэгтэй,2019,54.2
Хойд бүс,20-24,Эмэгтэй,2018,55.0
Хойд бүс,20-24,Эмэгтэй,2017,58.0
Хойд бүс,20-24,Эмэгтэй,2016,57.3
Хойд бүс,20-24,Эмэгтэй,2015,45.0
Хойд бүс,20-24,Эмэгтэй,2014,64.9
Хойд бүс,20-24,Эмэгтэй,2013,74.4
Хойд бүс,20-24,Эмэгтэй,2012,60.0
Хойд бүс,20-24,Эмэгтэй,2011,48.1
Хойд бүс,20-24,Эмэгтэй,2010,50.9
Хойд бүс,20-24,Эмэгтэй,2009,55.9
Хойд бүс,25-29,Нийт,2025,84.4
Хойд бүс,25-29,Нийт,2024,78.7
Хойд бүс,25-29,Нийт,2023,78.2
Хойд бүс,25-29,Нийт,2022,86.4
Хойд бүс,25-29,Нийт,2021,81.4
Хойд бүс,25-29,Нийт,2020,84.1
Хойд бүс,25-29,Нийт,2019,83.5
Хойд бүс,25-29,Нийт,2018,82.3
Хойд бүс,25-29,Нийт,2017,83.4
Хойд бүс,25-29,Нийт,2016,81.9
Хойд бүс,25-29,Нийт,2015,84.0
Хойд бүс,25-29,Нийт,2014,86.3
Хойд бүс,25-29,Нийт,2013,89.9
Хойд бүс,25-29,Нийт,2012,78.7
Хойд бүс,25-29,Нийт,2011,80.0
Хойд бүс,25-29,Нийт,2010,81.0
Хойд бүс,25-29,Нийт,2009,85.0
Хойд бүс,25-29,Эрэгтэй,2025,95.6
Хойд бүс,25-29,Эрэгтэй,2024,93.7
Хойд бүс,25-29,Эрэгтэй,2023,77.6
Хойд бүс,25-29,Эрэгтэй,2022,95.6
Хойд бүс,25-29,Эрэгтэй,2021,97.9
Хойд бүс,25-29,Эрэгтэй,2020,88.1
Хойд бүс,25-29,Эрэгтэй,2019,94.3
Хойд бүс,25-29,Эрэгтэй,2018,87.4
Хойд бүс,25-29,Эрэгтэй,2017,90.3
Хойд бүс,25-29,Эрэгтэй,2016,91.8
Хойд бүс,25-29,Эрэгтэй,2015,83.5
Хойд бүс,25-29,Эрэгтэй,2014,92.6
Хойд бүс,25-29,Эрэгтэй,2013,92.0
Хойд бүс,25-29,Эрэгтэй,2012,88.2
Хойд бүс,25-29,Эрэгтэй,2011,85.1
Хойд бүс,25-29,Эрэгтэй,2010,90.7
Хойд бүс,25-29,Эрэгтэй,2009,92.9
Хойд бүс,25-29,Эмэгтэй,2025,74.4
Хойд бүс,25-29,Эмэгтэй,2024,64.0
Хойд бүс,25-29,Эмэгтэй,2023,78.6
Хойд бүс,25-29,Эмэгтэй,2022,77.3
Хойд бүс,25-29,Эмэгтэй,2021,65.9
Хойд бүс,25-29,Эмэгтэй,2020,80.0
Хойд бүс,25-29,Эмэгтэй,2019,73.2
Хойд бүс,25-29,Эмэгтэй,2018,78.1
Хойд бүс,25-29,Эмэгтэй,2017,77.2
Хойд бүс,25-29,Эмэгтэй,2016,73.0
Хойд бүс,25-29,Эмэгтэй,2015,84.6
Хойд бүс,25-29,Эмэгтэй,2014,79.2
Хойд бүс,25-29,Эмэгтэй,2013,88.0
Хойд бүс,25-29,Эмэгтэй,2012,70.2
Хойд бүс,25-29,Эмэгтэй,2011,74.4
Хойд бүс,25-29,Эмэгтэй,2010,71.8
Хойд бүс,25-29,Эмэгтэй,2009,77.7
Хойд бүс,30-34,Нийт,2025,84.4
Хойд бүс,30-34,Нийт,2024,77.1
Хойд бүс,30-34,Нийт,2023,77.7
Хойд бүс,30-34,Нийт,2022,85.5
Хойд бүс,30-34,Нийт,2021,89.3
Хойд бүс,30-34,Нийт,2020,78.3
Хойд бүс,30-34,Нийт,2019,84.6
Хойд бүс,30-34,Нийт,2018,84.2
Хойд бүс,30-34,Нийт,2017,87.8
Хойд бүс,30-34,Нийт,2016,90.3
Хойд бүс,30-34,Нийт,2015,86.8
Хойд бүс,30-34,Нийт,2014,83.7
Хойд бүс,30-34,Нийт,2013,88.3
Хойд бүс,30-34,Нийт,2012,86.3
Хойд бүс,30-34,Нийт,2011,83.0
Хойд бүс,30-34,Нийт,2010,81.1
Хойд бүс,30-34,Нийт,2009,89.1
Хойд бүс,30-34,Эрэгтэй,2025,95.8
Хойд бүс,30-34,Эрэгтэй,2024,81.5
Хойд бүс,30-34,Эрэгтэй,2023,85.5
Хойд бүс,30-34,Эрэгтэй,2022,98.1
Хойд бүс,30-34,Эрэгтэй,2021,97.2
Хойд бүс,30-34,Эрэгтэй,2020,86.8
Хойд бүс,30-34,Эрэгтэй,2019,92.6
Хойд бүс,30-34,Эрэгтэй,2018,90.9
Хойд бүс,30-34,Эрэгтэй,2017,94.6
Хойд бүс,30-34,Эрэгтэй,2016,98.1
Хойд бүс,30-34,Эрэгтэй,2015,92.9
Хойд бүс,30-34,Эрэгтэй,2014,94.3
Хойд бүс,30-34,Эрэгтэй,2013,91.8
Хойд бүс,30-34,Эрэгтэй,2012,92.8
Хойд бүс,30-34,Эрэгтэй,2011,89.1
Хойд бүс,30-34,Эрэгтэй,2010,92.0
Хойд бүс,30-34,Эрэгтэй,2009,96.2
Хойд бүс,30-34,Эмэгтэй,2025,74.6
Хойд бүс,30-34,Эмэгтэй,2024,73.1
Хойд бүс,30-34,Эмэгтэй,2023,68.5
Хойд бүс,30-34,Эмэгтэй,2022,74.9
Хойд бүс,30-34,Эмэгтэй,2021,82.1
Хойд бүс,30-34,Эмэгтэй,2020,71.1
Хойд бүс,30-34,Эмэгтэй,2019,79.2
Хойд бүс,30-34,Эмэгтэй,2018,75.9
Хойд бүс,30-34,Эмэгтэй,2017,80.6
Хойд бүс,30-34,Эмэгтэй,2016,82.2
Хойд бүс,30-34,Эмэгтэй,2015,81.1
Хойд бүс,30-34,Эмэгтэй,2014,74.5
Хойд бүс,30-34,Эмэгтэй,2013,84.8
Хойд бүс,30-34,Эмэгтэй,2012,80.1
Хойд бүс,30-34,Эмэгтэй,2011,77.2
Хойд бүс,30-34,Эмэгтэй,2010,72.4
Хойд бүс,30-34,Эмэгтэй,2009,82.9
Хойд бүс,35-39,Нийт,2025,82.0
Хойд бүс,35-39,Нийт,2024,82.0
Хойд бүс,35-39,Нийт,2023,82.8
Хойд бүс,35-39,Нийт,2022,84.8
Хойд бүс,35-39,Нийт,2021,92.4
Хойд бүс,35-39,Нийт,2020,89.0
Хойд бүс,35-39,Нийт,2019,84.1
Хойд бүс,35-39,Нийт,2018,88.9
Хойд бүс,35-39,Нийт,2017,89.8
Хойд бүс,35-39,Нийт,2016,89.1
Хойд бүс,35-39,Нийт,2015,93.4
Хойд бүс,35-39,Нийт,2014,87.1
Хойд бүс,35-39,Нийт,2013,91.5
Хойд бүс,35-39,Нийт,2012,90.4
Хойд бүс,35-39,Нийт,2011,89.8
Хойд бүс,35-39,Нийт,2010,88.4
Хойд бүс,35-39,Нийт,2009,89.0
Хойд бүс,35-39,Эрэгтэй,2025,96.3
Хойд бүс,35-39,Эрэгтэй,2024,95.6
Хойд бүс,35-39,Эрэгтэй,2023,91.9
Хойд бүс,35-39,Эрэгтэй,2022,92.1
Хойд бүс,35-39,Эрэгтэй,2021,97.7
Хойд бүс,35-39,Эрэгтэй,2020,93.1
Хойд бүс,35-39,Эрэгтэй,2019,88.9
Хойд бүс,35-39,Эрэгтэй,2018,93.0
Хойд бүс,35-39,Эрэгтэй,2017,90.9
Хойд бүс,35-39,Эрэгтэй,2016,89.0
Хойд бүс,35-39,Эрэгтэй,2015,95.5
Хойд бүс,35-39,Эрэгтэй,2014,90.5
Хойд бүс,35-39,Эрэгтэй,2013,94.3
Хойд бүс,35-39,Эрэгтэй,2012,95.4
Хойд бүс,35-39,Эрэгтэй,2011,90.2
Хойд бүс,35-39,Эрэгтэй,2010,92.1
Хойд бүс,35-39,Эрэгтэй,2009,90.2
Хойд бүс,35-39,Эмэгтэй,2025,66.6
Хойд бүс,35-39,Эмэгтэй,2024,70.8
Хойд бүс,35-39,Эмэгтэй,2023,73.3
Хойд бүс,35-39,Эмэгтэй,2022,77.4
Хойд бүс,35-39,Эмэгтэй,2021,87.2
Хойд бүс,35-39,Эмэгтэй,2020,85.2
Хойд бүс,35-39,Эмэгтэй,2019,80.6
Хойд бүс,35-39,Эмэгтэй,2018,84.9
Хойд бүс,35-39,Эмэгтэй,2017,88.6
Хойд бүс,35-39,Эмэгтэй,2016,89.3
Хойд бүс,35-39,Эмэгтэй,2015,91.4
Хойд бүс,35-39,Эмэгтэй,2014,83.8
Хойд бүс,35-39,Эмэгтэй,2013,88.5
Хойд бүс,35-39,Эмэгтэй,2012,86.3
Хойд бүс,35-39,Эмэгтэй,2011,89.4
Хойд бүс,35-39,Эмэгтэй,2010,84.8
Хойд бүс,35-39,Эмэгтэй,2009,87.8
Хойд бүс,40-44,Нийт,2025,88.5
Хойд бүс,40-44,Нийт,2024,87.5
Хойд бүс,40-44,Нийт,2023,85.6
Хойд бүс,40-44,Нийт,2022,87.7
Хойд бүс,40-44,Нийт,2021,93.5
Хойд бүс,40-44,Нийт,2020,89.7
Хойд бүс,40-44,Нийт,2019,93.0
Хойд бүс,40-44,Нийт,2018,89.6
Хойд бүс,40-44,Нийт,2017,90.9
Хойд бүс,40-44,Нийт,2016,92.0
Хойд бүс,40-44,Нийт,2015,89.4
Хойд бүс,40-44,Нийт,2014,89.3
Хойд бүс,40-44,Нийт,2013,91.3
Хойд бүс,40-44,Нийт,2012,89.7
Хойд бүс,40-44,Нийт,2011,88.5
Хойд бүс,40-44,Нийт,2010,89.0
Хойд бүс,40-44,Нийт,2009,92.7
Хойд бүс,40-44,Эрэгтэй,2025,94.7
Хойд бүс,40-44,Эрэгтэй,2024,88.8
Хойд бүс,40-44,Эрэгтэй,2023,88.0
Хойд бүс,40-44,Эрэгтэй,2022,93.6
Хойд бүс,40-44,Эрэгтэй,2021,97.3
Хойд бүс,40-44,Эрэгтэй,2020,96.1
Хойд бүс,40-44,Эрэгтэй,2019,93.4
Хойд бүс,40-44,Эрэгтэй,2018,94.6
Хойд бүс,40-44,Эрэгтэй,2017,93.0
Хойд бүс,40-44,Эрэгтэй,2016,93.6
Хойд бүс,40-44,Эрэгтэй,2015,92.2
Хойд бүс,40-44,Эрэгтэй,2014,92.6
Хойд бүс,40-44,Эрэгтэй,2013,91.4
Хойд бүс,40-44,Эрэгтэй,2012,90.3
Хойд бүс,40-44,Эрэгтэй,2011,90.6
Хойд бүс,40-44,Эрэгтэй,2010,92.9
Хойд бүс,40-44,Эрэгтэй,2009,94.1
Хойд бүс,40-44,Эмэгтэй,2025,83.2
Хойд бүс,40-44,Эмэгтэй,2024,86.1
Хойд бүс,40-44,Эмэгтэй,2023,83.1
Хойд бүс,40-44,Эмэгтэй,2022,82.2
Хойд бүс,40-44,Эмэгтэй,2021,89.6
Хойд бүс,40-44,Эмэгтэй,2020,81.6
Хойд бүс,40-44,Эмэгтэй,2019,92.4
Хойд бүс,40-44,Эмэгтэй,2018,85.0
Хойд бүс,40-44,Эмэгтэй,2017,88.6
Хойд бүс,40-44,Эмэгтэй,2016,90.7
Хойд бүс,40-44,Эмэгтэй,2015,87.0
Хойд бүс,40-44,Эмэгтэй,2014,86.2
Хойд бүс,40-44,Эмэгтэй,2013,91.2
Хойд бүс,40-44,Эмэгтэй,2012,89.0
Хойд бүс,40-44,Эмэгтэй,2011,86.5
Хойд бүс,40-44,Эмэгтэй,2010,85.2
Хойд бүс,40-44,Эмэгтэй,2009,91.5
Хойд бүс,45-49,Нийт,2025,90.4
Хойд бүс,45-49,Нийт,2024,87.8
Хойд бүс,45-49,Нийт,2023,93.0
Хойд бүс,45-49,Нийт,2022,86.2
Хойд бүс,45-49,Нийт,2021,88.8
Хойд бүс,45-49,Нийт,2020,88.5
Хойд бүс,45-49,Нийт,2019,86.7
Хойд бүс,45-49,Нийт,2018,91.7
Хойд бүс,45-49,Нийт,2017,88.1
Хойд бүс,45-49,Нийт,2016,84.9
Хойд бүс,45-49,Нийт,2015,91.0
Хойд бүс,45-49,Нийт,2014,86.1
Хойд бүс,45-49,Нийт,2013,90.7
Хойд бүс,45-49,Нийт,2012,85.4
Хойд бүс,45-49,Нийт,2011,85.6
Хойд бүс,45-49,Нийт,2010,85.2
Хойд бүс,45-49,Нийт,2009,90.8
Хойд бүс,45-49,Эрэгтэй,2025,91.0
Хойд бүс,45-49,Эрэгтэй,2024,84.1
Хойд бүс,45-49,Эрэгтэй,2023,93.2
Хойд бүс,45-49,Эрэгтэй,2022,94.5
Хойд бүс,45-49,Эрэгтэй,2021,94.7
Хойд бүс,45-49,Эрэгтэй,2020,92.8
Хойд бүс,45-49,Эрэгтэй,2019,86.1
Хойд бүс,45-49,Эрэгтэй,2018,93.5
Хойд бүс,45-49,Эрэгтэй,2017,92.0
Хойд бүс,45-49,Эрэгтэй,2016,85.9
Хойд бүс,45-49,Эрэгтэй,2015,94.8
Хойд бүс,45-49,Эрэгтэй,2014,85.0
Хойд бүс,45-49,Эрэгтэй,2013,95.4
Хойд бүс,45-49,Эрэгтэй,2012,88.0
Хойд бүс,45-49,Эрэгтэй,2011,85.1
Хойд бүс,45-49,Эрэгтэй,2010,86.4
Хойд бүс,45-49,Эрэгтэй,2009,92.7
Хойд бүс,45-49,Эмэгтэй,2025,89.8
Хойд бүс,45-49,Эмэгтэй,2024,91.9
Хойд бүс,45-49,Эмэгтэй,2023,92.9
Хойд бүс,45-49,Эмэгтэй,2022,80.5
Хойд бүс,45-49,Эмэгтэй,2021,83.2
Хойд бүс,45-49,Эмэгтэй,2020,85.3
Хойд бүс,45-49,Эмэгтэй,2019,87.1
Хойд бүс,45-49,Эмэгтэй,2018,90.2
Хойд бүс,45-49,Эмэгтэй,2017,84.8
Хойд бүс,45-49,Эмэгтэй,2016,83.8
Хойд бүс,45-49,Эмэгтэй,2015,87.4
Хойд бүс,45-49,Эмэгтэй,2014,87.1
Хойд бүс,45-49,Эмэгтэй,2013,86.7
Хойд бүс,45-49,Эмэгтэй,2012,83.1
Хойд бүс,45-49,Эмэгтэй,2011,86.1
Хойд бүс,45-49,Эмэгтэй,2010,84.2
Хойд бүс,45-49,Эмэгтэй,2009,88.7
Хойд бүс,50-54,Нийт,2025,79.2
Хойд бүс,50-54,Нийт,2024,78.8
Хойд бүс,50-54,Нийт,2023,83.3
Хойд бүс,50-54,Нийт,2022,82.9
Хойд бүс,50-54,Нийт,2021,82.3
Хойд бүс,50-54,Нийт,2020,88.2
Хойд бүс,50-54,Нийт,2019,82.3
Хойд бүс,50-54,Нийт,2018,77.0
Хойд бүс,50-54,Нийт,2017,76.7
Хойд бүс,50-54,Нийт,2016,74.9
Хойд бүс,50-54,Нийт,2015,75.1
Хойд бүс,50-54,Нийт,2014,75.0
Хойд бүс,50-54,Нийт,2013,72.9
Хойд бүс,50-54,Нийт,2012,71.9
Хойд бүс,50-54,Нийт,2011,72.9
Хойд бүс,50-54,Нийт,2010,71.0
Хойд бүс,50-54,Нийт,2009,69.9
Хойд бүс,50-54,Эрэгтэй,2025,86.2
Хойд бүс,50-54,Эрэгтэй,2024,83.7
Хойд бүс,50-54,Эрэгтэй,2023,85.8
Хойд бүс,50-54,Эрэгтэй,2022,76.1
Хойд бүс,50-54,Эрэгтэй,2021,88.1
Хойд бүс,50-54,Эрэгтэй,2020,85.4
Хойд бүс,50-54,Эрэгтэй,2019,84.4
Хойд бүс,50-54,Эрэгтэй,2018,86.4
Хойд бүс,50-54,Эрэгтэй,2017,80.5
Хойд бүс,50-54,Эрэгтэй,2016,87.1
Хойд бүс,50-54,Эрэгтэй,2015,81.8
Хойд бүс,50-54,Эрэгтэй,2014,81.4
Хойд бүс,50-54,Эрэгтэй,2013,79.7
Хойд бүс,50-54,Эрэгтэй,2012,78.6
Хойд бүс,50-54,Эрэгтэй,2011,84.0
Хойд бүс,50-54,Эрэгтэй,2010,76.0
Хойд бүс,50-54,Эрэгтэй,2009,80.6
Хойд бүс,50-54,Эмэгтэй,2025,72.4
Хойд бүс,50-54,Эмэгтэй,2024,73.3
Хойд бүс,50-54,Эмэгтэй,2023,80.6
Хойд бүс,50-54,Эмэгтэй,2022,89.1
Хойд бүс,50-54,Эмэгтэй,2021,77.1
Хойд бүс,50-54,Эмэгтэй,2020,90.9
Хойд бүс,50-54,Эмэгтэй,2019,80.5
Хойд бүс,50-54,Эмэгтэй,2018,68.8
Хойд бүс,50-54,Эмэгтэй,2017,73.7
Хойд бүс,50-54,Эмэгтэй,2016,66.7
Хойд бүс,50-54,Эмэгтэй,2015,69.8
Хойд бүс,50-54,Эмэгтэй,2014,68.9
Хойд бүс,50-54,Эмэгтэй,2013,67.0
Хойд бүс,50-54,Эмэгтэй,2012,66.9
Хойд бүс,50-54,Эмэгтэй,2011,61.7
Хойд бүс,50-54,Эмэгтэй,2010,66.0
Хойд бүс,50-54,Эмэгтэй,2009,60.1
Хойд бүс,55-59,Нийт,2025,49.0
Хойд бүс,55-59,Нийт,2024,49.1
Хойд бүс,55-59,Нийт,2023,56.5
Хойд бүс,55-59,Нийт,2022,48.2
Хойд бүс,55-59,Нийт,2021,43.8
Хойд бүс,55-59,Нийт,2020,60.5
Хойд бүс,55-59,Нийт,2019,50.7
Хойд бүс,55-59,Нийт,2018,50.4
Хойд бүс,55-59,Нийт,2017,55.2
Хойд бүс,55-59,Нийт,2016,47.4
Хойд бүс,55-59,Нийт,2015,56.3
Хойд бүс,55-59,Нийт,2014,54.9
Хойд бүс,55-59,Нийт,2013,60.9
Хойд бүс,55-59,Нийт,2012,57.3
Хойд бүс,55-59,Нийт,2011,56.0
Хойд бүс,55-59,Нийт,2010,58.9
Хойд бүс,55-59,Нийт,2009,43.7
Хойд бүс,55-59,Эрэгтэй,2025,67.9
Хойд бүс,55-59,Эрэгтэй,2024,67.1
Хойд бүс,55-59,Эрэгтэй,2023,67.7
Хойд бүс,55-59,Эрэгтэй,2022,65.5
Хойд бүс,55-59,Эрэгтэй,2021,67.3
Хойд бүс,55-59,Эрэгтэй,2020,74.6
Хойд бүс,55-59,Эрэгтэй,2019,62.6
Хойд бүс,55-59,Эрэгтэй,2018,70.7
Хойд бүс,55-59,Эрэгтэй,2017,71.3
Хойд бүс,55-59,Эрэгтэй,2016,62.5
Хойд бүс,55-59,Эрэгтэй,2015,73.2
Хойд бүс,55-59,Эрэгтэй,2014,72.5
Хойд бүс,55-59,Эрэгтэй,2013,73.8
Хойд бүс,55-59,Эрэгтэй,2012,72.1
Хойд бүс,55-59,Эрэгтэй,2011,76.9
Хойд бүс,55-59,Эрэгтэй,2010,69.5
Хойд бүс,55-59,Эрэгтэй,2009,67.7
Хойд бүс,55-59,Эмэгтэй,2025,33.1
Хойд бүс,55-59,Эмэгтэй,2024,36.9
Хойд бүс,55-59,Эмэгтэй,2023,47.6
Хойд бүс,55-59,Эмэгтэй,2022,33.7
Хойд бүс,55-59,Эмэгтэй,2021,15.9
Хойд бүс,55-59,Эмэгтэй,2020,51.5
Хойд бүс,55-59,Эмэгтэй,2019,40.9
Хойд бүс,55-59,Эмэгтэй,2018,30.3
Хойд бүс,55-59,Эмэгтэй,2017,36.9
Хойд бүс,55-59,Эмэгтэй,2016,35.3
Хойд бүс,55-59,Эмэгтэй,2015,42.8
Хойд бүс,55-59,Эмэгтэй,2014,39.6
Хойд бүс,55-59,Эмэгтэй,2013,45.9
Хойд бүс,55-59,Эмэгтэй,2012,46.2
Хойд бүс,55-59,Эмэгтэй,2011,41.5
Хойд бүс,55-59,Эмэгтэй,2010,45.8
Хойд бүс,55-59,Эмэгтэй,2009,23.0
Хойд бүс,60-64,Нийт,2025,30.7
Хойд бүс,60-64,Нийт,2024,21.1
Хойд бүс,60-64,Нийт,2023,39.6
Хойд бүс,60-64,Нийт,2022,34.7
Хойд бүс,60-64,Нийт,2021,22.3
Хойд бүс,60-64,Нийт,2020,38.8
Хойд бүс,60-64,Нийт,2019,24.3
Хойд бүс,60-64,Нийт,2018,25.1
Хойд бүс,60-64,Нийт,2017,25.5
Хойд бүс,60-64,Нийт,2016,26.9
Хойд бүс,60-64,Нийт,2015,30.4
Хойд бүс,60-64,Нийт,2014,20.0
Хойд бүс,60-64,Нийт,2013,24.6
Хойд бүс,60-64,Нийт,2012,31.7
Хойд бүс,60-64,Нийт,2011,36.0
Хойд бүс,60-64,Нийт,2010,26.5
Хойд бүс,60-64,Нийт,2009,26.0
Хойд бүс,60-64,Эрэгтэй,2025,35.5
Хойд бүс,60-64,Эрэгтэй,2024,26.5
Хойд бүс,60-64,Эрэгтэй,2023,39.5
Хойд бүс,60-64,Эрэгтэй,2022,47.7
Хойд бүс,60-64,Эрэгтэй,2021,18.3
Хойд бүс,60-64,Эрэгтэй,2020,59.3
Хойд бүс,60-64,Эрэгтэй,2019,26.1
Хойд бүс,60-64,Эрэгтэй,2018,25.4
Хойд бүс,60-64,Эрэгтэй,2017,31.7
Хойд бүс,60-64,Эрэгтэй,2016,26.1
Хойд бүс,60-64,Эрэгтэй,2015,32.7
Хойд бүс,60-64,Эрэгтэй,2014,31.1
Хойд бүс,60-64,Эрэгтэй,2013,36.1
Хойд бүс,60-64,Эрэгтэй,2012,36.6
Хойд бүс,60-64,Эрэгтэй,2011,42.4
Хойд бүс,60-64,Эрэгтэй,2010,33.5
Хойд бүс,60-64,Эрэгтэй,2009,32.4
Хойд бүс,60-64,Эмэгтэй,2025,26.6
Хойд бүс,60-64,Эмэгтэй,2024,16.5
Хойд бүс,60-64,Эмэгтэй,2023,39.7
Хойд бүс,60-64,Эмэгтэй,2022,24.6
Хойд бүс,60-64,Эмэгтэй,2021,25.7
Хойд бүс,60-64,Эмэгтэй,2020,19.1
Хойд бүс,60-64,Эмэгтэй,2019,22.4
Хойд бүс,60-64,Эмэгтэй,2018,24.9
Хойд бүс,60-64,Эмэгтэй,2017,20.6
Хойд бүс,60-64,Эмэгтэй,2016,27.6
Хойд бүс,60-64,Эмэгтэй,2015,28.7
Хойд бүс,60-64,Эмэгтэй,2014,11.9
Хойд бүс,60-64,Эмэгтэй,2013,16.2
Хойд бүс,60-64,Эмэгтэй,2012,26.4
Хойд бүс,60-64,Эмэгтэй,2011,31.2
Хойд бүс,60-64,Эмэгтэй,2010,17.4
Хойд бүс,60-64,Эмэгтэй,2009,20.2
Хойд бүс,65-69,Нийт,2025,8.9
Хойд бүс,65-69,Нийт,2024,11.2
Хойд бүс,65-69,Нийт,2023,23.8
Хойд бүс,65-69,Нийт,2022,19.0
Хойд бүс,65-69,Нийт,2021,21.7
Хойд бүс,65-69,Нийт,2020,14.3
Хойд бүс,65-69,Нийт,2019,34.7
Хойд бүс,65-69,Нийт,2018,19.3
Хойд бүс,65-69,Нийт,2017,26.9
Хойд бүс,65-69,Нийт,2016,16.2
Хойд бүс,65-69,Нийт,2015,13.3
Хойд бүс,65-69,Нийт,2014,27.2
Хойд бүс,65-69,Нийт,2013,22.1
Хойд бүс,65-69,Нийт,2012,25.3
Хойд бүс,65-69,Нийт,2011,21.5
Хойд бүс,65-69,Нийт,2010,27.3
Хойд бүс,65-69,Нийт,2009,20.7
Хойд бүс,65-69,Эрэгтэй,2025,5.4
Хойд бүс,65-69,Эрэгтэй,2024,14.0
Хойд бүс,65-69,Эрэгтэй,2023,21.2
Хойд бүс,65-69,Эрэгтэй,2022,28.5
Хойд бүс,65-69,Эрэгтэй,2021,33.7
Хойд бүс,65-69,Эрэгтэй,2020,17.8
Хойд бүс,65-69,Эрэгтэй,2019,41.6
Хойд бүс,65-69,Эрэгтэй,2018,22.3
Хойд бүс,65-69,Эрэгтэй,2017,25.9
Хойд бүс,65-69,Эрэгтэй,2016,23.4
Хойд бүс,65-69,Эрэгтэй,2015,29.5
Хойд бүс,65-69,Эрэгтэй,2014,29.5
Хойд бүс,65-69,Эрэгтэй,2013,29.4
Хойд бүс,65-69,Эрэгтэй,2012,36.4
Хойд бүс,65-69,Эрэгтэй,2011,25.0
Хойд бүс,65-69,Эрэгтэй,2010,30.5
Хойд бүс,65-69,Эрэгтэй,2009,7.0
Хойд бүс,65-69,Эмэгтэй,2025,11.1
Хойд бүс,65-69,Эмэгтэй,2024,8.4
Хойд бүс,65-69,Эмэгтэй,2023,26.6
Хойд бүс,65-69,Эмэгтэй,2022,8.3
Хойд бүс,65-69,Эмэгтэй,2021,15.2
Хойд бүс,65-69,Эмэгтэй,2020,11.3
Хойд бүс,65-69,Эмэгтэй,2019,25.4
Хойд бүс,65-69,Эмэгтэй,2018,17.0
Хойд бүс,65-69,Эмэгтэй,2017,27.6
Хойд бүс,65-69,Эмэгтэй,2016,11.5
Хойд бүс,65-69,Эмэгтэй,2015,4.2
Хойд бүс,65-69,Эмэгтэй,2014,25.5
Хойд бүс,65-69,Эмэгтэй,2013,14.8
Хойд бүс,65-69,Эмэгтэй,2012,19.0
Хойд бүс,65-69,Эмэгтэй,2011,17.5
Хойд бүс,65-69,Эмэгтэй,2010,24.9
Хойд бүс,65-69,Эмэгтэй,2009,33.9
Хойд бүс,70+,Нийт,2025,5.2
Хойд бүс,70+,Нийт,2024,10.5
Хойд бүс,70+,Нийт,2023,7.9
Хойд бүс,70+,Нийт,2022,4.9
Хойд бүс,70+,Нийт,2021,2.3
Хойд бүс,70+,Нийт,2020,7.6
Хойд бүс,70+,Нийт,2019,14.1
Хойд бүс,70+,Нийт,2018,9.3
Хойд бүс,70+,Нийт,2017,15.2
Хойд бүс,70+,Нийт,2016,4.8
Хойд бүс,70+,Нийт,2015,3.9
Хойд бүс,70+,Нийт,2014,3.8
Хойд бүс,70+,Нийт,2013,9.7
Хойд бүс,70+,Нийт,2012,15.6
Хойд бүс,70+,Нийт,2011,10.2
Хойд бүс,70+,Нийт,2010,9.1
Хойд бүс,70+,Нийт,2009,0.0
Хойд бүс,70+,Эрэгтэй,2025,0.0
Хойд бүс,70+,Эрэгтэй,2024,14.4
Хойд бүс,70+,Эрэгтэй,2023,11.8
Хойд бүс,70+,Эрэгтэй,2022,9.2
Хойд бүс,70+,Эрэгтэй,2021,4.7
Хойд бүс,70+,Эрэгтэй,2020,7.9
Хойд бүс,70+,Эрэгтэй,2019,15.2
Хойд бүс,70+,Эрэгтэй,2018,16.3
Хойд бүс,70+,Эрэгтэй,2017,26.5
Хойд бүс,70+,Эрэгтэй,2016,12.8
Хойд бүс,70+,Эрэгтэй,2015,3.6
Хойд бүс,70+,Эрэгтэй,2014,8.0
Хойд бүс,70+,Эрэгтэй,2013,10.6
Хойд бүс,70+,Эрэгтэй,2012,19.0
Хойд бүс,70+,Эрэгтэй,2011,16.2
Хойд бүс,70+,Эрэгтэй,2010,11.9
Хойд бүс,70+,Эрэгтэй,2009,0.0
Хойд бүс,70+,Эмэгтэй,2025,7.9
Хойд бүс,70+,Эмэгтэй,2024,7.7
Хойд бүс,70+,Эмэгтэй,2023,5.9
Хойд бүс,70+,Эмэгтэй,2022,2.1
Хойд бүс,70+,Эмэгтэй,2021,0.4
Хойд бүс,70+,Эмэгтэй,2020,7.4
Хойд бүс,70+,Эмэгтэй,2019,13.5
Хойд бүс,70+,Эмэгтэй,2018,3.2
Хойд бүс,70+,Эмэгтэй,2017,8.0
Хойд бүс,70+,Эмэгтэй,2016,0.0
Хойд бүс,70+,Эмэгтэй,2015,4.0
Хойд бүс,70+,Эмэгтэй,2014,1.0
Хойд бүс,70+,Эмэгтэй,2013,9.2
Хойд бүс,70+,Эмэгтэй,2012,13.4
Хойд бүс,70+,Эмэгтэй,2011,6.8
Хойд бүс,70+,Эмэгтэй,2010,6.8
Хойд бүс,70+,Эмэгтэй,2009,0.0
Булган,Бүгд,Нийт,2025,61.9
Булган,Бүгд,Нийт,2024,62.8
Булган,Бүгд,Нийт,2023,65.5
Булган,Бүгд,Нийт,2022,69.1
Булган,Бүгд,Нийт,2021,62.0
Булган,Бүгд,Нийт,2020,67.9
Булган,Бүгд,Нийт,2019,75.8
Булган,Бүгд,Нийт,2018,74.4
Булган,Бүгд,Нийт,2017,75.8
Булган,Бүгд,Нийт,2016,72.3
Булган,Бүгд,Нийт,2015,76.9
Булган,Бүгд,Нийт,2014,72.3
Булган,Бүгд,Нийт,2013,76.8
Булган,Бүгд,Нийт,2012,69.3
Булган,Бүгд,Нийт,2011,73.0
Булган,Бүгд,Нийт,2010,66.3
Булган,Бүгд,Нийт,2009,59.2
Булган,Бүгд,Эрэгтэй,2025,69.7
Булган,Бүгд,Эрэгтэй,2024,68.9
Булган,Бүгд,Эрэгтэй,2023,71.3
Булган,Бүгд,Эрэгтэй,2022,73.9
Булган,Бүгд,Эрэгтэй,2021,70.0
Булган,Бүгд,Эрэгтэй,2020,66.9
Булган,Бүгд,Эрэгтэй,2019,76.2
Булган,Бүгд,Эрэгтэй,2018,79.0
Булган,Бүгд,Эрэгтэй,2017,81.1
Булган,Бүгд,Эрэгтэй,2016,76.4
Булган,Бүгд,Эрэгтэй,2015,82.4
Булган,Бүгд,Эрэгтэй,2014,76.2
Булган,Бүгд,Эрэгтэй,2013,79.9
Булган,Бүгд,Эрэгтэй,2012,74.3
Булган,Бүгд,Эрэгтэй,2011,80.3
Булган,Бүгд,Эрэгтэй,2010,70.7
Булган,Бүгд,Эрэгтэй,2009,63.5
Булган,Бүгд,Эмэгтэй,2025,53.6
Булган,Бүгд,Эмэгтэй,2024,57.1
Булган,Бүгд,Эмэгтэй,2023,60.0
Булган,Бүгд,Эмэгтэй,2022,64.7
Булган,Бүгд,Эмэгтэй,2021,54.1
Булган,Бүгд,Эмэгтэй,2020,68.9
Булган,Бүгд,Эмэгтэй,2019,75.5
Булган,Бүгд,Эмэгтэй,2018,70.0
Булган,Бүгд,Эмэгтэй,2017,70.2
Булган,Бүгд,Эмэгтэй,2016,68.4
Булган,Бүгд,Эмэгтэй,2015,71.7
Булган,Бүгд,Эмэгтэй,2014,68.3
Булган,Бүгд,Эмэгтэй,2013,73.8
Булган,Бүгд,Эмэгтэй,2012,64.5
Булган,Бүгд,Эмэгтэй,2011,65.8
Булган,Бүгд,Эмэгтэй,2010,61.8
Булган,Бүгд,Эмэгтэй,2009,55.5
Булган,15-19,Нийт,2025,7.8
Булган,15-19,Нийт,2024,2.8
Булган,15-19,Нийт,2023,13.1
Булган,15-19,Нийт,2022,2.3
Булган,15-19,Нийт,2021,2.4
Булган,15-19,Нийт,2020,12.9
Булган,15-19,Нийт,2019,7.5
Булган,15-19,Нийт,2018,7.5
Булган,15-19,Нийт,2017,17.0
Булган,15-19,Нийт,2016,11.6
Булган,15-19,Нийт,2015,12.0
Булган,15-19,Нийт,2014,12.8
Булган,15-19,Нийт,2013,23.8
Булган,15-19,Нийт,2012,24.3
Булган,15-19,Нийт,2011,12.4
Булган,15-19,Нийт,2010,6.0
Булган,15-19,Нийт,2009,1.4
Булган,15-19,Эрэгтэй,2025,14.2
Булган,15-19,Эрэгтэй,2024,3.8
Булган,15-19,Эрэгтэй,2023,22.4
Булган,15-19,Эрэгтэй,2022,1.2
Булган,15-19,Эрэгтэй,2021,5.4
Булган,15-19,Эрэгтэй,2020,14.3
Булган,15-19,Эрэгтэй,2019,5.7
Булган,15-19,Эрэгтэй,2018,12.3
Булган,15-19,Эрэгтэй,2017,27.4
Булган,15-19,Эрэгтэй,2016,11.3
Булган,15-19,Эрэгтэй,2015,16.0
Булган,15-19,Эрэгтэй,2014,16.3
Булган,15-19,Эрэгтэй,2013,26.5
Булган,15-19,Эрэгтэй,2012,33.8
Булган,15-19,Эрэгтэй,2011,7.1
Булган,15-19,Эрэгтэй,2010,7.7
Булган,15-19,Эрэгтэй,2009,2.9
Булган,15-19,Эмэгтэй,2025,1.3
Булган,15-19,Эмэгтэй,2024,1.9
Булган,15-19,Эмэгтэй,2023,4.9
Булган,15-19,Эмэгтэй,2022,3.4
Булган,15-19,Эмэгтэй,2021,0.0
Булган,15-19,Эмэгтэй,2020,11.1
Булган,15-19,Эмэгтэй,2019,8.9
Булган,15-19,Эмэгтэй,2018,2.8
Булган,15-19,Эмэгтэй,2017,6.0
Булган,15-19,Эмэгтэй,2016,12.0
Булган,15-19,Эмэгтэй,2015,7.6
Булган,15-19,Эмэгтэй,2014,8.7
Булган,15-19,Эмэгтэй,2013,21.3
Булган,15-19,Эмэгтэй,2012,16.3
Булган,15-19,Эмэгтэй,2011,17.7
Булган,15-19,Эмэгтэй,2010,4.1
Булган,15-19,Эмэгтэй,2009,0.0
Булган,20-24,Нийт,2025,66.3
Булган,20-24,Нийт,2024,50.6
Булган,20-24,Нийт,2023,57.1
Булган,20-24,Нийт,2022,48.7
Булган,20-24,Нийт,2021,37.2
Булган,20-24,Нийт,2020,59.9
Булган,20-24,Нийт,2019,59.3
Булган,20-24,Нийт,2018,83.4
Булган,20-24,Нийт,2017,80.3
Булган,20-24,Нийт,2016,66.8
Булган,20-24,Нийт,2015,76.9
Булган,20-24,Нийт,2014,76.6
Булган,20-24,Нийт,2013,69.1
Булган,20-24,Нийт,2012,45.7
Булган,20-24,Нийт,2011,63.9
Булган,20-24,Нийт,2010,51.8
Булган,20-24,Нийт,2009,36.3
Булган,20-24,Эрэгтэй,2025,81.5
Булган,20-24,Эрэгтэй,2024,70.8
Булган,20-24,Эрэгтэй,2023,65.0
Булган,20-24,Эрэгтэй,2022,81.8
Булган,20-24,Эрэгтэй,2021,53.9
Булган,20-24,Эрэгтэй,2020,46.9
Булган,20-24,Эрэгтэй,2019,73.0
Булган,20-24,Эрэгтэй,2018,91.1
Булган,20-24,Эрэгтэй,2017,86.3
Булган,20-24,Эрэгтэй,2016,88.3
Булган,20-24,Эрэгтэй,2015,96.4
Булган,20-24,Эрэгтэй,2014,80.2
Булган,20-24,Эрэгтэй,2013,65.3
Булган,20-24,Эрэгтэй,2012,47.1
Булган,20-24,Эрэгтэй,2011,89.7
Булган,20-24,Эрэгтэй,2010,58.4
Булган,20-24,Эрэгтэй,2009,30.6
Булган,20-24,Эмэгтэй,2025,38.2
Булган,20-24,Эмэгтэй,2024,32.5
Булган,20-24,Эмэгтэй,2023,37.3
Булган,20-24,Эмэгтэй,2022,13.8
Булган,20-24,Эмэгтэй,2021,10.8
Булган,20-24,Эмэгтэй,2020,81.0
Булган,20-24,Эмэгтэй,2019,50.2
Булган,20-24,Эмэгтэй,2018,72.8
Булган,20-24,Эмэгтэй,2017,70.7
Булган,20-24,Эмэгтэй,2016,50.6
Булган,20-24,Эмэгтэй,2015,51.9
Булган,20-24,Эмэгтэй,2014,72.2
Булган,20-24,Эмэгтэй,2013,73.4
Булган,20-24,Эмэгтэй,2012,44.0
Булган,20-24,Эмэгтэй,2011,42.3
Булган,20-24,Эмэгтэй,2010,45.2
Булган,20-24,Эмэгтэй,2009,40.0
Булган,25-29,Нийт,2025,77.2
Булган,25-29,Нийт,2024,82.5
Булган,25-29,Нийт,2023,80.1
Булган,25-29,Нийт,2022,92.0
Булган,25-29,Нийт,2021,83.3
Булган,25-29,Нийт,2020,88.8
Булган,25-29,Нийт,2019,97.0
Булган,25-29,Нийт,2018,90.6
Булган,25-29,Нийт,2017,94.4
Булган,25-29,Нийт,2016,87.5
Булган,25-29,Нийт,2015,95.5
Булган,25-29,Нийт,2014,79.4
Булган,25-29,Нийт,2013,90.4
Булган,25-29,Нийт,2012,76.9
Булган,25-29,Нийт,2011,95.0
Булган,25-29,Нийт,2010,87.1
Булган,25-29,Нийт,2009,93.6
Булган,25-29,Эрэгтэй,2025,87.3
Булган,25-29,Эрэгтэй,2024,93.9
Булган,25-29,Эрэгтэй,2023,91.7
Булган,25-29,Эрэгтэй,2022,90.2
Булган,25-29,Эрэгтэй,2021,92.3
Булган,25-29,Эрэгтэй,2020,90.4
Булган,25-29,Эрэгтэй,2019,95.0
Булган,25-29,Эрэгтэй,2018,90.8
Булган,25-29,Эрэгтэй,2017,94.2
Булган,25-29,Эрэгтэй,2016,87.4
Булган,25-29,Эрэгтэй,2015,95.6
Булган,25-29,Эрэгтэй,2014,85.7
Булган,25-29,Эрэгтэй,2013,93.0
Булган,25-29,Эрэгтэй,2012,86.8
Булган,25-29,Эрэгтэй,2011,100.0
Булган,25-29,Эрэгтэй,2010,87.2
Булган,25-29,Эрэгтэй,2009,100.0
Булган,25-29,Эмэгтэй,2025,66.9
Булган,25-29,Эмэгтэй,2024,66.3
Булган,25-29,Эмэгтэй,2023,71.0
Булган,25-29,Эмэгтэй,2022,93.9
Булган,25-29,Эмэгтэй,2021,72.9
Булган,25-29,Эмэгтэй,2020,86.8
Булган,25-29,Эмэгтэй,2019,100.0
Булган,25-29,Эмэгтэй,2018,90.4
Булган,25-29,Эмэгтэй,2017,94.7
Булган,25-29,Эмэгтэй,2016,87.5
Булган,25-29,Эмэгтэй,2015,95.5
Булган,25-29,Эмэгтэй,2014,71.7
Булган,25-29,Эмэгтэй,2013,88.1
Булган,25-29,Эмэгтэй,2012,70.2
Булган,25-29,Эмэгтэй,2011,89.6
Булган,25-29,Эмэгтэй,2010,87.0
Булган,25-29,Эмэгтэй,2009,87.9
Булган,30-34,Нийт,2025,86.3
Булган,30-34,Нийт,2024,79.5
Булган,30-34,Нийт,2023,88.7
Булган,30-34,Нийт,2022,91.0
Булган,30-34,Нийт,2021,86.0
Булган,30-34,Нийт,2020,91.9
Булган,30-34,Нийт,2019,98.0
Булган,30-34,Нийт,2018,94.9
Булган,30-34,Нийт,2017,93.7
Булган,30-34,Нийт,2016,96.3
Булган,30-34,Нийт,2015,94.0
Булган,30-34,Нийт,2014,93.2
Булган,30-34,Нийт,2013,91.1
Булган,30-34,Нийт,2012,95.1
Булган,30-34,Нийт,2011,93.7
Булган,30-34,Нийт,2010,82.7
Булган,30-34,Нийт,2009,97.2
Булган,30-34,Эрэгтэй,2025,97.8
Булган,30-34,Эрэгтэй,2024,84.6
Булган,30-34,Эрэгтэй,2023,93.3
Булган,30-34,Эрэгтэй,2022,97.7
Булган,30-34,Эрэгтэй,2021,100.0
Булган,30-34,Эрэгтэй,2020,98.7
Булган,30-34,Эрэгтэй,2019,97.6
Булган,30-34,Эрэгтэй,2018,95.2
Булган,30-34,Эрэгтэй,2017,94.6
Булган,30-34,Эрэгтэй,2016,96.7
Булган,30-34,Эрэгтэй,2015,98.1
Булган,30-34,Эрэгтэй,2014,97.6
Булган,30-34,Эрэгтэй,2013,96.3
Булган,30-34,Эрэгтэй,2012,100.0
Булган,30-34,Эрэгтэй,2011,96.6
Булган,30-34,Эрэгтэй,2010,92.4
Булган,30-34,Эрэгтэй,2009,100.0
Булган,30-34,Эмэгтэй,2025,72.6
Булган,30-34,Эмэгтэй,2024,75.3
Булган,30-34,Эмэгтэй,2023,83.3
Булган,30-34,Эмэгтэй,2022,86.4
Булган,30-34,Эмэгтэй,2021,74.8
Булган,30-34,Эмэгтэй,2020,84.7
Булган,30-34,Эмэгтэй,2019,98.3
Булган,30-34,Эмэгтэй,2018,94.5
Булган,30-34,Эмэгтэй,2017,92.5
Булган,30-34,Эмэгтэй,2016,95.9
Булган,30-34,Эмэгтэй,2015,90.5
Булган,30-34,Эмэгтэй,2014,88.3
Булган,30-34,Эмэгтэй,2013,86.8
Булган,30-34,Эмэгтэй,2012,89.3
Булган,30-34,Эмэгтэй,2011,90.6
Булган,30-34,Эмэгтэй,2010,74.3
Булган,30-34,Эмэгтэй,2009,94.0
Булган,35-39,Нийт,2025,91.7
Булган,35-39,Нийт,2024,85.9
Булган,35-39,Нийт,2023,84.7
Булган,35-39,Нийт,2022,96.3
Булган,35-39,Нийт,2021,94.9
Булган,35-39,Нийт,2020,93.6
Булган,35-39,Нийт,2019,85.6
Булган,35-39,Нийт,2018,96.3
Булган,35-39,Нийт,2017,93.2
Булган,35-39,Нийт,2016,90.0
Булган,35-39,Нийт,2015,98.1
Булган,35-39,Нийт,2014,92.9
Булган,35-39,Нийт,2013,94.3
Булган,35-39,Нийт,2012,97.0
Булган,35-39,Нийт,2011,97.8
Булган,35-39,Нийт,2010,86.8
Булган,35-39,Нийт,2009,91.9
Булган,35-39,Эрэгтэй,2025,95.3
Булган,35-39,Эрэгтэй,2024,90.2
Булган,35-39,Эрэгтэй,2023,94.5
Булган,35-39,Эрэгтэй,2022,95.7
Булган,35-39,Эрэгтэй,2021,100.0
Булган,35-39,Эрэгтэй,2020,92.8
Булган,35-39,Эрэгтэй,2019,77.4
Булган,35-39,Эрэгтэй,2018,96.1
Булган,35-39,Эрэгтэй,2017,96.4
Булган,35-39,Эрэгтэй,2016,87.6
Булган,35-39,Эрэгтэй,2015,96.3
Булган,35-39,Эрэгтэй,2014,92.3
Булган,35-39,Эрэгтэй,2013,93.3
Булган,35-39,Эрэгтэй,2012,97.2
Булган,35-39,Эрэгтэй,2011,97.7
Булган,35-39,Эрэгтэй,2010,95.1
Булган,35-39,Эрэгтэй,2009,100.0
Булган,35-39,Эмэгтэй,2025,87.0
Булган,35-39,Эмэгтэй,2024,82.6
Булган,35-39,Эмэгтэй,2023,72.6
Булган,35-39,Эмэгтэй,2022,97.2
Булган,35-39,Эмэгтэй,2021,90.9
Булган,35-39,Эмэгтэй,2020,94.2
Булган,35-39,Эмэгтэй,2019,96.7
Булган,35-39,Эмэгтэй,2018,96.5
Булган,35-39,Эмэгтэй,2017,89.3
Булган,35-39,Эмэгтэй,2016,92.1
Булган,35-39,Эмэгтэй,2015,100.0
Булган,35-39,Эмэгтэй,2014,93.5
Булган,35-39,Эмэгтэй,2013,95.5
Булган,35-39,Эмэгтэй,2012,96.8
Булган,35-39,Эмэгтэй,2011,97.8
Булган,35-39,Эмэгтэй,2010,76.7
Булган,35-39,Эмэгтэй,2009,84.1
Булган,40-44,Нийт,2025,88.1
Булган,40-44,Нийт,2024,91.3
Булган,40-44,Нийт,2023,89.1
Булган,40-44,Нийт,2022,97.5
Булган,40-44,Нийт,2021,96.1
Булган,40-44,Нийт,2020,90.9
Булган,40-44,Нийт,2019,94.0
Булган,40-44,Нийт,2018,93.5
Булган,40-44,Нийт,2017,96.0
Булган,40-44,Нийт,2016,95.4
Булган,40-44,Нийт,2015,98.3
Булган,40-44,Нийт,2014,94.9
Булган,40-44,Нийт,2013,94.4
Булган,40-44,Нийт,2012,93.4
Булган,40-44,Нийт,2011,94.8
Булган,40-44,Нийт,2010,88.5
Булган,40-44,Нийт,2009,93.4
Булган,40-44,Эрэгтэй,2025,89.9
Булган,40-44,Эрэгтэй,2024,89.1
Булган,40-44,Эрэгтэй,2023,87.4
Булган,40-44,Эрэгтэй,2022,94.7
Булган,40-44,Эрэгтэй,2021,93.7
Булган,40-44,Эрэгтэй,2020,89.0
Булган,40-44,Эрэгтэй,2019,88.0
Булган,40-44,Эрэгтэй,2018,96.3
Булган,40-44,Эрэгтэй,2017,95.5
Булган,40-44,Эрэгтэй,2016,92.0
Булган,40-44,Эрэгтэй,2015,96.7
Булган,40-44,Эрэгтэй,2014,98.3
Булган,40-44,Эрэгтэй,2013,92.7
Булган,40-44,Эрэгтэй,2012,92.1
Булган,40-44,Эрэгтэй,2011,95.3
Булган,40-44,Эрэгтэй,2010,96.9
Булган,40-44,Эрэгтэй,2009,94.5
Булган,40-44,Эмэгтэй,2025,86.4
Булган,40-44,Эмэгтэй,2024,93.4
Булган,40-44,Эмэгтэй,2023,90.4
Булган,40-44,Эмэгтэй,2022,100.0
Булган,40-44,Эмэгтэй,2021,98.6
Булган,40-44,Эмэгтэй,2020,93.3
Булган,40-44,Эмэгтэй,2019,98.6
Булган,40-44,Эмэгтэй,2018,91.0
Булган,40-44,Эмэгтэй,2017,96.5
Булган,40-44,Эмэгтэй,2016,100.0
Булган,40-44,Эмэгтэй,2015,100.0
Булган,40-44,Эмэгтэй,2014,91.6
Булган,40-44,Эмэгтэй,2013,96.3
Булган,40-44,Эмэгтэй,2012,95.6
Булган,40-44,Эмэгтэй,2011,94.2
Булган,40-44,Эмэгтэй,2010,79.8
Булган,40-44,Эмэгтэй,2009,92.5
Булган,45-49,Нийт,2025,96.0
Булган,45-49,Нийт,2024,91.0
Булган,45-49,Нийт,2023,96.8
Булган,45-49,Нийт,2022,95.8
Булган,45-49,Нийт,2021,85.4
Булган,45-49,Нийт,2020,89.8
Булган,45-49,Нийт,2019,96.2
Булган,45-49,Нийт,2018,95.2
Булган,45-49,Нийт,2017,95.0
Булган,45-49,Нийт,2016,90.3
Булган,45-49,Нийт,2015,96.6
Булган,45-49,Нийт,2014,90.3
Булган,45-49,Нийт,2013,92.5
Булган,45-49,Нийт,2012,91.7
Булган,45-49,Нийт,2011,95.2
Булган,45-49,Нийт,2010,92.6
Булган,45-49,Нийт,2009,97.4
Булган,45-49,Эрэгтэй,2025,96.3
Булган,45-49,Эрэгтэй,2024,83.6
Булган,45-49,Эрэгтэй,2023,96.6
Булган,45-49,Эрэгтэй,2022,91.8
Булган,45-49,Эрэгтэй,2021,92.1
Булган,45-49,Эрэгтэй,2020,85.6
Булган,45-49,Эрэгтэй,2019,93.5
Булган,45-49,Эрэгтэй,2018,96.0
Булган,45-49,Эрэгтэй,2017,97.9
Булган,45-49,Эрэгтэй,2016,87.5
Булган,45-49,Эрэгтэй,2015,97.5
Булган,45-49,Эрэгтэй,2014,92.1
Булган,45-49,Эрэгтэй,2013,93.3
Булган,45-49,Эрэгтэй,2012,97.2
Булган,45-49,Эрэгтэй,2011,100.0
Булган,45-49,Эрэгтэй,2010,91.4
Булган,45-49,Эрэгтэй,2009,100.0
Булган,45-49,Эмэгтэй,2025,95.6
Булган,45-49,Эмэгтэй,2024,99.0
Булган,45-49,Эмэгтэй,2023,96.9
Булган,45-49,Эмэгтэй,2022,98.8
Булган,45-49,Эмэгтэй,2021,76.7
Булган,45-49,Эмэгтэй,2020,92.5
Булган,45-49,Эмэгтэй,2019,98.8
Булган,45-49,Эмэгтэй,2018,94.4
Булган,45-49,Эмэгтэй,2017,91.9
Булган,45-49,Эмэгтэй,2016,93.8
Булган,45-49,Эмэгтэй,2015,95.8
Булган,45-49,Эмэгтэй,2014,88.7
Булган,45-49,Эмэгтэй,2013,91.8
Булган,45-49,Эмэгтэй,2012,84.8
Булган,45-49,Эмэгтэй,2011,90.3
Булган,45-49,Эмэгтэй,2010,93.6
Булган,45-49,Эмэгтэй,2009,94.4
Булган,50-54,Нийт,2025,89.1
Булган,50-54,Нийт,2024,87.7
Булган,50-54,Нийт,2023,79.0
Булган,50-54,Нийт,2022,74.1
Булган,50-54,Нийт,2021,74.6
Булган,50-54,Нийт,2020,89.9
Булган,50-54,Нийт,2019,88.4
Булган,50-54,Нийт,2018,92.9
Булган,50-54,Нийт,2017,88.5
Булган,50-54,Нийт,2016,82.6
Булган,50-54,Нийт,2015,81.4
Булган,50-54,Нийт,2014,84.1
Булган,50-54,Нийт,2013,88.3
Булган,50-54,Нийт,2012,74.4
Булган,50-54,Нийт,2011,83.5
Булган,50-54,Нийт,2010,78.4
Булган,50-54,Нийт,2009,71.0
Булган,50-54,Эрэгтэй,2025,87.8
Булган,50-54,Эрэгтэй,2024,84.6
Булган,50-54,Эрэгтэй,2023,77.0
Булган,50-54,Эрэгтэй,2022,77.5
Булган,50-54,Эрэгтэй,2021,79.1
Булган,50-54,Эрэгтэй,2020,91.4
Булган,50-54,Эрэгтэй,2019,92.4
Булган,50-54,Эрэгтэй,2018,92.9
Булган,50-54,Эрэгтэй,2017,89.5
Булган,50-54,Эрэгтэй,2016,91.7
Булган,50-54,Эрэгтэй,2015,88.4
Булган,50-54,Эрэгтэй,2014,89.5
Булган,50-54,Эрэгтэй,2013,92.7
Булган,50-54,Эрэгтэй,2012,79.7
Булган,50-54,Эрэгтэй,2011,96.1
Булган,50-54,Эрэгтэй,2010,86.8
Булган,50-54,Эрэгтэй,2009,77.3
Булган,50-54,Эмэгтэй,2025,90.4
Булган,50-54,Эмэгтэй,2024,91.6
Булган,50-54,Эмэгтэй,2023,81.0
Булган,50-54,Эмэгтэй,2022,70.1
Булган,50-54,Эмэгтэй,2021,71.1
Булган,50-54,Эмэгтэй,2020,88.5
Булган,50-54,Эмэгтэй,2019,82.8
Булган,50-54,Эмэгтэй,2018,93.0
Булган,50-54,Эмэгтэй,2017,87.5
Булган,50-54,Эмэгтэй,2016,77.1
Булган,50-54,Эмэгтэй,2015,75.9
Булган,50-54,Эмэгтэй,2014,78.2
Булган,50-54,Эмэгтэй,2013,83.7
Булган,50-54,Эмэгтэй,2012,71.7
Булган,50-54,Эмэгтэй,2011,69.6
Булган,50-54,Эмэгтэй,2010,71.0
Булган,50-54,Эмэгтэй,2009,64.3
Булган,55-59,Нийт,2025,62.1
Булган,55-59,Нийт,2024,70.5
Булган,55-59,Нийт,2023,66.2
Булган,55-59,Нийт,2022,56.8
Булган,55-59,Нийт,2021,29.0
Булган,55-59,Нийт,2020,70.2
Булган,55-59,Нийт,2019,83.4
Булган,55-59,Нийт,2018,71.7
Булган,55-59,Нийт,2017,71.2
Булган,55-59,Нийт,2016,62.9
Булган,55-59,Нийт,2015,75.6
Булган,55-59,Нийт,2014,65.0
Булган,55-59,Нийт,2013,69.7
Булган,55-59,Нийт,2012,69.1
Булган,55-59,Нийт,2011,72.6
Булган,55-59,Нийт,2010,66.4
Булган,55-59,Нийт,2009,38.1
Булган,55-59,Эрэгтэй,2025,79.2
Булган,55-59,Эрэгтэй,2024,80.7
Булган,55-59,Эрэгтэй,2023,79.7
Булган,55-59,Эрэгтэй,2022,72.4
Булган,55-59,Эрэгтэй,2021,53.1
Булган,55-59,Эрэгтэй,2020,86.6
Булган,55-59,Эрэгтэй,2019,87.1
Булган,55-59,Эрэгтэй,2018,94.3
Булган,55-59,Эрэгтэй,2017,86.8
Булган,55-59,Эрэгтэй,2016,79.1
Булган,55-59,Эрэгтэй,2015,85.8
Булган,55-59,Эрэгтэй,2014,77.7
Булган,55-59,Эрэгтэй,2013,76.5
Булган,55-59,Эрэгтэй,2012,81.8
Булган,55-59,Эрэгтэй,2011,89.8
Булган,55-59,Эрэгтэй,2010,72.4
Булган,55-59,Эрэгтэй,2009,59.5
Булган,55-59,Эмэгтэй,2025,48.3
Булган,55-59,Эмэгтэй,2024,59.5
Булган,55-59,Эмэгтэй,2023,55.7
Булган,55-59,Эмэгтэй,2022,45.8
Булган,55-59,Эмэгтэй,2021,8.5
Булган,55-59,Эмэгтэй,2020,58.3
Булган,55-59,Эмэгтэй,2019,78.5
Булган,55-59,Эмэгтэй,2018,54.4
Булган,55-59,Эмэгтэй,2017,51.0
Булган,55-59,Эмэгтэй,2016,49.6
Булган,55-59,Эмэгтэй,2015,65.1
Булган,55-59,Эмэгтэй,2014,54.9
Булган,55-59,Эмэгтэй,2013,60.1
Булган,55-59,Эмэгтэй,2012,58.4
Булган,55-59,Эмэгтэй,2011,59.4
Булган,55-59,Эмэгтэй,2010,59.1
Булган,55-59,Эмэгтэй,2009,28.1
Булган,60-64,Нийт,2025,19.8
Булган,60-64,Нийт,2024,35.4
Булган,60-64,Нийт,2023,36.7
Булган,60-64,Нийт,2022,25.8
Булган,60-64,Нийт,2021,38.3
Булган,60-64,Нийт,2020,32.9
Булган,60-64,Нийт,2019,37.0
Булган,60-64,Нийт,2018,33.8
Булган,60-64,Нийт,2017,40.8
Булган,60-64,Нийт,2016,46.1
Булган,60-64,Нийт,2015,41.7
Булган,60-64,Нийт,2014,29.7
Булган,60-64,Нийт,2013,43.3
Булган,60-64,Нийт,2012,55.4
Булган,60-64,Нийт,2011,56.8
Булган,60-64,Нийт,2010,38.8
Булган,60-64,Нийт,2009,32.3
Булган,60-64,Эрэгтэй,2025,21.3
Булган,60-64,Эрэгтэй,2024,47.6
Булган,60-64,Эрэгтэй,2023,51.9
Булган,60-64,Эрэгтэй,2022,45.9
Булган,60-64,Эрэгтэй,2021,40.5
Булган,60-64,Эрэгтэй,2020,39.7
Булган,60-64,Эрэгтэй,2019,45.3
Булган,60-64,Эрэгтэй,2018,47.2
Булган,60-64,Эрэгтэй,2017,40.2
Булган,60-64,Эрэгтэй,2016,48.1
Булган,60-64,Эрэгтэй,2015,48.2
Булган,60-64,Эрэгтэй,2014,45.1
Булган,60-64,Эрэгтэй,2013,66.1
Булган,60-64,Эрэгтэй,2012,53.5
Булган,60-64,Эрэгтэй,2011,78.8
Булган,60-64,Эрэгтэй,2010,53.1
Булган,60-64,Эрэгтэй,2009,38.8
Булган,60-64,Эмэгтэй,2025,18.2
Булган,60-64,Эмэгтэй,2024,28.4
Булган,60-64,Эмэгтэй,2023,27.3
Булган,60-64,Эмэгтэй,2022,14.2
Булган,60-64,Эмэгтэй,2021,35.5
Булган,60-64,Эмэгтэй,2020,25.5
Булган,60-64,Эмэгтэй,2019,29.3
Булган,60-64,Эмэгтэй,2018,23.9
Булган,60-64,Эмэгтэй,2017,41.3
Булган,60-64,Эмэгтэй,2016,43.9
Булган,60-64,Эмэгтэй,2015,37.3
Булган,60-64,Эмэгтэй,2014,11.5
Булган,60-64,Эмэгтэй,2013,30.3
Булган,60-64,Эмэгтэй,2012,60.3
Булган,60-64,Эмэгтэй,2011,35.5
Булган,60-64,Эмэгтэй,2010,22.0
Булган,60-64,Эмэгтэй,2009,23.5
Булган,65-69,Нийт,2025,0.0
Булган,65-69,Нийт,2024,41.3
Булган,65-69,Нийт,2023,18.7
Булган,65-69,Нийт,2022,25.5
Булган,65-69,Нийт,2021,28.0
Булган,65-69,Нийт,2020,12.4
Булган,65-69,Нийт,2019,20.9
Булган,65-69,Нийт,2018,22.7
Булган,65-69,Нийт,2017,32.6
Булган,65-69,Нийт,2016,23.9
Булган,65-69,Нийт,2015,19.0
Булган,65-69,Нийт,2014,24.4
Булган,65-69,Нийт,2013,49.2
Булган,65-69,Нийт,2012,51.9
Булган,65-69,Нийт,2011,37.6
Булган,65-69,Нийт,2010,50.2
Булган,65-69,Нийт,2009,16.2
Булган,65-69,Эрэгтэй,2025,0.0
Булган,65-69,Эрэгтэй,2024,47.3
Булган,65-69,Эрэгтэй,2023,27.3
Булган,65-69,Эрэгтэй,2022,15.9
Булган,65-69,Эрэгтэй,2021,35.7
Булган,65-69,Эрэгтэй,2020,6.9
Булган,65-69,Эрэгтэй,2019,18.9
Булган,65-69,Эрэгтэй,2018,30.4
Булган,65-69,Эрэгтэй,2017,42.6
Булган,65-69,Эрэгтэй,2016,39.6
Булган,65-69,Эрэгтэй,2015,51.3
Булган,65-69,Эрэгтэй,2014,33.8
Булган,65-69,Эрэгтэй,2013,50.1
Булган,65-69,Эрэгтэй,2012,58.1
Булган,65-69,Эрэгтэй,2011,41.0
Булган,65-69,Эрэгтэй,2010,46.0
Булган,65-69,Эрэгтэй,2009,0.0
Булган,65-69,Эмэгтэй,2025,0.0
Булган,65-69,Эмэгтэй,2024,32.2
Булган,65-69,Эмэгтэй,2023,9.4
Булган,65-69,Эмэгтэй,2022,44.9
Булган,65-69,Эмэгтэй,2021,23.6
Булган,65-69,Эмэгтэй,2020,16.7
Булган,65-69,Эмэгтэй,2019,22.5
Булган,65-69,Эмэгтэй,2018,13.7
Булган,65-69,Эмэгтэй,2017,23.3
Булган,65-69,Эмэгтэй,2016,12.9
Булган,65-69,Эмэгтэй,2015,0.0
Булган,65-69,Эмэгтэй,2014,11.9
Булган,65-69,Эмэгтэй,2013,48.0
Булган,65-69,Эмэгтэй,2012,39.3
Булган,65-69,Эмэгтэй,2011,33.8
Булган,65-69,Эмэгтэй,2010,56.7
Булган,65-69,Эмэгтэй,2009,44.8
Булган,70+,Нийт,2025,1.6
Булган,70+,Нийт,2024,13.6
Булган,70+,Нийт,2023,0.0
Булган,70+,Нийт,2022,8.1
Булган,70+,Нийт,2021,2.0
Булган,70+,Нийт,2020,8.9
Булган,70+,Нийт,2019,13.8
Булган,70+,Нийт,2018,0.0
Булган,70+,Нийт,2017,15.4
Булган,70+,Нийт,2016,7.4
Булган,70+,Нийт,2015,5.7
Булган,70+,Нийт,2014,10.4
Булган,70+,Нийт,2013,9.4
Булган,70+,Нийт,2012,4.3
Булган,70+,Нийт,2011,11.1
Булган,70+,Нийт,2010,13.4
Булган,70+,Нийт,2009,0.0
Булган,70+,Эрэгтэй,2025,0.0
Булган,70+,Эрэгтэй,2024,44.4
Булган,70+,Эрэгтэй,2023,0.0
Булган,70+,Эрэгтэй,2022,13.9
Булган,70+,Эрэгтэй,2021,2.3
Булган,70+,Эрэгтэй,2020,14.0
Булган,70+,Эрэгтэй,2019,12.3
Булган,70+,Эрэгтэй,2018,0.0
Булган,70+,Эрэгтэй,2017,20.4
Булган,70+,Эрэгтэй,2016,19.2
Булган,70+,Эрэгтэй,2015,16.8
Булган,70+,Эрэгтэй,2014,13.7
Булган,70+,Эрэгтэй,2013,18.2
Булган,70+,Эрэгтэй,2012,0.0
Булган,70+,Эрэгтэй,2011,22.0
Булган,70+,Эрэгтэй,2010,24.3
Булган,70+,Эрэгтэй,2009,0.0
Булган,70+,Эмэгтэй,2025,2.3
Булган,70+,Эмэгтэй,2024,2.8
Булган,70+,Эмэгтэй,2023,0.0
Булган,70+,Эмэгтэй,2022,6.3
Булган,70+,Эмэгтэй,2021,1.7
Булган,70+,Эмэгтэй,2020,0.0
Булган,70+,Эмэгтэй,2019,15.0
Булган,70+,Эмэгтэй,2018,0.0
Булган,70+,Эмэгтэй,2017,12.9
Булган,70+,Эмэгтэй,2016,0.0
Булган,70+,Эмэгтэй,2015,0.0
Булган,70+,Эмэгтэй,2014,6.9
Булган,70+,Эмэгтэй,2013,3.9
Булган,70+,Эмэгтэй,2012,6.1
Булган,70+,Эмэгтэй,2011,4.4
Булган,70+,Эмэгтэй,2010,6.7
Булган,70+,Эмэгтэй,2009,0.0
Орхон,Бүгд,Нийт,2025,51.4
Орхон,Бүгд,Нийт,2024,46.2
Орхон,Бүгд,Нийт,2023,52.5
Орхон,Бүгд,Нийт,2022,62.0
Орхон,Бүгд,Нийт,2021,62.6
Орхон,Бүгд,Нийт,2020,62.5
Орхон,Бүгд,Нийт,2019,58.5
Орхон,Бүгд,Нийт,2018,64.2
Орхон,Бүгд,Нийт,2017,64.2
Орхон,Бүгд,Нийт,2016,64.2
Орхон,Бүгд,Нийт,2015,64.6
Орхон,Бүгд,Нийт,2014,65.7
Орхон,Бүгд,Нийт,2013,64.9
Орхон,Бүгд,Нийт,2012,65.7
Орхон,Бүгд,Нийт,2011,59.5
Орхон,Бүгд,Нийт,2010,56.6
Орхон,Бүгд,Нийт,2009,64.0
Орхон,Бүгд,Эрэгтэй,2025,60.2
Орхон,Бүгд,Эрэгтэй,2024,59.3
Орхон,Бүгд,Эрэгтэй,2023,64.8
Орхон,Бүгд,Эрэгтэй,2022,70.3
Орхон,Бүгд,Эрэгтэй,2021,73.2
Орхон,Бүгд,Эрэгтэй,2020,71.1
Орхон,Бүгд,Эрэгтэй,2019,64.8
Орхон,Бүгд,Эрэгтэй,2018,71.3
Орхон,Бүгд,Эрэгтэй,2017,71.2
Орхон,Бүгд,Эрэгтэй,2016,70.0
Орхон,Бүгд,Эрэгтэй,2015,70.1
Орхон,Бүгд,Эрэгтэй,2014,72.4
Орхон,Бүгд,Эрэгтэй,2013,70.5
Орхон,Бүгд,Эрэгтэй,2012,73.3
Орхон,Бүгд,Эрэгтэй,2011,63.8
Орхон,Бүгд,Эрэгтэй,2010,62.5
Орхон,Бүгд,Эрэгтэй,2009,68.3
Орхон,Бүгд,Эмэгтэй,2025,43.5
Орхон,Бүгд,Эмэгтэй,2024,33.3
Орхон,Бүгд,Эмэгтэй,2023,41.8
Орхон,Бүгд,Эмэгтэй,2022,54.6
Орхон,Бүгд,Эмэгтэй,2021,52.8
Орхон,Бүгд,Эмэгтэй,2020,54.1
Орхон,Бүгд,Эмэгтэй,2019,53.1
Орхон,Бүгд,Эмэгтэй,2018,57.9
Орхон,Бүгд,Эмэгтэй,2017,57.9
Орхон,Бүгд,Эмэгтэй,2016,58.9
Орхон,Бүгд,Эмэгтэй,2015,60.0
Орхон,Бүгд,Эмэгтэй,2014,59.5
Орхон,Бүгд,Эмэгтэй,2013,59.6
Орхон,Бүгд,Эмэгтэй,2012,59.1
Орхон,Бүгд,Эмэгтэй,2011,55.4
Орхон,Бүгд,Эмэгтэй,2010,51.2
Орхон,Бүгд,Эмэгтэй,2009,60.1
Орхон,15-19,Нийт,2025,2.8
Орхон,15-19,Нийт,2024,1.9
Орхон,15-19,Нийт,2023,1.3
Орхон,15-19,Нийт,2022,3.9
Орхон,15-19,Нийт,2021,9.2
Орхон,15-19,Нийт,2020,8.4
Орхон,15-19,Нийт,2019,6.7
Орхон,15-19,Нийт,2018,1.6
Орхон,15-19,Нийт,2017,7.6
Орхон,15-19,Нийт,2016,8.5
Орхон,15-19,Нийт,2015,5.6
Орхон,15-19,Нийт,2014,10.8
Орхон,15-19,Нийт,2013,7.1
Орхон,15-19,Нийт,2012,31.0
Орхон,15-19,Нийт,2011,11.1
Орхон,15-19,Нийт,2010,8.0
Орхон,15-19,Нийт,2009,20.9
Орхон,15-19,Эрэгтэй,2025,0.0
Орхон,15-19,Эрэгтэй,2024,4.5
Орхон,15-19,Эрэгтэй,2023,1.8
Орхон,15-19,Эрэгтэй,2022,0.0
Орхон,15-19,Эрэгтэй,2021,11.5
Орхон,15-19,Эрэгтэй,2020,9.3
Орхон,15-19,Эрэгтэй,2019,10.7
Орхон,15-19,Эрэгтэй,2018,0.0
Орхон,15-19,Эрэгтэй,2017,11.8
Орхон,15-19,Эрэгтэй,2016,6.1
Орхон,15-19,Эрэгтэй,2015,4.7
Орхон,15-19,Эрэгтэй,2014,15.1
Орхон,15-19,Эрэгтэй,2013,9.1
Орхон,15-19,Эрэгтэй,2012,27.3
Орхон,15-19,Эрэгтэй,2011,16.2
Орхон,15-19,Эрэгтэй,2010,10.3
Орхон,15-19,Эрэгтэй,2009,30.9
Орхон,15-19,Эмэгтэй,2025,6.3
Орхон,15-19,Эмэгтэй,2024,0.0
Орхон,15-19,Эмэгтэй,2023,1.1
Орхон,15-19,Эмэгтэй,2022,9.1
Орхон,15-19,Эмэгтэй,2021,6.7
Орхон,15-19,Эмэгтэй,2020,7.0
Орхон,15-19,Эмэгтэй,2019,1.7
Орхон,15-19,Эмэгтэй,2018,4.2
Орхон,15-19,Эмэгтэй,2017,2.5
Орхон,15-19,Эмэгтэй,2016,11.1
Орхон,15-19,Эмэгтэй,2015,6.6
Орхон,15-19,Эмэгтэй,2014,5.6
Орхон,15-19,Эмэгтэй,2013,5.1
Орхон,15-19,Эмэгтэй,2012,34.2
Орхон,15-19,Эмэгтэй,2011,5.4
Орхон,15-19,Эмэгтэй,2010,5.8
Орхон,15-19,Эмэгтэй,2009,7.6
Орхон,20-24,Нийт,2025,37.1
Орхон,20-24,Нийт,2024,46.8
Орхон,20-24,Нийт,2023,49.6
Орхон,20-24,Нийт,2022,77.0
Орхон,20-24,Нийт,2021,85.1
Орхон,20-24,Нийт,2020,65.8
Орхон,20-24,Нийт,2019,69.8
Орхон,20-24,Нийт,2018,64.5
Орхон,20-24,Нийт,2017,74.5
Орхон,20-24,Нийт,2016,70.8
Орхон,20-24,Нийт,2015,51.4
Орхон,20-24,Нийт,2014,53.2
Орхон,20-24,Нийт,2013,72.6
Орхон,20-24,Нийт,2012,74.1
Орхон,20-24,Нийт,2011,45.1
Орхон,20-24,Нийт,2010,47.8
Орхон,20-24,Нийт,2009,47.5
Орхон,20-24,Эрэгтэй,2025,43.9
Орхон,20-24,Эрэгтэй,2024,70.5
Орхон,20-24,Эрэгтэй,2023,76.0
Орхон,20-24,Эрэгтэй,2022,81.3
Орхон,20-24,Эрэгтэй,2021,96.3
Орхон,20-24,Эрэгтэй,2020,77.2
Орхон,20-24,Эрэгтэй,2019,76.9
Орхон,20-24,Эрэгтэй,2018,77.6
Орхон,20-24,Эрэгтэй,2017,85.6
Орхон,20-24,Эрэгтэй,2016,72.9
Орхон,20-24,Эрэгтэй,2015,60.1
Орхон,20-24,Эрэгтэй,2014,50.2
Орхон,20-24,Эрэгтэй,2013,78.0
Орхон,20-24,Эрэгтэй,2012,79.4
Орхон,20-24,Эрэгтэй,2011,48.3
Орхон,20-24,Эрэгтэй,2010,51.2
Орхон,20-24,Эрэгтэй,2009,52.5
Орхон,20-24,Эмэгтэй,2025,27.8
Орхон,20-24,Эмэгтэй,2024,11.3
Орхон,20-24,Эмэгтэй,2023,17.2
Орхон,20-24,Эмэгтэй,2022,72.9
Орхон,20-24,Эмэгтэй,2021,71.7
Орхон,20-24,Эмэгтэй,2020,48.1
Орхон,20-24,Эмэгтэй,2019,63.8
Орхон,20-24,Эмэгтэй,2018,51.4
Орхон,20-24,Эмэгтэй,2017,62.4
Орхон,20-24,Эмэгтэй,2016,67.7
Орхон,20-24,Эмэгтэй,2015,41.4
Орхон,20-24,Эмэгтэй,2014,56.2
Орхон,20-24,Эмэгтэй,2013,66.9
Орхон,20-24,Эмэгтэй,2012,67.0
Орхон,20-24,Эмэгтэй,2011,41.8
Орхон,20-24,Эмэгтэй,2010,44.2
Орхон,20-24,Эмэгтэй,2009,43.7
Орхон,25-29,Нийт,2025,79.0
Орхон,25-29,Нийт,2024,66.5
Орхон,25-29,Нийт,2023,67.5
Орхон,25-29,Нийт,2022,73.3
Орхон,25-29,Нийт,2021,84.6
Орхон,25-29,Нийт,2020,73.3
Орхон,25-29,Нийт,2019,73.6
Орхон,25-29,Нийт,2018,81.2
Орхон,25-29,Нийт,2017,83.0
Орхон,25-29,Нийт,2016,77.9
Орхон,25-29,Нийт,2015,83.7
Орхон,25-29,Нийт,2014,85.5
Орхон,25-29,Нийт,2013,88.1
Орхон,25-29,Нийт,2012,73.1
Орхон,25-29,Нийт,2011,76.4
Орхон,25-29,Нийт,2010,74.2
Орхон,25-29,Нийт,2009,75.1
Орхон,25-29,Эрэгтэй,2025,96.3
Орхон,25-29,Эрэгтэй,2024,96.0
Орхон,25-29,Эрэгтэй,2023,80.3
Орхон,25-29,Эрэгтэй,2022,91.4
Орхон,25-29,Эрэгтэй,2021,98.5
Орхон,25-29,Эрэгтэй,2020,93.6
Орхон,25-29,Эрэгтэй,2019,88.3
Орхон,25-29,Эрэгтэй,2018,88.6
Орхон,25-29,Эрэгтэй,2017,88.6
Орхон,25-29,Эрэгтэй,2016,94.4
Орхон,25-29,Эрэгтэй,2015,88.9
Орхон,25-29,Эрэгтэй,2014,96.6
Орхон,25-29,Эрэгтэй,2013,93.2
Орхон,25-29,Эрэгтэй,2012,87.0
Орхон,25-29,Эрэгтэй,2011,83.9
Орхон,25-29,Эрэгтэй,2010,90.7
Орхон,25-29,Эрэгтэй,2009,80.0
Орхон,25-29,Эмэгтэй,2025,67.6
Орхон,25-29,Эмэгтэй,2024,31.9
Орхон,25-29,Эмэгтэй,2023,57.1
Орхон,25-29,Эмэгтэй,2022,62.9
Орхон,25-29,Эмэгтэй,2021,67.5
Орхон,25-29,Эмэгтэй,2020,57.7
Орхон,25-29,Эмэгтэй,2019,56.0
Орхон,25-29,Эмэгтэй,2018,75.5
Орхон,25-29,Эмэгтэй,2017,79.0
Орхон,25-29,Эмэгтэй,2016,64.1
Орхон,25-29,Эмэгтэй,2015,79.0
Орхон,25-29,Эмэгтэй,2014,74.0
Орхон,25-29,Эмэгтэй,2013,83.2
Орхон,25-29,Эмэгтэй,2012,61.7
Орхон,25-29,Эмэгтэй,2011,67.8
Орхон,25-29,Эмэгтэй,2010,58.0
Орхон,25-29,Эмэгтэй,2009,70.7
Орхон,30-34,Нийт,2025,79.8
Орхон,30-34,Нийт,2024,70.1
Орхон,30-34,Нийт,2023,75.6
Орхон,30-34,Нийт,2022,76.2
Орхон,30-34,Нийт,2021,77.9
Орхон,30-34,Нийт,2020,77.7
Орхон,30-34,Нийт,2019,77.6
Орхон,30-34,Нийт,2018,81.5
Орхон,30-34,Нийт,2017,85.8
Орхон,30-34,Нийт,2016,87.2
Орхон,30-34,Нийт,2015,82.1
Орхон,30-34,Нийт,2014,78.5
Орхон,30-34,Нийт,2013,82.7
Орхон,30-34,Нийт,2012,78.1
Орхон,30-34,Нийт,2011,81.5
Орхон,30-34,Нийт,2010,73.8
Орхон,30-34,Нийт,2009,93.4
Орхон,30-34,Эрэгтэй,2025,93.0
Орхон,30-34,Эрэгтэй,2024,76.4
Орхон,30-34,Эрэгтэй,2023,90.8
Орхон,30-34,Эрэгтэй,2022,99.2
Орхон,30-34,Эрэгтэй,2021,89.8
Орхон,30-34,Эрэгтэй,2020,93.6
Орхон,30-34,Эрэгтэй,2019,89.9
Орхон,30-34,Эрэгтэй,2018,90.6
Орхон,30-34,Эрэгтэй,2017,98.6
Орхон,30-34,Эрэгтэй,2016,96.9
Орхон,30-34,Эрэгтэй,2015,94.3
Орхон,30-34,Эрэгтэй,2014,97.7
Орхон,30-34,Эрэгтэй,2013,91.6
Орхон,30-34,Эрэгтэй,2012,90.8
Орхон,30-34,Эрэгтэй,2011,87.7
Орхон,30-34,Эрэгтэй,2010,89.7
Орхон,30-34,Эрэгтэй,2009,96.2
Орхон,30-34,Эмэгтэй,2025,71.8
Орхон,30-34,Эмэгтэй,2024,63.4
Орхон,30-34,Эмэгтэй,2023,57.2
Орхон,30-34,Эмэгтэй,2022,55.9
Орхон,30-34,Эмэгтэй,2021,70.3
Орхон,30-34,Эмэгтэй,2020,58.7
Орхон,30-34,Эмэгтэй,2019,69.3
Орхон,30-34,Эмэгтэй,2018,71.4
Орхон,30-34,Эмэгтэй,2017,71.4
Орхон,30-34,Эмэгтэй,2016,77.2
Орхон,30-34,Эмэгтэй,2015,71.2
Орхон,30-34,Эмэгтэй,2014,65.3
Орхон,30-34,Эмэгтэй,2013,74.2
Орхон,30-34,Эмэгтэй,2012,67.3
Орхон,30-34,Эмэгтэй,2011,76.3
Орхон,30-34,Эмэгтэй,2010,63.0
Орхон,30-34,Эмэгтэй,2009,91.1
Орхон,35-39,Нийт,2025,76.6
Орхон,35-39,Нийт,2024,71.5
Орхон,35-39,Нийт,2023,76.6
Орхон,35-39,Нийт,2022,84.3
Орхон,35-39,Нийт,2021,83.0
Орхон,35-39,Нийт,2020,81.1
Орхон,35-39,Нийт,2019,72.9
Орхон,35-39,Нийт,2018,83.3
Орхон,35-39,Нийт,2017,87.1
Орхон,35-39,Нийт,2016,87.4
Орхон,35-39,Нийт,2015,90.3
Орхон,35-39,Нийт,2014,84.7
Орхон,35-39,Нийт,2013,87.4
Орхон,35-39,Нийт,2012,85.4
Орхон,35-39,Нийт,2011,86.5
Орхон,35-39,Нийт,2010,90.8
Орхон,35-39,Нийт,2009,94.5
Орхон,35-39,Эрэгтэй,2025,96.0
Орхон,35-39,Эрэгтэй,2024,96.2
Орхон,35-39,Эрэгтэй,2023,89.4
Орхон,35-39,Эрэгтэй,2022,89.2
Орхон,35-39,Эрэгтэй,2021,94.4
Орхон,35-39,Эрэгтэй,2020,95.7
Орхон,35-39,Эрэгтэй,2019,91.5
Орхон,35-39,Эрэгтэй,2018,93.1
Орхон,35-39,Эрэгтэй,2017,90.0
Орхон,35-39,Эрэгтэй,2016,91.1
Орхон,35-39,Эрэгтэй,2015,93.7
Орхон,35-39,Эрэгтэй,2014,96.2
Орхон,35-39,Эрэгтэй,2013,89.0
Орхон,35-39,Эрэгтэй,2012,95.0
Орхон,35-39,Эрэгтэй,2011,85.5
Орхон,35-39,Эрэгтэй,2010,94.8
Орхон,35-39,Эрэгтэй,2009,94.2
Орхон,35-39,Эмэгтэй,2025,54.9
Орхон,35-39,Эмэгтэй,2024,49.9
Орхон,35-39,Эмэгтэй,2023,65.1
Орхон,35-39,Эмэгтэй,2022,77.7
Орхон,35-39,Эмэгтэй,2021,69.2
Орхон,35-39,Эмэгтэй,2020,69.5
Орхон,35-39,Эмэгтэй,2019,60.8
Орхон,35-39,Эмэгтэй,2018,74.3
Орхон,35-39,Эмэгтэй,2017,84.1
Орхон,35-39,Эмэгтэй,2016,84.2
Орхон,35-39,Эмэгтэй,2015,87.4
Орхон,35-39,Эмэгтэй,2014,74.6
Орхон,35-39,Эмэгтэй,2013,85.8
Орхон,35-39,Эмэгтэй,2012,77.5
Орхон,35-39,Эмэгтэй,2011,87.6
Орхон,35-39,Эмэгтэй,2010,86.3
Орхон,35-39,Эмэгтэй,2009,94.7
Орхон,40-44,Нийт,2025,82.3
Орхон,40-44,Нийт,2024,74.5
Орхон,40-44,Нийт,2023,69.8
Орхон,40-44,Нийт,2022,78.9
Орхон,40-44,Нийт,2021,89.8
Орхон,40-44,Нийт,2020,83.7
Орхон,40-44,Нийт,2019,84.0
Орхон,40-44,Нийт,2018,84.1
Орхон,40-44,Нийт,2017,87.1
Орхон,40-44,Нийт,2016,88.4
Орхон,40-44,Нийт,2015,81.7
Орхон,40-44,Нийт,2014,88.3
Орхон,40-44,Нийт,2013,89.9
Орхон,40-44,Нийт,2012,84.4
Орхон,40-44,Нийт,2011,90.3
Орхон,40-44,Нийт,2010,88.2
Орхон,40-44,Нийт,2009,94.8
Орхон,40-44,Эрэгтэй,2025,90.5
Орхон,40-44,Эрэгтэй,2024,80.0
Орхон,40-44,Эрэгтэй,2023,73.9
Орхон,40-44,Эрэгтэй,2022,85.5
Орхон,40-44,Эрэгтэй,2021,98.7
Орхон,40-44,Эрэгтэй,2020,96.4
Орхон,40-44,Эрэгтэй,2019,86.0
Орхон,40-44,Эрэгтэй,2018,97.8
Орхон,40-44,Эрэгтэй,2017,87.1
Орхон,40-44,Эрэгтэй,2016,91.3
Орхон,40-44,Эрэгтэй,2015,90.1
Орхон,40-44,Эрэгтэй,2014,93.9
Орхон,40-44,Эрэгтэй,2013,91.3
Орхон,40-44,Эрэгтэй,2012,88.6
Орхон,40-44,Эрэгтэй,2011,90.5
Орхон,40-44,Эрэгтэй,2010,94.1
Орхон,40-44,Эрэгтэй,2009,95.9
Орхон,40-44,Эмэгтэй,2025,75.6
Орхон,40-44,Эмэгтэй,2024,69.3
Орхон,40-44,Эмэгтэй,2023,65.6
Орхон,40-44,Эмэгтэй,2022,73.9
Орхон,40-44,Эмэгтэй,2021,82.0
Орхон,40-44,Эмэгтэй,2020,71.7
Орхон,40-44,Эмэгтэй,2019,81.6
Орхон,40-44,Эмэгтэй,2018,73.1
Орхон,40-44,Эмэгтэй,2017,87.0
Орхон,40-44,Эмэгтэй,2016,85.9
Орхон,40-44,Эмэгтэй,2015,74.5
Орхон,40-44,Эмэгтэй,2014,83.4
Орхон,40-44,Эмэгтэй,2013,88.7
Орхон,40-44,Эмэгтэй,2012,80.4
Орхон,40-44,Эмэгтэй,2011,90.2
Орхон,40-44,Эмэгтэй,2010,82.7
Орхон,40-44,Эмэгтэй,2009,94.0
Орхон,45-49,Нийт,2025,85.1
Орхон,45-49,Нийт,2024,65.1
Орхон,45-49,Нийт,2023,79.6
Орхон,45-49,Нийт,2022,88.4
Орхон,45-49,Нийт,2021,89.8
Орхон,45-49,Нийт,2020,88.8
Орхон,45-49,Нийт,2019,77.3
Орхон,45-49,Нийт,2018,89.0
Орхон,45-49,Нийт,2017,79.6
Орхон,45-49,Нийт,2016,84.5
Орхон,45-49,Нийт,2015,92.2
Орхон,45-49,Нийт,2014,86.4
Орхон,45-49,Нийт,2013,87.6
Орхон,45-49,Нийт,2012,77.5
Орхон,45-49,Нийт,2011,75.2
Орхон,45-49,Нийт,2010,80.2
Орхон,45-49,Нийт,2009,88.6
Орхон,45-49,Эрэгтэй,2025,93.5
Орхон,45-49,Эрэгтэй,2024,58.3
Орхон,45-49,Эрэгтэй,2023,81.3
Орхон,45-49,Эрэгтэй,2022,92.7
Орхон,45-49,Эрэгтэй,2021,94.5
Орхон,45-49,Эрэгтэй,2020,89.1
Орхон,45-49,Эрэгтэй,2019,74.7
Орхон,45-49,Эрэгтэй,2018,90.0
Орхон,45-49,Эрэгтэй,2017,82.7
Орхон,45-49,Эрэгтэй,2016,86.5
Орхон,45-49,Эрэгтэй,2015,91.0
Орхон,45-49,Эрэгтэй,2014,87.0
Орхон,45-49,Эрэгтэй,2013,94.4
Орхон,45-49,Эрэгтэй,2012,81.8
Орхон,45-49,Эрэгтэй,2011,76.4
Орхон,45-49,Эрэгтэй,2010,85.9
Орхон,45-49,Эрэгтэй,2009,93.1
Орхон,45-49,Эмэгтэй,2025,74.6
Орхон,45-49,Эмэгтэй,2024,73.2
Орхон,45-49,Эмэгтэй,2023,78.4
Орхон,45-49,Эмэгтэй,2022,84.2
Орхон,45-49,Эмэгтэй,2021,84.6
Орхон,45-49,Эмэгтэй,2020,88.6
Орхон,45-49,Эмэгтэй,2019,79.7
Орхон,45-49,Эмэгтэй,2018,88.5
Орхон,45-49,Эмэгтэй,2017,76.9
Орхон,45-49,Эмэгтэй,2016,82.5
Орхон,45-49,Эмэгтэй,2015,93.3
Орхон,45-49,Эмэгтэй,2014,85.9
Орхон,45-49,Эмэгтэй,2013,81.4
Орхон,45-49,Эмэгтэй,2012,74.0
Орхон,45-49,Эмэгтэй,2011,74.2
Орхон,45-49,Эмэгтэй,2010,75.8
Орхон,45-49,Эмэгтэй,2009,84.7
Орхон,50-54,Нийт,2025,67.7
Орхон,50-54,Нийт,2024,56.6
Орхон,50-54,Нийт,2023,67.2
Орхон,50-54,Нийт,2022,82.2
Орхон,50-54,Нийт,2021,73.1
Орхон,50-54,Нийт,2020,73.7
Орхон,50-54,Нийт,2019,66.5
Орхон,50-54,Нийт,2018,72.2
Орхон,50-54,Нийт,2017,71.5
Орхон,50-54,Нийт,2016,69.7
Орхон,50-54,Нийт,2015,69.8
Орхон,50-54,Нийт,2014,73.0
Орхон,50-54,Нийт,2013,63.8
Орхон,50-54,Нийт,2012,64.7
Орхон,50-54,Нийт,2011,64.3
Орхон,50-54,Нийт,2010,63.9
Орхон,50-54,Нийт,2009,63.3
Орхон,50-54,Эрэгтэй,2025,74.8
Орхон,50-54,Эрэгтэй,2024,69.9
Орхон,50-54,Эрэгтэй,2023,71.9
Орхон,50-54,Эрэгтэй,2022,81.4
Орхон,50-54,Эрэгтэй,2021,84.7
Орхон,50-54,Эрэгтэй,2020,69.5
Орхон,50-54,Эрэгтэй,2019,68.8
Орхон,50-54,Эрэгтэй,2018,81.4
Орхон,50-54,Эрэгтэй,2017,78.6
Орхон,50-54,Эрэгтэй,2016,79.0
Орхон,50-54,Эрэгтэй,2015,78.7
Орхон,50-54,Эрэгтэй,2014,83.3
Орхон,50-54,Эрэгтэй,2013,72.2
Орхон,50-54,Эрэгтэй,2012,73.0
Орхон,50-54,Эрэгтэй,2011,76.1
Орхон,50-54,Эрэгтэй,2010,61.7
Орхон,50-54,Эрэгтэй,2009,76.7
Орхон,50-54,Эмэгтэй,2025,62.0
Орхон,50-54,Эмэгтэй,2024,41.9
Орхон,50-54,Эмэгтэй,2023,62.6
Орхон,50-54,Эмэгтэй,2022,82.9
Орхон,50-54,Эмэгтэй,2021,63.1
Орхон,50-54,Эмэгтэй,2020,79.3
Орхон,50-54,Эмэгтэй,2019,64.6
Орхон,50-54,Эмэгтэй,2018,64.6
Орхон,50-54,Эмэгтэй,2017,66.2
Орхон,50-54,Эмэгтэй,2016,63.7
Орхон,50-54,Эмэгтэй,2015,63.8
Орхон,50-54,Эмэгтэй,2014,63.7
Орхон,50-54,Эмэгтэй,2013,57.0
Орхон,50-54,Эмэгтэй,2012,58.4
Орхон,50-54,Эмэгтэй,2011,50.9
Орхон,50-54,Эмэгтэй,2010,65.9
Орхон,50-54,Эмэгтэй,2009,49.3
Орхон,55-59,Нийт,2025,21.3
Орхон,55-59,Нийт,2024,11.2
Орхон,55-59,Нийт,2023,27.1
Орхон,55-59,Нийт,2022,33.4
Орхон,55-59,Нийт,2021,32.8
Орхон,55-59,Нийт,2020,57.6
Орхон,55-59,Нийт,2019,37.7
Орхон,55-59,Нийт,2018,42.0
Орхон,55-59,Нийт,2017,37.6
Орхон,55-59,Нийт,2016,28.6
Орхон,55-59,Нийт,2015,56.5
Орхон,55-59,Нийт,2014,61.8
Орхон,55-59,Нийт,2013,43.0
Орхон,55-59,Нийт,2012,53.2
Орхон,55-59,Нийт,2011,35.8
Орхон,55-59,Нийт,2010,41.4
Орхон,55-59,Нийт,2009,42.4
Орхон,55-59,Эрэгтэй,2025,41.2
Орхон,55-59,Эрэгтэй,2024,19.8
Орхон,55-59,Эрэгтэй,2023,35.4
Орхон,55-59,Эрэгтэй,2022,45.5
Орхон,55-59,Эрэгтэй,2021,50.2
Орхон,55-59,Эрэгтэй,2020,73.0
Орхон,55-59,Эрэгтэй,2019,39.7
Орхон,55-59,Эрэгтэй,2018,59.8
Орхон,55-59,Эрэгтэй,2017,53.9
Орхон,55-59,Эрэгтэй,2016,41.3
Орхон,55-59,Эрэгтэй,2015,67.3
Орхон,55-59,Эрэгтэй,2014,75.1
Орхон,55-59,Эрэгтэй,2013,59.6
Орхон,55-59,Эрэгтэй,2012,66.3
Орхон,55-59,Эрэгтэй,2011,46.5
Орхон,55-59,Эрэгтэй,2010,52.6
Орхон,55-59,Эрэгтэй,2009,68.0
Орхон,55-59,Эмэгтэй,2025,8.4
Орхон,55-59,Эмэгтэй,2024,6.7
Орхон,55-59,Эмэгтэй,2023,23.4
Орхон,55-59,Эмэгтэй,2022,25.3
Орхон,55-59,Эмэгтэй,2021,11.7
Орхон,55-59,Эмэгтэй,2020,45.5
Орхон,55-59,Эмэгтэй,2019,36.5
Орхон,55-59,Эмэгтэй,2018,17.5
Орхон,55-59,Эмэгтэй,2017,20.0
Орхон,55-59,Эмэгтэй,2016,19.0
Орхон,55-59,Эмэгтэй,2015,47.7
Орхон,55-59,Эмэгтэй,2014,46.4
Орхон,55-59,Эмэгтэй,2013,27.5
Орхон,55-59,Эмэгтэй,2012,44.1
Орхон,55-59,Эмэгтэй,2011,27.1
Орхон,55-59,Эмэгтэй,2010,30.9
Орхон,55-59,Эмэгтэй,2009,22.4
Орхон,60-64,Нийт,2025,1.7
Орхон,60-64,Нийт,2024,2.7
Орхон,60-64,Нийт,2023,12.5
Орхон,60-64,Нийт,2022,9.8
Орхон,60-64,Нийт,2021,13.8
Орхон,60-64,Нийт,2020,12.2
Орхон,60-64,Нийт,2019,19.1
Орхон,60-64,Нийт,2018,11.0
Орхон,60-64,Нийт,2017,7.3
Орхон,60-64,Нийт,2016,0.0
Орхон,60-64,Нийт,2015,18.7
Орхон,60-64,Нийт,2014,17.9
Орхон,60-64,Нийт,2013,0.0
Орхон,60-64,Нийт,2012,15.1
Орхон,60-64,Нийт,2011,20.3
Орхон,60-64,Нийт,2010,12.6
Орхон,60-64,Нийт,2009,33.0
Орхон,60-64,Эрэгтэй,2025,1.9
Орхон,60-64,Эрэгтэй,2024,2.6
Орхон,60-64,Эрэгтэй,2023,20.8
Орхон,60-64,Эрэгтэй,2022,6.5
Орхон,60-64,Эрэгтэй,2021,7.3
Орхон,60-64,Эрэгтэй,2020,17.9
Орхон,60-64,Эрэгтэй,2019,18.1
Орхон,60-64,Эрэгтэй,2018,9.0
Орхон,60-64,Эрэгтэй,2017,0.0
Орхон,60-64,Эрэгтэй,2016,0.0
Орхон,60-64,Эрэгтэй,2015,14.4
Орхон,60-64,Эрэгтэй,2014,29.4
Орхон,60-64,Эрэгтэй,2013,0.0
Орхон,60-64,Эрэгтэй,2012,14.6
Орхон,60-64,Эрэгтэй,2011,14.6
Орхон,60-64,Эрэгтэй,2010,18.3
Орхон,60-64,Эрэгтэй,2009,34.7
Орхон,60-64,Эмэгтэй,2025,1.5
Орхон,60-64,Эмэгтэй,2024,2.7
Орхон,60-64,Эмэгтэй,2023,1.3
Орхон,60-64,Эмэгтэй,2022,13.9
Орхон,60-64,Эмэгтэй,2021,17.4
Орхон,60-64,Эмэгтэй,2020,5.6
Орхон,60-64,Эмэгтэй,2019,20.2
Орхон,60-64,Эмэгтэй,2018,12.4
Орхон,60-64,Эмэгтэй,2017,11.0
Орхон,60-64,Эмэгтэй,2016,0.0
Орхон,60-64,Эмэгтэй,2015,23.5
Орхон,60-64,Эмэгтэй,2014,6.0
Орхон,60-64,Эмэгтэй,2013,0.0
Орхон,60-64,Эмэгтэй,2012,15.6
Орхон,60-64,Эмэгтэй,2011,23.8
Орхон,60-64,Эмэгтэй,2010,7.6
Орхон,60-64,Эмэгтэй,2009,29.9
Орхон,65-69,Нийт,2025,3.1
Орхон,65-69,Нийт,2024,0.0
Орхон,65-69,Нийт,2023,10.4
Орхон,65-69,Нийт,2022,0.0
Орхон,65-69,Нийт,2021,9.6
Орхон,65-69,Нийт,2020,8.2
Орхон,65-69,Нийт,2019,17.2
Орхон,65-69,Нийт,2018,0.0
Орхон,65-69,Нийт,2017,15.9
Орхон,65-69,Нийт,2016,4.0
Орхон,65-69,Нийт,2015,0.0
Орхон,65-69,Нийт,2014,16.5
Орхон,65-69,Нийт,2013,3.1
Орхон,65-69,Нийт,2012,12.8
Орхон,65-69,Нийт,2011,6.9
Орхон,65-69,Нийт,2010,11.3
Орхон,65-69,Нийт,2009,29.0
Орхон,65-69,Эрэгтэй,2025,0.0
Орхон,65-69,Эрэгтэй,2024,0.0
Орхон,65-69,Эрэгтэй,2023,24.1
Орхон,65-69,Эрэгтэй,2022,0.0
Орхон,65-69,Эрэгтэй,2021,10.8
Орхон,65-69,Эрэгтэй,2020,14.9
Орхон,65-69,Эрэгтэй,2019,35.3
Орхон,65-69,Эрэгтэй,2018,0.0
Орхон,65-69,Эрэгтэй,2017,18.9
Орхон,65-69,Эрэгтэй,2016,0.0
Орхон,65-69,Эрэгтэй,2015,0.0
Орхон,65-69,Эрэгтэй,2014,32.4
Орхон,65-69,Эрэгтэй,2013,0.0
Орхон,65-69,Эрэгтэй,2012,35.0
Орхон,65-69,Эрэгтэй,2011,11.4
Орхон,65-69,Эрэгтэй,2010,8.7
Орхон,65-69,Эрэгтэй,2009,0.0
Орхон,65-69,Эмэгтэй,2025,5.0
Орхон,65-69,Эмэгтэй,2024,0.0
Орхон,65-69,Эмэгтэй,2023,1.4
Орхон,65-69,Эмэгтэй,2022,0.0
Орхон,65-69,Эмэгтэй,2021,8.7
Орхон,65-69,Эмэгтэй,2020,0.0
Орхон,65-69,Эмэгтэй,2019,0.0
Орхон,65-69,Эмэгтэй,2018,0.0
Орхон,65-69,Эмэгтэй,2017,13.6
Орхон,65-69,Эмэгтэй,2016,6.7
Орхон,65-69,Эмэгтэй,2015,0.0
Орхон,65-69,Эмэгтэй,2014,0.0
Орхон,65-69,Эмэгтэй,2013,5.2
Орхон,65-69,Эмэгтэй,2012,5.6
Орхон,65-69,Эмэгтэй,2011,0.0
Орхон,65-69,Эмэгтэй,2010,13.2
Орхон,65-69,Эмэгтэй,2009,52.8
Орхон,70+,Нийт,2025,0.0
Орхон,70+,Нийт,2024,5.5
Орхон,70+,Нийт,2023,0.0
Орхон,70+,Нийт,2022,8.5
Орхон,70+,Нийт,2021,2.6
Орхон,70+,Нийт,2020,9.4
Орхон,70+,Нийт,2019,5.3
Орхон,70+,Нийт,2018,8.3
Орхон,70+,Нийт,2017,3.2
Орхон,70+,Нийт,2016,0.0
Орхон,70+,Нийт,2015,0.0
Орхон,70+,Нийт,2014,2.5
Орхон,70+,Нийт,2013,4.5
Орхон,70+,Нийт,2012,14.2
Орхон,70+,Нийт,2011,11.6
Орхон,70+,Нийт,2010,12.4
Орхон,70+,Нийт,2009,0.0
Орхон,70+,Эрэгтэй,2025,0.0
Орхон,70+,Эрэгтэй,2024,0.0
Орхон,70+,Эрэгтэй,2023,0.0
Орхон,70+,Эрэгтэй,2022,18.3
Орхон,70+,Эрэгтэй,2021,9.9
Орхон,70+,Эрэгтэй,2020,6.5
Орхон,70+,Эрэгтэй,2019,12.3
Орхон,70+,Эрэгтэй,2018,16.2
Орхон,70+,Эрэгтэй,2017,9.0
Орхон,70+,Эрэгтэй,2016,0.0
Орхон,70+,Эрэгтэй,2015,0.0
Орхон,70+,Эрэгтэй,2014,6.0
Орхон,70+,Эрэгтэй,2013,4.3
Орхон,70+,Эрэгтэй,2012,20.1
Орхон,70+,Эрэгтэй,2011,16.1
Орхон,70+,Эрэгтэй,2010,14.9
Орхон,70+,Эрэгтэй,2009,0.0
Орхон,70+,Эмэгтэй,2025,0.0
Орхон,70+,Эмэгтэй,2024,11.3
Орхон,70+,Эмэгтэй,2023,0.0
Орхон,70+,Эмэгтэй,2022,1.6
Орхон,70+,Эмэгтэй,2021,0.0
Орхон,70+,Эмэгтэй,2020,11.0
Орхон,70+,Эмэгтэй,2019,0.0
Орхон,70+,Эмэгтэй,2018,4.3
Орхон,70+,Эмэгтэй,2017,0.0
Орхон,70+,Эмэгтэй,2016,0.0
Орхон,70+,Эмэгтэй,2015,0.0
Орхон,70+,Эмэгтэй,2014,0.0
Орхон,70+,Эмэгтэй,2013,4.8
Орхон,70+,Эмэгтэй,2012,9.8
Орхон,70+,Эмэгтэй,2011,9.8
Орхон,70+,Эмэгтэй,2010,10.1
Орхон,70+,Эмэгтэй,2009,0.0
Хөвсгөл,Бүгд,Нийт,2025,64.8
Хөвсгөл,Бүгд,Нийт,2024,71.1
Хөвсгөл,Бүгд,Нийт,2023,74.0
Хөвсгөл,Бүгд,Нийт,2022,65.8
Хөвсгөл,Бүгд,Нийт,2021,69.6
Хөвсгөл,Бүгд,Нийт,2020,73.8
Хөвсгөл,Бүгд,Нийт,2019,70.5
Хөвсгөл,Бүгд,Нийт,2018,66.2
Хөвсгөл,Бүгд,Нийт,2017,68.8
Хөвсгөл,Бүгд,Нийт,2016,66.3
Хөвсгөл,Бүгд,Нийт,2015,64.8
Хөвсгөл,Бүгд,Нийт,2014,65.4
Хөвсгөл,Бүгд,Нийт,2013,75.8
Хөвсгөл,Бүгд,Нийт,2012,70.8
Хөвсгөл,Бүгд,Нийт,2011,64.7
Хөвсгөл,Бүгд,Нийт,2010,68.4
Хөвсгөл,Бүгд,Нийт,2009,69.1
Хөвсгөл,Бүгд,Эрэгтэй,2025,73.6
Хөвсгөл,Бүгд,Эрэгтэй,2024,76.2
Хөвсгөл,Бүгд,Эрэгтэй,2023,75.4
Хөвсгөл,Бүгд,Эрэгтэй,2022,75.2
Хөвсгөл,Бүгд,Эрэгтэй,2021,77.7
Хөвсгөл,Бүгд,Эрэгтэй,2020,79.2
Хөвсгөл,Бүгд,Эрэгтэй,2019,76.8
Хөвсгөл,Бүгд,Эрэгтэй,2018,73.5
Хөвсгөл,Бүгд,Эрэгтэй,2017,75.3
Хөвсгөл,Бүгд,Эрэгтэй,2016,72.5
Хөвсгөл,Бүгд,Эрэгтэй,2015,70.7
Хөвсгөл,Бүгд,Эрэгтэй,2014,70.0
Хөвсгөл,Бүгд,Эрэгтэй,2013,78.9
Хөвсгөл,Бүгд,Эрэгтэй,2012,74.9
Хөвсгөл,Бүгд,Эрэгтэй,2011,72.5
Хөвсгөл,Бүгд,Эрэгтэй,2010,73.1
Хөвсгөл,Бүгд,Эрэгтэй,2009,72.7
Хөвсгөл,Бүгд,Эмэгтэй,2025,56.7
Хөвсгөл,Бүгд,Эмэгтэй,2024,66.3
Хөвсгөл,Бүгд,Эмэгтэй,2023,72.6
Хөвсгөл,Бүгд,Эмэгтэй,2022,57.7
Хөвсгөл,Бүгд,Эмэгтэй,2021,61.9
Хөвсгөл,Бүгд,Эмэгтэй,2020,68.9
Хөвсгөл,Бүгд,Эмэгтэй,2019,64.9
Хөвсгөл,Бүгд,Эмэгтэй,2018,59.1
Хөвсгөл,Бүгд,Эмэгтэй,2017,62.6
Хөвсгөл,Бүгд,Эмэгтэй,2016,60.7
Хөвсгөл,Бүгд,Эмэгтэй,2015,59.7
Хөвсгөл,Бүгд,Эмэгтэй,2014,61.1
Хөвсгөл,Бүгд,Эмэгтэй,2013,72.9
Хөвсгөл,Бүгд,Эмэгтэй,2012,66.7
Хөвсгөл,Бүгд,Эмэгтэй,2011,58.1
Хөвсгөл,Бүгд,Эмэгтэй,2010,63.9
Хөвсгөл,Бүгд,Эмэгтэй,2009,65.8
Хөвсгөл,15-19,Нийт,2025,3.8
Хөвсгөл,15-19,Нийт,2024,9.3
Хөвсгөл,15-19,Нийт,2023,22.3
Хөвсгөл,15-19,Нийт,2022,9.6
Хөвсгөл,15-19,Нийт,2021,17.6
Хөвсгөл,15-19,Нийт,2020,27.0
Хөвсгөл,15-19,Нийт,2019,19.2
Хөвсгөл,15-19,Нийт,2018,14.3
Хөвсгөл,15-19,Нийт,2017,17.5
Хөвсгөл,15-19,Нийт,2016,17.9
Хөвсгөл,15-19,Нийт,2015,13.2
Хөвсгөл,15-19,Нийт,2014,16.0
Хөвсгөл,15-19,Нийт,2013,32.4
Хөвсгөл,15-19,Нийт,2012,32.8
Хөвсгөл,15-19,Нийт,2011,15.7
Хөвсгөл,15-19,Нийт,2010,24.7
Хөвсгөл,15-19,Нийт,2009,35.5
Хөвсгөл,15-19,Эрэгтэй,2025,6.1
Хөвсгөл,15-19,Эрэгтэй,2024,8.5
Хөвсгөл,15-19,Эрэгтэй,2023,30.4
Хөвсгөл,15-19,Эрэгтэй,2022,13.0
Хөвсгөл,15-19,Эрэгтэй,2021,30.8
Хөвсгөл,15-19,Эрэгтэй,2020,33.0
Хөвсгөл,15-19,Эрэгтэй,2019,33.0
Хөвсгөл,15-19,Эрэгтэй,2018,13.4
Хөвсгөл,15-19,Эрэгтэй,2017,23.9
Хөвсгөл,15-19,Эрэгтэй,2016,19.2
Хөвсгөл,15-19,Эрэгтэй,2015,18.1
Хөвсгөл,15-19,Эрэгтэй,2014,18.6
Хөвсгөл,15-19,Эрэгтэй,2013,34.8
Хөвсгөл,15-19,Эрэгтэй,2012,35.8
Хөвсгөл,15-19,Эрэгтэй,2011,25.3
Хөвсгөл,15-19,Эрэгтэй,2010,29.0
Хөвсгөл,15-19,Эрэгтэй,2009,37.8
Хөвсгөл,15-19,Эмэгтэй,2025,1.3
Хөвсгөл,15-19,Эмэгтэй,2024,10.2
Хөвсгөл,15-19,Эмэгтэй,2023,13.4
Хөвсгөл,15-19,Эмэгтэй,2022,6.9
Хөвсгөл,15-19,Эмэгтэй,2021,9.4
Хөвсгөл,15-19,Эмэгтэй,2020,18.8
Хөвсгөл,15-19,Эмэгтэй,2019,0.9
Хөвсгөл,15-19,Эмэгтэй,2018,15.1
Хөвсгөл,15-19,Эмэгтэй,2017,11.6
Хөвсгөл,15-19,Эмэгтэй,2016,16.4
Хөвсгөл,15-19,Эмэгтэй,2015,9.2
Хөвсгөл,15-19,Эмэгтэй,2014,13.2
Хөвсгөл,15-19,Эмэгтэй,2013,29.4
Хөвсгөл,15-19,Эмэгтэй,2012,29.3
Хөвсгөл,15-19,Эмэгтэй,2011,9.5
Хөвсгөл,15-19,Эмэгтэй,2010,20.6
Хөвсгөл,15-19,Эмэгтэй,2009,32.4
Хөвсгөл,20-24,Нийт,2025,64.3
Хөвсгөл,20-24,Нийт,2024,62.3
Хөвсгөл,20-24,Нийт,2023,86.1
Хөвсгөл,20-24,Нийт,2022,59.4
Хөвсгөл,20-24,Нийт,2021,53.1
Хөвсгөл,20-24,Нийт,2020,78.9
Хөвсгөл,20-24,Нийт,2019,66.1
Хөвсгөл,20-24,Нийт,2018,65.2
Хөвсгөл,20-24,Нийт,2017,62.6
Хөвсгөл,20-24,Нийт,2016,64.3
Хөвсгөл,20-24,Нийт,2015,48.2
Хөвсгөл,20-24,Нийт,2014,68.6
Хөвсгөл,20-24,Нийт,2013,81.4
Хөвсгөл,20-24,Нийт,2012,66.9
Хөвсгөл,20-24,Нийт,2011,62.3
Хөвсгөл,20-24,Нийт,2010,72.4
Хөвсгөл,20-24,Нийт,2009,78.0
Хөвсгөл,20-24,Эрэгтэй,2025,80.8
Хөвсгөл,20-24,Эрэгтэй,2024,85.7
Хөвсгөл,20-24,Эрэгтэй,2023,91.3
Хөвсгөл,20-24,Эрэгтэй,2022,73.9
Хөвсгөл,20-24,Эрэгтэй,2021,56.0
Хөвсгөл,20-24,Эрэгтэй,2020,87.1
Хөвсгөл,20-24,Эрэгтэй,2019,80.3
Хөвсгөл,20-24,Эрэгтэй,2018,74.8
Хөвсгөл,20-24,Эрэгтэй,2017,71.8
Хөвсгөл,20-24,Эрэгтэй,2016,73.8
Хөвсгөл,20-24,Эрэгтэй,2015,51.5
Хөвсгөл,20-24,Эрэгтэй,2014,69.4
Хөвсгөл,20-24,Эрэгтэй,2013,83.9
Хөвсгөл,20-24,Эрэгтэй,2012,69.9
Хөвсгөл,20-24,Эрэгтэй,2011,73.8
Хөвсгөл,20-24,Эрэгтэй,2010,79.9
Хөвсгөл,20-24,Эрэгтэй,2009,81.7
Хөвсгөл,20-24,Эмэгтэй,2025,45.8
Хөвсгөл,20-24,Эмэгтэй,2024,39.6
Хөвсгөл,20-24,Эмэгтэй,2023,74.6
Хөвсгөл,20-24,Эмэгтэй,2022,47.2
Хөвсгөл,20-24,Эмэгтэй,2021,49.8
Хөвсгөл,20-24,Эмэгтэй,2020,70.8
Хөвсгөл,20-24,Эмэгтэй,2019,48.9
Хөвсгөл,20-24,Эмэгтэй,2018,53.4
Хөвсгөл,20-24,Эмэгтэй,2017,53.2
Хөвсгөл,20-24,Эмэгтэй,2016,53.8
Хөвсгөл,20-24,Эмэгтэй,2015,45.2
Хөвсгөл,20-24,Эмэгтэй,2014,67.8
Хөвсгөл,20-24,Эмэгтэй,2013,79.1
Хөвсгөл,20-24,Эмэгтэй,2012,62.8
Хөвсгөл,20-24,Эмэгтэй,2011,54.2
Хөвсгөл,20-24,Эмэгтэй,2010,63.5
Хөвсгөл,20-24,Эмэгтэй,2009,75.4
Хөвсгөл,25-29,Нийт,2025,90.5
Хөвсгөл,25-29,Нийт,2024,89.0
Хөвсгөл,25-29,Нийт,2023,82.2
Хөвсгөл,25-29,Нийт,2022,97.2
Хөвсгөл,25-29,Нийт,2021,78.8
Хөвсгөл,25-29,Нийт,2020,90.2
Хөвсгөл,25-29,Нийт,2019,87.2
Хөвсгөл,25-29,Нийт,2018,80.1
Хөвсгөл,25-29,Нийт,2017,80.4
Хөвсгөл,25-29,Нийт,2016,83.4
Хөвсгөл,25-29,Нийт,2015,79.3
Хөвсгөл,25-29,Нийт,2014,89.1
Хөвсгөл,25-29,Нийт,2013,91.1
Хөвсгөл,25-29,Нийт,2012,83.4
Хөвсгөл,25-29,Нийт,2011,77.3
Хөвсгөл,25-29,Нийт,2010,83.2
Хөвсгөл,25-29,Нийт,2009,85.5
Хөвсгөл,25-29,Эрэгтэй,2025,98.2
Хөвсгөл,25-29,Эрэгтэй,2024,90.9
Хөвсгөл,25-29,Эрэгтэй,2023,73.7
Хөвсгөл,25-29,Эрэгтэй,2022,100.0
Хөвсгөл,25-29,Эрэгтэй,2021,100.0
Хөвсгөл,25-29,Эрэгтэй,2020,83.2
Хөвсгөл,25-29,Эрэгтэй,2019,100.0
Хөвсгөл,25-29,Эрэгтэй,2018,85.4
Хөвсгөл,25-29,Эрэгтэй,2017,90.0
Хөвсгөл,25-29,Эрэгтэй,2016,91.1
Хөвсгөл,25-29,Эрэгтэй,2015,74.1
Хөвсгөл,25-29,Эрэгтэй,2014,92.2
Хөвсгөл,25-29,Эрэгтэй,2013,90.6
Хөвсгөл,25-29,Эрэгтэй,2012,89.5
Хөвсгөл,25-29,Эрэгтэй,2011,80.4
Хөвсгөл,25-29,Эрэгтэй,2010,92.4
Хөвсгөл,25-29,Эрэгтэй,2009,96.5
Хөвсгөл,25-29,Эмэгтэй,2025,82.6
Хөвсгөл,25-29,Эмэгтэй,2024,87.7
Хөвсгөл,25-29,Эмэгтэй,2023,88.7
Хөвсгөл,25-29,Эмэгтэй,2022,92.7
Хөвсгөл,25-29,Эмэгтэй,2021,63.0
Хөвсгөл,25-29,Эмэгтэй,2020,98.3
Хөвсгөл,25-29,Эмэгтэй,2019,78.2
Хөвсгөл,25-29,Эмэгтэй,2018,75.5
Хөвсгөл,25-29,Эмэгтэй,2017,70.7
Хөвсгөл,25-29,Эмэгтэй,2016,75.8
Хөвсгөл,25-29,Эмэгтэй,2015,84.2
Хөвсгөл,25-29,Эмэгтэй,2014,85.4
Хөвсгөл,25-29,Эмэгтэй,2013,91.5
Хөвсгөл,25-29,Эмэгтэй,2012,76.9
Хөвсгөл,25-29,Эмэгтэй,2011,74.0
Хөвсгөл,25-29,Эмэгтэй,2010,74.2
Хөвсгөл,25-29,Эмэгтэй,2009,74.6
Хөвсгөл,30-34,Нийт,2025,87.9
Хөвсгөл,30-34,Нийт,2024,82.6
Хөвсгөл,30-34,Нийт,2023,76.4
Хөвсгөл,30-34,Нийт,2022,94.4
Хөвсгөл,30-34,Нийт,2021,97.8
Хөвсгөл,30-34,Нийт,2020,74.9
Хөвсгөл,30-34,Нийт,2019,83.7
Хөвсгөл,30-34,Нийт,2018,82.7
Хөвсгөл,30-34,Нийт,2017,87.1
Хөвсгөл,30-34,Нийт,2016,90.1
Хөвсгөл,30-34,Нийт,2015,86.7
Хөвсгөл,30-34,Нийт,2014,83.3
Хөвсгөл,30-34,Нийт,2013,91.0
Хөвсгөл,30-34,Нийт,2012,88.1
Хөвсгөл,30-34,Нийт,2011,79.4
Хөвсгөл,30-34,Нийт,2010,84.8
Хөвсгөл,30-34,Нийт,2009,82.1
Хөвсгөл,30-34,Эрэгтэй,2025,96.8
Хөвсгөл,30-34,Эрэгтэй,2024,85.8
Хөвсгөл,30-34,Эрэгтэй,2023,77.7
Хөвсгөл,30-34,Эрэгтэй,2022,97.0
Хөвсгөл,30-34,Эрэгтэй,2021,100.0
Хөвсгөл,30-34,Эрэгтэй,2020,77.2
Хөвсгөл,30-34,Эрэгтэй,2019,92.7
Хөвсгөл,30-34,Эрэгтэй,2018,89.9
Хөвсгөл,30-34,Эрэгтэй,2017,91.1
Хөвсгөл,30-34,Эрэгтэй,2016,100.0
Хөвсгөл,30-34,Эрэгтэй,2015,89.7
Хөвсгөл,30-34,Эрэгтэй,2014,91.0
Хөвсгөл,30-34,Эрэгтэй,2013,90.4
Хөвсгөл,30-34,Эрэгтэй,2012,89.8
Хөвсгөл,30-34,Эрэгтэй,2011,86.7
Хөвсгөл,30-34,Эрэгтэй,2010,93.0
Хөвсгөл,30-34,Эрэгтэй,2009,94.0
Хөвсгөл,30-34,Эмэгтэй,2025,78.4
Хөвсгөл,30-34,Эмэгтэй,2024,79.9
Хөвсгөл,30-34,Эмэгтэй,2023,74.9
Хөвсгөл,30-34,Эмэгтэй,2022,92.1
Хөвсгөл,30-34,Эмэгтэй,2021,95.2
Хөвсгөл,30-34,Эмэгтэй,2020,73.3
Хөвсгөл,30-34,Эмэгтэй,2019,77.0
Хөвсгөл,30-34,Эмэгтэй,2018,73.3
Хөвсгөл,30-34,Эмэгтэй,2017,83.4
Хөвсгөл,30-34,Эмэгтэй,2016,80.3
Хөвсгөл,30-34,Эмэгтэй,2015,83.8
Хөвсгөл,30-34,Эмэгтэй,2014,76.1
Хөвсгөл,30-34,Эмэгтэй,2013,91.5
Хөвсгөл,30-34,Эмэгтэй,2012,86.5
Хөвсгөл,30-34,Эмэгтэй,2011,72.4
Хөвсгөл,30-34,Эмэгтэй,2010,77.9
Хөвсгөл,30-34,Эмэгтэй,2009,72.6
Хөвсгөл,35-39,Нийт,2025,86.3
Хөвсгөл,35-39,Нийт,2024,89.0
Хөвсгөл,35-39,Нийт,2023,91.0
Хөвсгөл,35-39,Нийт,2022,80.9
Хөвсгөл,35-39,Нийт,2021,100.0
Хөвсгөл,35-39,Нийт,2020,93.1
Хөвсгөл,35-39,Нийт,2019,92.0
Хөвсгөл,35-39,Нийт,2018,89.8
Хөвсгөл,35-39,Нийт,2017,90.0
Хөвсгөл,35-39,Нийт,2016,89.7
Хөвсгөл,35-39,Нийт,2015,94.0
Хөвсгөл,35-39,Нийт,2014,85.8
Хөвсгөл,35-39,Нийт,2013,93.1
Хөвсгөл,35-39,Нийт,2012,90.0
Хөвсгөл,35-39,Нийт,2011,88.0
Хөвсгөл,35-39,Нийт,2010,87.5
Хөвсгөл,35-39,Нийт,2009,82.9
Хөвсгөл,35-39,Эрэгтэй,2025,97.2
Хөвсгөл,35-39,Эрэгтэй,2024,97.3
Хөвсгөл,35-39,Эрэгтэй,2023,93.3
Хөвсгөл,35-39,Эрэгтэй,2022,92.8
Хөвсгөл,35-39,Эрэгтэй,2021,100.0
Хөвсгөл,35-39,Эрэгтэй,2020,91.6
Хөвсгөл,35-39,Эрэгтэй,2019,95.5
Хөвсгөл,35-39,Эрэгтэй,2018,91.4
Хөвсгөл,35-39,Эрэгтэй,2017,88.8
Хөвсгөл,35-39,Эрэгтэй,2016,88.5
Хөвсгөл,35-39,Эрэгтэй,2015,96.6
Хөвсгөл,35-39,Эрэгтэй,2014,85.4
Хөвсгөл,35-39,Эрэгтэй,2013,98.3
Хөвсгөл,35-39,Эрэгтэй,2012,94.9
Хөвсгөл,35-39,Эрэгтэй,2011,90.3
Хөвсгөл,35-39,Эрэгтэй,2010,88.4
Хөвсгөл,35-39,Эрэгтэй,2009,82.2
Хөвсгөл,35-39,Эмэгтэй,2025,75.7
Хөвсгөл,35-39,Эмэгтэй,2024,82.1
Хөвсгөл,35-39,Эмэгтэй,2023,88.3
Хөвсгөл,35-39,Эмэгтэй,2022,72.3
Хөвсгөл,35-39,Эмэгтэй,2021,100.0
Хөвсгөл,35-39,Эмэгтэй,2020,94.6
Хөвсгөл,35-39,Эмэгтэй,2019,89.9
Хөвсгөл,35-39,Эмэгтэй,2018,88.1
Хөвсгөл,35-39,Эмэгтэй,2017,91.1
Хөвсгөл,35-39,Эмэгтэй,2016,91.0
Хөвсгөл,35-39,Эмэгтэй,2015,91.6
Хөвсгөл,35-39,Эмэгтэй,2014,86.2
Хөвсгөл,35-39,Эмэгтэй,2013,87.9
Хөвсгөл,35-39,Эмэгтэй,2012,85.3
Хөвсгөл,35-39,Эмэгтэй,2011,85.8
Хөвсгөл,35-39,Эмэгтэй,2010,86.9
Хөвсгөл,35-39,Эмэгтэй,2009,83.6
Хөвсгөл,40-44,Нийт,2025,93.4
Хөвсгөл,40-44,Нийт,2024,93.4
Хөвсгөл,40-44,Нийт,2023,97.3
Хөвсгөл,40-44,Нийт,2022,91.4
Хөвсгөл,40-44,Нийт,2021,96.2
Хөвсгөл,40-44,Нийт,2020,94.1
Хөвсгөл,40-44,Нийт,2019,98.6
Хөвсгөл,40-44,Нийт,2018,90.9
Хөвсгөл,40-44,Нийт,2017,91.0
Хөвсгөл,40-44,Нийт,2016,93.3
Хөвсгөл,40-44,Нийт,2015,91.1
Хөвсгөл,40-44,Нийт,2014,87.1
Хөвсгөл,40-44,Нийт,2013,90.7
Хөвсгөл,40-44,Нийт,2012,92.1
Хөвсгөл,40-44,Нийт,2011,84.0
Хөвсгөл,40-44,Нийт,2010,89.8
Хөвсгөл,40-44,Нийт,2009,90.9
Хөвсгөл,40-44,Эрэгтэй,2025,100.0
Хөвсгөл,40-44,Эрэгтэй,2024,93.6
Хөвсгөл,40-44,Эрэгтэй,2023,100.0
Хөвсгөл,40-44,Эрэгтэй,2022,98.7
Хөвсгөл,40-44,Эрэгтэй,2021,98.0
Хөвсгөл,40-44,Эрэгтэй,2020,98.4
Хөвсгөл,40-44,Эрэгтэй,2019,100.0
Хөвсгөл,40-44,Эрэгтэй,2018,92.0
Хөвсгөл,40-44,Эрэгтэй,2017,95.3
Хөвсгөл,40-44,Эрэгтэй,2016,96.3
Хөвсгөл,40-44,Эрэгтэй,2015,91.2
Хөвсгөл,40-44,Эрэгтэй,2014,88.3
Хөвсгөл,40-44,Эрэгтэй,2013,90.6
Хөвсгөл,40-44,Эрэгтэй,2012,90.6
Хөвсгөл,40-44,Эрэгтэй,2011,87.8
Хөвсгөл,40-44,Эрэгтэй,2010,90.6
Хөвсгөл,40-44,Эрэгтэй,2009,92.8
Хөвсгөл,40-44,Эмэгтэй,2025,87.9
Хөвсгөл,40-44,Эмэгтэй,2024,93.2
Хөвсгөл,40-44,Эмэгтэй,2023,94.6
Хөвсгөл,40-44,Эмэгтэй,2022,82.7
Хөвсгөл,40-44,Эмэгтэй,2021,93.9
Хөвсгөл,40-44,Эмэгтэй,2020,87.1
Хөвсгөл,40-44,Эмэгтэй,2019,96.1
Хөвсгөл,40-44,Эмэгтэй,2018,89.8
Хөвсгөл,40-44,Эмэгтэй,2017,85.3
Хөвсгөл,40-44,Эмэгтэй,2016,91.0
Хөвсгөл,40-44,Эмэгтэй,2015,90.9
Хөвсгөл,40-44,Эмэгтэй,2014,85.9
Хөвсгөл,40-44,Эмэгтэй,2013,90.8
Хөвсгөл,40-44,Эмэгтэй,2012,93.7
Хөвсгөл,40-44,Эмэгтэй,2011,80.6
Хөвсгөл,40-44,Эмэгтэй,2010,89.1
Хөвсгөл,40-44,Эмэгтэй,2009,89.1
Хөвсгөл,45-49,Нийт,2025,90.7
Хөвсгөл,45-49,Нийт,2024,96.0
Хөвсгөл,45-49,Нийт,2023,99.3
Хөвсгөл,45-49,Нийт,2022,80.4
Хөвсгөл,45-49,Нийт,2021,89.8
Хөвсгөл,45-49,Нийт,2020,87.3
Хөвсгөл,45-49,Нийт,2019,89.9
Хөвсгөл,45-49,Нийт,2018,92.0
Хөвсгөл,45-49,Нийт,2017,91.9
Хөвсгөл,45-49,Нийт,2016,83.2
Хөвсгөл,45-49,Нийт,2015,87.7
Хөвсгөл,45-49,Нийт,2014,83.3
Хөвсгөл,45-49,Нийт,2013,92.2
Хөвсгөл,45-49,Нийт,2012,89.7
Хөвсгөл,45-49,Нийт,2011,88.6
Хөвсгөл,45-49,Нийт,2010,84.5
Хөвсгөл,45-49,Нийт,2009,89.4
Хөвсгөл,45-49,Эрэгтэй,2025,85.7
Хөвсгөл,45-49,Эрэгтэй,2024,95.3
Хөвсгөл,45-49,Эрэгтэй,2023,100.0
Хөвсгөл,45-49,Эрэгтэй,2022,97.5
Хөвсгөл,45-49,Эрэгтэй,2021,97.2
Хөвсгөл,45-49,Эрэгтэй,2020,100.0
Хөвсгөл,45-49,Эрэгтэй,2019,93.4
Хөвсгөл,45-49,Эрэгтэй,2018,94.2
Хөвсгөл,45-49,Эрэгтэй,2017,97.2
Хөвсгөл,45-49,Эрэгтэй,2016,84.7
Хөвсгөл,45-49,Эрэгтэй,2015,95.9
Хөвсгөл,45-49,Эрэгтэй,2014,79.6
Хөвсгөл,45-49,Эрэгтэй,2013,97.5
Хөвсгөл,45-49,Эрэгтэй,2012,88.3
Хөвсгөл,45-49,Эрэгтэй,2011,83.8
Хөвсгөл,45-49,Эрэгтэй,2010,83.5
Хөвсгөл,45-49,Эрэгтэй,2009,89.3
Хөвсгөл,45-49,Эмэгтэй,2025,94.7
Хөвсгөл,45-49,Эмэгтэй,2024,96.6
Хөвсгөл,45-49,Эмэгтэй,2023,98.9
Хөвсгөл,45-49,Эмэгтэй,2022,71.4
Хөвсгөл,45-49,Эмэгтэй,2021,84.9
Хөвсгөл,45-49,Эмэгтэй,2020,76.9
Хөвсгөл,45-49,Эмэгтэй,2019,87.2
Хөвсгөл,45-49,Эмэгтэй,2018,89.7
Хөвсгөл,45-49,Эмэгтэй,2017,88.0
Хөвсгөл,45-49,Эмэгтэй,2016,81.8
Хөвсгөл,45-49,Эмэгтэй,2015,79.1
Хөвсгөл,45-49,Эмэгтэй,2014,87.3
Хөвсгөл,45-49,Эмэгтэй,2013,87.7
Хөвсгөл,45-49,Эмэгтэй,2012,90.9
Хөвсгөл,45-49,Эмэгтэй,2011,93.0
Хөвсгөл,45-49,Эмэгтэй,2010,85.3
Хөвсгөл,45-49,Эмэгтэй,2009,89.5
Хөвсгөл,50-54,Нийт,2025,82.6
Хөвсгөл,50-54,Нийт,2024,87.5
Хөвсгөл,50-54,Нийт,2023,94.1
Хөвсгөл,50-54,Нийт,2022,87.3
Хөвсгөл,50-54,Нийт,2021,90.8
Хөвсгөл,50-54,Нийт,2020,97.5
Хөвсгөл,50-54,Нийт,2019,92.5
Хөвсгөл,50-54,Нийт,2018,72.1
Хөвсгөл,50-54,Нийт,2017,75.0
Хөвсгөл,50-54,Нийт,2016,75.8
Хөвсгөл,50-54,Нийт,2015,76.4
Хөвсгөл,50-54,Нийт,2014,69.6
Хөвсгөл,50-54,Нийт,2013,71.5
Хөвсгөл,50-54,Нийт,2012,77.6
Хөвсгөл,50-54,Нийт,2011,74.5
Хөвсгөл,50-54,Нийт,2010,71.8
Хөвсгөл,50-54,Нийт,2009,74.3
Хөвсгөл,50-54,Эрэгтэй,2025,92.8
Хөвсгөл,50-54,Эрэгтэй,2024,92.0
Хөвсгөл,50-54,Эрэгтэй,2023,98.2
Хөвсгөл,50-54,Эрэгтэй,2022,72.4
Хөвсгөл,50-54,Эрэгтэй,2021,92.6
Хөвсгөл,50-54,Эрэгтэй,2020,95.5
Хөвсгөл,50-54,Эрэгтэй,2019,94.4
Хөвсгөл,50-54,Эрэгтэй,2018,86.2
Хөвсгөл,50-54,Эрэгтэй,2017,76.3
Хөвсгөл,50-54,Эрэгтэй,2016,93.3
Хөвсгөл,50-54,Эрэгтэй,2015,81.2
Хөвсгөл,50-54,Эрэгтэй,2014,72.0
Хөвсгөл,50-54,Эрэгтэй,2013,77.5
Хөвсгөл,50-54,Эрэгтэй,2012,83.0
Хөвсгөл,50-54,Эрэгтэй,2011,84.5
Хөвсгөл,50-54,Эрэгтэй,2010,79.8
Хөвсгөл,50-54,Эрэгтэй,2009,88.0
Хөвсгөл,50-54,Эмэгтэй,2025,71.2
Хөвсгөл,50-54,Эмэгтэй,2024,82.9
Хөвсгөл,50-54,Эмэгтэй,2023,89.2
Хөвсгөл,50-54,Эмэгтэй,2022,100.0
Хөвсгөл,50-54,Эмэгтэй,2021,89.0
Хөвсгөл,50-54,Эмэгтэй,2020,99.1
Хөвсгөл,50-54,Эмэгтэй,2019,91.3
Хөвсгөл,50-54,Эмэгтэй,2018,62.3
Хөвсгөл,50-54,Эмэгтэй,2017,74.0
Хөвсгөл,50-54,Эмэгтэй,2016,63.1
Хөвсгөл,50-54,Эмэгтэй,2015,72.2
Хөвсгөл,50-54,Эмэгтэй,2014,67.4
Хөвсгөл,50-54,Эмэгтэй,2013,66.7
Хөвсгөл,50-54,Эмэгтэй,2012,72.9
Хөвсгөл,50-54,Эмэгтэй,2011,65.4
Хөвсгөл,50-54,Эмэгтэй,2010,62.8
Хөвсгөл,50-54,Эмэгтэй,2009,64.4
Хөвсгөл,55-59,Нийт,2025,62.8
Хөвсгөл,55-59,Нийт,2024,61.8
Хөвсгөл,55-59,Нийт,2023,72.3
Хөвсгөл,55-59,Нийт,2022,52.6
Хөвсгөл,55-59,Нийт,2021,60.3
Хөвсгөл,55-59,Нийт,2020,57.7
Хөвсгөл,55-59,Нийт,2019,48.8
Хөвсгөл,55-59,Нийт,2018,46.2
Хөвсгөл,55-59,Нийт,2017,60.4
Хөвсгөл,55-59,Нийт,2016,51.5
Хөвсгөл,55-59,Нийт,2015,46.5
Хөвсгөл,55-59,Нийт,2014,44.1
Хөвсгөл,55-59,Нийт,2013,73.9
Хөвсгөл,55-59,Нийт,2012,51.9
Хөвсгөл,55-59,Нийт,2011,56.2
Хөвсгөл,55-59,Нийт,2010,65.4
Хөвсгөл,55-59,Нийт,2009,48.7
Хөвсгөл,55-59,Эрэгтэй,2025,78.2
Хөвсгөл,55-59,Эрэгтэй,2024,84.0
Хөвсгөл,55-59,Эрэгтэй,2023,75.6
Хөвсгөл,55-59,Эрэгтэй,2022,72.0
Хөвсгөл,55-59,Эрэгтэй,2021,87.3
Хөвсгөл,55-59,Эрэгтэй,2020,67.2
Хөвсгөл,55-59,Эрэгтэй,2019,65.9
Хөвсгөл,55-59,Эрэгтэй,2018,69.8
Хөвсгөл,55-59,Эрэгтэй,2017,75.5
Хөвсгөл,55-59,Эрэгтэй,2016,67.0
Хөвсгөл,55-59,Эрэгтэй,2015,69.8
Хөвсгөл,55-59,Эрэгтэй,2014,66.9
Хөвсгөл,55-59,Эрэгтэй,2013,84.3
Хөвсгөл,55-59,Эрэгтэй,2012,69.0
Хөвсгөл,55-59,Эрэгтэй,2011,87.4
Хөвсгөл,55-59,Эрэгтэй,2010,77.0
Хөвсгөл,55-59,Эрэгтэй,2009,70.3
Хөвсгөл,55-59,Эмэгтэй,2025,46.8
Хөвсгөл,55-59,Эмэгтэй,2024,48.0
Хөвсгөл,55-59,Эмэгтэй,2023,68.3
Хөвсгөл,55-59,Эмэгтэй,2022,32.5
Хөвсгөл,55-59,Эмэгтэй,2021,24.1
Хөвсгөл,55-59,Эмэгтэй,2020,53.4
Хөвсгөл,55-59,Эмэгтэй,2019,32.6
Хөвсгөл,55-59,Эмэгтэй,2018,25.1
Хөвсгөл,55-59,Эмэгтэй,2017,43.8
Хөвсгөл,55-59,Эмэгтэй,2016,38.8
Хөвсгөл,55-59,Эмэгтэй,2015,30.2
Хөвсгөл,55-59,Эмэгтэй,2014,27.4
Хөвсгөл,55-59,Эмэгтэй,2013,60.4
Хөвсгөл,55-59,Эмэгтэй,2012,39.3
Хөвсгөл,55-59,Эмэгтэй,2011,38.0
Хөвсгөл,55-59,Эмэгтэй,2010,46.8
Хөвсгөл,55-59,Эмэгтэй,2009,19.0
Хөвсгөл,60-64,Нийт,2025,61.0
Хөвсгөл,60-64,Нийт,2024,34.2
Хөвсгөл,60-64,Нийт,2023,58.0
Хөвсгөл,60-64,Нийт,2022,53.9
Хөвсгөл,60-64,Нийт,2021,24.6
Хөвсгөл,60-64,Нийт,2020,53.2
Хөвсгөл,60-64,Нийт,2019,22.5
Хөвсгөл,60-64,Нийт,2018,31.9
Хөвсгөл,60-64,Нийт,2017,29.7
Хөвсгөл,60-64,Нийт,2016,34.5
Хөвсгөл,60-64,Нийт,2015,34.9
Хөвсгөл,60-64,Нийт,2014,15.0
Хөвсгөл,60-64,Нийт,2013,33.2
Хөвсгөл,60-64,Нийт,2012,26.1
Хөвсгөл,60-64,Нийт,2011,33.9
Хөвсгөл,60-64,Нийт,2010,27.2
Хөвсгөл,60-64,Нийт,2009,16.7
Хөвсгөл,60-64,Эрэгтэй,2025,73.9
Хөвсгөл,60-64,Эрэгтэй,2024,40.9
Хөвсгөл,60-64,Эрэгтэй,2023,48.9
Хөвсгөл,60-64,Эрэгтэй,2022,79.8
Хөвсгөл,60-64,Эрэгтэй,2021,16.1
Хөвсгөл,60-64,Эрэгтэй,2020,88.6
Хөвсгөл,60-64,Эрэгтэй,2019,24.0
Хөвсгөл,60-64,Эрэгтэй,2018,25.4
Хөвсгөл,60-64,Эрэгтэй,2017,41.9
Хөвсгөл,60-64,Эрэгтэй,2016,31.9
Хөвсгөл,60-64,Эрэгтэй,2015,49.1
Хөвсгөл,60-64,Эрэгтэй,2014,13.5
Хөвсгөл,60-64,Эрэгтэй,2013,45.7
Хөвсгөл,60-64,Эрэгтэй,2012,35.1
Хөвсгөл,60-64,Эрэгтэй,2011,33.1
Хөвсгөл,60-64,Эрэгтэй,2010,29.3
Хөвсгөл,60-64,Эрэгтэй,2009,20.9
Хөвсгөл,60-64,Эмэгтэй,2025,51.0
Хөвсгөл,60-64,Эмэгтэй,2024,26.5
Хөвсгөл,60-64,Эмэгтэй,2023,65.8
Хөвсгөл,60-64,Эмэгтэй,2022,35.6
Хөвсгөл,60-64,Эмэгтэй,2021,34.1
Хөвсгөл,60-64,Эмэгтэй,2020,23.2
Хөвсгөл,60-64,Эмэгтэй,2019,20.8
Хөвсгөл,60-64,Эмэгтэй,2018,34.8
Хөвсгөл,60-64,Эмэгтэй,2017,17.9
Хөвсгөл,60-64,Эмэгтэй,2016,36.5
Хөвсгөл,60-64,Эмэгтэй,2015,28.0
Хөвсгөл,60-64,Эмэгтэй,2014,15.6
Хөвсгөл,60-64,Эмэгтэй,2013,22.0
Хөвсгөл,60-64,Эмэгтэй,2012,21.0
Хөвсгөл,60-64,Эмэгтэй,2011,34.5
Хөвсгөл,60-64,Эмэгтэй,2010,23.2
Хөвсгөл,60-64,Эмэгтэй,2009,15.2
Хөвсгөл,65-69,Нийт,2025,18.8
Хөвсгөл,65-69,Нийт,2024,4.1
Хөвсгөл,65-69,Нийт,2023,41.3
Хөвсгөл,65-69,Нийт,2022,32.4
Хөвсгөл,65-69,Нийт,2021,29.7
Хөвсгөл,65-69,Нийт,2020,25.9
Хөвсгөл,65-69,Нийт,2019,53.6
Хөвсгөл,65-69,Нийт,2018,24.3
Хөвсгөл,65-69,Нийт,2017,28.5
Хөвсгөл,65-69,Нийт,2016,23.0
Хөвсгөл,65-69,Нийт,2015,20.1
Хөвсгөл,65-69,Нийт,2014,32.2
Хөвсгөл,65-69,Нийт,2013,26.5
Хөвсгөл,65-69,Нийт,2012,23.2
Хөвсгөл,65-69,Нийт,2011,17.4
Хөвсгөл,65-69,Нийт,2010,21.7
Хөвсгөл,65-69,Нийт,2009,18.7
Хөвсгөл,65-69,Эрэгтэй,2025,14.9
Хөвсгөл,65-69,Эрэгтэй,2024,2.6
Хөвсгөл,65-69,Эрэгтэй,2023,14.3
Хөвсгөл,65-69,Эрэгтэй,2022,55.6
Хөвсгөл,65-69,Эрэгтэй,2021,81.0
Хөвсгөл,65-69,Эрэгтэй,2020,50.0
Хөвсгөл,65-69,Эрэгтэй,2019,54.9
Хөвсгөл,65-69,Эрэгтэй,2018,26.0
Хөвсгөл,65-69,Эрэгтэй,2017,19.5
Хөвсгөл,65-69,Эрэгтэй,2016,36.3
Хөвсгөл,65-69,Эрэгтэй,2015,39.1
Хөвсгөл,65-69,Эрэгтэй,2014,24.7
Хөвсгөл,65-69,Эрэгтэй,2013,38.9
Хөвсгөл,65-69,Эрэгтэй,2012,22.3
Хөвсгөл,65-69,Эрэгтэй,2011,21.3
Хөвсгөл,65-69,Эрэгтэй,2010,30.6
Хөвсгөл,65-69,Эрэгтэй,2009,13.4
Хөвсгөл,65-69,Эмэгтэй,2025,20.9
Хөвсгөл,65-69,Эмэгтэй,2024,5.5
Хөвсгөл,65-69,Эмэгтэй,2023,89.8
Хөвсгөл,65-69,Эмэгтэй,2022,0.0
Хөвсгөл,65-69,Эмэгтэй,2021,14.1
Хөвсгөл,65-69,Эмэгтэй,2020,10.4
Хөвсгөл,65-69,Эмэгтэй,2019,50.6
Хөвсгөл,65-69,Эмэгтэй,2018,23.2
Хөвсгөл,65-69,Эмэгтэй,2017,33.8
Хөвсгөл,65-69,Эмэгтэй,2016,14.9
Хөвсгөл,65-69,Эмэгтэй,2015,10.5
Хөвсгөл,65-69,Эмэгтэй,2014,35.9
Хөвсгөл,65-69,Эмэгтэй,2013,11.4
Хөвсгөл,65-69,Эмэгтэй,2012,23.7
Хөвсгөл,65-69,Эмэгтэй,2011,13.6
Хөвсгөл,65-69,Эмэгтэй,2010,18.2
Хөвсгөл,65-69,Эмэгтэй,2009,23.2
Хөвсгөл,70+,Нийт,2025,11.7
Хөвсгөл,70+,Нийт,2024,17.1
Хөвсгөл,70+,Нийт,2023,14.2
Хөвсгөл,70+,Нийт,2022,0.3
Хөвсгөл,70+,Нийт,2021,2.4
Хөвсгөл,70+,Нийт,2020,3.8
Хөвсгөл,70+,Нийт,2019,21.1
Хөвсгөл,70+,Нийт,2018,13.4
Хөвсгөл,70+,Нийт,2017,25.0
Хөвсгөл,70+,Нийт,2016,5.1
Хөвсгөл,70+,Нийт,2015,5.4
Хөвсгөл,70+,Нийт,2014,2.4
Хөвсгөл,70+,Нийт,2013,14.9
Хөвсгөл,70+,Нийт,2012,21.8
Хөвсгөл,70+,Нийт,2011,8.7
Хөвсгөл,70+,Нийт,2010,4.4
Хөвсгөл,70+,Нийт,2009,0.0
Хөвсгөл,70+,Эрэгтэй,2025,0.0
Хөвсгөл,70+,Эрэгтэй,2024,33.9
Хөвсгөл,70+,Эрэгтэй,2023,22.6
Хөвсгөл,70+,Эрэгтэй,2022,0.0
Хөвсгөл,70+,Эрэгтэй,2021,4.4
Хөвсгөл,70+,Эрэгтэй,2020,0.0
Хөвсгөл,70+,Эрэгтэй,2019,20.8
Хөвсгөл,70+,Эрэгтэй,2018,22.3
Хөвсгөл,70+,Эрэгтэй,2017,41.4
Хөвсгөл,70+,Эрэгтэй,2016,15.9
Хөвсгөл,70+,Эрэгтэй,2015,0.0
Хөвсгөл,70+,Эрэгтэй,2014,6.7
Хөвсгөл,70+,Эрэгтэй,2013,15.3
Хөвсгөл,70+,Эрэгтэй,2012,24.9
Хөвсгөл,70+,Эрэгтэй,2011,13.0
Хөвсгөл,70+,Эрэгтэй,2010,4.8
Хөвсгөл,70+,Эрэгтэй,2009,0.0
Хөвсгөл,70+,Эмэгтэй,2025,14.6
Хөвсгөл,70+,Эмэгтэй,2024,7.1
Хөвсгөл,70+,Эмэгтэй,2023,10.3
Хөвсгөл,70+,Эмэгтэй,2022,0.5
Хөвсгөл,70+,Эмэгтэй,2021,0.0
Хөвсгөл,70+,Эмэгтэй,2020,6.2
Хөвсгөл,70+,Эмэгтэй,2019,21.2
Хөвсгөл,70+,Эмэгтэй,2018,3.9
Хөвсгөл,70+,Эмэгтэй,2017,11.4
Хөвсгөл,70+,Эмэгтэй,2016,0.0
Хөвсгөл,70+,Эмэгтэй,2015,9.3
Хөвсгөл,70+,Эмэгтэй,2014,0.0
Хөвсгөл,70+,Эмэгтэй,2013,14.7
Хөвсгөл,70+,Эмэгтэй,2012,19.7
Хөвсгөл,70+,Эмэгтэй,2011,5.8
Хөвсгөл,70+,Эмэгтэй,2010,4.0
Хөвсгөл,70+,Эмэгтэй,2009,0.0
Төвийн бүс,Бүгд,Нийт,2025,53.4
Төвийн бүс,Бүгд,Нийт,2024,54.6
Төвийн бүс,Бүгд,Нийт,2023,52.5
Төвийн бүс,Бүгд,Нийт,2022,51.1
Төвийн бүс,Бүгд,Нийт,2021,54.9
Төвийн бүс,Бүгд,Нийт,2020,60.0
Төвийн бүс,Бүгд,Нийт,2019,62.2
Төвийн бүс,Бүгд,Нийт,2018,64.3
Төвийн бүс,Бүгд,Нийт,2017,65.2
Төвийн бүс,Бүгд,Нийт,2016,60.8
Төвийн бүс,Бүгд,Нийт,2015,60.0
Төвийн бүс,Бүгд,Нийт,2014,60.0
Төвийн бүс,Бүгд,Нийт,2013,64.5
Төвийн бүс,Бүгд,Нийт,2012,65.5
Төвийн бүс,Бүгд,Нийт,2011,71.3
Төвийн бүс,Бүгд,Нийт,2010,66.4
Төвийн бүс,Бүгд,Нийт,2009,66.6
Төвийн бүс,Бүгд,Эрэгтэй,2025,60.6
Төвийн бүс,Бүгд,Эрэгтэй,2024,60.0
Төвийн бүс,Бүгд,Эрэгтэй,2023,59.7
Төвийн бүс,Бүгд,Эрэгтэй,2022,56.6
Төвийн бүс,Бүгд,Эрэгтэй,2021,62.3
Төвийн бүс,Бүгд,Эрэгтэй,2020,65.5
Төвийн бүс,Бүгд,Эрэгтэй,2019,71.0
Төвийн бүс,Бүгд,Эрэгтэй,2018,72.8
Төвийн бүс,Бүгд,Эрэгтэй,2017,70.4
Төвийн бүс,Бүгд,Эрэгтэй,2016,64.0
Төвийн бүс,Бүгд,Эрэгтэй,2015,65.5
Төвийн бүс,Бүгд,Эрэгтэй,2014,65.5
Төвийн бүс,Бүгд,Эрэгтэй,2013,71.5
Төвийн бүс,Бүгд,Эрэгтэй,2012,72.2
Төвийн бүс,Бүгд,Эрэгтэй,2011,77.0
Төвийн бүс,Бүгд,Эрэгтэй,2010,72.5
Төвийн бүс,Бүгд,Эрэгтэй,2009,70.3
Төвийн бүс,Бүгд,Эмэгтэй,2025,46.5
Төвийн бүс,Бүгд,Эмэгтэй,2024,49.3
Төвийн бүс,Бүгд,Эмэгтэй,2023,45.7
Төвийн бүс,Бүгд,Эмэгтэй,2022,45.8
Төвийн бүс,Бүгд,Эмэгтэй,2021,48.0
Төвийн бүс,Бүгд,Эмэгтэй,2020,54.7
Төвийн бүс,Бүгд,Эмэгтэй,2019,54.4
Төвийн бүс,Бүгд,Эмэгтэй,2018,56.8
Төвийн бүс,Бүгд,Эмэгтэй,2017,60.1
Төвийн бүс,Бүгд,Эмэгтэй,2016,57.6
Төвийн бүс,Бүгд,Эмэгтэй,2015,54.6
Төвийн бүс,Бүгд,Эмэгтэй,2014,54.7
Төвийн бүс,Бүгд,Эмэгтэй,2013,58.1
Төвийн бүс,Бүгд,Эмэгтэй,2012,59.2
Төвийн бүс,Бүгд,Эмэгтэй,2011,65.6
Төвийн бүс,Бүгд,Эмэгтэй,2010,60.5
Төвийн бүс,Бүгд,Эмэгтэй,2009,63.0
Төвийн бүс,15-19,Нийт,2025,4.9
Төвийн бүс,15-19,Нийт,2024,4.1
Төвийн бүс,15-19,Нийт,2023,8.6
Төвийн бүс,15-19,Нийт,2022,5.4
Төвийн бүс,15-19,Нийт,2021,8.4
Төвийн бүс,15-19,Нийт,2020,15.1
Төвийн бүс,15-19,Нийт,2019,10.6
Төвийн бүс,15-19,Нийт,2018,11.1
Төвийн бүс,15-19,Нийт,2017,6.9
Төвийн бүс,15-19,Нийт,2016,6.4
Төвийн бүс,15-19,Нийт,2015,11.7
Төвийн бүс,15-19,Нийт,2014,12.0
Төвийн бүс,15-19,Нийт,2013,10.8
Төвийн бүс,15-19,Нийт,2012,21.7
Төвийн бүс,15-19,Нийт,2011,24.1
Төвийн бүс,15-19,Нийт,2010,17.9
Төвийн бүс,15-19,Нийт,2009,18.3
Төвийн бүс,15-19,Эрэгтэй,2025,8.9
Төвийн бүс,15-19,Эрэгтэй,2024,6.7
Төвийн бүс,15-19,Эрэгтэй,2023,17.4
Төвийн бүс,15-19,Эрэгтэй,2022,10.0
Төвийн бүс,15-19,Эрэгтэй,2021,12.2
Төвийн бүс,15-19,Эрэгтэй,2020,21.0
Төвийн бүс,15-19,Эрэгтэй,2019,14.9
Төвийн бүс,15-19,Эрэгтэй,2018,16.5
Төвийн бүс,15-19,Эрэгтэй,2017,9.9
Төвийн бүс,15-19,Эрэгтэй,2016,7.3
Төвийн бүс,15-19,Эрэгтэй,2015,13.9
Төвийн бүс,15-19,Эрэгтэй,2014,17.7
Төвийн бүс,15-19,Эрэгтэй,2013,14.3
Төвийн бүс,15-19,Эрэгтэй,2012,26.0
Төвийн бүс,15-19,Эрэгтэй,2011,28.4
Төвийн бүс,15-19,Эрэгтэй,2010,20.8
Төвийн бүс,15-19,Эрэгтэй,2009,18.7
Төвийн бүс,15-19,Эмэгтэй,2025,1.5
Төвийн бүс,15-19,Эмэгтэй,2024,1.1
Төвийн бүс,15-19,Эмэгтэй,2023,1.4
Төвийн бүс,15-19,Эмэгтэй,2022,1.2
Төвийн бүс,15-19,Эмэгтэй,2021,3.7
Төвийн бүс,15-19,Эмэгтэй,2020,8.3
Төвийн бүс,15-19,Эмэгтэй,2019,7.6
Төвийн бүс,15-19,Эмэгтэй,2018,7.0
Төвийн бүс,15-19,Эмэгтэй,2017,3.5
Төвийн бүс,15-19,Эмэгтэй,2016,5.2
Төвийн бүс,15-19,Эмэгтэй,2015,9.2
Төвийн бүс,15-19,Эмэгтэй,2014,6.4
Төвийн бүс,15-19,Эмэгтэй,2013,7.5
Төвийн бүс,15-19,Эмэгтэй,2012,17.5
Төвийн бүс,15-19,Эмэгтэй,2011,19.0
Төвийн бүс,15-19,Эмэгтэй,2010,14.2
Төвийн бүс,15-19,Эмэгтэй,2009,17.9
Төвийн бүс,20-24,Нийт,2025,47.1
Төвийн бүс,20-24,Нийт,2024,39.8
Төвийн бүс,20-24,Нийт,2023,48.2
Төвийн бүс,20-24,Нийт,2022,43.7
Төвийн бүс,20-24,Нийт,2021,36.5
Төвийн бүс,20-24,Нийт,2020,54.0
Төвийн бүс,20-24,Нийт,2019,50.3
Төвийн бүс,20-24,Нийт,2018,55.9
Төвийн бүс,20-24,Нийт,2017,48.2
Төвийн бүс,20-24,Нийт,2016,46.2
Төвийн бүс,20-24,Нийт,2015,41.7
Төвийн бүс,20-24,Нийт,2014,50.6
Төвийн бүс,20-24,Нийт,2013,53.4
Төвийн бүс,20-24,Нийт,2012,58.0
Төвийн бүс,20-24,Нийт,2011,62.8
Төвийн бүс,20-24,Нийт,2010,60.2
Төвийн бүс,20-24,Нийт,2009,67.6
Төвийн бүс,20-24,Эрэгтэй,2025,61.3
Төвийн бүс,20-24,Эрэгтэй,2024,48.3
Төвийн бүс,20-24,Эрэгтэй,2023,51.1
Төвийн бүс,20-24,Эрэгтэй,2022,49.6
Төвийн бүс,20-24,Эрэгтэй,2021,44.3
Төвийн бүс,20-24,Эрэгтэй,2020,57.8
Төвийн бүс,20-24,Эрэгтэй,2019,57.4
Төвийн бүс,20-24,Эрэгтэй,2018,65.6
Төвийн бүс,20-24,Эрэгтэй,2017,55.3
Төвийн бүс,20-24,Эрэгтэй,2016,47.4
Төвийн бүс,20-24,Эрэгтэй,2015,54.8
Төвийн бүс,20-24,Эрэгтэй,2014,56.8
Төвийн бүс,20-24,Эрэгтэй,2013,66.6
Төвийн бүс,20-24,Эрэгтэй,2012,65.6
Төвийн бүс,20-24,Эрэгтэй,2011,68.1
Төвийн бүс,20-24,Эрэгтэй,2010,70.0
Төвийн бүс,20-24,Эрэгтэй,2009,72.7
Төвийн бүс,20-24,Эмэгтэй,2025,27.3
Төвийн бүс,20-24,Эмэгтэй,2024,28.0
Төвийн бүс,20-24,Эмэгтэй,2023,41.2
Төвийн бүс,20-24,Эмэгтэй,2022,34.6
Төвийн бүс,20-24,Эмэгтэй,2021,29.2
Төвийн бүс,20-24,Эмэгтэй,2020,49.5
Төвийн бүс,20-24,Эмэгтэй,2019,41.2
Төвийн бүс,20-24,Эмэгтэй,2018,44.6
Төвийн бүс,20-24,Эмэгтэй,2017,40.2
Төвийн бүс,20-24,Эмэгтэй,2016,44.4
Төвийн бүс,20-24,Эмэгтэй,2015,28.3
Төвийн бүс,20-24,Эмэгтэй,2014,42.7
Төвийн бүс,20-24,Эмэгтэй,2013,42.2
Төвийн бүс,20-24,Эмэгтэй,2012,48.4
Төвийн бүс,20-24,Эмэгтэй,2011,55.3
Төвийн бүс,20-24,Эмэгтэй,2010,49.6
Төвийн бүс,20-24,Эмэгтэй,2009,61.3
Төвийн бүс,25-29,Нийт,2025,74.4
Төвийн бүс,25-29,Нийт,2024,80.6
Төвийн бүс,25-29,Нийт,2023,65.9
Төвийн бүс,25-29,Нийт,2022,70.9
Төвийн бүс,25-29,Нийт,2021,72.9
Төвийн бүс,25-29,Нийт,2020,81.0
Төвийн бүс,25-29,Нийт,2019,74.8
Төвийн бүс,25-29,Нийт,2018,78.3
Төвийн бүс,25-29,Нийт,2017,76.4
Төвийн бүс,25-29,Нийт,2016,73.8
Төвийн бүс,25-29,Нийт,2015,70.3
Төвийн бүс,25-29,Нийт,2014,70.9
Төвийн бүс,25-29,Нийт,2013,81.1
Төвийн бүс,25-29,Нийт,2012,78.5
Төвийн бүс,25-29,Нийт,2011,83.5
Төвийн бүс,25-29,Нийт,2010,77.3
Төвийн бүс,25-29,Нийт,2009,80.6
Төвийн бүс,25-29,Эрэгтэй,2025,90.5
Төвийн бүс,25-29,Эрэгтэй,2024,92.9
Төвийн бүс,25-29,Эрэгтэй,2023,73.2
Төвийн бүс,25-29,Эрэгтэй,2022,80.2
Төвийн бүс,25-29,Эрэгтэй,2021,82.5
Төвийн бүс,25-29,Эрэгтэй,2020,91.0
Төвийн бүс,25-29,Эрэгтэй,2019,89.7
Төвийн бүс,25-29,Эрэгтэй,2018,89.9
Төвийн бүс,25-29,Эрэгтэй,2017,86.7
Төвийн бүс,25-29,Эрэгтэй,2016,84.0
Төвийн бүс,25-29,Эрэгтэй,2015,82.2
Төвийн бүс,25-29,Эрэгтэй,2014,82.4
Төвийн бүс,25-29,Эрэгтэй,2013,90.0
Төвийн бүс,25-29,Эрэгтэй,2012,89.2
Төвийн бүс,25-29,Эрэгтэй,2011,94.6
Төвийн бүс,25-29,Эрэгтэй,2010,90.4
Төвийн бүс,25-29,Эрэгтэй,2009,93.4
Төвийн бүс,25-29,Эмэгтэй,2025,55.5
Төвийн бүс,25-29,Эмэгтэй,2024,71.1
Төвийн бүс,25-29,Эмэгтэй,2023,59.3
Төвийн бүс,25-29,Эмэгтэй,2022,60.4
Төвийн бүс,25-29,Эмэгтэй,2021,63.1
Төвийн бүс,25-29,Эмэгтэй,2020,68.3
Төвийн бүс,25-29,Эмэгтэй,2019,62.0
Төвийн бүс,25-29,Эмэгтэй,2018,65.9
Төвийн бүс,25-29,Эмэгтэй,2017,64.8
Төвийн бүс,25-29,Эмэгтэй,2016,62.7
Төвийн бүс,25-29,Эмэгтэй,2015,58.3
Төвийн бүс,25-29,Эмэгтэй,2014,58.8
Төвийн бүс,25-29,Эмэгтэй,2013,71.7
Төвийн бүс,25-29,Эмэгтэй,2012,67.8
Төвийн бүс,25-29,Эмэгтэй,2011,71.9
Төвийн бүс,25-29,Эмэгтэй,2010,65.9
Төвийн бүс,25-29,Эмэгтэй,2009,65.3
Төвийн бүс,30-34,Нийт,2025,82.5
Төвийн бүс,30-34,Нийт,2024,79.1
Төвийн бүс,30-34,Нийт,2023,70.4
Төвийн бүс,30-34,Нийт,2022,70.1
Төвийн бүс,30-34,Нийт,2021,78.3
Төвийн бүс,30-34,Нийт,2020,83.9
Төвийн бүс,30-34,Нийт,2019,79.7
Төвийн бүс,30-34,Нийт,2018,81.6
Төвийн бүс,30-34,Нийт,2017,85.0
Төвийн бүс,30-34,Нийт,2016,78.5
Төвийн бүс,30-34,Нийт,2015,80.6
Төвийн бүс,30-34,Нийт,2014,80.5
Төвийн бүс,30-34,Нийт,2013,80.4
Төвийн бүс,30-34,Нийт,2012,79.8
Төвийн бүс,30-34,Нийт,2011,87.1
Төвийн бүс,30-34,Нийт,2010,84.9
Төвийн бүс,30-34,Нийт,2009,89.3
Төвийн бүс,30-34,Эрэгтэй,2025,93.0
Төвийн бүс,30-34,Эрэгтэй,2024,92.8
Төвийн бүс,30-34,Эрэгтэй,2023,80.3
Төвийн бүс,30-34,Эрэгтэй,2022,77.7
Төвийн бүс,30-34,Эрэгтэй,2021,90.6
Төвийн бүс,30-34,Эрэгтэй,2020,87.4
Төвийн бүс,30-34,Эрэгтэй,2019,89.3
Төвийн бүс,30-34,Эрэгтэй,2018,93.0
Төвийн бүс,30-34,Эрэгтэй,2017,92.9
Төвийн бүс,30-34,Эрэгтэй,2016,86.8
Төвийн бүс,30-34,Эрэгтэй,2015,86.3
Төвийн бүс,30-34,Эрэгтэй,2014,89.4
Төвийн бүс,30-34,Эрэгтэй,2013,89.8
Төвийн бүс,30-34,Эрэгтэй,2012,88.3
Төвийн бүс,30-34,Эрэгтэй,2011,93.9
Төвийн бүс,30-34,Эрэгтэй,2010,95.8
Төвийн бүс,30-34,Эрэгтэй,2009,96.0
Төвийн бүс,30-34,Эмэгтэй,2025,69.8
Төвийн бүс,30-34,Эмэгтэй,2024,65.2
Төвийн бүс,30-34,Эмэгтэй,2023,62.2
Төвийн бүс,30-34,Эмэгтэй,2022,62.7
Төвийн бүс,30-34,Эмэгтэй,2021,66.5
Төвийн бүс,30-34,Эмэгтэй,2020,79.7
Төвийн бүс,30-34,Эмэгтэй,2019,72.7
Төвийн бүс,30-34,Эмэгтэй,2018,68.9
Төвийн бүс,30-34,Эмэгтэй,2017,78.0
Төвийн бүс,30-34,Эмэгтэй,2016,70.3
Төвийн бүс,30-34,Эмэгтэй,2015,75.4
Төвийн бүс,30-34,Эмэгтэй,2014,72.3
Төвийн бүс,30-34,Эмэгтэй,2013,70.2
Төвийн бүс,30-34,Эмэгтэй,2012,71.3
Төвийн бүс,30-34,Эмэгтэй,2011,81.4
Төвийн бүс,30-34,Эмэгтэй,2010,74.1
Төвийн бүс,30-34,Эмэгтэй,2009,83.3
Төвийн бүс,35-39,Нийт,2025,88.9
Төвийн бүс,35-39,Нийт,2024,86.9
Төвийн бүс,35-39,Нийт,2023,70.8
Төвийн бүс,35-39,Нийт,2022,67.5
Төвийн бүс,35-39,Нийт,2021,77.1
Төвийн бүс,35-39,Нийт,2020,79.5
Төвийн бүс,35-39,Нийт,2019,82.1
Төвийн бүс,35-39,Нийт,2018,84.7
Төвийн бүс,35-39,Нийт,2017,88.0
Төвийн бүс,35-39,Нийт,2016,82.9
Төвийн бүс,35-39,Нийт,2015,79.7
Төвийн бүс,35-39,Нийт,2014,84.4
Төвийн бүс,35-39,Нийт,2013,86.6
Төвийн бүс,35-39,Нийт,2012,87.0
Төвийн бүс,35-39,Нийт,2011,89.6
Төвийн бүс,35-39,Нийт,2010,88.2
Төвийн бүс,35-39,Нийт,2009,89.1
Төвийн бүс,35-39,Эрэгтэй,2025,93.2
Төвийн бүс,35-39,Эрэгтэй,2024,93.2
Төвийн бүс,35-39,Эрэгтэй,2023,80.1
Төвийн бүс,35-39,Эрэгтэй,2022,75.0
Төвийн бүс,35-39,Эрэгтэй,2021,89.2
Төвийн бүс,35-39,Эрэгтэй,2020,82.3
Төвийн бүс,35-39,Эрэгтэй,2019,87.9
Төвийн бүс,35-39,Эрэгтэй,2018,89.4
Төвийн бүс,35-39,Эрэгтэй,2017,93.5
Төвийн бүс,35-39,Эрэгтэй,2016,86.6
Төвийн бүс,35-39,Эрэгтэй,2015,86.8
Төвийн бүс,35-39,Эрэгтэй,2014,86.8
Төвийн бүс,35-39,Эрэгтэй,2013,92.2
Төвийн бүс,35-39,Эрэгтэй,2012,93.0
Төвийн бүс,35-39,Эрэгтэй,2011,96.9
Төвийн бүс,35-39,Эрэгтэй,2010,94.1
Төвийн бүс,35-39,Эрэгтэй,2009,92.2
Төвийн бүс,35-39,Эмэгтэй,2025,85.6
Төвийн бүс,35-39,Эмэгтэй,2024,80.5
Төвийн бүс,35-39,Эмэгтэй,2023,60.1
Төвийн бүс,35-39,Эмэгтэй,2022,59.9
Төвийн бүс,35-39,Эмэгтэй,2021,66.3
Төвийн бүс,35-39,Эмэгтэй,2020,77.2
Төвийн бүс,35-39,Эмэгтэй,2019,76.3
Төвийн бүс,35-39,Эмэгтэй,2018,80.9
Төвийн бүс,35-39,Эмэгтэй,2017,82.7
Төвийн бүс,35-39,Эмэгтэй,2016,79.5
Төвийн бүс,35-39,Эмэгтэй,2015,73.3
Төвийн бүс,35-39,Эмэгтэй,2014,82.3
Төвийн бүс,35-39,Эмэгтэй,2013,80.9
Төвийн бүс,35-39,Эмэгтэй,2012,81.0
Төвийн бүс,35-39,Эмэгтэй,2011,83.4
Төвийн бүс,35-39,Эмэгтэй,2010,83.0
Төвийн бүс,35-39,Эмэгтэй,2009,86.2
Төвийн бүс,40-44,Нийт,2025,86.3
Төвийн бүс,40-44,Нийт,2024,77.3
Төвийн бүс,40-44,Нийт,2023,73.0
Төвийн бүс,40-44,Нийт,2022,70.7
Төвийн бүс,40-44,Нийт,2021,78.9
Төвийн бүс,40-44,Нийт,2020,76.5
Төвийн бүс,40-44,Нийт,2019,86.6
Төвийн бүс,40-44,Нийт,2018,86.0
Төвийн бүс,40-44,Нийт,2017,87.0
Төвийн бүс,40-44,Нийт,2016,78.9
Төвийн бүс,40-44,Нийт,2015,86.6
Төвийн бүс,40-44,Нийт,2014,81.7
Төвийн бүс,40-44,Нийт,2013,86.7
Төвийн бүс,40-44,Нийт,2012,91.1
Төвийн бүс,40-44,Нийт,2011,92.3
Төвийн бүс,40-44,Нийт,2010,90.7
Төвийн бүс,40-44,Нийт,2009,92.9
Төвийн бүс,40-44,Эрэгтэй,2025,86.2
Төвийн бүс,40-44,Эрэгтэй,2024,82.2
Төвийн бүс,40-44,Эрэгтэй,2023,76.0
Төвийн бүс,40-44,Эрэгтэй,2022,76.4
Төвийн бүс,40-44,Эрэгтэй,2021,83.0
Төвийн бүс,40-44,Эрэгтэй,2020,80.3
Төвийн бүс,40-44,Эрэгтэй,2019,90.6
Төвийн бүс,40-44,Эрэгтэй,2018,90.4
Төвийн бүс,40-44,Эрэгтэй,2017,91.2
Төвийн бүс,40-44,Эрэгтэй,2016,80.8
Төвийн бүс,40-44,Эрэгтэй,2015,88.2
Төвийн бүс,40-44,Эрэгтэй,2014,83.5
Төвийн бүс,40-44,Эрэгтэй,2013,93.5
Төвийн бүс,40-44,Эрэгтэй,2012,92.1
Төвийн бүс,40-44,Эрэгтэй,2011,97.6
Төвийн бүс,40-44,Эрэгтэй,2010,95.3
Төвийн бүс,40-44,Эрэгтэй,2009,98.5
Төвийн бүс,40-44,Эмэгтэй,2025,86.4
Төвийн бүс,40-44,Эмэгтэй,2024,72.7
Төвийн бүс,40-44,Эмэгтэй,2023,70.2
Төвийн бүс,40-44,Эмэгтэй,2022,65.0
Төвийн бүс,40-44,Эмэгтэй,2021,73.4
Төвийн бүс,40-44,Эмэгтэй,2020,72.9
Төвийн бүс,40-44,Эмэгтэй,2019,83.4
Төвийн бүс,40-44,Эмэгтэй,2018,82.1
Төвийн бүс,40-44,Эмэгтэй,2017,82.4
Төвийн бүс,40-44,Эмэгтэй,2016,77.1
Төвийн бүс,40-44,Эмэгтэй,2015,85.1
Төвийн бүс,40-44,Эмэгтэй,2014,80.0
Төвийн бүс,40-44,Эмэгтэй,2013,81.4
Төвийн бүс,40-44,Эмэгтэй,2012,90.1
Төвийн бүс,40-44,Эмэгтэй,2011,87.0
Төвийн бүс,40-44,Эмэгтэй,2010,86.5
Төвийн бүс,40-44,Эмэгтэй,2009,88.8
Төвийн бүс,45-49,Нийт,2025,85.0
Төвийн бүс,45-49,Нийт,2024,81.3
Төвийн бүс,45-49,Нийт,2023,70.1
Төвийн бүс,45-49,Нийт,2022,66.6
Төвийн бүс,45-49,Нийт,2021,78.2
Төвийн бүс,45-49,Нийт,2020,88.4
Төвийн бүс,45-49,Нийт,2019,86.4
Төвийн бүс,45-49,Нийт,2018,86.4
Төвийн бүс,45-49,Нийт,2017,83.8
Төвийн бүс,45-49,Нийт,2016,82.9
Төвийн бүс,45-49,Нийт,2015,82.0
Төвийн бүс,45-49,Нийт,2014,79.7
Төвийн бүс,45-49,Нийт,2013,84.3
Төвийн бүс,45-49,Нийт,2012,81.5
Төвийн бүс,45-49,Нийт,2011,88.9
Төвийн бүс,45-49,Нийт,2010,86.8
Төвийн бүс,45-49,Нийт,2009,89.0
Төвийн бүс,45-49,Эрэгтэй,2025,86.2
Төвийн бүс,45-49,Эрэгтэй,2024,83.0
Төвийн бүс,45-49,Эрэгтэй,2023,69.9
Төвийн бүс,45-49,Эрэгтэй,2022,66.2
Төвийн бүс,45-49,Эрэгтэй,2021,78.7
Төвийн бүс,45-49,Эрэгтэй,2020,85.7
Төвийн бүс,45-49,Эрэгтэй,2019,87.6
Төвийн бүс,45-49,Эрэгтэй,2018,87.6
Төвийн бүс,45-49,Эрэгтэй,2017,87.3
Төвийн бүс,45-49,Эрэгтэй,2016,82.0
Төвийн бүс,45-49,Эрэгтэй,2015,82.2
Төвийн бүс,45-49,Эрэгтэй,2014,82.1
Төвийн бүс,45-49,Эрэгтэй,2013,90.1
Төвийн бүс,45-49,Эрэгтэй,2012,84.4
Төвийн бүс,45-49,Эрэгтэй,2011,90.3
Төвийн бүс,45-49,Эрэгтэй,2010,91.3
Төвийн бүс,45-49,Эрэгтэй,2009,88.6
Төвийн бүс,45-49,Эмэгтэй,2025,83.7
Төвийн бүс,45-49,Эмэгтэй,2024,79.4
Төвийн бүс,45-49,Эмэгтэй,2023,70.4
Төвийн бүс,45-49,Эмэгтэй,2022,67.1
Төвийн бүс,45-49,Эмэгтэй,2021,77.8
Төвийн бүс,45-49,Эмэгтэй,2020,90.9
Төвийн бүс,45-49,Эмэгтэй,2019,85.0
Төвийн бүс,45-49,Эмэгтэй,2018,85.4
Төвийн бүс,45-49,Эмэгтэй,2017,80.8
Төвийн бүс,45-49,Эмэгтэй,2016,83.8
Төвийн бүс,45-49,Эмэгтэй,2015,81.8
Төвийн бүс,45-49,Эмэгтэй,2014,77.7
Төвийн бүс,45-49,Эмэгтэй,2013,78.8
Төвийн бүс,45-49,Эмэгтэй,2012,78.9
Төвийн бүс,45-49,Эмэгтэй,2011,87.7
Төвийн бүс,45-49,Эмэгтэй,2010,82.8
Төвийн бүс,45-49,Эмэгтэй,2009,89.4
Төвийн бүс,50-54,Нийт,2025,78.5
Төвийн бүс,50-54,Нийт,2024,73.4
Төвийн бүс,50-54,Нийт,2023,57.0
Төвийн бүс,50-54,Нийт,2022,65.5
Төвийн бүс,50-54,Нийт,2021,71.5
Төвийн бүс,50-54,Нийт,2020,68.3
Төвийн бүс,50-54,Нийт,2019,73.2
Төвийн бүс,50-54,Нийт,2018,80.9
Төвийн бүс,50-54,Нийт,2017,82.3
Төвийн бүс,50-54,Нийт,2016,71.4
Төвийн бүс,50-54,Нийт,2015,75.7
Төвийн бүс,50-54,Нийт,2014,70.2
Төвийн бүс,50-54,Нийт,2013,76.9
Төвийн бүс,50-54,Нийт,2012,78.1
Төвийн бүс,50-54,Нийт,2011,84.1
Төвийн бүс,50-54,Нийт,2010,79.2
Төвийн бүс,50-54,Нийт,2009,68.2
Төвийн бүс,50-54,Эрэгтэй,2025,75.9
Төвийн бүс,50-54,Эрэгтэй,2024,69.9
Төвийн бүс,50-54,Эрэгтэй,2023,59.6
Төвийн бүс,50-54,Эрэгтэй,2022,61.5
Төвийн бүс,50-54,Эрэгтэй,2021,74.8
Төвийн бүс,50-54,Эрэгтэй,2020,70.2
Төвийн бүс,50-54,Эрэгтэй,2019,82.8
Төвийн бүс,50-54,Эрэгтэй,2018,87.5
Төвийн бүс,50-54,Эрэгтэй,2017,87.2
Төвийн бүс,50-54,Эрэгтэй,2016,74.7
Төвийн бүс,50-54,Эрэгтэй,2015,83.1
Төвийн бүс,50-54,Эрэгтэй,2014,74.3
Төвийн бүс,50-54,Эрэгтэй,2013,82.3
Төвийн бүс,50-54,Эрэгтэй,2012,80.0
Төвийн бүс,50-54,Эрэгтэй,2011,88.6
Төвийн бүс,50-54,Эрэгтэй,2010,86.2
Төвийн бүс,50-54,Эрэгтэй,2009,77.8
Төвийн бүс,50-54,Эмэгтэй,2025,80.9
Төвийн бүс,50-54,Эмэгтэй,2024,76.6
Төвийн бүс,50-54,Эмэгтэй,2023,54.4
Төвийн бүс,50-54,Эмэгтэй,2022,68.3
Төвийн бүс,50-54,Эмэгтэй,2021,69.0
Төвийн бүс,50-54,Эмэгтэй,2020,66.5
Төвийн бүс,50-54,Эмэгтэй,2019,62.5
Төвийн бүс,50-54,Эмэгтэй,2018,74.8
Төвийн бүс,50-54,Эмэгтэй,2017,77.6
Төвийн бүс,50-54,Эмэгтэй,2016,68.7
Төвийн бүс,50-54,Эмэгтэй,2015,69.3
Төвийн бүс,50-54,Эмэгтэй,2014,66.0
Төвийн бүс,50-54,Эмэгтэй,2013,72.8
Төвийн бүс,50-54,Эмэгтэй,2012,76.4
Төвийн бүс,50-54,Эмэгтэй,2011,79.9
Төвийн бүс,50-54,Эмэгтэй,2010,72.9
Төвийн бүс,50-54,Эмэгтэй,2009,59.1
Төвийн бүс,55-59,Нийт,2025,44.6
Төвийн бүс,55-59,Нийт,2024,41.2
Төвийн бүс,55-59,Нийт,2023,48.5
Төвийн бүс,55-59,Нийт,2022,44.7
Төвийн бүс,55-59,Нийт,2021,46.0
Төвийн бүс,55-59,Нийт,2020,51.3
Төвийн бүс,55-59,Нийт,2019,53.5
Төвийн бүс,55-59,Нийт,2018,55.7
Төвийн бүс,55-59,Нийт,2017,60.1
Төвийн бүс,55-59,Нийт,2016,53.4
Төвийн бүс,55-59,Нийт,2015,46.7
Төвийн бүс,55-59,Нийт,2014,48.6
Төвийн бүс,55-59,Нийт,2013,50.2
Төвийн бүс,55-59,Нийт,2012,51.1
Төвийн бүс,55-59,Нийт,2011,62.8
Төвийн бүс,55-59,Нийт,2010,53.8
Төвийн бүс,55-59,Нийт,2009,58.9
Төвийн бүс,55-59,Эрэгтэй,2025,60.7
Төвийн бүс,55-59,Эрэгтэй,2024,55.5
Төвийн бүс,55-59,Эрэгтэй,2023,62.7
Төвийн бүс,55-59,Эрэгтэй,2022,56.9
Төвийн бүс,55-59,Эрэгтэй,2021,60.7
Төвийн бүс,55-59,Эрэгтэй,2020,62.2
Төвийн бүс,55-59,Эрэгтэй,2019,71.8
Төвийн бүс,55-59,Эрэгтэй,2018,71.4
Төвийн бүс,55-59,Эрэгтэй,2017,68.2
Төвийн бүс,55-59,Эрэгтэй,2016,64.6
Төвийн бүс,55-59,Эрэгтэй,2015,64.5
Төвийн бүс,55-59,Эрэгтэй,2014,58.6
Төвийн бүс,55-59,Эрэгтэй,2013,60.1
Төвийн бүс,55-59,Эрэгтэй,2012,68.0
Төвийн бүс,55-59,Эрэгтэй,2011,86.8
Төвийн бүс,55-59,Эрэгтэй,2010,70.9
Төвийн бүс,55-59,Эрэгтэй,2009,63.5
Төвийн бүс,55-59,Эмэгтэй,2025,28.7
Төвийн бүс,55-59,Эмэгтэй,2024,29.4
Төвийн бүс,55-59,Эмэгтэй,2023,35.4
Төвийн бүс,55-59,Эмэгтэй,2022,35.4
Төвийн бүс,55-59,Эмэгтэй,2021,33.0
Төвийн бүс,55-59,Эмэгтэй,2020,42.2
Төвийн бүс,55-59,Эмэгтэй,2019,38.8
Төвийн бүс,55-59,Эмэгтэй,2018,44.8
Төвийн бүс,55-59,Эмэгтэй,2017,52.1
Төвийн бүс,55-59,Эмэгтэй,2016,42.9
Төвийн бүс,55-59,Эмэгтэй,2015,26.5
Төвийн бүс,55-59,Эмэгтэй,2014,40.1
Төвийн бүс,55-59,Эмэгтэй,2013,42.0
Төвийн бүс,55-59,Эмэгтэй,2012,38.5
Төвийн бүс,55-59,Эмэгтэй,2011,41.3
Төвийн бүс,55-59,Эмэгтэй,2010,39.5
Төвийн бүс,55-59,Эмэгтэй,2009,55.3
Төвийн бүс,60-64,Нийт,2025,12.8
Төвийн бүс,60-64,Нийт,2024,18.7
Төвийн бүс,60-64,Нийт,2023,24.3
Төвийн бүс,60-64,Нийт,2022,18.4
Төвийн бүс,60-64,Нийт,2021,21.0
Төвийн бүс,60-64,Нийт,2020,22.2
Төвийн бүс,60-64,Нийт,2019,32.8
Төвийн бүс,60-64,Нийт,2018,31.3
Төвийн бүс,60-64,Нийт,2017,45.2
Төвийн бүс,60-64,Нийт,2016,38.1
Төвийн бүс,60-64,Нийт,2015,24.5
Төвийн бүс,60-64,Нийт,2014,17.1
Төвийн бүс,60-64,Нийт,2013,38.6
Төвийн бүс,60-64,Нийт,2012,36.3
Төвийн бүс,60-64,Нийт,2011,43.6
Төвийн бүс,60-64,Нийт,2010,42.1
Төвийн бүс,60-64,Нийт,2009,48.7
Төвийн бүс,60-64,Эрэгтэй,2025,16.8
Төвийн бүс,60-64,Эрэгтэй,2024,16.5
Төвийн бүс,60-64,Эрэгтэй,2023,29.2
Төвийн бүс,60-64,Эрэгтэй,2022,19.1
Төвийн бүс,60-64,Эрэгтэй,2021,25.4
Төвийн бүс,60-64,Эрэгтэй,2020,27.3
Төвийн бүс,60-64,Эрэгтэй,2019,41.5
Төвийн бүс,60-64,Эрэгтэй,2018,42.6
Төвийн бүс,60-64,Эрэгтэй,2017,49.2
Төвийн бүс,60-64,Эрэгтэй,2016,44.1
Төвийн бүс,60-64,Эрэгтэй,2015,29.2
Төвийн бүс,60-64,Эрэгтэй,2014,26.6
Төвийн бүс,60-64,Эрэгтэй,2013,37.8
Төвийн бүс,60-64,Эрэгтэй,2012,49.6
Төвийн бүс,60-64,Эрэгтэй,2011,46.5
Төвийн бүс,60-64,Эрэгтэй,2010,48.2
Төвийн бүс,60-64,Эрэгтэй,2009,51.2
Төвийн бүс,60-64,Эмэгтэй,2025,9.9
Төвийн бүс,60-64,Эмэгтэй,2024,20.6
Төвийн бүс,60-64,Эмэгтэй,2023,21.4
Төвийн бүс,60-64,Эмэгтэй,2022,17.8
Төвийн бүс,60-64,Эмэгтэй,2021,18.1
Төвийн бүс,60-64,Эмэгтэй,2020,17.9
Төвийн бүс,60-64,Эмэгтэй,2019,26.7
Төвийн бүс,60-64,Эмэгтэй,2018,22.0
Төвийн бүс,60-64,Эмэгтэй,2017,41.7
Төвийн бүс,60-64,Эмэгтэй,2016,33.6
Төвийн бүс,60-64,Эмэгтэй,2015,19.8
Төвийн бүс,60-64,Эмэгтэй,2014,8.0
Төвийн бүс,60-64,Эмэгтэй,2013,39.4
Төвийн бүс,60-64,Эмэгтэй,2012,26.1
Төвийн бүс,60-64,Эмэгтэй,2011,40.2
Төвийн бүс,60-64,Эмэгтэй,2010,35.0
Төвийн бүс,60-64,Эмэгтэй,2009,45.2
Төвийн бүс,65-69,Нийт,2025,6.7
Төвийн бүс,65-69,Нийт,2024,14.7
Төвийн бүс,65-69,Нийт,2023,13.5
Төвийн бүс,65-69,Нийт,2022,12.3
Төвийн бүс,65-69,Нийт,2021,17.6
Төвийн бүс,65-69,Нийт,2020,18.7
Төвийн бүс,65-69,Нийт,2019,24.4
Төвийн бүс,65-69,Нийт,2018,24.6
Төвийн бүс,65-69,Нийт,2017,29.8
Төвийн бүс,65-69,Нийт,2016,23.7
Төвийн бүс,65-69,Нийт,2015,22.3
Төвийн бүс,65-69,Нийт,2014,21.5
Төвийн бүс,65-69,Нийт,2013,26.3
Төвийн бүс,65-69,Нийт,2012,35.8
Төвийн бүс,65-69,Нийт,2011,29.3
Төвийн бүс,65-69,Нийт,2010,30.4
Төвийн бүс,65-69,Нийт,2009,27.1
Төвийн бүс,65-69,Эрэгтэй,2025,9.3
Төвийн бүс,65-69,Эрэгтэй,2024,16.5
Төвийн бүс,65-69,Эрэгтэй,2023,6.5
Төвийн бүс,65-69,Эрэгтэй,2022,17.2
Төвийн бүс,65-69,Эрэгтэй,2021,19.7
Төвийн бүс,65-69,Эрэгтэй,2020,25.1
Төвийн бүс,65-69,Эрэгтэй,2019,28.5
Төвийн бүс,65-69,Эрэгтэй,2018,23.4
Төвийн бүс,65-69,Эрэгтэй,2017,30.5
Төвийн бүс,65-69,Эрэгтэй,2016,24.3
Төвийн бүс,65-69,Эрэгтэй,2015,19.8
Төвийн бүс,65-69,Эрэгтэй,2014,23.6
Төвийн бүс,65-69,Эрэгтэй,2013,26.1
Төвийн бүс,65-69,Эрэгтэй,2012,43.4
Төвийн бүс,65-69,Эрэгтэй,2011,33.2
Төвийн бүс,65-69,Эрэгтэй,2010,33.9
Төвийн бүс,65-69,Эрэгтэй,2009,34.9
Төвийн бүс,65-69,Эмэгтэй,2025,4.6
Төвийн бүс,65-69,Эмэгтэй,2024,13.5
Төвийн бүс,65-69,Эмэгтэй,2023,19.8
Төвийн бүс,65-69,Эмэгтэй,2022,7.8
Төвийн бүс,65-69,Эмэгтэй,2021,15.3
Төвийн бүс,65-69,Эмэгтэй,2020,13.9
Төвийн бүс,65-69,Эмэгтэй,2019,20.6
Төвийн бүс,65-69,Эмэгтэй,2018,25.8
Төвийн бүс,65-69,Эмэгтэй,2017,29.2
Төвийн бүс,65-69,Эмэгтэй,2016,23.1
Төвийн бүс,65-69,Эмэгтэй,2015,25.1
Төвийн бүс,65-69,Эмэгтэй,2014,19.5
Төвийн бүс,65-69,Эмэгтэй,2013,26.7
Төвийн бүс,65-69,Эмэгтэй,2012,29.8
Төвийн бүс,65-69,Эмэгтэй,2011,25.2
Төвийн бүс,65-69,Эмэгтэй,2010,26.2
Төвийн бүс,65-69,Эмэгтэй,2009,21.2
Төвийн бүс,70+,Нийт,2025,1.1
Төвийн бүс,70+,Нийт,2024,7.9
Төвийн бүс,70+,Нийт,2023,8.6
Төвийн бүс,70+,Нийт,2022,5.0
Төвийн бүс,70+,Нийт,2021,4.5
Төвийн бүс,70+,Нийт,2020,5.8
Төвийн бүс,70+,Нийт,2019,9.3
Төвийн бүс,70+,Нийт,2018,17.5
Төвийн бүс,70+,Нийт,2017,16.0
Төвийн бүс,70+,Нийт,2016,13.5
Төвийн бүс,70+,Нийт,2015,7.4
Төвийн бүс,70+,Нийт,2014,14.2
Төвийн бүс,70+,Нийт,2013,14.5
Төвийн бүс,70+,Нийт,2012,22.9
Төвийн бүс,70+,Нийт,2011,17.5
Төвийн бүс,70+,Нийт,2010,7.8
Төвийн бүс,70+,Нийт,2009,10.1
Төвийн бүс,70+,Эрэгтэй,2025,1.1
Төвийн бүс,70+,Эрэгтэй,2024,13.6
Төвийн бүс,70+,Эрэгтэй,2023,12.3
Төвийн бүс,70+,Эрэгтэй,2022,7.0
Төвийн бүс,70+,Эрэгтэй,2021,7.0
Төвийн бүс,70+,Эрэгтэй,2020,5.8
Төвийн бүс,70+,Эрэгтэй,2019,10.6
Төвийн бүс,70+,Эрэгтэй,2018,26.1
Төвийн бүс,70+,Эрэгтэй,2017,18.9
Төвийн бүс,70+,Эрэгтэй,2016,14.1
Төвийн бүс,70+,Эрэгтэй,2015,4.1
Төвийн бүс,70+,Эрэгтэй,2014,13.5
Төвийн бүс,70+,Эрэгтэй,2013,21.8
Төвийн бүс,70+,Эрэгтэй,2012,22.7
Төвийн бүс,70+,Эрэгтэй,2011,31.4
Төвийн бүс,70+,Эрэгтэй,2010,12.8
Төвийн бүс,70+,Эрэгтэй,2009,8.8
Төвийн бүс,70+,Эмэгтэй,2025,1.0
Төвийн бүс,70+,Эмэгтэй,2024,3.0
Төвийн бүс,70+,Эмэгтэй,2023,6.9
Төвийн бүс,70+,Эмэгтэй,2022,3.8
Төвийн бүс,70+,Эмэгтэй,2021,3.1
Төвийн бүс,70+,Эмэгтэй,2020,5.8
Төвийн бүс,70+,Эмэгтэй,2019,8.6
Төвийн бүс,70+,Эмэгтэй,2018,11.9
Төвийн бүс,70+,Эмэгтэй,2017,13.2
Төвийн бүс,70+,Эмэгтэй,2016,12.9
Төвийн бүс,70+,Эмэгтэй,2015,10.0
Төвийн бүс,70+,Эмэгтэй,2014,14.6
Төвийн бүс,70+,Эмэгтэй,2013,9.2
Төвийн бүс,70+,Эмэгтэй,2012,23.1
Төвийн бүс,70+,Эмэгтэй,2011,7.8
Төвийн бүс,70+,Эмэгтэй,2010,4.0
Төвийн бүс,70+,Эмэгтэй,2009,11.0
Дархан-Уул,Бүгд,Нийт,2025,52.8
Дархан-Уул,Бүгд,Нийт,2024,55.8
Дархан-Уул,Бүгд,Нийт,2023,53.3
Дархан-Уул,Бүгд,Нийт,2022,53.6
Дархан-Уул,Бүгд,Нийт,2021,54.8
Дархан-Уул,Бүгд,Нийт,2020,58.7
Дархан-Уул,Бүгд,Нийт,2019,60.1
Дархан-Уул,Бүгд,Нийт,2018,52.1
Дархан-Уул,Бүгд,Нийт,2017,58.0
Дархан-Уул,Бүгд,Нийт,2016,52.2
Дархан-Уул,Бүгд,Нийт,2015,54.8
Дархан-Уул,Бүгд,Нийт,2014,52.8
Дархан-Уул,Бүгд,Нийт,2013,55.6
Дархан-Уул,Бүгд,Нийт,2012,56.2
Дархан-Уул,Бүгд,Нийт,2011,62.7
Дархан-Уул,Бүгд,Нийт,2010,56.4
Дархан-Уул,Бүгд,Нийт,2009,58.0
Дархан-Уул,Бүгд,Эрэгтэй,2025,58.6
Дархан-Уул,Бүгд,Эрэгтэй,2024,58.8
Дархан-Уул,Бүгд,Эрэгтэй,2023,62.0
Дархан-Уул,Бүгд,Эрэгтэй,2022,64.8
Дархан-Уул,Бүгд,Эрэгтэй,2021,62.8
Дархан-Уул,Бүгд,Эрэгтэй,2020,63.9
Дархан-Уул,Бүгд,Эрэгтэй,2019,69.1
Дархан-Уул,Бүгд,Эрэгтэй,2018,64.4
Дархан-Уул,Бүгд,Эрэгтэй,2017,63.6
Дархан-Уул,Бүгд,Эрэгтэй,2016,55.9
Дархан-Уул,Бүгд,Эрэгтэй,2015,61.6
Дархан-Уул,Бүгд,Эрэгтэй,2014,58.0
Дархан-Уул,Бүгд,Эрэгтэй,2013,64.7
Дархан-Уул,Бүгд,Эрэгтэй,2012,64.5
Дархан-Уул,Бүгд,Эрэгтэй,2011,71.0
Дархан-Уул,Бүгд,Эрэгтэй,2010,64.0
Дархан-Уул,Бүгд,Эрэгтэй,2009,60.8
Дархан-Уул,Бүгд,Эмэгтэй,2025,47.7
Дархан-Уул,Бүгд,Эмэгтэй,2024,52.8
Дархан-Уул,Бүгд,Эмэгтэй,2023,45.9
Дархан-Уул,Бүгд,Эмэгтэй,2022,43.8
Дархан-Уул,Бүгд,Эмэгтэй,2021,47.5
Дархан-Уул,Бүгд,Эмэгтэй,2020,53.7
Дархан-Уул,Бүгд,Эмэгтэй,2019,52.6
Дархан-Уул,Бүгд,Эмэгтэй,2018,42.2
Дархан-Уул,Бүгд,Эмэгтэй,2017,52.5
Дархан-Уул,Бүгд,Эмэгтэй,2016,48.5
Дархан-Уул,Бүгд,Эмэгтэй,2015,48.5
Дархан-Уул,Бүгд,Эмэгтэй,2014,48.5
Дархан-Уул,Бүгд,Эмэгтэй,2013,47.7
Дархан-Уул,Бүгд,Эмэгтэй,2012,48.8
Дархан-Уул,Бүгд,Эмэгтэй,2011,55.1
Дархан-Уул,Бүгд,Эмэгтэй,2010,49.3
Дархан-Уул,Бүгд,Эмэгтэй,2009,55.2
Дархан-Уул,15-19,Нийт,2025,1.8
Дархан-Уул,15-19,Нийт,2024,4.3
Дархан-Уул,15-19,Нийт,2023,10.2
Дархан-Уул,15-19,Нийт,2022,2.3
Дархан-Уул,15-19,Нийт,2021,5.1
Дархан-Уул,15-19,Нийт,2020,7.5
Дархан-Уул,15-19,Нийт,2019,7.2
Дархан-Уул,15-19,Нийт,2018,6.8
Дархан-Уул,15-19,Нийт,2017,3.6
Дархан-Уул,15-19,Нийт,2016,3.1
Дархан-Уул,15-19,Нийт,2015,2.6
Дархан-Уул,15-19,Нийт,2014,7.3
Дархан-Уул,15-19,Нийт,2013,5.3
Дархан-Уул,15-19,Нийт,2012,16.3
Дархан-Уул,15-19,Нийт,2011,17.0
Дархан-Уул,15-19,Нийт,2010,6.0
Дархан-Уул,15-19,Нийт,2009,6.2
Дархан-Уул,15-19,Эрэгтэй,2025,4.2
Дархан-Уул,15-19,Эрэгтэй,2024,5.2
Дархан-Уул,15-19,Эрэгтэй,2023,16.8
Дархан-Уул,15-19,Эрэгтэй,2022,4.3
Дархан-Уул,15-19,Эрэгтэй,2021,9.4
Дархан-Уул,15-19,Эрэгтэй,2020,11.0
Дархан-Уул,15-19,Эрэгтэй,2019,10.5
Дархан-Уул,15-19,Эрэгтэй,2018,12.1
Дархан-Уул,15-19,Эрэгтэй,2017,7.6
Дархан-Уул,15-19,Эрэгтэй,2016,2.7
Дархан-Уул,15-19,Эрэгтэй,2015,2.6
Дархан-Уул,15-19,Эрэгтэй,2014,9.8
Дархан-Уул,15-19,Эрэгтэй,2013,8.8
Дархан-Уул,15-19,Эрэгтэй,2012,17.7
Дархан-Уул,15-19,Эрэгтэй,2011,22.7
Дархан-Уул,15-19,Эрэгтэй,2010,6.0
Дархан-Уул,15-19,Эрэгтэй,2009,4.8
Дархан-Уул,15-19,Эмэгтэй,2025,0.0
Дархан-Уул,15-19,Эмэгтэй,2024,3.3
Дархан-Уул,15-19,Эмэгтэй,2023,0.0
Дархан-Уул,15-19,Эмэгтэй,2022,1.1
Дархан-Уул,15-19,Эмэгтэй,2021,1.4
Дархан-Уул,15-19,Эмэгтэй,2020,3.2
Дархан-Уул,15-19,Эмэгтэй,2019,5.6
Дархан-Уул,15-19,Эмэгтэй,2018,3.0
Дархан-Уул,15-19,Эмэгтэй,2017,0.0
Дархан-Уул,15-19,Эмэгтэй,2016,3.7
Дархан-Уул,15-19,Эмэгтэй,2015,2.5
Дархан-Уул,15-19,Эмэгтэй,2014,5.8
Дархан-Уул,15-19,Эмэгтэй,2013,2.0
Дархан-Уул,15-19,Эмэгтэй,2012,14.8
Дархан-Уул,15-19,Эмэгтэй,2011,9.7
Дархан-Уул,15-19,Эмэгтэй,2010,6.0
Дархан-Уул,15-19,Эмэгтэй,2009,7.9
Дархан-Уул,20-24,Нийт,2025,41.0
Дархан-Уул,20-24,Нийт,2024,39.1
Дархан-Уул,20-24,Нийт,2023,43.4
Дархан-Уул,20-24,Нийт,2022,39.4
Дархан-Уул,20-24,Нийт,2021,36.3
Дархан-Уул,20-24,Нийт,2020,46.2
Дархан-Уул,20-24,Нийт,2019,53.2
Дархан-Уул,20-24,Нийт,2018,51.1
Дархан-Уул,20-24,Нийт,2017,35.6
Дархан-Уул,20-24,Нийт,2016,39.3
Дархан-Уул,20-24,Нийт,2015,31.7
Дархан-Уул,20-24,Нийт,2014,42.5
Дархан-Уул,20-24,Нийт,2013,41.8
Дархан-Уул,20-24,Нийт,2012,47.9
Дархан-Уул,20-24,Нийт,2011,50.3
Дархан-Уул,20-24,Нийт,2010,47.6
Дархан-Уул,20-24,Нийт,2009,55.5
Дархан-Уул,20-24,Эрэгтэй,2025,48.5
Дархан-Уул,20-24,Эрэгтэй,2024,40.8
Дархан-Уул,20-24,Эрэгтэй,2023,50.4
Дархан-Уул,20-24,Эрэгтэй,2022,45.8
Дархан-Уул,20-24,Эрэгтэй,2021,38.9
Дархан-Уул,20-24,Эрэгтэй,2020,58.1
Дархан-Уул,20-24,Эрэгтэй,2019,58.0
Дархан-Уул,20-24,Эрэгтэй,2018,65.0
Дархан-Уул,20-24,Эрэгтэй,2017,39.7
Дархан-Уул,20-24,Эрэгтэй,2016,40.6
Дархан-Уул,20-24,Эрэгтэй,2015,42.4
Дархан-Уул,20-24,Эрэгтэй,2014,45.9
Дархан-Уул,20-24,Эрэгтэй,2013,58.4
Дархан-Уул,20-24,Эрэгтэй,2012,57.8
Дархан-Уул,20-24,Эрэгтэй,2011,55.5
Дархан-Уул,20-24,Эрэгтэй,2010,57.1
Дархан-Уул,20-24,Эрэгтэй,2009,56.6
Дархан-Уул,20-24,Эмэгтэй,2025,35.0
Дархан-Уул,20-24,Эмэгтэй,2024,34.4
Дархан-Уул,20-24,Эмэгтэй,2023,31.5
Дархан-Уул,20-24,Эмэгтэй,2022,30.8
Дархан-Уул,20-24,Эмэгтэй,2021,32.6
Дархан-Уул,20-24,Эмэгтэй,2020,30.5
Дархан-Уул,20-24,Эмэгтэй,2019,46.7
Дархан-Уул,20-24,Эмэгтэй,2018,39.2
Дархан-Уул,20-24,Эмэгтэй,2017,29.2
Дархан-Уул,20-24,Эмэгтэй,2016,37.0
Дархан-Уул,20-24,Эмэгтэй,2015,22.0
Дархан-Уул,20-24,Эмэгтэй,2014,38.1
Дархан-Уул,20-24,Эмэгтэй,2013,27.7
Дархан-Уул,20-24,Эмэгтэй,2012,36.9
Дархан-Уул,20-24,Эмэгтэй,2011,43.8
Дархан-Уул,20-24,Эмэгтэй,2010,37.4
Дархан-Уул,20-24,Эмэгтэй,2009,54.2
Дархан-Уул,25-29,Нийт,2025,74.1
Дархан-Уул,25-29,Нийт,2024,82.4
Дархан-Уул,25-29,Нийт,2023,75.6
Дархан-Уул,25-29,Нийт,2022,84.0
Дархан-Уул,25-29,Нийт,2021,67.3
Дархан-Уул,25-29,Нийт,2020,77.4
Дархан-Уул,25-29,Нийт,2019,75.5
Дархан-Уул,25-29,Нийт,2018,75.4
Дархан-Уул,25-29,Нийт,2017,76.3
Дархан-Уул,25-29,Нийт,2016,67.7
Дархан-Уул,25-29,Нийт,2015,75.0
Дархан-Уул,25-29,Нийт,2014,65.8
Дархан-Уул,25-29,Нийт,2013,76.0
Дархан-Уул,25-29,Нийт,2012,76.2
Дархан-Уул,25-29,Нийт,2011,79.1
Дархан-Уул,25-29,Нийт,2010,71.6
Дархан-Уул,25-29,Нийт,2009,77.7
Дархан-Уул,25-29,Эрэгтэй,2025,85.6
Дархан-Уул,25-29,Эрэгтэй,2024,96.6
Дархан-Уул,25-29,Эрэгтэй,2023,84.0
Дархан-Уул,25-29,Эрэгтэй,2022,97.5
Дархан-Уул,25-29,Эрэгтэй,2021,77.4
Дархан-Уул,25-29,Эрэгтэй,2020,94.0
Дархан-Уул,25-29,Эрэгтэй,2019,86.8
Дархан-Уул,25-29,Эрэгтэй,2018,87.3
Дархан-Уул,25-29,Эрэгтэй,2017,88.7
Дархан-Уул,25-29,Эрэгтэй,2016,77.5
Дархан-Уул,25-29,Эрэгтэй,2015,88.3
Дархан-Уул,25-29,Эрэгтэй,2014,79.0
Дархан-Уул,25-29,Эрэгтэй,2013,87.3
Дархан-Уул,25-29,Эрэгтэй,2012,84.6
Дархан-Уул,25-29,Эрэгтэй,2011,95.9
Дархан-Уул,25-29,Эрэгтэй,2010,89.8
Дархан-Уул,25-29,Эрэгтэй,2009,88.6
Дархан-Уул,25-29,Эмэгтэй,2025,58.3
Дархан-Уул,25-29,Эмэгтэй,2024,74.7
Дархан-Уул,25-29,Эмэгтэй,2023,70.7
Дархан-Уул,25-29,Эмэгтэй,2022,64.8
Дархан-Уул,25-29,Эмэгтэй,2021,55.6
Дархан-Уул,25-29,Эмэгтэй,2020,58.4
Дархан-Уул,25-29,Эмэгтэй,2019,67.6
Дархан-Уул,25-29,Эмэгтэй,2018,59.2
Дархан-Уул,25-29,Эмэгтэй,2017,59.9
Дархан-Уул,25-29,Эмэгтэй,2016,58.6
Дархан-Уул,25-29,Эмэгтэй,2015,61.3
Дархан-Уул,25-29,Эмэгтэй,2014,53.2
Дархан-Уул,25-29,Эмэгтэй,2013,63.1
Дархан-Уул,25-29,Эмэгтэй,2012,65.5
Дархан-Уул,25-29,Эмэгтэй,2011,63.2
Дархан-Уул,25-29,Эмэгтэй,2010,54.5
Дархан-Уул,25-29,Эмэгтэй,2009,60.3
Дархан-Уул,30-34,Нийт,2025,80.7
Дархан-Уул,30-34,Нийт,2024,80.6
Дархан-Уул,30-34,Нийт,2023,78.5
Дархан-Уул,30-34,Нийт,2022,76.8
Дархан-Уул,30-34,Нийт,2021,87.8
Дархан-Уул,30-34,Нийт,2020,90.9
Дархан-Уул,30-34,Нийт,2019,78.4
Дархан-Уул,30-34,Нийт,2018,77.0
Дархан-Уул,30-34,Нийт,2017,81.8
Дархан-Уул,30-34,Нийт,2016,64.0
Дархан-Уул,30-34,Нийт,2015,80.1
Дархан-Уул,30-34,Нийт,2014,80.9
Дархан-Уул,30-34,Нийт,2013,74.0
Дархан-Уул,30-34,Нийт,2012,74.1
Дархан-Уул,30-34,Нийт,2011,87.4
Дархан-Уул,30-34,Нийт,2010,83.1
Дархан-Уул,30-34,Нийт,2009,85.2
Дархан-Уул,30-34,Эрэгтэй,2025,94.0
Дархан-Уул,30-34,Эрэгтэй,2024,98.8
Дархан-Уул,30-34,Эрэгтэй,2023,93.8
Дархан-Уул,30-34,Эрэгтэй,2022,94.9
Дархан-Уул,30-34,Эрэгтэй,2021,95.0
Дархан-Уул,30-34,Эрэгтэй,2020,95.9
Дархан-Уул,30-34,Эрэгтэй,2019,88.8
Дархан-Уул,30-34,Эрэгтэй,2018,96.2
Дархан-Уул,30-34,Эрэгтэй,2017,90.0
Дархан-Уул,30-34,Эрэгтэй,2016,79.1
Дархан-Уул,30-34,Эрэгтэй,2015,91.4
Дархан-Уул,30-34,Эрэгтэй,2014,84.0
Дархан-Уул,30-34,Эрэгтэй,2013,85.2
Дархан-Уул,30-34,Эрэгтэй,2012,85.8
Дархан-Уул,30-34,Эрэгтэй,2011,96.2
Дархан-Уул,30-34,Эрэгтэй,2010,95.9
Дархан-Уул,30-34,Эрэгтэй,2009,96.2
Дархан-Уул,30-34,Эмэгтэй,2025,64.3
Дархан-Уул,30-34,Эмэгтэй,2024,60.9
Дархан-Уул,30-34,Эмэгтэй,2023,64.6
Дархан-Уул,30-34,Эмэгтэй,2022,61.9
Дархан-Уул,30-34,Эмэгтэй,2021,81.3
Дархан-Уул,30-34,Эмэгтэй,2020,85.1
Дархан-Уул,30-34,Эмэгтэй,2019,67.7
Дархан-Уул,30-34,Эмэгтэй,2018,56.3
Дархан-Уул,30-34,Эмэгтэй,2017,74.7
Дархан-Уул,30-34,Эмэгтэй,2016,48.6
Дархан-Уул,30-34,Эмэгтэй,2015,70.2
Дархан-Уул,30-34,Эмэгтэй,2014,78.3
Дархан-Уул,30-34,Эмэгтэй,2013,64.2
Дархан-Уул,30-34,Эмэгтэй,2012,64.3
Дархан-Уул,30-34,Эмэгтэй,2011,78.9
Дархан-Уул,30-34,Эмэгтэй,2010,73.0
Дархан-Уул,30-34,Эмэгтэй,2009,77.2
Дархан-Уул,35-39,Нийт,2025,88.5
Дархан-Уул,35-39,Нийт,2024,90.9
Дархан-Уул,35-39,Нийт,2023,80.3
Дархан-Уул,35-39,Нийт,2022,77.8
Дархан-Уул,35-39,Нийт,2021,81.2
Дархан-Уул,35-39,Нийт,2020,92.6
Дархан-Уул,35-39,Нийт,2019,81.3
Дархан-Уул,35-39,Нийт,2018,76.0
Дархан-Уул,35-39,Нийт,2017,83.3
Дархан-Уул,35-39,Нийт,2016,71.4
Дархан-Уул,35-39,Нийт,2015,77.0
Дархан-Уул,35-39,Нийт,2014,79.3
Дархан-Уул,35-39,Нийт,2013,82.0
Дархан-Уул,35-39,Нийт,2012,78.0
Дархан-Уул,35-39,Нийт,2011,90.5
Дархан-Уул,35-39,Нийт,2010,86.1
Дархан-Уул,35-39,Нийт,2009,84.3
Дархан-Уул,35-39,Эрэгтэй,2025,96.5
Дархан-Уул,35-39,Эрэгтэй,2024,100.0
Дархан-Уул,35-39,Эрэгтэй,2023,95.2
Дархан-Уул,35-39,Эрэгтэй,2022,95.5
Дархан-Уул,35-39,Эрэгтэй,2021,95.6
Дархан-Уул,35-39,Эрэгтэй,2020,93.3
Дархан-Уул,35-39,Эрэгтэй,2019,92.6
Дархан-Уул,35-39,Эрэгтэй,2018,80.2
Дархан-Уул,35-39,Эрэгтэй,2017,91.0
Дархан-Уул,35-39,Эрэгтэй,2016,80.4
Дархан-Уул,35-39,Эрэгтэй,2015,85.0
Дархан-Уул,35-39,Эрэгтэй,2014,85.3
Дархан-Уул,35-39,Эрэгтэй,2013,95.4
Дархан-Уул,35-39,Эрэгтэй,2012,89.0
Дархан-Уул,35-39,Эрэгтэй,2011,100.0
Дархан-Уул,35-39,Эрэгтэй,2010,93.2
Дархан-Уул,35-39,Эрэгтэй,2009,89.2
Дархан-Уул,35-39,Эмэгтэй,2025,83.8
Дархан-Уул,35-39,Эмэгтэй,2024,83.3
Дархан-Уул,35-39,Эмэгтэй,2023,68.0
Дархан-Уул,35-39,Эмэгтэй,2022,59.7
Дархан-Уул,35-39,Эмэгтэй,2021,66.2
Дархан-Уул,35-39,Эмэгтэй,2020,91.9
Дархан-Уул,35-39,Эмэгтэй,2019,72.6
Дархан-Уул,35-39,Эмэгтэй,2018,73.2
Дархан-Уул,35-39,Эмэгтэй,2017,75.2
Дархан-Уул,35-39,Эмэгтэй,2016,64.5
Дархан-Уул,35-39,Эмэгтэй,2015,70.6
Дархан-Уул,35-39,Эмэгтэй,2014,74.5
Дархан-Уул,35-39,Эмэгтэй,2013,65.2
Дархан-Уул,35-39,Эмэгтэй,2012,69.3
Дархан-Уул,35-39,Эмэгтэй,2011,83.8
Дархан-Уул,35-39,Эмэгтэй,2010,79.8
Дархан-Уул,35-39,Эмэгтэй,2009,79.9
Дархан-Уул,40-44,Нийт,2025,83.1
Дархан-Уул,40-44,Нийт,2024,71.4
Дархан-Уул,40-44,Нийт,2023,89.3
Дархан-Уул,40-44,Нийт,2022,78.1
Дархан-Уул,40-44,Нийт,2021,84.0
Дархан-Уул,40-44,Нийт,2020,86.5
Дархан-Уул,40-44,Нийт,2019,80.8
Дархан-Уул,40-44,Нийт,2018,72.5
Дархан-Уул,40-44,Нийт,2017,80.5
Дархан-Уул,40-44,Нийт,2016,75.8
Дархан-Уул,40-44,Нийт,2015,85.8
Дархан-Уул,40-44,Нийт,2014,77.2
Дархан-Уул,40-44,Нийт,2013,81.4
Дархан-Уул,40-44,Нийт,2012,90.8
Дархан-Уул,40-44,Нийт,2011,88.4
Дархан-Уул,40-44,Нийт,2010,87.5
Дархан-Уул,40-44,Нийт,2009,93.0
Дархан-Уул,40-44,Эрэгтэй,2025,77.0
Дархан-Уул,40-44,Эрэгтэй,2024,65.7
Дархан-Уул,40-44,Эрэгтэй,2023,93.2
Дархан-Уул,40-44,Эрэгтэй,2022,85.6
Дархан-Уул,40-44,Эрэгтэй,2021,100.0
Дархан-Уул,40-44,Эрэгтэй,2020,92.4
Дархан-Уул,40-44,Эрэгтэй,2019,80.6
Дархан-Уул,40-44,Эрэгтэй,2018,75.1
Дархан-Уул,40-44,Эрэгтэй,2017,85.1
Дархан-Уул,40-44,Эрэгтэй,2016,75.3
Дархан-Уул,40-44,Эрэгтэй,2015,89.1
Дархан-Уул,40-44,Эрэгтэй,2014,75.1
Дархан-Уул,40-44,Эрэгтэй,2013,85.9
Дархан-Уул,40-44,Эрэгтэй,2012,94.9
Дархан-Уул,40-44,Эрэгтэй,2011,95.7
Дархан-Уул,40-44,Эрэгтэй,2010,97.7
Дархан-Уул,40-44,Эрэгтэй,2009,100.0
Дархан-Уул,40-44,Эмэгтэй,2025,90.2
Дархан-Уул,40-44,Эмэгтэй,2024,76.9
Дархан-Уул,40-44,Эмэгтэй,2023,85.8
Дархан-Уул,40-44,Эмэгтэй,2022,72.3
Дархан-Уул,40-44,Эмэгтэй,2021,68.7
Дархан-Уул,40-44,Эмэгтэй,2020,79.9
Дархан-Уул,40-44,Эмэгтэй,2019,80.9
Дархан-Уул,40-44,Эмэгтэй,2018,70.8
Дархан-Уул,40-44,Эмэгтэй,2017,76.3
Дархан-Уул,40-44,Эмэгтэй,2016,76.3
Дархан-Уул,40-44,Эмэгтэй,2015,83.0
Дархан-Уул,40-44,Эмэгтэй,2014,78.9
Дархан-Уул,40-44,Эмэгтэй,2013,78.8
Дархан-Уул,40-44,Эмэгтэй,2012,87.8
Дархан-Уул,40-44,Эмэгтэй,2011,81.9
Дархан-Уул,40-44,Эмэгтэй,2010,79.0
Дархан-Уул,40-44,Эмэгтэй,2009,87.5
Дархан-Уул,45-49,Нийт,2025,85.1
Дархан-Уул,45-49,Нийт,2024,86.9
Дархан-Уул,45-49,Нийт,2023,82.1
Дархан-Уул,45-49,Нийт,2022,76.6
Дархан-Уул,45-49,Нийт,2021,78.0
Дархан-Уул,45-49,Нийт,2020,95.1
Дархан-Уул,45-49,Нийт,2019,87.9
Дархан-Уул,45-49,Нийт,2018,74.8
Дархан-Уул,45-49,Нийт,2017,73.3
Дархан-Уул,45-49,Нийт,2016,78.7
Дархан-Уул,45-49,Нийт,2015,79.1
Дархан-Уул,45-49,Нийт,2014,72.9
Дархан-Уул,45-49,Нийт,2013,82.9
Дархан-Уул,45-49,Нийт,2012,72.7
Дархан-Уул,45-49,Нийт,2011,87.7
Дархан-Уул,45-49,Нийт,2010,76.7
Дархан-Уул,45-49,Нийт,2009,83.4
Дархан-Уул,45-49,Эрэгтэй,2025,84.3
Дархан-Уул,45-49,Эрэгтэй,2024,90.9
Дархан-Уул,45-49,Эрэгтэй,2023,84.9
Дархан-Уул,45-49,Эрэгтэй,2022,82.9
Дархан-Уул,45-49,Эрэгтэй,2021,78.8
Дархан-Уул,45-49,Эрэгтэй,2020,94.6
Дархан-Уул,45-49,Эрэгтэй,2019,85.7
Дархан-Уул,45-49,Эрэгтэй,2018,79.9
Дархан-Уул,45-49,Эрэгтэй,2017,78.8
Дархан-Уул,45-49,Эрэгтэй,2016,82.7
Дархан-Уул,45-49,Эрэгтэй,2015,77.3
Дархан-Уул,45-49,Эрэгтэй,2014,78.5
Дархан-Уул,45-49,Эрэгтэй,2013,86.4
Дархан-Уул,45-49,Эрэгтэй,2012,82.3
Дархан-Уул,45-49,Эрэгтэй,2011,93.1
Дархан-Уул,45-49,Эрэгтэй,2010,89.6
Дархан-Уул,45-49,Эрэгтэй,2009,84.0
Дархан-Уул,45-49,Эмэгтэй,2025,86.3
Дархан-Уул,45-49,Эмэгтэй,2024,81.8
Дархан-Уул,45-49,Эмэгтэй,2023,78.9
Дархан-Уул,45-49,Эмэгтэй,2022,70.2
Дархан-Уул,45-49,Эмэгтэй,2021,77.5
Дархан-Уул,45-49,Эмэгтэй,2020,95.4
Дархан-Уул,45-49,Эмэгтэй,2019,90.5
Дархан-Уул,45-49,Эмэгтэй,2018,69.6
Дархан-Уул,45-49,Эмэгтэй,2017,68.8
Дархан-Уул,45-49,Эмэгтэй,2016,75.3
Дархан-Уул,45-49,Эмэгтэй,2015,80.7
Дархан-Уул,45-49,Эмэгтэй,2014,68.2
Дархан-Уул,45-49,Эмэгтэй,2013,79.0
Дархан-Уул,45-49,Эмэгтэй,2012,65.5
Дархан-Уул,45-49,Эмэгтэй,2011,83.4
Дархан-Уул,45-49,Эмэгтэй,2010,67.4
Дархан-Уул,45-49,Эмэгтэй,2009,82.8
Дархан-Уул,50-54,Нийт,2025,68.8
Дархан-Уул,50-54,Нийт,2024,75.8
Дархан-Уул,50-54,Нийт,2023,76.0
Дархан-Уул,50-54,Нийт,2022,75.4
Дархан-Уул,50-54,Нийт,2021,68.6
Дархан-Уул,50-54,Нийт,2020,66.0
Дархан-Уул,50-54,Нийт,2019,68.6
Дархан-Уул,50-54,Нийт,2018,69.0
Дархан-Уул,50-54,Нийт,2017,72.4
Дархан-Уул,50-54,Нийт,2016,62.2
Дархан-Уул,50-54,Нийт,2015,66.3
Дархан-Уул,50-54,Нийт,2014,68.6
Дархан-Уул,50-54,Нийт,2013,69.3
Дархан-Уул,50-54,Нийт,2012,70.7
Дархан-Уул,50-54,Нийт,2011,73.5
Дархан-Уул,50-54,Нийт,2010,65.6
Дархан-Уул,50-54,Нийт,2009,52.7
Дархан-Уул,50-54,Эрэгтэй,2025,66.5
Дархан-Уул,50-54,Эрэгтэй,2024,84.2
Дархан-Уул,50-54,Эрэгтэй,2023,82.0
Дархан-Уул,50-54,Эрэгтэй,2022,76.1
Дархан-Уул,50-54,Эрэгтэй,2021,75.0
Дархан-Уул,50-54,Эрэгтэй,2020,71.2
Дархан-Уул,50-54,Эрэгтэй,2019,76.6
Дархан-Уул,50-54,Эрэгтэй,2018,82.5
Дархан-Уул,50-54,Эрэгтэй,2017,79.7
Дархан-Уул,50-54,Эрэгтэй,2016,68.9
Дархан-Уул,50-54,Эрэгтэй,2015,76.2
Дархан-Уул,50-54,Эрэгтэй,2014,65.2
Дархан-Уул,50-54,Эрэгтэй,2013,77.4
Дархан-Уул,50-54,Эрэгтэй,2012,77.3
Дархан-Уул,50-54,Эрэгтэй,2011,82.0
Дархан-Уул,50-54,Эрэгтэй,2010,75.4
Дархан-Уул,50-54,Эрэгтэй,2009,67.7
Дархан-Уул,50-54,Эмэгтэй,2025,70.9
Дархан-Уул,50-54,Эмэгтэй,2024,69.2
Дархан-Уул,50-54,Эмэгтэй,2023,70.7
Дархан-Уул,50-54,Эмэгтэй,2022,75.0
Дархан-Уул,50-54,Эмэгтэй,2021,63.2
Дархан-Уул,50-54,Эмэгтэй,2020,62.6
Дархан-Уул,50-54,Эмэгтэй,2019,62.7
Дархан-Уул,50-54,Эмэгтэй,2018,57.9
Дархан-Уул,50-54,Эмэгтэй,2017,66.8
Дархан-Уул,50-54,Эмэгтэй,2016,57.3
Дархан-Уул,50-54,Эмэгтэй,2015,58.2
Дархан-Уул,50-54,Эмэгтэй,2014,71.3
Дархан-Уул,50-54,Эмэгтэй,2013,65.3
Дархан-Уул,50-54,Эмэгтэй,2012,64.4
Дархан-Уул,50-54,Эмэгтэй,2011,66.0
Дархан-Уул,50-54,Эмэгтэй,2010,55.5
Дархан-Уул,50-54,Эмэгтэй,2009,41.7
Дархан-Уул,55-59,Нийт,2025,51.1
Дархан-Уул,55-59,Нийт,2024,32.5
Дархан-Уул,55-59,Нийт,2023,36.1
Дархан-Уул,55-59,Нийт,2022,47.3
Дархан-Уул,55-59,Нийт,2021,27.4
Дархан-Уул,55-59,Нийт,2020,29.4
Дархан-Уул,55-59,Нийт,2019,41.8
Дархан-Уул,55-59,Нийт,2018,33.5
Дархан-Уул,55-59,Нийт,2017,50.6
Дархан-Уул,55-59,Нийт,2016,40.8
Дархан-Уул,55-59,Нийт,2015,51.7
Дархан-Уул,55-59,Нийт,2014,37.6
Дархан-Уул,55-59,Нийт,2013,30.0
Дархан-Уул,55-59,Нийт,2012,39.0
Дархан-Уул,55-59,Нийт,2011,43.3
Дархан-Уул,55-59,Нийт,2010,45.0
Дархан-Уул,55-59,Нийт,2009,44.0
Дархан-Уул,55-59,Эрэгтэй,2025,53.7
Дархан-Уул,55-59,Эрэгтэй,2024,30.4
Дархан-Уул,55-59,Эрэгтэй,2023,58.2
Дархан-Уул,55-59,Эрэгтэй,2022,73.6
Дархан-Уул,55-59,Эрэгтэй,2021,45.4
Дархан-Уул,55-59,Эрэгтэй,2020,32.4
Дархан-Уул,55-59,Эрэгтэй,2019,61.7
Дархан-Уул,55-59,Эрэгтэй,2018,51.3
Дархан-Уул,55-59,Эрэгтэй,2017,53.4
Дархан-Уул,55-59,Эрэгтэй,2016,53.1
Дархан-Уул,55-59,Эрэгтэй,2015,69.1
Дархан-Уул,55-59,Эрэгтэй,2014,49.6
Дархан-Уул,55-59,Эрэгтэй,2013,41.0
Дархан-Уул,55-59,Эрэгтэй,2012,51.3
Дархан-Уул,55-59,Эрэгтэй,2011,76.7
Дархан-Уул,55-59,Эрэгтэй,2010,58.2
Дархан-Уул,55-59,Эрэгтэй,2009,47.9
Дархан-Уул,55-59,Эмэгтэй,2025,48.2
Дархан-Уул,55-59,Эмэгтэй,2024,33.8
Дархан-Уул,55-59,Эмэгтэй,2023,22.1
Дархан-Уул,55-59,Эмэгтэй,2022,27.4
Дархан-Уул,55-59,Эмэгтэй,2021,16.7
Дархан-Уул,55-59,Эмэгтэй,2020,25.9
Дархан-Уул,55-59,Эмэгтэй,2019,24.8
Дархан-Уул,55-59,Эмэгтэй,2018,22.6
Дархан-Уул,55-59,Эмэгтэй,2017,48.2
Дархан-Уул,55-59,Эмэгтэй,2016,30.2
Дархан-Уул,55-59,Эмэгтэй,2015,23.7
Дархан-Уул,55-59,Эмэгтэй,2014,27.9
Дархан-Уул,55-59,Эмэгтэй,2013,23.9
Дархан-Уул,55-59,Эмэгтэй,2012,29.4
Дархан-Уул,55-59,Эмэгтэй,2011,25.1
Дархан-Уул,55-59,Эмэгтэй,2010,33.6
Дархан-Уул,55-59,Эмэгтэй,2009,40.7
Дархан-Уул,60-64,Нийт,2025,8.7
Дархан-Уул,60-64,Нийт,2024,13.6
Дархан-Уул,60-64,Нийт,2023,13.0
Дархан-Уул,60-64,Нийт,2022,6.7
Дархан-Уул,60-64,Нийт,2021,5.6
Дархан-Уул,60-64,Нийт,2020,7.0
Дархан-Уул,60-64,Нийт,2019,30.5
Дархан-Уул,60-64,Нийт,2018,2.0
Дархан-Уул,60-64,Нийт,2017,36.9
Дархан-Уул,60-64,Нийт,2016,31.9
Дархан-Уул,60-64,Нийт,2015,5.2
Дархан-Уул,60-64,Нийт,2014,13.3
Дархан-Уул,60-64,Нийт,2013,25.7
Дархан-Уул,60-64,Нийт,2012,21.2
Дархан-Уул,60-64,Нийт,2011,18.5
Дархан-Уул,60-64,Нийт,2010,19.3
Дархан-Уул,60-64,Нийт,2009,13.9
Дархан-Уул,60-64,Эрэгтэй,2025,9.4
Дархан-Уул,60-64,Эрэгтэй,2024,8.0
Дархан-Уул,60-64,Эрэгтэй,2023,9.8
Дархан-Уул,60-64,Эрэгтэй,2022,10.2
Дархан-Уул,60-64,Эрэгтэй,2021,1.1
Дархан-Уул,60-64,Эрэгтэй,2020,8.0
Дархан-Уул,60-64,Эрэгтэй,2019,23.9
Дархан-Уул,60-64,Эрэгтэй,2018,6.7
Дархан-Уул,60-64,Эрэгтэй,2017,46.9
Дархан-Уул,60-64,Эрэгтэй,2016,35.7
Дархан-Уул,60-64,Эрэгтэй,2015,12.0
Дархан-Уул,60-64,Эрэгтэй,2014,14.4
Дархан-Уул,60-64,Эрэгтэй,2013,28.3
Дархан-Уул,60-64,Эрэгтэй,2012,28.2
Дархан-Уул,60-64,Эрэгтэй,2011,28.3
Дархан-Уул,60-64,Эрэгтэй,2010,25.3
Дархан-Уул,60-64,Эрэгтэй,2009,22.7
Дархан-Уул,60-64,Эмэгтэй,2025,8.3
Дархан-Уул,60-64,Эмэгтэй,2024,18.3
Дархан-Уул,60-64,Эмэгтэй,2023,14.9
Дархан-Уул,60-64,Эмэгтэй,2022,3.7
Дархан-Уул,60-64,Эмэгтэй,2021,10.0
Дархан-Уул,60-64,Эмэгтэй,2020,6.4
Дархан-Уул,60-64,Эмэгтэй,2019,33.8
Дархан-Уул,60-64,Эмэгтэй,2018,0.0
Дархан-Уул,60-64,Эмэгтэй,2017,30.6
Дархан-Уул,60-64,Эмэгтэй,2016,28.4
Дархан-Уул,60-64,Эмэгтэй,2015,0.0
Дархан-Уул,60-64,Эмэгтэй,2014,12.4
Дархан-Уул,60-64,Эмэгтэй,2013,21.9
Дархан-Уул,60-64,Эмэгтэй,2012,17.9
Дархан-Уул,60-64,Эмэгтэй,2011,11.0
Дархан-Уул,60-64,Эмэгтэй,2010,12.5
Дархан-Уул,60-64,Эмэгтэй,2009,0.0
Дархан-Уул,65-69,Нийт,2025,1.3
Дархан-Уул,65-69,Нийт,2024,20.1
Дархан-Уул,65-69,Нийт,2023,5.7
Дархан-Уул,65-69,Нийт,2022,6.6
Дархан-Уул,65-69,Нийт,2021,8.2
Дархан-Уул,65-69,Нийт,2020,4.2
Дархан-Уул,65-69,Нийт,2019,6.6
Дархан-Уул,65-69,Нийт,2018,0.0
Дархан-Уул,65-69,Нийт,2017,5.4
Дархан-Уул,65-69,Нийт,2016,11.8
Дархан-Уул,65-69,Нийт,2015,5.3
Дархан-Уул,65-69,Нийт,2014,11.8
Дархан-Уул,65-69,Нийт,2013,7.1
Дархан-Уул,65-69,Нийт,2012,3.4
Дархан-Уул,65-69,Нийт,2011,8.0
Дархан-Уул,65-69,Нийт,2010,6.3
Дархан-Уул,65-69,Нийт,2009,9.1
Дархан-Уул,65-69,Эрэгтэй,2025,0.0
Дархан-Уул,65-69,Эрэгтэй,2024,5.0
Дархан-Уул,65-69,Эрэгтэй,2023,0.0
Дархан-Уул,65-69,Эрэгтэй,2022,6.2
Дархан-Уул,65-69,Эрэгтэй,2021,9.3
Дархан-Уул,65-69,Эрэгтэй,2020,9.8
Дархан-Уул,65-69,Эрэгтэй,2019,15.0
Дархан-Уул,65-69,Эрэгтэй,2018,0.0
Дархан-Уул,65-69,Эрэгтэй,2017,0.0
Дархан-Уул,65-69,Эрэгтэй,2016,17.4
Дархан-Уул,65-69,Эрэгтэй,2015,0.0
Дархан-Уул,65-69,Эрэгтэй,2014,7.6
Дархан-Уул,65-69,Эрэгтэй,2013,10.8
Дархан-Уул,65-69,Эрэгтэй,2012,12.5
Дархан-Уул,65-69,Эрэгтэй,2011,9.3
Дархан-Уул,65-69,Эрэгтэй,2010,14.0
Дархан-Уул,65-69,Эрэгтэй,2009,25.4
Дархан-Уул,65-69,Эмэгтэй,2025,1.9
Дархан-Уул,65-69,Эмэгтэй,2024,26.6
Дархан-Уул,65-69,Эмэгтэй,2023,10.1
Дархан-Уул,65-69,Эмэгтэй,2022,6.9
Дархан-Уул,65-69,Эмэгтэй,2021,7.3
Дархан-Уул,65-69,Эмэгтэй,2020,0.0
Дархан-Уул,65-69,Эмэгтэй,2019,2.6
Дархан-Уул,65-69,Эмэгтэй,2018,0.0
Дархан-Уул,65-69,Эмэгтэй,2017,10.4
Дархан-Уул,65-69,Эмэгтэй,2016,7.4
Дархан-Уул,65-69,Эмэгтэй,2015,11.4
Дархан-Уул,65-69,Эмэгтэй,2014,14.5
Дархан-Уул,65-69,Эмэгтэй,2013,0.0
Дархан-Уул,65-69,Эмэгтэй,2012,0.0
Дархан-Уул,65-69,Эмэгтэй,2011,7.1
Дархан-Уул,65-69,Эмэгтэй,2010,0.0
Дархан-Уул,65-69,Эмэгтэй,2009,0.0
Дархан-Уул,70+,Нийт,2025,0.0
Дархан-Уул,70+,Нийт,2024,5.6
Дархан-Уул,70+,Нийт,2023,3.3
Дархан-Уул,70+,Нийт,2022,2.5
Дархан-Уул,70+,Нийт,2021,3.0
Дархан-Уул,70+,Нийт,2020,1.4
Дархан-Уул,70+,Нийт,2019,6.5
Дархан-Уул,70+,Нийт,2018,0.0
Дархан-Уул,70+,Нийт,2017,2.6
Дархан-Уул,70+,Нийт,2016,12.6
Дархан-Уул,70+,Нийт,2015,0.0
Дархан-Уул,70+,Нийт,2014,2.6
Дархан-Уул,70+,Нийт,2013,1.9
Дархан-Уул,70+,Нийт,2012,8.8
Дархан-Уул,70+,Нийт,2011,0.0
Дархан-Уул,70+,Нийт,2010,3.9
Дархан-Уул,70+,Нийт,2009,0.0
Дархан-Уул,70+,Эрэгтэй,2025,0.0
Дархан-Уул,70+,Эрэгтэй,2024,6.6
Дархан-Уул,70+,Эрэгтэй,2023,0.0
Дархан-Уул,70+,Эрэгтэй,2022,6.5
Дархан-Уул,70+,Эрэгтэй,2021,9.1
Дархан-Уул,70+,Эрэгтэй,2020,3.3
Дархан-Уул,70+,Эрэгтэй,2019,8.6
Дархан-Уул,70+,Эрэгтэй,2018,0.0
Дархан-Уул,70+,Эрэгтэй,2017,0.0
Дархан-Уул,70+,Эрэгтэй,2016,17.0
Дархан-Уул,70+,Эрэгтэй,2015,0.0
Дархан-Уул,70+,Эрэгтэй,2014,0.0
Дархан-Уул,70+,Эрэгтэй,2013,6.3
Дархан-Уул,70+,Эрэгтэй,2012,13.3
Дархан-Уул,70+,Эрэгтэй,2011,0.0
Дархан-Уул,70+,Эрэгтэй,2010,8.8
Дархан-Уул,70+,Эрэгтэй,2009,0.0
Дархан-Уул,70+,Эмэгтэй,2025,0.0
Дархан-Уул,70+,Эмэгтэй,2024,4.8
Дархан-Уул,70+,Эмэгтэй,2023,4.7
Дархан-Уул,70+,Эмэгтэй,2022,0.0
Дархан-Уул,70+,Эмэгтэй,2021,0.0
Дархан-Уул,70+,Эмэгтэй,2020,0.0
Дархан-Уул,70+,Эмэгтэй,2019,5.2
Дархан-Уул,70+,Эмэгтэй,2018,0.0
Дархан-Уул,70+,Эмэгтэй,2017,5.5
Дархан-Уул,70+,Эмэгтэй,2016,6.1
Дархан-Уул,70+,Эмэгтэй,2015,0.0
Дархан-Уул,70+,Эмэгтэй,2014,3.4
Дархан-Уул,70+,Эмэгтэй,2013,0.0
Дархан-Уул,70+,Эмэгтэй,2012,4.4
Дархан-Уул,70+,Эмэгтэй,2011,0.0
Дархан-Уул,70+,Эмэгтэй,2010,0.0
Дархан-Уул,70+,Эмэгтэй,2009,0.0
Сэлэнгэ,Бүгд,Нийт,2025,56.5
Сэлэнгэ,Бүгд,Нийт,2024,51.7
Сэлэнгэ,Бүгд,Нийт,2023,37.2
Сэлэнгэ,Бүгд,Нийт,2022,39.3
Сэлэнгэ,Бүгд,Нийт,2021,45.2
Сэлэнгэ,Бүгд,Нийт,2020,49.4
Сэлэнгэ,Бүгд,Нийт,2019,57.0
Сэлэнгэ,Бүгд,Нийт,2018,64.0
Сэлэнгэ,Бүгд,Нийт,2017,60.3
Сэлэнгэ,Бүгд,Нийт,2016,54.9
Сэлэнгэ,Бүгд,Нийт,2015,50.8
Сэлэнгэ,Бүгд,Нийт,2014,54.1
Сэлэнгэ,Бүгд,Нийт,2013,63.8
Сэлэнгэ,Бүгд,Нийт,2012,65.3
Сэлэнгэ,Бүгд,Нийт,2011,72.3
Сэлэнгэ,Бүгд,Нийт,2010,70.5
Сэлэнгэ,Бүгд,Нийт,2009,68.1
Сэлэнгэ,Бүгд,Эрэгтэй,2025,64.8
Сэлэнгэ,Бүгд,Эрэгтэй,2024,59.0
Сэлэнгэ,Бүгд,Эрэгтэй,2023,42.7
Сэлэнгэ,Бүгд,Эрэгтэй,2022,40.5
Сэлэнгэ,Бүгд,Эрэгтэй,2021,49.5
Сэлэнгэ,Бүгд,Эрэгтэй,2020,54.3
Сэлэнгэ,Бүгд,Эрэгтэй,2019,64.4
Сэлэнгэ,Бүгд,Эрэгтэй,2018,71.3
Сэлэнгэ,Бүгд,Эрэгтэй,2017,65.8
Сэлэнгэ,Бүгд,Эрэгтэй,2016,58.4
Сэлэнгэ,Бүгд,Эрэгтэй,2015,56.4
Сэлэнгэ,Бүгд,Эрэгтэй,2014,59.2
Сэлэнгэ,Бүгд,Эрэгтэй,2013,68.9
Сэлэнгэ,Бүгд,Эрэгтэй,2012,72.2
Сэлэнгэ,Бүгд,Эрэгтэй,2011,76.8
Сэлэнгэ,Бүгд,Эрэгтэй,2010,75.9
Сэлэнгэ,Бүгд,Эрэгтэй,2009,71.1
Сэлэнгэ,Бүгд,Эмэгтэй,2025,47.9
Сэлэнгэ,Бүгд,Эмэгтэй,2024,44.8
Сэлэнгэ,Бүгд,Эмэгтэй,2023,31.6
Сэлэнгэ,Бүгд,Эмэгтэй,2022,38.2
Сэлэнгэ,Бүгд,Эмэгтэй,2021,41.2
Сэлэнгэ,Бүгд,Эмэгтэй,2020,44.8
Сэлэнгэ,Бүгд,Эмэгтэй,2019,49.9
Сэлэнгэ,Бүгд,Эмэгтэй,2018,57.2
Сэлэнгэ,Бүгд,Эмэгтэй,2017,54.9
Сэлэнгэ,Бүгд,Эмэгтэй,2016,51.4
Сэлэнгэ,Бүгд,Эмэгтэй,2015,45.2
Сэлэнгэ,Бүгд,Эмэгтэй,2014,48.7
Сэлэнгэ,Бүгд,Эмэгтэй,2013,58.8
Сэлэнгэ,Бүгд,Эмэгтэй,2012,58.9
Сэлэнгэ,Бүгд,Эмэгтэй,2011,67.6
Сэлэнгэ,Бүгд,Эмэгтэй,2010,65.3
Сэлэнгэ,Бүгд,Эмэгтэй,2009,65.0
Сэлэнгэ,15-19,Нийт,2025,3.7
Сэлэнгэ,15-19,Нийт,2024,4.7
Сэлэнгэ,15-19,Нийт,2023,6.9
Сэлэнгэ,15-19,Нийт,2022,4.0
Сэлэнгэ,15-19,Нийт,2021,1.4
Сэлэнгэ,15-19,Нийт,2020,4.1
Сэлэнгэ,15-19,Нийт,2019,7.2
Сэлэнгэ,15-19,Нийт,2018,8.3
Сэлэнгэ,15-19,Нийт,2017,5.8
Сэлэнгэ,15-19,Нийт,2016,6.6
Сэлэнгэ,15-19,Нийт,2015,6.6
Сэлэнгэ,15-19,Нийт,2014,5.4
Сэлэнгэ,15-19,Нийт,2013,9.4
Сэлэнгэ,15-19,Нийт,2012,11.6
Сэлэнгэ,15-19,Нийт,2011,21.4
Сэлэнгэ,15-19,Нийт,2010,25.7
Сэлэнгэ,15-19,Нийт,2009,26.1
Сэлэнгэ,15-19,Эрэгтэй,2025,5.0
Сэлэнгэ,15-19,Эрэгтэй,2024,8.9
Сэлэнгэ,15-19,Эрэгтэй,2023,17.2
Сэлэнгэ,15-19,Эрэгтэй,2022,6.4
Сэлэнгэ,15-19,Эрэгтэй,2021,2.2
Сэлэнгэ,15-19,Эрэгтэй,2020,5.1
Сэлэнгэ,15-19,Эрэгтэй,2019,11.9
Сэлэнгэ,15-19,Эрэгтэй,2018,11.8
Сэлэнгэ,15-19,Эрэгтэй,2017,7.0
Сэлэнгэ,15-19,Эрэгтэй,2016,7.0
Сэлэнгэ,15-19,Эрэгтэй,2015,8.1
Сэлэнгэ,15-19,Эрэгтэй,2014,4.9
Сэлэнгэ,15-19,Эрэгтэй,2013,12.7
Сэлэнгэ,15-19,Эрэгтэй,2012,17.2
Сэлэнгэ,15-19,Эрэгтэй,2011,27.2
Сэлэнгэ,15-19,Эрэгтэй,2010,31.8
Сэлэнгэ,15-19,Эрэгтэй,2009,25.4
Сэлэнгэ,15-19,Эмэгтэй,2025,2.9
Сэлэнгэ,15-19,Эмэгтэй,2024,0.0
Сэлэнгэ,15-19,Эмэгтэй,2023,0.0
Сэлэнгэ,15-19,Эмэгтэй,2022,1.2
Сэлэнгэ,15-19,Эмэгтэй,2021,0.0
Сэлэнгэ,15-19,Эмэгтэй,2020,3.2
Сэлэнгэ,15-19,Эмэгтэй,2019,2.6
Сэлэнгэ,15-19,Эмэгтэй,2018,5.5
Сэлэнгэ,15-19,Эмэгтэй,2017,4.4
Сэлэнгэ,15-19,Эмэгтэй,2016,6.1
Сэлэнгэ,15-19,Эмэгтэй,2015,5.0
Сэлэнгэ,15-19,Эмэгтэй,2014,5.9
Сэлэнгэ,15-19,Эмэгтэй,2013,5.4
Сэлэнгэ,15-19,Эмэгтэй,2012,7.1
Сэлэнгэ,15-19,Эмэгтэй,2011,15.5
Сэлэнгэ,15-19,Эмэгтэй,2010,17.2
Сэлэнгэ,15-19,Эмэгтэй,2009,26.9
Сэлэнгэ,20-24,Нийт,2025,55.8
Сэлэнгэ,20-24,Нийт,2024,47.0
Сэлэнгэ,20-24,Нийт,2023,42.9
Сэлэнгэ,20-24,Нийт,2022,38.4
Сэлэнгэ,20-24,Нийт,2021,32.0
Сэлэнгэ,20-24,Нийт,2020,44.5
Сэлэнгэ,20-24,Нийт,2019,38.7
Сэлэнгэ,20-24,Нийт,2018,52.2
Сэлэнгэ,20-24,Нийт,2017,46.7
Сэлэнгэ,20-24,Нийт,2016,41.0
Сэлэнгэ,20-24,Нийт,2015,35.6
Сэлэнгэ,20-24,Нийт,2014,51.3
Сэлэнгэ,20-24,Нийт,2013,51.3
Сэлэнгэ,20-24,Нийт,2012,65.5
Сэлэнгэ,20-24,Нийт,2011,71.1
Сэлэнгэ,20-24,Нийт,2010,67.6
Сэлэнгэ,20-24,Нийт,2009,76.2
Сэлэнгэ,20-24,Эрэгтэй,2025,66.7
Сэлэнгэ,20-24,Эрэгтэй,2024,73.0
Сэлэнгэ,20-24,Эрэгтэй,2023,37.7
Сэлэнгэ,20-24,Эрэгтэй,2022,41.3
Сэлэнгэ,20-24,Эрэгтэй,2021,34.2
Сэлэнгэ,20-24,Эрэгтэй,2020,32.9
Сэлэнгэ,20-24,Эрэгтэй,2019,42.7
Сэлэнгэ,20-24,Эрэгтэй,2018,65.3
Сэлэнгэ,20-24,Эрэгтэй,2017,61.5
Сэлэнгэ,20-24,Эрэгтэй,2016,44.0
Сэлэнгэ,20-24,Эрэгтэй,2015,46.8
Сэлэнгэ,20-24,Эрэгтэй,2014,61.6
Сэлэнгэ,20-24,Эрэгтэй,2013,65.5
Сэлэнгэ,20-24,Эрэгтэй,2012,67.5
Сэлэнгэ,20-24,Эрэгтэй,2011,71.4
Сэлэнгэ,20-24,Эрэгтэй,2010,75.5
Сэлэнгэ,20-24,Эрэгтэй,2009,83.8
Сэлэнгэ,20-24,Эмэгтэй,2025,31.8
Сэлэнгэ,20-24,Эмэгтэй,2024,15.0
Сэлэнгэ,20-24,Эмэгтэй,2023,69.3
Сэлэнгэ,20-24,Эмэгтэй,2022,34.2
Сэлэнгэ,20-24,Эмэгтэй,2021,30.9
Сэлэнгэ,20-24,Эмэгтэй,2020,53.3
Сэлэнгэ,20-24,Эмэгтэй,2019,34.5
Сэлэнгэ,20-24,Эмэгтэй,2018,33.6
Сэлэнгэ,20-24,Эмэгтэй,2017,32.8
Сэлэнгэ,20-24,Эмэгтэй,2016,36.9
Сэлэнгэ,20-24,Эмэгтэй,2015,24.3
Сэлэнгэ,20-24,Эмэгтэй,2014,37.8
Сэлэнгэ,20-24,Эмэгтэй,2013,40.7
Сэлэнгэ,20-24,Эмэгтэй,2012,62.6
Сэлэнгэ,20-24,Эмэгтэй,2011,70.4
Сэлэнгэ,20-24,Эмэгтэй,2010,60.1
Сэлэнгэ,20-24,Эмэгтэй,2009,64.2
Сэлэнгэ,25-29,Нийт,2025,69.4
Сэлэнгэ,25-29,Нийт,2024,76.1
Сэлэнгэ,25-29,Нийт,2023,36.9
Сэлэнгэ,25-29,Нийт,2022,50.9
Сэлэнгэ,25-29,Нийт,2021,70.5
Сэлэнгэ,25-29,Нийт,2020,71.2
Сэлэнгэ,25-29,Нийт,2019,70.8
Сэлэнгэ,25-29,Нийт,2018,75.6
Сэлэнгэ,25-29,Нийт,2017,70.6
Сэлэнгэ,25-29,Нийт,2016,64.6
Сэлэнгэ,25-29,Нийт,2015,56.5
Сэлэнгэ,25-29,Нийт,2014,69.2
Сэлэнгэ,25-29,Нийт,2013,80.8
Сэлэнгэ,25-29,Нийт,2012,78.4
Сэлэнгэ,25-29,Нийт,2011,83.7
Сэлэнгэ,25-29,Нийт,2010,75.8
Сэлэнгэ,25-29,Нийт,2009,79.3
Сэлэнгэ,25-29,Эрэгтэй,2025,87.9
Сэлэнгэ,25-29,Эрэгтэй,2024,81.7
Сэлэнгэ,25-29,Эрэгтэй,2023,48.8
Сэлэнгэ,25-29,Эрэгтэй,2022,40.7
Сэлэнгэ,25-29,Эрэгтэй,2021,79.5
Сэлэнгэ,25-29,Эрэгтэй,2020,82.6
Сэлэнгэ,25-29,Эрэгтэй,2019,82.8
Сэлэнгэ,25-29,Эрэгтэй,2018,91.3
Сэлэнгэ,25-29,Эрэгтэй,2017,83.0
Сэлэнгэ,25-29,Эрэгтэй,2016,76.9
Сэлэнгэ,25-29,Эрэгтэй,2015,67.3
Сэлэнгэ,25-29,Эрэгтэй,2014,82.4
Сэлэнгэ,25-29,Эрэгтэй,2013,83.9
Сэлэнгэ,25-29,Эрэгтэй,2012,95.9
Сэлэнгэ,25-29,Эрэгтэй,2011,92.4
Сэлэнгэ,25-29,Эрэгтэй,2010,90.0
Сэлэнгэ,25-29,Эрэгтэй,2009,94.4
Сэлэнгэ,25-29,Эмэгтэй,2025,43.8
Сэлэнгэ,25-29,Эмэгтэй,2024,73.1
Сэлэнгэ,25-29,Эмэгтэй,2023,23.9
Сэлэнгэ,25-29,Эмэгтэй,2022,58.3
Сэлэнгэ,25-29,Эмэгтэй,2021,62.3
Сэлэнгэ,25-29,Эмэгтэй,2020,55.7
Сэлэнгэ,25-29,Эмэгтэй,2019,61.2
Сэлэнгэ,25-29,Эмэгтэй,2018,59.6
Сэлэнгэ,25-29,Эмэгтэй,2017,59.1
Сэлэнгэ,25-29,Эмэгтэй,2016,50.5
Сэлэнгэ,25-29,Эмэгтэй,2015,47.3
Сэлэнгэ,25-29,Эмэгтэй,2014,56.0
Сэлэнгэ,25-29,Эмэгтэй,2013,78.0
Сэлэнгэ,25-29,Эмэгтэй,2012,65.3
Сэлэнгэ,25-29,Эмэгтэй,2011,73.1
Сэлэнгэ,25-29,Эмэгтэй,2010,64.0
Сэлэнгэ,25-29,Эмэгтэй,2009,61.0
Сэлэнгэ,30-34,Нийт,2025,77.7
Сэлэнгэ,30-34,Нийт,2024,81.0
Сэлэнгэ,30-34,Нийт,2023,41.4
Сэлэнгэ,30-34,Нийт,2022,57.0
Сэлэнгэ,30-34,Нийт,2021,71.3
Сэлэнгэ,30-34,Нийт,2020,73.4
Сэлэнгэ,30-34,Нийт,2019,74.0
Сэлэнгэ,30-34,Нийт,2018,78.7
Сэлэнгэ,30-34,Нийт,2017,82.2
Сэлэнгэ,30-34,Нийт,2016,80.7
Сэлэнгэ,30-34,Нийт,2015,74.6
Сэлэнгэ,30-34,Нийт,2014,74.5
Сэлэнгэ,30-34,Нийт,2013,83.9
Сэлэнгэ,30-34,Нийт,2012,73.4
Сэлэнгэ,30-34,Нийт,2011,82.6
Сэлэнгэ,30-34,Нийт,2010,82.7
Сэлэнгэ,30-34,Нийт,2009,91.9
Сэлэнгэ,30-34,Эрэгтэй,2025,90.5
Сэлэнгэ,30-34,Эрэгтэй,2024,100.0
Сэлэнгэ,30-34,Эрэгтэй,2023,45.5
Сэлэнгэ,30-34,Эрэгтэй,2022,59.0
Сэлэнгэ,30-34,Эрэгтэй,2021,81.9
Сэлэнгэ,30-34,Эрэгтэй,2020,73.8
Сэлэнгэ,30-34,Эрэгтэй,2019,89.0
Сэлэнгэ,30-34,Эрэгтэй,2018,82.3
Сэлэнгэ,30-34,Эрэгтэй,2017,87.5
Сэлэнгэ,30-34,Эрэгтэй,2016,85.3
Сэлэнгэ,30-34,Эрэгтэй,2015,76.6
Сэлэнгэ,30-34,Эрэгтэй,2014,85.1
Сэлэнгэ,30-34,Эрэгтэй,2013,91.2
Сэлэнгэ,30-34,Эрэгтэй,2012,81.7
Сэлэнгэ,30-34,Эрэгтэй,2011,93.8
Сэлэнгэ,30-34,Эрэгтэй,2010,95.5
Сэлэнгэ,30-34,Эрэгтэй,2009,95.5
Сэлэнгэ,30-34,Эмэгтэй,2025,63.0
Сэлэнгэ,30-34,Эмэгтэй,2024,67.8
Сэлэнгэ,30-34,Эмэгтэй,2023,39.1
Сэлэнгэ,30-34,Эмэгтэй,2022,55.2
Сэлэнгэ,30-34,Эмэгтэй,2021,63.3
Сэлэнгэ,30-34,Эмэгтэй,2020,73.0
Сэлэнгэ,30-34,Эмэгтэй,2019,65.3
Сэлэнгэ,30-34,Эмэгтэй,2018,74.4
Сэлэнгэ,30-34,Эмэгтэй,2017,77.7
Сэлэнгэ,30-34,Эмэгтэй,2016,77.0
Сэлэнгэ,30-34,Эмэгтэй,2015,72.9
Сэлэнгэ,30-34,Эмэгтэй,2014,64.9
Сэлэнгэ,30-34,Эмэгтэй,2013,73.6
Сэлэнгэ,30-34,Эмэгтэй,2012,64.7
Сэлэнгэ,30-34,Эмэгтэй,2011,75.1
Сэлэнгэ,30-34,Эмэгтэй,2010,67.5
Сэлэнгэ,30-34,Эмэгтэй,2009,88.8
Сэлэнгэ,35-39,Нийт,2025,89.8
Сэлэнгэ,35-39,Нийт,2024,80.5
Сэлэнгэ,35-39,Нийт,2023,54.1
Сэлэнгэ,35-39,Нийт,2022,47.0
Сэлэнгэ,35-39,Нийт,2021,69.7
Сэлэнгэ,35-39,Нийт,2020,66.2
Сэлэнгэ,35-39,Нийт,2019,81.3
Сэлэнгэ,35-39,Нийт,2018,89.3
Сэлэнгэ,35-39,Нийт,2017,86.3
Сэлэнгэ,35-39,Нийт,2016,83.7
Сэлэнгэ,35-39,Нийт,2015,67.9
Сэлэнгэ,35-39,Нийт,2014,79.9
Сэлэнгэ,35-39,Нийт,2013,88.9
Сэлэнгэ,35-39,Нийт,2012,90.8
Сэлэнгэ,35-39,Нийт,2011,88.5
Сэлэнгэ,35-39,Нийт,2010,87.4
Сэлэнгэ,35-39,Нийт,2009,90.8
Сэлэнгэ,35-39,Эрэгтэй,2025,94.7
Сэлэнгэ,35-39,Эрэгтэй,2024,90.4
Сэлэнгэ,35-39,Эрэгтэй,2023,66.4
Сэлэнгэ,35-39,Эрэгтэй,2022,51.6
Сэлэнгэ,35-39,Эрэгтэй,2021,79.8
Сэлэнгэ,35-39,Эрэгтэй,2020,72.6
Сэлэнгэ,35-39,Эрэгтэй,2019,85.5
Сэлэнгэ,35-39,Эрэгтэй,2018,93.8
Сэлэнгэ,35-39,Эрэгтэй,2017,93.1
Сэлэнгэ,35-39,Эрэгтэй,2016,86.9
Сэлэнгэ,35-39,Эрэгтэй,2015,76.9
Сэлэнгэ,35-39,Эрэгтэй,2014,79.3
Сэлэнгэ,35-39,Эрэгтэй,2013,91.8
Сэлэнгэ,35-39,Эрэгтэй,2012,96.0
Сэлэнгэ,35-39,Эрэгтэй,2011,94.3
Сэлэнгэ,35-39,Эрэгтэй,2010,90.6
Сэлэнгэ,35-39,Эрэгтэй,2009,88.7
Сэлэнгэ,35-39,Эмэгтэй,2025,84.7
Сэлэнгэ,35-39,Эмэгтэй,2024,69.6
Сэлэнгэ,35-39,Эмэгтэй,2023,37.9
Сэлэнгэ,35-39,Эмэгтэй,2022,42.7
Сэлэнгэ,35-39,Эмэгтэй,2021,61.1
Сэлэнгэ,35-39,Эмэгтэй,2020,57.5
Сэлэнгэ,35-39,Эмэгтэй,2019,73.8
Сэлэнгэ,35-39,Эмэгтэй,2018,85.4
Сэлэнгэ,35-39,Эмэгтэй,2017,80.4
Сэлэнгэ,35-39,Эмэгтэй,2016,79.8
Сэлэнгэ,35-39,Эмэгтэй,2015,58.3
Сэлэнгэ,35-39,Эмэгтэй,2014,80.4
Сэлэнгэ,35-39,Эмэгтэй,2013,86.2
Сэлэнгэ,35-39,Эмэгтэй,2012,85.9
Сэлэнгэ,35-39,Эмэгтэй,2011,81.9
Сэлэнгэ,35-39,Эмэгтэй,2010,84.8
Сэлэнгэ,35-39,Эмэгтэй,2009,93.0
Сэлэнгэ,40-44,Нийт,2025,92.4
Сэлэнгэ,40-44,Нийт,2024,79.4
Сэлэнгэ,40-44,Нийт,2023,45.4
Сэлэнгэ,40-44,Нийт,2022,53.2
Сэлэнгэ,40-44,Нийт,2021,70.1
Сэлэнгэ,40-44,Нийт,2020,63.3
Сэлэнгэ,40-44,Нийт,2019,87.4
Сэлэнгэ,40-44,Нийт,2018,90.1
Сэлэнгэ,40-44,Нийт,2017,87.6
Сэлэнгэ,40-44,Нийт,2016,67.9
Сэлэнгэ,40-44,Нийт,2015,82.7
Сэлэнгэ,40-44,Нийт,2014,78.5
Сэлэнгэ,40-44,Нийт,2013,84.0
Сэлэнгэ,40-44,Нийт,2012,85.9
Сэлэнгэ,40-44,Нийт,2011,93.2
Сэлэнгэ,40-44,Нийт,2010,89.9
Сэлэнгэ,40-44,Нийт,2009,88.3
Сэлэнгэ,40-44,Эрэгтэй,2025,94.2
Сэлэнгэ,40-44,Эрэгтэй,2024,93.0
Сэлэнгэ,40-44,Эрэгтэй,2023,42.5
Сэлэнгэ,40-44,Эрэгтэй,2022,59.5
Сэлэнгэ,40-44,Эрэгтэй,2021,73.3
Сэлэнгэ,40-44,Эрэгтэй,2020,57.3
Сэлэнгэ,40-44,Эрэгтэй,2019,93.0
Сэлэнгэ,40-44,Эрэгтэй,2018,95.1
Сэлэнгэ,40-44,Эрэгтэй,2017,90.4
Сэлэнгэ,40-44,Эрэгтэй,2016,74.5
Сэлэнгэ,40-44,Эрэгтэй,2015,83.7
Сэлэнгэ,40-44,Эрэгтэй,2014,82.5
Сэлэнгэ,40-44,Эрэгтэй,2013,94.2
Сэлэнгэ,40-44,Эрэгтэй,2012,84.7
Сэлэнгэ,40-44,Эрэгтэй,2011,98.3
Сэлэнгэ,40-44,Эрэгтэй,2010,91.9
Сэлэнгэ,40-44,Эрэгтэй,2009,95.8
Сэлэнгэ,40-44,Эмэгтэй,2025,91.0
Сэлэнгэ,40-44,Эмэгтэй,2024,66.5
Сэлэнгэ,40-44,Эмэгтэй,2023,47.6
Сэлэнгэ,40-44,Эмэгтэй,2022,47.1
Сэлэнгэ,40-44,Эмэгтэй,2021,62.7
Сэлэнгэ,40-44,Эмэгтэй,2020,67.6
Сэлэнгэ,40-44,Эмэгтэй,2019,82.7
Сэлэнгэ,40-44,Эмэгтэй,2018,85.0
Сэлэнгэ,40-44,Эмэгтэй,2017,83.7
Сэлэнгэ,40-44,Эмэгтэй,2016,61.5
Сэлэнгэ,40-44,Эмэгтэй,2015,81.8
Сэлэнгэ,40-44,Эмэгтэй,2014,74.0
Сэлэнгэ,40-44,Эмэгтэй,2013,76.7
Сэлэнгэ,40-44,Эмэгтэй,2012,87.0
Сэлэнгэ,40-44,Эмэгтэй,2011,88.8
Сэлэнгэ,40-44,Эмэгтэй,2010,88.1
Сэлэнгэ,40-44,Эмэгтэй,2009,83.2
Сэлэнгэ,45-49,Нийт,2025,85.2
Сэлэнгэ,45-49,Нийт,2024,71.3
Сэлэнгэ,45-49,Нийт,2023,51.2
Сэлэнгэ,45-49,Нийт,2022,43.2
Сэлэнгэ,45-49,Нийт,2021,70.4
Сэлэнгэ,45-49,Нийт,2020,77.0
Сэлэнгэ,45-49,Нийт,2019,81.4
Сэлэнгэ,45-49,Нийт,2018,91.0
Сэлэнгэ,45-49,Нийт,2017,85.2
Сэлэнгэ,45-49,Нийт,2016,78.1
Сэлэнгэ,45-49,Нийт,2015,74.5
Сэлэнгэ,45-49,Нийт,2014,75.4
Сэлэнгэ,45-49,Нийт,2013,80.7
Сэлэнгэ,45-49,Нийт,2012,82.1
Сэлэнгэ,45-49,Нийт,2011,85.3
Сэлэнгэ,45-49,Нийт,2010,91.6
Сэлэнгэ,45-49,Нийт,2009,91.0
Сэлэнгэ,45-49,Эрэгтэй,2025,87.6
Сэлэнгэ,45-49,Эрэгтэй,2024,69.0
Сэлэнгэ,45-49,Эрэгтэй,2023,52.4
Сэлэнгэ,45-49,Эрэгтэй,2022,41.5
Сэлэнгэ,45-49,Эрэгтэй,2021,75.0
Сэлэнгэ,45-49,Эрэгтэй,2020,76.7
Сэлэнгэ,45-49,Эрэгтэй,2019,86.0
Сэлэнгэ,45-49,Эрэгтэй,2018,89.1
Сэлэнгэ,45-49,Эрэгтэй,2017,87.2
Сэлэнгэ,45-49,Эрэгтэй,2016,70.1
Сэлэнгэ,45-49,Эрэгтэй,2015,76.4
Сэлэнгэ,45-49,Эрэгтэй,2014,77.6
Сэлэнгэ,45-49,Эрэгтэй,2013,90.0
Сэлэнгэ,45-49,Эрэгтэй,2012,81.5
Сэлэнгэ,45-49,Эрэгтэй,2011,83.3
Сэлэнгэ,45-49,Эрэгтэй,2010,90.5
Сэлэнгэ,45-49,Эрэгтэй,2009,87.4
Сэлэнгэ,45-49,Эмэгтэй,2025,82.6
Сэлэнгэ,45-49,Эмэгтэй,2024,73.1
Сэлэнгэ,45-49,Эмэгтэй,2023,49.7
Сэлэнгэ,45-49,Эмэгтэй,2022,46.2
Сэлэнгэ,45-49,Эмэгтэй,2021,67.2
Сэлэнгэ,45-49,Эмэгтэй,2020,77.3
Сэлэнгэ,45-49,Эмэгтэй,2019,76.5
Сэлэнгэ,45-49,Эмэгтэй,2018,92.5
Сэлэнгэ,45-49,Эмэгтэй,2017,83.7
Сэлэнгэ,45-49,Эмэгтэй,2016,86.4
Сэлэнгэ,45-49,Эмэгтэй,2015,72.4
Сэлэнгэ,45-49,Эмэгтэй,2014,73.3
Сэлэнгэ,45-49,Эмэгтэй,2013,71.9
Сэлэнгэ,45-49,Эмэгтэй,2012,82.6
Сэлэнгэ,45-49,Эмэгтэй,2011,87.2
Сэлэнгэ,45-49,Эмэгтэй,2010,92.5
Сэлэнгэ,45-49,Эмэгтэй,2009,94.3
Сэлэнгэ,50-54,Нийт,2025,88.1
Сэлэнгэ,50-54,Нийт,2024,64.6
Сэлэнгэ,50-54,Нийт,2023,33.2
Сэлэнгэ,50-54,Нийт,2022,55.2
Сэлэнгэ,50-54,Нийт,2021,54.8
Сэлэнгэ,50-54,Нийт,2020,56.0
Сэлэнгэ,50-54,Нийт,2019,65.0
Сэлэнгэ,50-54,Нийт,2018,81.0
Сэлэнгэ,50-54,Нийт,2017,81.1
Сэлэнгэ,50-54,Нийт,2016,64.9
Сэлэнгэ,50-54,Нийт,2015,71.0
Сэлэнгэ,50-54,Нийт,2014,59.9
Сэлэнгэ,50-54,Нийт,2013,73.5
Сэлэнгэ,50-54,Нийт,2012,81.8
Сэлэнгэ,50-54,Нийт,2011,83.5
Сэлэнгэ,50-54,Нийт,2010,84.8
Сэлэнгэ,50-54,Нийт,2009,69.4
Сэлэнгэ,50-54,Эрэгтэй,2025,86.2
Сэлэнгэ,50-54,Эрэгтэй,2024,55.3
Сэлэнгэ,50-54,Эрэгтэй,2023,35.2
Сэлэнгэ,50-54,Эрэгтэй,2022,58.1
Сэлэнгэ,50-54,Эрэгтэй,2021,49.8
Сэлэнгэ,50-54,Эрэгтэй,2020,52.9
Сэлэнгэ,50-54,Эрэгтэй,2019,75.5
Сэлэнгэ,50-54,Эрэгтэй,2018,83.3
Сэлэнгэ,50-54,Эрэгтэй,2017,85.1
Сэлэнгэ,50-54,Эрэгтэй,2016,67.2
Сэлэнгэ,50-54,Эрэгтэй,2015,81.6
Сэлэнгэ,50-54,Эрэгтэй,2014,69.2
Сэлэнгэ,50-54,Эрэгтэй,2013,80.6
Сэлэнгэ,50-54,Эрэгтэй,2012,84.8
Сэлэнгэ,50-54,Эрэгтэй,2011,83.5
Сэлэнгэ,50-54,Эрэгтэй,2010,92.6
Сэлэнгэ,50-54,Эрэгтэй,2009,73.4
Сэлэнгэ,50-54,Эмэгтэй,2025,89.8
Сэлэнгэ,50-54,Эмэгтэй,2024,74.1
Сэлэнгэ,50-54,Эмэгтэй,2023,31.2
Сэлэнгэ,50-54,Эмэгтэй,2022,52.7
Сэлэнгэ,50-54,Эмэгтэй,2021,58.4
Сэлэнгэ,50-54,Эмэгтэй,2020,59.3
Сэлэнгэ,50-54,Эмэгтэй,2019,52.6
Сэлэнгэ,50-54,Эмэгтэй,2018,78.8
Сэлэнгэ,50-54,Эмэгтэй,2017,76.7
Сэлэнгэ,50-54,Эмэгтэй,2016,63.0
Сэлэнгэ,50-54,Эмэгтэй,2015,62.2
Сэлэнгэ,50-54,Эмэгтэй,2014,48.2
Сэлэнгэ,50-54,Эмэгтэй,2013,67.2
Сэлэнгэ,50-54,Эмэгтэй,2012,79.2
Сэлэнгэ,50-54,Эмэгтэй,2011,83.6
Сэлэнгэ,50-54,Эмэгтэй,2010,78.4
Сэлэнгэ,50-54,Эмэгтэй,2009,65.8
Сэлэнгэ,55-59,Нийт,2025,48.4
Сэлэнгэ,55-59,Нийт,2024,43.4
Сэлэнгэ,55-59,Нийт,2023,24.2
Сэлэнгэ,55-59,Нийт,2022,35.1
Сэлэнгэ,55-59,Нийт,2021,45.0
Сэлэнгэ,55-59,Нийт,2020,47.0
Сэлэнгэ,55-59,Нийт,2019,52.7
Сэлэнгэ,55-59,Нийт,2018,55.2
Сэлэнгэ,55-59,Нийт,2017,46.8
Сэлэнгэ,55-59,Нийт,2016,42.9
Сэлэнгэ,55-59,Нийт,2015,28.6
Сэлэнгэ,55-59,Нийт,2014,35.6
Сэлэнгэ,55-59,Нийт,2013,48.5
Сэлэнгэ,55-59,Нийт,2012,43.3
Сэлэнгэ,55-59,Нийт,2011,75.0
Сэлэнгэ,55-59,Нийт,2010,57.6
Сэлэнгэ,55-59,Нийт,2009,54.5
Сэлэнгэ,55-59,Эрэгтэй,2025,60.9
Сэлэнгэ,55-59,Эрэгтэй,2024,67.2
Сэлэнгэ,55-59,Эрэгтэй,2023,33.0
Сэлэнгэ,55-59,Эрэгтэй,2022,34.1
Сэлэнгэ,55-59,Эрэгтэй,2021,59.0
Сэлэнгэ,55-59,Эрэгтэй,2020,61.4
Сэлэнгэ,55-59,Эрэгтэй,2019,72.5
Сэлэнгэ,55-59,Эрэгтэй,2018,77.6
Сэлэнгэ,55-59,Эрэгтэй,2017,66.4
Сэлэнгэ,55-59,Эрэгтэй,2016,50.0
Сэлэнгэ,55-59,Эрэгтэй,2015,53.0
Сэлэнгэ,55-59,Эрэгтэй,2014,43.4
Сэлэнгэ,55-59,Эрэгтэй,2013,55.8
Сэлэнгэ,55-59,Эрэгтэй,2012,77.9
Сэлэнгэ,55-59,Эрэгтэй,2011,95.7
Сэлэнгэ,55-59,Эрэгтэй,2010,66.4
Сэлэнгэ,55-59,Эрэгтэй,2009,54.9
Сэлэнгэ,55-59,Эмэгтэй,2025,35.2
Сэлэнгэ,55-59,Эмэгтэй,2024,21.3
Сэлэнгэ,55-59,Эмэгтэй,2023,16.1
Сэлэнгэ,55-59,Эмэгтэй,2022,35.8
Сэлэнгэ,55-59,Эмэгтэй,2021,30.9
Сэлэнгэ,55-59,Эмэгтэй,2020,37.6
Сэлэнгэ,55-59,Эмэгтэй,2019,36.1
Сэлэнгэ,55-59,Эмэгтэй,2018,37.8
Сэлэнгэ,55-59,Эмэгтэй,2017,28.9
Сэлэнгэ,55-59,Эмэгтэй,2016,36.1
Сэлэнгэ,55-59,Эмэгтэй,2015,6.2
Сэлэнгэ,55-59,Эмэгтэй,2014,29.3
Сэлэнгэ,55-59,Эмэгтэй,2013,37.6
Сэлэнгэ,55-59,Эмэгтэй,2012,28.2
Сэлэнгэ,55-59,Эмэгтэй,2011,56.8
Сэлэнгэ,55-59,Эмэгтэй,2010,49.6
Сэлэнгэ,55-59,Эмэгтэй,2009,54.2
Сэлэнгэ,60-64,Нийт,2025,24.6
Сэлэнгэ,60-64,Нийт,2024,16.9
Сэлэнгэ,60-64,Нийт,2023,15.9
Сэлэнгэ,60-64,Нийт,2022,18.5
Сэлэнгэ,60-64,Нийт,2021,4.7
Сэлэнгэ,60-64,Нийт,2020,13.5
Сэлэнгэ,60-64,Нийт,2019,15.0
Сэлэнгэ,60-64,Нийт,2018,33.6
Сэлэнгэ,60-64,Нийт,2017,27.9
Сэлэнгэ,60-64,Нийт,2016,19.4
Сэлэнгэ,60-64,Нийт,2015,12.1
Сэлэнгэ,60-64,Нийт,2014,4.1
Сэлэнгэ,60-64,Нийт,2013,22.4
Сэлэнгэ,60-64,Нийт,2012,32.7
Сэлэнгэ,60-64,Нийт,2011,58.9
Сэлэнгэ,60-64,Нийт,2010,49.6
Сэлэнгэ,60-64,Нийт,2009,83.9
Сэлэнгэ,60-64,Эрэгтэй,2025,36.6
Сэлэнгэ,60-64,Эрэгтэй,2024,21.0
Сэлэнгэ,60-64,Эрэгтэй,2023,20.8
Сэлэнгэ,60-64,Эрэгтэй,2022,17.0
Сэлэнгэ,60-64,Эрэгтэй,2021,8.2
Сэлэнгэ,60-64,Эрэгтэй,2020,27.8
Сэлэнгэ,60-64,Эрэгтэй,2019,25.1
Сэлэнгэ,60-64,Эрэгтэй,2018,34.4
Сэлэнгэ,60-64,Эрэгтэй,2017,30.3
Сэлэнгэ,60-64,Эрэгтэй,2016,25.7
Сэлэнгэ,60-64,Эрэгтэй,2015,14.9
Сэлэнгэ,60-64,Эрэгтэй,2014,10.0
Сэлэнгэ,60-64,Эрэгтэй,2013,16.0
Сэлэнгэ,60-64,Эрэгтэй,2012,47.1
Сэлэнгэ,60-64,Эрэгтэй,2011,60.2
Сэлэнгэ,60-64,Эрэгтэй,2010,63.9
Сэлэнгэ,60-64,Эрэгтэй,2009,87.0
Сэлэнгэ,60-64,Эмэгтэй,2025,14.9
Сэлэнгэ,60-64,Эмэгтэй,2024,14.3
Сэлэнгэ,60-64,Эмэгтэй,2023,13.1
Сэлэнгэ,60-64,Эмэгтэй,2022,20.0
Сэлэнгэ,60-64,Эмэгтэй,2021,2.9
Сэлэнгэ,60-64,Эмэгтэй,2020,5.7
Сэлэнгэ,60-64,Эмэгтэй,2019,4.5
Сэлэнгэ,60-64,Эмэгтэй,2018,32.7
Сэлэнгэ,60-64,Эмэгтэй,2017,25.3
Сэлэнгэ,60-64,Эмэгтэй,2016,15.1
Сэлэнгэ,60-64,Эмэгтэй,2015,8.8
Сэлэнгэ,60-64,Эмэгтэй,2014,0.0
Сэлэнгэ,60-64,Эмэгтэй,2013,28.4
Сэлэнгэ,60-64,Эмэгтэй,2012,15.7
Сэлэнгэ,60-64,Эмэгтэй,2011,57.2
Сэлэнгэ,60-64,Эмэгтэй,2010,36.4
Сэлэнгэ,60-64,Эмэгтэй,2009,79.1
Сэлэнгэ,65-69,Нийт,2025,10.7
Сэлэнгэ,65-69,Нийт,2024,14.7
Сэлэнгэ,65-69,Нийт,2023,4.6
Сэлэнгэ,65-69,Нийт,2022,5.2
Сэлэнгэ,65-69,Нийт,2021,2.0
Сэлэнгэ,65-69,Нийт,2020,10.2
Сэлэнгэ,65-69,Нийт,2019,24.5
Сэлэнгэ,65-69,Нийт,2018,25.1
Сэлэнгэ,65-69,Нийт,2017,14.1
Сэлэнгэ,65-69,Нийт,2016,10.1
Сэлэнгэ,65-69,Нийт,2015,8.6
Сэлэнгэ,65-69,Нийт,2014,0.0
Сэлэнгэ,65-69,Нийт,2013,15.6
Сэлэнгэ,65-69,Нийт,2012,19.8
Сэлэнгэ,65-69,Нийт,2011,34.0
Сэлэнгэ,65-69,Нийт,2010,50.3
Сэлэнгэ,65-69,Нийт,2009,26.8
Сэлэнгэ,65-69,Эрэгтэй,2025,16.7
Сэлэнгэ,65-69,Эрэгтэй,2024,21.5
Сэлэнгэ,65-69,Эрэгтэй,2023,8.3
Сэлэнгэ,65-69,Эрэгтэй,2022,4.2
Сэлэнгэ,65-69,Эрэгтэй,2021,0.0
Сэлэнгэ,65-69,Эрэгтэй,2020,12.1
Сэлэнгэ,65-69,Эрэгтэй,2019,17.5
Сэлэнгэ,65-69,Эрэгтэй,2018,15.1
Сэлэнгэ,65-69,Эрэгтэй,2017,0.0
Сэлэнгэ,65-69,Эрэгтэй,2016,7.2
Сэлэнгэ,65-69,Эрэгтэй,2015,9.1
Сэлэнгэ,65-69,Эрэгтэй,2014,0.0
Сэлэнгэ,65-69,Эрэгтэй,2013,8.6
Сэлэнгэ,65-69,Эрэгтэй,2012,23.3
Сэлэнгэ,65-69,Эрэгтэй,2011,32.2
Сэлэнгэ,65-69,Эрэгтэй,2010,45.7
Сэлэнгэ,65-69,Эрэгтэй,2009,41.5
Сэлэнгэ,65-69,Эмэгтэй,2025,3.9
Сэлэнгэ,65-69,Эмэгтэй,2024,9.4
Сэлэнгэ,65-69,Эмэгтэй,2023,0.0
Сэлэнгэ,65-69,Эмэгтэй,2022,7.0
Сэлэнгэ,65-69,Эмэгтэй,2021,4.6
Сэлэнгэ,65-69,Эмэгтэй,2020,8.9
Сэлэнгэ,65-69,Эмэгтэй,2019,32.0
Сэлэнгэ,65-69,Эмэгтэй,2018,37.0
Сэлэнгэ,65-69,Эмэгтэй,2017,24.0
Сэлэнгэ,65-69,Эмэгтэй,2016,12.9
Сэлэнгэ,65-69,Эмэгтэй,2015,8.2
Сэлэнгэ,65-69,Эмэгтэй,2014,0.0
Сэлэнгэ,65-69,Эмэгтэй,2013,24.5
Сэлэнгэ,65-69,Эмэгтэй,2012,15.7
Сэлэнгэ,65-69,Эмэгтэй,2011,36.7
Сэлэнгэ,65-69,Эмэгтэй,2010,55.7
Сэлэнгэ,65-69,Эмэгтэй,2009,14.7
Сэлэнгэ,70+,Нийт,2025,1.9
Сэлэнгэ,70+,Нийт,2024,8.6
Сэлэнгэ,70+,Нийт,2023,1.7
Сэлэнгэ,70+,Нийт,2022,0.0
Сэлэнгэ,70+,Нийт,2021,0.4
Сэлэнгэ,70+,Нийт,2020,7.1
Сэлэнгэ,70+,Нийт,2019,7.5
Сэлэнгэ,70+,Нийт,2018,3.1
Сэлэнгэ,70+,Нийт,2017,15.7
Сэлэнгэ,70+,Нийт,2016,8.2
Сэлэнгэ,70+,Нийт,2015,0.0
Сэлэнгэ,70+,Нийт,2014,2.4
Сэлэнгэ,70+,Нийт,2013,3.5
Сэлэнгэ,70+,Нийт,2012,20.8
Сэлэнгэ,70+,Нийт,2011,26.4
Сэлэнгэ,70+,Нийт,2010,3.4
Сэлэнгэ,70+,Нийт,2009,13.6
Сэлэнгэ,70+,Эрэгтэй,2025,1.3
Сэлэнгэ,70+,Эрэгтэй,2024,13.2
Сэлэнгэ,70+,Эрэгтэй,2023,0.0
Сэлэнгэ,70+,Эрэгтэй,2022,0.0
Сэлэнгэ,70+,Эрэгтэй,2021,0.7
Сэлэнгэ,70+,Эрэгтэй,2020,6.6
Сэлэнгэ,70+,Эрэгтэй,2019,14.9
Сэлэнгэ,70+,Эрэгтэй,2018,9.3
Сэлэнгэ,70+,Эрэгтэй,2017,17.2
Сэлэнгэ,70+,Эрэгтэй,2016,12.0
Сэлэнгэ,70+,Эрэгтэй,2015,0.0
Сэлэнгэ,70+,Эрэгтэй,2014,4.1
Сэлэнгэ,70+,Эрэгтэй,2013,7.1
Сэлэнгэ,70+,Эрэгтэй,2012,10.3
Сэлэнгэ,70+,Эрэгтэй,2011,38.7
Сэлэнгэ,70+,Эрэгтэй,2010,7.2
Сэлэнгэ,70+,Эрэгтэй,2009,0.0
Сэлэнгэ,70+,Эмэгтэй,2025,2.4
Сэлэнгэ,70+,Эмэгтэй,2024,2.8
Сэлэнгэ,70+,Эмэгтэй,2023,4.8
Сэлэнгэ,70+,Эмэгтэй,2022,0.0
Сэлэнгэ,70+,Эмэгтэй,2021,0.0
Сэлэнгэ,70+,Эмэгтэй,2020,7.4
Сэлэнгэ,70+,Эмэгтэй,2019,0.0
Сэлэнгэ,70+,Эмэгтэй,2018,0.0
Сэлэнгэ,70+,Эмэгтэй,2017,14.5
Сэлэнгэ,70+,Эмэгтэй,2016,5.0
Сэлэнгэ,70+,Эмэгтэй,2015,0.0
Сэлэнгэ,70+,Эмэгтэй,2014,0.0
Сэлэнгэ,70+,Эмэгтэй,2013,0.0
Сэлэнгэ,70+,Эмэгтэй,2012,26.4
Сэлэнгэ,70+,Эмэгтэй,2011,13.8
Сэлэнгэ,70+,Эмэгтэй,2010,0.0
Сэлэнгэ,70+,Эмэгтэй,2009,23.3
Төв,Бүгд,Нийт,2025,50.5
Төв,Бүгд,Нийт,2024,56.8
Төв,Бүгд,Нийт,2023,73.0
Төв,Бүгд,Нийт,2022,63.3
Төв,Бүгд,Нийт,2021,66.8
Төв,Бүгд,Нийт,2020,75.1
Төв,Бүгд,Нийт,2019,70.1
Төв,Бүгд,Нийт,2018,78.9
Төв,Бүгд,Нийт,2017,79.6
Төв,Бүгд,Нийт,2016,77.6
Төв,Бүгд,Нийт,2015,77.2
Төв,Бүгд,Нийт,2014,75.2
Төв,Бүгд,Нийт,2013,75.3
Төв,Бүгд,Нийт,2012,75.8
Төв,Бүгд,Нийт,2011,79.4
Төв,Бүгд,Нийт,2010,73.6
Төв,Бүгд,Нийт,2009,75.4
Төв,Бүгд,Эрэгтэй,2025,57.9
Төв,Бүгд,Эрэгтэй,2024,62.4
Төв,Бүгд,Эрэгтэй,2023,82.2
Төв,Бүгд,Эрэгтэй,2022,67.4
Төв,Бүгд,Эрэгтэй,2021,76.7
Төв,Бүгд,Эрэгтэй,2020,80.7
Төв,Бүгд,Эрэгтэй,2019,80.5
Төв,Бүгд,Эрэгтэй,2018,83.6
Төв,Бүгд,Эрэгтэй,2017,83.6
Төв,Бүгд,Эрэгтэй,2016,80.0
Төв,Бүгд,Эрэгтэй,2015,80.4
Төв,Бүгд,Эрэгтэй,2014,80.7
Төв,Бүгд,Эрэгтэй,2013,81.5
Төв,Бүгд,Эрэгтэй,2012,79.9
Төв,Бүгд,Эрэгтэй,2011,83.2
Төв,Бүгд,Эрэгтэй,2010,78.4
Төв,Бүгд,Эрэгтэй,2009,82.1
Төв,Бүгд,Эмэгтэй,2025,43.6
Төв,Бүгд,Эмэгтэй,2024,51.1
Төв,Бүгд,Эмэгтэй,2023,64.4
Төв,Бүгд,Эмэгтэй,2022,58.7
Төв,Бүгд,Эмэгтэй,2021,57.0
Төв,Бүгд,Эмэгтэй,2020,69.3
Төв,Бүгд,Эмэгтэй,2019,60.9
Төв,Бүгд,Эмэгтэй,2018,74.6
Төв,Бүгд,Эмэгтэй,2017,75.5
Төв,Бүгд,Эмэгтэй,2016,75.3
Төв,Бүгд,Эмэгтэй,2015,73.9
Төв,Бүгд,Эмэгтэй,2014,69.6
Төв,Бүгд,Эмэгтэй,2013,69.4
Төв,Бүгд,Эмэгтэй,2012,71.6
Төв,Бүгд,Эмэгтэй,2011,75.5
Төв,Бүгд,Эмэгтэй,2010,68.8
Төв,Бүгд,Эмэгтэй,2009,69.7
Төв,15-19,Нийт,2025,9.7
Төв,15-19,Нийт,2024,3.1
Төв,15-19,Нийт,2023,8.1
Төв,15-19,Нийт,2022,12.7
Төв,15-19,Нийт,2021,22.9
Төв,15-19,Нийт,2020,37.8
Төв,15-19,Нийт,2019,20.5
Төв,15-19,Нийт,2018,23.9
Төв,15-19,Нийт,2017,13.5
Төв,15-19,Нийт,2016,10.9
Төв,15-19,Нийт,2015,34.1
Төв,15-19,Нийт,2014,27.9
Төв,15-19,Нийт,2013,20.0
Төв,15-19,Нийт,2012,43.5
Төв,15-19,Нийт,2011,35.6
Төв,15-19,Нийт,2010,26.4
Төв,15-19,Нийт,2009,28.6
Төв,15-19,Эрэгтэй,2025,16.6
Төв,15-19,Эрэгтэй,2024,6.0
Төв,15-19,Эрэгтэй,2023,18.5
Төв,15-19,Эрэгтэй,2022,24.1
Төв,15-19,Эрэгтэй,2021,29.5
Төв,15-19,Эрэгтэй,2020,49.9
Төв,15-19,Эрэгтэй,2019,26.5
Төв,15-19,Эрэгтэй,2018,32.6
Төв,15-19,Эрэгтэй,2017,18.3
Төв,15-19,Эрэгтэй,2016,15.1
Төв,15-19,Эрэгтэй,2015,39.0
Төв,15-19,Эрэгтэй,2014,41.4
Төв,15-19,Эрэгтэй,2013,25.5
Төв,15-19,Эрэгтэй,2012,48.3
Төв,15-19,Эрэгтэй,2011,36.4
Төв,15-19,Эрэгтэй,2010,27.9
Төв,15-19,Эрэгтэй,2009,39.6
Төв,15-19,Эмэгтэй,2025,1.4
Төв,15-19,Эмэгтэй,2024,0.0
Төв,15-19,Эмэгтэй,2023,2.9
Төв,15-19,Эмэгтэй,2022,1.3
Төв,15-19,Эмэгтэй,2021,13.0
Төв,15-19,Эмэгтэй,2020,22.5
Төв,15-19,Эмэгтэй,2019,16.8
Төв,15-19,Эмэгтэй,2018,16.9
Төв,15-19,Эмэгтэй,2017,7.8
Төв,15-19,Эмэгтэй,2016,5.8
Төв,15-19,Эмэгтэй,2015,27.9
Төв,15-19,Эмэгтэй,2014,8.5
Төв,15-19,Эмэгтэй,2013,16.0
Төв,15-19,Эмэгтэй,2012,38.1
Төв,15-19,Эмэгтэй,2011,34.6
Төв,15-19,Эмэгтэй,2010,24.2
Төв,15-19,Эмэгтэй,2009,20.7
Төв,20-24,Нийт,2025,31.3
Төв,20-24,Нийт,2024,32.9
Төв,20-24,Нийт,2023,60.1
Төв,20-24,Нийт,2022,51.8
Төв,20-24,Нийт,2021,43.8
Төв,20-24,Нийт,2020,75.8
Төв,20-24,Нийт,2019,60.8
Төв,20-24,Нийт,2018,70.6
Төв,20-24,Нийт,2017,73.6
Төв,20-24,Нийт,2016,70.2
Төв,20-24,Нийт,2015,71.6
Төв,20-24,Нийт,2014,68.7
Төв,20-24,Нийт,2013,67.9
Төв,20-24,Нийт,2012,67.6
Төв,20-24,Нийт,2011,75.7
Төв,20-24,Нийт,2010,73.7
Төв,20-24,Нийт,2009,71.8
Төв,20-24,Эрэгтэй,2025,56.6
Төв,20-24,Эрэгтэй,2024,28.0
Төв,20-24,Эрэгтэй,2023,72.2
Төв,20-24,Эрэгтэй,2022,58.3
Төв,20-24,Эрэгтэй,2021,62.5
Төв,20-24,Эрэгтэй,2020,77.6
Төв,20-24,Эрэгтэй,2019,73.8
Төв,20-24,Эрэгтэй,2018,67.2
Төв,20-24,Эрэгтэй,2017,78.1
Төв,20-24,Эрэгтэй,2016,74.0
Төв,20-24,Эрэгтэй,2015,86.7
Төв,20-24,Эрэгтэй,2014,76.8
Төв,20-24,Эрэгтэй,2013,75.6
Төв,20-24,Эрэгтэй,2012,77.3
Төв,20-24,Эрэгтэй,2011,85.3
Төв,20-24,Эрэгтэй,2010,84.7
Төв,20-24,Эрэгтэй,2009,78.2
Төв,20-24,Эмэгтэй,2025,7.4
Төв,20-24,Эмэгтэй,2024,37.8
Төв,20-24,Эмэгтэй,2023,37.2
Төв,20-24,Эмэгтэй,2022,39.7
Төв,20-24,Эмэгтэй,2021,19.9
Төв,20-24,Эмэгтэй,2020,72.5
Төв,20-24,Эмэгтэй,2019,41.0
Төв,20-24,Эмэгтэй,2018,75.0
Төв,20-24,Эмэгтэй,2017,69.5
Төв,20-24,Эмэгтэй,2016,66.7
Төв,20-24,Эмэгтэй,2015,51.2
Төв,20-24,Эмэгтэй,2014,59.8
Төв,20-24,Эмэгтэй,2013,60.4
Төв,20-24,Эмэгтэй,2012,55.5
Төв,20-24,Эмэгтэй,2011,62.1
Төв,20-24,Эмэгтэй,2010,59.5
Төв,20-24,Эмэгтэй,2009,66.1
Төв,25-29,Нийт,2025,79.1
Төв,25-29,Нийт,2024,83.9
Төв,25-29,Нийт,2023,98.1
Төв,25-29,Нийт,2022,77.8
Төв,25-29,Нийт,2021,83.5
Төв,25-29,Нийт,2020,94.7
Төв,25-29,Нийт,2019,79.0
Төв,25-29,Нийт,2018,85.8
Төв,25-29,Нийт,2017,83.8
Төв,25-29,Нийт,2016,90.7
Төв,25-29,Нийт,2015,79.4
Төв,25-29,Нийт,2014,77.9
Төв,25-29,Нийт,2013,86.5
Төв,25-29,Нийт,2012,81.6
Төв,25-29,Нийт,2011,90.4
Төв,25-29,Нийт,2010,87.8
Төв,25-29,Нийт,2009,86.2
Төв,25-29,Эрэгтэй,2025,100.0
Төв,25-29,Эрэгтэй,2024,98.2
Төв,25-29,Эрэгтэй,2023,100.0
Төв,25-29,Эрэгтэй,2022,90.8
Төв,25-29,Эрэгтэй,2021,93.3
Төв,25-29,Эрэгтэй,2020,97.6
Төв,25-29,Эрэгтэй,2019,100.0
Төв,25-29,Эрэгтэй,2018,92.4
Төв,25-29,Эрэгтэй,2017,87.9
Төв,25-29,Эрэгтэй,2016,98.3
Төв,25-29,Эрэгтэй,2015,88.7
Төв,25-29,Эрэгтэй,2014,85.5
Төв,25-29,Эрэгтэй,2013,98.6
Төв,25-29,Эрэгтэй,2012,89.1
Төв,25-29,Эрэгтэй,2011,95.2
Төв,25-29,Эрэгтэй,2010,92.1
Төв,25-29,Эрэгтэй,2009,100.0
Төв,25-29,Эмэгтэй,2025,61.2
Төв,25-29,Эмэгтэй,2024,62.8
Төв,25-29,Эмэгтэй,2023,95.8
Төв,25-29,Эмэгтэй,2022,58.7
Төв,25-29,Эмэгтэй,2021,74.2
Төв,25-29,Эмэгтэй,2020,91.1
Төв,25-29,Эмэгтэй,2019,52.9
Төв,25-29,Эмэгтэй,2018,80.6
Төв,25-29,Эмэгтэй,2017,79.4
Төв,25-29,Эмэгтэй,2016,81.4
Төв,25-29,Эмэгтэй,2015,68.3
Төв,25-29,Эмэгтэй,2014,68.5
Төв,25-29,Эмэгтэй,2013,71.7
Төв,25-29,Эмэгтэй,2012,73.7
Төв,25-29,Эмэгтэй,2011,85.5
Төв,25-29,Эмэгтэй,2010,84.3
Төв,25-29,Эмэгтэй,2009,75.0
Төв,30-34,Нийт,2025,90.9
Төв,30-34,Нийт,2024,75.4
Төв,30-34,Нийт,2023,93.5
Төв,30-34,Нийт,2022,81.2
Төв,30-34,Нийт,2021,77.1
Төв,30-34,Нийт,2020,86.5
Төв,30-34,Нийт,2019,95.0
Төв,30-34,Нийт,2018,89.6
Төв,30-34,Нийт,2017,90.6
Төв,30-34,Нийт,2016,90.9
Төв,30-34,Нийт,2015,87.7
Төв,30-34,Нийт,2014,85.8
Төв,30-34,Нийт,2013,86.2
Төв,30-34,Нийт,2012,90.6
Төв,30-34,Нийт,2011,91.9
Төв,30-34,Нийт,2010,89.5
Төв,30-34,Нийт,2009,90.9
Төв,30-34,Эрэгтэй,2025,94.6
Төв,30-34,Эрэгтэй,2024,81.0
Төв,30-34,Эрэгтэй,2023,92.7
Төв,30-34,Эрэгтэй,2022,85.8
Төв,30-34,Эрэгтэй,2021,94.6
Төв,30-34,Эрэгтэй,2020,90.3
Төв,30-34,Эрэгтэй,2019,91.4
Төв,30-34,Эрэгтэй,2018,100.0
Төв,30-34,Эрэгтэй,2017,100.0
Төв,30-34,Эрэгтэй,2016,95.2
Төв,30-34,Эрэгтэй,2015,91.8
Төв,30-34,Эрэгтэй,2014,97.1
Төв,30-34,Эрэгтэй,2013,94.5
Төв,30-34,Эрэгтэй,2012,95.6
Төв,30-34,Эрэгтэй,2011,91.9
Төв,30-34,Эрэгтэй,2010,96.2
Төв,30-34,Эрэгтэй,2009,96.3
Төв,30-34,Эмэгтэй,2025,86.1
Төв,30-34,Эмэгтэй,2024,68.0
Төв,30-34,Эмэгтэй,2023,94.4
Төв,30-34,Эмэгтэй,2022,75.3
Төв,30-34,Эмэгтэй,2021,53.5
Төв,30-34,Эмэгтэй,2020,80.4
Төв,30-34,Эмэгтэй,2019,97.2
Төв,30-34,Эмэгтэй,2018,77.9
Төв,30-34,Эмэгтэй,2017,82.0
Төв,30-34,Эмэгтэй,2016,85.7
Төв,30-34,Эмэгтэй,2015,83.6
Төв,30-34,Эмэгтэй,2014,74.3
Төв,30-34,Эмэгтэй,2013,77.2
Төв,30-34,Эмэгтэй,2012,84.7
Төв,30-34,Эмэгтэй,2011,91.8
Төв,30-34,Эмэгтэй,2010,83.1
Төв,30-34,Эмэгтэй,2009,85.1
Төв,35-39,Нийт,2025,88.5
Төв,35-39,Нийт,2024,89.3
Төв,35-39,Нийт,2023,96.5
Төв,35-39,Нийт,2022,88.8
Төв,35-39,Нийт,2021,84.1
Төв,35-39,Нийт,2020,82.5
Төв,35-39,Нийт,2019,84.6
Төв,35-39,Нийт,2018,90.0
Төв,35-39,Нийт,2017,95.1
Төв,35-39,Нийт,2016,94.4
Төв,35-39,Нийт,2015,94.8
Төв,35-39,Нийт,2014,94.4
Төв,35-39,Нийт,2013,89.1
Төв,35-39,Нийт,2012,91.5
Төв,35-39,Нийт,2011,89.8
Төв,35-39,Нийт,2010,90.9
Төв,35-39,Нийт,2009,93.3
Төв,35-39,Эрэгтэй,2025,87.5
Төв,35-39,Эрэгтэй,2024,88.6
Төв,35-39,Эрэгтэй,2023,95.3
Төв,35-39,Эрэгтэй,2022,87.1
Төв,35-39,Эрэгтэй,2021,95.9
Төв,35-39,Эрэгтэй,2020,89.0
Төв,35-39,Эрэгтэй,2019,85.1
Төв,35-39,Эрэгтэй,2018,94.1
Төв,35-39,Эрэгтэй,2017,96.6
Төв,35-39,Эрэгтэй,2016,92.1
Төв,35-39,Эрэгтэй,2015,100.0
Төв,35-39,Эрэгтэй,2014,96.7
Төв,35-39,Эрэгтэй,2013,88.9
Төв,35-39,Эрэгтэй,2012,93.2
Төв,35-39,Эрэгтэй,2011,97.8
Төв,35-39,Эрэгтэй,2010,98.5
Төв,35-39,Эрэгтэй,2009,100.0
Төв,35-39,Эмэгтэй,2025,89.3
Төв,35-39,Эмэгтэй,2024,90.1
Төв,35-39,Эмэгтэй,2023,98.1
Төв,35-39,Эмэгтэй,2022,90.6
Төв,35-39,Эмэгтэй,2021,74.3
Төв,35-39,Эмэгтэй,2020,80.0
Төв,35-39,Эмэгтэй,2019,84.2
Төв,35-39,Эмэгтэй,2018,86.5
Төв,35-39,Эмэгтэй,2017,93.6
Төв,35-39,Эмэгтэй,2016,96.5
Төв,35-39,Эмэгтэй,2015,90.3
Төв,35-39,Эмэгтэй,2014,92.3
Төв,35-39,Эмэгтэй,2013,89.2
Төв,35-39,Эмэгтэй,2012,89.2
Төв,35-39,Эмэгтэй,2011,84.3
Төв,35-39,Эмэгтэй,2010,84.1
Төв,35-39,Эмэгтэй,2009,86.8
Төв,40-44,Нийт,2025,82.7
Төв,40-44,Нийт,2024,84.3
Төв,40-44,Нийт,2023,98.4
Төв,40-44,Нийт,2022,88.4
Төв,40-44,Нийт,2021,84.3
Төв,40-44,Нийт,2020,76.6
Төв,40-44,Нийт,2019,90.4
Төв,40-44,Нийт,2018,96.0
Төв,40-44,Нийт,2017,94.4
Төв,40-44,Нийт,2016,95.0
Төв,40-44,Нийт,2015,92.3
Төв,40-44,Нийт,2014,90.4
Төв,40-44,Нийт,2013,95.8
Төв,40-44,Нийт,2012,95.7
Төв,40-44,Нийт,2011,94.5
Төв,40-44,Нийт,2010,95.5
Төв,40-44,Нийт,2009,100.0
Төв,40-44,Эрэгтэй,2025,89.1
Төв,40-44,Эрэгтэй,2024,95.5
Төв,40-44,Эрэгтэй,2023,100.0
Төв,40-44,Эрэгтэй,2022,90.1
Төв,40-44,Эрэгтэй,2021,81.7
Төв,40-44,Эрэгтэй,2020,82.2
Төв,40-44,Эрэгтэй,2019,96.0
Төв,40-44,Эрэгтэй,2018,97.9
Төв,40-44,Эрэгтэй,2017,100.0
Төв,40-44,Эрэгтэй,2016,93.4
Төв,40-44,Эрэгтэй,2015,92.6
Төв,40-44,Эрэгтэй,2014,93.2
Төв,40-44,Эрэгтэй,2013,98.4
Төв,40-44,Эрэгтэй,2012,96.6
Төв,40-44,Эрэгтэй,2011,98.4
Төв,40-44,Эрэгтэй,2010,97.8
Төв,40-44,Эрэгтэй,2009,100.0
Төв,40-44,Эмэгтэй,2025,75.0
Төв,40-44,Эмэгтэй,2024,74.4
Төв,40-44,Эмэгтэй,2023,96.2
Төв,40-44,Эмэгтэй,2022,86.0
Төв,40-44,Эмэгтэй,2021,86.9
Төв,40-44,Эмэгтэй,2020,71.0
Төв,40-44,Эмэгтэй,2019,85.8
Төв,40-44,Эмэгтэй,2018,94.1
Төв,40-44,Эмэгтэй,2017,89.2
Төв,40-44,Эмэгтэй,2016,96.7
Төв,40-44,Эмэгтэй,2015,92.1
Төв,40-44,Эмэгтэй,2014,87.8
Төв,40-44,Эмэгтэй,2013,92.8
Төв,40-44,Эмэгтэй,2012,94.8
Төв,40-44,Эмэгтэй,2011,89.8
Төв,40-44,Эмэгтэй,2010,93.2
Төв,40-44,Эмэгтэй,2009,100.0
Төв,45-49,Нийт,2025,84.8
Төв,45-49,Нийт,2024,87.5
Төв,45-49,Нийт,2023,97.5
Төв,45-49,Нийт,2022,84.2
Төв,45-49,Нийт,2021,87.0
Төв,45-49,Нийт,2020,93.0
Төв,45-49,Нийт,2019,89.9
Төв,45-49,Нийт,2018,92.6
Төв,45-49,Нийт,2017,93.5
Төв,45-49,Нийт,2016,91.8
Төв,45-49,Нийт,2015,92.2
Төв,45-49,Нийт,2014,92.4
Төв,45-49,Нийт,2013,90.5
Төв,45-49,Нийт,2012,89.6
Төв,45-49,Нийт,2011,93.8
Төв,45-49,Нийт,2010,92.5
Төв,45-49,Нийт,2009,92.7
Төв,45-49,Эрэгтэй,2025,86.9
Төв,45-49,Эрэгтэй,2024,88.2
Төв,45-49,Эрэгтэй,2023,100.0
Төв,45-49,Эрэгтэй,2022,87.4
Төв,45-49,Эрэгтэй,2021,81.2
Төв,45-49,Эрэгтэй,2020,88.4
Төв,45-49,Эрэгтэй,2019,90.7
Төв,45-49,Эрэгтэй,2018,94.8
Төв,45-49,Эрэгтэй,2017,96.2
Төв,45-49,Эрэгтэй,2016,95.8
Төв,45-49,Эрэгтэй,2015,92.7
Төв,45-49,Эрэгтэй,2014,93.0
Төв,45-49,Эрэгтэй,2013,95.3
Төв,45-49,Эрэгтэй,2012,89.8
Төв,45-49,Эрэгтэй,2011,95.7
Төв,45-49,Эрэгтэй,2010,93.9
Төв,45-49,Эрэгтэй,2009,95.4
Төв,45-49,Эмэгтэй,2025,82.7
Төв,45-49,Эмэгтэй,2024,86.6
Төв,45-49,Эмэгтэй,2023,95.9
Төв,45-49,Эмэгтэй,2022,81.4
Төв,45-49,Эмэгтэй,2021,97.5
Төв,45-49,Эмэгтэй,2020,97.2
Төв,45-49,Эмэгтэй,2019,89.0
Төв,45-49,Эмэгтэй,2018,91.1
Төв,45-49,Эмэгтэй,2017,90.7
Төв,45-49,Эмэгтэй,2016,88.8
Төв,45-49,Эмэгтэй,2015,91.6
Төв,45-49,Эмэгтэй,2014,92.0
Төв,45-49,Эмэгтэй,2013,86.9
Төв,45-49,Эмэгтэй,2012,89.5
Төв,45-49,Эмэгтэй,2011,92.1
Төв,45-49,Эмэгтэй,2010,91.2
Төв,45-49,Эмэгтэй,2009,90.7
Төв,50-54,Нийт,2025,79.8
Төв,50-54,Нийт,2024,83.9
Төв,50-54,Нийт,2023,93.9
Төв,50-54,Нийт,2022,65.2
Төв,50-54,Нийт,2021,89.7
Төв,50-54,Нийт,2020,89.1
Төв,50-54,Нийт,2019,84.7
Төв,50-54,Нийт,2018,90.5
Төв,50-54,Нийт,2017,91.0
Төв,50-54,Нийт,2016,88.1
Төв,50-54,Нийт,2015,90.0
Төв,50-54,Нийт,2014,84.0
Төв,50-54,Нийт,2013,87.0
Төв,50-54,Нийт,2012,81.7
Төв,50-54,Нийт,2011,92.3
Төв,50-54,Нийт,2010,89.8
Төв,50-54,Нийт,2009,78.5
Төв,50-54,Эрэгтэй,2025,75.8
Төв,50-54,Эрэгтэй,2024,82.1
Төв,50-54,Эрэгтэй,2023,90.3
Төв,50-54,Эрэгтэй,2022,47.2
Төв,50-54,Эрэгтэй,2021,97.8
Төв,50-54,Эрэгтэй,2020,92.7
Төв,50-54,Эрэгтэй,2019,92.8
Төв,50-54,Эрэгтэй,2018,95.4
Төв,50-54,Эрэгтэй,2017,94.3
Төв,50-54,Эрэгтэй,2016,88.6
Төв,50-54,Эрэгтэй,2015,90.9
Төв,50-54,Эрэгтэй,2014,88.6
Төв,50-54,Эрэгтэй,2013,86.9
Төв,50-54,Эрэгтэй,2012,77.1
Төв,50-54,Эрэгтэй,2011,96.0
Төв,50-54,Эрэгтэй,2010,94.1
Төв,50-54,Эрэгтэй,2009,88.2
Төв,50-54,Эмэгтэй,2025,83.5
Төв,50-54,Эмэгтэй,2024,85.3
Төв,50-54,Эмэгтэй,2023,98.7
Төв,50-54,Эмэгтэй,2022,76.2
Төв,50-54,Эмэгтэй,2021,84.5
Төв,50-54,Эмэгтэй,2020,84.5
Төв,50-54,Эмэгтэй,2019,73.0
Төв,50-54,Эмэгтэй,2018,85.2
Төв,50-54,Эмэгтэй,2017,87.7
Төв,50-54,Эмэгтэй,2016,87.6
Төв,50-54,Эмэгтэй,2015,89.3
Төв,50-54,Эмэгтэй,2014,78.4
Төв,50-54,Эмэгтэй,2013,87.1
Төв,50-54,Эмэгтэй,2012,85.3
Төв,50-54,Эмэгтэй,2011,88.5
Төв,50-54,Эмэгтэй,2010,86.3
Төв,50-54,Эмэгтэй,2009,66.9
Төв,55-59,Нийт,2025,33.5
Төв,55-59,Нийт,2024,46.6
Төв,55-59,Нийт,2023,82.7
Төв,55-59,Нийт,2022,56.5
Төв,55-59,Нийт,2021,63.5
Төв,55-59,Нийт,2020,72.2
Төв,55-59,Нийт,2019,61.5
Төв,55-59,Нийт,2018,81.3
Төв,55-59,Нийт,2017,79.1
Төв,55-59,Нийт,2016,77.7
Төв,55-59,Нийт,2015,67.3
Төв,55-59,Нийт,2014,71.7
Төв,55-59,Нийт,2013,73.5
Төв,55-59,Нийт,2012,69.5
Төв,55-59,Нийт,2011,66.7
Төв,55-59,Нийт,2010,59.3
Төв,55-59,Нийт,2009,79.9
Төв,55-59,Эрэгтэй,2025,68.8
Төв,55-59,Эрэгтэй,2024,61.3
Төв,55-59,Эрэгтэй,2023,91.4
Төв,55-59,Эрэгтэй,2022,65.5
Төв,55-59,Эрэгтэй,2021,71.7
Төв,55-59,Эрэгтэй,2020,86.3
Төв,55-59,Эрэгтэй,2019,77.9
Төв,55-59,Эрэгтэй,2018,86.4
Төв,55-59,Эрэгтэй,2017,80.2
Төв,55-59,Эрэгтэй,2016,90.0
Төв,55-59,Эрэгтэй,2015,73.7
Төв,55-59,Эрэгтэй,2014,80.4
Төв,55-59,Эрэгтэй,2013,83.1
Төв,55-59,Эрэгтэй,2012,76.8
Төв,55-59,Эрэгтэй,2011,83.6
Төв,55-59,Эрэгтэй,2010,87.2
Төв,55-59,Эрэгтэй,2009,100.0
Төв,55-59,Эмэгтэй,2025,6.5
Төв,55-59,Эмэгтэй,2024,33.4
Төв,55-59,Эмэгтэй,2023,72.2
Төв,55-59,Эмэгтэй,2022,47.4
Төв,55-59,Эмэгтэй,2021,54.2
Төв,55-59,Эмэгтэй,2020,59.3
Төв,55-59,Эмэгтэй,2019,49.2
Төв,55-59,Эмэгтэй,2018,77.7
Төв,55-59,Эмэгтэй,2017,77.8
Төв,55-59,Эмэгтэй,2016,65.3
Төв,55-59,Эмэгтэй,2015,60.4
Төв,55-59,Эмэгтэй,2014,63.4
Төв,55-59,Эмэгтэй,2013,66.5
Төв,55-59,Эмэгтэй,2012,61.6
Төв,55-59,Эмэгтэй,2011,40.9
Төв,55-59,Эмэгтэй,2010,38.0
Төв,55-59,Эмэгтэй,2009,69.2
Төв,60-64,Нийт,2025,6.5
Төв,60-64,Нийт,2024,31.5
Төв,60-64,Нийт,2023,47.4
Төв,60-64,Нийт,2022,32.1
Төв,60-64,Нийт,2021,60.9
Төв,60-64,Нийт,2020,51.7
Төв,60-64,Нийт,2019,48.4
Төв,60-64,Нийт,2018,60.3
Төв,60-64,Нийт,2017,69.1
Төв,60-64,Нийт,2016,64.6
Төв,60-64,Нийт,2015,61.8
Төв,60-64,Нийт,2014,48.7
Төв,60-64,Нийт,2013,67.4
Төв,60-64,Нийт,2012,52.4
Төв,60-64,Нийт,2011,48.3
Төв,60-64,Нийт,2010,55.9
Төв,60-64,Нийт,2009,50.8
Төв,60-64,Эрэгтэй,2025,5.7
Төв,60-64,Эрэгтэй,2024,24.4
Төв,60-64,Эрэгтэй,2023,62.3
Төв,60-64,Эрэгтэй,2022,31.5
Төв,60-64,Эрэгтэй,2021,78.8
Төв,60-64,Эрэгтэй,2020,45.5
Төв,60-64,Эрэгтэй,2019,66.3
Төв,60-64,Эрэгтэй,2018,68.0
Төв,60-64,Эрэгтэй,2017,68.8
Төв,60-64,Эрэгтэй,2016,71.8
Төв,60-64,Эрэгтэй,2015,62.1
Төв,60-64,Эрэгтэй,2014,61.7
Төв,60-64,Эрэгтэй,2013,75.8
Төв,60-64,Эрэгтэй,2012,67.1
Төв,60-64,Эрэгтэй,2011,42.8
Төв,60-64,Эрэгтэй,2010,54.6
Төв,60-64,Эрэгтэй,2009,47.9
Төв,60-64,Эмэгтэй,2025,7.2
Төв,60-64,Эмэгтэй,2024,38.8
Төв,60-64,Эмэгтэй,2023,38.7
Төв,60-64,Эмэгтэй,2022,32.7
Төв,60-64,Эмэгтэй,2021,49.5
Төв,60-64,Эмэгтэй,2020,62.0
Төв,60-64,Эмэгтэй,2019,37.9
Төв,60-64,Эмэгтэй,2018,50.5
Төв,60-64,Эмэгтэй,2017,69.3
Төв,60-64,Эмэгтэй,2016,59.2
Төв,60-64,Эмэгтэй,2015,61.5
Төв,60-64,Эмэгтэй,2014,23.2
Төв,60-64,Эмэгтэй,2013,61.1
Төв,60-64,Эмэгтэй,2012,42.5
Төв,60-64,Эмэгтэй,2011,56.6
Төв,60-64,Эмэгтэй,2010,58.0
Төв,60-64,Эмэгтэй,2009,53.9
Төв,65-69,Нийт,2025,8.0
Төв,65-69,Нийт,2024,10.4
Төв,65-69,Нийт,2023,35.3
Төв,65-69,Нийт,2022,29.7
Төв,65-69,Нийт,2021,46.7
Төв,65-69,Нийт,2020,79.9
Төв,65-69,Нийт,2019,38.2
Төв,65-69,Нийт,2018,53.9
Төв,65-69,Нийт,2017,74.7
Төв,65-69,Нийт,2016,50.0
Төв,65-69,Нийт,2015,48.1
Төв,65-69,Нийт,2014,61.1
Төв,65-69,Нийт,2013,60.8
Төв,65-69,Нийт,2012,72.1
Төв,65-69,Нийт,2011,60.2
Төв,65-69,Нийт,2010,23.4
Төв,65-69,Нийт,2009,38.6
Төв,65-69,Эрэгтэй,2025,8.2
Төв,65-69,Эрэгтэй,2024,15.0
Төв,65-69,Эрэгтэй,2023,12.6
Төв,65-69,Эрэгтэй,2022,56.1
Төв,65-69,Эрэгтэй,2021,58.6
Төв,65-69,Эрэгтэй,2020,90.8
Төв,65-69,Эрэгтэй,2019,49.8
Төв,65-69,Эрэгтэй,2018,56.1
Төв,65-69,Эрэгтэй,2017,91.9
Төв,65-69,Эрэгтэй,2016,46.0
Төв,65-69,Эрэгтэй,2015,41.3
Төв,65-69,Эрэгтэй,2014,75.2
Төв,65-69,Эрэгтэй,2013,58.3
Төв,65-69,Эрэгтэй,2012,65.9
Төв,65-69,Эрэгтэй,2011,70.6
Төв,65-69,Эрэгтэй,2010,31.4
Төв,65-69,Эрэгтэй,2009,28.8
Төв,65-69,Эмэгтэй,2025,7.8
Төв,65-69,Эмэгтэй,2024,6.9
Төв,65-69,Эмэгтэй,2023,52.4
Төв,65-69,Эмэгтэй,2022,10.0
Төв,65-69,Эмэгтэй,2021,34.9
Төв,65-69,Эмэгтэй,2020,69.3
Төв,65-69,Эмэгтэй,2019,25.5
Төв,65-69,Эмэгтэй,2018,51.3
Төв,65-69,Эмэгтэй,2017,57.5
Төв,65-69,Эмэгтэй,2016,54.9
Төв,65-69,Эмэгтэй,2015,57.6
Төв,65-69,Эмэгтэй,2014,47.1
Төв,65-69,Эмэгтэй,2013,65.6
Төв,65-69,Эмэгтэй,2012,79.8
Төв,65-69,Эмэгтэй,2011,49.8
Төв,65-69,Эмэгтэй,2010,11.7
Төв,65-69,Эмэгтэй,2009,46.1
Төв,70+,Нийт,2025,1.5
Төв,70+,Нийт,2024,9.3
Төв,70+,Нийт,2023,21.8
Төв,70+,Нийт,2022,11.9
Төв,70+,Нийт,2021,10.0
Төв,70+,Нийт,2020,7.3
Төв,70+,Нийт,2019,12.6
Төв,70+,Нийт,2018,47.7
Төв,70+,Нийт,2017,36.4
Төв,70+,Нийт,2016,20.6
Төв,70+,Нийт,2015,22.9
Төв,70+,Нийт,2014,33.9
Төв,70+,Нийт,2013,34.0
Төв,70+,Нийт,2012,31.9
Төв,70+,Нийт,2011,28.6
Төв,70+,Нийт,2010,15.0
Төв,70+,Нийт,2009,16.7
Төв,70+,Эрэгтэй,2025,1.9
Төв,70+,Эрэгтэй,2024,27.3
Төв,70+,Эрэгтэй,2023,67.8
Төв,70+,Эрэгтэй,2022,10.5
Төв,70+,Эрэгтэй,2021,27.5
Төв,70+,Эрэгтэй,2020,8.5
Төв,70+,Эрэгтэй,2019,7.7
Төв,70+,Эрэгтэй,2018,55.1
Төв,70+,Эрэгтэй,2017,51.7
Төв,70+,Эрэгтэй,2016,12.2
Төв,70+,Эрэгтэй,2015,13.3
Төв,70+,Эрэгтэй,2014,29.8
Төв,70+,Эрэгтэй,2013,39.8
Төв,70+,Эрэгтэй,2012,33.2
Төв,70+,Эрэгтэй,2011,49.0
Төв,70+,Эрэгтэй,2010,22.1
Төв,70+,Эрэгтэй,2009,34.1
Төв,70+,Эмэгтэй,2025,1.2
Төв,70+,Эмэгтэй,2024,1.6
Төв,70+,Эмэгтэй,2023,10.8
Төв,70+,Эмэгтэй,2022,13.3
Төв,70+,Эмэгтэй,2021,6.8
Төв,70+,Эмэгтэй,2020,7.0
Төв,70+,Эмэгтэй,2019,14.1
Төв,70+,Эмэгтэй,2018,40.7
Төв,70+,Эмэгтэй,2017,22.1
Төв,70+,Эмэгтэй,2016,28.9
Төв,70+,Эмэгтэй,2015,30.0
Төв,70+,Эмэгтэй,2014,37.2
Төв,70+,Эмэгтэй,2013,28.2
Төв,70+,Эмэгтэй,2012,30.9
Төв,70+,Эмэгтэй,2011,13.1
Төв,70+,Эмэгтэй,2010,10.3
Төв,70+,Эмэгтэй,2009,0.0
Зүүн бүс,Бүгд,Нийт,2025,68.8
Зүүн бүс,Бүгд,Нийт,2024,68.7
Зүүн бүс,Бүгд,Нийт,2023,70.9
Зүүн бүс,Бүгд,Нийт,2022,67.5
Зүүн бүс,Бүгд,Нийт,2021,69.7
Зүүн бүс,Бүгд,Нийт,2020,65.3
Зүүн бүс,Бүгд,Нийт,2019,67.5
Зүүн бүс,Бүгд,Нийт,2018,59.3
Зүүн бүс,Бүгд,Нийт,2017,59.2
Зүүн бүс,Бүгд,Нийт,2016,63.3
Зүүн бүс,Бүгд,Нийт,2015,65.6
Зүүн бүс,Бүгд,Нийт,2014,62.5
Зүүн бүс,Бүгд,Нийт,2013,62.3
Зүүн бүс,Бүгд,Нийт,2012,64.2
Зүүн бүс,Бүгд,Нийт,2011,57.4
Зүүн бүс,Бүгд,Нийт,2010,53.7
Зүүн бүс,Бүгд,Нийт,2009,51.8
Зүүн бүс,Бүгд,Эрэгтэй,2025,76.2
Зүүн бүс,Бүгд,Эрэгтэй,2024,75.2
Зүүн бүс,Бүгд,Эрэгтэй,2023,78.3
Зүүн бүс,Бүгд,Эрэгтэй,2022,73.2
Зүүн бүс,Бүгд,Эрэгтэй,2021,76.2
Зүүн бүс,Бүгд,Эрэгтэй,2020,73.3
Зүүн бүс,Бүгд,Эрэгтэй,2019,72.3
Зүүн бүс,Бүгд,Эрэгтэй,2018,65.9
Зүүн бүс,Бүгд,Эрэгтэй,2017,66.2
Зүүн бүс,Бүгд,Эрэгтэй,2016,68.6
Зүүн бүс,Бүгд,Эрэгтэй,2015,72.2
Зүүн бүс,Бүгд,Эрэгтэй,2014,69.3
Зүүн бүс,Бүгд,Эрэгтэй,2013,68.0
Зүүн бүс,Бүгд,Эрэгтэй,2012,66.8
Зүүн бүс,Бүгд,Эрэгтэй,2011,62.4
Зүүн бүс,Бүгд,Эрэгтэй,2010,56.4
Зүүн бүс,Бүгд,Эрэгтэй,2009,56.3
Зүүн бүс,Бүгд,Эмэгтэй,2025,61.6
Зүүн бүс,Бүгд,Эмэгтэй,2024,62.3
Зүүн бүс,Бүгд,Эмэгтэй,2023,63.8
Зүүн бүс,Бүгд,Эмэгтэй,2022,62.1
Зүүн бүс,Бүгд,Эмэгтэй,2021,63.2
Зүүн бүс,Бүгд,Эмэгтэй,2020,57.4
Зүүн бүс,Бүгд,Эмэгтэй,2019,62.5
Зүүн бүс,Бүгд,Эмэгтэй,2018,52.8
Зүүн бүс,Бүгд,Эмэгтэй,2017,52.5
Зүүн бүс,Бүгд,Эмэгтэй,2016,57.9
Зүүн бүс,Бүгд,Эмэгтэй,2015,59.5
Зүүн бүс,Бүгд,Эмэгтэй,2014,56.0
Зүүн бүс,Бүгд,Эмэгтэй,2013,56.7
Зүүн бүс,Бүгд,Эмэгтэй,2012,61.7
Зүүн бүс,Бүгд,Эмэгтэй,2011,52.5
Зүүн бүс,Бүгд,Эмэгтэй,2010,51.1
Зүүн бүс,Бүгд,Эмэгтэй,2009,47.7
Зүүн бүс,15-19,Нийт,2025,18.0
Зүүн бүс,15-19,Нийт,2024,11.2
Зүүн бүс,15-19,Нийт,2023,11.4
Зүүн бүс,15-19,Нийт,2022,15.4
Зүүн бүс,15-19,Нийт,2021,15.2
Зүүн бүс,15-19,Нийт,2020,14.2
Зүүн бүс,15-19,Нийт,2019,17.1
Зүүн бүс,15-19,Нийт,2018,12.4
Зүүн бүс,15-19,Нийт,2017,9.6
Зүүн бүс,15-19,Нийт,2016,12.8
Зүүн бүс,15-19,Нийт,2015,14.1
Зүүн бүс,15-19,Нийт,2014,10.7
Зүүн бүс,15-19,Нийт,2013,18.4
Зүүн бүс,15-19,Нийт,2012,35.8
Зүүн бүс,15-19,Нийт,2011,19.6
Зүүн бүс,15-19,Нийт,2010,20.8
Зүүн бүс,15-19,Нийт,2009,18.1
Зүүн бүс,15-19,Эрэгтэй,2025,27.0
Зүүн бүс,15-19,Эрэгтэй,2024,15.2
Зүүн бүс,15-19,Эрэгтэй,2023,18.1
Зүүн бүс,15-19,Эрэгтэй,2022,20.6
Зүүн бүс,15-19,Эрэгтэй,2021,18.9
Зүүн бүс,15-19,Эрэгтэй,2020,23.7
Зүүн бүс,15-19,Эрэгтэй,2019,25.6
Зүүн бүс,15-19,Эрэгтэй,2018,18.8
Зүүн бүс,15-19,Эрэгтэй,2017,17.2
Зүүн бүс,15-19,Эрэгтэй,2016,14.3
Зүүн бүс,15-19,Эрэгтэй,2015,20.3
Зүүн бүс,15-19,Эрэгтэй,2014,15.6
Зүүн бүс,15-19,Эрэгтэй,2013,23.4
Зүүн бүс,15-19,Эрэгтэй,2012,37.0
Зүүн бүс,15-19,Эрэгтэй,2011,24.9
Зүүн бүс,15-19,Эрэгтэй,2010,24.0
Зүүн бүс,15-19,Эрэгтэй,2009,24.2
Зүүн бүс,15-19,Эмэгтэй,2025,7.9
Зүүн бүс,15-19,Эмэгтэй,2024,5.4
Зүүн бүс,15-19,Эмэгтэй,2023,4.6
Зүүн бүс,15-19,Эмэгтэй,2022,10.4
Зүүн бүс,15-19,Эмэгтэй,2021,10.0
Зүүн бүс,15-19,Эмэгтэй,2020,5.5
Зүүн бүс,15-19,Эмэгтэй,2019,4.4
Зүүн бүс,15-19,Эмэгтэй,2018,4.3
Зүүн бүс,15-19,Эмэгтэй,2017,2.3
Зүүн бүс,15-19,Эмэгтэй,2016,10.9
Зүүн бүс,15-19,Эмэгтэй,2015,7.5
Зүүн бүс,15-19,Эмэгтэй,2014,5.3
Зүүн бүс,15-19,Эмэгтэй,2013,12.8
Зүүн бүс,15-19,Эмэгтэй,2012,34.5
Зүүн бүс,15-19,Эмэгтэй,2011,13.6
Зүүн бүс,15-19,Эмэгтэй,2010,17.4
Зүүн бүс,15-19,Эмэгтэй,2009,12.2
Зүүн бүс,20-24,Нийт,2025,67.5
Зүүн бүс,20-24,Нийт,2024,49.4
Зүүн бүс,20-24,Нийт,2023,79.3
Зүүн бүс,20-24,Нийт,2022,61.3
Зүүн бүс,20-24,Нийт,2021,52.5
Зүүн бүс,20-24,Нийт,2020,58.8
Зүүн бүс,20-24,Нийт,2019,67.6
Зүүн бүс,20-24,Нийт,2018,47.8
Зүүн бүс,20-24,Нийт,2017,48.2
Зүүн бүс,20-24,Нийт,2016,53.3
Зүүн бүс,20-24,Нийт,2015,61.3
Зүүн бүс,20-24,Нийт,2014,56.8
Зүүн бүс,20-24,Нийт,2013,57.5
Зүүн бүс,20-24,Нийт,2012,59.6
Зүүн бүс,20-24,Нийт,2011,48.7
Зүүн бүс,20-24,Нийт,2010,47.2
Зүүн бүс,20-24,Нийт,2009,44.4
Зүүн бүс,20-24,Эрэгтэй,2025,71.3
Зүүн бүс,20-24,Эрэгтэй,2024,69.5
Зүүн бүс,20-24,Эрэгтэй,2023,87.4
Зүүн бүс,20-24,Эрэгтэй,2022,80.5
Зүүн бүс,20-24,Эрэгтэй,2021,59.3
Зүүн бүс,20-24,Эрэгтэй,2020,71.9
Зүүн бүс,20-24,Эрэгтэй,2019,73.8
Зүүн бүс,20-24,Эрэгтэй,2018,57.3
Зүүн бүс,20-24,Эрэгтэй,2017,56.4
Зүүн бүс,20-24,Эрэгтэй,2016,66.4
Зүүн бүс,20-24,Эрэгтэй,2015,73.2
Зүүн бүс,20-24,Эрэгтэй,2014,66.2
Зүүн бүс,20-24,Эрэгтэй,2013,65.3
Зүүн бүс,20-24,Эрэгтэй,2012,63.8
Зүүн бүс,20-24,Эрэгтэй,2011,54.6
Зүүн бүс,20-24,Эрэгтэй,2010,52.9
Зүүн бүс,20-24,Эрэгтэй,2009,53.3
Зүүн бүс,20-24,Эмэгтэй,2025,60.6
Зүүн бүс,20-24,Эмэгтэй,2024,29.2
Зүүн бүс,20-24,Эмэгтэй,2023,70.4
Зүүн бүс,20-24,Эмэгтэй,2022,39.8
Зүүн бүс,20-24,Эмэгтэй,2021,46.1
Зүүн бүс,20-24,Эмэгтэй,2020,47.6
Зүүн бүс,20-24,Эмэгтэй,2019,60.3
Зүүн бүс,20-24,Эмэгтэй,2018,37.4
Зүүн бүс,20-24,Эмэгтэй,2017,38.8
Зүүн бүс,20-24,Эмэгтэй,2016,40.2
Зүүн бүс,20-24,Эмэгтэй,2015,50.5
Зүүн бүс,20-24,Эмэгтэй,2014,46.1
Зүүн бүс,20-24,Эмэгтэй,2013,46.9
Зүүн бүс,20-24,Эмэгтэй,2012,55.5
Зүүн бүс,20-24,Эмэгтэй,2011,42.4
Зүүн бүс,20-24,Эмэгтэй,2010,41.3
Зүүн бүс,20-24,Эмэгтэй,2009,37.9
Зүүн бүс,25-29,Нийт,2025,82.3
Зүүн бүс,25-29,Нийт,2024,92.2
Зүүн бүс,25-29,Нийт,2023,92.2
Зүүн бүс,25-29,Нийт,2022,81.9
Зүүн бүс,25-29,Нийт,2021,88.5
Зүүн бүс,25-29,Нийт,2020,87.3
Зүүн бүс,25-29,Нийт,2019,86.1
Зүүн бүс,25-29,Нийт,2018,71.4
Зүүн бүс,25-29,Нийт,2017,76.1
Зүүн бүс,25-29,Нийт,2016,80.7
Зүүн бүс,25-29,Нийт,2015,81.0
Зүүн бүс,25-29,Нийт,2014,77.9
Зүүн бүс,25-29,Нийт,2013,76.9
Зүүн бүс,25-29,Нийт,2012,74.0
Зүүн бүс,25-29,Нийт,2011,70.4
Зүүн бүс,25-29,Нийт,2010,64.1
Зүүн бүс,25-29,Нийт,2009,68.6
Зүүн бүс,25-29,Эрэгтэй,2025,93.0
Зүүн бүс,25-29,Эрэгтэй,2024,99.2
Зүүн бүс,25-29,Эрэгтэй,2023,99.6
Зүүн бүс,25-29,Эрэгтэй,2022,90.7
Зүүн бүс,25-29,Эрэгтэй,2021,94.9
Зүүн бүс,25-29,Эрэгтэй,2020,88.9
Зүүн бүс,25-29,Эрэгтэй,2019,89.1
Зүүн бүс,25-29,Эрэгтэй,2018,77.7
Зүүн бүс,25-29,Эрэгтэй,2017,83.2
Зүүн бүс,25-29,Эрэгтэй,2016,87.1
Зүүн бүс,25-29,Эрэгтэй,2015,89.2
Зүүн бүс,25-29,Эрэгтэй,2014,91.1
Зүүн бүс,25-29,Эрэгтэй,2013,83.3
Зүүн бүс,25-29,Эрэгтэй,2012,74.4
Зүүн бүс,25-29,Эрэгтэй,2011,76.1
Зүүн бүс,25-29,Эрэгтэй,2010,67.3
Зүүн бүс,25-29,Эрэгтэй,2009,68.2
Зүүн бүс,25-29,Эмэгтэй,2025,71.4
Зүүн бүс,25-29,Эмэгтэй,2024,84.8
Зүүн бүс,25-29,Эмэгтэй,2023,83.4
Зүүн бүс,25-29,Эмэгтэй,2022,73.9
Зүүн бүс,25-29,Эмэгтэй,2021,80.4
Зүүн бүс,25-29,Эмэгтэй,2020,84.6
Зүүн бүс,25-29,Эмэгтэй,2019,83.3
Зүүн бүс,25-29,Эмэгтэй,2018,65.5
Зүүн бүс,25-29,Эмэгтэй,2017,69.7
Зүүн бүс,25-29,Эмэгтэй,2016,74.5
Зүүн бүс,25-29,Эмэгтэй,2015,72.7
Зүүн бүс,25-29,Эмэгтэй,2014,66.2
Зүүн бүс,25-29,Эмэгтэй,2013,71.7
Зүүн бүс,25-29,Эмэгтэй,2012,73.7
Зүүн бүс,25-29,Эмэгтэй,2011,64.9
Зүүн бүс,25-29,Эмэгтэй,2010,60.8
Зүүн бүс,25-29,Эмэгтэй,2009,69.3
Зүүн бүс,30-34,Нийт,2025,90.0
Зүүн бүс,30-34,Нийт,2024,89.3
Зүүн бүс,30-34,Нийт,2023,84.4
Зүүн бүс,30-34,Нийт,2022,88.0
Зүүн бүс,30-34,Нийт,2021,88.6
Зүүн бүс,30-34,Нийт,2020,89.5
Зүүн бүс,30-34,Нийт,2019,86.0
Зүүн бүс,30-34,Нийт,2018,79.7
Зүүн бүс,30-34,Нийт,2017,79.4
Зүүн бүс,30-34,Нийт,2016,83.6
Зүүн бүс,30-34,Нийт,2015,84.5
Зүүн бүс,30-34,Нийт,2014,79.6
Зүүн бүс,30-34,Нийт,2013,79.5
Зүүн бүс,30-34,Нийт,2012,80.5
Зүүн бүс,30-34,Нийт,2011,74.8
Зүүн бүс,30-34,Нийт,2010,71.3
Зүүн бүс,30-34,Нийт,2009,70.0
Зүүн бүс,30-34,Эрэгтэй,2025,97.9
Зүүн бүс,30-34,Эрэгтэй,2024,93.1
Зүүн бүс,30-34,Эрэгтэй,2023,91.2
Зүүн бүс,30-34,Эрэгтэй,2022,94.9
Зүүн бүс,30-34,Эрэгтэй,2021,96.3
Зүүн бүс,30-34,Эрэгтэй,2020,97.4
Зүүн бүс,30-34,Эрэгтэй,2019,89.7
Зүүн бүс,30-34,Эрэгтэй,2018,88.7
Зүүн бүс,30-34,Эрэгтэй,2017,90.3
Зүүн бүс,30-34,Эрэгтэй,2016,86.4
Зүүн бүс,30-34,Эрэгтэй,2015,87.7
Зүүн бүс,30-34,Эрэгтэй,2014,89.8
Зүүн бүс,30-34,Эрэгтэй,2013,87.2
Зүүн бүс,30-34,Эрэгтэй,2012,82.3
Зүүн бүс,30-34,Эрэгтэй,2011,73.5
Зүүн бүс,30-34,Эрэгтэй,2010,74.0
Зүүн бүс,30-34,Эрэгтэй,2009,70.7
Зүүн бүс,30-34,Эмэгтэй,2025,82.4
Зүүн бүс,30-34,Эмэгтэй,2024,85.5
Зүүн бүс,30-34,Эмэгтэй,2023,76.8
Зүүн бүс,30-34,Эмэгтэй,2022,81.8
Зүүн бүс,30-34,Эмэгтэй,2021,82.6
Зүүн бүс,30-34,Эмэгтэй,2020,81.5
Зүүн бүс,30-34,Эмэгтэй,2019,81.9
Зүүн бүс,30-34,Эмэгтэй,2018,70.7
Зүүн бүс,30-34,Эмэгтэй,2017,68.0
Зүүн бүс,30-34,Эмэгтэй,2016,80.5
Зүүн бүс,30-34,Эмэгтэй,2015,81.3
Зүүн бүс,30-34,Эмэгтэй,2014,70.0
Зүүн бүс,30-34,Эмэгтэй,2013,71.9
Зүүн бүс,30-34,Эмэгтэй,2012,78.9
Зүүн бүс,30-34,Эмэгтэй,2011,76.2
Зүүн бүс,30-34,Эмэгтэй,2010,68.5
Зүүн бүс,30-34,Эмэгтэй,2009,69.3
Зүүн бүс,35-39,Нийт,2025,91.0
Зүүн бүс,35-39,Нийт,2024,93.7
Зүүн бүс,35-39,Нийт,2023,84.3
Зүүн бүс,35-39,Нийт,2022,85.7
Зүүн бүс,35-39,Нийт,2021,86.9
Зүүн бүс,35-39,Нийт,2020,85.9
Зүүн бүс,35-39,Нийт,2019,87.4
Зүүн бүс,35-39,Нийт,2018,80.5
Зүүн бүс,35-39,Нийт,2017,76.1
Зүүн бүс,35-39,Нийт,2016,83.2
Зүүн бүс,35-39,Нийт,2015,87.3
Зүүн бүс,35-39,Нийт,2014,83.8
Зүүн бүс,35-39,Нийт,2013,82.5
Зүүн бүс,35-39,Нийт,2012,85.1
Зүүн бүс,35-39,Нийт,2011,80.4
Зүүн бүс,35-39,Нийт,2010,71.7
Зүүн бүс,35-39,Нийт,2009,71.4
Зүүн бүс,35-39,Эрэгтэй,2025,97.0
Зүүн бүс,35-39,Эрэгтэй,2024,96.6
Зүүн бүс,35-39,Эрэгтэй,2023,90.7
Зүүн бүс,35-39,Эрэгтэй,2022,92.0
Зүүн бүс,35-39,Эрэгтэй,2021,89.0
Зүүн бүс,35-39,Эрэгтэй,2020,86.4
Зүүн бүс,35-39,Эрэгтэй,2019,92.3
Зүүн бүс,35-39,Эрэгтэй,2018,88.0
Зүүн бүс,35-39,Эрэгтэй,2017,82.5
Зүүн бүс,35-39,Эрэгтэй,2016,89.1
Зүүн бүс,35-39,Эрэгтэй,2015,93.0
Зүүн бүс,35-39,Эрэгтэй,2014,88.6
Зүүн бүс,35-39,Эрэгтэй,2013,87.1
Зүүн бүс,35-39,Эрэгтэй,2012,85.1
Зүүн бүс,35-39,Эрэгтэй,2011,84.8
Зүүн бүс,35-39,Эрэгтэй,2010,72.9
Зүүн бүс,35-39,Эрэгтэй,2009,72.3
Зүүн бүс,35-39,Эмэгтэй,2025,84.2
Зүүн бүс,35-39,Эмэгтэй,2024,90.5
Зүүн бүс,35-39,Эмэгтэй,2023,78.5
Зүүн бүс,35-39,Эмэгтэй,2022,79.2
Зүүн бүс,35-39,Эмэгтэй,2021,84.0
Зүүн бүс,35-39,Эмэгтэй,2020,85.2
Зүүн бүс,35-39,Эмэгтэй,2019,82.6
Зүүн бүс,35-39,Эмэгтэй,2018,73.2
Зүүн бүс,35-39,Эмэгтэй,2017,69.7
Зүүн бүс,35-39,Эмэгтэй,2016,77.5
Зүүн бүс,35-39,Эмэгтэй,2015,81.7
Зүүн бүс,35-39,Эмэгтэй,2014,79.5
Зүүн бүс,35-39,Эмэгтэй,2013,78.0
Зүүн бүс,35-39,Эмэгтэй,2012,85.1
Зүүн бүс,35-39,Эмэгтэй,2011,76.6
Зүүн бүс,35-39,Эмэгтэй,2010,70.7
Зүүн бүс,35-39,Эмэгтэй,2009,70.5
Зүүн бүс,40-44,Нийт,2025,91.0
Зүүн бүс,40-44,Нийт,2024,92.6
Зүүн бүс,40-44,Нийт,2023,87.5
Зүүн бүс,40-44,Нийт,2022,88.6
Зүүн бүс,40-44,Нийт,2021,91.1
Зүүн бүс,40-44,Нийт,2020,84.9
Зүүн бүс,40-44,Нийт,2019,90.2
Зүүн бүс,40-44,Нийт,2018,83.9
Зүүн бүс,40-44,Нийт,2017,77.2
Зүүн бүс,40-44,Нийт,2016,83.2
Зүүн бүс,40-44,Нийт,2015,90.4
Зүүн бүс,40-44,Нийт,2014,85.3
Зүүн бүс,40-44,Нийт,2013,84.5
Зүүн бүс,40-44,Нийт,2012,79.2
Зүүн бүс,40-44,Нийт,2011,79.4
Зүүн бүс,40-44,Нийт,2010,72.9
Зүүн бүс,40-44,Нийт,2009,70.1
Зүүн бүс,40-44,Эрэгтэй,2025,90.5
Зүүн бүс,40-44,Эрэгтэй,2024,96.0
Зүүн бүс,40-44,Эрэгтэй,2023,92.7
Зүүн бүс,40-44,Эрэгтэй,2022,87.4
Зүүн бүс,40-44,Эрэгтэй,2021,93.5
Зүүн бүс,40-44,Эрэгтэй,2020,83.6
Зүүн бүс,40-44,Эрэгтэй,2019,86.5
Зүүн бүс,40-44,Эрэгтэй,2018,88.1
Зүүн бүс,40-44,Эрэгтэй,2017,82.6
Зүүн бүс,40-44,Эрэгтэй,2016,85.8
Зүүн бүс,40-44,Эрэгтэй,2015,91.1
Зүүн бүс,40-44,Эрэгтэй,2014,87.6
Зүүн бүс,40-44,Эрэгтэй,2013,87.3
Зүүн бүс,40-44,Эрэгтэй,2012,77.4
Зүүн бүс,40-44,Эрэгтэй,2011,83.7
Зүүн бүс,40-44,Эрэгтэй,2010,71.1
Зүүн бүс,40-44,Эрэгтэй,2009,80.1
Зүүн бүс,40-44,Эмэгтэй,2025,91.5
Зүүн бүс,40-44,Эмэгтэй,2024,88.7
Зүүн бүс,40-44,Эмэгтэй,2023,83.2
Зүүн бүс,40-44,Эмэгтэй,2022,90.0
Зүүн бүс,40-44,Эмэгтэй,2021,88.5
Зүүн бүс,40-44,Эмэгтэй,2020,86.0
Зүүн бүс,40-44,Эмэгтэй,2019,94.5
Зүүн бүс,40-44,Эмэгтэй,2018,79.5
Зүүн бүс,40-44,Эмэгтэй,2017,72.2
Зүүн бүс,40-44,Эмэгтэй,2016,80.7
Зүүн бүс,40-44,Эмэгтэй,2015,89.8
Зүүн бүс,40-44,Эмэгтэй,2014,83.3
Зүүн бүс,40-44,Эмэгтэй,2013,81.7
Зүүн бүс,40-44,Эмэгтэй,2012,81.0
Зүүн бүс,40-44,Эмэгтэй,2011,74.4
Зүүн бүс,40-44,Эмэгтэй,2010,74.5
Зүүн бүс,40-44,Эмэгтэй,2009,62.0
Зүүн бүс,45-49,Нийт,2025,91.8
Зүүн бүс,45-49,Нийт,2024,92.8
Зүүн бүс,45-49,Нийт,2023,92.2
Зүүн бүс,45-49,Нийт,2022,82.7
Зүүн бүс,45-49,Нийт,2021,92.1
Зүүн бүс,45-49,Нийт,2020,83.9
Зүүн бүс,45-49,Нийт,2019,88.2
Зүүн бүс,45-49,Нийт,2018,75.1
Зүүн бүс,45-49,Нийт,2017,76.5
Зүүн бүс,45-49,Нийт,2016,80.8
Зүүн бүс,45-49,Нийт,2015,82.1
Зүүн бүс,45-49,Нийт,2014,82.2
Зүүн бүс,45-49,Нийт,2013,81.4
Зүүн бүс,45-49,Нийт,2012,78.9
Зүүн бүс,45-49,Нийт,2011,75.7
Зүүн бүс,45-49,Нийт,2010,70.3
Зүүн бүс,45-49,Нийт,2009,69.1
Зүүн бүс,45-49,Эрэгтэй,2025,92.8
Зүүн бүс,45-49,Эрэгтэй,2024,96.1
Зүүн бүс,45-49,Эрэгтэй,2023,94.1
Зүүн бүс,45-49,Эрэгтэй,2022,84.8
Зүүн бүс,45-49,Эрэгтэй,2021,91.5
Зүүн бүс,45-49,Эрэгтэй,2020,93.1
Зүүн бүс,45-49,Эрэгтэй,2019,90.4
Зүүн бүс,45-49,Эрэгтэй,2018,83.3
Зүүн бүс,45-49,Эрэгтэй,2017,76.6
Зүүн бүс,45-49,Эрэгтэй,2016,80.3
Зүүн бүс,45-49,Эрэгтэй,2015,82.3
Зүүн бүс,45-49,Эрэгтэй,2014,82.0
Зүүн бүс,45-49,Эрэгтэй,2013,81.5
Зүүн бүс,45-49,Эрэгтэй,2012,79.2
Зүүн бүс,45-49,Эрэгтэй,2011,80.0
Зүүн бүс,45-49,Эрэгтэй,2010,67.6
Зүүн бүс,45-49,Эрэгтэй,2009,69.4
Зүүн бүс,45-49,Эмэгтэй,2025,90.7
Зүүн бүс,45-49,Эмэгтэй,2024,89.9
Зүүн бүс,45-49,Эмэгтэй,2023,90.4
Зүүн бүс,45-49,Эмэгтэй,2022,81.0
Зүүн бүс,45-49,Эмэгтэй,2021,92.6
Зүүн бүс,45-49,Эмэгтэй,2020,77.3
Зүүн бүс,45-49,Эмэгтэй,2019,86.4
Зүүн бүс,45-49,Эмэгтэй,2018,67.6
Зүүн бүс,45-49,Эмэгтэй,2017,76.4
Зүүн бүс,45-49,Эмэгтэй,2016,81.3
Зүүн бүс,45-49,Эмэгтэй,2015,81.9
Зүүн бүс,45-49,Эмэгтэй,2014,82.3
Зүүн бүс,45-49,Эмэгтэй,2013,81.4
Зүүн бүс,45-49,Эмэгтэй,2012,78.6
Зүүн бүс,45-49,Эмэгтэй,2011,72.7
Зүүн бүс,45-49,Эмэгтэй,2010,72.7
Зүүн бүс,45-49,Эмэгтэй,2009,68.9
Зүүн бүс,50-54,Нийт,2025,83.3
Зүүн бүс,50-54,Нийт,2024,84.0
Зүүн бүс,50-54,Нийт,2023,85.3
Зүүн бүс,50-54,Нийт,2022,80.7
Зүүн бүс,50-54,Нийт,2021,89.6
Зүүн бүс,50-54,Нийт,2020,71.4
Зүүн бүс,50-54,Нийт,2019,78.0
Зүүн бүс,50-54,Нийт,2018,68.0
Зүүн бүс,50-54,Нийт,2017,68.8
Зүүн бүс,50-54,Нийт,2016,71.5
Зүүн бүс,50-54,Нийт,2015,73.3
Зүүн бүс,50-54,Нийт,2014,73.6
Зүүн бүс,50-54,Нийт,2013,64.7
Зүүн бүс,50-54,Нийт,2012,69.1
Зүүн бүс,50-54,Нийт,2011,64.1
Зүүн бүс,50-54,Нийт,2010,66.0
Зүүн бүс,50-54,Нийт,2009,70.6
Зүүн бүс,50-54,Эрэгтэй,2025,88.1
Зүүн бүс,50-54,Эрэгтэй,2024,82.1
Зүүн бүс,50-54,Эрэгтэй,2023,91.5
Зүүн бүс,50-54,Эрэгтэй,2022,83.5
Зүүн бүс,50-54,Эрэгтэй,2021,94.8
Зүүн бүс,50-54,Эрэгтэй,2020,77.9
Зүүн бүс,50-54,Эрэгтэй,2019,88.1
Зүүн бүс,50-54,Эрэгтэй,2018,69.2
Зүүн бүс,50-54,Эрэгтэй,2017,71.2
Зүүн бүс,50-54,Эрэгтэй,2016,79.2
Зүүн бүс,50-54,Эрэгтэй,2015,81.5
Зүүн бүс,50-54,Эрэгтэй,2014,80.4
Зүүн бүс,50-54,Эрэгтэй,2013,71.4
Зүүн бүс,50-54,Эрэгтэй,2012,78.6
Зүүн бүс,50-54,Эрэгтэй,2011,68.7
Зүүн бүс,50-54,Эрэгтэй,2010,72.6
Зүүн бүс,50-54,Эрэгтэй,2009,69.1
Зүүн бүс,50-54,Эмэгтэй,2025,79.6
Зүүн бүс,50-54,Эмэгтэй,2024,85.8
Зүүн бүс,50-54,Эмэгтэй,2023,79.9
Зүүн бүс,50-54,Эмэгтэй,2022,78.0
Зүүн бүс,50-54,Эмэгтэй,2021,83.8
Зүүн бүс,50-54,Эмэгтэй,2020,65.3
Зүүн бүс,50-54,Эмэгтэй,2019,68.6
Зүүн бүс,50-54,Эмэгтэй,2018,66.8
Зүүн бүс,50-54,Эмэгтэй,2017,66.4
Зүүн бүс,50-54,Эмэгтэй,2016,63.5
Зүүн бүс,50-54,Эмэгтэй,2015,67.0
Зүүн бүс,50-54,Эмэгтэй,2014,67.3
Зүүн бүс,50-54,Эмэгтэй,2013,58.6
Зүүн бүс,50-54,Эмэгтэй,2012,59.8
Зүүн бүс,50-54,Эмэгтэй,2011,58.6
Зүүн бүс,50-54,Эмэгтэй,2010,58.9
Зүүн бүс,50-54,Эмэгтэй,2009,72.0
Зүүн бүс,55-59,Нийт,2025,60.0
Зүүн бүс,55-59,Нийт,2024,59.2
Зүүн бүс,55-59,Нийт,2023,61.5
Зүүн бүс,55-59,Нийт,2022,48.3
Зүүн бүс,55-59,Нийт,2021,57.1
Зүүн бүс,55-59,Нийт,2020,65.3
Зүүн бүс,55-59,Нийт,2019,48.7
Зүүн бүс,55-59,Нийт,2018,48.2
Зүүн бүс,55-59,Нийт,2017,49.3
Зүүн бүс,55-59,Нийт,2016,49.4
Зүүн бүс,55-59,Нийт,2015,50.9
Зүүн бүс,55-59,Нийт,2014,42.2
Зүүн бүс,55-59,Нийт,2013,50.1
Зүүн бүс,55-59,Нийт,2012,51.9
Зүүн бүс,55-59,Нийт,2011,44.0
Зүүн бүс,55-59,Нийт,2010,54.2
Зүүн бүс,55-59,Нийт,2009,35.1
Зүүн бүс,55-59,Эрэгтэй,2025,73.6
Зүүн бүс,55-59,Эрэгтэй,2024,75.0
Зүүн бүс,55-59,Эрэгтэй,2023,75.1
Зүүн бүс,55-59,Эрэгтэй,2022,60.8
Зүүн бүс,55-59,Эрэгтэй,2021,76.7
Зүүн бүс,55-59,Эрэгтэй,2020,76.6
Зүүн бүс,55-59,Эрэгтэй,2019,61.0
Зүүн бүс,55-59,Эрэгтэй,2018,58.8
Зүүн бүс,55-59,Эрэгтэй,2017,66.0
Зүүн бүс,55-59,Эрэгтэй,2016,66.9
Зүүн бүс,55-59,Эрэгтэй,2015,62.5
Зүүн бүс,55-59,Эрэгтэй,2014,60.6
Зүүн бүс,55-59,Эрэгтэй,2013,60.9
Зүүн бүс,55-59,Эрэгтэй,2012,61.2
Зүүн бүс,55-59,Эрэгтэй,2011,61.3
Зүүн бүс,55-59,Эрэгтэй,2010,63.1
Зүүн бүс,55-59,Эрэгтэй,2009,41.9
Зүүн бүс,55-59,Эмэгтэй,2025,50.0
Зүүн бүс,55-59,Эмэгтэй,2024,44.9
Зүүн бүс,55-59,Эмэгтэй,2023,48.6
Зүүн бүс,55-59,Эмэгтэй,2022,39.2
Зүүн бүс,55-59,Эмэгтэй,2021,41.6
Зүүн бүс,55-59,Эмэгтэй,2020,49.9
Зүүн бүс,55-59,Эмэгтэй,2019,37.8
Зүүн бүс,55-59,Эмэгтэй,2018,38.7
Зүүн бүс,55-59,Эмэгтэй,2017,32.0
Зүүн бүс,55-59,Эмэгтэй,2016,33.5
Зүүн бүс,55-59,Эмэгтэй,2015,38.6
Зүүн бүс,55-59,Эмэгтэй,2014,27.1
Зүүн бүс,55-59,Эмэгтэй,2013,40.1
Зүүн бүс,55-59,Эмэгтэй,2012,45.2
Зүүн бүс,55-59,Эмэгтэй,2011,30.2
Зүүн бүс,55-59,Эмэгтэй,2010,46.3
Зүүн бүс,55-59,Эмэгтэй,2009,25.9
Зүүн бүс,60-64,Нийт,2025,46.1
Зүүн бүс,60-64,Нийт,2024,29.1
Зүүн бүс,60-64,Нийт,2023,37.1
Зүүн бүс,60-64,Нийт,2022,34.6
Зүүн бүс,60-64,Нийт,2021,32.1
Зүүн бүс,60-64,Нийт,2020,21.6
Зүүн бүс,60-64,Нийт,2019,43.6
Зүүн бүс,60-64,Нийт,2018,23.6
Зүүн бүс,60-64,Нийт,2017,28.7
Зүүн бүс,60-64,Нийт,2016,25.3
Зүүн бүс,60-64,Нийт,2015,32.4
Зүүн бүс,60-64,Нийт,2014,25.0
Зүүн бүс,60-64,Нийт,2013,30.5
Зүүн бүс,60-64,Нийт,2012,34.9
Зүүн бүс,60-64,Нийт,2011,38.3
Зүүн бүс,60-64,Нийт,2010,27.1
Зүүн бүс,60-64,Нийт,2009,24.4
Зүүн бүс,60-64,Эрэгтэй,2025,46.2
Зүүн бүс,60-64,Эрэгтэй,2024,39.8
Зүүн бүс,60-64,Эрэгтэй,2023,47.6
Зүүн бүс,60-64,Эрэгтэй,2022,28.4
Зүүн бүс,60-64,Эрэгтэй,2021,43.7
Зүүн бүс,60-64,Эрэгтэй,2020,33.7
Зүүн бүс,60-64,Эрэгтэй,2019,66.3
Зүүн бүс,60-64,Эрэгтэй,2018,24.1
Зүүн бүс,60-64,Эрэгтэй,2017,35.7
Зүүн бүс,60-64,Эрэгтэй,2016,30.2
Зүүн бүс,60-64,Эрэгтэй,2015,46.8
Зүүн бүс,60-64,Эрэгтэй,2014,31.0
Зүүн бүс,60-64,Эрэгтэй,2013,39.1
Зүүн бүс,60-64,Эрэгтэй,2012,37.2
Зүүн бүс,60-64,Эрэгтэй,2011,46.0
Зүүн бүс,60-64,Эрэгтэй,2010,29.7
Зүүн бүс,60-64,Эрэгтэй,2009,34.2
Зүүн бүс,60-64,Эмэгтэй,2025,46.1
Зүүн бүс,60-64,Эмэгтэй,2024,21.2
Зүүн бүс,60-64,Эмэгтэй,2023,30.4
Зүүн бүс,60-64,Эмэгтэй,2022,39.1
Зүүн бүс,60-64,Эмэгтэй,2021,23.3
Зүүн бүс,60-64,Эмэгтэй,2020,13.2
Зүүн бүс,60-64,Эмэгтэй,2019,32.2
Зүүн бүс,60-64,Эмэгтэй,2018,23.3
Зүүн бүс,60-64,Эмэгтэй,2017,22.9
Зүүн бүс,60-64,Эмэгтэй,2016,20.3
Зүүн бүс,60-64,Эмэгтэй,2015,23.7
Зүүн бүс,60-64,Эмэгтэй,2014,19.3
Зүүн бүс,60-64,Эмэгтэй,2013,23.9
Зүүн бүс,60-64,Эмэгтэй,2012,32.7
Зүүн бүс,60-64,Эмэгтэй,2011,28.6
Зүүн бүс,60-64,Эмэгтэй,2010,23.7
Зүүн бүс,60-64,Эмэгтэй,2009,18.8
Зүүн бүс,65-69,Нийт,2025,30.7
Зүүн бүс,65-69,Нийт,2024,25.9
Зүүн бүс,65-69,Нийт,2023,36.4
Зүүн бүс,65-69,Нийт,2022,32.3
Зүүн бүс,65-69,Нийт,2021,21.7
Зүүн бүс,65-69,Нийт,2020,9.8
Зүүн бүс,65-69,Нийт,2019,19.9
Зүүн бүс,65-69,Нийт,2018,20.6
Зүүн бүс,65-69,Нийт,2017,26.4
Зүүн бүс,65-69,Нийт,2016,16.5
Зүүн бүс,65-69,Нийт,2015,18.0
Зүүн бүс,65-69,Нийт,2014,17.8
Зүүн бүс,65-69,Нийт,2013,10.0
Зүүн бүс,65-69,Нийт,2012,34.6
Зүүн бүс,65-69,Нийт,2011,22.0
Зүүн бүс,65-69,Нийт,2010,14.5
Зүүн бүс,65-69,Нийт,2009,23.6
Зүүн бүс,65-69,Эрэгтэй,2025,47.0
Зүүн бүс,65-69,Эрэгтэй,2024,39.0
Зүүн бүс,65-69,Эрэгтэй,2023,50.9
Зүүн бүс,65-69,Эрэгтэй,2022,28.3
Зүүн бүс,65-69,Эрэгтэй,2021,45.5
Зүүн бүс,65-69,Эрэгтэй,2020,11.0
Зүүн бүс,65-69,Эрэгтэй,2019,25.3
Зүүн бүс,65-69,Эрэгтэй,2018,27.4
Зүүн бүс,65-69,Эрэгтэй,2017,27.5
Зүүн бүс,65-69,Эрэгтэй,2016,23.2
Зүүн бүс,65-69,Эрэгтэй,2015,21.8
Зүүн бүс,65-69,Эрэгтэй,2014,25.0
Зүүн бүс,65-69,Эрэгтэй,2013,19.7
Зүүн бүс,65-69,Эрэгтэй,2012,27.5
Зүүн бүс,65-69,Эрэгтэй,2011,36.4
Зүүн бүс,65-69,Эрэгтэй,2010,19.8
Зүүн бүс,65-69,Эрэгтэй,2009,24.4
Зүүн бүс,65-69,Эмэгтэй,2025,19.2
Зүүн бүс,65-69,Эмэгтэй,2024,17.6
Зүүн бүс,65-69,Эмэгтэй,2023,29.0
Зүүн бүс,65-69,Эмэгтэй,2022,39.4
Зүүн бүс,65-69,Эмэгтэй,2021,12.0
Зүүн бүс,65-69,Эмэгтэй,2020,8.7
Зүүн бүс,65-69,Эмэгтэй,2019,15.3
Зүүн бүс,65-69,Эмэгтэй,2018,16.1
Зүүн бүс,65-69,Эмэгтэй,2017,25.0
Зүүн бүс,65-69,Эмэгтэй,2016,11.0
Зүүн бүс,65-69,Эмэгтэй,2015,14.6
Зүүн бүс,65-69,Эмэгтэй,2014,12.2
Зүүн бүс,65-69,Эмэгтэй,2013,2.7
Зүүн бүс,65-69,Эмэгтэй,2012,42.0
Зүүн бүс,65-69,Эмэгтэй,2011,18.1
Зүүн бүс,65-69,Эмэгтэй,2010,7.8
Зүүн бүс,65-69,Эмэгтэй,2009,22.9
Зүүн бүс,70+,Нийт,2025,3.4
Зүүн бүс,70+,Нийт,2024,7.9
Зүүн бүс,70+,Нийт,2023,9.0
Зүүн бүс,70+,Нийт,2022,10.6
Зүүн бүс,70+,Нийт,2021,3.0
Зүүн бүс,70+,Нийт,2020,12.1
Зүүн бүс,70+,Нийт,2019,10.1
Зүүн бүс,70+,Нийт,2018,8.2
Зүүн бүс,70+,Нийт,2017,10.7
Зүүн бүс,70+,Нийт,2016,4.7
Зүүн бүс,70+,Нийт,2015,7.2
Зүүн бүс,70+,Нийт,2014,4.9
Зүүн бүс,70+,Нийт,2013,7.0
Зүүн бүс,70+,Нийт,2012,12.1
Зүүн бүс,70+,Нийт,2011,9.4
Зүүн бүс,70+,Нийт,2010,6.1
Зүүн бүс,70+,Нийт,2009,6.9
Зүүн бүс,70+,Эрэгтэй,2025,4.1
Зүүн бүс,70+,Эрэгтэй,2024,7.6
Зүүн бүс,70+,Эрэгтэй,2023,15.1
Зүүн бүс,70+,Эрэгтэй,2022,11.2
Зүүн бүс,70+,Эрэгтэй,2021,7.3
Зүүн бүс,70+,Эрэгтэй,2020,17.6
Зүүн бүс,70+,Эрэгтэй,2019,15.5
Зүүн бүс,70+,Эрэгтэй,2018,12.7
Зүүн бүс,70+,Эрэгтэй,2017,23.2
Зүүн бүс,70+,Эрэгтэй,2016,9.1
Зүүн бүс,70+,Эрэгтэй,2015,13.0
Зүүн бүс,70+,Эрэгтэй,2014,4.0
Зүүн бүс,70+,Эрэгтэй,2013,7.8
Зүүн бүс,70+,Эрэгтэй,2012,17.7
Зүүн бүс,70+,Эрэгтэй,2011,17.3
Зүүн бүс,70+,Эрэгтэй,2010,5.5
Зүүн бүс,70+,Эрэгтэй,2009,9.0
Зүүн бүс,70+,Эмэгтэй,2025,2.9
Зүүн бүс,70+,Эмэгтэй,2024,8.0
Зүүн бүс,70+,Эмэгтэй,2023,3.2
Зүүн бүс,70+,Эмэгтэй,2022,10.2
Зүүн бүс,70+,Эмэгтэй,2021,0.9
Зүүн бүс,70+,Эмэгтэй,2020,9.5
Зүүн бүс,70+,Эмэгтэй,2019,5.0
Зүүн бүс,70+,Эмэгтэй,2018,5.0
Зүүн бүс,70+,Эмэгтэй,2017,2.3
Зүүн бүс,70+,Эмэгтэй,2016,1.3
Зүүн бүс,70+,Эмэгтэй,2015,3.9
Зүүн бүс,70+,Эмэгтэй,2014,5.5
Зүүн бүс,70+,Эмэгтэй,2013,6.4
Зүүн бүс,70+,Эмэгтэй,2012,9.3
Зүүн бүс,70+,Эмэгтэй,2011,4.4
Зүүн бүс,70+,Эмэгтэй,2010,6.5
Зүүн бүс,70+,Эмэгтэй,2009,5.7
Дорнод,Бүгд,Нийт,2025,71.0
Дорнод,Бүгд,Нийт,2024,69.1
Дорнод,Бүгд,Нийт,2023,65.9
Дорнод,Бүгд,Нийт,2022,63.9
Дорнод,Бүгд,Нийт,2021,65.2
Дорнод,Бүгд,Нийт,2020,60.5
Дорнод,Бүгд,Нийт,2019,62.3
Дорнод,Бүгд,Нийт,2018,54.2
Дорнод,Бүгд,Нийт,2017,53.6
Дорнод,Бүгд,Нийт,2016,54.4
Дорнод,Бүгд,Нийт,2015,57.7
Дорнод,Бүгд,Нийт,2014,53.0
Дорнод,Бүгд,Нийт,2013,50.8
Дорнод,Бүгд,Нийт,2012,53.0
Дорнод,Бүгд,Нийт,2011,51.5
Дорнод,Бүгд,Нийт,2010,45.6
Дорнод,Бүгд,Нийт,2009,41.7
Дорнод,Бүгд,Эрэгтэй,2025,78.9
Дорнод,Бүгд,Эрэгтэй,2024,76.3
Дорнод,Бүгд,Эрэгтэй,2023,72.9
Дорнод,Бүгд,Эрэгтэй,2022,65.9
Дорнод,Бүгд,Эрэгтэй,2021,73.4
Дорнод,Бүгд,Эрэгтэй,2020,69.5
Дорнод,Бүгд,Эрэгтэй,2019,68.7
Дорнод,Бүгд,Эрэгтэй,2018,64.0
Дорнод,Бүгд,Эрэгтэй,2017,60.8
Дорнод,Бүгд,Эрэгтэй,2016,59.6
Дорнод,Бүгд,Эрэгтэй,2015,64.9
Дорнод,Бүгд,Эрэгтэй,2014,60.7
Дорнод,Бүгд,Эрэгтэй,2013,57.6
Дорнод,Бүгд,Эрэгтэй,2012,53.3
Дорнод,Бүгд,Эрэгтэй,2011,57.7
Дорнод,Бүгд,Эрэгтэй,2010,49.3
Дорнод,Бүгд,Эрэгтэй,2009,45.6
Дорнод,Бүгд,Эмэгтэй,2025,63.4
Дорнод,Бүгд,Эмэгтэй,2024,61.9
Дорнод,Бүгд,Эмэгтэй,2023,59.3
Дорнод,Бүгд,Эмэгтэй,2022,62.1
Дорнод,Бүгд,Эмэгтэй,2021,57.7
Дорнод,Бүгд,Эмэгтэй,2020,52.4
Дорнод,Бүгд,Эмэгтэй,2019,55.8
Дорнод,Бүгд,Эмэгтэй,2018,44.4
Дорнод,Бүгд,Эмэгтэй,2017,46.8
Дорнод,Бүгд,Эмэгтэй,2016,49.0
Дорнод,Бүгд,Эмэгтэй,2015,51.3
Дорнод,Бүгд,Эмэгтэй,2014,45.7
Дорнод,Бүгд,Эмэгтэй,2013,44.5
Дорнод,Бүгд,Эмэгтэй,2012,52.8
Дорнод,Бүгд,Эмэгтэй,2011,45.6
Дорнод,Бүгд,Эмэгтэй,2010,42.0
Дорнод,Бүгд,Эмэгтэй,2009,38.0
Дорнод,15-19,Нийт,2025,19.0
Дорнод,15-19,Нийт,2024,15.4
Дорнод,15-19,Нийт,2023,5.8
Дорнод,15-19,Нийт,2022,16.9
Дорнод,15-19,Нийт,2021,9.3
Дорнод,15-19,Нийт,2020,10.7
Дорнод,15-19,Нийт,2019,13.7
Дорнод,15-19,Нийт,2018,6.2
Дорнод,15-19,Нийт,2017,6.1
Дорнод,15-19,Нийт,2016,5.1
Дорнод,15-19,Нийт,2015,11.3
Дорнод,15-19,Нийт,2014,3.4
Дорнод,15-19,Нийт,2013,8.1
Дорнод,15-19,Нийт,2012,34.4
Дорнод,15-19,Нийт,2011,14.1
Дорнод,15-19,Нийт,2010,9.8
Дорнод,15-19,Нийт,2009,14.6
Дорнод,15-19,Эрэгтэй,2025,27.4
Дорнод,15-19,Эрэгтэй,2024,21.4
Дорнод,15-19,Эрэгтэй,2023,5.1
Дорнод,15-19,Эрэгтэй,2022,20.3
Дорнод,15-19,Эрэгтэй,2021,16.3
Дорнод,15-19,Эрэгтэй,2020,18.8
Дорнод,15-19,Эрэгтэй,2019,21.2
Дорнод,15-19,Эрэгтэй,2018,11.6
Дорнод,15-19,Эрэгтэй,2017,10.3
Дорнод,15-19,Эрэгтэй,2016,6.1
Дорнод,15-19,Эрэгтэй,2015,16.4
Дорнод,15-19,Эрэгтэй,2014,4.0
Дорнод,15-19,Эрэгтэй,2013,10.3
Дорнод,15-19,Эрэгтэй,2012,27.7
Дорнод,15-19,Эрэгтэй,2011,18.8
Дорнод,15-19,Эрэгтэй,2010,12.4
Дорнод,15-19,Эрэгтэй,2009,14.4
Дорнод,15-19,Эмэгтэй,2025,11.0
Дорнод,15-19,Эмэгтэй,2024,5.5
Дорнод,15-19,Эмэгтэй,2023,6.6
Дорнод,15-19,Эмэгтэй,2022,13.4
Дорнод,15-19,Эмэгтэй,2021,0.0
Дорнод,15-19,Эмэгтэй,2020,6.1
Дорнод,15-19,Эмэгтэй,2019,2.0
Дорнод,15-19,Эмэгтэй,2018,0.0
Дорнод,15-19,Эмэгтэй,2017,1.8
Дорнод,15-19,Эмэгтэй,2016,3.9
Дорнод,15-19,Эмэгтэй,2015,6.2
Дорнод,15-19,Эмэгтэй,2014,2.8
Дорнод,15-19,Эмэгтэй,2013,5.9
Дорнод,15-19,Эмэгтэй,2012,41.0
Дорнод,15-19,Эмэгтэй,2011,9.2
Дорнод,15-19,Эмэгтэй,2010,6.4
Дорнод,15-19,Эмэгтэй,2009,14.8
Дорнод,20-24,Нийт,2025,67.2
Дорнод,20-24,Нийт,2024,43.4
Дорнод,20-24,Нийт,2023,63.5
Дорнод,20-24,Нийт,2022,57.1
Дорнод,20-24,Нийт,2021,37.9
Дорнод,20-24,Нийт,2020,57.3
Дорнод,20-24,Нийт,2019,58.5
Дорнод,20-24,Нийт,2018,35.1
Дорнод,20-24,Нийт,2017,32.9
Дорнод,20-24,Нийт,2016,35.8
Дорнод,20-24,Нийт,2015,44.5
Дорнод,20-24,Нийт,2014,41.7
Дорнод,20-24,Нийт,2013,41.4
Дорнод,20-24,Нийт,2012,51.0
Дорнод,20-24,Нийт,2011,42.6
Дорнод,20-24,Нийт,2010,31.9
Дорнод,20-24,Нийт,2009,40.7
Дорнод,20-24,Эрэгтэй,2025,78.2
Дорнод,20-24,Эрэгтэй,2024,59.0
Дорнод,20-24,Эрэгтэй,2023,68.5
Дорнод,20-24,Эрэгтэй,2022,67.5
Дорнод,20-24,Эрэгтэй,2021,30.2
Дорнод,20-24,Эрэгтэй,2020,74.2
Дорнод,20-24,Эрэгтэй,2019,72.5
Дорнод,20-24,Эрэгтэй,2018,47.7
Дорнод,20-24,Эрэгтэй,2017,36.8
Дорнод,20-24,Эрэгтэй,2016,45.4
Дорнод,20-24,Эрэгтэй,2015,56.3
Дорнод,20-24,Эрэгтэй,2014,49.6
Дорнод,20-24,Эрэгтэй,2013,48.8
Дорнод,20-24,Эрэгтэй,2012,46.4
Дорнод,20-24,Эрэгтэй,2011,49.9
Дорнод,20-24,Эрэгтэй,2010,37.7
Дорнод,20-24,Эрэгтэй,2009,51.8
Дорнод,20-24,Эмэгтэй,2025,52.5
Дорнод,20-24,Эмэгтэй,2024,31.3
Дорнод,20-24,Эмэгтэй,2023,60.3
Дорнод,20-24,Эмэгтэй,2022,48.1
Дорнод,20-24,Эмэгтэй,2021,43.0
Дорнод,20-24,Эмэгтэй,2020,50.5
Дорнод,20-24,Эмэгтэй,2019,35.1
Дорнод,20-24,Эмэгтэй,2018,24.5
Дорнод,20-24,Эмэгтэй,2017,29.5
Дорнод,20-24,Эмэгтэй,2016,27.3
Дорнод,20-24,Эмэгтэй,2015,35.6
Дорнод,20-24,Эмэгтэй,2014,30.9
Дорнод,20-24,Эмэгтэй,2013,32.4
Дорнод,20-24,Эмэгтэй,2012,56.2
Дорнод,20-24,Эмэгтэй,2011,33.9
Дорнод,20-24,Эмэгтэй,2010,25.6
Дорнод,20-24,Эмэгтэй,2009,29.5
Дорнод,25-29,Нийт,2025,94.8
Дорнод,25-29,Нийт,2024,90.9
Дорнод,25-29,Нийт,2023,83.2
Дорнод,25-29,Нийт,2022,76.1
Дорнод,25-29,Нийт,2021,83.1
Дорнод,25-29,Нийт,2020,85.5
Дорнод,25-29,Нийт,2019,87.7
Дорнод,25-29,Нийт,2018,68.3
Дорнод,25-29,Нийт,2017,78.2
Дорнод,25-29,Нийт,2016,73.9
Дорнод,25-29,Нийт,2015,77.9
Дорнод,25-29,Нийт,2014,68.4
Дорнод,25-29,Нийт,2013,65.3
Дорнод,25-29,Нийт,2012,59.0
Дорнод,25-29,Нийт,2011,64.7
Дорнод,25-29,Нийт,2010,53.7
Дорнод,25-29,Нийт,2009,60.4
Дорнод,25-29,Эрэгтэй,2025,94.4
Дорнод,25-29,Эрэгтэй,2024,98.7
Дорнод,25-29,Эрэгтэй,2023,96.7
Дорнод,25-29,Эрэгтэй,2022,70.7
Дорнод,25-29,Эрэгтэй,2021,90.4
Дорнод,25-29,Эрэгтэй,2020,87.4
Дорнод,25-29,Эрэгтэй,2019,89.0
Дорнод,25-29,Эрэгтэй,2018,76.0
Дорнод,25-29,Эрэгтэй,2017,83.9
Дорнод,25-29,Эрэгтэй,2016,82.0
Дорнод,25-29,Эрэгтэй,2015,85.5
Дорнод,25-29,Эрэгтэй,2014,88.1
Дорнод,25-29,Эрэгтэй,2013,75.2
Дорнод,25-29,Эрэгтэй,2012,61.4
Дорнод,25-29,Эрэгтэй,2011,70.8
Дорнод,25-29,Эрэгтэй,2010,55.5
Дорнод,25-29,Эрэгтэй,2009,48.4
Дорнод,25-29,Эмэгтэй,2025,95.1
Дорнод,25-29,Эмэгтэй,2024,84.6
Дорнод,25-29,Эмэгтэй,2023,77.0
Дорнод,25-29,Эмэгтэй,2022,79.7
Дорнод,25-29,Эмэгтэй,2021,66.1
Дорнод,25-29,Эмэгтэй,2020,82.0
Дорнод,25-29,Эмэгтэй,2019,86.1
Дорнод,25-29,Эмэгтэй,2018,60.5
Дорнод,25-29,Эмэгтэй,2017,71.3
Дорнод,25-29,Эмэгтэй,2016,65.8
Дорнод,25-29,Эмэгтэй,2015,68.5
Дорнод,25-29,Эмэгтэй,2014,50.6
Дорнод,25-29,Эмэгтэй,2013,57.0
Дорнод,25-29,Эмэгтэй,2012,56.4
Дорнод,25-29,Эмэгтэй,2011,58.8
Дорнод,25-29,Эмэгтэй,2010,52.2
Дорнод,25-29,Эмэгтэй,2009,70.7
Дорнод,30-34,Нийт,2025,94.2
Дорнод,30-34,Нийт,2024,88.3
Дорнод,30-34,Нийт,2023,92.0
Дорнод,30-34,Нийт,2022,88.1
Дорнод,30-34,Нийт,2021,84.7
Дорнод,30-34,Нийт,2020,82.4
Дорнод,30-34,Нийт,2019,89.3
Дорнод,30-34,Нийт,2018,82.3
Дорнод,30-34,Нийт,2017,74.1
Дорнод,30-34,Нийт,2016,76.8
Дорнод,30-34,Нийт,2015,79.1
Дорнод,30-34,Нийт,2014,69.7
Дорнод,30-34,Нийт,2013,69.4
Дорнод,30-34,Нийт,2012,62.9
Дорнод,30-34,Нийт,2011,66.1
Дорнод,30-34,Нийт,2010,71.5
Дорнод,30-34,Нийт,2009,50.0
Дорнод,30-34,Эрэгтэй,2025,100.0
Дорнод,30-34,Эрэгтэй,2024,94.8
Дорнод,30-34,Эрэгтэй,2023,95.7
Дорнод,30-34,Эрэгтэй,2022,89.2
Дорнод,30-34,Эрэгтэй,2021,92.5
Дорнод,30-34,Эрэгтэй,2020,98.6
Дорнод,30-34,Эрэгтэй,2019,95.5
Дорнод,30-34,Эрэгтэй,2018,91.9
Дорнод,30-34,Эрэгтэй,2017,90.8
Дорнод,30-34,Эрэгтэй,2016,81.4
Дорнод,30-34,Эрэгтэй,2015,82.4
Дорнод,30-34,Эрэгтэй,2014,82.0
Дорнод,30-34,Эрэгтэй,2013,79.9
Дорнод,30-34,Эрэгтэй,2012,64.9
Дорнод,30-34,Эрэгтэй,2011,63.7
Дорнод,30-34,Эрэгтэй,2010,83.5
Дорнод,30-34,Эрэгтэй,2009,56.0
Дорнод,30-34,Эмэгтэй,2025,87.8
Дорнод,30-34,Эмэгтэй,2024,81.1
Дорнод,30-34,Эмэгтэй,2023,87.6
Дорнод,30-34,Эмэгтэй,2022,86.9
Дорнод,30-34,Эмэгтэй,2021,79.6
Дорнод,30-34,Эмэгтэй,2020,59.9
Дорнод,30-34,Эмэгтэй,2019,83.4
Дорнод,30-34,Эмэгтэй,2018,69.3
Дорнод,30-34,Эмэгтэй,2017,60.8
Дорнод,30-34,Эмэгтэй,2016,71.8
Дорнод,30-34,Эмэгтэй,2015,75.4
Дорнод,30-34,Эмэгтэй,2014,59.2
Дорнод,30-34,Эмэгтэй,2013,58.9
Дорнод,30-34,Эмэгтэй,2012,61.3
Дорнод,30-34,Эмэгтэй,2011,69.1
Дорнод,30-34,Эмэгтэй,2010,60.8
Дорнод,30-34,Эмэгтэй,2009,42.1
Дорнод,35-39,Нийт,2025,90.0
Дорнод,35-39,Нийт,2024,89.1
Дорнод,35-39,Нийт,2023,81.5
Дорнод,35-39,Нийт,2022,83.0
Дорнод,35-39,Нийт,2021,84.2
Дорнод,35-39,Нийт,2020,84.1
Дорнод,35-39,Нийт,2019,84.9
Дорнод,35-39,Нийт,2018,77.0
Дорнод,35-39,Нийт,2017,65.3
Дорнод,35-39,Нийт,2016,81.8
Дорнод,35-39,Нийт,2015,79.9
Дорнод,35-39,Нийт,2014,82.2
Дорнод,35-39,Нийт,2013,77.9
Дорнод,35-39,Нийт,2012,72.0
Дорнод,35-39,Нийт,2011,74.2
Дорнод,35-39,Нийт,2010,67.6
Дорнод,35-39,Нийт,2009,54.0
Дорнод,35-39,Эрэгтэй,2025,95.4
Дорнод,35-39,Эрэгтэй,2024,93.7
Дорнод,35-39,Эрэгтэй,2023,90.4
Дорнод,35-39,Эрэгтэй,2022,84.5
Дорнод,35-39,Эрэгтэй,2021,85.9
Дорнод,35-39,Эрэгтэй,2020,86.6
Дорнод,35-39,Эрэгтэй,2019,89.5
Дорнод,35-39,Эрэгтэй,2018,93.5
Дорнод,35-39,Эрэгтэй,2017,72.3
Дорнод,35-39,Эрэгтэй,2016,88.0
Дорнод,35-39,Эрэгтэй,2015,87.3
Дорнод,35-39,Эрэгтэй,2014,87.2
Дорнод,35-39,Эрэгтэй,2013,84.3
Дорнод,35-39,Эрэгтэй,2012,68.6
Дорнод,35-39,Эрэгтэй,2011,83.7
Дорнод,35-39,Эрэгтэй,2010,78.2
Дорнод,35-39,Эрэгтэй,2009,58.2
Дорнод,35-39,Эмэгтэй,2025,83.5
Дорнод,35-39,Эмэгтэй,2024,83.5
Дорнод,35-39,Эмэгтэй,2023,73.0
Дорнод,35-39,Эмэгтэй,2022,81.7
Дорнод,35-39,Эмэгтэй,2021,81.2
Дорнод,35-39,Эмэгтэй,2020,80.9
Дорнод,35-39,Эмэгтэй,2019,80.7
Дорнод,35-39,Эмэгтэй,2018,58.8
Дорнод,35-39,Эмэгтэй,2017,56.8
Дорнод,35-39,Эмэгтэй,2016,75.8
Дорнод,35-39,Эмэгтэй,2015,72.2
Дорнод,35-39,Эмэгтэй,2014,77.1
Дорнод,35-39,Эмэгтэй,2013,70.5
Дорнод,35-39,Эмэгтэй,2012,75.6
Дорнод,35-39,Эмэгтэй,2011,63.9
Дорнод,35-39,Эмэгтэй,2010,57.2
Дорнод,35-39,Эмэгтэй,2009,50.4
Дорнод,40-44,Нийт,2025,90.8
Дорнод,40-44,Нийт,2024,91.8
Дорнод,40-44,Нийт,2023,80.2
Дорнод,40-44,Нийт,2022,78.7
Дорнод,40-44,Нийт,2021,91.9
Дорнод,40-44,Нийт,2020,80.8
Дорнод,40-44,Нийт,2019,78.8
Дорнод,40-44,Нийт,2018,76.9
Дорнод,40-44,Нийт,2017,74.1
Дорнод,40-44,Нийт,2016,76.9
Дорнод,40-44,Нийт,2015,83.5
Дорнод,40-44,Нийт,2014,82.7
Дорнод,40-44,Нийт,2013,71.5
Дорнод,40-44,Нийт,2012,63.6
Дорнод,40-44,Нийт,2011,71.3
Дорнод,40-44,Нийт,2010,76.4
Дорнод,40-44,Нийт,2009,61.4
Дорнод,40-44,Эрэгтэй,2025,87.5
Дорнод,40-44,Эрэгтэй,2024,95.1
Дорнод,40-44,Эрэгтэй,2023,88.6
Дорнод,40-44,Эрэгтэй,2022,75.0
Дорнод,40-44,Эрэгтэй,2021,88.3
Дорнод,40-44,Эрэгтэй,2020,79.0
Дорнод,40-44,Эрэгтэй,2019,72.1
Дорнод,40-44,Эрэгтэй,2018,85.5
Дорнод,40-44,Эрэгтэй,2017,80.9
Дорнод,40-44,Эрэгтэй,2016,78.5
Дорнод,40-44,Эрэгтэй,2015,82.6
Дорнод,40-44,Эрэгтэй,2014,82.0
Дорнод,40-44,Эрэгтэй,2013,78.1
Дорнод,40-44,Эрэгтэй,2012,59.8
Дорнод,40-44,Эрэгтэй,2011,72.3
Дорнод,40-44,Эрэгтэй,2010,66.0
Дорнод,40-44,Эрэгтэй,2009,69.9
Дорнод,40-44,Эмэгтэй,2025,95.0
Дорнод,40-44,Эмэгтэй,2024,87.2
Дорнод,40-44,Эмэгтэй,2023,70.7
Дорнод,40-44,Эмэгтэй,2022,83.1
Дорнод,40-44,Эмэгтэй,2021,96.5
Дорнод,40-44,Эмэгтэй,2020,82.8
Дорнод,40-44,Эмэгтэй,2019,88.2
Дорнод,40-44,Эмэгтэй,2018,69.0
Дорнод,40-44,Эмэгтэй,2017,66.5
Дорнод,40-44,Эмэгтэй,2016,75.4
Дорнод,40-44,Эмэгтэй,2015,84.2
Дорнод,40-44,Эмэгтэй,2014,83.3
Дорнод,40-44,Эмэгтэй,2013,65.9
Дорнод,40-44,Эмэгтэй,2012,67.3
Дорнод,40-44,Эмэгтэй,2011,70.6
Дорнод,40-44,Эмэгтэй,2010,86.3
Дорнод,40-44,Эмэгтэй,2009,54.5
Дорнод,45-49,Нийт,2025,92.0
Дорнод,45-49,Нийт,2024,91.4
Дорнод,45-49,Нийт,2023,84.7
Дорнод,45-49,Нийт,2022,78.5
Дорнод,45-49,Нийт,2021,85.7
Дорнод,45-49,Нийт,2020,85.6
Дорнод,45-49,Нийт,2019,88.0
Дорнод,45-49,Нийт,2018,66.9
Дорнод,45-49,Нийт,2017,73.2
Дорнод,45-49,Нийт,2016,78.1
Дорнод,45-49,Нийт,2015,78.4
Дорнод,45-49,Нийт,2014,75.0
Дорнод,45-49,Нийт,2013,65.6
Дорнод,45-49,Нийт,2012,65.0
Дорнод,45-49,Нийт,2011,71.5
Дорнод,45-49,Нийт,2010,68.7
Дорнод,45-49,Нийт,2009,56.0
Дорнод,45-49,Эрэгтэй,2025,89.5
Дорнод,45-49,Эрэгтэй,2024,92.8
Дорнод,45-49,Эрэгтэй,2023,89.3
Дорнод,45-49,Эрэгтэй,2022,82.6
Дорнод,45-49,Эрэгтэй,2021,79.3
Дорнод,45-49,Эрэгтэй,2020,96.4
Дорнод,45-49,Эрэгтэй,2019,91.9
Дорнод,45-49,Эрэгтэй,2018,78.8
Дорнод,45-49,Эрэгтэй,2017,70.3
Дорнод,45-49,Эрэгтэй,2016,79.2
Дорнод,45-49,Эрэгтэй,2015,74.3
Дорнод,45-49,Эрэгтэй,2014,73.8
Дорнод,45-49,Эрэгтэй,2013,61.0
Дорнод,45-49,Эрэгтэй,2012,69.1
Дорнод,45-49,Эрэгтэй,2011,85.2
Дорнод,45-49,Эрэгтэй,2010,72.6
Дорнод,45-49,Эрэгтэй,2009,59.6
Дорнод,45-49,Эмэгтэй,2025,95.4
Дорнод,45-49,Эмэгтэй,2024,90.2
Дорнод,45-49,Эмэгтэй,2023,80.6
Дорнод,45-49,Эмэгтэй,2022,75.3
Дорнод,45-49,Эмэгтэй,2021,89.6
Дорнод,45-49,Эмэгтэй,2020,79.4
Дорнод,45-49,Эмэгтэй,2019,85.5
Дорнод,45-49,Эмэгтэй,2018,57.6
Дорнод,45-49,Эмэгтэй,2017,75.1
Дорнод,45-49,Эмэгтэй,2016,77.2
Дорнод,45-49,Эмэгтэй,2015,81.6
Дорнод,45-49,Эмэгтэй,2014,76.2
Дорнод,45-49,Эмэгтэй,2013,68.6
Дорнод,45-49,Эмэгтэй,2012,61.8
Дорнод,45-49,Эмэгтэй,2011,62.5
Дорнод,45-49,Эмэгтэй,2010,65.6
Дорнод,45-49,Эмэгтэй,2009,52.3
Дорнод,50-54,Нийт,2025,88.9
Дорнод,50-54,Нийт,2024,86.1
Дорнод,50-54,Нийт,2023,81.1
Дорнод,50-54,Нийт,2022,71.1
Дорнод,50-54,Нийт,2021,89.3
Дорнод,50-54,Нийт,2020,69.1
Дорнод,50-54,Нийт,2019,71.4
Дорнод,50-54,Нийт,2018,71.4
Дорнод,50-54,Нийт,2017,68.0
Дорнод,50-54,Нийт,2016,68.9
Дорнод,50-54,Нийт,2015,71.3
Дорнод,50-54,Нийт,2014,66.1
Дорнод,50-54,Нийт,2013,52.1
Дорнод,50-54,Нийт,2012,62.6
Дорнод,50-54,Нийт,2011,63.1
Дорнод,50-54,Нийт,2010,60.4
Дорнод,50-54,Нийт,2009,61.2
Дорнод,50-54,Эрэгтэй,2025,94.7
Дорнод,50-54,Эрэгтэй,2024,88.7
Дорнод,50-54,Эрэгтэй,2023,95.6
Дорнод,50-54,Эрэгтэй,2022,75.2
Дорнод,50-54,Эрэгтэй,2021,96.9
Дорнод,50-54,Эрэгтэй,2020,70.3
Дорнод,50-54,Эрэгтэй,2019,89.3
Дорнод,50-54,Эрэгтэй,2018,79.8
Дорнод,50-54,Эрэгтэй,2017,73.5
Дорнод,50-54,Эрэгтэй,2016,78.5
Дорнод,50-54,Эрэгтэй,2015,79.5
Дорнод,50-54,Эрэгтэй,2014,73.7
Дорнод,50-54,Эрэгтэй,2013,57.9
Дорнод,50-54,Эрэгтэй,2012,69.5
Дорнод,50-54,Эрэгтэй,2011,75.7
Дорнод,50-54,Эрэгтэй,2010,70.4
Дорнод,50-54,Эрэгтэй,2009,67.9
Дорнод,50-54,Эмэгтэй,2025,86.4
Дорнод,50-54,Эмэгтэй,2024,83.7
Дорнод,50-54,Эмэгтэй,2023,71.4
Дорнод,50-54,Эмэгтэй,2022,66.3
Дорнод,50-54,Эмэгтэй,2021,82.7
Дорнод,50-54,Эмэгтэй,2020,68.0
Дорнод,50-54,Эмэгтэй,2019,56.5
Дорнод,50-54,Эмэгтэй,2018,63.9
Дорнод,50-54,Эмэгтэй,2017,62.7
Дорнод,50-54,Эмэгтэй,2016,56.7
Дорнод,50-54,Эмэгтэй,2015,64.4
Дорнод,50-54,Эмэгтэй,2014,59.4
Дорнод,50-54,Эмэгтэй,2013,47.2
Дорнод,50-54,Эмэгтэй,2012,56.7
Дорнод,50-54,Эмэгтэй,2011,49.2
Дорнод,50-54,Эмэгтэй,2010,49.8
Дорнод,50-54,Эмэгтэй,2009,56.3
Дорнод,55-59,Нийт,2025,70.3
Дорнод,55-59,Нийт,2024,54.5
Дорнод,55-59,Нийт,2023,53.5
Дорнод,55-59,Нийт,2022,51.6
Дорнод,55-59,Нийт,2021,26.7
Дорнод,55-59,Нийт,2020,58.7
Дорнод,55-59,Нийт,2019,35.7
Дорнод,55-59,Нийт,2018,37.2
Дорнод,55-59,Нийт,2017,42.0
Дорнод,55-59,Нийт,2016,37.7
Дорнод,55-59,Нийт,2015,39.0
Дорнод,55-59,Нийт,2014,22.5
Дорнод,55-59,Нийт,2013,53.5
Дорнод,55-59,Нийт,2012,35.1
Дорнод,55-59,Нийт,2011,44.4
Дорнод,55-59,Нийт,2010,45.4
Дорнод,55-59,Нийт,2009,35.0
Дорнод,55-59,Эрэгтэй,2025,87.6
Дорнод,55-59,Эрэгтэй,2024,77.0
Дорнод,55-59,Эрэгтэй,2023,74.7
Дорнод,55-59,Эрэгтэй,2022,68.5
Дорнод,55-59,Эрэгтэй,2021,76.8
Дорнод,55-59,Эрэгтэй,2020,64.9
Дорнод,55-59,Эрэгтэй,2019,48.0
Дорнод,55-59,Эрэгтэй,2018,50.0
Дорнод,55-59,Эрэгтэй,2017,66.8
Дорнод,55-59,Эрэгтэй,2016,58.7
Дорнод,55-59,Эрэгтэй,2015,50.5
Дорнод,55-59,Эрэгтэй,2014,38.5
Дорнод,55-59,Эрэгтэй,2013,64.5
Дорнод,55-59,Эрэгтэй,2012,51.7
Дорнод,55-59,Эрэгтэй,2011,56.9
Дорнод,55-59,Эрэгтэй,2010,52.6
Дорнод,55-59,Эрэгтэй,2009,50.3
Дорнод,55-59,Эмэгтэй,2025,53.4
Дорнод,55-59,Эмэгтэй,2024,34.8
Дорнод,55-59,Эмэгтэй,2023,23.2
Дорнод,55-59,Эмэгтэй,2022,40.3
Дорнод,55-59,Эмэгтэй,2021,13.5
Дорнод,55-59,Эмэгтэй,2020,50.0
Дорнод,55-59,Эмэгтэй,2019,27.8
Дорнод,55-59,Эмэгтэй,2018,22.7
Дорнод,55-59,Эмэгтэй,2017,18.5
Дорнод,55-59,Эмэгтэй,2016,20.7
Дорнод,55-59,Эмэгтэй,2015,26.7
Дорнод,55-59,Эмэгтэй,2014,11.4
Дорнод,55-59,Эмэгтэй,2013,41.9
Дорнод,55-59,Эмэгтэй,2012,20.2
Дорнод,55-59,Эмэгтэй,2011,34.7
Дорнод,55-59,Эмэгтэй,2010,37.9
Дорнод,55-59,Эмэгтэй,2009,21.6
Дорнод,60-64,Нийт,2025,44.9
Дорнод,60-64,Нийт,2024,37.7
Дорнод,60-64,Нийт,2023,41.4
Дорнод,60-64,Нийт,2022,32.4
Дорнод,60-64,Нийт,2021,11.9
Дорнод,60-64,Нийт,2020,5.3
Дорнод,60-64,Нийт,2019,35.0
Дорнод,60-64,Нийт,2018,24.2
Дорнод,60-64,Нийт,2017,14.4
Дорнод,60-64,Нийт,2016,18.1
Дорнод,60-64,Нийт,2015,20.8
Дорнод,60-64,Нийт,2014,24.5
Дорнод,60-64,Нийт,2013,30.8
Дорнод,60-64,Нийт,2012,27.1
Дорнод,60-64,Нийт,2011,28.2
Дорнод,60-64,Нийт,2010,5.1
Дорнод,60-64,Нийт,2009,22.6
Дорнод,60-64,Эрэгтэй,2025,48.0
Дорнод,60-64,Эрэгтэй,2024,55.7
Дорнод,60-64,Эрэгтэй,2023,48.0
Дорнод,60-64,Эрэгтэй,2022,19.8
Дорнод,60-64,Эрэгтэй,2021,26.8
Дорнод,60-64,Эрэгтэй,2020,6.2
Дорнод,60-64,Эрэгтэй,2019,72.3
Дорнод,60-64,Эрэгтэй,2018,26.0
Дорнод,60-64,Эрэгтэй,2017,18.4
Дорнод,60-64,Эрэгтэй,2016,23.2
Дорнод,60-64,Эрэгтэй,2015,32.0
Дорнод,60-64,Эрэгтэй,2014,57.1
Дорнод,60-64,Эрэгтэй,2013,47.2
Дорнод,60-64,Эрэгтэй,2012,29.4
Дорнод,60-64,Эрэгтэй,2011,34.6
Дорнод,60-64,Эрэгтэй,2010,9.8
Дорнод,60-64,Эрэгтэй,2009,35.7
Дорнод,60-64,Эмэгтэй,2025,43.2
Дорнод,60-64,Эмэгтэй,2024,24.6
Дорнод,60-64,Эмэгтэй,2023,38.3
Дорнод,60-64,Эмэгтэй,2022,40.7
Дорнод,60-64,Эмэгтэй,2021,4.9
Дорнод,60-64,Эмэгтэй,2020,4.9
Дорнод,60-64,Эмэгтэй,2019,22.6
Дорнод,60-64,Эмэгтэй,2018,22.6
Дорнод,60-64,Эмэгтэй,2017,11.3
Дорнод,60-64,Эмэгтэй,2016,10.5
Дорнод,60-64,Эмэгтэй,2015,13.7
Дорнод,60-64,Эмэгтэй,2014,0.0
Дорнод,60-64,Эмэгтэй,2013,24.2
Дорнод,60-64,Эмэгтэй,2012,24.2
Дорнод,60-64,Эмэгтэй,2011,24.8
Дорнод,60-64,Эмэгтэй,2010,0.0
Дорнод,60-64,Эмэгтэй,2009,16.7
Дорнод,65-69,Нийт,2025,25.3
Дорнод,65-69,Нийт,2024,16.8
Дорнод,65-69,Нийт,2023,24.2
Дорнод,65-69,Нийт,2022,36.9
Дорнод,65-69,Нийт,2021,7.2
Дорнод,65-69,Нийт,2020,2.1
Дорнод,65-69,Нийт,2019,15.6
Дорнод,65-69,Нийт,2018,13.4
Дорнод,65-69,Нийт,2017,20.5
Дорнод,65-69,Нийт,2016,5.3
Дорнод,65-69,Нийт,2015,4.6
Дорнод,65-69,Нийт,2014,0.0
Дорнод,65-69,Нийт,2013,0.0
Дорнод,65-69,Нийт,2012,31.0
Дорнод,65-69,Нийт,2011,28.5
Дорнод,65-69,Нийт,2010,5.6
Дорнод,65-69,Нийт,2009,7.3
Дорнод,65-69,Эрэгтэй,2025,60.1
Дорнод,65-69,Эрэгтэй,2024,18.3
Дорнод,65-69,Эрэгтэй,2023,45.7
Дорнод,65-69,Эрэгтэй,2022,33.8
Дорнод,65-69,Эрэгтэй,2021,22.4
Дорнод,65-69,Эрэгтэй,2020,0.0
Дорнод,65-69,Эрэгтэй,2019,14.8
Дорнод,65-69,Эрэгтэй,2018,16.4
Дорнод,65-69,Эрэгтэй,2017,8.5
Дорнод,65-69,Эрэгтэй,2016,0.0
Дорнод,65-69,Эрэгтэй,2015,11.0
Дорнод,65-69,Эрэгтэй,2014,0.0
Дорнод,65-69,Эрэгтэй,2013,0.0
Дорнод,65-69,Эрэгтэй,2012,28.3
Дорнод,65-69,Эрэгтэй,2011,0.0
Дорнод,65-69,Эрэгтэй,2010,10.0
Дорнод,65-69,Эрэгтэй,2009,14.8
Дорнод,65-69,Эмэгтэй,2025,5.6
Дорнод,65-69,Эмэгтэй,2024,15.8
Дорнод,65-69,Эмэгтэй,2023,18.2
Дорнод,65-69,Эмэгтэй,2022,44.4
Дорнод,65-69,Эмэгтэй,2021,3.1
Дорнод,65-69,Эмэгтэй,2020,5.0
Дорнод,65-69,Эмэгтэй,2019,16.6
Дорнод,65-69,Эмэгтэй,2018,9.5
Дорнод,65-69,Эмэгтэй,2017,34.9
Дорнод,65-69,Эмэгтэй,2016,9.0
Дорнод,65-69,Эмэгтэй,2015,0.0
Дорнод,65-69,Эмэгтэй,2014,0.0
Дорнод,65-69,Эмэгтэй,2013,0.0
Дорнод,65-69,Эмэгтэй,2012,33.2
Дорнод,65-69,Эмэгтэй,2011,38.3
Дорнод,65-69,Эмэгтэй,2010,0.0
Дорнод,65-69,Эмэгтэй,2009,0.0
Дорнод,70+,Нийт,2025,3.1
Дорнод,70+,Нийт,2024,4.7
Дорнод,70+,Нийт,2023,0.5
Дорнод,70+,Нийт,2022,0.0
Дорнод,70+,Нийт,2021,0.8
Дорнод,70+,Нийт,2020,8.7
Дорнод,70+,Нийт,2019,7.9
Дорнод,70+,Нийт,2018,12.4
Дорнод,70+,Нийт,2017,11.3
Дорнод,70+,Нийт,2016,0.0
Дорнод,70+,Нийт,2015,5.4
Дорнод,70+,Нийт,2014,5.1
Дорнод,70+,Нийт,2013,9.0
Дорнод,70+,Нийт,2012,11.6
Дорнод,70+,Нийт,2011,8.8
Дорнод,70+,Нийт,2010,5.1
Дорнод,70+,Нийт,2009,6.8
Дорнод,70+,Эрэгтэй,2025,0.0
Дорнод,70+,Эрэгтэй,2024,3.3
Дорнод,70+,Эрэгтэй,2023,0.0
Дорнод,70+,Эрэгтэй,2022,0.0
Дорнод,70+,Эрэгтэй,2021,0.0
Дорнод,70+,Эрэгтэй,2020,11.5
Дорнод,70+,Эрэгтэй,2019,19.4
Дорнод,70+,Эрэгтэй,2018,14.2
Дорнод,70+,Эрэгтэй,2017,22.3
Дорнод,70+,Эрэгтэй,2016,0.0
Дорнод,70+,Эрэгтэй,2015,16.8
Дорнод,70+,Эрэгтэй,2014,6.4
Дорнод,70+,Эрэгтэй,2013,10.4
Дорнод,70+,Эрэгтэй,2012,10.6
Дорнод,70+,Эрэгтэй,2011,6.9
Дорнод,70+,Эрэгтэй,2010,8.9
Дорнод,70+,Эрэгтэй,2009,8.5
Дорнод,70+,Эмэгтэй,2025,4.7
Дорнод,70+,Эмэгтэй,2024,5.3
Дорнод,70+,Эмэгтэй,2023,1.0
Дорнод,70+,Эмэгтэй,2022,0.0
Дорнод,70+,Эмэгтэй,2021,0.9
Дорнод,70+,Эмэгтэй,2020,6.7
Дорнод,70+,Эмэгтэй,2019,0.0
Дорнод,70+,Эмэгтэй,2018,11.5
Дорнод,70+,Эмэгтэй,2017,5.7
Дорнод,70+,Эмэгтэй,2016,0.0
Дорнод,70+,Эмэгтэй,2015,0.0
Дорнод,70+,Эмэгтэй,2014,4.3
Дорнод,70+,Эмэгтэй,2013,8.2
Дорнод,70+,Эмэгтэй,2012,12.3
Дорнод,70+,Эмэгтэй,2011,9.9
Дорнод,70+,Эмэгтэй,2010,3.6
Дорнод,70+,Эмэгтэй,2009,5.8
Сүхбаатар,Бүгд,Нийт,2025,70.2
Сүхбаатар,Бүгд,Нийт,2024,73.0
Сүхбаатар,Бүгд,Нийт,2023,77.9
Сүхбаатар,Бүгд,Нийт,2022,67.8
Сүхбаатар,Бүгд,Нийт,2021,72.4
Сүхбаатар,Бүгд,Нийт,2020,71.6
Сүхбаатар,Бүгд,Нийт,2019,75.0
Сүхбаатар,Бүгд,Нийт,2018,71.8
Сүхбаатар,Бүгд,Нийт,2017,71.0
Сүхбаатар,Бүгд,Нийт,2016,74.5
Сүхбаатар,Бүгд,Нийт,2015,76.1
Сүхбаатар,Бүгд,Нийт,2014,75.3
Сүхбаатар,Бүгд,Нийт,2013,72.0
Сүхбаатар,Бүгд,Нийт,2012,78.9
Сүхбаатар,Бүгд,Нийт,2011,72.8
Сүхбаатар,Бүгд,Нийт,2010,73.8
Сүхбаатар,Бүгд,Нийт,2009,69.8
Сүхбаатар,Бүгд,Эрэгтэй,2025,78.4
Сүхбаатар,Бүгд,Эрэгтэй,2024,79.9
Сүхбаатар,Бүгд,Эрэгтэй,2023,87.1
Сүхбаатар,Бүгд,Эрэгтэй,2022,77.6
Сүхбаатар,Бүгд,Эрэгтэй,2021,80.0
Сүхбаатар,Бүгд,Эрэгтэй,2020,78.5
Сүхбаатар,Бүгд,Эрэгтэй,2019,79.6
Сүхбаатар,Бүгд,Эрэгтэй,2018,75.3
Сүхбаатар,Бүгд,Эрэгтэй,2017,75.0
Сүхбаатар,Бүгд,Эрэгтэй,2016,80.1
Сүхбаатар,Бүгд,Эрэгтэй,2015,84.0
Сүхбаатар,Бүгд,Эрэгтэй,2014,82.4
Сүхбаатар,Бүгд,Эрэгтэй,2013,77.6
Сүхбаатар,Бүгд,Эрэгтэй,2012,82.6
Сүхбаатар,Бүгд,Эрэгтэй,2011,78.8
Сүхбаатар,Бүгд,Эрэгтэй,2010,78.1
Сүхбаатар,Бүгд,Эрэгтэй,2009,73.9
Сүхбаатар,Бүгд,Эмэгтэй,2025,61.6
Сүхбаатар,Бүгд,Эмэгтэй,2024,66.2
Сүхбаатар,Бүгд,Эмэгтэй,2023,69.1
Сүхбаатар,Бүгд,Эмэгтэй,2022,58.3
Сүхбаатар,Бүгд,Эмэгтэй,2021,64.7
Сүхбаатар,Бүгд,Эмэгтэй,2020,64.8
Сүхбаатар,Бүгд,Эмэгтэй,2019,70.4
Сүхбаатар,Бүгд,Эмэгтэй,2018,68.4
Сүхбаатар,Бүгд,Эмэгтэй,2017,67.2
Сүхбаатар,Бүгд,Эмэгтэй,2016,69.0
Сүхбаатар,Бүгд,Эмэгтэй,2015,68.9
Сүхбаатар,Бүгд,Эмэгтэй,2014,68.6
Сүхбаатар,Бүгд,Эмэгтэй,2013,66.3
Сүхбаатар,Бүгд,Эмэгтэй,2012,75.4
Сүхбаатар,Бүгд,Эмэгтэй,2011,67.2
Сүхбаатар,Бүгд,Эмэгтэй,2010,69.6
Сүхбаатар,Бүгд,Эмэгтэй,2009,65.7
Сүхбаатар,15-19,Нийт,2025,24.9
Сүхбаатар,15-19,Нийт,2024,5.2
Сүхбаатар,15-19,Нийт,2023,18.2
Сүхбаатар,15-19,Нийт,2022,18.3
Сүхбаатар,15-19,Нийт,2021,18.1
Сүхбаатар,15-19,Нийт,2020,14.9
Сүхбаатар,15-19,Нийт,2019,33.6
Сүхбаатар,15-19,Нийт,2018,18.0
Сүхбаатар,15-19,Нийт,2017,18.7
Сүхбаатар,15-19,Нийт,2016,29.1
Сүхбаатар,15-19,Нийт,2015,30.1
Сүхбаатар,15-19,Нийт,2014,33.8
Сүхбаатар,15-19,Нийт,2013,42.4
Сүхбаатар,15-19,Нийт,2012,40.0
Сүхбаатар,15-19,Нийт,2011,41.3
Сүхбаатар,15-19,Нийт,2010,49.3
Сүхбаатар,15-19,Нийт,2009,41.0
Сүхбаатар,15-19,Эрэгтэй,2025,36.3
Сүхбаатар,15-19,Эрэгтэй,2024,2.7
Сүхбаатар,15-19,Эрэгтэй,2023,36.4
Сүхбаатар,15-19,Эрэгтэй,2022,23.6
Сүхбаатар,15-19,Эрэгтэй,2021,32.2
Сүхбаатар,15-19,Эрэгтэй,2020,24.5
Сүхбаатар,15-19,Эрэгтэй,2019,46.4
Сүхбаатар,15-19,Эрэгтэй,2018,25.1
Сүхбаатар,15-19,Эрэгтэй,2017,31.1
Сүхбаатар,15-19,Эрэгтэй,2016,38.2
Сүхбаатар,15-19,Эрэгтэй,2015,38.3
Сүхбаатар,15-19,Эрэгтэй,2014,47.3
Сүхбаатар,15-19,Эрэгтэй,2013,49.5
Сүхбаатар,15-19,Эрэгтэй,2012,42.3
Сүхбаатар,15-19,Эрэгтэй,2011,51.6
Сүхбаатар,15-19,Эрэгтэй,2010,56.9
Сүхбаатар,15-19,Эрэгтэй,2009,50.9
Сүхбаатар,15-19,Эмэгтэй,2025,11.5
Сүхбаатар,15-19,Эмэгтэй,2024,8.2
Сүхбаатар,15-19,Эмэгтэй,2023,5.5
Сүхбаатар,15-19,Эмэгтэй,2022,12.1
Сүхбаатар,15-19,Эмэгтэй,2021,0.5
Сүхбаатар,15-19,Эмэгтэй,2020,3.5
Сүхбаатар,15-19,Эмэгтэй,2019,13.5
Сүхбаатар,15-19,Эмэгтэй,2018,8.5
Сүхбаатар,15-19,Эмэгтэй,2017,4.4
Сүхбаатар,15-19,Эмэгтэй,2016,18.3
Сүхбаатар,15-19,Эмэгтэй,2015,20.9
Сүхбаатар,15-19,Эмэгтэй,2014,18.2
Сүхбаатар,15-19,Эмэгтэй,2013,33.0
Сүхбаатар,15-19,Эмэгтэй,2012,37.5
Сүхбаатар,15-19,Эмэгтэй,2011,29.9
Сүхбаатар,15-19,Эмэгтэй,2010,41.9
Сүхбаатар,15-19,Эмэгтэй,2009,29.2
Сүхбаатар,20-24,Нийт,2025,81.0
Сүхбаатар,20-24,Нийт,2024,78.9
Сүхбаатар,20-24,Нийт,2023,92.9
Сүхбаатар,20-24,Нийт,2022,74.1
Сүхбаатар,20-24,Нийт,2021,88.6
Сүхбаатар,20-24,Нийт,2020,70.2
Сүхбаатар,20-24,Нийт,2019,82.9
Сүхбаатар,20-24,Нийт,2018,69.4
Сүхбаатар,20-24,Нийт,2017,83.4
Сүхбаатар,20-24,Нийт,2016,81.5
Сүхбаатар,20-24,Нийт,2015,81.5
Сүхбаатар,20-24,Нийт,2014,82.3
Сүхбаатар,20-24,Нийт,2013,81.7
Сүхбаатар,20-24,Нийт,2012,71.8
Сүхбаатар,20-24,Нийт,2011,79.2
Сүхбаатар,20-24,Нийт,2010,77.7
Сүхбаатар,20-24,Нийт,2009,58.4
Сүхбаатар,20-24,Эрэгтэй,2025,79.3
Сүхбаатар,20-24,Эрэгтэй,2024,97.6
Сүхбаатар,20-24,Эрэгтэй,2023,99.2
Сүхбаатар,20-24,Эрэгтэй,2022,86.5
Сүхбаатар,20-24,Эрэгтэй,2021,100.0
Сүхбаатар,20-24,Эрэгтэй,2020,84.1
Сүхбаатар,20-24,Эрэгтэй,2019,81.4
Сүхбаатар,20-24,Эрэгтэй,2018,82.0
Сүхбаатар,20-24,Эрэгтэй,2017,90.5
Сүхбаатар,20-24,Эрэгтэй,2016,93.7
Сүхбаатар,20-24,Эрэгтэй,2015,91.1
Сүхбаатар,20-24,Эрэгтэй,2014,92.3
Сүхбаатар,20-24,Эрэгтэй,2013,88.8
Сүхбаатар,20-24,Эрэгтэй,2012,81.6
Сүхбаатар,20-24,Эрэгтэй,2011,81.8
Сүхбаатар,20-24,Эрэгтэй,2010,81.4
Сүхбаатар,20-24,Эрэгтэй,2009,62.9
Сүхбаатар,20-24,Эмэгтэй,2025,83.8
Сүхбаатар,20-24,Эмэгтэй,2024,36.7
Сүхбаатар,20-24,Эмэгтэй,2023,82.5
Сүхбаатар,20-24,Эмэгтэй,2022,55.3
Сүхбаатар,20-24,Эмэгтэй,2021,71.6
Сүхбаатар,20-24,Эмэгтэй,2020,53.5
Сүхбаатар,20-24,Эмэгтэй,2019,84.5
Сүхбаатар,20-24,Эмэгтэй,2018,56.2
Сүхбаатар,20-24,Эмэгтэй,2017,75.4
Сүхбаатар,20-24,Эмэгтэй,2016,66.0
Сүхбаатар,20-24,Эмэгтэй,2015,72.9
Сүхбаатар,20-24,Эмэгтэй,2014,72.3
Сүхбаатар,20-24,Эмэгтэй,2013,72.2
Сүхбаатар,20-24,Эмэгтэй,2012,61.6
Сүхбаатар,20-24,Эмэгтэй,2011,77.0
Сүхбаатар,20-24,Эмэгтэй,2010,72.7
Сүхбаатар,20-24,Эмэгтэй,2009,55.2
Сүхбаатар,25-29,Нийт,2025,70.2
Сүхбаатар,25-29,Нийт,2024,92.2
Сүхбаатар,25-29,Нийт,2023,96.4
Сүхбаатар,25-29,Нийт,2022,79.7
Сүхбаатар,25-29,Нийт,2021,92.1
Сүхбаатар,25-29,Нийт,2020,82.5
Сүхбаатар,25-29,Нийт,2019,85.6
Сүхбаатар,25-29,Нийт,2018,85.1
Сүхбаатар,25-29,Нийт,2017,86.3
Сүхбаатар,25-29,Нийт,2016,88.6
Сүхбаатар,25-29,Нийт,2015,89.1
Сүхбаатар,25-29,Нийт,2014,89.5
Сүхбаатар,25-29,Нийт,2013,90.9
Сүхбаатар,25-29,Нийт,2012,90.8
Сүхбаатар,25-29,Нийт,2011,89.3
Сүхбаатар,25-29,Нийт,2010,94.9
Сүхбаатар,25-29,Нийт,2009,80.1
Сүхбаатар,25-29,Эрэгтэй,2025,85.6
Сүхбаатар,25-29,Эрэгтэй,2024,99.1
Сүхбаатар,25-29,Эрэгтэй,2023,100.0
Сүхбаатар,25-29,Эрэгтэй,2022,98.2
Сүхбаатар,25-29,Эрэгтэй,2021,97.8
Сүхбаатар,25-29,Эрэгтэй,2020,84.0
Сүхбаатар,25-29,Эрэгтэй,2019,87.1
Сүхбаатар,25-29,Эрэгтэй,2018,84.5
Сүхбаатар,25-29,Эрэгтэй,2017,88.9
Сүхбаатар,25-29,Эрэгтэй,2016,94.6
Сүхбаатар,25-29,Эрэгтэй,2015,95.0
Сүхбаатар,25-29,Эрэгтэй,2014,94.5
Сүхбаатар,25-29,Эрэгтэй,2013,90.5
Сүхбаатар,25-29,Эрэгтэй,2012,93.6
Сүхбаатар,25-29,Эрэгтэй,2011,93.4
Сүхбаатар,25-29,Эрэгтэй,2010,100.0
Сүхбаатар,25-29,Эрэгтэй,2009,87.0
Сүхбаатар,25-29,Эмэгтэй,2025,51.8
Сүхбаатар,25-29,Эмэгтэй,2024,85.2
Сүхбаатар,25-29,Эмэгтэй,2023,90.3
Сүхбаатар,25-29,Эмэгтэй,2022,62.1
Сүхбаатар,25-29,Эмэгтэй,2021,85.4
Сүхбаатар,25-29,Эмэгтэй,2020,80.1
Сүхбаатар,25-29,Эмэгтэй,2019,84.5
Сүхбаатар,25-29,Эмэгтэй,2018,85.6
Сүхбаатар,25-29,Эмэгтэй,2017,84.5
Сүхбаатар,25-29,Эмэгтэй,2016,83.3
Сүхбаатар,25-29,Эмэгтэй,2015,84.1
Сүхбаатар,25-29,Эмэгтэй,2014,85.5
Сүхбаатар,25-29,Эмэгтэй,2013,91.3
Сүхбаатар,25-29,Эмэгтэй,2012,88.4
Сүхбаатар,25-29,Эмэгтэй,2011,85.5
Сүхбаатар,25-29,Эмэгтэй,2010,89.9
Сүхбаатар,25-29,Эмэгтэй,2009,67.2
Сүхбаатар,30-34,Нийт,2025,81.5
Сүхбаатар,30-34,Нийт,2024,91.8
Сүхбаатар,30-34,Нийт,2023,84.5
Сүхбаатар,30-34,Нийт,2022,85.6
Сүхбаатар,30-34,Нийт,2021,86.3
Сүхбаатар,30-34,Нийт,2020,89.9
Сүхбаатар,30-34,Нийт,2019,85.6
Сүхбаатар,30-34,Нийт,2018,89.9
Сүхбаатар,30-34,Нийт,2017,90.3
Сүхбаатар,30-34,Нийт,2016,92.6
Сүхбаатар,30-34,Нийт,2015,87.6
Сүхбаатар,30-34,Нийт,2014,87.9
Сүхбаатар,30-34,Нийт,2013,83.2
Сүхбаатар,30-34,Нийт,2012,93.3
Сүхбаатар,30-34,Нийт,2011,85.3
Сүхбаатар,30-34,Нийт,2010,88.1
Сүхбаатар,30-34,Нийт,2009,90.5
Сүхбаатар,30-34,Эрэгтэй,2025,92.2
Сүхбаатар,30-34,Эрэгтэй,2024,95.8
Сүхбаатар,30-34,Эрэгтэй,2023,96.1
Сүхбаатар,30-34,Эрэгтэй,2022,97.1
Сүхбаатар,30-34,Эрэгтэй,2021,95.0
Сүхбаатар,30-34,Эрэгтэй,2020,93.5
Сүхбаатар,30-34,Эрэгтэй,2019,85.8
Сүхбаатар,30-34,Эрэгтэй,2018,96.2
Сүхбаатар,30-34,Эрэгтэй,2017,98.4
Сүхбаатар,30-34,Эрэгтэй,2016,98.3
Сүхбаатар,30-34,Эрэгтэй,2015,91.4
Сүхбаатар,30-34,Эрэгтэй,2014,96.7
Сүхбаатар,30-34,Эрэгтэй,2013,91.8
Сүхбаатар,30-34,Эрэгтэй,2012,93.6
Сүхбаатар,30-34,Эрэгтэй,2011,86.8
Сүхбаатар,30-34,Эрэгтэй,2010,92.1
Сүхбаатар,30-34,Эрэгтэй,2009,85.8
Сүхбаатар,30-34,Эмэгтэй,2025,68.2
Сүхбаатар,30-34,Эмэгтэй,2024,87.3
Сүхбаатар,30-34,Эмэгтэй,2023,74.6
Сүхбаатар,30-34,Эмэгтэй,2022,74.7
Сүхбаатар,30-34,Эмэгтэй,2021,80.7
Сүхбаатар,30-34,Эмэгтэй,2020,86.5
Сүхбаатар,30-34,Эмэгтэй,2019,85.2
Сүхбаатар,30-34,Эмэгтэй,2018,83.7
Сүхбаатар,30-34,Эмэгтэй,2017,82.5
Сүхбаатар,30-34,Эмэгтэй,2016,86.1
Сүхбаатар,30-34,Эмэгтэй,2015,83.7
Сүхбаатар,30-34,Эмэгтэй,2014,80.1
Сүхбаатар,30-34,Эмэгтэй,2013,73.3
Сүхбаатар,30-34,Эмэгтэй,2012,93.1
Сүхбаатар,30-34,Эмэгтэй,2011,83.9
Сүхбаатар,30-34,Эмэгтэй,2010,84.0
Сүхбаатар,30-34,Эмэгтэй,2009,96.0
Сүхбаатар,35-39,Нийт,2025,86.9
Сүхбаатар,35-39,Нийт,2024,93.6
Сүхбаатар,35-39,Нийт,2023,93.8
Сүхбаатар,35-39,Нийт,2022,87.9
Сүхбаатар,35-39,Нийт,2021,85.6
Сүхбаатар,35-39,Нийт,2020,96.0
Сүхбаатар,35-39,Нийт,2019,87.5
Сүхбаатар,35-39,Нийт,2018,89.4
Сүхбаатар,35-39,Нийт,2017,91.1
Сүхбаатар,35-39,Нийт,2016,88.7
Сүхбаатар,35-39,Нийт,2015,95.9
Сүхбаатар,35-39,Нийт,2014,89.2
Сүхбаатар,35-39,Нийт,2013,81.5
Сүхбаатар,35-39,Нийт,2012,96.3
Сүхбаатар,35-39,Нийт,2011,93.5
Сүхбаатар,35-39,Нийт,2010,85.6
Сүхбаатар,35-39,Нийт,2009,91.7
Сүхбаатар,35-39,Эрэгтэй,2025,98.0
Сүхбаатар,35-39,Эрэгтэй,2024,96.5
Сүхбаатар,35-39,Эрэгтэй,2023,96.2
Сүхбаатар,35-39,Эрэгтэй,2022,96.5
Сүхбаатар,35-39,Эрэгтэй,2021,88.1
Сүхбаатар,35-39,Эрэгтэй,2020,93.8
Сүхбаатар,35-39,Эрэгтэй,2019,91.1
Сүхбаатар,35-39,Эрэгтэй,2018,93.9
Сүхбаатар,35-39,Эрэгтэй,2017,91.9
Сүхбаатар,35-39,Эрэгтэй,2016,95.9
Сүхбаатар,35-39,Эрэгтэй,2015,100.0
Сүхбаатар,35-39,Эрэгтэй,2014,93.3
Сүхбаатар,35-39,Эрэгтэй,2013,81.5
Сүхбаатар,35-39,Эрэгтэй,2012,97.6
Сүхбаатар,35-39,Эрэгтэй,2011,95.3
Сүхбаатар,35-39,Эрэгтэй,2010,87.2
Сүхбаатар,35-39,Эрэгтэй,2009,92.0
Сүхбаатар,35-39,Эмэгтэй,2025,75.2
Сүхбаатар,35-39,Эмэгтэй,2024,90.1
Сүхбаатар,35-39,Эмэгтэй,2023,91.7
Сүхбаатар,35-39,Эмэгтэй,2022,74.9
Сүхбаатар,35-39,Эмэгтэй,2021,82.4
Сүхбаатар,35-39,Эмэгтэй,2020,98.3
Сүхбаатар,35-39,Эмэгтэй,2019,83.2
Сүхбаатар,35-39,Эмэгтэй,2018,85.5
Сүхбаатар,35-39,Эмэгтэй,2017,90.4
Сүхбаатар,35-39,Эмэгтэй,2016,82.8
Сүхбаатар,35-39,Эмэгтэй,2015,91.3
Сүхбаатар,35-39,Эмэгтэй,2014,84.6
Сүхбаатар,35-39,Эмэгтэй,2013,81.5
Сүхбаатар,35-39,Эмэгтэй,2012,95.2
Сүхбаатар,35-39,Эмэгтэй,2011,91.8
Сүхбаатар,35-39,Эмэгтэй,2010,84.3
Сүхбаатар,35-39,Эмэгтэй,2009,91.4
Сүхбаатар,40-44,Нийт,2025,94.4
Сүхбаатар,40-44,Нийт,2024,94.4
Сүхбаатар,40-44,Нийт,2023,94.2
Сүхбаатар,40-44,Нийт,2022,89.0
Сүхбаатар,40-44,Нийт,2021,98.2
Сүхбаатар,40-44,Нийт,2020,70.6
Сүхбаатар,40-44,Нийт,2019,91.8
Сүхбаатар,40-44,Нийт,2018,90.9
Сүхбаатар,40-44,Нийт,2017,83.0
Сүхбаатар,40-44,Нийт,2016,90.5
Сүхбаатар,40-44,Нийт,2015,98.3
Сүхбаатар,40-44,Нийт,2014,84.2
Сүхбаатар,40-44,Нийт,2013,88.8
Сүхбаатар,40-44,Нийт,2012,94.0
Сүхбаатар,40-44,Нийт,2011,91.1
Сүхбаатар,40-44,Нийт,2010,83.8
Сүхбаатар,40-44,Нийт,2009,89.7
Сүхбаатар,40-44,Эрэгтэй,2025,92.9
Сүхбаатар,40-44,Эрэгтэй,2024,98.4
Сүхбаатар,40-44,Эрэгтэй,2023,96.1
Сүхбаатар,40-44,Эрэгтэй,2022,89.5
Сүхбаатар,40-44,Эрэгтэй,2021,98.4
Сүхбаатар,40-44,Эрэгтэй,2020,66.4
Сүхбаатар,40-44,Эрэгтэй,2019,88.8
Сүхбаатар,40-44,Эрэгтэй,2018,91.7
Сүхбаатар,40-44,Эрэгтэй,2017,81.8
Сүхбаатар,40-44,Эрэгтэй,2016,94.7
Сүхбаатар,40-44,Эрэгтэй,2015,100.0
Сүхбаатар,40-44,Эрэгтэй,2014,89.7
Сүхбаатар,40-44,Эрэгтэй,2013,88.5
Сүхбаатар,40-44,Эрэгтэй,2012,90.9
Сүхбаатар,40-44,Эрэгтэй,2011,94.2
Сүхбаатар,40-44,Эрэгтэй,2010,83.9
Сүхбаатар,40-44,Эрэгтэй,2009,90.7
Сүхбаатар,40-44,Эмэгтэй,2025,96.2
Сүхбаатар,40-44,Эмэгтэй,2024,91.2
Сүхбаатар,40-44,Эмэгтэй,2023,92.8
Сүхбаатар,40-44,Эмэгтэй,2022,88.7
Сүхбаатар,40-44,Эмэгтэй,2021,98.1
Сүхбаатар,40-44,Эмэгтэй,2020,73.5
Сүхбаатар,40-44,Эмэгтэй,2019,94.6
Сүхбаатар,40-44,Эмэгтэй,2018,90.0
Сүхбаатар,40-44,Эмэгтэй,2017,84.2
Сүхбаатар,40-44,Эмэгтэй,2016,86.9
Сүхбаатар,40-44,Эмэгтэй,2015,96.7
Сүхбаатар,40-44,Эмэгтэй,2014,79.0
Сүхбаатар,40-44,Эмэгтэй,2013,89.2
Сүхбаатар,40-44,Эмэгтэй,2012,97.6
Сүхбаатар,40-44,Эмэгтэй,2011,87.9
Сүхбаатар,40-44,Эмэгтэй,2010,83.7
Сүхбаатар,40-44,Эмэгтэй,2009,88.6
Сүхбаатар,45-49,Нийт,2025,88.5
Сүхбаатар,45-49,Нийт,2024,90.6
Сүхбаатар,45-49,Нийт,2023,95.9
Сүхбаатар,45-49,Нийт,2022,76.1
Сүхбаатар,45-49,Нийт,2021,95.9
Сүхбаатар,45-49,Нийт,2020,85.9
Сүхбаатар,45-49,Нийт,2019,93.1
Сүхбаатар,45-49,Нийт,2018,86.9
Сүхбаатар,45-49,Нийт,2017,84.9
Сүхбаатар,45-49,Нийт,2016,85.2
Сүхбаатар,45-49,Нийт,2015,84.7
Сүхбаатар,45-49,Нийт,2014,87.4
Сүхбаатар,45-49,Нийт,2013,87.7
Сүхбаатар,45-49,Нийт,2012,93.7
Сүхбаатар,45-49,Нийт,2011,84.9
Сүхбаатар,45-49,Нийт,2010,87.7
Сүхбаатар,45-49,Нийт,2009,78.3
Сүхбаатар,45-49,Эрэгтэй,2025,92.1
Сүхбаатар,45-49,Эрэгтэй,2024,96.5
Сүхбаатар,45-49,Эрэгтэй,2023,95.8
Сүхбаатар,45-49,Эрэгтэй,2022,90.0
Сүхбаатар,45-49,Эрэгтэй,2021,96.0
Сүхбаатар,45-49,Эрэгтэй,2020,96.4
Сүхбаатар,45-49,Эрэгтэй,2019,93.6
Сүхбаатар,45-49,Эрэгтэй,2018,91.1
Сүхбаатар,45-49,Эрэгтэй,2017,84.9
Сүхбаатар,45-49,Эрэгтэй,2016,77.6
Сүхбаатар,45-49,Эрэгтэй,2015,95.0
Сүхбаатар,45-49,Эрэгтэй,2014,85.7
Сүхбаатар,45-49,Эрэгтэй,2013,87.4
Сүхбаатар,45-49,Эрэгтэй,2012,96.7
Сүхбаатар,45-49,Эрэгтэй,2011,78.9
Сүхбаатар,45-49,Эрэгтэй,2010,87.6
Сүхбаатар,45-49,Эрэгтэй,2009,80.7
Сүхбаатар,45-49,Эмэгтэй,2025,83.8
Сүхбаатар,45-49,Эмэгтэй,2024,85.7
Сүхбаатар,45-49,Эмэгтэй,2023,96.0
Сүхбаатар,45-49,Эмэгтэй,2022,66.4
Сүхбаатар,45-49,Эмэгтэй,2021,95.9
Сүхбаатар,45-49,Эмэгтэй,2020,77.2
Сүхбаатар,45-49,Эмэгтэй,2019,92.5
Сүхбаатар,45-49,Эмэгтэй,2018,81.4
Сүхбаатар,45-49,Эмэгтэй,2017,84.9
Сүхбаатар,45-49,Эмэгтэй,2016,94.0
Сүхбаатар,45-49,Эмэгтэй,2015,74.5
Сүхбаатар,45-49,Эмэгтэй,2014,89.1
Сүхбаатар,45-49,Эмэгтэй,2013,88.0
Сүхбаатар,45-49,Эмэгтэй,2012,91.0
Сүхбаатар,45-49,Эмэгтэй,2011,89.3
Сүхбаатар,45-49,Эмэгтэй,2010,87.8
Сүхбаатар,45-49,Эмэгтэй,2009,76.6
Сүхбаатар,50-54,Нийт,2025,81.3
Сүхбаатар,50-54,Нийт,2024,84.0
Сүхбаатар,50-54,Нийт,2023,92.2
Сүхбаатар,50-54,Нийт,2022,84.6
Сүхбаатар,50-54,Нийт,2021,88.9
Сүхбаатар,50-54,Нийт,2020,70.8
Сүхбаатар,50-54,Нийт,2019,85.2
Сүхбаатар,50-54,Нийт,2018,69.2
Сүхбаатар,50-54,Нийт,2017,79.3
Сүхбаатар,50-54,Нийт,2016,75.8
Сүхбаатар,50-54,Нийт,2015,82.9
Сүхбаатар,50-54,Нийт,2014,75.2
Сүхбаатар,50-54,Нийт,2013,68.6
Сүхбаатар,50-54,Нийт,2012,74.8
Сүхбаатар,50-54,Нийт,2011,70.5
Сүхбаатар,50-54,Нийт,2010,73.5
Сүхбаатар,50-54,Нийт,2009,83.5
Сүхбаатар,50-54,Эрэгтэй,2025,90.5
Сүхбаатар,50-54,Эрэгтэй,2024,82.0
Сүхбаатар,50-54,Эрэгтэй,2023,93.6
Сүхбаатар,50-54,Эрэгтэй,2022,85.0
Сүхбаатар,50-54,Эрэгтэй,2021,97.2
Сүхбаатар,50-54,Эрэгтэй,2020,73.5
Сүхбаатар,50-54,Эрэгтэй,2019,93.5
Сүхбаатар,50-54,Эрэгтэй,2018,70.3
Сүхбаатар,50-54,Эрэгтэй,2017,72.7
Сүхбаатар,50-54,Эрэгтэй,2016,85.3
Сүхбаатар,50-54,Эрэгтэй,2015,92.4
Сүхбаатар,50-54,Эрэгтэй,2014,81.6
Сүхбаатар,50-54,Эрэгтэй,2013,73.9
Сүхбаатар,50-54,Эрэгтэй,2012,83.9
Сүхбаатар,50-54,Эрэгтэй,2011,76.0
Сүхбаатар,50-54,Эрэгтэй,2010,84.0
Сүхбаатар,50-54,Эрэгтэй,2009,82.6
Сүхбаатар,50-54,Эмэгтэй,2025,72.1
Сүхбаатар,50-54,Эмэгтэй,2024,86.8
Сүхбаатар,50-54,Эмэгтэй,2023,91.0
Сүхбаатар,50-54,Эмэгтэй,2022,84.4
Сүхбаатар,50-54,Эмэгтэй,2021,79.7
Сүхбаатар,50-54,Эмэгтэй,2020,69.0
Сүхбаатар,50-54,Эмэгтэй,2019,76.0
Сүхбаатар,50-54,Эмэгтэй,2018,68.4
Сүхбаатар,50-54,Эмэгтэй,2017,85.1
Сүхбаатар,50-54,Эмэгтэй,2016,70.6
Сүхбаатар,50-54,Эмэгтэй,2015,74.1
Сүхбаатар,50-54,Эмэгтэй,2014,69.0
Сүхбаатар,50-54,Эмэгтэй,2013,63.7
Сүхбаатар,50-54,Эмэгтэй,2012,66.6
Сүхбаатар,50-54,Эмэгтэй,2011,64.2
Сүхбаатар,50-54,Эмэгтэй,2010,63.2
Сүхбаатар,50-54,Эмэгтэй,2009,84.1
Сүхбаатар,55-59,Нийт,2025,55.5
Сүхбаатар,55-59,Нийт,2024,73.6
Сүхбаатар,55-59,Нийт,2023,75.1
Сүхбаатар,55-59,Нийт,2022,36.2
Сүхбаатар,55-59,Нийт,2021,55.7
Сүхбаатар,55-59,Нийт,2020,52.2
Сүхбаатар,55-59,Нийт,2019,51.0
Сүхбаатар,55-59,Нийт,2018,68.4
Сүхбаатар,55-59,Нийт,2017,49.5
Сүхбаатар,55-59,Нийт,2016,60.3
Сүхбаатар,55-59,Нийт,2015,51.6
Сүхбаатар,55-59,Нийт,2014,61.5
Сүхбаатар,55-59,Нийт,2013,48.5
Сүхбаатар,55-59,Нийт,2012,74.3
Сүхбаатар,55-59,Нийт,2011,46.6
Сүхбаатар,55-59,Нийт,2010,75.7
Сүхбаатар,55-59,Нийт,2009,40.3
Сүхбаатар,55-59,Эрэгтэй,2025,62.4
Сүхбаатар,55-59,Эрэгтэй,2024,84.0
Сүхбаатар,55-59,Эрэгтэй,2023,85.5
Сүхбаатар,55-59,Эрэгтэй,2022,46.0
Сүхбаатар,55-59,Эрэгтэй,2021,54.5
Сүхбаатар,55-59,Эрэгтэй,2020,68.8
Сүхбаатар,55-59,Эрэгтэй,2019,65.2
Сүхбаатар,55-59,Эрэгтэй,2018,74.1
Сүхбаатар,55-59,Эрэгтэй,2017,63.5
Сүхбаатар,55-59,Эрэгтэй,2016,74.2
Сүхбаатар,55-59,Эрэгтэй,2015,67.9
Сүхбаатар,55-59,Эрэгтэй,2014,81.8
Сүхбаатар,55-59,Эрэгтэй,2013,60.0
Сүхбаатар,55-59,Эрэгтэй,2012,83.2
Сүхбаатар,55-59,Эрэгтэй,2011,73.0
Сүхбаатар,55-59,Эрэгтэй,2010,79.2
Сүхбаатар,55-59,Эрэгтэй,2009,51.7
Сүхбаатар,55-59,Эмэгтэй,2025,51.8
Сүхбаатар,55-59,Эмэгтэй,2024,63.9
Сүхбаатар,55-59,Эмэгтэй,2023,64.2
Сүхбаатар,55-59,Эмэгтэй,2022,27.3
Сүхбаатар,55-59,Эмэгтэй,2021,57.3
Сүхбаатар,55-59,Эмэгтэй,2020,28.4
Сүхбаатар,55-59,Эмэгтэй,2019,37.3
Сүхбаатар,55-59,Эмэгтэй,2018,63.4
Сүхбаатар,55-59,Эмэгтэй,2017,35.8
Сүхбаатар,55-59,Эмэгтэй,2016,44.4
Сүхбаатар,55-59,Эмэгтэй,2015,37.9
Сүхбаатар,55-59,Эмэгтэй,2014,44.5
Сүхбаатар,55-59,Эмэгтэй,2013,38.9
Сүхбаатар,55-59,Эмэгтэй,2012,68.7
Сүхбаатар,55-59,Эмэгтэй,2011,27.7
Сүхбаатар,55-59,Эмэгтэй,2010,72.0
Сүхбаатар,55-59,Эмэгтэй,2009,21.8
Сүхбаатар,60-64,Нийт,2025,56.6
Сүхбаатар,60-64,Нийт,2024,43.1
Сүхбаатар,60-64,Нийт,2023,34.0
Сүхбаатар,60-64,Нийт,2022,41.0
Сүхбаатар,60-64,Нийт,2021,26.9
Сүхбаатар,60-64,Нийт,2020,40.5
Сүхбаатар,60-64,Нийт,2019,48.3
Сүхбаатар,60-64,Нийт,2018,30.6
Сүхбаатар,60-64,Нийт,2017,34.3
Сүхбаатар,60-64,Нийт,2016,29.3
Сүхбаатар,60-64,Нийт,2015,38.0
Сүхбаатар,60-64,Нийт,2014,32.4
Сүхбаатар,60-64,Нийт,2013,46.5
Сүхбаатар,60-64,Нийт,2012,58.8
Сүхбаатар,60-64,Нийт,2011,53.9
Сүхбаатар,60-64,Нийт,2010,52.0
Сүхбаатар,60-64,Нийт,2009,32.0
Сүхбаатар,60-64,Эрэгтэй,2025,42.4
Сүхбаатар,60-64,Эрэгтэй,2024,53.9
Сүхбаатар,60-64,Эрэгтэй,2023,58.4
Сүхбаатар,60-64,Эрэгтэй,2022,59.2
Сүхбаатар,60-64,Эрэгтэй,2021,42.6
Сүхбаатар,60-64,Эрэгтэй,2020,69.8
Сүхбаатар,60-64,Эрэгтэй,2019,65.7
Сүхбаатар,60-64,Эрэгтэй,2018,23.1
Сүхбаатар,60-64,Эрэгтэй,2017,38.3
Сүхбаатар,60-64,Эрэгтэй,2016,30.8
Сүхбаатар,60-64,Эрэгтэй,2015,48.4
Сүхбаатар,60-64,Эрэгтэй,2014,32.4
Сүхбаатар,60-64,Эрэгтэй,2013,41.8
Сүхбаатар,60-64,Эрэгтэй,2012,83.1
Сүхбаатар,60-64,Эрэгтэй,2011,58.5
Сүхбаатар,60-64,Эрэгтэй,2010,45.7
Сүхбаатар,60-64,Эрэгтэй,2009,48.9
Сүхбаатар,60-64,Эмэгтэй,2025,69.3
Сүхбаатар,60-64,Эмэгтэй,2024,34.8
Сүхбаатар,60-64,Эмэгтэй,2023,17.4
Сүхбаатар,60-64,Эмэгтэй,2022,32.0
Сүхбаатар,60-64,Эмэгтэй,2021,10.5
Сүхбаатар,60-64,Эмэгтэй,2020,12.0
Сүхбаатар,60-64,Эмэгтэй,2019,38.7
Сүхбаатар,60-64,Эмэгтэй,2018,37.2
Сүхбаатар,60-64,Эмэгтэй,2017,29.5
Сүхбаатар,60-64,Эмэгтэй,2016,28.1
Сүхбаатар,60-64,Эмэгтэй,2015,32.3
Сүхбаатар,60-64,Эмэгтэй,2014,32.4
Сүхбаатар,60-64,Эмэгтэй,2013,55.3
Сүхбаатар,60-64,Эмэгтэй,2012,45.0
Сүхбаатар,60-64,Эмэгтэй,2011,48.0
Сүхбаатар,60-64,Эмэгтэй,2010,60.6
Сүхбаатар,60-64,Эмэгтэй,2009,16.3
Сүхбаатар,65-69,Нийт,2025,35.3
Сүхбаатар,65-69,Нийт,2024,19.4
Сүхбаатар,65-69,Нийт,2023,36.8
Сүхбаатар,65-69,Нийт,2022,24.4
Сүхбаатар,65-69,Нийт,2021,17.2
Сүхбаатар,65-69,Нийт,2020,26.3
Сүхбаатар,65-69,Нийт,2019,21.0
Сүхбаатар,65-69,Нийт,2018,33.8
Сүхбаатар,65-69,Нийт,2017,18.7
Сүхбаатар,65-69,Нийт,2016,36.4
Сүхбаатар,65-69,Нийт,2015,27.6
Сүхбаатар,65-69,Нийт,2014,47.8
Сүхбаатар,65-69,Нийт,2013,15.2
Сүхбаатар,65-69,Нийт,2012,33.4
Сүхбаатар,65-69,Нийт,2011,25.6
Сүхбаатар,65-69,Нийт,2010,20.4
Сүхбаатар,65-69,Нийт,2009,38.6
Сүхбаатар,65-69,Эрэгтэй,2025,34.0
Сүхбаатар,65-69,Эрэгтэй,2024,32.3
Сүхбаатар,65-69,Эрэгтэй,2023,43.9
Сүхбаатар,65-69,Эрэгтэй,2022,14.7
Сүхбаатар,65-69,Эрэгтэй,2021,35.5
Сүхбаатар,65-69,Эрэгтэй,2020,26.8
Сүхбаатар,65-69,Эрэгтэй,2019,36.7
Сүхбаатар,65-69,Эрэгтэй,2018,28.2
Сүхбаатар,65-69,Эрэгтэй,2017,29.6
Сүхбаатар,65-69,Эрэгтэй,2016,59.2
Сүхбаатар,65-69,Эрэгтэй,2015,34.2
Сүхбаатар,65-69,Эрэгтэй,2014,46.3
Сүхбаатар,65-69,Эрэгтэй,2013,40.5
Сүхбаатар,65-69,Эрэгтэй,2012,40.8
Сүхбаатар,65-69,Эрэгтэй,2011,73.3
Сүхбаатар,65-69,Эрэгтэй,2010,15.1
Сүхбаатар,65-69,Эрэгтэй,2009,29.5
Сүхбаатар,65-69,Эмэгтэй,2025,36.1
Сүхбаатар,65-69,Эмэгтэй,2024,9.4
Сүхбаатар,65-69,Эмэгтэй,2023,31.7
Сүхбаатар,65-69,Эмэгтэй,2022,34.4
Сүхбаатар,65-69,Эмэгтэй,2021,10.8
Сүхбаатар,65-69,Эмэгтэй,2020,26.1
Сүхбаатар,65-69,Эмэгтэй,2019,10.8
Сүхбаатар,65-69,Эмэгтэй,2018,38.5
Сүхбаатар,65-69,Эмэгтэй,2017,10.9
Сүхбаатар,65-69,Эмэгтэй,2016,11.1
Сүхбаатар,65-69,Эмэгтэй,2015,25.0
Сүхбаатар,65-69,Эмэгтэй,2014,49.6
Сүхбаатар,65-69,Эмэгтэй,2013,6.9
Сүхбаатар,65-69,Эмэгтэй,2012,0.0
Сүхбаатар,65-69,Эмэгтэй,2011,8.3
Сүхбаатар,65-69,Эмэгтэй,2010,24.5
Сүхбаатар,65-69,Эмэгтэй,2009,53.1
Сүхбаатар,70+,Нийт,2025,1.9
Сүхбаатар,70+,Нийт,2024,6.8
Сүхбаатар,70+,Нийт,2023,20.5
Сүхбаатар,70+,Нийт,2022,8.9
Сүхбаатар,70+,Нийт,2021,7.2
Сүхбаатар,70+,Нийт,2020,34.7
Сүхбаатар,70+,Нийт,2019,7.6
Сүхбаатар,70+,Нийт,2018,6.4
Сүхбаатар,70+,Нийт,2017,6.5
Сүхбаатар,70+,Нийт,2016,10.3
Сүхбаатар,70+,Нийт,2015,5.9
Сүхбаатар,70+,Нийт,2014,3.6
Сүхбаатар,70+,Нийт,2013,9.9
Сүхбаатар,70+,Нийт,2012,14.9
Сүхбаатар,70+,Нийт,2011,13.8
Сүхбаатар,70+,Нийт,2010,6.0
Сүхбаатар,70+,Нийт,2009,17.0
Сүхбаатар,70+,Эрэгтэй,2025,0.0
Сүхбаатар,70+,Эрэгтэй,2024,0.0
Сүхбаатар,70+,Эрэгтэй,2023,36.0
Сүхбаатар,70+,Эрэгтэй,2022,8.9
Сүхбаатар,70+,Эрэгтэй,2021,19.2
Сүхбаатар,70+,Эрэгтэй,2020,49.8
Сүхбаатар,70+,Эрэгтэй,2019,0.0
Сүхбаатар,70+,Эрэгтэй,2018,14.5
Сүхбаатар,70+,Эрэгтэй,2017,18.4
Сүхбаатар,70+,Эрэгтэй,2016,12.8
Сүхбаатар,70+,Эрэгтэй,2015,8.4
Сүхбаатар,70+,Эрэгтэй,2014,0.0
Сүхбаатар,70+,Эрэгтэй,2013,12.7
Сүхбаатар,70+,Эрэгтэй,2012,19.2
Сүхбаатар,70+,Эрэгтэй,2011,40.4
Сүхбаатар,70+,Эрэгтэй,2010,7.5
Сүхбаатар,70+,Эрэгтэй,2009,25.5
Сүхбаатар,70+,Эмэгтэй,2025,2.8
Сүхбаатар,70+,Эмэгтэй,2024,8.4
Сүхбаатар,70+,Эмэгтэй,2023,10.5
Сүхбаатар,70+,Эмэгтэй,2022,8.9
Сүхбаатар,70+,Эмэгтэй,2021,1.9
Сүхбаатар,70+,Эмэгтэй,2020,29.7
Сүхбаатар,70+,Эмэгтэй,2019,13.0
Сүхбаатар,70+,Эмэгтэй,2018,0.0
Сүхбаатар,70+,Эмэгтэй,2017,0.0
Сүхбаатар,70+,Эмэгтэй,2016,7.3
Сүхбаатар,70+,Эмэгтэй,2015,4.5
Сүхбаатар,70+,Эмэгтэй,2014,5.0
Сүхбаатар,70+,Эмэгтэй,2013,8.5
Сүхбаатар,70+,Эмэгтэй,2012,13.4
Сүхбаатар,70+,Эмэгтэй,2011,0.0
Сүхбаатар,70+,Эмэгтэй,2010,5.0
Сүхбаатар,70+,Эмэгтэй,2009,13.0
Хэнтий,Бүгд,Нийт,2025,65.4
Хэнтий,Бүгд,Нийт,2024,64.7
Хэнтий,Бүгд,Нийт,2023,70.1
Хэнтий,Бүгд,Нийт,2022,71.0
Хэнтий,Бүгд,Нийт,2021,72.2
Хэнтий,Бүгд,Нийт,2020,65.4
Хэнтий,Бүгд,Нийт,2019,67.3
Хэнтий,Бүгд,Нийт,2018,55.8
Хэнтий,Бүгд,Нийт,2017,56.4
Хэнтий,Бүгд,Нийт,2016,64.6
Хэнтий,Бүгд,Нийт,2015,65.9
Хэнтий,Бүгд,Нийт,2014,63.2
Хэнтий,Бүгд,Нийт,2013,68.5
Хэнтий,Бүгд,Нийт,2012,64.6
Хэнтий,Бүгд,Нийт,2011,52.4
Хэнтий,Бүгд,Нийт,2010,46.7
Хэнтий,Бүгд,Нийт,2009,48.6
Хэнтий,Бүгд,Эрэгтэй,2025,71.4
Хэнтий,Бүгд,Эрэгтэй,2024,70.1
Хэнтий,Бүгд,Эрэгтэй,2023,76.4
Хэнтий,Бүгд,Эрэгтэй,2022,76.8
Хэнтий,Бүгд,Эрэгтэй,2021,75.7
Хэнтий,Бүгд,Эрэгтэй,2020,73.1
Хэнтий,Бүгд,Эрэгтэй,2019,70.8
Хэнтий,Бүгд,Эрэгтэй,2018,61.3
Хэнтий,Бүгд,Эрэгтэй,2017,65.5
Хэнтий,Бүгд,Эрэгтэй,2016,70.0
Хэнтий,Бүгд,Эрэгтэй,2015,71.0
Хэнтий,Бүгд,Эрэгтэй,2014,69.1
Хэнтий,Бүгд,Эрэгтэй,2013,72.5
Хэнтий,Бүгд,Эрэгтэй,2012,69.2
Хэнтий,Бүгд,Эрэгтэй,2011,56.0
Хэнтий,Бүгд,Эрэгтэй,2010,46.8
Хэнтий,Бүгд,Эрэгтэй,2009,53.2
Хэнтий,Бүгд,Эмэгтэй,2025,59.8
Хэнтий,Бүгд,Эмэгтэй,2024,59.2
Хэнтий,Бүгд,Эмэгтэй,2023,64.1
Хэнтий,Бүгд,Эмэгтэй,2022,65.3
Хэнтий,Бүгд,Эмэгтэй,2021,68.3
Хэнтий,Бүгд,Эмэгтэй,2020,57.3
Хэнтий,Бүгд,Эмэгтэй,2019,63.7
Хэнтий,Бүгд,Эмэгтэй,2018,50.6
Хэнтий,Бүгд,Эмэгтэй,2017,47.4
Хэнтий,Бүгд,Эмэгтэй,2016,59.0
Хэнтий,Бүгд,Эмэгтэй,2015,61.2
Хэнтий,Бүгд,Эмэгтэй,2014,57.8
Хэнтий,Бүгд,Эмэгтэй,2013,64.5
Хэнтий,Бүгд,Эмэгтэй,2012,60.7
Хэнтий,Бүгд,Эмэгтэй,2011,48.6
Хэнтий,Бүгд,Эмэгтэй,2010,46.5
Хэнтий,Бүгд,Эмэгтэй,2009,44.7
Хэнтий,15-19,Нийт,2025,11.3
Хэнтий,15-19,Нийт,2024,11.2
Хэнтий,15-19,Нийт,2023,13.3
Хэнтий,15-19,Нийт,2022,12.1
Хэнтий,15-19,Нийт,2021,16.6
Хэнтий,15-19,Нийт,2020,16.2
Хэнтий,15-19,Нийт,2019,13.1
Хэнтий,15-19,Нийт,2018,15.7
Хэнтий,15-19,Нийт,2017,7.6
Хэнтий,15-19,Нийт,2016,11.0
Хэнтий,15-19,Нийт,2015,8.6
Хэнтий,15-19,Нийт,2014,8.7
Хэнтий,15-19,Нийт,2013,20.0
Хэнтий,15-19,Нийт,2012,34.0
Хэнтий,15-19,Нийт,2011,13.3
Хэнтий,15-19,Нийт,2010,10.6
Хэнтий,15-19,Нийт,2009,4.9
Хэнтий,15-19,Эрэгтэй,2025,19.7
Хэнтий,15-19,Эрэгтэй,2024,16.7
Хэнтий,15-19,Эрэгтэй,2023,24.7
Хэнтий,15-19,Эрэгтэй,2022,18.5
Хэнтий,15-19,Эрэгтэй,2021,12.3
Хэнтий,15-19,Эрэгтэй,2020,25.6
Хэнтий,15-19,Эрэгтэй,2019,20.4
Хэнтий,15-19,Эрэгтэй,2018,22.2
Хэнтий,15-19,Эрэгтэй,2017,15.1
Хэнтий,15-19,Эрэгтэй,2016,8.5
Хэнтий,15-19,Эрэгтэй,2015,14.8
Хэнтий,15-19,Эрэгтэй,2014,14.2
Хэнтий,15-19,Эрэгтэй,2013,25.4
Хэнтий,15-19,Эрэгтэй,2012,40.6
Хэнтий,15-19,Эрэгтэй,2011,16.9
Хэнтий,15-19,Эрэгтэй,2010,12.9
Хэнтий,15-19,Эрэгтэй,2009,12.1
Хэнтий,15-19,Эмэгтэй,2025,0.0
Хэнтий,15-19,Эмэгтэй,2024,3.1
Хэнтий,15-19,Эмэгтэй,2023,1.4
Хэнтий,15-19,Эмэгтэй,2022,6.8
Хэнтий,15-19,Эмэгтэй,2021,23.3
Хэнтий,15-19,Эмэгтэй,2020,5.8
Хэнтий,15-19,Эмэгтэй,2019,2.9
Хэнтий,15-19,Эмэгтэй,2018,6.8
Хэнтий,15-19,Эмэгтэй,2017,1.6
Хэнтий,15-19,Эмэгтэй,2016,14.4
Хэнтий,15-19,Эмэгтэй,2015,1.8
Хэнтий,15-19,Эмэгтэй,2014,2.3
Хэнтий,15-19,Эмэгтэй,2013,13.3
Хэнтий,15-19,Эмэгтэй,2012,27.3
Хэнтий,15-19,Эмэгтэй,2011,9.0
Хэнтий,15-19,Эмэгтэй,2010,8.2
Хэнтий,15-19,Эмэгтэй,2009,0.0
Хэнтий,20-24,Нийт,2025,50.3
Хэнтий,20-24,Нийт,2024,36.6
Хэнтий,20-24,Нийт,2023,81.0
Хэнтий,20-24,Нийт,2022,55.7
Хэнтий,20-24,Нийт,2021,55.3
Хэнтий,20-24,Нийт,2020,50.9
Хэнтий,20-24,Нийт,2019,71.8
Хэнтий,20-24,Нийт,2018,49.6
Хэнтий,20-24,Нийт,2017,49.8
Хэнтий,20-24,Нийт,2016,55.4
Хэнтий,20-24,Нийт,2015,66.1
Хэнтий,20-24,Нийт,2014,61.6
Хэнтий,20-24,Нийт,2013,63.4
Хэнтий,20-24,Нийт,2012,60.3
Хэнтий,20-24,Нийт,2011,33.7
Хэнтий,20-24,Нийт,2010,43.6
Хэнтий,20-24,Нийт,2009,37.2
Хэнтий,20-24,Эрэгтэй,2025,54.9
Хэнтий,20-24,Эрэгтэй,2024,51.9
Хэнтий,20-24,Эрэгтэй,2023,88.0
Хэнтий,20-24,Эрэгтэй,2022,83.3
Хэнтий,20-24,Эрэгтэй,2021,66.3
Хэнтий,20-24,Эрэгтэй,2020,61.1
Хэнтий,20-24,Эрэгтэй,2019,72.2
Хэнтий,20-24,Эрэгтэй,2018,53.7
Хэнтий,20-24,Эрэгтэй,2017,59.6
Хэнтий,20-24,Эрэгтэй,2016,69.9
Хэнтий,20-24,Эрэгтэй,2015,77.8
Хэнтий,20-24,Эрэгтэй,2014,77.6
Хэнтий,20-24,Эрэгтэй,2013,70.4
Хэнтий,20-24,Эрэгтэй,2012,71.4
Хэнтий,20-24,Эрэгтэй,2011,42.7
Хэнтий,20-24,Эрэгтэй,2010,47.7
Хэнтий,20-24,Эрэгтэй,2009,46.3
Хэнтий,20-24,Эмэгтэй,2025,37.2
Хэнтий,20-24,Эмэгтэй,2024,24.0
Хэнтий,20-24,Эмэгтэй,2023,72.8
Хэнтий,20-24,Эмэгтэй,2022,25.9
Хэнтий,20-24,Эмэгтэй,2021,41.6
Хэнтий,20-24,Эмэгтэй,2020,36.4
Хэнтий,20-24,Эмэгтэй,2019,71.5
Хэнтий,20-24,Эмэгтэй,2018,43.7
Хэнтий,20-24,Эмэгтэй,2017,34.4
Хэнтий,20-24,Эмэгтэй,2016,41.2
Хэнтий,20-24,Эмэгтэй,2015,53.5
Хэнтий,20-24,Эмэгтэй,2014,46.9
Хэнтий,20-24,Эмэгтэй,2013,51.0
Хэнтий,20-24,Эмэгтэй,2012,51.5
Хэнтий,20-24,Эмэгтэй,2011,24.2
Хэнтий,20-24,Эмэгтэй,2010,40.2
Хэнтий,20-24,Эмэгтэй,2009,32.6
Хэнтий,25-29,Нийт,2025,79.3
Хэнтий,25-29,Нийт,2024,95.6
Хэнтий,25-29,Нийт,2023,92.9
Хэнтий,25-29,Нийт,2022,92.4
Хэнтий,25-29,Нийт,2021,91.2
Хэнтий,25-29,Нийт,2020,94.6
Хэнтий,25-29,Нийт,2019,83.8
Хэнтий,25-29,Нийт,2018,62.6
Хэнтий,25-29,Нийт,2017,65.6
Хэнтий,25-29,Нийт,2016,81.7
Хэнтий,25-29,Нийт,2015,77.0
Хэнтий,25-29,Нийт,2014,78.7
Хэнтий,25-29,Нийт,2013,85.2
Хэнтий,25-29,Нийт,2012,76.0
Хэнтий,25-29,Нийт,2011,65.4
Хэнтий,25-29,Нийт,2010,53.6
Хэнтий,25-29,Нийт,2009,72.3
Хэнтий,25-29,Эрэгтэй,2025,100.0
Хэнтий,25-29,Эрэгтэй,2024,100.0
Хэнтий,25-29,Эрэгтэй,2023,100.0
Хэнтий,25-29,Эрэгтэй,2022,100.0
Хэнтий,25-29,Эрэгтэй,2021,100.0
Хэнтий,25-29,Эрэгтэй,2020,96.2
Хэнтий,25-29,Эрэгтэй,2019,92.3
Хэнтий,25-29,Эрэгтэй,2018,73.3
Хэнтий,25-29,Эрэгтэй,2017,77.9
Хэнтий,25-29,Эрэгтэй,2016,86.6
Хэнтий,25-29,Эрэгтэй,2015,88.7
Хэнтий,25-29,Эрэгтэй,2014,91.9
Хэнтий,25-29,Эрэгтэй,2013,90.9
Хэнтий,25-29,Эрэгтэй,2012,73.9
Хэнтий,25-29,Эрэгтэй,2011,72.0
Хэнтий,25-29,Эрэгтэй,2010,57.5
Хэнтий,25-29,Эрэгтэй,2009,74.8
Хэнтий,25-29,Эмэгтэй,2025,59.2
Хэнтий,25-29,Эмэгтэй,2024,83.7
Хэнтий,25-29,Эмэгтэй,2023,83.0
Хэнтий,25-29,Эмэгтэй,2022,83.2
Хэнтий,25-29,Эмэгтэй,2021,85.0
Хэнтий,25-29,Эмэгтэй,2020,92.1
Хэнтий,25-29,Эмэгтэй,2019,76.6
Хэнтий,25-29,Эмэгтэй,2018,53.8
Хэнтий,25-29,Эмэгтэй,2017,56.2
Хэнтий,25-29,Эмэгтэй,2016,76.4
Хэнтий,25-29,Эмэгтэй,2015,65.6
Хэнтий,25-29,Эмэгтэй,2014,65.3
Хэнтий,25-29,Эмэгтэй,2013,80.9
Хэнтий,25-29,Эмэгтэй,2012,77.9
Хэнтий,25-29,Эмэгтэй,2011,58.4
Хэнтий,25-29,Эмэгтэй,2010,48.4
Хэнтий,25-29,Эмэгтэй,2009,67.3
Хэнтий,30-34,Нийт,2025,90.7
Хэнтий,30-34,Нийт,2024,88.2
Хэнтий,30-34,Нийт,2023,72.3
Хэнтий,30-34,Нийт,2022,90.2
Хэнтий,30-34,Нийт,2021,94.5
Хэнтий,30-34,Нийт,2020,93.1
Хэнтий,30-34,Нийт,2019,83.2
Хэнтий,30-34,Нийт,2018,70.8
Хэнтий,30-34,Нийт,2017,76.0
Хэнтий,30-34,Нийт,2016,83.5
Хэнтий,30-34,Нийт,2015,87.2
Хэнтий,30-34,Нийт,2014,84.1
Хэнтий,30-34,Нийт,2013,86.7
Хэнтий,30-34,Нийт,2012,87.4
Хэнтий,30-34,Нийт,2011,75.4
Хэнтий,30-34,Нийт,2010,61.5
Хэнтий,30-34,Нийт,2009,73.8
Хэнтий,30-34,Эрэгтэй,2025,100.0
Хэнтий,30-34,Эрэгтэй,2024,88.6
Хэнтий,30-34,Эрэгтэй,2023,80.4
Хэнтий,30-34,Эрэгтэй,2022,100.0
Хэнтий,30-34,Эрэгтэй,2021,100.0
Хэнтий,30-34,Эрэгтэй,2020,100.0
Хэнтий,30-34,Эрэгтэй,2019,87.7
Хэнтий,30-34,Эрэгтэй,2018,79.4
Хэнтий,30-34,Эрэгтэй,2017,84.3
Хэнтий,30-34,Эрэгтэй,2016,81.5
Хэнтий,30-34,Эрэгтэй,2015,90.2
Хэнтий,30-34,Эрэгтэй,2014,92.7
Хэнтий,30-34,Эрэгтэй,2013,90.6
Хэнтий,30-34,Эрэгтэй,2012,89.8
Хэнтий,30-34,Эрэгтэй,2011,74.1
Хэнтий,30-34,Эрэгтэй,2010,58.1
Хэнтий,30-34,Эрэгтэй,2009,76.3
Хэнтий,30-34,Эмэгтэй,2025,84.5
Хэнтий,30-34,Эмэгтэй,2024,88.0
Хэнтий,30-34,Эмэгтэй,2023,62.9
Хэнтий,30-34,Эмэгтэй,2022,82.8
Хэнтий,30-34,Эмэгтэй,2021,88.3
Хэнтий,30-34,Эмэгтэй,2020,86.8
Хэнтий,30-34,Эмэгтэй,2019,78.3
Хэнтий,30-34,Эмэгтэй,2018,64.0
Хэнтий,30-34,Эмэгтэй,2017,63.3
Хэнтий,30-34,Эмэгтэй,2016,85.5
Хэнтий,30-34,Эмэгтэй,2015,84.4
Хэнтий,30-34,Эмэгтэй,2014,74.7
Хэнтий,30-34,Эмэгтэй,2013,83.3
Хэнтий,30-34,Эмэгтэй,2012,85.7
Хэнтий,30-34,Эмэгтэй,2011,76.5
Хэнтий,30-34,Эмэгтэй,2010,65.0
Хэнтий,30-34,Эмэгтэй,2009,72.2
Хэнтий,35-39,Нийт,2025,95.9
Хэнтий,35-39,Нийт,2024,98.6
Хэнтий,35-39,Нийт,2023,80.4
Хэнтий,35-39,Нийт,2022,86.7
Хэнтий,35-39,Нийт,2021,91.0
Хэнтий,35-39,Нийт,2020,78.2
Хэнтий,35-39,Нийт,2019,90.4
Хэнтий,35-39,Нийт,2018,76.4
Хэнтий,35-39,Нийт,2017,73.6
Хэнтий,35-39,Нийт,2016,81.0
Хэнтий,35-39,Нийт,2015,89.3
Хэнтий,35-39,Нийт,2014,81.9
Хэнтий,35-39,Нийт,2013,87.7
Хэнтий,35-39,Нийт,2012,92.1
Хэнтий,35-39,Нийт,2011,76.0
Хэнтий,35-39,Нийт,2010,63.1
Хэнтий,35-39,Нийт,2009,70.6
Хэнтий,35-39,Эрэгтэй,2025,98.1
Хэнтий,35-39,Эрэгтэй,2024,100.0
Хэнтий,35-39,Эрэгтэй,2023,86.4
Хэнтий,35-39,Эрэгтэй,2022,95.0
Хэнтий,35-39,Эрэгтэй,2021,94.4
Хэнтий,35-39,Эрэгтэй,2020,79.6
Хэнтий,35-39,Эрэгтэй,2019,96.5
Хэнтий,35-39,Эрэгтэй,2018,77.4
Хэнтий,35-39,Эрэгтэй,2017,87.1
Хэнтий,35-39,Эрэгтэй,2016,86.1
Хэнтий,35-39,Эрэгтэй,2015,93.9
Хэнтий,35-39,Эрэгтэй,2014,86.4
Хэнтий,35-39,Эрэгтэй,2013,94.7
Хэнтий,35-39,Эрэгтэй,2012,97.1
Хэнтий,35-39,Эрэгтэй,2011,76.6
Хэнтий,35-39,Эрэгтэй,2010,55.3
Хэнтий,35-39,Эрэгтэй,2009,66.3
Хэнтий,35-39,Эмэгтэй,2025,93.5
Хэнтий,35-39,Эмэгтэй,2024,97.2
Хэнтий,35-39,Эмэгтэй,2023,75.3
Хэнтий,35-39,Эмэгтэй,2022,78.9
Хэнтий,35-39,Эмэгтэй,2021,87.4
Хэнтий,35-39,Эмэгтэй,2020,76.4
Хэнтий,35-39,Эмэгтэй,2019,84.5
Хэнтий,35-39,Эмэгтэй,2018,75.5
Хэнтий,35-39,Эмэгтэй,2017,62.0
Хэнтий,35-39,Эмэгтэй,2016,75.0
Хэнтий,35-39,Эмэгтэй,2015,85.3
Хэнтий,35-39,Эмэгтэй,2014,78.7
Хэнтий,35-39,Эмэгтэй,2013,81.7
Хэнтий,35-39,Эмэгтэй,2012,87.4
Хэнтий,35-39,Эмэгтэй,2011,75.5
Хэнтий,35-39,Эмэгтэй,2010,70.0
Хэнтий,35-39,Эмэгтэй,2009,74.9
Хэнтий,40-44,Нийт,2025,87.9
Хэнтий,40-44,Нийт,2024,92.3
Хэнтий,40-44,Нийт,2023,89.6
Хэнтий,40-44,Нийт,2022,96.1
Хэнтий,40-44,Нийт,2021,84.6
Хэнтий,40-44,Нийт,2020,98.3
Хэнтий,40-44,Нийт,2019,98.0
Хэнтий,40-44,Нийт,2018,84.5
Хэнтий,40-44,Нийт,2017,76.2
Хэнтий,40-44,Нийт,2016,83.1
Хэнтий,40-44,Нийт,2015,91.8
Хэнтий,40-44,Нийт,2014,88.8
Хэнтий,40-44,Нийт,2013,91.4
Хэнтий,40-44,Нийт,2012,80.9
Хэнтий,40-44,Нийт,2011,79.4
Хэнтий,40-44,Нийт,2010,57.6
Хэнтий,40-44,Нийт,2009,62.6
Хэнтий,40-44,Эрэгтэй,2025,91.5
Хэнтий,40-44,Эрэгтэй,2024,95.7
Хэнтий,40-44,Эрэгтэй,2023,95.8
Хэнтий,40-44,Эрэгтэй,2022,95.7
Хэнтий,40-44,Эрэгтэй,2021,94.0
Хэнтий,40-44,Эрэгтэй,2020,100.0
Хэнтий,40-44,Эрэгтэй,2019,97.1
Хэнтий,40-44,Эрэгтэй,2018,87.5
Хэнтий,40-44,Эрэгтэй,2017,85.3
Хэнтий,40-44,Эрэгтэй,2016,85.8
Хэнтий,40-44,Эрэгтэй,2015,92.6
Хэнтий,40-44,Эрэгтэй,2014,91.5
Хэнтий,40-44,Эрэгтэй,2013,92.7
Хэнтий,40-44,Эрэгтэй,2012,81.3
Хэнтий,40-44,Эрэгтэй,2011,85.2
Хэнтий,40-44,Эрэгтэй,2010,62.5
Хэнтий,40-44,Эрэгтэй,2009,79.2
Хэнтий,40-44,Эмэгтэй,2025,84.5
Хэнтий,40-44,Эмэгтэй,2024,88.1
Хэнтий,40-44,Эмэгтэй,2023,85.9
Хэнтий,40-44,Эмэгтэй,2022,96.7
Хэнтий,40-44,Эмэгтэй,2021,76.3
Хэнтий,40-44,Эмэгтэй,2020,97.1
Хэнтий,40-44,Эмэгтэй,2019,98.9
Хэнтий,40-44,Эмэгтэй,2018,81.0
Хэнтий,40-44,Эмэгтэй,2017,69.6
Хэнтий,40-44,Эмэгтэй,2016,80.4
Хэнтий,40-44,Эмэгтэй,2015,91.1
Хэнтий,40-44,Эмэгтэй,2014,86.6
Хэнтий,40-44,Эмэгтэй,2013,90.0
Хэнтий,40-44,Эмэгтэй,2012,80.5
Хэнтий,40-44,Эмэгтэй,2011,69.6
Хэнтий,40-44,Эмэгтэй,2010,53.7
Хэнтий,40-44,Эмэгтэй,2009,53.1
Хэнтий,45-49,Нийт,2025,94.7
Хэнтий,45-49,Нийт,2024,97.2
Хэнтий,45-49,Нийт,2023,95.8
Хэнтий,45-49,Нийт,2022,90.9
Хэнтий,45-49,Нийт,2021,96.8
Хэнтий,45-49,Нийт,2020,80.2
Хэнтий,45-49,Нийт,2019,84.8
Хэнтий,45-49,Нийт,2018,74.4
Хэнтий,45-49,Нийт,2017,73.5
Хэнтий,45-49,Нийт,2016,80.1
Хэнтий,45-49,Нийт,2015,83.1
Хэнтий,45-49,Нийт,2014,84.8
Хэнтий,45-49,Нийт,2013,90.1
Хэнтий,45-49,Нийт,2012,80.5
Хэнтий,45-49,Нийт,2011,71.5
Хэнтий,45-49,Нийт,2010,56.7
Хэнтий,45-49,Нийт,2009,76.6
Хэнтий,45-49,Эрэгтэй,2025,96.4
Хэнтий,45-49,Эрэгтэй,2024,98.8
Хэнтий,45-49,Эрэгтэй,2023,96.5
Хэнтий,45-49,Эрэгтэй,2022,83.3
Хэнтий,45-49,Эрэгтэй,2021,98.6
Хэнтий,45-49,Эрэгтэй,2020,86.7
Хэнтий,45-49,Эрэгтэй,2019,86.7
Хэнтий,45-49,Эрэгтэй,2018,80.3
Хэнтий,45-49,Эрэгтэй,2017,75.9
Хэнтий,45-49,Эрэгтэй,2016,83.7
Хэнтий,45-49,Эрэгтэй,2015,79.8
Хэнтий,45-49,Эрэгтэй,2014,86.7
Хэнтий,45-49,Эрэгтэй,2013,90.8
Хэнтий,45-49,Эрэгтэй,2012,73.9
Хэнтий,45-49,Эрэгтэй,2011,75.4
Хэнтий,45-49,Эрэгтэй,2010,41.8
Хэнтий,45-49,Эрэгтэй,2009,72.3
Хэнтий,45-49,Эмэгтэй,2025,93.1
Хэнтий,45-49,Эмэгтэй,2024,95.3
Хэнтий,45-49,Эмэгтэй,2023,95.0
Хэнтий,45-49,Эмэгтэй,2022,98.7
Хэнтий,45-49,Эмэгтэй,2021,94.4
Хэнтий,45-49,Эмэгтэй,2020,74.8
Хэнтий,45-49,Эмэгтэй,2019,83.2
Хэнтий,45-49,Эмэгтэй,2018,69.5
Хэнтий,45-49,Эмэгтэй,2017,71.7
Хэнтий,45-49,Эмэгтэй,2016,76.5
Хэнтий,45-49,Эмэгтэй,2015,86.2
Хэнтий,45-49,Эмэгтэй,2014,82.9
Хэнтий,45-49,Эмэгтэй,2013,89.4
Хэнтий,45-49,Эмэгтэй,2012,86.9
Хэнтий,45-49,Эмэгтэй,2011,68.9
Хэнтий,45-49,Эмэгтэй,2010,70.3
Хэнтий,45-49,Эмэгтэй,2009,81.7
Хэнтий,50-54,Нийт,2025,80.3
Хэнтий,50-54,Нийт,2024,81.1
Хэнтий,50-54,Нийт,2023,83.6
Хэнтий,50-54,Нийт,2022,92.8
Хэнтий,50-54,Нийт,2021,90.9
Хэнтий,50-54,Нийт,2020,75.8
Хэнтий,50-54,Нийт,2019,77.3
Хэнтий,50-54,Нийт,2018,63.8
Хэнтий,50-54,Нийт,2017,61.6
Хэнтий,50-54,Нийт,2016,70.6
Хэнтий,50-54,Нийт,2015,68.3
Хэнтий,50-54,Нийт,2014,78.7
Хэнтий,50-54,Нийт,2013,79.9
Хэнтий,50-54,Нийт,2012,71.7
Хэнтий,50-54,Нийт,2011,59.4
Хэнтий,50-54,Нийт,2010,68.0
Хэнтий,50-54,Нийт,2009,68.6
Хэнтий,50-54,Эрэгтэй,2025,82.6
Хэнтий,50-54,Эрэгтэй,2024,73.9
Хэнтий,50-54,Эрэгтэй,2023,88.2
Хэнтий,50-54,Эрэгтэй,2022,98.5
Хэнтий,50-54,Эрэгтэй,2021,90.5
Хэнтий,50-54,Эрэгтэй,2020,91.9
Хэнтий,50-54,Эрэгтэй,2019,81.5
Хэнтий,50-54,Эрэгтэй,2018,58.8
Хэнтий,50-54,Эрэгтэй,2017,68.1
Хэнтий,50-54,Эрэгтэй,2016,77.0
Хэнтий,50-54,Эрэгтэй,2015,73.8
Хэнтий,50-54,Эрэгтэй,2014,84.8
Хэнтий,50-54,Эрэгтэй,2013,88.0
Хэнтий,50-54,Эрэгтэй,2012,83.1
Хэнтий,50-54,Эрэгтэй,2011,56.3
Хэнтий,50-54,Эрэгтэй,2010,67.5
Хэнтий,50-54,Эрэгтэй,2009,63.1
Хэнтий,50-54,Эмэгтэй,2025,78.1
Хэнтий,50-54,Эмэгтэй,2024,88.0
Хэнтий,50-54,Эмэгтэй,2023,78.7
Хэнтий,50-54,Эмэгтэй,2022,88.2
Хэнтий,50-54,Эмэгтэй,2021,91.6
Хэнтий,50-54,Эмэгтэй,2020,54.5
Хэнтий,50-54,Эмэгтэй,2019,73.7
Хэнтий,50-54,Эмэгтэй,2018,69.3
Хэнтий,50-54,Эмэгтэй,2017,54.7
Хэнтий,50-54,Эмэгтэй,2016,61.7
Хэнтий,50-54,Эмэгтэй,2015,64.9
Хэнтий,50-54,Эмэгтэй,2014,72.9
Хэнтий,50-54,Эмэгтэй,2013,72.1
Хэнтий,50-54,Эмэгтэй,2012,57.8
Хэнтий,50-54,Эмэгтэй,2011,63.4
Хэнтий,50-54,Эмэгтэй,2010,68.7
Хэнтий,50-54,Эмэгтэй,2009,75.6
Хэнтий,55-59,Нийт,2025,51.5
Хэнтий,55-59,Нийт,2024,53.9
Хэнтий,55-59,Нийт,2023,60.9
Хэнтий,55-59,Нийт,2022,60.5
Хэнтий,55-59,Нийт,2021,85.7
Хэнтий,55-59,Нийт,2020,83.1
Хэнтий,55-59,Нийт,2019,62.6
Хэнтий,55-59,Нийт,2018,43.8
Хэнтий,55-59,Нийт,2017,56.0
Хэнтий,55-59,Нийт,2016,53.7
Хэнтий,55-59,Нийт,2015,59.5
Хэнтий,55-59,Нийт,2014,45.4
Хэнтий,55-59,Нийт,2013,47.8
Хэнтий,55-59,Нийт,2012,54.6
Хэнтий,55-59,Нийт,2011,40.8
Хэнтий,55-59,Нийт,2010,44.5
Хэнтий,55-59,Нийт,2009,32.0
Хэнтий,55-59,Эрэгтэй,2025,60.0
Хэнтий,55-59,Эрэгтэй,2024,68.2
Хэнтий,55-59,Эрэгтэй,2023,67.5
Хэнтий,55-59,Эрэгтэй,2022,74.5
Хэнтий,55-59,Эрэгтэй,2021,98.4
Хэнтий,55-59,Эрэгтэй,2020,96.3
Хэнтий,55-59,Эрэгтэй,2019,68.9
Хэнтий,55-59,Эрэгтэй,2018,57.3
Хэнтий,55-59,Эрэгтэй,2017,67.4
Хэнтий,55-59,Эрэгтэй,2016,68.7
Хэнтий,55-59,Эрэгтэй,2015,68.0
Хэнтий,55-59,Эрэгтэй,2014,62.5
Хэнтий,55-59,Эрэгтэй,2013,57.5
Хэнтий,55-59,Эрэгтэй,2012,59.4
Хэнтий,55-59,Эрэгтэй,2011,55.3
Хэнтий,55-59,Эрэгтэй,2010,60.6
Хэнтий,55-59,Эрэгтэй,2009,29.0
Хэнтий,55-59,Эмэгтэй,2025,46.0
Хэнтий,55-59,Эмэгтэй,2024,41.0
Хэнтий,55-59,Эмэгтэй,2023,56.9
Хэнтий,55-59,Эмэгтэй,2022,52.3
Хэнтий,55-59,Эмэгтэй,2021,71.4
Хэнтий,55-59,Эмэгтэй,2020,66.4
Хэнтий,55-59,Эмэгтэй,2019,55.1
Хэнтий,55-59,Эмэгтэй,2018,34.2
Хэнтий,55-59,Эмэгтэй,2017,42.2
Хэнтий,55-59,Эмэгтэй,2016,41.2
Хэнтий,55-59,Эмэгтэй,2015,48.9
Хэнтий,55-59,Эмэгтэй,2014,29.4
Хэнтий,55-59,Эмэгтэй,2013,39.5
Хэнтий,55-59,Эмэгтэй,2012,51.4
Хэнтий,55-59,Эмэгтэй,2011,27.7
Хэнтий,55-59,Эмэгтэй,2010,35.2
Хэнтий,55-59,Эмэгтэй,2009,38.7
Хэнтий,60-64,Нийт,2025,40.3
Хэнтий,60-64,Нийт,2024,13.1
Хэнтий,60-64,Нийт,2023,37.7
Хэнтий,60-64,Нийт,2022,34.1
Хэнтий,60-64,Нийт,2021,64.6
Хэнтий,60-64,Нийт,2020,32.8
Хэнтий,60-64,Нийт,2019,48.2
Хэнтий,60-64,Нийт,2018,18.2
Хэнтий,60-64,Нийт,2017,40.0
Хэнтий,60-64,Нийт,2016,32.7
Хэнтий,60-64,Нийт,2015,44.9
Хэнтий,60-64,Нийт,2014,20.5
Хэнтий,60-64,Нийт,2013,18.0
Хэнтий,60-64,Нийт,2012,35.3
Хэнтий,60-64,Нийт,2011,39.5
Хэнтий,60-64,Нийт,2010,35.3
Хэнтий,60-64,Нийт,2009,17.8
Хэнтий,60-64,Эрэгтэй,2025,47.9
Хэнтий,60-64,Эрэгтэй,2024,17.6
Хэнтий,60-64,Эрэгтэй,2023,34.0
Хэнтий,60-64,Эрэгтэй,2022,26.6
Хэнтий,60-64,Эрэгтэй,2021,60.5
Хэнтий,60-64,Эрэгтэй,2020,33.8
Хэнтий,60-64,Эрэгтэй,2019,62.9
Хэнтий,60-64,Эрэгтэй,2018,22.1
Хэнтий,60-64,Эрэгтэй,2017,51.6
Хэнтий,60-64,Эрэгтэй,2016,43.5
Хэнтий,60-64,Эрэгтэй,2015,67.6
Хэнтий,60-64,Эрэгтэй,2014,19.1
Хэнтий,60-64,Эрэгтэй,2013,29.7
Хэнтий,60-64,Эрэгтэй,2012,34.5
Хэнтий,60-64,Эрэгтэй,2011,45.5
Хэнтий,60-64,Эрэгтэй,2010,37.8
Хэнтий,60-64,Эрэгтэй,2009,0.0
Хэнтий,60-64,Эмэгтэй,2025,35.3
Хэнтий,60-64,Эмэгтэй,2024,9.9
Хэнтий,60-64,Эмэгтэй,2023,40.5
Хэнтий,60-64,Эмэгтэй,2022,41.7
Хэнтий,60-64,Эмэгтэй,2021,67.8
Хэнтий,60-64,Эмэгтэй,2020,31.6
Хэнтий,60-64,Эмэгтэй,2019,38.5
Хэнтий,60-64,Эмэгтэй,2018,16.4
Хэнтий,60-64,Эмэгтэй,2017,31.4
Хэнтий,60-64,Эмэгтэй,2016,24.6
Хэнтий,60-64,Эмэгтэй,2015,31.0
Хэнтий,60-64,Эмэгтэй,2014,22.1
Хэнтий,60-64,Эмэгтэй,2013,7.1
Хэнтий,60-64,Эмэгтэй,2012,36.1
Хэнтий,60-64,Эмэгтэй,2011,0.0
Хэнтий,60-64,Эмэгтэй,2010,31.2
Хэнтий,60-64,Эмэгтэй,2009,26.4
Хэнтий,65-69,Нийт,2025,33.0
Хэнтий,65-69,Нийт,2024,41.4
Хэнтий,65-69,Нийт,2023,45.1
Хэнтий,65-69,Нийт,2022,33.9
Хэнтий,65-69,Нийт,2021,57.6
Хэнтий,65-69,Нийт,2020,11.7
Хэнтий,65-69,Нийт,2019,24.7
Хэнтий,65-69,Нийт,2018,18.2
Хэнтий,65-69,Нийт,2017,34.4
Хэнтий,65-69,Нийт,2016,15.7
Хэнтий,65-69,Нийт,2015,27.8
Хэнтий,65-69,Нийт,2014,13.2
Хэнтий,65-69,Нийт,2013,11.7
Хэнтий,65-69,Нийт,2012,38.7
Хэнтий,65-69,Нийт,2011,0.0
Хэнтий,65-69,Нийт,2010,18.7
Хэнтий,65-69,Нийт,2009,37.5
Хэнтий,65-69,Эрэгтэй,2025,44.0
Хэнтий,65-69,Эрэгтэй,2024,73.5
Хэнтий,65-69,Эрэгтэй,2023,57.9
Хэнтий,65-69,Эрэгтэй,2022,30.6
Хэнтий,65-69,Эрэгтэй,2021,74.0
Хэнтий,65-69,Эрэгтэй,2020,18.6
Хэнтий,65-69,Эрэгтэй,2019,36.7
Хэнтий,65-69,Эрэгтэй,2018,43.7
Хэнтий,65-69,Эрэгтэй,2017,39.0
Хэнтий,65-69,Эрэгтэй,2016,19.2
Хэнтий,65-69,Эрэгтэй,2015,26.8
Хэнтий,65-69,Эрэгтэй,2014,28.5
Хэнтий,65-69,Эрэгтэй,2013,21.9
Хэнтий,65-69,Эрэгтэй,2012,17.9
Хэнтий,65-69,Эрэгтэй,2011,
Хэнтий,65-69,Эрэгтэй,2010,29.9
Хэнтий,65-69,Эрэгтэй,2009,37.0
Хэнтий,65-69,Эмэгтэй,2025,21.6
Хэнтий,65-69,Эмэгтэй,2024,27.3
Хэнтий,65-69,Эмэгтэй,2023,37.3
Хэнтий,65-69,Эмэгтэй,2022,40.6
Хэнтий,65-69,Эмэгтэй,2021,41.9
Хэнтий,65-69,Эмэгтэй,2020,5.4
Хэнтий,65-69,Эмэгтэй,2019,17.3
Хэнтий,65-69,Эмэгтэй,2018,9.6
Хэнтий,65-69,Эмэгтэй,2017,26.5
Хэнтий,65-69,Эмэгтэй,2016,12.9
Хэнтий,65-69,Эмэгтэй,2015,29.3
Хэнтий,65-69,Эмэгтэй,2014,0.0
Хэнтий,65-69,Эмэгтэй,2013,0.0
Хэнтий,65-69,Эмэгтэй,2012,56.1
Хэнтий,65-69,Эмэгтэй,2011,0.0
Хэнтий,65-69,Эмэгтэй,2010,0.0
Хэнтий,65-69,Эмэгтэй,2009,37.7
Хэнтий,70+,Нийт,2025,4.2
Хэнтий,70+,Нийт,2024,11.6
Хэнтий,70+,Нийт,2023,8.8
Хэнтий,70+,Нийт,2022,17.8
Хэнтий,70+,Нийт,2021,1.4
Хэнтий,70+,Нийт,2020,5.0
Хэнтий,70+,Нийт,2019,13.5
Хэнтий,70+,Нийт,2018,5.0
Хэнтий,70+,Нийт,2017,13.2
Хэнтий,70+,Нийт,2016,6.1
Хэнтий,70+,Нийт,2015,10.1
Хэнтий,70+,Нийт,2014,5.3
Хэнтий,70+,Нийт,2013,0.0
Хэнтий,70+,Нийт,2012,11.5
Хэнтий,70+,Нийт,2011,5.2
Хэнтий,70+,Нийт,2010,7.5
Хэнтий,70+,Нийт,2009,0.0
Хэнтий,70+,Эрэгтэй,2025,7.9
Хэнтий,70+,Эрэгтэй,2024,12.7
Хэнтий,70+,Эрэгтэй,2023,16.4
Хэнтий,70+,Эрэгтэй,2022,15.6
Хэнтий,70+,Эрэгтэй,2021,3.2
Хэнтий,70+,Эрэгтэй,2020,14.7
Хэнтий,70+,Эрэгтэй,2019,17.3
Хэнтий,70+,Эрэгтэй,2018,10.6
Хэнтий,70+,Эрэгтэй,2017,26.3
Хэнтий,70+,Эрэгтэй,2016,16.8
Хэнтий,70+,Эрэгтэй,2015,12.5
Хэнтий,70+,Эрэгтэй,2014,3.6
Хэнтий,70+,Эрэгтэй,2013,0.0
Хэнтий,70+,Эрэгтэй,2012,26.5
Хэнтий,70+,Эрэгтэй,2011,11.5
Хэнтий,70+,Эрэгтэй,2010,0.0
Хэнтий,70+,Эрэгтэй,2009,0.0
Хэнтий,70+,Эмэгтэй,2025,1.8
Хэнтий,70+,Эмэгтэй,2024,10.5
Хэнтий,70+,Эмэгтэй,2023,0.0
Хэнтий,70+,Эмэгтэй,2022,20.1
Хэнтий,70+,Эмэгтэй,2021,0.0
Хэнтий,70+,Эмэгтэй,2020,1.9
Хэнтий,70+,Эмэгтэй,2019,7.8
Хэнтий,70+,Эмэгтэй,2018,0.0
Хэнтий,70+,Эмэгтэй,2017,0.0
Хэнтий,70+,Эмэгтэй,2016,0.0
Хэнтий,70+,Эмэгтэй,2015,8.4
Хэнтий,70+,Эмэгтэй,2014,6.7
Хэнтий,70+,Эмэгтэй,2013,0.0
Хэнтий,70+,Эмэгтэй,2012,4.8
Хэнтий,70+,Эмэгтэй,2011,0.0
Хэнтий,70+,Эмэгтэй,2010,11.4
Хэнтий,70+,Эмэгтэй,2009,0.0
Говийн бүс,Бүгд,Нийт,2025,62.3
Говийн бүс,Бүгд,Нийт,2024,65.8
Говийн бүс,Бүгд,Нийт,2023,66.5
Говийн бүс,Бүгд,Нийт,2022,66.7
Говийн бүс,Бүгд,Нийт,2021,66.6
Говийн бүс,Бүгд,Нийт,2020,72.1
Говийн бүс,Бүгд,Нийт,2019,75.3
Говийн бүс,Бүгд,Нийт,2018,70.0
Говийн бүс,Бүгд,Нийт,2017,71.1
Говийн бүс,Бүгд,Нийт,2016,69.3
Говийн бүс,Бүгд,Нийт,2015,69.6
Говийн бүс,Бүгд,Нийт,2014,68.9
Говийн бүс,Бүгд,Нийт,2013,63.4
Говийн бүс,Бүгд,Нийт,2012,66.2
Говийн бүс,Бүгд,Нийт,2011,70.0
Говийн бүс,Бүгд,Нийт,2010,70.7
Говийн бүс,Бүгд,Нийт,2009,65.0
Говийн бүс,Бүгд,Эрэгтэй,2025,69.1
Говийн бүс,Бүгд,Эрэгтэй,2024,71.3
Говийн бүс,Бүгд,Эрэгтэй,2023,74.1
Говийн бүс,Бүгд,Эрэгтэй,2022,73.1
Говийн бүс,Бүгд,Эрэгтэй,2021,72.8
Говийн бүс,Бүгд,Эрэгтэй,2020,78.1
Говийн бүс,Бүгд,Эрэгтэй,2019,81.5
Говийн бүс,Бүгд,Эрэгтэй,2018,78.1
Говийн бүс,Бүгд,Эрэгтэй,2017,77.2
Говийн бүс,Бүгд,Эрэгтэй,2016,75.5
Говийн бүс,Бүгд,Эрэгтэй,2015,76.3
Говийн бүс,Бүгд,Эрэгтэй,2014,74.9
Говийн бүс,Бүгд,Эрэгтэй,2013,67.7
Говийн бүс,Бүгд,Эрэгтэй,2012,71.1
Говийн бүс,Бүгд,Эрэгтэй,2011,75.5
Говийн бүс,Бүгд,Эрэгтэй,2010,76.6
Говийн бүс,Бүгд,Эрэгтэй,2009,70.7
Говийн бүс,Бүгд,Эмэгтэй,2025,55.6
Говийн бүс,Бүгд,Эмэгтэй,2024,60.7
Говийн бүс,Бүгд,Эмэгтэй,2023,59.5
Говийн бүс,Бүгд,Эмэгтэй,2022,60.2
Говийн бүс,Бүгд,Эмэгтэй,2021,60.4
Говийн бүс,Бүгд,Эмэгтэй,2020,66.4
Говийн бүс,Бүгд,Эмэгтэй,2019,69.4
Говийн бүс,Бүгд,Эмэгтэй,2018,62.9
Говийн бүс,Бүгд,Эмэгтэй,2017,65.6
Говийн бүс,Бүгд,Эмэгтэй,2016,63.4
Говийн бүс,Бүгд,Эмэгтэй,2015,63.3
Говийн бүс,Бүгд,Эмэгтэй,2014,63.1
Говийн бүс,Бүгд,Эмэгтэй,2013,59.3
Говийн бүс,Бүгд,Эмэгтэй,2012,61.3
Говийн бүс,Бүгд,Эмэгтэй,2011,64.8
Говийн бүс,Бүгд,Эмэгтэй,2010,65.1
Говийн бүс,Бүгд,Эмэгтэй,2009,59.6
Говийн бүс,15-19,Нийт,2025,6.7
Говийн бүс,15-19,Нийт,2024,6.9
Говийн бүс,15-19,Нийт,2023,11.9
Говийн бүс,15-19,Нийт,2022,7.9
Говийн бүс,15-19,Нийт,2021,15.1
Говийн бүс,15-19,Нийт,2020,15.2
Говийн бүс,15-19,Нийт,2019,15.7
Говийн бүс,15-19,Нийт,2018,15.8
Говийн бүс,15-19,Нийт,2017,17.0
Говийн бүс,15-19,Нийт,2016,18.5
Говийн бүс,15-19,Нийт,2015,20.1
Говийн бүс,15-19,Нийт,2014,18.5
Говийн бүс,15-19,Нийт,2013,12.4
Говийн бүс,15-19,Нийт,2012,35.5
Говийн бүс,15-19,Нийт,2011,24.6
Говийн бүс,15-19,Нийт,2010,20.3
Говийн бүс,15-19,Нийт,2009,16.1
Говийн бүс,15-19,Эрэгтэй,2025,9.2
Говийн бүс,15-19,Эрэгтэй,2024,8.6
Говийн бүс,15-19,Эрэгтэй,2023,16.5
Говийн бүс,15-19,Эрэгтэй,2022,10.8
Говийн бүс,15-19,Эрэгтэй,2021,20.1
Говийн бүс,15-19,Эрэгтэй,2020,20.1
Говийн бүс,15-19,Эрэгтэй,2019,24.9
Говийн бүс,15-19,Эрэгтэй,2018,24.4
Говийн бүс,15-19,Эрэгтэй,2017,23.9
Говийн бүс,15-19,Эрэгтэй,2016,24.6
Говийн бүс,15-19,Эрэгтэй,2015,30.2
Говийн бүс,15-19,Эрэгтэй,2014,24.3
Говийн бүс,15-19,Эрэгтэй,2013,14.7
Говийн бүс,15-19,Эрэгтэй,2012,40.2
Говийн бүс,15-19,Эрэгтэй,2011,28.9
Говийн бүс,15-19,Эрэгтэй,2010,22.8
Говийн бүс,15-19,Эрэгтэй,2009,18.4
Говийн бүс,15-19,Эмэгтэй,2025,3.0
Говийн бүс,15-19,Эмэгтэй,2024,4.7
Говийн бүс,15-19,Эмэгтэй,2023,6.7
Говийн бүс,15-19,Эмэгтэй,2022,5.1
Говийн бүс,15-19,Эмэгтэй,2021,5.6
Говийн бүс,15-19,Эмэгтэй,2020,9.5
Говийн бүс,15-19,Эмэгтэй,2019,7.0
Говийн бүс,15-19,Эмэгтэй,2018,9.2
Говийн бүс,15-19,Эмэгтэй,2017,10.2
Говийн бүс,15-19,Эмэгтэй,2016,11.9
Говийн бүс,15-19,Эмэгтэй,2015,10.8
Говийн бүс,15-19,Эмэгтэй,2014,12.3
Говийн бүс,15-19,Эмэгтэй,2013,9.9
Говийн бүс,15-19,Эмэгтэй,2012,30.5
Говийн бүс,15-19,Эмэгтэй,2011,19.7
Говийн бүс,15-19,Эмэгтэй,2010,18.0
Говийн бүс,15-19,Эмэгтэй,2009,13.6
Говийн бүс,20-24,Нийт,2025,53.2
Говийн бүс,20-24,Нийт,2024,50.5
Говийн бүс,20-24,Нийт,2023,56.0
Говийн бүс,20-24,Нийт,2022,58.5
Говийн бүс,20-24,Нийт,2021,52.1
Говийн бүс,20-24,Нийт,2020,67.0
Говийн бүс,20-24,Нийт,2019,71.6
Говийн бүс,20-24,Нийт,2018,67.6
Говийн бүс,20-24,Нийт,2017,70.7
Говийн бүс,20-24,Нийт,2016,64.7
Говийн бүс,20-24,Нийт,2015,67.0
Говийн бүс,20-24,Нийт,2014,65.5
Говийн бүс,20-24,Нийт,2013,54.4
Говийн бүс,20-24,Нийт,2012,57.8
Говийн бүс,20-24,Нийт,2011,67.6
Говийн бүс,20-24,Нийт,2010,68.7
Говийн бүс,20-24,Нийт,2009,67.6
Говийн бүс,20-24,Эрэгтэй,2025,66.2
Говийн бүс,20-24,Эрэгтэй,2024,61.2
Говийн бүс,20-24,Эрэгтэй,2023,62.3
Говийн бүс,20-24,Эрэгтэй,2022,67.6
Говийн бүс,20-24,Эрэгтэй,2021,61.8
Говийн бүс,20-24,Эрэгтэй,2020,83.8
Говийн бүс,20-24,Эрэгтэй,2019,80.5
Говийн бүс,20-24,Эрэгтэй,2018,77.5
Говийн бүс,20-24,Эрэгтэй,2017,80.7
Говийн бүс,20-24,Эрэгтэй,2016,74.0
Говийн бүс,20-24,Эрэгтэй,2015,74.9
Говийн бүс,20-24,Эрэгтэй,2014,75.4
Говийн бүс,20-24,Эрэгтэй,2013,61.3
Говийн бүс,20-24,Эрэгтэй,2012,64.6
Говийн бүс,20-24,Эрэгтэй,2011,77.6
Говийн бүс,20-24,Эрэгтэй,2010,77.3
Говийн бүс,20-24,Эрэгтэй,2009,76.1
Говийн бүс,20-24,Эмэгтэй,2025,36.4
Говийн бүс,20-24,Эмэгтэй,2024,38.6
Говийн бүс,20-24,Эмэгтэй,2023,50.1
Говийн бүс,20-24,Эмэгтэй,2022,46.2
Говийн бүс,20-24,Эмэгтэй,2021,41.2
Говийн бүс,20-24,Эмэгтэй,2020,47.3
Говийн бүс,20-24,Эмэгтэй,2019,62.0
Говийн бүс,20-24,Эмэгтэй,2018,58.8
Говийн бүс,20-24,Эмэгтэй,2017,59.4
Говийн бүс,20-24,Эмэгтэй,2016,54.4
Говийн бүс,20-24,Эмэгтэй,2015,59.0
Говийн бүс,20-24,Эмэгтэй,2014,53.8
Говийн бүс,20-24,Эмэгтэй,2013,46.7
Говийн бүс,20-24,Эмэгтэй,2012,49.1
Говийн бүс,20-24,Эмэгтэй,2011,55.1
Говийн бүс,20-24,Эмэгтэй,2010,58.0
Говийн бүс,20-24,Эмэгтэй,2009,57.8
Говийн бүс,25-29,Нийт,2025,81.9
Говийн бүс,25-29,Нийт,2024,80.6
Говийн бүс,25-29,Нийт,2023,86.2
Говийн бүс,25-29,Нийт,2022,80.6
Говийн бүс,25-29,Нийт,2021,81.8
Говийн бүс,25-29,Нийт,2020,82.7
Говийн бүс,25-29,Нийт,2019,83.9
Говийн бүс,25-29,Нийт,2018,78.8
Говийн бүс,25-29,Нийт,2017,79.9
Говийн бүс,25-29,Нийт,2016,85.3
Говийн бүс,25-29,Нийт,2015,81.7
Говийн бүс,25-29,Нийт,2014,81.7
Говийн бүс,25-29,Нийт,2013,77.1
Говийн бүс,25-29,Нийт,2012,77.2
Говийн бүс,25-29,Нийт,2011,80.2
Говийн бүс,25-29,Нийт,2010,85.6
Говийн бүс,25-29,Нийт,2009,83.0
Говийн бүс,25-29,Эрэгтэй,2025,94.9
Говийн бүс,25-29,Эрэгтэй,2024,95.8
Говийн бүс,25-29,Эрэгтэй,2023,92.0
Говийн бүс,25-29,Эрэгтэй,2022,88.8
Говийн бүс,25-29,Эрэгтэй,2021,93.9
Говийн бүс,25-29,Эрэгтэй,2020,92.4
Говийн бүс,25-29,Эрэгтэй,2019,86.5
Говийн бүс,25-29,Эрэгтэй,2018,93.8
Говийн бүс,25-29,Эрэгтэй,2017,93.5
Говийн бүс,25-29,Эрэгтэй,2016,92.0
Говийн бүс,25-29,Эрэгтэй,2015,92.7
Говийн бүс,25-29,Эрэгтэй,2014,92.9
Говийн бүс,25-29,Эрэгтэй,2013,85.4
Говийн бүс,25-29,Эрэгтэй,2012,85.1
Говийн бүс,25-29,Эрэгтэй,2011,88.5
Говийн бүс,25-29,Эрэгтэй,2010,92.1
Говийн бүс,25-29,Эрэгтэй,2009,91.9
Говийн бүс,25-29,Эмэгтэй,2025,68.7
Говийн бүс,25-29,Эмэгтэй,2024,69.0
Говийн бүс,25-29,Эмэгтэй,2023,81.0
Говийн бүс,25-29,Эмэгтэй,2022,74.9
Говийн бүс,25-29,Эмэгтэй,2021,67.9
Говийн бүс,25-29,Эмэгтэй,2020,75.6
Говийн бүс,25-29,Эмэгтэй,2019,81.8
Говийн бүс,25-29,Эмэгтэй,2018,67.8
Говийн бүс,25-29,Эмэгтэй,2017,69.5
Говийн бүс,25-29,Эмэгтэй,2016,78.3
Говийн бүс,25-29,Эмэгтэй,2015,70.4
Говийн бүс,25-29,Эмэгтэй,2014,71.9
Говийн бүс,25-29,Эмэгтэй,2013,68.7
Говийн бүс,25-29,Эмэгтэй,2012,69.7
Говийн бүс,25-29,Эмэгтэй,2011,73.6
Говийн бүс,25-29,Эмэгтэй,2010,78.9
Говийн бүс,25-29,Эмэгтэй,2009,73.7
Говийн бүс,30-34,Нийт,2025,85.6
Говийн бүс,30-34,Нийт,2024,88.1
Говийн бүс,30-34,Нийт,2023,85.6
Говийн бүс,30-34,Нийт,2022,83.6
Говийн бүс,30-34,Нийт,2021,87.6
Говийн бүс,30-34,Нийт,2020,93.5
Говийн бүс,30-34,Нийт,2019,86.0
Говийн бүс,30-34,Нийт,2018,85.7
Говийн бүс,30-34,Нийт,2017,88.4
Говийн бүс,30-34,Нийт,2016,81.4
Говийн бүс,30-34,Нийт,2015,83.5
Говийн бүс,30-34,Нийт,2014,87.3
Говийн бүс,30-34,Нийт,2013,81.8
Говийн бүс,30-34,Нийт,2012,82.3
Говийн бүс,30-34,Нийт,2011,87.4
Говийн бүс,30-34,Нийт,2010,89.2
Говийн бүс,30-34,Нийт,2009,89.7
Говийн бүс,30-34,Эрэгтэй,2025,94.7
Говийн бүс,30-34,Эрэгтэй,2024,94.6
Говийн бүс,30-34,Эрэгтэй,2023,96.3
Говийн бүс,30-34,Эрэгтэй,2022,92.0
Говийн бүс,30-34,Эрэгтэй,2021,96.4
Говийн бүс,30-34,Эрэгтэй,2020,99.4
Говийн бүс,30-34,Эрэгтэй,2019,96.9
Говийн бүс,30-34,Эрэгтэй,2018,92.3
Говийн бүс,30-34,Эрэгтэй,2017,94.9
Говийн бүс,30-34,Эрэгтэй,2016,90.0
Говийн бүс,30-34,Эрэгтэй,2015,91.1
Говийн бүс,30-34,Эрэгтэй,2014,90.6
Говийн бүс,30-34,Эрэгтэй,2013,83.5
Говийн бүс,30-34,Эрэгтэй,2012,88.4
Говийн бүс,30-34,Эрэгтэй,2011,90.6
Говийн бүс,30-34,Эрэгтэй,2010,95.6
Говийн бүс,30-34,Эрэгтэй,2009,96.3
Говийн бүс,30-34,Эмэгтэй,2025,75.2
Говийн бүс,30-34,Эмэгтэй,2024,81.1
Говийн бүс,30-34,Эмэгтэй,2023,76.2
Говийн бүс,30-34,Эмэгтэй,2022,74.6
Говийн бүс,30-34,Эмэгтэй,2021,76.9
Говийн бүс,30-34,Эмэгтэй,2020,87.6
Говийн бүс,30-34,Эмэгтэй,2019,76.3
Говийн бүс,30-34,Эмэгтэй,2018,78.9
Говийн бүс,30-34,Эмэгтэй,2017,82.0
Говийн бүс,30-34,Эмэгтэй,2016,73.4
Говийн бүс,30-34,Эмэгтэй,2015,76.6
Говийн бүс,30-34,Эмэгтэй,2014,83.4
Говийн бүс,30-34,Эмэгтэй,2013,80.2
Говийн бүс,30-34,Эмэгтэй,2012,75.8
Говийн бүс,30-34,Эмэгтэй,2011,84.5
Говийн бүс,30-34,Эмэгтэй,2010,83.4
Говийн бүс,30-34,Эмэгтэй,2009,84.1
Говийн бүс,35-39,Нийт,2025,88.7
Говийн бүс,35-39,Нийт,2024,82.5
Говийн бүс,35-39,Нийт,2023,82.0
Говийн бүс,35-39,Нийт,2022,89.8
Говийн бүс,35-39,Нийт,2021,82.2
Говийн бүс,35-39,Нийт,2020,92.1
Говийн бүс,35-39,Нийт,2019,92.2
Говийн бүс,35-39,Нийт,2018,85.8
Говийн бүс,35-39,Нийт,2017,90.3
Говийн бүс,35-39,Нийт,2016,87.1
Говийн бүс,35-39,Нийт,2015,86.9
Говийн бүс,35-39,Нийт,2014,87.0
Говийн бүс,35-39,Нийт,2013,86.1
Говийн бүс,35-39,Нийт,2012,85.9
Говийн бүс,35-39,Нийт,2011,87.2
Говийн бүс,35-39,Нийт,2010,92.3
Говийн бүс,35-39,Нийт,2009,93.3
Говийн бүс,35-39,Эрэгтэй,2025,99.1
Говийн бүс,35-39,Эрэгтэй,2024,89.4
Говийн бүс,35-39,Эрэгтэй,2023,90.6
Говийн бүс,35-39,Эрэгтэй,2022,94.3
Говийн бүс,35-39,Эрэгтэй,2021,94.8
Говийн бүс,35-39,Эрэгтэй,2020,91.0
Говийн бүс,35-39,Эрэгтэй,2019,95.8
Говийн бүс,35-39,Эрэгтэй,2018,93.1
Говийн бүс,35-39,Эрэгтэй,2017,93.4
Говийн бүс,35-39,Эрэгтэй,2016,92.6
Говийн бүс,35-39,Эрэгтэй,2015,90.7
Говийн бүс,35-39,Эрэгтэй,2014,92.2
Говийн бүс,35-39,Эрэгтэй,2013,87.5
Говийн бүс,35-39,Эрэгтэй,2012,90.3
Говийн бүс,35-39,Эрэгтэй,2011,93.9
Говийн бүс,35-39,Эрэгтэй,2010,94.0
Говийн бүс,35-39,Эрэгтэй,2009,97.0
Говийн бүс,35-39,Эмэгтэй,2025,77.8
Говийн бүс,35-39,Эмэгтэй,2024,75.7
Говийн бүс,35-39,Эмэгтэй,2023,74.3
Говийн бүс,35-39,Эмэгтэй,2022,85.0
Говийн бүс,35-39,Эмэгтэй,2021,72.9
Говийн бүс,35-39,Эмэгтэй,2020,93.3
Говийн бүс,35-39,Эмэгтэй,2019,87.9
Говийн бүс,35-39,Эмэгтэй,2018,78.4
Говийн бүс,35-39,Эмэгтэй,2017,87.8
Говийн бүс,35-39,Эмэгтэй,2016,81.9
Говийн бүс,35-39,Эмэгтэй,2015,83.3
Говийн бүс,35-39,Эмэгтэй,2014,82.3
Говийн бүс,35-39,Эмэгтэй,2013,84.8
Говийн бүс,35-39,Эмэгтэй,2012,82.1
Говийн бүс,35-39,Эмэгтэй,2011,80.7
Говийн бүс,35-39,Эмэгтэй,2010,90.7
Говийн бүс,35-39,Эмэгтэй,2009,90.0
Говийн бүс,40-44,Нийт,2025,92.3
Говийн бүс,40-44,Нийт,2024,91.0
Говийн бүс,40-44,Нийт,2023,90.7
Говийн бүс,40-44,Нийт,2022,84.1
Говийн бүс,40-44,Нийт,2021,83.6
Говийн бүс,40-44,Нийт,2020,87.1
Говийн бүс,40-44,Нийт,2019,91.2
Говийн бүс,40-44,Нийт,2018,89.3
Говийн бүс,40-44,Нийт,2017,90.2
Говийн бүс,40-44,Нийт,2016,87.7
Говийн бүс,40-44,Нийт,2015,89.1
Говийн бүс,40-44,Нийт,2014,91.7
Говийн бүс,40-44,Нийт,2013,83.0
Говийн бүс,40-44,Нийт,2012,88.4
Говийн бүс,40-44,Нийт,2011,89.5
Говийн бүс,40-44,Нийт,2010,92.6
Говийн бүс,40-44,Нийт,2009,92.6
Говийн бүс,40-44,Эрэгтэй,2025,93.6
Говийн бүс,40-44,Эрэгтэй,2024,92.9
Говийн бүс,40-44,Эрэгтэй,2023,91.5
Говийн бүс,40-44,Эрэгтэй,2022,90.0
Говийн бүс,40-44,Эрэгтэй,2021,85.8
Говийн бүс,40-44,Эрэгтэй,2020,89.8
Говийн бүс,40-44,Эрэгтэй,2019,93.9
Говийн бүс,40-44,Эрэгтэй,2018,91.4
Говийн бүс,40-44,Эрэгтэй,2017,90.9
Говийн бүс,40-44,Эрэгтэй,2016,88.6
Говийн бүс,40-44,Эрэгтэй,2015,89.6
Говийн бүс,40-44,Эрэгтэй,2014,94.2
Говийн бүс,40-44,Эрэгтэй,2013,83.7
Говийн бүс,40-44,Эрэгтэй,2012,89.5
Говийн бүс,40-44,Эрэгтэй,2011,93.3
Говийн бүс,40-44,Эрэгтэй,2010,91.6
Говийн бүс,40-44,Эрэгтэй,2009,94.6
Говийн бүс,40-44,Эмэгтэй,2025,90.7
Говийн бүс,40-44,Эмэгтэй,2024,88.9
Говийн бүс,40-44,Эмэгтэй,2023,89.8
Говийн бүс,40-44,Эмэгтэй,2022,77.6
Говийн бүс,40-44,Эмэгтэй,2021,81.8
Говийн бүс,40-44,Эмэгтэй,2020,84.5
Говийн бүс,40-44,Эмэгтэй,2019,88.8
Говийн бүс,40-44,Эмэгтэй,2018,87.3
Говийн бүс,40-44,Эмэгтэй,2017,89.5
Говийн бүс,40-44,Эмэгтэй,2016,86.8
Говийн бүс,40-44,Эмэгтэй,2015,88.7
Говийн бүс,40-44,Эмэгтэй,2014,89.3
Говийн бүс,40-44,Эмэгтэй,2013,82.4
Говийн бүс,40-44,Эмэгтэй,2012,87.4
Говийн бүс,40-44,Эмэгтэй,2011,86.3
Говийн бүс,40-44,Эмэгтэй,2010,93.5
Говийн бүс,40-44,Эмэгтэй,2009,90.6
Говийн бүс,45-49,Нийт,2025,91.1
Говийн бүс,45-49,Нийт,2024,88.1
Говийн бүс,45-49,Нийт,2023,90.8
Говийн бүс,45-49,Нийт,2022,91.1
Говийн бүс,45-49,Нийт,2021,82.8
Говийн бүс,45-49,Нийт,2020,91.5
Говийн бүс,45-49,Нийт,2019,94.6
Говийн бүс,45-49,Нийт,2018,88.6
Говийн бүс,45-49,Нийт,2017,90.6
Говийн бүс,45-49,Нийт,2016,89.5
Говийн бүс,45-49,Нийт,2015,87.9
Говийн бүс,45-49,Нийт,2014,83.7
Говийн бүс,45-49,Нийт,2013,82.7
Говийн бүс,45-49,Нийт,2012,82.5
Говийн бүс,45-49,Нийт,2011,85.3
Говийн бүс,45-49,Нийт,2010,93.1
Говийн бүс,45-49,Нийт,2009,82.4
Говийн бүс,45-49,Эрэгтэй,2025,90.6
Говийн бүс,45-49,Эрэгтэй,2024,88.7
Говийн бүс,45-49,Эрэгтэй,2023,94.1
Говийн бүс,45-49,Эрэгтэй,2022,96.4
Говийн бүс,45-49,Эрэгтэй,2021,82.6
Говийн бүс,45-49,Эрэгтэй,2020,92.8
Говийн бүс,45-49,Эрэгтэй,2019,94.2
Говийн бүс,45-49,Эрэгтэй,2018,88.9
Говийн бүс,45-49,Эрэгтэй,2017,92.8
Говийн бүс,45-49,Эрэгтэй,2016,89.0
Говийн бүс,45-49,Эрэгтэй,2015,83.4
Говийн бүс,45-49,Эрэгтэй,2014,84.9
Говийн бүс,45-49,Эрэгтэй,2013,84.7
Говийн бүс,45-49,Эрэгтэй,2012,83.3
Говийн бүс,45-49,Эрэгтэй,2011,89.0
Говийн бүс,45-49,Эрэгтэй,2010,95.4
Говийн бүс,45-49,Эрэгтэй,2009,91.1
Говийн бүс,45-49,Эмэгтэй,2025,91.6
Говийн бүс,45-49,Эмэгтэй,2024,87.5
Говийн бүс,45-49,Эмэгтэй,2023,87.6
Говийн бүс,45-49,Эмэгтэй,2022,86.1
Говийн бүс,45-49,Эмэгтэй,2021,83.0
Говийн бүс,45-49,Эмэгтэй,2020,89.9
Говийн бүс,45-49,Эмэгтэй,2019,95.1
Говийн бүс,45-49,Эмэгтэй,2018,88.3
Говийн бүс,45-49,Эмэгтэй,2017,88.4
Говийн бүс,45-49,Эмэгтэй,2016,90.0
Говийн бүс,45-49,Эмэгтэй,2015,92.2
Говийн бүс,45-49,Эмэгтэй,2014,82.6
Говийн бүс,45-49,Эмэгтэй,2013,80.6
Говийн бүс,45-49,Эмэгтэй,2012,81.6
Говийн бүс,45-49,Эмэгтэй,2011,81.9
Говийн бүс,45-49,Эмэгтэй,2010,90.9
Говийн бүс,45-49,Эмэгтэй,2009,75.6
Говийн бүс,50-54,Нийт,2025,78.3
Говийн бүс,50-54,Нийт,2024,82.6
Говийн бүс,50-54,Нийт,2023,79.7
Говийн бүс,50-54,Нийт,2022,84.5
Говийн бүс,50-54,Нийт,2021,78.8
Говийн бүс,50-54,Нийт,2020,78.6
Говийн бүс,50-54,Нийт,2019,84.7
Говийн бүс,50-54,Нийт,2018,83.0
Говийн бүс,50-54,Нийт,2017,83.7
Говийн бүс,50-54,Нийт,2016,80.6
Говийн бүс,50-54,Нийт,2015,76.3
Говийн бүс,50-54,Нийт,2014,74.3
Говийн бүс,50-54,Нийт,2013,76.7
Говийн бүс,50-54,Нийт,2012,77.6
Говийн бүс,50-54,Нийт,2011,75.9
Говийн бүс,50-54,Нийт,2010,79.3
Говийн бүс,50-54,Нийт,2009,70.0
Говийн бүс,50-54,Эрэгтэй,2025,82.7
Говийн бүс,50-54,Эрэгтэй,2024,85.5
Говийн бүс,50-54,Эрэгтэй,2023,82.2
Говийн бүс,50-54,Эрэгтэй,2022,88.5
Говийн бүс,50-54,Эрэгтэй,2021,86.8
Говийн бүс,50-54,Эрэгтэй,2020,85.8
Говийн бүс,50-54,Эрэгтэй,2019,91.7
Говийн бүс,50-54,Эрэгтэй,2018,86.4
Говийн бүс,50-54,Эрэгтэй,2017,87.0
Говийн бүс,50-54,Эрэгтэй,2016,85.8
Говийн бүс,50-54,Эрэгтэй,2015,80.5
Говийн бүс,50-54,Эрэгтэй,2014,78.3
Говийн бүс,50-54,Эрэгтэй,2013,80.1
Говийн бүс,50-54,Эрэгтэй,2012,83.5
Говийн бүс,50-54,Эрэгтэй,2011,81.5
Говийн бүс,50-54,Эрэгтэй,2010,86.2
Говийн бүс,50-54,Эрэгтэй,2009,74.4
Говийн бүс,50-54,Эмэгтэй,2025,74.8
Говийн бүс,50-54,Эмэгтэй,2024,80.0
Говийн бүс,50-54,Эмэгтэй,2023,77.5
Говийн бүс,50-54,Эмэгтэй,2022,78.8
Говийн бүс,50-54,Эмэгтэй,2021,70.7
Говийн бүс,50-54,Эмэгтэй,2020,73.7
Говийн бүс,50-54,Эмэгтэй,2019,79.2
Говийн бүс,50-54,Эмэгтэй,2018,80.2
Говийн бүс,50-54,Эмэгтэй,2017,80.5
Говийн бүс,50-54,Эмэгтэй,2016,75.6
Говийн бүс,50-54,Эмэгтэй,2015,72.1
Говийн бүс,50-54,Эмэгтэй,2014,70.1
Говийн бүс,50-54,Эмэгтэй,2013,73.8
Говийн бүс,50-54,Эмэгтэй,2012,72.6
Говийн бүс,50-54,Эмэгтэй,2011,70.7
Говийн бүс,50-54,Эмэгтэй,2010,71.7
Говийн бүс,50-54,Эмэгтэй,2009,66.1
Говийн бүс,55-59,Нийт,2025,60.8
Говийн бүс,55-59,Нийт,2024,58.0
Говийн бүс,55-59,Нийт,2023,54.2
Говийн бүс,55-59,Нийт,2022,56.8
Говийн бүс,55-59,Нийт,2021,60.5
Говийн бүс,55-59,Нийт,2020,74.0
Говийн бүс,55-59,Нийт,2019,63.1
Говийн бүс,55-59,Нийт,2018,54.2
Говийн бүс,55-59,Нийт,2017,64.9
Говийн бүс,55-59,Нийт,2016,55.7
Говийн бүс,55-59,Нийт,2015,57.0
Говийн бүс,55-59,Нийт,2014,53.9
Говийн бүс,55-59,Нийт,2013,57.1
Говийн бүс,55-59,Нийт,2012,48.5
Говийн бүс,55-59,Нийт,2011,63.6
Говийн бүс,55-59,Нийт,2010,58.7
Говийн бүс,55-59,Нийт,2009,52.7
Говийн бүс,55-59,Эрэгтэй,2025,74.6
Говийн бүс,55-59,Эрэгтэй,2024,70.8
Говийн бүс,55-59,Эрэгтэй,2023,79.0
Говийн бүс,55-59,Эрэгтэй,2022,64.4
Говийн бүс,55-59,Эрэгтэй,2021,73.9
Говийн бүс,55-59,Эрэгтэй,2020,80.0
Говийн бүс,55-59,Эрэгтэй,2019,74.2
Говийн бүс,55-59,Эрэгтэй,2018,69.3
Говийн бүс,55-59,Эрэгтэй,2017,77.0
Говийн бүс,55-59,Эрэгтэй,2016,71.4
Говийн бүс,55-59,Эрэгтэй,2015,75.3
Говийн бүс,55-59,Эрэгтэй,2014,71.3
Говийн бүс,55-59,Эрэгтэй,2013,66.9
Говийн бүс,55-59,Эрэгтэй,2012,59.7
Говийн бүс,55-59,Эрэгтэй,2011,70.7
Говийн бүс,55-59,Эрэгтэй,2010,85.5
Говийн бүс,55-59,Эрэгтэй,2009,75.8
Говийн бүс,55-59,Эмэгтэй,2025,50.5
Говийн бүс,55-59,Эмэгтэй,2024,49.9
Говийн бүс,55-59,Эмэгтэй,2023,35.0
Говийн бүс,55-59,Эмэгтэй,2022,49.9
Говийн бүс,55-59,Эмэгтэй,2021,48.8
Говийн бүс,55-59,Эмэгтэй,2020,67.2
Говийн бүс,55-59,Эмэгтэй,2019,53.1
Говийн бүс,55-59,Эмэгтэй,2018,41.4
Говийн бүс,55-59,Эмэгтэй,2017,53.7
Говийн бүс,55-59,Эмэгтэй,2016,43.9
Говийн бүс,55-59,Эмэгтэй,2015,38.8
Говийн бүс,55-59,Эмэгтэй,2014,37.9
Говийн бүс,55-59,Эмэгтэй,2013,47.3
Говийн бүс,55-59,Эмэгтэй,2012,37.0
Говийн бүс,55-59,Эмэгтэй,2011,56.0
Говийн бүс,55-59,Эмэгтэй,2010,35.5
Говийн бүс,55-59,Эмэгтэй,2009,34.0
Говийн бүс,60-64,Нийт,2025,31.0
Говийн бүс,60-64,Нийт,2024,31.9
Говийн бүс,60-64,Нийт,2023,33.8
Говийн бүс,60-64,Нийт,2022,46.0
Говийн бүс,60-64,Нийт,2021,57.3
Говийн бүс,60-64,Нийт,2020,41.7
Говийн бүс,60-64,Нийт,2019,60.0
Говийн бүс,60-64,Нийт,2018,38.6
Говийн бүс,60-64,Нийт,2017,40.1
Говийн бүс,60-64,Нийт,2016,37.4
Говийн бүс,60-64,Нийт,2015,30.7
Говийн бүс,60-64,Нийт,2014,34.5
Говийн бүс,60-64,Нийт,2013,30.0
Говийн бүс,60-64,Нийт,2012,32.9
Говийн бүс,60-64,Нийт,2011,43.0
Говийн бүс,60-64,Нийт,2010,43.4
Говийн бүс,60-64,Нийт,2009,52.3
Говийн бүс,60-64,Эрэгтэй,2025,39.7
Говийн бүс,60-64,Эрэгтэй,2024,33.2
Говийн бүс,60-64,Эрэгтэй,2023,47.2
Говийн бүс,60-64,Эрэгтэй,2022,51.8
Говийн бүс,60-64,Эрэгтэй,2021,49.4
Говийн бүс,60-64,Эрэгтэй,2020,49.2
Говийн бүс,60-64,Эрэгтэй,2019,67.7
Говийн бүс,60-64,Эрэгтэй,2018,37.8
Говийн бүс,60-64,Эрэгтэй,2017,39.3
Говийн бүс,60-64,Эрэгтэй,2016,43.0
Говийн бүс,60-64,Эрэгтэй,2015,35.4
Говийн бүс,60-64,Эрэгтэй,2014,36.3
Говийн бүс,60-64,Эрэгтэй,2013,37.2
Говийн бүс,60-64,Эрэгтэй,2012,33.9
Говийн бүс,60-64,Эрэгтэй,2011,44.8
Говийн бүс,60-64,Эрэгтэй,2010,53.2
Говийн бүс,60-64,Эрэгтэй,2009,51.3
Говийн бүс,60-64,Эмэгтэй,2025,24.5
Говийн бүс,60-64,Эмэгтэй,2024,30.5
Говийн бүс,60-64,Эмэгтэй,2023,23.5
Говийн бүс,60-64,Эмэгтэй,2022,41.9
Говийн бүс,60-64,Эмэгтэй,2021,61.8
Говийн бүс,60-64,Эмэгтэй,2020,36.8
Говийн бүс,60-64,Эмэгтэй,2019,54.2
Говийн бүс,60-64,Эмэгтэй,2018,39.2
Говийн бүс,60-64,Эмэгтэй,2017,40.8
Говийн бүс,60-64,Эмэгтэй,2016,33.2
Говийн бүс,60-64,Эмэгтэй,2015,27.6
Говийн бүс,60-64,Эмэгтэй,2014,32.4
Говийн бүс,60-64,Эмэгтэй,2013,23.8
Говийн бүс,60-64,Эмэгтэй,2012,32.0
Говийн бүс,60-64,Эмэгтэй,2011,40.9
Говийн бүс,60-64,Эмэгтэй,2010,29.8
Говийн бүс,60-64,Эмэгтэй,2009,53.0
Говийн бүс,65-69,Нийт,2025,28.9
Говийн бүс,65-69,Нийт,2024,35.7
Говийн бүс,65-69,Нийт,2023,21.9
Говийн бүс,65-69,Нийт,2022,34.6
Говийн бүс,65-69,Нийт,2021,28.3
Говийн бүс,65-69,Нийт,2020,34.3
Говийн бүс,65-69,Нийт,2019,36.1
Говийн бүс,65-69,Нийт,2018,37.4
Говийн бүс,65-69,Нийт,2017,27.9
Говийн бүс,65-69,Нийт,2016,27.5
Говийн бүс,65-69,Нийт,2015,30.5
Говийн бүс,65-69,Нийт,2014,19.4
Говийн бүс,65-69,Нийт,2013,12.3
Говийн бүс,65-69,Нийт,2012,27.9
Говийн бүс,65-69,Нийт,2011,58.6
Говийн бүс,65-69,Нийт,2010,36.0
Говийн бүс,65-69,Нийт,2009,19.9
Говийн бүс,65-69,Эрэгтэй,2025,34.7
Говийн бүс,65-69,Эрэгтэй,2024,42.8
Говийн бүс,65-69,Эрэгтэй,2023,37.0
Говийн бүс,65-69,Эрэгтэй,2022,41.7
Говийн бүс,65-69,Эрэгтэй,2021,30.8
Говийн бүс,65-69,Эрэгтэй,2020,36.2
Говийн бүс,65-69,Эрэгтэй,2019,37.1
Говийн бүс,65-69,Эрэгтэй,2018,44.2
Говийн бүс,65-69,Эрэгтэй,2017,29.3
Говийн бүс,65-69,Эрэгтэй,2016,28.9
Говийн бүс,65-69,Эрэгтэй,2015,31.5
Говийн бүс,65-69,Эрэгтэй,2014,18.4
Говийн бүс,65-69,Эрэгтэй,2013,16.9
Говийн бүс,65-69,Эрэгтэй,2012,37.4
Говийн бүс,65-69,Эрэгтэй,2011,53.2
Говийн бүс,65-69,Эрэгтэй,2010,51.9
Говийн бүс,65-69,Эрэгтэй,2009,18.6
Говийн бүс,65-69,Эмэгтэй,2025,24.4
Говийн бүс,65-69,Эмэгтэй,2024,30.2
Говийн бүс,65-69,Эмэгтэй,2023,15.0
Говийн бүс,65-69,Эмэгтэй,2022,28.7
Говийн бүс,65-69,Эмэгтэй,2021,26.5
Говийн бүс,65-69,Эмэгтэй,2020,33.3
Говийн бүс,65-69,Эмэгтэй,2019,35.1
Говийн бүс,65-69,Эмэгтэй,2018,33.2
Говийн бүс,65-69,Эмэгтэй,2017,27.1
Говийн бүс,65-69,Эмэгтэй,2016,26.2
Говийн бүс,65-69,Эмэгтэй,2015,29.5
Говийн бүс,65-69,Эмэгтэй,2014,20.0
Говийн бүс,65-69,Эмэгтэй,2013,8.5
Говийн бүс,65-69,Эмэгтэй,2012,19.3
Говийн бүс,65-69,Эмэгтэй,2011,63.2
Говийн бүс,65-69,Эмэгтэй,2010,25.6
Говийн бүс,65-69,Эмэгтэй,2009,20.9
Говийн бүс,70+,Нийт,2025,11.6
Говийн бүс,70+,Нийт,2024,6.0
Говийн бүс,70+,Нийт,2023,8.9
Говийн бүс,70+,Нийт,2022,17.7
Говийн бүс,70+,Нийт,2021,22.6
Говийн бүс,70+,Нийт,2020,26.8
Говийн бүс,70+,Нийт,2019,19.1
Говийн бүс,70+,Нийт,2018,20.3
Говийн бүс,70+,Нийт,2017,16.4
Говийн бүс,70+,Нийт,2016,14.6
Говийн бүс,70+,Нийт,2015,12.0
Говийн бүс,70+,Нийт,2014,10.3
Говийн бүс,70+,Нийт,2013,12.8
Говийн бүс,70+,Нийт,2012,17.2
Говийн бүс,70+,Нийт,2011,23.0
Говийн бүс,70+,Нийт,2010,8.7
Говийн бүс,70+,Нийт,2009,8.7
Говийн бүс,70+,Эрэгтэй,2025,15.1
Говийн бүс,70+,Эрэгтэй,2024,8.2
Говийн бүс,70+,Эрэгтэй,2023,14.3
Говийн бүс,70+,Эрэгтэй,2022,20.4
Говийн бүс,70+,Эрэгтэй,2021,29.9
Говийн бүс,70+,Эрэгтэй,2020,25.3
Говийн бүс,70+,Эрэгтэй,2019,18.3
Говийн бүс,70+,Эрэгтэй,2018,30.6
Говийн бүс,70+,Эрэгтэй,2017,20.9
Говийн бүс,70+,Эрэгтэй,2016,20.6
Говийн бүс,70+,Эрэгтэй,2015,11.9
Говийн бүс,70+,Эрэгтэй,2014,13.7
Говийн бүс,70+,Эрэгтэй,2013,18.7
Говийн бүс,70+,Эрэгтэй,2012,20.9
Говийн бүс,70+,Эрэгтэй,2011,45.5
Говийн бүс,70+,Эрэгтэй,2010,12.4
Говийн бүс,70+,Эрэгтэй,2009,8.4
Говийн бүс,70+,Эмэгтэй,2025,9.6
Говийн бүс,70+,Эмэгтэй,2024,4.5
Говийн бүс,70+,Эмэгтэй,2023,5.6
Говийн бүс,70+,Эмэгтэй,2022,14.8
Говийн бүс,70+,Эмэгтэй,2021,18.0
Говийн бүс,70+,Эмэгтэй,2020,27.7
Говийн бүс,70+,Эмэгтэй,2019,19.6
Говийн бүс,70+,Эмэгтэй,2018,14.4
Говийн бүс,70+,Эмэгтэй,2017,13.2
Говийн бүс,70+,Эмэгтэй,2016,10.8
Говийн бүс,70+,Эмэгтэй,2015,12.0
Говийн бүс,70+,Эмэгтэй,2014,7.9
Говийн бүс,70+,Эмэгтэй,2013,9.4
Говийн бүс,70+,Эмэгтэй,2012,14.5
Говийн бүс,70+,Эмэгтэй,2011,12.1
Говийн бүс,70+,Эмэгтэй,2010,5.8
Говийн бүс,70+,Эмэгтэй,2009,8.9
Говьсүмбэр,Бүгд,Нийт,2025,63.9
Говьсүмбэр,Бүгд,Нийт,2024,63.3
Говьсүмбэр,Бүгд,Нийт,2023,56.2
Говьсүмбэр,Бүгд,Нийт,2022,53.0
Говьсүмбэр,Бүгд,Нийт,2021,69.8
Говьсүмбэр,Бүгд,Нийт,2020,69.5
Говьсүмбэр,Бүгд,Нийт,2019,74.1
Говьсүмбэр,Бүгд,Нийт,2018,59.8
Говьсүмбэр,Бүгд,Нийт,2017,69.1
Говьсүмбэр,Бүгд,Нийт,2016,62.0
Говьсүмбэр,Бүгд,Нийт,2015,64.7
Говьсүмбэр,Бүгд,Нийт,2014,50.4
Говьсүмбэр,Бүгд,Нийт,2013,54.5
Говьсүмбэр,Бүгд,Нийт,2012,49.9
Говьсүмбэр,Бүгд,Нийт,2011,63.9
Говьсүмбэр,Бүгд,Нийт,2010,57.9
Говьсүмбэр,Бүгд,Нийт,2009,59.3
Говьсүмбэр,Бүгд,Эрэгтэй,2025,70.8
Говьсүмбэр,Бүгд,Эрэгтэй,2024,70.5
Говьсүмбэр,Бүгд,Эрэгтэй,2023,66.9
Говьсүмбэр,Бүгд,Эрэгтэй,2022,65.7
Говьсүмбэр,Бүгд,Эрэгтэй,2021,75.9
Говьсүмбэр,Бүгд,Эрэгтэй,2020,76.9
Говьсүмбэр,Бүгд,Эрэгтэй,2019,75.9
Говьсүмбэр,Бүгд,Эрэгтэй,2018,69.7
Говьсүмбэр,Бүгд,Эрэгтэй,2017,76.7
Говьсүмбэр,Бүгд,Эрэгтэй,2016,68.5
Говьсүмбэр,Бүгд,Эрэгтэй,2015,70.4
Говьсүмбэр,Бүгд,Эрэгтэй,2014,60.4
Говьсүмбэр,Бүгд,Эрэгтэй,2013,64.1
Говьсүмбэр,Бүгд,Эрэгтэй,2012,56.4
Говьсүмбэр,Бүгд,Эрэгтэй,2011,73.5
Говьсүмбэр,Бүгд,Эрэгтэй,2010,61.3
Говьсүмбэр,Бүгд,Эрэгтэй,2009,70.2
Говьсүмбэр,Бүгд,Эмэгтэй,2025,57.4
Говьсүмбэр,Бүгд,Эмэгтэй,2024,56.7
Говьсүмбэр,Бүгд,Эмэгтэй,2023,46.9
Говьсүмбэр,Бүгд,Эмэгтэй,2022,41.9
Говьсүмбэр,Бүгд,Эмэгтэй,2021,63.4
Говьсүмбэр,Бүгд,Эмэгтэй,2020,62.9
Говьсүмбэр,Бүгд,Эмэгтэй,2019,72.3
Говьсүмбэр,Бүгд,Эмэгтэй,2018,52.0
Говьсүмбэр,Бүгд,Эмэгтэй,2017,62.3
Говьсүмбэр,Бүгд,Эмэгтэй,2016,56.4
Говьсүмбэр,Бүгд,Эмэгтэй,2015,59.7
Говьсүмбэр,Бүгд,Эмэгтэй,2014,41.4
Говьсүмбэр,Бүгд,Эмэгтэй,2013,46.3
Говьсүмбэр,Бүгд,Эмэгтэй,2012,43.4
Говьсүмбэр,Бүгд,Эмэгтэй,2011,56.4
Говьсүмбэр,Бүгд,Эмэгтэй,2010,54.5
Говьсүмбэр,Бүгд,Эмэгтэй,2009,49.4
Говьсүмбэр,15-19,Нийт,2025,4.2
Говьсүмбэр,15-19,Нийт,2024,7.2
Говьсүмбэр,15-19,Нийт,2023,1.1
Говьсүмбэр,15-19,Нийт,2022,1.0
Говьсүмбэр,15-19,Нийт,2021,21.7
Говьсүмбэр,15-19,Нийт,2020,16.6
Говьсүмбэр,15-19,Нийт,2019,19.7
Говьсүмбэр,15-19,Нийт,2018,0.0
Говьсүмбэр,15-19,Нийт,2017,16.1
Говьсүмбэр,15-19,Нийт,2016,6.8
Говьсүмбэр,15-19,Нийт,2015,13.5
Говьсүмбэр,15-19,Нийт,2014,5.8
Говьсүмбэр,15-19,Нийт,2013,4.5
Говьсүмбэр,15-19,Нийт,2012,0.0
Говьсүмбэр,15-19,Нийт,2011,17.4
Говьсүмбэр,15-19,Нийт,2010,14.0
Говьсүмбэр,15-19,Нийт,2009,18.4
Говьсүмбэр,15-19,Эрэгтэй,2025,4.8
Говьсүмбэр,15-19,Эрэгтэй,2024,9.5
Говьсүмбэр,15-19,Эрэгтэй,2023,2.0
Говьсүмбэр,15-19,Эрэгтэй,2022,0.0
Говьсүмбэр,15-19,Эрэгтэй,2021,18.5
Говьсүмбэр,15-19,Эрэгтэй,2020,23.1
Говьсүмбэр,15-19,Эрэгтэй,2019,28.6
Говьсүмбэр,15-19,Эрэгтэй,2018,0.0
Говьсүмбэр,15-19,Эрэгтэй,2017,31.9
Говьсүмбэр,15-19,Эрэгтэй,2016,14.2
Говьсүмбэр,15-19,Эрэгтэй,2015,25.6
Говьсүмбэр,15-19,Эрэгтэй,2014,8.0
Говьсүмбэр,15-19,Эрэгтэй,2013,7.6
Говьсүмбэр,15-19,Эрэгтэй,2012,0.0
Говьсүмбэр,15-19,Эрэгтэй,2011,36.4
Говьсүмбэр,15-19,Эрэгтэй,2010,22.4
Говьсүмбэр,15-19,Эрэгтэй,2009,34.2
Говьсүмбэр,15-19,Эмэгтэй,2025,3.5
Говьсүмбэр,15-19,Эмэгтэй,2024,4.8
Говьсүмбэр,15-19,Эмэгтэй,2023,0.0
Говьсүмбэр,15-19,Эмэгтэй,2022,1.7
Говьсүмбэр,15-19,Эмэгтэй,2021,28.8
Говьсүмбэр,15-19,Эмэгтэй,2020,8.6
Говьсүмбэр,15-19,Эмэгтэй,2019,3.9
Говьсүмбэр,15-19,Эмэгтэй,2018,0.0
Говьсүмбэр,15-19,Эмэгтэй,2017,0.0
Говьсүмбэр,15-19,Эмэгтэй,2016,0.0
Говьсүмбэр,15-19,Эмэгтэй,2015,0.0
Говьсүмбэр,15-19,Эмэгтэй,2014,3.7
Говьсүмбэр,15-19,Эмэгтэй,2013,2.5
Говьсүмбэр,15-19,Эмэгтэй,2012,0.0
Говьсүмбэр,15-19,Эмэгтэй,2011,0.0
Говьсүмбэр,15-19,Эмэгтэй,2010,0.0
Говьсүмбэр,15-19,Эмэгтэй,2009,9.6
Говьсүмбэр,20-24,Нийт,2025,41.9
Говьсүмбэр,20-24,Нийт,2024,59.0
Говьсүмбэр,20-24,Нийт,2023,58.5
Говьсүмбэр,20-24,Нийт,2022,34.1
Говьсүмбэр,20-24,Нийт,2021,63.1
Говьсүмбэр,20-24,Нийт,2020,70.6
Говьсүмбэр,20-24,Нийт,2019,71.1
Говьсүмбэр,20-24,Нийт,2018,63.7
Говьсүмбэр,20-24,Нийт,2017,58.3
Говьсүмбэр,20-24,Нийт,2016,62.5
Говьсүмбэр,20-24,Нийт,2015,84.9
Говьсүмбэр,20-24,Нийт,2014,39.6
Говьсүмбэр,20-24,Нийт,2013,53.5
Говьсүмбэр,20-24,Нийт,2012,54.5
Говьсүмбэр,20-24,Нийт,2011,75.7
Говьсүмбэр,20-24,Нийт,2010,63.5
Говьсүмбэр,20-24,Нийт,2009,61.9
Говьсүмбэр,20-24,Эрэгтэй,2025,62.4
Говьсүмбэр,20-24,Эрэгтэй,2024,88.1
Говьсүмбэр,20-24,Эрэгтэй,2023,76.2
Говьсүмбэр,20-24,Эрэгтэй,2022,37.2
Говьсүмбэр,20-24,Эрэгтэй,2021,86.0
Говьсүмбэр,20-24,Эрэгтэй,2020,83.9
Говьсүмбэр,20-24,Эрэгтэй,2019,79.0
Говьсүмбэр,20-24,Эрэгтэй,2018,74.2
Говьсүмбэр,20-24,Эрэгтэй,2017,69.2
Говьсүмбэр,20-24,Эрэгтэй,2016,74.6
Говьсүмбэр,20-24,Эрэгтэй,2015,94.4
Говьсүмбэр,20-24,Эрэгтэй,2014,61.2
Говьсүмбэр,20-24,Эрэгтэй,2013,71.9
Говьсүмбэр,20-24,Эрэгтэй,2012,55.5
Говьсүмбэр,20-24,Эрэгтэй,2011,78.8
Говьсүмбэр,20-24,Эрэгтэй,2010,83.4
Говьсүмбэр,20-24,Эрэгтэй,2009,81.2
Говьсүмбэр,20-24,Эмэгтэй,2025,14.1
Говьсүмбэр,20-24,Эмэгтэй,2024,26.6
Говьсүмбэр,20-24,Эмэгтэй,2023,50.5
Говьсүмбэр,20-24,Эмэгтэй,2022,30.0
Говьсүмбэр,20-24,Эмэгтэй,2021,35.9
Говьсүмбэр,20-24,Эмэгтэй,2020,55.6
Говьсүмбэр,20-24,Эмэгтэй,2019,58.9
Говьсүмбэр,20-24,Эмэгтэй,2018,57.1
Говьсүмбэр,20-24,Эмэгтэй,2017,46.5
Говьсүмбэр,20-24,Эмэгтэй,2016,54.8
Говьсүмбэр,20-24,Эмэгтэй,2015,74.7
Говьсүмбэр,20-24,Эмэгтэй,2014,16.3
Говьсүмбэр,20-24,Эмэгтэй,2013,40.0
Говьсүмбэр,20-24,Эмэгтэй,2012,51.2
Говьсүмбэр,20-24,Эмэгтэй,2011,73.1
Говьсүмбэр,20-24,Эмэгтэй,2010,39.9
Говьсүмбэр,20-24,Эмэгтэй,2009,38.0
Говьсүмбэр,25-29,Нийт,2025,89.2
Говьсүмбэр,25-29,Нийт,2024,85.6
Говьсүмбэр,25-29,Нийт,2023,75.9
Говьсүмбэр,25-29,Нийт,2022,56.8
Говьсүмбэр,25-29,Нийт,2021,83.4
Говьсүмбэр,25-29,Нийт,2020,89.4
Говьсүмбэр,25-29,Нийт,2019,84.1
Говьсүмбэр,25-29,Нийт,2018,70.7
Говьсүмбэр,25-29,Нийт,2017,86.8
Говьсүмбэр,25-29,Нийт,2016,87.5
Говьсүмбэр,25-29,Нийт,2015,85.4
Говьсүмбэр,25-29,Нийт,2014,66.2
Говьсүмбэр,25-29,Нийт,2013,75.3
Говьсүмбэр,25-29,Нийт,2012,64.8
Говьсүмбэр,25-29,Нийт,2011,81.3
Говьсүмбэр,25-29,Нийт,2010,84.7
Говьсүмбэр,25-29,Нийт,2009,60.0
Говьсүмбэр,25-29,Эрэгтэй,2025,95.2
Говьсүмбэр,25-29,Эрэгтэй,2024,93.3
Говьсүмбэр,25-29,Эрэгтэй,2023,94.0
Говьсүмбэр,25-29,Эрэгтэй,2022,79.6
Говьсүмбэр,25-29,Эрэгтэй,2021,96.7
Говьсүмбэр,25-29,Эрэгтэй,2020,94.3
Говьсүмбэр,25-29,Эрэгтэй,2019,84.1
Говьсүмбэр,25-29,Эрэгтэй,2018,88.8
Говьсүмбэр,25-29,Эрэгтэй,2017,100.0
Говьсүмбэр,25-29,Эрэгтэй,2016,89.0
Говьсүмбэр,25-29,Эрэгтэй,2015,87.8
Говьсүмбэр,25-29,Эрэгтэй,2014,87.5
Говьсүмбэр,25-29,Эрэгтэй,2013,91.5
Говьсүмбэр,25-29,Эрэгтэй,2012,72.5
Говьсүмбэр,25-29,Эрэгтэй,2011,90.2
Говьсүмбэр,25-29,Эрэгтэй,2010,85.3
Говьсүмбэр,25-29,Эрэгтэй,2009,75.1
Говьсүмбэр,25-29,Эмэгтэй,2025,83.7
Говьсүмбэр,25-29,Эмэгтэй,2024,78.7
Говьсүмбэр,25-29,Эмэгтэй,2023,54.7
Говьсүмбэр,25-29,Эмэгтэй,2022,42.7
Говьсүмбэр,25-29,Эмэгтэй,2021,68.4
Говьсүмбэр,25-29,Эмэгтэй,2020,84.6
Говьсүмбэр,25-29,Эмэгтэй,2019,84.3
Говьсүмбэр,25-29,Эмэгтэй,2018,55.8
Говьсүмбэр,25-29,Эмэгтэй,2017,78.4
Говьсүмбэр,25-29,Эмэгтэй,2016,85.8
Говьсүмбэр,25-29,Эмэгтэй,2015,82.7
Говьсүмбэр,25-29,Эмэгтэй,2014,47.3
Говьсүмбэр,25-29,Эмэгтэй,2013,57.6
Говьсүмбэр,25-29,Эмэгтэй,2012,57.1
Говьсүмбэр,25-29,Эмэгтэй,2011,77.2
Говьсүмбэр,25-29,Эмэгтэй,2010,84.2
Говьсүмбэр,25-29,Эмэгтэй,2009,0.0
Говьсүмбэр,30-34,Нийт,2025,87.6
Говьсүмбэр,30-34,Нийт,2024,94.0
Говьсүмбэр,30-34,Нийт,2023,74.9
Говьсүмбэр,30-34,Нийт,2022,78.6
Говьсүмбэр,30-34,Нийт,2021,90.0
Говьсүмбэр,30-34,Нийт,2020,87.1
Говьсүмбэр,30-34,Нийт,2019,87.5
Говьсүмбэр,30-34,Нийт,2018,78.8
Говьсүмбэр,30-34,Нийт,2017,89.8
Говьсүмбэр,30-34,Нийт,2016,75.0
Говьсүмбэр,30-34,Нийт,2015,91.9
Говьсүмбэр,30-34,Нийт,2014,71.8
Говьсүмбэр,30-34,Нийт,2013,80.2
Говьсүмбэр,30-34,Нийт,2012,100.0
Говьсүмбэр,30-34,Нийт,2011,88.1
Говьсүмбэр,30-34,Нийт,2010,92.0
Говьсүмбэр,30-34,Нийт,2009,93.7
Говьсүмбэр,30-34,Эрэгтэй,2025,97.1
Говьсүмбэр,30-34,Эрэгтэй,2024,96.0
Говьсүмбэр,30-34,Эрэгтэй,2023,100.0
Говьсүмбэр,30-34,Эрэгтэй,2022,88.5
Говьсүмбэр,30-34,Эрэгтэй,2021,98.4
Говьсүмбэр,30-34,Эрэгтэй,2020,98.7
Говьсүмбэр,30-34,Эрэгтэй,2019,86.2
Говьсүмбэр,30-34,Эрэгтэй,2018,96.1
Говьсүмбэр,30-34,Эрэгтэй,2017,97.4
Говьсүмбэр,30-34,Эрэгтэй,2016,95.3
Говьсүмбэр,30-34,Эрэгтэй,2015,100.0
Говьсүмбэр,30-34,Эрэгтэй,2014,83.8
Говьсүмбэр,30-34,Эрэгтэй,2013,79.6
Говьсүмбэр,30-34,Эрэгтэй,2012,100.0
Говьсүмбэр,30-34,Эрэгтэй,2011,93.1
Говьсүмбэр,30-34,Эрэгтэй,2010,91.7
Говьсүмбэр,30-34,Эрэгтэй,2009,100.0
Говьсүмбэр,30-34,Эмэгтэй,2025,72.4
Говьсүмбэр,30-34,Эмэгтэй,2024,91.4
Говьсүмбэр,30-34,Эмэгтэй,2023,55.2
Говьсүмбэр,30-34,Эмэгтэй,2022,58.9
Говьсүмбэр,30-34,Эмэгтэй,2021,84.0
Говьсүмбэр,30-34,Эмэгтэй,2020,80.0
Говьсүмбэр,30-34,Эмэгтэй,2019,88.3
Говьсүмбэр,30-34,Эмэгтэй,2018,63.9
Говьсүмбэр,30-34,Эмэгтэй,2017,78.5
Говьсүмбэр,30-34,Эмэгтэй,2016,60.6
Говьсүмбэр,30-34,Эмэгтэй,2015,85.4
Говьсүмбэр,30-34,Эмэгтэй,2014,61.6
Говьсүмбэр,30-34,Эмэгтэй,2013,80.6
Говьсүмбэр,30-34,Эмэгтэй,2012,100.0
Говьсүмбэр,30-34,Эмэгтэй,2011,83.7
Говьсүмбэр,30-34,Эмэгтэй,2010,92.3
Говьсүмбэр,30-34,Эмэгтэй,2009,88.9
Говьсүмбэр,35-39,Нийт,2025,87.3
Говьсүмбэр,35-39,Нийт,2024,92.4
Говьсүмбэр,35-39,Нийт,2023,70.2
Говьсүмбэр,35-39,Нийт,2022,86.3
Говьсүмбэр,35-39,Нийт,2021,82.2
Говьсүмбэр,35-39,Нийт,2020,91.7
Говьсүмбэр,35-39,Нийт,2019,87.2
Говьсүмбэр,35-39,Нийт,2018,81.9
Говьсүмбэр,35-39,Нийт,2017,94.2
Говьсүмбэр,35-39,Нийт,2016,91.3
Говьсүмбэр,35-39,Нийт,2015,76.9
Говьсүмбэр,35-39,Нийт,2014,73.7
Говьсүмбэр,35-39,Нийт,2013,76.9
Говьсүмбэр,35-39,Нийт,2012,73.7
Говьсүмбэр,35-39,Нийт,2011,84.7
Говьсүмбэр,35-39,Нийт,2010,63.7
Говьсүмбэр,35-39,Нийт,2009,74.6
Говьсүмбэр,35-39,Эрэгтэй,2025,98.1
Говьсүмбэр,35-39,Эрэгтэй,2024,97.6
Говьсүмбэр,35-39,Эрэгтэй,2023,80.8
Говьсүмбэр,35-39,Эрэгтэй,2022,96.8
Говьсүмбэр,35-39,Эрэгтэй,2021,82.5
Говьсүмбэр,35-39,Эрэгтэй,2020,95.8
Говьсүмбэр,35-39,Эрэгтэй,2019,93.9
Говьсүмбэр,35-39,Эрэгтэй,2018,95.2
Говьсүмбэр,35-39,Эрэгтэй,2017,95.1
Говьсүмбэр,35-39,Эрэгтэй,2016,89.3
Говьсүмбэр,35-39,Эрэгтэй,2015,91.2
Говьсүмбэр,35-39,Эрэгтэй,2014,87.2
Говьсүмбэр,35-39,Эрэгтэй,2013,79.3
Говьсүмбэр,35-39,Эрэгтэй,2012,100.0
Говьсүмбэр,35-39,Эрэгтэй,2011,87.2
Говьсүмбэр,35-39,Эрэгтэй,2010,69.4
Говьсүмбэр,35-39,Эрэгтэй,2009,50.3
Говьсүмбэр,35-39,Эмэгтэй,2025,79.0
Говьсүмбэр,35-39,Эмэгтэй,2024,88.6
Говьсүмбэр,35-39,Эмэгтэй,2023,64.2
Говьсүмбэр,35-39,Эмэгтэй,2022,76.2
Говьсүмбэр,35-39,Эмэгтэй,2021,81.8
Говьсүмбэр,35-39,Эмэгтэй,2020,88.6
Говьсүмбэр,35-39,Эмэгтэй,2019,75.1
Говьсүмбэр,35-39,Эмэгтэй,2018,67.0
Говьсүмбэр,35-39,Эмэгтэй,2017,93.7
Говьсүмбэр,35-39,Эмэгтэй,2016,93.1
Говьсүмбэр,35-39,Эмэгтэй,2015,66.6
Говьсүмбэр,35-39,Эмэгтэй,2014,63.2
Говьсүмбэр,35-39,Эмэгтэй,2013,74.0
Говьсүмбэр,35-39,Эмэгтэй,2012,58.2
Говьсүмбэр,35-39,Эмэгтэй,2011,82.1
Говьсүмбэр,35-39,Эмэгтэй,2010,55.5
Говьсүмбэр,35-39,Эмэгтэй,2009,87.1
Говьсүмбэр,40-44,Нийт,2025,86.7
Говьсүмбэр,40-44,Нийт,2024,95.5
Говьсүмбэр,40-44,Нийт,2023,93.1
Говьсүмбэр,40-44,Нийт,2022,75.8
Говьсүмбэр,40-44,Нийт,2021,89.6
Говьсүмбэр,40-44,Нийт,2020,94.9
Говьсүмбэр,40-44,Нийт,2019,91.7
Говьсүмбэр,40-44,Нийт,2018,77.7
Говьсүмбэр,40-44,Нийт,2017,91.6
Говьсүмбэр,40-44,Нийт,2016,89.6
Говьсүмбэр,40-44,Нийт,2015,93.2
Говьсүмбэр,40-44,Нийт,2014,73.6
Говьсүмбэр,40-44,Нийт,2013,78.5
Говьсүмбэр,40-44,Нийт,2012,65.0
Говьсүмбэр,40-44,Нийт,2011,78.5
Говьсүмбэр,40-44,Нийт,2010,69.6
Говьсүмбэр,40-44,Нийт,2009,100.0
Говьсүмбэр,40-44,Эрэгтэй,2025,85.6
Говьсүмбэр,40-44,Эрэгтэй,2024,100.0
Говьсүмбэр,40-44,Эрэгтэй,2023,90.2
Говьсүмбэр,40-44,Эрэгтэй,2022,100.0
Говьсүмбэр,40-44,Эрэгтэй,2021,96.2
Говьсүмбэр,40-44,Эрэгтэй,2020,100.0
Говьсүмбэр,40-44,Эрэгтэй,2019,93.8
Говьсүмбэр,40-44,Эрэгтэй,2018,81.6
Говьсүмбэр,40-44,Эрэгтэй,2017,88.6
Говьсүмбэр,40-44,Эрэгтэй,2016,88.0
Говьсүмбэр,40-44,Эрэгтэй,2015,93.7
Говьсүмбэр,40-44,Эрэгтэй,2014,80.5
Говьсүмбэр,40-44,Эрэгтэй,2013,93.2
Говьсүмбэр,40-44,Эрэгтэй,2012,81.0
Говьсүмбэр,40-44,Эрэгтэй,2011,77.3
Говьсүмбэр,40-44,Эрэгтэй,2010,67.4
Говьсүмбэр,40-44,Эрэгтэй,2009,100.0
Говьсүмбэр,40-44,Эмэгтэй,2025,88.3
Говьсүмбэр,40-44,Эмэгтэй,2024,91.8
Говьсүмбэр,40-44,Эмэгтэй,2023,98.8
Говьсүмбэр,40-44,Эмэгтэй,2022,52.4
Говьсүмбэр,40-44,Эмэгтэй,2021,78.5
Говьсүмбэр,40-44,Эмэгтэй,2020,91.2
Говьсүмбэр,40-44,Эмэгтэй,2019,90.0
Говьсүмбэр,40-44,Эмэгтэй,2018,75.1
Говьсүмбэр,40-44,Эмэгтэй,2017,94.4
Говьсүмбэр,40-44,Эмэгтэй,2016,91.1
Говьсүмбэр,40-44,Эмэгтэй,2015,92.6
Говьсүмбэр,40-44,Эмэгтэй,2014,67.1
Говьсүмбэр,40-44,Эмэгтэй,2013,65.1
Говьсүмбэр,40-44,Эмэгтэй,2012,42.0
Говьсүмбэр,40-44,Эмэгтэй,2011,79.4
Говьсүмбэр,40-44,Эмэгтэй,2010,70.7
Говьсүмбэр,40-44,Эмэгтэй,2009,100.0
Говьсүмбэр,45-49,Нийт,2025,93.9
Говьсүмбэр,45-49,Нийт,2024,87.1
Говьсүмбэр,45-49,Нийт,2023,82.8
Говьсүмбэр,45-49,Нийт,2022,86.6
Говьсүмбэр,45-49,Нийт,2021,84.4
Говьсүмбэр,45-49,Нийт,2020,93.7
Говьсүмбэр,45-49,Нийт,2019,90.9
Говьсүмбэр,45-49,Нийт,2018,86.1
Говьсүмбэр,45-49,Нийт,2017,89.2
Говьсүмбэр,45-49,Нийт,2016,83.1
Говьсүмбэр,45-49,Нийт,2015,74.3
Говьсүмбэр,45-49,Нийт,2014,68.9
Говьсүмбэр,45-49,Нийт,2013,64.9
Говьсүмбэр,45-49,Нийт,2012,75.2
Говьсүмбэр,45-49,Нийт,2011,78.3
Говьсүмбэр,45-49,Нийт,2010,74.4
Говьсүмбэр,45-49,Нийт,2009,44.1
Говьсүмбэр,45-49,Эрэгтэй,2025,100.0
Говьсүмбэр,45-49,Эрэгтэй,2024,77.8
Говьсүмбэр,45-49,Эрэгтэй,2023,89.3
Говьсүмбэр,45-49,Эрэгтэй,2022,92.7
Говьсүмбэр,45-49,Эрэгтэй,2021,87.0
Говьсүмбэр,45-49,Эрэгтэй,2020,100.0
Говьсүмбэр,45-49,Эрэгтэй,2019,92.4
Говьсүмбэр,45-49,Эрэгтэй,2018,94.0
Говьсүмбэр,45-49,Эрэгтэй,2017,82.2
Говьсүмбэр,45-49,Эрэгтэй,2016,76.6
Говьсүмбэр,45-49,Эрэгтэй,2015,69.2
Говьсүмбэр,45-49,Эрэгтэй,2014,72.9
Говьсүмбэр,45-49,Эрэгтэй,2013,63.7
Говьсүмбэр,45-49,Эрэгтэй,2012,73.5
Говьсүмбэр,45-49,Эрэгтэй,2011,90.3
Говьсүмбэр,45-49,Эрэгтэй,2010,59.6
Говьсүмбэр,45-49,Эрэгтэй,2009,68.7
Говьсүмбэр,45-49,Эмэгтэй,2025,90.2
Говьсүмбэр,45-49,Эмэгтэй,2024,97.6
Говьсүмбэр,45-49,Эмэгтэй,2023,79.0
Говьсүмбэр,45-49,Эмэгтэй,2022,83.2
Говьсүмбэр,45-49,Эмэгтэй,2021,83.1
Говьсүмбэр,45-49,Эмэгтэй,2020,85.4
Говьсүмбэр,45-49,Эмэгтэй,2019,90.3
Говьсүмбэр,45-49,Эмэгтэй,2018,79.3
Говьсүмбэр,45-49,Эмэгтэй,2017,95.7
Говьсүмбэр,45-49,Эмэгтэй,2016,89.2
Говьсүмбэр,45-49,Эмэгтэй,2015,77.6
Говьсүмбэр,45-49,Эмэгтэй,2014,66.2
Говьсүмбэр,45-49,Эмэгтэй,2013,65.8
Говьсүмбэр,45-49,Эмэгтэй,2012,76.0
Говьсүмбэр,45-49,Эмэгтэй,2011,70.0
Говьсүмбэр,45-49,Эмэгтэй,2010,89.7
Говьсүмбэр,45-49,Эмэгтэй,2009,19.8
Говьсүмбэр,50-54,Нийт,2025,82.3
Говьсүмбэр,50-54,Нийт,2024,55.1
Говьсүмбэр,50-54,Нийт,2023,75.4
Говьсүмбэр,50-54,Нийт,2022,71.3
Говьсүмбэр,50-54,Нийт,2021,96.2
Говьсүмбэр,50-54,Нийт,2020,74.0
Говьсүмбэр,50-54,Нийт,2019,84.0
Говьсүмбэр,50-54,Нийт,2018,70.7
Говьсүмбэр,50-54,Нийт,2017,75.5
Говьсүмбэр,50-54,Нийт,2016,78.0
Говьсүмбэр,50-54,Нийт,2015,67.3
Говьсүмбэр,50-54,Нийт,2014,52.9
Говьсүмбэр,50-54,Нийт,2013,63.1
Говьсүмбэр,50-54,Нийт,2012,33.1
Говьсүмбэр,50-54,Нийт,2011,54.2
Говьсүмбэр,50-54,Нийт,2010,59.3
Говьсүмбэр,50-54,Нийт,2009,48.7
Говьсүмбэр,50-54,Эрэгтэй,2025,79.7
Говьсүмбэр,50-54,Эрэгтэй,2024,87.1
Говьсүмбэр,50-54,Эрэгтэй,2023,83.4
Говьсүмбэр,50-54,Эрэгтэй,2022,90.4
Говьсүмбэр,50-54,Эрэгтэй,2021,100.0
Говьсүмбэр,50-54,Эрэгтэй,2020,97.6
Говьсүмбэр,50-54,Эрэгтэй,2019,80.6
Говьсүмбэр,50-54,Эрэгтэй,2018,74.0
Говьсүмбэр,50-54,Эрэгтэй,2017,95.8
Говьсүмбэр,50-54,Эрэгтэй,2016,82.4
Говьсүмбэр,50-54,Эрэгтэй,2015,63.8
Говьсүмбэр,50-54,Эрэгтэй,2014,62.0
Говьсүмбэр,50-54,Эрэгтэй,2013,69.4
Говьсүмбэр,50-54,Эрэгтэй,2012,0.0
Говьсүмбэр,50-54,Эрэгтэй,2011,68.3
Говьсүмбэр,50-54,Эрэгтэй,2010,62.9
Говьсүмбэр,50-54,Эрэгтэй,2009,48.7
Говьсүмбэр,50-54,Эмэгтэй,2025,84.5
Говьсүмбэр,50-54,Эмэгтэй,2024,39.6
Говьсүмбэр,50-54,Эмэгтэй,2023,66.4
Говьсүмбэр,50-54,Эмэгтэй,2022,53.3
Говьсүмбэр,50-54,Эмэгтэй,2021,90.7
Говьсүмбэр,50-54,Эмэгтэй,2020,58.8
Говьсүмбэр,50-54,Эмэгтэй,2019,87.8
Говьсүмбэр,50-54,Эмэгтэй,2018,68.9
Говьсүмбэр,50-54,Эмэгтэй,2017,59.9
Говьсүмбэр,50-54,Эмэгтэй,2016,72.3
Говьсүмбэр,50-54,Эмэгтэй,2015,69.8
Говьсүмбэр,50-54,Эмэгтэй,2014,45.9
Говьсүмбэр,50-54,Эмэгтэй,2013,57.1
Говьсүмбэр,50-54,Эмэгтэй,2012,48.5
Говьсүмбэр,50-54,Эмэгтэй,2011,32.0
Говьсүмбэр,50-54,Эмэгтэй,2010,51.0
Говьсүмбэр,50-54,Эмэгтэй,2009,48.7
Говьсүмбэр,55-59,Нийт,2025,83.5
Говьсүмбэр,55-59,Нийт,2024,72.3
Говьсүмбэр,55-59,Нийт,2023,35.7
Говьсүмбэр,55-59,Нийт,2022,29.4
Говьсүмбэр,55-59,Нийт,2021,82.3
Говьсүмбэр,55-59,Нийт,2020,41.4
Говьсүмбэр,55-59,Нийт,2019,66.9
Говьсүмбэр,55-59,Нийт,2018,34.1
Говьсүмбэр,55-59,Нийт,2017,54.9
Говьсүмбэр,55-59,Нийт,2016,19.6
Говьсүмбэр,55-59,Нийт,2015,32.1
Говьсүмбэр,55-59,Нийт,2014,33.6
Говьсүмбэр,55-59,Нийт,2013,30.2
Говьсүмбэр,55-59,Нийт,2012,15.1
Говьсүмбэр,55-59,Нийт,2011,40.1
Говьсүмбэр,55-59,Нийт,2010,30.3
Говьсүмбэр,55-59,Нийт,2009,33.6
Говьсүмбэр,55-59,Эрэгтэй,2025,89.1
Говьсүмбэр,55-59,Эрэгтэй,2024,94.0
Говьсүмбэр,55-59,Эрэгтэй,2023,70.1
Говьсүмбэр,55-59,Эрэгтэй,2022,51.6
Говьсүмбэр,55-59,Эрэгтэй,2021,85.5
Говьсүмбэр,55-59,Эрэгтэй,2020,47.8
Говьсүмбэр,55-59,Эрэгтэй,2019,68.5
Говьсүмбэр,55-59,Эрэгтэй,2018,52.4
Говьсүмбэр,55-59,Эрэгтэй,2017,80.1
Говьсүмбэр,55-59,Эрэгтэй,2016,36.5
Говьсүмбэр,55-59,Эрэгтэй,2015,49.6
Говьсүмбэр,55-59,Эрэгтэй,2014,60.1
Говьсүмбэр,55-59,Эрэгтэй,2013,46.1
Говьсүмбэр,55-59,Эрэгтэй,2012,21.6
Говьсүмбэр,55-59,Эрэгтэй,2011,73.7
Говьсүмбэр,55-59,Эрэгтэй,2010,74.7
Говьсүмбэр,55-59,Эрэгтэй,2009,50.3
Говьсүмбэр,55-59,Эмэгтэй,2025,76.8
Говьсүмбэр,55-59,Эмэгтэй,2024,61.4
Говьсүмбэр,55-59,Эмэгтэй,2023,1.8
Говьсүмбэр,55-59,Эмэгтэй,2022,17.4
Говьсүмбэр,55-59,Эмэгтэй,2021,78.2
Говьсүмбэр,55-59,Эмэгтэй,2020,32.7
Говьсүмбэр,55-59,Эмэгтэй,2019,65.4
Говьсүмбэр,55-59,Эмэгтэй,2018,14.0
Говьсүмбэр,55-59,Эмэгтэй,2017,30.9
Говьсүмбэр,55-59,Эмэгтэй,2016,9.9
Говьсүмбэр,55-59,Эмэгтэй,2015,11.7
Говьсүмбэр,55-59,Эмэгтэй,2014,7.3
Говьсүмбэр,55-59,Эмэгтэй,2013,16.1
Говьсүмбэр,55-59,Эмэгтэй,2012,0.0
Говьсүмбэр,55-59,Эмэгтэй,2011,22.3
Говьсүмбэр,55-59,Эмэгтэй,2010,11.8
Говьсүмбэр,55-59,Эмэгтэй,2009,0.0
Говьсүмбэр,60-64,Нийт,2025,37.9
Говьсүмбэр,60-64,Нийт,2024,44.4
Говьсүмбэр,60-64,Нийт,2023,0.0
Говьсүмбэр,60-64,Нийт,2022,28.1
Говьсүмбэр,60-64,Нийт,2021,36.7
Говьсүмбэр,60-64,Нийт,2020,43.5
Говьсүмбэр,60-64,Нийт,2019,53.1
Говьсүмбэр,60-64,Нийт,2018,8.5
Говьсүмбэр,60-64,Нийт,2017,24.4
Говьсүмбэр,60-64,Нийт,2016,16.2
Говьсүмбэр,60-64,Нийт,2015,0.0
Говьсүмбэр,60-64,Нийт,2014,0.0
Говьсүмбэр,60-64,Нийт,2013,0.0
Говьсүмбэр,60-64,Нийт,2012,0.0
Говьсүмбэр,60-64,Нийт,2011,19.4
Говьсүмбэр,60-64,Нийт,2010,0.0
Говьсүмбэр,60-64,Нийт,2009,0.0
Говьсүмбэр,60-64,Эрэгтэй,2025,57.6
Говьсүмбэр,60-64,Эрэгтэй,2024,65.8
Говьсүмбэр,60-64,Эрэгтэй,2023,0.0
Говьсүмбэр,60-64,Эрэгтэй,2022,48.0
Говьсүмбэр,60-64,Эрэгтэй,2021,58.2
Говьсүмбэр,60-64,Эрэгтэй,2020,47.8
Говьсүмбэр,60-64,Эрэгтэй,2019,71.9
Говьсүмбэр,60-64,Эрэгтэй,2018,18.8
Говьсүмбэр,60-64,Эрэгтэй,2017,39.2
Говьсүмбэр,60-64,Эрэгтэй,2016,16.9
Говьсүмбэр,60-64,Эрэгтэй,2015,0.0
Говьсүмбэр,60-64,Эрэгтэй,2014,0.0
Говьсүмбэр,60-64,Эрэгтэй,2013,0.0
Говьсүмбэр,60-64,Эрэгтэй,2012,0.0
Говьсүмбэр,60-64,Эрэгтэй,2011,0.0
Говьсүмбэр,60-64,Эрэгтэй,2010,0.0
Говьсүмбэр,60-64,Эрэгтэй,2009,0.0
Говьсүмбэр,60-64,Эмэгтэй,2025,22.2
Говьсүмбэр,60-64,Эмэгтэй,2024,23.5
Говьсүмбэр,60-64,Эмэгтэй,2023,0.0
Говьсүмбэр,60-64,Эмэгтэй,2022,0.0
Говьсүмбэр,60-64,Эмэгтэй,2021,23.3
Говьсүмбэр,60-64,Эмэгтэй,2020,41.4
Говьсүмбэр,60-64,Эмэгтэй,2019,38.9
Говьсүмбэр,60-64,Эмэгтэй,2018,0.0
Говьсүмбэр,60-64,Эмэгтэй,2017,15.5
Говьсүмбэр,60-64,Эмэгтэй,2016,15.6
Говьсүмбэр,60-64,Эмэгтэй,2015,0.0
Говьсүмбэр,60-64,Эмэгтэй,2014,0.0
Говьсүмбэр,60-64,Эмэгтэй,2013,0.0
Говьсүмбэр,60-64,Эмэгтэй,2012,0.0
Говьсүмбэр,60-64,Эмэгтэй,2011,25.5
Говьсүмбэр,60-64,Эмэгтэй,2010,0.0
Говьсүмбэр,60-64,Эмэгтэй,2009,0.0
Говьсүмбэр,65-69,Нийт,2025,26.8
Говьсүмбэр,65-69,Нийт,2024,19.6
Говьсүмбэр,65-69,Нийт,2023,0.0
Говьсүмбэр,65-69,Нийт,2022,15.1
Говьсүмбэр,65-69,Нийт,2021,22.1
Говьсүмбэр,65-69,Нийт,2020,38.7
Говьсүмбэр,65-69,Нийт,2019,50.0
Говьсүмбэр,65-69,Нийт,2018,13.2
Говьсүмбэр,65-69,Нийт,2017,9.0
Говьсүмбэр,65-69,Нийт,2016,0.0
Говьсүмбэр,65-69,Нийт,2015,0.0
Говьсүмбэр,65-69,Нийт,2014,0.0
Говьсүмбэр,65-69,Нийт,2013,0.0
Говьсүмбэр,65-69,Нийт,2012,0.0
Говьсүмбэр,65-69,Нийт,2011,40.7
Говьсүмбэр,65-69,Нийт,2010,26.5
Говьсүмбэр,65-69,Нийт,2009,51.2
Говьсүмбэр,65-69,Эрэгтэй,2025,36.7
Говьсүмбэр,65-69,Эрэгтэй,2024,17.5
Говьсүмбэр,65-69,Эрэгтэй,2023,0.0
Говьсүмбэр,65-69,Эрэгтэй,2022,24.8
Говьсүмбэр,65-69,Эрэгтэй,2021,14.7
Говьсүмбэр,65-69,Эрэгтэй,2020,69.7
Говьсүмбэр,65-69,Эрэгтэй,2019,26.8
Говьсүмбэр,65-69,Эрэгтэй,2018,0.0
Говьсүмбэр,65-69,Эрэгтэй,2017,14.1
Говьсүмбэр,65-69,Эрэгтэй,2016,0.0
Говьсүмбэр,65-69,Эрэгтэй,2015,0.0
Говьсүмбэр,65-69,Эрэгтэй,2014,0.0
Говьсүмбэр,65-69,Эрэгтэй,2013,0.0
Говьсүмбэр,65-69,Эрэгтэй,2012,0.0
Говьсүмбэр,65-69,Эрэгтэй,2011,100.0
Говьсүмбэр,65-69,Эрэгтэй,2010,69.8
Говьсүмбэр,65-69,Эрэгтэй,2009,100.0
Говьсүмбэр,65-69,Эмэгтэй,2025,22.6
Говьсүмбэр,65-69,Эмэгтэй,2024,26.3
Говьсүмбэр,65-69,Эмэгтэй,2023,0.0
Говьсүмбэр,65-69,Эмэгтэй,2022,10.8
Говьсүмбэр,65-69,Эмэгтэй,2021,25.5
Говьсүмбэр,65-69,Эмэгтэй,2020,21.5
Говьсүмбэр,65-69,Эмэгтэй,2019,68.9
Говьсүмбэр,65-69,Эмэгтэй,2018,21.7
Говьсүмбэр,65-69,Эмэгтэй,2017,0.0
Говьсүмбэр,65-69,Эмэгтэй,2016,0.0
Говьсүмбэр,65-69,Эмэгтэй,2015,0.0
Говьсүмбэр,65-69,Эмэгтэй,2014,0.0
Говьсүмбэр,65-69,Эмэгтэй,2013,0.0
Говьсүмбэр,65-69,Эмэгтэй,2012,0.0
Говьсүмбэр,65-69,Эмэгтэй,2011,0.0
Говьсүмбэр,65-69,Эмэгтэй,2010,0.0
Говьсүмбэр,65-69,Эмэгтэй,2009,34.4
Говьсүмбэр,70+,Нийт,2025,0.0
Говьсүмбэр,70+,Нийт,2024,0.0
Говьсүмбэр,70+,Нийт,2023,0.0
Говьсүмбэр,70+,Нийт,2022,5.0
Говьсүмбэр,70+,Нийт,2021,28.2
Говьсүмбэр,70+,Нийт,2020,0.0
Говьсүмбэр,70+,Нийт,2019,3.9
Говьсүмбэр,70+,Нийт,2018,4.8
Говьсүмбэр,70+,Нийт,2017,3.8
Говьсүмбэр,70+,Нийт,2016,0.0
Говьсүмбэр,70+,Нийт,2015,0.0
Говьсүмбэр,70+,Нийт,2014,0.0
Говьсүмбэр,70+,Нийт,2013,0.0
Говьсүмбэр,70+,Нийт,2012,0.0
Говьсүмбэр,70+,Нийт,2011,12.4
Говьсүмбэр,70+,Нийт,2010,0.0
Говьсүмбэр,70+,Нийт,2009,0.0
Говьсүмбэр,70+,Эрэгтэй,2025,0.0
Говьсүмбэр,70+,Эрэгтэй,2024,0.0
Говьсүмбэр,70+,Эрэгтэй,2023,0.0
Говьсүмбэр,70+,Эрэгтэй,2022,10.8
Говьсүмбэр,70+,Эрэгтэй,2021,34.6
Говьсүмбэр,70+,Эрэгтэй,2020,0.0
Говьсүмбэр,70+,Эрэгтэй,2019,0.0
Говьсүмбэр,70+,Эрэгтэй,2018,10.1
Говьсүмбэр,70+,Эрэгтэй,2017,0.0
Говьсүмбэр,70+,Эрэгтэй,2016,0.0
Говьсүмбэр,70+,Эрэгтэй,2015,0.0
Говьсүмбэр,70+,Эрэгтэй,2014,0.0
Говьсүмбэр,70+,Эрэгтэй,2013,0.0
Говьсүмбэр,70+,Эрэгтэй,2012,0.0
Говьсүмбэр,70+,Эрэгтэй,2011,28.8
Говьсүмбэр,70+,Эрэгтэй,2010,0.0
Говьсүмбэр,70+,Эрэгтэй,2009,0.0
Говьсүмбэр,70+,Эмэгтэй,2025,0.0
Говьсүмбэр,70+,Эмэгтэй,2024,0.0
Говьсүмбэр,70+,Эмэгтэй,2023,0.0
Говьсүмбэр,70+,Эмэгтэй,2022,0.0
Говьсүмбэр,70+,Эмэгтэй,2021,23.0
Говьсүмбэр,70+,Эмэгтэй,2020,0.0
Говьсүмбэр,70+,Эмэгтэй,2019,7.8
Говьсүмбэр,70+,Эмэгтэй,2018,0.0
Говьсүмбэр,70+,Эмэгтэй,2017,6.4
Говьсүмбэр,70+,Эмэгтэй,2016,0.0
Говьсүмбэр,70+,Эмэгтэй,2015,0.0
Говьсүмбэр,70+,Эмэгтэй,2014,0.0
Говьсүмбэр,70+,Эмэгтэй,2013,0.0
Говьсүмбэр,70+,Эмэгтэй,2012,0.0
Говьсүмбэр,70+,Эмэгтэй,2011,0.0
Говьсүмбэр,70+,Эмэгтэй,2010,0.0
Говьсүмбэр,70+,Эмэгтэй,2009,
Дорноговь,Бүгд,Нийт,2025,61.4
Дорноговь,Бүгд,Нийт,2024,64.5
Дорноговь,Бүгд,Нийт,2023,65.9
Дорноговь,Бүгд,Нийт,2022,60.7
Дорноговь,Бүгд,Нийт,2021,63.5
Дорноговь,Бүгд,Нийт,2020,71.8
Дорноговь,Бүгд,Нийт,2019,75.6
Дорноговь,Бүгд,Нийт,2018,67.4
Дорноговь,Бүгд,Нийт,2017,69.7
Дорноговь,Бүгд,Нийт,2016,68.3
Дорноговь,Бүгд,Нийт,2015,68.0
Дорноговь,Бүгд,Нийт,2014,67.4
Дорноговь,Бүгд,Нийт,2013,67.5
Дорноговь,Бүгд,Нийт,2012,64.4
Дорноговь,Бүгд,Нийт,2011,59.6
Дорноговь,Бүгд,Нийт,2010,72.7
Дорноговь,Бүгд,Нийт,2009,64.2
Дорноговь,Бүгд,Эрэгтэй,2025,67.8
Дорноговь,Бүгд,Эрэгтэй,2024,69.3
Дорноговь,Бүгд,Эрэгтэй,2023,72.9
Дорноговь,Бүгд,Эрэгтэй,2022,66.1
Дорноговь,Бүгд,Эрэгтэй,2021,70.4
Дорноговь,Бүгд,Эрэгтэй,2020,78.7
Дорноговь,Бүгд,Эрэгтэй,2019,79.5
Дорноговь,Бүгд,Эрэгтэй,2018,77.0
Дорноговь,Бүгд,Эрэгтэй,2017,77.2
Дорноговь,Бүгд,Эрэгтэй,2016,74.6
Дорноговь,Бүгд,Эрэгтэй,2015,75.2
Дорноговь,Бүгд,Эрэгтэй,2014,74.8
Дорноговь,Бүгд,Эрэгтэй,2013,72.6
Дорноговь,Бүгд,Эрэгтэй,2012,73.3
Дорноговь,Бүгд,Эрэгтэй,2011,65.8
Дорноговь,Бүгд,Эрэгтэй,2010,82.2
Дорноговь,Бүгд,Эрэгтэй,2009,72.8
Дорноговь,Бүгд,Эмэгтэй,2025,55.1
Дорноговь,Бүгд,Эмэгтэй,2024,60.1
Дорноговь,Бүгд,Эмэгтэй,2023,58.8
Дорноговь,Бүгд,Эмэгтэй,2022,55.6
Дорноговь,Бүгд,Эмэгтэй,2021,56.6
Дорноговь,Бүгд,Эмэгтэй,2020,65.3
Дорноговь,Бүгд,Эмэгтэй,2019,71.9
Дорноговь,Бүгд,Эмэгтэй,2018,58.9
Дорноговь,Бүгд,Эмэгтэй,2017,63.1
Дорноговь,Бүгд,Эмэгтэй,2016,62.3
Дорноговь,Бүгд,Эмэгтэй,2015,61.3
Дорноговь,Бүгд,Эмэгтэй,2014,60.4
Дорноговь,Бүгд,Эмэгтэй,2013,62.6
Дорноговь,Бүгд,Эмэгтэй,2012,55.7
Дорноговь,Бүгд,Эмэгтэй,2011,53.5
Дорноговь,Бүгд,Эмэгтэй,2010,63.4
Дорноговь,Бүгд,Эмэгтэй,2009,56.0
Дорноговь,15-19,Нийт,2025,6.0
Дорноговь,15-19,Нийт,2024,4.3
Дорноговь,15-19,Нийт,2023,13.0
Дорноговь,15-19,Нийт,2022,3.9
Дорноговь,15-19,Нийт,2021,14.4
Дорноговь,15-19,Нийт,2020,11.7
Дорноговь,15-19,Нийт,2019,12.1
Дорноговь,15-19,Нийт,2018,10.4
Дорноговь,15-19,Нийт,2017,14.2
Дорноговь,15-19,Нийт,2016,22.3
Дорноговь,15-19,Нийт,2015,14.1
Дорноговь,15-19,Нийт,2014,17.4
Дорноговь,15-19,Нийт,2013,18.4
Дорноговь,15-19,Нийт,2012,31.0
Дорноговь,15-19,Нийт,2011,11.9
Дорноговь,15-19,Нийт,2010,30.2
Дорноговь,15-19,Нийт,2009,10.6
Дорноговь,15-19,Эрэгтэй,2025,8.4
Дорноговь,15-19,Эрэгтэй,2024,1.4
Дорноговь,15-19,Эрэгтэй,2023,18.9
Дорноговь,15-19,Эрэгтэй,2022,5.6
Дорноговь,15-19,Эрэгтэй,2021,19.5
Дорноговь,15-19,Эрэгтэй,2020,17.0
Дорноговь,15-19,Эрэгтэй,2019,14.4
Дорноговь,15-19,Эрэгтэй,2018,21.2
Дорноговь,15-19,Эрэгтэй,2017,19.5
Дорноговь,15-19,Эрэгтэй,2016,31.7
Дорноговь,15-19,Эрэгтэй,2015,23.8
Дорноговь,15-19,Эрэгтэй,2014,19.7
Дорноговь,15-19,Эрэгтэй,2013,18.1
Дорноговь,15-19,Эрэгтэй,2012,32.9
Дорноговь,15-19,Эрэгтэй,2011,8.5
Дорноговь,15-19,Эрэгтэй,2010,28.6
Дорноговь,15-19,Эрэгтэй,2009,9.8
Дорноговь,15-19,Эмэгтэй,2025,2.7
Дорноговь,15-19,Эмэгтэй,2024,7.1
Дорноговь,15-19,Эмэгтэй,2023,5.9
Дорноговь,15-19,Эмэгтэй,2022,2.1
Дорноговь,15-19,Эмэгтэй,2021,2.4
Дорноговь,15-19,Эмэгтэй,2020,5.8
Дорноговь,15-19,Эмэгтэй,2019,8.9
Дорноговь,15-19,Эмэгтэй,2018,3.8
Дорноговь,15-19,Эмэгтэй,2017,10.1
Дорноговь,15-19,Эмэгтэй,2016,10.7
Дорноговь,15-19,Эмэгтэй,2015,5.6
Дорноговь,15-19,Эмэгтэй,2014,15.0
Дорноговь,15-19,Эмэгтэй,2013,18.8
Дорноговь,15-19,Эмэгтэй,2012,29.5
Дорноговь,15-19,Эмэгтэй,2011,16.2
Дорноговь,15-19,Эмэгтэй,2010,31.4
Дорноговь,15-19,Эмэгтэй,2009,11.5
Дорноговь,20-24,Нийт,2025,56.0
Дорноговь,20-24,Нийт,2024,73.5
Дорноговь,20-24,Нийт,2023,62.0
Дорноговь,20-24,Нийт,2022,36.8
Дорноговь,20-24,Нийт,2021,52.8
Дорноговь,20-24,Нийт,2020,73.7
Дорноговь,20-24,Нийт,2019,65.5
Дорноговь,20-24,Нийт,2018,68.6
Дорноговь,20-24,Нийт,2017,72.0
Дорноговь,20-24,Нийт,2016,65.1
Дорноговь,20-24,Нийт,2015,73.1
Дорноговь,20-24,Нийт,2014,71.1
Дорноговь,20-24,Нийт,2013,65.8
Дорноговь,20-24,Нийт,2012,50.9
Дорноговь,20-24,Нийт,2011,47.5
Дорноговь,20-24,Нийт,2010,73.7
Дорноговь,20-24,Нийт,2009,68.1
Дорноговь,20-24,Эрэгтэй,2025,58.0
Дорноговь,20-24,Эрэгтэй,2024,79.9
Дорноговь,20-24,Эрэгтэй,2023,71.5
Дорноговь,20-24,Эрэгтэй,2022,53.3
Дорноговь,20-24,Эрэгтэй,2021,57.8
Дорноговь,20-24,Эрэгтэй,2020,91.2
Дорноговь,20-24,Эрэгтэй,2019,90.0
Дорноговь,20-24,Эрэгтэй,2018,79.0
Дорноговь,20-24,Эрэгтэй,2017,81.9
Дорноговь,20-24,Эрэгтэй,2016,69.9
Дорноговь,20-24,Эрэгтэй,2015,80.3
Дорноговь,20-24,Эрэгтэй,2014,77.4
Дорноговь,20-24,Эрэгтэй,2013,76.6
Дорноговь,20-24,Эрэгтэй,2012,63.6
Дорноговь,20-24,Эрэгтэй,2011,59.4
Дорноговь,20-24,Эрэгтэй,2010,82.9
Дорноговь,20-24,Эрэгтэй,2009,78.1
Дорноговь,20-24,Эмэгтэй,2025,53.4
Дорноговь,20-24,Эмэгтэй,2024,58.4
Дорноговь,20-24,Эмэгтэй,2023,48.2
Дорноговь,20-24,Эмэгтэй,2022,16.5
Дорноговь,20-24,Эмэгтэй,2021,44.5
Дорноговь,20-24,Эмэгтэй,2020,38.8
Дорноговь,20-24,Эмэгтэй,2019,55.1
Дорноговь,20-24,Эмэгтэй,2018,59.9
Дорноговь,20-24,Эмэгтэй,2017,60.0
Дорноговь,20-24,Эмэгтэй,2016,60.2
Дорноговь,20-24,Эмэгтэй,2015,63.9
Дорноговь,20-24,Эмэгтэй,2014,62.4
Дорноговь,20-24,Эмэгтэй,2013,53.2
Дорноговь,20-24,Эмэгтэй,2012,38.2
Дорноговь,20-24,Эмэгтэй,2011,32.6
Дорноговь,20-24,Эмэгтэй,2010,62.1
Дорноговь,20-24,Эмэгтэй,2009,55.2
Дорноговь,25-29,Нийт,2025,77.3
Дорноговь,25-29,Нийт,2024,87.8
Дорноговь,25-29,Нийт,2023,88.9
Дорноговь,25-29,Нийт,2022,88.3
Дорноговь,25-29,Нийт,2021,77.0
Дорноговь,25-29,Нийт,2020,87.6
Дорноговь,25-29,Нийт,2019,89.8
Дорноговь,25-29,Нийт,2018,77.5
Дорноговь,25-29,Нийт,2017,80.0
Дорноговь,25-29,Нийт,2016,88.2
Дорноговь,25-29,Нийт,2015,81.8
Дорноговь,25-29,Нийт,2014,82.7
Дорноговь,25-29,Нийт,2013,77.5
Дорноговь,25-29,Нийт,2012,76.9
Дорноговь,25-29,Нийт,2011,68.2
Дорноговь,25-29,Нийт,2010,83.5
Дорноговь,25-29,Нийт,2009,83.7
Дорноговь,25-29,Эрэгтэй,2025,95.2
Дорноговь,25-29,Эрэгтэй,2024,93.5
Дорноговь,25-29,Эрэгтэй,2023,95.5
Дорноговь,25-29,Эрэгтэй,2022,84.4
Дорноговь,25-29,Эрэгтэй,2021,95.8
Дорноговь,25-29,Эрэгтэй,2020,98.5
Дорноговь,25-29,Эрэгтэй,2019,84.9
Дорноговь,25-29,Эрэгтэй,2018,95.9
Дорноговь,25-29,Эрэгтэй,2017,87.8
Дорноговь,25-29,Эрэгтэй,2016,93.8
Дорноговь,25-29,Эрэгтэй,2015,94.7
Дорноговь,25-29,Эрэгтэй,2014,94.6
Дорноговь,25-29,Эрэгтэй,2013,90.1
Дорноговь,25-29,Эрэгтэй,2012,90.0
Дорноговь,25-29,Эрэгтэй,2011,81.2
Дорноговь,25-29,Эрэгтэй,2010,89.8
Дорноговь,25-29,Эрэгтэй,2009,100.0
Дорноговь,25-29,Эмэгтэй,2025,61.9
Дорноговь,25-29,Эмэгтэй,2024,82.5
Дорноговь,25-29,Эмэгтэй,2023,82.1
Дорноговь,25-29,Эмэгтэй,2022,90.3
Дорноговь,25-29,Эмэгтэй,2021,52.3
Дорноговь,25-29,Эмэгтэй,2020,80.4
Дорноговь,25-29,Эмэгтэй,2019,93.9
Дорноговь,25-29,Эмэгтэй,2018,63.7
Дорноговь,25-29,Эмэгтэй,2017,73.4
Дорноговь,25-29,Эмэгтэй,2016,81.1
Дорноговь,25-29,Эмэгтэй,2015,69.3
Дорноговь,25-29,Эмэгтэй,2014,73.7
Дорноговь,25-29,Эмэгтэй,2013,65.2
Дорноговь,25-29,Эмэгтэй,2012,63.6
Дорноговь,25-29,Эмэгтэй,2011,57.3
Дорноговь,25-29,Эмэгтэй,2010,74.9
Дорноговь,25-29,Эмэгтэй,2009,65.0
Дорноговь,30-34,Нийт,2025,88.8
Дорноговь,30-34,Нийт,2024,90.9
Дорноговь,30-34,Нийт,2023,89.9
Дорноговь,30-34,Нийт,2022,79.8
Дорноговь,30-34,Нийт,2021,85.9
Дорноговь,30-34,Нийт,2020,97.0
Дорноговь,30-34,Нийт,2019,94.4
Дорноговь,30-34,Нийт,2018,83.3
Дорноговь,30-34,Нийт,2017,84.0
Дорноговь,30-34,Нийт,2016,77.7
Дорноговь,30-34,Нийт,2015,78.2
Дорноговь,30-34,Нийт,2014,82.0
Дорноговь,30-34,Нийт,2013,79.6
Дорноговь,30-34,Нийт,2012,81.0
Дорноговь,30-34,Нийт,2011,76.1
Дорноговь,30-34,Нийт,2010,86.5
Дорноговь,30-34,Нийт,2009,93.4
Дорноговь,30-34,Эрэгтэй,2025,96.9
Дорноговь,30-34,Эрэгтэй,2024,97.5
Дорноговь,30-34,Эрэгтэй,2023,90.9
Дорноговь,30-34,Эрэгтэй,2022,92.5
Дорноговь,30-34,Эрэгтэй,2021,99.7
Дорноговь,30-34,Эрэгтэй,2020,100.0
Дорноговь,30-34,Эрэгтэй,2019,100.0
Дорноговь,30-34,Эрэгтэй,2018,91.6
Дорноговь,30-34,Эрэгтэй,2017,93.1
Дорноговь,30-34,Эрэгтэй,2016,91.4
Дорноговь,30-34,Эрэгтэй,2015,85.9
Дорноговь,30-34,Эрэгтэй,2014,86.5
Дорноговь,30-34,Эрэгтэй,2013,86.0
Дорноговь,30-34,Эрэгтэй,2012,91.3
Дорноговь,30-34,Эрэгтэй,2011,81.0
Дорноговь,30-34,Эрэгтэй,2010,97.3
Дорноговь,30-34,Эрэгтэй,2009,100.0
Дорноговь,30-34,Эмэгтэй,2025,75.9
Дорноговь,30-34,Эмэгтэй,2024,84.1
Дорноговь,30-34,Эмэгтэй,2023,89.0
Дорноговь,30-34,Эмэгтэй,2022,69.4
Дорноговь,30-34,Эмэгтэй,2021,67.7
Дорноговь,30-34,Эмэгтэй,2020,94.1
Дорноговь,30-34,Эмэгтэй,2019,88.2
Дорноговь,30-34,Эмэгтэй,2018,73.7
Дорноговь,30-34,Эмэгтэй,2017,75.7
Дорноговь,30-34,Эмэгтэй,2016,64.2
Дорноговь,30-34,Эмэгтэй,2015,71.3
Дорноговь,30-34,Эмэгтэй,2014,75.5
Дорноговь,30-34,Эмэгтэй,2013,73.8
Дорноговь,30-34,Эмэгтэй,2012,66.1
Дорноговь,30-34,Эмэгтэй,2011,71.0
Дорноговь,30-34,Эмэгтэй,2010,76.6
Дорноговь,30-34,Эмэгтэй,2009,86.8
Дорноговь,35-39,Нийт,2025,88.9
Дорноговь,35-39,Нийт,2024,79.3
Дорноговь,35-39,Нийт,2023,75.1
Дорноговь,35-39,Нийт,2022,92.0
Дорноговь,35-39,Нийт,2021,79.5
Дорноговь,35-39,Нийт,2020,91.2
Дорноговь,35-39,Нийт,2019,93.4
Дорноговь,35-39,Нийт,2018,86.4
Дорноговь,35-39,Нийт,2017,89.3
Дорноговь,35-39,Нийт,2016,85.2
Дорноговь,35-39,Нийт,2015,83.8
Дорноговь,35-39,Нийт,2014,84.2
Дорноговь,35-39,Нийт,2013,84.0
Дорноговь,35-39,Нийт,2012,80.8
Дорноговь,35-39,Нийт,2011,78.8
Дорноговь,35-39,Нийт,2010,90.4
Дорноговь,35-39,Нийт,2009,96.8
Дорноговь,35-39,Эрэгтэй,2025,99.4
Дорноговь,35-39,Эрэгтэй,2024,87.5
Дорноговь,35-39,Эрэгтэй,2023,82.4
Дорноговь,35-39,Эрэгтэй,2022,100.0
Дорноговь,35-39,Эрэгтэй,2021,99.2
Дорноговь,35-39,Эрэгтэй,2020,87.2
Дорноговь,35-39,Эрэгтэй,2019,96.0
Дорноговь,35-39,Эрэгтэй,2018,93.6
Дорноговь,35-39,Эрэгтэй,2017,96.1
Дорноговь,35-39,Эрэгтэй,2016,92.8
Дорноговь,35-39,Эрэгтэй,2015,85.6
Дорноговь,35-39,Эрэгтэй,2014,91.4
Дорноговь,35-39,Эрэгтэй,2013,90.3
Дорноговь,35-39,Эрэгтэй,2012,86.0
Дорноговь,35-39,Эрэгтэй,2011,89.2
Дорноговь,35-39,Эрэгтэй,2010,94.8
Дорноговь,35-39,Эрэгтэй,2009,100.0
Дорноговь,35-39,Эмэгтэй,2025,79.5
Дорноговь,35-39,Эмэгтэй,2024,74.6
Дорноговь,35-39,Эмэгтэй,2023,67.2
Дорноговь,35-39,Эмэгтэй,2022,83.2
Дорноговь,35-39,Эмэгтэй,2021,70.5
Дорноговь,35-39,Эмэгтэй,2020,94.5
Дорноговь,35-39,Эмэгтэй,2019,89.6
Дорноговь,35-39,Эмэгтэй,2018,79.5
Дорноговь,35-39,Эмэгтэй,2017,84.6
Дорноговь,35-39,Эмэгтэй,2016,77.7
Дорноговь,35-39,Эмэгтэй,2015,82.3
Дорноговь,35-39,Эмэгтэй,2014,76.2
Дорноговь,35-39,Эмэгтэй,2013,78.9
Дорноговь,35-39,Эмэгтэй,2012,76.0
Дорноговь,35-39,Эмэгтэй,2011,67.6
Дорноговь,35-39,Эмэгтэй,2010,86.9
Дорноговь,35-39,Эмэгтэй,2009,93.7
Дорноговь,40-44,Нийт,2025,87.8
Дорноговь,40-44,Нийт,2024,87.1
Дорноговь,40-44,Нийт,2023,86.4
Дорноговь,40-44,Нийт,2022,83.6
Дорноговь,40-44,Нийт,2021,79.7
Дорноговь,40-44,Нийт,2020,80.2
Дорноговь,40-44,Нийт,2019,93.7
Дорноговь,40-44,Нийт,2018,86.6
Дорноговь,40-44,Нийт,2017,86.9
Дорноговь,40-44,Нийт,2016,86.4
Дорноговь,40-44,Нийт,2015,85.0
Дорноговь,40-44,Нийт,2014,90.7
Дорноговь,40-44,Нийт,2013,83.0
Дорноговь,40-44,Нийт,2012,88.4
Дорноговь,40-44,Нийт,2011,81.2
Дорноговь,40-44,Нийт,2010,93.0
Дорноговь,40-44,Нийт,2009,89.8
Дорноговь,40-44,Эрэгтэй,2025,91.0
Дорноговь,40-44,Эрэгтэй,2024,90.4
Дорноговь,40-44,Эрэгтэй,2023,89.4
Дорноговь,40-44,Эрэгтэй,2022,93.3
Дорноговь,40-44,Эрэгтэй,2021,59.7
Дорноговь,40-44,Эрэгтэй,2020,89.2
Дорноговь,40-44,Эрэгтэй,2019,95.0
Дорноговь,40-44,Эрэгтэй,2018,87.6
Дорноговь,40-44,Эрэгтэй,2017,88.7
Дорноговь,40-44,Эрэгтэй,2016,87.8
Дорноговь,40-44,Эрэгтэй,2015,84.7
Дорноговь,40-44,Эрэгтэй,2014,96.2
Дорноговь,40-44,Эрэгтэй,2013,82.5
Дорноговь,40-44,Эрэгтэй,2012,90.4
Дорноговь,40-44,Эрэгтэй,2011,88.6
Дорноговь,40-44,Эрэгтэй,2010,95.0
Дорноговь,40-44,Эрэгтэй,2009,93.0
Дорноговь,40-44,Эмэгтэй,2025,84.3
Дорноговь,40-44,Эмэгтэй,2024,83.6
Дорноговь,40-44,Эмэгтэй,2023,82.5
Дорноговь,40-44,Эмэгтэй,2022,74.4
Дорноговь,40-44,Эмэгтэй,2021,96.2
Дорноговь,40-44,Эмэгтэй,2020,70.0
Дорноговь,40-44,Эмэгтэй,2019,92.4
Дорноговь,40-44,Эмэгтэй,2018,85.7
Дорноговь,40-44,Эмэгтэй,2017,85.1
Дорноговь,40-44,Эмэгтэй,2016,84.7
Дорноговь,40-44,Эмэгтэй,2015,85.2
Дорноговь,40-44,Эмэгтэй,2014,86.4
Дорноговь,40-44,Эмэгтэй,2013,83.4
Дорноговь,40-44,Эмэгтэй,2012,86.7
Дорноговь,40-44,Эмэгтэй,2011,74.5
Дорноговь,40-44,Эмэгтэй,2010,90.6
Дорноговь,40-44,Эмэгтэй,2009,86.8
Дорноговь,45-49,Нийт,2025,86.5
Дорноговь,45-49,Нийт,2024,89.1
Дорноговь,45-49,Нийт,2023,90.7
Дорноговь,45-49,Нийт,2022,89.0
Дорноговь,45-49,Нийт,2021,75.1
Дорноговь,45-49,Нийт,2020,90.7
Дорноговь,45-49,Нийт,2019,95.4
Дорноговь,45-49,Нийт,2018,83.0
Дорноговь,45-49,Нийт,2017,86.7
Дорноговь,45-49,Нийт,2016,85.3
Дорноговь,45-49,Нийт,2015,88.1
Дорноговь,45-49,Нийт,2014,76.4
Дорноговь,45-49,Нийт,2013,88.1
Дорноговь,45-49,Нийт,2012,73.0
Дорноговь,45-49,Нийт,2011,73.1
Дорноговь,45-49,Нийт,2010,92.9
Дорноговь,45-49,Нийт,2009,82.8
Дорноговь,45-49,Эрэгтэй,2025,82.9
Дорноговь,45-49,Эрэгтэй,2024,86.1
Дорноговь,45-49,Эрэгтэй,2023,89.9
Дорноговь,45-49,Эрэгтэй,2022,92.6
Дорноговь,45-49,Эрэгтэй,2021,77.2
Дорноговь,45-49,Эрэгтэй,2020,95.5
Дорноговь,45-49,Эрэгтэй,2019,95.5
Дорноговь,45-49,Эрэгтэй,2018,80.7
Дорноговь,45-49,Эрэгтэй,2017,91.7
Дорноговь,45-49,Эрэгтэй,2016,84.6
Дорноговь,45-49,Эрэгтэй,2015,83.2
Дорноговь,45-49,Эрэгтэй,2014,79.5
Дорноговь,45-49,Эрэгтэй,2013,93.0
Дорноговь,45-49,Эрэгтэй,2012,77.2
Дорноговь,45-49,Эрэгтэй,2011,79.6
Дорноговь,45-49,Эрэгтэй,2010,100.0
Дорноговь,45-49,Эрэгтэй,2009,100.0
Дорноговь,45-49,Эмэгтэй,2025,89.7
Дорноговь,45-49,Эмэгтэй,2024,91.7
Дорноговь,45-49,Эмэгтэй,2023,91.3
Дорноговь,45-49,Эмэгтэй,2022,86.4
Дорноговь,45-49,Эмэгтэй,2021,72.4
Дорноговь,45-49,Эмэгтэй,2020,83.5
Дорноговь,45-49,Эмэгтэй,2019,95.3
Дорноговь,45-49,Эмэгтэй,2018,85.8
Дорноговь,45-49,Эмэгтэй,2017,80.9
Дорноговь,45-49,Эмэгтэй,2016,85.9
Дорноговь,45-49,Эмэгтэй,2015,93.5
Дорноговь,45-49,Эмэгтэй,2014,73.4
Дорноговь,45-49,Эмэгтэй,2013,83.3
Дорноговь,45-49,Эмэгтэй,2012,68.6
Дорноговь,45-49,Эмэгтэй,2011,67.3
Дорноговь,45-49,Эмэгтэй,2010,86.8
Дорноговь,45-49,Эмэгтэй,2009,70.6
Дорноговь,50-54,Нийт,2025,65.7
Дорноговь,50-54,Нийт,2024,71.4
Дорноговь,50-54,Нийт,2023,72.0
Дорноговь,50-54,Нийт,2022,79.0
Дорноговь,50-54,Нийт,2021,58.5
Дорноговь,50-54,Нийт,2020,72.3
Дорноговь,50-54,Нийт,2019,82.6
Дорноговь,50-54,Нийт,2018,80.8
Дорноговь,50-54,Нийт,2017,83.4
Дорноговь,50-54,Нийт,2016,77.9
Дорноговь,50-54,Нийт,2015,72.1
Дорноговь,50-54,Нийт,2014,60.6
Дорноговь,50-54,Нийт,2013,72.4
Дорноговь,50-54,Нийт,2012,76.0
Дорноговь,50-54,Нийт,2011,65.6
Дорноговь,50-54,Нийт,2010,73.2
Дорноговь,50-54,Нийт,2009,67.1
Дорноговь,50-54,Эрэгтэй,2025,91.7
Дорноговь,50-54,Эрэгтэй,2024,73.9
Дорноговь,50-54,Эрэгтэй,2023,78.7
Дорноговь,50-54,Эрэгтэй,2022,82.3
Дорноговь,50-54,Эрэгтэй,2021,59.3
Дорноговь,50-54,Эрэгтэй,2020,75.2
Дорноговь,50-54,Эрэгтэй,2019,97.5
Дорноговь,50-54,Эрэгтэй,2018,83.7
Дорноговь,50-54,Эрэгтэй,2017,89.2
Дорноговь,50-54,Эрэгтэй,2016,82.9
Дорноговь,50-54,Эрэгтэй,2015,79.1
Дорноговь,50-54,Эрэгтэй,2014,65.6
Дорноговь,50-54,Эрэгтэй,2013,72.2
Дорноговь,50-54,Эрэгтэй,2012,83.2
Дорноговь,50-54,Эрэгтэй,2011,70.9
Дорноговь,50-54,Эрэгтэй,2010,89.6
Дорноговь,50-54,Эрэгтэй,2009,77.7
Дорноговь,50-54,Эмэгтэй,2025,51.2
Дорноговь,50-54,Эмэгтэй,2024,68.6
Дорноговь,50-54,Эмэгтэй,2023,65.5
Дорноговь,50-54,Эмэгтэй,2022,74.2
Дорноговь,50-54,Эмэгтэй,2021,57.7
Дорноговь,50-54,Эмэгтэй,2020,70.5
Дорноговь,50-54,Эмэгтэй,2019,69.0
Дорноговь,50-54,Эмэгтэй,2018,78.4
Дорноговь,50-54,Эмэгтэй,2017,78.0
Дорноговь,50-54,Эмэгтэй,2016,74.7
Дорноговь,50-54,Эмэгтэй,2015,65.7
Дорноговь,50-54,Эмэгтэй,2014,55.6
Дорноговь,50-54,Эмэгтэй,2013,72.7
Дорноговь,50-54,Эмэгтэй,2012,69.6
Дорноговь,50-54,Эмэгтэй,2011,61.1
Дорноговь,50-54,Эмэгтэй,2010,55.3
Дорноговь,50-54,Эмэгтэй,2009,54.3
Дорноговь,55-59,Нийт,2025,53.0
Дорноговь,55-59,Нийт,2024,41.6
Дорноговь,55-59,Нийт,2023,51.3
Дорноговь,55-59,Нийт,2022,44.3
Дорноговь,55-59,Нийт,2021,40.1
Дорноговь,55-59,Нийт,2020,84.7
Дорноговь,55-59,Нийт,2019,62.4
Дорноговь,55-59,Нийт,2018,45.9
Дорноговь,55-59,Нийт,2017,61.3
Дорноговь,55-59,Нийт,2016,49.6
Дорноговь,55-59,Нийт,2015,49.1
Дорноговь,55-59,Нийт,2014,47.7
Дорноговь,55-59,Нийт,2013,50.6
Дорноговь,55-59,Нийт,2012,45.6
Дорноговь,55-59,Нийт,2011,51.8
Дорноговь,55-59,Нийт,2010,60.7
Дорноговь,55-59,Нийт,2009,49.2
Дорноговь,55-59,Эрэгтэй,2025,47.8
Дорноговь,55-59,Эрэгтэй,2024,65.1
Дорноговь,55-59,Эрэгтэй,2023,78.5
Дорноговь,55-59,Эрэгтэй,2022,45.4
Дорноговь,55-59,Эрэгтэй,2021,65.5
Дорноговь,55-59,Эрэгтэй,2020,91.7
Дорноговь,55-59,Эрэгтэй,2019,73.9
Дорноговь,55-59,Эрэгтэй,2018,66.1
Дорноговь,55-59,Эрэгтэй,2017,69.0
Дорноговь,55-59,Эрэгтэй,2016,58.5
Дорноговь,55-59,Эрэгтэй,2015,70.5
Дорноговь,55-59,Эрэгтэй,2014,62.3
Дорноговь,55-59,Эрэгтэй,2013,60.2
Дорноговь,55-59,Эрэгтэй,2012,56.4
Дорноговь,55-59,Эрэгтэй,2011,56.2
Дорноговь,55-59,Эрэгтэй,2010,84.5
Дорноговь,55-59,Эрэгтэй,2009,77.4
Дорноговь,55-59,Эмэгтэй,2025,57.7
Дорноговь,55-59,Эмэгтэй,2024,32.0
Дорноговь,55-59,Эмэгтэй,2023,32.3
Дорноговь,55-59,Эмэгтэй,2022,43.3
Дорноговь,55-59,Эмэгтэй,2021,26.7
Дорноговь,55-59,Эмэгтэй,2020,76.1
Дорноговь,55-59,Эмэгтэй,2019,54.9
Дорноговь,55-59,Эмэгтэй,2018,33.9
Дорноговь,55-59,Эмэгтэй,2017,54.4
Дорноговь,55-59,Эмэгтэй,2016,44.1
Дорноговь,55-59,Эмэгтэй,2015,27.5
Дорноговь,55-59,Эмэгтэй,2014,35.0
Дорноговь,55-59,Эмэгтэй,2013,42.0
Дорноговь,55-59,Эмэгтэй,2012,31.6
Дорноговь,55-59,Эмэгтэй,2011,47.0
Дорноговь,55-59,Эмэгтэй,2010,29.4
Дорноговь,55-59,Эмэгтэй,2009,32.7
Дорноговь,60-64,Нийт,2025,23.1
Дорноговь,60-64,Нийт,2024,25.3
Дорноговь,60-64,Нийт,2023,40.3
Дорноговь,60-64,Нийт,2022,28.2
Дорноговь,60-64,Нийт,2021,77.9
Дорноговь,60-64,Нийт,2020,21.5
Дорноговь,60-64,Нийт,2019,59.9
Дорноговь,60-64,Нийт,2018,22.2
Дорноговь,60-64,Нийт,2017,47.5
Дорноговь,60-64,Нийт,2016,37.8
Дорноговь,60-64,Нийт,2015,29.1
Дорноговь,60-64,Нийт,2014,22.7
Дорноговь,60-64,Нийт,2013,40.1
Дорноговь,60-64,Нийт,2012,22.2
Дорноговь,60-64,Нийт,2011,31.9
Дорноговь,60-64,Нийт,2010,25.1
Дорноговь,60-64,Нийт,2009,37.6
Дорноговь,60-64,Эрэгтэй,2025,26.1
Дорноговь,60-64,Эрэгтэй,2024,20.6
Дорноговь,60-64,Эрэгтэй,2023,59.4
Дорноговь,60-64,Эрэгтэй,2022,50.1
Дорноговь,60-64,Эрэгтэй,2021,76.8
Дорноговь,60-64,Эрэгтэй,2020,23.2
Дорноговь,60-64,Эрэгтэй,2019,46.5
Дорноговь,60-64,Эрэгтэй,2018,13.8
Дорноговь,60-64,Эрэгтэй,2017,35.0
Дорноговь,60-64,Эрэгтэй,2016,43.5
Дорноговь,60-64,Эрэгтэй,2015,28.1
Дорноговь,60-64,Эрэгтэй,2014,16.1
Дорноговь,60-64,Эрэгтэй,2013,43.1
Дорноговь,60-64,Эрэгтэй,2012,41.0
Дорноговь,60-64,Эрэгтэй,2011,40.9
Дорноговь,60-64,Эрэгтэй,2010,21.7
Дорноговь,60-64,Эрэгтэй,2009,0.0
Дорноговь,60-64,Эмэгтэй,2025,21.2
Дорноговь,60-64,Эмэгтэй,2024,32.1
Дорноговь,60-64,Эмэгтэй,2023,28.7
Дорноговь,60-64,Эмэгтэй,2022,8.2
Дорноговь,60-64,Эмэгтэй,2021,78.4
Дорноговь,60-64,Эмэгтэй,2020,20.6
Дорноговь,60-64,Эмэгтэй,2019,68.1
Дорноговь,60-64,Эмэгтэй,2018,29.4
Дорноговь,60-64,Эмэгтэй,2017,58.2
Дорноговь,60-64,Эмэгтэй,2016,34.5
Дорноговь,60-64,Эмэгтэй,2015,29.9
Дорноговь,60-64,Эмэгтэй,2014,26.5
Дорноговь,60-64,Эмэгтэй,2013,38.1
Дорноговь,60-64,Эмэгтэй,2012,7.8
Дорноговь,60-64,Эмэгтэй,2011,15.1
Дорноговь,60-64,Эмэгтэй,2010,28.1
Дорноговь,60-64,Эмэгтэй,2009,50.2
Дорноговь,65-69,Нийт,2025,20.4
Дорноговь,65-69,Нийт,2024,29.9
Дорноговь,65-69,Нийт,2023,26.8
Дорноговь,65-69,Нийт,2022,15.3
Дорноговь,65-69,Нийт,2021,22.5
Дорноговь,65-69,Нийт,2020,29.9
Дорноговь,65-69,Нийт,2019,32.8
Дорноговь,65-69,Нийт,2018,48.8
Дорноговь,65-69,Нийт,2017,23.3
Дорноговь,65-69,Нийт,2016,29.0
Дорноговь,65-69,Нийт,2015,21.7
Дорноговь,65-69,Нийт,2014,15.9
Дорноговь,65-69,Нийт,2013,5.8
Дорноговь,65-69,Нийт,2012,24.3
Дорноговь,65-69,Нийт,2011,59.7
Дорноговь,65-69,Нийт,2010,33.5
Дорноговь,65-69,Нийт,2009,9.5
Дорноговь,65-69,Эрэгтэй,2025,30.7
Дорноговь,65-69,Эрэгтэй,2024,56.2
Дорноговь,65-69,Эрэгтэй,2023,49.4
Дорноговь,65-69,Эрэгтэй,2022,10.5
Дорноговь,65-69,Эрэгтэй,2021,52.3
Дорноговь,65-69,Эрэгтэй,2020,51.9
Дорноговь,65-69,Эрэгтэй,2019,35.3
Дорноговь,65-69,Эрэгтэй,2018,72.2
Дорноговь,65-69,Эрэгтэй,2017,35.4
Дорноговь,65-69,Эрэгтэй,2016,16.2
Дорноговь,65-69,Эрэгтэй,2015,0.0
Дорноговь,65-69,Эрэгтэй,2014,0.0
Дорноговь,65-69,Эрэгтэй,2013,13.3
Дорноговь,65-69,Эрэгтэй,2012,33.7
Дорноговь,65-69,Эрэгтэй,2011,32.0
Дорноговь,65-69,Эрэгтэй,2010,54.9
Дорноговь,65-69,Эрэгтэй,2009,14.9
Дорноговь,65-69,Эмэгтэй,2025,8.4
Дорноговь,65-69,Эмэгтэй,2024,25.7
Дорноговь,65-69,Эмэгтэй,2023,13.2
Дорноговь,65-69,Эмэгтэй,2022,18.8
Дорноговь,65-69,Эмэгтэй,2021,10.4
Дорноговь,65-69,Эмэгтэй,2020,16.9
Дорноговь,65-69,Эмэгтэй,2019,29.7
Дорноговь,65-69,Эмэгтэй,2018,31.2
Дорноговь,65-69,Эмэгтэй,2017,17.1
Дорноговь,65-69,Эмэгтэй,2016,38.9
Дорноговь,65-69,Эмэгтэй,2015,38.9
Дорноговь,65-69,Эмэгтэй,2014,17.2
Дорноговь,65-69,Эмэгтэй,2013,0.0
Дорноговь,65-69,Эмэгтэй,2012,16.0
Дорноговь,65-69,Эмэгтэй,2011,100.0
Дорноговь,65-69,Эмэгтэй,2010,12.6
Дорноговь,65-69,Эмэгтэй,2009,0.0
Дорноговь,70+,Нийт,2025,10.7
Дорноговь,70+,Нийт,2024,7.4
Дорноговь,70+,Нийт,2023,21.4
Дорноговь,70+,Нийт,2022,6.9
Дорноговь,70+,Нийт,2021,16.8
Дорноговь,70+,Нийт,2020,17.4
Дорноговь,70+,Нийт,2019,12.2
Дорноговь,70+,Нийт,2018,21.8
Дорноговь,70+,Нийт,2017,22.5
Дорноговь,70+,Нийт,2016,8.7
Дорноговь,70+,Нийт,2015,12.9
Дорноговь,70+,Нийт,2014,9.1
Дорноговь,70+,Нийт,2013,10.3
Дорноговь,70+,Нийт,2012,13.0
Дорноговь,70+,Нийт,2011,3.8
Дорноговь,70+,Нийт,2010,0.0
Дорноговь,70+,Нийт,2009,12.4
Дорноговь,70+,Эрэгтэй,2025,22.1
Дорноговь,70+,Эрэгтэй,2024,15.2
Дорноговь,70+,Эрэгтэй,2023,28.4
Дорноговь,70+,Эрэгтэй,2022,6.7
Дорноговь,70+,Эрэгтэй,2021,39.7
Дорноговь,70+,Эрэгтэй,2020,12.7
Дорноговь,70+,Эрэгтэй,2019,12.5
Дорноговь,70+,Эрэгтэй,2018,25.6
Дорноговь,70+,Эрэгтэй,2017,39.3
Дорноговь,70+,Эрэгтэй,2016,13.9
Дорноговь,70+,Эрэгтэй,2015,11.3
Дорноговь,70+,Эрэгтэй,2014,8.4
Дорноговь,70+,Эрэгтэй,2013,0.0
Дорноговь,70+,Эрэгтэй,2012,23.6
Дорноговь,70+,Эрэгтэй,2011,12.9
Дорноговь,70+,Эрэгтэй,2010,0.0
Дорноговь,70+,Эрэгтэй,2009,20.2
Дорноговь,70+,Эмэгтэй,2025,5.1
Дорноговь,70+,Эмэгтэй,2024,1.1
Дорноговь,70+,Эмэгтэй,2023,15.8
Дорноговь,70+,Эмэгтэй,2022,7.1
Дорноговь,70+,Эмэгтэй,2021,10.6
Дорноговь,70+,Эмэгтэй,2020,20.0
Дорноговь,70+,Эмэгтэй,2019,11.8
Дорноговь,70+,Эмэгтэй,2018,20.2
Дорноговь,70+,Эмэгтэй,2017,14.2
Дорноговь,70+,Эмэгтэй,2016,4.7
Дорноговь,70+,Эмэгтэй,2015,13.3
Дорноговь,70+,Эмэгтэй,2014,9.6
Дорноговь,70+,Эмэгтэй,2013,13.8
Дорноговь,70+,Эмэгтэй,2012,6.8
Дорноговь,70+,Эмэгтэй,2011,0.0
Дорноговь,70+,Эмэгтэй,2010,0.0
Дорноговь,70+,Эмэгтэй,2009,9.0
Дундговь,Бүгд,Нийт,2025,61.0
Дундговь,Бүгд,Нийт,2024,70.7
Дундговь,Бүгд,Нийт,2023,65.2
Дундговь,Бүгд,Нийт,2022,72.5
Дундговь,Бүгд,Нийт,2021,71.8
Дундговь,Бүгд,Нийт,2020,71.7
Дундговь,Бүгд,Нийт,2019,77.8
Дундговь,Бүгд,Нийт,2018,79.6
Дундговь,Бүгд,Нийт,2017,77.6
Дундговь,Бүгд,Нийт,2016,73.5
Дундговь,Бүгд,Нийт,2015,73.1
Дундговь,Бүгд,Нийт,2014,73.8
Дундговь,Бүгд,Нийт,2013,70.0
Дундговь,Бүгд,Нийт,2012,75.7
Дундговь,Бүгд,Нийт,2011,76.6
Дундговь,Бүгд,Нийт,2010,72.4
Дундговь,Бүгд,Нийт,2009,69.2
Дундговь,Бүгд,Эрэгтэй,2025,68.7
Дундговь,Бүгд,Эрэгтэй,2024,76.0
Дундговь,Бүгд,Эрэгтэй,2023,66.6
Дундговь,Бүгд,Эрэгтэй,2022,79.8
Дундговь,Бүгд,Эрэгтэй,2021,77.4
Дундговь,Бүгд,Эрэгтэй,2020,78.4
Дундговь,Бүгд,Эрэгтэй,2019,85.5
Дундговь,Бүгд,Эрэгтэй,2018,86.2
Дундговь,Бүгд,Эрэгтэй,2017,82.5
Дундговь,Бүгд,Эрэгтэй,2016,78.4
Дундговь,Бүгд,Эрэгтэй,2015,79.7
Дундговь,Бүгд,Эрэгтэй,2014,77.3
Дундговь,Бүгд,Эрэгтэй,2013,74.3
Дундговь,Бүгд,Эрэгтэй,2012,76.1
Дундговь,Бүгд,Эрэгтэй,2011,77.2
Дундговь,Бүгд,Эрэгтэй,2010,76.1
Дундговь,Бүгд,Эрэгтэй,2009,72.1
Дундговь,Бүгд,Эмэгтэй,2025,53.2
Дундговь,Бүгд,Эмэгтэй,2024,65.6
Дундговь,Бүгд,Эмэгтэй,2023,63.9
Дундговь,Бүгд,Эмэгтэй,2022,65.5
Дундговь,Бүгд,Эмэгтэй,2021,66.5
Дундговь,Бүгд,Эмэгтэй,2020,65.9
Дундговь,Бүгд,Эмэгтэй,2019,70.8
Дундговь,Бүгд,Эмэгтэй,2018,74.0
Дундговь,Бүгд,Эмэгтэй,2017,73.1
Дундговь,Бүгд,Эмэгтэй,2016,69.1
Дундговь,Бүгд,Эмэгтэй,2015,67.0
Дундговь,Бүгд,Эмэгтэй,2014,70.5
Дундговь,Бүгд,Эмэгтэй,2013,65.9
Дундговь,Бүгд,Эмэгтэй,2012,75.4
Дундговь,Бүгд,Эмэгтэй,2011,76.0
Дундговь,Бүгд,Эмэгтэй,2010,69.0
Дундговь,Бүгд,Эмэгтэй,2009,66.5
Дундговь,15-19,Нийт,2025,14.1
Дундговь,15-19,Нийт,2024,12.6
Дундговь,15-19,Нийт,2023,16.1
Дундговь,15-19,Нийт,2022,18.1
Дундговь,15-19,Нийт,2021,14.9
Дундговь,15-19,Нийт,2020,11.2
Дундговь,15-19,Нийт,2019,21.4
Дундговь,15-19,Нийт,2018,30.5
Дундговь,15-19,Нийт,2017,31.6
Дундговь,15-19,Нийт,2016,26.5
Дундговь,15-19,Нийт,2015,31.9
Дундговь,15-19,Нийт,2014,26.9
Дундговь,15-19,Нийт,2013,15.3
Дундговь,15-19,Нийт,2012,56.6
Дундговь,15-19,Нийт,2011,22.2
Дундговь,15-19,Нийт,2010,16.0
Дундговь,15-19,Нийт,2009,18.8
Дундговь,15-19,Эрэгтэй,2025,20.0
Дундговь,15-19,Эрэгтэй,2024,19.4
Дундговь,15-19,Эрэгтэй,2023,22.4
Дундговь,15-19,Эрэгтэй,2022,25.1
Дундговь,15-19,Эрэгтэй,2021,29.6
Дундговь,15-19,Эрэгтэй,2020,16.7
Дундговь,15-19,Эрэгтэй,2019,49.0
Дундговь,15-19,Эрэгтэй,2018,45.8
Дундговь,15-19,Эрэгтэй,2017,41.9
Дундговь,15-19,Эрэгтэй,2016,30.1
Дундговь,15-19,Эрэгтэй,2015,43.4
Дундговь,15-19,Эрэгтэй,2014,29.8
Дундговь,15-19,Эрэгтэй,2013,19.7
Дундговь,15-19,Эрэгтэй,2012,54.2
Дундговь,15-19,Эрэгтэй,2011,23.2
Дундговь,15-19,Эрэгтэй,2010,20.3
Дундговь,15-19,Эрэгтэй,2009,26.3
Дундговь,15-19,Эмэгтэй,2025,0.0
Дундговь,15-19,Эмэгтэй,2024,3.1
Дундговь,15-19,Эмэгтэй,2023,5.4
Дундговь,15-19,Эмэгтэй,2022,12.3
Дундговь,15-19,Эмэгтэй,2021,5.7
Дундговь,15-19,Эмэгтэй,2020,5.4
Дундговь,15-19,Эмэгтэй,2019,4.7
Дундговь,15-19,Эмэгтэй,2018,20.3
Дундговь,15-19,Эмэгтэй,2017,19.1
Дундговь,15-19,Эмэгтэй,2016,23.3
Дундговь,15-19,Эмэгтэй,2015,19.7
Дундговь,15-19,Эмэгтэй,2014,23.7
Дундговь,15-19,Эмэгтэй,2013,10.6
Дундговь,15-19,Эмэгтэй,2012,59.8
Дундговь,15-19,Эмэгтэй,2011,20.7
Дундговь,15-19,Эмэгтэй,2010,11.7
Дундговь,15-19,Эмэгтэй,2009,11.2
Дундговь,20-24,Нийт,2025,52.0
Дундговь,20-24,Нийт,2024,53.7
Дундговь,20-24,Нийт,2023,49.7
Дундговь,20-24,Нийт,2022,62.9
Дундговь,20-24,Нийт,2021,54.4
Дундговь,20-24,Нийт,2020,67.0
Дундговь,20-24,Нийт,2019,77.2
Дундговь,20-24,Нийт,2018,86.3
Дундговь,20-24,Нийт,2017,80.4
Дундговь,20-24,Нийт,2016,74.0
Дундговь,20-24,Нийт,2015,74.3
Дундговь,20-24,Нийт,2014,74.2
Дундговь,20-24,Нийт,2013,58.8
Дундговь,20-24,Нийт,2012,68.4
Дундговь,20-24,Нийт,2011,80.9
Дундговь,20-24,Нийт,2010,73.5
Дундговь,20-24,Нийт,2009,83.8
Дундговь,20-24,Эрэгтэй,2025,85.0
Дундговь,20-24,Эрэгтэй,2024,51.4
Дундговь,20-24,Эрэгтэй,2023,40.3
Дундговь,20-24,Эрэгтэй,2022,71.8
Дундговь,20-24,Эрэгтэй,2021,59.0
Дундговь,20-24,Эрэгтэй,2020,89.3
Дундговь,20-24,Эрэгтэй,2019,76.8
Дундговь,20-24,Эрэгтэй,2018,93.6
Дундговь,20-24,Эрэгтэй,2017,88.2
Дундговь,20-24,Эрэгтэй,2016,82.9
Дундговь,20-24,Эрэгтэй,2015,75.7
Дундговь,20-24,Эрэгтэй,2014,82.3
Дундговь,20-24,Эрэгтэй,2013,59.8
Дундговь,20-24,Эрэгтэй,2012,69.8
Дундговь,20-24,Эрэгтэй,2011,79.6
Дундговь,20-24,Эрэгтэй,2010,84.3
Дундговь,20-24,Эрэгтэй,2009,86.6
Дундговь,20-24,Эмэгтэй,2025,28.1
Дундговь,20-24,Эмэгтэй,2024,54.6
Дундговь,20-24,Эмэгтэй,2023,60.3
Дундговь,20-24,Эмэгтэй,2022,51.0
Дундговь,20-24,Эмэгтэй,2021,46.5
Дундговь,20-24,Эмэгтэй,2020,47.9
Дундговь,20-24,Эмэгтэй,2019,78.4
Дундговь,20-24,Эмэгтэй,2018,80.0
Дундговь,20-24,Эмэгтэй,2017,70.4
Дундговь,20-24,Эмэгтэй,2016,61.6
Дундговь,20-24,Эмэгтэй,2015,73.1
Дундговь,20-24,Эмэгтэй,2014,65.1
Дундговь,20-24,Эмэгтэй,2013,58.0
Дундговь,20-24,Эмэгтэй,2012,66.7
Дундговь,20-24,Эмэгтэй,2011,83.4
Дундговь,20-24,Эмэгтэй,2010,63.2
Дундговь,20-24,Эмэгтэй,2009,79.3
Дундговь,25-29,Нийт,2025,84.0
Дундговь,25-29,Нийт,2024,80.6
Дундговь,25-29,Нийт,2023,75.4
Дундговь,25-29,Нийт,2022,83.6
Дундговь,25-29,Нийт,2021,87.0
Дундговь,25-29,Нийт,2020,85.6
Дундговь,25-29,Нийт,2019,91.2
Дундговь,25-29,Нийт,2018,85.9
Дундговь,25-29,Нийт,2017,77.8
Дундговь,25-29,Нийт,2016,88.2
Дундговь,25-29,Нийт,2015,90.7
Дундговь,25-29,Нийт,2014,87.1
Дундговь,25-29,Нийт,2013,86.6
Дундговь,25-29,Нийт,2012,89.5
Дундговь,25-29,Нийт,2011,85.6
Дундговь,25-29,Нийт,2010,92.5
Дундговь,25-29,Нийт,2009,88.9
Дундговь,25-29,Эрэгтэй,2025,91.5
Дундговь,25-29,Эрэгтэй,2024,94.4
Дундговь,25-29,Эрэгтэй,2023,87.9
Дундговь,25-29,Эрэгтэй,2022,92.7
Дундговь,25-29,Эрэгтэй,2021,97.7
Дундговь,25-29,Эрэгтэй,2020,95.8
Дундговь,25-29,Эрэгтэй,2019,99.1
Дундговь,25-29,Эрэгтэй,2018,100.0
Дундговь,25-29,Эрэгтэй,2017,92.5
Дундговь,25-29,Эрэгтэй,2016,90.9
Дундговь,25-29,Эрэгтэй,2015,93.2
Дундговь,25-29,Эрэгтэй,2014,90.3
Дундговь,25-29,Эрэгтэй,2013,83.5
Дундговь,25-29,Эрэгтэй,2012,94.2
Дундговь,25-29,Эрэгтэй,2011,87.8
Дундговь,25-29,Эрэгтэй,2010,92.7
Дундговь,25-29,Эрэгтэй,2009,74.4
Дундговь,25-29,Эмэгтэй,2025,76.8
Дундговь,25-29,Эмэгтэй,2024,66.1
Дундговь,25-29,Эмэгтэй,2023,67.9
Дундговь,25-29,Эмэгтэй,2022,74.2
Дундговь,25-29,Эмэгтэй,2021,80.0
Дундговь,25-29,Эмэгтэй,2020,79.6
Дундговь,25-29,Эмэгтэй,2019,82.9
Дундговь,25-29,Эмэгтэй,2018,78.2
Дундговь,25-29,Эмэгтэй,2017,70.4
Дундговь,25-29,Эмэгтэй,2016,86.3
Дундговь,25-29,Эмэгтэй,2015,87.8
Дундговь,25-29,Эмэгтэй,2014,84.5
Дундговь,25-29,Эмэгтэй,2013,89.8
Дундговь,25-29,Эмэгтэй,2012,85.1
Дундговь,25-29,Эмэгтэй,2011,84.5
Дундговь,25-29,Эмэгтэй,2010,92.3
Дундговь,25-29,Эмэгтэй,2009,100.0
Дундговь,30-34,Нийт,2025,69.6
Дундговь,30-34,Нийт,2024,86.4
Дундговь,30-34,Нийт,2023,79.6
Дундговь,30-34,Нийт,2022,91.2
Дундговь,30-34,Нийт,2021,91.6
Дундговь,30-34,Нийт,2020,93.9
Дундговь,30-34,Нийт,2019,79.3
Дундговь,30-34,Нийт,2018,96.0
Дундговь,30-34,Нийт,2017,94.6
Дундговь,30-34,Нийт,2016,88.2
Дундговь,30-34,Нийт,2015,89.0
Дундговь,30-34,Нийт,2014,92.8
Дундговь,30-34,Нийт,2013,89.2
Дундговь,30-34,Нийт,2012,90.9
Дундговь,30-34,Нийт,2011,93.8
Дундговь,30-34,Нийт,2010,92.8
Дундговь,30-34,Нийт,2009,85.0
Дундговь,30-34,Эрэгтэй,2025,82.6
Дундговь,30-34,Эрэгтэй,2024,92.8
Дундговь,30-34,Эрэгтэй,2023,100.0
Дундговь,30-34,Эрэгтэй,2022,96.6
Дундговь,30-34,Эрэгтэй,2021,95.5
Дундговь,30-34,Эрэгтэй,2020,100.0
Дундговь,30-34,Эрэгтэй,2019,100.0
Дундговь,30-34,Эрэгтэй,2018,100.0
Дундговь,30-34,Эрэгтэй,2017,97.4
Дундговь,30-34,Эрэгтэй,2016,89.0
Дундговь,30-34,Эрэгтэй,2015,90.3
Дундговь,30-34,Эрэгтэй,2014,92.8
Дундговь,30-34,Эрэгтэй,2013,91.0
Дундговь,30-34,Эрэгтэй,2012,90.9
Дундговь,30-34,Эрэгтэй,2011,92.5
Дундговь,30-34,Эрэгтэй,2010,96.2
Дундговь,30-34,Эрэгтэй,2009,90.7
Дундговь,30-34,Эмэгтэй,2025,52.0
Дундговь,30-34,Эмэгтэй,2024,78.3
Дундговь,30-34,Эмэгтэй,2023,71.5
Дундговь,30-34,Эмэгтэй,2022,85.8
Дундговь,30-34,Эмэгтэй,2021,87.5
Дундговь,30-34,Эмэгтэй,2020,88.7
Дундговь,30-34,Эмэгтэй,2019,70.4
Дундговь,30-34,Эмэгтэй,2018,91.4
Дундговь,30-34,Эмэгтэй,2017,92.1
Дундговь,30-34,Эмэгтэй,2016,87.5
Дундговь,30-34,Эмэгтэй,2015,87.8
Дундговь,30-34,Эмэгтэй,2014,92.7
Дундговь,30-34,Эмэгтэй,2013,87.4
Дундговь,30-34,Эмэгтэй,2012,91.0
Дундговь,30-34,Эмэгтэй,2011,95.0
Дундговь,30-34,Эмэгтэй,2010,89.7
Дундговь,30-34,Эмэгтэй,2009,79.5
Дундговь,35-39,Нийт,2025,88.8
Дундговь,35-39,Нийт,2024,92.2
Дундговь,35-39,Нийт,2023,93.8
Дундговь,35-39,Нийт,2022,88.1
Дундговь,35-39,Нийт,2021,92.2
Дундговь,35-39,Нийт,2020,95.4
Дундговь,35-39,Нийт,2019,98.7
Дундговь,35-39,Нийт,2018,96.4
Дундговь,35-39,Нийт,2017,92.2
Дундговь,35-39,Нийт,2016,91.4
Дундговь,35-39,Нийт,2015,92.2
Дундговь,35-39,Нийт,2014,92.7
Дундговь,35-39,Нийт,2013,95.4
Дундговь,35-39,Нийт,2012,92.6
Дундговь,35-39,Нийт,2011,93.3
Дундговь,35-39,Нийт,2010,96.0
Дундговь,35-39,Нийт,2009,91.7
Дундговь,35-39,Эрэгтэй,2025,100.0
Дундговь,35-39,Эрэгтэй,2024,95.7
Дундговь,35-39,Эрэгтэй,2023,96.7
Дундговь,35-39,Эрэгтэй,2022,94.9
Дундговь,35-39,Эрэгтэй,2021,90.1
Дундговь,35-39,Эрэгтэй,2020,95.1
Дундговь,35-39,Эрэгтэй,2019,97.5
Дундговь,35-39,Эрэгтэй,2018,97.8
Дундговь,35-39,Эрэгтэй,2017,92.9
Дундговь,35-39,Эрэгтэй,2016,96.6
Дундговь,35-39,Эрэгтэй,2015,97.0
Дундговь,35-39,Эрэгтэй,2014,94.3
Дундговь,35-39,Эрэгтэй,2013,98.5
Дундговь,35-39,Эрэгтэй,2012,96.0
Дундговь,35-39,Эрэгтэй,2011,96.8
Дундговь,35-39,Эрэгтэй,2010,97.1
Дундговь,35-39,Эрэгтэй,2009,100.0
Дундговь,35-39,Эмэгтэй,2025,76.0
Дундговь,35-39,Эмэгтэй,2024,88.4
Дундговь,35-39,Эмэгтэй,2023,90.3
Дундговь,35-39,Эмэгтэй,2022,83.0
Дундговь,35-39,Эмэгтэй,2021,94.7
Дундговь,35-39,Эмэгтэй,2020,95.9
Дундговь,35-39,Эмэгтэй,2019,100.0
Дундговь,35-39,Эмэгтэй,2018,95.4
Дундговь,35-39,Эмэгтэй,2017,91.4
Дундговь,35-39,Эмэгтэй,2016,87.0
Дундговь,35-39,Эмэгтэй,2015,87.7
Дундговь,35-39,Эмэгтэй,2014,91.6
Дундговь,35-39,Эмэгтэй,2013,92.5
Дундговь,35-39,Эмэгтэй,2012,90.0
Дундговь,35-39,Эмэгтэй,2011,90.4
Дундговь,35-39,Эмэгтэй,2010,95.0
Дундговь,35-39,Эмэгтэй,2009,83.5
Дундговь,40-44,Нийт,2025,98.3
Дундговь,40-44,Нийт,2024,95.0
Дундговь,40-44,Нийт,2023,88.5
Дундговь,40-44,Нийт,2022,93.0
Дундговь,40-44,Нийт,2021,90.7
Дундговь,40-44,Нийт,2020,87.1
Дундговь,40-44,Нийт,2019,94.6
Дундговь,40-44,Нийт,2018,95.4
Дундговь,40-44,Нийт,2017,90.2
Дундговь,40-44,Нийт,2016,85.9
Дундговь,40-44,Нийт,2015,89.1
Дундговь,40-44,Нийт,2014,95.6
Дундговь,40-44,Нийт,2013,91.3
Дундговь,40-44,Нийт,2012,94.2
Дундговь,40-44,Нийт,2011,94.4
Дундговь,40-44,Нийт,2010,94.5
Дундговь,40-44,Нийт,2009,89.8
Дундговь,40-44,Эрэгтэй,2025,96.8
Дундговь,40-44,Эрэгтэй,2024,96.7
Дундговь,40-44,Эрэгтэй,2023,82.3
Дундговь,40-44,Эрэгтэй,2022,92.8
Дундговь,40-44,Эрэгтэй,2021,92.4
Дундговь,40-44,Эрэгтэй,2020,87.5
Дундговь,40-44,Эрэгтэй,2019,98.7
Дундговь,40-44,Эрэгтэй,2018,96.3
Дундговь,40-44,Эрэгтэй,2017,92.2
Дундговь,40-44,Эрэгтэй,2016,86.8
Дундговь,40-44,Эрэгтэй,2015,94.5
Дундговь,40-44,Эрэгтэй,2014,94.1
Дундговь,40-44,Эрэгтэй,2013,94.5
Дундговь,40-44,Эрэгтэй,2012,94.0
Дундговь,40-44,Эрэгтэй,2011,97.3
Дундговь,40-44,Эрэгтэй,2010,86.7
Дундговь,40-44,Эрэгтэй,2009,93.3
Дундговь,40-44,Эмэгтэй,2025,100.0
Дундговь,40-44,Эмэгтэй,2024,93.6
Дундговь,40-44,Эмэгтэй,2023,94.5
Дундговь,40-44,Эмэгтэй,2022,93.3
Дундговь,40-44,Эмэгтэй,2021,89.3
Дундговь,40-44,Эмэгтэй,2020,86.6
Дундговь,40-44,Эмэгтэй,2019,91.0
Дундговь,40-44,Эмэгтэй,2018,94.5
Дундговь,40-44,Эмэгтэй,2017,88.1
Дундговь,40-44,Эмэгтэй,2016,85.2
Дундговь,40-44,Эмэгтэй,2015,85.0
Дундговь,40-44,Эмэгтэй,2014,97.1
Дундговь,40-44,Эмэгтэй,2013,88.5
Дундговь,40-44,Эмэгтэй,2012,94.3
Дундговь,40-44,Эмэгтэй,2011,91.3
Дундговь,40-44,Эмэгтэй,2010,100.0
Дундговь,40-44,Эмэгтэй,2009,86.6
Дундговь,45-49,Нийт,2025,98.1
Дундговь,45-49,Нийт,2024,94.8
Дундговь,45-49,Нийт,2023,97.8
Дундговь,45-49,Нийт,2022,96.8
Дундговь,45-49,Нийт,2021,89.1
Дундговь,45-49,Нийт,2020,98.8
Дундговь,45-49,Нийт,2019,90.7
Дундговь,45-49,Нийт,2018,95.5
Дундговь,45-49,Нийт,2017,94.2
Дундговь,45-49,Нийт,2016,93.1
Дундговь,45-49,Нийт,2015,92.4
Дундговь,45-49,Нийт,2014,85.7
Дундговь,45-49,Нийт,2013,88.6
Дундговь,45-49,Нийт,2012,89.9
Дундговь,45-49,Нийт,2011,91.3
Дундговь,45-49,Нийт,2010,95.1
Дундговь,45-49,Нийт,2009,91.1
Дундговь,45-49,Эрэгтэй,2025,96.5
Дундговь,45-49,Эрэгтэй,2024,97.2
Дундговь,45-49,Эрэгтэй,2023,99.2
Дундговь,45-49,Эрэгтэй,2022,100.0
Дундговь,45-49,Эрэгтэй,2021,99.0
Дундговь,45-49,Эрэгтэй,2020,98.9
Дундговь,45-49,Эрэгтэй,2019,85.8
Дундговь,45-49,Эрэгтэй,2018,94.6
Дундговь,45-49,Эрэгтэй,2017,97.9
Дундговь,45-49,Эрэгтэй,2016,92.0
Дундговь,45-49,Эрэгтэй,2015,95.1
Дундговь,45-49,Эрэгтэй,2014,84.9
Дундговь,45-49,Эрэгтэй,2013,88.7
Дундговь,45-49,Эрэгтэй,2012,91.2
Дундговь,45-49,Эрэгтэй,2011,88.3
Дундговь,45-49,Эрэгтэй,2010,95.8
Дундговь,45-49,Эрэгтэй,2009,93.6
Дундговь,45-49,Эмэгтэй,2025,100.0
Дундговь,45-49,Эмэгтэй,2024,92.4
Дундговь,45-49,Эмэгтэй,2023,96.7
Дундговь,45-49,Эмэгтэй,2022,93.7
Дундговь,45-49,Эмэгтэй,2021,82.2
Дундговь,45-49,Эмэгтэй,2020,98.7
Дундговь,45-49,Эмэгтэй,2019,96.0
Дундговь,45-49,Эмэгтэй,2018,96.4
Дундговь,45-49,Эмэгтэй,2017,91.0
Дундговь,45-49,Эмэгтэй,2016,94.0
Дундговь,45-49,Эмэгтэй,2015,89.2
Дундговь,45-49,Эмэгтэй,2014,86.5
Дундговь,45-49,Эмэгтэй,2013,88.6
Дундговь,45-49,Эмэгтэй,2012,88.7
Дундговь,45-49,Эмэгтэй,2011,95.5
Дундговь,45-49,Эмэгтэй,2010,94.3
Дундговь,45-49,Эмэгтэй,2009,88.8
Дундговь,50-54,Нийт,2025,73.3
Дундговь,50-54,Нийт,2024,90.9
Дундговь,50-54,Нийт,2023,78.9
Дундговь,50-54,Нийт,2022,93.6
Дундговь,50-54,Нийт,2021,91.6
Дундговь,50-54,Нийт,2020,80.6
Дундговь,50-54,Нийт,2019,91.6
Дундговь,50-54,Нийт,2018,88.7
Дундговь,50-54,Нийт,2017,89.4
Дундговь,50-54,Нийт,2016,83.1
Дундговь,50-54,Нийт,2015,79.8
Дундговь,50-54,Нийт,2014,84.7
Дундговь,50-54,Нийт,2013,86.5
Дундговь,50-54,Нийт,2012,80.7
Дундговь,50-54,Нийт,2011,80.8
Дундговь,50-54,Нийт,2010,82.2
Дундговь,50-54,Нийт,2009,78.5
Дундговь,50-54,Эрэгтэй,2025,70.8
Дундговь,50-54,Эрэгтэй,2024,92.8
Дундговь,50-54,Эрэгтэй,2023,71.0
Дундговь,50-54,Эрэгтэй,2022,94.9
Дундговь,50-54,Эрэгтэй,2021,97.3
Дундговь,50-54,Эрэгтэй,2020,98.5
Дундговь,50-54,Эрэгтэй,2019,89.0
Дундговь,50-54,Эрэгтэй,2018,90.6
Дундговь,50-54,Эрэгтэй,2017,86.4
Дундговь,50-54,Эрэгтэй,2016,88.3
Дундговь,50-54,Эрэгтэй,2015,84.4
Дундговь,50-54,Эрэгтэй,2014,90.5
Дундговь,50-54,Эрэгтэй,2013,91.3
Дундговь,50-54,Эрэгтэй,2012,85.3
Дундговь,50-54,Эрэгтэй,2011,88.3
Дундговь,50-54,Эрэгтэй,2010,88.0
Дундговь,50-54,Эрэгтэй,2009,68.3
Дундговь,50-54,Эмэгтэй,2025,75.8
Дундговь,50-54,Эмэгтэй,2024,89.1
Дундговь,50-54,Эмэгтэй,2023,85.5
Дундговь,50-54,Эмэгтэй,2022,91.4
Дундговь,50-54,Эмэгтэй,2021,82.7
Дундговь,50-54,Эмэгтэй,2020,66.3
Дундговь,50-54,Эмэгтэй,2019,93.6
Дундговь,50-54,Эмэгтэй,2018,86.9
Дундговь,50-54,Эмэгтэй,2017,93.0
Дундговь,50-54,Эмэгтэй,2016,77.0
Дундговь,50-54,Эмэгтэй,2015,74.2
Дундговь,50-54,Эмэгтэй,2014,78.1
Дундговь,50-54,Эмэгтэй,2013,82.3
Дундговь,50-54,Эмэгтэй,2012,76.3
Дундговь,50-54,Эмэгтэй,2011,74.7
Дундговь,50-54,Эмэгтэй,2010,77.2
Дундговь,50-54,Эмэгтэй,2009,86.0
Дундговь,55-59,Нийт,2025,57.2
Дундговь,55-59,Нийт,2024,57.2
Дундговь,55-59,Нийт,2023,64.1
Дундговь,55-59,Нийт,2022,73.1
Дундговь,55-59,Нийт,2021,80.1
Дундговь,55-59,Нийт,2020,91.9
Дундговь,55-59,Нийт,2019,80.4
Дундговь,55-59,Нийт,2018,73.2
Дундговь,55-59,Нийт,2017,83.2
Дундговь,55-59,Нийт,2016,67.2
Дундговь,55-59,Нийт,2015,70.5
Дундговь,55-59,Нийт,2014,65.7
Дундговь,55-59,Нийт,2013,70.5
Дундговь,55-59,Нийт,2012,71.8
Дундговь,55-59,Нийт,2011,65.0
Дундговь,55-59,Нийт,2010,71.3
Дундговь,55-59,Нийт,2009,52.0
Дундговь,55-59,Эрэгтэй,2025,84.9
Дундговь,55-59,Эрэгтэй,2024,64.4
Дундговь,55-59,Эрэгтэй,2023,83.8
Дундговь,55-59,Эрэгтэй,2022,92.4
Дундговь,55-59,Эрэгтэй,2021,85.5
Дундговь,55-59,Эрэгтэй,2020,97.0
Дундговь,55-59,Эрэгтэй,2019,89.9
Дундговь,55-59,Эрэгтэй,2018,84.7
Дундговь,55-59,Эрэгтэй,2017,94.1
Дундговь,55-59,Эрэгтэй,2016,87.8
Дундговь,55-59,Эрэгтэй,2015,84.8
Дундговь,55-59,Эрэгтэй,2014,77.6
Дундговь,55-59,Эрэгтэй,2013,81.7
Дундговь,55-59,Эрэгтэй,2012,70.7
Дундговь,55-59,Эрэгтэй,2011,74.6
Дундговь,55-59,Эрэгтэй,2010,100.0
Дундговь,55-59,Эрэгтэй,2009,75.6
Дундговь,55-59,Эмэгтэй,2025,44.5
Дундговь,55-59,Эмэгтэй,2024,51.4
Дундговь,55-59,Эмэгтэй,2023,44.2
Дундговь,55-59,Эмэгтэй,2022,48.3
Дундговь,55-59,Эмэгтэй,2021,75.4
Дундговь,55-59,Эмэгтэй,2020,85.0
Дундговь,55-59,Эмэгтэй,2019,69.0
Дундговь,55-59,Эмэгтэй,2018,64.5
Дундговь,55-59,Эмэгтэй,2017,73.5
Дундговь,55-59,Эмэгтэй,2016,46.2
Дундговь,55-59,Эмэгтэй,2015,60.3
Дундговь,55-59,Эмэгтэй,2014,52.4
Дундговь,55-59,Эмэгтэй,2013,54.1
Дундговь,55-59,Эмэгтэй,2012,73.1
Дундговь,55-59,Эмэгтэй,2011,57.6
Дундговь,55-59,Эмэгтэй,2010,43.8
Дундговь,55-59,Эмэгтэй,2009,31.2
Дундговь,60-64,Нийт,2025,35.6
Дундговь,60-64,Нийт,2024,51.8
Дундговь,60-64,Нийт,2023,43.2
Дундговь,60-64,Нийт,2022,84.0
Дундговь,60-64,Нийт,2021,54.0
Дундговь,60-64,Нийт,2020,62.3
Дундговь,60-64,Нийт,2019,81.4
Дундговь,60-64,Нийт,2018,58.6
Дундговь,60-64,Нийт,2017,52.4
Дундговь,60-64,Нийт,2016,53.1
Дундговь,60-64,Нийт,2015,44.5
Дундговь,60-64,Нийт,2014,50.9
Дундговь,60-64,Нийт,2013,41.1
Дундговь,60-64,Нийт,2012,48.9
Дундговь,60-64,Нийт,2011,63.5
Дундговь,60-64,Нийт,2010,72.0
Дундговь,60-64,Нийт,2009,84.1
Дундговь,60-64,Эрэгтэй,2025,43.1
Дундговь,60-64,Эрэгтэй,2024,45.0
Дундговь,60-64,Эрэгтэй,2023,42.0
Дундговь,60-64,Эрэгтэй,2022,84.6
Дундговь,60-64,Эрэгтэй,2021,60.2
Дундговь,60-64,Эрэгтэй,2020,62.2
Дундговь,60-64,Эрэгтэй,2019,92.9
Дундговь,60-64,Эрэгтэй,2018,66.2
Дундговь,60-64,Эрэгтэй,2017,58.2
Дундговь,60-64,Эрэгтэй,2016,56.9
Дундговь,60-64,Эрэгтэй,2015,62.0
Дундговь,60-64,Эрэгтэй,2014,64.8
Дундговь,60-64,Эрэгтэй,2013,50.0
Дундговь,60-64,Эрэгтэй,2012,32.1
Дундговь,60-64,Эрэгтэй,2011,64.2
Дундговь,60-64,Эрэгтэй,2010,80.7
Дундговь,60-64,Эрэгтэй,2009,75.8
Дундговь,60-64,Эмэгтэй,2025,30.1
Дундговь,60-64,Эмэгтэй,2024,58.1
Дундговь,60-64,Эмэгтэй,2023,44.8
Дундговь,60-64,Эмэгтэй,2022,83.5
Дундговь,60-64,Эмэгтэй,2021,51.2
Дундговь,60-64,Эмэгтэй,2020,62.3
Дундговь,60-64,Эмэгтэй,2019,69.0
Дундговь,60-64,Эмэгтэй,2018,51.8
Дундговь,60-64,Эмэгтэй,2017,46.6
Дундговь,60-64,Эмэгтэй,2016,49.9
Дундговь,60-64,Эмэгтэй,2015,34.3
Дундговь,60-64,Эмэгтэй,2014,32.7
Дундговь,60-64,Эмэгтэй,2013,31.4
Дундговь,60-64,Эмэгтэй,2012,64.7
Дундговь,60-64,Эмэгтэй,2011,61.8
Дундговь,60-64,Эмэгтэй,2010,50.7
Дундговь,60-64,Эмэгтэй,2009,100.0
Дундговь,65-69,Нийт,2025,39.9
Дундговь,65-69,Нийт,2024,49.9
Дундговь,65-69,Нийт,2023,5.1
Дундговь,65-69,Нийт,2022,33.8
Дундговь,65-69,Нийт,2021,40.8
Дундговь,65-69,Нийт,2020,43.8
Дундговь,65-69,Нийт,2019,32.5
Дундговь,65-69,Нийт,2018,59.2
Дундговь,65-69,Нийт,2017,44.3
Дундговь,65-69,Нийт,2016,38.1
Дундговь,65-69,Нийт,2015,38.5
Дундговь,65-69,Нийт,2014,35.9
Дундговь,65-69,Нийт,2013,13.6
Дундговь,65-69,Нийт,2012,33.3
Дундговь,65-69,Нийт,2011,68.3
Дундговь,65-69,Нийт,2010,30.4
Дундговь,65-69,Нийт,2009,19.1
Дундговь,65-69,Эрэгтэй,2025,38.8
Дундговь,65-69,Эрэгтэй,2024,62.1
Дундговь,65-69,Эрэгтэй,2023,19.1
Дундговь,65-69,Эрэгтэй,2022,28.1
Дундговь,65-69,Эрэгтэй,2021,26.1
Дундговь,65-69,Эрэгтэй,2020,36.4
Дундговь,65-69,Эрэгтэй,2019,50.5
Дундговь,65-69,Эрэгтэй,2018,64.1
Дундговь,65-69,Эрэгтэй,2017,57.6
Дундговь,65-69,Эрэгтэй,2016,43.9
Дундговь,65-69,Эрэгтэй,2015,43.0
Дундговь,65-69,Эрэгтэй,2014,25.4
Дундговь,65-69,Эрэгтэй,2013,21.8
Дундговь,65-69,Эрэгтэй,2012,54.9
Дундговь,65-69,Эрэгтэй,2011,46.5
Дундговь,65-69,Эрэгтэй,2010,0.0
Дундговь,65-69,Эрэгтэй,2009,0.0
Дундговь,65-69,Эмэгтэй,2025,40.6
Дундговь,65-69,Эмэгтэй,2024,40.0
Дундговь,65-69,Эмэгтэй,2023,3.1
Дундговь,65-69,Эмэгтэй,2022,36.7
Дундговь,65-69,Эмэгтэй,2021,53.3
Дундговь,65-69,Эмэгтэй,2020,48.4
Дундговь,65-69,Эмэгтэй,2019,18.2
Дундговь,65-69,Эмэгтэй,2018,54.9
Дундговь,65-69,Эмэгтэй,2017,39.8
Дундговь,65-69,Эмэгтэй,2016,30.8
Дундговь,65-69,Эмэгтэй,2015,31.8
Дундговь,65-69,Эмэгтэй,2014,41.4
Дундговь,65-69,Эмэгтэй,2013,8.1
Дундговь,65-69,Эмэгтэй,2012,18.1
Дундговь,65-69,Эмэгтэй,2011,100.0
Дундговь,65-69,Эмэгтэй,2010,42.9
Дундговь,65-69,Эмэгтэй,2009,31.7
Дундговь,70+,Нийт,2025,19.1
Дундговь,70+,Нийт,2024,4.3
Дундговь,70+,Нийт,2023,0.8
Дундговь,70+,Нийт,2022,35.8
Дундговь,70+,Нийт,2021,20.6
Дундговь,70+,Нийт,2020,15.5
Дундговь,70+,Нийт,2019,27.1
Дундговь,70+,Нийт,2018,23.9
Дундговь,70+,Нийт,2017,19.5
Дундговь,70+,Нийт,2016,25.1
Дундговь,70+,Нийт,2015,17.1
Дундговь,70+,Нийт,2014,17.1
Дундговь,70+,Нийт,2013,19.4
Дундговь,70+,Нийт,2012,14.5
Дундговь,70+,Нийт,2011,36.3
Дундговь,70+,Нийт,2010,15.2
Дундговь,70+,Нийт,2009,14.8
Дундговь,70+,Эрэгтэй,2025,22.0
Дундговь,70+,Эрэгтэй,2024,5.6
Дундговь,70+,Эрэгтэй,2023,0.0
Дундговь,70+,Эрэгтэй,2022,39.9
Дундговь,70+,Эрэгтэй,2021,26.1
Дундговь,70+,Эрэгтэй,2020,3.0
Дундговь,70+,Эрэгтэй,2019,28.8
Дундговь,70+,Эрэгтэй,2018,29.4
Дундговь,70+,Эрэгтэй,2017,17.8
Дундговь,70+,Эрэгтэй,2016,28.6
Дундговь,70+,Эрэгтэй,2015,20.1
Дундговь,70+,Эрэгтэй,2014,22.7
Дундговь,70+,Эрэгтэй,2013,39.6
Дундговь,70+,Эрэгтэй,2012,11.6
Дундговь,70+,Эрэгтэй,2011,62.3
Дундговь,70+,Эрэгтэй,2010,22.1
Дундговь,70+,Эрэгтэй,2009,10.6
Дундговь,70+,Эмэгтэй,2025,17.8
Дундговь,70+,Эмэгтэй,2024,3.5
Дундговь,70+,Эмэгтэй,2023,1.4
Дундговь,70+,Эмэгтэй,2022,34.4
Дундговь,70+,Эмэгтэй,2021,16.0
Дундговь,70+,Эмэгтэй,2020,23.4
Дундговь,70+,Эмэгтэй,2019,26.4
Дундговь,70+,Эмэгтэй,2018,20.3
Дундговь,70+,Эмэгтэй,2017,20.8
Дундговь,70+,Эмэгтэй,2016,23.0
Дундговь,70+,Эмэгтэй,2015,15.3
Дундговь,70+,Эмэгтэй,2014,14.4
Дундговь,70+,Эмэгтэй,2013,10.3
Дундговь,70+,Эмэгтэй,2012,17.5
Дундговь,70+,Эмэгтэй,2011,21.2
Дундговь,70+,Эмэгтэй,2010,9.4
Дундговь,70+,Эмэгтэй,2009,18.2
Өмнөговь,Бүгд,Нийт,2025,63.7
Өмнөговь,Бүгд,Нийт,2024,64.7
Өмнөговь,Бүгд,Нийт,2023,70.5
Өмнөговь,Бүгд,Нийт,2022,72.0
Өмнөговь,Бүгд,Нийт,2021,65.6
Өмнөговь,Бүгд,Нийт,2020,73.1
Өмнөговь,Бүгд,Нийт,2019,73.5
Өмнөговь,Бүгд,Нийт,2018,69.0
Өмнөговь,Бүгд,Нийт,2017,68.8
Өмнөговь,Бүгд,Нийт,2016,69.0
Өмнөговь,Бүгд,Нийт,2015,69.7
Өмнөговь,Бүгд,Нийт,2014,71.4
Өмнөговь,Бүгд,Нийт,2013,57.1
Өмнөговь,Бүгд,Нийт,2012,62.7
Өмнөговь,Бүгд,Нийт,2011,75.6
Өмнөговь,Бүгд,Нийт,2010,70.5
Өмнөговь,Бүгд,Нийт,2009,63.7
Өмнөговь,Бүгд,Эрэгтэй,2025,70.2
Өмнөговь,Бүгд,Эрэгтэй,2024,70.4
Өмнөговь,Бүгд,Эрэгтэй,2023,82.0
Өмнөговь,Бүгд,Эрэгтэй,2022,77.1
Өмнөговь,Бүгд,Эрэгтэй,2021,71.6
Өмнөговь,Бүгд,Эрэгтэй,2020,77.7
Өмнөговь,Бүгд,Эрэгтэй,2019,82.2
Өмнөговь,Бүгд,Эрэгтэй,2018,76.1
Өмнөговь,Бүгд,Эрэгтэй,2017,73.7
Өмнөговь,Бүгд,Эрэгтэй,2016,76.0
Өмнөговь,Бүгд,Эрэгтэй,2015,76.2
Өмнөговь,Бүгд,Эрэгтэй,2014,76.7
Өмнөговь,Бүгд,Эрэгтэй,2013,59.6
Өмнөговь,Бүгд,Эрэгтэй,2012,67.2
Өмнөговь,Бүгд,Эрэгтэй,2011,83.9
Өмнөговь,Бүгд,Эрэгтэй,2010,75.2
Өмнөговь,Бүгд,Эрэгтэй,2009,67.8
Өмнөговь,Бүгд,Эмэгтэй,2025,57.1
Өмнөговь,Бүгд,Эмэгтэй,2024,59.2
Өмнөговь,Бүгд,Эмэгтэй,2023,60.5
Өмнөговь,Бүгд,Эмэгтэй,2022,66.3
Өмнөговь,Бүгд,Эмэгтэй,2021,59.3
Өмнөговь,Бүгд,Эмэгтэй,2020,68.6
Өмнөговь,Бүгд,Эмэгтэй,2019,65.5
Өмнөговь,Бүгд,Эмэгтэй,2018,62.6
Өмнөговь,Бүгд,Эмэгтэй,2017,64.2
Өмнөговь,Бүгд,Эмэгтэй,2016,62.1
Өмнөговь,Бүгд,Эмэгтэй,2015,63.6
Өмнөговь,Бүгд,Эмэгтэй,2014,66.0
Өмнөговь,Бүгд,Эмэгтэй,2013,54.6
Өмнөговь,Бүгд,Эмэгтэй,2012,58.3
Өмнөговь,Бүгд,Эмэгтэй,2011,68.1
Өмнөговь,Бүгд,Эмэгтэй,2010,66.0
Өмнөговь,Бүгд,Эмэгтэй,2009,59.9
Өмнөговь,15-19,Нийт,2025,3.6
Өмнөговь,15-19,Нийт,2024,5.9
Өмнөговь,15-19,Нийт,2023,11.6
Өмнөговь,15-19,Нийт,2022,3.6
Өмнөговь,15-19,Нийт,2021,14.3
Өмнөговь,15-19,Нийт,2020,20.2
Өмнөговь,15-19,Нийт,2019,13.6
Өмнөговь,15-19,Нийт,2018,14.2
Өмнөговь,15-19,Нийт,2017,10.7
Өмнөговь,15-19,Нийт,2016,10.3
Өмнөговь,15-19,Нийт,2015,15.3
Өмнөговь,15-19,Нийт,2014,15.8
Өмнөговь,15-19,Нийт,2013,8.5
Өмнөговь,15-19,Нийт,2012,31.6
Өмнөговь,15-19,Нийт,2011,36.0
Өмнөговь,15-19,Нийт,2010,17.8
Өмнөговь,15-19,Нийт,2009,17.0
Өмнөговь,15-19,Эрэгтэй,2025,3.2
Өмнөговь,15-19,Эрэгтэй,2024,8.7
Өмнөговь,15-19,Эрэгтэй,2023,13.8
Өмнөговь,15-19,Эрэгтэй,2022,5.8
Өмнөговь,15-19,Эрэгтэй,2021,18.1
Өмнөговь,15-19,Эрэгтэй,2020,23.8
Өмнөговь,15-19,Эрэгтэй,2019,21.3
Өмнөговь,15-19,Эрэгтэй,2018,18.8
Өмнөговь,15-19,Эрэгтэй,2017,13.9
Өмнөговь,15-19,Эрэгтэй,2016,14.1
Өмнөговь,15-19,Эрэгтэй,2015,22.2
Өмнөговь,15-19,Эрэгтэй,2014,26.2
Өмнөговь,15-19,Эрэгтэй,2013,10.3
Өмнөговь,15-19,Эрэгтэй,2012,39.6
Өмнөговь,15-19,Эрэгтэй,2011,47.3
Өмнөговь,15-19,Эрэгтэй,2010,21.1
Өмнөговь,15-19,Эрэгтэй,2009,16.5
Өмнөговь,15-19,Эмэгтэй,2025,4.2
Өмнөговь,15-19,Эмэгтэй,2024,1.1
Өмнөговь,15-19,Эмэгтэй,2023,9.9
Өмнөговь,15-19,Эмэгтэй,2022,1.4
Өмнөговь,15-19,Эмэгтэй,2021,3.0
Өмнөговь,15-19,Эмэгтэй,2020,15.8
Өмнөговь,15-19,Эмэгтэй,2019,8.2
Өмнөговь,15-19,Эмэгтэй,2018,9.4
Өмнөговь,15-19,Эмэгтэй,2017,6.9
Өмнөговь,15-19,Эмэгтэй,2016,6.0
Өмнөговь,15-19,Эмэгтэй,2015,10.0
Өмнөговь,15-19,Эмэгтэй,2014,3.7
Өмнөговь,15-19,Эмэгтэй,2013,6.7
Өмнөговь,15-19,Эмэгтэй,2012,21.8
Өмнөговь,15-19,Эмэгтэй,2011,24.8
Өмнөговь,15-19,Эмэгтэй,2010,15.0
Өмнөговь,15-19,Эмэгтэй,2009,17.6
Өмнөговь,20-24,Нийт,2025,53.8
Өмнөговь,20-24,Нийт,2024,26.0
Өмнөговь,20-24,Нийт,2023,53.4
Өмнөговь,20-24,Нийт,2022,93.2
Өмнөговь,20-24,Нийт,2021,46.7
Өмнөговь,20-24,Нийт,2020,56.8
Өмнөговь,20-24,Нийт,2019,74.0
Өмнөговь,20-24,Нийт,2018,58.4
Өмнөговь,20-24,Нийт,2017,66.7
Өмнөговь,20-24,Нийт,2016,59.0
Өмнөговь,20-24,Нийт,2015,56.1
Өмнөговь,20-24,Нийт,2014,61.4
Өмнөговь,20-24,Нийт,2013,45.4
Өмнөговь,20-24,Нийт,2012,59.1
Өмнөговь,20-24,Нийт,2011,69.5
Өмнөговь,20-24,Нийт,2010,61.7
Өмнөговь,20-24,Нийт,2009,60.9
Өмнөговь,20-24,Эрэгтэй,2025,64.4
Өмнөговь,20-24,Эрэгтэй,2024,29.1
Өмнөговь,20-24,Эрэгтэй,2023,65.3
Өмнөговь,20-24,Эрэгтэй,2022,91.9
Өмнөговь,20-24,Эрэгтэй,2021,64.9
Өмнөговь,20-24,Эрэгтэй,2020,62.6
Өмнөговь,20-24,Эрэгтэй,2019,79.3
Өмнөговь,20-24,Эрэгтэй,2018,69.6
Өмнөговь,20-24,Эрэгтэй,2017,77.2
Өмнөговь,20-24,Эрэгтэй,2016,73.0
Өмнөговь,20-24,Эрэгтэй,2015,65.9
Өмнөговь,20-24,Эрэгтэй,2014,72.9
Өмнөговь,20-24,Эрэгтэй,2013,51.4
Өмнөговь,20-24,Эрэгтэй,2012,66.0
Өмнөговь,20-24,Эрэгтэй,2011,84.3
Өмнөговь,20-24,Эрэгтэй,2010,67.9
Өмнөговь,20-24,Эрэгтэй,2009,67.4
Өмнөговь,20-24,Эмэгтэй,2025,33.4
Өмнөговь,20-24,Эмэгтэй,2024,23.2
Өмнөговь,20-24,Эмэгтэй,2023,45.9
Өмнөговь,20-24,Эмэгтэй,2022,95.3
Өмнөговь,20-24,Эмэгтэй,2021,37.5
Өмнөговь,20-24,Эмэгтэй,2020,50.7
Өмнөговь,20-24,Эмэгтэй,2019,66.6
Өмнөговь,20-24,Эмэгтэй,2018,46.9
Өмнөговь,20-24,Эмэгтэй,2017,56.3
Өмнөговь,20-24,Эмэгтэй,2016,42.9
Өмнөговь,20-24,Эмэгтэй,2015,47.1
Өмнөговь,20-24,Эмэгтэй,2014,48.9
Өмнөговь,20-24,Эмэгтэй,2013,37.7
Өмнөговь,20-24,Эмэгтэй,2012,50.3
Өмнөговь,20-24,Эмэгтэй,2011,52.5
Өмнөговь,20-24,Эмэгтэй,2010,52.5
Өмнөговь,20-24,Эмэгтэй,2009,55.0
Өмнөговь,25-29,Нийт,2025,82.8
Өмнөговь,25-29,Нийт,2024,75.2
Өмнөговь,25-29,Нийт,2023,91.1
Өмнөговь,25-29,Нийт,2022,80.3
Өмнөговь,25-29,Нийт,2021,83.3
Өмнөговь,25-29,Нийт,2020,74.8
Өмнөговь,25-29,Нийт,2019,74.6
Өмнөговь,25-29,Нийт,2018,79.2
Өмнөговь,25-29,Нийт,2017,79.1
Өмнөговь,25-29,Нийт,2016,79.7
Өмнөговь,25-29,Нийт,2015,76.9
Өмнөговь,25-29,Нийт,2014,82.2
Өмнөговь,25-29,Нийт,2013,72.7
Өмнөговь,25-29,Нийт,2012,65.8
Өмнөговь,25-29,Нийт,2011,88.2
Өмнөговь,25-29,Нийт,2010,83.8
Өмнөговь,25-29,Нийт,2009,80.7
Өмнөговь,25-29,Эрэгтэй,2025,96.2
Өмнөговь,25-29,Эрэгтэй,2024,99.1
Өмнөговь,25-29,Эрэгтэй,2023,90.6
Өмнөговь,25-29,Эрэгтэй,2022,91.5
Өмнөговь,25-29,Эрэгтэй,2021,90.0
Өмнөговь,25-29,Эрэгтэй,2020,85.3
Өмнөговь,25-29,Эрэгтэй,2019,80.8
Өмнөговь,25-29,Эрэгтэй,2018,90.5
Өмнөговь,25-29,Эрэгтэй,2017,98.1
Өмнөговь,25-29,Эрэгтэй,2016,91.2
Өмнөговь,25-29,Эрэгтэй,2015,91.7
Өмнөговь,25-29,Эрэгтэй,2014,93.8
Өмнөговь,25-29,Эрэгтэй,2013,80.5
Өмнөговь,25-29,Эрэгтэй,2012,72.6
Өмнөговь,25-29,Эрэгтэй,2011,95.4
Өмнөговь,25-29,Эрэгтэй,2010,96.7
Өмнөговь,25-29,Эрэгтэй,2009,94.6
Өмнөговь,25-29,Эмэгтэй,2025,66.2
Өмнөговь,25-29,Эмэгтэй,2024,61.6
Өмнөговь,25-29,Эмэгтэй,2023,91.5
Өмнөговь,25-29,Эмэгтэй,2022,72.3
Өмнөговь,25-29,Эмэгтэй,2021,74.2
Өмнөговь,25-29,Эмэгтэй,2020,66.2
Өмнөговь,25-29,Эмэгтэй,2019,70.8
Өмнөговь,25-29,Эмэгтэй,2018,69.9
Өмнөговь,25-29,Эмэгтэй,2017,63.1
Өмнөговь,25-29,Эмэгтэй,2016,68.4
Өмнөговь,25-29,Эмэгтэй,2015,61.8
Өмнөговь,25-29,Эмэгтэй,2014,70.0
Өмнөговь,25-29,Эмэгтэй,2013,64.4
Өмнөговь,25-29,Эмэгтэй,2012,59.5
Өмнөговь,25-29,Эмэгтэй,2011,80.4
Өмнөговь,25-29,Эмэгтэй,2010,72.9
Өмнөговь,25-29,Эмэгтэй,2009,66.3
Өмнөговь,30-34,Нийт,2025,87.8
Өмнөговь,30-34,Нийт,2024,85.8
Өмнөговь,30-34,Нийт,2023,86.2
Өмнөговь,30-34,Нийт,2022,84.1
Өмнөговь,30-34,Нийт,2021,87.0
Өмнөговь,30-34,Нийт,2020,91.4
Өмнөговь,30-34,Нийт,2019,82.5
Өмнөговь,30-34,Нийт,2018,83.6
Өмнөговь,30-34,Нийт,2017,87.9
Өмнөговь,30-34,Нийт,2016,81.2
Өмнөговь,30-34,Нийт,2015,83.5
Өмнөговь,30-34,Нийт,2014,94.2
Өмнөговь,30-34,Нийт,2013,78.4
Өмнөговь,30-34,Нийт,2012,75.3
Өмнөговь,30-34,Нийт,2011,92.4
Өмнөговь,30-34,Нийт,2010,89.0
Өмнөговь,30-34,Нийт,2009,90.1
Өмнөговь,30-34,Эрэгтэй,2025,96.6
Өмнөговь,30-34,Эрэгтэй,2024,92.9
Өмнөговь,30-34,Эрэгтэй,2023,99.2
Өмнөговь,30-34,Эрэгтэй,2022,90.7
Өмнөговь,30-34,Эрэгтэй,2021,93.1
Өмнөговь,30-34,Эрэгтэй,2020,98.9
Өмнөговь,30-34,Эрэгтэй,2019,96.3
Өмнөговь,30-34,Эрэгтэй,2018,87.1
Өмнөговь,30-34,Эрэгтэй,2017,94.1
Өмнөговь,30-34,Эрэгтэй,2016,88.7
Өмнөговь,30-34,Эрэгтэй,2015,94.6
Өмнөговь,30-34,Эрэгтэй,2014,96.6
Өмнөговь,30-34,Эрэгтэй,2013,75.0
Өмнөговь,30-34,Эрэгтэй,2012,79.9
Өмнөговь,30-34,Эрэгтэй,2011,100.0
Өмнөговь,30-34,Эрэгтэй,2010,94.3
Өмнөговь,30-34,Эрэгтэй,2009,100.0
Өмнөговь,30-34,Эмэгтэй,2025,81.3
Өмнөговь,30-34,Эмэгтэй,2024,78.7
Өмнөговь,30-34,Эмэгтэй,2023,68.6
Өмнөговь,30-34,Эмэгтэй,2022,76.3
Өмнөговь,30-34,Эмэгтэй,2021,79.0
Өмнөговь,30-34,Эмэгтэй,2020,82.9
Өмнөговь,30-34,Эмэгтэй,2019,68.4
Өмнөговь,30-34,Эмэгтэй,2018,80.3
Өмнөговь,30-34,Эмэгтэй,2017,81.4
Өмнөговь,30-34,Эмэгтэй,2016,74.2
Өмнөговь,30-34,Эмэгтэй,2015,73.4
Өмнөговь,30-34,Эмэгтэй,2014,91.7
Өмнөговь,30-34,Эмэгтэй,2013,82.0
Өмнөговь,30-34,Эмэгтэй,2012,71.7
Өмнөговь,30-34,Эмэгтэй,2011,87.1
Өмнөговь,30-34,Эмэгтэй,2010,84.0
Өмнөговь,30-34,Эмэгтэй,2009,84.9
Өмнөговь,35-39,Нийт,2025,88.7
Өмнөговь,35-39,Нийт,2024,76.0
Өмнөговь,35-39,Нийт,2023,84.6
Өмнөговь,35-39,Нийт,2022,89.2
Өмнөговь,35-39,Нийт,2021,76.9
Өмнөговь,35-39,Нийт,2020,90.9
Өмнөговь,35-39,Нийт,2019,86.8
Өмнөговь,35-39,Нийт,2018,79.0
Өмнөговь,35-39,Нийт,2017,89.0
Өмнөговь,35-39,Нийт,2016,85.1
Өмнөговь,35-39,Нийт,2015,87.8
Өмнөговь,35-39,Нийт,2014,89.4
Өмнөговь,35-39,Нийт,2013,83.9
Өмнөговь,35-39,Нийт,2012,88.8
Өмнөговь,35-39,Нийт,2011,93.7
Өмнөговь,35-39,Нийт,2010,97.1
Өмнөговь,35-39,Нийт,2009,96.6
Өмнөговь,35-39,Эрэгтэй,2025,98.5
Өмнөговь,35-39,Эрэгтэй,2024,85.3
Өмнөговь,35-39,Эрэгтэй,2023,97.8
Өмнөговь,35-39,Эрэгтэй,2022,89.1
Өмнөговь,35-39,Эрэгтэй,2021,99.1
Өмнөговь,35-39,Эрэгтэй,2020,90.7
Өмнөговь,35-39,Эрэгтэй,2019,94.5
Өмнөговь,35-39,Эрэгтэй,2018,90.0
Өмнөговь,35-39,Эрэгтэй,2017,90.2
Өмнөговь,35-39,Эрэгтэй,2016,90.7
Өмнөговь,35-39,Эрэгтэй,2015,90.2
Өмнөговь,35-39,Эрэгтэй,2014,93.0
Өмнөговь,35-39,Эрэгтэй,2013,79.8
Өмнөговь,35-39,Эрэгтэй,2012,89.2
Өмнөговь,35-39,Эрэгтэй,2011,100.0
Өмнөговь,35-39,Эрэгтэй,2010,97.0
Өмнөговь,35-39,Эрэгтэй,2009,100.0
Өмнөговь,35-39,Эмэгтэй,2025,76.4
Өмнөговь,35-39,Эмэгтэй,2024,60.4
Өмнөговь,35-39,Эмэгтэй,2023,75.3
Өмнөговь,35-39,Эмэгтэй,2022,89.3
Өмнөговь,35-39,Эмэгтэй,2021,57.9
Өмнөговь,35-39,Эмэгтэй,2020,91.4
Өмнөговь,35-39,Эмэгтэй,2019,78.6
Өмнөговь,35-39,Эмэгтэй,2018,65.3
Өмнөговь,35-39,Эмэгтэй,2017,88.0
Өмнөговь,35-39,Эмэгтэй,2016,79.4
Өмнөговь,35-39,Эмэгтэй,2015,85.0
Өмнөговь,35-39,Эмэгтэй,2014,85.9
Өмнөговь,35-39,Эмэгтэй,2013,88.0
Өмнөговь,35-39,Эмэгтэй,2012,88.4
Өмнөговь,35-39,Эмэгтэй,2011,87.5
Өмнөговь,35-39,Эмэгтэй,2010,97.1
Өмнөговь,35-39,Эмэгтэй,2009,93.5
Өмнөговь,40-44,Нийт,2025,94.7
Өмнөговь,40-44,Нийт,2024,90.9
Өмнөговь,40-44,Нийт,2023,94.7
Өмнөговь,40-44,Нийт,2022,78.6
Өмнөговь,40-44,Нийт,2021,81.2
Өмнөговь,40-44,Нийт,2020,92.0
Өмнөговь,40-44,Нийт,2019,84.5
Өмнөговь,40-44,Нийт,2018,91.8
Өмнөговь,40-44,Нийт,2017,93.2
Өмнөговь,40-44,Нийт,2016,90.0
Өмнөговь,40-44,Нийт,2015,92.3
Өмнөговь,40-44,Нийт,2014,92.8
Өмнөговь,40-44,Нийт,2013,79.2
Өмнөговь,40-44,Нийт,2012,87.7
Өмнөговь,40-44,Нийт,2011,97.0
Өмнөговь,40-44,Нийт,2010,96.7
Өмнөговь,40-44,Нийт,2009,94.7
Өмнөговь,40-44,Эрэгтэй,2025,96.3
Өмнөговь,40-44,Эрэгтэй,2024,92.0
Өмнөговь,40-44,Эрэгтэй,2023,98.1
Өмнөговь,40-44,Эрэгтэй,2022,84.6
Өмнөговь,40-44,Эрэгтэй,2021,99.6
Өмнөговь,40-44,Эрэгтэй,2020,89.6
Өмнөговь,40-44,Эрэгтэй,2019,88.1
Өмнөговь,40-44,Эрэгтэй,2018,95.0
Өмнөговь,40-44,Эрэгтэй,2017,92.7
Өмнөговь,40-44,Эрэгтэй,2016,91.4
Өмнөговь,40-44,Эрэгтэй,2015,90.6
Өмнөговь,40-44,Эрэгтэй,2014,94.9
Өмнөговь,40-44,Эрэгтэй,2013,77.0
Өмнөговь,40-44,Эрэгтэй,2012,86.6
Өмнөговь,40-44,Эрэгтэй,2011,100.0
Өмнөговь,40-44,Эрэгтэй,2010,96.3
Өмнөговь,40-44,Эрэгтэй,2009,95.2
Өмнөговь,40-44,Эмэгтэй,2025,92.8
Өмнөговь,40-44,Эмэгтэй,2024,89.5
Өмнөговь,40-44,Эмэгтэй,2023,90.7
Өмнөговь,40-44,Эмэгтэй,2022,71.4
Өмнөговь,40-44,Эмэгтэй,2021,67.9
Өмнөговь,40-44,Эмэгтэй,2020,93.9
Өмнөговь,40-44,Эмэгтэй,2019,81.3
Өмнөговь,40-44,Эмэгтэй,2018,88.5
Өмнөговь,40-44,Эмэгтэй,2017,93.8
Өмнөговь,40-44,Эмэгтэй,2016,88.8
Өмнөговь,40-44,Эмэгтэй,2015,94.1
Өмнөговь,40-44,Эмэгтэй,2014,90.6
Өмнөговь,40-44,Эмэгтэй,2013,81.4
Өмнөговь,40-44,Эмэгтэй,2012,88.6
Өмнөговь,40-44,Эмэгтэй,2011,95.2
Өмнөговь,40-44,Эмэгтэй,2010,97.0
Өмнөговь,40-44,Эмэгтэй,2009,94.3
Өмнөговь,45-49,Нийт,2025,92.0
Өмнөговь,45-49,Нийт,2024,81.7
Өмнөговь,45-49,Нийт,2023,86.9
Өмнөговь,45-49,Нийт,2022,90.1
Өмнөговь,45-49,Нийт,2021,88.8
Өмнөговь,45-49,Нийт,2020,86.9
Өмнөговь,45-49,Нийт,2019,98.4
Өмнөговь,45-49,Нийт,2018,89.6
Өмнөговь,45-49,Нийт,2017,92.9
Өмнөговь,45-49,Нийт,2016,91.9
Өмнөговь,45-49,Нийт,2015,87.7
Өмнөговь,45-49,Нийт,2014,91.8
Өмнөговь,45-49,Нийт,2013,76.2
Өмнөговь,45-49,Нийт,2012,90.4
Өмнөговь,45-49,Нийт,2011,94.6
Өмнөговь,45-49,Нийт,2010,95.9
Өмнөговь,45-49,Нийт,2009,90.4
Өмнөговь,45-49,Эрэгтэй,2025,95.0
Өмнөговь,45-49,Эрэгтэй,2024,92.2
Өмнөговь,45-49,Эрэгтэй,2023,94.9
Өмнөговь,45-49,Эрэгтэй,2022,97.6
Өмнөговь,45-49,Эрэгтэй,2021,80.2
Өмнөговь,45-49,Эрэгтэй,2020,85.5
Өмнөговь,45-49,Эрэгтэй,2019,100.0
Өмнөговь,45-49,Эрэгтэй,2018,91.6
Өмнөговь,45-49,Эрэгтэй,2017,93.4
Өмнөговь,45-49,Эрэгтэй,2016,92.8
Өмнөговь,45-49,Эрэгтэй,2015,77.3
Өмнөговь,45-49,Эрэгтэй,2014,92.9
Өмнөговь,45-49,Эрэгтэй,2013,77.3
Өмнөговь,45-49,Эрэгтэй,2012,85.1
Өмнөговь,45-49,Эрэгтэй,2011,100.0
Өмнөговь,45-49,Эрэгтэй,2010,100.0
Өмнөговь,45-49,Эрэгтэй,2009,92.2
Өмнөговь,45-49,Эмэгтэй,2025,89.9
Өмнөговь,45-49,Эмэгтэй,2024,75.3
Өмнөговь,45-49,Эмэгтэй,2023,72.4
Өмнөговь,45-49,Эмэгтэй,2022,78.9
Өмнөговь,45-49,Эмэгтэй,2021,98.7
Өмнөговь,45-49,Эмэгтэй,2020,89.1
Өмнөговь,45-49,Эмэгтэй,2019,96.0
Өмнөговь,45-49,Эмэгтэй,2018,88.1
Өмнөговь,45-49,Эмэгтэй,2017,92.4
Өмнөговь,45-49,Эмэгтэй,2016,90.9
Өмнөговь,45-49,Эмэгтэй,2015,96.3
Өмнөговь,45-49,Эмэгтэй,2014,91.1
Өмнөговь,45-49,Эмэгтэй,2013,74.7
Өмнөговь,45-49,Эмэгтэй,2012,100.0
Өмнөговь,45-49,Эмэгтэй,2011,90.6
Өмнөговь,45-49,Эмэгтэй,2010,92.8
Өмнөговь,45-49,Эмэгтэй,2009,89.2
Өмнөговь,50-54,Нийт,2025,89.5
Өмнөговь,50-54,Нийт,2024,93.5
Өмнөговь,50-54,Нийт,2023,89.9
Өмнөговь,50-54,Нийт,2022,88.7
Өмнөговь,50-54,Нийт,2021,81.8
Өмнөговь,50-54,Нийт,2020,82.7
Өмнөговь,50-54,Нийт,2019,81.9
Өмнөговь,50-54,Нийт,2018,84.2
Өмнөговь,50-54,Нийт,2017,82.2
Өмнөговь,50-54,Нийт,2016,83.3
Өмнөговь,50-54,Нийт,2015,81.7
Өмнөговь,50-54,Нийт,2014,85.2
Өмнөговь,50-54,Нийт,2013,75.4
Өмнөговь,50-54,Нийт,2012,83.2
Өмнөговь,50-54,Нийт,2011,91.5
Өмнөговь,50-54,Нийт,2010,90.8
Өмнөговь,50-54,Нийт,2009,70.6
Өмнөговь,50-54,Эрэгтэй,2025,85.5
Өмнөговь,50-54,Эрэгтэй,2024,93.7
Өмнөговь,50-54,Эрэгтэй,2023,97.3
Өмнөговь,50-54,Эрэгтэй,2022,92.8
Өмнөговь,50-54,Эрэгтэй,2021,100.0
Өмнөговь,50-54,Эрэгтэй,2020,82.7
Өмнөговь,50-54,Эрэгтэй,2019,91.2
Өмнөговь,50-54,Эрэгтэй,2018,87.8
Өмнөговь,50-54,Эрэгтэй,2017,82.3
Өмнөговь,50-54,Эрэгтэй,2016,87.5
Өмнөговь,50-54,Эрэгтэй,2015,83.3
Өмнөговь,50-54,Эрэгтэй,2014,84.3
Өмнөговь,50-54,Эрэгтэй,2013,83.5
Өмнөговь,50-54,Эрэгтэй,2012,90.8
Өмнөговь,50-54,Эрэгтэй,2011,90.9
Өмнөговь,50-54,Эрэгтэй,2010,90.8
Өмнөговь,50-54,Эрэгтэй,2009,85.8
Өмнөговь,50-54,Эмэгтэй,2025,93.1
Өмнөговь,50-54,Эмэгтэй,2024,93.4
Өмнөговь,50-54,Эмэгтэй,2023,84.8
Өмнөговь,50-54,Эмэгтэй,2022,83.5
Өмнөговь,50-54,Эмэгтэй,2021,69.8
Өмнөговь,50-54,Эмэгтэй,2020,82.8
Өмнөговь,50-54,Эмэгтэй,2019,75.7
Өмнөговь,50-54,Эмэгтэй,2018,81.0
Өмнөговь,50-54,Эмэгтэй,2017,82.2
Өмнөговь,50-54,Эмэгтэй,2016,77.1
Өмнөговь,50-54,Эмэгтэй,2015,80.3
Өмнөговь,50-54,Эмэгтэй,2014,86.3
Өмнөговь,50-54,Эмэгтэй,2013,69.9
Өмнөговь,50-54,Эмэгтэй,2012,78.0
Өмнөговь,50-54,Эмэгтэй,2011,92.3
Өмнөговь,50-54,Эмэгтэй,2010,90.7
Өмнөговь,50-54,Эмэгтэй,2009,59.9
Өмнөговь,55-59,Нийт,2025,63.5
Өмнөговь,55-59,Нийт,2024,62.8
Өмнөговь,55-59,Нийт,2023,50.5
Өмнөговь,55-59,Нийт,2022,67.2
Өмнөговь,55-59,Нийт,2021,63.2
Өмнөговь,55-59,Нийт,2020,61.4
Өмнөговь,55-59,Нийт,2019,57.5
Өмнөговь,55-59,Нийт,2018,52.0
Өмнөговь,55-59,Нийт,2017,57.6
Өмнөговь,55-59,Нийт,2016,60.7
Өмнөговь,55-59,Нийт,2015,61.4
Өмнөговь,55-59,Нийт,2014,56.2
Өмнөговь,55-59,Нийт,2013,57.4
Өмнөговь,55-59,Нийт,2012,31.5
Өмнөговь,55-59,Нийт,2011,78.0
Өмнөговь,55-59,Нийт,2010,58.9
Өмнөговь,55-59,Нийт,2009,66.6
Өмнөговь,55-59,Эрэгтэй,2025,89.9
Өмнөговь,55-59,Эрэгтэй,2024,72.6
Өмнөговь,55-59,Эрэгтэй,2023,75.1
Өмнөговь,55-59,Эрэгтэй,2022,65.8
Өмнөговь,55-59,Эрэгтэй,2021,71.0
Өмнөговь,55-59,Эрэгтэй,2020,65.2
Өмнөговь,55-59,Эрэгтэй,2019,69.6
Өмнөговь,55-59,Эрэгтэй,2018,65.9
Өмнөговь,55-59,Эрэгтэй,2017,72.2
Өмнөговь,55-59,Эрэгтэй,2016,72.8
Өмнөговь,55-59,Эрэгтэй,2015,81.3
Өмнөговь,55-59,Эрэгтэй,2014,82.2
Өмнөговь,55-59,Эрэгтэй,2013,59.5
Өмнөговь,55-59,Эрэгтэй,2012,62.5
Өмнөговь,55-59,Эрэгтэй,2011,80.5
Өмнөговь,55-59,Эрэгтэй,2010,77.1
Өмнөговь,55-59,Эрэгтэй,2009,80.2
Өмнөговь,55-59,Эмэгтэй,2025,44.3
Өмнөговь,55-59,Эмэгтэй,2024,56.2
Өмнөговь,55-59,Эмэгтэй,2023,34.7
Өмнөговь,55-59,Эмэгтэй,2022,68.3
Өмнөговь,55-59,Эмэгтэй,2021,53.7
Өмнөговь,55-59,Эмэгтэй,2020,57.8
Өмнөговь,55-59,Эмэгтэй,2019,44.7
Өмнөговь,55-59,Эмэгтэй,2018,34.4
Өмнөговь,55-59,Эмэгтэй,2017,43.6
Өмнөговь,55-59,Эмэгтэй,2016,51.8
Өмнөговь,55-59,Эмэгтэй,2015,36.4
Өмнөговь,55-59,Эмэгтэй,2014,36.6
Өмнөговь,55-59,Эмэгтэй,2013,55.7
Өмнөговь,55-59,Эмэгтэй,2012,14.0
Өмнөговь,55-59,Эмэгтэй,2011,74.3
Өмнөговь,55-59,Эмэгтэй,2010,46.1
Өмнөговь,55-59,Эмэгтэй,2009,49.6
Өмнөговь,60-64,Нийт,2025,33.2
Өмнөговь,60-64,Нийт,2024,22.9
Өмнөговь,60-64,Нийт,2023,26.3
Өмнөговь,60-64,Нийт,2022,46.6
Өмнөговь,60-64,Нийт,2021,50.1
Өмнөговь,60-64,Нийт,2020,49.7
Өмнөговь,60-64,Нийт,2019,40.1
Өмнөговь,60-64,Нийт,2018,47.1
Өмнөговь,60-64,Нийт,2017,29.8
Өмнөговь,60-64,Нийт,2016,27.8
Өмнөговь,60-64,Нийт,2015,25.9
Өмнөговь,60-64,Нийт,2014,43.6
Өмнөговь,60-64,Нийт,2013,15.6
Өмнөговь,60-64,Нийт,2012,32.3
Өмнөговь,60-64,Нийт,2011,63.6
Өмнөговь,60-64,Нийт,2010,100.0
Өмнөговь,60-64,Нийт,2009,71.3
Өмнөговь,60-64,Эрэгтэй,2025,43.7
Өмнөговь,60-64,Эрэгтэй,2024,33.9
Өмнөговь,60-64,Эрэгтэй,2023,49.0
Өмнөговь,60-64,Эрэгтэй,2022,34.3
Өмнөговь,60-64,Эрэгтэй,2021,27.1
Өмнөговь,60-64,Эрэгтэй,2020,68.7
Өмнөговь,60-64,Эрэгтэй,2019,47.7
Өмнөговь,60-64,Эрэгтэй,2018,42.6
Өмнөговь,60-64,Эрэгтэй,2017,30.6
Өмнөговь,60-64,Эрэгтэй,2016,38.3
Өмнөговь,60-64,Эрэгтэй,2015,25.9
Өмнөговь,60-64,Эрэгтэй,2014,37.3
Өмнөговь,60-64,Эрэгтэй,2013,26.8
Өмнөговь,60-64,Эрэгтэй,2012,31.1
Өмнөговь,60-64,Эрэгтэй,2011,34.5
Өмнөговь,60-64,Эрэгтэй,2010,100.0
Өмнөговь,60-64,Эрэгтэй,2009,100.0
Өмнөговь,60-64,Эмэгтэй,2025,24.2
Өмнөговь,60-64,Эмэгтэй,2024,13.8
Өмнөговь,60-64,Эмэгтэй,2023,10.3
Өмнөговь,60-64,Эмэгтэй,2022,52.9
Өмнөговь,60-64,Эмэгтэй,2021,66.7
Өмнөговь,60-64,Эмэгтэй,2020,36.4
Өмнөговь,60-64,Эмэгтэй,2019,35.0
Өмнөговь,60-64,Эмэгтэй,2018,50.9
Өмнөговь,60-64,Эмэгтэй,2017,29.2
Өмнөговь,60-64,Эмэгтэй,2016,18.8
Өмнөговь,60-64,Эмэгтэй,2015,25.8
Өмнөговь,60-64,Эмэгтэй,2014,57.9
Өмнөговь,60-64,Эмэгтэй,2013,5.4
Өмнөговь,60-64,Эмэгтэй,2012,33.1
Өмнөговь,60-64,Эмэгтэй,2011,73.8
Өмнөговь,60-64,Эмэгтэй,2010,
Өмнөговь,60-64,Эмэгтэй,2009,49.8
Өмнөговь,65-69,Нийт,2025,33.6
Өмнөговь,65-69,Нийт,2024,24.1
Өмнөговь,65-69,Нийт,2023,37.4
Өмнөговь,65-69,Нийт,2022,60.9
Өмнөговь,65-69,Нийт,2021,19.3
Өмнөговь,65-69,Нийт,2020,23.2
Өмнөговь,65-69,Нийт,2019,45.9
Өмнөговь,65-69,Нийт,2018,19.5
Өмнөговь,65-69,Нийт,2017,23.2
Өмнөговь,65-69,Нийт,2016,25.6
Өмнөговь,65-69,Нийт,2015,36.2
Өмнөговь,65-69,Нийт,2014,17.2
Өмнөговь,65-69,Нийт,2013,23.8
Өмнөговь,65-69,Нийт,2012,30.2
Өмнөговь,65-69,Нийт,2011,54.1
Өмнөговь,65-69,Нийт,2010,44.8
Өмнөговь,65-69,Нийт,2009,26.2
Өмнөговь,65-69,Эрэгтэй,2025,40.1
Өмнөговь,65-69,Эрэгтэй,2024,27.7
Өмнөговь,65-69,Эрэгтэй,2023,36.1
Өмнөговь,65-69,Эрэгтэй,2022,74.5
Өмнөговь,65-69,Эрэгтэй,2021,22.8
Өмнөговь,65-69,Эрэгтэй,2020,16.5
Өмнөговь,65-69,Эрэгтэй,2019,20.9
Өмнөговь,65-69,Эрэгтэй,2018,0.0
Өмнөговь,65-69,Эрэгтэй,2017,14.4
Өмнөговь,65-69,Эрэгтэй,2016,35.7
Өмнөговь,65-69,Эрэгтэй,2015,44.3
Өмнөговь,65-69,Эрэгтэй,2014,22.2
Өмнөговь,65-69,Эрэгтэй,2013,23.3
Өмнөговь,65-69,Эрэгтэй,2012,28.8
Өмнөговь,65-69,Эрэгтэй,2011,64.6
Өмнөговь,65-69,Эрэгтэй,2010,65.1
Өмнөговь,65-69,Эрэгтэй,2009,
Өмнөговь,65-69,Эмэгтэй,2025,30.5
Өмнөговь,65-69,Эмэгтэй,2024,13.5
Өмнөговь,65-69,Эмэгтэй,2023,37.9
Өмнөговь,65-69,Эмэгтэй,2022,41.4
Өмнөговь,65-69,Эмэгтэй,2021,12.7
Өмнөговь,65-69,Эмэгтэй,2020,26.1
Өмнөговь,65-69,Эмэгтэй,2019,72.4
Өмнөговь,65-69,Эмэгтэй,2018,27.1
Өмнөговь,65-69,Эмэгтэй,2017,28.8
Өмнөговь,65-69,Эмэгтэй,2016,10.1
Өмнөговь,65-69,Эмэгтэй,2015,30.4
Өмнөговь,65-69,Эмэгтэй,2014,11.6
Өмнөговь,65-69,Эмэгтэй,2013,24.2
Өмнөговь,65-69,Эмэгтэй,2012,32.3
Өмнөговь,65-69,Эмэгтэй,2011,50.2
Өмнөговь,65-69,Эмэгтэй,2010,32.0
Өмнөговь,65-69,Эмэгтэй,2009,26.2
Өмнөговь,70+,Нийт,2025,3.8
Өмнөговь,70+,Нийт,2024,6.6
Өмнөговь,70+,Нийт,2023,11.5
Өмнөговь,70+,Нийт,2022,21.5
Өмнөговь,70+,Нийт,2021,24.1
Өмнөговь,70+,Нийт,2020,53.8
Өмнөговь,70+,Нийт,2019,22.9
Өмнөговь,70+,Нийт,2018,20.8
Өмнөговь,70+,Нийт,2017,12.4
Өмнөговь,70+,Нийт,2016,14.8
Өмнөговь,70+,Нийт,2015,9.7
Өмнөговь,70+,Нийт,2014,8.6
Өмнөговь,70+,Нийт,2013,12.2
Өмнөговь,70+,Нийт,2012,27.1
Өмнөговь,70+,Нийт,2011,30.5
Өмнөговь,70+,Нийт,2010,7.9
Өмнөговь,70+,Нийт,2009,0.0
Өмнөговь,70+,Эрэгтэй,2025,4.1
Өмнөговь,70+,Эрэгтэй,2024,3.0
Өмнөговь,70+,Эрэгтэй,2023,28.4
Өмнөговь,70+,Эрэгтэй,2022,32.1
Өмнөговь,70+,Эрэгтэй,2021,28.1
Өмнөговь,70+,Эрэгтэй,2020,75.1
Өмнөговь,70+,Эрэгтэй,2019,27.0
Өмнөговь,70+,Эрэгтэй,2018,40.8
Өмнөговь,70+,Эрэгтэй,2017,16.4
Өмнөговь,70+,Эрэгтэй,2016,24.5
Өмнөговь,70+,Эрэгтэй,2015,9.5
Өмнөговь,70+,Эрэгтэй,2014,18.5
Өмнөговь,70+,Эрэгтэй,2013,18.3
Өмнөговь,70+,Эрэгтэй,2012,37.6
Өмнөговь,70+,Эрэгтэй,2011,63.2
Өмнөговь,70+,Эрэгтэй,2010,7.3
Өмнөговь,70+,Эрэгтэй,2009,0.0
Өмнөговь,70+,Эмэгтэй,2025,3.5
Өмнөговь,70+,Эмэгтэй,2024,8.9
Өмнөговь,70+,Эмэгтэй,2023,4.6
Өмнөговь,70+,Эмэгтэй,2022,4.1
Өмнөговь,70+,Эмэгтэй,2021,21.4
Өмнөговь,70+,Эмэгтэй,2020,43.4
Өмнөговь,70+,Эмэгтэй,2019,20.4
Өмнөговь,70+,Эмэгтэй,2018,9.9
Өмнөговь,70+,Эмэгтэй,2017,8.5
Өмнөговь,70+,Эмэгтэй,2016,8.5
Өмнөговь,70+,Эмэгтэй,2015,9.8
Өмнөговь,70+,Эмэгтэй,2014,0.0
Өмнөговь,70+,Эмэгтэй,2013,7.4
Өмнөговь,70+,Эмэгтэй,2012,21.2
Өмнөговь,70+,Эмэгтэй,2011,18.0
Өмнөговь,70+,Эмэгтэй,2010,8.6
Өмнөговь,70+,Эмэгтэй,2009,0.0
Улаанбаатар,Бүгд,Нийт,2025,58.6
Улаанбаатар,Бүгд,Нийт,2024,58.3
Улаанбаатар,Бүгд,Нийт,2023,53.8
Улаанбаатар,Бүгд,Нийт,2022,55.9
Улаанбаатар,Бүгд,Нийт,2021,52.3
Улаанбаатар,Бүгд,Нийт,2020,55.5
Улаанбаатар,Бүгд,Нийт,2019,56.8
Улаанбаатар,Бүгд,Нийт,2018,53.4
Улаанбаатар,Бүгд,Нийт,2017,52.6
Улаанбаатар,Бүгд,Нийт,2016,52.1
Улаанбаатар,Бүгд,Нийт,2015,53.8
Улаанбаатар,Бүгд,Нийт,2014,54.7
Улаанбаатар,Бүгд,Нийт,2013,52.9
Улаанбаатар,Бүгд,Нийт,2012,53.5
Улаанбаатар,Бүгд,Нийт,2011,53.9
Улаанбаатар,Бүгд,Нийт,2010,52.8
Улаанбаатар,Бүгд,Нийт,2009,52.9
Улаанбаатар,Бүгд,Эрэгтэй,2025,69.0
Улаанбаатар,Бүгд,Эрэгтэй,2024,68.8
Улаанбаатар,Бүгд,Эрэгтэй,2023,64.3
Улаанбаатар,Бүгд,Эрэгтэй,2022,64.9
Улаанбаатар,Бүгд,Эрэгтэй,2021,61.1
Улаанбаатар,Бүгд,Эрэгтэй,2020,65.8
Улаанбаатар,Бүгд,Эрэгтэй,2019,66.7
Улаанбаатар,Бүгд,Эрэгтэй,2018,63.6
Улаанбаатар,Бүгд,Эрэгтэй,2017,59.7
Улаанбаатар,Бүгд,Эрэгтэй,2016,60.8
Улаанбаатар,Бүгд,Эрэгтэй,2015,62.1
Улаанбаатар,Бүгд,Эрэгтэй,2014,62.6
Улаанбаатар,Бүгд,Эрэгтэй,2013,60.5
Улаанбаатар,Бүгд,Эрэгтэй,2012,59.6
Улаанбаатар,Бүгд,Эрэгтэй,2011,61.4
Улаанбаатар,Бүгд,Эрэгтэй,2010,59.7
Улаанбаатар,Бүгд,Эрэгтэй,2009,60.2
Улаанбаатар,Бүгд,Эмэгтэй,2025,49.1
Улаанбаатар,Бүгд,Эмэгтэй,2024,49.2
Улаанбаатар,Бүгд,Эмэгтэй,2023,44.7
Улаанбаатар,Бүгд,Эмэгтэй,2022,47.8
Улаанбаатар,Бүгд,Эмэгтэй,2021,44.4
Улаанбаатар,Бүгд,Эмэгтэй,2020,46.6
Улаанбаатар,Бүгд,Эмэгтэй,2019,48.1
Улаанбаатар,Бүгд,Эмэгтэй,2018,44.8
Улаанбаатар,Бүгд,Эмэгтэй,2017,46.3
Улаанбаатар,Бүгд,Эмэгтэй,2016,44.4
Улаанбаатар,Бүгд,Эмэгтэй,2015,46.6
Улаанбаатар,Бүгд,Эмэгтэй,2014,47.7
Улаанбаатар,Бүгд,Эмэгтэй,2013,46.4
Улаанбаатар,Бүгд,Эмэгтэй,2012,48.0
Улаанбаатар,Бүгд,Эмэгтэй,2011,47.2
Улаанбаатар,Бүгд,Эмэгтэй,2010,46.7
Улаанбаатар,Бүгд,Эмэгтэй,2009,46.6
Улаанбаатар,15-19,Нийт,2025,6.5
Улаанбаатар,15-19,Нийт,2024,8.5
Улаанбаатар,15-19,Нийт,2023,7.0
Улаанбаатар,15-19,Нийт,2022,9.2
Улаанбаатар,15-19,Нийт,2021,7.8
Улаанбаатар,15-19,Нийт,2020,7.4
Улаанбаатар,15-19,Нийт,2019,8.9
Улаанбаатар,15-19,Нийт,2018,7.6
Улаанбаатар,15-19,Нийт,2017,4.5
Улаанбаатар,15-19,Нийт,2016,4.6
Улаанбаатар,15-19,Нийт,2015,6.2
Улаанбаатар,15-19,Нийт,2014,6.0
Улаанбаатар,15-19,Нийт,2013,4.8
Улаанбаатар,15-19,Нийт,2012,8.1
Улаанбаатар,15-19,Нийт,2011,6.5
Улаанбаатар,15-19,Нийт,2010,5.0
Улаанбаатар,15-19,Нийт,2009,6.4
Улаанбаатар,15-19,Эрэгтэй,2025,7.6
Улаанбаатар,15-19,Эрэгтэй,2024,9.5
Улаанбаатар,15-19,Эрэгтэй,2023,9.3
Улаанбаатар,15-19,Эрэгтэй,2022,11.4
Улаанбаатар,15-19,Эрэгтэй,2021,11.8
Улаанбаатар,15-19,Эрэгтэй,2020,10.1
Улаанбаатар,15-19,Эрэгтэй,2019,12.6
Улаанбаатар,15-19,Эрэгтэй,2018,12.2
Улаанбаатар,15-19,Эрэгтэй,2017,4.5
Улаанбаатар,15-19,Эрэгтэй,2016,6.0
Улаанбаатар,15-19,Эрэгтэй,2015,7.1
Улаанбаатар,15-19,Эрэгтэй,2014,6.1
Улаанбаатар,15-19,Эрэгтэй,2013,6.6
Улаанбаатар,15-19,Эрэгтэй,2012,10.6
Улаанбаатар,15-19,Эрэгтэй,2011,8.0
Улаанбаатар,15-19,Эрэгтэй,2010,6.6
Улаанбаатар,15-19,Эрэгтэй,2009,8.1
Улаанбаатар,15-19,Эмэгтэй,2025,5.3
Улаанбаатар,15-19,Эмэгтэй,2024,7.6
Улаанбаатар,15-19,Эмэгтэй,2023,4.5
Улаанбаатар,15-19,Эмэгтэй,2022,6.3
Улаанбаатар,15-19,Эмэгтэй,2021,3.4
Улаанбаатар,15-19,Эмэгтэй,2020,5.1
Улаанбаатар,15-19,Эмэгтэй,2019,5.1
Улаанбаатар,15-19,Эмэгтэй,2018,2.9
Улаанбаатар,15-19,Эмэгтэй,2017,4.6
Улаанбаатар,15-19,Эмэгтэй,2016,3.0
Улаанбаатар,15-19,Эмэгтэй,2015,5.2
Улаанбаатар,15-19,Эмэгтэй,2014,5.8
Улаанбаатар,15-19,Эмэгтэй,2013,3.2
Улаанбаатар,15-19,Эмэгтэй,2012,5.7
Улаанбаатар,15-19,Эмэгтэй,2011,5.1
Улаанбаатар,15-19,Эмэгтэй,2010,3.4
Улаанбаатар,15-19,Эмэгтэй,2009,4.7
Улаанбаатар,20-24,Нийт,2025,53.1
Улаанбаатар,20-24,Нийт,2024,52.8
Улаанбаатар,20-24,Нийт,2023,42.1
Улаанбаатар,20-24,Нийт,2022,51.2
Улаанбаатар,20-24,Нийт,2021,39.1
Улаанбаатар,20-24,Нийт,2020,45.9
Улаанбаатар,20-24,Нийт,2019,52.4
Улаанбаатар,20-24,Нийт,2018,42.8
Улаанбаатар,20-24,Нийт,2017,37.7
Улаанбаатар,20-24,Нийт,2016,41.7
Улаанбаатар,20-24,Нийт,2015,45.9
Улаанбаатар,20-24,Нийт,2014,44.1
Улаанбаатар,20-24,Нийт,2013,41.8
Улаанбаатар,20-24,Нийт,2012,41.2
Улаанбаатар,20-24,Нийт,2011,40.7
Улаанбаатар,20-24,Нийт,2010,38.0
Улаанбаатар,20-24,Нийт,2009,41.5
Улаанбаатар,20-24,Эрэгтэй,2025,64.4
Улаанбаатар,20-24,Эрэгтэй,2024,64.8
Улаанбаатар,20-24,Эрэгтэй,2023,55.9
Улаанбаатар,20-24,Эрэгтэй,2022,56.5
Улаанбаатар,20-24,Эрэгтэй,2021,48.0
Улаанбаатар,20-24,Эрэгтэй,2020,53.2
Улаанбаатар,20-24,Эрэгтэй,2019,59.5
Улаанбаатар,20-24,Эрэгтэй,2018,48.6
Улаанбаатар,20-24,Эрэгтэй,2017,43.6
Улаанбаатар,20-24,Эрэгтэй,2016,52.9
Улаанбаатар,20-24,Эрэгтэй,2015,51.9
Улаанбаатар,20-24,Эрэгтэй,2014,51.5
Улаанбаатар,20-24,Эрэгтэй,2013,51.5
Улаанбаатар,20-24,Эрэгтэй,2012,46.7
Улаанбаатар,20-24,Эрэгтэй,2011,48.9
Улаанбаатар,20-24,Эрэгтэй,2010,45.4
Улаанбаатар,20-24,Эрэгтэй,2009,50.3
Улаанбаатар,20-24,Эмэгтэй,2025,42.7
Улаанбаатар,20-24,Эмэгтэй,2024,40.4
Улаанбаатар,20-24,Эмэгтэй,2023,29.3
Улаанбаатар,20-24,Эмэгтэй,2022,46.4
Улаанбаатар,20-24,Эмэгтэй,2021,30.5
Улаанбаатар,20-24,Эмэгтэй,2020,38.3
Улаанбаатар,20-24,Эмэгтэй,2019,44.1
Улаанбаатар,20-24,Эмэгтэй,2018,37.3
Улаанбаатар,20-24,Эмэгтэй,2017,31.8
Улаанбаатар,20-24,Эмэгтэй,2016,31.2
Улаанбаатар,20-24,Эмэгтэй,2015,39.6
Улаанбаатар,20-24,Эмэгтэй,2014,36.7
Улаанбаатар,20-24,Эмэгтэй,2013,33.9
Улаанбаатар,20-24,Эмэгтэй,2012,36.0
Улаанбаатар,20-24,Эмэгтэй,2011,33.1
Улаанбаатар,20-24,Эмэгтэй,2010,31.5
Улаанбаатар,20-24,Эмэгтэй,2009,33.2
Улаанбаатар,25-29,Нийт,2025,75.3
Улаанбаатар,25-29,Нийт,2024,75.7
Улаанбаатар,25-29,Нийт,2023,69.9
Улаанбаатар,25-29,Нийт,2022,72.9
Улаанбаатар,25-29,Нийт,2021,71.9
Улаанбаатар,25-29,Нийт,2020,74.2
Улаанбаатар,25-29,Нийт,2019,71.4
Улаанбаатар,25-29,Нийт,2018,67.0
Улаанбаатар,25-29,Нийт,2017,65.7
Улаанбаатар,25-29,Нийт,2016,68.4
Улаанбаатар,25-29,Нийт,2015,67.4
Улаанбаатар,25-29,Нийт,2014,72.6
Улаанбаатар,25-29,Нийт,2013,70.2
Улаанбаатар,25-29,Нийт,2012,71.2
Улаанбаатар,25-29,Нийт,2011,69.5
Улаанбаатар,25-29,Нийт,2010,69.0
Улаанбаатар,25-29,Нийт,2009,65.3
Улаанбаатар,25-29,Эрэгтэй,2025,94.2
Улаанбаатар,25-29,Эрэгтэй,2024,93.5
Улаанбаатар,25-29,Эрэгтэй,2023,90.9
Улаанбаатар,25-29,Эрэгтэй,2022,82.8
Улаанбаатар,25-29,Эрэгтэй,2021,82.4
Улаанбаатар,25-29,Эрэгтэй,2020,83.9
Улаанбаатар,25-29,Эрэгтэй,2019,86.4
Улаанбаатар,25-29,Эрэгтэй,2018,85.1
Улаанбаатар,25-29,Эрэгтэй,2017,78.8
Улаанбаатар,25-29,Эрэгтэй,2016,82.1
Улаанбаатар,25-29,Эрэгтэй,2015,82.2
Улаанбаатар,25-29,Эрэгтэй,2014,84.3
Улаанбаатар,25-29,Эрэгтэй,2013,83.2
Улаанбаатар,25-29,Эрэгтэй,2012,83.5
Улаанбаатар,25-29,Эрэгтэй,2011,81.6
Улаанбаатар,25-29,Эрэгтэй,2010,81.7
Улаанбаатар,25-29,Эрэгтэй,2009,79.0
Улаанбаатар,25-29,Эмэгтэй,2025,55.6
Улаанбаатар,25-29,Эмэгтэй,2024,58.4
Улаанбаатар,25-29,Эмэгтэй,2023,54.1
Улаанбаатар,25-29,Эмэгтэй,2022,63.1
Улаанбаатар,25-29,Эмэгтэй,2021,62.1
Улаанбаатар,25-29,Эмэгтэй,2020,64.4
Улаанбаатар,25-29,Эмэгтэй,2019,58.2
Улаанбаатар,25-29,Эмэгтэй,2018,51.5
Улаанбаатар,25-29,Эмэгтэй,2017,53.6
Улаанбаатар,25-29,Эмэгтэй,2016,56.1
Улаанбаатар,25-29,Эмэгтэй,2015,54.4
Улаанбаатар,25-29,Эмэгтэй,2014,61.9
Улаанбаатар,25-29,Эмэгтэй,2013,58.9
Улаанбаатар,25-29,Эмэгтэй,2012,60.1
Улаанбаатар,25-29,Эмэгтэй,2011,58.3
Улаанбаатар,25-29,Эмэгтэй,2010,57.1
Улаанбаатар,25-29,Эмэгтэй,2009,53.4
Улаанбаатар,30-34,Нийт,2025,80.8
Улаанбаатар,30-34,Нийт,2024,81.2
Улаанбаатар,30-34,Нийт,2023,74.5
Улаанбаатар,30-34,Нийт,2022,73.8
Улаанбаатар,30-34,Нийт,2021,69.5
Улаанбаатар,30-34,Нийт,2020,71.2
Улаанбаатар,30-34,Нийт,2019,74.2
Улаанбаатар,30-34,Нийт,2018,76.2
Улаанбаатар,30-34,Нийт,2017,73.0
Улаанбаатар,30-34,Нийт,2016,70.6
Улаанбаатар,30-34,Нийт,2015,75.0
Улаанбаатар,30-34,Нийт,2014,77.2
Улаанбаатар,30-34,Нийт,2013,73.3
Улаанбаатар,30-34,Нийт,2012,74.1
Улаанбаатар,30-34,Нийт,2011,74.3
Улаанбаатар,30-34,Нийт,2010,74.1
Улаанбаатар,30-34,Нийт,2009,74.8
Улаанбаатар,30-34,Эрэгтэй,2025,92.8
Улаанбаатар,30-34,Эрэгтэй,2024,92.6
Улаанбаатар,30-34,Эрэгтэй,2023,86.9
Улаанбаатар,30-34,Эрэгтэй,2022,91.8
Улаанбаатар,30-34,Эрэгтэй,2021,89.3
Улаанбаатар,30-34,Эрэгтэй,2020,86.7
Улаанбаатар,30-34,Эрэгтэй,2019,88.5
Улаанбаатар,30-34,Эрэгтэй,2018,92.9
Улаанбаатар,30-34,Эрэгтэй,2017,85.0
Улаанбаатар,30-34,Эрэгтэй,2016,84.5
Улаанбаатар,30-34,Эрэгтэй,2015,89.1
Улаанбаатар,30-34,Эрэгтэй,2014,89.4
Улаанбаатар,30-34,Эрэгтэй,2013,86.8
Улаанбаатар,30-34,Эрэгтэй,2012,84.6
Улаанбаатар,30-34,Эрэгтэй,2011,87.3
Улаанбаатар,30-34,Эрэгтэй,2010,85.0
Улаанбаатар,30-34,Эрэгтэй,2009,86.3
Улаанбаатар,30-34,Эмэгтэй,2025,68.7
Улаанбаатар,30-34,Эмэгтэй,2024,69.2
Улаанбаатар,30-34,Эмэгтэй,2023,62.5
Улаанбаатар,30-34,Эмэгтэй,2022,58.0
Улаанбаатар,30-34,Эмэгтэй,2021,51.9
Улаанбаатар,30-34,Эмэгтэй,2020,56.9
Улаанбаатар,30-34,Эмэгтэй,2019,61.4
Улаанбаатар,30-34,Эмэгтэй,2018,61.5
Улаанбаатар,30-34,Эмэгтэй,2017,62.4
Улаанбаатар,30-34,Эмэгтэй,2016,58.6
Улаанбаатар,30-34,Эмэгтэй,2015,62.0
Улаанбаатар,30-34,Эмэгтэй,2014,66.4
Улаанбаатар,30-34,Эмэгтэй,2013,60.8
Улаанбаатар,30-34,Эмэгтэй,2012,64.7
Улаанбаатар,30-34,Эмэгтэй,2011,62.4
Улаанбаатар,30-34,Эмэгтэй,2010,64.3
Улаанбаатар,30-34,Эмэгтэй,2009,65.4
Улаанбаатар,35-39,Нийт,2025,78.3
Улаанбаатар,35-39,Нийт,2024,78.9
Улаанбаатар,35-39,Нийт,2023,74.6
Улаанбаатар,35-39,Нийт,2022,73.8
Улаанбаатар,35-39,Нийт,2021,75.1
Улаанбаатар,35-39,Нийт,2020,75.5
Улаанбаатар,35-39,Нийт,2019,80.0
Улаанбаатар,35-39,Нийт,2018,76.9
Улаанбаатар,35-39,Нийт,2017,74.9
Улаанбаатар,35-39,Нийт,2016,75.6
Улаанбаатар,35-39,Нийт,2015,78.2
Улаанбаатар,35-39,Нийт,2014,80.1
Улаанбаатар,35-39,Нийт,2013,75.7
Улаанбаатар,35-39,Нийт,2012,78.3
Улаанбаатар,35-39,Нийт,2011,79.4
Улаанбаатар,35-39,Нийт,2010,79.3
Улаанбаатар,35-39,Нийт,2009,78.4
Улаанбаатар,35-39,Эрэгтэй,2025,94.2
Улаанбаатар,35-39,Эрэгтэй,2024,89.6
Улаанбаатар,35-39,Эрэгтэй,2023,89.9
Улаанбаатар,35-39,Эрэгтэй,2022,89.0
Улаанбаатар,35-39,Эрэгтэй,2021,84.0
Улаанбаатар,35-39,Эрэгтэй,2020,89.9
Улаанбаатар,35-39,Эрэгтэй,2019,90.4
Улаанбаатар,35-39,Эрэгтэй,2018,89.2
Улаанбаатар,35-39,Эрэгтэй,2017,85.1
Улаанбаатар,35-39,Эрэгтэй,2016,83.4
Улаанбаатар,35-39,Эрэгтэй,2015,87.2
Улаанбаатар,35-39,Эрэгтэй,2014,89.6
Улаанбаатар,35-39,Эрэгтэй,2013,83.1
Улаанбаатар,35-39,Эрэгтэй,2012,84.7
Улаанбаатар,35-39,Эрэгтэй,2011,87.2
Улаанбаатар,35-39,Эрэгтэй,2010,86.2
Улаанбаатар,35-39,Эрэгтэй,2009,85.6
Улаанбаатар,35-39,Эмэгтэй,2025,62.4
Улаанбаатар,35-39,Эмэгтэй,2024,69.5
Улаанбаатар,35-39,Эмэгтэй,2023,59.3
Улаанбаатар,35-39,Эмэгтэй,2022,60.3
Улаанбаатар,35-39,Эмэгтэй,2021,66.2
Улаанбаатар,35-39,Эмэгтэй,2020,62.4
Улаанбаатар,35-39,Эмэгтэй,2019,70.1
Улаанбаатар,35-39,Эмэгтэй,2018,66.7
Улаанбаатар,35-39,Эмэгтэй,2017,65.6
Улаанбаатар,35-39,Эмэгтэй,2016,68.0
Улаанбаатар,35-39,Эмэгтэй,2015,69.9
Улаанбаатар,35-39,Эмэгтэй,2014,71.2
Улаанбаатар,35-39,Эмэгтэй,2013,69.3
Улаанбаатар,35-39,Эмэгтэй,2012,73.1
Улаанбаатар,35-39,Эмэгтэй,2011,72.5
Улаанбаатар,35-39,Эмэгтэй,2010,73.2
Улаанбаатар,35-39,Эмэгтэй,2009,71.9
Улаанбаатар,40-44,Нийт,2025,81.6
Улаанбаатар,40-44,Нийт,2024,83.2
Улаанбаатар,40-44,Нийт,2023,79.1
Улаанбаатар,40-44,Нийт,2022,81.1
Улаанбаатар,40-44,Нийт,2021,72.0
Улаанбаатар,40-44,Нийт,2020,77.5
Улаанбаатар,40-44,Нийт,2019,81.2
Улаанбаатар,40-44,Нийт,2018,77.5
Улаанбаатар,40-44,Нийт,2017,77.9
Улаанбаатар,40-44,Нийт,2016,74.2
Улаанбаатар,40-44,Нийт,2015,79.0
Улаанбаатар,40-44,Нийт,2014,80.1
Улаанбаатар,40-44,Нийт,2013,79.4
Улаанбаатар,40-44,Нийт,2012,79.8
Улаанбаатар,40-44,Нийт,2011,79.9
Улаанбаатар,40-44,Нийт,2010,80.8
Улаанбаатар,40-44,Нийт,2009,84.5
Улаанбаатар,40-44,Эрэгтэй,2025,90.8
Улаанбаатар,40-44,Эрэгтэй,2024,92.5
Улаанбаатар,40-44,Эрэгтэй,2023,86.2
Улаанбаатар,40-44,Эрэгтэй,2022,89.3
Улаанбаатар,40-44,Эрэгтэй,2021,77.2
Улаанбаатар,40-44,Эрэгтэй,2020,87.8
Улаанбаатар,40-44,Эрэгтэй,2019,88.9
Улаанбаатар,40-44,Эрэгтэй,2018,85.6
Улаанбаатар,40-44,Эрэгтэй,2017,84.2
Улаанбаатар,40-44,Эрэгтэй,2016,80.5
Улаанбаатар,40-44,Эрэгтэй,2015,85.1
Улаанбаатар,40-44,Эрэгтэй,2014,86.7
Улаанбаатар,40-44,Эрэгтэй,2013,83.5
Улаанбаатар,40-44,Эрэгтэй,2012,82.6
Улаанбаатар,40-44,Эрэгтэй,2011,83.6
Улаанбаатар,40-44,Эрэгтэй,2010,84.9
Улаанбаатар,40-44,Эрэгтэй,2009,87.4
Улаанбаатар,40-44,Эмэгтэй,2025,72.6
Улаанбаатар,40-44,Эмэгтэй,2024,75.1
Улаанбаатар,40-44,Эмэгтэй,2023,72.4
Улаанбаатар,40-44,Эмэгтэй,2022,73.3
Улаанбаатар,40-44,Эмэгтэй,2021,67.7
Улаанбаатар,40-44,Эмэгтэй,2020,69.3
Улаанбаатар,40-44,Эмэгтэй,2019,74.1
Улаанбаатар,40-44,Эмэгтэй,2018,70.3
Улаанбаатар,40-44,Эмэгтэй,2017,72.3
Улаанбаатар,40-44,Эмэгтэй,2016,68.3
Улаанбаатар,40-44,Эмэгтэй,2015,73.2
Улаанбаатар,40-44,Эмэгтэй,2014,74.4
Улаанбаатар,40-44,Эмэгтэй,2013,75.4
Улаанбаатар,40-44,Эмэгтэй,2012,77.2
Улаанбаатар,40-44,Эмэгтэй,2011,76.5
Улаанбаатар,40-44,Эмэгтэй,2010,77.5
Улаанбаатар,40-44,Эмэгтэй,2009,81.8
Улаанбаатар,45-49,Нийт,2025,79.5
Улаанбаатар,45-49,Нийт,2024,83.5
Улаанбаатар,45-49,Нийт,2023,77.4
Улаанбаатар,45-49,Нийт,2022,80.6
Улаанбаатар,45-49,Нийт,2021,69.2
Улаанбаатар,45-49,Нийт,2020,72.4
Улаанбаатар,45-49,Нийт,2019,76.9
Улаанбаатар,45-49,Нийт,2018,78.2
Улаанбаатар,45-49,Нийт,2017,76.7
Улаанбаатар,45-49,Нийт,2016,75.3
Улаанбаатар,45-49,Нийт,2015,78.4
Улаанбаатар,45-49,Нийт,2014,76.0
Улаанбаатар,45-49,Нийт,2013,78.3
Улаанбаатар,45-49,Нийт,2012,76.4
Улаанбаатар,45-49,Нийт,2011,78.2
Улаанбаатар,45-49,Нийт,2010,76.9
Улаанбаатар,45-49,Нийт,2009,80.6
Улаанбаатар,45-49,Эрэгтэй,2025,85.6
Улаанбаатар,45-49,Эрэгтэй,2024,86.6
Улаанбаатар,45-49,Эрэгтэй,2023,81.4
Улаанбаатар,45-49,Эрэгтэй,2022,87.1
Улаанбаатар,45-49,Эрэгтэй,2021,71.4
Улаанбаатар,45-49,Эрэгтэй,2020,74.6
Улаанбаатар,45-49,Эрэгтэй,2019,84.1
Улаанбаатар,45-49,Эрэгтэй,2018,83.8
Улаанбаатар,45-49,Эрэгтэй,2017,79.8
Улаанбаатар,45-49,Эрэгтэй,2016,78.8
Улаанбаатар,45-49,Эрэгтэй,2015,81.2
Улаанбаатар,45-49,Эрэгтэй,2014,81.6
Улаанбаатар,45-49,Эрэгтэй,2013,82.1
Улаанбаатар,45-49,Эрэгтэй,2012,76.7
Улаанбаатар,45-49,Эрэгтэй,2011,80.7
Улаанбаатар,45-49,Эрэгтэй,2010,81.9
Улаанбаатар,45-49,Эрэгтэй,2009,87.9
Улаанбаатар,45-49,Эмэгтэй,2025,75.3
Улаанбаатар,45-49,Эмэгтэй,2024,80.5
Улаанбаатар,45-49,Эмэгтэй,2023,73.8
Улаанбаатар,45-49,Эмэгтэй,2022,74.8
Улаанбаатар,45-49,Эмэгтэй,2021,67.0
Улаанбаатар,45-49,Эмэгтэй,2020,70.4
Улаанбаатар,45-49,Эмэгтэй,2019,70.5
Улаанбаатар,45-49,Эмэгтэй,2018,73.3
Улаанбаатар,45-49,Эмэгтэй,2017,74.1
Улаанбаатар,45-49,Эмэгтэй,2016,72.3
Улаанбаатар,45-49,Эмэгтэй,2015,76.2
Улаанбаатар,45-49,Эмэгтэй,2014,71.4
Улаанбаатар,45-49,Эмэгтэй,2013,75.1
Улаанбаатар,45-49,Эмэгтэй,2012,76.1
Улаанбаатар,45-49,Эмэгтэй,2011,76.1
Улаанбаатар,45-49,Эмэгтэй,2010,72.5
Улаанбаатар,45-49,Эмэгтэй,2009,75.2
Улаанбаатар,50-54,Нийт,2025,74.4
Улаанбаатар,50-54,Нийт,2024,75.6
Улаанбаатар,50-54,Нийт,2023,70.9
Улаанбаатар,50-54,Нийт,2022,75.0
Улаанбаатар,50-54,Нийт,2021,62.8
Улаанбаатар,50-54,Нийт,2020,67.3
Улаанбаатар,50-54,Нийт,2019,66.2
Улаанбаатар,50-54,Нийт,2018,63.9
Улаанбаатар,50-54,Нийт,2017,65.0
Улаанбаатар,50-54,Нийт,2016,66.2
Улаанбаатар,50-54,Нийт,2015,63.7
Улаанбаатар,50-54,Нийт,2014,63.5
Улаанбаатар,50-54,Нийт,2013,66.3
Улаанбаатар,50-54,Нийт,2012,63.0
Улаанбаатар,50-54,Нийт,2011,62.5
Улаанбаатар,50-54,Нийт,2010,64.3
Улаанбаатар,50-54,Нийт,2009,63.5
Улаанбаатар,50-54,Эрэгтэй,2025,76.9
Улаанбаатар,50-54,Эрэгтэй,2024,83.0
Улаанбаатар,50-54,Эрэгтэй,2023,76.1
Улаанбаатар,50-54,Эрэгтэй,2022,79.0
Улаанбаатар,50-54,Эрэгтэй,2021,62.9
Улаанбаатар,50-54,Эрэгтэй,2020,65.6
Улаанбаатар,50-54,Эрэгтэй,2019,68.0
Улаанбаатар,50-54,Эрэгтэй,2018,71.7
Улаанбаатар,50-54,Эрэгтэй,2017,73.3
Улаанбаатар,50-54,Эрэгтэй,2016,72.3
Улаанбаатар,50-54,Эрэгтэй,2015,71.5
Улаанбаатар,50-54,Эрэгтэй,2014,70.4
Улаанбаатар,50-54,Эрэгтэй,2013,71.5
Улаанбаатар,50-54,Эрэгтэй,2012,69.8
Улаанбаатар,50-54,Эрэгтэй,2011,71.5
Улаанбаатар,50-54,Эрэгтэй,2010,71.9
Улаанбаатар,50-54,Эрэгтэй,2009,72.7
Улаанбаатар,50-54,Эмэгтэй,2025,71.9
Улаанбаатар,50-54,Эмэгтэй,2024,70.4
Улаанбаатар,50-54,Эмэгтэй,2023,66.9
Улаанбаатар,50-54,Эмэгтэй,2022,71.6
Улаанбаатар,50-54,Эмэгтэй,2021,62.7
Улаанбаатар,50-54,Эмэгтэй,2020,68.9
Улаанбаатар,50-54,Эмэгтэй,2019,64.8
Улаанбаатар,50-54,Эмэгтэй,2018,58.0
Улаанбаатар,50-54,Эмэгтэй,2017,58.5
Улаанбаатар,50-54,Эмэгтэй,2016,60.8
Улаанбаатар,50-54,Эмэгтэй,2015,56.9
Улаанбаатар,50-54,Эмэгтэй,2014,58.2
Улаанбаатар,50-54,Эмэгтэй,2013,62.6
Улаанбаатар,50-54,Эмэгтэй,2012,57.5
Улаанбаатар,50-54,Эмэгтэй,2011,54.4
Улаанбаатар,50-54,Эмэгтэй,2010,57.3
Улаанбаатар,50-54,Эмэгтэй,2009,55.0
Улаанбаатар,55-59,Нийт,2025,59.2
Улаанбаатар,55-59,Нийт,2024,51.3
Улаанбаатар,55-59,Нийт,2023,49.2
Улаанбаатар,55-59,Нийт,2022,43.4
Улаанбаатар,55-59,Нийт,2021,37.6
Улаанбаатар,55-59,Нийт,2020,36.0
Улаанбаатар,55-59,Нийт,2019,41.1
Улаанбаатар,55-59,Нийт,2018,37.4
Улаанбаатар,55-59,Нийт,2017,33.3
Улаанбаатар,55-59,Нийт,2016,35.1
Улаанбаатар,55-59,Нийт,2015,33.0
Улаанбаатар,55-59,Нийт,2014,32.9
Улаанбаатар,55-59,Нийт,2013,37.5
Улаанбаатар,55-59,Нийт,2012,36.0
Улаанбаатар,55-59,Нийт,2011,36.8
Улаанбаатар,55-59,Нийт,2010,40.2
Улаанбаатар,55-59,Нийт,2009,33.4
Улаанбаатар,55-59,Эрэгтэй,2025,66.0
Улаанбаатар,55-59,Эрэгтэй,2024,69.7
Улаанбаатар,55-59,Эрэгтэй,2023,63.3
Улаанбаатар,55-59,Эрэгтэй,2022,60.7
Улаанбаатар,55-59,Эрэгтэй,2021,51.5
Улаанбаатар,55-59,Эрэгтэй,2020,48.9
Улаанбаатар,55-59,Эрэгтэй,2019,64.6
Улаанбаатар,55-59,Эрэгтэй,2018,52.6
Улаанбаатар,55-59,Эрэгтэй,2017,46.1
Улаанбаатар,55-59,Эрэгтэй,2016,52.5
Улаанбаатар,55-59,Эрэгтэй,2015,52.3
Улаанбаатар,55-59,Эрэгтэй,2014,48.8
Улаанбаатар,55-59,Эрэгтэй,2013,49.4
Улаанбаатар,55-59,Эрэгтэй,2012,50.4
Улаанбаатар,55-59,Эрэгтэй,2011,51.0
Улаанбаатар,55-59,Эрэгтэй,2010,54.7
Улаанбаатар,55-59,Эрэгтэй,2009,53.3
Улаанбаатар,55-59,Эмэгтэй,2025,53.4
Улаанбаатар,55-59,Эмэгтэй,2024,36.3
Улаанбаатар,55-59,Эмэгтэй,2023,38.0
Улаанбаатар,55-59,Эмэгтэй,2022,29.3
Улаанбаатар,55-59,Эмэгтэй,2021,27.9
Улаанбаатар,55-59,Эмэгтэй,2020,28.7
Улаанбаатар,55-59,Эмэгтэй,2019,26.5
Улаанбаатар,55-59,Эмэгтэй,2018,24.6
Улаанбаатар,55-59,Эмэгтэй,2017,23.2
Улаанбаатар,55-59,Эмэгтэй,2016,22.5
Улаанбаатар,55-59,Эмэгтэй,2015,20.1
Улаанбаатар,55-59,Эмэгтэй,2014,20.9
Улаанбаатар,55-59,Эмэгтэй,2013,29.3
Улаанбаатар,55-59,Эмэгтэй,2012,24.8
Улаанбаатар,55-59,Эмэгтэй,2011,23.7
Улаанбаатар,55-59,Эмэгтэй,2010,27.0
Улаанбаатар,55-59,Эмэгтэй,2009,16.9
Улаанбаатар,60-64,Нийт,2025,25.3
Улаанбаатар,60-64,Нийт,2024,27.0
Улаанбаатар,60-64,Нийт,2023,17.1
Улаанбаатар,60-64,Нийт,2022,21.0
Улаанбаатар,60-64,Нийт,2021,13.7
Улаанбаатар,60-64,Нийт,2020,15.0
Улаанбаатар,60-64,Нийт,2019,16.5
Улаанбаатар,60-64,Нийт,2018,9.5
Улаанбаатар,60-64,Нийт,2017,13.0
Улаанбаатар,60-64,Нийт,2016,10.7
Улаанбаатар,60-64,Нийт,2015,10.3
Улаанбаатар,60-64,Нийт,2014,12.0
Улаанбаатар,60-64,Нийт,2013,10.1
Улаанбаатар,60-64,Нийт,2012,10.4
Улаанбаатар,60-64,Нийт,2011,14.6
Улаанбаатар,60-64,Нийт,2010,14.9
Улаанбаатар,60-64,Нийт,2009,10.9
Улаанбаатар,60-64,Эрэгтэй,2025,39.2
Улаанбаатар,60-64,Эрэгтэй,2024,39.3
Улаанбаатар,60-64,Эрэгтэй,2023,21.3
Улаанбаатар,60-64,Эрэгтэй,2022,24.0
Улаанбаатар,60-64,Эрэгтэй,2021,19.5
Улаанбаатар,60-64,Эрэгтэй,2020,24.9
Улаанбаатар,60-64,Эрэгтэй,2019,14.9
Улаанбаатар,60-64,Эрэгтэй,2018,12.5
Улаанбаатар,60-64,Эрэгтэй,2017,15.7
Улаанбаатар,60-64,Эрэгтэй,2016,16.0
Улаанбаатар,60-64,Эрэгтэй,2015,11.1
Улаанбаатар,60-64,Эрэгтэй,2014,16.9
Улаанбаатар,60-64,Эрэгтэй,2013,12.5
Улаанбаатар,60-64,Эрэгтэй,2012,16.4
Улаанбаатар,60-64,Эрэгтэй,2011,20.1
Улаанбаатар,60-64,Эрэгтэй,2010,22.3
Улаанбаатар,60-64,Эрэгтэй,2009,14.0
Улаанбаатар,60-64,Эмэгтэй,2025,14.9
Улаанбаатар,60-64,Эмэгтэй,2024,19.6
Улаанбаатар,60-64,Эмэгтэй,2023,14.4
Улаанбаатар,60-64,Эмэгтэй,2022,18.8
Улаанбаатар,60-64,Эмэгтэй,2021,8.8
Улаанбаатар,60-64,Эмэгтэй,2020,9.0
Улаанбаатар,60-64,Эмэгтэй,2019,17.4
Улаанбаатар,60-64,Эмэгтэй,2018,7.5
Улаанбаатар,60-64,Эмэгтэй,2017,11.2
Улаанбаатар,60-64,Эмэгтэй,2016,6.9
Улаанбаатар,60-64,Эмэгтэй,2015,9.7
Улаанбаатар,60-64,Эмэгтэй,2014,8.3
Улаанбаатар,60-64,Эмэгтэй,2013,8.1
Улаанбаатар,60-64,Эмэгтэй,2012,5.5
Улаанбаатар,60-64,Эмэгтэй,2011,10.3
Улаанбаатар,60-64,Эмэгтэй,2010,9.1
Улаанбаатар,60-64,Эмэгтэй,2009,8.5
Улаанбаатар,65-69,Нийт,2025,15.3
Улаанбаатар,65-69,Нийт,2024,11.8
Улаанбаатар,65-69,Нийт,2023,10.8
Улаанбаатар,65-69,Нийт,2022,4.3
Улаанбаатар,65-69,Нийт,2021,8.3
Улаанбаатар,65-69,Нийт,2020,11.4
Улаанбаатар,65-69,Нийт,2019,4.7
Улаанбаатар,65-69,Нийт,2018,4.8
Улаанбаатар,65-69,Нийт,2017,5.3
Улаанбаатар,65-69,Нийт,2016,7.1
Улаанбаатар,65-69,Нийт,2015,4.6
Улаанбаатар,65-69,Нийт,2014,5.5
Улаанбаатар,65-69,Нийт,2013,2.0
Улаанбаатар,65-69,Нийт,2012,8.3
Улаанбаатар,65-69,Нийт,2011,6.3
Улаанбаатар,65-69,Нийт,2010,7.4
Улаанбаатар,65-69,Нийт,2009,3.8
Улаанбаатар,65-69,Эрэгтэй,2025,25.4
Улаанбаатар,65-69,Эрэгтэй,2024,10.5
Улаанбаатар,65-69,Эрэгтэй,2023,10.8
Улаанбаатар,65-69,Эрэгтэй,2022,7.5
Улаанбаатар,65-69,Эрэгтэй,2021,13.4
Улаанбаатар,65-69,Эрэгтэй,2020,18.4
Улаанбаатар,65-69,Эрэгтэй,2019,5.2
Улаанбаатар,65-69,Эрэгтэй,2018,7.5
Улаанбаатар,65-69,Эрэгтэй,2017,6.1
Улаанбаатар,65-69,Эрэгтэй,2016,11.3
Улаанбаатар,65-69,Эрэгтэй,2015,5.3
Улаанбаатар,65-69,Эрэгтэй,2014,6.4
Улаанбаатар,65-69,Эрэгтэй,2013,4.8
Улаанбаатар,65-69,Эрэгтэй,2012,12.2
Улаанбаатар,65-69,Эрэгтэй,2011,10.2
Улаанбаатар,65-69,Эрэгтэй,2010,10.7
Улаанбаатар,65-69,Эрэгтэй,2009,3.8
Улаанбаатар,65-69,Эмэгтэй,2025,10.0
Улаанбаатар,65-69,Эмэгтэй,2024,13.0
Улаанбаатар,65-69,Эмэгтэй,2023,10.8
Улаанбаатар,65-69,Эмэгтэй,2022,2.2
Улаанбаатар,65-69,Эмэгтэй,2021,4.8
Улаанбаатар,65-69,Эмэгтэй,2020,7.1
Улаанбаатар,65-69,Эмэгтэй,2019,4.4
Улаанбаатар,65-69,Эмэгтэй,2018,3.0
Улаанбаатар,65-69,Эмэгтэй,2017,4.7
Улаанбаатар,65-69,Эмэгтэй,2016,3.8
Улаанбаатар,65-69,Эмэгтэй,2015,4.2
Улаанбаатар,65-69,Эмэгтэй,2014,4.9
Улаанбаатар,65-69,Эмэгтэй,2013,0.0
Улаанбаатар,65-69,Эмэгтэй,2012,5.2
Улаанбаатар,65-69,Эмэгтэй,2011,3.5
Улаанбаатар,65-69,Эмэгтэй,2010,4.5
Улаанбаатар,65-69,Эмэгтэй,2009,3.7
Улаанбаатар,70+,Нийт,2025,4.0
Улаанбаатар,70+,Нийт,2024,1.8
Улаанбаатар,70+,Нийт,2023,2.8
Улаанбаатар,70+,Нийт,2022,2.6
Улаанбаатар,70+,Нийт,2021,1.4
Улаанбаатар,70+,Нийт,2020,4.1
Улаанбаатар,70+,Нийт,2019,5.0
Улаанбаатар,70+,Нийт,2018,2.4
Улаанбаатар,70+,Нийт,2017,1.2
Улаанбаатар,70+,Нийт,2016,1.2
Улаанбаатар,70+,Нийт,2015,1.5
Улаанбаатар,70+,Нийт,2014,3.4
Улаанбаатар,70+,Нийт,2013,0.2
Улаанбаатар,70+,Нийт,2012,3.5
Улаанбаатар,70+,Нийт,2011,5.2
Улаанбаатар,70+,Нийт,2010,2.4
Улаанбаатар,70+,Нийт,2009,2.3
Улаанбаатар,70+,Эрэгтэй,2025,2.8
Улаанбаатар,70+,Эрэгтэй,2024,3.9
Улаанбаатар,70+,Эрэгтэй,2023,4.9
Улаанбаатар,70+,Эрэгтэй,2022,3.3
Улаанбаатар,70+,Эрэгтэй,2021,2.1
Улаанбаатар,70+,Эрэгтэй,2020,9.7
Улаанбаатар,70+,Эрэгтэй,2019,6.1
Улаанбаатар,70+,Эрэгтэй,2018,3.0
Улаанбаатар,70+,Эрэгтэй,2017,1.1
Улаанбаатар,70+,Эрэгтэй,2016,2.5
Улаанбаатар,70+,Эрэгтэй,2015,3.4
Улаанбаатар,70+,Эрэгтэй,2014,6.6
Улаанбаатар,70+,Эрэгтэй,2013,0.4
Улаанбаатар,70+,Эрэгтэй,2012,4.2
Улаанбаатар,70+,Эрэгтэй,2011,6.1
Улаанбаатар,70+,Эрэгтэй,2010,3.0
Улаанбаатар,70+,Эрэгтэй,2009,2.8
Улаанбаатар,70+,Эмэгтэй,2025,4.7
Улаанбаатар,70+,Эмэгтэй,2024,0.6
Улаанбаатар,70+,Эмэгтэй,2023,1.4
Улаанбаатар,70+,Эмэгтэй,2022,2.0
Улаанбаатар,70+,Эмэгтэй,2021,1.0
Улаанбаатар,70+,Эмэгтэй,2020,0.9
Улаанбаатар,70+,Эмэгтэй,2019,4.4
Улаанбаатар,70+,Эмэгтэй,2018,1.9
Улаанбаатар,70+,Эмэгтэй,2017,1.2
Улаанбаатар,70+,Эмэгтэй,2016,0.4
Улаанбаатар,70+,Эмэгтэй,2015,0.3
Улаанбаатар,70+,Эмэгтэй,2014,1.2
Улаанбаатар,70+,Эмэгтэй,2013,0.0
Улаанбаатар,70+,Эмэгтэй,2012,3.0
Улаанбаатар,70+,Эмэгтэй,2011,4.6
Улаанбаатар,70+,Эмэгтэй,2010,2.0
Улаанбаатар,70+,Эмэгтэй,2009,2.0
