year,region_code,region_en,region_mn,animal_code,animal_en,animal_mn,losses_thousand,starting_herd_thousand,loss_rate_percent,loss_status,herd_status
2010,0,Total,Улсын дүн,0,Total,Бүгд,10319.9,44023.9,23.441585,,
2010,0,Total,Улсын дүн,1,Horse,Адуу,369.7,2221.3,16.643407,,
2010,0,Total,Улсын дүн,2,Cattle,Үхэр,581,2599.3,22.352172,,
2010,0,Total,Улсын дүн,3,Camel,Тэмээ,17,277,6.137184,,
2010,0,Total,Улсын дүн,4,Sheep,Хонь,4363.8,19274.7,22.640041,,
2010,0,Total,Улсын дүн,5,Goat,Ямаа,4988.4,19651.5,25.384322,,
2010,181,Zavkhan,Завхан,0,Total,Бүгд,1011,2827.6,35.754704,,
2010,181,Zavkhan,Завхан,1,Horse,Адуу,30,124,24.193548,,
2010,181,Zavkhan,Завхан,2,Cattle,Үхэр,68.1,137.4,49.563319,,
2010,181,Zavkhan,Завхан,3,Camel,Тэмээ,0.4,6.6,6.060606,,
2010,181,Zavkhan,Завхан,4,Sheep,Хонь,501,1462,34.268126,,
2010,181,Zavkhan,Завхан,5,Goat,Ямаа,411.5,1097.6,37.490889,,
2010,182,Govi-Altai,Говь-Алтай,0,Total,Бүгд,738.2,2171.8,33.990239,,
2010,182,Govi-Altai,Говь-Алтай,1,Horse,Адуу,23.6,66,35.757576,,
2010,182,Govi-Altai,Говь-Алтай,2,Cattle,Үхэр,17,36.3,46.831956,,
2010,182,Govi-Altai,Говь-Алтай,3,Camel,Тэмээ,2.4,26.9,8.921933,,
2010,182,Govi-Altai,Говь-Алтай,4,Sheep,Хонь,248.8,694.1,35.844979,,
2010,182,Govi-Altai,Говь-Алтай,5,Goat,Ямаа,446.5,1348.5,33.110864,,
2010,183,Bayan-Ulgii,Баян-Өлгий,0,Total,Бүгд,150.9,1301.5,11.594314,,
2010,183,Bayan-Ulgii,Баян-Өлгий,1,Horse,Адуу,6.8,51,13.333333,,
2010,183,Bayan-Ulgii,Баян-Өлгий,2,Cattle,Үхэр,11.8,70.7,16.69024,,
2010,183,Bayan-Ulgii,Баян-Өлгий,3,Camel,Тэмээ,0.2,3.9,5.128205,,
2010,183,Bayan-Ulgii,Баян-Өлгий,4,Sheep,Хонь,48.9,524.3,9.326721,,
2010,183,Bayan-Ulgii,Баян-Өлгий,5,Goat,Ямаа,83.3,651.6,12.783917,,
2010,184,Khovd,Ховд,0,Total,Бүгд,444.4,2268.4,19.590901,,
2010,184,Khovd,Ховд,1,Horse,Адуу,14,81.8,17.114914,,
2010,184,Khovd,Ховд,2,Cattle,Үхэр,17.4,97.9,17.773238,,
2010,184,Khovd,Ховд,3,Camel,Тэмээ,1.2,17.7,6.779661,,
2010,184,Khovd,Ховд,4,Sheep,Хонь,142.9,807.4,17.698786,,
2010,184,Khovd,Ховд,5,Goat,Ямаа,268.9,1263.6,21.280469,,
2010,185,Uvs,Увс,0,Total,Бүгд,666.2,2319.1,28.726661,,
2010,185,Uvs,Увс,1,Horse,Адуу,16,74.8,21.390374,,
2010,185,Uvs,Увс,2,Cattle,Үхэр,28,104,26.923077,,
2010,185,Uvs,Увс,3,Camel,Тэмээ,1.5,15.9,9.433962,,
2010,185,Uvs,Увс,4,Sheep,Хонь,345,1145.1,30.128373,,
2010,185,Uvs,Увс,5,Goat,Ямаа,275.8,979.3,28.162974,,
2010,261,Orkhon,Орхон,0,Total,Бүгд,30,256.2,11.709602,,
2010,261,Orkhon,Орхон,1,Horse,Адуу,0.7,11.4,6.140351,,
2010,261,Orkhon,Орхон,2,Cattle,Үхэр,3,21.9,13.69863,,
2010,261,Orkhon,Орхон,3,Camel,Тэмээ,,0.2,,..,
2010,261,Orkhon,Орхон,4,Sheep,Хонь,11.7,111.8,10.465116,,
2010,261,Orkhon,Орхон,5,Goat,Ямаа,14.6,111,13.153153,,
2010,262,Uvurkhangai,Өвөрхангай,0,Total,Бүгд,1664.3,3620.2,45.972598,,
2010,262,Uvurkhangai,Өвөрхангай,1,Horse,Адуу,80.1,183.4,43.675027,,
2010,262,Uvurkhangai,Өвөрхангай,2,Cattle,Үхэр,79.4,141.1,56.272147,,
2010,262,Uvurkhangai,Өвөрхангай,3,Camel,Тэмээ,0.8,15.2,5.263158,,
2010,262,Uvurkhangai,Өвөрхангай,4,Sheep,Хонь,771.4,1691.4,45.607189,,
2010,262,Uvurkhangai,Өвөрхангай,5,Goat,Ямаа,732.6,1589.1,46.101567,,
2010,263,Bulgan,Булган,0,Total,Бүгд,223.8,2611.7,8.569131,,
2010,263,Bulgan,Булган,1,Horse,Адуу,10.2,185.5,5.498652,,
2010,263,Bulgan,Булган,2,Cattle,Үхэр,13.5,183.9,7.340946,,
2010,263,Bulgan,Булган,3,Camel,Тэмээ,,0.8,,..,
2010,263,Bulgan,Булган,4,Sheep,Хонь,119.9,1332.7,8.996773,,
2010,263,Bulgan,Булган,5,Goat,Ямаа,80.2,908.7,8.825795,,
2010,264,Bayankhongor,Баянхонгор,0,Total,Бүгд,634.5,2684.7,23.633926,,
2010,264,Bayankhongor,Баянхонгор,1,Horse,Адуу,17.2,89.6,19.196429,,
2010,264,Bayankhongor,Баянхонгор,2,Cattle,Үхэр,34.6,127.2,27.201258,,
2010,264,Bayankhongor,Баянхонгор,3,Camel,Тэмээ,1.4,29.7,4.713805,,
2010,264,Bayankhongor,Баянхонгор,4,Sheep,Хонь,160.8,724.8,22.18543,,
2010,264,Bayankhongor,Баянхонгор,5,Goat,Ямаа,420.6,1713.3,24.549116,,
2010,265,Arkhangai,Архангай,0,Total,Бүгд,1084.2,3619.1,29.957724,,
2010,265,Arkhangai,Архангай,1,Horse,Адуу,70.6,251.2,28.105096,,
2010,265,Arkhangai,Архангай,2,Cattle,Үхэр,126.4,385.9,32.7546,,
2010,265,Arkhangai,Архангай,3,Camel,Тэмээ,,0.8,,..,
2010,265,Arkhangai,Архангай,4,Sheep,Хонь,499.9,1786.1,27.988355,,
2010,265,Arkhangai,Архангай,5,Goat,Ямаа,387.2,1195.1,32.398962,,
2010,267,Khuvsgul,Хөвсгөл,0,Total,Бүгд,698.7,3924.5,17.803542,,
2010,267,Khuvsgul,Хөвсгөл,1,Horse,Адуу,10.7,155.7,6.87219,,
2010,267,Khuvsgul,Хөвсгөл,2,Cattle,Үхэр,55.8,359,15.543175,,
2010,267,Khuvsgul,Хөвсгөл,3,Camel,Тэмээ,0.1,2.4,4.166667,,
2010,267,Khuvsgul,Хөвсгөл,4,Sheep,Хонь,327.7,1732.7,18.91268,,
2010,267,Khuvsgul,Хөвсгөл,5,Goat,Ямаа,304.3,1674.8,18.169334,,
2010,341,Tuv,Төв,0,Total,Бүгд,560.9,3464.2,16.191328,,
2010,341,Tuv,Төв,1,Horse,Адуу,30.9,233.1,13.256113,,
2010,341,Tuv,Төв,2,Cattle,Үхэр,27.1,194.2,13.954686,,
2010,341,Tuv,Төв,3,Camel,Тэмээ,0.2,2.6,7.692308,,
2010,341,Tuv,Төв,4,Sheep,Хонь,268.3,1714.5,15.648877,,
2010,341,Tuv,Төв,5,Goat,Ямаа,234.5,1319.9,17.766497,,
2010,342,Govisumber,Говьсүмбэр,0,Total,Бүгд,15.3,168.7,9.069354,,
2010,342,Govisumber,Говьсүмбэр,1,Horse,Адуу,0.3,7,4.285714,,
2010,342,Govisumber,Говьсүмбэр,2,Cattle,Үхэр,0.2,3.4,5.882353,,
2010,342,Govisumber,Говьсүмбэр,3,Camel,Тэмээ,,0.5,,..,
2010,342,Govisumber,Говьсүмбэр,4,Sheep,Хонь,6,69.7,8.608321,,
2010,342,Govisumber,Говьсүмбэр,5,Goat,Ямаа,8.9,88.2,10.090703,,
2010,343,Selenge,Сэлэнгэ,0,Total,Бүгд,102.7,1510.5,6.799073,,
2010,343,Selenge,Сэлэнгэ,1,Horse,Адуу,1.5,57.6,2.604167,,
2010,343,Selenge,Сэлэнгэ,2,Cattle,Үхэр,10.6,153.2,6.91906,,
2010,343,Selenge,Сэлэнгэ,3,Camel,Тэмээ,,0.7,,..,
2010,343,Selenge,Сэлэнгэ,4,Sheep,Хонь,42.7,732.1,5.832537,,
2010,343,Selenge,Сэлэнгэ,5,Goat,Ямаа,48,609.8,7.871433,,
2010,344,Dornogovi,Дорноговь,0,Total,Бүгд,51.3,1076.9,4.763674,,
2010,344,Dornogovi,Дорноговь,1,Horse,Адуу,0.9,72.8,1.236264,,
2010,344,Dornogovi,Дорноговь,2,Cattle,Үхэр,1.8,40,4.5,,
2010,344,Dornogovi,Дорноговь,3,Camel,Тэмээ,0.3,26.1,1.149425,,
2010,344,Dornogovi,Дорноговь,4,Sheep,Хонь,10.7,408.7,2.618057,,
2010,344,Dornogovi,Дорноговь,5,Goat,Ямаа,37.6,529.4,7.10238,,
2010,345,Darkhan-Uul,Дархан-Уул,0,Total,Бүгд,46.1,361.5,12.75242,,
2010,345,Darkhan-Uul,Дархан-Уул,1,Horse,Адуу,0.4,11.1,3.603604,,
2010,345,Darkhan-Uul,Дархан-Уул,2,Cattle,Үхэр,4.2,37.6,11.170213,,
2010,345,Darkhan-Uul,Дархан-Уул,3,Camel,Тэмээ,,0.4,,..,
2010,345,Darkhan-Uul,Дархан-Уул,4,Sheep,Хонь,19.1,176.5,10.82153,,
2010,345,Darkhan-Uul,Дархан-Уул,5,Goat,Ямаа,22.4,136,16.470588,,
2010,346,Umnugovi,Өмнөговь,0,Total,Бүгд,618.8,1755.2,35.255242,,
2010,346,Umnugovi,Өмнөговь,1,Horse,Адуу,13,53.7,24.208566,,
2010,346,Umnugovi,Өмнөговь,2,Cattle,Үхэр,5.3,13.1,40.458015,,
2010,346,Umnugovi,Өмнөговь,3,Camel,Тэмээ,7,85.7,8.168028,,
2010,346,Umnugovi,Өмнөговь,4,Sheep,Хонь,135.9,375.7,36.172478,,
2010,346,Umnugovi,Өмнөговь,5,Goat,Ямаа,457.6,1227.1,37.291174,,
2010,348,Dundgovi,Дундговь,0,Total,Бүгд,878.2,2147.1,40.901681,,
2010,348,Dundgovi,Дундговь,1,Horse,Адуу,21.2,82,25.853659,,
2010,348,Dundgovi,Дундговь,2,Cattle,Үхэр,13,33.8,38.461538,,
2010,348,Dundgovi,Дундговь,3,Camel,Тэмээ,1.2,20.7,5.797101,,
2010,348,Dundgovi,Дундговь,4,Sheep,Хонь,377.6,973.8,38.775929,,
2010,348,Dundgovi,Дундговь,5,Goat,Ямаа,465.3,1036.9,44.874144,,
2010,421,Dornod,Дорнод,0,Total,Бүгд,314.7,1450.7,21.692976,,
2010,421,Dornod,Дорнод,1,Horse,Адуу,9.1,140.1,6.49536,,
2010,421,Dornod,Дорнод,2,Cattle,Үхэр,28.7,126.8,22.634069,,
2010,421,Dornod,Дорнод,3,Camel,Тэмээ,0.2,6.4,3.125,,
2010,421,Dornod,Дорнод,4,Sheep,Хонь,150.1,704.1,21.317995,,
2010,421,Dornod,Дорнод,5,Goat,Ямаа,126.8,473.4,26.78496,,
2010,422,Sukhbaatar,Сүхбаатар,0,Total,Бүгд,60.9,1789.7,3.402805,,
2010,422,Sukhbaatar,Сүхбаатар,1,Horse,Адуу,1.8,131.5,1.368821,,
2010,422,Sukhbaatar,Сүхбаатар,2,Cattle,Үхэр,6.7,110.1,6.085377,,
2010,422,Sukhbaatar,Сүхбаатар,3,Camel,Тэмээ,0.1,10.1,0.990099,,
2010,422,Sukhbaatar,Сүхбаатар,4,Sheep,Хонь,27,853.7,3.162704,,
2010,422,Sukhbaatar,Сүхбаатар,5,Goat,Ямаа,25.3,684.3,3.697209,,
2010,423,Khentii,Хэнтий,0,Total,Бүгд,250.7,2251.1,11.136778,,
2010,423,Khentii,Хэнтий,1,Horse,Адуу,8.7,136.3,6.382979,,
2010,423,Khentii,Хэнтий,2,Cattle,Үхэр,23.5,162.6,14.452645,,
2010,423,Khentii,Хэнтий,3,Camel,Тэмээ,0.1,3.7,2.702703,,
2010,423,Khentii,Хэнтий,4,Sheep,Хонь,115.5,1085.7,10.638298,,
2010,423,Khentii,Хэнтий,5,Goat,Ямаа,102.8,862.9,11.913316,,
2010,511,Ulaanbaatar,Улаанбаатар,0,Total,Бүгд,73.9,400.8,18.438124,,
2010,511,Ulaanbaatar,Улаанбаатар,1,Horse,Адуу,2.2,22,10.0,,
2010,511,Ulaanbaatar,Улаанбаатар,2,Cattle,Үхэр,5,59.5,8.403361,,
2010,511,Ulaanbaatar,Улаанбаатар,3,Camel,Тэмээ,,0.2,,..,
2010,511,Ulaanbaatar,Улаанбаатар,4,Sheep,Хонь,32.9,167.9,19.594997,,
2010,511,Ulaanbaatar,Улаанбаатар,5,Goat,Ямаа,33.9,151.2,22.420635,,
2011,0,Total,Улсын дүн,0,Total,Бүгд,651.3,32729.5,1.989948,,
2011,0,Total,Улсын дүн,1,Horse,Адуу,27.6,1920.3,1.437275,,
2011,0,Total,Улсын дүн,2,Cattle,Үхэр,52.9,2176,2.431066,,
2011,0,Total,Улсын дүн,3,Camel,Тэмээ,2.4,269.6,0.890208,,
2011,0,Total,Улсын дүн,4,Sheep,Хонь,284,14480.4,1.961272,,
2011,0,Total,Улсын дүн,5,Goat,Ямаа,284.4,13883.2,2.048519,,
2011,181,Zavkhan,Завхан,0,Total,Бүгд,32.8,1717.7,1.90953,,
2011,181,Zavkhan,Завхан,1,Horse,Адуу,1.6,93.4,1.713062,,
2011,181,Zavkhan,Завхан,2,Cattle,Үхэр,3.1,73.7,4.206242,,
2011,181,Zavkhan,Завхан,3,Camel,Тэмээ,,5.8,,..,
2011,181,Zavkhan,Завхан,4,Sheep,Хонь,15.4,859.1,1.792574,,
2011,181,Zavkhan,Завхан,5,Goat,Ямаа,12.7,685.7,1.852122,,
2011,182,Govi-Altai,Говь-Алтай,0,Total,Бүгд,53.8,1315.5,4.0897,,
2011,182,Govi-Altai,Говь-Алтай,1,Horse,Адуу,0.8,38.8,2.061856,,
2011,182,Govi-Altai,Говь-Алтай,2,Cattle,Үхэр,0.8,18.4,4.347826,,
2011,182,Govi-Altai,Говь-Алтай,3,Camel,Тэмээ,0.4,24.3,1.646091,,
2011,182,Govi-Altai,Говь-Алтай,4,Sheep,Хонь,14.3,396.3,3.608377,,
2011,182,Govi-Altai,Говь-Алтай,5,Goat,Ямаа,37.4,837.8,4.464073,,
2011,183,Bayan-Ulgii,Баян-Өлгий,0,Total,Бүгд,14,1126.9,1.242346,,
2011,183,Bayan-Ulgii,Баян-Өлгий,1,Horse,Адуу,1,43.5,2.298851,,
2011,183,Bayan-Ulgii,Баян-Өлгий,2,Cattle,Үхэр,1.4,66.1,2.118003,,
2011,183,Bayan-Ulgii,Баян-Өлгий,3,Camel,Тэмээ,0.1,3.8,2.631579,,
2011,183,Bayan-Ulgii,Баян-Өлгий,4,Sheep,Хонь,5.2,459.8,1.130926,,
2011,183,Bayan-Ulgii,Баян-Өлгий,5,Goat,Ямаа,6.4,553.8,1.155652,,
2011,184,Khovd,Ховд,0,Total,Бүгд,59.6,1639.1,3.636142,,
2011,184,Khovd,Ховд,1,Horse,Адуу,2.2,64.7,3.400309,,
2011,184,Khovd,Ховд,2,Cattle,Үхэр,4.2,81,5.185185,,
2011,184,Khovd,Ховд,3,Camel,Тэмээ,0.2,16.3,1.226994,,
2011,184,Khovd,Ховд,4,Sheep,Хонь,22.4,594.3,3.76914,,
2011,184,Khovd,Ховд,5,Goat,Ямаа,30.6,882.9,3.465851,,
2011,185,Uvs,Увс,0,Total,Бүгд,40.7,1619.3,2.513432,,
2011,185,Uvs,Увс,1,Horse,Адуу,1.9,59.7,3.18258,,
2011,185,Uvs,Увс,2,Cattle,Үхэр,2.4,84.4,2.843602,,
2011,185,Uvs,Увс,3,Camel,Тэмээ,0.2,14.5,1.37931,,
2011,185,Uvs,Увс,4,Sheep,Хонь,19.6,776.9,2.522847,,
2011,185,Uvs,Увс,5,Goat,Ямаа,16.6,683.8,2.42761,,
2011,261,Orkhon,Орхон,0,Total,Бүгд,0.9,169.2,0.531915,,
2011,261,Orkhon,Орхон,1,Horse,Адуу,0.1,10.7,0.934579,,
2011,261,Orkhon,Орхон,2,Cattle,Үхэр,0.1,17.8,0.561798,,
2011,261,Orkhon,Орхон,3,Camel,Тэмээ,0,0.2,0.0,,
2011,261,Orkhon,Орхон,4,Sheep,Хонь,0.3,73.1,0.410397,,
2011,261,Orkhon,Орхон,5,Goat,Ямаа,0.4,67.5,0.592593,,
2011,262,Uvurkhangai,Өвөрхангай,0,Total,Бүгд,22,2010.6,1.094201,,
2011,262,Uvurkhangai,Өвөрхангай,1,Horse,Адуу,0.9,113.8,0.790861,,
2011,262,Uvurkhangai,Өвөрхангай,2,Cattle,Үхэр,0.9,76.2,1.181102,,
2011,262,Uvurkhangai,Өвөрхангай,3,Camel,Тэмээ,0,14.7,0.0,,
2011,262,Uvurkhangai,Өвөрхангай,4,Sheep,Хонь,10,896.6,1.115325,,
2011,262,Uvurkhangai,Өвөрхангай,5,Goat,Ямаа,10.2,909.2,1.121865,,
2011,263,Bulgan,Булган,0,Total,Бүгд,75,2293.2,3.270539,,
2011,263,Bulgan,Булган,1,Horse,Адуу,4.4,182.9,2.405686,,
2011,263,Bulgan,Булган,2,Cattle,Үхэр,4.3,176.1,2.441794,,
2011,263,Bulgan,Булган,3,Camel,Тэмээ,,0.9,,..,
2011,263,Bulgan,Булган,4,Sheep,Хонь,41.5,1179.8,3.517545,,
2011,263,Bulgan,Булган,5,Goat,Ямаа,24.7,753.7,3.277166,,
2011,264,Bayankhongor,Баянхонгор,0,Total,Бүгд,41.3,1963,2.103923,,
2011,264,Bayankhongor,Баянхонгор,1,Horse,Адуу,1.8,74.4,2.419355,,
2011,264,Bayankhongor,Баянхонгор,2,Cattle,Үхэр,4.1,101.5,4.039409,,
2011,264,Bayankhongor,Баянхонгор,3,Camel,Тэмээ,0.4,30.1,1.328904,,
2011,264,Bayankhongor,Баянхонгор,4,Sheep,Хонь,10.7,543.8,1.967635,,
2011,264,Bayankhongor,Баянхонгор,5,Goat,Ямаа,24.3,1213.3,2.002802,,
2011,265,Arkhangai,Архангай,0,Total,Бүгд,88.3,2679.2,3.29576,,
2011,265,Arkhangai,Архангай,1,Horse,Адуу,3.2,196.1,1.63182,,
2011,265,Arkhangai,Архангай,2,Cattle,Үхэр,8.5,302,2.81457,,
2011,265,Arkhangai,Архангай,3,Camel,Тэмээ,0,0.9,0.0,,
2011,265,Arkhangai,Архангай,4,Sheep,Хонь,47.8,1327.5,3.600753,,
2011,265,Arkhangai,Архангай,5,Goat,Ямаа,28.8,852.8,3.377111,,
2011,267,Khuvsgul,Хөвсгөл,0,Total,Бүгд,67,3101.3,2.160384,,
2011,267,Khuvsgul,Хөвсгөл,1,Horse,Адуу,2.5,148.7,1.681237,,
2011,267,Khuvsgul,Хөвсгөл,2,Cattle,Үхэр,10.6,312.4,3.393086,,
2011,267,Khuvsgul,Хөвсгөл,3,Camel,Тэмээ,,2.3,,..,
2011,267,Khuvsgul,Хөвсгөл,4,Sheep,Хонь,28.8,1363.9,2.111592,,
2011,267,Khuvsgul,Хөвсгөл,5,Goat,Ямаа,25,1274,1.962323,,
2011,341,Tuv,Төв,0,Total,Бүгд,22.7,2710.7,0.837422,,
2011,341,Tuv,Төв,1,Horse,Адуу,1.5,199.8,0.750751,,
2011,341,Tuv,Төв,2,Cattle,Үхэр,1.9,172,1.104651,,
2011,341,Tuv,Төв,3,Camel,Тэмээ,,2.2,,..,
2011,341,Tuv,Төв,4,Sheep,Хонь,10.2,1358.7,0.750718,,
2011,341,Tuv,Төв,5,Goat,Ямаа,9.1,977.9,0.930565,,
2011,342,Govisumber,Говьсүмбэр,0,Total,Бүгд,0.3,153.2,0.195822,,
2011,342,Govisumber,Говьсүмбэр,1,Horse,Адуу,0,6.9,0.0,,
2011,342,Govisumber,Говьсүмбэр,2,Cattle,Үхэр,0,3.7,0.0,,
2011,342,Govisumber,Говьсүмбэр,3,Camel,Тэмээ,,0.5,,..,
2011,342,Govisumber,Говьсүмбэр,4,Sheep,Хонь,0.2,65.2,0.306748,,
2011,342,Govisumber,Говьсүмбэр,5,Goat,Ямаа,0.1,76.9,0.130039,,
2011,343,Selenge,Сэлэнгэ,0,Total,Бүгд,7.3,1265.6,0.576802,,
2011,343,Selenge,Сэлэнгэ,1,Horse,Адуу,0.4,61.8,0.647249,,
2011,343,Selenge,Сэлэнгэ,2,Cattle,Үхэр,1,143.5,0.696864,,
2011,343,Selenge,Сэлэнгэ,3,Camel,Тэмээ,,0.8,,..,
2011,343,Selenge,Сэлэнгэ,4,Sheep,Хонь,3.4,612.2,0.555374,,
2011,343,Selenge,Сэлэнгэ,5,Goat,Ямаа,2.6,447.4,0.581135,,
2011,344,Dornogovi,Дорноговь,0,Total,Бүгд,5.3,1056.8,0.501514,,
2011,344,Dornogovi,Дорноговь,1,Horse,Адуу,0.3,77.4,0.387597,,
2011,344,Dornogovi,Дорноговь,2,Cattle,Үхэр,0.2,40.5,0.493827,,
2011,344,Dornogovi,Дорноговь,3,Camel,Тэмээ,0.2,28.1,0.711744,,
2011,344,Dornogovi,Дорноговь,4,Sheep,Хонь,2,421.3,0.474721,,
2011,344,Dornogovi,Дорноговь,5,Goat,Ямаа,2.6,489.6,0.531046,,
2011,345,Darkhan-Uul,Дархан-Уул,0,Total,Бүгд,2.3,249.8,0.920737,,
2011,345,Darkhan-Uul,Дархан-Уул,1,Horse,Адуу,0.1,10.2,0.980392,,
2011,345,Darkhan-Uul,Дархан-Уул,2,Cattle,Үхэр,0.2,32.5,0.615385,,
2011,345,Darkhan-Uul,Дархан-Уул,3,Camel,Тэмээ,,0.7,,..,
2011,345,Darkhan-Uul,Дархан-Уул,4,Sheep,Хонь,1,127.6,0.783699,,
2011,345,Darkhan-Uul,Дархан-Уул,5,Goat,Ямаа,1,78.8,1.269036,,
2011,346,Umnugovi,Өмнөговь,0,Total,Бүгд,9.4,1010.3,0.930417,,
2011,346,Umnugovi,Өмнөговь,1,Horse,Адуу,0.3,37.6,0.797872,,
2011,346,Umnugovi,Өмнөговь,2,Cattle,Үхэр,0.1,7.5,1.333333,,
2011,346,Umnugovi,Өмнөговь,3,Camel,Тэмээ,0.5,83.8,0.596659,,
2011,346,Umnugovi,Өмнөговь,4,Sheep,Хонь,2.2,212.8,1.033835,,
2011,346,Umnugovi,Өмнөговь,5,Goat,Ямаа,6.3,668.6,0.942267,,
2011,348,Dundgovi,Дундговь,0,Total,Бүгд,4.3,1111.5,0.386865,,
2011,348,Dundgovi,Дундговь,1,Horse,Адуу,0.2,51.3,0.389864,,
2011,348,Dundgovi,Дундговь,2,Cattle,Үхэр,0.1,18.6,0.537634,,
2011,348,Dundgovi,Дундговь,3,Camel,Тэмээ,,18.9,,..,
2011,348,Dundgovi,Дундговь,4,Sheep,Хонь,1.8,529.7,0.339815,,
2011,348,Dundgovi,Дундговь,5,Goat,Ямаа,2.3,493.1,0.466437,,
2011,421,Dornod,Дорнод,0,Total,Бүгд,10.9,1113.3,0.979071,,
2011,421,Dornod,Дорнод,1,Horse,Адуу,0.5,136.3,0.366838,,
2011,421,Dornod,Дорнод,2,Cattle,Үхэр,0.9,107.8,0.834879,,
2011,421,Dornod,Дорнод,3,Camel,Тэмээ,,6,,..,
2011,421,Dornod,Дорнод,4,Sheep,Хонь,5.7,550.8,1.034858,,
2011,421,Dornod,Дорнод,5,Goat,Ямаа,3.8,312.4,1.216389,,
2011,422,Sukhbaatar,Сүхбаатар,0,Total,Бүгд,54.7,1979.8,2.762905,,
2011,422,Sukhbaatar,Сүхбаатар,1,Horse,Адуу,1.7,148.1,1.147873,,
2011,422,Sukhbaatar,Сүхбаатар,2,Cattle,Үхэр,4.2,128,3.28125,,
2011,422,Sukhbaatar,Сүхбаатар,3,Camel,Тэмээ,0.1,10.9,0.917431,,
2011,422,Sukhbaatar,Сүхбаатар,4,Sheep,Хонь,23,961.2,2.392842,,
2011,422,Sukhbaatar,Сүхбаатар,5,Goat,Ямаа,25.6,731.7,3.498702,,
2011,423,Khentii,Хэнтий,0,Total,Бүгд,36,2180.7,1.650846,,
2011,423,Khentii,Хэнтий,1,Horse,Адуу,2.1,143.7,1.461378,,
2011,423,Khentii,Хэнтий,2,Cattle,Үхэр,3.1,157.7,1.965758,,
2011,423,Khentii,Хэнтий,3,Camel,Тэмээ,0.1,3.7,2.702703,,
2011,423,Khentii,Хэнтий,4,Sheep,Хонь,17.5,1068.3,1.638117,,
2011,423,Khentii,Хэнтий,5,Goat,Ямаа,13.2,807.3,1.63508,,
2011,511,Ulaanbaatar,Улаанбаатар,0,Total,Бүгд,2.7,262.9,1.027006,,
2011,511,Ulaanbaatar,Улаанбаатар,1,Horse,Адуу,0.3,20.8,1.442308,,
2011,511,Ulaanbaatar,Улаанбаатар,2,Cattle,Үхэр,0.6,54.9,1.092896,,
2011,511,Ulaanbaatar,Улаанбаатар,3,Camel,Тэмээ,,0.2,,..,
2011,511,Ulaanbaatar,Улаанбаатар,4,Sheep,Хонь,0.9,101.6,0.885827,,
2011,511,Ulaanbaatar,Улаанбаатар,5,Goat,Ямаа,0.9,85.4,1.053864,,
2012,0,Total,Улсын дүн,0,Total,Бүгд,428.9,36335.8,1.180379,,
2012,0,Total,Улсын дүн,1,Horse,Адуу,21.1,2112.9,0.998627,,
2012,0,Total,Улсын дүн,2,Cattle,Үхэр,36.5,2339.7,1.560029,,
2012,0,Total,Улсын дүн,3,Camel,Тэмээ,1.4,280.1,0.499821,,
2012,0,Total,Улсын дүн,4,Sheep,Хонь,175.5,15668.5,1.120082,,
2012,0,Total,Улсын дүн,5,Goat,Ямаа,194.4,15934.6,1.219987,,
2012,181,Zavkhan,Завхан,0,Total,Бүгд,20.2,2006.1,1.006929,,
2012,181,Zavkhan,Завхан,1,Horse,Адуу,1.5,105.4,1.42315,,
2012,181,Zavkhan,Завхан,2,Cattle,Үхэр,1.3,83.3,1.560624,,
2012,181,Zavkhan,Завхан,3,Camel,Тэмээ,0,6.2,0.0,,
2012,181,Zavkhan,Завхан,4,Sheep,Хонь,9.4,979.6,0.959575,,
2012,181,Zavkhan,Завхан,5,Goat,Ямаа,8.1,831.6,0.974026,,
2012,182,Govi-Altai,Говь-Алтай,0,Total,Бүгд,34.2,1613.3,2.119879,,
2012,182,Govi-Altai,Говь-Алтай,1,Horse,Адуу,0.6,46.6,1.287554,,
2012,182,Govi-Altai,Говь-Алтай,2,Cattle,Үхэр,0.4,22.1,1.809955,,
2012,182,Govi-Altai,Говь-Алтай,3,Camel,Тэмээ,0.2,25.2,0.793651,,
2012,182,Govi-Altai,Говь-Алтай,4,Sheep,Хонь,9.3,461.7,2.014295,,
2012,182,Govi-Altai,Говь-Алтай,5,Goat,Ямаа,23.8,1057.8,2.249953,,
2012,183,Bayan-Ulgii,Баян-Өлгий,0,Total,Бүгд,9.2,1302.8,0.706171,,
2012,183,Bayan-Ulgii,Баян-Өлгий,1,Horse,Адуу,0.6,48.5,1.237113,,
2012,183,Bayan-Ulgii,Баян-Өлгий,2,Cattle,Үхэр,0.8,80.8,0.990099,,
2012,183,Bayan-Ulgii,Баян-Өлгий,3,Camel,Тэмээ,0,4,0.0,,
2012,183,Bayan-Ulgii,Баян-Өлгий,4,Sheep,Хонь,2.7,506.9,0.532649,,
2012,183,Bayan-Ulgii,Баян-Өлгий,5,Goat,Ямаа,5.1,662.5,0.769811,,
2012,184,Khovd,Ховд,0,Total,Бүгд,23.9,1771.3,1.349291,,
2012,184,Khovd,Ховд,1,Horse,Адуу,1.1,68.2,1.612903,,
2012,184,Khovd,Ховд,2,Cattle,Үхэр,1.4,87.6,1.598174,,
2012,184,Khovd,Ховд,3,Camel,Тэмээ,0.2,16.8,1.190476,,
2012,184,Khovd,Ховд,4,Sheep,Хонь,6.8,615,1.105691,,
2012,184,Khovd,Ховд,5,Goat,Ямаа,14.5,983.7,1.474027,,
2012,185,Uvs,Увс,0,Total,Бүгд,49,1831.8,2.674965,,
2012,185,Uvs,Увс,1,Horse,Адуу,1.5,64,2.34375,,
2012,185,Uvs,Увс,2,Cattle,Үхэр,2.5,95.7,2.61233,,
2012,185,Uvs,Увс,3,Camel,Тэмээ,0.1,15.5,0.645161,,
2012,185,Uvs,Увс,4,Sheep,Хонь,24,851.5,2.818555,,
2012,185,Uvs,Увс,5,Goat,Ямаа,20.9,805.3,2.595306,,
2012,261,Orkhon,Орхон,0,Total,Бүгд,1.8,168.3,1.069519,,
2012,261,Orkhon,Орхон,1,Horse,Адуу,0.1,11.8,0.847458,,
2012,261,Orkhon,Орхон,2,Cattle,Үхэр,0.1,18.8,0.531915,,
2012,261,Orkhon,Орхон,3,Camel,Тэмээ,0,0.2,0.0,,
2012,261,Orkhon,Орхон,4,Sheep,Хонь,1.2,68.6,1.749271,,
2012,261,Orkhon,Орхон,5,Goat,Ямаа,0.5,69,0.724638,,
2012,262,Uvurkhangai,Өвөрхангай,0,Total,Бүгд,8.1,2425.7,0.333924,,
2012,262,Uvurkhangai,Өвөрхангай,1,Horse,Адуу,0.4,141.1,0.283487,,
2012,262,Uvurkhangai,Өвөрхангай,2,Cattle,Үхэр,1.3,90.6,1.434879,,
2012,262,Uvurkhangai,Өвөрхангай,3,Camel,Тэмээ,0,15.9,0.0,,
2012,262,Uvurkhangai,Өвөрхангай,4,Sheep,Хонь,2.7,1051.8,0.256703,,
2012,262,Uvurkhangai,Өвөрхангай,5,Goat,Ямаа,3.7,1126.4,0.32848,,
2012,263,Bulgan,Булган,0,Total,Бүгд,26.2,2340.8,1.119275,,
2012,263,Bulgan,Булган,1,Horse,Адуу,2.6,186,1.397849,,
2012,263,Bulgan,Булган,2,Cattle,Үхэр,2.7,180.9,1.492537,,
2012,263,Bulgan,Булган,3,Camel,Тэмээ,0,1,0.0,,
2012,263,Bulgan,Булган,4,Sheep,Хонь,12.2,1188,1.026936,,
2012,263,Bulgan,Булган,5,Goat,Ямаа,8.8,785,1.121019,,
2012,264,Bayankhongor,Баянхонгор,0,Total,Бүгд,18.1,2237.8,0.80883,,
2012,264,Bayankhongor,Баянхонгор,1,Horse,Адуу,0.9,82.1,1.096224,,
2012,264,Bayankhongor,Баянхонгор,2,Cattle,Үхэр,3,110.9,2.70514,,
2012,264,Bayankhongor,Баянхонгор,3,Camel,Тэмээ,0.1,30.3,0.330033,,
2012,264,Bayankhongor,Баянхонгор,4,Sheep,Хонь,4.9,617.6,0.793394,,
2012,264,Bayankhongor,Баянхонгор,5,Goat,Ямаа,9.2,1397,0.658554,,
2012,265,Arkhangai,Архангай,0,Total,Бүгд,59.7,2984.3,2.000469,,
2012,265,Arkhangai,Архангай,1,Horse,Адуу,3.2,218.7,1.463192,,
2012,265,Arkhangai,Архангай,2,Cattle,Үхэр,9.3,335.9,2.768681,,
2012,265,Arkhangai,Архангай,3,Camel,Тэмээ,0,0.9,0.0,,
2012,265,Arkhangai,Архангай,4,Sheep,Хонь,27.7,1464.6,1.891301,,
2012,265,Arkhangai,Архангай,5,Goat,Ямаа,19.5,964.2,2.022402,,
2012,267,Khuvsgul,Хөвсгөл,0,Total,Бүгд,44.5,3315.5,1.342181,,
2012,267,Khuvsgul,Хөвсгөл,1,Horse,Адуу,2,155.3,1.28783,,
2012,267,Khuvsgul,Хөвсгөл,2,Cattle,Үхэр,5.2,313.8,1.657106,,
2012,267,Khuvsgul,Хөвсгөл,3,Camel,Тэмээ,0,2.1,0.0,,
2012,267,Khuvsgul,Хөвсгөл,4,Sheep,Хонь,17.4,1457.5,1.193825,,
2012,267,Khuvsgul,Хөвсгөл,5,Goat,Ямаа,19.9,1386.8,1.434958,,
2012,341,Tuv,Төв,0,Total,Бүгд,22.1,2962,0.746117,,
2012,341,Tuv,Төв,1,Horse,Адуу,1.7,223,0.762332,,
2012,341,Tuv,Төв,2,Cattle,Үхэр,2.1,185,1.135135,,
2012,341,Tuv,Төв,3,Camel,Тэмээ,0,2.9,0.0,,
2012,341,Tuv,Төв,4,Sheep,Хонь,9.5,1462.3,0.649661,,
2012,341,Tuv,Төв,5,Goat,Ямаа,8.8,1088.9,0.808155,,
2012,342,Govisumber,Говьсүмбэр,0,Total,Бүгд,0.9,189.7,0.474433,,
2012,342,Govisumber,Говьсүмбэр,1,Horse,Адуу,0,8.6,0.0,,
2012,342,Govisumber,Говьсүмбэр,2,Cattle,Үхэр,0,4.3,0.0,,
2012,342,Govisumber,Говьсүмбэр,3,Camel,Тэмээ,0,0.6,0.0,,
2012,342,Govisumber,Говьсүмбэр,4,Sheep,Хонь,0.3,79,0.379747,,
2012,342,Govisumber,Говьсүмбэр,5,Goat,Ямаа,0.5,97.1,0.514933,,
2012,343,Selenge,Сэлэнгэ,0,Total,Бүгд,9.3,1260.9,0.737568,,
2012,343,Selenge,Сэлэнгэ,1,Horse,Адуу,0.4,65.3,0.612557,,
2012,343,Selenge,Сэлэнгэ,2,Cattle,Үхэр,0.7,151.9,0.460829,,
2012,343,Selenge,Сэлэнгэ,3,Camel,Тэмээ,0,0.6,0.0,,
2012,343,Selenge,Сэлэнгэ,4,Sheep,Хонь,5.8,581.7,0.997078,,
2012,343,Selenge,Сэлэнгэ,5,Goat,Ямаа,2.3,461.4,0.498483,,
2012,344,Dornogovi,Дорноговь,0,Total,Бүгд,12.2,1207.4,1.010436,,
2012,344,Dornogovi,Дорноговь,1,Horse,Адуу,0.4,86.5,0.462428,,
2012,344,Dornogovi,Дорноговь,2,Cattle,Үхэр,0.4,45.7,0.875274,,
2012,344,Dornogovi,Дорноговь,3,Camel,Тэмээ,0.2,30,0.666667,,
2012,344,Dornogovi,Дорноговь,4,Sheep,Хонь,3.6,477.3,0.754243,,
2012,344,Dornogovi,Дорноговь,5,Goat,Ямаа,7.6,568,1.338028,,
2012,345,Darkhan-Uul,Дархан-Уул,0,Total,Бүгд,2.1,256.8,0.817757,,
2012,345,Darkhan-Uul,Дархан-Уул,1,Horse,Адуу,0.2,11,1.818182,,
2012,345,Darkhan-Uul,Дархан-Уул,2,Cattle,Үхэр,0.4,33.9,1.179941,,
2012,345,Darkhan-Uul,Дархан-Уул,3,Camel,Тэмээ,0,0.5,0.0,,
2012,345,Darkhan-Uul,Дархан-Уул,4,Sheep,Хонь,0.9,125,0.72,,
2012,345,Darkhan-Uul,Дархан-Уул,5,Goat,Ямаа,0.7,86.5,0.809249,,
2012,346,Umnugovi,Өмнөговь,0,Total,Бүгд,8.8,1223.5,0.719248,,
2012,346,Umnugovi,Өмнөговь,1,Horse,Адуу,0.2,43.4,0.460829,,
2012,346,Umnugovi,Өмнөговь,2,Cattle,Үхэр,0.1,8.7,1.149425,,
2012,346,Umnugovi,Өмнөговь,3,Camel,Тэмээ,0.3,87.8,0.341686,,
2012,346,Umnugovi,Өмнөговь,4,Sheep,Хонь,2.2,257.4,0.854701,,
2012,346,Umnugovi,Өмнөговь,5,Goat,Ямаа,6.1,826.1,0.738409,,
2012,348,Dundgovi,Дундговь,0,Total,Бүгд,3.5,1348.7,0.259509,,
2012,348,Dundgovi,Дундговь,1,Horse,Адуу,0.1,59.7,0.167504,,
2012,348,Dundgovi,Дундговь,2,Cattle,Үхэр,0.1,21,0.47619,,
2012,348,Dundgovi,Дундговь,3,Camel,Тэмээ,0,19.7,0.0,,
2012,348,Dundgovi,Дундговь,4,Sheep,Хонь,1.6,623.5,0.256616,,
2012,348,Dundgovi,Дундговь,5,Goat,Ямаа,1.7,624.8,0.272087,,
2012,421,Dornod,Дорнод,0,Total,Бүгд,14.2,1149.8,1.234997,,
2012,421,Dornod,Дорнод,1,Horse,Адуу,1,144.1,0.693963,,
2012,421,Dornod,Дорнод,2,Cattle,Үхэр,0.8,109.7,0.729262,,
2012,421,Dornod,Дорнод,3,Camel,Тэмээ,0,5.6,0.0,,
2012,421,Dornod,Дорнод,4,Sheep,Хонь,5.9,555.4,1.062297,,
2012,421,Dornod,Дорнод,5,Goat,Ямаа,6.4,335.1,1.909878,,
2012,422,Sukhbaatar,Сүхбаатар,0,Total,Бүгд,20.9,2081.4,1.004132,,
2012,422,Sukhbaatar,Сүхбаатар,1,Horse,Адуу,0.8,164.9,0.485143,,
2012,422,Sukhbaatar,Сүхбаатар,2,Cattle,Үхэр,1.1,136.7,0.804682,,
2012,422,Sukhbaatar,Сүхбаатар,3,Camel,Тэмээ,0.1,10.7,0.934579,,
2012,422,Sukhbaatar,Сүхбаатар,4,Sheep,Хонь,8.9,992,0.897177,,
2012,422,Sukhbaatar,Сүхбаатар,5,Goat,Ямаа,10.1,777.2,1.299537,,
2012,423,Khentii,Хэнтий,0,Total,Бүгд,38,2379.1,1.597243,,
2012,423,Khentii,Хэнтий,1,Horse,Адуу,1.8,156.5,1.15016,,
2012,423,Khentii,Хэнтий,2,Cattle,Үхэр,2.7,165.7,1.629451,,
2012,423,Khentii,Хэнтий,3,Camel,Тэмээ,0,3.7,0.0,,
2012,423,Khentii,Хэнтий,4,Sheep,Хонь,17.8,1146.5,1.552551,,
2012,423,Khentii,Хэнтий,5,Goat,Ямаа,15.7,906.7,1.731554,,
2012,511,Ulaanbaatar,Улаанбаатар,0,Total,Бүгд,2.1,278.9,0.752958,,
2012,511,Ulaanbaatar,Улаанбаатар,1,Horse,Адуу,0.2,22.5,0.888889,,
2012,511,Ulaanbaatar,Улаанбаатар,2,Cattle,Үхэр,0.5,56.9,0.878735,,
2012,511,Ulaanbaatar,Улаанбаатар,3,Camel,Тэмээ,0,0.2,0.0,,
2012,511,Ulaanbaatar,Улаанбаатар,4,Sheep,Хонь,0.8,105.8,0.756144,,
2012,511,Ulaanbaatar,Улаанбаатар,5,Goat,Ямаа,0.7,93.6,0.747863,,
2013,0,Total,Улсын дүн,0,Total,Бүгд,792.6,40920.9,1.936908,,
2013,0,Total,Улсын дүн,1,Horse,Адуу,35.9,2330.4,1.540508,,
2013,0,Total,Улсын дүн,2,Cattle,Үхэр,75,2584.6,2.901803,,
2013,0,Total,Улсын дүн,3,Camel,Тэмээ,1.8,305.8,0.58862,,
2013,0,Total,Улсын дүн,4,Sheep,Хонь,347.2,18141.4,1.913854,,
2013,0,Total,Улсын дүн,5,Goat,Ямаа,332.7,17558.7,1.894787,,
2013,181,Zavkhan,Завхан,0,Total,Бүгд,60.4,2280,2.649123,,
2013,181,Zavkhan,Завхан,1,Horse,Адуу,3,116.8,2.568493,,
2013,181,Zavkhan,Завхан,2,Cattle,Үхэр,3,98.4,3.04878,,
2013,181,Zavkhan,Завхан,3,Camel,Тэмээ,0.1,6.4,1.5625,,
2013,181,Zavkhan,Завхан,4,Sheep,Хонь,28.4,1147.9,2.474083,,
2013,181,Zavkhan,Завхан,5,Goat,Ямаа,25.9,910.7,2.843966,,
2013,182,Govi-Altai,Говь-Алтай,0,Total,Бүгд,36.8,1911.1,1.925593,,
2013,182,Govi-Altai,Говь-Алтай,1,Horse,Адуу,0.7,55,1.272727,,
2013,182,Govi-Altai,Говь-Алтай,2,Cattle,Үхэр,0.4,29.5,1.355932,,
2013,182,Govi-Altai,Говь-Алтай,3,Camel,Тэмээ,0.3,28.2,1.06383,,
2013,182,Govi-Altai,Говь-Алтай,4,Sheep,Хонь,10.1,578.1,1.747103,,
2013,182,Govi-Altai,Говь-Алтай,5,Goat,Ямаа,25.4,1220.3,2.081455,,
2013,183,Bayan-Ulgii,Баян-Өлгий,0,Total,Бүгд,11.1,1410.6,0.786899,,
2013,183,Bayan-Ulgii,Баян-Өлгий,1,Horse,Адуу,1.1,51.7,2.12766,,
2013,183,Bayan-Ulgii,Баян-Өлгий,2,Cattle,Үхэр,1.7,87.2,1.949541,,
2013,183,Bayan-Ulgii,Баян-Өлгий,3,Camel,Тэмээ,0,4.2,0.0,,
2013,183,Bayan-Ulgii,Баян-Өлгий,4,Sheep,Хонь,3.3,574.4,0.574513,,
2013,183,Bayan-Ulgii,Баян-Өлгий,5,Goat,Ямаа,5,693.1,0.721397,,
2013,184,Khovd,Ховд,0,Total,Бүгд,23.4,2038.5,1.147903,,
2013,184,Khovd,Ховд,1,Horse,Адуу,1.2,75.5,1.589404,,
2013,184,Khovd,Ховд,2,Cattle,Үхэр,1.9,100.7,1.886792,,
2013,184,Khovd,Ховд,3,Camel,Тэмээ,0.2,18.6,1.075269,,
2013,184,Khovd,Ховд,4,Sheep,Хонь,7.8,758.2,1.028752,,
2013,184,Khovd,Ховд,5,Goat,Ямаа,12.3,1085.4,1.133223,,
2013,185,Uvs,Увс,0,Total,Бүгд,35.7,2030.7,1.758014,,
2013,185,Uvs,Увс,1,Horse,Адуу,1.4,70.4,1.988636,,
2013,185,Uvs,Увс,2,Cattle,Үхэр,2.2,108,2.037037,,
2013,185,Uvs,Увс,3,Camel,Тэмээ,0.2,16.9,1.183432,,
2013,185,Uvs,Увс,4,Sheep,Хонь,15.5,976,1.588115,,
2013,185,Uvs,Увс,5,Goat,Ямаа,16.6,859.3,1.931805,,
2013,261,Orkhon,Орхон,0,Total,Бүгд,2.1,184.5,1.138211,,
2013,261,Orkhon,Орхон,1,Horse,Адуу,0.1,11.8,0.847458,,
2013,261,Orkhon,Орхон,2,Cattle,Үхэр,0.2,20.6,0.970874,,
2013,261,Orkhon,Орхон,3,Camel,Тэмээ,,0.2,,..,
2013,261,Orkhon,Орхон,4,Sheep,Хонь,1.1,80.2,1.371571,,
2013,261,Orkhon,Орхон,5,Goat,Ямаа,0.7,71.8,0.97493,,
2013,262,Uvurkhangai,Өвөрхангай,0,Total,Бүгд,19.7,2970.7,0.663143,,
2013,262,Uvurkhangai,Өвөрхангай,1,Horse,Адуу,0.8,170.5,0.469208,,
2013,262,Uvurkhangai,Өвөрхангай,2,Cattle,Үхэр,0.8,114,0.701754,,
2013,262,Uvurkhangai,Өвөрхангай,3,Camel,Тэмээ,0,18.1,0.0,,
2013,262,Uvurkhangai,Өвөрхангай,4,Sheep,Хонь,8.2,1310.9,0.625524,,
2013,262,Uvurkhangai,Өвөрхангай,5,Goat,Ямаа,9.9,1357.2,0.729443,,
2013,263,Bulgan,Булган,0,Total,Бүгд,37,2578.6,1.434887,,
2013,263,Bulgan,Булган,1,Horse,Адуу,1.9,199.3,0.953337,,
2013,263,Bulgan,Булган,2,Cattle,Үхэр,2.5,195.1,1.281394,,
2013,263,Bulgan,Булган,3,Camel,Тэмээ,0,1,0.0,,
2013,263,Bulgan,Булган,4,Sheep,Хонь,18.5,1340.8,1.379773,,
2013,263,Bulgan,Булган,5,Goat,Ямаа,14.1,842.3,1.673988,,
2013,264,Bayankhongor,Баянхонгор,0,Total,Бүгд,59.4,2640.8,2.249318,,
2013,264,Bayankhongor,Баянхонгор,1,Horse,Адуу,1.6,93.5,1.71123,,
2013,264,Bayankhongor,Баянхонгор,2,Cattle,Үхэр,8.4,127.9,6.567631,,
2013,264,Bayankhongor,Баянхонгор,3,Camel,Тэмээ,0.1,34.6,0.289017,,
2013,264,Bayankhongor,Баянхонгор,4,Sheep,Хонь,15.5,788.6,1.965508,,
2013,264,Bayankhongor,Баянхонгор,5,Goat,Ямаа,33.8,1596.3,2.117396,,
2013,265,Arkhangai,Архангай,0,Total,Бүгд,196.2,3403.2,5.765162,,
2013,265,Arkhangai,Архангай,1,Horse,Адуу,12.3,238.6,5.155071,,
2013,265,Arkhangai,Архангай,2,Cattle,Үхэр,18.1,371.1,4.877392,,
2013,265,Arkhangai,Архангай,3,Camel,Тэмээ,0,1.1,0.0,,
2013,265,Arkhangai,Архангай,4,Sheep,Хонь,105.2,1746.8,6.022441,,
2013,265,Arkhangai,Архангай,5,Goat,Ямаа,60.5,1045.7,5.785598,,
2013,267,Khuvsgul,Хөвсгөл,0,Total,Бүгд,117.5,3601.7,3.262348,,
2013,267,Khuvsgul,Хөвсгөл,1,Horse,Адуу,3.7,161.2,2.295285,,
2013,267,Khuvsgul,Хөвсгөл,2,Cattle,Үхэр,19.3,322.1,5.991928,,
2013,267,Khuvsgul,Хөвсгөл,3,Camel,Тэмээ,0,2.1,0.0,,
2013,267,Khuvsgul,Хөвсгөл,4,Sheep,Хонь,47.9,1673.1,2.862949,,
2013,267,Khuvsgul,Хөвсгөл,5,Goat,Ямаа,46.5,1443.2,3.222007,,
2013,341,Tuv,Төв,0,Total,Бүгд,42.1,3244.7,1.297501,,
2013,341,Tuv,Төв,1,Horse,Адуу,2.3,246.7,0.932306,,
2013,341,Tuv,Төв,2,Cattle,Үхэр,2.8,206.5,1.355932,,
2013,341,Tuv,Төв,3,Camel,Тэмээ,0,2.4,0.0,,
2013,341,Tuv,Төв,4,Sheep,Хонь,18.6,1633.7,1.13852,,
2013,341,Tuv,Төв,5,Goat,Ямаа,18.4,1155.4,1.592522,,
2013,342,Govisumber,Говьсүмбэр,0,Total,Бүгд,1.8,226.1,0.796108,,
2013,342,Govisumber,Говьсүмбэр,1,Horse,Адуу,0,9.6,0.0,,
2013,342,Govisumber,Говьсүмбэр,2,Cattle,Үхэр,0,5.6,0.0,,
2013,342,Govisumber,Говьсүмбэр,3,Camel,Тэмээ,0,0.6,0.0,,
2013,342,Govisumber,Говьсүмбэр,4,Sheep,Хонь,0.7,99.4,0.704225,,
2013,342,Govisumber,Говьсүмбэр,5,Goat,Ямаа,1.1,110.9,0.991885,,
2013,343,Selenge,Сэлэнгэ,0,Total,Бүгд,6.5,1305.6,0.497855,,
2013,343,Selenge,Сэлэнгэ,1,Horse,Адуу,0.5,68.1,0.734214,,
2013,343,Selenge,Сэлэнгэ,2,Cattle,Үхэр,1,159.6,0.626566,,
2013,343,Selenge,Сэлэнгэ,3,Camel,Тэмээ,0,0.6,0.0,,
2013,343,Selenge,Сэлэнгэ,4,Sheep,Хонь,2.5,612.1,0.40843,,
2013,343,Selenge,Сэлэнгэ,5,Goat,Ямаа,2.5,465.2,0.537403,,
2013,344,Dornogovi,Дорноговь,0,Total,Бүгд,9.2,1327.9,0.692823,,
2013,344,Dornogovi,Дорноговь,1,Horse,Адуу,0.4,95.6,0.41841,,
2013,344,Dornogovi,Дорноговь,2,Cattle,Үхэр,0.3,50.3,0.596421,,
2013,344,Dornogovi,Дорноговь,3,Camel,Тэмээ,0.2,31.5,0.634921,,
2013,344,Dornogovi,Дорноговь,4,Sheep,Хонь,3.6,531.5,0.677328,,
2013,344,Dornogovi,Дорноговь,5,Goat,Ямаа,4.8,619.1,0.775319,,
2013,345,Darkhan-Uul,Дархан-Уул,0,Total,Бүгд,3.4,268.4,1.266766,,
2013,345,Darkhan-Uul,Дархан-Уул,1,Horse,Адуу,0.2,11.3,1.769912,,
2013,345,Darkhan-Uul,Дархан-Уул,2,Cattle,Үхэр,0.5,35.6,1.404494,,
2013,345,Darkhan-Uul,Дархан-Уул,3,Camel,Тэмээ,0,0.4,0.0,,
2013,345,Darkhan-Uul,Дархан-Уул,4,Sheep,Хонь,1.5,136,1.102941,,
2013,345,Darkhan-Uul,Дархан-Уул,5,Goat,Ямаа,1.2,85.1,1.410106,,
2013,346,Umnugovi,Өмнөговь,0,Total,Бүгд,9.8,1419.3,0.690481,,
2013,346,Umnugovi,Өмнөговь,1,Horse,Адуу,0.2,50.1,0.399202,,
2013,346,Umnugovi,Өмнөговь,2,Cattle,Үхэр,0.1,10.8,0.925926,,
2013,346,Umnugovi,Өмнөговь,3,Camel,Тэмээ,0.4,97.3,0.4111,,
2013,346,Umnugovi,Өмнөговь,4,Sheep,Хонь,2.5,299.8,0.833889,,
2013,346,Umnugovi,Өмнөговь,5,Goat,Ямаа,6.7,961.3,0.696973,,
2013,348,Dundgovi,Дундговь,0,Total,Бүгд,4.3,1672,0.257177,,
2013,348,Dundgovi,Дундговь,1,Horse,Адуу,0.1,72,0.138889,,
2013,348,Dundgovi,Дундговь,2,Cattle,Үхэр,0.1,27.6,0.362319,,
2013,348,Dundgovi,Дундговь,3,Camel,Тэмээ,0,23,0.0,,
2013,348,Dundgovi,Дундговь,4,Sheep,Хонь,1.9,775.8,0.244908,,
2013,348,Dundgovi,Дундговь,5,Goat,Ямаа,2.3,773.6,0.297311,,
2013,421,Dornod,Дорнод,0,Total,Бүгд,47.9,1207.3,3.967531,,
2013,421,Dornod,Дорнод,1,Horse,Адуу,1.5,150.9,0.994036,,
2013,421,Dornod,Дорнод,2,Cattle,Үхэр,6.9,119.7,5.764411,,
2013,421,Dornod,Дорнод,3,Camel,Тэмээ,0.1,5,2.0,,
2013,421,Dornod,Дорнод,4,Sheep,Хонь,23.3,584.8,3.984268,,
2013,421,Dornod,Дорнод,5,Goat,Ямаа,16.1,346.9,4.641107,,
2013,422,Sukhbaatar,Сүхбаатар,0,Total,Бүгд,26,2280.6,1.140051,,
2013,422,Sukhbaatar,Сүхбаатар,1,Horse,Адуу,1,183.6,0.544662,,
2013,422,Sukhbaatar,Сүхбаатар,2,Cattle,Үхэр,1.6,151.1,1.058901,,
2013,422,Sukhbaatar,Сүхбаатар,3,Camel,Тэмээ,0.1,9.8,1.020408,,
2013,422,Sukhbaatar,Сүхбаатар,4,Sheep,Хонь,11.1,1090.8,1.017602,,
2013,422,Sukhbaatar,Сүхбаатар,5,Goat,Ямаа,12.2,845.3,1.443275,,
2013,423,Khentii,Хэнтий,0,Total,Бүгд,38.5,2610.4,1.47487,,
2013,423,Khentii,Хэнтий,1,Horse,Адуу,1.7,172.6,0.984936,,
2013,423,Khentii,Хэнтий,2,Cattle,Үхэр,2.6,182.7,1.423098,,
2013,423,Khentii,Хэнтий,3,Camel,Тэмээ,0.1,3.7,2.702703,,
2013,423,Khentii,Хэнтий,4,Sheep,Хонь,18.7,1277.8,1.463453,,
2013,423,Khentii,Хэнтий,5,Goat,Ямаа,15.4,973.7,1.581596,,
2013,511,Ulaanbaatar,Улаанбаатар,0,Total,Бүгд,3.6,308.5,1.166937,,
2013,511,Ulaanbaatar,Улаанбаатар,1,Horse,Адуу,0.3,25.8,1.162791,,
2013,511,Ulaanbaatar,Улаанбаатар,2,Cattle,Үхэр,0.6,60.6,0.990099,,
2013,511,Ulaanbaatar,Улаанбаатар,3,Camel,Тэмээ,0,0.2,0.0,,
2013,511,Ulaanbaatar,Улаанбаатар,4,Sheep,Хонь,1.4,124.7,1.122694,,
2013,511,Ulaanbaatar,Улаанбаатар,5,Goat,Ямаа,1.3,97.2,1.337449,,
2014,0,Total,Улсын дүн,0,Total,Бүгд,401.37,45144.3,0.889082,,
2014,0,Total,Улсын дүн,1,Horse,Адуу,23.321,2619.4,0.890318,,
2014,0,Total,Улсын дүн,2,Cattle,Үхэр,34.032,2909.5,1.169686,,
2014,0,Total,Улсын дүн,3,Camel,Тэмээ,1.504,321.5,0.467807,,
2014,0,Total,Улсын дүн,4,Sheep,Хонь,155.605,20066.4,0.775451,,
2014,0,Total,Улсын дүн,5,Goat,Ямаа,186.908,19227.6,0.972082,,
2014,181,Zavkhan,Завхан,0,Total,Бүгд,25.479,2539,1.003505,,
2014,181,Zavkhan,Завхан,1,Horse,Адуу,0.981,130.1,0.754035,,
2014,181,Zavkhan,Завхан,2,Cattle,Үхэр,0.947,115.3,0.821336,,
2014,181,Zavkhan,Завхан,3,Camel,Тэмээ,0.023,6.3,0.365079,,
2014,181,Zavkhan,Завхан,4,Sheep,Хонь,11.382,1280,0.889219,,
2014,181,Zavkhan,Завхан,5,Goat,Ямаа,12.146,1007.3,1.205798,,
2014,182,Govi-Altai,Говь-Алтай,0,Total,Бүгд,35.093,2223.2,1.57849,,
2014,182,Govi-Altai,Говь-Алтай,1,Horse,Адуу,0.54,65.3,0.826953,,
2014,182,Govi-Altai,Говь-Алтай,2,Cattle,Үхэр,0.391,39.4,0.992386,,
2014,182,Govi-Altai,Говь-Алтай,3,Camel,Тэмээ,0.201,30.4,0.661184,,
2014,182,Govi-Altai,Говь-Алтай,4,Sheep,Хонь,8.196,679.1,1.206891,,
2014,182,Govi-Altai,Говь-Алтай,5,Goat,Ямаа,25.765,1409.1,1.828472,,
2014,183,Bayan-Ulgii,Баян-Өлгий,0,Total,Бүгд,5.164,1604.1,0.321925,,
2014,183,Bayan-Ulgii,Баян-Өлгий,1,Horse,Адуу,0.412,58.4,0.705479,,
2014,183,Bayan-Ulgii,Баян-Өлгий,2,Cattle,Үхэр,0.615,105.1,0.585157,,
2014,183,Bayan-Ulgii,Баян-Өлгий,3,Camel,Тэмээ,0.032,4.4,0.727273,,
2014,183,Bayan-Ulgii,Баян-Өлгий,4,Sheep,Хонь,1.617,662.8,0.243965,,
2014,183,Bayan-Ulgii,Баян-Өлгий,5,Goat,Ямаа,2.488,773.4,0.321696,,
2014,184,Khovd,Ховд,0,Total,Бүгд,27.288,2241.3,1.217508,,
2014,184,Khovd,Ховд,1,Horse,Адуу,1.034,83.8,1.23389,,
2014,184,Khovd,Ховд,2,Cattle,Үхэр,1.395,115.1,1.21199,,
2014,184,Khovd,Ховд,3,Camel,Тэмээ,0.134,18.9,0.708995,,
2014,184,Khovd,Ховд,4,Sheep,Хонь,9.001,846.2,1.063697,,
2014,184,Khovd,Ховд,5,Goat,Ямаа,15.724,1177.4,1.335485,,
2014,185,Uvs,Увс,0,Total,Бүгд,13.964,2225.1,0.627567,,
2014,185,Uvs,Увс,1,Horse,Адуу,0.709,77,0.920779,,
2014,185,Uvs,Увс,2,Cattle,Үхэр,1.083,122.6,0.883361,,
2014,185,Uvs,Увс,3,Camel,Тэмээ,0.083,17.9,0.463687,,
2014,185,Uvs,Увс,4,Sheep,Хонь,5.152,1081.3,0.476464,,
2014,185,Uvs,Увс,5,Goat,Ямаа,6.937,926.4,0.748813,,
2014,261,Orkhon,Орхон,0,Total,Бүгд,0.631,179,0.352514,,
2014,261,Orkhon,Орхон,1,Horse,Адуу,0.077,11.6,0.663793,,
2014,261,Orkhon,Орхон,2,Cattle,Үхэр,0.109,21.6,0.50463,,
2014,261,Orkhon,Орхон,3,Camel,Тэмээ,0.001,0.2,0.5,,
2014,261,Orkhon,Орхон,4,Sheep,Хонь,0.241,79.9,0.301627,,
2014,261,Orkhon,Орхон,5,Goat,Ямаа,0.203,65.8,0.308511,,
2014,262,Uvurkhangai,Өвөрхангай,0,Total,Бүгд,8.863,3486,0.254246,,
2014,262,Uvurkhangai,Өвөрхангай,1,Horse,Адуу,0.414,205.9,0.201068,,
2014,262,Uvurkhangai,Өвөрхангай,2,Cattle,Үхэр,0.357,144.9,0.246377,,
2014,262,Uvurkhangai,Өвөрхангай,3,Camel,Тэмээ,0.03,19.7,0.152284,,
2014,262,Uvurkhangai,Өвөрхангай,4,Sheep,Хонь,3.423,1541.3,0.222085,,
2014,262,Uvurkhangai,Өвөрхангай,5,Goat,Ямаа,4.639,1574.2,0.294689,,
2014,263,Bulgan,Булган,0,Total,Бүгд,16.271,2757.2,0.590128,,
2014,263,Bulgan,Булган,1,Horse,Адуу,1.714,225.7,0.759415,,
2014,263,Bulgan,Булган,2,Cattle,Үхэр,1.265,221,0.572398,,
2014,263,Bulgan,Булган,3,Camel,Тэмээ,0.002,1.1,0.181818,,
2014,263,Bulgan,Булган,4,Sheep,Хонь,8.33,1449.6,0.574641,,
2014,263,Bulgan,Булган,5,Goat,Ямаа,4.96,859.8,0.576878,,
2014,264,Bayankhongor,Баянхонгор,0,Total,Бүгд,45.746,2987.1,1.531452,,
2014,264,Bayankhongor,Баянхонгор,1,Horse,Адуу,0.868,108,0.803704,,
2014,264,Bayankhongor,Баянхонгор,2,Cattle,Үхэр,1.746,145.7,1.198353,,
2014,264,Bayankhongor,Баянхонгор,3,Camel,Тэмээ,0.177,37.2,0.475806,,
2014,264,Bayankhongor,Баянхонгор,4,Sheep,Хонь,14.028,835.4,1.679196,,
2014,264,Bayankhongor,Баянхонгор,5,Goat,Ямаа,28.927,1860.7,1.55463,,
2014,265,Arkhangai,Архангай,0,Total,Бүгд,94.084,3772.3,2.494075,,
2014,265,Arkhangai,Архангай,1,Horse,Адуу,9.064,268.2,3.379567,,
2014,265,Arkhangai,Архангай,2,Cattle,Үхэр,11.291,427.2,2.643024,,
2014,265,Arkhangai,Архангай,3,Camel,Тэмээ,0.002,1.1,0.181818,,
2014,265,Arkhangai,Архангай,4,Sheep,Хонь,41.49,1944.1,2.134149,,
2014,265,Arkhangai,Архангай,5,Goat,Ямаа,32.237,1131.8,2.848295,,
2014,267,Khuvsgul,Хөвсгөл,0,Total,Бүгд,27.002,3609.2,0.748144,,
2014,267,Khuvsgul,Хөвсгөл,1,Horse,Адуу,1.518,165.5,0.917221,,
2014,267,Khuvsgul,Хөвсгөл,2,Cattle,Үхэр,3.774,316.8,1.191288,,
2014,267,Khuvsgul,Хөвсгөл,3,Camel,Тэмээ,0.025,1.9,1.315789,,
2014,267,Khuvsgul,Хөвсгөл,4,Sheep,Хонь,11.64,1722.8,0.675644,,
2014,267,Khuvsgul,Хөвсгөл,5,Goat,Ямаа,10.045,1402.1,0.716425,,
2014,341,Tuv,Төв,0,Total,Бүгд,21.259,3573,0.59499,,
2014,341,Tuv,Төв,1,Horse,Адуу,1.831,283.6,0.645628,,
2014,341,Tuv,Төв,2,Cattle,Үхэр,2.016,239.4,0.842105,,
2014,341,Tuv,Төв,3,Camel,Тэмээ,0.017,2.7,0.62963,,
2014,341,Tuv,Төв,4,Sheep,Хонь,8.98,1815.9,0.494521,,
2014,341,Tuv,Төв,5,Goat,Ямаа,8.415,1231.3,0.683424,,
2014,342,Govisumber,Говьсүмбэр,0,Total,Бүгд,1.642,272.8,0.601906,,
2014,342,Govisumber,Говьсүмбэр,1,Horse,Адуу,0.049,12.1,0.404959,,
2014,342,Govisumber,Говьсүмбэр,2,Cattle,Үхэр,0.07,7.7,0.909091,,
2014,342,Govisumber,Говьсүмбэр,3,Camel,Тэмээ,0.038,0.8,4.75,,
2014,342,Govisumber,Говьсүмбэр,4,Sheep,Хонь,0.595,121,0.491736,,
2014,342,Govisumber,Говьсүмбэр,5,Goat,Ямаа,0.89,131.2,0.678354,,
2014,343,Selenge,Сэлэнгэ,0,Total,Бүгд,2.995,1314.2,0.227895,,
2014,343,Selenge,Сэлэнгэ,1,Horse,Адуу,0.358,71.5,0.500699,,
2014,343,Selenge,Сэлэнгэ,2,Cattle,Үхэр,0.541,171.5,0.315452,,
2014,343,Selenge,Сэлэнгэ,3,Camel,Тэмээ,0.008,0.5,1.6,,
2014,343,Selenge,Сэлэнгэ,4,Sheep,Хонь,1.133,624.2,0.181512,,
2014,343,Selenge,Сэлэнгэ,5,Goat,Ямаа,0.955,446.6,0.213838,,
2014,344,Dornogovi,Дорноговь,0,Total,Бүгд,7.327,1516.4,0.483184,,
2014,344,Dornogovi,Дорноговь,1,Horse,Адуу,0.379,107,0.354206,,
2014,344,Dornogovi,Дорноговь,2,Cattle,Үхэр,1.205,59.4,2.02862,,
2014,344,Dornogovi,Дорноговь,3,Camel,Тэмээ,0.206,32.9,0.62614,,
2014,344,Dornogovi,Дорноговь,4,Sheep,Хонь,2.533,611.9,0.413957,,
2014,344,Dornogovi,Дорноговь,5,Goat,Ямаа,3.004,705.2,0.425978,,
2014,345,Darkhan-Uul,Дархан-Уул,0,Total,Бүгд,1.645,279.1,0.589394,,
2014,345,Darkhan-Uul,Дархан-Уул,1,Horse,Адуу,0.096,12.8,0.75,,
2014,345,Darkhan-Uul,Дархан-Уул,2,Cattle,Үхэр,0.204,39.2,0.520408,,
2014,345,Darkhan-Uul,Дархан-Уул,3,Camel,Тэмээ,0.021,0.2,10.5,,
2014,345,Darkhan-Uul,Дархан-Уул,4,Sheep,Хонь,0.93,144.9,0.641822,,
2014,345,Darkhan-Uul,Дархан-Уул,5,Goat,Ямаа,0.394,81.9,0.481074,,
2014,346,Umnugovi,Өмнөговь,0,Total,Бүгд,11.128,1653.3,0.673078,,
2014,346,Umnugovi,Өмнөговь,1,Horse,Адуу,0.402,58.2,0.690722,,
2014,346,Umnugovi,Өмнөговь,2,Cattle,Үхэр,0.09,13.4,0.671642,,
2014,346,Umnugovi,Өмнөговь,3,Camel,Тэмээ,0.354,103.1,0.343356,,
2014,346,Umnugovi,Өмнөговь,4,Sheep,Хонь,2.406,350.8,0.685861,,
2014,346,Umnugovi,Өмнөговь,5,Goat,Ямаа,7.876,1127.8,0.698351,,
2014,348,Dundgovi,Дундговь,0,Total,Бүгд,1.822,1996.3,0.091269,,
2014,348,Dundgovi,Дундговь,1,Horse,Адуу,0.06,85,0.070588,,
2014,348,Dundgovi,Дундговь,2,Cattle,Үхэр,0.117,35.6,0.328652,,
2014,348,Dundgovi,Дундговь,3,Camel,Тэмээ,0.024,24.9,0.096386,,
2014,348,Dundgovi,Дундговь,4,Sheep,Хонь,0.869,922.3,0.094221,,
2014,348,Dundgovi,Дундговь,5,Goat,Ямаа,0.752,928.4,0.081,,
2014,421,Dornod,Дорнод,0,Total,Бүгд,8.792,1220.1,0.720597,,
2014,421,Dornod,Дорнод,1,Horse,Адуу,0.548,160.9,0.340584,,
2014,421,Dornod,Дорнод,2,Cattle,Үхэр,0.873,124.7,0.70008,,
2014,421,Dornod,Дорнод,3,Camel,Тэмээ,0.055,4.7,1.170213,,
2014,421,Dornod,Дорнод,4,Sheep,Хонь,4.293,593,0.723946,,
2014,421,Dornod,Дорнод,5,Goat,Ямаа,3.023,336.8,0.897565,,
2014,422,Sukhbaatar,Сүхбаатар,0,Total,Бүгд,10.779,2491.4,0.432648,,
2014,422,Sukhbaatar,Сүхбаатар,1,Horse,Адуу,0.437,203.1,0.215165,,
2014,422,Sukhbaatar,Сүхбаатар,2,Cattle,Үхэр,2.87,172,1.668605,,
2014,422,Sukhbaatar,Сүхбаатар,3,Camel,Тэмээ,0.039,8.9,0.438202,,
2014,422,Sukhbaatar,Сүхбаатар,4,Sheep,Хонь,3.574,1216.6,0.29377,,
2014,422,Sukhbaatar,Сүхбаатар,5,Goat,Ямаа,3.859,890.8,0.433206,,
2014,423,Khentii,Хэнтий,0,Total,Бүгд,32.268,2875.3,1.122248,,
2014,423,Khentii,Хэнтий,1,Horse,Адуу,1.691,195.6,0.864519,,
2014,423,Khentii,Хэнтий,2,Cattle,Үхэр,2.64,207.2,1.274131,,
2014,423,Khentii,Хэнтий,3,Camel,Тэмээ,0.031,3.6,0.861111,,
2014,423,Khentii,Хэнтий,4,Sheep,Хонь,15.07,1408.7,1.069781,,
2014,423,Khentii,Хэнтий,5,Goat,Ямаа,12.836,1060.2,1.210715,,
2014,511,Ulaanbaatar,Улаанбаатар,0,Total,Бүгд,2.128,329.1,0.646612,,
2014,511,Ulaanbaatar,Улаанбаатар,1,Horse,Адуу,0.139,30.2,0.460265,,
2014,511,Ulaanbaatar,Улаанбаатар,2,Cattle,Үхэр,0.433,64.6,0.670279,,
2014,511,Ulaanbaatar,Улаанбаатар,3,Camel,Тэмээ,0.001,0.1,1.0,,
2014,511,Ulaanbaatar,Улаанбаатар,4,Sheep,Хонь,0.722,134.6,0.536404,,
2014,511,Ulaanbaatar,Улаанбаатар,5,Goat,Ямаа,0.833,99.5,0.837186,,
2015,0,Total,Улсын дүн,0,Total,Бүгд,625.603,51982.409,1.20349,,
2015,0,Total,Улсын дүн,1,Horse,Адуу,31.164,2995.752,1.040273,,
2015,0,Total,Улсын дүн,2,Cattle,Үхэр,41.191,3413.818,1.206596,,
2015,0,Total,Улсын дүн,3,Camel,Тэмээ,1.858,349.299,0.531923,,
2015,0,Total,Улсын дүн,4,Sheep,Хонь,269.588,23214.704,1.161281,,
2015,0,Total,Улсын дүн,5,Goat,Ямаа,281.802,22008.836,1.280404,,
2015,181,Zavkhan,Завхан,0,Total,Бүгд,33.634,2895.886,1.161441,,
2015,181,Zavkhan,Завхан,1,Horse,Адуу,1.095,147.4,0.742877,,
2015,181,Zavkhan,Завхан,2,Cattle,Үхэр,0.89,138.892,0.640786,,
2015,181,Zavkhan,Завхан,3,Camel,Тэмээ,0.031,6.558,0.472705,,
2015,181,Zavkhan,Завхан,4,Sheep,Хонь,22.249,1464.423,1.519301,,
2015,181,Zavkhan,Завхан,5,Goat,Ямаа,9.369,1138.613,0.822843,,
2015,182,Govi-Altai,Говь-Алтай,0,Total,Бүгд,16.223,2578.123,0.629256,,
2015,182,Govi-Altai,Говь-Алтай,1,Horse,Адуу,0.516,76.749,0.672321,,
2015,182,Govi-Altai,Говь-Алтай,2,Cattle,Үхэр,0.488,49.351,0.988835,,
2015,182,Govi-Altai,Говь-Алтай,3,Camel,Тэмээ,0.246,32.76,0.750916,,
2015,182,Govi-Altai,Говь-Алтай,4,Sheep,Хонь,4.764,798.248,0.596807,,
2015,182,Govi-Altai,Говь-Алтай,5,Goat,Ямаа,10.209,1621.015,0.629791,,
2015,183,Bayan-Ulgii,Баян-Өлгий,0,Total,Бүгд,5.519,1883.61,0.293001,,
2015,183,Bayan-Ulgii,Баян-Өлгий,1,Horse,Адуу,0.44,69.562,0.632529,,
2015,183,Bayan-Ulgii,Баян-Өлгий,2,Cattle,Үхэр,0.735,127.443,0.576728,,
2015,183,Bayan-Ulgii,Баян-Өлгий,3,Camel,Тэмээ,0.035,4.671,0.749304,,
2015,183,Bayan-Ulgii,Баян-Өлгий,4,Sheep,Хонь,1.808,799.861,0.226039,,
2015,183,Bayan-Ulgii,Баян-Өлгий,5,Goat,Ямаа,2.501,882.073,0.283537,,
2015,184,Khovd,Ховд,0,Total,Бүгд,17.242,2625.577,0.656694,,
2015,184,Khovd,Ховд,1,Horse,Адуу,1.083,96.261,1.125066,,
2015,184,Khovd,Ховд,2,Cattle,Үхэр,1.329,138.155,0.961963,,
2015,184,Khovd,Ховд,3,Camel,Тэмээ,0.141,20.628,0.683537,,
2015,184,Khovd,Ховд,4,Sheep,Хонь,6.301,995.053,0.633233,,
2015,184,Khovd,Ховд,5,Goat,Ямаа,8.388,1375.48,0.609823,,
2015,185,Uvs,Увс,0,Total,Бүгд,17.965,2561.315,0.701398,,
2015,185,Uvs,Увс,1,Horse,Адуу,0.852,88.408,0.963714,,
2015,185,Uvs,Увс,2,Cattle,Үхэр,1.607,145.44,1.104923,,
2015,185,Uvs,Увс,3,Camel,Тэмээ,0.114,19.511,0.584286,,
2015,185,Uvs,Увс,4,Sheep,Хонь,7.758,1260.522,0.615459,,
2015,185,Uvs,Увс,5,Goat,Ямаа,7.634,1047.434,0.728829,,
2015,261,Orkhon,Орхон,0,Total,Бүгд,0.827,123.202,0.671255,,
2015,261,Orkhon,Орхон,1,Horse,Адуу,0.074,9.127,0.810781,,
2015,261,Orkhon,Орхон,2,Cattle,Үхэр,0.208,18.177,1.144303,,
2015,261,Orkhon,Орхон,3,Camel,Тэмээ,0,0.061,0.0,,
2015,261,Orkhon,Орхон,4,Sheep,Хонь,0.258,51.233,0.503582,,
2015,261,Orkhon,Орхон,5,Goat,Ямаа,0.287,44.604,0.64344,,
2015,262,Uvurkhangai,Өвөрхангай,0,Total,Бүгд,64.646,4111.515,1.572316,,
2015,262,Uvurkhangai,Өвөрхангай,1,Horse,Адуу,2.831,246.943,1.146418,,
2015,262,Uvurkhangai,Өвөрхангай,2,Cattle,Үхэр,1.477,183.259,0.805963,,
2015,262,Uvurkhangai,Өвөрхангай,3,Camel,Тэмээ,0.185,21.97,0.842057,,
2015,262,Uvurkhangai,Өвөрхангай,4,Sheep,Хонь,25.521,1821.056,1.40144,,
2015,262,Uvurkhangai,Өвөрхангай,5,Goat,Ямаа,34.632,1838.287,1.883928,,
2015,263,Bulgan,Булган,0,Total,Бүгд,72.482,3132.786,2.313659,,
2015,263,Bulgan,Булган,1,Horse,Адуу,4.502,253.352,1.776974,,
2015,263,Bulgan,Булган,2,Cattle,Үхэр,4.076,259.264,1.572143,,
2015,263,Bulgan,Булган,3,Camel,Тэмээ,0.008,1.24,0.645161,,
2015,263,Bulgan,Булган,4,Sheep,Хонь,37.941,1648.781,2.301155,,
2015,263,Bulgan,Булган,5,Goat,Ямаа,25.955,970.149,2.675362,,
2015,264,Bayankhongor,Баянхонгор,0,Total,Бүгд,63.218,3465.864,1.824018,,
2015,264,Bayankhongor,Баянхонгор,1,Horse,Адуу,1.186,126.311,0.938952,,
2015,264,Bayankhongor,Баянхонгор,2,Cattle,Үхэр,2.338,170.767,1.369117,,
2015,264,Bayankhongor,Баянхонгор,3,Camel,Тэмээ,0.144,41.668,0.345589,,
2015,264,Bayankhongor,Баянхонгор,4,Sheep,Хонь,11.125,989.016,1.124855,,
2015,264,Bayankhongor,Баянхонгор,5,Goat,Ямаа,48.425,2138.102,2.264859,,
2015,265,Arkhangai,Архангай,0,Total,Бүгд,100.341,4293.042,2.337294,,
2015,265,Arkhangai,Архангай,1,Horse,Адуу,6.627,303.929,2.180443,,
2015,265,Arkhangai,Архангай,2,Cattle,Үхэр,10.511,502.536,2.091591,,
2015,265,Arkhangai,Архангай,3,Camel,Тэмээ,0.002,1.205,0.165975,,
2015,265,Arkhangai,Архангай,4,Sheep,Хонь,52.35,2229.418,2.348146,,
2015,265,Arkhangai,Архангай,5,Goat,Ямаа,30.851,1255.954,2.45638,,
2015,267,Khuvsgul,Хөвсгөл,0,Total,Бүгд,54.818,4157.223,1.318621,,
2015,267,Khuvsgul,Хөвсгөл,1,Horse,Адуу,2.693,183.343,1.468832,,
2015,267,Khuvsgul,Хөвсгөл,2,Cattle,Үхэр,4.41,355.375,1.240943,,
2015,267,Khuvsgul,Хөвсгөл,3,Camel,Тэмээ,0.021,1.945,1.079692,,
2015,267,Khuvsgul,Хөвсгөл,4,Sheep,Хонь,24.428,1997.118,1.223163,,
2015,267,Khuvsgul,Хөвсгөл,5,Goat,Ямаа,23.266,1619.442,1.436668,,
2015,341,Tuv,Төв,0,Total,Бүгд,61.33,4181.51,1.466695,,
2015,341,Tuv,Төв,1,Horse,Адуу,2.962,330.971,0.894942,,
2015,341,Tuv,Төв,2,Cattle,Үхэр,4.721,289.364,1.631509,,
2015,341,Tuv,Төв,3,Camel,Тэмээ,0.028,2.912,0.961538,,
2015,341,Tuv,Төв,4,Sheep,Хонь,29.014,2125.718,1.364904,,
2015,341,Tuv,Төв,5,Goat,Ямаа,24.605,1432.545,1.717573,,
2015,342,Govisumber,Говьсүмбэр,0,Total,Бүгд,1.987,339.438,0.585379,,
2015,342,Govisumber,Говьсүмбэр,1,Horse,Адуу,0.058,14.968,0.387493,,
2015,342,Govisumber,Говьсүмбэр,2,Cattle,Үхэр,0.077,10.358,0.743387,,
2015,342,Govisumber,Говьсүмбэр,3,Camel,Тэмээ,0.007,0.872,0.802752,,
2015,342,Govisumber,Говьсүмбэр,4,Sheep,Хонь,0.858,152.26,0.56351,,
2015,342,Govisumber,Говьсүмбэр,5,Goat,Ямаа,0.987,160.98,0.61312,,
2015,343,Selenge,Сэлэнгэ,0,Total,Бүгд,8.235,1471.684,0.559563,,
2015,343,Selenge,Сэлэнгэ,1,Horse,Адуу,0.459,79.762,0.575462,,
2015,343,Selenge,Сэлэнгэ,2,Cattle,Үхэр,1.765,196.59,0.897808,,
2015,343,Selenge,Сэлэнгэ,3,Camel,Тэмээ,0,0.506,0.0,,
2015,343,Selenge,Сэлэнгэ,4,Sheep,Хонь,3.308,698.895,0.473319,,
2015,343,Selenge,Сэлэнгэ,5,Goat,Ямаа,2.703,495.931,0.545035,,
2015,344,Dornogovi,Дорноговь,0,Total,Бүгд,14.447,1686.793,0.856477,,
2015,344,Dornogovi,Дорноговь,1,Horse,Адуу,0.489,120.832,0.404694,,
2015,344,Dornogovi,Дорноговь,2,Cattle,Үхэр,0.582,65.436,0.889419,,
2015,344,Dornogovi,Дорноговь,3,Camel,Тэмээ,0.228,34.792,0.655323,,
2015,344,Dornogovi,Дорноговь,4,Sheep,Хонь,5.439,690.742,0.787414,,
2015,344,Dornogovi,Дорноговь,5,Goat,Ямаа,7.709,774.991,0.994721,,
2015,345,Darkhan-Uul,Дархан-Уул,0,Total,Бүгд,3.724,324.241,1.148528,,
2015,345,Darkhan-Uul,Дархан-Уул,1,Horse,Адуу,0.141,14.173,0.994849,,
2015,345,Darkhan-Uul,Дархан-Уул,2,Cattle,Үхэр,0.62,46.601,1.330444,,
2015,345,Darkhan-Uul,Дархан-Уул,3,Camel,Тэмээ,0.002,0.089,2.247191,,
2015,345,Darkhan-Uul,Дархан-Уул,4,Sheep,Хонь,1.843,167.617,1.09953,,
2015,345,Darkhan-Uul,Дархан-Уул,5,Goat,Ямаа,1.118,95.761,1.16749,,
2015,346,Umnugovi,Өмнөговь,0,Total,Бүгд,17.326,1849.043,0.937025,,
2015,346,Umnugovi,Өмнөговь,1,Horse,Адуу,0.582,66.345,0.877233,,
2015,346,Umnugovi,Өмнөговь,2,Cattle,Үхэр,0.109,16.085,0.67765,,
2015,346,Umnugovi,Өмнөговь,3,Camel,Тэмээ,0.481,112.741,0.426642,,
2015,346,Umnugovi,Өмнөговь,4,Sheep,Хонь,2.677,397.6,0.67329,,
2015,346,Umnugovi,Өмнөговь,5,Goat,Ямаа,13.477,1256.272,1.072777,,
2015,348,Dundgovi,Дундговь,0,Total,Бүгд,3.8,2435.739,0.15601,,
2015,348,Dundgovi,Дундговь,1,Horse,Адуу,0.159,105.145,0.15122,,
2015,348,Dundgovi,Дундговь,2,Cattle,Үхэр,0.158,45.926,0.344032,,
2015,348,Dundgovi,Дундговь,3,Camel,Тэмээ,0.063,28.03,0.224759,,
2015,348,Dundgovi,Дундговь,4,Sheep,Хонь,1.382,1114.848,0.123963,,
2015,348,Dundgovi,Дундговь,5,Goat,Ямаа,2.038,1141.79,0.178492,,
2015,421,Dornod,Дорнод,0,Total,Бүгд,7.133,1393.447,0.511896,,
2015,421,Dornod,Дорнод,1,Horse,Адуу,0.574,176.507,0.3252,,
2015,421,Dornod,Дорнод,2,Cattle,Үхэр,0.666,142.503,0.467359,,
2015,421,Dornod,Дорнод,3,Camel,Тэмээ,0.025,4.635,0.539374,,
2015,421,Dornod,Дорнод,4,Sheep,Хонь,3.083,673.347,0.457862,,
2015,421,Dornod,Дорнод,5,Goat,Ямаа,2.785,396.455,0.702476,,
2015,422,Sukhbaatar,Сүхбаатар,0,Total,Бүгд,15.094,2818.181,0.535594,,
2015,422,Sukhbaatar,Сүхбаатар,1,Horse,Адуу,1.25,231.248,0.540545,,
2015,422,Sukhbaatar,Сүхбаатар,2,Cattle,Үхэр,0.985,195.893,0.502826,,
2015,422,Sukhbaatar,Сүхбаатар,3,Camel,Тэмээ,0.082,8.571,0.956715,,
2015,422,Sukhbaatar,Сүхбаатар,4,Sheep,Хонь,6.115,1380.781,0.442865,,
2015,422,Sukhbaatar,Сүхбаатар,5,Goat,Ямаа,6.662,1001.688,0.665077,,
2015,423,Khentii,Хэнтий,0,Total,Бүгд,42.874,3268.826,1.311602,,
2015,423,Khentii,Хэнтий,1,Horse,Адуу,2.35,220.552,1.065508,,
2015,423,Khentii,Хэнтий,2,Cattle,Үхэр,2.778,239.833,1.158306,,
2015,423,Khentii,Хэнтий,3,Camel,Тэмээ,0.015,3.78,0.396825,,
2015,423,Khentii,Хэнтий,4,Sheep,Хонь,20.497,1599.314,1.281612,,
2015,423,Khentii,Хэнтий,5,Goat,Ямаа,17.234,1205.347,1.429796,,
2015,511,Ulaanbaatar,Улаанбаатар,0,Total,Бүгд,2.738,385.364,0.710497,,
2015,511,Ulaanbaatar,Улаанбаатар,1,Horse,Адуу,0.241,33.864,0.71167,,
2015,511,Ulaanbaatar,Улаанбаатар,2,Cattle,Үхэр,0.661,76.57,0.863262,,
2015,511,Ulaanbaatar,Улаанбаатар,3,Camel,Тэмээ,0,0.154,0.0,,
2015,511,Ulaanbaatar,Улаанбаатар,4,Sheep,Хонь,0.869,158.853,0.547047,,
2015,511,Ulaanbaatar,Улаанбаатар,5,Goat,Ямаа,0.967,115.923,0.834174,,
2016,0,Total,Улсын дүн,0,Total,Бүгд,1452.148,55979.692,2.594062,,
2016,0,Total,Улсын дүн,1,Horse,Адуу,64.115,3295.334,1.94563,,
2016,0,Total,Улсын дүн,2,Cattle,Үхэр,136.715,3780.362,3.616453,,
2016,0,Total,Улсын дүн,3,Camel,Тэмээ,1.553,367.994,0.422018,,
2016,0,Total,Улсын дүн,4,Sheep,Хонь,551.567,24943.098,2.211301,,
2016,0,Total,Улсын дүн,5,Goat,Ямаа,698.198,23592.904,2.959356,,
2016,181,Zavkhan,Завхан,0,Total,Бүгд,131.224,3133.018,4.188422,,
2016,181,Zavkhan,Завхан,1,Horse,Адуу,2.61,163.112,1.600128,,
2016,181,Zavkhan,Завхан,2,Cattle,Үхэр,8.204,158.86,5.164296,,
2016,181,Zavkhan,Завхан,3,Camel,Тэмээ,0.018,6.72,0.267857,,
2016,181,Zavkhan,Завхан,4,Sheep,Хонь,56.217,1562.653,3.597536,,
2016,181,Zavkhan,Завхан,5,Goat,Ямаа,64.175,1241.673,5.16843,,
2016,182,Govi-Altai,Говь-Алтай,0,Total,Бүгд,35.131,2922.571,1.202058,,
2016,182,Govi-Altai,Говь-Алтай,1,Horse,Адуу,0.641,88.369,0.725367,,
2016,182,Govi-Altai,Говь-Алтай,2,Cattle,Үхэр,0.915,58.822,1.55554,,
2016,182,Govi-Altai,Говь-Алтай,3,Camel,Тэмээ,0.187,34.742,0.538253,,
2016,182,Govi-Altai,Говь-Алтай,4,Sheep,Хонь,8.28,909.312,0.910579,,
2016,182,Govi-Altai,Говь-Алтай,5,Goat,Ямаа,25.108,1831.326,1.371028,,
2016,183,Bayan-Ulgii,Баян-Өлгий,0,Total,Бүгд,30.853,2021.046,1.526586,,
2016,183,Bayan-Ulgii,Баян-Өлгий,1,Horse,Адуу,1.338,77.291,1.73112,,
2016,183,Bayan-Ulgii,Баян-Өлгий,2,Cattle,Үхэр,3.167,144.761,2.187744,,
2016,183,Bayan-Ulgii,Баян-Өлгий,3,Camel,Тэмээ,0.055,4.717,1.165995,,
2016,183,Bayan-Ulgii,Баян-Өлгий,4,Sheep,Хонь,10.26,850.62,1.206179,,
2016,183,Bayan-Ulgii,Баян-Өлгий,5,Goat,Ямаа,16.033,943.657,1.699028,,
2016,184,Khovd,Ховд,0,Total,Бүгд,57.078,2905.441,1.964521,,
2016,184,Khovd,Ховд,1,Horse,Адуу,1.493,107.594,1.387624,,
2016,184,Khovd,Ховд,2,Cattle,Үхэр,2.017,156.096,1.292154,,
2016,184,Khovd,Ховд,3,Camel,Тэмээ,0.109,21.836,0.499176,,
2016,184,Khovd,Ховд,4,Sheep,Хонь,16.225,1098.929,1.476438,,
2016,184,Khovd,Ховд,5,Goat,Ямаа,37.234,1520.986,2.448017,,
2016,185,Uvs,Увс,0,Total,Бүгд,198.052,2729.106,7.257028,,
2016,185,Uvs,Увс,1,Horse,Адуу,3.665,98.036,3.738423,,
2016,185,Uvs,Увс,2,Cattle,Үхэр,10.558,156.818,6.732645,,
2016,185,Uvs,Увс,3,Camel,Тэмээ,0.221,20.538,1.076054,,
2016,185,Uvs,Увс,4,Sheep,Хонь,86.991,1337.011,6.506379,,
2016,185,Uvs,Увс,5,Goat,Ямаа,96.617,1116.703,8.651987,,
2016,261,Orkhon,Орхон,0,Total,Бүгд,0.528,119.75,0.440919,,
2016,261,Orkhon,Орхон,1,Horse,Адуу,0.079,9.127,0.865564,,
2016,261,Orkhon,Орхон,2,Cattle,Үхэр,0.148,19.188,0.771315,,
2016,261,Orkhon,Орхон,3,Camel,Тэмээ,0,0.021,0.0,,
2016,261,Orkhon,Орхон,4,Sheep,Хонь,0.182,48.11,0.3783,,
2016,261,Orkhon,Орхон,5,Goat,Ямаа,0.119,43.304,0.274801,,
2016,262,Uvurkhangai,Өвөрхангай,0,Total,Бүгд,37.833,4510.986,0.838686,,
2016,262,Uvurkhangai,Өвөрхангай,1,Horse,Адуу,2.004,280.197,0.715211,,
2016,262,Uvurkhangai,Өвөрхангай,2,Cattle,Үхэр,1.61,217.599,0.739893,,
2016,262,Uvurkhangai,Өвөрхангай,3,Camel,Тэмээ,0.017,23.128,0.073504,,
2016,262,Uvurkhangai,Өвөрхангай,4,Sheep,Хонь,15.305,2021.762,0.757013,,
2016,262,Uvurkhangai,Өвөрхангай,5,Goat,Ямаа,18.897,1968.3,0.960067,,
2016,263,Bulgan,Булган,0,Total,Бүгд,58.212,3223.822,1.805683,,
2016,263,Bulgan,Булган,1,Horse,Адуу,5.24,264.274,1.982791,,
2016,263,Bulgan,Булган,2,Cattle,Үхэр,6.87,281.576,2.439839,,
2016,263,Bulgan,Булган,3,Camel,Тэмээ,0.006,1.22,0.491803,,
2016,263,Bulgan,Булган,4,Sheep,Хонь,26.603,1697.841,1.566872,,
2016,263,Bulgan,Булган,5,Goat,Ямаа,19.493,978.911,1.991294,,
2016,264,Bayankhongor,Баянхонгор,0,Total,Бүгд,120.508,3771.867,3.194916,,
2016,264,Bayankhongor,Баянхонгор,1,Horse,Адуу,2.13,141.338,1.507026,,
2016,264,Bayankhongor,Баянхонгор,2,Cattle,Үхэр,8.625,189.019,4.563033,,
2016,264,Bayankhongor,Баянхонгор,3,Camel,Тэмээ,0.147,44.496,0.330367,,
2016,264,Bayankhongor,Баянхонгор,4,Sheep,Хонь,33.501,1082.565,3.094595,,
2016,264,Bayankhongor,Баянхонгор,5,Goat,Ямаа,76.105,2314.449,3.288256,,
2016,265,Arkhangai,Архангай,0,Total,Бүгд,147.394,4456.993,3.307028,,
2016,265,Arkhangai,Архангай,1,Horse,Адуу,8.32,324.152,2.566697,,
2016,265,Arkhangai,Архангай,2,Cattle,Үхэр,42.645,544.199,7.836288,,
2016,265,Arkhangai,Архангай,3,Camel,Тэмээ,0.01,1.079,0.926784,,
2016,265,Arkhangai,Архангай,4,Sheep,Хонь,61.986,2316.992,2.675279,,
2016,265,Arkhangai,Архангай,5,Goat,Ямаа,34.433,1270.571,2.710041,,
2016,267,Khuvsgul,Хөвсгөл,0,Total,Бүгд,42.604,4398.064,0.968699,,
2016,267,Khuvsgul,Хөвсгөл,1,Horse,Адуу,2.104,195.671,1.075274,,
2016,267,Khuvsgul,Хөвсгөл,2,Cattle,Үхэр,5.774,392.028,1.472854,,
2016,267,Khuvsgul,Хөвсгөл,3,Camel,Тэмээ,0.024,1.995,1.203008,,
2016,267,Khuvsgul,Хөвсгөл,4,Sheep,Хонь,17.814,2123.735,0.838805,,
2016,267,Khuvsgul,Хөвсгөл,5,Goat,Ямаа,16.888,1684.635,1.002472,,
2016,341,Tuv,Төв,0,Total,Бүгд,121.633,4458.608,2.728049,,
2016,341,Tuv,Төв,1,Horse,Адуу,8.651,360.803,2.397707,,
2016,341,Tuv,Төв,2,Cattle,Үхэр,13.085,316.071,4.139893,,
2016,341,Tuv,Төв,3,Camel,Тэмээ,0.032,3.133,1.021385,,
2016,341,Tuv,Төв,4,Sheep,Хонь,49.549,2271.185,2.181636,,
2016,341,Tuv,Төв,5,Goat,Ямаа,50.316,1507.416,3.337897,,
2016,342,Govisumber,Говьсүмбэр,0,Total,Бүгд,14.686,379.477,3.870063,,
2016,342,Govisumber,Говьсүмбэр,1,Horse,Адуу,0.397,18.149,2.187448,,
2016,342,Govisumber,Говьсүмбэр,2,Cattle,Үхэр,0.505,12.39,4.075868,,
2016,342,Govisumber,Говьсүмбэр,3,Camel,Тэмээ,0.006,0.869,0.690449,,
2016,342,Govisumber,Говьсүмбэр,4,Sheep,Хонь,5.078,169.09,3.003134,,
2016,342,Govisumber,Говьсүмбэр,5,Goat,Ямаа,8.7,178.979,4.860905,,
2016,343,Selenge,Сэлэнгэ,0,Total,Бүгд,3.347,1458.74,0.229445,,
2016,343,Selenge,Сэлэнгэ,1,Horse,Адуу,0.28,82.183,0.340703,,
2016,343,Selenge,Сэлэнгэ,2,Cattle,Үхэр,0.761,207.834,0.366158,,
2016,343,Selenge,Сэлэнгэ,3,Camel,Тэмээ,0.002,0.484,0.413223,,
2016,343,Selenge,Сэлэнгэ,4,Sheep,Хонь,1.269,686.921,0.184737,,
2016,343,Selenge,Сэлэнгэ,5,Goat,Ямаа,1.035,481.318,0.215035,,
2016,344,Dornogovi,Дорноговь,0,Total,Бүгд,117.989,1801.178,6.550657,,
2016,344,Dornogovi,Дорноговь,1,Horse,Адуу,11.334,131.591,8.613051,,
2016,344,Dornogovi,Дорноговь,2,Cattle,Үхэр,7.424,69.877,10.624383,,
2016,344,Dornogovi,Дорноговь,3,Camel,Тэмээ,0.308,36.082,0.853611,,
2016,344,Dornogovi,Дорноговь,4,Sheep,Хонь,38.635,751.388,5.141818,,
2016,344,Dornogovi,Дорноговь,5,Goat,Ямаа,60.288,812.24,7.422437,,
2016,345,Darkhan-Uul,Дархан-Уул,0,Total,Бүгд,1.617,288.363,0.560752,,
2016,345,Darkhan-Uul,Дархан-Уул,1,Horse,Адуу,0.089,14.726,0.604373,,
2016,345,Darkhan-Uul,Дархан-Уул,2,Cattle,Үхэр,0.34,46.933,0.724437,,
2016,345,Darkhan-Uul,Дархан-Уул,3,Camel,Тэмээ,0.005,0.073,6.849315,,
2016,345,Darkhan-Uul,Дархан-Уул,4,Sheep,Хонь,0.825,143.597,0.574525,,
2016,345,Darkhan-Uul,Дархан-Уул,5,Goat,Ямаа,0.358,83.034,0.431149,,
2016,346,Umnugovi,Өмнөговь,0,Total,Бүгд,10.089,2055.765,0.490766,,
2016,346,Umnugovi,Өмнөговь,1,Horse,Адуу,0.228,74.17,0.307402,,
2016,346,Umnugovi,Өмнөговь,2,Cattle,Үхэр,0.129,18.653,0.691578,,
2016,346,Umnugovi,Өмнөговь,3,Camel,Тэмээ,0.244,118.584,0.205761,,
2016,346,Umnugovi,Өмнөговь,4,Sheep,Хонь,2.31,447.008,0.516769,,
2016,346,Umnugovi,Өмнөговь,5,Goat,Ямаа,7.178,1397.35,0.513687,,
2016,348,Dundgovi,Дундговь,0,Total,Бүгд,69.724,2764.372,2.522237,,
2016,348,Dundgovi,Дундговь,1,Horse,Адуу,2.425,123.694,1.960483,,
2016,348,Dundgovi,Дундговь,2,Cattle,Үхэр,2.078,54.948,3.781757,,
2016,348,Dundgovi,Дундговь,3,Camel,Тэмээ,0.056,30.779,0.181942,,
2016,348,Dundgovi,Дундговь,4,Sheep,Хонь,20.67,1266.234,1.6324,,
2016,348,Dundgovi,Дундговь,5,Goat,Ямаа,44.495,1288.717,3.452659,,
2016,421,Dornod,Дорнод,0,Total,Бүгд,13.615,1555.425,0.875323,,
2016,421,Dornod,Дорнод,1,Horse,Адуу,0.457,196.537,0.232526,,
2016,421,Dornod,Дорнод,2,Cattle,Үхэр,1.293,163.65,0.790101,,
2016,421,Dornod,Дорнод,3,Camel,Тэмээ,0.012,4.908,0.244499,,
2016,421,Dornod,Дорнод,4,Sheep,Хонь,5.972,745.322,0.801264,,
2016,421,Dornod,Дорнод,5,Goat,Ямаа,5.881,445.008,1.321549,,
2016,422,Sukhbaatar,Сүхбаатар,0,Total,Бүгд,185.646,3070.254,6.046601,,
2016,422,Sukhbaatar,Сүхбаатар,1,Horse,Адуу,8.554,259.59,3.295196,,
2016,422,Sukhbaatar,Сүхбаатар,2,Cattle,Үхэр,15.201,214.478,7.08744,,
2016,422,Sukhbaatar,Сүхбаатар,3,Camel,Тэмээ,0.071,8.309,0.854495,,
2016,422,Sukhbaatar,Сүхбаатар,4,Sheep,Хонь,69.746,1511.835,4.613334,,
2016,422,Sukhbaatar,Сүхбаатар,5,Goat,Ямаа,92.074,1076.042,8.556729,,
2016,423,Khentii,Хэнтий,0,Total,Бүгд,47.972,3551.191,1.350871,,
2016,423,Khentii,Хэнтий,1,Horse,Адуу,1.755,247.995,0.707676,,
2016,423,Khentii,Хэнтий,2,Cattle,Үхэр,3.492,270.556,1.290675,,
2016,423,Khentii,Хэнтий,3,Camel,Тэмээ,0.023,4.048,0.568182,,
2016,423,Khentii,Хэнтий,4,Sheep,Хонь,21.62,1738.666,1.243482,,
2016,423,Khentii,Хэнтий,5,Goat,Ямаа,21.082,1289.926,1.634357,,
2016,511,Ulaanbaatar,Улаанбаатар,0,Total,Бүгд,6.413,403.655,1.588733,,
2016,511,Ulaanbaatar,Улаанбаатар,1,Horse,Адуу,0.321,36.735,0.873826,,
2016,511,Ulaanbaatar,Улаанбаатар,2,Cattle,Үхэр,1.874,86.006,2.178918,,
2016,511,Ulaanbaatar,Улаанбаатар,3,Camel,Тэмээ,0,0.233,0.0,,
2016,511,Ulaanbaatar,Улаанбаатар,4,Sheep,Хонь,2.529,162.322,1.558014,,
2016,511,Ulaanbaatar,Улаанбаатар,5,Goat,Ямаа,1.689,118.359,1.427014,,
2017,0,Total,Улсын дүн,0,Total,Бүгд,888.014,61549.236,1.44277,,
2017,0,Total,Улсын дүн,1,Horse,Адуу,43.856,3635.489,1.20633,,
2017,0,Total,Улсын дүн,2,Cattle,Үхэр,94.408,4080.936,2.313391,,
2017,0,Total,Улсын дүн,3,Camel,Тэмээ,1.066,401.347,0.265606,,
2017,0,Total,Улсын дүн,4,Sheep,Хонь,407.58,27856.603,1.463136,,
2017,0,Total,Улсын дүн,5,Goat,Ямаа,341.104,25574.861,1.333747,,
2017,181,Zavkhan,Завхан,0,Total,Бүгд,40.599,3406.207,1.191912,,
2017,181,Zavkhan,Завхан,1,Horse,Адуу,1.679,186.18,0.901815,,
2017,181,Zavkhan,Завхан,2,Cattle,Үхэр,2.697,172.359,1.564757,,
2017,181,Zavkhan,Завхан,3,Camel,Тэмээ,0.01,6.924,0.144425,,
2017,181,Zavkhan,Завхан,4,Sheep,Хонь,20.871,1730.203,1.206275,,
2017,181,Zavkhan,Завхан,5,Goat,Ямаа,15.342,1310.541,1.170662,,
2017,182,Govi-Altai,Говь-Алтай,0,Total,Бүгд,10.9,3497.492,0.311652,,
2017,182,Govi-Altai,Говь-Алтай,1,Horse,Адуу,0.311,106.843,0.291081,,
2017,182,Govi-Altai,Говь-Алтай,2,Cattle,Үхэр,0.286,71.058,0.402488,,
2017,182,Govi-Altai,Говь-Алтай,3,Camel,Тэмээ,0.087,38.54,0.225739,,
2017,182,Govi-Altai,Говь-Алтай,4,Sheep,Хонь,3.279,1107.114,0.296175,,
2017,182,Govi-Altai,Говь-Алтай,5,Goat,Ямаа,6.937,2173.937,0.319098,,
2017,183,Bayan-Ulgii,Баян-Өлгий,0,Total,Бүгд,17.8,2167.351,0.821279,,
2017,183,Bayan-Ulgii,Баян-Өлгий,1,Horse,Адуу,0.8,85.779,0.932629,,
2017,183,Bayan-Ulgii,Баян-Өлгий,2,Cattle,Үхэр,1.718,155.615,1.104007,,
2017,183,Bayan-Ulgii,Баян-Өлгий,3,Camel,Тэмээ,0.034,4.933,0.689236,,
2017,183,Bayan-Ulgii,Баян-Өлгий,4,Sheep,Хонь,4.594,937.71,0.489917,,
2017,183,Bayan-Ulgii,Баян-Өлгий,5,Goat,Ямаа,10.654,983.314,1.083479,,
2017,184,Khovd,Ховд,0,Total,Бүгд,30.323,3280.64,0.924301,,
2017,184,Khovd,Ховд,1,Horse,Адуу,1.345,122.693,1.096232,,
2017,184,Khovd,Ховд,2,Cattle,Үхэр,2.147,182.142,1.178751,,
2017,184,Khovd,Ховд,3,Camel,Тэмээ,0.155,23.906,0.648373,,
2017,184,Khovd,Ховд,4,Sheep,Хонь,10.888,1266.041,0.860004,,
2017,184,Khovd,Ховд,5,Goat,Ямаа,15.788,1685.858,0.936496,,
2017,185,Uvs,Увс,0,Total,Бүгд,30.578,2784.14,1.098292,,
2017,185,Uvs,Увс,1,Horse,Адуу,1.178,105.671,1.114781,,
2017,185,Uvs,Увс,2,Cattle,Үхэр,2.502,161.046,1.553593,,
2017,185,Uvs,Увс,3,Camel,Тэмээ,0.117,21.909,0.534027,,
2017,185,Uvs,Увс,4,Sheep,Хонь,13.612,1376.483,0.988897,,
2017,185,Uvs,Увс,5,Goat,Ямаа,13.169,1119.031,1.176822,,
2017,261,Orkhon,Орхон,0,Total,Бүгд,5.396,134.204,4.020745,,
2017,261,Orkhon,Орхон,1,Horse,Адуу,0.287,11.335,2.531981,,
2017,261,Orkhon,Орхон,2,Cattle,Үхэр,0.807,21.603,3.735592,,
2017,261,Orkhon,Орхон,3,Camel,Тэмээ,0,0.038,0.0,,
2017,261,Orkhon,Орхон,4,Sheep,Хонь,2.558,52.652,4.858315,,
2017,261,Orkhon,Орхон,5,Goat,Ямаа,1.744,48.576,3.59025,,
2017,262,Uvurkhangai,Өвөрхангай,0,Total,Бүгд,29.315,5208.582,0.562821,,
2017,262,Uvurkhangai,Өвөрхангай,1,Horse,Адуу,0.841,323.363,0.260079,,
2017,262,Uvurkhangai,Өвөрхангай,2,Cattle,Үхэр,0.862,259.939,0.331616,,
2017,262,Uvurkhangai,Өвөрхангай,3,Camel,Тэмээ,0.054,26.251,0.205706,,
2017,262,Uvurkhangai,Өвөрхангай,4,Sheep,Хонь,10.938,2378.488,0.459872,,
2017,262,Uvurkhangai,Өвөрхангай,5,Goat,Ямаа,16.62,2220.541,0.748466,,
2017,263,Bulgan,Булган,0,Total,Бүгд,85.437,3485.606,2.451138,,
2017,263,Bulgan,Булган,1,Horse,Адуу,9.015,274.269,3.286919,,
2017,263,Bulgan,Булган,2,Cattle,Үхэр,10.011,293.602,3.409718,,
2017,263,Bulgan,Булган,3,Camel,Тэмээ,0.008,1.305,0.613027,,
2017,263,Bulgan,Булган,4,Sheep,Хонь,41.14,1861.27,2.210319,,
2017,263,Bulgan,Булган,5,Goat,Ямаа,25.263,1055.16,2.394234,,
2017,264,Bayankhongor,Баянхонгор,0,Total,Бүгд,22.402,4236.321,0.528808,,
2017,264,Bayankhongor,Баянхонгор,1,Horse,Адуу,0.922,159.143,0.579353,,
2017,264,Bayankhongor,Баянхонгор,2,Cattle,Үхэр,2.342,213.809,1.09537,,
2017,264,Bayankhongor,Баянхонгор,3,Camel,Тэмээ,0.055,49.66,0.110753,,
2017,264,Bayankhongor,Баянхонгор,4,Sheep,Хонь,6.445,1244.588,0.517842,,
2017,264,Bayankhongor,Баянхонгор,5,Goat,Ямаа,12.638,2569.121,0.491919,,
2017,265,Arkhangai,Архангай,0,Total,Бүгд,129.47,5009.636,2.584419,,
2017,265,Arkhangai,Архангай,1,Horse,Адуу,7.581,356.839,2.124488,,
2017,265,Arkhangai,Архангай,2,Cattle,Үхэр,14.098,581.226,2.425563,,
2017,265,Arkhangai,Архангай,3,Camel,Тэмээ,0.006,1.247,0.481155,,
2017,265,Arkhangai,Архангай,4,Sheep,Хонь,65.422,2668.041,2.452061,,
2017,265,Arkhangai,Архангай,5,Goat,Ямаа,42.363,1402.283,3.021002,,
2017,267,Khuvsgul,Хөвсгөл,0,Total,Бүгд,200.261,5089.386,3.934875,,
2017,267,Khuvsgul,Хөвсгөл,1,Horse,Адуу,5.235,223.397,2.343362,,
2017,267,Khuvsgul,Хөвсгөл,2,Cattle,Үхэр,17.255,436.645,3.951723,,
2017,267,Khuvsgul,Хөвсгөл,3,Camel,Тэмээ,0.043,2.097,2.050548,,
2017,267,Khuvsgul,Хөвсгөл,4,Sheep,Хонь,99.831,2489.295,4.010413,,
2017,267,Khuvsgul,Хөвсгөл,5,Goat,Ямаа,77.897,1937.952,4.019553,,
2017,341,Tuv,Төв,0,Total,Бүгд,72.414,4705.866,1.538803,,
2017,341,Tuv,Төв,1,Horse,Адуу,6.334,382.598,1.655524,,
2017,341,Tuv,Төв,2,Cattle,Үхэр,8.73,326.23,2.676026,,
2017,341,Tuv,Төв,3,Camel,Тэмээ,0.027,3.394,0.795522,,
2017,341,Tuv,Төв,4,Sheep,Хонь,32.787,2442.388,1.342416,,
2017,341,Tuv,Төв,5,Goat,Ямаа,24.536,1551.256,1.581686,,
2017,342,Govisumber,Говьсүмбэр,0,Total,Бүгд,2.89,397.91,0.726295,,
2017,342,Govisumber,Говьсүмбэр,1,Horse,Адуу,0.111,20.25,0.548148,,
2017,342,Govisumber,Говьсүмбэр,2,Cattle,Үхэр,0.144,13.646,1.055254,,
2017,342,Govisumber,Говьсүмбэр,3,Camel,Тэмээ,0.003,0.822,0.364964,,
2017,342,Govisumber,Говьсүмбэр,4,Sheep,Хонь,1.095,185.883,0.58908,,
2017,342,Govisumber,Говьсүмбэр,5,Goat,Ямаа,1.537,177.309,0.866848,,
2017,343,Selenge,Сэлэнгэ,0,Total,Бүгд,69.61,1599.75,4.351305,,
2017,343,Selenge,Сэлэнгэ,1,Horse,Адуу,2.06,93.569,2.201584,,
2017,343,Selenge,Сэлэнгэ,2,Cattle,Үхэр,11.34,224.278,5.056225,,
2017,343,Selenge,Сэлэнгэ,3,Camel,Тэмээ,0.006,0.523,1.147228,,
2017,343,Selenge,Сэлэнгэ,4,Sheep,Хонь,34.46,749.338,4.598726,,
2017,343,Selenge,Сэлэнгэ,5,Goat,Ямаа,21.744,532.042,4.086895,,
2017,344,Dornogovi,Дорноговь,0,Total,Бүгд,5.637,1752.918,0.321578,,
2017,344,Dornogovi,Дорноговь,1,Horse,Адуу,0.251,118.65,0.211547,,
2017,344,Dornogovi,Дорноговь,2,Cattle,Үхэр,0.428,63.003,0.679333,,
2017,344,Dornogovi,Дорноговь,3,Camel,Тэмээ,0.157,37.718,0.416247,,
2017,344,Dornogovi,Дорноговь,4,Sheep,Хонь,2.918,758.379,0.384768,,
2017,344,Dornogovi,Дорноговь,5,Goat,Ямаа,1.883,775.168,0.242915,,
2017,345,Darkhan-Uul,Дархан-Уул,0,Total,Бүгд,19.075,324.163,5.884385,,
2017,345,Darkhan-Uul,Дархан-Уул,1,Horse,Адуу,0.595,16.949,3.510532,,
2017,345,Darkhan-Uul,Дархан-Уул,2,Cattle,Үхэр,2.374,49.003,4.844601,,
2017,345,Darkhan-Uul,Дархан-Уул,3,Camel,Тэмээ,0.004,0.095,4.210526,,
2017,345,Darkhan-Uul,Дархан-Уул,4,Sheep,Хонь,9.712,162.178,5.988482,,
2017,345,Darkhan-Uul,Дархан-Уул,5,Goat,Ямаа,6.39,95.938,6.660552,,
2017,346,Umnugovi,Өмнөговь,0,Total,Бүгд,11.251,2313.963,0.486222,,
2017,346,Umnugovi,Өмнөговь,1,Horse,Адуу,0.211,85.298,0.247368,,
2017,346,Umnugovi,Өмнөговь,2,Cattle,Үхэр,0.074,22.149,0.334101,,
2017,346,Umnugovi,Өмнөговь,3,Camel,Тэмээ,0.19,130.493,0.145602,,
2017,346,Umnugovi,Өмнөговь,4,Sheep,Хонь,2.463,520.905,0.472831,,
2017,346,Umnugovi,Өмнөговь,5,Goat,Ямаа,8.313,1555.118,0.534558,,
2017,348,Dundgovi,Дундговь,0,Total,Бүгд,3.362,3059.855,0.109874,,
2017,348,Dundgovi,Дундговь,1,Horse,Адуу,0.153,137.045,0.111642,,
2017,348,Dundgovi,Дундговь,2,Cattle,Үхэр,0.098,62.695,0.156312,,
2017,348,Dundgovi,Дундговь,3,Camel,Тэмээ,0.013,33.859,0.038395,,
2017,348,Dundgovi,Дундговь,4,Sheep,Хонь,1.813,1437.137,0.126154,,
2017,348,Dundgovi,Дундговь,5,Goat,Ямаа,1.285,1389.119,0.092505,,
2017,421,Dornod,Дорнод,0,Total,Бүгд,9.111,1722.91,0.528815,,
2017,421,Dornod,Дорнод,1,Horse,Адуу,0.45,224.992,0.200007,,
2017,421,Dornod,Дорнод,2,Cattle,Үхэр,2.71,175.55,1.54372,,
2017,421,Dornod,Дорнод,3,Camel,Тэмээ,0.021,5.183,0.405171,,
2017,421,Dornod,Дорнод,4,Sheep,Хонь,1.926,831.357,0.231669,,
2017,421,Dornod,Дорнод,5,Goat,Ямаа,4.004,485.828,0.82416,,
2017,422,Sukhbaatar,Сүхбаатар,0,Total,Бүгд,12.941,3030.437,0.427034,,
2017,422,Sukhbaatar,Сүхбаатар,1,Horse,Адуу,0.454,274.682,0.165282,,
2017,422,Sukhbaatar,Сүхбаатар,2,Cattle,Үхэр,4.366,209.326,2.085742,,
2017,422,Sukhbaatar,Сүхбаатар,3,Camel,Тэмээ,0.022,7.872,0.279472,,
2017,422,Sukhbaatar,Сүхбаатар,4,Sheep,Хонь,4.835,1542.202,0.313513,,
2017,422,Sukhbaatar,Сүхбаатар,5,Goat,Ямаа,3.264,996.355,0.327594,,
2017,423,Khentii,Хэнтий,0,Total,Бүгд,70.928,3903.57,1.817003,,
2017,423,Khentii,Хэнтий,1,Horse,Адуу,3.025,280.767,1.077406,,
2017,423,Khentii,Хэнтий,2,Cattle,Үхэр,7.202,296.212,2.431367,,
2017,423,Khentii,Хэнтий,3,Camel,Тэмээ,0.054,4.331,1.246825,,
2017,423,Khentii,Хэнтий,4,Sheep,Хонь,33.292,1938.138,1.717731,,
2017,423,Khentii,Хэнтий,5,Goat,Ямаа,27.355,1384.122,1.976343,,
2017,511,Ulaanbaatar,Улаанбаатар,0,Total,Бүгд,8.314,438.329,1.896749,,
2017,511,Ulaanbaatar,Улаанбаатар,1,Horse,Адуу,1.018,45.177,2.253359,,
2017,511,Ulaanbaatar,Улаанбаатар,2,Cattle,Үхэр,2.217,89.8,2.46882,,
2017,511,Ulaanbaatar,Улаанбаатар,3,Camel,Тэмээ,0,0.247,0.0,,
2017,511,Ulaanbaatar,Улаанбаатар,4,Sheep,Хонь,2.701,176.813,1.527603,,
2017,511,Ulaanbaatar,Улаанбаатар,5,Goat,Ямаа,2.378,126.292,1.882938,,
2018,0,Total,Улсын дүн,0,Total,Бүгд,2635.392,66218.959,3.979815,,
2018,0,Total,Улсын дүн,1,Horse,Адуу,164.929,3939.813,4.186214,,
2018,0,Total,Улсын дүн,2,Cattle,Үхэр,233.83,4388.455,5.328299,,
2018,0,Total,Улсын дүн,3,Camel,Тэмээ,3.155,434.096,0.726798,,
2018,0,Total,Улсын дүн,4,Sheep,Хонь,968.66,30109.888,3.217083,,
2018,0,Total,Улсын дүн,5,Goat,Ямаа,1264.818,27346.707,4.62512,,
2018,181,Zavkhan,Завхан,0,Total,Бүгд,181.039,3597.278,5.032666,,
2018,181,Zavkhan,Завхан,1,Horse,Адуу,2.988,207.444,1.440389,,
2018,181,Zavkhan,Завхан,2,Cattle,Үхэр,6.41,192.16,3.335762,,
2018,181,Zavkhan,Завхан,3,Camel,Тэмээ,0.061,7.49,0.814419,,
2018,181,Zavkhan,Завхан,4,Sheep,Хонь,71.333,1837.731,3.88158,,
2018,181,Zavkhan,Завхан,5,Goat,Ямаа,100.247,1352.453,7.412235,,
2018,182,Govi-Altai,Говь-Алтай,0,Total,Бүгд,151.21,3801.651,3.977482,,
2018,182,Govi-Altai,Говь-Алтай,1,Horse,Адуу,1.977,123.689,1.598364,,
2018,182,Govi-Altai,Говь-Алтай,2,Cattle,Үхэр,3.367,85.4,3.942623,,
2018,182,Govi-Altai,Говь-Алтай,3,Camel,Тэмээ,0.383,41.955,0.912883,,
2018,182,Govi-Altai,Говь-Алтай,4,Sheep,Хонь,36.999,1194.602,3.097182,,
2018,182,Govi-Altai,Говь-Алтай,5,Goat,Ямаа,108.484,2356.005,4.604574,,
2018,183,Bayan-Ulgii,Баян-Өлгий,0,Total,Бүгд,71.049,2226.149,3.191565,,
2018,183,Bayan-Ulgii,Баян-Өлгий,1,Horse,Адуу,2.896,93.402,3.100576,,
2018,183,Bayan-Ulgii,Баян-Өлгий,2,Cattle,Үхэр,7.491,161.025,4.652073,,
2018,183,Bayan-Ulgii,Баян-Өлгий,3,Camel,Тэмээ,0.054,5.279,1.022921,,
2018,183,Bayan-Ulgii,Баян-Өлгий,4,Sheep,Хонь,27.696,995.222,2.782897,,
2018,183,Bayan-Ulgii,Баян-Өлгий,5,Goat,Ямаа,32.912,971.221,3.388724,,
2018,184,Khovd,Ховд,0,Total,Бүгд,175.295,3446.617,5.086002,,
2018,184,Khovd,Ховд,1,Horse,Адуу,5.281,132.092,3.997971,,
2018,184,Khovd,Ховд,2,Cattle,Үхэр,7.27,200.512,3.625718,,
2018,184,Khovd,Ховд,3,Camel,Тэмээ,0.625,25.66,2.435698,,
2018,184,Khovd,Ховд,4,Sheep,Хонь,56.953,1323.579,4.302954,,
2018,184,Khovd,Ховд,5,Goat,Ямаа,105.166,1764.774,5.959177,,
2018,185,Uvs,Увс,0,Total,Бүгд,127.75,3129.884,4.081621,,
2018,185,Uvs,Увс,1,Horse,Адуу,3.913,119.491,3.274724,,
2018,185,Uvs,Увс,2,Cattle,Үхэр,6.571,176.866,3.715242,,
2018,185,Uvs,Увс,3,Camel,Тэмээ,0.236,23.521,1.003359,,
2018,185,Uvs,Увс,4,Sheep,Хонь,61.332,1552.09,3.951575,,
2018,185,Uvs,Увс,5,Goat,Ямаа,55.698,1257.916,4.4278,,
2018,261,Orkhon,Орхон,0,Total,Бүгд,6.356,122.335,5.19557,,
2018,261,Orkhon,Орхон,1,Horse,Адуу,0.511,12.25,4.171429,,
2018,261,Orkhon,Орхон,2,Cattle,Үхэр,2.067,21.9,9.438356,,
2018,261,Orkhon,Орхон,3,Camel,Тэмээ,0,0.039,0.0,,
2018,261,Orkhon,Орхон,4,Sheep,Хонь,2.121,47.656,4.450646,,
2018,261,Orkhon,Орхон,5,Goat,Ямаа,1.657,40.49,4.092368,,
2018,262,Uvurkhangai,Өвөрхангай,0,Total,Бүгд,352.294,5743.53,6.133754,,
2018,262,Uvurkhangai,Өвөрхангай,1,Horse,Адуу,32.87,364.015,9.029848,,
2018,262,Uvurkhangai,Өвөрхангай,2,Cattle,Үхэр,29.498,298.244,9.890559,,
2018,262,Uvurkhangai,Өвөрхангай,3,Camel,Тэмээ,0.19,28.756,0.660732,,
2018,262,Uvurkhangai,Өвөрхангай,4,Sheep,Хонь,140.297,2663.296,5.267796,,
2018,262,Uvurkhangai,Өвөрхангай,5,Goat,Ямаа,149.439,2389.219,6.254722,,
2018,263,Bulgan,Булган,0,Total,Бүгд,115.945,3361.633,3.449068,,
2018,263,Bulgan,Булган,1,Horse,Адуу,17.193,261.862,6.565672,,
2018,263,Bulgan,Булган,2,Cattle,Үхэр,24.322,283.891,8.567373,,
2018,263,Bulgan,Булган,3,Camel,Тэмээ,0.015,1.36,1.102941,,
2018,263,Bulgan,Булган,4,Sheep,Хонь,43.052,1794.411,2.399227,,
2018,263,Bulgan,Булган,5,Goat,Ямаа,31.363,1020.109,3.074475,,
2018,264,Bayankhongor,Баянхонгор,0,Total,Бүгд,338.396,4587.738,7.376097,,
2018,264,Bayankhongor,Баянхонгор,1,Horse,Адуу,7.189,180.128,3.991051,,
2018,264,Bayankhongor,Баянхонгор,2,Cattle,Үхэр,11.047,240.342,4.596367,,
2018,264,Bayankhongor,Баянхонгор,3,Camel,Тэмээ,0.49,54.349,0.901581,,
2018,264,Bayankhongor,Баянхонгор,4,Sheep,Хонь,78.385,1381.125,5.675446,,
2018,264,Bayankhongor,Баянхонгор,5,Goat,Ямаа,241.285,2731.794,8.832474,,
2018,265,Arkhangai,Архангай,0,Total,Бүгд,319.397,5291.745,6.035759,,
2018,265,Arkhangai,Архангай,1,Horse,Адуу,31.751,381.121,8.33095,,
2018,265,Arkhangai,Архангай,2,Cattle,Үхэр,58.841,628.783,9.357918,,
2018,265,Arkhangai,Архангай,3,Camel,Тэмээ,0.075,1.383,5.422993,,
2018,265,Arkhangai,Архангай,4,Sheep,Хонь,134.082,2845.055,4.712809,,
2018,265,Arkhangai,Архангай,5,Goat,Ямаа,94.648,1435.403,6.593828,,
2018,267,Khuvsgul,Хөвсгөл,0,Total,Бүгд,73.932,5297.807,1.395521,,
2018,267,Khuvsgul,Хөвсгөл,1,Horse,Адуу,3.119,240.321,1.297847,,
2018,267,Khuvsgul,Хөвсгөл,2,Cattle,Үхэр,10.591,461.287,2.295968,,
2018,267,Khuvsgul,Хөвсгөл,3,Camel,Тэмээ,0.011,2.201,0.499773,,
2018,267,Khuvsgul,Хөвсгөл,4,Sheep,Хонь,34.322,2597.457,1.321369,,
2018,267,Khuvsgul,Хөвсгөл,5,Goat,Ямаа,25.889,1996.541,1.296693,,
2018,341,Tuv,Төв,0,Total,Бүгд,221.577,4685.13,4.729367,,
2018,341,Tuv,Төв,1,Horse,Адуу,26.98,375.559,7.183958,,
2018,341,Tuv,Төв,2,Cattle,Үхэр,24.426,310.761,7.86006,,
2018,341,Tuv,Төв,3,Camel,Тэмээ,0.049,3.528,1.388889,,
2018,341,Tuv,Төв,4,Sheep,Хонь,89.702,2461.124,3.644757,,
2018,341,Tuv,Төв,5,Goat,Ямаа,80.42,1534.158,5.241963,,
2018,342,Govisumber,Говьсүмбэр,0,Total,Бүгд,39.535,438.409,9.017835,,
2018,342,Govisumber,Говьсүмбэр,1,Horse,Адуу,1.796,22.271,8.064299,,
2018,342,Govisumber,Говьсүмбэр,2,Cattle,Үхэр,2.071,14.903,13.896531,,
2018,342,Govisumber,Говьсүмбэр,3,Camel,Тэмээ,0.011,0.929,1.184069,,
2018,342,Govisumber,Говьсүмбэр,4,Sheep,Хонь,15.913,205.229,7.753777,,
2018,342,Govisumber,Говьсүмбэр,5,Goat,Ямаа,19.744,195.077,10.121132,,
2018,343,Selenge,Сэлэнгэ,0,Total,Бүгд,14.608,1509.925,0.967465,,
2018,343,Selenge,Сэлэнгэ,1,Horse,Адуу,1.258,95.447,1.318009,,
2018,343,Selenge,Сэлэнгэ,2,Cattle,Үхэр,3.598,218.403,1.647413,,
2018,343,Selenge,Сэлэнгэ,3,Camel,Тэмээ,0.007,0.507,1.380671,,
2018,343,Selenge,Сэлэнгэ,4,Sheep,Хонь,5.229,699.295,0.747753,,
2018,343,Selenge,Сэлэнгэ,5,Goat,Ямаа,4.516,496.273,0.909983,,
2018,344,Dornogovi,Дорноговь,0,Total,Бүгд,18.933,2001.644,0.945872,,
2018,344,Dornogovi,Дорноговь,1,Horse,Адуу,1.22,133.219,0.915785,,
2018,344,Dornogovi,Дорноговь,2,Cattle,Үхэр,1.176,72.62,1.619389,,
2018,344,Dornogovi,Дорноговь,3,Camel,Тэмээ,0.237,40.724,0.581966,,
2018,344,Dornogovi,Дорноговь,4,Sheep,Хонь,7.455,861.478,0.865373,,
2018,344,Dornogovi,Дорноговь,5,Goat,Ямаа,8.845,893.603,0.989813,,
2018,345,Darkhan-Uul,Дархан-Уул,0,Total,Бүгд,3.711,310.939,1.193482,,
2018,345,Darkhan-Uul,Дархан-Уул,1,Horse,Адуу,0.146,16.996,0.859026,,
2018,345,Darkhan-Uul,Дархан-Уул,2,Cattle,Үхэр,1.244,50.291,2.473604,,
2018,345,Darkhan-Uul,Дархан-Уул,3,Camel,Тэмээ,0,0.038,0.0,,
2018,345,Darkhan-Uul,Дархан-Уул,4,Sheep,Хонь,1.403,150.838,0.930137,,
2018,345,Darkhan-Uul,Дархан-Уул,5,Goat,Ямаа,0.918,92.776,0.98948,,
2018,346,Umnugovi,Өмнөговь,0,Total,Бүгд,61.994,2654.388,2.335529,,
2018,346,Umnugovi,Өмнөговь,1,Horse,Адуу,1.915,98.651,1.941187,,
2018,346,Umnugovi,Өмнөговь,2,Cattle,Үхэр,1.096,26.997,4.05971,,
2018,346,Umnugovi,Өмнөговь,3,Camel,Тэмээ,0.546,141.232,0.386598,,
2018,346,Umnugovi,Өмнөговь,4,Sheep,Хонь,9.533,613.98,1.552656,,
2018,346,Umnugovi,Өмнөговь,5,Goat,Ямаа,48.904,1773.528,2.757442,,
2018,348,Dundgovi,Дундговь,0,Total,Бүгд,75.419,3592.978,2.099067,,
2018,348,Dundgovi,Дундговь,1,Horse,Адуу,5.298,160.153,3.308087,,
2018,348,Dundgovi,Дундговь,2,Cattle,Үхэр,5.189,75.277,6.893208,,
2018,348,Dundgovi,Дундговь,3,Camel,Тэмээ,0.064,36.792,0.173951,,
2018,348,Dundgovi,Дундговь,4,Sheep,Хонь,27.819,1686.203,1.649801,,
2018,348,Dundgovi,Дундговь,5,Goat,Ямаа,37.049,1634.553,2.266614,,
2018,421,Dornod,Дорнод,0,Total,Бүгд,6.588,2057.808,0.320146,,
2018,421,Dornod,Дорнод,1,Horse,Адуу,0.474,250.718,0.189057,,
2018,421,Dornod,Дорнод,2,Cattle,Үхэр,0.753,207.861,0.362261,,
2018,421,Dornod,Дорнод,3,Camel,Тэмээ,0.009,5.579,0.161319,,
2018,421,Dornod,Дорнод,4,Sheep,Хонь,2.979,1001.567,0.297434,,
2018,421,Dornod,Дорнод,5,Goat,Ямаа,2.373,592.083,0.400788,,
2018,422,Sukhbaatar,Сүхбаатар,0,Total,Бүгд,75.983,3528.41,2.153463,,
2018,422,Sukhbaatar,Сүхбаатар,1,Horse,Адуу,4.111,315.577,1.302693,,
2018,422,Sukhbaatar,Сүхбаатар,2,Cattle,Үхэр,7.172,236.792,3.028819,,
2018,422,Sukhbaatar,Сүхбаатар,3,Camel,Тэмээ,0.038,8.325,0.456456,,
2018,422,Sukhbaatar,Сүхбаатар,4,Sheep,Хонь,30.42,1815.324,1.675734,,
2018,422,Sukhbaatar,Сүхбаатар,5,Goat,Ямаа,34.242,1152.392,2.971385,,
2018,423,Khentii,Хэнтий,0,Total,Бүгд,189.242,4409.317,4.291867,,
2018,423,Khentii,Хэнтий,1,Horse,Адуу,10.676,312.066,3.421071,,
2018,423,Khentii,Хэнтий,2,Cattle,Үхэр,16.266,335.295,4.85125,,
2018,423,Khentii,Хэнтий,3,Camel,Тэмээ,0.054,4.198,1.286327,,
2018,423,Khentii,Хэнтий,4,Sheep,Хонь,86.325,2212.453,3.901778,,
2018,423,Khentii,Хэнтий,5,Goat,Ямаа,75.921,1545.305,4.913011,,
2018,511,Ulaanbaatar,Улаанбаатар,0,Total,Бүгд,15.139,423.644,3.573519,,
2018,511,Ulaanbaatar,Улаанбаатар,1,Horse,Адуу,1.367,43.341,3.154057,,
2018,511,Ulaanbaatar,Улаанбаатар,2,Cattle,Үхэр,3.364,88.845,3.78637,,
2018,511,Ulaanbaatar,Улаанбаатар,3,Camel,Тэмээ,0,0.251,0.0,,
2018,511,Ulaanbaatar,Улаанбаатар,4,Sheep,Хонь,5.31,170.173,3.120354,,
2018,511,Ulaanbaatar,Улаанбаатар,5,Goat,Ямаа,5.098,121.034,4.21204,,
2019,0,Total,Улсын дүн,0,Total,Бүгд,1117.576,66460.18,1.681572,,
2019,0,Total,Улсын дүн,1,Horse,Адуу,58.099,3940.092,1.474559,,
2019,0,Total,Улсын дүн,2,Cattle,Үхэр,75.296,4380.879,1.718742,,
2019,0,Total,Улсын дүн,3,Camel,Тэмээ,2.093,459.702,0.455295,,
2019,0,Total,Улсын дүн,4,Sheep,Хонь,488.179,30554.804,1.597716,,
2019,0,Total,Улсын дүн,5,Goat,Ямаа,493.909,27124.703,1.820883,,
2019,181,Zavkhan,Завхан,0,Total,Бүгд,22.525,3555.411,0.633541,,
2019,181,Zavkhan,Завхан,1,Horse,Адуу,1.823,222.534,0.819201,,
2019,181,Zavkhan,Завхан,2,Cattle,Үхэр,2.349,204.995,1.145882,,
2019,181,Zavkhan,Завхан,3,Camel,Тэмээ,0.014,7.753,0.180575,,
2019,181,Zavkhan,Завхан,4,Sheep,Хонь,8.85,1827.458,0.484279,,
2019,181,Zavkhan,Завхан,5,Goat,Ямаа,9.489,1292.671,0.734061,,
2019,182,Govi-Altai,Говь-Алтай,0,Total,Бүгд,57.682,3513.365,1.641788,,
2019,182,Govi-Altai,Говь-Алтай,1,Horse,Адуу,2.146,129.999,1.650782,,
2019,182,Govi-Altai,Говь-Алтай,2,Cattle,Үхэр,2.506,85.225,2.940452,,
2019,182,Govi-Altai,Говь-Алтай,3,Camel,Тэмээ,0.134,43.67,0.306847,,
2019,182,Govi-Altai,Говь-Алтай,4,Sheep,Хонь,17.502,1057.674,1.654763,,
2019,182,Govi-Altai,Говь-Алтай,5,Goat,Ямаа,35.394,2196.797,1.611164,,
2019,183,Bayan-Ulgii,Баян-Өлгий,0,Total,Бүгд,60.425,2166.917,2.788524,,
2019,183,Bayan-Ulgii,Баян-Өлгий,1,Horse,Адуу,3.025,95.349,3.172556,,
2019,183,Bayan-Ulgii,Баян-Өлгий,2,Cattle,Үхэр,7.308,155.914,4.687199,,
2019,183,Bayan-Ulgii,Баян-Өлгий,3,Camel,Тэмээ,0.063,5.649,1.115242,,
2019,183,Bayan-Ulgii,Баян-Өлгий,4,Sheep,Хонь,23.173,979.601,2.365555,,
2019,183,Bayan-Ulgii,Баян-Өлгий,5,Goat,Ямаа,26.856,930.404,2.886488,,
2019,184,Khovd,Ховд,0,Total,Бүгд,131.88,3146.408,4.191446,,
2019,184,Khovd,Ховд,1,Horse,Адуу,5.986,128.538,4.656989,,
2019,184,Khovd,Ховд,2,Cattle,Үхэр,13.016,193.683,6.720259,,
2019,184,Khovd,Ховд,3,Camel,Тэмээ,0.298,25.351,1.175496,,
2019,184,Khovd,Ховд,4,Sheep,Хонь,50.296,1174.233,4.283307,,
2019,184,Khovd,Ховд,5,Goat,Ямаа,62.284,1624.603,3.833798,,
2019,185,Uvs,Увс,0,Total,Бүгд,145.019,3175.275,4.567132,,
2019,185,Uvs,Увс,1,Horse,Адуу,3.091,123.787,2.497031,,
2019,185,Uvs,Увс,2,Cattle,Үхэр,5.306,182.922,2.90069,,
2019,185,Uvs,Увс,3,Camel,Тэмээ,0.342,25.145,1.360111,,
2019,185,Uvs,Увс,4,Sheep,Хонь,72.328,1567.962,4.612867,,
2019,185,Uvs,Увс,5,Goat,Ямаа,63.952,1275.459,5.014038,,
2019,261,Orkhon,Орхон,0,Total,Бүгд,0.53,114.35,0.463489,,
2019,261,Orkhon,Орхон,1,Horse,Адуу,0.158,11.345,1.392684,,
2019,261,Orkhon,Орхон,2,Cattle,Үхэр,0.091,17.477,0.520684,,
2019,261,Orkhon,Орхон,3,Camel,Тэмээ,0,0.056,0.0,,
2019,261,Orkhon,Орхон,4,Sheep,Хонь,0.18,47.489,0.379035,,
2019,261,Orkhon,Орхон,5,Goat,Ямаа,0.101,37.983,0.265908,,
2019,262,Uvurkhangai,Өвөрхангай,0,Total,Бүгд,103.574,5461.346,1.896492,,
2019,262,Uvurkhangai,Өвөрхангай,1,Horse,Адуу,4.044,323.629,1.249579,,
2019,262,Uvurkhangai,Өвөрхангай,2,Cattle,Үхэр,3.792,272.32,1.392479,,
2019,262,Uvurkhangai,Өвөрхангай,3,Camel,Тэмээ,0.135,31.451,0.429239,,
2019,262,Uvurkhangai,Өвөрхангай,4,Sheep,Хонь,42.884,2588.133,1.656947,,
2019,262,Uvurkhangai,Өвөрхангай,5,Goat,Ямаа,52.719,2245.813,2.347435,,
2019,263,Bulgan,Булган,0,Total,Бүгд,26.193,3305.495,0.792408,,
2019,263,Bulgan,Булган,1,Horse,Адуу,1.744,244.036,0.714649,,
2019,263,Bulgan,Булган,2,Cattle,Үхэр,1.994,255.264,0.781152,,
2019,263,Bulgan,Булган,3,Camel,Тэмээ,0.007,1.375,0.509091,,
2019,263,Bulgan,Булган,4,Sheep,Хонь,14.362,1778.224,0.80766,,
2019,263,Bulgan,Булган,5,Goat,Ямаа,8.086,1026.596,0.787652,,
2019,264,Bayankhongor,Баянхонгор,0,Total,Бүгд,40.972,4249.473,0.964167,,
2019,264,Bayankhongor,Баянхонгор,1,Horse,Адуу,2.082,175.944,1.183331,,
2019,264,Bayankhongor,Баянхонгор,2,Cattle,Үхэр,4.534,239.777,1.890924,,
2019,264,Bayankhongor,Баянхонгор,3,Camel,Тэмээ,0.148,57.388,0.257894,,
2019,264,Bayankhongor,Баянхонгор,4,Sheep,Хонь,12.22,1297.467,0.941835,,
2019,264,Bayankhongor,Баянхонгор,5,Goat,Ямаа,21.988,2478.897,0.887007,,
2019,265,Arkhangai,Архангай,0,Total,Бүгд,63.754,5482.034,1.162963,,
2019,265,Arkhangai,Архангай,1,Horse,Адуу,4.147,378.446,1.095797,,
2019,265,Arkhangai,Архангай,2,Cattle,Үхэр,7.203,621.246,1.159444,,
2019,265,Arkhangai,Архангай,3,Camel,Тэмээ,0.006,1.255,0.478088,,
2019,265,Arkhangai,Архангай,4,Sheep,Хонь,35.343,2981.779,1.185299,,
2019,265,Arkhangai,Архангай,5,Goat,Ямаа,17.055,1499.308,1.137525,,
2019,267,Khuvsgul,Хөвсгөл,0,Total,Бүгд,93.795,5710.365,1.642539,,
2019,267,Khuvsgul,Хөвсгөл,1,Horse,Адуу,3.281,261.98,1.252386,,
2019,267,Khuvsgul,Хөвсгөл,2,Cattle,Үхэр,9.378,482.458,1.943796,,
2019,267,Khuvsgul,Хөвсгөл,3,Camel,Тэмээ,0.036,2.292,1.570681,,
2019,267,Khuvsgul,Хөвсгөл,4,Sheep,Хонь,42.838,2766.185,1.548631,,
2019,267,Khuvsgul,Хөвсгөл,5,Goat,Ямаа,38.262,2197.45,1.7412,,
2019,341,Tuv,Төв,0,Total,Бүгд,68.077,4582.435,1.485608,,
2019,341,Tuv,Төв,1,Horse,Адуу,4.339,341.372,1.271047,,
2019,341,Tuv,Төв,2,Cattle,Үхэр,3.573,282.33,1.26554,,
2019,341,Tuv,Төв,3,Camel,Тэмээ,0.021,3.504,0.599315,,
2019,341,Tuv,Төв,4,Sheep,Хонь,34.06,2449.255,1.390627,,
2019,341,Tuv,Төв,5,Goat,Ямаа,26.084,1505.974,1.732035,,
2019,342,Govisumber,Говьсүмбэр,0,Total,Бүгд,5.666,427.46,1.325504,,
2019,342,Govisumber,Говьсүмбэр,1,Horse,Адуу,0.159,20.591,0.772182,,
2019,342,Govisumber,Говьсүмбэр,2,Cattle,Үхэр,0.122,14.004,0.87118,,
2019,342,Govisumber,Говьсүмбэр,3,Camel,Тэмээ,0.011,1.064,1.033835,,
2019,342,Govisumber,Говьсүмбэр,4,Sheep,Хонь,2.758,208.084,1.325426,,
2019,342,Govisumber,Говьсүмбэр,5,Goat,Ямаа,2.616,183.717,1.423929,,
2019,343,Selenge,Сэлэнгэ,0,Total,Бүгд,6.725,1540.036,0.436678,,
2019,343,Selenge,Сэлэнгэ,1,Horse,Адуу,0.637,97.604,0.652637,,
2019,343,Selenge,Сэлэнгэ,2,Cattle,Үхэр,1.645,216.805,0.758746,,
2019,343,Selenge,Сэлэнгэ,3,Camel,Тэмээ,0.002,0.483,0.414079,,
2019,343,Selenge,Сэлэнгэ,4,Sheep,Хонь,2.457,705.874,0.348079,,
2019,343,Selenge,Сэлэнгэ,5,Goat,Ямаа,1.984,519.27,0.382075,,
2019,344,Dornogovi,Дорноговь,0,Total,Бүгд,8.651,2148.133,0.402722,,
2019,344,Dornogovi,Дорноговь,1,Horse,Адуу,0.333,139.977,0.237896,,
2019,344,Dornogovi,Дорноговь,2,Cattle,Үхэр,0.247,80.576,0.306543,,
2019,344,Dornogovi,Дорноговь,3,Camel,Тэмээ,0.334,42.812,0.780155,,
2019,344,Dornogovi,Дорноговь,4,Sheep,Хонь,3.298,926.18,0.356086,,
2019,344,Dornogovi,Дорноговь,5,Goat,Ямаа,4.439,958.588,0.463077,,
2019,345,Darkhan-Uul,Дархан-Уул,0,Total,Бүгд,0.903,306.014,0.295085,,
2019,345,Darkhan-Uul,Дархан-Уул,1,Horse,Адуу,0.106,17.664,0.600091,,
2019,345,Darkhan-Uul,Дархан-Уул,2,Cattle,Үхэр,0.192,44.259,0.43381,,
2019,345,Darkhan-Uul,Дархан-Уул,3,Camel,Тэмээ,0.002,0.055,3.636364,,
2019,345,Darkhan-Uul,Дархан-Уул,4,Sheep,Хонь,0.336,147.063,0.228474,,
2019,345,Darkhan-Uul,Дархан-Уул,5,Goat,Ямаа,0.267,96.973,0.275334,,
2019,346,Umnugovi,Өмнөговь,0,Total,Бүгд,8.12,2598.44,0.312495,,
2019,346,Umnugovi,Өмнөговь,1,Horse,Адуу,0.128,96.544,0.132582,,
2019,346,Umnugovi,Өмнөговь,2,Cattle,Үхэр,0.03,26.864,0.111674,,
2019,346,Umnugovi,Өмнөговь,3,Camel,Тэмээ,0.41,152.281,0.269239,,
2019,346,Umnugovi,Өмнөговь,4,Sheep,Хонь,1.145,631.412,0.18134,,
2019,346,Umnugovi,Өмнөговь,5,Goat,Ямаа,6.407,1691.339,0.378812,,
2019,348,Dundgovi,Дундговь,0,Total,Бүгд,14.185,3825.941,0.370758,,
2019,348,Dundgovi,Дундговь,1,Horse,Адуу,0.422,162.902,0.259051,,
2019,348,Dundgovi,Дундговь,2,Cattle,Үхэр,0.324,76.119,0.425649,,
2019,348,Dundgovi,Дундговь,3,Camel,Тэмээ,0.031,39.306,0.078868,,
2019,348,Dundgovi,Дундговь,4,Sheep,Хонь,4.354,1831.055,0.237786,,
2019,348,Dundgovi,Дундговь,5,Goat,Ямаа,9.054,1716.559,0.527451,,
2019,421,Dornod,Дорнод,0,Total,Бүгд,7.413,2377.783,0.311761,,
2019,421,Dornod,Дорнод,1,Horse,Адуу,0.926,278.811,0.332125,,
2019,421,Dornod,Дорнод,2,Cattle,Үхэр,0.91,243.14,0.37427,,
2019,421,Dornod,Дорнод,3,Camel,Тэмээ,0.014,6.063,0.230909,,
2019,421,Dornod,Дорнод,4,Sheep,Хонь,2.616,1147.685,0.227937,,
2019,421,Dornod,Дорнод,5,Goat,Ямаа,2.947,702.084,0.41975,,
2019,422,Sukhbaatar,Сүхбаатар,0,Total,Бүгд,46.619,3716.811,1.254274,,
2019,422,Sukhbaatar,Сүхбаатар,1,Horse,Адуу,6.249,327.342,1.909013,,
2019,422,Sukhbaatar,Сүхбаатар,2,Cattle,Үхэр,1.423,251.639,0.565493,,
2019,422,Sukhbaatar,Сүхбаатар,3,Camel,Тэмээ,0.033,8.217,0.401606,,
2019,422,Sukhbaatar,Сүхбаатар,4,Sheep,Хонь,21.924,1922.127,1.140611,,
2019,422,Sukhbaatar,Сүхбаатар,5,Goat,Ямаа,16.99,1207.486,1.407056,,
2019,423,Khentii,Хэнтий,0,Total,Бүгд,200.175,4644.907,4.309559,,
2019,423,Khentii,Хэнтий,1,Horse,Адуу,12.729,318.904,3.991483,,
2019,423,Khentii,Хэнтий,2,Cattle,Үхэр,8.645,353.027,2.448821,,
2019,423,Khentii,Хэнтий,3,Camel,Тэмээ,0.052,4.299,1.209584,,
2019,423,Khentii,Хэнтий,4,Sheep,Хонь,93.442,2353.528,3.970295,,
2019,423,Khentii,Хэнтий,5,Goat,Ямаа,85.307,1615.149,5.28168,,
2019,511,Ulaanbaatar,Улаанбаатар,0,Total,Бүгд,4.693,411.781,1.139683,,
2019,511,Ulaanbaatar,Улаанбаатар,1,Horse,Адуу,0.544,42.794,1.271206,,
2019,511,Ulaanbaatar,Улаанбаатар,2,Cattle,Үхэр,0.708,80.835,0.875858,,
2019,511,Ulaanbaatar,Улаанбаатар,3,Camel,Тэмээ,0,0.233,0.0,,
2019,511,Ulaanbaatar,Улаанбаатар,4,Sheep,Хонь,1.813,166.336,1.089962,,
2019,511,Ulaanbaatar,Улаанбаатар,5,Goat,Ямаа,1.628,121.583,1.339003,,
2020,0,Total,Улсын дүн,0,Total,Бүгд,2064.074,70969.315,2.908403,,
2020,0,Total,Улсын дүн,1,Horse,Адуу,107.328,4214.818,2.546444,,
2020,0,Total,Улсын дүн,2,Cattle,Үхэр,143.833,4753.192,3.02603,,
2020,0,Total,Улсын дүн,3,Camel,Тэмээ,4.37,472.379,0.925105,,
2020,0,Total,Улсын дүн,4,Sheep,Хонь,1018.721,32267.265,3.157135,,
2020,0,Total,Улсын дүн,5,Goat,Ямаа,789.822,29261.661,2.69917,,
2020,181,Zavkhan,Завхан,0,Total,Бүгд,97.115,3849.906,2.522529,,
2020,181,Zavkhan,Завхан,1,Horse,Адуу,4.18,243.677,1.715386,,
2020,181,Zavkhan,Завхан,2,Cattle,Үхэр,7.164,228.7,3.132488,,
2020,181,Zavkhan,Завхан,3,Camel,Тэмээ,0.018,8.021,0.224411,,
2020,181,Zavkhan,Завхан,4,Sheep,Хонь,48.85,1950.937,2.503925,,
2020,181,Zavkhan,Завхан,5,Goat,Ямаа,36.903,1418.571,2.601421,,
2020,182,Govi-Altai,Говь-Алтай,0,Total,Бүгд,30.486,3597.698,0.847375,,
2020,182,Govi-Altai,Говь-Алтай,1,Horse,Адуу,1.191,132.431,0.899336,,
2020,182,Govi-Altai,Говь-Алтай,2,Cattle,Үхэр,1.003,84.475,1.187334,,
2020,182,Govi-Altai,Говь-Алтай,3,Camel,Тэмээ,0.184,44.436,0.414079,,
2020,182,Govi-Altai,Говь-Алтай,4,Sheep,Хонь,8.023,1066.739,0.752105,,
2020,182,Govi-Altai,Говь-Алтай,5,Goat,Ямаа,20.085,2269.617,0.884951,,
2020,183,Bayan-Ulgii,Баян-Өлгий,0,Total,Бүгд,9.738,2192.764,0.444097,,
2020,183,Bayan-Ulgii,Баян-Өлгий,1,Horse,Адуу,1.065,99.02,1.07554,,
2020,183,Bayan-Ulgii,Баян-Өлгий,2,Cattle,Үхэр,1.184,158.582,0.746617,,
2020,183,Bayan-Ulgii,Баян-Өлгий,3,Camel,Тэмээ,0.034,5.913,0.575004,,
2020,183,Bayan-Ulgii,Баян-Өлгий,4,Sheep,Хонь,2.839,995.904,0.285068,,
2020,183,Bayan-Ulgii,Баян-Өлгий,5,Goat,Ямаа,4.616,933.345,0.494565,,
2020,184,Khovd,Ховд,0,Total,Бүгд,18.453,3084.33,0.598282,,
2020,184,Khovd,Ховд,1,Horse,Адуу,1.063,128.757,0.825586,,
2020,184,Khovd,Ховд,2,Cattle,Үхэр,2.049,187.087,1.095212,,
2020,184,Khovd,Ховд,3,Camel,Тэмээ,0.125,25.818,0.484158,,
2020,184,Khovd,Ховд,4,Sheep,Хонь,6.795,1111.348,0.61142,,
2020,184,Khovd,Ховд,5,Goat,Ямаа,8.421,1631.32,0.516208,,
2020,185,Uvs,Увс,0,Total,Бүгд,29.827,3279.6,0.909471,,
2020,185,Uvs,Увс,1,Horse,Адуу,1.155,130.656,0.884001,,
2020,185,Uvs,Увс,2,Cattle,Үхэр,1.786,195.711,0.91257,,
2020,185,Uvs,Увс,3,Camel,Тэмээ,0.107,25.64,0.417317,,
2020,185,Uvs,Увс,4,Sheep,Хонь,14.872,1604.786,0.926728,,
2020,185,Uvs,Увс,5,Goat,Ямаа,11.907,1322.807,0.900131,,
2020,261,Orkhon,Орхон,0,Total,Бүгд,1.155,126.948,0.909821,,
2020,261,Orkhon,Орхон,1,Horse,Адуу,0.123,12.232,1.005559,,
2020,261,Orkhon,Орхон,2,Cattle,Үхэр,0.217,19.041,1.139646,,
2020,261,Orkhon,Орхон,3,Camel,Тэмээ,0,0.069,0.0,,
2020,261,Orkhon,Орхон,4,Sheep,Хонь,0.533,50.562,1.054151,,
2020,261,Orkhon,Орхон,5,Goat,Ямаа,0.282,45.044,0.626055,,
2020,262,Uvurkhangai,Өвөрхангай,0,Total,Бүгд,210.428,5625.463,3.740634,,
2020,262,Uvurkhangai,Өвөрхангай,1,Horse,Адуу,12.327,348.886,3.533246,,
2020,262,Uvurkhangai,Өвөрхангай,2,Cattle,Үхэр,9.306,292.412,3.182496,,
2020,262,Uvurkhangai,Өвөрхангай,3,Camel,Тэмээ,1.104,32.711,3.375011,,
2020,262,Uvurkhangai,Өвөрхангай,4,Sheep,Хонь,90.829,2606.843,3.484253,,
2020,262,Uvurkhangai,Өвөрхангай,5,Goat,Ямаа,96.862,2344.611,4.131261,,
2020,263,Bulgan,Булган,0,Total,Бүгд,171.998,3641.704,4.723009,,
2020,263,Bulgan,Булган,1,Horse,Адуу,13.94,272.02,5.124623,,
2020,263,Bulgan,Булган,2,Cattle,Үхэр,14.037,282.391,4.970767,,
2020,263,Bulgan,Булган,3,Camel,Тэмээ,0.026,1.452,1.790634,,
2020,263,Bulgan,Булган,4,Sheep,Хонь,102.507,1923.834,5.328266,,
2020,263,Bulgan,Булган,5,Goat,Ямаа,41.488,1162.007,3.570374,,
2020,264,Bayankhongor,Баянхонгор,0,Total,Бүгд,123.754,4644.871,2.664315,,
2020,264,Bayankhongor,Баянхонгор,1,Horse,Адуу,6.412,189.492,3.383784,,
2020,264,Bayankhongor,Баянхонгор,2,Cattle,Үхэр,5.54,257.616,2.150488,,
2020,264,Bayankhongor,Баянхонгор,3,Camel,Тэмээ,1.522,58.091,2.620027,,
2020,264,Bayankhongor,Баянхонгор,4,Sheep,Хонь,33.321,1405.972,2.369962,,
2020,264,Bayankhongor,Баянхонгор,5,Goat,Ямаа,76.959,2733.7,2.815196,,
2020,265,Arkhangai,Архангай,0,Total,Бүгд,416.719,6167.036,6.757201,,
2020,265,Arkhangai,Архангай,1,Horse,Адуу,25.357,425.937,5.953228,,
2020,265,Arkhangai,Архангай,2,Cattle,Үхэр,32.166,710.077,4.529931,,
2020,265,Arkhangai,Архангай,3,Camel,Тэмээ,0.062,1.362,4.552129,,
2020,265,Arkhangai,Архангай,4,Sheep,Хонь,234.263,3321.255,7.053448,,
2020,265,Arkhangai,Архангай,5,Goat,Ямаа,124.871,1708.405,7.309215,,
2020,267,Khuvsgul,Хөвсгөл,0,Total,Бүгд,376.522,6040.431,6.233363,,
2020,267,Khuvsgul,Хөвсгөл,1,Horse,Адуу,12.449,281.812,4.417484,,
2020,267,Khuvsgul,Хөвсгөл,2,Cattle,Үхэр,25.792,514.51,5.012925,,
2020,267,Khuvsgul,Хөвсгөл,3,Camel,Тэмээ,0.072,2.386,3.017603,,
2020,267,Khuvsgul,Хөвсгөл,4,Sheep,Хонь,214.937,2935.058,7.323092,,
2020,267,Khuvsgul,Хөвсгөл,5,Goat,Ямаа,123.272,2306.665,5.344166,,
2020,341,Tuv,Төв,0,Total,Бүгд,115.571,4979.161,2.321094,,
2020,341,Tuv,Төв,1,Horse,Адуу,6.759,371.434,1.819704,,
2020,341,Tuv,Төв,2,Cattle,Үхэр,6.775,313.843,2.158723,,
2020,341,Tuv,Төв,3,Camel,Тэмээ,0.049,3.579,1.369098,,
2020,341,Tuv,Төв,4,Sheep,Хонь,57.318,2619.759,2.187911,,
2020,341,Tuv,Төв,5,Goat,Ямаа,44.67,1670.546,2.673976,,
2020,342,Govisumber,Говьсүмбэр,0,Total,Бүгд,14.663,452.004,3.243998,,
2020,342,Govisumber,Говьсүмбэр,1,Horse,Адуу,0.495,22.736,2.177164,,
2020,342,Govisumber,Говьсүмбэр,2,Cattle,Үхэр,0.376,14.543,2.585436,,
2020,342,Govisumber,Говьсүмбэр,3,Camel,Тэмээ,0.002,0.989,0.202224,,
2020,342,Govisumber,Говьсүмбэр,4,Sheep,Хонь,5.708,219.53,2.6001,,
2020,342,Govisumber,Говьсүмбэр,5,Goat,Ямаа,8.082,194.206,4.16156,,
2020,343,Selenge,Сэлэнгэ,0,Total,Бүгд,5.926,1682.489,0.352216,,
2020,343,Selenge,Сэлэнгэ,1,Horse,Адуу,0.608,103.417,0.587911,,
2020,343,Selenge,Сэлэнгэ,2,Cattle,Үхэр,1.263,232.286,0.543726,,
2020,343,Selenge,Сэлэнгэ,3,Camel,Тэмээ,0.007,0.472,1.483051,,
2020,343,Selenge,Сэлэнгэ,4,Sheep,Хонь,2.258,744.718,0.303202,,
2020,343,Selenge,Сэлэнгэ,5,Goat,Ямаа,1.79,601.596,0.297542,,
2020,344,Dornogovi,Дорноговь,0,Total,Бүгд,10.958,2404.249,0.455776,,
2020,344,Dornogovi,Дорноговь,1,Horse,Адуу,0.413,152.608,0.270628,,
2020,344,Dornogovi,Дорноговь,2,Cattle,Үхэр,0.317,91.891,0.344974,,
2020,344,Dornogovi,Дорноговь,3,Camel,Тэмээ,0.176,43.51,0.404505,,
2020,344,Dornogovi,Дорноговь,4,Sheep,Хонь,4.971,1021.635,0.486573,,
2020,344,Dornogovi,Дорноговь,5,Goat,Ямаа,5.081,1094.605,0.464186,,
2020,345,Darkhan-Uul,Дархан-Уул,0,Total,Бүгд,2.308,347.353,0.664454,,
2020,345,Darkhan-Uul,Дархан-Уул,1,Horse,Адуу,0.098,19.326,0.507089,,
2020,345,Darkhan-Uul,Дархан-Уул,2,Cattle,Үхэр,0.311,47.357,0.656714,,
2020,345,Darkhan-Uul,Дархан-Уул,3,Camel,Тэмээ,0,0.06,0.0,,
2020,345,Darkhan-Uul,Дархан-Уул,4,Sheep,Хонь,1.355,162.304,0.834853,,
2020,345,Darkhan-Uul,Дархан-Уул,5,Goat,Ямаа,0.544,118.306,0.459825,,
2020,346,Umnugovi,Өмнөговь,0,Total,Бүгд,20.981,3000.303,0.699296,,
2020,346,Umnugovi,Өмнөговь,1,Horse,Адуу,1.173,109.526,1.070979,,
2020,346,Umnugovi,Өмнөговь,2,Cattle,Үхэр,0.429,31.653,1.355322,,
2020,346,Umnugovi,Өмнөговь,3,Camel,Тэмээ,0.57,157.863,0.361073,,
2020,346,Umnugovi,Өмнөговь,4,Sheep,Хонь,6.008,718.216,0.836517,,
2020,346,Umnugovi,Өмнөговь,5,Goat,Ямаа,12.801,1983.045,0.645522,,
2020,348,Dundgovi,Дундговь,0,Total,Бүгд,33.056,4093.121,0.807599,,
2020,348,Dundgovi,Дундговь,1,Horse,Адуу,1.539,178.172,0.863772,,
2020,348,Dundgovi,Дундговь,2,Cattle,Үхэр,0.879,78.17,1.124472,,
2020,348,Dundgovi,Дундговь,3,Camel,Тэмээ,0.116,41.267,0.281096,,
2020,348,Dundgovi,Дундговь,4,Sheep,Хонь,11.855,1942.704,0.610232,,
2020,348,Dundgovi,Дундговь,5,Goat,Ямаа,18.667,1852.808,1.007498,,
2020,421,Dornod,Дорнод,0,Total,Бүгд,16.374,2629.622,0.622675,,
2020,421,Dornod,Дорнод,1,Horse,Адуу,0.652,297.372,0.219254,,
2020,421,Dornod,Дорнод,2,Cattle,Үхэр,1.077,277.423,0.388216,,
2020,421,Dornod,Дорнод,3,Camel,Тэмээ,0.021,6.301,0.33328,,
2020,421,Dornod,Дорнод,4,Sheep,Хонь,6.749,1262.354,0.534636,,
2020,421,Dornod,Дорнод,5,Goat,Ямаа,7.875,786.172,1.001689,,
2020,422,Sukhbaatar,Сүхбаатар,0,Total,Бүгд,49.153,3817.01,1.287736,,
2020,422,Sukhbaatar,Сүхбаатар,1,Horse,Адуу,2.302,321.887,0.715158,,
2020,422,Sukhbaatar,Сүхбаатар,2,Cattle,Үхэр,3.773,268.547,1.404968,,
2020,422,Sukhbaatar,Сүхбаатар,3,Camel,Тэмээ,0.037,7.925,0.466877,,
2020,422,Sukhbaatar,Сүхбаатар,4,Sheep,Хонь,23.394,1971.234,1.186769,,
2020,422,Sukhbaatar,Сүхбаатар,5,Goat,Ямаа,19.647,1247.417,1.575015,,
2020,423,Khentii,Хэнтий,0,Total,Бүгд,297.66,4868.361,6.114173,,
2020,423,Khentii,Хэнтий,1,Horse,Адуу,13.008,325.384,3.997738,,
2020,423,Khentii,Хэнтий,2,Cattle,Үхэр,26.501,381.225,6.951538,,
2020,423,Khentii,Хэнтий,3,Camel,Тэмээ,0.134,4.256,3.148496,,
2020,423,Khentii,Хэнтий,4,Sheep,Хонь,136.878,2454.864,5.575787,,
2020,423,Khentii,Хэнтий,5,Goat,Ямаа,121.139,1702.632,7.114808,,
2020,511,Ulaanbaatar,Улаанбаатар,0,Total,Бүгд,11.229,444.891,2.523989,,
2020,511,Ulaanbaatar,Улаанбаатар,1,Horse,Адуу,1.019,48.036,2.121326,,
2020,511,Ulaanbaatar,Улаанбаатар,2,Cattle,Үхэр,1.888,85.652,2.204268,,
2020,511,Ulaanbaatar,Улаанбаатар,3,Camel,Тэмээ,0.004,0.258,1.550388,,
2020,511,Ulaanbaatar,Улаанбаатар,4,Sheep,Хонь,4.458,176.709,2.522792,,
2020,511,Ulaanbaatar,Улаанбаатар,5,Goat,Ямаа,3.86,134.236,2.875533,,
2021,0,Total,Улсын дүн,0,Total,Бүгд,3012.328,67068.486,4.491421,,
2021,0,Total,Улсын дүн,1,Horse,Адуу,118.388,4093.861,2.891842,,
2021,0,Total,Улсын дүн,2,Cattle,Үхэр,188.388,4732.01,3.981141,,
2021,0,Total,Улсын дүн,3,Camel,Тэмээ,22.207,472.934,4.695581,,
2021,0,Total,Улсын дүн,4,Sheep,Хонь,1123.469,30049.428,3.738737,,
2021,0,Total,Улсын дүн,5,Goat,Ямаа,1559.876,27720.253,5.627207,,
2021,181,Zavkhan,Завхан,0,Total,Бүгд,48.956,3607.838,1.356935,,
2021,181,Zavkhan,Завхан,1,Horse,Адуу,3.427,236.749,1.447525,,
2021,181,Zavkhan,Завхан,2,Cattle,Үхэр,4.529,224.995,2.012934,,
2021,181,Zavkhan,Завхан,3,Camel,Тэмээ,0.013,8.11,0.160296,,
2021,181,Zavkhan,Завхан,4,Sheep,Хонь,18.866,1799.761,1.04825,,
2021,181,Zavkhan,Завхан,5,Goat,Ямаа,22.121,1338.223,1.653013,,
2021,182,Govi-Altai,Говь-Алтай,0,Total,Бүгд,278.121,3310.83,8.400341,,
2021,182,Govi-Altai,Говь-Алтай,1,Horse,Адуу,5.983,122.134,4.898718,,
2021,182,Govi-Altai,Говь-Алтай,2,Cattle,Үхэр,5.945,75.856,7.837218,,
2021,182,Govi-Altai,Говь-Алтай,3,Camel,Тэмээ,0.736,43.928,1.675469,,
2021,182,Govi-Altai,Говь-Алтай,4,Sheep,Хонь,74.881,945.707,7.917992,,
2021,182,Govi-Altai,Говь-Алтай,5,Goat,Ямаа,190.576,2123.205,8.975864,,
2021,183,Bayan-Ulgii,Баян-Өлгий,0,Total,Бүгд,10.058,2224.677,0.452111,,
2021,183,Bayan-Ulgii,Баян-Өлгий,1,Horse,Адуу,1.122,99.781,1.124463,,
2021,183,Bayan-Ulgii,Баян-Өлгий,2,Cattle,Үхэр,1.116,159.49,0.69973,,
2021,183,Bayan-Ulgii,Баян-Өлгий,3,Camel,Тэмээ,0.034,5.405,0.629047,,
2021,183,Bayan-Ulgii,Баян-Өлгий,4,Sheep,Хонь,3.001,937.405,0.320139,,
2021,183,Bayan-Ulgii,Баян-Өлгий,5,Goat,Ямаа,4.785,1022.596,0.467927,,
2021,184,Khovd,Ховд,0,Total,Бүгд,35.462,3292.578,1.077028,,
2021,184,Khovd,Ховд,1,Horse,Адуу,1.009,131.497,0.767318,,
2021,184,Khovd,Ховд,2,Cattle,Үхэр,1.795,187.124,0.959257,,
2021,184,Khovd,Ховд,3,Camel,Тэмээ,0.132,25.685,0.513919,,
2021,184,Khovd,Ховд,4,Sheep,Хонь,12.335,1126.291,1.095188,,
2021,184,Khovd,Ховд,5,Goat,Ямаа,20.191,1821.981,1.108189,,
2021,185,Uvs,Увс,0,Total,Бүгд,13.84,3409.252,0.405954,,
2021,185,Uvs,Увс,1,Horse,Адуу,0.843,139.338,0.605004,,
2021,185,Uvs,Увс,2,Cattle,Үхэр,1.177,211.498,0.556506,,
2021,185,Uvs,Увс,3,Camel,Тэмээ,0.114,25.498,0.447094,,
2021,185,Uvs,Увс,4,Sheep,Хонь,5.744,1622.664,0.353986,,
2021,185,Uvs,Увс,5,Goat,Ямаа,5.962,1410.254,0.422761,,
2021,261,Orkhon,Орхон,0,Total,Бүгд,0.575,136.988,0.419745,,
2021,261,Orkhon,Орхон,1,Horse,Адуу,0.042,12.812,0.327818,,
2021,261,Orkhon,Орхон,2,Cattle,Үхэр,0.114,20.335,0.56061,,
2021,261,Orkhon,Орхон,3,Camel,Тэмээ,0,0.057,0.0,,
2021,261,Orkhon,Орхон,4,Sheep,Хонь,0.1,51.249,0.195126,,
2021,261,Orkhon,Орхон,5,Goat,Ямаа,0.319,52.535,0.607214,,
2021,262,Uvurkhangai,Өвөрхангай,0,Total,Бүгд,328.73,4479.058,7.339266,,
2021,262,Uvurkhangai,Өвөрхангай,1,Horse,Адуу,14.609,280.107,5.215507,,
2021,262,Uvurkhangai,Өвөрхангай,2,Cattle,Үхэр,21.617,251.816,8.584443,,
2021,262,Uvurkhangai,Өвөрхангай,3,Camel,Тэмээ,4.791,26.57,18.031615,,
2021,262,Uvurkhangai,Өвөрхангай,4,Sheep,Хонь,130.381,2114.953,6.164723,,
2021,262,Uvurkhangai,Өвөрхангай,5,Goat,Ямаа,157.332,1805.612,8.7135,,
2021,263,Bulgan,Булган,0,Total,Бүгд,29.617,3395.984,0.872118,,
2021,263,Bulgan,Булган,1,Horse,Адуу,1.689,255.116,0.662052,,
2021,263,Bulgan,Булган,2,Cattle,Үхэр,2.33,269.75,0.863763,,
2021,263,Bulgan,Булган,3,Camel,Тэмээ,0.035,1.428,2.45098,,
2021,263,Bulgan,Булган,4,Sheep,Хонь,15.372,1765.722,0.870579,,
2021,263,Bulgan,Булган,5,Goat,Ямаа,10.191,1103.968,0.923125,,
2021,264,Bayankhongor,Баянхонгор,0,Total,Бүгд,812.618,3839.88,21.162588,,
2021,264,Bayankhongor,Баянхонгор,1,Horse,Адуу,30.488,163.263,18.674164,,
2021,264,Bayankhongor,Баянхонгор,2,Cattle,Үхэр,61.691,245.752,25.102949,,
2021,264,Bayankhongor,Баянхонгор,3,Camel,Тэмээ,7.971,55.458,14.373039,,
2021,264,Bayankhongor,Баянхонгор,4,Sheep,Хонь,220.888,1156.207,19.104538,,
2021,264,Bayankhongor,Баянхонгор,5,Goat,Ямаа,491.58,2219.2,22.151226,,
2021,265,Arkhangai,Архангай,0,Total,Бүгд,171.878,5399.927,3.182969,,
2021,265,Arkhangai,Архангай,1,Horse,Адуу,8.658,387.761,2.232819,,
2021,265,Arkhangai,Архангай,2,Cattle,Үхэр,24.495,678.994,3.607543,,
2021,265,Arkhangai,Архангай,3,Camel,Тэмээ,0.062,1.286,4.821151,,
2021,265,Arkhangai,Архангай,4,Sheep,Хонь,86.933,2842.58,3.058243,,
2021,265,Arkhangai,Архангай,5,Goat,Ямаа,51.73,1489.306,3.47343,,
2021,267,Khuvsgul,Хөвсгөл,0,Total,Бүгд,67.558,5500.553,1.228204,,
2021,267,Khuvsgul,Хөвсгөл,1,Horse,Адуу,3.179,271.528,1.170782,,
2021,267,Khuvsgul,Хөвсгөл,2,Cattle,Үхэр,7.089,501.08,1.414744,,
2021,267,Khuvsgul,Хөвсгөл,3,Camel,Тэмээ,0.094,2.284,4.115587,,
2021,267,Khuvsgul,Хөвсгөл,4,Sheep,Хонь,31.891,2622.814,1.215908,,
2021,267,Khuvsgul,Хөвсгөл,5,Goat,Ямаа,25.305,2102.847,1.203369,,
2021,341,Tuv,Төв,0,Total,Бүгд,200.351,4887.52,4.099236,,
2021,341,Tuv,Төв,1,Horse,Адуу,14.752,364.705,4.044913,,
2021,341,Tuv,Төв,2,Cattle,Үхэр,15.081,322.09,4.682232,,
2021,341,Tuv,Төв,3,Camel,Тэмээ,0.159,3.626,4.384997,,
2021,341,Tuv,Төв,4,Sheep,Хонь,93.239,2540.339,3.670337,,
2021,341,Tuv,Төв,5,Goat,Ямаа,77.12,1656.76,4.654869,,
2021,342,Govisumber,Говьсүмбэр,0,Total,Бүгд,39.72,450.997,8.807154,,
2021,342,Govisumber,Говьсүмбэр,1,Horse,Адуу,0.97,22.688,4.275388,,
2021,342,Govisumber,Говьсүмбэр,2,Cattle,Үхэр,0.993,16.348,6.074138,,
2021,342,Govisumber,Говьсүмбэр,3,Camel,Тэмээ,0.014,1.092,1.282051,,
2021,342,Govisumber,Говьсүмбэр,4,Sheep,Хонь,16.829,218.429,7.704563,,
2021,342,Govisumber,Говьсүмбэр,5,Goat,Ямаа,20.914,192.44,10.867803,,
2021,343,Selenge,Сэлэнгэ,0,Total,Бүгд,13.774,1818.519,0.75743,,
2021,343,Selenge,Сэлэнгэ,1,Horse,Адуу,0.933,109.7,0.850501,,
2021,343,Selenge,Сэлэнгэ,2,Cattle,Үхэр,3.274,255.976,1.279026,,
2021,343,Selenge,Сэлэнгэ,3,Camel,Тэмээ,0.002,0.429,0.4662,,
2021,343,Selenge,Сэлэнгэ,4,Sheep,Хонь,4.956,783.402,0.632625,,
2021,343,Selenge,Сэлэнгэ,5,Goat,Ямаа,4.609,669.012,0.688926,,
2021,344,Dornogovi,Дорноговь,0,Total,Бүгд,37.391,2551.545,1.465426,,
2021,344,Dornogovi,Дорноговь,1,Horse,Адуу,1.434,165.032,0.868922,,
2021,344,Dornogovi,Дорноговь,2,Cattle,Үхэр,1.953,103.747,1.882464,,
2021,344,Dornogovi,Дорноговь,3,Camel,Тэмээ,0.147,45.381,0.323924,,
2021,344,Dornogovi,Дорноговь,4,Sheep,Хонь,14.154,1069.688,1.32319,,
2021,344,Dornogovi,Дорноговь,5,Goat,Ямаа,19.703,1167.697,1.687338,,
2021,345,Darkhan-Uul,Дархан-Уул,0,Total,Бүгд,3.042,360.573,0.843657,,
2021,345,Darkhan-Uul,Дархан-Уул,1,Horse,Адуу,0.095,20.267,0.468742,,
2021,345,Darkhan-Uul,Дархан-Уул,2,Cattle,Үхэр,0.527,48.598,1.084407,,
2021,345,Darkhan-Uul,Дархан-Уул,3,Camel,Тэмээ,0,0.071,0.0,,
2021,345,Darkhan-Uul,Дархан-Уул,4,Sheep,Хонь,1.197,161.798,0.739811,,
2021,345,Darkhan-Uul,Дархан-Уул,5,Goat,Ямаа,1.223,129.839,0.941936,,
2021,346,Umnugovi,Өмнөговь,0,Total,Бүгд,129.688,2880.772,4.501849,,
2021,346,Umnugovi,Өмнөговь,1,Horse,Адуу,5.052,110.395,4.576294,,
2021,346,Umnugovi,Өмнөговь,2,Cattle,Үхэр,2.865,33.192,8.631598,,
2021,346,Umnugovi,Өмнөговь,3,Camel,Тэмээ,5.872,166.8,3.520384,,
2021,346,Umnugovi,Өмнөговь,4,Sheep,Хонь,28.525,682.598,4.178887,,
2021,346,Umnugovi,Өмнөговь,5,Goat,Ямаа,87.374,1887.787,4.628382,,
2021,348,Dundgovi,Дундговь,0,Total,Бүгд,491.076,3741.111,13.126475,,
2021,348,Dundgovi,Дундговь,1,Horse,Адуу,10.136,166.456,6.089297,,
2021,348,Dundgovi,Дундговь,2,Cattle,Үхэр,8.79,75.123,11.700811,,
2021,348,Dundgovi,Дундговь,3,Camel,Тэмээ,1.944,41.726,4.658966,,
2021,348,Dundgovi,Дундговь,4,Sheep,Хонь,228.732,1791.217,12.769642,,
2021,348,Dundgovi,Дундговь,5,Goat,Ямаа,241.474,1666.589,14.489115,,
2021,421,Dornod,Дорнод,0,Total,Бүгд,8.556,2749.684,0.311163,,
2021,421,Dornod,Дорнод,1,Horse,Адуу,0.425,324.452,0.13099,,
2021,421,Dornod,Дорнод,2,Cattle,Үхэр,2.215,305.105,0.72598,,
2021,421,Dornod,Дорнод,3,Camel,Тэмээ,0.003,6.217,0.048255,,
2021,421,Dornod,Дорнод,4,Sheep,Хонь,2.741,1303.06,0.210351,,
2021,421,Dornod,Дорнод,5,Goat,Ямаа,3.172,810.85,0.391194,,
2021,422,Sukhbaatar,Сүхбаатар,0,Total,Бүгд,43.43,3893.625,1.115413,,
2021,422,Sukhbaatar,Сүхбаатар,1,Horse,Адуу,2.069,330.957,0.625157,,
2021,422,Sukhbaatar,Сүхбаатар,2,Cattle,Үхэр,4.606,280.91,1.639671,,
2021,422,Sukhbaatar,Сүхбаатар,3,Camel,Тэмээ,0.039,7.614,0.512214,,
2021,422,Sukhbaatar,Сүхбаатар,4,Sheep,Хонь,17.035,1993.905,0.854354,,
2021,422,Sukhbaatar,Сүхбаатар,5,Goat,Ямаа,19.681,1280.239,1.537291,,
2021,423,Khentii,Хэнтий,0,Total,Бүгд,232.396,4667.885,4.978615,,
2021,423,Khentii,Хэнтий,1,Horse,Адуу,9.9,321.514,3.079182,,
2021,423,Khentii,Хэнтий,2,Cattle,Үхэр,13.307,374.718,3.551204,,
2021,423,Khentii,Хэнтий,3,Camel,Тэмээ,0.045,4.024,1.11829,,
2021,423,Khentii,Хэнтий,4,Sheep,Хонь,110.569,2344.743,4.715613,,
2021,423,Khentii,Хэнтий,5,Goat,Ямаа,98.575,1622.886,6.074056,,
2021,511,Ulaanbaatar,Улаанбаатар,0,Total,Бүгд,15.491,468.69,3.30517,,
2021,511,Ulaanbaatar,Улаанбаатар,1,Horse,Адуу,1.573,57.609,2.730476,,
2021,511,Ulaanbaatar,Улаанбаатар,2,Cattle,Үхэр,2.879,89.513,3.216293,,
2021,511,Ulaanbaatar,Улаанбаатар,3,Camel,Тэмээ,0,0.245,0.0,,
2021,511,Ulaanbaatar,Улаанбаатар,4,Sheep,Хонь,5.1,174.896,2.916019,,
2021,511,Ulaanbaatar,Улаанбаатар,5,Goat,Ямаа,5.939,146.427,4.055946,,
2022,0,Total,Улсын дүн,0,Total,Бүгд,667.534,67343.759,0.991234,,
2022,0,Total,Улсын дүн,1,Horse,Адуу,34.244,4324.444,0.791871,,
2022,0,Total,Улсын дүн,2,Cattle,Үхэр,56.785,5022.225,1.130674,,
2022,0,Total,Улсын дүн,3,Camel,Тэмээ,1.956,454.038,0.430801,,
2022,0,Total,Улсын дүн,4,Sheep,Хонь,301.847,31086.963,0.970976,,
2022,0,Total,Улсын дүн,5,Goat,Ямаа,272.702,26456.089,1.030772,,
2022,181,Zavkhan,Завхан,0,Total,Бүгд,16.945,3755.163,0.451245,,
2022,181,Zavkhan,Завхан,1,Horse,Адуу,1.073,252.73,0.424564,,
2022,181,Zavkhan,Завхан,2,Cattle,Үхэр,1.131,245.165,0.461322,,
2022,181,Zavkhan,Завхан,3,Camel,Тэмээ,0.01,8.274,0.120861,,
2022,181,Zavkhan,Завхан,4,Sheep,Хонь,8.412,1919.536,0.438231,,
2022,181,Zavkhan,Завхан,5,Goat,Ямаа,6.319,1329.458,0.475306,,
2022,182,Govi-Altai,Говь-Алтай,0,Total,Бүгд,15.366,2990.505,0.513826,,
2022,182,Govi-Altai,Говь-Алтай,1,Horse,Адуу,0.658,115.475,0.56982,,
2022,182,Govi-Altai,Говь-Алтай,2,Cattle,Үхэр,0.384,69.585,0.551843,,
2022,182,Govi-Altai,Говь-Алтай,3,Camel,Тэмээ,0.071,43.693,0.162497,,
2022,182,Govi-Altai,Говь-Алтай,4,Sheep,Хонь,4.726,885.992,0.533413,,
2022,182,Govi-Altai,Говь-Алтай,5,Goat,Ямаа,9.527,1875.76,0.507901,,
2022,183,Bayan-Ulgii,Баян-Өлгий,0,Total,Бүгд,15.108,2379.013,0.635053,,
2022,183,Bayan-Ulgii,Баян-Өлгий,1,Horse,Адуу,1.116,113.361,0.984466,,
2022,183,Bayan-Ulgii,Баян-Өлгий,2,Cattle,Үхэр,1.718,181.947,0.944231,,
2022,183,Bayan-Ulgii,Баян-Өлгий,3,Camel,Тэмээ,0.033,5.919,0.557527,,
2022,183,Bayan-Ulgii,Баян-Өлгий,4,Sheep,Хонь,4.633,1013.977,0.456914,,
2022,183,Bayan-Ulgii,Баян-Өлгий,5,Goat,Ямаа,7.608,1063.809,0.715166,,
2022,184,Khovd,Ховд,0,Total,Бүгд,39.812,3596.969,1.106821,,
2022,184,Khovd,Ховд,1,Horse,Адуу,1.774,146.646,1.209716,,
2022,184,Khovd,Ховд,2,Cattle,Үхэр,2.308,207.617,1.111662,,
2022,184,Khovd,Ховд,3,Camel,Тэмээ,0.133,27.639,0.481204,,
2022,184,Khovd,Ховд,4,Sheep,Хонь,11.82,1267.809,0.932317,,
2022,184,Khovd,Ховд,5,Goat,Ямаа,23.777,1947.258,1.22105,,
2022,185,Uvs,Увс,0,Total,Бүгд,64.574,3726.399,1.732879,,
2022,185,Uvs,Увс,1,Horse,Адуу,2.086,157.087,1.327927,,
2022,185,Uvs,Увс,2,Cattle,Үхэр,4.291,245.664,1.746695,,
2022,185,Uvs,Увс,3,Camel,Тэмээ,0.229,26.363,0.868642,,
2022,185,Uvs,Увс,4,Sheep,Хонь,28.92,1798.368,1.608125,,
2022,185,Uvs,Увс,5,Goat,Ямаа,29.048,1498.917,1.937933,,
2022,261,Orkhon,Орхон,0,Total,Бүгд,0.798,154.583,0.516228,,
2022,261,Orkhon,Орхон,1,Horse,Адуу,0.096,15.726,0.610454,,
2022,261,Orkhon,Орхон,2,Cattle,Үхэр,0.104,24.291,0.428142,,
2022,261,Orkhon,Орхон,3,Camel,Тэмээ,0,0.064,0.0,,
2022,261,Orkhon,Орхон,4,Sheep,Хонь,0.432,59.648,0.724249,,
2022,261,Orkhon,Орхон,5,Goat,Ямаа,0.166,54.854,0.302622,,
2022,262,Uvurkhangai,Өвөрхангай,0,Total,Бүгд,11.735,4022.69,0.29172,,
2022,262,Uvurkhangai,Өвөрхангай,1,Horse,Адуу,0.778,269.556,0.288623,,
2022,262,Uvurkhangai,Өвөрхангай,2,Cattle,Үхэр,0.615,239.705,0.256565,,
2022,262,Uvurkhangai,Өвөрхангай,3,Camel,Тэмээ,0.008,19.043,0.04201,,
2022,262,Uvurkhangai,Өвөрхангай,4,Sheep,Хонь,5.402,2000.89,0.26998,,
2022,262,Uvurkhangai,Өвөрхангай,5,Goat,Ямаа,4.932,1493.496,0.330232,,
2022,263,Bulgan,Булган,0,Total,Бүгд,33.703,3622.254,0.930443,,
2022,263,Bulgan,Булган,1,Horse,Адуу,2.348,285.671,0.821925,,
2022,263,Bulgan,Булган,2,Cattle,Үхэр,2.787,293.665,0.949041,,
2022,263,Bulgan,Булган,3,Camel,Тэмээ,0.025,1.493,1.674481,,
2022,263,Bulgan,Булган,4,Sheep,Хонь,17.72,1918.925,0.923434,,
2022,263,Bulgan,Булган,5,Goat,Ямаа,10.823,1122.5,0.964187,,
2022,264,Bayankhongor,Баянхонгор,0,Total,Бүгд,10.091,3127.124,0.322693,,
2022,264,Bayankhongor,Баянхонгор,1,Horse,Адуу,0.568,136.633,0.415712,,
2022,264,Bayankhongor,Баянхонгор,2,Cattle,Үхэр,1.328,197.924,0.670965,,
2022,264,Bayankhongor,Баянхонгор,3,Camel,Тэмээ,0.032,45.467,0.070381,,
2022,264,Bayankhongor,Баянхонгор,4,Sheep,Хонь,3.775,951.776,0.396627,,
2022,264,Bayankhongor,Баянхонгор,5,Goat,Ямаа,4.388,1795.324,0.244413,,
2022,265,Arkhangai,Архангай,0,Total,Бүгд,73.336,5562.172,1.318478,,
2022,265,Arkhangai,Архангай,1,Horse,Адуу,3.742,416.318,0.898832,,
2022,265,Arkhangai,Архангай,2,Cattle,Үхэр,6.981,722.169,0.966671,,
2022,265,Arkhangai,Архангай,3,Camel,Тэмээ,0.013,1.667,0.779844,,
2022,265,Arkhangai,Архангай,4,Sheep,Хонь,39.388,2935.059,1.341983,,
2022,265,Arkhangai,Архангай,5,Goat,Ямаа,23.212,1486.959,1.561038,,
2022,267,Khuvsgul,Хөвсгөл,0,Total,Бүгд,66.689,5943.214,1.122103,,
2022,267,Khuvsgul,Хөвсгөл,1,Horse,Адуу,2.754,305.649,0.901034,,
2022,267,Khuvsgul,Хөвсгөл,2,Cattle,Үхэр,6.642,556.105,1.194379,,
2022,267,Khuvsgul,Хөвсгөл,3,Camel,Тэмээ,0.022,2.352,0.935374,,
2022,267,Khuvsgul,Хөвсгөл,4,Sheep,Хонь,30.603,2883.227,1.061415,,
2022,267,Khuvsgul,Хөвсгөл,5,Goat,Ямаа,26.668,2195.881,1.214456,,
2022,341,Tuv,Төв,0,Total,Бүгд,41.803,4746.042,0.880797,,
2022,341,Tuv,Төв,1,Horse,Адуу,2.964,356.831,0.830645,,
2022,341,Tuv,Төв,2,Cattle,Үхэр,3.805,319.967,1.189185,,
2022,341,Tuv,Төв,3,Camel,Тэмээ,0.027,3.662,0.737302,,
2022,341,Tuv,Төв,4,Sheep,Хонь,19.49,2535.482,0.76869,,
2022,341,Tuv,Төв,5,Goat,Ямаа,15.517,1530.1,1.014117,,
2022,342,Govisumber,Говьсүмбэр,0,Total,Бүгд,2.514,432.196,0.581681,,
2022,342,Govisumber,Говьсүмбэр,1,Horse,Адуу,0.124,24.268,0.510961,,
2022,342,Govisumber,Говьсүмбэр,2,Cattle,Үхэр,0.088,17.81,0.494104,,
2022,342,Govisumber,Говьсүмбэр,3,Camel,Тэмээ,0.002,1.067,0.187441,,
2022,342,Govisumber,Говьсүмбэр,4,Sheep,Хонь,1.303,219.42,0.593838,,
2022,342,Govisumber,Говьсүмбэр,5,Goat,Ямаа,0.997,169.631,0.587746,,
2022,343,Selenge,Сэлэнгэ,0,Total,Бүгд,13.372,1886.735,0.708738,,
2022,343,Selenge,Сэлэнгэ,1,Horse,Адуу,1.132,119.931,0.943876,,
2022,343,Selenge,Сэлэнгэ,2,Cattle,Үхэр,2.252,281.565,0.799815,,
2022,343,Selenge,Сэлэнгэ,3,Camel,Тэмээ,0.002,0.467,0.428266,,
2022,343,Selenge,Сэлэнгэ,4,Sheep,Хонь,5.397,849.736,0.635138,,
2022,343,Selenge,Сэлэнгэ,5,Goat,Ямаа,4.589,635.036,0.722636,,
2022,344,Dornogovi,Дорноговь,0,Total,Бүгд,5.611,2706.795,0.207293,,
2022,344,Dornogovi,Дорноговь,1,Horse,Адуу,0.399,183.849,0.217026,,
2022,344,Dornogovi,Дорноговь,2,Cattle,Үхэр,0.277,118.062,0.234622,,
2022,344,Dornogovi,Дорноговь,3,Camel,Тэмээ,0.131,48.335,0.271025,,
2022,344,Dornogovi,Дорноговь,4,Sheep,Хонь,2.387,1158.465,0.206049,,
2022,344,Dornogovi,Дорноговь,5,Goat,Ямаа,2.417,1198.084,0.201739,,
2022,345,Darkhan-Uul,Дархан-Уул,0,Total,Бүгд,2.883,355.327,0.811365,,
2022,345,Darkhan-Uul,Дархан-Уул,1,Horse,Адуу,0.172,22.112,0.777858,,
2022,345,Darkhan-Uul,Дархан-Уул,2,Cattle,Үхэр,0.505,50.913,0.991888,,
2022,345,Darkhan-Uul,Дархан-Уул,3,Camel,Тэмээ,0.001,0.088,1.136364,,
2022,345,Darkhan-Uul,Дархан-Уул,4,Sheep,Хонь,1.432,163.834,0.874055,,
2022,345,Darkhan-Uul,Дархан-Уул,5,Goat,Ямаа,0.773,118.38,0.652982,,
2022,346,Umnugovi,Өмнөговь,0,Total,Бүгд,10.66,2513.805,0.424058,,
2022,346,Umnugovi,Өмнөговь,1,Horse,Адуу,0.732,102.019,0.717513,,
2022,346,Umnugovi,Өмнөговь,2,Cattle,Үхэр,0.155,31.28,0.495524,,
2022,346,Umnugovi,Өмнөговь,3,Camel,Тэмээ,1.051,160.58,0.654502,,
2022,346,Umnugovi,Өмнөговь,4,Sheep,Хонь,2.435,626.707,0.388539,,
2022,346,Umnugovi,Өмнөговь,5,Goat,Ямаа,6.287,1593.219,0.39461,,
2022,348,Dundgovi,Дундговь,0,Total,Бүгд,4.576,3170.484,0.144331,,
2022,348,Dundgovi,Дундговь,1,Horse,Адуу,0.199,158.717,0.12538,,
2022,348,Dundgovi,Дундговь,2,Cattle,Үхэр,0.186,65.726,0.282993,,
2022,348,Dundgovi,Дундговь,3,Camel,Тэмээ,0.052,39.372,0.132074,,
2022,348,Dundgovi,Дундговь,4,Sheep,Хонь,1.488,1533.389,0.09704,,
2022,348,Dundgovi,Дундговь,5,Goat,Ямаа,2.651,1373.28,0.193041,,
2022,421,Dornod,Дорнод,0,Total,Бүгд,10.401,3051.069,0.340897,,
2022,421,Dornod,Дорнод,1,Horse,Адуу,0.498,368.504,0.135141,,
2022,421,Dornod,Дорнод,2,Cattle,Үхэр,2.741,353.221,0.776001,,
2022,421,Dornod,Дорнод,3,Camel,Тэмээ,0.014,6.493,0.215617,,
2022,421,Dornod,Дорнод,4,Sheep,Хонь,3.403,1470.176,0.231469,,
2022,421,Dornod,Дорнод,5,Goat,Ямаа,3.745,852.675,0.439206,,
2022,422,Sukhbaatar,Сүхбаатар,0,Total,Бүгд,15.803,4202.938,0.375999,,
2022,422,Sukhbaatar,Сүхбаатар,1,Horse,Адуу,1.668,364.573,0.457522,,
2022,422,Sukhbaatar,Сүхбаатар,2,Cattle,Үхэр,1.732,308.227,0.561924,,
2022,422,Sukhbaatar,Сүхбаатар,3,Camel,Тэмээ,0.039,7.748,0.503356,,
2022,422,Sukhbaatar,Сүхбаатар,4,Sheep,Хонь,6.076,2179.012,0.278842,,
2022,422,Sukhbaatar,Сүхбаатар,5,Goat,Ямаа,6.288,1343.378,0.468074,,
2022,423,Khentii,Хэнтий,0,Total,Бүгд,204.749,4954.962,4.132201,,
2022,423,Khentii,Хэнтий,1,Horse,Адуу,8.544,346.807,2.463618,,
2022,423,Khentii,Хэнтий,2,Cattle,Үхэр,15.525,407.089,3.813662,,
2022,423,Khentii,Хэнтий,3,Camel,Тэмээ,0.059,4.127,1.42961,,
2022,423,Khentii,Хэнтий,4,Sheep,Хонь,99.992,2546.529,3.9266,,
2022,423,Khentii,Хэнтий,5,Goat,Ямаа,80.629,1650.41,4.885392,,
2022,511,Ulaanbaatar,Улаанбаатар,0,Total,Бүгд,7.005,443.32,1.580123,,
2022,511,Ulaanbaatar,Улаанбаатар,1,Horse,Адуу,0.819,61.981,1.321373,,
2022,511,Ulaanbaatar,Улаанбаатар,2,Cattle,Үхэр,1.23,84.528,1.455139,,
2022,511,Ulaanbaatar,Улаанбаатар,3,Camel,Тэмээ,0.002,0.125,1.6,,
2022,511,Ulaanbaatar,Улаанбаатар,4,Sheep,Хонь,2.613,169.006,1.546099,,
2022,511,Ulaanbaatar,Улаанбаатар,5,Goat,Ямаа,2.341,127.68,1.83349,,
2023,0,Total,Улсын дүн,0,Total,Бүгд,4921.492,71121.451,6.919842,,
2023,0,Total,Улсын дүн,1,Horse,Адуу,269.654,4821.066,5.593244,,
2023,0,Total,Улсын дүн,2,Cattle,Үхэр,415.469,5512.839,7.536389,,
2023,0,Total,Улсын дүн,3,Camel,Тэмээ,8.837,470.469,1.878338,,
2023,0,Total,Улсын дүн,4,Sheep,Хонь,2174.219,32747.682,6.639307,,
2023,0,Total,Улсын дүн,5,Goat,Ямаа,2053.313,27569.395,7.447799,,
2023,181,Zavkhan,Завхан,0,Total,Бүгд,235.312,3721.059,6.323791,,
2023,181,Zavkhan,Завхан,1,Horse,Адуу,15.058,271.568,5.544836,,
2023,181,Zavkhan,Завхан,2,Cattle,Үхэр,20.907,265.477,7.875258,,
2023,181,Zavkhan,Завхан,3,Camel,Тэмээ,0.045,8.701,0.517182,,
2023,181,Zavkhan,Завхан,4,Sheep,Хонь,101.618,1888.615,5.380557,,
2023,181,Zavkhan,Завхан,5,Goat,Ямаа,97.684,1286.698,7.591836,,
2023,182,Govi-Altai,Говь-Алтай,0,Total,Бүгд,157.021,3167.468,4.957303,,
2023,182,Govi-Altai,Говь-Алтай,1,Horse,Адуу,5.788,127.588,4.536477,,
2023,182,Govi-Altai,Говь-Алтай,2,Cattle,Үхэр,4.776,74.812,6.384003,,
2023,182,Govi-Altai,Говь-Алтай,3,Camel,Тэмээ,0.328,45.367,0.722992,,
2023,182,Govi-Altai,Говь-Алтай,4,Sheep,Хонь,51.975,932.424,5.574181,,
2023,182,Govi-Altai,Говь-Алтай,5,Goat,Ямаа,94.154,1987.277,4.73784,,
2023,183,Bayan-Ulgii,Баян-Өлгий,0,Total,Бүгд,110.632,2255.805,4.904325,,
2023,183,Bayan-Ulgii,Баян-Өлгий,1,Horse,Адуу,7.269,116.745,6.226391,,
2023,183,Bayan-Ulgii,Баян-Өлгий,2,Cattle,Үхэр,13.571,186.313,7.283979,,
2023,183,Bayan-Ulgii,Баян-Өлгий,3,Camel,Тэмээ,0.094,6.127,1.534193,,
2023,183,Bayan-Ulgii,Баян-Өлгий,4,Sheep,Хонь,39.219,979.228,4.005094,,
2023,183,Bayan-Ulgii,Баян-Өлгий,5,Goat,Ямаа,50.479,967.392,5.21805,,
2023,184,Khovd,Ховд,0,Total,Бүгд,294.411,3472.854,8.477494,,
2023,184,Khovd,Ховд,1,Horse,Адуу,16.975,149.331,11.367365,,
2023,184,Khovd,Ховд,2,Cattle,Үхэр,20.511,205.227,9.994299,,
2023,184,Khovd,Ховд,3,Camel,Тэмээ,0.603,29.557,2.040126,,
2023,184,Khovd,Ховд,4,Sheep,Хонь,96.267,1242.835,7.745759,,
2023,184,Khovd,Ховд,5,Goat,Ямаа,160.055,1845.904,8.670819,,
2023,185,Uvs,Увс,0,Total,Бүгд,413.825,3513.847,11.776978,,
2023,185,Uvs,Увс,1,Horse,Адуу,15.632,166.476,9.389942,,
2023,185,Uvs,Увс,2,Cattle,Үхэр,30.527,255.786,11.934586,,
2023,185,Uvs,Увс,3,Camel,Тэмээ,1.232,27.234,4.523757,,
2023,185,Uvs,Увс,4,Sheep,Хонь,193.113,1711.073,11.286076,,
2023,185,Uvs,Увс,5,Goat,Ямаа,173.321,1353.278,12.807494,,
2023,261,Orkhon,Орхон,0,Total,Бүгд,3.172,169.94,1.866541,,
2023,261,Orkhon,Орхон,1,Horse,Адуу,0.265,17.374,1.525268,,
2023,261,Orkhon,Орхон,2,Cattle,Үхэр,0.633,27.588,2.294476,,
2023,261,Orkhon,Орхон,3,Camel,Тэмээ,0.001,0.081,1.234568,,
2023,261,Orkhon,Орхон,4,Sheep,Хонь,0.973,66.299,1.467594,,
2023,261,Orkhon,Орхон,5,Goat,Ямаа,1.3,58.598,2.218506,,
2023,262,Uvurkhangai,Өвөрхангай,0,Total,Бүгд,178.733,4590.411,3.893616,,
2023,262,Uvurkhangai,Өвөрхангай,1,Horse,Адуу,10.71,320.154,3.345265,,
2023,262,Uvurkhangai,Өвөрхангай,2,Cattle,Үхэр,11.541,277.639,4.156837,,
2023,262,Uvurkhangai,Өвөрхангай,3,Camel,Тэмээ,0.065,19.262,0.337452,,
2023,262,Uvurkhangai,Өвөрхангай,4,Sheep,Хонь,84.512,2265.197,3.73089,,
2023,262,Uvurkhangai,Өвөрхангай,5,Goat,Ямаа,71.905,1708.159,4.209503,,
2023,263,Bulgan,Булган,0,Total,Бүгд,263.818,3892.842,6.777003,,
2023,263,Bulgan,Булган,1,Horse,Адуу,15.732,331.775,4.741768,,
2023,263,Bulgan,Булган,2,Cattle,Үхэр,18.721,332.213,5.63524,,
2023,263,Bulgan,Булган,3,Camel,Тэмээ,0.025,1.571,1.591343,,
2023,263,Bulgan,Булган,4,Sheep,Хонь,136.347,2037.78,6.690958,,
2023,263,Bulgan,Булган,5,Goat,Ямаа,92.993,1189.503,7.817803,,
2023,264,Bayankhongor,Баянхонгор,0,Total,Бүгд,42.739,3719.593,1.149024,,
2023,264,Bayankhongor,Баянхонгор,1,Horse,Адуу,2.531,160.373,1.578196,,
2023,264,Bayankhongor,Баянхонгор,2,Cattle,Үхэр,6.337,222.957,2.842252,,
2023,264,Bayankhongor,Баянхонгор,3,Camel,Тэмээ,0.069,45.529,0.151552,,
2023,264,Bayankhongor,Баянхонгор,4,Sheep,Хонь,13.49,1108.033,1.217473,,
2023,264,Bayankhongor,Баянхонгор,5,Goat,Ямаа,20.312,2182.701,0.93059,,
2023,265,Arkhangai,Архангай,0,Total,Бүгд,682.28,5886.088,11.5914,,
2023,265,Arkhangai,Архангай,1,Horse,Адуу,46.412,467.966,9.917815,,
2023,265,Arkhangai,Архангай,2,Cattle,Үхэр,88.306,814.548,10.841105,,
2023,265,Arkhangai,Архангай,3,Camel,Тэмээ,0.106,1.719,6.166376,,
2023,265,Arkhangai,Архангай,4,Sheep,Хонь,342.92,3074.961,11.152011,,
2023,265,Arkhangai,Архангай,5,Goat,Ямаа,204.536,1526.894,13.39556,,
2023,267,Khuvsgul,Хөвсгөл,0,Total,Бүгд,283.197,6254.095,4.528185,,
2023,267,Khuvsgul,Хөвсгөл,1,Horse,Адуу,11.438,348.461,3.282433,,
2023,267,Khuvsgul,Хөвсгөл,2,Cattle,Үхэр,26.097,627.529,4.158692,,
2023,267,Khuvsgul,Хөвсгөл,3,Camel,Тэмээ,0.051,2.507,2.034304,,
2023,267,Khuvsgul,Хөвсгөл,4,Sheep,Хонь,138.803,3034.279,4.574497,,
2023,267,Khuvsgul,Хөвсгөл,5,Goat,Ямаа,106.808,2241.319,4.765408,,
2023,341,Tuv,Төв,0,Total,Бүгд,198.285,5107.698,3.882082,,
2023,341,Tuv,Төв,1,Horse,Адуу,10.881,398.765,2.728675,,
2023,341,Tuv,Төв,2,Cattle,Үхэр,16.823,348.849,4.82243,,
2023,341,Tuv,Төв,3,Camel,Тэмээ,0.039,3.975,0.981132,,
2023,341,Tuv,Төв,4,Sheep,Хонь,95.94,2727.414,3.517618,,
2023,341,Tuv,Төв,5,Goat,Ямаа,74.602,1628.695,4.580477,,
2023,342,Govisumber,Говьсүмбэр,0,Total,Бүгд,4.902,464.294,1.055797,,
2023,342,Govisumber,Говьсүмбэр,1,Horse,Адуу,0.179,27.731,0.645487,,
2023,342,Govisumber,Говьсүмбэр,2,Cattle,Үхэр,0.217,19.721,1.10035,,
2023,342,Govisumber,Говьсүмбэр,3,Camel,Тэмээ,0.004,1.004,0.398406,,
2023,342,Govisumber,Говьсүмбэр,4,Sheep,Хонь,2.011,236.019,0.85205,,
2023,342,Govisumber,Говьсүмбэр,5,Goat,Ямаа,2.491,179.819,1.385282,,
2023,343,Selenge,Сэлэнгэ,0,Total,Бүгд,67.606,1912.34,3.53525,,
2023,343,Selenge,Сэлэнгэ,1,Horse,Адуу,3.926,129.223,3.038159,,
2023,343,Selenge,Сэлэнгэ,2,Cattle,Үхэр,12.231,298.458,4.098064,,
2023,343,Selenge,Сэлэнгэ,3,Camel,Тэмээ,0.009,0.553,1.627486,,
2023,343,Selenge,Сэлэнгэ,4,Sheep,Хонь,25.419,857.442,2.964515,,
2023,343,Selenge,Сэлэнгэ,5,Goat,Ямаа,26.021,626.664,4.152305,,
2023,344,Dornogovi,Дорноговь,0,Total,Бүгд,158.67,2909.698,5.453143,,
2023,344,Dornogovi,Дорноговь,1,Horse,Адуу,12.67,202.203,6.26598,,
2023,344,Dornogovi,Дорноговь,2,Cattle,Үхэр,13.056,131.499,9.928593,,
2023,344,Dornogovi,Дорноговь,3,Camel,Тэмээ,0.483,52.631,0.91771,,
2023,344,Dornogovi,Дорноговь,4,Sheep,Хонь,47.232,1245.05,3.793583,,
2023,344,Dornogovi,Дорноговь,5,Goat,Ямаа,85.229,1278.315,6.667292,,
2023,345,Darkhan-Uul,Дархан-Уул,0,Total,Бүгд,28.537,313.213,9.111052,,
2023,345,Darkhan-Uul,Дархан-Уул,1,Horse,Адуу,0.498,21.623,2.303103,,
2023,345,Darkhan-Uul,Дархан-Уул,2,Cattle,Үхэр,2.276,48.378,4.704618,,
2023,345,Darkhan-Uul,Дархан-Уул,3,Camel,Тэмээ,0,0.049,0.0,,
2023,345,Darkhan-Uul,Дархан-Уул,4,Sheep,Хонь,12.251,140.567,8.715417,,
2023,345,Darkhan-Uul,Дархан-Уул,5,Goat,Ямаа,13.512,102.596,13.170104,,
2023,346,Umnugovi,Өмнөговь,0,Total,Бүгд,169.64,2637.329,6.432265,,
2023,346,Umnugovi,Өмнөговь,1,Horse,Адуу,6.453,112.45,5.73855,,
2023,346,Umnugovi,Өмнөговь,2,Cattle,Үхэр,3.122,34.763,8.980813,,
2023,346,Umnugovi,Өмнөговь,3,Camel,Тэмээ,5.055,164.766,3.067987,,
2023,346,Umnugovi,Өмнөговь,4,Sheep,Хонь,30.046,675.72,4.446516,,
2023,346,Umnugovi,Өмнөговь,5,Goat,Ямаа,124.964,1649.63,7.575274,,
2023,348,Dundgovi,Дундговь,0,Total,Бүгд,48.273,3626.37,1.331166,,
2023,348,Dundgovi,Дундговь,1,Horse,Адуу,1.809,183.067,0.988163,,
2023,348,Dundgovi,Дундговь,2,Cattle,Үхэр,1.127,74.535,1.512041,,
2023,348,Dundgovi,Дундговь,3,Camel,Тэмээ,0.214,41.138,0.5202,,
2023,348,Dundgovi,Дундговь,4,Sheep,Хонь,16.047,1724.215,0.930684,,
2023,348,Dundgovi,Дундговь,5,Goat,Ямаа,29.076,1603.415,1.81338,,
2023,421,Dornod,Дорнод,0,Total,Бүгд,100.833,3342.317,3.016859,,
2023,421,Dornod,Дорнод,1,Horse,Адуу,6.292,420.154,1.497546,,
2023,421,Dornod,Дорнод,2,Cattle,Үхэр,17.091,401.882,4.252741,,
2023,421,Dornod,Дорнод,3,Camel,Тэмээ,0.041,6.459,0.634773,,
2023,421,Dornod,Дорнод,4,Sheep,Хонь,42.502,1615.402,2.631048,,
2023,421,Dornod,Дорнод,5,Goat,Ямаа,34.907,898.42,3.885377,,
2023,422,Sukhbaatar,Сүхбаатар,0,Total,Бүгд,578.448,4644.799,12.453671,,
2023,422,Sukhbaatar,Сүхбаатар,1,Horse,Адуу,27.248,402.53,6.769185,,
2023,422,Sukhbaatar,Сүхбаатар,2,Cattle,Үхэр,30.432,341.822,8.902879,,
2023,422,Sukhbaatar,Сүхбаатар,3,Camel,Тэмээ,0.102,7.981,1.278035,,
2023,422,Sukhbaatar,Сүхбаатар,4,Sheep,Хонь,272.52,2410.038,11.307706,,
2023,422,Sukhbaatar,Сүхбаатар,5,Goat,Ямаа,248.146,1482.428,16.73916,,
2023,423,Khentii,Хэнтий,0,Total,Бүгд,858.344,5076.55,16.908018,,
2023,423,Khentii,Хэнтий,1,Horse,Адуу,47.897,376.594,12.718471,,
2023,423,Khentii,Хэнтий,2,Cattle,Үхэр,71.53,434.836,16.44988,,
2023,423,Khentii,Хэнтий,3,Camel,Тэмээ,0.267,4.127,6.469591,,
2023,423,Khentii,Хэнтий,4,Sheep,Хонь,412.17,2610.766,15.787321,,
2023,423,Khentii,Хэнтий,5,Goat,Ямаа,326.48,1650.227,19.783945,,
2023,511,Ulaanbaatar,Улаанбаатар,0,Total,Бүгд,42.814,442.841,9.66803,,
2023,511,Ulaanbaatar,Улаанбаатар,1,Horse,Адуу,3.991,68.915,5.791192,,
2023,511,Ulaanbaatar,Улаанбаатар,2,Cattle,Үхэр,5.637,88.007,6.405172,,
2023,511,Ulaanbaatar,Улаанбаатар,3,Camel,Тэмээ,0.004,0.131,3.053435,,
2023,511,Ulaanbaatar,Улаанбаатар,4,Sheep,Хонь,18.844,164.325,11.467519,,
2023,511,Ulaanbaatar,Улаанбаатар,5,Goat,Ямаа,14.338,121.463,11.804418,,
2024,0,Total,Улсын дүн,0,Total,Бүгд,9364.083,64681.876,14.477136,,
2024,0,Total,Улсын дүн,1,Horse,Адуу,558.871,4829.688,11.571576,,
2024,0,Total,Улсын дүн,2,Cattle,Үхэр,800.121,5350.755,14.953422,,
2024,0,Total,Улсын дүн,3,Camel,Тэмээ,11.247,473.853,2.373521,,
2024,0,Total,Улсын дүн,4,Sheep,Хонь,5037.614,29409.352,17.129293,,
2024,0,Total,Улсын дүн,5,Goat,Ямаа,2956.23,24618.228,12.008297,,
2024,181,Zavkhan,Завхан,0,Total,Бүгд,245.65,3067.551,8.008017,,
2024,181,Zavkhan,Завхан,1,Horse,Адуу,20.312,253.415,8.015311,,
2024,181,Zavkhan,Завхан,2,Cattle,Үхэр,39.109,236.41,16.54287,,
2024,181,Zavkhan,Завхан,3,Camel,Тэмээ,0.043,8.686,0.49505,,
2024,181,Zavkhan,Завхан,4,Sheep,Хонь,113.089,1518.881,7.445547,,
2024,181,Zavkhan,Завхан,5,Goat,Ямаа,73.097,1050.159,6.960565,,
2024,182,Govi-Altai,Говь-Алтай,0,Total,Бүгд,131.593,3013.207,4.367207,,
2024,182,Govi-Altai,Говь-Алтай,1,Horse,Адуу,4.225,124.478,3.394174,,
2024,182,Govi-Altai,Говь-Алтай,2,Cattle,Үхэр,3.572,74.624,4.786664,,
2024,182,Govi-Altai,Говь-Алтай,3,Camel,Тэмээ,0.346,47.404,0.729896,,
2024,182,Govi-Altai,Говь-Алтай,4,Sheep,Хонь,39.182,882.39,4.44044,,
2024,182,Govi-Altai,Говь-Алтай,5,Goat,Ямаа,84.268,1884.311,4.472086,,
2024,183,Bayan-Ulgii,Баян-Өлгий,0,Total,Бүгд,78.844,2046.095,3.853389,,
2024,183,Bayan-Ulgii,Баян-Өлгий,1,Horse,Адуу,5.393,115.834,4.655801,,
2024,183,Bayan-Ulgii,Баян-Өлгий,2,Cattle,Үхэр,10.931,175.527,6.227532,,
2024,183,Bayan-Ulgii,Баян-Өлгий,3,Camel,Тэмээ,0.051,6.231,0.818488,,
2024,183,Bayan-Ulgii,Баян-Өлгий,4,Sheep,Хонь,26.446,876.737,3.016412,,
2024,183,Bayan-Ulgii,Баян-Өлгий,5,Goat,Ямаа,36.023,871.766,4.132187,,
2024,184,Khovd,Ховд,0,Total,Бүгд,79.615,3194.895,2.491944,,
2024,184,Khovd,Ховд,1,Horse,Адуу,2.497,142.926,1.747058,,
2024,184,Khovd,Ховд,2,Cattle,Үхэр,4.394,196.193,2.239631,,
2024,184,Khovd,Ховд,3,Camel,Тэмээ,0.19,30.715,0.61859,,
2024,184,Khovd,Ховд,4,Sheep,Хонь,31.133,1147.127,2.713998,,
2024,184,Khovd,Ховд,5,Goat,Ямаа,41.401,1677.934,2.46738,,
2024,185,Uvs,Увс,0,Total,Бүгд,261.702,2994.489,8.739454,,
2024,185,Uvs,Увс,1,Horse,Адуу,15.385,158.606,9.700137,,
2024,185,Uvs,Увс,2,Cattle,Үхэр,17.19,224.841,7.645403,,
2024,185,Uvs,Увс,3,Camel,Тэмээ,0.412,25.878,1.592086,,
2024,185,Uvs,Увс,4,Sheep,Хонь,135.242,1428.15,9.469734,,
2024,185,Uvs,Увс,5,Goat,Ямаа,93.473,1157.014,8.078813,,
2024,261,Orkhon,Орхон,0,Total,Бүгд,8.499,175.329,4.847458,,
2024,261,Orkhon,Орхон,1,Horse,Адуу,0.754,21.163,3.562822,,
2024,261,Orkhon,Орхон,2,Cattle,Үхэр,1.649,31.981,5.156186,,
2024,261,Orkhon,Орхон,3,Camel,Тэмээ,0.001,0.075,1.333333,,
2024,261,Orkhon,Орхон,4,Sheep,Хонь,2.872,68.005,4.223219,,
2024,261,Orkhon,Орхон,5,Goat,Ямаа,3.223,54.105,5.956936,,
2024,262,Uvurkhangai,Өвөрхангай,0,Total,Бүгд,115.236,4734.685,2.433868,,
2024,262,Uvurkhangai,Өвөрхангай,1,Horse,Адуу,5.823,349.391,1.666614,,
2024,262,Uvurkhangai,Өвөрхангай,2,Cattle,Үхэр,4.665,312.362,1.49346,,
2024,262,Uvurkhangai,Өвөрхангай,3,Camel,Тэмээ,0.07,20.682,0.338459,,
2024,262,Uvurkhangai,Өвөрхангай,4,Sheep,Хонь,59.709,2324.75,2.568405,,
2024,262,Uvurkhangai,Өвөрхангай,5,Goat,Ямаа,44.969,1727.5,2.603126,,
2024,263,Bulgan,Булган,0,Total,Бүгд,606.511,3622.884,16.74111,,
2024,263,Bulgan,Булган,1,Horse,Адуу,36.352,351.114,10.353333,,
2024,263,Bulgan,Булган,2,Cattle,Үхэр,29.7,347.196,8.554246,,
2024,263,Bulgan,Булган,3,Camel,Тэмээ,0.077,2.029,3.794973,,
2024,263,Bulgan,Булган,4,Sheep,Хонь,390.499,1866.588,20.920471,,
2024,263,Bulgan,Булган,5,Goat,Ямаа,149.883,1055.957,14.194044,,
2024,264,Bayankhongor,Баянхонгор,0,Total,Бүгд,310.735,4072.203,7.630636,,
2024,264,Bayankhongor,Баянхонгор,1,Horse,Адуу,14.403,177.295,8.123749,,
2024,264,Bayankhongor,Баянхонгор,2,Cattle,Үхэр,38.618,238.203,16.212222,,
2024,264,Bayankhongor,Баянхонгор,3,Camel,Тэмээ,0.954,48.948,1.949007,,
2024,264,Bayankhongor,Баянхонгор,4,Sheep,Хонь,101.29,1218.431,8.31315,,
2024,264,Bayankhongor,Баянхонгор,5,Goat,Ямаа,155.47,2389.326,6.506856,,
2024,265,Arkhangai,Архангай,0,Total,Бүгд,993.317,4847.415,20.491685,,
2024,265,Arkhangai,Архангай,1,Horse,Адуу,56.721,448.52,12.646259,,
2024,265,Arkhangai,Архангай,2,Cattle,Үхэр,153.634,740.95,20.734732,,
2024,265,Arkhangai,Архангай,3,Camel,Тэмээ,0.052,1.496,3.475936,,
2024,265,Arkhangai,Архангай,4,Sheep,Хонь,571.934,2391.975,23.910534,,
2024,265,Arkhangai,Архангай,5,Goat,Ямаа,210.976,1264.474,16.684882,,
2024,267,Khuvsgul,Хөвсгөл,0,Total,Бүгд,466.282,5662.001,8.235286,,
2024,267,Khuvsgul,Хөвсгөл,1,Horse,Адуу,21.37,362.678,5.892279,,
2024,267,Khuvsgul,Хөвсгөл,2,Cattle,Үхэр,59.855,636.994,9.396478,,
2024,267,Khuvsgul,Хөвсгөл,3,Camel,Тэмээ,0.095,2.471,3.844597,,
2024,267,Khuvsgul,Хөвсгөл,4,Sheep,Хонь,243.23,2653.961,9.164792,,
2024,267,Khuvsgul,Хөвсгөл,5,Goat,Ямаа,141.732,2005.897,7.065767,,
2024,341,Tuv,Төв,0,Total,Бүгд,843.125,4933.006,17.091506,,
2024,341,Tuv,Төв,1,Horse,Адуу,39.014,425.247,9.174433,,
2024,341,Tuv,Төв,2,Cattle,Үхэр,32.209,355.01,9.072702,,
2024,341,Tuv,Төв,3,Camel,Тэмээ,0.109,4.108,2.653359,,
2024,341,Tuv,Төв,4,Sheep,Хонь,507.874,2642.675,19.218179,,
2024,341,Tuv,Төв,5,Goat,Ямаа,263.919,1505.966,17.524898,,
2024,342,Govisumber,Говьсүмбэр,0,Total,Бүгд,144.718,450.143,32.149339,,
2024,342,Govisumber,Говьсүмбэр,1,Horse,Адуу,9.306,30.797,30.217229,,
2024,342,Govisumber,Говьсүмбэр,2,Cattle,Үхэр,6.94,22.314,31.101551,,
2024,342,Govisumber,Говьсүмбэр,3,Camel,Тэмээ,0.068,1.022,6.65362,,
2024,342,Govisumber,Говьсүмбэр,4,Sheep,Хонь,78.701,227.757,34.554811,,
2024,342,Govisumber,Говьсүмбэр,5,Goat,Ямаа,49.703,168.253,29.540632,,
2024,343,Selenge,Сэлэнгэ,0,Total,Бүгд,71.866,1769.402,4.061598,,
2024,343,Selenge,Сэлэнгэ,1,Horse,Адуу,4.399,140.336,3.13462,,
2024,343,Selenge,Сэлэнгэ,2,Cattle,Үхэр,9.261,303.296,3.053453,,
2024,343,Selenge,Сэлэнгэ,3,Camel,Тэмээ,0.007,0.591,1.184433,,
2024,343,Selenge,Сэлэнгэ,4,Sheep,Хонь,31.893,787.932,4.047684,,
2024,343,Selenge,Сэлэнгэ,5,Goat,Ямаа,26.306,537.247,4.896444,,
2024,344,Dornogovi,Дорноговь,0,Total,Бүгд,682.705,2294.815,29.749893,,
2024,344,Dornogovi,Дорноговь,1,Horse,Адуу,56.077,171.706,32.658731,,
2024,344,Dornogovi,Дорноговь,2,Cattle,Үхэр,38.138,108.077,35.287804,,
2024,344,Dornogovi,Дорноговь,3,Camel,Тэмээ,0.806,54.537,1.477896,,
2024,344,Dornogovi,Дорноговь,4,Sheep,Хонь,351.454,997.722,35.225644,,
2024,344,Dornogovi,Дорноговь,5,Goat,Ямаа,236.23,962.773,24.536417,,
2024,345,Darkhan-Uul,Дархан-Уул,0,Total,Бүгд,6.378,261.286,2.441003,,
2024,345,Darkhan-Uul,Дархан-Уул,1,Horse,Адуу,0.441,21.938,2.010211,,
2024,345,Darkhan-Uul,Дархан-Уул,2,Cattle,Үхэр,0.996,46.008,2.164841,,
2024,345,Darkhan-Uul,Дархан-Уул,3,Camel,Тэмээ,0,0.007,0.0,,
2024,345,Darkhan-Uul,Дархан-Уул,4,Sheep,Хонь,2.705,112.192,2.411045,,
2024,345,Darkhan-Uul,Дархан-Уул,5,Goat,Ямаа,2.236,81.141,2.755697,,
2024,346,Umnugovi,Өмнөговь,0,Total,Бүгд,81.791,2042.001,4.005434,,
2024,346,Umnugovi,Өмнөговь,1,Horse,Адуу,5.895,92.746,6.356069,,
2024,346,Umnugovi,Өмнөговь,2,Cattle,Үхэр,1.615,27.57,5.857816,,
2024,346,Umnugovi,Өмнөговь,3,Camel,Тэмээ,5.19,157.179,3.301968,,
2024,346,Umnugovi,Өмнөговь,4,Sheep,Хонь,22.356,547.301,4.084772,,
2024,346,Umnugovi,Өмнөговь,5,Goat,Ямаа,46.735,1217.205,3.839534,,
2024,348,Dundgovi,Дундговь,0,Total,Бүгд,437.573,3661.115,11.951905,,
2024,348,Dundgovi,Дундговь,1,Horse,Адуу,41.587,194.643,21.365782,,
2024,348,Dundgovi,Дундговь,2,Cattle,Үхэр,8.559,85.52,10.008185,,
2024,348,Dundgovi,Дундговь,3,Camel,Тэмээ,1.635,43.708,3.740734,,
2024,348,Dundgovi,Дундговь,4,Sheep,Хонь,211.821,1759.946,12.035653,,
2024,348,Dundgovi,Дундговь,5,Goat,Ямаа,173.971,1577.298,11.029685,,
2024,421,Dornod,Дорнод,0,Total,Бүгд,433.315,3151.701,13.748607,,
2024,421,Dornod,Дорнод,1,Horse,Адуу,35.015,443.794,7.889922,,
2024,421,Dornod,Дорнод,2,Cattle,Үхэр,78.912,391.54,20.154263,,
2024,421,Dornod,Дорнод,3,Camel,Тэмээ,0.149,6.462,2.305788,,
2024,421,Dornod,Дорнод,4,Sheep,Хонь,193.421,1514.533,12.770999,,
2024,421,Dornod,Дорнод,5,Goat,Ямаа,125.818,795.372,15.818762,,
2024,422,Sukhbaatar,Сүхбаатар,0,Total,Бүгд,1824.993,3859.471,47.286092,,
2024,422,Sukhbaatar,Сүхбаатар,1,Horse,Адуу,72.992,366.346,19.924334,,
2024,422,Sukhbaatar,Сүхбаатар,2,Cattle,Үхэр,135.778,303.503,44.736955,,
2024,422,Sukhbaatar,Сүхбаатар,3,Camel,Тэмээ,0.327,7.556,4.327687,,
2024,422,Sukhbaatar,Сүхбаатар,4,Sheep,Хонь,1067.094,2020.178,52.821781,,
2024,422,Sukhbaatar,Сүхбаатар,5,Goat,Ямаа,548.802,1161.888,47.23364,,
2024,423,Khentii,Хэнтий,0,Total,Бүгд,1506.234,4400.998,34.224828,,
2024,423,Khentii,Хэнтий,1,Horse,Адуу,107.218,358.245,29.92868,,
2024,423,Khentii,Хэнтий,2,Cattle,Үхэр,120.549,405.713,29.712876,,
2024,423,Khentii,Хэнтий,3,Camel,Тэмээ,0.663,3.974,16.683442,,
2024,423,Khentii,Хэнтий,4,Sheep,Хонь,840.267,2266.517,37.073051,,
2024,423,Khentii,Хэнтий,5,Goat,Ямаа,437.537,1366.549,32.017659,,
2024,511,Ulaanbaatar,Улаанбаатар,0,Total,Бүгд,33.401,427.184,7.818879,,
2024,511,Ulaanbaatar,Улаанбаатар,1,Horse,Адуу,3.692,78.47,4.704983,,
2024,511,Ulaanbaatar,Улаанбаатар,2,Cattle,Үхэр,3.847,86.923,4.425756,,
2024,511,Ulaanbaatar,Улаанбаатар,3,Camel,Тэмээ,0.002,0.094,2.12766,,
2024,511,Ulaanbaatar,Улаанбаатар,4,Sheep,Хонь,15.402,155.604,9.898203,,
2024,511,Ulaanbaatar,Улаанбаатар,5,Goat,Ямаа,10.458,106.093,9.857389,,
2025,0,Total,Улсын дүн,0,Total,Бүгд,358.942,57649.656,0.622626,,
2025,0,Total,Улсын дүн,1,Horse,Адуу,37.153,4683.233,0.793319,,
2025,0,Total,Улсын дүн,2,Cattle,Үхэр,45.466,5074.552,0.895961,,
2025,0,Total,Улсын дүн,3,Camel,Тэмээ,1.826,480.567,0.379968,,
2025,0,Total,Улсын дүн,4,Sheep,Хонь,139.625,24491.124,0.570104,,
2025,0,Total,Улсын дүн,5,Goat,Ямаа,134.872,22920.18,0.588442,,
2025,181,Zavkhan,Завхан,0,Total,Бүгд,9.108,3008.248,0.302768,,
2025,181,Zavkhan,Завхан,1,Horse,Адуу,1.239,246.955,0.501711,,
2025,181,Zavkhan,Завхан,2,Cattle,Үхэр,1.043,220.275,0.473499,,
2025,181,Zavkhan,Завхан,3,Camel,Тэмээ,0.064,9.017,0.70977,,
2025,181,Zavkhan,Завхан,4,Sheep,Хонь,3.556,1442.618,0.246496,,
2025,181,Zavkhan,Завхан,5,Goat,Ямаа,3.206,1089.383,0.294295,,
2025,182,Govi-Altai,Говь-Алтай,0,Total,Бүгд,23.522,3095.253,0.759938,,
2025,182,Govi-Altai,Говь-Алтай,1,Horse,Адуу,1.467,130.007,1.128401,,
2025,182,Govi-Altai,Говь-Алтай,2,Cattle,Үхэр,1.279,81.849,1.562634,,
2025,182,Govi-Altai,Говь-Алтай,3,Camel,Тэмээ,0.454,50.089,0.906387,,
2025,182,Govi-Altai,Говь-Алтай,4,Sheep,Хонь,6.509,914.193,0.711994,,
2025,182,Govi-Altai,Говь-Алтай,5,Goat,Ямаа,13.813,1919.115,0.719759,,
2025,183,Bayan-Ulgii,Баян-Өлгий,0,Total,Бүгд,17.34,2125.12,0.815954,,
2025,183,Bayan-Ulgii,Баян-Өлгий,1,Horse,Адуу,1.87,124.862,1.497653,,
2025,183,Bayan-Ulgii,Баян-Өлгий,2,Cattle,Үхэр,2.811,183.885,1.528673,,
2025,183,Bayan-Ulgii,Баян-Өлгий,3,Camel,Тэмээ,0.017,6.717,0.253089,,
2025,183,Bayan-Ulgii,Баян-Өлгий,4,Sheep,Хонь,5.522,905.924,0.609543,,
2025,183,Bayan-Ulgii,Баян-Өлгий,5,Goat,Ямаа,7.12,903.732,0.787844,,
2025,184,Khovd,Ховд,0,Total,Бүгд,38.126,3491.1,1.092091,,
2025,184,Khovd,Ховд,1,Horse,Адуу,2.3,157.4,1.461245,,
2025,184,Khovd,Ховд,2,Cattle,Үхэр,3.677,219.201,1.677456,,
2025,184,Khovd,Ховд,3,Camel,Тэмээ,0.134,35.021,0.382628,,
2025,184,Khovd,Ховд,4,Sheep,Хонь,13.036,1262.019,1.032948,,
2025,184,Khovd,Ховд,5,Goat,Ямаа,18.979,1817.459,1.04426,,
2025,185,Uvs,Увс,0,Total,Бүгд,40.403,2935.537,1.376341,,
2025,185,Uvs,Увс,1,Horse,Адуу,2.205,154.861,1.423858,,
2025,185,Uvs,Увс,2,Cattle,Үхэр,2.914,229.891,1.267557,,
2025,185,Uvs,Увс,3,Camel,Тэмээ,0.373,26.443,1.410581,,
2025,185,Uvs,Увс,4,Sheep,Хонь,18.152,1352.362,1.342244,,
2025,185,Uvs,Увс,5,Goat,Ямаа,16.759,1171.98,1.429973,,
2025,261,Orkhon,Орхон,0,Total,Бүгд,0.51,175.842,0.290033,,
2025,261,Orkhon,Орхон,1,Horse,Адуу,0.112,25.518,0.438906,,
2025,261,Orkhon,Орхон,2,Cattle,Үхэр,0.163,34.758,0.468957,,
2025,261,Orkhon,Орхон,3,Camel,Тэмээ,0,0.077,0.0,,
2025,261,Orkhon,Орхон,4,Sheep,Хонь,0.116,64.119,0.180914,,
2025,261,Orkhon,Орхон,5,Goat,Ямаа,0.119,51.37,0.231653,,
2025,262,Uvurkhangai,Өвөрхангай,0,Total,Бүгд,28.723,5137.946,0.559037,,
2025,262,Uvurkhangai,Өвөрхангай,1,Horse,Адуу,2.969,404.353,0.734259,,
2025,262,Uvurkhangai,Өвөрхангай,2,Cattle,Үхэр,1.906,367.377,0.518813,,
2025,262,Uvurkhangai,Өвөрхангай,3,Camel,Тэмээ,0.002,22.033,0.009077,,
2025,262,Uvurkhangai,Өвөрхангай,4,Sheep,Хонь,12.747,2485.802,0.512792,,
2025,262,Uvurkhangai,Өвөрхангай,5,Goat,Ямаа,11.099,1858.381,0.59724,,
2025,263,Bulgan,Булган,0,Total,Бүгд,18.895,3038.743,0.621803,,
2025,263,Bulgan,Булган,1,Horse,Адуу,3.115,357.168,0.872139,,
2025,263,Bulgan,Булган,2,Cattle,Үхэр,2.725,358.038,0.761092,,
2025,263,Bulgan,Булган,3,Camel,Тэмээ,0.01,2.292,0.4363,,
2025,263,Bulgan,Булган,4,Sheep,Хонь,7.716,1415.467,0.54512,,
2025,263,Bulgan,Булган,5,Goat,Ямаа,5.329,905.778,0.588334,,
2025,264,Bayankhongor,Баянхонгор,0,Total,Бүгд,11.027,4027.076,0.273822,,
2025,264,Bayankhongor,Баянхонгор,1,Horse,Адуу,1.075,176.916,0.607633,,
2025,264,Bayankhongor,Баянхонгор,2,Cattle,Үхэр,1.864,221.482,0.841603,,
2025,264,Bayankhongor,Баянхонгор,3,Camel,Тэмээ,0.109,52.587,0.207276,,
2025,264,Bayankhongor,Баянхонгор,4,Sheep,Хонь,3.432,1185.123,0.28959,,
2025,264,Bayankhongor,Баянхонгор,5,Goat,Ямаа,4.547,2390.968,0.190174,,
2025,265,Arkhangai,Архангай,0,Total,Бүгд,39.129,4082.275,0.95851,,
2025,265,Arkhangai,Архангай,1,Horse,Адуу,6.892,444.924,1.549029,,
2025,265,Arkhangai,Архангай,2,Cattle,Үхэр,8.772,664.959,1.319179,,
2025,265,Arkhangai,Архангай,3,Camel,Тэмээ,0.003,1.571,0.190961,,
2025,265,Arkhangai,Архангай,4,Sheep,Хонь,14.117,1805.866,0.78173,,
2025,265,Arkhangai,Архангай,5,Goat,Ямаа,9.345,1164.955,0.802177,,
2025,267,Khuvsgul,Хөвсгөл,0,Total,Бүгд,42.795,5163.233,0.828841,,
2025,267,Khuvsgul,Хөвсгөл,1,Horse,Адуу,4.044,375.904,1.075807,,
2025,267,Khuvsgul,Хөвсгөл,2,Cattle,Үхэр,6.755,627.74,1.076082,,
2025,267,Khuvsgul,Хөвсгөл,3,Camel,Тэмээ,0.019,2.491,0.762746,,
2025,267,Khuvsgul,Хөвсгөл,4,Sheep,Хонь,17.156,2262.079,0.758417,,
2025,267,Khuvsgul,Хөвсгөл,5,Goat,Ямаа,14.821,1895.019,0.782103,,
2025,341,Tuv,Төв,0,Total,Бүгд,21.262,4150.075,0.512328,,
2025,341,Tuv,Төв,1,Horse,Адуу,2.598,433.725,0.598997,,
2025,341,Tuv,Төв,2,Cattle,Үхэр,2.64,356.882,0.73974,,
2025,341,Tuv,Төв,3,Camel,Тэмээ,0.01,3.886,0.257334,,
2025,341,Tuv,Төв,4,Sheep,Хонь,9.49,2070.372,0.458372,,
2025,341,Tuv,Төв,5,Goat,Ямаа,6.524,1285.21,0.507621,,
2025,342,Govisumber,Говьсүмбэр,0,Total,Бүгд,0.096,290.657,0.033029,,
2025,342,Govisumber,Говьсүмбэр,1,Horse,Адуу,0.005,21.571,0.023179,,
2025,342,Govisumber,Говьсүмбэр,2,Cattle,Үхэр,0.011,18.56,0.059267,,
2025,342,Govisumber,Говьсүмбэр,3,Camel,Тэмээ,0,0.96,0.0,,
2025,342,Govisumber,Говьсүмбэр,4,Sheep,Хонь,0.049,131.313,0.037315,,
2025,342,Govisumber,Говьсүмбэр,5,Goat,Ямаа,0.031,118.253,0.026215,,
2025,343,Selenge,Сэлэнгэ,0,Total,Бүгд,12.288,1602.494,0.766805,,
2025,343,Selenge,Сэлэнгэ,1,Horse,Адуу,1.838,150.543,1.220914,,
2025,343,Selenge,Сэлэнгэ,2,Cattle,Үхэр,2.807,311.776,0.900326,,
2025,343,Selenge,Сэлэнгэ,3,Camel,Тэмээ,0.016,0.608,2.631579,,
2025,343,Selenge,Сэлэнгэ,4,Sheep,Хонь,3.811,683.364,0.557682,,
2025,343,Selenge,Сэлэнгэ,5,Goat,Ямаа,3.816,456.203,0.83647,,
2025,344,Dornogovi,Дорноговь,0,Total,Бүгд,3.108,1452.223,0.214017,,
2025,344,Dornogovi,Дорноговь,1,Horse,Адуу,0.175,107.109,0.163385,,
2025,344,Dornogovi,Дорноговь,2,Cattle,Үхэр,0.107,71.681,0.149272,,
2025,344,Dornogovi,Дорноговь,3,Camel,Тэмээ,0.155,58.119,0.266694,,
2025,344,Dornogovi,Дорноговь,4,Sheep,Хонь,1.436,554.781,0.258841,,
2025,344,Dornogovi,Дорноговь,5,Goat,Ямаа,1.235,660.533,0.18697,,
2025,345,Darkhan-Uul,Дархан-Уул,0,Total,Бүгд,2.837,252.28,1.124544,,
2025,345,Darkhan-Uul,Дархан-Уул,1,Horse,Адуу,0.424,24.581,1.724909,,
2025,345,Darkhan-Uul,Дархан-Уул,2,Cattle,Үхэр,0.861,47.812,1.800803,,
2025,345,Darkhan-Uul,Дархан-Уул,3,Camel,Тэмээ,0,0.024,0.0,,
2025,345,Darkhan-Uul,Дархан-Уул,4,Sheep,Хонь,0.924,100.634,0.918179,,
2025,345,Darkhan-Uul,Дархан-Уул,5,Goat,Ямаа,0.628,79.229,0.792639,,
2025,346,Umnugovi,Өмнөговь,0,Total,Бүгд,4.674,1970.133,0.237243,,
2025,346,Umnugovi,Өмнөговь,1,Horse,Адуу,0.108,84.928,0.127167,,
2025,346,Umnugovi,Өмнөговь,2,Cattle,Үхэр,0.06,25.23,0.237812,,
2025,346,Umnugovi,Өмнөговь,3,Camel,Тэмээ,0.365,148.215,0.246264,,
2025,346,Umnugovi,Өмнөговь,4,Sheep,Хонь,0.958,541.46,0.176929,,
2025,346,Umnugovi,Өмнөговь,5,Goat,Ямаа,3.183,1170.3,0.271982,,
2025,348,Dundgovi,Дундговь,0,Total,Бүгд,1.995,3385.441,0.058929,,
2025,348,Dundgovi,Дундговь,1,Horse,Адуу,0.07,158.268,0.044229,,
2025,348,Dundgovi,Дундговь,2,Cattle,Үхэр,0.076,92.365,0.082282,,
2025,348,Dundgovi,Дундговь,3,Camel,Тэмээ,0.032,45.421,0.070452,,
2025,348,Dundgovi,Дундговь,4,Sheep,Хонь,0.851,1611.82,0.052797,,
2025,348,Dundgovi,Дундговь,5,Goat,Ямаа,0.966,1477.567,0.065378,,
2025,421,Dornod,Дорнод,0,Total,Бүгд,11.397,2652.244,0.429712,,
2025,421,Dornod,Дорнод,1,Horse,Адуу,1.05,438.214,0.239609,,
2025,421,Dornod,Дорнод,2,Cattle,Үхэр,0.841,319.6,0.263141,,
2025,421,Dornod,Дорнод,3,Camel,Тэмээ,0.04,5.9,0.677966,,
2025,421,Dornod,Дорнод,4,Sheep,Хонь,5.735,1230.724,0.465986,,
2025,421,Dornod,Дорнод,5,Goat,Ямаа,3.731,657.806,0.567189,,
2025,422,Sukhbaatar,Сүхбаатар,0,Total,Бүгд,3.478,2008.876,0.173132,,
2025,422,Sukhbaatar,Сүхбаатар,1,Horse,Адуу,0.705,289.379,0.243625,,
2025,422,Sukhbaatar,Сүхбаатар,2,Cattle,Үхэр,0.366,183.249,0.199728,,
2025,422,Sukhbaatar,Сүхбаатар,3,Camel,Тэмээ,0.001,5.7,0.017544,,
2025,422,Sukhbaatar,Сүхбаатар,4,Sheep,Хонь,1.305,861.446,0.151489,,
2025,422,Sukhbaatar,Сүхбаатар,5,Goat,Ямаа,1.101,669.102,0.164549,,
2025,423,Khentii,Хэнтий,0,Total,Бүгд,23.716,3192.011,0.74298,,
2025,423,Khentii,Хэнтий,1,Horse,Адуу,1.877,285.847,0.656645,,
2025,423,Khentii,Хэнтий,2,Cattle,Үхэр,2.734,347.183,0.787481,,
2025,423,Khentii,Хэнтий,3,Camel,Тэмээ,0.021,3.269,0.642398,,
2025,423,Khentii,Хэнтий,4,Sheep,Хонь,11.775,1476.277,0.797615,,
2025,423,Khentii,Хэнтий,5,Goat,Ямаа,7.309,1079.435,0.677113,,
2025,511,Ulaanbaatar,Улаанбаатар,0,Total,Бүгд,4.513,412.849,1.093136,,
2025,511,Ulaanbaatar,Улаанбаатар,1,Horse,Адуу,1.015,90.2,1.125277,,
2025,511,Ulaanbaatar,Улаанбаатар,2,Cattle,Үхэр,1.054,90.759,1.161317,,
2025,511,Ulaanbaatar,Улаанбаатар,3,Camel,Тэмээ,0.001,0.127,0.787402,,
2025,511,Ulaanbaatar,Улаанбаатар,4,Sheep,Хонь,1.232,133.361,0.923808,,
2025,511,Ulaanbaatar,Улаанбаатар,5,Goat,Ямаа,1.211,98.402,1.230666,,
