year,region_code,region_en,region_mn,animal_code,animal_en,animal_mn,losses_thousand,starting_herd_thousand,loss_rate_percent,loss_status,herd_status
1971,0,Total,Улсын дүн,0,Total,Бүгд,1348,22574.9,5.971234,,
1971,0,Total,Улсын дүн,1,Horse,Адуу,166.7,2317.9,7.191855,,
1971,0,Total,Улсын дүн,2,Cattle,Үхэр,110.5,2107.8,5.242433,,
1971,0,Total,Улсын дүн,3,Camel,Тэмээ,47.7,633.5,7.529597,,
1971,0,Total,Улсын дүн,4,Sheep,Хонь,797.6,13311.7,5.991722,,
1971,0,Total,Улсын дүн,5,Goat,Ямаа,225.5,4204,5.363939,,
1971,181,Zavkhan,Завхан,0,Total,Бүгд,67.5,1686.6,4.002134,,
1971,181,Zavkhan,Завхан,1,Horse,Адуу,5.9,145.8,4.046639,,
1971,181,Zavkhan,Завхан,2,Cattle,Үхэр,3.8,138.9,2.735781,,
1971,181,Zavkhan,Завхан,3,Camel,Тэмээ,0.8,20.9,3.827751,,
1971,181,Zavkhan,Завхан,4,Sheep,Хонь,47.9,1104.8,4.335626,,
1971,181,Zavkhan,Завхан,5,Goat,Ямаа,9.2,276.3,3.329714,,
1971,182,Govi-Altai,Говь-Алтай,0,Total,Бүгд,43.9,1342.5,3.270019,,
1971,182,Govi-Altai,Говь-Алтай,1,Horse,Адуу,2,82.7,2.41838,,
1971,182,Govi-Altai,Говь-Алтай,2,Cattle,Үхэр,1.8,66.6,2.702703,,
1971,182,Govi-Altai,Говь-Алтай,3,Camel,Тэмээ,1.3,51.6,2.51938,,
1971,182,Govi-Altai,Говь-Алтай,4,Sheep,Хонь,25.3,723.7,3.495924,,
1971,182,Govi-Altai,Говь-Алтай,5,Goat,Ямаа,13.5,417.9,3.230438,,
1971,183,Bayan-Ulgii,Баян-Өлгий,0,Total,Бүгд,45.3,1073.9,4.21827,,
1971,183,Bayan-Ulgii,Баян-Өлгий,1,Horse,Адуу,1.6,65.6,2.439024,,
1971,183,Bayan-Ulgii,Баян-Өлгий,2,Cattle,Үхэр,2.3,76.4,3.010471,,
1971,183,Bayan-Ulgii,Баян-Өлгий,3,Camel,Тэмээ,0.6,14.6,4.109589,,
1971,183,Bayan-Ulgii,Баян-Өлгий,4,Sheep,Хонь,30.1,637.8,4.719348,,
1971,183,Bayan-Ulgii,Баян-Өлгий,5,Goat,Ямаа,10.7,279.5,3.828265,,
1971,184,Khovd,Ховд,0,Total,Бүгд,63.2,1463.7,4.317825,,
1971,184,Khovd,Ховд,1,Horse,Адуу,4.3,93.5,4.59893,,
1971,184,Khovd,Ховд,2,Cattle,Үхэр,2.8,93,3.010753,,
1971,184,Khovd,Ховд,3,Camel,Тэмээ,1.5,40.7,3.685504,,
1971,184,Khovd,Ховд,4,Sheep,Хонь,39.4,818.1,4.816037,,
1971,184,Khovd,Ховд,5,Goat,Ямаа,15.1,418.5,3.608124,,
1971,185,Uvs,Увс,0,Total,Бүгд,82.8,1679.8,4.929158,,
1971,185,Uvs,Увс,1,Horse,Адуу,5,123.4,4.051864,,
1971,185,Uvs,Увс,2,Cattle,Үхэр,4.9,122.5,4.0,,
1971,185,Uvs,Увс,3,Camel,Тэмээ,2.2,41.4,5.31401,,
1971,185,Uvs,Увс,4,Sheep,Хонь,55.8,1108.4,5.034284,,
1971,185,Uvs,Увс,5,Goat,Ямаа,14.8,284.3,5.205769,,
1971,261,Orkhon,Орхон,0,Total,Бүгд,,,,..,..
1971,261,Orkhon,Орхон,1,Horse,Адуу,,,,..,..
1971,261,Orkhon,Орхон,2,Cattle,Үхэр,,,,..,..
1971,261,Orkhon,Орхон,3,Camel,Тэмээ,,,,..,..
1971,261,Orkhon,Орхон,4,Sheep,Хонь,,,,..,..
1971,261,Orkhon,Орхон,5,Goat,Ямаа,,,,..,..
1971,262,Uvurkhangai,Өвөрхангай,0,Total,Бүгд,120.1,1707.8,7.032439,,
1971,262,Uvurkhangai,Өвөрхангай,1,Horse,Адуу,26.1,223.1,11.69879,,
1971,262,Uvurkhangai,Өвөрхангай,2,Cattle,Үхэр,10.7,167.7,6.380441,,
1971,262,Uvurkhangai,Өвөрхангай,3,Camel,Тэмээ,4,39.2,10.204082,,
1971,262,Uvurkhangai,Өвөрхангай,4,Sheep,Хонь,64.3,992.8,6.476632,,
1971,262,Uvurkhangai,Өвөрхангай,5,Goat,Ямаа,15.1,285,5.298246,,
1971,263,Bulgan,Булган,0,Total,Бүгд,41.5,906,4.580574,,
1971,263,Bulgan,Булган,1,Horse,Адуу,8,107.3,7.455732,,
1971,263,Bulgan,Булган,2,Cattle,Үхэр,5.9,132.7,4.446119,,
1971,263,Bulgan,Булган,3,Camel,Тэмээ,0.3,4.1,7.317073,,
1971,263,Bulgan,Булган,4,Sheep,Хонь,23.7,573.7,4.131079,,
1971,263,Bulgan,Булган,5,Goat,Ямаа,3.5,88.1,3.972758,,
1971,264,Bayankhongor,Баянхонгор,0,Total,Бүгд,90,1593.4,5.648299,,
1971,264,Bayankhongor,Баянхонгор,1,Horse,Адуу,11,143.8,7.649513,,
1971,264,Bayankhongor,Баянхонгор,2,Cattle,Үхэр,5.7,119.8,4.75793,,
1971,264,Bayankhongor,Баянхонгор,3,Camel,Тэмээ,4.6,57.6,7.986111,,
1971,264,Bayankhongor,Баянхонгор,4,Sheep,Хонь,48.7,807.6,6.030213,,
1971,264,Bayankhongor,Баянхонгор,5,Goat,Ямаа,20.2,464.6,4.347826,,
1971,265,Arkhangai,Архангай,0,Total,Бүгд,87.1,1479.3,5.88792,,
1971,265,Arkhangai,Архангай,1,Horse,Адуу,15.3,205.3,7.452509,,
1971,265,Arkhangai,Архангай,2,Cattle,Үхэр,13.3,233.9,5.686191,,
1971,265,Arkhangai,Архангай,3,Camel,Тэмээ,0.2,3.1,6.451613,,
1971,265,Arkhangai,Архангай,4,Sheep,Хонь,49.8,871.4,5.714941,,
1971,265,Arkhangai,Архангай,5,Goat,Ямаа,8.4,165.6,5.072464,,
1971,267,Khuvsgul,Хөвсгөл,0,Total,Бүгд,75.8,1599.6,4.738685,,
1971,267,Khuvsgul,Хөвсгөл,1,Horse,Адуу,6.7,147,4.557823,,
1971,267,Khuvsgul,Хөвсгөл,2,Cattle,Үхэр,7.4,220.9,3.349932,,
1971,267,Khuvsgul,Хөвсгөл,3,Camel,Тэмээ,0.5,8.5,5.882353,,
1971,267,Khuvsgul,Хөвсгөл,4,Sheep,Хонь,50.4,990.9,5.086285,,
1971,267,Khuvsgul,Хөвсгөл,5,Goat,Ямаа,10.8,232.4,4.64716,,
1971,341,Tuv,Төв,0,Total,Бүгд,89.4,1323.2,6.756348,,
1971,341,Tuv,Төв,1,Horse,Адуу,11.3,180.8,6.25,,
1971,341,Tuv,Төв,2,Cattle,Үхэр,11.1,165.1,6.723198,,
1971,341,Tuv,Төв,3,Camel,Тэмээ,0.9,11,8.181818,,
1971,341,Tuv,Төв,4,Sheep,Хонь,54.5,810,6.728395,,
1971,341,Tuv,Төв,5,Goat,Ямаа,11.6,156.3,7.421625,,
1971,342,Govisumber,Говьсүмбэр,0,Total,Бүгд,,,,..,..
1971,342,Govisumber,Говьсүмбэр,1,Horse,Адуу,,,,..,..
1971,342,Govisumber,Говьсүмбэр,2,Cattle,Үхэр,,,,..,..
1971,342,Govisumber,Говьсүмбэр,3,Camel,Тэмээ,,,,..,..
1971,342,Govisumber,Говьсүмбэр,4,Sheep,Хонь,,,,..,..
1971,342,Govisumber,Говьсүмбэр,5,Goat,Ямаа,,,,..,..
1971,343,Selenge,Сэлэнгэ,0,Total,Бүгд,28.3,349,8.108883,,
1971,343,Selenge,Сэлэнгэ,1,Horse,Адуу,1.5,17.9,8.379888,,
1971,343,Selenge,Сэлэнгэ,2,Cattle,Үхэр,3.8,60,6.333333,,
1971,343,Selenge,Сэлэнгэ,3,Camel,Тэмээ,,0.2,,..,
1971,343,Selenge,Сэлэнгэ,4,Sheep,Хонь,21.5,251.3,8.555511,,
1971,343,Selenge,Сэлэнгэ,5,Goat,Ямаа,1.6,19.7,8.121827,,
1971,344,Dornogovi,Дорноговь,0,Total,Бүгд,38.7,767.5,5.042345,,
1971,344,Dornogovi,Дорноговь,1,Horse,Адуу,5.7,94.7,6.019007,,
1971,344,Dornogovi,Дорноговь,2,Cattle,Үхэр,1,41.1,2.43309,,
1971,344,Dornogovi,Дорноговь,3,Camel,Тэмээ,4.6,75.5,6.092715,,
1971,344,Dornogovi,Дорноговь,4,Sheep,Хонь,20.3,409.4,4.958476,,
1971,344,Dornogovi,Дорноговь,5,Goat,Ямаа,7.2,146.8,4.904632,,
1971,345,Darkhan-Uul,Дархан-Уул,0,Total,Бүгд,0.1,4.3,2.325581,,
1971,345,Darkhan-Uul,Дархан-Уул,1,Horse,Адуу,0,0.8,0.0,,
1971,345,Darkhan-Uul,Дархан-Уул,2,Cattle,Үхэр,0,2.2,0.0,,
1971,345,Darkhan-Uul,Дархан-Уул,3,Camel,Тэмээ,,,,..,..
1971,345,Darkhan-Uul,Дархан-Уул,4,Sheep,Хонь,0,0.3,0.0,,
1971,345,Darkhan-Uul,Дархан-Уул,5,Goat,Ямаа,0,0.9,0.0,,
1971,346,Umnugovi,Өмнөговь,0,Total,Бүгд,67.7,917.5,7.378747,,
1971,346,Umnugovi,Өмнөговь,1,Horse,Адуу,11,97,11.340206,,
1971,346,Umnugovi,Өмнөговь,2,Cattle,Үхэр,1.2,16.5,7.272727,,
1971,346,Umnugovi,Өмнөговь,3,Camel,Тэмээ,13.3,152.7,8.709889,,
1971,346,Umnugovi,Өмнөговь,4,Sheep,Хонь,21.2,296.8,7.142857,,
1971,346,Umnugovi,Өмнөговь,5,Goat,Ямаа,20.9,354.5,5.895628,,
1971,348,Dundgovi,Дундговь,0,Total,Бүгд,180.9,1339.3,13.507056,,
1971,348,Dundgovi,Дундговь,1,Horse,Адуу,22.2,180.3,12.312812,,
1971,348,Dundgovi,Дундговь,2,Cattle,Үхэр,14.9,64.3,23.172628,,
1971,348,Dundgovi,Дундговь,3,Camel,Тэмээ,8.2,64.7,12.673879,,
1971,348,Dundgovi,Дундговь,4,Sheep,Хонь,94.9,709,13.385049,,
1971,348,Dundgovi,Дундговь,5,Goat,Ямаа,40.6,320.9,12.651916,,
1971,421,Dornod,Дорнод,0,Total,Бүгд,45.5,992.1,4.586231,,
1971,421,Dornod,Дорнод,1,Horse,Адуу,5,98.3,5.08647,,
1971,421,Dornod,Дорнод,2,Cattle,Үхэр,3.5,96.8,3.615702,,
1971,421,Dornod,Дорнод,3,Camel,Тэмээ,1.2,15.6,7.692308,,
1971,421,Dornod,Дорнод,4,Sheep,Хонь,32.8,726.6,4.514176,,
1971,421,Dornod,Дорнод,5,Goat,Ямаа,3.1,54.8,5.656934,,
1971,422,Sukhbaatar,Сүхбаатар,0,Total,Бүгд,105,1001.4,10.485321,,
1971,422,Sukhbaatar,Сүхбаатар,1,Horse,Адуу,12.1,129.1,9.372579,,
1971,422,Sukhbaatar,Сүхбаатар,2,Cattle,Үхэр,9,98.1,9.174312,,
1971,422,Sukhbaatar,Сүхбаатар,3,Camel,Тэмээ,2.1,17.8,11.797753,,
1971,422,Sukhbaatar,Сүхбаатар,4,Sheep,Хонь,69.4,636.8,10.898241,,
1971,422,Sukhbaatar,Сүхбаатар,5,Goat,Ямаа,12.4,119.6,10.367893,,
1971,423,Khentii,Хэнтий,0,Total,Бүгд,73.4,1316.2,5.57666,,
1971,423,Khentii,Хэнтий,1,Horse,Адуу,11.1,171.5,6.472303,,
1971,423,Khentii,Хэнтий,2,Cattle,Үхэр,6.7,177.6,3.772523,,
1971,423,Khentii,Хэнтий,3,Camel,Тэмээ,1.4,14.5,9.655172,,
1971,423,Khentii,Хэнтий,4,Sheep,Хонь,47.5,837.9,5.668934,,
1971,423,Khentii,Хэнтий,5,Goat,Ямаа,6.7,114.7,5.841325,,
1971,511,Ulaanbaatar,Улаанбаатар,0,Total,Бүгд,1.8,32,5.625,,
1971,511,Ulaanbaatar,Улаанбаатар,1,Horse,Адуу,0.9,7.4,12.162162,,
1971,511,Ulaanbaatar,Улаанбаатар,2,Cattle,Үхэр,0.7,13.8,5.072464,,
1971,511,Ulaanbaatar,Улаанбаатар,3,Camel,Тэмээ,,,,..,..
1971,511,Ulaanbaatar,Улаанбаатар,4,Sheep,Хонь,0.1,4.2,2.380952,,
1971,511,Ulaanbaatar,Улаанбаатар,5,Goat,Ямаа,0.1,6.5,1.538462,,
1972,0,Total,Улсын дүн,0,Total,Бүгд,1150.2,22692.6,5.068613,,
1972,0,Total,Улсын дүн,1,Horse,Адуу,134.6,2269.5,5.930822,,
1972,0,Total,Улсын дүн,2,Cattle,Үхэр,89.9,2176.1,4.131244,,
1972,0,Total,Улсын дүн,3,Camel,Тэмээ,37.9,632,5.996835,,
1972,0,Total,Улсын дүн,4,Sheep,Хонь,718.2,13420.2,5.351634,,
1972,0,Total,Улсын дүн,5,Goat,Ямаа,169.6,4194.8,4.043101,,
1972,181,Zavkhan,Завхан,0,Total,Бүгд,63.1,1781.6,3.54176,,
1972,181,Zavkhan,Завхан,1,Horse,Адуу,4.7,149.4,3.145917,,
1972,181,Zavkhan,Завхан,2,Cattle,Үхэр,4.2,150.9,2.7833,,
1972,181,Zavkhan,Завхан,3,Camel,Тэмээ,1,22.7,4.405286,,
1972,181,Zavkhan,Завхан,4,Sheep,Хонь,44.4,1167.3,3.803649,,
1972,181,Zavkhan,Завхан,5,Goat,Ямаа,8.8,291.3,3.020941,,
1972,182,Govi-Altai,Говь-Алтай,0,Total,Бүгд,47.7,1414.9,3.371263,,
1972,182,Govi-Altai,Говь-Алтай,1,Horse,Адуу,2.9,88,3.295455,,
1972,182,Govi-Altai,Говь-Алтай,2,Cattle,Үхэр,2.1,74.3,2.82638,,
1972,182,Govi-Altai,Говь-Алтай,3,Camel,Тэмээ,1.7,52.7,3.225806,,
1972,182,Govi-Altai,Говь-Алтай,4,Sheep,Хонь,25.1,763.8,3.286201,,
1972,182,Govi-Altai,Говь-Алтай,5,Goat,Ямаа,15.9,436.2,3.645117,,
1972,183,Bayan-Ulgii,Баян-Өлгий,0,Total,Бүгд,53.8,1106.4,4.862617,,
1972,183,Bayan-Ulgii,Баян-Өлгий,1,Horse,Адуу,2.1,69.3,3.030303,,
1972,183,Bayan-Ulgii,Баян-Өлгий,2,Cattle,Үхэр,5,85.1,5.875441,,
1972,183,Bayan-Ulgii,Баян-Өлгий,3,Camel,Тэмээ,0.5,14.5,3.448276,,
1972,183,Bayan-Ulgii,Баян-Өлгий,4,Sheep,Хонь,33.5,646.6,5.180946,,
1972,183,Bayan-Ulgii,Баян-Өлгий,5,Goat,Ямаа,12.7,290.8,4.367263,,
1972,184,Khovd,Ховд,0,Total,Бүгд,72.3,1556.1,4.646231,,
1972,184,Khovd,Ховд,1,Horse,Адуу,4.2,101.3,4.146101,,
1972,184,Khovd,Ховд,2,Cattle,Үхэр,2.9,102.8,2.821012,,
1972,184,Khovd,Ховд,3,Camel,Тэмээ,1.6,41.5,3.855422,,
1972,184,Khovd,Ховд,4,Sheep,Хонь,47.7,872.8,5.46517,,
1972,184,Khovd,Ховд,5,Goat,Ямаа,15.9,437.8,3.631795,,
1972,185,Uvs,Увс,0,Total,Бүгд,104.7,1711.7,6.116726,,
1972,185,Uvs,Увс,1,Horse,Адуу,8.8,127.9,6.880375,,
1972,185,Uvs,Увс,2,Cattle,Үхэр,9.1,131.1,6.941266,,
1972,185,Uvs,Увс,3,Camel,Тэмээ,2.9,41.7,6.954436,,
1972,185,Uvs,Увс,4,Sheep,Хонь,66.5,1131.7,5.876116,,
1972,185,Uvs,Увс,5,Goat,Ямаа,17.4,279.4,6.227631,,
1972,261,Orkhon,Орхон,0,Total,Бүгд,,,,..,..
1972,261,Orkhon,Орхон,1,Horse,Адуу,,,,..,..
1972,261,Orkhon,Орхон,2,Cattle,Үхэр,,,,..,..
1972,261,Orkhon,Орхон,3,Camel,Тэмээ,,,,..,..
1972,261,Orkhon,Орхон,4,Sheep,Хонь,,,,..,..
1972,261,Orkhon,Орхон,5,Goat,Ямаа,,,,..,..
1972,262,Uvurkhangai,Өвөрхангай,0,Total,Бүгд,93.7,1652.1,5.67157,,
1972,262,Uvurkhangai,Өвөрхангай,1,Horse,Адуу,10.1,196.5,5.139949,,
1972,262,Uvurkhangai,Өвөрхангай,2,Cattle,Үхэр,7.1,167.5,4.238806,,
1972,262,Uvurkhangai,Өвөрхангай,3,Camel,Тэмээ,1.5,36.7,4.087193,,
1972,262,Uvurkhangai,Өвөрхангай,4,Sheep,Хонь,63.7,971.3,6.558221,,
1972,262,Uvurkhangai,Өвөрхангай,5,Goat,Ямаа,11.3,280.2,4.032834,,
1972,263,Bulgan,Булган,0,Total,Бүгд,52.3,947,5.522703,,
1972,263,Bulgan,Булган,1,Horse,Адуу,10.3,105.9,9.726157,,
1972,263,Bulgan,Булган,2,Cattle,Үхэр,5,131.6,3.799392,,
1972,263,Bulgan,Булган,3,Camel,Тэмээ,0.3,4.2,7.142857,,
1972,263,Bulgan,Булган,4,Sheep,Хонь,32.6,612.1,5.325927,,
1972,263,Bulgan,Булган,5,Goat,Ямаа,4.1,93.2,4.399142,,
1972,264,Bayankhongor,Баянхонгор,0,Total,Бүгд,71.3,1593.4,4.474708,,
1972,264,Bayankhongor,Баянхонгор,1,Horse,Адуу,5.9,134.6,4.383358,,
1972,264,Bayankhongor,Баянхонгор,2,Cattle,Үхэр,5.3,123.8,4.281099,,
1972,264,Bayankhongor,Баянхонгор,3,Camel,Тэмээ,1.8,54.9,3.278689,,
1972,264,Bayankhongor,Баянхонгор,4,Sheep,Хонь,43.7,816.5,5.352113,,
1972,264,Bayankhongor,Баянхонгор,5,Goat,Ямаа,14.6,463.6,3.149267,,
1972,265,Arkhangai,Архангай,0,Total,Бүгд,99.6,1511,6.591661,,
1972,265,Arkhangai,Архангай,1,Horse,Адуу,13.8,199.6,6.913828,,
1972,265,Arkhangai,Архангай,2,Cattle,Үхэр,10,235,4.255319,,
1972,265,Arkhangai,Архангай,3,Camel,Тэмээ,0.3,3,10.0,,
1972,265,Arkhangai,Архангай,4,Sheep,Хонь,66.1,904.2,7.31033,,
1972,265,Arkhangai,Архангай,5,Goat,Ямаа,9.4,169.2,5.555556,,
1972,267,Khuvsgul,Хөвсгөл,0,Total,Бүгд,86,1607.8,5.348924,,
1972,267,Khuvsgul,Хөвсгөл,1,Horse,Адуу,6.1,149.8,4.072096,,
1972,267,Khuvsgul,Хөвсгөл,2,Cattle,Үхэр,6.6,228.9,2.883355,,
1972,267,Khuvsgul,Хөвсгөл,3,Camel,Тэмээ,0.5,8.4,5.952381,,
1972,267,Khuvsgul,Хөвсгөл,4,Sheep,Хонь,61.9,989.6,6.255053,,
1972,267,Khuvsgul,Хөвсгөл,5,Goat,Ямаа,10.9,231.2,4.714533,,
1972,341,Tuv,Төв,0,Total,Бүгд,57.9,1304.7,4.437802,,
1972,341,Tuv,Төв,1,Horse,Адуу,10.4,179,5.810056,,
1972,341,Tuv,Төв,2,Cattle,Үхэр,6.4,164.8,3.883495,,
1972,341,Tuv,Төв,3,Camel,Тэмээ,0.9,11,8.181818,,
1972,341,Tuv,Төв,4,Sheep,Хонь,34.2,800.6,4.271796,,
1972,341,Tuv,Төв,5,Goat,Ямаа,6,149.4,4.016064,,
1972,342,Govisumber,Говьсүмбэр,0,Total,Бүгд,,,,..,..
1972,342,Govisumber,Говьсүмбэр,1,Horse,Адуу,,,,..,..
1972,342,Govisumber,Говьсүмбэр,2,Cattle,Үхэр,,,,..,..
1972,342,Govisumber,Говьсүмбэр,3,Camel,Тэмээ,,,,..,..
1972,342,Govisumber,Говьсүмбэр,4,Sheep,Хонь,,,,..,..
1972,342,Govisumber,Говьсүмбэр,5,Goat,Ямаа,,,,..,..
1972,343,Selenge,Сэлэнгэ,0,Total,Бүгд,31.3,352.1,8.88952,,
1972,343,Selenge,Сэлэнгэ,1,Horse,Адуу,1.5,18.6,8.064516,,
1972,343,Selenge,Сэлэнгэ,2,Cattle,Үхэр,2.4,60.1,3.993344,,
1972,343,Selenge,Сэлэнгэ,3,Camel,Тэмээ,,0.2,,..,
1972,343,Selenge,Сэлэнгэ,4,Sheep,Хонь,25.8,252.8,10.205696,,
1972,343,Selenge,Сэлэнгэ,5,Goat,Ямаа,1.6,20.5,7.804878,,
1972,344,Dornogovi,Дорноговь,0,Total,Бүгд,35.3,804.5,4.387819,,
1972,344,Dornogovi,Дорноговь,1,Horse,Адуу,4.8,100.6,4.771372,,
1972,344,Dornogovi,Дорноговь,2,Cattle,Үхэр,0.9,46.1,1.952278,,
1972,344,Dornogovi,Дорноговь,3,Camel,Тэмээ,5,79.9,6.257822,,
1972,344,Dornogovi,Дорноговь,4,Sheep,Хонь,17.3,421.5,4.104389,,
1972,344,Dornogovi,Дорноговь,5,Goat,Ямаа,7.3,156.5,4.664537,,
1972,345,Darkhan-Uul,Дархан-Уул,0,Total,Бүгд,0.1,8.4,1.190476,,
1972,345,Darkhan-Uul,Дархан-Уул,1,Horse,Адуу,0,0.8,0.0,,
1972,345,Darkhan-Uul,Дархан-Уул,2,Cattle,Үхэр,0.1,4,2.5,,
1972,345,Darkhan-Uul,Дархан-Уул,3,Camel,Тэмээ,,,,..,..
1972,345,Darkhan-Uul,Дархан-Уул,4,Sheep,Хонь,0,2.5,0.0,,
1972,345,Darkhan-Uul,Дархан-Уул,5,Goat,Ямаа,0,1.1,0.0,,
1972,346,Umnugovi,Өмнөговь,0,Total,Бүгд,38.5,868.3,4.433951,,
1972,346,Umnugovi,Өмнөговь,1,Horse,Адуу,4.8,86.4,5.555556,,
1972,346,Umnugovi,Өмнөговь,2,Cattle,Үхэр,0.8,16.2,4.938272,,
1972,346,Umnugovi,Өмнөговь,3,Camel,Тэмээ,11.5,148.9,7.723304,,
1972,346,Umnugovi,Өмнөговь,4,Sheep,Хонь,9,276.3,3.257329,,
1972,346,Umnugovi,Өмнөговь,5,Goat,Ямаа,12.4,340.5,3.641703,,
1972,348,Dundgovi,Дундговь,0,Total,Бүгд,31.7,1186.6,2.671498,,
1972,348,Dundgovi,Дундговь,1,Horse,Адуу,5.4,159,3.396226,,
1972,348,Dundgovi,Дундговь,2,Cattle,Үхэр,1.4,55.8,2.508961,,
1972,348,Dundgovi,Дундговь,3,Camel,Тэмээ,2.8,64.4,4.347826,,
1972,348,Dundgovi,Дундговь,4,Sheep,Хонь,15.6,635.5,2.45476,,
1972,348,Dundgovi,Дундговь,5,Goat,Ямаа,6.5,271.8,2.391464,,
1972,421,Dornod,Дорнод,0,Total,Бүгд,72.1,1015.2,7.102049,,
1972,421,Dornod,Дорнод,1,Horse,Адуу,6.8,103,6.601942,,
1972,421,Dornod,Дорнод,2,Cattle,Үхэр,6.6,101.7,6.489676,,
1972,421,Dornod,Дорнод,3,Camel,Тэмээ,1.4,15.9,8.805031,,
1972,421,Dornod,Дорнод,4,Sheep,Хонь,52.7,737.2,7.148671,,
1972,421,Dornod,Дорнод,5,Goat,Ямаа,4.6,57.4,8.013937,,
1972,422,Sukhbaatar,Сүхбаатар,0,Total,Бүгд,50.5,901.4,5.602396,,
1972,422,Sukhbaatar,Сүхбаатар,1,Horse,Адуу,13.8,121.9,11.320755,,
1972,422,Sukhbaatar,Сүхбаатар,2,Cattle,Үхэр,5,95.9,5.213764,,
1972,422,Sukhbaatar,Сүхбаатар,3,Camel,Тэмээ,1.8,17.4,10.344828,,
1972,422,Sukhbaatar,Сүхбаатар,4,Sheep,Хонь,26.1,565.5,4.615385,,
1972,422,Sukhbaatar,Сүхбаатар,5,Goat,Ямаа,3.8,100.8,3.769841,,
1972,423,Khentii,Хэнтий,0,Total,Бүгд,87.1,1331,6.543952,,
1972,423,Khentii,Хэнтий,1,Horse,Адуу,17.7,170.5,10.381232,,
1972,423,Khentii,Хэнтий,2,Cattle,Үхэр,8.7,184.8,4.707792,,
1972,423,Khentii,Хэнтий,3,Camel,Тэмээ,2.4,14.2,16.901408,,
1972,423,Khentii,Хэнтий,4,Sheep,Хонь,52.1,845.2,6.164221,,
1972,423,Khentii,Хэнтий,5,Goat,Ямаа,6.2,116.4,5.32646,,
1972,511,Ulaanbaatar,Улаанбаатар,0,Total,Бүгд,1.2,38.6,3.108808,,
1972,511,Ulaanbaatar,Улаанбаатар,1,Horse,Адуу,0.5,7.9,6.329114,,
1972,511,Ulaanbaatar,Улаанбаатар,2,Cattle,Үхэр,0.3,15.6,1.923077,,
1972,511,Ulaanbaatar,Улаанбаатар,3,Camel,Тэмээ,,,,..,..
1972,511,Ulaanbaatar,Улаанбаатар,4,Sheep,Хонь,0.2,7.5,2.666667,,
1972,511,Ulaanbaatar,Улаанбаатар,5,Goat,Ямаа,0.2,7.6,2.631579,,
1973,0,Total,Улсын дүн,0,Total,Бүгд,1186.4,23108.1,5.13413,,
1973,0,Total,Улсын дүн,1,Horse,Адуу,149.9,2239.4,6.693757,,
1973,0,Total,Улсын дүн,2,Cattle,Үхэр,92.4,2189.4,4.220334,,
1973,0,Total,Улсын дүн,3,Camel,Тэмээ,63.7,625,10.192,,
1973,0,Total,Улсын дүн,4,Sheep,Хонь,686.3,13715.8,5.003718,,
1973,0,Total,Улсын дүн,5,Goat,Ямаа,194.1,4338.4,4.474,,
1973,181,Zavkhan,Завхан,0,Total,Бүгд,103.3,1821.7,5.670528,,
1973,181,Zavkhan,Завхан,1,Horse,Адуу,8.6,149,5.771812,,
1973,181,Zavkhan,Завхан,2,Cattle,Үхэр,8.7,150.4,5.784574,,
1973,181,Zavkhan,Завхан,3,Camel,Тэмээ,1.4,21.8,6.422018,,
1973,181,Zavkhan,Завхан,4,Sheep,Хонь,70.2,1203.7,5.832018,,
1973,181,Zavkhan,Завхан,5,Goat,Ямаа,14.4,296.8,4.851752,,
1973,182,Govi-Altai,Говь-Алтай,0,Total,Бүгд,48.9,1395.3,3.504623,,
1973,182,Govi-Altai,Говь-Алтай,1,Horse,Адуу,3.8,92,4.130435,,
1973,182,Govi-Altai,Говь-Алтай,2,Cattle,Үхэр,3.9,80.9,4.820766,,
1973,182,Govi-Altai,Говь-Алтай,3,Camel,Тэмээ,2.1,52.9,3.969754,,
1973,182,Govi-Altai,Говь-Алтай,4,Sheep,Хонь,25.4,746.3,3.403457,,
1973,182,Govi-Altai,Говь-Алтай,5,Goat,Ямаа,13.7,423.3,3.236475,,
1973,183,Bayan-Ulgii,Баян-Өлгий,0,Total,Бүгд,35.9,1107.4,3.241828,,
1973,183,Bayan-Ulgii,Баян-Өлгий,1,Horse,Адуу,2.4,70.5,3.404255,,
1973,183,Bayan-Ulgii,Баян-Өлгий,2,Cattle,Үхэр,2.5,84.2,2.969121,,
1973,183,Bayan-Ulgii,Баян-Өлгий,3,Camel,Тэмээ,0.5,14.4,3.472222,,
1973,183,Bayan-Ulgii,Баян-Өлгий,4,Sheep,Хонь,21.9,648.4,3.377545,,
1973,183,Bayan-Ulgii,Баян-Өлгий,5,Goat,Ямаа,8.6,290,2.965517,,
1973,184,Khovd,Ховд,0,Total,Бүгд,69.2,1578.4,4.384187,,
1973,184,Khovd,Ховд,1,Horse,Адуу,6.5,105.9,6.137866,,
1973,184,Khovd,Ховд,2,Cattle,Үхэр,3.2,110.6,2.893309,,
1973,184,Khovd,Ховд,3,Camel,Тэмээ,1.9,42,4.52381,,
1973,184,Khovd,Ховд,4,Sheep,Хонь,41.9,878.1,4.771666,,
1973,184,Khovd,Ховд,5,Goat,Ямаа,15.7,441.7,3.554449,,
1973,185,Uvs,Увс,0,Total,Бүгд,79,1697.7,4.653355,,
1973,185,Uvs,Увс,1,Horse,Адуу,8.2,123.3,6.650446,,
1973,185,Uvs,Увс,2,Cattle,Үхэр,5.6,123,4.552846,,
1973,185,Uvs,Увс,3,Camel,Тэмээ,2.5,40.3,6.203474,,
1973,185,Uvs,Увс,4,Sheep,Хонь,51.7,1138.2,4.54226,,
1973,185,Uvs,Увс,5,Goat,Ямаа,11,272.9,4.030781,,
1973,261,Orkhon,Орхон,0,Total,Бүгд,,,,..,..
1973,261,Orkhon,Орхон,1,Horse,Адуу,,,,..,..
1973,261,Orkhon,Орхон,2,Cattle,Үхэр,,,,..,..
1973,261,Orkhon,Орхон,3,Camel,Тэмээ,,,,..,..
1973,261,Orkhon,Орхон,4,Sheep,Хонь,,,,..,..
1973,261,Orkhon,Орхон,5,Goat,Ямаа,,,,..,..
1973,262,Uvurkhangai,Өвөрхангай,0,Total,Бүгд,85.1,1713.8,4.965574,,
1973,262,Uvurkhangai,Өвөрхангай,1,Horse,Адуу,12.2,195.6,6.237219,,
1973,262,Uvurkhangai,Өвөрхангай,2,Cattle,Үхэр,8.5,170,5.0,,
1973,262,Uvurkhangai,Өвөрхангай,3,Camel,Тэмээ,1.9,36.3,5.23416,,
1973,262,Uvurkhangai,Өвөрхангай,4,Sheep,Хонь,51.3,1012.3,5.067668,,
1973,262,Uvurkhangai,Өвөрхангай,5,Goat,Ямаа,11.2,299.6,3.738318,,
1973,263,Bulgan,Булган,0,Total,Бүгд,55,958.6,5.737534,,
1973,263,Bulgan,Булган,1,Horse,Адуу,9.8,102.2,9.589041,,
1973,263,Bulgan,Булган,2,Cattle,Үхэр,4.9,130.6,3.751914,,
1973,263,Bulgan,Булган,3,Camel,Тэмээ,0.5,4.1,12.195122,,
1973,263,Bulgan,Булган,4,Sheep,Хонь,34.8,624.3,5.574243,,
1973,263,Bulgan,Булган,5,Goat,Ямаа,5,97.4,5.13347,,
1973,264,Bayankhongor,Баянхонгор,0,Total,Бүгд,80.7,1670,4.832335,,
1973,264,Bayankhongor,Баянхонгор,1,Horse,Адуу,6.9,134.9,5.1149,,
1973,264,Bayankhongor,Баянхонгор,2,Cattle,Үхэр,5.5,124.7,4.410585,,
1973,264,Bayankhongor,Баянхонгор,3,Camel,Тэмээ,2.1,54.8,3.832117,,
1973,264,Bayankhongor,Баянхонгор,4,Sheep,Хонь,48.1,851.7,5.647528,,
1973,264,Bayankhongor,Баянхонгор,5,Goat,Ямаа,18.1,503.8,3.592696,,
1973,265,Arkhangai,Архангай,0,Total,Бүгд,94.6,1499.7,6.307928,,
1973,265,Arkhangai,Архангай,1,Horse,Адуу,13.3,193.5,6.873385,,
1973,265,Arkhangai,Архангай,2,Cattle,Үхэр,7.8,231.4,3.370787,,
1973,265,Arkhangai,Архангай,3,Camel,Тэмээ,0.3,2.8,10.714286,,
1973,265,Arkhangai,Архангай,4,Sheep,Хонь,61.7,898,6.870824,,
1973,265,Arkhangai,Архангай,5,Goat,Ямаа,11.5,174,6.609195,,
1973,267,Khuvsgul,Хөвсгөл,0,Total,Бүгд,83.5,1587.8,5.258849,,
1973,267,Khuvsgul,Хөвсгөл,1,Horse,Адуу,7.9,146,5.410959,,
1973,267,Khuvsgul,Хөвсгөл,2,Cattle,Үхэр,8.1,230.3,3.517152,,
1973,267,Khuvsgul,Хөвсгөл,3,Camel,Тэмээ,0.6,8.2,7.317073,,
1973,267,Khuvsgul,Хөвсгөл,4,Sheep,Хонь,56.4,974.2,5.789366,,
1973,267,Khuvsgul,Хөвсгөл,5,Goat,Ямаа,10.5,229.1,4.583151,,
1973,341,Tuv,Төв,0,Total,Бүгд,71.7,1345.4,5.32927,,
1973,341,Tuv,Төв,1,Horse,Адуу,10.9,170.1,6.407995,,
1973,341,Tuv,Төв,2,Cattle,Үхэр,8.5,163.7,5.192425,,
1973,341,Tuv,Төв,3,Camel,Тэмээ,1.2,10.9,11.009174,,
1973,341,Tuv,Төв,4,Sheep,Хонь,42.8,840,5.095238,,
1973,341,Tuv,Төв,5,Goat,Ямаа,8.3,160.7,5.164904,,
1973,342,Govisumber,Говьсүмбэр,0,Total,Бүгд,,,,..,..
1973,342,Govisumber,Говьсүмбэр,1,Horse,Адуу,,,,..,..
1973,342,Govisumber,Говьсүмбэр,2,Cattle,Үхэр,,,,..,..
1973,342,Govisumber,Говьсүмбэр,3,Camel,Тэмээ,,,,..,..
1973,342,Govisumber,Говьсүмбэр,4,Sheep,Хонь,,,,..,..
1973,342,Govisumber,Говьсүмбэр,5,Goat,Ямаа,,,,..,..
1973,343,Selenge,Сэлэнгэ,0,Total,Бүгд,26.1,375.4,6.952584,,
1973,343,Selenge,Сэлэнгэ,1,Horse,Адуу,1.2,17.2,6.976744,,
1973,343,Selenge,Сэлэнгэ,2,Cattle,Үхэр,2.7,61.2,4.411765,,
1973,343,Selenge,Сэлэнгэ,3,Camel,Тэмээ,,0.2,,..,
1973,343,Selenge,Сэлэнгэ,4,Sheep,Хонь,20.8,275.4,7.552651,,
1973,343,Selenge,Сэлэнгэ,5,Goat,Ямаа,1.4,21.6,6.481481,,
1973,344,Dornogovi,Дорноговь,0,Total,Бүгд,53.3,842.1,6.329415,,
1973,344,Dornogovi,Дорноговь,1,Horse,Адуу,6.9,103.6,6.660232,,
1973,344,Dornogovi,Дорноговь,2,Cattle,Үхэр,1.4,49.7,2.816901,,
1973,344,Dornogovi,Дорноговь,3,Camel,Тэмээ,13.3,79.8,16.666667,,
1973,344,Dornogovi,Дорноговь,4,Sheep,Хонь,21.7,439.7,4.935183,,
1973,344,Dornogovi,Дорноговь,5,Goat,Ямаа,10,169.3,5.906675,,
1973,345,Darkhan-Uul,Дархан-Уул,0,Total,Бүгд,0.1,10.7,0.934579,,
1973,345,Darkhan-Uul,Дархан-Уул,1,Horse,Адуу,0,1.2,0.0,,
1973,345,Darkhan-Uul,Дархан-Уул,2,Cattle,Үхэр,0.1,5.5,1.818182,,
1973,345,Darkhan-Uul,Дархан-Уул,3,Camel,Тэмээ,,,,..,..
1973,345,Darkhan-Uul,Дархан-Уул,4,Sheep,Хонь,0,2.5,0.0,,
1973,345,Darkhan-Uul,Дархан-Уул,5,Goat,Ямаа,0,1.5,0.0,,
1973,346,Umnugovi,Өмнөговь,0,Total,Бүгд,108.1,867,12.468281,,
1973,346,Umnugovi,Өмнөговь,1,Horse,Адуу,17.3,85.7,20.186698,,
1973,346,Umnugovi,Өмнөговь,2,Cattle,Үхэр,4.7,15.7,29.936306,,
1973,346,Umnugovi,Өмнөговь,3,Camel,Тэмээ,26.9,143.9,18.693537,,
1973,346,Umnugovi,Өмнөговь,4,Sheep,Хонь,27.8,279.1,9.960588,,
1973,346,Umnugovi,Өмнөговь,5,Goat,Ямаа,31.4,342.7,9.162533,,
1973,348,Dundgovi,Дундговь,0,Total,Бүгд,51.4,1322.3,3.887166,,
1973,348,Dundgovi,Дундговь,1,Horse,Адуу,10.1,167,6.047904,,
1973,348,Dundgovi,Дундговь,2,Cattle,Үхэр,2.3,61.8,3.721683,,
1973,348,Dundgovi,Дундговь,3,Camel,Тэмээ,4.6,66.4,6.927711,,
1973,348,Dundgovi,Дундговь,4,Sheep,Хонь,22.1,707.1,3.125442,,
1973,348,Dundgovi,Дундговь,5,Goat,Ямаа,12.3,320.1,3.842549,,
1973,421,Dornod,Дорнод,0,Total,Бүгд,36.6,975.3,3.752691,,
1973,421,Dornod,Дорнод,1,Horse,Адуу,3.5,98.3,3.560529,,
1973,421,Dornod,Дорнод,2,Cattle,Үхэр,3.8,101.2,3.754941,,
1973,421,Dornod,Дорнод,3,Camel,Тэмээ,1,15.5,6.451613,,
1973,421,Dornod,Дорнод,4,Sheep,Хонь,26.5,707,3.748232,,
1973,421,Dornod,Дорнод,5,Goat,Ямаа,1.8,53.4,3.370787,,
1973,422,Sukhbaatar,Сүхбаатар,0,Total,Бүгд,35.3,974,3.62423,,
1973,422,Sukhbaatar,Сүхбаатар,1,Horse,Адуу,6.5,117.3,5.541347,,
1973,422,Sukhbaatar,Сүхбаатар,2,Cattle,Үхэр,2.3,98.3,2.339776,,
1973,422,Sukhbaatar,Сүхбаатар,3,Camel,Тэмээ,1.4,17.7,7.909605,,
1973,422,Sukhbaatar,Сүхбаатар,4,Sheep,Хонь,21.7,627.1,3.460373,,
1973,422,Sukhbaatar,Сүхбаатар,5,Goat,Ямаа,3.4,113.7,2.990325,,
1973,423,Khentii,Хэнтий,0,Total,Бүгд,66.3,1324.3,5.006418,,
1973,423,Khentii,Хэнтий,1,Horse,Адуу,13.2,159.3,8.286252,,
1973,423,Khentii,Хэнтий,2,Cattle,Үхэр,7,180.9,3.869541,,
1973,423,Khentii,Хэнтий,3,Camel,Тэмээ,1.5,13.1,11.450382,,
1973,423,Khentii,Хэнтий,4,Sheep,Хонь,39,851.7,4.579077,,
1973,423,Khentii,Хэнтий,5,Goat,Ямаа,5.6,119.3,4.694049,,
1973,511,Ulaanbaatar,Улаанбаатар,0,Total,Бүгд,2.3,41.2,5.582524,,
1973,511,Ulaanbaatar,Улаанбаатар,1,Horse,Адуу,0.7,6.8,10.294118,,
1973,511,Ulaanbaatar,Улаанбаатар,2,Cattle,Үхэр,0.9,15.4,5.844156,,
1973,511,Ulaanbaatar,Улаанбаатар,3,Camel,Тэмээ,,,,..,..
1973,511,Ulaanbaatar,Улаанбаатар,4,Sheep,Хонь,0.5,11.4,4.385965,,
1973,511,Ulaanbaatar,Улаанбаатар,5,Goat,Ямаа,0.2,7.6,2.631579,,
1974,0,Total,Улсын дүн,0,Total,Бүгд,849,23538,3.606933,,
1974,0,Total,Улсын дүн,1,Horse,Адуу,78.3,2185.4,3.582868,,
1974,0,Total,Улсын дүн,2,Cattle,Үхэр,52.3,2234.7,2.340359,,
1974,0,Total,Улсын дүн,3,Camel,Тэмээ,31.2,602.9,5.174988,,
1974,0,Total,Улсын дүн,4,Sheep,Хонь,534.9,14072.9,3.800922,,
1974,0,Total,Улсын дүн,5,Goat,Ямаа,152.3,4442.2,3.428481,,
1974,181,Zavkhan,Завхан,0,Total,Бүгд,41.7,1811.2,2.302341,,
1974,181,Zavkhan,Завхан,1,Horse,Адуу,4.3,145,2.965517,,
1974,181,Zavkhan,Завхан,2,Cattle,Үхэр,3,151.1,1.98544,,
1974,181,Zavkhan,Завхан,3,Camel,Тэмээ,1,21.4,4.672897,,
1974,181,Zavkhan,Завхан,4,Sheep,Хонь,27.5,1198.4,2.294726,,
1974,181,Zavkhan,Завхан,5,Goat,Ямаа,5.9,295.2,1.998645,,
1974,182,Govi-Altai,Говь-Алтай,0,Total,Бүгд,32.7,1453.6,2.249587,,
1974,182,Govi-Altai,Говь-Алтай,1,Horse,Адуу,1.4,93.4,1.498929,,
1974,182,Govi-Altai,Говь-Алтай,2,Cattle,Үхэр,1.9,84.1,2.259215,,
1974,182,Govi-Altai,Говь-Алтай,3,Camel,Тэмээ,1.3,53.6,2.425373,,
1974,182,Govi-Altai,Говь-Алтай,4,Sheep,Хонь,17.7,787.3,2.24819,,
1974,182,Govi-Altai,Говь-Алтай,5,Goat,Ямаа,10.4,435.3,2.389157,,
1974,183,Bayan-Ulgii,Баян-Өлгий,0,Total,Бүгд,25.7,1178.4,2.180923,,
1974,183,Bayan-Ulgii,Баян-Өлгий,1,Horse,Адуу,1.4,72.4,1.933702,,
1974,183,Bayan-Ulgii,Баян-Өлгий,2,Cattle,Үхэр,1.9,89.2,2.130045,,
1974,183,Bayan-Ulgii,Баян-Өлгий,3,Camel,Тэмээ,0.4,14.6,2.739726,,
1974,183,Bayan-Ulgii,Баян-Өлгий,4,Sheep,Хонь,15.4,684.7,2.24916,,
1974,183,Bayan-Ulgii,Баян-Өлгий,5,Goat,Ямаа,6.6,317.6,2.078086,,
1974,184,Khovd,Ховд,0,Total,Бүгд,57.5,1675.9,3.430992,,
1974,184,Khovd,Ховд,1,Horse,Адуу,3.1,107,2.897196,,
1974,184,Khovd,Ховд,2,Cattle,Үхэр,2.1,115,1.826087,,
1974,184,Khovd,Ховд,3,Camel,Тэмээ,1.7,42.4,4.009434,,
1974,184,Khovd,Ховд,4,Sheep,Хонь,34.8,936.6,3.715567,,
1974,184,Khovd,Ховд,5,Goat,Ямаа,15.8,474.9,3.327016,,
1974,185,Uvs,Увс,0,Total,Бүгд,70.7,1737.8,4.068362,,
1974,185,Uvs,Увс,1,Horse,Адуу,8.2,124.8,6.570513,,
1974,185,Uvs,Увс,2,Cattle,Үхэр,5.4,124,4.354839,,
1974,185,Uvs,Увс,3,Camel,Тэмээ,2.8,40.9,6.845966,,
1974,185,Uvs,Увс,4,Sheep,Хонь,42.9,1158.3,3.703704,,
1974,185,Uvs,Увс,5,Goat,Ямаа,11.4,289.8,3.933747,,
1974,261,Orkhon,Орхон,0,Total,Бүгд,,,,..,..
1974,261,Orkhon,Орхон,1,Horse,Адуу,,,,..,..
1974,261,Orkhon,Орхон,2,Cattle,Үхэр,,,,..,..
1974,261,Orkhon,Орхон,3,Camel,Тэмээ,,,,..,..
1974,261,Orkhon,Орхон,4,Sheep,Хонь,,,,..,..
1974,261,Orkhon,Орхон,5,Goat,Ямаа,,,,..,..
1974,262,Uvurkhangai,Өвөрхангай,0,Total,Бүгд,52,1733.1,3.000404,,
1974,262,Uvurkhangai,Өвөрхангай,1,Horse,Адуу,3.9,184,2.119565,,
1974,262,Uvurkhangai,Өвөрхангай,2,Cattle,Үхэр,4.5,169.7,2.651738,,
1974,262,Uvurkhangai,Өвөрхангай,3,Camel,Тэмээ,1.5,36.9,4.065041,,
1974,262,Uvurkhangai,Өвөрхангай,4,Sheep,Хонь,33.9,1035.1,3.275046,,
1974,262,Uvurkhangai,Өвөрхангай,5,Goat,Ямаа,8.2,307.4,2.667534,,
1974,263,Bulgan,Булган,0,Total,Бүгд,40.5,980.5,4.130546,,
1974,263,Bulgan,Булган,1,Horse,Адуу,4.3,96.6,4.451346,,
1974,263,Bulgan,Булган,2,Cattle,Үхэр,2.6,131.6,1.975684,,
1974,263,Bulgan,Булган,3,Camel,Тэмээ,0.2,3.9,5.128205,,
1974,263,Bulgan,Булган,4,Sheep,Хонь,28.6,645.3,4.432047,,
1974,263,Bulgan,Булган,5,Goat,Ямаа,4.8,103.1,4.655674,,
1974,264,Bayankhongor,Баянхонгор,0,Total,Бүгд,66.5,1664.4,3.995434,,
1974,264,Bayankhongor,Баянхонгор,1,Horse,Адуу,3.8,131.4,2.891933,,
1974,264,Bayankhongor,Баянхонгор,2,Cattle,Үхэр,5,126.5,3.952569,,
1974,264,Bayankhongor,Баянхонгор,3,Camel,Тэмээ,1.2,56.5,2.123894,,
1974,264,Bayankhongor,Баянхонгор,4,Sheep,Хонь,44.2,846.7,5.220267,,
1974,264,Bayankhongor,Баянхонгор,5,Goat,Ямаа,12.3,503.4,2.443385,,
1974,265,Arkhangai,Архангай,0,Total,Бүгд,60.6,1492,4.061662,,
1974,265,Arkhangai,Архангай,1,Horse,Адуу,4.9,185.2,2.645788,,
1974,265,Arkhangai,Архангай,2,Cattle,Үхэр,4.4,232.4,1.893287,,
1974,265,Arkhangai,Архангай,3,Camel,Тэмээ,0.2,2.7,7.407407,,
1974,265,Arkhangai,Архангай,4,Sheep,Хонь,42.1,898.9,4.683502,,
1974,265,Arkhangai,Архангай,5,Goat,Ямаа,9,172.8,5.208333,,
1974,267,Khuvsgul,Хөвсгөл,0,Total,Бүгд,51.1,1580.8,3.23254,,
1974,267,Khuvsgul,Хөвсгөл,1,Horse,Адуу,4,137.6,2.906977,,
1974,267,Khuvsgul,Хөвсгөл,2,Cattle,Үхэр,3.9,234,1.666667,,
1974,267,Khuvsgul,Хөвсгөл,3,Camel,Тэмээ,0.4,8,5.0,,
1974,267,Khuvsgul,Хөвсгөл,4,Sheep,Хонь,35.6,977.6,3.641571,,
1974,267,Khuvsgul,Хөвсгөл,5,Goat,Ямаа,7.2,223.7,3.218596,,
1974,341,Tuv,Төв,0,Total,Бүгд,47.4,1381.1,3.432047,,
1974,341,Tuv,Төв,1,Horse,Адуу,5.4,159.1,3.394092,,
1974,341,Tuv,Төв,2,Cattle,Үхэр,3.4,158.4,2.146465,,
1974,341,Tuv,Төв,3,Camel,Тэмээ,0.8,10.6,7.54717,,
1974,341,Tuv,Төв,4,Sheep,Хонь,31.7,882,3.594104,,
1974,341,Tuv,Төв,5,Goat,Ямаа,6.1,171,3.567251,,
1974,342,Govisumber,Говьсүмбэр,0,Total,Бүгд,,,,..,..
1974,342,Govisumber,Говьсүмбэр,1,Horse,Адуу,,,,..,..
1974,342,Govisumber,Говьсүмбэр,2,Cattle,Үхэр,,,,..,..
1974,342,Govisumber,Говьсүмбэр,3,Camel,Тэмээ,,,,..,..
1974,342,Govisumber,Говьсүмбэр,4,Sheep,Хонь,,,,..,..
1974,342,Govisumber,Говьсүмбэр,5,Goat,Ямаа,,,,..,..
1974,343,Selenge,Сэлэнгэ,0,Total,Бүгд,23.6,409.9,5.757502,,
1974,343,Selenge,Сэлэнгэ,1,Horse,Адуу,1.2,19.8,6.060606,,
1974,343,Selenge,Сэлэнгэ,2,Cattle,Үхэр,2.1,67.7,3.10192,,
1974,343,Selenge,Сэлэнгэ,3,Camel,Тэмээ,,0.2,,..,
1974,343,Selenge,Сэлэнгэ,4,Sheep,Хонь,19,298,6.375839,,
1974,343,Selenge,Сэлэнгэ,5,Goat,Ямаа,1.3,24.2,5.371901,,
1974,344,Dornogovi,Дорноговь,0,Total,Бүгд,33.9,860.5,3.93957,,
1974,344,Dornogovi,Дорноговь,1,Horse,Адуу,6.3,108.3,5.817175,,
1974,344,Dornogovi,Дорноговь,2,Cattle,Үхэр,0.7,55.8,1.25448,,
1974,344,Dornogovi,Дорноговь,3,Camel,Тэмээ,4.8,73.2,6.557377,,
1974,344,Dornogovi,Дорноговь,4,Sheep,Хонь,15.5,451.8,3.430722,,
1974,344,Dornogovi,Дорноговь,5,Goat,Ямаа,6.6,171.4,3.850642,,
1974,345,Darkhan-Uul,Дархан-Уул,0,Total,Бүгд,0.3,6,5.0,,
1974,345,Darkhan-Uul,Дархан-Уул,1,Horse,Адуу,0,1.1,0.0,,
1974,345,Darkhan-Uul,Дархан-Уул,2,Cattle,Үхэр,0.1,3.6,2.777778,,
1974,345,Darkhan-Uul,Дархан-Уул,3,Camel,Тэмээ,,,,..,..
1974,345,Darkhan-Uul,Дархан-Уул,4,Sheep,Хонь,0.2,0.6,33.333333,,
1974,345,Darkhan-Uul,Дархан-Уул,5,Goat,Ямаа,0,0.7,0.0,,
1974,346,Umnugovi,Өмнөговь,0,Total,Бүгд,19.5,764.5,2.550687,,
1974,346,Umnugovi,Өмнөговь,1,Horse,Адуу,1.6,67.1,2.384501,,
1974,346,Umnugovi,Өмнөговь,2,Cattle,Үхэр,0.1,10.8,0.925926,,
1974,346,Umnugovi,Өмнөговь,3,Camel,Тэмээ,7.3,123.9,5.891848,,
1974,346,Umnugovi,Өмнөговь,4,Sheep,Хонь,4.5,255.5,1.761252,,
1974,346,Umnugovi,Өмнөговь,5,Goat,Ямаа,6,307.1,1.953761,,
1974,348,Dundgovi,Дундговь,0,Total,Бүгд,31.1,1362.9,2.281899,,
1974,348,Dundgovi,Дундговь,1,Horse,Адуу,3.9,163.2,2.389706,,
1974,348,Dundgovi,Дундговь,2,Cattle,Үхэр,0.7,67.4,1.038576,,
1974,348,Dundgovi,Дундговь,3,Camel,Тэмээ,3.8,67.1,5.663189,,
1974,348,Dundgovi,Дундговь,4,Sheep,Хонь,14.5,732.2,1.980333,,
1974,348,Dundgovi,Дундговь,5,Goat,Ямаа,8.2,333.1,2.461723,,
1974,421,Dornod,Дорнод,0,Total,Бүгд,38.1,1022.1,3.72762,,
1974,421,Dornod,Дорнод,1,Horse,Адуу,2.9,103.3,2.807357,,
1974,421,Dornod,Дорнод,2,Cattle,Үхэр,2.9,107.9,2.687674,,
1974,421,Dornod,Дорнод,3,Camel,Тэмээ,1,16.2,6.17284,,
1974,421,Dornod,Дорнод,4,Sheep,Хонь,28.7,738.1,3.888362,,
1974,421,Dornod,Дорнод,5,Goat,Ямаа,2.6,56.6,4.59364,,
1974,422,Sukhbaatar,Сүхбаатар,0,Total,Бүгд,87.7,1053.6,8.323842,,
1974,422,Sukhbaatar,Сүхбаатар,1,Horse,Адуу,7.4,120.5,6.141079,,
1974,422,Sukhbaatar,Сүхбаатар,2,Cattle,Үхэр,2.1,104.4,2.011494,,
1974,422,Sukhbaatar,Сүхбаатар,3,Camel,Тэмээ,1.6,17.9,8.938547,,
1974,422,Sukhbaatar,Сүхбаатар,4,Sheep,Хонь,55.5,684,8.114035,,
1974,422,Sukhbaatar,Сүхбаатар,5,Goat,Ямаа,21.1,126.9,16.627266,,
1974,423,Khentii,Хэнтий,0,Total,Бүгд,66.8,1316.4,5.074445,,
1974,423,Khentii,Хэнтий,1,Horse,Адуу,9.7,156.9,6.182282,,
1974,423,Khentii,Хэнтий,2,Cattle,Үхэр,5,177.4,2.818489,,
1974,423,Khentii,Хэнтий,3,Camel,Тэмээ,1.2,12.9,9.302326,,
1974,423,Khentii,Хэнтий,4,Sheep,Хонь,42.2,848.2,4.975242,,
1974,423,Khentii,Хэнтий,5,Goat,Ямаа,8.7,121,7.190083,,
1974,511,Ulaanbaatar,Улаанбаатар,0,Total,Бүгд,1.6,53.5,2.990654,,
1974,511,Ulaanbaatar,Улаанбаатар,1,Horse,Адуу,0.6,8.7,6.896552,,
1974,511,Ulaanbaatar,Улаанбаатар,2,Cattle,Үхэр,0.5,23.8,2.10084,,
1974,511,Ulaanbaatar,Улаанбаатар,3,Camel,Тэмээ,,,,..,..
1974,511,Ulaanbaatar,Улаанбаатар,4,Sheep,Хонь,0.4,13.7,2.919708,,
1974,511,Ulaanbaatar,Улаанбаатар,5,Goat,Ямаа,0.1,7.3,1.369863,,
1975,0,Total,Улсын дүн,0,Total,Бүгд,1070.7,24313.5,4.403726,,
1975,0,Total,Улсын дүн,1,Horse,Адуу,110.7,2264.9,4.887633,,
1975,0,Total,Улсын дүн,2,Cattle,Үхэр,78.3,2363.9,3.312323,,
1975,0,Total,Улсын дүн,3,Camel,Тэмээ,32,606.6,5.275305,,
1975,0,Total,Улсын дүн,4,Sheep,Хонь,663.4,14503.7,4.574005,,
1975,0,Total,Улсын дүн,5,Goat,Ямаа,186.3,4574.4,4.072665,,
1975,181,Zavkhan,Завхан,0,Total,Бүгд,54.7,1786.9,3.061167,,
1975,181,Zavkhan,Завхан,1,Horse,Адуу,7.3,145.5,5.017182,,
1975,181,Zavkhan,Завхан,2,Cattle,Үхэр,5,154,3.246753,,
1975,181,Zavkhan,Завхан,3,Camel,Тэмээ,1.1,20.6,5.339806,,
1975,181,Zavkhan,Завхан,4,Sheep,Хонь,33.3,1170.7,2.844452,,
1975,181,Zavkhan,Завхан,5,Goat,Ямаа,8,296.1,2.70179,,
1975,182,Govi-Altai,Говь-Алтай,0,Total,Бүгд,44,1451.6,3.031138,,
1975,182,Govi-Altai,Говь-Алтай,1,Horse,Адуу,4.2,99.4,4.225352,,
1975,182,Govi-Altai,Говь-Алтай,2,Cattle,Үхэр,3.3,87.8,3.758542,,
1975,182,Govi-Altai,Говь-Алтай,3,Camel,Тэмээ,1.6,53.8,2.973978,,
1975,182,Govi-Altai,Говь-Алтай,4,Sheep,Хонь,23.4,780.9,2.996542,,
1975,182,Govi-Altai,Говь-Алтай,5,Goat,Ямаа,11.5,429.6,2.676909,,
1975,183,Bayan-Ulgii,Баян-Өлгий,0,Total,Бүгд,67.5,1155,5.844156,,
1975,183,Bayan-Ulgii,Баян-Өлгий,1,Horse,Адуу,5.2,75.4,6.896552,,
1975,183,Bayan-Ulgii,Баян-Өлгий,2,Cattle,Үхэр,10.3,94.7,10.876452,,
1975,183,Bayan-Ulgii,Баян-Өлгий,3,Camel,Тэмээ,0.8,14.4,5.555556,,
1975,183,Bayan-Ulgii,Баян-Өлгий,4,Sheep,Хонь,35,662.4,5.283816,,
1975,183,Bayan-Ulgii,Баян-Өлгий,5,Goat,Ямаа,16.2,308.3,5.254622,,
1975,184,Khovd,Ховд,0,Total,Бүгд,69.2,1652,4.188862,,
1975,184,Khovd,Ховд,1,Horse,Адуу,5.7,108.2,5.268022,,
1975,184,Khovd,Ховд,2,Cattle,Үхэр,4.8,117.2,4.095563,,
1975,184,Khovd,Ховд,3,Camel,Тэмээ,1.6,42.7,3.747073,,
1975,184,Khovd,Ховд,4,Sheep,Хонь,38,928.3,4.093504,,
1975,184,Khovd,Ховд,5,Goat,Ямаа,19.1,455.6,4.192274,,
1975,185,Uvs,Увс,0,Total,Бүгд,78.9,1714.6,4.601656,,
1975,185,Uvs,Увс,1,Horse,Адуу,10.1,124.4,8.118971,,
1975,185,Uvs,Увс,2,Cattle,Үхэр,8.4,126.3,6.650831,,
1975,185,Uvs,Увс,3,Camel,Тэмээ,2.1,40.1,5.236908,,
1975,185,Uvs,Увс,4,Sheep,Хонь,45.8,1129.5,4.054892,,
1975,185,Uvs,Увс,5,Goat,Ямаа,12.5,294.3,4.247367,,
1975,261,Orkhon,Орхон,0,Total,Бүгд,,,,..,..
1975,261,Orkhon,Орхон,1,Horse,Адуу,,,,..,..
1975,261,Orkhon,Орхон,2,Cattle,Үхэр,,,,..,..
1975,261,Orkhon,Орхон,3,Camel,Тэмээ,,,,..,..
1975,261,Orkhon,Орхон,4,Sheep,Хонь,,,,..,..
1975,261,Orkhon,Орхон,5,Goat,Ямаа,,,,..,..
1975,262,Uvurkhangai,Өвөрхангай,0,Total,Бүгд,58,1820.1,3.186638,,
1975,262,Uvurkhangai,Өвөрхангай,1,Horse,Адуу,5.6,188.5,2.970822,,
1975,262,Uvurkhangai,Өвөрхангай,2,Cattle,Үхэр,3.7,174.5,2.120344,,
1975,262,Uvurkhangai,Өвөрхангай,3,Camel,Тэмээ,1.6,37,4.324324,,
1975,262,Uvurkhangai,Өвөрхангай,4,Sheep,Хонь,37.3,1098.2,3.396467,,
1975,262,Uvurkhangai,Өвөрхангай,5,Goat,Ямаа,9.8,321.9,3.044424,,
1975,263,Bulgan,Булган,0,Total,Бүгд,72.1,1011.5,7.128028,,
1975,263,Bulgan,Булган,1,Horse,Адуу,5.5,100.5,5.472637,,
1975,263,Bulgan,Булган,2,Cattle,Үхэр,3.3,139.7,2.362205,,
1975,263,Bulgan,Булган,3,Camel,Тэмээ,0.3,4,7.5,,
1975,263,Bulgan,Булган,4,Sheep,Хонь,54.9,661.5,8.29932,,
1975,263,Bulgan,Булган,5,Goat,Ямаа,8.1,105.8,7.655955,,
1975,264,Bayankhongor,Баянхонгор,0,Total,Бүгд,66.9,1686.6,3.96656,,
1975,264,Bayankhongor,Баянхонгор,1,Horse,Адуу,6.4,131.7,4.859529,,
1975,264,Bayankhongor,Баянхонгор,2,Cattle,Үхэр,4.3,125.1,3.43725,,
1975,264,Bayankhongor,Баянхонгор,3,Camel,Тэмээ,1.5,56.6,2.650177,,
1975,264,Bayankhongor,Баянхонгор,4,Sheep,Хонь,39.6,862.3,4.592369,,
1975,264,Bayankhongor,Баянхонгор,5,Goat,Ямаа,15.1,510.9,2.955569,,
1975,265,Arkhangai,Архангай,0,Total,Бүгд,90.2,1549.1,5.822736,,
1975,265,Arkhangai,Архангай,1,Horse,Адуу,7.5,189.9,3.949447,,
1975,265,Arkhangai,Архангай,2,Cattle,Үхэр,5.5,241.7,2.275548,,
1975,265,Arkhangai,Архангай,3,Camel,Тэмээ,0.2,2.7,7.407407,,
1975,265,Arkhangai,Архангай,4,Sheep,Хонь,59.3,938.3,6.31994,,
1975,265,Arkhangai,Архангай,5,Goat,Ямаа,17.7,176.5,10.028329,,
1975,267,Khuvsgul,Хөвсгөл,0,Total,Бүгд,99.5,1676.1,5.9364,,
1975,267,Khuvsgul,Хөвсгөл,1,Horse,Адуу,6.1,138.3,4.410701,,
1975,267,Khuvsgul,Хөвсгөл,2,Cattle,Үхэр,7.2,247.6,2.907916,,
1975,267,Khuvsgul,Хөвсгөл,3,Camel,Тэмээ,0.4,7.9,5.063291,,
1975,267,Khuvsgul,Хөвсгөл,4,Sheep,Хонь,69.4,1055.1,6.577576,,
1975,267,Khuvsgul,Хөвсгөл,5,Goat,Ямаа,16.4,227.1,7.221488,,
1975,341,Tuv,Төв,0,Total,Бүгд,75.8,1511.7,5.014222,,
1975,341,Tuv,Төв,1,Horse,Адуу,6.6,167.1,3.949731,,
1975,341,Tuv,Төв,2,Cattle,Үхэр,4.6,172.4,2.668213,,
1975,341,Tuv,Төв,3,Camel,Тэмээ,0.9,10.8,8.333333,,
1975,341,Tuv,Төв,4,Sheep,Хонь,53.7,974.8,5.508822,,
1975,341,Tuv,Төв,5,Goat,Ямаа,10,186.6,5.359057,,
1975,342,Govisumber,Говьсүмбэр,0,Total,Бүгд,,,,..,..
1975,342,Govisumber,Говьсүмбэр,1,Horse,Адуу,,,,..,..
1975,342,Govisumber,Говьсүмбэр,2,Cattle,Үхэр,,,,..,..
1975,342,Govisumber,Говьсүмбэр,3,Camel,Тэмээ,,,,..,..
1975,342,Govisumber,Говьсүмбэр,4,Sheep,Хонь,,,,..,..
1975,342,Govisumber,Говьсүмбэр,5,Goat,Ямаа,,,,..,..
1975,343,Selenge,Сэлэнгэ,0,Total,Бүгд,34.1,436.2,7.817515,,
1975,343,Selenge,Сэлэнгэ,1,Horse,Адуу,1.4,21.5,6.511628,,
1975,343,Selenge,Сэлэнгэ,2,Cattle,Үхэр,2.7,72.7,3.713893,,
1975,343,Selenge,Сэлэнгэ,3,Camel,Тэмээ,,0.2,,..,
1975,343,Selenge,Сэлэнгэ,4,Sheep,Хонь,28.6,317.4,9.010712,,
1975,343,Selenge,Сэлэнгэ,5,Goat,Ямаа,1.4,24.5,5.714286,,
1975,344,Dornogovi,Дорноговь,0,Total,Бүгд,40.3,928.2,4.341737,,
1975,344,Dornogovi,Дорноговь,1,Horse,Адуу,7.4,112.4,6.58363,,
1975,344,Dornogovi,Дорноговь,2,Cattle,Үхэр,1.1,64.3,1.710731,,
1975,344,Dornogovi,Дорноговь,3,Camel,Тэмээ,6.3,73.9,8.525034,,
1975,344,Dornogovi,Дорноговь,4,Sheep,Хонь,19.4,485.9,3.992591,,
1975,344,Dornogovi,Дорноговь,5,Goat,Ямаа,6.1,191.7,3.182055,,
1975,345,Darkhan-Uul,Дархан-Уул,0,Total,Бүгд,0.4,12.4,3.225806,,
1975,345,Darkhan-Uul,Дархан-Уул,1,Horse,Адуу,0,1.3,0.0,,
1975,345,Darkhan-Uul,Дархан-Уул,2,Cattle,Үхэр,0.1,5,2.0,,
1975,345,Darkhan-Uul,Дархан-Уул,3,Camel,Тэмээ,,,,..,..
1975,345,Darkhan-Uul,Дархан-Уул,4,Sheep,Хонь,0.3,5.3,5.660377,,
1975,345,Darkhan-Uul,Дархан-Уул,5,Goat,Ямаа,0,0.8,0.0,,
1975,346,Umnugovi,Өмнөговь,0,Total,Бүгд,19.6,863.8,2.269044,,
1975,346,Umnugovi,Өмнөговь,1,Horse,Адуу,2.1,74.2,2.830189,,
1975,346,Umnugovi,Өмнөговь,2,Cattle,Үхэр,0.3,12.7,2.362205,,
1975,346,Umnugovi,Өмнөговь,3,Camel,Тэмээ,4.6,125.4,3.668262,,
1975,346,Umnugovi,Өмнөговь,4,Sheep,Хонь,5.4,281.9,1.915573,,
1975,346,Umnugovi,Өмнөговь,5,Goat,Ямаа,7.2,369.6,1.948052,,
1975,348,Dundgovi,Дундговь,0,Total,Бүгд,52,1461.9,3.557015,,
1975,348,Dundgovi,Дундговь,1,Horse,Адуу,9.7,185.2,5.237581,,
1975,348,Dundgovi,Дундговь,2,Cattle,Үхэр,1.5,78.3,1.915709,,
1975,348,Dundgovi,Дундговь,3,Camel,Тэмээ,5.4,68.5,7.883212,,
1975,348,Dundgovi,Дундговь,4,Sheep,Хонь,22.4,776.3,2.885482,,
1975,348,Dundgovi,Дундговь,5,Goat,Ямаа,13,353.6,3.676471,,
1975,421,Dornod,Дорнод,0,Total,Бүгд,34.4,1072.7,3.206861,,
1975,421,Dornod,Дорнод,1,Horse,Адуу,4,106.5,3.755869,,
1975,421,Dornod,Дорнод,2,Cattle,Үхэр,3.7,119.1,3.106633,,
1975,421,Dornod,Дорнод,3,Camel,Тэмээ,0.9,16.6,5.421687,,
1975,421,Dornod,Дорнод,4,Sheep,Хонь,23.2,767.8,3.02162,,
1975,421,Dornod,Дорнод,5,Goat,Ямаа,2.6,62.7,4.14673,,
1975,422,Sukhbaatar,Сүхбаатар,0,Total,Бүгд,40.3,1068,3.773408,,
1975,422,Sukhbaatar,Сүхбаатар,1,Horse,Адуу,5.9,123.7,4.769604,,
1975,422,Sukhbaatar,Сүхбаатар,2,Cattle,Үхэр,2.3,113.9,2.019315,,
1975,422,Sukhbaatar,Сүхбаатар,3,Camel,Тэмээ,1.4,18.4,7.608696,,
1975,422,Sukhbaatar,Сүхбаатар,4,Sheep,Хонь,26.2,692.7,3.782301,,
1975,422,Sukhbaatar,Сүхбаатар,5,Goat,Ямаа,4.5,119.4,3.768844,,
1975,423,Khentii,Хэнтий,0,Total,Бүгд,70.4,1397.2,5.038649,,
1975,423,Khentii,Хэнтий,1,Horse,Адуу,9.5,163.2,5.821078,,
1975,423,Khentii,Хэнтий,2,Cattle,Үхэр,5.3,190.5,2.782152,,
1975,423,Khentii,Хэнтий,3,Camel,Тэмээ,1.3,13,10.0,,
1975,423,Khentii,Хэнтий,4,Sheep,Хонь,47.4,898.9,5.273112,,
1975,423,Khentii,Хэнтий,5,Goat,Ямаа,6.9,131.7,5.23918,,
1975,511,Ulaanbaatar,Улаанбаатар,0,Total,Бүгд,2.4,57.9,4.145078,,
1975,511,Ulaanbaatar,Улаанбаатар,1,Horse,Адуу,0.5,8.1,6.17284,,
1975,511,Ulaanbaatar,Улаанбаатар,2,Cattle,Үхэр,0.9,26.6,3.383459,,
1975,511,Ulaanbaatar,Улаанбаатар,3,Camel,Тэмээ,,,,..,..
1975,511,Ulaanbaatar,Улаанбаатар,4,Sheep,Хонь,0.8,15.5,5.16129,,
1975,511,Ulaanbaatar,Улаанбаатар,5,Goat,Ямаа,0.2,7.7,2.597403,,
1976,0,Total,Улсын дүн,0,Total,Бүгд,1257.9,24351.6,5.165574,,
1976,0,Total,Улсын дүн,1,Horse,Адуу,122.2,2254.6,5.42003,,
1976,0,Total,Улсын дүн,2,Cattle,Үхэр,95.8,2427.1,3.947097,,
1976,0,Total,Улсын дүн,3,Camel,Тэмээ,36.8,617,5.964344,,
1976,0,Total,Улсын дүн,4,Sheep,Хонь,805.3,14458.3,5.569811,,
1976,0,Total,Улсын дүн,5,Goat,Ямаа,197.8,4594.6,4.305054,,
1976,181,Zavkhan,Завхан,0,Total,Бүгд,80.3,1837.5,4.370068,,
1976,181,Zavkhan,Завхан,1,Horse,Адуу,6.4,140.5,4.55516,,
1976,181,Zavkhan,Завхан,2,Cattle,Үхэр,7.6,154.4,4.92228,,
1976,181,Zavkhan,Завхан,3,Camel,Тэмээ,1,19.9,5.025126,,
1976,181,Zavkhan,Завхан,4,Sheep,Хонь,53.3,1218.3,4.374949,,
1976,181,Zavkhan,Завхан,5,Goat,Ямаа,12,304.4,3.942181,,
1976,182,Govi-Altai,Говь-Алтай,0,Total,Бүгд,54.8,1497.8,3.658699,,
1976,182,Govi-Altai,Говь-Алтай,1,Horse,Адуу,3.9,98,3.979592,,
1976,182,Govi-Altai,Говь-Алтай,2,Cattle,Үхэр,3.7,88.3,4.19026,,
1976,182,Govi-Altai,Говь-Алтай,3,Camel,Тэмээ,1.6,54.2,2.95203,,
1976,182,Govi-Altai,Говь-Алтай,4,Sheep,Хонь,28.6,813.8,3.514377,,
1976,182,Govi-Altai,Говь-Алтай,5,Goat,Ямаа,17,443.5,3.833145,,
1976,183,Bayan-Ulgii,Баян-Өлгий,0,Total,Бүгд,31.9,1092.5,2.919908,,
1976,183,Bayan-Ulgii,Баян-Өлгий,1,Horse,Адуу,1.8,67.2,2.678571,,
1976,183,Bayan-Ulgii,Баян-Өлгий,2,Cattle,Үхэр,3.7,82.5,4.484848,,
1976,183,Bayan-Ulgii,Баян-Өлгий,3,Camel,Тэмээ,0.4,13.3,3.007519,,
1976,183,Bayan-Ulgii,Баян-Өлгий,4,Sheep,Хонь,17.2,631.1,2.7254,,
1976,183,Bayan-Ulgii,Баян-Өлгий,5,Goat,Ямаа,8.8,298.5,2.948074,,
1976,184,Khovd,Ховд,0,Total,Бүгд,35.8,1592.9,2.247473,,
1976,184,Khovd,Ховд,1,Horse,Адуу,3,101.5,2.955665,,
1976,184,Khovd,Ховд,2,Cattle,Үхэр,2.5,114,2.192982,,
1976,184,Khovd,Ховд,3,Camel,Тэмээ,1.5,42.8,3.504673,,
1976,184,Khovd,Ховд,4,Sheep,Хонь,20.9,903,2.314507,,
1976,184,Khovd,Ховд,5,Goat,Ямаа,7.9,431.7,1.829975,,
1976,185,Uvs,Увс,0,Total,Бүгд,118.5,1610,7.360248,,
1976,185,Uvs,Увс,1,Horse,Адуу,11.8,115.1,10.251955,,
1976,185,Uvs,Увс,2,Cattle,Үхэр,10.7,118,9.067797,,
1976,185,Uvs,Увс,3,Camel,Тэмээ,3,39.4,7.614213,,
1976,185,Uvs,Увс,4,Sheep,Хонь,71.8,1053.8,6.813437,,
1976,185,Uvs,Увс,5,Goat,Ямаа,21.2,283.7,7.472682,,
1976,261,Orkhon,Орхон,0,Total,Бүгд,0.2,,,,..
1976,261,Orkhon,Орхон,1,Horse,Адуу,0,,,,..
1976,261,Orkhon,Орхон,2,Cattle,Үхэр,,,,..,..
1976,261,Orkhon,Орхон,3,Camel,Тэмээ,,,,..,..
1976,261,Orkhon,Орхон,4,Sheep,Хонь,0.2,,,,..
1976,261,Orkhon,Орхон,5,Goat,Ямаа,,,,..,..
1976,262,Uvurkhangai,Өвөрхангай,0,Total,Бүгд,79.3,1875.2,4.228882,,
1976,262,Uvurkhangai,Өвөрхангай,1,Horse,Адуу,5,188.6,2.651113,,
1976,262,Uvurkhangai,Өвөрхангай,2,Cattle,Үхэр,3.6,185.3,1.942795,,
1976,262,Uvurkhangai,Өвөрхангай,3,Camel,Тэмээ,1.4,37.5,3.733333,,
1976,262,Uvurkhangai,Өвөрхангай,4,Sheep,Хонь,56.4,1133.3,4.976617,,
1976,262,Uvurkhangai,Өвөрхангай,5,Goat,Ямаа,12.9,330.5,3.903177,,
1976,263,Bulgan,Булган,0,Total,Бүгд,78.3,1012.8,7.731043,,
1976,263,Bulgan,Булган,1,Horse,Адуу,8.1,102.7,7.88705,,
1976,263,Bulgan,Булган,2,Cattle,Үхэр,4.8,146.5,3.276451,,
1976,263,Bulgan,Булган,3,Camel,Тэмээ,0.5,4.1,12.195122,,
1976,263,Bulgan,Булган,4,Sheep,Хонь,56.9,655.3,8.683046,,
1976,263,Bulgan,Булган,5,Goat,Ямаа,8,104.2,7.677543,,
1976,264,Bayankhongor,Баянхонгор,0,Total,Бүгд,93.3,1721.5,5.419692,,
1976,264,Bayankhongor,Баянхонгор,1,Horse,Адуу,5.7,130.9,4.354469,,
1976,264,Bayankhongor,Баянхонгор,2,Cattle,Үхэр,5.1,129.6,3.935185,,
1976,264,Bayankhongor,Баянхонгор,3,Camel,Тэмээ,1.6,57.8,2.768166,,
1976,264,Bayankhongor,Баянхонгор,4,Sheep,Хонь,61.5,892.4,6.891528,,
1976,264,Bayankhongor,Баянхонгор,5,Goat,Ямаа,19.4,510.9,3.797221,,
1976,265,Arkhangai,Архангай,0,Total,Бүгд,82.3,1550.4,5.308308,,
1976,265,Arkhangai,Архангай,1,Horse,Адуу,8.9,192.1,4.633004,,
1976,265,Arkhangai,Архангай,2,Cattle,Үхэр,7.9,248.5,3.179074,,
1976,265,Arkhangai,Архангай,3,Camel,Тэмээ,0.3,2.6,11.538462,,
1976,265,Arkhangai,Архангай,4,Sheep,Хонь,55.6,936,5.940171,,
1976,265,Arkhangai,Архангай,5,Goat,Ямаа,9.6,171.1,5.610754,,
1976,267,Khuvsgul,Хөвсгөл,0,Total,Бүгд,119.8,1622.6,7.383212,,
1976,267,Khuvsgul,Хөвсгөл,1,Horse,Адуу,9,134.1,6.711409,,
1976,267,Khuvsgul,Хөвсгөл,2,Cattle,Үхэр,10.7,255.2,4.19279,,
1976,267,Khuvsgul,Хөвсгөл,3,Camel,Тэмээ,0.7,7.7,9.090909,,
1976,267,Khuvsgul,Хөвсгөл,4,Sheep,Хонь,84.7,1016.7,8.330874,,
1976,267,Khuvsgul,Хөвсгөл,5,Goat,Ямаа,14.7,209,7.033493,,
1976,341,Tuv,Төв,0,Total,Бүгд,102,1526.3,6.682828,,
1976,341,Tuv,Төв,1,Horse,Адуу,10.1,178.4,5.661435,,
1976,341,Tuv,Төв,2,Cattle,Үхэр,8.2,189.3,4.331749,,
1976,341,Tuv,Төв,3,Camel,Тэмээ,1.1,11,10.0,,
1976,341,Tuv,Төв,4,Sheep,Хонь,68.3,957,7.136886,,
1976,341,Tuv,Төв,5,Goat,Ямаа,14.3,190.6,7.502623,,
1976,342,Govisumber,Говьсүмбэр,0,Total,Бүгд,,,,..,..
1976,342,Govisumber,Говьсүмбэр,1,Horse,Адуу,,,,..,..
1976,342,Govisumber,Говьсүмбэр,2,Cattle,Үхэр,,,,..,..
1976,342,Govisumber,Говьсүмбэр,3,Camel,Тэмээ,,,,..,..
1976,342,Govisumber,Говьсүмбэр,4,Sheep,Хонь,,,,..,..
1976,342,Govisumber,Говьсүмбэр,5,Goat,Ямаа,,,,..,..
1976,343,Selenge,Сэлэнгэ,0,Total,Бүгд,41.2,445.4,9.250112,,
1976,343,Selenge,Сэлэнгэ,1,Horse,Адуу,1.9,21.6,8.796296,,
1976,343,Selenge,Сэлэнгэ,2,Cattle,Үхэр,4.1,77.1,5.317769,,
1976,343,Selenge,Сэлэнгэ,3,Camel,Тэмээ,,0.2,,..,
1976,343,Selenge,Сэлэнгэ,4,Sheep,Хонь,33.5,321.7,10.413429,,
1976,343,Selenge,Сэлэнгэ,5,Goat,Ямаа,1.7,24.9,6.827309,,
1976,344,Dornogovi,Дорноговь,0,Total,Бүгд,41.5,918.7,4.517253,,
1976,344,Dornogovi,Дорноговь,1,Horse,Адуу,6.1,110,5.545455,,
1976,344,Dornogovi,Дорноговь,2,Cattle,Үхэр,1.9,67.1,2.831595,,
1976,344,Dornogovi,Дорноговь,3,Camel,Тэмээ,6.9,72.7,9.491059,,
1976,344,Dornogovi,Дорноговь,4,Sheep,Хонь,18.3,485,3.773196,,
1976,344,Dornogovi,Дорноговь,5,Goat,Ямаа,8.3,183.8,4.515778,,
1976,345,Darkhan-Uul,Дархан-Уул,0,Total,Бүгд,0.7,13.1,5.343511,,
1976,345,Darkhan-Uul,Дархан-Уул,1,Horse,Адуу,0,1.4,0.0,,
1976,345,Darkhan-Uul,Дархан-Уул,2,Cattle,Үхэр,0.1,5.3,1.886792,,
1976,345,Darkhan-Uul,Дархан-Уул,3,Camel,Тэмээ,,,,..,..
1976,345,Darkhan-Uul,Дархан-Уул,4,Sheep,Хонь,0.6,5.6,10.714286,,
1976,345,Darkhan-Uul,Дархан-Уул,5,Goat,Ямаа,0,0.8,0.0,,
1976,346,Umnugovi,Өмнөговь,0,Total,Бүгд,26.6,963.2,2.761628,,
1976,346,Umnugovi,Өмнөговь,1,Horse,Адуу,2.5,77.5,3.225806,,
1976,346,Umnugovi,Өмнөговь,2,Cattle,Үхэр,0.3,14.7,2.040816,,
1976,346,Umnugovi,Өмнөговь,3,Camel,Тэмээ,5.7,138,4.130435,,
1976,346,Umnugovi,Өмнөговь,4,Sheep,Хонь,7.1,307.2,2.311198,,
1976,346,Umnugovi,Өмнөговь,5,Goat,Ямаа,11,425.8,2.583372,,
1976,348,Dundgovi,Дундговь,0,Total,Бүгд,51.2,1436,3.56546,,
1976,348,Dundgovi,Дундговь,1,Horse,Адуу,9.4,182.9,5.13942,,
1976,348,Dundgovi,Дундговь,2,Cattle,Үхэр,1.6,85.3,1.875733,,
1976,348,Dundgovi,Дундговь,3,Camel,Тэмээ,6.9,66.9,10.313901,,
1976,348,Dundgovi,Дундговь,4,Sheep,Хонь,20.7,756,2.738095,,
1976,348,Dundgovi,Дундговь,5,Goat,Ямаа,12.6,344.8,3.654292,,
1976,421,Dornod,Дорнод,0,Total,Бүгд,70.3,1094.8,6.421264,,
1976,421,Dornod,Дорнод,1,Horse,Адуу,7.2,110.9,6.492335,,
1976,421,Dornod,Дорнод,2,Cattle,Үхэр,5.6,122.2,4.582651,,
1976,421,Dornod,Дорнод,3,Camel,Тэмээ,1.5,17.3,8.67052,,
1976,421,Dornod,Дорнод,4,Sheep,Хонь,51,780.1,6.537623,,
1976,421,Dornod,Дорнод,5,Goat,Ямаа,5,64.3,7.77605,,
1976,422,Sukhbaatar,Сүхбаатар,0,Total,Бүгд,51.9,1073.9,4.832852,,
1976,422,Sukhbaatar,Сүхбаатар,1,Horse,Адуу,8.8,127.9,6.880375,,
1976,422,Sukhbaatar,Сүхбаатар,2,Cattle,Үхэр,4,119.1,3.358522,,
1976,422,Sukhbaatar,Сүхбаатар,3,Camel,Тэмээ,1.4,19.1,7.329843,,
1976,422,Sukhbaatar,Сүхбаатар,4,Sheep,Хонь,32.1,678.2,4.733117,,
1976,422,Sukhbaatar,Сүхбаатар,5,Goat,Ямаа,5.6,129.7,4.317656,,
1976,423,Khentii,Хэнтий,0,Total,Бүгд,94.6,1403.8,6.738852,,
1976,423,Khentii,Хэнтий,1,Horse,Адуу,11.7,164.2,7.125457,,
1976,423,Khentii,Хэнтий,2,Cattle,Үхэр,8.5,197,4.314721,,
1976,423,Khentii,Хэнтий,3,Camel,Тэмээ,1.3,12.6,10.31746,,
1976,423,Khentii,Хэнтий,4,Sheep,Хонь,65.6,894.9,7.330428,,
1976,423,Khentii,Хэнтий,5,Goat,Ямаа,7.5,135.2,5.547337,,
1976,511,Ulaanbaatar,Улаанбаатар,0,Total,Бүгд,3.4,63.2,5.379747,,
1976,511,Ulaanbaatar,Улаанбаатар,1,Horse,Адуу,0.9,9.2,9.782609,,
1976,511,Ulaanbaatar,Улаанбаатар,2,Cattle,Үхэр,1.2,27.7,4.33213,,
1976,511,Ulaanbaatar,Улаанбаатар,3,Camel,Тэмээ,,,,..,..
1976,511,Ulaanbaatar,Улаанбаатар,4,Sheep,Хонь,1,19,5.263158,,
1976,511,Ulaanbaatar,Улаанбаатар,5,Goat,Ямаа,0.3,7.3,4.109589,,
1977,0,Total,Улсын дүн,0,Total,Бүгд,2036.4,23684,8.59821,,
1977,0,Total,Улсын дүн,1,Horse,Адуу,138.8,2204.6,6.295927,,
1977,0,Total,Улсын дүн,2,Cattle,Үхэр,180.6,2417.4,7.470836,,
1977,0,Total,Улсын дүн,3,Camel,Тэмээ,36,607.4,5.926902,,
1977,0,Total,Улсын дүн,4,Sheep,Хонь,1308.2,13906.3,9.407247,,
1977,0,Total,Улсын дүн,5,Goat,Ямаа,372.9,4548.3,8.198668,,
1977,181,Zavkhan,Завхан,0,Total,Бүгд,187.1,1867.6,10.018205,,
1977,181,Zavkhan,Завхан,1,Horse,Адуу,8.8,136.8,6.432749,,
1977,181,Zavkhan,Завхан,2,Cattle,Үхэр,18.8,153.7,12.23162,,
1977,181,Zavkhan,Завхан,3,Camel,Тэмээ,1.3,19.5,6.666667,,
1977,181,Zavkhan,Завхан,4,Sheep,Хонь,126.5,1246.4,10.14923,,
1977,181,Zavkhan,Завхан,5,Goat,Ямаа,31.6,311.3,10.15098,,
1977,182,Govi-Altai,Говь-Алтай,0,Total,Бүгд,86.8,1524,5.695538,,
1977,182,Govi-Altai,Говь-Алтай,1,Horse,Адуу,5.4,98.3,5.493388,,
1977,182,Govi-Altai,Говь-Алтай,2,Cattle,Үхэр,4.7,92.5,5.081081,,
1977,182,Govi-Altai,Говь-Алтай,3,Camel,Тэмээ,1.8,54.5,3.302752,,
1977,182,Govi-Altai,Говь-Алтай,4,Sheep,Хонь,46.8,832,5.625,,
1977,182,Govi-Altai,Говь-Алтай,5,Goat,Ямаа,28.1,446.8,6.289167,,
1977,183,Bayan-Ulgii,Баян-Өлгий,0,Total,Бүгд,84,1101.8,7.623888,,
1977,183,Bayan-Ulgii,Баян-Өлгий,1,Horse,Адуу,4.6,68.7,6.695779,,
1977,183,Bayan-Ulgii,Баян-Өлгий,2,Cattle,Үхэр,8.4,79.3,10.592686,,
1977,183,Bayan-Ulgii,Баян-Өлгий,3,Camel,Тэмээ,0.5,12.9,3.875969,,
1977,183,Bayan-Ulgii,Баян-Өлгий,4,Sheep,Хонь,43.5,632.2,6.880734,,
1977,183,Bayan-Ulgii,Баян-Өлгий,5,Goat,Ямаа,27,308.8,8.743523,,
1977,184,Khovd,Ховд,0,Total,Бүгд,131.5,1601.4,8.211565,,
1977,184,Khovd,Ховд,1,Horse,Адуу,10.6,101.6,10.433071,,
1977,184,Khovd,Ховд,2,Cattle,Үхэр,8.8,114.2,7.705779,,
1977,184,Khovd,Ховд,3,Camel,Тэмээ,2.3,43.1,5.336427,,
1977,184,Khovd,Ховд,4,Sheep,Хонь,73.1,901.2,8.111407,,
1977,184,Khovd,Ховд,5,Goat,Ямаа,36.7,441.3,8.316338,,
1977,185,Uvs,Увс,0,Total,Бүгд,133.6,1415.7,9.437028,,
1977,185,Uvs,Увс,1,Horse,Адуу,9.5,105.1,9.03901,,
1977,185,Uvs,Увс,2,Cattle,Үхэр,7.9,106.5,7.41784,,
1977,185,Uvs,Увс,3,Camel,Тэмээ,2.3,38.2,6.020942,,
1977,185,Uvs,Увс,4,Sheep,Хонь,92.8,916.3,10.127687,,
1977,185,Uvs,Увс,5,Goat,Ямаа,21.1,249.5,8.456914,,
1977,261,Orkhon,Орхон,0,Total,Бүгд,0.1,2.5,4.0,,
1977,261,Orkhon,Орхон,1,Horse,Адуу,0,0.3,0.0,,
1977,261,Orkhon,Орхон,2,Cattle,Үхэр,0,1.1,0.0,,
1977,261,Orkhon,Орхон,3,Camel,Тэмээ,,,,..,..
1977,261,Orkhon,Орхон,4,Sheep,Хонь,0,0.7,0.0,,
1977,261,Orkhon,Орхон,5,Goat,Ямаа,0,0.4,0.0,,
1977,262,Uvurkhangai,Өвөрхангай,0,Total,Бүгд,105.4,1914.5,5.505354,,
1977,262,Uvurkhangai,Өвөрхангай,1,Horse,Адуу,4.9,195.6,2.505112,,
1977,262,Uvurkhangai,Өвөрхангай,2,Cattle,Үхэр,7.6,196,3.877551,,
1977,262,Uvurkhangai,Өвөрхангай,3,Camel,Тэмээ,2.1,37.9,5.540897,,
1977,262,Uvurkhangai,Өвөрхангай,4,Sheep,Хонь,66.2,1147.1,5.771075,,
1977,262,Uvurkhangai,Өвөрхангай,5,Goat,Ямаа,24.7,337.9,7.309855,,
1977,263,Bulgan,Булган,0,Total,Бүгд,107.9,948,11.381857,,
1977,263,Bulgan,Булган,1,Horse,Адуу,7.2,96.7,7.445708,,
1977,263,Bulgan,Булган,2,Cattle,Үхэр,9,146.7,6.134969,,
1977,263,Bulgan,Булган,3,Camel,Тэмээ,0.3,3.9,7.692308,,
1977,263,Bulgan,Булган,4,Sheep,Хонь,81.1,600.5,13.505412,,
1977,263,Bulgan,Булган,5,Goat,Ямаа,10.3,100.3,10.269192,,
1977,264,Bayankhongor,Баянхонгор,0,Total,Бүгд,73.1,1694.6,4.313702,,
1977,264,Bayankhongor,Баянхонгор,1,Horse,Адуу,3.8,130.3,2.916347,,
1977,264,Bayankhongor,Баянхонгор,2,Cattle,Үхэр,3.4,131.5,2.585551,,
1977,264,Bayankhongor,Баянхонгор,3,Camel,Тэмээ,1.9,58.6,3.242321,,
1977,264,Bayankhongor,Баянхонгор,4,Sheep,Хонь,40.6,858.6,4.728628,,
1977,264,Bayankhongor,Баянхонгор,5,Goat,Ямаа,23.4,515.6,4.538402,,
1977,265,Arkhangai,Архангай,0,Total,Бүгд,182.2,1490.1,12.227367,,
1977,265,Arkhangai,Архангай,1,Horse,Адуу,10.3,186.4,5.525751,,
1977,265,Arkhangai,Архангай,2,Cattle,Үхэр,21.5,247.5,8.686869,,
1977,265,Arkhangai,Архангай,3,Camel,Тэмээ,0.3,2.2,13.636364,,
1977,265,Arkhangai,Архангай,4,Sheep,Хонь,128.9,891,14.466891,,
1977,265,Arkhangai,Архангай,5,Goat,Ямаа,21.3,163.2,13.051471,,
1977,267,Khuvsgul,Хөвсгөл,0,Total,Бүгд,123.1,1494.3,8.237971,,
1977,267,Khuvsgul,Хөвсгөл,1,Horse,Адуу,5.6,124.8,4.487179,,
1977,267,Khuvsgul,Хөвсгөл,2,Cattle,Үхэр,22.3,246.2,9.057677,,
1977,267,Khuvsgul,Хөвсгөл,3,Camel,Тэмээ,0.6,7,8.571429,,
1977,267,Khuvsgul,Хөвсгөл,4,Sheep,Хонь,82.8,923.8,8.962979,,
1977,267,Khuvsgul,Хөвсгөл,5,Goat,Ямаа,11.8,192.4,6.133056,,
1977,341,Tuv,Төв,0,Total,Бүгд,222,1344.5,16.511714,,
1977,341,Tuv,Төв,1,Horse,Адуу,14.1,166.2,8.483755,,
1977,341,Tuv,Төв,2,Cattle,Үхэр,22.6,178.8,12.639821,,
1977,341,Tuv,Төв,3,Camel,Тэмээ,1.5,10.4,14.423077,,
1977,341,Tuv,Төв,4,Sheep,Хонь,152.3,826.1,18.436025,,
1977,341,Tuv,Төв,5,Goat,Ямаа,31.4,163,19.263804,,
1977,342,Govisumber,Говьсүмбэр,0,Total,Бүгд,,,,..,..
1977,342,Govisumber,Говьсүмбэр,1,Horse,Адуу,,,,..,..
1977,342,Govisumber,Говьсүмбэр,2,Cattle,Үхэр,,,,..,..
1977,342,Govisumber,Говьсүмбэр,3,Camel,Тэмээ,,,,..,..
1977,342,Govisumber,Говьсүмбэр,4,Sheep,Хонь,,,,..,..
1977,342,Govisumber,Говьсүмбэр,5,Goat,Ямаа,,,,..,..
1977,343,Selenge,Сэлэнгэ,0,Total,Бүгд,27.4,409.8,6.686188,,
1977,343,Selenge,Сэлэнгэ,1,Horse,Адуу,1.5,21.3,7.042254,,
1977,343,Selenge,Сэлэнгэ,2,Cattle,Үхэр,3.7,76.1,4.862024,,
1977,343,Selenge,Сэлэнгэ,3,Camel,Тэмээ,,0.2,,..,
1977,343,Selenge,Сэлэнгэ,4,Sheep,Хонь,21.1,290,7.275862,,
1977,343,Selenge,Сэлэнгэ,5,Goat,Ямаа,1.2,22.3,5.381166,,
1977,344,Dornogovi,Дорноговь,0,Total,Бүгд,88.6,908.9,9.748047,,
1977,344,Dornogovi,Дорноговь,1,Horse,Адуу,7.6,108.2,7.02403,,
1977,344,Dornogovi,Дорноговь,2,Cattle,Үхэр,3.2,67.8,4.719764,,
1977,344,Dornogovi,Дорноговь,3,Camel,Тэмээ,5.1,69.1,7.380608,,
1977,344,Dornogovi,Дорноговь,4,Sheep,Хонь,60.4,484.5,12.46646,,
1977,344,Dornogovi,Дорноговь,5,Goat,Ямаа,12.3,179.3,6.860011,,
1977,345,Darkhan-Uul,Дархан-Уул,0,Total,Бүгд,0.5,14,3.571429,,
1977,345,Darkhan-Uul,Дархан-Уул,1,Horse,Адуу,0,1.6,0.0,,
1977,345,Darkhan-Uul,Дархан-Уул,2,Cattle,Үхэр,0.1,5.7,1.754386,,
1977,345,Darkhan-Uul,Дархан-Уул,3,Camel,Тэмээ,,,,..,..
1977,345,Darkhan-Uul,Дархан-Уул,4,Sheep,Хонь,0.3,5.9,5.084746,,
1977,345,Darkhan-Uul,Дархан-Уул,5,Goat,Ямаа,0,0.8,0.0,,
1977,346,Umnugovi,Өмнөговь,0,Total,Бүгд,35.3,991.9,3.558826,,
1977,346,Umnugovi,Өмнөговь,1,Horse,Адуу,2.3,80.8,2.846535,,
1977,346,Umnugovi,Өмнөговь,2,Cattle,Үхэр,0.4,16.6,2.409639,,
1977,346,Umnugovi,Өмнөговь,3,Camel,Тэмээ,5.8,138.8,4.178674,,
1977,346,Umnugovi,Өмнөговь,4,Sheep,Хонь,8.9,320.2,2.779513,,
1977,346,Umnugovi,Өмнөговь,5,Goat,Ямаа,17.9,435.4,4.111162,,
1977,348,Dundgovi,Дундговь,0,Total,Бүгд,173.2,1473.4,11.755124,,
1977,348,Dundgovi,Дундговь,1,Horse,Адуу,17.1,179.8,9.510567,,
1977,348,Dundgovi,Дундговь,2,Cattle,Үхэр,8.4,89.7,9.364548,,
1977,348,Dundgovi,Дундговь,3,Camel,Тэмээ,5.1,62.7,8.133971,,
1977,348,Dundgovi,Дундговь,4,Sheep,Хонь,100.5,789.1,12.736028,,
1977,348,Dundgovi,Дундговь,5,Goat,Ямаа,42.1,352.1,11.95683,,
1977,421,Dornod,Дорнод,0,Total,Бүгд,53.1,1028.2,5.164365,,
1977,421,Dornod,Дорнод,1,Horse,Адуу,4.3,108.1,3.977798,,
1977,421,Dornod,Дорнод,2,Cattle,Үхэр,6.7,122.1,5.487305,,
1977,421,Dornod,Дорнод,3,Camel,Тэмээ,1.1,17.1,6.432749,,
1977,421,Dornod,Дорнод,4,Sheep,Хонь,38.2,724.6,5.271874,,
1977,421,Dornod,Дорнод,5,Goat,Ямаа,2.8,56.4,4.964539,,
1977,422,Sukhbaatar,Сүхбаатар,0,Total,Бүгд,70.5,1059.3,6.655338,,
1977,422,Sukhbaatar,Сүхбаатар,1,Horse,Адуу,7.4,126.3,5.859066,,
1977,422,Sukhbaatar,Сүхбаатар,2,Cattle,Үхэр,6.6,123.8,5.331179,,
1977,422,Sukhbaatar,Сүхбаатар,3,Camel,Тэмээ,2.4,19.5,12.307692,,
1977,422,Sukhbaatar,Сүхбаатар,4,Sheep,Хонь,39.2,657.4,5.962884,,
1977,422,Sukhbaatar,Сүхбаатар,5,Goat,Ямаа,14.9,132.3,11.262283,,
1977,423,Khentii,Хэнтий,0,Total,Бүгд,148,1334.2,11.09279,,
1977,423,Khentii,Хэнтий,1,Horse,Адуу,13.1,159.2,8.228643,,
1977,423,Khentii,Хэнтий,2,Cattle,Үхэр,15.2,195.1,7.790876,,
1977,423,Khentii,Хэнтий,3,Camel,Тэмээ,1.6,11.7,13.675214,,
1977,423,Khentii,Хэнтий,4,Sheep,Хонь,104.2,838.3,12.429918,,
1977,423,Khentii,Хэнтий,5,Goat,Ямаа,14,130,10.769231,,
1977,511,Ulaanbaatar,Улаанбаатар,0,Total,Бүгд,3,65.3,4.594181,,
1977,511,Ulaanbaatar,Улаанбаатар,1,Horse,Адуу,0.7,8.8,7.954545,,
1977,511,Ulaanbaatar,Улаанбаатар,2,Cattle,Үхэр,1.3,27.6,4.710145,,
1977,511,Ulaanbaatar,Улаанбаатар,3,Camel,Тэмээ,,,,..,..
1977,511,Ulaanbaatar,Улаанбаатар,4,Sheep,Хонь,0.8,20.7,3.864734,,
1977,511,Ulaanbaatar,Улаанбаатар,5,Goat,Ямаа,0.3,8.2,3.658537,,
1978,0,Total,Улсын дүн,0,Total,Бүгд,654.2,22942.1,2.851526,,
1978,0,Total,Улсын дүн,1,Horse,Адуу,66.5,2103.5,3.161398,,
1978,0,Total,Улсын дүн,2,Cattle,Үхэр,56.8,2388.3,2.378261,,
1978,0,Total,Улсын дүн,3,Camel,Тэмээ,24.2,609,3.973727,,
1978,0,Total,Улсын дүн,4,Sheep,Хонь,391.3,13430.2,2.913583,,
1978,0,Total,Улсын дүн,5,Goat,Ямаа,115.5,4411.1,2.618395,,
1978,181,Zavkhan,Завхан,0,Total,Бүгд,33.7,1713,1.967309,,
1978,181,Zavkhan,Завхан,1,Horse,Адуу,2.9,126.7,2.288871,,
1978,181,Zavkhan,Завхан,2,Cattle,Үхэр,2.6,146,1.780822,,
1978,181,Zavkhan,Завхан,3,Camel,Тэмээ,0.8,18.3,4.371585,,
1978,181,Zavkhan,Завхан,4,Sheep,Хонь,21.8,1143.6,1.906261,,
1978,181,Zavkhan,Завхан,5,Goat,Ямаа,5.6,278.5,2.010772,,
1978,182,Govi-Altai,Говь-Алтай,0,Total,Бүгд,38.6,1564.2,2.467715,,
1978,182,Govi-Altai,Говь-Алтай,1,Horse,Адуу,2.4,97.4,2.464066,,
1978,182,Govi-Altai,Говь-Алтай,2,Cattle,Үхэр,1.8,95.3,1.888772,,
1978,182,Govi-Altai,Говь-Алтай,3,Camel,Тэмээ,1.5,55.5,2.702703,,
1978,182,Govi-Altai,Говь-Алтай,4,Sheep,Хонь,21.7,861.8,2.517986,,
1978,182,Govi-Altai,Говь-Алтай,5,Goat,Ямаа,11.3,454.3,2.487343,,
1978,183,Bayan-Ulgii,Баян-Өлгий,0,Total,Бүгд,27.5,1025.2,2.682403,,
1978,183,Bayan-Ulgii,Баян-Өлгий,1,Horse,Адуу,1.8,62.9,2.861685,,
1978,183,Bayan-Ulgii,Баян-Өлгий,2,Cattle,Үхэр,2.4,73.5,3.265306,,
1978,183,Bayan-Ulgii,Баян-Өлгий,3,Camel,Тэмээ,0.3,12.3,2.439024,,
1978,183,Bayan-Ulgii,Баян-Өлгий,4,Sheep,Хонь,14.7,590.3,2.490259,,
1978,183,Bayan-Ulgii,Баян-Өлгий,5,Goat,Ямаа,8.2,286.3,2.864129,,
1978,184,Khovd,Ховд,0,Total,Бүгд,37.4,1472.8,2.539381,,
1978,184,Khovd,Ховд,1,Horse,Адуу,2.7,88.6,3.047404,,
1978,184,Khovd,Ховд,2,Cattle,Үхэр,2.6,105.3,2.469136,,
1978,184,Khovd,Ховд,3,Camel,Тэмээ,1.6,42.4,3.773585,,
1978,184,Khovd,Ховд,4,Sheep,Хонь,20.9,835.8,2.500598,,
1978,184,Khovd,Ховд,5,Goat,Ямаа,9.6,400.8,2.39521,,
1978,185,Uvs,Увс,0,Total,Бүгд,46.2,1394.4,3.313253,,
1978,185,Uvs,Увс,1,Horse,Адуу,4.1,102.1,4.015671,,
1978,185,Uvs,Увс,2,Cattle,Үхэр,3.7,109.2,3.388278,,
1978,185,Uvs,Увс,3,Camel,Тэмээ,1.6,38,4.210526,,
1978,185,Uvs,Увс,4,Sheep,Хонь,27.1,894.5,3.029625,,
1978,185,Uvs,Увс,5,Goat,Ямаа,9.7,250.7,3.869166,,
1978,261,Orkhon,Орхон,0,Total,Бүгд,0.2,5.7,3.508772,,
1978,261,Orkhon,Орхон,1,Horse,Адуу,0,0.5,0.0,,
1978,261,Orkhon,Орхон,2,Cattle,Үхэр,0,1.9,0.0,,
1978,261,Orkhon,Орхон,3,Camel,Тэмээ,,,,..,..
1978,261,Orkhon,Орхон,4,Sheep,Хонь,0.1,2.9,3.448276,,
1978,261,Orkhon,Орхон,5,Goat,Ямаа,0,0.4,0.0,,
1978,262,Uvurkhangai,Өвөрхангай,0,Total,Бүгд,45.5,1953.3,2.329391,,
1978,262,Uvurkhangai,Өвөрхангай,1,Horse,Адуу,3.1,203,1.527094,,
1978,262,Uvurkhangai,Өвөрхангай,2,Cattle,Үхэр,3.3,205,1.609756,,
1978,262,Uvurkhangai,Өвөрхангай,3,Camel,Тэмээ,1.9,38.7,4.909561,,
1978,262,Uvurkhangai,Өвөрхангай,4,Sheep,Хонь,28.4,1171.7,2.423829,,
1978,262,Uvurkhangai,Өвөрхангай,5,Goat,Ямаа,8.7,334.9,2.59779,,
1978,263,Bulgan,Булган,0,Total,Бүгд,31.6,869.9,3.632601,,
1978,263,Bulgan,Булган,1,Horse,Адуу,3.8,88.6,4.288939,,
1978,263,Bulgan,Булган,2,Cattle,Үхэр,3.4,145.2,2.341598,,
1978,263,Bulgan,Булган,3,Camel,Тэмээ,0.2,3.7,5.405405,,
1978,263,Bulgan,Булган,4,Sheep,Хонь,20.8,538.7,3.861147,,
1978,263,Bulgan,Булган,5,Goat,Ямаа,3.4,93.8,3.624733,,
1978,264,Bayankhongor,Баянхонгор,0,Total,Бүгд,57,1783.5,3.195963,,
1978,264,Bayankhongor,Баянхонгор,1,Horse,Адуу,4.5,132.3,3.401361,,
1978,264,Bayankhongor,Баянхонгор,2,Cattle,Үхэр,3.6,139.3,2.58435,,
1978,264,Bayankhongor,Баянхонгор,3,Camel,Тэмээ,1.7,58.9,2.886248,,
1978,264,Bayankhongor,Баянхонгор,4,Sheep,Хонь,33,920.9,3.583451,,
1978,264,Bayankhongor,Баянхонгор,5,Goat,Ямаа,14.2,532.2,2.66817,,
1978,265,Arkhangai,Архангай,0,Total,Бүгд,40.8,1393.2,2.92851,,
1978,265,Arkhangai,Архангай,1,Horse,Адуу,5.2,179.8,2.892102,,
1978,265,Arkhangai,Архангай,2,Cattle,Үхэр,4.5,241.5,1.863354,,
1978,265,Arkhangai,Архангай,3,Camel,Тэмээ,0.1,2,5.0,,
1978,265,Arkhangai,Архангай,4,Sheep,Хонь,27.1,821.7,3.298041,,
1978,265,Arkhangai,Архангай,5,Goat,Ямаа,3.9,148.3,2.629804,,
1978,267,Khuvsgul,Хөвсгөл,0,Total,Бүгд,33.5,1468.3,2.28155,,
1978,267,Khuvsgul,Хөвсгөл,1,Horse,Адуу,3.2,118.7,2.695872,,
1978,267,Khuvsgul,Хөвсгөл,2,Cattle,Үхэр,4,235,1.702128,,
1978,267,Khuvsgul,Хөвсгөл,3,Camel,Тэмээ,0.3,6.7,4.477612,,
1978,267,Khuvsgul,Хөвсгөл,4,Sheep,Хонь,21.9,914.7,2.394228,,
1978,267,Khuvsgul,Хөвсгөл,5,Goat,Ямаа,4.1,193.2,2.122153,,
1978,341,Tuv,Төв,0,Total,Бүгд,36.1,1162.3,3.105911,,
1978,341,Tuv,Төв,1,Horse,Адуу,5.6,152.9,3.662525,,
1978,341,Tuv,Төв,2,Cattle,Үхэр,4.2,162.5,2.584615,,
1978,341,Tuv,Төв,3,Camel,Тэмээ,0.8,9.6,8.333333,,
1978,341,Tuv,Төв,4,Sheep,Хонь,21.9,712.2,3.074979,,
1978,341,Tuv,Төв,5,Goat,Ямаа,3.7,125.1,2.957634,,
1978,342,Govisumber,Говьсүмбэр,0,Total,Бүгд,,,,..,..
1978,342,Govisumber,Говьсүмбэр,1,Horse,Адуу,,,,..,..
1978,342,Govisumber,Говьсүмбэр,2,Cattle,Үхэр,,,,..,..
1978,342,Govisumber,Говьсүмбэр,3,Camel,Тэмээ,,,,..,..
1978,342,Govisumber,Говьсүмбэр,4,Sheep,Хонь,,,,..,..
1978,342,Govisumber,Говьсүмбэр,5,Goat,Ямаа,,,,..,..
1978,343,Selenge,Сэлэнгэ,0,Total,Бүгд,19.7,427.7,4.606032,,
1978,343,Selenge,Сэлэнгэ,1,Horse,Адуу,1.3,23.5,5.531915,,
1978,343,Selenge,Сэлэнгэ,2,Cattle,Үхэр,2.8,78.8,3.553299,,
1978,343,Selenge,Сэлэнгэ,3,Camel,Тэмээ,,0.2,,..,
1978,343,Selenge,Сэлэнгэ,4,Sheep,Хонь,14.9,303.4,4.911009,,
1978,343,Selenge,Сэлэнгэ,5,Goat,Ямаа,0.8,21.8,3.669725,,
1978,344,Dornogovi,Дорноговь,0,Total,Бүгд,24.6,859.7,2.861463,,
1978,344,Dornogovi,Дорноговь,1,Horse,Адуу,3.9,102.5,3.804878,,
1978,344,Dornogovi,Дорноговь,2,Cattle,Үхэр,1.3,69.1,1.881331,,
1978,344,Dornogovi,Дорноговь,3,Camel,Тэмээ,2.9,70.2,4.131054,,
1978,344,Dornogovi,Дорноговь,4,Sheep,Хонь,12.5,441.5,2.831257,,
1978,344,Dornogovi,Дорноговь,5,Goat,Ямаа,4.1,176.3,2.325581,,
1978,345,Darkhan-Uul,Дархан-Уул,0,Total,Бүгд,0.5,15.7,3.184713,,
1978,345,Darkhan-Uul,Дархан-Уул,1,Horse,Адуу,0.1,1.7,5.882353,,
1978,345,Darkhan-Uul,Дархан-Уул,2,Cattle,Үхэр,0.2,6.1,3.278689,,
1978,345,Darkhan-Uul,Дархан-Уул,3,Camel,Тэмээ,,,,..,..
1978,345,Darkhan-Uul,Дархан-Уул,4,Sheep,Хонь,0.2,7.2,2.777778,,
1978,345,Darkhan-Uul,Дархан-Уул,5,Goat,Ямаа,0,0.7,0.0,,
1978,346,Umnugovi,Өмнөговь,0,Total,Бүгд,21.3,1029.2,2.069569,,
1978,346,Umnugovi,Өмнөговь,1,Horse,Адуу,1.9,81.7,2.325581,,
1978,346,Umnugovi,Өмнөговь,2,Cattle,Үхэр,0.2,17.9,1.117318,,
1978,346,Umnugovi,Өмнөговь,3,Camel,Тэмээ,4.1,144.5,2.83737,,
1978,346,Umnugovi,Өмнөговь,4,Sheep,Хонь,5.8,328.1,1.767754,,
1978,346,Umnugovi,Өмнөговь,5,Goat,Ямаа,9.2,456.9,2.01357,,
1978,348,Dundgovi,Дундговь,0,Total,Бүгд,36.1,1365.4,2.643914,,
1978,348,Dundgovi,Дундговь,1,Horse,Адуу,5.3,159.8,3.316646,,
1978,348,Dundgovi,Дундговь,2,Cattle,Үхэр,1.7,91.4,1.859956,,
1978,348,Dundgovi,Дундговь,3,Camel,Тэмээ,3.8,61.1,6.219313,,
1978,348,Dundgovi,Дундговь,4,Sheep,Хонь,16.4,726.2,2.258331,,
1978,348,Dundgovi,Дундговь,5,Goat,Ямаа,8.9,326.9,2.722545,,
1978,421,Dornod,Дорнод,0,Total,Бүгд,47.9,1019,4.700687,,
1978,421,Dornod,Дорнод,1,Horse,Адуу,6,103.8,5.780347,,
1978,421,Dornod,Дорнод,2,Cattle,Үхэр,6.2,122.1,5.077805,,
1978,421,Dornod,Дорнод,3,Camel,Тэмээ,1,17.2,5.813953,,
1978,421,Dornod,Дорнод,4,Sheep,Хонь,31.8,714.5,4.450665,,
1978,421,Dornod,Дорнод,5,Goat,Ямаа,2.9,61.4,4.723127,,
1978,422,Sukhbaatar,Сүхбаатар,0,Total,Бүгд,32.7,1087.9,3.005791,,
1978,422,Sukhbaatar,Сүхбаатар,1,Horse,Адуу,3.2,120.7,2.651201,,
1978,422,Sukhbaatar,Сүхбаатар,2,Cattle,Үхэр,2.4,125,1.92,,
1978,422,Sukhbaatar,Сүхбаатар,3,Camel,Тэмээ,0.9,18.6,4.83871,,
1978,422,Sukhbaatar,Сүхбаатар,4,Sheep,Хонь,22.8,691.8,3.29575,,
1978,422,Sukhbaatar,Сүхбаатар,5,Goat,Ямаа,3.5,131.8,2.655539,,
1978,423,Khentii,Хэнтий,0,Total,Бүгд,40.8,1266.5,3.221477,,
1978,423,Khentii,Хэнтий,1,Horse,Адуу,4.9,146.4,3.346995,,
1978,423,Khentii,Хэнтий,2,Cattle,Үхэр,5.2,192.4,2.702703,,
1978,423,Khentii,Хэнтий,3,Camel,Тэмээ,0.7,11.2,6.25,,
1978,423,Khentii,Хэнтий,4,Sheep,Хонь,26.5,788.5,3.360812,,
1978,423,Khentii,Хэнтий,5,Goat,Ямаа,3.5,128,2.734375,,
1978,511,Ulaanbaatar,Улаанбаатар,0,Total,Бүгд,2.5,65.1,3.840246,,
1978,511,Ulaanbaatar,Улаанбаатар,1,Horse,Адуу,0.6,9.2,6.521739,,
1978,511,Ulaanbaatar,Улаанбаатар,2,Cattle,Үхэр,0.7,27.6,2.536232,,
1978,511,Ulaanbaatar,Улаанбаатар,3,Camel,Тэмээ,,,,..,..
1978,511,Ulaanbaatar,Улаанбаатар,4,Sheep,Хонь,1,20.3,4.926108,,
1978,511,Ulaanbaatar,Улаанбаатар,5,Goat,Ямаа,0.2,8,2.5,,
1979,0,Total,Улсын дүн,0,Total,Бүгд,838.8,24025.7,3.491261,,
1979,0,Total,Улсын дүн,1,Horse,Адуу,73.5,2078.4,3.536374,,
1979,0,Total,Улсын дүн,2,Cattle,Үхэр,80.3,2481.5,3.235946,,
1979,0,Total,Улсын дүн,3,Camel,Тэмээ,26.2,608.6,4.304962,,
1979,0,Total,Улсын дүн,4,Sheep,Хонь,475.1,14152.7,3.356957,,
1979,0,Total,Улсын дүн,5,Goat,Ямаа,183.7,4704.6,3.904689,,
1979,181,Zavkhan,Завхан,0,Total,Бүгд,47.4,1832,2.587336,,
1979,181,Zavkhan,Завхан,1,Horse,Адуу,3.8,122,3.114754,,
1979,181,Zavkhan,Завхан,2,Cattle,Үхэр,3.1,146.8,2.111717,,
1979,181,Zavkhan,Завхан,3,Camel,Тэмээ,0.9,17.8,5.05618,,
1979,181,Zavkhan,Завхан,4,Sheep,Хонь,30.2,1236.5,2.442378,,
1979,181,Zavkhan,Завхан,5,Goat,Ямаа,9.3,309,3.009709,,
1979,182,Govi-Altai,Говь-Алтай,0,Total,Бүгд,57,1590.2,3.584455,,
1979,182,Govi-Altai,Говь-Алтай,1,Horse,Адуу,2.8,92.5,3.027027,,
1979,182,Govi-Altai,Говь-Алтай,2,Cattle,Үхэр,2.6,99,2.626263,,
1979,182,Govi-Altai,Говь-Алтай,3,Camel,Тэмээ,1.7,54.3,3.130755,,
1979,182,Govi-Altai,Говь-Алтай,4,Sheep,Хонь,30.1,881.9,3.413085,,
1979,182,Govi-Altai,Говь-Алтай,5,Goat,Ямаа,19.9,462.6,4.301773,,
1979,183,Bayan-Ulgii,Баян-Өлгий,0,Total,Бүгд,25.5,1019.4,2.501471,,
1979,183,Bayan-Ulgii,Баян-Өлгий,1,Horse,Адуу,1.5,60.9,2.463054,,
1979,183,Bayan-Ulgii,Баян-Өлгий,2,Cattle,Үхэр,1.8,73.9,2.435724,,
1979,183,Bayan-Ulgii,Баян-Өлгий,3,Camel,Тэмээ,0.3,11.4,2.631579,,
1979,183,Bayan-Ulgii,Баян-Өлгий,4,Sheep,Хонь,14.5,588.1,2.465567,,
1979,183,Bayan-Ulgii,Баян-Өлгий,5,Goat,Ямаа,7.5,285.1,2.630656,,
1979,184,Khovd,Ховд,0,Total,Бүгд,43.3,1543.9,2.804586,,
1979,184,Khovd,Ховд,1,Horse,Адуу,3,83.9,3.575685,,
1979,184,Khovd,Ховд,2,Cattle,Үхэр,2.4,103.6,2.316602,,
1979,184,Khovd,Ховд,3,Camel,Тэмээ,1.3,41.9,3.102625,,
1979,184,Khovd,Ховд,4,Sheep,Хонь,25.7,883.7,2.908227,,
1979,184,Khovd,Ховд,5,Goat,Ямаа,10.9,430.8,2.530176,,
1979,185,Uvs,Увс,0,Total,Бүгд,48.8,1427.5,3.418564,,
1979,185,Uvs,Увс,1,Horse,Адуу,4.2,99.6,4.216867,,
1979,185,Uvs,Увс,2,Cattle,Үхэр,4.7,110.5,4.253394,,
1979,185,Uvs,Увс,3,Camel,Тэмээ,1.3,38,3.421053,,
1979,185,Uvs,Увс,4,Sheep,Хонь,29.6,920.4,3.215993,,
1979,185,Uvs,Увс,5,Goat,Ямаа,8.9,259,3.436293,,
1979,261,Orkhon,Орхон,0,Total,Бүгд,0.2,6.7,2.985075,,
1979,261,Orkhon,Орхон,1,Horse,Адуу,0,0.5,0.0,,
1979,261,Orkhon,Орхон,2,Cattle,Үхэр,0,2.9,0.0,,
1979,261,Orkhon,Орхон,3,Camel,Тэмээ,,,,..,..
1979,261,Orkhon,Орхон,4,Sheep,Хонь,0.1,2.7,3.703704,,
1979,261,Orkhon,Орхон,5,Goat,Ямаа,0,0.6,0.0,,
1979,262,Uvurkhangai,Өвөрхангай,0,Total,Бүгд,49.5,2016.8,2.454383,,
1979,262,Uvurkhangai,Өвөрхангай,1,Horse,Адуу,4.5,202.1,2.22662,,
1979,262,Uvurkhangai,Өвөрхангай,2,Cattle,Үхэр,3.9,213.3,1.828411,,
1979,262,Uvurkhangai,Өвөрхангай,3,Camel,Тэмээ,1.4,38.2,3.664921,,
1979,262,Uvurkhangai,Өвөрхангай,4,Sheep,Хонь,30.5,1199.5,2.542726,,
1979,262,Uvurkhangai,Өвөрхангай,5,Goat,Ямаа,9.1,363.8,2.501374,,
1979,263,Bulgan,Булган,0,Total,Бүгд,39.7,926.8,4.283556,,
1979,263,Bulgan,Булган,1,Horse,Адуу,4.2,90.2,4.656319,,
1979,263,Bulgan,Булган,2,Cattle,Үхэр,5.7,153.1,3.723057,,
1979,263,Bulgan,Булган,3,Camel,Тэмээ,0.2,4,5.0,,
1979,263,Bulgan,Булган,4,Sheep,Хонь,25.4,575.6,4.412787,,
1979,263,Bulgan,Булган,5,Goat,Ямаа,4.1,103.9,3.946102,,
1979,264,Bayankhongor,Баянхонгор,0,Total,Бүгд,88.4,1821.3,4.853676,,
1979,264,Bayankhongor,Баянхонгор,1,Horse,Адуу,4.7,130.3,3.607061,,
1979,264,Bayankhongor,Баянхонгор,2,Cattle,Үхэр,4,140.8,2.840909,,
1979,264,Bayankhongor,Баянхонгор,3,Camel,Тэмээ,2.2,58.3,3.773585,,
1979,264,Bayankhongor,Баянхонгор,4,Sheep,Хонь,44.9,941.5,4.768986,,
1979,264,Bayankhongor,Баянхонгор,5,Goat,Ямаа,32.6,550.4,5.922965,,
1979,265,Arkhangai,Архангай,0,Total,Бүгд,51.2,1426,3.590463,,
1979,265,Arkhangai,Архангай,1,Horse,Адуу,7.1,175.9,4.036384,,
1979,265,Arkhangai,Архангай,2,Cattle,Үхэр,7.2,254.1,2.83353,,
1979,265,Arkhangai,Архангай,3,Camel,Тэмээ,0.1,2,5.0,,
1979,265,Arkhangai,Архангай,4,Sheep,Хонь,31.5,832.2,3.785148,,
1979,265,Arkhangai,Архангай,5,Goat,Ямаа,5.3,161.8,3.275649,,
1979,267,Khuvsgul,Хөвсгөл,0,Total,Бүгд,29.7,1567.2,1.8951,,
1979,267,Khuvsgul,Хөвсгөл,1,Horse,Адуу,2.6,116.1,2.239449,,
1979,267,Khuvsgul,Хөвсгөл,2,Cattle,Үхэр,5.4,241.8,2.233251,,
1979,267,Khuvsgul,Хөвсгөл,3,Camel,Тэмээ,0.3,6.6,4.545455,,
1979,267,Khuvsgul,Хөвсгөл,4,Sheep,Хонь,18.1,989.8,1.828652,,
1979,267,Khuvsgul,Хөвсгөл,5,Goat,Ямаа,3.4,212.9,1.596994,,
1979,341,Tuv,Төв,0,Total,Бүгд,51,1267.8,4.022717,,
1979,341,Tuv,Төв,1,Horse,Адуу,4.6,153,3.006536,,
1979,341,Tuv,Төв,2,Cattle,Үхэр,8,167.9,4.764741,,
1979,341,Tuv,Төв,3,Camel,Тэмээ,0.6,9.7,6.185567,,
1979,341,Tuv,Төв,4,Sheep,Хонь,32.4,787,4.1169,,
1979,341,Tuv,Төв,5,Goat,Ямаа,5.5,150.3,3.659348,,
1979,342,Govisumber,Говьсүмбэр,0,Total,Бүгд,,,,..,..
1979,342,Govisumber,Говьсүмбэр,1,Horse,Адуу,,,,..,..
1979,342,Govisumber,Говьсүмбэр,2,Cattle,Үхэр,,,,..,..
1979,342,Govisumber,Говьсүмбэр,3,Camel,Тэмээ,,,,..,..
1979,342,Govisumber,Говьсүмбэр,4,Sheep,Хонь,,,,..,..
1979,342,Govisumber,Говьсүмбэр,5,Goat,Ямаа,,,,..,..
1979,343,Selenge,Сэлэнгэ,0,Total,Бүгд,29.4,454.1,6.474345,,
1979,343,Selenge,Сэлэнгэ,1,Horse,Адуу,1.4,23.2,6.034483,,
1979,343,Selenge,Сэлэнгэ,2,Cattle,Үхэр,5.5,81.2,6.773399,,
1979,343,Selenge,Сэлэнгэ,3,Camel,Тэмээ,,0.2,,..,
1979,343,Selenge,Сэлэнгэ,4,Sheep,Хонь,21,328.5,6.392694,,
1979,343,Selenge,Сэлэнгэ,5,Goat,Ямаа,1.5,21,7.142857,,
1979,344,Dornogovi,Дорноговь,0,Total,Бүгд,33.1,903.1,3.665153,,
1979,344,Dornogovi,Дорноговь,1,Horse,Адуу,4.4,105.9,4.154863,,
1979,344,Dornogovi,Дорноговь,2,Cattle,Үхэр,1.8,72.5,2.482759,,
1979,344,Dornogovi,Дорноговь,3,Camel,Тэмээ,3.5,71.5,4.895105,,
1979,344,Dornogovi,Дорноговь,4,Sheep,Хонь,15.6,463.8,3.363519,,
1979,344,Dornogovi,Дорноговь,5,Goat,Ямаа,7.8,189.5,4.116095,,
1979,345,Darkhan-Uul,Дархан-Уул,0,Total,Бүгд,0.8,17.7,4.519774,,
1979,345,Darkhan-Uul,Дархан-Уул,1,Horse,Адуу,0,1.8,0.0,,
1979,345,Darkhan-Uul,Дархан-Уул,2,Cattle,Үхэр,0.2,6.4,3.125,,
1979,345,Darkhan-Uul,Дархан-Уул,3,Camel,Тэмээ,,,,..,..
1979,345,Darkhan-Uul,Дархан-Уул,4,Sheep,Хонь,0.5,8.6,5.813953,,
1979,345,Darkhan-Uul,Дархан-Уул,5,Goat,Ямаа,0,0.9,0.0,,
1979,346,Umnugovi,Өмнөговь,0,Total,Бүгд,47.4,1066.1,4.446112,,
1979,346,Umnugovi,Өмнөговь,1,Horse,Адуу,3.3,84.1,3.9239,,
1979,346,Umnugovi,Өмнөговь,2,Cattle,Үхэр,0.5,19.8,2.525253,,
1979,346,Umnugovi,Өмнөговь,3,Camel,Тэмээ,6.3,145.6,4.326923,,
1979,346,Umnugovi,Өмнөговь,4,Sheep,Хонь,11.1,340.2,3.262787,,
1979,346,Umnugovi,Өмнөговь,5,Goat,Ямаа,26.3,476.4,5.520571,,
1979,348,Dundgovi,Дундговь,0,Total,Бүгд,55.6,1475.9,3.767193,,
1979,348,Dundgovi,Дундговь,1,Horse,Адуу,6.5,158,4.113924,,
1979,348,Dundgovi,Дундговь,2,Cattle,Үхэр,2.7,95.7,2.821317,,
1979,348,Dundgovi,Дундговь,3,Camel,Тэмээ,3.6,60.8,5.921053,,
1979,348,Dundgovi,Дундговь,4,Sheep,Хонь,24.3,788.2,3.082974,,
1979,348,Dundgovi,Дундговь,5,Goat,Ямаа,18.4,373.3,4.929012,,
1979,421,Dornod,Дорнод,0,Total,Бүгд,43.8,1091.9,4.011356,,
1979,421,Dornod,Дорнод,1,Horse,Адуу,4.3,99.3,4.330312,,
1979,421,Dornod,Дорнод,2,Cattle,Үхэр,5.9,128.3,4.598597,,
1979,421,Dornod,Дорнод,3,Camel,Тэмээ,0.9,17.3,5.202312,,
1979,421,Dornod,Дорнод,4,Sheep,Хонь,29.9,785.5,3.806493,,
1979,421,Dornod,Дорнод,5,Goat,Ямаа,3,61.5,4.878049,,
1979,422,Sukhbaatar,Сүхбаатар,0,Total,Бүгд,30.5,1124.8,2.711593,,
1979,422,Sukhbaatar,Сүхбаатар,1,Horse,Адуу,2.9,124.1,2.336825,,
1979,422,Sukhbaatar,Сүхбаатар,2,Cattle,Үхэр,3.5,136.3,2.567865,,
1979,422,Sukhbaatar,Сүхбаатар,3,Camel,Тэмээ,0.9,19.4,4.639175,,
1979,422,Sukhbaatar,Сүхбаатар,4,Sheep,Хонь,19.4,704.7,2.752945,,
1979,422,Sukhbaatar,Сүхбаатар,5,Goat,Ямаа,3.8,140.3,2.708482,,
1979,423,Khentii,Хэнтий,0,Total,Бүгд,64.7,1387.2,4.664072,,
1979,423,Khentii,Хэнтий,1,Horse,Адуу,7.4,147.2,5.027174,,
1979,423,Khentii,Хэнтий,2,Cattle,Үхэр,10.4,203.9,5.100539,,
1979,423,Khentii,Хэнтий,3,Camel,Тэмээ,0.7,11.6,6.034483,,
1979,423,Khentii,Хэнтий,4,Sheep,Хонь,40,879.6,4.547522,,
1979,423,Khentii,Хэнтий,5,Goat,Ямаа,6.2,144.9,4.278813,,
1979,511,Ulaanbaatar,Улаанбаатар,0,Total,Бүгд,1.8,59.3,3.035413,,
1979,511,Ulaanbaatar,Улаанбаатар,1,Horse,Адуу,0.3,8.1,3.703704,,
1979,511,Ulaanbaatar,Улаанбаатар,2,Cattle,Үхэр,1,29.4,3.401361,,
1979,511,Ulaanbaatar,Улаанбаатар,3,Camel,Тэмээ,,,,..,..
1979,511,Ulaanbaatar,Улаанбаатар,4,Sheep,Хонь,0.3,14.9,2.013423,,
1979,511,Ulaanbaatar,Улаанбаатар,5,Goat,Ямаа,0.2,6.9,2.898551,,
1980,0,Total,Улсын дүн,0,Total,Бүгд,1454.3,24284.6,5.988569,,
1980,0,Total,Улсын дүн,1,Horse,Адуу,144.4,2078.9,6.945981,,
1980,0,Total,Улсын дүн,2,Cattle,Үхэр,157.9,2476.9,6.374904,,
1980,0,Total,Улсын дүн,3,Camel,Тэмээ,39.5,613.7,6.43637,,
1980,0,Total,Улсын дүн,4,Sheep,Хонь,866.4,14400.2,6.016583,,
1980,0,Total,Улсын дүн,5,Goat,Ямаа,246,4714.9,5.217502,,
1980,181,Zavkhan,Завхан,0,Total,Бүгд,50.8,1842.2,2.757572,,
1980,181,Zavkhan,Завхан,1,Horse,Адуу,2.9,118.7,2.443134,,
1980,181,Zavkhan,Завхан,2,Cattle,Үхэр,3.4,147.8,2.300406,,
1980,181,Zavkhan,Завхан,3,Camel,Тэмээ,0.8,17.4,4.597701,,
1980,181,Zavkhan,Завхан,4,Sheep,Хонь,35.1,1252.9,2.801501,,
1980,181,Zavkhan,Завхан,5,Goat,Ямаа,8.6,305.5,2.815057,,
1980,182,Govi-Altai,Говь-Алтай,0,Total,Бүгд,43.4,1579.8,2.747183,,
1980,182,Govi-Altai,Говь-Алтай,1,Horse,Адуу,1.6,90,1.777778,,
1980,182,Govi-Altai,Говь-Алтай,2,Cattle,Үхэр,2.1,96.3,2.180685,,
1980,182,Govi-Altai,Говь-Алтай,3,Camel,Тэмээ,1.1,54.3,2.025783,,
1980,182,Govi-Altai,Говь-Алтай,4,Sheep,Хонь,24.4,888.9,2.744966,,
1980,182,Govi-Altai,Говь-Алтай,5,Goat,Ямаа,14.2,450.2,3.154154,,
1980,183,Bayan-Ulgii,Баян-Өлгий,0,Total,Бүгд,31.2,1078.7,2.89237,,
1980,183,Bayan-Ulgii,Баян-Өлгий,1,Horse,Адуу,1.6,62.1,2.57649,,
1980,183,Bayan-Ulgii,Баян-Өлгий,2,Cattle,Үхэр,1.6,76.6,2.088773,,
1980,183,Bayan-Ulgii,Баян-Өлгий,3,Camel,Тэмээ,0.3,11.2,2.678571,,
1980,183,Bayan-Ulgii,Баян-Өлгий,4,Sheep,Хонь,17.8,630.9,2.821366,,
1980,183,Bayan-Ulgii,Баян-Өлгий,5,Goat,Ямаа,9.8,297.8,3.290799,,
1980,184,Khovd,Ховд,0,Total,Бүгд,47.9,1559.2,3.072088,,
1980,184,Khovd,Ховд,1,Horse,Адуу,2.3,83.2,2.764423,,
1980,184,Khovd,Ховд,2,Cattle,Үхэр,2.4,104,2.307692,,
1980,184,Khovd,Ховд,3,Camel,Тэмээ,1.5,42.5,3.529412,,
1980,184,Khovd,Ховд,4,Sheep,Хонь,28.8,888.1,3.242878,,
1980,184,Khovd,Ховд,5,Goat,Ямаа,12.9,441.4,2.922519,,
1980,185,Uvs,Увс,0,Total,Бүгд,49.2,1486.8,3.30912,,
1980,185,Uvs,Увс,1,Horse,Адуу,3.8,103.4,3.675048,,
1980,185,Uvs,Увс,2,Cattle,Үхэр,3.9,112,3.482143,,
1980,185,Uvs,Увс,3,Camel,Тэмээ,1.7,39,4.358974,,
1980,185,Uvs,Увс,4,Sheep,Хонь,32,959.1,3.336461,,
1980,185,Uvs,Увс,5,Goat,Ямаа,7.8,273.3,2.854007,,
1980,261,Orkhon,Орхон,0,Total,Бүгд,0.2,,,,..
1980,261,Orkhon,Орхон,1,Horse,Адуу,0,3.7,0.0,,
1980,261,Orkhon,Орхон,2,Cattle,Үхэр,0.1,2.7,3.703704,,
1980,261,Orkhon,Орхон,3,Camel,Тэмээ,,0.6,,..,
1980,261,Orkhon,Орхон,4,Sheep,Хонь,0.1,0.5,20.0,,
1980,261,Orkhon,Орхон,5,Goat,Ямаа,0,7.5,0.0,,
1980,262,Uvurkhangai,Өвөрхангай,0,Total,Бүгд,73.9,2023.2,3.652629,,
1980,262,Uvurkhangai,Өвөрхангай,1,Horse,Адуу,11,202.4,5.434783,,
1980,262,Uvurkhangai,Өвөрхангай,2,Cattle,Үхэр,9.4,214.1,4.390472,,
1980,262,Uvurkhangai,Өвөрхангай,3,Camel,Тэмээ,2.5,38.6,6.476684,,
1980,262,Uvurkhangai,Өвөрхангай,4,Sheep,Хонь,39.1,1208.4,3.235684,,
1980,262,Uvurkhangai,Өвөрхангай,5,Goat,Ямаа,11.9,359.8,3.307393,,
1980,263,Bulgan,Булган,0,Total,Бүгд,43,926.8,4.63962,,
1980,263,Bulgan,Булган,1,Horse,Адуу,4.1,89.6,4.575893,,
1980,263,Bulgan,Булган,2,Cattle,Үхэр,7.1,153.5,4.625407,,
1980,263,Bulgan,Булган,3,Camel,Тэмээ,0.2,4.1,4.878049,,
1980,263,Bulgan,Булган,4,Sheep,Хонь,26.8,572.9,4.677954,,
1980,263,Bulgan,Булган,5,Goat,Ямаа,4.8,106.7,4.498594,,
1980,264,Bayankhongor,Баянхонгор,0,Total,Бүгд,56.7,1790.6,3.166536,,
1980,264,Bayankhongor,Баянхонгор,1,Horse,Адуу,3.1,128.4,2.41433,,
1980,264,Bayankhongor,Баянхонгор,2,Cattle,Үхэр,3.8,138.1,2.751629,,
1980,264,Bayankhongor,Баянхонгор,3,Camel,Тэмээ,2,57.8,3.460208,,
1980,264,Bayankhongor,Баянхонгор,4,Sheep,Хонь,30.8,935.7,3.291653,,
1980,264,Bayankhongor,Баянхонгор,5,Goat,Ямаа,17,530.7,3.203316,,
1980,265,Arkhangai,Архангай,0,Total,Бүгд,59.6,1428,4.173669,,
1980,265,Arkhangai,Архангай,1,Horse,Адуу,8.6,173.5,4.956772,,
1980,265,Arkhangai,Архангай,2,Cattle,Үхэр,8.5,254.8,3.33595,,
1980,265,Arkhangai,Архангай,3,Camel,Тэмээ,0.1,2.1,4.761905,,
1980,265,Arkhangai,Архангай,4,Sheep,Хонь,36,832.5,4.324324,,
1980,265,Arkhangai,Архангай,5,Goat,Ямаа,6.4,165.1,3.876439,,
1980,267,Khuvsgul,Хөвсгөл,0,Total,Бүгд,41.3,1596,2.587719,,
1980,267,Khuvsgul,Хөвсгөл,1,Horse,Адуу,2.6,115.8,2.24525,,
1980,267,Khuvsgul,Хөвсгөл,2,Cattle,Үхэр,5.9,236.5,2.494715,,
1980,267,Khuvsgul,Хөвсгөл,3,Camel,Тэмээ,0.3,6.5,4.615385,,
1980,267,Khuvsgul,Хөвсгөл,4,Sheep,Хонь,27.5,1018.3,2.700579,,
1980,267,Khuvsgul,Хөвсгөл,5,Goat,Ямаа,5,218.9,2.284148,,
1980,341,Tuv,Төв,0,Total,Бүгд,67.9,1317.2,5.154874,,
1980,341,Tuv,Төв,1,Horse,Адуу,6.2,155,4.0,,
1980,341,Tuv,Төв,2,Cattle,Үхэр,9.8,165.9,5.907173,,
1980,341,Tuv,Төв,3,Camel,Тэмээ,0.6,10,6.0,,
1980,341,Tuv,Төв,4,Sheep,Хонь,41.6,826.1,5.03571,,
1980,341,Tuv,Төв,5,Goat,Ямаа,9.7,160.2,6.054931,,
1980,342,Govisumber,Говьсүмбэр,0,Total,Бүгд,,,,..,..
1980,342,Govisumber,Говьсүмбэр,1,Horse,Адуу,,,,..,..
1980,342,Govisumber,Говьсүмбэр,2,Cattle,Үхэр,,,,..,..
1980,342,Govisumber,Говьсүмбэр,3,Camel,Тэмээ,,,,..,..
1980,342,Govisumber,Говьсүмбэр,4,Sheep,Хонь,,,,..,..
1980,342,Govisumber,Говьсүмбэр,5,Goat,Ямаа,,,,..,..
1980,343,Selenge,Сэлэнгэ,0,Total,Бүгд,36.4,440.3,8.267091,,
1980,343,Selenge,Сэлэнгэ,1,Horse,Адуу,1.3,22.3,5.829596,,
1980,343,Selenge,Сэлэнгэ,2,Cattle,Үхэр,6.7,75.3,8.897742,,
1980,343,Selenge,Сэлэнгэ,3,Camel,Тэмээ,,0.2,,..,
1980,343,Selenge,Сэлэнгэ,4,Sheep,Хонь,26.8,322.3,8.315234,,
1980,343,Selenge,Сэлэнгэ,5,Goat,Ямаа,1.6,20.2,7.920792,,
1980,344,Dornogovi,Дорноговь,0,Total,Бүгд,55.3,907.5,6.093664,,
1980,344,Dornogovi,Дорноговь,1,Horse,Адуу,7.5,105.1,7.136061,,
1980,344,Dornogovi,Дорноговь,2,Cattle,Үхэр,3.2,73.6,4.347826,,
1980,344,Dornogovi,Дорноговь,3,Camel,Тэмээ,7.8,73.6,10.597826,,
1980,344,Dornogovi,Дорноговь,4,Sheep,Хонь,24.5,472.4,5.186283,,
1980,344,Dornogovi,Дорноговь,5,Goat,Ямаа,12.2,182.8,6.673961,,
1980,345,Darkhan-Uul,Дархан-Уул,0,Total,Бүгд,1.4,,,,..
1980,345,Darkhan-Uul,Дархан-Уул,1,Horse,Адуу,0.1,7.3,1.369863,,
1980,345,Darkhan-Uul,Дархан-Уул,2,Cattle,Үхэр,0.3,12.7,2.362205,,
1980,345,Darkhan-Uul,Дархан-Уул,3,Camel,Тэмээ,,2,,..,
1980,345,Darkhan-Uul,Дархан-Уул,4,Sheep,Хонь,0.9,0.9,100.0,,
1980,345,Darkhan-Uul,Дархан-Уул,5,Goat,Ямаа,0,22.9,0.0,,
1980,346,Umnugovi,Өмнөговь,0,Total,Бүгд,68.6,1052,6.520913,,
1980,346,Umnugovi,Өмнөговь,1,Horse,Адуу,3.9,83.9,4.648391,,
1980,346,Umnugovi,Өмнөговь,2,Cattle,Үхэр,1.2,20.3,5.91133,,
1980,346,Umnugovi,Өмнөговь,3,Camel,Тэмээ,8.4,146.6,5.729877,,
1980,346,Umnugovi,Өмнөговь,4,Sheep,Хонь,23.1,332.5,6.947368,,
1980,346,Umnugovi,Өмнөговь,5,Goat,Ямаа,31.9,468.6,6.807512,,
1980,348,Dundgovi,Дундговь,0,Total,Бүгд,106.4,1464.6,7.264782,,
1980,348,Dundgovi,Дундговь,1,Horse,Адуу,9,155.2,5.798969,,
1980,348,Dundgovi,Дундговь,2,Cattle,Үхэр,11.3,95.9,11.783107,,
1980,348,Dundgovi,Дундговь,3,Camel,Тэмээ,5.6,60.8,9.210526,,
1980,348,Dundgovi,Дундговь,4,Sheep,Хонь,50,782.1,6.393044,,
1980,348,Dundgovi,Дундговь,5,Goat,Ямаа,30.5,370.7,8.227677,,
1980,421,Dornod,Дорнод,0,Total,Бүгд,185.4,1114.2,16.639742,,
1980,421,Dornod,Дорнод,1,Horse,Адуу,26.3,101,26.039604,,
1980,421,Dornod,Дорнод,2,Cattle,Үхэр,18.1,131,13.816794,,
1980,421,Dornod,Дорнод,3,Camel,Тэмээ,2.5,17.5,14.285714,,
1980,421,Dornod,Дорнод,4,Sheep,Хонь,128,801.8,15.964081,,
1980,421,Dornod,Дорнод,5,Goat,Ямаа,10.6,62.9,16.852146,,
1980,422,Sukhbaatar,Сүхбаатар,0,Total,Бүгд,218,1162.4,18.754301,,
1980,422,Sukhbaatar,Сүхбаатар,1,Horse,Адуу,26.3,128.2,20.514821,,
1980,422,Sukhbaatar,Сүхбаатар,2,Cattle,Үхэр,25.2,138.6,18.181818,,
1980,422,Sukhbaatar,Сүхбаатар,3,Camel,Тэмээ,2.7,19.8,13.636364,,
1980,422,Sukhbaatar,Сүхбаатар,4,Sheep,Хонь,138.8,733.9,18.912658,,
1980,422,Sukhbaatar,Сүхбаатар,5,Goat,Ямаа,25.1,141.9,17.688513,,
1980,423,Khentii,Хэнтий,0,Total,Бүгд,215.8,1431.8,15.071937,,
1980,423,Khentii,Хэнтий,1,Horse,Адуу,21.9,151,14.503311,,
1980,423,Khentii,Хэнтий,2,Cattle,Үхэр,33,204.6,16.129032,,
1980,423,Khentii,Хэнтий,3,Camel,Тэмээ,1.4,11.7,11.965812,,
1980,423,Khentii,Хэнтий,4,Sheep,Хонь,133.9,912.3,14.67719,,
1980,423,Khentii,Хэнтий,5,Goat,Ямаа,25.8,152.2,16.95138,,
1980,511,Ulaanbaatar,Улаанбаатар,0,Total,Бүгд,1.9,,,,..
1980,511,Ulaanbaatar,Улаанбаатар,1,Horse,Адуу,0.3,27,1.111111,,
1980,511,Ulaanbaatar,Улаанбаатар,2,Cattle,Үхэр,0.9,13.7,6.569343,,
1980,511,Ulaanbaatar,Улаанбаатар,3,Camel,Тэмээ,,7.4,,..,
1980,511,Ulaanbaatar,Улаанбаатар,4,Sheep,Хонь,0.4,4.7,8.510638,,
1980,511,Ulaanbaatar,Улаанбаатар,5,Goat,Ямаа,0.2,52.8,0.378788,,
1981,0,Total,Улсын дүн,0,Total,Бүгд,973.9,23771.4,4.09694,,
1981,0,Total,Улсын дүн,1,Horse,Адуу,83.9,1985.4,4.225849,,
1981,0,Total,Улсын дүн,2,Cattle,Үхэр,116.9,2397.1,4.876726,,
1981,0,Total,Улсын дүн,3,Camel,Тэмээ,34.1,591.5,5.765004,,
1981,0,Total,Улсын дүн,4,Sheep,Хонь,558.5,14230.7,3.924614,,
1981,0,Total,Улсын дүн,5,Goat,Ямаа,180.5,4566.7,3.952526,,
1981,181,Zavkhan,Завхан,0,Total,Бүгд,100.1,1875.9,5.336105,,
1981,181,Zavkhan,Завхан,1,Horse,Адуу,3.5,118.5,2.953586,,
1981,181,Zavkhan,Завхан,2,Cattle,Үхэр,9.4,147,6.394558,,
1981,181,Zavkhan,Завхан,3,Camel,Тэмээ,0.7,16.9,4.142012,,
1981,181,Zavkhan,Завхан,4,Sheep,Хонь,69.5,1300.7,5.343277,,
1981,181,Zavkhan,Завхан,5,Goat,Ямаа,17,292.9,5.804029,,
1981,182,Govi-Altai,Говь-Алтай,0,Total,Бүгд,43.1,1582,2.724399,,
1981,182,Govi-Altai,Говь-Алтай,1,Horse,Адуу,1.9,90,2.111111,,
1981,182,Govi-Altai,Говь-Алтай,2,Cattle,Үхэр,2.9,99.4,2.917505,,
1981,182,Govi-Altai,Говь-Алтай,3,Camel,Тэмээ,1.3,54.8,2.372263,,
1981,182,Govi-Altai,Говь-Алтай,4,Sheep,Хонь,23,894.8,2.570407,,
1981,182,Govi-Altai,Говь-Алтай,5,Goat,Ямаа,14,442.9,3.160984,,
1981,183,Bayan-Ulgii,Баян-Өлгий,0,Total,Бүгд,23.9,1105.8,2.161331,,
1981,183,Bayan-Ulgii,Баян-Өлгий,1,Horse,Адуу,1.1,63.5,1.732283,,
1981,183,Bayan-Ulgii,Баян-Өлгий,2,Cattle,Үхэр,1.7,82.6,2.058111,,
1981,183,Bayan-Ulgii,Баян-Өлгий,3,Camel,Тэмээ,0.2,11,1.818182,,
1981,183,Bayan-Ulgii,Баян-Өлгий,4,Sheep,Хонь,14.5,652.4,2.222563,,
1981,183,Bayan-Ulgii,Баян-Өлгий,5,Goat,Ямаа,6.4,296.3,2.159973,,
1981,184,Khovd,Ховд,0,Total,Бүгд,30.5,1539.6,1.981034,,
1981,184,Khovd,Ховд,1,Horse,Адуу,1.2,82.9,1.447527,,
1981,184,Khovd,Ховд,2,Cattle,Үхэр,1.4,104.1,1.344861,,
1981,184,Khovd,Ховд,3,Camel,Тэмээ,1.8,42.2,4.265403,,
1981,184,Khovd,Ховд,4,Sheep,Хонь,18.1,876.8,2.064325,,
1981,184,Khovd,Ховд,5,Goat,Ямаа,8,433.6,1.845018,,
1981,185,Uvs,Увс,0,Total,Бүгд,87.5,1481.3,5.906974,,
1981,185,Uvs,Увс,1,Horse,Адуу,6.1,102.2,5.968689,,
1981,185,Uvs,Увс,2,Cattle,Үхэр,8.8,113.6,7.746479,,
1981,185,Uvs,Увс,3,Camel,Тэмээ,2,39.2,5.102041,,
1981,185,Uvs,Увс,4,Sheep,Хонь,53.4,945.2,5.649598,,
1981,185,Uvs,Увс,5,Goat,Ямаа,17.2,281,6.120996,,
1981,261,Orkhon,Орхон,0,Total,Бүгд,0.2,8.8,2.272727,,
1981,261,Orkhon,Орхон,1,Horse,Адуу,0,0.7,0.0,,
1981,261,Orkhon,Орхон,2,Cattle,Үхэр,0.1,4.4,2.272727,,
1981,261,Orkhon,Орхон,3,Camel,Тэмээ,,,,..,..
1981,261,Orkhon,Орхон,4,Sheep,Хонь,0.1,3.2,3.125,,
1981,261,Orkhon,Орхон,5,Goat,Ямаа,0,0.5,0.0,,
1981,262,Uvurkhangai,Өвөрхангай,0,Total,Бүгд,88.3,1933.9,4.565903,,
1981,262,Uvurkhangai,Өвөрхангай,1,Horse,Адуу,10.7,183.4,5.834242,,
1981,262,Uvurkhangai,Өвөрхангай,2,Cattle,Үхэр,15.8,199,7.939698,,
1981,262,Uvurkhangai,Өвөрхангай,3,Camel,Тэмээ,2.2,35.4,6.214689,,
1981,262,Uvurkhangai,Өвөрхангай,4,Sheep,Хонь,47.7,1176.6,4.054054,,
1981,262,Uvurkhangai,Өвөрхангай,5,Goat,Ямаа,11.9,339.4,3.506187,,
1981,263,Bulgan,Булган,0,Total,Бүгд,35.9,937.3,3.83015,,
1981,263,Bulgan,Булган,1,Horse,Адуу,3.9,90.3,4.318937,,
1981,263,Bulgan,Булган,2,Cattle,Үхэр,4.2,146.8,2.861035,,
1981,263,Bulgan,Булган,3,Camel,Тэмээ,0.3,4.1,7.317073,,
1981,263,Bulgan,Булган,4,Sheep,Хонь,23.8,592.5,4.016878,,
1981,263,Bulgan,Булган,5,Goat,Ямаа,3.7,103.7,3.567985,,
1981,264,Bayankhongor,Баянхонгор,0,Total,Бүгд,48.5,1832.7,2.646369,,
1981,264,Bayankhongor,Баянхонгор,1,Horse,Адуу,2.2,127.8,1.72144,,
1981,264,Bayankhongor,Баянхонгор,2,Cattle,Үхэр,4.6,136.1,3.379868,,
1981,264,Bayankhongor,Баянхонгор,3,Camel,Тэмээ,2.1,55.5,3.783784,,
1981,264,Bayankhongor,Баянхонгор,4,Sheep,Хонь,25.8,959.9,2.68778,,
1981,264,Bayankhongor,Баянхонгор,5,Goat,Ямаа,13.8,553.4,2.493675,,
1981,265,Arkhangai,Архангай,0,Total,Бүгд,43,1451.9,2.961636,,
1981,265,Arkhangai,Архангай,1,Horse,Адуу,5.4,170.1,3.174603,,
1981,265,Arkhangai,Архангай,2,Cattle,Үхэр,8,247.7,3.229713,,
1981,265,Arkhangai,Архангай,3,Camel,Тэмээ,0.1,2.1,4.761905,,
1981,265,Arkhangai,Архангай,4,Sheep,Хонь,24.5,860.9,2.845859,,
1981,265,Arkhangai,Архангай,5,Goat,Ямаа,5,171.2,2.920561,,
1981,267,Khuvsgul,Хөвсгөл,0,Total,Бүгд,36.7,1600.5,2.293033,,
1981,267,Khuvsgul,Хөвсгөл,1,Horse,Адуу,2.2,116.5,1.888412,,
1981,267,Khuvsgul,Хөвсгөл,2,Cattle,Үхэр,5.3,339.2,1.5625,,
1981,267,Khuvsgul,Хөвсгөл,3,Camel,Тэмээ,0.2,6.5,3.076923,,
1981,267,Khuvsgul,Хөвсгөл,4,Sheep,Хонь,25.2,1020.1,2.470346,,
1981,267,Khuvsgul,Хөвсгөл,5,Goat,Ямаа,3.8,221.2,1.717902,,
1981,341,Tuv,Төв,0,Total,Бүгд,57.7,1309,4.407945,,
1981,341,Tuv,Төв,1,Horse,Адуу,5.8,152.9,3.793329,,
1981,341,Tuv,Төв,2,Cattle,Үхэр,7.5,158,4.746835,,
1981,341,Tuv,Төв,3,Camel,Тэмээ,0.6,10.4,5.769231,,
1981,341,Tuv,Төв,4,Sheep,Хонь,36.8,837.8,4.392456,,
1981,341,Tuv,Төв,5,Goat,Ямаа,7,149.8,4.672897,,
1981,342,Govisumber,Говьсүмбэр,0,Total,Бүгд,,,,..,..
1981,342,Govisumber,Говьсүмбэр,1,Horse,Адуу,,,,..,..
1981,342,Govisumber,Говьсүмбэр,2,Cattle,Үхэр,,,,..,..
1981,342,Govisumber,Говьсүмбэр,3,Camel,Тэмээ,,,,..,..
1981,342,Govisumber,Говьсүмбэр,4,Sheep,Хонь,,,,..,..
1981,342,Govisumber,Говьсүмбэр,5,Goat,Ямаа,,,,..,..
1981,343,Selenge,Сэлэнгэ,0,Total,Бүгд,23,397.9,5.780347,,
1981,343,Selenge,Сэлэнгэ,1,Horse,Адуу,1.3,21.4,6.074766,,
1981,343,Selenge,Сэлэнгэ,2,Cattle,Үхэр,3.5,70.4,4.971591,,
1981,343,Selenge,Сэлэнгэ,3,Camel,Тэмээ,,0.2,,..,
1981,343,Selenge,Сэлэнгэ,4,Sheep,Хонь,17.4,287.8,6.045865,,
1981,343,Selenge,Сэлэнгэ,5,Goat,Ямаа,0.8,18.1,4.41989,,
1981,344,Dornogovi,Дорноговь,0,Total,Бүгд,51.1,875.3,5.837998,,
1981,344,Dornogovi,Дорноговь,1,Horse,Адуу,5.7,98.3,5.798576,,
1981,344,Dornogovi,Дорноговь,2,Cattle,Үхэр,3.1,72.5,4.275862,,
1981,344,Dornogovi,Дорноговь,3,Camel,Тэмээ,6.9,68.7,10.043668,,
1981,344,Dornogovi,Дорноговь,4,Sheep,Хонь,22.3,465.5,4.790548,,
1981,344,Dornogovi,Дорноговь,5,Goat,Ямаа,13.1,170.4,7.687793,,
1981,345,Darkhan-Uul,Дархан-Уул,0,Total,Бүгд,1.1,22.1,4.977376,,
1981,345,Darkhan-Uul,Дархан-Уул,1,Horse,Адуу,0.1,2,5.0,,
1981,345,Darkhan-Uul,Дархан-Уул,2,Cattle,Үхэр,0.1,6.7,1.492537,,
1981,345,Darkhan-Uul,Дархан-Уул,3,Camel,Тэмээ,,,,..,..
1981,345,Darkhan-Uul,Дархан-Уул,4,Sheep,Хонь,0.9,12.2,7.377049,,
1981,345,Darkhan-Uul,Дархан-Уул,5,Goat,Ямаа,0,1.2,0.0,,
1981,346,Umnugovi,Өмнөговь,0,Total,Бүгд,33.6,962.9,3.489459,,
1981,346,Umnugovi,Өмнөговь,1,Horse,Адуу,1.8,77.9,2.310655,,
1981,346,Umnugovi,Өмнөговь,2,Cattle,Үхэр,0.5,19.7,2.538071,,
1981,346,Umnugovi,Өмнөговь,3,Camel,Тэмээ,7.7,142.9,5.388383,,
1981,346,Umnugovi,Өмнөговь,4,Sheep,Хонь,9.3,293.3,3.170815,,
1981,346,Umnugovi,Өмнөговь,5,Goat,Ямаа,14.3,429.2,3.33178,,
1981,348,Dundgovi,Дундговь,0,Total,Бүгд,123.9,1351.9,9.164879,,
1981,348,Dundgovi,Дундговь,1,Horse,Адуу,18.4,142.9,12.876137,,
1981,348,Dundgovi,Дундговь,2,Cattle,Үхэр,21.6,84.7,25.501771,,
1981,348,Dundgovi,Дундговь,3,Camel,Тэмээ,5.8,55.9,10.375671,,
1981,348,Dundgovi,Дундговь,4,Sheep,Хонь,47.8,734.1,6.511374,,
1981,348,Dundgovi,Дундговь,5,Goat,Ямаа,30.3,334.4,9.061005,,
1981,421,Dornod,Дорнод,0,Total,Бүгд,41,1036.9,3.954094,,
1981,421,Dornod,Дорнод,1,Horse,Адуу,2.6,81,3.209877,,
1981,421,Dornod,Дорнод,2,Cattle,Үхэр,5.7,125.3,4.549082,,
1981,421,Dornod,Дорнод,3,Camel,Тэмээ,0.7,15.7,4.458599,,
1981,421,Dornod,Дорнод,4,Sheep,Хонь,29.6,760.7,3.891153,,
1981,421,Dornod,Дорнод,5,Goat,Ямаа,2.4,54.3,4.41989,,
1981,422,Sukhbaatar,Сүхбаатар,0,Total,Бүгд,42.9,1068.4,4.01535,,
1981,422,Sukhbaatar,Сүхбаатар,1,Horse,Адуу,2.9,115,2.521739,,
1981,422,Sukhbaatar,Сүхбаатар,2,Cattle,Үхэр,5,128.2,3.900156,,
1981,422,Sukhbaatar,Сүхбаатар,3,Camel,Тэмээ,0.8,19,4.210526,,
1981,422,Sukhbaatar,Сүхбаатар,4,Sheep,Хонь,28.4,678.6,4.185087,,
1981,422,Sukhbaatar,Сүхбаатар,5,Goat,Ямаа,5.8,127.7,4.541895,,
1981,423,Khentii,Хэнтий,0,Total,Бүгд,59.8,1345.3,4.445105,,
1981,423,Khentii,Хэнтий,1,Horse,Адуу,6.8,140.9,4.826118,,
1981,423,Khentii,Хэнтий,2,Cattle,Үхэр,6.8,189.5,3.588391,,
1981,423,Khentii,Хэнтий,3,Camel,Тэмээ,0.7,11.1,6.306306,,
1981,423,Khentii,Хэнтий,4,Sheep,Хонь,39.7,863.1,4.599699,,
1981,423,Khentii,Хэнтий,5,Goat,Ямаа,5.8,140.8,4.119318,,
1981,511,Ulaanbaatar,Улаанбаатар,0,Total,Бүгд,2.1,52,4.038462,,
1981,511,Ulaanbaatar,Улаанбаатар,1,Horse,Адуу,0.3,7.3,4.109589,,
1981,511,Ulaanbaatar,Улаанбаатар,2,Cattle,Үхэр,0.9,25.3,3.557312,,
1981,511,Ulaanbaatar,Улаанбаатар,3,Camel,Тэмээ,,0,,..,
1981,511,Ulaanbaatar,Улаанбаатар,4,Sheep,Хонь,0.7,14.7,4.761905,,
1981,511,Ulaanbaatar,Улаанбаатар,5,Goat,Ямаа,0.2,4.8,4.166667,,
1982,0,Total,Улсын дүн,0,Total,Бүгд,937.6,24263.1,3.864304,,
1982,0,Total,Улсын дүн,1,Horse,Адуу,79.7,1991.1,4.002813,,
1982,0,Total,Улсын дүн,2,Cattle,Үхэр,118.3,2376.3,4.978328,,
1982,0,Total,Улсын дүн,3,Camel,Тэмээ,30,586.2,5.117707,,
1982,0,Total,Улсын дүн,4,Sheep,Хонь,562.8,14714,3.824929,,
1982,0,Total,Улсын дүн,5,Goat,Ямаа,146.8,4595.4,3.194499,,
1982,181,Zavkhan,Завхан,0,Total,Бүгд,86.2,1777.7,4.848962,,
1982,181,Zavkhan,Завхан,1,Horse,Адуу,4.4,119.1,3.694374,,
1982,181,Zavkhan,Завхан,2,Cattle,Үхэр,12.2,141.2,8.640227,,
1982,181,Zavkhan,Завхан,3,Camel,Тэмээ,1.3,16.4,7.926829,,
1982,181,Zavkhan,Завхан,4,Sheep,Хонь,55.3,1231.1,4.491918,,
1982,181,Zavkhan,Завхан,5,Goat,Ямаа,13,269.9,4.816599,,
1982,182,Govi-Altai,Говь-Алтай,0,Total,Бүгд,49.6,1571.9,3.155417,,
1982,182,Govi-Altai,Говь-Алтай,1,Horse,Адуу,1.8,88.4,2.036199,,
1982,182,Govi-Altai,Говь-Алтай,2,Cattle,Үхэр,3.4,96.7,3.516029,,
1982,182,Govi-Altai,Говь-Алтай,3,Camel,Тэмээ,2,54.6,3.663004,,
1982,182,Govi-Altai,Говь-Алтай,4,Sheep,Хонь,28.4,899.2,3.158363,,
1982,182,Govi-Altai,Говь-Алтай,5,Goat,Ямаа,14,433,3.233256,,
1982,183,Bayan-Ulgii,Баян-Өлгий,0,Total,Бүгд,19.7,1135.2,1.735377,,
1982,183,Bayan-Ulgii,Баян-Өлгий,1,Horse,Адуу,1,65.9,1.517451,,
1982,183,Bayan-Ulgii,Баян-Өлгий,2,Cattle,Үхэр,1.4,87.7,1.596351,,
1982,183,Bayan-Ulgii,Баян-Өлгий,3,Camel,Тэмээ,0.2,11.1,1.801802,,
1982,183,Bayan-Ulgii,Баян-Өлгий,4,Sheep,Хонь,12.3,678.7,1.812288,,
1982,183,Bayan-Ulgii,Баян-Өлгий,5,Goat,Ямаа,4.8,291.9,1.644399,,
1982,184,Khovd,Ховд,0,Total,Бүгд,42.9,1641.3,2.613782,,
1982,184,Khovd,Ховд,1,Horse,Адуу,1.9,87.8,2.164009,,
1982,184,Khovd,Ховд,2,Cattle,Үхэр,2.6,109.8,2.367942,,
1982,184,Khovd,Ховд,3,Camel,Тэмээ,1.9,41.5,4.578313,,
1982,184,Khovd,Ховд,4,Sheep,Хонь,24.6,950.8,2.587295,,
1982,184,Khovd,Ховд,5,Goat,Ямаа,11.9,451.5,2.635659,,
1982,185,Uvs,Увс,0,Total,Бүгд,42.6,1445.1,2.947893,,
1982,185,Uvs,Увс,1,Horse,Адуу,4.3,101.9,4.219823,,
1982,185,Uvs,Увс,2,Cattle,Үхэр,5.6,111.5,5.022422,,
1982,185,Uvs,Увс,3,Camel,Тэмээ,2,39.1,5.11509,,
1982,185,Uvs,Увс,4,Sheep,Хонь,23,934.5,2.461209,,
1982,185,Uvs,Увс,5,Goat,Ямаа,7.7,258.1,2.98334,,
1982,261,Orkhon,Орхон,0,Total,Бүгд,0.3,13.9,2.158273,,
1982,261,Orkhon,Орхон,1,Horse,Адуу,0,1.1,0.0,,
1982,261,Orkhon,Орхон,2,Cattle,Үхэр,0.1,5.3,1.886792,,
1982,261,Orkhon,Орхон,3,Camel,Тэмээ,,,,..,..
1982,261,Orkhon,Орхон,4,Sheep,Хонь,0.1,6.8,1.470588,,
1982,261,Orkhon,Орхон,5,Goat,Ямаа,0.1,0.8,12.5,,
1982,262,Uvurkhangai,Өвөрхангай,0,Total,Бүгд,50.7,1928.9,2.628441,,
1982,262,Uvurkhangai,Өвөрхангай,1,Horse,Адуу,4.4,171.6,2.564103,,
1982,262,Uvurkhangai,Өвөрхангай,2,Cattle,Үхэр,7.1,180.7,3.929164,,
1982,262,Uvurkhangai,Өвөрхангай,3,Camel,Тэмээ,1.6,35.1,4.558405,,
1982,262,Uvurkhangai,Өвөрхангай,4,Sheep,Хонь,30.9,1206,2.562189,,
1982,262,Uvurkhangai,Өвөрхангай,5,Goat,Ямаа,6.7,335.4,1.997615,,
1982,263,Bulgan,Булган,0,Total,Бүгд,35.1,962,3.648649,,
1982,263,Bulgan,Булган,1,Horse,Адуу,4.2,92.5,4.540541,,
1982,263,Bulgan,Булган,2,Cattle,Үхэр,4.6,149.1,3.085178,,
1982,263,Bulgan,Булган,3,Camel,Тэмээ,0.3,4.2,7.142857,,
1982,263,Bulgan,Булган,4,Sheep,Хонь,22.1,604.9,3.653496,,
1982,263,Bulgan,Булган,5,Goat,Ямаа,3.9,111.4,3.500898,,
1982,264,Bayankhongor,Баянхонгор,0,Total,Бүгд,60.9,1887.8,3.225977,,
1982,264,Bayankhongor,Баянхонгор,1,Horse,Адуу,2.6,130.1,1.998463,,
1982,264,Bayankhongor,Баянхонгор,2,Cattle,Үхэр,4.2,135.2,3.106509,,
1982,264,Bayankhongor,Баянхонгор,3,Camel,Тэмээ,1.4,55.9,2.504472,,
1982,264,Bayankhongor,Баянхонгор,4,Sheep,Хонь,40.6,996.6,4.073851,,
1982,264,Bayankhongor,Баянхонгор,5,Goat,Ямаа,12.1,570.1,2.122435,,
1982,265,Arkhangai,Архангай,0,Total,Бүгд,58.4,1512.3,3.861668,,
1982,265,Arkhangai,Архангай,1,Horse,Адуу,7.2,174.3,4.130809,,
1982,265,Arkhangai,Архангай,2,Cattle,Үхэр,9.3,249.4,3.728949,,
1982,265,Arkhangai,Архангай,3,Camel,Тэмээ,0.1,2.1,4.761905,,
1982,265,Arkhangai,Архангай,4,Sheep,Хонь,34.5,910.5,3.789127,,
1982,265,Arkhangai,Архангай,5,Goat,Ямаа,7.3,176.1,4.145372,,
1982,267,Khuvsgul,Хөвсгөл,0,Total,Бүгд,65.3,1675,3.898507,,
1982,267,Khuvsgul,Хөвсгөл,1,Horse,Адуу,3.6,120.7,2.982601,,
1982,267,Khuvsgul,Хөвсгөл,2,Cattle,Үхэр,13.7,237.5,5.768421,,
1982,267,Khuvsgul,Хөвсгөл,3,Camel,Тэмээ,0.2,6.6,3.030303,,
1982,267,Khuvsgul,Хөвсгөл,4,Sheep,Хонь,39.2,1078.1,3.636026,,
1982,267,Khuvsgul,Хөвсгөл,5,Goat,Ямаа,8.6,232.1,3.705299,,
1982,341,Tuv,Төв,0,Total,Бүгд,49.3,1347.8,3.657813,,
1982,341,Tuv,Төв,1,Horse,Адуу,4.4,153.4,2.868318,,
1982,341,Tuv,Төв,2,Cattle,Үхэр,5.7,155.9,3.65619,,
1982,341,Tuv,Төв,3,Camel,Тэмээ,0.6,10.5,5.714286,,
1982,341,Tuv,Төв,4,Sheep,Хонь,32.9,877.3,3.750142,,
1982,341,Tuv,Төв,5,Goat,Ямаа,5.7,150.8,3.779841,,
1982,342,Govisumber,Говьсүмбэр,0,Total,Бүгд,,,,..,..
1982,342,Govisumber,Говьсүмбэр,1,Horse,Адуу,,,,..,..
1982,342,Govisumber,Говьсүмбэр,2,Cattle,Үхэр,,,,..,..
1982,342,Govisumber,Говьсүмбэр,3,Camel,Тэмээ,,,,..,..
1982,342,Govisumber,Говьсүмбэр,4,Sheep,Хонь,,,,..,..
1982,342,Govisumber,Говьсүмбэр,5,Goat,Ямаа,,,,..,..
1982,343,Selenge,Сэлэнгэ,0,Total,Бүгд,23,418.3,5.498446,,
1982,343,Selenge,Сэлэнгэ,1,Horse,Адуу,1.3,22,5.909091,,
1982,343,Selenge,Сэлэнгэ,2,Cattle,Үхэр,2.3,70.1,3.281027,,
1982,343,Selenge,Сэлэнгэ,3,Camel,Тэмээ,,0.2,,..,
1982,343,Selenge,Сэлэнгэ,4,Sheep,Хонь,18.7,306.7,6.097163,,
1982,343,Selenge,Сэлэнгэ,5,Goat,Ямаа,0.7,19.4,3.608247,,
1982,344,Dornogovi,Дорноговь,0,Total,Бүгд,30.1,869.5,3.46176,,
1982,344,Dornogovi,Дорноговь,1,Horse,Адуу,3.6,95.7,3.761755,,
1982,344,Dornogovi,Дорноговь,2,Cattle,Үхэр,2.7,70,3.857143,,
1982,344,Dornogovi,Дорноговь,3,Camel,Тэмээ,3.4,65.5,5.19084,,
1982,344,Dornogovi,Дорноговь,4,Sheep,Хонь,16,480.2,3.331945,,
1982,344,Dornogovi,Дорноговь,5,Goat,Ямаа,4.4,158.1,2.783049,,
1982,345,Darkhan-Uul,Дархан-Уул,0,Total,Бүгд,2.8,24.4,11.47541,,
1982,345,Darkhan-Uul,Дархан-Уул,1,Horse,Адуу,0.1,2,5.0,,
1982,345,Darkhan-Uul,Дархан-Уул,2,Cattle,Үхэр,0.3,7,4.285714,,
1982,345,Darkhan-Uul,Дархан-Уул,3,Camel,Тэмээ,,,,..,..
1982,345,Darkhan-Uul,Дархан-Уул,4,Sheep,Хонь,2.3,14,16.428571,,
1982,345,Darkhan-Uul,Дархан-Уул,5,Goat,Ямаа,0.1,1.4,7.142857,,
1982,346,Umnugovi,Өмнөговь,0,Total,Бүгд,30.3,998.8,3.03364,,
1982,346,Umnugovi,Өмнөговь,1,Horse,Адуу,3.2,81,3.950617,,
1982,346,Umnugovi,Өмнөговь,2,Cattle,Үхэр,0.4,21,1.904762,,
1982,346,Umnugovi,Өмнөговь,3,Camel,Тэмээ,6.8,143.7,4.732081,,
1982,346,Umnugovi,Өмнөговь,4,Sheep,Хонь,8.5,305.9,2.778686,,
1982,346,Umnugovi,Өмнөговь,5,Goat,Ямаа,11.4,447.3,2.548625,,
1982,348,Dundgovi,Дундговь,0,Total,Бүгд,32.3,1288.4,2.506985,,
1982,348,Dundgovi,Дундговь,1,Horse,Адуу,4.7,122.8,3.827362,,
1982,348,Dundgovi,Дундговь,2,Cattle,Үхэр,2.2,62.2,3.536977,,
1982,348,Dundgovi,Дундговь,3,Camel,Тэмээ,3.2,52.4,6.10687,,
1982,348,Dundgovi,Дундговь,4,Sheep,Хонь,14.9,730.4,2.039978,,
1982,348,Dundgovi,Дундговь,5,Goat,Ямаа,7.3,320.8,2.275561,,
1982,421,Dornod,Дорнод,0,Total,Бүгд,70.2,1130.5,6.209642,,
1982,421,Dornod,Дорнод,1,Horse,Адуу,4.7,85.4,5.503513,,
1982,421,Dornod,Дорнод,2,Cattle,Үхэр,11.2,131.2,8.536585,,
1982,421,Dornod,Дорнод,3,Camel,Тэмээ,1.5,16.6,9.036145,,
1982,421,Dornod,Дорнод,4,Sheep,Хонь,48.8,838.5,5.819917,,
1982,421,Dornod,Дорнод,5,Goat,Ямаа,4,58.8,6.802721,,
1982,422,Sukhbaatar,Сүхбаатар,0,Total,Бүгд,101.6,1131,8.983201,,
1982,422,Sukhbaatar,Сүхбаатар,1,Horse,Адуу,11,121.8,9.031199,,
1982,422,Sukhbaatar,Сүхбаатар,2,Cattle,Үхэр,17.7,134.1,13.199105,,
1982,422,Sukhbaatar,Сүхбаатар,3,Camel,Тэмээ,2.2,19.6,11.22449,,
1982,422,Sukhbaatar,Сүхбаатар,4,Sheep,Хонь,57,714.5,7.977607,,
1982,422,Sukhbaatar,Сүхбаатар,5,Goat,Ямаа,13.7,141,9.716312,,
1982,423,Khentii,Хэнтий,0,Total,Бүгд,84.9,1447.3,5.866095,,
1982,423,Khentii,Хэнтий,1,Horse,Адуу,11,145.7,7.54976,,
1982,423,Khentii,Хэнтий,2,Cattle,Үхэр,10.8,194.4,5.555556,,
1982,423,Khentii,Хэнтий,3,Camel,Тэмээ,1.3,11.2,11.607143,,
1982,423,Khentii,Хэнтий,4,Sheep,Хонь,52.5,933.6,5.623393,,
1982,423,Khentii,Хэнтий,5,Goat,Ямаа,9.3,162.3,5.730129,,
1982,511,Ulaanbaatar,Улаанбаатар,0,Total,Бүгд,1.4,55.8,2.508961,,
1982,511,Ulaanbaatar,Улаанбаатар,1,Horse,Адуу,0.3,8.1,3.703704,,
1982,511,Ulaanbaatar,Улаанбаатар,2,Cattle,Үхэр,0.8,26.3,3.041825,,
1982,511,Ulaanbaatar,Улаанбаатар,3,Camel,Тэмээ,,0,,..,
1982,511,Ulaanbaatar,Улаанбаатар,4,Sheep,Хонь,0.2,16,1.25,,
1982,511,Ulaanbaatar,Улаанбаатар,5,Goat,Ямаа,0.1,5.5,1.818182,,
1983,0,Total,Улсын дүн,0,Total,Бүгд,1634.4,24764.6,6.599743,,
1983,0,Total,Улсын дүн,1,Horse,Адуу,126.3,2027.9,6.228118,,
1983,0,Total,Улсын дүн,2,Cattle,Үхэр,150.2,2395.5,6.27009,,
1983,0,Total,Улсын дүн,3,Camel,Тэмээ,34,584.6,5.815943,,
1983,0,Total,Улсын дүн,4,Sheep,Хонь,1015.6,14954.8,6.791131,,
1983,0,Total,Улсын дүн,5,Goat,Ямаа,308.3,4801.5,6.42091,,
1983,181,Zavkhan,Завхан,0,Total,Бүгд,93.5,1864.1,5.015825,,
1983,181,Zavkhan,Завхан,1,Horse,Адуу,6.5,121.8,5.336617,,
1983,181,Zavkhan,Завхан,2,Cattle,Үхэр,6.6,135.8,4.860088,,
1983,181,Zavkhan,Завхан,3,Camel,Тэмээ,1.5,15.9,9.433962,,
1983,181,Zavkhan,Завхан,4,Sheep,Хонь,61.5,1301.2,4.726406,,
1983,181,Zavkhan,Завхан,5,Goat,Ямаа,17.4,289.4,6.01244,,
1983,182,Govi-Altai,Говь-Алтай,0,Total,Бүгд,81.7,1549.7,5.271988,,
1983,182,Govi-Altai,Говь-Алтай,1,Horse,Адуу,6.7,84.4,7.938389,,
1983,182,Govi-Altai,Говь-Алтай,2,Cattle,Үхэр,5.4,89.8,6.013363,,
1983,182,Govi-Altai,Говь-Алтай,3,Camel,Тэмээ,3,53.3,5.628518,,
1983,182,Govi-Altai,Говь-Алтай,4,Sheep,Хонь,43.4,889.1,4.881341,,
1983,182,Govi-Altai,Говь-Алтай,5,Goat,Ямаа,23.2,433.1,5.356731,,
1983,183,Bayan-Ulgii,Баян-Өлгий,0,Total,Бүгд,47.4,1171.1,4.047477,,
1983,183,Bayan-Ulgii,Баян-Өлгий,1,Horse,Адуу,2.7,68.8,3.924419,,
1983,183,Bayan-Ulgii,Баян-Өлгий,2,Cattle,Үхэр,4.2,91.5,4.590164,,
1983,183,Bayan-Ulgii,Баян-Өлгий,3,Camel,Тэмээ,0.4,11,3.636364,,
1983,183,Bayan-Ulgii,Баян-Өлгий,4,Sheep,Хонь,28.1,697.3,4.029829,,
1983,183,Bayan-Ulgii,Баян-Өлгий,5,Goat,Ямаа,12,302.5,3.966942,,
1983,184,Khovd,Ховд,0,Total,Бүгд,98.7,1577.3,6.257529,,
1983,184,Khovd,Ховд,1,Horse,Адуу,5.6,88.1,6.356413,,
1983,184,Khovd,Ховд,2,Cattle,Үхэр,5.4,106.1,5.089538,,
1983,184,Khovd,Ховд,3,Camel,Тэмээ,2.3,40,5.75,,
1983,184,Khovd,Ховд,4,Sheep,Хонь,57.9,885.3,6.540156,,
1983,184,Khovd,Ховд,5,Goat,Ямаа,27.5,457.8,6.00699,,
1983,185,Uvs,Увс,0,Total,Бүгд,72.7,1494.8,4.863527,,
1983,185,Uvs,Увс,1,Horse,Адуу,7,106.6,6.566604,,
1983,185,Uvs,Увс,2,Cattle,Үхэр,4.9,113.7,4.309587,,
1983,185,Uvs,Увс,3,Camel,Тэмээ,2.5,39.5,6.329114,,
1983,185,Uvs,Увс,4,Sheep,Хонь,42,964,4.356846,,
1983,185,Uvs,Увс,5,Goat,Ямаа,16.3,271.1,6.012541,,
1983,261,Orkhon,Орхон,0,Total,Бүгд,0.3,19.2,1.5625,,
1983,261,Orkhon,Орхон,1,Horse,Адуу,0.1,1.5,6.666667,,
1983,261,Orkhon,Орхон,2,Cattle,Үхэр,0.1,6.3,1.587302,,
1983,261,Orkhon,Орхон,3,Camel,Тэмээ,,,,..,..
1983,261,Orkhon,Орхон,4,Sheep,Хонь,0.1,10.4,0.961538,,
1983,261,Orkhon,Орхон,5,Goat,Ямаа,0,1,0.0,,
1983,262,Uvurkhangai,Өвөрхангай,0,Total,Бүгд,224.7,2010,11.179104,,
1983,262,Uvurkhangai,Өвөрхангай,1,Horse,Адуу,12.2,174.1,7.007467,,
1983,262,Uvurkhangai,Өвөрхангай,2,Cattle,Үхэр,20.8,180.7,11.510791,,
1983,262,Uvurkhangai,Өвөрхангай,3,Camel,Тэмээ,2,35.2,5.681818,,
1983,262,Uvurkhangai,Өвөрхангай,4,Sheep,Хонь,160.6,1255.8,12.788661,,
1983,262,Uvurkhangai,Өвөрхангай,5,Goat,Ямаа,29.1,364.2,7.990115,,
1983,263,Bulgan,Булган,0,Total,Бүгд,57.3,1007,5.690169,,
1983,263,Bulgan,Булган,1,Horse,Адуу,5.4,96.7,5.584281,,
1983,263,Bulgan,Булган,2,Cattle,Үхэр,5.6,154.8,3.617571,,
1983,263,Bulgan,Булган,3,Camel,Тэмээ,0.4,4.3,9.302326,,
1983,263,Bulgan,Булган,4,Sheep,Хонь,39.3,633.8,6.200694,,
1983,263,Bulgan,Булган,5,Goat,Ямаа,6.6,117.4,5.621806,,
1983,264,Bayankhongor,Баянхонгор,0,Total,Бүгд,86.7,1938.4,4.472761,,
1983,264,Bayankhongor,Баянхонгор,1,Horse,Адуу,4.8,135.5,3.542435,,
1983,264,Bayankhongor,Баянхонгор,2,Cattle,Үхэр,8.3,139.1,5.96693,,
1983,264,Bayankhongor,Баянхонгор,3,Camel,Тэмээ,2.1,56.5,3.716814,,
1983,264,Bayankhongor,Баянхонгор,4,Sheep,Хонь,49.3,1007.9,4.891358,,
1983,264,Bayankhongor,Баянхонгор,5,Goat,Ямаа,22.2,599.5,3.703086,,
1983,265,Arkhangai,Архангай,0,Total,Бүгд,128.9,1527.5,8.438625,,
1983,265,Arkhangai,Архангай,1,Horse,Адуу,12.5,180.9,6.909895,,
1983,265,Arkhangai,Архангай,2,Cattle,Үхэр,15.2,256.2,5.932865,,
1983,265,Arkhangai,Архангай,3,Camel,Тэмээ,0.3,2.3,13.043478,,
1983,265,Arkhangai,Архангай,4,Sheep,Хонь,84.2,901.8,9.336882,,
1983,265,Arkhangai,Архангай,5,Goat,Ямаа,16.7,186.4,8.959227,,
1983,267,Khuvsgul,Хөвсгөл,0,Total,Бүгд,84.2,1734.3,4.854985,,
1983,267,Khuvsgul,Хөвсгөл,1,Horse,Адуу,4.7,122.9,3.824247,,
1983,267,Khuvsgul,Хөвсгөл,2,Cattle,Үхэр,8.8,241.1,3.649938,,
1983,267,Khuvsgul,Хөвсгөл,3,Camel,Тэмээ,0.5,6.9,7.246377,,
1983,267,Khuvsgul,Хөвсгөл,4,Sheep,Хонь,59.5,1119.1,5.316772,,
1983,267,Khuvsgul,Хөвсгөл,5,Goat,Ямаа,10.7,244.3,4.379861,,
1983,341,Tuv,Төв,0,Total,Бүгд,100.8,1436.6,7.016567,,
1983,341,Tuv,Төв,1,Horse,Адуу,9.6,158.5,6.056782,,
1983,341,Tuv,Төв,2,Cattle,Үхэр,9.7,164.6,5.893074,,
1983,341,Tuv,Төв,3,Camel,Тэмээ,0.6,10.7,5.607477,,
1983,341,Tuv,Төв,4,Sheep,Хонь,65.1,939.1,6.932169,,
1983,341,Tuv,Төв,5,Goat,Ямаа,15.8,163.6,9.657702,,
1983,342,Govisumber,Говьсүмбэр,0,Total,Бүгд,,,,..,..
1983,342,Govisumber,Говьсүмбэр,1,Horse,Адуу,,,,..,..
1983,342,Govisumber,Говьсүмбэр,2,Cattle,Үхэр,,,,..,..
1983,342,Govisumber,Говьсүмбэр,3,Camel,Тэмээ,,,,..,..
1983,342,Govisumber,Говьсүмбэр,4,Sheep,Хонь,,,,..,..
1983,342,Govisumber,Говьсүмбэр,5,Goat,Ямаа,,,,..,..
1983,343,Selenge,Сэлэнгэ,0,Total,Бүгд,20,403.2,4.960317,,
1983,343,Selenge,Сэлэнгэ,1,Horse,Адуу,1,21.4,4.672897,,
1983,343,Selenge,Сэлэнгэ,2,Cattle,Үхэр,2.3,71.2,3.230337,,
1983,343,Selenge,Сэлэнгэ,3,Camel,Тэмээ,,0.2,,..,
1983,343,Selenge,Сэлэнгэ,4,Sheep,Хонь,15.8,289.7,5.453918,,
1983,343,Selenge,Сэлэнгэ,5,Goat,Ямаа,0.9,20.7,4.347826,,
1983,344,Dornogovi,Дорноговь,0,Total,Бүгд,53.4,920.9,5.798675,,
1983,344,Dornogovi,Дорноговь,1,Horse,Адуу,7.7,97.2,7.921811,,
1983,344,Dornogovi,Дорноговь,2,Cattle,Үхэр,3.4,73.9,4.600812,,
1983,344,Dornogovi,Дорноговь,3,Camel,Тэмээ,3.5,67,5.223881,,
1983,344,Dornogovi,Дорноговь,4,Sheep,Хонь,30,509.2,5.891595,,
1983,344,Dornogovi,Дорноговь,5,Goat,Ямаа,8.8,173.7,5.066206,,
1983,345,Darkhan-Uul,Дархан-Уул,0,Total,Бүгд,3,50,6.0,,
1983,345,Darkhan-Uul,Дархан-Уул,1,Horse,Адуу,0.1,3.1,3.225806,,
1983,345,Darkhan-Uul,Дархан-Уул,2,Cattle,Үхэр,0.3,11.4,2.631579,,
1983,345,Darkhan-Uul,Дархан-Уул,3,Camel,Тэмээ,,,,..,..
1983,345,Darkhan-Uul,Дархан-Уул,4,Sheep,Хонь,2.5,33,7.575758,,
1983,345,Darkhan-Uul,Дархан-Уул,5,Goat,Ямаа,0.1,2.5,4.0,,
1983,346,Umnugovi,Өмнөговь,0,Total,Бүгд,86.9,1012.9,8.579327,,
1983,346,Umnugovi,Өмнөговь,1,Horse,Адуу,7.4,81.1,9.124538,,
1983,346,Umnugovi,Өмнөговь,2,Cattle,Үхэр,2,22.3,8.96861,,
1983,346,Umnugovi,Өмнөговь,3,Camel,Тэмээ,8.8,143.9,6.115358,,
1983,346,Umnugovi,Өмнөговь,4,Sheep,Хонь,21.1,308.4,6.841764,,
1983,346,Umnugovi,Өмнөговь,5,Goat,Ямаа,47.6,457.2,10.411199,,
1983,348,Dundgovi,Дундговь,0,Total,Бүгд,52.9,1394.3,3.794019,,
1983,348,Dundgovi,Дундговь,1,Horse,Адуу,8.2,131.3,6.24524,,
1983,348,Dundgovi,Дундговь,2,Cattle,Үхэр,3.9,68.8,5.668605,,
1983,348,Dundgovi,Дундговь,3,Camel,Тэмээ,2.3,53,4.339623,,
1983,348,Dundgovi,Дундговь,4,Sheep,Хонь,24.2,775.2,3.121775,,
1983,348,Dundgovi,Дундговь,5,Goat,Ямаа,14.3,366.1,3.906037,,
1983,421,Dornod,Дорнод,0,Total,Бүгд,107,1102.9,9.701696,,
1983,421,Dornod,Дорнод,1,Horse,Адуу,3.6,83.4,4.316547,,
1983,421,Dornod,Дорнод,2,Cattle,Үхэр,13.4,123.2,10.876623,,
1983,421,Dornod,Дорнод,3,Camel,Тэмээ,1.3,16,8.125,,
1983,421,Dornod,Дорнод,4,Sheep,Хонь,81.7,825,9.90303,,
1983,421,Dornod,Дорнод,5,Goat,Ямаа,7,55.4,12.635379,,
1983,422,Sukhbaatar,Сүхбаатар,0,Total,Бүгд,112.2,1035.9,10.831161,,
1983,422,Sukhbaatar,Сүхбаатар,1,Horse,Адуу,8,115.5,6.926407,,
1983,422,Sukhbaatar,Сүхбаатар,2,Cattle,Үхэр,13,122.7,10.594947,,
1983,422,Sukhbaatar,Сүхбаатар,3,Camel,Тэмээ,1.5,18.4,8.152174,,
1983,422,Sukhbaatar,Сүхбаатар,4,Sheep,Хонь,73.5,654.3,11.233379,,
1983,422,Sukhbaatar,Сүхбаатар,5,Goat,Ямаа,16.2,125,12.96,,
1983,423,Khentii,Хэнтий,0,Total,Бүгд,119.9,1453.9,8.246785,,
1983,423,Khentii,Хэнтий,1,Horse,Адуу,12.1,146.9,8.236896,,
1983,423,Khentii,Хэнтий,2,Cattle,Үхэр,16.1,194.8,8.264887,,
1983,423,Khentii,Хэнтий,3,Camel,Тэмээ,1,10.6,9.433962,,
1983,423,Khentii,Хэнтий,4,Sheep,Хонь,75,937.1,8.003415,,
1983,423,Khentii,Хэнтий,5,Goat,Ямаа,15.7,164.4,9.549878,,
1983,511,Ulaanbaatar,Улаанбаатар,0,Total,Бүгд,2.2,60.8,3.618421,,
1983,511,Ulaanbaatar,Улаанбаатар,1,Horse,Адуу,0.4,8.3,4.819277,,
1983,511,Ulaanbaatar,Улаанбаатар,2,Cattle,Үхэр,0.8,27.8,2.877698,,
1983,511,Ulaanbaatar,Улаанбаатар,3,Camel,Тэмээ,,0,,..,
1983,511,Ulaanbaatar,Улаанбаатар,4,Sheep,Хонь,0.8,18.3,4.371585,,
1983,511,Ulaanbaatar,Улаанбаатар,5,Goat,Ямаа,0.2,6.4,3.125,,
1984,0,Total,Улсын дүн,0,Total,Бүгд,1407.6,23570.3,5.971922,,
1984,0,Total,Улсын дүн,1,Horse,Адуу,91.8,1959.5,4.684869,,
1984,0,Total,Улсын дүн,2,Cattle,Үхэр,120.3,2373.9,5.06761,,
1984,0,Total,Улсын дүн,3,Camel,Тэмээ,30.5,578,5.276817,,
1984,0,Total,Улсын дүн,4,Sheep,Хонь,869.1,14110.4,6.159287,,
1984,0,Total,Улсын дүн,5,Goat,Ямаа,295.9,4548.5,6.505441,,
1984,181,Zavkhan,Завхан,0,Total,Бүгд,110.5,1795.6,6.153932,,
1984,181,Zavkhan,Завхан,1,Horse,Адуу,5.4,116.9,4.619333,,
1984,181,Zavkhan,Завхан,2,Cattle,Үхэр,5,138.7,3.604903,,
1984,181,Zavkhan,Завхан,3,Camel,Тэмээ,1.3,15.2,8.552632,,
1984,181,Zavkhan,Завхан,4,Sheep,Хонь,80.5,1240.3,6.490365,,
1984,181,Zavkhan,Завхан,5,Goat,Ямаа,18.3,284.4,6.434599,,
1984,182,Govi-Altai,Говь-Алтай,0,Total,Бүгд,164.9,1500.3,10.991135,,
1984,182,Govi-Altai,Говь-Алтай,1,Horse,Адуу,7.2,76.4,9.424084,,
1984,182,Govi-Altai,Говь-Алтай,2,Cattle,Үхэр,13.4,83.1,16.12515,,
1984,182,Govi-Altai,Говь-Алтай,3,Camel,Тэмээ,2,51.5,3.883495,,
1984,182,Govi-Altai,Говь-Алтай,4,Sheep,Хонь,96.9,862.9,11.229575,,
1984,182,Govi-Altai,Говь-Алтай,5,Goat,Ямаа,45.4,426.5,10.644783,,
1984,183,Bayan-Ulgii,Баян-Өлгий,0,Total,Бүгд,35.5,1137.9,3.119782,,
1984,183,Bayan-Ulgii,Баян-Өлгий,1,Horse,Адуу,1.4,67.7,2.067947,,
1984,183,Bayan-Ulgii,Баян-Өлгий,2,Cattle,Үхэр,3.4,91,3.736264,,
1984,183,Bayan-Ulgii,Баян-Өлгий,3,Camel,Тэмээ,0.3,10.5,2.857143,,
1984,183,Bayan-Ulgii,Баян-Өлгий,4,Sheep,Хонь,19.2,672,2.857143,,
1984,183,Bayan-Ulgii,Баян-Өлгий,5,Goat,Ямаа,11.2,296.6,3.776129,,
1984,184,Khovd,Ховд,0,Total,Бүгд,111.3,1499,7.42495,,
1984,184,Khovd,Ховд,1,Horse,Адуу,4.5,82.6,5.447942,,
1984,184,Khovd,Ховд,2,Cattle,Үхэр,10.9,101.2,10.770751,,
1984,184,Khovd,Ховд,3,Camel,Тэмээ,1.8,38.3,4.699739,,
1984,184,Khovd,Ховд,4,Sheep,Хонь,61.2,847.5,7.221239,,
1984,184,Khovd,Ховд,5,Goat,Ямаа,32.9,429.3,7.663638,,
1984,185,Uvs,Увс,0,Total,Бүгд,51.8,1417.9,3.65329,,
1984,185,Uvs,Увс,1,Horse,Адуу,3,104.2,2.879079,,
1984,185,Uvs,Увс,2,Cattle,Үхэр,3.1,116.5,2.660944,,
1984,185,Uvs,Увс,3,Camel,Тэмээ,1.9,38.4,4.947917,,
1984,185,Uvs,Увс,4,Sheep,Хонь,32.3,906.7,3.562369,,
1984,185,Uvs,Увс,5,Goat,Ямаа,11.5,252.2,4.559873,,
1984,261,Orkhon,Орхон,0,Total,Бүгд,0.5,22,2.272727,,
1984,261,Orkhon,Орхон,1,Horse,Адуу,0,1.7,0.0,,
1984,261,Orkhon,Орхон,2,Cattle,Үхэр,0.2,7.2,2.777778,,
1984,261,Orkhon,Орхон,3,Camel,Тэмээ,,,,..,..
1984,261,Orkhon,Орхон,4,Sheep,Хонь,0.3,11.9,2.521008,,
1984,261,Orkhon,Орхон,5,Goat,Ямаа,0,1.1,0.0,,
1984,262,Uvurkhangai,Өвөрхангай,0,Total,Бүгд,80.9,1739.8,4.64996,,
1984,262,Uvurkhangai,Өвөрхангай,1,Horse,Адуу,4.9,163,3.006135,,
1984,262,Uvurkhangai,Өвөрхангай,2,Cattle,Үхэр,6.7,168.4,3.978622,,
1984,262,Uvurkhangai,Өвөрхангай,3,Camel,Тэмээ,1.8,35,5.142857,,
1984,262,Uvurkhangai,Өвөрхангай,4,Sheep,Хонь,51.3,1044.9,4.909561,,
1984,262,Uvurkhangai,Өвөрхангай,5,Goat,Ямаа,16.2,328.6,4.930006,,
1984,263,Bulgan,Булган,0,Total,Бүгд,53.8,992.6,5.420109,,
1984,263,Bulgan,Булган,1,Horse,Адуу,4,97.2,4.115226,,
1984,263,Bulgan,Булган,2,Cattle,Үхэр,5.4,156.4,3.452685,,
1984,263,Bulgan,Булган,3,Camel,Тэмээ,0.4,4.1,9.756098,,
1984,263,Bulgan,Булган,4,Sheep,Хонь,38.3,616.9,6.208462,,
1984,263,Bulgan,Булган,5,Goat,Ямаа,5.7,117.9,4.834606,,
1984,264,Bayankhongor,Баянхонгор,0,Total,Бүгд,204.9,1847.1,11.093065,,
1984,264,Bayankhongor,Баянхонгор,1,Horse,Адуу,10.6,132,8.030303,,
1984,264,Bayankhongor,Баянхонгор,2,Cattle,Үхэр,12.8,134.1,9.545116,,
1984,264,Bayankhongor,Баянхонгор,3,Camel,Тэмээ,3.8,56.8,6.690141,,
1984,264,Bayankhongor,Баянхонгор,4,Sheep,Хонь,112.6,944.6,11.92039,,
1984,264,Bayankhongor,Баянхонгор,5,Goat,Ямаа,65.1,579.7,11.229947,,
1984,265,Arkhangai,Архангай,0,Total,Бүгд,71.5,1386.3,5.157614,,
1984,265,Arkhangai,Архангай,1,Horse,Адуу,6.1,176.5,3.456091,,
1984,265,Arkhangai,Архангай,2,Cattle,Үхэр,8,254,3.149606,,
1984,265,Arkhangai,Архангай,3,Camel,Тэмээ,0.2,2.1,9.52381,,
1984,265,Arkhangai,Архангай,4,Sheep,Хонь,48.3,789.7,6.116247,,
1984,265,Arkhangai,Архангай,5,Goat,Ямаа,8.9,164.1,5.423522,,
1984,267,Khuvsgul,Хөвсгөл,0,Total,Бүгд,67.3,1761.6,3.820391,,
1984,267,Khuvsgul,Хөвсгөл,1,Horse,Адуу,2.5,124.7,2.004812,,
1984,267,Khuvsgul,Хөвсгөл,2,Cattle,Үхэр,5.6,249.2,2.247191,,
1984,267,Khuvsgul,Хөвсгөл,3,Camel,Тэмээ,0.4,6.8,5.882353,,
1984,267,Khuvsgul,Хөвсгөл,4,Sheep,Хонь,50.3,1131.6,4.445034,,
1984,267,Khuvsgul,Хөвсгөл,5,Goat,Ямаа,8.5,249.5,3.406814,,
1984,341,Tuv,Төв,0,Total,Бүгд,91.9,1426,6.4446,,
1984,341,Tuv,Төв,1,Horse,Адуу,10,157.2,6.361323,,
1984,341,Tuv,Төв,2,Cattle,Үхэр,9.8,168.1,5.829863,,
1984,341,Tuv,Төв,3,Camel,Тэмээ,1.2,10.9,11.009174,,
1984,341,Tuv,Төв,4,Sheep,Хонь,62,939.6,6.598553,,
1984,341,Tuv,Төв,5,Goat,Ямаа,8.9,150.1,5.92938,,
1984,342,Govisumber,Говьсүмбэр,0,Total,Бүгд,,,,..,..
1984,342,Govisumber,Говьсүмбэр,1,Horse,Адуу,,,,..,..
1984,342,Govisumber,Говьсүмбэр,2,Cattle,Үхэр,,,,..,..
1984,342,Govisumber,Говьсүмбэр,3,Camel,Тэмээ,,,,..,..
1984,342,Govisumber,Говьсүмбэр,4,Sheep,Хонь,,,,..,..
1984,342,Govisumber,Говьсүмбэр,5,Goat,Ямаа,,,,..,..
1984,343,Selenge,Сэлэнгэ,0,Total,Бүгд,25.6,425.6,6.015038,,
1984,343,Selenge,Сэлэнгэ,1,Horse,Адуу,1,22.4,4.464286,,
1984,343,Selenge,Сэлэнгэ,2,Cattle,Үхэр,2.8,75.1,3.728362,,
1984,343,Selenge,Сэлэнгэ,3,Camel,Тэмээ,,0.2,,..,
1984,343,Selenge,Сэлэнгэ,4,Sheep,Хонь,20.8,306.6,6.784083,,
1984,343,Selenge,Сэлэнгэ,5,Goat,Ямаа,1,21.3,4.694836,,
1984,344,Dornogovi,Дорноговь,0,Total,Бүгд,38.3,884,4.332579,,
1984,344,Dornogovi,Дорноговь,1,Horse,Адуу,4.7,91.7,5.125409,,
1984,344,Dornogovi,Дорноговь,2,Cattle,Үхэр,2.4,75.2,3.191489,,
1984,344,Dornogovi,Дорноговь,3,Camel,Тэмээ,3.5,68.6,5.102041,,
1984,344,Dornogovi,Дорноговь,4,Sheep,Хонь,20.4,478.2,4.265997,,
1984,344,Dornogovi,Дорноговь,5,Goat,Ямаа,7.3,170.4,4.284038,,
1984,345,Darkhan-Uul,Дархан-Уул,0,Total,Бүгд,3.2,57.5,5.565217,,
1984,345,Darkhan-Uul,Дархан-Уул,1,Horse,Адуу,0.1,3.3,3.030303,,
1984,345,Darkhan-Uul,Дархан-Уул,2,Cattle,Үхэр,0.4,12.9,3.100775,,
1984,345,Darkhan-Uul,Дархан-Уул,3,Camel,Тэмээ,,,,..,..
1984,345,Darkhan-Uul,Дархан-Уул,4,Sheep,Хонь,2.6,38.2,6.806283,,
1984,345,Darkhan-Uul,Дархан-Уул,5,Goat,Ямаа,0.1,3,3.333333,,
1984,346,Umnugovi,Өмнөговь,0,Total,Бүгд,24.3,894.1,2.717817,,
1984,346,Umnugovi,Өмнөговь,1,Horse,Адуу,1.9,69,2.753623,,
1984,346,Umnugovi,Өмнөговь,2,Cattle,Үхэр,0.2,20.2,0.990099,,
1984,346,Umnugovi,Өмнөговь,3,Camel,Тэмээ,6.2,141.6,4.378531,,
1984,346,Umnugovi,Өмнөговь,4,Sheep,Хонь,6,280.1,2.142092,,
1984,346,Umnugovi,Өмнөговь,5,Goat,Ямаа,10,383.2,2.609603,,
1984,348,Dundgovi,Дундговь,0,Total,Бүгд,80.1,1408.4,5.687305,,
1984,348,Dundgovi,Дундговь,1,Horse,Адуу,8.1,130,6.230769,,
1984,348,Dundgovi,Дундговь,2,Cattle,Үхэр,3.8,73.9,5.142084,,
1984,348,Dundgovi,Дундговь,3,Camel,Тэмээ,2.3,54.2,4.243542,,
1984,348,Dundgovi,Дундговь,4,Sheep,Хонь,42,778.7,5.393605,,
1984,348,Dundgovi,Дундговь,5,Goat,Ямаа,23.9,371.6,6.431647,,
1984,421,Dornod,Дорнод,0,Total,Бүгд,65.9,990.6,6.652534,,
1984,421,Dornod,Дорнод,1,Horse,Адуу,3.3,82.5,4.0,,
1984,421,Dornod,Дорнод,2,Cattle,Үхэр,7.2,113.9,6.321335,,
1984,421,Dornod,Дорнод,3,Camel,Тэмээ,1.5,16,9.375,,
1984,421,Dornod,Дорнод,4,Sheep,Хонь,49.2,729.8,6.741573,,
1984,421,Dornod,Дорнод,5,Goat,Ямаа,4.7,48.5,9.690722,,
1984,422,Sukhbaatar,Сүхбаатар,0,Total,Бүгд,32.5,948.2,3.427547,,
1984,422,Sukhbaatar,Сүхбаатар,1,Horse,Адуу,4,111.9,3.57462,,
1984,422,Sukhbaatar,Сүхбаатар,2,Cattle,Үхэр,4.1,117.4,3.492334,,
1984,422,Sukhbaatar,Сүхбаатар,3,Camel,Тэмээ,1,17.8,5.617978,,
1984,422,Sukhbaatar,Сүхбаатар,4,Sheep,Хонь,19.3,592.3,3.258484,,
1984,422,Sukhbaatar,Сүхбаатар,5,Goat,Ямаа,4.1,108.9,3.764922,,
1984,423,Khentii,Хэнтий,0,Total,Бүгд,90.1,1363.3,6.608964,,
1984,423,Khentii,Хэнтий,1,Horse,Адуу,8.5,140.3,6.058446,,
1984,423,Khentii,Хэнтий,2,Cattle,Үхэр,14.2,186.8,7.601713,,
1984,423,Khentii,Хэнтий,3,Camel,Тэмээ,0.9,10.1,8.910891,,
1984,423,Khentii,Хэнтий,4,Sheep,Хонь,54.6,871.6,6.264341,,
1984,423,Khentii,Хэнтий,5,Goat,Ямаа,11.9,154.6,7.697283,,
1984,511,Ulaanbaatar,Улаанбаатар,0,Total,Бүгд,2.8,72.5,3.862069,,
1984,511,Ulaanbaatar,Улаанбаатар,1,Horse,Адуу,0.6,8.6,6.976744,,
1984,511,Ulaanbaatar,Улаанбаатар,2,Cattle,Үхэр,0.9,30.6,2.941176,,
1984,511,Ulaanbaatar,Улаанбаатар,3,Camel,Тэмээ,,0,,..,
1984,511,Ulaanbaatar,Улаанбаатар,4,Sheep,Хонь,1,26.3,3.802281,,
1984,511,Ulaanbaatar,Улаанбаатар,5,Goat,Ямаа,0.3,7.1,4.225352,,
1985,0,Total,Улсын дүн,0,Total,Бүгд,1094.8,22591.9,4.845985,,
1985,0,Total,Улсын дүн,1,Horse,Адуу,77.7,1960.8,3.962668,,
1985,0,Total,Улсын дүн,2,Cattle,Үхэр,108,2373.9,4.549476,,
1985,0,Total,Улсын дүн,3,Camel,Тэмээ,30.2,568.2,5.31503,,
1985,0,Total,Улсын дүн,4,Sheep,Хонь,657,13391.2,4.906207,,
1985,0,Total,Улсын дүн,5,Goat,Ямаа,222,4298,5.165193,,
1985,181,Zavkhan,Завхан,0,Total,Бүгд,65.9,1690.8,3.897563,,
1985,181,Zavkhan,Завхан,1,Horse,Адуу,2.4,118.3,2.02874,,
1985,181,Zavkhan,Завхан,2,Cattle,Үхэр,8,145.5,5.498282,,
1985,181,Zavkhan,Завхан,3,Camel,Тэмээ,1.1,14.8,7.432432,,
1985,181,Zavkhan,Завхан,4,Sheep,Хонь,43.5,1142.7,3.806773,,
1985,181,Zavkhan,Завхан,5,Goat,Ямаа,10.9,269.6,4.043027,,
1985,182,Govi-Altai,Говь-Алтай,0,Total,Бүгд,28,1321.3,2.119125,,
1985,182,Govi-Altai,Говь-Алтай,1,Horse,Адуу,1.2,70,1.714286,,
1985,182,Govi-Altai,Говь-Алтай,2,Cattle,Үхэр,1.8,67.1,2.682563,,
1985,182,Govi-Altai,Говь-Алтай,3,Camel,Тэмээ,1.3,50.6,2.56917,,
1985,182,Govi-Altai,Говь-Алтай,4,Sheep,Хонь,14,759,1.844532,,
1985,182,Govi-Altai,Говь-Алтай,5,Goat,Ямаа,9.7,374.8,2.588047,,
1985,183,Bayan-Ulgii,Баян-Өлгий,0,Total,Бүгд,18.2,1161.4,1.567074,,
1985,183,Bayan-Ulgii,Баян-Өлгий,1,Horse,Адуу,0.7,71.1,0.984529,,
1985,183,Bayan-Ulgii,Баян-Өлгий,2,Cattle,Үхэр,1.3,95,1.368421,,
1985,183,Bayan-Ulgii,Баян-Өлгий,3,Camel,Тэмээ,0.2,10.4,1.923077,,
1985,183,Bayan-Ulgii,Баян-Өлгий,4,Sheep,Хонь,11.3,688.4,1.641488,,
1985,183,Bayan-Ulgii,Баян-Өлгий,5,Goat,Ямаа,4.7,296.5,1.58516,,
1985,184,Khovd,Ховд,0,Total,Бүгд,22,1351.7,1.62758,,
1985,184,Khovd,Ховд,1,Horse,Адуу,1,80.4,1.243781,,
1985,184,Khovd,Ховд,2,Cattle,Үхэр,1.1,95.5,1.151832,,
1985,184,Khovd,Ховд,3,Camel,Тэмээ,0.8,36.7,2.179837,,
1985,184,Khovd,Ховд,4,Sheep,Хонь,12.1,757.5,1.59736,,
1985,184,Khovd,Ховд,5,Goat,Ямаа,7,381.6,1.834382,,
1985,185,Uvs,Увс,0,Total,Бүгд,40.4,1420.8,2.843468,,
1985,185,Uvs,Увс,1,Horse,Адуу,3.6,108.8,3.308824,,
1985,185,Uvs,Увс,2,Cattle,Үхэр,3.5,121.1,2.890173,,
1985,185,Uvs,Увс,3,Camel,Тэмээ,1.1,38.7,2.842377,,
1985,185,Uvs,Увс,4,Sheep,Хонь,23.9,896.9,2.664734,,
1985,185,Uvs,Увс,5,Goat,Ямаа,8.2,255.3,3.211908,,
1985,261,Orkhon,Орхон,0,Total,Бүгд,0.9,24,3.75,,
1985,261,Orkhon,Орхон,1,Horse,Адуу,0.1,1.9,5.263158,,
1985,261,Orkhon,Орхон,2,Cattle,Үхэр,0.2,7.6,2.631579,,
1985,261,Orkhon,Орхон,3,Camel,Тэмээ,,,,..,..
1985,261,Orkhon,Орхон,4,Sheep,Хонь,0.6,13.3,4.511278,,
1985,261,Orkhon,Орхон,5,Goat,Ямаа,0,1.3,0.0,,
1985,262,Uvurkhangai,Өвөрхангай,0,Total,Бүгд,82.7,1736,4.763825,,
1985,262,Uvurkhangai,Өвөрхангай,1,Horse,Адуу,6.8,164.1,4.143815,,
1985,262,Uvurkhangai,Өвөрхангай,2,Cattle,Үхэр,6.8,168,4.047619,,
1985,262,Uvurkhangai,Өвөрхангай,3,Camel,Тэмээ,3.2,33.4,9.580838,,
1985,262,Uvurkhangai,Өвөрхангай,4,Sheep,Хонь,46.6,1053,4.425451,,
1985,262,Uvurkhangai,Өвөрхангай,5,Goat,Ямаа,19.3,317.6,6.076826,,
1985,263,Bulgan,Булган,0,Total,Бүгд,69.7,983.7,7.085494,,
1985,263,Bulgan,Булган,1,Horse,Адуу,3.2,100.9,3.171457,,
1985,263,Bulgan,Булган,2,Cattle,Үхэр,5.6,156.6,3.57599,,
1985,263,Bulgan,Булган,3,Camel,Тэмээ,0.4,4.2,9.52381,,
1985,263,Bulgan,Булган,4,Sheep,Хонь,49.5,603.8,8.198079,,
1985,263,Bulgan,Булган,5,Goat,Ямаа,11,118.3,9.298394,,
1985,264,Bayankhongor,Баянхонгор,0,Total,Бүгд,104.5,1486.9,7.028045,,
1985,264,Bayankhongor,Баянхонгор,1,Horse,Адуу,6.6,119.7,5.513784,,
1985,264,Bayankhongor,Баянхонгор,2,Cattle,Үхэр,12,121.9,9.844135,,
1985,264,Bayankhongor,Баянхонгор,3,Camel,Тэмээ,3,52.8,5.681818,,
1985,264,Bayankhongor,Баянхонгор,4,Sheep,Хонь,57.3,733.6,7.810796,,
1985,264,Bayankhongor,Баянхонгор,5,Goat,Ямаа,25.6,458.9,5.578557,,
1985,265,Arkhangai,Архангай,0,Total,Бүгд,95.8,1315.4,7.282956,,
1985,265,Arkhangai,Архангай,1,Horse,Адуу,7.7,179.8,4.282536,,
1985,265,Arkhangai,Архангай,2,Cattle,Үхэр,12.9,253.8,5.082742,,
1985,265,Arkhangai,Архангай,3,Camel,Тэмээ,0.2,2.1,9.52381,,
1985,265,Arkhangai,Архангай,4,Sheep,Хонь,58.8,722.8,8.13503,,
1985,265,Arkhangai,Архангай,5,Goat,Ямаа,16.2,156.8,10.331633,,
1985,267,Khuvsgul,Хөвсгөл,0,Total,Бүгд,101.2,1777.9,5.692109,,
1985,267,Khuvsgul,Хөвсгөл,1,Horse,Адуу,2.4,129.1,1.859024,,
1985,267,Khuvsgul,Хөвсгөл,2,Cattle,Үхэр,6.9,263.6,2.617602,,
1985,267,Khuvsgul,Хөвсгөл,3,Camel,Тэмээ,0.4,6.7,5.970149,,
1985,267,Khuvsgul,Хөвсгөл,4,Sheep,Хонь,69.1,1119.1,6.174605,,
1985,267,Khuvsgul,Хөвсгөл,5,Goat,Ямаа,22.4,259.4,8.635312,,
1985,341,Tuv,Төв,0,Total,Бүгд,67.8,1375.1,4.930551,,
1985,341,Tuv,Төв,1,Horse,Адуу,6.1,154.2,3.955901,,
1985,341,Tuv,Төв,2,Cattle,Үхэр,7.5,165.6,4.528986,,
1985,341,Tuv,Төв,3,Camel,Тэмээ,0.9,10.1,8.910891,,
1985,341,Tuv,Төв,4,Sheep,Хонь,44.6,898.2,4.965487,,
1985,341,Tuv,Төв,5,Goat,Ямаа,8.7,146.9,5.922396,,
1985,342,Govisumber,Говьсүмбэр,0,Total,Бүгд,,,,..,..
1985,342,Govisumber,Говьсүмбэр,1,Horse,Адуу,,,,..,..
1985,342,Govisumber,Говьсүмбэр,2,Cattle,Үхэр,,,,..,..
1985,342,Govisumber,Говьсүмбэр,3,Camel,Тэмээ,,,,..,..
1985,342,Govisumber,Говьсүмбэр,4,Sheep,Хонь,,,,..,..
1985,342,Govisumber,Говьсүмбэр,5,Goat,Ямаа,,,,..,..
1985,343,Selenge,Сэлэнгэ,0,Total,Бүгд,27.3,425.2,6.420508,,
1985,343,Selenge,Сэлэнгэ,1,Horse,Адуу,1.3,22.8,5.701754,,
1985,343,Selenge,Сэлэнгэ,2,Cattle,Үхэр,3.8,76.7,4.954368,,
1985,343,Selenge,Сэлэнгэ,3,Camel,Тэмээ,,0.2,,..,
1985,343,Selenge,Сэлэнгэ,4,Sheep,Хонь,20.6,304.7,6.760748,,
1985,343,Selenge,Сэлэнгэ,5,Goat,Ямаа,1.6,20.8,7.692308,,
1985,344,Dornogovi,Дорноговь,0,Total,Бүгд,37.6,888,4.234234,,
1985,344,Dornogovi,Дорноговь,1,Horse,Адуу,3.9,90.1,4.328524,,
1985,344,Dornogovi,Дорноговь,2,Cattle,Үхэр,2.5,77.2,3.238342,,
1985,344,Dornogovi,Дорноговь,3,Camel,Тэмээ,3.7,68.6,5.393586,,
1985,344,Dornogovi,Дорноговь,4,Sheep,Хонь,19.2,486.5,3.946557,,
1985,344,Dornogovi,Дорноговь,5,Goat,Ямаа,8.3,165.7,5.009053,,
1985,345,Darkhan-Uul,Дархан-Уул,0,Total,Бүгд,4.6,61.7,7.455429,,
1985,345,Darkhan-Uul,Дархан-Уул,1,Horse,Адуу,0.1,3.7,2.702703,,
1985,345,Darkhan-Uul,Дархан-Уул,2,Cattle,Үхэр,0.5,13.7,3.649635,,
1985,345,Darkhan-Uul,Дархан-Уул,3,Camel,Тэмээ,,,,..,..
1985,345,Darkhan-Uul,Дархан-Уул,4,Sheep,Хонь,4.1,41,10.0,,
1985,345,Darkhan-Uul,Дархан-Уул,5,Goat,Ямаа,0.2,3.3,6.060606,,
1985,346,Umnugovi,Өмнөговь,0,Total,Бүгд,51.4,936.9,5.486178,,
1985,346,Umnugovi,Өмнөговь,1,Horse,Адуу,3.6,70.1,5.135521,,
1985,346,Umnugovi,Өмнөговь,2,Cattle,Үхэр,0.7,21.8,3.211009,,
1985,346,Umnugovi,Өмнөговь,3,Camel,Тэмээ,7.8,140.9,5.535841,,
1985,346,Umnugovi,Өмнөговь,4,Sheep,Хонь,13.8,303.1,4.552953,,
1985,346,Umnugovi,Өмнөговь,5,Goat,Ямаа,25.5,401.1,6.357517,,
1985,348,Dundgovi,Дундговь,0,Total,Бүгд,62,1315.1,4.71447,,
1985,348,Dundgovi,Дундговь,1,Horse,Адуу,4.6,126.1,3.647898,,
1985,348,Dundgovi,Дундговь,2,Cattle,Үхэр,2.9,75.1,3.861518,,
1985,348,Dundgovi,Дундговь,3,Camel,Тэмээ,2.5,54.5,4.587156,,
1985,348,Dundgovi,Дундговь,4,Sheep,Хонь,31.4,711.2,4.415073,,
1985,348,Dundgovi,Дундговь,5,Goat,Ямаа,20.6,348.2,5.91614,,
1985,421,Dornod,Дорнод,0,Total,Бүгд,62.8,929.7,6.754867,,
1985,421,Dornod,Дорнод,1,Horse,Адуу,4.9,84.3,5.812574,,
1985,421,Dornod,Дорнод,2,Cattle,Үхэр,6.6,112.2,5.882353,,
1985,421,Dornod,Дорнод,3,Camel,Тэмээ,1.4,15.3,9.150327,,
1985,421,Dornod,Дорнод,4,Sheep,Хонь,45.7,672.5,6.795539,,
1985,421,Dornod,Дорнод,5,Goat,Ямаа,4.1,45.5,9.010989,,
1985,422,Sukhbaatar,Сүхбаатар,0,Total,Бүгд,38.6,1007.2,3.832407,,
1985,422,Sukhbaatar,Сүхбаатар,1,Horse,Адуу,5.3,117.5,4.510638,,
1985,422,Sukhbaatar,Сүхбаатар,2,Cattle,Үхэр,3.3,122.7,2.689487,,
1985,422,Sukhbaatar,Сүхбаатар,3,Camel,Тэмээ,1.2,18.2,6.593407,,
1985,422,Sukhbaatar,Сүхбаатар,4,Sheep,Хонь,23.9,627.5,3.808765,,
1985,422,Sukhbaatar,Сүхбаатар,5,Goat,Ямаа,4.9,121.2,4.042904,,
1985,423,Khentii,Хэнтий,0,Total,Бүгд,111.2,1308.1,8.500879,,
1985,423,Khentii,Хэнтий,1,Horse,Адуу,12,139.7,8.589835,,
1985,423,Khentii,Хэнтий,2,Cattle,Үхэр,19.1,182.1,10.488742,,
1985,423,Khentii,Хэнтий,3,Camel,Тэмээ,1,9.8,10.204082,,
1985,423,Khentii,Хэнтий,4,Sheep,Хонь,66.3,828.4,8.00338,,
1985,423,Khentii,Хэнтий,5,Goat,Ямаа,12.8,148.1,8.642809,,
1985,511,Ulaanbaatar,Улаанбаатар,0,Total,Бүгд,2.2,75.1,2.929427,,
1985,511,Ulaanbaatar,Улаанбаатар,1,Horse,Адуу,0.2,8.5,2.352941,,
1985,511,Ulaanbaatar,Улаанбаатар,2,Cattle,Үхэр,1,31.3,3.194888,,
1985,511,Ulaanbaatar,Улаанбаатар,3,Camel,Тэмээ,,0,,..,
1985,511,Ulaanbaatar,Улаанбаатар,4,Sheep,Хонь,0.7,28,2.5,,
1985,511,Ulaanbaatar,Улаанбаатар,5,Goat,Ямаа,0.3,7.3,4.109589,,
1986,0,Total,Улсын дүн,0,Total,Бүгд,828.6,22485.5,3.685041,,
1986,0,Total,Улсын дүн,1,Horse,Адуу,64.8,1971,3.287671,,
1986,0,Total,Улсын дүн,2,Cattle,Үхэр,63.4,2408.1,2.632781,,
1986,0,Total,Улсын дүн,3,Camel,Тэмээ,29.3,559,5.241503,,
1986,0,Total,Улсын дүн,4,Sheep,Хонь,528.6,13248.8,3.989795,,
1986,0,Total,Улсын дүн,5,Goat,Ямаа,142.4,4298.6,3.312706,,
1986,181,Zavkhan,Завхан,0,Total,Бүгд,31.7,1703.9,1.860438,,
1986,181,Zavkhan,Завхан,1,Horse,Адуу,2.6,120.7,2.154101,,
1986,181,Zavkhan,Завхан,2,Cattle,Үхэр,2.9,152.2,1.905388,,
1986,181,Zavkhan,Завхан,3,Camel,Тэмээ,0.6,14.3,4.195804,,
1986,181,Zavkhan,Завхан,4,Sheep,Хонь,20.8,1142.3,1.820888,,
1986,181,Zavkhan,Завхан,5,Goat,Ямаа,4.8,274.4,1.749271,,
1986,182,Govi-Altai,Говь-Алтай,0,Total,Бүгд,35.4,1458.4,2.427318,,
1986,182,Govi-Altai,Говь-Алтай,1,Horse,Адуу,1.2,72.3,1.659751,,
1986,182,Govi-Altai,Говь-Алтай,2,Cattle,Үхэр,2,70.4,2.840909,,
1986,182,Govi-Altai,Говь-Алтай,3,Camel,Тэмээ,1.7,51.2,3.320312,,
1986,182,Govi-Altai,Говь-Алтай,4,Sheep,Хонь,17.7,844.5,2.095915,,
1986,182,Govi-Altai,Говь-Алтай,5,Goat,Ямаа,12.9,420.1,3.070697,,
1986,183,Bayan-Ulgii,Баян-Өлгий,0,Total,Бүгд,18.5,1198.6,1.543467,,
1986,183,Bayan-Ulgii,Баян-Өлгий,1,Horse,Адуу,1.1,77.2,1.42487,,
1986,183,Bayan-Ulgii,Баян-Өлгий,2,Cattle,Үхэр,1.2,104,1.153846,,
1986,183,Bayan-Ulgii,Баян-Өлгий,3,Camel,Тэмээ,0.2,10.7,1.869159,,
1986,183,Bayan-Ulgii,Баян-Өлгий,4,Sheep,Хонь,10.8,702.1,1.538242,,
1986,183,Bayan-Ulgii,Баян-Өлгий,5,Goat,Ямаа,5.2,304.7,1.706597,,
1986,184,Khovd,Ховд,0,Total,Бүгд,27.5,1488.6,1.847373,,
1986,184,Khovd,Ховд,1,Horse,Адуу,1.7,87,1.954023,,
1986,184,Khovd,Ховд,2,Cattle,Үхэр,1.3,109,1.192661,,
1986,184,Khovd,Ховд,3,Camel,Тэмээ,1.1,37.3,2.949062,,
1986,184,Khovd,Ховд,4,Sheep,Хонь,15.1,816.9,1.848451,,
1986,184,Khovd,Ховд,5,Goat,Ямаа,8.2,438.4,1.870438,,
1986,185,Uvs,Увс,0,Total,Бүгд,33.4,1470.1,2.271954,,
1986,185,Uvs,Увс,1,Horse,Адуу,2.5,112.8,2.216312,,
1986,185,Uvs,Увс,2,Cattle,Үхэр,2.6,128.4,2.024922,,
1986,185,Uvs,Увс,3,Camel,Тэмээ,1.3,39.6,3.282828,,
1986,185,Uvs,Увс,4,Sheep,Хонь,19.7,918.5,2.144801,,
1986,185,Uvs,Увс,5,Goat,Ямаа,7.3,270.7,2.696712,,
1986,261,Orkhon,Орхон,0,Total,Бүгд,0.8,26,3.076923,,
1986,261,Orkhon,Орхон,1,Horse,Адуу,0.1,2.1,4.761905,,
1986,261,Orkhon,Орхон,2,Cattle,Үхэр,0.2,7.9,2.531646,,
1986,261,Orkhon,Орхон,3,Camel,Тэмээ,,,,..,..
1986,261,Orkhon,Орхон,4,Sheep,Хонь,0.5,14.7,3.401361,,
1986,261,Orkhon,Орхон,5,Goat,Ямаа,0,1.3,0.0,,
1986,262,Uvurkhangai,Өвөрхангай,0,Total,Бүгд,35.7,1675.7,2.130453,,
1986,262,Uvurkhangai,Өвөрхангай,1,Horse,Адуу,2.3,161.2,1.426799,,
1986,262,Uvurkhangai,Өвөрхангай,2,Cattle,Үхэр,3.2,167.9,1.905896,,
1986,262,Uvurkhangai,Өвөрхангай,3,Camel,Тэмээ,0.9,30.1,2.990033,,
1986,262,Uvurkhangai,Өвөрхангай,4,Sheep,Хонь,23.8,1018.4,2.336999,,
1986,262,Uvurkhangai,Өвөрхангай,5,Goat,Ямаа,5.4,298.1,1.811473,,
1986,263,Bulgan,Булган,0,Total,Бүгд,75.6,934.6,8.089022,,
1986,263,Bulgan,Булган,1,Horse,Адуу,4,103.1,3.879728,,
1986,263,Bulgan,Булган,2,Cattle,Үхэр,4.6,155.4,2.960103,,
1986,263,Bulgan,Булган,3,Camel,Тэмээ,0.3,4.1,7.317073,,
1986,263,Bulgan,Булган,4,Sheep,Хонь,56.1,566.9,9.895925,,
1986,263,Bulgan,Булган,5,Goat,Ямаа,10.6,105.1,10.085633,,
1986,264,Bayankhongor,Баянхонгор,0,Total,Бүгд,34.7,1399.9,2.478748,,
1986,264,Bayankhongor,Баянхонгор,1,Horse,Адуу,3.1,108.7,2.851886,,
1986,264,Bayankhongor,Баянхонгор,2,Cattle,Үхэр,2.2,111.1,1.980198,,
1986,264,Bayankhongor,Баянхонгор,3,Camel,Тэмээ,2.5,50.4,4.960317,,
1986,264,Bayankhongor,Баянхонгор,4,Sheep,Хонь,16.2,677.1,2.392556,,
1986,264,Bayankhongor,Баянхонгор,5,Goat,Ямаа,10.7,452.6,2.364118,,
1986,265,Arkhangai,Архангай,0,Total,Бүгд,61.2,1202.5,5.089397,,
1986,265,Arkhangai,Архангай,1,Horse,Адуу,4.7,176.3,2.66591,,
1986,265,Arkhangai,Архангай,2,Cattle,Үхэр,6,249.5,2.40481,,
1986,265,Arkhangai,Архангай,3,Camel,Тэмээ,0.1,2.1,4.761905,,
1986,265,Arkhangai,Архангай,4,Sheep,Хонь,41.8,638.3,6.548645,,
1986,265,Arkhangai,Архангай,5,Goat,Ямаа,8.6,136.3,6.309611,,
1986,267,Khuvsgul,Хөвсгөл,0,Total,Бүгд,93.9,1758.5,5.339778,,
1986,267,Khuvsgul,Хөвсгөл,1,Horse,Адуу,3.4,137.2,2.478134,,
1986,267,Khuvsgul,Хөвсгөл,2,Cattle,Үхэр,7.2,276,2.608696,,
1986,267,Khuvsgul,Хөвсгөл,3,Camel,Тэмээ,0.4,6.8,5.882353,,
1986,267,Khuvsgul,Хөвсгөл,4,Sheep,Хонь,69.2,1096.8,6.309263,,
1986,267,Khuvsgul,Хөвсгөл,5,Goat,Ямаа,13.7,241.8,5.66584,,
1986,341,Tuv,Төв,0,Total,Бүгд,49.5,1362.1,3.634094,,
1986,341,Tuv,Төв,1,Horse,Адуу,5,156.5,3.194888,,
1986,341,Tuv,Төв,2,Cattle,Үхэр,4.5,165.3,2.722323,,
1986,341,Tuv,Төв,3,Camel,Тэмээ,0.7,9.7,7.216495,,
1986,341,Tuv,Төв,4,Sheep,Хонь,33.2,887.7,3.740002,,
1986,341,Tuv,Төв,5,Goat,Ямаа,6.1,142.9,4.268719,,
1986,342,Govisumber,Говьсүмбэр,0,Total,Бүгд,,,,..,..
1986,342,Govisumber,Говьсүмбэр,1,Horse,Адуу,,,,..,..
1986,342,Govisumber,Говьсүмбэр,2,Cattle,Үхэр,,,,..,..
1986,342,Govisumber,Говьсүмбэр,3,Camel,Тэмээ,,,,..,..
1986,342,Govisumber,Говьсүмбэр,4,Sheep,Хонь,,,,..,..
1986,342,Govisumber,Говьсүмбэр,5,Goat,Ямаа,,,,..,..
1986,343,Selenge,Сэлэнгэ,0,Total,Бүгд,26.7,410.2,6.50902,,
1986,343,Selenge,Сэлэнгэ,1,Horse,Адуу,1.2,24.2,4.958678,,
1986,343,Selenge,Сэлэнгэ,2,Cattle,Үхэр,2.5,75.4,3.31565,,
1986,343,Selenge,Сэлэнгэ,3,Camel,Тэмээ,,0.2,,..,
1986,343,Selenge,Сэлэнгэ,4,Sheep,Хонь,21.7,289.8,7.487923,,
1986,343,Selenge,Сэлэнгэ,5,Goat,Ямаа,1.2,20.5,5.853659,,
1986,344,Dornogovi,Дорноговь,0,Total,Бүгд,37,896.6,4.126701,,
1986,344,Dornogovi,Дорноговь,1,Horse,Адуу,4.3,88.3,4.869762,,
1986,344,Dornogovi,Дорноговь,2,Cattle,Үхэр,2.5,79,3.164557,,
1986,344,Dornogovi,Дорноговь,3,Camel,Тэмээ,4.4,68.4,6.432749,,
1986,344,Dornogovi,Дорноговь,4,Sheep,Хонь,17.6,492.3,3.575056,,
1986,344,Dornogovi,Дорноговь,5,Goat,Ямаа,8.1,168.6,4.80427,,
1986,345,Darkhan-Uul,Дархан-Уул,0,Total,Бүгд,6.4,61.9,10.339257,,
1986,345,Darkhan-Uul,Дархан-Уул,1,Horse,Адуу,0.1,4,2.5,,
1986,345,Darkhan-Uul,Дархан-Уул,2,Cattle,Үхэр,0.5,13.7,3.649635,,
1986,345,Darkhan-Uul,Дархан-Уул,3,Camel,Тэмээ,,,,..,..
1986,345,Darkhan-Uul,Дархан-Уул,4,Sheep,Хонь,5.5,40.9,13.447433,,
1986,345,Darkhan-Uul,Дархан-Уул,5,Goat,Ямаа,0.3,3.3,9.090909,,
1986,346,Umnugovi,Өмнөговь,0,Total,Бүгд,31,855.7,3.622765,,
1986,346,Umnugovi,Өмнөговь,1,Horse,Адуу,2.3,65.6,3.506098,,
1986,346,Umnugovi,Өмнөговь,2,Cattle,Үхэр,0.7,22.5,3.111111,,
1986,346,Umnugovi,Өмнөговь,3,Camel,Тэмээ,9.1,138.6,6.565657,,
1986,346,Umnugovi,Өмнөговь,4,Sheep,Хонь,7.3,266.8,2.736132,,
1986,346,Umnugovi,Өмнөговь,5,Goat,Ямаа,11.6,362.3,3.201766,,
1986,348,Dundgovi,Дундговь,0,Total,Бүгд,33.2,1302,2.549923,,
1986,348,Dundgovi,Дундговь,1,Horse,Адуу,3.3,126,2.619048,,
1986,348,Dundgovi,Дундговь,2,Cattle,Үхэр,2.1,76.1,2.759527,,
1986,348,Dundgovi,Дундговь,3,Camel,Тэмээ,2.2,53.1,4.143126,,
1986,348,Dundgovi,Дундговь,4,Sheep,Хонь,16.4,711.6,2.304666,,
1986,348,Dundgovi,Дундговь,5,Goat,Ямаа,9.3,335.2,2.774463,,
1986,421,Dornod,Дорнод,0,Total,Бүгд,96.4,930.1,10.364477,,
1986,421,Dornod,Дорнод,1,Horse,Адуу,6.2,85,7.294118,,
1986,421,Dornod,Дорнод,2,Cattle,Үхэр,5.6,112.2,4.991087,,
1986,421,Dornod,Дорнод,3,Camel,Тэмээ,1.5,14.9,10.067114,,
1986,421,Dornod,Дорнод,4,Sheep,Хонь,75.7,673.9,11.233121,,
1986,421,Dornod,Дорнод,5,Goat,Ямаа,7.5,44.1,17.006803,,
1986,422,Sukhbaatar,Сүхбаатар,0,Total,Бүгд,36.9,1028.1,3.589145,,
1986,422,Sukhbaatar,Сүхбаатар,1,Horse,Адуу,4.8,118.1,4.064352,,
1986,422,Sukhbaatar,Сүхбаатар,2,Cattle,Үхэр,3.4,127.6,2.664577,,
1986,422,Sukhbaatar,Сүхбаатар,3,Camel,Тэмээ,1.2,18.3,6.557377,,
1986,422,Sukhbaatar,Сүхбаатар,4,Sheep,Хонь,22.8,634.8,3.591682,,
1986,422,Sukhbaatar,Сүхбаатар,5,Goat,Ямаа,4.6,129.2,3.560372,,
1986,423,Khentii,Хэнтий,0,Total,Бүгд,60.8,1242,4.89533,,
1986,423,Khentii,Хэнтий,1,Horse,Адуу,10.3,134.7,7.646622,,
1986,423,Khentii,Хэнтий,2,Cattle,Үхэр,7.5,172.6,4.345307,,
1986,423,Khentii,Хэнтий,3,Camel,Тэмээ,1.1,9.3,11.827957,,
1986,423,Khentii,Хэнтий,4,Sheep,Хонь,35.9,783.8,4.58025,,
1986,423,Khentii,Хэнтий,5,Goat,Ямаа,6.1,141.6,4.30791,,
1986,511,Ulaanbaatar,Улаанбаатар,0,Total,Бүгд,2.3,80.2,2.86783,,
1986,511,Ulaanbaatar,Улаанбаатар,1,Horse,Адуу,0.6,10,6.0,,
1986,511,Ulaanbaatar,Улаанбаатар,2,Cattle,Үхэр,0.7,32.1,2.180685,,
1986,511,Ulaanbaatar,Улаанбаатар,3,Camel,Тэмээ,,0,,..,
1986,511,Ulaanbaatar,Улаанбаатар,4,Sheep,Хонь,0.8,30.5,2.622951,,
1986,511,Ulaanbaatar,Улаанбаатар,5,Goat,Ямаа,0.2,7.6,2.631579,,
1987,0,Total,Улсын дүн,0,Total,Бүгд,806.4,22644,3.561208,,
1987,0,Total,Улсын дүн,1,Horse,Адуу,64.3,2047.1,3.141029,,
1987,0,Total,Улсын дүн,2,Cattle,Үхэр,87.2,2525.9,3.452235,,
1987,0,Total,Улсын дүн,3,Camel,Тэмээ,26.7,550.7,4.848375,,
1987,0,Total,Улсын дүн,4,Sheep,Хонь,478.6,13233.8,3.616497,,
1987,0,Total,Улсын дүн,5,Goat,Ямаа,149.7,4401.3,3.401268,,
1987,181,Zavkhan,Завхан,0,Total,Бүгд,26.8,1744.6,1.536169,,
1987,181,Zavkhan,Завхан,1,Horse,Адуу,2.4,125.8,1.90779,,
1987,181,Zavkhan,Завхан,2,Cattle,Үхэр,2.7,157.2,1.717557,,
1987,181,Zavkhan,Завхан,3,Camel,Тэмээ,0.6,14.6,4.109589,,
1987,181,Zavkhan,Завхан,4,Sheep,Хонь,16.9,1159.8,1.457148,,
1987,181,Zavkhan,Завхан,5,Goat,Ямаа,4.3,287.3,1.496693,,
1987,182,Govi-Altai,Говь-Алтай,0,Total,Бүгд,27.3,1477.7,1.847466,,
1987,182,Govi-Altai,Говь-Алтай,1,Horse,Адуу,0.9,73,1.232877,,
1987,182,Govi-Altai,Говь-Алтай,2,Cattle,Үхэр,1.3,71.2,1.825843,,
1987,182,Govi-Altai,Говь-Алтай,3,Camel,Тэмээ,1.4,50.9,2.750491,,
1987,182,Govi-Altai,Говь-Алтай,4,Sheep,Хонь,14.4,855.1,1.684014,,
1987,182,Govi-Altai,Говь-Алтай,5,Goat,Ямаа,9.4,427.4,2.199345,,
1987,183,Bayan-Ulgii,Баян-Өлгий,0,Total,Бүгд,20.3,1236,1.642395,,
1987,183,Bayan-Ulgii,Баян-Өлгий,1,Horse,Адуу,1.3,80.6,1.612903,,
1987,183,Bayan-Ulgii,Баян-Өлгий,2,Cattle,Үхэр,1.7,106.4,1.597744,,
1987,183,Bayan-Ulgii,Баян-Өлгий,3,Camel,Тэмээ,0.2,10.7,1.869159,,
1987,183,Bayan-Ulgii,Баян-Өлгий,4,Sheep,Хонь,12.6,729.9,1.726264,,
1987,183,Bayan-Ulgii,Баян-Өлгий,5,Goat,Ямаа,4.6,308.4,1.491569,,
1987,184,Khovd,Ховд,0,Total,Бүгд,22.8,1501.7,1.518279,,
1987,184,Khovd,Ховд,1,Horse,Адуу,1.1,89.2,1.233184,,
1987,184,Khovd,Ховд,2,Cattle,Үхэр,1.6,115.7,1.382887,,
1987,184,Khovd,Ховд,3,Camel,Тэмээ,1,37.3,2.680965,,
1987,184,Khovd,Ховд,4,Sheep,Хонь,12.1,813.2,1.487949,,
1987,184,Khovd,Ховд,5,Goat,Ямаа,7,446.2,1.568803,,
1987,185,Uvs,Увс,0,Total,Бүгд,32.7,1488.8,2.1964,,
1987,185,Uvs,Увс,1,Horse,Адуу,3.1,118.2,2.622673,,
1987,185,Uvs,Увс,2,Cattle,Үхэр,2.5,135.7,1.842299,,
1987,185,Uvs,Увс,3,Camel,Тэмээ,1.8,40.5,4.444444,,
1987,185,Uvs,Увс,4,Sheep,Хонь,18.9,913.6,2.068739,,
1987,185,Uvs,Увс,5,Goat,Ямаа,6.4,280.7,2.280014,,
1987,261,Orkhon,Орхон,0,Total,Бүгд,0.7,26,2.692308,,
1987,261,Orkhon,Орхон,1,Horse,Адуу,0.1,2.1,4.761905,,
1987,261,Orkhon,Орхон,2,Cattle,Үхэр,0.2,7.9,2.531646,,
1987,261,Orkhon,Орхон,3,Camel,Тэмээ,,,,..,..
1987,261,Orkhon,Орхон,4,Sheep,Хонь,0.4,14.7,2.721088,,
1987,261,Orkhon,Орхон,5,Goat,Ямаа,0,1.3,0.0,,
1987,262,Uvurkhangai,Өвөрхангай,0,Total,Бүгд,43.1,1726.1,2.496958,,
1987,262,Uvurkhangai,Өвөрхангай,1,Horse,Адуу,4.9,167.9,2.918404,,
1987,262,Uvurkhangai,Өвөрхангай,2,Cattle,Үхэр,4.7,174.1,2.699598,,
1987,262,Uvurkhangai,Өвөрхангай,3,Camel,Тэмээ,1.2,30.2,3.97351,,
1987,262,Uvurkhangai,Өвөрхангай,4,Sheep,Хонь,23.3,1022.7,2.278283,,
1987,262,Uvurkhangai,Өвөрхангай,5,Goat,Ямаа,9,331.2,2.717391,,
1987,263,Bulgan,Булган,0,Total,Бүгд,40.5,872.3,4.642898,,
1987,263,Bulgan,Булган,1,Horse,Адуу,5.2,107.6,4.832714,,
1987,263,Bulgan,Булган,2,Cattle,Үхэр,5.6,154.9,3.615236,,
1987,263,Bulgan,Булган,3,Camel,Тэмээ,0.2,4,5.0,,
1987,263,Bulgan,Булган,4,Sheep,Хонь,25.6,512.2,4.998048,,
1987,263,Bulgan,Булган,5,Goat,Ямаа,3.9,93.5,4.171123,,
1987,264,Bayankhongor,Баянхонгор,0,Total,Бүгд,28.1,1416.3,1.984043,,
1987,264,Bayankhongor,Баянхонгор,1,Horse,Адуу,2.7,107.7,2.506964,,
1987,264,Bayankhongor,Баянхонгор,2,Cattle,Үхэр,2.5,112.4,2.224199,,
1987,264,Bayankhongor,Баянхонгор,3,Camel,Тэмээ,2.1,49.4,4.251012,,
1987,264,Bayankhongor,Баянхонгор,4,Sheep,Хонь,12.5,686.6,1.820565,,
1987,264,Bayankhongor,Баянхонгор,5,Goat,Ямаа,8.2,460.3,1.781447,,
1987,265,Arkhangai,Архангай,0,Total,Бүгд,38.8,1211.1,3.203699,,
1987,265,Arkhangai,Архангай,1,Horse,Адуу,6.1,181.3,3.364589,,
1987,265,Arkhangai,Архангай,2,Cattle,Үхэр,7.8,257,3.035019,,
1987,265,Arkhangai,Архангай,3,Camel,Тэмээ,0.1,2.1,4.761905,,
1987,265,Arkhangai,Архангай,4,Sheep,Хонь,20.4,633.8,3.218681,,
1987,265,Arkhangai,Архангай,5,Goat,Ямаа,4.4,136.7,3.218727,,
1987,267,Khuvsgul,Хөвсгөл,0,Total,Бүгд,70.7,1725.8,4.096651,,
1987,267,Khuvsgul,Хөвсгөл,1,Horse,Адуу,3.7,143,2.587413,,
1987,267,Khuvsgul,Хөвсгөл,2,Cattle,Үхэр,7.8,280.8,2.777778,,
1987,267,Khuvsgul,Хөвсгөл,3,Camel,Тэмээ,0.4,6.7,5.970149,,
1987,267,Khuvsgul,Хөвсгөл,4,Sheep,Хонь,48.7,1054.3,4.619179,,
1987,267,Khuvsgul,Хөвсгөл,5,Goat,Ямаа,10.1,241,4.190871,,
1987,341,Tuv,Төв,0,Total,Бүгд,61.5,1390.1,4.424142,,
1987,341,Tuv,Төв,1,Horse,Адуу,4.4,163.5,2.691131,,
1987,341,Tuv,Төв,2,Cattle,Үхэр,6.3,174.4,3.612385,,
1987,341,Tuv,Төв,3,Camel,Тэмээ,0.6,9.5,6.315789,,
1987,341,Tuv,Төв,4,Sheep,Хонь,41.7,897.4,4.646757,,
1987,341,Tuv,Төв,5,Goat,Ямаа,8.3,145.3,5.712319,,
1987,342,Govisumber,Говьсүмбэр,0,Total,Бүгд,,,,..,..
1987,342,Govisumber,Говьсүмбэр,1,Horse,Адуу,,,,..,..
1987,342,Govisumber,Говьсүмбэр,2,Cattle,Үхэр,,,,..,..
1987,342,Govisumber,Говьсүмбэр,3,Camel,Тэмээ,,,,..,..
1987,342,Govisumber,Говьсүмбэр,4,Sheep,Хонь,,,,..,..
1987,342,Govisumber,Говьсүмбэр,5,Goat,Ямаа,,,,..,..
1987,343,Selenge,Сэлэнгэ,0,Total,Бүгд,19.9,414.6,4.799807,,
1987,343,Selenge,Сэлэнгэ,1,Horse,Адуу,1.3,24.8,5.241935,,
1987,343,Selenge,Сэлэнгэ,2,Cattle,Үхэр,2.4,77,3.116883,,
1987,343,Selenge,Сэлэнгэ,3,Camel,Тэмээ,,0.2,,..,
1987,343,Selenge,Сэлэнгэ,4,Sheep,Хонь,15.2,291.8,5.209047,,
1987,343,Selenge,Сэлэнгэ,5,Goat,Ямаа,1,20.8,4.807692,,
1987,344,Dornogovi,Дорноговь,0,Total,Бүгд,52.3,891.3,5.867834,,
1987,344,Dornogovi,Дорноговь,1,Horse,Адуу,4,83.4,4.796163,,
1987,344,Dornogovi,Дорноговь,2,Cattle,Үхэр,5.4,77.7,6.949807,,
1987,344,Dornogovi,Дорноговь,3,Camel,Тэмээ,3.9,66.4,5.873494,,
1987,344,Dornogovi,Дорноговь,4,Sheep,Хонь,29.8,496,6.008065,,
1987,344,Dornogovi,Дорноговь,5,Goat,Ямаа,9.2,167.7,5.485987,,
1987,345,Darkhan-Uul,Дархан-Уул,0,Total,Бүгд,3.4,61.9,5.49273,,
1987,345,Darkhan-Uul,Дархан-Уул,1,Horse,Адуу,0.1,4,2.5,,
1987,345,Darkhan-Uul,Дархан-Уул,2,Cattle,Үхэр,0.4,13.7,2.919708,,
1987,345,Darkhan-Uul,Дархан-Уул,3,Camel,Тэмээ,,,,..,..
1987,345,Darkhan-Uul,Дархан-Уул,4,Sheep,Хонь,2.7,40.9,6.601467,,
1987,345,Darkhan-Uul,Дархан-Уул,5,Goat,Ямаа,0.2,3.3,6.060606,,
1987,346,Umnugovi,Өмнөговь,0,Total,Бүгд,23.1,839.8,2.750655,,
1987,346,Umnugovi,Өмнөговь,1,Horse,Адуу,1.6,62.4,2.564103,,
1987,346,Umnugovi,Өмнөговь,2,Cattle,Үхэр,0.4,21.9,1.826484,,
1987,346,Umnugovi,Өмнөговь,3,Camel,Тэмээ,8,133.4,5.997001,,
1987,346,Umnugovi,Өмнөговь,4,Sheep,Хонь,4.5,262.3,1.715593,,
1987,346,Umnugovi,Өмнөговь,5,Goat,Ямаа,8.6,359.8,2.390217,,
1987,348,Dundgovi,Дундговь,0,Total,Бүгд,73.8,1335.6,5.525606,,
1987,348,Dundgovi,Дундговь,1,Horse,Адуу,7,132,5.30303,,
1987,348,Dundgovi,Дундговь,2,Cattle,Үхэр,5.4,79.6,6.78392,,
1987,348,Dundgovi,Дундговь,3,Camel,Тэмээ,1.8,53.1,3.389831,,
1987,348,Dundgovi,Дундговь,4,Sheep,Хонь,34.9,720.5,4.843858,,
1987,348,Dundgovi,Дундговь,5,Goat,Ямаа,24.6,350.5,7.018545,,
1987,421,Dornod,Дорнод,0,Total,Бүгд,35.8,876.1,4.086292,,
1987,421,Dornod,Дорнод,1,Horse,Адуу,2.4,83.9,2.860548,,
1987,421,Dornod,Дорнод,2,Cattle,Үхэр,4.3,113.2,3.798587,,
1987,421,Dornod,Дорнод,3,Camel,Тэмээ,1.2,14.4,8.333333,,
1987,421,Dornod,Дорнод,4,Sheep,Хонь,26.2,624.9,4.192671,,
1987,421,Dornod,Дорнод,5,Goat,Ямаа,1.8,39.7,4.534005,,
1987,422,Sukhbaatar,Сүхбаатар,0,Total,Бүгд,116.3,1032.8,11.260651,,
1987,422,Sukhbaatar,Сүхбаатар,1,Horse,Адуу,5.7,122.6,4.649266,,
1987,422,Sukhbaatar,Сүхбаатар,2,Cattle,Үхэр,13.2,133.2,9.90991,,
1987,422,Sukhbaatar,Сүхбаатар,3,Camel,Тэмээ,1.6,18.2,8.791209,,
1987,422,Sukhbaatar,Сүхбаатар,4,Sheep,Хонь,77.2,624.9,12.353977,,
1987,422,Sukhbaatar,Сүхбаатар,5,Goat,Ямаа,18.6,134,13.880597,,
1987,423,Khentii,Хэнтий,0,Total,Бүгд,66.5,1242,5.354267,,
1987,423,Khentii,Хэнтий,1,Horse,Адуу,6.1,134.7,4.528582,,
1987,423,Khentii,Хэнтий,2,Cattle,Үхэр,10.1,172.6,5.85168,,
1987,423,Khentii,Хэнтий,3,Camel,Тэмээ,0.6,9.3,6.451613,,
1987,423,Khentii,Хэнтий,4,Sheep,Хонь,39.8,783.8,5.077826,,
1987,423,Khentii,Хэнтий,5,Goat,Ямаа,9.9,141.6,6.991525,,
1987,511,Ulaanbaatar,Улаанбаатар,0,Total,Бүгд,2,80.2,2.493766,,
1987,511,Ulaanbaatar,Улаанбаатар,1,Horse,Адуу,0.2,10,2.0,,
1987,511,Ulaanbaatar,Улаанбаатар,2,Cattle,Үхэр,0.9,32.1,2.803738,,
1987,511,Ulaanbaatar,Улаанбаатар,3,Camel,Тэмээ,,0,,..,
1987,511,Ulaanbaatar,Улаанбаатар,4,Sheep,Хонь,0.8,30.5,2.622951,,
1987,511,Ulaanbaatar,Улаанбаатар,5,Goat,Ямаа,0.2,7.6,2.631579,,
1988,0,Total,Улсын дүн,0,Total,Бүгд,941.1,22741.1,4.138322,,
1988,0,Total,Улсын дүн,1,Horse,Адуу,69.3,2047.1,3.385277,,
1988,0,Total,Улсын дүн,2,Cattle,Үхэр,117.1,2525.9,4.635971,,
1988,0,Total,Улсын дүн,3,Camel,Тэмээ,23.1,546.6,4.226125,,
1988,0,Total,Улсын дүн,4,Sheep,Хонь,523.8,13233.8,3.958047,,
1988,0,Total,Улсын дүн,5,Goat,Ямаа,207.6,4387.7,4.731408,,
1988,181,Zavkhan,Завхан,0,Total,Бүгд,57.8,1804.2,3.203636,,
1988,181,Zavkhan,Завхан,1,Horse,Адуу,2.7,132.1,2.043906,,
1988,181,Zavkhan,Завхан,2,Cattle,Үхэр,7.6,165.8,4.583836,,
1988,181,Zavkhan,Завхан,3,Camel,Тэмээ,0.6,14.8,4.054054,,
1988,181,Zavkhan,Завхан,4,Sheep,Хонь,37.9,1195.2,3.171017,,
1988,181,Zavkhan,Завхан,5,Goat,Ямаа,9,296.4,3.036437,,
1988,182,Govi-Altai,Говь-Алтай,0,Total,Бүгд,58.7,1543.8,3.802306,,
1988,182,Govi-Altai,Говь-Алтай,1,Horse,Адуу,2,77.2,2.590674,,
1988,182,Govi-Altai,Говь-Алтай,2,Cattle,Үхэр,3.2,75.1,4.260985,,
1988,182,Govi-Altai,Говь-Алтай,3,Camel,Тэмээ,1.5,52.2,2.873563,,
1988,182,Govi-Altai,Говь-Алтай,4,Sheep,Хонь,29.6,889.8,3.32659,,
1988,182,Govi-Altai,Говь-Алтай,5,Goat,Ямаа,22.4,449.5,4.983315,,
1988,183,Bayan-Ulgii,Баян-Өлгий,0,Total,Бүгд,45.9,1241.2,3.698034,,
1988,183,Bayan-Ulgii,Баян-Өлгий,1,Horse,Адуу,2.6,80.9,3.213844,,
1988,183,Bayan-Ulgii,Баян-Өлгий,2,Cattle,Үхэр,5.2,109.1,4.766269,,
1988,183,Bayan-Ulgii,Баян-Өлгий,3,Camel,Тэмээ,0.3,10.6,2.830189,,
1988,183,Bayan-Ulgii,Баян-Өлгий,4,Sheep,Хонь,25,735.5,3.399048,,
1988,183,Bayan-Ulgii,Баян-Өлгий,5,Goat,Ямаа,12.8,305,4.196721,,
1988,184,Khovd,Ховд,0,Total,Бүгд,39.8,1554.2,2.560803,,
1988,184,Khovd,Ховд,1,Horse,Адуу,1.4,93.2,1.502146,,
1988,184,Khovd,Ховд,2,Cattle,Үхэр,1.9,123.2,1.542208,,
1988,184,Khovd,Ховд,3,Camel,Тэмээ,0.9,37.5,2.4,,
1988,184,Khovd,Ховд,4,Sheep,Хонь,19.9,846.7,2.350301,,
1988,184,Khovd,Ховд,5,Goat,Ямаа,15.7,453.6,3.461199,,
1988,185,Uvs,Увс,0,Total,Бүгд,29.4,1515.7,1.939698,,
1988,185,Uvs,Увс,1,Horse,Адуу,2.3,121.8,1.888342,,
1988,185,Uvs,Увс,2,Cattle,Үхэр,3.1,144.9,2.139406,,
1988,185,Uvs,Увс,3,Camel,Тэмээ,1.6,41,3.902439,,
1988,185,Uvs,Увс,4,Sheep,Хонь,15.7,924.2,1.698767,,
1988,185,Uvs,Увс,5,Goat,Ямаа,6.7,283.8,2.360817,,
1988,261,Orkhon,Орхон,0,Total,Бүгд,0.6,30.1,1.993355,,
1988,261,Orkhon,Орхон,1,Horse,Адуу,0.1,2.3,4.347826,,
1988,261,Orkhon,Орхон,2,Cattle,Үхэр,0.2,9.1,2.197802,,
1988,261,Orkhon,Орхон,3,Camel,Тэмээ,,,,..,..
1988,261,Orkhon,Орхон,4,Sheep,Хонь,0.3,17.3,1.734104,,
1988,261,Orkhon,Орхон,5,Goat,Ямаа,0,1.4,0.0,,
1988,262,Uvurkhangai,Өвөрхангай,0,Total,Бүгд,75.8,1749.3,4.333162,,
1988,262,Uvurkhangai,Өвөрхангай,1,Horse,Адуу,3.6,166.1,2.167369,,
1988,262,Uvurkhangai,Өвөрхангай,2,Cattle,Үхэр,9.5,178.2,5.331089,,
1988,262,Uvurkhangai,Өвөрхангай,3,Camel,Тэмээ,1.1,30.6,3.594771,,
1988,262,Uvurkhangai,Өвөрхангай,4,Sheep,Хонь,44.2,1043.8,4.234528,,
1988,262,Uvurkhangai,Өвөрхангай,5,Goat,Ямаа,17.4,330.6,5.263158,,
1988,263,Bulgan,Булган,0,Total,Бүгд,21.6,846.6,2.551382,,
1988,263,Bulgan,Булган,1,Horse,Адуу,3,108,2.777778,,
1988,263,Bulgan,Булган,2,Cattle,Үхэр,3.7,152.9,2.419882,,
1988,263,Bulgan,Булган,3,Camel,Тэмээ,0.2,4.1,4.878049,,
1988,263,Bulgan,Булган,4,Sheep,Хонь,12.2,494.4,2.467638,,
1988,263,Bulgan,Булган,5,Goat,Ямаа,2.4,87.3,2.749141,,
1988,264,Bayankhongor,Баянхонгор,0,Total,Бүгд,111.4,1453.8,7.662677,,
1988,264,Bayankhongor,Баянхонгор,1,Horse,Адуу,12.3,108.7,11.315547,,
1988,264,Bayankhongor,Баянхонгор,2,Cattle,Үхэр,11.3,117.7,9.60068,,
1988,264,Bayankhongor,Баянхонгор,3,Camel,Тэмээ,3,48.3,6.21118,,
1988,264,Bayankhongor,Баянхонгор,4,Sheep,Хонь,49.1,713,6.886396,,
1988,264,Bayankhongor,Баянхонгор,5,Goat,Ямаа,35.7,466.1,7.659301,,
1988,265,Arkhangai,Архангай,0,Total,Бүгд,35.1,1243.1,2.823586,,
1988,265,Arkhangai,Архангай,1,Horse,Адуу,6.3,180.5,3.490305,,
1988,265,Arkhangai,Архангай,2,Cattle,Үхэр,8.6,259.1,3.319182,,
1988,265,Arkhangai,Архангай,3,Camel,Тэмээ,0.2,2.2,9.090909,,
1988,265,Arkhangai,Архангай,4,Sheep,Хонь,15.9,659.8,2.409821,,
1988,265,Arkhangai,Архангай,5,Goat,Ямаа,4.2,141.6,2.966102,,
1988,267,Khuvsgul,Хөвсгөл,0,Total,Бүгд,48.2,1718.3,2.805098,,
1988,267,Khuvsgul,Хөвсгөл,1,Horse,Адуу,3.2,147.8,2.165088,,
1988,267,Khuvsgul,Хөвсгөл,2,Cattle,Үхэр,6.7,286,2.342657,,
1988,267,Khuvsgul,Хөвсгөл,3,Camel,Тэмээ,0.3,6.8,4.411765,,
1988,267,Khuvsgul,Хөвсгөл,4,Sheep,Хонь,31.7,1038.2,3.053362,,
1988,267,Khuvsgul,Хөвсгөл,5,Goat,Ямаа,6.3,239.5,2.63048,,
1988,341,Tuv,Төв,0,Total,Бүгд,73.6,1408.6,5.225046,,
1988,341,Tuv,Төв,1,Horse,Адуу,4.5,170.6,2.637749,,
1988,341,Tuv,Төв,2,Cattle,Үхэр,9.1,175,5.2,,
1988,341,Tuv,Төв,3,Camel,Тэмээ,0.7,9.4,7.446809,,
1988,341,Tuv,Төв,4,Sheep,Хонь,48.1,913.3,5.266616,,
1988,341,Tuv,Төв,5,Goat,Ямаа,11.1,140.4,7.905983,,
1988,342,Govisumber,Говьсүмбэр,0,Total,Бүгд,,,,..,..
1988,342,Govisumber,Говьсүмбэр,1,Horse,Адуу,,,,..,..
1988,342,Govisumber,Говьсүмбэр,2,Cattle,Үхэр,,,,..,..
1988,342,Govisumber,Говьсүмбэр,3,Camel,Тэмээ,,,,..,..
1988,342,Govisumber,Говьсүмбэр,4,Sheep,Хонь,,,,..,..
1988,342,Govisumber,Говьсүмбэр,5,Goat,Ямаа,,,,..,..
1988,343,Selenge,Сэлэнгэ,0,Total,Бүгд,16.7,429.4,3.889148,,
1988,343,Selenge,Сэлэнгэ,1,Horse,Адуу,1,25.7,3.891051,,
1988,343,Selenge,Сэлэнгэ,2,Cattle,Үхэр,2.8,81.7,3.427173,,
1988,343,Selenge,Сэлэнгэ,3,Camel,Тэмээ,,0.2,,..,
1988,343,Selenge,Сэлэнгэ,4,Sheep,Хонь,12.2,301.4,4.047777,,
1988,343,Selenge,Сэлэнгэ,5,Goat,Ямаа,0.7,20.4,3.431373,,
1988,344,Dornogovi,Дорноговь,0,Total,Бүгд,46.1,877.9,5.251168,,
1988,344,Dornogovi,Дорноговь,1,Horse,Адуу,3.7,82.7,4.474002,,
1988,344,Dornogovi,Дорноговь,2,Cattle,Үхэр,6.5,76.2,8.530184,,
1988,344,Dornogovi,Дорноговь,3,Camel,Тэмээ,2.7,65.6,4.115854,,
1988,344,Dornogovi,Дорноговь,4,Sheep,Хонь,28.1,488,5.758197,,
1988,344,Dornogovi,Дорноговь,5,Goat,Ямаа,5.1,165.4,3.083434,,
1988,345,Darkhan-Uul,Дархан-Уул,0,Total,Бүгд,2.1,59.2,3.547297,,
1988,345,Darkhan-Uul,Дархан-Уул,1,Horse,Адуу,0.1,4.8,2.083333,,
1988,345,Darkhan-Uul,Дархан-Уул,2,Cattle,Үхэр,0.4,15.1,2.649007,,
1988,345,Darkhan-Uul,Дархан-Уул,3,Camel,Тэмээ,,,,..,..
1988,345,Darkhan-Uul,Дархан-Уул,4,Sheep,Хонь,1.5,36.2,4.143646,,
1988,345,Darkhan-Uul,Дархан-Уул,5,Goat,Ямаа,0.1,3.2,3.125,,
1988,346,Umnugovi,Өмнөговь,0,Total,Бүгд,22.3,871.3,2.559394,,
1988,346,Umnugovi,Өмнөговь,1,Horse,Адуу,1,63.3,1.579779,,
1988,346,Umnugovi,Өмнөговь,2,Cattle,Үхэр,0.6,22.5,2.666667,,
1988,346,Umnugovi,Өмнөговь,3,Camel,Тэмээ,5,130,3.846154,,
1988,346,Umnugovi,Өмнөговь,4,Sheep,Хонь,4.5,274.5,1.639344,,
1988,346,Umnugovi,Өмнөговь,5,Goat,Ямаа,11,381,2.887139,,
1988,348,Dundgovi,Дундговь,0,Total,Бүгд,86.8,1233.9,7.034606,,
1988,348,Dundgovi,Дундговь,1,Horse,Адуу,5.3,127.3,4.163394,,
1988,348,Dundgovi,Дундговь,2,Cattle,Үхэр,7.7,79.7,9.66123,,
1988,348,Dundgovi,Дундговь,3,Camel,Тэмээ,2.1,53,3.962264,,
1988,348,Dundgovi,Дундговь,4,Sheep,Хонь,45.8,662.5,6.913208,,
1988,348,Dundgovi,Дундговь,5,Goat,Ямаа,25.9,311.4,8.317277,,
1988,421,Dornod,Дорнод,0,Total,Бүгд,37.5,887.6,4.224876,,
1988,421,Dornod,Дорнод,1,Horse,Адуу,2.4,85.7,2.800467,,
1988,421,Dornod,Дорнод,2,Cattle,Үхэр,5.6,115.3,4.856895,,
1988,421,Dornod,Дорнод,3,Camel,Тэмээ,0.9,14.2,6.338028,,
1988,421,Dornod,Дорнод,4,Sheep,Хонь,26.9,631.2,4.261724,,
1988,421,Dornod,Дорнод,5,Goat,Ямаа,1.7,41.1,4.136253,,
1988,422,Sukhbaatar,Сүхбаатар,0,Total,Бүгд,48.7,916.6,5.313114,,
1988,422,Sukhbaatar,Сүхбаатар,1,Horse,Адуу,4.3,120.4,3.571429,,
1988,422,Sukhbaatar,Сүхбаатар,2,Cattle,Үхэр,7.9,126,6.269841,,
1988,422,Sukhbaatar,Сүхбаатар,3,Camel,Тэмээ,1.4,16.9,8.284024,,
1988,422,Sukhbaatar,Сүхбаатар,4,Sheep,Хонь,27.3,542.6,5.031331,,
1988,422,Sukhbaatar,Сүхбаатар,5,Goat,Ямаа,7.9,110.8,7.129964,,
1988,423,Khentii,Хэнтий,0,Total,Бүгд,80.1,1262.5,6.344554,,
1988,423,Khentii,Хэнтий,1,Horse,Адуу,7.2,137.2,5.247813,,
1988,423,Khentii,Хэнтий,2,Cattle,Үхэр,14.3,176.7,8.092813,,
1988,423,Khentii,Хэнтий,3,Camel,Тэмээ,0.6,9.1,6.593407,,
1988,423,Khentii,Хэнтий,4,Sheep,Хонь,46.8,789.7,5.926301,,
1988,423,Khentii,Хэнтий,5,Goat,Ямаа,11.2,149.8,7.476636,,
1988,511,Ulaanbaatar,Улаанбаатар,0,Total,Бүгд,2.9,93.7,3.094984,,
1988,511,Ulaanbaatar,Улаанбаатар,1,Horse,Адуу,0.3,10.9,2.752294,,
1988,511,Ulaanbaatar,Улаанбаатар,2,Cattle,Үхэр,1.2,36.9,3.252033,,
1988,511,Ulaanbaatar,Улаанбаатар,3,Camel,Тэмээ,,0,,..,
1988,511,Ulaanbaatar,Улаанбаатар,4,Sheep,Хонь,1.1,36.7,2.997275,,
1988,511,Ulaanbaatar,Улаанбаатар,5,Goat,Ямаа,0.3,9.2,3.26087,,
1989,0,Total,Улсын дүн,0,Total,Бүгд,510.3,23122.2,2.20697,,
1989,0,Total,Улсын дүн,1,Horse,Адуу,52.8,2102.9,2.510818,,
1989,0,Total,Улсын дүн,2,Cattle,Үхэр,56.5,2692.7,2.098266,,
1989,0,Total,Улсын дүн,3,Camel,Тэмээ,18.4,552.9,3.327907,,
1989,0,Total,Улсын дүн,4,Sheep,Хонь,293.1,13450.8,2.179053,,
1989,0,Total,Улсын дүн,5,Goat,Ямаа,89.3,4474.3,1.995843,,
1989,181,Zavkhan,Завхан,0,Total,Бүгд,18.6,1834.6,1.013845,,
1989,181,Zavkhan,Завхан,1,Horse,Адуу,2.3,140.6,1.635846,,
1989,181,Zavkhan,Завхан,2,Cattle,Үхэр,1.5,167.4,0.896057,,
1989,181,Zavkhan,Завхан,3,Camel,Тэмээ,0.6,15.2,3.947368,,
1989,181,Zavkhan,Завхан,4,Sheep,Хонь,11.1,1203.1,0.922617,,
1989,181,Zavkhan,Завхан,5,Goat,Ямаа,3.1,308.2,1.00584,,
1989,182,Govi-Altai,Говь-Алтай,0,Total,Бүгд,32.3,1561.6,2.068391,,
1989,182,Govi-Altai,Говь-Алтай,1,Horse,Адуу,0.9,78.4,1.147959,,
1989,182,Govi-Altai,Говь-Алтай,2,Cattle,Үхэр,1.4,77.2,1.813472,,
1989,182,Govi-Altai,Говь-Алтай,3,Camel,Тэмээ,1.4,52.9,2.646503,,
1989,182,Govi-Altai,Говь-Алтай,4,Sheep,Хонь,20.2,899,2.246941,,
1989,182,Govi-Altai,Говь-Алтай,5,Goat,Ямаа,8.3,454.1,1.827791,,
1989,183,Bayan-Ulgii,Баян-Өлгий,0,Total,Бүгд,25.3,1235.4,2.04792,,
1989,183,Bayan-Ulgii,Баян-Өлгий,1,Horse,Адуу,1.5,81.4,1.842752,,
1989,183,Bayan-Ulgii,Баян-Өлгий,2,Cattle,Үхэр,3,109.9,2.729754,,
1989,183,Bayan-Ulgii,Баян-Өлгий,3,Camel,Тэмээ,0.2,10.4,1.923077,,
1989,183,Bayan-Ulgii,Баян-Өлгий,4,Sheep,Хонь,15.4,741,2.078273,,
1989,183,Bayan-Ulgii,Баян-Өлгий,5,Goat,Ямаа,5.2,292.7,1.776563,,
1989,184,Khovd,Ховд,0,Total,Бүгд,31.4,1608.1,1.952615,,
1989,184,Khovd,Ховд,1,Horse,Адуу,1.4,97.6,1.434426,,
1989,184,Khovd,Ховд,2,Cattle,Үхэр,2.1,130.6,1.607963,,
1989,184,Khovd,Ховд,3,Camel,Тэмээ,1.3,38.1,3.412073,,
1989,184,Khovd,Ховд,4,Sheep,Хонь,15.3,870,1.758621,,
1989,184,Khovd,Ховд,5,Goat,Ямаа,11.2,471.8,2.373887,,
1989,185,Uvs,Увс,0,Total,Бүгд,28.7,1561.6,1.837859,,
1989,185,Uvs,Увс,1,Horse,Адуу,2.8,127.8,2.190923,,
1989,185,Uvs,Увс,2,Cattle,Үхэр,3,150.6,1.992032,,
1989,185,Uvs,Увс,3,Camel,Тэмээ,1.8,41.7,4.316547,,
1989,185,Uvs,Увс,4,Sheep,Хонь,14.2,946.6,1.500106,,
1989,185,Uvs,Увс,5,Goat,Ямаа,6.9,294.9,2.339776,,
1989,261,Orkhon,Орхон,0,Total,Бүгд,1.2,36.3,3.305785,,
1989,261,Orkhon,Орхон,1,Horse,Адуу,0.1,2.6,3.846154,,
1989,261,Orkhon,Орхон,2,Cattle,Үхэр,0.4,10.5,3.809524,,
1989,261,Orkhon,Орхон,3,Camel,Тэмээ,,,,..,..
1989,261,Orkhon,Орхон,4,Sheep,Хонь,0.7,21.6,3.240741,,
1989,261,Orkhon,Орхон,5,Goat,Ямаа,0,1.7,0.0,,
1989,262,Uvurkhangai,Өвөрхангай,0,Total,Бүгд,22.8,1777.6,1.282628,,
1989,262,Uvurkhangai,Өвөрхангай,1,Horse,Адуу,2.3,174.6,1.317297,,
1989,262,Uvurkhangai,Өвөрхангай,2,Cattle,Үхэр,2.9,177.3,1.635646,,
1989,262,Uvurkhangai,Өвөрхангай,3,Camel,Тэмээ,0.5,30.7,1.628664,,
1989,262,Uvurkhangai,Өвөрхангай,4,Sheep,Хонь,13,1050.2,1.237859,,
1989,262,Uvurkhangai,Өвөрхангай,5,Goat,Ямаа,4.1,344.7,1.18944,,
1989,263,Bulgan,Булган,0,Total,Бүгд,20.2,889.4,2.271194,,
1989,263,Bulgan,Булган,1,Horse,Адуу,3.2,114.2,2.802102,,
1989,263,Bulgan,Булган,2,Cattle,Үхэр,3.4,155.8,2.182285,,
1989,263,Bulgan,Булган,3,Camel,Тэмээ,0.2,4.2,4.761905,,
1989,263,Bulgan,Булган,4,Sheep,Хонь,11.6,526.4,2.203647,,
1989,263,Bulgan,Булган,5,Goat,Ямаа,1.8,88.9,2.024747,,
1989,264,Bayankhongor,Баянхонгор,0,Total,Бүгд,26.7,1339.6,1.993132,,
1989,264,Bayankhongor,Баянхонгор,1,Horse,Адуу,1.6,95.8,1.670146,,
1989,264,Bayankhongor,Баянхонгор,2,Cattle,Үхэр,1.4,112.3,1.246661,,
1989,264,Bayankhongor,Баянхонгор,3,Camel,Тэмээ,1.7,46.8,3.632479,,
1989,264,Bayankhongor,Баянхонгор,4,Sheep,Хонь,15.3,651.1,2.349869,,
1989,264,Bayankhongor,Баянхонгор,5,Goat,Ямаа,6.6,433.7,1.521789,,
1989,265,Arkhangai,Архангай,0,Total,Бүгд,28.5,1296.6,2.198056,,
1989,265,Arkhangai,Архангай,1,Horse,Адуу,7.6,183.6,4.139434,,
1989,265,Arkhangai,Архангай,2,Cattle,Үхэр,5.9,259.5,2.273603,,
1989,265,Arkhangai,Архангай,3,Camel,Тэмээ,0.1,2.2,4.545455,,
1989,265,Arkhangai,Архангай,4,Sheep,Хонь,12,696.7,1.722406,,
1989,265,Arkhangai,Архангай,5,Goat,Ямаа,2.9,154.6,1.875809,,
1989,267,Khuvsgul,Хөвсгөл,0,Total,Бүгд,39,1740.1,2.241251,,
1989,267,Khuvsgul,Хөвсгөл,1,Horse,Адуу,3.4,152.7,2.226588,,
1989,267,Khuvsgul,Хөвсгөл,2,Cattle,Үхэр,6.1,288.8,2.112188,,
1989,267,Khuvsgul,Хөвсгөл,3,Camel,Тэмээ,0.3,6.9,4.347826,,
1989,267,Khuvsgul,Хөвсгөл,4,Sheep,Хонь,24.4,1036.5,2.354076,,
1989,267,Khuvsgul,Хөвсгөл,5,Goat,Ямаа,4.8,255.2,1.880878,,
1989,341,Tuv,Төв,0,Total,Бүгд,33.5,1457.2,2.298929,,
1989,341,Tuv,Төв,1,Horse,Адуу,2.7,180.8,1.493363,,
1989,341,Tuv,Төв,2,Cattle,Үхэр,4.4,176.1,2.49858,,
1989,341,Tuv,Төв,3,Camel,Тэмээ,0.4,9.4,4.255319,,
1989,341,Tuv,Төв,4,Sheep,Хонь,22.8,948.2,2.404556,,
1989,341,Tuv,Төв,5,Goat,Ямаа,3.1,142.7,2.17239,,
1989,342,Govisumber,Говьсүмбэр,0,Total,Бүгд,,,,..,..
1989,342,Govisumber,Говьсүмбэр,1,Horse,Адуу,,,,..,..
1989,342,Govisumber,Говьсүмбэр,2,Cattle,Үхэр,,,,..,..
1989,342,Govisumber,Говьсүмбэр,3,Camel,Тэмээ,,,,..,..
1989,342,Govisumber,Говьсүмбэр,4,Sheep,Хонь,,,,..,..
1989,342,Govisumber,Говьсүмбэр,5,Goat,Ямаа,,,,..,..
1989,343,Selenge,Сэлэнгэ,0,Total,Бүгд,18.1,448.6,4.034775,,
1989,343,Selenge,Сэлэнгэ,1,Horse,Адуу,1,25.5,3.921569,,
1989,343,Selenge,Сэлэнгэ,2,Cattle,Үхэр,2.2,84.8,2.59434,,
1989,343,Selenge,Сэлэнгэ,3,Camel,Тэмээ,,0.2,,..,
1989,343,Selenge,Сэлэнгэ,4,Sheep,Хонь,14.2,316.6,4.485155,,
1989,343,Selenge,Сэлэнгэ,5,Goat,Ямаа,0.7,21.5,3.255814,,
1989,344,Dornogovi,Дорноговь,0,Total,Бүгд,19.2,892.2,2.151984,,
1989,344,Dornogovi,Дорноговь,1,Horse,Адуу,2,82.6,2.421308,,
1989,344,Dornogovi,Дорноговь,2,Cattle,Үхэр,1.6,74.2,2.156334,,
1989,344,Dornogovi,Дорноговь,3,Camel,Тэмээ,2.7,68,3.970588,,
1989,344,Dornogovi,Дорноговь,4,Sheep,Хонь,9.9,488.1,2.028273,,
1989,344,Dornogovi,Дорноговь,5,Goat,Ямаа,3,179.4,1.672241,,
1989,345,Darkhan-Uul,Дархан-Уул,0,Total,Бүгд,2.9,68.1,4.258443,,
1989,345,Darkhan-Uul,Дархан-Уул,1,Horse,Адуу,0.1,5.4,1.851852,,
1989,345,Darkhan-Uul,Дархан-Уул,2,Cattle,Үхэр,0.4,16.3,2.453988,,
1989,345,Darkhan-Uul,Дархан-Уул,3,Camel,Тэмээ,,,,..,..
1989,345,Darkhan-Uul,Дархан-Уул,4,Sheep,Хонь,2.2,42.7,5.152225,,
1989,345,Darkhan-Uul,Дархан-Уул,5,Goat,Ямаа,0.1,3.7,2.702703,,
1989,346,Umnugovi,Өмнөговь,0,Total,Бүгд,15.6,895.7,1.741655,,
1989,346,Umnugovi,Өмнөговь,1,Horse,Адуу,1.2,65.6,1.829268,,
1989,346,Umnugovi,Өмнөговь,2,Cattle,Үхэр,0.4,23.8,1.680672,,
1989,346,Umnugovi,Өмнөговь,3,Camel,Тэмээ,3.3,131.7,2.505695,,
1989,346,Umnugovi,Өмнөговь,4,Sheep,Хонь,3.7,282.7,1.308808,,
1989,346,Umnugovi,Өмнөговь,5,Goat,Ямаа,7.1,391.9,1.811687,,
1989,348,Dundgovi,Дундговь,0,Total,Бүгд,16.7,1226.4,1.361709,,
1989,348,Dundgovi,Дундговь,1,Horse,Адуу,1.9,132.4,1.435045,,
1989,348,Dundgovi,Дундговь,2,Cattle,Үхэр,1.2,79.7,1.505646,,
1989,348,Dundgovi,Дундговь,3,Camel,Тэмээ,1.4,54,2.592593,,
1989,348,Dundgovi,Дундговь,4,Sheep,Хонь,7.6,655.1,1.160128,,
1989,348,Dundgovi,Дундговь,5,Goat,Ямаа,4.6,305.2,1.507208,,
1989,421,Dornod,Дорнод,0,Total,Бүгд,44.3,897.2,4.937584,,
1989,421,Dornod,Дорнод,1,Horse,Адуу,3.5,87.9,3.981797,,
1989,421,Dornod,Дорнод,2,Cattle,Үхэр,4.4,115.4,3.812825,,
1989,421,Dornod,Дорнод,3,Camel,Тэмээ,1,14.3,6.993007,,
1989,421,Dornod,Дорнод,4,Sheep,Хонь,32.1,638.3,5.028983,,
1989,421,Dornod,Дорнод,5,Goat,Ямаа,3.3,41.4,7.971014,,
1989,422,Sukhbaatar,Сүхбаатар,0,Total,Бүгд,32.9,959.3,3.429584,,
1989,422,Sukhbaatar,Сүхбаатар,1,Horse,Адуу,5.9,124.3,4.746581,,
1989,422,Sukhbaatar,Сүхбаатар,2,Cattle,Үхэр,3.7,122.6,3.017945,,
1989,422,Sukhbaatar,Сүхбаатар,3,Camel,Тэмээ,0.8,16.6,4.819277,,
1989,422,Sukhbaatar,Сүхбаатар,4,Sheep,Хонь,17,572.8,2.967877,,
1989,422,Sukhbaatar,Сүхбаатар,5,Goat,Ямаа,5.5,123,4.471545,,
1989,423,Khentii,Хэнтий,0,Total,Бүгд,50.1,1297.3,3.861867,,
1989,423,Khentii,Хэнтий,1,Horse,Адуу,7.1,138.4,5.130058,,
1989,423,Khentii,Хэнтий,2,Cattle,Үхэр,6.1,170.5,3.577713,,
1989,423,Khentii,Хэнтий,3,Camel,Тэмээ,0.7,9.5,7.368421,,
1989,423,Khentii,Хэнтий,4,Sheep,Хонь,29.5,823.9,3.580532,,
1989,423,Khentii,Хэнтий,5,Goat,Ямаа,6.8,155,4.387097,,
1989,511,Ulaanbaatar,Улаанбаатар,0,Total,Бүгд,2.3,99.6,2.309237,,
1989,511,Ulaanbaatar,Улаанбаатар,1,Horse,Адуу,0.3,11,2.727273,,
1989,511,Ulaanbaatar,Улаанбаатар,2,Cattle,Үхэр,1,38.1,2.624672,,
1989,511,Ulaanbaatar,Улаанбаатар,3,Camel,Тэмээ,,0,,..,
1989,511,Ulaanbaatar,Улаанбаатар,4,Sheep,Хонь,0.9,40.2,2.238806,,
1989,511,Ulaanbaatar,Улаанбаатар,5,Goat,Ямаа,0.2,10.3,1.941748,,
1990,0,Total,Улсын дүн,0,Total,Бүгд,673.1,24674.9,2.727873,,
1990,0,Total,Улсын дүн,1,Horse,Адуу,70.4,2199.6,3.200582,,
1990,0,Total,Улсын дүн,2,Cattle,Үхэр,73.1,2692.7,2.714747,,
1990,0,Total,Улсын дүн,3,Camel,Тэмээ,31.2,558.3,5.588393,,
1990,0,Total,Улсын дүн,4,Sheep,Хонь,369.4,14265.2,2.589519,,
1990,0,Total,Улсын дүн,5,Goat,Ямаа,129.2,4959.1,2.605311,,
1990,181,Zavkhan,Завхан,0,Total,Бүгд,21.3,1987.3,1.071806,,
1990,181,Zavkhan,Завхан,1,Horse,Адуу,2.2,149.2,1.474531,,
1990,181,Zavkhan,Завхан,2,Cattle,Үхэр,1.7,179.6,0.946548,,
1990,181,Zavkhan,Завхан,3,Camel,Тэмээ,0.7,15.4,4.545455,,
1990,181,Zavkhan,Завхан,4,Sheep,Хонь,14.1,1303.9,1.081371,,
1990,181,Zavkhan,Завхан,5,Goat,Ямаа,2.6,339.2,0.766509,,
1990,182,Govi-Altai,Говь-Алтай,0,Total,Бүгд,37.4,1636,2.286064,,
1990,182,Govi-Altai,Говь-Алтай,1,Horse,Адуу,2.4,82.1,2.923264,,
1990,182,Govi-Altai,Говь-Алтай,2,Cattle,Үхэр,2.8,81.4,3.439803,,
1990,182,Govi-Altai,Говь-Алтай,3,Camel,Тэмээ,2.2,53.3,4.12758,,
1990,182,Govi-Altai,Говь-Алтай,4,Sheep,Хонь,20.8,923.7,2.251813,,
1990,182,Govi-Altai,Говь-Алтай,5,Goat,Ямаа,9.2,495.6,1.856336,,
1990,183,Bayan-Ulgii,Баян-Өлгий,0,Total,Бүгд,33.3,1284,2.593458,,
1990,183,Bayan-Ulgii,Баян-Өлгий,1,Horse,Адуу,2.5,83.4,2.997602,,
1990,183,Bayan-Ulgii,Баян-Өлгий,2,Cattle,Үхэр,4.5,111.6,4.032258,,
1990,183,Bayan-Ulgii,Баян-Өлгий,3,Camel,Тэмээ,0.3,10.5,2.857143,,
1990,183,Bayan-Ulgii,Баян-Өлгий,4,Sheep,Хонь,18.8,770.3,2.440608,,
1990,183,Bayan-Ulgii,Баян-Өлгий,5,Goat,Ямаа,7.3,308.3,2.367824,,
1990,184,Khovd,Ховд,0,Total,Бүгд,24.2,1637.7,1.477682,,
1990,184,Khovd,Ховд,1,Horse,Адуу,1.7,101.5,1.674877,,
1990,184,Khovd,Ховд,2,Cattle,Үхэр,1.7,133.9,1.269604,,
1990,184,Khovd,Ховд,3,Camel,Тэмээ,1,37.6,2.659574,,
1990,184,Khovd,Ховд,4,Sheep,Хонь,12.5,889.3,1.4056,,
1990,184,Khovd,Ховд,5,Goat,Ямаа,7.2,475.3,1.514833,,
1990,185,Uvs,Увс,0,Total,Бүгд,27.5,1614.1,1.703736,,
1990,185,Uvs,Увс,1,Horse,Адуу,2.4,133.4,1.7991,,
1990,185,Uvs,Увс,2,Cattle,Үхэр,3.3,156.4,2.109974,,
1990,185,Uvs,Увс,3,Camel,Тэмээ,2.3,41.8,5.502392,,
1990,185,Uvs,Увс,4,Sheep,Хонь,14.2,978.8,1.450756,,
1990,185,Uvs,Увс,5,Goat,Ямаа,5.4,303.8,1.777485,,
1990,261,Orkhon,Орхон,0,Total,Бүгд,1.1,43.1,2.552204,,
1990,261,Orkhon,Орхон,1,Horse,Адуу,0.1,3.1,3.225806,,
1990,261,Orkhon,Орхон,2,Cattle,Үхэр,0.5,11.5,4.347826,,
1990,261,Orkhon,Орхон,3,Camel,Тэмээ,,,,..,..
1990,261,Orkhon,Орхон,4,Sheep,Хонь,0.5,26.3,1.901141,,
1990,261,Orkhon,Орхон,5,Goat,Ямаа,0.1,2.3,4.347826,,
1990,262,Uvurkhangai,Өвөрхангай,0,Total,Бүгд,42.3,1937.6,2.183113,,
1990,262,Uvurkhangai,Өвөрхангай,1,Horse,Адуу,3.4,185.7,1.83091,,
1990,262,Uvurkhangai,Өвөрхангай,2,Cattle,Үхэр,3.9,187,2.085561,,
1990,262,Uvurkhangai,Өвөрхангай,3,Camel,Тэмээ,0.9,31.7,2.839117,,
1990,262,Uvurkhangai,Өвөрхангай,4,Sheep,Хонь,22.8,1135.7,2.007572,,
1990,262,Uvurkhangai,Өвөрхангай,5,Goat,Ямаа,11.1,397.5,2.792453,,
1990,263,Bulgan,Булган,0,Total,Бүгд,26.7,943,2.831389,,
1990,263,Bulgan,Булган,1,Horse,Адуу,5.1,120.2,4.242928,,
1990,263,Bulgan,Булган,2,Cattle,Үхэр,4.6,165,2.787879,,
1990,263,Bulgan,Булган,3,Camel,Тэмээ,0.2,4.4,4.545455,,
1990,263,Bulgan,Булган,4,Sheep,Хонь,14.4,554.2,2.59834,,
1990,263,Bulgan,Булган,5,Goat,Ямаа,2.4,99.3,2.416918,,
1990,264,Bayankhongor,Баянхонгор,0,Total,Бүгд,24.1,1475.4,1.633455,,
1990,264,Bayankhongor,Баянхонгор,1,Horse,Адуу,1.7,99.6,1.706827,,
1990,264,Bayankhongor,Баянхонгор,2,Cattle,Үхэр,2.2,118.9,1.850294,,
1990,264,Bayankhongor,Баянхонгор,3,Camel,Тэмээ,1.8,46.2,3.896104,,
1990,264,Bayankhongor,Баянхонгор,4,Sheep,Хонь,9.9,703.5,1.407249,,
1990,264,Bayankhongor,Баянхонгор,5,Goat,Ямаа,8.5,507.3,1.675537,,
1990,265,Arkhangai,Архангай,0,Total,Бүгд,30,1382.2,2.170453,,
1990,265,Arkhangai,Архангай,1,Horse,Адуу,4.7,186.2,2.524168,,
1990,265,Arkhangai,Архангай,2,Cattle,Үхэр,5.7,272.8,2.089443,,
1990,265,Arkhangai,Архангай,3,Camel,Тэмээ,0.1,2.3,4.347826,,
1990,265,Arkhangai,Архангай,4,Sheep,Хонь,16.4,746.2,2.197802,,
1990,265,Arkhangai,Архангай,5,Goat,Ямаа,3.1,174.7,1.774471,,
1990,267,Khuvsgul,Хөвсгөл,0,Total,Бүгд,43.6,1802.9,2.418326,,
1990,267,Khuvsgul,Хөвсгөл,1,Horse,Адуу,3,158.6,1.891551,,
1990,267,Khuvsgul,Хөвсгөл,2,Cattle,Үхэр,5.6,300.9,1.861083,,
1990,267,Khuvsgul,Хөвсгөл,3,Camel,Тэмээ,0.4,7,5.714286,,
1990,267,Khuvsgul,Хөвсгөл,4,Sheep,Хонь,30.3,1061.7,2.853914,,
1990,267,Khuvsgul,Хөвсгөл,5,Goat,Ямаа,4.5,274.6,1.638747,,
1990,341,Tuv,Төв,0,Total,Бүгд,45.5,1589.3,2.862896,,
1990,341,Tuv,Төв,1,Horse,Адуу,6.3,195.8,3.217569,,
1990,341,Tuv,Төв,2,Cattle,Үхэр,6.5,191.9,3.387181,,
1990,341,Tuv,Төв,3,Camel,Тэмээ,0.6,9.7,6.185567,,
1990,341,Tuv,Төв,4,Sheep,Хонь,28.2,1025.8,2.749074,,
1990,341,Tuv,Төв,5,Goat,Ямаа,3.9,166.2,2.34657,,
1990,342,Govisumber,Говьсүмбэр,0,Total,Бүгд,,,,..,..
1990,342,Govisumber,Говьсүмбэр,1,Horse,Адуу,,,,..,..
1990,342,Govisumber,Говьсүмбэр,2,Cattle,Үхэр,,,,..,..
1990,342,Govisumber,Говьсүмбэр,3,Camel,Тэмээ,,,,..,..
1990,342,Govisumber,Говьсүмбэр,4,Sheep,Хонь,,,,..,..
1990,342,Govisumber,Говьсүмбэр,5,Goat,Ямаа,,,,..,..
1990,343,Selenge,Сэлэнгэ,0,Total,Бүгд,19.1,477.7,3.998325,,
1990,343,Selenge,Сэлэнгэ,1,Horse,Адуу,1.4,28.2,4.964539,,
1990,343,Selenge,Сэлэнгэ,2,Cattle,Үхэр,3.5,92.9,3.767492,,
1990,343,Selenge,Сэлэнгэ,3,Camel,Тэмээ,,0.3,,..,
1990,343,Selenge,Сэлэнгэ,4,Sheep,Хонь,13.6,332.3,4.092687,,
1990,343,Selenge,Сэлэнгэ,5,Goat,Ямаа,0.6,24.1,2.489627,,
1990,344,Dornogovi,Дорноговь,0,Total,Бүгд,58.9,962.4,6.120116,,
1990,344,Dornogovi,Дорноговь,1,Horse,Адуу,4.6,85.8,5.361305,,
1990,344,Dornogovi,Дорноговь,2,Cattle,Үхэр,5.6,80,7.0,,
1990,344,Dornogovi,Дорноговь,3,Camel,Тэмээ,7.3,67.5,10.814815,,
1990,344,Dornogovi,Дорноговь,4,Sheep,Хонь,24.9,525.9,4.73474,,
1990,344,Dornogovi,Дорноговь,5,Goat,Ямаа,16.6,203.1,8.173314,,
1990,345,Darkhan-Uul,Дархан-Уул,0,Total,Бүгд,3.1,80.3,3.860523,,
1990,345,Darkhan-Uul,Дархан-Уул,1,Horse,Адуу,0.1,6.3,1.587302,,
1990,345,Darkhan-Uul,Дархан-Уул,2,Cattle,Үхэр,0.5,18.3,2.73224,,
1990,345,Darkhan-Uul,Дархан-Уул,3,Camel,Тэмээ,,0.1,,..,
1990,345,Darkhan-Uul,Дархан-Уул,4,Sheep,Хонь,2.5,50.8,4.92126,,
1990,345,Darkhan-Uul,Дархан-Уул,5,Goat,Ямаа,0.1,4.8,2.083333,,
1990,346,Umnugovi,Өмнөговь,0,Total,Бүгд,45,953.1,4.721435,,
1990,346,Umnugovi,Өмнөговь,1,Horse,Адуу,4,67.8,5.899705,,
1990,346,Umnugovi,Өмнөговь,2,Cattle,Үхэр,1.5,25.3,5.928854,,
1990,346,Umnugovi,Өмнөговь,3,Camel,Тэмээ,7.1,133.7,5.310396,,
1990,346,Umnugovi,Өмнөговь,4,Sheep,Хонь,13.3,294.7,4.513064,,
1990,346,Umnugovi,Өмнөговь,5,Goat,Ямаа,19.1,431.6,4.425394,,
1990,348,Dundgovi,Дундговь,0,Total,Бүгд,27.3,1406.8,1.940574,,
1990,348,Dundgovi,Дундговь,1,Horse,Адуу,3,144.9,2.070393,,
1990,348,Dundgovi,Дундговь,2,Cattle,Үхэр,1.6,87.1,1.836969,,
1990,348,Dundgovi,Дундговь,3,Camel,Тэмээ,2.8,56,5.0,,
1990,348,Dundgovi,Дундговь,4,Sheep,Хонь,10.5,744.7,1.409964,,
1990,348,Dundgovi,Дундговь,5,Goat,Ямаа,9.5,374.1,2.539428,,
1990,421,Dornod,Дорнод,0,Total,Бүгд,59.4,923.7,6.430659,,
1990,421,Dornod,Дорнод,1,Horse,Адуу,4.8,90.9,5.280528,,
1990,421,Dornod,Дорнод,2,Cattle,Үхэр,4.9,121.3,4.039571,,
1990,421,Dornod,Дорнод,3,Camel,Тэмээ,1.5,14.4,10.416667,,
1990,421,Dornod,Дорнод,4,Sheep,Хонь,44.7,652.9,6.846378,,
1990,421,Dornod,Дорнод,5,Goat,Ямаа,3.4,44.2,7.692308,,
1990,422,Sukhbaatar,Сүхбаатар,0,Total,Бүгд,39.3,996.8,3.942616,,
1990,422,Sukhbaatar,Сүхбаатар,1,Horse,Адуу,9.5,123.7,7.679871,,
1990,422,Sukhbaatar,Сүхбаатар,2,Cattle,Үхэр,4.5,129.2,3.482972,,
1990,422,Sukhbaatar,Сүхбаатар,3,Camel,Тэмээ,1.3,16.8,7.738095,,
1990,422,Sukhbaatar,Сүхбаатар,4,Sheep,Хонь,19.4,592,3.277027,,
1990,422,Sukhbaatar,Сүхбаатар,5,Goat,Ямаа,4.6,135.2,3.402367,,
1990,423,Khentii,Хэнтий,0,Total,Бүгд,59.9,1423.3,4.208529,,
1990,423,Khentii,Хэнтий,1,Horse,Адуу,7.2,141.6,5.084746,,
1990,423,Khentii,Хэнтий,2,Cattle,Үхэр,6.5,184.9,3.515414,,
1990,423,Khentii,Хэнтий,3,Camel,Тэмээ,0.7,9.8,7.142857,,
1990,423,Khentii,Хэнтий,4,Sheep,Хонь,35.8,901.8,3.969838,,
1990,423,Khentii,Хэнтий,5,Goat,Ямаа,9.6,185.2,5.183585,,
1990,511,Ulaanbaatar,Улаанбаатар,0,Total,Бүгд,4.1,118.3,3.465765,,
1990,511,Ulaanbaatar,Улаанбаатар,1,Horse,Адуу,0.3,11.9,2.521008,,
1990,511,Ulaanbaatar,Улаанбаатар,2,Cattle,Үхэр,1.5,42.7,3.512881,,
1990,511,Ulaanbaatar,Улаанбаатар,3,Camel,Тэмээ,,0,,..,
1990,511,Ulaanbaatar,Улаанбаатар,4,Sheep,Хонь,1.8,50.9,3.536346,,
1990,511,Ulaanbaatar,Улаанбаатар,5,Goat,Ямаа,0.4,12.9,3.100775,,
1991,0,Total,Улсын дүн,0,Total,Бүгд,978.3,25856.9,3.783516,,
1991,0,Total,Улсын дүн,1,Horse,Адуу,72.6,2262,3.209549,,
1991,0,Total,Улсын дүн,2,Cattle,Үхэр,104.7,2848.7,3.675361,,
1991,0,Total,Улсын дүн,3,Camel,Тэмээ,20.8,537.5,3.869767,,
1991,0,Total,Улсын дүн,4,Sheep,Хонь,624.1,15083,4.137771,,
1991,0,Total,Улсын дүн,5,Goat,Ямаа,156,5127.7,3.0423,,
1991,181,Zavkhan,Завхан,0,Total,Бүгд,59.9,2133.4,2.807725,,
1991,181,Zavkhan,Завхан,1,Horse,Адуу,5.2,156.5,3.322684,,
1991,181,Zavkhan,Завхан,2,Cattle,Үхэр,5.6,195.8,2.860061,,
1991,181,Zavkhan,Завхан,3,Camel,Тэмээ,0.9,15.3,5.882353,,
1991,181,Zavkhan,Завхан,4,Sheep,Хонь,40.4,1402.9,2.879749,,
1991,181,Zavkhan,Завхан,5,Goat,Ямаа,7.8,363,2.14876,,
1991,182,Govi-Altai,Говь-Алтай,0,Total,Бүгд,38.4,1693.6,2.267359,,
1991,182,Govi-Altai,Говь-Алтай,1,Horse,Адуу,1.9,81.6,2.328431,,
1991,182,Govi-Altai,Говь-Алтай,2,Cattle,Үхэр,2,79.7,2.50941,,
1991,182,Govi-Altai,Говь-Алтай,3,Camel,Тэмээ,1.6,52.1,3.071017,,
1991,182,Govi-Altai,Говь-Алтай,4,Sheep,Хонь,22.8,978.3,2.330573,,
1991,182,Govi-Altai,Говь-Алтай,5,Goat,Ямаа,10.1,501.9,2.012353,,
1991,183,Bayan-Ulgii,Баян-Өлгий,0,Total,Бүгд,82.3,1318.4,6.242415,,
1991,183,Bayan-Ulgii,Баян-Өлгий,1,Horse,Адуу,4.5,83.1,5.415162,,
1991,183,Bayan-Ulgii,Баян-Өлгий,2,Cattle,Үхэр,10.5,117.7,8.920986,,
1991,183,Bayan-Ulgii,Баян-Өлгий,3,Camel,Тэмээ,0.6,10.4,5.769231,,
1991,183,Bayan-Ulgii,Баян-Өлгий,4,Sheep,Хонь,49.3,797.3,6.183369,,
1991,183,Bayan-Ulgii,Баян-Өлгий,5,Goat,Ямаа,17.3,309.9,5.582446,,
1991,184,Khovd,Ховд,0,Total,Бүгд,36.6,1687.7,2.168632,,
1991,184,Khovd,Ховд,1,Horse,Адуу,3.4,104.2,3.262956,,
1991,184,Khovd,Ховд,2,Cattle,Үхэр,3.8,136.9,2.775749,,
1991,184,Khovd,Ховд,3,Camel,Тэмээ,1.6,37.2,4.301075,,
1991,184,Khovd,Ховд,4,Sheep,Хонь,19.1,913.1,2.091775,,
1991,184,Khovd,Ховд,5,Goat,Ямаа,8.8,496.2,1.773478,,
1991,185,Uvs,Увс,0,Total,Бүгд,55.9,1666.7,3.353933,,
1991,185,Uvs,Увс,1,Horse,Адуу,6.6,136.7,4.828091,,
1991,185,Uvs,Увс,2,Cattle,Үхэр,8.1,162.3,4.990758,,
1991,185,Uvs,Увс,3,Camel,Тэмээ,2.3,40.4,5.693069,,
1991,185,Uvs,Увс,4,Sheep,Хонь,29,1020.2,2.84258,,
1991,185,Uvs,Увс,5,Goat,Ямаа,10,307,3.257329,,
1991,261,Orkhon,Орхон,0,Total,Бүгд,1.2,53.5,2.242991,,
1991,261,Orkhon,Орхон,1,Horse,Адуу,0.1,4.3,2.325581,,
1991,261,Orkhon,Орхон,2,Cattle,Үхэр,0.6,13.4,4.477612,,
1991,261,Orkhon,Орхон,3,Camel,Тэмээ,,,,..,..
1991,261,Orkhon,Орхон,4,Sheep,Хонь,0.4,32.6,1.226994,,
1991,261,Orkhon,Орхон,5,Goat,Ямаа,0.1,3.2,3.125,,
1991,262,Uvurkhangai,Өвөрхангай,0,Total,Бүгд,57.7,2061.6,2.798797,,
1991,262,Uvurkhangai,Өвөрхангай,1,Horse,Адуу,3.6,196.3,1.833928,,
1991,262,Uvurkhangai,Өвөрхангай,2,Cattle,Үхэр,3.4,200.5,1.695761,,
1991,262,Uvurkhangai,Өвөрхангай,3,Camel,Тэмээ,0.7,31.4,2.229299,,
1991,262,Uvurkhangai,Өвөрхангай,4,Sheep,Хонь,38.8,1219.9,3.180589,,
1991,262,Uvurkhangai,Өвөрхангай,5,Goat,Ямаа,11.2,413.5,2.708585,,
1991,263,Bulgan,Булган,0,Total,Бүгд,30.6,998.2,3.065518,,
1991,263,Bulgan,Булган,1,Horse,Адуу,3.7,122.5,3.020408,,
1991,263,Bulgan,Булган,2,Cattle,Үхэр,5.5,175,3.142857,,
1991,263,Bulgan,Булган,3,Camel,Тэмээ,0.3,4.4,6.818182,,
1991,263,Bulgan,Булган,4,Sheep,Хонь,18.3,594.1,3.08029,,
1991,263,Bulgan,Булган,5,Goat,Ямаа,2.9,102.3,2.8348,,
1991,264,Bayankhongor,Баянхонгор,0,Total,Бүгд,16.1,1599.1,1.006816,,
1991,264,Bayankhongor,Баянхонгор,1,Horse,Адуу,2,103.9,1.924928,,
1991,264,Bayankhongor,Баянхонгор,2,Cattle,Үхэр,1.4,128.2,1.092044,,
1991,264,Bayankhongor,Баянхонгор,3,Camel,Тэмээ,0.8,45.4,1.762115,,
1991,264,Bayankhongor,Баянхонгор,4,Sheep,Хонь,6.9,773,0.892626,,
1991,264,Bayankhongor,Баянхонгор,5,Goat,Ямаа,5,548.6,0.911411,,
1991,265,Arkhangai,Архангай,0,Total,Бүгд,30,1496.3,2.004946,,
1991,265,Arkhangai,Архангай,1,Horse,Адуу,2.5,194.4,1.286008,,
1991,265,Arkhangai,Архангай,2,Cattle,Үхэр,6.6,294.9,2.238047,,
1991,265,Arkhangai,Архангай,3,Camel,Тэмээ,0.2,2.3,8.695652,,
1991,265,Arkhangai,Архангай,4,Sheep,Хонь,17.3,814,2.125307,,
1991,265,Arkhangai,Архангай,5,Goat,Ямаа,3.4,190.7,1.782905,,
1991,267,Khuvsgul,Хөвсгөл,0,Total,Бүгд,98.4,1871.9,5.256691,,
1991,267,Khuvsgul,Хөвсгөл,1,Horse,Адуу,5.8,168.3,3.446227,,
1991,267,Khuvsgul,Хөвсгөл,2,Cattle,Үхэр,11.4,322.8,3.531599,,
1991,267,Khuvsgul,Хөвсгөл,3,Camel,Тэмээ,0.6,7.2,8.333333,,
1991,267,Khuvsgul,Хөвсгөл,4,Sheep,Хонь,69.1,1093.2,6.320893,,
1991,267,Khuvsgul,Хөвсгөл,5,Goat,Ямаа,11.4,280.4,4.065621,,
1991,341,Tuv,Төв,0,Total,Бүгд,117.7,1711.4,6.87741,,
1991,341,Tuv,Төв,1,Horse,Адуу,7.2,203.3,3.541564,,
1991,341,Tuv,Төв,2,Cattle,Үхэр,12.3,205.7,5.979582,,
1991,341,Tuv,Төв,3,Camel,Тэмээ,1,9.5,10.526316,,
1991,341,Tuv,Төв,4,Sheep,Хонь,84.5,1116.4,7.568972,,
1991,341,Tuv,Төв,5,Goat,Ямаа,12.6,176.5,7.13881,,
1991,342,Govisumber,Говьсүмбэр,0,Total,Бүгд,13.7,,,,..
1991,342,Govisumber,Говьсүмбэр,1,Horse,Адуу,0.2,,,,..
1991,342,Govisumber,Говьсүмбэр,2,Cattle,Үхэр,0.2,,,,..
1991,342,Govisumber,Говьсүмбэр,3,Camel,Тэмээ,,,,..,..
1991,342,Govisumber,Говьсүмбэр,4,Sheep,Хонь,12.4,,,,..
1991,342,Govisumber,Говьсүмбэр,5,Goat,Ямаа,0.9,,,,..
1991,343,Selenge,Сэлэнгэ,0,Total,Бүгд,25.7,512.5,5.014634,,
1991,343,Selenge,Сэлэнгэ,1,Horse,Адуу,1.6,33.8,4.733728,,
1991,343,Selenge,Сэлэнгэ,2,Cattle,Үхэр,4.3,99.2,4.334677,,
1991,343,Selenge,Сэлэнгэ,3,Camel,Тэмээ,,0.3,,..,
1991,343,Selenge,Сэлэнгэ,4,Sheep,Хонь,19,351.3,5.408483,,
1991,343,Selenge,Сэлэнгэ,5,Goat,Ямаа,0.7,28,2.5,,
1991,344,Dornogovi,Дорноговь,0,Total,Бүгд,21.2,943.5,2.246953,,
1991,344,Dornogovi,Дорноговь,1,Horse,Адуу,1.9,82.9,2.291918,,
1991,344,Dornogovi,Дорноговь,2,Cattle,Үхэр,1.8,77,2.337662,,
1991,344,Dornogovi,Дорноговь,3,Camel,Тэмээ,2.2,60.7,3.624382,,
1991,344,Dornogovi,Дорноговь,4,Sheep,Хонь,11.9,538.2,2.211074,,
1991,344,Dornogovi,Дорноговь,5,Goat,Ямаа,3.5,184.8,1.893939,,
1991,345,Darkhan-Uul,Дархан-Уул,0,Total,Бүгд,4.1,109.3,3.751144,,
1991,345,Darkhan-Uul,Дархан-Уул,1,Horse,Адуу,0.1,7.8,1.282051,,
1991,345,Darkhan-Uul,Дархан-Уул,2,Cattle,Үхэр,0.6,20.8,2.884615,,
1991,345,Darkhan-Uul,Дархан-Уул,3,Camel,Тэмээ,,0,,..,
1991,345,Darkhan-Uul,Дархан-Уул,4,Sheep,Хонь,3.2,72.8,4.395604,,
1991,345,Darkhan-Uul,Дархан-Уул,5,Goat,Ямаа,0.2,7.8,2.564103,,
1991,346,Umnugovi,Өмнөговь,0,Total,Бүгд,19.4,910.9,2.129762,,
1991,346,Umnugovi,Өмнөговь,1,Horse,Адуу,1.5,62.5,2.4,,
1991,346,Umnugovi,Өмнөговь,2,Cattle,Үхэр,0.4,24.6,1.626016,,
1991,346,Umnugovi,Өмнөговь,3,Camel,Тэмээ,3.4,127.9,2.658327,,
1991,346,Umnugovi,Өмнөговь,4,Sheep,Хонь,5,284.4,1.758087,,
1991,346,Umnugovi,Өмнөговь,5,Goat,Ямаа,9,411.4,2.187652,,
1991,348,Dundgovi,Дундговь,0,Total,Бүгд,34.7,1505.5,2.304882,,
1991,348,Dundgovi,Дундговь,1,Horse,Адуу,3.3,152,2.171053,,
1991,348,Dundgovi,Дундговь,2,Cattle,Үхэр,1.9,93.8,2.025586,,
1991,348,Dundgovi,Дундговь,3,Camel,Тэмээ,1.5,53.7,2.793296,,
1991,348,Dundgovi,Дундговь,4,Sheep,Хонь,15.1,801.3,1.884438,,
1991,348,Dundgovi,Дундговь,5,Goat,Ямаа,12.9,404.7,3.187546,,
1991,421,Dornod,Дорнод,0,Total,Бүгд,72.6,936.7,7.750614,,
1991,421,Dornod,Дорнод,1,Horse,Адуу,4,92,4.347826,,
1991,421,Dornod,Дорнод,2,Cattle,Үхэр,6.2,126.1,4.916733,,
1991,421,Dornod,Дорнод,3,Camel,Тэмээ,1.1,13.3,8.270677,,
1991,421,Dornod,Дорнод,4,Sheep,Хонь,57.5,661.2,8.69631,,
1991,421,Dornod,Дорнод,5,Goat,Ямаа,3.8,44,8.636364,,
1991,422,Sukhbaatar,Сүхбаатар,0,Total,Бүгд,27.8,1004.7,2.766995,,
1991,422,Sukhbaatar,Сүхбаатар,1,Horse,Адуу,3.8,118.2,3.21489,,
1991,422,Sukhbaatar,Сүхбаатар,2,Cattle,Үхэр,2.6,132.2,1.966717,,
1991,422,Sukhbaatar,Сүхбаатар,3,Camel,Тэмээ,1.1,15.9,6.918239,,
1991,422,Sukhbaatar,Сүхбаатар,4,Sheep,Хонь,15.1,602.9,2.504561,,
1991,422,Sukhbaatar,Сүхбаатар,5,Goat,Ямаа,5.2,135.4,3.840473,,
1991,423,Khentii,Хэнтий,0,Total,Бүгд,128.9,1498.7,8.600787,,
1991,423,Khentii,Хэнтий,1,Horse,Адуу,9.3,142.5,6.526316,,
1991,423,Khentii,Хэнтий,2,Cattle,Үхэр,13.6,197.1,6.900051,,
1991,423,Khentii,Хэнтий,3,Camel,Тэмээ,0.9,9.9,9.090909,,
1991,423,Khentii,Хэнтий,4,Sheep,Хонь,86.2,950.2,9.071774,,
1991,423,Khentii,Хэнтий,5,Goat,Ямаа,18.9,199.1,9.492717,,
1991,511,Ulaanbaatar,Улаанбаатар,0,Total,Бүгд,5.4,143.6,3.760446,,
1991,511,Ulaanbaatar,Улаанбаатар,1,Horse,Адуу,0.4,15.3,2.614379,,
1991,511,Ulaanbaatar,Улаанбаатар,2,Cattle,Үхэр,1.9,44.9,4.231626,,
1991,511,Ulaanbaatar,Улаанбаатар,3,Camel,Тэмээ,,0,,..,
1991,511,Ulaanbaatar,Улаанбаатар,4,Sheep,Хонь,2.8,65.8,4.255319,,
1991,511,Ulaanbaatar,Улаанбаатар,5,Goat,Ямаа,0.3,17.6,1.704545,,
1992,0,Total,Улсын дүн,0,Total,Бүгд,871.1,25527.9,3.412345,,
1992,0,Total,Улсын дүн,1,Horse,Адуу,80.6,2259.3,3.567477,,
1992,0,Total,Улсын дүн,2,Cattle,Үхэр,118.2,2822,4.188519,,
1992,0,Total,Улсын дүн,3,Camel,Тэмээ,21.4,476,4.495798,,
1992,0,Total,Улсын дүн,4,Sheep,Хонь,516.6,14721,3.509272,,
1992,0,Total,Улсын дүн,5,Goat,Ямаа,134.3,5249.6,2.55829,,
1992,181,Zavkhan,Завхан,0,Total,Бүгд,91.2,2079.9,4.384826,,
1992,181,Zavkhan,Завхан,1,Horse,Адуу,4.9,151.8,3.227931,,
1992,181,Zavkhan,Завхан,2,Cattle,Үхэр,10.3,195.5,5.268542,,
1992,181,Zavkhan,Завхан,3,Camel,Тэмээ,0.6,12.7,4.724409,,
1992,181,Zavkhan,Завхан,4,Sheep,Хонь,65.6,1367.3,4.797777,,
1992,181,Zavkhan,Завхан,5,Goat,Ямаа,9.9,352.6,2.807714,,
1992,182,Govi-Altai,Говь-Алтай,0,Total,Бүгд,24.2,1696.6,1.426382,,
1992,182,Govi-Altai,Говь-Алтай,1,Horse,Адуу,1.2,84.5,1.420118,,
1992,182,Govi-Altai,Говь-Алтай,2,Cattle,Үхэр,1.6,79.3,2.017654,,
1992,182,Govi-Altai,Говь-Алтай,3,Camel,Тэмээ,0.8,47.6,1.680672,,
1992,182,Govi-Altai,Говь-Алтай,4,Sheep,Хонь,13.5,957.5,1.409922,,
1992,182,Govi-Altai,Говь-Алтай,5,Goat,Ямаа,7,527.7,1.326511,,
1992,183,Bayan-Ulgii,Баян-Өлгий,0,Total,Бүгд,31.1,1159.9,2.681266,,
1992,183,Bayan-Ulgii,Баян-Өлгий,1,Horse,Адуу,1.6,73.6,2.173913,,
1992,183,Bayan-Ulgii,Баян-Өлгий,2,Cattle,Үхэр,3.4,96,3.541667,,
1992,183,Bayan-Ulgii,Баян-Өлгий,3,Camel,Тэмээ,0.3,8.9,3.370787,,
1992,183,Bayan-Ulgii,Баян-Өлгий,4,Sheep,Хонь,19.6,704.3,2.782905,,
1992,183,Bayan-Ulgii,Баян-Өлгий,5,Goat,Ямаа,6.1,277.1,2.201371,,
1992,184,Khovd,Ховд,0,Total,Бүгд,52.6,1636.6,3.21398,,
1992,184,Khovd,Ховд,1,Horse,Адуу,3.3,98.5,3.350254,,
1992,184,Khovd,Ховд,2,Cattle,Үхэр,4.5,131.2,3.429878,,
1992,184,Khovd,Ховд,3,Camel,Тэмээ,2.1,32.3,6.501548,,
1992,184,Khovd,Ховд,4,Sheep,Хонь,26.8,878.8,3.049613,,
1992,184,Khovd,Ховд,5,Goat,Ямаа,15.9,495.9,3.206292,,
1992,185,Uvs,Увс,0,Total,Бүгд,91.8,1585.3,5.790702,,
1992,185,Uvs,Увс,1,Horse,Адуу,11.4,128.8,8.850932,,
1992,185,Uvs,Увс,2,Cattle,Үхэр,14.4,154.1,9.344581,,
1992,185,Uvs,Увс,3,Camel,Тэмээ,2.7,34.9,7.73639,,
1992,185,Uvs,Увс,4,Sheep,Хонь,47.7,969.3,4.921077,,
1992,185,Uvs,Увс,5,Goat,Ямаа,15.6,298.1,5.233143,,
1992,261,Orkhon,Орхон,0,Total,Бүгд,1.7,73,2.328767,,
1992,261,Orkhon,Орхон,1,Horse,Адуу,0.1,5.3,1.886792,,
1992,261,Orkhon,Орхон,2,Cattle,Үхэр,0.7,16.6,4.216867,,
1992,261,Orkhon,Орхон,3,Camel,Тэмээ,,,,..,..
1992,261,Orkhon,Орхон,4,Sheep,Хонь,0.9,45.4,1.982379,,
1992,261,Orkhon,Орхон,5,Goat,Ямаа,0.1,5.7,1.754386,,
1992,262,Uvurkhangai,Өвөрхангай,0,Total,Бүгд,50.1,2022.3,2.477377,,
1992,262,Uvurkhangai,Өвөрхангай,1,Horse,Адуу,6.2,196.1,3.161652,,
1992,262,Uvurkhangai,Өвөрхангай,2,Cattle,Үхэр,6.6,198.2,3.32997,,
1992,262,Uvurkhangai,Өвөрхангай,3,Camel,Тэмээ,0.7,27.7,2.527076,,
1992,262,Uvurkhangai,Өвөрхангай,4,Sheep,Хонь,29.6,1171.7,2.526244,,
1992,262,Uvurkhangai,Өвөрхангай,5,Goat,Ямаа,7.1,428.5,1.656943,,
1992,263,Bulgan,Булган,0,Total,Бүгд,28,1021.2,2.741872,,
1992,263,Bulgan,Булган,1,Horse,Адуу,3.5,124.9,2.802242,,
1992,263,Bulgan,Булган,2,Cattle,Үхэр,7.5,176.9,4.239683,,
1992,263,Bulgan,Булган,3,Camel,Тэмээ,0.3,3.7,8.108108,,
1992,263,Bulgan,Булган,4,Sheep,Хонь,15,608.2,2.466294,,
1992,263,Bulgan,Булган,5,Goat,Ямаа,1.7,107.7,1.578459,,
1992,264,Bayankhongor,Баянхонгор,0,Total,Бүгд,23.7,1674.5,1.415348,,
1992,264,Bayankhongor,Баянхонгор,1,Horse,Адуу,2,103.8,1.926782,,
1992,264,Bayankhongor,Баянхонгор,2,Cattle,Үхэр,2.2,130.5,1.685824,,
1992,264,Bayankhongor,Баянхонгор,3,Camel,Тэмээ,1.5,41.8,3.588517,,
1992,264,Bayankhongor,Баянхонгор,4,Sheep,Хонь,11.7,798.2,1.465798,,
1992,264,Bayankhongor,Баянхонгор,5,Goat,Ямаа,6.3,600.3,1.049475,,
1992,265,Arkhangai,Архангай,0,Total,Бүгд,46.9,1504,3.118351,,
1992,265,Arkhangai,Архангай,1,Horse,Адуу,5.9,192.4,3.066528,,
1992,265,Arkhangai,Архангай,2,Cattle,Үхэр,9.7,289.5,3.350604,,
1992,265,Arkhangai,Архангай,3,Camel,Тэмээ,0.2,1.7,11.764706,,
1992,265,Arkhangai,Архангай,4,Sheep,Хонь,26.7,823,3.244228,,
1992,265,Arkhangai,Архангай,5,Goat,Ямаа,4.4,197.3,2.230106,,
1992,267,Khuvsgul,Хөвсгөл,0,Total,Бүгд,81.7,1788.2,4.56884,,
1992,267,Khuvsgul,Хөвсгөл,1,Horse,Адуу,5.8,171.1,3.389831,,
1992,267,Khuvsgul,Хөвсгөл,2,Cattle,Үхэр,11.7,327.8,3.56925,,
1992,267,Khuvsgul,Хөвсгөл,3,Camel,Тэмээ,0.4,6.3,6.349206,,
1992,267,Khuvsgul,Хөвсгөл,4,Sheep,Хонь,56.3,1007.3,5.589199,,
1992,267,Khuvsgul,Хөвсгөл,5,Goat,Ямаа,7.5,275.7,2.720348,,
1992,341,Tuv,Төв,0,Total,Бүгд,59.5,1653.5,3.598428,,
1992,341,Tuv,Төв,1,Horse,Адуу,7.7,210.3,3.661436,,
1992,341,Tuv,Төв,2,Cattle,Үхэр,9.7,199.8,4.854855,,
1992,341,Tuv,Төв,3,Camel,Тэмээ,0.6,6.9,8.695652,,
1992,341,Tuv,Төв,4,Sheep,Хонь,37.6,1061.7,3.54149,,
1992,341,Tuv,Төв,5,Goat,Ямаа,3.9,174.8,2.231121,,
1992,342,Govisumber,Говьсүмбэр,0,Total,Бүгд,8.4,93.8,8.955224,,
1992,342,Govisumber,Говьсүмбэр,1,Horse,Адуу,0.2,6.2,3.225806,,
1992,342,Govisumber,Говьсүмбэр,2,Cattle,Үхэр,0.3,7.5,4.0,,
1992,342,Govisumber,Говьсүмбэр,3,Camel,Тэмээ,,0.4,,..,
1992,342,Govisumber,Говьсүмбэр,4,Sheep,Хонь,7.4,67.8,10.914454,,
1992,342,Govisumber,Говьсүмбэр,5,Goat,Ямаа,0.5,11.9,4.201681,,
1992,343,Selenge,Сэлэнгэ,0,Total,Бүгд,25,500,5.0,,
1992,343,Selenge,Сэлэнгэ,1,Horse,Адуу,1.6,34.1,4.692082,,
1992,343,Selenge,Сэлэнгэ,2,Cattle,Үхэр,6.5,99.2,6.552419,,
1992,343,Selenge,Сэлэнгэ,3,Camel,Тэмээ,,0.3,,..,
1992,343,Selenge,Сэлэнгэ,4,Sheep,Хонь,16.2,333.8,4.853206,,
1992,343,Selenge,Сэлэнгэ,5,Goat,Ямаа,0.7,32.7,2.140673,,
1992,344,Dornogovi,Дорноговь,0,Total,Бүгд,22.9,890.9,2.570434,,
1992,344,Dornogovi,Дорноговь,1,Horse,Адуу,1.6,77.9,2.053915,,
1992,344,Dornogovi,Дорноговь,2,Cattle,Үхэр,2.4,73.4,3.269755,,
1992,344,Dornogovi,Дорноговь,3,Camel,Тэмээ,1.6,52.5,3.047619,,
1992,344,Dornogovi,Дорноговь,4,Sheep,Хонь,13.3,486.7,2.73269,,
1992,344,Dornogovi,Дорноговь,5,Goat,Ямаа,3.9,200.5,1.945137,,
1992,345,Darkhan-Uul,Дархан-Уул,0,Total,Бүгд,6.7,137.3,4.879825,,
1992,345,Darkhan-Uul,Дархан-Уул,1,Horse,Адуу,0.4,9.6,4.166667,,
1992,345,Darkhan-Uul,Дархан-Уул,2,Cattle,Үхэр,0.9,25.2,3.571429,,
1992,345,Darkhan-Uul,Дархан-Уул,3,Camel,Тэмээ,,0.1,,..,
1992,345,Darkhan-Uul,Дархан-Уул,4,Sheep,Хонь,5.1,89.9,5.67297,,
1992,345,Darkhan-Uul,Дархан-Уул,5,Goat,Ямаа,0.4,12.7,3.149606,,
1992,346,Umnugovi,Өмнөговь,0,Total,Бүгд,34.2,927.9,3.685742,,
1992,346,Umnugovi,Өмнөговь,1,Horse,Адуу,2.6,62.6,4.153355,,
1992,346,Umnugovi,Өмнөговь,2,Cattle,Үхэр,1.3,25,5.2,,
1992,346,Umnugovi,Өмнөговь,3,Camel,Тэмээ,4.9,115.8,4.231434,,
1992,346,Umnugovi,Өмнөговь,4,Sheep,Хонь,10.2,296.5,3.440135,,
1992,346,Umnugovi,Өмнөговь,5,Goat,Ямаа,15.3,428.1,3.573931,,
1992,348,Dundgovi,Дундговь,0,Total,Бүгд,55.1,1571.7,3.505758,,
1992,348,Dundgovi,Дундговь,1,Horse,Адуу,6.8,155.3,4.378622,,
1992,348,Dundgovi,Дундговь,2,Cattle,Үхэр,4.1,96.9,4.231166,,
1992,348,Dundgovi,Дундговь,3,Camel,Тэмээ,2.3,48.1,4.781705,,
1992,348,Dundgovi,Дундговь,4,Sheep,Хонь,27.1,841.9,3.21891,,
1992,348,Dundgovi,Дундговь,5,Goat,Ямаа,14.8,429.5,3.445867,,
1992,421,Dornod,Дорнод,0,Total,Бүгд,44.5,888.9,5.006187,,
1992,421,Dornod,Дорнод,1,Horse,Адуу,4.1,93.1,4.403867,,
1992,421,Dornod,Дорнод,2,Cattle,Үхэр,7.2,124,5.806452,,
1992,421,Dornod,Дорнод,3,Camel,Тэмээ,0.9,11.8,7.627119,,
1992,421,Dornod,Дорнод,4,Sheep,Хонь,30.6,617.5,4.955466,,
1992,421,Dornod,Дорнод,5,Goat,Ямаа,1.6,42.6,3.755869,,
1992,422,Sukhbaatar,Сүхбаатар,0,Total,Бүгд,24.1,1035.8,2.326704,,
1992,422,Sukhbaatar,Сүхбаатар,1,Horse,Адуу,3.1,118.4,2.618243,,
1992,422,Sukhbaatar,Сүхбаатар,2,Cattle,Үхэр,3.2,135.4,2.363368,,
1992,422,Sukhbaatar,Сүхбаатар,3,Camel,Тэмээ,0.8,13.9,5.755396,,
1992,422,Sukhbaatar,Сүхбаатар,4,Sheep,Хонь,13.1,624.5,2.097678,,
1992,422,Sukhbaatar,Сүхбаатар,5,Goat,Ямаа,3.9,143.6,2.715877,,
1992,423,Khentii,Хэнтий,0,Total,Бүгд,60.8,1380.4,4.40452,,
1992,423,Khentii,Хэнтий,1,Horse,Адуу,5.8,139.1,4.169662,,
1992,423,Khentii,Хэнтий,2,Cattle,Үхэр,7.9,188.4,4.193206,,
1992,423,Khentii,Хэнтий,3,Camel,Тэмээ,0.7,8.8,7.954545,,
1992,423,Khentii,Хэнтий,4,Sheep,Хонь,39.6,865.8,4.573805,,
1992,423,Khentii,Хэнтий,5,Goat,Ямаа,6.8,178.3,3.813797,,
1992,511,Ulaanbaatar,Улаанбаатар,0,Total,Бүгд,6.9,206.4,3.343023,,
1992,511,Ulaanbaatar,Улаанбаатар,1,Horse,Адуу,0.8,22.1,3.61991,,
1992,511,Ulaanbaatar,Улаанбаатар,2,Cattle,Үхэр,2.1,51.8,4.054054,,
1992,511,Ulaanbaatar,Улаанбаатар,3,Camel,Тэмээ,,0,,..,
1992,511,Ulaanbaatar,Улаанбаатар,4,Sheep,Хонь,3,104.1,2.881844,,
1992,511,Ulaanbaatar,Улаанбаатар,5,Goat,Ямаа,0.9,28.3,3.180212,,
1993,0,Total,Улсын дүн,0,Total,Бүгд,1652.1,25694.1,6.429881,,
1993,0,Total,Улсын дүн,1,Horse,Адуу,140.4,2200.2,6.381238,,
1993,0,Total,Улсын дүн,2,Cattle,Үхэр,278.9,2819.2,9.892877,,
1993,0,Total,Улсын дүн,3,Camel,Тэмээ,23.7,415.2,5.708092,,
1993,0,Total,Улсын дүн,4,Sheep,Хонь,927.9,14657,6.330763,,
1993,0,Total,Улсын дүн,5,Goat,Ямаа,281.1,5602.5,5.017403,,
1993,181,Zavkhan,Завхан,0,Total,Бүгд,239.8,2085,11.501199,,
1993,181,Zavkhan,Завхан,1,Horse,Адуу,15.8,149.6,10.561497,,
1993,181,Zavkhan,Завхан,2,Cattle,Үхэр,41.7,194.2,21.472709,,
1993,181,Zavkhan,Завхан,3,Camel,Тэмээ,0.5,11.6,4.310345,,
1993,181,Zavkhan,Завхан,4,Sheep,Хонь,156.5,1358.5,11.520059,,
1993,181,Zavkhan,Завхан,5,Goat,Ямаа,25.4,371.1,6.844516,,
1993,182,Govi-Altai,Говь-Алтай,0,Total,Бүгд,145.4,1775.3,8.190165,,
1993,182,Govi-Altai,Говь-Алтай,1,Horse,Адуу,5.3,81.1,6.535142,,
1993,182,Govi-Altai,Говь-Алтай,2,Cattle,Үхэр,10.4,76.4,13.612565,,
1993,182,Govi-Altai,Говь-Алтай,3,Camel,Тэмээ,1.2,43.3,2.771363,,
1993,182,Govi-Altai,Говь-Алтай,4,Sheep,Хонь,79.4,994.3,7.985517,,
1993,182,Govi-Altai,Говь-Алтай,5,Goat,Ямаа,49.1,580.1,8.464058,,
1993,183,Bayan-Ulgii,Баян-Өлгий,0,Total,Бүгд,45.7,1033.5,4.421867,,
1993,183,Bayan-Ulgii,Баян-Өлгий,1,Horse,Адуу,3.9,66.3,5.882353,,
1993,183,Bayan-Ulgii,Баян-Өлгий,2,Cattle,Үхэр,10.8,85.9,12.572759,,
1993,183,Bayan-Ulgii,Баян-Өлгий,3,Camel,Тэмээ,0.2,7.6,2.631579,,
1993,183,Bayan-Ulgii,Баян-Өлгий,4,Sheep,Хонь,20.9,605.2,3.453404,,
1993,183,Bayan-Ulgii,Баян-Өлгий,5,Goat,Ямаа,9.9,268.5,3.687151,,
1993,184,Khovd,Ховд,0,Total,Бүгд,28.4,1688.6,1.681867,,
1993,184,Khovd,Ховд,1,Horse,Адуу,2.3,93.6,2.457265,,
1993,184,Khovd,Ховд,2,Cattle,Үхэр,3.6,131.4,2.739726,,
1993,184,Khovd,Ховд,3,Camel,Тэмээ,0.8,28.4,2.816901,,
1993,184,Khovd,Ховд,4,Sheep,Хонь,13.5,906.1,1.489902,,
1993,184,Khovd,Ховд,5,Goat,Ямаа,8.3,529.2,1.568405,,
1993,185,Uvs,Увс,0,Total,Бүгд,60.1,1596.6,3.764249,,
1993,185,Uvs,Увс,1,Horse,Адуу,7.6,116.1,6.546081,,
1993,185,Uvs,Увс,2,Cattle,Үхэр,8.3,148.4,5.592992,,
1993,185,Uvs,Увс,3,Camel,Тэмээ,1.4,28.7,4.878049,,
1993,185,Uvs,Увс,4,Sheep,Хонь,34.8,991.8,3.508772,,
1993,185,Uvs,Увс,5,Goat,Ямаа,7.9,311.6,2.535302,,
1993,261,Orkhon,Орхон,0,Total,Бүгд,5.8,92.1,6.297503,,
1993,261,Orkhon,Орхон,1,Horse,Адуу,0.3,6.6,4.545455,,
1993,261,Orkhon,Орхон,2,Cattle,Үхэр,1.3,19.7,6.598985,,
1993,261,Orkhon,Орхон,3,Camel,Тэмээ,,0,,..,
1993,261,Orkhon,Орхон,4,Sheep,Хонь,3.9,56.5,6.902655,,
1993,261,Orkhon,Орхон,5,Goat,Ямаа,0.3,9.3,3.225806,,
1993,262,Uvurkhangai,Өвөрхангай,0,Total,Бүгд,140.2,2046,6.852395,,
1993,262,Uvurkhangai,Өвөрхангай,1,Horse,Адуу,18.6,180.8,10.287611,,
1993,262,Uvurkhangai,Өвөрхангай,2,Cattle,Үхэр,23.1,197.9,11.672562,,
1993,262,Uvurkhangai,Өвөрхангай,3,Camel,Тэмээ,0.7,21.6,3.240741,,
1993,262,Uvurkhangai,Өвөрхангай,4,Sheep,Хонь,78.9,1190.6,6.626911,,
1993,262,Uvurkhangai,Өвөрхангай,5,Goat,Ямаа,19,455.2,4.173989,,
1993,263,Bulgan,Булган,0,Total,Бүгд,77.9,1066.1,7.307007,,
1993,263,Bulgan,Булган,1,Horse,Адуу,10.6,128.7,8.236208,,
1993,263,Bulgan,Булган,2,Cattle,Үхэр,20,180.4,11.086475,,
1993,263,Bulgan,Булган,3,Camel,Тэмээ,0.5,3.1,16.129032,,
1993,263,Bulgan,Булган,4,Sheep,Хонь,41.2,634.1,6.497398,,
1993,263,Bulgan,Булган,5,Goat,Ямаа,5.5,119.8,4.590985,,
1993,264,Bayankhongor,Баянхонгор,0,Total,Бүгд,209.8,1761.9,11.9076,,
1993,264,Bayankhongor,Баянхонгор,1,Horse,Адуу,9.8,103.5,9.468599,,
1993,264,Bayankhongor,Баянхонгор,2,Cattle,Үхэр,22.4,132.8,16.86747,,
1993,264,Bayankhongor,Баянхонгор,3,Camel,Тэмээ,1.4,37.7,3.713528,,
1993,264,Bayankhongor,Баянхонгор,4,Sheep,Хонь,117.2,829.4,14.130697,,
1993,264,Bayankhongor,Баянхонгор,5,Goat,Ямаа,59,658.6,8.958397,,
1993,265,Arkhangai,Архангай,0,Total,Бүгд,85.4,1495.9,5.708938,,
1993,265,Arkhangai,Архангай,1,Horse,Адуу,9.4,184.3,5.10038,,
1993,265,Arkhangai,Архангай,2,Cattle,Үхэр,19,283,6.713781,,
1993,265,Arkhangai,Архангай,3,Camel,Тэмээ,0.1,1.2,8.333333,,
1993,265,Arkhangai,Архангай,4,Sheep,Хонь,46.7,814.7,5.732171,,
1993,265,Arkhangai,Архангай,5,Goat,Ямаа,10.2,212.7,4.795487,,
1993,267,Khuvsgul,Хөвсгөл,0,Total,Бүгд,98.5,1747.5,5.636624,,
1993,267,Khuvsgul,Хөвсгөл,1,Horse,Адуу,5.6,169.7,3.299941,,
1993,267,Khuvsgul,Хөвсгөл,2,Cattle,Үхэр,24.2,332.4,7.280385,,
1993,267,Khuvsgul,Хөвсгөл,3,Camel,Тэмээ,0.3,5.6,5.357143,,
1993,267,Khuvsgul,Хөвсгөл,4,Sheep,Хонь,58.4,941.6,6.202209,,
1993,267,Khuvsgul,Хөвсгөл,5,Goat,Ямаа,9.9,298.2,3.31992,,
1993,341,Tuv,Төв,0,Total,Бүгд,89.8,1687.9,5.32022,,
1993,341,Tuv,Төв,1,Horse,Адуу,8.5,205.4,4.138267,,
1993,341,Tuv,Төв,2,Cattle,Үхэр,18.6,197.9,9.398686,,
1993,341,Tuv,Төв,3,Camel,Тэмээ,0.3,5.6,5.357143,,
1993,341,Tuv,Төв,4,Sheep,Хонь,57.1,1086.7,5.25444,,
1993,341,Tuv,Төв,5,Goat,Ямаа,5.4,192.4,2.806653,,
1993,342,Govisumber,Говьсүмбэр,0,Total,Бүгд,5,100,5.0,,
1993,342,Govisumber,Говьсүмбэр,1,Horse,Адуу,0.4,6.4,6.25,,
1993,342,Govisumber,Говьсүмбэр,2,Cattle,Үхэр,0.6,8.2,7.317073,,
1993,342,Govisumber,Говьсүмбэр,3,Camel,Тэмээ,,0.4,,..,
1993,342,Govisumber,Говьсүмбэр,4,Sheep,Хонь,3.7,70.7,5.23338,,
1993,342,Govisumber,Говьсүмбэр,5,Goat,Ямаа,0.3,14.3,2.097902,,
1993,343,Selenge,Сэлэнгэ,0,Total,Бүгд,46.7,481.9,9.690807,,
1993,343,Selenge,Сэлэнгэ,1,Horse,Адуу,2.1,34.9,6.017192,,
1993,343,Selenge,Сэлэнгэ,2,Cattle,Үхэр,13.6,96.6,14.078675,,
1993,343,Selenge,Сэлэнгэ,3,Camel,Тэмээ,,0.3,,..,
1993,343,Selenge,Сэлэнгэ,4,Sheep,Хонь,29.1,312.3,9.317963,,
1993,343,Selenge,Сэлэнгэ,5,Goat,Ямаа,1.9,37.8,5.026455,,
1993,344,Dornogovi,Дорноговь,0,Total,Бүгд,43.7,870.9,5.017798,,
1993,344,Dornogovi,Дорноговь,1,Horse,Адуу,3.9,78,5.0,,
1993,344,Dornogovi,Дорноговь,2,Cattle,Үхэр,5.6,74.2,7.54717,,
1993,344,Dornogovi,Дорноговь,3,Camel,Тэмээ,3.7,46.5,7.956989,,
1993,344,Dornogovi,Дорноговь,4,Sheep,Хонь,19.2,467.8,4.104318,,
1993,344,Dornogovi,Дорноговь,5,Goat,Ямаа,11.3,204.4,5.528376,,
1993,345,Darkhan-Uul,Дархан-Уул,0,Total,Бүгд,12.4,145.5,8.522337,,
1993,345,Darkhan-Uul,Дархан-Уул,1,Horse,Адуу,0.6,10.3,5.825243,,
1993,345,Darkhan-Uul,Дархан-Уул,2,Cattle,Үхэр,2.8,27.9,10.035842,,
1993,345,Darkhan-Uul,Дархан-Уул,3,Camel,Тэмээ,,0.1,,..,
1993,345,Darkhan-Uul,Дархан-Уул,4,Sheep,Хонь,7.5,90.3,8.305648,,
1993,345,Darkhan-Uul,Дархан-Уул,5,Goat,Ямаа,1.4,17,8.235294,,
1993,346,Umnugovi,Өмнөговь,0,Total,Бүгд,49.4,900,5.488889,,
1993,346,Umnugovi,Өмнөговь,1,Horse,Адуу,5.4,59.9,9.015025,,
1993,346,Umnugovi,Өмнөговь,2,Cattle,Үхэр,3.6,23.9,15.062762,,
1993,346,Umnugovi,Өмнөговь,3,Camel,Тэмээ,6.9,102.1,6.75808,,
1993,346,Umnugovi,Өмнөговь,4,Sheep,Хонь,16.5,286.8,5.753138,,
1993,346,Umnugovi,Өмнөговь,5,Goat,Ямаа,17,427.3,3.978469,,
1993,348,Dundgovi,Дундговь,0,Total,Бүгд,95.8,1591.1,6.020992,,
1993,348,Dundgovi,Дундговь,1,Horse,Адуу,14.3,148.3,9.642616,,
1993,348,Dundgovi,Дундговь,2,Cattle,Үхэр,9.2,95,9.684211,,
1993,348,Dundgovi,Дундговь,3,Camel,Тэмээ,3.6,41.1,8.759124,,
1993,348,Dundgovi,Дундговь,4,Sheep,Хонь,44.2,859.5,5.142525,,
1993,348,Dundgovi,Дундговь,5,Goat,Ямаа,24.5,447.3,5.477308,,
1993,421,Dornod,Дорнод,0,Total,Бүгд,44.1,802.1,5.498068,,
1993,421,Dornod,Дорнод,1,Horse,Адуу,4.1,92.4,4.437229,,
1993,421,Dornod,Дорнод,2,Cattle,Үхэр,9.1,123.3,7.380373,,
1993,421,Dornod,Дорнод,3,Camel,Тэмээ,0.9,9.9,9.090909,,
1993,421,Dornod,Дорнод,4,Sheep,Хонь,27.9,529.8,5.266138,,
1993,421,Dornod,Дорнод,5,Goat,Ямаа,2,46.7,4.282655,,
1993,422,Sukhbaatar,Сүхбаатар,0,Total,Бүгд,27,1098.7,2.45745,,
1993,422,Sukhbaatar,Сүхбаатар,1,Horse,Адуу,3.3,120.9,2.729529,,
1993,422,Sukhbaatar,Сүхбаатар,2,Cattle,Үхэр,4,144.4,2.770083,,
1993,422,Sukhbaatar,Сүхбаатар,3,Camel,Тэмээ,0.5,12.7,3.937008,,
1993,422,Sukhbaatar,Сүхбаатар,4,Sheep,Хонь,15.6,657.3,2.373346,,
1993,422,Sukhbaatar,Сүхбаатар,5,Goat,Ямаа,3.6,163.5,2.201835,,
1993,423,Khentii,Хэнтий,0,Total,Бүгд,88.2,1352.7,6.520293,,
1993,423,Khentii,Хэнтий,1,Horse,Адуу,7.4,138.1,5.358436,,
1993,423,Khentii,Хэнтий,2,Cattle,Үхэр,22.8,187.2,12.179487,,
1993,423,Khentii,Хэнтий,3,Camel,Тэмээ,0.7,7.9,8.860759,,
1993,423,Khentii,Хэнтий,4,Sheep,Хонь,49.9,825.3,6.046286,,
1993,423,Khentii,Хэнтий,5,Goat,Ямаа,7.4,194.3,3.808543,,
1993,511,Ulaanbaatar,Улаанбаатар,0,Total,Бүгд,13,275.1,4.725554,,
1993,511,Ulaanbaatar,Улаанбаатар,1,Horse,Адуу,1.2,25.5,4.705882,,
1993,511,Ulaanbaatar,Улаанбаатар,2,Cattle,Үхэр,4.2,58.2,7.216495,,
1993,511,Ulaanbaatar,Улаанбаатар,3,Camel,Тэмээ,,0.1,,..,
1993,511,Ulaanbaatar,Улаанбаатар,4,Sheep,Хонь,5.8,147.8,3.924222,,
1993,511,Ulaanbaatar,Улаанбаатар,5,Goat,Ямаа,1.8,43.5,4.137931,,
1994,0,Total,Улсын дүн,0,Total,Бүгд,690,25174.7,2.740847,,
1994,0,Total,Улсын дүн,1,Horse,Адуу,41.5,2190.3,1.894718,,
1994,0,Total,Улсын дүн,2,Cattle,Үхэр,78.2,2730.5,2.863944,,
1994,0,Total,Улсын дүн,3,Camel,Тэмээ,9.4,367.7,2.556432,,
1994,0,Total,Улсын дүн,4,Sheep,Хонь,423.8,13786.6,3.073999,,
1994,0,Total,Улсын дүн,5,Goat,Ямаа,136.9,7241.3,1.890545,,
1994,181,Zavkhan,Завхан,0,Total,Бүгд,16.7,2003.8,0.833417,,
1994,181,Zavkhan,Завхан,1,Horse,Адуу,1,143.9,0.694927,,
1994,181,Zavkhan,Завхан,2,Cattle,Үхэр,1.8,189.5,0.949868,,
1994,181,Zavkhan,Завхан,3,Camel,Тэмээ,0.1,10.6,0.943396,,
1994,181,Zavkhan,Завхан,4,Sheep,Хонь,11.2,1257,0.89101,,
1994,181,Zavkhan,Завхан,5,Goat,Ямаа,2.6,402.8,0.645482,,
1994,182,Govi-Altai,Говь-Алтай,0,Total,Бүгд,25.1,1766.9,1.420567,,
1994,182,Govi-Altai,Говь-Алтай,1,Horse,Адуу,0.8,79.6,1.005025,,
1994,182,Govi-Altai,Говь-Алтай,2,Cattle,Үхэр,1.1,68.4,1.608187,,
1994,182,Govi-Altai,Говь-Алтай,3,Camel,Тэмээ,0.1,39.1,0.255754,,
1994,182,Govi-Altai,Говь-Алтай,4,Sheep,Хонь,14.7,946.6,1.552926,,
1994,182,Govi-Altai,Говь-Алтай,5,Goat,Ямаа,8.1,633.2,1.279217,,
1994,183,Bayan-Ulgii,Баян-Өлгий,0,Total,Бүгд,12.7,1005.4,1.263179,,
1994,183,Bayan-Ulgii,Баян-Өлгий,1,Horse,Адуу,0.5,62.3,0.802568,,
1994,183,Bayan-Ulgii,Баян-Өлгий,2,Cattle,Үхэр,1.7,82.1,2.070646,,
1994,183,Bayan-Ulgii,Баян-Өлгий,3,Camel,Тэмээ,0.1,7.2,1.388889,,
1994,183,Bayan-Ulgii,Баян-Өлгий,4,Sheep,Хонь,6.2,559.1,1.108925,,
1994,183,Bayan-Ulgii,Баян-Өлгий,5,Goat,Ямаа,4.2,294.6,1.425662,,
1994,184,Khovd,Ховд,0,Total,Бүгд,58.2,1823,3.19254,,
1994,184,Khovd,Ховд,1,Horse,Адуу,2.5,95.1,2.628812,,
1994,184,Khovd,Ховд,2,Cattle,Үхэр,4.1,137.6,2.979651,,
1994,184,Khovd,Ховд,3,Camel,Тэмээ,0.8,27.6,2.898551,,
1994,184,Khovd,Ховд,4,Sheep,Хонь,34.4,957.5,3.592689,,
1994,184,Khovd,Ховд,5,Goat,Ямаа,16.4,605.2,2.709848,,
1994,185,Uvs,Увс,0,Total,Бүгд,55,1628.5,3.377341,,
1994,185,Uvs,Увс,1,Horse,Адуу,2.7,107.3,2.516309,,
1994,185,Uvs,Увс,2,Cattle,Үхэр,3.6,147,2.44898,,
1994,185,Uvs,Увс,3,Camel,Тэмээ,1.2,26.1,4.597701,,
1994,185,Uvs,Увс,4,Sheep,Хонь,36.6,995.2,3.677653,,
1994,185,Uvs,Увс,5,Goat,Ямаа,11,353,3.116147,,
1994,261,Orkhon,Орхон,0,Total,Бүгд,5.7,105.7,5.392621,,
1994,261,Orkhon,Орхон,1,Horse,Адуу,0.4,8.3,4.819277,,
1994,261,Orkhon,Орхон,2,Cattle,Үхэр,0.9,20.4,4.411765,,
1994,261,Orkhon,Орхон,3,Camel,Тэмээ,,0,,..,
1994,261,Orkhon,Орхон,4,Sheep,Хонь,4,63.6,6.289308,,
1994,261,Orkhon,Орхон,5,Goat,Ямаа,0.4,13.4,2.985075,,
1994,262,Uvurkhangai,Өвөрхангай,0,Total,Бүгд,26.1,2106,1.239316,,
1994,262,Uvurkhangai,Өвөрхангай,1,Horse,Адуу,1.5,191.3,0.784109,,
1994,262,Uvurkhangai,Өвөрхангай,2,Cattle,Үхэр,2.5,205.7,1.215362,,
1994,262,Uvurkhangai,Өвөрхангай,3,Camel,Тэмээ,0.2,21,0.952381,,
1994,262,Uvurkhangai,Өвөрхангай,4,Sheep,Хонь,15.6,1170.8,1.332422,,
1994,262,Uvurkhangai,Өвөрхангай,5,Goat,Ямаа,6.3,517.4,1.217627,,
1994,263,Bulgan,Булган,0,Total,Бүгд,15.7,1036.9,1.514129,,
1994,263,Bulgan,Булган,1,Horse,Адуу,1,132.2,0.75643,,
1994,263,Bulgan,Булган,2,Cattle,Үхэр,2.2,173.2,1.270208,,
1994,263,Bulgan,Булган,3,Camel,Тэмээ,0.2,1.8,11.111111,,
1994,263,Bulgan,Булган,4,Sheep,Хонь,10.9,596.2,1.828246,,
1994,263,Bulgan,Булган,5,Goat,Ямаа,1.3,133.5,0.973783,,
1994,264,Bayankhongor,Баянхонгор,0,Total,Бүгд,17.4,1713.5,1.015465,,
1994,264,Bayankhongor,Баянхонгор,1,Horse,Адуу,0.8,99.9,0.800801,,
1994,264,Bayankhongor,Баянхонгор,2,Cattle,Үхэр,1.3,125.1,1.039169,,
1994,264,Bayankhongor,Баянхонгор,3,Camel,Тэмээ,0.3,35.7,0.840336,,
1994,264,Bayankhongor,Баянхонгор,4,Sheep,Хонь,7.9,739.9,1.067712,,
1994,264,Bayankhongor,Баянхонгор,5,Goat,Ямаа,7.1,712.9,0.995932,,
1994,265,Arkhangai,Архангай,0,Total,Бүгд,23.6,1494.7,1.578912,,
1994,265,Arkhangai,Архангай,1,Horse,Адуу,1.6,189.4,0.844773,,
1994,265,Arkhangai,Архангай,2,Cattle,Үхэр,3.2,284.1,1.126364,,
1994,265,Arkhangai,Архангай,3,Camel,Тэмээ,0.1,1,10.0,,
1994,265,Arkhangai,Архангай,4,Sheep,Хонь,16,785.2,2.037697,,
1994,265,Arkhangai,Архангай,5,Goat,Ямаа,2.7,235,1.148936,,
1994,267,Khuvsgul,Хөвсгөл,0,Total,Бүгд,25.5,1679.6,1.518219,,
1994,267,Khuvsgul,Хөвсгөл,1,Horse,Адуу,1.9,172.4,1.102088,,
1994,267,Khuvsgul,Хөвсгөл,2,Cattle,Үхэр,4.6,327.5,1.40458,,
1994,267,Khuvsgul,Хөвсгөл,3,Camel,Тэмээ,0.1,5.3,1.886792,,
1994,267,Khuvsgul,Хөвсгөл,4,Sheep,Хонь,14.1,850.2,1.658433,,
1994,267,Khuvsgul,Хөвсгөл,5,Goat,Ямаа,4.8,324.2,1.480568,,
1994,341,Tuv,Төв,0,Total,Бүгд,82.8,1620.4,5.109849,,
1994,341,Tuv,Төв,1,Horse,Адуу,6.3,207.3,3.039074,,
1994,341,Tuv,Төв,2,Cattle,Үхэр,11.9,185.9,6.401291,,
1994,341,Tuv,Төв,3,Camel,Тэмээ,0.3,4.8,6.25,,
1994,341,Tuv,Төв,4,Sheep,Хонь,55.7,1011.9,5.504496,,
1994,341,Tuv,Төв,5,Goat,Ямаа,8.6,210.5,4.085511,,
1994,342,Govisumber,Говьсүмбэр,0,Total,Бүгд,15.2,105.3,14.434948,,
1994,342,Govisumber,Говьсүмбэр,1,Horse,Адуу,0.3,7,4.285714,,
1994,342,Govisumber,Говьсүмбэр,2,Cattle,Үхэр,0.7,8.5,8.235294,,
1994,342,Govisumber,Говьсүмбэр,3,Camel,Тэмээ,,0.4,,..,
1994,342,Govisumber,Говьсүмбэр,4,Sheep,Хонь,13,71.8,18.10585,,
1994,342,Govisumber,Говьсүмбэр,5,Goat,Ямаа,1.2,17.7,6.779661,,
1994,343,Selenge,Сэлэнгэ,0,Total,Бүгд,19.7,456.6,4.314498,,
1994,343,Selenge,Сэлэнгэ,1,Horse,Адуу,1.2,37.6,3.191489,,
1994,343,Selenge,Сэлэнгэ,2,Cattle,Үхэр,3.2,85.8,3.729604,,
1994,343,Selenge,Сэлэнгэ,3,Camel,Тэмээ,,0.3,,..,
1994,343,Selenge,Сэлэнгэ,4,Sheep,Хонь,14.3,290,4.931034,,
1994,343,Selenge,Сэлэнгэ,5,Goat,Ямаа,1,42.9,2.331002,,
1994,344,Dornogovi,Дорноговь,0,Total,Бүгд,33.4,810.4,4.121422,,
1994,344,Dornogovi,Дорноговь,1,Horse,Адуу,2.3,76.9,2.990897,,
1994,344,Dornogovi,Дорноговь,2,Cattle,Үхэр,3.6,69.9,5.150215,,
1994,344,Dornogovi,Дорноговь,3,Camel,Тэмээ,1.3,35.8,3.631285,,
1994,344,Dornogovi,Дорноговь,4,Sheep,Хонь,21.5,430,5.0,,
1994,344,Dornogovi,Дорноговь,5,Goat,Ямаа,4.7,197.8,2.376138,,
1994,345,Darkhan-Uul,Дархан-Уул,0,Total,Бүгд,3.1,130.4,2.377301,,
1994,345,Darkhan-Uul,Дархан-Уул,1,Horse,Адуу,0.2,10.3,1.941748,,
1994,345,Darkhan-Uul,Дархан-Уул,2,Cattle,Үхэр,0.5,24.6,2.03252,,
1994,345,Darkhan-Uul,Дархан-Уул,3,Camel,Тэмээ,,0,,..,
1994,345,Darkhan-Uul,Дархан-Уул,4,Sheep,Хонь,1.9,78.5,2.420382,,
1994,345,Darkhan-Uul,Дархан-Уул,5,Goat,Ямаа,0.4,16.9,2.366864,,
1994,346,Umnugovi,Өмнөговь,0,Total,Бүгд,13,908.3,1.431245,,
1994,346,Umnugovi,Өмнөговь,1,Horse,Адуу,0.6,58.5,1.025641,,
1994,346,Umnugovi,Өмнөговь,2,Cattle,Үхэр,0.4,21.1,1.895735,,
1994,346,Umnugovi,Өмнөговь,3,Camel,Тэмээ,1.8,91.3,1.971522,,
1994,346,Umnugovi,Өмнөговь,4,Sheep,Хонь,3.8,278.8,1.362984,,
1994,346,Umnugovi,Өмнөговь,5,Goat,Ямаа,6.4,458.7,1.395247,,
1994,348,Dundgovi,Дундговь,0,Total,Бүгд,77.7,1483.8,5.236555,,
1994,348,Dundgovi,Дундговь,1,Horse,Адуу,4.2,131.9,3.18423,,
1994,348,Dundgovi,Дундговь,2,Cattle,Үхэр,6.6,84.1,7.8478,,
1994,348,Dundgovi,Дундговь,3,Camel,Тэмээ,0.9,31.4,2.866242,,
1994,348,Dundgovi,Дундговь,4,Sheep,Хонь,39.5,785.8,5.026724,,
1994,348,Dundgovi,Дундговь,5,Goat,Ямаа,26.5,450.8,5.878438,,
1994,421,Dornod,Дорнод,0,Total,Бүгд,31.3,712.7,4.39175,,
1994,421,Dornod,Дорнод,1,Horse,Адуу,3,92.5,3.243243,,
1994,421,Dornod,Дорнод,2,Cattle,Үхэр,4.3,117.6,3.656463,,
1994,421,Dornod,Дорнод,3,Camel,Тэмээ,0.6,8.6,6.976744,,
1994,421,Dornod,Дорнод,4,Sheep,Хонь,22.3,443.3,5.030453,,
1994,421,Dornod,Дорнод,5,Goat,Ямаа,1.1,50.8,2.165354,,
1994,422,Sukhbaatar,Сүхбаатар,0,Total,Бүгд,62,646.8,9.585652,,
1994,422,Sukhbaatar,Сүхбаатар,1,Horse,Адуу,4,71.4,5.602241,,
1994,422,Sukhbaatar,Сүхбаатар,2,Cattle,Үхэр,9.1,80.5,11.304348,,
1994,422,Sukhbaatar,Сүхбаатар,3,Camel,Тэмээ,0.9,7.9,11.392405,,
1994,422,Sukhbaatar,Сүхбаатар,4,Sheep,Хонь,36.4,371.2,9.806034,,
1994,422,Sukhbaatar,Сүхбаатар,5,Goat,Ямаа,11.7,115.7,10.11236,,
1994,423,Khentii,Хэнтий,0,Total,Бүгд,59.7,1183.4,5.044786,,
1994,423,Khentii,Хэнтий,1,Horse,Адуу,4,136.3,2.934703,,
1994,423,Khentii,Хэнтий,2,Cattle,Үхэр,8.1,167.3,4.841602,,
1994,423,Khentii,Хэнтий,3,Camel,Тэмээ,0.4,7.2,5.555556,,
1994,423,Khentii,Хэнтий,4,Sheep,Хонь,38.4,667.6,5.751947,,
1994,423,Khentii,Хэнтий,5,Goat,Ямаа,8.9,205.1,4.339347,,
1994,511,Ulaanbaatar,Улаанбаатар,0,Total,Бүгд,10.4,266.3,3.90537,,
1994,511,Ulaanbaatar,Улаанбаатар,1,Horse,Адуу,0.7,24.1,2.904564,,
1994,511,Ulaanbaatar,Улаанбаатар,2,Cattle,Үхэр,2.8,53,5.283019,,
1994,511,Ulaanbaatar,Улаанбаатар,3,Camel,Тэмээ,,0.1,,..,
1994,511,Ulaanbaatar,Улаанбаатар,4,Sheep,Хонь,5.4,144.8,3.729282,,
1994,511,Ulaanbaatar,Улаанбаатар,5,Goat,Ямаа,1.5,44.2,3.393665,,
1995,0,Total,Улсын дүн,0,Total,Бүгд,673.9,26808.1,2.513792,,
1995,0,Total,Улсын дүн,1,Horse,Адуу,48.1,2408.9,1.996762,,
1995,0,Total,Улсын дүн,2,Cattle,Үхэр,84.7,3005.2,2.818448,,
1995,0,Total,Улсын дүн,3,Camel,Тэмээ,7.5,366.1,2.048621,,
1995,0,Total,Улсын дүн,4,Sheep,Хонь,403.2,13786.6,2.924579,,
1995,0,Total,Улсын дүн,5,Goat,Ямаа,130.5,7241.3,1.802163,,
1995,181,Zavkhan,Завхан,0,Total,Бүгд,31.4,2246.8,1.397543,,
1995,181,Zavkhan,Завхан,1,Horse,Адуу,2.1,168.7,1.244813,,
1995,181,Zavkhan,Завхан,2,Cattle,Үхэр,3.3,226.3,1.458241,,
1995,181,Zavkhan,Завхан,3,Camel,Тэмээ,0.2,11.3,1.769912,,
1995,181,Zavkhan,Завхан,4,Sheep,Хонь,19.1,1325.7,1.440748,,
1995,181,Zavkhan,Завхан,5,Goat,Ямаа,6.7,514.8,1.301476,,
1995,182,Govi-Altai,Говь-Алтай,0,Total,Бүгд,33.5,1973.4,1.697578,,
1995,182,Govi-Altai,Говь-Алтай,1,Horse,Адуу,1,91.2,1.096491,,
1995,182,Govi-Altai,Говь-Алтай,2,Cattle,Үхэр,1.5,81.9,1.831502,,
1995,182,Govi-Altai,Говь-Алтай,3,Camel,Тэмээ,0.5,39.6,1.262626,,
1995,182,Govi-Altai,Говь-Алтай,4,Sheep,Хонь,17.3,975.1,1.774177,,
1995,182,Govi-Altai,Говь-Алтай,5,Goat,Ямаа,13.3,785.6,1.692974,,
1995,183,Bayan-Ulgii,Баян-Өлгий,0,Total,Бүгд,5.4,1156.6,0.466886,,
1995,183,Bayan-Ulgii,Баян-Өлгий,1,Horse,Адуу,0.5,70.2,0.712251,,
1995,183,Bayan-Ulgii,Баян-Өлгий,2,Cattle,Үхэр,0.7,99.1,0.706357,,
1995,183,Bayan-Ulgii,Баян-Өлгий,3,Camel,Тэмээ,0,7.9,0.0,,
1995,183,Bayan-Ulgii,Баян-Өлгий,4,Sheep,Хонь,2.5,613.1,0.407764,,
1995,183,Bayan-Ulgii,Баян-Өлгий,5,Goat,Ямаа,1.6,366.4,0.436681,,
1995,184,Khovd,Ховд,0,Total,Бүгд,23.3,1905,1.223097,,
1995,184,Khovd,Ховд,1,Horse,Адуу,1.1,104.1,1.056676,,
1995,184,Khovd,Ховд,2,Cattle,Үхэр,2,158,1.265823,,
1995,184,Khovd,Ховд,3,Camel,Тэмээ,0.4,28.3,1.413428,,
1995,184,Khovd,Ховд,4,Sheep,Хонь,11.7,914.2,1.279807,,
1995,184,Khovd,Ховд,5,Goat,Ямаа,8.1,700.4,1.156482,,
1995,185,Uvs,Увс,0,Total,Бүгд,50.3,1707.9,2.945137,,
1995,185,Uvs,Увс,1,Horse,Адуу,2.9,115,2.521739,,
1995,185,Uvs,Увс,2,Cattle,Үхэр,5,165.1,3.028468,,
1995,185,Uvs,Увс,3,Camel,Тэмээ,0.8,25.3,3.162055,,
1995,185,Uvs,Увс,4,Sheep,Хонь,32.3,987.9,3.269562,,
1995,185,Uvs,Увс,5,Goat,Ямаа,9.3,414.7,2.242585,,
1995,261,Orkhon,Орхон,0,Total,Бүгд,5.6,110.9,5.049594,,
1995,261,Orkhon,Орхон,1,Horse,Адуу,0.4,8.6,4.651163,,
1995,261,Orkhon,Орхон,2,Cattle,Үхэр,1,20.5,4.878049,,
1995,261,Orkhon,Орхон,3,Camel,Тэмээ,,0,,..,
1995,261,Orkhon,Орхон,4,Sheep,Хонь,3.3,64.4,5.124224,,
1995,261,Orkhon,Орхон,5,Goat,Ямаа,0.9,17.5,5.142857,,
1995,262,Uvurkhangai,Өвөрхангай,0,Total,Бүгд,25.2,2346.2,1.074077,,
1995,262,Uvurkhangai,Өвөрхангай,1,Horse,Адуу,2.2,222.2,0.990099,,
1995,262,Uvurkhangai,Өвөрхангай,2,Cattle,Үхэр,2.3,235.8,0.975403,,
1995,262,Uvurkhangai,Өвөрхангай,3,Camel,Тэмээ,0.2,20.8,0.961538,,
1995,262,Uvurkhangai,Өвөрхангай,4,Sheep,Хонь,15.3,1254.9,1.219221,,
1995,262,Uvurkhangai,Өвөрхангай,5,Goat,Ямаа,5.2,612.6,0.848841,,
1995,263,Bulgan,Булган,0,Total,Бүгд,17.5,1078.8,1.622173,,
1995,263,Bulgan,Булган,1,Horse,Адуу,1.4,149.3,0.937709,,
1995,263,Bulgan,Булган,2,Cattle,Үхэр,2.6,188.6,1.378579,,
1995,263,Bulgan,Булган,3,Camel,Тэмээ,0.1,1.5,6.666667,,
1995,263,Bulgan,Булган,4,Sheep,Хонь,11.9,582.5,2.042918,,
1995,263,Bulgan,Булган,5,Goat,Ямаа,1.5,157,0.955414,,
1995,264,Bayankhongor,Баянхонгор,0,Total,Бүгд,31.2,1995.2,1.563753,,
1995,264,Bayankhongor,Баянхонгор,1,Horse,Адуу,1.5,114.9,1.305483,,
1995,264,Bayankhongor,Баянхонгор,2,Cattle,Үхэр,2,145,1.37931,,
1995,264,Bayankhongor,Баянхонгор,3,Camel,Тэмээ,0.4,37.9,1.055409,,
1995,264,Bayankhongor,Баянхонгор,4,Sheep,Хонь,14.4,818.4,1.759531,,
1995,264,Bayankhongor,Баянхонгор,5,Goat,Ямаа,12.9,879,1.467577,,
1995,265,Arkhangai,Архангай,0,Total,Бүгд,88.8,1626.3,5.460247,,
1995,265,Arkhangai,Архангай,1,Horse,Адуу,5.2,210.6,2.469136,,
1995,265,Arkhangai,Архангай,2,Cattle,Үхэр,11.6,315.4,3.677869,,
1995,265,Arkhangai,Архангай,3,Camel,Тэмээ,0.1,1,10.0,,
1995,265,Arkhangai,Архангай,4,Sheep,Хонь,58.6,816.2,7.179613,,
1995,265,Arkhangai,Архангай,5,Goat,Ямаа,13.4,283.2,4.731638,,
1995,267,Khuvsgul,Хөвсгөл,0,Total,Бүгд,41.5,1788,2.321029,,
1995,267,Khuvsgul,Хөвсгөл,1,Horse,Адуу,2.4,190.3,1.261167,,
1995,267,Khuvsgul,Хөвсгөл,2,Cattle,Үхэр,6.4,355.8,1.798763,,
1995,267,Khuvsgul,Хөвсгөл,3,Camel,Тэмээ,0.1,5.4,1.851852,,
1995,267,Khuvsgul,Хөвсгөл,4,Sheep,Хонь,24.3,846,2.87234,,
1995,267,Khuvsgul,Хөвсгөл,5,Goat,Ямаа,8.3,390.6,2.124936,,
1995,341,Tuv,Төв,0,Total,Бүгд,44.9,1629.9,2.75477,,
1995,341,Tuv,Төв,1,Horse,Адуу,4.4,220.1,1.999091,,
1995,341,Tuv,Төв,2,Cattle,Үхэр,5.3,190.7,2.779234,,
1995,341,Tuv,Төв,3,Camel,Тэмээ,0.1,4.2,2.380952,,
1995,341,Tuv,Төв,4,Sheep,Хонь,31.5,982.6,3.205781,,
1995,341,Tuv,Төв,5,Goat,Ямаа,3.6,232.3,1.54972,,
1995,342,Govisumber,Говьсүмбэр,0,Total,Бүгд,5.2,97.8,5.316973,,
1995,342,Govisumber,Говьсүмбэр,1,Horse,Адуу,0.2,8,2.5,,
1995,342,Govisumber,Говьсүмбэр,2,Cattle,Үхэр,0.2,9.1,2.197802,,
1995,342,Govisumber,Говьсүмбэр,3,Camel,Тэмээ,,0.5,,..,
1995,342,Govisumber,Говьсүмбэр,4,Sheep,Хонь,4.3,61.4,7.003257,,
1995,342,Govisumber,Говьсүмбэр,5,Goat,Ямаа,0.4,18.8,2.12766,,
1995,343,Selenge,Сэлэнгэ,0,Total,Бүгд,26,496.4,5.237712,,
1995,343,Selenge,Сэлэнгэ,1,Horse,Адуу,1.4,38.6,3.626943,,
1995,343,Selenge,Сэлэнгэ,2,Cattle,Үхэр,5.3,93,5.698925,,
1995,343,Selenge,Сэлэнгэ,3,Camel,Тэмээ,,0.3,,..,
1995,343,Selenge,Сэлэнгэ,4,Sheep,Хонь,17.3,305.1,5.670272,,
1995,343,Selenge,Сэлэнгэ,5,Goat,Ямаа,2,59.5,3.361345,,
1995,344,Dornogovi,Дорноговь,0,Total,Бүгд,12.8,824.3,1.552833,,
1995,344,Dornogovi,Дорноговь,1,Horse,Адуу,1.2,81.4,1.474201,,
1995,344,Dornogovi,Дорноговь,2,Cattle,Үхэр,1.1,75.9,1.449275,,
1995,344,Dornogovi,Дорноговь,3,Camel,Тэмээ,0.8,33.2,2.409639,,
1995,344,Dornogovi,Дорноговь,4,Sheep,Хонь,7,406.5,1.722017,,
1995,344,Dornogovi,Дорноговь,5,Goat,Ямаа,2.7,227.4,1.187335,,
1995,345,Darkhan-Uul,Дархан-Уул,0,Total,Бүгд,12.2,139.5,8.74552,,
1995,345,Darkhan-Uul,Дархан-Уул,1,Horse,Адуу,0.7,10.8,6.481481,,
1995,345,Darkhan-Uul,Дархан-Уул,2,Cattle,Үхэр,1.7,26.8,6.343284,,
1995,345,Darkhan-Uul,Дархан-Уул,3,Camel,Тэмээ,,0.1,,..,
1995,345,Darkhan-Uul,Дархан-Уул,4,Sheep,Хонь,8.5,81,10.493827,,
1995,345,Darkhan-Uul,Дархан-Уул,5,Goat,Ямаа,1.3,20.9,6.220096,,
1995,346,Umnugovi,Өмнөговь,0,Total,Бүгд,12.6,1044.5,1.206319,,
1995,346,Umnugovi,Өмнөговь,1,Horse,Адуу,0.7,67.7,1.033973,,
1995,346,Umnugovi,Өмнөговь,2,Cattle,Үхэр,0.2,24.2,0.826446,,
1995,346,Umnugovi,Өмнөговь,3,Camel,Тэмээ,1.4,91.6,1.528384,,
1995,346,Umnugovi,Өмнөговь,4,Sheep,Хонь,4.3,309.6,1.388889,,
1995,346,Umnugovi,Өмнөговь,5,Goat,Ямаа,6,551.4,1.088139,,
1995,348,Dundgovi,Дундговь,0,Total,Бүгд,20.4,1521.9,1.34043,,
1995,348,Dundgovi,Дундговь,1,Horse,Адуу,2.2,141.2,1.558074,,
1995,348,Dundgovi,Дундговь,2,Cattle,Үхэр,1.2,88.2,1.360544,,
1995,348,Dundgovi,Дундговь,3,Camel,Тэмээ,0.7,30.5,2.295082,,
1995,348,Dundgovi,Дундговь,4,Sheep,Хонь,10.4,769.7,1.351176,,
1995,348,Dundgovi,Дундговь,5,Goat,Ямаа,6,492.2,1.219017,,
1995,421,Dornod,Дорнод,0,Total,Бүгд,40,650.3,6.151007,,
1995,421,Dornod,Дорнод,1,Horse,Адуу,4.9,92.8,5.280172,,
1995,421,Dornod,Дорнод,2,Cattle,Үхэр,8.1,115,7.043478,,
1995,421,Dornod,Дорнод,3,Camel,Тэмээ,0.5,7.7,6.493506,,
1995,421,Dornod,Дорнод,4,Sheep,Хонь,24.2,376.3,6.431039,,
1995,421,Dornod,Дорнод,5,Goat,Ямаа,2.3,58.6,3.924915,,
1995,422,Sukhbaatar,Сүхбаатар,0,Total,Бүгд,83.6,1086.9,7.6916,,
1995,422,Sukhbaatar,Сүхбаатар,1,Horse,Адуу,5.5,130.8,4.204893,,
1995,422,Sukhbaatar,Сүхбаатар,2,Cattle,Үхэр,10.5,159.9,6.566604,,
1995,422,Sukhbaatar,Сүхбаатар,3,Camel,Тэмээ,0.8,11.9,6.722689,,
1995,422,Sukhbaatar,Сүхбаатар,4,Sheep,Хонь,50.3,586.3,8.579226,,
1995,422,Sukhbaatar,Сүхбаатар,5,Goat,Ямаа,16.4,197.9,8.287014,,
1995,423,Khentii,Хэнтий,0,Total,Бүгд,50.9,1104,4.610507,,
1995,423,Khentii,Хэнтий,1,Horse,Адуу,5.2,146.3,3.55434,,
1995,423,Khentii,Хэнтий,2,Cattle,Үхэр,10.1,174.4,5.791284,,
1995,423,Khentii,Хэнтий,3,Camel,Тэмээ,0.4,7.3,5.479452,,
1995,423,Khentii,Хэнтий,4,Sheep,Хонь,28.7,564.7,5.082345,,
1995,423,Khentii,Хэнтий,5,Goat,Ямаа,6.5,211.3,3.076195,,
1995,511,Ulaanbaatar,Улаанбаатар,0,Total,Бүгд,11.6,247.8,4.681195,,
1995,511,Ulaanbaatar,Улаанбаатар,1,Horse,Адуу,1,24.5,4.081633,,
1995,511,Ulaanbaatar,Улаанбаатар,2,Cattle,Үхэр,2.6,48.1,5.405405,,
1995,511,Ulaanbaatar,Улаанбаатар,3,Camel,Тэмээ,,0.1,,..,
1995,511,Ulaanbaatar,Улаанбаатар,4,Sheep,Хонь,6,132.6,4.524887,,
1995,511,Ulaanbaatar,Улаанбаатар,5,Goat,Ямаа,2.1,42.5,4.941176,,
1996,0,Total,Улсын дүн,0,Total,Бүгд,585.8,28572.3,2.050237,,
1996,0,Total,Улсын дүн,1,Horse,Адуу,53.2,2684.4,1.981821,,
1996,0,Total,Улсын дүн,2,Cattle,Үхэр,79.8,3317.1,2.405716,,
1996,0,Total,Улсын дүн,3,Camel,Тэмээ,8.1,367.5,2.204082,,
1996,0,Total,Улсын дүн,4,Sheep,Хонь,288.7,13718.6,2.104442,,
1996,0,Total,Улсын дүн,5,Goat,Ямаа,156.7,8520.7,1.839051,,
1996,181,Zavkhan,Завхан,0,Total,Бүгд,22.5,2401.4,0.936953,,
1996,181,Zavkhan,Завхан,1,Horse,Адуу,1.8,189.5,0.949868,,
1996,181,Zavkhan,Завхан,2,Cattle,Үхэр,2.5,258.2,0.968242,,
1996,181,Zavkhan,Завхан,3,Camel,Тэмээ,0.6,11.6,5.172414,,
1996,181,Zavkhan,Завхан,4,Sheep,Хонь,11.8,1329.3,0.887685,,
1996,181,Zavkhan,Завхан,5,Goat,Ямаа,6.3,612.9,1.0279,,
1996,182,Govi-Altai,Говь-Алтай,0,Total,Бүгд,39.3,2102.5,1.869203,,
1996,182,Govi-Altai,Говь-Алтай,1,Horse,Адуу,1.4,102.9,1.360544,,
1996,182,Govi-Altai,Говь-Алтай,2,Cattle,Үхэр,2.2,95.2,2.310924,,
1996,182,Govi-Altai,Говь-Алтай,3,Camel,Тэмээ,0.1,40.3,0.248139,,
1996,182,Govi-Altai,Говь-Алтай,4,Sheep,Хонь,17.4,959.6,1.813256,,
1996,182,Govi-Altai,Говь-Алтай,5,Goat,Ямаа,17.7,904.6,1.956666,,
1996,183,Bayan-Ulgii,Баян-Өлгий,0,Total,Бүгд,11.5,1354.2,0.84921,,
1996,183,Bayan-Ulgii,Баян-Өлгий,1,Horse,Адуу,0.8,80.1,0.998752,,
1996,183,Bayan-Ulgii,Баян-Өлгий,2,Cattle,Үхэр,1.4,119.4,1.172529,,
1996,183,Bayan-Ulgii,Баян-Өлгий,3,Camel,Тэмээ,0.1,8.5,1.176471,,
1996,183,Bayan-Ulgii,Баян-Өлгий,4,Sheep,Хонь,5.8,694.9,0.834652,,
1996,183,Bayan-Ulgii,Баян-Өлгий,5,Goat,Ямаа,3.4,451.4,0.753212,,
1996,184,Khovd,Ховд,0,Total,Бүгд,55,2070.6,2.656235,,
1996,184,Khovd,Ховд,1,Horse,Адуу,3.1,116.6,2.658662,,
1996,184,Khovd,Ховд,2,Cattle,Үхэр,4.7,179.4,2.619844,,
1996,184,Khovd,Ховд,3,Camel,Тэмээ,0.7,29.1,2.405498,,
1996,184,Khovd,Ховд,4,Sheep,Хонь,24.9,930.9,2.674831,,
1996,184,Khovd,Ховд,5,Goat,Ямаа,21.6,814.7,2.651283,,
1996,185,Uvs,Увс,0,Total,Бүгд,43,1754.2,2.45126,,
1996,185,Uvs,Увс,1,Horse,Адуу,3.1,121.1,2.559868,,
1996,185,Uvs,Увс,2,Cattle,Үхэр,6.2,181.9,3.408466,,
1996,185,Uvs,Увс,3,Camel,Тэмээ,0.1,24.7,0.404858,,
1996,185,Uvs,Увс,4,Sheep,Хонь,23.2,945.7,2.453209,,
1996,185,Uvs,Увс,5,Goat,Ямаа,9.8,480.8,2.03827,,
1996,261,Orkhon,Орхон,0,Total,Бүгд,7.3,127.3,5.734485,,
1996,261,Orkhon,Орхон,1,Horse,Адуу,0.5,11.5,4.347826,,
1996,261,Orkhon,Орхон,2,Cattle,Үхэр,1.1,24.5,4.489796,,
1996,261,Orkhon,Орхон,3,Camel,Тэмээ,,0,,..,
1996,261,Orkhon,Орхон,4,Sheep,Хонь,4.9,69.6,7.04023,,
1996,261,Orkhon,Орхон,5,Goat,Ямаа,0.8,21.7,3.686636,,
1996,262,Uvurkhangai,Өвөрхангай,0,Total,Бүгд,70.7,2595,2.72447,,
1996,262,Uvurkhangai,Өвөрхангай,1,Horse,Адуу,10.6,254.4,4.166667,,
1996,262,Uvurkhangai,Өвөрхангай,2,Cattle,Үхэр,11.6,270.7,4.285187,,
1996,262,Uvurkhangai,Өвөрхангай,3,Camel,Тэмээ,0.2,20.9,0.956938,,
1996,262,Uvurkhangai,Өвөрхангай,4,Sheep,Хонь,31.5,1312.6,2.399817,,
1996,262,Uvurkhangai,Өвөрхангай,5,Goat,Ямаа,16.6,736.5,2.253904,,
1996,263,Bulgan,Булган,0,Total,Бүгд,17.5,1137.1,1.539003,,
1996,263,Bulgan,Булган,1,Horse,Адуу,4,164.4,2.43309,,
1996,263,Bulgan,Булган,2,Cattle,Үхэр,3,206.5,1.452785,,
1996,263,Bulgan,Булган,3,Camel,Тэмээ,1,1.3,76.923077,,
1996,263,Bulgan,Булган,4,Sheep,Хонь,9,578.3,1.556286,,
1996,263,Bulgan,Булган,5,Goat,Ямаа,1.3,186.6,0.696677,,
1996,264,Bayankhongor,Баянхонгор,0,Total,Бүгд,65.6,2227.2,2.945402,,
1996,264,Bayankhongor,Баянхонгор,1,Horse,Адуу,3,132.6,2.262443,,
1996,264,Bayankhongor,Баянхонгор,2,Cattle,Үхэр,4.8,169.8,2.826855,,
1996,264,Bayankhongor,Баянхонгор,3,Camel,Тэмээ,1,39.7,2.518892,,
1996,264,Bayankhongor,Баянхонгор,4,Sheep,Хонь,25.5,853.3,2.988398,,
1996,264,Bayankhongor,Баянхонгор,5,Goat,Ямаа,31.3,1031.9,3.03324,,
1996,265,Arkhangai,Архангай,0,Total,Бүгд,25.5,1626.4,1.56788,,
1996,265,Arkhangai,Архангай,1,Horse,Адуу,3.1,223.4,1.387645,,
1996,265,Arkhangai,Архангай,2,Cattle,Үхэр,5.3,336.1,1.576912,,
1996,265,Arkhangai,Архангай,3,Camel,Тэмээ,0,0.9,0.0,,
1996,265,Arkhangai,Архангай,4,Sheep,Хонь,13.3,758.1,1.754386,,
1996,265,Arkhangai,Архангай,5,Goat,Ямаа,3.8,307.9,1.234167,,
1996,267,Khuvsgul,Хөвсгөл,0,Total,Бүгд,26.7,1857.4,1.437493,,
1996,267,Khuvsgul,Хөвсгөл,1,Horse,Адуу,2.4,205.8,1.166181,,
1996,267,Khuvsgul,Хөвсгөл,2,Cattle,Үхэр,4.8,388.5,1.235521,,
1996,267,Khuvsgul,Хөвсгөл,3,Camel,Тэмээ,0.1,5.4,1.851852,,
1996,267,Khuvsgul,Хөвсгөл,4,Sheep,Хонь,13.5,812.2,1.662152,,
1996,267,Khuvsgul,Хөвсгөл,5,Goat,Ямаа,6,445.5,1.346801,,
1996,341,Tuv,Төв,0,Total,Бүгд,33,1766.4,1.868207,,
1996,341,Tuv,Төв,1,Horse,Адуу,4.1,247.3,1.657905,,
1996,341,Tuv,Төв,2,Cattle,Үхэр,4.5,214.4,2.098881,,
1996,341,Tuv,Төв,3,Camel,Тэмээ,0,4.3,0.0,,
1996,341,Tuv,Төв,4,Sheep,Хонь,20.8,1004.2,2.071301,,
1996,341,Tuv,Төв,5,Goat,Ямаа,3.4,296.1,1.148261,,
1996,342,Govisumber,Говьсүмбэр,0,Total,Бүгд,1.8,103.1,1.745878,,
1996,342,Govisumber,Говьсүмбэр,1,Horse,Адуу,0.1,8.9,1.123596,,
1996,342,Govisumber,Говьсүмбэр,2,Cattle,Үхэр,0.1,10.1,0.990099,,
1996,342,Govisumber,Говьсүмбэр,3,Camel,Тэмээ,,0.5,,..,
1996,342,Govisumber,Говьсүмбэр,4,Sheep,Хонь,1.4,58.6,2.389078,,
1996,342,Govisumber,Говьсүмбэр,5,Goat,Ямаа,0.3,25.1,1.195219,,
1996,343,Selenge,Сэлэнгэ,0,Total,Бүгд,21.9,504.7,4.339211,,
1996,343,Selenge,Сэлэнгэ,1,Horse,Адуу,1.4,41.2,3.398058,,
1996,343,Selenge,Сэлэнгэ,2,Cattle,Үхэр,3.8,97.6,3.893443,,
1996,343,Selenge,Сэлэнгэ,3,Camel,Тэмээ,,0.3,,..,
1996,343,Selenge,Сэлэнгэ,4,Sheep,Хонь,15,295.1,5.083023,,
1996,343,Selenge,Сэлэнгэ,5,Goat,Ямаа,1.8,70.6,2.549575,,
1996,344,Dornogovi,Дорноговь,0,Total,Бүгд,11.9,886.2,1.342812,,
1996,344,Dornogovi,Дорноговь,1,Horse,Адуу,1,89.4,1.118568,,
1996,344,Dornogovi,Дорноговь,2,Cattle,Үхэр,1.3,85,1.529412,,
1996,344,Dornogovi,Дорноговь,3,Camel,Тэмээ,0.6,31.2,1.923077,,
1996,344,Dornogovi,Дорноговь,4,Sheep,Хонь,5.7,409.1,1.393302,,
1996,344,Dornogovi,Дорноговь,5,Goat,Ямаа,3.2,271.5,1.178637,,
1996,345,Darkhan-Uul,Дархан-Уул,0,Total,Бүгд,7.4,138.6,5.339105,,
1996,345,Darkhan-Uul,Дархан-Уул,1,Horse,Адуу,0.5,11.6,4.310345,,
1996,345,Darkhan-Uul,Дархан-Уул,2,Cattle,Үхэр,1.9,29.9,6.354515,,
1996,345,Darkhan-Uul,Дархан-Уул,3,Camel,Тэмээ,,0,,..,
1996,345,Darkhan-Uul,Дархан-Уул,4,Sheep,Хонь,4,74,5.405405,,
1996,345,Darkhan-Uul,Дархан-Уул,5,Goat,Ямаа,1,23.2,4.310345,,
1996,346,Umnugovi,Өмнөговь,0,Total,Бүгд,17.4,1203.5,1.445783,,
1996,346,Umnugovi,Өмнөговь,1,Horse,Адуу,0.8,78.6,1.017812,,
1996,346,Umnugovi,Өмнөговь,2,Cattle,Үхэр,0.7,29.4,2.380952,,
1996,346,Umnugovi,Өмнөговь,3,Camel,Тэмээ,0.4,92.9,0.430571,,
1996,346,Umnugovi,Өмнөговь,4,Sheep,Хонь,5.6,341.1,1.641747,,
1996,346,Umnugovi,Өмнөговь,5,Goat,Ямаа,8.6,661.6,1.299879,,
1996,348,Dundgovi,Дундговь,0,Total,Бүгд,17.9,1714.4,1.044097,,
1996,348,Dundgovi,Дундговь,1,Horse,Адуу,1.7,163.8,1.037851,,
1996,348,Dundgovi,Дундговь,2,Cattle,Үхэр,1.5,103.6,1.447876,,
1996,348,Dundgovi,Дундговь,3,Camel,Тэмээ,0.3,30.7,0.977199,,
1996,348,Dundgovi,Дундговь,4,Sheep,Хонь,8.1,810.9,0.99889,,
1996,348,Dundgovi,Дундговь,5,Goat,Ямаа,6.1,605.5,1.007432,,
1996,421,Dornod,Дорнод,0,Total,Бүгд,20.3,591.4,3.432533,,
1996,421,Dornod,Дорнод,1,Horse,Адуу,2.9,88.4,3.280543,,
1996,421,Dornod,Дорнод,2,Cattle,Үхэр,4.5,111.7,4.028648,,
1996,421,Dornod,Дорнод,3,Camel,Тэмээ,0.8,6.8,11.764706,,
1996,421,Dornod,Дорнод,4,Sheep,Хонь,11.3,319.4,3.537884,,
1996,421,Dornod,Дорнод,5,Goat,Ямаа,1.3,65.1,1.996928,,
1996,422,Sukhbaatar,Сүхбаатар,0,Total,Бүгд,28.3,1015.6,2.78653,,
1996,422,Sukhbaatar,Сүхбаатар,1,Horse,Адуу,2.3,134.9,1.704967,,
1996,422,Sukhbaatar,Сүхбаатар,2,Cattle,Үхэр,6.5,162.6,3.99754,,
1996,422,Sukhbaatar,Сүхбаатар,3,Camel,Тэмээ,1.7,11.4,14.912281,,
1996,422,Sukhbaatar,Сүхбаатар,4,Sheep,Хонь,14,496.4,2.820306,,
1996,422,Sukhbaatar,Сүхбаатар,5,Goat,Ямаа,5.1,210.4,2.423954,,
1996,423,Khentii,Хэнтий,0,Total,Бүгд,31.5,1100.9,2.861295,,
1996,423,Khentii,Хэнтий,1,Horse,Адуу,3.3,154.6,2.134541,,
1996,423,Khentii,Хэнтий,2,Cattle,Үхэр,4.9,178.4,2.746637,,
1996,423,Khentii,Хэнтий,3,Camel,Тэмээ,0.3,7.1,4.225352,,
1996,423,Khentii,Хэнтий,4,Sheep,Хонь,17.7,520.3,3.401884,,
1996,423,Khentii,Хэнтий,5,Goat,Ямаа,5.5,240.5,2.286902,,
1996,511,Ulaanbaatar,Улаанбаатар,0,Total,Бүгд,9.8,294.3,3.329935,,
1996,511,Ulaanbaatar,Улаанбаатар,1,Horse,Адуу,1.2,27.8,4.316547,,
1996,511,Ulaanbaatar,Улаанбаатар,2,Cattle,Үхэр,2.6,64.3,4.043546,,
1996,511,Ulaanbaatar,Улаанбаатар,3,Camel,Тэмээ,,0.1,,..,
1996,511,Ulaanbaatar,Улаанбаатар,4,Sheep,Хонь,4.4,145.2,3.030303,,
1996,511,Ulaanbaatar,Улаанбаатар,5,Goat,Ямаа,1.6,57,2.807018,,
1997,0,Total,Улсын дүн,0,Total,Бүгд,617.7,29300.1,2.108184,,
1997,0,Total,Улсын дүн,1,Horse,Адуу,44.9,2770.5,1.620646,,
1997,0,Total,Улсын дүн,2,Cattle,Үхэр,110.4,3476.2,3.175882,,
1997,0,Total,Улсын дүн,3,Camel,Тэмээ,5.7,357.9,1.592624,,
1997,0,Total,Улсын дүн,4,Sheep,Хонь,279,13560.6,2.057431,,
1997,0,Total,Улсын дүн,5,Goat,Ямаа,177.1,9134.8,1.93874,,
1997,181,Zavkhan,Завхан,0,Total,Бүгд,46.1,2474.5,1.863003,,
1997,181,Zavkhan,Завхан,1,Horse,Адуу,2.7,200.4,1.347305,,
1997,181,Zavkhan,Завхан,2,Cattle,Үхэр,11.2,275.4,4.066812,,
1997,181,Zavkhan,Завхан,3,Camel,Тэмээ,0.1,11.1,0.900901,,
1997,181,Zavkhan,Завхан,4,Sheep,Хонь,20.3,1320.8,1.536947,,
1997,181,Zavkhan,Завхан,5,Goat,Ямаа,11.7,666.9,1.754386,,
1997,182,Govi-Altai,Говь-Алтай,0,Total,Бүгд,72.7,2087.2,3.483135,,
1997,182,Govi-Altai,Говь-Алтай,1,Horse,Адуу,4.9,107.6,4.553903,,
1997,182,Govi-Altai,Говь-Алтай,2,Cattle,Үхэр,9,95.9,9.384776,,
1997,182,Govi-Altai,Говь-Алтай,3,Camel,Тэмээ,0.8,38.6,2.072539,,
1997,182,Govi-Altai,Говь-Алтай,4,Sheep,Хонь,31.4,909.6,3.452067,,
1997,182,Govi-Altai,Говь-Алтай,5,Goat,Ямаа,26.6,935.5,2.843399,,
1997,183,Bayan-Ulgii,Баян-Өлгий,0,Total,Бүгд,30.1,1405.8,2.14113,,
1997,183,Bayan-Ulgii,Баян-Өлгий,1,Horse,Адуу,1.3,84.3,1.542112,,
1997,183,Bayan-Ulgii,Баян-Өлгий,2,Cattle,Үхэр,6.1,128.6,4.74339,,
1997,183,Bayan-Ulgii,Баян-Өлгий,3,Camel,Тэмээ,0.1,8.4,1.190476,,
1997,183,Bayan-Ulgii,Баян-Өлгий,4,Sheep,Хонь,11.6,701.2,1.654307,,
1997,183,Bayan-Ulgii,Баян-Өлгий,5,Goat,Ямаа,11,483.3,2.276019,,
1997,184,Khovd,Ховд,0,Total,Бүгд,110,1954.9,5.626886,,
1997,184,Khovd,Ховд,1,Horse,Адуу,6.9,117.2,5.887372,,
1997,184,Khovd,Ховд,2,Cattle,Үхэр,13.4,179.8,7.452725,,
1997,184,Khovd,Ховд,3,Camel,Тэмээ,0.6,27.7,2.166065,,
1997,184,Khovd,Ховд,4,Sheep,Хонь,44.9,841.4,5.336344,,
1997,184,Khovd,Ховд,5,Goat,Ямаа,44.1,788.8,5.590771,,
1997,185,Uvs,Увс,0,Total,Бүгд,40.8,1764.9,2.311746,,
1997,185,Uvs,Увс,1,Horse,Адуу,3.1,123.9,2.502018,,
1997,185,Uvs,Увс,2,Cattle,Үхэр,9.4,184.2,5.103149,,
1997,185,Uvs,Увс,3,Camel,Тэмээ,0.1,24.2,0.413223,,
1997,185,Uvs,Увс,4,Sheep,Хонь,18.5,920.7,2.009341,,
1997,185,Uvs,Увс,5,Goat,Ямаа,9.1,512,1.777344,,
1997,261,Orkhon,Орхон,0,Total,Бүгд,3.9,123.1,3.168156,,
1997,261,Orkhon,Орхон,1,Horse,Адуу,0.3,11.5,2.608696,,
1997,261,Orkhon,Орхон,2,Cattle,Үхэр,0.9,25.5,3.529412,,
1997,261,Orkhon,Орхон,3,Camel,Тэмээ,,0,,..,
1997,261,Orkhon,Орхон,4,Sheep,Хонь,2.2,62.2,3.536977,,
1997,261,Orkhon,Орхон,5,Goat,Ямаа,0.5,23.9,2.09205,,
1997,262,Uvurkhangai,Өвөрхангай,0,Total,Бүгд,26.7,2550.1,1.047018,,
1997,262,Uvurkhangai,Өвөрхангай,1,Horse,Адуу,2.9,250.7,1.156761,,
1997,262,Uvurkhangai,Өвөрхангай,2,Cattle,Үхэр,6,268.2,2.237136,,
1997,262,Uvurkhangai,Өвөрхангай,3,Camel,Тэмээ,0.2,19.6,1.020408,,
1997,262,Uvurkhangai,Өвөрхангай,4,Sheep,Хонь,11.5,1260.1,0.912626,,
1997,262,Uvurkhangai,Өвөрхангай,5,Goat,Ямаа,6.1,751.5,0.81171,,
1997,263,Bulgan,Булган,0,Total,Бүгд,13.6,1202.6,1.130883,,
1997,263,Bulgan,Булган,1,Horse,Адуу,2.1,170,1.235294,,
1997,263,Bulgan,Булган,2,Cattle,Үхэр,2.7,220.3,1.225601,,
1997,263,Bulgan,Булган,3,Camel,Тэмээ,0,1.1,0.0,,
1997,263,Bulgan,Булган,4,Sheep,Хонь,7.4,594.7,1.244325,,
1997,263,Bulgan,Булган,5,Goat,Ямаа,1.4,216.5,0.646651,,
1997,264,Bayankhongor,Баянхонгор,0,Total,Бүгд,35.2,2233.1,1.576284,,
1997,264,Bayankhongor,Баянхонгор,1,Horse,Адуу,2.4,140.8,1.704545,,
1997,264,Bayankhongor,Баянхонгор,2,Cattle,Үхэр,3.6,181.5,1.983471,,
1997,264,Bayankhongor,Баянхонгор,3,Camel,Тэмээ,0.5,38.7,1.29199,,
1997,264,Bayankhongor,Баянхонгор,4,Sheep,Хонь,11.4,818.5,1.392792,,
1997,264,Bayankhongor,Баянхонгор,5,Goat,Ямаа,17.3,1053.6,1.641989,,
1997,265,Arkhangai,Архангай,0,Total,Бүгд,12.4,1725.1,0.718799,,
1997,265,Arkhangai,Архангай,1,Horse,Адуу,1.7,239.8,0.708924,,
1997,265,Arkhangai,Архангай,2,Cattle,Үхэр,2.7,369.4,0.730915,,
1997,265,Arkhangai,Архангай,3,Camel,Тэмээ,0,0.8,0.0,,
1997,265,Arkhangai,Архангай,4,Sheep,Хонь,5.5,757.7,0.725881,,
1997,265,Arkhangai,Архангай,5,Goat,Ямаа,2.5,357.4,0.699496,,
1997,267,Khuvsgul,Хөвсгөл,0,Total,Бүгд,22.5,1976.9,1.138146,,
1997,267,Khuvsgul,Хөвсгөл,1,Horse,Адуу,2.5,217.7,1.148369,,
1997,267,Khuvsgul,Хөвсгөл,2,Cattle,Үхэр,5.6,415.5,1.347774,,
1997,267,Khuvsgul,Хөвсгөл,3,Camel,Тэмээ,0.7,5.4,12.962963,,
1997,267,Khuvsgul,Хөвсгөл,4,Sheep,Хонь,10.2,827.4,1.232777,,
1997,267,Khuvsgul,Хөвсгөл,5,Goat,Ямаа,4.2,510.9,0.822079,,
1997,341,Tuv,Төв,0,Total,Бүгд,30.2,1867.9,1.616789,,
1997,341,Tuv,Төв,1,Horse,Адуу,3.3,261.6,1.261468,,
1997,341,Tuv,Төв,2,Cattle,Үхэр,6.6,235.6,2.801358,,
1997,341,Tuv,Төв,3,Camel,Тэмээ,0,4.2,0.0,,
1997,341,Tuv,Төв,4,Sheep,Хонь,16.5,1020.3,1.617171,,
1997,341,Tuv,Төв,5,Goat,Ямаа,3.6,346.3,1.039561,,
1997,342,Govisumber,Говьсүмбэр,0,Total,Бүгд,7.3,110.7,6.594399,,
1997,342,Govisumber,Говьсүмбэр,1,Horse,Адуу,0.2,10.3,1.941748,,
1997,342,Govisumber,Говьсүмбэр,2,Cattle,Үхэр,0.7,10.9,6.422018,,
1997,342,Govisumber,Говьсүмбэр,3,Camel,Тэмээ,,0.5,,..,
1997,342,Govisumber,Говьсүмбэр,4,Sheep,Хонь,5.4,59.9,9.015025,,
1997,342,Govisumber,Говьсүмбэр,5,Goat,Ямаа,1,29.1,3.436426,,
1997,343,Selenge,Сэлэнгэ,0,Total,Бүгд,20,506.6,3.947888,,
1997,343,Selenge,Сэлэнгэ,1,Horse,Адуу,1.1,40.8,2.696078,,
1997,343,Selenge,Сэлэнгэ,2,Cattle,Үхэр,4.7,98.1,4.79103,,
1997,343,Selenge,Сэлэнгэ,3,Camel,Тэмээ,,0.4,,..,
1997,343,Selenge,Сэлэнгэ,4,Sheep,Хонь,13,284.5,4.56942,,
1997,343,Selenge,Сэлэнгэ,5,Goat,Ямаа,1.2,82.9,1.447527,,
1997,344,Dornogovi,Дорноговь,0,Total,Бүгд,33,922.6,3.576848,,
1997,344,Dornogovi,Дорноговь,1,Horse,Адуу,1.7,95.8,1.77453,,
1997,344,Dornogovi,Дорноговь,2,Cattle,Үхэр,5.6,91.1,6.147091,,
1997,344,Dornogovi,Дорноговь,3,Camel,Тэмээ,0.5,30,1.666667,,
1997,344,Dornogovi,Дорноговь,4,Sheep,Хонь,17.7,411.4,4.302382,,
1997,344,Dornogovi,Дорноговь,5,Goat,Ямаа,7.4,294.4,2.513587,,
1997,345,Darkhan-Uul,Дархан-Уул,0,Total,Бүгд,6.2,137.1,4.522247,,
1997,345,Darkhan-Uul,Дархан-Уул,1,Horse,Адуу,0.3,11.3,2.654867,,
1997,345,Darkhan-Uul,Дархан-Уул,2,Cattle,Үхэр,1.9,29.1,6.52921,,
1997,345,Darkhan-Uul,Дархан-Уул,3,Camel,Тэмээ,,0,,..,
1997,345,Darkhan-Uul,Дархан-Уул,4,Sheep,Хонь,3.2,71,4.507042,,
1997,345,Darkhan-Uul,Дархан-Уул,5,Goat,Ямаа,0.8,25.7,3.11284,,
1997,346,Umnugovi,Өмнөговь,0,Total,Бүгд,14.4,1320.8,1.090248,,
1997,346,Umnugovi,Өмнөговь,1,Horse,Адуу,0.7,88.7,0.789177,,
1997,346,Umnugovi,Өмнөговь,2,Cattle,Үхэр,0.3,32.7,0.917431,,
1997,346,Umnugovi,Өмнөговь,3,Camel,Тэмээ,1.3,92.9,1.399354,,
1997,346,Umnugovi,Өмнөговь,4,Sheep,Хонь,5.3,367,1.444142,,
1997,346,Umnugovi,Өмнөговь,5,Goat,Ямаа,6.7,739.5,0.906018,,
1997,348,Dundgovi,Дундговь,0,Total,Бүгд,14.1,1844.8,0.76431,,
1997,348,Dundgovi,Дундговь,1,Horse,Адуу,1.1,182.4,0.60307,,
1997,348,Dundgovi,Дундговь,2,Cattle,Үхэр,1.7,116,1.465517,,
1997,348,Dundgovi,Дундговь,3,Camel,Тэмээ,0.3,29.7,1.010101,,
1997,348,Dundgovi,Дундговь,4,Sheep,Хонь,6.1,842.1,0.72438,,
1997,348,Dundgovi,Дундговь,5,Goat,Ямаа,4.9,674.6,0.726356,,
1997,421,Dornod,Дорнод,0,Total,Бүгд,9,594.2,1.514642,,
1997,421,Dornod,Дорнод,1,Horse,Адуу,1,87,1.149425,,
1997,421,Dornod,Дорнод,2,Cattle,Үхэр,2.1,111.1,1.890189,,
1997,421,Dornod,Дорнод,3,Camel,Тэмээ,0.1,6.2,1.612903,,
1997,421,Dornod,Дорнод,4,Sheep,Хонь,4.7,314,1.496815,,
1997,421,Dornod,Дорнод,5,Goat,Ямаа,1.1,75.8,1.451187,,
1997,422,Sukhbaatar,Сүхбаатар,0,Total,Бүгд,40,1040.9,3.842828,,
1997,422,Sukhbaatar,Сүхбаатар,1,Horse,Адуу,2.1,139.8,1.502146,,
1997,422,Sukhbaatar,Сүхбаатар,2,Cattle,Үхэр,9.5,155.9,6.09365,,
1997,422,Sukhbaatar,Сүхбаатар,3,Camel,Тэмээ,0.3,11.2,2.678571,,
1997,422,Sukhbaatar,Сүхбаатар,4,Sheep,Хонь,17.2,499.7,3.442065,,
1997,422,Sukhbaatar,Сүхбаатар,5,Goat,Ямаа,10.9,234.3,4.652155,,
1997,423,Khentii,Хэнтий,0,Total,Бүгд,21.9,1150.5,1.90352,,
1997,423,Khentii,Хэнтий,1,Horse,Адуу,2,162.3,1.232286,,
1997,423,Khentii,Хэнтий,2,Cattle,Үхэр,3.9,186.4,2.092275,,
1997,423,Khentii,Хэнтий,3,Camel,Тэмээ,0.1,7.1,1.408451,,
1997,423,Khentii,Хэнтий,4,Sheep,Хонь,11.9,527.5,2.255924,,
1997,423,Khentii,Хэнтий,5,Goat,Ямаа,3.9,267.3,1.459035,,
1997,511,Ulaanbaatar,Улаанбаатар,0,Total,Бүгд,7.6,305.8,2.485284,,
1997,511,Ulaanbaatar,Улаанбаатар,1,Horse,Адуу,0.6,26.8,2.238806,,
1997,511,Ulaanbaatar,Улаанбаатар,2,Cattle,Үхэр,2.8,65.2,4.294479,,
1997,511,Ulaanbaatar,Улаанбаатар,3,Camel,Тэмээ,,0.1,,..,
1997,511,Ulaanbaatar,Улаанбаатар,4,Sheep,Хонь,3.1,149,2.080537,,
1997,511,Ulaanbaatar,Улаанбаатар,5,Goat,Ямаа,1.1,64.8,1.697531,,
1998,0,Total,Улсын дүн,0,Total,Бүгд,785.6,31292.3,2.510522,,
1998,0,Total,Улсын дүн,1,Horse,Адуу,50.8,2893.2,1.755841,,
1998,0,Total,Улсын дүн,2,Cattle,Үхэр,111.3,3612.7,3.080798,,
1998,0,Total,Улсын дүн,3,Camel,Тэмээ,6.5,355.4,1.828925,,
1998,0,Total,Улсын дүн,4,Sheep,Хонь,344.6,14165.6,2.432654,,
1998,0,Total,Улсын дүн,5,Goat,Ямаа,273,10265.4,2.659419,,
1998,181,Zavkhan,Завхан,0,Total,Бүгд,56.7,2556.5,2.217876,,
1998,181,Zavkhan,Завхан,1,Horse,Адуу,5,204.8,2.441406,,
1998,181,Zavkhan,Завхан,2,Cattle,Үхэр,8.7,283.8,3.065539,,
1998,181,Zavkhan,Завхан,3,Camel,Тэмээ,0.2,10.8,1.851852,,
1998,181,Zavkhan,Завхан,4,Sheep,Хонь,28.8,1347.6,2.137133,,
1998,181,Zavkhan,Завхан,5,Goat,Ямаа,14.1,709.5,1.987315,,
1998,182,Govi-Altai,Говь-Алтай,0,Total,Бүгд,113,2112.5,5.349112,,
1998,182,Govi-Altai,Говь-Алтай,1,Horse,Адуу,4.9,102.6,4.775828,,
1998,182,Govi-Altai,Говь-Алтай,2,Cattle,Үхэр,8.8,87.4,10.06865,,
1998,182,Govi-Altai,Говь-Алтай,3,Camel,Тэмээ,1,36.9,2.710027,,
1998,182,Govi-Altai,Говь-Алтай,4,Sheep,Хонь,45.9,893.1,5.139402,,
1998,182,Govi-Altai,Говь-Алтай,5,Goat,Ямаа,52.5,992.5,5.289673,,
1998,183,Bayan-Ulgii,Баян-Өлгий,0,Total,Бүгд,182.3,1519.4,11.998157,,
1998,183,Bayan-Ulgii,Баян-Өлгий,1,Horse,Адуу,8.9,87.7,10.148233,,
1998,183,Bayan-Ulgii,Баян-Өлгий,2,Cattle,Үхэр,25.1,133.3,18.829707,,
1998,183,Bayan-Ulgii,Баян-Өлгий,3,Camel,Тэмээ,0.3,8.5,3.529412,,
1998,183,Bayan-Ulgii,Баян-Өлгий,4,Sheep,Хонь,84.3,746.2,11.297239,,
1998,183,Bayan-Ulgii,Баян-Өлгий,5,Goat,Ямаа,63.8,543.6,11.736571,,
1998,184,Khovd,Ховд,0,Total,Бүгд,104,1926.5,5.398391,,
1998,184,Khovd,Ховд,1,Horse,Адуу,6.6,111.6,5.913978,,
1998,184,Khovd,Ховд,2,Cattle,Үхэр,19.5,169.3,11.518015,,
1998,184,Khovd,Ховд,3,Camel,Тэмээ,0.6,26,2.307692,,
1998,184,Khovd,Ховд,4,Sheep,Хонь,39.6,814.6,4.861282,,
1998,184,Khovd,Ховд,5,Goat,Ямаа,37.7,805,4.68323,,
1998,185,Uvs,Увс,0,Total,Бүгд,41.9,1856.3,2.257178,,
1998,185,Uvs,Увс,1,Horse,Адуу,3.6,124.2,2.898551,,
1998,185,Uvs,Увс,2,Cattle,Үхэр,6.5,182.6,3.559693,,
1998,185,Uvs,Увс,3,Camel,Тэмээ,0.5,24.1,2.074689,,
1998,185,Uvs,Увс,4,Sheep,Хонь,18.4,956.7,1.923278,,
1998,185,Uvs,Увс,5,Goat,Ямаа,13,568.8,2.285513,,
1998,261,Orkhon,Орхон,0,Total,Бүгд,1.9,120.3,1.579385,,
1998,261,Orkhon,Орхон,1,Horse,Адуу,0.2,10.8,1.851852,,
1998,261,Orkhon,Орхон,2,Cattle,Үхэр,0.4,22.7,1.762115,,
1998,261,Orkhon,Орхон,3,Camel,Тэмээ,,0.1,,..,
1998,261,Orkhon,Орхон,4,Sheep,Хонь,0.9,59.3,1.517707,,
1998,261,Orkhon,Орхон,5,Goat,Ямаа,0.4,27.4,1.459854,,
1998,262,Uvurkhangai,Өвөрхангай,0,Total,Бүгд,19.9,2718.2,0.732102,,
1998,262,Uvurkhangai,Өвөрхангай,1,Horse,Адуу,1.8,258.7,0.695787,,
1998,262,Uvurkhangai,Өвөрхангай,2,Cattle,Үхэр,3.3,271.8,1.214128,,
1998,262,Uvurkhangai,Өвөрхангай,3,Camel,Тэмээ,0.2,19.2,1.041667,,
1998,262,Uvurkhangai,Өвөрхангай,4,Sheep,Хонь,7.9,1306.8,0.60453,,
1998,262,Uvurkhangai,Өвөрхангай,5,Goat,Ямаа,6.8,861.7,0.789138,,
1998,263,Bulgan,Булган,0,Total,Бүгд,8.2,1309.8,0.62605,,
1998,263,Bulgan,Булган,1,Horse,Адуу,1.2,178.5,0.672269,,
1998,263,Bulgan,Булган,2,Cattle,Үхэр,1.6,232.1,0.689358,,
1998,263,Bulgan,Булган,3,Camel,Тэмээ,0,1.1,0.0,,
1998,263,Bulgan,Булган,4,Sheep,Хонь,4.2,642.1,0.654104,,
1998,263,Bulgan,Булган,5,Goat,Ямаа,1.2,256.1,0.468567,,
1998,264,Bayankhongor,Баянхонгор,0,Total,Бүгд,36.9,2428,1.519769,,
1998,264,Bayankhongor,Баянхонгор,1,Horse,Адуу,2.1,149.2,1.407507,,
1998,264,Bayankhongor,Баянхонгор,2,Cattle,Үхэр,2.9,192.1,1.50963,,
1998,264,Bayankhongor,Баянхонгор,3,Camel,Тэмээ,0.6,38.8,1.546392,,
1998,264,Bayankhongor,Баянхонгор,4,Sheep,Хонь,12.5,856.4,1.459598,,
1998,264,Bayankhongor,Баянхонгор,5,Goat,Ямаа,18.8,1191.4,1.577975,,
1998,265,Arkhangai,Архангай,0,Total,Бүгд,16.8,1924.2,0.87309,,
1998,265,Arkhangai,Архангай,1,Horse,Адуу,1.9,252.6,0.752177,,
1998,265,Arkhangai,Архангай,2,Cattle,Үхэр,5.5,403.2,1.364087,,
1998,265,Arkhangai,Архангай,3,Camel,Тэмээ,0,0.8,0.0,,
1998,265,Arkhangai,Архангай,4,Sheep,Хонь,6.4,833.7,0.767662,,
1998,265,Arkhangai,Архангай,5,Goat,Ямаа,3,433.9,0.691404,,
1998,267,Khuvsgul,Хөвсгөл,0,Total,Бүгд,41.6,2152.3,1.932816,,
1998,267,Khuvsgul,Хөвсгөл,1,Horse,Адуу,4.7,227.8,2.063213,,
1998,267,Khuvsgul,Хөвсгөл,2,Cattle,Үхэр,12.4,442.2,2.804161,,
1998,267,Khuvsgul,Хөвсгөл,3,Camel,Тэмээ,0.1,5.4,1.851852,,
1998,267,Khuvsgul,Хөвсгөл,4,Sheep,Хонь,15,881.6,1.701452,,
1998,267,Khuvsgul,Хөвсгөл,5,Goat,Ямаа,9.5,595.4,1.595566,,
1998,341,Tuv,Төв,0,Total,Бүгд,21.7,2048.4,1.059363,,
1998,341,Tuv,Төв,1,Horse,Адуу,2.4,280.3,0.856225,,
1998,341,Tuv,Төв,2,Cattle,Үхэр,3.2,248.9,1.285657,,
1998,341,Tuv,Төв,3,Camel,Тэмээ,0.1,4.1,2.439024,,
1998,341,Tuv,Төв,4,Sheep,Хонь,12.6,1094.8,1.150895,,
1998,341,Tuv,Төв,5,Goat,Ямаа,3.5,420.3,0.832739,,
1998,342,Govisumber,Говьсүмбэр,0,Total,Бүгд,0.9,117.8,0.764007,,
1998,342,Govisumber,Говьсүмбэр,1,Horse,Адуу,0.1,11.8,0.847458,,
1998,342,Govisumber,Говьсүмбэр,2,Cattle,Үхэр,0.1,11.9,0.840336,,
1998,342,Govisumber,Говьсүмбэр,3,Camel,Тэмээ,,0.4,,..,
1998,342,Govisumber,Говьсүмбэр,4,Sheep,Хонь,0.6,60,1.0,,
1998,342,Govisumber,Говьсүмбэр,5,Goat,Ямаа,0.1,33.7,0.296736,,
1998,343,Selenge,Сэлэнгэ,0,Total,Бүгд,10.3,522.5,1.971292,,
1998,343,Selenge,Сэлэнгэ,1,Horse,Адуу,0.8,41.4,1.932367,,
1998,343,Selenge,Сэлэнгэ,2,Cattle,Үхэр,2.1,96.3,2.180685,,
1998,343,Selenge,Сэлэнгэ,3,Camel,Тэмээ,,0.4,,..,
1998,343,Selenge,Сэлэнгэ,4,Sheep,Хонь,6.3,288.8,2.18144,,
1998,343,Selenge,Сэлэнгэ,5,Goat,Ямаа,1,95.7,1.044932,,
1998,344,Dornogovi,Дорноговь,0,Total,Бүгд,20.3,963.2,2.107558,,
1998,344,Dornogovi,Дорноговь,1,Horse,Адуу,0.8,102.1,0.783546,,
1998,344,Dornogovi,Дорноговь,2,Cattle,Үхэр,2.3,93.1,2.470462,,
1998,344,Dornogovi,Дорноговь,3,Camel,Тэмээ,0.6,29.2,2.054795,,
1998,344,Dornogovi,Дорноговь,4,Sheep,Хонь,7.6,415,1.831325,,
1998,344,Dornogovi,Дорноговь,5,Goat,Ямаа,9.1,323.9,2.809509,,
1998,345,Darkhan-Uul,Дархан-Уул,0,Total,Бүгд,2.4,136.8,1.754386,,
1998,345,Darkhan-Uul,Дархан-Уул,1,Horse,Адуу,0.2,11,1.818182,,
1998,345,Darkhan-Uul,Дархан-Уул,2,Cattle,Үхэр,0.4,25.9,1.544402,,
1998,345,Darkhan-Uul,Дархан-Уул,3,Camel,Тэмээ,,0.1,,..,
1998,345,Darkhan-Uul,Дархан-Уул,4,Sheep,Хонь,1.5,72.3,2.074689,,
1998,345,Darkhan-Uul,Дархан-Уул,5,Goat,Ямаа,0.4,27.5,1.454545,,
1998,346,Umnugovi,Өмнөговь,0,Total,Бүгд,32.1,1508.4,2.128083,,
1998,346,Umnugovi,Өмнөговь,1,Horse,Адуу,1,101.4,0.986193,,
1998,346,Umnugovi,Өмнөговь,2,Cattle,Үхэр,0.9,37.8,2.380952,,
1998,346,Umnugovi,Өмнөговь,3,Camel,Тэмээ,1.7,95,1.789474,,
1998,346,Umnugovi,Өмнөговь,4,Sheep,Хонь,8.8,404.5,2.175525,,
1998,346,Umnugovi,Өмнөговь,5,Goat,Ямаа,19.7,869.7,2.265149,,
1998,348,Dundgovi,Дундговь,0,Total,Бүгд,11.7,2025.7,0.577578,,
1998,348,Dundgovi,Дундговь,1,Horse,Адуу,0.6,195.8,0.306435,,
1998,348,Dundgovi,Дундговь,2,Cattle,Үхэр,1.1,127.9,0.860047,,
1998,348,Dundgovi,Дундговь,3,Camel,Тэмээ,0.2,29.8,0.671141,,
1998,348,Dundgovi,Дундговь,4,Sheep,Хонь,4.7,901.4,0.521411,,
1998,348,Dundgovi,Дундговь,5,Goat,Ямаа,5,770.9,0.648593,,
1998,421,Dornod,Дорнод,0,Total,Бүгд,6.8,657.2,1.034693,,
1998,421,Dornod,Дорнод,1,Horse,Адуу,0.7,89.9,0.778643,,
1998,421,Dornod,Дорнод,2,Cattle,Үхэр,1.2,121.8,0.985222,,
1998,421,Dornod,Дорнод,3,Camel,Тэмээ,0.1,6.1,1.639344,,
1998,421,Dornod,Дорнод,4,Sheep,Хонь,3.9,343.6,1.135041,,
1998,421,Dornod,Дорнод,5,Goat,Ямаа,0.9,95.8,0.939457,,
1998,422,Sukhbaatar,Сүхбаатар,0,Total,Бүгд,34.7,1133.1,3.062395,,
1998,422,Sukhbaatar,Сүхбаатар,1,Horse,Адуу,1.4,154.9,0.903809,,
1998,422,Sukhbaatar,Сүхбаатар,2,Cattle,Үхэр,1.9,167.5,1.134328,,
1998,422,Sukhbaatar,Сүхбаатар,3,Camel,Тэмээ,0.2,11.8,1.694915,,
1998,422,Sukhbaatar,Сүхбаатар,4,Sheep,Хонь,23.1,534.2,4.324223,,
1998,422,Sukhbaatar,Сүхбаатар,5,Goat,Ямаа,7.9,264.8,2.983384,,
1998,423,Khentii,Хэнтий,0,Total,Бүгд,15.1,1254,1.204147,,
1998,423,Khentii,Хэнтий,1,Horse,Адуу,1.4,172.3,0.812536,,
1998,423,Khentii,Хэнтий,2,Cattle,Үхэр,1.9,201.9,0.94106,,
1998,423,Khentii,Хэнтий,3,Camel,Тэмээ,0.1,7.1,1.408451,,
1998,423,Khentii,Хэнтий,4,Sheep,Хонь,8.6,567.7,1.514885,,
1998,423,Khentii,Хэнтий,5,Goat,Ямаа,3.2,305.1,1.048836,,
1998,511,Ulaanbaatar,Улаанбаатар,0,Total,Бүгд,6.4,301.2,2.124834,,
1998,511,Ulaanbaatar,Улаанбаатар,1,Horse,Адуу,0.5,23.9,2.09205,,
1998,511,Ulaanbaatar,Улаанбаатар,2,Cattle,Үхэр,1.5,59.5,2.521008,,
1998,511,Ulaanbaatar,Улаанбаатар,3,Camel,Тэмээ,,0.1,,..,
1998,511,Ulaanbaatar,Улаанбаатар,4,Sheep,Хонь,3,145.1,2.06754,,
1998,511,Ulaanbaatar,Улаанбаатар,5,Goat,Ямаа,1.4,72.6,1.928375,,
1999,0,Total,Улсын дүн,0,Total,Бүгд,800.2,32897.5,2.432404,,
1999,0,Total,Улсын дүн,1,Horse,Адуу,72.8,3059.1,2.379785,,
1999,0,Total,Улсын дүн,2,Cattle,Үхэр,126.8,3725.8,3.403296,,
1999,0,Total,Улсын дүн,3,Camel,Тэмээ,7,356.5,1.963534,,
1999,0,Total,Улсын дүн,4,Sheep,Хонь,344.7,14694.2,2.345824,,
1999,0,Total,Улсын дүн,5,Goat,Ямаа,248.5,11061.9,2.24645,,
1999,181,Zavkhan,Завхан,0,Total,Бүгд,102.8,2603.6,3.948379,,
1999,181,Zavkhan,Завхан,1,Horse,Адуу,10.8,205,5.268293,,
1999,181,Zavkhan,Завхан,2,Cattle,Үхэр,14,281.9,4.9663,,
1999,181,Zavkhan,Завхан,3,Camel,Тэмээ,0.2,11.1,1.801802,,
1999,181,Zavkhan,Завхан,4,Sheep,Хонь,55.4,1353.7,4.092487,,
1999,181,Zavkhan,Завхан,5,Goat,Ямаа,22.4,751.9,2.97912,,
1999,182,Govi-Altai,Говь-Алтай,0,Total,Бүгд,61.5,2113.1,2.910416,,
1999,182,Govi-Altai,Говь-Алтай,1,Horse,Адуу,3.4,106.5,3.192488,,
1999,182,Govi-Altai,Говь-Алтай,2,Cattle,Үхэр,3.6,85.2,4.225352,,
1999,182,Govi-Altai,Говь-Алтай,3,Camel,Тэмээ,0.6,35.3,1.699717,,
1999,182,Govi-Altai,Говь-Алтай,4,Sheep,Хонь,26.8,857.1,3.126823,,
1999,182,Govi-Altai,Говь-Алтай,5,Goat,Ямаа,27.1,1029,2.633625,,
1999,183,Bayan-Ulgii,Баян-Өлгий,0,Total,Бүгд,20.8,1346,1.545319,,
1999,183,Bayan-Ulgii,Баян-Өлгий,1,Horse,Адуу,1.8,79.8,2.255639,,
1999,183,Bayan-Ulgii,Баян-Өлгий,2,Cattle,Үхэр,2.9,115.1,2.519548,,
1999,183,Bayan-Ulgii,Баян-Өлгий,3,Camel,Тэмээ,0.1,8.2,1.219512,,
1999,183,Bayan-Ulgii,Баян-Өлгий,4,Sheep,Хонь,8.6,650.6,1.321857,,
1999,183,Bayan-Ulgii,Баян-Өлгий,5,Goat,Ямаа,7.4,492.2,1.503454,,
1999,184,Khovd,Ховд,0,Total,Бүгд,30.8,1795.9,1.715018,,
1999,184,Khovd,Ховд,1,Horse,Адуу,2.1,105.3,1.994302,,
1999,184,Khovd,Ховд,2,Cattle,Үхэр,3.3,146,2.260274,,
1999,184,Khovd,Ховд,3,Camel,Тэмээ,0.4,24.9,1.606426,,
1999,184,Khovd,Ховд,4,Sheep,Хонь,11.6,748.8,1.549145,,
1999,184,Khovd,Ховд,5,Goat,Ямаа,13.3,770.9,1.725256,,
1999,185,Uvs,Увс,0,Total,Бүгд,42,1940.1,2.164837,,
1999,185,Uvs,Увс,1,Horse,Адуу,3.5,126.5,2.766798,,
1999,185,Uvs,Увс,2,Cattle,Үхэр,7.5,184.3,4.069452,,
1999,185,Uvs,Увс,3,Camel,Тэмээ,0.6,24.3,2.469136,,
1999,185,Uvs,Увс,4,Sheep,Хонь,18.5,983.2,1.881611,,
1999,185,Uvs,Увс,5,Goat,Ямаа,11.9,621.7,1.914106,,
1999,261,Orkhon,Орхон,0,Total,Бүгд,1.8,132.3,1.360544,,
1999,261,Orkhon,Орхон,1,Horse,Адуу,0.2,10.9,1.834862,,
1999,261,Orkhon,Орхон,2,Cattle,Үхэр,0.4,24,1.666667,,
1999,261,Orkhon,Орхон,3,Camel,Тэмээ,,0.1,,..,
1999,261,Orkhon,Орхон,4,Sheep,Хонь,0.7,63.4,1.104101,,
1999,261,Orkhon,Орхон,5,Goat,Ямаа,0.5,33.9,1.474926,,
1999,262,Uvurkhangai,Өвөрхангай,0,Total,Бүгд,43.7,2921.5,1.495807,,
1999,262,Uvurkhangai,Өвөрхангай,1,Horse,Адуу,5.9,279.1,2.113938,,
1999,262,Uvurkhangai,Өвөрхангай,2,Cattle,Үхэр,5.7,282.4,2.018414,,
1999,262,Uvurkhangai,Өвөрхангай,3,Camel,Тэмээ,0.3,19.5,1.538462,,
1999,262,Uvurkhangai,Өвөрхангай,4,Sheep,Хонь,17.8,1387.9,1.282513,,
1999,262,Uvurkhangai,Өвөрхангай,5,Goat,Ямаа,14,952.6,1.469662,,
1999,263,Bulgan,Булган,0,Total,Бүгд,11.9,1458.9,0.815683,,
1999,263,Bulgan,Булган,1,Horse,Адуу,1.2,194.8,0.616016,,
1999,263,Bulgan,Булган,2,Cattle,Үхэр,2.6,247.9,1.04881,,
1999,263,Bulgan,Булган,3,Camel,Тэмээ,0,1,0.0,,
1999,263,Bulgan,Булган,4,Sheep,Хонь,6.4,710.6,0.900647,,
1999,263,Bulgan,Булган,5,Goat,Ямаа,1.7,304.6,0.558109,,
1999,264,Bayankhongor,Баянхонгор,0,Total,Бүгд,75.1,2511.3,2.990483,,
1999,264,Bayankhongor,Баянхонгор,1,Horse,Адуу,5.9,157.4,3.748412,,
1999,264,Bayankhongor,Баянхонгор,2,Cattle,Үхэр,8.6,196.9,4.367699,,
1999,264,Bayankhongor,Баянхонгор,3,Camel,Тэмээ,0.7,38.7,1.808786,,
1999,264,Bayankhongor,Баянхонгор,4,Sheep,Хонь,21.7,866,2.505774,,
1999,264,Bayankhongor,Баянхонгор,5,Goat,Ямаа,38.1,1252.3,3.042402,,
1999,265,Arkhangai,Архангай,0,Total,Бүгд,15.3,2119.3,0.721936,,
1999,265,Arkhangai,Архангай,1,Horse,Адуу,1.8,271.6,0.662739,,
1999,265,Arkhangai,Архангай,2,Cattle,Үхэр,3.4,428.1,0.794207,,
1999,265,Arkhangai,Архангай,3,Camel,Тэмээ,0,0.8,0.0,,
1999,265,Arkhangai,Архангай,4,Sheep,Хонь,6.9,914.2,0.754758,,
1999,265,Arkhangai,Архангай,5,Goat,Ямаа,3.2,504.6,0.634166,,
1999,267,Khuvsgul,Хөвсгөл,0,Total,Бүгд,36.7,2295.9,1.598502,,
1999,267,Khuvsgul,Хөвсгөл,1,Horse,Адуу,3.1,235.6,1.315789,,
1999,267,Khuvsgul,Хөвсгөл,2,Cattle,Үхэр,7.6,458.5,1.657579,,
1999,267,Khuvsgul,Хөвсгөл,3,Camel,Тэмээ,0.1,5.4,1.851852,,
1999,267,Khuvsgul,Хөвсгөл,4,Sheep,Хонь,17.1,934,1.830835,,
1999,267,Khuvsgul,Хөвсгөл,5,Goat,Ямаа,8.8,662.3,1.328703,,
1999,341,Tuv,Төв,0,Total,Бүгд,119.9,2238.6,5.356026,,
1999,341,Tuv,Төв,1,Horse,Адуу,11.2,302.7,3.700033,,
1999,341,Tuv,Төв,2,Cattle,Үхэр,29.3,263.5,11.119545,,
1999,341,Tuv,Төв,3,Camel,Тэмээ,0.1,4.1,2.439024,,
1999,341,Tuv,Төв,4,Sheep,Хонь,59.5,1172.6,5.074194,,
1999,341,Tuv,Төв,5,Goat,Ямаа,19.8,495.6,3.995157,,
1999,342,Govisumber,Говьсүмбэр,0,Total,Бүгд,3.6,135.7,2.652911,,
1999,342,Govisumber,Говьсүмбэр,1,Horse,Адуу,0.2,13.4,1.492537,,
1999,342,Govisumber,Говьсүмбэр,2,Cattle,Үхэр,0.4,13.4,2.985075,,
1999,342,Govisumber,Говьсүмбэр,3,Camel,Тэмээ,,0.5,,..,
1999,342,Govisumber,Говьсүмбэр,4,Sheep,Хонь,2.5,66.7,3.748126,,
1999,342,Govisumber,Говьсүмбэр,5,Goat,Ямаа,0.6,41.7,1.438849,,
1999,343,Selenge,Сэлэнгэ,0,Total,Бүгд,13.6,569.4,2.388479,,
1999,343,Selenge,Сэлэнгэ,1,Horse,Адуу,1.1,44.1,2.494331,,
1999,343,Selenge,Сэлэнгэ,2,Cattle,Үхэр,3.9,103.5,3.768116,,
1999,343,Selenge,Сэлэнгэ,3,Camel,Тэмээ,,0.4,,..,
1999,343,Selenge,Сэлэнгэ,4,Sheep,Хонь,6.6,302.5,2.181818,,
1999,343,Selenge,Сэлэнгэ,5,Goat,Ямаа,1.9,119,1.596639,,
1999,344,Dornogovi,Дорноговь,0,Total,Бүгд,12.6,1017.9,1.237843,,
1999,344,Dornogovi,Дорноговь,1,Horse,Адуу,0.7,110.7,0.63234,,
1999,344,Dornogovi,Дорноговь,2,Cattle,Үхэр,1.3,93.7,1.387407,,
1999,344,Dornogovi,Дорноговь,3,Camel,Тэмээ,0.4,29.5,1.355932,,
1999,344,Dornogovi,Дорноговь,4,Sheep,Хонь,5.6,439.6,1.273885,,
1999,344,Dornogovi,Дорноговь,5,Goat,Ямаа,4.5,344.3,1.307,,
1999,345,Darkhan-Uul,Дархан-Уул,0,Total,Бүгд,4,168.2,2.378121,,
1999,345,Darkhan-Uul,Дархан-Уул,1,Horse,Адуу,0.2,12.2,1.639344,,
1999,345,Darkhan-Uul,Дархан-Уул,2,Cattle,Үхэр,0.6,31.1,1.92926,,
1999,345,Darkhan-Uul,Дархан-Уул,3,Camel,Тэмээ,,0.1,,..,
1999,345,Darkhan-Uul,Дархан-Уул,4,Sheep,Хонь,2.3,84.3,2.728351,,
1999,345,Darkhan-Uul,Дархан-Уул,5,Goat,Ямаа,0.8,40.5,1.975309,,
1999,346,Umnugovi,Өмнөговь,0,Total,Бүгд,55.3,1603.8,3.448061,,
1999,346,Umnugovi,Өмнөговь,1,Horse,Адуу,3.6,113.6,3.169014,,
1999,346,Umnugovi,Өмнөговь,2,Cattle,Үхэр,3.4,41.6,8.173077,,
1999,346,Umnugovi,Өмнөговь,3,Camel,Тэмээ,2.1,97.7,2.149437,,
1999,346,Umnugovi,Өмнөговь,4,Sheep,Хонь,15,427.2,3.511236,,
1999,346,Umnugovi,Өмнөговь,5,Goat,Ямаа,31.2,923.7,3.37772,,
1999,348,Dundgovi,Дундговь,0,Total,Бүгд,55.2,2212.8,2.494577,,
1999,348,Dundgovi,Дундговь,1,Horse,Адуу,8.4,218,3.853211,,
1999,348,Dundgovi,Дундговь,2,Cattle,Үхэр,11.1,137.4,8.078603,,
1999,348,Dundgovi,Дундговь,3,Camel,Тэмээ,0.7,29.4,2.380952,,
1999,348,Dundgovi,Дундговь,4,Sheep,Хонь,16.8,971.5,1.729285,,
1999,348,Dundgovi,Дундговь,5,Goat,Ямаа,18.2,856.5,2.124927,,
1999,421,Dornod,Дорнод,0,Total,Бүгд,10.5,735.7,1.427212,,
1999,421,Dornod,Дорнод,1,Horse,Адуу,1.2,95.4,1.257862,,
1999,421,Dornod,Дорнод,2,Cattle,Үхэр,2.6,132.9,1.956358,,
1999,421,Dornod,Дорнод,3,Camel,Тэмээ,0.2,6.1,3.278689,,
1999,421,Dornod,Дорнод,4,Sheep,Хонь,5.4,385.2,1.401869,,
1999,421,Dornod,Дорнод,5,Goat,Ямаа,1.3,116.2,1.118761,,
1999,422,Sukhbaatar,Сүхбаатар,0,Total,Бүгд,16.6,1288.2,1.28862,,
1999,422,Sukhbaatar,Сүхбаатар,1,Horse,Адуу,1.8,169.4,1.062574,,
1999,422,Sukhbaatar,Сүхбаатар,2,Cattle,Үхэр,2.1,184.8,1.136364,,
1999,422,Sukhbaatar,Сүхбаатар,3,Camel,Тэмээ,0.3,12.1,2.479339,,
1999,422,Sukhbaatar,Сүхбаатар,4,Sheep,Хонь,8.2,605.6,1.354029,,
1999,422,Sukhbaatar,Сүхбаатар,5,Goat,Ямаа,4.1,316.4,1.295828,,
1999,423,Khentii,Хэнтий,0,Total,Бүгд,36.1,1388.7,2.599554,,
1999,423,Khentii,Хэнтий,1,Horse,Адуу,3.1,183.2,1.69214,,
1999,423,Khentii,Хэнтий,2,Cattle,Үхэр,7.2,217,3.317972,,
1999,423,Khentii,Хэнтий,3,Camel,Тэмээ,0.2,7.3,2.739726,,
1999,423,Khentii,Хэнтий,4,Sheep,Хонь,16.1,626.9,2.568193,,
1999,423,Khentii,Хэнтий,5,Goat,Ямаа,9.5,354.4,2.680587,,
1999,511,Ulaanbaatar,Улаанбаатар,0,Total,Бүгд,30.4,301,10.099668,,
1999,511,Ulaanbaatar,Улаанбаатар,1,Horse,Адуу,1.6,24,6.666667,,
1999,511,Ulaanbaatar,Улаанбаатар,2,Cattle,Үхэр,5.3,57,9.298246,,
1999,511,Ulaanbaatar,Улаанбаатар,3,Camel,Тэмээ,,0.1,,..,
1999,511,Ulaanbaatar,Улаанбаатар,4,Sheep,Хонь,15.2,142.5,10.666667,,
1999,511,Ulaanbaatar,Улаанбаатар,5,Goat,Ямаа,8.2,77.4,10.594315,,
2000,0,Total,Улсын дүн,0,Total,Бүгд,3491.1,33568.9,10.399805,,
2000,0,Total,Улсын дүн,1,Horse,Адуу,394,3163.3,12.455347,,
2000,0,Total,Улсын дүн,2,Cattle,Үхэр,630.6,3824.8,16.487137,,
2000,0,Total,Улсын дүн,3,Camel,Тэмээ,18.2,355.6,5.11811,,
2000,0,Total,Улсын дүн,4,Sheep,Хонь,1417.1,15191.3,9.328366,,
2000,0,Total,Улсын дүн,5,Goat,Ямаа,1031.5,11033.7,9.348632,,
2000,181,Zavkhan,Завхан,0,Total,Бүгд,435,2432,17.886513,,
2000,181,Zavkhan,Завхан,1,Horse,Адуу,40.1,192.2,20.863684,,
2000,181,Zavkhan,Завхан,2,Cattle,Үхэр,107.4,271.4,39.572587,,
2000,181,Zavkhan,Завхан,3,Camel,Тэмээ,1.1,10.8,10.185185,,
2000,181,Zavkhan,Завхан,4,Sheep,Хонь,185.1,1263.9,14.645146,,
2000,181,Zavkhan,Завхан,5,Goat,Ямаа,102,693.6,14.705882,,
2000,182,Govi-Altai,Говь-Алтай,0,Total,Бүгд,81.3,2113.2,3.847246,,
2000,182,Govi-Altai,Говь-Алтай,1,Horse,Адуу,7.6,103.5,7.342995,,
2000,182,Govi-Altai,Говь-Алтай,2,Cattle,Үхэр,11.6,79.2,14.646465,,
2000,182,Govi-Altai,Говь-Алтай,3,Camel,Тэмээ,1.3,34.5,3.768116,,
2000,182,Govi-Altai,Говь-Алтай,4,Sheep,Хонь,26.9,867.1,3.102295,,
2000,182,Govi-Altai,Говь-Алтай,5,Goat,Ямаа,34.5,1029.1,3.352444,,
2000,183,Bayan-Ulgii,Баян-Өлгий,0,Total,Бүгд,88.5,1362.4,6.49589,,
2000,183,Bayan-Ulgii,Баян-Өлгий,1,Horse,Адуу,7,79.4,8.816121,,
2000,183,Bayan-Ulgii,Баян-Өлгий,2,Cattle,Үхэр,22.6,114,19.824561,,
2000,183,Bayan-Ulgii,Баян-Өлгий,3,Camel,Тэмээ,1,8,12.5,,
2000,183,Bayan-Ulgii,Баян-Өлгий,4,Sheep,Хонь,31.1,644.7,4.823949,,
2000,183,Bayan-Ulgii,Баян-Өлгий,5,Goat,Ямаа,27.5,516.3,5.326361,,
2000,184,Khovd,Ховд,0,Total,Бүгд,56.4,1867.9,3.019434,,
2000,184,Khovd,Ховд,1,Horse,Адуу,5.7,107.6,5.297398,,
2000,184,Khovd,Ховд,2,Cattle,Үхэр,8,151,5.298013,,
2000,184,Khovd,Ховд,3,Camel,Тэмээ,0.8,25,3.2,,
2000,184,Khovd,Ховд,4,Sheep,Хонь,18.1,788.4,2.295789,,
2000,184,Khovd,Ховд,5,Goat,Ямаа,23.9,795.9,3.00289,,
2000,185,Uvs,Увс,0,Total,Бүгд,286.9,1889.8,15.181501,,
2000,185,Uvs,Увс,1,Horse,Адуу,34.6,116,29.827586,,
2000,185,Uvs,Увс,2,Cattle,Үхэр,54.2,168,32.261905,,
2000,185,Uvs,Увс,3,Camel,Тэмээ,2.2,22.7,9.69163,,
2000,185,Uvs,Увс,4,Sheep,Хонь,110.4,973.2,11.34402,,
2000,185,Uvs,Увс,5,Goat,Ямаа,85.4,610,14.0,,
2000,261,Orkhon,Орхон,0,Total,Бүгд,3.5,163.9,2.135448,,
2000,261,Orkhon,Орхон,1,Horse,Адуу,0.3,12.8,2.34375,,
2000,261,Orkhon,Орхон,2,Cattle,Үхэр,0.6,27.8,2.158273,,
2000,261,Orkhon,Орхон,3,Camel,Тэмээ,,0.1,,..,
2000,261,Orkhon,Орхон,4,Sheep,Хонь,1.7,78.6,2.16285,,
2000,261,Orkhon,Орхон,5,Goat,Ямаа,0.9,44.6,2.017937,,
2000,262,Uvurkhangai,Өвөрхангай,0,Total,Бүгд,632.8,2956.6,21.402963,,
2000,262,Uvurkhangai,Өвөрхангай,1,Horse,Адуу,90.7,288,31.493056,,
2000,262,Uvurkhangai,Өвөрхангай,2,Cattle,Үхэр,99.6,296,33.648649,,
2000,262,Uvurkhangai,Өвөрхангай,3,Camel,Тэмээ,5,19.3,25.906736,,
2000,262,Uvurkhangai,Өвөрхангай,4,Sheep,Хонь,283.3,1423.1,19.907245,,
2000,262,Uvurkhangai,Өвөрхангай,5,Goat,Ямаа,158.1,930.4,16.992691,,
2000,263,Bulgan,Булган,0,Total,Бүгд,115.7,1609.3,7.189461,,
2000,263,Bulgan,Булган,1,Horse,Адуу,17.4,210,8.285714,,
2000,263,Bulgan,Булган,2,Cattle,Үхэр,29.8,264.4,11.270802,,
2000,263,Bulgan,Булган,3,Camel,Тэмээ,0.8,1,80.0,,
2000,263,Bulgan,Булган,4,Sheep,Хонь,50.3,798.2,6.301679,,
2000,263,Bulgan,Булган,5,Goat,Ямаа,18.2,335.6,5.423123,,
2000,264,Bayankhongor,Баянхонгор,0,Total,Бүгд,214.9,2475.1,8.682477,,
2000,264,Bayankhongor,Баянхонгор,1,Horse,Адуу,23.5,159.6,14.724311,,
2000,264,Bayankhongor,Баянхонгор,2,Cattle,Үхэр,48,198.4,24.193548,,
2000,264,Bayankhongor,Баянхонгор,3,Camel,Тэмээ,0.1,39.5,0.253165,,
2000,264,Bayankhongor,Баянхонгор,4,Sheep,Хонь,76.4,878.2,8.699613,,
2000,264,Bayankhongor,Баянхонгор,5,Goat,Ямаа,65.9,1199.3,5.494872,,
2000,265,Arkhangai,Архангай,0,Total,Бүгд,144.8,2335.5,6.199957,,
2000,265,Arkhangai,Архангай,1,Horse,Адуу,17.9,298.1,6.004696,,
2000,265,Arkhangai,Архангай,2,Cattle,Үхэр,31,464,6.681034,,
2000,265,Arkhangai,Архангай,3,Camel,Тэмээ,0.2,0.8,25.0,,
2000,265,Arkhangai,Архангай,4,Sheep,Хонь,65.7,1021.5,6.431718,,
2000,265,Arkhangai,Архангай,5,Goat,Ямаа,30.3,551.2,5.497097,,
2000,267,Khuvsgul,Хөвсгөл,0,Total,Бүгд,144.9,2418.2,5.99206,,
2000,267,Khuvsgul,Хөвсгөл,1,Horse,Адуу,11.4,251.6,4.531002,,
2000,267,Khuvsgul,Хөвсгөл,2,Cattle,Үхэр,50.8,482.2,10.535048,,
2000,267,Khuvsgul,Хөвсгөл,3,Camel,Тэмээ,0.2,5.3,3.773585,,
2000,267,Khuvsgul,Хөвсгөл,4,Sheep,Хонь,53,1000.1,5.29947,,
2000,267,Khuvsgul,Хөвсгөл,5,Goat,Ямаа,29.5,679,4.344624,,
2000,341,Tuv,Төв,0,Total,Бүгд,205,2218.1,9.242144,,
2000,341,Tuv,Төв,1,Horse,Адуу,31.8,303.6,10.474308,,
2000,341,Tuv,Төв,2,Cattle,Үхэр,43.3,241.2,17.951907,,
2000,341,Tuv,Төв,3,Camel,Тэмээ,0.2,4.2,4.761905,,
2000,341,Tuv,Төв,4,Sheep,Хонь,88.8,1175.1,7.556804,,
2000,341,Tuv,Төв,5,Goat,Ямаа,40.9,494,8.279352,,
2000,342,Govisumber,Говьсүмбэр,0,Total,Бүгд,12.9,136.5,9.450549,,
2000,342,Govisumber,Говьсүмбэр,1,Horse,Адуу,0.8,14.7,5.442177,,
2000,342,Govisumber,Говьсүмбэр,2,Cattle,Үхэр,1.9,15.2,12.5,,
2000,342,Govisumber,Говьсүмбэр,3,Camel,Тэмээ,,0.5,,..,
2000,342,Govisumber,Говьсүмбэр,4,Sheep,Хонь,7,64.1,10.920437,,
2000,342,Govisumber,Говьсүмбэр,5,Goat,Ямаа,3.2,42.1,7.60095,,
2000,343,Selenge,Сэлэнгэ,0,Total,Бүгд,16.2,622.6,2.601992,,
2000,343,Selenge,Сэлэнгэ,1,Horse,Адуу,1.2,46.3,2.591793,,
2000,343,Selenge,Сэлэнгэ,2,Cattle,Үхэр,3.6,109.6,3.284672,,
2000,343,Selenge,Сэлэнгэ,3,Camel,Тэмээ,,0.4,,..,
2000,343,Selenge,Сэлэнгэ,4,Sheep,Хонь,9.2,327.9,2.805733,,
2000,343,Selenge,Сэлэнгэ,5,Goat,Ямаа,2.2,138.4,1.589595,,
2000,344,Dornogovi,Дорноговь,0,Total,Бүгд,75.3,1110.2,6.782562,,
2000,344,Dornogovi,Дорноговь,1,Horse,Адуу,3.8,123.2,3.084416,,
2000,344,Dornogovi,Дорноговь,2,Cattle,Үхэр,10.7,103.7,10.318226,,
2000,344,Dornogovi,Дорноговь,3,Camel,Тэмээ,0.1,30.3,0.330033,,
2000,344,Dornogovi,Дорноговь,4,Sheep,Хонь,27.2,477.4,5.697528,,
2000,344,Dornogovi,Дорноговь,5,Goat,Ямаа,32.3,375.7,8.597285,,
2000,345,Darkhan-Uul,Дархан-Уул,0,Total,Бүгд,5,179.4,2.787068,,
2000,345,Darkhan-Uul,Дархан-Уул,1,Horse,Адуу,0.5,12.7,3.937008,,
2000,345,Darkhan-Uul,Дархан-Уул,2,Cattle,Үхэр,1.2,33.4,3.592814,,
2000,345,Darkhan-Uul,Дархан-Уул,3,Camel,Тэмээ,,0.1,,..,
2000,345,Darkhan-Uul,Дархан-Уул,4,Sheep,Хонь,2.4,90,2.666667,,
2000,345,Darkhan-Uul,Дархан-Уул,5,Goat,Ямаа,0.9,43.1,2.088167,,
2000,346,Umnugovi,Өмнөговь,0,Total,Бүгд,140,1608.9,8.701597,,
2000,346,Umnugovi,Өмнөговь,1,Horse,Адуу,16.5,119,13.865546,,
2000,346,Umnugovi,Өмнөговь,2,Cattle,Үхэр,12.5,39.6,31.565657,,
2000,346,Umnugovi,Өмнөговь,3,Camel,Тэмээ,0.3,98.8,0.303644,,
2000,346,Umnugovi,Өмнөговь,4,Sheep,Хонь,40.7,444,9.166667,,
2000,346,Umnugovi,Өмнөговь,5,Goat,Ямаа,65.4,907.5,7.206612,,
2000,348,Dundgovi,Дундговь,0,Total,Бүгд,734.6,2105.2,34.894547,,
2000,348,Dundgovi,Дундговь,1,Horse,Адуу,74.4,216.8,34.317343,,
2000,348,Dundgovi,Дундговь,2,Cattle,Үхэр,77.5,126.6,61.21643,,
2000,348,Dundgovi,Дундговь,3,Camel,Тэмээ,0.4,28.4,1.408451,,
2000,348,Dundgovi,Дундговь,4,Sheep,Хонь,292.1,966.5,30.222452,,
2000,348,Dundgovi,Дундговь,5,Goat,Ямаа,286.3,766.9,37.332116,,
2000,421,Dornod,Дорнод,0,Total,Бүгд,14.7,811.8,1.810791,,
2000,421,Dornod,Дорнод,1,Horse,Адуу,1.5,104,1.442308,,
2000,421,Dornod,Дорнод,2,Cattle,Үхэр,2.9,146.2,1.983584,,
2000,421,Dornod,Дорнод,3,Camel,Тэмээ,4.3,6,71.666667,,
2000,421,Dornod,Дорнод,4,Sheep,Хонь,7.5,432.1,1.735709,,
2000,421,Dornod,Дорнод,5,Goat,Ямаа,2.7,123.5,2.186235,,
2000,422,Sukhbaatar,Сүхбаатар,0,Total,Бүгд,37.1,1450.6,2.557562,,
2000,422,Sukhbaatar,Сүхбаатар,1,Horse,Адуу,2.7,188.3,1.433882,,
2000,422,Sukhbaatar,Сүхбаатар,2,Cattle,Үхэр,5.1,211.3,2.41363,,
2000,422,Sukhbaatar,Сүхбаатар,3,Camel,Тэмээ,0,12.5,0.0,,
2000,422,Sukhbaatar,Сүхбаатар,4,Sheep,Хонь,17.7,689.8,2.565961,,
2000,422,Sukhbaatar,Сүхбаатар,5,Goat,Ямаа,11.3,348.7,3.240608,,
2000,423,Khentii,Хэнтий,0,Total,Бүгд,39.2,1462.3,2.680708,,
2000,423,Khentii,Хэнтий,1,Horse,Адуу,4,194.3,2.058672,,
2000,423,Khentii,Хэнтий,2,Cattle,Үхэр,6.4,229.1,2.79354,,
2000,423,Khentii,Хэнтий,3,Camel,Тэмээ,0.2,7.3,2.739726,,
2000,423,Khentii,Хэнтий,4,Sheep,Хонь,19.6,678,2.890855,,
2000,423,Khentii,Хэнтий,5,Goat,Ямаа,9,353.7,2.544529,,
2000,511,Ulaanbaatar,Улаанбаатар,0,Total,Бүгд,6.4,239.4,2.67335,,
2000,511,Ulaanbaatar,Улаанбаатар,1,Horse,Адуу,0.6,21.7,2.764977,,
2000,511,Ulaanbaatar,Улаанбаатар,2,Cattle,Үхэр,1.9,52.6,3.612167,,
2000,511,Ulaanbaatar,Улаанбаатар,3,Camel,Тэмээ,,0.1,,..,
2000,511,Ulaanbaatar,Улаанбаатар,4,Sheep,Хонь,2.9,109.7,2.643573,,
2000,511,Ulaanbaatar,Улаанбаатар,5,Goat,Ямаа,1.1,55.3,1.98915,,
2001,0,Total,Улсын дүн,0,Total,Бүгд,4758.8,30227.5,15.74328,,
2001,0,Total,Улсын дүн,1,Horse,Адуу,449.9,2660.8,16.908449,,
2001,0,Total,Улсын дүн,2,Cattle,Үхэр,1018.5,3097.6,32.880294,,
2001,0,Total,Улсын дүн,3,Camel,Тэмээ,20.3,322.9,6.286776,,
2001,0,Total,Улсын дүн,4,Sheep,Хонь,1987.8,13876.3,14.325144,,
2001,0,Total,Улсын дүн,5,Goat,Ямаа,1282.1,10269.8,12.484177,,
2001,181,Zavkhan,Завхан,0,Total,Бүгд,584.9,1941.3,30.129295,,
2001,181,Zavkhan,Завхан,1,Horse,Адуу,42.9,139,30.863309,,
2001,181,Zavkhan,Завхан,2,Cattle,Үхэр,84.7,158,53.607595,,
2001,181,Zavkhan,Завхан,3,Camel,Тэмээ,0.4,8.7,4.597701,,
2001,181,Zavkhan,Завхан,4,Sheep,Хонь,323.9,1050.6,30.830002,,
2001,181,Zavkhan,Завхан,5,Goat,Ямаа,133.1,585,22.752137,,
2001,182,Govi-Altai,Говь-Алтай,0,Total,Бүгд,147.6,2035.1,7.252715,,
2001,182,Govi-Altai,Говь-Алтай,1,Horse,Адуу,6.9,91.9,7.508161,,
2001,182,Govi-Altai,Говь-Алтай,2,Cattle,Үхэр,7.7,60,12.833333,,
2001,182,Govi-Altai,Говь-Алтай,3,Camel,Тэмээ,0.9,31.8,2.830189,,
2001,182,Govi-Altai,Говь-Алтай,4,Sheep,Хонь,65.1,847.7,7.679604,,
2001,182,Govi-Altai,Говь-Алтай,5,Goat,Ямаа,66.9,1003.8,6.664674,,
2001,183,Bayan-Ulgii,Баян-Өлгий,0,Total,Бүгд,96,1310.4,7.326007,,
2001,183,Bayan-Ulgii,Баян-Өлгий,1,Horse,Адуу,6.2,68.8,9.011628,,
2001,183,Bayan-Ulgii,Баян-Өлгий,2,Cattle,Үхэр,20.7,96.3,21.495327,,
2001,183,Bayan-Ulgii,Баян-Өлгий,3,Camel,Тэмээ,0.2,7,2.857143,,
2001,183,Bayan-Ulgii,Баян-Өлгий,4,Sheep,Хонь,36.7,617.1,5.947172,,
2001,183,Bayan-Ulgii,Баян-Өлгий,5,Goat,Ямаа,32.2,521.3,6.176866,,
2001,184,Khovd,Ховд,0,Total,Бүгд,177.8,1836.3,9.682514,,
2001,184,Khovd,Ховд,1,Horse,Адуу,10.3,99.6,10.341365,,
2001,184,Khovd,Ховд,2,Cattle,Үхэр,20.2,137.3,14.712309,,
2001,184,Khovd,Ховд,3,Camel,Тэмээ,1,23,4.347826,,
2001,184,Khovd,Ховд,4,Sheep,Хонь,72.2,782.1,9.231556,,
2001,184,Khovd,Ховд,5,Goat,Ямаа,74.2,794.3,9.341559,,
2001,185,Uvs,Увс,0,Total,Бүгд,115.4,1579.3,7.307035,,
2001,185,Uvs,Увс,1,Horse,Адуу,8.3,74.9,11.081442,,
2001,185,Uvs,Увс,2,Cattle,Үхэр,19.5,105.7,18.448439,,
2001,185,Uvs,Увс,3,Camel,Тэмээ,0.5,18.2,2.747253,,
2001,185,Uvs,Увс,4,Sheep,Хонь,55.8,858.6,6.498952,,
2001,185,Uvs,Увс,5,Goat,Ямаа,31.4,521.9,6.016478,,
2001,261,Orkhon,Орхон,0,Total,Бүгд,16.5,168.5,9.792285,,
2001,261,Orkhon,Орхон,1,Horse,Адуу,0.9,11.5,7.826087,,
2001,261,Orkhon,Орхон,2,Cattle,Үхэр,4.1,26.2,15.648855,,
2001,261,Orkhon,Орхон,3,Camel,Тэмээ,,0.1,,..,
2001,261,Orkhon,Орхон,4,Sheep,Хонь,7.1,80.4,8.830846,,
2001,261,Orkhon,Орхон,5,Goat,Ямаа,4.4,50.3,8.747515,,
2001,262,Uvurkhangai,Өвөрхангай,0,Total,Бүгд,302.9,2159,14.029643,,
2001,262,Uvurkhangai,Өвөрхангай,1,Horse,Адуу,30.7,178.1,17.237507,,
2001,262,Uvurkhangai,Өвөрхангай,2,Cattle,Үхэр,65,174.8,37.185355,,
2001,262,Uvurkhangai,Өвөрхангай,3,Camel,Тэмээ,0.5,16.5,3.030303,,
2001,262,Uvurkhangai,Өвөрхангай,4,Sheep,Хонь,131.8,1059,12.445703,,
2001,262,Uvurkhangai,Өвөрхангай,5,Goat,Ямаа,74.9,730.7,10.250445,,
2001,263,Bulgan,Булган,0,Total,Бүгд,193,1522.8,12.674022,,
2001,263,Bulgan,Булган,1,Horse,Адуу,22.9,190.2,12.039958,,
2001,263,Bulgan,Булган,2,Cattle,Үхэр,63.3,225.8,28.033658,,
2001,263,Bulgan,Булган,3,Camel,Тэмээ,0.1,1,10.0,,
2001,263,Bulgan,Булган,4,Sheep,Хонь,75,764.5,9.810334,,
2001,263,Bulgan,Булган,5,Goat,Ямаа,31.7,341.5,9.282577,,
2001,264,Bayankhongor,Баянхонгор,0,Total,Бүгд,459.3,2375.7,19.333249,,
2001,264,Bayankhongor,Баянхонгор,1,Horse,Адуу,39,141.9,27.484144,,
2001,264,Bayankhongor,Баянхонгор,2,Cattle,Үхэр,37.3,158.1,23.592663,,
2001,264,Bayankhongor,Баянхонгор,3,Camel,Тэмээ,3.8,37.1,10.242588,,
2001,264,Bayankhongor,Баянхонгор,4,Sheep,Хонь,153,848.6,18.029696,,
2001,264,Bayankhongor,Баянхонгор,5,Goat,Ямаа,226.2,1190,19.008403,,
2001,265,Arkhangai,Архангай,0,Total,Бүгд,538.1,2216.1,24.281395,,
2001,265,Arkhangai,Архангай,1,Horse,Адуу,64.2,273.3,23.49067,,
2001,265,Arkhangai,Архангай,2,Cattle,Үхэр,176.7,428.6,41.227252,,
2001,265,Arkhangai,Архангай,3,Camel,Тэмээ,0.1,0.8,12.5,,
2001,265,Arkhangai,Архангай,4,Sheep,Хонь,197.5,970.6,20.348238,,
2001,265,Arkhangai,Архангай,5,Goat,Ямаа,99.6,542.9,18.34592,,
2001,267,Khuvsgul,Хөвсгөл,0,Total,Бүгд,582.6,2269.6,25.669722,,
2001,267,Khuvsgul,Хөвсгөл,1,Horse,Адуу,54,229.3,23.549935,,
2001,267,Khuvsgul,Хөвсгөл,2,Cattle,Үхэр,179.3,416.5,43.04922,,
2001,267,Khuvsgul,Хөвсгөл,3,Camel,Тэмээ,0.8,4.6,17.391304,,
2001,267,Khuvsgul,Хөвсгөл,4,Sheep,Хонь,222.6,944.9,23.558048,,
2001,267,Khuvsgul,Хөвсгөл,5,Goat,Ямаа,125.9,674.2,18.673984,,
2001,341,Tuv,Төв,0,Total,Бүгд,440.2,2022.1,21.769448,,
2001,341,Tuv,Төв,1,Horse,Адуу,61,249.5,24.448898,,
2001,341,Tuv,Төв,2,Cattle,Үхэр,68.5,184.2,37.187839,,
2001,341,Tuv,Төв,3,Camel,Тэмээ,0.5,3.6,13.888889,,
2001,341,Tuv,Төв,4,Sheep,Хонь,222.6,1101.2,20.214312,,
2001,341,Tuv,Төв,5,Goat,Ямаа,87.5,483.6,18.093466,,
2001,342,Govisumber,Говьсүмбэр,0,Total,Бүгд,49.2,112.5,43.733333,,
2001,342,Govisumber,Говьсүмбэр,1,Horse,Адуу,4.2,12.3,34.146341,,
2001,342,Govisumber,Говьсүмбэр,2,Cattle,Үхэр,9.9,10.6,93.396226,,
2001,342,Govisumber,Говьсүмбэр,3,Camel,Тэмээ,,0.5,,..,
2001,342,Govisumber,Говьсүмбэр,4,Sheep,Хонь,22.6,51.3,44.054581,,
2001,342,Govisumber,Говьсүмбэр,5,Goat,Ямаа,12.5,37.9,32.98153,,
2001,343,Selenge,Сэлэнгэ,0,Total,Бүгд,55.4,654.5,8.464477,,
2001,343,Selenge,Сэлэнгэ,1,Horse,Адуу,2,45.9,4.357298,,
2001,343,Selenge,Сэлэнгэ,2,Cattle,Үхэр,12.3,108.5,11.336406,,
2001,343,Selenge,Сэлэнгэ,3,Camel,Тэмээ,,0.7,,..,
2001,343,Selenge,Сэлэнгэ,4,Sheep,Хонь,29.9,333.5,8.965517,,
2001,343,Selenge,Сэлэнгэ,5,Goat,Ямаа,11.1,165.8,6.694813,,
2001,344,Dornogovi,Дорноговь,0,Total,Бүгд,203,1036.6,19.583253,,
2001,344,Dornogovi,Дорноговь,1,Horse,Адуу,25.8,118.9,21.698907,,
2001,344,Dornogovi,Дорноговь,2,Cattle,Үхэр,37.6,89.4,42.058166,,
2001,344,Dornogovi,Дорноговь,3,Camel,Тэмээ,1.7,29.8,5.704698,,
2001,344,Dornogovi,Дорноговь,4,Sheep,Хонь,86.1,453.9,18.968936,,
2001,344,Dornogovi,Дорноговь,5,Goat,Ямаа,51.7,344.6,15.002902,,
2001,345,Darkhan-Uul,Дархан-Уул,0,Total,Бүгд,17.4,194.5,8.946015,,
2001,345,Darkhan-Uul,Дархан-Уул,1,Horse,Адуу,0.5,12.7,3.937008,,
2001,345,Darkhan-Uul,Дархан-Уул,2,Cattle,Үхэр,3.5,31.6,11.075949,,
2001,345,Darkhan-Uul,Дархан-Уул,3,Camel,Тэмээ,,0.2,,..,
2001,345,Darkhan-Uul,Дархан-Уул,4,Sheep,Хонь,8.8,96.5,9.119171,,
2001,345,Darkhan-Uul,Дархан-Уул,5,Goat,Ямаа,4.6,53.6,8.58209,,
2001,346,Umnugovi,Өмнөговь,0,Total,Бүгд,189.8,1489.6,12.741676,,
2001,346,Umnugovi,Өмнөговь,1,Horse,Адуу,24.9,99.2,25.100806,,
2001,346,Umnugovi,Өмнөговь,2,Cattle,Үхэр,7.6,23.8,31.932773,,
2001,346,Umnugovi,Өмнөговь,3,Camel,Тэмээ,8.1,92.8,8.728448,,
2001,346,Umnugovi,Өмнөговь,4,Sheep,Хонь,55,405.1,13.576895,,
2001,346,Umnugovi,Өмнөговь,5,Goat,Ямаа,94.2,868.7,10.84379,,
2001,348,Dundgovi,Дундговь,0,Total,Бүгд,69.2,1282.8,5.39445,,
2001,348,Dundgovi,Дундговь,1,Horse,Адуу,8.8,113.2,7.773852,,
2001,348,Dundgovi,Дундговь,2,Cattle,Үхэр,12.7,43.3,29.330254,,
2001,348,Dundgovi,Дундговь,3,Camel,Тэмээ,0.3,21.1,1.421801,,
2001,348,Dundgovi,Дундговь,4,Sheep,Хонь,32.7,663.8,4.926183,,
2001,348,Dundgovi,Дундговь,5,Goat,Ямаа,14.7,441.4,3.330313,,
2001,421,Dornod,Дорнод,0,Total,Бүгд,70.9,826.2,8.581457,,
2001,421,Dornod,Дорнод,1,Horse,Адуу,2,105.5,1.895735,,
2001,421,Dornod,Дорнод,2,Cattle,Үхэр,34.7,142.7,24.316748,,
2001,421,Dornod,Дорнод,3,Camel,Тэмээ,0.2,5.9,3.389831,,
2001,421,Dornod,Дорнод,4,Sheep,Хонь,25.4,438.5,5.792474,,
2001,421,Dornod,Дорнод,5,Goat,Ямаа,8.6,133.6,6.437126,,
2001,422,Sukhbaatar,Сүхбаатар,0,Total,Бүгд,231.4,1492.5,15.504188,,
2001,422,Sukhbaatar,Сүхбаатар,1,Horse,Адуу,16.8,192.2,8.740895,,
2001,422,Sukhbaatar,Сүхбаатар,2,Cattle,Үхэр,80.5,209.6,38.406489,,
2001,422,Sukhbaatar,Сүхбаатар,3,Camel,Тэмээ,0.7,12.2,5.737705,,
2001,422,Sukhbaatar,Сүхбаатар,4,Sheep,Хонь,83.9,717.3,11.69664,,
2001,422,Sukhbaatar,Сүхбаатар,5,Goat,Ямаа,49.4,361.1,13.680421,,
2001,423,Khentii,Хэнтий,0,Total,Бүгд,194,1471.4,13.184722,,
2001,423,Khentii,Хэнтий,1,Horse,Адуу,15.3,192.8,7.935685,,
2001,423,Khentii,Хэнтий,2,Cattle,Үхэр,67.1,218,30.779817,,
2001,423,Khentii,Хэнтий,3,Camel,Тэмээ,0.5,7.3,6.849315,,
2001,423,Khentii,Хэнтий,4,Sheep,Хонь,69,688.6,10.020331,,
2001,423,Khentii,Хэнтий,5,Goat,Ямаа,42.1,364.7,11.543735,,
2001,511,Ulaanbaatar,Улаанбаатар,0,Total,Бүгд,24.2,230.6,10.494363,,
2001,511,Ulaanbaatar,Улаанбаатар,1,Horse,Адуу,2.3,20.1,11.442786,,
2001,511,Ulaanbaatar,Улаанбаатар,2,Cattle,Үхэр,5.6,48.6,11.522634,,
2001,511,Ulaanbaatar,Улаанбаатар,3,Camel,Тэмээ,,0.1,,..,
2001,511,Ulaanbaatar,Улаанбаатар,4,Sheep,Хонь,11.1,102.8,10.797665,,
2001,511,Ulaanbaatar,Улаанбаатар,5,Goat,Ямаа,5.2,59.1,8.798646,,
2002,0,Total,Улсын дүн,0,Total,Бүгд,2917.7,26075.3,11.189517,,
2002,0,Total,Улсын дүн,1,Horse,Адуу,213.3,2191.8,9.731727,,
2002,0,Total,Улсын дүн,2,Cattle,Үхэр,196.5,2069.6,9.494588,,
2002,0,Total,Улсын дүн,3,Camel,Тэмээ,25.8,285.2,9.046283,,
2002,0,Total,Улсын дүн,4,Sheep,Хонь,1174.1,11937.3,9.835557,,
2002,0,Total,Улсын дүн,5,Goat,Ямаа,1307.9,9591.3,13.636316,,
2002,181,Zavkhan,Завхан,0,Total,Бүгд,90.5,1486.7,6.087307,,
2002,181,Zavkhan,Завхан,1,Horse,Адуу,6.7,101.9,6.575074,,
2002,181,Zavkhan,Завхан,2,Cattle,Үхэр,5,88.8,5.630631,,
2002,181,Zavkhan,Завхан,3,Camel,Тэмээ,0.3,7.9,3.797468,,
2002,181,Zavkhan,Завхан,4,Sheep,Хонь,43.2,757.9,5.69996,,
2002,181,Zavkhan,Завхан,5,Goat,Ямаа,35.3,530.3,6.656609,,
2002,182,Govi-Altai,Говь-Алтай,0,Total,Бүгд,687.2,1714.7,40.076981,,
2002,182,Govi-Altai,Говь-Алтай,1,Horse,Адуу,42.7,75.1,56.857523,,
2002,182,Govi-Altai,Говь-Алтай,2,Cattle,Үхэр,24.7,39.9,61.904762,,
2002,182,Govi-Altai,Говь-Алтай,3,Camel,Тэмээ,4.5,28.3,15.90106,,
2002,182,Govi-Altai,Говь-Алтай,4,Sheep,Хонь,297.2,692.7,42.904576,,
2002,182,Govi-Altai,Говь-Алтай,5,Goat,Ямаа,318,878.8,36.185708,,
2002,183,Bayan-Ulgii,Баян-Өлгий,0,Total,Бүгд,170,1297.8,13.099091,,
2002,183,Bayan-Ulgii,Баян-Өлгий,1,Horse,Адуу,9.1,66.6,13.663664,,
2002,183,Bayan-Ulgii,Баян-Өлгий,2,Cattle,Үхэр,22.3,85.6,26.051402,,
2002,183,Bayan-Ulgii,Баян-Өлгий,3,Camel,Тэмээ,0.3,6.4,4.6875,,
2002,183,Bayan-Ulgii,Баян-Өлгий,4,Sheep,Хонь,68.6,592.4,11.580014,,
2002,183,Bayan-Ulgii,Баян-Өлгий,5,Goat,Ямаа,69.6,546.9,12.726275,,
2002,184,Khovd,Ховд,0,Total,Бүгд,275.6,1512.4,18.222692,,
2002,184,Khovd,Ховд,1,Horse,Адуу,21.6,80.3,26.899128,,
2002,184,Khovd,Ховд,2,Cattle,Үхэр,25.5,93.6,27.24359,,
2002,184,Khovd,Ховд,3,Camel,Тэмээ,2.2,19.6,11.22449,,
2002,184,Khovd,Ховд,4,Sheep,Хонь,116,629.7,18.421471,,
2002,184,Khovd,Ховд,5,Goat,Ямаа,110.3,689.1,16.006385,,
2002,185,Uvs,Увс,0,Total,Бүгд,219.7,1575.6,13.943894,,
2002,185,Uvs,Увс,1,Horse,Адуу,8.7,66.6,13.063063,,
2002,185,Uvs,Увс,2,Cattle,Үхэр,11.6,90.4,12.831858,,
2002,185,Uvs,Увс,3,Camel,Тэмээ,1.2,16.8,7.142857,,
2002,185,Uvs,Увс,4,Sheep,Хонь,108.7,831,13.080626,,
2002,185,Uvs,Увс,5,Goat,Ямаа,89.5,570.9,15.677001,,
2002,261,Orkhon,Орхон,0,Total,Бүгд,4.6,168.9,2.723505,,
2002,261,Orkhon,Орхон,1,Horse,Адуу,0.7,11.6,6.034483,,
2002,261,Orkhon,Орхон,2,Cattle,Үхэр,1.3,22.3,5.829596,,
2002,261,Orkhon,Орхон,3,Camel,Тэмээ,,0.1,,..,
2002,261,Orkhon,Орхон,4,Sheep,Хонь,1.8,79.1,2.275601,,
2002,261,Orkhon,Орхон,5,Goat,Ямаа,0.8,55.8,1.433692,,
2002,262,Uvurkhangai,Өвөрхангай,0,Total,Бүгд,222.8,1869.1,11.920175,,
2002,262,Uvurkhangai,Өвөрхангай,1,Horse,Адуу,25,141,17.730496,,
2002,262,Uvurkhangai,Өвөрхангай,2,Cattle,Үхэр,24.8,99.3,24.974824,,
2002,262,Uvurkhangai,Өвөрхангай,3,Camel,Тэмээ,1,14.7,6.802721,,
2002,262,Uvurkhangai,Өвөрхангай,4,Sheep,Хонь,87.8,911.1,9.636703,,
2002,262,Uvurkhangai,Өвөрхангай,5,Goat,Ямаа,84.3,703,11.991465,,
2002,263,Bulgan,Булган,0,Total,Бүгд,43.9,1457.6,3.0118,,
2002,263,Bulgan,Булган,1,Horse,Адуу,6.8,174.5,3.896848,,
2002,263,Bulgan,Булган,2,Cattle,Үхэр,6.8,160,4.25,,
2002,263,Bulgan,Булган,3,Camel,Тэмээ,0,0.9,0.0,,
2002,263,Bulgan,Булган,4,Sheep,Хонь,21.6,745.6,2.896996,,
2002,263,Bulgan,Булган,5,Goat,Ямаа,8.6,376.7,2.282984,,
2002,264,Bayankhongor,Баянхонгор,0,Total,Бүгд,683.3,1581.7,43.200354,,
2002,264,Bayankhongor,Баянхонгор,1,Horse,Адуу,37.7,85.3,44.196952,,
2002,264,Bayankhongor,Баянхонгор,2,Cattle,Үхэр,31.5,109,28.899083,,
2002,264,Bayankhongor,Баянхонгор,3,Camel,Тэмээ,7,28.2,24.822695,,
2002,264,Bayankhongor,Баянхонгор,4,Sheep,Хонь,239.4,556.5,43.018868,,
2002,264,Bayankhongor,Баянхонгор,5,Goat,Ямаа,367.7,802.7,45.807898,,
2002,265,Arkhangai,Архангай,0,Total,Бүгд,70.2,1836.1,3.823321,,
2002,265,Arkhangai,Архангай,1,Horse,Адуу,10.7,216.7,4.937702,,
2002,265,Arkhangai,Архангай,2,Cattle,Үхэр,12.6,277.3,4.543815,,
2002,265,Arkhangai,Архангай,3,Camel,Тэмээ,0,0.6,0.0,,
2002,265,Arkhangai,Архангай,4,Sheep,Хонь,29.8,831.6,3.583454,,
2002,265,Arkhangai,Архангай,5,Goat,Ямаа,17,509.9,3.333987,,
2002,267,Khuvsgul,Хөвсгөл,0,Total,Бүгд,27.8,1770,1.570621,,
2002,267,Khuvsgul,Хөвсгөл,1,Horse,Адуу,3.5,167.7,2.08706,,
2002,267,Khuvsgul,Хөвсгөл,2,Cattle,Үхэр,4.7,236.5,1.987315,,
2002,267,Khuvsgul,Хөвсгөл,3,Camel,Тэмээ,0,3.4,0.0,,
2002,267,Khuvsgul,Хөвсгөл,4,Sheep,Хонь,11.9,747.4,1.592186,,
2002,267,Khuvsgul,Хөвсгөл,5,Goat,Ямаа,7.6,615.2,1.235371,,
2002,341,Tuv,Төв,0,Total,Бүгд,44.4,1668,2.661871,,
2002,341,Tuv,Төв,1,Horse,Адуу,4.8,192.7,2.490919,,
2002,341,Tuv,Төв,2,Cattle,Үхэр,3.7,120.1,3.080766,,
2002,341,Tuv,Төв,3,Camel,Тэмээ,0,2.9,0.0,,
2002,341,Tuv,Төв,4,Sheep,Хонь,24.2,894.6,2.70512,,
2002,341,Tuv,Төв,5,Goat,Ямаа,11.7,457.9,2.555143,,
2002,342,Govisumber,Говьсүмбэр,0,Total,Бүгд,0.6,65,0.923077,,
2002,342,Govisumber,Говьсүмбэр,1,Horse,Адуу,0,6.4,0.0,,
2002,342,Govisumber,Говьсүмбэр,2,Cattle,Үхэр,0,1.9,0.0,,
2002,342,Govisumber,Говьсүмбэр,3,Camel,Тэмээ,,0.4,,..,
2002,342,Govisumber,Говьсүмбэр,4,Sheep,Хонь,0.3,29.1,1.030928,,
2002,342,Govisumber,Говьсүмбэр,5,Goat,Ямаа,0.2,27.1,0.738007,,
2002,343,Selenge,Сэлэнгэ,0,Total,Бүгд,9.6,645.4,1.48745,,
2002,343,Selenge,Сэлэнгэ,1,Horse,Адуу,0.9,47.8,1.882845,,
2002,343,Selenge,Сэлэнгэ,2,Cattle,Үхэр,1.9,96.7,1.96484,,
2002,343,Selenge,Сэлэнгэ,3,Camel,Тэмээ,,0.7,,..,
2002,343,Selenge,Сэлэнгэ,4,Sheep,Хонь,4.6,314.4,1.463104,,
2002,343,Selenge,Сэлэнгэ,5,Goat,Ямаа,2.2,185.9,1.183432,,
2002,344,Dornogovi,Дорноговь,0,Total,Бүгд,37.9,838.3,4.521055,,
2002,344,Dornogovi,Дорноговь,1,Horse,Адуу,5.5,81.3,6.765068,,
2002,344,Dornogovi,Дорноговь,2,Cattle,Үхэр,4.9,44.5,11.011236,,
2002,344,Dornogovi,Дорноговь,3,Camel,Тэмээ,0.8,28.1,2.846975,,
2002,344,Dornogovi,Дорноговь,4,Sheep,Хонь,12.5,365.6,3.419037,,
2002,344,Dornogovi,Дорноговь,5,Goat,Ямаа,14.2,318.8,4.454203,,
2002,345,Darkhan-Uul,Дархан-Уул,0,Total,Бүгд,1.7,179.7,0.946021,,
2002,345,Darkhan-Uul,Дархан-Уул,1,Horse,Адуу,0.1,13.2,0.757576,,
2002,345,Darkhan-Uul,Дархан-Уул,2,Cattle,Үхэр,0.5,28.9,1.730104,,
2002,345,Darkhan-Uul,Дархан-Уул,3,Camel,Тэмээ,,0.1,,..,
2002,345,Darkhan-Uul,Дархан-Уул,4,Sheep,Хонь,0.7,84.7,0.826446,,
2002,345,Darkhan-Uul,Дархан-Уул,5,Goat,Ямаа,0.4,52.8,0.757576,,
2002,346,Umnugovi,Өмнөговь,0,Total,Бүгд,227.1,1209.6,18.774802,,
2002,346,Umnugovi,Өмнөговь,1,Horse,Адуу,19.4,65.9,29.438543,,
2002,346,Umnugovi,Өмнөговь,2,Cattle,Үхэр,4.6,12.1,38.016529,,
2002,346,Umnugovi,Өмнөговь,3,Camel,Тэмээ,7.9,82.3,9.599028,,
2002,346,Umnugovi,Өмнөговь,4,Sheep,Хонь,55,312.4,17.605634,,
2002,346,Umnugovi,Өмнөговь,5,Goat,Ямаа,140.3,736.8,19.041802,,
2002,348,Dundgovi,Дундговь,0,Total,Бүгд,23.6,1397.4,1.688851,,
2002,348,Dundgovi,Дундговь,1,Horse,Адуу,2.6,112,2.321429,,
2002,348,Dundgovi,Дундговь,2,Cattle,Үхэр,0.7,30.1,2.325581,,
2002,348,Dundgovi,Дундговь,3,Camel,Тэмээ,0.1,19.4,0.515464,,
2002,348,Dundgovi,Дундговь,4,Sheep,Хонь,11.4,685,1.664234,,
2002,348,Dundgovi,Дундговь,5,Goat,Ямаа,8.8,550.9,1.597386,,
2002,421,Dornod,Дорнод,0,Total,Бүгд,12.8,794.1,1.611888,,
2002,421,Dornod,Дорнод,1,Horse,Адуу,1,109.6,0.912409,,
2002,421,Dornod,Дорнод,2,Cattle,Үхэр,1.8,100.1,1.798202,,
2002,421,Dornod,Дорнод,3,Camel,Тэмээ,0.1,6,1.666667,,
2002,421,Dornod,Дорнод,4,Sheep,Хонь,6.9,425.7,1.62086,,
2002,421,Dornod,Дорнод,5,Goat,Ямаа,3.1,152.7,2.030124,,
2002,422,Sukhbaatar,Сүхбаатар,0,Total,Бүгд,18.6,1429.1,1.301518,,
2002,422,Sukhbaatar,Сүхбаатар,1,Horse,Адуу,1.6,182.9,0.874795,,
2002,422,Sukhbaatar,Сүхбаатар,2,Cattle,Үхэр,1.8,137.9,1.305294,,
2002,422,Sukhbaatar,Сүхбаатар,3,Camel,Тэмээ,0.2,12.1,1.652893,,
2002,422,Sukhbaatar,Сүхбаатар,4,Sheep,Хонь,9.7,708,1.370056,,
2002,422,Sukhbaatar,Сүхбаатар,5,Goat,Ямаа,5.4,388.2,1.391036,,
2002,423,Khentii,Хэнтий,0,Total,Бүгд,41.5,1356.7,3.058893,,
2002,423,Khentii,Хэнтий,1,Horse,Адуу,3.7,174.5,2.120344,,
2002,423,Khentii,Хэнтий,2,Cattle,Үхэр,4.8,150.1,3.197868,,
2002,423,Khentii,Хэнтий,3,Camel,Тэмээ,0.2,6.4,3.125,,
2002,423,Khentii,Хэнтий,4,Sheep,Хонь,21.2,648,3.271605,,
2002,423,Khentii,Хэнтий,5,Goat,Ямаа,11.7,377.7,3.097697,,
2002,511,Ulaanbaatar,Улаанбаатар,0,Total,Бүгд,4.3,221.4,1.942186,,
2002,511,Ulaanbaatar,Улаанбаатар,1,Horse,Адуу,0.5,18.3,2.73224,,
2002,511,Ulaanbaatar,Улаанбаатар,2,Cattle,Үхэр,1,44.8,2.232143,,
2002,511,Ulaanbaatar,Улаанбаатар,3,Camel,Тэмээ,,0.1,,..,
2002,511,Ulaanbaatar,Улаанбаатар,4,Sheep,Хонь,1.6,94.8,1.687764,,
2002,511,Ulaanbaatar,Улаанбаатар,5,Goat,Ямаа,1.2,63.5,1.889764,,
2003,0,Total,Улсын дүн,0,Total,Бүгд,1324.3,23897.6,5.541561,,
2003,0,Total,Улсын дүн,1,Horse,Адуу,136.6,1988.9,6.868118,,
2003,0,Total,Улсын дүн,2,Cattle,Үхэр,215.3,1884.3,11.425994,,
2003,0,Total,Улсын дүн,3,Camel,Тэмээ,7.2,253,2.84585,,
2003,0,Total,Улсын дүн,4,Sheep,Хонь,536.5,10636.6,5.043905,,
2003,0,Total,Улсын дүн,5,Goat,Ямаа,428.5,9134.8,4.690853,,
2003,181,Zavkhan,Завхан,0,Total,Бүгд,69.1,1443.2,4.787971,,
2003,181,Zavkhan,Завхан,1,Horse,Адуу,4.5,93.4,4.817987,,
2003,181,Zavkhan,Завхан,2,Cattle,Үхэр,6,83.2,7.211538,,
2003,181,Zavkhan,Завхан,3,Camel,Тэмээ,0.1,7.1,1.408451,,
2003,181,Zavkhan,Завхан,4,Sheep,Хонь,30.8,715,4.307692,,
2003,181,Zavkhan,Завхан,5,Goat,Ямаа,27.7,544.6,5.086302,,
2003,182,Govi-Altai,Говь-Алтай,0,Total,Бүгд,12.9,1010.5,1.276596,,
2003,182,Govi-Altai,Говь-Алтай,1,Horse,Адуу,0.8,35.1,2.279202,,
2003,182,Govi-Altai,Говь-Алтай,2,Cattle,Үхэр,0.6,16.5,3.636364,,
2003,182,Govi-Altai,Говь-Алтай,3,Camel,Тэмээ,0.2,22.3,0.896861,,
2003,182,Govi-Altai,Говь-Алтай,4,Sheep,Хонь,5.5,357.6,1.538031,,
2003,182,Govi-Altai,Говь-Алтай,5,Goat,Ямаа,5.8,579,1.001727,,
2003,183,Bayan-Ulgii,Баян-Өлгий,0,Total,Бүгд,30.8,1234.2,2.495544,,
2003,183,Bayan-Ulgii,Баян-Өлгий,1,Horse,Адуу,2.4,60.6,3.960396,,
2003,183,Bayan-Ulgii,Баян-Өлгий,2,Cattle,Үхэр,4.3,84.3,5.10083,,
2003,183,Bayan-Ulgii,Баян-Өлгий,3,Camel,Тэмээ,0.1,5.9,1.694915,,
2003,183,Bayan-Ulgii,Баян-Өлгий,4,Sheep,Хонь,12.4,540.6,2.293748,,
2003,183,Bayan-Ulgii,Баян-Өлгий,5,Goat,Ямаа,11.5,542.8,2.118644,,
2003,184,Khovd,Ховд,0,Total,Бүгд,23.9,1323.9,1.805272,,
2003,184,Khovd,Ховд,1,Horse,Адуу,1.8,63.2,2.848101,,
2003,184,Khovd,Ховд,2,Cattle,Үхэр,4,72.4,5.524862,,
2003,184,Khovd,Ховд,3,Camel,Тэмээ,0.3,16.8,1.785714,,
2003,184,Khovd,Ховд,4,Sheep,Хонь,9.5,512.9,1.852213,,
2003,184,Khovd,Ховд,5,Goat,Ямаа,8.3,658.6,1.260249,,
2003,185,Uvs,Увс,0,Total,Бүгд,30.3,1470.4,2.060664,,
2003,185,Uvs,Увс,1,Horse,Адуу,2,60.9,3.284072,,
2003,185,Uvs,Увс,2,Cattle,Үхэр,3.8,83.1,4.572804,,
2003,185,Uvs,Увс,3,Camel,Тэмээ,0.2,14.8,1.351351,,
2003,185,Uvs,Увс,4,Sheep,Хонь,15,754.7,1.987545,,
2003,185,Uvs,Увс,5,Goat,Ямаа,9.2,556.8,1.652299,,
2003,261,Orkhon,Орхон,0,Total,Бүгд,22.5,159.7,14.088917,,
2003,261,Orkhon,Орхон,1,Horse,Адуу,2.3,11.6,19.827586,,
2003,261,Orkhon,Орхон,2,Cattle,Үхэр,4,20.6,19.417476,,
2003,261,Orkhon,Орхон,3,Camel,Тэмээ,0,0.1,0.0,,
2003,261,Orkhon,Орхон,4,Sheep,Хонь,12.2,73.7,16.553596,,
2003,261,Orkhon,Орхон,5,Goat,Ямаа,3.9,53.6,7.276119,,
2003,262,Uvurkhangai,Өвөрхангай,0,Total,Бүгд,44.7,1665.4,2.68404,,
2003,262,Uvurkhangai,Өвөрхангай,1,Horse,Адуу,5.9,115.2,5.121528,,
2003,262,Uvurkhangai,Өвөрхангай,2,Cattle,Үхэр,3.9,75.3,5.179283,,
2003,262,Uvurkhangai,Өвөрхангай,3,Camel,Тэмээ,0.2,13.3,1.503759,,
2003,262,Uvurkhangai,Өвөрхангай,4,Sheep,Хонь,18.6,805.9,2.307979,,
2003,262,Uvurkhangai,Өвөрхангай,5,Goat,Ямаа,16,655.7,2.44014,,
2003,263,Bulgan,Булган,0,Total,Бүгд,299.5,1387.7,21.582475,,
2003,263,Bulgan,Булган,1,Horse,Адуу,35.3,156.7,22.527122,,
2003,263,Bulgan,Булган,2,Cattle,Үхэр,60.3,141.1,42.735648,,
2003,263,Bulgan,Булган,3,Camel,Тэмээ,0,0.7,0.0,,
2003,263,Bulgan,Булган,4,Sheep,Хонь,130.5,688.4,18.957002,,
2003,263,Bulgan,Булган,5,Goat,Ямаа,73.3,400.7,18.292987,,
2003,264,Bayankhongor,Баянхонгор,0,Total,Бүгд,18.2,862.2,2.110879,,
2003,264,Bayankhongor,Баянхонгор,1,Horse,Адуу,1.9,54.1,3.512015,,
2003,264,Bayankhongor,Баянхонгор,2,Cattle,Үхэр,4.5,82.6,5.447942,,
2003,264,Bayankhongor,Баянхонгор,3,Camel,Тэмээ,0.2,19.4,1.030928,,
2003,264,Bayankhongor,Баянхонгор,4,Sheep,Хонь,6.2,294.1,2.108126,,
2003,264,Bayankhongor,Баянхонгор,5,Goat,Ямаа,5.5,412.1,1.334628,,
2003,265,Arkhangai,Архангай,0,Total,Бүгд,116.2,1748.8,6.644556,,
2003,265,Arkhangai,Архангай,1,Horse,Адуу,14.2,197.7,7.1826,,
2003,265,Arkhangai,Архангай,2,Cattle,Үхэр,28.6,253.4,11.286504,,
2003,265,Arkhangai,Архангай,3,Camel,Тэмээ,0,0.7,0.0,,
2003,265,Arkhangai,Архангай,4,Sheep,Хонь,42.7,770,5.545455,,
2003,265,Arkhangai,Архангай,5,Goat,Ямаа,30.7,527.1,5.824322,,
2003,267,Khuvsgul,Хөвсгөл,0,Total,Бүгд,74.5,1900.8,3.919402,,
2003,267,Khuvsgul,Хөвсгөл,1,Horse,Адуу,6,168.3,3.565062,,
2003,267,Khuvsgul,Хөвсгөл,2,Cattle,Үхэр,16.9,235.2,7.185374,,
2003,267,Khuvsgul,Хөвсгөл,3,Camel,Тэмээ,0.1,3.2,3.125,,
2003,267,Khuvsgul,Хөвсгөл,4,Sheep,Хонь,26.7,769.1,3.47159,,
2003,267,Khuvsgul,Хөвсгөл,5,Goat,Ямаа,24.9,725,3.434483,,
2003,341,Tuv,Төв,0,Total,Бүгд,209.6,1598,13.116395,,
2003,341,Tuv,Төв,1,Horse,Адуу,27.8,185.8,14.962325,,
2003,341,Tuv,Төв,2,Cattle,Үхэр,23.6,109.3,21.591949,,
2003,341,Tuv,Төв,3,Camel,Тэмээ,0.1,2.7,3.703704,,
2003,341,Tuv,Төв,4,Sheep,Хонь,89.7,806.8,11.117997,,
2003,341,Tuv,Төв,5,Goat,Ямаа,68.4,493.4,13.862991,,
2003,342,Govisumber,Говьсүмбэр,0,Total,Бүгд,0.1,80,0.125,,
2003,342,Govisumber,Говьсүмбэр,1,Horse,Адуу,0,7.3,0.0,,
2003,342,Govisumber,Говьсүмбэр,2,Cattle,Үхэр,0,2.3,0.0,,
2003,342,Govisumber,Говьсүмбэр,3,Camel,Тэмээ,0,0.4,0.0,,
2003,342,Govisumber,Говьсүмбэр,4,Sheep,Хонь,0,32.7,0.0,,
2003,342,Govisumber,Говьсүмбэр,5,Goat,Ямаа,0.1,37.4,0.26738,,
2003,343,Selenge,Сэлэнгэ,0,Total,Бүгд,73.6,683.4,10.769681,,
2003,343,Selenge,Сэлэнгэ,1,Horse,Адуу,2.7,47.6,5.672269,,
2003,343,Selenge,Сэлэнгэ,2,Cattle,Үхэр,15.9,94.1,16.896918,,
2003,343,Selenge,Сэлэнгэ,3,Camel,Тэмээ,0.1,0.8,12.5,,
2003,343,Selenge,Сэлэнгэ,4,Sheep,Хонь,32.8,316.7,10.356805,,
2003,343,Selenge,Сэлэнгэ,5,Goat,Ямаа,22.2,224.3,9.897459,,
2003,344,Dornogovi,Дорноговь,0,Total,Бүгд,12.5,825.8,1.513684,,
2003,344,Dornogovi,Дорноговь,1,Horse,Адуу,0.9,74.8,1.203209,,
2003,344,Dornogovi,Дорноговь,2,Cattle,Үхэр,0.6,37.4,1.604278,,
2003,344,Dornogovi,Дорноговь,3,Camel,Тэмээ,0.3,28.2,1.06383,,
2003,344,Dornogovi,Дорноговь,4,Sheep,Хонь,3.8,340.4,1.116334,,
2003,344,Dornogovi,Дорноговь,5,Goat,Ямаа,6.8,345,1.971014,,
2003,345,Darkhan-Uul,Дархан-Уул,0,Total,Бүгд,13,166,7.831325,,
2003,345,Darkhan-Uul,Дархан-Уул,1,Horse,Адуу,0.4,10.7,3.738318,,
2003,345,Darkhan-Uul,Дархан-Уул,2,Cattle,Үхэр,2.4,24.5,9.795918,,
2003,345,Darkhan-Uul,Дархан-Уул,3,Camel,Тэмээ,0,0.1,0.0,,
2003,345,Darkhan-Uul,Дархан-Уул,4,Sheep,Хонь,6.2,77.1,8.041505,,
2003,345,Darkhan-Uul,Дархан-Уул,5,Goat,Ямаа,4,53.6,7.462687,,
2003,346,Umnugovi,Өмнөговь,0,Total,Бүгд,92.5,909.1,10.174898,,
2003,346,Umnugovi,Өмнөговь,1,Horse,Адуу,7.6,42.2,18.009479,,
2003,346,Umnugovi,Өмнөговь,2,Cattle,Үхэр,1.5,6.9,21.73913,,
2003,346,Umnugovi,Өмнөговь,3,Camel,Тэмээ,4.5,72,6.25,,
2003,346,Umnugovi,Өмнөговь,4,Sheep,Хонь,26.4,227.7,11.594203,,
2003,346,Umnugovi,Өмнөговь,5,Goat,Ямаа,52.4,560.4,9.350464,,
2003,348,Dundgovi,Дундговь,0,Total,Бүгд,36.2,1475,2.454237,,
2003,348,Dundgovi,Дундговь,1,Horse,Адуу,6.3,113.4,5.555556,,
2003,348,Dundgovi,Дундговь,2,Cattle,Үхэр,1.7,32.7,5.198777,,
2003,348,Dundgovi,Дундговь,3,Camel,Тэмээ,0.4,19.7,2.030457,,
2003,348,Dundgovi,Дундговь,4,Sheep,Хонь,9.5,685.6,1.385648,,
2003,348,Dundgovi,Дундговь,5,Goat,Ямаа,18.4,623.7,2.950136,,
2003,421,Dornod,Дорнод,0,Total,Бүгд,29.6,825.4,3.58614,,
2003,421,Dornod,Дорнод,1,Horse,Адуу,1.9,115.6,1.643599,,
2003,421,Dornod,Дорнод,2,Cattle,Үхэр,5.5,99.7,5.51655,,
2003,421,Dornod,Дорнод,3,Camel,Тэмээ,0.1,6.2,1.612903,,
2003,421,Dornod,Дорнод,4,Sheep,Хонь,14.3,418.5,3.416965,,
2003,421,Dornod,Дорнод,5,Goat,Ямаа,7.8,185.4,4.20712,,
2003,422,Sukhbaatar,Сүхбаатар,0,Total,Бүгд,33.3,1516.1,2.196425,,
2003,422,Sukhbaatar,Сүхбаатар,1,Horse,Адуу,6.3,188.8,3.336864,,
2003,422,Sukhbaatar,Сүхбаатар,2,Cattle,Үхэр,5.3,140.4,3.774929,,
2003,422,Sukhbaatar,Сүхбаатар,3,Camel,Тэмээ,0.1,12.4,0.806452,,
2003,422,Sukhbaatar,Сүхбаатар,4,Sheep,Хонь,13.4,711,1.884669,,
2003,422,Sukhbaatar,Сүхбаатар,5,Goat,Ямаа,8.2,463.5,1.769148,,
2003,423,Khentii,Хэнтий,0,Total,Бүгд,74.2,1378.5,5.382662,,
2003,423,Khentii,Хэнтий,1,Horse,Адуу,5.1,169.8,3.003534,,
2003,423,Khentii,Хэнтий,2,Cattle,Үхэр,20.4,144,14.166667,,
2003,423,Khentii,Хэнтий,3,Camel,Тэмээ,0.2,6.2,3.225806,,
2003,423,Khentii,Хэнтий,4,Sheep,Хонь,27.4,644.1,4.253998,,
2003,423,Khentii,Хэнтий,5,Goat,Ямаа,21.2,414.4,5.11583,,
2003,511,Ulaanbaatar,Улаанбаатар,0,Total,Бүгд,7.1,233.5,3.040685,,
2003,511,Ulaanbaatar,Улаанбаатар,1,Horse,Адуу,0.5,16.2,3.08642,,
2003,511,Ulaanbaatar,Улаанбаатар,2,Cattle,Үхэр,1.5,45.4,3.303965,,
2003,511,Ulaanbaatar,Улаанбаатар,3,Camel,Тэмээ,0,0.1,0.0,,
2003,511,Ulaanbaatar,Улаанбаатар,4,Sheep,Хонь,2.9,94.2,3.078556,,
2003,511,Ulaanbaatar,Улаанбаатар,5,Goat,Ямаа,2.2,77.6,2.835052,,
2004,0,Total,Улсын дүн,0,Total,Бүгд,291.6,25427.7,1.146781,,
2004,0,Total,Улсын дүн,1,Horse,Адуу,30.9,1968.9,1.569404,,
2004,0,Total,Улсын дүн,2,Cattle,Үхэр,46,1792.8,2.565819,,
2004,0,Total,Улсын дүн,3,Camel,Тэмээ,2.3,256.7,0.895988,,
2004,0,Total,Улсын дүн,4,Sheep,Хонь,116.1,10756.4,1.079357,,
2004,0,Total,Улсын дүн,5,Goat,Ямаа,96.5,10652.9,0.905857,,
2004,181,Zavkhan,Завхан,0,Total,Бүгд,9.5,1628.6,0.583323,,
2004,181,Zavkhan,Завхан,1,Horse,Адуу,1.1,94.1,1.168969,,
2004,181,Zavkhan,Завхан,2,Cattle,Үхэр,1.8,87.4,2.059497,,
2004,181,Zavkhan,Завхан,3,Camel,Тэмээ,0,7.1,0.0,,
2004,181,Zavkhan,Завхан,4,Sheep,Хонь,4.2,773.6,0.542916,,
2004,181,Zavkhan,Завхан,5,Goat,Ямаа,2.4,666.4,0.360144,,
2004,182,Govi-Altai,Говь-Алтай,0,Total,Бүгд,4.1,1261.2,0.325087,,
2004,182,Govi-Altai,Говь-Алтай,1,Horse,Адуу,0.4,40.5,0.987654,,
2004,182,Govi-Altai,Говь-Алтай,2,Cattle,Үхэр,0.3,19.9,1.507538,,
2004,182,Govi-Altai,Говь-Алтай,3,Camel,Тэмээ,0.1,23.9,0.41841,,
2004,182,Govi-Altai,Говь-Алтай,4,Sheep,Хонь,1.5,401.9,0.373227,,
2004,182,Govi-Altai,Говь-Алтай,5,Goat,Ямаа,1.9,775.1,0.24513,,
2004,183,Bayan-Ulgii,Баян-Өлгий,0,Total,Бүгд,20.8,1315.6,1.581028,,
2004,183,Bayan-Ulgii,Баян-Өлгий,1,Horse,Адуу,1.5,62.1,2.415459,,
2004,183,Bayan-Ulgii,Баян-Өлгий,2,Cattle,Үхэр,2.7,87.5,3.085714,,
2004,183,Bayan-Ulgii,Баян-Өлгий,3,Camel,Тэмээ,0.1,5.6,1.785714,,
2004,183,Bayan-Ulgii,Баян-Өлгий,4,Sheep,Хонь,7.7,546.2,1.40974,,
2004,183,Bayan-Ulgii,Баян-Өлгий,5,Goat,Ямаа,8.9,614.3,1.448804,,
2004,184,Khovd,Ховд,0,Total,Бүгд,7.4,1541,0.480208,,
2004,184,Khovd,Ховд,1,Horse,Адуу,0.6,67,0.895522,,
2004,184,Khovd,Ховд,2,Cattle,Үхэр,0.9,73.7,1.221167,,
2004,184,Khovd,Ховд,3,Camel,Тэмээ,0.1,16.9,0.591716,,
2004,184,Khovd,Ховд,4,Sheep,Хонь,2.8,562.1,0.498132,,
2004,184,Khovd,Ховд,5,Goat,Ямаа,3.1,821.4,0.377404,,
2004,185,Uvs,Увс,0,Total,Бүгд,10.6,1664.4,0.636866,,
2004,185,Uvs,Увс,1,Horse,Адуу,0.7,63.9,1.095462,,
2004,185,Uvs,Увс,2,Cattle,Үхэр,1.2,89.3,1.343785,,
2004,185,Uvs,Увс,3,Camel,Тэмээ,0.1,15.6,0.641026,,
2004,185,Uvs,Увс,4,Sheep,Хонь,4.5,798.5,0.563557,,
2004,185,Uvs,Увс,5,Goat,Ямаа,4,697.1,0.573806,,
2004,261,Orkhon,Орхон,0,Total,Бүгд,2.1,107.9,1.946247,,
2004,261,Orkhon,Орхон,1,Horse,Адуу,0.4,7.8,5.128205,,
2004,261,Orkhon,Орхон,2,Cattle,Үхэр,0.3,11.9,2.521008,,
2004,261,Orkhon,Орхон,3,Camel,Тэмээ,0,0.1,0.0,,
2004,261,Orkhon,Орхон,4,Sheep,Хонь,0.8,42.8,1.869159,,
2004,261,Orkhon,Орхон,5,Goat,Ямаа,0.7,45.3,1.545254,,
2004,262,Uvurkhangai,Өвөрхангай,0,Total,Бүгд,8.4,1918.8,0.437774,,
2004,262,Uvurkhangai,Өвөрхангай,1,Horse,Адуу,0.7,123.8,0.565428,,
2004,262,Uvurkhangai,Өвөрхангай,2,Cattle,Үхэр,0.8,83,0.963855,,
2004,262,Uvurkhangai,Өвөрхангай,3,Camel,Тэмээ,0.1,14,0.714286,,
2004,262,Uvurkhangai,Өвөрхангай,4,Sheep,Хонь,3.7,881.7,0.419644,,
2004,262,Uvurkhangai,Өвөрхангай,5,Goat,Ямаа,3.1,816.4,0.379716,,
2004,263,Bulgan,Булган,0,Total,Бүгд,15.7,1107.9,1.417095,,
2004,263,Bulgan,Булган,1,Horse,Адуу,2.3,128.3,1.792673,,
2004,263,Bulgan,Булган,2,Cattle,Үхэр,1.7,85.2,1.995305,,
2004,263,Bulgan,Булган,3,Camel,Тэмээ,0,0.6,0.0,,
2004,263,Bulgan,Булган,4,Sheep,Хонь,7.3,540.5,1.350601,,
2004,263,Bulgan,Булган,5,Goat,Ямаа,4.4,353.3,1.245401,,
2004,264,Bayankhongor,Баянхонгор,0,Total,Бүгд,7.5,1099.2,0.682314,,
2004,264,Bayankhongor,Баянхонгор,1,Horse,Адуу,0.9,61.7,1.458671,,
2004,264,Bayankhongor,Баянхонгор,2,Cattle,Үхэр,1.9,85.3,2.227433,,
2004,264,Bayankhongor,Баянхонгор,3,Camel,Тэмээ,0.1,20.7,0.483092,,
2004,264,Bayankhongor,Баянхонгор,4,Sheep,Хонь,2.2,332.1,0.662451,,
2004,264,Bayankhongor,Баянхонгор,5,Goat,Ямаа,2.3,599.3,0.383781,,
2004,265,Arkhangai,Архангай,0,Total,Бүгд,26.7,1837.5,1.453061,,
2004,265,Arkhangai,Архангай,1,Horse,Адуу,3.4,192.6,1.765317,,
2004,265,Arkhangai,Архангай,2,Cattle,Үхэр,7.9,230.9,3.421395,,
2004,265,Arkhangai,Архангай,3,Camel,Тэмээ,0,0.7,0.0,,
2004,265,Arkhangai,Архангай,4,Sheep,Хонь,9.2,806.6,1.14059,,
2004,265,Arkhangai,Архангай,5,Goat,Ямаа,6.3,606.7,1.038404,,
2004,267,Khuvsgul,Хөвсгөл,0,Total,Бүгд,21.7,2060.4,1.053194,,
2004,267,Khuvsgul,Хөвсгөл,1,Horse,Адуу,3.1,164.9,1.879927,,
2004,267,Khuvsgul,Хөвсгөл,2,Cattle,Үхэр,4.2,231.5,1.814255,,
2004,267,Khuvsgul,Хөвсгөл,3,Camel,Тэмээ,0,3,0.0,,
2004,267,Khuvsgul,Хөвсгөл,4,Sheep,Хонь,8,816.4,0.979912,,
2004,267,Khuvsgul,Хөвсгөл,5,Goat,Ямаа,6.4,844.6,0.757755,,
2004,341,Tuv,Төв,0,Total,Бүгд,34.3,1475.6,2.324478,,
2004,341,Tuv,Төв,1,Horse,Адуу,3.9,165.2,2.360775,,
2004,341,Tuv,Төв,2,Cattle,Үхэр,3.8,91.5,4.153005,,
2004,341,Tuv,Төв,3,Camel,Тэмээ,0,2.6,0.0,,
2004,341,Tuv,Төв,4,Sheep,Хонь,15.8,724.8,2.179912,,
2004,341,Tuv,Төв,5,Goat,Ямаа,10.8,491.6,2.196908,,
2004,342,Govisumber,Говьсүмбэр,0,Total,Бүгд,0.2,107,0.186916,,
2004,342,Govisumber,Говьсүмбэр,1,Horse,Адуу,0,10,0.0,,
2004,342,Govisumber,Говьсүмбэр,2,Cattle,Үхэр,0,3.3,0.0,,
2004,342,Govisumber,Говьсүмбэр,3,Camel,Тэмээ,0,0.5,0.0,,
2004,342,Govisumber,Говьсүмбэр,4,Sheep,Хонь,0.1,40,0.25,,
2004,342,Govisumber,Говьсүмбэр,5,Goat,Ямаа,0.1,53.2,0.18797,,
2004,343,Selenge,Сэлэнгэ,0,Total,Бүгд,6.8,587,1.158433,,
2004,343,Selenge,Сэлэнгэ,1,Horse,Адуу,1,42.9,2.331002,,
2004,343,Selenge,Сэлэнгэ,2,Cattle,Үхэр,1.1,71.5,1.538462,,
2004,343,Selenge,Сэлэнгэ,3,Camel,Тэмээ,0,0.7,0.0,,
2004,343,Selenge,Сэлэнгэ,4,Sheep,Хонь,2.8,266.2,1.051841,,
2004,343,Selenge,Сэлэнгэ,5,Goat,Ямаа,1.8,205.6,0.875486,,
2004,344,Dornogovi,Дорноговь,0,Total,Бүгд,5.5,926.5,0.593632,,
2004,344,Dornogovi,Дорноговь,1,Horse,Адуу,0.4,83.1,0.481348,,
2004,344,Dornogovi,Дорноговь,2,Cattle,Үхэр,0.8,44.7,1.789709,,
2004,344,Dornogovi,Дорноговь,3,Camel,Тэмээ,0.2,29,0.689655,,
2004,344,Dornogovi,Дорноговь,4,Sheep,Хонь,2,355.1,0.563222,,
2004,344,Dornogovi,Дорноговь,5,Goat,Ямаа,2.1,414.6,0.506512,,
2004,345,Darkhan-Uul,Дархан-Уул,0,Total,Бүгд,0.7,122.2,0.572831,,
2004,345,Darkhan-Uul,Дархан-Уул,1,Horse,Адуу,0,8.6,0.0,,
2004,345,Darkhan-Uul,Дархан-Уул,2,Cattle,Үхэр,0.1,17.3,0.578035,,
2004,345,Darkhan-Uul,Дархан-Уул,3,Camel,Тэмээ,0,0,,,
2004,345,Darkhan-Uul,Дархан-Уул,4,Sheep,Хонь,0.3,55.8,0.537634,,
2004,345,Darkhan-Uul,Дархан-Уул,5,Goat,Ямаа,0.2,40.4,0.49505,,
2004,346,Umnugovi,Өмнөговь,0,Total,Бүгд,10.6,907.4,1.168173,,
2004,346,Umnugovi,Өмнөговь,1,Horse,Адуу,0.4,36.7,1.089918,,
2004,346,Umnugovi,Өмнөговь,2,Cattle,Үхэр,0,5.9,0.0,,
2004,346,Umnugovi,Өмнөговь,3,Camel,Тэмээ,1,70.2,1.424501,,
2004,346,Umnugovi,Өмнөговь,4,Sheep,Хонь,2.9,202.8,1.42998,,
2004,346,Umnugovi,Өмнөговь,5,Goat,Ямаа,6.3,591.7,1.064729,,
2004,348,Dundgovi,Дундговь,0,Total,Бүгд,3.9,1598.1,0.24404,,
2004,348,Dundgovi,Дундговь,1,Horse,Адуу,0.4,111.1,0.360036,,
2004,348,Dundgovi,Дундговь,2,Cattle,Үхэр,0.7,36.9,1.897019,,
2004,348,Dundgovi,Дундговь,3,Camel,Тэмээ,0.1,20.4,0.490196,,
2004,348,Dundgovi,Дундговь,4,Sheep,Хонь,1.3,724,0.179558,,
2004,348,Dundgovi,Дундговь,5,Goat,Ямаа,1.4,705.8,0.198356,,
2004,421,Dornod,Дорнод,0,Total,Бүгд,9.4,843.8,1.114008,,
2004,421,Dornod,Дорнод,1,Horse,Адуу,0.7,121.8,0.574713,,
2004,421,Dornod,Дорнод,2,Cattle,Үхэр,1.8,101.1,1.780415,,
2004,421,Dornod,Дорнод,3,Camel,Тэмээ,0.1,6.3,1.587302,,
2004,421,Dornod,Дорнод,4,Sheep,Хонь,4.5,406.9,1.105923,,
2004,421,Dornod,Дорнод,5,Goat,Ямаа,2.3,207.8,1.106833,,
2004,422,Sukhbaatar,Сүхбаатар,0,Total,Бүгд,61.9,1622.7,3.81463,,
2004,422,Sukhbaatar,Сүхбаатар,1,Horse,Адуу,6,194.7,3.081664,,
2004,422,Sukhbaatar,Сүхбаатар,2,Cattle,Үхэр,10.9,151.3,7.20423,,
2004,422,Sukhbaatar,Сүхбаатар,3,Camel,Тэмээ,0.2,12.9,1.550388,,
2004,422,Sukhbaatar,Сүхбаатар,4,Sheep,Хонь,24.3,722.5,3.363322,,
2004,422,Sukhbaatar,Сүхбаатар,5,Goat,Ямаа,20.5,541.2,3.787879,,
2004,423,Khentii,Хэнтий,0,Total,Бүгд,20.4,1451.8,1.405152,,
2004,423,Khentii,Хэнтий,1,Horse,Адуу,2.4,170.7,1.405975,,
2004,423,Khentii,Хэнтий,2,Cattle,Үхэр,2.4,139,1.726619,,
2004,423,Khentii,Хэнтий,3,Camel,Тэмээ,0.1,5.9,1.694915,,
2004,423,Khentii,Хэнтий,4,Sheep,Хонь,9.1,659.1,1.380671,,
2004,423,Khentii,Хэнтий,5,Goat,Ямаа,6.4,477.1,1.341438,,
2004,511,Ulaanbaatar,Улаанбаатар,0,Total,Бүгд,3.4,243.3,1.397452,,
2004,511,Ulaanbaatar,Улаанбаатар,1,Horse,Адуу,0.6,17.5,3.428571,,
2004,511,Ulaanbaatar,Улаанбаатар,2,Cattle,Үхэр,0.7,44.8,1.5625,,
2004,511,Ulaanbaatar,Улаанбаатар,3,Camel,Тэмээ,0,0.1,0.0,,
2004,511,Ulaanbaatar,Улаанбаатар,4,Sheep,Хонь,1.1,96.8,1.136364,,
2004,511,Ulaanbaatar,Улаанбаатар,5,Goat,Ямаа,1.1,84.2,1.306413,,
2005,0,Total,Улсын дүн,0,Total,Бүгд,677.2,28028,2.416155,,
2005,0,Total,Улсын дүн,1,Horse,Адуу,39,2005.3,1.944846,,
2005,0,Total,Улсын дүн,2,Cattle,Үхэр,57.9,1841.6,3.144005,,
2005,0,Total,Улсын дүн,3,Camel,Тэмээ,3.6,256.6,1.402962,,
2005,0,Total,Улсын дүн,4,Sheep,Хонь,255.5,11686.4,2.186302,,
2005,0,Total,Улсын дүн,5,Goat,Ямаа,320.6,12238,2.619709,,
2005,181,Zavkhan,Завхан,0,Total,Бүгд,72.5,1901.8,3.812178,,
2005,181,Zavkhan,Завхан,1,Horse,Адуу,2.3,96.1,2.39334,,
2005,181,Zavkhan,Завхан,2,Cattle,Үхэр,4.1,96.3,4.257529,,
2005,181,Zavkhan,Завхан,3,Camel,Тэмээ,0.1,6.4,1.5625,,
2005,181,Zavkhan,Завхан,4,Sheep,Хонь,28.5,903.1,3.155797,,
2005,181,Zavkhan,Завхан,5,Goat,Ямаа,37.6,799.9,4.700588,,
2005,182,Govi-Altai,Говь-Алтай,0,Total,Бүгд,11.6,1539.6,0.753442,,
2005,182,Govi-Altai,Говь-Алтай,1,Horse,Адуу,0.5,47.2,1.059322,,
2005,182,Govi-Altai,Говь-Алтай,2,Cattle,Үхэр,0.3,24.8,1.209677,,
2005,182,Govi-Altai,Говь-Алтай,3,Camel,Тэмээ,0.2,24.5,0.816327,,
2005,182,Govi-Altai,Говь-Алтай,4,Sheep,Хонь,3.5,482.5,0.725389,,
2005,182,Govi-Altai,Говь-Алтай,5,Goat,Ямаа,7.2,960.6,0.749532,,
2005,183,Bayan-Ulgii,Баян-Өлгий,0,Total,Бүгд,91.2,1346.7,6.77211,,
2005,183,Bayan-Ulgii,Баян-Өлгий,1,Horse,Адуу,4.6,60.8,7.565789,,
2005,183,Bayan-Ulgii,Баян-Өлгий,2,Cattle,Үхэр,11.1,86,12.906977,,
2005,183,Bayan-Ulgii,Баян-Өлгий,3,Camel,Тэмээ,0.2,4.8,4.166667,,
2005,183,Bayan-Ulgii,Баян-Өлгий,4,Sheep,Хонь,31.9,554.3,5.755006,,
2005,183,Bayan-Ulgii,Баян-Өлгий,5,Goat,Ямаа,43.4,640.8,6.772784,,
2005,184,Khovd,Ховд,0,Total,Бүгд,22.2,1788.5,1.241264,,
2005,184,Khovd,Ховд,1,Horse,Адуу,1,73.2,1.36612,,
2005,184,Khovd,Ховд,2,Cattle,Үхэр,1.4,83.6,1.674641,,
2005,184,Khovd,Ховд,3,Camel,Тэмээ,0.2,16.6,1.204819,,
2005,184,Khovd,Ховд,4,Sheep,Хонь,5.4,628.8,0.858779,,
2005,184,Khovd,Ховд,5,Goat,Ямаа,14.2,986.4,1.439578,,
2005,185,Uvs,Увс,0,Total,Бүгд,110.9,1948.3,5.692142,,
2005,185,Uvs,Увс,1,Horse,Адуу,2.2,70.3,3.129445,,
2005,185,Uvs,Увс,2,Cattle,Үхэр,4,100.3,3.988036,,
2005,185,Uvs,Увс,3,Camel,Тэмээ,0.3,15.8,1.898734,,
2005,185,Uvs,Увс,4,Sheep,Хонь,46.7,926.4,5.041019,,
2005,185,Uvs,Увс,5,Goat,Ямаа,57.7,835.3,6.907698,,
2005,261,Orkhon,Орхон,0,Total,Бүгд,1.2,115.2,1.041667,,
2005,261,Orkhon,Орхон,1,Horse,Адуу,0.4,9.7,4.123711,,
2005,261,Orkhon,Орхон,2,Cattle,Үхэр,0.2,11.4,1.754386,,
2005,261,Orkhon,Орхон,3,Camel,Тэмээ,0,0.1,0.0,,
2005,261,Orkhon,Орхон,4,Sheep,Хонь,0.3,45.2,0.663717,,
2005,261,Orkhon,Орхон,5,Goat,Ямаа,0.3,48.8,0.614754,,
2005,262,Uvurkhangai,Өвөрхангай,0,Total,Бүгд,38.7,2155.5,1.795407,,
2005,262,Uvurkhangai,Өвөрхангай,1,Horse,Адуу,1.6,132.9,1.203913,,
2005,262,Uvurkhangai,Өвөрхангай,2,Cattle,Үхэр,1.6,91.2,1.754386,,
2005,262,Uvurkhangai,Өвөрхангай,3,Camel,Тэмээ,0.1,13.8,0.724638,,
2005,262,Uvurkhangai,Өвөрхангай,4,Sheep,Хонь,15.5,971.5,1.595471,,
2005,262,Uvurkhangai,Өвөрхангай,5,Goat,Ямаа,20,946,2.114165,,
2005,263,Bulgan,Булган,0,Total,Бүгд,9.4,1213.2,0.77481,,
2005,263,Bulgan,Булган,1,Horse,Адуу,1.5,128.7,1.165501,,
2005,263,Bulgan,Булган,2,Cattle,Үхэр,1.1,84.5,1.301775,,
2005,263,Bulgan,Булган,3,Camel,Тэмээ,0,0.5,0.0,,
2005,263,Bulgan,Булган,4,Sheep,Хонь,3.9,593.3,0.65734,,
2005,263,Bulgan,Булган,5,Goat,Ямаа,2.9,406.2,0.713934,,
2005,264,Bayankhongor,Баянхонгор,0,Total,Бүгд,9.5,1323.7,0.717685,,
2005,264,Bayankhongor,Баянхонгор,1,Horse,Адуу,0.7,66.2,1.057402,,
2005,264,Bayankhongor,Баянхонгор,2,Cattle,Үхэр,1.4,90.6,1.545254,,
2005,264,Bayankhongor,Баянхонгор,3,Camel,Тэмээ,0.1,21,0.47619,,
2005,264,Bayankhongor,Баянхонгор,4,Sheep,Хонь,2.8,381.6,0.733753,,
2005,264,Bayankhongor,Баянхонгор,5,Goat,Ямаа,4.4,764.2,0.575766,,
2005,265,Arkhangai,Архангай,0,Total,Бүгд,19.1,1948.2,0.980392,,
2005,265,Arkhangai,Архангай,1,Horse,Адуу,2.3,191.2,1.202929,,
2005,265,Arkhangai,Архангай,2,Cattle,Үхэр,3.5,231.7,1.510574,,
2005,265,Arkhangai,Архангай,3,Camel,Тэмээ,0,0.7,0.0,,
2005,265,Arkhangai,Архангай,4,Sheep,Хонь,7.8,861.1,0.905818,,
2005,265,Arkhangai,Архангай,5,Goat,Ямаа,5.4,663.6,0.813743,,
2005,267,Khuvsgul,Хөвсгөл,0,Total,Бүгд,45,2295.2,1.960613,,
2005,267,Khuvsgul,Хөвсгөл,1,Horse,Адуу,3.6,156.1,2.306214,,
2005,267,Khuvsgul,Хөвсгөл,2,Cattle,Үхэр,5.4,238.4,2.265101,,
2005,267,Khuvsgul,Хөвсгөл,3,Camel,Тэмээ,0,2.7,0.0,,
2005,267,Khuvsgul,Хөвсгөл,4,Sheep,Хонь,17.9,932,1.920601,,
2005,267,Khuvsgul,Хөвсгөл,5,Goat,Ямаа,18,966,1.863354,,
2005,341,Tuv,Төв,0,Total,Бүгд,16.5,1551.4,1.063555,,
2005,341,Tuv,Төв,1,Horse,Адуу,2.2,169.2,1.300236,,
2005,341,Tuv,Төв,2,Cattle,Үхэр,1.4,93.3,1.500536,,
2005,341,Tuv,Төв,3,Camel,Тэмээ,0,2.4,0.0,,
2005,341,Tuv,Төв,4,Sheep,Хонь,7,744.8,0.93985,,
2005,341,Tuv,Төв,5,Goat,Ямаа,5.8,541.6,1.070901,,
2005,342,Govisumber,Говьсүмбэр,0,Total,Бүгд,0.3,129.4,0.231839,,
2005,342,Govisumber,Говьсүмбэр,1,Horse,Адуу,0,11.1,0.0,,
2005,342,Govisumber,Говьсүмбэр,2,Cattle,Үхэр,0,3.9,0.0,,
2005,342,Govisumber,Говьсүмбэр,3,Camel,Тэмээ,0,0.5,0.0,,
2005,342,Govisumber,Говьсүмбэр,4,Sheep,Хонь,0.1,48.7,0.205339,,
2005,342,Govisumber,Говьсүмбэр,5,Goat,Ямаа,0.2,65.2,0.306748,,
2005,343,Selenge,Сэлэнгэ,0,Total,Бүгд,3.9,577.4,0.675442,,
2005,343,Selenge,Сэлэнгэ,1,Horse,Адуу,0.6,39.5,1.518987,,
2005,343,Selenge,Сэлэнгэ,2,Cattle,Үхэр,0.7,68.4,1.023392,,
2005,343,Selenge,Сэлэнгэ,3,Camel,Тэмээ,0,0.5,0.0,,
2005,343,Selenge,Сэлэнгэ,4,Sheep,Хонь,1.3,253.6,0.512618,,
2005,343,Selenge,Сэлэнгэ,5,Goat,Ямаа,1.2,215.5,0.556845,,
2005,344,Dornogovi,Дорноговь,0,Total,Бүгд,31.4,1018.5,3.082965,,
2005,344,Dornogovi,Дорноговь,1,Horse,Адуу,1.5,87.5,1.714286,,
2005,344,Dornogovi,Дорноговь,2,Cattle,Үхэр,2.1,49.9,4.208417,,
2005,344,Dornogovi,Дорноговь,3,Camel,Тэмээ,0.5,29.7,1.683502,,
2005,344,Dornogovi,Дорноговь,4,Sheep,Хонь,10.6,381.9,2.775596,,
2005,344,Dornogovi,Дорноговь,5,Goat,Ямаа,16.6,469.6,3.534923,,
2005,345,Darkhan-Uul,Дархан-Уул,0,Total,Бүгд,0.5,125.1,0.39968,,
2005,345,Darkhan-Uul,Дархан-Уул,1,Horse,Адуу,0.1,8.1,1.234568,,
2005,345,Darkhan-Uul,Дархан-Уул,2,Cattle,Үхэр,0.1,17.1,0.584795,,
2005,345,Darkhan-Uul,Дархан-Уул,3,Camel,Тэмээ,0,0,,,
2005,345,Darkhan-Uul,Дархан-Уул,4,Sheep,Хонь,0.2,57.1,0.350263,,
2005,345,Darkhan-Uul,Дархан-Уул,5,Goat,Ямаа,0.1,42.7,0.234192,,
2005,346,Umnugovi,Өмнөговь,0,Total,Бүгд,29.4,1070.1,2.747407,,
2005,346,Umnugovi,Өмнөговь,1,Horse,Адуу,0.7,40.9,1.711491,,
2005,346,Umnugovi,Өмнөговь,2,Cattle,Үхэр,0.2,7.4,2.702703,,
2005,346,Umnugovi,Өмнөговь,3,Camel,Тэмээ,1.3,70.8,1.836158,,
2005,346,Umnugovi,Өмнөговь,4,Sheep,Хонь,5.1,230.6,2.211622,,
2005,346,Umnugovi,Өмнөговь,5,Goat,Ямаа,22.1,720.4,3.06774,,
2005,348,Dundgovi,Дундговь,0,Total,Бүгд,26.3,1780.9,1.476781,,
2005,348,Dundgovi,Дундговь,1,Horse,Адуу,1.9,120.7,1.574151,,
2005,348,Dundgovi,Дундговь,2,Cattle,Үхэр,0.6,42.1,1.425178,,
2005,348,Dundgovi,Дундговь,3,Camel,Тэмээ,0.1,21.3,0.469484,,
2005,348,Dundgovi,Дундговь,4,Sheep,Хонь,9.2,787,1.168996,,
2005,348,Dundgovi,Дундговь,5,Goat,Ямаа,14.4,809.9,1.777997,,
2005,421,Dornod,Дорнод,0,Total,Бүгд,12.7,887.9,1.430341,,
2005,421,Dornod,Дорнод,1,Horse,Адуу,1.1,124.7,0.882117,,
2005,421,Dornod,Дорнод,2,Cattle,Үхэр,2.5,98.5,2.538071,,
2005,421,Dornod,Дорнод,3,Camel,Тэмээ,0.1,6.4,1.5625,,
2005,421,Dornod,Дорнод,4,Sheep,Хонь,4.8,424,1.132075,,
2005,421,Dornod,Дорнод,5,Goat,Ямаа,4.1,234.4,1.749147,,
2005,422,Sukhbaatar,Сүхбаатар,0,Total,Бүгд,98.2,1580,6.21519,,
2005,422,Sukhbaatar,Сүхбаатар,1,Horse,Адуу,7.7,185.5,4.150943,,
2005,422,Sukhbaatar,Сүхбаатар,2,Cattle,Үхэр,12.6,138.4,9.104046,,
2005,422,Sukhbaatar,Сүхбаатар,3,Camel,Тэмээ,0.3,12.6,2.380952,,
2005,422,Sukhbaatar,Сүхбаатар,4,Sheep,Хонь,42.2,706.4,5.973952,,
2005,422,Sukhbaatar,Сүхбаатар,5,Goat,Ямаа,35.4,537.1,6.590951,,
2005,423,Khentii,Хэнтий,0,Total,Бүгд,24,1505.3,1.594367,,
2005,423,Khentii,Хэнтий,1,Horse,Адуу,2.1,168.2,1.248514,,
2005,423,Khentii,Хэнтий,2,Cattle,Үхэр,2.9,138.3,2.096891,,
2005,423,Khentii,Хэнтий,3,Camel,Тэмээ,0.1,5.5,1.818182,,
2005,423,Khentii,Хэнтий,4,Sheep,Хонь,10,687.3,1.454969,,
2005,423,Khentii,Хэнтий,5,Goat,Ямаа,8.9,506,1.758893,,
2005,511,Ulaanbaatar,Улаанбаатар,0,Total,Бүгд,2.7,226.4,1.19258,,
2005,511,Ulaanbaatar,Улаанбаатар,1,Horse,Адуу,0.4,17.6,2.272727,,
2005,511,Ulaanbaatar,Улаанбаатар,2,Cattle,Үхэр,0.7,45.4,1.54185,,
2005,511,Ulaanbaatar,Улаанбаатар,3,Camel,Тэмээ,0,0,,,
2005,511,Ulaanbaatar,Улаанбаатар,4,Sheep,Хонь,0.8,85.3,0.937866,,
2005,511,Ulaanbaatar,Улаанбаатар,5,Goat,Ямаа,0.7,78.1,0.896287,,
2006,0,Total,Улсын дүн,0,Total,Бүгд,476.4,30398.8,1.567167,,
2006,0,Total,Улсын дүн,1,Horse,Адуу,30.8,2029.1,1.517914,,
2006,0,Total,Улсын дүн,2,Cattle,Үхэр,39.5,1963.6,2.011611,,
2006,0,Total,Улсын дүн,3,Camel,Тэмээ,4.8,254.2,1.888277,,
2006,0,Total,Улсын дүн,4,Sheep,Хонь,182.2,12884.5,1.414102,,
2006,0,Total,Улсын дүн,5,Goat,Ямаа,219.3,13267.4,1.652924,,
2006,181,Zavkhan,Завхан,0,Total,Бүгд,12.1,2102.2,0.575587,,
2006,181,Zavkhan,Завхан,1,Horse,Адуу,1,101.2,0.988142,,
2006,181,Zavkhan,Завхан,2,Cattle,Үхэр,1.2,107.2,1.119403,,
2006,181,Zavkhan,Завхан,3,Camel,Тэмээ,0.1,6.3,1.587302,,
2006,181,Zavkhan,Завхан,4,Sheep,Хонь,5,1026.4,0.48714,,
2006,181,Zavkhan,Завхан,5,Goat,Ямаа,4.9,861.2,0.568974,,
2006,182,Govi-Altai,Говь-Алтай,0,Total,Бүгд,6.2,1834.2,0.338022,,
2006,182,Govi-Altai,Говь-Алтай,1,Horse,Адуу,0.3,54.4,0.551471,,
2006,182,Govi-Altai,Говь-Алтай,2,Cattle,Үхэр,0.2,30.6,0.653595,,
2006,182,Govi-Altai,Говь-Алтай,3,Camel,Тэмээ,0.2,25,0.8,,
2006,182,Govi-Altai,Говь-Алтай,4,Sheep,Хонь,2.2,587.7,0.374341,,
2006,182,Govi-Altai,Говь-Алтай,5,Goat,Ямаа,3.2,1136.5,0.281566,,
2006,183,Bayan-Ulgii,Баян-Өлгий,0,Total,Бүгд,15,1320.5,1.135933,,
2006,183,Bayan-Ulgii,Баян-Өлгий,1,Horse,Адуу,1.4,57.6,2.430556,,
2006,183,Bayan-Ulgii,Баян-Өлгий,2,Cattle,Үхэр,1.8,80.5,2.236025,,
2006,183,Bayan-Ulgii,Баян-Өлгий,3,Camel,Тэмээ,0.1,4.3,2.325581,,
2006,183,Bayan-Ulgii,Баян-Өлгий,4,Sheep,Хонь,5.2,557.5,0.932735,,
2006,183,Bayan-Ulgii,Баян-Өлгий,5,Goat,Ямаа,6.5,620.6,1.047374,,
2006,184,Khovd,Ховд,0,Total,Бүгд,7.6,1963.7,0.387024,,
2006,184,Khovd,Ховд,1,Horse,Адуу,0.8,77.1,1.037613,,
2006,184,Khovd,Ховд,2,Cattle,Үхэр,0.9,94.6,0.951374,,
2006,184,Khovd,Ховд,3,Camel,Тэмээ,0.1,16.9,0.591716,,
2006,184,Khovd,Ховд,4,Sheep,Хонь,2.4,703.3,0.341248,,
2006,184,Khovd,Ховд,5,Goat,Ямаа,3.3,1071.8,0.307893,,
2006,185,Uvs,Увс,0,Total,Бүгд,32.4,2021.3,1.602929,,
2006,185,Uvs,Увс,1,Horse,Адуу,1.2,73.2,1.639344,,
2006,185,Uvs,Увс,2,Cattle,Үхэр,2.4,108.9,2.203857,,
2006,185,Uvs,Увс,3,Camel,Тэмээ,0.2,15.8,1.265823,,
2006,185,Uvs,Увс,4,Sheep,Хонь,14.9,987.7,1.508555,,
2006,185,Uvs,Увс,5,Goat,Ямаа,13.7,835.7,1.639344,,
2006,261,Orkhon,Орхон,0,Total,Бүгд,0.8,137.3,0.582666,,
2006,261,Orkhon,Орхон,1,Horse,Адуу,0.2,7.8,2.564103,,
2006,261,Orkhon,Орхон,2,Cattle,Үхэр,0.1,13.2,0.757576,,
2006,261,Orkhon,Орхон,3,Camel,Тэмээ,0,0.1,0.0,,
2006,261,Orkhon,Орхон,4,Sheep,Хонь,0.2,55.8,0.358423,,
2006,261,Orkhon,Орхон,5,Goat,Ямаа,0.3,60.4,0.496689,,
2006,262,Uvurkhangai,Өвөрхангай,0,Total,Бүгд,19.2,2301.2,0.834347,,
2006,262,Uvurkhangai,Өвөрхангай,1,Horse,Адуу,1.1,136.6,0.805271,,
2006,262,Uvurkhangai,Өвөрхангай,2,Cattle,Үхэр,1.9,99.7,1.905717,,
2006,262,Uvurkhangai,Өвөрхангай,3,Camel,Тэмээ,0.1,13.1,0.763359,,
2006,262,Uvurkhangai,Өвөрхангай,4,Sheep,Хонь,6.8,1059.5,0.641812,,
2006,262,Uvurkhangai,Өвөрхангай,5,Goat,Ямаа,9.3,992.2,0.937311,,
2006,263,Bulgan,Булган,0,Total,Бүгд,6.3,1399.3,0.450225,,
2006,263,Bulgan,Булган,1,Horse,Адуу,1,136.4,0.733138,,
2006,263,Bulgan,Булган,2,Cattle,Үхэр,0.7,98.1,0.713558,,
2006,263,Bulgan,Булган,3,Camel,Тэмээ,0,0.4,0.0,,
2006,263,Bulgan,Булган,4,Sheep,Хонь,2.7,689.1,0.391815,,
2006,263,Bulgan,Булган,5,Goat,Ямаа,2,475.3,0.420787,,
2006,264,Bayankhongor,Баянхонгор,0,Total,Бүгд,19,1553.5,1.223045,,
2006,264,Bayankhongor,Баянхонгор,1,Horse,Адуу,1.3,70.8,1.836158,,
2006,264,Bayankhongor,Баянхонгор,2,Cattle,Үхэр,2.3,96.7,2.37849,,
2006,264,Bayankhongor,Баянхонгор,3,Camel,Тэмээ,0.3,22.8,1.315789,,
2006,264,Bayankhongor,Баянхонгор,4,Sheep,Хонь,6.1,447.1,1.364348,,
2006,264,Bayankhongor,Баянхонгор,5,Goat,Ямаа,9,916.1,0.982425,,
2006,265,Arkhangai,Архангай,0,Total,Бүгд,21.4,2194.9,0.974987,,
2006,265,Arkhangai,Архангай,1,Horse,Адуу,2.7,194.4,1.388889,,
2006,265,Arkhangai,Архангай,2,Cattle,Үхэр,3.1,253.2,1.224329,,
2006,265,Arkhangai,Архангай,3,Camel,Тэмээ,0,0.7,0.0,,
2006,265,Arkhangai,Архангай,4,Sheep,Хонь,8.4,991.6,0.847116,,
2006,265,Arkhangai,Архангай,5,Goat,Ямаа,7.3,755.1,0.966759,,
2006,267,Khuvsgul,Хөвсгөл,0,Total,Бүгд,20.9,2504.3,0.834565,,
2006,267,Khuvsgul,Хөвсгөл,1,Horse,Адуу,2.2,148,1.486486,,
2006,267,Khuvsgul,Хөвсгөл,2,Cattle,Үхэр,2.7,254.9,1.059239,,
2006,267,Khuvsgul,Хөвсгөл,3,Camel,Тэмээ,0,2.4,0.0,,
2006,267,Khuvsgul,Хөвсгөл,4,Sheep,Хонь,8.5,1040.2,0.817151,,
2006,267,Khuvsgul,Хөвсгөл,5,Goat,Ямаа,7.5,1058.8,0.708349,,
2006,341,Tuv,Төв,0,Total,Бүгд,14.9,1780.2,0.836985,,
2006,341,Tuv,Төв,1,Horse,Адуу,2,179.4,1.114827,,
2006,341,Tuv,Төв,2,Cattle,Үхэр,1.3,108.1,1.20259,,
2006,341,Tuv,Төв,3,Camel,Тэмээ,0,2.2,0.0,,
2006,341,Tuv,Төв,4,Sheep,Хонь,6.4,855.7,0.747926,,
2006,341,Tuv,Төв,5,Goat,Ямаа,5.1,634.9,0.803276,,
2006,342,Govisumber,Говьсүмбэр,0,Total,Бүгд,1,155.9,0.641437,,
2006,342,Govisumber,Говьсүмбэр,1,Horse,Адуу,0.1,11.9,0.840336,,
2006,342,Govisumber,Говьсүмбэр,2,Cattle,Үхэр,0.1,4.5,2.222222,,
2006,342,Govisumber,Говьсүмбэр,3,Camel,Тэмээ,0,0.4,0.0,,
2006,342,Govisumber,Говьсүмбэр,4,Sheep,Хонь,0.5,59.2,0.844595,,
2006,342,Govisumber,Говьсүмбэр,5,Goat,Ямаа,0.4,79.9,0.500626,,
2006,343,Selenge,Сэлэнгэ,0,Total,Бүгд,2.5,627.5,0.398406,,
2006,343,Selenge,Сэлэнгэ,1,Horse,Адуу,0.4,37.1,1.078167,,
2006,343,Selenge,Сэлэнгэ,2,Cattle,Үхэр,0.4,73.7,0.542741,,
2006,343,Selenge,Сэлэнгэ,3,Camel,Тэмээ,0,0.4,0.0,,
2006,343,Selenge,Сэлэнгэ,4,Sheep,Хонь,1,277.6,0.360231,,
2006,343,Selenge,Сэлэнгэ,5,Goat,Ямаа,0.7,238.7,0.293255,,
2006,344,Dornogovi,Дорноговь,0,Total,Бүгд,131.7,971.1,13.56194,,
2006,344,Dornogovi,Дорноговь,1,Horse,Адуу,6.2,79.1,7.83818,,
2006,344,Dornogovi,Дорноговь,2,Cattle,Үхэр,11.1,44.7,24.832215,,
2006,344,Dornogovi,Дорноговь,3,Camel,Тэмээ,1.6,28.5,5.614035,,
2006,344,Dornogovi,Дорноговь,4,Sheep,Хонь,46.9,372.5,12.590604,,
2006,344,Dornogovi,Дорноговь,5,Goat,Ямаа,65.9,446.2,14.769162,,
2006,345,Darkhan-Uul,Дархан-Уул,0,Total,Бүгд,0.3,142.9,0.209937,,
2006,345,Darkhan-Uul,Дархан-Уул,1,Horse,Адуу,0,7.5,0.0,,
2006,345,Darkhan-Uul,Дархан-Уул,2,Cattle,Үхэр,0.1,19.4,0.515464,,
2006,345,Darkhan-Uul,Дархан-Уул,3,Camel,Тэмээ,0,0.1,0.0,,
2006,345,Darkhan-Uul,Дархан-Уул,4,Sheep,Хонь,0.1,65.4,0.152905,,
2006,345,Darkhan-Uul,Дархан-Уул,5,Goat,Ямаа,0.1,50.5,0.19802,,
2006,346,Umnugovi,Өмнөговь,0,Total,Бүгд,40.7,1121.5,3.629068,,
2006,346,Umnugovi,Өмнөговь,1,Horse,Адуу,1.1,42.8,2.570093,,
2006,346,Umnugovi,Өмнөговь,2,Cattle,Үхэр,0.5,8.6,5.813953,,
2006,346,Umnugovi,Өмнөговь,3,Camel,Тэмээ,1.6,70.9,2.2567,,
2006,346,Umnugovi,Өмнөговь,4,Sheep,Хонь,10.4,246.4,4.220779,,
2006,346,Umnugovi,Өмнөговь,5,Goat,Ямаа,27.1,753,3.598938,,
2006,348,Dundgovi,Дундговь,0,Total,Бүгд,49.7,1829.1,2.717183,,
2006,348,Dundgovi,Дундговь,1,Horse,Адуу,2.6,119.5,2.175732,,
2006,348,Dundgovi,Дундговь,2,Cattle,Үхэр,1.9,43.8,4.3379,,
2006,348,Dundgovi,Дундговь,3,Camel,Тэмээ,0.2,20.7,0.966184,,
2006,348,Dundgovi,Дундговь,4,Sheep,Хонь,20.6,819.7,2.513115,,
2006,348,Dundgovi,Дундговь,5,Goat,Ямаа,24.4,825.4,2.956142,,
2006,421,Dornod,Дорнод,0,Total,Бүгд,5.8,978.5,0.592744,,
2006,421,Dornod,Дорнод,1,Horse,Адуу,0.5,128.8,0.388199,,
2006,421,Dornod,Дорнод,2,Cattle,Үхэр,0.9,99.8,0.901804,,
2006,421,Dornod,Дорнод,3,Camel,Тэмээ,0.1,6.3,1.587302,,
2006,421,Dornod,Дорнод,4,Sheep,Хонь,2.7,469.9,0.57459,,
2006,421,Dornod,Дорнод,5,Goat,Ямаа,1.6,273.7,0.584582,,
2006,422,Sukhbaatar,Сүхбаатар,0,Total,Бүгд,24.5,1523.1,1.608561,,
2006,422,Sukhbaatar,Сүхбаатар,1,Horse,Адуу,1.7,177.7,0.956669,,
2006,422,Sukhbaatar,Сүхбаатар,2,Cattle,Үхэр,1.8,125.3,1.436552,,
2006,422,Sukhbaatar,Сүхбаатар,3,Camel,Тэмээ,0.1,11.8,0.847458,,
2006,422,Sukhbaatar,Сүхбаатар,4,Sheep,Хонь,10.4,696,1.494253,,
2006,422,Sukhbaatar,Сүхбаатар,5,Goat,Ямаа,10.5,512.3,2.04958,,
2006,423,Khentii,Хэнтий,0,Total,Бүгд,42.3,1689.7,2.503403,,
2006,423,Khentii,Хэнтий,1,Horse,Адуу,2.7,171.1,1.578025,,
2006,423,Khentii,Хэнтий,2,Cattle,Үхэр,3.6,148.2,2.42915,,
2006,423,Khentii,Хэнтий,3,Camel,Тэмээ,0.1,5.1,1.960784,,
2006,423,Khentii,Хэнтий,4,Sheep,Хонь,20,782.3,2.556564,,
2006,423,Khentii,Хэнтий,5,Goat,Ямаа,15.9,583.2,2.726337,,
2006,511,Ulaanbaatar,Улаанбаатар,0,Total,Бүгд,2.1,247.1,0.849858,,
2006,511,Ulaanbaatar,Улаанбаатар,1,Horse,Адуу,0.3,16.8,1.785714,,
2006,511,Ulaanbaatar,Улаанбаатар,2,Cattle,Үхэр,0.5,50,1.0,,
2006,511,Ulaanbaatar,Улаанбаатар,3,Camel,Тэмээ,0,0.1,0.0,,
2006,511,Ulaanbaatar,Улаанбаатар,4,Sheep,Хонь,0.8,94.2,0.849257,,
2006,511,Ulaanbaatar,Улаанбаатар,5,Goat,Ямаа,0.6,85.9,0.698487,,
2007,0,Total,Улсын дүн,0,Total,Бүгд,294.1,34802.9,0.845045,,
2007,0,Total,Улсын дүн,1,Horse,Адуу,24.6,2114.8,1.163231,,
2007,0,Total,Улсын дүн,2,Cattle,Үхэр,28.2,2167.9,1.300798,,
2007,0,Total,Улсын дүн,3,Camel,Тэмээ,1.8,253.5,0.710059,,
2007,0,Total,Улсын дүн,4,Sheep,Хонь,119.8,14815.1,0.808634,,
2007,0,Total,Улсын дүн,5,Goat,Ямаа,119.7,15451.7,0.774672,,
2007,181,Zavkhan,Завхан,0,Total,Бүгд,13.8,2550.8,0.541007,,
2007,181,Zavkhan,Завхан,1,Horse,Адуу,0.9,113.2,0.795053,,
2007,181,Zavkhan,Завхан,2,Cattle,Үхэр,1.2,127.2,0.943396,,
2007,181,Zavkhan,Завхан,3,Camel,Тэмээ,0.1,6.6,1.515152,,
2007,181,Zavkhan,Завхан,4,Sheep,Хонь,6.4,1251.5,0.511386,,
2007,181,Zavkhan,Завхан,5,Goat,Ямаа,5.2,1052.3,0.494156,,
2007,182,Govi-Altai,Говь-Алтай,0,Total,Бүгд,12,2199.2,0.545653,,
2007,182,Govi-Altai,Говь-Алтай,1,Horse,Адуу,0.4,62.6,0.638978,,
2007,182,Govi-Altai,Говь-Алтай,2,Cattle,Үхэр,0.3,37.5,0.8,,
2007,182,Govi-Altai,Говь-Алтай,3,Camel,Тэмээ,0.2,26,0.769231,,
2007,182,Govi-Altai,Говь-Алтай,4,Sheep,Хонь,4.1,702.9,0.583298,,
2007,182,Govi-Altai,Говь-Алтай,5,Goat,Ямаа,7,1370.1,0.510912,,
2007,183,Bayan-Ulgii,Баян-Өлгий,0,Total,Бүгд,22.9,1470.3,1.557505,,
2007,183,Bayan-Ulgii,Баян-Өлгий,1,Horse,Адуу,1.9,61.8,3.074434,,
2007,183,Bayan-Ulgii,Баян-Өлгий,2,Cattle,Үхэр,2.4,88.8,2.702703,,
2007,183,Bayan-Ulgii,Баян-Өлгий,3,Camel,Тэмээ,0.1,4.3,2.325581,,
2007,183,Bayan-Ulgii,Баян-Өлгий,4,Sheep,Хонь,7.9,603,1.310116,,
2007,183,Bayan-Ulgii,Баян-Өлгий,5,Goat,Ямаа,10.6,712.4,1.487928,,
2007,184,Khovd,Ховд,0,Total,Бүгд,10.1,2293.8,0.440317,,
2007,184,Khovd,Ховд,1,Horse,Адуу,0.8,85.4,0.936768,,
2007,184,Khovd,Ховд,2,Cattle,Үхэр,1.1,105.2,1.045627,,
2007,184,Khovd,Ховд,3,Camel,Тэмээ,0.1,17.6,0.568182,,
2007,184,Khovd,Ховд,4,Sheep,Хонь,3,818.6,0.366479,,
2007,184,Khovd,Ховд,5,Goat,Ямаа,5.1,1267,0.402526,,
2007,185,Uvs,Увс,0,Total,Бүгд,47.7,2400.9,1.986755,,
2007,185,Uvs,Увс,1,Horse,Адуу,2,80.2,2.493766,,
2007,185,Uvs,Увс,2,Cattle,Үхэр,3.5,120,2.916667,,
2007,185,Uvs,Увс,3,Camel,Тэмээ,0.2,16.1,1.242236,,
2007,185,Uvs,Увс,4,Sheep,Хонь,21.7,1164.8,1.862981,,
2007,185,Uvs,Увс,5,Goat,Ямаа,20.3,1019.8,1.990586,,
2007,261,Orkhon,Орхон,0,Total,Бүгд,0.4,174.4,0.229358,,
2007,261,Orkhon,Орхон,1,Horse,Адуу,0.1,9.2,1.086957,,
2007,261,Orkhon,Орхон,2,Cattle,Үхэр,0.1,15.5,0.645161,,
2007,261,Orkhon,Орхон,3,Camel,Тэмээ,0,0.1,0.0,,
2007,261,Orkhon,Орхон,4,Sheep,Хонь,0.1,71.8,0.139276,,
2007,261,Orkhon,Орхон,5,Goat,Ямаа,0.1,77.8,0.128535,,
2007,262,Uvurkhangai,Өвөрхангай,0,Total,Бүгд,12,2623.3,0.457439,,
2007,262,Uvurkhangai,Өвөрхангай,1,Horse,Адуу,1,151.3,0.660939,,
2007,262,Uvurkhangai,Өвөрхангай,2,Cattle,Үхэр,1.1,111.1,0.990099,,
2007,262,Uvurkhangai,Өвөрхангай,3,Camel,Тэмээ,0,13,0.0,,
2007,262,Uvurkhangai,Өвөрхангай,4,Sheep,Хонь,4.5,1213.4,0.370859,,
2007,262,Uvurkhangai,Өвөрхангай,5,Goat,Ямаа,5.4,1134.4,0.476023,,
2007,263,Bulgan,Булган,0,Total,Бүгд,8.8,1672.5,0.526158,,
2007,263,Bulgan,Булган,1,Horse,Адуу,1.6,147.8,1.082544,,
2007,263,Bulgan,Булган,2,Cattle,Үхэр,0.6,114.9,0.522193,,
2007,263,Bulgan,Булган,3,Camel,Тэмээ,0,0.4,0.0,,
2007,263,Bulgan,Булган,4,Sheep,Хонь,3.7,825.4,0.448268,,
2007,263,Bulgan,Булган,5,Goat,Ямаа,2.9,584.1,0.49649,,
2007,264,Bayankhongor,Баянхонгор,0,Total,Бүгд,22.7,1878.4,1.208475,,
2007,264,Bayankhongor,Баянхонгор,1,Horse,Адуу,1.5,78.4,1.913265,,
2007,264,Bayankhongor,Баянхонгор,2,Cattle,Үхэр,2.8,108.9,2.571166,,
2007,264,Bayankhongor,Баянхонгор,3,Camel,Тэмээ,0.1,23.1,0.4329,,
2007,264,Bayankhongor,Баянхонгор,4,Sheep,Хонь,8.2,531.7,1.542223,,
2007,264,Bayankhongor,Баянхонгор,5,Goat,Ямаа,10.1,1136.4,0.888772,,
2007,265,Arkhangai,Архангай,0,Total,Бүгд,17.3,2530.6,0.683632,,
2007,265,Arkhangai,Архангай,1,Horse,Адуу,2.2,205.2,1.072125,,
2007,265,Arkhangai,Архангай,2,Cattle,Үхэр,2.3,281.4,0.817342,,
2007,265,Arkhangai,Архангай,3,Camel,Тэмээ,0,0.8,0.0,,
2007,265,Arkhangai,Архангай,4,Sheep,Хонь,6.1,1162.4,0.524776,,
2007,265,Arkhangai,Архангай,5,Goat,Ямаа,6.7,880.8,0.760672,,
2007,267,Khuvsgul,Хөвсгөл,0,Total,Бүгд,25.2,2973.5,0.847486,,
2007,267,Khuvsgul,Хөвсгөл,1,Horse,Адуу,2.4,148.9,1.61182,,
2007,267,Khuvsgul,Хөвсгөл,2,Cattle,Үхэр,2.7,286.3,0.943067,,
2007,267,Khuvsgul,Хөвсгөл,3,Camel,Тэмээ,0,2.5,0.0,,
2007,267,Khuvsgul,Хөвсгөл,4,Sheep,Хонь,10,1249,0.800641,,
2007,267,Khuvsgul,Хөвсгөл,5,Goat,Ямаа,10.1,1287,0.784771,,
2007,341,Tuv,Төв,0,Total,Бүгд,13.4,2173.2,0.616602,,
2007,341,Tuv,Төв,1,Horse,Адуу,1.6,197.9,0.808489,,
2007,341,Tuv,Төв,2,Cattle,Үхэр,1.3,131.1,0.991609,,
2007,341,Tuv,Төв,3,Camel,Тэмээ,0,2.1,0.0,,
2007,341,Tuv,Төв,4,Sheep,Хонь,6.1,1040.8,0.586088,,
2007,341,Tuv,Төв,5,Goat,Ямаа,4.4,801.3,0.549108,,
2007,342,Govisumber,Говьсүмбэр,0,Total,Бүгд,0,170.3,0.0,,
2007,342,Govisumber,Говьсүмбэр,1,Horse,Адуу,0,12,0.0,,
2007,342,Govisumber,Говьсүмбэр,2,Cattle,Үхэр,0,4.8,0.0,,
2007,342,Govisumber,Говьсүмбэр,3,Camel,Тэмээ,0,0.5,0.0,,
2007,342,Govisumber,Говьсүмбэр,4,Sheep,Хонь,0,68.9,0.0,,
2007,342,Govisumber,Говьсүмбэр,5,Goat,Ямаа,0,84.1,0.0,,
2007,343,Selenge,Сэлэнгэ,0,Total,Бүгд,1.5,774.4,0.193698,,
2007,343,Selenge,Сэлэнгэ,1,Horse,Адуу,0.2,39.2,0.510204,,
2007,343,Selenge,Сэлэнгэ,2,Cattle,Үхэр,0.3,85.1,0.352526,,
2007,343,Selenge,Сэлэнгэ,3,Camel,Тэмээ,0,0.5,0.0,,
2007,343,Selenge,Сэлэнгэ,4,Sheep,Хонь,0.5,339.9,0.147102,,
2007,343,Selenge,Сэлэнгэ,5,Goat,Ямаа,0.5,309.7,0.161447,,
2007,344,Dornogovi,Дорноговь,0,Total,Бүгд,6.5,712.4,0.912409,,
2007,344,Dornogovi,Дорноговь,1,Horse,Адуу,0.4,57.5,0.695652,,
2007,344,Dornogovi,Дорноговь,2,Cattle,Үхэр,0.2,27.2,0.735294,,
2007,344,Dornogovi,Дорноговь,3,Camel,Тэмээ,0.3,25.5,1.176471,,
2007,344,Dornogovi,Дорноговь,4,Sheep,Хонь,2.7,281.8,0.958126,,
2007,344,Dornogovi,Дорноговь,5,Goat,Ямаа,2.9,320.3,0.905401,,
2007,345,Darkhan-Uul,Дархан-Уул,0,Total,Бүгд,0.3,180.2,0.166482,,
2007,345,Darkhan-Uul,Дархан-Уул,1,Horse,Адуу,0,7.8,0.0,,
2007,345,Darkhan-Uul,Дархан-Уул,2,Cattle,Үхэр,0.1,21.1,0.473934,,
2007,345,Darkhan-Uul,Дархан-Уул,3,Camel,Тэмээ,0,0.3,0.0,,
2007,345,Darkhan-Uul,Дархан-Уул,4,Sheep,Хонь,0.1,82.7,0.120919,,
2007,345,Darkhan-Uul,Дархан-Уул,5,Goat,Ямаа,0.1,68.3,0.146413,,
2007,346,Umnugovi,Өмнөговь,0,Total,Бүгд,10,1155.8,0.865202,,
2007,346,Umnugovi,Өмнөговь,1,Horse,Адуу,0.3,42.2,0.7109,,
2007,346,Umnugovi,Өмнөговь,2,Cattle,Үхэр,0.1,8.7,1.149425,,
2007,346,Umnugovi,Өмнөговь,3,Camel,Тэмээ,0.5,71.7,0.69735,,
2007,346,Umnugovi,Өмнөговь,4,Sheep,Хонь,2.8,252.4,1.10935,,
2007,346,Umnugovi,Өмнөговь,5,Goat,Ямаа,6.3,780.8,0.806865,,
2007,348,Dundgovi,Дундговь,0,Total,Бүгд,6,1905.1,0.314944,,
2007,348,Dundgovi,Дундговь,1,Horse,Адуу,1.2,107.3,1.11836,,
2007,348,Dundgovi,Дундговь,2,Cattle,Үхэр,0.3,40.3,0.744417,,
2007,348,Dundgovi,Дундговь,3,Camel,Тэмээ,0,19.7,0.0,,
2007,348,Dundgovi,Дундговь,4,Sheep,Хонь,2.2,867.1,0.253719,,
2007,348,Dundgovi,Дундговь,5,Goat,Ямаа,2.3,870.7,0.264155,,
2007,421,Dornod,Дорнод,0,Total,Бүгд,4.3,1113.3,0.386239,,
2007,421,Dornod,Дорнод,1,Horse,Адуу,0.4,135,0.296296,,
2007,421,Dornod,Дорнод,2,Cattle,Үхэр,0.7,106.4,0.657895,,
2007,421,Dornod,Дорнод,3,Camel,Тэмээ,0,6,0.0,,
2007,421,Dornod,Дорнод,4,Sheep,Хонь,1.8,527.3,0.341362,,
2007,421,Dornod,Дорнод,5,Goat,Ямаа,1.4,338.4,0.413712,,
2007,422,Sukhbaatar,Сүхбаатар,0,Total,Бүгд,29.4,1634.2,1.799045,,
2007,422,Sukhbaatar,Сүхбаатар,1,Horse,Адуу,3.1,176.3,1.758366,,
2007,422,Sukhbaatar,Сүхбаатар,2,Cattle,Үхэр,3.6,128.6,2.799378,,
2007,422,Sukhbaatar,Сүхбаатар,3,Camel,Тэмээ,0.1,11.3,0.884956,,
2007,422,Sukhbaatar,Сүхбаатар,4,Sheep,Хонь,14.3,750.8,1.904635,,
2007,422,Sukhbaatar,Сүхбаатар,5,Goat,Ямаа,8.3,567.2,1.463329,,
2007,423,Khentii,Хэнтий,0,Total,Бүгд,28.2,1894.6,1.488441,,
2007,423,Khentii,Хэнтий,1,Horse,Адуу,2.4,176,1.363636,,
2007,423,Khentii,Хэнтий,2,Cattle,Үхэр,3.1,162.9,1.903008,,
2007,423,Khentii,Хэнтий,3,Camel,Тэмээ,0.1,5.1,1.960784,,
2007,423,Khentii,Хэнтий,4,Sheep,Хонь,13,879.9,1.477441,,
2007,423,Khentii,Хэнтий,5,Goat,Ямаа,9.6,670.8,1.431127,,
2007,511,Ulaanbaatar,Улаанбаатар,0,Total,Бүгд,1.6,322,0.496894,,
2007,511,Ulaanbaatar,Улаанбаатар,1,Horse,Адуу,0.2,19.5,1.025641,,
2007,511,Ulaanbaatar,Улаанбаатар,2,Cattle,Үхэр,0.4,55,0.727273,,
2007,511,Ulaanbaatar,Улаанбаатар,3,Camel,Тэмээ,0,0.1,0.0,,
2007,511,Ulaanbaatar,Улаанбаатар,4,Sheep,Хонь,0.6,129,0.465116,,
2007,511,Ulaanbaatar,Улаанбаатар,5,Goat,Ямаа,0.4,118.3,0.338123,,
2008,0,Total,Улсын дүн,0,Total,Бүгд,1640.5,40263.8,4.074379,,
2008,0,Total,Улсын дүн,1,Horse,Адуу,121.8,2239.5,5.438714,,
2008,0,Total,Улсын дүн,2,Cattle,Үхэр,132.9,2425.8,5.478605,,
2008,0,Total,Улсын дүн,3,Camel,Тэмээ,3.4,260.6,1.304682,,
2008,0,Total,Улсын дүн,4,Sheep,Хонь,652.8,16990.1,3.842238,,
2008,0,Total,Улсын дүн,5,Goat,Ямаа,729.4,18347.8,3.975408,,
2008,181,Zavkhan,Завхан,0,Total,Бүгд,65.9,3000,2.196667,,
2008,181,Zavkhan,Завхан,1,Horse,Адуу,2.6,127.2,2.044025,,
2008,181,Zavkhan,Завхан,2,Cattle,Үхэр,6,147,4.081633,,
2008,181,Zavkhan,Завхан,3,Camel,Тэмээ,0.1,6.9,1.449275,,
2008,181,Zavkhan,Завхан,4,Sheep,Хонь,25.2,1465.4,1.719667,,
2008,181,Zavkhan,Завхан,5,Goat,Ямаа,32,1253.7,2.552445,,
2008,182,Govi-Altai,Говь-Алтай,0,Total,Бүгд,73.7,2486.6,2.963886,,
2008,182,Govi-Altai,Говь-Алтай,1,Horse,Адуу,1.1,71.6,1.536313,,
2008,182,Govi-Altai,Говь-Алтай,2,Cattle,Үхэр,1.4,42.4,3.301887,,
2008,182,Govi-Altai,Говь-Алтай,3,Camel,Тэмээ,0.2,27.3,0.732601,,
2008,182,Govi-Altai,Говь-Алтай,4,Sheep,Хонь,22.2,775.1,2.864147,,
2008,182,Govi-Altai,Говь-Алтай,5,Goat,Ямаа,48.7,1570.2,3.101516,,
2008,183,Bayan-Ulgii,Баян-Өлгий,0,Total,Бүгд,57.7,1597.3,3.612346,,
2008,183,Bayan-Ulgii,Баян-Өлгий,1,Horse,Адуу,4.4,65.7,6.697108,,
2008,183,Bayan-Ulgii,Баян-Өлгий,2,Cattle,Үхэр,10.5,94.8,11.075949,,
2008,183,Bayan-Ulgii,Баян-Өлгий,3,Camel,Тэмээ,0.1,4.3,2.325581,,
2008,183,Bayan-Ulgii,Баян-Өлгий,4,Sheep,Хонь,18,641,2.808112,,
2008,183,Bayan-Ulgii,Баян-Өлгий,5,Goat,Ямаа,24.7,791.6,3.120263,,
2008,184,Khovd,Ховд,0,Total,Бүгд,87.2,2564.4,3.400406,,
2008,184,Khovd,Ховд,1,Horse,Адуу,2.5,92.2,2.711497,,
2008,184,Khovd,Ховд,2,Cattle,Үхэр,5.1,115.2,4.427083,,
2008,184,Khovd,Ховд,3,Camel,Тэмээ,0.2,18.1,1.104972,,
2008,184,Khovd,Ховд,4,Sheep,Хонь,30.5,907.3,3.361622,,
2008,184,Khovd,Ховд,5,Goat,Ямаа,48.9,1431.6,3.415759,,
2008,185,Uvs,Увс,0,Total,Бүгд,223.7,2653.5,8.430375,,
2008,185,Uvs,Увс,1,Horse,Адуу,5.1,84.8,6.014151,,
2008,185,Uvs,Увс,2,Cattle,Үхэр,14.4,130.2,11.059908,,
2008,185,Uvs,Увс,3,Camel,Тэмээ,0.5,16.5,3.030303,,
2008,185,Uvs,Увс,4,Sheep,Хонь,105.3,1278.2,8.238147,,
2008,185,Uvs,Увс,5,Goat,Ямаа,98.4,1143.8,8.602903,,
2008,261,Orkhon,Орхон,0,Total,Бүгд,0.4,210,0.190476,,
2008,261,Orkhon,Орхон,1,Horse,Адуу,0.1,10.5,0.952381,,
2008,261,Orkhon,Орхон,2,Cattle,Үхэр,0.1,18.3,0.546448,,
2008,261,Orkhon,Орхон,3,Camel,Тэмээ,0,0.1,0.0,,
2008,261,Orkhon,Орхон,4,Sheep,Хонь,0.2,87.6,0.228311,,
2008,261,Orkhon,Орхон,5,Goat,Ямаа,0.1,93.5,0.106952,,
2008,262,Uvurkhangai,Өвөрхангай,0,Total,Бүгд,139.6,3190.2,4.375901,,
2008,262,Uvurkhangai,Өвөрхангай,1,Horse,Адуу,15.5,175,8.857143,,
2008,262,Uvurkhangai,Өвөрхангай,2,Cattle,Үхэр,11,133.5,8.2397,,
2008,262,Uvurkhangai,Өвөрхангай,3,Camel,Тэмээ,0.1,13.5,0.740741,,
2008,262,Uvurkhangai,Өвөрхангай,4,Sheep,Хонь,55.1,1462.1,3.768552,,
2008,262,Uvurkhangai,Өвөрхангай,5,Goat,Ямаа,58,1406.1,4.124884,,
2008,263,Bulgan,Булган,0,Total,Бүгд,9,2008.2,0.448163,,
2008,263,Bulgan,Булган,1,Horse,Адуу,1,158.9,0.629327,,
2008,263,Bulgan,Булган,2,Cattle,Үхэр,0.7,138.5,0.505415,,
2008,263,Bulgan,Булган,3,Camel,Тэмээ,0,0.4,0.0,,
2008,263,Bulgan,Булган,4,Sheep,Хонь,4,989.9,0.404081,,
2008,263,Bulgan,Булган,5,Goat,Ямаа,3.4,720.4,0.47196,,
2008,264,Bayankhongor,Баянхонгор,0,Total,Бүгд,67.2,2284.7,2.941305,,
2008,264,Bayankhongor,Баянхонгор,1,Horse,Адуу,3.5,86,4.069767,,
2008,264,Bayankhongor,Баянхонгор,2,Cattle,Үхэр,8.4,118.4,7.094595,,
2008,264,Bayankhongor,Баянхонгор,3,Camel,Тэмээ,0.1,25.2,0.396825,,
2008,264,Bayankhongor,Баянхонгор,4,Sheep,Хонь,21.1,628.1,3.359338,,
2008,264,Bayankhongor,Баянхонгор,5,Goat,Ямаа,34.1,1427.1,2.389461,,
2008,265,Arkhangai,Архангай,0,Total,Бүгд,41.6,2912.6,1.428277,,
2008,265,Arkhangai,Архангай,1,Horse,Адуу,4.1,219.7,1.866181,,
2008,265,Arkhangai,Архангай,2,Cattle,Үхэр,4.7,316.3,1.485931,,
2008,265,Arkhangai,Архангай,3,Camel,Тэмээ,0,0.8,0.0,,
2008,265,Arkhangai,Архангай,4,Sheep,Хонь,15.8,1358.1,1.16339,,
2008,265,Arkhangai,Архангай,5,Goat,Ямаа,17,1017.6,1.670597,,
2008,267,Khuvsgul,Хөвсгөл,0,Total,Бүгд,33,3425.3,0.963419,,
2008,267,Khuvsgul,Хөвсгөл,1,Horse,Адуу,2.1,149.6,1.403743,,
2008,267,Khuvsgul,Хөвсгөл,2,Cattle,Үхэр,3,321.7,0.932546,,
2008,267,Khuvsgul,Хөвсгөл,3,Camel,Тэмээ,0,2.4,0.0,,
2008,267,Khuvsgul,Хөвсгөл,4,Sheep,Хонь,13.2,1441.9,0.915459,,
2008,267,Khuvsgul,Хөвсгөл,5,Goat,Ямаа,14.6,1509.8,0.967015,,
2008,341,Tuv,Төв,0,Total,Бүгд,93.5,2626.5,3.559871,,
2008,341,Tuv,Төв,1,Horse,Адуу,9.5,215,4.418605,,
2008,341,Tuv,Төв,2,Cattle,Үхэр,7.5,157.2,4.770992,,
2008,341,Tuv,Төв,3,Camel,Тэмээ,0,2.1,0.0,,
2008,341,Tuv,Төв,4,Sheep,Хонь,41.2,1249.3,3.297847,,
2008,341,Tuv,Төв,5,Goat,Ямаа,35.3,1003,3.519442,,
2008,342,Govisumber,Говьсүмбэр,0,Total,Бүгд,6.8,188.7,3.603604,,
2008,342,Govisumber,Говьсүмбэр,1,Horse,Адуу,0.7,11.2,6.25,,
2008,342,Govisumber,Говьсүмбэр,2,Cattle,Үхэр,0.2,5,4.0,,
2008,342,Govisumber,Говьсүмбэр,3,Camel,Тэмээ,0,0.5,0.0,,
2008,342,Govisumber,Говьсүмбэр,4,Sheep,Хонь,2.4,74.2,3.234501,,
2008,342,Govisumber,Говьсүмбэр,5,Goat,Ямаа,3.5,97.8,3.578732,,
2008,343,Selenge,Сэлэнгэ,0,Total,Бүгд,1.3,1030.2,0.126189,,
2008,343,Selenge,Сэлэнгэ,1,Horse,Адуу,0.2,45.3,0.441501,,
2008,343,Selenge,Сэлэнгэ,2,Cattle,Үхэр,0.2,105.5,0.189573,,
2008,343,Selenge,Сэлэнгэ,3,Camel,Тэмээ,0,0.5,0.0,,
2008,343,Selenge,Сэлэнгэ,4,Sheep,Хонь,0.4,453.5,0.088203,,
2008,343,Selenge,Сэлэнгэ,5,Goat,Ямаа,0.5,425.4,0.117536,,
2008,344,Dornogovi,Дорноговь,0,Total,Бүгд,14.6,814.7,1.792071,,
2008,344,Dornogovi,Дорноговь,1,Horse,Адуу,0.5,60.8,0.822368,,
2008,344,Dornogovi,Дорноговь,2,Cattle,Үхэр,0.3,30,1.0,,
2008,344,Dornogovi,Дорноговь,3,Camel,Тэмээ,0.1,24.5,0.408163,,
2008,344,Dornogovi,Дорноговь,4,Sheep,Хонь,6,310.9,1.929881,,
2008,344,Dornogovi,Дорноговь,5,Goat,Ямаа,7.6,388.5,1.956242,,
2008,345,Darkhan-Uul,Дархан-Уул,0,Total,Бүгд,0.2,230.4,0.086806,,
2008,345,Darkhan-Uul,Дархан-Уул,1,Horse,Адуу,0,7.9,0.0,,
2008,345,Darkhan-Uul,Дархан-Уул,2,Cattle,Үхэр,0.1,26.1,0.383142,,
2008,345,Darkhan-Uul,Дархан-Уул,3,Camel,Тэмээ,0,0.4,0.0,,
2008,345,Darkhan-Uul,Дархан-Уул,4,Sheep,Хонь,0.1,102.2,0.097847,,
2008,345,Darkhan-Uul,Дархан-Уул,5,Goat,Ямаа,0.1,93.8,0.10661,,
2008,346,Umnugovi,Өмнөговь,0,Total,Бүгд,8.4,1400,0.6,,
2008,346,Umnugovi,Өмнөговь,1,Horse,Адуу,0.2,46.4,0.431034,,
2008,346,Umnugovi,Өмнөговь,2,Cattle,Үхэр,0.1,10.1,0.990099,,
2008,346,Umnugovi,Өмнөговь,3,Camel,Тэмээ,0.4,75.4,0.530504,,
2008,346,Umnugovi,Өмнөговь,4,Sheep,Хонь,2.5,296.5,0.84317,,
2008,346,Umnugovi,Өмнөговь,5,Goat,Ямаа,5.3,971.6,0.545492,,
2008,348,Dundgovi,Дундговь,0,Total,Бүгд,57.2,2109.6,2.711414,,
2008,348,Dundgovi,Дундговь,1,Horse,Адуу,7.6,104.7,7.258835,,
2008,348,Dundgovi,Дундговь,2,Cattle,Үхэр,3.8,42.6,8.920188,,
2008,348,Dundgovi,Дундговь,3,Camel,Тэмээ,0.1,19.8,0.505051,,
2008,348,Dundgovi,Дундговь,4,Sheep,Хонь,20.3,944.3,2.149741,,
2008,348,Dundgovi,Дундговь,5,Goat,Ямаа,25.4,998.3,2.544325,,
2008,421,Dornod,Дорнод,0,Total,Бүгд,18.6,1307.3,1.42278,,
2008,421,Dornod,Дорнод,1,Horse,Адуу,1.2,142.9,0.839748,,
2008,421,Dornod,Дорнод,2,Cattle,Үхэр,1.5,117.5,1.276596,,
2008,421,Dornod,Дорнод,3,Camel,Тэмээ,0,6.3,0.0,,
2008,421,Dornod,Дорнод,4,Sheep,Хонь,8.3,611.4,1.35754,,
2008,421,Dornod,Дорнод,5,Goat,Ямаа,7.6,429.2,1.770736,,
2008,422,Sukhbaatar,Сүхбаатар,0,Total,Бүгд,387.9,1709.2,22.694828,,
2008,422,Sukhbaatar,Сүхбаатар,1,Horse,Адуу,39.5,166,23.795181,,
2008,422,Sukhbaatar,Сүхбаатар,2,Cattle,Үхэр,33.1,124.6,26.565008,,
2008,422,Sukhbaatar,Сүхбаатар,3,Camel,Тэмээ,1.1,10.8,10.185185,,
2008,422,Sukhbaatar,Сүхбаатар,4,Sheep,Хонь,157.9,776.3,20.340075,,
2008,422,Sukhbaatar,Сүхбаатар,5,Goat,Ямаа,156.3,631.5,24.750594,,
2008,423,Khentii,Хэнтий,0,Total,Бүгд,250.8,2183.2,11.487724,,
2008,423,Khentii,Хэнтий,1,Horse,Адуу,20.1,179,11.22905,,
2008,423,Khentii,Хэнтий,2,Cattle,Үхэр,20.2,172.9,11.683054,,
2008,423,Khentii,Хэнтий,3,Camel,Тэмээ,0.3,4.8,6.25,,
2008,423,Khentii,Хэнтий,4,Sheep,Хонь,102.6,1008.3,10.175543,,
2008,423,Khentii,Хэнтий,5,Goat,Ямаа,107.5,818.2,13.138597,,
2008,511,Ulaanbaatar,Улаанбаатар,0,Total,Бүгд,2.1,331.2,0.634058,,
2008,511,Ulaanbaatar,Улаанбаатар,1,Horse,Адуу,0.2,19,1.052632,,
2008,511,Ulaanbaatar,Улаанбаатар,2,Cattle,Үхэр,0.6,58.2,1.030928,,
2008,511,Ulaanbaatar,Улаанбаатар,3,Camel,Тэмээ,0,0.1,0.0,,
2008,511,Ulaanbaatar,Улаанбаатар,4,Sheep,Хонь,0.7,128.7,0.543901,,
2008,511,Ulaanbaatar,Улаанбаатар,5,Goat,Ямаа,0.6,125.2,0.479233,,
2009,0,Total,Улсын дүн,0,Total,Бүгд,1732.9,43288.5,4.003142,,
2009,0,Total,Улсын дүн,1,Horse,Адуу,62.9,2186.9,2.876217,,
2009,0,Total,Улсын дүн,2,Cattle,Үхэр,107.1,2503.4,4.278182,,
2009,0,Total,Улсын дүн,3,Camel,Тэмээ,2.9,266.4,1.088589,,
2009,0,Total,Улсын дүн,4,Sheep,Хонь,681.4,18362.3,3.710864,,
2009,0,Total,Улсын дүн,5,Goat,Ямаа,878.5,19969.4,4.399231,,
2009,181,Zavkhan,Завхан,0,Total,Бүгд,210.9,3136,6.725128,,
2009,181,Zavkhan,Завхан,1,Horse,Адуу,5.7,129.4,4.404946,,
2009,181,Zavkhan,Завхан,2,Cattle,Үхэр,13.2,149.8,8.811749,,
2009,181,Zavkhan,Завхан,3,Camel,Тэмээ,0.1,6.6,1.515152,,
2009,181,Zavkhan,Завхан,4,Sheep,Хонь,89.7,1554.6,5.769973,,
2009,181,Zavkhan,Завхан,5,Goat,Ямаа,102.2,1295.6,7.888237,,
2009,182,Govi-Altai,Говь-Алтай,0,Total,Бүгд,115.3,2505.9,4.601141,,
2009,182,Govi-Altai,Говь-Алтай,1,Horse,Адуу,3.2,73.8,4.336043,,
2009,182,Govi-Altai,Говь-Алтай,2,Cattle,Үхэр,3,42,7.142857,,
2009,182,Govi-Altai,Говь-Алтай,3,Camel,Тэмээ,0.4,27,1.481481,,
2009,182,Govi-Altai,Говь-Алтай,4,Sheep,Хонь,37.9,769.1,4.927838,,
2009,182,Govi-Altai,Говь-Алтай,5,Goat,Ямаа,70.8,1594,4.441656,,
2009,183,Bayan-Ulgii,Баян-Өлгий,0,Total,Бүгд,120.8,1529.6,7.89749,,
2009,183,Bayan-Ulgii,Баян-Өлгий,1,Horse,Адуу,5.7,59.7,9.547739,,
2009,183,Bayan-Ulgii,Баян-Өлгий,2,Cattle,Үхэр,11.2,82.2,13.625304,,
2009,183,Bayan-Ulgii,Баян-Өлгий,3,Camel,Тэмээ,0.1,4,2.5,,
2009,183,Bayan-Ulgii,Баян-Өлгий,4,Sheep,Хонь,41,605,6.77686,,
2009,183,Bayan-Ulgii,Баян-Өлгий,5,Goat,Ямаа,62.7,778.7,8.051881,,
2009,184,Khovd,Ховд,0,Total,Бүгд,70.4,2486.7,2.831061,,
2009,184,Khovd,Ховд,1,Horse,Адуу,3.7,89,4.157303,,
2009,184,Khovd,Ховд,2,Cattle,Үхэр,6.6,109.3,6.038426,,
2009,184,Khovd,Ховд,3,Camel,Тэмээ,0.3,17.7,1.694915,,
2009,184,Khovd,Ховд,4,Sheep,Хонь,23.1,864.4,2.672374,,
2009,184,Khovd,Ховд,5,Goat,Ямаа,36.8,1406.3,2.616796,,
2009,185,Uvs,Увс,0,Total,Бүгд,286,2499.3,11.443204,,
2009,185,Uvs,Увс,1,Horse,Адуу,6.4,79.3,8.070618,,
2009,185,Uvs,Увс,2,Cattle,Үхэр,17.8,118.2,15.059222,,
2009,185,Uvs,Увс,3,Camel,Тэмээ,0.6,16.1,3.726708,,
2009,185,Uvs,Увс,4,Sheep,Хонь,136.4,1215,11.226337,,
2009,185,Uvs,Увс,5,Goat,Ямаа,124.9,1070.9,11.663087,,
2009,261,Orkhon,Орхон,0,Total,Бүгд,2.4,268.9,0.892525,,
2009,261,Orkhon,Орхон,1,Horse,Адуу,0.1,11.3,0.884956,,
2009,261,Orkhon,Орхон,2,Cattle,Үхэр,0.2,21.1,0.947867,,
2009,261,Orkhon,Орхон,3,Camel,Тэмээ,,0.2,,..,
2009,261,Orkhon,Орхон,4,Sheep,Хонь,0.9,111,0.810811,,
2009,261,Orkhon,Орхон,5,Goat,Ямаа,1.2,125.3,0.957702,,
2009,262,Uvurkhangai,Өвөрхангай,0,Total,Бүгд,111.3,3449.8,3.226274,,
2009,262,Uvurkhangai,Өвөрхангай,1,Horse,Адуу,2.4,173,1.387283,,
2009,262,Uvurkhangai,Өвөрхангай,2,Cattle,Үхэр,3.3,134.8,2.448071,,
2009,262,Uvurkhangai,Өвөрхангай,3,Camel,Тэмээ,0.1,14.1,0.70922,,
2009,262,Uvurkhangai,Өвөрхангай,4,Sheep,Хонь,41.5,1569.2,2.64466,,
2009,262,Uvurkhangai,Өвөрхангай,5,Goat,Ямаа,64,1558.7,4.105986,,
2009,263,Bulgan,Булган,0,Total,Бүгд,27.3,2414.2,1.130809,,
2009,263,Bulgan,Булган,1,Horse,Адуу,2.3,177.7,1.294316,,
2009,263,Bulgan,Булган,2,Cattle,Үхэр,2.3,162.2,1.418002,,
2009,263,Bulgan,Булган,3,Camel,Тэмээ,,0.5,,..,
2009,263,Bulgan,Булган,4,Sheep,Хонь,12,1199.7,1.00025,,
2009,263,Bulgan,Булган,5,Goat,Ямаа,10.6,874.2,1.212537,,
2009,264,Bayankhongor,Баянхонгор,0,Total,Бүгд,191.3,2643.5,7.236618,,
2009,264,Bayankhongor,Баянхонгор,1,Horse,Адуу,7.2,91.6,7.860262,,
2009,264,Bayankhongor,Баянхонгор,2,Cattle,Үхэр,10.8,122.4,8.823529,,
2009,264,Bayankhongor,Баянхонгор,3,Camel,Тэмээ,0.3,27.4,1.094891,,
2009,264,Bayankhongor,Баянхонгор,4,Sheep,Хонь,59.8,705.2,8.479864,,
2009,264,Bayankhongor,Баянхонгор,5,Goat,Ямаа,113.2,1696.9,6.670988,,
2009,265,Arkhangai,Архангай,0,Total,Бүгд,56.7,3379.2,1.677912,,
2009,265,Arkhangai,Архангай,1,Horse,Адуу,4.1,236.2,1.735817,,
2009,265,Arkhangai,Архангай,2,Cattle,Үхэр,4.6,352.8,1.303855,,
2009,265,Arkhangai,Архангай,3,Camel,Тэмээ,,0.7,,..,
2009,265,Arkhangai,Архангай,4,Sheep,Хонь,21.5,1614.5,1.331682,,
2009,265,Arkhangai,Архангай,5,Goat,Ямаа,26.4,1175,2.246809,,
2009,267,Khuvsgul,Хөвсгөл,0,Total,Бүгд,142.5,3815.7,3.73457,,
2009,267,Khuvsgul,Хөвсгөл,1,Horse,Адуу,4,151.8,2.635046,,
2009,267,Khuvsgul,Хөвсгөл,2,Cattle,Үхэр,10.8,346.6,3.115984,,
2009,267,Khuvsgul,Хөвсгөл,3,Camel,Тэмээ,,2.3,,..,
2009,267,Khuvsgul,Хөвсгөл,4,Sheep,Хонь,54.4,1618,3.362176,,
2009,267,Khuvsgul,Хөвсгөл,5,Goat,Ямаа,73.3,1697,4.319387,,
2009,341,Tuv,Төв,0,Total,Бүгд,29.7,3003,0.989011,,
2009,341,Tuv,Төв,1,Horse,Адуу,2.4,212.7,1.12835,,
2009,341,Tuv,Төв,2,Cattle,Үхэр,2.5,171.6,1.456876,,
2009,341,Tuv,Төв,3,Camel,Тэмээ,,2.4,,..,
2009,341,Tuv,Төв,4,Sheep,Хонь,12.2,1449.8,0.841495,,
2009,341,Tuv,Төв,5,Goat,Ямаа,12.6,1166.5,1.080154,,
2009,342,Govisumber,Говьсүмбэр,0,Total,Бүгд,7.4,170.9,4.330018,,
2009,342,Govisumber,Говьсүмбэр,1,Horse,Адуу,0.4,7.3,5.479452,,
2009,342,Govisumber,Говьсүмбэр,2,Cattle,Үхэр,0.2,3.9,5.128205,,
2009,342,Govisumber,Говьсүмбэр,3,Camel,Тэмээ,,0.5,,..,
2009,342,Govisumber,Говьсүмбэр,4,Sheep,Хонь,2.7,66.5,4.06015,,
2009,342,Govisumber,Говьсүмбэр,5,Goat,Ямаа,4,92.7,4.314995,,
2009,343,Selenge,Сэлэнгэ,0,Total,Бүгд,10.9,1442.1,0.755842,,
2009,343,Selenge,Сэлэнгэ,1,Horse,Адуу,0.4,55.8,0.716846,,
2009,343,Selenge,Сэлэнгэ,2,Cattle,Үхэр,1,134.1,0.745712,,
2009,343,Selenge,Сэлэнгэ,3,Camel,Тэмээ,,0.7,,..,
2009,343,Selenge,Сэлэнгэ,4,Sheep,Хонь,5.6,651.7,0.859291,,
2009,343,Selenge,Сэлэнгэ,5,Goat,Ямаа,3.9,599.8,0.650217,,
2009,344,Dornogovi,Дорноговь,0,Total,Бүгд,4,932.7,0.428862,,
2009,344,Dornogovi,Дорноговь,1,Horse,Адуу,0.2,64.6,0.309598,,
2009,344,Dornogovi,Дорноговь,2,Cattle,Үхэр,0.2,34.3,0.58309,,
2009,344,Dornogovi,Дорноговь,3,Camel,Тэмээ,0.1,25.1,0.398406,,
2009,344,Dornogovi,Дорноговь,4,Sheep,Хонь,1.5,352,0.426136,,
2009,344,Dornogovi,Дорноговь,5,Goat,Ямаа,2,456.7,0.437924,,
2009,345,Darkhan-Uul,Дархан-Уул,0,Total,Бүгд,1.9,345.3,0.550246,,
2009,345,Darkhan-Uul,Дархан-Уул,1,Horse,Адуу,0,10.4,0.0,,
2009,345,Darkhan-Uul,Дархан-Уул,2,Cattle,Үхэр,0.2,32.6,0.613497,,
2009,345,Darkhan-Uul,Дархан-Уул,3,Camel,Тэмээ,,0.5,,..,
2009,345,Darkhan-Uul,Дархан-Уул,4,Sheep,Хонь,0.8,163,0.490798,,
2009,345,Darkhan-Uul,Дархан-Уул,5,Goat,Ямаа,0.8,138.8,0.576369,,
2009,346,Umnugovi,Өмнөговь,0,Total,Бүгд,30.8,1684.9,1.828002,,
2009,346,Umnugovi,Өмнөговь,1,Horse,Адуу,0.8,53,1.509434,,
2009,346,Umnugovi,Өмнөговь,2,Cattle,Үхэр,0.4,12.4,3.225806,,
2009,346,Umnugovi,Өмнөговь,3,Camel,Тэмээ,0.5,80.8,0.618812,,
2009,346,Umnugovi,Өмнөговь,4,Sheep,Хонь,7.2,351.2,2.050114,,
2009,346,Umnugovi,Өмнөговь,5,Goat,Ямаа,21.9,1187.5,1.844211,,
2009,348,Dundgovi,Дундговь,0,Total,Бүгд,35,2040.6,1.715182,,
2009,348,Dundgovi,Дундговь,1,Horse,Адуу,1.5,84,1.785714,,
2009,348,Dundgovi,Дундговь,2,Cattle,Үхэр,0.7,34.2,2.046784,,
2009,348,Dundgovi,Дундговь,3,Camel,Тэмээ,0.1,19.9,0.502513,,
2009,348,Dundgovi,Дундговь,4,Sheep,Хонь,13.9,917.9,1.514326,,
2009,348,Dundgovi,Дундговь,5,Goat,Ямаа,18.8,984.6,1.909405,,
2009,421,Dornod,Дорнод,0,Total,Бүгд,138.2,1476.2,9.361875,,
2009,421,Dornod,Дорнод,1,Horse,Адуу,3,145.5,2.061856,,
2009,421,Dornod,Дорнод,2,Cattle,Үхэр,4.4,123.8,3.55412,,
2009,421,Dornod,Дорнод,3,Camel,Тэмээ,0.2,6.3,3.174603,,
2009,421,Dornod,Дорнод,4,Sheep,Хонь,59.2,688.6,8.597154,,
2009,421,Dornod,Дорнод,5,Goat,Ямаа,71.4,512,13.945313,,
2009,422,Sukhbaatar,Сүхбаатар,0,Total,Бүгд,22.7,1542.5,1.471637,,
2009,422,Sukhbaatar,Сүхбаатар,1,Horse,Адуу,1.6,118.8,1.346801,,
2009,422,Sukhbaatar,Сүхбаатар,2,Cattle,Үхэр,2.2,97.8,2.249489,,
2009,422,Sukhbaatar,Сүхбаатар,3,Camel,Тэмээ,0.1,9.6,1.041667,,
2009,422,Sukhbaatar,Сүхбаатар,4,Sheep,Хонь,10.3,733.1,1.404992,,
2009,422,Sukhbaatar,Сүхбаатар,5,Goat,Ямаа,8.6,583.2,1.474623,,
2009,423,Khentii,Хэнтий,0,Total,Бүгд,113.7,2137,5.320543,,
2009,423,Khentii,Хэнтий,1,Horse,Адуу,7.4,143.3,5.163992,,
2009,423,Khentii,Хэнтий,2,Cattle,Үхэр,10.7,158.6,6.746532,,
2009,423,Khentii,Хэнтий,3,Camel,Тэмээ,0.1,4,2.5,,
2009,423,Khentii,Хэнтий,4,Sheep,Хонь,48.6,1008.2,4.820472,,
2009,423,Khentii,Хэнтий,5,Goat,Ямаа,46.9,822.8,5.700049,,
2009,511,Ulaanbaatar,Улаанбаатар,0,Total,Бүгд,3.8,384.8,0.987526,,
2009,511,Ulaanbaatar,Улаанбаатар,1,Horse,Адуу,0.3,18.7,1.604278,,
2009,511,Ulaanbaatar,Улаанбаатар,2,Cattle,Үхэр,0.7,59,1.186441,,
2009,511,Ulaanbaatar,Улаанбаатар,3,Camel,Тэмээ,,0.2,,..,
2009,511,Ulaanbaatar,Улаанбаатар,4,Sheep,Хонь,1.4,154.5,0.906149,,
2009,511,Ulaanbaatar,Улаанбаатар,5,Goat,Ямаа,1.5,152.4,0.984252,,
2010,0,Total,Улсын дүн,0,Total,Бүгд,10319.9,44023.9,23.441585,,
2010,0,Total,Улсын дүн,1,Horse,Адуу,369.7,2221.3,16.643407,,
2010,0,Total,Улсын дүн,2,Cattle,Үхэр,581,2599.3,22.352172,,
2010,0,Total,Улсын дүн,3,Camel,Тэмээ,17,277,6.137184,,
2010,0,Total,Улсын дүн,4,Sheep,Хонь,4363.8,19274.7,22.640041,,
2010,0,Total,Улсын дүн,5,Goat,Ямаа,4988.4,19651.5,25.384322,,
2010,181,Zavkhan,Завхан,0,Total,Бүгд,1011,2827.6,35.754704,,
2010,181,Zavkhan,Завхан,1,Horse,Адуу,30,124,24.193548,,
2010,181,Zavkhan,Завхан,2,Cattle,Үхэр,68.1,137.4,49.563319,,
2010,181,Zavkhan,Завхан,3,Camel,Тэмээ,0.4,6.6,6.060606,,
2010,181,Zavkhan,Завхан,4,Sheep,Хонь,501,1462,34.268126,,
2010,181,Zavkhan,Завхан,5,Goat,Ямаа,411.5,1097.6,37.490889,,
2010,182,Govi-Altai,Говь-Алтай,0,Total,Бүгд,738.2,2171.8,33.990239,,
2010,182,Govi-Altai,Говь-Алтай,1,Horse,Адуу,23.6,66,35.757576,,
2010,182,Govi-Altai,Говь-Алтай,2,Cattle,Үхэр,17,36.3,46.831956,,
2010,182,Govi-Altai,Говь-Алтай,3,Camel,Тэмээ,2.4,26.9,8.921933,,
2010,182,Govi-Altai,Говь-Алтай,4,Sheep,Хонь,248.8,694.1,35.844979,,
2010,182,Govi-Altai,Говь-Алтай,5,Goat,Ямаа,446.5,1348.5,33.110864,,
2010,183,Bayan-Ulgii,Баян-Өлгий,0,Total,Бүгд,150.9,1301.5,11.594314,,
2010,183,Bayan-Ulgii,Баян-Өлгий,1,Horse,Адуу,6.8,51,13.333333,,
2010,183,Bayan-Ulgii,Баян-Өлгий,2,Cattle,Үхэр,11.8,70.7,16.69024,,
2010,183,Bayan-Ulgii,Баян-Өлгий,3,Camel,Тэмээ,0.2,3.9,5.128205,,
2010,183,Bayan-Ulgii,Баян-Өлгий,4,Sheep,Хонь,48.9,524.3,9.326721,,
2010,183,Bayan-Ulgii,Баян-Өлгий,5,Goat,Ямаа,83.3,651.6,12.783917,,
2010,184,Khovd,Ховд,0,Total,Бүгд,444.4,2268.4,19.590901,,
2010,184,Khovd,Ховд,1,Horse,Адуу,14,81.8,17.114914,,
2010,184,Khovd,Ховд,2,Cattle,Үхэр,17.4,97.9,17.773238,,
2010,184,Khovd,Ховд,3,Camel,Тэмээ,1.2,17.7,6.779661,,
2010,184,Khovd,Ховд,4,Sheep,Хонь,142.9,807.4,17.698786,,
2010,184,Khovd,Ховд,5,Goat,Ямаа,268.9,1263.6,21.280469,,
2010,185,Uvs,Увс,0,Total,Бүгд,666.2,2319.1,28.726661,,
2010,185,Uvs,Увс,1,Horse,Адуу,16,74.8,21.390374,,
2010,185,Uvs,Увс,2,Cattle,Үхэр,28,104,26.923077,,
2010,185,Uvs,Увс,3,Camel,Тэмээ,1.5,15.9,9.433962,,
2010,185,Uvs,Увс,4,Sheep,Хонь,345,1145.1,30.128373,,
2010,185,Uvs,Увс,5,Goat,Ямаа,275.8,979.3,28.162974,,
2010,261,Orkhon,Орхон,0,Total,Бүгд,30,256.2,11.709602,,
2010,261,Orkhon,Орхон,1,Horse,Адуу,0.7,11.4,6.140351,,
2010,261,Orkhon,Орхон,2,Cattle,Үхэр,3,21.9,13.69863,,
2010,261,Orkhon,Орхон,3,Camel,Тэмээ,,0.2,,..,
2010,261,Orkhon,Орхон,4,Sheep,Хонь,11.7,111.8,10.465116,,
2010,261,Orkhon,Орхон,5,Goat,Ямаа,14.6,111,13.153153,,
2010,262,Uvurkhangai,Өвөрхангай,0,Total,Бүгд,1664.3,3620.2,45.972598,,
2010,262,Uvurkhangai,Өвөрхангай,1,Horse,Адуу,80.1,183.4,43.675027,,
2010,262,Uvurkhangai,Өвөрхангай,2,Cattle,Үхэр,79.4,141.1,56.272147,,
2010,262,Uvurkhangai,Өвөрхангай,3,Camel,Тэмээ,0.8,15.2,5.263158,,
2010,262,Uvurkhangai,Өвөрхангай,4,Sheep,Хонь,771.4,1691.4,45.607189,,
2010,262,Uvurkhangai,Өвөрхангай,5,Goat,Ямаа,732.6,1589.1,46.101567,,
2010,263,Bulgan,Булган,0,Total,Бүгд,223.8,2611.7,8.569131,,
2010,263,Bulgan,Булган,1,Horse,Адуу,10.2,185.5,5.498652,,
2010,263,Bulgan,Булган,2,Cattle,Үхэр,13.5,183.9,7.340946,,
2010,263,Bulgan,Булган,3,Camel,Тэмээ,,0.8,,..,
2010,263,Bulgan,Булган,4,Sheep,Хонь,119.9,1332.7,8.996773,,
2010,263,Bulgan,Булган,5,Goat,Ямаа,80.2,908.7,8.825795,,
2010,264,Bayankhongor,Баянхонгор,0,Total,Бүгд,634.5,2684.7,23.633926,,
2010,264,Bayankhongor,Баянхонгор,1,Horse,Адуу,17.2,89.6,19.196429,,
2010,264,Bayankhongor,Баянхонгор,2,Cattle,Үхэр,34.6,127.2,27.201258,,
2010,264,Bayankhongor,Баянхонгор,3,Camel,Тэмээ,1.4,29.7,4.713805,,
2010,264,Bayankhongor,Баянхонгор,4,Sheep,Хонь,160.8,724.8,22.18543,,
2010,264,Bayankhongor,Баянхонгор,5,Goat,Ямаа,420.6,1713.3,24.549116,,
2010,265,Arkhangai,Архангай,0,Total,Бүгд,1084.2,3619.1,29.957724,,
2010,265,Arkhangai,Архангай,1,Horse,Адуу,70.6,251.2,28.105096,,
2010,265,Arkhangai,Архангай,2,Cattle,Үхэр,126.4,385.9,32.7546,,
2010,265,Arkhangai,Архангай,3,Camel,Тэмээ,,0.8,,..,
2010,265,Arkhangai,Архангай,4,Sheep,Хонь,499.9,1786.1,27.988355,,
2010,265,Arkhangai,Архангай,5,Goat,Ямаа,387.2,1195.1,32.398962,,
2010,267,Khuvsgul,Хөвсгөл,0,Total,Бүгд,698.7,3924.5,17.803542,,
2010,267,Khuvsgul,Хөвсгөл,1,Horse,Адуу,10.7,155.7,6.87219,,
2010,267,Khuvsgul,Хөвсгөл,2,Cattle,Үхэр,55.8,359,15.543175,,
2010,267,Khuvsgul,Хөвсгөл,3,Camel,Тэмээ,0.1,2.4,4.166667,,
2010,267,Khuvsgul,Хөвсгөл,4,Sheep,Хонь,327.7,1732.7,18.91268,,
2010,267,Khuvsgul,Хөвсгөл,5,Goat,Ямаа,304.3,1674.8,18.169334,,
2010,341,Tuv,Төв,0,Total,Бүгд,560.9,3464.2,16.191328,,
2010,341,Tuv,Төв,1,Horse,Адуу,30.9,233.1,13.256113,,
2010,341,Tuv,Төв,2,Cattle,Үхэр,27.1,194.2,13.954686,,
2010,341,Tuv,Төв,3,Camel,Тэмээ,0.2,2.6,7.692308,,
2010,341,Tuv,Төв,4,Sheep,Хонь,268.3,1714.5,15.648877,,
2010,341,Tuv,Төв,5,Goat,Ямаа,234.5,1319.9,17.766497,,
2010,342,Govisumber,Говьсүмбэр,0,Total,Бүгд,15.3,168.7,9.069354,,
2010,342,Govisumber,Говьсүмбэр,1,Horse,Адуу,0.3,7,4.285714,,
2010,342,Govisumber,Говьсүмбэр,2,Cattle,Үхэр,0.2,3.4,5.882353,,
2010,342,Govisumber,Говьсүмбэр,3,Camel,Тэмээ,,0.5,,..,
2010,342,Govisumber,Говьсүмбэр,4,Sheep,Хонь,6,69.7,8.608321,,
2010,342,Govisumber,Говьсүмбэр,5,Goat,Ямаа,8.9,88.2,10.090703,,
2010,343,Selenge,Сэлэнгэ,0,Total,Бүгд,102.7,1510.5,6.799073,,
2010,343,Selenge,Сэлэнгэ,1,Horse,Адуу,1.5,57.6,2.604167,,
2010,343,Selenge,Сэлэнгэ,2,Cattle,Үхэр,10.6,153.2,6.91906,,
2010,343,Selenge,Сэлэнгэ,3,Camel,Тэмээ,,0.7,,..,
2010,343,Selenge,Сэлэнгэ,4,Sheep,Хонь,42.7,732.1,5.832537,,
2010,343,Selenge,Сэлэнгэ,5,Goat,Ямаа,48,609.8,7.871433,,
2010,344,Dornogovi,Дорноговь,0,Total,Бүгд,51.3,1076.9,4.763674,,
2010,344,Dornogovi,Дорноговь,1,Horse,Адуу,0.9,72.8,1.236264,,
2010,344,Dornogovi,Дорноговь,2,Cattle,Үхэр,1.8,40,4.5,,
2010,344,Dornogovi,Дорноговь,3,Camel,Тэмээ,0.3,26.1,1.149425,,
2010,344,Dornogovi,Дорноговь,4,Sheep,Хонь,10.7,408.7,2.618057,,
2010,344,Dornogovi,Дорноговь,5,Goat,Ямаа,37.6,529.4,7.10238,,
2010,345,Darkhan-Uul,Дархан-Уул,0,Total,Бүгд,46.1,361.5,12.75242,,
2010,345,Darkhan-Uul,Дархан-Уул,1,Horse,Адуу,0.4,11.1,3.603604,,
2010,345,Darkhan-Uul,Дархан-Уул,2,Cattle,Үхэр,4.2,37.6,11.170213,,
2010,345,Darkhan-Uul,Дархан-Уул,3,Camel,Тэмээ,,0.4,,..,
2010,345,Darkhan-Uul,Дархан-Уул,4,Sheep,Хонь,19.1,176.5,10.82153,,
2010,345,Darkhan-Uul,Дархан-Уул,5,Goat,Ямаа,22.4,136,16.470588,,
2010,346,Umnugovi,Өмнөговь,0,Total,Бүгд,618.8,1755.2,35.255242,,
2010,346,Umnugovi,Өмнөговь,1,Horse,Адуу,13,53.7,24.208566,,
2010,346,Umnugovi,Өмнөговь,2,Cattle,Үхэр,5.3,13.1,40.458015,,
2010,346,Umnugovi,Өмнөговь,3,Camel,Тэмээ,7,85.7,8.168028,,
2010,346,Umnugovi,Өмнөговь,4,Sheep,Хонь,135.9,375.7,36.172478,,
2010,346,Umnugovi,Өмнөговь,5,Goat,Ямаа,457.6,1227.1,37.291174,,
2010,348,Dundgovi,Дундговь,0,Total,Бүгд,878.2,2147.1,40.901681,,
2010,348,Dundgovi,Дундговь,1,Horse,Адуу,21.2,82,25.853659,,
2010,348,Dundgovi,Дундговь,2,Cattle,Үхэр,13,33.8,38.461538,,
2010,348,Dundgovi,Дундговь,3,Camel,Тэмээ,1.2,20.7,5.797101,,
2010,348,Dundgovi,Дундговь,4,Sheep,Хонь,377.6,973.8,38.775929,,
2010,348,Dundgovi,Дундговь,5,Goat,Ямаа,465.3,1036.9,44.874144,,
2010,421,Dornod,Дорнод,0,Total,Бүгд,314.7,1450.7,21.692976,,
2010,421,Dornod,Дорнод,1,Horse,Адуу,9.1,140.1,6.49536,,
2010,421,Dornod,Дорнод,2,Cattle,Үхэр,28.7,126.8,22.634069,,
2010,421,Dornod,Дорнод,3,Camel,Тэмээ,0.2,6.4,3.125,,
2010,421,Dornod,Дорнод,4,Sheep,Хонь,150.1,704.1,21.317995,,
2010,421,Dornod,Дорнод,5,Goat,Ямаа,126.8,473.4,26.78496,,
2010,422,Sukhbaatar,Сүхбаатар,0,Total,Бүгд,60.9,1789.7,3.402805,,
2010,422,Sukhbaatar,Сүхбаатар,1,Horse,Адуу,1.8,131.5,1.368821,,
2010,422,Sukhbaatar,Сүхбаатар,2,Cattle,Үхэр,6.7,110.1,6.085377,,
2010,422,Sukhbaatar,Сүхбаатар,3,Camel,Тэмээ,0.1,10.1,0.990099,,
2010,422,Sukhbaatar,Сүхбаатар,4,Sheep,Хонь,27,853.7,3.162704,,
2010,422,Sukhbaatar,Сүхбаатар,5,Goat,Ямаа,25.3,684.3,3.697209,,
2010,423,Khentii,Хэнтий,0,Total,Бүгд,250.7,2251.1,11.136778,,
2010,423,Khentii,Хэнтий,1,Horse,Адуу,8.7,136.3,6.382979,,
2010,423,Khentii,Хэнтий,2,Cattle,Үхэр,23.5,162.6,14.452645,,
2010,423,Khentii,Хэнтий,3,Camel,Тэмээ,0.1,3.7,2.702703,,
2010,423,Khentii,Хэнтий,4,Sheep,Хонь,115.5,1085.7,10.638298,,
2010,423,Khentii,Хэнтий,5,Goat,Ямаа,102.8,862.9,11.913316,,
2010,511,Ulaanbaatar,Улаанбаатар,0,Total,Бүгд,73.9,400.8,18.438124,,
2010,511,Ulaanbaatar,Улаанбаатар,1,Horse,Адуу,2.2,22,10.0,,
2010,511,Ulaanbaatar,Улаанбаатар,2,Cattle,Үхэр,5,59.5,8.403361,,
2010,511,Ulaanbaatar,Улаанбаатар,3,Camel,Тэмээ,,0.2,,..,
2010,511,Ulaanbaatar,Улаанбаатар,4,Sheep,Хонь,32.9,167.9,19.594997,,
2010,511,Ulaanbaatar,Улаанбаатар,5,Goat,Ямаа,33.9,151.2,22.420635,,
2011,0,Total,Улсын дүн,0,Total,Бүгд,651.3,32729.5,1.989948,,
2011,0,Total,Улсын дүн,1,Horse,Адуу,27.6,1920.3,1.437275,,
2011,0,Total,Улсын дүн,2,Cattle,Үхэр,52.9,2176,2.431066,,
2011,0,Total,Улсын дүн,3,Camel,Тэмээ,2.4,269.6,0.890208,,
2011,0,Total,Улсын дүн,4,Sheep,Хонь,284,14480.4,1.961272,,
2011,0,Total,Улсын дүн,5,Goat,Ямаа,284.4,13883.2,2.048519,,
2011,181,Zavkhan,Завхан,0,Total,Бүгд,32.8,1717.7,1.90953,,
2011,181,Zavkhan,Завхан,1,Horse,Адуу,1.6,93.4,1.713062,,
2011,181,Zavkhan,Завхан,2,Cattle,Үхэр,3.1,73.7,4.206242,,
2011,181,Zavkhan,Завхан,3,Camel,Тэмээ,,5.8,,..,
2011,181,Zavkhan,Завхан,4,Sheep,Хонь,15.4,859.1,1.792574,,
2011,181,Zavkhan,Завхан,5,Goat,Ямаа,12.7,685.7,1.852122,,
2011,182,Govi-Altai,Говь-Алтай,0,Total,Бүгд,53.8,1315.5,4.0897,,
2011,182,Govi-Altai,Говь-Алтай,1,Horse,Адуу,0.8,38.8,2.061856,,
2011,182,Govi-Altai,Говь-Алтай,2,Cattle,Үхэр,0.8,18.4,4.347826,,
2011,182,Govi-Altai,Говь-Алтай,3,Camel,Тэмээ,0.4,24.3,1.646091,,
2011,182,Govi-Altai,Говь-Алтай,4,Sheep,Хонь,14.3,396.3,3.608377,,
2011,182,Govi-Altai,Говь-Алтай,5,Goat,Ямаа,37.4,837.8,4.464073,,
2011,183,Bayan-Ulgii,Баян-Өлгий,0,Total,Бүгд,14,1126.9,1.242346,,
2011,183,Bayan-Ulgii,Баян-Өлгий,1,Horse,Адуу,1,43.5,2.298851,,
2011,183,Bayan-Ulgii,Баян-Өлгий,2,Cattle,Үхэр,1.4,66.1,2.118003,,
2011,183,Bayan-Ulgii,Баян-Өлгий,3,Camel,Тэмээ,0.1,3.8,2.631579,,
2011,183,Bayan-Ulgii,Баян-Өлгий,4,Sheep,Хонь,5.2,459.8,1.130926,,
2011,183,Bayan-Ulgii,Баян-Өлгий,5,Goat,Ямаа,6.4,553.8,1.155652,,
2011,184,Khovd,Ховд,0,Total,Бүгд,59.6,1639.1,3.636142,,
2011,184,Khovd,Ховд,1,Horse,Адуу,2.2,64.7,3.400309,,
2011,184,Khovd,Ховд,2,Cattle,Үхэр,4.2,81,5.185185,,
2011,184,Khovd,Ховд,3,Camel,Тэмээ,0.2,16.3,1.226994,,
2011,184,Khovd,Ховд,4,Sheep,Хонь,22.4,594.3,3.76914,,
2011,184,Khovd,Ховд,5,Goat,Ямаа,30.6,882.9,3.465851,,
2011,185,Uvs,Увс,0,Total,Бүгд,40.7,1619.3,2.513432,,
2011,185,Uvs,Увс,1,Horse,Адуу,1.9,59.7,3.18258,,
2011,185,Uvs,Увс,2,Cattle,Үхэр,2.4,84.4,2.843602,,
2011,185,Uvs,Увс,3,Camel,Тэмээ,0.2,14.5,1.37931,,
2011,185,Uvs,Увс,4,Sheep,Хонь,19.6,776.9,2.522847,,
2011,185,Uvs,Увс,5,Goat,Ямаа,16.6,683.8,2.42761,,
2011,261,Orkhon,Орхон,0,Total,Бүгд,0.9,169.2,0.531915,,
2011,261,Orkhon,Орхон,1,Horse,Адуу,0.1,10.7,0.934579,,
2011,261,Orkhon,Орхон,2,Cattle,Үхэр,0.1,17.8,0.561798,,
2011,261,Orkhon,Орхон,3,Camel,Тэмээ,0,0.2,0.0,,
2011,261,Orkhon,Орхон,4,Sheep,Хонь,0.3,73.1,0.410397,,
2011,261,Orkhon,Орхон,5,Goat,Ямаа,0.4,67.5,0.592593,,
2011,262,Uvurkhangai,Өвөрхангай,0,Total,Бүгд,22,2010.6,1.094201,,
2011,262,Uvurkhangai,Өвөрхангай,1,Horse,Адуу,0.9,113.8,0.790861,,
2011,262,Uvurkhangai,Өвөрхангай,2,Cattle,Үхэр,0.9,76.2,1.181102,,
2011,262,Uvurkhangai,Өвөрхангай,3,Camel,Тэмээ,0,14.7,0.0,,
2011,262,Uvurkhangai,Өвөрхангай,4,Sheep,Хонь,10,896.6,1.115325,,
2011,262,Uvurkhangai,Өвөрхангай,5,Goat,Ямаа,10.2,909.2,1.121865,,
2011,263,Bulgan,Булган,0,Total,Бүгд,75,2293.2,3.270539,,
2011,263,Bulgan,Булган,1,Horse,Адуу,4.4,182.9,2.405686,,
2011,263,Bulgan,Булган,2,Cattle,Үхэр,4.3,176.1,2.441794,,
2011,263,Bulgan,Булган,3,Camel,Тэмээ,,0.9,,..,
2011,263,Bulgan,Булган,4,Sheep,Хонь,41.5,1179.8,3.517545,,
2011,263,Bulgan,Булган,5,Goat,Ямаа,24.7,753.7,3.277166,,
2011,264,Bayankhongor,Баянхонгор,0,Total,Бүгд,41.3,1963,2.103923,,
2011,264,Bayankhongor,Баянхонгор,1,Horse,Адуу,1.8,74.4,2.419355,,
2011,264,Bayankhongor,Баянхонгор,2,Cattle,Үхэр,4.1,101.5,4.039409,,
2011,264,Bayankhongor,Баянхонгор,3,Camel,Тэмээ,0.4,30.1,1.328904,,
2011,264,Bayankhongor,Баянхонгор,4,Sheep,Хонь,10.7,543.8,1.967635,,
2011,264,Bayankhongor,Баянхонгор,5,Goat,Ямаа,24.3,1213.3,2.002802,,
2011,265,Arkhangai,Архангай,0,Total,Бүгд,88.3,2679.2,3.29576,,
2011,265,Arkhangai,Архангай,1,Horse,Адуу,3.2,196.1,1.63182,,
2011,265,Arkhangai,Архангай,2,Cattle,Үхэр,8.5,302,2.81457,,
2011,265,Arkhangai,Архангай,3,Camel,Тэмээ,0,0.9,0.0,,
2011,265,Arkhangai,Архангай,4,Sheep,Хонь,47.8,1327.5,3.600753,,
2011,265,Arkhangai,Архангай,5,Goat,Ямаа,28.8,852.8,3.377111,,
2011,267,Khuvsgul,Хөвсгөл,0,Total,Бүгд,67,3101.3,2.160384,,
2011,267,Khuvsgul,Хөвсгөл,1,Horse,Адуу,2.5,148.7,1.681237,,
2011,267,Khuvsgul,Хөвсгөл,2,Cattle,Үхэр,10.6,312.4,3.393086,,
2011,267,Khuvsgul,Хөвсгөл,3,Camel,Тэмээ,,2.3,,..,
2011,267,Khuvsgul,Хөвсгөл,4,Sheep,Хонь,28.8,1363.9,2.111592,,
2011,267,Khuvsgul,Хөвсгөл,5,Goat,Ямаа,25,1274,1.962323,,
2011,341,Tuv,Төв,0,Total,Бүгд,22.7,2710.7,0.837422,,
2011,341,Tuv,Төв,1,Horse,Адуу,1.5,199.8,0.750751,,
2011,341,Tuv,Төв,2,Cattle,Үхэр,1.9,172,1.104651,,
2011,341,Tuv,Төв,3,Camel,Тэмээ,,2.2,,..,
2011,341,Tuv,Төв,4,Sheep,Хонь,10.2,1358.7,0.750718,,
2011,341,Tuv,Төв,5,Goat,Ямаа,9.1,977.9,0.930565,,
2011,342,Govisumber,Говьсүмбэр,0,Total,Бүгд,0.3,153.2,0.195822,,
2011,342,Govisumber,Говьсүмбэр,1,Horse,Адуу,0,6.9,0.0,,
2011,342,Govisumber,Говьсүмбэр,2,Cattle,Үхэр,0,3.7,0.0,,
2011,342,Govisumber,Говьсүмбэр,3,Camel,Тэмээ,,0.5,,..,
2011,342,Govisumber,Говьсүмбэр,4,Sheep,Хонь,0.2,65.2,0.306748,,
2011,342,Govisumber,Говьсүмбэр,5,Goat,Ямаа,0.1,76.9,0.130039,,
2011,343,Selenge,Сэлэнгэ,0,Total,Бүгд,7.3,1265.6,0.576802,,
2011,343,Selenge,Сэлэнгэ,1,Horse,Адуу,0.4,61.8,0.647249,,
2011,343,Selenge,Сэлэнгэ,2,Cattle,Үхэр,1,143.5,0.696864,,
2011,343,Selenge,Сэлэнгэ,3,Camel,Тэмээ,,0.8,,..,
2011,343,Selenge,Сэлэнгэ,4,Sheep,Хонь,3.4,612.2,0.555374,,
2011,343,Selenge,Сэлэнгэ,5,Goat,Ямаа,2.6,447.4,0.581135,,
2011,344,Dornogovi,Дорноговь,0,Total,Бүгд,5.3,1056.8,0.501514,,
2011,344,Dornogovi,Дорноговь,1,Horse,Адуу,0.3,77.4,0.387597,,
2011,344,Dornogovi,Дорноговь,2,Cattle,Үхэр,0.2,40.5,0.493827,,
2011,344,Dornogovi,Дорноговь,3,Camel,Тэмээ,0.2,28.1,0.711744,,
2011,344,Dornogovi,Дорноговь,4,Sheep,Хонь,2,421.3,0.474721,,
2011,344,Dornogovi,Дорноговь,5,Goat,Ямаа,2.6,489.6,0.531046,,
2011,345,Darkhan-Uul,Дархан-Уул,0,Total,Бүгд,2.3,249.8,0.920737,,
2011,345,Darkhan-Uul,Дархан-Уул,1,Horse,Адуу,0.1,10.2,0.980392,,
2011,345,Darkhan-Uul,Дархан-Уул,2,Cattle,Үхэр,0.2,32.5,0.615385,,
2011,345,Darkhan-Uul,Дархан-Уул,3,Camel,Тэмээ,,0.7,,..,
2011,345,Darkhan-Uul,Дархан-Уул,4,Sheep,Хонь,1,127.6,0.783699,,
2011,345,Darkhan-Uul,Дархан-Уул,5,Goat,Ямаа,1,78.8,1.269036,,
2011,346,Umnugovi,Өмнөговь,0,Total,Бүгд,9.4,1010.3,0.930417,,
2011,346,Umnugovi,Өмнөговь,1,Horse,Адуу,0.3,37.6,0.797872,,
2011,346,Umnugovi,Өмнөговь,2,Cattle,Үхэр,0.1,7.5,1.333333,,
2011,346,Umnugovi,Өмнөговь,3,Camel,Тэмээ,0.5,83.8,0.596659,,
2011,346,Umnugovi,Өмнөговь,4,Sheep,Хонь,2.2,212.8,1.033835,,
2011,346,Umnugovi,Өмнөговь,5,Goat,Ямаа,6.3,668.6,0.942267,,
2011,348,Dundgovi,Дундговь,0,Total,Бүгд,4.3,1111.5,0.386865,,
2011,348,Dundgovi,Дундговь,1,Horse,Адуу,0.2,51.3,0.389864,,
2011,348,Dundgovi,Дундговь,2,Cattle,Үхэр,0.1,18.6,0.537634,,
2011,348,Dundgovi,Дундговь,3,Camel,Тэмээ,,18.9,,..,
2011,348,Dundgovi,Дундговь,4,Sheep,Хонь,1.8,529.7,0.339815,,
2011,348,Dundgovi,Дундговь,5,Goat,Ямаа,2.3,493.1,0.466437,,
2011,421,Dornod,Дорнод,0,Total,Бүгд,10.9,1113.3,0.979071,,
2011,421,Dornod,Дорнод,1,Horse,Адуу,0.5,136.3,0.366838,,
2011,421,Dornod,Дорнод,2,Cattle,Үхэр,0.9,107.8,0.834879,,
2011,421,Dornod,Дорнод,3,Camel,Тэмээ,,6,,..,
2011,421,Dornod,Дорнод,4,Sheep,Хонь,5.7,550.8,1.034858,,
2011,421,Dornod,Дорнод,5,Goat,Ямаа,3.8,312.4,1.216389,,
2011,422,Sukhbaatar,Сүхбаатар,0,Total,Бүгд,54.7,1979.8,2.762905,,
2011,422,Sukhbaatar,Сүхбаатар,1,Horse,Адуу,1.7,148.1,1.147873,,
2011,422,Sukhbaatar,Сүхбаатар,2,Cattle,Үхэр,4.2,128,3.28125,,
2011,422,Sukhbaatar,Сүхбаатар,3,Camel,Тэмээ,0.1,10.9,0.917431,,
2011,422,Sukhbaatar,Сүхбаатар,4,Sheep,Хонь,23,961.2,2.392842,,
2011,422,Sukhbaatar,Сүхбаатар,5,Goat,Ямаа,25.6,731.7,3.498702,,
2011,423,Khentii,Хэнтий,0,Total,Бүгд,36,2180.7,1.650846,,
2011,423,Khentii,Хэнтий,1,Horse,Адуу,2.1,143.7,1.461378,,
2011,423,Khentii,Хэнтий,2,Cattle,Үхэр,3.1,157.7,1.965758,,
2011,423,Khentii,Хэнтий,3,Camel,Тэмээ,0.1,3.7,2.702703,,
2011,423,Khentii,Хэнтий,4,Sheep,Хонь,17.5,1068.3,1.638117,,
2011,423,Khentii,Хэнтий,5,Goat,Ямаа,13.2,807.3,1.63508,,
2011,511,Ulaanbaatar,Улаанбаатар,0,Total,Бүгд,2.7,262.9,1.027006,,
2011,511,Ulaanbaatar,Улаанбаатар,1,Horse,Адуу,0.3,20.8,1.442308,,
2011,511,Ulaanbaatar,Улаанбаатар,2,Cattle,Үхэр,0.6,54.9,1.092896,,
2011,511,Ulaanbaatar,Улаанбаатар,3,Camel,Тэмээ,,0.2,,..,
2011,511,Ulaanbaatar,Улаанбаатар,4,Sheep,Хонь,0.9,101.6,0.885827,,
2011,511,Ulaanbaatar,Улаанбаатар,5,Goat,Ямаа,0.9,85.4,1.053864,,
2012,0,Total,Улсын дүн,0,Total,Бүгд,428.9,36335.8,1.180379,,
2012,0,Total,Улсын дүн,1,Horse,Адуу,21.1,2112.9,0.998627,,
2012,0,Total,Улсын дүн,2,Cattle,Үхэр,36.5,2339.7,1.560029,,
2012,0,Total,Улсын дүн,3,Camel,Тэмээ,1.4,280.1,0.499821,,
2012,0,Total,Улсын дүн,4,Sheep,Хонь,175.5,15668.5,1.120082,,
2012,0,Total,Улсын дүн,5,Goat,Ямаа,194.4,15934.6,1.219987,,
2012,181,Zavkhan,Завхан,0,Total,Бүгд,20.2,2006.1,1.006929,,
2012,181,Zavkhan,Завхан,1,Horse,Адуу,1.5,105.4,1.42315,,
2012,181,Zavkhan,Завхан,2,Cattle,Үхэр,1.3,83.3,1.560624,,
2012,181,Zavkhan,Завхан,3,Camel,Тэмээ,0,6.2,0.0,,
2012,181,Zavkhan,Завхан,4,Sheep,Хонь,9.4,979.6,0.959575,,
2012,181,Zavkhan,Завхан,5,Goat,Ямаа,8.1,831.6,0.974026,,
2012,182,Govi-Altai,Говь-Алтай,0,Total,Бүгд,34.2,1613.3,2.119879,,
2012,182,Govi-Altai,Говь-Алтай,1,Horse,Адуу,0.6,46.6,1.287554,,
2012,182,Govi-Altai,Говь-Алтай,2,Cattle,Үхэр,0.4,22.1,1.809955,,
2012,182,Govi-Altai,Говь-Алтай,3,Camel,Тэмээ,0.2,25.2,0.793651,,
2012,182,Govi-Altai,Говь-Алтай,4,Sheep,Хонь,9.3,461.7,2.014295,,
2012,182,Govi-Altai,Говь-Алтай,5,Goat,Ямаа,23.8,1057.8,2.249953,,
2012,183,Bayan-Ulgii,Баян-Өлгий,0,Total,Бүгд,9.2,1302.8,0.706171,,
2012,183,Bayan-Ulgii,Баян-Өлгий,1,Horse,Адуу,0.6,48.5,1.237113,,
2012,183,Bayan-Ulgii,Баян-Өлгий,2,Cattle,Үхэр,0.8,80.8,0.990099,,
2012,183,Bayan-Ulgii,Баян-Өлгий,3,Camel,Тэмээ,0,4,0.0,,
2012,183,Bayan-Ulgii,Баян-Өлгий,4,Sheep,Хонь,2.7,506.9,0.532649,,
2012,183,Bayan-Ulgii,Баян-Өлгий,5,Goat,Ямаа,5.1,662.5,0.769811,,
2012,184,Khovd,Ховд,0,Total,Бүгд,23.9,1771.3,1.349291,,
2012,184,Khovd,Ховд,1,Horse,Адуу,1.1,68.2,1.612903,,
2012,184,Khovd,Ховд,2,Cattle,Үхэр,1.4,87.6,1.598174,,
2012,184,Khovd,Ховд,3,Camel,Тэмээ,0.2,16.8,1.190476,,
2012,184,Khovd,Ховд,4,Sheep,Хонь,6.8,615,1.105691,,
2012,184,Khovd,Ховд,5,Goat,Ямаа,14.5,983.7,1.474027,,
2012,185,Uvs,Увс,0,Total,Бүгд,49,1831.8,2.674965,,
2012,185,Uvs,Увс,1,Horse,Адуу,1.5,64,2.34375,,
2012,185,Uvs,Увс,2,Cattle,Үхэр,2.5,95.7,2.61233,,
2012,185,Uvs,Увс,3,Camel,Тэмээ,0.1,15.5,0.645161,,
2012,185,Uvs,Увс,4,Sheep,Хонь,24,851.5,2.818555,,
2012,185,Uvs,Увс,5,Goat,Ямаа,20.9,805.3,2.595306,,
2012,261,Orkhon,Орхон,0,Total,Бүгд,1.8,168.3,1.069519,,
2012,261,Orkhon,Орхон,1,Horse,Адуу,0.1,11.8,0.847458,,
2012,261,Orkhon,Орхон,2,Cattle,Үхэр,0.1,18.8,0.531915,,
2012,261,Orkhon,Орхон,3,Camel,Тэмээ,0,0.2,0.0,,
2012,261,Orkhon,Орхон,4,Sheep,Хонь,1.2,68.6,1.749271,,
2012,261,Orkhon,Орхон,5,Goat,Ямаа,0.5,69,0.724638,,
2012,262,Uvurkhangai,Өвөрхангай,0,Total,Бүгд,8.1,2425.7,0.333924,,
2012,262,Uvurkhangai,Өвөрхангай,1,Horse,Адуу,0.4,141.1,0.283487,,
2012,262,Uvurkhangai,Өвөрхангай,2,Cattle,Үхэр,1.3,90.6,1.434879,,
2012,262,Uvurkhangai,Өвөрхангай,3,Camel,Тэмээ,0,15.9,0.0,,
2012,262,Uvurkhangai,Өвөрхангай,4,Sheep,Хонь,2.7,1051.8,0.256703,,
2012,262,Uvurkhangai,Өвөрхангай,5,Goat,Ямаа,3.7,1126.4,0.32848,,
2012,263,Bulgan,Булган,0,Total,Бүгд,26.2,2340.8,1.119275,,
2012,263,Bulgan,Булган,1,Horse,Адуу,2.6,186,1.397849,,
2012,263,Bulgan,Булган,2,Cattle,Үхэр,2.7,180.9,1.492537,,
2012,263,Bulgan,Булган,3,Camel,Тэмээ,0,1,0.0,,
2012,263,Bulgan,Булган,4,Sheep,Хонь,12.2,1188,1.026936,,
2012,263,Bulgan,Булган,5,Goat,Ямаа,8.8,785,1.121019,,
2012,264,Bayankhongor,Баянхонгор,0,Total,Бүгд,18.1,2237.8,0.80883,,
2012,264,Bayankhongor,Баянхонгор,1,Horse,Адуу,0.9,82.1,1.096224,,
2012,264,Bayankhongor,Баянхонгор,2,Cattle,Үхэр,3,110.9,2.70514,,
2012,264,Bayankhongor,Баянхонгор,3,Camel,Тэмээ,0.1,30.3,0.330033,,
2012,264,Bayankhongor,Баянхонгор,4,Sheep,Хонь,4.9,617.6,0.793394,,
2012,264,Bayankhongor,Баянхонгор,5,Goat,Ямаа,9.2,1397,0.658554,,
2012,265,Arkhangai,Архангай,0,Total,Бүгд,59.7,2984.3,2.000469,,
2012,265,Arkhangai,Архангай,1,Horse,Адуу,3.2,218.7,1.463192,,
2012,265,Arkhangai,Архангай,2,Cattle,Үхэр,9.3,335.9,2.768681,,
2012,265,Arkhangai,Архангай,3,Camel,Тэмээ,0,0.9,0.0,,
2012,265,Arkhangai,Архангай,4,Sheep,Хонь,27.7,1464.6,1.891301,,
2012,265,Arkhangai,Архангай,5,Goat,Ямаа,19.5,964.2,2.022402,,
2012,267,Khuvsgul,Хөвсгөл,0,Total,Бүгд,44.5,3315.5,1.342181,,
2012,267,Khuvsgul,Хөвсгөл,1,Horse,Адуу,2,155.3,1.28783,,
2012,267,Khuvsgul,Хөвсгөл,2,Cattle,Үхэр,5.2,313.8,1.657106,,
2012,267,Khuvsgul,Хөвсгөл,3,Camel,Тэмээ,0,2.1,0.0,,
2012,267,Khuvsgul,Хөвсгөл,4,Sheep,Хонь,17.4,1457.5,1.193825,,
2012,267,Khuvsgul,Хөвсгөл,5,Goat,Ямаа,19.9,1386.8,1.434958,,
2012,341,Tuv,Төв,0,Total,Бүгд,22.1,2962,0.746117,,
2012,341,Tuv,Төв,1,Horse,Адуу,1.7,223,0.762332,,
2012,341,Tuv,Төв,2,Cattle,Үхэр,2.1,185,1.135135,,
2012,341,Tuv,Төв,3,Camel,Тэмээ,0,2.9,0.0,,
2012,341,Tuv,Төв,4,Sheep,Хонь,9.5,1462.3,0.649661,,
2012,341,Tuv,Төв,5,Goat,Ямаа,8.8,1088.9,0.808155,,
2012,342,Govisumber,Говьсүмбэр,0,Total,Бүгд,0.9,189.7,0.474433,,
2012,342,Govisumber,Говьсүмбэр,1,Horse,Адуу,0,8.6,0.0,,
2012,342,Govisumber,Говьсүмбэр,2,Cattle,Үхэр,0,4.3,0.0,,
2012,342,Govisumber,Говьсүмбэр,3,Camel,Тэмээ,0,0.6,0.0,,
2012,342,Govisumber,Говьсүмбэр,4,Sheep,Хонь,0.3,79,0.379747,,
2012,342,Govisumber,Говьсүмбэр,5,Goat,Ямаа,0.5,97.1,0.514933,,
2012,343,Selenge,Сэлэнгэ,0,Total,Бүгд,9.3,1260.9,0.737568,,
2012,343,Selenge,Сэлэнгэ,1,Horse,Адуу,0.4,65.3,0.612557,,
2012,343,Selenge,Сэлэнгэ,2,Cattle,Үхэр,0.7,151.9,0.460829,,
2012,343,Selenge,Сэлэнгэ,3,Camel,Тэмээ,0,0.6,0.0,,
2012,343,Selenge,Сэлэнгэ,4,Sheep,Хонь,5.8,581.7,0.997078,,
2012,343,Selenge,Сэлэнгэ,5,Goat,Ямаа,2.3,461.4,0.498483,,
2012,344,Dornogovi,Дорноговь,0,Total,Бүгд,12.2,1207.4,1.010436,,
2012,344,Dornogovi,Дорноговь,1,Horse,Адуу,0.4,86.5,0.462428,,
2012,344,Dornogovi,Дорноговь,2,Cattle,Үхэр,0.4,45.7,0.875274,,
2012,344,Dornogovi,Дорноговь,3,Camel,Тэмээ,0.2,30,0.666667,,
2012,344,Dornogovi,Дорноговь,4,Sheep,Хонь,3.6,477.3,0.754243,,
2012,344,Dornogovi,Дорноговь,5,Goat,Ямаа,7.6,568,1.338028,,
2012,345,Darkhan-Uul,Дархан-Уул,0,Total,Бүгд,2.1,256.8,0.817757,,
2012,345,Darkhan-Uul,Дархан-Уул,1,Horse,Адуу,0.2,11,1.818182,,
2012,345,Darkhan-Uul,Дархан-Уул,2,Cattle,Үхэр,0.4,33.9,1.179941,,
2012,345,Darkhan-Uul,Дархан-Уул,3,Camel,Тэмээ,0,0.5,0.0,,
2012,345,Darkhan-Uul,Дархан-Уул,4,Sheep,Хонь,0.9,125,0.72,,
2012,345,Darkhan-Uul,Дархан-Уул,5,Goat,Ямаа,0.7,86.5,0.809249,,
2012,346,Umnugovi,Өмнөговь,0,Total,Бүгд,8.8,1223.5,0.719248,,
2012,346,Umnugovi,Өмнөговь,1,Horse,Адуу,0.2,43.4,0.460829,,
2012,346,Umnugovi,Өмнөговь,2,Cattle,Үхэр,0.1,8.7,1.149425,,
2012,346,Umnugovi,Өмнөговь,3,Camel,Тэмээ,0.3,87.8,0.341686,,
2012,346,Umnugovi,Өмнөговь,4,Sheep,Хонь,2.2,257.4,0.854701,,
2012,346,Umnugovi,Өмнөговь,5,Goat,Ямаа,6.1,826.1,0.738409,,
2012,348,Dundgovi,Дундговь,0,Total,Бүгд,3.5,1348.7,0.259509,,
2012,348,Dundgovi,Дундговь,1,Horse,Адуу,0.1,59.7,0.167504,,
2012,348,Dundgovi,Дундговь,2,Cattle,Үхэр,0.1,21,0.47619,,
2012,348,Dundgovi,Дундговь,3,Camel,Тэмээ,0,19.7,0.0,,
2012,348,Dundgovi,Дундговь,4,Sheep,Хонь,1.6,623.5,0.256616,,
2012,348,Dundgovi,Дундговь,5,Goat,Ямаа,1.7,624.8,0.272087,,
2012,421,Dornod,Дорнод,0,Total,Бүгд,14.2,1149.8,1.234997,,
2012,421,Dornod,Дорнод,1,Horse,Адуу,1,144.1,0.693963,,
2012,421,Dornod,Дорнод,2,Cattle,Үхэр,0.8,109.7,0.729262,,
2012,421,Dornod,Дорнод,3,Camel,Тэмээ,0,5.6,0.0,,
2012,421,Dornod,Дорнод,4,Sheep,Хонь,5.9,555.4,1.062297,,
2012,421,Dornod,Дорнод,5,Goat,Ямаа,6.4,335.1,1.909878,,
2012,422,Sukhbaatar,Сүхбаатар,0,Total,Бүгд,20.9,2081.4,1.004132,,
2012,422,Sukhbaatar,Сүхбаатар,1,Horse,Адуу,0.8,164.9,0.485143,,
2012,422,Sukhbaatar,Сүхбаатар,2,Cattle,Үхэр,1.1,136.7,0.804682,,
2012,422,Sukhbaatar,Сүхбаатар,3,Camel,Тэмээ,0.1,10.7,0.934579,,
2012,422,Sukhbaatar,Сүхбаатар,4,Sheep,Хонь,8.9,992,0.897177,,
2012,422,Sukhbaatar,Сүхбаатар,5,Goat,Ямаа,10.1,777.2,1.299537,,
2012,423,Khentii,Хэнтий,0,Total,Бүгд,38,2379.1,1.597243,,
2012,423,Khentii,Хэнтий,1,Horse,Адуу,1.8,156.5,1.15016,,
2012,423,Khentii,Хэнтий,2,Cattle,Үхэр,2.7,165.7,1.629451,,
2012,423,Khentii,Хэнтий,3,Camel,Тэмээ,0,3.7,0.0,,
2012,423,Khentii,Хэнтий,4,Sheep,Хонь,17.8,1146.5,1.552551,,
2012,423,Khentii,Хэнтий,5,Goat,Ямаа,15.7,906.7,1.731554,,
2012,511,Ulaanbaatar,Улаанбаатар,0,Total,Бүгд,2.1,278.9,0.752958,,
2012,511,Ulaanbaatar,Улаанбаатар,1,Horse,Адуу,0.2,22.5,0.888889,,
2012,511,Ulaanbaatar,Улаанбаатар,2,Cattle,Үхэр,0.5,56.9,0.878735,,
2012,511,Ulaanbaatar,Улаанбаатар,3,Camel,Тэмээ,0,0.2,0.0,,
2012,511,Ulaanbaatar,Улаанбаатар,4,Sheep,Хонь,0.8,105.8,0.756144,,
2012,511,Ulaanbaatar,Улаанбаатар,5,Goat,Ямаа,0.7,93.6,0.747863,,
2013,0,Total,Улсын дүн,0,Total,Бүгд,792.6,40920.9,1.936908,,
2013,0,Total,Улсын дүн,1,Horse,Адуу,35.9,2330.4,1.540508,,
2013,0,Total,Улсын дүн,2,Cattle,Үхэр,75,2584.6,2.901803,,
2013,0,Total,Улсын дүн,3,Camel,Тэмээ,1.8,305.8,0.58862,,
2013,0,Total,Улсын дүн,4,Sheep,Хонь,347.2,18141.4,1.913854,,
2013,0,Total,Улсын дүн,5,Goat,Ямаа,332.7,17558.7,1.894787,,
2013,181,Zavkhan,Завхан,0,Total,Бүгд,60.4,2280,2.649123,,
2013,181,Zavkhan,Завхан,1,Horse,Адуу,3,116.8,2.568493,,
2013,181,Zavkhan,Завхан,2,Cattle,Үхэр,3,98.4,3.04878,,
2013,181,Zavkhan,Завхан,3,Camel,Тэмээ,0.1,6.4,1.5625,,
2013,181,Zavkhan,Завхан,4,Sheep,Хонь,28.4,1147.9,2.474083,,
2013,181,Zavkhan,Завхан,5,Goat,Ямаа,25.9,910.7,2.843966,,
2013,182,Govi-Altai,Говь-Алтай,0,Total,Бүгд,36.8,1911.1,1.925593,,
2013,182,Govi-Altai,Говь-Алтай,1,Horse,Адуу,0.7,55,1.272727,,
2013,182,Govi-Altai,Говь-Алтай,2,Cattle,Үхэр,0.4,29.5,1.355932,,
2013,182,Govi-Altai,Говь-Алтай,3,Camel,Тэмээ,0.3,28.2,1.06383,,
2013,182,Govi-Altai,Говь-Алтай,4,Sheep,Хонь,10.1,578.1,1.747103,,
2013,182,Govi-Altai,Говь-Алтай,5,Goat,Ямаа,25.4,1220.3,2.081455,,
2013,183,Bayan-Ulgii,Баян-Өлгий,0,Total,Бүгд,11.1,1410.6,0.786899,,
2013,183,Bayan-Ulgii,Баян-Өлгий,1,Horse,Адуу,1.1,51.7,2.12766,,
2013,183,Bayan-Ulgii,Баян-Өлгий,2,Cattle,Үхэр,1.7,87.2,1.949541,,
2013,183,Bayan-Ulgii,Баян-Өлгий,3,Camel,Тэмээ,0,4.2,0.0,,
2013,183,Bayan-Ulgii,Баян-Өлгий,4,Sheep,Хонь,3.3,574.4,0.574513,,
2013,183,Bayan-Ulgii,Баян-Өлгий,5,Goat,Ямаа,5,693.1,0.721397,,
2013,184,Khovd,Ховд,0,Total,Бүгд,23.4,2038.5,1.147903,,
2013,184,Khovd,Ховд,1,Horse,Адуу,1.2,75.5,1.589404,,
2013,184,Khovd,Ховд,2,Cattle,Үхэр,1.9,100.7,1.886792,,
2013,184,Khovd,Ховд,3,Camel,Тэмээ,0.2,18.6,1.075269,,
2013,184,Khovd,Ховд,4,Sheep,Хонь,7.8,758.2,1.028752,,
2013,184,Khovd,Ховд,5,Goat,Ямаа,12.3,1085.4,1.133223,,
2013,185,Uvs,Увс,0,Total,Бүгд,35.7,2030.7,1.758014,,
2013,185,Uvs,Увс,1,Horse,Адуу,1.4,70.4,1.988636,,
2013,185,Uvs,Увс,2,Cattle,Үхэр,2.2,108,2.037037,,
2013,185,Uvs,Увс,3,Camel,Тэмээ,0.2,16.9,1.183432,,
2013,185,Uvs,Увс,4,Sheep,Хонь,15.5,976,1.588115,,
2013,185,Uvs,Увс,5,Goat,Ямаа,16.6,859.3,1.931805,,
2013,261,Orkhon,Орхон,0,Total,Бүгд,2.1,184.5,1.138211,,
2013,261,Orkhon,Орхон,1,Horse,Адуу,0.1,11.8,0.847458,,
2013,261,Orkhon,Орхон,2,Cattle,Үхэр,0.2,20.6,0.970874,,
2013,261,Orkhon,Орхон,3,Camel,Тэмээ,,0.2,,..,
2013,261,Orkhon,Орхон,4,Sheep,Хонь,1.1,80.2,1.371571,,
2013,261,Orkhon,Орхон,5,Goat,Ямаа,0.7,71.8,0.97493,,
2013,262,Uvurkhangai,Өвөрхангай,0,Total,Бүгд,19.7,2970.7,0.663143,,
2013,262,Uvurkhangai,Өвөрхангай,1,Horse,Адуу,0.8,170.5,0.469208,,
2013,262,Uvurkhangai,Өвөрхангай,2,Cattle,Үхэр,0.8,114,0.701754,,
2013,262,Uvurkhangai,Өвөрхангай,3,Camel,Тэмээ,0,18.1,0.0,,
2013,262,Uvurkhangai,Өвөрхангай,4,Sheep,Хонь,8.2,1310.9,0.625524,,
2013,262,Uvurkhangai,Өвөрхангай,5,Goat,Ямаа,9.9,1357.2,0.729443,,
2013,263,Bulgan,Булган,0,Total,Бүгд,37,2578.6,1.434887,,
2013,263,Bulgan,Булган,1,Horse,Адуу,1.9,199.3,0.953337,,
2013,263,Bulgan,Булган,2,Cattle,Үхэр,2.5,195.1,1.281394,,
2013,263,Bulgan,Булган,3,Camel,Тэмээ,0,1,0.0,,
2013,263,Bulgan,Булган,4,Sheep,Хонь,18.5,1340.8,1.379773,,
2013,263,Bulgan,Булган,5,Goat,Ямаа,14.1,842.3,1.673988,,
2013,264,Bayankhongor,Баянхонгор,0,Total,Бүгд,59.4,2640.8,2.249318,,
2013,264,Bayankhongor,Баянхонгор,1,Horse,Адуу,1.6,93.5,1.71123,,
2013,264,Bayankhongor,Баянхонгор,2,Cattle,Үхэр,8.4,127.9,6.567631,,
2013,264,Bayankhongor,Баянхонгор,3,Camel,Тэмээ,0.1,34.6,0.289017,,
2013,264,Bayankhongor,Баянхонгор,4,Sheep,Хонь,15.5,788.6,1.965508,,
2013,264,Bayankhongor,Баянхонгор,5,Goat,Ямаа,33.8,1596.3,2.117396,,
2013,265,Arkhangai,Архангай,0,Total,Бүгд,196.2,3403.2,5.765162,,
2013,265,Arkhangai,Архангай,1,Horse,Адуу,12.3,238.6,5.155071,,
2013,265,Arkhangai,Архангай,2,Cattle,Үхэр,18.1,371.1,4.877392,,
2013,265,Arkhangai,Архангай,3,Camel,Тэмээ,0,1.1,0.0,,
2013,265,Arkhangai,Архангай,4,Sheep,Хонь,105.2,1746.8,6.022441,,
2013,265,Arkhangai,Архангай,5,Goat,Ямаа,60.5,1045.7,5.785598,,
2013,267,Khuvsgul,Хөвсгөл,0,Total,Бүгд,117.5,3601.7,3.262348,,
2013,267,Khuvsgul,Хөвсгөл,1,Horse,Адуу,3.7,161.2,2.295285,,
2013,267,Khuvsgul,Хөвсгөл,2,Cattle,Үхэр,19.3,322.1,5.991928,,
2013,267,Khuvsgul,Хөвсгөл,3,Camel,Тэмээ,0,2.1,0.0,,
2013,267,Khuvsgul,Хөвсгөл,4,Sheep,Хонь,47.9,1673.1,2.862949,,
2013,267,Khuvsgul,Хөвсгөл,5,Goat,Ямаа,46.5,1443.2,3.222007,,
2013,341,Tuv,Төв,0,Total,Бүгд,42.1,3244.7,1.297501,,
2013,341,Tuv,Төв,1,Horse,Адуу,2.3,246.7,0.932306,,
2013,341,Tuv,Төв,2,Cattle,Үхэр,2.8,206.5,1.355932,,
2013,341,Tuv,Төв,3,Camel,Тэмээ,0,2.4,0.0,,
2013,341,Tuv,Төв,4,Sheep,Хонь,18.6,1633.7,1.13852,,
2013,341,Tuv,Төв,5,Goat,Ямаа,18.4,1155.4,1.592522,,
2013,342,Govisumber,Говьсүмбэр,0,Total,Бүгд,1.8,226.1,0.796108,,
2013,342,Govisumber,Говьсүмбэр,1,Horse,Адуу,0,9.6,0.0,,
2013,342,Govisumber,Говьсүмбэр,2,Cattle,Үхэр,0,5.6,0.0,,
2013,342,Govisumber,Говьсүмбэр,3,Camel,Тэмээ,0,0.6,0.0,,
2013,342,Govisumber,Говьсүмбэр,4,Sheep,Хонь,0.7,99.4,0.704225,,
2013,342,Govisumber,Говьсүмбэр,5,Goat,Ямаа,1.1,110.9,0.991885,,
2013,343,Selenge,Сэлэнгэ,0,Total,Бүгд,6.5,1305.6,0.497855,,
2013,343,Selenge,Сэлэнгэ,1,Horse,Адуу,0.5,68.1,0.734214,,
2013,343,Selenge,Сэлэнгэ,2,Cattle,Үхэр,1,159.6,0.626566,,
2013,343,Selenge,Сэлэнгэ,3,Camel,Тэмээ,0,0.6,0.0,,
2013,343,Selenge,Сэлэнгэ,4,Sheep,Хонь,2.5,612.1,0.40843,,
2013,343,Selenge,Сэлэнгэ,5,Goat,Ямаа,2.5,465.2,0.537403,,
2013,344,Dornogovi,Дорноговь,0,Total,Бүгд,9.2,1327.9,0.692823,,
2013,344,Dornogovi,Дорноговь,1,Horse,Адуу,0.4,95.6,0.41841,,
2013,344,Dornogovi,Дорноговь,2,Cattle,Үхэр,0.3,50.3,0.596421,,
2013,344,Dornogovi,Дорноговь,3,Camel,Тэмээ,0.2,31.5,0.634921,,
2013,344,Dornogovi,Дорноговь,4,Sheep,Хонь,3.6,531.5,0.677328,,
2013,344,Dornogovi,Дорноговь,5,Goat,Ямаа,4.8,619.1,0.775319,,
2013,345,Darkhan-Uul,Дархан-Уул,0,Total,Бүгд,3.4,268.4,1.266766,,
2013,345,Darkhan-Uul,Дархан-Уул,1,Horse,Адуу,0.2,11.3,1.769912,,
2013,345,Darkhan-Uul,Дархан-Уул,2,Cattle,Үхэр,0.5,35.6,1.404494,,
2013,345,Darkhan-Uul,Дархан-Уул,3,Camel,Тэмээ,0,0.4,0.0,,
2013,345,Darkhan-Uul,Дархан-Уул,4,Sheep,Хонь,1.5,136,1.102941,,
2013,345,Darkhan-Uul,Дархан-Уул,5,Goat,Ямаа,1.2,85.1,1.410106,,
2013,346,Umnugovi,Өмнөговь,0,Total,Бүгд,9.8,1419.3,0.690481,,
2013,346,Umnugovi,Өмнөговь,1,Horse,Адуу,0.2,50.1,0.399202,,
2013,346,Umnugovi,Өмнөговь,2,Cattle,Үхэр,0.1,10.8,0.925926,,
2013,346,Umnugovi,Өмнөговь,3,Camel,Тэмээ,0.4,97.3,0.4111,,
2013,346,Umnugovi,Өмнөговь,4,Sheep,Хонь,2.5,299.8,0.833889,,
2013,346,Umnugovi,Өмнөговь,5,Goat,Ямаа,6.7,961.3,0.696973,,
2013,348,Dundgovi,Дундговь,0,Total,Бүгд,4.3,1672,0.257177,,
2013,348,Dundgovi,Дундговь,1,Horse,Адуу,0.1,72,0.138889,,
2013,348,Dundgovi,Дундговь,2,Cattle,Үхэр,0.1,27.6,0.362319,,
2013,348,Dundgovi,Дундговь,3,Camel,Тэмээ,0,23,0.0,,
2013,348,Dundgovi,Дундговь,4,Sheep,Хонь,1.9,775.8,0.244908,,
2013,348,Dundgovi,Дундговь,5,Goat,Ямаа,2.3,773.6,0.297311,,
2013,421,Dornod,Дорнод,0,Total,Бүгд,47.9,1207.3,3.967531,,
2013,421,Dornod,Дорнод,1,Horse,Адуу,1.5,150.9,0.994036,,
2013,421,Dornod,Дорнод,2,Cattle,Үхэр,6.9,119.7,5.764411,,
2013,421,Dornod,Дорнод,3,Camel,Тэмээ,0.1,5,2.0,,
2013,421,Dornod,Дорнод,4,Sheep,Хонь,23.3,584.8,3.984268,,
2013,421,Dornod,Дорнод,5,Goat,Ямаа,16.1,346.9,4.641107,,
2013,422,Sukhbaatar,Сүхбаатар,0,Total,Бүгд,26,2280.6,1.140051,,
2013,422,Sukhbaatar,Сүхбаатар,1,Horse,Адуу,1,183.6,0.544662,,
2013,422,Sukhbaatar,Сүхбаатар,2,Cattle,Үхэр,1.6,151.1,1.058901,,
2013,422,Sukhbaatar,Сүхбаатар,3,Camel,Тэмээ,0.1,9.8,1.020408,,
2013,422,Sukhbaatar,Сүхбаатар,4,Sheep,Хонь,11.1,1090.8,1.017602,,
2013,422,Sukhbaatar,Сүхбаатар,5,Goat,Ямаа,12.2,845.3,1.443275,,
2013,423,Khentii,Хэнтий,0,Total,Бүгд,38.5,2610.4,1.47487,,
2013,423,Khentii,Хэнтий,1,Horse,Адуу,1.7,172.6,0.984936,,
2013,423,Khentii,Хэнтий,2,Cattle,Үхэр,2.6,182.7,1.423098,,
2013,423,Khentii,Хэнтий,3,Camel,Тэмээ,0.1,3.7,2.702703,,
2013,423,Khentii,Хэнтий,4,Sheep,Хонь,18.7,1277.8,1.463453,,
2013,423,Khentii,Хэнтий,5,Goat,Ямаа,15.4,973.7,1.581596,,
2013,511,Ulaanbaatar,Улаанбаатар,0,Total,Бүгд,3.6,308.5,1.166937,,
2013,511,Ulaanbaatar,Улаанбаатар,1,Horse,Адуу,0.3,25.8,1.162791,,
2013,511,Ulaanbaatar,Улаанбаатар,2,Cattle,Үхэр,0.6,60.6,0.990099,,
2013,511,Ulaanbaatar,Улаанбаатар,3,Camel,Тэмээ,0,0.2,0.0,,
2013,511,Ulaanbaatar,Улаанбаатар,4,Sheep,Хонь,1.4,124.7,1.122694,,
2013,511,Ulaanbaatar,Улаанбаатар,5,Goat,Ямаа,1.3,97.2,1.337449,,
2014,0,Total,Улсын дүн,0,Total,Бүгд,401.37,45144.3,0.889082,,
2014,0,Total,Улсын дүн,1,Horse,Адуу,23.321,2619.4,0.890318,,
2014,0,Total,Улсын дүн,2,Cattle,Үхэр,34.032,2909.5,1.169686,,
2014,0,Total,Улсын дүн,3,Camel,Тэмээ,1.504,321.5,0.467807,,
2014,0,Total,Улсын дүн,4,Sheep,Хонь,155.605,20066.4,0.775451,,
2014,0,Total,Улсын дүн,5,Goat,Ямаа,186.908,19227.6,0.972082,,
2014,181,Zavkhan,Завхан,0,Total,Бүгд,25.479,2539,1.003505,,
2014,181,Zavkhan,Завхан,1,Horse,Адуу,0.981,130.1,0.754035,,
2014,181,Zavkhan,Завхан,2,Cattle,Үхэр,0.947,115.3,0.821336,,
2014,181,Zavkhan,Завхан,3,Camel,Тэмээ,0.023,6.3,0.365079,,
2014,181,Zavkhan,Завхан,4,Sheep,Хонь,11.382,1280,0.889219,,
2014,181,Zavkhan,Завхан,5,Goat,Ямаа,12.146,1007.3,1.205798,,
2014,182,Govi-Altai,Говь-Алтай,0,Total,Бүгд,35.093,2223.2,1.57849,,
2014,182,Govi-Altai,Говь-Алтай,1,Horse,Адуу,0.54,65.3,0.826953,,
2014,182,Govi-Altai,Говь-Алтай,2,Cattle,Үхэр,0.391,39.4,0.992386,,
2014,182,Govi-Altai,Говь-Алтай,3,Camel,Тэмээ,0.201,30.4,0.661184,,
2014,182,Govi-Altai,Говь-Алтай,4,Sheep,Хонь,8.196,679.1,1.206891,,
2014,182,Govi-Altai,Говь-Алтай,5,Goat,Ямаа,25.765,1409.1,1.828472,,
2014,183,Bayan-Ulgii,Баян-Өлгий,0,Total,Бүгд,5.164,1604.1,0.321925,,
2014,183,Bayan-Ulgii,Баян-Өлгий,1,Horse,Адуу,0.412,58.4,0.705479,,
2014,183,Bayan-Ulgii,Баян-Өлгий,2,Cattle,Үхэр,0.615,105.1,0.585157,,
2014,183,Bayan-Ulgii,Баян-Өлгий,3,Camel,Тэмээ,0.032,4.4,0.727273,,
2014,183,Bayan-Ulgii,Баян-Өлгий,4,Sheep,Хонь,1.617,662.8,0.243965,,
2014,183,Bayan-Ulgii,Баян-Өлгий,5,Goat,Ямаа,2.488,773.4,0.321696,,
2014,184,Khovd,Ховд,0,Total,Бүгд,27.288,2241.3,1.217508,,
2014,184,Khovd,Ховд,1,Horse,Адуу,1.034,83.8,1.23389,,
2014,184,Khovd,Ховд,2,Cattle,Үхэр,1.395,115.1,1.21199,,
2014,184,Khovd,Ховд,3,Camel,Тэмээ,0.134,18.9,0.708995,,
2014,184,Khovd,Ховд,4,Sheep,Хонь,9.001,846.2,1.063697,,
2014,184,Khovd,Ховд,5,Goat,Ямаа,15.724,1177.4,1.335485,,
2014,185,Uvs,Увс,0,Total,Бүгд,13.964,2225.1,0.627567,,
2014,185,Uvs,Увс,1,Horse,Адуу,0.709,77,0.920779,,
2014,185,Uvs,Увс,2,Cattle,Үхэр,1.083,122.6,0.883361,,
2014,185,Uvs,Увс,3,Camel,Тэмээ,0.083,17.9,0.463687,,
2014,185,Uvs,Увс,4,Sheep,Хонь,5.152,1081.3,0.476464,,
2014,185,Uvs,Увс,5,Goat,Ямаа,6.937,926.4,0.748813,,
2014,261,Orkhon,Орхон,0,Total,Бүгд,0.631,179,0.352514,,
2014,261,Orkhon,Орхон,1,Horse,Адуу,0.077,11.6,0.663793,,
2014,261,Orkhon,Орхон,2,Cattle,Үхэр,0.109,21.6,0.50463,,
2014,261,Orkhon,Орхон,3,Camel,Тэмээ,0.001,0.2,0.5,,
2014,261,Orkhon,Орхон,4,Sheep,Хонь,0.241,79.9,0.301627,,
2014,261,Orkhon,Орхон,5,Goat,Ямаа,0.203,65.8,0.308511,,
2014,262,Uvurkhangai,Өвөрхангай,0,Total,Бүгд,8.863,3486,0.254246,,
2014,262,Uvurkhangai,Өвөрхангай,1,Horse,Адуу,0.414,205.9,0.201068,,
2014,262,Uvurkhangai,Өвөрхангай,2,Cattle,Үхэр,0.357,144.9,0.246377,,
2014,262,Uvurkhangai,Өвөрхангай,3,Camel,Тэмээ,0.03,19.7,0.152284,,
2014,262,Uvurkhangai,Өвөрхангай,4,Sheep,Хонь,3.423,1541.3,0.222085,,
2014,262,Uvurkhangai,Өвөрхангай,5,Goat,Ямаа,4.639,1574.2,0.294689,,
2014,263,Bulgan,Булган,0,Total,Бүгд,16.271,2757.2,0.590128,,
2014,263,Bulgan,Булган,1,Horse,Адуу,1.714,225.7,0.759415,,
2014,263,Bulgan,Булган,2,Cattle,Үхэр,1.265,221,0.572398,,
2014,263,Bulgan,Булган,3,Camel,Тэмээ,0.002,1.1,0.181818,,
2014,263,Bulgan,Булган,4,Sheep,Хонь,8.33,1449.6,0.574641,,
2014,263,Bulgan,Булган,5,Goat,Ямаа,4.96,859.8,0.576878,,
2014,264,Bayankhongor,Баянхонгор,0,Total,Бүгд,45.746,2987.1,1.531452,,
2014,264,Bayankhongor,Баянхонгор,1,Horse,Адуу,0.868,108,0.803704,,
2014,264,Bayankhongor,Баянхонгор,2,Cattle,Үхэр,1.746,145.7,1.198353,,
2014,264,Bayankhongor,Баянхонгор,3,Camel,Тэмээ,0.177,37.2,0.475806,,
2014,264,Bayankhongor,Баянхонгор,4,Sheep,Хонь,14.028,835.4,1.679196,,
2014,264,Bayankhongor,Баянхонгор,5,Goat,Ямаа,28.927,1860.7,1.55463,,
2014,265,Arkhangai,Архангай,0,Total,Бүгд,94.084,3772.3,2.494075,,
2014,265,Arkhangai,Архангай,1,Horse,Адуу,9.064,268.2,3.379567,,
2014,265,Arkhangai,Архангай,2,Cattle,Үхэр,11.291,427.2,2.643024,,
2014,265,Arkhangai,Архангай,3,Camel,Тэмээ,0.002,1.1,0.181818,,
2014,265,Arkhangai,Архангай,4,Sheep,Хонь,41.49,1944.1,2.134149,,
2014,265,Arkhangai,Архангай,5,Goat,Ямаа,32.237,1131.8,2.848295,,
2014,267,Khuvsgul,Хөвсгөл,0,Total,Бүгд,27.002,3609.2,0.748144,,
2014,267,Khuvsgul,Хөвсгөл,1,Horse,Адуу,1.518,165.5,0.917221,,
2014,267,Khuvsgul,Хөвсгөл,2,Cattle,Үхэр,3.774,316.8,1.191288,,
2014,267,Khuvsgul,Хөвсгөл,3,Camel,Тэмээ,0.025,1.9,1.315789,,
2014,267,Khuvsgul,Хөвсгөл,4,Sheep,Хонь,11.64,1722.8,0.675644,,
2014,267,Khuvsgul,Хөвсгөл,5,Goat,Ямаа,10.045,1402.1,0.716425,,
2014,341,Tuv,Төв,0,Total,Бүгд,21.259,3573,0.59499,,
2014,341,Tuv,Төв,1,Horse,Адуу,1.831,283.6,0.645628,,
2014,341,Tuv,Төв,2,Cattle,Үхэр,2.016,239.4,0.842105,,
2014,341,Tuv,Төв,3,Camel,Тэмээ,0.017,2.7,0.62963,,
2014,341,Tuv,Төв,4,Sheep,Хонь,8.98,1815.9,0.494521,,
2014,341,Tuv,Төв,5,Goat,Ямаа,8.415,1231.3,0.683424,,
2014,342,Govisumber,Говьсүмбэр,0,Total,Бүгд,1.642,272.8,0.601906,,
2014,342,Govisumber,Говьсүмбэр,1,Horse,Адуу,0.049,12.1,0.404959,,
2014,342,Govisumber,Говьсүмбэр,2,Cattle,Үхэр,0.07,7.7,0.909091,,
2014,342,Govisumber,Говьсүмбэр,3,Camel,Тэмээ,0.038,0.8,4.75,,
2014,342,Govisumber,Говьсүмбэр,4,Sheep,Хонь,0.595,121,0.491736,,
2014,342,Govisumber,Говьсүмбэр,5,Goat,Ямаа,0.89,131.2,0.678354,,
2014,343,Selenge,Сэлэнгэ,0,Total,Бүгд,2.995,1314.2,0.227895,,
2014,343,Selenge,Сэлэнгэ,1,Horse,Адуу,0.358,71.5,0.500699,,
2014,343,Selenge,Сэлэнгэ,2,Cattle,Үхэр,0.541,171.5,0.315452,,
2014,343,Selenge,Сэлэнгэ,3,Camel,Тэмээ,0.008,0.5,1.6,,
2014,343,Selenge,Сэлэнгэ,4,Sheep,Хонь,1.133,624.2,0.181512,,
2014,343,Selenge,Сэлэнгэ,5,Goat,Ямаа,0.955,446.6,0.213838,,
2014,344,Dornogovi,Дорноговь,0,Total,Бүгд,7.327,1516.4,0.483184,,
2014,344,Dornogovi,Дорноговь,1,Horse,Адуу,0.379,107,0.354206,,
2014,344,Dornogovi,Дорноговь,2,Cattle,Үхэр,1.205,59.4,2.02862,,
2014,344,Dornogovi,Дорноговь,3,Camel,Тэмээ,0.206,32.9,0.62614,,
2014,344,Dornogovi,Дорноговь,4,Sheep,Хонь,2.533,611.9,0.413957,,
2014,344,Dornogovi,Дорноговь,5,Goat,Ямаа,3.004,705.2,0.425978,,
2014,345,Darkhan-Uul,Дархан-Уул,0,Total,Бүгд,1.645,279.1,0.589394,,
2014,345,Darkhan-Uul,Дархан-Уул,1,Horse,Адуу,0.096,12.8,0.75,,
2014,345,Darkhan-Uul,Дархан-Уул,2,Cattle,Үхэр,0.204,39.2,0.520408,,
2014,345,Darkhan-Uul,Дархан-Уул,3,Camel,Тэмээ,0.021,0.2,10.5,,
2014,345,Darkhan-Uul,Дархан-Уул,4,Sheep,Хонь,0.93,144.9,0.641822,,
2014,345,Darkhan-Uul,Дархан-Уул,5,Goat,Ямаа,0.394,81.9,0.481074,,
2014,346,Umnugovi,Өмнөговь,0,Total,Бүгд,11.128,1653.3,0.673078,,
2014,346,Umnugovi,Өмнөговь,1,Horse,Адуу,0.402,58.2,0.690722,,
2014,346,Umnugovi,Өмнөговь,2,Cattle,Үхэр,0.09,13.4,0.671642,,
2014,346,Umnugovi,Өмнөговь,3,Camel,Тэмээ,0.354,103.1,0.343356,,
2014,346,Umnugovi,Өмнөговь,4,Sheep,Хонь,2.406,350.8,0.685861,,
2014,346,Umnugovi,Өмнөговь,5,Goat,Ямаа,7.876,1127.8,0.698351,,
2014,348,Dundgovi,Дундговь,0,Total,Бүгд,1.822,1996.3,0.091269,,
2014,348,Dundgovi,Дундговь,1,Horse,Адуу,0.06,85,0.070588,,
2014,348,Dundgovi,Дундговь,2,Cattle,Үхэр,0.117,35.6,0.328652,,
2014,348,Dundgovi,Дундговь,3,Camel,Тэмээ,0.024,24.9,0.096386,,
2014,348,Dundgovi,Дундговь,4,Sheep,Хонь,0.869,922.3,0.094221,,
2014,348,Dundgovi,Дундговь,5,Goat,Ямаа,0.752,928.4,0.081,,
2014,421,Dornod,Дорнод,0,Total,Бүгд,8.792,1220.1,0.720597,,
2014,421,Dornod,Дорнод,1,Horse,Адуу,0.548,160.9,0.340584,,
2014,421,Dornod,Дорнод,2,Cattle,Үхэр,0.873,124.7,0.70008,,
2014,421,Dornod,Дорнод,3,Camel,Тэмээ,0.055,4.7,1.170213,,
2014,421,Dornod,Дорнод,4,Sheep,Хонь,4.293,593,0.723946,,
2014,421,Dornod,Дорнод,5,Goat,Ямаа,3.023,336.8,0.897565,,
2014,422,Sukhbaatar,Сүхбаатар,0,Total,Бүгд,10.779,2491.4,0.432648,,
2014,422,Sukhbaatar,Сүхбаатар,1,Horse,Адуу,0.437,203.1,0.215165,,
2014,422,Sukhbaatar,Сүхбаатар,2,Cattle,Үхэр,2.87,172,1.668605,,
2014,422,Sukhbaatar,Сүхбаатар,3,Camel,Тэмээ,0.039,8.9,0.438202,,
2014,422,Sukhbaatar,Сүхбаатар,4,Sheep,Хонь,3.574,1216.6,0.29377,,
2014,422,Sukhbaatar,Сүхбаатар,5,Goat,Ямаа,3.859,890.8,0.433206,,
2014,423,Khentii,Хэнтий,0,Total,Бүгд,32.268,2875.3,1.122248,,
2014,423,Khentii,Хэнтий,1,Horse,Адуу,1.691,195.6,0.864519,,
2014,423,Khentii,Хэнтий,2,Cattle,Үхэр,2.64,207.2,1.274131,,
2014,423,Khentii,Хэнтий,3,Camel,Тэмээ,0.031,3.6,0.861111,,
2014,423,Khentii,Хэнтий,4,Sheep,Хонь,15.07,1408.7,1.069781,,
2014,423,Khentii,Хэнтий,5,Goat,Ямаа,12.836,1060.2,1.210715,,
2014,511,Ulaanbaatar,Улаанбаатар,0,Total,Бүгд,2.128,329.1,0.646612,,
2014,511,Ulaanbaatar,Улаанбаатар,1,Horse,Адуу,0.139,30.2,0.460265,,
2014,511,Ulaanbaatar,Улаанбаатар,2,Cattle,Үхэр,0.433,64.6,0.670279,,
2014,511,Ulaanbaatar,Улаанбаатар,3,Camel,Тэмээ,0.001,0.1,1.0,,
2014,511,Ulaanbaatar,Улаанбаатар,4,Sheep,Хонь,0.722,134.6,0.536404,,
2014,511,Ulaanbaatar,Улаанбаатар,5,Goat,Ямаа,0.833,99.5,0.837186,,
2015,0,Total,Улсын дүн,0,Total,Бүгд,625.603,51982.409,1.20349,,
2015,0,Total,Улсын дүн,1,Horse,Адуу,31.164,2995.752,1.040273,,
2015,0,Total,Улсын дүн,2,Cattle,Үхэр,41.191,3413.818,1.206596,,
2015,0,Total,Улсын дүн,3,Camel,Тэмээ,1.858,349.299,0.531923,,
2015,0,Total,Улсын дүн,4,Sheep,Хонь,269.588,23214.704,1.161281,,
2015,0,Total,Улсын дүн,5,Goat,Ямаа,281.802,22008.836,1.280404,,
2015,181,Zavkhan,Завхан,0,Total,Бүгд,33.634,2895.886,1.161441,,
2015,181,Zavkhan,Завхан,1,Horse,Адуу,1.095,147.4,0.742877,,
2015,181,Zavkhan,Завхан,2,Cattle,Үхэр,0.89,138.892,0.640786,,
2015,181,Zavkhan,Завхан,3,Camel,Тэмээ,0.031,6.558,0.472705,,
2015,181,Zavkhan,Завхан,4,Sheep,Хонь,22.249,1464.423,1.519301,,
2015,181,Zavkhan,Завхан,5,Goat,Ямаа,9.369,1138.613,0.822843,,
2015,182,Govi-Altai,Говь-Алтай,0,Total,Бүгд,16.223,2578.123,0.629256,,
2015,182,Govi-Altai,Говь-Алтай,1,Horse,Адуу,0.516,76.749,0.672321,,
2015,182,Govi-Altai,Говь-Алтай,2,Cattle,Үхэр,0.488,49.351,0.988835,,
2015,182,Govi-Altai,Говь-Алтай,3,Camel,Тэмээ,0.246,32.76,0.750916,,
2015,182,Govi-Altai,Говь-Алтай,4,Sheep,Хонь,4.764,798.248,0.596807,,
2015,182,Govi-Altai,Говь-Алтай,5,Goat,Ямаа,10.209,1621.015,0.629791,,
2015,183,Bayan-Ulgii,Баян-Өлгий,0,Total,Бүгд,5.519,1883.61,0.293001,,
2015,183,Bayan-Ulgii,Баян-Өлгий,1,Horse,Адуу,0.44,69.562,0.632529,,
2015,183,Bayan-Ulgii,Баян-Өлгий,2,Cattle,Үхэр,0.735,127.443,0.576728,,
2015,183,Bayan-Ulgii,Баян-Өлгий,3,Camel,Тэмээ,0.035,4.671,0.749304,,
2015,183,Bayan-Ulgii,Баян-Өлгий,4,Sheep,Хонь,1.808,799.861,0.226039,,
2015,183,Bayan-Ulgii,Баян-Өлгий,5,Goat,Ямаа,2.501,882.073,0.283537,,
2015,184,Khovd,Ховд,0,Total,Бүгд,17.242,2625.577,0.656694,,
2015,184,Khovd,Ховд,1,Horse,Адуу,1.083,96.261,1.125066,,
2015,184,Khovd,Ховд,2,Cattle,Үхэр,1.329,138.155,0.961963,,
2015,184,Khovd,Ховд,3,Camel,Тэмээ,0.141,20.628,0.683537,,
2015,184,Khovd,Ховд,4,Sheep,Хонь,6.301,995.053,0.633233,,
2015,184,Khovd,Ховд,5,Goat,Ямаа,8.388,1375.48,0.609823,,
2015,185,Uvs,Увс,0,Total,Бүгд,17.965,2561.315,0.701398,,
2015,185,Uvs,Увс,1,Horse,Адуу,0.852,88.408,0.963714,,
2015,185,Uvs,Увс,2,Cattle,Үхэр,1.607,145.44,1.104923,,
2015,185,Uvs,Увс,3,Camel,Тэмээ,0.114,19.511,0.584286,,
2015,185,Uvs,Увс,4,Sheep,Хонь,7.758,1260.522,0.615459,,
2015,185,Uvs,Увс,5,Goat,Ямаа,7.634,1047.434,0.728829,,
2015,261,Orkhon,Орхон,0,Total,Бүгд,0.827,123.202,0.671255,,
2015,261,Orkhon,Орхон,1,Horse,Адуу,0.074,9.127,0.810781,,
2015,261,Orkhon,Орхон,2,Cattle,Үхэр,0.208,18.177,1.144303,,
2015,261,Orkhon,Орхон,3,Camel,Тэмээ,0,0.061,0.0,,
2015,261,Orkhon,Орхон,4,Sheep,Хонь,0.258,51.233,0.503582,,
2015,261,Orkhon,Орхон,5,Goat,Ямаа,0.287,44.604,0.64344,,
2015,262,Uvurkhangai,Өвөрхангай,0,Total,Бүгд,64.646,4111.515,1.572316,,
2015,262,Uvurkhangai,Өвөрхангай,1,Horse,Адуу,2.831,246.943,1.146418,,
2015,262,Uvurkhangai,Өвөрхангай,2,Cattle,Үхэр,1.477,183.259,0.805963,,
2015,262,Uvurkhangai,Өвөрхангай,3,Camel,Тэмээ,0.185,21.97,0.842057,,
2015,262,Uvurkhangai,Өвөрхангай,4,Sheep,Хонь,25.521,1821.056,1.40144,,
2015,262,Uvurkhangai,Өвөрхангай,5,Goat,Ямаа,34.632,1838.287,1.883928,,
2015,263,Bulgan,Булган,0,Total,Бүгд,72.482,3132.786,2.313659,,
2015,263,Bulgan,Булган,1,Horse,Адуу,4.502,253.352,1.776974,,
2015,263,Bulgan,Булган,2,Cattle,Үхэр,4.076,259.264,1.572143,,
2015,263,Bulgan,Булган,3,Camel,Тэмээ,0.008,1.24,0.645161,,
2015,263,Bulgan,Булган,4,Sheep,Хонь,37.941,1648.781,2.301155,,
2015,263,Bulgan,Булган,5,Goat,Ямаа,25.955,970.149,2.675362,,
2015,264,Bayankhongor,Баянхонгор,0,Total,Бүгд,63.218,3465.864,1.824018,,
2015,264,Bayankhongor,Баянхонгор,1,Horse,Адуу,1.186,126.311,0.938952,,
2015,264,Bayankhongor,Баянхонгор,2,Cattle,Үхэр,2.338,170.767,1.369117,,
2015,264,Bayankhongor,Баянхонгор,3,Camel,Тэмээ,0.144,41.668,0.345589,,
2015,264,Bayankhongor,Баянхонгор,4,Sheep,Хонь,11.125,989.016,1.124855,,
2015,264,Bayankhongor,Баянхонгор,5,Goat,Ямаа,48.425,2138.102,2.264859,,
2015,265,Arkhangai,Архангай,0,Total,Бүгд,100.341,4293.042,2.337294,,
2015,265,Arkhangai,Архангай,1,Horse,Адуу,6.627,303.929,2.180443,,
2015,265,Arkhangai,Архангай,2,Cattle,Үхэр,10.511,502.536,2.091591,,
2015,265,Arkhangai,Архангай,3,Camel,Тэмээ,0.002,1.205,0.165975,,
2015,265,Arkhangai,Архангай,4,Sheep,Хонь,52.35,2229.418,2.348146,,
2015,265,Arkhangai,Архангай,5,Goat,Ямаа,30.851,1255.954,2.45638,,
2015,267,Khuvsgul,Хөвсгөл,0,Total,Бүгд,54.818,4157.223,1.318621,,
2015,267,Khuvsgul,Хөвсгөл,1,Horse,Адуу,2.693,183.343,1.468832,,
2015,267,Khuvsgul,Хөвсгөл,2,Cattle,Үхэр,4.41,355.375,1.240943,,
2015,267,Khuvsgul,Хөвсгөл,3,Camel,Тэмээ,0.021,1.945,1.079692,,
2015,267,Khuvsgul,Хөвсгөл,4,Sheep,Хонь,24.428,1997.118,1.223163,,
2015,267,Khuvsgul,Хөвсгөл,5,Goat,Ямаа,23.266,1619.442,1.436668,,
2015,341,Tuv,Төв,0,Total,Бүгд,61.33,4181.51,1.466695,,
2015,341,Tuv,Төв,1,Horse,Адуу,2.962,330.971,0.894942,,
2015,341,Tuv,Төв,2,Cattle,Үхэр,4.721,289.364,1.631509,,
2015,341,Tuv,Төв,3,Camel,Тэмээ,0.028,2.912,0.961538,,
2015,341,Tuv,Төв,4,Sheep,Хонь,29.014,2125.718,1.364904,,
2015,341,Tuv,Төв,5,Goat,Ямаа,24.605,1432.545,1.717573,,
2015,342,Govisumber,Говьсүмбэр,0,Total,Бүгд,1.987,339.438,0.585379,,
2015,342,Govisumber,Говьсүмбэр,1,Horse,Адуу,0.058,14.968,0.387493,,
2015,342,Govisumber,Говьсүмбэр,2,Cattle,Үхэр,0.077,10.358,0.743387,,
2015,342,Govisumber,Говьсүмбэр,3,Camel,Тэмээ,0.007,0.872,0.802752,,
2015,342,Govisumber,Говьсүмбэр,4,Sheep,Хонь,0.858,152.26,0.56351,,
2015,342,Govisumber,Говьсүмбэр,5,Goat,Ямаа,0.987,160.98,0.61312,,
2015,343,Selenge,Сэлэнгэ,0,Total,Бүгд,8.235,1471.684,0.559563,,
2015,343,Selenge,Сэлэнгэ,1,Horse,Адуу,0.459,79.762,0.575462,,
2015,343,Selenge,Сэлэнгэ,2,Cattle,Үхэр,1.765,196.59,0.897808,,
2015,343,Selenge,Сэлэнгэ,3,Camel,Тэмээ,0,0.506,0.0,,
2015,343,Selenge,Сэлэнгэ,4,Sheep,Хонь,3.308,698.895,0.473319,,
2015,343,Selenge,Сэлэнгэ,5,Goat,Ямаа,2.703,495.931,0.545035,,
2015,344,Dornogovi,Дорноговь,0,Total,Бүгд,14.447,1686.793,0.856477,,
2015,344,Dornogovi,Дорноговь,1,Horse,Адуу,0.489,120.832,0.404694,,
2015,344,Dornogovi,Дорноговь,2,Cattle,Үхэр,0.582,65.436,0.889419,,
2015,344,Dornogovi,Дорноговь,3,Camel,Тэмээ,0.228,34.792,0.655323,,
2015,344,Dornogovi,Дорноговь,4,Sheep,Хонь,5.439,690.742,0.787414,,
2015,344,Dornogovi,Дорноговь,5,Goat,Ямаа,7.709,774.991,0.994721,,
2015,345,Darkhan-Uul,Дархан-Уул,0,Total,Бүгд,3.724,324.241,1.148528,,
2015,345,Darkhan-Uul,Дархан-Уул,1,Horse,Адуу,0.141,14.173,0.994849,,
2015,345,Darkhan-Uul,Дархан-Уул,2,Cattle,Үхэр,0.62,46.601,1.330444,,
2015,345,Darkhan-Uul,Дархан-Уул,3,Camel,Тэмээ,0.002,0.089,2.247191,,
2015,345,Darkhan-Uul,Дархан-Уул,4,Sheep,Хонь,1.843,167.617,1.09953,,
2015,345,Darkhan-Uul,Дархан-Уул,5,Goat,Ямаа,1.118,95.761,1.16749,,
2015,346,Umnugovi,Өмнөговь,0,Total,Бүгд,17.326,1849.043,0.937025,,
2015,346,Umnugovi,Өмнөговь,1,Horse,Адуу,0.582,66.345,0.877233,,
2015,346,Umnugovi,Өмнөговь,2,Cattle,Үхэр,0.109,16.085,0.67765,,
2015,346,Umnugovi,Өмнөговь,3,Camel,Тэмээ,0.481,112.741,0.426642,,
2015,346,Umnugovi,Өмнөговь,4,Sheep,Хонь,2.677,397.6,0.67329,,
2015,346,Umnugovi,Өмнөговь,5,Goat,Ямаа,13.477,1256.272,1.072777,,
2015,348,Dundgovi,Дундговь,0,Total,Бүгд,3.8,2435.739,0.15601,,
2015,348,Dundgovi,Дундговь,1,Horse,Адуу,0.159,105.145,0.15122,,
2015,348,Dundgovi,Дундговь,2,Cattle,Үхэр,0.158,45.926,0.344032,,
2015,348,Dundgovi,Дундговь,3,Camel,Тэмээ,0.063,28.03,0.224759,,
2015,348,Dundgovi,Дундговь,4,Sheep,Хонь,1.382,1114.848,0.123963,,
2015,348,Dundgovi,Дундговь,5,Goat,Ямаа,2.038,1141.79,0.178492,,
2015,421,Dornod,Дорнод,0,Total,Бүгд,7.133,1393.447,0.511896,,
2015,421,Dornod,Дорнод,1,Horse,Адуу,0.574,176.507,0.3252,,
2015,421,Dornod,Дорнод,2,Cattle,Үхэр,0.666,142.503,0.467359,,
2015,421,Dornod,Дорнод,3,Camel,Тэмээ,0.025,4.635,0.539374,,
2015,421,Dornod,Дорнод,4,Sheep,Хонь,3.083,673.347,0.457862,,
2015,421,Dornod,Дорнод,5,Goat,Ямаа,2.785,396.455,0.702476,,
2015,422,Sukhbaatar,Сүхбаатар,0,Total,Бүгд,15.094,2818.181,0.535594,,
2015,422,Sukhbaatar,Сүхбаатар,1,Horse,Адуу,1.25,231.248,0.540545,,
2015,422,Sukhbaatar,Сүхбаатар,2,Cattle,Үхэр,0.985,195.893,0.502826,,
2015,422,Sukhbaatar,Сүхбаатар,3,Camel,Тэмээ,0.082,8.571,0.956715,,
2015,422,Sukhbaatar,Сүхбаатар,4,Sheep,Хонь,6.115,1380.781,0.442865,,
2015,422,Sukhbaatar,Сүхбаатар,5,Goat,Ямаа,6.662,1001.688,0.665077,,
2015,423,Khentii,Хэнтий,0,Total,Бүгд,42.874,3268.826,1.311602,,
2015,423,Khentii,Хэнтий,1,Horse,Адуу,2.35,220.552,1.065508,,
2015,423,Khentii,Хэнтий,2,Cattle,Үхэр,2.778,239.833,1.158306,,
2015,423,Khentii,Хэнтий,3,Camel,Тэмээ,0.015,3.78,0.396825,,
2015,423,Khentii,Хэнтий,4,Sheep,Хонь,20.497,1599.314,1.281612,,
2015,423,Khentii,Хэнтий,5,Goat,Ямаа,17.234,1205.347,1.429796,,
2015,511,Ulaanbaatar,Улаанбаатар,0,Total,Бүгд,2.738,385.364,0.710497,,
2015,511,Ulaanbaatar,Улаанбаатар,1,Horse,Адуу,0.241,33.864,0.71167,,
2015,511,Ulaanbaatar,Улаанбаатар,2,Cattle,Үхэр,0.661,76.57,0.863262,,
2015,511,Ulaanbaatar,Улаанбаатар,3,Camel,Тэмээ,0,0.154,0.0,,
2015,511,Ulaanbaatar,Улаанбаатар,4,Sheep,Хонь,0.869,158.853,0.547047,,
2015,511,Ulaanbaatar,Улаанбаатар,5,Goat,Ямаа,0.967,115.923,0.834174,,
2016,0,Total,Улсын дүн,0,Total,Бүгд,1452.148,55979.692,2.594062,,
2016,0,Total,Улсын дүн,1,Horse,Адуу,64.115,3295.334,1.94563,,
2016,0,Total,Улсын дүн,2,Cattle,Үхэр,136.715,3780.362,3.616453,,
2016,0,Total,Улсын дүн,3,Camel,Тэмээ,1.553,367.994,0.422018,,
2016,0,Total,Улсын дүн,4,Sheep,Хонь,551.567,24943.098,2.211301,,
2016,0,Total,Улсын дүн,5,Goat,Ямаа,698.198,23592.904,2.959356,,
2016,181,Zavkhan,Завхан,0,Total,Бүгд,131.224,3133.018,4.188422,,
2016,181,Zavkhan,Завхан,1,Horse,Адуу,2.61,163.112,1.600128,,
2016,181,Zavkhan,Завхан,2,Cattle,Үхэр,8.204,158.86,5.164296,,
2016,181,Zavkhan,Завхан,3,Camel,Тэмээ,0.018,6.72,0.267857,,
2016,181,Zavkhan,Завхан,4,Sheep,Хонь,56.217,1562.653,3.597536,,
2016,181,Zavkhan,Завхан,5,Goat,Ямаа,64.175,1241.673,5.16843,,
2016,182,Govi-Altai,Говь-Алтай,0,Total,Бүгд,35.131,2922.571,1.202058,,
2016,182,Govi-Altai,Говь-Алтай,1,Horse,Адуу,0.641,88.369,0.725367,,
2016,182,Govi-Altai,Говь-Алтай,2,Cattle,Үхэр,0.915,58.822,1.55554,,
2016,182,Govi-Altai,Говь-Алтай,3,Camel,Тэмээ,0.187,34.742,0.538253,,
2016,182,Govi-Altai,Говь-Алтай,4,Sheep,Хонь,8.28,909.312,0.910579,,
2016,182,Govi-Altai,Говь-Алтай,5,Goat,Ямаа,25.108,1831.326,1.371028,,
2016,183,Bayan-Ulgii,Баян-Өлгий,0,Total,Бүгд,30.853,2021.046,1.526586,,
2016,183,Bayan-Ulgii,Баян-Өлгий,1,Horse,Адуу,1.338,77.291,1.73112,,
2016,183,Bayan-Ulgii,Баян-Өлгий,2,Cattle,Үхэр,3.167,144.761,2.187744,,
2016,183,Bayan-Ulgii,Баян-Өлгий,3,Camel,Тэмээ,0.055,4.717,1.165995,,
2016,183,Bayan-Ulgii,Баян-Өлгий,4,Sheep,Хонь,10.26,850.62,1.206179,,
2016,183,Bayan-Ulgii,Баян-Өлгий,5,Goat,Ямаа,16.033,943.657,1.699028,,
2016,184,Khovd,Ховд,0,Total,Бүгд,57.078,2905.441,1.964521,,
2016,184,Khovd,Ховд,1,Horse,Адуу,1.493,107.594,1.387624,,
2016,184,Khovd,Ховд,2,Cattle,Үхэр,2.017,156.096,1.292154,,
2016,184,Khovd,Ховд,3,Camel,Тэмээ,0.109,21.836,0.499176,,
2016,184,Khovd,Ховд,4,Sheep,Хонь,16.225,1098.929,1.476438,,
2016,184,Khovd,Ховд,5,Goat,Ямаа,37.234,1520.986,2.448017,,
2016,185,Uvs,Увс,0,Total,Бүгд,198.052,2729.106,7.257028,,
2016,185,Uvs,Увс,1,Horse,Адуу,3.665,98.036,3.738423,,
2016,185,Uvs,Увс,2,Cattle,Үхэр,10.558,156.818,6.732645,,
2016,185,Uvs,Увс,3,Camel,Тэмээ,0.221,20.538,1.076054,,
2016,185,Uvs,Увс,4,Sheep,Хонь,86.991,1337.011,6.506379,,
2016,185,Uvs,Увс,5,Goat,Ямаа,96.617,1116.703,8.651987,,
2016,261,Orkhon,Орхон,0,Total,Бүгд,0.528,119.75,0.440919,,
2016,261,Orkhon,Орхон,1,Horse,Адуу,0.079,9.127,0.865564,,
2016,261,Orkhon,Орхон,2,Cattle,Үхэр,0.148,19.188,0.771315,,
2016,261,Orkhon,Орхон,3,Camel,Тэмээ,0,0.021,0.0,,
2016,261,Orkhon,Орхон,4,Sheep,Хонь,0.182,48.11,0.3783,,
2016,261,Orkhon,Орхон,5,Goat,Ямаа,0.119,43.304,0.274801,,
2016,262,Uvurkhangai,Өвөрхангай,0,Total,Бүгд,37.833,4510.986,0.838686,,
2016,262,Uvurkhangai,Өвөрхангай,1,Horse,Адуу,2.004,280.197,0.715211,,
2016,262,Uvurkhangai,Өвөрхангай,2,Cattle,Үхэр,1.61,217.599,0.739893,,
2016,262,Uvurkhangai,Өвөрхангай,3,Camel,Тэмээ,0.017,23.128,0.073504,,
2016,262,Uvurkhangai,Өвөрхангай,4,Sheep,Хонь,15.305,2021.762,0.757013,,
2016,262,Uvurkhangai,Өвөрхангай,5,Goat,Ямаа,18.897,1968.3,0.960067,,
2016,263,Bulgan,Булган,0,Total,Бүгд,58.212,3223.822,1.805683,,
2016,263,Bulgan,Булган,1,Horse,Адуу,5.24,264.274,1.982791,,
2016,263,Bulgan,Булган,2,Cattle,Үхэр,6.87,281.576,2.439839,,
2016,263,Bulgan,Булган,3,Camel,Тэмээ,0.006,1.22,0.491803,,
2016,263,Bulgan,Булган,4,Sheep,Хонь,26.603,1697.841,1.566872,,
2016,263,Bulgan,Булган,5,Goat,Ямаа,19.493,978.911,1.991294,,
2016,264,Bayankhongor,Баянхонгор,0,Total,Бүгд,120.508,3771.867,3.194916,,
2016,264,Bayankhongor,Баянхонгор,1,Horse,Адуу,2.13,141.338,1.507026,,
2016,264,Bayankhongor,Баянхонгор,2,Cattle,Үхэр,8.625,189.019,4.563033,,
2016,264,Bayankhongor,Баянхонгор,3,Camel,Тэмээ,0.147,44.496,0.330367,,
2016,264,Bayankhongor,Баянхонгор,4,Sheep,Хонь,33.501,1082.565,3.094595,,
2016,264,Bayankhongor,Баянхонгор,5,Goat,Ямаа,76.105,2314.449,3.288256,,
2016,265,Arkhangai,Архангай,0,Total,Бүгд,147.394,4456.993,3.307028,,
2016,265,Arkhangai,Архангай,1,Horse,Адуу,8.32,324.152,2.566697,,
2016,265,Arkhangai,Архангай,2,Cattle,Үхэр,42.645,544.199,7.836288,,
2016,265,Arkhangai,Архангай,3,Camel,Тэмээ,0.01,1.079,0.926784,,
2016,265,Arkhangai,Архангай,4,Sheep,Хонь,61.986,2316.992,2.675279,,
2016,265,Arkhangai,Архангай,5,Goat,Ямаа,34.433,1270.571,2.710041,,
2016,267,Khuvsgul,Хөвсгөл,0,Total,Бүгд,42.604,4398.064,0.968699,,
2016,267,Khuvsgul,Хөвсгөл,1,Horse,Адуу,2.104,195.671,1.075274,,
2016,267,Khuvsgul,Хөвсгөл,2,Cattle,Үхэр,5.774,392.028,1.472854,,
2016,267,Khuvsgul,Хөвсгөл,3,Camel,Тэмээ,0.024,1.995,1.203008,,
2016,267,Khuvsgul,Хөвсгөл,4,Sheep,Хонь,17.814,2123.735,0.838805,,
2016,267,Khuvsgul,Хөвсгөл,5,Goat,Ямаа,16.888,1684.635,1.002472,,
2016,341,Tuv,Төв,0,Total,Бүгд,121.633,4458.608,2.728049,,
2016,341,Tuv,Төв,1,Horse,Адуу,8.651,360.803,2.397707,,
2016,341,Tuv,Төв,2,Cattle,Үхэр,13.085,316.071,4.139893,,
2016,341,Tuv,Төв,3,Camel,Тэмээ,0.032,3.133,1.021385,,
2016,341,Tuv,Төв,4,Sheep,Хонь,49.549,2271.185,2.181636,,
2016,341,Tuv,Төв,5,Goat,Ямаа,50.316,1507.416,3.337897,,
2016,342,Govisumber,Говьсүмбэр,0,Total,Бүгд,14.686,379.477,3.870063,,
2016,342,Govisumber,Говьсүмбэр,1,Horse,Адуу,0.397,18.149,2.187448,,
2016,342,Govisumber,Говьсүмбэр,2,Cattle,Үхэр,0.505,12.39,4.075868,,
2016,342,Govisumber,Говьсүмбэр,3,Camel,Тэмээ,0.006,0.869,0.690449,,
2016,342,Govisumber,Говьсүмбэр,4,Sheep,Хонь,5.078,169.09,3.003134,,
2016,342,Govisumber,Говьсүмбэр,5,Goat,Ямаа,8.7,178.979,4.860905,,
2016,343,Selenge,Сэлэнгэ,0,Total,Бүгд,3.347,1458.74,0.229445,,
2016,343,Selenge,Сэлэнгэ,1,Horse,Адуу,0.28,82.183,0.340703,,
2016,343,Selenge,Сэлэнгэ,2,Cattle,Үхэр,0.761,207.834,0.366158,,
2016,343,Selenge,Сэлэнгэ,3,Camel,Тэмээ,0.002,0.484,0.413223,,
2016,343,Selenge,Сэлэнгэ,4,Sheep,Хонь,1.269,686.921,0.184737,,
2016,343,Selenge,Сэлэнгэ,5,Goat,Ямаа,1.035,481.318,0.215035,,
2016,344,Dornogovi,Дорноговь,0,Total,Бүгд,117.989,1801.178,6.550657,,
2016,344,Dornogovi,Дорноговь,1,Horse,Адуу,11.334,131.591,8.613051,,
2016,344,Dornogovi,Дорноговь,2,Cattle,Үхэр,7.424,69.877,10.624383,,
2016,344,Dornogovi,Дорноговь,3,Camel,Тэмээ,0.308,36.082,0.853611,,
2016,344,Dornogovi,Дорноговь,4,Sheep,Хонь,38.635,751.388,5.141818,,
2016,344,Dornogovi,Дорноговь,5,Goat,Ямаа,60.288,812.24,7.422437,,
2016,345,Darkhan-Uul,Дархан-Уул,0,Total,Бүгд,1.617,288.363,0.560752,,
2016,345,Darkhan-Uul,Дархан-Уул,1,Horse,Адуу,0.089,14.726,0.604373,,
2016,345,Darkhan-Uul,Дархан-Уул,2,Cattle,Үхэр,0.34,46.933,0.724437,,
2016,345,Darkhan-Uul,Дархан-Уул,3,Camel,Тэмээ,0.005,0.073,6.849315,,
2016,345,Darkhan-Uul,Дархан-Уул,4,Sheep,Хонь,0.825,143.597,0.574525,,
2016,345,Darkhan-Uul,Дархан-Уул,5,Goat,Ямаа,0.358,83.034,0.431149,,
2016,346,Umnugovi,Өмнөговь,0,Total,Бүгд,10.089,2055.765,0.490766,,
2016,346,Umnugovi,Өмнөговь,1,Horse,Адуу,0.228,74.17,0.307402,,
2016,346,Umnugovi,Өмнөговь,2,Cattle,Үхэр,0.129,18.653,0.691578,,
2016,346,Umnugovi,Өмнөговь,3,Camel,Тэмээ,0.244,118.584,0.205761,,
2016,346,Umnugovi,Өмнөговь,4,Sheep,Хонь,2.31,447.008,0.516769,,
2016,346,Umnugovi,Өмнөговь,5,Goat,Ямаа,7.178,1397.35,0.513687,,
2016,348,Dundgovi,Дундговь,0,Total,Бүгд,69.724,2764.372,2.522237,,
2016,348,Dundgovi,Дундговь,1,Horse,Адуу,2.425,123.694,1.960483,,
2016,348,Dundgovi,Дундговь,2,Cattle,Үхэр,2.078,54.948,3.781757,,
2016,348,Dundgovi,Дундговь,3,Camel,Тэмээ,0.056,30.779,0.181942,,
2016,348,Dundgovi,Дундговь,4,Sheep,Хонь,20.67,1266.234,1.6324,,
2016,348,Dundgovi,Дундговь,5,Goat,Ямаа,44.495,1288.717,3.452659,,
2016,421,Dornod,Дорнод,0,Total,Бүгд,13.615,1555.425,0.875323,,
2016,421,Dornod,Дорнод,1,Horse,Адуу,0.457,196.537,0.232526,,
2016,421,Dornod,Дорнод,2,Cattle,Үхэр,1.293,163.65,0.790101,,
2016,421,Dornod,Дорнод,3,Camel,Тэмээ,0.012,4.908,0.244499,,
2016,421,Dornod,Дорнод,4,Sheep,Хонь,5.972,745.322,0.801264,,
2016,421,Dornod,Дорнод,5,Goat,Ямаа,5.881,445.008,1.321549,,
2016,422,Sukhbaatar,Сүхбаатар,0,Total,Бүгд,185.646,3070.254,6.046601,,
2016,422,Sukhbaatar,Сүхбаатар,1,Horse,Адуу,8.554,259.59,3.295196,,
2016,422,Sukhbaatar,Сүхбаатар,2,Cattle,Үхэр,15.201,214.478,7.08744,,
2016,422,Sukhbaatar,Сүхбаатар,3,Camel,Тэмээ,0.071,8.309,0.854495,,
2016,422,Sukhbaatar,Сүхбаатар,4,Sheep,Хонь,69.746,1511.835,4.613334,,
2016,422,Sukhbaatar,Сүхбаатар,5,Goat,Ямаа,92.074,1076.042,8.556729,,
2016,423,Khentii,Хэнтий,0,Total,Бүгд,47.972,3551.191,1.350871,,
2016,423,Khentii,Хэнтий,1,Horse,Адуу,1.755,247.995,0.707676,,
2016,423,Khentii,Хэнтий,2,Cattle,Үхэр,3.492,270.556,1.290675,,
2016,423,Khentii,Хэнтий,3,Camel,Тэмээ,0.023,4.048,0.568182,,
2016,423,Khentii,Хэнтий,4,Sheep,Хонь,21.62,1738.666,1.243482,,
2016,423,Khentii,Хэнтий,5,Goat,Ямаа,21.082,1289.926,1.634357,,
2016,511,Ulaanbaatar,Улаанбаатар,0,Total,Бүгд,6.413,403.655,1.588733,,
2016,511,Ulaanbaatar,Улаанбаатар,1,Horse,Адуу,0.321,36.735,0.873826,,
2016,511,Ulaanbaatar,Улаанбаатар,2,Cattle,Үхэр,1.874,86.006,2.178918,,
2016,511,Ulaanbaatar,Улаанбаатар,3,Camel,Тэмээ,0,0.233,0.0,,
2016,511,Ulaanbaatar,Улаанбаатар,4,Sheep,Хонь,2.529,162.322,1.558014,,
2016,511,Ulaanbaatar,Улаанбаатар,5,Goat,Ямаа,1.689,118.359,1.427014,,
2017,0,Total,Улсын дүн,0,Total,Бүгд,888.014,61549.236,1.44277,,
2017,0,Total,Улсын дүн,1,Horse,Адуу,43.856,3635.489,1.20633,,
2017,0,Total,Улсын дүн,2,Cattle,Үхэр,94.408,4080.936,2.313391,,
2017,0,Total,Улсын дүн,3,Camel,Тэмээ,1.066,401.347,0.265606,,
2017,0,Total,Улсын дүн,4,Sheep,Хонь,407.58,27856.603,1.463136,,
2017,0,Total,Улсын дүн,5,Goat,Ямаа,341.104,25574.861,1.333747,,
2017,181,Zavkhan,Завхан,0,Total,Бүгд,40.599,3406.207,1.191912,,
2017,181,Zavkhan,Завхан,1,Horse,Адуу,1.679,186.18,0.901815,,
2017,181,Zavkhan,Завхан,2,Cattle,Үхэр,2.697,172.359,1.564757,,
2017,181,Zavkhan,Завхан,3,Camel,Тэмээ,0.01,6.924,0.144425,,
2017,181,Zavkhan,Завхан,4,Sheep,Хонь,20.871,1730.203,1.206275,,
2017,181,Zavkhan,Завхан,5,Goat,Ямаа,15.342,1310.541,1.170662,,
2017,182,Govi-Altai,Говь-Алтай,0,Total,Бүгд,10.9,3497.492,0.311652,,
2017,182,Govi-Altai,Говь-Алтай,1,Horse,Адуу,0.311,106.843,0.291081,,
2017,182,Govi-Altai,Говь-Алтай,2,Cattle,Үхэр,0.286,71.058,0.402488,,
2017,182,Govi-Altai,Говь-Алтай,3,Camel,Тэмээ,0.087,38.54,0.225739,,
2017,182,Govi-Altai,Говь-Алтай,4,Sheep,Хонь,3.279,1107.114,0.296175,,
2017,182,Govi-Altai,Говь-Алтай,5,Goat,Ямаа,6.937,2173.937,0.319098,,
2017,183,Bayan-Ulgii,Баян-Өлгий,0,Total,Бүгд,17.8,2167.351,0.821279,,
2017,183,Bayan-Ulgii,Баян-Өлгий,1,Horse,Адуу,0.8,85.779,0.932629,,
2017,183,Bayan-Ulgii,Баян-Өлгий,2,Cattle,Үхэр,1.718,155.615,1.104007,,
2017,183,Bayan-Ulgii,Баян-Өлгий,3,Camel,Тэмээ,0.034,4.933,0.689236,,
2017,183,Bayan-Ulgii,Баян-Өлгий,4,Sheep,Хонь,4.594,937.71,0.489917,,
2017,183,Bayan-Ulgii,Баян-Өлгий,5,Goat,Ямаа,10.654,983.314,1.083479,,
2017,184,Khovd,Ховд,0,Total,Бүгд,30.323,3280.64,0.924301,,
2017,184,Khovd,Ховд,1,Horse,Адуу,1.345,122.693,1.096232,,
2017,184,Khovd,Ховд,2,Cattle,Үхэр,2.147,182.142,1.178751,,
2017,184,Khovd,Ховд,3,Camel,Тэмээ,0.155,23.906,0.648373,,
2017,184,Khovd,Ховд,4,Sheep,Хонь,10.888,1266.041,0.860004,,
2017,184,Khovd,Ховд,5,Goat,Ямаа,15.788,1685.858,0.936496,,
2017,185,Uvs,Увс,0,Total,Бүгд,30.578,2784.14,1.098292,,
2017,185,Uvs,Увс,1,Horse,Адуу,1.178,105.671,1.114781,,
2017,185,Uvs,Увс,2,Cattle,Үхэр,2.502,161.046,1.553593,,
2017,185,Uvs,Увс,3,Camel,Тэмээ,0.117,21.909,0.534027,,
2017,185,Uvs,Увс,4,Sheep,Хонь,13.612,1376.483,0.988897,,
2017,185,Uvs,Увс,5,Goat,Ямаа,13.169,1119.031,1.176822,,
2017,261,Orkhon,Орхон,0,Total,Бүгд,5.396,134.204,4.020745,,
2017,261,Orkhon,Орхон,1,Horse,Адуу,0.287,11.335,2.531981,,
2017,261,Orkhon,Орхон,2,Cattle,Үхэр,0.807,21.603,3.735592,,
2017,261,Orkhon,Орхон,3,Camel,Тэмээ,0,0.038,0.0,,
2017,261,Orkhon,Орхон,4,Sheep,Хонь,2.558,52.652,4.858315,,
2017,261,Orkhon,Орхон,5,Goat,Ямаа,1.744,48.576,3.59025,,
2017,262,Uvurkhangai,Өвөрхангай,0,Total,Бүгд,29.315,5208.582,0.562821,,
2017,262,Uvurkhangai,Өвөрхангай,1,Horse,Адуу,0.841,323.363,0.260079,,
2017,262,Uvurkhangai,Өвөрхангай,2,Cattle,Үхэр,0.862,259.939,0.331616,,
2017,262,Uvurkhangai,Өвөрхангай,3,Camel,Тэмээ,0.054,26.251,0.205706,,
2017,262,Uvurkhangai,Өвөрхангай,4,Sheep,Хонь,10.938,2378.488,0.459872,,
2017,262,Uvurkhangai,Өвөрхангай,5,Goat,Ямаа,16.62,2220.541,0.748466,,
2017,263,Bulgan,Булган,0,Total,Бүгд,85.437,3485.606,2.451138,,
2017,263,Bulgan,Булган,1,Horse,Адуу,9.015,274.269,3.286919,,
2017,263,Bulgan,Булган,2,Cattle,Үхэр,10.011,293.602,3.409718,,
2017,263,Bulgan,Булган,3,Camel,Тэмээ,0.008,1.305,0.613027,,
2017,263,Bulgan,Булган,4,Sheep,Хонь,41.14,1861.27,2.210319,,
2017,263,Bulgan,Булган,5,Goat,Ямаа,25.263,1055.16,2.394234,,
2017,264,Bayankhongor,Баянхонгор,0,Total,Бүгд,22.402,4236.321,0.528808,,
2017,264,Bayankhongor,Баянхонгор,1,Horse,Адуу,0.922,159.143,0.579353,,
2017,264,Bayankhongor,Баянхонгор,2,Cattle,Үхэр,2.342,213.809,1.09537,,
2017,264,Bayankhongor,Баянхонгор,3,Camel,Тэмээ,0.055,49.66,0.110753,,
2017,264,Bayankhongor,Баянхонгор,4,Sheep,Хонь,6.445,1244.588,0.517842,,
2017,264,Bayankhongor,Баянхонгор,5,Goat,Ямаа,12.638,2569.121,0.491919,,
2017,265,Arkhangai,Архангай,0,Total,Бүгд,129.47,5009.636,2.584419,,
2017,265,Arkhangai,Архангай,1,Horse,Адуу,7.581,356.839,2.124488,,
2017,265,Arkhangai,Архангай,2,Cattle,Үхэр,14.098,581.226,2.425563,,
2017,265,Arkhangai,Архангай,3,Camel,Тэмээ,0.006,1.247,0.481155,,
2017,265,Arkhangai,Архангай,4,Sheep,Хонь,65.422,2668.041,2.452061,,
2017,265,Arkhangai,Архангай,5,Goat,Ямаа,42.363,1402.283,3.021002,,
2017,267,Khuvsgul,Хөвсгөл,0,Total,Бүгд,200.261,5089.386,3.934875,,
2017,267,Khuvsgul,Хөвсгөл,1,Horse,Адуу,5.235,223.397,2.343362,,
2017,267,Khuvsgul,Хөвсгөл,2,Cattle,Үхэр,17.255,436.645,3.951723,,
2017,267,Khuvsgul,Хөвсгөл,3,Camel,Тэмээ,0.043,2.097,2.050548,,
2017,267,Khuvsgul,Хөвсгөл,4,Sheep,Хонь,99.831,2489.295,4.010413,,
2017,267,Khuvsgul,Хөвсгөл,5,Goat,Ямаа,77.897,1937.952,4.019553,,
2017,341,Tuv,Төв,0,Total,Бүгд,72.414,4705.866,1.538803,,
2017,341,Tuv,Төв,1,Horse,Адуу,6.334,382.598,1.655524,,
2017,341,Tuv,Төв,2,Cattle,Үхэр,8.73,326.23,2.676026,,
2017,341,Tuv,Төв,3,Camel,Тэмээ,0.027,3.394,0.795522,,
2017,341,Tuv,Төв,4,Sheep,Хонь,32.787,2442.388,1.342416,,
2017,341,Tuv,Төв,5,Goat,Ямаа,24.536,1551.256,1.581686,,
2017,342,Govisumber,Говьсүмбэр,0,Total,Бүгд,2.89,397.91,0.726295,,
2017,342,Govisumber,Говьсүмбэр,1,Horse,Адуу,0.111,20.25,0.548148,,
2017,342,Govisumber,Говьсүмбэр,2,Cattle,Үхэр,0.144,13.646,1.055254,,
2017,342,Govisumber,Говьсүмбэр,3,Camel,Тэмээ,0.003,0.822,0.364964,,
2017,342,Govisumber,Говьсүмбэр,4,Sheep,Хонь,1.095,185.883,0.58908,,
2017,342,Govisumber,Говьсүмбэр,5,Goat,Ямаа,1.537,177.309,0.866848,,
2017,343,Selenge,Сэлэнгэ,0,Total,Бүгд,69.61,1599.75,4.351305,,
2017,343,Selenge,Сэлэнгэ,1,Horse,Адуу,2.06,93.569,2.201584,,
2017,343,Selenge,Сэлэнгэ,2,Cattle,Үхэр,11.34,224.278,5.056225,,
2017,343,Selenge,Сэлэнгэ,3,Camel,Тэмээ,0.006,0.523,1.147228,,
2017,343,Selenge,Сэлэнгэ,4,Sheep,Хонь,34.46,749.338,4.598726,,
2017,343,Selenge,Сэлэнгэ,5,Goat,Ямаа,21.744,532.042,4.086895,,
2017,344,Dornogovi,Дорноговь,0,Total,Бүгд,5.637,1752.918,0.321578,,
2017,344,Dornogovi,Дорноговь,1,Horse,Адуу,0.251,118.65,0.211547,,
2017,344,Dornogovi,Дорноговь,2,Cattle,Үхэр,0.428,63.003,0.679333,,
2017,344,Dornogovi,Дорноговь,3,Camel,Тэмээ,0.157,37.718,0.416247,,
2017,344,Dornogovi,Дорноговь,4,Sheep,Хонь,2.918,758.379,0.384768,,
2017,344,Dornogovi,Дорноговь,5,Goat,Ямаа,1.883,775.168,0.242915,,
2017,345,Darkhan-Uul,Дархан-Уул,0,Total,Бүгд,19.075,324.163,5.884385,,
2017,345,Darkhan-Uul,Дархан-Уул,1,Horse,Адуу,0.595,16.949,3.510532,,
2017,345,Darkhan-Uul,Дархан-Уул,2,Cattle,Үхэр,2.374,49.003,4.844601,,
2017,345,Darkhan-Uul,Дархан-Уул,3,Camel,Тэмээ,0.004,0.095,4.210526,,
2017,345,Darkhan-Uul,Дархан-Уул,4,Sheep,Хонь,9.712,162.178,5.988482,,
2017,345,Darkhan-Uul,Дархан-Уул,5,Goat,Ямаа,6.39,95.938,6.660552,,
2017,346,Umnugovi,Өмнөговь,0,Total,Бүгд,11.251,2313.963,0.486222,,
2017,346,Umnugovi,Өмнөговь,1,Horse,Адуу,0.211,85.298,0.247368,,
2017,346,Umnugovi,Өмнөговь,2,Cattle,Үхэр,0.074,22.149,0.334101,,
2017,346,Umnugovi,Өмнөговь,3,Camel,Тэмээ,0.19,130.493,0.145602,,
2017,346,Umnugovi,Өмнөговь,4,Sheep,Хонь,2.463,520.905,0.472831,,
2017,346,Umnugovi,Өмнөговь,5,Goat,Ямаа,8.313,1555.118,0.534558,,
2017,348,Dundgovi,Дундговь,0,Total,Бүгд,3.362,3059.855,0.109874,,
2017,348,Dundgovi,Дундговь,1,Horse,Адуу,0.153,137.045,0.111642,,
2017,348,Dundgovi,Дундговь,2,Cattle,Үхэр,0.098,62.695,0.156312,,
2017,348,Dundgovi,Дундговь,3,Camel,Тэмээ,0.013,33.859,0.038395,,
2017,348,Dundgovi,Дундговь,4,Sheep,Хонь,1.813,1437.137,0.126154,,
2017,348,Dundgovi,Дундговь,5,Goat,Ямаа,1.285,1389.119,0.092505,,
2017,421,Dornod,Дорнод,0,Total,Бүгд,9.111,1722.91,0.528815,,
2017,421,Dornod,Дорнод,1,Horse,Адуу,0.45,224.992,0.200007,,
2017,421,Dornod,Дорнод,2,Cattle,Үхэр,2.71,175.55,1.54372,,
2017,421,Dornod,Дорнод,3,Camel,Тэмээ,0.021,5.183,0.405171,,
2017,421,Dornod,Дорнод,4,Sheep,Хонь,1.926,831.357,0.231669,,
2017,421,Dornod,Дорнод,5,Goat,Ямаа,4.004,485.828,0.82416,,
2017,422,Sukhbaatar,Сүхбаатар,0,Total,Бүгд,12.941,3030.437,0.427034,,
2017,422,Sukhbaatar,Сүхбаатар,1,Horse,Адуу,0.454,274.682,0.165282,,
2017,422,Sukhbaatar,Сүхбаатар,2,Cattle,Үхэр,4.366,209.326,2.085742,,
2017,422,Sukhbaatar,Сүхбаатар,3,Camel,Тэмээ,0.022,7.872,0.279472,,
2017,422,Sukhbaatar,Сүхбаатар,4,Sheep,Хонь,4.835,1542.202,0.313513,,
2017,422,Sukhbaatar,Сүхбаатар,5,Goat,Ямаа,3.264,996.355,0.327594,,
2017,423,Khentii,Хэнтий,0,Total,Бүгд,70.928,3903.57,1.817003,,
2017,423,Khentii,Хэнтий,1,Horse,Адуу,3.025,280.767,1.077406,,
2017,423,Khentii,Хэнтий,2,Cattle,Үхэр,7.202,296.212,2.431367,,
2017,423,Khentii,Хэнтий,3,Camel,Тэмээ,0.054,4.331,1.246825,,
2017,423,Khentii,Хэнтий,4,Sheep,Хонь,33.292,1938.138,1.717731,,
2017,423,Khentii,Хэнтий,5,Goat,Ямаа,27.355,1384.122,1.976343,,
2017,511,Ulaanbaatar,Улаанбаатар,0,Total,Бүгд,8.314,438.329,1.896749,,
2017,511,Ulaanbaatar,Улаанбаатар,1,Horse,Адуу,1.018,45.177,2.253359,,
2017,511,Ulaanbaatar,Улаанбаатар,2,Cattle,Үхэр,2.217,89.8,2.46882,,
2017,511,Ulaanbaatar,Улаанбаатар,3,Camel,Тэмээ,0,0.247,0.0,,
2017,511,Ulaanbaatar,Улаанбаатар,4,Sheep,Хонь,2.701,176.813,1.527603,,
2017,511,Ulaanbaatar,Улаанбаатар,5,Goat,Ямаа,2.378,126.292,1.882938,,
2018,0,Total,Улсын дүн,0,Total,Бүгд,2635.392,66218.959,3.979815,,
2018,0,Total,Улсын дүн,1,Horse,Адуу,164.929,3939.813,4.186214,,
2018,0,Total,Улсын дүн,2,Cattle,Үхэр,233.83,4388.455,5.328299,,
2018,0,Total,Улсын дүн,3,Camel,Тэмээ,3.155,434.096,0.726798,,
2018,0,Total,Улсын дүн,4,Sheep,Хонь,968.66,30109.888,3.217083,,
2018,0,Total,Улсын дүн,5,Goat,Ямаа,1264.818,27346.707,4.62512,,
2018,181,Zavkhan,Завхан,0,Total,Бүгд,181.039,3597.278,5.032666,,
2018,181,Zavkhan,Завхан,1,Horse,Адуу,2.988,207.444,1.440389,,
2018,181,Zavkhan,Завхан,2,Cattle,Үхэр,6.41,192.16,3.335762,,
2018,181,Zavkhan,Завхан,3,Camel,Тэмээ,0.061,7.49,0.814419,,
2018,181,Zavkhan,Завхан,4,Sheep,Хонь,71.333,1837.731,3.88158,,
2018,181,Zavkhan,Завхан,5,Goat,Ямаа,100.247,1352.453,7.412235,,
2018,182,Govi-Altai,Говь-Алтай,0,Total,Бүгд,151.21,3801.651,3.977482,,
2018,182,Govi-Altai,Говь-Алтай,1,Horse,Адуу,1.977,123.689,1.598364,,
2018,182,Govi-Altai,Говь-Алтай,2,Cattle,Үхэр,3.367,85.4,3.942623,,
2018,182,Govi-Altai,Говь-Алтай,3,Camel,Тэмээ,0.383,41.955,0.912883,,
2018,182,Govi-Altai,Говь-Алтай,4,Sheep,Хонь,36.999,1194.602,3.097182,,
2018,182,Govi-Altai,Говь-Алтай,5,Goat,Ямаа,108.484,2356.005,4.604574,,
2018,183,Bayan-Ulgii,Баян-Өлгий,0,Total,Бүгд,71.049,2226.149,3.191565,,
2018,183,Bayan-Ulgii,Баян-Өлгий,1,Horse,Адуу,2.896,93.402,3.100576,,
2018,183,Bayan-Ulgii,Баян-Өлгий,2,Cattle,Үхэр,7.491,161.025,4.652073,,
2018,183,Bayan-Ulgii,Баян-Өлгий,3,Camel,Тэмээ,0.054,5.279,1.022921,,
2018,183,Bayan-Ulgii,Баян-Өлгий,4,Sheep,Хонь,27.696,995.222,2.782897,,
2018,183,Bayan-Ulgii,Баян-Өлгий,5,Goat,Ямаа,32.912,971.221,3.388724,,
2018,184,Khovd,Ховд,0,Total,Бүгд,175.295,3446.617,5.086002,,
2018,184,Khovd,Ховд,1,Horse,Адуу,5.281,132.092,3.997971,,
2018,184,Khovd,Ховд,2,Cattle,Үхэр,7.27,200.512,3.625718,,
2018,184,Khovd,Ховд,3,Camel,Тэмээ,0.625,25.66,2.435698,,
2018,184,Khovd,Ховд,4,Sheep,Хонь,56.953,1323.579,4.302954,,
2018,184,Khovd,Ховд,5,Goat,Ямаа,105.166,1764.774,5.959177,,
2018,185,Uvs,Увс,0,Total,Бүгд,127.75,3129.884,4.081621,,
2018,185,Uvs,Увс,1,Horse,Адуу,3.913,119.491,3.274724,,
2018,185,Uvs,Увс,2,Cattle,Үхэр,6.571,176.866,3.715242,,
2018,185,Uvs,Увс,3,Camel,Тэмээ,0.236,23.521,1.003359,,
2018,185,Uvs,Увс,4,Sheep,Хонь,61.332,1552.09,3.951575,,
2018,185,Uvs,Увс,5,Goat,Ямаа,55.698,1257.916,4.4278,,
2018,261,Orkhon,Орхон,0,Total,Бүгд,6.356,122.335,5.19557,,
2018,261,Orkhon,Орхон,1,Horse,Адуу,0.511,12.25,4.171429,,
2018,261,Orkhon,Орхон,2,Cattle,Үхэр,2.067,21.9,9.438356,,
2018,261,Orkhon,Орхон,3,Camel,Тэмээ,0,0.039,0.0,,
2018,261,Orkhon,Орхон,4,Sheep,Хонь,2.121,47.656,4.450646,,
2018,261,Orkhon,Орхон,5,Goat,Ямаа,1.657,40.49,4.092368,,
2018,262,Uvurkhangai,Өвөрхангай,0,Total,Бүгд,352.294,5743.53,6.133754,,
2018,262,Uvurkhangai,Өвөрхангай,1,Horse,Адуу,32.87,364.015,9.029848,,
2018,262,Uvurkhangai,Өвөрхангай,2,Cattle,Үхэр,29.498,298.244,9.890559,,
2018,262,Uvurkhangai,Өвөрхангай,3,Camel,Тэмээ,0.19,28.756,0.660732,,
2018,262,Uvurkhangai,Өвөрхангай,4,Sheep,Хонь,140.297,2663.296,5.267796,,
2018,262,Uvurkhangai,Өвөрхангай,5,Goat,Ямаа,149.439,2389.219,6.254722,,
2018,263,Bulgan,Булган,0,Total,Бүгд,115.945,3361.633,3.449068,,
2018,263,Bulgan,Булган,1,Horse,Адуу,17.193,261.862,6.565672,,
2018,263,Bulgan,Булган,2,Cattle,Үхэр,24.322,283.891,8.567373,,
2018,263,Bulgan,Булган,3,Camel,Тэмээ,0.015,1.36,1.102941,,
2018,263,Bulgan,Булган,4,Sheep,Хонь,43.052,1794.411,2.399227,,
2018,263,Bulgan,Булган,5,Goat,Ямаа,31.363,1020.109,3.074475,,
2018,264,Bayankhongor,Баянхонгор,0,Total,Бүгд,338.396,4587.738,7.376097,,
2018,264,Bayankhongor,Баянхонгор,1,Horse,Адуу,7.189,180.128,3.991051,,
2018,264,Bayankhongor,Баянхонгор,2,Cattle,Үхэр,11.047,240.342,4.596367,,
2018,264,Bayankhongor,Баянхонгор,3,Camel,Тэмээ,0.49,54.349,0.901581,,
2018,264,Bayankhongor,Баянхонгор,4,Sheep,Хонь,78.385,1381.125,5.675446,,
2018,264,Bayankhongor,Баянхонгор,5,Goat,Ямаа,241.285,2731.794,8.832474,,
2018,265,Arkhangai,Архангай,0,Total,Бүгд,319.397,5291.745,6.035759,,
2018,265,Arkhangai,Архангай,1,Horse,Адуу,31.751,381.121,8.33095,,
2018,265,Arkhangai,Архангай,2,Cattle,Үхэр,58.841,628.783,9.357918,,
2018,265,Arkhangai,Архангай,3,Camel,Тэмээ,0.075,1.383,5.422993,,
2018,265,Arkhangai,Архангай,4,Sheep,Хонь,134.082,2845.055,4.712809,,
2018,265,Arkhangai,Архангай,5,Goat,Ямаа,94.648,1435.403,6.593828,,
2018,267,Khuvsgul,Хөвсгөл,0,Total,Бүгд,73.932,5297.807,1.395521,,
2018,267,Khuvsgul,Хөвсгөл,1,Horse,Адуу,3.119,240.321,1.297847,,
2018,267,Khuvsgul,Хөвсгөл,2,Cattle,Үхэр,10.591,461.287,2.295968,,
2018,267,Khuvsgul,Хөвсгөл,3,Camel,Тэмээ,0.011,2.201,0.499773,,
2018,267,Khuvsgul,Хөвсгөл,4,Sheep,Хонь,34.322,2597.457,1.321369,,
2018,267,Khuvsgul,Хөвсгөл,5,Goat,Ямаа,25.889,1996.541,1.296693,,
2018,341,Tuv,Төв,0,Total,Бүгд,221.577,4685.13,4.729367,,
2018,341,Tuv,Төв,1,Horse,Адуу,26.98,375.559,7.183958,,
2018,341,Tuv,Төв,2,Cattle,Үхэр,24.426,310.761,7.86006,,
2018,341,Tuv,Төв,3,Camel,Тэмээ,0.049,3.528,1.388889,,
2018,341,Tuv,Төв,4,Sheep,Хонь,89.702,2461.124,3.644757,,
2018,341,Tuv,Төв,5,Goat,Ямаа,80.42,1534.158,5.241963,,
2018,342,Govisumber,Говьсүмбэр,0,Total,Бүгд,39.535,438.409,9.017835,,
2018,342,Govisumber,Говьсүмбэр,1,Horse,Адуу,1.796,22.271,8.064299,,
2018,342,Govisumber,Говьсүмбэр,2,Cattle,Үхэр,2.071,14.903,13.896531,,
2018,342,Govisumber,Говьсүмбэр,3,Camel,Тэмээ,0.011,0.929,1.184069,,
2018,342,Govisumber,Говьсүмбэр,4,Sheep,Хонь,15.913,205.229,7.753777,,
2018,342,Govisumber,Говьсүмбэр,5,Goat,Ямаа,19.744,195.077,10.121132,,
2018,343,Selenge,Сэлэнгэ,0,Total,Бүгд,14.608,1509.925,0.967465,,
2018,343,Selenge,Сэлэнгэ,1,Horse,Адуу,1.258,95.447,1.318009,,
2018,343,Selenge,Сэлэнгэ,2,Cattle,Үхэр,3.598,218.403,1.647413,,
2018,343,Selenge,Сэлэнгэ,3,Camel,Тэмээ,0.007,0.507,1.380671,,
2018,343,Selenge,Сэлэнгэ,4,Sheep,Хонь,5.229,699.295,0.747753,,
2018,343,Selenge,Сэлэнгэ,5,Goat,Ямаа,4.516,496.273,0.909983,,
2018,344,Dornogovi,Дорноговь,0,Total,Бүгд,18.933,2001.644,0.945872,,
2018,344,Dornogovi,Дорноговь,1,Horse,Адуу,1.22,133.219,0.915785,,
2018,344,Dornogovi,Дорноговь,2,Cattle,Үхэр,1.176,72.62,1.619389,,
2018,344,Dornogovi,Дорноговь,3,Camel,Тэмээ,0.237,40.724,0.581966,,
2018,344,Dornogovi,Дорноговь,4,Sheep,Хонь,7.455,861.478,0.865373,,
2018,344,Dornogovi,Дорноговь,5,Goat,Ямаа,8.845,893.603,0.989813,,
2018,345,Darkhan-Uul,Дархан-Уул,0,Total,Бүгд,3.711,310.939,1.193482,,
2018,345,Darkhan-Uul,Дархан-Уул,1,Horse,Адуу,0.146,16.996,0.859026,,
2018,345,Darkhan-Uul,Дархан-Уул,2,Cattle,Үхэр,1.244,50.291,2.473604,,
2018,345,Darkhan-Uul,Дархан-Уул,3,Camel,Тэмээ,0,0.038,0.0,,
2018,345,Darkhan-Uul,Дархан-Уул,4,Sheep,Хонь,1.403,150.838,0.930137,,
2018,345,Darkhan-Uul,Дархан-Уул,5,Goat,Ямаа,0.918,92.776,0.98948,,
2018,346,Umnugovi,Өмнөговь,0,Total,Бүгд,61.994,2654.388,2.335529,,
2018,346,Umnugovi,Өмнөговь,1,Horse,Адуу,1.915,98.651,1.941187,,
2018,346,Umnugovi,Өмнөговь,2,Cattle,Үхэр,1.096,26.997,4.05971,,
2018,346,Umnugovi,Өмнөговь,3,Camel,Тэмээ,0.546,141.232,0.386598,,
2018,346,Umnugovi,Өмнөговь,4,Sheep,Хонь,9.533,613.98,1.552656,,
2018,346,Umnugovi,Өмнөговь,5,Goat,Ямаа,48.904,1773.528,2.757442,,
2018,348,Dundgovi,Дундговь,0,Total,Бүгд,75.419,3592.978,2.099067,,
2018,348,Dundgovi,Дундговь,1,Horse,Адуу,5.298,160.153,3.308087,,
2018,348,Dundgovi,Дундговь,2,Cattle,Үхэр,5.189,75.277,6.893208,,
2018,348,Dundgovi,Дундговь,3,Camel,Тэмээ,0.064,36.792,0.173951,,
2018,348,Dundgovi,Дундговь,4,Sheep,Хонь,27.819,1686.203,1.649801,,
2018,348,Dundgovi,Дундговь,5,Goat,Ямаа,37.049,1634.553,2.266614,,
2018,421,Dornod,Дорнод,0,Total,Бүгд,6.588,2057.808,0.320146,,
2018,421,Dornod,Дорнод,1,Horse,Адуу,0.474,250.718,0.189057,,
2018,421,Dornod,Дорнод,2,Cattle,Үхэр,0.753,207.861,0.362261,,
2018,421,Dornod,Дорнод,3,Camel,Тэмээ,0.009,5.579,0.161319,,
2018,421,Dornod,Дорнод,4,Sheep,Хонь,2.979,1001.567,0.297434,,
2018,421,Dornod,Дорнод,5,Goat,Ямаа,2.373,592.083,0.400788,,
2018,422,Sukhbaatar,Сүхбаатар,0,Total,Бүгд,75.983,3528.41,2.153463,,
2018,422,Sukhbaatar,Сүхбаатар,1,Horse,Адуу,4.111,315.577,1.302693,,
2018,422,Sukhbaatar,Сүхбаатар,2,Cattle,Үхэр,7.172,236.792,3.028819,,
2018,422,Sukhbaatar,Сүхбаатар,3,Camel,Тэмээ,0.038,8.325,0.456456,,
2018,422,Sukhbaatar,Сүхбаатар,4,Sheep,Хонь,30.42,1815.324,1.675734,,
2018,422,Sukhbaatar,Сүхбаатар,5,Goat,Ямаа,34.242,1152.392,2.971385,,
2018,423,Khentii,Хэнтий,0,Total,Бүгд,189.242,4409.317,4.291867,,
2018,423,Khentii,Хэнтий,1,Horse,Адуу,10.676,312.066,3.421071,,
2018,423,Khentii,Хэнтий,2,Cattle,Үхэр,16.266,335.295,4.85125,,
2018,423,Khentii,Хэнтий,3,Camel,Тэмээ,0.054,4.198,1.286327,,
2018,423,Khentii,Хэнтий,4,Sheep,Хонь,86.325,2212.453,3.901778,,
2018,423,Khentii,Хэнтий,5,Goat,Ямаа,75.921,1545.305,4.913011,,
2018,511,Ulaanbaatar,Улаанбаатар,0,Total,Бүгд,15.139,423.644,3.573519,,
2018,511,Ulaanbaatar,Улаанбаатар,1,Horse,Адуу,1.367,43.341,3.154057,,
2018,511,Ulaanbaatar,Улаанбаатар,2,Cattle,Үхэр,3.364,88.845,3.78637,,
2018,511,Ulaanbaatar,Улаанбаатар,3,Camel,Тэмээ,0,0.251,0.0,,
2018,511,Ulaanbaatar,Улаанбаатар,4,Sheep,Хонь,5.31,170.173,3.120354,,
2018,511,Ulaanbaatar,Улаанбаатар,5,Goat,Ямаа,5.098,121.034,4.21204,,
2019,0,Total,Улсын дүн,0,Total,Бүгд,1117.576,66460.18,1.681572,,
2019,0,Total,Улсын дүн,1,Horse,Адуу,58.099,3940.092,1.474559,,
2019,0,Total,Улсын дүн,2,Cattle,Үхэр,75.296,4380.879,1.718742,,
2019,0,Total,Улсын дүн,3,Camel,Тэмээ,2.093,459.702,0.455295,,
2019,0,Total,Улсын дүн,4,Sheep,Хонь,488.179,30554.804,1.597716,,
2019,0,Total,Улсын дүн,5,Goat,Ямаа,493.909,27124.703,1.820883,,
2019,181,Zavkhan,Завхан,0,Total,Бүгд,22.525,3555.411,0.633541,,
2019,181,Zavkhan,Завхан,1,Horse,Адуу,1.823,222.534,0.819201,,
2019,181,Zavkhan,Завхан,2,Cattle,Үхэр,2.349,204.995,1.145882,,
2019,181,Zavkhan,Завхан,3,Camel,Тэмээ,0.014,7.753,0.180575,,
2019,181,Zavkhan,Завхан,4,Sheep,Хонь,8.85,1827.458,0.484279,,
2019,181,Zavkhan,Завхан,5,Goat,Ямаа,9.489,1292.671,0.734061,,
2019,182,Govi-Altai,Говь-Алтай,0,Total,Бүгд,57.682,3513.365,1.641788,,
2019,182,Govi-Altai,Говь-Алтай,1,Horse,Адуу,2.146,129.999,1.650782,,
2019,182,Govi-Altai,Говь-Алтай,2,Cattle,Үхэр,2.506,85.225,2.940452,,
2019,182,Govi-Altai,Говь-Алтай,3,Camel,Тэмээ,0.134,43.67,0.306847,,
2019,182,Govi-Altai,Говь-Алтай,4,Sheep,Хонь,17.502,1057.674,1.654763,,
2019,182,Govi-Altai,Говь-Алтай,5,Goat,Ямаа,35.394,2196.797,1.611164,,
2019,183,Bayan-Ulgii,Баян-Өлгий,0,Total,Бүгд,60.425,2166.917,2.788524,,
2019,183,Bayan-Ulgii,Баян-Өлгий,1,Horse,Адуу,3.025,95.349,3.172556,,
2019,183,Bayan-Ulgii,Баян-Өлгий,2,Cattle,Үхэр,7.308,155.914,4.687199,,
2019,183,Bayan-Ulgii,Баян-Өлгий,3,Camel,Тэмээ,0.063,5.649,1.115242,,
2019,183,Bayan-Ulgii,Баян-Өлгий,4,Sheep,Хонь,23.173,979.601,2.365555,,
2019,183,Bayan-Ulgii,Баян-Өлгий,5,Goat,Ямаа,26.856,930.404,2.886488,,
2019,184,Khovd,Ховд,0,Total,Бүгд,131.88,3146.408,4.191446,,
2019,184,Khovd,Ховд,1,Horse,Адуу,5.986,128.538,4.656989,,
2019,184,Khovd,Ховд,2,Cattle,Үхэр,13.016,193.683,6.720259,,
2019,184,Khovd,Ховд,3,Camel,Тэмээ,0.298,25.351,1.175496,,
2019,184,Khovd,Ховд,4,Sheep,Хонь,50.296,1174.233,4.283307,,
2019,184,Khovd,Ховд,5,Goat,Ямаа,62.284,1624.603,3.833798,,
2019,185,Uvs,Увс,0,Total,Бүгд,145.019,3175.275,4.567132,,
2019,185,Uvs,Увс,1,Horse,Адуу,3.091,123.787,2.497031,,
2019,185,Uvs,Увс,2,Cattle,Үхэр,5.306,182.922,2.90069,,
2019,185,Uvs,Увс,3,Camel,Тэмээ,0.342,25.145,1.360111,,
2019,185,Uvs,Увс,4,Sheep,Хонь,72.328,1567.962,4.612867,,
2019,185,Uvs,Увс,5,Goat,Ямаа,63.952,1275.459,5.014038,,
2019,261,Orkhon,Орхон,0,Total,Бүгд,0.53,114.35,0.463489,,
2019,261,Orkhon,Орхон,1,Horse,Адуу,0.158,11.345,1.392684,,
2019,261,Orkhon,Орхон,2,Cattle,Үхэр,0.091,17.477,0.520684,,
2019,261,Orkhon,Орхон,3,Camel,Тэмээ,0,0.056,0.0,,
2019,261,Orkhon,Орхон,4,Sheep,Хонь,0.18,47.489,0.379035,,
2019,261,Orkhon,Орхон,5,Goat,Ямаа,0.101,37.983,0.265908,,
2019,262,Uvurkhangai,Өвөрхангай,0,Total,Бүгд,103.574,5461.346,1.896492,,
2019,262,Uvurkhangai,Өвөрхангай,1,Horse,Адуу,4.044,323.629,1.249579,,
2019,262,Uvurkhangai,Өвөрхангай,2,Cattle,Үхэр,3.792,272.32,1.392479,,
2019,262,Uvurkhangai,Өвөрхангай,3,Camel,Тэмээ,0.135,31.451,0.429239,,
2019,262,Uvurkhangai,Өвөрхангай,4,Sheep,Хонь,42.884,2588.133,1.656947,,
2019,262,Uvurkhangai,Өвөрхангай,5,Goat,Ямаа,52.719,2245.813,2.347435,,
2019,263,Bulgan,Булган,0,Total,Бүгд,26.193,3305.495,0.792408,,
2019,263,Bulgan,Булган,1,Horse,Адуу,1.744,244.036,0.714649,,
2019,263,Bulgan,Булган,2,Cattle,Үхэр,1.994,255.264,0.781152,,
2019,263,Bulgan,Булган,3,Camel,Тэмээ,0.007,1.375,0.509091,,
2019,263,Bulgan,Булган,4,Sheep,Хонь,14.362,1778.224,0.80766,,
2019,263,Bulgan,Булган,5,Goat,Ямаа,8.086,1026.596,0.787652,,
2019,264,Bayankhongor,Баянхонгор,0,Total,Бүгд,40.972,4249.473,0.964167,,
2019,264,Bayankhongor,Баянхонгор,1,Horse,Адуу,2.082,175.944,1.183331,,
2019,264,Bayankhongor,Баянхонгор,2,Cattle,Үхэр,4.534,239.777,1.890924,,
2019,264,Bayankhongor,Баянхонгор,3,Camel,Тэмээ,0.148,57.388,0.257894,,
2019,264,Bayankhongor,Баянхонгор,4,Sheep,Хонь,12.22,1297.467,0.941835,,
2019,264,Bayankhongor,Баянхонгор,5,Goat,Ямаа,21.988,2478.897,0.887007,,
2019,265,Arkhangai,Архангай,0,Total,Бүгд,63.754,5482.034,1.162963,,
2019,265,Arkhangai,Архангай,1,Horse,Адуу,4.147,378.446,1.095797,,
2019,265,Arkhangai,Архангай,2,Cattle,Үхэр,7.203,621.246,1.159444,,
2019,265,Arkhangai,Архангай,3,Camel,Тэмээ,0.006,1.255,0.478088,,
2019,265,Arkhangai,Архангай,4,Sheep,Хонь,35.343,2981.779,1.185299,,
2019,265,Arkhangai,Архангай,5,Goat,Ямаа,17.055,1499.308,1.137525,,
2019,267,Khuvsgul,Хөвсгөл,0,Total,Бүгд,93.795,5710.365,1.642539,,
2019,267,Khuvsgul,Хөвсгөл,1,Horse,Адуу,3.281,261.98,1.252386,,
2019,267,Khuvsgul,Хөвсгөл,2,Cattle,Үхэр,9.378,482.458,1.943796,,
2019,267,Khuvsgul,Хөвсгөл,3,Camel,Тэмээ,0.036,2.292,1.570681,,
2019,267,Khuvsgul,Хөвсгөл,4,Sheep,Хонь,42.838,2766.185,1.548631,,
2019,267,Khuvsgul,Хөвсгөл,5,Goat,Ямаа,38.262,2197.45,1.7412,,
2019,341,Tuv,Төв,0,Total,Бүгд,68.077,4582.435,1.485608,,
2019,341,Tuv,Төв,1,Horse,Адуу,4.339,341.372,1.271047,,
2019,341,Tuv,Төв,2,Cattle,Үхэр,3.573,282.33,1.26554,,
2019,341,Tuv,Төв,3,Camel,Тэмээ,0.021,3.504,0.599315,,
2019,341,Tuv,Төв,4,Sheep,Хонь,34.06,2449.255,1.390627,,
2019,341,Tuv,Төв,5,Goat,Ямаа,26.084,1505.974,1.732035,,
2019,342,Govisumber,Говьсүмбэр,0,Total,Бүгд,5.666,427.46,1.325504,,
2019,342,Govisumber,Говьсүмбэр,1,Horse,Адуу,0.159,20.591,0.772182,,
2019,342,Govisumber,Говьсүмбэр,2,Cattle,Үхэр,0.122,14.004,0.87118,,
2019,342,Govisumber,Говьсүмбэр,3,Camel,Тэмээ,0.011,1.064,1.033835,,
2019,342,Govisumber,Говьсүмбэр,4,Sheep,Хонь,2.758,208.084,1.325426,,
2019,342,Govisumber,Говьсүмбэр,5,Goat,Ямаа,2.616,183.717,1.423929,,
2019,343,Selenge,Сэлэнгэ,0,Total,Бүгд,6.725,1540.036,0.436678,,
2019,343,Selenge,Сэлэнгэ,1,Horse,Адуу,0.637,97.604,0.652637,,
2019,343,Selenge,Сэлэнгэ,2,Cattle,Үхэр,1.645,216.805,0.758746,,
2019,343,Selenge,Сэлэнгэ,3,Camel,Тэмээ,0.002,0.483,0.414079,,
2019,343,Selenge,Сэлэнгэ,4,Sheep,Хонь,2.457,705.874,0.348079,,
2019,343,Selenge,Сэлэнгэ,5,Goat,Ямаа,1.984,519.27,0.382075,,
2019,344,Dornogovi,Дорноговь,0,Total,Бүгд,8.651,2148.133,0.402722,,
2019,344,Dornogovi,Дорноговь,1,Horse,Адуу,0.333,139.977,0.237896,,
2019,344,Dornogovi,Дорноговь,2,Cattle,Үхэр,0.247,80.576,0.306543,,
2019,344,Dornogovi,Дорноговь,3,Camel,Тэмээ,0.334,42.812,0.780155,,
2019,344,Dornogovi,Дорноговь,4,Sheep,Хонь,3.298,926.18,0.356086,,
2019,344,Dornogovi,Дорноговь,5,Goat,Ямаа,4.439,958.588,0.463077,,
2019,345,Darkhan-Uul,Дархан-Уул,0,Total,Бүгд,0.903,306.014,0.295085,,
2019,345,Darkhan-Uul,Дархан-Уул,1,Horse,Адуу,0.106,17.664,0.600091,,
2019,345,Darkhan-Uul,Дархан-Уул,2,Cattle,Үхэр,0.192,44.259,0.43381,,
2019,345,Darkhan-Uul,Дархан-Уул,3,Camel,Тэмээ,0.002,0.055,3.636364,,
2019,345,Darkhan-Uul,Дархан-Уул,4,Sheep,Хонь,0.336,147.063,0.228474,,
2019,345,Darkhan-Uul,Дархан-Уул,5,Goat,Ямаа,0.267,96.973,0.275334,,
2019,346,Umnugovi,Өмнөговь,0,Total,Бүгд,8.12,2598.44,0.312495,,
2019,346,Umnugovi,Өмнөговь,1,Horse,Адуу,0.128,96.544,0.132582,,
2019,346,Umnugovi,Өмнөговь,2,Cattle,Үхэр,0.03,26.864,0.111674,,
2019,346,Umnugovi,Өмнөговь,3,Camel,Тэмээ,0.41,152.281,0.269239,,
2019,346,Umnugovi,Өмнөговь,4,Sheep,Хонь,1.145,631.412,0.18134,,
2019,346,Umnugovi,Өмнөговь,5,Goat,Ямаа,6.407,1691.339,0.378812,,
2019,348,Dundgovi,Дундговь,0,Total,Бүгд,14.185,3825.941,0.370758,,
2019,348,Dundgovi,Дундговь,1,Horse,Адуу,0.422,162.902,0.259051,,
2019,348,Dundgovi,Дундговь,2,Cattle,Үхэр,0.324,76.119,0.425649,,
2019,348,Dundgovi,Дундговь,3,Camel,Тэмээ,0.031,39.306,0.078868,,
2019,348,Dundgovi,Дундговь,4,Sheep,Хонь,4.354,1831.055,0.237786,,
2019,348,Dundgovi,Дундговь,5,Goat,Ямаа,9.054,1716.559,0.527451,,
2019,421,Dornod,Дорнод,0,Total,Бүгд,7.413,2377.783,0.311761,,
2019,421,Dornod,Дорнод,1,Horse,Адуу,0.926,278.811,0.332125,,
2019,421,Dornod,Дорнод,2,Cattle,Үхэр,0.91,243.14,0.37427,,
2019,421,Dornod,Дорнод,3,Camel,Тэмээ,0.014,6.063,0.230909,,
2019,421,Dornod,Дорнод,4,Sheep,Хонь,2.616,1147.685,0.227937,,
2019,421,Dornod,Дорнод,5,Goat,Ямаа,2.947,702.084,0.41975,,
2019,422,Sukhbaatar,Сүхбаатар,0,Total,Бүгд,46.619,3716.811,1.254274,,
2019,422,Sukhbaatar,Сүхбаатар,1,Horse,Адуу,6.249,327.342,1.909013,,
2019,422,Sukhbaatar,Сүхбаатар,2,Cattle,Үхэр,1.423,251.639,0.565493,,
2019,422,Sukhbaatar,Сүхбаатар,3,Camel,Тэмээ,0.033,8.217,0.401606,,
2019,422,Sukhbaatar,Сүхбаатар,4,Sheep,Хонь,21.924,1922.127,1.140611,,
2019,422,Sukhbaatar,Сүхбаатар,5,Goat,Ямаа,16.99,1207.486,1.407056,,
2019,423,Khentii,Хэнтий,0,Total,Бүгд,200.175,4644.907,4.309559,,
2019,423,Khentii,Хэнтий,1,Horse,Адуу,12.729,318.904,3.991483,,
2019,423,Khentii,Хэнтий,2,Cattle,Үхэр,8.645,353.027,2.448821,,
2019,423,Khentii,Хэнтий,3,Camel,Тэмээ,0.052,4.299,1.209584,,
2019,423,Khentii,Хэнтий,4,Sheep,Хонь,93.442,2353.528,3.970295,,
2019,423,Khentii,Хэнтий,5,Goat,Ямаа,85.307,1615.149,5.28168,,
2019,511,Ulaanbaatar,Улаанбаатар,0,Total,Бүгд,4.693,411.781,1.139683,,
2019,511,Ulaanbaatar,Улаанбаатар,1,Horse,Адуу,0.544,42.794,1.271206,,
2019,511,Ulaanbaatar,Улаанбаатар,2,Cattle,Үхэр,0.708,80.835,0.875858,,
2019,511,Ulaanbaatar,Улаанбаатар,3,Camel,Тэмээ,0,0.233,0.0,,
2019,511,Ulaanbaatar,Улаанбаатар,4,Sheep,Хонь,1.813,166.336,1.089962,,
2019,511,Ulaanbaatar,Улаанбаатар,5,Goat,Ямаа,1.628,121.583,1.339003,,
2020,0,Total,Улсын дүн,0,Total,Бүгд,2064.074,70969.315,2.908403,,
2020,0,Total,Улсын дүн,1,Horse,Адуу,107.328,4214.818,2.546444,,
2020,0,Total,Улсын дүн,2,Cattle,Үхэр,143.833,4753.192,3.02603,,
2020,0,Total,Улсын дүн,3,Camel,Тэмээ,4.37,472.379,0.925105,,
2020,0,Total,Улсын дүн,4,Sheep,Хонь,1018.721,32267.265,3.157135,,
2020,0,Total,Улсын дүн,5,Goat,Ямаа,789.822,29261.661,2.69917,,
2020,181,Zavkhan,Завхан,0,Total,Бүгд,97.115,3849.906,2.522529,,
2020,181,Zavkhan,Завхан,1,Horse,Адуу,4.18,243.677,1.715386,,
2020,181,Zavkhan,Завхан,2,Cattle,Үхэр,7.164,228.7,3.132488,,
2020,181,Zavkhan,Завхан,3,Camel,Тэмээ,0.018,8.021,0.224411,,
2020,181,Zavkhan,Завхан,4,Sheep,Хонь,48.85,1950.937,2.503925,,
2020,181,Zavkhan,Завхан,5,Goat,Ямаа,36.903,1418.571,2.601421,,
2020,182,Govi-Altai,Говь-Алтай,0,Total,Бүгд,30.486,3597.698,0.847375,,
2020,182,Govi-Altai,Говь-Алтай,1,Horse,Адуу,1.191,132.431,0.899336,,
2020,182,Govi-Altai,Говь-Алтай,2,Cattle,Үхэр,1.003,84.475,1.187334,,
2020,182,Govi-Altai,Говь-Алтай,3,Camel,Тэмээ,0.184,44.436,0.414079,,
2020,182,Govi-Altai,Говь-Алтай,4,Sheep,Хонь,8.023,1066.739,0.752105,,
2020,182,Govi-Altai,Говь-Алтай,5,Goat,Ямаа,20.085,2269.617,0.884951,,
2020,183,Bayan-Ulgii,Баян-Өлгий,0,Total,Бүгд,9.738,2192.764,0.444097,,
2020,183,Bayan-Ulgii,Баян-Өлгий,1,Horse,Адуу,1.065,99.02,1.07554,,
2020,183,Bayan-Ulgii,Баян-Өлгий,2,Cattle,Үхэр,1.184,158.582,0.746617,,
2020,183,Bayan-Ulgii,Баян-Өлгий,3,Camel,Тэмээ,0.034,5.913,0.575004,,
2020,183,Bayan-Ulgii,Баян-Өлгий,4,Sheep,Хонь,2.839,995.904,0.285068,,
2020,183,Bayan-Ulgii,Баян-Өлгий,5,Goat,Ямаа,4.616,933.345,0.494565,,
2020,184,Khovd,Ховд,0,Total,Бүгд,18.453,3084.33,0.598282,,
2020,184,Khovd,Ховд,1,Horse,Адуу,1.063,128.757,0.825586,,
2020,184,Khovd,Ховд,2,Cattle,Үхэр,2.049,187.087,1.095212,,
2020,184,Khovd,Ховд,3,Camel,Тэмээ,0.125,25.818,0.484158,,
2020,184,Khovd,Ховд,4,Sheep,Хонь,6.795,1111.348,0.61142,,
2020,184,Khovd,Ховд,5,Goat,Ямаа,8.421,1631.32,0.516208,,
2020,185,Uvs,Увс,0,Total,Бүгд,29.827,3279.6,0.909471,,
2020,185,Uvs,Увс,1,Horse,Адуу,1.155,130.656,0.884001,,
2020,185,Uvs,Увс,2,Cattle,Үхэр,1.786,195.711,0.91257,,
2020,185,Uvs,Увс,3,Camel,Тэмээ,0.107,25.64,0.417317,,
2020,185,Uvs,Увс,4,Sheep,Хонь,14.872,1604.786,0.926728,,
2020,185,Uvs,Увс,5,Goat,Ямаа,11.907,1322.807,0.900131,,
2020,261,Orkhon,Орхон,0,Total,Бүгд,1.155,126.948,0.909821,,
2020,261,Orkhon,Орхон,1,Horse,Адуу,0.123,12.232,1.005559,,
2020,261,Orkhon,Орхон,2,Cattle,Үхэр,0.217,19.041,1.139646,,
2020,261,Orkhon,Орхон,3,Camel,Тэмээ,0,0.069,0.0,,
2020,261,Orkhon,Орхон,4,Sheep,Хонь,0.533,50.562,1.054151,,
2020,261,Orkhon,Орхон,5,Goat,Ямаа,0.282,45.044,0.626055,,
2020,262,Uvurkhangai,Өвөрхангай,0,Total,Бүгд,210.428,5625.463,3.740634,,
2020,262,Uvurkhangai,Өвөрхангай,1,Horse,Адуу,12.327,348.886,3.533246,,
2020,262,Uvurkhangai,Өвөрхангай,2,Cattle,Үхэр,9.306,292.412,3.182496,,
2020,262,Uvurkhangai,Өвөрхангай,3,Camel,Тэмээ,1.104,32.711,3.375011,,
2020,262,Uvurkhangai,Өвөрхангай,4,Sheep,Хонь,90.829,2606.843,3.484253,,
2020,262,Uvurkhangai,Өвөрхангай,5,Goat,Ямаа,96.862,2344.611,4.131261,,
2020,263,Bulgan,Булган,0,Total,Бүгд,171.998,3641.704,4.723009,,
2020,263,Bulgan,Булган,1,Horse,Адуу,13.94,272.02,5.124623,,
2020,263,Bulgan,Булган,2,Cattle,Үхэр,14.037,282.391,4.970767,,
2020,263,Bulgan,Булган,3,Camel,Тэмээ,0.026,1.452,1.790634,,
2020,263,Bulgan,Булган,4,Sheep,Хонь,102.507,1923.834,5.328266,,
2020,263,Bulgan,Булган,5,Goat,Ямаа,41.488,1162.007,3.570374,,
2020,264,Bayankhongor,Баянхонгор,0,Total,Бүгд,123.754,4644.871,2.664315,,
2020,264,Bayankhongor,Баянхонгор,1,Horse,Адуу,6.412,189.492,3.383784,,
2020,264,Bayankhongor,Баянхонгор,2,Cattle,Үхэр,5.54,257.616,2.150488,,
2020,264,Bayankhongor,Баянхонгор,3,Camel,Тэмээ,1.522,58.091,2.620027,,
2020,264,Bayankhongor,Баянхонгор,4,Sheep,Хонь,33.321,1405.972,2.369962,,
2020,264,Bayankhongor,Баянхонгор,5,Goat,Ямаа,76.959,2733.7,2.815196,,
2020,265,Arkhangai,Архангай,0,Total,Бүгд,416.719,6167.036,6.757201,,
2020,265,Arkhangai,Архангай,1,Horse,Адуу,25.357,425.937,5.953228,,
2020,265,Arkhangai,Архангай,2,Cattle,Үхэр,32.166,710.077,4.529931,,
2020,265,Arkhangai,Архангай,3,Camel,Тэмээ,0.062,1.362,4.552129,,
2020,265,Arkhangai,Архангай,4,Sheep,Хонь,234.263,3321.255,7.053448,,
2020,265,Arkhangai,Архангай,5,Goat,Ямаа,124.871,1708.405,7.309215,,
2020,267,Khuvsgul,Хөвсгөл,0,Total,Бүгд,376.522,6040.431,6.233363,,
2020,267,Khuvsgul,Хөвсгөл,1,Horse,Адуу,12.449,281.812,4.417484,,
2020,267,Khuvsgul,Хөвсгөл,2,Cattle,Үхэр,25.792,514.51,5.012925,,
2020,267,Khuvsgul,Хөвсгөл,3,Camel,Тэмээ,0.072,2.386,3.017603,,
2020,267,Khuvsgul,Хөвсгөл,4,Sheep,Хонь,214.937,2935.058,7.323092,,
2020,267,Khuvsgul,Хөвсгөл,5,Goat,Ямаа,123.272,2306.665,5.344166,,
2020,341,Tuv,Төв,0,Total,Бүгд,115.571,4979.161,2.321094,,
2020,341,Tuv,Төв,1,Horse,Адуу,6.759,371.434,1.819704,,
2020,341,Tuv,Төв,2,Cattle,Үхэр,6.775,313.843,2.158723,,
2020,341,Tuv,Төв,3,Camel,Тэмээ,0.049,3.579,1.369098,,
2020,341,Tuv,Төв,4,Sheep,Хонь,57.318,2619.759,2.187911,,
2020,341,Tuv,Төв,5,Goat,Ямаа,44.67,1670.546,2.673976,,
2020,342,Govisumber,Говьсүмбэр,0,Total,Бүгд,14.663,452.004,3.243998,,
2020,342,Govisumber,Говьсүмбэр,1,Horse,Адуу,0.495,22.736,2.177164,,
2020,342,Govisumber,Говьсүмбэр,2,Cattle,Үхэр,0.376,14.543,2.585436,,
2020,342,Govisumber,Говьсүмбэр,3,Camel,Тэмээ,0.002,0.989,0.202224,,
2020,342,Govisumber,Говьсүмбэр,4,Sheep,Хонь,5.708,219.53,2.6001,,
2020,342,Govisumber,Говьсүмбэр,5,Goat,Ямаа,8.082,194.206,4.16156,,
2020,343,Selenge,Сэлэнгэ,0,Total,Бүгд,5.926,1682.489,0.352216,,
2020,343,Selenge,Сэлэнгэ,1,Horse,Адуу,0.608,103.417,0.587911,,
2020,343,Selenge,Сэлэнгэ,2,Cattle,Үхэр,1.263,232.286,0.543726,,
2020,343,Selenge,Сэлэнгэ,3,Camel,Тэмээ,0.007,0.472,1.483051,,
2020,343,Selenge,Сэлэнгэ,4,Sheep,Хонь,2.258,744.718,0.303202,,
2020,343,Selenge,Сэлэнгэ,5,Goat,Ямаа,1.79,601.596,0.297542,,
2020,344,Dornogovi,Дорноговь,0,Total,Бүгд,10.958,2404.249,0.455776,,
2020,344,Dornogovi,Дорноговь,1,Horse,Адуу,0.413,152.608,0.270628,,
2020,344,Dornogovi,Дорноговь,2,Cattle,Үхэр,0.317,91.891,0.344974,,
2020,344,Dornogovi,Дорноговь,3,Camel,Тэмээ,0.176,43.51,0.404505,,
2020,344,Dornogovi,Дорноговь,4,Sheep,Хонь,4.971,1021.635,0.486573,,
2020,344,Dornogovi,Дорноговь,5,Goat,Ямаа,5.081,1094.605,0.464186,,
2020,345,Darkhan-Uul,Дархан-Уул,0,Total,Бүгд,2.308,347.353,0.664454,,
2020,345,Darkhan-Uul,Дархан-Уул,1,Horse,Адуу,0.098,19.326,0.507089,,
2020,345,Darkhan-Uul,Дархан-Уул,2,Cattle,Үхэр,0.311,47.357,0.656714,,
2020,345,Darkhan-Uul,Дархан-Уул,3,Camel,Тэмээ,0,0.06,0.0,,
2020,345,Darkhan-Uul,Дархан-Уул,4,Sheep,Хонь,1.355,162.304,0.834853,,
2020,345,Darkhan-Uul,Дархан-Уул,5,Goat,Ямаа,0.544,118.306,0.459825,,
2020,346,Umnugovi,Өмнөговь,0,Total,Бүгд,20.981,3000.303,0.699296,,
2020,346,Umnugovi,Өмнөговь,1,Horse,Адуу,1.173,109.526,1.070979,,
2020,346,Umnugovi,Өмнөговь,2,Cattle,Үхэр,0.429,31.653,1.355322,,
2020,346,Umnugovi,Өмнөговь,3,Camel,Тэмээ,0.57,157.863,0.361073,,
2020,346,Umnugovi,Өмнөговь,4,Sheep,Хонь,6.008,718.216,0.836517,,
2020,346,Umnugovi,Өмнөговь,5,Goat,Ямаа,12.801,1983.045,0.645522,,
2020,348,Dundgovi,Дундговь,0,Total,Бүгд,33.056,4093.121,0.807599,,
2020,348,Dundgovi,Дундговь,1,Horse,Адуу,1.539,178.172,0.863772,,
2020,348,Dundgovi,Дундговь,2,Cattle,Үхэр,0.879,78.17,1.124472,,
2020,348,Dundgovi,Дундговь,3,Camel,Тэмээ,0.116,41.267,0.281096,,
2020,348,Dundgovi,Дундговь,4,Sheep,Хонь,11.855,1942.704,0.610232,,
2020,348,Dundgovi,Дундговь,5,Goat,Ямаа,18.667,1852.808,1.007498,,
2020,421,Dornod,Дорнод,0,Total,Бүгд,16.374,2629.622,0.622675,,
2020,421,Dornod,Дорнод,1,Horse,Адуу,0.652,297.372,0.219254,,
2020,421,Dornod,Дорнод,2,Cattle,Үхэр,1.077,277.423,0.388216,,
2020,421,Dornod,Дорнод,3,Camel,Тэмээ,0.021,6.301,0.33328,,
2020,421,Dornod,Дорнод,4,Sheep,Хонь,6.749,1262.354,0.534636,,
2020,421,Dornod,Дорнод,5,Goat,Ямаа,7.875,786.172,1.001689,,
2020,422,Sukhbaatar,Сүхбаатар,0,Total,Бүгд,49.153,3817.01,1.287736,,
2020,422,Sukhbaatar,Сүхбаатар,1,Horse,Адуу,2.302,321.887,0.715158,,
2020,422,Sukhbaatar,Сүхбаатар,2,Cattle,Үхэр,3.773,268.547,1.404968,,
2020,422,Sukhbaatar,Сүхбаатар,3,Camel,Тэмээ,0.037,7.925,0.466877,,
2020,422,Sukhbaatar,Сүхбаатар,4,Sheep,Хонь,23.394,1971.234,1.186769,,
2020,422,Sukhbaatar,Сүхбаатар,5,Goat,Ямаа,19.647,1247.417,1.575015,,
2020,423,Khentii,Хэнтий,0,Total,Бүгд,297.66,4868.361,6.114173,,
2020,423,Khentii,Хэнтий,1,Horse,Адуу,13.008,325.384,3.997738,,
2020,423,Khentii,Хэнтий,2,Cattle,Үхэр,26.501,381.225,6.951538,,
2020,423,Khentii,Хэнтий,3,Camel,Тэмээ,0.134,4.256,3.148496,,
2020,423,Khentii,Хэнтий,4,Sheep,Хонь,136.878,2454.864,5.575787,,
2020,423,Khentii,Хэнтий,5,Goat,Ямаа,121.139,1702.632,7.114808,,
2020,511,Ulaanbaatar,Улаанбаатар,0,Total,Бүгд,11.229,444.891,2.523989,,
2020,511,Ulaanbaatar,Улаанбаатар,1,Horse,Адуу,1.019,48.036,2.121326,,
2020,511,Ulaanbaatar,Улаанбаатар,2,Cattle,Үхэр,1.888,85.652,2.204268,,
2020,511,Ulaanbaatar,Улаанбаатар,3,Camel,Тэмээ,0.004,0.258,1.550388,,
2020,511,Ulaanbaatar,Улаанбаатар,4,Sheep,Хонь,4.458,176.709,2.522792,,
2020,511,Ulaanbaatar,Улаанбаатар,5,Goat,Ямаа,3.86,134.236,2.875533,,
2021,0,Total,Улсын дүн,0,Total,Бүгд,3012.328,67068.486,4.491421,,
2021,0,Total,Улсын дүн,1,Horse,Адуу,118.388,4093.861,2.891842,,
2021,0,Total,Улсын дүн,2,Cattle,Үхэр,188.388,4732.01,3.981141,,
2021,0,Total,Улсын дүн,3,Camel,Тэмээ,22.207,472.934,4.695581,,
2021,0,Total,Улсын дүн,4,Sheep,Хонь,1123.469,30049.428,3.738737,,
2021,0,Total,Улсын дүн,5,Goat,Ямаа,1559.876,27720.253,5.627207,,
2021,181,Zavkhan,Завхан,0,Total,Бүгд,48.956,3607.838,1.356935,,
2021,181,Zavkhan,Завхан,1,Horse,Адуу,3.427,236.749,1.447525,,
2021,181,Zavkhan,Завхан,2,Cattle,Үхэр,4.529,224.995,2.012934,,
2021,181,Zavkhan,Завхан,3,Camel,Тэмээ,0.013,8.11,0.160296,,
2021,181,Zavkhan,Завхан,4,Sheep,Хонь,18.866,1799.761,1.04825,,
2021,181,Zavkhan,Завхан,5,Goat,Ямаа,22.121,1338.223,1.653013,,
2021,182,Govi-Altai,Говь-Алтай,0,Total,Бүгд,278.121,3310.83,8.400341,,
2021,182,Govi-Altai,Говь-Алтай,1,Horse,Адуу,5.983,122.134,4.898718,,
2021,182,Govi-Altai,Говь-Алтай,2,Cattle,Үхэр,5.945,75.856,7.837218,,
2021,182,Govi-Altai,Говь-Алтай,3,Camel,Тэмээ,0.736,43.928,1.675469,,
2021,182,Govi-Altai,Говь-Алтай,4,Sheep,Хонь,74.881,945.707,7.917992,,
2021,182,Govi-Altai,Говь-Алтай,5,Goat,Ямаа,190.576,2123.205,8.975864,,
2021,183,Bayan-Ulgii,Баян-Өлгий,0,Total,Бүгд,10.058,2224.677,0.452111,,
2021,183,Bayan-Ulgii,Баян-Өлгий,1,Horse,Адуу,1.122,99.781,1.124463,,
2021,183,Bayan-Ulgii,Баян-Өлгий,2,Cattle,Үхэр,1.116,159.49,0.69973,,
2021,183,Bayan-Ulgii,Баян-Өлгий,3,Camel,Тэмээ,0.034,5.405,0.629047,,
2021,183,Bayan-Ulgii,Баян-Өлгий,4,Sheep,Хонь,3.001,937.405,0.320139,,
2021,183,Bayan-Ulgii,Баян-Өлгий,5,Goat,Ямаа,4.785,1022.596,0.467927,,
2021,184,Khovd,Ховд,0,Total,Бүгд,35.462,3292.578,1.077028,,
2021,184,Khovd,Ховд,1,Horse,Адуу,1.009,131.497,0.767318,,
2021,184,Khovd,Ховд,2,Cattle,Үхэр,1.795,187.124,0.959257,,
2021,184,Khovd,Ховд,3,Camel,Тэмээ,0.132,25.685,0.513919,,
2021,184,Khovd,Ховд,4,Sheep,Хонь,12.335,1126.291,1.095188,,
2021,184,Khovd,Ховд,5,Goat,Ямаа,20.191,1821.981,1.108189,,
2021,185,Uvs,Увс,0,Total,Бүгд,13.84,3409.252,0.405954,,
2021,185,Uvs,Увс,1,Horse,Адуу,0.843,139.338,0.605004,,
2021,185,Uvs,Увс,2,Cattle,Үхэр,1.177,211.498,0.556506,,
2021,185,Uvs,Увс,3,Camel,Тэмээ,0.114,25.498,0.447094,,
2021,185,Uvs,Увс,4,Sheep,Хонь,5.744,1622.664,0.353986,,
2021,185,Uvs,Увс,5,Goat,Ямаа,5.962,1410.254,0.422761,,
2021,261,Orkhon,Орхон,0,Total,Бүгд,0.575,136.988,0.419745,,
2021,261,Orkhon,Орхон,1,Horse,Адуу,0.042,12.812,0.327818,,
2021,261,Orkhon,Орхон,2,Cattle,Үхэр,0.114,20.335,0.56061,,
2021,261,Orkhon,Орхон,3,Camel,Тэмээ,0,0.057,0.0,,
2021,261,Orkhon,Орхон,4,Sheep,Хонь,0.1,51.249,0.195126,,
2021,261,Orkhon,Орхон,5,Goat,Ямаа,0.319,52.535,0.607214,,
2021,262,Uvurkhangai,Өвөрхангай,0,Total,Бүгд,328.73,4479.058,7.339266,,
2021,262,Uvurkhangai,Өвөрхангай,1,Horse,Адуу,14.609,280.107,5.215507,,
2021,262,Uvurkhangai,Өвөрхангай,2,Cattle,Үхэр,21.617,251.816,8.584443,,
2021,262,Uvurkhangai,Өвөрхангай,3,Camel,Тэмээ,4.791,26.57,18.031615,,
2021,262,Uvurkhangai,Өвөрхангай,4,Sheep,Хонь,130.381,2114.953,6.164723,,
2021,262,Uvurkhangai,Өвөрхангай,5,Goat,Ямаа,157.332,1805.612,8.7135,,
2021,263,Bulgan,Булган,0,Total,Бүгд,29.617,3395.984,0.872118,,
2021,263,Bulgan,Булган,1,Horse,Адуу,1.689,255.116,0.662052,,
2021,263,Bulgan,Булган,2,Cattle,Үхэр,2.33,269.75,0.863763,,
2021,263,Bulgan,Булган,3,Camel,Тэмээ,0.035,1.428,2.45098,,
2021,263,Bulgan,Булган,4,Sheep,Хонь,15.372,1765.722,0.870579,,
2021,263,Bulgan,Булган,5,Goat,Ямаа,10.191,1103.968,0.923125,,
2021,264,Bayankhongor,Баянхонгор,0,Total,Бүгд,812.618,3839.88,21.162588,,
2021,264,Bayankhongor,Баянхонгор,1,Horse,Адуу,30.488,163.263,18.674164,,
2021,264,Bayankhongor,Баянхонгор,2,Cattle,Үхэр,61.691,245.752,25.102949,,
2021,264,Bayankhongor,Баянхонгор,3,Camel,Тэмээ,7.971,55.458,14.373039,,
2021,264,Bayankhongor,Баянхонгор,4,Sheep,Хонь,220.888,1156.207,19.104538,,
2021,264,Bayankhongor,Баянхонгор,5,Goat,Ямаа,491.58,2219.2,22.151226,,
2021,265,Arkhangai,Архангай,0,Total,Бүгд,171.878,5399.927,3.182969,,
2021,265,Arkhangai,Архангай,1,Horse,Адуу,8.658,387.761,2.232819,,
2021,265,Arkhangai,Архангай,2,Cattle,Үхэр,24.495,678.994,3.607543,,
2021,265,Arkhangai,Архангай,3,Camel,Тэмээ,0.062,1.286,4.821151,,
2021,265,Arkhangai,Архангай,4,Sheep,Хонь,86.933,2842.58,3.058243,,
2021,265,Arkhangai,Архангай,5,Goat,Ямаа,51.73,1489.306,3.47343,,
2021,267,Khuvsgul,Хөвсгөл,0,Total,Бүгд,67.558,5500.553,1.228204,,
2021,267,Khuvsgul,Хөвсгөл,1,Horse,Адуу,3.179,271.528,1.170782,,
2021,267,Khuvsgul,Хөвсгөл,2,Cattle,Үхэр,7.089,501.08,1.414744,,
2021,267,Khuvsgul,Хөвсгөл,3,Camel,Тэмээ,0.094,2.284,4.115587,,
2021,267,Khuvsgul,Хөвсгөл,4,Sheep,Хонь,31.891,2622.814,1.215908,,
2021,267,Khuvsgul,Хөвсгөл,5,Goat,Ямаа,25.305,2102.847,1.203369,,
2021,341,Tuv,Төв,0,Total,Бүгд,200.351,4887.52,4.099236,,
2021,341,Tuv,Төв,1,Horse,Адуу,14.752,364.705,4.044913,,
2021,341,Tuv,Төв,2,Cattle,Үхэр,15.081,322.09,4.682232,,
2021,341,Tuv,Төв,3,Camel,Тэмээ,0.159,3.626,4.384997,,
2021,341,Tuv,Төв,4,Sheep,Хонь,93.239,2540.339,3.670337,,
2021,341,Tuv,Төв,5,Goat,Ямаа,77.12,1656.76,4.654869,,
2021,342,Govisumber,Говьсүмбэр,0,Total,Бүгд,39.72,450.997,8.807154,,
2021,342,Govisumber,Говьсүмбэр,1,Horse,Адуу,0.97,22.688,4.275388,,
2021,342,Govisumber,Говьсүмбэр,2,Cattle,Үхэр,0.993,16.348,6.074138,,
2021,342,Govisumber,Говьсүмбэр,3,Camel,Тэмээ,0.014,1.092,1.282051,,
2021,342,Govisumber,Говьсүмбэр,4,Sheep,Хонь,16.829,218.429,7.704563,,
2021,342,Govisumber,Говьсүмбэр,5,Goat,Ямаа,20.914,192.44,10.867803,,
2021,343,Selenge,Сэлэнгэ,0,Total,Бүгд,13.774,1818.519,0.75743,,
2021,343,Selenge,Сэлэнгэ,1,Horse,Адуу,0.933,109.7,0.850501,,
2021,343,Selenge,Сэлэнгэ,2,Cattle,Үхэр,3.274,255.976,1.279026,,
2021,343,Selenge,Сэлэнгэ,3,Camel,Тэмээ,0.002,0.429,0.4662,,
2021,343,Selenge,Сэлэнгэ,4,Sheep,Хонь,4.956,783.402,0.632625,,
2021,343,Selenge,Сэлэнгэ,5,Goat,Ямаа,4.609,669.012,0.688926,,
2021,344,Dornogovi,Дорноговь,0,Total,Бүгд,37.391,2551.545,1.465426,,
2021,344,Dornogovi,Дорноговь,1,Horse,Адуу,1.434,165.032,0.868922,,
2021,344,Dornogovi,Дорноговь,2,Cattle,Үхэр,1.953,103.747,1.882464,,
2021,344,Dornogovi,Дорноговь,3,Camel,Тэмээ,0.147,45.381,0.323924,,
2021,344,Dornogovi,Дорноговь,4,Sheep,Хонь,14.154,1069.688,1.32319,,
2021,344,Dornogovi,Дорноговь,5,Goat,Ямаа,19.703,1167.697,1.687338,,
2021,345,Darkhan-Uul,Дархан-Уул,0,Total,Бүгд,3.042,360.573,0.843657,,
2021,345,Darkhan-Uul,Дархан-Уул,1,Horse,Адуу,0.095,20.267,0.468742,,
2021,345,Darkhan-Uul,Дархан-Уул,2,Cattle,Үхэр,0.527,48.598,1.084407,,
2021,345,Darkhan-Uul,Дархан-Уул,3,Camel,Тэмээ,0,0.071,0.0,,
2021,345,Darkhan-Uul,Дархан-Уул,4,Sheep,Хонь,1.197,161.798,0.739811,,
2021,345,Darkhan-Uul,Дархан-Уул,5,Goat,Ямаа,1.223,129.839,0.941936,,
2021,346,Umnugovi,Өмнөговь,0,Total,Бүгд,129.688,2880.772,4.501849,,
2021,346,Umnugovi,Өмнөговь,1,Horse,Адуу,5.052,110.395,4.576294,,
2021,346,Umnugovi,Өмнөговь,2,Cattle,Үхэр,2.865,33.192,8.631598,,
2021,346,Umnugovi,Өмнөговь,3,Camel,Тэмээ,5.872,166.8,3.520384,,
2021,346,Umnugovi,Өмнөговь,4,Sheep,Хонь,28.525,682.598,4.178887,,
2021,346,Umnugovi,Өмнөговь,5,Goat,Ямаа,87.374,1887.787,4.628382,,
2021,348,Dundgovi,Дундговь,0,Total,Бүгд,491.076,3741.111,13.126475,,
2021,348,Dundgovi,Дундговь,1,Horse,Адуу,10.136,166.456,6.089297,,
2021,348,Dundgovi,Дундговь,2,Cattle,Үхэр,8.79,75.123,11.700811,,
2021,348,Dundgovi,Дундговь,3,Camel,Тэмээ,1.944,41.726,4.658966,,
2021,348,Dundgovi,Дундговь,4,Sheep,Хонь,228.732,1791.217,12.769642,,
2021,348,Dundgovi,Дундговь,5,Goat,Ямаа,241.474,1666.589,14.489115,,
2021,421,Dornod,Дорнод,0,Total,Бүгд,8.556,2749.684,0.311163,,
2021,421,Dornod,Дорнод,1,Horse,Адуу,0.425,324.452,0.13099,,
2021,421,Dornod,Дорнод,2,Cattle,Үхэр,2.215,305.105,0.72598,,
2021,421,Dornod,Дорнод,3,Camel,Тэмээ,0.003,6.217,0.048255,,
2021,421,Dornod,Дорнод,4,Sheep,Хонь,2.741,1303.06,0.210351,,
2021,421,Dornod,Дорнод,5,Goat,Ямаа,3.172,810.85,0.391194,,
2021,422,Sukhbaatar,Сүхбаатар,0,Total,Бүгд,43.43,3893.625,1.115413,,
2021,422,Sukhbaatar,Сүхбаатар,1,Horse,Адуу,2.069,330.957,0.625157,,
2021,422,Sukhbaatar,Сүхбаатар,2,Cattle,Үхэр,4.606,280.91,1.639671,,
2021,422,Sukhbaatar,Сүхбаатар,3,Camel,Тэмээ,0.039,7.614,0.512214,,
2021,422,Sukhbaatar,Сүхбаатар,4,Sheep,Хонь,17.035,1993.905,0.854354,,
2021,422,Sukhbaatar,Сүхбаатар,5,Goat,Ямаа,19.681,1280.239,1.537291,,
2021,423,Khentii,Хэнтий,0,Total,Бүгд,232.396,4667.885,4.978615,,
2021,423,Khentii,Хэнтий,1,Horse,Адуу,9.9,321.514,3.079182,,
2021,423,Khentii,Хэнтий,2,Cattle,Үхэр,13.307,374.718,3.551204,,
2021,423,Khentii,Хэнтий,3,Camel,Тэмээ,0.045,4.024,1.11829,,
2021,423,Khentii,Хэнтий,4,Sheep,Хонь,110.569,2344.743,4.715613,,
2021,423,Khentii,Хэнтий,5,Goat,Ямаа,98.575,1622.886,6.074056,,
2021,511,Ulaanbaatar,Улаанбаатар,0,Total,Бүгд,15.491,468.69,3.30517,,
2021,511,Ulaanbaatar,Улаанбаатар,1,Horse,Адуу,1.573,57.609,2.730476,,
2021,511,Ulaanbaatar,Улаанбаатар,2,Cattle,Үхэр,2.879,89.513,3.216293,,
2021,511,Ulaanbaatar,Улаанбаатар,3,Camel,Тэмээ,0,0.245,0.0,,
2021,511,Ulaanbaatar,Улаанбаатар,4,Sheep,Хонь,5.1,174.896,2.916019,,
2021,511,Ulaanbaatar,Улаанбаатар,5,Goat,Ямаа,5.939,146.427,4.055946,,
2022,0,Total,Улсын дүн,0,Total,Бүгд,667.534,67343.759,0.991234,,
2022,0,Total,Улсын дүн,1,Horse,Адуу,34.244,4324.444,0.791871,,
2022,0,Total,Улсын дүн,2,Cattle,Үхэр,56.785,5022.225,1.130674,,
2022,0,Total,Улсын дүн,3,Camel,Тэмээ,1.956,454.038,0.430801,,
2022,0,Total,Улсын дүн,4,Sheep,Хонь,301.847,31086.963,0.970976,,
2022,0,Total,Улсын дүн,5,Goat,Ямаа,272.702,26456.089,1.030772,,
2022,181,Zavkhan,Завхан,0,Total,Бүгд,16.945,3755.163,0.451245,,
2022,181,Zavkhan,Завхан,1,Horse,Адуу,1.073,252.73,0.424564,,
2022,181,Zavkhan,Завхан,2,Cattle,Үхэр,1.131,245.165,0.461322,,
2022,181,Zavkhan,Завхан,3,Camel,Тэмээ,0.01,8.274,0.120861,,
2022,181,Zavkhan,Завхан,4,Sheep,Хонь,8.412,1919.536,0.438231,,
2022,181,Zavkhan,Завхан,5,Goat,Ямаа,6.319,1329.458,0.475306,,
2022,182,Govi-Altai,Говь-Алтай,0,Total,Бүгд,15.366,2990.505,0.513826,,
2022,182,Govi-Altai,Говь-Алтай,1,Horse,Адуу,0.658,115.475,0.56982,,
2022,182,Govi-Altai,Говь-Алтай,2,Cattle,Үхэр,0.384,69.585,0.551843,,
2022,182,Govi-Altai,Говь-Алтай,3,Camel,Тэмээ,0.071,43.693,0.162497,,
2022,182,Govi-Altai,Говь-Алтай,4,Sheep,Хонь,4.726,885.992,0.533413,,
2022,182,Govi-Altai,Говь-Алтай,5,Goat,Ямаа,9.527,1875.76,0.507901,,
2022,183,Bayan-Ulgii,Баян-Өлгий,0,Total,Бүгд,15.108,2379.013,0.635053,,
2022,183,Bayan-Ulgii,Баян-Өлгий,1,Horse,Адуу,1.116,113.361,0.984466,,
2022,183,Bayan-Ulgii,Баян-Өлгий,2,Cattle,Үхэр,1.718,181.947,0.944231,,
2022,183,Bayan-Ulgii,Баян-Өлгий,3,Camel,Тэмээ,0.033,5.919,0.557527,,
2022,183,Bayan-Ulgii,Баян-Өлгий,4,Sheep,Хонь,4.633,1013.977,0.456914,,
2022,183,Bayan-Ulgii,Баян-Өлгий,5,Goat,Ямаа,7.608,1063.809,0.715166,,
2022,184,Khovd,Ховд,0,Total,Бүгд,39.812,3596.969,1.106821,,
2022,184,Khovd,Ховд,1,Horse,Адуу,1.774,146.646,1.209716,,
2022,184,Khovd,Ховд,2,Cattle,Үхэр,2.308,207.617,1.111662,,
2022,184,Khovd,Ховд,3,Camel,Тэмээ,0.133,27.639,0.481204,,
2022,184,Khovd,Ховд,4,Sheep,Хонь,11.82,1267.809,0.932317,,
2022,184,Khovd,Ховд,5,Goat,Ямаа,23.777,1947.258,1.22105,,
2022,185,Uvs,Увс,0,Total,Бүгд,64.574,3726.399,1.732879,,
2022,185,Uvs,Увс,1,Horse,Адуу,2.086,157.087,1.327927,,
2022,185,Uvs,Увс,2,Cattle,Үхэр,4.291,245.664,1.746695,,
2022,185,Uvs,Увс,3,Camel,Тэмээ,0.229,26.363,0.868642,,
2022,185,Uvs,Увс,4,Sheep,Хонь,28.92,1798.368,1.608125,,
2022,185,Uvs,Увс,5,Goat,Ямаа,29.048,1498.917,1.937933,,
2022,261,Orkhon,Орхон,0,Total,Бүгд,0.798,154.583,0.516228,,
2022,261,Orkhon,Орхон,1,Horse,Адуу,0.096,15.726,0.610454,,
2022,261,Orkhon,Орхон,2,Cattle,Үхэр,0.104,24.291,0.428142,,
2022,261,Orkhon,Орхон,3,Camel,Тэмээ,0,0.064,0.0,,
2022,261,Orkhon,Орхон,4,Sheep,Хонь,0.432,59.648,0.724249,,
2022,261,Orkhon,Орхон,5,Goat,Ямаа,0.166,54.854,0.302622,,
2022,262,Uvurkhangai,Өвөрхангай,0,Total,Бүгд,11.735,4022.69,0.29172,,
2022,262,Uvurkhangai,Өвөрхангай,1,Horse,Адуу,0.778,269.556,0.288623,,
2022,262,Uvurkhangai,Өвөрхангай,2,Cattle,Үхэр,0.615,239.705,0.256565,,
2022,262,Uvurkhangai,Өвөрхангай,3,Camel,Тэмээ,0.008,19.043,0.04201,,
2022,262,Uvurkhangai,Өвөрхангай,4,Sheep,Хонь,5.402,2000.89,0.26998,,
2022,262,Uvurkhangai,Өвөрхангай,5,Goat,Ямаа,4.932,1493.496,0.330232,,
2022,263,Bulgan,Булган,0,Total,Бүгд,33.703,3622.254,0.930443,,
2022,263,Bulgan,Булган,1,Horse,Адуу,2.348,285.671,0.821925,,
2022,263,Bulgan,Булган,2,Cattle,Үхэр,2.787,293.665,0.949041,,
2022,263,Bulgan,Булган,3,Camel,Тэмээ,0.025,1.493,1.674481,,
2022,263,Bulgan,Булган,4,Sheep,Хонь,17.72,1918.925,0.923434,,
2022,263,Bulgan,Булган,5,Goat,Ямаа,10.823,1122.5,0.964187,,
2022,264,Bayankhongor,Баянхонгор,0,Total,Бүгд,10.091,3127.124,0.322693,,
2022,264,Bayankhongor,Баянхонгор,1,Horse,Адуу,0.568,136.633,0.415712,,
2022,264,Bayankhongor,Баянхонгор,2,Cattle,Үхэр,1.328,197.924,0.670965,,
2022,264,Bayankhongor,Баянхонгор,3,Camel,Тэмээ,0.032,45.467,0.070381,,
2022,264,Bayankhongor,Баянхонгор,4,Sheep,Хонь,3.775,951.776,0.396627,,
2022,264,Bayankhongor,Баянхонгор,5,Goat,Ямаа,4.388,1795.324,0.244413,,
2022,265,Arkhangai,Архангай,0,Total,Бүгд,73.336,5562.172,1.318478,,
2022,265,Arkhangai,Архангай,1,Horse,Адуу,3.742,416.318,0.898832,,
2022,265,Arkhangai,Архангай,2,Cattle,Үхэр,6.981,722.169,0.966671,,
2022,265,Arkhangai,Архангай,3,Camel,Тэмээ,0.013,1.667,0.779844,,
2022,265,Arkhangai,Архангай,4,Sheep,Хонь,39.388,2935.059,1.341983,,
2022,265,Arkhangai,Архангай,5,Goat,Ямаа,23.212,1486.959,1.561038,,
2022,267,Khuvsgul,Хөвсгөл,0,Total,Бүгд,66.689,5943.214,1.122103,,
2022,267,Khuvsgul,Хөвсгөл,1,Horse,Адуу,2.754,305.649,0.901034,,
2022,267,Khuvsgul,Хөвсгөл,2,Cattle,Үхэр,6.642,556.105,1.194379,,
2022,267,Khuvsgul,Хөвсгөл,3,Camel,Тэмээ,0.022,2.352,0.935374,,
2022,267,Khuvsgul,Хөвсгөл,4,Sheep,Хонь,30.603,2883.227,1.061415,,
2022,267,Khuvsgul,Хөвсгөл,5,Goat,Ямаа,26.668,2195.881,1.214456,,
2022,341,Tuv,Төв,0,Total,Бүгд,41.803,4746.042,0.880797,,
2022,341,Tuv,Төв,1,Horse,Адуу,2.964,356.831,0.830645,,
2022,341,Tuv,Төв,2,Cattle,Үхэр,3.805,319.967,1.189185,,
2022,341,Tuv,Төв,3,Camel,Тэмээ,0.027,3.662,0.737302,,
2022,341,Tuv,Төв,4,Sheep,Хонь,19.49,2535.482,0.76869,,
2022,341,Tuv,Төв,5,Goat,Ямаа,15.517,1530.1,1.014117,,
2022,342,Govisumber,Говьсүмбэр,0,Total,Бүгд,2.514,432.196,0.581681,,
2022,342,Govisumber,Говьсүмбэр,1,Horse,Адуу,0.124,24.268,0.510961,,
2022,342,Govisumber,Говьсүмбэр,2,Cattle,Үхэр,0.088,17.81,0.494104,,
2022,342,Govisumber,Говьсүмбэр,3,Camel,Тэмээ,0.002,1.067,0.187441,,
2022,342,Govisumber,Говьсүмбэр,4,Sheep,Хонь,1.303,219.42,0.593838,,
2022,342,Govisumber,Говьсүмбэр,5,Goat,Ямаа,0.997,169.631,0.587746,,
2022,343,Selenge,Сэлэнгэ,0,Total,Бүгд,13.372,1886.735,0.708738,,
2022,343,Selenge,Сэлэнгэ,1,Horse,Адуу,1.132,119.931,0.943876,,
2022,343,Selenge,Сэлэнгэ,2,Cattle,Үхэр,2.252,281.565,0.799815,,
2022,343,Selenge,Сэлэнгэ,3,Camel,Тэмээ,0.002,0.467,0.428266,,
2022,343,Selenge,Сэлэнгэ,4,Sheep,Хонь,5.397,849.736,0.635138,,
2022,343,Selenge,Сэлэнгэ,5,Goat,Ямаа,4.589,635.036,0.722636,,
2022,344,Dornogovi,Дорноговь,0,Total,Бүгд,5.611,2706.795,0.207293,,
2022,344,Dornogovi,Дорноговь,1,Horse,Адуу,0.399,183.849,0.217026,,
2022,344,Dornogovi,Дорноговь,2,Cattle,Үхэр,0.277,118.062,0.234622,,
2022,344,Dornogovi,Дорноговь,3,Camel,Тэмээ,0.131,48.335,0.271025,,
2022,344,Dornogovi,Дорноговь,4,Sheep,Хонь,2.387,1158.465,0.206049,,
2022,344,Dornogovi,Дорноговь,5,Goat,Ямаа,2.417,1198.084,0.201739,,
2022,345,Darkhan-Uul,Дархан-Уул,0,Total,Бүгд,2.883,355.327,0.811365,,
2022,345,Darkhan-Uul,Дархан-Уул,1,Horse,Адуу,0.172,22.112,0.777858,,
2022,345,Darkhan-Uul,Дархан-Уул,2,Cattle,Үхэр,0.505,50.913,0.991888,,
2022,345,Darkhan-Uul,Дархан-Уул,3,Camel,Тэмээ,0.001,0.088,1.136364,,
2022,345,Darkhan-Uul,Дархан-Уул,4,Sheep,Хонь,1.432,163.834,0.874055,,
2022,345,Darkhan-Uul,Дархан-Уул,5,Goat,Ямаа,0.773,118.38,0.652982,,
2022,346,Umnugovi,Өмнөговь,0,Total,Бүгд,10.66,2513.805,0.424058,,
2022,346,Umnugovi,Өмнөговь,1,Horse,Адуу,0.732,102.019,0.717513,,
2022,346,Umnugovi,Өмнөговь,2,Cattle,Үхэр,0.155,31.28,0.495524,,
2022,346,Umnugovi,Өмнөговь,3,Camel,Тэмээ,1.051,160.58,0.654502,,
2022,346,Umnugovi,Өмнөговь,4,Sheep,Хонь,2.435,626.707,0.388539,,
2022,346,Umnugovi,Өмнөговь,5,Goat,Ямаа,6.287,1593.219,0.39461,,
2022,348,Dundgovi,Дундговь,0,Total,Бүгд,4.576,3170.484,0.144331,,
2022,348,Dundgovi,Дундговь,1,Horse,Адуу,0.199,158.717,0.12538,,
2022,348,Dundgovi,Дундговь,2,Cattle,Үхэр,0.186,65.726,0.282993,,
2022,348,Dundgovi,Дундговь,3,Camel,Тэмээ,0.052,39.372,0.132074,,
2022,348,Dundgovi,Дундговь,4,Sheep,Хонь,1.488,1533.389,0.09704,,
2022,348,Dundgovi,Дундговь,5,Goat,Ямаа,2.651,1373.28,0.193041,,
2022,421,Dornod,Дорнод,0,Total,Бүгд,10.401,3051.069,0.340897,,
2022,421,Dornod,Дорнод,1,Horse,Адуу,0.498,368.504,0.135141,,
2022,421,Dornod,Дорнод,2,Cattle,Үхэр,2.741,353.221,0.776001,,
2022,421,Dornod,Дорнод,3,Camel,Тэмээ,0.014,6.493,0.215617,,
2022,421,Dornod,Дорнод,4,Sheep,Хонь,3.403,1470.176,0.231469,,
2022,421,Dornod,Дорнод,5,Goat,Ямаа,3.745,852.675,0.439206,,
2022,422,Sukhbaatar,Сүхбаатар,0,Total,Бүгд,15.803,4202.938,0.375999,,
2022,422,Sukhbaatar,Сүхбаатар,1,Horse,Адуу,1.668,364.573,0.457522,,
2022,422,Sukhbaatar,Сүхбаатар,2,Cattle,Үхэр,1.732,308.227,0.561924,,
2022,422,Sukhbaatar,Сүхбаатар,3,Camel,Тэмээ,0.039,7.748,0.503356,,
2022,422,Sukhbaatar,Сүхбаатар,4,Sheep,Хонь,6.076,2179.012,0.278842,,
2022,422,Sukhbaatar,Сүхбаатар,5,Goat,Ямаа,6.288,1343.378,0.468074,,
2022,423,Khentii,Хэнтий,0,Total,Бүгд,204.749,4954.962,4.132201,,
2022,423,Khentii,Хэнтий,1,Horse,Адуу,8.544,346.807,2.463618,,
2022,423,Khentii,Хэнтий,2,Cattle,Үхэр,15.525,407.089,3.813662,,
2022,423,Khentii,Хэнтий,3,Camel,Тэмээ,0.059,4.127,1.42961,,
2022,423,Khentii,Хэнтий,4,Sheep,Хонь,99.992,2546.529,3.9266,,
2022,423,Khentii,Хэнтий,5,Goat,Ямаа,80.629,1650.41,4.885392,,
2022,511,Ulaanbaatar,Улаанбаатар,0,Total,Бүгд,7.005,443.32,1.580123,,
2022,511,Ulaanbaatar,Улаанбаатар,1,Horse,Адуу,0.819,61.981,1.321373,,
2022,511,Ulaanbaatar,Улаанбаатар,2,Cattle,Үхэр,1.23,84.528,1.455139,,
2022,511,Ulaanbaatar,Улаанбаатар,3,Camel,Тэмээ,0.002,0.125,1.6,,
2022,511,Ulaanbaatar,Улаанбаатар,4,Sheep,Хонь,2.613,169.006,1.546099,,
2022,511,Ulaanbaatar,Улаанбаатар,5,Goat,Ямаа,2.341,127.68,1.83349,,
2023,0,Total,Улсын дүн,0,Total,Бүгд,4921.492,71121.451,6.919842,,
2023,0,Total,Улсын дүн,1,Horse,Адуу,269.654,4821.066,5.593244,,
2023,0,Total,Улсын дүн,2,Cattle,Үхэр,415.469,5512.839,7.536389,,
2023,0,Total,Улсын дүн,3,Camel,Тэмээ,8.837,470.469,1.878338,,
2023,0,Total,Улсын дүн,4,Sheep,Хонь,2174.219,32747.682,6.639307,,
2023,0,Total,Улсын дүн,5,Goat,Ямаа,2053.313,27569.395,7.447799,,
2023,181,Zavkhan,Завхан,0,Total,Бүгд,235.312,3721.059,6.323791,,
2023,181,Zavkhan,Завхан,1,Horse,Адуу,15.058,271.568,5.544836,,
2023,181,Zavkhan,Завхан,2,Cattle,Үхэр,20.907,265.477,7.875258,,
2023,181,Zavkhan,Завхан,3,Camel,Тэмээ,0.045,8.701,0.517182,,
2023,181,Zavkhan,Завхан,4,Sheep,Хонь,101.618,1888.615,5.380557,,
2023,181,Zavkhan,Завхан,5,Goat,Ямаа,97.684,1286.698,7.591836,,
2023,182,Govi-Altai,Говь-Алтай,0,Total,Бүгд,157.021,3167.468,4.957303,,
2023,182,Govi-Altai,Говь-Алтай,1,Horse,Адуу,5.788,127.588,4.536477,,
2023,182,Govi-Altai,Говь-Алтай,2,Cattle,Үхэр,4.776,74.812,6.384003,,
2023,182,Govi-Altai,Говь-Алтай,3,Camel,Тэмээ,0.328,45.367,0.722992,,
2023,182,Govi-Altai,Говь-Алтай,4,Sheep,Хонь,51.975,932.424,5.574181,,
2023,182,Govi-Altai,Говь-Алтай,5,Goat,Ямаа,94.154,1987.277,4.73784,,
2023,183,Bayan-Ulgii,Баян-Өлгий,0,Total,Бүгд,110.632,2255.805,4.904325,,
2023,183,Bayan-Ulgii,Баян-Өлгий,1,Horse,Адуу,7.269,116.745,6.226391,,
2023,183,Bayan-Ulgii,Баян-Өлгий,2,Cattle,Үхэр,13.571,186.313,7.283979,,
2023,183,Bayan-Ulgii,Баян-Өлгий,3,Camel,Тэмээ,0.094,6.127,1.534193,,
2023,183,Bayan-Ulgii,Баян-Өлгий,4,Sheep,Хонь,39.219,979.228,4.005094,,
2023,183,Bayan-Ulgii,Баян-Өлгий,5,Goat,Ямаа,50.479,967.392,5.21805,,
2023,184,Khovd,Ховд,0,Total,Бүгд,294.411,3472.854,8.477494,,
2023,184,Khovd,Ховд,1,Horse,Адуу,16.975,149.331,11.367365,,
2023,184,Khovd,Ховд,2,Cattle,Үхэр,20.511,205.227,9.994299,,
2023,184,Khovd,Ховд,3,Camel,Тэмээ,0.603,29.557,2.040126,,
2023,184,Khovd,Ховд,4,Sheep,Хонь,96.267,1242.835,7.745759,,
2023,184,Khovd,Ховд,5,Goat,Ямаа,160.055,1845.904,8.670819,,
2023,185,Uvs,Увс,0,Total,Бүгд,413.825,3513.847,11.776978,,
2023,185,Uvs,Увс,1,Horse,Адуу,15.632,166.476,9.389942,,
2023,185,Uvs,Увс,2,Cattle,Үхэр,30.527,255.786,11.934586,,
2023,185,Uvs,Увс,3,Camel,Тэмээ,1.232,27.234,4.523757,,
2023,185,Uvs,Увс,4,Sheep,Хонь,193.113,1711.073,11.286076,,
2023,185,Uvs,Увс,5,Goat,Ямаа,173.321,1353.278,12.807494,,
2023,261,Orkhon,Орхон,0,Total,Бүгд,3.172,169.94,1.866541,,
2023,261,Orkhon,Орхон,1,Horse,Адуу,0.265,17.374,1.525268,,
2023,261,Orkhon,Орхон,2,Cattle,Үхэр,0.633,27.588,2.294476,,
2023,261,Orkhon,Орхон,3,Camel,Тэмээ,0.001,0.081,1.234568,,
2023,261,Orkhon,Орхон,4,Sheep,Хонь,0.973,66.299,1.467594,,
2023,261,Orkhon,Орхон,5,Goat,Ямаа,1.3,58.598,2.218506,,
2023,262,Uvurkhangai,Өвөрхангай,0,Total,Бүгд,178.733,4590.411,3.893616,,
2023,262,Uvurkhangai,Өвөрхангай,1,Horse,Адуу,10.71,320.154,3.345265,,
2023,262,Uvurkhangai,Өвөрхангай,2,Cattle,Үхэр,11.541,277.639,4.156837,,
2023,262,Uvurkhangai,Өвөрхангай,3,Camel,Тэмээ,0.065,19.262,0.337452,,
2023,262,Uvurkhangai,Өвөрхангай,4,Sheep,Хонь,84.512,2265.197,3.73089,,
2023,262,Uvurkhangai,Өвөрхангай,5,Goat,Ямаа,71.905,1708.159,4.209503,,
2023,263,Bulgan,Булган,0,Total,Бүгд,263.818,3892.842,6.777003,,
2023,263,Bulgan,Булган,1,Horse,Адуу,15.732,331.775,4.741768,,
2023,263,Bulgan,Булган,2,Cattle,Үхэр,18.721,332.213,5.63524,,
2023,263,Bulgan,Булган,3,Camel,Тэмээ,0.025,1.571,1.591343,,
2023,263,Bulgan,Булган,4,Sheep,Хонь,136.347,2037.78,6.690958,,
2023,263,Bulgan,Булган,5,Goat,Ямаа,92.993,1189.503,7.817803,,
2023,264,Bayankhongor,Баянхонгор,0,Total,Бүгд,42.739,3719.593,1.149024,,
2023,264,Bayankhongor,Баянхонгор,1,Horse,Адуу,2.531,160.373,1.578196,,
2023,264,Bayankhongor,Баянхонгор,2,Cattle,Үхэр,6.337,222.957,2.842252,,
2023,264,Bayankhongor,Баянхонгор,3,Camel,Тэмээ,0.069,45.529,0.151552,,
2023,264,Bayankhongor,Баянхонгор,4,Sheep,Хонь,13.49,1108.033,1.217473,,
2023,264,Bayankhongor,Баянхонгор,5,Goat,Ямаа,20.312,2182.701,0.93059,,
2023,265,Arkhangai,Архангай,0,Total,Бүгд,682.28,5886.088,11.5914,,
2023,265,Arkhangai,Архангай,1,Horse,Адуу,46.412,467.966,9.917815,,
2023,265,Arkhangai,Архангай,2,Cattle,Үхэр,88.306,814.548,10.841105,,
2023,265,Arkhangai,Архангай,3,Camel,Тэмээ,0.106,1.719,6.166376,,
2023,265,Arkhangai,Архангай,4,Sheep,Хонь,342.92,3074.961,11.152011,,
2023,265,Arkhangai,Архангай,5,Goat,Ямаа,204.536,1526.894,13.39556,,
2023,267,Khuvsgul,Хөвсгөл,0,Total,Бүгд,283.197,6254.095,4.528185,,
2023,267,Khuvsgul,Хөвсгөл,1,Horse,Адуу,11.438,348.461,3.282433,,
2023,267,Khuvsgul,Хөвсгөл,2,Cattle,Үхэр,26.097,627.529,4.158692,,
2023,267,Khuvsgul,Хөвсгөл,3,Camel,Тэмээ,0.051,2.507,2.034304,,
2023,267,Khuvsgul,Хөвсгөл,4,Sheep,Хонь,138.803,3034.279,4.574497,,
2023,267,Khuvsgul,Хөвсгөл,5,Goat,Ямаа,106.808,2241.319,4.765408,,
2023,341,Tuv,Төв,0,Total,Бүгд,198.285,5107.698,3.882082,,
2023,341,Tuv,Төв,1,Horse,Адуу,10.881,398.765,2.728675,,
2023,341,Tuv,Төв,2,Cattle,Үхэр,16.823,348.849,4.82243,,
2023,341,Tuv,Төв,3,Camel,Тэмээ,0.039,3.975,0.981132,,
2023,341,Tuv,Төв,4,Sheep,Хонь,95.94,2727.414,3.517618,,
2023,341,Tuv,Төв,5,Goat,Ямаа,74.602,1628.695,4.580477,,
2023,342,Govisumber,Говьсүмбэр,0,Total,Бүгд,4.902,464.294,1.055797,,
2023,342,Govisumber,Говьсүмбэр,1,Horse,Адуу,0.179,27.731,0.645487,,
2023,342,Govisumber,Говьсүмбэр,2,Cattle,Үхэр,0.217,19.721,1.10035,,
2023,342,Govisumber,Говьсүмбэр,3,Camel,Тэмээ,0.004,1.004,0.398406,,
2023,342,Govisumber,Говьсүмбэр,4,Sheep,Хонь,2.011,236.019,0.85205,,
2023,342,Govisumber,Говьсүмбэр,5,Goat,Ямаа,2.491,179.819,1.385282,,
2023,343,Selenge,Сэлэнгэ,0,Total,Бүгд,67.606,1912.34,3.53525,,
2023,343,Selenge,Сэлэнгэ,1,Horse,Адуу,3.926,129.223,3.038159,,
2023,343,Selenge,Сэлэнгэ,2,Cattle,Үхэр,12.231,298.458,4.098064,,
2023,343,Selenge,Сэлэнгэ,3,Camel,Тэмээ,0.009,0.553,1.627486,,
2023,343,Selenge,Сэлэнгэ,4,Sheep,Хонь,25.419,857.442,2.964515,,
2023,343,Selenge,Сэлэнгэ,5,Goat,Ямаа,26.021,626.664,4.152305,,
2023,344,Dornogovi,Дорноговь,0,Total,Бүгд,158.67,2909.698,5.453143,,
2023,344,Dornogovi,Дорноговь,1,Horse,Адуу,12.67,202.203,6.26598,,
2023,344,Dornogovi,Дорноговь,2,Cattle,Үхэр,13.056,131.499,9.928593,,
2023,344,Dornogovi,Дорноговь,3,Camel,Тэмээ,0.483,52.631,0.91771,,
2023,344,Dornogovi,Дорноговь,4,Sheep,Хонь,47.232,1245.05,3.793583,,
2023,344,Dornogovi,Дорноговь,5,Goat,Ямаа,85.229,1278.315,6.667292,,
2023,345,Darkhan-Uul,Дархан-Уул,0,Total,Бүгд,28.537,313.213,9.111052,,
2023,345,Darkhan-Uul,Дархан-Уул,1,Horse,Адуу,0.498,21.623,2.303103,,
2023,345,Darkhan-Uul,Дархан-Уул,2,Cattle,Үхэр,2.276,48.378,4.704618,,
2023,345,Darkhan-Uul,Дархан-Уул,3,Camel,Тэмээ,0,0.049,0.0,,
2023,345,Darkhan-Uul,Дархан-Уул,4,Sheep,Хонь,12.251,140.567,8.715417,,
2023,345,Darkhan-Uul,Дархан-Уул,5,Goat,Ямаа,13.512,102.596,13.170104,,
2023,346,Umnugovi,Өмнөговь,0,Total,Бүгд,169.64,2637.329,6.432265,,
2023,346,Umnugovi,Өмнөговь,1,Horse,Адуу,6.453,112.45,5.73855,,
2023,346,Umnugovi,Өмнөговь,2,Cattle,Үхэр,3.122,34.763,8.980813,,
2023,346,Umnugovi,Өмнөговь,3,Camel,Тэмээ,5.055,164.766,3.067987,,
2023,346,Umnugovi,Өмнөговь,4,Sheep,Хонь,30.046,675.72,4.446516,,
2023,346,Umnugovi,Өмнөговь,5,Goat,Ямаа,124.964,1649.63,7.575274,,
2023,348,Dundgovi,Дундговь,0,Total,Бүгд,48.273,3626.37,1.331166,,
2023,348,Dundgovi,Дундговь,1,Horse,Адуу,1.809,183.067,0.988163,,
2023,348,Dundgovi,Дундговь,2,Cattle,Үхэр,1.127,74.535,1.512041,,
2023,348,Dundgovi,Дундговь,3,Camel,Тэмээ,0.214,41.138,0.5202,,
2023,348,Dundgovi,Дундговь,4,Sheep,Хонь,16.047,1724.215,0.930684,,
2023,348,Dundgovi,Дундговь,5,Goat,Ямаа,29.076,1603.415,1.81338,,
2023,421,Dornod,Дорнод,0,Total,Бүгд,100.833,3342.317,3.016859,,
2023,421,Dornod,Дорнод,1,Horse,Адуу,6.292,420.154,1.497546,,
2023,421,Dornod,Дорнод,2,Cattle,Үхэр,17.091,401.882,4.252741,,
2023,421,Dornod,Дорнод,3,Camel,Тэмээ,0.041,6.459,0.634773,,
2023,421,Dornod,Дорнод,4,Sheep,Хонь,42.502,1615.402,2.631048,,
2023,421,Dornod,Дорнод,5,Goat,Ямаа,34.907,898.42,3.885377,,
2023,422,Sukhbaatar,Сүхбаатар,0,Total,Бүгд,578.448,4644.799,12.453671,,
2023,422,Sukhbaatar,Сүхбаатар,1,Horse,Адуу,27.248,402.53,6.769185,,
2023,422,Sukhbaatar,Сүхбаатар,2,Cattle,Үхэр,30.432,341.822,8.902879,,
2023,422,Sukhbaatar,Сүхбаатар,3,Camel,Тэмээ,0.102,7.981,1.278035,,
2023,422,Sukhbaatar,Сүхбаатар,4,Sheep,Хонь,272.52,2410.038,11.307706,,
2023,422,Sukhbaatar,Сүхбаатар,5,Goat,Ямаа,248.146,1482.428,16.73916,,
2023,423,Khentii,Хэнтий,0,Total,Бүгд,858.344,5076.55,16.908018,,
2023,423,Khentii,Хэнтий,1,Horse,Адуу,47.897,376.594,12.718471,,
2023,423,Khentii,Хэнтий,2,Cattle,Үхэр,71.53,434.836,16.44988,,
2023,423,Khentii,Хэнтий,3,Camel,Тэмээ,0.267,4.127,6.469591,,
2023,423,Khentii,Хэнтий,4,Sheep,Хонь,412.17,2610.766,15.787321,,
2023,423,Khentii,Хэнтий,5,Goat,Ямаа,326.48,1650.227,19.783945,,
2023,511,Ulaanbaatar,Улаанбаатар,0,Total,Бүгд,42.814,442.841,9.66803,,
2023,511,Ulaanbaatar,Улаанбаатар,1,Horse,Адуу,3.991,68.915,5.791192,,
2023,511,Ulaanbaatar,Улаанбаатар,2,Cattle,Үхэр,5.637,88.007,6.405172,,
2023,511,Ulaanbaatar,Улаанбаатар,3,Camel,Тэмээ,0.004,0.131,3.053435,,
2023,511,Ulaanbaatar,Улаанбаатар,4,Sheep,Хонь,18.844,164.325,11.467519,,
2023,511,Ulaanbaatar,Улаанбаатар,5,Goat,Ямаа,14.338,121.463,11.804418,,
2024,0,Total,Улсын дүн,0,Total,Бүгд,9364.083,64681.876,14.477136,,
2024,0,Total,Улсын дүн,1,Horse,Адуу,558.871,4829.688,11.571576,,
2024,0,Total,Улсын дүн,2,Cattle,Үхэр,800.121,5350.755,14.953422,,
2024,0,Total,Улсын дүн,3,Camel,Тэмээ,11.247,473.853,2.373521,,
2024,0,Total,Улсын дүн,4,Sheep,Хонь,5037.614,29409.352,17.129293,,
2024,0,Total,Улсын дүн,5,Goat,Ямаа,2956.23,24618.228,12.008297,,
2024,181,Zavkhan,Завхан,0,Total,Бүгд,245.65,3067.551,8.008017,,
2024,181,Zavkhan,Завхан,1,Horse,Адуу,20.312,253.415,8.015311,,
2024,181,Zavkhan,Завхан,2,Cattle,Үхэр,39.109,236.41,16.54287,,
2024,181,Zavkhan,Завхан,3,Camel,Тэмээ,0.043,8.686,0.49505,,
2024,181,Zavkhan,Завхан,4,Sheep,Хонь,113.089,1518.881,7.445547,,
2024,181,Zavkhan,Завхан,5,Goat,Ямаа,73.097,1050.159,6.960565,,
2024,182,Govi-Altai,Говь-Алтай,0,Total,Бүгд,131.593,3013.207,4.367207,,
2024,182,Govi-Altai,Говь-Алтай,1,Horse,Адуу,4.225,124.478,3.394174,,
2024,182,Govi-Altai,Говь-Алтай,2,Cattle,Үхэр,3.572,74.624,4.786664,,
2024,182,Govi-Altai,Говь-Алтай,3,Camel,Тэмээ,0.346,47.404,0.729896,,
2024,182,Govi-Altai,Говь-Алтай,4,Sheep,Хонь,39.182,882.39,4.44044,,
2024,182,Govi-Altai,Говь-Алтай,5,Goat,Ямаа,84.268,1884.311,4.472086,,
2024,183,Bayan-Ulgii,Баян-Өлгий,0,Total,Бүгд,78.844,2046.095,3.853389,,
2024,183,Bayan-Ulgii,Баян-Өлгий,1,Horse,Адуу,5.393,115.834,4.655801,,
2024,183,Bayan-Ulgii,Баян-Өлгий,2,Cattle,Үхэр,10.931,175.527,6.227532,,
2024,183,Bayan-Ulgii,Баян-Өлгий,3,Camel,Тэмээ,0.051,6.231,0.818488,,
2024,183,Bayan-Ulgii,Баян-Өлгий,4,Sheep,Хонь,26.446,876.737,3.016412,,
2024,183,Bayan-Ulgii,Баян-Өлгий,5,Goat,Ямаа,36.023,871.766,4.132187,,
2024,184,Khovd,Ховд,0,Total,Бүгд,79.615,3194.895,2.491944,,
2024,184,Khovd,Ховд,1,Horse,Адуу,2.497,142.926,1.747058,,
2024,184,Khovd,Ховд,2,Cattle,Үхэр,4.394,196.193,2.239631,,
2024,184,Khovd,Ховд,3,Camel,Тэмээ,0.19,30.715,0.61859,,
2024,184,Khovd,Ховд,4,Sheep,Хонь,31.133,1147.127,2.713998,,
2024,184,Khovd,Ховд,5,Goat,Ямаа,41.401,1677.934,2.46738,,
2024,185,Uvs,Увс,0,Total,Бүгд,261.702,2994.489,8.739454,,
2024,185,Uvs,Увс,1,Horse,Адуу,15.385,158.606,9.700137,,
2024,185,Uvs,Увс,2,Cattle,Үхэр,17.19,224.841,7.645403,,
2024,185,Uvs,Увс,3,Camel,Тэмээ,0.412,25.878,1.592086,,
2024,185,Uvs,Увс,4,Sheep,Хонь,135.242,1428.15,9.469734,,
2024,185,Uvs,Увс,5,Goat,Ямаа,93.473,1157.014,8.078813,,
2024,261,Orkhon,Орхон,0,Total,Бүгд,8.499,175.329,4.847458,,
2024,261,Orkhon,Орхон,1,Horse,Адуу,0.754,21.163,3.562822,,
2024,261,Orkhon,Орхон,2,Cattle,Үхэр,1.649,31.981,5.156186,,
2024,261,Orkhon,Орхон,3,Camel,Тэмээ,0.001,0.075,1.333333,,
2024,261,Orkhon,Орхон,4,Sheep,Хонь,2.872,68.005,4.223219,,
2024,261,Orkhon,Орхон,5,Goat,Ямаа,3.223,54.105,5.956936,,
2024,262,Uvurkhangai,Өвөрхангай,0,Total,Бүгд,115.236,4734.685,2.433868,,
2024,262,Uvurkhangai,Өвөрхангай,1,Horse,Адуу,5.823,349.391,1.666614,,
2024,262,Uvurkhangai,Өвөрхангай,2,Cattle,Үхэр,4.665,312.362,1.49346,,
2024,262,Uvurkhangai,Өвөрхангай,3,Camel,Тэмээ,0.07,20.682,0.338459,,
2024,262,Uvurkhangai,Өвөрхангай,4,Sheep,Хонь,59.709,2324.75,2.568405,,
2024,262,Uvurkhangai,Өвөрхангай,5,Goat,Ямаа,44.969,1727.5,2.603126,,
2024,263,Bulgan,Булган,0,Total,Бүгд,606.511,3622.884,16.74111,,
2024,263,Bulgan,Булган,1,Horse,Адуу,36.352,351.114,10.353333,,
2024,263,Bulgan,Булган,2,Cattle,Үхэр,29.7,347.196,8.554246,,
2024,263,Bulgan,Булган,3,Camel,Тэмээ,0.077,2.029,3.794973,,
2024,263,Bulgan,Булган,4,Sheep,Хонь,390.499,1866.588,20.920471,,
2024,263,Bulgan,Булган,5,Goat,Ямаа,149.883,1055.957,14.194044,,
2024,264,Bayankhongor,Баянхонгор,0,Total,Бүгд,310.735,4072.203,7.630636,,
2024,264,Bayankhongor,Баянхонгор,1,Horse,Адуу,14.403,177.295,8.123749,,
2024,264,Bayankhongor,Баянхонгор,2,Cattle,Үхэр,38.618,238.203,16.212222,,
2024,264,Bayankhongor,Баянхонгор,3,Camel,Тэмээ,0.954,48.948,1.949007,,
2024,264,Bayankhongor,Баянхонгор,4,Sheep,Хонь,101.29,1218.431,8.31315,,
2024,264,Bayankhongor,Баянхонгор,5,Goat,Ямаа,155.47,2389.326,6.506856,,
2024,265,Arkhangai,Архангай,0,Total,Бүгд,993.317,4847.415,20.491685,,
2024,265,Arkhangai,Архангай,1,Horse,Адуу,56.721,448.52,12.646259,,
2024,265,Arkhangai,Архангай,2,Cattle,Үхэр,153.634,740.95,20.734732,,
2024,265,Arkhangai,Архангай,3,Camel,Тэмээ,0.052,1.496,3.475936,,
2024,265,Arkhangai,Архангай,4,Sheep,Хонь,571.934,2391.975,23.910534,,
2024,265,Arkhangai,Архангай,5,Goat,Ямаа,210.976,1264.474,16.684882,,
2024,267,Khuvsgul,Хөвсгөл,0,Total,Бүгд,466.282,5662.001,8.235286,,
2024,267,Khuvsgul,Хөвсгөл,1,Horse,Адуу,21.37,362.678,5.892279,,
2024,267,Khuvsgul,Хөвсгөл,2,Cattle,Үхэр,59.855,636.994,9.396478,,
2024,267,Khuvsgul,Хөвсгөл,3,Camel,Тэмээ,0.095,2.471,3.844597,,
2024,267,Khuvsgul,Хөвсгөл,4,Sheep,Хонь,243.23,2653.961,9.164792,,
2024,267,Khuvsgul,Хөвсгөл,5,Goat,Ямаа,141.732,2005.897,7.065767,,
2024,341,Tuv,Төв,0,Total,Бүгд,843.125,4933.006,17.091506,,
2024,341,Tuv,Төв,1,Horse,Адуу,39.014,425.247,9.174433,,
2024,341,Tuv,Төв,2,Cattle,Үхэр,32.209,355.01,9.072702,,
2024,341,Tuv,Төв,3,Camel,Тэмээ,0.109,4.108,2.653359,,
2024,341,Tuv,Төв,4,Sheep,Хонь,507.874,2642.675,19.218179,,
2024,341,Tuv,Төв,5,Goat,Ямаа,263.919,1505.966,17.524898,,
2024,342,Govisumber,Говьсүмбэр,0,Total,Бүгд,144.718,450.143,32.149339,,
2024,342,Govisumber,Говьсүмбэр,1,Horse,Адуу,9.306,30.797,30.217229,,
2024,342,Govisumber,Говьсүмбэр,2,Cattle,Үхэр,6.94,22.314,31.101551,,
2024,342,Govisumber,Говьсүмбэр,3,Camel,Тэмээ,0.068,1.022,6.65362,,
2024,342,Govisumber,Говьсүмбэр,4,Sheep,Хонь,78.701,227.757,34.554811,,
2024,342,Govisumber,Говьсүмбэр,5,Goat,Ямаа,49.703,168.253,29.540632,,
2024,343,Selenge,Сэлэнгэ,0,Total,Бүгд,71.866,1769.402,4.061598,,
2024,343,Selenge,Сэлэнгэ,1,Horse,Адуу,4.399,140.336,3.13462,,
2024,343,Selenge,Сэлэнгэ,2,Cattle,Үхэр,9.261,303.296,3.053453,,
2024,343,Selenge,Сэлэнгэ,3,Camel,Тэмээ,0.007,0.591,1.184433,,
2024,343,Selenge,Сэлэнгэ,4,Sheep,Хонь,31.893,787.932,4.047684,,
2024,343,Selenge,Сэлэнгэ,5,Goat,Ямаа,26.306,537.247,4.896444,,
2024,344,Dornogovi,Дорноговь,0,Total,Бүгд,682.705,2294.815,29.749893,,
2024,344,Dornogovi,Дорноговь,1,Horse,Адуу,56.077,171.706,32.658731,,
2024,344,Dornogovi,Дорноговь,2,Cattle,Үхэр,38.138,108.077,35.287804,,
2024,344,Dornogovi,Дорноговь,3,Camel,Тэмээ,0.806,54.537,1.477896,,
2024,344,Dornogovi,Дорноговь,4,Sheep,Хонь,351.454,997.722,35.225644,,
2024,344,Dornogovi,Дорноговь,5,Goat,Ямаа,236.23,962.773,24.536417,,
2024,345,Darkhan-Uul,Дархан-Уул,0,Total,Бүгд,6.378,261.286,2.441003,,
2024,345,Darkhan-Uul,Дархан-Уул,1,Horse,Адуу,0.441,21.938,2.010211,,
2024,345,Darkhan-Uul,Дархан-Уул,2,Cattle,Үхэр,0.996,46.008,2.164841,,
2024,345,Darkhan-Uul,Дархан-Уул,3,Camel,Тэмээ,0,0.007,0.0,,
2024,345,Darkhan-Uul,Дархан-Уул,4,Sheep,Хонь,2.705,112.192,2.411045,,
2024,345,Darkhan-Uul,Дархан-Уул,5,Goat,Ямаа,2.236,81.141,2.755697,,
2024,346,Umnugovi,Өмнөговь,0,Total,Бүгд,81.791,2042.001,4.005434,,
2024,346,Umnugovi,Өмнөговь,1,Horse,Адуу,5.895,92.746,6.356069,,
2024,346,Umnugovi,Өмнөговь,2,Cattle,Үхэр,1.615,27.57,5.857816,,
2024,346,Umnugovi,Өмнөговь,3,Camel,Тэмээ,5.19,157.179,3.301968,,
2024,346,Umnugovi,Өмнөговь,4,Sheep,Хонь,22.356,547.301,4.084772,,
2024,346,Umnugovi,Өмнөговь,5,Goat,Ямаа,46.735,1217.205,3.839534,,
2024,348,Dundgovi,Дундговь,0,Total,Бүгд,437.573,3661.115,11.951905,,
2024,348,Dundgovi,Дундговь,1,Horse,Адуу,41.587,194.643,21.365782,,
2024,348,Dundgovi,Дундговь,2,Cattle,Үхэр,8.559,85.52,10.008185,,
2024,348,Dundgovi,Дундговь,3,Camel,Тэмээ,1.635,43.708,3.740734,,
2024,348,Dundgovi,Дундговь,4,Sheep,Хонь,211.821,1759.946,12.035653,,
2024,348,Dundgovi,Дундговь,5,Goat,Ямаа,173.971,1577.298,11.029685,,
2024,421,Dornod,Дорнод,0,Total,Бүгд,433.315,3151.701,13.748607,,
2024,421,Dornod,Дорнод,1,Horse,Адуу,35.015,443.794,7.889922,,
2024,421,Dornod,Дорнод,2,Cattle,Үхэр,78.912,391.54,20.154263,,
2024,421,Dornod,Дорнод,3,Camel,Тэмээ,0.149,6.462,2.305788,,
2024,421,Dornod,Дорнод,4,Sheep,Хонь,193.421,1514.533,12.770999,,
2024,421,Dornod,Дорнод,5,Goat,Ямаа,125.818,795.372,15.818762,,
2024,422,Sukhbaatar,Сүхбаатар,0,Total,Бүгд,1824.993,3859.471,47.286092,,
2024,422,Sukhbaatar,Сүхбаатар,1,Horse,Адуу,72.992,366.346,19.924334,,
2024,422,Sukhbaatar,Сүхбаатар,2,Cattle,Үхэр,135.778,303.503,44.736955,,
2024,422,Sukhbaatar,Сүхбаатар,3,Camel,Тэмээ,0.327,7.556,4.327687,,
2024,422,Sukhbaatar,Сүхбаатар,4,Sheep,Хонь,1067.094,2020.178,52.821781,,
2024,422,Sukhbaatar,Сүхбаатар,5,Goat,Ямаа,548.802,1161.888,47.23364,,
2024,423,Khentii,Хэнтий,0,Total,Бүгд,1506.234,4400.998,34.224828,,
2024,423,Khentii,Хэнтий,1,Horse,Адуу,107.218,358.245,29.92868,,
2024,423,Khentii,Хэнтий,2,Cattle,Үхэр,120.549,405.713,29.712876,,
2024,423,Khentii,Хэнтий,3,Camel,Тэмээ,0.663,3.974,16.683442,,
2024,423,Khentii,Хэнтий,4,Sheep,Хонь,840.267,2266.517,37.073051,,
2024,423,Khentii,Хэнтий,5,Goat,Ямаа,437.537,1366.549,32.017659,,
2024,511,Ulaanbaatar,Улаанбаатар,0,Total,Бүгд,33.401,427.184,7.818879,,
2024,511,Ulaanbaatar,Улаанбаатар,1,Horse,Адуу,3.692,78.47,4.704983,,
2024,511,Ulaanbaatar,Улаанбаатар,2,Cattle,Үхэр,3.847,86.923,4.425756,,
2024,511,Ulaanbaatar,Улаанбаатар,3,Camel,Тэмээ,0.002,0.094,2.12766,,
2024,511,Ulaanbaatar,Улаанбаатар,4,Sheep,Хонь,15.402,155.604,9.898203,,
2024,511,Ulaanbaatar,Улаанбаатар,5,Goat,Ямаа,10.458,106.093,9.857389,,
2025,0,Total,Улсын дүн,0,Total,Бүгд,358.942,57649.656,0.622626,,
2025,0,Total,Улсын дүн,1,Horse,Адуу,37.153,4683.233,0.793319,,
2025,0,Total,Улсын дүн,2,Cattle,Үхэр,45.466,5074.552,0.895961,,
2025,0,Total,Улсын дүн,3,Camel,Тэмээ,1.826,480.567,0.379968,,
2025,0,Total,Улсын дүн,4,Sheep,Хонь,139.625,24491.124,0.570104,,
2025,0,Total,Улсын дүн,5,Goat,Ямаа,134.872,22920.18,0.588442,,
2025,181,Zavkhan,Завхан,0,Total,Бүгд,9.108,3008.248,0.302768,,
2025,181,Zavkhan,Завхан,1,Horse,Адуу,1.239,246.955,0.501711,,
2025,181,Zavkhan,Завхан,2,Cattle,Үхэр,1.043,220.275,0.473499,,
2025,181,Zavkhan,Завхан,3,Camel,Тэмээ,0.064,9.017,0.70977,,
2025,181,Zavkhan,Завхан,4,Sheep,Хонь,3.556,1442.618,0.246496,,
2025,181,Zavkhan,Завхан,5,Goat,Ямаа,3.206,1089.383,0.294295,,
2025,182,Govi-Altai,Говь-Алтай,0,Total,Бүгд,23.522,3095.253,0.759938,,
2025,182,Govi-Altai,Говь-Алтай,1,Horse,Адуу,1.467,130.007,1.128401,,
2025,182,Govi-Altai,Говь-Алтай,2,Cattle,Үхэр,1.279,81.849,1.562634,,
2025,182,Govi-Altai,Говь-Алтай,3,Camel,Тэмээ,0.454,50.089,0.906387,,
2025,182,Govi-Altai,Говь-Алтай,4,Sheep,Хонь,6.509,914.193,0.711994,,
2025,182,Govi-Altai,Говь-Алтай,5,Goat,Ямаа,13.813,1919.115,0.719759,,
2025,183,Bayan-Ulgii,Баян-Өлгий,0,Total,Бүгд,17.34,2125.12,0.815954,,
2025,183,Bayan-Ulgii,Баян-Өлгий,1,Horse,Адуу,1.87,124.862,1.497653,,
2025,183,Bayan-Ulgii,Баян-Өлгий,2,Cattle,Үхэр,2.811,183.885,1.528673,,
2025,183,Bayan-Ulgii,Баян-Өлгий,3,Camel,Тэмээ,0.017,6.717,0.253089,,
2025,183,Bayan-Ulgii,Баян-Өлгий,4,Sheep,Хонь,5.522,905.924,0.609543,,
2025,183,Bayan-Ulgii,Баян-Өлгий,5,Goat,Ямаа,7.12,903.732,0.787844,,
2025,184,Khovd,Ховд,0,Total,Бүгд,38.126,3491.1,1.092091,,
2025,184,Khovd,Ховд,1,Horse,Адуу,2.3,157.4,1.461245,,
2025,184,Khovd,Ховд,2,Cattle,Үхэр,3.677,219.201,1.677456,,
2025,184,Khovd,Ховд,3,Camel,Тэмээ,0.134,35.021,0.382628,,
2025,184,Khovd,Ховд,4,Sheep,Хонь,13.036,1262.019,1.032948,,
2025,184,Khovd,Ховд,5,Goat,Ямаа,18.979,1817.459,1.04426,,
2025,185,Uvs,Увс,0,Total,Бүгд,40.403,2935.537,1.376341,,
2025,185,Uvs,Увс,1,Horse,Адуу,2.205,154.861,1.423858,,
2025,185,Uvs,Увс,2,Cattle,Үхэр,2.914,229.891,1.267557,,
2025,185,Uvs,Увс,3,Camel,Тэмээ,0.373,26.443,1.410581,,
2025,185,Uvs,Увс,4,Sheep,Хонь,18.152,1352.362,1.342244,,
2025,185,Uvs,Увс,5,Goat,Ямаа,16.759,1171.98,1.429973,,
2025,261,Orkhon,Орхон,0,Total,Бүгд,0.51,175.842,0.290033,,
2025,261,Orkhon,Орхон,1,Horse,Адуу,0.112,25.518,0.438906,,
2025,261,Orkhon,Орхон,2,Cattle,Үхэр,0.163,34.758,0.468957,,
2025,261,Orkhon,Орхон,3,Camel,Тэмээ,0,0.077,0.0,,
2025,261,Orkhon,Орхон,4,Sheep,Хонь,0.116,64.119,0.180914,,
2025,261,Orkhon,Орхон,5,Goat,Ямаа,0.119,51.37,0.231653,,
2025,262,Uvurkhangai,Өвөрхангай,0,Total,Бүгд,28.723,5137.946,0.559037,,
2025,262,Uvurkhangai,Өвөрхангай,1,Horse,Адуу,2.969,404.353,0.734259,,
2025,262,Uvurkhangai,Өвөрхангай,2,Cattle,Үхэр,1.906,367.377,0.518813,,
2025,262,Uvurkhangai,Өвөрхангай,3,Camel,Тэмээ,0.002,22.033,0.009077,,
2025,262,Uvurkhangai,Өвөрхангай,4,Sheep,Хонь,12.747,2485.802,0.512792,,
2025,262,Uvurkhangai,Өвөрхангай,5,Goat,Ямаа,11.099,1858.381,0.59724,,
2025,263,Bulgan,Булган,0,Total,Бүгд,18.895,3038.743,0.621803,,
2025,263,Bulgan,Булган,1,Horse,Адуу,3.115,357.168,0.872139,,
2025,263,Bulgan,Булган,2,Cattle,Үхэр,2.725,358.038,0.761092,,
2025,263,Bulgan,Булган,3,Camel,Тэмээ,0.01,2.292,0.4363,,
2025,263,Bulgan,Булган,4,Sheep,Хонь,7.716,1415.467,0.54512,,
2025,263,Bulgan,Булган,5,Goat,Ямаа,5.329,905.778,0.588334,,
2025,264,Bayankhongor,Баянхонгор,0,Total,Бүгд,11.027,4027.076,0.273822,,
2025,264,Bayankhongor,Баянхонгор,1,Horse,Адуу,1.075,176.916,0.607633,,
2025,264,Bayankhongor,Баянхонгор,2,Cattle,Үхэр,1.864,221.482,0.841603,,
2025,264,Bayankhongor,Баянхонгор,3,Camel,Тэмээ,0.109,52.587,0.207276,,
2025,264,Bayankhongor,Баянхонгор,4,Sheep,Хонь,3.432,1185.123,0.28959,,
2025,264,Bayankhongor,Баянхонгор,5,Goat,Ямаа,4.547,2390.968,0.190174,,
2025,265,Arkhangai,Архангай,0,Total,Бүгд,39.129,4082.275,0.95851,,
2025,265,Arkhangai,Архангай,1,Horse,Адуу,6.892,444.924,1.549029,,
2025,265,Arkhangai,Архангай,2,Cattle,Үхэр,8.772,664.959,1.319179,,
2025,265,Arkhangai,Архангай,3,Camel,Тэмээ,0.003,1.571,0.190961,,
2025,265,Arkhangai,Архангай,4,Sheep,Хонь,14.117,1805.866,0.78173,,
2025,265,Arkhangai,Архангай,5,Goat,Ямаа,9.345,1164.955,0.802177,,
2025,267,Khuvsgul,Хөвсгөл,0,Total,Бүгд,42.795,5163.233,0.828841,,
2025,267,Khuvsgul,Хөвсгөл,1,Horse,Адуу,4.044,375.904,1.075807,,
2025,267,Khuvsgul,Хөвсгөл,2,Cattle,Үхэр,6.755,627.74,1.076082,,
2025,267,Khuvsgul,Хөвсгөл,3,Camel,Тэмээ,0.019,2.491,0.762746,,
2025,267,Khuvsgul,Хөвсгөл,4,Sheep,Хонь,17.156,2262.079,0.758417,,
2025,267,Khuvsgul,Хөвсгөл,5,Goat,Ямаа,14.821,1895.019,0.782103,,
2025,341,Tuv,Төв,0,Total,Бүгд,21.262,4150.075,0.512328,,
2025,341,Tuv,Төв,1,Horse,Адуу,2.598,433.725,0.598997,,
2025,341,Tuv,Төв,2,Cattle,Үхэр,2.64,356.882,0.73974,,
2025,341,Tuv,Төв,3,Camel,Тэмээ,0.01,3.886,0.257334,,
2025,341,Tuv,Төв,4,Sheep,Хонь,9.49,2070.372,0.458372,,
2025,341,Tuv,Төв,5,Goat,Ямаа,6.524,1285.21,0.507621,,
2025,342,Govisumber,Говьсүмбэр,0,Total,Бүгд,0.096,290.657,0.033029,,
2025,342,Govisumber,Говьсүмбэр,1,Horse,Адуу,0.005,21.571,0.023179,,
2025,342,Govisumber,Говьсүмбэр,2,Cattle,Үхэр,0.011,18.56,0.059267,,
2025,342,Govisumber,Говьсүмбэр,3,Camel,Тэмээ,0,0.96,0.0,,
2025,342,Govisumber,Говьсүмбэр,4,Sheep,Хонь,0.049,131.313,0.037315,,
2025,342,Govisumber,Говьсүмбэр,5,Goat,Ямаа,0.031,118.253,0.026215,,
2025,343,Selenge,Сэлэнгэ,0,Total,Бүгд,12.288,1602.494,0.766805,,
2025,343,Selenge,Сэлэнгэ,1,Horse,Адуу,1.838,150.543,1.220914,,
2025,343,Selenge,Сэлэнгэ,2,Cattle,Үхэр,2.807,311.776,0.900326,,
2025,343,Selenge,Сэлэнгэ,3,Camel,Тэмээ,0.016,0.608,2.631579,,
2025,343,Selenge,Сэлэнгэ,4,Sheep,Хонь,3.811,683.364,0.557682,,
2025,343,Selenge,Сэлэнгэ,5,Goat,Ямаа,3.816,456.203,0.83647,,
2025,344,Dornogovi,Дорноговь,0,Total,Бүгд,3.108,1452.223,0.214017,,
2025,344,Dornogovi,Дорноговь,1,Horse,Адуу,0.175,107.109,0.163385,,
2025,344,Dornogovi,Дорноговь,2,Cattle,Үхэр,0.107,71.681,0.149272,,
2025,344,Dornogovi,Дорноговь,3,Camel,Тэмээ,0.155,58.119,0.266694,,
2025,344,Dornogovi,Дорноговь,4,Sheep,Хонь,1.436,554.781,0.258841,,
2025,344,Dornogovi,Дорноговь,5,Goat,Ямаа,1.235,660.533,0.18697,,
2025,345,Darkhan-Uul,Дархан-Уул,0,Total,Бүгд,2.837,252.28,1.124544,,
2025,345,Darkhan-Uul,Дархан-Уул,1,Horse,Адуу,0.424,24.581,1.724909,,
2025,345,Darkhan-Uul,Дархан-Уул,2,Cattle,Үхэр,0.861,47.812,1.800803,,
2025,345,Darkhan-Uul,Дархан-Уул,3,Camel,Тэмээ,0,0.024,0.0,,
2025,345,Darkhan-Uul,Дархан-Уул,4,Sheep,Хонь,0.924,100.634,0.918179,,
2025,345,Darkhan-Uul,Дархан-Уул,5,Goat,Ямаа,0.628,79.229,0.792639,,
2025,346,Umnugovi,Өмнөговь,0,Total,Бүгд,4.674,1970.133,0.237243,,
2025,346,Umnugovi,Өмнөговь,1,Horse,Адуу,0.108,84.928,0.127167,,
2025,346,Umnugovi,Өмнөговь,2,Cattle,Үхэр,0.06,25.23,0.237812,,
2025,346,Umnugovi,Өмнөговь,3,Camel,Тэмээ,0.365,148.215,0.246264,,
2025,346,Umnugovi,Өмнөговь,4,Sheep,Хонь,0.958,541.46,0.176929,,
2025,346,Umnugovi,Өмнөговь,5,Goat,Ямаа,3.183,1170.3,0.271982,,
2025,348,Dundgovi,Дундговь,0,Total,Бүгд,1.995,3385.441,0.058929,,
2025,348,Dundgovi,Дундговь,1,Horse,Адуу,0.07,158.268,0.044229,,
2025,348,Dundgovi,Дундговь,2,Cattle,Үхэр,0.076,92.365,0.082282,,
2025,348,Dundgovi,Дундговь,3,Camel,Тэмээ,0.032,45.421,0.070452,,
2025,348,Dundgovi,Дундговь,4,Sheep,Хонь,0.851,1611.82,0.052797,,
2025,348,Dundgovi,Дундговь,5,Goat,Ямаа,0.966,1477.567,0.065378,,
2025,421,Dornod,Дорнод,0,Total,Бүгд,11.397,2652.244,0.429712,,
2025,421,Dornod,Дорнод,1,Horse,Адуу,1.05,438.214,0.239609,,
2025,421,Dornod,Дорнод,2,Cattle,Үхэр,0.841,319.6,0.263141,,
2025,421,Dornod,Дорнод,3,Camel,Тэмээ,0.04,5.9,0.677966,,
2025,421,Dornod,Дорнод,4,Sheep,Хонь,5.735,1230.724,0.465986,,
2025,421,Dornod,Дорнод,5,Goat,Ямаа,3.731,657.806,0.567189,,
2025,422,Sukhbaatar,Сүхбаатар,0,Total,Бүгд,3.478,2008.876,0.173132,,
2025,422,Sukhbaatar,Сүхбаатар,1,Horse,Адуу,0.705,289.379,0.243625,,
2025,422,Sukhbaatar,Сүхбаатар,2,Cattle,Үхэр,0.366,183.249,0.199728,,
2025,422,Sukhbaatar,Сүхбаатар,3,Camel,Тэмээ,0.001,5.7,0.017544,,
2025,422,Sukhbaatar,Сүхбаатар,4,Sheep,Хонь,1.305,861.446,0.151489,,
2025,422,Sukhbaatar,Сүхбаатар,5,Goat,Ямаа,1.101,669.102,0.164549,,
2025,423,Khentii,Хэнтий,0,Total,Бүгд,23.716,3192.011,0.74298,,
2025,423,Khentii,Хэнтий,1,Horse,Адуу,1.877,285.847,0.656645,,
2025,423,Khentii,Хэнтий,2,Cattle,Үхэр,2.734,347.183,0.787481,,
2025,423,Khentii,Хэнтий,3,Camel,Тэмээ,0.021,3.269,0.642398,,
2025,423,Khentii,Хэнтий,4,Sheep,Хонь,11.775,1476.277,0.797615,,
2025,423,Khentii,Хэнтий,5,Goat,Ямаа,7.309,1079.435,0.677113,,
2025,511,Ulaanbaatar,Улаанбаатар,0,Total,Бүгд,4.513,412.849,1.093136,,
2025,511,Ulaanbaatar,Улаанбаатар,1,Horse,Адуу,1.015,90.2,1.125277,,
2025,511,Ulaanbaatar,Улаанбаатар,2,Cattle,Үхэр,1.054,90.759,1.161317,,
2025,511,Ulaanbaatar,Улаанбаатар,3,Camel,Тэмээ,0.001,0.127,0.787402,,
2025,511,Ulaanbaatar,Улаанбаатар,4,Sheep,Хонь,1.232,133.361,0.923808,,
2025,511,Ulaanbaatar,Улаанбаатар,5,Goat,Ямаа,1.211,98.402,1.230666,,
