Indicator,Region,Month,value
Hay bale,Western region,2025-12,
Hay bale,Western region,2025-11,
Hay bale,Western region,2025-10,
Hay bale,Western region,2025-09,
Hay bale,Western region,2025-08,
Hay bale,Western region,2025-07,
Hay bale,Western region,2025-06,
Hay bale,Western region,2025-05,
Hay bale,Western region,2025-04,
Hay bale,Western region,2025-03,
Hay bale,Western region,2025-02,
Hay bale,Western region,2025-01,
Hay bale,Western region,2024-12,
Hay bale,Western region,2024-11,
Hay bale,Western region,2024-10,
Hay bale,Western region,2024-09,
Hay bale,Western region,2024-08,
Hay bale,Western region,2024-07,
Hay bale,Western region,2024-06,
Hay bale,Western region,2024-05,
Hay bale,Western region,2024-04,
Hay bale,Western region,2024-03,
Hay bale,Western region,2024-02,
Hay bale,Western region,2024-01,
Hay bale,Western region,2023-12,
Hay bale,Western region,2023-11,
Hay bale,Western region,2023-10,
Hay bale,Western region,2023-09,
Hay bale,Western region,2023-08,
Hay bale,Western region,2023-07,
Hay bale,Western region,2023-06,
Hay bale,Western region,2023-05,
Hay bale,Western region,2023-04,
Hay bale,Western region,2023-03,
Hay bale,Western region,2023-02,
Hay bale,Western region,2023-01,
Hay bale,Western region,2022-12,
Hay bale,Western region,2022-11,
Hay bale,Western region,2022-10,
Hay bale,Western region,2022-09,
Hay bale,Western region,2022-08,
Hay bale,Western region,2022-07,
Hay bale,Western region,2022-06,
Hay bale,Western region,2022-05,
Hay bale,Western region,2022-04,
Hay bale,Western region,2022-03,
Hay bale,Western region,2022-02,
Hay bale,Western region,2022-01,
Hay bale,Western region,2021-12,
Hay bale,Western region,2021-11,
Hay bale,Western region,2021-10,
Hay bale,Western region,2021-09,
Hay bale,Western region,2021-08,
Hay bale,Western region,2021-07,
Hay bale,Western region,2021-06,
Hay bale,Western region,2021-05,
Hay bale,Western region,2021-04,
Hay bale,Western region,2021-03,
Hay bale,Western region,2021-02,
Hay bale,Western region,2021-01,
Hay bale,Western region,2020-12,
Hay bale,Western region,2020-11,
Hay bale,Western region,2020-10,
Hay bale,Western region,2020-09,
Hay bale,Western region,2020-08,
Hay bale,Western region,2020-07,
Hay bale,Western region,2020-06,
Hay bale,Western region,2020-05,
Hay bale,Western region,2020-04,
Hay bale,Western region,2020-03,
Hay bale,Western region,2020-02,
Hay bale,Western region,2020-01,
Hay bale,Western region,2019-12,
Hay bale,Western region,2019-11,
Hay bale,Western region,2019-10,
Hay bale,Western region,2019-09,
Hay bale,Western region,2019-08,
Hay bale,Western region,2019-07,
Hay bale,Western region,2019-06,
Hay bale,Western region,2019-05,
Hay bale,Western region,2019-04,
Hay bale,Western region,2019-03,
Hay bale,Western region,2019-02,
Hay bale,Western region,2019-01,
Hay bale,Western region,2018-12,
Hay bale,Bayan-Ulgii,2025-12,18000.0
Hay bale,Bayan-Ulgii,2025-11,18667.0
Hay bale,Bayan-Ulgii,2025-10,
Hay bale,Bayan-Ulgii,2025-09,17667.0
Hay bale,Bayan-Ulgii,2025-08,12833.0
Hay bale,Bayan-Ulgii,2025-07,10667.0
Hay bale,Bayan-Ulgii,2025-06,11000.0
Hay bale,Bayan-Ulgii,2025-05,12750.0
Hay bale,Bayan-Ulgii,2025-04,17833.0
Hay bale,Bayan-Ulgii,2025-03,14250.0
Hay bale,Bayan-Ulgii,2025-02,14875.0
Hay bale,Bayan-Ulgii,2025-01,16000.0
Hay bale,Bayan-Ulgii,2024-12,16000.0
Hay bale,Bayan-Ulgii,2024-11,15000.0
Hay bale,Bayan-Ulgii,2024-10,12500.0
Hay bale,Bayan-Ulgii,2024-09,10000.0
Hay bale,Bayan-Ulgii,2024-08,10000.0
Hay bale,Bayan-Ulgii,2024-07,10000.0
Hay bale,Bayan-Ulgii,2024-06,11500.0
Hay bale,Bayan-Ulgii,2024-05,12500.0
Hay bale,Bayan-Ulgii,2024-04,15000.0
Hay bale,Bayan-Ulgii,2024-03,17500.0
Hay bale,Bayan-Ulgii,2024-02,19500.0
Hay bale,Bayan-Ulgii,2024-01,17500.0
Hay bale,Bayan-Ulgii,2023-12,18500.0
Hay bale,Bayan-Ulgii,2023-11,18500.0
Hay bale,Bayan-Ulgii,2023-10,17333.0
Hay bale,Bayan-Ulgii,2023-09,19000.0
Hay bale,Bayan-Ulgii,2023-08,21333.0
Hay bale,Bayan-Ulgii,2023-07,15000.0
Hay bale,Bayan-Ulgii,2023-06,32500.0
Hay bale,Bayan-Ulgii,2023-05,40000.0
Hay bale,Bayan-Ulgii,2023-04,34750.0
Hay bale,Bayan-Ulgii,2023-03,19167.0
Hay bale,Bayan-Ulgii,2023-02,19900.0
Hay bale,Bayan-Ulgii,2023-01,17000.0
Hay bale,Bayan-Ulgii,2022-12,17000.0
Hay bale,Bayan-Ulgii,2022-11,15500.0
Hay bale,Bayan-Ulgii,2022-10,13800.0
Hay bale,Bayan-Ulgii,2022-09,15000.0
Hay bale,Bayan-Ulgii,2022-08,14333.0
Hay bale,Bayan-Ulgii,2022-07,14167.0
Hay bale,Bayan-Ulgii,2022-06,13875.0
Hay bale,Bayan-Ulgii,2022-05,9667.0
Hay bale,Bayan-Ulgii,2022-04,13286.0
Hay bale,Bayan-Ulgii,2022-03,10600.0
Hay bale,Bayan-Ulgii,2022-02,10000.0
Hay bale,Bayan-Ulgii,2022-01,10900.0
Hay bale,Bayan-Ulgii,2021-12,10900.0
Hay bale,Bayan-Ulgii,2021-11,11000.0
Hay bale,Bayan-Ulgii,2021-10,11500.0
Hay bale,Bayan-Ulgii,2021-09,11333.0
Hay bale,Bayan-Ulgii,2021-08,14000.0
Hay bale,Bayan-Ulgii,2021-07,14000.0
Hay bale,Bayan-Ulgii,2021-06,14000.0
Hay bale,Bayan-Ulgii,2021-05,14000.0
Hay bale,Bayan-Ulgii,2021-04,16000.0
Hay bale,Bayan-Ulgii,2021-03,13500.0
Hay bale,Bayan-Ulgii,2021-02,13000.0
Hay bale,Bayan-Ulgii,2021-01,12000.0
Hay bale,Bayan-Ulgii,2020-12,14000.0
Hay bale,Bayan-Ulgii,2020-11,12000.0
Hay bale,Bayan-Ulgii,2020-10,
Hay bale,Bayan-Ulgii,2020-09,
Hay bale,Bayan-Ulgii,2020-08,
Hay bale,Bayan-Ulgii,2020-07,6000.0
Hay bale,Bayan-Ulgii,2020-06,4500.0
Hay bale,Bayan-Ulgii,2020-05,4500.0
Hay bale,Bayan-Ulgii,2020-04,5625.0
Hay bale,Bayan-Ulgii,2020-03,5750.0
Hay bale,Bayan-Ulgii,2020-02,6000.0
Hay bale,Bayan-Ulgii,2020-01,5900.0
Hay bale,Bayan-Ulgii,2019-12,6167.0
Hay bale,Bayan-Ulgii,2019-11,6500.0
Hay bale,Bayan-Ulgii,2019-10,6000.0
Hay bale,Bayan-Ulgii,2019-09,6000.0
Hay bale,Bayan-Ulgii,2019-08,
Hay bale,Bayan-Ulgii,2019-07,7150.0
Hay bale,Bayan-Ulgii,2019-06,7150.0
Hay bale,Bayan-Ulgii,2019-05,7000.0
Hay bale,Bayan-Ulgii,2019-04,6800.0
Hay bale,Bayan-Ulgii,2019-03,6800.0
Hay bale,Bayan-Ulgii,2019-02,6700.0
Hay bale,Bayan-Ulgii,2019-01,6000.0
Hay bale,Bayan-Ulgii,2018-12,5300.0
Hay bale,Govi-Altai,2025-12,20000.0
Hay bale,Govi-Altai,2025-11,18917.0
Hay bale,Govi-Altai,2025-10,
Hay bale,Govi-Altai,2025-09,19333.0
Hay bale,Govi-Altai,2025-08,
Hay bale,Govi-Altai,2025-07,
Hay bale,Govi-Altai,2025-06,13000.0
Hay bale,Govi-Altai,2025-05,11000.0
Hay bale,Govi-Altai,2025-04,18800.0
Hay bale,Govi-Altai,2025-03,14000.0
Hay bale,Govi-Altai,2025-02,16000.0
Hay bale,Govi-Altai,2025-01,18200.0
Hay bale,Govi-Altai,2024-12,19643.0
Hay bale,Govi-Altai,2024-11,19900.0
Hay bale,Govi-Altai,2024-10,18250.0
Hay bale,Govi-Altai,2024-09,15500.0
Hay bale,Govi-Altai,2024-08,
Hay bale,Govi-Altai,2024-07,
Hay bale,Govi-Altai,2024-06,20000.0
Hay bale,Govi-Altai,2024-05,20000.0
Hay bale,Govi-Altai,2024-04,18333.0
Hay bale,Govi-Altai,2024-03,20000.0
Hay bale,Govi-Altai,2024-02,19643.0
Hay bale,Govi-Altai,2024-01,18071.0
Hay bale,Govi-Altai,2023-12,20357.0
Hay bale,Govi-Altai,2023-11,18357.0
Hay bale,Govi-Altai,2023-10,18000.0
Hay bale,Govi-Altai,2023-09,16500.0
Hay bale,Govi-Altai,2023-08,19333.0
Hay bale,Govi-Altai,2023-07,
Hay bale,Govi-Altai,2023-06,22000.0
Hay bale,Govi-Altai,2023-05,24400.0
Hay bale,Govi-Altai,2023-04,27167.0
Hay bale,Govi-Altai,2023-03,21375.0
Hay bale,Govi-Altai,2023-02,18429.0
Hay bale,Govi-Altai,2023-01,18900.0
Hay bale,Govi-Altai,2022-12,18000.0
Hay bale,Govi-Altai,2022-11,16900.0
Hay bale,Govi-Altai,2022-10,16500.0
Hay bale,Govi-Altai,2022-09,14200.0
Hay bale,Govi-Altai,2022-08,15500.0
Hay bale,Govi-Altai,2022-07,15500.0
Hay bale,Govi-Altai,2022-06,15500.0
Hay bale,Govi-Altai,2022-05,13667.0
Hay bale,Govi-Altai,2022-04,12250.0
Hay bale,Govi-Altai,2022-03,12571.0
Hay bale,Govi-Altai,2022-02,11111.0
Hay bale,Govi-Altai,2022-01,11600.0
Hay bale,Govi-Altai,2021-12,12600.0
Hay bale,Govi-Altai,2021-11,12667.0
Hay bale,Govi-Altai,2021-10,13200.0
Hay bale,Govi-Altai,2021-09,11750.0
Hay bale,Govi-Altai,2021-08,12500.0
Hay bale,Govi-Altai,2021-07,12000.0
Hay bale,Govi-Altai,2021-06,12667.0
Hay bale,Govi-Altai,2021-05,13667.0
Hay bale,Govi-Altai,2021-04,12750.0
Hay bale,Govi-Altai,2021-03,12688.0
Hay bale,Govi-Altai,2021-02,13000.0
Hay bale,Govi-Altai,2021-01,14400.0
Hay bale,Govi-Altai,2020-12,12750.0
Hay bale,Govi-Altai,2020-11,13786.0
Hay bale,Govi-Altai,2020-10,13667.0
Hay bale,Govi-Altai,2020-09,12500.0
Hay bale,Govi-Altai,2020-08,7000.0
Hay bale,Govi-Altai,2020-07,10000.0
Hay bale,Govi-Altai,2020-06,11250.0
Hay bale,Govi-Altai,2020-05,11500.0
Hay bale,Govi-Altai,2020-04,10167.0
Hay bale,Govi-Altai,2020-03,9813.0
Hay bale,Govi-Altai,2020-02,9313.0
Hay bale,Govi-Altai,2020-01,9250.0
Hay bale,Govi-Altai,2019-12,
Hay bale,Govi-Altai,2019-11,10000.0
Hay bale,Govi-Altai,2019-10,
Hay bale,Govi-Altai,2019-09,
Hay bale,Govi-Altai,2019-08,
Hay bale,Govi-Altai,2019-07,
Hay bale,Govi-Altai,2019-06,
Hay bale,Govi-Altai,2019-05,
Hay bale,Govi-Altai,2019-04,
Hay bale,Govi-Altai,2019-03,
Hay bale,Govi-Altai,2019-02,
Hay bale,Govi-Altai,2019-01,
Hay bale,Govi-Altai,2018-12,12000.0
Hay bale,Zavkhan,2025-12,19000.0
Hay bale,Zavkhan,2025-11,19341.0
Hay bale,Zavkhan,2025-10,
Hay bale,Zavkhan,2025-09,17438.0
Hay bale,Zavkhan,2025-08,17500.0
Hay bale,Zavkhan,2025-07,12500.0
Hay bale,Zavkhan,2025-06,12500.0
Hay bale,Zavkhan,2025-05,12500.0
Hay bale,Zavkhan,2025-04,18977.0
Hay bale,Zavkhan,2025-03,14957.0
Hay bale,Zavkhan,2025-02,15958.0
Hay bale,Zavkhan,2025-01,17417.0
Hay bale,Zavkhan,2024-12,18500.0
Hay bale,Zavkhan,2024-11,17636.0
Hay bale,Zavkhan,2024-10,17375.0
Hay bale,Zavkhan,2024-09,16625.0
Hay bale,Zavkhan,2024-08,13667.0
Hay bale,Zavkhan,2024-07,
Hay bale,Zavkhan,2024-06,
Hay bale,Zavkhan,2024-05,20000.0
Hay bale,Zavkhan,2024-04,21000.0
Hay bale,Zavkhan,2024-03,24688.0
Hay bale,Zavkhan,2024-02,23929.0
Hay bale,Zavkhan,2024-01,21476.0
Hay bale,Zavkhan,2023-12,19368.0
Hay bale,Zavkhan,2023-11,18143.0
Hay bale,Zavkhan,2023-10,15500.0
Hay bale,Zavkhan,2023-09,14563.0
Hay bale,Zavkhan,2023-08,18000.0
Hay bale,Zavkhan,2023-07,15000.0
Hay bale,Zavkhan,2023-06,
Hay bale,Zavkhan,2023-05,21667.0
Hay bale,Zavkhan,2023-04,20833.0
Hay bale,Zavkhan,2023-03,20267.0
Hay bale,Zavkhan,2023-02,21000.0
Hay bale,Zavkhan,2023-01,18900.0
Hay bale,Zavkhan,2022-12,14900.0
Hay bale,Zavkhan,2022-11,14900.0
Hay bale,Zavkhan,2022-10,14925.0
Hay bale,Zavkhan,2022-09,14636.0
Hay bale,Zavkhan,2022-08,11667.0
Hay bale,Zavkhan,2022-07,
Hay bale,Zavkhan,2022-06,6500.0
Hay bale,Zavkhan,2022-05,7667.0
Hay bale,Zavkhan,2022-04,6250.0
Hay bale,Zavkhan,2022-03,7111.0
Hay bale,Zavkhan,2022-02,8625.0
Hay bale,Zavkhan,2022-01,8900.0
Hay bale,Zavkhan,2021-12,8714.0
Hay bale,Zavkhan,2021-11,8145.0
Hay bale,Zavkhan,2021-10,8333.0
Hay bale,Zavkhan,2021-09,8667.0
Hay bale,Zavkhan,2021-08,
Hay bale,Zavkhan,2021-07,
Hay bale,Zavkhan,2021-06,
Hay bale,Zavkhan,2021-05,12125.0
Hay bale,Zavkhan,2021-04,11400.0
Hay bale,Zavkhan,2021-03,10950.0
Hay bale,Zavkhan,2021-02,12000.0
Hay bale,Zavkhan,2021-01,12236.0
Hay bale,Zavkhan,2020-12,14143.0
Hay bale,Zavkhan,2020-11,12667.0
Hay bale,Zavkhan,2020-10,10708.0
Hay bale,Zavkhan,2020-09,12000.0
Hay bale,Zavkhan,2020-08,
Hay bale,Zavkhan,2020-07,8500.0
Hay bale,Zavkhan,2020-06,
Hay bale,Zavkhan,2020-05,6500.0
Hay bale,Zavkhan,2020-04,7625.0
Hay bale,Zavkhan,2020-03,8200.0
Hay bale,Zavkhan,2020-02,7250.0
Hay bale,Zavkhan,2020-01,7000.0
Hay bale,Zavkhan,2019-12,8625.0
Hay bale,Zavkhan,2019-11,7750.0
Hay bale,Zavkhan,2019-10,6500.0
Hay bale,Zavkhan,2019-09,5000.0
Hay bale,Zavkhan,2019-08,
Hay bale,Zavkhan,2019-07,
Hay bale,Zavkhan,2019-06,
Hay bale,Zavkhan,2019-05,3500.0
Hay bale,Zavkhan,2019-04,5250.0
Hay bale,Zavkhan,2019-03,6700.0
Hay bale,Zavkhan,2019-02,7400.0
Hay bale,Zavkhan,2019-01,6700.0
Hay bale,Zavkhan,2018-12,7000.0
Hay bale,Uvs,2025-12,20000.0
Hay bale,Uvs,2025-11,20000.0
Hay bale,Uvs,2025-10,
Hay bale,Uvs,2025-09,18375.0
Hay bale,Uvs,2025-08,20333.0
Hay bale,Uvs,2025-07,15000.0
Hay bale,Uvs,2025-06,15000.0
Hay bale,Uvs,2025-05,15000.0
Hay bale,Uvs,2025-04,19111.0
Hay bale,Uvs,2025-03,10875.0
Hay bale,Uvs,2025-02,15000.0
Hay bale,Uvs,2025-01,15200.0
Hay bale,Uvs,2024-12,14000.0
Hay bale,Uvs,2024-11,16125.0
Hay bale,Uvs,2024-10,16583.0
Hay bale,Uvs,2024-09,15000.0
Hay bale,Uvs,2024-08,14400.0
Hay bale,Uvs,2024-07,
Hay bale,Uvs,2024-06,
Hay bale,Uvs,2024-05,
Hay bale,Uvs,2024-04,18333.0
Hay bale,Uvs,2024-03,25000.0
Hay bale,Uvs,2024-02,
Hay bale,Uvs,2024-01,19278.0
Hay bale,Uvs,2023-12,19714.0
Hay bale,Uvs,2023-11,18600.0
Hay bale,Uvs,2023-10,14143.0
Hay bale,Uvs,2023-09,14000.0
Hay bale,Uvs,2023-08,17667.0
Hay bale,Uvs,2023-07,20000.0
Hay bale,Uvs,2023-06,
Hay bale,Uvs,2023-05,20000.0
Hay bale,Uvs,2023-04,21500.0
Hay bale,Uvs,2023-03,21500.0
Hay bale,Uvs,2023-02,18667.0
Hay bale,Uvs,2023-01,19000.0
Hay bale,Uvs,2022-12,15000.0
Hay bale,Uvs,2022-11,16600.0
Hay bale,Uvs,2022-10,14000.0
Hay bale,Uvs,2022-09,14571.0
Hay bale,Uvs,2022-08,11250.0
Hay bale,Uvs,2022-07,
Hay bale,Uvs,2022-06,
Hay bale,Uvs,2022-05,
Hay bale,Uvs,2022-04,6250.0
Hay bale,Uvs,2022-03,6188.0
Hay bale,Uvs,2022-02,7375.0
Hay bale,Uvs,2022-01,7000.0
Hay bale,Uvs,2021-12,8333.0
Hay bale,Uvs,2021-11,6833.0
Hay bale,Uvs,2021-10,7500.0
Hay bale,Uvs,2021-09,7500.0
Hay bale,Uvs,2021-08,6750.0
Hay bale,Uvs,2021-07,
Hay bale,Uvs,2021-06,
Hay bale,Uvs,2021-05,7250.0
Hay bale,Uvs,2021-04,5833.0
Hay bale,Uvs,2021-03,6917.0
Hay bale,Uvs,2021-02,9625.0
Hay bale,Uvs,2021-01,6125.0
Hay bale,Uvs,2020-12,7500.0
Hay bale,Uvs,2020-11,7333.0
Hay bale,Uvs,2020-10,8200.0
Hay bale,Uvs,2020-09,6667.0
Hay bale,Uvs,2020-08,
Hay bale,Uvs,2020-07,
Hay bale,Uvs,2020-06,
Hay bale,Uvs,2020-05,6000.0
Hay bale,Uvs,2020-04,6500.0
Hay bale,Uvs,2020-03,6389.0
Hay bale,Uvs,2020-02,5750.0
Hay bale,Uvs,2020-01,6000.0
Hay bale,Uvs,2019-12,5667.0
Hay bale,Uvs,2019-11,5600.0
Hay bale,Uvs,2019-10,5600.0
Hay bale,Uvs,2019-09,5250.0
Hay bale,Uvs,2019-08,5500.0
Hay bale,Uvs,2019-07,
Hay bale,Uvs,2019-06,
Hay bale,Uvs,2019-05,
Hay bale,Uvs,2019-04,6700.0
Hay bale,Uvs,2019-03,6100.0
Hay bale,Uvs,2019-02,8500.0
Hay bale,Uvs,2019-01,5600.0
Hay bale,Uvs,2018-12,6400.0
Hay bale,Khovd,2025-12,15000.0
Hay bale,Khovd,2025-11,14800.0
Hay bale,Khovd,2025-10,
Hay bale,Khovd,2025-09,14667.0
Hay bale,Khovd,2025-08,15000.0
Hay bale,Khovd,2025-07,
Hay bale,Khovd,2025-06,
Hay bale,Khovd,2025-05,13000.0
Hay bale,Khovd,2025-04,14600.0
Hay bale,Khovd,2025-03,8000.0
Hay bale,Khovd,2025-02,
Hay bale,Khovd,2025-01,
Hay bale,Khovd,2024-12,
Hay bale,Khovd,2024-11,
Hay bale,Khovd,2024-10,
Hay bale,Khovd,2024-09,
Hay bale,Khovd,2024-08,
Hay bale,Khovd,2024-07,
Hay bale,Khovd,2024-06,
Hay bale,Khovd,2024-05,
Hay bale,Khovd,2024-04,
Hay bale,Khovd,2024-03,
Hay bale,Khovd,2024-02,
Hay bale,Khovd,2024-01,
Hay bale,Khovd,2023-12,
Hay bale,Khovd,2023-11,
Hay bale,Khovd,2023-10,15000.0
Hay bale,Khovd,2023-09,
Hay bale,Khovd,2023-08,
Hay bale,Khovd,2023-07,
Hay bale,Khovd,2023-06,
Hay bale,Khovd,2023-05,
Hay bale,Khovd,2023-04,28000.0
Hay bale,Khovd,2023-03,19000.0
Hay bale,Khovd,2023-02,18000.0
Hay bale,Khovd,2023-01,18000.0
Hay bale,Khovd,2022-12,
Hay bale,Khovd,2022-11,
Hay bale,Khovd,2022-10,
Hay bale,Khovd,2022-09,
Hay bale,Khovd,2022-08,
Hay bale,Khovd,2022-07,
Hay bale,Khovd,2022-06,
Hay bale,Khovd,2022-05,6200.0
Hay bale,Khovd,2022-04,7667.0
Hay bale,Khovd,2022-03,7500.0
Hay bale,Khovd,2022-02,7500.0
Hay bale,Khovd,2022-01,6000.0
Hay bale,Khovd,2021-12,
Hay bale,Khovd,2021-11,
Hay bale,Khovd,2021-10,7000.0
Hay bale,Khovd,2021-09,5000.0
Hay bale,Khovd,2021-08,
Hay bale,Khovd,2021-07,
Hay bale,Khovd,2021-06,
Hay bale,Khovd,2021-05,8000.0
Hay bale,Khovd,2021-04,11000.0
Hay bale,Khovd,2021-03,10000.0
Hay bale,Khovd,2021-02,
Hay bale,Khovd,2021-01,10000.0
Hay bale,Khovd,2020-12,
Hay bale,Khovd,2020-11,8500.0
Hay bale,Khovd,2020-10,12000.0
Hay bale,Khovd,2020-09,8000.0
Hay bale,Khovd,2020-08,
Hay bale,Khovd,2020-07,
Hay bale,Khovd,2020-06,
Hay bale,Khovd,2020-05,6000.0
Hay bale,Khovd,2020-04,5083.0
Hay bale,Khovd,2020-03,5400.0
Hay bale,Khovd,2020-02,5955.0
Hay bale,Khovd,2020-01,7150.0
Hay bale,Khovd,2019-12,9864.0
Hay bale,Khovd,2019-11,6000.0
Hay bale,Khovd,2019-10,4800.0
Hay bale,Khovd,2019-09,5000.0
Hay bale,Khovd,2019-08,
Hay bale,Khovd,2019-07,
Hay bale,Khovd,2019-06,7250.0
Hay bale,Khovd,2019-05,8200.0
Hay bale,Khovd,2019-04,7900.0
Hay bale,Khovd,2019-03,9800.0
Hay bale,Khovd,2019-02,9500.0
Hay bale,Khovd,2019-01,8900.0
Hay bale,Khovd,2018-12,7000.0
Hay bale,Khangai region,2025-12,
Hay bale,Khangai region,2025-11,
Hay bale,Khangai region,2025-10,
Hay bale,Khangai region,2025-09,
Hay bale,Khangai region,2025-08,
Hay bale,Khangai region,2025-07,
Hay bale,Khangai region,2025-06,
Hay bale,Khangai region,2025-05,
Hay bale,Khangai region,2025-04,
Hay bale,Khangai region,2025-03,
Hay bale,Khangai region,2025-02,
Hay bale,Khangai region,2025-01,
Hay bale,Khangai region,2024-12,
Hay bale,Khangai region,2024-11,
Hay bale,Khangai region,2024-10,
Hay bale,Khangai region,2024-09,
Hay bale,Khangai region,2024-08,
Hay bale,Khangai region,2024-07,
Hay bale,Khangai region,2024-06,
Hay bale,Khangai region,2024-05,
Hay bale,Khangai region,2024-04,
Hay bale,Khangai region,2024-03,
Hay bale,Khangai region,2024-02,
Hay bale,Khangai region,2024-01,
Hay bale,Khangai region,2023-12,
Hay bale,Khangai region,2023-11,
Hay bale,Khangai region,2023-10,
Hay bale,Khangai region,2023-09,
Hay bale,Khangai region,2023-08,
Hay bale,Khangai region,2023-07,
Hay bale,Khangai region,2023-06,
Hay bale,Khangai region,2023-05,
Hay bale,Khangai region,2023-04,
Hay bale,Khangai region,2023-03,
Hay bale,Khangai region,2023-02,
Hay bale,Khangai region,2023-01,
Hay bale,Khangai region,2022-12,
Hay bale,Khangai region,2022-11,
Hay bale,Khangai region,2022-10,
Hay bale,Khangai region,2022-09,
Hay bale,Khangai region,2022-08,
Hay bale,Khangai region,2022-07,
Hay bale,Khangai region,2022-06,
Hay bale,Khangai region,2022-05,
Hay bale,Khangai region,2022-04,
Hay bale,Khangai region,2022-03,
Hay bale,Khangai region,2022-02,
Hay bale,Khangai region,2022-01,
Hay bale,Khangai region,2021-12,
Hay bale,Khangai region,2021-11,
Hay bale,Khangai region,2021-10,
Hay bale,Khangai region,2021-09,
Hay bale,Khangai region,2021-08,
Hay bale,Khangai region,2021-07,
Hay bale,Khangai region,2021-06,
Hay bale,Khangai region,2021-05,
Hay bale,Khangai region,2021-04,
Hay bale,Khangai region,2021-03,
Hay bale,Khangai region,2021-02,
Hay bale,Khangai region,2021-01,
Hay bale,Khangai region,2020-12,
Hay bale,Khangai region,2020-11,
Hay bale,Khangai region,2020-10,
Hay bale,Khangai region,2020-09,
Hay bale,Khangai region,2020-08,
Hay bale,Khangai region,2020-07,
Hay bale,Khangai region,2020-06,
Hay bale,Khangai region,2020-05,
Hay bale,Khangai region,2020-04,
Hay bale,Khangai region,2020-03,
Hay bale,Khangai region,2020-02,
Hay bale,Khangai region,2020-01,
Hay bale,Khangai region,2019-12,
Hay bale,Khangai region,2019-11,
Hay bale,Khangai region,2019-10,
Hay bale,Khangai region,2019-09,
Hay bale,Khangai region,2019-08,
Hay bale,Khangai region,2019-07,
Hay bale,Khangai region,2019-06,
Hay bale,Khangai region,2019-05,
Hay bale,Khangai region,2019-04,
Hay bale,Khangai region,2019-03,
Hay bale,Khangai region,2019-02,
Hay bale,Khangai region,2019-01,
Hay bale,Khangai region,2018-12,
Hay bale,Arkhangai,2025-12,
Hay bale,Arkhangai,2025-11,19000.0
Hay bale,Arkhangai,2025-10,
Hay bale,Arkhangai,2025-09,18000.0
Hay bale,Arkhangai,2025-08,
Hay bale,Arkhangai,2025-07,
Hay bale,Arkhangai,2025-06,
Hay bale,Arkhangai,2025-05,10000.0
Hay bale,Arkhangai,2025-04,18000.0
Hay bale,Arkhangai,2025-03,
Hay bale,Arkhangai,2025-02,8000.0
Hay bale,Arkhangai,2025-01,14000.0
Hay bale,Arkhangai,2024-12,
Hay bale,Arkhangai,2024-11,15000.0
Hay bale,Arkhangai,2024-10,15333.0
Hay bale,Arkhangai,2024-09,13667.0
Hay bale,Arkhangai,2024-08,
Hay bale,Arkhangai,2024-07,
Hay bale,Arkhangai,2024-06,
Hay bale,Arkhangai,2024-05,
Hay bale,Arkhangai,2024-04,25000.0
Hay bale,Arkhangai,2024-03,23000.0
Hay bale,Arkhangai,2024-02,
Hay bale,Arkhangai,2024-01,17000.0
Hay bale,Arkhangai,2023-12,14000.0
Hay bale,Arkhangai,2023-11,
Hay bale,Arkhangai,2023-10,
Hay bale,Arkhangai,2023-09,
Hay bale,Arkhangai,2023-08,
Hay bale,Arkhangai,2023-07,18000.0
Hay bale,Arkhangai,2023-06,19000.0
Hay bale,Arkhangai,2023-05,25000.0
Hay bale,Arkhangai,2023-04,30000.0
Hay bale,Arkhangai,2023-03,22333.0
Hay bale,Arkhangai,2023-02,18500.0
Hay bale,Arkhangai,2023-01,16250.0
Hay bale,Arkhangai,2022-12,13000.0
Hay bale,Arkhangai,2022-11,13700.0
Hay bale,Arkhangai,2022-10,13500.0
Hay bale,Arkhangai,2022-09,
Hay bale,Arkhangai,2022-08,
Hay bale,Arkhangai,2022-07,
Hay bale,Arkhangai,2022-06,
Hay bale,Arkhangai,2022-05,
Hay bale,Arkhangai,2022-04,8500.0
Hay bale,Arkhangai,2022-03,7500.0
Hay bale,Arkhangai,2022-02,8500.0
Hay bale,Arkhangai,2022-01,10000.0
Hay bale,Arkhangai,2021-12,15000.0
Hay bale,Arkhangai,2021-11,13500.0
Hay bale,Arkhangai,2021-10,8833.0
Hay bale,Arkhangai,2021-09,13500.0
Hay bale,Arkhangai,2021-08,13500.0
Hay bale,Arkhangai,2021-07,11000.0
Hay bale,Arkhangai,2021-06,8000.0
Hay bale,Arkhangai,2021-05,15000.0
Hay bale,Arkhangai,2021-04,12500.0
Hay bale,Arkhangai,2021-03,10333.0
Hay bale,Arkhangai,2021-02,14800.0
Hay bale,Arkhangai,2021-01,14667.0
Hay bale,Arkhangai,2020-12,15000.0
Hay bale,Arkhangai,2020-11,13000.0
Hay bale,Arkhangai,2020-10,11900.0
Hay bale,Arkhangai,2020-09,13000.0
Hay bale,Arkhangai,2020-08,
Hay bale,Arkhangai,2020-07,
Hay bale,Arkhangai,2020-06,10000.0
Hay bale,Arkhangai,2020-05,13000.0
Hay bale,Arkhangai,2020-04,10667.0
Hay bale,Arkhangai,2020-03,11929.0
Hay bale,Arkhangai,2020-02,11167.0
Hay bale,Arkhangai,2020-01,10000.0
Hay bale,Arkhangai,2019-12,8500.0
Hay bale,Arkhangai,2019-11,7500.0
Hay bale,Arkhangai,2019-10,7500.0
Hay bale,Arkhangai,2019-09,6000.0
Hay bale,Arkhangai,2019-08,6000.0
Hay bale,Arkhangai,2019-07,
Hay bale,Arkhangai,2019-06,5000.0
Hay bale,Arkhangai,2019-05,8000.0
Hay bale,Arkhangai,2019-04,6500.0
Hay bale,Arkhangai,2019-03,7100.0
Hay bale,Arkhangai,2019-02,7300.0
Hay bale,Arkhangai,2019-01,9000.0
Hay bale,Arkhangai,2018-12,9200.0
Hay bale,Bayankhongor,2025-12,18000.0
Hay bale,Bayankhongor,2025-11,18667.0
Hay bale,Bayankhongor,2025-10,
Hay bale,Bayankhongor,2025-09,18000.0
Hay bale,Bayankhongor,2025-08,
Hay bale,Bayankhongor,2025-07,
Hay bale,Bayankhongor,2025-06,
Hay bale,Bayankhongor,2025-05,10000.0
Hay bale,Bayankhongor,2025-04,17667.0
Hay bale,Bayankhongor,2025-03,14107.0
Hay bale,Bayankhongor,2025-02,16000.0
Hay bale,Bayankhongor,2025-01,13500.0
Hay bale,Bayankhongor,2024-12,19000.0
Hay bale,Bayankhongor,2024-11,18000.0
Hay bale,Bayankhongor,2024-10,20000.0
Hay bale,Bayankhongor,2024-09,17000.0
Hay bale,Bayankhongor,2024-08,
Hay bale,Bayankhongor,2024-07,
Hay bale,Bayankhongor,2024-06,
Hay bale,Bayankhongor,2024-05,24000.0
Hay bale,Bayankhongor,2024-04,20909.0
Hay bale,Bayankhongor,2024-03,25737.0
Hay bale,Bayankhongor,2024-02,25579.0
Hay bale,Bayankhongor,2024-01,21412.0
Hay bale,Bayankhongor,2023-12,19821.0
Hay bale,Bayankhongor,2023-11,18000.0
Hay bale,Bayankhongor,2023-10,18667.0
Hay bale,Bayankhongor,2023-09,
Hay bale,Bayankhongor,2023-08,
Hay bale,Bayankhongor,2023-07,
Hay bale,Bayankhongor,2023-06,
Hay bale,Bayankhongor,2023-05,
Hay bale,Bayankhongor,2023-04,19100.0
Hay bale,Bayankhongor,2023-03,17040.0
Hay bale,Bayankhongor,2023-02,15842.0
Hay bale,Bayankhongor,2023-01,17200.0
Hay bale,Bayankhongor,2022-12,16400.0
Hay bale,Bayankhongor,2022-11,15200.0
Hay bale,Bayankhongor,2022-10,16875.0
Hay bale,Bayankhongor,2022-09,13000.0
Hay bale,Bayankhongor,2022-08,
Hay bale,Bayankhongor,2022-07,
Hay bale,Bayankhongor,2022-06,
Hay bale,Bayankhongor,2022-05,
Hay bale,Bayankhongor,2022-04,10250.0
Hay bale,Bayankhongor,2022-03,
Hay bale,Bayankhongor,2022-02,9500.0
Hay bale,Bayankhongor,2022-01,9000.0
Hay bale,Bayankhongor,2021-12,11000.0
Hay bale,Bayankhongor,2021-11,22000.0
Hay bale,Bayankhongor,2021-10,10000.0
Hay bale,Bayankhongor,2021-09,
Hay bale,Bayankhongor,2021-08,
Hay bale,Bayankhongor,2021-07,
Hay bale,Bayankhongor,2021-06,
Hay bale,Bayankhongor,2021-05,13000.0
Hay bale,Bayankhongor,2021-04,13350.0
Hay bale,Bayankhongor,2021-03,12238.0
Hay bale,Bayankhongor,2021-02,11660.0
Hay bale,Bayankhongor,2021-01,13660.0
Hay bale,Bayankhongor,2020-12,14615.0
Hay bale,Bayankhongor,2020-11,14400.0
Hay bale,Bayankhongor,2020-10,13750.0
Hay bale,Bayankhongor,2020-09,13400.0
Hay bale,Bayankhongor,2020-08,
Hay bale,Bayankhongor,2020-07,
Hay bale,Bayankhongor,2020-06,
Hay bale,Bayankhongor,2020-05,12250.0
Hay bale,Bayankhongor,2020-04,11438.0
Hay bale,Bayankhongor,2020-03,10823.0
Hay bale,Bayankhongor,2020-02,10979.0
Hay bale,Bayankhongor,2020-01,10900.0
Hay bale,Bayankhongor,2019-12,9750.0
Hay bale,Bayankhongor,2019-11,7000.0
Hay bale,Bayankhongor,2019-10,11000.0
Hay bale,Bayankhongor,2019-09,
Hay bale,Bayankhongor,2019-08,
Hay bale,Bayankhongor,2019-07,
Hay bale,Bayankhongor,2019-06,
Hay bale,Bayankhongor,2019-05,10400.0
Hay bale,Bayankhongor,2019-04,10200.0
Hay bale,Bayankhongor,2019-03,9900.0
Hay bale,Bayankhongor,2019-02,10300.0
Hay bale,Bayankhongor,2019-01,10600.0
Hay bale,Bayankhongor,2018-12,9600.0
Hay bale,Bulgan,2025-12,13000.0
Hay bale,Bulgan,2025-11,11938.0
Hay bale,Bulgan,2025-10,
Hay bale,Bulgan,2025-09,11400.0
Hay bale,Bulgan,2025-08,
Hay bale,Bulgan,2025-07,
Hay bale,Bulgan,2025-06,
Hay bale,Bulgan,2025-05,
Hay bale,Bulgan,2025-04,11889.0
Hay bale,Bulgan,2025-03,8667.0
Hay bale,Bulgan,2025-02,9500.0
Hay bale,Bulgan,2025-01,12250.0
Hay bale,Bulgan,2024-12,11833.0
Hay bale,Bulgan,2024-11,11800.0
Hay bale,Bulgan,2024-10,10400.0
Hay bale,Bulgan,2024-09,9429.0
Hay bale,Bulgan,2024-08,
Hay bale,Bulgan,2024-07,
Hay bale,Bulgan,2024-06,10000.0
Hay bale,Bulgan,2024-05,
Hay bale,Bulgan,2024-04,12500.0
Hay bale,Bulgan,2024-03,15786.0
Hay bale,Bulgan,2024-02,15900.0
Hay bale,Bulgan,2024-01,11958.0
Hay bale,Bulgan,2023-12,10227.0
Hay bale,Bulgan,2023-11,10889.0
Hay bale,Bulgan,2023-10,9100.0
Hay bale,Bulgan,2023-09,7714.0
Hay bale,Bulgan,2023-08,14500.0
Hay bale,Bulgan,2023-07,
Hay bale,Bulgan,2023-06,
Hay bale,Bulgan,2023-05,22500.0
Hay bale,Bulgan,2023-04,20722.0
Hay bale,Bulgan,2023-03,12595.0
Hay bale,Bulgan,2023-02,12173.0
Hay bale,Bulgan,2023-01,11050.0
Hay bale,Bulgan,2022-12,10800.0
Hay bale,Bulgan,2022-11,9400.0
Hay bale,Bulgan,2022-10,8833.0
Hay bale,Bulgan,2022-09,7750.0
Hay bale,Bulgan,2022-08,7875.0
Hay bale,Bulgan,2022-07,7875.0
Hay bale,Bulgan,2022-06,6750.0
Hay bale,Bulgan,2022-05,6125.0
Hay bale,Bulgan,2022-04,6188.0
Hay bale,Bulgan,2022-03,7071.0
Hay bale,Bulgan,2022-02,7563.0
Hay bale,Bulgan,2022-01,7200.0
Hay bale,Bulgan,2021-12,7278.0
Hay bale,Bulgan,2021-11,7100.0
Hay bale,Bulgan,2021-10,7100.0
Hay bale,Bulgan,2021-09,7357.0
Hay bale,Bulgan,2021-08,11250.0
Hay bale,Bulgan,2021-07,9750.0
Hay bale,Bulgan,2021-06,11500.0
Hay bale,Bulgan,2021-05,12125.0
Hay bale,Bulgan,2021-04,9938.0
Hay bale,Bulgan,2021-03,9222.0
Hay bale,Bulgan,2021-02,10222.0
Hay bale,Bulgan,2021-01,10400.0
Hay bale,Bulgan,2020-12,11429.0
Hay bale,Bulgan,2020-11,11200.0
Hay bale,Bulgan,2020-10,9250.0
Hay bale,Bulgan,2020-09,7286.0
Hay bale,Bulgan,2020-08,9550.0
Hay bale,Bulgan,2020-07,5625.0
Hay bale,Bulgan,2020-06,7588.0
Hay bale,Bulgan,2020-05,8693.0
Hay bale,Bulgan,2020-04,8594.0
Hay bale,Bulgan,2020-03,9729.0
Hay bale,Bulgan,2020-02,7943.0
Hay bale,Bulgan,2020-01,7600.0
Hay bale,Bulgan,2019-12,6250.0
Hay bale,Bulgan,2019-11,6614.0
Hay bale,Bulgan,2019-10,6200.0
Hay bale,Bulgan,2019-09,6100.0
Hay bale,Bulgan,2019-08,
Hay bale,Bulgan,2019-07,
Hay bale,Bulgan,2019-06,4000.0
Hay bale,Bulgan,2019-05,2700.0
Hay bale,Bulgan,2019-04,3800.0
Hay bale,Bulgan,2019-03,3800.0
Hay bale,Bulgan,2019-02,4600.0
Hay bale,Bulgan,2019-01,5000.0
Hay bale,Bulgan,2018-12,5300.0
Hay bale,Uvurkhangai,2025-12,15000.0
Hay bale,Uvurkhangai,2025-11,15000.0
Hay bale,Uvurkhangai,2025-10,
Hay bale,Uvurkhangai,2025-09,16333.0
Hay bale,Uvurkhangai,2025-08,15000.0
Hay bale,Uvurkhangai,2025-07,
Hay bale,Uvurkhangai,2025-06,11500.0
Hay bale,Uvurkhangai,2025-05,16000.0
Hay bale,Uvurkhangai,2025-04,15500.0
Hay bale,Uvurkhangai,2025-03,13000.0
Hay bale,Uvurkhangai,2025-02,12000.0
Hay bale,Uvurkhangai,2025-01,10000.0
Hay bale,Uvurkhangai,2024-12,12000.0
Hay bale,Uvurkhangai,2024-11,6000.0
Hay bale,Uvurkhangai,2024-10,6000.0
Hay bale,Uvurkhangai,2024-09,
Hay bale,Uvurkhangai,2024-08,
Hay bale,Uvurkhangai,2024-07,
Hay bale,Uvurkhangai,2024-06,
Hay bale,Uvurkhangai,2024-05,
Hay bale,Uvurkhangai,2024-04,18500.0
Hay bale,Uvurkhangai,2024-03,18000.0
Hay bale,Uvurkhangai,2024-02,18000.0
Hay bale,Uvurkhangai,2024-01,18000.0
Hay bale,Uvurkhangai,2023-12,12000.0
Hay bale,Uvurkhangai,2023-11,9000.0
Hay bale,Uvurkhangai,2023-10,8000.0
Hay bale,Uvurkhangai,2023-09,18000.0
Hay bale,Uvurkhangai,2023-08,18000.0
Hay bale,Uvurkhangai,2023-07,18000.0
Hay bale,Uvurkhangai,2023-06,18000.0
Hay bale,Uvurkhangai,2023-05,18000.0
Hay bale,Uvurkhangai,2023-04,18000.0
Hay bale,Uvurkhangai,2023-03,8000.0
Hay bale,Uvurkhangai,2023-02,8000.0
Hay bale,Uvurkhangai,2023-01,8000.0
Hay bale,Uvurkhangai,2022-12,8000.0
Hay bale,Uvurkhangai,2022-11,6000.0
Hay bale,Uvurkhangai,2022-10,6000.0
Hay bale,Uvurkhangai,2022-09,4500.0
Hay bale,Uvurkhangai,2022-08,
Hay bale,Uvurkhangai,2022-07,
Hay bale,Uvurkhangai,2022-06,
Hay bale,Uvurkhangai,2022-05,
Hay bale,Uvurkhangai,2022-04,
Hay bale,Uvurkhangai,2022-03,5000.0
Hay bale,Uvurkhangai,2022-02,6500.0
Hay bale,Uvurkhangai,2022-01,6500.0
Hay bale,Uvurkhangai,2021-12,6000.0
Hay bale,Uvurkhangai,2021-11,6000.0
Hay bale,Uvurkhangai,2021-10,
Hay bale,Uvurkhangai,2021-09,
Hay bale,Uvurkhangai,2021-08,
Hay bale,Uvurkhangai,2021-07,
Hay bale,Uvurkhangai,2021-06,
Hay bale,Uvurkhangai,2021-05,
Hay bale,Uvurkhangai,2021-04,
Hay bale,Uvurkhangai,2021-03,
Hay bale,Uvurkhangai,2021-02,
Hay bale,Uvurkhangai,2021-01,
Hay bale,Uvurkhangai,2020-12,
Hay bale,Uvurkhangai,2020-11,
Hay bale,Uvurkhangai,2020-10,15000.0
Hay bale,Uvurkhangai,2020-09,
Hay bale,Uvurkhangai,2020-08,
Hay bale,Uvurkhangai,2020-07,
Hay bale,Uvurkhangai,2020-06,
Hay bale,Uvurkhangai,2020-05,9000.0
Hay bale,Uvurkhangai,2020-04,9000.0
Hay bale,Uvurkhangai,2020-03,9000.0
Hay bale,Uvurkhangai,2020-02,8500.0
Hay bale,Uvurkhangai,2020-01,6500.0
Hay bale,Uvurkhangai,2019-12,6500.0
Hay bale,Uvurkhangai,2019-11,6500.0
Hay bale,Uvurkhangai,2019-10,6000.0
Hay bale,Uvurkhangai,2019-09,5500.0
Hay bale,Uvurkhangai,2019-08,
Hay bale,Uvurkhangai,2019-07,
Hay bale,Uvurkhangai,2019-06,
Hay bale,Uvurkhangai,2019-05,
Hay bale,Uvurkhangai,2019-04,3000.0
Hay bale,Uvurkhangai,2019-03,4500.0
Hay bale,Uvurkhangai,2019-02,5000.0
Hay bale,Uvurkhangai,2019-01,5500.0
Hay bale,Uvurkhangai,2018-12,5000.0
Hay bale,Khuvsgul,2025-12,16000.0
Hay bale,Khuvsgul,2025-11,15714.0
Hay bale,Khuvsgul,2025-10,
Hay bale,Khuvsgul,2025-09,
Hay bale,Khuvsgul,2025-08,
Hay bale,Khuvsgul,2025-07,
Hay bale,Khuvsgul,2025-06,
Hay bale,Khuvsgul,2025-05,
Hay bale,Khuvsgul,2025-04,
Hay bale,Khuvsgul,2025-03,9667.0
Hay bale,Khuvsgul,2025-02,14125.0
Hay bale,Khuvsgul,2025-01,12667.0
Hay bale,Khuvsgul,2024-12,13750.0
Hay bale,Khuvsgul,2024-11,14000.0
Hay bale,Khuvsgul,2024-10,13400.0
Hay bale,Khuvsgul,2024-09,12500.0
Hay bale,Khuvsgul,2024-08,
Hay bale,Khuvsgul,2024-07,
Hay bale,Khuvsgul,2024-06,
Hay bale,Khuvsgul,2024-05,
Hay bale,Khuvsgul,2024-04,21000.0
Hay bale,Khuvsgul,2024-03,19500.0
Hay bale,Khuvsgul,2024-02,18750.0
Hay bale,Khuvsgul,2024-01,17500.0
Hay bale,Khuvsgul,2023-12,16333.0
Hay bale,Khuvsgul,2023-11,14667.0
Hay bale,Khuvsgul,2023-10,12429.0
Hay bale,Khuvsgul,2023-09,12000.0
Hay bale,Khuvsgul,2023-08,
Hay bale,Khuvsgul,2023-07,
Hay bale,Khuvsgul,2023-06,11750.0
Hay bale,Khuvsgul,2023-05,15000.0
Hay bale,Khuvsgul,2023-04,17200.0
Hay bale,Khuvsgul,2023-03,16857.0
Hay bale,Khuvsgul,2023-02,17500.0
Hay bale,Khuvsgul,2023-01,14000.0
Hay bale,Khuvsgul,2022-12,13000.0
Hay bale,Khuvsgul,2022-11,12900.0
Hay bale,Khuvsgul,2022-10,13500.0
Hay bale,Khuvsgul,2022-09,14000.0
Hay bale,Khuvsgul,2022-08,7000.0
Hay bale,Khuvsgul,2022-07,5500.0
Hay bale,Khuvsgul,2022-06,5500.0
Hay bale,Khuvsgul,2022-05,5000.0
Hay bale,Khuvsgul,2022-04,5667.0
Hay bale,Khuvsgul,2022-03,7100.0
Hay bale,Khuvsgul,2022-02,8375.0
Hay bale,Khuvsgul,2022-01,8200.0
Hay bale,Khuvsgul,2021-12,7917.0
Hay bale,Khuvsgul,2021-11,8600.0
Hay bale,Khuvsgul,2021-10,8688.0
Hay bale,Khuvsgul,2021-09,12000.0
Hay bale,Khuvsgul,2021-08,15000.0
Hay bale,Khuvsgul,2021-07,13500.0
Hay bale,Khuvsgul,2021-06,12667.0
Hay bale,Khuvsgul,2021-05,11750.0
Hay bale,Khuvsgul,2021-04,12179.0
Hay bale,Khuvsgul,2021-03,11393.0
Hay bale,Khuvsgul,2021-02,12794.0
Hay bale,Khuvsgul,2021-01,13647.0
Hay bale,Khuvsgul,2020-12,13143.0
Hay bale,Khuvsgul,2020-11,12571.0
Hay bale,Khuvsgul,2020-10,12333.0
Hay bale,Khuvsgul,2020-09,12000.0
Hay bale,Khuvsgul,2020-08,
Hay bale,Khuvsgul,2020-07,10000.0
Hay bale,Khuvsgul,2020-06,11250.0
Hay bale,Khuvsgul,2020-05,12625.0
Hay bale,Khuvsgul,2020-04,11375.0
Hay bale,Khuvsgul,2020-03,12500.0
Hay bale,Khuvsgul,2020-02,11571.0
Hay bale,Khuvsgul,2020-01,11000.0
Hay bale,Khuvsgul,2019-12,11313.0
Hay bale,Khuvsgul,2019-11,11000.0
Hay bale,Khuvsgul,2019-10,10500.0
Hay bale,Khuvsgul,2019-09,10500.0
Hay bale,Khuvsgul,2019-08,
Hay bale,Khuvsgul,2019-07,
Hay bale,Khuvsgul,2019-06,10250.0
Hay bale,Khuvsgul,2019-05,9200.0
Hay bale,Khuvsgul,2019-04,9000.0
Hay bale,Khuvsgul,2019-03,8600.0
Hay bale,Khuvsgul,2019-02,9700.0
Hay bale,Khuvsgul,2019-01,9200.0
Hay bale,Khuvsgul,2018-12,9000.0
Hay bale,Orkhon,2025-12,18000.0
Hay bale,Orkhon,2025-11,
Hay bale,Orkhon,2025-10,
Hay bale,Orkhon,2025-09,12000.0
Hay bale,Orkhon,2025-08,12000.0
Hay bale,Orkhon,2025-07,15000.0
Hay bale,Orkhon,2025-06,15000.0
Hay bale,Orkhon,2025-05,
Hay bale,Orkhon,2025-04,15000.0
Hay bale,Orkhon,2025-03,7500.0
Hay bale,Orkhon,2025-02,11000.0
Hay bale,Orkhon,2025-01,11000.0
Hay bale,Orkhon,2024-12,
Hay bale,Orkhon,2024-11,
Hay bale,Orkhon,2024-10,
Hay bale,Orkhon,2024-09,
Hay bale,Orkhon,2024-08,
Hay bale,Orkhon,2024-07,
Hay bale,Orkhon,2024-06,
Hay bale,Orkhon,2024-05,
Hay bale,Orkhon,2024-04,
Hay bale,Orkhon,2024-03,
Hay bale,Orkhon,2024-02,
Hay bale,Orkhon,2024-01,
Hay bale,Orkhon,2023-12,16000.0
Hay bale,Orkhon,2023-11,8000.0
Hay bale,Orkhon,2023-10,
Hay bale,Orkhon,2023-09,
Hay bale,Orkhon,2023-08,
Hay bale,Orkhon,2023-07,
Hay bale,Orkhon,2023-06,
Hay bale,Orkhon,2023-05,28000.0
Hay bale,Orkhon,2023-04,26000.0
Hay bale,Orkhon,2023-03,18667.0
Hay bale,Orkhon,2023-02,19000.0
Hay bale,Orkhon,2023-01,22000.0
Hay bale,Orkhon,2022-12,12500.0
Hay bale,Orkhon,2022-11,18000.0
Hay bale,Orkhon,2022-10,14250.0
Hay bale,Orkhon,2022-09,10000.0
Hay bale,Orkhon,2022-08,
Hay bale,Orkhon,2022-07,
Hay bale,Orkhon,2022-06,
Hay bale,Orkhon,2022-05,
Hay bale,Orkhon,2022-04,
Hay bale,Orkhon,2022-03,8667.0
Hay bale,Orkhon,2022-02,9000.0
Hay bale,Orkhon,2022-01,8000.0
Hay bale,Orkhon,2021-12,12000.0
Hay bale,Orkhon,2021-11,10000.0
Hay bale,Orkhon,2021-10,12000.0
Hay bale,Orkhon,2021-09,
Hay bale,Orkhon,2021-08,
Hay bale,Orkhon,2021-07,
Hay bale,Orkhon,2021-06,
Hay bale,Orkhon,2021-05,13333.0
Hay bale,Orkhon,2021-04,11750.0
Hay bale,Orkhon,2021-03,12200.0
Hay bale,Orkhon,2021-02,12500.0
Hay bale,Orkhon,2021-01,10000.0
Hay bale,Orkhon,2020-12,14000.0
Hay bale,Orkhon,2020-11,8000.0
Hay bale,Orkhon,2020-10,8000.0
Hay bale,Orkhon,2020-09,
Hay bale,Orkhon,2020-08,
Hay bale,Orkhon,2020-07,
Hay bale,Orkhon,2020-06,
Hay bale,Orkhon,2020-05,13000.0
Hay bale,Orkhon,2020-04,11500.0
Hay bale,Orkhon,2020-03,9750.0
Hay bale,Orkhon,2020-02,10333.0
Hay bale,Orkhon,2020-01,9700.0
Hay bale,Orkhon,2019-12,
Hay bale,Orkhon,2019-11,
Hay bale,Orkhon,2019-10,
Hay bale,Orkhon,2019-09,
Hay bale,Orkhon,2019-08,7500.0
Hay bale,Orkhon,2019-07,
Hay bale,Orkhon,2019-06,
Hay bale,Orkhon,2019-05,7000.0
Hay bale,Orkhon,2019-04,6100.0
Hay bale,Orkhon,2019-03,7100.0
Hay bale,Orkhon,2019-02,8000.0
Hay bale,Orkhon,2019-01,7000.0
Hay bale,Orkhon,2018-12,
Hay bale,Central region,2025-12,
Hay bale,Central region,2025-11,
Hay bale,Central region,2025-10,
Hay bale,Central region,2025-09,
Hay bale,Central region,2025-08,
Hay bale,Central region,2025-07,
Hay bale,Central region,2025-06,
Hay bale,Central region,2025-05,
Hay bale,Central region,2025-04,
Hay bale,Central region,2025-03,
Hay bale,Central region,2025-02,
Hay bale,Central region,2025-01,
Hay bale,Central region,2024-12,
Hay bale,Central region,2024-11,
Hay bale,Central region,2024-10,
Hay bale,Central region,2024-09,
Hay bale,Central region,2024-08,
Hay bale,Central region,2024-07,
Hay bale,Central region,2024-06,
Hay bale,Central region,2024-05,
Hay bale,Central region,2024-04,
Hay bale,Central region,2024-03,
Hay bale,Central region,2024-02,
Hay bale,Central region,2024-01,
Hay bale,Central region,2023-12,
Hay bale,Central region,2023-11,
Hay bale,Central region,2023-10,
Hay bale,Central region,2023-09,
Hay bale,Central region,2023-08,
Hay bale,Central region,2023-07,
Hay bale,Central region,2023-06,
Hay bale,Central region,2023-05,
Hay bale,Central region,2023-04,
Hay bale,Central region,2023-03,
Hay bale,Central region,2023-02,
Hay bale,Central region,2023-01,
Hay bale,Central region,2022-12,
Hay bale,Central region,2022-11,
Hay bale,Central region,2022-10,
Hay bale,Central region,2022-09,
Hay bale,Central region,2022-08,
Hay bale,Central region,2022-07,
Hay bale,Central region,2022-06,
Hay bale,Central region,2022-05,
Hay bale,Central region,2022-04,
Hay bale,Central region,2022-03,
Hay bale,Central region,2022-02,
Hay bale,Central region,2022-01,
Hay bale,Central region,2021-12,
Hay bale,Central region,2021-11,
Hay bale,Central region,2021-10,
Hay bale,Central region,2021-09,
Hay bale,Central region,2021-08,
Hay bale,Central region,2021-07,
Hay bale,Central region,2021-06,
Hay bale,Central region,2021-05,
Hay bale,Central region,2021-04,
Hay bale,Central region,2021-03,
Hay bale,Central region,2021-02,
Hay bale,Central region,2021-01,
Hay bale,Central region,2020-12,
Hay bale,Central region,2020-11,
Hay bale,Central region,2020-10,
Hay bale,Central region,2020-09,
Hay bale,Central region,2020-08,
Hay bale,Central region,2020-07,
Hay bale,Central region,2020-06,
Hay bale,Central region,2020-05,
Hay bale,Central region,2020-04,
Hay bale,Central region,2020-03,
Hay bale,Central region,2020-02,
Hay bale,Central region,2020-01,
Hay bale,Central region,2019-12,
Hay bale,Central region,2019-11,
Hay bale,Central region,2019-10,
Hay bale,Central region,2019-09,
Hay bale,Central region,2019-08,
Hay bale,Central region,2019-07,
Hay bale,Central region,2019-06,
Hay bale,Central region,2019-05,
Hay bale,Central region,2019-04,
Hay bale,Central region,2019-03,
Hay bale,Central region,2019-02,
Hay bale,Central region,2019-01,
Hay bale,Central region,2018-12,
Hay bale,Govisumber,2025-12,12000.0
Hay bale,Govisumber,2025-11,12000.0
Hay bale,Govisumber,2025-10,
Hay bale,Govisumber,2025-09,14000.0
Hay bale,Govisumber,2025-08,14333.0
Hay bale,Govisumber,2025-07,15000.0
Hay bale,Govisumber,2025-06,14000.0
Hay bale,Govisumber,2025-05,
Hay bale,Govisumber,2025-04,13800.0
Hay bale,Govisumber,2025-03,12000.0
Hay bale,Govisumber,2025-02,
Hay bale,Govisumber,2025-01,10000.0
Hay bale,Govisumber,2024-12,11500.0
Hay bale,Govisumber,2024-11,
Hay bale,Govisumber,2024-10,10000.0
Hay bale,Govisumber,2024-09,10000.0
Hay bale,Govisumber,2024-08,11500.0
Hay bale,Govisumber,2024-07,
Hay bale,Govisumber,2024-06,
Hay bale,Govisumber,2024-05,
Hay bale,Govisumber,2024-04,25000.0
Hay bale,Govisumber,2024-03,25000.0
Hay bale,Govisumber,2024-02,24000.0
Hay bale,Govisumber,2024-01,
Hay bale,Govisumber,2023-12,
Hay bale,Govisumber,2023-11,
Hay bale,Govisumber,2023-10,
Hay bale,Govisumber,2023-09,
Hay bale,Govisumber,2023-08,
Hay bale,Govisumber,2023-07,
Hay bale,Govisumber,2023-06,
Hay bale,Govisumber,2023-05,
Hay bale,Govisumber,2023-04,
Hay bale,Govisumber,2023-03,10500.0
Hay bale,Govisumber,2023-02,10000.0
Hay bale,Govisumber,2023-01,8500.0
Hay bale,Govisumber,2022-12,
Hay bale,Govisumber,2022-11,11000.0
Hay bale,Govisumber,2022-10,
Hay bale,Govisumber,2022-09,
Hay bale,Govisumber,2022-08,
Hay bale,Govisumber,2022-07,7000.0
Hay bale,Govisumber,2022-06,7000.0
Hay bale,Govisumber,2022-05,7000.0
Hay bale,Govisumber,2022-04,7000.0
Hay bale,Govisumber,2022-03,7000.0
Hay bale,Govisumber,2022-02,10000.0
Hay bale,Govisumber,2022-01,10000.0
Hay bale,Govisumber,2021-12,10000.0
Hay bale,Govisumber,2021-11,10000.0
Hay bale,Govisumber,2021-10,10000.0
Hay bale,Govisumber,2021-09,10000.0
Hay bale,Govisumber,2021-08,10000.0
Hay bale,Govisumber,2021-07,10000.0
Hay bale,Govisumber,2021-06,10000.0
Hay bale,Govisumber,2021-05,8500.0
Hay bale,Govisumber,2021-04,9000.0
Hay bale,Govisumber,2021-03,8500.0
Hay bale,Govisumber,2021-02,10000.0
Hay bale,Govisumber,2021-01,12333.0
Hay bale,Govisumber,2020-12,12000.0
Hay bale,Govisumber,2020-11,12000.0
Hay bale,Govisumber,2020-10,12000.0
Hay bale,Govisumber,2020-09,8000.0
Hay bale,Govisumber,2020-08,
Hay bale,Govisumber,2020-07,
Hay bale,Govisumber,2020-06,
Hay bale,Govisumber,2020-05,
Hay bale,Govisumber,2020-04,10000.0
Hay bale,Govisumber,2020-03,7750.0
Hay bale,Govisumber,2020-02,11000.0
Hay bale,Govisumber,2020-01,10000.0
Hay bale,Govisumber,2019-12,6540.0
Hay bale,Govisumber,2019-11,
Hay bale,Govisumber,2019-10,
Hay bale,Govisumber,2019-09,
Hay bale,Govisumber,2019-08,
Hay bale,Govisumber,2019-07,
Hay bale,Govisumber,2019-06,6500.0
Hay bale,Govisumber,2019-05,6500.0
Hay bale,Govisumber,2019-04,6500.0
Hay bale,Govisumber,2019-03,6500.0
Hay bale,Govisumber,2019-02,6600.0
Hay bale,Govisumber,2019-01,6600.0
Hay bale,Govisumber,2018-12,6500.0
Hay bale,Darkhan-Uul,2025-12,
Hay bale,Darkhan-Uul,2025-11,
Hay bale,Darkhan-Uul,2025-10,
Hay bale,Darkhan-Uul,2025-09,12000.0
Hay bale,Darkhan-Uul,2025-08,12000.0
Hay bale,Darkhan-Uul,2025-07,12000.0
Hay bale,Darkhan-Uul,2025-06,12000.0
Hay bale,Darkhan-Uul,2025-05,
Hay bale,Darkhan-Uul,2025-04,12500.0
Hay bale,Darkhan-Uul,2025-03,4000.0
Hay bale,Darkhan-Uul,2025-02,
Hay bale,Darkhan-Uul,2025-01,8000.0
Hay bale,Darkhan-Uul,2024-12,
Hay bale,Darkhan-Uul,2024-11,8000.0
Hay bale,Darkhan-Uul,2024-10,
Hay bale,Darkhan-Uul,2024-09,6000.0
Hay bale,Darkhan-Uul,2024-08,
Hay bale,Darkhan-Uul,2024-07,
Hay bale,Darkhan-Uul,2024-06,
Hay bale,Darkhan-Uul,2024-05,
Hay bale,Darkhan-Uul,2024-04,
Hay bale,Darkhan-Uul,2024-03,
Hay bale,Darkhan-Uul,2024-02,
Hay bale,Darkhan-Uul,2024-01,
Hay bale,Darkhan-Uul,2023-12,
Hay bale,Darkhan-Uul,2023-11,8000.0
Hay bale,Darkhan-Uul,2023-10,8000.0
Hay bale,Darkhan-Uul,2023-09,
Hay bale,Darkhan-Uul,2023-08,
Hay bale,Darkhan-Uul,2023-07,
Hay bale,Darkhan-Uul,2023-06,
Hay bale,Darkhan-Uul,2023-05,
Hay bale,Darkhan-Uul,2023-04,
Hay bale,Darkhan-Uul,2023-03,10000.0
Hay bale,Darkhan-Uul,2023-02,9500.0
Hay bale,Darkhan-Uul,2023-01,9000.0
Hay bale,Darkhan-Uul,2022-12,6300.0
Hay bale,Darkhan-Uul,2022-11,6000.0
Hay bale,Darkhan-Uul,2022-10,5833.0
Hay bale,Darkhan-Uul,2022-09,6000.0
Hay bale,Darkhan-Uul,2022-08,
Hay bale,Darkhan-Uul,2022-07,
Hay bale,Darkhan-Uul,2022-06,3000.0
Hay bale,Darkhan-Uul,2022-05,2250.0
Hay bale,Darkhan-Uul,2022-04,2300.0
Hay bale,Darkhan-Uul,2022-03,4767.0
Hay bale,Darkhan-Uul,2022-02,
Hay bale,Darkhan-Uul,2022-01,
Hay bale,Darkhan-Uul,2021-12,
Hay bale,Darkhan-Uul,2021-11,
Hay bale,Darkhan-Uul,2021-10,
Hay bale,Darkhan-Uul,2021-09,9000.0
Hay bale,Darkhan-Uul,2021-08,
Hay bale,Darkhan-Uul,2021-07,
Hay bale,Darkhan-Uul,2021-06,
Hay bale,Darkhan-Uul,2021-05,
Hay bale,Darkhan-Uul,2021-04,
Hay bale,Darkhan-Uul,2021-03,
Hay bale,Darkhan-Uul,2021-02,10000.0
Hay bale,Darkhan-Uul,2021-01,8667.0
Hay bale,Darkhan-Uul,2020-12,8000.0
Hay bale,Darkhan-Uul,2020-11,7000.0
Hay bale,Darkhan-Uul,2020-10,6500.0
Hay bale,Darkhan-Uul,2020-09,5500.0
Hay bale,Darkhan-Uul,2020-08,4500.0
Hay bale,Darkhan-Uul,2020-07,4500.0
Hay bale,Darkhan-Uul,2020-06,4000.0
Hay bale,Darkhan-Uul,2020-05,4500.0
Hay bale,Darkhan-Uul,2020-04,4750.0
Hay bale,Darkhan-Uul,2020-03,4750.0
Hay bale,Darkhan-Uul,2020-02,4750.0
Hay bale,Darkhan-Uul,2020-01,4250.0
Hay bale,Darkhan-Uul,2019-12,4750.0
Hay bale,Darkhan-Uul,2019-11,4250.0
Hay bale,Darkhan-Uul,2019-10,4000.0
Hay bale,Darkhan-Uul,2019-09,3750.0
Hay bale,Darkhan-Uul,2019-08,
Hay bale,Darkhan-Uul,2019-07,
Hay bale,Darkhan-Uul,2019-06,
Hay bale,Darkhan-Uul,2019-05,4500.0
Hay bale,Darkhan-Uul,2019-04,5000.0
Hay bale,Darkhan-Uul,2019-03,4500.0
Hay bale,Darkhan-Uul,2019-02,4500.0
Hay bale,Darkhan-Uul,2019-01,4500.0
Hay bale,Darkhan-Uul,2018-12,4700.0
Hay bale,Dornogovi,2025-12,13000.0
Hay bale,Dornogovi,2025-11,11786.0
Hay bale,Dornogovi,2025-10,
Hay bale,Dornogovi,2025-09,12500.0
Hay bale,Dornogovi,2025-08,12500.0
Hay bale,Dornogovi,2025-07,12333.0
Hay bale,Dornogovi,2025-06,12000.0
Hay bale,Dornogovi,2025-05,14333.0
Hay bale,Dornogovi,2025-04,13333.0
Hay bale,Dornogovi,2025-03,12857.0
Hay bale,Dornogovi,2025-02,13000.0
Hay bale,Dornogovi,2025-01,15917.0
Hay bale,Dornogovi,2024-12,15600.0
Hay bale,Dornogovi,2024-11,16000.0
Hay bale,Dornogovi,2024-10,14250.0
Hay bale,Dornogovi,2024-09,15667.0
Hay bale,Dornogovi,2024-08,
Hay bale,Dornogovi,2024-07,
Hay bale,Dornogovi,2024-06,19000.0
Hay bale,Dornogovi,2024-05,17500.0
Hay bale,Dornogovi,2024-04,19667.0
Hay bale,Dornogovi,2024-03,19833.0
Hay bale,Dornogovi,2024-02,20250.0
Hay bale,Dornogovi,2024-01,17889.0
Hay bale,Dornogovi,2023-12,16071.0
Hay bale,Dornogovi,2023-11,14000.0
Hay bale,Dornogovi,2023-10,12750.0
Hay bale,Dornogovi,2023-09,12000.0
Hay bale,Dornogovi,2023-08,20000.0
Hay bale,Dornogovi,2023-07,20000.0
Hay bale,Dornogovi,2023-06,20000.0
Hay bale,Dornogovi,2023-05,15000.0
Hay bale,Dornogovi,2023-04,19250.0
Hay bale,Dornogovi,2023-03,17083.0
Hay bale,Dornogovi,2023-02,15500.0
Hay bale,Dornogovi,2023-01,12600.0
Hay bale,Dornogovi,2022-12,11000.0
Hay bale,Dornogovi,2022-11,11000.0
Hay bale,Dornogovi,2022-10,10500.0
Hay bale,Dornogovi,2022-09,9833.0
Hay bale,Dornogovi,2022-08,9875.0
Hay bale,Dornogovi,2022-07,8167.0
Hay bale,Dornogovi,2022-06,9875.0
Hay bale,Dornogovi,2022-05,9025.0
Hay bale,Dornogovi,2022-04,8943.0
Hay bale,Dornogovi,2022-03,10086.0
Hay bale,Dornogovi,2022-02,10100.0
Hay bale,Dornogovi,2022-01,9500.0
Hay bale,Dornogovi,2021-12,9286.0
Hay bale,Dornogovi,2021-11,9400.0
Hay bale,Dornogovi,2021-10,11657.0
Hay bale,Dornogovi,2021-09,12900.0
Hay bale,Dornogovi,2021-08,14750.0
Hay bale,Dornogovi,2021-07,13833.0
Hay bale,Dornogovi,2021-06,13800.0
Hay bale,Dornogovi,2021-05,13833.0
Hay bale,Dornogovi,2021-04,13625.0
Hay bale,Dornogovi,2021-03,12091.0
Hay bale,Dornogovi,2021-02,13909.0
Hay bale,Dornogovi,2021-01,14400.0
Hay bale,Dornogovi,2020-12,12267.0
Hay bale,Dornogovi,2020-11,10767.0
Hay bale,Dornogovi,2020-10,10750.0
Hay bale,Dornogovi,2020-09,10000.0
Hay bale,Dornogovi,2020-08,9075.0
Hay bale,Dornogovi,2020-07,8860.0
Hay bale,Dornogovi,2020-06,8575.0
Hay bale,Dornogovi,2020-05,8860.0
Hay bale,Dornogovi,2020-04,8538.0
Hay bale,Dornogovi,2020-03,8686.0
Hay bale,Dornogovi,2020-02,8600.0
Hay bale,Dornogovi,2020-01,8700.0
Hay bale,Dornogovi,2019-12,7500.0
Hay bale,Dornogovi,2019-11,7530.0
Hay bale,Dornogovi,2019-10,7400.0
Hay bale,Dornogovi,2019-09,7500.0
Hay bale,Dornogovi,2019-08,7300.0
Hay bale,Dornogovi,2019-07,7250.0
Hay bale,Dornogovi,2019-06,7300.0
Hay bale,Dornogovi,2019-05,7600.0
Hay bale,Dornogovi,2019-04,6900.0
Hay bale,Dornogovi,2019-03,7100.0
Hay bale,Dornogovi,2019-02,7200.0
Hay bale,Dornogovi,2019-01,7200.0
Hay bale,Dornogovi,2018-12,6900.0
Hay bale,Dundgovi,2025-12,15000.0
Hay bale,Dundgovi,2025-11,15333.0
Hay bale,Dundgovi,2025-10,
Hay bale,Dundgovi,2025-09,10000.0
Hay bale,Dundgovi,2025-08,
Hay bale,Dundgovi,2025-07,
Hay bale,Dundgovi,2025-06,
Hay bale,Dundgovi,2025-05,16000.0
Hay bale,Dundgovi,2025-04,10000.0
Hay bale,Dundgovi,2025-03,15000.0
Hay bale,Dundgovi,2025-02,13000.0
Hay bale,Dundgovi,2025-01,15500.0
Hay bale,Dundgovi,2024-12,16333.0
Hay bale,Dundgovi,2024-11,18000.0
Hay bale,Dundgovi,2024-10,17000.0
Hay bale,Dundgovi,2024-09,15000.0
Hay bale,Dundgovi,2024-08,19000.0
Hay bale,Dundgovi,2024-07,
Hay bale,Dundgovi,2024-06,
Hay bale,Dundgovi,2024-05,
Hay bale,Dundgovi,2024-04,24500.0
Hay bale,Dundgovi,2024-03,
Hay bale,Dundgovi,2024-02,
Hay bale,Dundgovi,2024-01,
Hay bale,Dundgovi,2023-12,
Hay bale,Dundgovi,2023-11,15000.0
Hay bale,Dundgovi,2023-10,
Hay bale,Dundgovi,2023-09,
Hay bale,Dundgovi,2023-08,
Hay bale,Dundgovi,2023-07,
Hay bale,Dundgovi,2023-06,
Hay bale,Dundgovi,2023-05,
Hay bale,Dundgovi,2023-04,
Hay bale,Dundgovi,2023-03,
Hay bale,Dundgovi,2023-02,20000.0
Hay bale,Dundgovi,2023-01,
Hay bale,Dundgovi,2022-12,
Hay bale,Dundgovi,2022-11,
Hay bale,Dundgovi,2022-10,
Hay bale,Dundgovi,2022-09,
Hay bale,Dundgovi,2022-08,
Hay bale,Dundgovi,2022-07,
Hay bale,Dundgovi,2022-06,
Hay bale,Dundgovi,2022-05,
Hay bale,Dundgovi,2022-04,
Hay bale,Dundgovi,2022-03,
Hay bale,Dundgovi,2022-02,9500.0
Hay bale,Dundgovi,2022-01,
Hay bale,Dundgovi,2021-12,11000.0
Hay bale,Dundgovi,2021-11,
Hay bale,Dundgovi,2021-10,13000.0
Hay bale,Dundgovi,2021-09,
Hay bale,Dundgovi,2021-08,
Hay bale,Dundgovi,2021-07,
Hay bale,Dundgovi,2021-06,
Hay bale,Dundgovi,2021-05,
Hay bale,Dundgovi,2021-04,10000.0
Hay bale,Dundgovi,2021-03,
Hay bale,Dundgovi,2021-02,
Hay bale,Dundgovi,2021-01,14250.0
Hay bale,Dundgovi,2020-12,14000.0
Hay bale,Dundgovi,2020-11,11500.0
Hay bale,Dundgovi,2020-10,
Hay bale,Dundgovi,2020-09,
Hay bale,Dundgovi,2020-08,
Hay bale,Dundgovi,2020-07,
Hay bale,Dundgovi,2020-06,
Hay bale,Dundgovi,2020-05,
Hay bale,Dundgovi,2020-04,14250.0
Hay bale,Dundgovi,2020-03,13500.0
Hay bale,Dundgovi,2020-02,12000.0
Hay bale,Dundgovi,2020-01,12750.0
Hay bale,Dundgovi,2019-12,
Hay bale,Dundgovi,2019-11,
Hay bale,Dundgovi,2019-10,
Hay bale,Dundgovi,2019-09,
Hay bale,Dundgovi,2019-08,
Hay bale,Dundgovi,2019-07,
Hay bale,Dundgovi,2019-06,
Hay bale,Dundgovi,2019-05,
Hay bale,Dundgovi,2019-04,10000.0
Hay bale,Dundgovi,2019-03,9000.0
Hay bale,Dundgovi,2019-02,10000.0
Hay bale,Dundgovi,2019-01,8800.0
Hay bale,Dundgovi,2018-12,7500.0
Hay bale,Umnugovi,2025-12,14000.0
Hay bale,Umnugovi,2025-11,11333.0
Hay bale,Umnugovi,2025-10,
Hay bale,Umnugovi,2025-09,13750.0
Hay bale,Umnugovi,2025-08,13000.0
Hay bale,Umnugovi,2025-07,
Hay bale,Umnugovi,2025-06,
Hay bale,Umnugovi,2025-05,12000.0
Hay bale,Umnugovi,2025-04,12825.0
Hay bale,Umnugovi,2025-03,13375.0
Hay bale,Umnugovi,2025-02,16500.0
Hay bale,Umnugovi,2025-01,16000.0
Hay bale,Umnugovi,2024-12,12250.0
Hay bale,Umnugovi,2024-11,
Hay bale,Umnugovi,2024-10,
Hay bale,Umnugovi,2024-09,
Hay bale,Umnugovi,2024-08,
Hay bale,Umnugovi,2024-07,
Hay bale,Umnugovi,2024-06,19500.0
Hay bale,Umnugovi,2024-05,15250.0
Hay bale,Umnugovi,2024-04,16667.0
Hay bale,Umnugovi,2024-03,14988.0
Hay bale,Umnugovi,2024-02,16813.0
Hay bale,Umnugovi,2024-01,19000.0
Hay bale,Umnugovi,2023-12,13250.0
Hay bale,Umnugovi,2023-11,13000.0
Hay bale,Umnugovi,2023-10,12750.0
Hay bale,Umnugovi,2023-09,
Hay bale,Umnugovi,2023-08,
Hay bale,Umnugovi,2023-07,
Hay bale,Umnugovi,2023-06,20500.0
Hay bale,Umnugovi,2023-05,17000.0
Hay bale,Umnugovi,2023-04,13700.0
Hay bale,Umnugovi,2023-03,13900.0
Hay bale,Umnugovi,2023-02,16125.0
Hay bale,Umnugovi,2023-01,14800.0
Hay bale,Umnugovi,2022-12,14000.0
Hay bale,Umnugovi,2022-11,14300.0
Hay bale,Umnugovi,2022-10,15000.0
Hay bale,Umnugovi,2022-09,14000.0
Hay bale,Umnugovi,2022-08,17500.0
Hay bale,Umnugovi,2022-07,12000.0
Hay bale,Umnugovi,2022-06,11800.0
Hay bale,Umnugovi,2022-05,12333.0
Hay bale,Umnugovi,2022-04,11000.0
Hay bale,Umnugovi,2022-03,11833.0
Hay bale,Umnugovi,2022-02,12143.0
Hay bale,Umnugovi,2022-01,12167.0
Hay bale,Umnugovi,2021-12,13250.0
Hay bale,Umnugovi,2021-11,13000.0
Hay bale,Umnugovi,2021-10,11625.0
Hay bale,Umnugovi,2021-09,11500.0
Hay bale,Umnugovi,2021-08,12333.0
Hay bale,Umnugovi,2021-07,12000.0
Hay bale,Umnugovi,2021-06,12000.0
Hay bale,Umnugovi,2021-05,12750.0
Hay bale,Umnugovi,2021-04,12750.0
Hay bale,Umnugovi,2021-03,12400.0
Hay bale,Umnugovi,2021-02,14083.0
Hay bale,Umnugovi,2021-01,14333.0
Hay bale,Umnugovi,2020-12,12200.0
Hay bale,Umnugovi,2020-11,14333.0
Hay bale,Umnugovi,2020-10,13000.0
Hay bale,Umnugovi,2020-09,13000.0
Hay bale,Umnugovi,2020-08,8667.0
Hay bale,Umnugovi,2020-07,8667.0
Hay bale,Umnugovi,2020-06,8833.0
Hay bale,Umnugovi,2020-05,9250.0
Hay bale,Umnugovi,2020-04,8333.0
Hay bale,Umnugovi,2020-03,7625.0
Hay bale,Umnugovi,2020-02,7333.0
Hay bale,Umnugovi,2020-01,10000.0
Hay bale,Umnugovi,2019-12,8167.0
Hay bale,Umnugovi,2019-11,9500.0
Hay bale,Umnugovi,2019-10,10500.0
Hay bale,Umnugovi,2019-09,10200.0
Hay bale,Umnugovi,2019-08,9750.0
Hay bale,Umnugovi,2019-07,9750.0
Hay bale,Umnugovi,2019-06,10000.0
Hay bale,Umnugovi,2019-05,9750.0
Hay bale,Umnugovi,2019-04,10000.0
Hay bale,Umnugovi,2019-03,10000.0
Hay bale,Umnugovi,2019-02,10000.0
Hay bale,Umnugovi,2019-01,9000.0
Hay bale,Umnugovi,2018-12,10500.0
Hay bale,Selenge,2025-12,11000.0
Hay bale,Selenge,2025-11,10625.0
Hay bale,Selenge,2025-10,
Hay bale,Selenge,2025-09,15000.0
Hay bale,Selenge,2025-08,
Hay bale,Selenge,2025-07,
Hay bale,Selenge,2025-06,
Hay bale,Selenge,2025-05,
Hay bale,Selenge,2025-04,
Hay bale,Selenge,2025-03,2800.0
Hay bale,Selenge,2025-02,5214.0
Hay bale,Selenge,2025-01,6083.0
Hay bale,Selenge,2024-12,
Hay bale,Selenge,2024-11,7944.0
Hay bale,Selenge,2024-10,7071.0
Hay bale,Selenge,2024-09,6500.0
Hay bale,Selenge,2024-08,5000.0
Hay bale,Selenge,2024-07,
Hay bale,Selenge,2024-06,
Hay bale,Selenge,2024-05,
Hay bale,Selenge,2024-04,13500.0
Hay bale,Selenge,2024-03,12857.0
Hay bale,Selenge,2024-02,11563.0
Hay bale,Selenge,2024-01,10143.0
Hay bale,Selenge,2023-12,9071.0
Hay bale,Selenge,2023-11,6929.0
Hay bale,Selenge,2023-10,6571.0
Hay bale,Selenge,2023-09,6250.0
Hay bale,Selenge,2023-08,
Hay bale,Selenge,2023-07,
Hay bale,Selenge,2023-06,
Hay bale,Selenge,2023-05,10000.0
Hay bale,Selenge,2023-04,10500.0
Hay bale,Selenge,2023-03,10563.0
Hay bale,Selenge,2023-02,11111.0
Hay bale,Selenge,2023-01,8900.0
Hay bale,Selenge,2022-12,6300.0
Hay bale,Selenge,2022-11,5400.0
Hay bale,Selenge,2022-10,5900.0
Hay bale,Selenge,2022-09,5933.0
Hay bale,Selenge,2022-08,7000.0
Hay bale,Selenge,2022-07,
Hay bale,Selenge,2022-06,1000.0
Hay bale,Selenge,2022-05,1000.0
Hay bale,Selenge,2022-04,1333.0
Hay bale,Selenge,2022-03,2556.0
Hay bale,Selenge,2022-02,2900.0
Hay bale,Selenge,2022-01,2938.0
Hay bale,Selenge,2021-12,3500.0
Hay bale,Selenge,2021-11,3600.0
Hay bale,Selenge,2021-10,4111.0
Hay bale,Selenge,2021-09,4667.0
Hay bale,Selenge,2021-08,5000.0
Hay bale,Selenge,2021-07,
Hay bale,Selenge,2021-06,
Hay bale,Selenge,2021-05,5000.0
Hay bale,Selenge,2021-04,5000.0
Hay bale,Selenge,2021-03,5000.0
Hay bale,Selenge,2021-02,7136.0
Hay bale,Selenge,2021-01,7722.0
Hay bale,Selenge,2020-12,8150.0
Hay bale,Selenge,2020-11,7375.0
Hay bale,Selenge,2020-10,6733.0
Hay bale,Selenge,2020-09,5962.0
Hay bale,Selenge,2020-08,
Hay bale,Selenge,2020-07,
Hay bale,Selenge,2020-06,
Hay bale,Selenge,2020-05,5000.0
Hay bale,Selenge,2020-04,7667.0
Hay bale,Selenge,2020-03,6200.0
Hay bale,Selenge,2020-02,5800.0
Hay bale,Selenge,2020-01,5900.0
Hay bale,Selenge,2019-12,4556.0
Hay bale,Selenge,2019-11,4600.0
Hay bale,Selenge,2019-10,4100.0
Hay bale,Selenge,2019-09,4000.0
Hay bale,Selenge,2019-08,
Hay bale,Selenge,2019-07,
Hay bale,Selenge,2019-06,4500.0
Hay bale,Selenge,2019-05,2250.0
Hay bale,Selenge,2019-04,3100.0
Hay bale,Selenge,2019-03,3000.0
Hay bale,Selenge,2019-02,3600.0
Hay bale,Selenge,2019-01,7200.0
Hay bale,Selenge,2018-12,4400.0
Hay bale,Tuv,2025-12,13000.0
Hay bale,Tuv,2025-11,12800.0
Hay bale,Tuv,2025-10,
Hay bale,Tuv,2025-09,10000.0
Hay bale,Tuv,2025-08,
Hay bale,Tuv,2025-07,
Hay bale,Tuv,2025-06,
Hay bale,Tuv,2025-05,5667.0
Hay bale,Tuv,2025-04,10000.0
Hay bale,Tuv,2025-03,7417.0
Hay bale,Tuv,2025-02,8464.0
Hay bale,Tuv,2025-01,9833.0
Hay bale,Tuv,2024-12,11462.0
Hay bale,Tuv,2024-11,11375.0
Hay bale,Tuv,2024-10,10433.0
Hay bale,Tuv,2024-09,8792.0
Hay bale,Tuv,2024-08,10000.0
Hay bale,Tuv,2024-07,
Hay bale,Tuv,2024-06,
Hay bale,Tuv,2024-05,23500.0
Hay bale,Tuv,2024-04,11900.0
Hay bale,Tuv,2024-03,19094.0
Hay bale,Tuv,2024-02,19300.0
Hay bale,Tuv,2024-01,14867.0
Hay bale,Tuv,2023-12,13289.0
Hay bale,Tuv,2023-11,11679.0
Hay bale,Tuv,2023-10,10386.0
Hay bale,Tuv,2023-09,10556.0
Hay bale,Tuv,2023-08,7750.0
Hay bale,Tuv,2023-07,
Hay bale,Tuv,2023-06,16500.0
Hay bale,Tuv,2023-05,23571.0
Hay bale,Tuv,2023-04,20555.0
Hay bale,Tuv,2023-03,15700.0
Hay bale,Tuv,2023-02,16000.0
Hay bale,Tuv,2023-01,13100.0
Hay bale,Tuv,2022-12,11000.0
Hay bale,Tuv,2022-11,10000.0
Hay bale,Tuv,2022-10,9308.0
Hay bale,Tuv,2022-09,9800.0
Hay bale,Tuv,2022-08,8333.0
Hay bale,Tuv,2022-07,1500.0
Hay bale,Tuv,2022-06,3250.0
Hay bale,Tuv,2022-05,3667.0
Hay bale,Tuv,2022-04,3581.0
Hay bale,Tuv,2022-03,4214.0
Hay bale,Tuv,2022-02,5433.0
Hay bale,Tuv,2022-01,5500.0
Hay bale,Tuv,2021-12,6781.0
Hay bale,Tuv,2021-11,7400.0
Hay bale,Tuv,2021-10,7114.0
Hay bale,Tuv,2021-09,6900.0
Hay bale,Tuv,2021-08,5000.0
Hay bale,Tuv,2021-07,
Hay bale,Tuv,2021-06,9125.0
Hay bale,Tuv,2021-05,8722.0
Hay bale,Tuv,2021-04,9900.0
Hay bale,Tuv,2021-03,9807.0
Hay bale,Tuv,2021-02,11500.0
Hay bale,Tuv,2021-01,12100.0
Hay bale,Tuv,2020-12,12100.0
Hay bale,Tuv,2020-11,10808.0
Hay bale,Tuv,2020-10,9556.0
Hay bale,Tuv,2020-09,9071.0
Hay bale,Tuv,2020-08,
Hay bale,Tuv,2020-07,
Hay bale,Tuv,2020-06,14000.0
Hay bale,Tuv,2020-05,17000.0
Hay bale,Tuv,2020-04,8400.0
Hay bale,Tuv,2020-03,9583.0
Hay bale,Tuv,2020-02,9125.0
Hay bale,Tuv,2020-01,9500.0
Hay bale,Tuv,2019-12,8029.0
Hay bale,Tuv,2019-11,7300.0
Hay bale,Tuv,2019-10,6400.0
Hay bale,Tuv,2019-09,6300.0
Hay bale,Tuv,2019-08,5750.0
Hay bale,Tuv,2019-07,6400.0
Hay bale,Tuv,2019-06,6000.0
Hay bale,Tuv,2019-05,5700.0
Hay bale,Tuv,2019-04,5200.0
Hay bale,Tuv,2019-03,5400.0
Hay bale,Tuv,2019-02,5500.0
Hay bale,Tuv,2019-01,5800.0
Hay bale,Tuv,2018-12,6300.0
Hay bale,Eastern region,2025-12,
Hay bale,Eastern region,2025-11,
Hay bale,Eastern region,2025-10,
Hay bale,Eastern region,2025-09,
Hay bale,Eastern region,2025-08,
Hay bale,Eastern region,2025-07,
Hay bale,Eastern region,2025-06,
Hay bale,Eastern region,2025-05,
Hay bale,Eastern region,2025-04,
Hay bale,Eastern region,2025-03,
Hay bale,Eastern region,2025-02,
Hay bale,Eastern region,2025-01,
Hay bale,Eastern region,2024-12,
Hay bale,Eastern region,2024-11,
Hay bale,Eastern region,2024-10,
Hay bale,Eastern region,2024-09,
Hay bale,Eastern region,2024-08,
Hay bale,Eastern region,2024-07,
Hay bale,Eastern region,2024-06,
Hay bale,Eastern region,2024-05,
Hay bale,Eastern region,2024-04,
Hay bale,Eastern region,2024-03,
Hay bale,Eastern region,2024-02,
Hay bale,Eastern region,2024-01,
Hay bale,Eastern region,2023-12,
Hay bale,Eastern region,2023-11,
Hay bale,Eastern region,2023-10,
Hay bale,Eastern region,2023-09,
Hay bale,Eastern region,2023-08,
Hay bale,Eastern region,2023-07,
Hay bale,Eastern region,2023-06,
Hay bale,Eastern region,2023-05,
Hay bale,Eastern region,2023-04,
Hay bale,Eastern region,2023-03,
Hay bale,Eastern region,2023-02,
Hay bale,Eastern region,2023-01,
Hay bale,Eastern region,2022-12,
Hay bale,Eastern region,2022-11,
Hay bale,Eastern region,2022-10,
Hay bale,Eastern region,2022-09,
Hay bale,Eastern region,2022-08,
Hay bale,Eastern region,2022-07,
Hay bale,Eastern region,2022-06,
Hay bale,Eastern region,2022-05,
Hay bale,Eastern region,2022-04,
Hay bale,Eastern region,2022-03,
Hay bale,Eastern region,2022-02,
Hay bale,Eastern region,2022-01,
Hay bale,Eastern region,2021-12,
Hay bale,Eastern region,2021-11,
Hay bale,Eastern region,2021-10,
Hay bale,Eastern region,2021-09,
Hay bale,Eastern region,2021-08,
Hay bale,Eastern region,2021-07,
Hay bale,Eastern region,2021-06,
Hay bale,Eastern region,2021-05,
Hay bale,Eastern region,2021-04,
Hay bale,Eastern region,2021-03,
Hay bale,Eastern region,2021-02,
Hay bale,Eastern region,2021-01,
Hay bale,Eastern region,2020-12,
Hay bale,Eastern region,2020-11,
Hay bale,Eastern region,2020-10,
Hay bale,Eastern region,2020-09,
Hay bale,Eastern region,2020-08,
Hay bale,Eastern region,2020-07,
Hay bale,Eastern region,2020-06,
Hay bale,Eastern region,2020-05,
Hay bale,Eastern region,2020-04,
Hay bale,Eastern region,2020-03,
Hay bale,Eastern region,2020-02,
Hay bale,Eastern region,2020-01,
Hay bale,Eastern region,2019-12,
Hay bale,Eastern region,2019-11,
Hay bale,Eastern region,2019-10,
Hay bale,Eastern region,2019-09,
Hay bale,Eastern region,2019-08,
Hay bale,Eastern region,2019-07,
Hay bale,Eastern region,2019-06,
Hay bale,Eastern region,2019-05,
Hay bale,Eastern region,2019-04,
Hay bale,Eastern region,2019-03,
Hay bale,Eastern region,2019-02,
Hay bale,Eastern region,2019-01,
Hay bale,Eastern region,2018-12,
Hay bale,Dornod,2025-12,6000.0
Hay bale,Dornod,2025-11,
Hay bale,Dornod,2025-10,
Hay bale,Dornod,2025-09,10000.0
Hay bale,Dornod,2025-08,
Hay bale,Dornod,2025-07,
Hay bale,Dornod,2025-06,
Hay bale,Dornod,2025-05,5333.0
Hay bale,Dornod,2025-04,10000.0
Hay bale,Dornod,2025-03,5000.0
Hay bale,Dornod,2025-02,4900.0
Hay bale,Dornod,2025-01,5917.0
Hay bale,Dornod,2024-12,
Hay bale,Dornod,2024-11,6375.0
Hay bale,Dornod,2024-10,6000.0
Hay bale,Dornod,2024-09,6500.0
Hay bale,Dornod,2024-08,6500.0
Hay bale,Dornod,2024-07,8000.0
Hay bale,Dornod,2024-06,8000.0
Hay bale,Dornod,2024-05,8000.0
Hay bale,Dornod,2024-04,9833.0
Hay bale,Dornod,2024-03,13000.0
Hay bale,Dornod,2024-02,12200.0
Hay bale,Dornod,2024-01,8500.0
Hay bale,Dornod,2023-12,7600.0
Hay bale,Dornod,2023-11,7000.0
Hay bale,Dornod,2023-10,6500.0
Hay bale,Dornod,2023-09,7000.0
Hay bale,Dornod,2023-08,7000.0
Hay bale,Dornod,2023-07,10000.0
Hay bale,Dornod,2023-06,10000.0
Hay bale,Dornod,2023-05,10000.0
Hay bale,Dornod,2023-04,10333.0
Hay bale,Dornod,2023-03,8333.0
Hay bale,Dornod,2023-02,7200.0
Hay bale,Dornod,2023-01,7500.0
Hay bale,Dornod,2022-12,5400.0
Hay bale,Dornod,2022-11,5750.0
Hay bale,Dornod,2022-10,5500.0
Hay bale,Dornod,2022-09,5357.0
Hay bale,Dornod,2022-08,
Hay bale,Dornod,2022-07,
Hay bale,Dornod,2022-06,2000.0
Hay bale,Dornod,2022-05,
Hay bale,Dornod,2022-04,
Hay bale,Dornod,2022-03,2500.0
Hay bale,Dornod,2022-02,3250.0
Hay bale,Dornod,2022-01,3500.0
Hay bale,Dornod,2021-12,3500.0
Hay bale,Dornod,2021-11,
Hay bale,Dornod,2021-10,5000.0
Hay bale,Dornod,2021-09,
Hay bale,Dornod,2021-08,
Hay bale,Dornod,2021-07,
Hay bale,Dornod,2021-06,
Hay bale,Dornod,2021-05,4500.0
Hay bale,Dornod,2021-04,4000.0
Hay bale,Dornod,2021-03,4000.0
Hay bale,Dornod,2021-02,5500.0
Hay bale,Dornod,2021-01,5300.0
Hay bale,Dornod,2020-12,6250.0
Hay bale,Dornod,2020-11,
Hay bale,Dornod,2020-10,5833.0
Hay bale,Dornod,2020-09,4500.0
Hay bale,Dornod,2020-08,4500.0
Hay bale,Dornod,2020-07,4500.0
Hay bale,Dornod,2020-06,4500.0
Hay bale,Dornod,2020-05,4500.0
Hay bale,Dornod,2020-04,4500.0
Hay bale,Dornod,2020-03,4500.0
Hay bale,Dornod,2020-02,4000.0
Hay bale,Dornod,2020-01,7000.0
Hay bale,Dornod,2019-12,
Hay bale,Dornod,2019-11,4000.0
Hay bale,Dornod,2019-10,3700.0
Hay bale,Dornod,2019-09,3500.0
Hay bale,Dornod,2019-08,
Hay bale,Dornod,2019-07,3000.0
Hay bale,Dornod,2019-06,3000.0
Hay bale,Dornod,2019-05,3000.0
Hay bale,Dornod,2019-04,4000.0
Hay bale,Dornod,2019-03,2700.0
Hay bale,Dornod,2019-02,3800.0
Hay bale,Dornod,2019-01,3600.0
Hay bale,Dornod,2018-12,3200.0
Hay bale,Sukhbaatar,2025-12,8000.0
Hay bale,Sukhbaatar,2025-11,
Hay bale,Sukhbaatar,2025-10,
Hay bale,Sukhbaatar,2025-09,10000.0
Hay bale,Sukhbaatar,2025-08,
Hay bale,Sukhbaatar,2025-07,
Hay bale,Sukhbaatar,2025-06,
Hay bale,Sukhbaatar,2025-05,3250.0
Hay bale,Sukhbaatar,2025-04,10000.0
Hay bale,Sukhbaatar,2025-03,5333.0
Hay bale,Sukhbaatar,2025-02,6143.0
Hay bale,Sukhbaatar,2025-01,7429.0
Hay bale,Sukhbaatar,2024-12,
Hay bale,Sukhbaatar,2024-11,8313.0
Hay bale,Sukhbaatar,2024-10,8143.0
Hay bale,Sukhbaatar,2024-09,8083.0
Hay bale,Sukhbaatar,2024-08,
Hay bale,Sukhbaatar,2024-07,
Hay bale,Sukhbaatar,2024-06,
Hay bale,Sukhbaatar,2024-05,
Hay bale,Sukhbaatar,2024-04,7750.0
Hay bale,Sukhbaatar,2024-03,19000.0
Hay bale,Sukhbaatar,2024-02,18667.0
Hay bale,Sukhbaatar,2024-01,16875.0
Hay bale,Sukhbaatar,2023-12,15286.0
Hay bale,Sukhbaatar,2023-11,11714.0
Hay bale,Sukhbaatar,2023-10,8100.0
Hay bale,Sukhbaatar,2023-09,8243.0
Hay bale,Sukhbaatar,2023-08,8000.0
Hay bale,Sukhbaatar,2023-07,30000.0
Hay bale,Sukhbaatar,2023-06,30000.0
Hay bale,Sukhbaatar,2023-05,22500.0
Hay bale,Sukhbaatar,2023-04,24667.0
Hay bale,Sukhbaatar,2023-03,14875.0
Hay bale,Sukhbaatar,2023-02,15625.0
Hay bale,Sukhbaatar,2023-01,12250.0
Hay bale,Sukhbaatar,2022-12,8400.0
Hay bale,Sukhbaatar,2022-11,7800.0
Hay bale,Sukhbaatar,2022-10,7833.0
Hay bale,Sukhbaatar,2022-09,7750.0
Hay bale,Sukhbaatar,2022-08,6000.0
Hay bale,Sukhbaatar,2022-07,7000.0
Hay bale,Sukhbaatar,2022-06,4500.0
Hay bale,Sukhbaatar,2022-05,4667.0
Hay bale,Sukhbaatar,2022-04,4667.0
Hay bale,Sukhbaatar,2022-03,5167.0
Hay bale,Sukhbaatar,2022-02,5167.0
Hay bale,Sukhbaatar,2022-01,6250.0
Hay bale,Sukhbaatar,2021-12,6667.0
Hay bale,Sukhbaatar,2021-11,
Hay bale,Sukhbaatar,2021-10,7000.0
Hay bale,Sukhbaatar,2021-09,7800.0
Hay bale,Sukhbaatar,2021-08,7500.0
Hay bale,Sukhbaatar,2021-07,8000.0
Hay bale,Sukhbaatar,2021-06,9000.0
Hay bale,Sukhbaatar,2021-05,8000.0
Hay bale,Sukhbaatar,2021-04,8000.0
Hay bale,Sukhbaatar,2021-03,8667.0
Hay bale,Sukhbaatar,2021-02,9000.0
Hay bale,Sukhbaatar,2021-01,8600.0
Hay bale,Sukhbaatar,2020-12,7500.0
Hay bale,Sukhbaatar,2020-11,
Hay bale,Sukhbaatar,2020-10,6000.0
Hay bale,Sukhbaatar,2020-09,5500.0
Hay bale,Sukhbaatar,2020-08,
Hay bale,Sukhbaatar,2020-07,7500.0
Hay bale,Sukhbaatar,2020-06,7500.0
Hay bale,Sukhbaatar,2020-05,7500.0
Hay bale,Sukhbaatar,2020-04,7250.0
Hay bale,Sukhbaatar,2020-03,7000.0
Hay bale,Sukhbaatar,2020-02,7667.0
Hay bale,Sukhbaatar,2020-01,6300.0
Hay bale,Sukhbaatar,2019-12,
Hay bale,Sukhbaatar,2019-11,5250.0
Hay bale,Sukhbaatar,2019-10,5250.0
Hay bale,Sukhbaatar,2019-09,4500.0
Hay bale,Sukhbaatar,2019-08,
Hay bale,Sukhbaatar,2019-07,5000.0
Hay bale,Sukhbaatar,2019-06,
Hay bale,Sukhbaatar,2019-05,
Hay bale,Sukhbaatar,2019-04,5000.0
Hay bale,Sukhbaatar,2019-03,5000.0
Hay bale,Sukhbaatar,2019-02,4300.0
Hay bale,Sukhbaatar,2019-01,
Hay bale,Sukhbaatar,2018-12,4200.0
Hay bale,Khentii,2025-12,
Hay bale,Khentii,2025-11,
Hay bale,Khentii,2025-10,
Hay bale,Khentii,2025-09,
Hay bale,Khentii,2025-08,
Hay bale,Khentii,2025-07,
Hay bale,Khentii,2025-06,
Hay bale,Khentii,2025-05,
Hay bale,Khentii,2025-04,
Hay bale,Khentii,2025-03,
Hay bale,Khentii,2025-02,
Hay bale,Khentii,2025-01,
Hay bale,Khentii,2024-12,
Hay bale,Khentii,2024-11,
Hay bale,Khentii,2024-10,
Hay bale,Khentii,2024-09,
Hay bale,Khentii,2024-08,
Hay bale,Khentii,2024-07,
Hay bale,Khentii,2024-06,
Hay bale,Khentii,2024-05,
Hay bale,Khentii,2024-04,
Hay bale,Khentii,2024-03,
Hay bale,Khentii,2024-02,
Hay bale,Khentii,2024-01,
Hay bale,Khentii,2023-12,
Hay bale,Khentii,2023-11,
Hay bale,Khentii,2023-10,
Hay bale,Khentii,2023-09,
Hay bale,Khentii,2023-08,
Hay bale,Khentii,2023-07,
Hay bale,Khentii,2023-06,
Hay bale,Khentii,2023-05,
Hay bale,Khentii,2023-04,
Hay bale,Khentii,2023-03,
Hay bale,Khentii,2023-02,16000.0
Hay bale,Khentii,2023-01,
Hay bale,Khentii,2022-12,
Hay bale,Khentii,2022-11,8000.0
Hay bale,Khentii,2022-10,
Hay bale,Khentii,2022-09,
Hay bale,Khentii,2022-08,
Hay bale,Khentii,2022-07,
Hay bale,Khentii,2022-06,
Hay bale,Khentii,2022-05,
Hay bale,Khentii,2022-04,
Hay bale,Khentii,2022-03,6500.0
Hay bale,Khentii,2022-02,6500.0
Hay bale,Khentii,2022-01,4000.0
Hay bale,Khentii,2021-12,9000.0
Hay bale,Khentii,2021-11,
Hay bale,Khentii,2021-10,8500.0
Hay bale,Khentii,2021-09,
Hay bale,Khentii,2021-08,
Hay bale,Khentii,2021-07,
Hay bale,Khentii,2021-06,
Hay bale,Khentii,2021-05,10000.0
Hay bale,Khentii,2021-04,10000.0
Hay bale,Khentii,2021-03,9500.0
Hay bale,Khentii,2021-02,9000.0
Hay bale,Khentii,2021-01,8500.0
Hay bale,Khentii,2020-12,
Hay bale,Khentii,2020-11,
Hay bale,Khentii,2020-10,9333.0
Hay bale,Khentii,2020-09,7000.0
Hay bale,Khentii,2020-08,4250.0
Hay bale,Khentii,2020-07,4250.0
Hay bale,Khentii,2020-06,4250.0
Hay bale,Khentii,2020-05,4250.0
Hay bale,Khentii,2020-04,6625.0
Hay bale,Khentii,2020-03,
Hay bale,Khentii,2020-02,
Hay bale,Khentii,2020-01,
Hay bale,Khentii,2019-12,
Hay bale,Khentii,2019-11,
Hay bale,Khentii,2019-10,
Hay bale,Khentii,2019-09,3900.0
Hay bale,Khentii,2019-08,
Hay bale,Khentii,2019-07,
Hay bale,Khentii,2019-06,
Hay bale,Khentii,2019-05,
Hay bale,Khentii,2019-04,5000.0
Hay bale,Khentii,2019-03,
Hay bale,Khentii,2019-02,5000.0
Hay bale,Khentii,2019-01,6500.0
Hay bale,Khentii,2018-12,5000.0
Hay bale,Ulaanbaatar,2025-12,
Hay bale,Ulaanbaatar,2025-11,
Hay bale,Ulaanbaatar,2025-10,
Hay bale,Ulaanbaatar,2025-09,
Hay bale,Ulaanbaatar,2025-08,
Hay bale,Ulaanbaatar,2025-07,
Hay bale,Ulaanbaatar,2025-06,
Hay bale,Ulaanbaatar,2025-05,
Hay bale,Ulaanbaatar,2025-04,
Hay bale,Ulaanbaatar,2025-03,
Hay bale,Ulaanbaatar,2025-02,
Hay bale,Ulaanbaatar,2025-01,
Hay bale,Ulaanbaatar,2024-12,
Hay bale,Ulaanbaatar,2024-11,
Hay bale,Ulaanbaatar,2024-10,
Hay bale,Ulaanbaatar,2024-09,
Hay bale,Ulaanbaatar,2024-08,
Hay bale,Ulaanbaatar,2024-07,
Hay bale,Ulaanbaatar,2024-06,
Hay bale,Ulaanbaatar,2024-05,
Hay bale,Ulaanbaatar,2024-04,
Hay bale,Ulaanbaatar,2024-03,
Hay bale,Ulaanbaatar,2024-02,
Hay bale,Ulaanbaatar,2024-01,
Hay bale,Ulaanbaatar,2023-12,
Hay bale,Ulaanbaatar,2023-11,
Hay bale,Ulaanbaatar,2023-10,
Hay bale,Ulaanbaatar,2023-09,
Hay bale,Ulaanbaatar,2023-08,
Hay bale,Ulaanbaatar,2023-07,
Hay bale,Ulaanbaatar,2023-06,
Hay bale,Ulaanbaatar,2023-05,
Hay bale,Ulaanbaatar,2023-04,
Hay bale,Ulaanbaatar,2023-03,
Hay bale,Ulaanbaatar,2023-02,
Hay bale,Ulaanbaatar,2023-01,
Hay bale,Ulaanbaatar,2022-12,
Hay bale,Ulaanbaatar,2022-11,
Hay bale,Ulaanbaatar,2022-10,
Hay bale,Ulaanbaatar,2022-09,
Hay bale,Ulaanbaatar,2022-08,
Hay bale,Ulaanbaatar,2022-07,
Hay bale,Ulaanbaatar,2022-06,
Hay bale,Ulaanbaatar,2022-05,
Hay bale,Ulaanbaatar,2022-04,
Hay bale,Ulaanbaatar,2022-03,
Hay bale,Ulaanbaatar,2022-02,
Hay bale,Ulaanbaatar,2022-01,
Hay bale,Ulaanbaatar,2021-12,
Hay bale,Ulaanbaatar,2021-11,
Hay bale,Ulaanbaatar,2021-10,
Hay bale,Ulaanbaatar,2021-09,
Hay bale,Ulaanbaatar,2021-08,
Hay bale,Ulaanbaatar,2021-07,
Hay bale,Ulaanbaatar,2021-06,
Hay bale,Ulaanbaatar,2021-05,
Hay bale,Ulaanbaatar,2021-04,
Hay bale,Ulaanbaatar,2021-03,
Hay bale,Ulaanbaatar,2021-02,
Hay bale,Ulaanbaatar,2021-01,
Hay bale,Ulaanbaatar,2020-12,
Hay bale,Ulaanbaatar,2020-11,
Hay bale,Ulaanbaatar,2020-10,
Hay bale,Ulaanbaatar,2020-09,
Hay bale,Ulaanbaatar,2020-08,
Hay bale,Ulaanbaatar,2020-07,
Hay bale,Ulaanbaatar,2020-06,
Hay bale,Ulaanbaatar,2020-05,
Hay bale,Ulaanbaatar,2020-04,
Hay bale,Ulaanbaatar,2020-03,
Hay bale,Ulaanbaatar,2020-02,
Hay bale,Ulaanbaatar,2020-01,
Hay bale,Ulaanbaatar,2019-12,
Hay bale,Ulaanbaatar,2019-11,
Hay bale,Ulaanbaatar,2019-10,
Hay bale,Ulaanbaatar,2019-09,
Hay bale,Ulaanbaatar,2019-08,
Hay bale,Ulaanbaatar,2019-07,
Hay bale,Ulaanbaatar,2019-06,
Hay bale,Ulaanbaatar,2019-05,
Hay bale,Ulaanbaatar,2019-04,
Hay bale,Ulaanbaatar,2019-03,
Hay bale,Ulaanbaatar,2019-02,
Hay bale,Ulaanbaatar,2019-01,
Hay bale,Ulaanbaatar,2018-12,
Hay bale,Ulaanbaatar city,2025-12,
Hay bale,Ulaanbaatar city,2025-11,
Hay bale,Ulaanbaatar city,2025-10,
Hay bale,Ulaanbaatar city,2025-09,
Hay bale,Ulaanbaatar city,2025-08,
Hay bale,Ulaanbaatar city,2025-07,
Hay bale,Ulaanbaatar city,2025-06,
Hay bale,Ulaanbaatar city,2025-05,
Hay bale,Ulaanbaatar city,2025-04,
Hay bale,Ulaanbaatar city,2025-03,
Hay bale,Ulaanbaatar city,2025-02,
Hay bale,Ulaanbaatar city,2025-01,
Hay bale,Ulaanbaatar city,2024-12,
Hay bale,Ulaanbaatar city,2024-11,
Hay bale,Ulaanbaatar city,2024-10,
Hay bale,Ulaanbaatar city,2024-09,
Hay bale,Ulaanbaatar city,2024-08,
Hay bale,Ulaanbaatar city,2024-07,
Hay bale,Ulaanbaatar city,2024-06,
Hay bale,Ulaanbaatar city,2024-05,22000.0
Hay bale,Ulaanbaatar city,2024-04,22000.0
Hay bale,Ulaanbaatar city,2024-03,22000.0
Hay bale,Ulaanbaatar city,2024-02,22000.0
Hay bale,Ulaanbaatar city,2024-01,18000.0
Hay bale,Ulaanbaatar city,2023-12,
Hay bale,Ulaanbaatar city,2023-11,
Hay bale,Ulaanbaatar city,2023-10,
Hay bale,Ulaanbaatar city,2023-09,
Hay bale,Ulaanbaatar city,2023-08,
Hay bale,Ulaanbaatar city,2023-07,
Hay bale,Ulaanbaatar city,2023-06,
Hay bale,Ulaanbaatar city,2023-05,
Hay bale,Ulaanbaatar city,2023-04,
Hay bale,Ulaanbaatar city,2023-03,
Hay bale,Ulaanbaatar city,2023-02,
Hay bale,Ulaanbaatar city,2023-01,
Hay bale,Ulaanbaatar city,2022-12,
Hay bale,Ulaanbaatar city,2022-11,
Hay bale,Ulaanbaatar city,2022-10,
Hay bale,Ulaanbaatar city,2022-09,
Hay bale,Ulaanbaatar city,2022-08,
Hay bale,Ulaanbaatar city,2022-07,
Hay bale,Ulaanbaatar city,2022-06,
Hay bale,Ulaanbaatar city,2022-05,
Hay bale,Ulaanbaatar city,2022-04,
Hay bale,Ulaanbaatar city,2022-03,
Hay bale,Ulaanbaatar city,2022-02,
Hay bale,Ulaanbaatar city,2022-01,
Hay bale,Ulaanbaatar city,2021-12,
Hay bale,Ulaanbaatar city,2021-11,
Hay bale,Ulaanbaatar city,2021-10,
Hay bale,Ulaanbaatar city,2021-09,
Hay bale,Ulaanbaatar city,2021-08,
Hay bale,Ulaanbaatar city,2021-07,
Hay bale,Ulaanbaatar city,2021-06,
Hay bale,Ulaanbaatar city,2021-05,
Hay bale,Ulaanbaatar city,2021-04,4000.0
Hay bale,Ulaanbaatar city,2021-03,
Hay bale,Ulaanbaatar city,2021-02,
Hay bale,Ulaanbaatar city,2021-01,
Hay bale,Ulaanbaatar city,2020-12,
Hay bale,Ulaanbaatar city,2020-11,
Hay bale,Ulaanbaatar city,2020-10,
Hay bale,Ulaanbaatar city,2020-09,
Hay bale,Ulaanbaatar city,2020-08,
Hay bale,Ulaanbaatar city,2020-07,
Hay bale,Ulaanbaatar city,2020-06,
Hay bale,Ulaanbaatar city,2020-05,
Hay bale,Ulaanbaatar city,2020-04,
Hay bale,Ulaanbaatar city,2020-03,
Hay bale,Ulaanbaatar city,2020-02,
Hay bale,Ulaanbaatar city,2020-01,
Hay bale,Ulaanbaatar city,2019-12,8500.0
Hay bale,Ulaanbaatar city,2019-11,
Hay bale,Ulaanbaatar city,2019-10,6000.0
Hay bale,Ulaanbaatar city,2019-09,5500.0
Hay bale,Ulaanbaatar city,2019-08,
Hay bale,Ulaanbaatar city,2019-07,
Hay bale,Ulaanbaatar city,2019-06,
Hay bale,Ulaanbaatar city,2019-05,8000.0
Hay bale,Ulaanbaatar city,2019-04,6750.0
Hay bale,Ulaanbaatar city,2019-03,6500.0
Hay bale,Ulaanbaatar city,2019-02,7000.0
Hay bale,Ulaanbaatar city,2019-01,6400.0
Hay bale,Ulaanbaatar city,2018-12,
 Hay,Western region,2025-12,
 Hay,Western region,2025-11,
 Hay,Western region,2025-10,
 Hay,Western region,2025-09,
 Hay,Western region,2025-08,
 Hay,Western region,2025-07,
 Hay,Western region,2025-06,
 Hay,Western region,2025-05,
 Hay,Western region,2025-04,
 Hay,Western region,2025-03,
 Hay,Western region,2025-02,
 Hay,Western region,2025-01,
 Hay,Western region,2024-12,
 Hay,Western region,2024-11,
 Hay,Western region,2024-10,
 Hay,Western region,2024-09,
 Hay,Western region,2024-08,
 Hay,Western region,2024-07,
 Hay,Western region,2024-06,
 Hay,Western region,2024-05,
 Hay,Western region,2024-04,
 Hay,Western region,2024-03,
 Hay,Western region,2024-02,
 Hay,Western region,2024-01,
 Hay,Western region,2023-12,
 Hay,Western region,2023-11,
 Hay,Western region,2023-10,
 Hay,Western region,2023-09,
 Hay,Western region,2023-08,
 Hay,Western region,2023-07,
 Hay,Western region,2023-06,
 Hay,Western region,2023-05,
 Hay,Western region,2023-04,
 Hay,Western region,2023-03,
 Hay,Western region,2023-02,
 Hay,Western region,2023-01,
 Hay,Western region,2022-12,
 Hay,Western region,2022-11,
 Hay,Western region,2022-10,
 Hay,Western region,2022-09,
 Hay,Western region,2022-08,
 Hay,Western region,2022-07,
 Hay,Western region,2022-06,
 Hay,Western region,2022-05,
 Hay,Western region,2022-04,
 Hay,Western region,2022-03,
 Hay,Western region,2022-02,
 Hay,Western region,2022-01,
 Hay,Western region,2021-12,
 Hay,Western region,2021-11,
 Hay,Western region,2021-10,
 Hay,Western region,2021-09,
 Hay,Western region,2021-08,
 Hay,Western region,2021-07,
 Hay,Western region,2021-06,
 Hay,Western region,2021-05,
 Hay,Western region,2021-04,
 Hay,Western region,2021-03,
 Hay,Western region,2021-02,
 Hay,Western region,2021-01,
 Hay,Western region,2020-12,
 Hay,Western region,2020-11,
 Hay,Western region,2020-10,
 Hay,Western region,2020-09,
 Hay,Western region,2020-08,
 Hay,Western region,2020-07,
 Hay,Western region,2020-06,
 Hay,Western region,2020-05,
 Hay,Western region,2020-04,
 Hay,Western region,2020-03,
 Hay,Western region,2020-02,
 Hay,Western region,2020-01,
 Hay,Western region,2019-12,
 Hay,Western region,2019-11,
 Hay,Western region,2019-10,
 Hay,Western region,2019-09,
 Hay,Western region,2019-08,
 Hay,Western region,2019-07,
 Hay,Western region,2019-06,
 Hay,Western region,2019-05,
 Hay,Western region,2019-04,
 Hay,Western region,2019-03,
 Hay,Western region,2019-02,
 Hay,Western region,2019-01,
 Hay,Western region,2018-12,
 Hay,Bayan-Ulgii,2025-12,1000000.0
 Hay,Bayan-Ulgii,2025-11,
 Hay,Bayan-Ulgii,2025-10,
 Hay,Bayan-Ulgii,2025-09,650000.0
 Hay,Bayan-Ulgii,2025-08,750000.0
 Hay,Bayan-Ulgii,2025-07,
 Hay,Bayan-Ulgii,2025-06,
 Hay,Bayan-Ulgii,2025-05,
 Hay,Bayan-Ulgii,2025-04,600000.0
 Hay,Bayan-Ulgii,2025-03,545000.0
 Hay,Bayan-Ulgii,2025-02,570000.0
 Hay,Bayan-Ulgii,2025-01,500000.0
 Hay,Bayan-Ulgii,2024-12,
 Hay,Bayan-Ulgii,2024-11,
 Hay,Bayan-Ulgii,2024-10,300000.0
 Hay,Bayan-Ulgii,2024-09,
 Hay,Bayan-Ulgii,2024-08,
 Hay,Bayan-Ulgii,2024-07,
 Hay,Bayan-Ulgii,2024-06,
 Hay,Bayan-Ulgii,2024-05,
 Hay,Bayan-Ulgii,2024-04,650000.0
 Hay,Bayan-Ulgii,2024-03,700000.0
 Hay,Bayan-Ulgii,2024-02,700000.0
 Hay,Bayan-Ulgii,2024-01,600000.0
 Hay,Bayan-Ulgii,2023-12,
 Hay,Bayan-Ulgii,2023-11,700000.0
 Hay,Bayan-Ulgii,2023-10,600000.0
 Hay,Bayan-Ulgii,2023-09,700000.0
 Hay,Bayan-Ulgii,2023-08,837500.0
 Hay,Bayan-Ulgii,2023-07,
 Hay,Bayan-Ulgii,2023-06,
 Hay,Bayan-Ulgii,2023-05,450000.0
 Hay,Bayan-Ulgii,2023-04,450000.0
 Hay,Bayan-Ulgii,2023-03,350000.0
 Hay,Bayan-Ulgii,2023-02,350000.0
 Hay,Bayan-Ulgii,2023-01,475000.0
 Hay,Bayan-Ulgii,2022-12,700000.0
 Hay,Bayan-Ulgii,2022-11,700000.0
 Hay,Bayan-Ulgii,2022-10,475000.0
 Hay,Bayan-Ulgii,2022-09,550000.0
 Hay,Bayan-Ulgii,2022-08,575000.0
 Hay,Bayan-Ulgii,2022-07,325000.0
 Hay,Bayan-Ulgii,2022-06,275000.0
 Hay,Bayan-Ulgii,2022-05,272500.0
 Hay,Bayan-Ulgii,2022-04,283333.0
 Hay,Bayan-Ulgii,2022-03,325000.0
 Hay,Bayan-Ulgii,2022-02,450000.0
 Hay,Bayan-Ulgii,2022-01,417000.0
 Hay,Bayan-Ulgii,2021-12,300000.0
 Hay,Bayan-Ulgii,2021-11,250000.0
 Hay,Bayan-Ulgii,2021-10,250000.0
 Hay,Bayan-Ulgii,2021-09,350000.0
 Hay,Bayan-Ulgii,2021-08,325000.0
 Hay,Bayan-Ulgii,2021-07,250000.0
 Hay,Bayan-Ulgii,2021-06,250000.0
 Hay,Bayan-Ulgii,2021-05,250000.0
 Hay,Bayan-Ulgii,2021-04,250000.0
 Hay,Bayan-Ulgii,2021-03,300000.0
 Hay,Bayan-Ulgii,2021-02,250000.0
 Hay,Bayan-Ulgii,2021-01,200000.0
 Hay,Bayan-Ulgii,2020-12,
 Hay,Bayan-Ulgii,2020-11,
 Hay,Bayan-Ulgii,2020-10,325000.0
 Hay,Bayan-Ulgii,2020-09,325000.0
 Hay,Bayan-Ulgii,2020-08,
 Hay,Bayan-Ulgii,2020-07,300000.0
 Hay,Bayan-Ulgii,2020-06,250000.0
 Hay,Bayan-Ulgii,2020-05,197500.0
 Hay,Bayan-Ulgii,2020-04,225000.0
 Hay,Bayan-Ulgii,2020-03,207143.0
 Hay,Bayan-Ulgii,2020-02,218750.0
 Hay,Bayan-Ulgii,2020-01,215000.0
 Hay,Bayan-Ulgii,2019-12,221875.0
 Hay,Bayan-Ulgii,2019-11,203000.0
 Hay,Bayan-Ulgii,2019-10,199000.0
 Hay,Bayan-Ulgii,2019-09,202000.0
 Hay,Bayan-Ulgii,2019-08,184000.0
 Hay,Bayan-Ulgii,2019-07,181500.0
 Hay,Bayan-Ulgii,2019-06,181500.0
 Hay,Bayan-Ulgii,2019-05,178000.0
 Hay,Bayan-Ulgii,2019-04,163000.0
 Hay,Bayan-Ulgii,2019-03,161000.0
 Hay,Bayan-Ulgii,2019-02,160000.0
 Hay,Bayan-Ulgii,2019-01,160000.0
 Hay,Bayan-Ulgii,2018-12,156000.0
 Hay,Govi-Altai,2025-12,550000.0
 Hay,Govi-Altai,2025-11,300000.0
 Hay,Govi-Altai,2025-10,
 Hay,Govi-Altai,2025-09,
 Hay,Govi-Altai,2025-08,
 Hay,Govi-Altai,2025-07,
 Hay,Govi-Altai,2025-06,
 Hay,Govi-Altai,2025-05,
 Hay,Govi-Altai,2025-04,400000.0
 Hay,Govi-Altai,2025-03,
 Hay,Govi-Altai,2025-02,
 Hay,Govi-Altai,2025-01,
 Hay,Govi-Altai,2024-12,
 Hay,Govi-Altai,2024-11,
 Hay,Govi-Altai,2024-10,
 Hay,Govi-Altai,2024-09,
 Hay,Govi-Altai,2024-08,
 Hay,Govi-Altai,2024-07,
 Hay,Govi-Altai,2024-06,
 Hay,Govi-Altai,2024-05,
 Hay,Govi-Altai,2024-04,
 Hay,Govi-Altai,2024-03,
 Hay,Govi-Altai,2024-02,
 Hay,Govi-Altai,2024-01,
 Hay,Govi-Altai,2023-12,
 Hay,Govi-Altai,2023-11,
 Hay,Govi-Altai,2023-10,
 Hay,Govi-Altai,2023-09,160000.0
 Hay,Govi-Altai,2023-08,250000.0
 Hay,Govi-Altai,2023-07,
 Hay,Govi-Altai,2023-06,
 Hay,Govi-Altai,2023-05,
 Hay,Govi-Altai,2023-04,
 Hay,Govi-Altai,2023-03,
 Hay,Govi-Altai,2023-02,
 Hay,Govi-Altai,2023-01,
 Hay,Govi-Altai,2022-12,
 Hay,Govi-Altai,2022-11,160000.0
 Hay,Govi-Altai,2022-10,150000.0
 Hay,Govi-Altai,2022-09,175000.0
 Hay,Govi-Altai,2022-08,
 Hay,Govi-Altai,2022-07,
 Hay,Govi-Altai,2022-06,
 Hay,Govi-Altai,2022-05,
 Hay,Govi-Altai,2022-04,
 Hay,Govi-Altai,2022-03,
 Hay,Govi-Altai,2022-02,
 Hay,Govi-Altai,2022-01,
 Hay,Govi-Altai,2021-12,
 Hay,Govi-Altai,2021-11,
 Hay,Govi-Altai,2021-10,52500.0
 Hay,Govi-Altai,2021-09,42500.0
 Hay,Govi-Altai,2021-08,350000.0
 Hay,Govi-Altai,2021-07,
 Hay,Govi-Altai,2021-06,600000.0
 Hay,Govi-Altai,2021-05,
 Hay,Govi-Altai,2021-04,
 Hay,Govi-Altai,2021-03,
 Hay,Govi-Altai,2021-02,
 Hay,Govi-Altai,2021-01,
 Hay,Govi-Altai,2020-12,
 Hay,Govi-Altai,2020-11,
 Hay,Govi-Altai,2020-10,120000.0
 Hay,Govi-Altai,2020-09,123333.0
 Hay,Govi-Altai,2020-08,190000.0
 Hay,Govi-Altai,2020-07,225000.0
 Hay,Govi-Altai,2020-06,225000.0
 Hay,Govi-Altai,2020-05,225000.0
 Hay,Govi-Altai,2020-04,225000.0
 Hay,Govi-Altai,2020-03,256667.0
 Hay,Govi-Altai,2020-02,225000.0
 Hay,Govi-Altai,2020-01,238000.0
 Hay,Govi-Altai,2019-12,
 Hay,Govi-Altai,2019-11,
 Hay,Govi-Altai,2019-10,
 Hay,Govi-Altai,2019-09,
 Hay,Govi-Altai,2019-08,
 Hay,Govi-Altai,2019-07,
 Hay,Govi-Altai,2019-06,
 Hay,Govi-Altai,2019-05,
 Hay,Govi-Altai,2019-04,
 Hay,Govi-Altai,2019-03,
 Hay,Govi-Altai,2019-02,
 Hay,Govi-Altai,2019-01,
 Hay,Govi-Altai,2018-12,
 Hay,Zavkhan,2025-12,500000.0
 Hay,Zavkhan,2025-11,500000.0
 Hay,Zavkhan,2025-10,
 Hay,Zavkhan,2025-09,550000.0
 Hay,Zavkhan,2025-08,600000.0
 Hay,Zavkhan,2025-07,
 Hay,Zavkhan,2025-06,
 Hay,Zavkhan,2025-05,
 Hay,Zavkhan,2025-04,500000.0
 Hay,Zavkhan,2025-03,
 Hay,Zavkhan,2025-02,
 Hay,Zavkhan,2025-01,
 Hay,Zavkhan,2024-12,
 Hay,Zavkhan,2024-11,
 Hay,Zavkhan,2024-10,550000.0
 Hay,Zavkhan,2024-09,600000.0
 Hay,Zavkhan,2024-08,650000.0
 Hay,Zavkhan,2024-07,
 Hay,Zavkhan,2024-06,
 Hay,Zavkhan,2024-05,
 Hay,Zavkhan,2024-04,
 Hay,Zavkhan,2024-03,550000.0
 Hay,Zavkhan,2024-02,500000.0
 Hay,Zavkhan,2024-01,525000.0
 Hay,Zavkhan,2023-12,500000.0
 Hay,Zavkhan,2023-11,525000.0
 Hay,Zavkhan,2023-10,400000.0
 Hay,Zavkhan,2023-09,480000.0
 Hay,Zavkhan,2023-08,500000.0
 Hay,Zavkhan,2023-07,
 Hay,Zavkhan,2023-06,
 Hay,Zavkhan,2023-05,
 Hay,Zavkhan,2023-04,
 Hay,Zavkhan,2023-03,
 Hay,Zavkhan,2023-02,
 Hay,Zavkhan,2023-01,
 Hay,Zavkhan,2022-12,
 Hay,Zavkhan,2022-11,
 Hay,Zavkhan,2022-10,
 Hay,Zavkhan,2022-09,825000.0
 Hay,Zavkhan,2022-08,
 Hay,Zavkhan,2022-07,
 Hay,Zavkhan,2022-06,
 Hay,Zavkhan,2022-05,250000.0
 Hay,Zavkhan,2022-04,275000.0
 Hay,Zavkhan,2022-03,
 Hay,Zavkhan,2022-02,
 Hay,Zavkhan,2022-01,
 Hay,Zavkhan,2021-12,
 Hay,Zavkhan,2021-11,
 Hay,Zavkhan,2021-10,225000.0
 Hay,Zavkhan,2021-09,350000.0
 Hay,Zavkhan,2021-08,450000.0
 Hay,Zavkhan,2021-07,
 Hay,Zavkhan,2021-06,
 Hay,Zavkhan,2021-05,400000.0
 Hay,Zavkhan,2021-04,400000.0
 Hay,Zavkhan,2021-03,365000.0
 Hay,Zavkhan,2021-02,370000.0
 Hay,Zavkhan,2021-01,370000.0
 Hay,Zavkhan,2020-12,370000.0
 Hay,Zavkhan,2020-11,360000.0
 Hay,Zavkhan,2020-10,350000.0
 Hay,Zavkhan,2020-09,350000.0
 Hay,Zavkhan,2020-08,350000.0
 Hay,Zavkhan,2020-07,
 Hay,Zavkhan,2020-06,
 Hay,Zavkhan,2020-05,
 Hay,Zavkhan,2020-04,
 Hay,Zavkhan,2020-03,
 Hay,Zavkhan,2020-02,250000.0
 Hay,Zavkhan,2020-01,275000.0
 Hay,Zavkhan,2019-12,280000.0
 Hay,Zavkhan,2019-11,260000.0
 Hay,Zavkhan,2019-10,260000.0
 Hay,Zavkhan,2019-09,260000.0
 Hay,Zavkhan,2019-08,250000.0
 Hay,Zavkhan,2019-07,
 Hay,Zavkhan,2019-06,
 Hay,Zavkhan,2019-05,
 Hay,Zavkhan,2019-04,
 Hay,Zavkhan,2019-03,300000.0
 Hay,Zavkhan,2019-02,300000.0
 Hay,Zavkhan,2019-01,250000.0
 Hay,Zavkhan,2018-12,275000.0
 Hay,Uvs,2025-12,
 Hay,Uvs,2025-11,
 Hay,Uvs,2025-10,
 Hay,Uvs,2025-09,475000.0
 Hay,Uvs,2025-08,466667.0
 Hay,Uvs,2025-07,
 Hay,Uvs,2025-06,
 Hay,Uvs,2025-05,
 Hay,Uvs,2025-04,400000.0
 Hay,Uvs,2025-03,
 Hay,Uvs,2025-02,
 Hay,Uvs,2025-01,
 Hay,Uvs,2024-12,
 Hay,Uvs,2024-11,
 Hay,Uvs,2024-10,300000.0
 Hay,Uvs,2024-09,100000.0
 Hay,Uvs,2024-08,525000.0
 Hay,Uvs,2024-07,
 Hay,Uvs,2024-06,
 Hay,Uvs,2024-05,
 Hay,Uvs,2024-04,
 Hay,Uvs,2024-03,
 Hay,Uvs,2024-02,
 Hay,Uvs,2024-01,700000.0
 Hay,Uvs,2023-12,600000.0
 Hay,Uvs,2023-11,
 Hay,Uvs,2023-10,
 Hay,Uvs,2023-09,400000.0
 Hay,Uvs,2023-08,800000.0
 Hay,Uvs,2023-07,
 Hay,Uvs,2023-06,
 Hay,Uvs,2023-05,
 Hay,Uvs,2023-04,
 Hay,Uvs,2023-03,
 Hay,Uvs,2023-02,
 Hay,Uvs,2023-01,
 Hay,Uvs,2022-12,
 Hay,Uvs,2022-11,
 Hay,Uvs,2022-10,375000.0
 Hay,Uvs,2022-09,300000.0
 Hay,Uvs,2022-08,425000.0
 Hay,Uvs,2022-07,
 Hay,Uvs,2022-06,
 Hay,Uvs,2022-05,
 Hay,Uvs,2022-04,
 Hay,Uvs,2022-03,
 Hay,Uvs,2022-02,
 Hay,Uvs,2022-01,
 Hay,Uvs,2021-12,
 Hay,Uvs,2021-11,
 Hay,Uvs,2021-10,
 Hay,Uvs,2021-09,180000.0
 Hay,Uvs,2021-08,
 Hay,Uvs,2021-07,
 Hay,Uvs,2021-06,
 Hay,Uvs,2021-05,
 Hay,Uvs,2021-04,
 Hay,Uvs,2021-03,150000.0
 Hay,Uvs,2021-02,90000.0
 Hay,Uvs,2021-01,
 Hay,Uvs,2020-12,
 Hay,Uvs,2020-11,
 Hay,Uvs,2020-10,
 Hay,Uvs,2020-09,100000.0
 Hay,Uvs,2020-08,
 Hay,Uvs,2020-07,
 Hay,Uvs,2020-06,
 Hay,Uvs,2020-05,
 Hay,Uvs,2020-04,
 Hay,Uvs,2020-03,
 Hay,Uvs,2020-02,150000.0
 Hay,Uvs,2020-01,200000.0
 Hay,Uvs,2019-12,102750.0
 Hay,Uvs,2019-11,
 Hay,Uvs,2019-10,210000.0
 Hay,Uvs,2019-09,150000.0
 Hay,Uvs,2019-08,200000.0
 Hay,Uvs,2019-07,
 Hay,Uvs,2019-06,
 Hay,Uvs,2019-05,
 Hay,Uvs,2019-04,140000.0
 Hay,Uvs,2019-03,140000.0
 Hay,Uvs,2019-02,150000.0
 Hay,Uvs,2019-01,150000.0
 Hay,Uvs,2018-12,135000.0
 Hay,Khovd,2025-12,700000.0
 Hay,Khovd,2025-11,
 Hay,Khovd,2025-10,
 Hay,Khovd,2025-09,400000.0
 Hay,Khovd,2025-08,375000.0
 Hay,Khovd,2025-07,
 Hay,Khovd,2025-06,
 Hay,Khovd,2025-05,150000.0
 Hay,Khovd,2025-04,500000.0
 Hay,Khovd,2025-03,225000.0
 Hay,Khovd,2025-02,
 Hay,Khovd,2025-01,
 Hay,Khovd,2024-12,
 Hay,Khovd,2024-11,
 Hay,Khovd,2024-10,
 Hay,Khovd,2024-09,
 Hay,Khovd,2024-08,
 Hay,Khovd,2024-07,
 Hay,Khovd,2024-06,
 Hay,Khovd,2024-05,
 Hay,Khovd,2024-04,
 Hay,Khovd,2024-03,
 Hay,Khovd,2024-02,
 Hay,Khovd,2024-01,
 Hay,Khovd,2023-12,
 Hay,Khovd,2023-11,
 Hay,Khovd,2023-10,
 Hay,Khovd,2023-09,
 Hay,Khovd,2023-08,
 Hay,Khovd,2023-07,
 Hay,Khovd,2023-06,
 Hay,Khovd,2023-05,
 Hay,Khovd,2023-04,
 Hay,Khovd,2023-03,
 Hay,Khovd,2023-02,
 Hay,Khovd,2023-01,
 Hay,Khovd,2022-12,
 Hay,Khovd,2022-11,
 Hay,Khovd,2022-10,
 Hay,Khovd,2022-09,
 Hay,Khovd,2022-08,
 Hay,Khovd,2022-07,
 Hay,Khovd,2022-06,
 Hay,Khovd,2022-05,
 Hay,Khovd,2022-04,
 Hay,Khovd,2022-03,
 Hay,Khovd,2022-02,200000.0
 Hay,Khovd,2022-01,
 Hay,Khovd,2021-12,
 Hay,Khovd,2021-11,
 Hay,Khovd,2021-10,
 Hay,Khovd,2021-09,120000.0
 Hay,Khovd,2021-08,
 Hay,Khovd,2021-07,
 Hay,Khovd,2021-06,
 Hay,Khovd,2021-05,200000.0
 Hay,Khovd,2021-04,300000.0
 Hay,Khovd,2021-03,300000.0
 Hay,Khovd,2021-02,
 Hay,Khovd,2021-01,200000.0
 Hay,Khovd,2020-12,
 Hay,Khovd,2020-11,
 Hay,Khovd,2020-10,180000.0
 Hay,Khovd,2020-09,
 Hay,Khovd,2020-08,
 Hay,Khovd,2020-07,
 Hay,Khovd,2020-06,
 Hay,Khovd,2020-05,
 Hay,Khovd,2020-04,
 Hay,Khovd,2020-03,80000.0
 Hay,Khovd,2020-02,75000.0
 Hay,Khovd,2020-01,100000.0
 Hay,Khovd,2019-12,
 Hay,Khovd,2019-11,
 Hay,Khovd,2019-10,
 Hay,Khovd,2019-09,
 Hay,Khovd,2019-08,
 Hay,Khovd,2019-07,
 Hay,Khovd,2019-06,
 Hay,Khovd,2019-05,170000.0
 Hay,Khovd,2019-04,170000.0
 Hay,Khovd,2019-03,170000.0
 Hay,Khovd,2019-02,165000.0
 Hay,Khovd,2019-01,165000.0
 Hay,Khovd,2018-12,180000.0
 Hay,Khangai region,2025-12,
 Hay,Khangai region,2025-11,
 Hay,Khangai region,2025-10,
 Hay,Khangai region,2025-09,
 Hay,Khangai region,2025-08,
 Hay,Khangai region,2025-07,
 Hay,Khangai region,2025-06,
 Hay,Khangai region,2025-05,
 Hay,Khangai region,2025-04,
 Hay,Khangai region,2025-03,
 Hay,Khangai region,2025-02,
 Hay,Khangai region,2025-01,
 Hay,Khangai region,2024-12,
 Hay,Khangai region,2024-11,
 Hay,Khangai region,2024-10,
 Hay,Khangai region,2024-09,
 Hay,Khangai region,2024-08,
 Hay,Khangai region,2024-07,
 Hay,Khangai region,2024-06,
 Hay,Khangai region,2024-05,
 Hay,Khangai region,2024-04,
 Hay,Khangai region,2024-03,
 Hay,Khangai region,2024-02,
 Hay,Khangai region,2024-01,
 Hay,Khangai region,2023-12,
 Hay,Khangai region,2023-11,
 Hay,Khangai region,2023-10,
 Hay,Khangai region,2023-09,
 Hay,Khangai region,2023-08,
 Hay,Khangai region,2023-07,
 Hay,Khangai region,2023-06,
 Hay,Khangai region,2023-05,
 Hay,Khangai region,2023-04,
 Hay,Khangai region,2023-03,
 Hay,Khangai region,2023-02,
 Hay,Khangai region,2023-01,
 Hay,Khangai region,2022-12,
 Hay,Khangai region,2022-11,
 Hay,Khangai region,2022-10,
 Hay,Khangai region,2022-09,
 Hay,Khangai region,2022-08,
 Hay,Khangai region,2022-07,
 Hay,Khangai region,2022-06,
 Hay,Khangai region,2022-05,
 Hay,Khangai region,2022-04,
 Hay,Khangai region,2022-03,
 Hay,Khangai region,2022-02,
 Hay,Khangai region,2022-01,
 Hay,Khangai region,2021-12,
 Hay,Khangai region,2021-11,
 Hay,Khangai region,2021-10,
 Hay,Khangai region,2021-09,
 Hay,Khangai region,2021-08,
 Hay,Khangai region,2021-07,
 Hay,Khangai region,2021-06,
 Hay,Khangai region,2021-05,
 Hay,Khangai region,2021-04,
 Hay,Khangai region,2021-03,
 Hay,Khangai region,2021-02,
 Hay,Khangai region,2021-01,
 Hay,Khangai region,2020-12,
 Hay,Khangai region,2020-11,
 Hay,Khangai region,2020-10,
 Hay,Khangai region,2020-09,
 Hay,Khangai region,2020-08,
 Hay,Khangai region,2020-07,
 Hay,Khangai region,2020-06,
 Hay,Khangai region,2020-05,
 Hay,Khangai region,2020-04,
 Hay,Khangai region,2020-03,
 Hay,Khangai region,2020-02,
 Hay,Khangai region,2020-01,
 Hay,Khangai region,2019-12,
 Hay,Khangai region,2019-11,
 Hay,Khangai region,2019-10,
 Hay,Khangai region,2019-09,
 Hay,Khangai region,2019-08,
 Hay,Khangai region,2019-07,
 Hay,Khangai region,2019-06,
 Hay,Khangai region,2019-05,
 Hay,Khangai region,2019-04,
 Hay,Khangai region,2019-03,
 Hay,Khangai region,2019-02,
 Hay,Khangai region,2019-01,
 Hay,Khangai region,2018-12,
 Hay,Arkhangai,2025-12,
 Hay,Arkhangai,2025-11,
 Hay,Arkhangai,2025-10,
 Hay,Arkhangai,2025-09,
 Hay,Arkhangai,2025-08,
 Hay,Arkhangai,2025-07,
 Hay,Arkhangai,2025-06,
 Hay,Arkhangai,2025-05,
 Hay,Arkhangai,2025-04,
 Hay,Arkhangai,2025-03,
 Hay,Arkhangai,2025-02,
 Hay,Arkhangai,2025-01,
 Hay,Arkhangai,2024-12,
 Hay,Arkhangai,2024-11,
 Hay,Arkhangai,2024-10,
 Hay,Arkhangai,2024-09,
 Hay,Arkhangai,2024-08,
 Hay,Arkhangai,2024-07,
 Hay,Arkhangai,2024-06,
 Hay,Arkhangai,2024-05,
 Hay,Arkhangai,2024-04,
 Hay,Arkhangai,2024-03,
 Hay,Arkhangai,2024-02,
 Hay,Arkhangai,2024-01,
 Hay,Arkhangai,2023-12,
 Hay,Arkhangai,2023-11,
 Hay,Arkhangai,2023-10,
 Hay,Arkhangai,2023-09,
 Hay,Arkhangai,2023-08,
 Hay,Arkhangai,2023-07,
 Hay,Arkhangai,2023-06,
 Hay,Arkhangai,2023-05,
 Hay,Arkhangai,2023-04,
 Hay,Arkhangai,2023-03,
 Hay,Arkhangai,2023-02,
 Hay,Arkhangai,2023-01,
 Hay,Arkhangai,2022-12,
 Hay,Arkhangai,2022-11,200000.0
 Hay,Arkhangai,2022-10,200000.0
 Hay,Arkhangai,2022-09,
 Hay,Arkhangai,2022-08,
 Hay,Arkhangai,2022-07,
 Hay,Arkhangai,2022-06,
 Hay,Arkhangai,2022-05,
 Hay,Arkhangai,2022-04,
 Hay,Arkhangai,2022-03,150000.0
 Hay,Arkhangai,2022-02,150000.0
 Hay,Arkhangai,2022-01,150000.0
 Hay,Arkhangai,2021-12,200000.0
 Hay,Arkhangai,2021-11,200000.0
 Hay,Arkhangai,2021-10,175000.0
 Hay,Arkhangai,2021-09,250000.0
 Hay,Arkhangai,2021-08,250000.0
 Hay,Arkhangai,2021-07,
 Hay,Arkhangai,2021-06,
 Hay,Arkhangai,2021-05,
 Hay,Arkhangai,2021-04,
 Hay,Arkhangai,2021-03,
 Hay,Arkhangai,2021-02,150000.0
 Hay,Arkhangai,2021-01,225000.0
 Hay,Arkhangai,2020-12,250000.0
 Hay,Arkhangai,2020-11,170000.0
 Hay,Arkhangai,2020-10,220000.0
 Hay,Arkhangai,2020-09,200000.0
 Hay,Arkhangai,2020-08,
 Hay,Arkhangai,2020-07,
 Hay,Arkhangai,2020-06,
 Hay,Arkhangai,2020-05,
 Hay,Arkhangai,2020-04,130000.0
 Hay,Arkhangai,2020-03,130000.0
 Hay,Arkhangai,2020-02,120000.0
 Hay,Arkhangai,2020-01,100000.0
 Hay,Arkhangai,2019-12,
 Hay,Arkhangai,2019-11,
 Hay,Arkhangai,2019-10,
 Hay,Arkhangai,2019-09,130000.0
 Hay,Arkhangai,2019-08,120000.0
 Hay,Arkhangai,2019-07,
 Hay,Arkhangai,2019-06,
 Hay,Arkhangai,2019-05,
 Hay,Arkhangai,2019-04,
 Hay,Arkhangai,2019-03,
 Hay,Arkhangai,2019-02,80000.0
 Hay,Arkhangai,2019-01,250000.0
 Hay,Arkhangai,2018-12,250000.0
 Hay,Bayankhongor,2025-12,
 Hay,Bayankhongor,2025-11,
 Hay,Bayankhongor,2025-10,
 Hay,Bayankhongor,2025-09,
 Hay,Bayankhongor,2025-08,
 Hay,Bayankhongor,2025-07,
 Hay,Bayankhongor,2025-06,
 Hay,Bayankhongor,2025-05,
 Hay,Bayankhongor,2025-04,
 Hay,Bayankhongor,2025-03,
 Hay,Bayankhongor,2025-02,
 Hay,Bayankhongor,2025-01,
 Hay,Bayankhongor,2024-12,
 Hay,Bayankhongor,2024-11,
 Hay,Bayankhongor,2024-10,
 Hay,Bayankhongor,2024-09,
 Hay,Bayankhongor,2024-08,
 Hay,Bayankhongor,2024-07,
 Hay,Bayankhongor,2024-06,
 Hay,Bayankhongor,2024-05,
 Hay,Bayankhongor,2024-04,
 Hay,Bayankhongor,2024-03,
 Hay,Bayankhongor,2024-02,
 Hay,Bayankhongor,2024-01,
 Hay,Bayankhongor,2023-12,
 Hay,Bayankhongor,2023-11,
 Hay,Bayankhongor,2023-10,
 Hay,Bayankhongor,2023-09,
 Hay,Bayankhongor,2023-08,
 Hay,Bayankhongor,2023-07,
 Hay,Bayankhongor,2023-06,
 Hay,Bayankhongor,2023-05,
 Hay,Bayankhongor,2023-04,
 Hay,Bayankhongor,2023-03,
 Hay,Bayankhongor,2023-02,
 Hay,Bayankhongor,2023-01,
 Hay,Bayankhongor,2022-12,
 Hay,Bayankhongor,2022-11,
 Hay,Bayankhongor,2022-10,
 Hay,Bayankhongor,2022-09,450000.0
 Hay,Bayankhongor,2022-08,
 Hay,Bayankhongor,2022-07,
 Hay,Bayankhongor,2022-06,
 Hay,Bayankhongor,2022-05,
 Hay,Bayankhongor,2022-04,
 Hay,Bayankhongor,2022-03,
 Hay,Bayankhongor,2022-02,
 Hay,Bayankhongor,2022-01,
 Hay,Bayankhongor,2021-12,
 Hay,Bayankhongor,2021-11,
 Hay,Bayankhongor,2021-10,
 Hay,Bayankhongor,2021-09,
 Hay,Bayankhongor,2021-08,
 Hay,Bayankhongor,2021-07,
 Hay,Bayankhongor,2021-06,
 Hay,Bayankhongor,2021-05,
 Hay,Bayankhongor,2021-04,
 Hay,Bayankhongor,2021-03,
 Hay,Bayankhongor,2021-02,
 Hay,Bayankhongor,2021-01,
 Hay,Bayankhongor,2020-12,
 Hay,Bayankhongor,2020-11,
 Hay,Bayankhongor,2020-10,
 Hay,Bayankhongor,2020-09,
 Hay,Bayankhongor,2020-08,
 Hay,Bayankhongor,2020-07,
 Hay,Bayankhongor,2020-06,
 Hay,Bayankhongor,2020-05,
 Hay,Bayankhongor,2020-04,
 Hay,Bayankhongor,2020-03,
 Hay,Bayankhongor,2020-02,
 Hay,Bayankhongor,2020-01,
 Hay,Bayankhongor,2019-12,
 Hay,Bayankhongor,2019-11,
 Hay,Bayankhongor,2019-10,
 Hay,Bayankhongor,2019-09,
 Hay,Bayankhongor,2019-08,
 Hay,Bayankhongor,2019-07,
 Hay,Bayankhongor,2019-06,
 Hay,Bayankhongor,2019-05,
 Hay,Bayankhongor,2019-04,
 Hay,Bayankhongor,2019-03,
 Hay,Bayankhongor,2019-02,
 Hay,Bayankhongor,2019-01,
 Hay,Bayankhongor,2018-12,
 Hay,Bulgan,2025-12,
 Hay,Bulgan,2025-11,
 Hay,Bulgan,2025-10,
 Hay,Bulgan,2025-09,
 Hay,Bulgan,2025-08,
 Hay,Bulgan,2025-07,
 Hay,Bulgan,2025-06,
 Hay,Bulgan,2025-05,
 Hay,Bulgan,2025-04,
 Hay,Bulgan,2025-03,
 Hay,Bulgan,2025-02,
 Hay,Bulgan,2025-01,
 Hay,Bulgan,2024-12,
 Hay,Bulgan,2024-11,
 Hay,Bulgan,2024-10,200000.0
 Hay,Bulgan,2024-09,266667.0
 Hay,Bulgan,2024-08,200000.0
 Hay,Bulgan,2024-07,
 Hay,Bulgan,2024-06,
 Hay,Bulgan,2024-05,
 Hay,Bulgan,2024-04,
 Hay,Bulgan,2024-03,
 Hay,Bulgan,2024-02,
 Hay,Bulgan,2024-01,
 Hay,Bulgan,2023-12,150000.0
 Hay,Bulgan,2023-11,133333.0
 Hay,Bulgan,2023-10,133333.0
 Hay,Bulgan,2023-09,161250.0
 Hay,Bulgan,2023-08,
 Hay,Bulgan,2023-07,
 Hay,Bulgan,2023-06,
 Hay,Bulgan,2023-05,150000.0
 Hay,Bulgan,2023-04,136667.0
 Hay,Bulgan,2023-03,150000.0
 Hay,Bulgan,2023-02,150000.0
 Hay,Bulgan,2023-01,150000.0
 Hay,Bulgan,2022-12,150000.0
 Hay,Bulgan,2022-11,129000.0
 Hay,Bulgan,2022-10,150000.0
 Hay,Bulgan,2022-09,145000.0
 Hay,Bulgan,2022-08,150000.0
 Hay,Bulgan,2022-07,150000.0
 Hay,Bulgan,2022-06,137500.0
 Hay,Bulgan,2022-05,137500.0
 Hay,Bulgan,2022-04,162500.0
 Hay,Bulgan,2022-03,133333.0
 Hay,Bulgan,2022-02,140000.0
 Hay,Bulgan,2022-01,135000.0
 Hay,Bulgan,2021-12,138000.0
 Hay,Bulgan,2021-11,118000.0
 Hay,Bulgan,2021-10,130000.0
 Hay,Bulgan,2021-09,132500.0
 Hay,Bulgan,2021-08,115000.0
 Hay,Bulgan,2021-07,
 Hay,Bulgan,2021-06,115000.0
 Hay,Bulgan,2021-05,115000.0
 Hay,Bulgan,2021-04,102500.0
 Hay,Bulgan,2021-03,125000.0
 Hay,Bulgan,2021-02,105000.0
 Hay,Bulgan,2021-01,135000.0
 Hay,Bulgan,2020-12,103333.0
 Hay,Bulgan,2020-11,135000.0
 Hay,Bulgan,2020-10,135000.0
 Hay,Bulgan,2020-09,143333.0
 Hay,Bulgan,2020-08,50000.0
 Hay,Bulgan,2020-07,50000.0
 Hay,Bulgan,2020-06,50000.0
 Hay,Bulgan,2020-05,100000.0
 Hay,Bulgan,2020-04,100000.0
 Hay,Bulgan,2020-03,100000.0
 Hay,Bulgan,2020-02,127500.0
 Hay,Bulgan,2020-01,110000.0
 Hay,Bulgan,2019-12,86250.0
 Hay,Bulgan,2019-11,113000.0
 Hay,Bulgan,2019-10,115000.0
 Hay,Bulgan,2019-09,118000.0
 Hay,Bulgan,2019-08,150000.0
 Hay,Bulgan,2019-07,50000.0
 Hay,Bulgan,2019-06,65000.0
 Hay,Bulgan,2019-05,93000.0
 Hay,Bulgan,2019-04,85000.0
 Hay,Bulgan,2019-03,
 Hay,Bulgan,2019-02,87000.0
 Hay,Bulgan,2019-01,87000.0
 Hay,Bulgan,2018-12,110000.0
 Hay,Uvurkhangai,2025-12,
 Hay,Uvurkhangai,2025-11,
 Hay,Uvurkhangai,2025-10,
 Hay,Uvurkhangai,2025-09,
 Hay,Uvurkhangai,2025-08,
 Hay,Uvurkhangai,2025-07,
 Hay,Uvurkhangai,2025-06,
 Hay,Uvurkhangai,2025-05,
 Hay,Uvurkhangai,2025-04,
 Hay,Uvurkhangai,2025-03,
 Hay,Uvurkhangai,2025-02,
 Hay,Uvurkhangai,2025-01,
 Hay,Uvurkhangai,2024-12,
 Hay,Uvurkhangai,2024-11,
 Hay,Uvurkhangai,2024-10,
 Hay,Uvurkhangai,2024-09,
 Hay,Uvurkhangai,2024-08,
 Hay,Uvurkhangai,2024-07,
 Hay,Uvurkhangai,2024-06,
 Hay,Uvurkhangai,2024-05,
 Hay,Uvurkhangai,2024-04,450000.0
 Hay,Uvurkhangai,2024-03,500000.0
 Hay,Uvurkhangai,2024-02,480000.0
 Hay,Uvurkhangai,2024-01,380000.0
 Hay,Uvurkhangai,2023-12,385000.0
 Hay,Uvurkhangai,2023-11,370000.0
 Hay,Uvurkhangai,2023-10,360000.0
 Hay,Uvurkhangai,2023-09,
 Hay,Uvurkhangai,2023-08,
 Hay,Uvurkhangai,2023-07,
 Hay,Uvurkhangai,2023-06,
 Hay,Uvurkhangai,2023-05,
 Hay,Uvurkhangai,2023-04,
 Hay,Uvurkhangai,2023-03,
 Hay,Uvurkhangai,2023-02,
 Hay,Uvurkhangai,2023-01,
 Hay,Uvurkhangai,2022-12,
 Hay,Uvurkhangai,2022-11,
 Hay,Uvurkhangai,2022-10,
 Hay,Uvurkhangai,2022-09,
 Hay,Uvurkhangai,2022-08,
 Hay,Uvurkhangai,2022-07,
 Hay,Uvurkhangai,2022-06,
 Hay,Uvurkhangai,2022-05,
 Hay,Uvurkhangai,2022-04,
 Hay,Uvurkhangai,2022-03,
 Hay,Uvurkhangai,2022-02,
 Hay,Uvurkhangai,2022-01,
 Hay,Uvurkhangai,2021-12,
 Hay,Uvurkhangai,2021-11,
 Hay,Uvurkhangai,2021-10,
 Hay,Uvurkhangai,2021-09,
 Hay,Uvurkhangai,2021-08,
 Hay,Uvurkhangai,2021-07,
 Hay,Uvurkhangai,2021-06,
 Hay,Uvurkhangai,2021-05,
 Hay,Uvurkhangai,2021-04,
 Hay,Uvurkhangai,2021-03,
 Hay,Uvurkhangai,2021-02,
 Hay,Uvurkhangai,2021-01,
 Hay,Uvurkhangai,2020-12,
 Hay,Uvurkhangai,2020-11,
 Hay,Uvurkhangai,2020-10,
 Hay,Uvurkhangai,2020-09,
 Hay,Uvurkhangai,2020-08,
 Hay,Uvurkhangai,2020-07,
 Hay,Uvurkhangai,2020-06,
 Hay,Uvurkhangai,2020-05,200000.0
 Hay,Uvurkhangai,2020-04,200000.0
 Hay,Uvurkhangai,2020-03,200000.0
 Hay,Uvurkhangai,2020-02,260000.0
 Hay,Uvurkhangai,2020-01,200000.0
 Hay,Uvurkhangai,2019-12,
 Hay,Uvurkhangai,2019-11,
 Hay,Uvurkhangai,2019-10,
 Hay,Uvurkhangai,2019-09,
 Hay,Uvurkhangai,2019-08,
 Hay,Uvurkhangai,2019-07,
 Hay,Uvurkhangai,2019-06,
 Hay,Uvurkhangai,2019-05,
 Hay,Uvurkhangai,2019-04,
 Hay,Uvurkhangai,2019-03,85000.0
 Hay,Uvurkhangai,2019-02,
 Hay,Uvurkhangai,2019-01,
 Hay,Uvurkhangai,2018-12,
 Hay,Khuvsgul,2025-12,
 Hay,Khuvsgul,2025-11,
 Hay,Khuvsgul,2025-10,
 Hay,Khuvsgul,2025-09,
 Hay,Khuvsgul,2025-08,
 Hay,Khuvsgul,2025-07,
 Hay,Khuvsgul,2025-06,
 Hay,Khuvsgul,2025-05,
 Hay,Khuvsgul,2025-04,
 Hay,Khuvsgul,2025-03,
 Hay,Khuvsgul,2025-02,
 Hay,Khuvsgul,2025-01,
 Hay,Khuvsgul,2024-12,
 Hay,Khuvsgul,2024-11,
 Hay,Khuvsgul,2024-10,
 Hay,Khuvsgul,2024-09,
 Hay,Khuvsgul,2024-08,
 Hay,Khuvsgul,2024-07,
 Hay,Khuvsgul,2024-06,
 Hay,Khuvsgul,2024-05,
 Hay,Khuvsgul,2024-04,
 Hay,Khuvsgul,2024-03,
 Hay,Khuvsgul,2024-02,
 Hay,Khuvsgul,2024-01,
 Hay,Khuvsgul,2023-12,
 Hay,Khuvsgul,2023-11,
 Hay,Khuvsgul,2023-10,250000.0
 Hay,Khuvsgul,2023-09,
 Hay,Khuvsgul,2023-08,
 Hay,Khuvsgul,2023-07,
 Hay,Khuvsgul,2023-06,
 Hay,Khuvsgul,2023-05,
 Hay,Khuvsgul,2023-04,
 Hay,Khuvsgul,2023-03,
 Hay,Khuvsgul,2023-02,
 Hay,Khuvsgul,2023-01,
 Hay,Khuvsgul,2022-12,
 Hay,Khuvsgul,2022-11,
 Hay,Khuvsgul,2022-10,
 Hay,Khuvsgul,2022-09,
 Hay,Khuvsgul,2022-08,
 Hay,Khuvsgul,2022-07,
 Hay,Khuvsgul,2022-06,
 Hay,Khuvsgul,2022-05,
 Hay,Khuvsgul,2022-04,
 Hay,Khuvsgul,2022-03,
 Hay,Khuvsgul,2022-02,
 Hay,Khuvsgul,2022-01,
 Hay,Khuvsgul,2021-12,
 Hay,Khuvsgul,2021-11,80000.0
 Hay,Khuvsgul,2021-10,
 Hay,Khuvsgul,2021-09,200000.0
 Hay,Khuvsgul,2021-08,
 Hay,Khuvsgul,2021-07,
 Hay,Khuvsgul,2021-06,
 Hay,Khuvsgul,2021-05,
 Hay,Khuvsgul,2021-04,
 Hay,Khuvsgul,2021-03,
 Hay,Khuvsgul,2021-02,
 Hay,Khuvsgul,2021-01,600000.0
 Hay,Khuvsgul,2020-12,
 Hay,Khuvsgul,2020-11,
 Hay,Khuvsgul,2020-10,
 Hay,Khuvsgul,2020-09,
 Hay,Khuvsgul,2020-08,
 Hay,Khuvsgul,2020-07,
 Hay,Khuvsgul,2020-06,
 Hay,Khuvsgul,2020-05,
 Hay,Khuvsgul,2020-04,
 Hay,Khuvsgul,2020-03,300000.0
 Hay,Khuvsgul,2020-02,
 Hay,Khuvsgul,2020-01,
 Hay,Khuvsgul,2019-12,200000.0
 Hay,Khuvsgul,2019-11,175000.0
 Hay,Khuvsgul,2019-10,
 Hay,Khuvsgul,2019-09,
 Hay,Khuvsgul,2019-08,60000.0
 Hay,Khuvsgul,2019-07,
 Hay,Khuvsgul,2019-06,
 Hay,Khuvsgul,2019-05,
 Hay,Khuvsgul,2019-04,
 Hay,Khuvsgul,2019-03,
 Hay,Khuvsgul,2019-02,
 Hay,Khuvsgul,2019-01,
 Hay,Khuvsgul,2018-12,100000.0
 Hay,Orkhon,2025-12,
 Hay,Orkhon,2025-11,
 Hay,Orkhon,2025-10,
 Hay,Orkhon,2025-09,
 Hay,Orkhon,2025-08,
 Hay,Orkhon,2025-07,
 Hay,Orkhon,2025-06,
 Hay,Orkhon,2025-05,
 Hay,Orkhon,2025-04,
 Hay,Orkhon,2025-03,400000.0
 Hay,Orkhon,2025-02,440000.0
 Hay,Orkhon,2025-01,440000.0
 Hay,Orkhon,2024-12,
 Hay,Orkhon,2024-11,
 Hay,Orkhon,2024-10,
 Hay,Orkhon,2024-09,
 Hay,Orkhon,2024-08,
 Hay,Orkhon,2024-07,
 Hay,Orkhon,2024-06,
 Hay,Orkhon,2024-05,
 Hay,Orkhon,2024-04,
 Hay,Orkhon,2024-03,
 Hay,Orkhon,2024-02,
 Hay,Orkhon,2024-01,
 Hay,Orkhon,2023-12,
 Hay,Orkhon,2023-11,
 Hay,Orkhon,2023-10,
 Hay,Orkhon,2023-09,450000.0
 Hay,Orkhon,2023-08,
 Hay,Orkhon,2023-07,
 Hay,Orkhon,2023-06,
 Hay,Orkhon,2023-05,300000.0
 Hay,Orkhon,2023-04,
 Hay,Orkhon,2023-03,
 Hay,Orkhon,2023-02,525000.0
 Hay,Orkhon,2023-01,450000.0
 Hay,Orkhon,2022-12,275000.0
 Hay,Orkhon,2022-11,300000.0
 Hay,Orkhon,2022-10,250000.0
 Hay,Orkhon,2022-09,250000.0
 Hay,Orkhon,2022-08,
 Hay,Orkhon,2022-07,
 Hay,Orkhon,2022-06,
 Hay,Orkhon,2022-05,
 Hay,Orkhon,2022-04,
 Hay,Orkhon,2022-03,250000.0
 Hay,Orkhon,2022-02,50000.0
 Hay,Orkhon,2022-01,150000.0
 Hay,Orkhon,2021-12,
 Hay,Orkhon,2021-11,
 Hay,Orkhon,2021-10,
 Hay,Orkhon,2021-09,
 Hay,Orkhon,2021-08,
 Hay,Orkhon,2021-07,
 Hay,Orkhon,2021-06,
 Hay,Orkhon,2021-05,
 Hay,Orkhon,2021-04,216667.0
 Hay,Orkhon,2021-03,100000.0
 Hay,Orkhon,2021-02,266667.0
 Hay,Orkhon,2021-01,325000.0
 Hay,Orkhon,2020-12,150000.0
 Hay,Orkhon,2020-11,150000.0
 Hay,Orkhon,2020-10,150000.0
 Hay,Orkhon,2020-09,
 Hay,Orkhon,2020-08,
 Hay,Orkhon,2020-07,
 Hay,Orkhon,2020-06,
 Hay,Orkhon,2020-05,250000.0
 Hay,Orkhon,2020-04,200000.0
 Hay,Orkhon,2020-03,282000.0
 Hay,Orkhon,2020-02,300000.0
 Hay,Orkhon,2020-01,233000.0
 Hay,Orkhon,2019-12,200000.0
 Hay,Orkhon,2019-11,200000.0
 Hay,Orkhon,2019-10,160000.0
 Hay,Orkhon,2019-09,210000.0
 Hay,Orkhon,2019-08,
 Hay,Orkhon,2019-07,
 Hay,Orkhon,2019-06,
 Hay,Orkhon,2019-05,130000.0
 Hay,Orkhon,2019-04,207000.0
 Hay,Orkhon,2019-03,210000.0
 Hay,Orkhon,2019-02,200000.0
 Hay,Orkhon,2019-01,
 Hay,Orkhon,2018-12,
 Hay,Central region,2025-12,
 Hay,Central region,2025-11,
 Hay,Central region,2025-10,
 Hay,Central region,2025-09,
 Hay,Central region,2025-08,
 Hay,Central region,2025-07,
 Hay,Central region,2025-06,
 Hay,Central region,2025-05,
 Hay,Central region,2025-04,
 Hay,Central region,2025-03,
 Hay,Central region,2025-02,
 Hay,Central region,2025-01,
 Hay,Central region,2024-12,
 Hay,Central region,2024-11,
 Hay,Central region,2024-10,
 Hay,Central region,2024-09,
 Hay,Central region,2024-08,
 Hay,Central region,2024-07,
 Hay,Central region,2024-06,
 Hay,Central region,2024-05,
 Hay,Central region,2024-04,
 Hay,Central region,2024-03,
 Hay,Central region,2024-02,
 Hay,Central region,2024-01,
 Hay,Central region,2023-12,
 Hay,Central region,2023-11,
 Hay,Central region,2023-10,
 Hay,Central region,2023-09,
 Hay,Central region,2023-08,
 Hay,Central region,2023-07,
 Hay,Central region,2023-06,
 Hay,Central region,2023-05,
 Hay,Central region,2023-04,
 Hay,Central region,2023-03,
 Hay,Central region,2023-02,
 Hay,Central region,2023-01,
 Hay,Central region,2022-12,
 Hay,Central region,2022-11,
 Hay,Central region,2022-10,
 Hay,Central region,2022-09,
 Hay,Central region,2022-08,
 Hay,Central region,2022-07,
 Hay,Central region,2022-06,
 Hay,Central region,2022-05,
 Hay,Central region,2022-04,
 Hay,Central region,2022-03,
 Hay,Central region,2022-02,
 Hay,Central region,2022-01,
 Hay,Central region,2021-12,
 Hay,Central region,2021-11,
 Hay,Central region,2021-10,
 Hay,Central region,2021-09,
 Hay,Central region,2021-08,
 Hay,Central region,2021-07,
 Hay,Central region,2021-06,
 Hay,Central region,2021-05,
 Hay,Central region,2021-04,
 Hay,Central region,2021-03,
 Hay,Central region,2021-02,
 Hay,Central region,2021-01,
 Hay,Central region,2020-12,
 Hay,Central region,2020-11,
 Hay,Central region,2020-10,
 Hay,Central region,2020-09,
 Hay,Central region,2020-08,
 Hay,Central region,2020-07,
 Hay,Central region,2020-06,
 Hay,Central region,2020-05,
 Hay,Central region,2020-04,
 Hay,Central region,2020-03,
 Hay,Central region,2020-02,
 Hay,Central region,2020-01,
 Hay,Central region,2019-12,
 Hay,Central region,2019-11,
 Hay,Central region,2019-10,
 Hay,Central region,2019-09,
 Hay,Central region,2019-08,
 Hay,Central region,2019-07,
 Hay,Central region,2019-06,
 Hay,Central region,2019-05,
 Hay,Central region,2019-04,
 Hay,Central region,2019-03,
 Hay,Central region,2019-02,
 Hay,Central region,2019-01,
 Hay,Central region,2018-12,
 Hay,Govisumber,2025-12,
 Hay,Govisumber,2025-11,
 Hay,Govisumber,2025-10,
 Hay,Govisumber,2025-09,
 Hay,Govisumber,2025-08,
 Hay,Govisumber,2025-07,13500.0
 Hay,Govisumber,2025-06,13500.0
 Hay,Govisumber,2025-05,
 Hay,Govisumber,2025-04,
 Hay,Govisumber,2025-03,
 Hay,Govisumber,2025-02,
 Hay,Govisumber,2025-01,
 Hay,Govisumber,2024-12,
 Hay,Govisumber,2024-11,
 Hay,Govisumber,2024-10,
 Hay,Govisumber,2024-09,
 Hay,Govisumber,2024-08,
 Hay,Govisumber,2024-07,
 Hay,Govisumber,2024-06,
 Hay,Govisumber,2024-05,
 Hay,Govisumber,2024-04,
 Hay,Govisumber,2024-03,
 Hay,Govisumber,2024-02,
 Hay,Govisumber,2024-01,
 Hay,Govisumber,2023-12,
 Hay,Govisumber,2023-11,
 Hay,Govisumber,2023-10,
 Hay,Govisumber,2023-09,
 Hay,Govisumber,2023-08,
 Hay,Govisumber,2023-07,
 Hay,Govisumber,2023-06,
 Hay,Govisumber,2023-05,
 Hay,Govisumber,2023-04,
 Hay,Govisumber,2023-03,
 Hay,Govisumber,2023-02,
 Hay,Govisumber,2023-01,
 Hay,Govisumber,2022-12,
 Hay,Govisumber,2022-11,
 Hay,Govisumber,2022-10,
 Hay,Govisumber,2022-09,
 Hay,Govisumber,2022-08,
 Hay,Govisumber,2022-07,
 Hay,Govisumber,2022-06,
 Hay,Govisumber,2022-05,
 Hay,Govisumber,2022-04,
 Hay,Govisumber,2022-03,
 Hay,Govisumber,2022-02,
 Hay,Govisumber,2022-01,
 Hay,Govisumber,2021-12,
 Hay,Govisumber,2021-11,
 Hay,Govisumber,2021-10,
 Hay,Govisumber,2021-09,
 Hay,Govisumber,2021-08,
 Hay,Govisumber,2021-07,
 Hay,Govisumber,2021-06,
 Hay,Govisumber,2021-05,
 Hay,Govisumber,2021-04,
 Hay,Govisumber,2021-03,
 Hay,Govisumber,2021-02,
 Hay,Govisumber,2021-01,
 Hay,Govisumber,2020-12,
 Hay,Govisumber,2020-11,
 Hay,Govisumber,2020-10,
 Hay,Govisumber,2020-09,
 Hay,Govisumber,2020-08,
 Hay,Govisumber,2020-07,
 Hay,Govisumber,2020-06,
 Hay,Govisumber,2020-05,
 Hay,Govisumber,2020-04,
 Hay,Govisumber,2020-03,
 Hay,Govisumber,2020-02,
 Hay,Govisumber,2020-01,250000.0
 Hay,Govisumber,2019-12,
 Hay,Govisumber,2019-11,
 Hay,Govisumber,2019-10,
 Hay,Govisumber,2019-09,
 Hay,Govisumber,2019-08,
 Hay,Govisumber,2019-07,
 Hay,Govisumber,2019-06,
 Hay,Govisumber,2019-05,
 Hay,Govisumber,2019-04,
 Hay,Govisumber,2019-03,
 Hay,Govisumber,2019-02,
 Hay,Govisumber,2019-01,
 Hay,Govisumber,2018-12,
 Hay,Darkhan-Uul,2025-12,
 Hay,Darkhan-Uul,2025-11,
 Hay,Darkhan-Uul,2025-10,
 Hay,Darkhan-Uul,2025-09,
 Hay,Darkhan-Uul,2025-08,
 Hay,Darkhan-Uul,2025-07,
 Hay,Darkhan-Uul,2025-06,
 Hay,Darkhan-Uul,2025-05,
 Hay,Darkhan-Uul,2025-04,
 Hay,Darkhan-Uul,2025-03,
 Hay,Darkhan-Uul,2025-02,
 Hay,Darkhan-Uul,2025-01,
 Hay,Darkhan-Uul,2024-12,
 Hay,Darkhan-Uul,2024-11,
 Hay,Darkhan-Uul,2024-10,
 Hay,Darkhan-Uul,2024-09,200000.0
 Hay,Darkhan-Uul,2024-08,
 Hay,Darkhan-Uul,2024-07,
 Hay,Darkhan-Uul,2024-06,
 Hay,Darkhan-Uul,2024-05,
 Hay,Darkhan-Uul,2024-04,
 Hay,Darkhan-Uul,2024-03,
 Hay,Darkhan-Uul,2024-02,
 Hay,Darkhan-Uul,2024-01,
 Hay,Darkhan-Uul,2023-12,
 Hay,Darkhan-Uul,2023-11,180000.0
 Hay,Darkhan-Uul,2023-10,180000.0
 Hay,Darkhan-Uul,2023-09,
 Hay,Darkhan-Uul,2023-08,
 Hay,Darkhan-Uul,2023-07,
 Hay,Darkhan-Uul,2023-06,
 Hay,Darkhan-Uul,2023-05,
 Hay,Darkhan-Uul,2023-04,
 Hay,Darkhan-Uul,2023-03,
 Hay,Darkhan-Uul,2023-02,140000.0
 Hay,Darkhan-Uul,2023-01,142500.0
 Hay,Darkhan-Uul,2022-12,130000.0
 Hay,Darkhan-Uul,2022-11,122000.0
 Hay,Darkhan-Uul,2022-10,120000.0
 Hay,Darkhan-Uul,2022-09,113333.0
 Hay,Darkhan-Uul,2022-08,
 Hay,Darkhan-Uul,2022-07,
 Hay,Darkhan-Uul,2022-06,75000.0
 Hay,Darkhan-Uul,2022-05,80000.0
 Hay,Darkhan-Uul,2022-04,88000.0
 Hay,Darkhan-Uul,2022-03,75000.0
 Hay,Darkhan-Uul,2022-02,
 Hay,Darkhan-Uul,2022-01,
 Hay,Darkhan-Uul,2021-12,
 Hay,Darkhan-Uul,2021-11,
 Hay,Darkhan-Uul,2021-10,
 Hay,Darkhan-Uul,2021-09,100000.0
 Hay,Darkhan-Uul,2021-08,
 Hay,Darkhan-Uul,2021-07,
 Hay,Darkhan-Uul,2021-06,
 Hay,Darkhan-Uul,2021-05,
 Hay,Darkhan-Uul,2021-04,
 Hay,Darkhan-Uul,2021-03,
 Hay,Darkhan-Uul,2021-02,150000.0
 Hay,Darkhan-Uul,2021-01,150000.0
 Hay,Darkhan-Uul,2020-12,135000.0
 Hay,Darkhan-Uul,2020-11,140000.0
 Hay,Darkhan-Uul,2020-10,130000.0
 Hay,Darkhan-Uul,2020-09,120000.0
 Hay,Darkhan-Uul,2020-08,80000.0
 Hay,Darkhan-Uul,2020-07,80000.0
 Hay,Darkhan-Uul,2020-06,80000.0
 Hay,Darkhan-Uul,2020-05,90000.0
 Hay,Darkhan-Uul,2020-04,105000.0
 Hay,Darkhan-Uul,2020-03,106000.0
 Hay,Darkhan-Uul,2020-02,107500.0
 Hay,Darkhan-Uul,2020-01,105000.0
 Hay,Darkhan-Uul,2019-12,106000.0
 Hay,Darkhan-Uul,2019-11,105000.0
 Hay,Darkhan-Uul,2019-10,110000.0
 Hay,Darkhan-Uul,2019-09,110000.0
 Hay,Darkhan-Uul,2019-08,
 Hay,Darkhan-Uul,2019-07,
 Hay,Darkhan-Uul,2019-06,
 Hay,Darkhan-Uul,2019-05,110000.0
 Hay,Darkhan-Uul,2019-04,120000.0
 Hay,Darkhan-Uul,2019-03,
 Hay,Darkhan-Uul,2019-02,70000.0
 Hay,Darkhan-Uul,2019-01,87500.0
 Hay,Darkhan-Uul,2018-12,105000.0
 Hay,Dornogovi,2025-12,
 Hay,Dornogovi,2025-11,
 Hay,Dornogovi,2025-10,
 Hay,Dornogovi,2025-09,
 Hay,Dornogovi,2025-08,
 Hay,Dornogovi,2025-07,
 Hay,Dornogovi,2025-06,
 Hay,Dornogovi,2025-05,
 Hay,Dornogovi,2025-04,400000.0
 Hay,Dornogovi,2025-03,
 Hay,Dornogovi,2025-02,
 Hay,Dornogovi,2025-01,
 Hay,Dornogovi,2024-12,
 Hay,Dornogovi,2024-11,
 Hay,Dornogovi,2024-10,
 Hay,Dornogovi,2024-09,
 Hay,Dornogovi,2024-08,
 Hay,Dornogovi,2024-07,
 Hay,Dornogovi,2024-06,
 Hay,Dornogovi,2024-05,
 Hay,Dornogovi,2024-04,
 Hay,Dornogovi,2024-03,
 Hay,Dornogovi,2024-02,
 Hay,Dornogovi,2024-01,
 Hay,Dornogovi,2023-12,500000.0
 Hay,Dornogovi,2023-11,500000.0
 Hay,Dornogovi,2023-10,500000.0
 Hay,Dornogovi,2023-09,500000.0
 Hay,Dornogovi,2023-08,500000.0
 Hay,Dornogovi,2023-07,
 Hay,Dornogovi,2023-06,500000.0
 Hay,Dornogovi,2023-05,
 Hay,Dornogovi,2023-04,
 Hay,Dornogovi,2023-03,
 Hay,Dornogovi,2023-02,
 Hay,Dornogovi,2023-01,
 Hay,Dornogovi,2022-12,
 Hay,Dornogovi,2022-11,
 Hay,Dornogovi,2022-10,
 Hay,Dornogovi,2022-09,
 Hay,Dornogovi,2022-08,
 Hay,Dornogovi,2022-07,
 Hay,Dornogovi,2022-06,
 Hay,Dornogovi,2022-05,
 Hay,Dornogovi,2022-04,
 Hay,Dornogovi,2022-03,
 Hay,Dornogovi,2022-02,
 Hay,Dornogovi,2022-01,
 Hay,Dornogovi,2021-12,
 Hay,Dornogovi,2021-11,
 Hay,Dornogovi,2021-10,
 Hay,Dornogovi,2021-09,
 Hay,Dornogovi,2021-08,
 Hay,Dornogovi,2021-07,
 Hay,Dornogovi,2021-06,
 Hay,Dornogovi,2021-05,
 Hay,Dornogovi,2021-04,
 Hay,Dornogovi,2021-03,
 Hay,Dornogovi,2021-02,
 Hay,Dornogovi,2021-01,
 Hay,Dornogovi,2020-12,
 Hay,Dornogovi,2020-11,
 Hay,Dornogovi,2020-10,
 Hay,Dornogovi,2020-09,
 Hay,Dornogovi,2020-08,295454.0
 Hay,Dornogovi,2020-07,295454.0
 Hay,Dornogovi,2020-06,295454.0
 Hay,Dornogovi,2020-05,295454.0
 Hay,Dornogovi,2020-04,322727.0
 Hay,Dornogovi,2020-03,322727.0
 Hay,Dornogovi,2020-02,287727.0
 Hay,Dornogovi,2020-01,295000.0
 Hay,Dornogovi,2019-12,
 Hay,Dornogovi,2019-11,
 Hay,Dornogovi,2019-10,
 Hay,Dornogovi,2019-09,
 Hay,Dornogovi,2019-08,
 Hay,Dornogovi,2019-07,
 Hay,Dornogovi,2019-06,
 Hay,Dornogovi,2019-05,
 Hay,Dornogovi,2019-04,
 Hay,Dornogovi,2019-03,
 Hay,Dornogovi,2019-02,
 Hay,Dornogovi,2019-01,
 Hay,Dornogovi,2018-12,
 Hay,Dundgovi,2025-12,
 Hay,Dundgovi,2025-11,
 Hay,Dundgovi,2025-10,
 Hay,Dundgovi,2025-09,400000.0
 Hay,Dundgovi,2025-08,
 Hay,Dundgovi,2025-07,
 Hay,Dundgovi,2025-06,
 Hay,Dundgovi,2025-05,
 Hay,Dundgovi,2025-04,400000.0
 Hay,Dundgovi,2025-03,
 Hay,Dundgovi,2025-02,
 Hay,Dundgovi,2025-01,
 Hay,Dundgovi,2024-12,
 Hay,Dundgovi,2024-11,
 Hay,Dundgovi,2024-10,
 Hay,Dundgovi,2024-09,
 Hay,Dundgovi,2024-08,
 Hay,Dundgovi,2024-07,
 Hay,Dundgovi,2024-06,
 Hay,Dundgovi,2024-05,
 Hay,Dundgovi,2024-04,
 Hay,Dundgovi,2024-03,
 Hay,Dundgovi,2024-02,
 Hay,Dundgovi,2024-01,
 Hay,Dundgovi,2023-12,
 Hay,Dundgovi,2023-11,
 Hay,Dundgovi,2023-10,
 Hay,Dundgovi,2023-09,
 Hay,Dundgovi,2023-08,
 Hay,Dundgovi,2023-07,
 Hay,Dundgovi,2023-06,
 Hay,Dundgovi,2023-05,
 Hay,Dundgovi,2023-04,
 Hay,Dundgovi,2023-03,
 Hay,Dundgovi,2023-02,
 Hay,Dundgovi,2023-01,
 Hay,Dundgovi,2022-12,
 Hay,Dundgovi,2022-11,
 Hay,Dundgovi,2022-10,
 Hay,Dundgovi,2022-09,
 Hay,Dundgovi,2022-08,
 Hay,Dundgovi,2022-07,
 Hay,Dundgovi,2022-06,
 Hay,Dundgovi,2022-05,
 Hay,Dundgovi,2022-04,
 Hay,Dundgovi,2022-03,
 Hay,Dundgovi,2022-02,
 Hay,Dundgovi,2022-01,
 Hay,Dundgovi,2021-12,
 Hay,Dundgovi,2021-11,
 Hay,Dundgovi,2021-10,
 Hay,Dundgovi,2021-09,
 Hay,Dundgovi,2021-08,
 Hay,Dundgovi,2021-07,
 Hay,Dundgovi,2021-06,
 Hay,Dundgovi,2021-05,
 Hay,Dundgovi,2021-04,
 Hay,Dundgovi,2021-03,
 Hay,Dundgovi,2021-02,
 Hay,Dundgovi,2021-01,
 Hay,Dundgovi,2020-12,
 Hay,Dundgovi,2020-11,
 Hay,Dundgovi,2020-10,
 Hay,Dundgovi,2020-09,
 Hay,Dundgovi,2020-08,
 Hay,Dundgovi,2020-07,
 Hay,Dundgovi,2020-06,
 Hay,Dundgovi,2020-05,
 Hay,Dundgovi,2020-04,
 Hay,Dundgovi,2020-03,
 Hay,Dundgovi,2020-02,
 Hay,Dundgovi,2020-01,
 Hay,Dundgovi,2019-12,
 Hay,Dundgovi,2019-11,
 Hay,Dundgovi,2019-10,
 Hay,Dundgovi,2019-09,
 Hay,Dundgovi,2019-08,
 Hay,Dundgovi,2019-07,
 Hay,Dundgovi,2019-06,
 Hay,Dundgovi,2019-05,
 Hay,Dundgovi,2019-04,
 Hay,Dundgovi,2019-03,
 Hay,Dundgovi,2019-02,
 Hay,Dundgovi,2019-01,
 Hay,Dundgovi,2018-12,
 Hay,Umnugovi,2025-12,
 Hay,Umnugovi,2025-11,
 Hay,Umnugovi,2025-10,
 Hay,Umnugovi,2025-09,
 Hay,Umnugovi,2025-08,
 Hay,Umnugovi,2025-07,
 Hay,Umnugovi,2025-06,
 Hay,Umnugovi,2025-05,
 Hay,Umnugovi,2025-04,500000.0
 Hay,Umnugovi,2025-03,
 Hay,Umnugovi,2025-02,
 Hay,Umnugovi,2025-01,
 Hay,Umnugovi,2024-12,110000.0
 Hay,Umnugovi,2024-11,
 Hay,Umnugovi,2024-10,
 Hay,Umnugovi,2024-09,
 Hay,Umnugovi,2024-08,
 Hay,Umnugovi,2024-07,
 Hay,Umnugovi,2024-06,
 Hay,Umnugovi,2024-05,
 Hay,Umnugovi,2024-04,
 Hay,Umnugovi,2024-03,
 Hay,Umnugovi,2024-02,
 Hay,Umnugovi,2024-01,
 Hay,Umnugovi,2023-12,
 Hay,Umnugovi,2023-11,
 Hay,Umnugovi,2023-10,
 Hay,Umnugovi,2023-09,
 Hay,Umnugovi,2023-08,
 Hay,Umnugovi,2023-07,
 Hay,Umnugovi,2023-06,
 Hay,Umnugovi,2023-05,
 Hay,Umnugovi,2023-04,
 Hay,Umnugovi,2023-03,
 Hay,Umnugovi,2023-02,
 Hay,Umnugovi,2023-01,
 Hay,Umnugovi,2022-12,
 Hay,Umnugovi,2022-11,
 Hay,Umnugovi,2022-10,
 Hay,Umnugovi,2022-09,
 Hay,Umnugovi,2022-08,
 Hay,Umnugovi,2022-07,
 Hay,Umnugovi,2022-06,
 Hay,Umnugovi,2022-05,
 Hay,Umnugovi,2022-04,
 Hay,Umnugovi,2022-03,253500.0
 Hay,Umnugovi,2022-02,
 Hay,Umnugovi,2022-01,40000.0
 Hay,Umnugovi,2021-12,
 Hay,Umnugovi,2021-11,
 Hay,Umnugovi,2021-10,
 Hay,Umnugovi,2021-09,
 Hay,Umnugovi,2021-08,500000.0
 Hay,Umnugovi,2021-07,500000.0
 Hay,Umnugovi,2021-06,500000.0
 Hay,Umnugovi,2021-05,500000.0
 Hay,Umnugovi,2021-04,500000.0
 Hay,Umnugovi,2021-03,500000.0
 Hay,Umnugovi,2021-02,500000.0
 Hay,Umnugovi,2021-01,500000.0
 Hay,Umnugovi,2020-12,380000.0
 Hay,Umnugovi,2020-11,265000.0
 Hay,Umnugovi,2020-10,
 Hay,Umnugovi,2020-09,475000.0
 Hay,Umnugovi,2020-08,
 Hay,Umnugovi,2020-07,
 Hay,Umnugovi,2020-06,
 Hay,Umnugovi,2020-05,
 Hay,Umnugovi,2020-04,
 Hay,Umnugovi,2020-03,
 Hay,Umnugovi,2020-02,
 Hay,Umnugovi,2020-01,
 Hay,Umnugovi,2019-12,
 Hay,Umnugovi,2019-11,
 Hay,Umnugovi,2019-10,
 Hay,Umnugovi,2019-09,
 Hay,Umnugovi,2019-08,
 Hay,Umnugovi,2019-07,
 Hay,Umnugovi,2019-06,
 Hay,Umnugovi,2019-05,
 Hay,Umnugovi,2019-04,
 Hay,Umnugovi,2019-03,
 Hay,Umnugovi,2019-02,
 Hay,Umnugovi,2019-01,
 Hay,Umnugovi,2018-12,
 Hay,Selenge,2025-12,550000.0
 Hay,Selenge,2025-11,
 Hay,Selenge,2025-10,
 Hay,Selenge,2025-09,400000.0
 Hay,Selenge,2025-08,
 Hay,Selenge,2025-07,
 Hay,Selenge,2025-06,
 Hay,Selenge,2025-05,
 Hay,Selenge,2025-04,
 Hay,Selenge,2025-03,
 Hay,Selenge,2025-02,
 Hay,Selenge,2025-01,
 Hay,Selenge,2024-12,
 Hay,Selenge,2024-11,233333.0
 Hay,Selenge,2024-10,216667.0
 Hay,Selenge,2024-09,175000.0
 Hay,Selenge,2024-08,
 Hay,Selenge,2024-07,
 Hay,Selenge,2024-06,
 Hay,Selenge,2024-05,
 Hay,Selenge,2024-04,
 Hay,Selenge,2024-03,250000.0
 Hay,Selenge,2024-02,250000.0
 Hay,Selenge,2024-01,210000.0
 Hay,Selenge,2023-12,220000.0
 Hay,Selenge,2023-11,191667.0
 Hay,Selenge,2023-10,169167.0
 Hay,Selenge,2023-09,250000.0
 Hay,Selenge,2023-08,
 Hay,Selenge,2023-07,
 Hay,Selenge,2023-06,
 Hay,Selenge,2023-05,
 Hay,Selenge,2023-04,
 Hay,Selenge,2023-03,200000.0
 Hay,Selenge,2023-02,200000.0
 Hay,Selenge,2023-01,150000.0
 Hay,Selenge,2022-12,112500.0
 Hay,Selenge,2022-11,102000.0
 Hay,Selenge,2022-10,137500.0
 Hay,Selenge,2022-09,150556.0
 Hay,Selenge,2022-08,
 Hay,Selenge,2022-07,
 Hay,Selenge,2022-06,
 Hay,Selenge,2022-05,
 Hay,Selenge,2022-04,
 Hay,Selenge,2022-03,95000.0
 Hay,Selenge,2022-02,100000.0
 Hay,Selenge,2022-01,125000.0
 Hay,Selenge,2021-12,126667.0
 Hay,Selenge,2021-11,100000.0
 Hay,Selenge,2021-10,108000.0
 Hay,Selenge,2021-09,137500.0
 Hay,Selenge,2021-08,
 Hay,Selenge,2021-07,
 Hay,Selenge,2021-06,
 Hay,Selenge,2021-05,50000.0
 Hay,Selenge,2021-04,80000.0
 Hay,Selenge,2021-03,80000.0
 Hay,Selenge,2021-02,80000.0
 Hay,Selenge,2021-01,80000.0
 Hay,Selenge,2020-12,150000.0
 Hay,Selenge,2020-11,126250.0
 Hay,Selenge,2020-10,93500.0
 Hay,Selenge,2020-09,139000.0
 Hay,Selenge,2020-08,
 Hay,Selenge,2020-07,
 Hay,Selenge,2020-06,
 Hay,Selenge,2020-05,120000.0
 Hay,Selenge,2020-04,140000.0
 Hay,Selenge,2020-03,160000.0
 Hay,Selenge,2020-02,160000.0
 Hay,Selenge,2020-01,153000.0
 Hay,Selenge,2019-12,140000.0
 Hay,Selenge,2019-11,133000.0
 Hay,Selenge,2019-10,101000.0
 Hay,Selenge,2019-09,97000.0
 Hay,Selenge,2019-08,
 Hay,Selenge,2019-07,
 Hay,Selenge,2019-06,120000.0
 Hay,Selenge,2019-05,110000.0
 Hay,Selenge,2019-04,110000.0
 Hay,Selenge,2019-03,107000.0
 Hay,Selenge,2019-02,120000.0
 Hay,Selenge,2019-01,142500.0
 Hay,Selenge,2018-12,138000.0
 Hay,Tuv,2025-12,455000.0
 Hay,Tuv,2025-11,455000.0
 Hay,Tuv,2025-10,
 Hay,Tuv,2025-09,
 Hay,Tuv,2025-08,
 Hay,Tuv,2025-07,
 Hay,Tuv,2025-06,
 Hay,Tuv,2025-05,150000.0
 Hay,Tuv,2025-04,
 Hay,Tuv,2025-03,225000.0
 Hay,Tuv,2025-02,250000.0
 Hay,Tuv,2025-01,250000.0
 Hay,Tuv,2024-12,
 Hay,Tuv,2024-11,250000.0
 Hay,Tuv,2024-10,375000.0
 Hay,Tuv,2024-09,366667.0
 Hay,Tuv,2024-08,
 Hay,Tuv,2024-07,
 Hay,Tuv,2024-06,
 Hay,Tuv,2024-05,350000.0
 Hay,Tuv,2024-04,275000.0
 Hay,Tuv,2024-03,300000.0
 Hay,Tuv,2024-02,450000.0
 Hay,Tuv,2024-01,300000.0
 Hay,Tuv,2023-12,325000.0
 Hay,Tuv,2023-11,250000.0
 Hay,Tuv,2023-10,362500.0
 Hay,Tuv,2023-09,334000.0
 Hay,Tuv,2023-08,
 Hay,Tuv,2023-07,
 Hay,Tuv,2023-06,365000.0
 Hay,Tuv,2023-05,280000.0
 Hay,Tuv,2023-04,293333.0
 Hay,Tuv,2023-03,412500.0
 Hay,Tuv,2023-02,300000.0
 Hay,Tuv,2023-01,550000.0
 Hay,Tuv,2022-12,450000.0
 Hay,Tuv,2022-11,350000.0
 Hay,Tuv,2022-10,310000.0
 Hay,Tuv,2022-09,250000.0
 Hay,Tuv,2022-08,140000.0
 Hay,Tuv,2022-07,50000.0
 Hay,Tuv,2022-06,
 Hay,Tuv,2022-05,150000.0
 Hay,Tuv,2022-04,114000.0
 Hay,Tuv,2022-03,135000.0
 Hay,Tuv,2022-02,120000.0
 Hay,Tuv,2022-01,173333.0
 Hay,Tuv,2021-12,200000.0
 Hay,Tuv,2021-11,207000.0
 Hay,Tuv,2021-10,225000.0
 Hay,Tuv,2021-09,167000.0
 Hay,Tuv,2021-08,
 Hay,Tuv,2021-07,
 Hay,Tuv,2021-06,
 Hay,Tuv,2021-05,400000.0
 Hay,Tuv,2021-04,400000.0
 Hay,Tuv,2021-03,400000.0
 Hay,Tuv,2021-02,266667.0
 Hay,Tuv,2021-01,325000.0
 Hay,Tuv,2020-12,180000.0
 Hay,Tuv,2020-11,200000.0
 Hay,Tuv,2020-10,183333.0
 Hay,Tuv,2020-09,225000.0
 Hay,Tuv,2020-08,
 Hay,Tuv,2020-07,
 Hay,Tuv,2020-06,
 Hay,Tuv,2020-05,
 Hay,Tuv,2020-04,100000.0
 Hay,Tuv,2020-03,250000.0
 Hay,Tuv,2020-02,250000.0
 Hay,Tuv,2020-01,217000.0
 Hay,Tuv,2019-12,130000.0
 Hay,Tuv,2019-11,129000.0
 Hay,Tuv,2019-10,110000.0
 Hay,Tuv,2019-09,117000.0
 Hay,Tuv,2019-08,120000.0
 Hay,Tuv,2019-07,
 Hay,Tuv,2019-06,
 Hay,Tuv,2019-05,200000.0
 Hay,Tuv,2019-04,125000.0
 Hay,Tuv,2019-03,125000.0
 Hay,Tuv,2019-02,125000.0
 Hay,Tuv,2019-01,177000.0
 Hay,Tuv,2018-12,190000.0
 Hay,Eastern region,2025-12,
 Hay,Eastern region,2025-11,
 Hay,Eastern region,2025-10,
 Hay,Eastern region,2025-09,
 Hay,Eastern region,2025-08,
 Hay,Eastern region,2025-07,
 Hay,Eastern region,2025-06,
 Hay,Eastern region,2025-05,
 Hay,Eastern region,2025-04,
 Hay,Eastern region,2025-03,
 Hay,Eastern region,2025-02,
 Hay,Eastern region,2025-01,
 Hay,Eastern region,2024-12,
 Hay,Eastern region,2024-11,
 Hay,Eastern region,2024-10,
 Hay,Eastern region,2024-09,
 Hay,Eastern region,2024-08,
 Hay,Eastern region,2024-07,
 Hay,Eastern region,2024-06,
 Hay,Eastern region,2024-05,
 Hay,Eastern region,2024-04,
 Hay,Eastern region,2024-03,
 Hay,Eastern region,2024-02,
 Hay,Eastern region,2024-01,
 Hay,Eastern region,2023-12,
 Hay,Eastern region,2023-11,
 Hay,Eastern region,2023-10,
 Hay,Eastern region,2023-09,
 Hay,Eastern region,2023-08,
 Hay,Eastern region,2023-07,
 Hay,Eastern region,2023-06,
 Hay,Eastern region,2023-05,
 Hay,Eastern region,2023-04,
 Hay,Eastern region,2023-03,
 Hay,Eastern region,2023-02,
 Hay,Eastern region,2023-01,
 Hay,Eastern region,2022-12,
 Hay,Eastern region,2022-11,
 Hay,Eastern region,2022-10,
 Hay,Eastern region,2022-09,
 Hay,Eastern region,2022-08,
 Hay,Eastern region,2022-07,
 Hay,Eastern region,2022-06,
 Hay,Eastern region,2022-05,
 Hay,Eastern region,2022-04,
 Hay,Eastern region,2022-03,
 Hay,Eastern region,2022-02,
 Hay,Eastern region,2022-01,
 Hay,Eastern region,2021-12,
 Hay,Eastern region,2021-11,
 Hay,Eastern region,2021-10,
 Hay,Eastern region,2021-09,
 Hay,Eastern region,2021-08,
 Hay,Eastern region,2021-07,
 Hay,Eastern region,2021-06,
 Hay,Eastern region,2021-05,
 Hay,Eastern region,2021-04,
 Hay,Eastern region,2021-03,
 Hay,Eastern region,2021-02,
 Hay,Eastern region,2021-01,
 Hay,Eastern region,2020-12,
 Hay,Eastern region,2020-11,
 Hay,Eastern region,2020-10,
 Hay,Eastern region,2020-09,
 Hay,Eastern region,2020-08,
 Hay,Eastern region,2020-07,
 Hay,Eastern region,2020-06,
 Hay,Eastern region,2020-05,
 Hay,Eastern region,2020-04,
 Hay,Eastern region,2020-03,
 Hay,Eastern region,2020-02,
 Hay,Eastern region,2020-01,
 Hay,Eastern region,2019-12,
 Hay,Eastern region,2019-11,
 Hay,Eastern region,2019-10,
 Hay,Eastern region,2019-09,
 Hay,Eastern region,2019-08,
 Hay,Eastern region,2019-07,
 Hay,Eastern region,2019-06,
 Hay,Eastern region,2019-05,
 Hay,Eastern region,2019-04,
 Hay,Eastern region,2019-03,
 Hay,Eastern region,2019-02,
 Hay,Eastern region,2019-01,
 Hay,Eastern region,2018-12,
 Hay,Dornod,2025-12,
 Hay,Dornod,2025-11,
 Hay,Dornod,2025-10,
 Hay,Dornod,2025-09,
 Hay,Dornod,2025-08,
 Hay,Dornod,2025-07,
 Hay,Dornod,2025-06,
 Hay,Dornod,2025-05,
 Hay,Dornod,2025-04,
 Hay,Dornod,2025-03,
 Hay,Dornod,2025-02,
 Hay,Dornod,2025-01,140000.0
 Hay,Dornod,2024-12,140000.0
 Hay,Dornod,2024-11,150000.0
 Hay,Dornod,2024-10,160000.0
 Hay,Dornod,2024-09,
 Hay,Dornod,2024-08,
 Hay,Dornod,2024-07,
 Hay,Dornod,2024-06,
 Hay,Dornod,2024-05,
 Hay,Dornod,2024-04,250000.0
 Hay,Dornod,2024-03,450000.0
 Hay,Dornod,2024-02,450000.0
 Hay,Dornod,2024-01,300000.0
 Hay,Dornod,2023-12,300000.0
 Hay,Dornod,2023-11,300000.0
 Hay,Dornod,2023-10,
 Hay,Dornod,2023-09,
 Hay,Dornod,2023-08,
 Hay,Dornod,2023-07,
 Hay,Dornod,2023-06,250000.0
 Hay,Dornod,2023-05,300000.0
 Hay,Dornod,2023-04,250000.0
 Hay,Dornod,2023-03,250000.0
 Hay,Dornod,2023-02,170000.0
 Hay,Dornod,2023-01,170000.0
 Hay,Dornod,2022-12,187000.0
 Hay,Dornod,2022-11,185000.0
 Hay,Dornod,2022-10,182500.0
 Hay,Dornod,2022-09,178750.0
 Hay,Dornod,2022-08,
 Hay,Dornod,2022-07,
 Hay,Dornod,2022-06,
 Hay,Dornod,2022-05,
 Hay,Dornod,2022-04,
 Hay,Dornod,2022-03,
 Hay,Dornod,2022-02,
 Hay,Dornod,2022-01,
 Hay,Dornod,2021-12,
 Hay,Dornod,2021-11,
 Hay,Dornod,2021-10,
 Hay,Dornod,2021-09,
 Hay,Dornod,2021-08,
 Hay,Dornod,2021-07,
 Hay,Dornod,2021-06,
 Hay,Dornod,2021-05,
 Hay,Dornod,2021-04,
 Hay,Dornod,2021-03,100000.0
 Hay,Dornod,2021-02,100000.0
 Hay,Dornod,2021-01,
 Hay,Dornod,2020-12,
 Hay,Dornod,2020-11,
 Hay,Dornod,2020-10,900000.0
 Hay,Dornod,2020-09,
 Hay,Dornod,2020-08,
 Hay,Dornod,2020-07,
 Hay,Dornod,2020-06,
 Hay,Dornod,2020-05,
 Hay,Dornod,2020-04,
 Hay,Dornod,2020-03,
 Hay,Dornod,2020-02,
 Hay,Dornod,2020-01,
 Hay,Dornod,2019-12,
 Hay,Dornod,2019-11,
 Hay,Dornod,2019-10,80000.0
 Hay,Dornod,2019-09,85000.0
 Hay,Dornod,2019-08,100000.0
 Hay,Dornod,2019-07,
 Hay,Dornod,2019-06,
 Hay,Dornod,2019-05,
 Hay,Dornod,2019-04,
 Hay,Dornod,2019-03,
 Hay,Dornod,2019-02,
 Hay,Dornod,2019-01,
 Hay,Dornod,2018-12,120000.0
 Hay,Sukhbaatar,2025-12,
 Hay,Sukhbaatar,2025-11,
 Hay,Sukhbaatar,2025-10,
 Hay,Sukhbaatar,2025-09,
 Hay,Sukhbaatar,2025-08,
 Hay,Sukhbaatar,2025-07,
 Hay,Sukhbaatar,2025-06,
 Hay,Sukhbaatar,2025-05,
 Hay,Sukhbaatar,2025-04,
 Hay,Sukhbaatar,2025-03,
 Hay,Sukhbaatar,2025-02,
 Hay,Sukhbaatar,2025-01,
 Hay,Sukhbaatar,2024-12,
 Hay,Sukhbaatar,2024-11,
 Hay,Sukhbaatar,2024-10,
 Hay,Sukhbaatar,2024-09,
 Hay,Sukhbaatar,2024-08,
 Hay,Sukhbaatar,2024-07,
 Hay,Sukhbaatar,2024-06,
 Hay,Sukhbaatar,2024-05,
 Hay,Sukhbaatar,2024-04,
 Hay,Sukhbaatar,2024-03,
 Hay,Sukhbaatar,2024-02,
 Hay,Sukhbaatar,2024-01,
 Hay,Sukhbaatar,2023-12,
 Hay,Sukhbaatar,2023-11,
 Hay,Sukhbaatar,2023-10,
 Hay,Sukhbaatar,2023-09,
 Hay,Sukhbaatar,2023-08,
 Hay,Sukhbaatar,2023-07,
 Hay,Sukhbaatar,2023-06,
 Hay,Sukhbaatar,2023-05,
 Hay,Sukhbaatar,2023-04,
 Hay,Sukhbaatar,2023-03,
 Hay,Sukhbaatar,2023-02,
 Hay,Sukhbaatar,2023-01,
 Hay,Sukhbaatar,2022-12,200000.0
 Hay,Sukhbaatar,2022-11,
 Hay,Sukhbaatar,2022-10,
 Hay,Sukhbaatar,2022-09,
 Hay,Sukhbaatar,2022-08,
 Hay,Sukhbaatar,2022-07,
 Hay,Sukhbaatar,2022-06,
 Hay,Sukhbaatar,2022-05,
 Hay,Sukhbaatar,2022-04,
 Hay,Sukhbaatar,2022-03,
 Hay,Sukhbaatar,2022-02,
 Hay,Sukhbaatar,2022-01,
 Hay,Sukhbaatar,2021-12,
 Hay,Sukhbaatar,2021-11,
 Hay,Sukhbaatar,2021-10,
 Hay,Sukhbaatar,2021-09,
 Hay,Sukhbaatar,2021-08,
 Hay,Sukhbaatar,2021-07,
 Hay,Sukhbaatar,2021-06,
 Hay,Sukhbaatar,2021-05,
 Hay,Sukhbaatar,2021-04,
 Hay,Sukhbaatar,2021-03,
 Hay,Sukhbaatar,2021-02,
 Hay,Sukhbaatar,2021-01,
 Hay,Sukhbaatar,2020-12,
 Hay,Sukhbaatar,2020-11,
 Hay,Sukhbaatar,2020-10,
 Hay,Sukhbaatar,2020-09,
 Hay,Sukhbaatar,2020-08,
 Hay,Sukhbaatar,2020-07,
 Hay,Sukhbaatar,2020-06,
 Hay,Sukhbaatar,2020-05,
 Hay,Sukhbaatar,2020-04,
 Hay,Sukhbaatar,2020-03,
 Hay,Sukhbaatar,2020-02,
 Hay,Sukhbaatar,2020-01,
 Hay,Sukhbaatar,2019-12,
 Hay,Sukhbaatar,2019-11,
 Hay,Sukhbaatar,2019-10,
 Hay,Sukhbaatar,2019-09,
 Hay,Sukhbaatar,2019-08,
 Hay,Sukhbaatar,2019-07,
 Hay,Sukhbaatar,2019-06,
 Hay,Sukhbaatar,2019-05,
 Hay,Sukhbaatar,2019-04,
 Hay,Sukhbaatar,2019-03,
 Hay,Sukhbaatar,2019-02,
 Hay,Sukhbaatar,2019-01,
 Hay,Sukhbaatar,2018-12,
 Hay,Khentii,2025-12,
 Hay,Khentii,2025-11,
 Hay,Khentii,2025-10,
 Hay,Khentii,2025-09,
 Hay,Khentii,2025-08,
 Hay,Khentii,2025-07,
 Hay,Khentii,2025-06,
 Hay,Khentii,2025-05,
 Hay,Khentii,2025-04,
 Hay,Khentii,2025-03,
 Hay,Khentii,2025-02,
 Hay,Khentii,2025-01,
 Hay,Khentii,2024-12,
 Hay,Khentii,2024-11,
 Hay,Khentii,2024-10,
 Hay,Khentii,2024-09,
 Hay,Khentii,2024-08,
 Hay,Khentii,2024-07,
 Hay,Khentii,2024-06,
 Hay,Khentii,2024-05,
 Hay,Khentii,2024-04,
 Hay,Khentii,2024-03,
 Hay,Khentii,2024-02,
 Hay,Khentii,2024-01,
 Hay,Khentii,2023-12,
 Hay,Khentii,2023-11,
 Hay,Khentii,2023-10,
 Hay,Khentii,2023-09,
 Hay,Khentii,2023-08,
 Hay,Khentii,2023-07,
 Hay,Khentii,2023-06,
 Hay,Khentii,2023-05,
 Hay,Khentii,2023-04,
 Hay,Khentii,2023-03,
 Hay,Khentii,2023-02,
 Hay,Khentii,2023-01,
 Hay,Khentii,2022-12,
 Hay,Khentii,2022-11,
 Hay,Khentii,2022-10,
 Hay,Khentii,2022-09,
 Hay,Khentii,2022-08,
 Hay,Khentii,2022-07,
 Hay,Khentii,2022-06,
 Hay,Khentii,2022-05,
 Hay,Khentii,2022-04,
 Hay,Khentii,2022-03,
 Hay,Khentii,2022-02,
 Hay,Khentii,2022-01,
 Hay,Khentii,2021-12,200000.0
 Hay,Khentii,2021-11,
 Hay,Khentii,2021-10,150000.0
 Hay,Khentii,2021-09,
 Hay,Khentii,2021-08,
 Hay,Khentii,2021-07,
 Hay,Khentii,2021-06,
 Hay,Khentii,2021-05,
 Hay,Khentii,2021-04,215000.0
 Hay,Khentii,2021-03,130000.0
 Hay,Khentii,2021-02,193333.0
 Hay,Khentii,2021-01,80000.0
 Hay,Khentii,2020-12,
 Hay,Khentii,2020-11,
 Hay,Khentii,2020-10,
 Hay,Khentii,2020-09,80000.0
 Hay,Khentii,2020-08,80000.0
 Hay,Khentii,2020-07,80000.0
 Hay,Khentii,2020-06,80000.0
 Hay,Khentii,2020-05,80000.0
 Hay,Khentii,2020-04,90000.0
 Hay,Khentii,2020-03,
 Hay,Khentii,2020-02,
 Hay,Khentii,2020-01,
 Hay,Khentii,2019-12,
 Hay,Khentii,2019-11,
 Hay,Khentii,2019-10,
 Hay,Khentii,2019-09,
 Hay,Khentii,2019-08,
 Hay,Khentii,2019-07,
 Hay,Khentii,2019-06,
 Hay,Khentii,2019-05,
 Hay,Khentii,2019-04,
 Hay,Khentii,2019-03,
 Hay,Khentii,2019-02,
 Hay,Khentii,2019-01,
 Hay,Khentii,2018-12,
 Hay,Ulaanbaatar,2025-12,
 Hay,Ulaanbaatar,2025-11,
 Hay,Ulaanbaatar,2025-10,
 Hay,Ulaanbaatar,2025-09,
 Hay,Ulaanbaatar,2025-08,
 Hay,Ulaanbaatar,2025-07,
 Hay,Ulaanbaatar,2025-06,
 Hay,Ulaanbaatar,2025-05,
 Hay,Ulaanbaatar,2025-04,
 Hay,Ulaanbaatar,2025-03,
 Hay,Ulaanbaatar,2025-02,
 Hay,Ulaanbaatar,2025-01,
 Hay,Ulaanbaatar,2024-12,
 Hay,Ulaanbaatar,2024-11,
 Hay,Ulaanbaatar,2024-10,
 Hay,Ulaanbaatar,2024-09,
 Hay,Ulaanbaatar,2024-08,
 Hay,Ulaanbaatar,2024-07,
 Hay,Ulaanbaatar,2024-06,
 Hay,Ulaanbaatar,2024-05,
 Hay,Ulaanbaatar,2024-04,
 Hay,Ulaanbaatar,2024-03,
 Hay,Ulaanbaatar,2024-02,
 Hay,Ulaanbaatar,2024-01,
 Hay,Ulaanbaatar,2023-12,
 Hay,Ulaanbaatar,2023-11,
 Hay,Ulaanbaatar,2023-10,
 Hay,Ulaanbaatar,2023-09,
 Hay,Ulaanbaatar,2023-08,
 Hay,Ulaanbaatar,2023-07,
 Hay,Ulaanbaatar,2023-06,
 Hay,Ulaanbaatar,2023-05,
 Hay,Ulaanbaatar,2023-04,
 Hay,Ulaanbaatar,2023-03,
 Hay,Ulaanbaatar,2023-02,
 Hay,Ulaanbaatar,2023-01,
 Hay,Ulaanbaatar,2022-12,
 Hay,Ulaanbaatar,2022-11,
 Hay,Ulaanbaatar,2022-10,
 Hay,Ulaanbaatar,2022-09,
 Hay,Ulaanbaatar,2022-08,
 Hay,Ulaanbaatar,2022-07,
 Hay,Ulaanbaatar,2022-06,
 Hay,Ulaanbaatar,2022-05,
 Hay,Ulaanbaatar,2022-04,
 Hay,Ulaanbaatar,2022-03,
 Hay,Ulaanbaatar,2022-02,
 Hay,Ulaanbaatar,2022-01,
 Hay,Ulaanbaatar,2021-12,
 Hay,Ulaanbaatar,2021-11,
 Hay,Ulaanbaatar,2021-10,
 Hay,Ulaanbaatar,2021-09,
 Hay,Ulaanbaatar,2021-08,
 Hay,Ulaanbaatar,2021-07,
 Hay,Ulaanbaatar,2021-06,
 Hay,Ulaanbaatar,2021-05,
 Hay,Ulaanbaatar,2021-04,
 Hay,Ulaanbaatar,2021-03,
 Hay,Ulaanbaatar,2021-02,
 Hay,Ulaanbaatar,2021-01,
 Hay,Ulaanbaatar,2020-12,
 Hay,Ulaanbaatar,2020-11,
 Hay,Ulaanbaatar,2020-10,
 Hay,Ulaanbaatar,2020-09,
 Hay,Ulaanbaatar,2020-08,
 Hay,Ulaanbaatar,2020-07,
 Hay,Ulaanbaatar,2020-06,
 Hay,Ulaanbaatar,2020-05,
 Hay,Ulaanbaatar,2020-04,
 Hay,Ulaanbaatar,2020-03,
 Hay,Ulaanbaatar,2020-02,
 Hay,Ulaanbaatar,2020-01,
 Hay,Ulaanbaatar,2019-12,
 Hay,Ulaanbaatar,2019-11,
 Hay,Ulaanbaatar,2019-10,
 Hay,Ulaanbaatar,2019-09,
 Hay,Ulaanbaatar,2019-08,
 Hay,Ulaanbaatar,2019-07,
 Hay,Ulaanbaatar,2019-06,
 Hay,Ulaanbaatar,2019-05,
 Hay,Ulaanbaatar,2019-04,
 Hay,Ulaanbaatar,2019-03,
 Hay,Ulaanbaatar,2019-02,
 Hay,Ulaanbaatar,2019-01,
 Hay,Ulaanbaatar,2018-12,
 Hay,Ulaanbaatar city,2025-12,
 Hay,Ulaanbaatar city,2025-11,
 Hay,Ulaanbaatar city,2025-10,
 Hay,Ulaanbaatar city,2025-09,
 Hay,Ulaanbaatar city,2025-08,
 Hay,Ulaanbaatar city,2025-07,
 Hay,Ulaanbaatar city,2025-06,
 Hay,Ulaanbaatar city,2025-05,
 Hay,Ulaanbaatar city,2025-04,
 Hay,Ulaanbaatar city,2025-03,
 Hay,Ulaanbaatar city,2025-02,
 Hay,Ulaanbaatar city,2025-01,
 Hay,Ulaanbaatar city,2024-12,
 Hay,Ulaanbaatar city,2024-11,
 Hay,Ulaanbaatar city,2024-10,
 Hay,Ulaanbaatar city,2024-09,
 Hay,Ulaanbaatar city,2024-08,
 Hay,Ulaanbaatar city,2024-07,
 Hay,Ulaanbaatar city,2024-06,
 Hay,Ulaanbaatar city,2024-05,
 Hay,Ulaanbaatar city,2024-04,
 Hay,Ulaanbaatar city,2024-03,
 Hay,Ulaanbaatar city,2024-02,
 Hay,Ulaanbaatar city,2024-01,
 Hay,Ulaanbaatar city,2023-12,
 Hay,Ulaanbaatar city,2023-11,
 Hay,Ulaanbaatar city,2023-10,
 Hay,Ulaanbaatar city,2023-09,
 Hay,Ulaanbaatar city,2023-08,
 Hay,Ulaanbaatar city,2023-07,
 Hay,Ulaanbaatar city,2023-06,
 Hay,Ulaanbaatar city,2023-05,
 Hay,Ulaanbaatar city,2023-04,
 Hay,Ulaanbaatar city,2023-03,
 Hay,Ulaanbaatar city,2023-02,
 Hay,Ulaanbaatar city,2023-01,
 Hay,Ulaanbaatar city,2022-12,
 Hay,Ulaanbaatar city,2022-11,
 Hay,Ulaanbaatar city,2022-10,
 Hay,Ulaanbaatar city,2022-09,
 Hay,Ulaanbaatar city,2022-08,
 Hay,Ulaanbaatar city,2022-07,
 Hay,Ulaanbaatar city,2022-06,
 Hay,Ulaanbaatar city,2022-05,
 Hay,Ulaanbaatar city,2022-04,
 Hay,Ulaanbaatar city,2022-03,
 Hay,Ulaanbaatar city,2022-02,
 Hay,Ulaanbaatar city,2022-01,
 Hay,Ulaanbaatar city,2021-12,
 Hay,Ulaanbaatar city,2021-11,
 Hay,Ulaanbaatar city,2021-10,
 Hay,Ulaanbaatar city,2021-09,
 Hay,Ulaanbaatar city,2021-08,
 Hay,Ulaanbaatar city,2021-07,
 Hay,Ulaanbaatar city,2021-06,
 Hay,Ulaanbaatar city,2021-05,
 Hay,Ulaanbaatar city,2021-04,
 Hay,Ulaanbaatar city,2021-03,
 Hay,Ulaanbaatar city,2021-02,
 Hay,Ulaanbaatar city,2021-01,
 Hay,Ulaanbaatar city,2020-12,
 Hay,Ulaanbaatar city,2020-11,
 Hay,Ulaanbaatar city,2020-10,
 Hay,Ulaanbaatar city,2020-09,
 Hay,Ulaanbaatar city,2020-08,
 Hay,Ulaanbaatar city,2020-07,
 Hay,Ulaanbaatar city,2020-06,
 Hay,Ulaanbaatar city,2020-05,
 Hay,Ulaanbaatar city,2020-04,
 Hay,Ulaanbaatar city,2020-03,
 Hay,Ulaanbaatar city,2020-02,
 Hay,Ulaanbaatar city,2020-01,
 Hay,Ulaanbaatar city,2019-12,
 Hay,Ulaanbaatar city,2019-11,
 Hay,Ulaanbaatar city,2019-10,
 Hay,Ulaanbaatar city,2019-09,
 Hay,Ulaanbaatar city,2019-08,
 Hay,Ulaanbaatar city,2019-07,
 Hay,Ulaanbaatar city,2019-06,
 Hay,Ulaanbaatar city,2019-05,
 Hay,Ulaanbaatar city,2019-04,
 Hay,Ulaanbaatar city,2019-03,
 Hay,Ulaanbaatar city,2019-02,
 Hay,Ulaanbaatar city,2019-01,
 Hay,Ulaanbaatar city,2018-12,
 Green feed,Western region,2025-12,
 Green feed,Western region,2025-11,
 Green feed,Western region,2025-10,
 Green feed,Western region,2025-09,
 Green feed,Western region,2025-08,
 Green feed,Western region,2025-07,
 Green feed,Western region,2025-06,
 Green feed,Western region,2025-05,
 Green feed,Western region,2025-04,
 Green feed,Western region,2025-03,
 Green feed,Western region,2025-02,
 Green feed,Western region,2025-01,
 Green feed,Western region,2024-12,
 Green feed,Western region,2024-11,
 Green feed,Western region,2024-10,
 Green feed,Western region,2024-09,
 Green feed,Western region,2024-08,
 Green feed,Western region,2024-07,
 Green feed,Western region,2024-06,
 Green feed,Western region,2024-05,
 Green feed,Western region,2024-04,
 Green feed,Western region,2024-03,
 Green feed,Western region,2024-02,
 Green feed,Western region,2024-01,
 Green feed,Western region,2023-12,
 Green feed,Western region,2023-11,
 Green feed,Western region,2023-10,
 Green feed,Western region,2023-09,
 Green feed,Western region,2023-08,
 Green feed,Western region,2023-07,
 Green feed,Western region,2023-06,
 Green feed,Western region,2023-05,
 Green feed,Western region,2023-04,
 Green feed,Western region,2023-03,
 Green feed,Western region,2023-02,
 Green feed,Western region,2023-01,
 Green feed,Western region,2022-12,
 Green feed,Western region,2022-11,
 Green feed,Western region,2022-10,
 Green feed,Western region,2022-09,
 Green feed,Western region,2022-08,
 Green feed,Western region,2022-07,
 Green feed,Western region,2022-06,
 Green feed,Western region,2022-05,
 Green feed,Western region,2022-04,
 Green feed,Western region,2022-03,
 Green feed,Western region,2022-02,
 Green feed,Western region,2022-01,
 Green feed,Western region,2021-12,
 Green feed,Western region,2021-11,
 Green feed,Western region,2021-10,
 Green feed,Western region,2021-09,
 Green feed,Western region,2021-08,
 Green feed,Western region,2021-07,
 Green feed,Western region,2021-06,
 Green feed,Western region,2021-05,
 Green feed,Western region,2021-04,
 Green feed,Western region,2021-03,
 Green feed,Western region,2021-02,
 Green feed,Western region,2021-01,
 Green feed,Western region,2020-12,
 Green feed,Western region,2020-11,
 Green feed,Western region,2020-10,
 Green feed,Western region,2020-09,
 Green feed,Western region,2020-08,
 Green feed,Western region,2020-07,
 Green feed,Western region,2020-06,
 Green feed,Western region,2020-05,
 Green feed,Western region,2020-04,
 Green feed,Western region,2020-03,
 Green feed,Western region,2020-02,
 Green feed,Western region,2020-01,
 Green feed,Western region,2019-12,
 Green feed,Western region,2019-11,
 Green feed,Western region,2019-10,
 Green feed,Western region,2019-09,
 Green feed,Western region,2019-08,
 Green feed,Western region,2019-07,
 Green feed,Western region,2019-06,
 Green feed,Western region,2019-05,
 Green feed,Western region,2019-04,
 Green feed,Western region,2019-03,
 Green feed,Western region,2019-02,
 Green feed,Western region,2019-01,
 Green feed,Western region,2018-12,
 Green feed,Bayan-Ulgii,2025-12,
 Green feed,Bayan-Ulgii,2025-11,
 Green feed,Bayan-Ulgii,2025-10,
 Green feed,Bayan-Ulgii,2025-09,
 Green feed,Bayan-Ulgii,2025-08,
 Green feed,Bayan-Ulgii,2025-07,
 Green feed,Bayan-Ulgii,2025-06,
 Green feed,Bayan-Ulgii,2025-05,
 Green feed,Bayan-Ulgii,2025-04,
 Green feed,Bayan-Ulgii,2025-03,
 Green feed,Bayan-Ulgii,2025-02,
 Green feed,Bayan-Ulgii,2025-01,
 Green feed,Bayan-Ulgii,2024-12,
 Green feed,Bayan-Ulgii,2024-11,
 Green feed,Bayan-Ulgii,2024-10,
 Green feed,Bayan-Ulgii,2024-09,
 Green feed,Bayan-Ulgii,2024-08,
 Green feed,Bayan-Ulgii,2024-07,
 Green feed,Bayan-Ulgii,2024-06,
 Green feed,Bayan-Ulgii,2024-05,
 Green feed,Bayan-Ulgii,2024-04,
 Green feed,Bayan-Ulgii,2024-03,
 Green feed,Bayan-Ulgii,2024-02,
 Green feed,Bayan-Ulgii,2024-01,
 Green feed,Bayan-Ulgii,2023-12,
 Green feed,Bayan-Ulgii,2023-11,
 Green feed,Bayan-Ulgii,2023-10,
 Green feed,Bayan-Ulgii,2023-09,
 Green feed,Bayan-Ulgii,2023-08,
 Green feed,Bayan-Ulgii,2023-07,
 Green feed,Bayan-Ulgii,2023-06,
 Green feed,Bayan-Ulgii,2023-05,
 Green feed,Bayan-Ulgii,2023-04,
 Green feed,Bayan-Ulgii,2023-03,
 Green feed,Bayan-Ulgii,2023-02,
 Green feed,Bayan-Ulgii,2023-01,
 Green feed,Bayan-Ulgii,2022-12,
 Green feed,Bayan-Ulgii,2022-11,
 Green feed,Bayan-Ulgii,2022-10,
 Green feed,Bayan-Ulgii,2022-09,
 Green feed,Bayan-Ulgii,2022-08,
 Green feed,Bayan-Ulgii,2022-07,
 Green feed,Bayan-Ulgii,2022-06,
 Green feed,Bayan-Ulgii,2022-05,
 Green feed,Bayan-Ulgii,2022-04,
 Green feed,Bayan-Ulgii,2022-03,
 Green feed,Bayan-Ulgii,2022-02,250000.0
 Green feed,Bayan-Ulgii,2022-01,
 Green feed,Bayan-Ulgii,2021-12,
 Green feed,Bayan-Ulgii,2021-11,
 Green feed,Bayan-Ulgii,2021-10,
 Green feed,Bayan-Ulgii,2021-09,
 Green feed,Bayan-Ulgii,2021-08,
 Green feed,Bayan-Ulgii,2021-07,
 Green feed,Bayan-Ulgii,2021-06,
 Green feed,Bayan-Ulgii,2021-05,
 Green feed,Bayan-Ulgii,2021-04,
 Green feed,Bayan-Ulgii,2021-03,
 Green feed,Bayan-Ulgii,2021-02,
 Green feed,Bayan-Ulgii,2021-01,
 Green feed,Bayan-Ulgii,2020-12,
 Green feed,Bayan-Ulgii,2020-11,
 Green feed,Bayan-Ulgii,2020-10,
 Green feed,Bayan-Ulgii,2020-09,
 Green feed,Bayan-Ulgii,2020-08,
 Green feed,Bayan-Ulgii,2020-07,
 Green feed,Bayan-Ulgii,2020-06,
 Green feed,Bayan-Ulgii,2020-05,
 Green feed,Bayan-Ulgii,2020-04,
 Green feed,Bayan-Ulgii,2020-03,
 Green feed,Bayan-Ulgii,2020-02,
 Green feed,Bayan-Ulgii,2020-01,
 Green feed,Bayan-Ulgii,2019-12,
 Green feed,Bayan-Ulgii,2019-11,
 Green feed,Bayan-Ulgii,2019-10,
 Green feed,Bayan-Ulgii,2019-09,
 Green feed,Bayan-Ulgii,2019-08,
 Green feed,Bayan-Ulgii,2019-07,
 Green feed,Bayan-Ulgii,2019-06,
 Green feed,Bayan-Ulgii,2019-05,
 Green feed,Bayan-Ulgii,2019-04,
 Green feed,Bayan-Ulgii,2019-03,
 Green feed,Bayan-Ulgii,2019-02,
 Green feed,Bayan-Ulgii,2019-01,
 Green feed,Bayan-Ulgii,2018-12,
 Green feed,Govi-Altai,2025-12,1000000.0
 Green feed,Govi-Altai,2025-11,1000000.0
 Green feed,Govi-Altai,2025-10,
 Green feed,Govi-Altai,2025-09,500000.0
 Green feed,Govi-Altai,2025-08,
 Green feed,Govi-Altai,2025-07,
 Green feed,Govi-Altai,2025-06,
 Green feed,Govi-Altai,2025-05,
 Green feed,Govi-Altai,2025-04,600000.0
 Green feed,Govi-Altai,2025-03,
 Green feed,Govi-Altai,2025-02,
 Green feed,Govi-Altai,2025-01,
 Green feed,Govi-Altai,2024-12,
 Green feed,Govi-Altai,2024-11,1000000.0
 Green feed,Govi-Altai,2024-10,500000.0
 Green feed,Govi-Altai,2024-09,1000000.0
 Green feed,Govi-Altai,2024-08,
 Green feed,Govi-Altai,2024-07,
 Green feed,Govi-Altai,2024-06,
 Green feed,Govi-Altai,2024-05,
 Green feed,Govi-Altai,2024-04,1000000.0
 Green feed,Govi-Altai,2024-03,1000000.0
 Green feed,Govi-Altai,2024-02,1000000.0
 Green feed,Govi-Altai,2024-01,1000000.0
 Green feed,Govi-Altai,2023-12,1000000.0
 Green feed,Govi-Altai,2023-11,
 Green feed,Govi-Altai,2023-10,
 Green feed,Govi-Altai,2023-09,
 Green feed,Govi-Altai,2023-08,
 Green feed,Govi-Altai,2023-07,
 Green feed,Govi-Altai,2023-06,
 Green feed,Govi-Altai,2023-05,
 Green feed,Govi-Altai,2023-04,500000.0
 Green feed,Govi-Altai,2023-03,500000.0
 Green feed,Govi-Altai,2023-02,
 Green feed,Govi-Altai,2023-01,
 Green feed,Govi-Altai,2022-12,
 Green feed,Govi-Altai,2022-11,180000.0
 Green feed,Govi-Altai,2022-10,99000.0
 Green feed,Govi-Altai,2022-09,150000.0
 Green feed,Govi-Altai,2022-08,
 Green feed,Govi-Altai,2022-07,
 Green feed,Govi-Altai,2022-06,
 Green feed,Govi-Altai,2022-05,
 Green feed,Govi-Altai,2022-04,500000.0
 Green feed,Govi-Altai,2022-03,500000.0
 Green feed,Govi-Altai,2022-02,500000.0
 Green feed,Govi-Altai,2022-01,500000.0
 Green feed,Govi-Altai,2021-12,375000.0
 Green feed,Govi-Altai,2021-11,
 Green feed,Govi-Altai,2021-10,
 Green feed,Govi-Altai,2021-09,
 Green feed,Govi-Altai,2021-08,500000.0
 Green feed,Govi-Altai,2021-07,
 Green feed,Govi-Altai,2021-06,
 Green feed,Govi-Altai,2021-05,
 Green feed,Govi-Altai,2021-04,
 Green feed,Govi-Altai,2021-03,230000.0
 Green feed,Govi-Altai,2021-02,
 Green feed,Govi-Altai,2021-01,
 Green feed,Govi-Altai,2020-12,90000.0
 Green feed,Govi-Altai,2020-11,90000.0
 Green feed,Govi-Altai,2020-10,
 Green feed,Govi-Altai,2020-09,
 Green feed,Govi-Altai,2020-08,
 Green feed,Govi-Altai,2020-07,
 Green feed,Govi-Altai,2020-06,460000.0
 Green feed,Govi-Altai,2020-05,460000.0
 Green feed,Govi-Altai,2020-04,460000.0
 Green feed,Govi-Altai,2020-03,430000.0
 Green feed,Govi-Altai,2020-02,430000.0
 Green feed,Govi-Altai,2020-01,440000.0
 Green feed,Govi-Altai,2019-12,
 Green feed,Govi-Altai,2019-11,
 Green feed,Govi-Altai,2019-10,
 Green feed,Govi-Altai,2019-09,
 Green feed,Govi-Altai,2019-08,
 Green feed,Govi-Altai,2019-07,
 Green feed,Govi-Altai,2019-06,
 Green feed,Govi-Altai,2019-05,
 Green feed,Govi-Altai,2019-04,
 Green feed,Govi-Altai,2019-03,
 Green feed,Govi-Altai,2019-02,
 Green feed,Govi-Altai,2019-01,
 Green feed,Govi-Altai,2018-12,
 Green feed,Zavkhan,2025-12,880000.0
 Green feed,Zavkhan,2025-11,484000.0
 Green feed,Zavkhan,2025-10,
 Green feed,Zavkhan,2025-09,400000.0
 Green feed,Zavkhan,2025-08,
 Green feed,Zavkhan,2025-07,
 Green feed,Zavkhan,2025-06,
 Green feed,Zavkhan,2025-05,
 Green feed,Zavkhan,2025-04,700000.0
 Green feed,Zavkhan,2025-03,
 Green feed,Zavkhan,2025-02,
 Green feed,Zavkhan,2025-01,
 Green feed,Zavkhan,2024-12,
 Green feed,Zavkhan,2024-11,950000.0
 Green feed,Zavkhan,2024-10,773333.0
 Green feed,Zavkhan,2024-09,800000.0
 Green feed,Zavkhan,2024-08,925000.0
 Green feed,Zavkhan,2024-07,
 Green feed,Zavkhan,2024-06,
 Green feed,Zavkhan,2024-05,
 Green feed,Zavkhan,2024-04,
 Green feed,Zavkhan,2024-03,
 Green feed,Zavkhan,2024-02,1000000.0
 Green feed,Zavkhan,2024-01,940000.0
 Green feed,Zavkhan,2023-12,800000.0
 Green feed,Zavkhan,2023-11,850000.0
 Green feed,Zavkhan,2023-10,617500.0
 Green feed,Zavkhan,2023-09,556667.0
 Green feed,Zavkhan,2023-08,
 Green feed,Zavkhan,2023-07,
 Green feed,Zavkhan,2023-06,
 Green feed,Zavkhan,2023-05,
 Green feed,Zavkhan,2023-04,350000.0
 Green feed,Zavkhan,2023-03,350000.0
 Green feed,Zavkhan,2023-02,625000.0
 Green feed,Zavkhan,2023-01,625000.0
 Green feed,Zavkhan,2022-12,475000.0
 Green feed,Zavkhan,2022-11,475000.0
 Green feed,Zavkhan,2022-10,550000.0
 Green feed,Zavkhan,2022-09,466667.0
 Green feed,Zavkhan,2022-08,
 Green feed,Zavkhan,2022-07,
 Green feed,Zavkhan,2022-06,
 Green feed,Zavkhan,2022-05,120000.0
 Green feed,Zavkhan,2022-04,160000.0
 Green feed,Zavkhan,2022-03,
 Green feed,Zavkhan,2022-02,
 Green feed,Zavkhan,2022-01,110000.0
 Green feed,Zavkhan,2021-12,200000.0
 Green feed,Zavkhan,2021-11,135667.0
 Green feed,Zavkhan,2021-10,210000.0
 Green feed,Zavkhan,2021-09,250000.0
 Green feed,Zavkhan,2021-08,
 Green feed,Zavkhan,2021-07,
 Green feed,Zavkhan,2021-06,
 Green feed,Zavkhan,2021-05,
 Green feed,Zavkhan,2021-04,
 Green feed,Zavkhan,2021-03,
 Green feed,Zavkhan,2021-02,
 Green feed,Zavkhan,2021-01,
 Green feed,Zavkhan,2020-12,
 Green feed,Zavkhan,2020-11,
 Green feed,Zavkhan,2020-10,405000.0
 Green feed,Zavkhan,2020-09,480000.0
 Green feed,Zavkhan,2020-08,
 Green feed,Zavkhan,2020-07,
 Green feed,Zavkhan,2020-06,
 Green feed,Zavkhan,2020-05,
 Green feed,Zavkhan,2020-04,
 Green feed,Zavkhan,2020-03,
 Green feed,Zavkhan,2020-02,250000.0
 Green feed,Zavkhan,2020-01,250000.0
 Green feed,Zavkhan,2019-12,250000.0
 Green feed,Zavkhan,2019-11,250000.0
 Green feed,Zavkhan,2019-10,275000.0
 Green feed,Zavkhan,2019-09,
 Green feed,Zavkhan,2019-08,350000.0
 Green feed,Zavkhan,2019-07,
 Green feed,Zavkhan,2019-06,
 Green feed,Zavkhan,2019-05,
 Green feed,Zavkhan,2019-04,250000.0
 Green feed,Zavkhan,2019-03,250000.0
 Green feed,Zavkhan,2019-02,
 Green feed,Zavkhan,2019-01,
 Green feed,Zavkhan,2018-12,200000.0
 Green feed,Uvs,2025-12,800000.0
 Green feed,Uvs,2025-11,800000.0
 Green feed,Uvs,2025-10,
 Green feed,Uvs,2025-09,800000.0
 Green feed,Uvs,2025-08,
 Green feed,Uvs,2025-07,
 Green feed,Uvs,2025-06,
 Green feed,Uvs,2025-05,
 Green feed,Uvs,2025-04,800000.0
 Green feed,Uvs,2025-03,
 Green feed,Uvs,2025-02,
 Green feed,Uvs,2025-01,
 Green feed,Uvs,2024-12,
 Green feed,Uvs,2024-11,750000.0
 Green feed,Uvs,2024-10,
 Green feed,Uvs,2024-09,750000.0
 Green feed,Uvs,2024-08,650000.0
 Green feed,Uvs,2024-07,
 Green feed,Uvs,2024-06,
 Green feed,Uvs,2024-05,
 Green feed,Uvs,2024-04,
 Green feed,Uvs,2024-03,1350000.0
 Green feed,Uvs,2024-02,1350000.0
 Green feed,Uvs,2024-01,1250000.0
 Green feed,Uvs,2023-12,1250000.0
 Green feed,Uvs,2023-11,
 Green feed,Uvs,2023-10,750000.0
 Green feed,Uvs,2023-09,750000.0
 Green feed,Uvs,2023-08,
 Green feed,Uvs,2023-07,
 Green feed,Uvs,2023-06,
 Green feed,Uvs,2023-05,
 Green feed,Uvs,2023-04,
 Green feed,Uvs,2023-03,
 Green feed,Uvs,2023-02,
 Green feed,Uvs,2023-01,
 Green feed,Uvs,2022-12,
 Green feed,Uvs,2022-11,750000.0
 Green feed,Uvs,2022-10,750000.0
 Green feed,Uvs,2022-09,
 Green feed,Uvs,2022-08,
 Green feed,Uvs,2022-07,
 Green feed,Uvs,2022-06,
 Green feed,Uvs,2022-05,
 Green feed,Uvs,2022-04,
 Green feed,Uvs,2022-03,
 Green feed,Uvs,2022-02,
 Green feed,Uvs,2022-01,
 Green feed,Uvs,2021-12,
 Green feed,Uvs,2021-11,
 Green feed,Uvs,2021-10,
 Green feed,Uvs,2021-09,
 Green feed,Uvs,2021-08,
 Green feed,Uvs,2021-07,
 Green feed,Uvs,2021-06,
 Green feed,Uvs,2021-05,
 Green feed,Uvs,2021-04,
 Green feed,Uvs,2021-03,
 Green feed,Uvs,2021-02,
 Green feed,Uvs,2021-01,
 Green feed,Uvs,2020-12,
 Green feed,Uvs,2020-11,
 Green feed,Uvs,2020-10,
 Green feed,Uvs,2020-09,
 Green feed,Uvs,2020-08,
 Green feed,Uvs,2020-07,
 Green feed,Uvs,2020-06,
 Green feed,Uvs,2020-05,
 Green feed,Uvs,2020-04,
 Green feed,Uvs,2020-03,
 Green feed,Uvs,2020-02,200000.0
 Green feed,Uvs,2020-01,
 Green feed,Uvs,2019-12,
 Green feed,Uvs,2019-11,
 Green feed,Uvs,2019-10,
 Green feed,Uvs,2019-09,
 Green feed,Uvs,2019-08,
 Green feed,Uvs,2019-07,
 Green feed,Uvs,2019-06,
 Green feed,Uvs,2019-05,
 Green feed,Uvs,2019-04,
 Green feed,Uvs,2019-03,
 Green feed,Uvs,2019-02,
 Green feed,Uvs,2019-01,
 Green feed,Uvs,2018-12,
 Green feed,Khovd,2025-12,
 Green feed,Khovd,2025-11,
 Green feed,Khovd,2025-10,
 Green feed,Khovd,2025-09,
 Green feed,Khovd,2025-08,
 Green feed,Khovd,2025-07,
 Green feed,Khovd,2025-06,
 Green feed,Khovd,2025-05,
 Green feed,Khovd,2025-04,
 Green feed,Khovd,2025-03,
 Green feed,Khovd,2025-02,
 Green feed,Khovd,2025-01,
 Green feed,Khovd,2024-12,
 Green feed,Khovd,2024-11,
 Green feed,Khovd,2024-10,
 Green feed,Khovd,2024-09,
 Green feed,Khovd,2024-08,
 Green feed,Khovd,2024-07,
 Green feed,Khovd,2024-06,
 Green feed,Khovd,2024-05,
 Green feed,Khovd,2024-04,
 Green feed,Khovd,2024-03,
 Green feed,Khovd,2024-02,
 Green feed,Khovd,2024-01,
 Green feed,Khovd,2023-12,
 Green feed,Khovd,2023-11,
 Green feed,Khovd,2023-10,
 Green feed,Khovd,2023-09,
 Green feed,Khovd,2023-08,
 Green feed,Khovd,2023-07,
 Green feed,Khovd,2023-06,
 Green feed,Khovd,2023-05,
 Green feed,Khovd,2023-04,
 Green feed,Khovd,2023-03,
 Green feed,Khovd,2023-02,
 Green feed,Khovd,2023-01,
 Green feed,Khovd,2022-12,
 Green feed,Khovd,2022-11,
 Green feed,Khovd,2022-10,
 Green feed,Khovd,2022-09,
 Green feed,Khovd,2022-08,
 Green feed,Khovd,2022-07,
 Green feed,Khovd,2022-06,
 Green feed,Khovd,2022-05,
 Green feed,Khovd,2022-04,
 Green feed,Khovd,2022-03,
 Green feed,Khovd,2022-02,500000.0
 Green feed,Khovd,2022-01,
 Green feed,Khovd,2021-12,
 Green feed,Khovd,2021-11,
 Green feed,Khovd,2021-10,
 Green feed,Khovd,2021-09,
 Green feed,Khovd,2021-08,
 Green feed,Khovd,2021-07,
 Green feed,Khovd,2021-06,
 Green feed,Khovd,2021-05,
 Green feed,Khovd,2021-04,
 Green feed,Khovd,2021-03,
 Green feed,Khovd,2021-02,
 Green feed,Khovd,2021-01,
 Green feed,Khovd,2020-12,
 Green feed,Khovd,2020-11,
 Green feed,Khovd,2020-10,
 Green feed,Khovd,2020-09,
 Green feed,Khovd,2020-08,
 Green feed,Khovd,2020-07,
 Green feed,Khovd,2020-06,
 Green feed,Khovd,2020-05,
 Green feed,Khovd,2020-04,
 Green feed,Khovd,2020-03,
 Green feed,Khovd,2020-02,
 Green feed,Khovd,2020-01,
 Green feed,Khovd,2019-12,
 Green feed,Khovd,2019-11,
 Green feed,Khovd,2019-10,
 Green feed,Khovd,2019-09,
 Green feed,Khovd,2019-08,
 Green feed,Khovd,2019-07,
 Green feed,Khovd,2019-06,
 Green feed,Khovd,2019-05,
 Green feed,Khovd,2019-04,
 Green feed,Khovd,2019-03,
 Green feed,Khovd,2019-02,
 Green feed,Khovd,2019-01,
 Green feed,Khovd,2018-12,
 Green feed,Khangai region,2025-12,
 Green feed,Khangai region,2025-11,
 Green feed,Khangai region,2025-10,
 Green feed,Khangai region,2025-09,
 Green feed,Khangai region,2025-08,
 Green feed,Khangai region,2025-07,
 Green feed,Khangai region,2025-06,
 Green feed,Khangai region,2025-05,
 Green feed,Khangai region,2025-04,
 Green feed,Khangai region,2025-03,
 Green feed,Khangai region,2025-02,
 Green feed,Khangai region,2025-01,
 Green feed,Khangai region,2024-12,
 Green feed,Khangai region,2024-11,
 Green feed,Khangai region,2024-10,
 Green feed,Khangai region,2024-09,
 Green feed,Khangai region,2024-08,
 Green feed,Khangai region,2024-07,
 Green feed,Khangai region,2024-06,
 Green feed,Khangai region,2024-05,
 Green feed,Khangai region,2024-04,
 Green feed,Khangai region,2024-03,
 Green feed,Khangai region,2024-02,
 Green feed,Khangai region,2024-01,
 Green feed,Khangai region,2023-12,
 Green feed,Khangai region,2023-11,
 Green feed,Khangai region,2023-10,
 Green feed,Khangai region,2023-09,
 Green feed,Khangai region,2023-08,
 Green feed,Khangai region,2023-07,
 Green feed,Khangai region,2023-06,
 Green feed,Khangai region,2023-05,
 Green feed,Khangai region,2023-04,
 Green feed,Khangai region,2023-03,
 Green feed,Khangai region,2023-02,
 Green feed,Khangai region,2023-01,
 Green feed,Khangai region,2022-12,
 Green feed,Khangai region,2022-11,
 Green feed,Khangai region,2022-10,
 Green feed,Khangai region,2022-09,
 Green feed,Khangai region,2022-08,
 Green feed,Khangai region,2022-07,
 Green feed,Khangai region,2022-06,
 Green feed,Khangai region,2022-05,
 Green feed,Khangai region,2022-04,
 Green feed,Khangai region,2022-03,
 Green feed,Khangai region,2022-02,
 Green feed,Khangai region,2022-01,
 Green feed,Khangai region,2021-12,
 Green feed,Khangai region,2021-11,
 Green feed,Khangai region,2021-10,
 Green feed,Khangai region,2021-09,
 Green feed,Khangai region,2021-08,
 Green feed,Khangai region,2021-07,
 Green feed,Khangai region,2021-06,
 Green feed,Khangai region,2021-05,
 Green feed,Khangai region,2021-04,
 Green feed,Khangai region,2021-03,
 Green feed,Khangai region,2021-02,
 Green feed,Khangai region,2021-01,
 Green feed,Khangai region,2020-12,
 Green feed,Khangai region,2020-11,
 Green feed,Khangai region,2020-10,
 Green feed,Khangai region,2020-09,
 Green feed,Khangai region,2020-08,
 Green feed,Khangai region,2020-07,
 Green feed,Khangai region,2020-06,
 Green feed,Khangai region,2020-05,
 Green feed,Khangai region,2020-04,
 Green feed,Khangai region,2020-03,
 Green feed,Khangai region,2020-02,
 Green feed,Khangai region,2020-01,
 Green feed,Khangai region,2019-12,
 Green feed,Khangai region,2019-11,
 Green feed,Khangai region,2019-10,
 Green feed,Khangai region,2019-09,
 Green feed,Khangai region,2019-08,
 Green feed,Khangai region,2019-07,
 Green feed,Khangai region,2019-06,
 Green feed,Khangai region,2019-05,
 Green feed,Khangai region,2019-04,
 Green feed,Khangai region,2019-03,
 Green feed,Khangai region,2019-02,
 Green feed,Khangai region,2019-01,
 Green feed,Khangai region,2018-12,
 Green feed,Arkhangai,2025-12,
 Green feed,Arkhangai,2025-11,
 Green feed,Arkhangai,2025-10,
 Green feed,Arkhangai,2025-09,
 Green feed,Arkhangai,2025-08,
 Green feed,Arkhangai,2025-07,
 Green feed,Arkhangai,2025-06,
 Green feed,Arkhangai,2025-05,
 Green feed,Arkhangai,2025-04,
 Green feed,Arkhangai,2025-03,
 Green feed,Arkhangai,2025-02,
 Green feed,Arkhangai,2025-01,
 Green feed,Arkhangai,2024-12,600000.0
 Green feed,Arkhangai,2024-11,600000.0
 Green feed,Arkhangai,2024-10,600000.0
 Green feed,Arkhangai,2024-09,306000.0
 Green feed,Arkhangai,2024-08,
 Green feed,Arkhangai,2024-07,
 Green feed,Arkhangai,2024-06,
 Green feed,Arkhangai,2024-05,
 Green feed,Arkhangai,2024-04,
 Green feed,Arkhangai,2024-03,
 Green feed,Arkhangai,2024-02,
 Green feed,Arkhangai,2024-01,
 Green feed,Arkhangai,2023-12,
 Green feed,Arkhangai,2023-11,
 Green feed,Arkhangai,2023-10,
 Green feed,Arkhangai,2023-09,
 Green feed,Arkhangai,2023-08,
 Green feed,Arkhangai,2023-07,
 Green feed,Arkhangai,2023-06,
 Green feed,Arkhangai,2023-05,
 Green feed,Arkhangai,2023-04,
 Green feed,Arkhangai,2023-03,
 Green feed,Arkhangai,2023-02,
 Green feed,Arkhangai,2023-01,
 Green feed,Arkhangai,2022-12,
 Green feed,Arkhangai,2022-11,
 Green feed,Arkhangai,2022-10,
 Green feed,Arkhangai,2022-09,
 Green feed,Arkhangai,2022-08,
 Green feed,Arkhangai,2022-07,200000.0
 Green feed,Arkhangai,2022-06,
 Green feed,Arkhangai,2022-05,160000.0
 Green feed,Arkhangai,2022-04,160000.0
 Green feed,Arkhangai,2022-03,200000.0
 Green feed,Arkhangai,2022-02,325000.0
 Green feed,Arkhangai,2022-01,
 Green feed,Arkhangai,2021-12,320000.0
 Green feed,Arkhangai,2021-11,700000.0
 Green feed,Arkhangai,2021-10,480000.0
 Green feed,Arkhangai,2021-09,
 Green feed,Arkhangai,2021-08,
 Green feed,Arkhangai,2021-07,
 Green feed,Arkhangai,2021-06,
 Green feed,Arkhangai,2021-05,
 Green feed,Arkhangai,2021-04,
 Green feed,Arkhangai,2021-03,
 Green feed,Arkhangai,2021-02,
 Green feed,Arkhangai,2021-01,
 Green feed,Arkhangai,2020-12,400000.0
 Green feed,Arkhangai,2020-11,475000.0
 Green feed,Arkhangai,2020-10,433333.0
 Green feed,Arkhangai,2020-09,440000.0
 Green feed,Arkhangai,2020-08,
 Green feed,Arkhangai,2020-07,
 Green feed,Arkhangai,2020-06,
 Green feed,Arkhangai,2020-05,
 Green feed,Arkhangai,2020-04,
 Green feed,Arkhangai,2020-03,150000.0
 Green feed,Arkhangai,2020-02,100000.0
 Green feed,Arkhangai,2020-01,
 Green feed,Arkhangai,2019-12,200000.0
 Green feed,Arkhangai,2019-11,200000.0
 Green feed,Arkhangai,2019-10,200000.0
 Green feed,Arkhangai,2019-09,200000.0
 Green feed,Arkhangai,2019-08,
 Green feed,Arkhangai,2019-07,
 Green feed,Arkhangai,2019-06,
 Green feed,Arkhangai,2019-05,
 Green feed,Arkhangai,2019-04,
 Green feed,Arkhangai,2019-03,200000.0
 Green feed,Arkhangai,2019-02,280000.0
 Green feed,Arkhangai,2019-01,310000.0
 Green feed,Arkhangai,2018-12,310000.0
 Green feed,Bayankhongor,2025-12,
 Green feed,Bayankhongor,2025-11,
 Green feed,Bayankhongor,2025-10,
 Green feed,Bayankhongor,2025-09,
 Green feed,Bayankhongor,2025-08,
 Green feed,Bayankhongor,2025-07,
 Green feed,Bayankhongor,2025-06,
 Green feed,Bayankhongor,2025-05,
 Green feed,Bayankhongor,2025-04,
 Green feed,Bayankhongor,2025-03,
 Green feed,Bayankhongor,2025-02,
 Green feed,Bayankhongor,2025-01,
 Green feed,Bayankhongor,2024-12,
 Green feed,Bayankhongor,2024-11,
 Green feed,Bayankhongor,2024-10,600000.0
 Green feed,Bayankhongor,2024-09,
 Green feed,Bayankhongor,2024-08,
 Green feed,Bayankhongor,2024-07,
 Green feed,Bayankhongor,2024-06,
 Green feed,Bayankhongor,2024-05,
 Green feed,Bayankhongor,2024-04,
 Green feed,Bayankhongor,2024-03,
 Green feed,Bayankhongor,2024-02,
 Green feed,Bayankhongor,2024-01,
 Green feed,Bayankhongor,2023-12,
 Green feed,Bayankhongor,2023-11,
 Green feed,Bayankhongor,2023-10,450000.0
 Green feed,Bayankhongor,2023-09,
 Green feed,Bayankhongor,2023-08,
 Green feed,Bayankhongor,2023-07,
 Green feed,Bayankhongor,2023-06,
 Green feed,Bayankhongor,2023-05,
 Green feed,Bayankhongor,2023-04,
 Green feed,Bayankhongor,2023-03,
 Green feed,Bayankhongor,2023-02,
 Green feed,Bayankhongor,2023-01,
 Green feed,Bayankhongor,2022-12,
 Green feed,Bayankhongor,2022-11,
 Green feed,Bayankhongor,2022-10,
 Green feed,Bayankhongor,2022-09,
 Green feed,Bayankhongor,2022-08,
 Green feed,Bayankhongor,2022-07,
 Green feed,Bayankhongor,2022-06,
 Green feed,Bayankhongor,2022-05,
 Green feed,Bayankhongor,2022-04,
 Green feed,Bayankhongor,2022-03,
 Green feed,Bayankhongor,2022-02,400000.0
 Green feed,Bayankhongor,2022-01,
 Green feed,Bayankhongor,2021-12,
 Green feed,Bayankhongor,2021-11,
 Green feed,Bayankhongor,2021-10,150000.0
 Green feed,Bayankhongor,2021-09,
 Green feed,Bayankhongor,2021-08,
 Green feed,Bayankhongor,2021-07,
 Green feed,Bayankhongor,2021-06,
 Green feed,Bayankhongor,2021-05,
 Green feed,Bayankhongor,2021-04,
 Green feed,Bayankhongor,2021-03,
 Green feed,Bayankhongor,2021-02,209000.0
 Green feed,Bayankhongor,2021-01,
 Green feed,Bayankhongor,2020-12,685000.0
 Green feed,Bayankhongor,2020-11,
 Green feed,Bayankhongor,2020-10,
 Green feed,Bayankhongor,2020-09,
 Green feed,Bayankhongor,2020-08,
 Green feed,Bayankhongor,2020-07,
 Green feed,Bayankhongor,2020-06,
 Green feed,Bayankhongor,2020-05,
 Green feed,Bayankhongor,2020-04,
 Green feed,Bayankhongor,2020-03,
 Green feed,Bayankhongor,2020-02,
 Green feed,Bayankhongor,2020-01,
 Green feed,Bayankhongor,2019-12,
 Green feed,Bayankhongor,2019-11,
 Green feed,Bayankhongor,2019-10,
 Green feed,Bayankhongor,2019-09,
 Green feed,Bayankhongor,2019-08,
 Green feed,Bayankhongor,2019-07,
 Green feed,Bayankhongor,2019-06,
 Green feed,Bayankhongor,2019-05,
 Green feed,Bayankhongor,2019-04,
 Green feed,Bayankhongor,2019-03,
 Green feed,Bayankhongor,2019-02,
 Green feed,Bayankhongor,2019-01,
 Green feed,Bayankhongor,2018-12,
 Green feed,Bulgan,2025-12,616000.0
 Green feed,Bulgan,2025-11,555000.0
 Green feed,Bulgan,2025-10,
 Green feed,Bulgan,2025-09,351667.0
 Green feed,Bulgan,2025-08,
 Green feed,Bulgan,2025-07,
 Green feed,Bulgan,2025-06,
 Green feed,Bulgan,2025-05,
 Green feed,Bulgan,2025-04,625000.0
 Green feed,Bulgan,2025-03,225000.0
 Green feed,Bulgan,2025-02,420000.0
 Green feed,Bulgan,2025-01,560000.0
 Green feed,Bulgan,2024-12,510000.0
 Green feed,Bulgan,2024-11,480000.0
 Green feed,Bulgan,2024-10,
 Green feed,Bulgan,2024-09,374250.0
 Green feed,Bulgan,2024-08,
 Green feed,Bulgan,2024-07,
 Green feed,Bulgan,2024-06,
 Green feed,Bulgan,2024-05,
 Green feed,Bulgan,2024-04,762500.0
 Green feed,Bulgan,2024-03,800000.0
 Green feed,Bulgan,2024-02,772500.0
 Green feed,Bulgan,2024-01,678889.0
 Green feed,Bulgan,2023-12,416667.0
 Green feed,Bulgan,2023-11,416667.0
 Green feed,Bulgan,2023-10,479286.0
 Green feed,Bulgan,2023-09,440000.0
 Green feed,Bulgan,2023-08,
 Green feed,Bulgan,2023-07,
 Green feed,Bulgan,2023-06,
 Green feed,Bulgan,2023-05,640000.0
 Green feed,Bulgan,2023-04,840000.0
 Green feed,Bulgan,2023-03,680000.0
 Green feed,Bulgan,2023-02,496000.0
 Green feed,Bulgan,2023-01,392000.0
 Green feed,Bulgan,2022-12,432000.0
 Green feed,Bulgan,2022-11,177500.0
 Green feed,Bulgan,2022-10,250000.0
 Green feed,Bulgan,2022-09,220000.0
 Green feed,Bulgan,2022-08,207500.0
 Green feed,Bulgan,2022-07,240000.0
 Green feed,Bulgan,2022-06,207500.0
 Green feed,Bulgan,2022-05,257500.0
 Green feed,Bulgan,2022-04,246667.0
 Green feed,Bulgan,2022-03,242857.0
 Green feed,Bulgan,2022-02,253571.0
 Green feed,Bulgan,2022-01,281000.0
 Green feed,Bulgan,2021-12,284167.0
 Green feed,Bulgan,2021-11,253000.0
 Green feed,Bulgan,2021-10,252917.0
 Green feed,Bulgan,2021-09,211875.0
 Green feed,Bulgan,2021-08,150000.0
 Green feed,Bulgan,2021-07,180000.0
 Green feed,Bulgan,2021-06,180000.0
 Green feed,Bulgan,2021-05,180000.0
 Green feed,Bulgan,2021-04,276667.0
 Green feed,Bulgan,2021-03,300000.0
 Green feed,Bulgan,2021-02,385333.0
 Green feed,Bulgan,2021-01,375000.0
 Green feed,Bulgan,2020-12,365000.0
 Green feed,Bulgan,2020-11,250000.0
 Green feed,Bulgan,2020-10,410000.0
 Green feed,Bulgan,2020-09,540000.0
 Green feed,Bulgan,2020-08,
 Green feed,Bulgan,2020-07,
 Green feed,Bulgan,2020-06,800000.0
 Green feed,Bulgan,2020-05,800000.0
 Green feed,Bulgan,2020-04,
 Green feed,Bulgan,2020-03,340000.0
 Green feed,Bulgan,2020-02,380000.0
 Green feed,Bulgan,2020-01,350000.0
 Green feed,Bulgan,2019-12,220000.0
 Green feed,Bulgan,2019-11,200000.0
 Green feed,Bulgan,2019-10,
 Green feed,Bulgan,2019-09,
 Green feed,Bulgan,2019-08,200000.0
 Green feed,Bulgan,2019-07,
 Green feed,Bulgan,2019-06,
 Green feed,Bulgan,2019-05,
 Green feed,Bulgan,2019-04,162500.0
 Green feed,Bulgan,2019-03,175000.0
 Green feed,Bulgan,2019-02,150000.0
 Green feed,Bulgan,2019-01,225000.0
 Green feed,Bulgan,2018-12,
 Green feed,Uvurkhangai,2025-12,
 Green feed,Uvurkhangai,2025-11,
 Green feed,Uvurkhangai,2025-10,
 Green feed,Uvurkhangai,2025-09,600000.0
 Green feed,Uvurkhangai,2025-08,600000.0
 Green feed,Uvurkhangai,2025-07,
 Green feed,Uvurkhangai,2025-06,
 Green feed,Uvurkhangai,2025-05,
 Green feed,Uvurkhangai,2025-04,632500.0
 Green feed,Uvurkhangai,2025-03,
 Green feed,Uvurkhangai,2025-02,
 Green feed,Uvurkhangai,2025-01,
 Green feed,Uvurkhangai,2024-12,
 Green feed,Uvurkhangai,2024-11,
 Green feed,Uvurkhangai,2024-10,
 Green feed,Uvurkhangai,2024-09,
 Green feed,Uvurkhangai,2024-08,
 Green feed,Uvurkhangai,2024-07,
 Green feed,Uvurkhangai,2024-06,
 Green feed,Uvurkhangai,2024-05,
 Green feed,Uvurkhangai,2024-04,
 Green feed,Uvurkhangai,2024-03,
 Green feed,Uvurkhangai,2024-02,
 Green feed,Uvurkhangai,2024-01,
 Green feed,Uvurkhangai,2023-12,
 Green feed,Uvurkhangai,2023-11,
 Green feed,Uvurkhangai,2023-10,
 Green feed,Uvurkhangai,2023-09,
 Green feed,Uvurkhangai,2023-08,
 Green feed,Uvurkhangai,2023-07,
 Green feed,Uvurkhangai,2023-06,
 Green feed,Uvurkhangai,2023-05,
 Green feed,Uvurkhangai,2023-04,
 Green feed,Uvurkhangai,2023-03,
 Green feed,Uvurkhangai,2023-02,
 Green feed,Uvurkhangai,2023-01,
 Green feed,Uvurkhangai,2022-12,
 Green feed,Uvurkhangai,2022-11,
 Green feed,Uvurkhangai,2022-10,
 Green feed,Uvurkhangai,2022-09,
 Green feed,Uvurkhangai,2022-08,
 Green feed,Uvurkhangai,2022-07,
 Green feed,Uvurkhangai,2022-06,600000.0
 Green feed,Uvurkhangai,2022-05,
 Green feed,Uvurkhangai,2022-04,600000.0
 Green feed,Uvurkhangai,2022-03,650000.0
 Green feed,Uvurkhangai,2022-02,660000.0
 Green feed,Uvurkhangai,2022-01,660000.0
 Green feed,Uvurkhangai,2021-12,650000.0
 Green feed,Uvurkhangai,2021-11,650000.0
 Green feed,Uvurkhangai,2021-10,650000.0
 Green feed,Uvurkhangai,2021-09,650000.0
 Green feed,Uvurkhangai,2021-08,650000.0
 Green feed,Uvurkhangai,2021-07,650000.0
 Green feed,Uvurkhangai,2021-06,650000.0
 Green feed,Uvurkhangai,2021-05,650000.0
 Green feed,Uvurkhangai,2021-04,650000.0
 Green feed,Uvurkhangai,2021-03,650000.0
 Green feed,Uvurkhangai,2021-02,
 Green feed,Uvurkhangai,2021-01,650000.0
 Green feed,Uvurkhangai,2020-12,650000.0
 Green feed,Uvurkhangai,2020-11,650000.0
 Green feed,Uvurkhangai,2020-10,400000.0
 Green feed,Uvurkhangai,2020-09,400000.0
 Green feed,Uvurkhangai,2020-08,400000.0
 Green feed,Uvurkhangai,2020-07,400000.0
 Green feed,Uvurkhangai,2020-06,400000.0
 Green feed,Uvurkhangai,2020-05,400000.0
 Green feed,Uvurkhangai,2020-04,400000.0
 Green feed,Uvurkhangai,2020-03,400000.0
 Green feed,Uvurkhangai,2020-02,500000.0
 Green feed,Uvurkhangai,2020-01,400000.0
 Green feed,Uvurkhangai,2019-12,
 Green feed,Uvurkhangai,2019-11,
 Green feed,Uvurkhangai,2019-10,
 Green feed,Uvurkhangai,2019-09,
 Green feed,Uvurkhangai,2019-08,
 Green feed,Uvurkhangai,2019-07,
 Green feed,Uvurkhangai,2019-06,
 Green feed,Uvurkhangai,2019-05,
 Green feed,Uvurkhangai,2019-04,
 Green feed,Uvurkhangai,2019-03,
 Green feed,Uvurkhangai,2019-02,
 Green feed,Uvurkhangai,2019-01,
 Green feed,Uvurkhangai,2018-12,
 Green feed,Khuvsgul,2025-12,733000.0
 Green feed,Khuvsgul,2025-11,683333.0
 Green feed,Khuvsgul,2025-10,
 Green feed,Khuvsgul,2025-09,
 Green feed,Khuvsgul,2025-08,
 Green feed,Khuvsgul,2025-07,
 Green feed,Khuvsgul,2025-06,
 Green feed,Khuvsgul,2025-05,
 Green feed,Khuvsgul,2025-04,
 Green feed,Khuvsgul,2025-03,450000.0
 Green feed,Khuvsgul,2025-02,500000.0
 Green feed,Khuvsgul,2025-01,550000.0
 Green feed,Khuvsgul,2024-12,600000.0
 Green feed,Khuvsgul,2024-11,500000.0
 Green feed,Khuvsgul,2024-10,425000.0
 Green feed,Khuvsgul,2024-09,450000.0
 Green feed,Khuvsgul,2024-08,
 Green feed,Khuvsgul,2024-07,
 Green feed,Khuvsgul,2024-06,
 Green feed,Khuvsgul,2024-05,
 Green feed,Khuvsgul,2024-04,650000.0
 Green feed,Khuvsgul,2024-03,700000.0
 Green feed,Khuvsgul,2024-02,700000.0
 Green feed,Khuvsgul,2024-01,525000.0
 Green feed,Khuvsgul,2023-12,530000.0
 Green feed,Khuvsgul,2023-11,520000.0
 Green feed,Khuvsgul,2023-10,480000.0
 Green feed,Khuvsgul,2023-09,400000.0
 Green feed,Khuvsgul,2023-08,
 Green feed,Khuvsgul,2023-07,
 Green feed,Khuvsgul,2023-06,
 Green feed,Khuvsgul,2023-05,460000.0
 Green feed,Khuvsgul,2023-04,460000.0
 Green feed,Khuvsgul,2023-03,750000.0
 Green feed,Khuvsgul,2023-02,660000.0
 Green feed,Khuvsgul,2023-01,600000.0
 Green feed,Khuvsgul,2022-12,475000.0
 Green feed,Khuvsgul,2022-11,430000.0
 Green feed,Khuvsgul,2022-10,455000.0
 Green feed,Khuvsgul,2022-09,496000.0
 Green feed,Khuvsgul,2022-08,
 Green feed,Khuvsgul,2022-07,
 Green feed,Khuvsgul,2022-06,
 Green feed,Khuvsgul,2022-05,180000.0
 Green feed,Khuvsgul,2022-04,250000.0
 Green feed,Khuvsgul,2022-03,236400.0
 Green feed,Khuvsgul,2022-02,243333.0
 Green feed,Khuvsgul,2022-01,290000.0
 Green feed,Khuvsgul,2021-12,400000.0
 Green feed,Khuvsgul,2021-11,375000.0
 Green feed,Khuvsgul,2021-10,381667.0
 Green feed,Khuvsgul,2021-09,415000.0
 Green feed,Khuvsgul,2021-08,
 Green feed,Khuvsgul,2021-07,
 Green feed,Khuvsgul,2021-06,
 Green feed,Khuvsgul,2021-05,
 Green feed,Khuvsgul,2021-04,
 Green feed,Khuvsgul,2021-03,546250.0
 Green feed,Khuvsgul,2021-02,640000.0
 Green feed,Khuvsgul,2021-01,691667.0
 Green feed,Khuvsgul,2020-12,550000.0
 Green feed,Khuvsgul,2020-11,350000.0
 Green feed,Khuvsgul,2020-10,300000.0
 Green feed,Khuvsgul,2020-09,320000.0
 Green feed,Khuvsgul,2020-08,
 Green feed,Khuvsgul,2020-07,
 Green feed,Khuvsgul,2020-06,
 Green feed,Khuvsgul,2020-05,
 Green feed,Khuvsgul,2020-04,
 Green feed,Khuvsgul,2020-03,250000.0
 Green feed,Khuvsgul,2020-02,
 Green feed,Khuvsgul,2020-01,
 Green feed,Khuvsgul,2019-12,520000.0
 Green feed,Khuvsgul,2019-11,
 Green feed,Khuvsgul,2019-10,
 Green feed,Khuvsgul,2019-09,
 Green feed,Khuvsgul,2019-08,
 Green feed,Khuvsgul,2019-07,
 Green feed,Khuvsgul,2019-06,
 Green feed,Khuvsgul,2019-05,
 Green feed,Khuvsgul,2019-04,200000.0
 Green feed,Khuvsgul,2019-03,200000.0
 Green feed,Khuvsgul,2019-02,240000.0
 Green feed,Khuvsgul,2019-01,
 Green feed,Khuvsgul,2018-12,220000.0
 Green feed,Orkhon,2025-12,
 Green feed,Orkhon,2025-11,
 Green feed,Orkhon,2025-10,
 Green feed,Orkhon,2025-09,600000.0
 Green feed,Orkhon,2025-08,
 Green feed,Orkhon,2025-07,
 Green feed,Orkhon,2025-06,
 Green feed,Orkhon,2025-05,
 Green feed,Orkhon,2025-04,650000.0
 Green feed,Orkhon,2025-03,
 Green feed,Orkhon,2025-02,
 Green feed,Orkhon,2025-01,
 Green feed,Orkhon,2024-12,
 Green feed,Orkhon,2024-11,
 Green feed,Orkhon,2024-10,
 Green feed,Orkhon,2024-09,
 Green feed,Orkhon,2024-08,
 Green feed,Orkhon,2024-07,
 Green feed,Orkhon,2024-06,
 Green feed,Orkhon,2024-05,
 Green feed,Orkhon,2024-04,
 Green feed,Orkhon,2024-03,
 Green feed,Orkhon,2024-02,560000.0
 Green feed,Orkhon,2024-01,
 Green feed,Orkhon,2023-12,560000.0
 Green feed,Orkhon,2023-11,
 Green feed,Orkhon,2023-10,450000.0
 Green feed,Orkhon,2023-09,
 Green feed,Orkhon,2023-08,
 Green feed,Orkhon,2023-07,
 Green feed,Orkhon,2023-06,
 Green feed,Orkhon,2023-05,
 Green feed,Orkhon,2023-04,
 Green feed,Orkhon,2023-03,450000.0
 Green feed,Orkhon,2023-02,450000.0
 Green feed,Orkhon,2023-01,
 Green feed,Orkhon,2022-12,400000.0
 Green feed,Orkhon,2022-11,450000.0
 Green feed,Orkhon,2022-10,400000.0
 Green feed,Orkhon,2022-09,
 Green feed,Orkhon,2022-08,
 Green feed,Orkhon,2022-07,
 Green feed,Orkhon,2022-06,
 Green feed,Orkhon,2022-05,
 Green feed,Orkhon,2022-04,
 Green feed,Orkhon,2022-03,
 Green feed,Orkhon,2022-02,600000.0
 Green feed,Orkhon,2022-01,400000.0
 Green feed,Orkhon,2021-12,250000.0
 Green feed,Orkhon,2021-11,
 Green feed,Orkhon,2021-10,
 Green feed,Orkhon,2021-09,
 Green feed,Orkhon,2021-08,
 Green feed,Orkhon,2021-07,
 Green feed,Orkhon,2021-06,
 Green feed,Orkhon,2021-05,150000.0
 Green feed,Orkhon,2021-04,152500.0
 Green feed,Orkhon,2021-03,99666.0
 Green feed,Orkhon,2021-02,147500.0
 Green feed,Orkhon,2021-01,440000.0
 Green feed,Orkhon,2020-12,230000.0
 Green feed,Orkhon,2020-11,230000.0
 Green feed,Orkhon,2020-10,230000.0
 Green feed,Orkhon,2020-09,
 Green feed,Orkhon,2020-08,
 Green feed,Orkhon,2020-07,
 Green feed,Orkhon,2020-06,
 Green feed,Orkhon,2020-05,
 Green feed,Orkhon,2020-04,500000.0
 Green feed,Orkhon,2020-03,600000.0
 Green feed,Orkhon,2020-02,500000.0
 Green feed,Orkhon,2020-01,325000.0
 Green feed,Orkhon,2019-12,
 Green feed,Orkhon,2019-11,440000.0
 Green feed,Orkhon,2019-10,440000.0
 Green feed,Orkhon,2019-09,
 Green feed,Orkhon,2019-08,
 Green feed,Orkhon,2019-07,
 Green feed,Orkhon,2019-06,
 Green feed,Orkhon,2019-05,
 Green feed,Orkhon,2019-04,80000.0
 Green feed,Orkhon,2019-03,80000.0
 Green feed,Orkhon,2019-02,
 Green feed,Orkhon,2019-01,
 Green feed,Orkhon,2018-12,
 Green feed,Central region,2025-12,
 Green feed,Central region,2025-11,
 Green feed,Central region,2025-10,
 Green feed,Central region,2025-09,
 Green feed,Central region,2025-08,
 Green feed,Central region,2025-07,
 Green feed,Central region,2025-06,
 Green feed,Central region,2025-05,
 Green feed,Central region,2025-04,
 Green feed,Central region,2025-03,
 Green feed,Central region,2025-02,
 Green feed,Central region,2025-01,
 Green feed,Central region,2024-12,
 Green feed,Central region,2024-11,
 Green feed,Central region,2024-10,
 Green feed,Central region,2024-09,
 Green feed,Central region,2024-08,
 Green feed,Central region,2024-07,
 Green feed,Central region,2024-06,
 Green feed,Central region,2024-05,
 Green feed,Central region,2024-04,
 Green feed,Central region,2024-03,
 Green feed,Central region,2024-02,
 Green feed,Central region,2024-01,
 Green feed,Central region,2023-12,
 Green feed,Central region,2023-11,
 Green feed,Central region,2023-10,
 Green feed,Central region,2023-09,
 Green feed,Central region,2023-08,
 Green feed,Central region,2023-07,
 Green feed,Central region,2023-06,
 Green feed,Central region,2023-05,
 Green feed,Central region,2023-04,
 Green feed,Central region,2023-03,
 Green feed,Central region,2023-02,
 Green feed,Central region,2023-01,
 Green feed,Central region,2022-12,
 Green feed,Central region,2022-11,
 Green feed,Central region,2022-10,
 Green feed,Central region,2022-09,
 Green feed,Central region,2022-08,
 Green feed,Central region,2022-07,
 Green feed,Central region,2022-06,
 Green feed,Central region,2022-05,
 Green feed,Central region,2022-04,
 Green feed,Central region,2022-03,
 Green feed,Central region,2022-02,
 Green feed,Central region,2022-01,
 Green feed,Central region,2021-12,
 Green feed,Central region,2021-11,
 Green feed,Central region,2021-10,
 Green feed,Central region,2021-09,
 Green feed,Central region,2021-08,
 Green feed,Central region,2021-07,
 Green feed,Central region,2021-06,
 Green feed,Central region,2021-05,
 Green feed,Central region,2021-04,
 Green feed,Central region,2021-03,
 Green feed,Central region,2021-02,
 Green feed,Central region,2021-01,
 Green feed,Central region,2020-12,
 Green feed,Central region,2020-11,
 Green feed,Central region,2020-10,
 Green feed,Central region,2020-09,
 Green feed,Central region,2020-08,
 Green feed,Central region,2020-07,
 Green feed,Central region,2020-06,
 Green feed,Central region,2020-05,
 Green feed,Central region,2020-04,
 Green feed,Central region,2020-03,
 Green feed,Central region,2020-02,
 Green feed,Central region,2020-01,
 Green feed,Central region,2019-12,
 Green feed,Central region,2019-11,
 Green feed,Central region,2019-10,
 Green feed,Central region,2019-09,
 Green feed,Central region,2019-08,
 Green feed,Central region,2019-07,
 Green feed,Central region,2019-06,
 Green feed,Central region,2019-05,
 Green feed,Central region,2019-04,
 Green feed,Central region,2019-03,
 Green feed,Central region,2019-02,
 Green feed,Central region,2019-01,
 Green feed,Central region,2018-12,
 Green feed,Govisumber,2025-12,
 Green feed,Govisumber,2025-11,
 Green feed,Govisumber,2025-10,
 Green feed,Govisumber,2025-09,
 Green feed,Govisumber,2025-08,
 Green feed,Govisumber,2025-07,
 Green feed,Govisumber,2025-06,
 Green feed,Govisumber,2025-05,
 Green feed,Govisumber,2025-04,
 Green feed,Govisumber,2025-03,
 Green feed,Govisumber,2025-02,
 Green feed,Govisumber,2025-01,
 Green feed,Govisumber,2024-12,
 Green feed,Govisumber,2024-11,
 Green feed,Govisumber,2024-10,
 Green feed,Govisumber,2024-09,
 Green feed,Govisumber,2024-08,
 Green feed,Govisumber,2024-07,
 Green feed,Govisumber,2024-06,
 Green feed,Govisumber,2024-05,
 Green feed,Govisumber,2024-04,
 Green feed,Govisumber,2024-03,
 Green feed,Govisumber,2024-02,
 Green feed,Govisumber,2024-01,
 Green feed,Govisumber,2023-12,
 Green feed,Govisumber,2023-11,
 Green feed,Govisumber,2023-10,
 Green feed,Govisumber,2023-09,
 Green feed,Govisumber,2023-08,
 Green feed,Govisumber,2023-07,
 Green feed,Govisumber,2023-06,
 Green feed,Govisumber,2023-05,
 Green feed,Govisumber,2023-04,
 Green feed,Govisumber,2023-03,
 Green feed,Govisumber,2023-02,
 Green feed,Govisumber,2023-01,
 Green feed,Govisumber,2022-12,
 Green feed,Govisumber,2022-11,
 Green feed,Govisumber,2022-10,
 Green feed,Govisumber,2022-09,
 Green feed,Govisumber,2022-08,
 Green feed,Govisumber,2022-07,
 Green feed,Govisumber,2022-06,
 Green feed,Govisumber,2022-05,
 Green feed,Govisumber,2022-04,
 Green feed,Govisumber,2022-03,
 Green feed,Govisumber,2022-02,
 Green feed,Govisumber,2022-01,
 Green feed,Govisumber,2021-12,
 Green feed,Govisumber,2021-11,
 Green feed,Govisumber,2021-10,
 Green feed,Govisumber,2021-09,
 Green feed,Govisumber,2021-08,
 Green feed,Govisumber,2021-07,
 Green feed,Govisumber,2021-06,
 Green feed,Govisumber,2021-05,
 Green feed,Govisumber,2021-04,
 Green feed,Govisumber,2021-03,
 Green feed,Govisumber,2021-02,
 Green feed,Govisumber,2021-01,
 Green feed,Govisumber,2020-12,
 Green feed,Govisumber,2020-11,
 Green feed,Govisumber,2020-10,
 Green feed,Govisumber,2020-09,
 Green feed,Govisumber,2020-08,
 Green feed,Govisumber,2020-07,
 Green feed,Govisumber,2020-06,
 Green feed,Govisumber,2020-05,
 Green feed,Govisumber,2020-04,
 Green feed,Govisumber,2020-03,
 Green feed,Govisumber,2020-02,
 Green feed,Govisumber,2020-01,
 Green feed,Govisumber,2019-12,
 Green feed,Govisumber,2019-11,
 Green feed,Govisumber,2019-10,
 Green feed,Govisumber,2019-09,
 Green feed,Govisumber,2019-08,
 Green feed,Govisumber,2019-07,
 Green feed,Govisumber,2019-06,
 Green feed,Govisumber,2019-05,
 Green feed,Govisumber,2019-04,
 Green feed,Govisumber,2019-03,
 Green feed,Govisumber,2019-02,
 Green feed,Govisumber,2019-01,
 Green feed,Govisumber,2018-12,
 Green feed,Darkhan-Uul,2025-12,
 Green feed,Darkhan-Uul,2025-11,
 Green feed,Darkhan-Uul,2025-10,
 Green feed,Darkhan-Uul,2025-09,
 Green feed,Darkhan-Uul,2025-08,
 Green feed,Darkhan-Uul,2025-07,
 Green feed,Darkhan-Uul,2025-06,
 Green feed,Darkhan-Uul,2025-05,
 Green feed,Darkhan-Uul,2025-04,
 Green feed,Darkhan-Uul,2025-03,
 Green feed,Darkhan-Uul,2025-02,
 Green feed,Darkhan-Uul,2025-01,
 Green feed,Darkhan-Uul,2024-12,
 Green feed,Darkhan-Uul,2024-11,
 Green feed,Darkhan-Uul,2024-10,
 Green feed,Darkhan-Uul,2024-09,
 Green feed,Darkhan-Uul,2024-08,
 Green feed,Darkhan-Uul,2024-07,
 Green feed,Darkhan-Uul,2024-06,
 Green feed,Darkhan-Uul,2024-05,
 Green feed,Darkhan-Uul,2024-04,
 Green feed,Darkhan-Uul,2024-03,
 Green feed,Darkhan-Uul,2024-02,
 Green feed,Darkhan-Uul,2024-01,520000.0
 Green feed,Darkhan-Uul,2023-12,520000.0
 Green feed,Darkhan-Uul,2023-11,
 Green feed,Darkhan-Uul,2023-10,400000.0
 Green feed,Darkhan-Uul,2023-09,
 Green feed,Darkhan-Uul,2023-08,
 Green feed,Darkhan-Uul,2023-07,
 Green feed,Darkhan-Uul,2023-06,
 Green feed,Darkhan-Uul,2023-05,
 Green feed,Darkhan-Uul,2023-04,
 Green feed,Darkhan-Uul,2023-03,250000.0
 Green feed,Darkhan-Uul,2023-02,250000.0
 Green feed,Darkhan-Uul,2023-01,310000.0
 Green feed,Darkhan-Uul,2022-12,300000.0
 Green feed,Darkhan-Uul,2022-11,300000.0
 Green feed,Darkhan-Uul,2022-10,300000.0
 Green feed,Darkhan-Uul,2022-09,300000.0
 Green feed,Darkhan-Uul,2022-08,
 Green feed,Darkhan-Uul,2022-07,
 Green feed,Darkhan-Uul,2022-06,
 Green feed,Darkhan-Uul,2022-05,1000.0
 Green feed,Darkhan-Uul,2022-04,
 Green feed,Darkhan-Uul,2022-03,
 Green feed,Darkhan-Uul,2022-02,
 Green feed,Darkhan-Uul,2022-01,
 Green feed,Darkhan-Uul,2021-12,
 Green feed,Darkhan-Uul,2021-11,
 Green feed,Darkhan-Uul,2021-10,
 Green feed,Darkhan-Uul,2021-09,
 Green feed,Darkhan-Uul,2021-08,
 Green feed,Darkhan-Uul,2021-07,
 Green feed,Darkhan-Uul,2021-06,
 Green feed,Darkhan-Uul,2021-05,
 Green feed,Darkhan-Uul,2021-04,
 Green feed,Darkhan-Uul,2021-03,
 Green feed,Darkhan-Uul,2021-02,
 Green feed,Darkhan-Uul,2021-01,
 Green feed,Darkhan-Uul,2020-12,
 Green feed,Darkhan-Uul,2020-11,
 Green feed,Darkhan-Uul,2020-10,
 Green feed,Darkhan-Uul,2020-09,
 Green feed,Darkhan-Uul,2020-08,
 Green feed,Darkhan-Uul,2020-07,
 Green feed,Darkhan-Uul,2020-06,
 Green feed,Darkhan-Uul,2020-05,
 Green feed,Darkhan-Uul,2020-04,
 Green feed,Darkhan-Uul,2020-03,
 Green feed,Darkhan-Uul,2020-02,
 Green feed,Darkhan-Uul,2020-01,
 Green feed,Darkhan-Uul,2019-12,
 Green feed,Darkhan-Uul,2019-11,
 Green feed,Darkhan-Uul,2019-10,
 Green feed,Darkhan-Uul,2019-09,
 Green feed,Darkhan-Uul,2019-08,
 Green feed,Darkhan-Uul,2019-07,
 Green feed,Darkhan-Uul,2019-06,
 Green feed,Darkhan-Uul,2019-05,
 Green feed,Darkhan-Uul,2019-04,
 Green feed,Darkhan-Uul,2019-03,
 Green feed,Darkhan-Uul,2019-02,
 Green feed,Darkhan-Uul,2019-01,
 Green feed,Darkhan-Uul,2018-12,
 Green feed,Dornogovi,2025-12,
 Green feed,Dornogovi,2025-11,
 Green feed,Dornogovi,2025-10,
 Green feed,Dornogovi,2025-09,400000.0
 Green feed,Dornogovi,2025-08,
 Green feed,Dornogovi,2025-07,
 Green feed,Dornogovi,2025-06,
 Green feed,Dornogovi,2025-05,
 Green feed,Dornogovi,2025-04,600000.0
 Green feed,Dornogovi,2025-03,
 Green feed,Dornogovi,2025-02,
 Green feed,Dornogovi,2025-01,
 Green feed,Dornogovi,2024-12,
 Green feed,Dornogovi,2024-11,
 Green feed,Dornogovi,2024-10,
 Green feed,Dornogovi,2024-09,12000.0
 Green feed,Dornogovi,2024-08,
 Green feed,Dornogovi,2024-07,
 Green feed,Dornogovi,2024-06,
 Green feed,Dornogovi,2024-05,
 Green feed,Dornogovi,2024-04,
 Green feed,Dornogovi,2024-03,
 Green feed,Dornogovi,2024-02,
 Green feed,Dornogovi,2024-01,
 Green feed,Dornogovi,2023-12,
 Green feed,Dornogovi,2023-11,
 Green feed,Dornogovi,2023-10,429000.0
 Green feed,Dornogovi,2023-09,
 Green feed,Dornogovi,2023-08,
 Green feed,Dornogovi,2023-07,
 Green feed,Dornogovi,2023-06,
 Green feed,Dornogovi,2023-05,
 Green feed,Dornogovi,2023-04,
 Green feed,Dornogovi,2023-03,
 Green feed,Dornogovi,2023-02,
 Green feed,Dornogovi,2023-01,
 Green feed,Dornogovi,2022-12,
 Green feed,Dornogovi,2022-11,
 Green feed,Dornogovi,2022-10,
 Green feed,Dornogovi,2022-09,
 Green feed,Dornogovi,2022-08,
 Green feed,Dornogovi,2022-07,
 Green feed,Dornogovi,2022-06,
 Green feed,Dornogovi,2022-05,
 Green feed,Dornogovi,2022-04,
 Green feed,Dornogovi,2022-03,
 Green feed,Dornogovi,2022-02,
 Green feed,Dornogovi,2022-01,500000.0
 Green feed,Dornogovi,2021-12,500000.0
 Green feed,Dornogovi,2021-11,
 Green feed,Dornogovi,2021-10,
 Green feed,Dornogovi,2021-09,
 Green feed,Dornogovi,2021-08,
 Green feed,Dornogovi,2021-07,
 Green feed,Dornogovi,2021-06,
 Green feed,Dornogovi,2021-05,
 Green feed,Dornogovi,2021-04,
 Green feed,Dornogovi,2021-03,
 Green feed,Dornogovi,2021-02,
 Green feed,Dornogovi,2021-01,
 Green feed,Dornogovi,2020-12,585000.0
 Green feed,Dornogovi,2020-11,585000.0
 Green feed,Dornogovi,2020-10,
 Green feed,Dornogovi,2020-09,
 Green feed,Dornogovi,2020-08,
 Green feed,Dornogovi,2020-07,
 Green feed,Dornogovi,2020-06,
 Green feed,Dornogovi,2020-05,
 Green feed,Dornogovi,2020-04,360000.0
 Green feed,Dornogovi,2020-03,360000.0
 Green feed,Dornogovi,2020-02,360000.0
 Green feed,Dornogovi,2020-01,360000.0
 Green feed,Dornogovi,2019-12,
 Green feed,Dornogovi,2019-11,
 Green feed,Dornogovi,2019-10,
 Green feed,Dornogovi,2019-09,
 Green feed,Dornogovi,2019-08,
 Green feed,Dornogovi,2019-07,
 Green feed,Dornogovi,2019-06,
 Green feed,Dornogovi,2019-05,
 Green feed,Dornogovi,2019-04,
 Green feed,Dornogovi,2019-03,
 Green feed,Dornogovi,2019-02,
 Green feed,Dornogovi,2019-01,
 Green feed,Dornogovi,2018-12,260000.0
 Green feed,Dundgovi,2025-12,
 Green feed,Dundgovi,2025-11,
 Green feed,Dundgovi,2025-10,
 Green feed,Dundgovi,2025-09,320000.0
 Green feed,Dundgovi,2025-08,320000.0
 Green feed,Dundgovi,2025-07,620000.0
 Green feed,Dundgovi,2025-06,
 Green feed,Dundgovi,2025-05,
 Green feed,Dundgovi,2025-04,600000.0
 Green feed,Dundgovi,2025-03,
 Green feed,Dundgovi,2025-02,
 Green feed,Dundgovi,2025-01,
 Green feed,Dundgovi,2024-12,
 Green feed,Dundgovi,2024-11,
 Green feed,Dundgovi,2024-10,
 Green feed,Dundgovi,2024-09,
 Green feed,Dundgovi,2024-08,
 Green feed,Dundgovi,2024-07,
 Green feed,Dundgovi,2024-06,
 Green feed,Dundgovi,2024-05,
 Green feed,Dundgovi,2024-04,
 Green feed,Dundgovi,2024-03,
 Green feed,Dundgovi,2024-02,
 Green feed,Dundgovi,2024-01,
 Green feed,Dundgovi,2023-12,
 Green feed,Dundgovi,2023-11,
 Green feed,Dundgovi,2023-10,
 Green feed,Dundgovi,2023-09,
 Green feed,Dundgovi,2023-08,
 Green feed,Dundgovi,2023-07,
 Green feed,Dundgovi,2023-06,
 Green feed,Dundgovi,2023-05,
 Green feed,Dundgovi,2023-04,
 Green feed,Dundgovi,2023-03,
 Green feed,Dundgovi,2023-02,
 Green feed,Dundgovi,2023-01,
 Green feed,Dundgovi,2022-12,
 Green feed,Dundgovi,2022-11,
 Green feed,Dundgovi,2022-10,
 Green feed,Dundgovi,2022-09,
 Green feed,Dundgovi,2022-08,
 Green feed,Dundgovi,2022-07,
 Green feed,Dundgovi,2022-06,
 Green feed,Dundgovi,2022-05,
 Green feed,Dundgovi,2022-04,
 Green feed,Dundgovi,2022-03,
 Green feed,Dundgovi,2022-02,
 Green feed,Dundgovi,2022-01,
 Green feed,Dundgovi,2021-12,450000.0
 Green feed,Dundgovi,2021-11,
 Green feed,Dundgovi,2021-10,
 Green feed,Dundgovi,2021-09,
 Green feed,Dundgovi,2021-08,
 Green feed,Dundgovi,2021-07,
 Green feed,Dundgovi,2021-06,
 Green feed,Dundgovi,2021-05,
 Green feed,Dundgovi,2021-04,
 Green feed,Dundgovi,2021-03,
 Green feed,Dundgovi,2021-02,
 Green feed,Dundgovi,2021-01,
 Green feed,Dundgovi,2020-12,
 Green feed,Dundgovi,2020-11,
 Green feed,Dundgovi,2020-10,
 Green feed,Dundgovi,2020-09,
 Green feed,Dundgovi,2020-08,
 Green feed,Dundgovi,2020-07,
 Green feed,Dundgovi,2020-06,
 Green feed,Dundgovi,2020-05,
 Green feed,Dundgovi,2020-04,
 Green feed,Dundgovi,2020-03,
 Green feed,Dundgovi,2020-02,
 Green feed,Dundgovi,2020-01,
 Green feed,Dundgovi,2019-12,
 Green feed,Dundgovi,2019-11,
 Green feed,Dundgovi,2019-10,
 Green feed,Dundgovi,2019-09,
 Green feed,Dundgovi,2019-08,
 Green feed,Dundgovi,2019-07,
 Green feed,Dundgovi,2019-06,
 Green feed,Dundgovi,2019-05,
 Green feed,Dundgovi,2019-04,
 Green feed,Dundgovi,2019-03,
 Green feed,Dundgovi,2019-02,
 Green feed,Dundgovi,2019-01,
 Green feed,Dundgovi,2018-12,
 Green feed,Umnugovi,2025-12,750000.0
 Green feed,Umnugovi,2025-11,
 Green feed,Umnugovi,2025-10,
 Green feed,Umnugovi,2025-09,375833.0
 Green feed,Umnugovi,2025-08,400000.0
 Green feed,Umnugovi,2025-07,600000.0
 Green feed,Umnugovi,2025-06,635167.0
 Green feed,Umnugovi,2025-05,
 Green feed,Umnugovi,2025-04,564231.0
 Green feed,Umnugovi,2025-03,
 Green feed,Umnugovi,2025-02,
 Green feed,Umnugovi,2025-01,
 Green feed,Umnugovi,2024-12,
 Green feed,Umnugovi,2024-11,
 Green feed,Umnugovi,2024-10,
 Green feed,Umnugovi,2024-09,
 Green feed,Umnugovi,2024-08,
 Green feed,Umnugovi,2024-07,
 Green feed,Umnugovi,2024-06,
 Green feed,Umnugovi,2024-05,
 Green feed,Umnugovi,2024-04,
 Green feed,Umnugovi,2024-03,
 Green feed,Umnugovi,2024-02,
 Green feed,Umnugovi,2024-01,
 Green feed,Umnugovi,2023-12,
 Green feed,Umnugovi,2023-11,
 Green feed,Umnugovi,2023-10,
 Green feed,Umnugovi,2023-09,
 Green feed,Umnugovi,2023-08,
 Green feed,Umnugovi,2023-07,
 Green feed,Umnugovi,2023-06,
 Green feed,Umnugovi,2023-05,
 Green feed,Umnugovi,2023-04,
 Green feed,Umnugovi,2023-03,
 Green feed,Umnugovi,2023-02,720000.0
 Green feed,Umnugovi,2023-01,
 Green feed,Umnugovi,2022-12,
 Green feed,Umnugovi,2022-11,720000.0
 Green feed,Umnugovi,2022-10,
 Green feed,Umnugovi,2022-09,
 Green feed,Umnugovi,2022-08,
 Green feed,Umnugovi,2022-07,
 Green feed,Umnugovi,2022-06,
 Green feed,Umnugovi,2022-05,
 Green feed,Umnugovi,2022-04,
 Green feed,Umnugovi,2022-03,
 Green feed,Umnugovi,2022-02,
 Green feed,Umnugovi,2022-01,
 Green feed,Umnugovi,2021-12,
 Green feed,Umnugovi,2021-11,
 Green feed,Umnugovi,2021-10,
 Green feed,Umnugovi,2021-09,
 Green feed,Umnugovi,2021-08,
 Green feed,Umnugovi,2021-07,
 Green feed,Umnugovi,2021-06,
 Green feed,Umnugovi,2021-05,
 Green feed,Umnugovi,2021-04,
 Green feed,Umnugovi,2021-03,
 Green feed,Umnugovi,2021-02,
 Green feed,Umnugovi,2021-01,
 Green feed,Umnugovi,2020-12,
 Green feed,Umnugovi,2020-11,
 Green feed,Umnugovi,2020-10,
 Green feed,Umnugovi,2020-09,
 Green feed,Umnugovi,2020-08,
 Green feed,Umnugovi,2020-07,
 Green feed,Umnugovi,2020-06,
 Green feed,Umnugovi,2020-05,
 Green feed,Umnugovi,2020-04,
 Green feed,Umnugovi,2020-03,
 Green feed,Umnugovi,2020-02,
 Green feed,Umnugovi,2020-01,
 Green feed,Umnugovi,2019-12,
 Green feed,Umnugovi,2019-11,
 Green feed,Umnugovi,2019-10,
 Green feed,Umnugovi,2019-09,
 Green feed,Umnugovi,2019-08,
 Green feed,Umnugovi,2019-07,
 Green feed,Umnugovi,2019-06,
 Green feed,Umnugovi,2019-05,
 Green feed,Umnugovi,2019-04,
 Green feed,Umnugovi,2019-03,
 Green feed,Umnugovi,2019-02,
 Green feed,Umnugovi,2019-01,
 Green feed,Umnugovi,2018-12,
 Green feed,Selenge,2025-12,569000.0
 Green feed,Selenge,2025-11,320000.0
 Green feed,Selenge,2025-10,
 Green feed,Selenge,2025-09,
 Green feed,Selenge,2025-08,
 Green feed,Selenge,2025-07,
 Green feed,Selenge,2025-06,
 Green feed,Selenge,2025-05,320000.0
 Green feed,Selenge,2025-04,
 Green feed,Selenge,2025-03,320000.0
 Green feed,Selenge,2025-02,320000.0
 Green feed,Selenge,2025-01,320000.0
 Green feed,Selenge,2024-12,300000.0
 Green feed,Selenge,2024-11,321333.0
 Green feed,Selenge,2024-10,500000.0
 Green feed,Selenge,2024-09,500000.0
 Green feed,Selenge,2024-08,
 Green feed,Selenge,2024-07,
 Green feed,Selenge,2024-06,
 Green feed,Selenge,2024-05,
 Green feed,Selenge,2024-04,
 Green feed,Selenge,2024-03,
 Green feed,Selenge,2024-02,775000.0
 Green feed,Selenge,2024-01,500000.0
 Green feed,Selenge,2023-12,760000.0
 Green feed,Selenge,2023-11,575000.0
 Green feed,Selenge,2023-10,330000.0
 Green feed,Selenge,2023-09,
 Green feed,Selenge,2023-08,
 Green feed,Selenge,2023-07,
 Green feed,Selenge,2023-06,
 Green feed,Selenge,2023-05,
 Green feed,Selenge,2023-04,
 Green feed,Selenge,2023-03,
 Green feed,Selenge,2023-02,775000.0
 Green feed,Selenge,2023-01,800000.0
 Green feed,Selenge,2022-12,
 Green feed,Selenge,2022-11,500000.0
 Green feed,Selenge,2022-10,416667.0
 Green feed,Selenge,2022-09,300000.0
 Green feed,Selenge,2022-08,
 Green feed,Selenge,2022-07,
 Green feed,Selenge,2022-06,
 Green feed,Selenge,2022-05,
 Green feed,Selenge,2022-04,
 Green feed,Selenge,2022-03,500000.0
 Green feed,Selenge,2022-02,50000.0
 Green feed,Selenge,2022-01,150000.0
 Green feed,Selenge,2021-12,120000.0
 Green feed,Selenge,2021-11,120000.0
 Green feed,Selenge,2021-10,186667.0
 Green feed,Selenge,2021-09,200000.0
 Green feed,Selenge,2021-08,
 Green feed,Selenge,2021-07,
 Green feed,Selenge,2021-06,
 Green feed,Selenge,2021-05,
 Green feed,Selenge,2021-04,
 Green feed,Selenge,2021-03,
 Green feed,Selenge,2021-02,320000.0
 Green feed,Selenge,2021-01,
 Green feed,Selenge,2020-12,
 Green feed,Selenge,2020-11,
 Green feed,Selenge,2020-10,
 Green feed,Selenge,2020-09,
 Green feed,Selenge,2020-08,
 Green feed,Selenge,2020-07,
 Green feed,Selenge,2020-06,
 Green feed,Selenge,2020-05,
 Green feed,Selenge,2020-04,
 Green feed,Selenge,2020-03,
 Green feed,Selenge,2020-02,
 Green feed,Selenge,2020-01,
 Green feed,Selenge,2019-12,
 Green feed,Selenge,2019-11,
 Green feed,Selenge,2019-10,
 Green feed,Selenge,2019-09,
 Green feed,Selenge,2019-08,
 Green feed,Selenge,2019-07,
 Green feed,Selenge,2019-06,
 Green feed,Selenge,2019-05,
 Green feed,Selenge,2019-04,
 Green feed,Selenge,2019-03,
 Green feed,Selenge,2019-02,
 Green feed,Selenge,2019-01,
 Green feed,Selenge,2018-12,
 Green feed,Tuv,2025-12,
 Green feed,Tuv,2025-11,560769.0
 Green feed,Tuv,2025-10,
 Green feed,Tuv,2025-09,
 Green feed,Tuv,2025-08,
 Green feed,Tuv,2025-07,
 Green feed,Tuv,2025-06,
 Green feed,Tuv,2025-05,635167.0
 Green feed,Tuv,2025-04,
 Green feed,Tuv,2025-03,179333.0
 Green feed,Tuv,2025-02,258444.0
 Green feed,Tuv,2025-01,369500.0
 Green feed,Tuv,2024-12,383222.0
 Green feed,Tuv,2024-11,355692.0
 Green feed,Tuv,2024-10,376769.0
 Green feed,Tuv,2024-09,286875.0
 Green feed,Tuv,2024-08,
 Green feed,Tuv,2024-07,600000.0
 Green feed,Tuv,2024-06,
 Green feed,Tuv,2024-05,502500.0
 Green feed,Tuv,2024-04,508636.0
 Green feed,Tuv,2024-03,702856.0
 Green feed,Tuv,2024-02,705050.0
 Green feed,Tuv,2024-01,571479.0
 Green feed,Tuv,2023-12,594429.0
 Green feed,Tuv,2023-11,432583.0
 Green feed,Tuv,2023-10,410833.0
 Green feed,Tuv,2023-09,336000.0
 Green feed,Tuv,2023-08,
 Green feed,Tuv,2023-07,
 Green feed,Tuv,2023-06,525000.0
 Green feed,Tuv,2023-05,700000.0
 Green feed,Tuv,2023-04,735429.0
 Green feed,Tuv,2023-03,564286.0
 Green feed,Tuv,2023-02,611364.0
 Green feed,Tuv,2023-01,485200.0
 Green feed,Tuv,2022-12,450000.0
 Green feed,Tuv,2022-11,409000.0
 Green feed,Tuv,2022-10,327000.0
 Green feed,Tuv,2022-09,312778.0
 Green feed,Tuv,2022-08,200000.0
 Green feed,Tuv,2022-07,
 Green feed,Tuv,2022-06,
 Green feed,Tuv,2022-05,113600.0
 Green feed,Tuv,2022-04,107538.0
 Green feed,Tuv,2022-03,181636.0
 Green feed,Tuv,2022-02,236143.0
 Green feed,Tuv,2022-01,263667.0
 Green feed,Tuv,2021-12,243875.0
 Green feed,Tuv,2021-11,229500.0
 Green feed,Tuv,2021-10,221654.0
 Green feed,Tuv,2021-09,322500.0
 Green feed,Tuv,2021-08,260000.0
 Green feed,Tuv,2021-07,
 Green feed,Tuv,2021-06,1210000.0
 Green feed,Tuv,2021-05,287800.0
 Green feed,Tuv,2021-04,307250.0
 Green feed,Tuv,2021-03,314100.0
 Green feed,Tuv,2021-02,314091.0
 Green feed,Tuv,2021-01,372917.0
 Green feed,Tuv,2020-12,353500.0
 Green feed,Tuv,2020-11,334500.0
 Green feed,Tuv,2020-10,317333.0
 Green feed,Tuv,2020-09,316600.0
 Green feed,Tuv,2020-08,260000.0
 Green feed,Tuv,2020-07,
 Green feed,Tuv,2020-06,
 Green feed,Tuv,2020-05,275000.0
 Green feed,Tuv,2020-04,369600.0
 Green feed,Tuv,2020-03,351833.0
 Green feed,Tuv,2020-02,312037.0
 Green feed,Tuv,2020-01,352000.0
 Green feed,Tuv,2019-12,308773.0
 Green feed,Tuv,2019-11,293000.0
 Green feed,Tuv,2019-10,229000.0
 Green feed,Tuv,2019-09,236000.0
 Green feed,Tuv,2019-08,200000.0
 Green feed,Tuv,2019-07,200000.0
 Green feed,Tuv,2019-06,208500.0
 Green feed,Tuv,2019-05,208500.0
 Green feed,Tuv,2019-04,154000.0
 Green feed,Tuv,2019-03,173000.0
 Green feed,Tuv,2019-02,162000.0
 Green feed,Tuv,2019-01,234000.0
 Green feed,Tuv,2018-12,276500.0
 Green feed,Eastern region,2025-12,
 Green feed,Eastern region,2025-11,
 Green feed,Eastern region,2025-10,
 Green feed,Eastern region,2025-09,
 Green feed,Eastern region,2025-08,
 Green feed,Eastern region,2025-07,
 Green feed,Eastern region,2025-06,
 Green feed,Eastern region,2025-05,
 Green feed,Eastern region,2025-04,
 Green feed,Eastern region,2025-03,
 Green feed,Eastern region,2025-02,
 Green feed,Eastern region,2025-01,
 Green feed,Eastern region,2024-12,
 Green feed,Eastern region,2024-11,
 Green feed,Eastern region,2024-10,
 Green feed,Eastern region,2024-09,
 Green feed,Eastern region,2024-08,
 Green feed,Eastern region,2024-07,
 Green feed,Eastern region,2024-06,
 Green feed,Eastern region,2024-05,
 Green feed,Eastern region,2024-04,
 Green feed,Eastern region,2024-03,
 Green feed,Eastern region,2024-02,
 Green feed,Eastern region,2024-01,
 Green feed,Eastern region,2023-12,
 Green feed,Eastern region,2023-11,
 Green feed,Eastern region,2023-10,
 Green feed,Eastern region,2023-09,
 Green feed,Eastern region,2023-08,
 Green feed,Eastern region,2023-07,
 Green feed,Eastern region,2023-06,
 Green feed,Eastern region,2023-05,
 Green feed,Eastern region,2023-04,
 Green feed,Eastern region,2023-03,
 Green feed,Eastern region,2023-02,
 Green feed,Eastern region,2023-01,
 Green feed,Eastern region,2022-12,
 Green feed,Eastern region,2022-11,
 Green feed,Eastern region,2022-10,
 Green feed,Eastern region,2022-09,
 Green feed,Eastern region,2022-08,
 Green feed,Eastern region,2022-07,
 Green feed,Eastern region,2022-06,
 Green feed,Eastern region,2022-05,
 Green feed,Eastern region,2022-04,
 Green feed,Eastern region,2022-03,
 Green feed,Eastern region,2022-02,
 Green feed,Eastern region,2022-01,
 Green feed,Eastern region,2021-12,
 Green feed,Eastern region,2021-11,
 Green feed,Eastern region,2021-10,
 Green feed,Eastern region,2021-09,
 Green feed,Eastern region,2021-08,
 Green feed,Eastern region,2021-07,
 Green feed,Eastern region,2021-06,
 Green feed,Eastern region,2021-05,
 Green feed,Eastern region,2021-04,
 Green feed,Eastern region,2021-03,
 Green feed,Eastern region,2021-02,
 Green feed,Eastern region,2021-01,
 Green feed,Eastern region,2020-12,
 Green feed,Eastern region,2020-11,
 Green feed,Eastern region,2020-10,
 Green feed,Eastern region,2020-09,
 Green feed,Eastern region,2020-08,
 Green feed,Eastern region,2020-07,
 Green feed,Eastern region,2020-06,
 Green feed,Eastern region,2020-05,
 Green feed,Eastern region,2020-04,
 Green feed,Eastern region,2020-03,
 Green feed,Eastern region,2020-02,
 Green feed,Eastern region,2020-01,
 Green feed,Eastern region,2019-12,
 Green feed,Eastern region,2019-11,
 Green feed,Eastern region,2019-10,
 Green feed,Eastern region,2019-09,
 Green feed,Eastern region,2019-08,
 Green feed,Eastern region,2019-07,
 Green feed,Eastern region,2019-06,
 Green feed,Eastern region,2019-05,
 Green feed,Eastern region,2019-04,
 Green feed,Eastern region,2019-03,
 Green feed,Eastern region,2019-02,
 Green feed,Eastern region,2019-01,
 Green feed,Eastern region,2018-12,
 Green feed,Dornod,2025-12,
 Green feed,Dornod,2025-11,
 Green feed,Dornod,2025-10,
 Green feed,Dornod,2025-09,
 Green feed,Dornod,2025-08,
 Green feed,Dornod,2025-07,
 Green feed,Dornod,2025-06,
 Green feed,Dornod,2025-05,
 Green feed,Dornod,2025-04,
 Green feed,Dornod,2025-03,
 Green feed,Dornod,2025-02,
 Green feed,Dornod,2025-01,
 Green feed,Dornod,2024-12,
 Green feed,Dornod,2024-11,
 Green feed,Dornod,2024-10,
 Green feed,Dornod,2024-09,
 Green feed,Dornod,2024-08,
 Green feed,Dornod,2024-07,
 Green feed,Dornod,2024-06,
 Green feed,Dornod,2024-05,
 Green feed,Dornod,2024-04,
 Green feed,Dornod,2024-03,
 Green feed,Dornod,2024-02,
 Green feed,Dornod,2024-01,
 Green feed,Dornod,2023-12,
 Green feed,Dornod,2023-11,
 Green feed,Dornod,2023-10,
 Green feed,Dornod,2023-09,
 Green feed,Dornod,2023-08,
 Green feed,Dornod,2023-07,
 Green feed,Dornod,2023-06,
 Green feed,Dornod,2023-05,
 Green feed,Dornod,2023-04,
 Green feed,Dornod,2023-03,
 Green feed,Dornod,2023-02,
 Green feed,Dornod,2023-01,
 Green feed,Dornod,2022-12,
 Green feed,Dornod,2022-11,
 Green feed,Dornod,2022-10,
 Green feed,Dornod,2022-09,
 Green feed,Dornod,2022-08,
 Green feed,Dornod,2022-07,
 Green feed,Dornod,2022-06,
 Green feed,Dornod,2022-05,
 Green feed,Dornod,2022-04,
 Green feed,Dornod,2022-03,
 Green feed,Dornod,2022-02,
 Green feed,Dornod,2022-01,
 Green feed,Dornod,2021-12,
 Green feed,Dornod,2021-11,
 Green feed,Dornod,2021-10,
 Green feed,Dornod,2021-09,
 Green feed,Dornod,2021-08,
 Green feed,Dornod,2021-07,
 Green feed,Dornod,2021-06,
 Green feed,Dornod,2021-05,
 Green feed,Dornod,2021-04,
 Green feed,Dornod,2021-03,120000.0
 Green feed,Dornod,2021-02,120000.0
 Green feed,Dornod,2021-01,375000.0
 Green feed,Dornod,2020-12,
 Green feed,Dornod,2020-11,14000.0
 Green feed,Dornod,2020-10,
 Green feed,Dornod,2020-09,
 Green feed,Dornod,2020-08,
 Green feed,Dornod,2020-07,
 Green feed,Dornod,2020-06,
 Green feed,Dornod,2020-05,
 Green feed,Dornod,2020-04,
 Green feed,Dornod,2020-03,
 Green feed,Dornod,2020-02,
 Green feed,Dornod,2020-01,
 Green feed,Dornod,2019-12,4000.0
 Green feed,Dornod,2019-11,
 Green feed,Dornod,2019-10,
 Green feed,Dornod,2019-09,
 Green feed,Dornod,2019-08,
 Green feed,Dornod,2019-07,
 Green feed,Dornod,2019-06,
 Green feed,Dornod,2019-05,
 Green feed,Dornod,2019-04,
 Green feed,Dornod,2019-03,
 Green feed,Dornod,2019-02,
 Green feed,Dornod,2019-01,
 Green feed,Dornod,2018-12,
 Green feed,Sukhbaatar,2025-12,
 Green feed,Sukhbaatar,2025-11,
 Green feed,Sukhbaatar,2025-10,
 Green feed,Sukhbaatar,2025-09,
 Green feed,Sukhbaatar,2025-08,
 Green feed,Sukhbaatar,2025-07,
 Green feed,Sukhbaatar,2025-06,
 Green feed,Sukhbaatar,2025-05,
 Green feed,Sukhbaatar,2025-04,
 Green feed,Sukhbaatar,2025-03,
 Green feed,Sukhbaatar,2025-02,
 Green feed,Sukhbaatar,2025-01,
 Green feed,Sukhbaatar,2024-12,
 Green feed,Sukhbaatar,2024-11,
 Green feed,Sukhbaatar,2024-10,
 Green feed,Sukhbaatar,2024-09,
 Green feed,Sukhbaatar,2024-08,
 Green feed,Sukhbaatar,2024-07,
 Green feed,Sukhbaatar,2024-06,
 Green feed,Sukhbaatar,2024-05,
 Green feed,Sukhbaatar,2024-04,
 Green feed,Sukhbaatar,2024-03,
 Green feed,Sukhbaatar,2024-02,
 Green feed,Sukhbaatar,2024-01,
 Green feed,Sukhbaatar,2023-12,
 Green feed,Sukhbaatar,2023-11,
 Green feed,Sukhbaatar,2023-10,
 Green feed,Sukhbaatar,2023-09,
 Green feed,Sukhbaatar,2023-08,
 Green feed,Sukhbaatar,2023-07,
 Green feed,Sukhbaatar,2023-06,
 Green feed,Sukhbaatar,2023-05,
 Green feed,Sukhbaatar,2023-04,
 Green feed,Sukhbaatar,2023-03,
 Green feed,Sukhbaatar,2023-02,
 Green feed,Sukhbaatar,2023-01,
 Green feed,Sukhbaatar,2022-12,
 Green feed,Sukhbaatar,2022-11,
 Green feed,Sukhbaatar,2022-10,
 Green feed,Sukhbaatar,2022-09,
 Green feed,Sukhbaatar,2022-08,
 Green feed,Sukhbaatar,2022-07,
 Green feed,Sukhbaatar,2022-06,
 Green feed,Sukhbaatar,2022-05,
 Green feed,Sukhbaatar,2022-04,
 Green feed,Sukhbaatar,2022-03,
 Green feed,Sukhbaatar,2022-02,
 Green feed,Sukhbaatar,2022-01,
 Green feed,Sukhbaatar,2021-12,
 Green feed,Sukhbaatar,2021-11,
 Green feed,Sukhbaatar,2021-10,
 Green feed,Sukhbaatar,2021-09,
 Green feed,Sukhbaatar,2021-08,
 Green feed,Sukhbaatar,2021-07,
 Green feed,Sukhbaatar,2021-06,
 Green feed,Sukhbaatar,2021-05,
 Green feed,Sukhbaatar,2021-04,
 Green feed,Sukhbaatar,2021-03,
 Green feed,Sukhbaatar,2021-02,
 Green feed,Sukhbaatar,2021-01,
 Green feed,Sukhbaatar,2020-12,
 Green feed,Sukhbaatar,2020-11,
 Green feed,Sukhbaatar,2020-10,
 Green feed,Sukhbaatar,2020-09,
 Green feed,Sukhbaatar,2020-08,
 Green feed,Sukhbaatar,2020-07,
 Green feed,Sukhbaatar,2020-06,
 Green feed,Sukhbaatar,2020-05,
 Green feed,Sukhbaatar,2020-04,
 Green feed,Sukhbaatar,2020-03,
 Green feed,Sukhbaatar,2020-02,
 Green feed,Sukhbaatar,2020-01,
 Green feed,Sukhbaatar,2019-12,5000.0
 Green feed,Sukhbaatar,2019-11,
 Green feed,Sukhbaatar,2019-10,
 Green feed,Sukhbaatar,2019-09,
 Green feed,Sukhbaatar,2019-08,
 Green feed,Sukhbaatar,2019-07,
 Green feed,Sukhbaatar,2019-06,
 Green feed,Sukhbaatar,2019-05,
 Green feed,Sukhbaatar,2019-04,
 Green feed,Sukhbaatar,2019-03,
 Green feed,Sukhbaatar,2019-02,
 Green feed,Sukhbaatar,2019-01,
 Green feed,Sukhbaatar,2018-12,
 Green feed,Khentii,2025-12,
 Green feed,Khentii,2025-11,
 Green feed,Khentii,2025-10,
 Green feed,Khentii,2025-09,
 Green feed,Khentii,2025-08,
 Green feed,Khentii,2025-07,
 Green feed,Khentii,2025-06,
 Green feed,Khentii,2025-05,
 Green feed,Khentii,2025-04,
 Green feed,Khentii,2025-03,
 Green feed,Khentii,2025-02,
 Green feed,Khentii,2025-01,
 Green feed,Khentii,2024-12,
 Green feed,Khentii,2024-11,
 Green feed,Khentii,2024-10,
 Green feed,Khentii,2024-09,
 Green feed,Khentii,2024-08,
 Green feed,Khentii,2024-07,
 Green feed,Khentii,2024-06,
 Green feed,Khentii,2024-05,
 Green feed,Khentii,2024-04,
 Green feed,Khentii,2024-03,
 Green feed,Khentii,2024-02,
 Green feed,Khentii,2024-01,
 Green feed,Khentii,2023-12,
 Green feed,Khentii,2023-11,
 Green feed,Khentii,2023-10,
 Green feed,Khentii,2023-09,
 Green feed,Khentii,2023-08,
 Green feed,Khentii,2023-07,
 Green feed,Khentii,2023-06,
 Green feed,Khentii,2023-05,
 Green feed,Khentii,2023-04,
 Green feed,Khentii,2023-03,
 Green feed,Khentii,2023-02,
 Green feed,Khentii,2023-01,
 Green feed,Khentii,2022-12,
 Green feed,Khentii,2022-11,
 Green feed,Khentii,2022-10,
 Green feed,Khentii,2022-09,
 Green feed,Khentii,2022-08,
 Green feed,Khentii,2022-07,
 Green feed,Khentii,2022-06,
 Green feed,Khentii,2022-05,5000.0
 Green feed,Khentii,2022-04,
 Green feed,Khentii,2022-03,
 Green feed,Khentii,2022-02,
 Green feed,Khentii,2022-01,
 Green feed,Khentii,2021-12,320000.0
 Green feed,Khentii,2021-11,
 Green feed,Khentii,2021-10,320000.0
 Green feed,Khentii,2021-09,
 Green feed,Khentii,2021-08,
 Green feed,Khentii,2021-07,
 Green feed,Khentii,2021-06,
 Green feed,Khentii,2021-05,
 Green feed,Khentii,2021-04,
 Green feed,Khentii,2021-03,
 Green feed,Khentii,2021-02,
 Green feed,Khentii,2021-01,
 Green feed,Khentii,2020-12,
 Green feed,Khentii,2020-11,
 Green feed,Khentii,2020-10,280000.0
 Green feed,Khentii,2020-09,280000.0
 Green feed,Khentii,2020-08,240000.0
 Green feed,Khentii,2020-07,240000.0
 Green feed,Khentii,2020-06,240000.0
 Green feed,Khentii,2020-05,240000.0
 Green feed,Khentii,2020-04,240000.0
 Green feed,Khentii,2020-03,
 Green feed,Khentii,2020-02,
 Green feed,Khentii,2020-01,
 Green feed,Khentii,2019-12,
 Green feed,Khentii,2019-11,
 Green feed,Khentii,2019-10,
 Green feed,Khentii,2019-09,
 Green feed,Khentii,2019-08,
 Green feed,Khentii,2019-07,
 Green feed,Khentii,2019-06,
 Green feed,Khentii,2019-05,
 Green feed,Khentii,2019-04,
 Green feed,Khentii,2019-03,
 Green feed,Khentii,2019-02,
 Green feed,Khentii,2019-01,
 Green feed,Khentii,2018-12,
 Green feed,Ulaanbaatar,2025-12,
 Green feed,Ulaanbaatar,2025-11,
 Green feed,Ulaanbaatar,2025-10,
 Green feed,Ulaanbaatar,2025-09,
 Green feed,Ulaanbaatar,2025-08,
 Green feed,Ulaanbaatar,2025-07,
 Green feed,Ulaanbaatar,2025-06,
 Green feed,Ulaanbaatar,2025-05,
 Green feed,Ulaanbaatar,2025-04,
 Green feed,Ulaanbaatar,2025-03,
 Green feed,Ulaanbaatar,2025-02,
 Green feed,Ulaanbaatar,2025-01,
 Green feed,Ulaanbaatar,2024-12,
 Green feed,Ulaanbaatar,2024-11,
 Green feed,Ulaanbaatar,2024-10,
 Green feed,Ulaanbaatar,2024-09,
 Green feed,Ulaanbaatar,2024-08,
 Green feed,Ulaanbaatar,2024-07,
 Green feed,Ulaanbaatar,2024-06,
 Green feed,Ulaanbaatar,2024-05,
 Green feed,Ulaanbaatar,2024-04,
 Green feed,Ulaanbaatar,2024-03,
 Green feed,Ulaanbaatar,2024-02,
 Green feed,Ulaanbaatar,2024-01,
 Green feed,Ulaanbaatar,2023-12,
 Green feed,Ulaanbaatar,2023-11,
 Green feed,Ulaanbaatar,2023-10,
 Green feed,Ulaanbaatar,2023-09,
 Green feed,Ulaanbaatar,2023-08,
 Green feed,Ulaanbaatar,2023-07,
 Green feed,Ulaanbaatar,2023-06,
 Green feed,Ulaanbaatar,2023-05,
 Green feed,Ulaanbaatar,2023-04,
 Green feed,Ulaanbaatar,2023-03,
 Green feed,Ulaanbaatar,2023-02,
 Green feed,Ulaanbaatar,2023-01,
 Green feed,Ulaanbaatar,2022-12,
 Green feed,Ulaanbaatar,2022-11,
 Green feed,Ulaanbaatar,2022-10,
 Green feed,Ulaanbaatar,2022-09,
 Green feed,Ulaanbaatar,2022-08,
 Green feed,Ulaanbaatar,2022-07,
 Green feed,Ulaanbaatar,2022-06,
 Green feed,Ulaanbaatar,2022-05,
 Green feed,Ulaanbaatar,2022-04,
 Green feed,Ulaanbaatar,2022-03,
 Green feed,Ulaanbaatar,2022-02,
 Green feed,Ulaanbaatar,2022-01,
 Green feed,Ulaanbaatar,2021-12,
 Green feed,Ulaanbaatar,2021-11,
 Green feed,Ulaanbaatar,2021-10,
 Green feed,Ulaanbaatar,2021-09,
 Green feed,Ulaanbaatar,2021-08,
 Green feed,Ulaanbaatar,2021-07,
 Green feed,Ulaanbaatar,2021-06,
 Green feed,Ulaanbaatar,2021-05,
 Green feed,Ulaanbaatar,2021-04,
 Green feed,Ulaanbaatar,2021-03,
 Green feed,Ulaanbaatar,2021-02,
 Green feed,Ulaanbaatar,2021-01,
 Green feed,Ulaanbaatar,2020-12,
 Green feed,Ulaanbaatar,2020-11,
 Green feed,Ulaanbaatar,2020-10,
 Green feed,Ulaanbaatar,2020-09,
 Green feed,Ulaanbaatar,2020-08,
 Green feed,Ulaanbaatar,2020-07,
 Green feed,Ulaanbaatar,2020-06,
 Green feed,Ulaanbaatar,2020-05,
 Green feed,Ulaanbaatar,2020-04,
 Green feed,Ulaanbaatar,2020-03,
 Green feed,Ulaanbaatar,2020-02,
 Green feed,Ulaanbaatar,2020-01,
 Green feed,Ulaanbaatar,2019-12,
 Green feed,Ulaanbaatar,2019-11,
 Green feed,Ulaanbaatar,2019-10,
 Green feed,Ulaanbaatar,2019-09,
 Green feed,Ulaanbaatar,2019-08,
 Green feed,Ulaanbaatar,2019-07,
 Green feed,Ulaanbaatar,2019-06,
 Green feed,Ulaanbaatar,2019-05,
 Green feed,Ulaanbaatar,2019-04,
 Green feed,Ulaanbaatar,2019-03,
 Green feed,Ulaanbaatar,2019-02,
 Green feed,Ulaanbaatar,2019-01,
 Green feed,Ulaanbaatar,2018-12,
 Green feed,Ulaanbaatar city,2025-12,
 Green feed,Ulaanbaatar city,2025-11,
 Green feed,Ulaanbaatar city,2025-10,
 Green feed,Ulaanbaatar city,2025-09,
 Green feed,Ulaanbaatar city,2025-08,
 Green feed,Ulaanbaatar city,2025-07,
 Green feed,Ulaanbaatar city,2025-06,
 Green feed,Ulaanbaatar city,2025-05,
 Green feed,Ulaanbaatar city,2025-04,
 Green feed,Ulaanbaatar city,2025-03,
 Green feed,Ulaanbaatar city,2025-02,
 Green feed,Ulaanbaatar city,2025-01,
 Green feed,Ulaanbaatar city,2024-12,
 Green feed,Ulaanbaatar city,2024-11,
 Green feed,Ulaanbaatar city,2024-10,
 Green feed,Ulaanbaatar city,2024-09,
 Green feed,Ulaanbaatar city,2024-08,
 Green feed,Ulaanbaatar city,2024-07,
 Green feed,Ulaanbaatar city,2024-06,
 Green feed,Ulaanbaatar city,2024-05,
 Green feed,Ulaanbaatar city,2024-04,
 Green feed,Ulaanbaatar city,2024-03,
 Green feed,Ulaanbaatar city,2024-02,
 Green feed,Ulaanbaatar city,2024-01,
 Green feed,Ulaanbaatar city,2023-12,
 Green feed,Ulaanbaatar city,2023-11,
 Green feed,Ulaanbaatar city,2023-10,
 Green feed,Ulaanbaatar city,2023-09,
 Green feed,Ulaanbaatar city,2023-08,
 Green feed,Ulaanbaatar city,2023-07,
 Green feed,Ulaanbaatar city,2023-06,
 Green feed,Ulaanbaatar city,2023-05,
 Green feed,Ulaanbaatar city,2023-04,
 Green feed,Ulaanbaatar city,2023-03,
 Green feed,Ulaanbaatar city,2023-02,
 Green feed,Ulaanbaatar city,2023-01,
 Green feed,Ulaanbaatar city,2022-12,
 Green feed,Ulaanbaatar city,2022-11,
 Green feed,Ulaanbaatar city,2022-10,
 Green feed,Ulaanbaatar city,2022-09,
 Green feed,Ulaanbaatar city,2022-08,
 Green feed,Ulaanbaatar city,2022-07,
 Green feed,Ulaanbaatar city,2022-06,
 Green feed,Ulaanbaatar city,2022-05,
 Green feed,Ulaanbaatar city,2022-04,
 Green feed,Ulaanbaatar city,2022-03,
 Green feed,Ulaanbaatar city,2022-02,
 Green feed,Ulaanbaatar city,2022-01,
 Green feed,Ulaanbaatar city,2021-12,
 Green feed,Ulaanbaatar city,2021-11,
 Green feed,Ulaanbaatar city,2021-10,
 Green feed,Ulaanbaatar city,2021-09,
 Green feed,Ulaanbaatar city,2021-08,
 Green feed,Ulaanbaatar city,2021-07,
 Green feed,Ulaanbaatar city,2021-06,
 Green feed,Ulaanbaatar city,2021-05,
 Green feed,Ulaanbaatar city,2021-04,
 Green feed,Ulaanbaatar city,2021-03,
 Green feed,Ulaanbaatar city,2021-02,
 Green feed,Ulaanbaatar city,2021-01,
 Green feed,Ulaanbaatar city,2020-12,
 Green feed,Ulaanbaatar city,2020-11,
 Green feed,Ulaanbaatar city,2020-10,
 Green feed,Ulaanbaatar city,2020-09,
 Green feed,Ulaanbaatar city,2020-08,
 Green feed,Ulaanbaatar city,2020-07,
 Green feed,Ulaanbaatar city,2020-06,
 Green feed,Ulaanbaatar city,2020-05,
 Green feed,Ulaanbaatar city,2020-04,
 Green feed,Ulaanbaatar city,2020-03,
 Green feed,Ulaanbaatar city,2020-02,
 Green feed,Ulaanbaatar city,2020-01,
 Green feed,Ulaanbaatar city,2019-12,
 Green feed,Ulaanbaatar city,2019-11,
 Green feed,Ulaanbaatar city,2019-10,
 Green feed,Ulaanbaatar city,2019-09,
 Green feed,Ulaanbaatar city,2019-08,
 Green feed,Ulaanbaatar city,2019-07,
 Green feed,Ulaanbaatar city,2019-06,
 Green feed,Ulaanbaatar city,2019-05,
 Green feed,Ulaanbaatar city,2019-04,
 Green feed,Ulaanbaatar city,2019-03,
 Green feed,Ulaanbaatar city,2019-02,
 Green feed,Ulaanbaatar city,2019-01,
 Green feed,Ulaanbaatar city,2018-12,
 Oat,Western region,2025-12,
 Oat,Western region,2025-11,
 Oat,Western region,2025-10,
 Oat,Western region,2025-09,
 Oat,Western region,2025-08,
 Oat,Western region,2025-07,
 Oat,Western region,2025-06,
 Oat,Western region,2025-05,
 Oat,Western region,2025-04,
 Oat,Western region,2025-03,
 Oat,Western region,2025-02,
 Oat,Western region,2025-01,
 Oat,Western region,2024-12,
 Oat,Western region,2024-11,
 Oat,Western region,2024-10,
 Oat,Western region,2024-09,
 Oat,Western region,2024-08,
 Oat,Western region,2024-07,
 Oat,Western region,2024-06,
 Oat,Western region,2024-05,
 Oat,Western region,2024-04,
 Oat,Western region,2024-03,
 Oat,Western region,2024-02,
 Oat,Western region,2024-01,
 Oat,Western region,2023-12,
 Oat,Western region,2023-11,
 Oat,Western region,2023-10,
 Oat,Western region,2023-09,
 Oat,Western region,2023-08,
 Oat,Western region,2023-07,
 Oat,Western region,2023-06,
 Oat,Western region,2023-05,
 Oat,Western region,2023-04,
 Oat,Western region,2023-03,
 Oat,Western region,2023-02,
 Oat,Western region,2023-01,
 Oat,Western region,2022-12,
 Oat,Western region,2022-11,
 Oat,Western region,2022-10,
 Oat,Western region,2022-09,
 Oat,Western region,2022-08,
 Oat,Western region,2022-07,
 Oat,Western region,2022-06,
 Oat,Western region,2022-05,
 Oat,Western region,2022-04,
 Oat,Western region,2022-03,
 Oat,Western region,2022-02,
 Oat,Western region,2022-01,
 Oat,Western region,2021-12,
 Oat,Western region,2021-11,
 Oat,Western region,2021-10,
 Oat,Western region,2021-09,
 Oat,Western region,2021-08,
 Oat,Western region,2021-07,
 Oat,Western region,2021-06,
 Oat,Western region,2021-05,
 Oat,Western region,2021-04,
 Oat,Western region,2021-03,
 Oat,Western region,2021-02,
 Oat,Western region,2021-01,
 Oat,Western region,2020-12,
 Oat,Western region,2020-11,
 Oat,Western region,2020-10,
 Oat,Western region,2020-09,
 Oat,Western region,2020-08,
 Oat,Western region,2020-07,
 Oat,Western region,2020-06,
 Oat,Western region,2020-05,
 Oat,Western region,2020-04,
 Oat,Western region,2020-03,
 Oat,Western region,2020-02,
 Oat,Western region,2020-01,
 Oat,Western region,2019-12,
 Oat,Western region,2019-11,
 Oat,Western region,2019-10,
 Oat,Western region,2019-09,
 Oat,Western region,2019-08,
 Oat,Western region,2019-07,
 Oat,Western region,2019-06,
 Oat,Western region,2019-05,
 Oat,Western region,2019-04,
 Oat,Western region,2019-03,
 Oat,Western region,2019-02,
 Oat,Western region,2019-01,
 Oat,Western region,2018-12,
 Oat,Bayan-Ulgii,2025-12,
 Oat,Bayan-Ulgii,2025-11,
 Oat,Bayan-Ulgii,2025-10,
 Oat,Bayan-Ulgii,2025-09,
 Oat,Bayan-Ulgii,2025-08,
 Oat,Bayan-Ulgii,2025-07,
 Oat,Bayan-Ulgii,2025-06,
 Oat,Bayan-Ulgii,2025-05,
 Oat,Bayan-Ulgii,2025-04,
 Oat,Bayan-Ulgii,2025-03,
 Oat,Bayan-Ulgii,2025-02,
 Oat,Bayan-Ulgii,2025-01,
 Oat,Bayan-Ulgii,2024-12,
 Oat,Bayan-Ulgii,2024-11,
 Oat,Bayan-Ulgii,2024-10,
 Oat,Bayan-Ulgii,2024-09,
 Oat,Bayan-Ulgii,2024-08,
 Oat,Bayan-Ulgii,2024-07,
 Oat,Bayan-Ulgii,2024-06,
 Oat,Bayan-Ulgii,2024-05,
 Oat,Bayan-Ulgii,2024-04,
 Oat,Bayan-Ulgii,2024-03,
 Oat,Bayan-Ulgii,2024-02,
 Oat,Bayan-Ulgii,2024-01,
 Oat,Bayan-Ulgii,2023-12,
 Oat,Bayan-Ulgii,2023-11,
 Oat,Bayan-Ulgii,2023-10,
 Oat,Bayan-Ulgii,2023-09,
 Oat,Bayan-Ulgii,2023-08,
 Oat,Bayan-Ulgii,2023-07,
 Oat,Bayan-Ulgii,2023-06,
 Oat,Bayan-Ulgii,2023-05,
 Oat,Bayan-Ulgii,2023-04,
 Oat,Bayan-Ulgii,2023-03,
 Oat,Bayan-Ulgii,2023-02,
 Oat,Bayan-Ulgii,2023-01,
 Oat,Bayan-Ulgii,2022-12,
 Oat,Bayan-Ulgii,2022-11,
 Oat,Bayan-Ulgii,2022-10,
 Oat,Bayan-Ulgii,2022-09,
 Oat,Bayan-Ulgii,2022-08,
 Oat,Bayan-Ulgii,2022-07,
 Oat,Bayan-Ulgii,2022-06,
 Oat,Bayan-Ulgii,2022-05,
 Oat,Bayan-Ulgii,2022-04,
 Oat,Bayan-Ulgii,2022-03,
 Oat,Bayan-Ulgii,2022-02,
 Oat,Bayan-Ulgii,2022-01,
 Oat,Bayan-Ulgii,2021-12,
 Oat,Bayan-Ulgii,2021-11,
 Oat,Bayan-Ulgii,2021-10,
 Oat,Bayan-Ulgii,2021-09,
 Oat,Bayan-Ulgii,2021-08,
 Oat,Bayan-Ulgii,2021-07,
 Oat,Bayan-Ulgii,2021-06,
 Oat,Bayan-Ulgii,2021-05,
 Oat,Bayan-Ulgii,2021-04,
 Oat,Bayan-Ulgii,2021-03,
 Oat,Bayan-Ulgii,2021-02,
 Oat,Bayan-Ulgii,2021-01,
 Oat,Bayan-Ulgii,2020-12,
 Oat,Bayan-Ulgii,2020-11,
 Oat,Bayan-Ulgii,2020-10,
 Oat,Bayan-Ulgii,2020-09,
 Oat,Bayan-Ulgii,2020-08,
 Oat,Bayan-Ulgii,2020-07,
 Oat,Bayan-Ulgii,2020-06,
 Oat,Bayan-Ulgii,2020-05,
 Oat,Bayan-Ulgii,2020-04,
 Oat,Bayan-Ulgii,2020-03,
 Oat,Bayan-Ulgii,2020-02,
 Oat,Bayan-Ulgii,2020-01,
 Oat,Bayan-Ulgii,2019-12,
 Oat,Bayan-Ulgii,2019-11,
 Oat,Bayan-Ulgii,2019-10,
 Oat,Bayan-Ulgii,2019-09,
 Oat,Bayan-Ulgii,2019-08,
 Oat,Bayan-Ulgii,2019-07,
 Oat,Bayan-Ulgii,2019-06,
 Oat,Bayan-Ulgii,2019-05,
 Oat,Bayan-Ulgii,2019-04,
 Oat,Bayan-Ulgii,2019-03,
 Oat,Bayan-Ulgii,2019-02,
 Oat,Bayan-Ulgii,2019-01,
 Oat,Bayan-Ulgii,2018-12,
 Oat,Govi-Altai,2025-12,
 Oat,Govi-Altai,2025-11,
 Oat,Govi-Altai,2025-10,
 Oat,Govi-Altai,2025-09,
 Oat,Govi-Altai,2025-08,
 Oat,Govi-Altai,2025-07,
 Oat,Govi-Altai,2025-06,
 Oat,Govi-Altai,2025-05,
 Oat,Govi-Altai,2025-04,
 Oat,Govi-Altai,2025-03,
 Oat,Govi-Altai,2025-02,
 Oat,Govi-Altai,2025-01,
 Oat,Govi-Altai,2024-12,
 Oat,Govi-Altai,2024-11,
 Oat,Govi-Altai,2024-10,
 Oat,Govi-Altai,2024-09,
 Oat,Govi-Altai,2024-08,
 Oat,Govi-Altai,2024-07,
 Oat,Govi-Altai,2024-06,
 Oat,Govi-Altai,2024-05,
 Oat,Govi-Altai,2024-04,
 Oat,Govi-Altai,2024-03,
 Oat,Govi-Altai,2024-02,
 Oat,Govi-Altai,2024-01,
 Oat,Govi-Altai,2023-12,
 Oat,Govi-Altai,2023-11,
 Oat,Govi-Altai,2023-10,
 Oat,Govi-Altai,2023-09,
 Oat,Govi-Altai,2023-08,
 Oat,Govi-Altai,2023-07,
 Oat,Govi-Altai,2023-06,
 Oat,Govi-Altai,2023-05,
 Oat,Govi-Altai,2023-04,
 Oat,Govi-Altai,2023-03,
 Oat,Govi-Altai,2023-02,
 Oat,Govi-Altai,2023-01,
 Oat,Govi-Altai,2022-12,
 Oat,Govi-Altai,2022-11,
 Oat,Govi-Altai,2022-10,
 Oat,Govi-Altai,2022-09,
 Oat,Govi-Altai,2022-08,
 Oat,Govi-Altai,2022-07,
 Oat,Govi-Altai,2022-06,950000.0
 Oat,Govi-Altai,2022-05,
 Oat,Govi-Altai,2022-04,
 Oat,Govi-Altai,2022-03,
 Oat,Govi-Altai,2022-02,
 Oat,Govi-Altai,2022-01,
 Oat,Govi-Altai,2021-12,
 Oat,Govi-Altai,2021-11,
 Oat,Govi-Altai,2021-10,
 Oat,Govi-Altai,2021-09,
 Oat,Govi-Altai,2021-08,
 Oat,Govi-Altai,2021-07,
 Oat,Govi-Altai,2021-06,
 Oat,Govi-Altai,2021-05,
 Oat,Govi-Altai,2021-04,
 Oat,Govi-Altai,2021-03,
 Oat,Govi-Altai,2021-02,
 Oat,Govi-Altai,2021-01,
 Oat,Govi-Altai,2020-12,
 Oat,Govi-Altai,2020-11,
 Oat,Govi-Altai,2020-10,
 Oat,Govi-Altai,2020-09,
 Oat,Govi-Altai,2020-08,
 Oat,Govi-Altai,2020-07,
 Oat,Govi-Altai,2020-06,
 Oat,Govi-Altai,2020-05,
 Oat,Govi-Altai,2020-04,
 Oat,Govi-Altai,2020-03,
 Oat,Govi-Altai,2020-02,
 Oat,Govi-Altai,2020-01,875000.0
 Oat,Govi-Altai,2019-12,
 Oat,Govi-Altai,2019-11,
 Oat,Govi-Altai,2019-10,
 Oat,Govi-Altai,2019-09,
 Oat,Govi-Altai,2019-08,
 Oat,Govi-Altai,2019-07,
 Oat,Govi-Altai,2019-06,
 Oat,Govi-Altai,2019-05,
 Oat,Govi-Altai,2019-04,
 Oat,Govi-Altai,2019-03,
 Oat,Govi-Altai,2019-02,
 Oat,Govi-Altai,2019-01,
 Oat,Govi-Altai,2018-12,
 Oat,Zavkhan,2025-12,
 Oat,Zavkhan,2025-11,
 Oat,Zavkhan,2025-10,
 Oat,Zavkhan,2025-09,
 Oat,Zavkhan,2025-08,
 Oat,Zavkhan,2025-07,
 Oat,Zavkhan,2025-06,
 Oat,Zavkhan,2025-05,
 Oat,Zavkhan,2025-04,
 Oat,Zavkhan,2025-03,
 Oat,Zavkhan,2025-02,
 Oat,Zavkhan,2025-01,
 Oat,Zavkhan,2024-12,
 Oat,Zavkhan,2024-11,
 Oat,Zavkhan,2024-10,
 Oat,Zavkhan,2024-09,
 Oat,Zavkhan,2024-08,
 Oat,Zavkhan,2024-07,
 Oat,Zavkhan,2024-06,
 Oat,Zavkhan,2024-05,
 Oat,Zavkhan,2024-04,
 Oat,Zavkhan,2024-03,
 Oat,Zavkhan,2024-02,
 Oat,Zavkhan,2024-01,
 Oat,Zavkhan,2023-12,
 Oat,Zavkhan,2023-11,
 Oat,Zavkhan,2023-10,
 Oat,Zavkhan,2023-09,
 Oat,Zavkhan,2023-08,
 Oat,Zavkhan,2023-07,
 Oat,Zavkhan,2023-06,
 Oat,Zavkhan,2023-05,
 Oat,Zavkhan,2023-04,
 Oat,Zavkhan,2023-03,
 Oat,Zavkhan,2023-02,
 Oat,Zavkhan,2023-01,
 Oat,Zavkhan,2022-12,
 Oat,Zavkhan,2022-11,
 Oat,Zavkhan,2022-10,
 Oat,Zavkhan,2022-09,
 Oat,Zavkhan,2022-08,
 Oat,Zavkhan,2022-07,
 Oat,Zavkhan,2022-06,
 Oat,Zavkhan,2022-05,
 Oat,Zavkhan,2022-04,
 Oat,Zavkhan,2022-03,
 Oat,Zavkhan,2022-02,
 Oat,Zavkhan,2022-01,
 Oat,Zavkhan,2021-12,
 Oat,Zavkhan,2021-11,
 Oat,Zavkhan,2021-10,
 Oat,Zavkhan,2021-09,
 Oat,Zavkhan,2021-08,
 Oat,Zavkhan,2021-07,
 Oat,Zavkhan,2021-06,
 Oat,Zavkhan,2021-05,
 Oat,Zavkhan,2021-04,
 Oat,Zavkhan,2021-03,800000.0
 Oat,Zavkhan,2021-02,800000.0
 Oat,Zavkhan,2021-01,800000.0
 Oat,Zavkhan,2020-12,
 Oat,Zavkhan,2020-11,600000.0
 Oat,Zavkhan,2020-10,600000.0
 Oat,Zavkhan,2020-09,
 Oat,Zavkhan,2020-08,
 Oat,Zavkhan,2020-07,
 Oat,Zavkhan,2020-06,
 Oat,Zavkhan,2020-05,800000.0
 Oat,Zavkhan,2020-04,800000.0
 Oat,Zavkhan,2020-03,705375.0
 Oat,Zavkhan,2020-02,732300.0
 Oat,Zavkhan,2020-01,641643.0
 Oat,Zavkhan,2019-12,600000.0
 Oat,Zavkhan,2019-11,
 Oat,Zavkhan,2019-10,
 Oat,Zavkhan,2019-09,
 Oat,Zavkhan,2019-08,
 Oat,Zavkhan,2019-07,
 Oat,Zavkhan,2019-06,
 Oat,Zavkhan,2019-05,
 Oat,Zavkhan,2019-04,
 Oat,Zavkhan,2019-03,700000.0
 Oat,Zavkhan,2019-02,700000.0
 Oat,Zavkhan,2019-01,
 Oat,Zavkhan,2018-12,
 Oat,Uvs,2025-12,
 Oat,Uvs,2025-11,
 Oat,Uvs,2025-10,
 Oat,Uvs,2025-09,
 Oat,Uvs,2025-08,
 Oat,Uvs,2025-07,
 Oat,Uvs,2025-06,
 Oat,Uvs,2025-05,
 Oat,Uvs,2025-04,
 Oat,Uvs,2025-03,
 Oat,Uvs,2025-02,
 Oat,Uvs,2025-01,
 Oat,Uvs,2024-12,
 Oat,Uvs,2024-11,
 Oat,Uvs,2024-10,
 Oat,Uvs,2024-09,
 Oat,Uvs,2024-08,
 Oat,Uvs,2024-07,
 Oat,Uvs,2024-06,
 Oat,Uvs,2024-05,
 Oat,Uvs,2024-04,1700000.0
 Oat,Uvs,2024-03,
 Oat,Uvs,2024-02,
 Oat,Uvs,2024-01,
 Oat,Uvs,2023-12,
 Oat,Uvs,2023-11,
 Oat,Uvs,2023-10,
 Oat,Uvs,2023-09,
 Oat,Uvs,2023-08,
 Oat,Uvs,2023-07,
 Oat,Uvs,2023-06,
 Oat,Uvs,2023-05,
 Oat,Uvs,2023-04,
 Oat,Uvs,2023-03,
 Oat,Uvs,2023-02,
 Oat,Uvs,2023-01,
 Oat,Uvs,2022-12,
 Oat,Uvs,2022-11,
 Oat,Uvs,2022-10,
 Oat,Uvs,2022-09,
 Oat,Uvs,2022-08,
 Oat,Uvs,2022-07,
 Oat,Uvs,2022-06,
 Oat,Uvs,2022-05,
 Oat,Uvs,2022-04,
 Oat,Uvs,2022-03,
 Oat,Uvs,2022-02,
 Oat,Uvs,2022-01,
 Oat,Uvs,2021-12,
 Oat,Uvs,2021-11,
 Oat,Uvs,2021-10,
 Oat,Uvs,2021-09,
 Oat,Uvs,2021-08,
 Oat,Uvs,2021-07,
 Oat,Uvs,2021-06,
 Oat,Uvs,2021-05,
 Oat,Uvs,2021-04,
 Oat,Uvs,2021-03,
 Oat,Uvs,2021-02,
 Oat,Uvs,2021-01,
 Oat,Uvs,2020-12,
 Oat,Uvs,2020-11,
 Oat,Uvs,2020-10,
 Oat,Uvs,2020-09,
 Oat,Uvs,2020-08,
 Oat,Uvs,2020-07,
 Oat,Uvs,2020-06,
 Oat,Uvs,2020-05,
 Oat,Uvs,2020-04,600000.0
 Oat,Uvs,2020-03,600000.0
 Oat,Uvs,2020-02,600000.0
 Oat,Uvs,2020-01,
 Oat,Uvs,2019-12,700000.0
 Oat,Uvs,2019-11,700000.0
 Oat,Uvs,2019-10,520000.0
 Oat,Uvs,2019-09,700000.0
 Oat,Uvs,2019-08,
 Oat,Uvs,2019-07,
 Oat,Uvs,2019-06,
 Oat,Uvs,2019-05,800000.0
 Oat,Uvs,2019-04,
 Oat,Uvs,2019-03,650000.0
 Oat,Uvs,2019-02,600000.0
 Oat,Uvs,2019-01,625000.0
 Oat,Uvs,2018-12,650000.0
 Oat,Khovd,2025-12,
 Oat,Khovd,2025-11,
 Oat,Khovd,2025-10,
 Oat,Khovd,2025-09,
 Oat,Khovd,2025-08,
 Oat,Khovd,2025-07,
 Oat,Khovd,2025-06,
 Oat,Khovd,2025-05,
 Oat,Khovd,2025-04,
 Oat,Khovd,2025-03,
 Oat,Khovd,2025-02,
 Oat,Khovd,2025-01,
 Oat,Khovd,2024-12,
 Oat,Khovd,2024-11,
 Oat,Khovd,2024-10,
 Oat,Khovd,2024-09,
 Oat,Khovd,2024-08,
 Oat,Khovd,2024-07,
 Oat,Khovd,2024-06,
 Oat,Khovd,2024-05,
 Oat,Khovd,2024-04,
 Oat,Khovd,2024-03,
 Oat,Khovd,2024-02,
 Oat,Khovd,2024-01,
 Oat,Khovd,2023-12,
 Oat,Khovd,2023-11,
 Oat,Khovd,2023-10,
 Oat,Khovd,2023-09,
 Oat,Khovd,2023-08,
 Oat,Khovd,2023-07,
 Oat,Khovd,2023-06,
 Oat,Khovd,2023-05,
 Oat,Khovd,2023-04,
 Oat,Khovd,2023-03,
 Oat,Khovd,2023-02,
 Oat,Khovd,2023-01,
 Oat,Khovd,2022-12,
 Oat,Khovd,2022-11,
 Oat,Khovd,2022-10,
 Oat,Khovd,2022-09,
 Oat,Khovd,2022-08,
 Oat,Khovd,2022-07,
 Oat,Khovd,2022-06,
 Oat,Khovd,2022-05,
 Oat,Khovd,2022-04,
 Oat,Khovd,2022-03,
 Oat,Khovd,2022-02,
 Oat,Khovd,2022-01,
 Oat,Khovd,2021-12,
 Oat,Khovd,2021-11,
 Oat,Khovd,2021-10,
 Oat,Khovd,2021-09,
 Oat,Khovd,2021-08,
 Oat,Khovd,2021-07,
 Oat,Khovd,2021-06,
 Oat,Khovd,2021-05,
 Oat,Khovd,2021-04,
 Oat,Khovd,2021-03,
 Oat,Khovd,2021-02,
 Oat,Khovd,2021-01,
 Oat,Khovd,2020-12,
 Oat,Khovd,2020-11,
 Oat,Khovd,2020-10,
 Oat,Khovd,2020-09,
 Oat,Khovd,2020-08,
 Oat,Khovd,2020-07,
 Oat,Khovd,2020-06,
 Oat,Khovd,2020-05,
 Oat,Khovd,2020-04,
 Oat,Khovd,2020-03,
 Oat,Khovd,2020-02,
 Oat,Khovd,2020-01,
 Oat,Khovd,2019-12,
 Oat,Khovd,2019-11,
 Oat,Khovd,2019-10,
 Oat,Khovd,2019-09,
 Oat,Khovd,2019-08,
 Oat,Khovd,2019-07,
 Oat,Khovd,2019-06,
 Oat,Khovd,2019-05,
 Oat,Khovd,2019-04,
 Oat,Khovd,2019-03,
 Oat,Khovd,2019-02,
 Oat,Khovd,2019-01,
 Oat,Khovd,2018-12,
 Oat,Khangai region,2025-12,
 Oat,Khangai region,2025-11,
 Oat,Khangai region,2025-10,
 Oat,Khangai region,2025-09,
 Oat,Khangai region,2025-08,
 Oat,Khangai region,2025-07,
 Oat,Khangai region,2025-06,
 Oat,Khangai region,2025-05,
 Oat,Khangai region,2025-04,
 Oat,Khangai region,2025-03,
 Oat,Khangai region,2025-02,
 Oat,Khangai region,2025-01,
 Oat,Khangai region,2024-12,
 Oat,Khangai region,2024-11,
 Oat,Khangai region,2024-10,
 Oat,Khangai region,2024-09,
 Oat,Khangai region,2024-08,
 Oat,Khangai region,2024-07,
 Oat,Khangai region,2024-06,
 Oat,Khangai region,2024-05,
 Oat,Khangai region,2024-04,
 Oat,Khangai region,2024-03,
 Oat,Khangai region,2024-02,
 Oat,Khangai region,2024-01,
 Oat,Khangai region,2023-12,
 Oat,Khangai region,2023-11,
 Oat,Khangai region,2023-10,
 Oat,Khangai region,2023-09,
 Oat,Khangai region,2023-08,
 Oat,Khangai region,2023-07,
 Oat,Khangai region,2023-06,
 Oat,Khangai region,2023-05,
 Oat,Khangai region,2023-04,
 Oat,Khangai region,2023-03,
 Oat,Khangai region,2023-02,
 Oat,Khangai region,2023-01,
 Oat,Khangai region,2022-12,
 Oat,Khangai region,2022-11,
 Oat,Khangai region,2022-10,
 Oat,Khangai region,2022-09,
 Oat,Khangai region,2022-08,
 Oat,Khangai region,2022-07,
 Oat,Khangai region,2022-06,
 Oat,Khangai region,2022-05,
 Oat,Khangai region,2022-04,
 Oat,Khangai region,2022-03,
 Oat,Khangai region,2022-02,
 Oat,Khangai region,2022-01,
 Oat,Khangai region,2021-12,
 Oat,Khangai region,2021-11,
 Oat,Khangai region,2021-10,
 Oat,Khangai region,2021-09,
 Oat,Khangai region,2021-08,
 Oat,Khangai region,2021-07,
 Oat,Khangai region,2021-06,
 Oat,Khangai region,2021-05,
 Oat,Khangai region,2021-04,
 Oat,Khangai region,2021-03,
 Oat,Khangai region,2021-02,
 Oat,Khangai region,2021-01,
 Oat,Khangai region,2020-12,
 Oat,Khangai region,2020-11,
 Oat,Khangai region,2020-10,
 Oat,Khangai region,2020-09,
 Oat,Khangai region,2020-08,
 Oat,Khangai region,2020-07,
 Oat,Khangai region,2020-06,
 Oat,Khangai region,2020-05,
 Oat,Khangai region,2020-04,
 Oat,Khangai region,2020-03,
 Oat,Khangai region,2020-02,
 Oat,Khangai region,2020-01,
 Oat,Khangai region,2019-12,
 Oat,Khangai region,2019-11,
 Oat,Khangai region,2019-10,
 Oat,Khangai region,2019-09,
 Oat,Khangai region,2019-08,
 Oat,Khangai region,2019-07,
 Oat,Khangai region,2019-06,
 Oat,Khangai region,2019-05,
 Oat,Khangai region,2019-04,
 Oat,Khangai region,2019-03,
 Oat,Khangai region,2019-02,
 Oat,Khangai region,2019-01,
 Oat,Khangai region,2018-12,
 Oat,Arkhangai,2025-12,
 Oat,Arkhangai,2025-11,
 Oat,Arkhangai,2025-10,
 Oat,Arkhangai,2025-09,
 Oat,Arkhangai,2025-08,
 Oat,Arkhangai,2025-07,
 Oat,Arkhangai,2025-06,
 Oat,Arkhangai,2025-05,1200000.0
 Oat,Arkhangai,2025-04,
 Oat,Arkhangai,2025-03,
 Oat,Arkhangai,2025-02,
 Oat,Arkhangai,2025-01,
 Oat,Arkhangai,2024-12,
 Oat,Arkhangai,2024-11,1000000.0
 Oat,Arkhangai,2024-10,1000000.0
 Oat,Arkhangai,2024-09,900000.0
 Oat,Arkhangai,2024-08,
 Oat,Arkhangai,2024-07,1100000.0
 Oat,Arkhangai,2024-06,
 Oat,Arkhangai,2024-05,1100000.0
 Oat,Arkhangai,2024-04,1000000.0
 Oat,Arkhangai,2024-03,1200000.0
 Oat,Arkhangai,2024-02,1200000.0
 Oat,Arkhangai,2024-01,1000000.0
 Oat,Arkhangai,2023-12,
 Oat,Arkhangai,2023-11,1000000.0
 Oat,Arkhangai,2023-10,
 Oat,Arkhangai,2023-09,
 Oat,Arkhangai,2023-08,
 Oat,Arkhangai,2023-07,
 Oat,Arkhangai,2023-06,
 Oat,Arkhangai,2023-05,
 Oat,Arkhangai,2023-04,
 Oat,Arkhangai,2023-03,
 Oat,Arkhangai,2023-02,
 Oat,Arkhangai,2023-01,
 Oat,Arkhangai,2022-12,
 Oat,Arkhangai,2022-11,
 Oat,Arkhangai,2022-10,
 Oat,Arkhangai,2022-09,
 Oat,Arkhangai,2022-08,
 Oat,Arkhangai,2022-07,
 Oat,Arkhangai,2022-06,
 Oat,Arkhangai,2022-05,
 Oat,Arkhangai,2022-04,
 Oat,Arkhangai,2022-03,800000.0
 Oat,Arkhangai,2022-02,800000.0
 Oat,Arkhangai,2022-01,1000000.0
 Oat,Arkhangai,2021-12,
 Oat,Arkhangai,2021-11,
 Oat,Arkhangai,2021-10,
 Oat,Arkhangai,2021-09,
 Oat,Arkhangai,2021-08,
 Oat,Arkhangai,2021-07,
 Oat,Arkhangai,2021-06,
 Oat,Arkhangai,2021-05,
 Oat,Arkhangai,2021-04,
 Oat,Arkhangai,2021-03,
 Oat,Arkhangai,2021-02,
 Oat,Arkhangai,2021-01,
 Oat,Arkhangai,2020-12,
 Oat,Arkhangai,2020-11,
 Oat,Arkhangai,2020-10,600000.0
 Oat,Arkhangai,2020-09,
 Oat,Arkhangai,2020-08,
 Oat,Arkhangai,2020-07,
 Oat,Arkhangai,2020-06,
 Oat,Arkhangai,2020-05,
 Oat,Arkhangai,2020-04,
 Oat,Arkhangai,2020-03,
 Oat,Arkhangai,2020-02,
 Oat,Arkhangai,2020-01,
 Oat,Arkhangai,2019-12,700000.0
 Oat,Arkhangai,2019-11,700000.0
 Oat,Arkhangai,2019-10,700000.0
 Oat,Arkhangai,2019-09,700000.0
 Oat,Arkhangai,2019-08,
 Oat,Arkhangai,2019-07,
 Oat,Arkhangai,2019-06,
 Oat,Arkhangai,2019-05,
 Oat,Arkhangai,2019-04,
 Oat,Arkhangai,2019-03,
 Oat,Arkhangai,2019-02,
 Oat,Arkhangai,2019-01,
 Oat,Arkhangai,2018-12,320000.0
 Oat,Bayankhongor,2025-12,
 Oat,Bayankhongor,2025-11,
 Oat,Bayankhongor,2025-10,
 Oat,Bayankhongor,2025-09,
 Oat,Bayankhongor,2025-08,
 Oat,Bayankhongor,2025-07,
 Oat,Bayankhongor,2025-06,
 Oat,Bayankhongor,2025-05,
 Oat,Bayankhongor,2025-04,
 Oat,Bayankhongor,2025-03,
 Oat,Bayankhongor,2025-02,
 Oat,Bayankhongor,2025-01,
 Oat,Bayankhongor,2024-12,
 Oat,Bayankhongor,2024-11,
 Oat,Bayankhongor,2024-10,
 Oat,Bayankhongor,2024-09,
 Oat,Bayankhongor,2024-08,
 Oat,Bayankhongor,2024-07,
 Oat,Bayankhongor,2024-06,
 Oat,Bayankhongor,2024-05,
 Oat,Bayankhongor,2024-04,
 Oat,Bayankhongor,2024-03,
 Oat,Bayankhongor,2024-02,
 Oat,Bayankhongor,2024-01,
 Oat,Bayankhongor,2023-12,
 Oat,Bayankhongor,2023-11,
 Oat,Bayankhongor,2023-10,
 Oat,Bayankhongor,2023-09,
 Oat,Bayankhongor,2023-08,
 Oat,Bayankhongor,2023-07,
 Oat,Bayankhongor,2023-06,
 Oat,Bayankhongor,2023-05,
 Oat,Bayankhongor,2023-04,
 Oat,Bayankhongor,2023-03,
 Oat,Bayankhongor,2023-02,
 Oat,Bayankhongor,2023-01,
 Oat,Bayankhongor,2022-12,
 Oat,Bayankhongor,2022-11,
 Oat,Bayankhongor,2022-10,
 Oat,Bayankhongor,2022-09,
 Oat,Bayankhongor,2022-08,
 Oat,Bayankhongor,2022-07,
 Oat,Bayankhongor,2022-06,
 Oat,Bayankhongor,2022-05,
 Oat,Bayankhongor,2022-04,
 Oat,Bayankhongor,2022-03,
 Oat,Bayankhongor,2022-02,
 Oat,Bayankhongor,2022-01,
 Oat,Bayankhongor,2021-12,
 Oat,Bayankhongor,2021-11,
 Oat,Bayankhongor,2021-10,
 Oat,Bayankhongor,2021-09,
 Oat,Bayankhongor,2021-08,
 Oat,Bayankhongor,2021-07,
 Oat,Bayankhongor,2021-06,
 Oat,Bayankhongor,2021-05,
 Oat,Bayankhongor,2021-04,
 Oat,Bayankhongor,2021-03,
 Oat,Bayankhongor,2021-02,
 Oat,Bayankhongor,2021-01,
 Oat,Bayankhongor,2020-12,
 Oat,Bayankhongor,2020-11,
 Oat,Bayankhongor,2020-10,
 Oat,Bayankhongor,2020-09,
 Oat,Bayankhongor,2020-08,
 Oat,Bayankhongor,2020-07,
 Oat,Bayankhongor,2020-06,
 Oat,Bayankhongor,2020-05,
 Oat,Bayankhongor,2020-04,
 Oat,Bayankhongor,2020-03,
 Oat,Bayankhongor,2020-02,
 Oat,Bayankhongor,2020-01,
 Oat,Bayankhongor,2019-12,
 Oat,Bayankhongor,2019-11,
 Oat,Bayankhongor,2019-10,
 Oat,Bayankhongor,2019-09,
 Oat,Bayankhongor,2019-08,
 Oat,Bayankhongor,2019-07,
 Oat,Bayankhongor,2019-06,
 Oat,Bayankhongor,2019-05,
 Oat,Bayankhongor,2019-04,
 Oat,Bayankhongor,2019-03,
 Oat,Bayankhongor,2019-02,
 Oat,Bayankhongor,2019-01,
 Oat,Bayankhongor,2018-12,
 Oat,Bulgan,2025-12,
 Oat,Bulgan,2025-11,
 Oat,Bulgan,2025-10,
 Oat,Bulgan,2025-09,
 Oat,Bulgan,2025-08,
 Oat,Bulgan,2025-07,
 Oat,Bulgan,2025-06,
 Oat,Bulgan,2025-05,
 Oat,Bulgan,2025-04,
 Oat,Bulgan,2025-03,
 Oat,Bulgan,2025-02,
 Oat,Bulgan,2025-01,
 Oat,Bulgan,2024-12,
 Oat,Bulgan,2024-11,
 Oat,Bulgan,2024-10,
 Oat,Bulgan,2024-09,
 Oat,Bulgan,2024-08,
 Oat,Bulgan,2024-07,
 Oat,Bulgan,2024-06,
 Oat,Bulgan,2024-05,
 Oat,Bulgan,2024-04,
 Oat,Bulgan,2024-03,
 Oat,Bulgan,2024-02,
 Oat,Bulgan,2024-01,
 Oat,Bulgan,2023-12,
 Oat,Bulgan,2023-11,
 Oat,Bulgan,2023-10,
 Oat,Bulgan,2023-09,
 Oat,Bulgan,2023-08,
 Oat,Bulgan,2023-07,
 Oat,Bulgan,2023-06,
 Oat,Bulgan,2023-05,
 Oat,Bulgan,2023-04,
 Oat,Bulgan,2023-03,
 Oat,Bulgan,2023-02,
 Oat,Bulgan,2023-01,
 Oat,Bulgan,2022-12,
 Oat,Bulgan,2022-11,
 Oat,Bulgan,2022-10,
 Oat,Bulgan,2022-09,
 Oat,Bulgan,2022-08,
 Oat,Bulgan,2022-07,
 Oat,Bulgan,2022-06,
 Oat,Bulgan,2022-05,
 Oat,Bulgan,2022-04,
 Oat,Bulgan,2022-03,
 Oat,Bulgan,2022-02,
 Oat,Bulgan,2022-01,
 Oat,Bulgan,2021-12,
 Oat,Bulgan,2021-11,
 Oat,Bulgan,2021-10,
 Oat,Bulgan,2021-09,
 Oat,Bulgan,2021-08,
 Oat,Bulgan,2021-07,
 Oat,Bulgan,2021-06,
 Oat,Bulgan,2021-05,
 Oat,Bulgan,2021-04,
 Oat,Bulgan,2021-03,
 Oat,Bulgan,2021-02,
 Oat,Bulgan,2021-01,
 Oat,Bulgan,2020-12,
 Oat,Bulgan,2020-11,
 Oat,Bulgan,2020-10,
 Oat,Bulgan,2020-09,
 Oat,Bulgan,2020-08,
 Oat,Bulgan,2020-07,
 Oat,Bulgan,2020-06,
 Oat,Bulgan,2020-05,
 Oat,Bulgan,2020-04,
 Oat,Bulgan,2020-03,
 Oat,Bulgan,2020-02,
 Oat,Bulgan,2020-01,
 Oat,Bulgan,2019-12,625000.0
 Oat,Bulgan,2019-11,550000.0
 Oat,Bulgan,2019-10,
 Oat,Bulgan,2019-09,
 Oat,Bulgan,2019-08,500000.0
 Oat,Bulgan,2019-07,500000.0
 Oat,Bulgan,2019-06,475000.0
 Oat,Bulgan,2019-05,550000.0
 Oat,Bulgan,2019-04,483000.0
 Oat,Bulgan,2019-03,
 Oat,Bulgan,2019-02,500000.0
 Oat,Bulgan,2019-01,550000.0
 Oat,Bulgan,2018-12,570000.0
 Oat,Uvurkhangai,2025-12,
 Oat,Uvurkhangai,2025-11,1450000.0
 Oat,Uvurkhangai,2025-10,
 Oat,Uvurkhangai,2025-09,
 Oat,Uvurkhangai,2025-08,
 Oat,Uvurkhangai,2025-07,
 Oat,Uvurkhangai,2025-06,
 Oat,Uvurkhangai,2025-05,1200000.0
 Oat,Uvurkhangai,2025-04,
 Oat,Uvurkhangai,2025-03,1250000.0
 Oat,Uvurkhangai,2025-02,1100000.0
 Oat,Uvurkhangai,2025-01,1100000.0
 Oat,Uvurkhangai,2024-12,1400000.0
 Oat,Uvurkhangai,2024-11,1350000.0
 Oat,Uvurkhangai,2024-10,1400000.0
 Oat,Uvurkhangai,2024-09,1350000.0
 Oat,Uvurkhangai,2024-08,
 Oat,Uvurkhangai,2024-07,1200000.0
 Oat,Uvurkhangai,2024-06,
 Oat,Uvurkhangai,2024-05,1250000.0
 Oat,Uvurkhangai,2024-04,1150000.0
 Oat,Uvurkhangai,2024-03,1100000.0
 Oat,Uvurkhangai,2024-02,1100000.0
 Oat,Uvurkhangai,2024-01,1200000.0
 Oat,Uvurkhangai,2023-12,1200000.0
 Oat,Uvurkhangai,2023-11,1350000.0
 Oat,Uvurkhangai,2023-10,
 Oat,Uvurkhangai,2023-09,1350000.0
 Oat,Uvurkhangai,2023-08,1450000.0
 Oat,Uvurkhangai,2023-07,1450000.0
 Oat,Uvurkhangai,2023-06,1450000.0
 Oat,Uvurkhangai,2023-05,1450000.0
 Oat,Uvurkhangai,2023-04,1550000.0
 Oat,Uvurkhangai,2023-03,1550000.0
 Oat,Uvurkhangai,2023-02,1550000.0
 Oat,Uvurkhangai,2023-01,1600000.0
 Oat,Uvurkhangai,2022-12,1600000.0
 Oat,Uvurkhangai,2022-11,1600000.0
 Oat,Uvurkhangai,2022-10,1250000.0
 Oat,Uvurkhangai,2022-09,
 Oat,Uvurkhangai,2022-08,
 Oat,Uvurkhangai,2022-07,
 Oat,Uvurkhangai,2022-06,750000.0
 Oat,Uvurkhangai,2022-05,700000.0
 Oat,Uvurkhangai,2022-04,700000.0
 Oat,Uvurkhangai,2022-03,700000.0
 Oat,Uvurkhangai,2022-02,730000.0
 Oat,Uvurkhangai,2022-01,730000.0
 Oat,Uvurkhangai,2021-12,750000.0
 Oat,Uvurkhangai,2021-11,750000.0
 Oat,Uvurkhangai,2021-10,750000.0
 Oat,Uvurkhangai,2021-09,750000.0
 Oat,Uvurkhangai,2021-08,750000.0
 Oat,Uvurkhangai,2021-07,750000.0
 Oat,Uvurkhangai,2021-06,750000.0
 Oat,Uvurkhangai,2021-05,750000.0
 Oat,Uvurkhangai,2021-04,750000.0
 Oat,Uvurkhangai,2021-03,750000.0
 Oat,Uvurkhangai,2021-02,750000.0
 Oat,Uvurkhangai,2021-01,750000.0
 Oat,Uvurkhangai,2020-12,750000.0
 Oat,Uvurkhangai,2020-11,750000.0
 Oat,Uvurkhangai,2020-10,700000.0
 Oat,Uvurkhangai,2020-09,700000.0
 Oat,Uvurkhangai,2020-08,700000.0
 Oat,Uvurkhangai,2020-07,700000.0
 Oat,Uvurkhangai,2020-06,700000.0
 Oat,Uvurkhangai,2020-05,850000.0
 Oat,Uvurkhangai,2020-04,850000.0
 Oat,Uvurkhangai,2020-03,700000.0
 Oat,Uvurkhangai,2020-02,700000.0
 Oat,Uvurkhangai,2020-01,700000.0
 Oat,Uvurkhangai,2019-12,700000.0
 Oat,Uvurkhangai,2019-11,700000.0
 Oat,Uvurkhangai,2019-10,700000.0
 Oat,Uvurkhangai,2019-09,700000.0
 Oat,Uvurkhangai,2019-08,700000.0
 Oat,Uvurkhangai,2019-07,700000.0
 Oat,Uvurkhangai,2019-06,700000.0
 Oat,Uvurkhangai,2019-05,700000.0
 Oat,Uvurkhangai,2019-04,800000.0
 Oat,Uvurkhangai,2019-03,600000.0
 Oat,Uvurkhangai,2019-02,700000.0
 Oat,Uvurkhangai,2019-01,700000.0
 Oat,Uvurkhangai,2018-12,700000.0
 Oat,Khuvsgul,2025-12,
 Oat,Khuvsgul,2025-11,
 Oat,Khuvsgul,2025-10,
 Oat,Khuvsgul,2025-09,
 Oat,Khuvsgul,2025-08,
 Oat,Khuvsgul,2025-07,
 Oat,Khuvsgul,2025-06,
 Oat,Khuvsgul,2025-05,
 Oat,Khuvsgul,2025-04,
 Oat,Khuvsgul,2025-03,
 Oat,Khuvsgul,2025-02,
 Oat,Khuvsgul,2025-01,
 Oat,Khuvsgul,2024-12,
 Oat,Khuvsgul,2024-11,
 Oat,Khuvsgul,2024-10,
 Oat,Khuvsgul,2024-09,
 Oat,Khuvsgul,2024-08,
 Oat,Khuvsgul,2024-07,
 Oat,Khuvsgul,2024-06,
 Oat,Khuvsgul,2024-05,1300000.0
 Oat,Khuvsgul,2024-04,
 Oat,Khuvsgul,2024-03,
 Oat,Khuvsgul,2024-02,
 Oat,Khuvsgul,2024-01,
 Oat,Khuvsgul,2023-12,
 Oat,Khuvsgul,2023-11,
 Oat,Khuvsgul,2023-10,
 Oat,Khuvsgul,2023-09,
 Oat,Khuvsgul,2023-08,
 Oat,Khuvsgul,2023-07,
 Oat,Khuvsgul,2023-06,
 Oat,Khuvsgul,2023-05,
 Oat,Khuvsgul,2023-04,
 Oat,Khuvsgul,2023-03,
 Oat,Khuvsgul,2023-02,
 Oat,Khuvsgul,2023-01,
 Oat,Khuvsgul,2022-12,
 Oat,Khuvsgul,2022-11,
 Oat,Khuvsgul,2022-10,700000.0
 Oat,Khuvsgul,2022-09,
 Oat,Khuvsgul,2022-08,
 Oat,Khuvsgul,2022-07,
 Oat,Khuvsgul,2022-06,
 Oat,Khuvsgul,2022-05,
 Oat,Khuvsgul,2022-04,
 Oat,Khuvsgul,2022-03,
 Oat,Khuvsgul,2022-02,
 Oat,Khuvsgul,2022-01,
 Oat,Khuvsgul,2021-12,
 Oat,Khuvsgul,2021-11,
 Oat,Khuvsgul,2021-10,
 Oat,Khuvsgul,2021-09,
 Oat,Khuvsgul,2021-08,
 Oat,Khuvsgul,2021-07,
 Oat,Khuvsgul,2021-06,
 Oat,Khuvsgul,2021-05,
 Oat,Khuvsgul,2021-04,
 Oat,Khuvsgul,2021-03,
 Oat,Khuvsgul,2021-02,
 Oat,Khuvsgul,2021-01,
 Oat,Khuvsgul,2020-12,
 Oat,Khuvsgul,2020-11,
 Oat,Khuvsgul,2020-10,
 Oat,Khuvsgul,2020-09,
 Oat,Khuvsgul,2020-08,
 Oat,Khuvsgul,2020-07,
 Oat,Khuvsgul,2020-06,
 Oat,Khuvsgul,2020-05,
 Oat,Khuvsgul,2020-04,
 Oat,Khuvsgul,2020-03,
 Oat,Khuvsgul,2020-02,
 Oat,Khuvsgul,2020-01,
 Oat,Khuvsgul,2019-12,
 Oat,Khuvsgul,2019-11,
 Oat,Khuvsgul,2019-10,
 Oat,Khuvsgul,2019-09,
 Oat,Khuvsgul,2019-08,
 Oat,Khuvsgul,2019-07,
 Oat,Khuvsgul,2019-06,
 Oat,Khuvsgul,2019-05,
 Oat,Khuvsgul,2019-04,
 Oat,Khuvsgul,2019-03,
 Oat,Khuvsgul,2019-02,
 Oat,Khuvsgul,2019-01,
 Oat,Khuvsgul,2018-12,
 Oat,Orkhon,2025-12,
 Oat,Orkhon,2025-11,
 Oat,Orkhon,2025-10,
 Oat,Orkhon,2025-09,1500000.0
 Oat,Orkhon,2025-08,
 Oat,Orkhon,2025-07,
 Oat,Orkhon,2025-06,1200000.0
 Oat,Orkhon,2025-05,
 Oat,Orkhon,2025-04,1450000.0
 Oat,Orkhon,2025-03,
 Oat,Orkhon,2025-02,
 Oat,Orkhon,2025-01,
 Oat,Orkhon,2024-12,
 Oat,Orkhon,2024-11,
 Oat,Orkhon,2024-10,
 Oat,Orkhon,2024-09,
 Oat,Orkhon,2024-08,
 Oat,Orkhon,2024-07,
 Oat,Orkhon,2024-06,
 Oat,Orkhon,2024-05,
 Oat,Orkhon,2024-04,
 Oat,Orkhon,2024-03,
 Oat,Orkhon,2024-02,
 Oat,Orkhon,2024-01,
 Oat,Orkhon,2023-12,
 Oat,Orkhon,2023-11,
 Oat,Orkhon,2023-10,
 Oat,Orkhon,2023-09,
 Oat,Orkhon,2023-08,
 Oat,Orkhon,2023-07,
 Oat,Orkhon,2023-06,
 Oat,Orkhon,2023-05,
 Oat,Orkhon,2023-04,
 Oat,Orkhon,2023-03,
 Oat,Orkhon,2023-02,
 Oat,Orkhon,2023-01,
 Oat,Orkhon,2022-12,
 Oat,Orkhon,2022-11,
 Oat,Orkhon,2022-10,
 Oat,Orkhon,2022-09,
 Oat,Orkhon,2022-08,
 Oat,Orkhon,2022-07,
 Oat,Orkhon,2022-06,
 Oat,Orkhon,2022-05,
 Oat,Orkhon,2022-04,
 Oat,Orkhon,2022-03,
 Oat,Orkhon,2022-02,500000.0
 Oat,Orkhon,2022-01,
 Oat,Orkhon,2021-12,
 Oat,Orkhon,2021-11,
 Oat,Orkhon,2021-10,
 Oat,Orkhon,2021-09,
 Oat,Orkhon,2021-08,
 Oat,Orkhon,2021-07,
 Oat,Orkhon,2021-06,
 Oat,Orkhon,2021-05,
 Oat,Orkhon,2021-04,
 Oat,Orkhon,2021-03,
 Oat,Orkhon,2021-02,
 Oat,Orkhon,2021-01,
 Oat,Orkhon,2020-12,
 Oat,Orkhon,2020-11,
 Oat,Orkhon,2020-10,
 Oat,Orkhon,2020-09,
 Oat,Orkhon,2020-08,
 Oat,Orkhon,2020-07,
 Oat,Orkhon,2020-06,
 Oat,Orkhon,2020-05,
 Oat,Orkhon,2020-04,
 Oat,Orkhon,2020-03,
 Oat,Orkhon,2020-02,
 Oat,Orkhon,2020-01,
 Oat,Orkhon,2019-12,
 Oat,Orkhon,2019-11,
 Oat,Orkhon,2019-10,
 Oat,Orkhon,2019-09,
 Oat,Orkhon,2019-08,
 Oat,Orkhon,2019-07,
 Oat,Orkhon,2019-06,
 Oat,Orkhon,2019-05,
 Oat,Orkhon,2019-04,
 Oat,Orkhon,2019-03,
 Oat,Orkhon,2019-02,
 Oat,Orkhon,2019-01,
 Oat,Orkhon,2018-12,
 Oat,Central region,2025-12,
 Oat,Central region,2025-11,
 Oat,Central region,2025-10,
 Oat,Central region,2025-09,
 Oat,Central region,2025-08,
 Oat,Central region,2025-07,
 Oat,Central region,2025-06,
 Oat,Central region,2025-05,
 Oat,Central region,2025-04,
 Oat,Central region,2025-03,
 Oat,Central region,2025-02,
 Oat,Central region,2025-01,
 Oat,Central region,2024-12,
 Oat,Central region,2024-11,
 Oat,Central region,2024-10,
 Oat,Central region,2024-09,
 Oat,Central region,2024-08,
 Oat,Central region,2024-07,
 Oat,Central region,2024-06,
 Oat,Central region,2024-05,
 Oat,Central region,2024-04,
 Oat,Central region,2024-03,
 Oat,Central region,2024-02,
 Oat,Central region,2024-01,
 Oat,Central region,2023-12,
 Oat,Central region,2023-11,
 Oat,Central region,2023-10,
 Oat,Central region,2023-09,
 Oat,Central region,2023-08,
 Oat,Central region,2023-07,
 Oat,Central region,2023-06,
 Oat,Central region,2023-05,
 Oat,Central region,2023-04,
 Oat,Central region,2023-03,
 Oat,Central region,2023-02,
 Oat,Central region,2023-01,
 Oat,Central region,2022-12,
 Oat,Central region,2022-11,
 Oat,Central region,2022-10,
 Oat,Central region,2022-09,
 Oat,Central region,2022-08,
 Oat,Central region,2022-07,
 Oat,Central region,2022-06,
 Oat,Central region,2022-05,
 Oat,Central region,2022-04,
 Oat,Central region,2022-03,
 Oat,Central region,2022-02,
 Oat,Central region,2022-01,
 Oat,Central region,2021-12,
 Oat,Central region,2021-11,
 Oat,Central region,2021-10,
 Oat,Central region,2021-09,
 Oat,Central region,2021-08,
 Oat,Central region,2021-07,
 Oat,Central region,2021-06,
 Oat,Central region,2021-05,
 Oat,Central region,2021-04,
 Oat,Central region,2021-03,
 Oat,Central region,2021-02,
 Oat,Central region,2021-01,
 Oat,Central region,2020-12,
 Oat,Central region,2020-11,
 Oat,Central region,2020-10,
 Oat,Central region,2020-09,
 Oat,Central region,2020-08,
 Oat,Central region,2020-07,
 Oat,Central region,2020-06,
 Oat,Central region,2020-05,
 Oat,Central region,2020-04,
 Oat,Central region,2020-03,
 Oat,Central region,2020-02,
 Oat,Central region,2020-01,
 Oat,Central region,2019-12,
 Oat,Central region,2019-11,
 Oat,Central region,2019-10,
 Oat,Central region,2019-09,
 Oat,Central region,2019-08,
 Oat,Central region,2019-07,
 Oat,Central region,2019-06,
 Oat,Central region,2019-05,
 Oat,Central region,2019-04,
 Oat,Central region,2019-03,
 Oat,Central region,2019-02,
 Oat,Central region,2019-01,
 Oat,Central region,2018-12,
 Oat,Govisumber,2025-12,
 Oat,Govisumber,2025-11,
 Oat,Govisumber,2025-10,
 Oat,Govisumber,2025-09,
 Oat,Govisumber,2025-08,
 Oat,Govisumber,2025-07,
 Oat,Govisumber,2025-06,
 Oat,Govisumber,2025-05,
 Oat,Govisumber,2025-04,
 Oat,Govisumber,2025-03,
 Oat,Govisumber,2025-02,
 Oat,Govisumber,2025-01,
 Oat,Govisumber,2024-12,
 Oat,Govisumber,2024-11,
 Oat,Govisumber,2024-10,
 Oat,Govisumber,2024-09,
 Oat,Govisumber,2024-08,
 Oat,Govisumber,2024-07,
 Oat,Govisumber,2024-06,
 Oat,Govisumber,2024-05,
 Oat,Govisumber,2024-04,
 Oat,Govisumber,2024-03,
 Oat,Govisumber,2024-02,
 Oat,Govisumber,2024-01,
 Oat,Govisumber,2023-12,
 Oat,Govisumber,2023-11,
 Oat,Govisumber,2023-10,
 Oat,Govisumber,2023-09,
 Oat,Govisumber,2023-08,
 Oat,Govisumber,2023-07,
 Oat,Govisumber,2023-06,
 Oat,Govisumber,2023-05,
 Oat,Govisumber,2023-04,
 Oat,Govisumber,2023-03,
 Oat,Govisumber,2023-02,
 Oat,Govisumber,2023-01,
 Oat,Govisumber,2022-12,
 Oat,Govisumber,2022-11,
 Oat,Govisumber,2022-10,
 Oat,Govisumber,2022-09,
 Oat,Govisumber,2022-08,
 Oat,Govisumber,2022-07,
 Oat,Govisumber,2022-06,
 Oat,Govisumber,2022-05,
 Oat,Govisumber,2022-04,
 Oat,Govisumber,2022-03,
 Oat,Govisumber,2022-02,
 Oat,Govisumber,2022-01,
 Oat,Govisumber,2021-12,
 Oat,Govisumber,2021-11,
 Oat,Govisumber,2021-10,
 Oat,Govisumber,2021-09,
 Oat,Govisumber,2021-08,
 Oat,Govisumber,2021-07,
 Oat,Govisumber,2021-06,
 Oat,Govisumber,2021-05,
 Oat,Govisumber,2021-04,
 Oat,Govisumber,2021-03,
 Oat,Govisumber,2021-02,
 Oat,Govisumber,2021-01,
 Oat,Govisumber,2020-12,
 Oat,Govisumber,2020-11,
 Oat,Govisumber,2020-10,
 Oat,Govisumber,2020-09,
 Oat,Govisumber,2020-08,
 Oat,Govisumber,2020-07,
 Oat,Govisumber,2020-06,
 Oat,Govisumber,2020-05,
 Oat,Govisumber,2020-04,
 Oat,Govisumber,2020-03,
 Oat,Govisumber,2020-02,600000.0
 Oat,Govisumber,2020-01,
 Oat,Govisumber,2019-12,
 Oat,Govisumber,2019-11,
 Oat,Govisumber,2019-10,
 Oat,Govisumber,2019-09,
 Oat,Govisumber,2019-08,
 Oat,Govisumber,2019-07,
 Oat,Govisumber,2019-06,
 Oat,Govisumber,2019-05,
 Oat,Govisumber,2019-04,
 Oat,Govisumber,2019-03,
 Oat,Govisumber,2019-02,
 Oat,Govisumber,2019-01,
 Oat,Govisumber,2018-12,
 Oat,Darkhan-Uul,2025-12,
 Oat,Darkhan-Uul,2025-11,
 Oat,Darkhan-Uul,2025-10,
 Oat,Darkhan-Uul,2025-09,
 Oat,Darkhan-Uul,2025-08,
 Oat,Darkhan-Uul,2025-07,
 Oat,Darkhan-Uul,2025-06,
 Oat,Darkhan-Uul,2025-05,
 Oat,Darkhan-Uul,2025-04,
 Oat,Darkhan-Uul,2025-03,
 Oat,Darkhan-Uul,2025-02,
 Oat,Darkhan-Uul,2025-01,
 Oat,Darkhan-Uul,2024-12,
 Oat,Darkhan-Uul,2024-11,
 Oat,Darkhan-Uul,2024-10,
 Oat,Darkhan-Uul,2024-09,
 Oat,Darkhan-Uul,2024-08,
 Oat,Darkhan-Uul,2024-07,
 Oat,Darkhan-Uul,2024-06,
 Oat,Darkhan-Uul,2024-05,
 Oat,Darkhan-Uul,2024-04,
 Oat,Darkhan-Uul,2024-03,
 Oat,Darkhan-Uul,2024-02,
 Oat,Darkhan-Uul,2024-01,
 Oat,Darkhan-Uul,2023-12,
 Oat,Darkhan-Uul,2023-11,
 Oat,Darkhan-Uul,2023-10,
 Oat,Darkhan-Uul,2023-09,
 Oat,Darkhan-Uul,2023-08,
 Oat,Darkhan-Uul,2023-07,
 Oat,Darkhan-Uul,2023-06,
 Oat,Darkhan-Uul,2023-05,
 Oat,Darkhan-Uul,2023-04,
 Oat,Darkhan-Uul,2023-03,
 Oat,Darkhan-Uul,2023-02,
 Oat,Darkhan-Uul,2023-01,
 Oat,Darkhan-Uul,2022-12,
 Oat,Darkhan-Uul,2022-11,
 Oat,Darkhan-Uul,2022-10,
 Oat,Darkhan-Uul,2022-09,
 Oat,Darkhan-Uul,2022-08,
 Oat,Darkhan-Uul,2022-07,
 Oat,Darkhan-Uul,2022-06,
 Oat,Darkhan-Uul,2022-05,
 Oat,Darkhan-Uul,2022-04,
 Oat,Darkhan-Uul,2022-03,
 Oat,Darkhan-Uul,2022-02,
 Oat,Darkhan-Uul,2022-01,
 Oat,Darkhan-Uul,2021-12,
 Oat,Darkhan-Uul,2021-11,
 Oat,Darkhan-Uul,2021-10,
 Oat,Darkhan-Uul,2021-09,
 Oat,Darkhan-Uul,2021-08,
 Oat,Darkhan-Uul,2021-07,
 Oat,Darkhan-Uul,2021-06,
 Oat,Darkhan-Uul,2021-05,
 Oat,Darkhan-Uul,2021-04,
 Oat,Darkhan-Uul,2021-03,
 Oat,Darkhan-Uul,2021-02,
 Oat,Darkhan-Uul,2021-01,
 Oat,Darkhan-Uul,2020-12,
 Oat,Darkhan-Uul,2020-11,
 Oat,Darkhan-Uul,2020-10,
 Oat,Darkhan-Uul,2020-09,
 Oat,Darkhan-Uul,2020-08,
 Oat,Darkhan-Uul,2020-07,
 Oat,Darkhan-Uul,2020-06,
 Oat,Darkhan-Uul,2020-05,
 Oat,Darkhan-Uul,2020-04,
 Oat,Darkhan-Uul,2020-03,
 Oat,Darkhan-Uul,2020-02,
 Oat,Darkhan-Uul,2020-01,
 Oat,Darkhan-Uul,2019-12,
 Oat,Darkhan-Uul,2019-11,
 Oat,Darkhan-Uul,2019-10,
 Oat,Darkhan-Uul,2019-09,
 Oat,Darkhan-Uul,2019-08,
 Oat,Darkhan-Uul,2019-07,
 Oat,Darkhan-Uul,2019-06,
 Oat,Darkhan-Uul,2019-05,
 Oat,Darkhan-Uul,2019-04,
 Oat,Darkhan-Uul,2019-03,875000.0
 Oat,Darkhan-Uul,2019-02,
 Oat,Darkhan-Uul,2019-01,
 Oat,Darkhan-Uul,2018-12,
 Oat,Dornogovi,2025-12,
 Oat,Dornogovi,2025-11,
 Oat,Dornogovi,2025-10,
 Oat,Dornogovi,2025-09,
 Oat,Dornogovi,2025-08,
 Oat,Dornogovi,2025-07,
 Oat,Dornogovi,2025-06,
 Oat,Dornogovi,2025-05,
 Oat,Dornogovi,2025-04,
 Oat,Dornogovi,2025-03,
 Oat,Dornogovi,2025-02,
 Oat,Dornogovi,2025-01,
 Oat,Dornogovi,2024-12,
 Oat,Dornogovi,2024-11,
 Oat,Dornogovi,2024-10,
 Oat,Dornogovi,2024-09,
 Oat,Dornogovi,2024-08,
 Oat,Dornogovi,2024-07,
 Oat,Dornogovi,2024-06,
 Oat,Dornogovi,2024-05,
 Oat,Dornogovi,2024-04,
 Oat,Dornogovi,2024-03,
 Oat,Dornogovi,2024-02,
 Oat,Dornogovi,2024-01,
 Oat,Dornogovi,2023-12,
 Oat,Dornogovi,2023-11,
 Oat,Dornogovi,2023-10,
 Oat,Dornogovi,2023-09,
 Oat,Dornogovi,2023-08,
 Oat,Dornogovi,2023-07,
 Oat,Dornogovi,2023-06,
 Oat,Dornogovi,2023-05,
 Oat,Dornogovi,2023-04,
 Oat,Dornogovi,2023-03,
 Oat,Dornogovi,2023-02,
 Oat,Dornogovi,2023-01,
 Oat,Dornogovi,2022-12,
 Oat,Dornogovi,2022-11,
 Oat,Dornogovi,2022-10,
 Oat,Dornogovi,2022-09,
 Oat,Dornogovi,2022-08,
 Oat,Dornogovi,2022-07,
 Oat,Dornogovi,2022-06,
 Oat,Dornogovi,2022-05,
 Oat,Dornogovi,2022-04,
 Oat,Dornogovi,2022-03,
 Oat,Dornogovi,2022-02,
 Oat,Dornogovi,2022-01,
 Oat,Dornogovi,2021-12,
 Oat,Dornogovi,2021-11,
 Oat,Dornogovi,2021-10,
 Oat,Dornogovi,2021-09,
 Oat,Dornogovi,2021-08,
 Oat,Dornogovi,2021-07,
 Oat,Dornogovi,2021-06,
 Oat,Dornogovi,2021-05,
 Oat,Dornogovi,2021-04,
 Oat,Dornogovi,2021-03,
 Oat,Dornogovi,2021-02,
 Oat,Dornogovi,2021-01,
 Oat,Dornogovi,2020-12,
 Oat,Dornogovi,2020-11,
 Oat,Dornogovi,2020-10,
 Oat,Dornogovi,2020-09,
 Oat,Dornogovi,2020-08,
 Oat,Dornogovi,2020-07,
 Oat,Dornogovi,2020-06,
 Oat,Dornogovi,2020-05,
 Oat,Dornogovi,2020-04,
 Oat,Dornogovi,2020-03,
 Oat,Dornogovi,2020-02,760000.0
 Oat,Dornogovi,2020-01,760000.0
 Oat,Dornogovi,2019-12,
 Oat,Dornogovi,2019-11,
 Oat,Dornogovi,2019-10,
 Oat,Dornogovi,2019-09,
 Oat,Dornogovi,2019-08,
 Oat,Dornogovi,2019-07,
 Oat,Dornogovi,2019-06,
 Oat,Dornogovi,2019-05,875000.0
 Oat,Dornogovi,2019-04,875000.0
 Oat,Dornogovi,2019-03,875000.0
 Oat,Dornogovi,2019-02,
 Oat,Dornogovi,2019-01,
 Oat,Dornogovi,2018-12,
 Oat,Dundgovi,2025-12,
 Oat,Dundgovi,2025-11,
 Oat,Dundgovi,2025-10,
 Oat,Dundgovi,2025-09,
 Oat,Dundgovi,2025-08,
 Oat,Dundgovi,2025-07,
 Oat,Dundgovi,2025-06,
 Oat,Dundgovi,2025-05,
 Oat,Dundgovi,2025-04,
 Oat,Dundgovi,2025-03,
 Oat,Dundgovi,2025-02,
 Oat,Dundgovi,2025-01,
 Oat,Dundgovi,2024-12,
 Oat,Dundgovi,2024-11,
 Oat,Dundgovi,2024-10,
 Oat,Dundgovi,2024-09,
 Oat,Dundgovi,2024-08,
 Oat,Dundgovi,2024-07,
 Oat,Dundgovi,2024-06,
 Oat,Dundgovi,2024-05,
 Oat,Dundgovi,2024-04,
 Oat,Dundgovi,2024-03,
 Oat,Dundgovi,2024-02,
 Oat,Dundgovi,2024-01,
 Oat,Dundgovi,2023-12,
 Oat,Dundgovi,2023-11,
 Oat,Dundgovi,2023-10,
 Oat,Dundgovi,2023-09,
 Oat,Dundgovi,2023-08,
 Oat,Dundgovi,2023-07,
 Oat,Dundgovi,2023-06,
 Oat,Dundgovi,2023-05,
 Oat,Dundgovi,2023-04,
 Oat,Dundgovi,2023-03,
 Oat,Dundgovi,2023-02,
 Oat,Dundgovi,2023-01,
 Oat,Dundgovi,2022-12,
 Oat,Dundgovi,2022-11,
 Oat,Dundgovi,2022-10,
 Oat,Dundgovi,2022-09,
 Oat,Dundgovi,2022-08,
 Oat,Dundgovi,2022-07,
 Oat,Dundgovi,2022-06,
 Oat,Dundgovi,2022-05,
 Oat,Dundgovi,2022-04,
 Oat,Dundgovi,2022-03,
 Oat,Dundgovi,2022-02,
 Oat,Dundgovi,2022-01,
 Oat,Dundgovi,2021-12,
 Oat,Dundgovi,2021-11,
 Oat,Dundgovi,2021-10,
 Oat,Dundgovi,2021-09,
 Oat,Dundgovi,2021-08,
 Oat,Dundgovi,2021-07,
 Oat,Dundgovi,2021-06,
 Oat,Dundgovi,2021-05,
 Oat,Dundgovi,2021-04,
 Oat,Dundgovi,2021-03,
 Oat,Dundgovi,2021-02,
 Oat,Dundgovi,2021-01,
 Oat,Dundgovi,2020-12,
 Oat,Dundgovi,2020-11,
 Oat,Dundgovi,2020-10,
 Oat,Dundgovi,2020-09,
 Oat,Dundgovi,2020-08,
 Oat,Dundgovi,2020-07,
 Oat,Dundgovi,2020-06,
 Oat,Dundgovi,2020-05,
 Oat,Dundgovi,2020-04,
 Oat,Dundgovi,2020-03,
 Oat,Dundgovi,2020-02,
 Oat,Dundgovi,2020-01,
 Oat,Dundgovi,2019-12,
 Oat,Dundgovi,2019-11,
 Oat,Dundgovi,2019-10,
 Oat,Dundgovi,2019-09,
 Oat,Dundgovi,2019-08,
 Oat,Dundgovi,2019-07,
 Oat,Dundgovi,2019-06,
 Oat,Dundgovi,2019-05,
 Oat,Dundgovi,2019-04,
 Oat,Dundgovi,2019-03,
 Oat,Dundgovi,2019-02,
 Oat,Dundgovi,2019-01,
 Oat,Dundgovi,2018-12,
 Oat,Umnugovi,2025-12,
 Oat,Umnugovi,2025-11,
 Oat,Umnugovi,2025-10,
 Oat,Umnugovi,2025-09,1250000.0
 Oat,Umnugovi,2025-08,1225000.0
 Oat,Umnugovi,2025-07,1250000.0
 Oat,Umnugovi,2025-06,1225000.0
 Oat,Umnugovi,2025-05,
 Oat,Umnugovi,2025-04,1400000.0
 Oat,Umnugovi,2025-03,
 Oat,Umnugovi,2025-02,
 Oat,Umnugovi,2025-01,
 Oat,Umnugovi,2024-12,
 Oat,Umnugovi,2024-11,
 Oat,Umnugovi,2024-10,
 Oat,Umnugovi,2024-09,
 Oat,Umnugovi,2024-08,
 Oat,Umnugovi,2024-07,
 Oat,Umnugovi,2024-06,
 Oat,Umnugovi,2024-05,
 Oat,Umnugovi,2024-04,
 Oat,Umnugovi,2024-03,
 Oat,Umnugovi,2024-02,
 Oat,Umnugovi,2024-01,
 Oat,Umnugovi,2023-12,
 Oat,Umnugovi,2023-11,
 Oat,Umnugovi,2023-10,
 Oat,Umnugovi,2023-09,
 Oat,Umnugovi,2023-08,
 Oat,Umnugovi,2023-07,
 Oat,Umnugovi,2023-06,
 Oat,Umnugovi,2023-05,
 Oat,Umnugovi,2023-04,
 Oat,Umnugovi,2023-03,
 Oat,Umnugovi,2023-02,
 Oat,Umnugovi,2023-01,
 Oat,Umnugovi,2022-12,
 Oat,Umnugovi,2022-11,
 Oat,Umnugovi,2022-10,
 Oat,Umnugovi,2022-09,
 Oat,Umnugovi,2022-08,
 Oat,Umnugovi,2022-07,
 Oat,Umnugovi,2022-06,
 Oat,Umnugovi,2022-05,
 Oat,Umnugovi,2022-04,
 Oat,Umnugovi,2022-03,
 Oat,Umnugovi,2022-02,
 Oat,Umnugovi,2022-01,
 Oat,Umnugovi,2021-12,
 Oat,Umnugovi,2021-11,
 Oat,Umnugovi,2021-10,
 Oat,Umnugovi,2021-09,
 Oat,Umnugovi,2021-08,
 Oat,Umnugovi,2021-07,
 Oat,Umnugovi,2021-06,
 Oat,Umnugovi,2021-05,
 Oat,Umnugovi,2021-04,
 Oat,Umnugovi,2021-03,
 Oat,Umnugovi,2021-02,
 Oat,Umnugovi,2021-01,
 Oat,Umnugovi,2020-12,
 Oat,Umnugovi,2020-11,
 Oat,Umnugovi,2020-10,
 Oat,Umnugovi,2020-09,
 Oat,Umnugovi,2020-08,
 Oat,Umnugovi,2020-07,
 Oat,Umnugovi,2020-06,
 Oat,Umnugovi,2020-05,
 Oat,Umnugovi,2020-04,
 Oat,Umnugovi,2020-03,
 Oat,Umnugovi,2020-02,
 Oat,Umnugovi,2020-01,
 Oat,Umnugovi,2019-12,
 Oat,Umnugovi,2019-11,
 Oat,Umnugovi,2019-10,
 Oat,Umnugovi,2019-09,
 Oat,Umnugovi,2019-08,
 Oat,Umnugovi,2019-07,
 Oat,Umnugovi,2019-06,
 Oat,Umnugovi,2019-05,
 Oat,Umnugovi,2019-04,
 Oat,Umnugovi,2019-03,875000.0
 Oat,Umnugovi,2019-02,
 Oat,Umnugovi,2019-01,
 Oat,Umnugovi,2018-12,
 Oat,Selenge,2025-12,
 Oat,Selenge,2025-11,
 Oat,Selenge,2025-10,
 Oat,Selenge,2025-09,
 Oat,Selenge,2025-08,
 Oat,Selenge,2025-07,
 Oat,Selenge,2025-06,
 Oat,Selenge,2025-05,
 Oat,Selenge,2025-04,
 Oat,Selenge,2025-03,
 Oat,Selenge,2025-02,
 Oat,Selenge,2025-01,
 Oat,Selenge,2024-12,
 Oat,Selenge,2024-11,
 Oat,Selenge,2024-10,
 Oat,Selenge,2024-09,
 Oat,Selenge,2024-08,
 Oat,Selenge,2024-07,
 Oat,Selenge,2024-06,
 Oat,Selenge,2024-05,
 Oat,Selenge,2024-04,
 Oat,Selenge,2024-03,
 Oat,Selenge,2024-02,
 Oat,Selenge,2024-01,
 Oat,Selenge,2023-12,
 Oat,Selenge,2023-11,
 Oat,Selenge,2023-10,
 Oat,Selenge,2023-09,
 Oat,Selenge,2023-08,
 Oat,Selenge,2023-07,
 Oat,Selenge,2023-06,
 Oat,Selenge,2023-05,
 Oat,Selenge,2023-04,
 Oat,Selenge,2023-03,
 Oat,Selenge,2023-02,
 Oat,Selenge,2023-01,
 Oat,Selenge,2022-12,
 Oat,Selenge,2022-11,
 Oat,Selenge,2022-10,
 Oat,Selenge,2022-09,
 Oat,Selenge,2022-08,
 Oat,Selenge,2022-07,
 Oat,Selenge,2022-06,
 Oat,Selenge,2022-05,
 Oat,Selenge,2022-04,
 Oat,Selenge,2022-03,
 Oat,Selenge,2022-02,
 Oat,Selenge,2022-01,
 Oat,Selenge,2021-12,
 Oat,Selenge,2021-11,
 Oat,Selenge,2021-10,
 Oat,Selenge,2021-09,
 Oat,Selenge,2021-08,
 Oat,Selenge,2021-07,
 Oat,Selenge,2021-06,
 Oat,Selenge,2021-05,
 Oat,Selenge,2021-04,
 Oat,Selenge,2021-03,
 Oat,Selenge,2021-02,
 Oat,Selenge,2021-01,
 Oat,Selenge,2020-12,
 Oat,Selenge,2020-11,
 Oat,Selenge,2020-10,
 Oat,Selenge,2020-09,
 Oat,Selenge,2020-08,
 Oat,Selenge,2020-07,
 Oat,Selenge,2020-06,
 Oat,Selenge,2020-05,
 Oat,Selenge,2020-04,
 Oat,Selenge,2020-03,
 Oat,Selenge,2020-02,
 Oat,Selenge,2020-01,
 Oat,Selenge,2019-12,600000.0
 Oat,Selenge,2019-11,700000.0
 Oat,Selenge,2019-10,600000.0
 Oat,Selenge,2019-09,800000.0
 Oat,Selenge,2019-08,
 Oat,Selenge,2019-07,
 Oat,Selenge,2019-06,300000.0
 Oat,Selenge,2019-05,300000.0
 Oat,Selenge,2019-04,300000.0
 Oat,Selenge,2019-03,400000.0
 Oat,Selenge,2019-02,400000.0
 Oat,Selenge,2019-01,400000.0
 Oat,Selenge,2018-12,450000.0
 Oat,Tuv,2025-12,
 Oat,Tuv,2025-11,1375000.0
 Oat,Tuv,2025-10,
 Oat,Tuv,2025-09,
 Oat,Tuv,2025-08,
 Oat,Tuv,2025-07,
 Oat,Tuv,2025-06,
 Oat,Tuv,2025-05,1175000.0
 Oat,Tuv,2025-04,
 Oat,Tuv,2025-03,1250000.0
 Oat,Tuv,2025-02,1100000.0
 Oat,Tuv,2025-01,1066667.0
 Oat,Tuv,2024-12,1500000.0
 Oat,Tuv,2024-11,
 Oat,Tuv,2024-10,1125000.0
 Oat,Tuv,2024-09,850000.0
 Oat,Tuv,2024-08,
 Oat,Tuv,2024-07,850000.0
 Oat,Tuv,2024-06,
 Oat,Tuv,2024-05,1050000.0
 Oat,Tuv,2024-04,
 Oat,Tuv,2024-03,900000.0
 Oat,Tuv,2024-02,925000.0
 Oat,Tuv,2024-01,900000.0
 Oat,Tuv,2023-12,1200000.0
 Oat,Tuv,2023-11,1150000.0
 Oat,Tuv,2023-10,
 Oat,Tuv,2023-09,900000.0
 Oat,Tuv,2023-08,900000.0
 Oat,Tuv,2023-07,900000.0
 Oat,Tuv,2023-06,900000.0
 Oat,Tuv,2023-05,900000.0
 Oat,Tuv,2023-04,1075000.0
 Oat,Tuv,2023-03,900000.0
 Oat,Tuv,2023-02,900000.0
 Oat,Tuv,2023-01,900000.0
 Oat,Tuv,2022-12,1000000.0
 Oat,Tuv,2022-11,1000000.0
 Oat,Tuv,2022-10,
 Oat,Tuv,2022-09,
 Oat,Tuv,2022-08,1100000.0
 Oat,Tuv,2022-07,1100000.0
 Oat,Tuv,2022-06,1100000.0
 Oat,Tuv,2022-05,1050000.0
 Oat,Tuv,2022-04,1100000.0
 Oat,Tuv,2022-03,
 Oat,Tuv,2022-02,650000.0
 Oat,Tuv,2022-01,
 Oat,Tuv,2021-12,
 Oat,Tuv,2021-11,
 Oat,Tuv,2021-10,1000000.0
 Oat,Tuv,2021-09,
 Oat,Tuv,2021-08,1300000.0
 Oat,Tuv,2021-07,950000.0
 Oat,Tuv,2021-06,1525000.0
 Oat,Tuv,2021-05,950000.0
 Oat,Tuv,2021-04,
 Oat,Tuv,2021-03,
 Oat,Tuv,2021-02,
 Oat,Tuv,2021-01,
 Oat,Tuv,2020-12,
 Oat,Tuv,2020-11,820000.0
 Oat,Tuv,2020-10,600000.0
 Oat,Tuv,2020-09,
 Oat,Tuv,2020-08,
 Oat,Tuv,2020-07,
 Oat,Tuv,2020-06,
 Oat,Tuv,2020-05,
 Oat,Tuv,2020-04,
 Oat,Tuv,2020-03,
 Oat,Tuv,2020-02,
 Oat,Tuv,2020-01,625000.0
 Oat,Tuv,2019-12,581667.0
 Oat,Tuv,2019-11,573750.0
 Oat,Tuv,2019-10,495000.0
 Oat,Tuv,2019-09,500000.0
 Oat,Tuv,2019-08,400000.0
 Oat,Tuv,2019-07,300000.0
 Oat,Tuv,2019-06,662500.0
 Oat,Tuv,2019-05,617000.0
 Oat,Tuv,2019-04,517000.0
 Oat,Tuv,2019-03,575000.0
 Oat,Tuv,2019-02,500000.0
 Oat,Tuv,2019-01,492500.0
 Oat,Tuv,2018-12,507000.0
 Oat,Eastern region,2025-12,
 Oat,Eastern region,2025-11,
 Oat,Eastern region,2025-10,
 Oat,Eastern region,2025-09,
 Oat,Eastern region,2025-08,
 Oat,Eastern region,2025-07,
 Oat,Eastern region,2025-06,
 Oat,Eastern region,2025-05,
 Oat,Eastern region,2025-04,
 Oat,Eastern region,2025-03,
 Oat,Eastern region,2025-02,
 Oat,Eastern region,2025-01,
 Oat,Eastern region,2024-12,
 Oat,Eastern region,2024-11,
 Oat,Eastern region,2024-10,
 Oat,Eastern region,2024-09,
 Oat,Eastern region,2024-08,
 Oat,Eastern region,2024-07,
 Oat,Eastern region,2024-06,
 Oat,Eastern region,2024-05,
 Oat,Eastern region,2024-04,
 Oat,Eastern region,2024-03,
 Oat,Eastern region,2024-02,
 Oat,Eastern region,2024-01,
 Oat,Eastern region,2023-12,
 Oat,Eastern region,2023-11,
 Oat,Eastern region,2023-10,
 Oat,Eastern region,2023-09,
 Oat,Eastern region,2023-08,
 Oat,Eastern region,2023-07,
 Oat,Eastern region,2023-06,
 Oat,Eastern region,2023-05,
 Oat,Eastern region,2023-04,
 Oat,Eastern region,2023-03,
 Oat,Eastern region,2023-02,
 Oat,Eastern region,2023-01,
 Oat,Eastern region,2022-12,
 Oat,Eastern region,2022-11,
 Oat,Eastern region,2022-10,
 Oat,Eastern region,2022-09,
 Oat,Eastern region,2022-08,
 Oat,Eastern region,2022-07,
 Oat,Eastern region,2022-06,
 Oat,Eastern region,2022-05,
 Oat,Eastern region,2022-04,
 Oat,Eastern region,2022-03,
 Oat,Eastern region,2022-02,
 Oat,Eastern region,2022-01,
 Oat,Eastern region,2021-12,
 Oat,Eastern region,2021-11,
 Oat,Eastern region,2021-10,
 Oat,Eastern region,2021-09,
 Oat,Eastern region,2021-08,
 Oat,Eastern region,2021-07,
 Oat,Eastern region,2021-06,
 Oat,Eastern region,2021-05,
 Oat,Eastern region,2021-04,
 Oat,Eastern region,2021-03,
 Oat,Eastern region,2021-02,
 Oat,Eastern region,2021-01,
 Oat,Eastern region,2020-12,
 Oat,Eastern region,2020-11,
 Oat,Eastern region,2020-10,
 Oat,Eastern region,2020-09,
 Oat,Eastern region,2020-08,
 Oat,Eastern region,2020-07,
 Oat,Eastern region,2020-06,
 Oat,Eastern region,2020-05,
 Oat,Eastern region,2020-04,
 Oat,Eastern region,2020-03,
 Oat,Eastern region,2020-02,
 Oat,Eastern region,2020-01,
 Oat,Eastern region,2019-12,
 Oat,Eastern region,2019-11,
 Oat,Eastern region,2019-10,
 Oat,Eastern region,2019-09,
 Oat,Eastern region,2019-08,
 Oat,Eastern region,2019-07,
 Oat,Eastern region,2019-06,
 Oat,Eastern region,2019-05,
 Oat,Eastern region,2019-04,
 Oat,Eastern region,2019-03,
 Oat,Eastern region,2019-02,
 Oat,Eastern region,2019-01,
 Oat,Eastern region,2018-12,
 Oat,Dornod,2025-12,
 Oat,Dornod,2025-11,
 Oat,Dornod,2025-10,
 Oat,Dornod,2025-09,
 Oat,Dornod,2025-08,
 Oat,Dornod,2025-07,
 Oat,Dornod,2025-06,
 Oat,Dornod,2025-05,
 Oat,Dornod,2025-04,
 Oat,Dornod,2025-03,
 Oat,Dornod,2025-02,
 Oat,Dornod,2025-01,
 Oat,Dornod,2024-12,
 Oat,Dornod,2024-11,
 Oat,Dornod,2024-10,
 Oat,Dornod,2024-09,
 Oat,Dornod,2024-08,
 Oat,Dornod,2024-07,
 Oat,Dornod,2024-06,
 Oat,Dornod,2024-05,
 Oat,Dornod,2024-04,
 Oat,Dornod,2024-03,
 Oat,Dornod,2024-02,
 Oat,Dornod,2024-01,
 Oat,Dornod,2023-12,
 Oat,Dornod,2023-11,
 Oat,Dornod,2023-10,
 Oat,Dornod,2023-09,
 Oat,Dornod,2023-08,
 Oat,Dornod,2023-07,
 Oat,Dornod,2023-06,
 Oat,Dornod,2023-05,
 Oat,Dornod,2023-04,
 Oat,Dornod,2023-03,
 Oat,Dornod,2023-02,
 Oat,Dornod,2023-01,
 Oat,Dornod,2022-12,
 Oat,Dornod,2022-11,
 Oat,Dornod,2022-10,
 Oat,Dornod,2022-09,
 Oat,Dornod,2022-08,
 Oat,Dornod,2022-07,
 Oat,Dornod,2022-06,
 Oat,Dornod,2022-05,
 Oat,Dornod,2022-04,
 Oat,Dornod,2022-03,
 Oat,Dornod,2022-02,
 Oat,Dornod,2022-01,
 Oat,Dornod,2021-12,
 Oat,Dornod,2021-11,
 Oat,Dornod,2021-10,
 Oat,Dornod,2021-09,
 Oat,Dornod,2021-08,
 Oat,Dornod,2021-07,
 Oat,Dornod,2021-06,
 Oat,Dornod,2021-05,
 Oat,Dornod,2021-04,
 Oat,Dornod,2021-03,
 Oat,Dornod,2021-02,
 Oat,Dornod,2021-01,
 Oat,Dornod,2020-12,
 Oat,Dornod,2020-11,
 Oat,Dornod,2020-10,
 Oat,Dornod,2020-09,
 Oat,Dornod,2020-08,
 Oat,Dornod,2020-07,
 Oat,Dornod,2020-06,
 Oat,Dornod,2020-05,
 Oat,Dornod,2020-04,
 Oat,Dornod,2020-03,
 Oat,Dornod,2020-02,
 Oat,Dornod,2020-01,
 Oat,Dornod,2019-12,
 Oat,Dornod,2019-11,
 Oat,Dornod,2019-10,
 Oat,Dornod,2019-09,
 Oat,Dornod,2019-08,
 Oat,Dornod,2019-07,
 Oat,Dornod,2019-06,
 Oat,Dornod,2019-05,
 Oat,Dornod,2019-04,
 Oat,Dornod,2019-03,
 Oat,Dornod,2019-02,
 Oat,Dornod,2019-01,
 Oat,Dornod,2018-12,
 Oat,Sukhbaatar,2025-12,
 Oat,Sukhbaatar,2025-11,
 Oat,Sukhbaatar,2025-10,
 Oat,Sukhbaatar,2025-09,
 Oat,Sukhbaatar,2025-08,
 Oat,Sukhbaatar,2025-07,
 Oat,Sukhbaatar,2025-06,
 Oat,Sukhbaatar,2025-05,
 Oat,Sukhbaatar,2025-04,
 Oat,Sukhbaatar,2025-03,
 Oat,Sukhbaatar,2025-02,
 Oat,Sukhbaatar,2025-01,
 Oat,Sukhbaatar,2024-12,
 Oat,Sukhbaatar,2024-11,
 Oat,Sukhbaatar,2024-10,
 Oat,Sukhbaatar,2024-09,
 Oat,Sukhbaatar,2024-08,
 Oat,Sukhbaatar,2024-07,
 Oat,Sukhbaatar,2024-06,
 Oat,Sukhbaatar,2024-05,
 Oat,Sukhbaatar,2024-04,
 Oat,Sukhbaatar,2024-03,
 Oat,Sukhbaatar,2024-02,
 Oat,Sukhbaatar,2024-01,
 Oat,Sukhbaatar,2023-12,
 Oat,Sukhbaatar,2023-11,
 Oat,Sukhbaatar,2023-10,
 Oat,Sukhbaatar,2023-09,
 Oat,Sukhbaatar,2023-08,
 Oat,Sukhbaatar,2023-07,
 Oat,Sukhbaatar,2023-06,
 Oat,Sukhbaatar,2023-05,
 Oat,Sukhbaatar,2023-04,
 Oat,Sukhbaatar,2023-03,
 Oat,Sukhbaatar,2023-02,
 Oat,Sukhbaatar,2023-01,
 Oat,Sukhbaatar,2022-12,
 Oat,Sukhbaatar,2022-11,
 Oat,Sukhbaatar,2022-10,
 Oat,Sukhbaatar,2022-09,
 Oat,Sukhbaatar,2022-08,
 Oat,Sukhbaatar,2022-07,
 Oat,Sukhbaatar,2022-06,
 Oat,Sukhbaatar,2022-05,
 Oat,Sukhbaatar,2022-04,
 Oat,Sukhbaatar,2022-03,
 Oat,Sukhbaatar,2022-02,
 Oat,Sukhbaatar,2022-01,
 Oat,Sukhbaatar,2021-12,
 Oat,Sukhbaatar,2021-11,
 Oat,Sukhbaatar,2021-10,
 Oat,Sukhbaatar,2021-09,
 Oat,Sukhbaatar,2021-08,
 Oat,Sukhbaatar,2021-07,
 Oat,Sukhbaatar,2021-06,
 Oat,Sukhbaatar,2021-05,
 Oat,Sukhbaatar,2021-04,
 Oat,Sukhbaatar,2021-03,
 Oat,Sukhbaatar,2021-02,
 Oat,Sukhbaatar,2021-01,
 Oat,Sukhbaatar,2020-12,
 Oat,Sukhbaatar,2020-11,
 Oat,Sukhbaatar,2020-10,
 Oat,Sukhbaatar,2020-09,
 Oat,Sukhbaatar,2020-08,
 Oat,Sukhbaatar,2020-07,
 Oat,Sukhbaatar,2020-06,
 Oat,Sukhbaatar,2020-05,
 Oat,Sukhbaatar,2020-04,
 Oat,Sukhbaatar,2020-03,
 Oat,Sukhbaatar,2020-02,
 Oat,Sukhbaatar,2020-01,
 Oat,Sukhbaatar,2019-12,
 Oat,Sukhbaatar,2019-11,
 Oat,Sukhbaatar,2019-10,
 Oat,Sukhbaatar,2019-09,
 Oat,Sukhbaatar,2019-08,
 Oat,Sukhbaatar,2019-07,
 Oat,Sukhbaatar,2019-06,
 Oat,Sukhbaatar,2019-05,
 Oat,Sukhbaatar,2019-04,
 Oat,Sukhbaatar,2019-03,
 Oat,Sukhbaatar,2019-02,
 Oat,Sukhbaatar,2019-01,
 Oat,Sukhbaatar,2018-12,
 Oat,Khentii,2025-12,
 Oat,Khentii,2025-11,
 Oat,Khentii,2025-10,
 Oat,Khentii,2025-09,
 Oat,Khentii,2025-08,
 Oat,Khentii,2025-07,
 Oat,Khentii,2025-06,
 Oat,Khentii,2025-05,
 Oat,Khentii,2025-04,
 Oat,Khentii,2025-03,
 Oat,Khentii,2025-02,
 Oat,Khentii,2025-01,
 Oat,Khentii,2024-12,
 Oat,Khentii,2024-11,
 Oat,Khentii,2024-10,
 Oat,Khentii,2024-09,
 Oat,Khentii,2024-08,
 Oat,Khentii,2024-07,
 Oat,Khentii,2024-06,
 Oat,Khentii,2024-05,
 Oat,Khentii,2024-04,
 Oat,Khentii,2024-03,
 Oat,Khentii,2024-02,
 Oat,Khentii,2024-01,
 Oat,Khentii,2023-12,
 Oat,Khentii,2023-11,
 Oat,Khentii,2023-10,
 Oat,Khentii,2023-09,
 Oat,Khentii,2023-08,
 Oat,Khentii,2023-07,
 Oat,Khentii,2023-06,
 Oat,Khentii,2023-05,
 Oat,Khentii,2023-04,
 Oat,Khentii,2023-03,
 Oat,Khentii,2023-02,
 Oat,Khentii,2023-01,
 Oat,Khentii,2022-12,
 Oat,Khentii,2022-11,
 Oat,Khentii,2022-10,
 Oat,Khentii,2022-09,
 Oat,Khentii,2022-08,
 Oat,Khentii,2022-07,
 Oat,Khentii,2022-06,
 Oat,Khentii,2022-05,
 Oat,Khentii,2022-04,
 Oat,Khentii,2022-03,
 Oat,Khentii,2022-02,
 Oat,Khentii,2022-01,
 Oat,Khentii,2021-12,
 Oat,Khentii,2021-11,
 Oat,Khentii,2021-10,
 Oat,Khentii,2021-09,
 Oat,Khentii,2021-08,
 Oat,Khentii,2021-07,
 Oat,Khentii,2021-06,
 Oat,Khentii,2021-05,
 Oat,Khentii,2021-04,
 Oat,Khentii,2021-03,
 Oat,Khentii,2021-02,
 Oat,Khentii,2021-01,
 Oat,Khentii,2020-12,
 Oat,Khentii,2020-11,
 Oat,Khentii,2020-10,
 Oat,Khentii,2020-09,
 Oat,Khentii,2020-08,
 Oat,Khentii,2020-07,
 Oat,Khentii,2020-06,
 Oat,Khentii,2020-05,
 Oat,Khentii,2020-04,
 Oat,Khentii,2020-03,
 Oat,Khentii,2020-02,
 Oat,Khentii,2020-01,
 Oat,Khentii,2019-12,
 Oat,Khentii,2019-11,
 Oat,Khentii,2019-10,
 Oat,Khentii,2019-09,
 Oat,Khentii,2019-08,
 Oat,Khentii,2019-07,
 Oat,Khentii,2019-06,
 Oat,Khentii,2019-05,
 Oat,Khentii,2019-04,
 Oat,Khentii,2019-03,
 Oat,Khentii,2019-02,
 Oat,Khentii,2019-01,
 Oat,Khentii,2018-12,
 Oat,Ulaanbaatar,2025-12,
 Oat,Ulaanbaatar,2025-11,
 Oat,Ulaanbaatar,2025-10,
 Oat,Ulaanbaatar,2025-09,
 Oat,Ulaanbaatar,2025-08,
 Oat,Ulaanbaatar,2025-07,
 Oat,Ulaanbaatar,2025-06,
 Oat,Ulaanbaatar,2025-05,
 Oat,Ulaanbaatar,2025-04,
 Oat,Ulaanbaatar,2025-03,
 Oat,Ulaanbaatar,2025-02,
 Oat,Ulaanbaatar,2025-01,
 Oat,Ulaanbaatar,2024-12,
 Oat,Ulaanbaatar,2024-11,
 Oat,Ulaanbaatar,2024-10,
 Oat,Ulaanbaatar,2024-09,
 Oat,Ulaanbaatar,2024-08,
 Oat,Ulaanbaatar,2024-07,
 Oat,Ulaanbaatar,2024-06,
 Oat,Ulaanbaatar,2024-05,
 Oat,Ulaanbaatar,2024-04,
 Oat,Ulaanbaatar,2024-03,
 Oat,Ulaanbaatar,2024-02,
 Oat,Ulaanbaatar,2024-01,
 Oat,Ulaanbaatar,2023-12,
 Oat,Ulaanbaatar,2023-11,
 Oat,Ulaanbaatar,2023-10,
 Oat,Ulaanbaatar,2023-09,
 Oat,Ulaanbaatar,2023-08,
 Oat,Ulaanbaatar,2023-07,
 Oat,Ulaanbaatar,2023-06,
 Oat,Ulaanbaatar,2023-05,
 Oat,Ulaanbaatar,2023-04,
 Oat,Ulaanbaatar,2023-03,
 Oat,Ulaanbaatar,2023-02,
 Oat,Ulaanbaatar,2023-01,
 Oat,Ulaanbaatar,2022-12,
 Oat,Ulaanbaatar,2022-11,
 Oat,Ulaanbaatar,2022-10,
 Oat,Ulaanbaatar,2022-09,
 Oat,Ulaanbaatar,2022-08,
 Oat,Ulaanbaatar,2022-07,
 Oat,Ulaanbaatar,2022-06,
 Oat,Ulaanbaatar,2022-05,
 Oat,Ulaanbaatar,2022-04,
 Oat,Ulaanbaatar,2022-03,
 Oat,Ulaanbaatar,2022-02,
 Oat,Ulaanbaatar,2022-01,
 Oat,Ulaanbaatar,2021-12,
 Oat,Ulaanbaatar,2021-11,
 Oat,Ulaanbaatar,2021-10,
 Oat,Ulaanbaatar,2021-09,
 Oat,Ulaanbaatar,2021-08,
 Oat,Ulaanbaatar,2021-07,
 Oat,Ulaanbaatar,2021-06,
 Oat,Ulaanbaatar,2021-05,
 Oat,Ulaanbaatar,2021-04,
 Oat,Ulaanbaatar,2021-03,
 Oat,Ulaanbaatar,2021-02,
 Oat,Ulaanbaatar,2021-01,
 Oat,Ulaanbaatar,2020-12,
 Oat,Ulaanbaatar,2020-11,
 Oat,Ulaanbaatar,2020-10,
 Oat,Ulaanbaatar,2020-09,
 Oat,Ulaanbaatar,2020-08,
 Oat,Ulaanbaatar,2020-07,
 Oat,Ulaanbaatar,2020-06,
 Oat,Ulaanbaatar,2020-05,
 Oat,Ulaanbaatar,2020-04,
 Oat,Ulaanbaatar,2020-03,
 Oat,Ulaanbaatar,2020-02,
 Oat,Ulaanbaatar,2020-01,
 Oat,Ulaanbaatar,2019-12,
 Oat,Ulaanbaatar,2019-11,
 Oat,Ulaanbaatar,2019-10,
 Oat,Ulaanbaatar,2019-09,
 Oat,Ulaanbaatar,2019-08,
 Oat,Ulaanbaatar,2019-07,
 Oat,Ulaanbaatar,2019-06,
 Oat,Ulaanbaatar,2019-05,
 Oat,Ulaanbaatar,2019-04,
 Oat,Ulaanbaatar,2019-03,
 Oat,Ulaanbaatar,2019-02,
 Oat,Ulaanbaatar,2019-01,
 Oat,Ulaanbaatar,2018-12,
 Oat,Ulaanbaatar city,2025-12,
 Oat,Ulaanbaatar city,2025-11,
 Oat,Ulaanbaatar city,2025-10,
 Oat,Ulaanbaatar city,2025-09,
 Oat,Ulaanbaatar city,2025-08,
 Oat,Ulaanbaatar city,2025-07,
 Oat,Ulaanbaatar city,2025-06,
 Oat,Ulaanbaatar city,2025-05,
 Oat,Ulaanbaatar city,2025-04,
 Oat,Ulaanbaatar city,2025-03,
 Oat,Ulaanbaatar city,2025-02,
 Oat,Ulaanbaatar city,2025-01,
 Oat,Ulaanbaatar city,2024-12,
 Oat,Ulaanbaatar city,2024-11,
 Oat,Ulaanbaatar city,2024-10,
 Oat,Ulaanbaatar city,2024-09,
 Oat,Ulaanbaatar city,2024-08,
 Oat,Ulaanbaatar city,2024-07,
 Oat,Ulaanbaatar city,2024-06,
 Oat,Ulaanbaatar city,2024-05,
 Oat,Ulaanbaatar city,2024-04,
 Oat,Ulaanbaatar city,2024-03,
 Oat,Ulaanbaatar city,2024-02,
 Oat,Ulaanbaatar city,2024-01,
 Oat,Ulaanbaatar city,2023-12,
 Oat,Ulaanbaatar city,2023-11,
 Oat,Ulaanbaatar city,2023-10,
 Oat,Ulaanbaatar city,2023-09,
 Oat,Ulaanbaatar city,2023-08,
 Oat,Ulaanbaatar city,2023-07,
 Oat,Ulaanbaatar city,2023-06,
 Oat,Ulaanbaatar city,2023-05,
 Oat,Ulaanbaatar city,2023-04,
 Oat,Ulaanbaatar city,2023-03,
 Oat,Ulaanbaatar city,2023-02,
 Oat,Ulaanbaatar city,2023-01,
 Oat,Ulaanbaatar city,2022-12,
 Oat,Ulaanbaatar city,2022-11,
 Oat,Ulaanbaatar city,2022-10,
 Oat,Ulaanbaatar city,2022-09,
 Oat,Ulaanbaatar city,2022-08,
 Oat,Ulaanbaatar city,2022-07,
 Oat,Ulaanbaatar city,2022-06,
 Oat,Ulaanbaatar city,2022-05,
 Oat,Ulaanbaatar city,2022-04,
 Oat,Ulaanbaatar city,2022-03,
 Oat,Ulaanbaatar city,2022-02,
 Oat,Ulaanbaatar city,2022-01,
 Oat,Ulaanbaatar city,2021-12,
 Oat,Ulaanbaatar city,2021-11,
 Oat,Ulaanbaatar city,2021-10,
 Oat,Ulaanbaatar city,2021-09,
 Oat,Ulaanbaatar city,2021-08,
 Oat,Ulaanbaatar city,2021-07,
 Oat,Ulaanbaatar city,2021-06,
 Oat,Ulaanbaatar city,2021-05,
 Oat,Ulaanbaatar city,2021-04,
 Oat,Ulaanbaatar city,2021-03,
 Oat,Ulaanbaatar city,2021-02,
 Oat,Ulaanbaatar city,2021-01,
 Oat,Ulaanbaatar city,2020-12,
 Oat,Ulaanbaatar city,2020-11,
 Oat,Ulaanbaatar city,2020-10,
 Oat,Ulaanbaatar city,2020-09,
 Oat,Ulaanbaatar city,2020-08,
 Oat,Ulaanbaatar city,2020-07,
 Oat,Ulaanbaatar city,2020-06,
 Oat,Ulaanbaatar city,2020-05,
 Oat,Ulaanbaatar city,2020-04,
 Oat,Ulaanbaatar city,2020-03,
 Oat,Ulaanbaatar city,2020-02,
 Oat,Ulaanbaatar city,2020-01,
 Oat,Ulaanbaatar city,2019-12,
 Oat,Ulaanbaatar city,2019-11,
 Oat,Ulaanbaatar city,2019-10,
 Oat,Ulaanbaatar city,2019-09,
 Oat,Ulaanbaatar city,2019-08,
 Oat,Ulaanbaatar city,2019-07,
 Oat,Ulaanbaatar city,2019-06,
 Oat,Ulaanbaatar city,2019-05,
 Oat,Ulaanbaatar city,2019-04,
 Oat,Ulaanbaatar city,2019-03,
 Oat,Ulaanbaatar city,2019-02,
 Oat,Ulaanbaatar city,2019-01,
 Oat,Ulaanbaatar city,2018-12,
 Wheat,Western region,2025-12,
 Wheat,Western region,2025-11,
 Wheat,Western region,2025-10,
 Wheat,Western region,2025-09,
 Wheat,Western region,2025-08,
 Wheat,Western region,2025-07,
 Wheat,Western region,2025-06,
 Wheat,Western region,2025-05,
 Wheat,Western region,2025-04,
 Wheat,Western region,2025-03,
 Wheat,Western region,2025-02,
 Wheat,Western region,2025-01,
 Wheat,Western region,2024-12,
 Wheat,Western region,2024-11,
 Wheat,Western region,2024-10,
 Wheat,Western region,2024-09,
 Wheat,Western region,2024-08,
 Wheat,Western region,2024-07,
 Wheat,Western region,2024-06,
 Wheat,Western region,2024-05,
 Wheat,Western region,2024-04,
 Wheat,Western region,2024-03,
 Wheat,Western region,2024-02,
 Wheat,Western region,2024-01,
 Wheat,Western region,2023-12,
 Wheat,Western region,2023-11,
 Wheat,Western region,2023-10,
 Wheat,Western region,2023-09,
 Wheat,Western region,2023-08,
 Wheat,Western region,2023-07,
 Wheat,Western region,2023-06,
 Wheat,Western region,2023-05,
 Wheat,Western region,2023-04,
 Wheat,Western region,2023-03,
 Wheat,Western region,2023-02,
 Wheat,Western region,2023-01,
 Wheat,Western region,2022-12,
 Wheat,Western region,2022-11,
 Wheat,Western region,2022-10,
 Wheat,Western region,2022-09,
 Wheat,Western region,2022-08,
 Wheat,Western region,2022-07,
 Wheat,Western region,2022-06,
 Wheat,Western region,2022-05,
 Wheat,Western region,2022-04,
 Wheat,Western region,2022-03,
 Wheat,Western region,2022-02,
 Wheat,Western region,2022-01,
 Wheat,Western region,2021-12,
 Wheat,Western region,2021-11,
 Wheat,Western region,2021-10,
 Wheat,Western region,2021-09,
 Wheat,Western region,2021-08,
 Wheat,Western region,2021-07,
 Wheat,Western region,2021-06,
 Wheat,Western region,2021-05,
 Wheat,Western region,2021-04,
 Wheat,Western region,2021-03,
 Wheat,Western region,2021-02,
 Wheat,Western region,2021-01,
 Wheat,Western region,2020-12,
 Wheat,Western region,2020-11,
 Wheat,Western region,2020-10,
 Wheat,Western region,2020-09,
 Wheat,Western region,2020-08,
 Wheat,Western region,2020-07,
 Wheat,Western region,2020-06,
 Wheat,Western region,2020-05,
 Wheat,Western region,2020-04,
 Wheat,Western region,2020-03,
 Wheat,Western region,2020-02,
 Wheat,Western region,2020-01,
 Wheat,Western region,2019-12,
 Wheat,Western region,2019-11,
 Wheat,Western region,2019-10,
 Wheat,Western region,2019-09,
 Wheat,Western region,2019-08,
 Wheat,Western region,2019-07,
 Wheat,Western region,2019-06,
 Wheat,Western region,2019-05,
 Wheat,Western region,2019-04,
 Wheat,Western region,2019-03,
 Wheat,Western region,2019-02,
 Wheat,Western region,2019-01,
 Wheat,Western region,2018-12,
 Wheat,Bayan-Ulgii,2025-12,
 Wheat,Bayan-Ulgii,2025-11,
 Wheat,Bayan-Ulgii,2025-10,
 Wheat,Bayan-Ulgii,2025-09,
 Wheat,Bayan-Ulgii,2025-08,
 Wheat,Bayan-Ulgii,2025-07,
 Wheat,Bayan-Ulgii,2025-06,
 Wheat,Bayan-Ulgii,2025-05,
 Wheat,Bayan-Ulgii,2025-04,
 Wheat,Bayan-Ulgii,2025-03,
 Wheat,Bayan-Ulgii,2025-02,
 Wheat,Bayan-Ulgii,2025-01,
 Wheat,Bayan-Ulgii,2024-12,
 Wheat,Bayan-Ulgii,2024-11,
 Wheat,Bayan-Ulgii,2024-10,
 Wheat,Bayan-Ulgii,2024-09,
 Wheat,Bayan-Ulgii,2024-08,
 Wheat,Bayan-Ulgii,2024-07,
 Wheat,Bayan-Ulgii,2024-06,
 Wheat,Bayan-Ulgii,2024-05,
 Wheat,Bayan-Ulgii,2024-04,
 Wheat,Bayan-Ulgii,2024-03,
 Wheat,Bayan-Ulgii,2024-02,
 Wheat,Bayan-Ulgii,2024-01,
 Wheat,Bayan-Ulgii,2023-12,
 Wheat,Bayan-Ulgii,2023-11,
 Wheat,Bayan-Ulgii,2023-10,
 Wheat,Bayan-Ulgii,2023-09,
 Wheat,Bayan-Ulgii,2023-08,
 Wheat,Bayan-Ulgii,2023-07,
 Wheat,Bayan-Ulgii,2023-06,
 Wheat,Bayan-Ulgii,2023-05,
 Wheat,Bayan-Ulgii,2023-04,
 Wheat,Bayan-Ulgii,2023-03,
 Wheat,Bayan-Ulgii,2023-02,
 Wheat,Bayan-Ulgii,2023-01,
 Wheat,Bayan-Ulgii,2022-12,
 Wheat,Bayan-Ulgii,2022-11,
 Wheat,Bayan-Ulgii,2022-10,
 Wheat,Bayan-Ulgii,2022-09,
 Wheat,Bayan-Ulgii,2022-08,
 Wheat,Bayan-Ulgii,2022-07,
 Wheat,Bayan-Ulgii,2022-06,
 Wheat,Bayan-Ulgii,2022-05,
 Wheat,Bayan-Ulgii,2022-04,
 Wheat,Bayan-Ulgii,2022-03,
 Wheat,Bayan-Ulgii,2022-02,
 Wheat,Bayan-Ulgii,2022-01,
 Wheat,Bayan-Ulgii,2021-12,
 Wheat,Bayan-Ulgii,2021-11,
 Wheat,Bayan-Ulgii,2021-10,
 Wheat,Bayan-Ulgii,2021-09,
 Wheat,Bayan-Ulgii,2021-08,
 Wheat,Bayan-Ulgii,2021-07,
 Wheat,Bayan-Ulgii,2021-06,
 Wheat,Bayan-Ulgii,2021-05,
 Wheat,Bayan-Ulgii,2021-04,
 Wheat,Bayan-Ulgii,2021-03,
 Wheat,Bayan-Ulgii,2021-02,
 Wheat,Bayan-Ulgii,2021-01,
 Wheat,Bayan-Ulgii,2020-12,
 Wheat,Bayan-Ulgii,2020-11,
 Wheat,Bayan-Ulgii,2020-10,
 Wheat,Bayan-Ulgii,2020-09,
 Wheat,Bayan-Ulgii,2020-08,
 Wheat,Bayan-Ulgii,2020-07,
 Wheat,Bayan-Ulgii,2020-06,
 Wheat,Bayan-Ulgii,2020-05,
 Wheat,Bayan-Ulgii,2020-04,
 Wheat,Bayan-Ulgii,2020-03,
 Wheat,Bayan-Ulgii,2020-02,
 Wheat,Bayan-Ulgii,2020-01,
 Wheat,Bayan-Ulgii,2019-12,
 Wheat,Bayan-Ulgii,2019-11,
 Wheat,Bayan-Ulgii,2019-10,
 Wheat,Bayan-Ulgii,2019-09,
 Wheat,Bayan-Ulgii,2019-08,
 Wheat,Bayan-Ulgii,2019-07,
 Wheat,Bayan-Ulgii,2019-06,
 Wheat,Bayan-Ulgii,2019-05,
 Wheat,Bayan-Ulgii,2019-04,
 Wheat,Bayan-Ulgii,2019-03,
 Wheat,Bayan-Ulgii,2019-02,
 Wheat,Bayan-Ulgii,2019-01,
 Wheat,Bayan-Ulgii,2018-12,
 Wheat,Govi-Altai,2025-12,
 Wheat,Govi-Altai,2025-11,
 Wheat,Govi-Altai,2025-10,
 Wheat,Govi-Altai,2025-09,
 Wheat,Govi-Altai,2025-08,
 Wheat,Govi-Altai,2025-07,
 Wheat,Govi-Altai,2025-06,
 Wheat,Govi-Altai,2025-05,
 Wheat,Govi-Altai,2025-04,
 Wheat,Govi-Altai,2025-03,
 Wheat,Govi-Altai,2025-02,
 Wheat,Govi-Altai,2025-01,
 Wheat,Govi-Altai,2024-12,
 Wheat,Govi-Altai,2024-11,
 Wheat,Govi-Altai,2024-10,
 Wheat,Govi-Altai,2024-09,
 Wheat,Govi-Altai,2024-08,
 Wheat,Govi-Altai,2024-07,
 Wheat,Govi-Altai,2024-06,
 Wheat,Govi-Altai,2024-05,
 Wheat,Govi-Altai,2024-04,
 Wheat,Govi-Altai,2024-03,
 Wheat,Govi-Altai,2024-02,
 Wheat,Govi-Altai,2024-01,
 Wheat,Govi-Altai,2023-12,
 Wheat,Govi-Altai,2023-11,
 Wheat,Govi-Altai,2023-10,
 Wheat,Govi-Altai,2023-09,
 Wheat,Govi-Altai,2023-08,
 Wheat,Govi-Altai,2023-07,
 Wheat,Govi-Altai,2023-06,
 Wheat,Govi-Altai,2023-05,
 Wheat,Govi-Altai,2023-04,
 Wheat,Govi-Altai,2023-03,
 Wheat,Govi-Altai,2023-02,
 Wheat,Govi-Altai,2023-01,
 Wheat,Govi-Altai,2022-12,
 Wheat,Govi-Altai,2022-11,
 Wheat,Govi-Altai,2022-10,
 Wheat,Govi-Altai,2022-09,
 Wheat,Govi-Altai,2022-08,
 Wheat,Govi-Altai,2022-07,
 Wheat,Govi-Altai,2022-06,
 Wheat,Govi-Altai,2022-05,
 Wheat,Govi-Altai,2022-04,
 Wheat,Govi-Altai,2022-03,
 Wheat,Govi-Altai,2022-02,
 Wheat,Govi-Altai,2022-01,
 Wheat,Govi-Altai,2021-12,
 Wheat,Govi-Altai,2021-11,
 Wheat,Govi-Altai,2021-10,
 Wheat,Govi-Altai,2021-09,
 Wheat,Govi-Altai,2021-08,
 Wheat,Govi-Altai,2021-07,
 Wheat,Govi-Altai,2021-06,
 Wheat,Govi-Altai,2021-05,
 Wheat,Govi-Altai,2021-04,
 Wheat,Govi-Altai,2021-03,
 Wheat,Govi-Altai,2021-02,
 Wheat,Govi-Altai,2021-01,
 Wheat,Govi-Altai,2020-12,
 Wheat,Govi-Altai,2020-11,
 Wheat,Govi-Altai,2020-10,
 Wheat,Govi-Altai,2020-09,
 Wheat,Govi-Altai,2020-08,
 Wheat,Govi-Altai,2020-07,
 Wheat,Govi-Altai,2020-06,
 Wheat,Govi-Altai,2020-05,
 Wheat,Govi-Altai,2020-04,
 Wheat,Govi-Altai,2020-03,
 Wheat,Govi-Altai,2020-02,
 Wheat,Govi-Altai,2020-01,
 Wheat,Govi-Altai,2019-12,
 Wheat,Govi-Altai,2019-11,
 Wheat,Govi-Altai,2019-10,
 Wheat,Govi-Altai,2019-09,
 Wheat,Govi-Altai,2019-08,
 Wheat,Govi-Altai,2019-07,
 Wheat,Govi-Altai,2019-06,
 Wheat,Govi-Altai,2019-05,
 Wheat,Govi-Altai,2019-04,
 Wheat,Govi-Altai,2019-03,
 Wheat,Govi-Altai,2019-02,
 Wheat,Govi-Altai,2019-01,
 Wheat,Govi-Altai,2018-12,
 Wheat,Zavkhan,2025-12,
 Wheat,Zavkhan,2025-11,
 Wheat,Zavkhan,2025-10,
 Wheat,Zavkhan,2025-09,
 Wheat,Zavkhan,2025-08,
 Wheat,Zavkhan,2025-07,
 Wheat,Zavkhan,2025-06,
 Wheat,Zavkhan,2025-05,
 Wheat,Zavkhan,2025-04,
 Wheat,Zavkhan,2025-03,
 Wheat,Zavkhan,2025-02,
 Wheat,Zavkhan,2025-01,
 Wheat,Zavkhan,2024-12,
 Wheat,Zavkhan,2024-11,
 Wheat,Zavkhan,2024-10,
 Wheat,Zavkhan,2024-09,
 Wheat,Zavkhan,2024-08,
 Wheat,Zavkhan,2024-07,
 Wheat,Zavkhan,2024-06,
 Wheat,Zavkhan,2024-05,
 Wheat,Zavkhan,2024-04,
 Wheat,Zavkhan,2024-03,1500000.0
 Wheat,Zavkhan,2024-02,1500000.0
 Wheat,Zavkhan,2024-01,
 Wheat,Zavkhan,2023-12,1500000.0
 Wheat,Zavkhan,2023-11,1000000.0
 Wheat,Zavkhan,2023-10,1200000.0
 Wheat,Zavkhan,2023-09,
 Wheat,Zavkhan,2023-08,
 Wheat,Zavkhan,2023-07,
 Wheat,Zavkhan,2023-06,
 Wheat,Zavkhan,2023-05,
 Wheat,Zavkhan,2023-04,
 Wheat,Zavkhan,2023-03,
 Wheat,Zavkhan,2023-02,1200000.0
 Wheat,Zavkhan,2023-01,
 Wheat,Zavkhan,2022-12,
 Wheat,Zavkhan,2022-11,
 Wheat,Zavkhan,2022-10,
 Wheat,Zavkhan,2022-09,
 Wheat,Zavkhan,2022-08,
 Wheat,Zavkhan,2022-07,
 Wheat,Zavkhan,2022-06,
 Wheat,Zavkhan,2022-05,
 Wheat,Zavkhan,2022-04,
 Wheat,Zavkhan,2022-03,
 Wheat,Zavkhan,2022-02,
 Wheat,Zavkhan,2022-01,
 Wheat,Zavkhan,2021-12,
 Wheat,Zavkhan,2021-11,
 Wheat,Zavkhan,2021-10,
 Wheat,Zavkhan,2021-09,
 Wheat,Zavkhan,2021-08,
 Wheat,Zavkhan,2021-07,
 Wheat,Zavkhan,2021-06,
 Wheat,Zavkhan,2021-05,
 Wheat,Zavkhan,2021-04,
 Wheat,Zavkhan,2021-03,
 Wheat,Zavkhan,2021-02,
 Wheat,Zavkhan,2021-01,600000.0
 Wheat,Zavkhan,2020-12,
 Wheat,Zavkhan,2020-11,500000.0
 Wheat,Zavkhan,2020-10,500000.0
 Wheat,Zavkhan,2020-09,
 Wheat,Zavkhan,2020-08,
 Wheat,Zavkhan,2020-07,
 Wheat,Zavkhan,2020-06,
 Wheat,Zavkhan,2020-05,600000.0
 Wheat,Zavkhan,2020-04,600000.0
 Wheat,Zavkhan,2020-03,600000.0
 Wheat,Zavkhan,2020-02,600000.0
 Wheat,Zavkhan,2020-01,600000.0
 Wheat,Zavkhan,2019-12,600000.0
 Wheat,Zavkhan,2019-11,
 Wheat,Zavkhan,2019-10,
 Wheat,Zavkhan,2019-09,
 Wheat,Zavkhan,2019-08,
 Wheat,Zavkhan,2019-07,
 Wheat,Zavkhan,2019-06,
 Wheat,Zavkhan,2019-05,
 Wheat,Zavkhan,2019-04,
 Wheat,Zavkhan,2019-03,600000.0
 Wheat,Zavkhan,2019-02,600000.0
 Wheat,Zavkhan,2019-01,
 Wheat,Zavkhan,2018-12,
 Wheat,Uvs,2025-12,1200000.0
 Wheat,Uvs,2025-11,1200000.0
 Wheat,Uvs,2025-10,
 Wheat,Uvs,2025-09,1200000.0
 Wheat,Uvs,2025-08,1200000.0
 Wheat,Uvs,2025-07,
 Wheat,Uvs,2025-06,
 Wheat,Uvs,2025-05,
 Wheat,Uvs,2025-04,1200000.0
 Wheat,Uvs,2025-03,
 Wheat,Uvs,2025-02,
 Wheat,Uvs,2025-01,1000000.0
 Wheat,Uvs,2024-12,
 Wheat,Uvs,2024-11,1000000.0
 Wheat,Uvs,2024-10,1100000.0
 Wheat,Uvs,2024-09,1100000.0
 Wheat,Uvs,2024-08,1200000.0
 Wheat,Uvs,2024-07,
 Wheat,Uvs,2024-06,
 Wheat,Uvs,2024-05,1200000.0
 Wheat,Uvs,2024-04,
 Wheat,Uvs,2024-03,1300000.0
 Wheat,Uvs,2024-02,1300000.0
 Wheat,Uvs,2024-01,1300000.0
 Wheat,Uvs,2023-12,1150000.0
 Wheat,Uvs,2023-11,
 Wheat,Uvs,2023-10,1200000.0
 Wheat,Uvs,2023-09,1200000.0
 Wheat,Uvs,2023-08,
 Wheat,Uvs,2023-07,
 Wheat,Uvs,2023-06,
 Wheat,Uvs,2023-05,
 Wheat,Uvs,2023-04,
 Wheat,Uvs,2023-03,1000000.0
 Wheat,Uvs,2023-02,
 Wheat,Uvs,2023-01,1000000.0
 Wheat,Uvs,2022-12,1000000.0
 Wheat,Uvs,2022-11,1000000.0
 Wheat,Uvs,2022-10,1000000.0
 Wheat,Uvs,2022-09,1000000.0
 Wheat,Uvs,2022-08,
 Wheat,Uvs,2022-07,
 Wheat,Uvs,2022-06,
 Wheat,Uvs,2022-05,
 Wheat,Uvs,2022-04,
 Wheat,Uvs,2022-03,700000.0
 Wheat,Uvs,2022-02,700000.0
 Wheat,Uvs,2022-01,675000.0
 Wheat,Uvs,2021-12,700000.0
 Wheat,Uvs,2021-11,700000.0
 Wheat,Uvs,2021-10,700000.0
 Wheat,Uvs,2021-09,
 Wheat,Uvs,2021-08,
 Wheat,Uvs,2021-07,
 Wheat,Uvs,2021-06,
 Wheat,Uvs,2021-05,
 Wheat,Uvs,2021-04,
 Wheat,Uvs,2021-03,
 Wheat,Uvs,2021-02,
 Wheat,Uvs,2021-01,
 Wheat,Uvs,2020-12,700000.0
 Wheat,Uvs,2020-11,
 Wheat,Uvs,2020-10,
 Wheat,Uvs,2020-09,
 Wheat,Uvs,2020-08,
 Wheat,Uvs,2020-07,
 Wheat,Uvs,2020-06,
 Wheat,Uvs,2020-05,800000.0
 Wheat,Uvs,2020-04,
 Wheat,Uvs,2020-03,500000.0
 Wheat,Uvs,2020-02,500000.0
 Wheat,Uvs,2020-01,500000.0
 Wheat,Uvs,2019-12,575000.0
 Wheat,Uvs,2019-11,655000.0
 Wheat,Uvs,2019-10,360000.0
 Wheat,Uvs,2019-09,500000.0
 Wheat,Uvs,2019-08,
 Wheat,Uvs,2019-07,
 Wheat,Uvs,2019-06,
 Wheat,Uvs,2019-05,
 Wheat,Uvs,2019-04,
 Wheat,Uvs,2019-03,500000.0
 Wheat,Uvs,2019-02,500000.0
 Wheat,Uvs,2019-01,600000.0
 Wheat,Uvs,2018-12,500000.0
 Wheat,Khovd,2025-12,
 Wheat,Khovd,2025-11,
 Wheat,Khovd,2025-10,
 Wheat,Khovd,2025-09,
 Wheat,Khovd,2025-08,
 Wheat,Khovd,2025-07,
 Wheat,Khovd,2025-06,
 Wheat,Khovd,2025-05,
 Wheat,Khovd,2025-04,
 Wheat,Khovd,2025-03,
 Wheat,Khovd,2025-02,
 Wheat,Khovd,2025-01,
 Wheat,Khovd,2024-12,
 Wheat,Khovd,2024-11,
 Wheat,Khovd,2024-10,
 Wheat,Khovd,2024-09,
 Wheat,Khovd,2024-08,
 Wheat,Khovd,2024-07,
 Wheat,Khovd,2024-06,
 Wheat,Khovd,2024-05,
 Wheat,Khovd,2024-04,
 Wheat,Khovd,2024-03,
 Wheat,Khovd,2024-02,
 Wheat,Khovd,2024-01,
 Wheat,Khovd,2023-12,
 Wheat,Khovd,2023-11,
 Wheat,Khovd,2023-10,
 Wheat,Khovd,2023-09,
 Wheat,Khovd,2023-08,
 Wheat,Khovd,2023-07,
 Wheat,Khovd,2023-06,
 Wheat,Khovd,2023-05,
 Wheat,Khovd,2023-04,
 Wheat,Khovd,2023-03,
 Wheat,Khovd,2023-02,
 Wheat,Khovd,2023-01,
 Wheat,Khovd,2022-12,
 Wheat,Khovd,2022-11,
 Wheat,Khovd,2022-10,
 Wheat,Khovd,2022-09,
 Wheat,Khovd,2022-08,
 Wheat,Khovd,2022-07,
 Wheat,Khovd,2022-06,
 Wheat,Khovd,2022-05,
 Wheat,Khovd,2022-04,
 Wheat,Khovd,2022-03,
 Wheat,Khovd,2022-02,
 Wheat,Khovd,2022-01,
 Wheat,Khovd,2021-12,
 Wheat,Khovd,2021-11,
 Wheat,Khovd,2021-10,
 Wheat,Khovd,2021-09,
 Wheat,Khovd,2021-08,
 Wheat,Khovd,2021-07,
 Wheat,Khovd,2021-06,
 Wheat,Khovd,2021-05,
 Wheat,Khovd,2021-04,
 Wheat,Khovd,2021-03,
 Wheat,Khovd,2021-02,
 Wheat,Khovd,2021-01,
 Wheat,Khovd,2020-12,
 Wheat,Khovd,2020-11,
 Wheat,Khovd,2020-10,
 Wheat,Khovd,2020-09,
 Wheat,Khovd,2020-08,
 Wheat,Khovd,2020-07,
 Wheat,Khovd,2020-06,
 Wheat,Khovd,2020-05,
 Wheat,Khovd,2020-04,
 Wheat,Khovd,2020-03,
 Wheat,Khovd,2020-02,
 Wheat,Khovd,2020-01,
 Wheat,Khovd,2019-12,
 Wheat,Khovd,2019-11,
 Wheat,Khovd,2019-10,
 Wheat,Khovd,2019-09,
 Wheat,Khovd,2019-08,
 Wheat,Khovd,2019-07,
 Wheat,Khovd,2019-06,
 Wheat,Khovd,2019-05,
 Wheat,Khovd,2019-04,
 Wheat,Khovd,2019-03,
 Wheat,Khovd,2019-02,
 Wheat,Khovd,2019-01,
 Wheat,Khovd,2018-12,
 Wheat,Khangai region,2025-12,
 Wheat,Khangai region,2025-11,
 Wheat,Khangai region,2025-10,
 Wheat,Khangai region,2025-09,
 Wheat,Khangai region,2025-08,
 Wheat,Khangai region,2025-07,
 Wheat,Khangai region,2025-06,
 Wheat,Khangai region,2025-05,
 Wheat,Khangai region,2025-04,
 Wheat,Khangai region,2025-03,
 Wheat,Khangai region,2025-02,
 Wheat,Khangai region,2025-01,
 Wheat,Khangai region,2024-12,
 Wheat,Khangai region,2024-11,
 Wheat,Khangai region,2024-10,
 Wheat,Khangai region,2024-09,
 Wheat,Khangai region,2024-08,
 Wheat,Khangai region,2024-07,
 Wheat,Khangai region,2024-06,
 Wheat,Khangai region,2024-05,
 Wheat,Khangai region,2024-04,
 Wheat,Khangai region,2024-03,
 Wheat,Khangai region,2024-02,
 Wheat,Khangai region,2024-01,
 Wheat,Khangai region,2023-12,
 Wheat,Khangai region,2023-11,
 Wheat,Khangai region,2023-10,
 Wheat,Khangai region,2023-09,
 Wheat,Khangai region,2023-08,
 Wheat,Khangai region,2023-07,
 Wheat,Khangai region,2023-06,
 Wheat,Khangai region,2023-05,
 Wheat,Khangai region,2023-04,
 Wheat,Khangai region,2023-03,
 Wheat,Khangai region,2023-02,
 Wheat,Khangai region,2023-01,
 Wheat,Khangai region,2022-12,
 Wheat,Khangai region,2022-11,
 Wheat,Khangai region,2022-10,
 Wheat,Khangai region,2022-09,
 Wheat,Khangai region,2022-08,
 Wheat,Khangai region,2022-07,
 Wheat,Khangai region,2022-06,
 Wheat,Khangai region,2022-05,
 Wheat,Khangai region,2022-04,
 Wheat,Khangai region,2022-03,
 Wheat,Khangai region,2022-02,
 Wheat,Khangai region,2022-01,
 Wheat,Khangai region,2021-12,
 Wheat,Khangai region,2021-11,
 Wheat,Khangai region,2021-10,
 Wheat,Khangai region,2021-09,
 Wheat,Khangai region,2021-08,
 Wheat,Khangai region,2021-07,
 Wheat,Khangai region,2021-06,
 Wheat,Khangai region,2021-05,
 Wheat,Khangai region,2021-04,
 Wheat,Khangai region,2021-03,
 Wheat,Khangai region,2021-02,
 Wheat,Khangai region,2021-01,
 Wheat,Khangai region,2020-12,
 Wheat,Khangai region,2020-11,
 Wheat,Khangai region,2020-10,
 Wheat,Khangai region,2020-09,
 Wheat,Khangai region,2020-08,
 Wheat,Khangai region,2020-07,
 Wheat,Khangai region,2020-06,
 Wheat,Khangai region,2020-05,
 Wheat,Khangai region,2020-04,
 Wheat,Khangai region,2020-03,
 Wheat,Khangai region,2020-02,
 Wheat,Khangai region,2020-01,
 Wheat,Khangai region,2019-12,
 Wheat,Khangai region,2019-11,
 Wheat,Khangai region,2019-10,
 Wheat,Khangai region,2019-09,
 Wheat,Khangai region,2019-08,
 Wheat,Khangai region,2019-07,
 Wheat,Khangai region,2019-06,
 Wheat,Khangai region,2019-05,
 Wheat,Khangai region,2019-04,
 Wheat,Khangai region,2019-03,
 Wheat,Khangai region,2019-02,
 Wheat,Khangai region,2019-01,
 Wheat,Khangai region,2018-12,
 Wheat,Arkhangai,2025-12,
 Wheat,Arkhangai,2025-11,
 Wheat,Arkhangai,2025-10,
 Wheat,Arkhangai,2025-09,
 Wheat,Arkhangai,2025-08,
 Wheat,Arkhangai,2025-07,
 Wheat,Arkhangai,2025-06,
 Wheat,Arkhangai,2025-05,1200000.0
 Wheat,Arkhangai,2025-04,
 Wheat,Arkhangai,2025-03,
 Wheat,Arkhangai,2025-02,
 Wheat,Arkhangai,2025-01,
 Wheat,Arkhangai,2024-12,
 Wheat,Arkhangai,2024-11,1000000.0
 Wheat,Arkhangai,2024-10,1000000.0
 Wheat,Arkhangai,2024-09,1000000.0
 Wheat,Arkhangai,2024-08,
 Wheat,Arkhangai,2024-07,
 Wheat,Arkhangai,2024-06,
 Wheat,Arkhangai,2024-05,
 Wheat,Arkhangai,2024-04,
 Wheat,Arkhangai,2024-03,1200000.0
 Wheat,Arkhangai,2024-02,1200000.0
 Wheat,Arkhangai,2024-01,1000000.0
 Wheat,Arkhangai,2023-12,
 Wheat,Arkhangai,2023-11,
 Wheat,Arkhangai,2023-10,
 Wheat,Arkhangai,2023-09,
 Wheat,Arkhangai,2023-08,
 Wheat,Arkhangai,2023-07,
 Wheat,Arkhangai,2023-06,
 Wheat,Arkhangai,2023-05,
 Wheat,Arkhangai,2023-04,
 Wheat,Arkhangai,2023-03,
 Wheat,Arkhangai,2023-02,
 Wheat,Arkhangai,2023-01,
 Wheat,Arkhangai,2022-12,700000.0
 Wheat,Arkhangai,2022-11,800000.0
 Wheat,Arkhangai,2022-10,
 Wheat,Arkhangai,2022-09,
 Wheat,Arkhangai,2022-08,
 Wheat,Arkhangai,2022-07,
 Wheat,Arkhangai,2022-06,
 Wheat,Arkhangai,2022-05,
 Wheat,Arkhangai,2022-04,700000.0
 Wheat,Arkhangai,2022-03,700000.0
 Wheat,Arkhangai,2022-02,700000.0
 Wheat,Arkhangai,2022-01,750000.0
 Wheat,Arkhangai,2021-12,650000.0
 Wheat,Arkhangai,2021-11,650000.0
 Wheat,Arkhangai,2021-10,700000.0
 Wheat,Arkhangai,2021-09,700000.0
 Wheat,Arkhangai,2021-08,
 Wheat,Arkhangai,2021-07,
 Wheat,Arkhangai,2021-06,
 Wheat,Arkhangai,2021-05,
 Wheat,Arkhangai,2021-04,
 Wheat,Arkhangai,2021-03,
 Wheat,Arkhangai,2021-02,
 Wheat,Arkhangai,2021-01,
 Wheat,Arkhangai,2020-12,900000.0
 Wheat,Arkhangai,2020-11,850000.0
 Wheat,Arkhangai,2020-10,700000.0
 Wheat,Arkhangai,2020-09,
 Wheat,Arkhangai,2020-08,
 Wheat,Arkhangai,2020-07,
 Wheat,Arkhangai,2020-06,
 Wheat,Arkhangai,2020-05,450000.0
 Wheat,Arkhangai,2020-04,450000.0
 Wheat,Arkhangai,2020-03,450000.0
 Wheat,Arkhangai,2020-02,450000.0
 Wheat,Arkhangai,2020-01,450000.0
 Wheat,Arkhangai,2019-12,450000.0
 Wheat,Arkhangai,2019-11,450000.0
 Wheat,Arkhangai,2019-10,450000.0
 Wheat,Arkhangai,2019-09,450000.0
 Wheat,Arkhangai,2019-08,
 Wheat,Arkhangai,2019-07,
 Wheat,Arkhangai,2019-06,
 Wheat,Arkhangai,2019-05,
 Wheat,Arkhangai,2019-04,
 Wheat,Arkhangai,2019-03,
 Wheat,Arkhangai,2019-02,500000.0
 Wheat,Arkhangai,2019-01,500000.0
 Wheat,Arkhangai,2018-12,550000.0
 Wheat,Bayankhongor,2025-12,
 Wheat,Bayankhongor,2025-11,
 Wheat,Bayankhongor,2025-10,
 Wheat,Bayankhongor,2025-09,
 Wheat,Bayankhongor,2025-08,
 Wheat,Bayankhongor,2025-07,
 Wheat,Bayankhongor,2025-06,
 Wheat,Bayankhongor,2025-05,
 Wheat,Bayankhongor,2025-04,
 Wheat,Bayankhongor,2025-03,
 Wheat,Bayankhongor,2025-02,
 Wheat,Bayankhongor,2025-01,
 Wheat,Bayankhongor,2024-12,
 Wheat,Bayankhongor,2024-11,
 Wheat,Bayankhongor,2024-10,
 Wheat,Bayankhongor,2024-09,
 Wheat,Bayankhongor,2024-08,
 Wheat,Bayankhongor,2024-07,
 Wheat,Bayankhongor,2024-06,
 Wheat,Bayankhongor,2024-05,
 Wheat,Bayankhongor,2024-04,
 Wheat,Bayankhongor,2024-03,
 Wheat,Bayankhongor,2024-02,
 Wheat,Bayankhongor,2024-01,
 Wheat,Bayankhongor,2023-12,
 Wheat,Bayankhongor,2023-11,
 Wheat,Bayankhongor,2023-10,
 Wheat,Bayankhongor,2023-09,
 Wheat,Bayankhongor,2023-08,
 Wheat,Bayankhongor,2023-07,
 Wheat,Bayankhongor,2023-06,
 Wheat,Bayankhongor,2023-05,
 Wheat,Bayankhongor,2023-04,
 Wheat,Bayankhongor,2023-03,
 Wheat,Bayankhongor,2023-02,
 Wheat,Bayankhongor,2023-01,
 Wheat,Bayankhongor,2022-12,
 Wheat,Bayankhongor,2022-11,
 Wheat,Bayankhongor,2022-10,
 Wheat,Bayankhongor,2022-09,
 Wheat,Bayankhongor,2022-08,
 Wheat,Bayankhongor,2022-07,
 Wheat,Bayankhongor,2022-06,
 Wheat,Bayankhongor,2022-05,
 Wheat,Bayankhongor,2022-04,
 Wheat,Bayankhongor,2022-03,
 Wheat,Bayankhongor,2022-02,
 Wheat,Bayankhongor,2022-01,
 Wheat,Bayankhongor,2021-12,
 Wheat,Bayankhongor,2021-11,
 Wheat,Bayankhongor,2021-10,
 Wheat,Bayankhongor,2021-09,
 Wheat,Bayankhongor,2021-08,
 Wheat,Bayankhongor,2021-07,
 Wheat,Bayankhongor,2021-06,
 Wheat,Bayankhongor,2021-05,
 Wheat,Bayankhongor,2021-04,
 Wheat,Bayankhongor,2021-03,
 Wheat,Bayankhongor,2021-02,
 Wheat,Bayankhongor,2021-01,
 Wheat,Bayankhongor,2020-12,900000.0
 Wheat,Bayankhongor,2020-11,
 Wheat,Bayankhongor,2020-10,
 Wheat,Bayankhongor,2020-09,
 Wheat,Bayankhongor,2020-08,
 Wheat,Bayankhongor,2020-07,
 Wheat,Bayankhongor,2020-06,
 Wheat,Bayankhongor,2020-05,
 Wheat,Bayankhongor,2020-04,
 Wheat,Bayankhongor,2020-03,
 Wheat,Bayankhongor,2020-02,
 Wheat,Bayankhongor,2020-01,
 Wheat,Bayankhongor,2019-12,
 Wheat,Bayankhongor,2019-11,
 Wheat,Bayankhongor,2019-10,
 Wheat,Bayankhongor,2019-09,
 Wheat,Bayankhongor,2019-08,
 Wheat,Bayankhongor,2019-07,
 Wheat,Bayankhongor,2019-06,
 Wheat,Bayankhongor,2019-05,
 Wheat,Bayankhongor,2019-04,
 Wheat,Bayankhongor,2019-03,
 Wheat,Bayankhongor,2019-02,
 Wheat,Bayankhongor,2019-01,
 Wheat,Bayankhongor,2018-12,
 Wheat,Bulgan,2025-12,1200000.0
 Wheat,Bulgan,2025-11,1100000.0
 Wheat,Bulgan,2025-10,
 Wheat,Bulgan,2025-09,
 Wheat,Bulgan,2025-08,
 Wheat,Bulgan,2025-07,
 Wheat,Bulgan,2025-06,
 Wheat,Bulgan,2025-05,
 Wheat,Bulgan,2025-04,1000000.0
 Wheat,Bulgan,2025-03,
 Wheat,Bulgan,2025-02,
 Wheat,Bulgan,2025-01,
 Wheat,Bulgan,2024-12,
 Wheat,Bulgan,2024-11,
 Wheat,Bulgan,2024-10,
 Wheat,Bulgan,2024-09,
 Wheat,Bulgan,2024-08,
 Wheat,Bulgan,2024-07,
 Wheat,Bulgan,2024-06,
 Wheat,Bulgan,2024-05,
 Wheat,Bulgan,2024-04,
 Wheat,Bulgan,2024-03,
 Wheat,Bulgan,2024-02,950000.0
 Wheat,Bulgan,2024-01,950000.0
 Wheat,Bulgan,2023-12,920000.0
 Wheat,Bulgan,2023-11,935000.0
 Wheat,Bulgan,2023-10,885000.0
 Wheat,Bulgan,2023-09,925000.0
 Wheat,Bulgan,2023-08,
 Wheat,Bulgan,2023-07,
 Wheat,Bulgan,2023-06,
 Wheat,Bulgan,2023-05,850000.0
 Wheat,Bulgan,2023-04,850000.0
 Wheat,Bulgan,2023-03,850000.0
 Wheat,Bulgan,2023-02,
 Wheat,Bulgan,2023-01,690000.0
 Wheat,Bulgan,2022-12,690000.0
 Wheat,Bulgan,2022-11,690000.0
 Wheat,Bulgan,2022-10,690000.0
 Wheat,Bulgan,2022-09,690000.0
 Wheat,Bulgan,2022-08,690000.0
 Wheat,Bulgan,2022-07,690000.0
 Wheat,Bulgan,2022-06,745000.0
 Wheat,Bulgan,2022-05,745000.0
 Wheat,Bulgan,2022-04,745000.0
 Wheat,Bulgan,2022-03,745000.0
 Wheat,Bulgan,2022-02,745000.0
 Wheat,Bulgan,2022-01,663000.0
 Wheat,Bulgan,2021-12,663333.0
 Wheat,Bulgan,2021-11,500000.0
 Wheat,Bulgan,2021-10,690000.0
 Wheat,Bulgan,2021-09,680000.0
 Wheat,Bulgan,2021-08,680000.0
 Wheat,Bulgan,2021-07,680000.0
 Wheat,Bulgan,2021-06,680000.0
 Wheat,Bulgan,2021-05,
 Wheat,Bulgan,2021-04,815000.0
 Wheat,Bulgan,2021-03,680000.0
 Wheat,Bulgan,2021-02,680000.0
 Wheat,Bulgan,2021-01,680000.0
 Wheat,Bulgan,2020-12,670000.0
 Wheat,Bulgan,2020-11,653333.0
 Wheat,Bulgan,2020-10,556667.0
 Wheat,Bulgan,2020-09,525000.0
 Wheat,Bulgan,2020-08,600000.0
 Wheat,Bulgan,2020-07,
 Wheat,Bulgan,2020-06,650000.0
 Wheat,Bulgan,2020-05,650000.0
 Wheat,Bulgan,2020-04,650000.0
 Wheat,Bulgan,2020-03,650000.0
 Wheat,Bulgan,2020-02,650000.0
 Wheat,Bulgan,2020-01,625000.0
 Wheat,Bulgan,2019-12,625000.0
 Wheat,Bulgan,2019-11,566667.0
 Wheat,Bulgan,2019-10,
 Wheat,Bulgan,2019-09,
 Wheat,Bulgan,2019-08,530000.0
 Wheat,Bulgan,2019-07,530000.0
 Wheat,Bulgan,2019-06,540000.0
 Wheat,Bulgan,2019-05,530000.0
 Wheat,Bulgan,2019-04,515000.0
 Wheat,Bulgan,2019-03,450000.0
 Wheat,Bulgan,2019-02,500000.0
 Wheat,Bulgan,2019-01,530000.0
 Wheat,Bulgan,2018-12,527000.0
 Wheat,Uvurkhangai,2025-12,1400000.0
 Wheat,Uvurkhangai,2025-11,1400000.0
 Wheat,Uvurkhangai,2025-10,
 Wheat,Uvurkhangai,2025-09,1350000.0
 Wheat,Uvurkhangai,2025-08,1300000.0
 Wheat,Uvurkhangai,2025-07,
 Wheat,Uvurkhangai,2025-06,
 Wheat,Uvurkhangai,2025-05,
 Wheat,Uvurkhangai,2025-04,1400000.0
 Wheat,Uvurkhangai,2025-03,1100000.0
 Wheat,Uvurkhangai,2025-02,1000000.0
 Wheat,Uvurkhangai,2025-01,950000.0
 Wheat,Uvurkhangai,2024-12,1000000.0
 Wheat,Uvurkhangai,2024-11,1000000.0
 Wheat,Uvurkhangai,2024-10,1000000.0
 Wheat,Uvurkhangai,2024-09,1000000.0
 Wheat,Uvurkhangai,2024-08,
 Wheat,Uvurkhangai,2024-07,
 Wheat,Uvurkhangai,2024-06,
 Wheat,Uvurkhangai,2024-05,
 Wheat,Uvurkhangai,2024-04,
 Wheat,Uvurkhangai,2024-03,1025000.0
 Wheat,Uvurkhangai,2024-02,1000000.0
 Wheat,Uvurkhangai,2024-01,1100000.0
 Wheat,Uvurkhangai,2023-12,1100000.0
 Wheat,Uvurkhangai,2023-11,1100000.0
 Wheat,Uvurkhangai,2023-10,1000000.0
 Wheat,Uvurkhangai,2023-09,1000000.0
 Wheat,Uvurkhangai,2023-08,1100000.0
 Wheat,Uvurkhangai,2023-07,1100000.0
 Wheat,Uvurkhangai,2023-06,1100000.0
 Wheat,Uvurkhangai,2023-05,1100000.0
 Wheat,Uvurkhangai,2023-04,1200000.0
 Wheat,Uvurkhangai,2023-03,1200000.0
 Wheat,Uvurkhangai,2023-02,1200000.0
 Wheat,Uvurkhangai,2023-01,1280000.0
 Wheat,Uvurkhangai,2022-12,1280000.0
 Wheat,Uvurkhangai,2022-11,1280000.0
 Wheat,Uvurkhangai,2022-10,1020000.0
 Wheat,Uvurkhangai,2022-09,
 Wheat,Uvurkhangai,2022-08,
 Wheat,Uvurkhangai,2022-07,
 Wheat,Uvurkhangai,2022-06,660000.0
 Wheat,Uvurkhangai,2022-05,700000.0
 Wheat,Uvurkhangai,2022-04,700000.0
 Wheat,Uvurkhangai,2022-03,700000.0
 Wheat,Uvurkhangai,2022-02,700000.0
 Wheat,Uvurkhangai,2022-01,700000.0
 Wheat,Uvurkhangai,2021-12,680000.0
 Wheat,Uvurkhangai,2021-11,680000.0
 Wheat,Uvurkhangai,2021-10,680000.0
 Wheat,Uvurkhangai,2021-09,680000.0
 Wheat,Uvurkhangai,2021-08,680000.0
 Wheat,Uvurkhangai,2021-07,660000.0
 Wheat,Uvurkhangai,2021-06,660000.0
 Wheat,Uvurkhangai,2021-05,660000.0
 Wheat,Uvurkhangai,2021-04,660000.0
 Wheat,Uvurkhangai,2021-03,660000.0
 Wheat,Uvurkhangai,2021-02,660000.0
 Wheat,Uvurkhangai,2021-01,660000.0
 Wheat,Uvurkhangai,2020-12,660000.0
 Wheat,Uvurkhangai,2020-11,700000.0
 Wheat,Uvurkhangai,2020-10,600000.0
 Wheat,Uvurkhangai,2020-09,600000.0
 Wheat,Uvurkhangai,2020-08,600000.0
 Wheat,Uvurkhangai,2020-07,600000.0
 Wheat,Uvurkhangai,2020-06,600000.0
 Wheat,Uvurkhangai,2020-05,690000.0
 Wheat,Uvurkhangai,2020-04,700000.0
 Wheat,Uvurkhangai,2020-03,700000.0
 Wheat,Uvurkhangai,2020-02,600000.0
 Wheat,Uvurkhangai,2020-01,600000.0
 Wheat,Uvurkhangai,2019-12,560000.0
 Wheat,Uvurkhangai,2019-11,560000.0
 Wheat,Uvurkhangai,2019-10,560000.0
 Wheat,Uvurkhangai,2019-09,560000.0
 Wheat,Uvurkhangai,2019-08,560000.0
 Wheat,Uvurkhangai,2019-07,560000.0
 Wheat,Uvurkhangai,2019-06,560000.0
 Wheat,Uvurkhangai,2019-05,560000.0
 Wheat,Uvurkhangai,2019-04,560000.0
 Wheat,Uvurkhangai,2019-03,560000.0
 Wheat,Uvurkhangai,2019-02,560000.0
 Wheat,Uvurkhangai,2019-01,560000.0
 Wheat,Uvurkhangai,2018-12,560000.0
 Wheat,Khuvsgul,2025-12,1400000.0
 Wheat,Khuvsgul,2025-11,1400000.0
 Wheat,Khuvsgul,2025-10,
 Wheat,Khuvsgul,2025-09,
 Wheat,Khuvsgul,2025-08,
 Wheat,Khuvsgul,2025-07,
 Wheat,Khuvsgul,2025-06,
 Wheat,Khuvsgul,2025-05,
 Wheat,Khuvsgul,2025-04,
 Wheat,Khuvsgul,2025-03,
 Wheat,Khuvsgul,2025-02,
 Wheat,Khuvsgul,2025-01,
 Wheat,Khuvsgul,2024-12,
 Wheat,Khuvsgul,2024-11,1100000.0
 Wheat,Khuvsgul,2024-10,
 Wheat,Khuvsgul,2024-09,1200000.0
 Wheat,Khuvsgul,2024-08,1200000.0
 Wheat,Khuvsgul,2024-07,
 Wheat,Khuvsgul,2024-06,
 Wheat,Khuvsgul,2024-05,
 Wheat,Khuvsgul,2024-04,
 Wheat,Khuvsgul,2024-03,
 Wheat,Khuvsgul,2024-02,
 Wheat,Khuvsgul,2024-01,1000000.0
 Wheat,Khuvsgul,2023-12,1000000.0
 Wheat,Khuvsgul,2023-11,900000.0
 Wheat,Khuvsgul,2023-10,900000.0
 Wheat,Khuvsgul,2023-09,
 Wheat,Khuvsgul,2023-08,
 Wheat,Khuvsgul,2023-07,
 Wheat,Khuvsgul,2023-06,
 Wheat,Khuvsgul,2023-05,
 Wheat,Khuvsgul,2023-04,900000.0
 Wheat,Khuvsgul,2023-03,900000.0
 Wheat,Khuvsgul,2023-02,750000.0
 Wheat,Khuvsgul,2023-01,
 Wheat,Khuvsgul,2022-12,
 Wheat,Khuvsgul,2022-11,970000.0
 Wheat,Khuvsgul,2022-10,900000.0
 Wheat,Khuvsgul,2022-09,850000.0
 Wheat,Khuvsgul,2022-08,
 Wheat,Khuvsgul,2022-07,
 Wheat,Khuvsgul,2022-06,
 Wheat,Khuvsgul,2022-05,650000.0
 Wheat,Khuvsgul,2022-04,
 Wheat,Khuvsgul,2022-03,650000.0
 Wheat,Khuvsgul,2022-02,650000.0
 Wheat,Khuvsgul,2022-01,630000.0
 Wheat,Khuvsgul,2021-12,650000.0
 Wheat,Khuvsgul,2021-11,
 Wheat,Khuvsgul,2021-10,
 Wheat,Khuvsgul,2021-09,
 Wheat,Khuvsgul,2021-08,
 Wheat,Khuvsgul,2021-07,
 Wheat,Khuvsgul,2021-06,
 Wheat,Khuvsgul,2021-05,
 Wheat,Khuvsgul,2021-04,
 Wheat,Khuvsgul,2021-03,
 Wheat,Khuvsgul,2021-02,850000.0
 Wheat,Khuvsgul,2021-01,900000.0
 Wheat,Khuvsgul,2020-12,
 Wheat,Khuvsgul,2020-11,
 Wheat,Khuvsgul,2020-10,
 Wheat,Khuvsgul,2020-09,
 Wheat,Khuvsgul,2020-08,
 Wheat,Khuvsgul,2020-07,
 Wheat,Khuvsgul,2020-06,
 Wheat,Khuvsgul,2020-05,
 Wheat,Khuvsgul,2020-04,800000.0
 Wheat,Khuvsgul,2020-03,
 Wheat,Khuvsgul,2020-02,
 Wheat,Khuvsgul,2020-01,
 Wheat,Khuvsgul,2019-12,
 Wheat,Khuvsgul,2019-11,
 Wheat,Khuvsgul,2019-10,
 Wheat,Khuvsgul,2019-09,
 Wheat,Khuvsgul,2019-08,
 Wheat,Khuvsgul,2019-07,
 Wheat,Khuvsgul,2019-06,
 Wheat,Khuvsgul,2019-05,
 Wheat,Khuvsgul,2019-04,
 Wheat,Khuvsgul,2019-03,
 Wheat,Khuvsgul,2019-02,
 Wheat,Khuvsgul,2019-01,450000.0
 Wheat,Khuvsgul,2018-12,600000.0
 Wheat,Orkhon,2025-12,
 Wheat,Orkhon,2025-11,
 Wheat,Orkhon,2025-10,
 Wheat,Orkhon,2025-09,1320000.0
 Wheat,Orkhon,2025-08,
 Wheat,Orkhon,2025-07,
 Wheat,Orkhon,2025-06,
 Wheat,Orkhon,2025-05,
 Wheat,Orkhon,2025-04,1320000.0
 Wheat,Orkhon,2025-03,
 Wheat,Orkhon,2025-02,
 Wheat,Orkhon,2025-01,
 Wheat,Orkhon,2024-12,
 Wheat,Orkhon,2024-11,
 Wheat,Orkhon,2024-10,
 Wheat,Orkhon,2024-09,
 Wheat,Orkhon,2024-08,
 Wheat,Orkhon,2024-07,
 Wheat,Orkhon,2024-06,
 Wheat,Orkhon,2024-05,
 Wheat,Orkhon,2024-04,
 Wheat,Orkhon,2024-03,
 Wheat,Orkhon,2024-02,
 Wheat,Orkhon,2024-01,
 Wheat,Orkhon,2023-12,
 Wheat,Orkhon,2023-11,
 Wheat,Orkhon,2023-10,
 Wheat,Orkhon,2023-09,
 Wheat,Orkhon,2023-08,
 Wheat,Orkhon,2023-07,
 Wheat,Orkhon,2023-06,
 Wheat,Orkhon,2023-05,
 Wheat,Orkhon,2023-04,
 Wheat,Orkhon,2023-03,
 Wheat,Orkhon,2023-02,
 Wheat,Orkhon,2023-01,
 Wheat,Orkhon,2022-12,
 Wheat,Orkhon,2022-11,
 Wheat,Orkhon,2022-10,
 Wheat,Orkhon,2022-09,
 Wheat,Orkhon,2022-08,
 Wheat,Orkhon,2022-07,
 Wheat,Orkhon,2022-06,
 Wheat,Orkhon,2022-05,
 Wheat,Orkhon,2022-04,
 Wheat,Orkhon,2022-03,
 Wheat,Orkhon,2022-02,500000.0
 Wheat,Orkhon,2022-01,500000.0
 Wheat,Orkhon,2021-12,
 Wheat,Orkhon,2021-11,
 Wheat,Orkhon,2021-10,
 Wheat,Orkhon,2021-09,
 Wheat,Orkhon,2021-08,
 Wheat,Orkhon,2021-07,
 Wheat,Orkhon,2021-06,
 Wheat,Orkhon,2021-05,
 Wheat,Orkhon,2021-04,
 Wheat,Orkhon,2021-03,
 Wheat,Orkhon,2021-02,
 Wheat,Orkhon,2021-01,
 Wheat,Orkhon,2020-12,
 Wheat,Orkhon,2020-11,
 Wheat,Orkhon,2020-10,
 Wheat,Orkhon,2020-09,
 Wheat,Orkhon,2020-08,
 Wheat,Orkhon,2020-07,
 Wheat,Orkhon,2020-06,
 Wheat,Orkhon,2020-05,
 Wheat,Orkhon,2020-04,
 Wheat,Orkhon,2020-03,
 Wheat,Orkhon,2020-02,
 Wheat,Orkhon,2020-01,
 Wheat,Orkhon,2019-12,
 Wheat,Orkhon,2019-11,
 Wheat,Orkhon,2019-10,
 Wheat,Orkhon,2019-09,
 Wheat,Orkhon,2019-08,
 Wheat,Orkhon,2019-07,
 Wheat,Orkhon,2019-06,
 Wheat,Orkhon,2019-05,
 Wheat,Orkhon,2019-04,
 Wheat,Orkhon,2019-03,
 Wheat,Orkhon,2019-02,
 Wheat,Orkhon,2019-01,
 Wheat,Orkhon,2018-12,
 Wheat,Central region,2025-12,
 Wheat,Central region,2025-11,
 Wheat,Central region,2025-10,
 Wheat,Central region,2025-09,
 Wheat,Central region,2025-08,
 Wheat,Central region,2025-07,
 Wheat,Central region,2025-06,
 Wheat,Central region,2025-05,
 Wheat,Central region,2025-04,
 Wheat,Central region,2025-03,
 Wheat,Central region,2025-02,
 Wheat,Central region,2025-01,
 Wheat,Central region,2024-12,
 Wheat,Central region,2024-11,
 Wheat,Central region,2024-10,
 Wheat,Central region,2024-09,
 Wheat,Central region,2024-08,
 Wheat,Central region,2024-07,
 Wheat,Central region,2024-06,
 Wheat,Central region,2024-05,
 Wheat,Central region,2024-04,
 Wheat,Central region,2024-03,
 Wheat,Central region,2024-02,
 Wheat,Central region,2024-01,
 Wheat,Central region,2023-12,
 Wheat,Central region,2023-11,
 Wheat,Central region,2023-10,
 Wheat,Central region,2023-09,
 Wheat,Central region,2023-08,
 Wheat,Central region,2023-07,
 Wheat,Central region,2023-06,
 Wheat,Central region,2023-05,
 Wheat,Central region,2023-04,
 Wheat,Central region,2023-03,
 Wheat,Central region,2023-02,
 Wheat,Central region,2023-01,
 Wheat,Central region,2022-12,
 Wheat,Central region,2022-11,
 Wheat,Central region,2022-10,
 Wheat,Central region,2022-09,
 Wheat,Central region,2022-08,
 Wheat,Central region,2022-07,
 Wheat,Central region,2022-06,
 Wheat,Central region,2022-05,
 Wheat,Central region,2022-04,
 Wheat,Central region,2022-03,
 Wheat,Central region,2022-02,
 Wheat,Central region,2022-01,
 Wheat,Central region,2021-12,
 Wheat,Central region,2021-11,
 Wheat,Central region,2021-10,
 Wheat,Central region,2021-09,
 Wheat,Central region,2021-08,
 Wheat,Central region,2021-07,
 Wheat,Central region,2021-06,
 Wheat,Central region,2021-05,
 Wheat,Central region,2021-04,
 Wheat,Central region,2021-03,
 Wheat,Central region,2021-02,
 Wheat,Central region,2021-01,
 Wheat,Central region,2020-12,
 Wheat,Central region,2020-11,
 Wheat,Central region,2020-10,
 Wheat,Central region,2020-09,
 Wheat,Central region,2020-08,
 Wheat,Central region,2020-07,
 Wheat,Central region,2020-06,
 Wheat,Central region,2020-05,
 Wheat,Central region,2020-04,
 Wheat,Central region,2020-03,
 Wheat,Central region,2020-02,
 Wheat,Central region,2020-01,
 Wheat,Central region,2019-12,
 Wheat,Central region,2019-11,
 Wheat,Central region,2019-10,
 Wheat,Central region,2019-09,
 Wheat,Central region,2019-08,
 Wheat,Central region,2019-07,
 Wheat,Central region,2019-06,
 Wheat,Central region,2019-05,
 Wheat,Central region,2019-04,
 Wheat,Central region,2019-03,
 Wheat,Central region,2019-02,
 Wheat,Central region,2019-01,
 Wheat,Central region,2018-12,
 Wheat,Govisumber,2025-12,
 Wheat,Govisumber,2025-11,
 Wheat,Govisumber,2025-10,
 Wheat,Govisumber,2025-09,
 Wheat,Govisumber,2025-08,
 Wheat,Govisumber,2025-07,
 Wheat,Govisumber,2025-06,
 Wheat,Govisumber,2025-05,
 Wheat,Govisumber,2025-04,
 Wheat,Govisumber,2025-03,
 Wheat,Govisumber,2025-02,
 Wheat,Govisumber,2025-01,
 Wheat,Govisumber,2024-12,
 Wheat,Govisumber,2024-11,
 Wheat,Govisumber,2024-10,
 Wheat,Govisumber,2024-09,
 Wheat,Govisumber,2024-08,
 Wheat,Govisumber,2024-07,
 Wheat,Govisumber,2024-06,
 Wheat,Govisumber,2024-05,
 Wheat,Govisumber,2024-04,
 Wheat,Govisumber,2024-03,
 Wheat,Govisumber,2024-02,
 Wheat,Govisumber,2024-01,
 Wheat,Govisumber,2023-12,
 Wheat,Govisumber,2023-11,
 Wheat,Govisumber,2023-10,
 Wheat,Govisumber,2023-09,
 Wheat,Govisumber,2023-08,
 Wheat,Govisumber,2023-07,
 Wheat,Govisumber,2023-06,
 Wheat,Govisumber,2023-05,
 Wheat,Govisumber,2023-04,
 Wheat,Govisumber,2023-03,
 Wheat,Govisumber,2023-02,
 Wheat,Govisumber,2023-01,
 Wheat,Govisumber,2022-12,
 Wheat,Govisumber,2022-11,
 Wheat,Govisumber,2022-10,
 Wheat,Govisumber,2022-09,
 Wheat,Govisumber,2022-08,
 Wheat,Govisumber,2022-07,
 Wheat,Govisumber,2022-06,
 Wheat,Govisumber,2022-05,
 Wheat,Govisumber,2022-04,
 Wheat,Govisumber,2022-03,
 Wheat,Govisumber,2022-02,
 Wheat,Govisumber,2022-01,
 Wheat,Govisumber,2021-12,
 Wheat,Govisumber,2021-11,
 Wheat,Govisumber,2021-10,
 Wheat,Govisumber,2021-09,
 Wheat,Govisumber,2021-08,
 Wheat,Govisumber,2021-07,
 Wheat,Govisumber,2021-06,
 Wheat,Govisumber,2021-05,
 Wheat,Govisumber,2021-04,
 Wheat,Govisumber,2021-03,
 Wheat,Govisumber,2021-02,
 Wheat,Govisumber,2021-01,
 Wheat,Govisumber,2020-12,
 Wheat,Govisumber,2020-11,
 Wheat,Govisumber,2020-10,
 Wheat,Govisumber,2020-09,
 Wheat,Govisumber,2020-08,
 Wheat,Govisumber,2020-07,
 Wheat,Govisumber,2020-06,
 Wheat,Govisumber,2020-05,
 Wheat,Govisumber,2020-04,
 Wheat,Govisumber,2020-03,
 Wheat,Govisumber,2020-02,
 Wheat,Govisumber,2020-01,
 Wheat,Govisumber,2019-12,
 Wheat,Govisumber,2019-11,
 Wheat,Govisumber,2019-10,
 Wheat,Govisumber,2019-09,
 Wheat,Govisumber,2019-08,
 Wheat,Govisumber,2019-07,
 Wheat,Govisumber,2019-06,
 Wheat,Govisumber,2019-05,
 Wheat,Govisumber,2019-04,
 Wheat,Govisumber,2019-03,
 Wheat,Govisumber,2019-02,
 Wheat,Govisumber,2019-01,
 Wheat,Govisumber,2018-12,
 Wheat,Darkhan-Uul,2025-12,
 Wheat,Darkhan-Uul,2025-11,
 Wheat,Darkhan-Uul,2025-10,
 Wheat,Darkhan-Uul,2025-09,
 Wheat,Darkhan-Uul,2025-08,
 Wheat,Darkhan-Uul,2025-07,
 Wheat,Darkhan-Uul,2025-06,
 Wheat,Darkhan-Uul,2025-05,
 Wheat,Darkhan-Uul,2025-04,
 Wheat,Darkhan-Uul,2025-03,
 Wheat,Darkhan-Uul,2025-02,
 Wheat,Darkhan-Uul,2025-01,
 Wheat,Darkhan-Uul,2024-12,
 Wheat,Darkhan-Uul,2024-11,
 Wheat,Darkhan-Uul,2024-10,
 Wheat,Darkhan-Uul,2024-09,
 Wheat,Darkhan-Uul,2024-08,
 Wheat,Darkhan-Uul,2024-07,
 Wheat,Darkhan-Uul,2024-06,
 Wheat,Darkhan-Uul,2024-05,
 Wheat,Darkhan-Uul,2024-04,
 Wheat,Darkhan-Uul,2024-03,
 Wheat,Darkhan-Uul,2024-02,
 Wheat,Darkhan-Uul,2024-01,
 Wheat,Darkhan-Uul,2023-12,
 Wheat,Darkhan-Uul,2023-11,
 Wheat,Darkhan-Uul,2023-10,900000.0
 Wheat,Darkhan-Uul,2023-09,
 Wheat,Darkhan-Uul,2023-08,
 Wheat,Darkhan-Uul,2023-07,
 Wheat,Darkhan-Uul,2023-06,
 Wheat,Darkhan-Uul,2023-05,
 Wheat,Darkhan-Uul,2023-04,
 Wheat,Darkhan-Uul,2023-03,
 Wheat,Darkhan-Uul,2023-02,
 Wheat,Darkhan-Uul,2023-01,
 Wheat,Darkhan-Uul,2022-12,880000.0
 Wheat,Darkhan-Uul,2022-11,880000.0
 Wheat,Darkhan-Uul,2022-10,880000.0
 Wheat,Darkhan-Uul,2022-09,880000.0
 Wheat,Darkhan-Uul,2022-08,
 Wheat,Darkhan-Uul,2022-07,
 Wheat,Darkhan-Uul,2022-06,
 Wheat,Darkhan-Uul,2022-05,550000.0
 Wheat,Darkhan-Uul,2022-04,550000.0
 Wheat,Darkhan-Uul,2022-03,550000.0
 Wheat,Darkhan-Uul,2022-02,
 Wheat,Darkhan-Uul,2022-01,
 Wheat,Darkhan-Uul,2021-12,
 Wheat,Darkhan-Uul,2021-11,
 Wheat,Darkhan-Uul,2021-10,
 Wheat,Darkhan-Uul,2021-09,
 Wheat,Darkhan-Uul,2021-08,
 Wheat,Darkhan-Uul,2021-07,
 Wheat,Darkhan-Uul,2021-06,
 Wheat,Darkhan-Uul,2021-05,
 Wheat,Darkhan-Uul,2021-04,
 Wheat,Darkhan-Uul,2021-03,
 Wheat,Darkhan-Uul,2021-02,
 Wheat,Darkhan-Uul,2021-01,
 Wheat,Darkhan-Uul,2020-12,
 Wheat,Darkhan-Uul,2020-11,
 Wheat,Darkhan-Uul,2020-10,
 Wheat,Darkhan-Uul,2020-09,
 Wheat,Darkhan-Uul,2020-08,
 Wheat,Darkhan-Uul,2020-07,
 Wheat,Darkhan-Uul,2020-06,
 Wheat,Darkhan-Uul,2020-05,
 Wheat,Darkhan-Uul,2020-04,
 Wheat,Darkhan-Uul,2020-03,
 Wheat,Darkhan-Uul,2020-02,
 Wheat,Darkhan-Uul,2020-01,
 Wheat,Darkhan-Uul,2019-12,
 Wheat,Darkhan-Uul,2019-11,
 Wheat,Darkhan-Uul,2019-10,
 Wheat,Darkhan-Uul,2019-09,
 Wheat,Darkhan-Uul,2019-08,
 Wheat,Darkhan-Uul,2019-07,
 Wheat,Darkhan-Uul,2019-06,
 Wheat,Darkhan-Uul,2019-05,
 Wheat,Darkhan-Uul,2019-04,
 Wheat,Darkhan-Uul,2019-03,
 Wheat,Darkhan-Uul,2019-02,
 Wheat,Darkhan-Uul,2019-01,
 Wheat,Darkhan-Uul,2018-12,
 Wheat,Dornogovi,2025-12,
 Wheat,Dornogovi,2025-11,
 Wheat,Dornogovi,2025-10,
 Wheat,Dornogovi,2025-09,
 Wheat,Dornogovi,2025-08,
 Wheat,Dornogovi,2025-07,
 Wheat,Dornogovi,2025-06,
 Wheat,Dornogovi,2025-05,
 Wheat,Dornogovi,2025-04,
 Wheat,Dornogovi,2025-03,
 Wheat,Dornogovi,2025-02,
 Wheat,Dornogovi,2025-01,
 Wheat,Dornogovi,2024-12,
 Wheat,Dornogovi,2024-11,
 Wheat,Dornogovi,2024-10,
 Wheat,Dornogovi,2024-09,
 Wheat,Dornogovi,2024-08,
 Wheat,Dornogovi,2024-07,
 Wheat,Dornogovi,2024-06,
 Wheat,Dornogovi,2024-05,
 Wheat,Dornogovi,2024-04,
 Wheat,Dornogovi,2024-03,
 Wheat,Dornogovi,2024-02,
 Wheat,Dornogovi,2024-01,
 Wheat,Dornogovi,2023-12,
 Wheat,Dornogovi,2023-11,
 Wheat,Dornogovi,2023-10,
 Wheat,Dornogovi,2023-09,
 Wheat,Dornogovi,2023-08,
 Wheat,Dornogovi,2023-07,
 Wheat,Dornogovi,2023-06,
 Wheat,Dornogovi,2023-05,
 Wheat,Dornogovi,2023-04,
 Wheat,Dornogovi,2023-03,
 Wheat,Dornogovi,2023-02,
 Wheat,Dornogovi,2023-01,
 Wheat,Dornogovi,2022-12,
 Wheat,Dornogovi,2022-11,
 Wheat,Dornogovi,2022-10,
 Wheat,Dornogovi,2022-09,
 Wheat,Dornogovi,2022-08,
 Wheat,Dornogovi,2022-07,
 Wheat,Dornogovi,2022-06,
 Wheat,Dornogovi,2022-05,
 Wheat,Dornogovi,2022-04,
 Wheat,Dornogovi,2022-03,
 Wheat,Dornogovi,2022-02,
 Wheat,Dornogovi,2022-01,
 Wheat,Dornogovi,2021-12,
 Wheat,Dornogovi,2021-11,
 Wheat,Dornogovi,2021-10,
 Wheat,Dornogovi,2021-09,
 Wheat,Dornogovi,2021-08,
 Wheat,Dornogovi,2021-07,
 Wheat,Dornogovi,2021-06,
 Wheat,Dornogovi,2021-05,
 Wheat,Dornogovi,2021-04,
 Wheat,Dornogovi,2021-03,
 Wheat,Dornogovi,2021-02,
 Wheat,Dornogovi,2021-01,
 Wheat,Dornogovi,2020-12,
 Wheat,Dornogovi,2020-11,
 Wheat,Dornogovi,2020-10,
 Wheat,Dornogovi,2020-09,
 Wheat,Dornogovi,2020-08,
 Wheat,Dornogovi,2020-07,
 Wheat,Dornogovi,2020-06,
 Wheat,Dornogovi,2020-05,
 Wheat,Dornogovi,2020-04,
 Wheat,Dornogovi,2020-03,
 Wheat,Dornogovi,2020-02,
 Wheat,Dornogovi,2020-01,
 Wheat,Dornogovi,2019-12,
 Wheat,Dornogovi,2019-11,
 Wheat,Dornogovi,2019-10,
 Wheat,Dornogovi,2019-09,
 Wheat,Dornogovi,2019-08,
 Wheat,Dornogovi,2019-07,
 Wheat,Dornogovi,2019-06,
 Wheat,Dornogovi,2019-05,
 Wheat,Dornogovi,2019-04,
 Wheat,Dornogovi,2019-03,
 Wheat,Dornogovi,2019-02,
 Wheat,Dornogovi,2019-01,
 Wheat,Dornogovi,2018-12,
 Wheat,Dundgovi,2025-12,
 Wheat,Dundgovi,2025-11,
 Wheat,Dundgovi,2025-10,
 Wheat,Dundgovi,2025-09,1100000.0
 Wheat,Dundgovi,2025-08,1100000.0
 Wheat,Dundgovi,2025-07,1100000.0
 Wheat,Dundgovi,2025-06,1100000.0
 Wheat,Dundgovi,2025-05,
 Wheat,Dundgovi,2025-04,1130000.0
 Wheat,Dundgovi,2025-03,
 Wheat,Dundgovi,2025-02,
 Wheat,Dundgovi,2025-01,
 Wheat,Dundgovi,2024-12,
 Wheat,Dundgovi,2024-11,
 Wheat,Dundgovi,2024-10,
 Wheat,Dundgovi,2024-09,
 Wheat,Dundgovi,2024-08,
 Wheat,Dundgovi,2024-07,
 Wheat,Dundgovi,2024-06,
 Wheat,Dundgovi,2024-05,
 Wheat,Dundgovi,2024-04,
 Wheat,Dundgovi,2024-03,
 Wheat,Dundgovi,2024-02,
 Wheat,Dundgovi,2024-01,
 Wheat,Dundgovi,2023-12,
 Wheat,Dundgovi,2023-11,
 Wheat,Dundgovi,2023-10,
 Wheat,Dundgovi,2023-09,
 Wheat,Dundgovi,2023-08,
 Wheat,Dundgovi,2023-07,
 Wheat,Dundgovi,2023-06,
 Wheat,Dundgovi,2023-05,
 Wheat,Dundgovi,2023-04,
 Wheat,Dundgovi,2023-03,
 Wheat,Dundgovi,2023-02,
 Wheat,Dundgovi,2023-01,
 Wheat,Dundgovi,2022-12,
 Wheat,Dundgovi,2022-11,
 Wheat,Dundgovi,2022-10,
 Wheat,Dundgovi,2022-09,
 Wheat,Dundgovi,2022-08,
 Wheat,Dundgovi,2022-07,
 Wheat,Dundgovi,2022-06,
 Wheat,Dundgovi,2022-05,
 Wheat,Dundgovi,2022-04,
 Wheat,Dundgovi,2022-03,
 Wheat,Dundgovi,2022-02,
 Wheat,Dundgovi,2022-01,
 Wheat,Dundgovi,2021-12,
 Wheat,Dundgovi,2021-11,
 Wheat,Dundgovi,2021-10,
 Wheat,Dundgovi,2021-09,
 Wheat,Dundgovi,2021-08,
 Wheat,Dundgovi,2021-07,
 Wheat,Dundgovi,2021-06,
 Wheat,Dundgovi,2021-05,
 Wheat,Dundgovi,2021-04,
 Wheat,Dundgovi,2021-03,
 Wheat,Dundgovi,2021-02,
 Wheat,Dundgovi,2021-01,
 Wheat,Dundgovi,2020-12,
 Wheat,Dundgovi,2020-11,
 Wheat,Dundgovi,2020-10,
 Wheat,Dundgovi,2020-09,
 Wheat,Dundgovi,2020-08,
 Wheat,Dundgovi,2020-07,
 Wheat,Dundgovi,2020-06,
 Wheat,Dundgovi,2020-05,
 Wheat,Dundgovi,2020-04,
 Wheat,Dundgovi,2020-03,
 Wheat,Dundgovi,2020-02,
 Wheat,Dundgovi,2020-01,
 Wheat,Dundgovi,2019-12,
 Wheat,Dundgovi,2019-11,
 Wheat,Dundgovi,2019-10,
 Wheat,Dundgovi,2019-09,
 Wheat,Dundgovi,2019-08,
 Wheat,Dundgovi,2019-07,
 Wheat,Dundgovi,2019-06,
 Wheat,Dundgovi,2019-05,
 Wheat,Dundgovi,2019-04,
 Wheat,Dundgovi,2019-03,
 Wheat,Dundgovi,2019-02,
 Wheat,Dundgovi,2019-01,
 Wheat,Dundgovi,2018-12,
 Wheat,Umnugovi,2025-12,
 Wheat,Umnugovi,2025-11,
 Wheat,Umnugovi,2025-10,
 Wheat,Umnugovi,2025-09,1050000.0
 Wheat,Umnugovi,2025-08,1050000.0
 Wheat,Umnugovi,2025-07,1033333.0
 Wheat,Umnugovi,2025-06,600000.0
 Wheat,Umnugovi,2025-05,
 Wheat,Umnugovi,2025-04,1150000.0
 Wheat,Umnugovi,2025-03,
 Wheat,Umnugovi,2025-02,
 Wheat,Umnugovi,2025-01,
 Wheat,Umnugovi,2024-12,
 Wheat,Umnugovi,2024-11,
 Wheat,Umnugovi,2024-10,
 Wheat,Umnugovi,2024-09,
 Wheat,Umnugovi,2024-08,
 Wheat,Umnugovi,2024-07,
 Wheat,Umnugovi,2024-06,
 Wheat,Umnugovi,2024-05,
 Wheat,Umnugovi,2024-04,
 Wheat,Umnugovi,2024-03,
 Wheat,Umnugovi,2024-02,
 Wheat,Umnugovi,2024-01,
 Wheat,Umnugovi,2023-12,
 Wheat,Umnugovi,2023-11,
 Wheat,Umnugovi,2023-10,
 Wheat,Umnugovi,2023-09,
 Wheat,Umnugovi,2023-08,
 Wheat,Umnugovi,2023-07,
 Wheat,Umnugovi,2023-06,
 Wheat,Umnugovi,2023-05,
 Wheat,Umnugovi,2023-04,
 Wheat,Umnugovi,2023-03,
 Wheat,Umnugovi,2023-02,
 Wheat,Umnugovi,2023-01,
 Wheat,Umnugovi,2022-12,
 Wheat,Umnugovi,2022-11,
 Wheat,Umnugovi,2022-10,
 Wheat,Umnugovi,2022-09,
 Wheat,Umnugovi,2022-08,
 Wheat,Umnugovi,2022-07,
 Wheat,Umnugovi,2022-06,
 Wheat,Umnugovi,2022-05,
 Wheat,Umnugovi,2022-04,
 Wheat,Umnugovi,2022-03,
 Wheat,Umnugovi,2022-02,
 Wheat,Umnugovi,2022-01,
 Wheat,Umnugovi,2021-12,
 Wheat,Umnugovi,2021-11,
 Wheat,Umnugovi,2021-10,
 Wheat,Umnugovi,2021-09,
 Wheat,Umnugovi,2021-08,
 Wheat,Umnugovi,2021-07,
 Wheat,Umnugovi,2021-06,
 Wheat,Umnugovi,2021-05,
 Wheat,Umnugovi,2021-04,
 Wheat,Umnugovi,2021-03,
 Wheat,Umnugovi,2021-02,
 Wheat,Umnugovi,2021-01,
 Wheat,Umnugovi,2020-12,
 Wheat,Umnugovi,2020-11,
 Wheat,Umnugovi,2020-10,
 Wheat,Umnugovi,2020-09,
 Wheat,Umnugovi,2020-08,
 Wheat,Umnugovi,2020-07,
 Wheat,Umnugovi,2020-06,
 Wheat,Umnugovi,2020-05,
 Wheat,Umnugovi,2020-04,
 Wheat,Umnugovi,2020-03,
 Wheat,Umnugovi,2020-02,
 Wheat,Umnugovi,2020-01,
 Wheat,Umnugovi,2019-12,
 Wheat,Umnugovi,2019-11,
 Wheat,Umnugovi,2019-10,
 Wheat,Umnugovi,2019-09,
 Wheat,Umnugovi,2019-08,
 Wheat,Umnugovi,2019-07,
 Wheat,Umnugovi,2019-06,
 Wheat,Umnugovi,2019-05,
 Wheat,Umnugovi,2019-04,
 Wheat,Umnugovi,2019-03,
 Wheat,Umnugovi,2019-02,
 Wheat,Umnugovi,2019-01,
 Wheat,Umnugovi,2018-12,
 Wheat,Selenge,2025-12,1100000.0
 Wheat,Selenge,2025-11,1130000.0
 Wheat,Selenge,2025-10,
 Wheat,Selenge,2025-09,
 Wheat,Selenge,2025-08,
 Wheat,Selenge,2025-07,
 Wheat,Selenge,2025-06,
 Wheat,Selenge,2025-05,
 Wheat,Selenge,2025-04,
 Wheat,Selenge,2025-03,1100000.0
 Wheat,Selenge,2025-02,1000000.0
 Wheat,Selenge,2025-01,966667.0
 Wheat,Selenge,2024-12,816667.0
 Wheat,Selenge,2024-11,937500.0
 Wheat,Selenge,2024-10,900000.0
 Wheat,Selenge,2024-09,900000.0
 Wheat,Selenge,2024-08,
 Wheat,Selenge,2024-07,
 Wheat,Selenge,2024-06,
 Wheat,Selenge,2024-05,
 Wheat,Selenge,2024-04,
 Wheat,Selenge,2024-03,
 Wheat,Selenge,2024-02,750000.0
 Wheat,Selenge,2024-01,800000.0
 Wheat,Selenge,2023-12,
 Wheat,Selenge,2023-11,980000.0
 Wheat,Selenge,2023-10,750000.0
 Wheat,Selenge,2023-09,1050000.0
 Wheat,Selenge,2023-08,
 Wheat,Selenge,2023-07,
 Wheat,Selenge,2023-06,600000.0
 Wheat,Selenge,2023-05,600000.0
 Wheat,Selenge,2023-04,725000.0
 Wheat,Selenge,2023-03,583333.0
 Wheat,Selenge,2023-02,625000.0
 Wheat,Selenge,2023-01,600000.0
 Wheat,Selenge,2022-12,600000.0
 Wheat,Selenge,2022-11,620000.0
 Wheat,Selenge,2022-10,751429.0
 Wheat,Selenge,2022-09,983333.0
 Wheat,Selenge,2022-08,950000.0
 Wheat,Selenge,2022-07,560000.0
 Wheat,Selenge,2022-06,725000.0
 Wheat,Selenge,2022-05,800000.0
 Wheat,Selenge,2022-04,725000.0
 Wheat,Selenge,2022-03,500000.0
 Wheat,Selenge,2022-02,537500.0
 Wheat,Selenge,2022-01,620000.0
 Wheat,Selenge,2021-12,566667.0
 Wheat,Selenge,2021-11,657500.0
 Wheat,Selenge,2021-10,670000.0
 Wheat,Selenge,2021-09,675000.0
 Wheat,Selenge,2021-08,600000.0
 Wheat,Selenge,2021-07,
 Wheat,Selenge,2021-06,
 Wheat,Selenge,2021-05,600000.0
 Wheat,Selenge,2021-04,850000.0
 Wheat,Selenge,2021-03,
 Wheat,Selenge,2021-02,
 Wheat,Selenge,2021-01,
 Wheat,Selenge,2020-12,650000.0
 Wheat,Selenge,2020-11,575000.0
 Wheat,Selenge,2020-10,565000.0
 Wheat,Selenge,2020-09,550000.0
 Wheat,Selenge,2020-08,550000.0
 Wheat,Selenge,2020-07,550000.0
 Wheat,Selenge,2020-06,550000.0
 Wheat,Selenge,2020-05,600000.0
 Wheat,Selenge,2020-04,550000.0
 Wheat,Selenge,2020-03,550000.0
 Wheat,Selenge,2020-02,550000.0
 Wheat,Selenge,2020-01,560000.0
 Wheat,Selenge,2019-12,584000.0
 Wheat,Selenge,2019-11,543333.0
 Wheat,Selenge,2019-10,545000.0
 Wheat,Selenge,2019-09,540000.0
 Wheat,Selenge,2019-08,500000.0
 Wheat,Selenge,2019-07,500000.0
 Wheat,Selenge,2019-06,500000.0
 Wheat,Selenge,2019-05,533000.0
 Wheat,Selenge,2019-04,500000.0
 Wheat,Selenge,2019-03,500000.0
 Wheat,Selenge,2019-02,500000.0
 Wheat,Selenge,2019-01,500000.0
 Wheat,Selenge,2018-12,530000.0
 Wheat,Tuv,2025-12,1150000.0
 Wheat,Tuv,2025-11,1150000.0
 Wheat,Tuv,2025-10,
 Wheat,Tuv,2025-09,
 Wheat,Tuv,2025-08,
 Wheat,Tuv,2025-07,
 Wheat,Tuv,2025-06,
 Wheat,Tuv,2025-05,1033333.0
 Wheat,Tuv,2025-04,
 Wheat,Tuv,2025-03,900000.0
 Wheat,Tuv,2025-02,966667.0
 Wheat,Tuv,2025-01,966667.0
 Wheat,Tuv,2024-12,825000.0
 Wheat,Tuv,2024-11,937500.0
 Wheat,Tuv,2024-10,922500.0
 Wheat,Tuv,2024-09,933333.0
 Wheat,Tuv,2024-08,1046660.0
 Wheat,Tuv,2024-07,920000.0
 Wheat,Tuv,2024-06,1047000.0
 Wheat,Tuv,2024-05,1166667.0
 Wheat,Tuv,2024-04,1100000.0
 Wheat,Tuv,2024-03,1022500.0
 Wheat,Tuv,2024-02,972500.0
 Wheat,Tuv,2024-01,1030000.0
 Wheat,Tuv,2023-12,866667.0
 Wheat,Tuv,2023-11,910000.0
 Wheat,Tuv,2023-10,910000.0
 Wheat,Tuv,2023-09,1033333.0
 Wheat,Tuv,2023-08,1200000.0
 Wheat,Tuv,2023-07,1033333.0
 Wheat,Tuv,2023-06,1002667.0
 Wheat,Tuv,2023-05,898000.0
 Wheat,Tuv,2023-04,798000.0
 Wheat,Tuv,2023-03,908000.0
 Wheat,Tuv,2023-02,881667.0
 Wheat,Tuv,2023-01,838000.0
 Wheat,Tuv,2022-12,817000.0
 Wheat,Tuv,2022-11,813000.0
 Wheat,Tuv,2022-10,850000.0
 Wheat,Tuv,2022-09,830000.0
 Wheat,Tuv,2022-08,762500.0
 Wheat,Tuv,2022-07,716667.0
 Wheat,Tuv,2022-06,650000.0
 Wheat,Tuv,2022-05,900000.0
 Wheat,Tuv,2022-04,700000.0
 Wheat,Tuv,2022-03,550000.0
 Wheat,Tuv,2022-02,537500.0
 Wheat,Tuv,2022-01,675000.0
 Wheat,Tuv,2021-12,675000.0
 Wheat,Tuv,2021-11,696000.0
 Wheat,Tuv,2021-10,718000.0
 Wheat,Tuv,2021-09,843000.0
 Wheat,Tuv,2021-08,870000.0
 Wheat,Tuv,2021-07,793333.0
 Wheat,Tuv,2021-06,860000.0
 Wheat,Tuv,2021-05,793333.0
 Wheat,Tuv,2021-04,726667.0
 Wheat,Tuv,2021-03,665000.0
 Wheat,Tuv,2021-02,677500.0
 Wheat,Tuv,2021-01,677500.0
 Wheat,Tuv,2020-12,786667.0
 Wheat,Tuv,2020-11,734000.0
 Wheat,Tuv,2020-10,606000.0
 Wheat,Tuv,2020-09,643333.0
 Wheat,Tuv,2020-08,640000.0
 Wheat,Tuv,2020-07,780000.0
 Wheat,Tuv,2020-06,780000.0
 Wheat,Tuv,2020-05,690000.0
 Wheat,Tuv,2020-04,525000.0
 Wheat,Tuv,2020-03,566667.0
 Wheat,Tuv,2020-02,566667.0
 Wheat,Tuv,2020-01,570000.0
 Wheat,Tuv,2019-12,580000.0
 Wheat,Tuv,2019-11,640000.0
 Wheat,Tuv,2019-10,565000.0
 Wheat,Tuv,2019-09,560000.0
 Wheat,Tuv,2019-08,530000.0
 Wheat,Tuv,2019-07,550000.0
 Wheat,Tuv,2019-06,583000.0
 Wheat,Tuv,2019-05,577500.0
 Wheat,Tuv,2019-04,567000.0
 Wheat,Tuv,2019-03,582000.0
 Wheat,Tuv,2019-02,600000.0
 Wheat,Tuv,2019-01,570000.0
 Wheat,Tuv,2018-12,562000.0
 Wheat,Eastern region,2025-12,
 Wheat,Eastern region,2025-11,
 Wheat,Eastern region,2025-10,
 Wheat,Eastern region,2025-09,
 Wheat,Eastern region,2025-08,
 Wheat,Eastern region,2025-07,
 Wheat,Eastern region,2025-06,
 Wheat,Eastern region,2025-05,
 Wheat,Eastern region,2025-04,
 Wheat,Eastern region,2025-03,
 Wheat,Eastern region,2025-02,
 Wheat,Eastern region,2025-01,
 Wheat,Eastern region,2024-12,
 Wheat,Eastern region,2024-11,
 Wheat,Eastern region,2024-10,
 Wheat,Eastern region,2024-09,
 Wheat,Eastern region,2024-08,
 Wheat,Eastern region,2024-07,
 Wheat,Eastern region,2024-06,
 Wheat,Eastern region,2024-05,
 Wheat,Eastern region,2024-04,
 Wheat,Eastern region,2024-03,
 Wheat,Eastern region,2024-02,
 Wheat,Eastern region,2024-01,
 Wheat,Eastern region,2023-12,
 Wheat,Eastern region,2023-11,
 Wheat,Eastern region,2023-10,
 Wheat,Eastern region,2023-09,
 Wheat,Eastern region,2023-08,
 Wheat,Eastern region,2023-07,
 Wheat,Eastern region,2023-06,
 Wheat,Eastern region,2023-05,
 Wheat,Eastern region,2023-04,
 Wheat,Eastern region,2023-03,
 Wheat,Eastern region,2023-02,
 Wheat,Eastern region,2023-01,
 Wheat,Eastern region,2022-12,
 Wheat,Eastern region,2022-11,
 Wheat,Eastern region,2022-10,
 Wheat,Eastern region,2022-09,
 Wheat,Eastern region,2022-08,
 Wheat,Eastern region,2022-07,
 Wheat,Eastern region,2022-06,
 Wheat,Eastern region,2022-05,
 Wheat,Eastern region,2022-04,
 Wheat,Eastern region,2022-03,
 Wheat,Eastern region,2022-02,
 Wheat,Eastern region,2022-01,
 Wheat,Eastern region,2021-12,
 Wheat,Eastern region,2021-11,
 Wheat,Eastern region,2021-10,
 Wheat,Eastern region,2021-09,
 Wheat,Eastern region,2021-08,
 Wheat,Eastern region,2021-07,
 Wheat,Eastern region,2021-06,
 Wheat,Eastern region,2021-05,
 Wheat,Eastern region,2021-04,
 Wheat,Eastern region,2021-03,
 Wheat,Eastern region,2021-02,
 Wheat,Eastern region,2021-01,
 Wheat,Eastern region,2020-12,
 Wheat,Eastern region,2020-11,
 Wheat,Eastern region,2020-10,
 Wheat,Eastern region,2020-09,
 Wheat,Eastern region,2020-08,
 Wheat,Eastern region,2020-07,
 Wheat,Eastern region,2020-06,
 Wheat,Eastern region,2020-05,
 Wheat,Eastern region,2020-04,
 Wheat,Eastern region,2020-03,
 Wheat,Eastern region,2020-02,
 Wheat,Eastern region,2020-01,
 Wheat,Eastern region,2019-12,
 Wheat,Eastern region,2019-11,
 Wheat,Eastern region,2019-10,
 Wheat,Eastern region,2019-09,
 Wheat,Eastern region,2019-08,
 Wheat,Eastern region,2019-07,
 Wheat,Eastern region,2019-06,
 Wheat,Eastern region,2019-05,
 Wheat,Eastern region,2019-04,
 Wheat,Eastern region,2019-03,
 Wheat,Eastern region,2019-02,
 Wheat,Eastern region,2019-01,
 Wheat,Eastern region,2018-12,
 Wheat,Dornod,2025-12,880000.0
 Wheat,Dornod,2025-11,
 Wheat,Dornod,2025-10,
 Wheat,Dornod,2025-09,1000000.0
 Wheat,Dornod,2025-08,880000.0
 Wheat,Dornod,2025-07,880000.0
 Wheat,Dornod,2025-06,880000.0
 Wheat,Dornod,2025-05,880000.0
 Wheat,Dornod,2025-04,1000000.0
 Wheat,Dornod,2025-03,880000.0
 Wheat,Dornod,2025-02,880000.0
 Wheat,Dornod,2025-01,880000.0
 Wheat,Dornod,2024-12,880000.0
 Wheat,Dornod,2024-11,880000.0
 Wheat,Dornod,2024-10,
 Wheat,Dornod,2024-09,880000.0
 Wheat,Dornod,2024-08,880000.0
 Wheat,Dornod,2024-07,850000.0
 Wheat,Dornod,2024-06,850000.0
 Wheat,Dornod,2024-05,850000.0
 Wheat,Dornod,2024-04,850000.0
 Wheat,Dornod,2024-03,
 Wheat,Dornod,2024-02,850000.0
 Wheat,Dornod,2024-01,850000.0
 Wheat,Dornod,2023-12,850000.0
 Wheat,Dornod,2023-11,850000.0
 Wheat,Dornod,2023-10,850000.0
 Wheat,Dornod,2023-09,850000.0
 Wheat,Dornod,2023-08,850000.0
 Wheat,Dornod,2023-07,850000.0
 Wheat,Dornod,2023-06,850000.0
 Wheat,Dornod,2023-05,850000.0
 Wheat,Dornod,2023-04,850000.0
 Wheat,Dornod,2023-03,850000.0
 Wheat,Dornod,2023-02,850000.0
 Wheat,Dornod,2023-01,850000.0
 Wheat,Dornod,2022-12,850000.0
 Wheat,Dornod,2022-11,850000.0
 Wheat,Dornod,2022-10,800000.0
 Wheat,Dornod,2022-09,700000.0
 Wheat,Dornod,2022-08,650000.0
 Wheat,Dornod,2022-07,650000.0
 Wheat,Dornod,2022-06,650000.0
 Wheat,Dornod,2022-05,650000.0
 Wheat,Dornod,2022-04,650000.0
 Wheat,Dornod,2022-03,650000.0
 Wheat,Dornod,2022-02,600000.0
 Wheat,Dornod,2022-01,600000.0
 Wheat,Dornod,2021-12,600000.0
 Wheat,Dornod,2021-11,
 Wheat,Dornod,2021-10,600000.0
 Wheat,Dornod,2021-09,600000.0
 Wheat,Dornod,2021-08,600000.0
 Wheat,Dornod,2021-07,600000.0
 Wheat,Dornod,2021-06,600000.0
 Wheat,Dornod,2021-05,600000.0
 Wheat,Dornod,2021-04,600000.0
 Wheat,Dornod,2021-03,600000.0
 Wheat,Dornod,2021-02,600000.0
 Wheat,Dornod,2021-01,600000.0
 Wheat,Dornod,2020-12,600000.0
 Wheat,Dornod,2020-11,5833.0
 Wheat,Dornod,2020-10,600000.0
 Wheat,Dornod,2020-09,600000.0
 Wheat,Dornod,2020-08,600000.0
 Wheat,Dornod,2020-07,600000.0
 Wheat,Dornod,2020-06,600000.0
 Wheat,Dornod,2020-05,600000.0
 Wheat,Dornod,2020-04,600000.0
 Wheat,Dornod,2020-03,600000.0
 Wheat,Dornod,2020-02,600000.0
 Wheat,Dornod,2020-01,600000.0
 Wheat,Dornod,2019-12,
 Wheat,Dornod,2019-11,
 Wheat,Dornod,2019-10,
 Wheat,Dornod,2019-09,
 Wheat,Dornod,2019-08,
 Wheat,Dornod,2019-07,
 Wheat,Dornod,2019-06,
 Wheat,Dornod,2019-05,
 Wheat,Dornod,2019-04,
 Wheat,Dornod,2019-03,
 Wheat,Dornod,2019-02,
 Wheat,Dornod,2019-01,600000.0
 Wheat,Dornod,2018-12,550000.0
 Wheat,Sukhbaatar,2025-12,
 Wheat,Sukhbaatar,2025-11,
 Wheat,Sukhbaatar,2025-10,
 Wheat,Sukhbaatar,2025-09,
 Wheat,Sukhbaatar,2025-08,
 Wheat,Sukhbaatar,2025-07,
 Wheat,Sukhbaatar,2025-06,
 Wheat,Sukhbaatar,2025-05,
 Wheat,Sukhbaatar,2025-04,
 Wheat,Sukhbaatar,2025-03,
 Wheat,Sukhbaatar,2025-02,
 Wheat,Sukhbaatar,2025-01,
 Wheat,Sukhbaatar,2024-12,
 Wheat,Sukhbaatar,2024-11,
 Wheat,Sukhbaatar,2024-10,880000.0
 Wheat,Sukhbaatar,2024-09,
 Wheat,Sukhbaatar,2024-08,
 Wheat,Sukhbaatar,2024-07,
 Wheat,Sukhbaatar,2024-06,
 Wheat,Sukhbaatar,2024-05,
 Wheat,Sukhbaatar,2024-04,
 Wheat,Sukhbaatar,2024-03,
 Wheat,Sukhbaatar,2024-02,
 Wheat,Sukhbaatar,2024-01,
 Wheat,Sukhbaatar,2023-12,
 Wheat,Sukhbaatar,2023-11,
 Wheat,Sukhbaatar,2023-10,
 Wheat,Sukhbaatar,2023-09,
 Wheat,Sukhbaatar,2023-08,
 Wheat,Sukhbaatar,2023-07,
 Wheat,Sukhbaatar,2023-06,
 Wheat,Sukhbaatar,2023-05,
 Wheat,Sukhbaatar,2023-04,
 Wheat,Sukhbaatar,2023-03,
 Wheat,Sukhbaatar,2023-02,
 Wheat,Sukhbaatar,2023-01,
 Wheat,Sukhbaatar,2022-12,
 Wheat,Sukhbaatar,2022-11,
 Wheat,Sukhbaatar,2022-10,
 Wheat,Sukhbaatar,2022-09,
 Wheat,Sukhbaatar,2022-08,
 Wheat,Sukhbaatar,2022-07,
 Wheat,Sukhbaatar,2022-06,
 Wheat,Sukhbaatar,2022-05,
 Wheat,Sukhbaatar,2022-04,
 Wheat,Sukhbaatar,2022-03,
 Wheat,Sukhbaatar,2022-02,
 Wheat,Sukhbaatar,2022-01,
 Wheat,Sukhbaatar,2021-12,
 Wheat,Sukhbaatar,2021-11,
 Wheat,Sukhbaatar,2021-10,
 Wheat,Sukhbaatar,2021-09,
 Wheat,Sukhbaatar,2021-08,
 Wheat,Sukhbaatar,2021-07,
 Wheat,Sukhbaatar,2021-06,
 Wheat,Sukhbaatar,2021-05,
 Wheat,Sukhbaatar,2021-04,
 Wheat,Sukhbaatar,2021-03,
 Wheat,Sukhbaatar,2021-02,
 Wheat,Sukhbaatar,2021-01,
 Wheat,Sukhbaatar,2020-12,
 Wheat,Sukhbaatar,2020-11,7000.0
 Wheat,Sukhbaatar,2020-10,
 Wheat,Sukhbaatar,2020-09,
 Wheat,Sukhbaatar,2020-08,
 Wheat,Sukhbaatar,2020-07,
 Wheat,Sukhbaatar,2020-06,
 Wheat,Sukhbaatar,2020-05,
 Wheat,Sukhbaatar,2020-04,
 Wheat,Sukhbaatar,2020-03,
 Wheat,Sukhbaatar,2020-02,
 Wheat,Sukhbaatar,2020-01,
 Wheat,Sukhbaatar,2019-12,
 Wheat,Sukhbaatar,2019-11,
 Wheat,Sukhbaatar,2019-10,
 Wheat,Sukhbaatar,2019-09,
 Wheat,Sukhbaatar,2019-08,
 Wheat,Sukhbaatar,2019-07,
 Wheat,Sukhbaatar,2019-06,
 Wheat,Sukhbaatar,2019-05,
 Wheat,Sukhbaatar,2019-04,
 Wheat,Sukhbaatar,2019-03,
 Wheat,Sukhbaatar,2019-02,
 Wheat,Sukhbaatar,2019-01,
 Wheat,Sukhbaatar,2018-12,
 Wheat,Khentii,2025-12,
 Wheat,Khentii,2025-11,
 Wheat,Khentii,2025-10,
 Wheat,Khentii,2025-09,
 Wheat,Khentii,2025-08,
 Wheat,Khentii,2025-07,
 Wheat,Khentii,2025-06,
 Wheat,Khentii,2025-05,
 Wheat,Khentii,2025-04,
 Wheat,Khentii,2025-03,
 Wheat,Khentii,2025-02,
 Wheat,Khentii,2025-01,
 Wheat,Khentii,2024-12,
 Wheat,Khentii,2024-11,
 Wheat,Khentii,2024-10,
 Wheat,Khentii,2024-09,
 Wheat,Khentii,2024-08,
 Wheat,Khentii,2024-07,
 Wheat,Khentii,2024-06,
 Wheat,Khentii,2024-05,
 Wheat,Khentii,2024-04,
 Wheat,Khentii,2024-03,
 Wheat,Khentii,2024-02,
 Wheat,Khentii,2024-01,
 Wheat,Khentii,2023-12,
 Wheat,Khentii,2023-11,
 Wheat,Khentii,2023-10,
 Wheat,Khentii,2023-09,
 Wheat,Khentii,2023-08,
 Wheat,Khentii,2023-07,
 Wheat,Khentii,2023-06,
 Wheat,Khentii,2023-05,
 Wheat,Khentii,2023-04,
 Wheat,Khentii,2023-03,
 Wheat,Khentii,2023-02,
 Wheat,Khentii,2023-01,
 Wheat,Khentii,2022-12,
 Wheat,Khentii,2022-11,
 Wheat,Khentii,2022-10,
 Wheat,Khentii,2022-09,
 Wheat,Khentii,2022-08,
 Wheat,Khentii,2022-07,
 Wheat,Khentii,2022-06,
 Wheat,Khentii,2022-05,
 Wheat,Khentii,2022-04,
 Wheat,Khentii,2022-03,
 Wheat,Khentii,2022-02,
 Wheat,Khentii,2022-01,
 Wheat,Khentii,2021-12,
 Wheat,Khentii,2021-11,
 Wheat,Khentii,2021-10,
 Wheat,Khentii,2021-09,
 Wheat,Khentii,2021-08,
 Wheat,Khentii,2021-07,
 Wheat,Khentii,2021-06,
 Wheat,Khentii,2021-05,
 Wheat,Khentii,2021-04,
 Wheat,Khentii,2021-03,
 Wheat,Khentii,2021-02,
 Wheat,Khentii,2021-01,
 Wheat,Khentii,2020-12,
 Wheat,Khentii,2020-11,
 Wheat,Khentii,2020-10,
 Wheat,Khentii,2020-09,
 Wheat,Khentii,2020-08,550000.0
 Wheat,Khentii,2020-07,550000.0
 Wheat,Khentii,2020-06,550000.0
 Wheat,Khentii,2020-05,550000.0
 Wheat,Khentii,2020-04,550000.0
 Wheat,Khentii,2020-03,
 Wheat,Khentii,2020-02,
 Wheat,Khentii,2020-01,
 Wheat,Khentii,2019-12,
 Wheat,Khentii,2019-11,
 Wheat,Khentii,2019-10,
 Wheat,Khentii,2019-09,
 Wheat,Khentii,2019-08,
 Wheat,Khentii,2019-07,
 Wheat,Khentii,2019-06,
 Wheat,Khentii,2019-05,
 Wheat,Khentii,2019-04,
 Wheat,Khentii,2019-03,
 Wheat,Khentii,2019-02,
 Wheat,Khentii,2019-01,
 Wheat,Khentii,2018-12,
 Wheat,Ulaanbaatar,2025-12,
 Wheat,Ulaanbaatar,2025-11,
 Wheat,Ulaanbaatar,2025-10,
 Wheat,Ulaanbaatar,2025-09,
 Wheat,Ulaanbaatar,2025-08,
 Wheat,Ulaanbaatar,2025-07,
 Wheat,Ulaanbaatar,2025-06,
 Wheat,Ulaanbaatar,2025-05,
 Wheat,Ulaanbaatar,2025-04,
 Wheat,Ulaanbaatar,2025-03,
 Wheat,Ulaanbaatar,2025-02,
 Wheat,Ulaanbaatar,2025-01,
 Wheat,Ulaanbaatar,2024-12,
 Wheat,Ulaanbaatar,2024-11,
 Wheat,Ulaanbaatar,2024-10,
 Wheat,Ulaanbaatar,2024-09,
 Wheat,Ulaanbaatar,2024-08,
 Wheat,Ulaanbaatar,2024-07,
 Wheat,Ulaanbaatar,2024-06,
 Wheat,Ulaanbaatar,2024-05,
 Wheat,Ulaanbaatar,2024-04,
 Wheat,Ulaanbaatar,2024-03,
 Wheat,Ulaanbaatar,2024-02,
 Wheat,Ulaanbaatar,2024-01,
 Wheat,Ulaanbaatar,2023-12,
 Wheat,Ulaanbaatar,2023-11,
 Wheat,Ulaanbaatar,2023-10,
 Wheat,Ulaanbaatar,2023-09,
 Wheat,Ulaanbaatar,2023-08,
 Wheat,Ulaanbaatar,2023-07,
 Wheat,Ulaanbaatar,2023-06,
 Wheat,Ulaanbaatar,2023-05,
 Wheat,Ulaanbaatar,2023-04,
 Wheat,Ulaanbaatar,2023-03,
 Wheat,Ulaanbaatar,2023-02,
 Wheat,Ulaanbaatar,2023-01,
 Wheat,Ulaanbaatar,2022-12,
 Wheat,Ulaanbaatar,2022-11,
 Wheat,Ulaanbaatar,2022-10,
 Wheat,Ulaanbaatar,2022-09,
 Wheat,Ulaanbaatar,2022-08,
 Wheat,Ulaanbaatar,2022-07,
 Wheat,Ulaanbaatar,2022-06,
 Wheat,Ulaanbaatar,2022-05,
 Wheat,Ulaanbaatar,2022-04,
 Wheat,Ulaanbaatar,2022-03,
 Wheat,Ulaanbaatar,2022-02,
 Wheat,Ulaanbaatar,2022-01,
 Wheat,Ulaanbaatar,2021-12,
 Wheat,Ulaanbaatar,2021-11,
 Wheat,Ulaanbaatar,2021-10,
 Wheat,Ulaanbaatar,2021-09,
 Wheat,Ulaanbaatar,2021-08,
 Wheat,Ulaanbaatar,2021-07,
 Wheat,Ulaanbaatar,2021-06,
 Wheat,Ulaanbaatar,2021-05,
 Wheat,Ulaanbaatar,2021-04,
 Wheat,Ulaanbaatar,2021-03,
 Wheat,Ulaanbaatar,2021-02,
 Wheat,Ulaanbaatar,2021-01,
 Wheat,Ulaanbaatar,2020-12,
 Wheat,Ulaanbaatar,2020-11,
 Wheat,Ulaanbaatar,2020-10,
 Wheat,Ulaanbaatar,2020-09,
 Wheat,Ulaanbaatar,2020-08,
 Wheat,Ulaanbaatar,2020-07,
 Wheat,Ulaanbaatar,2020-06,
 Wheat,Ulaanbaatar,2020-05,
 Wheat,Ulaanbaatar,2020-04,
 Wheat,Ulaanbaatar,2020-03,
 Wheat,Ulaanbaatar,2020-02,
 Wheat,Ulaanbaatar,2020-01,
 Wheat,Ulaanbaatar,2019-12,
 Wheat,Ulaanbaatar,2019-11,
 Wheat,Ulaanbaatar,2019-10,
 Wheat,Ulaanbaatar,2019-09,
 Wheat,Ulaanbaatar,2019-08,
 Wheat,Ulaanbaatar,2019-07,
 Wheat,Ulaanbaatar,2019-06,
 Wheat,Ulaanbaatar,2019-05,
 Wheat,Ulaanbaatar,2019-04,
 Wheat,Ulaanbaatar,2019-03,
 Wheat,Ulaanbaatar,2019-02,
 Wheat,Ulaanbaatar,2019-01,
 Wheat,Ulaanbaatar,2018-12,
 Wheat,Ulaanbaatar city,2025-12,
 Wheat,Ulaanbaatar city,2025-11,
 Wheat,Ulaanbaatar city,2025-10,
 Wheat,Ulaanbaatar city,2025-09,
 Wheat,Ulaanbaatar city,2025-08,
 Wheat,Ulaanbaatar city,2025-07,
 Wheat,Ulaanbaatar city,2025-06,
 Wheat,Ulaanbaatar city,2025-05,
 Wheat,Ulaanbaatar city,2025-04,
 Wheat,Ulaanbaatar city,2025-03,
 Wheat,Ulaanbaatar city,2025-02,
 Wheat,Ulaanbaatar city,2025-01,
 Wheat,Ulaanbaatar city,2024-12,
 Wheat,Ulaanbaatar city,2024-11,
 Wheat,Ulaanbaatar city,2024-10,
 Wheat,Ulaanbaatar city,2024-09,
 Wheat,Ulaanbaatar city,2024-08,
 Wheat,Ulaanbaatar city,2024-07,
 Wheat,Ulaanbaatar city,2024-06,
 Wheat,Ulaanbaatar city,2024-05,
 Wheat,Ulaanbaatar city,2024-04,
 Wheat,Ulaanbaatar city,2024-03,
 Wheat,Ulaanbaatar city,2024-02,
 Wheat,Ulaanbaatar city,2024-01,
 Wheat,Ulaanbaatar city,2023-12,
 Wheat,Ulaanbaatar city,2023-11,
 Wheat,Ulaanbaatar city,2023-10,
 Wheat,Ulaanbaatar city,2023-09,
 Wheat,Ulaanbaatar city,2023-08,
 Wheat,Ulaanbaatar city,2023-07,
 Wheat,Ulaanbaatar city,2023-06,
 Wheat,Ulaanbaatar city,2023-05,
 Wheat,Ulaanbaatar city,2023-04,
 Wheat,Ulaanbaatar city,2023-03,
 Wheat,Ulaanbaatar city,2023-02,
 Wheat,Ulaanbaatar city,2023-01,
 Wheat,Ulaanbaatar city,2022-12,
 Wheat,Ulaanbaatar city,2022-11,
 Wheat,Ulaanbaatar city,2022-10,
 Wheat,Ulaanbaatar city,2022-09,
 Wheat,Ulaanbaatar city,2022-08,
 Wheat,Ulaanbaatar city,2022-07,
 Wheat,Ulaanbaatar city,2022-06,
 Wheat,Ulaanbaatar city,2022-05,
 Wheat,Ulaanbaatar city,2022-04,
 Wheat,Ulaanbaatar city,2022-03,
 Wheat,Ulaanbaatar city,2022-02,
 Wheat,Ulaanbaatar city,2022-01,
 Wheat,Ulaanbaatar city,2021-12,
 Wheat,Ulaanbaatar city,2021-11,
 Wheat,Ulaanbaatar city,2021-10,
 Wheat,Ulaanbaatar city,2021-09,
 Wheat,Ulaanbaatar city,2021-08,
 Wheat,Ulaanbaatar city,2021-07,
 Wheat,Ulaanbaatar city,2021-06,
 Wheat,Ulaanbaatar city,2021-05,
 Wheat,Ulaanbaatar city,2021-04,
 Wheat,Ulaanbaatar city,2021-03,
 Wheat,Ulaanbaatar city,2021-02,
 Wheat,Ulaanbaatar city,2021-01,
 Wheat,Ulaanbaatar city,2020-12,
 Wheat,Ulaanbaatar city,2020-11,
 Wheat,Ulaanbaatar city,2020-10,
 Wheat,Ulaanbaatar city,2020-09,
 Wheat,Ulaanbaatar city,2020-08,
 Wheat,Ulaanbaatar city,2020-07,
 Wheat,Ulaanbaatar city,2020-06,
 Wheat,Ulaanbaatar city,2020-05,
 Wheat,Ulaanbaatar city,2020-04,
 Wheat,Ulaanbaatar city,2020-03,
 Wheat,Ulaanbaatar city,2020-02,
 Wheat,Ulaanbaatar city,2020-01,
 Wheat,Ulaanbaatar city,2019-12,
 Wheat,Ulaanbaatar city,2019-11,
 Wheat,Ulaanbaatar city,2019-10,
 Wheat,Ulaanbaatar city,2019-09,
 Wheat,Ulaanbaatar city,2019-08,
 Wheat,Ulaanbaatar city,2019-07,
 Wheat,Ulaanbaatar city,2019-06,
 Wheat,Ulaanbaatar city,2019-05,
 Wheat,Ulaanbaatar city,2019-04,
 Wheat,Ulaanbaatar city,2019-03,
 Wheat,Ulaanbaatar city,2019-02,
 Wheat,Ulaanbaatar city,2019-01,
 Wheat,Ulaanbaatar city,2018-12,
 Wheat seed,Western region,2025-12,
 Wheat seed,Western region,2025-11,
 Wheat seed,Western region,2025-10,
 Wheat seed,Western region,2025-09,
 Wheat seed,Western region,2025-08,
 Wheat seed,Western region,2025-07,
 Wheat seed,Western region,2025-06,
 Wheat seed,Western region,2025-05,
 Wheat seed,Western region,2025-04,
 Wheat seed,Western region,2025-03,
 Wheat seed,Western region,2025-02,
 Wheat seed,Western region,2025-01,
 Wheat seed,Western region,2024-12,
 Wheat seed,Western region,2024-11,
 Wheat seed,Western region,2024-10,
 Wheat seed,Western region,2024-09,
 Wheat seed,Western region,2024-08,
 Wheat seed,Western region,2024-07,
 Wheat seed,Western region,2024-06,
 Wheat seed,Western region,2024-05,
 Wheat seed,Western region,2024-04,
 Wheat seed,Western region,2024-03,
 Wheat seed,Western region,2024-02,
 Wheat seed,Western region,2024-01,
 Wheat seed,Western region,2023-12,
 Wheat seed,Western region,2023-11,
 Wheat seed,Western region,2023-10,
 Wheat seed,Western region,2023-09,
 Wheat seed,Western region,2023-08,
 Wheat seed,Western region,2023-07,
 Wheat seed,Western region,2023-06,
 Wheat seed,Western region,2023-05,
 Wheat seed,Western region,2023-04,
 Wheat seed,Western region,2023-03,
 Wheat seed,Western region,2023-02,
 Wheat seed,Western region,2023-01,
 Wheat seed,Western region,2022-12,
 Wheat seed,Western region,2022-11,
 Wheat seed,Western region,2022-10,
 Wheat seed,Western region,2022-09,
 Wheat seed,Western region,2022-08,
 Wheat seed,Western region,2022-07,
 Wheat seed,Western region,2022-06,
 Wheat seed,Western region,2022-05,
 Wheat seed,Western region,2022-04,
 Wheat seed,Western region,2022-03,
 Wheat seed,Western region,2022-02,
 Wheat seed,Western region,2022-01,
 Wheat seed,Western region,2021-12,
 Wheat seed,Western region,2021-11,
 Wheat seed,Western region,2021-10,
 Wheat seed,Western region,2021-09,
 Wheat seed,Western region,2021-08,
 Wheat seed,Western region,2021-07,
 Wheat seed,Western region,2021-06,
 Wheat seed,Western region,2021-05,
 Wheat seed,Western region,2021-04,
 Wheat seed,Western region,2021-03,
 Wheat seed,Western region,2021-02,
 Wheat seed,Western region,2021-01,
 Wheat seed,Western region,2020-12,
 Wheat seed,Western region,2020-11,
 Wheat seed,Western region,2020-10,
 Wheat seed,Western region,2020-09,
 Wheat seed,Western region,2020-08,
 Wheat seed,Western region,2020-07,
 Wheat seed,Western region,2020-06,
 Wheat seed,Western region,2020-05,
 Wheat seed,Western region,2020-04,
 Wheat seed,Western region,2020-03,
 Wheat seed,Western region,2020-02,
 Wheat seed,Western region,2020-01,
 Wheat seed,Western region,2019-12,
 Wheat seed,Western region,2019-11,
 Wheat seed,Western region,2019-10,
 Wheat seed,Western region,2019-09,
 Wheat seed,Western region,2019-08,
 Wheat seed,Western region,2019-07,
 Wheat seed,Western region,2019-06,
 Wheat seed,Western region,2019-05,
 Wheat seed,Western region,2019-04,
 Wheat seed,Western region,2019-03,
 Wheat seed,Western region,2019-02,
 Wheat seed,Western region,2019-01,
 Wheat seed,Western region,2018-12,
 Wheat seed,Bayan-Ulgii,2025-12,
 Wheat seed,Bayan-Ulgii,2025-11,
 Wheat seed,Bayan-Ulgii,2025-10,
 Wheat seed,Bayan-Ulgii,2025-09,
 Wheat seed,Bayan-Ulgii,2025-08,
 Wheat seed,Bayan-Ulgii,2025-07,
 Wheat seed,Bayan-Ulgii,2025-06,
 Wheat seed,Bayan-Ulgii,2025-05,
 Wheat seed,Bayan-Ulgii,2025-04,1100000.0
 Wheat seed,Bayan-Ulgii,2025-03,
 Wheat seed,Bayan-Ulgii,2025-02,
 Wheat seed,Bayan-Ulgii,2025-01,
 Wheat seed,Bayan-Ulgii,2024-12,
 Wheat seed,Bayan-Ulgii,2024-11,
 Wheat seed,Bayan-Ulgii,2024-10,
 Wheat seed,Bayan-Ulgii,2024-09,
 Wheat seed,Bayan-Ulgii,2024-08,
 Wheat seed,Bayan-Ulgii,2024-07,
 Wheat seed,Bayan-Ulgii,2024-06,
 Wheat seed,Bayan-Ulgii,2024-05,
 Wheat seed,Bayan-Ulgii,2024-04,
 Wheat seed,Bayan-Ulgii,2024-03,
 Wheat seed,Bayan-Ulgii,2024-02,
 Wheat seed,Bayan-Ulgii,2024-01,
 Wheat seed,Bayan-Ulgii,2023-12,
 Wheat seed,Bayan-Ulgii,2023-11,
 Wheat seed,Bayan-Ulgii,2023-10,
 Wheat seed,Bayan-Ulgii,2023-09,
 Wheat seed,Bayan-Ulgii,2023-08,
 Wheat seed,Bayan-Ulgii,2023-07,
 Wheat seed,Bayan-Ulgii,2023-06,
 Wheat seed,Bayan-Ulgii,2023-05,
 Wheat seed,Bayan-Ulgii,2023-04,
 Wheat seed,Bayan-Ulgii,2023-03,
 Wheat seed,Bayan-Ulgii,2023-02,
 Wheat seed,Bayan-Ulgii,2023-01,
 Wheat seed,Bayan-Ulgii,2022-12,
 Wheat seed,Bayan-Ulgii,2022-11,
 Wheat seed,Bayan-Ulgii,2022-10,
 Wheat seed,Bayan-Ulgii,2022-09,
 Wheat seed,Bayan-Ulgii,2022-08,
 Wheat seed,Bayan-Ulgii,2022-07,
 Wheat seed,Bayan-Ulgii,2022-06,
 Wheat seed,Bayan-Ulgii,2022-05,
 Wheat seed,Bayan-Ulgii,2022-04,
 Wheat seed,Bayan-Ulgii,2022-03,
 Wheat seed,Bayan-Ulgii,2022-02,
 Wheat seed,Bayan-Ulgii,2022-01,
 Wheat seed,Bayan-Ulgii,2021-12,
 Wheat seed,Bayan-Ulgii,2021-11,
 Wheat seed,Bayan-Ulgii,2021-10,
 Wheat seed,Bayan-Ulgii,2021-09,
 Wheat seed,Bayan-Ulgii,2021-08,
 Wheat seed,Bayan-Ulgii,2021-07,
 Wheat seed,Bayan-Ulgii,2021-06,
 Wheat seed,Bayan-Ulgii,2021-05,
 Wheat seed,Bayan-Ulgii,2021-04,
 Wheat seed,Bayan-Ulgii,2021-03,
 Wheat seed,Bayan-Ulgii,2021-02,
 Wheat seed,Bayan-Ulgii,2021-01,
 Wheat seed,Bayan-Ulgii,2020-12,
 Wheat seed,Bayan-Ulgii,2020-11,
 Wheat seed,Bayan-Ulgii,2020-10,
 Wheat seed,Bayan-Ulgii,2020-09,
 Wheat seed,Bayan-Ulgii,2020-08,
 Wheat seed,Bayan-Ulgii,2020-07,
 Wheat seed,Bayan-Ulgii,2020-06,
 Wheat seed,Bayan-Ulgii,2020-05,
 Wheat seed,Bayan-Ulgii,2020-04,
 Wheat seed,Bayan-Ulgii,2020-03,
 Wheat seed,Bayan-Ulgii,2020-02,
 Wheat seed,Bayan-Ulgii,2020-01,
 Wheat seed,Bayan-Ulgii,2019-12,
 Wheat seed,Bayan-Ulgii,2019-11,
 Wheat seed,Bayan-Ulgii,2019-10,
 Wheat seed,Bayan-Ulgii,2019-09,
 Wheat seed,Bayan-Ulgii,2019-08,
 Wheat seed,Bayan-Ulgii,2019-07,
 Wheat seed,Bayan-Ulgii,2019-06,
 Wheat seed,Bayan-Ulgii,2019-05,
 Wheat seed,Bayan-Ulgii,2019-04,
 Wheat seed,Bayan-Ulgii,2019-03,
 Wheat seed,Bayan-Ulgii,2019-02,
 Wheat seed,Bayan-Ulgii,2019-01,
 Wheat seed,Bayan-Ulgii,2018-12,
 Wheat seed,Govi-Altai,2025-12,
 Wheat seed,Govi-Altai,2025-11,
 Wheat seed,Govi-Altai,2025-10,
 Wheat seed,Govi-Altai,2025-09,
 Wheat seed,Govi-Altai,2025-08,
 Wheat seed,Govi-Altai,2025-07,
 Wheat seed,Govi-Altai,2025-06,
 Wheat seed,Govi-Altai,2025-05,
 Wheat seed,Govi-Altai,2025-04,1500000.0
 Wheat seed,Govi-Altai,2025-03,
 Wheat seed,Govi-Altai,2025-02,
 Wheat seed,Govi-Altai,2025-01,
 Wheat seed,Govi-Altai,2024-12,
 Wheat seed,Govi-Altai,2024-11,
 Wheat seed,Govi-Altai,2024-10,
 Wheat seed,Govi-Altai,2024-09,
 Wheat seed,Govi-Altai,2024-08,
 Wheat seed,Govi-Altai,2024-07,
 Wheat seed,Govi-Altai,2024-06,
 Wheat seed,Govi-Altai,2024-05,
 Wheat seed,Govi-Altai,2024-04,
 Wheat seed,Govi-Altai,2024-03,
 Wheat seed,Govi-Altai,2024-02,
 Wheat seed,Govi-Altai,2024-01,
 Wheat seed,Govi-Altai,2023-12,
 Wheat seed,Govi-Altai,2023-11,
 Wheat seed,Govi-Altai,2023-10,
 Wheat seed,Govi-Altai,2023-09,
 Wheat seed,Govi-Altai,2023-08,
 Wheat seed,Govi-Altai,2023-07,
 Wheat seed,Govi-Altai,2023-06,
 Wheat seed,Govi-Altai,2023-05,
 Wheat seed,Govi-Altai,2023-04,
 Wheat seed,Govi-Altai,2023-03,
 Wheat seed,Govi-Altai,2023-02,
 Wheat seed,Govi-Altai,2023-01,
 Wheat seed,Govi-Altai,2022-12,
 Wheat seed,Govi-Altai,2022-11,
 Wheat seed,Govi-Altai,2022-10,
 Wheat seed,Govi-Altai,2022-09,
 Wheat seed,Govi-Altai,2022-08,
 Wheat seed,Govi-Altai,2022-07,
 Wheat seed,Govi-Altai,2022-06,
 Wheat seed,Govi-Altai,2022-05,
 Wheat seed,Govi-Altai,2022-04,
 Wheat seed,Govi-Altai,2022-03,
 Wheat seed,Govi-Altai,2022-02,
 Wheat seed,Govi-Altai,2022-01,
 Wheat seed,Govi-Altai,2021-12,
 Wheat seed,Govi-Altai,2021-11,
 Wheat seed,Govi-Altai,2021-10,
 Wheat seed,Govi-Altai,2021-09,
 Wheat seed,Govi-Altai,2021-08,
 Wheat seed,Govi-Altai,2021-07,
 Wheat seed,Govi-Altai,2021-06,
 Wheat seed,Govi-Altai,2021-05,
 Wheat seed,Govi-Altai,2021-04,
 Wheat seed,Govi-Altai,2021-03,
 Wheat seed,Govi-Altai,2021-02,
 Wheat seed,Govi-Altai,2021-01,
 Wheat seed,Govi-Altai,2020-12,
 Wheat seed,Govi-Altai,2020-11,
 Wheat seed,Govi-Altai,2020-10,
 Wheat seed,Govi-Altai,2020-09,
 Wheat seed,Govi-Altai,2020-08,
 Wheat seed,Govi-Altai,2020-07,
 Wheat seed,Govi-Altai,2020-06,
 Wheat seed,Govi-Altai,2020-05,
 Wheat seed,Govi-Altai,2020-04,
 Wheat seed,Govi-Altai,2020-03,
 Wheat seed,Govi-Altai,2020-02,
 Wheat seed,Govi-Altai,2020-01,1200000.0
 Wheat seed,Govi-Altai,2019-12,
 Wheat seed,Govi-Altai,2019-11,
 Wheat seed,Govi-Altai,2019-10,
 Wheat seed,Govi-Altai,2019-09,
 Wheat seed,Govi-Altai,2019-08,
 Wheat seed,Govi-Altai,2019-07,
 Wheat seed,Govi-Altai,2019-06,
 Wheat seed,Govi-Altai,2019-05,
 Wheat seed,Govi-Altai,2019-04,
 Wheat seed,Govi-Altai,2019-03,
 Wheat seed,Govi-Altai,2019-02,
 Wheat seed,Govi-Altai,2019-01,
 Wheat seed,Govi-Altai,2018-12,
 Wheat seed,Zavkhan,2025-12,1200000.0
 Wheat seed,Zavkhan,2025-11,1100000.0
 Wheat seed,Zavkhan,2025-10,
 Wheat seed,Zavkhan,2025-09,1100000.0
 Wheat seed,Zavkhan,2025-08,
 Wheat seed,Zavkhan,2025-07,
 Wheat seed,Zavkhan,2025-06,
 Wheat seed,Zavkhan,2025-05,
 Wheat seed,Zavkhan,2025-04,
 Wheat seed,Zavkhan,2025-03,
 Wheat seed,Zavkhan,2025-02,
 Wheat seed,Zavkhan,2025-01,1200000.0
 Wheat seed,Zavkhan,2024-12,1000000.0
 Wheat seed,Zavkhan,2024-11,1000000.0
 Wheat seed,Zavkhan,2024-10,1000000.0
 Wheat seed,Zavkhan,2024-09,1000000.0
 Wheat seed,Zavkhan,2024-08,1200000.0
 Wheat seed,Zavkhan,2024-07,1200000.0
 Wheat seed,Zavkhan,2024-06,
 Wheat seed,Zavkhan,2024-05,
 Wheat seed,Zavkhan,2024-04,1500000.0
 Wheat seed,Zavkhan,2024-03,1500000.0
 Wheat seed,Zavkhan,2024-02,1500000.0
 Wheat seed,Zavkhan,2024-01,1200000.0
 Wheat seed,Zavkhan,2023-12,1200000.0
 Wheat seed,Zavkhan,2023-11,
 Wheat seed,Zavkhan,2023-10,1000000.0
 Wheat seed,Zavkhan,2023-09,1000000.0
 Wheat seed,Zavkhan,2023-08,
 Wheat seed,Zavkhan,2023-07,
 Wheat seed,Zavkhan,2023-06,
 Wheat seed,Zavkhan,2023-05,
 Wheat seed,Zavkhan,2023-04,1200000.0
 Wheat seed,Zavkhan,2023-03,1200000.0
 Wheat seed,Zavkhan,2023-02,1200000.0
 Wheat seed,Zavkhan,2023-01,1200000.0
 Wheat seed,Zavkhan,2022-12,1100000.0
 Wheat seed,Zavkhan,2022-11,1000000.0
 Wheat seed,Zavkhan,2022-10,1200000.0
 Wheat seed,Zavkhan,2022-09,1000000.0
 Wheat seed,Zavkhan,2022-08,600000.0
 Wheat seed,Zavkhan,2022-07,
 Wheat seed,Zavkhan,2022-06,700000.0
 Wheat seed,Zavkhan,2022-05,500000.0
 Wheat seed,Zavkhan,2022-04,700000.0
 Wheat seed,Zavkhan,2022-03,600000.0
 Wheat seed,Zavkhan,2022-02,650000.0
 Wheat seed,Zavkhan,2022-01,500000.0
 Wheat seed,Zavkhan,2021-12,500000.0
 Wheat seed,Zavkhan,2021-11,700000.0
 Wheat seed,Zavkhan,2021-10,600000.0
 Wheat seed,Zavkhan,2021-09,
 Wheat seed,Zavkhan,2021-08,
 Wheat seed,Zavkhan,2021-07,
 Wheat seed,Zavkhan,2021-06,
 Wheat seed,Zavkhan,2021-05,
 Wheat seed,Zavkhan,2021-04,
 Wheat seed,Zavkhan,2021-03,600000.0
 Wheat seed,Zavkhan,2021-02,650000.0
 Wheat seed,Zavkhan,2021-01,700000.0
 Wheat seed,Zavkhan,2020-12,650000.0
 Wheat seed,Zavkhan,2020-11,675000.0
 Wheat seed,Zavkhan,2020-10,675000.0
 Wheat seed,Zavkhan,2020-09,
 Wheat seed,Zavkhan,2020-08,
 Wheat seed,Zavkhan,2020-07,
 Wheat seed,Zavkhan,2020-06,
 Wheat seed,Zavkhan,2020-05,
 Wheat seed,Zavkhan,2020-04,
 Wheat seed,Zavkhan,2020-03,
 Wheat seed,Zavkhan,2020-02,
 Wheat seed,Zavkhan,2020-01,
 Wheat seed,Zavkhan,2019-12,550000.0
 Wheat seed,Zavkhan,2019-11,450000.0
 Wheat seed,Zavkhan,2019-10,
 Wheat seed,Zavkhan,2019-09,
 Wheat seed,Zavkhan,2019-08,
 Wheat seed,Zavkhan,2019-07,
 Wheat seed,Zavkhan,2019-06,
 Wheat seed,Zavkhan,2019-05,
 Wheat seed,Zavkhan,2019-04,
 Wheat seed,Zavkhan,2019-03,500000.0
 Wheat seed,Zavkhan,2019-02,
 Wheat seed,Zavkhan,2019-01,
 Wheat seed,Zavkhan,2018-12,760000.0
 Wheat seed,Uvs,2025-12,
 Wheat seed,Uvs,2025-11,2000000.0
 Wheat seed,Uvs,2025-10,
 Wheat seed,Uvs,2025-09,1500000.0
 Wheat seed,Uvs,2025-08,2000000.0
 Wheat seed,Uvs,2025-07,1800000.0
 Wheat seed,Uvs,2025-06,1800000.0
 Wheat seed,Uvs,2025-05,1600000.0
 Wheat seed,Uvs,2025-04,
 Wheat seed,Uvs,2025-03,1600000.0
 Wheat seed,Uvs,2025-02,1800000.0
 Wheat seed,Uvs,2025-01,1700000.0
 Wheat seed,Uvs,2024-12,
 Wheat seed,Uvs,2024-11,1500000.0
 Wheat seed,Uvs,2024-10,1500000.0
 Wheat seed,Uvs,2024-09,1500000.0
 Wheat seed,Uvs,2024-08,1800000.0
 Wheat seed,Uvs,2024-07,1500000.0
 Wheat seed,Uvs,2024-06,1700000.0
 Wheat seed,Uvs,2024-05,1500000.0
 Wheat seed,Uvs,2024-04,1550000.0
 Wheat seed,Uvs,2024-03,1800000.0
 Wheat seed,Uvs,2024-02,1800000.0
 Wheat seed,Uvs,2024-01,1700000.0
 Wheat seed,Uvs,2023-12,1500000.0
 Wheat seed,Uvs,2023-11,1500000.0
 Wheat seed,Uvs,2023-10,1800000.0
 Wheat seed,Uvs,2023-09,2200000.0
 Wheat seed,Uvs,2023-08,2000000.0
 Wheat seed,Uvs,2023-07,
 Wheat seed,Uvs,2023-06,2000000.0
 Wheat seed,Uvs,2023-05,1250000.0
 Wheat seed,Uvs,2023-04,
 Wheat seed,Uvs,2023-03,
 Wheat seed,Uvs,2023-02,
 Wheat seed,Uvs,2023-01,
 Wheat seed,Uvs,2022-12,
 Wheat seed,Uvs,2022-11,1500000.0
 Wheat seed,Uvs,2022-10,1000000.0
 Wheat seed,Uvs,2022-09,1600000.0
 Wheat seed,Uvs,2022-08,1800000.0
 Wheat seed,Uvs,2022-07,
 Wheat seed,Uvs,2022-06,
 Wheat seed,Uvs,2022-05,
 Wheat seed,Uvs,2022-04,950000.0
 Wheat seed,Uvs,2022-03,1000000.0
 Wheat seed,Uvs,2022-02,1000000.0
 Wheat seed,Uvs,2022-01,1000000.0
 Wheat seed,Uvs,2021-12,1000000.0
 Wheat seed,Uvs,2021-11,1000000.0
 Wheat seed,Uvs,2021-10,800000.0
 Wheat seed,Uvs,2021-09,
 Wheat seed,Uvs,2021-08,
 Wheat seed,Uvs,2021-07,
 Wheat seed,Uvs,2021-06,
 Wheat seed,Uvs,2021-05,1000000.0
 Wheat seed,Uvs,2021-04,900000.0
 Wheat seed,Uvs,2021-03,
 Wheat seed,Uvs,2021-02,700000.0
 Wheat seed,Uvs,2021-01,
 Wheat seed,Uvs,2020-12,800000.0
 Wheat seed,Uvs,2020-11,600000.0
 Wheat seed,Uvs,2020-10,
 Wheat seed,Uvs,2020-09,
 Wheat seed,Uvs,2020-08,
 Wheat seed,Uvs,2020-07,
 Wheat seed,Uvs,2020-06,
 Wheat seed,Uvs,2020-05,675000.0
 Wheat seed,Uvs,2020-04,625000.0
 Wheat seed,Uvs,2020-03,
 Wheat seed,Uvs,2020-02,
 Wheat seed,Uvs,2020-01,
 Wheat seed,Uvs,2019-12,600000.0
 Wheat seed,Uvs,2019-11,800000.0
 Wheat seed,Uvs,2019-10,750000.0
 Wheat seed,Uvs,2019-09,
 Wheat seed,Uvs,2019-08,
 Wheat seed,Uvs,2019-07,
 Wheat seed,Uvs,2019-06,
 Wheat seed,Uvs,2019-05,800000.0
 Wheat seed,Uvs,2019-04,650000.0
 Wheat seed,Uvs,2019-03,600000.0
 Wheat seed,Uvs,2019-02,600000.0
 Wheat seed,Uvs,2019-01,700000.0
 Wheat seed,Uvs,2018-12,
 Wheat seed,Khovd,2025-12,
 Wheat seed,Khovd,2025-11,
 Wheat seed,Khovd,2025-10,
 Wheat seed,Khovd,2025-09,
 Wheat seed,Khovd,2025-08,
 Wheat seed,Khovd,2025-07,
 Wheat seed,Khovd,2025-06,
 Wheat seed,Khovd,2025-05,
 Wheat seed,Khovd,2025-04,
 Wheat seed,Khovd,2025-03,
 Wheat seed,Khovd,2025-02,
 Wheat seed,Khovd,2025-01,
 Wheat seed,Khovd,2024-12,
 Wheat seed,Khovd,2024-11,
 Wheat seed,Khovd,2024-10,
 Wheat seed,Khovd,2024-09,
 Wheat seed,Khovd,2024-08,
 Wheat seed,Khovd,2024-07,
 Wheat seed,Khovd,2024-06,
 Wheat seed,Khovd,2024-05,
 Wheat seed,Khovd,2024-04,
 Wheat seed,Khovd,2024-03,
 Wheat seed,Khovd,2024-02,
 Wheat seed,Khovd,2024-01,
 Wheat seed,Khovd,2023-12,
 Wheat seed,Khovd,2023-11,
 Wheat seed,Khovd,2023-10,
 Wheat seed,Khovd,2023-09,
 Wheat seed,Khovd,2023-08,
 Wheat seed,Khovd,2023-07,
 Wheat seed,Khovd,2023-06,
 Wheat seed,Khovd,2023-05,
 Wheat seed,Khovd,2023-04,
 Wheat seed,Khovd,2023-03,
 Wheat seed,Khovd,2023-02,
 Wheat seed,Khovd,2023-01,
 Wheat seed,Khovd,2022-12,
 Wheat seed,Khovd,2022-11,
 Wheat seed,Khovd,2022-10,
 Wheat seed,Khovd,2022-09,
 Wheat seed,Khovd,2022-08,
 Wheat seed,Khovd,2022-07,
 Wheat seed,Khovd,2022-06,
 Wheat seed,Khovd,2022-05,
 Wheat seed,Khovd,2022-04,
 Wheat seed,Khovd,2022-03,
 Wheat seed,Khovd,2022-02,
 Wheat seed,Khovd,2022-01,
 Wheat seed,Khovd,2021-12,
 Wheat seed,Khovd,2021-11,
 Wheat seed,Khovd,2021-10,
 Wheat seed,Khovd,2021-09,
 Wheat seed,Khovd,2021-08,
 Wheat seed,Khovd,2021-07,
 Wheat seed,Khovd,2021-06,
 Wheat seed,Khovd,2021-05,
 Wheat seed,Khovd,2021-04,
 Wheat seed,Khovd,2021-03,
 Wheat seed,Khovd,2021-02,
 Wheat seed,Khovd,2021-01,
 Wheat seed,Khovd,2020-12,
 Wheat seed,Khovd,2020-11,
 Wheat seed,Khovd,2020-10,
 Wheat seed,Khovd,2020-09,
 Wheat seed,Khovd,2020-08,
 Wheat seed,Khovd,2020-07,
 Wheat seed,Khovd,2020-06,
 Wheat seed,Khovd,2020-05,
 Wheat seed,Khovd,2020-04,
 Wheat seed,Khovd,2020-03,
 Wheat seed,Khovd,2020-02,
 Wheat seed,Khovd,2020-01,
 Wheat seed,Khovd,2019-12,
 Wheat seed,Khovd,2019-11,
 Wheat seed,Khovd,2019-10,
 Wheat seed,Khovd,2019-09,
 Wheat seed,Khovd,2019-08,
 Wheat seed,Khovd,2019-07,
 Wheat seed,Khovd,2019-06,
 Wheat seed,Khovd,2019-05,
 Wheat seed,Khovd,2019-04,
 Wheat seed,Khovd,2019-03,
 Wheat seed,Khovd,2019-02,
 Wheat seed,Khovd,2019-01,
 Wheat seed,Khovd,2018-12,
 Wheat seed,Khangai region,2025-12,
 Wheat seed,Khangai region,2025-11,
 Wheat seed,Khangai region,2025-10,
 Wheat seed,Khangai region,2025-09,
 Wheat seed,Khangai region,2025-08,
 Wheat seed,Khangai region,2025-07,
 Wheat seed,Khangai region,2025-06,
 Wheat seed,Khangai region,2025-05,
 Wheat seed,Khangai region,2025-04,
 Wheat seed,Khangai region,2025-03,
 Wheat seed,Khangai region,2025-02,
 Wheat seed,Khangai region,2025-01,
 Wheat seed,Khangai region,2024-12,
 Wheat seed,Khangai region,2024-11,
 Wheat seed,Khangai region,2024-10,
 Wheat seed,Khangai region,2024-09,
 Wheat seed,Khangai region,2024-08,
 Wheat seed,Khangai region,2024-07,
 Wheat seed,Khangai region,2024-06,
 Wheat seed,Khangai region,2024-05,
 Wheat seed,Khangai region,2024-04,
 Wheat seed,Khangai region,2024-03,
 Wheat seed,Khangai region,2024-02,
 Wheat seed,Khangai region,2024-01,
 Wheat seed,Khangai region,2023-12,
 Wheat seed,Khangai region,2023-11,
 Wheat seed,Khangai region,2023-10,
 Wheat seed,Khangai region,2023-09,
 Wheat seed,Khangai region,2023-08,
 Wheat seed,Khangai region,2023-07,
 Wheat seed,Khangai region,2023-06,
 Wheat seed,Khangai region,2023-05,
 Wheat seed,Khangai region,2023-04,
 Wheat seed,Khangai region,2023-03,
 Wheat seed,Khangai region,2023-02,
 Wheat seed,Khangai region,2023-01,
 Wheat seed,Khangai region,2022-12,
 Wheat seed,Khangai region,2022-11,
 Wheat seed,Khangai region,2022-10,
 Wheat seed,Khangai region,2022-09,
 Wheat seed,Khangai region,2022-08,
 Wheat seed,Khangai region,2022-07,
 Wheat seed,Khangai region,2022-06,
 Wheat seed,Khangai region,2022-05,
 Wheat seed,Khangai region,2022-04,
 Wheat seed,Khangai region,2022-03,
 Wheat seed,Khangai region,2022-02,
 Wheat seed,Khangai region,2022-01,
 Wheat seed,Khangai region,2021-12,
 Wheat seed,Khangai region,2021-11,
 Wheat seed,Khangai region,2021-10,
 Wheat seed,Khangai region,2021-09,
 Wheat seed,Khangai region,2021-08,
 Wheat seed,Khangai region,2021-07,
 Wheat seed,Khangai region,2021-06,
 Wheat seed,Khangai region,2021-05,
 Wheat seed,Khangai region,2021-04,
 Wheat seed,Khangai region,2021-03,
 Wheat seed,Khangai region,2021-02,
 Wheat seed,Khangai region,2021-01,
 Wheat seed,Khangai region,2020-12,
 Wheat seed,Khangai region,2020-11,
 Wheat seed,Khangai region,2020-10,
 Wheat seed,Khangai region,2020-09,
 Wheat seed,Khangai region,2020-08,
 Wheat seed,Khangai region,2020-07,
 Wheat seed,Khangai region,2020-06,
 Wheat seed,Khangai region,2020-05,
 Wheat seed,Khangai region,2020-04,
 Wheat seed,Khangai region,2020-03,
 Wheat seed,Khangai region,2020-02,
 Wheat seed,Khangai region,2020-01,
 Wheat seed,Khangai region,2019-12,
 Wheat seed,Khangai region,2019-11,
 Wheat seed,Khangai region,2019-10,
 Wheat seed,Khangai region,2019-09,
 Wheat seed,Khangai region,2019-08,
 Wheat seed,Khangai region,2019-07,
 Wheat seed,Khangai region,2019-06,
 Wheat seed,Khangai region,2019-05,
 Wheat seed,Khangai region,2019-04,
 Wheat seed,Khangai region,2019-03,
 Wheat seed,Khangai region,2019-02,
 Wheat seed,Khangai region,2019-01,
 Wheat seed,Khangai region,2018-12,
 Wheat seed,Arkhangai,2025-12,
 Wheat seed,Arkhangai,2025-11,
 Wheat seed,Arkhangai,2025-10,
 Wheat seed,Arkhangai,2025-09,
 Wheat seed,Arkhangai,2025-08,
 Wheat seed,Arkhangai,2025-07,
 Wheat seed,Arkhangai,2025-06,
 Wheat seed,Arkhangai,2025-05,
 Wheat seed,Arkhangai,2025-04,
 Wheat seed,Arkhangai,2025-03,
 Wheat seed,Arkhangai,2025-02,
 Wheat seed,Arkhangai,2025-01,
 Wheat seed,Arkhangai,2024-12,
 Wheat seed,Arkhangai,2024-11,
 Wheat seed,Arkhangai,2024-10,
 Wheat seed,Arkhangai,2024-09,
 Wheat seed,Arkhangai,2024-08,
 Wheat seed,Arkhangai,2024-07,1300000.0
 Wheat seed,Arkhangai,2024-06,1300000.0
 Wheat seed,Arkhangai,2024-05,1300000.0
 Wheat seed,Arkhangai,2024-04,1300000.0
 Wheat seed,Arkhangai,2024-03,
 Wheat seed,Arkhangai,2024-02,
 Wheat seed,Arkhangai,2024-01,
 Wheat seed,Arkhangai,2023-12,
 Wheat seed,Arkhangai,2023-11,1000000.0
 Wheat seed,Arkhangai,2023-10,
 Wheat seed,Arkhangai,2023-09,
 Wheat seed,Arkhangai,2023-08,
 Wheat seed,Arkhangai,2023-07,
 Wheat seed,Arkhangai,2023-06,
 Wheat seed,Arkhangai,2023-05,
 Wheat seed,Arkhangai,2023-04,
 Wheat seed,Arkhangai,2023-03,
 Wheat seed,Arkhangai,2023-02,
 Wheat seed,Arkhangai,2023-01,
 Wheat seed,Arkhangai,2022-12,
 Wheat seed,Arkhangai,2022-11,
 Wheat seed,Arkhangai,2022-10,
 Wheat seed,Arkhangai,2022-09,
 Wheat seed,Arkhangai,2022-08,
 Wheat seed,Arkhangai,2022-07,
 Wheat seed,Arkhangai,2022-06,
 Wheat seed,Arkhangai,2022-05,
 Wheat seed,Arkhangai,2022-04,
 Wheat seed,Arkhangai,2022-03,
 Wheat seed,Arkhangai,2022-02,
 Wheat seed,Arkhangai,2022-01,
 Wheat seed,Arkhangai,2021-12,
 Wheat seed,Arkhangai,2021-11,
 Wheat seed,Arkhangai,2021-10,700000.0
 Wheat seed,Arkhangai,2021-09,
 Wheat seed,Arkhangai,2021-08,
 Wheat seed,Arkhangai,2021-07,
 Wheat seed,Arkhangai,2021-06,
 Wheat seed,Arkhangai,2021-05,900000.0
 Wheat seed,Arkhangai,2021-04,
 Wheat seed,Arkhangai,2021-03,
 Wheat seed,Arkhangai,2021-02,
 Wheat seed,Arkhangai,2021-01,
 Wheat seed,Arkhangai,2020-12,
 Wheat seed,Arkhangai,2020-11,
 Wheat seed,Arkhangai,2020-10,
 Wheat seed,Arkhangai,2020-09,
 Wheat seed,Arkhangai,2020-08,
 Wheat seed,Arkhangai,2020-07,
 Wheat seed,Arkhangai,2020-06,
 Wheat seed,Arkhangai,2020-05,900000.0
 Wheat seed,Arkhangai,2020-04,850000.0
 Wheat seed,Arkhangai,2020-03,780000.0
 Wheat seed,Arkhangai,2020-02,780000.0
 Wheat seed,Arkhangai,2020-01,780000.0
 Wheat seed,Arkhangai,2019-12,730000.0
 Wheat seed,Arkhangai,2019-11,730000.0
 Wheat seed,Arkhangai,2019-10,730000.0
 Wheat seed,Arkhangai,2019-09,730000.0
 Wheat seed,Arkhangai,2019-08,
 Wheat seed,Arkhangai,2019-07,
 Wheat seed,Arkhangai,2019-06,
 Wheat seed,Arkhangai,2019-05,
 Wheat seed,Arkhangai,2019-04,
 Wheat seed,Arkhangai,2019-03,
 Wheat seed,Arkhangai,2019-02,
 Wheat seed,Arkhangai,2019-01,
 Wheat seed,Arkhangai,2018-12,
 Wheat seed,Bayankhongor,2025-12,
 Wheat seed,Bayankhongor,2025-11,
 Wheat seed,Bayankhongor,2025-10,
 Wheat seed,Bayankhongor,2025-09,
 Wheat seed,Bayankhongor,2025-08,
 Wheat seed,Bayankhongor,2025-07,
 Wheat seed,Bayankhongor,2025-06,
 Wheat seed,Bayankhongor,2025-05,
 Wheat seed,Bayankhongor,2025-04,
 Wheat seed,Bayankhongor,2025-03,
 Wheat seed,Bayankhongor,2025-02,
 Wheat seed,Bayankhongor,2025-01,
 Wheat seed,Bayankhongor,2024-12,
 Wheat seed,Bayankhongor,2024-11,
 Wheat seed,Bayankhongor,2024-10,
 Wheat seed,Bayankhongor,2024-09,
 Wheat seed,Bayankhongor,2024-08,
 Wheat seed,Bayankhongor,2024-07,
 Wheat seed,Bayankhongor,2024-06,
 Wheat seed,Bayankhongor,2024-05,
 Wheat seed,Bayankhongor,2024-04,
 Wheat seed,Bayankhongor,2024-03,
 Wheat seed,Bayankhongor,2024-02,
 Wheat seed,Bayankhongor,2024-01,
 Wheat seed,Bayankhongor,2023-12,
 Wheat seed,Bayankhongor,2023-11,
 Wheat seed,Bayankhongor,2023-10,
 Wheat seed,Bayankhongor,2023-09,
 Wheat seed,Bayankhongor,2023-08,
 Wheat seed,Bayankhongor,2023-07,
 Wheat seed,Bayankhongor,2023-06,
 Wheat seed,Bayankhongor,2023-05,
 Wheat seed,Bayankhongor,2023-04,
 Wheat seed,Bayankhongor,2023-03,
 Wheat seed,Bayankhongor,2023-02,
 Wheat seed,Bayankhongor,2023-01,
 Wheat seed,Bayankhongor,2022-12,
 Wheat seed,Bayankhongor,2022-11,
 Wheat seed,Bayankhongor,2022-10,
 Wheat seed,Bayankhongor,2022-09,
 Wheat seed,Bayankhongor,2022-08,
 Wheat seed,Bayankhongor,2022-07,
 Wheat seed,Bayankhongor,2022-06,
 Wheat seed,Bayankhongor,2022-05,
 Wheat seed,Bayankhongor,2022-04,
 Wheat seed,Bayankhongor,2022-03,
 Wheat seed,Bayankhongor,2022-02,
 Wheat seed,Bayankhongor,2022-01,
 Wheat seed,Bayankhongor,2021-12,
 Wheat seed,Bayankhongor,2021-11,
 Wheat seed,Bayankhongor,2021-10,
 Wheat seed,Bayankhongor,2021-09,
 Wheat seed,Bayankhongor,2021-08,
 Wheat seed,Bayankhongor,2021-07,
 Wheat seed,Bayankhongor,2021-06,
 Wheat seed,Bayankhongor,2021-05,
 Wheat seed,Bayankhongor,2021-04,
 Wheat seed,Bayankhongor,2021-03,
 Wheat seed,Bayankhongor,2021-02,
 Wheat seed,Bayankhongor,2021-01,
 Wheat seed,Bayankhongor,2020-12,
 Wheat seed,Bayankhongor,2020-11,
 Wheat seed,Bayankhongor,2020-10,
 Wheat seed,Bayankhongor,2020-09,
 Wheat seed,Bayankhongor,2020-08,
 Wheat seed,Bayankhongor,2020-07,
 Wheat seed,Bayankhongor,2020-06,
 Wheat seed,Bayankhongor,2020-05,
 Wheat seed,Bayankhongor,2020-04,
 Wheat seed,Bayankhongor,2020-03,
 Wheat seed,Bayankhongor,2020-02,
 Wheat seed,Bayankhongor,2020-01,
 Wheat seed,Bayankhongor,2019-12,
 Wheat seed,Bayankhongor,2019-11,
 Wheat seed,Bayankhongor,2019-10,
 Wheat seed,Bayankhongor,2019-09,
 Wheat seed,Bayankhongor,2019-08,
 Wheat seed,Bayankhongor,2019-07,
 Wheat seed,Bayankhongor,2019-06,
 Wheat seed,Bayankhongor,2019-05,
 Wheat seed,Bayankhongor,2019-04,
 Wheat seed,Bayankhongor,2019-03,
 Wheat seed,Bayankhongor,2019-02,
 Wheat seed,Bayankhongor,2019-01,
 Wheat seed,Bayankhongor,2018-12,
 Wheat seed,Bulgan,2025-12,
 Wheat seed,Bulgan,2025-11,
 Wheat seed,Bulgan,2025-10,
 Wheat seed,Bulgan,2025-09,
 Wheat seed,Bulgan,2025-08,
 Wheat seed,Bulgan,2025-07,
 Wheat seed,Bulgan,2025-06,
 Wheat seed,Bulgan,2025-05,
 Wheat seed,Bulgan,2025-04,
 Wheat seed,Bulgan,2025-03,
 Wheat seed,Bulgan,2025-02,
 Wheat seed,Bulgan,2025-01,
 Wheat seed,Bulgan,2024-12,
 Wheat seed,Bulgan,2024-11,
 Wheat seed,Bulgan,2024-10,
 Wheat seed,Bulgan,2024-09,
 Wheat seed,Bulgan,2024-08,
 Wheat seed,Bulgan,2024-07,
 Wheat seed,Bulgan,2024-06,
 Wheat seed,Bulgan,2024-05,
 Wheat seed,Bulgan,2024-04,
 Wheat seed,Bulgan,2024-03,
 Wheat seed,Bulgan,2024-02,995000.0
 Wheat seed,Bulgan,2024-01,1200000.0
 Wheat seed,Bulgan,2023-12,
 Wheat seed,Bulgan,2023-11,995000.0
 Wheat seed,Bulgan,2023-10,995000.0
 Wheat seed,Bulgan,2023-09,995000.0
 Wheat seed,Bulgan,2023-08,
 Wheat seed,Bulgan,2023-07,
 Wheat seed,Bulgan,2023-06,
 Wheat seed,Bulgan,2023-05,995000.0
 Wheat seed,Bulgan,2023-04,1147500.0
 Wheat seed,Bulgan,2023-03,1147500.0
 Wheat seed,Bulgan,2023-02,1300000.0
 Wheat seed,Bulgan,2023-01,1200000.0
 Wheat seed,Bulgan,2022-12,1200000.0
 Wheat seed,Bulgan,2022-11,1200000.0
 Wheat seed,Bulgan,2022-10,900000.0
 Wheat seed,Bulgan,2022-09,1200000.0
 Wheat seed,Bulgan,2022-08,1200000.0
 Wheat seed,Bulgan,2022-07,1200000.0
 Wheat seed,Bulgan,2022-06,1050000.0
 Wheat seed,Bulgan,2022-05,1050000.0
 Wheat seed,Bulgan,2022-04,1050000.0
 Wheat seed,Bulgan,2022-03,1050000.0
 Wheat seed,Bulgan,2022-02,1050000.0
 Wheat seed,Bulgan,2022-01,962500.0
 Wheat seed,Bulgan,2021-12,962500.0
 Wheat seed,Bulgan,2021-11,700000.0
 Wheat seed,Bulgan,2021-10,850000.0
 Wheat seed,Bulgan,2021-09,900000.0
 Wheat seed,Bulgan,2021-08,900000.0
 Wheat seed,Bulgan,2021-07,900000.0
 Wheat seed,Bulgan,2021-06,900000.0
 Wheat seed,Bulgan,2021-05,
 Wheat seed,Bulgan,2021-04,887500.0
 Wheat seed,Bulgan,2021-03,850000.0
 Wheat seed,Bulgan,2021-02,850000.0
 Wheat seed,Bulgan,2021-01,850000.0
 Wheat seed,Bulgan,2020-12,775000.0
 Wheat seed,Bulgan,2020-11,823333.0
 Wheat seed,Bulgan,2020-10,773333.0
 Wheat seed,Bulgan,2020-09,700000.0
 Wheat seed,Bulgan,2020-08,850000.0
 Wheat seed,Bulgan,2020-07,
 Wheat seed,Bulgan,2020-06,875000.0
 Wheat seed,Bulgan,2020-05,912500.0
 Wheat seed,Bulgan,2020-04,900000.0
 Wheat seed,Bulgan,2020-03,850000.0
 Wheat seed,Bulgan,2020-02,850000.0
 Wheat seed,Bulgan,2020-01,700000.0
 Wheat seed,Bulgan,2019-12,650000.0
 Wheat seed,Bulgan,2019-11,625000.0
 Wheat seed,Bulgan,2019-10,
 Wheat seed,Bulgan,2019-09,
 Wheat seed,Bulgan,2019-08,650000.0
 Wheat seed,Bulgan,2019-07,650000.0
 Wheat seed,Bulgan,2019-06,650000.0
 Wheat seed,Bulgan,2019-05,675000.0
 Wheat seed,Bulgan,2019-04,650000.0
 Wheat seed,Bulgan,2019-03,
 Wheat seed,Bulgan,2019-02,
 Wheat seed,Bulgan,2019-01,650000.0
 Wheat seed,Bulgan,2018-12,667000.0
 Wheat seed,Uvurkhangai,2025-12,1300000.0
 Wheat seed,Uvurkhangai,2025-11,1300000.0
 Wheat seed,Uvurkhangai,2025-10,
 Wheat seed,Uvurkhangai,2025-09,
 Wheat seed,Uvurkhangai,2025-08,
 Wheat seed,Uvurkhangai,2025-07,
 Wheat seed,Uvurkhangai,2025-06,
 Wheat seed,Uvurkhangai,2025-05,1450000.0
 Wheat seed,Uvurkhangai,2025-04,
 Wheat seed,Uvurkhangai,2025-03,1500000.0
 Wheat seed,Uvurkhangai,2025-02,1350000.0
 Wheat seed,Uvurkhangai,2025-01,1300000.0
 Wheat seed,Uvurkhangai,2024-12,1350000.0
 Wheat seed,Uvurkhangai,2024-11,1350000.0
 Wheat seed,Uvurkhangai,2024-10,1350000.0
 Wheat seed,Uvurkhangai,2024-09,1350000.0
 Wheat seed,Uvurkhangai,2024-08,1200000.0
 Wheat seed,Uvurkhangai,2024-07,1150000.0
 Wheat seed,Uvurkhangai,2024-06,1100000.0
 Wheat seed,Uvurkhangai,2024-05,1100000.0
 Wheat seed,Uvurkhangai,2024-04,1400000.0
 Wheat seed,Uvurkhangai,2024-03,1325000.0
 Wheat seed,Uvurkhangai,2024-02,1300000.0
 Wheat seed,Uvurkhangai,2024-01,1400000.0
 Wheat seed,Uvurkhangai,2023-12,1400000.0
 Wheat seed,Uvurkhangai,2023-11,1100000.0
 Wheat seed,Uvurkhangai,2023-10,1000000.0
 Wheat seed,Uvurkhangai,2023-09,1200000.0
 Wheat seed,Uvurkhangai,2023-08,1200000.0
 Wheat seed,Uvurkhangai,2023-07,1200000.0
 Wheat seed,Uvurkhangai,2023-06,1200000.0
 Wheat seed,Uvurkhangai,2023-05,1200000.0
 Wheat seed,Uvurkhangai,2023-04,1200000.0
 Wheat seed,Uvurkhangai,2023-03,1200000.0
 Wheat seed,Uvurkhangai,2023-02,1200000.0
 Wheat seed,Uvurkhangai,2023-01,1200000.0
 Wheat seed,Uvurkhangai,2022-12,1200000.0
 Wheat seed,Uvurkhangai,2022-11,1200000.0
 Wheat seed,Uvurkhangai,2022-10,
 Wheat seed,Uvurkhangai,2022-09,
 Wheat seed,Uvurkhangai,2022-08,
 Wheat seed,Uvurkhangai,2022-07,
 Wheat seed,Uvurkhangai,2022-06,820000.0
 Wheat seed,Uvurkhangai,2022-05,900000.0
 Wheat seed,Uvurkhangai,2022-04,900000.0
 Wheat seed,Uvurkhangai,2022-03,800000.0
 Wheat seed,Uvurkhangai,2022-02,860000.0
 Wheat seed,Uvurkhangai,2022-01,860000.0
 Wheat seed,Uvurkhangai,2021-12,850000.0
 Wheat seed,Uvurkhangai,2021-11,850000.0
 Wheat seed,Uvurkhangai,2021-10,850000.0
 Wheat seed,Uvurkhangai,2021-09,850000.0
 Wheat seed,Uvurkhangai,2021-08,850000.0
 Wheat seed,Uvurkhangai,2021-07,830000.0
 Wheat seed,Uvurkhangai,2021-06,820000.0
 Wheat seed,Uvurkhangai,2021-05,830000.0
 Wheat seed,Uvurkhangai,2021-04,830000.0
 Wheat seed,Uvurkhangai,2021-03,830000.0
 Wheat seed,Uvurkhangai,2021-02,830000.0
 Wheat seed,Uvurkhangai,2021-01,830000.0
 Wheat seed,Uvurkhangai,2020-12,830000.0
 Wheat seed,Uvurkhangai,2020-11,800000.0
 Wheat seed,Uvurkhangai,2020-10,800000.0
 Wheat seed,Uvurkhangai,2020-09,800000.0
 Wheat seed,Uvurkhangai,2020-08,800000.0
 Wheat seed,Uvurkhangai,2020-07,800000.0
 Wheat seed,Uvurkhangai,2020-06,800000.0
 Wheat seed,Uvurkhangai,2020-05,750000.0
 Wheat seed,Uvurkhangai,2020-04,750000.0
 Wheat seed,Uvurkhangai,2020-03,850000.0
 Wheat seed,Uvurkhangai,2020-02,800000.0
 Wheat seed,Uvurkhangai,2020-01,820000.0
 Wheat seed,Uvurkhangai,2019-12,830000.0
 Wheat seed,Uvurkhangai,2019-11,830000.0
 Wheat seed,Uvurkhangai,2019-10,830000.0
 Wheat seed,Uvurkhangai,2019-09,830000.0
 Wheat seed,Uvurkhangai,2019-08,830000.0
 Wheat seed,Uvurkhangai,2019-07,830000.0
 Wheat seed,Uvurkhangai,2019-06,830000.0
 Wheat seed,Uvurkhangai,2019-05,800000.0
 Wheat seed,Uvurkhangai,2019-04,820000.0
 Wheat seed,Uvurkhangai,2019-03,760000.0
 Wheat seed,Uvurkhangai,2019-02,760000.0
 Wheat seed,Uvurkhangai,2019-01,760000.0
 Wheat seed,Uvurkhangai,2018-12,760000.0
 Wheat seed,Khuvsgul,2025-12,
 Wheat seed,Khuvsgul,2025-11,
 Wheat seed,Khuvsgul,2025-10,
 Wheat seed,Khuvsgul,2025-09,
 Wheat seed,Khuvsgul,2025-08,
 Wheat seed,Khuvsgul,2025-07,
 Wheat seed,Khuvsgul,2025-06,
 Wheat seed,Khuvsgul,2025-05,
 Wheat seed,Khuvsgul,2025-04,
 Wheat seed,Khuvsgul,2025-03,1200000.0
 Wheat seed,Khuvsgul,2025-02,1200000.0
 Wheat seed,Khuvsgul,2025-01,1200000.0
 Wheat seed,Khuvsgul,2024-12,1300000.0
 Wheat seed,Khuvsgul,2024-11,1450000.0
 Wheat seed,Khuvsgul,2024-10,
 Wheat seed,Khuvsgul,2024-09,
 Wheat seed,Khuvsgul,2024-08,
 Wheat seed,Khuvsgul,2024-07,1100000.0
 Wheat seed,Khuvsgul,2024-06,1200000.0
 Wheat seed,Khuvsgul,2024-05,1250000.0
 Wheat seed,Khuvsgul,2024-04,
 Wheat seed,Khuvsgul,2024-03,
 Wheat seed,Khuvsgul,2024-02,
 Wheat seed,Khuvsgul,2024-01,1100000.0
 Wheat seed,Khuvsgul,2023-12,1100000.0
 Wheat seed,Khuvsgul,2023-11,1200000.0
 Wheat seed,Khuvsgul,2023-10,1200000.0
 Wheat seed,Khuvsgul,2023-09,
 Wheat seed,Khuvsgul,2023-08,
 Wheat seed,Khuvsgul,2023-07,
 Wheat seed,Khuvsgul,2023-06,1200000.0
 Wheat seed,Khuvsgul,2023-05,1200000.0
 Wheat seed,Khuvsgul,2023-04,995000.0
 Wheat seed,Khuvsgul,2023-03,1200000.0
 Wheat seed,Khuvsgul,2023-02,975000.0
 Wheat seed,Khuvsgul,2023-01,
 Wheat seed,Khuvsgul,2022-12,
 Wheat seed,Khuvsgul,2022-11,1100000.0
 Wheat seed,Khuvsgul,2022-10,950000.0
 Wheat seed,Khuvsgul,2022-09,870000.0
 Wheat seed,Khuvsgul,2022-08,
 Wheat seed,Khuvsgul,2022-07,
 Wheat seed,Khuvsgul,2022-06,
 Wheat seed,Khuvsgul,2022-05,650000.0
 Wheat seed,Khuvsgul,2022-04,650000.0
 Wheat seed,Khuvsgul,2022-03,
 Wheat seed,Khuvsgul,2022-02,
 Wheat seed,Khuvsgul,2022-01,650000.0
 Wheat seed,Khuvsgul,2021-12,850000.0
 Wheat seed,Khuvsgul,2021-11,
 Wheat seed,Khuvsgul,2021-10,
 Wheat seed,Khuvsgul,2021-09,
 Wheat seed,Khuvsgul,2021-08,
 Wheat seed,Khuvsgul,2021-07,
 Wheat seed,Khuvsgul,2021-06,1200000.0
 Wheat seed,Khuvsgul,2021-05,925000.0
 Wheat seed,Khuvsgul,2021-04,925000.0
 Wheat seed,Khuvsgul,2021-03,
 Wheat seed,Khuvsgul,2021-02,850000.0
 Wheat seed,Khuvsgul,2021-01,950000.0
 Wheat seed,Khuvsgul,2020-12,
 Wheat seed,Khuvsgul,2020-11,
 Wheat seed,Khuvsgul,2020-10,
 Wheat seed,Khuvsgul,2020-09,
 Wheat seed,Khuvsgul,2020-08,
 Wheat seed,Khuvsgul,2020-07,
 Wheat seed,Khuvsgul,2020-06,
 Wheat seed,Khuvsgul,2020-05,
 Wheat seed,Khuvsgul,2020-04,
 Wheat seed,Khuvsgul,2020-03,
 Wheat seed,Khuvsgul,2020-02,
 Wheat seed,Khuvsgul,2020-01,
 Wheat seed,Khuvsgul,2019-12,
 Wheat seed,Khuvsgul,2019-11,
 Wheat seed,Khuvsgul,2019-10,
 Wheat seed,Khuvsgul,2019-09,
 Wheat seed,Khuvsgul,2019-08,
 Wheat seed,Khuvsgul,2019-07,
 Wheat seed,Khuvsgul,2019-06,800000.0
 Wheat seed,Khuvsgul,2019-05,
 Wheat seed,Khuvsgul,2019-04,
 Wheat seed,Khuvsgul,2019-03,
 Wheat seed,Khuvsgul,2019-02,
 Wheat seed,Khuvsgul,2019-01,
 Wheat seed,Khuvsgul,2018-12,400000.0
 Wheat seed,Orkhon,2025-12,
 Wheat seed,Orkhon,2025-11,
 Wheat seed,Orkhon,2025-10,
 Wheat seed,Orkhon,2025-09,
 Wheat seed,Orkhon,2025-08,
 Wheat seed,Orkhon,2025-07,
 Wheat seed,Orkhon,2025-06,1450000.0
 Wheat seed,Orkhon,2025-05,
 Wheat seed,Orkhon,2025-04,1200000.0
 Wheat seed,Orkhon,2025-03,
 Wheat seed,Orkhon,2025-02,
 Wheat seed,Orkhon,2025-01,
 Wheat seed,Orkhon,2024-12,
 Wheat seed,Orkhon,2024-11,
 Wheat seed,Orkhon,2024-10,
 Wheat seed,Orkhon,2024-09,
 Wheat seed,Orkhon,2024-08,
 Wheat seed,Orkhon,2024-07,
 Wheat seed,Orkhon,2024-06,
 Wheat seed,Orkhon,2024-05,
 Wheat seed,Orkhon,2024-04,
 Wheat seed,Orkhon,2024-03,
 Wheat seed,Orkhon,2024-02,
 Wheat seed,Orkhon,2024-01,
 Wheat seed,Orkhon,2023-12,
 Wheat seed,Orkhon,2023-11,
 Wheat seed,Orkhon,2023-10,
 Wheat seed,Orkhon,2023-09,
 Wheat seed,Orkhon,2023-08,
 Wheat seed,Orkhon,2023-07,
 Wheat seed,Orkhon,2023-06,
 Wheat seed,Orkhon,2023-05,
 Wheat seed,Orkhon,2023-04,
 Wheat seed,Orkhon,2023-03,
 Wheat seed,Orkhon,2023-02,
 Wheat seed,Orkhon,2023-01,
 Wheat seed,Orkhon,2022-12,
 Wheat seed,Orkhon,2022-11,
 Wheat seed,Orkhon,2022-10,
 Wheat seed,Orkhon,2022-09,
 Wheat seed,Orkhon,2022-08,
 Wheat seed,Orkhon,2022-07,
 Wheat seed,Orkhon,2022-06,
 Wheat seed,Orkhon,2022-05,
 Wheat seed,Orkhon,2022-04,
 Wheat seed,Orkhon,2022-03,
 Wheat seed,Orkhon,2022-02,500000.0
 Wheat seed,Orkhon,2022-01,500000.0
 Wheat seed,Orkhon,2021-12,
 Wheat seed,Orkhon,2021-11,
 Wheat seed,Orkhon,2021-10,
 Wheat seed,Orkhon,2021-09,
 Wheat seed,Orkhon,2021-08,
 Wheat seed,Orkhon,2021-07,
 Wheat seed,Orkhon,2021-06,
 Wheat seed,Orkhon,2021-05,
 Wheat seed,Orkhon,2021-04,
 Wheat seed,Orkhon,2021-03,
 Wheat seed,Orkhon,2021-02,
 Wheat seed,Orkhon,2021-01,
 Wheat seed,Orkhon,2020-12,
 Wheat seed,Orkhon,2020-11,
 Wheat seed,Orkhon,2020-10,
 Wheat seed,Orkhon,2020-09,
 Wheat seed,Orkhon,2020-08,
 Wheat seed,Orkhon,2020-07,
 Wheat seed,Orkhon,2020-06,
 Wheat seed,Orkhon,2020-05,
 Wheat seed,Orkhon,2020-04,
 Wheat seed,Orkhon,2020-03,
 Wheat seed,Orkhon,2020-02,
 Wheat seed,Orkhon,2020-01,
 Wheat seed,Orkhon,2019-12,
 Wheat seed,Orkhon,2019-11,
 Wheat seed,Orkhon,2019-10,
 Wheat seed,Orkhon,2019-09,
 Wheat seed,Orkhon,2019-08,
 Wheat seed,Orkhon,2019-07,
 Wheat seed,Orkhon,2019-06,
 Wheat seed,Orkhon,2019-05,
 Wheat seed,Orkhon,2019-04,
 Wheat seed,Orkhon,2019-03,
 Wheat seed,Orkhon,2019-02,
 Wheat seed,Orkhon,2019-01,
 Wheat seed,Orkhon,2018-12,
 Wheat seed,Central region,2025-12,
 Wheat seed,Central region,2025-11,
 Wheat seed,Central region,2025-10,
 Wheat seed,Central region,2025-09,
 Wheat seed,Central region,2025-08,
 Wheat seed,Central region,2025-07,
 Wheat seed,Central region,2025-06,
 Wheat seed,Central region,2025-05,
 Wheat seed,Central region,2025-04,
 Wheat seed,Central region,2025-03,
 Wheat seed,Central region,2025-02,
 Wheat seed,Central region,2025-01,
 Wheat seed,Central region,2024-12,
 Wheat seed,Central region,2024-11,
 Wheat seed,Central region,2024-10,
 Wheat seed,Central region,2024-09,
 Wheat seed,Central region,2024-08,
 Wheat seed,Central region,2024-07,
 Wheat seed,Central region,2024-06,
 Wheat seed,Central region,2024-05,
 Wheat seed,Central region,2024-04,
 Wheat seed,Central region,2024-03,
 Wheat seed,Central region,2024-02,
 Wheat seed,Central region,2024-01,
 Wheat seed,Central region,2023-12,
 Wheat seed,Central region,2023-11,
 Wheat seed,Central region,2023-10,
 Wheat seed,Central region,2023-09,
 Wheat seed,Central region,2023-08,
 Wheat seed,Central region,2023-07,
 Wheat seed,Central region,2023-06,
 Wheat seed,Central region,2023-05,
 Wheat seed,Central region,2023-04,
 Wheat seed,Central region,2023-03,
 Wheat seed,Central region,2023-02,
 Wheat seed,Central region,2023-01,
 Wheat seed,Central region,2022-12,
 Wheat seed,Central region,2022-11,
 Wheat seed,Central region,2022-10,
 Wheat seed,Central region,2022-09,
 Wheat seed,Central region,2022-08,
 Wheat seed,Central region,2022-07,
 Wheat seed,Central region,2022-06,
 Wheat seed,Central region,2022-05,
 Wheat seed,Central region,2022-04,
 Wheat seed,Central region,2022-03,
 Wheat seed,Central region,2022-02,
 Wheat seed,Central region,2022-01,
 Wheat seed,Central region,2021-12,
 Wheat seed,Central region,2021-11,
 Wheat seed,Central region,2021-10,
 Wheat seed,Central region,2021-09,
 Wheat seed,Central region,2021-08,
 Wheat seed,Central region,2021-07,
 Wheat seed,Central region,2021-06,
 Wheat seed,Central region,2021-05,
 Wheat seed,Central region,2021-04,
 Wheat seed,Central region,2021-03,
 Wheat seed,Central region,2021-02,
 Wheat seed,Central region,2021-01,
 Wheat seed,Central region,2020-12,
 Wheat seed,Central region,2020-11,
 Wheat seed,Central region,2020-10,
 Wheat seed,Central region,2020-09,
 Wheat seed,Central region,2020-08,
 Wheat seed,Central region,2020-07,
 Wheat seed,Central region,2020-06,
 Wheat seed,Central region,2020-05,
 Wheat seed,Central region,2020-04,
 Wheat seed,Central region,2020-03,
 Wheat seed,Central region,2020-02,
 Wheat seed,Central region,2020-01,
 Wheat seed,Central region,2019-12,
 Wheat seed,Central region,2019-11,
 Wheat seed,Central region,2019-10,
 Wheat seed,Central region,2019-09,
 Wheat seed,Central region,2019-08,
 Wheat seed,Central region,2019-07,
 Wheat seed,Central region,2019-06,
 Wheat seed,Central region,2019-05,
 Wheat seed,Central region,2019-04,
 Wheat seed,Central region,2019-03,
 Wheat seed,Central region,2019-02,
 Wheat seed,Central region,2019-01,
 Wheat seed,Central region,2018-12,
 Wheat seed,Govisumber,2025-12,
 Wheat seed,Govisumber,2025-11,
 Wheat seed,Govisumber,2025-10,
 Wheat seed,Govisumber,2025-09,
 Wheat seed,Govisumber,2025-08,
 Wheat seed,Govisumber,2025-07,
 Wheat seed,Govisumber,2025-06,
 Wheat seed,Govisumber,2025-05,
 Wheat seed,Govisumber,2025-04,
 Wheat seed,Govisumber,2025-03,
 Wheat seed,Govisumber,2025-02,
 Wheat seed,Govisumber,2025-01,
 Wheat seed,Govisumber,2024-12,
 Wheat seed,Govisumber,2024-11,
 Wheat seed,Govisumber,2024-10,
 Wheat seed,Govisumber,2024-09,
 Wheat seed,Govisumber,2024-08,
 Wheat seed,Govisumber,2024-07,
 Wheat seed,Govisumber,2024-06,
 Wheat seed,Govisumber,2024-05,
 Wheat seed,Govisumber,2024-04,
 Wheat seed,Govisumber,2024-03,
 Wheat seed,Govisumber,2024-02,
 Wheat seed,Govisumber,2024-01,
 Wheat seed,Govisumber,2023-12,
 Wheat seed,Govisumber,2023-11,
 Wheat seed,Govisumber,2023-10,
 Wheat seed,Govisumber,2023-09,
 Wheat seed,Govisumber,2023-08,
 Wheat seed,Govisumber,2023-07,
 Wheat seed,Govisumber,2023-06,
 Wheat seed,Govisumber,2023-05,
 Wheat seed,Govisumber,2023-04,
 Wheat seed,Govisumber,2023-03,
 Wheat seed,Govisumber,2023-02,
 Wheat seed,Govisumber,2023-01,
 Wheat seed,Govisumber,2022-12,
 Wheat seed,Govisumber,2022-11,
 Wheat seed,Govisumber,2022-10,
 Wheat seed,Govisumber,2022-09,
 Wheat seed,Govisumber,2022-08,
 Wheat seed,Govisumber,2022-07,
 Wheat seed,Govisumber,2022-06,
 Wheat seed,Govisumber,2022-05,
 Wheat seed,Govisumber,2022-04,
 Wheat seed,Govisumber,2022-03,
 Wheat seed,Govisumber,2022-02,
 Wheat seed,Govisumber,2022-01,
 Wheat seed,Govisumber,2021-12,
 Wheat seed,Govisumber,2021-11,
 Wheat seed,Govisumber,2021-10,
 Wheat seed,Govisumber,2021-09,
 Wheat seed,Govisumber,2021-08,
 Wheat seed,Govisumber,2021-07,
 Wheat seed,Govisumber,2021-06,
 Wheat seed,Govisumber,2021-05,
 Wheat seed,Govisumber,2021-04,
 Wheat seed,Govisumber,2021-03,
 Wheat seed,Govisumber,2021-02,
 Wheat seed,Govisumber,2021-01,
 Wheat seed,Govisumber,2020-12,
 Wheat seed,Govisumber,2020-11,
 Wheat seed,Govisumber,2020-10,
 Wheat seed,Govisumber,2020-09,
 Wheat seed,Govisumber,2020-08,
 Wheat seed,Govisumber,2020-07,
 Wheat seed,Govisumber,2020-06,
 Wheat seed,Govisumber,2020-05,
 Wheat seed,Govisumber,2020-04,
 Wheat seed,Govisumber,2020-03,
 Wheat seed,Govisumber,2020-02,
 Wheat seed,Govisumber,2020-01,
 Wheat seed,Govisumber,2019-12,
 Wheat seed,Govisumber,2019-11,
 Wheat seed,Govisumber,2019-10,
 Wheat seed,Govisumber,2019-09,
 Wheat seed,Govisumber,2019-08,
 Wheat seed,Govisumber,2019-07,
 Wheat seed,Govisumber,2019-06,
 Wheat seed,Govisumber,2019-05,
 Wheat seed,Govisumber,2019-04,
 Wheat seed,Govisumber,2019-03,
 Wheat seed,Govisumber,2019-02,
 Wheat seed,Govisumber,2019-01,
 Wheat seed,Govisumber,2018-12,
 Wheat seed,Darkhan-Uul,2025-12,
 Wheat seed,Darkhan-Uul,2025-11,
 Wheat seed,Darkhan-Uul,2025-10,
 Wheat seed,Darkhan-Uul,2025-09,
 Wheat seed,Darkhan-Uul,2025-08,
 Wheat seed,Darkhan-Uul,2025-07,
 Wheat seed,Darkhan-Uul,2025-06,
 Wheat seed,Darkhan-Uul,2025-05,
 Wheat seed,Darkhan-Uul,2025-04,
 Wheat seed,Darkhan-Uul,2025-03,
 Wheat seed,Darkhan-Uul,2025-02,
 Wheat seed,Darkhan-Uul,2025-01,
 Wheat seed,Darkhan-Uul,2024-12,
 Wheat seed,Darkhan-Uul,2024-11,
 Wheat seed,Darkhan-Uul,2024-10,
 Wheat seed,Darkhan-Uul,2024-09,
 Wheat seed,Darkhan-Uul,2024-08,
 Wheat seed,Darkhan-Uul,2024-07,
 Wheat seed,Darkhan-Uul,2024-06,
 Wheat seed,Darkhan-Uul,2024-05,
 Wheat seed,Darkhan-Uul,2024-04,
 Wheat seed,Darkhan-Uul,2024-03,
 Wheat seed,Darkhan-Uul,2024-02,
 Wheat seed,Darkhan-Uul,2024-01,
 Wheat seed,Darkhan-Uul,2023-12,
 Wheat seed,Darkhan-Uul,2023-11,
 Wheat seed,Darkhan-Uul,2023-10,800000.0
 Wheat seed,Darkhan-Uul,2023-09,
 Wheat seed,Darkhan-Uul,2023-08,
 Wheat seed,Darkhan-Uul,2023-07,
 Wheat seed,Darkhan-Uul,2023-06,
 Wheat seed,Darkhan-Uul,2023-05,
 Wheat seed,Darkhan-Uul,2023-04,
 Wheat seed,Darkhan-Uul,2023-03,
 Wheat seed,Darkhan-Uul,2023-02,
 Wheat seed,Darkhan-Uul,2023-01,
 Wheat seed,Darkhan-Uul,2022-12,990000.0
 Wheat seed,Darkhan-Uul,2022-11,990000.0
 Wheat seed,Darkhan-Uul,2022-10,990000.0
 Wheat seed,Darkhan-Uul,2022-09,550000.0
 Wheat seed,Darkhan-Uul,2022-08,
 Wheat seed,Darkhan-Uul,2022-07,
 Wheat seed,Darkhan-Uul,2022-06,
 Wheat seed,Darkhan-Uul,2022-05,650000.0
 Wheat seed,Darkhan-Uul,2022-04,650000.0
 Wheat seed,Darkhan-Uul,2022-03,650000.0
 Wheat seed,Darkhan-Uul,2022-02,
 Wheat seed,Darkhan-Uul,2022-01,
 Wheat seed,Darkhan-Uul,2021-12,
 Wheat seed,Darkhan-Uul,2021-11,
 Wheat seed,Darkhan-Uul,2021-10,
 Wheat seed,Darkhan-Uul,2021-09,
 Wheat seed,Darkhan-Uul,2021-08,
 Wheat seed,Darkhan-Uul,2021-07,
 Wheat seed,Darkhan-Uul,2021-06,
 Wheat seed,Darkhan-Uul,2021-05,
 Wheat seed,Darkhan-Uul,2021-04,
 Wheat seed,Darkhan-Uul,2021-03,
 Wheat seed,Darkhan-Uul,2021-02,
 Wheat seed,Darkhan-Uul,2021-01,
 Wheat seed,Darkhan-Uul,2020-12,
 Wheat seed,Darkhan-Uul,2020-11,
 Wheat seed,Darkhan-Uul,2020-10,
 Wheat seed,Darkhan-Uul,2020-09,
 Wheat seed,Darkhan-Uul,2020-08,
 Wheat seed,Darkhan-Uul,2020-07,
 Wheat seed,Darkhan-Uul,2020-06,
 Wheat seed,Darkhan-Uul,2020-05,
 Wheat seed,Darkhan-Uul,2020-04,
 Wheat seed,Darkhan-Uul,2020-03,
 Wheat seed,Darkhan-Uul,2020-02,
 Wheat seed,Darkhan-Uul,2020-01,
 Wheat seed,Darkhan-Uul,2019-12,
 Wheat seed,Darkhan-Uul,2019-11,
 Wheat seed,Darkhan-Uul,2019-10,
 Wheat seed,Darkhan-Uul,2019-09,
 Wheat seed,Darkhan-Uul,2019-08,
 Wheat seed,Darkhan-Uul,2019-07,
 Wheat seed,Darkhan-Uul,2019-06,
 Wheat seed,Darkhan-Uul,2019-05,
 Wheat seed,Darkhan-Uul,2019-04,
 Wheat seed,Darkhan-Uul,2019-03,
 Wheat seed,Darkhan-Uul,2019-02,
 Wheat seed,Darkhan-Uul,2019-01,
 Wheat seed,Darkhan-Uul,2018-12,
 Wheat seed,Dornogovi,2025-12,
 Wheat seed,Dornogovi,2025-11,
 Wheat seed,Dornogovi,2025-10,
 Wheat seed,Dornogovi,2025-09,
 Wheat seed,Dornogovi,2025-08,
 Wheat seed,Dornogovi,2025-07,
 Wheat seed,Dornogovi,2025-06,
 Wheat seed,Dornogovi,2025-05,
 Wheat seed,Dornogovi,2025-04,
 Wheat seed,Dornogovi,2025-03,
 Wheat seed,Dornogovi,2025-02,
 Wheat seed,Dornogovi,2025-01,
 Wheat seed,Dornogovi,2024-12,
 Wheat seed,Dornogovi,2024-11,
 Wheat seed,Dornogovi,2024-10,
 Wheat seed,Dornogovi,2024-09,
 Wheat seed,Dornogovi,2024-08,
 Wheat seed,Dornogovi,2024-07,
 Wheat seed,Dornogovi,2024-06,
 Wheat seed,Dornogovi,2024-05,
 Wheat seed,Dornogovi,2024-04,
 Wheat seed,Dornogovi,2024-03,
 Wheat seed,Dornogovi,2024-02,
 Wheat seed,Dornogovi,2024-01,
 Wheat seed,Dornogovi,2023-12,
 Wheat seed,Dornogovi,2023-11,
 Wheat seed,Dornogovi,2023-10,
 Wheat seed,Dornogovi,2023-09,
 Wheat seed,Dornogovi,2023-08,
 Wheat seed,Dornogovi,2023-07,
 Wheat seed,Dornogovi,2023-06,
 Wheat seed,Dornogovi,2023-05,
 Wheat seed,Dornogovi,2023-04,
 Wheat seed,Dornogovi,2023-03,
 Wheat seed,Dornogovi,2023-02,
 Wheat seed,Dornogovi,2023-01,
 Wheat seed,Dornogovi,2022-12,
 Wheat seed,Dornogovi,2022-11,
 Wheat seed,Dornogovi,2022-10,
 Wheat seed,Dornogovi,2022-09,
 Wheat seed,Dornogovi,2022-08,
 Wheat seed,Dornogovi,2022-07,
 Wheat seed,Dornogovi,2022-06,
 Wheat seed,Dornogovi,2022-05,
 Wheat seed,Dornogovi,2022-04,
 Wheat seed,Dornogovi,2022-03,
 Wheat seed,Dornogovi,2022-02,
 Wheat seed,Dornogovi,2022-01,
 Wheat seed,Dornogovi,2021-12,
 Wheat seed,Dornogovi,2021-11,
 Wheat seed,Dornogovi,2021-10,
 Wheat seed,Dornogovi,2021-09,
 Wheat seed,Dornogovi,2021-08,
 Wheat seed,Dornogovi,2021-07,
 Wheat seed,Dornogovi,2021-06,
 Wheat seed,Dornogovi,2021-05,
 Wheat seed,Dornogovi,2021-04,
 Wheat seed,Dornogovi,2021-03,
 Wheat seed,Dornogovi,2021-02,
 Wheat seed,Dornogovi,2021-01,
 Wheat seed,Dornogovi,2020-12,
 Wheat seed,Dornogovi,2020-11,
 Wheat seed,Dornogovi,2020-10,
 Wheat seed,Dornogovi,2020-09,
 Wheat seed,Dornogovi,2020-08,
 Wheat seed,Dornogovi,2020-07,
 Wheat seed,Dornogovi,2020-06,
 Wheat seed,Dornogovi,2020-05,
 Wheat seed,Dornogovi,2020-04,
 Wheat seed,Dornogovi,2020-03,
 Wheat seed,Dornogovi,2020-02,
 Wheat seed,Dornogovi,2020-01,
 Wheat seed,Dornogovi,2019-12,
 Wheat seed,Dornogovi,2019-11,
 Wheat seed,Dornogovi,2019-10,
 Wheat seed,Dornogovi,2019-09,
 Wheat seed,Dornogovi,2019-08,
 Wheat seed,Dornogovi,2019-07,
 Wheat seed,Dornogovi,2019-06,
 Wheat seed,Dornogovi,2019-05,
 Wheat seed,Dornogovi,2019-04,
 Wheat seed,Dornogovi,2019-03,
 Wheat seed,Dornogovi,2019-02,
 Wheat seed,Dornogovi,2019-01,
 Wheat seed,Dornogovi,2018-12,
 Wheat seed,Dundgovi,2025-12,
 Wheat seed,Dundgovi,2025-11,
 Wheat seed,Dundgovi,2025-10,
 Wheat seed,Dundgovi,2025-09,1100000.0
 Wheat seed,Dundgovi,2025-08,1100000.0
 Wheat seed,Dundgovi,2025-07,
 Wheat seed,Dundgovi,2025-06,
 Wheat seed,Dundgovi,2025-05,
 Wheat seed,Dundgovi,2025-04,1050000.0
 Wheat seed,Dundgovi,2025-03,
 Wheat seed,Dundgovi,2025-02,
 Wheat seed,Dundgovi,2025-01,
 Wheat seed,Dundgovi,2024-12,
 Wheat seed,Dundgovi,2024-11,
 Wheat seed,Dundgovi,2024-10,
 Wheat seed,Dundgovi,2024-09,
 Wheat seed,Dundgovi,2024-08,
 Wheat seed,Dundgovi,2024-07,
 Wheat seed,Dundgovi,2024-06,
 Wheat seed,Dundgovi,2024-05,
 Wheat seed,Dundgovi,2024-04,
 Wheat seed,Dundgovi,2024-03,
 Wheat seed,Dundgovi,2024-02,
 Wheat seed,Dundgovi,2024-01,
 Wheat seed,Dundgovi,2023-12,
 Wheat seed,Dundgovi,2023-11,
 Wheat seed,Dundgovi,2023-10,
 Wheat seed,Dundgovi,2023-09,
 Wheat seed,Dundgovi,2023-08,
 Wheat seed,Dundgovi,2023-07,
 Wheat seed,Dundgovi,2023-06,
 Wheat seed,Dundgovi,2023-05,
 Wheat seed,Dundgovi,2023-04,
 Wheat seed,Dundgovi,2023-03,
 Wheat seed,Dundgovi,2023-02,
 Wheat seed,Dundgovi,2023-01,
 Wheat seed,Dundgovi,2022-12,
 Wheat seed,Dundgovi,2022-11,
 Wheat seed,Dundgovi,2022-10,
 Wheat seed,Dundgovi,2022-09,
 Wheat seed,Dundgovi,2022-08,
 Wheat seed,Dundgovi,2022-07,
 Wheat seed,Dundgovi,2022-06,
 Wheat seed,Dundgovi,2022-05,
 Wheat seed,Dundgovi,2022-04,
 Wheat seed,Dundgovi,2022-03,
 Wheat seed,Dundgovi,2022-02,
 Wheat seed,Dundgovi,2022-01,
 Wheat seed,Dundgovi,2021-12,
 Wheat seed,Dundgovi,2021-11,
 Wheat seed,Dundgovi,2021-10,
 Wheat seed,Dundgovi,2021-09,
 Wheat seed,Dundgovi,2021-08,
 Wheat seed,Dundgovi,2021-07,
 Wheat seed,Dundgovi,2021-06,
 Wheat seed,Dundgovi,2021-05,
 Wheat seed,Dundgovi,2021-04,
 Wheat seed,Dundgovi,2021-03,
 Wheat seed,Dundgovi,2021-02,
 Wheat seed,Dundgovi,2021-01,
 Wheat seed,Dundgovi,2020-12,
 Wheat seed,Dundgovi,2020-11,
 Wheat seed,Dundgovi,2020-10,
 Wheat seed,Dundgovi,2020-09,
 Wheat seed,Dundgovi,2020-08,
 Wheat seed,Dundgovi,2020-07,
 Wheat seed,Dundgovi,2020-06,
 Wheat seed,Dundgovi,2020-05,
 Wheat seed,Dundgovi,2020-04,
 Wheat seed,Dundgovi,2020-03,
 Wheat seed,Dundgovi,2020-02,
 Wheat seed,Dundgovi,2020-01,
 Wheat seed,Dundgovi,2019-12,
 Wheat seed,Dundgovi,2019-11,
 Wheat seed,Dundgovi,2019-10,
 Wheat seed,Dundgovi,2019-09,
 Wheat seed,Dundgovi,2019-08,
 Wheat seed,Dundgovi,2019-07,
 Wheat seed,Dundgovi,2019-06,
 Wheat seed,Dundgovi,2019-05,
 Wheat seed,Dundgovi,2019-04,
 Wheat seed,Dundgovi,2019-03,
 Wheat seed,Dundgovi,2019-02,
 Wheat seed,Dundgovi,2019-01,
 Wheat seed,Dundgovi,2018-12,
 Wheat seed,Umnugovi,2025-12,
 Wheat seed,Umnugovi,2025-11,
 Wheat seed,Umnugovi,2025-10,
 Wheat seed,Umnugovi,2025-09,1233333.0
 Wheat seed,Umnugovi,2025-08,1250000.0
 Wheat seed,Umnugovi,2025-07,1250000.0
 Wheat seed,Umnugovi,2025-06,1250000.0
 Wheat seed,Umnugovi,2025-05,
 Wheat seed,Umnugovi,2025-04,1500000.0
 Wheat seed,Umnugovi,2025-03,
 Wheat seed,Umnugovi,2025-02,
 Wheat seed,Umnugovi,2025-01,
 Wheat seed,Umnugovi,2024-12,
 Wheat seed,Umnugovi,2024-11,
 Wheat seed,Umnugovi,2024-10,
 Wheat seed,Umnugovi,2024-09,
 Wheat seed,Umnugovi,2024-08,
 Wheat seed,Umnugovi,2024-07,
 Wheat seed,Umnugovi,2024-06,
 Wheat seed,Umnugovi,2024-05,
 Wheat seed,Umnugovi,2024-04,
 Wheat seed,Umnugovi,2024-03,
 Wheat seed,Umnugovi,2024-02,
 Wheat seed,Umnugovi,2024-01,
 Wheat seed,Umnugovi,2023-12,
 Wheat seed,Umnugovi,2023-11,
 Wheat seed,Umnugovi,2023-10,
 Wheat seed,Umnugovi,2023-09,
 Wheat seed,Umnugovi,2023-08,
 Wheat seed,Umnugovi,2023-07,
 Wheat seed,Umnugovi,2023-06,
 Wheat seed,Umnugovi,2023-05,
 Wheat seed,Umnugovi,2023-04,
 Wheat seed,Umnugovi,2023-03,
 Wheat seed,Umnugovi,2023-02,
 Wheat seed,Umnugovi,2023-01,
 Wheat seed,Umnugovi,2022-12,
 Wheat seed,Umnugovi,2022-11,
 Wheat seed,Umnugovi,2022-10,
 Wheat seed,Umnugovi,2022-09,
 Wheat seed,Umnugovi,2022-08,
 Wheat seed,Umnugovi,2022-07,
 Wheat seed,Umnugovi,2022-06,
 Wheat seed,Umnugovi,2022-05,
 Wheat seed,Umnugovi,2022-04,
 Wheat seed,Umnugovi,2022-03,
 Wheat seed,Umnugovi,2022-02,
 Wheat seed,Umnugovi,2022-01,
 Wheat seed,Umnugovi,2021-12,
 Wheat seed,Umnugovi,2021-11,
 Wheat seed,Umnugovi,2021-10,
 Wheat seed,Umnugovi,2021-09,
 Wheat seed,Umnugovi,2021-08,
 Wheat seed,Umnugovi,2021-07,
 Wheat seed,Umnugovi,2021-06,
 Wheat seed,Umnugovi,2021-05,
 Wheat seed,Umnugovi,2021-04,
 Wheat seed,Umnugovi,2021-03,
 Wheat seed,Umnugovi,2021-02,
 Wheat seed,Umnugovi,2021-01,
 Wheat seed,Umnugovi,2020-12,
 Wheat seed,Umnugovi,2020-11,
 Wheat seed,Umnugovi,2020-10,
 Wheat seed,Umnugovi,2020-09,
 Wheat seed,Umnugovi,2020-08,
 Wheat seed,Umnugovi,2020-07,
 Wheat seed,Umnugovi,2020-06,
 Wheat seed,Umnugovi,2020-05,
 Wheat seed,Umnugovi,2020-04,
 Wheat seed,Umnugovi,2020-03,
 Wheat seed,Umnugovi,2020-02,
 Wheat seed,Umnugovi,2020-01,
 Wheat seed,Umnugovi,2019-12,
 Wheat seed,Umnugovi,2019-11,
 Wheat seed,Umnugovi,2019-10,
 Wheat seed,Umnugovi,2019-09,
 Wheat seed,Umnugovi,2019-08,
 Wheat seed,Umnugovi,2019-07,
 Wheat seed,Umnugovi,2019-06,
 Wheat seed,Umnugovi,2019-05,
 Wheat seed,Umnugovi,2019-04,
 Wheat seed,Umnugovi,2019-03,
 Wheat seed,Umnugovi,2019-02,
 Wheat seed,Umnugovi,2019-01,
 Wheat seed,Umnugovi,2018-12,
 Wheat seed,Selenge,2025-12,1150000.0
 Wheat seed,Selenge,2025-11,1066667.0
 Wheat seed,Selenge,2025-10,
 Wheat seed,Selenge,2025-09,
 Wheat seed,Selenge,2025-08,
 Wheat seed,Selenge,2025-07,
 Wheat seed,Selenge,2025-06,
 Wheat seed,Selenge,2025-05,1200000.0
 Wheat seed,Selenge,2025-04,
 Wheat seed,Selenge,2025-03,
 Wheat seed,Selenge,2025-02,
 Wheat seed,Selenge,2025-01,
 Wheat seed,Selenge,2024-12,950000.0
 Wheat seed,Selenge,2024-11,950000.0
 Wheat seed,Selenge,2024-10,
 Wheat seed,Selenge,2024-09,966667.0
 Wheat seed,Selenge,2024-08,950000.0
 Wheat seed,Selenge,2024-07,950000.0
 Wheat seed,Selenge,2024-06,950000.0
 Wheat seed,Selenge,2024-05,950000.0
 Wheat seed,Selenge,2024-04,950000.0
 Wheat seed,Selenge,2024-03,1000000.0
 Wheat seed,Selenge,2024-02,1400000.0
 Wheat seed,Selenge,2024-01,1500000.0
 Wheat seed,Selenge,2023-12,1300000.0
 Wheat seed,Selenge,2023-11,1112500.0
 Wheat seed,Selenge,2023-10,1020000.0
 Wheat seed,Selenge,2023-09,925000.0
 Wheat seed,Selenge,2023-08,
 Wheat seed,Selenge,2023-07,950000.0
 Wheat seed,Selenge,2023-06,875000.0
 Wheat seed,Selenge,2023-05,916667.0
 Wheat seed,Selenge,2023-04,875000.0
 Wheat seed,Selenge,2023-03,866667.0
 Wheat seed,Selenge,2023-02,866667.0
 Wheat seed,Selenge,2023-01,875000.0
 Wheat seed,Selenge,2022-12,925000.0
 Wheat seed,Selenge,2022-11,950000.0
 Wheat seed,Selenge,2022-10,970000.0
 Wheat seed,Selenge,2022-09,1100000.0
 Wheat seed,Selenge,2022-08,
 Wheat seed,Selenge,2022-07,
 Wheat seed,Selenge,2022-06,1036667.0
 Wheat seed,Selenge,2022-05,1125000.0
 Wheat seed,Selenge,2022-04,983333.0
 Wheat seed,Selenge,2022-03,
 Wheat seed,Selenge,2022-02,
 Wheat seed,Selenge,2022-01,1200000.0
 Wheat seed,Selenge,2021-12,800000.0
 Wheat seed,Selenge,2021-11,750000.0
 Wheat seed,Selenge,2021-10,700000.0
 Wheat seed,Selenge,2021-09,683000.0
 Wheat seed,Selenge,2021-08,700000.0
 Wheat seed,Selenge,2021-07,
 Wheat seed,Selenge,2021-06,800000.0
 Wheat seed,Selenge,2021-05,725000.0
 Wheat seed,Selenge,2021-04,1000000.0
 Wheat seed,Selenge,2021-03,700000.0
 Wheat seed,Selenge,2021-02,
 Wheat seed,Selenge,2021-01,
 Wheat seed,Selenge,2020-12,
 Wheat seed,Selenge,2020-11,
 Wheat seed,Selenge,2020-10,683333.0
 Wheat seed,Selenge,2020-09,
 Wheat seed,Selenge,2020-08,
 Wheat seed,Selenge,2020-07,
 Wheat seed,Selenge,2020-06,
 Wheat seed,Selenge,2020-05,842500.0
 Wheat seed,Selenge,2020-04,
 Wheat seed,Selenge,2020-03,
 Wheat seed,Selenge,2020-02,
 Wheat seed,Selenge,2020-01,560000.0
 Wheat seed,Selenge,2019-12,650000.0
 Wheat seed,Selenge,2019-11,700000.0
 Wheat seed,Selenge,2019-10,650000.0
 Wheat seed,Selenge,2019-09,600000.0
 Wheat seed,Selenge,2019-08,
 Wheat seed,Selenge,2019-07,
 Wheat seed,Selenge,2019-06,
 Wheat seed,Selenge,2019-05,800000.0
 Wheat seed,Selenge,2019-04,
 Wheat seed,Selenge,2019-03,
 Wheat seed,Selenge,2019-02,
 Wheat seed,Selenge,2019-01,
 Wheat seed,Selenge,2018-12,560000.0
 Wheat seed,Tuv,2025-12,1500000.0
 Wheat seed,Tuv,2025-11,1500000.0
 Wheat seed,Tuv,2025-10,
 Wheat seed,Tuv,2025-09,
 Wheat seed,Tuv,2025-08,
 Wheat seed,Tuv,2025-07,
 Wheat seed,Tuv,2025-06,
 Wheat seed,Tuv,2025-05,1212500.0
 Wheat seed,Tuv,2025-04,
 Wheat seed,Tuv,2025-03,1250000.0
 Wheat seed,Tuv,2025-02,1050000.0
 Wheat seed,Tuv,2025-01,1050000.0
 Wheat seed,Tuv,2024-12,1000000.0
 Wheat seed,Tuv,2024-11,1050000.0
 Wheat seed,Tuv,2024-10,962500.0
 Wheat seed,Tuv,2024-09,1125000.0
 Wheat seed,Tuv,2024-08,1100000.0
 Wheat seed,Tuv,2024-07,1100000.0
 Wheat seed,Tuv,2024-06,1175000.0
 Wheat seed,Tuv,2024-05,1175000.0
 Wheat seed,Tuv,2024-04,1225000.0
 Wheat seed,Tuv,2024-03,1100000.0
 Wheat seed,Tuv,2024-02,937500.0
 Wheat seed,Tuv,2024-01,1066667.0
 Wheat seed,Tuv,2023-12,1350000.0
 Wheat seed,Tuv,2023-11,1300000.0
 Wheat seed,Tuv,2023-10,1266667.0
 Wheat seed,Tuv,2023-09,1200000.0
 Wheat seed,Tuv,2023-08,1500000.0
 Wheat seed,Tuv,2023-07,1250000.0
 Wheat seed,Tuv,2023-06,1225000.0
 Wheat seed,Tuv,2023-05,1337500.0
 Wheat seed,Tuv,2023-04,1250000.0
 Wheat seed,Tuv,2023-03,1200000.0
 Wheat seed,Tuv,2023-02,1116667.0
 Wheat seed,Tuv,2023-01,1050000.0
 Wheat seed,Tuv,2022-12,1000000.0
 Wheat seed,Tuv,2022-11,1070000.0
 Wheat seed,Tuv,2022-10,1050000.0
 Wheat seed,Tuv,2022-09,1200000.0
 Wheat seed,Tuv,2022-08,1200000.0
 Wheat seed,Tuv,2022-07,1016667.0
 Wheat seed,Tuv,2022-06,1020000.0
 Wheat seed,Tuv,2022-05,1000000.0
 Wheat seed,Tuv,2022-04,1008333.0
 Wheat seed,Tuv,2022-03,791667.0
 Wheat seed,Tuv,2022-02,775000.0
 Wheat seed,Tuv,2022-01,950000.0
 Wheat seed,Tuv,2021-12,837500.0
 Wheat seed,Tuv,2021-11,792000.0
 Wheat seed,Tuv,2021-10,875000.0
 Wheat seed,Tuv,2021-09,1233000.0
 Wheat seed,Tuv,2021-08,1120000.0
 Wheat seed,Tuv,2021-07,1100000.0
 Wheat seed,Tuv,2021-06,1107142.0
 Wheat seed,Tuv,2021-05,935625.0
 Wheat seed,Tuv,2021-04,970000.0
 Wheat seed,Tuv,2021-03,850000.0
 Wheat seed,Tuv,2021-02,830000.0
 Wheat seed,Tuv,2021-01,957500.0
 Wheat seed,Tuv,2020-12,920000.0
 Wheat seed,Tuv,2020-11,912000.0
 Wheat seed,Tuv,2020-10,807500.0
 Wheat seed,Tuv,2020-09,890000.0
 Wheat seed,Tuv,2020-08,890000.0
 Wheat seed,Tuv,2020-07,965000.0
 Wheat seed,Tuv,2020-06,926667.0
 Wheat seed,Tuv,2020-05,816000.0
 Wheat seed,Tuv,2020-04,782000.0
 Wheat seed,Tuv,2020-03,670000.0
 Wheat seed,Tuv,2020-02,666667.0
 Wheat seed,Tuv,2020-01,676667.0
 Wheat seed,Tuv,2019-12,588333.0
 Wheat seed,Tuv,2019-11,516250.0
 Wheat seed,Tuv,2019-10,632500.0
 Wheat seed,Tuv,2019-09,687000.0
 Wheat seed,Tuv,2019-08,
 Wheat seed,Tuv,2019-07,750000.0
 Wheat seed,Tuv,2019-06,765000.0
 Wheat seed,Tuv,2019-05,776000.0
 Wheat seed,Tuv,2019-04,655000.0
 Wheat seed,Tuv,2019-03,604000.0
 Wheat seed,Tuv,2019-02,625000.0
 Wheat seed,Tuv,2019-01,543000.0
 Wheat seed,Tuv,2018-12,602500.0
 Wheat seed,Eastern region,2025-12,
 Wheat seed,Eastern region,2025-11,
 Wheat seed,Eastern region,2025-10,
 Wheat seed,Eastern region,2025-09,
 Wheat seed,Eastern region,2025-08,
 Wheat seed,Eastern region,2025-07,
 Wheat seed,Eastern region,2025-06,
 Wheat seed,Eastern region,2025-05,
 Wheat seed,Eastern region,2025-04,
 Wheat seed,Eastern region,2025-03,
 Wheat seed,Eastern region,2025-02,
 Wheat seed,Eastern region,2025-01,
 Wheat seed,Eastern region,2024-12,
 Wheat seed,Eastern region,2024-11,
 Wheat seed,Eastern region,2024-10,
 Wheat seed,Eastern region,2024-09,
 Wheat seed,Eastern region,2024-08,
 Wheat seed,Eastern region,2024-07,
 Wheat seed,Eastern region,2024-06,
 Wheat seed,Eastern region,2024-05,
 Wheat seed,Eastern region,2024-04,
 Wheat seed,Eastern region,2024-03,
 Wheat seed,Eastern region,2024-02,
 Wheat seed,Eastern region,2024-01,
 Wheat seed,Eastern region,2023-12,
 Wheat seed,Eastern region,2023-11,
 Wheat seed,Eastern region,2023-10,
 Wheat seed,Eastern region,2023-09,
 Wheat seed,Eastern region,2023-08,
 Wheat seed,Eastern region,2023-07,
 Wheat seed,Eastern region,2023-06,
 Wheat seed,Eastern region,2023-05,
 Wheat seed,Eastern region,2023-04,
 Wheat seed,Eastern region,2023-03,
 Wheat seed,Eastern region,2023-02,
 Wheat seed,Eastern region,2023-01,
 Wheat seed,Eastern region,2022-12,
 Wheat seed,Eastern region,2022-11,
 Wheat seed,Eastern region,2022-10,
 Wheat seed,Eastern region,2022-09,
 Wheat seed,Eastern region,2022-08,
 Wheat seed,Eastern region,2022-07,
 Wheat seed,Eastern region,2022-06,
 Wheat seed,Eastern region,2022-05,
 Wheat seed,Eastern region,2022-04,
 Wheat seed,Eastern region,2022-03,
 Wheat seed,Eastern region,2022-02,
 Wheat seed,Eastern region,2022-01,
 Wheat seed,Eastern region,2021-12,
 Wheat seed,Eastern region,2021-11,
 Wheat seed,Eastern region,2021-10,
 Wheat seed,Eastern region,2021-09,
 Wheat seed,Eastern region,2021-08,
 Wheat seed,Eastern region,2021-07,
 Wheat seed,Eastern region,2021-06,
 Wheat seed,Eastern region,2021-05,
 Wheat seed,Eastern region,2021-04,
 Wheat seed,Eastern region,2021-03,
 Wheat seed,Eastern region,2021-02,
 Wheat seed,Eastern region,2021-01,
 Wheat seed,Eastern region,2020-12,
 Wheat seed,Eastern region,2020-11,
 Wheat seed,Eastern region,2020-10,
 Wheat seed,Eastern region,2020-09,
 Wheat seed,Eastern region,2020-08,
 Wheat seed,Eastern region,2020-07,
 Wheat seed,Eastern region,2020-06,
 Wheat seed,Eastern region,2020-05,
 Wheat seed,Eastern region,2020-04,
 Wheat seed,Eastern region,2020-03,
 Wheat seed,Eastern region,2020-02,
 Wheat seed,Eastern region,2020-01,
 Wheat seed,Eastern region,2019-12,
 Wheat seed,Eastern region,2019-11,
 Wheat seed,Eastern region,2019-10,
 Wheat seed,Eastern region,2019-09,
 Wheat seed,Eastern region,2019-08,
 Wheat seed,Eastern region,2019-07,
 Wheat seed,Eastern region,2019-06,
 Wheat seed,Eastern region,2019-05,
 Wheat seed,Eastern region,2019-04,
 Wheat seed,Eastern region,2019-03,
 Wheat seed,Eastern region,2019-02,
 Wheat seed,Eastern region,2019-01,
 Wheat seed,Eastern region,2018-12,
 Wheat seed,Dornod,2025-12,1000000.0
 Wheat seed,Dornod,2025-11,1000000.0
 Wheat seed,Dornod,2025-10,
 Wheat seed,Dornod,2025-09,1000000.0
 Wheat seed,Dornod,2025-08,1000000.0
 Wheat seed,Dornod,2025-07,1000000.0
 Wheat seed,Dornod,2025-06,1000000.0
 Wheat seed,Dornod,2025-05,1000000.0
 Wheat seed,Dornod,2025-04,1000000.0
 Wheat seed,Dornod,2025-03,1000000.0
 Wheat seed,Dornod,2025-02,1000000.0
 Wheat seed,Dornod,2025-01,1000000.0
 Wheat seed,Dornod,2024-12,1000000.0
 Wheat seed,Dornod,2024-11,1000000.0
 Wheat seed,Dornod,2024-10,1000000.0
 Wheat seed,Dornod,2024-09,1000000.0
 Wheat seed,Dornod,2024-08,1000000.0
 Wheat seed,Dornod,2024-07,1100000.0
 Wheat seed,Dornod,2024-06,1100000.0
 Wheat seed,Dornod,2024-05,1100000.0
 Wheat seed,Dornod,2024-04,1100000.0
 Wheat seed,Dornod,2024-03,
 Wheat seed,Dornod,2024-02,1100000.0
 Wheat seed,Dornod,2024-01,1100000.0
 Wheat seed,Dornod,2023-12,1100000.0
 Wheat seed,Dornod,2023-11,1100000.0
 Wheat seed,Dornod,2023-10,1100000.0
 Wheat seed,Dornod,2023-09,1100000.0
 Wheat seed,Dornod,2023-08,1100000.0
 Wheat seed,Dornod,2023-07,1100000.0
 Wheat seed,Dornod,2023-06,1100000.0
 Wheat seed,Dornod,2023-05,1100000.0
 Wheat seed,Dornod,2023-04,1100000.0
 Wheat seed,Dornod,2023-03,1100000.0
 Wheat seed,Dornod,2023-02,1100000.0
 Wheat seed,Dornod,2023-01,1100000.0
 Wheat seed,Dornod,2022-12,1100000.0
 Wheat seed,Dornod,2022-11,1050000.0
 Wheat seed,Dornod,2022-10,1050000.0
 Wheat seed,Dornod,2022-09,1050000.0
 Wheat seed,Dornod,2022-08,900000.0
 Wheat seed,Dornod,2022-07,900000.0
 Wheat seed,Dornod,2022-06,900000.0
 Wheat seed,Dornod,2022-05,900000.0
 Wheat seed,Dornod,2022-04,900000.0
 Wheat seed,Dornod,2022-03,900000.0
 Wheat seed,Dornod,2022-02,900000.0
 Wheat seed,Dornod,2022-01,900000.0
 Wheat seed,Dornod,2021-12,900000.0
 Wheat seed,Dornod,2021-11,
 Wheat seed,Dornod,2021-10,900000.0
 Wheat seed,Dornod,2021-09,900000.0
 Wheat seed,Dornod,2021-08,900000.0
 Wheat seed,Dornod,2021-07,900000.0
 Wheat seed,Dornod,2021-06,900000.0
 Wheat seed,Dornod,2021-05,900000.0
 Wheat seed,Dornod,2021-04,900000.0
 Wheat seed,Dornod,2021-03,900000.0
 Wheat seed,Dornod,2021-02,900000.0
 Wheat seed,Dornod,2021-01,900000.0
 Wheat seed,Dornod,2020-12,900000.0
 Wheat seed,Dornod,2020-11,
 Wheat seed,Dornod,2020-10,950000.0
 Wheat seed,Dornod,2020-09,950000.0
 Wheat seed,Dornod,2020-08,950000.0
 Wheat seed,Dornod,2020-07,950000.0
 Wheat seed,Dornod,2020-06,950000.0
 Wheat seed,Dornod,2020-05,950000.0
 Wheat seed,Dornod,2020-04,950000.0
 Wheat seed,Dornod,2020-03,500000.0
 Wheat seed,Dornod,2020-02,500000.0
 Wheat seed,Dornod,2020-01,500000.0
 Wheat seed,Dornod,2019-12,
 Wheat seed,Dornod,2019-11,
 Wheat seed,Dornod,2019-10,
 Wheat seed,Dornod,2019-09,
 Wheat seed,Dornod,2019-08,
 Wheat seed,Dornod,2019-07,
 Wheat seed,Dornod,2019-06,
 Wheat seed,Dornod,2019-05,
 Wheat seed,Dornod,2019-04,
 Wheat seed,Dornod,2019-03,
 Wheat seed,Dornod,2019-02,
 Wheat seed,Dornod,2019-01,550000.0
 Wheat seed,Dornod,2018-12,500000.0
 Wheat seed,Sukhbaatar,2025-12,
 Wheat seed,Sukhbaatar,2025-11,
 Wheat seed,Sukhbaatar,2025-10,
 Wheat seed,Sukhbaatar,2025-09,
 Wheat seed,Sukhbaatar,2025-08,
 Wheat seed,Sukhbaatar,2025-07,
 Wheat seed,Sukhbaatar,2025-06,
 Wheat seed,Sukhbaatar,2025-05,
 Wheat seed,Sukhbaatar,2025-04,
 Wheat seed,Sukhbaatar,2025-03,
 Wheat seed,Sukhbaatar,2025-02,
 Wheat seed,Sukhbaatar,2025-01,
 Wheat seed,Sukhbaatar,2024-12,
 Wheat seed,Sukhbaatar,2024-11,
 Wheat seed,Sukhbaatar,2024-10,
 Wheat seed,Sukhbaatar,2024-09,
 Wheat seed,Sukhbaatar,2024-08,
 Wheat seed,Sukhbaatar,2024-07,
 Wheat seed,Sukhbaatar,2024-06,
 Wheat seed,Sukhbaatar,2024-05,
 Wheat seed,Sukhbaatar,2024-04,
 Wheat seed,Sukhbaatar,2024-03,
 Wheat seed,Sukhbaatar,2024-02,
 Wheat seed,Sukhbaatar,2024-01,
 Wheat seed,Sukhbaatar,2023-12,
 Wheat seed,Sukhbaatar,2023-11,
 Wheat seed,Sukhbaatar,2023-10,
 Wheat seed,Sukhbaatar,2023-09,
 Wheat seed,Sukhbaatar,2023-08,
 Wheat seed,Sukhbaatar,2023-07,
 Wheat seed,Sukhbaatar,2023-06,
 Wheat seed,Sukhbaatar,2023-05,
 Wheat seed,Sukhbaatar,2023-04,
 Wheat seed,Sukhbaatar,2023-03,
 Wheat seed,Sukhbaatar,2023-02,
 Wheat seed,Sukhbaatar,2023-01,
 Wheat seed,Sukhbaatar,2022-12,
 Wheat seed,Sukhbaatar,2022-11,
 Wheat seed,Sukhbaatar,2022-10,
 Wheat seed,Sukhbaatar,2022-09,
 Wheat seed,Sukhbaatar,2022-08,
 Wheat seed,Sukhbaatar,2022-07,
 Wheat seed,Sukhbaatar,2022-06,
 Wheat seed,Sukhbaatar,2022-05,
 Wheat seed,Sukhbaatar,2022-04,
 Wheat seed,Sukhbaatar,2022-03,
 Wheat seed,Sukhbaatar,2022-02,
 Wheat seed,Sukhbaatar,2022-01,
 Wheat seed,Sukhbaatar,2021-12,
 Wheat seed,Sukhbaatar,2021-11,
 Wheat seed,Sukhbaatar,2021-10,
 Wheat seed,Sukhbaatar,2021-09,
 Wheat seed,Sukhbaatar,2021-08,
 Wheat seed,Sukhbaatar,2021-07,
 Wheat seed,Sukhbaatar,2021-06,
 Wheat seed,Sukhbaatar,2021-05,
 Wheat seed,Sukhbaatar,2021-04,
 Wheat seed,Sukhbaatar,2021-03,
 Wheat seed,Sukhbaatar,2021-02,
 Wheat seed,Sukhbaatar,2021-01,
 Wheat seed,Sukhbaatar,2020-12,
 Wheat seed,Sukhbaatar,2020-11,
 Wheat seed,Sukhbaatar,2020-10,
 Wheat seed,Sukhbaatar,2020-09,
 Wheat seed,Sukhbaatar,2020-08,
 Wheat seed,Sukhbaatar,2020-07,
 Wheat seed,Sukhbaatar,2020-06,
 Wheat seed,Sukhbaatar,2020-05,
 Wheat seed,Sukhbaatar,2020-04,
 Wheat seed,Sukhbaatar,2020-03,
 Wheat seed,Sukhbaatar,2020-02,
 Wheat seed,Sukhbaatar,2020-01,
 Wheat seed,Sukhbaatar,2019-12,
 Wheat seed,Sukhbaatar,2019-11,
 Wheat seed,Sukhbaatar,2019-10,
 Wheat seed,Sukhbaatar,2019-09,
 Wheat seed,Sukhbaatar,2019-08,
 Wheat seed,Sukhbaatar,2019-07,
 Wheat seed,Sukhbaatar,2019-06,
 Wheat seed,Sukhbaatar,2019-05,
 Wheat seed,Sukhbaatar,2019-04,
 Wheat seed,Sukhbaatar,2019-03,
 Wheat seed,Sukhbaatar,2019-02,
 Wheat seed,Sukhbaatar,2019-01,
 Wheat seed,Sukhbaatar,2018-12,
 Wheat seed,Khentii,2025-12,
 Wheat seed,Khentii,2025-11,
 Wheat seed,Khentii,2025-10,
 Wheat seed,Khentii,2025-09,
 Wheat seed,Khentii,2025-08,
 Wheat seed,Khentii,2025-07,
 Wheat seed,Khentii,2025-06,
 Wheat seed,Khentii,2025-05,
 Wheat seed,Khentii,2025-04,
 Wheat seed,Khentii,2025-03,
 Wheat seed,Khentii,2025-02,
 Wheat seed,Khentii,2025-01,
 Wheat seed,Khentii,2024-12,
 Wheat seed,Khentii,2024-11,
 Wheat seed,Khentii,2024-10,
 Wheat seed,Khentii,2024-09,
 Wheat seed,Khentii,2024-08,
 Wheat seed,Khentii,2024-07,
 Wheat seed,Khentii,2024-06,
 Wheat seed,Khentii,2024-05,
 Wheat seed,Khentii,2024-04,
 Wheat seed,Khentii,2024-03,
 Wheat seed,Khentii,2024-02,
 Wheat seed,Khentii,2024-01,
 Wheat seed,Khentii,2023-12,
 Wheat seed,Khentii,2023-11,
 Wheat seed,Khentii,2023-10,
 Wheat seed,Khentii,2023-09,
 Wheat seed,Khentii,2023-08,
 Wheat seed,Khentii,2023-07,
 Wheat seed,Khentii,2023-06,
 Wheat seed,Khentii,2023-05,
 Wheat seed,Khentii,2023-04,
 Wheat seed,Khentii,2023-03,
 Wheat seed,Khentii,2023-02,
 Wheat seed,Khentii,2023-01,
 Wheat seed,Khentii,2022-12,
 Wheat seed,Khentii,2022-11,
 Wheat seed,Khentii,2022-10,
 Wheat seed,Khentii,2022-09,
 Wheat seed,Khentii,2022-08,
 Wheat seed,Khentii,2022-07,
 Wheat seed,Khentii,2022-06,
 Wheat seed,Khentii,2022-05,
 Wheat seed,Khentii,2022-04,
 Wheat seed,Khentii,2022-03,
 Wheat seed,Khentii,2022-02,
 Wheat seed,Khentii,2022-01,700000.0
 Wheat seed,Khentii,2021-12,
 Wheat seed,Khentii,2021-11,
 Wheat seed,Khentii,2021-10,
 Wheat seed,Khentii,2021-09,
 Wheat seed,Khentii,2021-08,
 Wheat seed,Khentii,2021-07,
 Wheat seed,Khentii,2021-06,
 Wheat seed,Khentii,2021-05,
 Wheat seed,Khentii,2021-04,
 Wheat seed,Khentii,2021-03,660000.0
 Wheat seed,Khentii,2021-02,660000.0
 Wheat seed,Khentii,2021-01,660000.0
 Wheat seed,Khentii,2020-12,
 Wheat seed,Khentii,2020-11,
 Wheat seed,Khentii,2020-10,
 Wheat seed,Khentii,2020-09,
 Wheat seed,Khentii,2020-08,550000.0
 Wheat seed,Khentii,2020-07,550000.0
 Wheat seed,Khentii,2020-06,550000.0
 Wheat seed,Khentii,2020-05,550000.0
 Wheat seed,Khentii,2020-04,550000.0
 Wheat seed,Khentii,2020-03,
 Wheat seed,Khentii,2020-02,
 Wheat seed,Khentii,2020-01,
 Wheat seed,Khentii,2019-12,
 Wheat seed,Khentii,2019-11,
 Wheat seed,Khentii,2019-10,
 Wheat seed,Khentii,2019-09,
 Wheat seed,Khentii,2019-08,
 Wheat seed,Khentii,2019-07,
 Wheat seed,Khentii,2019-06,
 Wheat seed,Khentii,2019-05,
 Wheat seed,Khentii,2019-04,
 Wheat seed,Khentii,2019-03,
 Wheat seed,Khentii,2019-02,
 Wheat seed,Khentii,2019-01,
 Wheat seed,Khentii,2018-12,
 Wheat seed,Ulaanbaatar,2025-12,
 Wheat seed,Ulaanbaatar,2025-11,
 Wheat seed,Ulaanbaatar,2025-10,
 Wheat seed,Ulaanbaatar,2025-09,
 Wheat seed,Ulaanbaatar,2025-08,
 Wheat seed,Ulaanbaatar,2025-07,
 Wheat seed,Ulaanbaatar,2025-06,
 Wheat seed,Ulaanbaatar,2025-05,
 Wheat seed,Ulaanbaatar,2025-04,
 Wheat seed,Ulaanbaatar,2025-03,
 Wheat seed,Ulaanbaatar,2025-02,
 Wheat seed,Ulaanbaatar,2025-01,
 Wheat seed,Ulaanbaatar,2024-12,
 Wheat seed,Ulaanbaatar,2024-11,
 Wheat seed,Ulaanbaatar,2024-10,
 Wheat seed,Ulaanbaatar,2024-09,
 Wheat seed,Ulaanbaatar,2024-08,
 Wheat seed,Ulaanbaatar,2024-07,
 Wheat seed,Ulaanbaatar,2024-06,
 Wheat seed,Ulaanbaatar,2024-05,
 Wheat seed,Ulaanbaatar,2024-04,
 Wheat seed,Ulaanbaatar,2024-03,
 Wheat seed,Ulaanbaatar,2024-02,
 Wheat seed,Ulaanbaatar,2024-01,
 Wheat seed,Ulaanbaatar,2023-12,
 Wheat seed,Ulaanbaatar,2023-11,
 Wheat seed,Ulaanbaatar,2023-10,
 Wheat seed,Ulaanbaatar,2023-09,
 Wheat seed,Ulaanbaatar,2023-08,
 Wheat seed,Ulaanbaatar,2023-07,
 Wheat seed,Ulaanbaatar,2023-06,
 Wheat seed,Ulaanbaatar,2023-05,
 Wheat seed,Ulaanbaatar,2023-04,
 Wheat seed,Ulaanbaatar,2023-03,
 Wheat seed,Ulaanbaatar,2023-02,
 Wheat seed,Ulaanbaatar,2023-01,
 Wheat seed,Ulaanbaatar,2022-12,
 Wheat seed,Ulaanbaatar,2022-11,
 Wheat seed,Ulaanbaatar,2022-10,
 Wheat seed,Ulaanbaatar,2022-09,
 Wheat seed,Ulaanbaatar,2022-08,
 Wheat seed,Ulaanbaatar,2022-07,
 Wheat seed,Ulaanbaatar,2022-06,
 Wheat seed,Ulaanbaatar,2022-05,
 Wheat seed,Ulaanbaatar,2022-04,
 Wheat seed,Ulaanbaatar,2022-03,
 Wheat seed,Ulaanbaatar,2022-02,
 Wheat seed,Ulaanbaatar,2022-01,
 Wheat seed,Ulaanbaatar,2021-12,
 Wheat seed,Ulaanbaatar,2021-11,
 Wheat seed,Ulaanbaatar,2021-10,
 Wheat seed,Ulaanbaatar,2021-09,
 Wheat seed,Ulaanbaatar,2021-08,
 Wheat seed,Ulaanbaatar,2021-07,
 Wheat seed,Ulaanbaatar,2021-06,
 Wheat seed,Ulaanbaatar,2021-05,
 Wheat seed,Ulaanbaatar,2021-04,
 Wheat seed,Ulaanbaatar,2021-03,
 Wheat seed,Ulaanbaatar,2021-02,
 Wheat seed,Ulaanbaatar,2021-01,
 Wheat seed,Ulaanbaatar,2020-12,
 Wheat seed,Ulaanbaatar,2020-11,
 Wheat seed,Ulaanbaatar,2020-10,
 Wheat seed,Ulaanbaatar,2020-09,
 Wheat seed,Ulaanbaatar,2020-08,
 Wheat seed,Ulaanbaatar,2020-07,
 Wheat seed,Ulaanbaatar,2020-06,
 Wheat seed,Ulaanbaatar,2020-05,
 Wheat seed,Ulaanbaatar,2020-04,
 Wheat seed,Ulaanbaatar,2020-03,
 Wheat seed,Ulaanbaatar,2020-02,
 Wheat seed,Ulaanbaatar,2020-01,
 Wheat seed,Ulaanbaatar,2019-12,
 Wheat seed,Ulaanbaatar,2019-11,
 Wheat seed,Ulaanbaatar,2019-10,
 Wheat seed,Ulaanbaatar,2019-09,
 Wheat seed,Ulaanbaatar,2019-08,
 Wheat seed,Ulaanbaatar,2019-07,
 Wheat seed,Ulaanbaatar,2019-06,
 Wheat seed,Ulaanbaatar,2019-05,
 Wheat seed,Ulaanbaatar,2019-04,
 Wheat seed,Ulaanbaatar,2019-03,
 Wheat seed,Ulaanbaatar,2019-02,
 Wheat seed,Ulaanbaatar,2019-01,
 Wheat seed,Ulaanbaatar,2018-12,
 Wheat seed,Ulaanbaatar city,2025-12,
 Wheat seed,Ulaanbaatar city,2025-11,
 Wheat seed,Ulaanbaatar city,2025-10,
 Wheat seed,Ulaanbaatar city,2025-09,
 Wheat seed,Ulaanbaatar city,2025-08,
 Wheat seed,Ulaanbaatar city,2025-07,
 Wheat seed,Ulaanbaatar city,2025-06,
 Wheat seed,Ulaanbaatar city,2025-05,
 Wheat seed,Ulaanbaatar city,2025-04,
 Wheat seed,Ulaanbaatar city,2025-03,
 Wheat seed,Ulaanbaatar city,2025-02,
 Wheat seed,Ulaanbaatar city,2025-01,
 Wheat seed,Ulaanbaatar city,2024-12,
 Wheat seed,Ulaanbaatar city,2024-11,
 Wheat seed,Ulaanbaatar city,2024-10,
 Wheat seed,Ulaanbaatar city,2024-09,
 Wheat seed,Ulaanbaatar city,2024-08,
 Wheat seed,Ulaanbaatar city,2024-07,
 Wheat seed,Ulaanbaatar city,2024-06,
 Wheat seed,Ulaanbaatar city,2024-05,
 Wheat seed,Ulaanbaatar city,2024-04,
 Wheat seed,Ulaanbaatar city,2024-03,
 Wheat seed,Ulaanbaatar city,2024-02,
 Wheat seed,Ulaanbaatar city,2024-01,
 Wheat seed,Ulaanbaatar city,2023-12,
 Wheat seed,Ulaanbaatar city,2023-11,
 Wheat seed,Ulaanbaatar city,2023-10,
 Wheat seed,Ulaanbaatar city,2023-09,
 Wheat seed,Ulaanbaatar city,2023-08,
 Wheat seed,Ulaanbaatar city,2023-07,
 Wheat seed,Ulaanbaatar city,2023-06,
 Wheat seed,Ulaanbaatar city,2023-05,
 Wheat seed,Ulaanbaatar city,2023-04,
 Wheat seed,Ulaanbaatar city,2023-03,
 Wheat seed,Ulaanbaatar city,2023-02,
 Wheat seed,Ulaanbaatar city,2023-01,
 Wheat seed,Ulaanbaatar city,2022-12,
 Wheat seed,Ulaanbaatar city,2022-11,
 Wheat seed,Ulaanbaatar city,2022-10,
 Wheat seed,Ulaanbaatar city,2022-09,
 Wheat seed,Ulaanbaatar city,2022-08,
 Wheat seed,Ulaanbaatar city,2022-07,
 Wheat seed,Ulaanbaatar city,2022-06,
 Wheat seed,Ulaanbaatar city,2022-05,
 Wheat seed,Ulaanbaatar city,2022-04,
 Wheat seed,Ulaanbaatar city,2022-03,
 Wheat seed,Ulaanbaatar city,2022-02,
 Wheat seed,Ulaanbaatar city,2022-01,
 Wheat seed,Ulaanbaatar city,2021-12,
 Wheat seed,Ulaanbaatar city,2021-11,
 Wheat seed,Ulaanbaatar city,2021-10,
 Wheat seed,Ulaanbaatar city,2021-09,
 Wheat seed,Ulaanbaatar city,2021-08,
 Wheat seed,Ulaanbaatar city,2021-07,
 Wheat seed,Ulaanbaatar city,2021-06,
 Wheat seed,Ulaanbaatar city,2021-05,
 Wheat seed,Ulaanbaatar city,2021-04,900000.0
 Wheat seed,Ulaanbaatar city,2021-03,
 Wheat seed,Ulaanbaatar city,2021-02,
 Wheat seed,Ulaanbaatar city,2021-01,
 Wheat seed,Ulaanbaatar city,2020-12,
 Wheat seed,Ulaanbaatar city,2020-11,
 Wheat seed,Ulaanbaatar city,2020-10,
 Wheat seed,Ulaanbaatar city,2020-09,
 Wheat seed,Ulaanbaatar city,2020-08,
 Wheat seed,Ulaanbaatar city,2020-07,
 Wheat seed,Ulaanbaatar city,2020-06,
 Wheat seed,Ulaanbaatar city,2020-05,
 Wheat seed,Ulaanbaatar city,2020-04,
 Wheat seed,Ulaanbaatar city,2020-03,
 Wheat seed,Ulaanbaatar city,2020-02,
 Wheat seed,Ulaanbaatar city,2020-01,
 Wheat seed,Ulaanbaatar city,2019-12,
 Wheat seed,Ulaanbaatar city,2019-11,
 Wheat seed,Ulaanbaatar city,2019-10,
 Wheat seed,Ulaanbaatar city,2019-09,
 Wheat seed,Ulaanbaatar city,2019-08,
 Wheat seed,Ulaanbaatar city,2019-07,
 Wheat seed,Ulaanbaatar city,2019-06,
 Wheat seed,Ulaanbaatar city,2019-05,
 Wheat seed,Ulaanbaatar city,2019-04,
 Wheat seed,Ulaanbaatar city,2019-03,
 Wheat seed,Ulaanbaatar city,2019-02,
 Wheat seed,Ulaanbaatar city,2019-01,
 Wheat seed,Ulaanbaatar city,2018-12,
" Wheat bran, 25kg",Western region,2025-12,
" Wheat bran, 25kg",Western region,2025-11,
" Wheat bran, 25kg",Western region,2025-10,
" Wheat bran, 25kg",Western region,2025-09,
" Wheat bran, 25kg",Western region,2025-08,
" Wheat bran, 25kg",Western region,2025-07,
" Wheat bran, 25kg",Western region,2025-06,
" Wheat bran, 25kg",Western region,2025-05,
" Wheat bran, 25kg",Western region,2025-04,
" Wheat bran, 25kg",Western region,2025-03,
" Wheat bran, 25kg",Western region,2025-02,
" Wheat bran, 25kg",Western region,2025-01,
" Wheat bran, 25kg",Western region,2024-12,
" Wheat bran, 25kg",Western region,2024-11,
" Wheat bran, 25kg",Western region,2024-10,
" Wheat bran, 25kg",Western region,2024-09,
" Wheat bran, 25kg",Western region,2024-08,
" Wheat bran, 25kg",Western region,2024-07,
" Wheat bran, 25kg",Western region,2024-06,
" Wheat bran, 25kg",Western region,2024-05,
" Wheat bran, 25kg",Western region,2024-04,
" Wheat bran, 25kg",Western region,2024-03,
" Wheat bran, 25kg",Western region,2024-02,
" Wheat bran, 25kg",Western region,2024-01,
" Wheat bran, 25kg",Western region,2023-12,
" Wheat bran, 25kg",Western region,2023-11,
" Wheat bran, 25kg",Western region,2023-10,
" Wheat bran, 25kg",Western region,2023-09,
" Wheat bran, 25kg",Western region,2023-08,
" Wheat bran, 25kg",Western region,2023-07,
" Wheat bran, 25kg",Western region,2023-06,
" Wheat bran, 25kg",Western region,2023-05,
" Wheat bran, 25kg",Western region,2023-04,
" Wheat bran, 25kg",Western region,2023-03,
" Wheat bran, 25kg",Western region,2023-02,
" Wheat bran, 25kg",Western region,2023-01,
" Wheat bran, 25kg",Western region,2022-12,
" Wheat bran, 25kg",Western region,2022-11,
" Wheat bran, 25kg",Western region,2022-10,
" Wheat bran, 25kg",Western region,2022-09,
" Wheat bran, 25kg",Western region,2022-08,
" Wheat bran, 25kg",Western region,2022-07,
" Wheat bran, 25kg",Western region,2022-06,
" Wheat bran, 25kg",Western region,2022-05,
" Wheat bran, 25kg",Western region,2022-04,
" Wheat bran, 25kg",Western region,2022-03,
" Wheat bran, 25kg",Western region,2022-02,
" Wheat bran, 25kg",Western region,2022-01,
" Wheat bran, 25kg",Western region,2021-12,
" Wheat bran, 25kg",Western region,2021-11,
" Wheat bran, 25kg",Western region,2021-10,
" Wheat bran, 25kg",Western region,2021-09,
" Wheat bran, 25kg",Western region,2021-08,
" Wheat bran, 25kg",Western region,2021-07,
" Wheat bran, 25kg",Western region,2021-06,
" Wheat bran, 25kg",Western region,2021-05,
" Wheat bran, 25kg",Western region,2021-04,
" Wheat bran, 25kg",Western region,2021-03,
" Wheat bran, 25kg",Western region,2021-02,
" Wheat bran, 25kg",Western region,2021-01,
" Wheat bran, 25kg",Western region,2020-12,
" Wheat bran, 25kg",Western region,2020-11,
" Wheat bran, 25kg",Western region,2020-10,
" Wheat bran, 25kg",Western region,2020-09,
" Wheat bran, 25kg",Western region,2020-08,
" Wheat bran, 25kg",Western region,2020-07,
" Wheat bran, 25kg",Western region,2020-06,
" Wheat bran, 25kg",Western region,2020-05,
" Wheat bran, 25kg",Western region,2020-04,
" Wheat bran, 25kg",Western region,2020-03,
" Wheat bran, 25kg",Western region,2020-02,
" Wheat bran, 25kg",Western region,2020-01,
" Wheat bran, 25kg",Western region,2019-12,
" Wheat bran, 25kg",Western region,2019-11,
" Wheat bran, 25kg",Western region,2019-10,
" Wheat bran, 25kg",Western region,2019-09,
" Wheat bran, 25kg",Western region,2019-08,
" Wheat bran, 25kg",Western region,2019-07,
" Wheat bran, 25kg",Western region,2019-06,
" Wheat bran, 25kg",Western region,2019-05,
" Wheat bran, 25kg",Western region,2019-04,
" Wheat bran, 25kg",Western region,2019-03,
" Wheat bran, 25kg",Western region,2019-02,
" Wheat bran, 25kg",Western region,2019-01,
" Wheat bran, 25kg",Western region,2018-12,
" Wheat bran, 25kg",Bayan-Ulgii,2025-12,22500.0
" Wheat bran, 25kg",Bayan-Ulgii,2025-11,21000.0
" Wheat bran, 25kg",Bayan-Ulgii,2025-10,
" Wheat bran, 25kg",Bayan-Ulgii,2025-09,18000.0
" Wheat bran, 25kg",Bayan-Ulgii,2025-08,17500.0
" Wheat bran, 25kg",Bayan-Ulgii,2025-07,16000.0
" Wheat bran, 25kg",Bayan-Ulgii,2025-06,15000.0
" Wheat bran, 25kg",Bayan-Ulgii,2025-05,16000.0
" Wheat bran, 25kg",Bayan-Ulgii,2025-04,19000.0
" Wheat bran, 25kg",Bayan-Ulgii,2025-03,17500.0
" Wheat bran, 25kg",Bayan-Ulgii,2025-02,18000.0
" Wheat bran, 25kg",Bayan-Ulgii,2025-01,19000.0
" Wheat bran, 25kg",Bayan-Ulgii,2024-12,18000.0
" Wheat bran, 25kg",Bayan-Ulgii,2024-11,18000.0
" Wheat bran, 25kg",Bayan-Ulgii,2024-10,20000.0
" Wheat bran, 25kg",Bayan-Ulgii,2024-09,18000.0
" Wheat bran, 25kg",Bayan-Ulgii,2024-08,20000.0
" Wheat bran, 25kg",Bayan-Ulgii,2024-07,18000.0
" Wheat bran, 25kg",Bayan-Ulgii,2024-06,18000.0
" Wheat bran, 25kg",Bayan-Ulgii,2024-05,18000.0
" Wheat bran, 25kg",Bayan-Ulgii,2024-04,16500.0
" Wheat bran, 25kg",Bayan-Ulgii,2024-03,18000.0
" Wheat bran, 25kg",Bayan-Ulgii,2024-02,20000.0
" Wheat bran, 25kg",Bayan-Ulgii,2024-01,20000.0
" Wheat bran, 25kg",Bayan-Ulgii,2023-12,20000.0
" Wheat bran, 25kg",Bayan-Ulgii,2023-11,22500.0
" Wheat bran, 25kg",Bayan-Ulgii,2023-10,20000.0
" Wheat bran, 25kg",Bayan-Ulgii,2023-09,20000.0
" Wheat bran, 25kg",Bayan-Ulgii,2023-08,22000.0
" Wheat bran, 25kg",Bayan-Ulgii,2023-07,25000.0
" Wheat bran, 25kg",Bayan-Ulgii,2023-06,30000.0
" Wheat bran, 25kg",Bayan-Ulgii,2023-05,30000.0
" Wheat bran, 25kg",Bayan-Ulgii,2023-04,30000.0
" Wheat bran, 25kg",Bayan-Ulgii,2023-03,22000.0
" Wheat bran, 25kg",Bayan-Ulgii,2023-02,20000.0
" Wheat bran, 25kg",Bayan-Ulgii,2023-01,20500.0
" Wheat bran, 25kg",Bayan-Ulgii,2022-12,21000.0
" Wheat bran, 25kg",Bayan-Ulgii,2022-11,20000.0
" Wheat bran, 25kg",Bayan-Ulgii,2022-10,19000.0
" Wheat bran, 25kg",Bayan-Ulgii,2022-09,19000.0
" Wheat bran, 25kg",Bayan-Ulgii,2022-08,24000.0
" Wheat bran, 25kg",Bayan-Ulgii,2022-07,21500.0
" Wheat bran, 25kg",Bayan-Ulgii,2022-06,21500.0
" Wheat bran, 25kg",Bayan-Ulgii,2022-05,25750.0
" Wheat bran, 25kg",Bayan-Ulgii,2022-04,22667.0
" Wheat bran, 25kg",Bayan-Ulgii,2022-03,21500.0
" Wheat bran, 25kg",Bayan-Ulgii,2022-02,20500.0
" Wheat bran, 25kg",Bayan-Ulgii,2022-01,20000.0
" Wheat bran, 25kg",Bayan-Ulgii,2021-12,20000.0
" Wheat bran, 25kg",Bayan-Ulgii,2021-11,23000.0
" Wheat bran, 25kg",Bayan-Ulgii,2021-10,23000.0
" Wheat bran, 25kg",Bayan-Ulgii,2021-09,26500.0
" Wheat bran, 25kg",Bayan-Ulgii,2021-08,23000.0
" Wheat bran, 25kg",Bayan-Ulgii,2021-07,23000.0
" Wheat bran, 25kg",Bayan-Ulgii,2021-06,
" Wheat bran, 25kg",Bayan-Ulgii,2021-05,23000.0
" Wheat bran, 25kg",Bayan-Ulgii,2021-04,25000.0
" Wheat bran, 25kg",Bayan-Ulgii,2021-03,26000.0
" Wheat bran, 25kg",Bayan-Ulgii,2021-02,21000.0
" Wheat bran, 25kg",Bayan-Ulgii,2021-01,25000.0
" Wheat bran, 25kg",Bayan-Ulgii,2020-12,25000.0
" Wheat bran, 25kg",Bayan-Ulgii,2020-11,23000.0
" Wheat bran, 25kg",Bayan-Ulgii,2020-10,18000.0
" Wheat bran, 25kg",Bayan-Ulgii,2020-09,16000.0
" Wheat bran, 25kg",Bayan-Ulgii,2020-08,15500.0
" Wheat bran, 25kg",Bayan-Ulgii,2020-07,15500.0
" Wheat bran, 25kg",Bayan-Ulgii,2020-06,15500.0
" Wheat bran, 25kg",Bayan-Ulgii,2020-05,15500.0
" Wheat bran, 25kg",Bayan-Ulgii,2020-04,15000.0
" Wheat bran, 25kg",Bayan-Ulgii,2020-03,15000.0
" Wheat bran, 25kg",Bayan-Ulgii,2020-02,15000.0
" Wheat bran, 25kg",Bayan-Ulgii,2020-01,15000.0
" Wheat bran, 25kg",Bayan-Ulgii,2019-12,
" Wheat bran, 25kg",Bayan-Ulgii,2019-11,
" Wheat bran, 25kg",Bayan-Ulgii,2019-10,
" Wheat bran, 25kg",Bayan-Ulgii,2019-09,
" Wheat bran, 25kg",Bayan-Ulgii,2019-08,
" Wheat bran, 25kg",Bayan-Ulgii,2019-07,
" Wheat bran, 25kg",Bayan-Ulgii,2019-06,
" Wheat bran, 25kg",Bayan-Ulgii,2019-05,
" Wheat bran, 25kg",Bayan-Ulgii,2019-04,
" Wheat bran, 25kg",Bayan-Ulgii,2019-03,
" Wheat bran, 25kg",Bayan-Ulgii,2019-02,
" Wheat bran, 25kg",Bayan-Ulgii,2019-01,
" Wheat bran, 25kg",Bayan-Ulgii,2018-12,
" Wheat bran, 25kg",Govi-Altai,2025-12,28500.0
" Wheat bran, 25kg",Govi-Altai,2025-11,24500.0
" Wheat bran, 25kg",Govi-Altai,2025-10,
" Wheat bran, 25kg",Govi-Altai,2025-09,22000.0
" Wheat bran, 25kg",Govi-Altai,2025-08,
" Wheat bran, 25kg",Govi-Altai,2025-07,
" Wheat bran, 25kg",Govi-Altai,2025-06,25167.0
" Wheat bran, 25kg",Govi-Altai,2025-05,24667.0
" Wheat bran, 25kg",Govi-Altai,2025-04,26000.0
" Wheat bran, 25kg",Govi-Altai,2025-03,24000.0
" Wheat bran, 25kg",Govi-Altai,2025-02,18000.0
" Wheat bran, 25kg",Govi-Altai,2025-01,24417.0
" Wheat bran, 25kg",Govi-Altai,2024-12,25200.0
" Wheat bran, 25kg",Govi-Altai,2024-11,28000.0
" Wheat bran, 25kg",Govi-Altai,2024-10,28000.0
" Wheat bran, 25kg",Govi-Altai,2024-09,28000.0
" Wheat bran, 25kg",Govi-Altai,2024-08,
" Wheat bran, 25kg",Govi-Altai,2024-07,
" Wheat bran, 25kg",Govi-Altai,2024-06,27000.0
" Wheat bran, 25kg",Govi-Altai,2024-05,30500.0
" Wheat bran, 25kg",Govi-Altai,2024-04,30000.0
" Wheat bran, 25kg",Govi-Altai,2024-03,30143.0
" Wheat bran, 25kg",Govi-Altai,2024-02,31625.0
" Wheat bran, 25kg",Govi-Altai,2024-01,28625.0
" Wheat bran, 25kg",Govi-Altai,2023-12,28857.0
" Wheat bran, 25kg",Govi-Altai,2023-11,29250.0
" Wheat bran, 25kg",Govi-Altai,2023-10,27200.0
" Wheat bran, 25kg",Govi-Altai,2023-09,26000.0
" Wheat bran, 25kg",Govi-Altai,2023-08,23500.0
" Wheat bran, 25kg",Govi-Altai,2023-07,25000.0
" Wheat bran, 25kg",Govi-Altai,2023-06,31000.0
" Wheat bran, 25kg",Govi-Altai,2023-05,25500.0
" Wheat bran, 25kg",Govi-Altai,2023-04,25643.0
" Wheat bran, 25kg",Govi-Altai,2023-03,22500.0
" Wheat bran, 25kg",Govi-Altai,2023-02,24429.0
" Wheat bran, 25kg",Govi-Altai,2023-01,22400.0
" Wheat bran, 25kg",Govi-Altai,2022-12,22400.0
" Wheat bran, 25kg",Govi-Altai,2022-11,23250.0
" Wheat bran, 25kg",Govi-Altai,2022-10,21000.0
" Wheat bran, 25kg",Govi-Altai,2022-09,22167.0
" Wheat bran, 25kg",Govi-Altai,2022-08,19250.0
" Wheat bran, 25kg",Govi-Altai,2022-07,21625.0
" Wheat bran, 25kg",Govi-Altai,2022-06,21600.0
" Wheat bran, 25kg",Govi-Altai,2022-05,19500.0
" Wheat bran, 25kg",Govi-Altai,2022-04,21000.0
" Wheat bran, 25kg",Govi-Altai,2022-03,22875.0
" Wheat bran, 25kg",Govi-Altai,2022-02,20500.0
" Wheat bran, 25kg",Govi-Altai,2022-01,21000.0
" Wheat bran, 25kg",Govi-Altai,2021-12,20500.0
" Wheat bran, 25kg",Govi-Altai,2021-11,23333.0
" Wheat bran, 25kg",Govi-Altai,2021-10,18333.0
" Wheat bran, 25kg",Govi-Altai,2021-09,15000.0
" Wheat bran, 25kg",Govi-Altai,2021-08,17000.0
" Wheat bran, 25kg",Govi-Altai,2021-07,22500.0
" Wheat bran, 25kg",Govi-Altai,2021-06,
" Wheat bran, 25kg",Govi-Altai,2021-05,21500.0
" Wheat bran, 25kg",Govi-Altai,2021-04,24167.0
" Wheat bran, 25kg",Govi-Altai,2021-03,24400.0
" Wheat bran, 25kg",Govi-Altai,2021-02,25000.0
" Wheat bran, 25kg",Govi-Altai,2021-01,24667.0
" Wheat bran, 25kg",Govi-Altai,2020-12,23750.0
" Wheat bran, 25kg",Govi-Altai,2020-11,22750.0
" Wheat bran, 25kg",Govi-Altai,2020-10,17333.0
" Wheat bran, 25kg",Govi-Altai,2020-09,16500.0
" Wheat bran, 25kg",Govi-Altai,2020-08,16000.0
" Wheat bran, 25kg",Govi-Altai,2020-07,15667.0
" Wheat bran, 25kg",Govi-Altai,2020-06,15750.0
" Wheat bran, 25kg",Govi-Altai,2020-05,15500.0
" Wheat bran, 25kg",Govi-Altai,2020-04,16300.0
" Wheat bran, 25kg",Govi-Altai,2020-03,16250.0
" Wheat bran, 25kg",Govi-Altai,2020-02,17357.0
" Wheat bran, 25kg",Govi-Altai,2020-01,16000.0
" Wheat bran, 25kg",Govi-Altai,2019-12,
" Wheat bran, 25kg",Govi-Altai,2019-11,
" Wheat bran, 25kg",Govi-Altai,2019-10,
" Wheat bran, 25kg",Govi-Altai,2019-09,
" Wheat bran, 25kg",Govi-Altai,2019-08,
" Wheat bran, 25kg",Govi-Altai,2019-07,
" Wheat bran, 25kg",Govi-Altai,2019-06,
" Wheat bran, 25kg",Govi-Altai,2019-05,
" Wheat bran, 25kg",Govi-Altai,2019-04,
" Wheat bran, 25kg",Govi-Altai,2019-03,
" Wheat bran, 25kg",Govi-Altai,2019-02,
" Wheat bran, 25kg",Govi-Altai,2019-01,
" Wheat bran, 25kg",Govi-Altai,2018-12,
" Wheat bran, 25kg",Zavkhan,2025-12,24625.0
" Wheat bran, 25kg",Zavkhan,2025-11,22889.0
" Wheat bran, 25kg",Zavkhan,2025-10,
" Wheat bran, 25kg",Zavkhan,2025-09,22500.0
" Wheat bran, 25kg",Zavkhan,2025-08,20000.0
" Wheat bran, 25kg",Zavkhan,2025-07,
" Wheat bran, 25kg",Zavkhan,2025-06,18000.0
" Wheat bran, 25kg",Zavkhan,2025-05,25000.0
" Wheat bran, 25kg",Zavkhan,2025-04,22500.0
" Wheat bran, 25kg",Zavkhan,2025-03,20471.0
" Wheat bran, 25kg",Zavkhan,2025-02,20675.0
" Wheat bran, 25kg",Zavkhan,2025-01,20500.0
" Wheat bran, 25kg",Zavkhan,2024-12,19900.0
" Wheat bran, 25kg",Zavkhan,2024-11,20250.0
" Wheat bran, 25kg",Zavkhan,2024-10,19000.0
" Wheat bran, 25kg",Zavkhan,2024-09,17000.0
" Wheat bran, 25kg",Zavkhan,2024-08,
" Wheat bran, 25kg",Zavkhan,2024-07,
" Wheat bran, 25kg",Zavkhan,2024-06,
" Wheat bran, 25kg",Zavkhan,2024-05,25000.0
" Wheat bran, 25kg",Zavkhan,2024-04,23900.0
" Wheat bran, 25kg",Zavkhan,2024-03,25536.0
" Wheat bran, 25kg",Zavkhan,2024-02,28056.0
" Wheat bran, 25kg",Zavkhan,2024-01,28209.0
" Wheat bran, 25kg",Zavkhan,2023-12,24813.0
" Wheat bran, 25kg",Zavkhan,2023-11,25222.0
" Wheat bran, 25kg",Zavkhan,2023-10,21000.0
" Wheat bran, 25kg",Zavkhan,2023-09,
" Wheat bran, 25kg",Zavkhan,2023-08,20000.0
" Wheat bran, 25kg",Zavkhan,2023-07,25100.0
" Wheat bran, 25kg",Zavkhan,2023-06,25100.0
" Wheat bran, 25kg",Zavkhan,2023-05,26029.0
" Wheat bran, 25kg",Zavkhan,2023-04,25667.0
" Wheat bran, 25kg",Zavkhan,2023-03,23692.0
" Wheat bran, 25kg",Zavkhan,2023-02,23682.0
" Wheat bran, 25kg",Zavkhan,2023-01,22900.0
" Wheat bran, 25kg",Zavkhan,2022-12,22150.0
" Wheat bran, 25kg",Zavkhan,2022-11,21800.0
" Wheat bran, 25kg",Zavkhan,2022-10,21625.0
" Wheat bran, 25kg",Zavkhan,2022-09,22250.0
" Wheat bran, 25kg",Zavkhan,2022-08,22750.0
" Wheat bran, 25kg",Zavkhan,2022-07,24500.0
" Wheat bran, 25kg",Zavkhan,2022-06,24500.0
" Wheat bran, 25kg",Zavkhan,2022-05,24750.0
" Wheat bran, 25kg",Zavkhan,2022-04,21400.0
" Wheat bran, 25kg",Zavkhan,2022-03,21750.0
" Wheat bran, 25kg",Zavkhan,2022-02,22917.0
" Wheat bran, 25kg",Zavkhan,2022-01,21400.0
" Wheat bran, 25kg",Zavkhan,2021-12,22750.0
" Wheat bran, 25kg",Zavkhan,2021-11,22600.0
" Wheat bran, 25kg",Zavkhan,2021-10,20000.0
" Wheat bran, 25kg",Zavkhan,2021-09,22000.0
" Wheat bran, 25kg",Zavkhan,2021-08,22000.0
" Wheat bran, 25kg",Zavkhan,2021-07,22000.0
" Wheat bran, 25kg",Zavkhan,2021-06,
" Wheat bran, 25kg",Zavkhan,2021-05,24000.0
" Wheat bran, 25kg",Zavkhan,2021-04,22429.0
" Wheat bran, 25kg",Zavkhan,2021-03,24125.0
" Wheat bran, 25kg",Zavkhan,2021-02,21958.0
" Wheat bran, 25kg",Zavkhan,2021-01,22075.0
" Wheat bran, 25kg",Zavkhan,2020-12,23344.0
" Wheat bran, 25kg",Zavkhan,2020-11,20292.0
" Wheat bran, 25kg",Zavkhan,2020-10,13000.0
" Wheat bran, 25kg",Zavkhan,2020-09,
" Wheat bran, 25kg",Zavkhan,2020-08,
" Wheat bran, 25kg",Zavkhan,2020-07,14000.0
" Wheat bran, 25kg",Zavkhan,2020-06,
" Wheat bran, 25kg",Zavkhan,2020-05,16333.0
" Wheat bran, 25kg",Zavkhan,2020-04,16480.0
" Wheat bran, 25kg",Zavkhan,2020-03,14814.0
" Wheat bran, 25kg",Zavkhan,2020-02,14656.0
" Wheat bran, 25kg",Zavkhan,2020-01,15100.0
" Wheat bran, 25kg",Zavkhan,2019-12,
" Wheat bran, 25kg",Zavkhan,2019-11,
" Wheat bran, 25kg",Zavkhan,2019-10,
" Wheat bran, 25kg",Zavkhan,2019-09,
" Wheat bran, 25kg",Zavkhan,2019-08,
" Wheat bran, 25kg",Zavkhan,2019-07,
" Wheat bran, 25kg",Zavkhan,2019-06,
" Wheat bran, 25kg",Zavkhan,2019-05,
" Wheat bran, 25kg",Zavkhan,2019-04,
" Wheat bran, 25kg",Zavkhan,2019-03,
" Wheat bran, 25kg",Zavkhan,2019-02,
" Wheat bran, 25kg",Zavkhan,2019-01,
" Wheat bran, 25kg",Zavkhan,2018-12,
" Wheat bran, 25kg",Uvs,2025-12,22333.0
" Wheat bran, 25kg",Uvs,2025-11,21857.0
" Wheat bran, 25kg",Uvs,2025-10,
" Wheat bran, 25kg",Uvs,2025-09,20400.0
" Wheat bran, 25kg",Uvs,2025-08,22000.0
" Wheat bran, 25kg",Uvs,2025-07,19000.0
" Wheat bran, 25kg",Uvs,2025-06,19000.0
" Wheat bran, 25kg",Uvs,2025-05,19000.0
" Wheat bran, 25kg",Uvs,2025-04,21400.0
" Wheat bran, 25kg",Uvs,2025-03,16400.0
" Wheat bran, 25kg",Uvs,2025-02,17400.0
" Wheat bran, 25kg",Uvs,2025-01,19400.0
" Wheat bran, 25kg",Uvs,2024-12,18500.0
" Wheat bran, 25kg",Uvs,2024-11,19333.0
" Wheat bran, 25kg",Uvs,2024-10,19000.0
" Wheat bran, 25kg",Uvs,2024-09,18000.0
" Wheat bran, 25kg",Uvs,2024-08,18000.0
" Wheat bran, 25kg",Uvs,2024-07,19000.0
" Wheat bran, 25kg",Uvs,2024-06,19000.0
" Wheat bran, 25kg",Uvs,2024-05,18500.0
" Wheat bran, 25kg",Uvs,2024-04,19500.0
" Wheat bran, 25kg",Uvs,2024-03,20000.0
" Wheat bran, 25kg",Uvs,2024-02,
" Wheat bran, 25kg",Uvs,2024-01,23286.0
" Wheat bran, 25kg",Uvs,2023-12,23000.0
" Wheat bran, 25kg",Uvs,2023-11,22250.0
" Wheat bran, 25kg",Uvs,2023-10,20500.0
" Wheat bran, 25kg",Uvs,2023-09,19000.0
" Wheat bran, 25kg",Uvs,2023-08,19000.0
" Wheat bran, 25kg",Uvs,2023-07,
" Wheat bran, 25kg",Uvs,2023-06,20000.0
" Wheat bran, 25kg",Uvs,2023-05,
" Wheat bran, 25kg",Uvs,2023-04,23500.0
" Wheat bran, 25kg",Uvs,2023-03,20500.0
" Wheat bran, 25kg",Uvs,2023-02,20000.0
" Wheat bran, 25kg",Uvs,2023-01,21600.0
" Wheat bran, 25kg",Uvs,2022-12,19500.0
" Wheat bran, 25kg",Uvs,2022-11,19000.0
" Wheat bran, 25kg",Uvs,2022-10,18000.0
" Wheat bran, 25kg",Uvs,2022-09,19000.0
" Wheat bran, 25kg",Uvs,2022-08,
" Wheat bran, 25kg",Uvs,2022-07,
" Wheat bran, 25kg",Uvs,2022-06,
" Wheat bran, 25kg",Uvs,2022-05,
" Wheat bran, 25kg",Uvs,2022-04,12000.0
" Wheat bran, 25kg",Uvs,2022-03,
" Wheat bran, 25kg",Uvs,2022-02,19000.0
" Wheat bran, 25kg",Uvs,2022-01,18500.0
" Wheat bran, 25kg",Uvs,2021-12,20000.0
" Wheat bran, 25kg",Uvs,2021-11,18500.0
" Wheat bran, 25kg",Uvs,2021-10,
" Wheat bran, 25kg",Uvs,2021-09,
" Wheat bran, 25kg",Uvs,2021-08,
" Wheat bran, 25kg",Uvs,2021-07,
" Wheat bran, 25kg",Uvs,2021-06,
" Wheat bran, 25kg",Uvs,2021-05,
" Wheat bran, 25kg",Uvs,2021-04,
" Wheat bran, 25kg",Uvs,2021-03,20000.0
" Wheat bran, 25kg",Uvs,2021-02,22250.0
" Wheat bran, 25kg",Uvs,2021-01,23000.0
" Wheat bran, 25kg",Uvs,2020-12,21200.0
" Wheat bran, 25kg",Uvs,2020-11,18000.0
" Wheat bran, 25kg",Uvs,2020-10,15000.0
" Wheat bran, 25kg",Uvs,2020-09,
" Wheat bran, 25kg",Uvs,2020-08,
" Wheat bran, 25kg",Uvs,2020-07,
" Wheat bran, 25kg",Uvs,2020-06,11250.0
" Wheat bran, 25kg",Uvs,2020-05,12000.0
" Wheat bran, 25kg",Uvs,2020-04,13375.0
" Wheat bran, 25kg",Uvs,2020-03,13188.0
" Wheat bran, 25kg",Uvs,2020-02,13250.0
" Wheat bran, 25kg",Uvs,2020-01,13300.0
" Wheat bran, 25kg",Uvs,2019-12,
" Wheat bran, 25kg",Uvs,2019-11,
" Wheat bran, 25kg",Uvs,2019-10,
" Wheat bran, 25kg",Uvs,2019-09,
" Wheat bran, 25kg",Uvs,2019-08,
" Wheat bran, 25kg",Uvs,2019-07,
" Wheat bran, 25kg",Uvs,2019-06,
" Wheat bran, 25kg",Uvs,2019-05,
" Wheat bran, 25kg",Uvs,2019-04,
" Wheat bran, 25kg",Uvs,2019-03,
" Wheat bran, 25kg",Uvs,2019-02,
" Wheat bran, 25kg",Uvs,2019-01,
" Wheat bran, 25kg",Uvs,2018-12,
" Wheat bran, 25kg",Khovd,2025-12,23250.0
" Wheat bran, 25kg",Khovd,2025-11,21000.0
" Wheat bran, 25kg",Khovd,2025-10,
" Wheat bran, 25kg",Khovd,2025-09,26333.0
" Wheat bran, 25kg",Khovd,2025-08,
" Wheat bran, 25kg",Khovd,2025-07,
" Wheat bran, 25kg",Khovd,2025-06,26500.0
" Wheat bran, 25kg",Khovd,2025-05,23000.0
" Wheat bran, 25kg",Khovd,2025-04,26500.0
" Wheat bran, 25kg",Khovd,2025-03,22000.0
" Wheat bran, 25kg",Khovd,2025-02,
" Wheat bran, 25kg",Khovd,2025-01,
" Wheat bran, 25kg",Khovd,2024-12,
" Wheat bran, 25kg",Khovd,2024-11,
" Wheat bran, 25kg",Khovd,2024-10,
" Wheat bran, 25kg",Khovd,2024-09,
" Wheat bran, 25kg",Khovd,2024-08,
" Wheat bran, 25kg",Khovd,2024-07,
" Wheat bran, 25kg",Khovd,2024-06,
" Wheat bran, 25kg",Khovd,2024-05,
" Wheat bran, 25kg",Khovd,2024-04,
" Wheat bran, 25kg",Khovd,2024-03,
" Wheat bran, 25kg",Khovd,2024-02,
" Wheat bran, 25kg",Khovd,2024-01,
" Wheat bran, 25kg",Khovd,2023-12,
" Wheat bran, 25kg",Khovd,2023-11,
" Wheat bran, 25kg",Khovd,2023-10,
" Wheat bran, 25kg",Khovd,2023-09,
" Wheat bran, 25kg",Khovd,2023-08,
" Wheat bran, 25kg",Khovd,2023-07,
" Wheat bran, 25kg",Khovd,2023-06,
" Wheat bran, 25kg",Khovd,2023-05,
" Wheat bran, 25kg",Khovd,2023-04,
" Wheat bran, 25kg",Khovd,2023-03,20000.0
" Wheat bran, 25kg",Khovd,2023-02,21000.0
" Wheat bran, 25kg",Khovd,2023-01,22000.0
" Wheat bran, 25kg",Khovd,2022-12,
" Wheat bran, 25kg",Khovd,2022-11,
" Wheat bran, 25kg",Khovd,2022-10,
" Wheat bran, 25kg",Khovd,2022-09,20000.0
" Wheat bran, 25kg",Khovd,2022-08,
" Wheat bran, 25kg",Khovd,2022-07,
" Wheat bran, 25kg",Khovd,2022-06,
" Wheat bran, 25kg",Khovd,2022-05,
" Wheat bran, 25kg",Khovd,2022-04,20500.0
" Wheat bran, 25kg",Khovd,2022-03,20500.0
" Wheat bran, 25kg",Khovd,2022-02,20500.0
" Wheat bran, 25kg",Khovd,2022-01,
" Wheat bran, 25kg",Khovd,2021-12,
" Wheat bran, 25kg",Khovd,2021-11,
" Wheat bran, 25kg",Khovd,2021-10,
" Wheat bran, 25kg",Khovd,2021-09,
" Wheat bran, 25kg",Khovd,2021-08,
" Wheat bran, 25kg",Khovd,2021-07,
" Wheat bran, 25kg",Khovd,2021-06,
" Wheat bran, 25kg",Khovd,2021-05,
" Wheat bran, 25kg",Khovd,2021-04,25000.0
" Wheat bran, 25kg",Khovd,2021-03,25000.0
" Wheat bran, 25kg",Khovd,2021-02,
" Wheat bran, 25kg",Khovd,2021-01,26000.0
" Wheat bran, 25kg",Khovd,2020-12,
" Wheat bran, 25kg",Khovd,2020-11,
" Wheat bran, 25kg",Khovd,2020-10,13000.0
" Wheat bran, 25kg",Khovd,2020-09,
" Wheat bran, 25kg",Khovd,2020-08,
" Wheat bran, 25kg",Khovd,2020-07,
" Wheat bran, 25kg",Khovd,2020-06,
" Wheat bran, 25kg",Khovd,2020-05,14250.0
" Wheat bran, 25kg",Khovd,2020-04,15000.0
" Wheat bran, 25kg",Khovd,2020-03,16000.0
" Wheat bran, 25kg",Khovd,2020-02,14500.0
" Wheat bran, 25kg",Khovd,2020-01,13000.0
" Wheat bran, 25kg",Khovd,2019-12,
" Wheat bran, 25kg",Khovd,2019-11,
" Wheat bran, 25kg",Khovd,2019-10,
" Wheat bran, 25kg",Khovd,2019-09,
" Wheat bran, 25kg",Khovd,2019-08,
" Wheat bran, 25kg",Khovd,2019-07,
" Wheat bran, 25kg",Khovd,2019-06,
" Wheat bran, 25kg",Khovd,2019-05,
" Wheat bran, 25kg",Khovd,2019-04,
" Wheat bran, 25kg",Khovd,2019-03,
" Wheat bran, 25kg",Khovd,2019-02,
" Wheat bran, 25kg",Khovd,2019-01,
" Wheat bran, 25kg",Khovd,2018-12,
" Wheat bran, 25kg",Khangai region,2025-12,
" Wheat bran, 25kg",Khangai region,2025-11,
" Wheat bran, 25kg",Khangai region,2025-10,
" Wheat bran, 25kg",Khangai region,2025-09,
" Wheat bran, 25kg",Khangai region,2025-08,
" Wheat bran, 25kg",Khangai region,2025-07,
" Wheat bran, 25kg",Khangai region,2025-06,
" Wheat bran, 25kg",Khangai region,2025-05,
" Wheat bran, 25kg",Khangai region,2025-04,
" Wheat bran, 25kg",Khangai region,2025-03,
" Wheat bran, 25kg",Khangai region,2025-02,
" Wheat bran, 25kg",Khangai region,2025-01,
" Wheat bran, 25kg",Khangai region,2024-12,
" Wheat bran, 25kg",Khangai region,2024-11,
" Wheat bran, 25kg",Khangai region,2024-10,
" Wheat bran, 25kg",Khangai region,2024-09,
" Wheat bran, 25kg",Khangai region,2024-08,
" Wheat bran, 25kg",Khangai region,2024-07,
" Wheat bran, 25kg",Khangai region,2024-06,
" Wheat bran, 25kg",Khangai region,2024-05,
" Wheat bran, 25kg",Khangai region,2024-04,
" Wheat bran, 25kg",Khangai region,2024-03,
" Wheat bran, 25kg",Khangai region,2024-02,
" Wheat bran, 25kg",Khangai region,2024-01,
" Wheat bran, 25kg",Khangai region,2023-12,
" Wheat bran, 25kg",Khangai region,2023-11,
" Wheat bran, 25kg",Khangai region,2023-10,
" Wheat bran, 25kg",Khangai region,2023-09,
" Wheat bran, 25kg",Khangai region,2023-08,
" Wheat bran, 25kg",Khangai region,2023-07,
" Wheat bran, 25kg",Khangai region,2023-06,
" Wheat bran, 25kg",Khangai region,2023-05,
" Wheat bran, 25kg",Khangai region,2023-04,
" Wheat bran, 25kg",Khangai region,2023-03,
" Wheat bran, 25kg",Khangai region,2023-02,
" Wheat bran, 25kg",Khangai region,2023-01,
" Wheat bran, 25kg",Khangai region,2022-12,
" Wheat bran, 25kg",Khangai region,2022-11,
" Wheat bran, 25kg",Khangai region,2022-10,
" Wheat bran, 25kg",Khangai region,2022-09,
" Wheat bran, 25kg",Khangai region,2022-08,
" Wheat bran, 25kg",Khangai region,2022-07,
" Wheat bran, 25kg",Khangai region,2022-06,
" Wheat bran, 25kg",Khangai region,2022-05,
" Wheat bran, 25kg",Khangai region,2022-04,
" Wheat bran, 25kg",Khangai region,2022-03,
" Wheat bran, 25kg",Khangai region,2022-02,
" Wheat bran, 25kg",Khangai region,2022-01,
" Wheat bran, 25kg",Khangai region,2021-12,
" Wheat bran, 25kg",Khangai region,2021-11,
" Wheat bran, 25kg",Khangai region,2021-10,
" Wheat bran, 25kg",Khangai region,2021-09,
" Wheat bran, 25kg",Khangai region,2021-08,
" Wheat bran, 25kg",Khangai region,2021-07,
" Wheat bran, 25kg",Khangai region,2021-06,
" Wheat bran, 25kg",Khangai region,2021-05,
" Wheat bran, 25kg",Khangai region,2021-04,
" Wheat bran, 25kg",Khangai region,2021-03,
" Wheat bran, 25kg",Khangai region,2021-02,
" Wheat bran, 25kg",Khangai region,2021-01,
" Wheat bran, 25kg",Khangai region,2020-12,
" Wheat bran, 25kg",Khangai region,2020-11,
" Wheat bran, 25kg",Khangai region,2020-10,
" Wheat bran, 25kg",Khangai region,2020-09,
" Wheat bran, 25kg",Khangai region,2020-08,
" Wheat bran, 25kg",Khangai region,2020-07,
" Wheat bran, 25kg",Khangai region,2020-06,
" Wheat bran, 25kg",Khangai region,2020-05,
" Wheat bran, 25kg",Khangai region,2020-04,
" Wheat bran, 25kg",Khangai region,2020-03,
" Wheat bran, 25kg",Khangai region,2020-02,
" Wheat bran, 25kg",Khangai region,2020-01,
" Wheat bran, 25kg",Khangai region,2019-12,
" Wheat bran, 25kg",Khangai region,2019-11,
" Wheat bran, 25kg",Khangai region,2019-10,
" Wheat bran, 25kg",Khangai region,2019-09,
" Wheat bran, 25kg",Khangai region,2019-08,
" Wheat bran, 25kg",Khangai region,2019-07,
" Wheat bran, 25kg",Khangai region,2019-06,
" Wheat bran, 25kg",Khangai region,2019-05,
" Wheat bran, 25kg",Khangai region,2019-04,
" Wheat bran, 25kg",Khangai region,2019-03,
" Wheat bran, 25kg",Khangai region,2019-02,
" Wheat bran, 25kg",Khangai region,2019-01,
" Wheat bran, 25kg",Khangai region,2018-12,
" Wheat bran, 25kg",Arkhangai,2025-12,
" Wheat bran, 25kg",Arkhangai,2025-11,
" Wheat bran, 25kg",Arkhangai,2025-10,
" Wheat bran, 25kg",Arkhangai,2025-09,
" Wheat bran, 25kg",Arkhangai,2025-08,
" Wheat bran, 25kg",Arkhangai,2025-07,
" Wheat bran, 25kg",Arkhangai,2025-06,
" Wheat bran, 25kg",Arkhangai,2025-05,20000.0
" Wheat bran, 25kg",Arkhangai,2025-04,28000.0
" Wheat bran, 25kg",Arkhangai,2025-03,
" Wheat bran, 25kg",Arkhangai,2025-02,
" Wheat bran, 25kg",Arkhangai,2025-01,24000.0
" Wheat bran, 25kg",Arkhangai,2024-12,
" Wheat bran, 25kg",Arkhangai,2024-11,
" Wheat bran, 25kg",Arkhangai,2024-10,
" Wheat bran, 25kg",Arkhangai,2024-09,
" Wheat bran, 25kg",Arkhangai,2024-08,
" Wheat bran, 25kg",Arkhangai,2024-07,
" Wheat bran, 25kg",Arkhangai,2024-06,
" Wheat bran, 25kg",Arkhangai,2024-05,
" Wheat bran, 25kg",Arkhangai,2024-04,32000.0
" Wheat bran, 25kg",Arkhangai,2024-03,
" Wheat bran, 25kg",Arkhangai,2024-02,
" Wheat bran, 25kg",Arkhangai,2024-01,26500.0
" Wheat bran, 25kg",Arkhangai,2023-12,
" Wheat bran, 25kg",Arkhangai,2023-11,
" Wheat bran, 25kg",Arkhangai,2023-10,
" Wheat bran, 25kg",Arkhangai,2023-09,
" Wheat bran, 25kg",Arkhangai,2023-08,
" Wheat bran, 25kg",Arkhangai,2023-07,
" Wheat bran, 25kg",Arkhangai,2023-06,
" Wheat bran, 25kg",Arkhangai,2023-05,16000.0
" Wheat bran, 25kg",Arkhangai,2023-04,22000.0
" Wheat bran, 25kg",Arkhangai,2023-03,21500.0
" Wheat bran, 25kg",Arkhangai,2023-02,19500.0
" Wheat bran, 25kg",Arkhangai,2023-01,19100.0
" Wheat bran, 25kg",Arkhangai,2022-12,25000.0
" Wheat bran, 25kg",Arkhangai,2022-11,18750.0
" Wheat bran, 25kg",Arkhangai,2022-10,11000.0
" Wheat bran, 25kg",Arkhangai,2022-09,
" Wheat bran, 25kg",Arkhangai,2022-08,
" Wheat bran, 25kg",Arkhangai,2022-07,
" Wheat bran, 25kg",Arkhangai,2022-06,
" Wheat bran, 25kg",Arkhangai,2022-05,
" Wheat bran, 25kg",Arkhangai,2022-04,25000.0
" Wheat bran, 25kg",Arkhangai,2022-03,14833.0
" Wheat bran, 25kg",Arkhangai,2022-02,14250.0
" Wheat bran, 25kg",Arkhangai,2022-01,
" Wheat bran, 25kg",Arkhangai,2021-12,20000.0
" Wheat bran, 25kg",Arkhangai,2021-11,13500.0
" Wheat bran, 25kg",Arkhangai,2021-10,15000.0
" Wheat bran, 25kg",Arkhangai,2021-09,
" Wheat bran, 25kg",Arkhangai,2021-08,12500.0
" Wheat bran, 25kg",Arkhangai,2021-07,
" Wheat bran, 25kg",Arkhangai,2021-06,
" Wheat bran, 25kg",Arkhangai,2021-05,11000.0
" Wheat bran, 25kg",Arkhangai,2021-04,20500.0
" Wheat bran, 25kg",Arkhangai,2021-03,19167.0
" Wheat bran, 25kg",Arkhangai,2021-02,24667.0
" Wheat bran, 25kg",Arkhangai,2021-01,24000.0
" Wheat bran, 25kg",Arkhangai,2020-12,25000.0
" Wheat bran, 25kg",Arkhangai,2020-11,12500.0
" Wheat bran, 25kg",Arkhangai,2020-10,13000.0
" Wheat bran, 25kg",Arkhangai,2020-09,17000.0
" Wheat bran, 25kg",Arkhangai,2020-08,15000.0
" Wheat bran, 25kg",Arkhangai,2020-07,15000.0
" Wheat bran, 25kg",Arkhangai,2020-06,14000.0
" Wheat bran, 25kg",Arkhangai,2020-05,14000.0
" Wheat bran, 25kg",Arkhangai,2020-04,14300.0
" Wheat bran, 25kg",Arkhangai,2020-03,15357.0
" Wheat bran, 25kg",Arkhangai,2020-02,15333.0
" Wheat bran, 25kg",Arkhangai,2020-01,16500.0
" Wheat bran, 25kg",Arkhangai,2019-12,
" Wheat bran, 25kg",Arkhangai,2019-11,
" Wheat bran, 25kg",Arkhangai,2019-10,
" Wheat bran, 25kg",Arkhangai,2019-09,
" Wheat bran, 25kg",Arkhangai,2019-08,
" Wheat bran, 25kg",Arkhangai,2019-07,
" Wheat bran, 25kg",Arkhangai,2019-06,
" Wheat bran, 25kg",Arkhangai,2019-05,
" Wheat bran, 25kg",Arkhangai,2019-04,
" Wheat bran, 25kg",Arkhangai,2019-03,
" Wheat bran, 25kg",Arkhangai,2019-02,
" Wheat bran, 25kg",Arkhangai,2019-01,
" Wheat bran, 25kg",Arkhangai,2018-12,
" Wheat bran, 25kg",Bayankhongor,2025-12,24950.0
" Wheat bran, 25kg",Bayankhongor,2025-11,24625.0
" Wheat bran, 25kg",Bayankhongor,2025-10,
" Wheat bran, 25kg",Bayankhongor,2025-09,22250.0
" Wheat bran, 25kg",Bayankhongor,2025-08,
" Wheat bran, 25kg",Bayankhongor,2025-07,
" Wheat bran, 25kg",Bayankhongor,2025-06,
" Wheat bran, 25kg",Bayankhongor,2025-05,22750.0
" Wheat bran, 25kg",Bayankhongor,2025-04,22167.0
" Wheat bran, 25kg",Bayankhongor,2025-03,24625.0
" Wheat bran, 25kg",Bayankhongor,2025-02,22250.0
" Wheat bran, 25kg",Bayankhongor,2025-01,23000.0
" Wheat bran, 25kg",Bayankhongor,2024-12,24600.0
" Wheat bran, 25kg",Bayankhongor,2024-11,28250.0
" Wheat bran, 25kg",Bayankhongor,2024-10,
" Wheat bran, 25kg",Bayankhongor,2024-09,
" Wheat bran, 25kg",Bayankhongor,2024-08,
" Wheat bran, 25kg",Bayankhongor,2024-07,
" Wheat bran, 25kg",Bayankhongor,2024-06,
" Wheat bran, 25kg",Bayankhongor,2024-05,24667.0
" Wheat bran, 25kg",Bayankhongor,2024-04,27656.0
" Wheat bran, 25kg",Bayankhongor,2024-03,29750.0
" Wheat bran, 25kg",Bayankhongor,2024-02,30556.0
" Wheat bran, 25kg",Bayankhongor,2024-01,28765.0
" Wheat bran, 25kg",Bayankhongor,2023-12,27727.0
" Wheat bran, 25kg",Bayankhongor,2023-11,27667.0
" Wheat bran, 25kg",Bayankhongor,2023-10,
" Wheat bran, 25kg",Bayankhongor,2023-09,
" Wheat bran, 25kg",Bayankhongor,2023-08,
" Wheat bran, 25kg",Bayankhongor,2023-07,
" Wheat bran, 25kg",Bayankhongor,2023-06,
" Wheat bran, 25kg",Bayankhongor,2023-05,20000.0
" Wheat bran, 25kg",Bayankhongor,2023-04,25131.0
" Wheat bran, 25kg",Bayankhongor,2023-03,22967.0
" Wheat bran, 25kg",Bayankhongor,2023-02,21842.0
" Wheat bran, 25kg",Bayankhongor,2023-01,23400.0
" Wheat bran, 25kg",Bayankhongor,2022-12,23100.0
" Wheat bran, 25kg",Bayankhongor,2022-11,22750.0
" Wheat bran, 25kg",Bayankhongor,2022-10,21750.0
" Wheat bran, 25kg",Bayankhongor,2022-09,
" Wheat bran, 25kg",Bayankhongor,2022-08,
" Wheat bran, 25kg",Bayankhongor,2022-07,
" Wheat bran, 25kg",Bayankhongor,2022-06,
" Wheat bran, 25kg",Bayankhongor,2022-05,
" Wheat bran, 25kg",Bayankhongor,2022-04,25000.0
" Wheat bran, 25kg",Bayankhongor,2022-03,
" Wheat bran, 25kg",Bayankhongor,2022-02,19500.0
" Wheat bran, 25kg",Bayankhongor,2022-01,
" Wheat bran, 25kg",Bayankhongor,2021-12,19750.0
" Wheat bran, 25kg",Bayankhongor,2021-11,
" Wheat bran, 25kg",Bayankhongor,2021-10,
" Wheat bran, 25kg",Bayankhongor,2021-09,18000.0
" Wheat bran, 25kg",Bayankhongor,2021-08,
" Wheat bran, 25kg",Bayankhongor,2021-07,
" Wheat bran, 25kg",Bayankhongor,2021-06,
" Wheat bran, 25kg",Bayankhongor,2021-05,23333.0
" Wheat bran, 25kg",Bayankhongor,2021-04,21500.0
" Wheat bran, 25kg",Bayankhongor,2021-03,22833.0
" Wheat bran, 25kg",Bayankhongor,2021-02,22167.0
" Wheat bran, 25kg",Bayankhongor,2021-01,23410.0
" Wheat bran, 25kg",Bayankhongor,2020-12,22200.0
" Wheat bran, 25kg",Bayankhongor,2020-11,21100.0
" Wheat bran, 25kg",Bayankhongor,2020-10,16600.0
" Wheat bran, 25kg",Bayankhongor,2020-09,16000.0
" Wheat bran, 25kg",Bayankhongor,2020-08,
" Wheat bran, 25kg",Bayankhongor,2020-07,17000.0
" Wheat bran, 25kg",Bayankhongor,2020-06,17000.0
" Wheat bran, 25kg",Bayankhongor,2020-05,17250.0
" Wheat bran, 25kg",Bayankhongor,2020-04,15833.0
" Wheat bran, 25kg",Bayankhongor,2020-03,15188.0
" Wheat bran, 25kg",Bayankhongor,2020-02,16222.0
" Wheat bran, 25kg",Bayankhongor,2020-01,16600.0
" Wheat bran, 25kg",Bayankhongor,2019-12,
" Wheat bran, 25kg",Bayankhongor,2019-11,
" Wheat bran, 25kg",Bayankhongor,2019-10,
" Wheat bran, 25kg",Bayankhongor,2019-09,
" Wheat bran, 25kg",Bayankhongor,2019-08,
" Wheat bran, 25kg",Bayankhongor,2019-07,
" Wheat bran, 25kg",Bayankhongor,2019-06,
" Wheat bran, 25kg",Bayankhongor,2019-05,
" Wheat bran, 25kg",Bayankhongor,2019-04,
" Wheat bran, 25kg",Bayankhongor,2019-03,
" Wheat bran, 25kg",Bayankhongor,2019-02,
" Wheat bran, 25kg",Bayankhongor,2019-01,
" Wheat bran, 25kg",Bayankhongor,2018-12,
" Wheat bran, 25kg",Bulgan,2025-12,26143.0
" Wheat bran, 25kg",Bulgan,2025-11,26333.0
" Wheat bran, 25kg",Bulgan,2025-10,
" Wheat bran, 25kg",Bulgan,2025-09,24333.0
" Wheat bran, 25kg",Bulgan,2025-08,24000.0
" Wheat bran, 25kg",Bulgan,2025-07,20000.0
" Wheat bran, 25kg",Bulgan,2025-06,20000.0
" Wheat bran, 25kg",Bulgan,2025-05,23250.0
" Wheat bran, 25kg",Bulgan,2025-04,24750.0
" Wheat bran, 25kg",Bulgan,2025-03,22300.0
" Wheat bran, 25kg",Bulgan,2025-02,22625.0
" Wheat bran, 25kg",Bulgan,2025-01,22700.0
" Wheat bran, 25kg",Bulgan,2024-12,23250.0
" Wheat bran, 25kg",Bulgan,2024-11,23875.0
" Wheat bran, 25kg",Bulgan,2024-10,23500.0
" Wheat bran, 25kg",Bulgan,2024-09,23750.0
" Wheat bran, 25kg",Bulgan,2024-08,26660.0
" Wheat bran, 25kg",Bulgan,2024-07,
" Wheat bran, 25kg",Bulgan,2024-06,27333.0
" Wheat bran, 25kg",Bulgan,2024-05,27333.0
" Wheat bran, 25kg",Bulgan,2024-04,28143.0
" Wheat bran, 25kg",Bulgan,2024-03,26938.0
" Wheat bran, 25kg",Bulgan,2024-02,26278.0
" Wheat bran, 25kg",Bulgan,2024-01,26167.0
" Wheat bran, 25kg",Bulgan,2023-12,26167.0
" Wheat bran, 25kg",Bulgan,2023-11,24125.0
" Wheat bran, 25kg",Bulgan,2023-10,23083.0
" Wheat bran, 25kg",Bulgan,2023-09,24500.0
" Wheat bran, 25kg",Bulgan,2023-08,24083.0
" Wheat bran, 25kg",Bulgan,2023-07,24143.0
" Wheat bran, 25kg",Bulgan,2023-06,25571.0
" Wheat bran, 25kg",Bulgan,2023-05,25786.0
" Wheat bran, 25kg",Bulgan,2023-04,22944.0
" Wheat bran, 25kg",Bulgan,2023-03,20409.0
" Wheat bran, 25kg",Bulgan,2023-02,19025.0
" Wheat bran, 25kg",Bulgan,2023-01,18900.0
" Wheat bran, 25kg",Bulgan,2022-12,18800.0
" Wheat bran, 25kg",Bulgan,2022-11,18400.0
" Wheat bran, 25kg",Bulgan,2022-10,18393.0
" Wheat bran, 25kg",Bulgan,2022-09,18000.0
" Wheat bran, 25kg",Bulgan,2022-08,18600.0
" Wheat bran, 25kg",Bulgan,2022-07,18600.0
" Wheat bran, 25kg",Bulgan,2022-06,18429.0
" Wheat bran, 25kg",Bulgan,2022-05,17222.0
" Wheat bran, 25kg",Bulgan,2022-04,17688.0
" Wheat bran, 25kg",Bulgan,2022-03,18438.0
" Wheat bran, 25kg",Bulgan,2022-02,18450.0
" Wheat bran, 25kg",Bulgan,2022-01,19900.0
" Wheat bran, 25kg",Bulgan,2021-12,19500.0
" Wheat bran, 25kg",Bulgan,2021-11,19200.0
" Wheat bran, 25kg",Bulgan,2021-10,18625.0
" Wheat bran, 25kg",Bulgan,2021-09,16500.0
" Wheat bran, 25kg",Bulgan,2021-08,16800.0
" Wheat bran, 25kg",Bulgan,2021-07,17500.0
" Wheat bran, 25kg",Bulgan,2021-06,
" Wheat bran, 25kg",Bulgan,2021-05,19500.0
" Wheat bran, 25kg",Bulgan,2021-04,21417.0
" Wheat bran, 25kg",Bulgan,2021-03,21429.0
" Wheat bran, 25kg",Bulgan,2021-02,23500.0
" Wheat bran, 25kg",Bulgan,2021-01,24500.0
" Wheat bran, 25kg",Bulgan,2020-12,22000.0
" Wheat bran, 25kg",Bulgan,2020-11,18000.0
" Wheat bran, 25kg",Bulgan,2020-10,15929.0
" Wheat bran, 25kg",Bulgan,2020-09,16166.0
" Wheat bran, 25kg",Bulgan,2020-08,14400.0
" Wheat bran, 25kg",Bulgan,2020-07,15167.0
" Wheat bran, 25kg",Bulgan,2020-06,13714.0
" Wheat bran, 25kg",Bulgan,2020-05,13875.0
" Wheat bran, 25kg",Bulgan,2020-04,14550.0
" Wheat bran, 25kg",Bulgan,2020-03,14042.0
" Wheat bran, 25kg",Bulgan,2020-02,14027.0
" Wheat bran, 25kg",Bulgan,2020-01,13600.0
" Wheat bran, 25kg",Bulgan,2019-12,
" Wheat bran, 25kg",Bulgan,2019-11,
" Wheat bran, 25kg",Bulgan,2019-10,
" Wheat bran, 25kg",Bulgan,2019-09,
" Wheat bran, 25kg",Bulgan,2019-08,
" Wheat bran, 25kg",Bulgan,2019-07,
" Wheat bran, 25kg",Bulgan,2019-06,
" Wheat bran, 25kg",Bulgan,2019-05,
" Wheat bran, 25kg",Bulgan,2019-04,
" Wheat bran, 25kg",Bulgan,2019-03,
" Wheat bran, 25kg",Bulgan,2019-02,
" Wheat bran, 25kg",Bulgan,2019-01,
" Wheat bran, 25kg",Bulgan,2018-12,
" Wheat bran, 25kg",Uvurkhangai,2025-12,
" Wheat bran, 25kg",Uvurkhangai,2025-11,
" Wheat bran, 25kg",Uvurkhangai,2025-10,
" Wheat bran, 25kg",Uvurkhangai,2025-09,22500.0
" Wheat bran, 25kg",Uvurkhangai,2025-08,22000.0
" Wheat bran, 25kg",Uvurkhangai,2025-07,20000.0
" Wheat bran, 25kg",Uvurkhangai,2025-06,22000.0
" Wheat bran, 25kg",Uvurkhangai,2025-05,20000.0
" Wheat bran, 25kg",Uvurkhangai,2025-04,23750.0
" Wheat bran, 25kg",Uvurkhangai,2025-03,21000.0
" Wheat bran, 25kg",Uvurkhangai,2025-02,25000.0
" Wheat bran, 25kg",Uvurkhangai,2025-01,23000.0
" Wheat bran, 25kg",Uvurkhangai,2024-12,
" Wheat bran, 25kg",Uvurkhangai,2024-11,18000.0
" Wheat bran, 25kg",Uvurkhangai,2024-10,13000.0
" Wheat bran, 25kg",Uvurkhangai,2024-09,
" Wheat bran, 25kg",Uvurkhangai,2024-08,
" Wheat bran, 25kg",Uvurkhangai,2024-07,
" Wheat bran, 25kg",Uvurkhangai,2024-06,
" Wheat bran, 25kg",Uvurkhangai,2024-05,
" Wheat bran, 25kg",Uvurkhangai,2024-04,25000.0
" Wheat bran, 25kg",Uvurkhangai,2024-03,25000.0
" Wheat bran, 25kg",Uvurkhangai,2024-02,25000.0
" Wheat bran, 25kg",Uvurkhangai,2024-01,25000.0
" Wheat bran, 25kg",Uvurkhangai,2023-12,20000.0
" Wheat bran, 25kg",Uvurkhangai,2023-11,20000.0
" Wheat bran, 25kg",Uvurkhangai,2023-10,20000.0
" Wheat bran, 25kg",Uvurkhangai,2023-09,23000.0
" Wheat bran, 25kg",Uvurkhangai,2023-08,25000.0
" Wheat bran, 25kg",Uvurkhangai,2023-07,25000.0
" Wheat bran, 25kg",Uvurkhangai,2023-06,25000.0
" Wheat bran, 25kg",Uvurkhangai,2023-05,25000.0
" Wheat bran, 25kg",Uvurkhangai,2023-04,25000.0
" Wheat bran, 25kg",Uvurkhangai,2023-03,18000.0
" Wheat bran, 25kg",Uvurkhangai,2023-02,18000.0
" Wheat bran, 25kg",Uvurkhangai,2023-01,18000.0
" Wheat bran, 25kg",Uvurkhangai,2022-12,18000.0
" Wheat bran, 25kg",Uvurkhangai,2022-11,18000.0
" Wheat bran, 25kg",Uvurkhangai,2022-10,15000.0
" Wheat bran, 25kg",Uvurkhangai,2022-09,12000.0
" Wheat bran, 25kg",Uvurkhangai,2022-08,
" Wheat bran, 25kg",Uvurkhangai,2022-07,
" Wheat bran, 25kg",Uvurkhangai,2022-06,12000.0
" Wheat bran, 25kg",Uvurkhangai,2022-05,15000.0
" Wheat bran, 25kg",Uvurkhangai,2022-04,15000.0
" Wheat bran, 25kg",Uvurkhangai,2022-03,15000.0
" Wheat bran, 25kg",Uvurkhangai,2022-02,25000.0
" Wheat bran, 25kg",Uvurkhangai,2022-01,25000.0
" Wheat bran, 25kg",Uvurkhangai,2021-12,18000.0
" Wheat bran, 25kg",Uvurkhangai,2021-11,18000.0
" Wheat bran, 25kg",Uvurkhangai,2021-10,18000.0
" Wheat bran, 25kg",Uvurkhangai,2021-09,18000.0
" Wheat bran, 25kg",Uvurkhangai,2021-08,18000.0
" Wheat bran, 25kg",Uvurkhangai,2021-07,22000.0
" Wheat bran, 25kg",Uvurkhangai,2021-06,
" Wheat bran, 25kg",Uvurkhangai,2021-05,24000.0
" Wheat bran, 25kg",Uvurkhangai,2021-04,24000.0
" Wheat bran, 25kg",Uvurkhangai,2021-03,24000.0
" Wheat bran, 25kg",Uvurkhangai,2021-02,
" Wheat bran, 25kg",Uvurkhangai,2021-01,24000.0
" Wheat bran, 25kg",Uvurkhangai,2020-12,24000.0
" Wheat bran, 25kg",Uvurkhangai,2020-11,17000.0
" Wheat bran, 25kg",Uvurkhangai,2020-10,12000.0
" Wheat bran, 25kg",Uvurkhangai,2020-09,12000.0
" Wheat bran, 25kg",Uvurkhangai,2020-08,12000.0
" Wheat bran, 25kg",Uvurkhangai,2020-07,12000.0
" Wheat bran, 25kg",Uvurkhangai,2020-06,12000.0
" Wheat bran, 25kg",Uvurkhangai,2020-05,12000.0
" Wheat bran, 25kg",Uvurkhangai,2020-04,14000.0
" Wheat bran, 25kg",Uvurkhangai,2020-03,15000.0
" Wheat bran, 25kg",Uvurkhangai,2020-02,13000.0
" Wheat bran, 25kg",Uvurkhangai,2020-01,12000.0
" Wheat bran, 25kg",Uvurkhangai,2019-12,
" Wheat bran, 25kg",Uvurkhangai,2019-11,
" Wheat bran, 25kg",Uvurkhangai,2019-10,
" Wheat bran, 25kg",Uvurkhangai,2019-09,
" Wheat bran, 25kg",Uvurkhangai,2019-08,
" Wheat bran, 25kg",Uvurkhangai,2019-07,
" Wheat bran, 25kg",Uvurkhangai,2019-06,
" Wheat bran, 25kg",Uvurkhangai,2019-05,
" Wheat bran, 25kg",Uvurkhangai,2019-04,
" Wheat bran, 25kg",Uvurkhangai,2019-03,
" Wheat bran, 25kg",Uvurkhangai,2019-02,
" Wheat bran, 25kg",Uvurkhangai,2019-01,
" Wheat bran, 25kg",Uvurkhangai,2018-12,
" Wheat bran, 25kg",Khuvsgul,2025-12,27833.0
" Wheat bran, 25kg",Khuvsgul,2025-11,25600.0
" Wheat bran, 25kg",Khuvsgul,2025-10,
" Wheat bran, 25kg",Khuvsgul,2025-09,20000.0
" Wheat bran, 25kg",Khuvsgul,2025-08,20000.0
" Wheat bran, 25kg",Khuvsgul,2025-07,20000.0
" Wheat bran, 25kg",Khuvsgul,2025-06,20000.0
" Wheat bran, 25kg",Khuvsgul,2025-05,22000.0
" Wheat bran, 25kg",Khuvsgul,2025-04,24000.0
" Wheat bran, 25kg",Khuvsgul,2025-03,22000.0
" Wheat bran, 25kg",Khuvsgul,2025-02,24000.0
" Wheat bran, 25kg",Khuvsgul,2025-01,25000.0
" Wheat bran, 25kg",Khuvsgul,2024-12,25333.0
" Wheat bran, 25kg",Khuvsgul,2024-11,24000.0
" Wheat bran, 25kg",Khuvsgul,2024-10,25000.0
" Wheat bran, 25kg",Khuvsgul,2024-09,25000.0
" Wheat bran, 25kg",Khuvsgul,2024-08,
" Wheat bran, 25kg",Khuvsgul,2024-07,
" Wheat bran, 25kg",Khuvsgul,2024-06,
" Wheat bran, 25kg",Khuvsgul,2024-05,
" Wheat bran, 25kg",Khuvsgul,2024-04,24750.0
" Wheat bran, 25kg",Khuvsgul,2024-03,26667.0
" Wheat bran, 25kg",Khuvsgul,2024-02,26667.0
" Wheat bran, 25kg",Khuvsgul,2024-01,27000.0
" Wheat bran, 25kg",Khuvsgul,2023-12,27000.0
" Wheat bran, 25kg",Khuvsgul,2023-11,25000.0
" Wheat bran, 25kg",Khuvsgul,2023-10,20000.0
" Wheat bran, 25kg",Khuvsgul,2023-09,
" Wheat bran, 25kg",Khuvsgul,2023-08,
" Wheat bran, 25kg",Khuvsgul,2023-07,
" Wheat bran, 25kg",Khuvsgul,2023-06,21500.0
" Wheat bran, 25kg",Khuvsgul,2023-05,22600.0
" Wheat bran, 25kg",Khuvsgul,2023-04,24829.0
" Wheat bran, 25kg",Khuvsgul,2023-03,22429.0
" Wheat bran, 25kg",Khuvsgul,2023-02,21500.0
" Wheat bran, 25kg",Khuvsgul,2023-01,20800.0
" Wheat bran, 25kg",Khuvsgul,2022-12,19500.0
" Wheat bran, 25kg",Khuvsgul,2022-11,20000.0
" Wheat bran, 25kg",Khuvsgul,2022-10,20000.0
" Wheat bran, 25kg",Khuvsgul,2022-09,
" Wheat bran, 25kg",Khuvsgul,2022-08,25000.0
" Wheat bran, 25kg",Khuvsgul,2022-07,23000.0
" Wheat bran, 25kg",Khuvsgul,2022-06,23500.0
" Wheat bran, 25kg",Khuvsgul,2022-05,23500.0
" Wheat bran, 25kg",Khuvsgul,2022-04,18333.0
" Wheat bran, 25kg",Khuvsgul,2022-03,20000.0
" Wheat bran, 25kg",Khuvsgul,2022-02,23500.0
" Wheat bran, 25kg",Khuvsgul,2022-01,22300.0
" Wheat bran, 25kg",Khuvsgul,2021-12,20600.0
" Wheat bran, 25kg",Khuvsgul,2021-11,19750.0
" Wheat bran, 25kg",Khuvsgul,2021-10,22250.0
" Wheat bran, 25kg",Khuvsgul,2021-09,22000.0
" Wheat bran, 25kg",Khuvsgul,2021-08,22000.0
" Wheat bran, 25kg",Khuvsgul,2021-07,21000.0
" Wheat bran, 25kg",Khuvsgul,2021-06,
" Wheat bran, 25kg",Khuvsgul,2021-05,21500.0
" Wheat bran, 25kg",Khuvsgul,2021-04,20846.0
" Wheat bran, 25kg",Khuvsgul,2021-03,20682.0
" Wheat bran, 25kg",Khuvsgul,2021-02,22591.0
" Wheat bran, 25kg",Khuvsgul,2021-01,23190.0
" Wheat bran, 25kg",Khuvsgul,2020-12,23125.0
" Wheat bran, 25kg",Khuvsgul,2020-11,21400.0
" Wheat bran, 25kg",Khuvsgul,2020-10,16333.0
" Wheat bran, 25kg",Khuvsgul,2020-09,16000.0
" Wheat bran, 25kg",Khuvsgul,2020-08,16000.0
" Wheat bran, 25kg",Khuvsgul,2020-07,13000.0
" Wheat bran, 25kg",Khuvsgul,2020-06,14214.0
" Wheat bran, 25kg",Khuvsgul,2020-05,15571.0
" Wheat bran, 25kg",Khuvsgul,2020-04,14500.0
" Wheat bran, 25kg",Khuvsgul,2020-03,14688.0
" Wheat bran, 25kg",Khuvsgul,2020-02,13514.0
" Wheat bran, 25kg",Khuvsgul,2020-01,14300.0
" Wheat bran, 25kg",Khuvsgul,2019-12,
" Wheat bran, 25kg",Khuvsgul,2019-11,
" Wheat bran, 25kg",Khuvsgul,2019-10,
" Wheat bran, 25kg",Khuvsgul,2019-09,
" Wheat bran, 25kg",Khuvsgul,2019-08,
" Wheat bran, 25kg",Khuvsgul,2019-07,
" Wheat bran, 25kg",Khuvsgul,2019-06,
" Wheat bran, 25kg",Khuvsgul,2019-05,
" Wheat bran, 25kg",Khuvsgul,2019-04,
" Wheat bran, 25kg",Khuvsgul,2019-03,
" Wheat bran, 25kg",Khuvsgul,2019-02,
" Wheat bran, 25kg",Khuvsgul,2019-01,
" Wheat bran, 25kg",Khuvsgul,2018-12,
" Wheat bran, 25kg",Orkhon,2025-12,25000.0
" Wheat bran, 25kg",Orkhon,2025-11,24000.0
" Wheat bran, 25kg",Orkhon,2025-10,
" Wheat bran, 25kg",Orkhon,2025-09,23000.0
" Wheat bran, 25kg",Orkhon,2025-08,
" Wheat bran, 25kg",Orkhon,2025-07,20000.0
" Wheat bran, 25kg",Orkhon,2025-06,20000.0
" Wheat bran, 25kg",Orkhon,2025-05,
" Wheat bran, 25kg",Orkhon,2025-04,
" Wheat bran, 25kg",Orkhon,2025-03,22000.0
" Wheat bran, 25kg",Orkhon,2025-02,22000.0
" Wheat bran, 25kg",Orkhon,2025-01,22000.0
" Wheat bran, 25kg",Orkhon,2024-12,
" Wheat bran, 25kg",Orkhon,2024-11,
" Wheat bran, 25kg",Orkhon,2024-10,
" Wheat bran, 25kg",Orkhon,2024-09,
" Wheat bran, 25kg",Orkhon,2024-08,
" Wheat bran, 25kg",Orkhon,2024-07,
" Wheat bran, 25kg",Orkhon,2024-06,
" Wheat bran, 25kg",Orkhon,2024-05,
" Wheat bran, 25kg",Orkhon,2024-04,
" Wheat bran, 25kg",Orkhon,2024-03,
" Wheat bran, 25kg",Orkhon,2024-02,25000.0
" Wheat bran, 25kg",Orkhon,2024-01,
" Wheat bran, 25kg",Orkhon,2023-12,25000.0
" Wheat bran, 25kg",Orkhon,2023-11,23000.0
" Wheat bran, 25kg",Orkhon,2023-10,25000.0
" Wheat bran, 25kg",Orkhon,2023-09,
" Wheat bran, 25kg",Orkhon,2023-08,22000.0
" Wheat bran, 25kg",Orkhon,2023-07,20000.0
" Wheat bran, 25kg",Orkhon,2023-06,20000.0
" Wheat bran, 25kg",Orkhon,2023-05,28000.0
" Wheat bran, 25kg",Orkhon,2023-04,25000.0
" Wheat bran, 25kg",Orkhon,2023-03,18833.0
" Wheat bran, 25kg",Orkhon,2023-02,15875.0
" Wheat bran, 25kg",Orkhon,2023-01,18250.0
" Wheat bran, 25kg",Orkhon,2022-12,21500.0
" Wheat bran, 25kg",Orkhon,2022-11,23000.0
" Wheat bran, 25kg",Orkhon,2022-10,19667.0
" Wheat bran, 25kg",Orkhon,2022-09,18000.0
" Wheat bran, 25kg",Orkhon,2022-08,
" Wheat bran, 25kg",Orkhon,2022-07,
" Wheat bran, 25kg",Orkhon,2022-06,
" Wheat bran, 25kg",Orkhon,2022-05,
" Wheat bran, 25kg",Orkhon,2022-04,
" Wheat bran, 25kg",Orkhon,2022-03,15333.0
" Wheat bran, 25kg",Orkhon,2022-02,23333.0
" Wheat bran, 25kg",Orkhon,2022-01,22500.0
" Wheat bran, 25kg",Orkhon,2021-12,20000.0
" Wheat bran, 25kg",Orkhon,2021-11,20000.0
" Wheat bran, 25kg",Orkhon,2021-10,
" Wheat bran, 25kg",Orkhon,2021-09,
" Wheat bran, 25kg",Orkhon,2021-08,
" Wheat bran, 25kg",Orkhon,2021-07,25000.0
" Wheat bran, 25kg",Orkhon,2021-06,
" Wheat bran, 25kg",Orkhon,2021-05,23250.0
" Wheat bran, 25kg",Orkhon,2021-04,20833.0
" Wheat bran, 25kg",Orkhon,2021-03,24000.0
" Wheat bran, 25kg",Orkhon,2021-02,21750.0
" Wheat bran, 25kg",Orkhon,2021-01,22125.0
" Wheat bran, 25kg",Orkhon,2020-12,19000.0
" Wheat bran, 25kg",Orkhon,2020-11,16000.0
" Wheat bran, 25kg",Orkhon,2020-10,16000.0
" Wheat bran, 25kg",Orkhon,2020-09,
" Wheat bran, 25kg",Orkhon,2020-08,
" Wheat bran, 25kg",Orkhon,2020-07,
" Wheat bran, 25kg",Orkhon,2020-06,
" Wheat bran, 25kg",Orkhon,2020-05,14000.0
" Wheat bran, 25kg",Orkhon,2020-04,14500.0
" Wheat bran, 25kg",Orkhon,2020-03,14750.0
" Wheat bran, 25kg",Orkhon,2020-02,16000.0
" Wheat bran, 25kg",Orkhon,2020-01,14500.0
" Wheat bran, 25kg",Orkhon,2019-12,
" Wheat bran, 25kg",Orkhon,2019-11,
" Wheat bran, 25kg",Orkhon,2019-10,
" Wheat bran, 25kg",Orkhon,2019-09,
" Wheat bran, 25kg",Orkhon,2019-08,
" Wheat bran, 25kg",Orkhon,2019-07,
" Wheat bran, 25kg",Orkhon,2019-06,
" Wheat bran, 25kg",Orkhon,2019-05,
" Wheat bran, 25kg",Orkhon,2019-04,
" Wheat bran, 25kg",Orkhon,2019-03,
" Wheat bran, 25kg",Orkhon,2019-02,
" Wheat bran, 25kg",Orkhon,2019-01,
" Wheat bran, 25kg",Orkhon,2018-12,
" Wheat bran, 25kg",Central region,2025-12,
" Wheat bran, 25kg",Central region,2025-11,
" Wheat bran, 25kg",Central region,2025-10,
" Wheat bran, 25kg",Central region,2025-09,
" Wheat bran, 25kg",Central region,2025-08,
" Wheat bran, 25kg",Central region,2025-07,
" Wheat bran, 25kg",Central region,2025-06,
" Wheat bran, 25kg",Central region,2025-05,
" Wheat bran, 25kg",Central region,2025-04,
" Wheat bran, 25kg",Central region,2025-03,
" Wheat bran, 25kg",Central region,2025-02,
" Wheat bran, 25kg",Central region,2025-01,
" Wheat bran, 25kg",Central region,2024-12,
" Wheat bran, 25kg",Central region,2024-11,
" Wheat bran, 25kg",Central region,2024-10,
" Wheat bran, 25kg",Central region,2024-09,
" Wheat bran, 25kg",Central region,2024-08,
" Wheat bran, 25kg",Central region,2024-07,
" Wheat bran, 25kg",Central region,2024-06,
" Wheat bran, 25kg",Central region,2024-05,
" Wheat bran, 25kg",Central region,2024-04,
" Wheat bran, 25kg",Central region,2024-03,
" Wheat bran, 25kg",Central region,2024-02,
" Wheat bran, 25kg",Central region,2024-01,
" Wheat bran, 25kg",Central region,2023-12,
" Wheat bran, 25kg",Central region,2023-11,
" Wheat bran, 25kg",Central region,2023-10,
" Wheat bran, 25kg",Central region,2023-09,
" Wheat bran, 25kg",Central region,2023-08,
" Wheat bran, 25kg",Central region,2023-07,
" Wheat bran, 25kg",Central region,2023-06,
" Wheat bran, 25kg",Central region,2023-05,
" Wheat bran, 25kg",Central region,2023-04,
" Wheat bran, 25kg",Central region,2023-03,
" Wheat bran, 25kg",Central region,2023-02,
" Wheat bran, 25kg",Central region,2023-01,
" Wheat bran, 25kg",Central region,2022-12,
" Wheat bran, 25kg",Central region,2022-11,
" Wheat bran, 25kg",Central region,2022-10,
" Wheat bran, 25kg",Central region,2022-09,
" Wheat bran, 25kg",Central region,2022-08,
" Wheat bran, 25kg",Central region,2022-07,
" Wheat bran, 25kg",Central region,2022-06,
" Wheat bran, 25kg",Central region,2022-05,
" Wheat bran, 25kg",Central region,2022-04,
" Wheat bran, 25kg",Central region,2022-03,
" Wheat bran, 25kg",Central region,2022-02,
" Wheat bran, 25kg",Central region,2022-01,
" Wheat bran, 25kg",Central region,2021-12,
" Wheat bran, 25kg",Central region,2021-11,
" Wheat bran, 25kg",Central region,2021-10,
" Wheat bran, 25kg",Central region,2021-09,
" Wheat bran, 25kg",Central region,2021-08,
" Wheat bran, 25kg",Central region,2021-07,
" Wheat bran, 25kg",Central region,2021-06,
" Wheat bran, 25kg",Central region,2021-05,
" Wheat bran, 25kg",Central region,2021-04,
" Wheat bran, 25kg",Central region,2021-03,
" Wheat bran, 25kg",Central region,2021-02,
" Wheat bran, 25kg",Central region,2021-01,
" Wheat bran, 25kg",Central region,2020-12,
" Wheat bran, 25kg",Central region,2020-11,
" Wheat bran, 25kg",Central region,2020-10,
" Wheat bran, 25kg",Central region,2020-09,
" Wheat bran, 25kg",Central region,2020-08,
" Wheat bran, 25kg",Central region,2020-07,
" Wheat bran, 25kg",Central region,2020-06,
" Wheat bran, 25kg",Central region,2020-05,
" Wheat bran, 25kg",Central region,2020-04,
" Wheat bran, 25kg",Central region,2020-03,
" Wheat bran, 25kg",Central region,2020-02,
" Wheat bran, 25kg",Central region,2020-01,
" Wheat bran, 25kg",Central region,2019-12,
" Wheat bran, 25kg",Central region,2019-11,
" Wheat bran, 25kg",Central region,2019-10,
" Wheat bran, 25kg",Central region,2019-09,
" Wheat bran, 25kg",Central region,2019-08,
" Wheat bran, 25kg",Central region,2019-07,
" Wheat bran, 25kg",Central region,2019-06,
" Wheat bran, 25kg",Central region,2019-05,
" Wheat bran, 25kg",Central region,2019-04,
" Wheat bran, 25kg",Central region,2019-03,
" Wheat bran, 25kg",Central region,2019-02,
" Wheat bran, 25kg",Central region,2019-01,
" Wheat bran, 25kg",Central region,2018-12,
" Wheat bran, 25kg",Govisumber,2025-12,35000.0
" Wheat bran, 25kg",Govisumber,2025-11,30000.0
" Wheat bran, 25kg",Govisumber,2025-10,
" Wheat bran, 25kg",Govisumber,2025-09,22167.0
" Wheat bran, 25kg",Govisumber,2025-08,20750.0
" Wheat bran, 25kg",Govisumber,2025-07,20417.0
" Wheat bran, 25kg",Govisumber,2025-06,20417.0
" Wheat bran, 25kg",Govisumber,2025-05,
" Wheat bran, 25kg",Govisumber,2025-04,19667.0
" Wheat bran, 25kg",Govisumber,2025-03,
" Wheat bran, 25kg",Govisumber,2025-02,
" Wheat bran, 25kg",Govisumber,2025-01,25000.0
" Wheat bran, 25kg",Govisumber,2024-12,25000.0
" Wheat bran, 25kg",Govisumber,2024-11,
" Wheat bran, 25kg",Govisumber,2024-10,
" Wheat bran, 25kg",Govisumber,2024-09,
" Wheat bran, 25kg",Govisumber,2024-08,25000.0
" Wheat bran, 25kg",Govisumber,2024-07,
" Wheat bran, 25kg",Govisumber,2024-06,
" Wheat bran, 25kg",Govisumber,2024-05,
" Wheat bran, 25kg",Govisumber,2024-04,30000.0
" Wheat bran, 25kg",Govisumber,2024-03,30000.0
" Wheat bran, 25kg",Govisumber,2024-02,
" Wheat bran, 25kg",Govisumber,2024-01,
" Wheat bran, 25kg",Govisumber,2023-12,
" Wheat bran, 25kg",Govisumber,2023-11,
" Wheat bran, 25kg",Govisumber,2023-10,
" Wheat bran, 25kg",Govisumber,2023-09,
" Wheat bran, 25kg",Govisumber,2023-08,
" Wheat bran, 25kg",Govisumber,2023-07,
" Wheat bran, 25kg",Govisumber,2023-06,26000.0
" Wheat bran, 25kg",Govisumber,2023-05,
" Wheat bran, 25kg",Govisumber,2023-04,22750.0
" Wheat bran, 25kg",Govisumber,2023-03,
" Wheat bran, 25kg",Govisumber,2023-02,22000.0
" Wheat bran, 25kg",Govisumber,2023-01,
" Wheat bran, 25kg",Govisumber,2022-12,
" Wheat bran, 25kg",Govisumber,2022-11,
" Wheat bran, 25kg",Govisumber,2022-10,
" Wheat bran, 25kg",Govisumber,2022-09,
" Wheat bran, 25kg",Govisumber,2022-08,
" Wheat bran, 25kg",Govisumber,2022-07,15000.0
" Wheat bran, 25kg",Govisumber,2022-06,15000.0
" Wheat bran, 25kg",Govisumber,2022-05,15000.0
" Wheat bran, 25kg",Govisumber,2022-04,18000.0
" Wheat bran, 25kg",Govisumber,2022-03,18000.0
" Wheat bran, 25kg",Govisumber,2022-02,
" Wheat bran, 25kg",Govisumber,2022-01,
" Wheat bran, 25kg",Govisumber,2021-12,
" Wheat bran, 25kg",Govisumber,2021-11,20000.0
" Wheat bran, 25kg",Govisumber,2021-10,20000.0
" Wheat bran, 25kg",Govisumber,2021-09,20000.0
" Wheat bran, 25kg",Govisumber,2021-08,20000.0
" Wheat bran, 25kg",Govisumber,2021-07,20000.0
" Wheat bran, 25kg",Govisumber,2021-06,
" Wheat bran, 25kg",Govisumber,2021-05,23000.0
" Wheat bran, 25kg",Govisumber,2021-04,24333.0
" Wheat bran, 25kg",Govisumber,2021-03,25000.0
" Wheat bran, 25kg",Govisumber,2021-02,25000.0
" Wheat bran, 25kg",Govisumber,2021-01,25000.0
" Wheat bran, 25kg",Govisumber,2020-12,25000.0
" Wheat bran, 25kg",Govisumber,2020-11,23000.0
" Wheat bran, 25kg",Govisumber,2020-10,18000.0
" Wheat bran, 25kg",Govisumber,2020-09,17000.0
" Wheat bran, 25kg",Govisumber,2020-08,
" Wheat bran, 25kg",Govisumber,2020-07,
" Wheat bran, 25kg",Govisumber,2020-06,15000.0
" Wheat bran, 25kg",Govisumber,2020-05,20000.0
" Wheat bran, 25kg",Govisumber,2020-04,
" Wheat bran, 25kg",Govisumber,2020-03,
" Wheat bran, 25kg",Govisumber,2020-02,15000.0
" Wheat bran, 25kg",Govisumber,2020-01,13000.0
" Wheat bran, 25kg",Govisumber,2019-12,
" Wheat bran, 25kg",Govisumber,2019-11,
" Wheat bran, 25kg",Govisumber,2019-10,
" Wheat bran, 25kg",Govisumber,2019-09,
" Wheat bran, 25kg",Govisumber,2019-08,
" Wheat bran, 25kg",Govisumber,2019-07,
" Wheat bran, 25kg",Govisumber,2019-06,
" Wheat bran, 25kg",Govisumber,2019-05,
" Wheat bran, 25kg",Govisumber,2019-04,
" Wheat bran, 25kg",Govisumber,2019-03,
" Wheat bran, 25kg",Govisumber,2019-02,
" Wheat bran, 25kg",Govisumber,2019-01,
" Wheat bran, 25kg",Govisumber,2018-12,
" Wheat bran, 25kg",Darkhan-Uul,2025-12,25750.0
" Wheat bran, 25kg",Darkhan-Uul,2025-11,24500.0
" Wheat bran, 25kg",Darkhan-Uul,2025-10,
" Wheat bran, 25kg",Darkhan-Uul,2025-09,
" Wheat bran, 25kg",Darkhan-Uul,2025-08,
" Wheat bran, 25kg",Darkhan-Uul,2025-07,
" Wheat bran, 25kg",Darkhan-Uul,2025-06,
" Wheat bran, 25kg",Darkhan-Uul,2025-05,
" Wheat bran, 25kg",Darkhan-Uul,2025-04,26000.0
" Wheat bran, 25kg",Darkhan-Uul,2025-03,17000.0
" Wheat bran, 25kg",Darkhan-Uul,2025-02,
" Wheat bran, 25kg",Darkhan-Uul,2025-01,20000.0
" Wheat bran, 25kg",Darkhan-Uul,2024-12,23000.0
" Wheat bran, 25kg",Darkhan-Uul,2024-11,23000.0
" Wheat bran, 25kg",Darkhan-Uul,2024-10,
" Wheat bran, 25kg",Darkhan-Uul,2024-09,
" Wheat bran, 25kg",Darkhan-Uul,2024-08,
" Wheat bran, 25kg",Darkhan-Uul,2024-07,
" Wheat bran, 25kg",Darkhan-Uul,2024-06,
" Wheat bran, 25kg",Darkhan-Uul,2024-05,
" Wheat bran, 25kg",Darkhan-Uul,2024-04,25000.0
" Wheat bran, 25kg",Darkhan-Uul,2024-03,25000.0
" Wheat bran, 25kg",Darkhan-Uul,2024-02,
" Wheat bran, 25kg",Darkhan-Uul,2024-01,28000.0
" Wheat bran, 25kg",Darkhan-Uul,2023-12,28000.0
" Wheat bran, 25kg",Darkhan-Uul,2023-11,23000.0
" Wheat bran, 25kg",Darkhan-Uul,2023-10,
" Wheat bran, 25kg",Darkhan-Uul,2023-09,
" Wheat bran, 25kg",Darkhan-Uul,2023-08,
" Wheat bran, 25kg",Darkhan-Uul,2023-07,
" Wheat bran, 25kg",Darkhan-Uul,2023-06,
" Wheat bran, 25kg",Darkhan-Uul,2023-05,
" Wheat bran, 25kg",Darkhan-Uul,2023-04,
" Wheat bran, 25kg",Darkhan-Uul,2023-03,17500.0
" Wheat bran, 25kg",Darkhan-Uul,2023-02,17500.0
" Wheat bran, 25kg",Darkhan-Uul,2023-01,17250.0
" Wheat bran, 25kg",Darkhan-Uul,2022-12,15000.0
" Wheat bran, 25kg",Darkhan-Uul,2022-11,15000.0
" Wheat bran, 25kg",Darkhan-Uul,2022-10,15000.0
" Wheat bran, 25kg",Darkhan-Uul,2022-09,15000.0
" Wheat bran, 25kg",Darkhan-Uul,2022-08,
" Wheat bran, 25kg",Darkhan-Uul,2022-07,
" Wheat bran, 25kg",Darkhan-Uul,2022-06,
" Wheat bran, 25kg",Darkhan-Uul,2022-05,10000.0
" Wheat bran, 25kg",Darkhan-Uul,2022-04,10000.0
" Wheat bran, 25kg",Darkhan-Uul,2022-03,10000.0
" Wheat bran, 25kg",Darkhan-Uul,2022-02,
" Wheat bran, 25kg",Darkhan-Uul,2022-01,
" Wheat bran, 25kg",Darkhan-Uul,2021-12,
" Wheat bran, 25kg",Darkhan-Uul,2021-11,
" Wheat bran, 25kg",Darkhan-Uul,2021-10,
" Wheat bran, 25kg",Darkhan-Uul,2021-09,
" Wheat bran, 25kg",Darkhan-Uul,2021-08,
" Wheat bran, 25kg",Darkhan-Uul,2021-07,
" Wheat bran, 25kg",Darkhan-Uul,2021-06,
" Wheat bran, 25kg",Darkhan-Uul,2021-05,
" Wheat bran, 25kg",Darkhan-Uul,2021-04,
" Wheat bran, 25kg",Darkhan-Uul,2021-03,13200.0
" Wheat bran, 25kg",Darkhan-Uul,2021-02,13200.0
" Wheat bran, 25kg",Darkhan-Uul,2021-01,13200.0
" Wheat bran, 25kg",Darkhan-Uul,2020-12,18000.0
" Wheat bran, 25kg",Darkhan-Uul,2020-11,
" Wheat bran, 25kg",Darkhan-Uul,2020-10,
" Wheat bran, 25kg",Darkhan-Uul,2020-09,
" Wheat bran, 25kg",Darkhan-Uul,2020-08,
" Wheat bran, 25kg",Darkhan-Uul,2020-07,
" Wheat bran, 25kg",Darkhan-Uul,2020-06,
" Wheat bran, 25kg",Darkhan-Uul,2020-05,
" Wheat bran, 25kg",Darkhan-Uul,2020-04,
" Wheat bran, 25kg",Darkhan-Uul,2020-03,
" Wheat bran, 25kg",Darkhan-Uul,2020-02,
" Wheat bran, 25kg",Darkhan-Uul,2020-01,
" Wheat bran, 25kg",Darkhan-Uul,2019-12,
" Wheat bran, 25kg",Darkhan-Uul,2019-11,
" Wheat bran, 25kg",Darkhan-Uul,2019-10,
" Wheat bran, 25kg",Darkhan-Uul,2019-09,
" Wheat bran, 25kg",Darkhan-Uul,2019-08,
" Wheat bran, 25kg",Darkhan-Uul,2019-07,
" Wheat bran, 25kg",Darkhan-Uul,2019-06,
" Wheat bran, 25kg",Darkhan-Uul,2019-05,
" Wheat bran, 25kg",Darkhan-Uul,2019-04,
" Wheat bran, 25kg",Darkhan-Uul,2019-03,
" Wheat bran, 25kg",Darkhan-Uul,2019-02,
" Wheat bran, 25kg",Darkhan-Uul,2019-01,
" Wheat bran, 25kg",Darkhan-Uul,2018-12,
" Wheat bran, 25kg",Dornogovi,2025-12,20750.0
" Wheat bran, 25kg",Dornogovi,2025-11,20750.0
" Wheat bran, 25kg",Dornogovi,2025-10,
" Wheat bran, 25kg",Dornogovi,2025-09,23000.0
" Wheat bran, 25kg",Dornogovi,2025-08,26000.0
" Wheat bran, 25kg",Dornogovi,2025-07,25417.0
" Wheat bran, 25kg",Dornogovi,2025-06,25417.0
" Wheat bran, 25kg",Dornogovi,2025-05,20417.0
" Wheat bran, 25kg",Dornogovi,2025-04,23000.0
" Wheat bran, 25kg",Dornogovi,2025-03,22500.0
" Wheat bran, 25kg",Dornogovi,2025-02,22500.0
" Wheat bran, 25kg",Dornogovi,2025-01,26800.0
" Wheat bran, 25kg",Dornogovi,2024-12,25000.0
" Wheat bran, 25kg",Dornogovi,2024-11,25000.0
" Wheat bran, 25kg",Dornogovi,2024-10,
" Wheat bran, 25kg",Dornogovi,2024-09,
" Wheat bran, 25kg",Dornogovi,2024-08,
" Wheat bran, 25kg",Dornogovi,2024-07,
" Wheat bran, 25kg",Dornogovi,2024-06,
" Wheat bran, 25kg",Dornogovi,2024-05,
" Wheat bran, 25kg",Dornogovi,2024-04,27000.0
" Wheat bran, 25kg",Dornogovi,2024-03,26250.0
" Wheat bran, 25kg",Dornogovi,2024-02,29000.0
" Wheat bran, 25kg",Dornogovi,2024-01,28857.0
" Wheat bran, 25kg",Dornogovi,2023-12,29600.0
" Wheat bran, 25kg",Dornogovi,2023-11,29333.0
" Wheat bran, 25kg",Dornogovi,2023-10,25000.0
" Wheat bran, 25kg",Dornogovi,2023-09,25667.0
" Wheat bran, 25kg",Dornogovi,2023-08,25667.0
" Wheat bran, 25kg",Dornogovi,2023-07,25667.0
" Wheat bran, 25kg",Dornogovi,2023-06,26000.0
" Wheat bran, 25kg",Dornogovi,2023-05,28250.0
" Wheat bran, 25kg",Dornogovi,2023-04,24500.0
" Wheat bran, 25kg",Dornogovi,2023-03,22800.0
" Wheat bran, 25kg",Dornogovi,2023-02,23000.0
" Wheat bran, 25kg",Dornogovi,2023-01,23100.0
" Wheat bran, 25kg",Dornogovi,2022-12,22500.0
" Wheat bran, 25kg",Dornogovi,2022-11,22000.0
" Wheat bran, 25kg",Dornogovi,2022-10,23000.0
" Wheat bran, 25kg",Dornogovi,2022-09,20000.0
" Wheat bran, 25kg",Dornogovi,2022-08,21500.0
" Wheat bran, 25kg",Dornogovi,2022-07,21500.0
" Wheat bran, 25kg",Dornogovi,2022-06,21500.0
" Wheat bran, 25kg",Dornogovi,2022-05,16000.0
" Wheat bran, 25kg",Dornogovi,2022-04,20000.0
" Wheat bran, 25kg",Dornogovi,2022-03,19833.0
" Wheat bran, 25kg",Dornogovi,2022-02,22250.0
" Wheat bran, 25kg",Dornogovi,2022-01,21600.0
" Wheat bran, 25kg",Dornogovi,2021-12,22125.0
" Wheat bran, 25kg",Dornogovi,2021-11,21500.0
" Wheat bran, 25kg",Dornogovi,2021-10,22875.0
" Wheat bran, 25kg",Dornogovi,2021-09,24900.0
" Wheat bran, 25kg",Dornogovi,2021-08,24375.0
" Wheat bran, 25kg",Dornogovi,2021-07,22500.0
" Wheat bran, 25kg",Dornogovi,2021-06,
" Wheat bran, 25kg",Dornogovi,2021-05,23875.0
" Wheat bran, 25kg",Dornogovi,2021-04,24583.0
" Wheat bran, 25kg",Dornogovi,2021-03,21250.0
" Wheat bran, 25kg",Dornogovi,2021-02,23188.0
" Wheat bran, 25kg",Dornogovi,2021-01,24900.0
" Wheat bran, 25kg",Dornogovi,2020-12,15667.0
" Wheat bran, 25kg",Dornogovi,2020-11,15875.0
" Wheat bran, 25kg",Dornogovi,2020-10,15333.0
" Wheat bran, 25kg",Dornogovi,2020-09,12000.0
" Wheat bran, 25kg",Dornogovi,2020-08,15167.0
" Wheat bran, 25kg",Dornogovi,2020-07,15167.0
" Wheat bran, 25kg",Dornogovi,2020-06,19500.0
" Wheat bran, 25kg",Dornogovi,2020-05,19500.0
" Wheat bran, 25kg",Dornogovi,2020-04,17400.0
" Wheat bran, 25kg",Dornogovi,2020-03,17200.0
" Wheat bran, 25kg",Dornogovi,2020-02,15500.0
" Wheat bran, 25kg",Dornogovi,2020-01,14600.0
" Wheat bran, 25kg",Dornogovi,2019-12,
" Wheat bran, 25kg",Dornogovi,2019-11,
" Wheat bran, 25kg",Dornogovi,2019-10,
" Wheat bran, 25kg",Dornogovi,2019-09,
" Wheat bran, 25kg",Dornogovi,2019-08,
" Wheat bran, 25kg",Dornogovi,2019-07,
" Wheat bran, 25kg",Dornogovi,2019-06,
" Wheat bran, 25kg",Dornogovi,2019-05,
" Wheat bran, 25kg",Dornogovi,2019-04,
" Wheat bran, 25kg",Dornogovi,2019-03,
" Wheat bran, 25kg",Dornogovi,2019-02,
" Wheat bran, 25kg",Dornogovi,2019-01,
" Wheat bran, 25kg",Dornogovi,2018-12,
" Wheat bran, 25kg",Dundgovi,2025-12,27000.0
" Wheat bran, 25kg",Dundgovi,2025-11,27750.0
" Wheat bran, 25kg",Dundgovi,2025-10,
" Wheat bran, 25kg",Dundgovi,2025-09,22000.0
" Wheat bran, 25kg",Dundgovi,2025-08,22000.0
" Wheat bran, 25kg",Dundgovi,2025-07,22000.0
" Wheat bran, 25kg",Dundgovi,2025-06,
" Wheat bran, 25kg",Dundgovi,2025-05,25000.0
" Wheat bran, 25kg",Dundgovi,2025-04,22000.0
" Wheat bran, 25kg",Dundgovi,2025-03,25667.0
" Wheat bran, 25kg",Dundgovi,2025-02,26500.0
" Wheat bran, 25kg",Dundgovi,2025-01,28000.0
" Wheat bran, 25kg",Dundgovi,2024-12,28000.0
" Wheat bran, 25kg",Dundgovi,2024-11,28000.0
" Wheat bran, 25kg",Dundgovi,2024-10,28000.0
" Wheat bran, 25kg",Dundgovi,2024-09,28000.0
" Wheat bran, 25kg",Dundgovi,2024-08,28000.0
" Wheat bran, 25kg",Dundgovi,2024-07,
" Wheat bran, 25kg",Dundgovi,2024-06,
" Wheat bran, 25kg",Dundgovi,2024-05,
" Wheat bran, 25kg",Dundgovi,2024-04,30000.0
" Wheat bran, 25kg",Dundgovi,2024-03,
" Wheat bran, 25kg",Dundgovi,2024-02,
" Wheat bran, 25kg",Dundgovi,2024-01,
" Wheat bran, 25kg",Dundgovi,2023-12,
" Wheat bran, 25kg",Dundgovi,2023-11,26500.0
" Wheat bran, 25kg",Dundgovi,2023-10,
" Wheat bran, 25kg",Dundgovi,2023-09,
" Wheat bran, 25kg",Dundgovi,2023-08,
" Wheat bran, 25kg",Dundgovi,2023-07,
" Wheat bran, 25kg",Dundgovi,2023-06,
" Wheat bran, 25kg",Dundgovi,2023-05,
" Wheat bran, 25kg",Dundgovi,2023-04,
" Wheat bran, 25kg",Dundgovi,2023-03,
" Wheat bran, 25kg",Dundgovi,2023-02,25000.0
" Wheat bran, 25kg",Dundgovi,2023-01,
" Wheat bran, 25kg",Dundgovi,2022-12,
" Wheat bran, 25kg",Dundgovi,2022-11,
" Wheat bran, 25kg",Dundgovi,2022-10,
" Wheat bran, 25kg",Dundgovi,2022-09,
" Wheat bran, 25kg",Dundgovi,2022-08,
" Wheat bran, 25kg",Dundgovi,2022-07,
" Wheat bran, 25kg",Dundgovi,2022-06,
" Wheat bran, 25kg",Dundgovi,2022-05,
" Wheat bran, 25kg",Dundgovi,2022-04,
" Wheat bran, 25kg",Dundgovi,2022-03,
" Wheat bran, 25kg",Dundgovi,2022-02,21000.0
" Wheat bran, 25kg",Dundgovi,2022-01,
" Wheat bran, 25kg",Dundgovi,2021-12,
" Wheat bran, 25kg",Dundgovi,2021-11,
" Wheat bran, 25kg",Dundgovi,2021-10,21000.0
" Wheat bran, 25kg",Dundgovi,2021-09,
" Wheat bran, 25kg",Dundgovi,2021-08,
" Wheat bran, 25kg",Dundgovi,2021-07,
" Wheat bran, 25kg",Dundgovi,2021-06,
" Wheat bran, 25kg",Dundgovi,2021-05,
" Wheat bran, 25kg",Dundgovi,2021-04,16000.0
" Wheat bran, 25kg",Dundgovi,2021-03,
" Wheat bran, 25kg",Dundgovi,2021-02,
" Wheat bran, 25kg",Dundgovi,2021-01,24000.0
" Wheat bran, 25kg",Dundgovi,2020-12,
" Wheat bran, 25kg",Dundgovi,2020-11,
" Wheat bran, 25kg",Dundgovi,2020-10,
" Wheat bran, 25kg",Dundgovi,2020-09,
" Wheat bran, 25kg",Dundgovi,2020-08,
" Wheat bran, 25kg",Dundgovi,2020-07,
" Wheat bran, 25kg",Dundgovi,2020-06,
" Wheat bran, 25kg",Dundgovi,2020-05,
" Wheat bran, 25kg",Dundgovi,2020-04,15000.0
" Wheat bran, 25kg",Dundgovi,2020-03,15000.0
" Wheat bran, 25kg",Dundgovi,2020-02,15000.0
" Wheat bran, 25kg",Dundgovi,2020-01,16000.0
" Wheat bran, 25kg",Dundgovi,2019-12,
" Wheat bran, 25kg",Dundgovi,2019-11,
" Wheat bran, 25kg",Dundgovi,2019-10,
" Wheat bran, 25kg",Dundgovi,2019-09,
" Wheat bran, 25kg",Dundgovi,2019-08,
" Wheat bran, 25kg",Dundgovi,2019-07,
" Wheat bran, 25kg",Dundgovi,2019-06,
" Wheat bran, 25kg",Dundgovi,2019-05,
" Wheat bran, 25kg",Dundgovi,2019-04,
" Wheat bran, 25kg",Dundgovi,2019-03,
" Wheat bran, 25kg",Dundgovi,2019-02,
" Wheat bran, 25kg",Dundgovi,2019-01,
" Wheat bran, 25kg",Dundgovi,2018-12,
" Wheat bran, 25kg",Umnugovi,2025-12,30667.0
" Wheat bran, 25kg",Umnugovi,2025-11,
" Wheat bran, 25kg",Umnugovi,2025-10,
" Wheat bran, 25kg",Umnugovi,2025-09,23571.0
" Wheat bran, 25kg",Umnugovi,2025-08,22600.0
" Wheat bran, 25kg",Umnugovi,2025-07,22500.0
" Wheat bran, 25kg",Umnugovi,2025-06,21900.0
" Wheat bran, 25kg",Umnugovi,2025-05,24250.0
" Wheat bran, 25kg",Umnugovi,2025-04,24250.0
" Wheat bran, 25kg",Umnugovi,2025-03,23800.0
" Wheat bran, 25kg",Umnugovi,2025-02,27333.0
" Wheat bran, 25kg",Umnugovi,2025-01,25000.0
" Wheat bran, 25kg",Umnugovi,2024-12,27000.0
" Wheat bran, 25kg",Umnugovi,2024-11,
" Wheat bran, 25kg",Umnugovi,2024-10,
" Wheat bran, 25kg",Umnugovi,2024-09,
" Wheat bran, 25kg",Umnugovi,2024-08,
" Wheat bran, 25kg",Umnugovi,2024-07,
" Wheat bran, 25kg",Umnugovi,2024-06,26500.0
" Wheat bran, 25kg",Umnugovi,2024-05,22500.0
" Wheat bran, 25kg",Umnugovi,2024-04,24250.0
" Wheat bran, 25kg",Umnugovi,2024-03,20667.0
" Wheat bran, 25kg",Umnugovi,2024-02,24250.0
" Wheat bran, 25kg",Umnugovi,2024-01,24400.0
" Wheat bran, 25kg",Umnugovi,2023-12,31000.0
" Wheat bran, 25kg",Umnugovi,2023-11,31000.0
" Wheat bran, 25kg",Umnugovi,2023-10,
" Wheat bran, 25kg",Umnugovi,2023-09,
" Wheat bran, 25kg",Umnugovi,2023-08,
" Wheat bran, 25kg",Umnugovi,2023-07,23000.0
" Wheat bran, 25kg",Umnugovi,2023-06,24000.0
" Wheat bran, 25kg",Umnugovi,2023-05,29500.0
" Wheat bran, 25kg",Umnugovi,2023-04,24200.0
" Wheat bran, 25kg",Umnugovi,2023-03,23250.0
" Wheat bran, 25kg",Umnugovi,2023-02,21700.0
" Wheat bran, 25kg",Umnugovi,2023-01,22500.0
" Wheat bran, 25kg",Umnugovi,2022-12,21750.0
" Wheat bran, 25kg",Umnugovi,2022-11,21250.0
" Wheat bran, 25kg",Umnugovi,2022-10,21167.0
" Wheat bran, 25kg",Umnugovi,2022-09,21833.0
" Wheat bran, 25kg",Umnugovi,2022-08,21000.0
" Wheat bran, 25kg",Umnugovi,2022-07,17167.0
" Wheat bran, 25kg",Umnugovi,2022-06,17875.0
" Wheat bran, 25kg",Umnugovi,2022-05,15250.0
" Wheat bran, 25kg",Umnugovi,2022-04,17833.0
" Wheat bran, 25kg",Umnugovi,2022-03,23167.0
" Wheat bran, 25kg",Umnugovi,2022-02,18088.0
" Wheat bran, 25kg",Umnugovi,2022-01,24000.0
" Wheat bran, 25kg",Umnugovi,2021-12,22375.0
" Wheat bran, 25kg",Umnugovi,2021-11,20750.0
" Wheat bran, 25kg",Umnugovi,2021-10,23000.0
" Wheat bran, 25kg",Umnugovi,2021-09,23000.0
" Wheat bran, 25kg",Umnugovi,2021-08,20750.0
" Wheat bran, 25kg",Umnugovi,2021-07,23167.0
" Wheat bran, 25kg",Umnugovi,2021-06,
" Wheat bran, 25kg",Umnugovi,2021-05,20750.0
" Wheat bran, 25kg",Umnugovi,2021-04,23167.0
" Wheat bran, 25kg",Umnugovi,2021-03,22750.0
" Wheat bran, 25kg",Umnugovi,2021-02,25000.0
" Wheat bran, 25kg",Umnugovi,2021-01,21900.0
" Wheat bran, 25kg",Umnugovi,2020-12,21500.0
" Wheat bran, 25kg",Umnugovi,2020-11,
" Wheat bran, 25kg",Umnugovi,2020-10,17500.0
" Wheat bran, 25kg",Umnugovi,2020-09,
" Wheat bran, 25kg",Umnugovi,2020-08,12750.0
" Wheat bran, 25kg",Umnugovi,2020-07,12750.0
" Wheat bran, 25kg",Umnugovi,2020-06,12750.0
" Wheat bran, 25kg",Umnugovi,2020-05,17500.0
" Wheat bran, 25kg",Umnugovi,2020-04,17667.0
" Wheat bran, 25kg",Umnugovi,2020-03,16375.0
" Wheat bran, 25kg",Umnugovi,2020-02,16000.0
" Wheat bran, 25kg",Umnugovi,2020-01,15900.0
" Wheat bran, 25kg",Umnugovi,2019-12,
" Wheat bran, 25kg",Umnugovi,2019-11,
" Wheat bran, 25kg",Umnugovi,2019-10,
" Wheat bran, 25kg",Umnugovi,2019-09,
" Wheat bran, 25kg",Umnugovi,2019-08,
" Wheat bran, 25kg",Umnugovi,2019-07,
" Wheat bran, 25kg",Umnugovi,2019-06,
" Wheat bran, 25kg",Umnugovi,2019-05,
" Wheat bran, 25kg",Umnugovi,2019-04,
" Wheat bran, 25kg",Umnugovi,2019-03,
" Wheat bran, 25kg",Umnugovi,2019-02,
" Wheat bran, 25kg",Umnugovi,2019-01,
" Wheat bran, 25kg",Umnugovi,2018-12,
" Wheat bran, 25kg",Selenge,2025-12,30600.0
" Wheat bran, 25kg",Selenge,2025-11,25667.0
" Wheat bran, 25kg",Selenge,2025-10,22000.0
" Wheat bran, 25kg",Selenge,2025-09,22000.0
" Wheat bran, 25kg",Selenge,2025-08,21000.0
" Wheat bran, 25kg",Selenge,2025-07,21000.0
" Wheat bran, 25kg",Selenge,2025-06,
" Wheat bran, 25kg",Selenge,2025-05,18000.0
" Wheat bran, 25kg",Selenge,2025-04,23000.0
" Wheat bran, 25kg",Selenge,2025-03,22000.0
" Wheat bran, 25kg",Selenge,2025-02,26500.0
" Wheat bran, 25kg",Selenge,2025-01,24333.0
" Wheat bran, 25kg",Selenge,2024-12,23800.0
" Wheat bran, 25kg",Selenge,2024-11,26900.0
" Wheat bran, 25kg",Selenge,2024-10,22000.0
" Wheat bran, 25kg",Selenge,2024-09,22250.0
" Wheat bran, 25kg",Selenge,2024-08,
" Wheat bran, 25kg",Selenge,2024-07,
" Wheat bran, 25kg",Selenge,2024-06,
" Wheat bran, 25kg",Selenge,2024-05,26000.0
" Wheat bran, 25kg",Selenge,2024-04,27000.0
" Wheat bran, 25kg",Selenge,2024-03,25889.0
" Wheat bran, 25kg",Selenge,2024-02,24000.0
" Wheat bran, 25kg",Selenge,2024-01,25000.0
" Wheat bran, 25kg",Selenge,2023-12,26600.0
" Wheat bran, 25kg",Selenge,2023-11,25000.0
" Wheat bran, 25kg",Selenge,2023-10,23667.0
" Wheat bran, 25kg",Selenge,2023-09,25000.0
" Wheat bran, 25kg",Selenge,2023-08,25000.0
" Wheat bran, 25kg",Selenge,2023-07,25000.0
" Wheat bran, 25kg",Selenge,2023-06,21500.0
" Wheat bran, 25kg",Selenge,2023-05,19250.0
" Wheat bran, 25kg",Selenge,2023-04,17375.0
" Wheat bran, 25kg",Selenge,2023-03,19917.0
" Wheat bran, 25kg",Selenge,2023-02,18000.0
" Wheat bran, 25kg",Selenge,2023-01,17400.0
" Wheat bran, 25kg",Selenge,2022-12,20400.0
" Wheat bran, 25kg",Selenge,2022-11,20750.0
" Wheat bran, 25kg",Selenge,2022-10,20000.0
" Wheat bran, 25kg",Selenge,2022-09,20000.0
" Wheat bran, 25kg",Selenge,2022-08,16333.0
" Wheat bran, 25kg",Selenge,2022-07,14000.0
" Wheat bran, 25kg",Selenge,2022-06,14750.0
" Wheat bran, 25kg",Selenge,2022-05,14750.0
" Wheat bran, 25kg",Selenge,2022-04,14400.0
" Wheat bran, 25kg",Selenge,2022-03,16714.0
" Wheat bran, 25kg",Selenge,2022-02,17300.0
" Wheat bran, 25kg",Selenge,2022-01,18250.0
" Wheat bran, 25kg",Selenge,2021-12,22800.0
" Wheat bran, 25kg",Selenge,2021-11,19250.0
" Wheat bran, 25kg",Selenge,2021-10,18000.0
" Wheat bran, 25kg",Selenge,2021-09,16000.0
" Wheat bran, 25kg",Selenge,2021-08,16500.0
" Wheat bran, 25kg",Selenge,2021-07,15000.0
" Wheat bran, 25kg",Selenge,2021-06,
" Wheat bran, 25kg",Selenge,2021-05,16667.0
" Wheat bran, 25kg",Selenge,2021-04,19143.0
" Wheat bran, 25kg",Selenge,2021-03,20813.0
" Wheat bran, 25kg",Selenge,2021-02,21917.0
" Wheat bran, 25kg",Selenge,2021-01,20100.0
" Wheat bran, 25kg",Selenge,2020-12,19125.0
" Wheat bran, 25kg",Selenge,2020-11,15900.0
" Wheat bran, 25kg",Selenge,2020-10,14400.0
" Wheat bran, 25kg",Selenge,2020-09,13666.0
" Wheat bran, 25kg",Selenge,2020-08,11000.0
" Wheat bran, 25kg",Selenge,2020-07,12500.0
" Wheat bran, 25kg",Selenge,2020-06,12500.0
" Wheat bran, 25kg",Selenge,2020-05,12000.0
" Wheat bran, 25kg",Selenge,2020-04,13000.0
" Wheat bran, 25kg",Selenge,2020-03,12667.0
" Wheat bran, 25kg",Selenge,2020-02,12000.0
" Wheat bran, 25kg",Selenge,2020-01,11500.0
" Wheat bran, 25kg",Selenge,2019-12,
" Wheat bran, 25kg",Selenge,2019-11,
" Wheat bran, 25kg",Selenge,2019-10,
" Wheat bran, 25kg",Selenge,2019-09,
" Wheat bran, 25kg",Selenge,2019-08,
" Wheat bran, 25kg",Selenge,2019-07,
" Wheat bran, 25kg",Selenge,2019-06,
" Wheat bran, 25kg",Selenge,2019-05,
" Wheat bran, 25kg",Selenge,2019-04,
" Wheat bran, 25kg",Selenge,2019-03,
" Wheat bran, 25kg",Selenge,2019-02,
" Wheat bran, 25kg",Selenge,2019-01,
" Wheat bran, 25kg",Selenge,2018-12,
" Wheat bran, 25kg",Tuv,2025-12,26450.0
" Wheat bran, 25kg",Tuv,2025-11,25350.0
" Wheat bran, 25kg",Tuv,2025-10,24250.0
" Wheat bran, 25kg",Tuv,2025-09,27000.0
" Wheat bran, 25kg",Tuv,2025-08,
" Wheat bran, 25kg",Tuv,2025-07,
" Wheat bran, 25kg",Tuv,2025-06,
" Wheat bran, 25kg",Tuv,2025-05,21900.0
" Wheat bran, 25kg",Tuv,2025-04,27500.0
" Wheat bran, 25kg",Tuv,2025-03,21500.0
" Wheat bran, 25kg",Tuv,2025-02,21333.0
" Wheat bran, 25kg",Tuv,2025-01,21875.0
" Wheat bran, 25kg",Tuv,2024-12,23143.0
" Wheat bran, 25kg",Tuv,2024-11,23688.0
" Wheat bran, 25kg",Tuv,2024-10,21833.0
" Wheat bran, 25kg",Tuv,2024-09,22286.0
" Wheat bran, 25kg",Tuv,2024-08,22000.0
" Wheat bran, 25kg",Tuv,2024-07,23800.0
" Wheat bran, 25kg",Tuv,2024-06,22000.0
" Wheat bran, 25kg",Tuv,2024-05,25667.0
" Wheat bran, 25kg",Tuv,2024-04,25667.0
" Wheat bran, 25kg",Tuv,2024-03,27654.0
" Wheat bran, 25kg",Tuv,2024-02,26143.0
" Wheat bran, 25kg",Tuv,2024-01,24846.0
" Wheat bran, 25kg",Tuv,2023-12,27250.0
" Wheat bran, 25kg",Tuv,2023-11,27250.0
" Wheat bran, 25kg",Tuv,2023-10,23167.0
" Wheat bran, 25kg",Tuv,2023-09,22917.0
" Wheat bran, 25kg",Tuv,2023-08,21429.0
" Wheat bran, 25kg",Tuv,2023-07,23000.0
" Wheat bran, 25kg",Tuv,2023-06,25250.0
" Wheat bran, 25kg",Tuv,2023-05,25550.0
" Wheat bran, 25kg",Tuv,2023-04,26357.0
" Wheat bran, 25kg",Tuv,2023-03,19611.0
" Wheat bran, 25kg",Tuv,2023-02,19389.0
" Wheat bran, 25kg",Tuv,2023-01,35000.0
" Wheat bran, 25kg",Tuv,2022-12,17900.0
" Wheat bran, 25kg",Tuv,2022-11,19500.0
" Wheat bran, 25kg",Tuv,2022-10,18300.0
" Wheat bran, 25kg",Tuv,2022-09,18857.0
" Wheat bran, 25kg",Tuv,2022-08,17167.0
" Wheat bran, 25kg",Tuv,2022-07,18500.0
" Wheat bran, 25kg",Tuv,2022-06,11000.0
" Wheat bran, 25kg",Tuv,2022-05,12643.0
" Wheat bran, 25kg",Tuv,2022-04,14167.0
" Wheat bran, 25kg",Tuv,2022-03,15917.0
" Wheat bran, 25kg",Tuv,2022-02,16500.0
" Wheat bran, 25kg",Tuv,2022-01,17700.0
" Wheat bran, 25kg",Tuv,2021-12,18250.0
" Wheat bran, 25kg",Tuv,2021-11,18200.0
" Wheat bran, 25kg",Tuv,2021-10,16100.0
" Wheat bran, 25kg",Tuv,2021-09,16800.0
" Wheat bran, 25kg",Tuv,2021-08,17700.0
" Wheat bran, 25kg",Tuv,2021-07,17900.0
" Wheat bran, 25kg",Tuv,2021-06,
" Wheat bran, 25kg",Tuv,2021-05,19250.0
" Wheat bran, 25kg",Tuv,2021-04,19538.0
" Wheat bran, 25kg",Tuv,2021-03,19633.0
" Wheat bran, 25kg",Tuv,2021-02,21781.0
" Wheat bran, 25kg",Tuv,2021-01,22911.0
" Wheat bran, 25kg",Tuv,2020-12,22962.0
" Wheat bran, 25kg",Tuv,2020-11,17857.0
" Wheat bran, 25kg",Tuv,2020-10,15333.0
" Wheat bran, 25kg",Tuv,2020-09,15571.0
" Wheat bran, 25kg",Tuv,2020-08,14400.0
" Wheat bran, 25kg",Tuv,2020-07,15100.0
" Wheat bran, 25kg",Tuv,2020-06,15000.0
" Wheat bran, 25kg",Tuv,2020-05,15250.0
" Wheat bran, 25kg",Tuv,2020-04,15167.0
" Wheat bran, 25kg",Tuv,2020-03,14442.0
" Wheat bran, 25kg",Tuv,2020-02,14480.0
" Wheat bran, 25kg",Tuv,2020-01,14600.0
" Wheat bran, 25kg",Tuv,2019-12,
" Wheat bran, 25kg",Tuv,2019-11,
" Wheat bran, 25kg",Tuv,2019-10,
" Wheat bran, 25kg",Tuv,2019-09,
" Wheat bran, 25kg",Tuv,2019-08,
" Wheat bran, 25kg",Tuv,2019-07,
" Wheat bran, 25kg",Tuv,2019-06,
" Wheat bran, 25kg",Tuv,2019-05,
" Wheat bran, 25kg",Tuv,2019-04,
" Wheat bran, 25kg",Tuv,2019-03,
" Wheat bran, 25kg",Tuv,2019-02,
" Wheat bran, 25kg",Tuv,2019-01,
" Wheat bran, 25kg",Tuv,2018-12,
" Wheat bran, 25kg",Eastern region,2025-12,
" Wheat bran, 25kg",Eastern region,2025-11,
" Wheat bran, 25kg",Eastern region,2025-10,
" Wheat bran, 25kg",Eastern region,2025-09,
" Wheat bran, 25kg",Eastern region,2025-08,
" Wheat bran, 25kg",Eastern region,2025-07,
" Wheat bran, 25kg",Eastern region,2025-06,
" Wheat bran, 25kg",Eastern region,2025-05,
" Wheat bran, 25kg",Eastern region,2025-04,
" Wheat bran, 25kg",Eastern region,2025-03,
" Wheat bran, 25kg",Eastern region,2025-02,
" Wheat bran, 25kg",Eastern region,2025-01,
" Wheat bran, 25kg",Eastern region,2024-12,
" Wheat bran, 25kg",Eastern region,2024-11,
" Wheat bran, 25kg",Eastern region,2024-10,
" Wheat bran, 25kg",Eastern region,2024-09,
" Wheat bran, 25kg",Eastern region,2024-08,
" Wheat bran, 25kg",Eastern region,2024-07,
" Wheat bran, 25kg",Eastern region,2024-06,
" Wheat bran, 25kg",Eastern region,2024-05,
" Wheat bran, 25kg",Eastern region,2024-04,
" Wheat bran, 25kg",Eastern region,2024-03,
" Wheat bran, 25kg",Eastern region,2024-02,
" Wheat bran, 25kg",Eastern region,2024-01,
" Wheat bran, 25kg",Eastern region,2023-12,
" Wheat bran, 25kg",Eastern region,2023-11,
" Wheat bran, 25kg",Eastern region,2023-10,
" Wheat bran, 25kg",Eastern region,2023-09,
" Wheat bran, 25kg",Eastern region,2023-08,
" Wheat bran, 25kg",Eastern region,2023-07,
" Wheat bran, 25kg",Eastern region,2023-06,
" Wheat bran, 25kg",Eastern region,2023-05,
" Wheat bran, 25kg",Eastern region,2023-04,
" Wheat bran, 25kg",Eastern region,2023-03,
" Wheat bran, 25kg",Eastern region,2023-02,
" Wheat bran, 25kg",Eastern region,2023-01,
" Wheat bran, 25kg",Eastern region,2022-12,
" Wheat bran, 25kg",Eastern region,2022-11,
" Wheat bran, 25kg",Eastern region,2022-10,
" Wheat bran, 25kg",Eastern region,2022-09,
" Wheat bran, 25kg",Eastern region,2022-08,
" Wheat bran, 25kg",Eastern region,2022-07,
" Wheat bran, 25kg",Eastern region,2022-06,
" Wheat bran, 25kg",Eastern region,2022-05,
" Wheat bran, 25kg",Eastern region,2022-04,
" Wheat bran, 25kg",Eastern region,2022-03,
" Wheat bran, 25kg",Eastern region,2022-02,
" Wheat bran, 25kg",Eastern region,2022-01,
" Wheat bran, 25kg",Eastern region,2021-12,
" Wheat bran, 25kg",Eastern region,2021-11,
" Wheat bran, 25kg",Eastern region,2021-10,
" Wheat bran, 25kg",Eastern region,2021-09,
" Wheat bran, 25kg",Eastern region,2021-08,
" Wheat bran, 25kg",Eastern region,2021-07,
" Wheat bran, 25kg",Eastern region,2021-06,
" Wheat bran, 25kg",Eastern region,2021-05,
" Wheat bran, 25kg",Eastern region,2021-04,
" Wheat bran, 25kg",Eastern region,2021-03,
" Wheat bran, 25kg",Eastern region,2021-02,
" Wheat bran, 25kg",Eastern region,2021-01,
" Wheat bran, 25kg",Eastern region,2020-12,
" Wheat bran, 25kg",Eastern region,2020-11,
" Wheat bran, 25kg",Eastern region,2020-10,
" Wheat bran, 25kg",Eastern region,2020-09,
" Wheat bran, 25kg",Eastern region,2020-08,
" Wheat bran, 25kg",Eastern region,2020-07,
" Wheat bran, 25kg",Eastern region,2020-06,
" Wheat bran, 25kg",Eastern region,2020-05,
" Wheat bran, 25kg",Eastern region,2020-04,
" Wheat bran, 25kg",Eastern region,2020-03,
" Wheat bran, 25kg",Eastern region,2020-02,
" Wheat bran, 25kg",Eastern region,2020-01,
" Wheat bran, 25kg",Eastern region,2019-12,
" Wheat bran, 25kg",Eastern region,2019-11,
" Wheat bran, 25kg",Eastern region,2019-10,
" Wheat bran, 25kg",Eastern region,2019-09,
" Wheat bran, 25kg",Eastern region,2019-08,
" Wheat bran, 25kg",Eastern region,2019-07,
" Wheat bran, 25kg",Eastern region,2019-06,
" Wheat bran, 25kg",Eastern region,2019-05,
" Wheat bran, 25kg",Eastern region,2019-04,
" Wheat bran, 25kg",Eastern region,2019-03,
" Wheat bran, 25kg",Eastern region,2019-02,
" Wheat bran, 25kg",Eastern region,2019-01,
" Wheat bran, 25kg",Eastern region,2018-12,
" Wheat bran, 25kg",Dornod,2025-12,22000.0
" Wheat bran, 25kg",Dornod,2025-11,23000.0
" Wheat bran, 25kg",Dornod,2025-10,23000.0
" Wheat bran, 25kg",Dornod,2025-09,23000.0
" Wheat bran, 25kg",Dornod,2025-08,22500.0
" Wheat bran, 25kg",Dornod,2025-07,22500.0
" Wheat bran, 25kg",Dornod,2025-06,22500.0
" Wheat bran, 25kg",Dornod,2025-05,21667.0
" Wheat bran, 25kg",Dornod,2025-04,23000.0
" Wheat bran, 25kg",Dornod,2025-03,22000.0
" Wheat bran, 25kg",Dornod,2025-02,22200.0
" Wheat bran, 25kg",Dornod,2025-01,22083.0
" Wheat bran, 25kg",Dornod,2024-12,20167.0
" Wheat bran, 25kg",Dornod,2024-11,17667.0
" Wheat bran, 25kg",Dornod,2024-10,
" Wheat bran, 25kg",Dornod,2024-09,180000.0
" Wheat bran, 25kg",Dornod,2024-08,18000.0
" Wheat bran, 25kg",Dornod,2024-07,20000.0
" Wheat bran, 25kg",Dornod,2024-06,20000.0
" Wheat bran, 25kg",Dornod,2024-05,20000.0
" Wheat bran, 25kg",Dornod,2024-04,20000.0
" Wheat bran, 25kg",Dornod,2024-03,21750.0
" Wheat bran, 25kg",Dornod,2024-02,22400.0
" Wheat bran, 25kg",Dornod,2024-01,22200.0
" Wheat bran, 25kg",Dornod,2023-12,21500.0
" Wheat bran, 25kg",Dornod,2023-11,20333.0
" Wheat bran, 25kg",Dornod,2023-10,20500.0
" Wheat bran, 25kg",Dornod,2023-09,18250.0
" Wheat bran, 25kg",Dornod,2023-08,18500.0
" Wheat bran, 25kg",Dornod,2023-07,18500.0
" Wheat bran, 25kg",Dornod,2023-06,18500.0
" Wheat bran, 25kg",Dornod,2023-05,18500.0
" Wheat bran, 25kg",Dornod,2023-04,17125.0
" Wheat bran, 25kg",Dornod,2023-03,17783.0
" Wheat bran, 25kg",Dornod,2023-02,15383.0
" Wheat bran, 25kg",Dornod,2023-01,15400.0
" Wheat bran, 25kg",Dornod,2022-12,16100.0
" Wheat bran, 25kg",Dornod,2022-11,15000.0
" Wheat bran, 25kg",Dornod,2022-10,14000.0
" Wheat bran, 25kg",Dornod,2022-09,14333.0
" Wheat bran, 25kg",Dornod,2022-08,
" Wheat bran, 25kg",Dornod,2022-07,
" Wheat bran, 25kg",Dornod,2022-06,14500.0
" Wheat bran, 25kg",Dornod,2022-05,
" Wheat bran, 25kg",Dornod,2022-04,
" Wheat bran, 25kg",Dornod,2022-03,15000.0
" Wheat bran, 25kg",Dornod,2022-02,15250.0
" Wheat bran, 25kg",Dornod,2022-01,
" Wheat bran, 25kg",Dornod,2021-12,
" Wheat bran, 25kg",Dornod,2021-11,
" Wheat bran, 25kg",Dornod,2021-10,19500.0
" Wheat bran, 25kg",Dornod,2021-09,
" Wheat bran, 25kg",Dornod,2021-08,
" Wheat bran, 25kg",Dornod,2021-07,
" Wheat bran, 25kg",Dornod,2021-06,
" Wheat bran, 25kg",Dornod,2021-05,
" Wheat bran, 25kg",Dornod,2021-04,
" Wheat bran, 25kg",Dornod,2021-03,17500.0
" Wheat bran, 25kg",Dornod,2021-02,17500.0
" Wheat bran, 25kg",Dornod,2021-01,14500.0
" Wheat bran, 25kg",Dornod,2020-12,14000.0
" Wheat bran, 25kg",Dornod,2020-11,
" Wheat bran, 25kg",Dornod,2020-10,600000.0
" Wheat bran, 25kg",Dornod,2020-09,
" Wheat bran, 25kg",Dornod,2020-08,
" Wheat bran, 25kg",Dornod,2020-07,
" Wheat bran, 25kg",Dornod,2020-06,
" Wheat bran, 25kg",Dornod,2020-05,
" Wheat bran, 25kg",Dornod,2020-04,17000.0
" Wheat bran, 25kg",Dornod,2020-03,
" Wheat bran, 25kg",Dornod,2020-02,
" Wheat bran, 25kg",Dornod,2020-01,
" Wheat bran, 25kg",Dornod,2019-12,
" Wheat bran, 25kg",Dornod,2019-11,
" Wheat bran, 25kg",Dornod,2019-10,
" Wheat bran, 25kg",Dornod,2019-09,
" Wheat bran, 25kg",Dornod,2019-08,
" Wheat bran, 25kg",Dornod,2019-07,
" Wheat bran, 25kg",Dornod,2019-06,
" Wheat bran, 25kg",Dornod,2019-05,
" Wheat bran, 25kg",Dornod,2019-04,
" Wheat bran, 25kg",Dornod,2019-03,
" Wheat bran, 25kg",Dornod,2019-02,
" Wheat bran, 25kg",Dornod,2019-01,
" Wheat bran, 25kg",Dornod,2018-12,
" Wheat bran, 25kg",Sukhbaatar,2025-12,29000.0
" Wheat bran, 25kg",Sukhbaatar,2025-11,27750.0
" Wheat bran, 25kg",Sukhbaatar,2025-10,26500.0
" Wheat bran, 25kg",Sukhbaatar,2025-09,25500.0
" Wheat bran, 25kg",Sukhbaatar,2025-08,25000.0
" Wheat bran, 25kg",Sukhbaatar,2025-07,25750.0
" Wheat bran, 25kg",Sukhbaatar,2025-06,25750.0
" Wheat bran, 25kg",Sukhbaatar,2025-05,25500.0
" Wheat bran, 25kg",Sukhbaatar,2025-04,26500.0
" Wheat bran, 25kg",Sukhbaatar,2025-03,26333.0
" Wheat bran, 25kg",Sukhbaatar,2025-02,26333.0
" Wheat bran, 25kg",Sukhbaatar,2025-01,26600.0
" Wheat bran, 25kg",Sukhbaatar,2024-12,27600.0
" Wheat bran, 25kg",Sukhbaatar,2024-11,27400.0
" Wheat bran, 25kg",Sukhbaatar,2024-10,31500.0
" Wheat bran, 25kg",Sukhbaatar,2024-09,
" Wheat bran, 25kg",Sukhbaatar,2024-08,
" Wheat bran, 25kg",Sukhbaatar,2024-07,
" Wheat bran, 25kg",Sukhbaatar,2024-06,
" Wheat bran, 25kg",Sukhbaatar,2024-05,33000.0
" Wheat bran, 25kg",Sukhbaatar,2024-04,33000.0
" Wheat bran, 25kg",Sukhbaatar,2024-03,33200.0
" Wheat bran, 25kg",Sukhbaatar,2024-02,34917.0
" Wheat bran, 25kg",Sukhbaatar,2024-01,34000.0
" Wheat bran, 25kg",Sukhbaatar,2023-12,32500.0
" Wheat bran, 25kg",Sukhbaatar,2023-11,31000.0
" Wheat bran, 25kg",Sukhbaatar,2023-10,26000.0
" Wheat bran, 25kg",Sukhbaatar,2023-09,25000.0
" Wheat bran, 25kg",Sukhbaatar,2023-08,26000.0
" Wheat bran, 25kg",Sukhbaatar,2023-07,30000.0
" Wheat bran, 25kg",Sukhbaatar,2023-06,32500.0
" Wheat bran, 25kg",Sukhbaatar,2023-05,31667.0
" Wheat bran, 25kg",Sukhbaatar,2023-04,31667.0
" Wheat bran, 25kg",Sukhbaatar,2023-03,22500.0
" Wheat bran, 25kg",Sukhbaatar,2023-02,21667.0
" Wheat bran, 25kg",Sukhbaatar,2023-01,22000.0
" Wheat bran, 25kg",Sukhbaatar,2022-12,22700.0
" Wheat bran, 25kg",Sukhbaatar,2022-11,22700.0
" Wheat bran, 25kg",Sukhbaatar,2022-10,17500.0
" Wheat bran, 25kg",Sukhbaatar,2022-09,18000.0
" Wheat bran, 25kg",Sukhbaatar,2022-08,18000.0
" Wheat bran, 25kg",Sukhbaatar,2022-07,18000.0
" Wheat bran, 25kg",Sukhbaatar,2022-06,18000.0
" Wheat bran, 25kg",Sukhbaatar,2022-05,18000.0
" Wheat bran, 25kg",Sukhbaatar,2022-04,18000.0
" Wheat bran, 25kg",Sukhbaatar,2022-03,17000.0
" Wheat bran, 25kg",Sukhbaatar,2022-02,21500.0
" Wheat bran, 25kg",Sukhbaatar,2022-01,21300.0
" Wheat bran, 25kg",Sukhbaatar,2021-12,21000.0
" Wheat bran, 25kg",Sukhbaatar,2021-11,
" Wheat bran, 25kg",Sukhbaatar,2021-10,24000.0
" Wheat bran, 25kg",Sukhbaatar,2021-09,
" Wheat bran, 25kg",Sukhbaatar,2021-08,19700.0
" Wheat bran, 25kg",Sukhbaatar,2021-07,25000.0
" Wheat bran, 25kg",Sukhbaatar,2021-06,
" Wheat bran, 25kg",Sukhbaatar,2021-05,19000.0
" Wheat bran, 25kg",Sukhbaatar,2021-04,21000.0
" Wheat bran, 25kg",Sukhbaatar,2021-03,22000.0
" Wheat bran, 25kg",Sukhbaatar,2021-02,26000.0
" Wheat bran, 25kg",Sukhbaatar,2021-01,26000.0
" Wheat bran, 25kg",Sukhbaatar,2020-12,
" Wheat bran, 25kg",Sukhbaatar,2020-11,
" Wheat bran, 25kg",Sukhbaatar,2020-10,
" Wheat bran, 25kg",Sukhbaatar,2020-09,
" Wheat bran, 25kg",Sukhbaatar,2020-08,
" Wheat bran, 25kg",Sukhbaatar,2020-07,
" Wheat bran, 25kg",Sukhbaatar,2020-06,
" Wheat bran, 25kg",Sukhbaatar,2020-05,
" Wheat bran, 25kg",Sukhbaatar,2020-04,
" Wheat bran, 25kg",Sukhbaatar,2020-03,14000.0
" Wheat bran, 25kg",Sukhbaatar,2020-02,14000.0
" Wheat bran, 25kg",Sukhbaatar,2020-01,15000.0
" Wheat bran, 25kg",Sukhbaatar,2019-12,
" Wheat bran, 25kg",Sukhbaatar,2019-11,
" Wheat bran, 25kg",Sukhbaatar,2019-10,
" Wheat bran, 25kg",Sukhbaatar,2019-09,
" Wheat bran, 25kg",Sukhbaatar,2019-08,
" Wheat bran, 25kg",Sukhbaatar,2019-07,
" Wheat bran, 25kg",Sukhbaatar,2019-06,
" Wheat bran, 25kg",Sukhbaatar,2019-05,
" Wheat bran, 25kg",Sukhbaatar,2019-04,
" Wheat bran, 25kg",Sukhbaatar,2019-03,
" Wheat bran, 25kg",Sukhbaatar,2019-02,
" Wheat bran, 25kg",Sukhbaatar,2019-01,
" Wheat bran, 25kg",Sukhbaatar,2018-12,
" Wheat bran, 25kg",Khentii,2025-12,
" Wheat bran, 25kg",Khentii,2025-11,
" Wheat bran, 25kg",Khentii,2025-10,
" Wheat bran, 25kg",Khentii,2025-09,
" Wheat bran, 25kg",Khentii,2025-08,
" Wheat bran, 25kg",Khentii,2025-07,
" Wheat bran, 25kg",Khentii,2025-06,
" Wheat bran, 25kg",Khentii,2025-05,
" Wheat bran, 25kg",Khentii,2025-04,
" Wheat bran, 25kg",Khentii,2025-03,
" Wheat bran, 25kg",Khentii,2025-02,
" Wheat bran, 25kg",Khentii,2025-01,
" Wheat bran, 25kg",Khentii,2024-12,
" Wheat bran, 25kg",Khentii,2024-11,
" Wheat bran, 25kg",Khentii,2024-10,
" Wheat bran, 25kg",Khentii,2024-09,
" Wheat bran, 25kg",Khentii,2024-08,
" Wheat bran, 25kg",Khentii,2024-07,
" Wheat bran, 25kg",Khentii,2024-06,
" Wheat bran, 25kg",Khentii,2024-05,
" Wheat bran, 25kg",Khentii,2024-04,
" Wheat bran, 25kg",Khentii,2024-03,
" Wheat bran, 25kg",Khentii,2024-02,
" Wheat bran, 25kg",Khentii,2024-01,
" Wheat bran, 25kg",Khentii,2023-12,
" Wheat bran, 25kg",Khentii,2023-11,
" Wheat bran, 25kg",Khentii,2023-10,
" Wheat bran, 25kg",Khentii,2023-09,
" Wheat bran, 25kg",Khentii,2023-08,
" Wheat bran, 25kg",Khentii,2023-07,
" Wheat bran, 25kg",Khentii,2023-06,
" Wheat bran, 25kg",Khentii,2023-05,
" Wheat bran, 25kg",Khentii,2023-04,28000.0
" Wheat bran, 25kg",Khentii,2023-03,25000.0
" Wheat bran, 25kg",Khentii,2023-02,
" Wheat bran, 25kg",Khentii,2023-01,
" Wheat bran, 25kg",Khentii,2022-12,
" Wheat bran, 25kg",Khentii,2022-11,
" Wheat bran, 25kg",Khentii,2022-10,
" Wheat bran, 25kg",Khentii,2022-09,
" Wheat bran, 25kg",Khentii,2022-08,
" Wheat bran, 25kg",Khentii,2022-07,
" Wheat bran, 25kg",Khentii,2022-06,
" Wheat bran, 25kg",Khentii,2022-05,
" Wheat bran, 25kg",Khentii,2022-04,13500.0
" Wheat bran, 25kg",Khentii,2022-03,25000.0
" Wheat bran, 25kg",Khentii,2022-02,
" Wheat bran, 25kg",Khentii,2022-01,
" Wheat bran, 25kg",Khentii,2021-12,26000.0
" Wheat bran, 25kg",Khentii,2021-11,
" Wheat bran, 25kg",Khentii,2021-10,
" Wheat bran, 25kg",Khentii,2021-09,
" Wheat bran, 25kg",Khentii,2021-08,
" Wheat bran, 25kg",Khentii,2021-07,
" Wheat bran, 25kg",Khentii,2021-06,
" Wheat bran, 25kg",Khentii,2021-05,22500.0
" Wheat bran, 25kg",Khentii,2021-04,26000.0
" Wheat bran, 25kg",Khentii,2021-03,24000.0
" Wheat bran, 25kg",Khentii,2021-02,23667.0
" Wheat bran, 25kg",Khentii,2021-01,24000.0
" Wheat bran, 25kg",Khentii,2020-12,
" Wheat bran, 25kg",Khentii,2020-11,
" Wheat bran, 25kg",Khentii,2020-10,
" Wheat bran, 25kg",Khentii,2020-09,
" Wheat bran, 25kg",Khentii,2020-08,18000.0
" Wheat bran, 25kg",Khentii,2020-07,15500.0
" Wheat bran, 25kg",Khentii,2020-06,18000.0
" Wheat bran, 25kg",Khentii,2020-05,16500.0
" Wheat bran, 25kg",Khentii,2020-04,15250.0
" Wheat bran, 25kg",Khentii,2020-03,
" Wheat bran, 25kg",Khentii,2020-02,
" Wheat bran, 25kg",Khentii,2020-01,
" Wheat bran, 25kg",Khentii,2019-12,
" Wheat bran, 25kg",Khentii,2019-11,
" Wheat bran, 25kg",Khentii,2019-10,
" Wheat bran, 25kg",Khentii,2019-09,
" Wheat bran, 25kg",Khentii,2019-08,
" Wheat bran, 25kg",Khentii,2019-07,
" Wheat bran, 25kg",Khentii,2019-06,
" Wheat bran, 25kg",Khentii,2019-05,
" Wheat bran, 25kg",Khentii,2019-04,
" Wheat bran, 25kg",Khentii,2019-03,
" Wheat bran, 25kg",Khentii,2019-02,
" Wheat bran, 25kg",Khentii,2019-01,
" Wheat bran, 25kg",Khentii,2018-12,
" Wheat bran, 25kg",Ulaanbaatar,2025-12,
" Wheat bran, 25kg",Ulaanbaatar,2025-11,
" Wheat bran, 25kg",Ulaanbaatar,2025-10,
" Wheat bran, 25kg",Ulaanbaatar,2025-09,
" Wheat bran, 25kg",Ulaanbaatar,2025-08,
" Wheat bran, 25kg",Ulaanbaatar,2025-07,
" Wheat bran, 25kg",Ulaanbaatar,2025-06,
" Wheat bran, 25kg",Ulaanbaatar,2025-05,
" Wheat bran, 25kg",Ulaanbaatar,2025-04,
" Wheat bran, 25kg",Ulaanbaatar,2025-03,
" Wheat bran, 25kg",Ulaanbaatar,2025-02,
" Wheat bran, 25kg",Ulaanbaatar,2025-01,
" Wheat bran, 25kg",Ulaanbaatar,2024-12,
" Wheat bran, 25kg",Ulaanbaatar,2024-11,
" Wheat bran, 25kg",Ulaanbaatar,2024-10,
" Wheat bran, 25kg",Ulaanbaatar,2024-09,
" Wheat bran, 25kg",Ulaanbaatar,2024-08,
" Wheat bran, 25kg",Ulaanbaatar,2024-07,
" Wheat bran, 25kg",Ulaanbaatar,2024-06,
" Wheat bran, 25kg",Ulaanbaatar,2024-05,
" Wheat bran, 25kg",Ulaanbaatar,2024-04,
" Wheat bran, 25kg",Ulaanbaatar,2024-03,
" Wheat bran, 25kg",Ulaanbaatar,2024-02,
" Wheat bran, 25kg",Ulaanbaatar,2024-01,
" Wheat bran, 25kg",Ulaanbaatar,2023-12,
" Wheat bran, 25kg",Ulaanbaatar,2023-11,
" Wheat bran, 25kg",Ulaanbaatar,2023-10,
" Wheat bran, 25kg",Ulaanbaatar,2023-09,
" Wheat bran, 25kg",Ulaanbaatar,2023-08,
" Wheat bran, 25kg",Ulaanbaatar,2023-07,
" Wheat bran, 25kg",Ulaanbaatar,2023-06,
" Wheat bran, 25kg",Ulaanbaatar,2023-05,
" Wheat bran, 25kg",Ulaanbaatar,2023-04,
" Wheat bran, 25kg",Ulaanbaatar,2023-03,
" Wheat bran, 25kg",Ulaanbaatar,2023-02,
" Wheat bran, 25kg",Ulaanbaatar,2023-01,
" Wheat bran, 25kg",Ulaanbaatar,2022-12,
" Wheat bran, 25kg",Ulaanbaatar,2022-11,
" Wheat bran, 25kg",Ulaanbaatar,2022-10,
" Wheat bran, 25kg",Ulaanbaatar,2022-09,
" Wheat bran, 25kg",Ulaanbaatar,2022-08,
" Wheat bran, 25kg",Ulaanbaatar,2022-07,
" Wheat bran, 25kg",Ulaanbaatar,2022-06,
" Wheat bran, 25kg",Ulaanbaatar,2022-05,
" Wheat bran, 25kg",Ulaanbaatar,2022-04,
" Wheat bran, 25kg",Ulaanbaatar,2022-03,
" Wheat bran, 25kg",Ulaanbaatar,2022-02,
" Wheat bran, 25kg",Ulaanbaatar,2022-01,
" Wheat bran, 25kg",Ulaanbaatar,2021-12,
" Wheat bran, 25kg",Ulaanbaatar,2021-11,
" Wheat bran, 25kg",Ulaanbaatar,2021-10,
" Wheat bran, 25kg",Ulaanbaatar,2021-09,
" Wheat bran, 25kg",Ulaanbaatar,2021-08,
" Wheat bran, 25kg",Ulaanbaatar,2021-07,
" Wheat bran, 25kg",Ulaanbaatar,2021-06,
" Wheat bran, 25kg",Ulaanbaatar,2021-05,
" Wheat bran, 25kg",Ulaanbaatar,2021-04,
" Wheat bran, 25kg",Ulaanbaatar,2021-03,
" Wheat bran, 25kg",Ulaanbaatar,2021-02,
" Wheat bran, 25kg",Ulaanbaatar,2021-01,
" Wheat bran, 25kg",Ulaanbaatar,2020-12,
" Wheat bran, 25kg",Ulaanbaatar,2020-11,
" Wheat bran, 25kg",Ulaanbaatar,2020-10,
" Wheat bran, 25kg",Ulaanbaatar,2020-09,
" Wheat bran, 25kg",Ulaanbaatar,2020-08,
" Wheat bran, 25kg",Ulaanbaatar,2020-07,
" Wheat bran, 25kg",Ulaanbaatar,2020-06,
" Wheat bran, 25kg",Ulaanbaatar,2020-05,
" Wheat bran, 25kg",Ulaanbaatar,2020-04,
" Wheat bran, 25kg",Ulaanbaatar,2020-03,
" Wheat bran, 25kg",Ulaanbaatar,2020-02,
" Wheat bran, 25kg",Ulaanbaatar,2020-01,
" Wheat bran, 25kg",Ulaanbaatar,2019-12,
" Wheat bran, 25kg",Ulaanbaatar,2019-11,
" Wheat bran, 25kg",Ulaanbaatar,2019-10,
" Wheat bran, 25kg",Ulaanbaatar,2019-09,
" Wheat bran, 25kg",Ulaanbaatar,2019-08,
" Wheat bran, 25kg",Ulaanbaatar,2019-07,
" Wheat bran, 25kg",Ulaanbaatar,2019-06,
" Wheat bran, 25kg",Ulaanbaatar,2019-05,
" Wheat bran, 25kg",Ulaanbaatar,2019-04,
" Wheat bran, 25kg",Ulaanbaatar,2019-03,
" Wheat bran, 25kg",Ulaanbaatar,2019-02,
" Wheat bran, 25kg",Ulaanbaatar,2019-01,
" Wheat bran, 25kg",Ulaanbaatar,2018-12,
" Wheat bran, 25kg",Ulaanbaatar city,2025-12,26000.0
" Wheat bran, 25kg",Ulaanbaatar city,2025-11,24000.0
" Wheat bran, 25kg",Ulaanbaatar city,2025-10,21000.0
" Wheat bran, 25kg",Ulaanbaatar city,2025-09,23000.0
" Wheat bran, 25kg",Ulaanbaatar city,2025-08,20000.0
" Wheat bran, 25kg",Ulaanbaatar city,2025-07,19000.0
" Wheat bran, 25kg",Ulaanbaatar city,2025-06,19000.0
" Wheat bran, 25kg",Ulaanbaatar city,2025-05,19000.0
" Wheat bran, 25kg",Ulaanbaatar city,2025-04,21000.0
" Wheat bran, 25kg",Ulaanbaatar city,2025-03,23000.0
" Wheat bran, 25kg",Ulaanbaatar city,2025-02,20000.0
" Wheat bran, 25kg",Ulaanbaatar city,2025-01,
" Wheat bran, 25kg",Ulaanbaatar city,2024-12,
" Wheat bran, 25kg",Ulaanbaatar city,2024-11,23375.0
" Wheat bran, 25kg",Ulaanbaatar city,2024-10,24000.0
" Wheat bran, 25kg",Ulaanbaatar city,2024-09,23000.0
" Wheat bran, 25kg",Ulaanbaatar city,2024-08,23000.0
" Wheat bran, 25kg",Ulaanbaatar city,2024-07,23000.0
" Wheat bran, 25kg",Ulaanbaatar city,2024-06,23000.0
" Wheat bran, 25kg",Ulaanbaatar city,2024-05,25000.0
" Wheat bran, 25kg",Ulaanbaatar city,2024-04,25000.0
" Wheat bran, 25kg",Ulaanbaatar city,2024-03,25000.0
" Wheat bran, 25kg",Ulaanbaatar city,2024-02,25000.0
" Wheat bran, 25kg",Ulaanbaatar city,2024-01,25000.0
" Wheat bran, 25kg",Ulaanbaatar city,2023-12,
" Wheat bran, 25kg",Ulaanbaatar city,2023-11,
" Wheat bran, 25kg",Ulaanbaatar city,2023-10,
" Wheat bran, 25kg",Ulaanbaatar city,2023-09,
" Wheat bran, 25kg",Ulaanbaatar city,2023-08,
" Wheat bran, 25kg",Ulaanbaatar city,2023-07,
" Wheat bran, 25kg",Ulaanbaatar city,2023-06,
" Wheat bran, 25kg",Ulaanbaatar city,2023-05,
" Wheat bran, 25kg",Ulaanbaatar city,2023-04,
" Wheat bran, 25kg",Ulaanbaatar city,2023-03,
" Wheat bran, 25kg",Ulaanbaatar city,2023-02,
" Wheat bran, 25kg",Ulaanbaatar city,2023-01,
" Wheat bran, 25kg",Ulaanbaatar city,2022-12,
" Wheat bran, 25kg",Ulaanbaatar city,2022-11,
" Wheat bran, 25kg",Ulaanbaatar city,2022-10,
" Wheat bran, 25kg",Ulaanbaatar city,2022-09,
" Wheat bran, 25kg",Ulaanbaatar city,2022-08,
" Wheat bran, 25kg",Ulaanbaatar city,2022-07,
" Wheat bran, 25kg",Ulaanbaatar city,2022-06,
" Wheat bran, 25kg",Ulaanbaatar city,2022-05,
" Wheat bran, 25kg",Ulaanbaatar city,2022-04,
" Wheat bran, 25kg",Ulaanbaatar city,2022-03,
" Wheat bran, 25kg",Ulaanbaatar city,2022-02,
" Wheat bran, 25kg",Ulaanbaatar city,2022-01,
" Wheat bran, 25kg",Ulaanbaatar city,2021-12,
" Wheat bran, 25kg",Ulaanbaatar city,2021-11,
" Wheat bran, 25kg",Ulaanbaatar city,2021-10,
" Wheat bran, 25kg",Ulaanbaatar city,2021-09,
" Wheat bran, 25kg",Ulaanbaatar city,2021-08,
" Wheat bran, 25kg",Ulaanbaatar city,2021-07,
" Wheat bran, 25kg",Ulaanbaatar city,2021-06,
" Wheat bran, 25kg",Ulaanbaatar city,2021-05,
" Wheat bran, 25kg",Ulaanbaatar city,2021-04,
" Wheat bran, 25kg",Ulaanbaatar city,2021-03,
" Wheat bran, 25kg",Ulaanbaatar city,2021-02,
" Wheat bran, 25kg",Ulaanbaatar city,2021-01,
" Wheat bran, 25kg",Ulaanbaatar city,2020-12,
" Wheat bran, 25kg",Ulaanbaatar city,2020-11,
" Wheat bran, 25kg",Ulaanbaatar city,2020-10,
" Wheat bran, 25kg",Ulaanbaatar city,2020-09,
" Wheat bran, 25kg",Ulaanbaatar city,2020-08,
" Wheat bran, 25kg",Ulaanbaatar city,2020-07,
" Wheat bran, 25kg",Ulaanbaatar city,2020-06,
" Wheat bran, 25kg",Ulaanbaatar city,2020-05,
" Wheat bran, 25kg",Ulaanbaatar city,2020-04,
" Wheat bran, 25kg",Ulaanbaatar city,2020-03,
" Wheat bran, 25kg",Ulaanbaatar city,2020-02,
" Wheat bran, 25kg",Ulaanbaatar city,2020-01,
" Wheat bran, 25kg",Ulaanbaatar city,2019-12,
" Wheat bran, 25kg",Ulaanbaatar city,2019-11,
" Wheat bran, 25kg",Ulaanbaatar city,2019-10,
" Wheat bran, 25kg",Ulaanbaatar city,2019-09,
" Wheat bran, 25kg",Ulaanbaatar city,2019-08,
" Wheat bran, 25kg",Ulaanbaatar city,2019-07,
" Wheat bran, 25kg",Ulaanbaatar city,2019-06,
" Wheat bran, 25kg",Ulaanbaatar city,2019-05,
" Wheat bran, 25kg",Ulaanbaatar city,2019-04,
" Wheat bran, 25kg",Ulaanbaatar city,2019-03,
" Wheat bran, 25kg",Ulaanbaatar city,2019-02,
" Wheat bran, 25kg",Ulaanbaatar city,2019-01,
" Wheat bran, 25kg",Ulaanbaatar city,2018-12,
" Wheat bran, 50kg",Western region,2025-12,
" Wheat bran, 50kg",Western region,2025-11,
" Wheat bran, 50kg",Western region,2025-10,
" Wheat bran, 50kg",Western region,2025-09,
" Wheat bran, 50kg",Western region,2025-08,
" Wheat bran, 50kg",Western region,2025-07,
" Wheat bran, 50kg",Western region,2025-06,
" Wheat bran, 50kg",Western region,2025-05,
" Wheat bran, 50kg",Western region,2025-04,
" Wheat bran, 50kg",Western region,2025-03,
" Wheat bran, 50kg",Western region,2025-02,
" Wheat bran, 50kg",Western region,2025-01,
" Wheat bran, 50kg",Western region,2024-12,
" Wheat bran, 50kg",Western region,2024-11,
" Wheat bran, 50kg",Western region,2024-10,
" Wheat bran, 50kg",Western region,2024-09,
" Wheat bran, 50kg",Western region,2024-08,
" Wheat bran, 50kg",Western region,2024-07,
" Wheat bran, 50kg",Western region,2024-06,
" Wheat bran, 50kg",Western region,2024-05,
" Wheat bran, 50kg",Western region,2024-04,
" Wheat bran, 50kg",Western region,2024-03,
" Wheat bran, 50kg",Western region,2024-02,
" Wheat bran, 50kg",Western region,2024-01,
" Wheat bran, 50kg",Western region,2023-12,
" Wheat bran, 50kg",Western region,2023-11,
" Wheat bran, 50kg",Western region,2023-10,
" Wheat bran, 50kg",Western region,2023-09,
" Wheat bran, 50kg",Western region,2023-08,
" Wheat bran, 50kg",Western region,2023-07,
" Wheat bran, 50kg",Western region,2023-06,
" Wheat bran, 50kg",Western region,2023-05,
" Wheat bran, 50kg",Western region,2023-04,
" Wheat bran, 50kg",Western region,2023-03,
" Wheat bran, 50kg",Western region,2023-02,
" Wheat bran, 50kg",Western region,2023-01,
" Wheat bran, 50kg",Western region,2022-12,
" Wheat bran, 50kg",Western region,2022-11,
" Wheat bran, 50kg",Western region,2022-10,
" Wheat bran, 50kg",Western region,2022-09,
" Wheat bran, 50kg",Western region,2022-08,
" Wheat bran, 50kg",Western region,2022-07,
" Wheat bran, 50kg",Western region,2022-06,
" Wheat bran, 50kg",Western region,2022-05,
" Wheat bran, 50kg",Western region,2022-04,
" Wheat bran, 50kg",Western region,2022-03,
" Wheat bran, 50kg",Western region,2022-02,
" Wheat bran, 50kg",Western region,2022-01,
" Wheat bran, 50kg",Western region,2021-12,
" Wheat bran, 50kg",Western region,2021-11,
" Wheat bran, 50kg",Western region,2021-10,
" Wheat bran, 50kg",Western region,2021-09,
" Wheat bran, 50kg",Western region,2021-08,
" Wheat bran, 50kg",Western region,2021-07,
" Wheat bran, 50kg",Western region,2021-06,
" Wheat bran, 50kg",Western region,2021-05,
" Wheat bran, 50kg",Western region,2021-04,
" Wheat bran, 50kg",Western region,2021-03,
" Wheat bran, 50kg",Western region,2021-02,
" Wheat bran, 50kg",Western region,2021-01,
" Wheat bran, 50kg",Western region,2020-12,
" Wheat bran, 50kg",Western region,2020-11,
" Wheat bran, 50kg",Western region,2020-10,
" Wheat bran, 50kg",Western region,2020-09,
" Wheat bran, 50kg",Western region,2020-08,
" Wheat bran, 50kg",Western region,2020-07,
" Wheat bran, 50kg",Western region,2020-06,
" Wheat bran, 50kg",Western region,2020-05,
" Wheat bran, 50kg",Western region,2020-04,
" Wheat bran, 50kg",Western region,2020-03,
" Wheat bran, 50kg",Western region,2020-02,
" Wheat bran, 50kg",Western region,2020-01,
" Wheat bran, 50kg",Western region,2019-12,
" Wheat bran, 50kg",Western region,2019-11,
" Wheat bran, 50kg",Western region,2019-10,
" Wheat bran, 50kg",Western region,2019-09,
" Wheat bran, 50kg",Western region,2019-08,
" Wheat bran, 50kg",Western region,2019-07,
" Wheat bran, 50kg",Western region,2019-06,
" Wheat bran, 50kg",Western region,2019-05,
" Wheat bran, 50kg",Western region,2019-04,
" Wheat bran, 50kg",Western region,2019-03,
" Wheat bran, 50kg",Western region,2019-02,
" Wheat bran, 50kg",Western region,2019-01,
" Wheat bran, 50kg",Western region,2018-12,
" Wheat bran, 50kg",Bayan-Ulgii,2025-12,44600.0
" Wheat bran, 50kg",Bayan-Ulgii,2025-11,44200.0
" Wheat bran, 50kg",Bayan-Ulgii,2025-10,20500.0
" Wheat bran, 50kg",Bayan-Ulgii,2025-09,37600.0
" Wheat bran, 50kg",Bayan-Ulgii,2025-08,36400.0
" Wheat bran, 50kg",Bayan-Ulgii,2025-07,32750.0
" Wheat bran, 50kg",Bayan-Ulgii,2025-06,32200.0
" Wheat bran, 50kg",Bayan-Ulgii,2025-05,31600.0
" Wheat bran, 50kg",Bayan-Ulgii,2025-04,20500.0
" Wheat bran, 50kg",Bayan-Ulgii,2025-03,32200.0
" Wheat bran, 50kg",Bayan-Ulgii,2025-02,32000.0
" Wheat bran, 50kg",Bayan-Ulgii,2025-01,33500.0
" Wheat bran, 50kg",Bayan-Ulgii,2024-12,35333.0
" Wheat bran, 50kg",Bayan-Ulgii,2024-11,34000.0
" Wheat bran, 50kg",Bayan-Ulgii,2024-10,29750.0
" Wheat bran, 50kg",Bayan-Ulgii,2024-09,30000.0
" Wheat bran, 50kg",Bayan-Ulgii,2024-08,33000.0
" Wheat bran, 50kg",Bayan-Ulgii,2024-07,31000.0
" Wheat bran, 50kg",Bayan-Ulgii,2024-06,30000.0
" Wheat bran, 50kg",Bayan-Ulgii,2024-05,30000.0
" Wheat bran, 50kg",Bayan-Ulgii,2024-04,30750.0
" Wheat bran, 50kg",Bayan-Ulgii,2024-03,31750.0
" Wheat bran, 50kg",Bayan-Ulgii,2024-02,35500.0
" Wheat bran, 50kg",Bayan-Ulgii,2024-01,35600.0
" Wheat bran, 50kg",Bayan-Ulgii,2023-12,36875.0
" Wheat bran, 50kg",Bayan-Ulgii,2023-11,38667.0
" Wheat bran, 50kg",Bayan-Ulgii,2023-10,36000.0
" Wheat bran, 50kg",Bayan-Ulgii,2023-09,33000.0
" Wheat bran, 50kg",Bayan-Ulgii,2023-08,36500.0
" Wheat bran, 50kg",Bayan-Ulgii,2023-07,41667.0
" Wheat bran, 50kg",Bayan-Ulgii,2023-06,46667.0
" Wheat bran, 50kg",Bayan-Ulgii,2023-05,50429.0
" Wheat bran, 50kg",Bayan-Ulgii,2023-04,52400.0
" Wheat bran, 50kg",Bayan-Ulgii,2023-03,37889.0
" Wheat bran, 50kg",Bayan-Ulgii,2023-02,37778.0
" Wheat bran, 50kg",Bayan-Ulgii,2023-01,39900.0
" Wheat bran, 50kg",Bayan-Ulgii,2022-12,41000.0
" Wheat bran, 50kg",Bayan-Ulgii,2022-11,41200.0
" Wheat bran, 50kg",Bayan-Ulgii,2022-10,43667.0
" Wheat bran, 50kg",Bayan-Ulgii,2022-09,44750.0
" Wheat bran, 50kg",Bayan-Ulgii,2022-08,44600.0
" Wheat bran, 50kg",Bayan-Ulgii,2022-07,44333.0
" Wheat bran, 50kg",Bayan-Ulgii,2022-06,43750.0
" Wheat bran, 50kg",Bayan-Ulgii,2022-05,43429.0
" Wheat bran, 50kg",Bayan-Ulgii,2022-04,40143.0
" Wheat bran, 50kg",Bayan-Ulgii,2022-03,38400.0
" Wheat bran, 50kg",Bayan-Ulgii,2022-02,34500.0
" Wheat bran, 50kg",Bayan-Ulgii,2022-01,38400.0
" Wheat bran, 50kg",Bayan-Ulgii,2021-12,41500.0
" Wheat bran, 50kg",Bayan-Ulgii,2021-11,43200.0
" Wheat bran, 50kg",Bayan-Ulgii,2021-10,43600.0
" Wheat bran, 50kg",Bayan-Ulgii,2021-09,44000.0
" Wheat bran, 50kg",Bayan-Ulgii,2021-08,
" Wheat bran, 50kg",Bayan-Ulgii,2021-07,42000.0
" Wheat bran, 50kg",Bayan-Ulgii,2021-06,
" Wheat bran, 50kg",Bayan-Ulgii,2021-05,43600.0
" Wheat bran, 50kg",Bayan-Ulgii,2021-04,45000.0
" Wheat bran, 50kg",Bayan-Ulgii,2021-03,42286.0
" Wheat bran, 50kg",Bayan-Ulgii,2021-02,46214.0
" Wheat bran, 50kg",Bayan-Ulgii,2021-01,44944.0
" Wheat bran, 50kg",Bayan-Ulgii,2020-12,45000.0
" Wheat bran, 50kg",Bayan-Ulgii,2020-11,40100.0
" Wheat bran, 50kg",Bayan-Ulgii,2020-10,36375.0
" Wheat bran, 50kg",Bayan-Ulgii,2020-09,30500.0
" Wheat bran, 50kg",Bayan-Ulgii,2020-08,30357.0
" Wheat bran, 50kg",Bayan-Ulgii,2020-07,29429.0
" Wheat bran, 50kg",Bayan-Ulgii,2020-06,29571.0
" Wheat bran, 50kg",Bayan-Ulgii,2020-05,30375.0
" Wheat bran, 50kg",Bayan-Ulgii,2020-04,29688.0
" Wheat bran, 50kg",Bayan-Ulgii,2020-03,28500.0
" Wheat bran, 50kg",Bayan-Ulgii,2020-02,29500.0
" Wheat bran, 50kg",Bayan-Ulgii,2020-01,28400.0
" Wheat bran, 50kg",Bayan-Ulgii,2019-12,
" Wheat bran, 50kg",Bayan-Ulgii,2019-11,
" Wheat bran, 50kg",Bayan-Ulgii,2019-10,
" Wheat bran, 50kg",Bayan-Ulgii,2019-09,
" Wheat bran, 50kg",Bayan-Ulgii,2019-08,
" Wheat bran, 50kg",Bayan-Ulgii,2019-07,
" Wheat bran, 50kg",Bayan-Ulgii,2019-06,
" Wheat bran, 50kg",Bayan-Ulgii,2019-05,
" Wheat bran, 50kg",Bayan-Ulgii,2019-04,
" Wheat bran, 50kg",Bayan-Ulgii,2019-03,
" Wheat bran, 50kg",Bayan-Ulgii,2019-02,
" Wheat bran, 50kg",Bayan-Ulgii,2019-01,
" Wheat bran, 50kg",Bayan-Ulgii,2018-12,
" Wheat bran, 50kg",Govi-Altai,2025-12,26500.0
" Wheat bran, 50kg",Govi-Altai,2025-11,23500.0
" Wheat bran, 50kg",Govi-Altai,2025-10,25000.0
" Wheat bran, 50kg",Govi-Altai,2025-09,30000.0
" Wheat bran, 50kg",Govi-Altai,2025-08,
" Wheat bran, 50kg",Govi-Altai,2025-07,
" Wheat bran, 50kg",Govi-Altai,2025-06,48000.0
" Wheat bran, 50kg",Govi-Altai,2025-05,48000.0
" Wheat bran, 50kg",Govi-Altai,2025-04,25000.0
" Wheat bran, 50kg",Govi-Altai,2025-03,
" Wheat bran, 50kg",Govi-Altai,2025-02,
" Wheat bran, 50kg",Govi-Altai,2025-01,25000.0
" Wheat bran, 50kg",Govi-Altai,2024-12,60000.0
" Wheat bran, 50kg",Govi-Altai,2024-11,60000.0
" Wheat bran, 50kg",Govi-Altai,2024-10,
" Wheat bran, 50kg",Govi-Altai,2024-09,
" Wheat bran, 50kg",Govi-Altai,2024-08,
" Wheat bran, 50kg",Govi-Altai,2024-07,
" Wheat bran, 50kg",Govi-Altai,2024-06,45000.0
" Wheat bran, 50kg",Govi-Altai,2024-05,45000.0
" Wheat bran, 50kg",Govi-Altai,2024-04,52500.0
" Wheat bran, 50kg",Govi-Altai,2024-03,50000.0
" Wheat bran, 50kg",Govi-Altai,2024-02,52500.0
" Wheat bran, 50kg",Govi-Altai,2024-01,51250.0
" Wheat bran, 50kg",Govi-Altai,2023-12,52500.0
" Wheat bran, 50kg",Govi-Altai,2023-11,57500.0
" Wheat bran, 50kg",Govi-Altai,2023-10,45500.0
" Wheat bran, 50kg",Govi-Altai,2023-09,45000.0
" Wheat bran, 50kg",Govi-Altai,2023-08,45000.0
" Wheat bran, 50kg",Govi-Altai,2023-07,
" Wheat bran, 50kg",Govi-Altai,2023-06,45000.0
" Wheat bran, 50kg",Govi-Altai,2023-05,41250.0
" Wheat bran, 50kg",Govi-Altai,2023-04,45000.0
" Wheat bran, 50kg",Govi-Altai,2023-03,29250.0
" Wheat bran, 50kg",Govi-Altai,2023-02,40000.0
" Wheat bran, 50kg",Govi-Altai,2023-01,38700.0
" Wheat bran, 50kg",Govi-Altai,2022-12,41700.0
" Wheat bran, 50kg",Govi-Altai,2022-11,45000.0
" Wheat bran, 50kg",Govi-Altai,2022-10,27750.0
" Wheat bran, 50kg",Govi-Altai,2022-09,40000.0
" Wheat bran, 50kg",Govi-Altai,2022-08,28125.0
" Wheat bran, 50kg",Govi-Altai,2022-07,40000.0
" Wheat bran, 50kg",Govi-Altai,2022-06,37500.0
" Wheat bran, 50kg",Govi-Altai,2022-05,40000.0
" Wheat bran, 50kg",Govi-Altai,2022-04,45000.0
" Wheat bran, 50kg",Govi-Altai,2022-03,51000.0
" Wheat bran, 50kg",Govi-Altai,2022-02,38000.0
" Wheat bran, 50kg",Govi-Altai,2022-01,35300.0
" Wheat bran, 50kg",Govi-Altai,2021-12,32750.0
" Wheat bran, 50kg",Govi-Altai,2021-11,26000.0
" Wheat bran, 50kg",Govi-Altai,2021-10,19500.0
" Wheat bran, 50kg",Govi-Altai,2021-09,12000.0
" Wheat bran, 50kg",Govi-Altai,2021-08,
" Wheat bran, 50kg",Govi-Altai,2021-07,
" Wheat bran, 50kg",Govi-Altai,2021-06,
" Wheat bran, 50kg",Govi-Altai,2021-05,
" Wheat bran, 50kg",Govi-Altai,2021-04,37500.0
" Wheat bran, 50kg",Govi-Altai,2021-03,29000.0
" Wheat bran, 50kg",Govi-Altai,2021-02,50000.0
" Wheat bran, 50kg",Govi-Altai,2021-01,
" Wheat bran, 50kg",Govi-Altai,2020-12,38000.0
" Wheat bran, 50kg",Govi-Altai,2020-11,38000.0
" Wheat bran, 50kg",Govi-Altai,2020-10,
" Wheat bran, 50kg",Govi-Altai,2020-09,
" Wheat bran, 50kg",Govi-Altai,2020-08,30000.0
" Wheat bran, 50kg",Govi-Altai,2020-07,30000.0
" Wheat bran, 50kg",Govi-Altai,2020-06,23500.0
" Wheat bran, 50kg",Govi-Altai,2020-05,23500.0
" Wheat bran, 50kg",Govi-Altai,2020-04,24250.0
" Wheat bran, 50kg",Govi-Altai,2020-03,27500.0
" Wheat bran, 50kg",Govi-Altai,2020-02,31000.0
" Wheat bran, 50kg",Govi-Altai,2020-01,31000.0
" Wheat bran, 50kg",Govi-Altai,2019-12,
" Wheat bran, 50kg",Govi-Altai,2019-11,
" Wheat bran, 50kg",Govi-Altai,2019-10,
" Wheat bran, 50kg",Govi-Altai,2019-09,
" Wheat bran, 50kg",Govi-Altai,2019-08,
" Wheat bran, 50kg",Govi-Altai,2019-07,
" Wheat bran, 50kg",Govi-Altai,2019-06,
" Wheat bran, 50kg",Govi-Altai,2019-05,
" Wheat bran, 50kg",Govi-Altai,2019-04,
" Wheat bran, 50kg",Govi-Altai,2019-03,
" Wheat bran, 50kg",Govi-Altai,2019-02,
" Wheat bran, 50kg",Govi-Altai,2019-01,
" Wheat bran, 50kg",Govi-Altai,2018-12,
" Wheat bran, 50kg",Zavkhan,2025-12,
" Wheat bran, 50kg",Zavkhan,2025-11,
" Wheat bran, 50kg",Zavkhan,2025-10,
" Wheat bran, 50kg",Zavkhan,2025-09,
" Wheat bran, 50kg",Zavkhan,2025-08,
" Wheat bran, 50kg",Zavkhan,2025-07,
" Wheat bran, 50kg",Zavkhan,2025-06,
" Wheat bran, 50kg",Zavkhan,2025-05,
" Wheat bran, 50kg",Zavkhan,2025-04,
" Wheat bran, 50kg",Zavkhan,2025-03,
" Wheat bran, 50kg",Zavkhan,2025-02,40000.0
" Wheat bran, 50kg",Zavkhan,2025-01,
" Wheat bran, 50kg",Zavkhan,2024-12,
" Wheat bran, 50kg",Zavkhan,2024-11,
" Wheat bran, 50kg",Zavkhan,2024-10,
" Wheat bran, 50kg",Zavkhan,2024-09,
" Wheat bran, 50kg",Zavkhan,2024-08,
" Wheat bran, 50kg",Zavkhan,2024-07,
" Wheat bran, 50kg",Zavkhan,2024-06,
" Wheat bran, 50kg",Zavkhan,2024-05,
" Wheat bran, 50kg",Zavkhan,2024-04,
" Wheat bran, 50kg",Zavkhan,2024-03,
" Wheat bran, 50kg",Zavkhan,2024-02,60000.0
" Wheat bran, 50kg",Zavkhan,2024-01,60000.0
" Wheat bran, 50kg",Zavkhan,2023-12,26500.0
" Wheat bran, 50kg",Zavkhan,2023-11,25000.0
" Wheat bran, 50kg",Zavkhan,2023-10,50000.0
" Wheat bran, 50kg",Zavkhan,2023-09,
" Wheat bran, 50kg",Zavkhan,2023-08,40000.0
" Wheat bran, 50kg",Zavkhan,2023-07,
" Wheat bran, 50kg",Zavkhan,2023-06,
" Wheat bran, 50kg",Zavkhan,2023-05,
" Wheat bran, 50kg",Zavkhan,2023-04,
" Wheat bran, 50kg",Zavkhan,2023-03,19750.0
" Wheat bran, 50kg",Zavkhan,2023-02,27500.0
" Wheat bran, 50kg",Zavkhan,2023-01,55000.0
" Wheat bran, 50kg",Zavkhan,2022-12,
" Wheat bran, 50kg",Zavkhan,2022-11,25000.0
" Wheat bran, 50kg",Zavkhan,2022-10,
" Wheat bran, 50kg",Zavkhan,2022-09,18000.0
" Wheat bran, 50kg",Zavkhan,2022-08,17500.0
" Wheat bran, 50kg",Zavkhan,2022-07,
" Wheat bran, 50kg",Zavkhan,2022-06,25000.0
" Wheat bran, 50kg",Zavkhan,2022-05,
" Wheat bran, 50kg",Zavkhan,2022-04,15000.0
" Wheat bran, 50kg",Zavkhan,2022-03,25000.0
" Wheat bran, 50kg",Zavkhan,2022-02,50000.0
" Wheat bran, 50kg",Zavkhan,2022-01,
" Wheat bran, 50kg",Zavkhan,2021-12,
" Wheat bran, 50kg",Zavkhan,2021-11,
" Wheat bran, 50kg",Zavkhan,2021-10,
" Wheat bran, 50kg",Zavkhan,2021-09,
" Wheat bran, 50kg",Zavkhan,2021-08,
" Wheat bran, 50kg",Zavkhan,2021-07,
" Wheat bran, 50kg",Zavkhan,2021-06,
" Wheat bran, 50kg",Zavkhan,2021-05,
" Wheat bran, 50kg",Zavkhan,2021-04,24500.0
" Wheat bran, 50kg",Zavkhan,2021-03,
" Wheat bran, 50kg",Zavkhan,2021-02,28201.0
" Wheat bran, 50kg",Zavkhan,2021-01,33600.0
" Wheat bran, 50kg",Zavkhan,2020-12,
" Wheat bran, 50kg",Zavkhan,2020-11,
" Wheat bran, 50kg",Zavkhan,2020-10,
" Wheat bran, 50kg",Zavkhan,2020-09,
" Wheat bran, 50kg",Zavkhan,2020-08,
" Wheat bran, 50kg",Zavkhan,2020-07,28000.0
" Wheat bran, 50kg",Zavkhan,2020-06,
" Wheat bran, 50kg",Zavkhan,2020-05,35000.0
" Wheat bran, 50kg",Zavkhan,2020-04,35000.0
" Wheat bran, 50kg",Zavkhan,2020-03,35000.0
" Wheat bran, 50kg",Zavkhan,2020-02,35000.0
" Wheat bran, 50kg",Zavkhan,2020-01,35000.0
" Wheat bran, 50kg",Zavkhan,2019-12,
" Wheat bran, 50kg",Zavkhan,2019-11,
" Wheat bran, 50kg",Zavkhan,2019-10,
" Wheat bran, 50kg",Zavkhan,2019-09,
" Wheat bran, 50kg",Zavkhan,2019-08,
" Wheat bran, 50kg",Zavkhan,2019-07,
" Wheat bran, 50kg",Zavkhan,2019-06,
" Wheat bran, 50kg",Zavkhan,2019-05,
" Wheat bran, 50kg",Zavkhan,2019-04,
" Wheat bran, 50kg",Zavkhan,2019-03,
" Wheat bran, 50kg",Zavkhan,2019-02,
" Wheat bran, 50kg",Zavkhan,2019-01,
" Wheat bran, 50kg",Zavkhan,2018-12,
" Wheat bran, 50kg",Uvs,2025-12,
" Wheat bran, 50kg",Uvs,2025-11,
" Wheat bran, 50kg",Uvs,2025-10,
" Wheat bran, 50kg",Uvs,2025-09,
" Wheat bran, 50kg",Uvs,2025-08,
" Wheat bran, 50kg",Uvs,2025-07,
" Wheat bran, 50kg",Uvs,2025-06,23000.0
" Wheat bran, 50kg",Uvs,2025-05,
" Wheat bran, 50kg",Uvs,2025-04,
" Wheat bran, 50kg",Uvs,2025-03,15000.0
" Wheat bran, 50kg",Uvs,2025-02,35000.0
" Wheat bran, 50kg",Uvs,2025-01,
" Wheat bran, 50kg",Uvs,2024-12,36000.0
" Wheat bran, 50kg",Uvs,2024-11,
" Wheat bran, 50kg",Uvs,2024-10,
" Wheat bran, 50kg",Uvs,2024-09,
" Wheat bran, 50kg",Uvs,2024-08,
" Wheat bran, 50kg",Uvs,2024-07,
" Wheat bran, 50kg",Uvs,2024-06,
" Wheat bran, 50kg",Uvs,2024-05,
" Wheat bran, 50kg",Uvs,2024-04,
" Wheat bran, 50kg",Uvs,2024-03,
" Wheat bran, 50kg",Uvs,2024-02,
" Wheat bran, 50kg",Uvs,2024-01,
" Wheat bran, 50kg",Uvs,2023-12,
" Wheat bran, 50kg",Uvs,2023-11,
" Wheat bran, 50kg",Uvs,2023-10,17000.0
" Wheat bran, 50kg",Uvs,2023-09,
" Wheat bran, 50kg",Uvs,2023-08,
" Wheat bran, 50kg",Uvs,2023-07,
" Wheat bran, 50kg",Uvs,2023-06,
" Wheat bran, 50kg",Uvs,2023-05,
" Wheat bran, 50kg",Uvs,2023-04,
" Wheat bran, 50kg",Uvs,2023-03,
" Wheat bran, 50kg",Uvs,2023-02,20000.0
" Wheat bran, 50kg",Uvs,2023-01,35000.0
" Wheat bran, 50kg",Uvs,2022-12,
" Wheat bran, 50kg",Uvs,2022-11,
" Wheat bran, 50kg",Uvs,2022-10,20000.0
" Wheat bran, 50kg",Uvs,2022-09,
" Wheat bran, 50kg",Uvs,2022-08,
" Wheat bran, 50kg",Uvs,2022-07,
" Wheat bran, 50kg",Uvs,2022-06,
" Wheat bran, 50kg",Uvs,2022-05,
" Wheat bran, 50kg",Uvs,2022-04,
" Wheat bran, 50kg",Uvs,2022-03,
" Wheat bran, 50kg",Uvs,2022-02,
" Wheat bran, 50kg",Uvs,2022-01,
" Wheat bran, 50kg",Uvs,2021-12,
" Wheat bran, 50kg",Uvs,2021-11,
" Wheat bran, 50kg",Uvs,2021-10,
" Wheat bran, 50kg",Uvs,2021-09,
" Wheat bran, 50kg",Uvs,2021-08,
" Wheat bran, 50kg",Uvs,2021-07,
" Wheat bran, 50kg",Uvs,2021-06,
" Wheat bran, 50kg",Uvs,2021-05,
" Wheat bran, 50kg",Uvs,2021-04,
" Wheat bran, 50kg",Uvs,2021-03,
" Wheat bran, 50kg",Uvs,2021-02,
" Wheat bran, 50kg",Uvs,2021-01,25500.0
" Wheat bran, 50kg",Uvs,2020-12,
" Wheat bran, 50kg",Uvs,2020-11,
" Wheat bran, 50kg",Uvs,2020-10,
" Wheat bran, 50kg",Uvs,2020-09,
" Wheat bran, 50kg",Uvs,2020-08,
" Wheat bran, 50kg",Uvs,2020-07,
" Wheat bran, 50kg",Uvs,2020-06,
" Wheat bran, 50kg",Uvs,2020-05,
" Wheat bran, 50kg",Uvs,2020-04,
" Wheat bran, 50kg",Uvs,2020-03,
" Wheat bran, 50kg",Uvs,2020-02,22500.0
" Wheat bran, 50kg",Uvs,2020-01,
" Wheat bran, 50kg",Uvs,2019-12,
" Wheat bran, 50kg",Uvs,2019-11,
" Wheat bran, 50kg",Uvs,2019-10,
" Wheat bran, 50kg",Uvs,2019-09,
" Wheat bran, 50kg",Uvs,2019-08,
" Wheat bran, 50kg",Uvs,2019-07,
" Wheat bran, 50kg",Uvs,2019-06,
" Wheat bran, 50kg",Uvs,2019-05,
" Wheat bran, 50kg",Uvs,2019-04,
" Wheat bran, 50kg",Uvs,2019-03,
" Wheat bran, 50kg",Uvs,2019-02,
" Wheat bran, 50kg",Uvs,2019-01,
" Wheat bran, 50kg",Uvs,2018-12,
" Wheat bran, 50kg",Khovd,2025-12,43000.0
" Wheat bran, 50kg",Khovd,2025-11,38000.0
" Wheat bran, 50kg",Khovd,2025-10,34000.0
" Wheat bran, 50kg",Khovd,2025-09,34000.0
" Wheat bran, 50kg",Khovd,2025-08,
" Wheat bran, 50kg",Khovd,2025-07,
" Wheat bran, 50kg",Khovd,2025-06,40000.0
" Wheat bran, 50kg",Khovd,2025-05,30000.0
" Wheat bran, 50kg",Khovd,2025-04,34000.0
" Wheat bran, 50kg",Khovd,2025-03,28667.0
" Wheat bran, 50kg",Khovd,2025-02,
" Wheat bran, 50kg",Khovd,2025-01,
" Wheat bran, 50kg",Khovd,2024-12,
" Wheat bran, 50kg",Khovd,2024-11,
" Wheat bran, 50kg",Khovd,2024-10,
" Wheat bran, 50kg",Khovd,2024-09,
" Wheat bran, 50kg",Khovd,2024-08,
" Wheat bran, 50kg",Khovd,2024-07,
" Wheat bran, 50kg",Khovd,2024-06,
" Wheat bran, 50kg",Khovd,2024-05,
" Wheat bran, 50kg",Khovd,2024-04,
" Wheat bran, 50kg",Khovd,2024-03,
" Wheat bran, 50kg",Khovd,2024-02,
" Wheat bran, 50kg",Khovd,2024-01,
" Wheat bran, 50kg",Khovd,2023-12,
" Wheat bran, 50kg",Khovd,2023-11,
" Wheat bran, 50kg",Khovd,2023-10,
" Wheat bran, 50kg",Khovd,2023-09,
" Wheat bran, 50kg",Khovd,2023-08,
" Wheat bran, 50kg",Khovd,2023-07,
" Wheat bran, 50kg",Khovd,2023-06,
" Wheat bran, 50kg",Khovd,2023-05,
" Wheat bran, 50kg",Khovd,2023-04,24000.0
" Wheat bran, 50kg",Khovd,2023-03,31500.0
" Wheat bran, 50kg",Khovd,2023-02,45000.0
" Wheat bran, 50kg",Khovd,2023-01,45000.0
" Wheat bran, 50kg",Khovd,2022-12,
" Wheat bran, 50kg",Khovd,2022-11,
" Wheat bran, 50kg",Khovd,2022-10,
" Wheat bran, 50kg",Khovd,2022-09,
" Wheat bran, 50kg",Khovd,2022-08,
" Wheat bran, 50kg",Khovd,2022-07,
" Wheat bran, 50kg",Khovd,2022-06,
" Wheat bran, 50kg",Khovd,2022-05,
" Wheat bran, 50kg",Khovd,2022-04,28500.0
" Wheat bran, 50kg",Khovd,2022-03,45000.0
" Wheat bran, 50kg",Khovd,2022-02,33500.0
" Wheat bran, 50kg",Khovd,2022-01,
" Wheat bran, 50kg",Khovd,2021-12,
" Wheat bran, 50kg",Khovd,2021-11,
" Wheat bran, 50kg",Khovd,2021-10,
" Wheat bran, 50kg",Khovd,2021-09,
" Wheat bran, 50kg",Khovd,2021-08,
" Wheat bran, 50kg",Khovd,2021-07,
" Wheat bran, 50kg",Khovd,2021-06,
" Wheat bran, 50kg",Khovd,2021-05,
" Wheat bran, 50kg",Khovd,2021-04,
" Wheat bran, 50kg",Khovd,2021-03,50000.0
" Wheat bran, 50kg",Khovd,2021-02,
" Wheat bran, 50kg",Khovd,2021-01,
" Wheat bran, 50kg",Khovd,2020-12,
" Wheat bran, 50kg",Khovd,2020-11,
" Wheat bran, 50kg",Khovd,2020-10,50000.0
" Wheat bran, 50kg",Khovd,2020-09,
" Wheat bran, 50kg",Khovd,2020-08,
" Wheat bran, 50kg",Khovd,2020-07,
" Wheat bran, 50kg",Khovd,2020-06,
" Wheat bran, 50kg",Khovd,2020-05,
" Wheat bran, 50kg",Khovd,2020-04,13000.0
" Wheat bran, 50kg",Khovd,2020-03,18500.0
" Wheat bran, 50kg",Khovd,2020-02,17500.0
" Wheat bran, 50kg",Khovd,2020-01,16500.0
" Wheat bran, 50kg",Khovd,2019-12,
" Wheat bran, 50kg",Khovd,2019-11,
" Wheat bran, 50kg",Khovd,2019-10,
" Wheat bran, 50kg",Khovd,2019-09,
" Wheat bran, 50kg",Khovd,2019-08,
" Wheat bran, 50kg",Khovd,2019-07,
" Wheat bran, 50kg",Khovd,2019-06,
" Wheat bran, 50kg",Khovd,2019-05,
" Wheat bran, 50kg",Khovd,2019-04,
" Wheat bran, 50kg",Khovd,2019-03,
" Wheat bran, 50kg",Khovd,2019-02,
" Wheat bran, 50kg",Khovd,2019-01,
" Wheat bran, 50kg",Khovd,2018-12,
" Wheat bran, 50kg",Khangai region,2025-12,
" Wheat bran, 50kg",Khangai region,2025-11,
" Wheat bran, 50kg",Khangai region,2025-10,
" Wheat bran, 50kg",Khangai region,2025-09,
" Wheat bran, 50kg",Khangai region,2025-08,
" Wheat bran, 50kg",Khangai region,2025-07,
" Wheat bran, 50kg",Khangai region,2025-06,
" Wheat bran, 50kg",Khangai region,2025-05,
" Wheat bran, 50kg",Khangai region,2025-04,
" Wheat bran, 50kg",Khangai region,2025-03,
" Wheat bran, 50kg",Khangai region,2025-02,
" Wheat bran, 50kg",Khangai region,2025-01,
" Wheat bran, 50kg",Khangai region,2024-12,
" Wheat bran, 50kg",Khangai region,2024-11,
" Wheat bran, 50kg",Khangai region,2024-10,
" Wheat bran, 50kg",Khangai region,2024-09,
" Wheat bran, 50kg",Khangai region,2024-08,
" Wheat bran, 50kg",Khangai region,2024-07,
" Wheat bran, 50kg",Khangai region,2024-06,
" Wheat bran, 50kg",Khangai region,2024-05,
" Wheat bran, 50kg",Khangai region,2024-04,
" Wheat bran, 50kg",Khangai region,2024-03,
" Wheat bran, 50kg",Khangai region,2024-02,
" Wheat bran, 50kg",Khangai region,2024-01,
" Wheat bran, 50kg",Khangai region,2023-12,
" Wheat bran, 50kg",Khangai region,2023-11,
" Wheat bran, 50kg",Khangai region,2023-10,
" Wheat bran, 50kg",Khangai region,2023-09,
" Wheat bran, 50kg",Khangai region,2023-08,
" Wheat bran, 50kg",Khangai region,2023-07,
" Wheat bran, 50kg",Khangai region,2023-06,
" Wheat bran, 50kg",Khangai region,2023-05,
" Wheat bran, 50kg",Khangai region,2023-04,
" Wheat bran, 50kg",Khangai region,2023-03,
" Wheat bran, 50kg",Khangai region,2023-02,
" Wheat bran, 50kg",Khangai region,2023-01,
" Wheat bran, 50kg",Khangai region,2022-12,
" Wheat bran, 50kg",Khangai region,2022-11,
" Wheat bran, 50kg",Khangai region,2022-10,
" Wheat bran, 50kg",Khangai region,2022-09,
" Wheat bran, 50kg",Khangai region,2022-08,
" Wheat bran, 50kg",Khangai region,2022-07,
" Wheat bran, 50kg",Khangai region,2022-06,
" Wheat bran, 50kg",Khangai region,2022-05,
" Wheat bran, 50kg",Khangai region,2022-04,
" Wheat bran, 50kg",Khangai region,2022-03,
" Wheat bran, 50kg",Khangai region,2022-02,
" Wheat bran, 50kg",Khangai region,2022-01,
" Wheat bran, 50kg",Khangai region,2021-12,
" Wheat bran, 50kg",Khangai region,2021-11,
" Wheat bran, 50kg",Khangai region,2021-10,
" Wheat bran, 50kg",Khangai region,2021-09,
" Wheat bran, 50kg",Khangai region,2021-08,
" Wheat bran, 50kg",Khangai region,2021-07,
" Wheat bran, 50kg",Khangai region,2021-06,
" Wheat bran, 50kg",Khangai region,2021-05,
" Wheat bran, 50kg",Khangai region,2021-04,
" Wheat bran, 50kg",Khangai region,2021-03,
" Wheat bran, 50kg",Khangai region,2021-02,
" Wheat bran, 50kg",Khangai region,2021-01,
" Wheat bran, 50kg",Khangai region,2020-12,
" Wheat bran, 50kg",Khangai region,2020-11,
" Wheat bran, 50kg",Khangai region,2020-10,
" Wheat bran, 50kg",Khangai region,2020-09,
" Wheat bran, 50kg",Khangai region,2020-08,
" Wheat bran, 50kg",Khangai region,2020-07,
" Wheat bran, 50kg",Khangai region,2020-06,
" Wheat bran, 50kg",Khangai region,2020-05,
" Wheat bran, 50kg",Khangai region,2020-04,
" Wheat bran, 50kg",Khangai region,2020-03,
" Wheat bran, 50kg",Khangai region,2020-02,
" Wheat bran, 50kg",Khangai region,2020-01,
" Wheat bran, 50kg",Khangai region,2019-12,
" Wheat bran, 50kg",Khangai region,2019-11,
" Wheat bran, 50kg",Khangai region,2019-10,
" Wheat bran, 50kg",Khangai region,2019-09,
" Wheat bran, 50kg",Khangai region,2019-08,
" Wheat bran, 50kg",Khangai region,2019-07,
" Wheat bran, 50kg",Khangai region,2019-06,
" Wheat bran, 50kg",Khangai region,2019-05,
" Wheat bran, 50kg",Khangai region,2019-04,
" Wheat bran, 50kg",Khangai region,2019-03,
" Wheat bran, 50kg",Khangai region,2019-02,
" Wheat bran, 50kg",Khangai region,2019-01,
" Wheat bran, 50kg",Khangai region,2018-12,
" Wheat bran, 50kg",Arkhangai,2025-12,
" Wheat bran, 50kg",Arkhangai,2025-11,
" Wheat bran, 50kg",Arkhangai,2025-10,
" Wheat bran, 50kg",Arkhangai,2025-09,
" Wheat bran, 50kg",Arkhangai,2025-08,
" Wheat bran, 50kg",Arkhangai,2025-07,
" Wheat bran, 50kg",Arkhangai,2025-06,
" Wheat bran, 50kg",Arkhangai,2025-05,40000.0
" Wheat bran, 50kg",Arkhangai,2025-04,
" Wheat bran, 50kg",Arkhangai,2025-03,
" Wheat bran, 50kg",Arkhangai,2025-02,30000.0
" Wheat bran, 50kg",Arkhangai,2025-01,39000.0
" Wheat bran, 50kg",Arkhangai,2024-12,
" Wheat bran, 50kg",Arkhangai,2024-11,
" Wheat bran, 50kg",Arkhangai,2024-10,
" Wheat bran, 50kg",Arkhangai,2024-09,
" Wheat bran, 50kg",Arkhangai,2024-08,
" Wheat bran, 50kg",Arkhangai,2024-07,
" Wheat bran, 50kg",Arkhangai,2024-06,
" Wheat bran, 50kg",Arkhangai,2024-05,
" Wheat bran, 50kg",Arkhangai,2024-04,35000.0
" Wheat bran, 50kg",Arkhangai,2024-03,
" Wheat bran, 50kg",Arkhangai,2024-02,
" Wheat bran, 50kg",Arkhangai,2024-01,50000.0
" Wheat bran, 50kg",Arkhangai,2023-12,
" Wheat bran, 50kg",Arkhangai,2023-11,
" Wheat bran, 50kg",Arkhangai,2023-10,
" Wheat bran, 50kg",Arkhangai,2023-09,
" Wheat bran, 50kg",Arkhangai,2023-08,
" Wheat bran, 50kg",Arkhangai,2023-07,
" Wheat bran, 50kg",Arkhangai,2023-06,
" Wheat bran, 50kg",Arkhangai,2023-05,32000.0
" Wheat bran, 50kg",Arkhangai,2023-04,44000.0
" Wheat bran, 50kg",Arkhangai,2023-03,42000.0
" Wheat bran, 50kg",Arkhangai,2023-02,42000.0
" Wheat bran, 50kg",Arkhangai,2023-01,40000.0
" Wheat bran, 50kg",Arkhangai,2022-12,
" Wheat bran, 50kg",Arkhangai,2022-11,25000.0
" Wheat bran, 50kg",Arkhangai,2022-10,22000.0
" Wheat bran, 50kg",Arkhangai,2022-09,
" Wheat bran, 50kg",Arkhangai,2022-08,
" Wheat bran, 50kg",Arkhangai,2022-07,
" Wheat bran, 50kg",Arkhangai,2022-06,
" Wheat bran, 50kg",Arkhangai,2022-05,
" Wheat bran, 50kg",Arkhangai,2022-04,12500.0
" Wheat bran, 50kg",Arkhangai,2022-03,25000.0
" Wheat bran, 50kg",Arkhangai,2022-02,25000.0
" Wheat bran, 50kg",Arkhangai,2022-01,
" Wheat bran, 50kg",Arkhangai,2021-12,31500.0
" Wheat bran, 50kg",Arkhangai,2021-11,27000.0
" Wheat bran, 50kg",Arkhangai,2021-10,32000.0
" Wheat bran, 50kg",Arkhangai,2021-09,
" Wheat bran, 50kg",Arkhangai,2021-08,
" Wheat bran, 50kg",Arkhangai,2021-07,
" Wheat bran, 50kg",Arkhangai,2021-06,
" Wheat bran, 50kg",Arkhangai,2021-05,20000.0
" Wheat bran, 50kg",Arkhangai,2021-04,
" Wheat bran, 50kg",Arkhangai,2021-03,27500.0
" Wheat bran, 50kg",Arkhangai,2021-02,35500.0
" Wheat bran, 50kg",Arkhangai,2021-01,35500.0
" Wheat bran, 50kg",Arkhangai,2020-12,22500.0
" Wheat bran, 50kg",Arkhangai,2020-11,20667.0
" Wheat bran, 50kg",Arkhangai,2020-10,20000.0
" Wheat bran, 50kg",Arkhangai,2020-09,
" Wheat bran, 50kg",Arkhangai,2020-08,30000.0
" Wheat bran, 50kg",Arkhangai,2020-07,30000.0
" Wheat bran, 50kg",Arkhangai,2020-06,23000.0
" Wheat bran, 50kg",Arkhangai,2020-05,28000.0
" Wheat bran, 50kg",Arkhangai,2020-04,30000.0
" Wheat bran, 50kg",Arkhangai,2020-03,33000.0
" Wheat bran, 50kg",Arkhangai,2020-02,32000.0
" Wheat bran, 50kg",Arkhangai,2020-01,21600.0
" Wheat bran, 50kg",Arkhangai,2019-12,
" Wheat bran, 50kg",Arkhangai,2019-11,
" Wheat bran, 50kg",Arkhangai,2019-10,
" Wheat bran, 50kg",Arkhangai,2019-09,
" Wheat bran, 50kg",Arkhangai,2019-08,
" Wheat bran, 50kg",Arkhangai,2019-07,
" Wheat bran, 50kg",Arkhangai,2019-06,
" Wheat bran, 50kg",Arkhangai,2019-05,
" Wheat bran, 50kg",Arkhangai,2019-04,
" Wheat bran, 50kg",Arkhangai,2019-03,
" Wheat bran, 50kg",Arkhangai,2019-02,
" Wheat bran, 50kg",Arkhangai,2019-01,
" Wheat bran, 50kg",Arkhangai,2018-12,
" Wheat bran, 50kg",Bayankhongor,2025-12,
" Wheat bran, 50kg",Bayankhongor,2025-11,
" Wheat bran, 50kg",Bayankhongor,2025-10,
" Wheat bran, 50kg",Bayankhongor,2025-09,
" Wheat bran, 50kg",Bayankhongor,2025-08,
" Wheat bran, 50kg",Bayankhongor,2025-07,
" Wheat bran, 50kg",Bayankhongor,2025-06,
" Wheat bran, 50kg",Bayankhongor,2025-05,
" Wheat bran, 50kg",Bayankhongor,2025-04,
" Wheat bran, 50kg",Bayankhongor,2025-03,50000.0
" Wheat bran, 50kg",Bayankhongor,2025-02,
" Wheat bran, 50kg",Bayankhongor,2025-01,
" Wheat bran, 50kg",Bayankhongor,2024-12,31500.0
" Wheat bran, 50kg",Bayankhongor,2024-11,
" Wheat bran, 50kg",Bayankhongor,2024-10,
" Wheat bran, 50kg",Bayankhongor,2024-09,
" Wheat bran, 50kg",Bayankhongor,2024-08,
" Wheat bran, 50kg",Bayankhongor,2024-07,
" Wheat bran, 50kg",Bayankhongor,2024-06,
" Wheat bran, 50kg",Bayankhongor,2024-05,
" Wheat bran, 50kg",Bayankhongor,2024-04,23500.0
" Wheat bran, 50kg",Bayankhongor,2024-03,32625.0
" Wheat bran, 50kg",Bayankhongor,2024-02,30000.0
" Wheat bran, 50kg",Bayankhongor,2024-01,
" Wheat bran, 50kg",Bayankhongor,2023-12,27000.0
" Wheat bran, 50kg",Bayankhongor,2023-11,
" Wheat bran, 50kg",Bayankhongor,2023-10,
" Wheat bran, 50kg",Bayankhongor,2023-09,
" Wheat bran, 50kg",Bayankhongor,2023-08,
" Wheat bran, 50kg",Bayankhongor,2023-07,
" Wheat bran, 50kg",Bayankhongor,2023-06,
" Wheat bran, 50kg",Bayankhongor,2023-05,
" Wheat bran, 50kg",Bayankhongor,2023-04,
" Wheat bran, 50kg",Bayankhongor,2023-03,
" Wheat bran, 50kg",Bayankhongor,2023-02,
" Wheat bran, 50kg",Bayankhongor,2023-01,20500.0
" Wheat bran, 50kg",Bayankhongor,2022-12,
" Wheat bran, 50kg",Bayankhongor,2022-11,45000.0
" Wheat bran, 50kg",Bayankhongor,2022-10,25000.0
" Wheat bran, 50kg",Bayankhongor,2022-09,
" Wheat bran, 50kg",Bayankhongor,2022-08,
" Wheat bran, 50kg",Bayankhongor,2022-07,
" Wheat bran, 50kg",Bayankhongor,2022-06,
" Wheat bran, 50kg",Bayankhongor,2022-05,
" Wheat bran, 50kg",Bayankhongor,2022-04,
" Wheat bran, 50kg",Bayankhongor,2022-03,
" Wheat bran, 50kg",Bayankhongor,2022-02,
" Wheat bran, 50kg",Bayankhongor,2022-01,19500.0
" Wheat bran, 50kg",Bayankhongor,2021-12,
" Wheat bran, 50kg",Bayankhongor,2021-11,
" Wheat bran, 50kg",Bayankhongor,2021-10,
" Wheat bran, 50kg",Bayankhongor,2021-09,
" Wheat bran, 50kg",Bayankhongor,2021-08,
" Wheat bran, 50kg",Bayankhongor,2021-07,
" Wheat bran, 50kg",Bayankhongor,2021-06,
" Wheat bran, 50kg",Bayankhongor,2021-05,50000.0
" Wheat bran, 50kg",Bayankhongor,2021-04,47500.0
" Wheat bran, 50kg",Bayankhongor,2021-03,39333.0
" Wheat bran, 50kg",Bayankhongor,2021-02,41667.0
" Wheat bran, 50kg",Bayankhongor,2021-01,46250.0
" Wheat bran, 50kg",Bayankhongor,2020-12,
" Wheat bran, 50kg",Bayankhongor,2020-11,
" Wheat bran, 50kg",Bayankhongor,2020-10,
" Wheat bran, 50kg",Bayankhongor,2020-09,
" Wheat bran, 50kg",Bayankhongor,2020-08,
" Wheat bran, 50kg",Bayankhongor,2020-07,
" Wheat bran, 50kg",Bayankhongor,2020-06,
" Wheat bran, 50kg",Bayankhongor,2020-05,
" Wheat bran, 50kg",Bayankhongor,2020-04,
" Wheat bran, 50kg",Bayankhongor,2020-03,17000.0
" Wheat bran, 50kg",Bayankhongor,2020-02,14667.0
" Wheat bran, 50kg",Bayankhongor,2020-01,12800.0
" Wheat bran, 50kg",Bayankhongor,2019-12,
" Wheat bran, 50kg",Bayankhongor,2019-11,
" Wheat bran, 50kg",Bayankhongor,2019-10,
" Wheat bran, 50kg",Bayankhongor,2019-09,
" Wheat bran, 50kg",Bayankhongor,2019-08,
" Wheat bran, 50kg",Bayankhongor,2019-07,
" Wheat bran, 50kg",Bayankhongor,2019-06,
" Wheat bran, 50kg",Bayankhongor,2019-05,
" Wheat bran, 50kg",Bayankhongor,2019-04,
" Wheat bran, 50kg",Bayankhongor,2019-03,
" Wheat bran, 50kg",Bayankhongor,2019-02,
" Wheat bran, 50kg",Bayankhongor,2019-01,
" Wheat bran, 50kg",Bayankhongor,2018-12,
" Wheat bran, 50kg",Bulgan,2025-12,
" Wheat bran, 50kg",Bulgan,2025-11,61000.0
" Wheat bran, 50kg",Bulgan,2025-10,27000.0
" Wheat bran, 50kg",Bulgan,2025-09,57000.0
" Wheat bran, 50kg",Bulgan,2025-08,55000.0
" Wheat bran, 50kg",Bulgan,2025-07,
" Wheat bran, 50kg",Bulgan,2025-06,
" Wheat bran, 50kg",Bulgan,2025-05,
" Wheat bran, 50kg",Bulgan,2025-04,27000.0
" Wheat bran, 50kg",Bulgan,2025-03,
" Wheat bran, 50kg",Bulgan,2025-02,25000.0
" Wheat bran, 50kg",Bulgan,2025-01,55000.0
" Wheat bran, 50kg",Bulgan,2024-12,43000.0
" Wheat bran, 50kg",Bulgan,2024-11,35000.0
" Wheat bran, 50kg",Bulgan,2024-10,
" Wheat bran, 50kg",Bulgan,2024-09,20000.0
" Wheat bran, 50kg",Bulgan,2024-08,
" Wheat bran, 50kg",Bulgan,2024-07,
" Wheat bran, 50kg",Bulgan,2024-06,30000.0
" Wheat bran, 50kg",Bulgan,2024-05,51000.0
" Wheat bran, 50kg",Bulgan,2024-04,52500.0
" Wheat bran, 50kg",Bulgan,2024-03,55500.0
" Wheat bran, 50kg",Bulgan,2024-02,57333.0
" Wheat bran, 50kg",Bulgan,2024-01,32000.0
" Wheat bran, 50kg",Bulgan,2023-12,
" Wheat bran, 50kg",Bulgan,2023-11,40000.0
" Wheat bran, 50kg",Bulgan,2023-10,45000.0
" Wheat bran, 50kg",Bulgan,2023-09,
" Wheat bran, 50kg",Bulgan,2023-08,30000.0
" Wheat bran, 50kg",Bulgan,2023-07,
" Wheat bran, 50kg",Bulgan,2023-06,28000.0
" Wheat bran, 50kg",Bulgan,2023-05,40000.0
" Wheat bran, 50kg",Bulgan,2023-04,50000.0
" Wheat bran, 50kg",Bulgan,2023-03,40000.0
" Wheat bran, 50kg",Bulgan,2023-02,28000.0
" Wheat bran, 50kg",Bulgan,2023-01,28000.0
" Wheat bran, 50kg",Bulgan,2022-12,27300.0
" Wheat bran, 50kg",Bulgan,2022-11,30000.0
" Wheat bran, 50kg",Bulgan,2022-10,28000.0
" Wheat bran, 50kg",Bulgan,2022-09,28000.0
" Wheat bran, 50kg",Bulgan,2022-08,27500.0
" Wheat bran, 50kg",Bulgan,2022-07,27500.0
" Wheat bran, 50kg",Bulgan,2022-06,29000.0
" Wheat bran, 50kg",Bulgan,2022-05,28000.0
" Wheat bran, 50kg",Bulgan,2022-04,23333.0
" Wheat bran, 50kg",Bulgan,2022-03,27500.0
" Wheat bran, 50kg",Bulgan,2022-02,25000.0
" Wheat bran, 50kg",Bulgan,2022-01,25000.0
" Wheat bran, 50kg",Bulgan,2021-12,25000.0
" Wheat bran, 50kg",Bulgan,2021-11,25000.0
" Wheat bran, 50kg",Bulgan,2021-10,25000.0
" Wheat bran, 50kg",Bulgan,2021-09,25000.0
" Wheat bran, 50kg",Bulgan,2021-08,
" Wheat bran, 50kg",Bulgan,2021-07,30667.0
" Wheat bran, 50kg",Bulgan,2021-06,
" Wheat bran, 50kg",Bulgan,2021-05,31000.0
" Wheat bran, 50kg",Bulgan,2021-04,30500.0
" Wheat bran, 50kg",Bulgan,2021-03,36000.0
" Wheat bran, 50kg",Bulgan,2021-02,40000.0
" Wheat bran, 50kg",Bulgan,2021-01,40000.0
" Wheat bran, 50kg",Bulgan,2020-12,29000.0
" Wheat bran, 50kg",Bulgan,2020-11,22500.0
" Wheat bran, 50kg",Bulgan,2020-10,25333.0
" Wheat bran, 50kg",Bulgan,2020-09,29500.0
" Wheat bran, 50kg",Bulgan,2020-08,29500.0
" Wheat bran, 50kg",Bulgan,2020-07,29500.0
" Wheat bran, 50kg",Bulgan,2020-06,29500.0
" Wheat bran, 50kg",Bulgan,2020-05,34000.0
" Wheat bran, 50kg",Bulgan,2020-04,32000.0
" Wheat bran, 50kg",Bulgan,2020-03,27000.0
" Wheat bran, 50kg",Bulgan,2020-02,
" Wheat bran, 50kg",Bulgan,2020-01,
" Wheat bran, 50kg",Bulgan,2019-12,
" Wheat bran, 50kg",Bulgan,2019-11,
" Wheat bran, 50kg",Bulgan,2019-10,
" Wheat bran, 50kg",Bulgan,2019-09,
" Wheat bran, 50kg",Bulgan,2019-08,
" Wheat bran, 50kg",Bulgan,2019-07,
" Wheat bran, 50kg",Bulgan,2019-06,
" Wheat bran, 50kg",Bulgan,2019-05,
" Wheat bran, 50kg",Bulgan,2019-04,
" Wheat bran, 50kg",Bulgan,2019-03,
" Wheat bran, 50kg",Bulgan,2019-02,
" Wheat bran, 50kg",Bulgan,2019-01,
" Wheat bran, 50kg",Bulgan,2018-12,
" Wheat bran, 50kg",Uvurkhangai,2025-12,
" Wheat bran, 50kg",Uvurkhangai,2025-11,
" Wheat bran, 50kg",Uvurkhangai,2025-10,
" Wheat bran, 50kg",Uvurkhangai,2025-09,42000.0
" Wheat bran, 50kg",Uvurkhangai,2025-08,40000.0
" Wheat bran, 50kg",Uvurkhangai,2025-07,40000.0
" Wheat bran, 50kg",Uvurkhangai,2025-06,42000.0
" Wheat bran, 50kg",Uvurkhangai,2025-05,40000.0
" Wheat bran, 50kg",Uvurkhangai,2025-04,28000.0
" Wheat bran, 50kg",Uvurkhangai,2025-03,42000.0
" Wheat bran, 50kg",Uvurkhangai,2025-02,43000.0
" Wheat bran, 50kg",Uvurkhangai,2025-01,42000.0
" Wheat bran, 50kg",Uvurkhangai,2024-12,
" Wheat bran, 50kg",Uvurkhangai,2024-11,36000.0
" Wheat bran, 50kg",Uvurkhangai,2024-10,25000.0
" Wheat bran, 50kg",Uvurkhangai,2024-09,
" Wheat bran, 50kg",Uvurkhangai,2024-08,
" Wheat bran, 50kg",Uvurkhangai,2024-07,
" Wheat bran, 50kg",Uvurkhangai,2024-06,
" Wheat bran, 50kg",Uvurkhangai,2024-05,
" Wheat bran, 50kg",Uvurkhangai,2024-04,53000.0
" Wheat bran, 50kg",Uvurkhangai,2024-03,50000.0
" Wheat bran, 50kg",Uvurkhangai,2024-02,50000.0
" Wheat bran, 50kg",Uvurkhangai,2024-01,45000.0
" Wheat bran, 50kg",Uvurkhangai,2023-12,39500.0
" Wheat bran, 50kg",Uvurkhangai,2023-11,39999.0
" Wheat bran, 50kg",Uvurkhangai,2023-10,40000.0
" Wheat bran, 50kg",Uvurkhangai,2023-09,46000.0
" Wheat bran, 50kg",Uvurkhangai,2023-08,50000.0
" Wheat bran, 50kg",Uvurkhangai,2023-07,50000.0
" Wheat bran, 50kg",Uvurkhangai,2023-06,50000.0
" Wheat bran, 50kg",Uvurkhangai,2023-05,50000.0
" Wheat bran, 50kg",Uvurkhangai,2023-04,50000.0
" Wheat bran, 50kg",Uvurkhangai,2023-03,36000.0
" Wheat bran, 50kg",Uvurkhangai,2023-02,36000.0
" Wheat bran, 50kg",Uvurkhangai,2023-01,36000.0
" Wheat bran, 50kg",Uvurkhangai,2022-12,36000.0
" Wheat bran, 50kg",Uvurkhangai,2022-11,36000.0
" Wheat bran, 50kg",Uvurkhangai,2022-10,30000.0
" Wheat bran, 50kg",Uvurkhangai,2022-09,25000.0
" Wheat bran, 50kg",Uvurkhangai,2022-08,
" Wheat bran, 50kg",Uvurkhangai,2022-07,
" Wheat bran, 50kg",Uvurkhangai,2022-06,22000.0
" Wheat bran, 50kg",Uvurkhangai,2022-05,30000.0
" Wheat bran, 50kg",Uvurkhangai,2022-04,30000.0
" Wheat bran, 50kg",Uvurkhangai,2022-03,30000.0
" Wheat bran, 50kg",Uvurkhangai,2022-02,47000.0
" Wheat bran, 50kg",Uvurkhangai,2022-01,47000.0
" Wheat bran, 50kg",Uvurkhangai,2021-12,36000.0
" Wheat bran, 50kg",Uvurkhangai,2021-11,36000.0
" Wheat bran, 50kg",Uvurkhangai,2021-10,36000.0
" Wheat bran, 50kg",Uvurkhangai,2021-09,36000.0
" Wheat bran, 50kg",Uvurkhangai,2021-08,
" Wheat bran, 50kg",Uvurkhangai,2021-07,44000.0
" Wheat bran, 50kg",Uvurkhangai,2021-06,
" Wheat bran, 50kg",Uvurkhangai,2021-05,48000.0
" Wheat bran, 50kg",Uvurkhangai,2021-04,48000.0
" Wheat bran, 50kg",Uvurkhangai,2021-03,48000.0
" Wheat bran, 50kg",Uvurkhangai,2021-02,
" Wheat bran, 50kg",Uvurkhangai,2021-01,48000.0
" Wheat bran, 50kg",Uvurkhangai,2020-12,48000.0
" Wheat bran, 50kg",Uvurkhangai,2020-11,24000.0
" Wheat bran, 50kg",Uvurkhangai,2020-10,24000.0
" Wheat bran, 50kg",Uvurkhangai,2020-09,24000.0
" Wheat bran, 50kg",Uvurkhangai,2020-08,24000.0
" Wheat bran, 50kg",Uvurkhangai,2020-07,24000.0
" Wheat bran, 50kg",Uvurkhangai,2020-06,24000.0
" Wheat bran, 50kg",Uvurkhangai,2020-05,24000.0
" Wheat bran, 50kg",Uvurkhangai,2020-04,28000.0
" Wheat bran, 50kg",Uvurkhangai,2020-03,30000.0
" Wheat bran, 50kg",Uvurkhangai,2020-02,25000.0
" Wheat bran, 50kg",Uvurkhangai,2020-01,24000.0
" Wheat bran, 50kg",Uvurkhangai,2019-12,
" Wheat bran, 50kg",Uvurkhangai,2019-11,
" Wheat bran, 50kg",Uvurkhangai,2019-10,
" Wheat bran, 50kg",Uvurkhangai,2019-09,
" Wheat bran, 50kg",Uvurkhangai,2019-08,
" Wheat bran, 50kg",Uvurkhangai,2019-07,
" Wheat bran, 50kg",Uvurkhangai,2019-06,
" Wheat bran, 50kg",Uvurkhangai,2019-05,
" Wheat bran, 50kg",Uvurkhangai,2019-04,
" Wheat bran, 50kg",Uvurkhangai,2019-03,
" Wheat bran, 50kg",Uvurkhangai,2019-02,
" Wheat bran, 50kg",Uvurkhangai,2019-01,
" Wheat bran, 50kg",Uvurkhangai,2018-12,
" Wheat bran, 50kg",Khuvsgul,2025-12,54667.0
" Wheat bran, 50kg",Khuvsgul,2025-11,50000.0
" Wheat bran, 50kg",Khuvsgul,2025-10,28000.0
" Wheat bran, 50kg",Khuvsgul,2025-09,50000.0
" Wheat bran, 50kg",Khuvsgul,2025-08,40000.0
" Wheat bran, 50kg",Khuvsgul,2025-07,40000.0
" Wheat bran, 50kg",Khuvsgul,2025-06,40000.0
" Wheat bran, 50kg",Khuvsgul,2025-05,44000.0
" Wheat bran, 50kg",Khuvsgul,2025-04,20000.0
" Wheat bran, 50kg",Khuvsgul,2025-03,44000.0
" Wheat bran, 50kg",Khuvsgul,2025-02,46000.0
" Wheat bran, 50kg",Khuvsgul,2025-01,49500.0
" Wheat bran, 50kg",Khuvsgul,2024-12,51000.0
" Wheat bran, 50kg",Khuvsgul,2024-11,50000.0
" Wheat bran, 50kg",Khuvsgul,2024-10,50000.0
" Wheat bran, 50kg",Khuvsgul,2024-09,50000.0
" Wheat bran, 50kg",Khuvsgul,2024-08,
" Wheat bran, 50kg",Khuvsgul,2024-07,
" Wheat bran, 50kg",Khuvsgul,2024-06,
" Wheat bran, 50kg",Khuvsgul,2024-05,
" Wheat bran, 50kg",Khuvsgul,2024-04,49000.0
" Wheat bran, 50kg",Khuvsgul,2024-03,55000.0
" Wheat bran, 50kg",Khuvsgul,2024-02,52000.0
" Wheat bran, 50kg",Khuvsgul,2024-01,56000.0
" Wheat bran, 50kg",Khuvsgul,2023-12,54000.0
" Wheat bran, 50kg",Khuvsgul,2023-11,46000.0
" Wheat bran, 50kg",Khuvsgul,2023-10,36000.0
" Wheat bran, 50kg",Khuvsgul,2023-09,
" Wheat bran, 50kg",Khuvsgul,2023-08,
" Wheat bran, 50kg",Khuvsgul,2023-07,
" Wheat bran, 50kg",Khuvsgul,2023-06,43000.0
" Wheat bran, 50kg",Khuvsgul,2023-05,43200.0
" Wheat bran, 50kg",Khuvsgul,2023-04,48533.0
" Wheat bran, 50kg",Khuvsgul,2023-03,43000.0
" Wheat bran, 50kg",Khuvsgul,2023-02,42667.0
" Wheat bran, 50kg",Khuvsgul,2023-01,41000.0
" Wheat bran, 50kg",Khuvsgul,2022-12,33300.0
" Wheat bran, 50kg",Khuvsgul,2022-11,33300.0
" Wheat bran, 50kg",Khuvsgul,2022-10,44000.0
" Wheat bran, 50kg",Khuvsgul,2022-09,
" Wheat bran, 50kg",Khuvsgul,2022-08,50000.0
" Wheat bran, 50kg",Khuvsgul,2022-07,46000.0
" Wheat bran, 50kg",Khuvsgul,2022-06,47000.0
" Wheat bran, 50kg",Khuvsgul,2022-05,47000.0
" Wheat bran, 50kg",Khuvsgul,2022-04,36667.0
" Wheat bran, 50kg",Khuvsgul,2022-03,36800.0
" Wheat bran, 50kg",Khuvsgul,2022-02,47000.0
" Wheat bran, 50kg",Khuvsgul,2022-01,34500.0
" Wheat bran, 50kg",Khuvsgul,2021-12,39333.0
" Wheat bran, 50kg",Khuvsgul,2021-11,40000.0
" Wheat bran, 50kg",Khuvsgul,2021-10,47000.0
" Wheat bran, 50kg",Khuvsgul,2021-09,44000.0
" Wheat bran, 50kg",Khuvsgul,2021-08,
" Wheat bran, 50kg",Khuvsgul,2021-07,42000.0
" Wheat bran, 50kg",Khuvsgul,2021-06,
" Wheat bran, 50kg",Khuvsgul,2021-05,43000.0
" Wheat bran, 50kg",Khuvsgul,2021-04,43000.0
" Wheat bran, 50kg",Khuvsgul,2021-03,43500.0
" Wheat bran, 50kg",Khuvsgul,2021-02,39333.0
" Wheat bran, 50kg",Khuvsgul,2021-01,44000.0
" Wheat bran, 50kg",Khuvsgul,2020-12,21000.0
" Wheat bran, 50kg",Khuvsgul,2020-11,21000.0
" Wheat bran, 50kg",Khuvsgul,2020-10,19500.0
" Wheat bran, 50kg",Khuvsgul,2020-09,
" Wheat bran, 50kg",Khuvsgul,2020-08,
" Wheat bran, 50kg",Khuvsgul,2020-07,28000.0
" Wheat bran, 50kg",Khuvsgul,2020-06,28000.0
" Wheat bran, 50kg",Khuvsgul,2020-05,22000.0
" Wheat bran, 50kg",Khuvsgul,2020-04,25333.0
" Wheat bran, 50kg",Khuvsgul,2020-03,28800.0
" Wheat bran, 50kg",Khuvsgul,2020-02,22400.0
" Wheat bran, 50kg",Khuvsgul,2020-01,20200.0
" Wheat bran, 50kg",Khuvsgul,2019-12,
" Wheat bran, 50kg",Khuvsgul,2019-11,
" Wheat bran, 50kg",Khuvsgul,2019-10,
" Wheat bran, 50kg",Khuvsgul,2019-09,
" Wheat bran, 50kg",Khuvsgul,2019-08,
" Wheat bran, 50kg",Khuvsgul,2019-07,
" Wheat bran, 50kg",Khuvsgul,2019-06,
" Wheat bran, 50kg",Khuvsgul,2019-05,
" Wheat bran, 50kg",Khuvsgul,2019-04,
" Wheat bran, 50kg",Khuvsgul,2019-03,
" Wheat bran, 50kg",Khuvsgul,2019-02,
" Wheat bran, 50kg",Khuvsgul,2019-01,
" Wheat bran, 50kg",Khuvsgul,2018-12,
" Wheat bran, 50kg",Orkhon,2025-12,50000.0
" Wheat bran, 50kg",Orkhon,2025-11,
" Wheat bran, 50kg",Orkhon,2025-10,20000.0
" Wheat bran, 50kg",Orkhon,2025-09,46000.0
" Wheat bran, 50kg",Orkhon,2025-08,
" Wheat bran, 50kg",Orkhon,2025-07,40000.0
" Wheat bran, 50kg",Orkhon,2025-06,40000.0
" Wheat bran, 50kg",Orkhon,2025-05,
" Wheat bran, 50kg",Orkhon,2025-04,
" Wheat bran, 50kg",Orkhon,2025-03,42000.0
" Wheat bran, 50kg",Orkhon,2025-02,45000.0
" Wheat bran, 50kg",Orkhon,2025-01,45000.0
" Wheat bran, 50kg",Orkhon,2024-12,
" Wheat bran, 50kg",Orkhon,2024-11,
" Wheat bran, 50kg",Orkhon,2024-10,
" Wheat bran, 50kg",Orkhon,2024-09,
" Wheat bran, 50kg",Orkhon,2024-08,
" Wheat bran, 50kg",Orkhon,2024-07,
" Wheat bran, 50kg",Orkhon,2024-06,
" Wheat bran, 50kg",Orkhon,2024-05,
" Wheat bran, 50kg",Orkhon,2024-04,
" Wheat bran, 50kg",Orkhon,2024-03,
" Wheat bran, 50kg",Orkhon,2024-02,50000.0
" Wheat bran, 50kg",Orkhon,2024-01,
" Wheat bran, 50kg",Orkhon,2023-12,50000.0
" Wheat bran, 50kg",Orkhon,2023-11,45000.0
" Wheat bran, 50kg",Orkhon,2023-10,21000.0
" Wheat bran, 50kg",Orkhon,2023-09,
" Wheat bran, 50kg",Orkhon,2023-08,
" Wheat bran, 50kg",Orkhon,2023-07,
" Wheat bran, 50kg",Orkhon,2023-06,
" Wheat bran, 50kg",Orkhon,2023-05,53000.0
" Wheat bran, 50kg",Orkhon,2023-04,37500.0
" Wheat bran, 50kg",Orkhon,2023-03,34500.0
" Wheat bran, 50kg",Orkhon,2023-02,30167.0
" Wheat bran, 50kg",Orkhon,2023-01,33500.0
" Wheat bran, 50kg",Orkhon,2022-12,40000.0
" Wheat bran, 50kg",Orkhon,2022-11,46000.0
" Wheat bran, 50kg",Orkhon,2022-10,40000.0
" Wheat bran, 50kg",Orkhon,2022-09,
" Wheat bran, 50kg",Orkhon,2022-08,
" Wheat bran, 50kg",Orkhon,2022-07,
" Wheat bran, 50kg",Orkhon,2022-06,
" Wheat bran, 50kg",Orkhon,2022-05,
" Wheat bran, 50kg",Orkhon,2022-04,
" Wheat bran, 50kg",Orkhon,2022-03,15000.0
" Wheat bran, 50kg",Orkhon,2022-02,50000.0
" Wheat bran, 50kg",Orkhon,2022-01,50000.0
" Wheat bran, 50kg",Orkhon,2021-12,31000.0
" Wheat bran, 50kg",Orkhon,2021-11,
" Wheat bran, 50kg",Orkhon,2021-10,
" Wheat bran, 50kg",Orkhon,2021-09,
" Wheat bran, 50kg",Orkhon,2021-08,
" Wheat bran, 50kg",Orkhon,2021-07,
" Wheat bran, 50kg",Orkhon,2021-06,
" Wheat bran, 50kg",Orkhon,2021-05,36000.0
" Wheat bran, 50kg",Orkhon,2021-04,45000.0
" Wheat bran, 50kg",Orkhon,2021-03,45000.0
" Wheat bran, 50kg",Orkhon,2021-02,41667.0
" Wheat bran, 50kg",Orkhon,2021-01,36750.0
" Wheat bran, 50kg",Orkhon,2020-12,36500.0
" Wheat bran, 50kg",Orkhon,2020-11,32000.0
" Wheat bran, 50kg",Orkhon,2020-10,32000.0
" Wheat bran, 50kg",Orkhon,2020-09,
" Wheat bran, 50kg",Orkhon,2020-08,
" Wheat bran, 50kg",Orkhon,2020-07,
" Wheat bran, 50kg",Orkhon,2020-06,
" Wheat bran, 50kg",Orkhon,2020-05,
" Wheat bran, 50kg",Orkhon,2020-04,22000.0
" Wheat bran, 50kg",Orkhon,2020-03,28000.0
" Wheat bran, 50kg",Orkhon,2020-02,30000.0
" Wheat bran, 50kg",Orkhon,2020-01,28500.0
" Wheat bran, 50kg",Orkhon,2019-12,
" Wheat bran, 50kg",Orkhon,2019-11,
" Wheat bran, 50kg",Orkhon,2019-10,
" Wheat bran, 50kg",Orkhon,2019-09,
" Wheat bran, 50kg",Orkhon,2019-08,
" Wheat bran, 50kg",Orkhon,2019-07,
" Wheat bran, 50kg",Orkhon,2019-06,
" Wheat bran, 50kg",Orkhon,2019-05,
" Wheat bran, 50kg",Orkhon,2019-04,
" Wheat bran, 50kg",Orkhon,2019-03,
" Wheat bran, 50kg",Orkhon,2019-02,
" Wheat bran, 50kg",Orkhon,2019-01,
" Wheat bran, 50kg",Orkhon,2018-12,
" Wheat bran, 50kg",Central region,2025-12,
" Wheat bran, 50kg",Central region,2025-11,
" Wheat bran, 50kg",Central region,2025-10,
" Wheat bran, 50kg",Central region,2025-09,
" Wheat bran, 50kg",Central region,2025-08,
" Wheat bran, 50kg",Central region,2025-07,
" Wheat bran, 50kg",Central region,2025-06,
" Wheat bran, 50kg",Central region,2025-05,
" Wheat bran, 50kg",Central region,2025-04,
" Wheat bran, 50kg",Central region,2025-03,
" Wheat bran, 50kg",Central region,2025-02,
" Wheat bran, 50kg",Central region,2025-01,
" Wheat bran, 50kg",Central region,2024-12,
" Wheat bran, 50kg",Central region,2024-11,
" Wheat bran, 50kg",Central region,2024-10,
" Wheat bran, 50kg",Central region,2024-09,
" Wheat bran, 50kg",Central region,2024-08,
" Wheat bran, 50kg",Central region,2024-07,
" Wheat bran, 50kg",Central region,2024-06,
" Wheat bran, 50kg",Central region,2024-05,
" Wheat bran, 50kg",Central region,2024-04,
" Wheat bran, 50kg",Central region,2024-03,
" Wheat bran, 50kg",Central region,2024-02,
" Wheat bran, 50kg",Central region,2024-01,
" Wheat bran, 50kg",Central region,2023-12,
" Wheat bran, 50kg",Central region,2023-11,
" Wheat bran, 50kg",Central region,2023-10,
" Wheat bran, 50kg",Central region,2023-09,
" Wheat bran, 50kg",Central region,2023-08,
" Wheat bran, 50kg",Central region,2023-07,
" Wheat bran, 50kg",Central region,2023-06,
" Wheat bran, 50kg",Central region,2023-05,
" Wheat bran, 50kg",Central region,2023-04,
" Wheat bran, 50kg",Central region,2023-03,
" Wheat bran, 50kg",Central region,2023-02,
" Wheat bran, 50kg",Central region,2023-01,
" Wheat bran, 50kg",Central region,2022-12,
" Wheat bran, 50kg",Central region,2022-11,
" Wheat bran, 50kg",Central region,2022-10,
" Wheat bran, 50kg",Central region,2022-09,
" Wheat bran, 50kg",Central region,2022-08,
" Wheat bran, 50kg",Central region,2022-07,
" Wheat bran, 50kg",Central region,2022-06,
" Wheat bran, 50kg",Central region,2022-05,
" Wheat bran, 50kg",Central region,2022-04,
" Wheat bran, 50kg",Central region,2022-03,
" Wheat bran, 50kg",Central region,2022-02,
" Wheat bran, 50kg",Central region,2022-01,
" Wheat bran, 50kg",Central region,2021-12,
" Wheat bran, 50kg",Central region,2021-11,
" Wheat bran, 50kg",Central region,2021-10,
" Wheat bran, 50kg",Central region,2021-09,
" Wheat bran, 50kg",Central region,2021-08,
" Wheat bran, 50kg",Central region,2021-07,
" Wheat bran, 50kg",Central region,2021-06,
" Wheat bran, 50kg",Central region,2021-05,
" Wheat bran, 50kg",Central region,2021-04,
" Wheat bran, 50kg",Central region,2021-03,
" Wheat bran, 50kg",Central region,2021-02,
" Wheat bran, 50kg",Central region,2021-01,
" Wheat bran, 50kg",Central region,2020-12,
" Wheat bran, 50kg",Central region,2020-11,
" Wheat bran, 50kg",Central region,2020-10,
" Wheat bran, 50kg",Central region,2020-09,
" Wheat bran, 50kg",Central region,2020-08,
" Wheat bran, 50kg",Central region,2020-07,
" Wheat bran, 50kg",Central region,2020-06,
" Wheat bran, 50kg",Central region,2020-05,
" Wheat bran, 50kg",Central region,2020-04,
" Wheat bran, 50kg",Central region,2020-03,
" Wheat bran, 50kg",Central region,2020-02,
" Wheat bran, 50kg",Central region,2020-01,
" Wheat bran, 50kg",Central region,2019-12,
" Wheat bran, 50kg",Central region,2019-11,
" Wheat bran, 50kg",Central region,2019-10,
" Wheat bran, 50kg",Central region,2019-09,
" Wheat bran, 50kg",Central region,2019-08,
" Wheat bran, 50kg",Central region,2019-07,
" Wheat bran, 50kg",Central region,2019-06,
" Wheat bran, 50kg",Central region,2019-05,
" Wheat bran, 50kg",Central region,2019-04,
" Wheat bran, 50kg",Central region,2019-03,
" Wheat bran, 50kg",Central region,2019-02,
" Wheat bran, 50kg",Central region,2019-01,
" Wheat bran, 50kg",Central region,2018-12,
" Wheat bran, 50kg",Govisumber,2025-12,
" Wheat bran, 50kg",Govisumber,2025-11,
" Wheat bran, 50kg",Govisumber,2025-10,
" Wheat bran, 50kg",Govisumber,2025-09,
" Wheat bran, 50kg",Govisumber,2025-08,
" Wheat bran, 50kg",Govisumber,2025-07,
" Wheat bran, 50kg",Govisumber,2025-06,
" Wheat bran, 50kg",Govisumber,2025-05,
" Wheat bran, 50kg",Govisumber,2025-04,
" Wheat bran, 50kg",Govisumber,2025-03,
" Wheat bran, 50kg",Govisumber,2025-02,
" Wheat bran, 50kg",Govisumber,2025-01,
" Wheat bran, 50kg",Govisumber,2024-12,
" Wheat bran, 50kg",Govisumber,2024-11,
" Wheat bran, 50kg",Govisumber,2024-10,
" Wheat bran, 50kg",Govisumber,2024-09,
" Wheat bran, 50kg",Govisumber,2024-08,50000.0
" Wheat bran, 50kg",Govisumber,2024-07,
" Wheat bran, 50kg",Govisumber,2024-06,
" Wheat bran, 50kg",Govisumber,2024-05,
" Wheat bran, 50kg",Govisumber,2024-04,
" Wheat bran, 50kg",Govisumber,2024-03,
" Wheat bran, 50kg",Govisumber,2024-02,
" Wheat bran, 50kg",Govisumber,2024-01,
" Wheat bran, 50kg",Govisumber,2023-12,
" Wheat bran, 50kg",Govisumber,2023-11,
" Wheat bran, 50kg",Govisumber,2023-10,
" Wheat bran, 50kg",Govisumber,2023-09,
" Wheat bran, 50kg",Govisumber,2023-08,
" Wheat bran, 50kg",Govisumber,2023-07,
" Wheat bran, 50kg",Govisumber,2023-06,
" Wheat bran, 50kg",Govisumber,2023-05,
" Wheat bran, 50kg",Govisumber,2023-04,
" Wheat bran, 50kg",Govisumber,2023-03,
" Wheat bran, 50kg",Govisumber,2023-02,50000.0
" Wheat bran, 50kg",Govisumber,2023-01,
" Wheat bran, 50kg",Govisumber,2022-12,
" Wheat bran, 50kg",Govisumber,2022-11,
" Wheat bran, 50kg",Govisumber,2022-10,
" Wheat bran, 50kg",Govisumber,2022-09,
" Wheat bran, 50kg",Govisumber,2022-08,
" Wheat bran, 50kg",Govisumber,2022-07,
" Wheat bran, 50kg",Govisumber,2022-06,
" Wheat bran, 50kg",Govisumber,2022-05,
" Wheat bran, 50kg",Govisumber,2022-04,21000.0
" Wheat bran, 50kg",Govisumber,2022-03,21000.0
" Wheat bran, 50kg",Govisumber,2022-02,
" Wheat bran, 50kg",Govisumber,2022-01,
" Wheat bran, 50kg",Govisumber,2021-12,
" Wheat bran, 50kg",Govisumber,2021-11,40000.0
" Wheat bran, 50kg",Govisumber,2021-10,40000.0
" Wheat bran, 50kg",Govisumber,2021-09,40000.0
" Wheat bran, 50kg",Govisumber,2021-08,
" Wheat bran, 50kg",Govisumber,2021-07,40000.0
" Wheat bran, 50kg",Govisumber,2021-06,
" Wheat bran, 50kg",Govisumber,2021-05,35000.0
" Wheat bran, 50kg",Govisumber,2021-04,45000.0
" Wheat bran, 50kg",Govisumber,2021-03,35000.0
" Wheat bran, 50kg",Govisumber,2021-02,25000.0
" Wheat bran, 50kg",Govisumber,2021-01,
" Wheat bran, 50kg",Govisumber,2020-12,
" Wheat bran, 50kg",Govisumber,2020-11,
" Wheat bran, 50kg",Govisumber,2020-10,
" Wheat bran, 50kg",Govisumber,2020-09,
" Wheat bran, 50kg",Govisumber,2020-08,
" Wheat bran, 50kg",Govisumber,2020-07,
" Wheat bran, 50kg",Govisumber,2020-06,
" Wheat bran, 50kg",Govisumber,2020-05,
" Wheat bran, 50kg",Govisumber,2020-04,
" Wheat bran, 50kg",Govisumber,2020-03,
" Wheat bran, 50kg",Govisumber,2020-02,
" Wheat bran, 50kg",Govisumber,2020-01,26000.0
" Wheat bran, 50kg",Govisumber,2019-12,
" Wheat bran, 50kg",Govisumber,2019-11,
" Wheat bran, 50kg",Govisumber,2019-10,
" Wheat bran, 50kg",Govisumber,2019-09,
" Wheat bran, 50kg",Govisumber,2019-08,
" Wheat bran, 50kg",Govisumber,2019-07,
" Wheat bran, 50kg",Govisumber,2019-06,
" Wheat bran, 50kg",Govisumber,2019-05,
" Wheat bran, 50kg",Govisumber,2019-04,
" Wheat bran, 50kg",Govisumber,2019-03,
" Wheat bran, 50kg",Govisumber,2019-02,
" Wheat bran, 50kg",Govisumber,2019-01,
" Wheat bran, 50kg",Govisumber,2018-12,
" Wheat bran, 50kg",Darkhan-Uul,2025-12,
" Wheat bran, 50kg",Darkhan-Uul,2025-11,
" Wheat bran, 50kg",Darkhan-Uul,2025-10,
" Wheat bran, 50kg",Darkhan-Uul,2025-09,39000.0
" Wheat bran, 50kg",Darkhan-Uul,2025-08,39000.0
" Wheat bran, 50kg",Darkhan-Uul,2025-07,39000.0
" Wheat bran, 50kg",Darkhan-Uul,2025-06,39000.0
" Wheat bran, 50kg",Darkhan-Uul,2025-05,
" Wheat bran, 50kg",Darkhan-Uul,2025-04,39000.0
" Wheat bran, 50kg",Darkhan-Uul,2025-03,
" Wheat bran, 50kg",Darkhan-Uul,2025-02,
" Wheat bran, 50kg",Darkhan-Uul,2025-01,
" Wheat bran, 50kg",Darkhan-Uul,2024-12,
" Wheat bran, 50kg",Darkhan-Uul,2024-11,
" Wheat bran, 50kg",Darkhan-Uul,2024-10,
" Wheat bran, 50kg",Darkhan-Uul,2024-09,
" Wheat bran, 50kg",Darkhan-Uul,2024-08,
" Wheat bran, 50kg",Darkhan-Uul,2024-07,
" Wheat bran, 50kg",Darkhan-Uul,2024-06,
" Wheat bran, 50kg",Darkhan-Uul,2024-05,
" Wheat bran, 50kg",Darkhan-Uul,2024-04,
" Wheat bran, 50kg",Darkhan-Uul,2024-03,
" Wheat bran, 50kg",Darkhan-Uul,2024-02,
" Wheat bran, 50kg",Darkhan-Uul,2024-01,
" Wheat bran, 50kg",Darkhan-Uul,2023-12,
" Wheat bran, 50kg",Darkhan-Uul,2023-11,
" Wheat bran, 50kg",Darkhan-Uul,2023-10,
" Wheat bran, 50kg",Darkhan-Uul,2023-09,
" Wheat bran, 50kg",Darkhan-Uul,2023-08,
" Wheat bran, 50kg",Darkhan-Uul,2023-07,
" Wheat bran, 50kg",Darkhan-Uul,2023-06,
" Wheat bran, 50kg",Darkhan-Uul,2023-05,
" Wheat bran, 50kg",Darkhan-Uul,2023-04,
" Wheat bran, 50kg",Darkhan-Uul,2023-03,
" Wheat bran, 50kg",Darkhan-Uul,2023-02,
" Wheat bran, 50kg",Darkhan-Uul,2023-01,
" Wheat bran, 50kg",Darkhan-Uul,2022-12,27500.0
" Wheat bran, 50kg",Darkhan-Uul,2022-11,27500.0
" Wheat bran, 50kg",Darkhan-Uul,2022-10,27500.0
" Wheat bran, 50kg",Darkhan-Uul,2022-09,27500.0
" Wheat bran, 50kg",Darkhan-Uul,2022-08,
" Wheat bran, 50kg",Darkhan-Uul,2022-07,
" Wheat bran, 50kg",Darkhan-Uul,2022-06,
" Wheat bran, 50kg",Darkhan-Uul,2022-05,12000.0
" Wheat bran, 50kg",Darkhan-Uul,2022-04,12000.0
" Wheat bran, 50kg",Darkhan-Uul,2022-03,12000.0
" Wheat bran, 50kg",Darkhan-Uul,2022-02,
" Wheat bran, 50kg",Darkhan-Uul,2022-01,
" Wheat bran, 50kg",Darkhan-Uul,2021-12,
" Wheat bran, 50kg",Darkhan-Uul,2021-11,
" Wheat bran, 50kg",Darkhan-Uul,2021-10,
" Wheat bran, 50kg",Darkhan-Uul,2021-09,
" Wheat bran, 50kg",Darkhan-Uul,2021-08,
" Wheat bran, 50kg",Darkhan-Uul,2021-07,
" Wheat bran, 50kg",Darkhan-Uul,2021-06,
" Wheat bran, 50kg",Darkhan-Uul,2021-05,
" Wheat bran, 50kg",Darkhan-Uul,2021-04,
" Wheat bran, 50kg",Darkhan-Uul,2021-03,26300.0
" Wheat bran, 50kg",Darkhan-Uul,2021-02,26300.0
" Wheat bran, 50kg",Darkhan-Uul,2021-01,26300.0
" Wheat bran, 50kg",Darkhan-Uul,2020-12,
" Wheat bran, 50kg",Darkhan-Uul,2020-11,
" Wheat bran, 50kg",Darkhan-Uul,2020-10,
" Wheat bran, 50kg",Darkhan-Uul,2020-09,
" Wheat bran, 50kg",Darkhan-Uul,2020-08,
" Wheat bran, 50kg",Darkhan-Uul,2020-07,
" Wheat bran, 50kg",Darkhan-Uul,2020-06,
" Wheat bran, 50kg",Darkhan-Uul,2020-05,
" Wheat bran, 50kg",Darkhan-Uul,2020-04,
" Wheat bran, 50kg",Darkhan-Uul,2020-03,
" Wheat bran, 50kg",Darkhan-Uul,2020-02,
" Wheat bran, 50kg",Darkhan-Uul,2020-01,
" Wheat bran, 50kg",Darkhan-Uul,2019-12,
" Wheat bran, 50kg",Darkhan-Uul,2019-11,
" Wheat bran, 50kg",Darkhan-Uul,2019-10,
" Wheat bran, 50kg",Darkhan-Uul,2019-09,
" Wheat bran, 50kg",Darkhan-Uul,2019-08,
" Wheat bran, 50kg",Darkhan-Uul,2019-07,
" Wheat bran, 50kg",Darkhan-Uul,2019-06,
" Wheat bran, 50kg",Darkhan-Uul,2019-05,
" Wheat bran, 50kg",Darkhan-Uul,2019-04,
" Wheat bran, 50kg",Darkhan-Uul,2019-03,
" Wheat bran, 50kg",Darkhan-Uul,2019-02,
" Wheat bran, 50kg",Darkhan-Uul,2019-01,
" Wheat bran, 50kg",Darkhan-Uul,2018-12,
" Wheat bran, 50kg",Dornogovi,2025-12,
" Wheat bran, 50kg",Dornogovi,2025-11,
" Wheat bran, 50kg",Dornogovi,2025-10,
" Wheat bran, 50kg",Dornogovi,2025-09,30000.0
" Wheat bran, 50kg",Dornogovi,2025-08,10000.0
" Wheat bran, 50kg",Dornogovi,2025-07,10000.0
" Wheat bran, 50kg",Dornogovi,2025-06,10000.0
" Wheat bran, 50kg",Dornogovi,2025-05,
" Wheat bran, 50kg",Dornogovi,2025-04,21000.0
" Wheat bran, 50kg",Dornogovi,2025-03,
" Wheat bran, 50kg",Dornogovi,2025-02,
" Wheat bran, 50kg",Dornogovi,2025-01,
" Wheat bran, 50kg",Dornogovi,2024-12,
" Wheat bran, 50kg",Dornogovi,2024-11,
" Wheat bran, 50kg",Dornogovi,2024-10,
" Wheat bran, 50kg",Dornogovi,2024-09,
" Wheat bran, 50kg",Dornogovi,2024-08,
" Wheat bran, 50kg",Dornogovi,2024-07,
" Wheat bran, 50kg",Dornogovi,2024-06,
" Wheat bran, 50kg",Dornogovi,2024-05,
" Wheat bran, 50kg",Dornogovi,2024-04,
" Wheat bran, 50kg",Dornogovi,2024-03,
" Wheat bran, 50kg",Dornogovi,2024-02,
" Wheat bran, 50kg",Dornogovi,2024-01,
" Wheat bran, 50kg",Dornogovi,2023-12,
" Wheat bran, 50kg",Dornogovi,2023-11,
" Wheat bran, 50kg",Dornogovi,2023-10,
" Wheat bran, 50kg",Dornogovi,2023-09,
" Wheat bran, 50kg",Dornogovi,2023-08,
" Wheat bran, 50kg",Dornogovi,2023-07,
" Wheat bran, 50kg",Dornogovi,2023-06,56000.0
" Wheat bran, 50kg",Dornogovi,2023-05,56000.0
" Wheat bran, 50kg",Dornogovi,2023-04,36000.0
" Wheat bran, 50kg",Dornogovi,2023-03,30500.0
" Wheat bran, 50kg",Dornogovi,2023-02,32000.0
" Wheat bran, 50kg",Dornogovi,2023-01,36000.0
" Wheat bran, 50kg",Dornogovi,2022-12,36000.0
" Wheat bran, 50kg",Dornogovi,2022-11,
" Wheat bran, 50kg",Dornogovi,2022-10,
" Wheat bran, 50kg",Dornogovi,2022-09,
" Wheat bran, 50kg",Dornogovi,2022-08,27000.0
" Wheat bran, 50kg",Dornogovi,2022-07,
" Wheat bran, 50kg",Dornogovi,2022-06,
" Wheat bran, 50kg",Dornogovi,2022-05,26000.0
" Wheat bran, 50kg",Dornogovi,2022-04,27000.0
" Wheat bran, 50kg",Dornogovi,2022-03,23000.0
" Wheat bran, 50kg",Dornogovi,2022-02,22667.0
" Wheat bran, 50kg",Dornogovi,2022-01,33500.0
" Wheat bran, 50kg",Dornogovi,2021-12,27000.0
" Wheat bran, 50kg",Dornogovi,2021-11,27000.0
" Wheat bran, 50kg",Dornogovi,2021-10,
" Wheat bran, 50kg",Dornogovi,2021-09,
" Wheat bran, 50kg",Dornogovi,2021-08,
" Wheat bran, 50kg",Dornogovi,2021-07,
" Wheat bran, 50kg",Dornogovi,2021-06,
" Wheat bran, 50kg",Dornogovi,2021-05,
" Wheat bran, 50kg",Dornogovi,2021-04,
" Wheat bran, 50kg",Dornogovi,2021-03,26500.0
" Wheat bran, 50kg",Dornogovi,2021-02,27000.0
" Wheat bran, 50kg",Dornogovi,2021-01,26000.0
" Wheat bran, 50kg",Dornogovi,2020-12,27333.0
" Wheat bran, 50kg",Dornogovi,2020-11,27500.0
" Wheat bran, 50kg",Dornogovi,2020-10,23833.0
" Wheat bran, 50kg",Dornogovi,2020-09,25000.0
" Wheat bran, 50kg",Dornogovi,2020-08,25000.0
" Wheat bran, 50kg",Dornogovi,2020-07,25000.0
" Wheat bran, 50kg",Dornogovi,2020-06,25000.0
" Wheat bran, 50kg",Dornogovi,2020-05,25000.0
" Wheat bran, 50kg",Dornogovi,2020-04,
" Wheat bran, 50kg",Dornogovi,2020-03,
" Wheat bran, 50kg",Dornogovi,2020-02,
" Wheat bran, 50kg",Dornogovi,2020-01,
" Wheat bran, 50kg",Dornogovi,2019-12,
" Wheat bran, 50kg",Dornogovi,2019-11,
" Wheat bran, 50kg",Dornogovi,2019-10,
" Wheat bran, 50kg",Dornogovi,2019-09,
" Wheat bran, 50kg",Dornogovi,2019-08,
" Wheat bran, 50kg",Dornogovi,2019-07,
" Wheat bran, 50kg",Dornogovi,2019-06,
" Wheat bran, 50kg",Dornogovi,2019-05,
" Wheat bran, 50kg",Dornogovi,2019-04,
" Wheat bran, 50kg",Dornogovi,2019-03,
" Wheat bran, 50kg",Dornogovi,2019-02,
" Wheat bran, 50kg",Dornogovi,2019-01,
" Wheat bran, 50kg",Dornogovi,2018-12,
" Wheat bran, 50kg",Dundgovi,2025-12,
" Wheat bran, 50kg",Dundgovi,2025-11,
" Wheat bran, 50kg",Dundgovi,2025-10,39000.0
" Wheat bran, 50kg",Dundgovi,2025-09,30000.0
" Wheat bran, 50kg",Dundgovi,2025-08,25750.0
" Wheat bran, 50kg",Dundgovi,2025-07,25000.0
" Wheat bran, 50kg",Dundgovi,2025-06,25000.0
" Wheat bran, 50kg",Dundgovi,2025-05,39000.0
" Wheat bran, 50kg",Dundgovi,2025-04,27167.0
" Wheat bran, 50kg",Dundgovi,2025-03,38000.0
" Wheat bran, 50kg",Dundgovi,2025-02,39500.0
" Wheat bran, 50kg",Dundgovi,2025-01,39000.0
" Wheat bran, 50kg",Dundgovi,2024-12,39000.0
" Wheat bran, 50kg",Dundgovi,2024-11,39000.0
" Wheat bran, 50kg",Dundgovi,2024-10,39000.0
" Wheat bran, 50kg",Dundgovi,2024-09,39000.0
" Wheat bran, 50kg",Dundgovi,2024-08,39000.0
" Wheat bran, 50kg",Dundgovi,2024-07,
" Wheat bran, 50kg",Dundgovi,2024-06,
" Wheat bran, 50kg",Dundgovi,2024-05,
" Wheat bran, 50kg",Dundgovi,2024-04,
" Wheat bran, 50kg",Dundgovi,2024-03,
" Wheat bran, 50kg",Dundgovi,2024-02,
" Wheat bran, 50kg",Dundgovi,2024-01,
" Wheat bran, 50kg",Dundgovi,2023-12,
" Wheat bran, 50kg",Dundgovi,2023-11,50000.0
" Wheat bran, 50kg",Dundgovi,2023-10,
" Wheat bran, 50kg",Dundgovi,2023-09,
" Wheat bran, 50kg",Dundgovi,2023-08,
" Wheat bran, 50kg",Dundgovi,2023-07,
" Wheat bran, 50kg",Dundgovi,2023-06,
" Wheat bran, 50kg",Dundgovi,2023-05,
" Wheat bran, 50kg",Dundgovi,2023-04,
" Wheat bran, 50kg",Dundgovi,2023-03,
" Wheat bran, 50kg",Dundgovi,2023-02,35000.0
" Wheat bran, 50kg",Dundgovi,2023-01,
" Wheat bran, 50kg",Dundgovi,2022-12,
" Wheat bran, 50kg",Dundgovi,2022-11,
" Wheat bran, 50kg",Dundgovi,2022-10,
" Wheat bran, 50kg",Dundgovi,2022-09,
" Wheat bran, 50kg",Dundgovi,2022-08,
" Wheat bran, 50kg",Dundgovi,2022-07,
" Wheat bran, 50kg",Dundgovi,2022-06,
" Wheat bran, 50kg",Dundgovi,2022-05,
" Wheat bran, 50kg",Dundgovi,2022-04,
" Wheat bran, 50kg",Dundgovi,2022-03,
" Wheat bran, 50kg",Dundgovi,2022-02,
" Wheat bran, 50kg",Dundgovi,2022-01,
" Wheat bran, 50kg",Dundgovi,2021-12,21000.0
" Wheat bran, 50kg",Dundgovi,2021-11,
" Wheat bran, 50kg",Dundgovi,2021-10,45000.0
" Wheat bran, 50kg",Dundgovi,2021-09,
" Wheat bran, 50kg",Dundgovi,2021-08,
" Wheat bran, 50kg",Dundgovi,2021-07,
" Wheat bran, 50kg",Dundgovi,2021-06,
" Wheat bran, 50kg",Dundgovi,2021-05,
" Wheat bran, 50kg",Dundgovi,2021-04,17000.0
" Wheat bran, 50kg",Dundgovi,2021-03,
" Wheat bran, 50kg",Dundgovi,2021-02,
" Wheat bran, 50kg",Dundgovi,2021-01,
" Wheat bran, 50kg",Dundgovi,2020-12,26000.0
" Wheat bran, 50kg",Dundgovi,2020-11,
" Wheat bran, 50kg",Dundgovi,2020-10,
" Wheat bran, 50kg",Dundgovi,2020-09,
" Wheat bran, 50kg",Dundgovi,2020-08,
" Wheat bran, 50kg",Dundgovi,2020-07,
" Wheat bran, 50kg",Dundgovi,2020-06,
" Wheat bran, 50kg",Dundgovi,2020-05,
" Wheat bran, 50kg",Dundgovi,2020-04,28000.0
" Wheat bran, 50kg",Dundgovi,2020-03,
" Wheat bran, 50kg",Dundgovi,2020-02,
" Wheat bran, 50kg",Dundgovi,2020-01,28000.0
" Wheat bran, 50kg",Dundgovi,2019-12,
" Wheat bran, 50kg",Dundgovi,2019-11,
" Wheat bran, 50kg",Dundgovi,2019-10,
" Wheat bran, 50kg",Dundgovi,2019-09,
" Wheat bran, 50kg",Dundgovi,2019-08,
" Wheat bran, 50kg",Dundgovi,2019-07,
" Wheat bran, 50kg",Dundgovi,2019-06,
" Wheat bran, 50kg",Dundgovi,2019-05,
" Wheat bran, 50kg",Dundgovi,2019-04,
" Wheat bran, 50kg",Dundgovi,2019-03,
" Wheat bran, 50kg",Dundgovi,2019-02,
" Wheat bran, 50kg",Dundgovi,2019-01,
" Wheat bran, 50kg",Dundgovi,2018-12,
" Wheat bran, 50kg",Umnugovi,2025-12,27000.0
" Wheat bran, 50kg",Umnugovi,2025-11,11000.0
" Wheat bran, 50kg",Umnugovi,2025-10,21000.0
" Wheat bran, 50kg",Umnugovi,2025-09,
" Wheat bran, 50kg",Umnugovi,2025-08,
" Wheat bran, 50kg",Umnugovi,2025-07,
" Wheat bran, 50kg",Umnugovi,2025-06,50000.0
" Wheat bran, 50kg",Umnugovi,2025-05,10000.0
" Wheat bran, 50kg",Umnugovi,2025-04,40000.0
" Wheat bran, 50kg",Umnugovi,2025-03,
" Wheat bran, 50kg",Umnugovi,2025-02,
" Wheat bran, 50kg",Umnugovi,2025-01,
" Wheat bran, 50kg",Umnugovi,2024-12,
" Wheat bran, 50kg",Umnugovi,2024-11,
" Wheat bran, 50kg",Umnugovi,2024-10,
" Wheat bran, 50kg",Umnugovi,2024-09,
" Wheat bran, 50kg",Umnugovi,2024-08,
" Wheat bran, 50kg",Umnugovi,2024-07,
" Wheat bran, 50kg",Umnugovi,2024-06,
" Wheat bran, 50kg",Umnugovi,2024-05,
" Wheat bran, 50kg",Umnugovi,2024-04,
" Wheat bran, 50kg",Umnugovi,2024-03,
" Wheat bran, 50kg",Umnugovi,2024-02,
" Wheat bran, 50kg",Umnugovi,2024-01,
" Wheat bran, 50kg",Umnugovi,2023-12,
" Wheat bran, 50kg",Umnugovi,2023-11,
" Wheat bran, 50kg",Umnugovi,2023-10,
" Wheat bran, 50kg",Umnugovi,2023-09,
" Wheat bran, 50kg",Umnugovi,2023-08,
" Wheat bran, 50kg",Umnugovi,2023-07,
" Wheat bran, 50kg",Umnugovi,2023-06,
" Wheat bran, 50kg",Umnugovi,2023-05,
" Wheat bran, 50kg",Umnugovi,2023-04,26000.0
" Wheat bran, 50kg",Umnugovi,2023-03,26000.0
" Wheat bran, 50kg",Umnugovi,2023-02,
" Wheat bran, 50kg",Umnugovi,2023-01,
" Wheat bran, 50kg",Umnugovi,2022-12,28000.0
" Wheat bran, 50kg",Umnugovi,2022-11,24000.0
" Wheat bran, 50kg",Umnugovi,2022-10,
" Wheat bran, 50kg",Umnugovi,2022-09,
" Wheat bran, 50kg",Umnugovi,2022-08,
" Wheat bran, 50kg",Umnugovi,2022-07,
" Wheat bran, 50kg",Umnugovi,2022-06,
" Wheat bran, 50kg",Umnugovi,2022-05,21000.0
" Wheat bran, 50kg",Umnugovi,2022-04,35000.0
" Wheat bran, 50kg",Umnugovi,2022-03,23500.0
" Wheat bran, 50kg",Umnugovi,2022-02,
" Wheat bran, 50kg",Umnugovi,2022-01,50000.0
" Wheat bran, 50kg",Umnugovi,2021-12,50000.0
" Wheat bran, 50kg",Umnugovi,2021-11,
" Wheat bran, 50kg",Umnugovi,2021-10,
" Wheat bran, 50kg",Umnugovi,2021-09,
" Wheat bran, 50kg",Umnugovi,2021-08,
" Wheat bran, 50kg",Umnugovi,2021-07,
" Wheat bran, 50kg",Umnugovi,2021-06,
" Wheat bran, 50kg",Umnugovi,2021-05,
" Wheat bran, 50kg",Umnugovi,2021-04,
" Wheat bran, 50kg",Umnugovi,2021-03,
" Wheat bran, 50kg",Umnugovi,2021-02,
" Wheat bran, 50kg",Umnugovi,2021-01,
" Wheat bran, 50kg",Umnugovi,2020-12,24500.0
" Wheat bran, 50kg",Umnugovi,2020-11,
" Wheat bran, 50kg",Umnugovi,2020-10,
" Wheat bran, 50kg",Umnugovi,2020-09,
" Wheat bran, 50kg",Umnugovi,2020-08,
" Wheat bran, 50kg",Umnugovi,2020-07,
" Wheat bran, 50kg",Umnugovi,2020-06,
" Wheat bran, 50kg",Umnugovi,2020-05,180000.0
" Wheat bran, 50kg",Umnugovi,2020-04,30000.0
" Wheat bran, 50kg",Umnugovi,2020-03,30000.0
" Wheat bran, 50kg",Umnugovi,2020-02,30000.0
" Wheat bran, 50kg",Umnugovi,2020-01,30000.0
" Wheat bran, 50kg",Umnugovi,2019-12,
" Wheat bran, 50kg",Umnugovi,2019-11,
" Wheat bran, 50kg",Umnugovi,2019-10,
" Wheat bran, 50kg",Umnugovi,2019-09,
" Wheat bran, 50kg",Umnugovi,2019-08,
" Wheat bran, 50kg",Umnugovi,2019-07,
" Wheat bran, 50kg",Umnugovi,2019-06,
" Wheat bran, 50kg",Umnugovi,2019-05,
" Wheat bran, 50kg",Umnugovi,2019-04,
" Wheat bran, 50kg",Umnugovi,2019-03,
" Wheat bran, 50kg",Umnugovi,2019-02,
" Wheat bran, 50kg",Umnugovi,2019-01,
" Wheat bran, 50kg",Umnugovi,2018-12,
" Wheat bran, 50kg",Selenge,2025-12,26667.0
" Wheat bran, 50kg",Selenge,2025-11,26625.0
" Wheat bran, 50kg",Selenge,2025-10,27167.0
" Wheat bran, 50kg",Selenge,2025-09,
" Wheat bran, 50kg",Selenge,2025-08,
" Wheat bran, 50kg",Selenge,2025-07,
" Wheat bran, 50kg",Selenge,2025-06,
" Wheat bran, 50kg",Selenge,2025-05,25000.0
" Wheat bran, 50kg",Selenge,2025-04,
" Wheat bran, 50kg",Selenge,2025-03,32333.0
" Wheat bran, 50kg",Selenge,2025-02,25750.0
" Wheat bran, 50kg",Selenge,2025-01,25500.0
" Wheat bran, 50kg",Selenge,2024-12,26500.0
" Wheat bran, 50kg",Selenge,2024-11,
" Wheat bran, 50kg",Selenge,2024-10,26500.0
" Wheat bran, 50kg",Selenge,2024-09,40000.0
" Wheat bran, 50kg",Selenge,2024-08,25000.0
" Wheat bran, 50kg",Selenge,2024-07,25000.0
" Wheat bran, 50kg",Selenge,2024-06,25000.0
" Wheat bran, 50kg",Selenge,2024-05,25000.0
" Wheat bran, 50kg",Selenge,2024-04,28000.0
" Wheat bran, 50kg",Selenge,2024-03,28250.0
" Wheat bran, 50kg",Selenge,2024-02,28000.0
" Wheat bran, 50kg",Selenge,2024-01,38125.0
" Wheat bran, 50kg",Selenge,2023-12,50000.0
" Wheat bran, 50kg",Selenge,2023-11,50000.0
" Wheat bran, 50kg",Selenge,2023-10,50000.0
" Wheat bran, 50kg",Selenge,2023-09,24000.0
" Wheat bran, 50kg",Selenge,2023-08,
" Wheat bran, 50kg",Selenge,2023-07,21000.0
" Wheat bran, 50kg",Selenge,2023-06,
" Wheat bran, 50kg",Selenge,2023-05,
" Wheat bran, 50kg",Selenge,2023-04,23333.0
" Wheat bran, 50kg",Selenge,2023-03,25000.0
" Wheat bran, 50kg",Selenge,2023-02,25000.0
" Wheat bran, 50kg",Selenge,2023-01,22000.0
" Wheat bran, 50kg",Selenge,2022-12,
" Wheat bran, 50kg",Selenge,2022-11,35000.0
" Wheat bran, 50kg",Selenge,2022-10,37500.0
" Wheat bran, 50kg",Selenge,2022-09,30000.0
" Wheat bran, 50kg",Selenge,2022-08,32500.0
" Wheat bran, 50kg",Selenge,2022-07,27500.0
" Wheat bran, 50kg",Selenge,2022-06,21000.0
" Wheat bran, 50kg",Selenge,2022-05,20000.0
" Wheat bran, 50kg",Selenge,2022-04,
" Wheat bran, 50kg",Selenge,2022-03,30000.0
" Wheat bran, 50kg",Selenge,2022-02,30000.0
" Wheat bran, 50kg",Selenge,2022-01,
" Wheat bran, 50kg",Selenge,2021-12,
" Wheat bran, 50kg",Selenge,2021-11,30000.0
" Wheat bran, 50kg",Selenge,2021-10,
" Wheat bran, 50kg",Selenge,2021-09,
" Wheat bran, 50kg",Selenge,2021-08,
" Wheat bran, 50kg",Selenge,2021-07,
" Wheat bran, 50kg",Selenge,2021-06,
" Wheat bran, 50kg",Selenge,2021-05,22000.0
" Wheat bran, 50kg",Selenge,2021-04,21000.0
" Wheat bran, 50kg",Selenge,2021-03,
" Wheat bran, 50kg",Selenge,2021-02,
" Wheat bran, 50kg",Selenge,2021-01,29000.0
" Wheat bran, 50kg",Selenge,2020-12,
" Wheat bran, 50kg",Selenge,2020-11,
" Wheat bran, 50kg",Selenge,2020-10,
" Wheat bran, 50kg",Selenge,2020-09,
" Wheat bran, 50kg",Selenge,2020-08,
" Wheat bran, 50kg",Selenge,2020-07,
" Wheat bran, 50kg",Selenge,2020-06,
" Wheat bran, 50kg",Selenge,2020-05,
" Wheat bran, 50kg",Selenge,2020-04,26000.0
" Wheat bran, 50kg",Selenge,2020-03,26000.0
" Wheat bran, 50kg",Selenge,2020-02,
" Wheat bran, 50kg",Selenge,2020-01,26000.0
" Wheat bran, 50kg",Selenge,2019-12,
" Wheat bran, 50kg",Selenge,2019-11,
" Wheat bran, 50kg",Selenge,2019-10,
" Wheat bran, 50kg",Selenge,2019-09,
" Wheat bran, 50kg",Selenge,2019-08,
" Wheat bran, 50kg",Selenge,2019-07,
" Wheat bran, 50kg",Selenge,2019-06,
" Wheat bran, 50kg",Selenge,2019-05,
" Wheat bran, 50kg",Selenge,2019-04,
" Wheat bran, 50kg",Selenge,2019-03,
" Wheat bran, 50kg",Selenge,2019-02,
" Wheat bran, 50kg",Selenge,2019-01,
" Wheat bran, 50kg",Selenge,2018-12,
" Wheat bran, 50kg",Tuv,2025-12,51000.0
" Wheat bran, 50kg",Tuv,2025-11,50500.0
" Wheat bran, 50kg",Tuv,2025-10,40000.0
" Wheat bran, 50kg",Tuv,2025-09,
" Wheat bran, 50kg",Tuv,2025-08,
" Wheat bran, 50kg",Tuv,2025-07,
" Wheat bran, 50kg",Tuv,2025-06,
" Wheat bran, 50kg",Tuv,2025-05,55000.0
" Wheat bran, 50kg",Tuv,2025-04,
" Wheat bran, 50kg",Tuv,2025-03,55000.0
" Wheat bran, 50kg",Tuv,2025-02,30000.0
" Wheat bran, 50kg",Tuv,2025-01,32667.0
" Wheat bran, 50kg",Tuv,2024-12,46000.0
" Wheat bran, 50kg",Tuv,2024-11,45000.0
" Wheat bran, 50kg",Tuv,2024-10,60000.0
" Wheat bran, 50kg",Tuv,2024-09,57000.0
" Wheat bran, 50kg",Tuv,2024-08,60000.0
" Wheat bran, 50kg",Tuv,2024-07,54000.0
" Wheat bran, 50kg",Tuv,2024-06,32300.0
" Wheat bran, 50kg",Tuv,2024-05,48000.0
" Wheat bran, 50kg",Tuv,2024-04,36000.0
" Wheat bran, 50kg",Tuv,2024-03,41000.0
" Wheat bran, 50kg",Tuv,2024-02,41333.0
" Wheat bran, 50kg",Tuv,2024-01,42250.0
" Wheat bran, 50kg",Tuv,2023-12,42000.0
" Wheat bran, 50kg",Tuv,2023-11,45000.0
" Wheat bran, 50kg",Tuv,2023-10,35500.0
" Wheat bran, 50kg",Tuv,2023-09,48000.0
" Wheat bran, 50kg",Tuv,2023-08,42500.0
" Wheat bran, 50kg",Tuv,2023-07,33000.0
" Wheat bran, 50kg",Tuv,2023-06,48000.0
" Wheat bran, 50kg",Tuv,2023-05,48500.0
" Wheat bran, 50kg",Tuv,2023-04,41500.0
" Wheat bran, 50kg",Tuv,2023-03,28833.0
" Wheat bran, 50kg",Tuv,2023-02,40000.0
" Wheat bran, 50kg",Tuv,2023-01,35000.0
" Wheat bran, 50kg",Tuv,2022-12,28400.0
" Wheat bran, 50kg",Tuv,2022-11,21000.0
" Wheat bran, 50kg",Tuv,2022-10,38000.0
" Wheat bran, 50kg",Tuv,2022-09,31500.0
" Wheat bran, 50kg",Tuv,2022-08,22500.0
" Wheat bran, 50kg",Tuv,2022-07,
" Wheat bran, 50kg",Tuv,2022-06,
" Wheat bran, 50kg",Tuv,2022-05,10000.0
" Wheat bran, 50kg",Tuv,2022-04,
" Wheat bran, 50kg",Tuv,2022-03,25500.0
" Wheat bran, 50kg",Tuv,2022-02,17250.0
" Wheat bran, 50kg",Tuv,2022-01,17800.0
" Wheat bran, 50kg",Tuv,2021-12,23000.0
" Wheat bran, 50kg",Tuv,2021-11,29700.0
" Wheat bran, 50kg",Tuv,2021-10,18500.0
" Wheat bran, 50kg",Tuv,2021-09,19000.0
" Wheat bran, 50kg",Tuv,2021-08,
" Wheat bran, 50kg",Tuv,2021-07,24000.0
" Wheat bran, 50kg",Tuv,2021-06,
" Wheat bran, 50kg",Tuv,2021-05,20500.0
" Wheat bran, 50kg",Tuv,2021-04,27333.0
" Wheat bran, 50kg",Tuv,2021-03,29000.0
" Wheat bran, 50kg",Tuv,2021-02,29667.0
" Wheat bran, 50kg",Tuv,2021-01,30000.0
" Wheat bran, 50kg",Tuv,2020-12,50000.0
" Wheat bran, 50kg",Tuv,2020-11,26500.0
" Wheat bran, 50kg",Tuv,2020-10,25000.0
" Wheat bran, 50kg",Tuv,2020-09,
" Wheat bran, 50kg",Tuv,2020-08,
" Wheat bran, 50kg",Tuv,2020-07,
" Wheat bran, 50kg",Tuv,2020-06,
" Wheat bran, 50kg",Tuv,2020-05,32000.0
" Wheat bran, 50kg",Tuv,2020-04,45000.0
" Wheat bran, 50kg",Tuv,2020-03,
" Wheat bran, 50kg",Tuv,2020-02,
" Wheat bran, 50kg",Tuv,2020-01,27000.0
" Wheat bran, 50kg",Tuv,2019-12,
" Wheat bran, 50kg",Tuv,2019-11,
" Wheat bran, 50kg",Tuv,2019-10,
" Wheat bran, 50kg",Tuv,2019-09,
" Wheat bran, 50kg",Tuv,2019-08,
" Wheat bran, 50kg",Tuv,2019-07,
" Wheat bran, 50kg",Tuv,2019-06,
" Wheat bran, 50kg",Tuv,2019-05,
" Wheat bran, 50kg",Tuv,2019-04,
" Wheat bran, 50kg",Tuv,2019-03,
" Wheat bran, 50kg",Tuv,2019-02,
" Wheat bran, 50kg",Tuv,2019-01,
" Wheat bran, 50kg",Tuv,2018-12,
" Wheat bran, 50kg",Eastern region,2025-12,
" Wheat bran, 50kg",Eastern region,2025-11,
" Wheat bran, 50kg",Eastern region,2025-10,
" Wheat bran, 50kg",Eastern region,2025-09,
" Wheat bran, 50kg",Eastern region,2025-08,
" Wheat bran, 50kg",Eastern region,2025-07,
" Wheat bran, 50kg",Eastern region,2025-06,
" Wheat bran, 50kg",Eastern region,2025-05,
" Wheat bran, 50kg",Eastern region,2025-04,
" Wheat bran, 50kg",Eastern region,2025-03,
" Wheat bran, 50kg",Eastern region,2025-02,
" Wheat bran, 50kg",Eastern region,2025-01,
" Wheat bran, 50kg",Eastern region,2024-12,
" Wheat bran, 50kg",Eastern region,2024-11,
" Wheat bran, 50kg",Eastern region,2024-10,
" Wheat bran, 50kg",Eastern region,2024-09,
" Wheat bran, 50kg",Eastern region,2024-08,
" Wheat bran, 50kg",Eastern region,2024-07,
" Wheat bran, 50kg",Eastern region,2024-06,
" Wheat bran, 50kg",Eastern region,2024-05,
" Wheat bran, 50kg",Eastern region,2024-04,
" Wheat bran, 50kg",Eastern region,2024-03,
" Wheat bran, 50kg",Eastern region,2024-02,
" Wheat bran, 50kg",Eastern region,2024-01,
" Wheat bran, 50kg",Eastern region,2023-12,
" Wheat bran, 50kg",Eastern region,2023-11,
" Wheat bran, 50kg",Eastern region,2023-10,
" Wheat bran, 50kg",Eastern region,2023-09,
" Wheat bran, 50kg",Eastern region,2023-08,
" Wheat bran, 50kg",Eastern region,2023-07,
" Wheat bran, 50kg",Eastern region,2023-06,
" Wheat bran, 50kg",Eastern region,2023-05,
" Wheat bran, 50kg",Eastern region,2023-04,
" Wheat bran, 50kg",Eastern region,2023-03,
" Wheat bran, 50kg",Eastern region,2023-02,
" Wheat bran, 50kg",Eastern region,2023-01,
" Wheat bran, 50kg",Eastern region,2022-12,
" Wheat bran, 50kg",Eastern region,2022-11,
" Wheat bran, 50kg",Eastern region,2022-10,
" Wheat bran, 50kg",Eastern region,2022-09,
" Wheat bran, 50kg",Eastern region,2022-08,
" Wheat bran, 50kg",Eastern region,2022-07,
" Wheat bran, 50kg",Eastern region,2022-06,
" Wheat bran, 50kg",Eastern region,2022-05,
" Wheat bran, 50kg",Eastern region,2022-04,
" Wheat bran, 50kg",Eastern region,2022-03,
" Wheat bran, 50kg",Eastern region,2022-02,
" Wheat bran, 50kg",Eastern region,2022-01,
" Wheat bran, 50kg",Eastern region,2021-12,
" Wheat bran, 50kg",Eastern region,2021-11,
" Wheat bran, 50kg",Eastern region,2021-10,
" Wheat bran, 50kg",Eastern region,2021-09,
" Wheat bran, 50kg",Eastern region,2021-08,
" Wheat bran, 50kg",Eastern region,2021-07,
" Wheat bran, 50kg",Eastern region,2021-06,
" Wheat bran, 50kg",Eastern region,2021-05,
" Wheat bran, 50kg",Eastern region,2021-04,
" Wheat bran, 50kg",Eastern region,2021-03,
" Wheat bran, 50kg",Eastern region,2021-02,
" Wheat bran, 50kg",Eastern region,2021-01,
" Wheat bran, 50kg",Eastern region,2020-12,
" Wheat bran, 50kg",Eastern region,2020-11,
" Wheat bran, 50kg",Eastern region,2020-10,
" Wheat bran, 50kg",Eastern region,2020-09,
" Wheat bran, 50kg",Eastern region,2020-08,
" Wheat bran, 50kg",Eastern region,2020-07,
" Wheat bran, 50kg",Eastern region,2020-06,
" Wheat bran, 50kg",Eastern region,2020-05,
" Wheat bran, 50kg",Eastern region,2020-04,
" Wheat bran, 50kg",Eastern region,2020-03,
" Wheat bran, 50kg",Eastern region,2020-02,
" Wheat bran, 50kg",Eastern region,2020-01,
" Wheat bran, 50kg",Eastern region,2019-12,
" Wheat bran, 50kg",Eastern region,2019-11,
" Wheat bran, 50kg",Eastern region,2019-10,
" Wheat bran, 50kg",Eastern region,2019-09,
" Wheat bran, 50kg",Eastern region,2019-08,
" Wheat bran, 50kg",Eastern region,2019-07,
" Wheat bran, 50kg",Eastern region,2019-06,
" Wheat bran, 50kg",Eastern region,2019-05,
" Wheat bran, 50kg",Eastern region,2019-04,
" Wheat bran, 50kg",Eastern region,2019-03,
" Wheat bran, 50kg",Eastern region,2019-02,
" Wheat bran, 50kg",Eastern region,2019-01,
" Wheat bran, 50kg",Eastern region,2018-12,
" Wheat bran, 50kg",Dornod,2025-12,40000.0
" Wheat bran, 50kg",Dornod,2025-11,40000.0
" Wheat bran, 50kg",Dornod,2025-10,40000.0
" Wheat bran, 50kg",Dornod,2025-09,40000.0
" Wheat bran, 50kg",Dornod,2025-08,40000.0
" Wheat bran, 50kg",Dornod,2025-07,40000.0
" Wheat bran, 50kg",Dornod,2025-06,40000.0
" Wheat bran, 50kg",Dornod,2025-05,40000.0
" Wheat bran, 50kg",Dornod,2025-04,40000.0
" Wheat bran, 50kg",Dornod,2025-03,46000.0
" Wheat bran, 50kg",Dornod,2025-02,
" Wheat bran, 50kg",Dornod,2025-01,
" Wheat bran, 50kg",Dornod,2024-12,
" Wheat bran, 50kg",Dornod,2024-11,
" Wheat bran, 50kg",Dornod,2024-10,
" Wheat bran, 50kg",Dornod,2024-09,
" Wheat bran, 50kg",Dornod,2024-08,
" Wheat bran, 50kg",Dornod,2024-07,
" Wheat bran, 50kg",Dornod,2024-06,
" Wheat bran, 50kg",Dornod,2024-05,
" Wheat bran, 50kg",Dornod,2024-04,
" Wheat bran, 50kg",Dornod,2024-03,41000.0
" Wheat bran, 50kg",Dornod,2024-02,41000.0
" Wheat bran, 50kg",Dornod,2024-01,42000.0
" Wheat bran, 50kg",Dornod,2023-12,42000.0
" Wheat bran, 50kg",Dornod,2023-11,35000.0
" Wheat bran, 50kg",Dornod,2023-10,
" Wheat bran, 50kg",Dornod,2023-09,
" Wheat bran, 50kg",Dornod,2023-08,
" Wheat bran, 50kg",Dornod,2023-07,
" Wheat bran, 50kg",Dornod,2023-06,
" Wheat bran, 50kg",Dornod,2023-05,
" Wheat bran, 50kg",Dornod,2023-04,29000.0
" Wheat bran, 50kg",Dornod,2023-03,
" Wheat bran, 50kg",Dornod,2023-02,32000.0
" Wheat bran, 50kg",Dornod,2023-01,32000.0
" Wheat bran, 50kg",Dornod,2022-12,31750.0
" Wheat bran, 50kg",Dornod,2022-11,25000.0
" Wheat bran, 50kg",Dornod,2022-10,27500.0
" Wheat bran, 50kg",Dornod,2022-09,35000.0
" Wheat bran, 50kg",Dornod,2022-08,
" Wheat bran, 50kg",Dornod,2022-07,
" Wheat bran, 50kg",Dornod,2022-06,
" Wheat bran, 50kg",Dornod,2022-05,
" Wheat bran, 50kg",Dornod,2022-04,
" Wheat bran, 50kg",Dornod,2022-03,
" Wheat bran, 50kg",Dornod,2022-02,17500.0
" Wheat bran, 50kg",Dornod,2022-01,16500.0
" Wheat bran, 50kg",Dornod,2021-12,
" Wheat bran, 50kg",Dornod,2021-11,
" Wheat bran, 50kg",Dornod,2021-10,
" Wheat bran, 50kg",Dornod,2021-09,
" Wheat bran, 50kg",Dornod,2021-08,
" Wheat bran, 50kg",Dornod,2021-07,
" Wheat bran, 50kg",Dornod,2021-06,
" Wheat bran, 50kg",Dornod,2021-05,
" Wheat bran, 50kg",Dornod,2021-04,
" Wheat bran, 50kg",Dornod,2021-03,
" Wheat bran, 50kg",Dornod,2021-02,
" Wheat bran, 50kg",Dornod,2021-01,
" Wheat bran, 50kg",Dornod,2020-12,
" Wheat bran, 50kg",Dornod,2020-11,
" Wheat bran, 50kg",Dornod,2020-10,
" Wheat bran, 50kg",Dornod,2020-09,
" Wheat bran, 50kg",Dornod,2020-08,
" Wheat bran, 50kg",Dornod,2020-07,
" Wheat bran, 50kg",Dornod,2020-06,
" Wheat bran, 50kg",Dornod,2020-05,
" Wheat bran, 50kg",Dornod,2020-04,
" Wheat bran, 50kg",Dornod,2020-03,
" Wheat bran, 50kg",Dornod,2020-02,
" Wheat bran, 50kg",Dornod,2020-01,
" Wheat bran, 50kg",Dornod,2019-12,
" Wheat bran, 50kg",Dornod,2019-11,
" Wheat bran, 50kg",Dornod,2019-10,
" Wheat bran, 50kg",Dornod,2019-09,
" Wheat bran, 50kg",Dornod,2019-08,
" Wheat bran, 50kg",Dornod,2019-07,
" Wheat bran, 50kg",Dornod,2019-06,
" Wheat bran, 50kg",Dornod,2019-05,
" Wheat bran, 50kg",Dornod,2019-04,
" Wheat bran, 50kg",Dornod,2019-03,
" Wheat bran, 50kg",Dornod,2019-02,
" Wheat bran, 50kg",Dornod,2019-01,
" Wheat bran, 50kg",Dornod,2018-12,
" Wheat bran, 50kg",Sukhbaatar,2025-12,35000.0
" Wheat bran, 50kg",Sukhbaatar,2025-11,35000.0
" Wheat bran, 50kg",Sukhbaatar,2025-10,35000.0
" Wheat bran, 50kg",Sukhbaatar,2025-09,35000.0
" Wheat bran, 50kg",Sukhbaatar,2025-08,35000.0
" Wheat bran, 50kg",Sukhbaatar,2025-07,35000.0
" Wheat bran, 50kg",Sukhbaatar,2025-06,35000.0
" Wheat bran, 50kg",Sukhbaatar,2025-05,35000.0
" Wheat bran, 50kg",Sukhbaatar,2025-04,35000.0
" Wheat bran, 50kg",Sukhbaatar,2025-03,47500.0
" Wheat bran, 50kg",Sukhbaatar,2025-02,50000.0
" Wheat bran, 50kg",Sukhbaatar,2025-01,50000.0
" Wheat bran, 50kg",Sukhbaatar,2024-12,51000.0
" Wheat bran, 50kg",Sukhbaatar,2024-11,46500.0
" Wheat bran, 50kg",Sukhbaatar,2024-10,42000.0
" Wheat bran, 50kg",Sukhbaatar,2024-09,30000.0
" Wheat bran, 50kg",Sukhbaatar,2024-08,
" Wheat bran, 50kg",Sukhbaatar,2024-07,
" Wheat bran, 50kg",Sukhbaatar,2024-06,
" Wheat bran, 50kg",Sukhbaatar,2024-05,
" Wheat bran, 50kg",Sukhbaatar,2024-04,55000.0
" Wheat bran, 50kg",Sukhbaatar,2024-03,57500.0
" Wheat bran, 50kg",Sukhbaatar,2024-02,57500.0
" Wheat bran, 50kg",Sukhbaatar,2024-01,70000.0
" Wheat bran, 50kg",Sukhbaatar,2023-12,70000.0
" Wheat bran, 50kg",Sukhbaatar,2023-11,
" Wheat bran, 50kg",Sukhbaatar,2023-10,
" Wheat bran, 50kg",Sukhbaatar,2023-09,
" Wheat bran, 50kg",Sukhbaatar,2023-08,
" Wheat bran, 50kg",Sukhbaatar,2023-07,
" Wheat bran, 50kg",Sukhbaatar,2023-06,
" Wheat bran, 50kg",Sukhbaatar,2023-05,60000.0
" Wheat bran, 50kg",Sukhbaatar,2023-04,60000.0
" Wheat bran, 50kg",Sukhbaatar,2023-03,37500.0
" Wheat bran, 50kg",Sukhbaatar,2023-02,37500.0
" Wheat bran, 50kg",Sukhbaatar,2023-01,50000.0
" Wheat bran, 50kg",Sukhbaatar,2022-12,
" Wheat bran, 50kg",Sukhbaatar,2022-11,
" Wheat bran, 50kg",Sukhbaatar,2022-10,18000.0
" Wheat bran, 50kg",Sukhbaatar,2022-09,
" Wheat bran, 50kg",Sukhbaatar,2022-08,
" Wheat bran, 50kg",Sukhbaatar,2022-07,
" Wheat bran, 50kg",Sukhbaatar,2022-06,23000.0
" Wheat bran, 50kg",Sukhbaatar,2022-05,19000.0
" Wheat bran, 50kg",Sukhbaatar,2022-04,19000.0
" Wheat bran, 50kg",Sukhbaatar,2022-03,22000.0
" Wheat bran, 50kg",Sukhbaatar,2022-02,
" Wheat bran, 50kg",Sukhbaatar,2022-01,22000.0
" Wheat bran, 50kg",Sukhbaatar,2021-12,32000.0
" Wheat bran, 50kg",Sukhbaatar,2021-11,
" Wheat bran, 50kg",Sukhbaatar,2021-10,
" Wheat bran, 50kg",Sukhbaatar,2021-09,50000.0
" Wheat bran, 50kg",Sukhbaatar,2021-08,
" Wheat bran, 50kg",Sukhbaatar,2021-07,
" Wheat bran, 50kg",Sukhbaatar,2021-06,
" Wheat bran, 50kg",Sukhbaatar,2021-05,
" Wheat bran, 50kg",Sukhbaatar,2021-04,
" Wheat bran, 50kg",Sukhbaatar,2021-03,25000.0
" Wheat bran, 50kg",Sukhbaatar,2021-02,
" Wheat bran, 50kg",Sukhbaatar,2021-01,
" Wheat bran, 50kg",Sukhbaatar,2020-12,
" Wheat bran, 50kg",Sukhbaatar,2020-11,
" Wheat bran, 50kg",Sukhbaatar,2020-10,
" Wheat bran, 50kg",Sukhbaatar,2020-09,
" Wheat bran, 50kg",Sukhbaatar,2020-08,
" Wheat bran, 50kg",Sukhbaatar,2020-07,
" Wheat bran, 50kg",Sukhbaatar,2020-06,
" Wheat bran, 50kg",Sukhbaatar,2020-05,
" Wheat bran, 50kg",Sukhbaatar,2020-04,
" Wheat bran, 50kg",Sukhbaatar,2020-03,16000.0
" Wheat bran, 50kg",Sukhbaatar,2020-02,16000.0
" Wheat bran, 50kg",Sukhbaatar,2020-01,18000.0
" Wheat bran, 50kg",Sukhbaatar,2019-12,
" Wheat bran, 50kg",Sukhbaatar,2019-11,
" Wheat bran, 50kg",Sukhbaatar,2019-10,
" Wheat bran, 50kg",Sukhbaatar,2019-09,
" Wheat bran, 50kg",Sukhbaatar,2019-08,
" Wheat bran, 50kg",Sukhbaatar,2019-07,
" Wheat bran, 50kg",Sukhbaatar,2019-06,
" Wheat bran, 50kg",Sukhbaatar,2019-05,
" Wheat bran, 50kg",Sukhbaatar,2019-04,
" Wheat bran, 50kg",Sukhbaatar,2019-03,
" Wheat bran, 50kg",Sukhbaatar,2019-02,
" Wheat bran, 50kg",Sukhbaatar,2019-01,
" Wheat bran, 50kg",Sukhbaatar,2018-12,
" Wheat bran, 50kg",Khentii,2025-12,
" Wheat bran, 50kg",Khentii,2025-11,
" Wheat bran, 50kg",Khentii,2025-10,
" Wheat bran, 50kg",Khentii,2025-09,
" Wheat bran, 50kg",Khentii,2025-08,
" Wheat bran, 50kg",Khentii,2025-07,
" Wheat bran, 50kg",Khentii,2025-06,
" Wheat bran, 50kg",Khentii,2025-05,
" Wheat bran, 50kg",Khentii,2025-04,
" Wheat bran, 50kg",Khentii,2025-03,
" Wheat bran, 50kg",Khentii,2025-02,
" Wheat bran, 50kg",Khentii,2025-01,
" Wheat bran, 50kg",Khentii,2024-12,
" Wheat bran, 50kg",Khentii,2024-11,
" Wheat bran, 50kg",Khentii,2024-10,
" Wheat bran, 50kg",Khentii,2024-09,
" Wheat bran, 50kg",Khentii,2024-08,
" Wheat bran, 50kg",Khentii,2024-07,
" Wheat bran, 50kg",Khentii,2024-06,
" Wheat bran, 50kg",Khentii,2024-05,
" Wheat bran, 50kg",Khentii,2024-04,
" Wheat bran, 50kg",Khentii,2024-03,
" Wheat bran, 50kg",Khentii,2024-02,
" Wheat bran, 50kg",Khentii,2024-01,
" Wheat bran, 50kg",Khentii,2023-12,
" Wheat bran, 50kg",Khentii,2023-11,
" Wheat bran, 50kg",Khentii,2023-10,
" Wheat bran, 50kg",Khentii,2023-09,
" Wheat bran, 50kg",Khentii,2023-08,
" Wheat bran, 50kg",Khentii,2023-07,
" Wheat bran, 50kg",Khentii,2023-06,
" Wheat bran, 50kg",Khentii,2023-05,
" Wheat bran, 50kg",Khentii,2023-04,
" Wheat bran, 50kg",Khentii,2023-03,
" Wheat bran, 50kg",Khentii,2023-02,
" Wheat bran, 50kg",Khentii,2023-01,
" Wheat bran, 50kg",Khentii,2022-12,
" Wheat bran, 50kg",Khentii,2022-11,
" Wheat bran, 50kg",Khentii,2022-10,
" Wheat bran, 50kg",Khentii,2022-09,
" Wheat bran, 50kg",Khentii,2022-08,
" Wheat bran, 50kg",Khentii,2022-07,
" Wheat bran, 50kg",Khentii,2022-06,
" Wheat bran, 50kg",Khentii,2022-05,
" Wheat bran, 50kg",Khentii,2022-04,
" Wheat bran, 50kg",Khentii,2022-03,45000.0
" Wheat bran, 50kg",Khentii,2022-02,
" Wheat bran, 50kg",Khentii,2022-01,20000.0
" Wheat bran, 50kg",Khentii,2021-12,
" Wheat bran, 50kg",Khentii,2021-11,
" Wheat bran, 50kg",Khentii,2021-10,
" Wheat bran, 50kg",Khentii,2021-09,
" Wheat bran, 50kg",Khentii,2021-08,
" Wheat bran, 50kg",Khentii,2021-07,
" Wheat bran, 50kg",Khentii,2021-06,
" Wheat bran, 50kg",Khentii,2021-05,
" Wheat bran, 50kg",Khentii,2021-04,50667.0
" Wheat bran, 50kg",Khentii,2021-03,47333.0
" Wheat bran, 50kg",Khentii,2021-02,45000.0
" Wheat bran, 50kg",Khentii,2021-01,
" Wheat bran, 50kg",Khentii,2020-12,
" Wheat bran, 50kg",Khentii,2020-11,
" Wheat bran, 50kg",Khentii,2020-10,
" Wheat bran, 50kg",Khentii,2020-09,
" Wheat bran, 50kg",Khentii,2020-08,36000.0
" Wheat bran, 50kg",Khentii,2020-07,36000.0
" Wheat bran, 50kg",Khentii,2020-06,36000.0
" Wheat bran, 50kg",Khentii,2020-05,36000.0
" Wheat bran, 50kg",Khentii,2020-04,32000.0
" Wheat bran, 50kg",Khentii,2020-03,
" Wheat bran, 50kg",Khentii,2020-02,
" Wheat bran, 50kg",Khentii,2020-01,
" Wheat bran, 50kg",Khentii,2019-12,
" Wheat bran, 50kg",Khentii,2019-11,
" Wheat bran, 50kg",Khentii,2019-10,
" Wheat bran, 50kg",Khentii,2019-09,
" Wheat bran, 50kg",Khentii,2019-08,
" Wheat bran, 50kg",Khentii,2019-07,
" Wheat bran, 50kg",Khentii,2019-06,
" Wheat bran, 50kg",Khentii,2019-05,
" Wheat bran, 50kg",Khentii,2019-04,
" Wheat bran, 50kg",Khentii,2019-03,
" Wheat bran, 50kg",Khentii,2019-02,
" Wheat bran, 50kg",Khentii,2019-01,
" Wheat bran, 50kg",Khentii,2018-12,
" Wheat bran, 50kg",Ulaanbaatar,2025-12,
" Wheat bran, 50kg",Ulaanbaatar,2025-11,
" Wheat bran, 50kg",Ulaanbaatar,2025-10,
" Wheat bran, 50kg",Ulaanbaatar,2025-09,
" Wheat bran, 50kg",Ulaanbaatar,2025-08,
" Wheat bran, 50kg",Ulaanbaatar,2025-07,
" Wheat bran, 50kg",Ulaanbaatar,2025-06,
" Wheat bran, 50kg",Ulaanbaatar,2025-05,
" Wheat bran, 50kg",Ulaanbaatar,2025-04,
" Wheat bran, 50kg",Ulaanbaatar,2025-03,
" Wheat bran, 50kg",Ulaanbaatar,2025-02,
" Wheat bran, 50kg",Ulaanbaatar,2025-01,
" Wheat bran, 50kg",Ulaanbaatar,2024-12,
" Wheat bran, 50kg",Ulaanbaatar,2024-11,
" Wheat bran, 50kg",Ulaanbaatar,2024-10,
" Wheat bran, 50kg",Ulaanbaatar,2024-09,
" Wheat bran, 50kg",Ulaanbaatar,2024-08,
" Wheat bran, 50kg",Ulaanbaatar,2024-07,
" Wheat bran, 50kg",Ulaanbaatar,2024-06,
" Wheat bran, 50kg",Ulaanbaatar,2024-05,
" Wheat bran, 50kg",Ulaanbaatar,2024-04,
" Wheat bran, 50kg",Ulaanbaatar,2024-03,
" Wheat bran, 50kg",Ulaanbaatar,2024-02,
" Wheat bran, 50kg",Ulaanbaatar,2024-01,
" Wheat bran, 50kg",Ulaanbaatar,2023-12,
" Wheat bran, 50kg",Ulaanbaatar,2023-11,
" Wheat bran, 50kg",Ulaanbaatar,2023-10,
" Wheat bran, 50kg",Ulaanbaatar,2023-09,
" Wheat bran, 50kg",Ulaanbaatar,2023-08,
" Wheat bran, 50kg",Ulaanbaatar,2023-07,
" Wheat bran, 50kg",Ulaanbaatar,2023-06,
" Wheat bran, 50kg",Ulaanbaatar,2023-05,
" Wheat bran, 50kg",Ulaanbaatar,2023-04,
" Wheat bran, 50kg",Ulaanbaatar,2023-03,
" Wheat bran, 50kg",Ulaanbaatar,2023-02,
" Wheat bran, 50kg",Ulaanbaatar,2023-01,
" Wheat bran, 50kg",Ulaanbaatar,2022-12,
" Wheat bran, 50kg",Ulaanbaatar,2022-11,
" Wheat bran, 50kg",Ulaanbaatar,2022-10,
" Wheat bran, 50kg",Ulaanbaatar,2022-09,
" Wheat bran, 50kg",Ulaanbaatar,2022-08,
" Wheat bran, 50kg",Ulaanbaatar,2022-07,
" Wheat bran, 50kg",Ulaanbaatar,2022-06,
" Wheat bran, 50kg",Ulaanbaatar,2022-05,
" Wheat bran, 50kg",Ulaanbaatar,2022-04,
" Wheat bran, 50kg",Ulaanbaatar,2022-03,
" Wheat bran, 50kg",Ulaanbaatar,2022-02,
" Wheat bran, 50kg",Ulaanbaatar,2022-01,
" Wheat bran, 50kg",Ulaanbaatar,2021-12,
" Wheat bran, 50kg",Ulaanbaatar,2021-11,
" Wheat bran, 50kg",Ulaanbaatar,2021-10,
" Wheat bran, 50kg",Ulaanbaatar,2021-09,
" Wheat bran, 50kg",Ulaanbaatar,2021-08,
" Wheat bran, 50kg",Ulaanbaatar,2021-07,
" Wheat bran, 50kg",Ulaanbaatar,2021-06,
" Wheat bran, 50kg",Ulaanbaatar,2021-05,
" Wheat bran, 50kg",Ulaanbaatar,2021-04,
" Wheat bran, 50kg",Ulaanbaatar,2021-03,
" Wheat bran, 50kg",Ulaanbaatar,2021-02,
" Wheat bran, 50kg",Ulaanbaatar,2021-01,
" Wheat bran, 50kg",Ulaanbaatar,2020-12,
" Wheat bran, 50kg",Ulaanbaatar,2020-11,
" Wheat bran, 50kg",Ulaanbaatar,2020-10,
" Wheat bran, 50kg",Ulaanbaatar,2020-09,
" Wheat bran, 50kg",Ulaanbaatar,2020-08,
" Wheat bran, 50kg",Ulaanbaatar,2020-07,
" Wheat bran, 50kg",Ulaanbaatar,2020-06,
" Wheat bran, 50kg",Ulaanbaatar,2020-05,
" Wheat bran, 50kg",Ulaanbaatar,2020-04,
" Wheat bran, 50kg",Ulaanbaatar,2020-03,
" Wheat bran, 50kg",Ulaanbaatar,2020-02,
" Wheat bran, 50kg",Ulaanbaatar,2020-01,
" Wheat bran, 50kg",Ulaanbaatar,2019-12,
" Wheat bran, 50kg",Ulaanbaatar,2019-11,
" Wheat bran, 50kg",Ulaanbaatar,2019-10,
" Wheat bran, 50kg",Ulaanbaatar,2019-09,
" Wheat bran, 50kg",Ulaanbaatar,2019-08,
" Wheat bran, 50kg",Ulaanbaatar,2019-07,
" Wheat bran, 50kg",Ulaanbaatar,2019-06,
" Wheat bran, 50kg",Ulaanbaatar,2019-05,
" Wheat bran, 50kg",Ulaanbaatar,2019-04,
" Wheat bran, 50kg",Ulaanbaatar,2019-03,
" Wheat bran, 50kg",Ulaanbaatar,2019-02,
" Wheat bran, 50kg",Ulaanbaatar,2019-01,
" Wheat bran, 50kg",Ulaanbaatar,2018-12,
" Wheat bran, 50kg",Ulaanbaatar city,2025-12,44000.0
" Wheat bran, 50kg",Ulaanbaatar city,2025-11,40000.0
" Wheat bran, 50kg",Ulaanbaatar city,2025-10,35000.0
" Wheat bran, 50kg",Ulaanbaatar city,2025-09,43000.0
" Wheat bran, 50kg",Ulaanbaatar city,2025-08,40000.0
" Wheat bran, 50kg",Ulaanbaatar city,2025-07,40000.0
" Wheat bran, 50kg",Ulaanbaatar city,2025-06,37000.0
" Wheat bran, 50kg",Ulaanbaatar city,2025-05,37000.0
" Wheat bran, 50kg",Ulaanbaatar city,2025-04,35000.0
" Wheat bran, 50kg",Ulaanbaatar city,2025-03,40000.0
" Wheat bran, 50kg",Ulaanbaatar city,2025-02,40000.0
" Wheat bran, 50kg",Ulaanbaatar city,2025-01,
" Wheat bran, 50kg",Ulaanbaatar city,2024-12,
" Wheat bran, 50kg",Ulaanbaatar city,2024-11,46500.0
" Wheat bran, 50kg",Ulaanbaatar city,2024-10,47000.0
" Wheat bran, 50kg",Ulaanbaatar city,2024-09,47000.0
" Wheat bran, 50kg",Ulaanbaatar city,2024-08,47000.0
" Wheat bran, 50kg",Ulaanbaatar city,2024-07,47000.0
" Wheat bran, 50kg",Ulaanbaatar city,2024-06,47000.0
" Wheat bran, 50kg",Ulaanbaatar city,2024-05,48000.0
" Wheat bran, 50kg",Ulaanbaatar city,2024-04,48000.0
" Wheat bran, 50kg",Ulaanbaatar city,2024-03,48000.0
" Wheat bran, 50kg",Ulaanbaatar city,2024-02,48000.0
" Wheat bran, 50kg",Ulaanbaatar city,2024-01,48000.0
" Wheat bran, 50kg",Ulaanbaatar city,2023-12,
" Wheat bran, 50kg",Ulaanbaatar city,2023-11,
" Wheat bran, 50kg",Ulaanbaatar city,2023-10,
" Wheat bran, 50kg",Ulaanbaatar city,2023-09,
" Wheat bran, 50kg",Ulaanbaatar city,2023-08,
" Wheat bran, 50kg",Ulaanbaatar city,2023-07,
" Wheat bran, 50kg",Ulaanbaatar city,2023-06,
" Wheat bran, 50kg",Ulaanbaatar city,2023-05,
" Wheat bran, 50kg",Ulaanbaatar city,2023-04,
" Wheat bran, 50kg",Ulaanbaatar city,2023-03,
" Wheat bran, 50kg",Ulaanbaatar city,2023-02,
" Wheat bran, 50kg",Ulaanbaatar city,2023-01,
" Wheat bran, 50kg",Ulaanbaatar city,2022-12,
" Wheat bran, 50kg",Ulaanbaatar city,2022-11,
" Wheat bran, 50kg",Ulaanbaatar city,2022-10,
" Wheat bran, 50kg",Ulaanbaatar city,2022-09,
" Wheat bran, 50kg",Ulaanbaatar city,2022-08,
" Wheat bran, 50kg",Ulaanbaatar city,2022-07,
" Wheat bran, 50kg",Ulaanbaatar city,2022-06,
" Wheat bran, 50kg",Ulaanbaatar city,2022-05,
" Wheat bran, 50kg",Ulaanbaatar city,2022-04,
" Wheat bran, 50kg",Ulaanbaatar city,2022-03,
" Wheat bran, 50kg",Ulaanbaatar city,2022-02,
" Wheat bran, 50kg",Ulaanbaatar city,2022-01,
" Wheat bran, 50kg",Ulaanbaatar city,2021-12,
" Wheat bran, 50kg",Ulaanbaatar city,2021-11,
" Wheat bran, 50kg",Ulaanbaatar city,2021-10,
" Wheat bran, 50kg",Ulaanbaatar city,2021-09,
" Wheat bran, 50kg",Ulaanbaatar city,2021-08,
" Wheat bran, 50kg",Ulaanbaatar city,2021-07,
" Wheat bran, 50kg",Ulaanbaatar city,2021-06,
" Wheat bran, 50kg",Ulaanbaatar city,2021-05,
" Wheat bran, 50kg",Ulaanbaatar city,2021-04,
" Wheat bran, 50kg",Ulaanbaatar city,2021-03,
" Wheat bran, 50kg",Ulaanbaatar city,2021-02,
" Wheat bran, 50kg",Ulaanbaatar city,2021-01,
" Wheat bran, 50kg",Ulaanbaatar city,2020-12,
" Wheat bran, 50kg",Ulaanbaatar city,2020-11,
" Wheat bran, 50kg",Ulaanbaatar city,2020-10,
" Wheat bran, 50kg",Ulaanbaatar city,2020-09,
" Wheat bran, 50kg",Ulaanbaatar city,2020-08,
" Wheat bran, 50kg",Ulaanbaatar city,2020-07,
" Wheat bran, 50kg",Ulaanbaatar city,2020-06,
" Wheat bran, 50kg",Ulaanbaatar city,2020-05,
" Wheat bran, 50kg",Ulaanbaatar city,2020-04,
" Wheat bran, 50kg",Ulaanbaatar city,2020-03,
" Wheat bran, 50kg",Ulaanbaatar city,2020-02,
" Wheat bran, 50kg",Ulaanbaatar city,2020-01,
" Wheat bran, 50kg",Ulaanbaatar city,2019-12,
" Wheat bran, 50kg",Ulaanbaatar city,2019-11,
" Wheat bran, 50kg",Ulaanbaatar city,2019-10,
" Wheat bran, 50kg",Ulaanbaatar city,2019-09,
" Wheat bran, 50kg",Ulaanbaatar city,2019-08,
" Wheat bran, 50kg",Ulaanbaatar city,2019-07,
" Wheat bran, 50kg",Ulaanbaatar city,2019-06,
" Wheat bran, 50kg",Ulaanbaatar city,2019-05,
" Wheat bran, 50kg",Ulaanbaatar city,2019-04,
" Wheat bran, 50kg",Ulaanbaatar city,2019-03,
" Wheat bran, 50kg",Ulaanbaatar city,2019-02,
" Wheat bran, 50kg",Ulaanbaatar city,2019-01,
" Wheat bran, 50kg",Ulaanbaatar city,2018-12,
