огноо,чуулган,товлосон_цаг,эхэлсэн_цаг,цагийн_мэдээллийн_төлөв,өгөгдлийн_төлөв,эх_сурвалжийн_нийтлэл,эх_файлын_холбоос,үзүүлэлт,утга,нэгж
2024-10-17,Намрын ээлжит чуулган,,10:00,Зөвхөн бодит эхлэлтэй,Эцсийн,https://www.parliament.mn/nn/63100/,,Хэлэлцэх асуудал,0,тоо
2024-10-17,Намрын ээлжит чуулган,,10:00,Зөвхөн бодит эхлэлтэй,Эцсийн,https://www.parliament.mn/nn/63100/,,Хуралдаан эхэлсэн хоцролт,,минут
2024-10-17,Намрын ээлжит чуулган,,10:00,Зөвхөн бодит эхлэлтэй,Эцсийн,https://www.parliament.mn/nn/63100/,,Албан ёсоор цагтаа ирсэн,69,тоо
2024-10-17,Намрын ээлжит чуулган,,10:00,Зөвхөн бодит эхлэлтэй,Эцсийн,https://www.parliament.mn/nn/63100/,,Албан ёсоор хоцорсон,31,тоо
2024-10-17,Намрын ээлжит чуулган,,10:00,Зөвхөн бодит эхлэлтэй,Эцсийн,https://www.parliament.mn/nn/63100/,,Чөлөөтэй,2,тоо
2024-10-17,Намрын ээлжит чуулган,,10:00,Зөвхөн бодит эхлэлтэй,Эцсийн,https://www.parliament.mn/nn/63100/,,Эмнэлгийн чөлөө,4,тоо
2024-10-17,Намрын ээлжит чуулган,,10:00,Зөвхөн бодит эхлэлтэй,Эцсийн,https://www.parliament.mn/nn/63100/,,Орон нутгийн томилолт,2,тоо
2024-10-17,Намрын ээлжит чуулган,,10:00,Зөвхөн бодит эхлэлтэй,Эцсийн,https://www.parliament.mn/nn/63100/,,Гадаад томилолт,12,тоо
2024-10-17,Намрын ээлжит чуулган,,10:00,Зөвхөн бодит эхлэлтэй,Эцсийн,https://www.parliament.mn/nn/63100/,,Тайлбаргүй тасалсан,6,тоо
2024-10-17,Намрын ээлжит чуулган,,10:00,Зөвхөн бодит эхлэлтэй,Эцсийн,https://www.parliament.mn/nn/63100/,,Биеэр оролцсон,100,тоо
2024-10-17,Намрын ээлжит чуулган,,10:00,Зөвхөн бодит эхлэлтэй,Эцсийн,https://www.parliament.mn/nn/63100/,,Биеэр оролцсон хувь,79.4,хувь
2024-10-17,Намрын ээлжит чуулган,,10:00,Зөвхөн бодит эхлэлтэй,Эцсийн,https://www.parliament.mn/nn/63100/,,Биеэр оролцсон үеийн албан ёсны цагтаа ирэлтийн хувь,69.0,хувь
2024-10-18,Намрын ээлжит чуулган,,10:00,Зөвхөн бодит эхлэлтэй,Эцсийн,https://www.parliament.mn/nn/63122/,,Хэлэлцэх асуудал,0,тоо
2024-10-18,Намрын ээлжит чуулган,,10:00,Зөвхөн бодит эхлэлтэй,Эцсийн,https://www.parliament.mn/nn/63122/,,Хуралдаан эхэлсэн хоцролт,,минут
2024-10-18,Намрын ээлжит чуулган,,10:00,Зөвхөн бодит эхлэлтэй,Эцсийн,https://www.parliament.mn/nn/63122/,,Албан ёсоор цагтаа ирсэн,78,тоо
2024-10-18,Намрын ээлжит чуулган,,10:00,Зөвхөн бодит эхлэлтэй,Эцсийн,https://www.parliament.mn/nn/63122/,,Албан ёсоор хоцорсон,20,тоо
2024-10-18,Намрын ээлжит чуулган,,10:00,Зөвхөн бодит эхлэлтэй,Эцсийн,https://www.parliament.mn/nn/63122/,,Чөлөөтэй,0,тоо
2024-10-18,Намрын ээлжит чуулган,,10:00,Зөвхөн бодит эхлэлтэй,Эцсийн,https://www.parliament.mn/nn/63122/,,Эмнэлгийн чөлөө,6,тоо
2024-10-18,Намрын ээлжит чуулган,,10:00,Зөвхөн бодит эхлэлтэй,Эцсийн,https://www.parliament.mn/nn/63122/,,Орон нутгийн томилолт,2,тоо
2024-10-18,Намрын ээлжит чуулган,,10:00,Зөвхөн бодит эхлэлтэй,Эцсийн,https://www.parliament.mn/nn/63122/,,Гадаад томилолт,13,тоо
2024-10-18,Намрын ээлжит чуулган,,10:00,Зөвхөн бодит эхлэлтэй,Эцсийн,https://www.parliament.mn/nn/63122/,,Тайлбаргүй тасалсан,7,тоо
2024-10-18,Намрын ээлжит чуулган,,10:00,Зөвхөн бодит эхлэлтэй,Эцсийн,https://www.parliament.mn/nn/63122/,,Биеэр оролцсон,98,тоо
2024-10-18,Намрын ээлжит чуулган,,10:00,Зөвхөн бодит эхлэлтэй,Эцсийн,https://www.parliament.mn/nn/63122/,,Биеэр оролцсон хувь,77.8,хувь
2024-10-18,Намрын ээлжит чуулган,,10:00,Зөвхөн бодит эхлэлтэй,Эцсийн,https://www.parliament.mn/nn/63122/,,Биеэр оролцсон үеийн албан ёсны цагтаа ирэлтийн хувь,79.6,хувь
2024-10-25,Намрын ээлжит чуулган,,10:00,Зөвхөн бодит эхлэлтэй,Эцсийн,https://www.parliament.mn/nn/63169/,,Хэлэлцэх асуудал,0,тоо
2024-10-25,Намрын ээлжит чуулган,,10:00,Зөвхөн бодит эхлэлтэй,Эцсийн,https://www.parliament.mn/nn/63169/,,Хуралдаан эхэлсэн хоцролт,,минут
2024-10-25,Намрын ээлжит чуулган,,10:00,Зөвхөн бодит эхлэлтэй,Эцсийн,https://www.parliament.mn/nn/63169/,,Албан ёсоор цагтаа ирсэн,72,тоо
2024-10-25,Намрын ээлжит чуулган,,10:00,Зөвхөн бодит эхлэлтэй,Эцсийн,https://www.parliament.mn/nn/63169/,,Албан ёсоор хоцорсон,35,тоо
2024-10-25,Намрын ээлжит чуулган,,10:00,Зөвхөн бодит эхлэлтэй,Эцсийн,https://www.parliament.mn/nn/63169/,,Чөлөөтэй,3,тоо
2024-10-25,Намрын ээлжит чуулган,,10:00,Зөвхөн бодит эхлэлтэй,Эцсийн,https://www.parliament.mn/nn/63169/,,Эмнэлгийн чөлөө,6,тоо
2024-10-25,Намрын ээлжит чуулган,,10:00,Зөвхөн бодит эхлэлтэй,Эцсийн,https://www.parliament.mn/nn/63169/,,Орон нутгийн томилолт,0,тоо
2024-10-25,Намрын ээлжит чуулган,,10:00,Зөвхөн бодит эхлэлтэй,Эцсийн,https://www.parliament.mn/nn/63169/,,Гадаад томилолт,10,тоо
2024-10-25,Намрын ээлжит чуулган,,10:00,Зөвхөн бодит эхлэлтэй,Эцсийн,https://www.parliament.mn/nn/63169/,,Тайлбаргүй тасалсан,0,тоо
2024-10-25,Намрын ээлжит чуулган,,10:00,Зөвхөн бодит эхлэлтэй,Эцсийн,https://www.parliament.mn/nn/63169/,,Биеэр оролцсон,107,тоо
2024-10-25,Намрын ээлжит чуулган,,10:00,Зөвхөн бодит эхлэлтэй,Эцсийн,https://www.parliament.mn/nn/63169/,,Биеэр оролцсон хувь,84.9,хувь
2024-10-25,Намрын ээлжит чуулган,,10:00,Зөвхөн бодит эхлэлтэй,Эцсийн,https://www.parliament.mn/nn/63169/,,Биеэр оролцсон үеийн албан ёсны цагтаа ирэлтийн хувь,67.3,хувь
2024-10-31,Намрын ээлжит чуулган,,10:00,Зөвхөн бодит эхлэлтэй,Эцсийн,https://www.parliament.mn/nn/63246/,,Хэлэлцэх асуудал,0,тоо
2024-10-31,Намрын ээлжит чуулган,,10:00,Зөвхөн бодит эхлэлтэй,Эцсийн,https://www.parliament.mn/nn/63246/,,Хуралдаан эхэлсэн хоцролт,,минут
2024-10-31,Намрын ээлжит чуулган,,10:00,Зөвхөн бодит эхлэлтэй,Эцсийн,https://www.parliament.mn/nn/63246/,,Албан ёсоор цагтаа ирсэн,73,тоо
2024-10-31,Намрын ээлжит чуулган,,10:00,Зөвхөн бодит эхлэлтэй,Эцсийн,https://www.parliament.mn/nn/63246/,,Албан ёсоор хоцорсон,29,тоо
2024-10-31,Намрын ээлжит чуулган,,10:00,Зөвхөн бодит эхлэлтэй,Эцсийн,https://www.parliament.mn/nn/63246/,,Чөлөөтэй,2,тоо
2024-10-31,Намрын ээлжит чуулган,,10:00,Зөвхөн бодит эхлэлтэй,Эцсийн,https://www.parliament.mn/nn/63246/,,Эмнэлгийн чөлөө,4,тоо
2024-10-31,Намрын ээлжит чуулган,,10:00,Зөвхөн бодит эхлэлтэй,Эцсийн,https://www.parliament.mn/nn/63246/,,Орон нутгийн томилолт,0,тоо
2024-10-31,Намрын ээлжит чуулган,,10:00,Зөвхөн бодит эхлэлтэй,Эцсийн,https://www.parliament.mn/nn/63246/,,Гадаад томилолт,14,тоо
2024-10-31,Намрын ээлжит чуулган,,10:00,Зөвхөн бодит эхлэлтэй,Эцсийн,https://www.parliament.mn/nn/63246/,,Тайлбаргүй тасалсан,4,тоо
2024-10-31,Намрын ээлжит чуулган,,10:00,Зөвхөн бодит эхлэлтэй,Эцсийн,https://www.parliament.mn/nn/63246/,,Биеэр оролцсон,102,тоо
2024-10-31,Намрын ээлжит чуулган,,10:00,Зөвхөн бодит эхлэлтэй,Эцсийн,https://www.parliament.mn/nn/63246/,,Биеэр оролцсон хувь,81.0,хувь
2024-10-31,Намрын ээлжит чуулган,,10:00,Зөвхөн бодит эхлэлтэй,Эцсийн,https://www.parliament.mn/nn/63246/,,Биеэр оролцсон үеийн албан ёсны цагтаа ирэлтийн хувь,71.6,хувь
2024-11-01,Намрын ээлжит чуулган,10:00,,Зөвхөн товлосон цагтай,Эцсийн,https://www.parliament.mn/nn/63256/,,Хэлэлцэх асуудал,0,тоо
2024-11-01,Намрын ээлжит чуулган,10:00,,Зөвхөн товлосон цагтай,Эцсийн,https://www.parliament.mn/nn/63256/,,Хуралдаан эхэлсэн хоцролт,,минут
2024-11-01,Намрын ээлжит чуулган,10:00,,Зөвхөн товлосон цагтай,Эцсийн,https://www.parliament.mn/nn/63256/,,Албан ёсоор цагтаа ирсэн,70,тоо
2024-11-01,Намрын ээлжит чуулган,10:00,,Зөвхөн товлосон цагтай,Эцсийн,https://www.parliament.mn/nn/63256/,,Албан ёсоор хоцорсон,30,тоо
2024-11-01,Намрын ээлжит чуулган,10:00,,Зөвхөн товлосон цагтай,Эцсийн,https://www.parliament.mn/nn/63256/,,Чөлөөтэй,3,тоо
2024-11-01,Намрын ээлжит чуулган,10:00,,Зөвхөн товлосон цагтай,Эцсийн,https://www.parliament.mn/nn/63256/,,Эмнэлгийн чөлөө,5,тоо
2024-11-01,Намрын ээлжит чуулган,10:00,,Зөвхөн товлосон цагтай,Эцсийн,https://www.parliament.mn/nn/63256/,,Орон нутгийн томилолт,2,тоо
2024-11-01,Намрын ээлжит чуулган,10:00,,Зөвхөн товлосон цагтай,Эцсийн,https://www.parliament.mn/nn/63256/,,Гадаад томилолт,12,тоо
2024-11-01,Намрын ээлжит чуулган,10:00,,Зөвхөн товлосон цагтай,Эцсийн,https://www.parliament.mn/nn/63256/,,Тайлбаргүй тасалсан,4,тоо
2024-11-01,Намрын ээлжит чуулган,10:00,,Зөвхөн товлосон цагтай,Эцсийн,https://www.parliament.mn/nn/63256/,,Биеэр оролцсон,100,тоо
2024-11-01,Намрын ээлжит чуулган,10:00,,Зөвхөн товлосон цагтай,Эцсийн,https://www.parliament.mn/nn/63256/,,Биеэр оролцсон хувь,79.4,хувь
2024-11-01,Намрын ээлжит чуулган,10:00,,Зөвхөн товлосон цагтай,Эцсийн,https://www.parliament.mn/nn/63256/,,Биеэр оролцсон үеийн албан ёсны цагтаа ирэлтийн хувь,70.0,хувь
2024-11-08,Намрын ээлжит чуулган,10:00,,Зөвхөн товлосон цагтай,Эцсийн,https://www.parliament.mn/nn/63306/,,Хэлэлцэх асуудал,0,тоо
2024-11-08,Намрын ээлжит чуулган,10:00,,Зөвхөн товлосон цагтай,Эцсийн,https://www.parliament.mn/nn/63306/,,Хуралдаан эхэлсэн хоцролт,,минут
2024-11-08,Намрын ээлжит чуулган,10:00,,Зөвхөн товлосон цагтай,Эцсийн,https://www.parliament.mn/nn/63306/,,Албан ёсоор цагтаа ирсэн,72,тоо
2024-11-08,Намрын ээлжит чуулган,10:00,,Зөвхөн товлосон цагтай,Эцсийн,https://www.parliament.mn/nn/63306/,,Албан ёсоор хоцорсон,35,тоо
2024-11-08,Намрын ээлжит чуулган,10:00,,Зөвхөн товлосон цагтай,Эцсийн,https://www.parliament.mn/nn/63306/,,Чөлөөтэй,5,тоо
2024-11-08,Намрын ээлжит чуулган,10:00,,Зөвхөн товлосон цагтай,Эцсийн,https://www.parliament.mn/nn/63306/,,Эмнэлгийн чөлөө,5,тоо
2024-11-08,Намрын ээлжит чуулган,10:00,,Зөвхөн товлосон цагтай,Эцсийн,https://www.parliament.mn/nn/63306/,,Орон нутгийн томилолт,0,тоо
2024-11-08,Намрын ээлжит чуулган,10:00,,Зөвхөн товлосон цагтай,Эцсийн,https://www.parliament.mn/nn/63306/,,Гадаад томилолт,3,тоо
2024-11-08,Намрын ээлжит чуулган,10:00,,Зөвхөн товлосон цагтай,Эцсийн,https://www.parliament.mn/nn/63306/,,Тайлбаргүй тасалсан,6,тоо
2024-11-08,Намрын ээлжит чуулган,10:00,,Зөвхөн товлосон цагтай,Эцсийн,https://www.parliament.mn/nn/63306/,,Биеэр оролцсон,107,тоо
2024-11-08,Намрын ээлжит чуулган,10:00,,Зөвхөн товлосон цагтай,Эцсийн,https://www.parliament.mn/nn/63306/,,Биеэр оролцсон хувь,84.9,хувь
2024-11-08,Намрын ээлжит чуулган,10:00,,Зөвхөн товлосон цагтай,Эцсийн,https://www.parliament.mn/nn/63306/,,Биеэр оролцсон үеийн албан ёсны цагтаа ирэлтийн хувь,67.3,хувь
2024-11-14,Намрын ээлжит чуулган,,10:00,Зөвхөн бодит эхлэлтэй,Эцсийн,https://www.parliament.mn/nn/63344/,,Хэлэлцэх асуудал,0,тоо
2024-11-14,Намрын ээлжит чуулган,,10:00,Зөвхөн бодит эхлэлтэй,Эцсийн,https://www.parliament.mn/nn/63344/,,Хуралдаан эхэлсэн хоцролт,,минут
2024-11-14,Намрын ээлжит чуулган,,10:00,Зөвхөн бодит эхлэлтэй,Эцсийн,https://www.parliament.mn/nn/63344/,,Албан ёсоор цагтаа ирсэн,79,тоо
2024-11-14,Намрын ээлжит чуулган,,10:00,Зөвхөн бодит эхлэлтэй,Эцсийн,https://www.parliament.mn/nn/63344/,,Албан ёсоор хоцорсон,32,тоо
2024-11-14,Намрын ээлжит чуулган,,10:00,Зөвхөн бодит эхлэлтэй,Эцсийн,https://www.parliament.mn/nn/63344/,,Чөлөөтэй,1,тоо
2024-11-14,Намрын ээлжит чуулган,,10:00,Зөвхөн бодит эхлэлтэй,Эцсийн,https://www.parliament.mn/nn/63344/,,Эмнэлгийн чөлөө,3,тоо
2024-11-14,Намрын ээлжит чуулган,,10:00,Зөвхөн бодит эхлэлтэй,Эцсийн,https://www.parliament.mn/nn/63344/,,Орон нутгийн томилолт,0,тоо
2024-11-14,Намрын ээлжит чуулган,,10:00,Зөвхөн бодит эхлэлтэй,Эцсийн,https://www.parliament.mn/nn/63344/,,Гадаад томилолт,7,тоо
2024-11-14,Намрын ээлжит чуулган,,10:00,Зөвхөн бодит эхлэлтэй,Эцсийн,https://www.parliament.mn/nn/63344/,,Тайлбаргүй тасалсан,4,тоо
2024-11-14,Намрын ээлжит чуулган,,10:00,Зөвхөн бодит эхлэлтэй,Эцсийн,https://www.parliament.mn/nn/63344/,,Биеэр оролцсон,111,тоо
2024-11-14,Намрын ээлжит чуулган,,10:00,Зөвхөн бодит эхлэлтэй,Эцсийн,https://www.parliament.mn/nn/63344/,,Биеэр оролцсон хувь,88.1,хувь
2024-11-14,Намрын ээлжит чуулган,,10:00,Зөвхөн бодит эхлэлтэй,Эцсийн,https://www.parliament.mn/nn/63344/,,Биеэр оролцсон үеийн албан ёсны цагтаа ирэлтийн хувь,71.2,хувь
2024-11-15,Намрын ээлжит чуулган,,10:00,Зөвхөн бодит эхлэлтэй,Эцсийн,https://www.parliament.mn/nn/63350/,,Хэлэлцэх асуудал,0,тоо
2024-11-15,Намрын ээлжит чуулган,,10:00,Зөвхөн бодит эхлэлтэй,Эцсийн,https://www.parliament.mn/nn/63350/,,Хуралдаан эхэлсэн хоцролт,,минут
2024-11-15,Намрын ээлжит чуулган,,10:00,Зөвхөн бодит эхлэлтэй,Эцсийн,https://www.parliament.mn/nn/63350/,,Албан ёсоор цагтаа ирсэн,71,тоо
2024-11-15,Намрын ээлжит чуулган,,10:00,Зөвхөн бодит эхлэлтэй,Эцсийн,https://www.parliament.mn/nn/63350/,,Албан ёсоор хоцорсон,34,тоо
2024-11-15,Намрын ээлжит чуулган,,10:00,Зөвхөн бодит эхлэлтэй,Эцсийн,https://www.parliament.mn/nn/63350/,,Чөлөөтэй,1,тоо
2024-11-15,Намрын ээлжит чуулган,,10:00,Зөвхөн бодит эхлэлтэй,Эцсийн,https://www.parliament.mn/nn/63350/,,Эмнэлгийн чөлөө,4,тоо
2024-11-15,Намрын ээлжит чуулган,,10:00,Зөвхөн бодит эхлэлтэй,Эцсийн,https://www.parliament.mn/nn/63350/,,Орон нутгийн томилолт,1,тоо
2024-11-15,Намрын ээлжит чуулган,,10:00,Зөвхөн бодит эхлэлтэй,Эцсийн,https://www.parliament.mn/nn/63350/,,Гадаад томилолт,7,тоо
2024-11-15,Намрын ээлжит чуулган,,10:00,Зөвхөн бодит эхлэлтэй,Эцсийн,https://www.parliament.mn/nn/63350/,,Тайлбаргүй тасалсан,8,тоо
2024-11-15,Намрын ээлжит чуулган,,10:00,Зөвхөн бодит эхлэлтэй,Эцсийн,https://www.parliament.mn/nn/63350/,,Биеэр оролцсон,105,тоо
2024-11-15,Намрын ээлжит чуулган,,10:00,Зөвхөн бодит эхлэлтэй,Эцсийн,https://www.parliament.mn/nn/63350/,,Биеэр оролцсон хувь,83.3,хувь
2024-11-15,Намрын ээлжит чуулган,,10:00,Зөвхөн бодит эхлэлтэй,Эцсийн,https://www.parliament.mn/nn/63350/,,Биеэр оролцсон үеийн албан ёсны цагтаа ирэлтийн хувь,67.6,хувь
2024-11-21,Намрын ээлжит чуулган,10:00,10:02,Бүрэн,Эцсийн,https://www.parliament.mn/nn/63402/,,Хэлэлцэх асуудал,0,тоо
2024-11-21,Намрын ээлжит чуулган,10:00,10:02,Бүрэн,Эцсийн,https://www.parliament.mn/nn/63402/,,Хуралдаан эхэлсэн хоцролт,2,минут
2024-11-21,Намрын ээлжит чуулган,10:00,10:02,Бүрэн,Эцсийн,https://www.parliament.mn/nn/63402/,,Албан ёсоор цагтаа ирсэн,69,тоо
2024-11-21,Намрын ээлжит чуулган,10:00,10:02,Бүрэн,Эцсийн,https://www.parliament.mn/nn/63402/,,Албан ёсоор хоцорсон,25,тоо
2024-11-21,Намрын ээлжит чуулган,10:00,10:02,Бүрэн,Эцсийн,https://www.parliament.mn/nn/63402/,,Чөлөөтэй,3,тоо
2024-11-21,Намрын ээлжит чуулган,10:00,10:02,Бүрэн,Эцсийн,https://www.parliament.mn/nn/63402/,,Эмнэлгийн чөлөө,3,тоо
2024-11-21,Намрын ээлжит чуулган,10:00,10:02,Бүрэн,Эцсийн,https://www.parliament.mn/nn/63402/,,Орон нутгийн томилолт,0,тоо
2024-11-21,Намрын ээлжит чуулган,10:00,10:02,Бүрэн,Эцсийн,https://www.parliament.mn/nn/63402/,,Гадаад томилолт,22,тоо
2024-11-21,Намрын ээлжит чуулган,10:00,10:02,Бүрэн,Эцсийн,https://www.parliament.mn/nn/63402/,,Тайлбаргүй тасалсан,4,тоо
2024-11-21,Намрын ээлжит чуулган,10:00,10:02,Бүрэн,Эцсийн,https://www.parliament.mn/nn/63402/,,Биеэр оролцсон,94,тоо
2024-11-21,Намрын ээлжит чуулган,10:00,10:02,Бүрэн,Эцсийн,https://www.parliament.mn/nn/63402/,,Биеэр оролцсон хувь,74.6,хувь
2024-11-21,Намрын ээлжит чуулган,10:00,10:02,Бүрэн,Эцсийн,https://www.parliament.mn/nn/63402/,,Биеэр оролцсон үеийн албан ёсны цагтаа ирэлтийн хувь,73.4,хувь
2024-11-22,Намрын ээлжит чуулган,15:00,15:06,Бүрэн,Эцсийн,https://www.parliament.mn/nn/63410/,,Хэлэлцэх асуудал,1,тоо
2024-11-22,Намрын ээлжит чуулган,15:00,15:06,Бүрэн,Эцсийн,https://www.parliament.mn/nn/63410/,,Хуралдаан эхэлсэн хоцролт,6,минут
2024-11-22,Намрын ээлжит чуулган,15:00,15:06,Бүрэн,Эцсийн,https://www.parliament.mn/nn/63410/,,Албан ёсоор цагтаа ирсэн,70,тоо
2024-11-22,Намрын ээлжит чуулган,15:00,15:06,Бүрэн,Эцсийн,https://www.parliament.mn/nn/63410/,,Албан ёсоор хоцорсон,20,тоо
2024-11-22,Намрын ээлжит чуулган,15:00,15:06,Бүрэн,Эцсийн,https://www.parliament.mn/nn/63410/,,Чөлөөтэй,4,тоо
2024-11-22,Намрын ээлжит чуулган,15:00,15:06,Бүрэн,Эцсийн,https://www.parliament.mn/nn/63410/,,Эмнэлгийн чөлөө,3,тоо
2024-11-22,Намрын ээлжит чуулган,15:00,15:06,Бүрэн,Эцсийн,https://www.parliament.mn/nn/63410/,,Орон нутгийн томилолт,2,тоо
2024-11-22,Намрын ээлжит чуулган,15:00,15:06,Бүрэн,Эцсийн,https://www.parliament.mn/nn/63410/,,Гадаад томилолт,17,тоо
2024-11-22,Намрын ээлжит чуулган,15:00,15:06,Бүрэн,Эцсийн,https://www.parliament.mn/nn/63410/,,Тайлбаргүй тасалсан,10,тоо
2024-11-22,Намрын ээлжит чуулган,15:00,15:06,Бүрэн,Эцсийн,https://www.parliament.mn/nn/63410/,,Биеэр оролцсон,90,тоо
2024-11-22,Намрын ээлжит чуулган,15:00,15:06,Бүрэн,Эцсийн,https://www.parliament.mn/nn/63410/,,Биеэр оролцсон хувь,71.4,хувь
2024-11-22,Намрын ээлжит чуулган,15:00,15:06,Бүрэн,Эцсийн,https://www.parliament.mn/nn/63410/,,Биеэр оролцсон үеийн албан ёсны цагтаа ирэлтийн хувь,77.8,хувь
2024-11-28,Намрын ээлжит чуулган,10:00,,Зөвхөн товлосон цагтай,Эцсийн,https://www.parliament.mn/nn/63471/,,Хэлэлцэх асуудал,0,тоо
2024-11-28,Намрын ээлжит чуулган,10:00,,Зөвхөн товлосон цагтай,Эцсийн,https://www.parliament.mn/nn/63471/,,Хуралдаан эхэлсэн хоцролт,,минут
2024-11-28,Намрын ээлжит чуулган,10:00,,Зөвхөн товлосон цагтай,Эцсийн,https://www.parliament.mn/nn/63471/,,Албан ёсоор цагтаа ирсэн,49,тоо
2024-11-28,Намрын ээлжит чуулган,10:00,,Зөвхөн товлосон цагтай,Эцсийн,https://www.parliament.mn/nn/63471/,,Албан ёсоор хоцорсон,36,тоо
2024-11-28,Намрын ээлжит чуулган,10:00,,Зөвхөн товлосон цагтай,Эцсийн,https://www.parliament.mn/nn/63471/,,Чөлөөтэй,1,тоо
2024-11-28,Намрын ээлжит чуулган,10:00,,Зөвхөн товлосон цагтай,Эцсийн,https://www.parliament.mn/nn/63471/,,Эмнэлгийн чөлөө,2,тоо
2024-11-28,Намрын ээлжит чуулган,10:00,,Зөвхөн товлосон цагтай,Эцсийн,https://www.parliament.mn/nn/63471/,,Орон нутгийн томилолт,4,тоо
2024-11-28,Намрын ээлжит чуулган,10:00,,Зөвхөн товлосон цагтай,Эцсийн,https://www.parliament.mn/nn/63471/,,Гадаад томилолт,32,тоо
2024-11-28,Намрын ээлжит чуулган,10:00,,Зөвхөн товлосон цагтай,Эцсийн,https://www.parliament.mn/nn/63471/,,Тайлбаргүй тасалсан,2,тоо
2024-11-28,Намрын ээлжит чуулган,10:00,,Зөвхөн товлосон цагтай,Эцсийн,https://www.parliament.mn/nn/63471/,,Биеэр оролцсон,85,тоо
2024-11-28,Намрын ээлжит чуулган,10:00,,Зөвхөн товлосон цагтай,Эцсийн,https://www.parliament.mn/nn/63471/,,Биеэр оролцсон хувь,67.5,хувь
2024-11-28,Намрын ээлжит чуулган,10:00,,Зөвхөн товлосон цагтай,Эцсийн,https://www.parliament.mn/nn/63471/,,Биеэр оролцсон үеийн албан ёсны цагтаа ирэлтийн хувь,57.6,хувь
2024-11-29,Намрын ээлжит чуулган,10:00,10:06,Бүрэн,Эцсийн,https://www.parliament.mn/nn/63485/,,Хэлэлцэх асуудал,0,тоо
2024-11-29,Намрын ээлжит чуулган,10:00,10:06,Бүрэн,Эцсийн,https://www.parliament.mn/nn/63485/,,Хуралдаан эхэлсэн хоцролт,6,минут
2024-11-29,Намрын ээлжит чуулган,10:00,10:06,Бүрэн,Эцсийн,https://www.parliament.mn/nn/63485/,,Албан ёсоор цагтаа ирсэн,68,тоо
2024-11-29,Намрын ээлжит чуулган,10:00,10:06,Бүрэн,Эцсийн,https://www.parliament.mn/nn/63485/,,Албан ёсоор хоцорсон,19,тоо
2024-11-29,Намрын ээлжит чуулган,10:00,10:06,Бүрэн,Эцсийн,https://www.parliament.mn/nn/63485/,,Чөлөөтэй,2,тоо
2024-11-29,Намрын ээлжит чуулган,10:00,10:06,Бүрэн,Эцсийн,https://www.parliament.mn/nn/63485/,,Эмнэлгийн чөлөө,2,тоо
2024-11-29,Намрын ээлжит чуулган,10:00,10:06,Бүрэн,Эцсийн,https://www.parliament.mn/nn/63485/,,Орон нутгийн томилолт,1,тоо
2024-11-29,Намрын ээлжит чуулган,10:00,10:06,Бүрэн,Эцсийн,https://www.parliament.mn/nn/63485/,,Гадаад томилолт,30,тоо
2024-11-29,Намрын ээлжит чуулган,10:00,10:06,Бүрэн,Эцсийн,https://www.parliament.mn/nn/63485/,,Тайлбаргүй тасалсан,4,тоо
2024-11-29,Намрын ээлжит чуулган,10:00,10:06,Бүрэн,Эцсийн,https://www.parliament.mn/nn/63485/,,Биеэр оролцсон,87,тоо
2024-11-29,Намрын ээлжит чуулган,10:00,10:06,Бүрэн,Эцсийн,https://www.parliament.mn/nn/63485/,,Биеэр оролцсон хувь,69.0,хувь
2024-11-29,Намрын ээлжит чуулган,10:00,10:06,Бүрэн,Эцсийн,https://www.parliament.mn/nn/63485/,,Биеэр оролцсон үеийн албан ёсны цагтаа ирэлтийн хувь,78.2,хувь
2024-12-02,Намрын ээлжит чуулган,14:00,14:17,Бүрэн,Эцсийн,https://www.parliament.mn/nn/63509/,,Хэлэлцэх асуудал,1,тоо
2024-12-02,Намрын ээлжит чуулган,14:00,14:17,Бүрэн,Эцсийн,https://www.parliament.mn/nn/63509/,,Хуралдаан эхэлсэн хоцролт,17,минут
2024-12-02,Намрын ээлжит чуулган,14:00,14:17,Бүрэн,Эцсийн,https://www.parliament.mn/nn/63509/,,Албан ёсоор цагтаа ирсэн,66,тоо
2024-12-02,Намрын ээлжит чуулган,14:00,14:17,Бүрэн,Эцсийн,https://www.parliament.mn/nn/63509/,,Албан ёсоор хоцорсон,5,тоо
2024-12-02,Намрын ээлжит чуулган,14:00,14:17,Бүрэн,Эцсийн,https://www.parliament.mn/nn/63509/,,Чөлөөтэй,2,тоо
2024-12-02,Намрын ээлжит чуулган,14:00,14:17,Бүрэн,Эцсийн,https://www.parliament.mn/nn/63509/,,Эмнэлгийн чөлөө,3,тоо
2024-12-02,Намрын ээлжит чуулган,14:00,14:17,Бүрэн,Эцсийн,https://www.parliament.mn/nn/63509/,,Орон нутгийн томилолт,0,тоо
2024-12-02,Намрын ээлжит чуулган,14:00,14:17,Бүрэн,Эцсийн,https://www.parliament.mn/nn/63509/,,Гадаад томилолт,21,тоо
2024-12-02,Намрын ээлжит чуулган,14:00,14:17,Бүрэн,Эцсийн,https://www.parliament.mn/nn/63509/,,Тайлбаргүй тасалсан,29,тоо
2024-12-02,Намрын ээлжит чуулган,14:00,14:17,Бүрэн,Эцсийн,https://www.parliament.mn/nn/63509/,,Биеэр оролцсон,71,тоо
2024-12-02,Намрын ээлжит чуулган,14:00,14:17,Бүрэн,Эцсийн,https://www.parliament.mn/nn/63509/,,Биеэр оролцсон хувь,56.3,хувь
2024-12-02,Намрын ээлжит чуулган,14:00,14:17,Бүрэн,Эцсийн,https://www.parliament.mn/nn/63509/,,Биеэр оролцсон үеийн албан ёсны цагтаа ирэлтийн хувь,93.0,хувь
2024-12-03,Намрын ээлжит чуулган,,10:00,Зөвхөн бодит эхлэлтэй,Эцсийн,https://www.parliament.mn/nn/63519/,,Хэлэлцэх асуудал,1,тоо
2024-12-03,Намрын ээлжит чуулган,,10:00,Зөвхөн бодит эхлэлтэй,Эцсийн,https://www.parliament.mn/nn/63519/,,Хуралдаан эхэлсэн хоцролт,,минут
2024-12-03,Намрын ээлжит чуулган,,10:00,Зөвхөн бодит эхлэлтэй,Эцсийн,https://www.parliament.mn/nn/63519/,,Албан ёсоор цагтаа ирсэн,75,тоо
2024-12-03,Намрын ээлжит чуулган,,10:00,Зөвхөн бодит эхлэлтэй,Эцсийн,https://www.parliament.mn/nn/63519/,,Албан ёсоор хоцорсон,30,тоо
2024-12-03,Намрын ээлжит чуулган,,10:00,Зөвхөн бодит эхлэлтэй,Эцсийн,https://www.parliament.mn/nn/63519/,,Чөлөөтэй,2,тоо
2024-12-03,Намрын ээлжит чуулган,,10:00,Зөвхөн бодит эхлэлтэй,Эцсийн,https://www.parliament.mn/nn/63519/,,Эмнэлгийн чөлөө,4,тоо
2024-12-03,Намрын ээлжит чуулган,,10:00,Зөвхөн бодит эхлэлтэй,Эцсийн,https://www.parliament.mn/nn/63519/,,Орон нутгийн томилолт,0,тоо
2024-12-03,Намрын ээлжит чуулган,,10:00,Зөвхөн бодит эхлэлтэй,Эцсийн,https://www.parliament.mn/nn/63519/,,Гадаад томилолт,14,тоо
2024-12-03,Намрын ээлжит чуулган,,10:00,Зөвхөн бодит эхлэлтэй,Эцсийн,https://www.parliament.mn/nn/63519/,,Тайлбаргүй тасалсан,1,тоо
2024-12-03,Намрын ээлжит чуулган,,10:00,Зөвхөн бодит эхлэлтэй,Эцсийн,https://www.parliament.mn/nn/63519/,,Биеэр оролцсон,105,тоо
2024-12-03,Намрын ээлжит чуулган,,10:00,Зөвхөн бодит эхлэлтэй,Эцсийн,https://www.parliament.mn/nn/63519/,,Биеэр оролцсон хувь,83.3,хувь
2024-12-03,Намрын ээлжит чуулган,,10:00,Зөвхөн бодит эхлэлтэй,Эцсийн,https://www.parliament.mn/nn/63519/,,Биеэр оролцсон үеийн албан ёсны цагтаа ирэлтийн хувь,71.4,хувь
2024-12-04,Намрын ээлжит чуулган,11:00,,Зөвхөн товлосон цагтай,Эцсийн,https://www.parliament.mn/nn/63536/,,Хэлэлцэх асуудал,0,тоо
2024-12-04,Намрын ээлжит чуулган,11:00,,Зөвхөн товлосон цагтай,Эцсийн,https://www.parliament.mn/nn/63536/,,Хуралдаан эхэлсэн хоцролт,,минут
2024-12-04,Намрын ээлжит чуулган,11:00,,Зөвхөн товлосон цагтай,Эцсийн,https://www.parliament.mn/nn/63536/,,Албан ёсоор цагтаа ирсэн,68,тоо
2024-12-04,Намрын ээлжит чуулган,11:00,,Зөвхөн товлосон цагтай,Эцсийн,https://www.parliament.mn/nn/63536/,,Албан ёсоор хоцорсон,28,тоо
2024-12-04,Намрын ээлжит чуулган,11:00,,Зөвхөн товлосон цагтай,Эцсийн,https://www.parliament.mn/nn/63536/,,Чөлөөтэй,2,тоо
2024-12-04,Намрын ээлжит чуулган,11:00,,Зөвхөн товлосон цагтай,Эцсийн,https://www.parliament.mn/nn/63536/,,Эмнэлгийн чөлөө,5,тоо
2024-12-04,Намрын ээлжит чуулган,11:00,,Зөвхөн товлосон цагтай,Эцсийн,https://www.parliament.mn/nn/63536/,,Орон нутгийн томилолт,0,тоо
2024-12-04,Намрын ээлжит чуулган,11:00,,Зөвхөн товлосон цагтай,Эцсийн,https://www.parliament.mn/nn/63536/,,Гадаад томилолт,12,тоо
2024-12-04,Намрын ээлжит чуулган,11:00,,Зөвхөн товлосон цагтай,Эцсийн,https://www.parliament.mn/nn/63536/,,Тайлбаргүй тасалсан,11,тоо
2024-12-04,Намрын ээлжит чуулган,11:00,,Зөвхөн товлосон цагтай,Эцсийн,https://www.parliament.mn/nn/63536/,,Биеэр оролцсон,96,тоо
2024-12-04,Намрын ээлжит чуулган,11:00,,Зөвхөн товлосон цагтай,Эцсийн,https://www.parliament.mn/nn/63536/,,Биеэр оролцсон хувь,76.2,хувь
2024-12-04,Намрын ээлжит чуулган,11:00,,Зөвхөн товлосон цагтай,Эцсийн,https://www.parliament.mn/nn/63536/,,Биеэр оролцсон үеийн албан ёсны цагтаа ирэлтийн хувь,70.8,хувь
2024-12-05,Намрын ээлжит чуулган,10:00,,Зөвхөн товлосон цагтай,Эцсийн,https://www.parliament.mn/nn/63551/,,Хэлэлцэх асуудал,3,тоо
2024-12-05,Намрын ээлжит чуулган,10:00,,Зөвхөн товлосон цагтай,Эцсийн,https://www.parliament.mn/nn/63551/,,Хуралдаан эхэлсэн хоцролт,,минут
2024-12-05,Намрын ээлжит чуулган,10:00,,Зөвхөн товлосон цагтай,Эцсийн,https://www.parliament.mn/nn/63551/,,Албан ёсоор цагтаа ирсэн,86,тоо
2024-12-05,Намрын ээлжит чуулган,10:00,,Зөвхөн товлосон цагтай,Эцсийн,https://www.parliament.mn/nn/63551/,,Албан ёсоор хоцорсон,20,тоо
2024-12-05,Намрын ээлжит чуулган,10:00,,Зөвхөн товлосон цагтай,Эцсийн,https://www.parliament.mn/nn/63551/,,Чөлөөтэй,2,тоо
2024-12-05,Намрын ээлжит чуулган,10:00,,Зөвхөн товлосон цагтай,Эцсийн,https://www.parliament.mn/nn/63551/,,Эмнэлгийн чөлөө,5,тоо
2024-12-05,Намрын ээлжит чуулган,10:00,,Зөвхөн товлосон цагтай,Эцсийн,https://www.parliament.mn/nn/63551/,,Орон нутгийн томилолт,0,тоо
2024-12-05,Намрын ээлжит чуулган,10:00,,Зөвхөн товлосон цагтай,Эцсийн,https://www.parliament.mn/nn/63551/,,Гадаад томилолт,9,тоо
2024-12-05,Намрын ээлжит чуулган,10:00,,Зөвхөн товлосон цагтай,Эцсийн,https://www.parliament.mn/nn/63551/,,Тайлбаргүй тасалсан,4,тоо
2024-12-05,Намрын ээлжит чуулган,10:00,,Зөвхөн товлосон цагтай,Эцсийн,https://www.parliament.mn/nn/63551/,,Биеэр оролцсон,106,тоо
2024-12-05,Намрын ээлжит чуулган,10:00,,Зөвхөн товлосон цагтай,Эцсийн,https://www.parliament.mn/nn/63551/,,Биеэр оролцсон хувь,84.1,хувь
2024-12-05,Намрын ээлжит чуулган,10:00,,Зөвхөн товлосон цагтай,Эцсийн,https://www.parliament.mn/nn/63551/,,Биеэр оролцсон үеийн албан ёсны цагтаа ирэлтийн хувь,81.1,хувь
2024-12-06,Намрын ээлжит чуулган,10:00,,Зөвхөн товлосон цагтай,Эцсийн,https://www.parliament.mn/nn/63569/,,Хэлэлцэх асуудал,3,тоо
2024-12-06,Намрын ээлжит чуулган,10:00,,Зөвхөн товлосон цагтай,Эцсийн,https://www.parliament.mn/nn/63569/,,Хуралдаан эхэлсэн хоцролт,,минут
2024-12-06,Намрын ээлжит чуулган,10:00,,Зөвхөн товлосон цагтай,Эцсийн,https://www.parliament.mn/nn/63569/,,Албан ёсоор цагтаа ирсэн,62,тоо
2024-12-06,Намрын ээлжит чуулган,10:00,,Зөвхөн товлосон цагтай,Эцсийн,https://www.parliament.mn/nn/63569/,,Албан ёсоор хоцорсон,40,тоо
2024-12-06,Намрын ээлжит чуулган,10:00,,Зөвхөн товлосон цагтай,Эцсийн,https://www.parliament.mn/nn/63569/,,Чөлөөтэй,2,тоо
2024-12-06,Намрын ээлжит чуулган,10:00,,Зөвхөн товлосон цагтай,Эцсийн,https://www.parliament.mn/nn/63569/,,Эмнэлгийн чөлөө,7,тоо
2024-12-06,Намрын ээлжит чуулган,10:00,,Зөвхөн товлосон цагтай,Эцсийн,https://www.parliament.mn/nn/63569/,,Орон нутгийн томилолт,0,тоо
2024-12-06,Намрын ээлжит чуулган,10:00,,Зөвхөн товлосон цагтай,Эцсийн,https://www.parliament.mn/nn/63569/,,Гадаад томилолт,10,тоо
2024-12-06,Намрын ээлжит чуулган,10:00,,Зөвхөн товлосон цагтай,Эцсийн,https://www.parliament.mn/nn/63569/,,Тайлбаргүй тасалсан,5,тоо
2024-12-06,Намрын ээлжит чуулган,10:00,,Зөвхөн товлосон цагтай,Эцсийн,https://www.parliament.mn/nn/63569/,,Биеэр оролцсон,102,тоо
2024-12-06,Намрын ээлжит чуулган,10:00,,Зөвхөн товлосон цагтай,Эцсийн,https://www.parliament.mn/nn/63569/,,Биеэр оролцсон хувь,81.0,хувь
2024-12-06,Намрын ээлжит чуулган,10:00,,Зөвхөн товлосон цагтай,Эцсийн,https://www.parliament.mn/nn/63569/,,Биеэр оролцсон үеийн албан ёсны цагтаа ирэлтийн хувь,60.8,хувь
2024-12-11,Намрын ээлжит чуулган,15:00,15:05,Бүрэн,Эцсийн,https://www.parliament.mn/nn/63609/,,Хэлэлцэх асуудал,3,тоо
2024-12-11,Намрын ээлжит чуулган,15:00,15:05,Бүрэн,Эцсийн,https://www.parliament.mn/nn/63609/,,Хуралдаан эхэлсэн хоцролт,5,минут
2024-12-11,Намрын ээлжит чуулган,15:00,15:05,Бүрэн,Эцсийн,https://www.parliament.mn/nn/63609/,,Албан ёсоор цагтаа ирсэн,82,тоо
2024-12-11,Намрын ээлжит чуулган,15:00,15:05,Бүрэн,Эцсийн,https://www.parliament.mn/nn/63609/,,Албан ёсоор хоцорсон,33,тоо
2024-12-11,Намрын ээлжит чуулган,15:00,15:05,Бүрэн,Эцсийн,https://www.parliament.mn/nn/63609/,,Чөлөөтэй,1,тоо
2024-12-11,Намрын ээлжит чуулган,15:00,15:05,Бүрэн,Эцсийн,https://www.parliament.mn/nn/63609/,,Эмнэлгийн чөлөө,5,тоо
2024-12-11,Намрын ээлжит чуулган,15:00,15:05,Бүрэн,Эцсийн,https://www.parliament.mn/nn/63609/,,Орон нутгийн томилолт,0,тоо
2024-12-11,Намрын ээлжит чуулган,15:00,15:05,Бүрэн,Эцсийн,https://www.parliament.mn/nn/63609/,,Гадаад томилолт,2,тоо
2024-12-11,Намрын ээлжит чуулган,15:00,15:05,Бүрэн,Эцсийн,https://www.parliament.mn/nn/63609/,,Тайлбаргүй тасалсан,3,тоо
2024-12-11,Намрын ээлжит чуулган,15:00,15:05,Бүрэн,Эцсийн,https://www.parliament.mn/nn/63609/,,Биеэр оролцсон,115,тоо
2024-12-11,Намрын ээлжит чуулган,15:00,15:05,Бүрэн,Эцсийн,https://www.parliament.mn/nn/63609/,,Биеэр оролцсон хувь,91.3,хувь
2024-12-11,Намрын ээлжит чуулган,15:00,15:05,Бүрэн,Эцсийн,https://www.parliament.mn/nn/63609/,,Биеэр оролцсон үеийн албан ёсны цагтаа ирэлтийн хувь,71.3,хувь
2024-12-12,Намрын ээлжит чуулган,10:00,10:28,Бүрэн,Эцсийн,https://www.parliament.mn/nn/63621/,,Хэлэлцэх асуудал,3,тоо
2024-12-12,Намрын ээлжит чуулган,10:00,10:28,Бүрэн,Эцсийн,https://www.parliament.mn/nn/63621/,,Хуралдаан эхэлсэн хоцролт,28,минут
2024-12-12,Намрын ээлжит чуулган,10:00,10:28,Бүрэн,Эцсийн,https://www.parliament.mn/nn/63621/,,Албан ёсоор цагтаа ирсэн,85,тоо
2024-12-12,Намрын ээлжит чуулган,10:00,10:28,Бүрэн,Эцсийн,https://www.parliament.mn/nn/63621/,,Албан ёсоор хоцорсон,25,тоо
2024-12-12,Намрын ээлжит чуулган,10:00,10:28,Бүрэн,Эцсийн,https://www.parliament.mn/nn/63621/,,Чөлөөтэй,1,тоо
2024-12-12,Намрын ээлжит чуулган,10:00,10:28,Бүрэн,Эцсийн,https://www.parliament.mn/nn/63621/,,Эмнэлгийн чөлөө,6,тоо
2024-12-12,Намрын ээлжит чуулган,10:00,10:28,Бүрэн,Эцсийн,https://www.parliament.mn/nn/63621/,,Орон нутгийн томилолт,0,тоо
2024-12-12,Намрын ээлжит чуулган,10:00,10:28,Бүрэн,Эцсийн,https://www.parliament.mn/nn/63621/,,Гадаад томилолт,2,тоо
2024-12-12,Намрын ээлжит чуулган,10:00,10:28,Бүрэн,Эцсийн,https://www.parliament.mn/nn/63621/,,Тайлбаргүй тасалсан,7,тоо
2024-12-12,Намрын ээлжит чуулган,10:00,10:28,Бүрэн,Эцсийн,https://www.parliament.mn/nn/63621/,,Биеэр оролцсон,110,тоо
2024-12-12,Намрын ээлжит чуулган,10:00,10:28,Бүрэн,Эцсийн,https://www.parliament.mn/nn/63621/,,Биеэр оролцсон хувь,87.3,хувь
2024-12-12,Намрын ээлжит чуулган,10:00,10:28,Бүрэн,Эцсийн,https://www.parliament.mn/nn/63621/,,Биеэр оролцсон үеийн албан ёсны цагтаа ирэлтийн хувь,77.3,хувь
2024-12-13,Намрын ээлжит чуулган,10:00,,Зөвхөн товлосон цагтай,Эцсийн,https://www.parliament.mn/nn/63631/,,Хэлэлцэх асуудал,0,тоо
2024-12-13,Намрын ээлжит чуулган,10:00,,Зөвхөн товлосон цагтай,Эцсийн,https://www.parliament.mn/nn/63631/,,Хуралдаан эхэлсэн хоцролт,,минут
2024-12-13,Намрын ээлжит чуулган,10:00,,Зөвхөн товлосон цагтай,Эцсийн,https://www.parliament.mn/nn/63631/,,Албан ёсоор цагтаа ирсэн,52,тоо
2024-12-13,Намрын ээлжит чуулган,10:00,,Зөвхөн товлосон цагтай,Эцсийн,https://www.parliament.mn/nn/63631/,,Албан ёсоор хоцорсон,51,тоо
2024-12-13,Намрын ээлжит чуулган,10:00,,Зөвхөн товлосон цагтай,Эцсийн,https://www.parliament.mn/nn/63631/,,Чөлөөтэй,2,тоо
2024-12-13,Намрын ээлжит чуулган,10:00,,Зөвхөн товлосон цагтай,Эцсийн,https://www.parliament.mn/nn/63631/,,Эмнэлгийн чөлөө,9,тоо
2024-12-13,Намрын ээлжит чуулган,10:00,,Зөвхөн товлосон цагтай,Эцсийн,https://www.parliament.mn/nn/63631/,,Орон нутгийн томилолт,0,тоо
2024-12-13,Намрын ээлжит чуулган,10:00,,Зөвхөн товлосон цагтай,Эцсийн,https://www.parliament.mn/nn/63631/,,Гадаад томилолт,2,тоо
2024-12-13,Намрын ээлжит чуулган,10:00,,Зөвхөн товлосон цагтай,Эцсийн,https://www.parliament.mn/nn/63631/,,Тайлбаргүй тасалсан,10,тоо
2024-12-13,Намрын ээлжит чуулган,10:00,,Зөвхөн товлосон цагтай,Эцсийн,https://www.parliament.mn/nn/63631/,,Биеэр оролцсон,103,тоо
2024-12-13,Намрын ээлжит чуулган,10:00,,Зөвхөн товлосон цагтай,Эцсийн,https://www.parliament.mn/nn/63631/,,Биеэр оролцсон хувь,81.7,хувь
2024-12-13,Намрын ээлжит чуулган,10:00,,Зөвхөн товлосон цагтай,Эцсийн,https://www.parliament.mn/nn/63631/,,Биеэр оролцсон үеийн албан ёсны цагтаа ирэлтийн хувь,50.5,хувь
2024-12-20,Намрын ээлжит чуулган,10:00,10:03,Бүрэн,Эцсийн,https://www.parliament.mn/nn/63680/,,Хэлэлцэх асуудал,4,тоо
2024-12-20,Намрын ээлжит чуулган,10:00,10:03,Бүрэн,Эцсийн,https://www.parliament.mn/nn/63680/,,Хуралдаан эхэлсэн хоцролт,3,минут
2024-12-20,Намрын ээлжит чуулган,10:00,10:03,Бүрэн,Эцсийн,https://www.parliament.mn/nn/63680/,,Албан ёсоор цагтаа ирсэн,69,тоо
2024-12-20,Намрын ээлжит чуулган,10:00,10:03,Бүрэн,Эцсийн,https://www.parliament.mn/nn/63680/,,Албан ёсоор хоцорсон,30,тоо
2024-12-20,Намрын ээлжит чуулган,10:00,10:03,Бүрэн,Эцсийн,https://www.parliament.mn/nn/63680/,,Чөлөөтэй,2,тоо
2024-12-20,Намрын ээлжит чуулган,10:00,10:03,Бүрэн,Эцсийн,https://www.parliament.mn/nn/63680/,,Эмнэлгийн чөлөө,6,тоо
2024-12-20,Намрын ээлжит чуулган,10:00,10:03,Бүрэн,Эцсийн,https://www.parliament.mn/nn/63680/,,Орон нутгийн томилолт,4,тоо
2024-12-20,Намрын ээлжит чуулган,10:00,10:03,Бүрэн,Эцсийн,https://www.parliament.mn/nn/63680/,,Гадаад томилолт,6,тоо
2024-12-20,Намрын ээлжит чуулган,10:00,10:03,Бүрэн,Эцсийн,https://www.parliament.mn/nn/63680/,,Тайлбаргүй тасалсан,9,тоо
2024-12-20,Намрын ээлжит чуулган,10:00,10:03,Бүрэн,Эцсийн,https://www.parliament.mn/nn/63680/,,Биеэр оролцсон,99,тоо
2024-12-20,Намрын ээлжит чуулган,10:00,10:03,Бүрэн,Эцсийн,https://www.parliament.mn/nn/63680/,,Биеэр оролцсон хувь,78.6,хувь
2024-12-20,Намрын ээлжит чуулган,10:00,10:03,Бүрэн,Эцсийн,https://www.parliament.mn/nn/63680/,,Биеэр оролцсон үеийн албан ёсны цагтаа ирэлтийн хувь,69.7,хувь
2024-12-26,Намрын ээлжит чуулган,10:00,10:05,Бүрэн,Эцсийн,https://www.parliament.mn/nn/63738/,,Хэлэлцэх асуудал,9,тоо
2024-12-26,Намрын ээлжит чуулган,10:00,10:05,Бүрэн,Эцсийн,https://www.parliament.mn/nn/63738/,,Хуралдаан эхэлсэн хоцролт,5,минут
2024-12-26,Намрын ээлжит чуулган,10:00,10:05,Бүрэн,Эцсийн,https://www.parliament.mn/nn/63738/,,Албан ёсоор цагтаа ирсэн,71,тоо
2024-12-26,Намрын ээлжит чуулган,10:00,10:05,Бүрэн,Эцсийн,https://www.parliament.mn/nn/63738/,,Албан ёсоор хоцорсон,34,тоо
2024-12-26,Намрын ээлжит чуулган,10:00,10:05,Бүрэн,Эцсийн,https://www.parliament.mn/nn/63738/,,Чөлөөтэй,4,тоо
2024-12-26,Намрын ээлжит чуулган,10:00,10:05,Бүрэн,Эцсийн,https://www.parliament.mn/nn/63738/,,Эмнэлгийн чөлөө,4,тоо
2024-12-26,Намрын ээлжит чуулган,10:00,10:05,Бүрэн,Эцсийн,https://www.parliament.mn/nn/63738/,,Орон нутгийн томилолт,3,тоо
2024-12-26,Намрын ээлжит чуулган,10:00,10:05,Бүрэн,Эцсийн,https://www.parliament.mn/nn/63738/,,Гадаад томилолт,3,тоо
2024-12-26,Намрын ээлжит чуулган,10:00,10:05,Бүрэн,Эцсийн,https://www.parliament.mn/nn/63738/,,Тайлбаргүй тасалсан,7,тоо
2024-12-26,Намрын ээлжит чуулган,10:00,10:05,Бүрэн,Эцсийн,https://www.parliament.mn/nn/63738/,,Биеэр оролцсон,105,тоо
2024-12-26,Намрын ээлжит чуулган,10:00,10:05,Бүрэн,Эцсийн,https://www.parliament.mn/nn/63738/,,Биеэр оролцсон хувь,83.3,хувь
2024-12-26,Намрын ээлжит чуулган,10:00,10:05,Бүрэн,Эцсийн,https://www.parliament.mn/nn/63738/,,Биеэр оролцсон үеийн албан ёсны цагтаа ирэлтийн хувь,67.6,хувь
2024-12-27,Намрын ээлжит чуулган,10:00,10:03,Бүрэн,Эцсийн,https://www.parliament.mn/nn/63748/,,Хэлэлцэх асуудал,4,тоо
2024-12-27,Намрын ээлжит чуулган,10:00,10:03,Бүрэн,Эцсийн,https://www.parliament.mn/nn/63748/,,Хуралдаан эхэлсэн хоцролт,3,минут
2024-12-27,Намрын ээлжит чуулган,10:00,10:03,Бүрэн,Эцсийн,https://www.parliament.mn/nn/63748/,,Албан ёсоор цагтаа ирсэн,73,тоо
2024-12-27,Намрын ээлжит чуулган,10:00,10:03,Бүрэн,Эцсийн,https://www.parliament.mn/nn/63748/,,Албан ёсоор хоцорсон,34,тоо
2024-12-27,Намрын ээлжит чуулган,10:00,10:03,Бүрэн,Эцсийн,https://www.parliament.mn/nn/63748/,,Чөлөөтэй,5,тоо
2024-12-27,Намрын ээлжит чуулган,10:00,10:03,Бүрэн,Эцсийн,https://www.parliament.mn/nn/63748/,,Эмнэлгийн чөлөө,6,тоо
2024-12-27,Намрын ээлжит чуулган,10:00,10:03,Бүрэн,Эцсийн,https://www.parliament.mn/nn/63748/,,Орон нутгийн томилолт,3,тоо
2024-12-27,Намрын ээлжит чуулган,10:00,10:03,Бүрэн,Эцсийн,https://www.parliament.mn/nn/63748/,,Гадаад томилолт,1,тоо
2024-12-27,Намрын ээлжит чуулган,10:00,10:03,Бүрэн,Эцсийн,https://www.parliament.mn/nn/63748/,,Тайлбаргүй тасалсан,4,тоо
2024-12-27,Намрын ээлжит чуулган,10:00,10:03,Бүрэн,Эцсийн,https://www.parliament.mn/nn/63748/,,Биеэр оролцсон,107,тоо
2024-12-27,Намрын ээлжит чуулган,10:00,10:03,Бүрэн,Эцсийн,https://www.parliament.mn/nn/63748/,,Биеэр оролцсон хувь,84.9,хувь
2024-12-27,Намрын ээлжит чуулган,10:00,10:03,Бүрэн,Эцсийн,https://www.parliament.mn/nn/63748/,,Биеэр оролцсон үеийн албан ёсны цагтаа ирэлтийн хувь,68.2,хувь
2025-01-09,Намрын ээлжит чуулган,10:00,10:02,Бүрэн,Эцсийн,https://www.parliament.mn/nn/73832/,,Хэлэлцэх асуудал,7,тоо
2025-01-09,Намрын ээлжит чуулган,10:00,10:02,Бүрэн,Эцсийн,https://www.parliament.mn/nn/73832/,,Хуралдаан эхэлсэн хоцролт,2,минут
2025-01-09,Намрын ээлжит чуулган,10:00,10:02,Бүрэн,Эцсийн,https://www.parliament.mn/nn/73832/,,Албан ёсоор цагтаа ирсэн,75,тоо
2025-01-09,Намрын ээлжит чуулган,10:00,10:02,Бүрэн,Эцсийн,https://www.parliament.mn/nn/73832/,,Албан ёсоор хоцорсон,19,тоо
2025-01-09,Намрын ээлжит чуулган,10:00,10:02,Бүрэн,Эцсийн,https://www.parliament.mn/nn/73832/,,Чөлөөтэй,10,тоо
2025-01-09,Намрын ээлжит чуулган,10:00,10:02,Бүрэн,Эцсийн,https://www.parliament.mn/nn/73832/,,Эмнэлгийн чөлөө,11,тоо
2025-01-09,Намрын ээлжит чуулган,10:00,10:02,Бүрэн,Эцсийн,https://www.parliament.mn/nn/73832/,,Орон нутгийн томилолт,7,тоо
2025-01-09,Намрын ээлжит чуулган,10:00,10:02,Бүрэн,Эцсийн,https://www.parliament.mn/nn/73832/,,Гадаад томилолт,1,тоо
2025-01-09,Намрын ээлжит чуулган,10:00,10:02,Бүрэн,Эцсийн,https://www.parliament.mn/nn/73832/,,Тайлбаргүй тасалсан,3,тоо
2025-01-09,Намрын ээлжит чуулган,10:00,10:02,Бүрэн,Эцсийн,https://www.parliament.mn/nn/73832/,,Биеэр оролцсон,94,тоо
2025-01-09,Намрын ээлжит чуулган,10:00,10:02,Бүрэн,Эцсийн,https://www.parliament.mn/nn/73832/,,Биеэр оролцсон хувь,74.6,хувь
2025-01-09,Намрын ээлжит чуулган,10:00,10:02,Бүрэн,Эцсийн,https://www.parliament.mn/nn/73832/,,Биеэр оролцсон үеийн албан ёсны цагтаа ирэлтийн хувь,79.8,хувь
2025-01-10,Намрын ээлжит чуулган,14:00,16:29,Бүрэн,Эцсийн,https://www.parliament.mn/nn/73851/,,Хэлэлцэх асуудал,2,тоо
2025-01-10,Намрын ээлжит чуулган,14:00,16:29,Бүрэн,Эцсийн,https://www.parliament.mn/nn/73851/,,Хуралдаан эхэлсэн хоцролт,149,минут
2025-01-10,Намрын ээлжит чуулган,14:00,16:29,Бүрэн,Эцсийн,https://www.parliament.mn/nn/73851/,,Албан ёсоор цагтаа ирсэн,74,тоо
2025-01-10,Намрын ээлжит чуулган,14:00,16:29,Бүрэн,Эцсийн,https://www.parliament.mn/nn/73851/,,Албан ёсоор хоцорсон,23,тоо
2025-01-10,Намрын ээлжит чуулган,14:00,16:29,Бүрэн,Эцсийн,https://www.parliament.mn/nn/73851/,,Чөлөөтэй,13,тоо
2025-01-10,Намрын ээлжит чуулган,14:00,16:29,Бүрэн,Эцсийн,https://www.parliament.mn/nn/73851/,,Эмнэлгийн чөлөө,8,тоо
2025-01-10,Намрын ээлжит чуулган,14:00,16:29,Бүрэн,Эцсийн,https://www.parliament.mn/nn/73851/,,Орон нутгийн томилолт,5,тоо
2025-01-10,Намрын ээлжит чуулган,14:00,16:29,Бүрэн,Эцсийн,https://www.parliament.mn/nn/73851/,,Гадаад томилолт,1,тоо
2025-01-10,Намрын ээлжит чуулган,14:00,16:29,Бүрэн,Эцсийн,https://www.parliament.mn/nn/73851/,,Тайлбаргүй тасалсан,2,тоо
2025-01-10,Намрын ээлжит чуулган,14:00,16:29,Бүрэн,Эцсийн,https://www.parliament.mn/nn/73851/,,Биеэр оролцсон,97,тоо
2025-01-10,Намрын ээлжит чуулган,14:00,16:29,Бүрэн,Эцсийн,https://www.parliament.mn/nn/73851/,,Биеэр оролцсон хувь,77.0,хувь
2025-01-10,Намрын ээлжит чуулган,14:00,16:29,Бүрэн,Эцсийн,https://www.parliament.mn/nn/73851/,,Биеэр оролцсон үеийн албан ёсны цагтаа ирэлтийн хувь,76.3,хувь
2025-01-16,Намрын ээлжит чуулган,10:00,10:04,Бүрэн,Эцсийн,https://www.parliament.mn/nn/73907/,,Хэлэлцэх асуудал,0,тоо
2025-01-16,Намрын ээлжит чуулган,10:00,10:04,Бүрэн,Эцсийн,https://www.parliament.mn/nn/73907/,,Хуралдаан эхэлсэн хоцролт,4,минут
2025-01-16,Намрын ээлжит чуулган,10:00,10:04,Бүрэн,Эцсийн,https://www.parliament.mn/nn/73907/,,Албан ёсоор цагтаа ирсэн,65,тоо
2025-01-16,Намрын ээлжит чуулган,10:00,10:04,Бүрэн,Эцсийн,https://www.parliament.mn/nn/73907/,,Албан ёсоор хоцорсон,28,тоо
2025-01-16,Намрын ээлжит чуулган,10:00,10:04,Бүрэн,Эцсийн,https://www.parliament.mn/nn/73907/,,Чөлөөтэй,10,тоо
2025-01-16,Намрын ээлжит чуулган,10:00,10:04,Бүрэн,Эцсийн,https://www.parliament.mn/nn/73907/,,Эмнэлгийн чөлөө,6,тоо
2025-01-16,Намрын ээлжит чуулган,10:00,10:04,Бүрэн,Эцсийн,https://www.parliament.mn/nn/73907/,,Орон нутгийн томилолт,2,тоо
2025-01-16,Намрын ээлжит чуулган,10:00,10:04,Бүрэн,Эцсийн,https://www.parliament.mn/nn/73907/,,Гадаад томилолт,13,тоо
2025-01-16,Намрын ээлжит чуулган,10:00,10:04,Бүрэн,Эцсийн,https://www.parliament.mn/nn/73907/,,Тайлбаргүй тасалсан,2,тоо
2025-01-16,Намрын ээлжит чуулган,10:00,10:04,Бүрэн,Эцсийн,https://www.parliament.mn/nn/73907/,,Биеэр оролцсон,93,тоо
2025-01-16,Намрын ээлжит чуулган,10:00,10:04,Бүрэн,Эцсийн,https://www.parliament.mn/nn/73907/,,Биеэр оролцсон хувь,73.8,хувь
2025-01-16,Намрын ээлжит чуулган,10:00,10:04,Бүрэн,Эцсийн,https://www.parliament.mn/nn/73907/,,Биеэр оролцсон үеийн албан ёсны цагтаа ирэлтийн хувь,69.9,хувь
2025-01-17,Намрын ээлжит чуулган,,10:00,Зөвхөн бодит эхлэлтэй,Эцсийн,https://www.parliament.mn/nn/73918/,,Хэлэлцэх асуудал,0,тоо
2025-01-17,Намрын ээлжит чуулган,,10:00,Зөвхөн бодит эхлэлтэй,Эцсийн,https://www.parliament.mn/nn/73918/,,Хуралдаан эхэлсэн хоцролт,,минут
2025-01-17,Намрын ээлжит чуулган,,10:00,Зөвхөн бодит эхлэлтэй,Эцсийн,https://www.parliament.mn/nn/73918/,,Албан ёсоор цагтаа ирсэн,53,тоо
2025-01-17,Намрын ээлжит чуулган,,10:00,Зөвхөн бодит эхлэлтэй,Эцсийн,https://www.parliament.mn/nn/73918/,,Албан ёсоор хоцорсон,38,тоо
2025-01-17,Намрын ээлжит чуулган,,10:00,Зөвхөн бодит эхлэлтэй,Эцсийн,https://www.parliament.mn/nn/73918/,,Чөлөөтэй,11,тоо
2025-01-17,Намрын ээлжит чуулган,,10:00,Зөвхөн бодит эхлэлтэй,Эцсийн,https://www.parliament.mn/nn/73918/,,Эмнэлгийн чөлөө,7,тоо
2025-01-17,Намрын ээлжит чуулган,,10:00,Зөвхөн бодит эхлэлтэй,Эцсийн,https://www.parliament.mn/nn/73918/,,Орон нутгийн томилолт,3,тоо
2025-01-17,Намрын ээлжит чуулган,,10:00,Зөвхөн бодит эхлэлтэй,Эцсийн,https://www.parliament.mn/nn/73918/,,Гадаад томилолт,13,тоо
2025-01-17,Намрын ээлжит чуулган,,10:00,Зөвхөн бодит эхлэлтэй,Эцсийн,https://www.parliament.mn/nn/73918/,,Тайлбаргүй тасалсан,1,тоо
2025-01-17,Намрын ээлжит чуулган,,10:00,Зөвхөн бодит эхлэлтэй,Эцсийн,https://www.parliament.mn/nn/73918/,,Биеэр оролцсон,91,тоо
2025-01-17,Намрын ээлжит чуулган,,10:00,Зөвхөн бодит эхлэлтэй,Эцсийн,https://www.parliament.mn/nn/73918/,,Биеэр оролцсон хувь,72.2,хувь
2025-01-17,Намрын ээлжит чуулган,,10:00,Зөвхөн бодит эхлэлтэй,Эцсийн,https://www.parliament.mn/nn/73918/,,Биеэр оролцсон үеийн албан ёсны цагтаа ирэлтийн хувь,58.2,хувь
2025-01-23,Намрын ээлжит чуулган,10:00,10:09,Бүрэн,Эцсийн,https://www.parliament.mn/nn/73954/,,Хэлэлцэх асуудал,0,тоо
2025-01-23,Намрын ээлжит чуулган,10:00,10:09,Бүрэн,Эцсийн,https://www.parliament.mn/nn/73954/,,Хуралдаан эхэлсэн хоцролт,9,минут
2025-01-23,Намрын ээлжит чуулган,10:00,10:09,Бүрэн,Эцсийн,https://www.parliament.mn/nn/73954/,,Албан ёсоор цагтаа ирсэн,88,тоо
2025-01-23,Намрын ээлжит чуулган,10:00,10:09,Бүрэн,Эцсийн,https://www.parliament.mn/nn/73954/,,Албан ёсоор хоцорсон,12,тоо
2025-01-23,Намрын ээлжит чуулган,10:00,10:09,Бүрэн,Эцсийн,https://www.parliament.mn/nn/73954/,,Чөлөөтэй,9,тоо
2025-01-23,Намрын ээлжит чуулган,10:00,10:09,Бүрэн,Эцсийн,https://www.parliament.mn/nn/73954/,,Эмнэлгийн чөлөө,10,тоо
2025-01-23,Намрын ээлжит чуулган,10:00,10:09,Бүрэн,Эцсийн,https://www.parliament.mn/nn/73954/,,Орон нутгийн томилолт,0,тоо
2025-01-23,Намрын ээлжит чуулган,10:00,10:09,Бүрэн,Эцсийн,https://www.parliament.mn/nn/73954/,,Гадаад томилолт,5,тоо
2025-01-23,Намрын ээлжит чуулган,10:00,10:09,Бүрэн,Эцсийн,https://www.parliament.mn/nn/73954/,,Тайлбаргүй тасалсан,2,тоо
2025-01-23,Намрын ээлжит чуулган,10:00,10:09,Бүрэн,Эцсийн,https://www.parliament.mn/nn/73954/,,Биеэр оролцсон,100,тоо
2025-01-23,Намрын ээлжит чуулган,10:00,10:09,Бүрэн,Эцсийн,https://www.parliament.mn/nn/73954/,,Биеэр оролцсон хувь,79.4,хувь
2025-01-23,Намрын ээлжит чуулган,10:00,10:09,Бүрэн,Эцсийн,https://www.parliament.mn/nn/73954/,,Биеэр оролцсон үеийн албан ёсны цагтаа ирэлтийн хувь,88.0,хувь
2025-01-24,Намрын ээлжит чуулган,,10:00,Зөвхөн бодит эхлэлтэй,Эцсийн,https://www.parliament.mn/nn/73962/,,Хэлэлцэх асуудал,0,тоо
2025-01-24,Намрын ээлжит чуулган,,10:00,Зөвхөн бодит эхлэлтэй,Эцсийн,https://www.parliament.mn/nn/73962/,,Хуралдаан эхэлсэн хоцролт,,минут
2025-01-24,Намрын ээлжит чуулган,,10:00,Зөвхөн бодит эхлэлтэй,Эцсийн,https://www.parliament.mn/nn/73962/,,Албан ёсоор цагтаа ирсэн,50,тоо
2025-01-24,Намрын ээлжит чуулган,,10:00,Зөвхөн бодит эхлэлтэй,Эцсийн,https://www.parliament.mn/nn/73962/,,Албан ёсоор хоцорсон,50,тоо
2025-01-24,Намрын ээлжит чуулган,,10:00,Зөвхөн бодит эхлэлтэй,Эцсийн,https://www.parliament.mn/nn/73962/,,Чөлөөтэй,9,тоо
2025-01-24,Намрын ээлжит чуулган,,10:00,Зөвхөн бодит эхлэлтэй,Эцсийн,https://www.parliament.mn/nn/73962/,,Эмнэлгийн чөлөө,10,тоо
2025-01-24,Намрын ээлжит чуулган,,10:00,Зөвхөн бодит эхлэлтэй,Эцсийн,https://www.parliament.mn/nn/73962/,,Орон нутгийн томилолт,0,тоо
2025-01-24,Намрын ээлжит чуулган,,10:00,Зөвхөн бодит эхлэлтэй,Эцсийн,https://www.parliament.mn/nn/73962/,,Гадаад томилолт,6,тоо
2025-01-24,Намрын ээлжит чуулган,,10:00,Зөвхөн бодит эхлэлтэй,Эцсийн,https://www.parliament.mn/nn/73962/,,Тайлбаргүй тасалсан,1,тоо
2025-01-24,Намрын ээлжит чуулган,,10:00,Зөвхөн бодит эхлэлтэй,Эцсийн,https://www.parliament.mn/nn/73962/,,Биеэр оролцсон,100,тоо
2025-01-24,Намрын ээлжит чуулган,,10:00,Зөвхөн бодит эхлэлтэй,Эцсийн,https://www.parliament.mn/nn/73962/,,Биеэр оролцсон хувь,79.4,хувь
2025-01-24,Намрын ээлжит чуулган,,10:00,Зөвхөн бодит эхлэлтэй,Эцсийн,https://www.parliament.mn/nn/73962/,,Биеэр оролцсон үеийн албан ёсны цагтаа ирэлтийн хувь,50.0,хувь
2025-03-17,Хаврын ээлжит чуулган,,10:00,Зөвхөн бодит эхлэлтэй,Эцсийн,https://www.parliament.mn/nn/74246/,,Хэлэлцэх асуудал,2,тоо
2025-03-17,Хаврын ээлжит чуулган,,10:00,Зөвхөн бодит эхлэлтэй,Эцсийн,https://www.parliament.mn/nn/74246/,,Хуралдаан эхэлсэн хоцролт,,минут
2025-03-17,Хаврын ээлжит чуулган,,10:00,Зөвхөн бодит эхлэлтэй,Эцсийн,https://www.parliament.mn/nn/74246/,,Албан ёсоор цагтаа ирсэн,83,тоо
2025-03-17,Хаврын ээлжит чуулган,,10:00,Зөвхөн бодит эхлэлтэй,Эцсийн,https://www.parliament.mn/nn/74246/,,Албан ёсоор хоцорсон,32,тоо
2025-03-17,Хаврын ээлжит чуулган,,10:00,Зөвхөн бодит эхлэлтэй,Эцсийн,https://www.parliament.mn/nn/74246/,,Чөлөөтэй,1,тоо
2025-03-17,Хаврын ээлжит чуулган,,10:00,Зөвхөн бодит эхлэлтэй,Эцсийн,https://www.parliament.mn/nn/74246/,,Эмнэлгийн чөлөө,2,тоо
2025-03-17,Хаврын ээлжит чуулган,,10:00,Зөвхөн бодит эхлэлтэй,Эцсийн,https://www.parliament.mn/nn/74246/,,Орон нутгийн томилолт,1,тоо
2025-03-17,Хаврын ээлжит чуулган,,10:00,Зөвхөн бодит эхлэлтэй,Эцсийн,https://www.parliament.mn/nn/74246/,,Гадаад томилолт,6,тоо
2025-03-17,Хаврын ээлжит чуулган,,10:00,Зөвхөн бодит эхлэлтэй,Эцсийн,https://www.parliament.mn/nn/74246/,,Тайлбаргүй тасалсан,1,тоо
2025-03-17,Хаврын ээлжит чуулган,,10:00,Зөвхөн бодит эхлэлтэй,Эцсийн,https://www.parliament.mn/nn/74246/,,Биеэр оролцсон,115,тоо
2025-03-17,Хаврын ээлжит чуулган,,10:00,Зөвхөн бодит эхлэлтэй,Эцсийн,https://www.parliament.mn/nn/74246/,,Биеэр оролцсон хувь,91.3,хувь
2025-03-17,Хаврын ээлжит чуулган,,10:00,Зөвхөн бодит эхлэлтэй,Эцсийн,https://www.parliament.mn/nn/74246/,,Биеэр оролцсон үеийн албан ёсны цагтаа ирэлтийн хувь,72.2,хувь
2025-03-27,Хаврын ээлжит чуулган,,10:00,Зөвхөн бодит эхлэлтэй,Эцсийн,https://www.parliament.mn/nn/74354/,,Хэлэлцэх асуудал,0,тоо
2025-03-27,Хаврын ээлжит чуулган,,10:00,Зөвхөн бодит эхлэлтэй,Эцсийн,https://www.parliament.mn/nn/74354/,,Хуралдаан эхэлсэн хоцролт,,минут
2025-03-27,Хаврын ээлжит чуулган,,10:00,Зөвхөн бодит эхлэлтэй,Эцсийн,https://www.parliament.mn/nn/74354/,,Албан ёсоор цагтаа ирсэн,86,тоо
2025-03-27,Хаврын ээлжит чуулган,,10:00,Зөвхөн бодит эхлэлтэй,Эцсийн,https://www.parliament.mn/nn/74354/,,Албан ёсоор хоцорсон,24,тоо
2025-03-27,Хаврын ээлжит чуулган,,10:00,Зөвхөн бодит эхлэлтэй,Эцсийн,https://www.parliament.mn/nn/74354/,,Чөлөөтэй,0,тоо
2025-03-27,Хаврын ээлжит чуулган,,10:00,Зөвхөн бодит эхлэлтэй,Эцсийн,https://www.parliament.mn/nn/74354/,,Эмнэлгийн чөлөө,3,тоо
2025-03-27,Хаврын ээлжит чуулган,,10:00,Зөвхөн бодит эхлэлтэй,Эцсийн,https://www.parliament.mn/nn/74354/,,Орон нутгийн томилолт,1,тоо
2025-03-27,Хаврын ээлжит чуулган,,10:00,Зөвхөн бодит эхлэлтэй,Эцсийн,https://www.parliament.mn/nn/74354/,,Гадаад томилолт,10,тоо
2025-03-27,Хаврын ээлжит чуулган,,10:00,Зөвхөн бодит эхлэлтэй,Эцсийн,https://www.parliament.mn/nn/74354/,,Тайлбаргүй тасалсан,2,тоо
2025-03-27,Хаврын ээлжит чуулган,,10:00,Зөвхөн бодит эхлэлтэй,Эцсийн,https://www.parliament.mn/nn/74354/,,Биеэр оролцсон,110,тоо
2025-03-27,Хаврын ээлжит чуулган,,10:00,Зөвхөн бодит эхлэлтэй,Эцсийн,https://www.parliament.mn/nn/74354/,,Биеэр оролцсон хувь,87.3,хувь
2025-03-27,Хаврын ээлжит чуулган,,10:00,Зөвхөн бодит эхлэлтэй,Эцсийн,https://www.parliament.mn/nn/74354/,,Биеэр оролцсон үеийн албан ёсны цагтаа ирэлтийн хувь,78.2,хувь
2025-03-28,Хаврын ээлжит чуулган,,10:00,Зөвхөн бодит эхлэлтэй,Эцсийн,https://www.parliament.mn/nn/74360/,,Хэлэлцэх асуудал,0,тоо
2025-03-28,Хаврын ээлжит чуулган,,10:00,Зөвхөн бодит эхлэлтэй,Эцсийн,https://www.parliament.mn/nn/74360/,,Хуралдаан эхэлсэн хоцролт,,минут
2025-03-28,Хаврын ээлжит чуулган,,10:00,Зөвхөн бодит эхлэлтэй,Эцсийн,https://www.parliament.mn/nn/74360/,,Албан ёсоор цагтаа ирсэн,73,тоо
2025-03-28,Хаврын ээлжит чуулган,,10:00,Зөвхөн бодит эхлэлтэй,Эцсийн,https://www.parliament.mn/nn/74360/,,Албан ёсоор хоцорсон,31,тоо
2025-03-28,Хаврын ээлжит чуулган,,10:00,Зөвхөн бодит эхлэлтэй,Эцсийн,https://www.parliament.mn/nn/74360/,,Чөлөөтэй,1,тоо
2025-03-28,Хаврын ээлжит чуулган,,10:00,Зөвхөн бодит эхлэлтэй,Эцсийн,https://www.parliament.mn/nn/74360/,,Эмнэлгийн чөлөө,4,тоо
2025-03-28,Хаврын ээлжит чуулган,,10:00,Зөвхөн бодит эхлэлтэй,Эцсийн,https://www.parliament.mn/nn/74360/,,Орон нутгийн томилолт,4,тоо
2025-03-28,Хаврын ээлжит чуулган,,10:00,Зөвхөн бодит эхлэлтэй,Эцсийн,https://www.parliament.mn/nn/74360/,,Гадаад томилолт,11,тоо
2025-03-28,Хаврын ээлжит чуулган,,10:00,Зөвхөн бодит эхлэлтэй,Эцсийн,https://www.parliament.mn/nn/74360/,,Тайлбаргүй тасалсан,2,тоо
2025-03-28,Хаврын ээлжит чуулган,,10:00,Зөвхөн бодит эхлэлтэй,Эцсийн,https://www.parliament.mn/nn/74360/,,Биеэр оролцсон,104,тоо
2025-03-28,Хаврын ээлжит чуулган,,10:00,Зөвхөн бодит эхлэлтэй,Эцсийн,https://www.parliament.mn/nn/74360/,,Биеэр оролцсон хувь,82.5,хувь
2025-03-28,Хаврын ээлжит чуулган,,10:00,Зөвхөн бодит эхлэлтэй,Эцсийн,https://www.parliament.mn/nn/74360/,,Биеэр оролцсон үеийн албан ёсны цагтаа ирэлтийн хувь,70.2,хувь
2025-03-31,Хаврын ээлжит чуулган,,10:00,Зөвхөн бодит эхлэлтэй,Эцсийн,https://www.parliament.mn/nn/74372/,,Хэлэлцэх асуудал,1,тоо
2025-03-31,Хаврын ээлжит чуулган,,10:00,Зөвхөн бодит эхлэлтэй,Эцсийн,https://www.parliament.mn/nn/74372/,,Хуралдаан эхэлсэн хоцролт,,минут
2025-03-31,Хаврын ээлжит чуулган,,10:00,Зөвхөн бодит эхлэлтэй,Эцсийн,https://www.parliament.mn/nn/74372/,,Албан ёсоор цагтаа ирсэн,78,тоо
2025-03-31,Хаврын ээлжит чуулган,,10:00,Зөвхөн бодит эхлэлтэй,Эцсийн,https://www.parliament.mn/nn/74372/,,Албан ёсоор хоцорсон,31,тоо
2025-03-31,Хаврын ээлжит чуулган,,10:00,Зөвхөн бодит эхлэлтэй,Эцсийн,https://www.parliament.mn/nn/74372/,,Чөлөөтэй,3,тоо
2025-03-31,Хаврын ээлжит чуулган,,10:00,Зөвхөн бодит эхлэлтэй,Эцсийн,https://www.parliament.mn/nn/74372/,,Эмнэлгийн чөлөө,4,тоо
2025-03-31,Хаврын ээлжит чуулган,,10:00,Зөвхөн бодит эхлэлтэй,Эцсийн,https://www.parliament.mn/nn/74372/,,Орон нутгийн томилолт,1,тоо
2025-03-31,Хаврын ээлжит чуулган,,10:00,Зөвхөн бодит эхлэлтэй,Эцсийн,https://www.parliament.mn/nn/74372/,,Гадаад томилолт,6,тоо
2025-03-31,Хаврын ээлжит чуулган,,10:00,Зөвхөн бодит эхлэлтэй,Эцсийн,https://www.parliament.mn/nn/74372/,,Тайлбаргүй тасалсан,3,тоо
2025-03-31,Хаврын ээлжит чуулган,,10:00,Зөвхөн бодит эхлэлтэй,Эцсийн,https://www.parliament.mn/nn/74372/,,Биеэр оролцсон,109,тоо
2025-03-31,Хаврын ээлжит чуулган,,10:00,Зөвхөн бодит эхлэлтэй,Эцсийн,https://www.parliament.mn/nn/74372/,,Биеэр оролцсон хувь,86.5,хувь
2025-03-31,Хаврын ээлжит чуулган,,10:00,Зөвхөн бодит эхлэлтэй,Эцсийн,https://www.parliament.mn/nn/74372/,,Биеэр оролцсон үеийн албан ёсны цагтаа ирэлтийн хувь,71.6,хувь
2025-04-03,Хаврын ээлжит чуулган,,10:00,Зөвхөн бодит эхлэлтэй,Эцсийн,https://www.parliament.mn/nn/74405/,,Хэлэлцэх асуудал,0,тоо
2025-04-03,Хаврын ээлжит чуулган,,10:00,Зөвхөн бодит эхлэлтэй,Эцсийн,https://www.parliament.mn/nn/74405/,,Хуралдаан эхэлсэн хоцролт,,минут
2025-04-03,Хаврын ээлжит чуулган,,10:00,Зөвхөн бодит эхлэлтэй,Эцсийн,https://www.parliament.mn/nn/74405/,,Албан ёсоор цагтаа ирсэн,81,тоо
2025-04-03,Хаврын ээлжит чуулган,,10:00,Зөвхөн бодит эхлэлтэй,Эцсийн,https://www.parliament.mn/nn/74405/,,Албан ёсоор хоцорсон,32,тоо
2025-04-03,Хаврын ээлжит чуулган,,10:00,Зөвхөн бодит эхлэлтэй,Эцсийн,https://www.parliament.mn/nn/74405/,,Чөлөөтэй,2,тоо
2025-04-03,Хаврын ээлжит чуулган,,10:00,Зөвхөн бодит эхлэлтэй,Эцсийн,https://www.parliament.mn/nn/74405/,,Эмнэлгийн чөлөө,2,тоо
2025-04-03,Хаврын ээлжит чуулган,,10:00,Зөвхөн бодит эхлэлтэй,Эцсийн,https://www.parliament.mn/nn/74405/,,Орон нутгийн томилолт,0,тоо
2025-04-03,Хаврын ээлжит чуулган,,10:00,Зөвхөн бодит эхлэлтэй,Эцсийн,https://www.parliament.mn/nn/74405/,,Гадаад томилолт,8,тоо
2025-04-03,Хаврын ээлжит чуулган,,10:00,Зөвхөн бодит эхлэлтэй,Эцсийн,https://www.parliament.mn/nn/74405/,,Тайлбаргүй тасалсан,1,тоо
2025-04-03,Хаврын ээлжит чуулган,,10:00,Зөвхөн бодит эхлэлтэй,Эцсийн,https://www.parliament.mn/nn/74405/,,Биеэр оролцсон,113,тоо
2025-04-03,Хаврын ээлжит чуулган,,10:00,Зөвхөн бодит эхлэлтэй,Эцсийн,https://www.parliament.mn/nn/74405/,,Биеэр оролцсон хувь,89.7,хувь
2025-04-03,Хаврын ээлжит чуулган,,10:00,Зөвхөн бодит эхлэлтэй,Эцсийн,https://www.parliament.mn/nn/74405/,,Биеэр оролцсон үеийн албан ёсны цагтаа ирэлтийн хувь,71.7,хувь
2025-04-04,Хаврын ээлжит чуулган,,10:00,Зөвхөн бодит эхлэлтэй,Эцсийн,https://www.parliament.mn/nn/74414/,,Хэлэлцэх асуудал,0,тоо
2025-04-04,Хаврын ээлжит чуулган,,10:00,Зөвхөн бодит эхлэлтэй,Эцсийн,https://www.parliament.mn/nn/74414/,,Хуралдаан эхэлсэн хоцролт,,минут
2025-04-04,Хаврын ээлжит чуулган,,10:00,Зөвхөн бодит эхлэлтэй,Эцсийн,https://www.parliament.mn/nn/74414/,,Албан ёсоор цагтаа ирсэн,78,тоо
2025-04-04,Хаврын ээлжит чуулган,,10:00,Зөвхөн бодит эхлэлтэй,Эцсийн,https://www.parliament.mn/nn/74414/,,Албан ёсоор хоцорсон,31,тоо
2025-04-04,Хаврын ээлжит чуулган,,10:00,Зөвхөн бодит эхлэлтэй,Эцсийн,https://www.parliament.mn/nn/74414/,,Чөлөөтэй,5,тоо
2025-04-04,Хаврын ээлжит чуулган,,10:00,Зөвхөн бодит эхлэлтэй,Эцсийн,https://www.parliament.mn/nn/74414/,,Эмнэлгийн чөлөө,2,тоо
2025-04-04,Хаврын ээлжит чуулган,,10:00,Зөвхөн бодит эхлэлтэй,Эцсийн,https://www.parliament.mn/nn/74414/,,Орон нутгийн томилолт,1,тоо
2025-04-04,Хаврын ээлжит чуулган,,10:00,Зөвхөн бодит эхлэлтэй,Эцсийн,https://www.parliament.mn/nn/74414/,,Гадаад томилолт,8,тоо
2025-04-04,Хаврын ээлжит чуулган,,10:00,Зөвхөн бодит эхлэлтэй,Эцсийн,https://www.parliament.mn/nn/74414/,,Тайлбаргүй тасалсан,1,тоо
2025-04-04,Хаврын ээлжит чуулган,,10:00,Зөвхөн бодит эхлэлтэй,Эцсийн,https://www.parliament.mn/nn/74414/,,Биеэр оролцсон,109,тоо
2025-04-04,Хаврын ээлжит чуулган,,10:00,Зөвхөн бодит эхлэлтэй,Эцсийн,https://www.parliament.mn/nn/74414/,,Биеэр оролцсон хувь,86.5,хувь
2025-04-04,Хаврын ээлжит чуулган,,10:00,Зөвхөн бодит эхлэлтэй,Эцсийн,https://www.parliament.mn/nn/74414/,,Биеэр оролцсон үеийн албан ёсны цагтаа ирэлтийн хувь,71.6,хувь
2025-04-10,Хаврын ээлжит чуулган,,10:00,Зөвхөн бодит эхлэлтэй,Эцсийн,https://www.parliament.mn/nn/74468/,,Хэлэлцэх асуудал,2,тоо
2025-04-10,Хаврын ээлжит чуулган,,10:00,Зөвхөн бодит эхлэлтэй,Эцсийн,https://www.parliament.mn/nn/74468/,,Хуралдаан эхэлсэн хоцролт,,минут
2025-04-10,Хаврын ээлжит чуулган,,10:00,Зөвхөн бодит эхлэлтэй,Эцсийн,https://www.parliament.mn/nn/74468/,,Албан ёсоор цагтаа ирсэн,69,тоо
2025-04-10,Хаврын ээлжит чуулган,,10:00,Зөвхөн бодит эхлэлтэй,Эцсийн,https://www.parliament.mn/nn/74468/,,Албан ёсоор хоцорсон,30,тоо
2025-04-10,Хаврын ээлжит чуулган,,10:00,Зөвхөн бодит эхлэлтэй,Эцсийн,https://www.parliament.mn/nn/74468/,,Чөлөөтэй,6,тоо
2025-04-10,Хаврын ээлжит чуулган,,10:00,Зөвхөн бодит эхлэлтэй,Эцсийн,https://www.parliament.mn/nn/74468/,,Эмнэлгийн чөлөө,5,тоо
2025-04-10,Хаврын ээлжит чуулган,,10:00,Зөвхөн бодит эхлэлтэй,Эцсийн,https://www.parliament.mn/nn/74468/,,Орон нутгийн томилолт,7,тоо
2025-04-10,Хаврын ээлжит чуулган,,10:00,Зөвхөн бодит эхлэлтэй,Эцсийн,https://www.parliament.mn/nn/74468/,,Гадаад томилолт,7,тоо
2025-04-10,Хаврын ээлжит чуулган,,10:00,Зөвхөн бодит эхлэлтэй,Эцсийн,https://www.parliament.mn/nn/74468/,,Тайлбаргүй тасалсан,2,тоо
2025-04-10,Хаврын ээлжит чуулган,,10:00,Зөвхөн бодит эхлэлтэй,Эцсийн,https://www.parliament.mn/nn/74468/,,Биеэр оролцсон,99,тоо
2025-04-10,Хаврын ээлжит чуулган,,10:00,Зөвхөн бодит эхлэлтэй,Эцсийн,https://www.parliament.mn/nn/74468/,,Биеэр оролцсон хувь,78.6,хувь
2025-04-10,Хаврын ээлжит чуулган,,10:00,Зөвхөн бодит эхлэлтэй,Эцсийн,https://www.parliament.mn/nn/74468/,,Биеэр оролцсон үеийн албан ёсны цагтаа ирэлтийн хувь,69.7,хувь
2025-04-11,Хаврын ээлжит чуулган,,10:00,Зөвхөн бодит эхлэлтэй,Эцсийн,https://www.parliament.mn/nn/74479/,,Хэлэлцэх асуудал,2,тоо
2025-04-11,Хаврын ээлжит чуулган,,10:00,Зөвхөн бодит эхлэлтэй,Эцсийн,https://www.parliament.mn/nn/74479/,,Хуралдаан эхэлсэн хоцролт,,минут
2025-04-11,Хаврын ээлжит чуулган,,10:00,Зөвхөн бодит эхлэлтэй,Эцсийн,https://www.parliament.mn/nn/74479/,,Албан ёсоор цагтаа ирсэн,66,тоо
2025-04-11,Хаврын ээлжит чуулган,,10:00,Зөвхөн бодит эхлэлтэй,Эцсийн,https://www.parliament.mn/nn/74479/,,Албан ёсоор хоцорсон,23,тоо
2025-04-11,Хаврын ээлжит чуулган,,10:00,Зөвхөн бодит эхлэлтэй,Эцсийн,https://www.parliament.mn/nn/74479/,,Чөлөөтэй,7,тоо
2025-04-11,Хаврын ээлжит чуулган,,10:00,Зөвхөн бодит эхлэлтэй,Эцсийн,https://www.parliament.mn/nn/74479/,,Эмнэлгийн чөлөө,8,тоо
2025-04-11,Хаврын ээлжит чуулган,,10:00,Зөвхөн бодит эхлэлтэй,Эцсийн,https://www.parliament.mn/nn/74479/,,Орон нутгийн томилолт,6,тоо
2025-04-11,Хаврын ээлжит чуулган,,10:00,Зөвхөн бодит эхлэлтэй,Эцсийн,https://www.parliament.mn/nn/74479/,,Гадаад томилолт,7,тоо
2025-04-11,Хаврын ээлжит чуулган,,10:00,Зөвхөн бодит эхлэлтэй,Эцсийн,https://www.parliament.mn/nn/74479/,,Тайлбаргүй тасалсан,9,тоо
2025-04-11,Хаврын ээлжит чуулган,,10:00,Зөвхөн бодит эхлэлтэй,Эцсийн,https://www.parliament.mn/nn/74479/,,Биеэр оролцсон,89,тоо
2025-04-11,Хаврын ээлжит чуулган,,10:00,Зөвхөн бодит эхлэлтэй,Эцсийн,https://www.parliament.mn/nn/74479/,,Биеэр оролцсон хувь,70.6,хувь
2025-04-11,Хаврын ээлжит чуулган,,10:00,Зөвхөн бодит эхлэлтэй,Эцсийн,https://www.parliament.mn/nn/74479/,,Биеэр оролцсон үеийн албан ёсны цагтаа ирэлтийн хувь,74.2,хувь
2025-04-17,Хаврын ээлжит чуулган,,10:00,Зөвхөн бодит эхлэлтэй,Эцсийн,https://www.parliament.mn/nn/74521/,,Хэлэлцэх асуудал,1,тоо
2025-04-17,Хаврын ээлжит чуулган,,10:00,Зөвхөн бодит эхлэлтэй,Эцсийн,https://www.parliament.mn/nn/74521/,,Хуралдаан эхэлсэн хоцролт,,минут
2025-04-17,Хаврын ээлжит чуулган,,10:00,Зөвхөн бодит эхлэлтэй,Эцсийн,https://www.parliament.mn/nn/74521/,,Албан ёсоор цагтаа ирсэн,83,тоо
2025-04-17,Хаврын ээлжит чуулган,,10:00,Зөвхөн бодит эхлэлтэй,Эцсийн,https://www.parliament.mn/nn/74521/,,Албан ёсоор хоцорсон,26,тоо
2025-04-17,Хаврын ээлжит чуулган,,10:00,Зөвхөн бодит эхлэлтэй,Эцсийн,https://www.parliament.mn/nn/74521/,,Чөлөөтэй,7,тоо
2025-04-17,Хаврын ээлжит чуулган,,10:00,Зөвхөн бодит эхлэлтэй,Эцсийн,https://www.parliament.mn/nn/74521/,,Эмнэлгийн чөлөө,4,тоо
2025-04-17,Хаврын ээлжит чуулган,,10:00,Зөвхөн бодит эхлэлтэй,Эцсийн,https://www.parliament.mn/nn/74521/,,Орон нутгийн томилолт,3,тоо
2025-04-17,Хаврын ээлжит чуулган,,10:00,Зөвхөн бодит эхлэлтэй,Эцсийн,https://www.parliament.mn/nn/74521/,,Гадаад томилолт,2,тоо
2025-04-17,Хаврын ээлжит чуулган,,10:00,Зөвхөн бодит эхлэлтэй,Эцсийн,https://www.parliament.mn/nn/74521/,,Тайлбаргүй тасалсан,1,тоо
2025-04-17,Хаврын ээлжит чуулган,,10:00,Зөвхөн бодит эхлэлтэй,Эцсийн,https://www.parliament.mn/nn/74521/,,Биеэр оролцсон,109,тоо
2025-04-17,Хаврын ээлжит чуулган,,10:00,Зөвхөн бодит эхлэлтэй,Эцсийн,https://www.parliament.mn/nn/74521/,,Биеэр оролцсон хувь,86.5,хувь
2025-04-17,Хаврын ээлжит чуулган,,10:00,Зөвхөн бодит эхлэлтэй,Эцсийн,https://www.parliament.mn/nn/74521/,,Биеэр оролцсон үеийн албан ёсны цагтаа ирэлтийн хувь,76.1,хувь
2025-04-18,Хаврын ээлжит чуулган,,10:00,Зөвхөн бодит эхлэлтэй,Эцсийн,https://www.parliament.mn/nn/74529/,,Хэлэлцэх асуудал,2,тоо
2025-04-18,Хаврын ээлжит чуулган,,10:00,Зөвхөн бодит эхлэлтэй,Эцсийн,https://www.parliament.mn/nn/74529/,,Хуралдаан эхэлсэн хоцролт,,минут
2025-04-18,Хаврын ээлжит чуулган,,10:00,Зөвхөн бодит эхлэлтэй,Эцсийн,https://www.parliament.mn/nn/74529/,,Албан ёсоор цагтаа ирсэн,81,тоо
2025-04-18,Хаврын ээлжит чуулган,,10:00,Зөвхөн бодит эхлэлтэй,Эцсийн,https://www.parliament.mn/nn/74529/,,Албан ёсоор хоцорсон,25,тоо
2025-04-18,Хаврын ээлжит чуулган,,10:00,Зөвхөн бодит эхлэлтэй,Эцсийн,https://www.parliament.mn/nn/74529/,,Чөлөөтэй,9,тоо
2025-04-18,Хаврын ээлжит чуулган,,10:00,Зөвхөн бодит эхлэлтэй,Эцсийн,https://www.parliament.mn/nn/74529/,,Эмнэлгийн чөлөө,5,тоо
2025-04-18,Хаврын ээлжит чуулган,,10:00,Зөвхөн бодит эхлэлтэй,Эцсийн,https://www.parliament.mn/nn/74529/,,Орон нутгийн томилолт,3,тоо
2025-04-18,Хаврын ээлжит чуулган,,10:00,Зөвхөн бодит эхлэлтэй,Эцсийн,https://www.parliament.mn/nn/74529/,,Гадаад томилолт,2,тоо
2025-04-18,Хаврын ээлжит чуулган,,10:00,Зөвхөн бодит эхлэлтэй,Эцсийн,https://www.parliament.mn/nn/74529/,,Тайлбаргүй тасалсан,1,тоо
2025-04-18,Хаврын ээлжит чуулган,,10:00,Зөвхөн бодит эхлэлтэй,Эцсийн,https://www.parliament.mn/nn/74529/,,Биеэр оролцсон,106,тоо
2025-04-18,Хаврын ээлжит чуулган,,10:00,Зөвхөн бодит эхлэлтэй,Эцсийн,https://www.parliament.mn/nn/74529/,,Биеэр оролцсон хувь,84.1,хувь
2025-04-18,Хаврын ээлжит чуулган,,10:00,Зөвхөн бодит эхлэлтэй,Эцсийн,https://www.parliament.mn/nn/74529/,,Биеэр оролцсон үеийн албан ёсны цагтаа ирэлтийн хувь,76.4,хувь
2025-04-24,Хаврын ээлжит чуулган,,10:00,Зөвхөн бодит эхлэлтэй,Эцсийн,https://www.parliament.mn/nn/74573/,,Хэлэлцэх асуудал,3,тоо
2025-04-24,Хаврын ээлжит чуулган,,10:00,Зөвхөн бодит эхлэлтэй,Эцсийн,https://www.parliament.mn/nn/74573/,,Хуралдаан эхэлсэн хоцролт,,минут
2025-04-24,Хаврын ээлжит чуулган,,10:00,Зөвхөн бодит эхлэлтэй,Эцсийн,https://www.parliament.mn/nn/74573/,,Албан ёсоор цагтаа ирсэн,83,тоо
2025-04-24,Хаврын ээлжит чуулган,,10:00,Зөвхөн бодит эхлэлтэй,Эцсийн,https://www.parliament.mn/nn/74573/,,Албан ёсоор хоцорсон,24,тоо
2025-04-24,Хаврын ээлжит чуулган,,10:00,Зөвхөн бодит эхлэлтэй,Эцсийн,https://www.parliament.mn/nn/74573/,,Чөлөөтэй,7,тоо
2025-04-24,Хаврын ээлжит чуулган,,10:00,Зөвхөн бодит эхлэлтэй,Эцсийн,https://www.parliament.mn/nn/74573/,,Эмнэлгийн чөлөө,1,тоо
2025-04-24,Хаврын ээлжит чуулган,,10:00,Зөвхөн бодит эхлэлтэй,Эцсийн,https://www.parliament.mn/nn/74573/,,Орон нутгийн томилолт,0,тоо
2025-04-24,Хаврын ээлжит чуулган,,10:00,Зөвхөн бодит эхлэлтэй,Эцсийн,https://www.parliament.mn/nn/74573/,,Гадаад томилолт,11,тоо
2025-04-24,Хаврын ээлжит чуулган,,10:00,Зөвхөн бодит эхлэлтэй,Эцсийн,https://www.parliament.mn/nn/74573/,,Тайлбаргүй тасалсан,0,тоо
2025-04-24,Хаврын ээлжит чуулган,,10:00,Зөвхөн бодит эхлэлтэй,Эцсийн,https://www.parliament.mn/nn/74573/,,Биеэр оролцсон,107,тоо
2025-04-24,Хаврын ээлжит чуулган,,10:00,Зөвхөн бодит эхлэлтэй,Эцсийн,https://www.parliament.mn/nn/74573/,,Биеэр оролцсон хувь,84.9,хувь
2025-04-24,Хаврын ээлжит чуулган,,10:00,Зөвхөн бодит эхлэлтэй,Эцсийн,https://www.parliament.mn/nn/74573/,,Биеэр оролцсон үеийн албан ёсны цагтаа ирэлтийн хувь,77.6,хувь
2025-04-25,Хаврын ээлжит чуулган,10:00,10:03,Бүрэн,Эцсийн,https://www.parliament.mn/nn/74606/,,Хэлэлцэх асуудал,2,тоо
2025-04-25,Хаврын ээлжит чуулган,10:00,10:03,Бүрэн,Эцсийн,https://www.parliament.mn/nn/74606/,,Хуралдаан эхэлсэн хоцролт,3,минут
2025-04-25,Хаврын ээлжит чуулган,10:00,10:03,Бүрэн,Эцсийн,https://www.parliament.mn/nn/74606/,,Албан ёсоор цагтаа ирсэн,93,тоо
2025-04-25,Хаврын ээлжит чуулган,10:00,10:03,Бүрэн,Эцсийн,https://www.parliament.mn/nn/74606/,,Албан ёсоор хоцорсон,14,тоо
2025-04-25,Хаврын ээлжит чуулган,10:00,10:03,Бүрэн,Эцсийн,https://www.parliament.mn/nn/74606/,,Чөлөөтэй,6,тоо
2025-04-25,Хаврын ээлжит чуулган,10:00,10:03,Бүрэн,Эцсийн,https://www.parliament.mn/nn/74606/,,Эмнэлгийн чөлөө,3,тоо
2025-04-25,Хаврын ээлжит чуулган,10:00,10:03,Бүрэн,Эцсийн,https://www.parliament.mn/nn/74606/,,Орон нутгийн томилолт,0,тоо
2025-04-25,Хаврын ээлжит чуулган,10:00,10:03,Бүрэн,Эцсийн,https://www.parliament.mn/nn/74606/,,Гадаад томилолт,7,тоо
2025-04-25,Хаврын ээлжит чуулган,10:00,10:03,Бүрэн,Эцсийн,https://www.parliament.mn/nn/74606/,,Тайлбаргүй тасалсан,3,тоо
2025-04-25,Хаврын ээлжит чуулган,10:00,10:03,Бүрэн,Эцсийн,https://www.parliament.mn/nn/74606/,,Биеэр оролцсон,107,тоо
2025-04-25,Хаврын ээлжит чуулган,10:00,10:03,Бүрэн,Эцсийн,https://www.parliament.mn/nn/74606/,,Биеэр оролцсон хувь,84.9,хувь
2025-04-25,Хаврын ээлжит чуулган,10:00,10:03,Бүрэн,Эцсийн,https://www.parliament.mn/nn/74606/,,Биеэр оролцсон үеийн албан ёсны цагтаа ирэлтийн хувь,86.9,хувь
2025-05-01,Хаврын ээлжит чуулган,,10:00,Зөвхөн бодит эхлэлтэй,Эцсийн,https://www.parliament.mn/nn/74668/,,Хэлэлцэх асуудал,3,тоо
2025-05-01,Хаврын ээлжит чуулган,,10:00,Зөвхөн бодит эхлэлтэй,Эцсийн,https://www.parliament.mn/nn/74668/,,Хуралдаан эхэлсэн хоцролт,,минут
2025-05-01,Хаврын ээлжит чуулган,,10:00,Зөвхөн бодит эхлэлтэй,Эцсийн,https://www.parliament.mn/nn/74668/,,Албан ёсоор цагтаа ирсэн,77,тоо
2025-05-01,Хаврын ээлжит чуулган,,10:00,Зөвхөн бодит эхлэлтэй,Эцсийн,https://www.parliament.mn/nn/74668/,,Албан ёсоор хоцорсон,23,тоо
2025-05-01,Хаврын ээлжит чуулган,,10:00,Зөвхөн бодит эхлэлтэй,Эцсийн,https://www.parliament.mn/nn/74668/,,Чөлөөтэй,4,тоо
2025-05-01,Хаврын ээлжит чуулган,,10:00,Зөвхөн бодит эхлэлтэй,Эцсийн,https://www.parliament.mn/nn/74668/,,Эмнэлгийн чөлөө,6,тоо
2025-05-01,Хаврын ээлжит чуулган,,10:00,Зөвхөн бодит эхлэлтэй,Эцсийн,https://www.parliament.mn/nn/74668/,,Орон нутгийн томилолт,2,тоо
2025-05-01,Хаврын ээлжит чуулган,,10:00,Зөвхөн бодит эхлэлтэй,Эцсийн,https://www.parliament.mn/nn/74668/,,Гадаад томилолт,8,тоо
2025-05-01,Хаврын ээлжит чуулган,,10:00,Зөвхөн бодит эхлэлтэй,Эцсийн,https://www.parliament.mn/nn/74668/,,Тайлбаргүй тасалсан,6,тоо
2025-05-01,Хаврын ээлжит чуулган,,10:00,Зөвхөн бодит эхлэлтэй,Эцсийн,https://www.parliament.mn/nn/74668/,,Биеэр оролцсон,100,тоо
2025-05-01,Хаврын ээлжит чуулган,,10:00,Зөвхөн бодит эхлэлтэй,Эцсийн,https://www.parliament.mn/nn/74668/,,Биеэр оролцсон хувь,79.4,хувь
2025-05-01,Хаврын ээлжит чуулган,,10:00,Зөвхөн бодит эхлэлтэй,Эцсийн,https://www.parliament.mn/nn/74668/,,Биеэр оролцсон үеийн албан ёсны цагтаа ирэлтийн хувь,77.0,хувь
2025-05-02,Хаврын ээлжит чуулган,,10:00,Зөвхөн бодит эхлэлтэй,Эцсийн,https://www.parliament.mn/nn/74688/,,Хэлэлцэх асуудал,2,тоо
2025-05-02,Хаврын ээлжит чуулган,,10:00,Зөвхөн бодит эхлэлтэй,Эцсийн,https://www.parliament.mn/nn/74688/,,Хуралдаан эхэлсэн хоцролт,,минут
2025-05-02,Хаврын ээлжит чуулган,,10:00,Зөвхөн бодит эхлэлтэй,Эцсийн,https://www.parliament.mn/nn/74688/,,Албан ёсоор цагтаа ирсэн,77,тоо
2025-05-02,Хаврын ээлжит чуулган,,10:00,Зөвхөн бодит эхлэлтэй,Эцсийн,https://www.parliament.mn/nn/74688/,,Албан ёсоор хоцорсон,18,тоо
2025-05-02,Хаврын ээлжит чуулган,,10:00,Зөвхөн бодит эхлэлтэй,Эцсийн,https://www.parliament.mn/nn/74688/,,Чөлөөтэй,4,тоо
2025-05-02,Хаврын ээлжит чуулган,,10:00,Зөвхөн бодит эхлэлтэй,Эцсийн,https://www.parliament.mn/nn/74688/,,Эмнэлгийн чөлөө,6,тоо
2025-05-02,Хаврын ээлжит чуулган,,10:00,Зөвхөн бодит эхлэлтэй,Эцсийн,https://www.parliament.mn/nn/74688/,,Орон нутгийн томилолт,4,тоо
2025-05-02,Хаврын ээлжит чуулган,,10:00,Зөвхөн бодит эхлэлтэй,Эцсийн,https://www.parliament.mn/nn/74688/,,Гадаад томилолт,5,тоо
2025-05-02,Хаврын ээлжит чуулган,,10:00,Зөвхөн бодит эхлэлтэй,Эцсийн,https://www.parliament.mn/nn/74688/,,Тайлбаргүй тасалсан,12,тоо
2025-05-02,Хаврын ээлжит чуулган,,10:00,Зөвхөн бодит эхлэлтэй,Эцсийн,https://www.parliament.mn/nn/74688/,,Биеэр оролцсон,95,тоо
2025-05-02,Хаврын ээлжит чуулган,,10:00,Зөвхөн бодит эхлэлтэй,Эцсийн,https://www.parliament.mn/nn/74688/,,Биеэр оролцсон хувь,75.4,хувь
2025-05-02,Хаврын ээлжит чуулган,,10:00,Зөвхөн бодит эхлэлтэй,Эцсийн,https://www.parliament.mn/nn/74688/,,Биеэр оролцсон үеийн албан ёсны цагтаа ирэлтийн хувь,81.1,хувь
2025-05-08,Хаврын ээлжит чуулган,,10:00,Зөвхөн бодит эхлэлтэй,Эцсийн,https://www.parliament.mn/nn/74750/,,Хэлэлцэх асуудал,2,тоо
2025-05-08,Хаврын ээлжит чуулган,,10:00,Зөвхөн бодит эхлэлтэй,Эцсийн,https://www.parliament.mn/nn/74750/,,Хуралдаан эхэлсэн хоцролт,,минут
2025-05-08,Хаврын ээлжит чуулган,,10:00,Зөвхөн бодит эхлэлтэй,Эцсийн,https://www.parliament.mn/nn/74750/,,Албан ёсоор цагтаа ирсэн,69,тоо
2025-05-08,Хаврын ээлжит чуулган,,10:00,Зөвхөн бодит эхлэлтэй,Эцсийн,https://www.parliament.mn/nn/74750/,,Албан ёсоор хоцорсон,27,тоо
2025-05-08,Хаврын ээлжит чуулган,,10:00,Зөвхөн бодит эхлэлтэй,Эцсийн,https://www.parliament.mn/nn/74750/,,Чөлөөтэй,2,тоо
2025-05-08,Хаврын ээлжит чуулган,,10:00,Зөвхөн бодит эхлэлтэй,Эцсийн,https://www.parliament.mn/nn/74750/,,Эмнэлгийн чөлөө,4,тоо
2025-05-08,Хаврын ээлжит чуулган,,10:00,Зөвхөн бодит эхлэлтэй,Эцсийн,https://www.parliament.mn/nn/74750/,,Орон нутгийн томилолт,1,тоо
2025-05-08,Хаврын ээлжит чуулган,,10:00,Зөвхөн бодит эхлэлтэй,Эцсийн,https://www.parliament.mn/nn/74750/,,Гадаад томилолт,18,тоо
2025-05-08,Хаврын ээлжит чуулган,,10:00,Зөвхөн бодит эхлэлтэй,Эцсийн,https://www.parliament.mn/nn/74750/,,Тайлбаргүй тасалсан,5,тоо
2025-05-08,Хаврын ээлжит чуулган,,10:00,Зөвхөн бодит эхлэлтэй,Эцсийн,https://www.parliament.mn/nn/74750/,,Биеэр оролцсон,96,тоо
2025-05-08,Хаврын ээлжит чуулган,,10:00,Зөвхөн бодит эхлэлтэй,Эцсийн,https://www.parliament.mn/nn/74750/,,Биеэр оролцсон хувь,76.2,хувь
2025-05-08,Хаврын ээлжит чуулган,,10:00,Зөвхөн бодит эхлэлтэй,Эцсийн,https://www.parliament.mn/nn/74750/,,Биеэр оролцсон үеийн албан ёсны цагтаа ирэлтийн хувь,71.9,хувь
2025-05-09,Хаврын ээлжит чуулган,10:00,10:01,Бүрэн,Эцсийн,https://www.parliament.mn/nn/74754/,,Хэлэлцэх асуудал,2,тоо
2025-05-09,Хаврын ээлжит чуулган,10:00,10:01,Бүрэн,Эцсийн,https://www.parliament.mn/nn/74754/,,Хуралдаан эхэлсэн хоцролт,1,минут
2025-05-09,Хаврын ээлжит чуулган,10:00,10:01,Бүрэн,Эцсийн,https://www.parliament.mn/nn/74754/,,Албан ёсоор цагтаа ирсэн,77,тоо
2025-05-09,Хаврын ээлжит чуулган,10:00,10:01,Бүрэн,Эцсийн,https://www.parliament.mn/nn/74754/,,Албан ёсоор хоцорсон,20,тоо
2025-05-09,Хаврын ээлжит чуулган,10:00,10:01,Бүрэн,Эцсийн,https://www.parliament.mn/nn/74754/,,Чөлөөтэй,1,тоо
2025-05-09,Хаврын ээлжит чуулган,10:00,10:01,Бүрэн,Эцсийн,https://www.parliament.mn/nn/74754/,,Эмнэлгийн чөлөө,4,тоо
2025-05-09,Хаврын ээлжит чуулган,10:00,10:01,Бүрэн,Эцсийн,https://www.parliament.mn/nn/74754/,,Орон нутгийн томилолт,2,тоо
2025-05-09,Хаврын ээлжит чуулган,10:00,10:01,Бүрэн,Эцсийн,https://www.parliament.mn/nn/74754/,,Гадаад томилолт,18,тоо
2025-05-09,Хаврын ээлжит чуулган,10:00,10:01,Бүрэн,Эцсийн,https://www.parliament.mn/nn/74754/,,Тайлбаргүй тасалсан,4,тоо
2025-05-09,Хаврын ээлжит чуулган,10:00,10:01,Бүрэн,Эцсийн,https://www.parliament.mn/nn/74754/,,Биеэр оролцсон,97,тоо
2025-05-09,Хаврын ээлжит чуулган,10:00,10:01,Бүрэн,Эцсийн,https://www.parliament.mn/nn/74754/,,Биеэр оролцсон хувь,77.0,хувь
2025-05-09,Хаврын ээлжит чуулган,10:00,10:01,Бүрэн,Эцсийн,https://www.parliament.mn/nn/74754/,,Биеэр оролцсон үеийн албан ёсны цагтаа ирэлтийн хувь,79.4,хувь
2025-05-15,Хаврын ээлжит чуулган,10:00,10:05,Бүрэн,Эцсийн,https://www.parliament.mn/nn/74797/,,Хэлэлцэх асуудал,2,тоо
2025-05-15,Хаврын ээлжит чуулган,10:00,10:05,Бүрэн,Эцсийн,https://www.parliament.mn/nn/74797/,,Хуралдаан эхэлсэн хоцролт,5,минут
2025-05-15,Хаврын ээлжит чуулган,10:00,10:05,Бүрэн,Эцсийн,https://www.parliament.mn/nn/74797/,,Албан ёсоор цагтаа ирсэн,68,тоо
2025-05-15,Хаврын ээлжит чуулган,10:00,10:05,Бүрэн,Эцсийн,https://www.parliament.mn/nn/74797/,,Албан ёсоор хоцорсон,18,тоо
2025-05-15,Хаврын ээлжит чуулган,10:00,10:05,Бүрэн,Эцсийн,https://www.parliament.mn/nn/74797/,,Чөлөөтэй,1,тоо
2025-05-15,Хаврын ээлжит чуулган,10:00,10:05,Бүрэн,Эцсийн,https://www.parliament.mn/nn/74797/,,Эмнэлгийн чөлөө,1,тоо
2025-05-15,Хаврын ээлжит чуулган,10:00,10:05,Бүрэн,Эцсийн,https://www.parliament.mn/nn/74797/,,Орон нутгийн томилолт,9,тоо
2025-05-15,Хаврын ээлжит чуулган,10:00,10:05,Бүрэн,Эцсийн,https://www.parliament.mn/nn/74797/,,Гадаад томилолт,26,тоо
2025-05-15,Хаврын ээлжит чуулган,10:00,10:05,Бүрэн,Эцсийн,https://www.parliament.mn/nn/74797/,,Тайлбаргүй тасалсан,3,тоо
2025-05-15,Хаврын ээлжит чуулган,10:00,10:05,Бүрэн,Эцсийн,https://www.parliament.mn/nn/74797/,,Биеэр оролцсон,86,тоо
2025-05-15,Хаврын ээлжит чуулган,10:00,10:05,Бүрэн,Эцсийн,https://www.parliament.mn/nn/74797/,,Биеэр оролцсон хувь,68.3,хувь
2025-05-15,Хаврын ээлжит чуулган,10:00,10:05,Бүрэн,Эцсийн,https://www.parliament.mn/nn/74797/,,Биеэр оролцсон үеийн албан ёсны цагтаа ирэлтийн хувь,79.1,хувь
2025-05-16,Хаврын ээлжит чуулган,,10:00,Зөвхөн бодит эхлэлтэй,Эцсийн,https://www.parliament.mn/nn/74804/,,Хэлэлцэх асуудал,3,тоо
2025-05-16,Хаврын ээлжит чуулган,,10:00,Зөвхөн бодит эхлэлтэй,Эцсийн,https://www.parliament.mn/nn/74804/,,Хуралдаан эхэлсэн хоцролт,,минут
2025-05-16,Хаврын ээлжит чуулган,,10:00,Зөвхөн бодит эхлэлтэй,Эцсийн,https://www.parliament.mn/nn/74804/,,Албан ёсоор цагтаа ирсэн,66,тоо
2025-05-16,Хаврын ээлжит чуулган,,10:00,Зөвхөн бодит эхлэлтэй,Эцсийн,https://www.parliament.mn/nn/74804/,,Албан ёсоор хоцорсон,26,тоо
2025-05-16,Хаврын ээлжит чуулган,,10:00,Зөвхөн бодит эхлэлтэй,Эцсийн,https://www.parliament.mn/nn/74804/,,Чөлөөтэй,2,тоо
2025-05-16,Хаврын ээлжит чуулган,,10:00,Зөвхөн бодит эхлэлтэй,Эцсийн,https://www.parliament.mn/nn/74804/,,Эмнэлгийн чөлөө,4,тоо
2025-05-16,Хаврын ээлжит чуулган,,10:00,Зөвхөн бодит эхлэлтэй,Эцсийн,https://www.parliament.mn/nn/74804/,,Орон нутгийн томилолт,4,тоо
2025-05-16,Хаврын ээлжит чуулган,,10:00,Зөвхөн бодит эхлэлтэй,Эцсийн,https://www.parliament.mn/nn/74804/,,Гадаад томилолт,24,тоо
2025-05-16,Хаврын ээлжит чуулган,,10:00,Зөвхөн бодит эхлэлтэй,Эцсийн,https://www.parliament.mn/nn/74804/,,Тайлбаргүй тасалсан,0,тоо
2025-05-16,Хаврын ээлжит чуулган,,10:00,Зөвхөн бодит эхлэлтэй,Эцсийн,https://www.parliament.mn/nn/74804/,,Биеэр оролцсон,92,тоо
2025-05-16,Хаврын ээлжит чуулган,,10:00,Зөвхөн бодит эхлэлтэй,Эцсийн,https://www.parliament.mn/nn/74804/,,Биеэр оролцсон хувь,73.0,хувь
2025-05-16,Хаврын ээлжит чуулган,,10:00,Зөвхөн бодит эхлэлтэй,Эцсийн,https://www.parliament.mn/nn/74804/,,Биеэр оролцсон үеийн албан ёсны цагтаа ирэлтийн хувь,71.7,хувь
2025-05-22,Хаврын ээлжит чуулган,10:00,10:25,Бүрэн,Эцсийн,https://www.parliament.mn/nn/74848/,,Хэлэлцэх асуудал,3,тоо
2025-05-22,Хаврын ээлжит чуулган,10:00,10:25,Бүрэн,Эцсийн,https://www.parliament.mn/nn/74848/,,Хуралдаан эхэлсэн хоцролт,25,минут
2025-05-22,Хаврын ээлжит чуулган,10:00,10:25,Бүрэн,Эцсийн,https://www.parliament.mn/nn/74848/,,Албан ёсоор цагтаа ирсэн,68,тоо
2025-05-22,Хаврын ээлжит чуулган,10:00,10:25,Бүрэн,Эцсийн,https://www.parliament.mn/nn/74848/,,Албан ёсоор хоцорсон,24,тоо
2025-05-22,Хаврын ээлжит чуулган,10:00,10:25,Бүрэн,Эцсийн,https://www.parliament.mn/nn/74848/,,Чөлөөтэй,6,тоо
2025-05-22,Хаврын ээлжит чуулган,10:00,10:25,Бүрэн,Эцсийн,https://www.parliament.mn/nn/74848/,,Эмнэлгийн чөлөө,3,тоо
2025-05-22,Хаврын ээлжит чуулган,10:00,10:25,Бүрэн,Эцсийн,https://www.parliament.mn/nn/74848/,,Орон нутгийн томилолт,2,тоо
2025-05-22,Хаврын ээлжит чуулган,10:00,10:25,Бүрэн,Эцсийн,https://www.parliament.mn/nn/74848/,,Гадаад томилолт,9,тоо
2025-05-22,Хаврын ээлжит чуулган,10:00,10:25,Бүрэн,Эцсийн,https://www.parliament.mn/nn/74848/,,Тайлбаргүй тасалсан,14,тоо
2025-05-22,Хаврын ээлжит чуулган,10:00,10:25,Бүрэн,Эцсийн,https://www.parliament.mn/nn/74848/,,Биеэр оролцсон,92,тоо
2025-05-22,Хаврын ээлжит чуулган,10:00,10:25,Бүрэн,Эцсийн,https://www.parliament.mn/nn/74848/,,Биеэр оролцсон хувь,73.0,хувь
2025-05-22,Хаврын ээлжит чуулган,10:00,10:25,Бүрэн,Эцсийн,https://www.parliament.mn/nn/74848/,,Биеэр оролцсон үеийн албан ёсны цагтаа ирэлтийн хувь,73.9,хувь
2025-05-23,Хаврын ээлжит чуулган,,14:00,Зөвхөн бодит эхлэлтэй,Эцсийн,https://www.parliament.mn/nn/74860/,,Хэлэлцэх асуудал,2,тоо
2025-05-23,Хаврын ээлжит чуулган,,14:00,Зөвхөн бодит эхлэлтэй,Эцсийн,https://www.parliament.mn/nn/74860/,,Хуралдаан эхэлсэн хоцролт,,минут
2025-05-23,Хаврын ээлжит чуулган,,14:00,Зөвхөн бодит эхлэлтэй,Эцсийн,https://www.parliament.mn/nn/74860/,,Албан ёсоор цагтаа ирсэн,65,тоо
2025-05-23,Хаврын ээлжит чуулган,,14:00,Зөвхөн бодит эхлэлтэй,Эцсийн,https://www.parliament.mn/nn/74860/,,Албан ёсоор хоцорсон,32,тоо
2025-05-23,Хаврын ээлжит чуулган,,14:00,Зөвхөн бодит эхлэлтэй,Эцсийн,https://www.parliament.mn/nn/74860/,,Чөлөөтэй,5,тоо
2025-05-23,Хаврын ээлжит чуулган,,14:00,Зөвхөн бодит эхлэлтэй,Эцсийн,https://www.parliament.mn/nn/74860/,,Эмнэлгийн чөлөө,3,тоо
2025-05-23,Хаврын ээлжит чуулган,,14:00,Зөвхөн бодит эхлэлтэй,Эцсийн,https://www.parliament.mn/nn/74860/,,Орон нутгийн томилолт,5,тоо
2025-05-23,Хаврын ээлжит чуулган,,14:00,Зөвхөн бодит эхлэлтэй,Эцсийн,https://www.parliament.mn/nn/74860/,,Гадаад томилолт,6,тоо
2025-05-23,Хаврын ээлжит чуулган,,14:00,Зөвхөн бодит эхлэлтэй,Эцсийн,https://www.parliament.mn/nn/74860/,,Тайлбаргүй тасалсан,10,тоо
2025-05-23,Хаврын ээлжит чуулган,,14:00,Зөвхөн бодит эхлэлтэй,Эцсийн,https://www.parliament.mn/nn/74860/,,Биеэр оролцсон,97,тоо
2025-05-23,Хаврын ээлжит чуулган,,14:00,Зөвхөн бодит эхлэлтэй,Эцсийн,https://www.parliament.mn/nn/74860/,,Биеэр оролцсон хувь,77.0,хувь
2025-05-23,Хаврын ээлжит чуулган,,14:00,Зөвхөн бодит эхлэлтэй,Эцсийн,https://www.parliament.mn/nn/74860/,,Биеэр оролцсон үеийн албан ёсны цагтаа ирэлтийн хувь,67.0,хувь
2025-05-26,Хаврын ээлжит чуулган,11:00,11:20,Бүрэн,Эцсийн,https://www.parliament.mn/nn/74871/,,Хэлэлцэх асуудал,1,тоо
2025-05-26,Хаврын ээлжит чуулган,11:00,11:20,Бүрэн,Эцсийн,https://www.parliament.mn/nn/74871/,,Хуралдаан эхэлсэн хоцролт,20,минут
2025-05-26,Хаврын ээлжит чуулган,11:00,11:20,Бүрэн,Эцсийн,https://www.parliament.mn/nn/74871/,,Албан ёсоор цагтаа ирсэн,100,тоо
2025-05-26,Хаврын ээлжит чуулган,11:00,11:20,Бүрэн,Эцсийн,https://www.parliament.mn/nn/74871/,,Албан ёсоор хоцорсон,13,тоо
2025-05-26,Хаврын ээлжит чуулган,11:00,11:20,Бүрэн,Эцсийн,https://www.parliament.mn/nn/74871/,,Чөлөөтэй,3,тоо
2025-05-26,Хаврын ээлжит чуулган,11:00,11:20,Бүрэн,Эцсийн,https://www.parliament.mn/nn/74871/,,Эмнэлгийн чөлөө,2,тоо
2025-05-26,Хаврын ээлжит чуулган,11:00,11:20,Бүрэн,Эцсийн,https://www.parliament.mn/nn/74871/,,Орон нутгийн томилолт,0,тоо
2025-05-26,Хаврын ээлжит чуулган,11:00,11:20,Бүрэн,Эцсийн,https://www.parliament.mn/nn/74871/,,Гадаад томилолт,5,тоо
2025-05-26,Хаврын ээлжит чуулган,11:00,11:20,Бүрэн,Эцсийн,https://www.parliament.mn/nn/74871/,,Тайлбаргүй тасалсан,3,тоо
2025-05-26,Хаврын ээлжит чуулган,11:00,11:20,Бүрэн,Эцсийн,https://www.parliament.mn/nn/74871/,,Биеэр оролцсон,113,тоо
2025-05-26,Хаврын ээлжит чуулган,11:00,11:20,Бүрэн,Эцсийн,https://www.parliament.mn/nn/74871/,,Биеэр оролцсон хувь,89.7,хувь
2025-05-26,Хаврын ээлжит чуулган,11:00,11:20,Бүрэн,Эцсийн,https://www.parliament.mn/nn/74871/,,Биеэр оролцсон үеийн албан ёсны цагтаа ирэлтийн хувь,88.5,хувь
2025-05-29,Хаврын ээлжит чуулган,,10:00,Зөвхөн бодит эхлэлтэй,Эцсийн,https://www.parliament.mn/nn/74921/,,Хэлэлцэх асуудал,2,тоо
2025-05-29,Хаврын ээлжит чуулган,,10:00,Зөвхөн бодит эхлэлтэй,Эцсийн,https://www.parliament.mn/nn/74921/,,Хуралдаан эхэлсэн хоцролт,,минут
2025-05-29,Хаврын ээлжит чуулган,,10:00,Зөвхөн бодит эхлэлтэй,Эцсийн,https://www.parliament.mn/nn/74921/,,Албан ёсоор цагтаа ирсэн,71,тоо
2025-05-29,Хаврын ээлжит чуулган,,10:00,Зөвхөн бодит эхлэлтэй,Эцсийн,https://www.parliament.mn/nn/74921/,,Албан ёсоор хоцорсон,37,тоо
2025-05-29,Хаврын ээлжит чуулган,,10:00,Зөвхөн бодит эхлэлтэй,Эцсийн,https://www.parliament.mn/nn/74921/,,Чөлөөтэй,5,тоо
2025-05-29,Хаврын ээлжит чуулган,,10:00,Зөвхөн бодит эхлэлтэй,Эцсийн,https://www.parliament.mn/nn/74921/,,Эмнэлгийн чөлөө,3,тоо
2025-05-29,Хаврын ээлжит чуулган,,10:00,Зөвхөн бодит эхлэлтэй,Эцсийн,https://www.parliament.mn/nn/74921/,,Орон нутгийн томилолт,1,тоо
2025-05-29,Хаврын ээлжит чуулган,,10:00,Зөвхөн бодит эхлэлтэй,Эцсийн,https://www.parliament.mn/nn/74921/,,Гадаад томилолт,3,тоо
2025-05-29,Хаврын ээлжит чуулган,,10:00,Зөвхөн бодит эхлэлтэй,Эцсийн,https://www.parliament.mn/nn/74921/,,Тайлбаргүй тасалсан,6,тоо
2025-05-29,Хаврын ээлжит чуулган,,10:00,Зөвхөн бодит эхлэлтэй,Эцсийн,https://www.parliament.mn/nn/74921/,,Биеэр оролцсон,108,тоо
2025-05-29,Хаврын ээлжит чуулган,,10:00,Зөвхөн бодит эхлэлтэй,Эцсийн,https://www.parliament.mn/nn/74921/,,Биеэр оролцсон хувь,85.7,хувь
2025-05-29,Хаврын ээлжит чуулган,,10:00,Зөвхөн бодит эхлэлтэй,Эцсийн,https://www.parliament.mn/nn/74921/,,Биеэр оролцсон үеийн албан ёсны цагтаа ирэлтийн хувь,65.7,хувь
2025-05-30,Хаврын ээлжит чуулган,10:00,10:01,Бүрэн,Эцсийн,https://www.parliament.mn/nn/74936/,,Хэлэлцэх асуудал,1,тоо
2025-05-30,Хаврын ээлжит чуулган,10:00,10:01,Бүрэн,Эцсийн,https://www.parliament.mn/nn/74936/,,Хуралдаан эхэлсэн хоцролт,1,минут
2025-05-30,Хаврын ээлжит чуулган,10:00,10:01,Бүрэн,Эцсийн,https://www.parliament.mn/nn/74936/,,Албан ёсоор цагтаа ирсэн,69,тоо
2025-05-30,Хаврын ээлжит чуулган,10:00,10:01,Бүрэн,Эцсийн,https://www.parliament.mn/nn/74936/,,Албан ёсоор хоцорсон,35,тоо
2025-05-30,Хаврын ээлжит чуулган,10:00,10:01,Бүрэн,Эцсийн,https://www.parliament.mn/nn/74936/,,Чөлөөтэй,3,тоо
2025-05-30,Хаврын ээлжит чуулган,10:00,10:01,Бүрэн,Эцсийн,https://www.parliament.mn/nn/74936/,,Эмнэлгийн чөлөө,8,тоо
2025-05-30,Хаврын ээлжит чуулган,10:00,10:01,Бүрэн,Эцсийн,https://www.parliament.mn/nn/74936/,,Орон нутгийн томилолт,2,тоо
2025-05-30,Хаврын ээлжит чуулган,10:00,10:01,Бүрэн,Эцсийн,https://www.parliament.mn/nn/74936/,,Гадаад томилолт,3,тоо
2025-05-30,Хаврын ээлжит чуулган,10:00,10:01,Бүрэн,Эцсийн,https://www.parliament.mn/nn/74936/,,Тайлбаргүй тасалсан,6,тоо
2025-05-30,Хаврын ээлжит чуулган,10:00,10:01,Бүрэн,Эцсийн,https://www.parliament.mn/nn/74936/,,Биеэр оролцсон,104,тоо
2025-05-30,Хаврын ээлжит чуулган,10:00,10:01,Бүрэн,Эцсийн,https://www.parliament.mn/nn/74936/,,Биеэр оролцсон хувь,82.5,хувь
2025-05-30,Хаврын ээлжит чуулган,10:00,10:01,Бүрэн,Эцсийн,https://www.parliament.mn/nn/74936/,,Биеэр оролцсон үеийн албан ёсны цагтаа ирэлтийн хувь,66.3,хувь
2025-06-02,Хаврын ээлжит чуулган,14:00,17:44,Бүрэн,Эцсийн,https://www.parliament.mn/nn/74954/,,Хэлэлцэх асуудал,1,тоо
2025-06-02,Хаврын ээлжит чуулган,14:00,17:44,Бүрэн,Эцсийн,https://www.parliament.mn/nn/74954/,,Хуралдаан эхэлсэн хоцролт,224,минут
2025-06-02,Хаврын ээлжит чуулган,14:00,17:44,Бүрэн,Эцсийн,https://www.parliament.mn/nn/74954/,,Албан ёсоор цагтаа ирсэн,105,тоо
2025-06-02,Хаврын ээлжит чуулган,14:00,17:44,Бүрэн,Эцсийн,https://www.parliament.mn/nn/74954/,,Албан ёсоор хоцорсон,15,тоо
2025-06-02,Хаврын ээлжит чуулган,14:00,17:44,Бүрэн,Эцсийн,https://www.parliament.mn/nn/74954/,,Чөлөөтэй,0,тоо
2025-06-02,Хаврын ээлжит чуулган,14:00,17:44,Бүрэн,Эцсийн,https://www.parliament.mn/nn/74954/,,Эмнэлгийн чөлөө,3,тоо
2025-06-02,Хаврын ээлжит чуулган,14:00,17:44,Бүрэн,Эцсийн,https://www.parliament.mn/nn/74954/,,Орон нутгийн томилолт,0,тоо
2025-06-02,Хаврын ээлжит чуулган,14:00,17:44,Бүрэн,Эцсийн,https://www.parliament.mn/nn/74954/,,Гадаад томилолт,2,тоо
2025-06-02,Хаврын ээлжит чуулган,14:00,17:44,Бүрэн,Эцсийн,https://www.parliament.mn/nn/74954/,,Тайлбаргүй тасалсан,1,тоо
2025-06-02,Хаврын ээлжит чуулган,14:00,17:44,Бүрэн,Эцсийн,https://www.parliament.mn/nn/74954/,,Биеэр оролцсон,120,тоо
2025-06-02,Хаврын ээлжит чуулган,14:00,17:44,Бүрэн,Эцсийн,https://www.parliament.mn/nn/74954/,,Биеэр оролцсон хувь,95.2,хувь
2025-06-02,Хаврын ээлжит чуулган,14:00,17:44,Бүрэн,Эцсийн,https://www.parliament.mn/nn/74954/,,Биеэр оролцсон үеийн албан ёсны цагтаа ирэлтийн хувь,87.5,хувь
2025-06-05,Хаврын ээлжит чуулган,,10:00,Зөвхөн бодит эхлэлтэй,Эцсийн,https://www.parliament.mn/nn/74977/,,Хэлэлцэх асуудал,2,тоо
2025-06-05,Хаврын ээлжит чуулган,,10:00,Зөвхөн бодит эхлэлтэй,Эцсийн,https://www.parliament.mn/nn/74977/,,Хуралдаан эхэлсэн хоцролт,,минут
2025-06-05,Хаврын ээлжит чуулган,,10:00,Зөвхөн бодит эхлэлтэй,Эцсийн,https://www.parliament.mn/nn/74977/,,Албан ёсоор цагтаа ирсэн,70,тоо
2025-06-05,Хаврын ээлжит чуулган,,10:00,Зөвхөн бодит эхлэлтэй,Эцсийн,https://www.parliament.mn/nn/74977/,,Албан ёсоор хоцорсон,25,тоо
2025-06-05,Хаврын ээлжит чуулган,,10:00,Зөвхөн бодит эхлэлтэй,Эцсийн,https://www.parliament.mn/nn/74977/,,Чөлөөтэй,1,тоо
2025-06-05,Хаврын ээлжит чуулган,,10:00,Зөвхөн бодит эхлэлтэй,Эцсийн,https://www.parliament.mn/nn/74977/,,Эмнэлгийн чөлөө,3,тоо
2025-06-05,Хаврын ээлжит чуулган,,10:00,Зөвхөн бодит эхлэлтэй,Эцсийн,https://www.parliament.mn/nn/74977/,,Орон нутгийн томилолт,1,тоо
2025-06-05,Хаврын ээлжит чуулган,,10:00,Зөвхөн бодит эхлэлтэй,Эцсийн,https://www.parliament.mn/nn/74977/,,Гадаад томилолт,2,тоо
2025-06-05,Хаврын ээлжит чуулган,,10:00,Зөвхөн бодит эхлэлтэй,Эцсийн,https://www.parliament.mn/nn/74977/,,Тайлбаргүй тасалсан,24,тоо
2025-06-05,Хаврын ээлжит чуулган,,10:00,Зөвхөн бодит эхлэлтэй,Эцсийн,https://www.parliament.mn/nn/74977/,,Биеэр оролцсон,95,тоо
2025-06-05,Хаврын ээлжит чуулган,,10:00,Зөвхөн бодит эхлэлтэй,Эцсийн,https://www.parliament.mn/nn/74977/,,Биеэр оролцсон хувь,75.4,хувь
2025-06-05,Хаврын ээлжит чуулган,,10:00,Зөвхөн бодит эхлэлтэй,Эцсийн,https://www.parliament.mn/nn/74977/,,Биеэр оролцсон үеийн албан ёсны цагтаа ирэлтийн хувь,73.7,хувь
2025-06-12,Хаврын ээлжит чуулган,10:00,10:04,Бүрэн,Эцсийн,https://www.parliament.mn/nn/75018/,,Хэлэлцэх асуудал,2,тоо
2025-06-12,Хаврын ээлжит чуулган,10:00,10:04,Бүрэн,Эцсийн,https://www.parliament.mn/nn/75018/,,Хуралдаан эхэлсэн хоцролт,4,минут
2025-06-12,Хаврын ээлжит чуулган,10:00,10:04,Бүрэн,Эцсийн,https://www.parliament.mn/nn/75018/,,Албан ёсоор цагтаа ирсэн,67,тоо
2025-06-12,Хаврын ээлжит чуулган,10:00,10:04,Бүрэн,Эцсийн,https://www.parliament.mn/nn/75018/,,Албан ёсоор хоцорсон,52,тоо
2025-06-12,Хаврын ээлжит чуулган,10:00,10:04,Бүрэн,Эцсийн,https://www.parliament.mn/nn/75018/,,Чөлөөтэй,1,тоо
2025-06-12,Хаврын ээлжит чуулган,10:00,10:04,Бүрэн,Эцсийн,https://www.parliament.mn/nn/75018/,,Эмнэлгийн чөлөө,2,тоо
2025-06-12,Хаврын ээлжит чуулган,10:00,10:04,Бүрэн,Эцсийн,https://www.parliament.mn/nn/75018/,,Орон нутгийн томилолт,2,тоо
2025-06-12,Хаврын ээлжит чуулган,10:00,10:04,Бүрэн,Эцсийн,https://www.parliament.mn/nn/75018/,,Гадаад томилолт,1,тоо
2025-06-12,Хаврын ээлжит чуулган,10:00,10:04,Бүрэн,Эцсийн,https://www.parliament.mn/nn/75018/,,Тайлбаргүй тасалсан,1,тоо
2025-06-12,Хаврын ээлжит чуулган,10:00,10:04,Бүрэн,Эцсийн,https://www.parliament.mn/nn/75018/,,Биеэр оролцсон,119,тоо
2025-06-12,Хаврын ээлжит чуулган,10:00,10:04,Бүрэн,Эцсийн,https://www.parliament.mn/nn/75018/,,Биеэр оролцсон хувь,94.4,хувь
2025-06-12,Хаврын ээлжит чуулган,10:00,10:04,Бүрэн,Эцсийн,https://www.parliament.mn/nn/75018/,,Биеэр оролцсон үеийн албан ёсны цагтаа ирэлтийн хувь,56.3,хувь
2025-06-13,Хаврын ээлжит чуулган,10:00,10:11,Бүрэн,Эцсийн,https://www.parliament.mn/nn/75031/,,Хэлэлцэх асуудал,2,тоо
2025-06-13,Хаврын ээлжит чуулган,10:00,10:11,Бүрэн,Эцсийн,https://www.parliament.mn/nn/75031/,,Хуралдаан эхэлсэн хоцролт,11,минут
2025-06-13,Хаврын ээлжит чуулган,10:00,10:11,Бүрэн,Эцсийн,https://www.parliament.mn/nn/75031/,,Албан ёсоор цагтаа ирсэн,67,тоо
2025-06-13,Хаврын ээлжит чуулган,10:00,10:11,Бүрэн,Эцсийн,https://www.parliament.mn/nn/75031/,,Албан ёсоор хоцорсон,41,тоо
2025-06-13,Хаврын ээлжит чуулган,10:00,10:11,Бүрэн,Эцсийн,https://www.parliament.mn/nn/75031/,,Чөлөөтэй,5,тоо
2025-06-13,Хаврын ээлжит чуулган,10:00,10:11,Бүрэн,Эцсийн,https://www.parliament.mn/nn/75031/,,Эмнэлгийн чөлөө,4,тоо
2025-06-13,Хаврын ээлжит чуулган,10:00,10:11,Бүрэн,Эцсийн,https://www.parliament.mn/nn/75031/,,Орон нутгийн томилолт,2,тоо
2025-06-13,Хаврын ээлжит чуулган,10:00,10:11,Бүрэн,Эцсийн,https://www.parliament.mn/nn/75031/,,Гадаад томилолт,1,тоо
2025-06-13,Хаврын ээлжит чуулган,10:00,10:11,Бүрэн,Эцсийн,https://www.parliament.mn/nn/75031/,,Тайлбаргүй тасалсан,6,тоо
2025-06-13,Хаврын ээлжит чуулган,10:00,10:11,Бүрэн,Эцсийн,https://www.parliament.mn/nn/75031/,,Биеэр оролцсон,108,тоо
2025-06-13,Хаврын ээлжит чуулган,10:00,10:11,Бүрэн,Эцсийн,https://www.parliament.mn/nn/75031/,,Биеэр оролцсон хувь,85.7,хувь
2025-06-13,Хаврын ээлжит чуулган,10:00,10:11,Бүрэн,Эцсийн,https://www.parliament.mn/nn/75031/,,Биеэр оролцсон үеийн албан ёсны цагтаа ирэлтийн хувь,62.0,хувь
2025-06-17,Хаврын ээлжит чуулган,17:00,17:06,Бүрэн,Эцсийн,https://www.parliament.mn/nn/75066/,,Хэлэлцэх асуудал,0,тоо
2025-06-17,Хаврын ээлжит чуулган,17:00,17:06,Бүрэн,Эцсийн,https://www.parliament.mn/nn/75066/,,Хуралдаан эхэлсэн хоцролт,6,минут
2025-06-17,Хаврын ээлжит чуулган,17:00,17:06,Бүрэн,Эцсийн,https://www.parliament.mn/nn/75066/,,Албан ёсоор цагтаа ирсэн,65,тоо
2025-06-17,Хаврын ээлжит чуулган,17:00,17:06,Бүрэн,Эцсийн,https://www.parliament.mn/nn/75066/,,Албан ёсоор хоцорсон,36,тоо
2025-06-17,Хаврын ээлжит чуулган,17:00,17:06,Бүрэн,Эцсийн,https://www.parliament.mn/nn/75066/,,Чөлөөтэй,3,тоо
2025-06-17,Хаврын ээлжит чуулган,17:00,17:06,Бүрэн,Эцсийн,https://www.parliament.mn/nn/75066/,,Эмнэлгийн чөлөө,1,тоо
2025-06-17,Хаврын ээлжит чуулган,17:00,17:06,Бүрэн,Эцсийн,https://www.parliament.mn/nn/75066/,,Орон нутгийн томилолт,1,тоо
2025-06-17,Хаврын ээлжит чуулган,17:00,17:06,Бүрэн,Эцсийн,https://www.parliament.mn/nn/75066/,,Гадаад томилолт,4,тоо
2025-06-17,Хаврын ээлжит чуулган,17:00,17:06,Бүрэн,Эцсийн,https://www.parliament.mn/nn/75066/,,Тайлбаргүй тасалсан,16,тоо
2025-06-17,Хаврын ээлжит чуулган,17:00,17:06,Бүрэн,Эцсийн,https://www.parliament.mn/nn/75066/,,Биеэр оролцсон,101,тоо
2025-06-17,Хаврын ээлжит чуулган,17:00,17:06,Бүрэн,Эцсийн,https://www.parliament.mn/nn/75066/,,Биеэр оролцсон хувь,80.2,хувь
2025-06-17,Хаврын ээлжит чуулган,17:00,17:06,Бүрэн,Эцсийн,https://www.parliament.mn/nn/75066/,,Биеэр оролцсон үеийн албан ёсны цагтаа ирэлтийн хувь,64.4,хувь
2025-06-19,Хаврын ээлжит чуулган,,10:00,Зөвхөн бодит эхлэлтэй,Эцсийн,https://www.parliament.mn/nn/75083/,,Хэлэлцэх асуудал,3,тоо
2025-06-19,Хаврын ээлжит чуулган,,10:00,Зөвхөн бодит эхлэлтэй,Эцсийн,https://www.parliament.mn/nn/75083/,,Хуралдаан эхэлсэн хоцролт,,минут
2025-06-19,Хаврын ээлжит чуулган,,10:00,Зөвхөн бодит эхлэлтэй,Эцсийн,https://www.parliament.mn/nn/75083/,,Албан ёсоор цагтаа ирсэн,70,тоо
2025-06-19,Хаврын ээлжит чуулган,,10:00,Зөвхөн бодит эхлэлтэй,Эцсийн,https://www.parliament.mn/nn/75083/,,Албан ёсоор хоцорсон,36,тоо
2025-06-19,Хаврын ээлжит чуулган,,10:00,Зөвхөн бодит эхлэлтэй,Эцсийн,https://www.parliament.mn/nn/75083/,,Чөлөөтэй,4,тоо
2025-06-19,Хаврын ээлжит чуулган,,10:00,Зөвхөн бодит эхлэлтэй,Эцсийн,https://www.parliament.mn/nn/75083/,,Эмнэлгийн чөлөө,4,тоо
2025-06-19,Хаврын ээлжит чуулган,,10:00,Зөвхөн бодит эхлэлтэй,Эцсийн,https://www.parliament.mn/nn/75083/,,Орон нутгийн томилолт,3,тоо
2025-06-19,Хаврын ээлжит чуулган,,10:00,Зөвхөн бодит эхлэлтэй,Эцсийн,https://www.parliament.mn/nn/75083/,,Гадаад томилолт,6,тоо
2025-06-19,Хаврын ээлжит чуулган,,10:00,Зөвхөн бодит эхлэлтэй,Эцсийн,https://www.parliament.mn/nn/75083/,,Тайлбаргүй тасалсан,3,тоо
2025-06-19,Хаврын ээлжит чуулган,,10:00,Зөвхөн бодит эхлэлтэй,Эцсийн,https://www.parliament.mn/nn/75083/,,Биеэр оролцсон,106,тоо
2025-06-19,Хаврын ээлжит чуулган,,10:00,Зөвхөн бодит эхлэлтэй,Эцсийн,https://www.parliament.mn/nn/75083/,,Биеэр оролцсон хувь,84.1,хувь
2025-06-19,Хаврын ээлжит чуулган,,10:00,Зөвхөн бодит эхлэлтэй,Эцсийн,https://www.parliament.mn/nn/75083/,,Биеэр оролцсон үеийн албан ёсны цагтаа ирэлтийн хувь,66.0,хувь
2025-06-20,Хаврын ээлжит чуулган,10:00,10:10,Бүрэн,Эцсийн,https://www.parliament.mn/nn/75102/,,Хэлэлцэх асуудал,2,тоо
2025-06-20,Хаврын ээлжит чуулган,10:00,10:10,Бүрэн,Эцсийн,https://www.parliament.mn/nn/75102/,,Хуралдаан эхэлсэн хоцролт,10,минут
2025-06-20,Хаврын ээлжит чуулган,10:00,10:10,Бүрэн,Эцсийн,https://www.parliament.mn/nn/75102/,,Албан ёсоор цагтаа ирсэн,65,тоо
2025-06-20,Хаврын ээлжит чуулган,10:00,10:10,Бүрэн,Эцсийн,https://www.parliament.mn/nn/75102/,,Албан ёсоор хоцорсон,33,тоо
2025-06-20,Хаврын ээлжит чуулган,10:00,10:10,Бүрэн,Эцсийн,https://www.parliament.mn/nn/75102/,,Чөлөөтэй,6,тоо
2025-06-20,Хаврын ээлжит чуулган,10:00,10:10,Бүрэн,Эцсийн,https://www.parliament.mn/nn/75102/,,Эмнэлгийн чөлөө,6,тоо
2025-06-20,Хаврын ээлжит чуулган,10:00,10:10,Бүрэн,Эцсийн,https://www.parliament.mn/nn/75102/,,Орон нутгийн томилолт,8,тоо
2025-06-20,Хаврын ээлжит чуулган,10:00,10:10,Бүрэн,Эцсийн,https://www.parliament.mn/nn/75102/,,Гадаад томилолт,6,тоо
2025-06-20,Хаврын ээлжит чуулган,10:00,10:10,Бүрэн,Эцсийн,https://www.parliament.mn/nn/75102/,,Тайлбаргүй тасалсан,2,тоо
2025-06-20,Хаврын ээлжит чуулган,10:00,10:10,Бүрэн,Эцсийн,https://www.parliament.mn/nn/75102/,,Биеэр оролцсон,98,тоо
2025-06-20,Хаврын ээлжит чуулган,10:00,10:10,Бүрэн,Эцсийн,https://www.parliament.mn/nn/75102/,,Биеэр оролцсон хувь,77.8,хувь
2025-06-20,Хаврын ээлжит чуулган,10:00,10:10,Бүрэн,Эцсийн,https://www.parliament.mn/nn/75102/,,Биеэр оролцсон үеийн албан ёсны цагтаа ирэлтийн хувь,66.3,хувь
2025-06-23,Хаврын ээлжит чуулган,14:00,14:02,Бүрэн,Эцсийн,https://www.parliament.mn/nn/75127/,,Хэлэлцэх асуудал,3,тоо
2025-06-23,Хаврын ээлжит чуулган,14:00,14:02,Бүрэн,Эцсийн,https://www.parliament.mn/nn/75127/,,Хуралдаан эхэлсэн хоцролт,2,минут
2025-06-23,Хаврын ээлжит чуулган,14:00,14:02,Бүрэн,Эцсийн,https://www.parliament.mn/nn/75127/,,Албан ёсоор цагтаа ирсэн,51,тоо
2025-06-23,Хаврын ээлжит чуулган,14:00,14:02,Бүрэн,Эцсийн,https://www.parliament.mn/nn/75127/,,Албан ёсоор хоцорсон,55,тоо
2025-06-23,Хаврын ээлжит чуулган,14:00,14:02,Бүрэн,Эцсийн,https://www.parliament.mn/nn/75127/,,Чөлөөтэй,2,тоо
2025-06-23,Хаврын ээлжит чуулган,14:00,14:02,Бүрэн,Эцсийн,https://www.parliament.mn/nn/75127/,,Эмнэлгийн чөлөө,4,тоо
2025-06-23,Хаврын ээлжит чуулган,14:00,14:02,Бүрэн,Эцсийн,https://www.parliament.mn/nn/75127/,,Орон нутгийн томилолт,5,тоо
2025-06-23,Хаврын ээлжит чуулган,14:00,14:02,Бүрэн,Эцсийн,https://www.parliament.mn/nn/75127/,,Гадаад томилолт,6,тоо
2025-06-23,Хаврын ээлжит чуулган,14:00,14:02,Бүрэн,Эцсийн,https://www.parliament.mn/nn/75127/,,Тайлбаргүй тасалсан,3,тоо
2025-06-23,Хаврын ээлжит чуулган,14:00,14:02,Бүрэн,Эцсийн,https://www.parliament.mn/nn/75127/,,Биеэр оролцсон,106,тоо
2025-06-23,Хаврын ээлжит чуулган,14:00,14:02,Бүрэн,Эцсийн,https://www.parliament.mn/nn/75127/,,Биеэр оролцсон хувь,84.1,хувь
2025-06-23,Хаврын ээлжит чуулган,14:00,14:02,Бүрэн,Эцсийн,https://www.parliament.mn/nn/75127/,,Биеэр оролцсон үеийн албан ёсны цагтаа ирэлтийн хувь,48.1,хувь
2025-06-24,Хаврын ээлжит чуулган,14:00,15:01,Бүрэн,Эцсийн,https://www.parliament.mn/nn/75134/,,Хэлэлцэх асуудал,1,тоо
2025-06-24,Хаврын ээлжит чуулган,14:00,15:01,Бүрэн,Эцсийн,https://www.parliament.mn/nn/75134/,,Хуралдаан эхэлсэн хоцролт,61,минут
2025-06-24,Хаврын ээлжит чуулган,14:00,15:01,Бүрэн,Эцсийн,https://www.parliament.mn/nn/75134/,,Албан ёсоор цагтаа ирсэн,81,тоо
2025-06-24,Хаврын ээлжит чуулган,14:00,15:01,Бүрэн,Эцсийн,https://www.parliament.mn/nn/75134/,,Албан ёсоор хоцорсон,5,тоо
2025-06-24,Хаврын ээлжит чуулган,14:00,15:01,Бүрэн,Эцсийн,https://www.parliament.mn/nn/75134/,,Чөлөөтэй,2,тоо
2025-06-24,Хаврын ээлжит чуулган,14:00,15:01,Бүрэн,Эцсийн,https://www.parliament.mn/nn/75134/,,Эмнэлгийн чөлөө,9,тоо
2025-06-24,Хаврын ээлжит чуулган,14:00,15:01,Бүрэн,Эцсийн,https://www.parliament.mn/nn/75134/,,Орон нутгийн томилолт,4,тоо
2025-06-24,Хаврын ээлжит чуулган,14:00,15:01,Бүрэн,Эцсийн,https://www.parliament.mn/nn/75134/,,Гадаад томилолт,6,тоо
2025-06-24,Хаврын ээлжит чуулган,14:00,15:01,Бүрэн,Эцсийн,https://www.parliament.mn/nn/75134/,,Тайлбаргүй тасалсан,19,тоо
2025-06-24,Хаврын ээлжит чуулган,14:00,15:01,Бүрэн,Эцсийн,https://www.parliament.mn/nn/75134/,,Биеэр оролцсон,86,тоо
2025-06-24,Хаврын ээлжит чуулган,14:00,15:01,Бүрэн,Эцсийн,https://www.parliament.mn/nn/75134/,,Биеэр оролцсон хувь,68.3,хувь
2025-06-24,Хаврын ээлжит чуулган,14:00,15:01,Бүрэн,Эцсийн,https://www.parliament.mn/nn/75134/,,Биеэр оролцсон үеийн албан ёсны цагтаа ирэлтийн хувь,94.2,хувь
2025-06-25,Хаврын ээлжит чуулган,14:00,14:17,Бүрэн,Эцсийн,https://www.parliament.mn/nn/75163/,,Хэлэлцэх асуудал,0,тоо
2025-06-25,Хаврын ээлжит чуулган,14:00,14:17,Бүрэн,Эцсийн,https://www.parliament.mn/nn/75163/,,Хуралдаан эхэлсэн хоцролт,17,минут
2025-06-25,Хаврын ээлжит чуулган,14:00,14:17,Бүрэн,Эцсийн,https://www.parliament.mn/nn/75163/,,Албан ёсоор цагтаа ирсэн,84,тоо
2025-06-25,Хаврын ээлжит чуулган,14:00,14:17,Бүрэн,Эцсийн,https://www.parliament.mn/nn/75163/,,Албан ёсоор хоцорсон,19,тоо
2025-06-25,Хаврын ээлжит чуулган,14:00,14:17,Бүрэн,Эцсийн,https://www.parliament.mn/nn/75163/,,Чөлөөтэй,4,тоо
2025-06-25,Хаврын ээлжит чуулган,14:00,14:17,Бүрэн,Эцсийн,https://www.parliament.mn/nn/75163/,,Эмнэлгийн чөлөө,6,тоо
2025-06-25,Хаврын ээлжит чуулган,14:00,14:17,Бүрэн,Эцсийн,https://www.parliament.mn/nn/75163/,,Орон нутгийн томилолт,1,тоо
2025-06-25,Хаврын ээлжит чуулган,14:00,14:17,Бүрэн,Эцсийн,https://www.parliament.mn/nn/75163/,,Гадаад томилолт,5,тоо
2025-06-25,Хаврын ээлжит чуулган,14:00,14:17,Бүрэн,Эцсийн,https://www.parliament.mn/nn/75163/,,Тайлбаргүй тасалсан,7,тоо
2025-06-25,Хаврын ээлжит чуулган,14:00,14:17,Бүрэн,Эцсийн,https://www.parliament.mn/nn/75163/,,Биеэр оролцсон,103,тоо
2025-06-25,Хаврын ээлжит чуулган,14:00,14:17,Бүрэн,Эцсийн,https://www.parliament.mn/nn/75163/,,Биеэр оролцсон хувь,81.7,хувь
2025-06-25,Хаврын ээлжит чуулган,14:00,14:17,Бүрэн,Эцсийн,https://www.parliament.mn/nn/75163/,,Биеэр оролцсон үеийн албан ёсны цагтаа ирэлтийн хувь,81.6,хувь
2025-06-26,Хаврын ээлжит чуулган,10:00,10:05,Бүрэн,Эцсийн,https://www.parliament.mn/nn/75182/,,Хэлэлцэх асуудал,3,тоо
2025-06-26,Хаврын ээлжит чуулган,10:00,10:05,Бүрэн,Эцсийн,https://www.parliament.mn/nn/75182/,,Хуралдаан эхэлсэн хоцролт,5,минут
2025-06-26,Хаврын ээлжит чуулган,10:00,10:05,Бүрэн,Эцсийн,https://www.parliament.mn/nn/75182/,,Албан ёсоор цагтаа ирсэн,73,тоо
2025-06-26,Хаврын ээлжит чуулган,10:00,10:05,Бүрэн,Эцсийн,https://www.parliament.mn/nn/75182/,,Албан ёсоор хоцорсон,18,тоо
2025-06-26,Хаврын ээлжит чуулган,10:00,10:05,Бүрэн,Эцсийн,https://www.parliament.mn/nn/75182/,,Чөлөөтэй,3,тоо
2025-06-26,Хаврын ээлжит чуулган,10:00,10:05,Бүрэн,Эцсийн,https://www.parliament.mn/nn/75182/,,Эмнэлгийн чөлөө,4,тоо
2025-06-26,Хаврын ээлжит чуулган,10:00,10:05,Бүрэн,Эцсийн,https://www.parliament.mn/nn/75182/,,Орон нутгийн томилолт,1,тоо
2025-06-26,Хаврын ээлжит чуулган,10:00,10:05,Бүрэн,Эцсийн,https://www.parliament.mn/nn/75182/,,Гадаад томилолт,13,тоо
2025-06-26,Хаврын ээлжит чуулган,10:00,10:05,Бүрэн,Эцсийн,https://www.parliament.mn/nn/75182/,,Тайлбаргүй тасалсан,14,тоо
2025-06-26,Хаврын ээлжит чуулган,10:00,10:05,Бүрэн,Эцсийн,https://www.parliament.mn/nn/75182/,,Биеэр оролцсон,91,тоо
2025-06-26,Хаврын ээлжит чуулган,10:00,10:05,Бүрэн,Эцсийн,https://www.parliament.mn/nn/75182/,,Биеэр оролцсон хувь,72.2,хувь
2025-06-26,Хаврын ээлжит чуулган,10:00,10:05,Бүрэн,Эцсийн,https://www.parliament.mn/nn/75182/,,Биеэр оролцсон үеийн албан ёсны цагтаа ирэлтийн хувь,80.2,хувь
2025-06-27,Хаврын ээлжит чуулган,10:00,10:03,Бүрэн,Эцсийн,https://www.parliament.mn/nn/75204/,,Хэлэлцэх асуудал,4,тоо
2025-06-27,Хаврын ээлжит чуулган,10:00,10:03,Бүрэн,Эцсийн,https://www.parliament.mn/nn/75204/,,Хуралдаан эхэлсэн хоцролт,3,минут
2025-06-27,Хаврын ээлжит чуулган,10:00,10:03,Бүрэн,Эцсийн,https://www.parliament.mn/nn/75204/,,Албан ёсоор цагтаа ирсэн,65,тоо
2025-06-27,Хаврын ээлжит чуулган,10:00,10:03,Бүрэн,Эцсийн,https://www.parliament.mn/nn/75204/,,Албан ёсоор хоцорсон,35,тоо
2025-06-27,Хаврын ээлжит чуулган,10:00,10:03,Бүрэн,Эцсийн,https://www.parliament.mn/nn/75204/,,Чөлөөтэй,4,тоо
2025-06-27,Хаврын ээлжит чуулган,10:00,10:03,Бүрэн,Эцсийн,https://www.parliament.mn/nn/75204/,,Эмнэлгийн чөлөө,4,тоо
2025-06-27,Хаврын ээлжит чуулган,10:00,10:03,Бүрэн,Эцсийн,https://www.parliament.mn/nn/75204/,,Орон нутгийн томилолт,1,тоо
2025-06-27,Хаврын ээлжит чуулган,10:00,10:03,Бүрэн,Эцсийн,https://www.parliament.mn/nn/75204/,,Гадаад томилолт,14,тоо
2025-06-27,Хаврын ээлжит чуулган,10:00,10:03,Бүрэн,Эцсийн,https://www.parliament.mn/nn/75204/,,Тайлбаргүй тасалсан,3,тоо
2025-06-27,Хаврын ээлжит чуулган,10:00,10:03,Бүрэн,Эцсийн,https://www.parliament.mn/nn/75204/,,Биеэр оролцсон,100,тоо
2025-06-27,Хаврын ээлжит чуулган,10:00,10:03,Бүрэн,Эцсийн,https://www.parliament.mn/nn/75204/,,Биеэр оролцсон хувь,79.4,хувь
2025-06-27,Хаврын ээлжит чуулган,10:00,10:03,Бүрэн,Эцсийн,https://www.parliament.mn/nn/75204/,,Биеэр оролцсон үеийн албан ёсны цагтаа ирэлтийн хувь,65.0,хувь
2025-07-02,Хаврын ээлжит чуулган,14:00,14:07,Бүрэн,Эцсийн,https://www.parliament.mn/nn/75248/,,Хэлэлцэх асуудал,12,тоо
2025-07-02,Хаврын ээлжит чуулган,14:00,14:07,Бүрэн,Эцсийн,https://www.parliament.mn/nn/75248/,,Хуралдаан эхэлсэн хоцролт,7,минут
2025-07-02,Хаврын ээлжит чуулган,14:00,14:07,Бүрэн,Эцсийн,https://www.parliament.mn/nn/75248/,,Албан ёсоор цагтаа ирсэн,73,тоо
2025-07-02,Хаврын ээлжит чуулган,14:00,14:07,Бүрэн,Эцсийн,https://www.parliament.mn/nn/75248/,,Албан ёсоор хоцорсон,36,тоо
2025-07-02,Хаврын ээлжит чуулган,14:00,14:07,Бүрэн,Эцсийн,https://www.parliament.mn/nn/75248/,,Чөлөөтэй,2,тоо
2025-07-02,Хаврын ээлжит чуулган,14:00,14:07,Бүрэн,Эцсийн,https://www.parliament.mn/nn/75248/,,Эмнэлгийн чөлөө,8,тоо
2025-07-02,Хаврын ээлжит чуулган,14:00,14:07,Бүрэн,Эцсийн,https://www.parliament.mn/nn/75248/,,Орон нутгийн томилолт,0,тоо
2025-07-02,Хаврын ээлжит чуулган,14:00,14:07,Бүрэн,Эцсийн,https://www.parliament.mn/nn/75248/,,Гадаад томилолт,4,тоо
2025-07-02,Хаврын ээлжит чуулган,14:00,14:07,Бүрэн,Эцсийн,https://www.parliament.mn/nn/75248/,,Тайлбаргүй тасалсан,3,тоо
2025-07-02,Хаврын ээлжит чуулган,14:00,14:07,Бүрэн,Эцсийн,https://www.parliament.mn/nn/75248/,,Биеэр оролцсон,109,тоо
2025-07-02,Хаврын ээлжит чуулган,14:00,14:07,Бүрэн,Эцсийн,https://www.parliament.mn/nn/75248/,,Биеэр оролцсон хувь,86.5,хувь
2025-07-02,Хаврын ээлжит чуулган,14:00,14:07,Бүрэн,Эцсийн,https://www.parliament.mn/nn/75248/,,Биеэр оролцсон үеийн албан ёсны цагтаа ирэлтийн хувь,67.0,хувь
2025-07-03,Хаврын ээлжит чуулган,14:00,14:05,Бүрэн,Эцсийн,https://www.parliament.mn/nn/75255/,,Хэлэлцэх асуудал,12,тоо
2025-07-03,Хаврын ээлжит чуулган,14:00,14:05,Бүрэн,Эцсийн,https://www.parliament.mn/nn/75255/,,Хуралдаан эхэлсэн хоцролт,5,минут
2025-07-03,Хаврын ээлжит чуулган,14:00,14:05,Бүрэн,Эцсийн,https://www.parliament.mn/nn/75255/,,Албан ёсоор цагтаа ирсэн,83,тоо
2025-07-03,Хаврын ээлжит чуулган,14:00,14:05,Бүрэн,Эцсийн,https://www.parliament.mn/nn/75255/,,Албан ёсоор хоцорсон,29,тоо
2025-07-03,Хаврын ээлжит чуулган,14:00,14:05,Бүрэн,Эцсийн,https://www.parliament.mn/nn/75255/,,Чөлөөтэй,3,тоо
2025-07-03,Хаврын ээлжит чуулган,14:00,14:05,Бүрэн,Эцсийн,https://www.parliament.mn/nn/75255/,,Эмнэлгийн чөлөө,5,тоо
2025-07-03,Хаврын ээлжит чуулган,14:00,14:05,Бүрэн,Эцсийн,https://www.parliament.mn/nn/75255/,,Орон нутгийн томилолт,1,тоо
2025-07-03,Хаврын ээлжит чуулган,14:00,14:05,Бүрэн,Эцсийн,https://www.parliament.mn/nn/75255/,,Гадаад томилолт,4,тоо
2025-07-03,Хаврын ээлжит чуулган,14:00,14:05,Бүрэн,Эцсийн,https://www.parliament.mn/nn/75255/,,Тайлбаргүй тасалсан,1,тоо
2025-07-03,Хаврын ээлжит чуулган,14:00,14:05,Бүрэн,Эцсийн,https://www.parliament.mn/nn/75255/,,Биеэр оролцсон,112,тоо
2025-07-03,Хаврын ээлжит чуулган,14:00,14:05,Бүрэн,Эцсийн,https://www.parliament.mn/nn/75255/,,Биеэр оролцсон хувь,88.9,хувь
2025-07-03,Хаврын ээлжит чуулган,14:00,14:05,Бүрэн,Эцсийн,https://www.parliament.mn/nn/75255/,,Биеэр оролцсон үеийн албан ёсны цагтаа ирэлтийн хувь,74.1,хувь
2025-07-04,Хаврын ээлжит чуулган,10:00,10:10,Бүрэн,Эцсийн,https://www.parliament.mn/nn/75289/,,Хэлэлцэх асуудал,6,тоо
2025-07-04,Хаврын ээлжит чуулган,10:00,10:10,Бүрэн,Эцсийн,https://www.parliament.mn/nn/75289/,,Хуралдаан эхэлсэн хоцролт,10,минут
2025-07-04,Хаврын ээлжит чуулган,10:00,10:10,Бүрэн,Эцсийн,https://www.parliament.mn/nn/75289/,,Албан ёсоор цагтаа ирсэн,73,тоо
2025-07-04,Хаврын ээлжит чуулган,10:00,10:10,Бүрэн,Эцсийн,https://www.parliament.mn/nn/75289/,,Албан ёсоор хоцорсон,40,тоо
2025-07-04,Хаврын ээлжит чуулган,10:00,10:10,Бүрэн,Эцсийн,https://www.parliament.mn/nn/75289/,,Чөлөөтэй,3,тоо
2025-07-04,Хаврын ээлжит чуулган,10:00,10:10,Бүрэн,Эцсийн,https://www.parliament.mn/nn/75289/,,Эмнэлгийн чөлөө,3,тоо
2025-07-04,Хаврын ээлжит чуулган,10:00,10:10,Бүрэн,Эцсийн,https://www.parliament.mn/nn/75289/,,Орон нутгийн томилолт,1,тоо
2025-07-04,Хаврын ээлжит чуулган,10:00,10:10,Бүрэн,Эцсийн,https://www.parliament.mn/nn/75289/,,Гадаад томилолт,2,тоо
2025-07-04,Хаврын ээлжит чуулган,10:00,10:10,Бүрэн,Эцсийн,https://www.parliament.mn/nn/75289/,,Тайлбаргүй тасалсан,4,тоо
2025-07-04,Хаврын ээлжит чуулган,10:00,10:10,Бүрэн,Эцсийн,https://www.parliament.mn/nn/75289/,,Биеэр оролцсон,113,тоо
2025-07-04,Хаврын ээлжит чуулган,10:00,10:10,Бүрэн,Эцсийн,https://www.parliament.mn/nn/75289/,,Биеэр оролцсон хувь,89.7,хувь
2025-07-04,Хаврын ээлжит чуулган,10:00,10:10,Бүрэн,Эцсийн,https://www.parliament.mn/nn/75289/,,Биеэр оролцсон үеийн албан ёсны цагтаа ирэлтийн хувь,64.6,хувь
2025-07-08,Хаврын ээлжит чуулган,,10:00,Зөвхөн бодит эхлэлтэй,Эцсийн,https://www.parliament.mn/nn/75355/,,Хэлэлцэх асуудал,9,тоо
2025-07-08,Хаврын ээлжит чуулган,,10:00,Зөвхөн бодит эхлэлтэй,Эцсийн,https://www.parliament.mn/nn/75355/,,Хуралдаан эхэлсэн хоцролт,,минут
2025-07-08,Хаврын ээлжит чуулган,,10:00,Зөвхөн бодит эхлэлтэй,Эцсийн,https://www.parliament.mn/nn/75355/,,Албан ёсоор цагтаа ирсэн,59,тоо
2025-07-08,Хаврын ээлжит чуулган,,10:00,Зөвхөн бодит эхлэлтэй,Эцсийн,https://www.parliament.mn/nn/75355/,,Албан ёсоор хоцорсон,50,тоо
2025-07-08,Хаврын ээлжит чуулган,,10:00,Зөвхөн бодит эхлэлтэй,Эцсийн,https://www.parliament.mn/nn/75355/,,Чөлөөтэй,3,тоо
2025-07-08,Хаврын ээлжит чуулган,,10:00,Зөвхөн бодит эхлэлтэй,Эцсийн,https://www.parliament.mn/nn/75355/,,Эмнэлгийн чөлөө,6,тоо
2025-07-08,Хаврын ээлжит чуулган,,10:00,Зөвхөн бодит эхлэлтэй,Эцсийн,https://www.parliament.mn/nn/75355/,,Орон нутгийн томилолт,2,тоо
2025-07-08,Хаврын ээлжит чуулган,,10:00,Зөвхөн бодит эхлэлтэй,Эцсийн,https://www.parliament.mn/nn/75355/,,Гадаад томилолт,6,тоо
2025-07-08,Хаврын ээлжит чуулган,,10:00,Зөвхөн бодит эхлэлтэй,Эцсийн,https://www.parliament.mn/nn/75355/,,Тайлбаргүй тасалсан,0,тоо
2025-07-08,Хаврын ээлжит чуулган,,10:00,Зөвхөн бодит эхлэлтэй,Эцсийн,https://www.parliament.mn/nn/75355/,,Биеэр оролцсон,109,тоо
2025-07-08,Хаврын ээлжит чуулган,,10:00,Зөвхөн бодит эхлэлтэй,Эцсийн,https://www.parliament.mn/nn/75355/,,Биеэр оролцсон хувь,86.5,хувь
2025-07-08,Хаврын ээлжит чуулган,,10:00,Зөвхөн бодит эхлэлтэй,Эцсийн,https://www.parliament.mn/nn/75355/,,Биеэр оролцсон үеийн албан ёсны цагтаа ирэлтийн хувь,54.1,хувь
2025-07-09,Хаврын ээлжит чуулган,10:00,08:07,Бодит эхлэл товлосон цагаас өмнө,Эцсийн,https://www.parliament.mn/nn/75375/,,Хэлэлцэх асуудал,10,тоо
2025-07-09,Хаврын ээлжит чуулган,10:00,08:07,Бодит эхлэл товлосон цагаас өмнө,Эцсийн,https://www.parliament.mn/nn/75375/,,Хуралдаан эхэлсэн хоцролт,-113,минут
2025-07-09,Хаврын ээлжит чуулган,10:00,08:07,Бодит эхлэл товлосон цагаас өмнө,Эцсийн,https://www.parliament.mn/nn/75375/,,Албан ёсоор цагтаа ирсэн,70,тоо
2025-07-09,Хаврын ээлжит чуулган,10:00,08:07,Бодит эхлэл товлосон цагаас өмнө,Эцсийн,https://www.parliament.mn/nn/75375/,,Албан ёсоор хоцорсон,37,тоо
2025-07-09,Хаврын ээлжит чуулган,10:00,08:07,Бодит эхлэл товлосон цагаас өмнө,Эцсийн,https://www.parliament.mn/nn/75375/,,Чөлөөтэй,4,тоо
2025-07-09,Хаврын ээлжит чуулган,10:00,08:07,Бодит эхлэл товлосон цагаас өмнө,Эцсийн,https://www.parliament.mn/nn/75375/,,Эмнэлгийн чөлөө,6,тоо
2025-07-09,Хаврын ээлжит чуулган,10:00,08:07,Бодит эхлэл товлосон цагаас өмнө,Эцсийн,https://www.parliament.mn/nn/75375/,,Орон нутгийн томилолт,2,тоо
2025-07-09,Хаврын ээлжит чуулган,10:00,08:07,Бодит эхлэл товлосон цагаас өмнө,Эцсийн,https://www.parliament.mn/nn/75375/,,Гадаад томилолт,4,тоо
2025-07-09,Хаврын ээлжит чуулган,10:00,08:07,Бодит эхлэл товлосон цагаас өмнө,Эцсийн,https://www.parliament.mn/nn/75375/,,Тайлбаргүй тасалсан,3,тоо
2025-07-09,Хаврын ээлжит чуулган,10:00,08:07,Бодит эхлэл товлосон цагаас өмнө,Эцсийн,https://www.parliament.mn/nn/75375/,,Биеэр оролцсон,107,тоо
2025-07-09,Хаврын ээлжит чуулган,10:00,08:07,Бодит эхлэл товлосон цагаас өмнө,Эцсийн,https://www.parliament.mn/nn/75375/,,Биеэр оролцсон хувь,84.9,хувь
2025-07-09,Хаврын ээлжит чуулган,10:00,08:07,Бодит эхлэл товлосон цагаас өмнө,Эцсийн,https://www.parliament.mn/nn/75375/,,Биеэр оролцсон үеийн албан ёсны цагтаа ирэлтийн хувь,65.4,хувь
2025-09-15,Намрын ээлжит чуулган,10:00,10:02,Бүрэн,Эцсийн,https://www.parliament.mn/nn/75669/,,Хэлэлцэх асуудал,1,тоо
2025-09-15,Намрын ээлжит чуулган,10:00,10:02,Бүрэн,Эцсийн,https://www.parliament.mn/nn/75669/,,Хуралдаан эхэлсэн хоцролт,2,минут
2025-09-15,Намрын ээлжит чуулган,10:00,10:02,Бүрэн,Эцсийн,https://www.parliament.mn/nn/75669/,,Албан ёсоор цагтаа ирсэн,112,тоо
2025-09-15,Намрын ээлжит чуулган,10:00,10:02,Бүрэн,Эцсийн,https://www.parliament.mn/nn/75669/,,Албан ёсоор хоцорсон,6,тоо
2025-09-15,Намрын ээлжит чуулган,10:00,10:02,Бүрэн,Эцсийн,https://www.parliament.mn/nn/75669/,,Чөлөөтэй,2,тоо
2025-09-15,Намрын ээлжит чуулган,10:00,10:02,Бүрэн,Эцсийн,https://www.parliament.mn/nn/75669/,,Эмнэлгийн чөлөө,4,тоо
2025-09-15,Намрын ээлжит чуулган,10:00,10:02,Бүрэн,Эцсийн,https://www.parliament.mn/nn/75669/,,Орон нутгийн томилолт,0,тоо
2025-09-15,Намрын ээлжит чуулган,10:00,10:02,Бүрэн,Эцсийн,https://www.parliament.mn/nn/75669/,,Гадаад томилолт,0,тоо
2025-09-15,Намрын ээлжит чуулган,10:00,10:02,Бүрэн,Эцсийн,https://www.parliament.mn/nn/75669/,,Тайлбаргүй тасалсан,2,тоо
2025-09-15,Намрын ээлжит чуулган,10:00,10:02,Бүрэн,Эцсийн,https://www.parliament.mn/nn/75669/,,Биеэр оролцсон,118,тоо
2025-09-15,Намрын ээлжит чуулган,10:00,10:02,Бүрэн,Эцсийн,https://www.parliament.mn/nn/75669/,,Биеэр оролцсон хувь,93.7,хувь
2025-09-15,Намрын ээлжит чуулган,10:00,10:02,Бүрэн,Эцсийн,https://www.parliament.mn/nn/75669/,,Биеэр оролцсон үеийн албан ёсны цагтаа ирэлтийн хувь,94.9,хувь
2025-09-17,Намрын ээлжит чуулган,,10:00,Зөвхөн бодит эхлэлтэй,Эцсийн,https://www.parliament.mn/nn/75690/,,Хэлэлцэх асуудал,0,тоо
2025-09-17,Намрын ээлжит чуулган,,10:00,Зөвхөн бодит эхлэлтэй,Эцсийн,https://www.parliament.mn/nn/75690/,,Хуралдаан эхэлсэн хоцролт,,минут
2025-09-17,Намрын ээлжит чуулган,,10:00,Зөвхөн бодит эхлэлтэй,Эцсийн,https://www.parliament.mn/nn/75690/,,Албан ёсоор цагтаа ирсэн,87,тоо
2025-09-17,Намрын ээлжит чуулган,,10:00,Зөвхөн бодит эхлэлтэй,Эцсийн,https://www.parliament.mn/nn/75690/,,Албан ёсоор хоцорсон,27,тоо
2025-09-17,Намрын ээлжит чуулган,,10:00,Зөвхөн бодит эхлэлтэй,Эцсийн,https://www.parliament.mn/nn/75690/,,Чөлөөтэй,3,тоо
2025-09-17,Намрын ээлжит чуулган,,10:00,Зөвхөн бодит эхлэлтэй,Эцсийн,https://www.parliament.mn/nn/75690/,,Эмнэлгийн чөлөө,4,тоо
2025-09-17,Намрын ээлжит чуулган,,10:00,Зөвхөн бодит эхлэлтэй,Эцсийн,https://www.parliament.mn/nn/75690/,,Орон нутгийн томилолт,0,тоо
2025-09-17,Намрын ээлжит чуулган,,10:00,Зөвхөн бодит эхлэлтэй,Эцсийн,https://www.parliament.mn/nn/75690/,,Гадаад томилолт,4,тоо
2025-09-17,Намрын ээлжит чуулган,,10:00,Зөвхөн бодит эхлэлтэй,Эцсийн,https://www.parliament.mn/nn/75690/,,Тайлбаргүй тасалсан,1,тоо
2025-09-17,Намрын ээлжит чуулган,,10:00,Зөвхөн бодит эхлэлтэй,Эцсийн,https://www.parliament.mn/nn/75690/,,Биеэр оролцсон,114,тоо
2025-09-17,Намрын ээлжит чуулган,,10:00,Зөвхөн бодит эхлэлтэй,Эцсийн,https://www.parliament.mn/nn/75690/,,Биеэр оролцсон хувь,90.5,хувь
2025-09-17,Намрын ээлжит чуулган,,10:00,Зөвхөн бодит эхлэлтэй,Эцсийн,https://www.parliament.mn/nn/75690/,,Биеэр оролцсон үеийн албан ёсны цагтаа ирэлтийн хувь,76.3,хувь
2025-09-18,Намрын ээлжит чуулган,,10:00,Зөвхөн бодит эхлэлтэй,Эцсийн,https://www.parliament.mn/nn/75694/,,Хэлэлцэх асуудал,2,тоо
2025-09-18,Намрын ээлжит чуулган,,10:00,Зөвхөн бодит эхлэлтэй,Эцсийн,https://www.parliament.mn/nn/75694/,,Хуралдаан эхэлсэн хоцролт,,минут
2025-09-18,Намрын ээлжит чуулган,,10:00,Зөвхөн бодит эхлэлтэй,Эцсийн,https://www.parliament.mn/nn/75694/,,Албан ёсоор цагтаа ирсэн,81,тоо
2025-09-18,Намрын ээлжит чуулган,,10:00,Зөвхөн бодит эхлэлтэй,Эцсийн,https://www.parliament.mn/nn/75694/,,Албан ёсоор хоцорсон,31,тоо
2025-09-18,Намрын ээлжит чуулган,,10:00,Зөвхөн бодит эхлэлтэй,Эцсийн,https://www.parliament.mn/nn/75694/,,Чөлөөтэй,2,тоо
2025-09-18,Намрын ээлжит чуулган,,10:00,Зөвхөн бодит эхлэлтэй,Эцсийн,https://www.parliament.mn/nn/75694/,,Эмнэлгийн чөлөө,3,тоо
2025-09-18,Намрын ээлжит чуулган,,10:00,Зөвхөн бодит эхлэлтэй,Эцсийн,https://www.parliament.mn/nn/75694/,,Орон нутгийн томилолт,2,тоо
2025-09-18,Намрын ээлжит чуулган,,10:00,Зөвхөн бодит эхлэлтэй,Эцсийн,https://www.parliament.mn/nn/75694/,,Гадаад томилолт,5,тоо
2025-09-18,Намрын ээлжит чуулган,,10:00,Зөвхөн бодит эхлэлтэй,Эцсийн,https://www.parliament.mn/nn/75694/,,Тайлбаргүй тасалсан,2,тоо
2025-09-18,Намрын ээлжит чуулган,,10:00,Зөвхөн бодит эхлэлтэй,Эцсийн,https://www.parliament.mn/nn/75694/,,Биеэр оролцсон,112,тоо
2025-09-18,Намрын ээлжит чуулган,,10:00,Зөвхөн бодит эхлэлтэй,Эцсийн,https://www.parliament.mn/nn/75694/,,Биеэр оролцсон хувь,88.9,хувь
2025-09-18,Намрын ээлжит чуулган,,10:00,Зөвхөн бодит эхлэлтэй,Эцсийн,https://www.parliament.mn/nn/75694/,,Биеэр оролцсон үеийн албан ёсны цагтаа ирэлтийн хувь,72.3,хувь
2025-09-19,Намрын ээлжит чуулган,,10:00,Зөвхөн бодит эхлэлтэй,Эцсийн,https://www.parliament.mn/nn/75698/,,Хэлэлцэх асуудал,2,тоо
2025-09-19,Намрын ээлжит чуулган,,10:00,Зөвхөн бодит эхлэлтэй,Эцсийн,https://www.parliament.mn/nn/75698/,,Хуралдаан эхэлсэн хоцролт,,минут
2025-09-19,Намрын ээлжит чуулган,,10:00,Зөвхөн бодит эхлэлтэй,Эцсийн,https://www.parliament.mn/nn/75698/,,Албан ёсоор цагтаа ирсэн,66,тоо
2025-09-19,Намрын ээлжит чуулган,,10:00,Зөвхөн бодит эхлэлтэй,Эцсийн,https://www.parliament.mn/nn/75698/,,Албан ёсоор хоцорсон,41,тоо
2025-09-19,Намрын ээлжит чуулган,,10:00,Зөвхөн бодит эхлэлтэй,Эцсийн,https://www.parliament.mn/nn/75698/,,Чөлөөтэй,3,тоо
2025-09-19,Намрын ээлжит чуулган,,10:00,Зөвхөн бодит эхлэлтэй,Эцсийн,https://www.parliament.mn/nn/75698/,,Эмнэлгийн чөлөө,4,тоо
2025-09-19,Намрын ээлжит чуулган,,10:00,Зөвхөн бодит эхлэлтэй,Эцсийн,https://www.parliament.mn/nn/75698/,,Орон нутгийн томилолт,5,тоо
2025-09-19,Намрын ээлжит чуулган,,10:00,Зөвхөн бодит эхлэлтэй,Эцсийн,https://www.parliament.mn/nn/75698/,,Гадаад томилолт,6,тоо
2025-09-19,Намрын ээлжит чуулган,,10:00,Зөвхөн бодит эхлэлтэй,Эцсийн,https://www.parliament.mn/nn/75698/,,Тайлбаргүй тасалсан,1,тоо
2025-09-19,Намрын ээлжит чуулган,,10:00,Зөвхөн бодит эхлэлтэй,Эцсийн,https://www.parliament.mn/nn/75698/,,Биеэр оролцсон,107,тоо
2025-09-19,Намрын ээлжит чуулган,,10:00,Зөвхөн бодит эхлэлтэй,Эцсийн,https://www.parliament.mn/nn/75698/,,Биеэр оролцсон хувь,84.9,хувь
2025-09-19,Намрын ээлжит чуулган,,10:00,Зөвхөн бодит эхлэлтэй,Эцсийн,https://www.parliament.mn/nn/75698/,,Биеэр оролцсон үеийн албан ёсны цагтаа ирэлтийн хувь,61.7,хувь
2025-09-23,Намрын ээлжит чуулган,14:00,14:02,Бүрэн,Эцсийн,https://www.parliament.mn/nn/75711/,,Хэлэлцэх асуудал,2,тоо
2025-09-23,Намрын ээлжит чуулган,14:00,14:02,Бүрэн,Эцсийн,https://www.parliament.mn/nn/75711/,,Хуралдаан эхэлсэн хоцролт,2,минут
2025-09-23,Намрын ээлжит чуулган,14:00,14:02,Бүрэн,Эцсийн,https://www.parliament.mn/nn/75711/,,Албан ёсоор цагтаа ирсэн,71,тоо
2025-09-23,Намрын ээлжит чуулган,14:00,14:02,Бүрэн,Эцсийн,https://www.parliament.mn/nn/75711/,,Албан ёсоор хоцорсон,32,тоо
2025-09-23,Намрын ээлжит чуулган,14:00,14:02,Бүрэн,Эцсийн,https://www.parliament.mn/nn/75711/,,Чөлөөтэй,3,тоо
2025-09-23,Намрын ээлжит чуулган,14:00,14:02,Бүрэн,Эцсийн,https://www.parliament.mn/nn/75711/,,Эмнэлгийн чөлөө,3,тоо
2025-09-23,Намрын ээлжит чуулган,14:00,14:02,Бүрэн,Эцсийн,https://www.parliament.mn/nn/75711/,,Орон нутгийн томилолт,2,тоо
2025-09-23,Намрын ээлжит чуулган,14:00,14:02,Бүрэн,Эцсийн,https://www.parliament.mn/nn/75711/,,Гадаад томилолт,11,тоо
2025-09-23,Намрын ээлжит чуулган,14:00,14:02,Бүрэн,Эцсийн,https://www.parliament.mn/nn/75711/,,Тайлбаргүй тасалсан,4,тоо
2025-09-23,Намрын ээлжит чуулган,14:00,14:02,Бүрэн,Эцсийн,https://www.parliament.mn/nn/75711/,,Биеэр оролцсон,103,тоо
2025-09-23,Намрын ээлжит чуулган,14:00,14:02,Бүрэн,Эцсийн,https://www.parliament.mn/nn/75711/,,Биеэр оролцсон хувь,81.7,хувь
2025-09-23,Намрын ээлжит чуулган,14:00,14:02,Бүрэн,Эцсийн,https://www.parliament.mn/nn/75711/,,Биеэр оролцсон үеийн албан ёсны цагтаа ирэлтийн хувь,68.9,хувь
2025-09-24,Намрын ээлжит чуулган,10:00,10:02,Бүрэн,Эцсийн,https://www.parliament.mn/nn/75722/,,Хэлэлцэх асуудал,2,тоо
2025-09-24,Намрын ээлжит чуулган,10:00,10:02,Бүрэн,Эцсийн,https://www.parliament.mn/nn/75722/,,Хуралдаан эхэлсэн хоцролт,2,минут
2025-09-24,Намрын ээлжит чуулган,10:00,10:02,Бүрэн,Эцсийн,https://www.parliament.mn/nn/75722/,,Албан ёсоор цагтаа ирсэн,70,тоо
2025-09-24,Намрын ээлжит чуулган,10:00,10:02,Бүрэн,Эцсийн,https://www.parliament.mn/nn/75722/,,Албан ёсоор хоцорсон,38,тоо
2025-09-24,Намрын ээлжит чуулган,10:00,10:02,Бүрэн,Эцсийн,https://www.parliament.mn/nn/75722/,,Чөлөөтэй,2,тоо
2025-09-24,Намрын ээлжит чуулган,10:00,10:02,Бүрэн,Эцсийн,https://www.parliament.mn/nn/75722/,,Эмнэлгийн чөлөө,3,тоо
2025-09-24,Намрын ээлжит чуулган,10:00,10:02,Бүрэн,Эцсийн,https://www.parliament.mn/nn/75722/,,Орон нутгийн томилолт,3,тоо
2025-09-24,Намрын ээлжит чуулган,10:00,10:02,Бүрэн,Эцсийн,https://www.parliament.mn/nn/75722/,,Гадаад томилолт,6,тоо
2025-09-24,Намрын ээлжит чуулган,10:00,10:02,Бүрэн,Эцсийн,https://www.parliament.mn/nn/75722/,,Тайлбаргүй тасалсан,4,тоо
2025-09-24,Намрын ээлжит чуулган,10:00,10:02,Бүрэн,Эцсийн,https://www.parliament.mn/nn/75722/,,Биеэр оролцсон,108,тоо
2025-09-24,Намрын ээлжит чуулган,10:00,10:02,Бүрэн,Эцсийн,https://www.parliament.mn/nn/75722/,,Биеэр оролцсон хувь,85.7,хувь
2025-09-24,Намрын ээлжит чуулган,10:00,10:02,Бүрэн,Эцсийн,https://www.parliament.mn/nn/75722/,,Биеэр оролцсон үеийн албан ёсны цагтаа ирэлтийн хувь,64.8,хувь
2025-09-26,Намрын ээлжит чуулган,10:00,10:02,Бүрэн,Эцсийн,https://www.parliament.mn/nn/75743/,,Хэлэлцэх асуудал,1,тоо
2025-09-26,Намрын ээлжит чуулган,10:00,10:02,Бүрэн,Эцсийн,https://www.parliament.mn/nn/75743/,,Хуралдаан эхэлсэн хоцролт,2,минут
2025-09-26,Намрын ээлжит чуулган,10:00,10:02,Бүрэн,Эцсийн,https://www.parliament.mn/nn/75743/,,Албан ёсоор цагтаа ирсэн,79,тоо
2025-09-26,Намрын ээлжит чуулган,10:00,10:02,Бүрэн,Эцсийн,https://www.parliament.mn/nn/75743/,,Албан ёсоор хоцорсон,24,тоо
2025-09-26,Намрын ээлжит чуулган,10:00,10:02,Бүрэн,Эцсийн,https://www.parliament.mn/nn/75743/,,Чөлөөтэй,3,тоо
2025-09-26,Намрын ээлжит чуулган,10:00,10:02,Бүрэн,Эцсийн,https://www.parliament.mn/nn/75743/,,Эмнэлгийн чөлөө,4,тоо
2025-09-26,Намрын ээлжит чуулган,10:00,10:02,Бүрэн,Эцсийн,https://www.parliament.mn/nn/75743/,,Орон нутгийн томилолт,7,тоо
2025-09-26,Намрын ээлжит чуулган,10:00,10:02,Бүрэн,Эцсийн,https://www.parliament.mn/nn/75743/,,Гадаад томилолт,6,тоо
2025-09-26,Намрын ээлжит чуулган,10:00,10:02,Бүрэн,Эцсийн,https://www.parliament.mn/nn/75743/,,Тайлбаргүй тасалсан,3,тоо
2025-09-26,Намрын ээлжит чуулган,10:00,10:02,Бүрэн,Эцсийн,https://www.parliament.mn/nn/75743/,,Биеэр оролцсон,103,тоо
2025-09-26,Намрын ээлжит чуулган,10:00,10:02,Бүрэн,Эцсийн,https://www.parliament.mn/nn/75743/,,Биеэр оролцсон хувь,81.7,хувь
2025-09-26,Намрын ээлжит чуулган,10:00,10:02,Бүрэн,Эцсийн,https://www.parliament.mn/nn/75743/,,Биеэр оролцсон үеийн албан ёсны цагтаа ирэлтийн хувь,76.7,хувь
2025-10-02,Намрын ээлжит чуулган,,10:00,Зөвхөн бодит эхлэлтэй,Эцсийн,https://www.parliament.mn/nn/75791/,,Хэлэлцэх асуудал,2,тоо
2025-10-02,Намрын ээлжит чуулган,,10:00,Зөвхөн бодит эхлэлтэй,Эцсийн,https://www.parliament.mn/nn/75791/,,Хуралдаан эхэлсэн хоцролт,,минут
2025-10-02,Намрын ээлжит чуулган,,10:00,Зөвхөн бодит эхлэлтэй,Эцсийн,https://www.parliament.mn/nn/75791/,,Албан ёсоор цагтаа ирсэн,74,тоо
2025-10-02,Намрын ээлжит чуулган,,10:00,Зөвхөн бодит эхлэлтэй,Эцсийн,https://www.parliament.mn/nn/75791/,,Албан ёсоор хоцорсон,24,тоо
2025-10-02,Намрын ээлжит чуулган,,10:00,Зөвхөн бодит эхлэлтэй,Эцсийн,https://www.parliament.mn/nn/75791/,,Чөлөөтэй,3,тоо
2025-10-02,Намрын ээлжит чуулган,,10:00,Зөвхөн бодит эхлэлтэй,Эцсийн,https://www.parliament.mn/nn/75791/,,Эмнэлгийн чөлөө,3,тоо
2025-10-02,Намрын ээлжит чуулган,,10:00,Зөвхөн бодит эхлэлтэй,Эцсийн,https://www.parliament.mn/nn/75791/,,Орон нутгийн томилолт,8,тоо
2025-10-02,Намрын ээлжит чуулган,,10:00,Зөвхөн бодит эхлэлтэй,Эцсийн,https://www.parliament.mn/nn/75791/,,Гадаад томилолт,5,тоо
2025-10-02,Намрын ээлжит чуулган,,10:00,Зөвхөн бодит эхлэлтэй,Эцсийн,https://www.parliament.mn/nn/75791/,,Тайлбаргүй тасалсан,9,тоо
2025-10-02,Намрын ээлжит чуулган,,10:00,Зөвхөн бодит эхлэлтэй,Эцсийн,https://www.parliament.mn/nn/75791/,,Биеэр оролцсон,98,тоо
2025-10-02,Намрын ээлжит чуулган,,10:00,Зөвхөн бодит эхлэлтэй,Эцсийн,https://www.parliament.mn/nn/75791/,,Биеэр оролцсон хувь,77.8,хувь
2025-10-02,Намрын ээлжит чуулган,,10:00,Зөвхөн бодит эхлэлтэй,Эцсийн,https://www.parliament.mn/nn/75791/,,Биеэр оролцсон үеийн албан ёсны цагтаа ирэлтийн хувь,75.5,хувь
2025-10-09,Намрын ээлжит чуулган,10:00,10:03,Бүрэн,Эцсийн,https://www.parliament.mn/nn/75823/,,Хэлэлцэх асуудал,4,тоо
2025-10-09,Намрын ээлжит чуулган,10:00,10:03,Бүрэн,Эцсийн,https://www.parliament.mn/nn/75823/,,Хуралдаан эхэлсэн хоцролт,3,минут
2025-10-09,Намрын ээлжит чуулган,10:00,10:03,Бүрэн,Эцсийн,https://www.parliament.mn/nn/75823/,,Албан ёсоор цагтаа ирсэн,80,тоо
2025-10-09,Намрын ээлжит чуулган,10:00,10:03,Бүрэн,Эцсийн,https://www.parliament.mn/nn/75823/,,Албан ёсоор хоцорсон,28,тоо
2025-10-09,Намрын ээлжит чуулган,10:00,10:03,Бүрэн,Эцсийн,https://www.parliament.mn/nn/75823/,,Чөлөөтэй,2,тоо
2025-10-09,Намрын ээлжит чуулган,10:00,10:03,Бүрэн,Эцсийн,https://www.parliament.mn/nn/75823/,,Эмнэлгийн чөлөө,5,тоо
2025-10-09,Намрын ээлжит чуулган,10:00,10:03,Бүрэн,Эцсийн,https://www.parliament.mn/nn/75823/,,Орон нутгийн томилолт,1,тоо
2025-10-09,Намрын ээлжит чуулган,10:00,10:03,Бүрэн,Эцсийн,https://www.parliament.mn/nn/75823/,,Гадаад томилолт,0,тоо
2025-10-09,Намрын ээлжит чуулган,10:00,10:03,Бүрэн,Эцсийн,https://www.parliament.mn/nn/75823/,,Тайлбаргүй тасалсан,10,тоо
2025-10-09,Намрын ээлжит чуулган,10:00,10:03,Бүрэн,Эцсийн,https://www.parliament.mn/nn/75823/,,Биеэр оролцсон,108,тоо
2025-10-09,Намрын ээлжит чуулган,10:00,10:03,Бүрэн,Эцсийн,https://www.parliament.mn/nn/75823/,,Биеэр оролцсон хувь,85.7,хувь
2025-10-09,Намрын ээлжит чуулган,10:00,10:03,Бүрэн,Эцсийн,https://www.parliament.mn/nn/75823/,,Биеэр оролцсон үеийн албан ёсны цагтаа ирэлтийн хувь,74.1,хувь
2025-10-16,Намрын ээлжит чуулган,10:00,,Зөвхөн товлосон цагтай,Эцсийн,https://www.parliament.mn/nn/75895/,,Хэлэлцэх асуудал,3,тоо
2025-10-16,Намрын ээлжит чуулган,10:00,,Зөвхөн товлосон цагтай,Эцсийн,https://www.parliament.mn/nn/75895/,,Хуралдаан эхэлсэн хоцролт,,минут
2025-10-16,Намрын ээлжит чуулган,10:00,,Зөвхөн товлосон цагтай,Эцсийн,https://www.parliament.mn/nn/75895/,,Албан ёсоор цагтаа ирсэн,21,тоо
2025-10-16,Намрын ээлжит чуулган,10:00,,Зөвхөн товлосон цагтай,Эцсийн,https://www.parliament.mn/nn/75895/,,Албан ёсоор хоцорсон,94,тоо
2025-10-16,Намрын ээлжит чуулган,10:00,,Зөвхөн товлосон цагтай,Эцсийн,https://www.parliament.mn/nn/75895/,,Чөлөөтэй,0,тоо
2025-10-16,Намрын ээлжит чуулган,10:00,,Зөвхөн товлосон цагтай,Эцсийн,https://www.parliament.mn/nn/75895/,,Эмнэлгийн чөлөө,1,тоо
2025-10-16,Намрын ээлжит чуулган,10:00,,Зөвхөн товлосон цагтай,Эцсийн,https://www.parliament.mn/nn/75895/,,Орон нутгийн томилолт,0,тоо
2025-10-16,Намрын ээлжит чуулган,10:00,,Зөвхөн товлосон цагтай,Эцсийн,https://www.parliament.mn/nn/75895/,,Гадаад томилолт,3,тоо
2025-10-16,Намрын ээлжит чуулган,10:00,,Зөвхөн товлосон цагтай,Эцсийн,https://www.parliament.mn/nn/75895/,,Тайлбаргүй тасалсан,7,тоо
2025-10-16,Намрын ээлжит чуулган,10:00,,Зөвхөн товлосон цагтай,Эцсийн,https://www.parliament.mn/nn/75895/,,Биеэр оролцсон,115,тоо
2025-10-16,Намрын ээлжит чуулган,10:00,,Зөвхөн товлосон цагтай,Эцсийн,https://www.parliament.mn/nn/75895/,,Биеэр оролцсон хувь,91.3,хувь
2025-10-16,Намрын ээлжит чуулган,10:00,,Зөвхөн товлосон цагтай,Эцсийн,https://www.parliament.mn/nn/75895/,,Биеэр оролцсон үеийн албан ёсны цагтаа ирэлтийн хувь,18.3,хувь
2025-10-24,Намрын ээлжит чуулган,10:00,10:32,Бүрэн,Эцсийн,https://www.parliament.mn/nn/75965/,,Хэлэлцэх асуудал,3,тоо
2025-10-24,Намрын ээлжит чуулган,10:00,10:32,Бүрэн,Эцсийн,https://www.parliament.mn/nn/75965/,,Хуралдаан эхэлсэн хоцролт,32,минут
2025-10-24,Намрын ээлжит чуулган,10:00,10:32,Бүрэн,Эцсийн,https://www.parliament.mn/nn/75965/,,Албан ёсоор цагтаа ирсэн,91,тоо
2025-10-24,Намрын ээлжит чуулган,10:00,10:32,Бүрэн,Эцсийн,https://www.parliament.mn/nn/75965/,,Албан ёсоор хоцорсон,11,тоо
2025-10-24,Намрын ээлжит чуулган,10:00,10:32,Бүрэн,Эцсийн,https://www.parliament.mn/nn/75965/,,Чөлөөтэй,1,тоо
2025-10-24,Намрын ээлжит чуулган,10:00,10:32,Бүрэн,Эцсийн,https://www.parliament.mn/nn/75965/,,Эмнэлгийн чөлөө,9,тоо
2025-10-24,Намрын ээлжит чуулган,10:00,10:32,Бүрэн,Эцсийн,https://www.parliament.mn/nn/75965/,,Орон нутгийн томилолт,0,тоо
2025-10-24,Намрын ээлжит чуулган,10:00,10:32,Бүрэн,Эцсийн,https://www.parliament.mn/nn/75965/,,Гадаад томилолт,4,тоо
2025-10-24,Намрын ээлжит чуулган,10:00,10:32,Бүрэн,Эцсийн,https://www.parliament.mn/nn/75965/,,Тайлбаргүй тасалсан,10,тоо
2025-10-24,Намрын ээлжит чуулган,10:00,10:32,Бүрэн,Эцсийн,https://www.parliament.mn/nn/75965/,,Биеэр оролцсон,102,тоо
2025-10-24,Намрын ээлжит чуулган,10:00,10:32,Бүрэн,Эцсийн,https://www.parliament.mn/nn/75965/,,Биеэр оролцсон хувь,81.0,хувь
2025-10-24,Намрын ээлжит чуулган,10:00,10:32,Бүрэн,Эцсийн,https://www.parliament.mn/nn/75965/,,Биеэр оролцсон үеийн албан ёсны цагтаа ирэлтийн хувь,89.2,хувь
2025-10-30,Намрын ээлжит чуулган,10:00,10:04,Бүрэн,Эцсийн,https://www.parliament.mn/nn/75995/,,Хэлэлцэх асуудал,3,тоо
2025-10-30,Намрын ээлжит чуулган,10:00,10:04,Бүрэн,Эцсийн,https://www.parliament.mn/nn/75995/,,Хуралдаан эхэлсэн хоцролт,4,минут
2025-10-30,Намрын ээлжит чуулган,10:00,10:04,Бүрэн,Эцсийн,https://www.parliament.mn/nn/75995/,,Албан ёсоор цагтаа ирсэн,69,тоо
2025-10-30,Намрын ээлжит чуулган,10:00,10:04,Бүрэн,Эцсийн,https://www.parliament.mn/nn/75995/,,Албан ёсоор хоцорсон,12,тоо
2025-10-30,Намрын ээлжит чуулган,10:00,10:04,Бүрэн,Эцсийн,https://www.parliament.mn/nn/75995/,,Чөлөөтэй,6,тоо
2025-10-30,Намрын ээлжит чуулган,10:00,10:04,Бүрэн,Эцсийн,https://www.parliament.mn/nn/75995/,,Эмнэлгийн чөлөө,7,тоо
2025-10-30,Намрын ээлжит чуулган,10:00,10:04,Бүрэн,Эцсийн,https://www.parliament.mn/nn/75995/,,Орон нутгийн томилолт,2,тоо
2025-10-30,Намрын ээлжит чуулган,10:00,10:04,Бүрэн,Эцсийн,https://www.parliament.mn/nn/75995/,,Гадаад томилолт,3,тоо
2025-10-30,Намрын ээлжит чуулган,10:00,10:04,Бүрэн,Эцсийн,https://www.parliament.mn/nn/75995/,,Тайлбаргүй тасалсан,27,тоо
2025-10-30,Намрын ээлжит чуулган,10:00,10:04,Бүрэн,Эцсийн,https://www.parliament.mn/nn/75995/,,Биеэр оролцсон,81,тоо
2025-10-30,Намрын ээлжит чуулган,10:00,10:04,Бүрэн,Эцсийн,https://www.parliament.mn/nn/75995/,,Биеэр оролцсон хувь,64.3,хувь
2025-10-30,Намрын ээлжит чуулган,10:00,10:04,Бүрэн,Эцсийн,https://www.parliament.mn/nn/75995/,,Биеэр оролцсон үеийн албан ёсны цагтаа ирэлтийн хувь,85.2,хувь
2025-10-31,Намрын ээлжит чуулган,,14:00,Зөвхөн бодит эхлэлтэй,Эцсийн,https://www.parliament.mn/nn/76000/,,Хэлэлцэх асуудал,1,тоо
2025-10-31,Намрын ээлжит чуулган,,14:00,Зөвхөн бодит эхлэлтэй,Эцсийн,https://www.parliament.mn/nn/76000/,,Хуралдаан эхэлсэн хоцролт,,минут
2025-10-31,Намрын ээлжит чуулган,,14:00,Зөвхөн бодит эхлэлтэй,Эцсийн,https://www.parliament.mn/nn/76000/,,Албан ёсоор цагтаа ирсэн,67,тоо
2025-10-31,Намрын ээлжит чуулган,,14:00,Зөвхөн бодит эхлэлтэй,Эцсийн,https://www.parliament.mn/nn/76000/,,Албан ёсоор хоцорсон,34,тоо
2025-10-31,Намрын ээлжит чуулган,,14:00,Зөвхөн бодит эхлэлтэй,Эцсийн,https://www.parliament.mn/nn/76000/,,Чөлөөтэй,7,тоо
2025-10-31,Намрын ээлжит чуулган,,14:00,Зөвхөн бодит эхлэлтэй,Эцсийн,https://www.parliament.mn/nn/76000/,,Эмнэлгийн чөлөө,9,тоо
2025-10-31,Намрын ээлжит чуулган,,14:00,Зөвхөн бодит эхлэлтэй,Эцсийн,https://www.parliament.mn/nn/76000/,,Орон нутгийн томилолт,1,тоо
2025-10-31,Намрын ээлжит чуулган,,14:00,Зөвхөн бодит эхлэлтэй,Эцсийн,https://www.parliament.mn/nn/76000/,,Гадаад томилолт,1,тоо
2025-10-31,Намрын ээлжит чуулган,,14:00,Зөвхөн бодит эхлэлтэй,Эцсийн,https://www.parliament.mn/nn/76000/,,Тайлбаргүй тасалсан,7,тоо
2025-10-31,Намрын ээлжит чуулган,,14:00,Зөвхөн бодит эхлэлтэй,Эцсийн,https://www.parliament.mn/nn/76000/,,Биеэр оролцсон,101,тоо
2025-10-31,Намрын ээлжит чуулган,,14:00,Зөвхөн бодит эхлэлтэй,Эцсийн,https://www.parliament.mn/nn/76000/,,Биеэр оролцсон хувь,80.2,хувь
2025-10-31,Намрын ээлжит чуулган,,14:00,Зөвхөн бодит эхлэлтэй,Эцсийн,https://www.parliament.mn/nn/76000/,,Биеэр оролцсон үеийн албан ёсны цагтаа ирэлтийн хувь,66.3,хувь
2025-11-05,Намрын ээлжит чуулган,14:00,14:03,Бүрэн,Эцсийн,https://www.parliament.mn/nn/76027/,,Хэлэлцэх асуудал,4,тоо
2025-11-05,Намрын ээлжит чуулган,14:00,14:03,Бүрэн,Эцсийн,https://www.parliament.mn/nn/76027/,,Хуралдаан эхэлсэн хоцролт,3,минут
2025-11-05,Намрын ээлжит чуулган,14:00,14:03,Бүрэн,Эцсийн,https://www.parliament.mn/nn/76027/,,Албан ёсоор цагтаа ирсэн,77,тоо
2025-11-05,Намрын ээлжит чуулган,14:00,14:03,Бүрэн,Эцсийн,https://www.parliament.mn/nn/76027/,,Албан ёсоор хоцорсон,24,тоо
2025-11-05,Намрын ээлжит чуулган,14:00,14:03,Бүрэн,Эцсийн,https://www.parliament.mn/nn/76027/,,Чөлөөтэй,6,тоо
2025-11-05,Намрын ээлжит чуулган,14:00,14:03,Бүрэн,Эцсийн,https://www.parliament.mn/nn/76027/,,Эмнэлгийн чөлөө,3,тоо
2025-11-05,Намрын ээлжит чуулган,14:00,14:03,Бүрэн,Эцсийн,https://www.parliament.mn/nn/76027/,,Орон нутгийн томилолт,0,тоо
2025-11-05,Намрын ээлжит чуулган,14:00,14:03,Бүрэн,Эцсийн,https://www.parliament.mn/nn/76027/,,Гадаад томилолт,8,тоо
2025-11-05,Намрын ээлжит чуулган,14:00,14:03,Бүрэн,Эцсийн,https://www.parliament.mn/nn/76027/,,Тайлбаргүй тасалсан,8,тоо
2025-11-05,Намрын ээлжит чуулган,14:00,14:03,Бүрэн,Эцсийн,https://www.parliament.mn/nn/76027/,,Биеэр оролцсон,101,тоо
2025-11-05,Намрын ээлжит чуулган,14:00,14:03,Бүрэн,Эцсийн,https://www.parliament.mn/nn/76027/,,Биеэр оролцсон хувь,80.2,хувь
2025-11-05,Намрын ээлжит чуулган,14:00,14:03,Бүрэн,Эцсийн,https://www.parliament.mn/nn/76027/,,Биеэр оролцсон үеийн албан ёсны цагтаа ирэлтийн хувь,76.2,хувь
2025-11-06,Намрын ээлжит чуулган,10:00,10:04,Бүрэн,Эцсийн,https://www.parliament.mn/nn/76033/,,Хэлэлцэх асуудал,2,тоо
2025-11-06,Намрын ээлжит чуулган,10:00,10:04,Бүрэн,Эцсийн,https://www.parliament.mn/nn/76033/,,Хуралдаан эхэлсэн хоцролт,4,минут
2025-11-06,Намрын ээлжит чуулган,10:00,10:04,Бүрэн,Эцсийн,https://www.parliament.mn/nn/76033/,,Албан ёсоор цагтаа ирсэн,72,тоо
2025-11-06,Намрын ээлжит чуулган,10:00,10:04,Бүрэн,Эцсийн,https://www.parliament.mn/nn/76033/,,Албан ёсоор хоцорсон,33,тоо
2025-11-06,Намрын ээлжит чуулган,10:00,10:04,Бүрэн,Эцсийн,https://www.parliament.mn/nn/76033/,,Чөлөөтэй,7,тоо
2025-11-06,Намрын ээлжит чуулган,10:00,10:04,Бүрэн,Эцсийн,https://www.parliament.mn/nn/76033/,,Эмнэлгийн чөлөө,4,тоо
2025-11-06,Намрын ээлжит чуулган,10:00,10:04,Бүрэн,Эцсийн,https://www.parliament.mn/nn/76033/,,Орон нутгийн томилолт,0,тоо
2025-11-06,Намрын ээлжит чуулган,10:00,10:04,Бүрэн,Эцсийн,https://www.parliament.mn/nn/76033/,,Гадаад томилолт,8,тоо
2025-11-06,Намрын ээлжит чуулган,10:00,10:04,Бүрэн,Эцсийн,https://www.parliament.mn/nn/76033/,,Тайлбаргүй тасалсан,2,тоо
2025-11-06,Намрын ээлжит чуулган,10:00,10:04,Бүрэн,Эцсийн,https://www.parliament.mn/nn/76033/,,Биеэр оролцсон,105,тоо
2025-11-06,Намрын ээлжит чуулган,10:00,10:04,Бүрэн,Эцсийн,https://www.parliament.mn/nn/76033/,,Биеэр оролцсон хувь,83.3,хувь
2025-11-06,Намрын ээлжит чуулган,10:00,10:04,Бүрэн,Эцсийн,https://www.parliament.mn/nn/76033/,,Биеэр оролцсон үеийн албан ёсны цагтаа ирэлтийн хувь,68.6,хувь
2025-11-07,Намрын ээлжит чуулган,10:00,10:33,Бүрэн,Эцсийн,https://www.parliament.mn/nn/76037/,,Хэлэлцэх асуудал,2,тоо
2025-11-07,Намрын ээлжит чуулган,10:00,10:33,Бүрэн,Эцсийн,https://www.parliament.mn/nn/76037/,,Хуралдаан эхэлсэн хоцролт,33,минут
2025-11-07,Намрын ээлжит чуулган,10:00,10:33,Бүрэн,Эцсийн,https://www.parliament.mn/nn/76037/,,Албан ёсоор цагтаа ирсэн,66,тоо
2025-11-07,Намрын ээлжит чуулган,10:00,10:33,Бүрэн,Эцсийн,https://www.parliament.mn/nn/76037/,,Албан ёсоор хоцорсон,34,тоо
2025-11-07,Намрын ээлжит чуулган,10:00,10:33,Бүрэн,Эцсийн,https://www.parliament.mn/nn/76037/,,Чөлөөтэй,5,тоо
2025-11-07,Намрын ээлжит чуулган,10:00,10:33,Бүрэн,Эцсийн,https://www.parliament.mn/nn/76037/,,Эмнэлгийн чөлөө,10,тоо
2025-11-07,Намрын ээлжит чуулган,10:00,10:33,Бүрэн,Эцсийн,https://www.parliament.mn/nn/76037/,,Орон нутгийн томилолт,1,тоо
2025-11-07,Намрын ээлжит чуулган,10:00,10:33,Бүрэн,Эцсийн,https://www.parliament.mn/nn/76037/,,Гадаад томилолт,7,тоо
2025-11-07,Намрын ээлжит чуулган,10:00,10:33,Бүрэн,Эцсийн,https://www.parliament.mn/nn/76037/,,Тайлбаргүй тасалсан,3,тоо
2025-11-07,Намрын ээлжит чуулган,10:00,10:33,Бүрэн,Эцсийн,https://www.parliament.mn/nn/76037/,,Биеэр оролцсон,100,тоо
2025-11-07,Намрын ээлжит чуулган,10:00,10:33,Бүрэн,Эцсийн,https://www.parliament.mn/nn/76037/,,Биеэр оролцсон хувь,79.4,хувь
2025-11-07,Намрын ээлжит чуулган,10:00,10:33,Бүрэн,Эцсийн,https://www.parliament.mn/nn/76037/,,Биеэр оролцсон үеийн албан ёсны цагтаа ирэлтийн хувь,66.0,хувь
2025-11-10,Намрын ээлжит чуулган,16:00,16:19,Бүрэн,Эцсийн,https://www.parliament.mn/nn/76054/,,Хэлэлцэх асуудал,2,тоо
2025-11-10,Намрын ээлжит чуулган,16:00,16:19,Бүрэн,Эцсийн,https://www.parliament.mn/nn/76054/,,Хуралдаан эхэлсэн хоцролт,19,минут
2025-11-10,Намрын ээлжит чуулган,16:00,16:19,Бүрэн,Эцсийн,https://www.parliament.mn/nn/76054/,,Албан ёсоор цагтаа ирсэн,81,тоо
2025-11-10,Намрын ээлжит чуулган,16:00,16:19,Бүрэн,Эцсийн,https://www.parliament.mn/nn/76054/,,Албан ёсоор хоцорсон,18,тоо
2025-11-10,Намрын ээлжит чуулган,16:00,16:19,Бүрэн,Эцсийн,https://www.parliament.mn/nn/76054/,,Чөлөөтэй,8,тоо
2025-11-10,Намрын ээлжит чуулган,16:00,16:19,Бүрэн,Эцсийн,https://www.parliament.mn/nn/76054/,,Эмнэлгийн чөлөө,7,тоо
2025-11-10,Намрын ээлжит чуулган,16:00,16:19,Бүрэн,Эцсийн,https://www.parliament.mn/nn/76054/,,Орон нутгийн томилолт,0,тоо
2025-11-10,Намрын ээлжит чуулган,16:00,16:19,Бүрэн,Эцсийн,https://www.parliament.mn/nn/76054/,,Гадаад томилолт,4,тоо
2025-11-10,Намрын ээлжит чуулган,16:00,16:19,Бүрэн,Эцсийн,https://www.parliament.mn/nn/76054/,,Тайлбаргүй тасалсан,8,тоо
2025-11-10,Намрын ээлжит чуулган,16:00,16:19,Бүрэн,Эцсийн,https://www.parliament.mn/nn/76054/,,Биеэр оролцсон,99,тоо
2025-11-10,Намрын ээлжит чуулган,16:00,16:19,Бүрэн,Эцсийн,https://www.parliament.mn/nn/76054/,,Биеэр оролцсон хувь,78.6,хувь
2025-11-10,Намрын ээлжит чуулган,16:00,16:19,Бүрэн,Эцсийн,https://www.parliament.mn/nn/76054/,,Биеэр оролцсон үеийн албан ёсны цагтаа ирэлтийн хувь,81.8,хувь
2025-11-11,Намрын ээлжит чуулган,14:00,14:08,Бүрэн,Эцсийн,https://www.parliament.mn/nn/76071/,,Хэлэлцэх асуудал,1,тоо
2025-11-11,Намрын ээлжит чуулган,14:00,14:08,Бүрэн,Эцсийн,https://www.parliament.mn/nn/76071/,,Хуралдаан эхэлсэн хоцролт,8,минут
2025-11-11,Намрын ээлжит чуулган,14:00,14:08,Бүрэн,Эцсийн,https://www.parliament.mn/nn/76071/,,Албан ёсоор цагтаа ирсэн,68,тоо
2025-11-11,Намрын ээлжит чуулган,14:00,14:08,Бүрэн,Эцсийн,https://www.parliament.mn/nn/76071/,,Албан ёсоор хоцорсон,25,тоо
2025-11-11,Намрын ээлжит чуулган,14:00,14:08,Бүрэн,Эцсийн,https://www.parliament.mn/nn/76071/,,Чөлөөтэй,7,тоо
2025-11-11,Намрын ээлжит чуулган,14:00,14:08,Бүрэн,Эцсийн,https://www.parliament.mn/nn/76071/,,Эмнэлгийн чөлөө,10,тоо
2025-11-11,Намрын ээлжит чуулган,14:00,14:08,Бүрэн,Эцсийн,https://www.parliament.mn/nn/76071/,,Орон нутгийн томилолт,1,тоо
2025-11-11,Намрын ээлжит чуулган,14:00,14:08,Бүрэн,Эцсийн,https://www.parliament.mn/nn/76071/,,Гадаад томилолт,4,тоо
2025-11-11,Намрын ээлжит чуулган,14:00,14:08,Бүрэн,Эцсийн,https://www.parliament.mn/nn/76071/,,Тайлбаргүй тасалсан,11,тоо
2025-11-11,Намрын ээлжит чуулган,14:00,14:08,Бүрэн,Эцсийн,https://www.parliament.mn/nn/76071/,,Биеэр оролцсон,93,тоо
2025-11-11,Намрын ээлжит чуулган,14:00,14:08,Бүрэн,Эцсийн,https://www.parliament.mn/nn/76071/,,Биеэр оролцсон хувь,73.8,хувь
2025-11-11,Намрын ээлжит чуулган,14:00,14:08,Бүрэн,Эцсийн,https://www.parliament.mn/nn/76071/,,Биеэр оролцсон үеийн албан ёсны цагтаа ирэлтийн хувь,73.1,хувь
2025-11-12,Намрын ээлжит чуулган,14:00,14:06,Бүрэн,Эцсийн,https://www.parliament.mn/nn/76082/,,Хэлэлцэх асуудал,5,тоо
2025-11-12,Намрын ээлжит чуулган,14:00,14:06,Бүрэн,Эцсийн,https://www.parliament.mn/nn/76082/,,Хуралдаан эхэлсэн хоцролт,6,минут
2025-11-12,Намрын ээлжит чуулган,14:00,14:06,Бүрэн,Эцсийн,https://www.parliament.mn/nn/76082/,,Албан ёсоор цагтаа ирсэн,74,тоо
2025-11-12,Намрын ээлжит чуулган,14:00,14:06,Бүрэн,Эцсийн,https://www.parliament.mn/nn/76082/,,Албан ёсоор хоцорсон,27,тоо
2025-11-12,Намрын ээлжит чуулган,14:00,14:06,Бүрэн,Эцсийн,https://www.parliament.mn/nn/76082/,,Чөлөөтэй,8,тоо
2025-11-12,Намрын ээлжит чуулган,14:00,14:06,Бүрэн,Эцсийн,https://www.parliament.mn/nn/76082/,,Эмнэлгийн чөлөө,7,тоо
2025-11-12,Намрын ээлжит чуулган,14:00,14:06,Бүрэн,Эцсийн,https://www.parliament.mn/nn/76082/,,Орон нутгийн томилолт,0,тоо
2025-11-12,Намрын ээлжит чуулган,14:00,14:06,Бүрэн,Эцсийн,https://www.parliament.mn/nn/76082/,,Гадаад томилолт,4,тоо
2025-11-12,Намрын ээлжит чуулган,14:00,14:06,Бүрэн,Эцсийн,https://www.parliament.mn/nn/76082/,,Тайлбаргүй тасалсан,6,тоо
2025-11-12,Намрын ээлжит чуулган,14:00,14:06,Бүрэн,Эцсийн,https://www.parliament.mn/nn/76082/,,Биеэр оролцсон,101,тоо
2025-11-12,Намрын ээлжит чуулган,14:00,14:06,Бүрэн,Эцсийн,https://www.parliament.mn/nn/76082/,,Биеэр оролцсон хувь,80.2,хувь
2025-11-12,Намрын ээлжит чуулган,14:00,14:06,Бүрэн,Эцсийн,https://www.parliament.mn/nn/76082/,,Биеэр оролцсон үеийн албан ёсны цагтаа ирэлтийн хувь,73.3,хувь
2025-11-13,Намрын ээлжит чуулган,10:00,10:10,Бүрэн,Эцсийн,https://www.parliament.mn/nn/76098/,,Хэлэлцэх асуудал,3,тоо
2025-11-13,Намрын ээлжит чуулган,10:00,10:10,Бүрэн,Эцсийн,https://www.parliament.mn/nn/76098/,,Хуралдаан эхэлсэн хоцролт,10,минут
2025-11-13,Намрын ээлжит чуулган,10:00,10:10,Бүрэн,Эцсийн,https://www.parliament.mn/nn/76098/,,Албан ёсоор цагтаа ирсэн,69,тоо
2025-11-13,Намрын ээлжит чуулган,10:00,10:10,Бүрэн,Эцсийн,https://www.parliament.mn/nn/76098/,,Албан ёсоор хоцорсон,28,тоо
2025-11-13,Намрын ээлжит чуулган,10:00,10:10,Бүрэн,Эцсийн,https://www.parliament.mn/nn/76098/,,Чөлөөтэй,7,тоо
2025-11-13,Намрын ээлжит чуулган,10:00,10:10,Бүрэн,Эцсийн,https://www.parliament.mn/nn/76098/,,Эмнэлгийн чөлөө,10,тоо
2025-11-13,Намрын ээлжит чуулган,10:00,10:10,Бүрэн,Эцсийн,https://www.parliament.mn/nn/76098/,,Орон нутгийн томилолт,0,тоо
2025-11-13,Намрын ээлжит чуулган,10:00,10:10,Бүрэн,Эцсийн,https://www.parliament.mn/nn/76098/,,Гадаад томилолт,4,тоо
2025-11-13,Намрын ээлжит чуулган,10:00,10:10,Бүрэн,Эцсийн,https://www.parliament.mn/nn/76098/,,Тайлбаргүй тасалсан,8,тоо
2025-11-13,Намрын ээлжит чуулган,10:00,10:10,Бүрэн,Эцсийн,https://www.parliament.mn/nn/76098/,,Биеэр оролцсон,97,тоо
2025-11-13,Намрын ээлжит чуулган,10:00,10:10,Бүрэн,Эцсийн,https://www.parliament.mn/nn/76098/,,Биеэр оролцсон хувь,77.0,хувь
2025-11-13,Намрын ээлжит чуулган,10:00,10:10,Бүрэн,Эцсийн,https://www.parliament.mn/nn/76098/,,Биеэр оролцсон үеийн албан ёсны цагтаа ирэлтийн хувь,71.1,хувь
2025-11-14,Намрын ээлжит чуулган,10:00,10:10,Бүрэн,Эцсийн,https://www.parliament.mn/nn/76106/,,Хэлэлцэх асуудал,3,тоо
2025-11-14,Намрын ээлжит чуулган,10:00,10:10,Бүрэн,Эцсийн,https://www.parliament.mn/nn/76106/,,Хуралдаан эхэлсэн хоцролт,10,минут
2025-11-14,Намрын ээлжит чуулган,10:00,10:10,Бүрэн,Эцсийн,https://www.parliament.mn/nn/76106/,,Албан ёсоор цагтаа ирсэн,64,тоо
2025-11-14,Намрын ээлжит чуулган,10:00,10:10,Бүрэн,Эцсийн,https://www.parliament.mn/nn/76106/,,Албан ёсоор хоцорсон,27,тоо
2025-11-14,Намрын ээлжит чуулган,10:00,10:10,Бүрэн,Эцсийн,https://www.parliament.mn/nn/76106/,,Чөлөөтэй,8,тоо
2025-11-14,Намрын ээлжит чуулган,10:00,10:10,Бүрэн,Эцсийн,https://www.parliament.mn/nn/76106/,,Эмнэлгийн чөлөө,8,тоо
2025-11-14,Намрын ээлжит чуулган,10:00,10:10,Бүрэн,Эцсийн,https://www.parliament.mn/nn/76106/,,Орон нутгийн томилолт,0,тоо
2025-11-14,Намрын ээлжит чуулган,10:00,10:10,Бүрэн,Эцсийн,https://www.parliament.mn/nn/76106/,,Гадаад томилолт,5,тоо
2025-11-14,Намрын ээлжит чуулган,10:00,10:10,Бүрэн,Эцсийн,https://www.parliament.mn/nn/76106/,,Тайлбаргүй тасалсан,14,тоо
2025-11-14,Намрын ээлжит чуулган,10:00,10:10,Бүрэн,Эцсийн,https://www.parliament.mn/nn/76106/,,Биеэр оролцсон,91,тоо
2025-11-14,Намрын ээлжит чуулган,10:00,10:10,Бүрэн,Эцсийн,https://www.parliament.mn/nn/76106/,,Биеэр оролцсон хувь,72.2,хувь
2025-11-14,Намрын ээлжит чуулган,10:00,10:10,Бүрэн,Эцсийн,https://www.parliament.mn/nn/76106/,,Биеэр оролцсон үеийн албан ёсны цагтаа ирэлтийн хувь,70.3,хувь
2025-11-20,Намрын ээлжит чуулган,10:00,10:32,Бүрэн,Эцсийн,https://www.parliament.mn/nn/76131/,,Хэлэлцэх асуудал,4,тоо
2025-11-20,Намрын ээлжит чуулган,10:00,10:32,Бүрэн,Эцсийн,https://www.parliament.mn/nn/76131/,,Хуралдаан эхэлсэн хоцролт,32,минут
2025-11-20,Намрын ээлжит чуулган,10:00,10:32,Бүрэн,Эцсийн,https://www.parliament.mn/nn/76131/,,Албан ёсоор цагтаа ирсэн,84,тоо
2025-11-20,Намрын ээлжит чуулган,10:00,10:32,Бүрэн,Эцсийн,https://www.parliament.mn/nn/76131/,,Албан ёсоор хоцорсон,13,тоо
2025-11-20,Намрын ээлжит чуулган,10:00,10:32,Бүрэн,Эцсийн,https://www.parliament.mn/nn/76131/,,Чөлөөтэй,5,тоо
2025-11-20,Намрын ээлжит чуулган,10:00,10:32,Бүрэн,Эцсийн,https://www.parliament.mn/nn/76131/,,Эмнэлгийн чөлөө,7,тоо
2025-11-20,Намрын ээлжит чуулган,10:00,10:32,Бүрэн,Эцсийн,https://www.parliament.mn/nn/76131/,,Орон нутгийн томилолт,1,тоо
2025-11-20,Намрын ээлжит чуулган,10:00,10:32,Бүрэн,Эцсийн,https://www.parliament.mn/nn/76131/,,Гадаад томилолт,8,тоо
2025-11-20,Намрын ээлжит чуулган,10:00,10:32,Бүрэн,Эцсийн,https://www.parliament.mn/nn/76131/,,Тайлбаргүй тасалсан,8,тоо
2025-11-20,Намрын ээлжит чуулган,10:00,10:32,Бүрэн,Эцсийн,https://www.parliament.mn/nn/76131/,,Биеэр оролцсон,97,тоо
2025-11-20,Намрын ээлжит чуулган,10:00,10:32,Бүрэн,Эцсийн,https://www.parliament.mn/nn/76131/,,Биеэр оролцсон хувь,77.0,хувь
2025-11-20,Намрын ээлжит чуулган,10:00,10:32,Бүрэн,Эцсийн,https://www.parliament.mn/nn/76131/,,Биеэр оролцсон үеийн албан ёсны цагтаа ирэлтийн хувь,86.6,хувь
2025-11-25,Намрын ээлжит чуулган,15:00,15:51,Бүрэн,Эцсийн,https://www.parliament.mn/nn/76154/,,Хэлэлцэх асуудал,0,тоо
2025-11-25,Намрын ээлжит чуулган,15:00,15:51,Бүрэн,Эцсийн,https://www.parliament.mn/nn/76154/,,Хуралдаан эхэлсэн хоцролт,51,минут
2025-11-25,Намрын ээлжит чуулган,15:00,15:51,Бүрэн,Эцсийн,https://www.parliament.mn/nn/76154/,,Албан ёсоор цагтаа ирсэн,65,тоо
2025-11-25,Намрын ээлжит чуулган,15:00,15:51,Бүрэн,Эцсийн,https://www.parliament.mn/nn/76154/,,Албан ёсоор хоцорсон,16,тоо
2025-11-25,Намрын ээлжит чуулган,15:00,15:51,Бүрэн,Эцсийн,https://www.parliament.mn/nn/76154/,,Чөлөөтэй,6,тоо
2025-11-25,Намрын ээлжит чуулган,15:00,15:51,Бүрэн,Эцсийн,https://www.parliament.mn/nn/76154/,,Эмнэлгийн чөлөө,9,тоо
2025-11-25,Намрын ээлжит чуулган,15:00,15:51,Бүрэн,Эцсийн,https://www.parliament.mn/nn/76154/,,Орон нутгийн томилолт,5,тоо
2025-11-25,Намрын ээлжит чуулган,15:00,15:51,Бүрэн,Эцсийн,https://www.parliament.mn/nn/76154/,,Гадаад томилолт,12,тоо
2025-11-25,Намрын ээлжит чуулган,15:00,15:51,Бүрэн,Эцсийн,https://www.parliament.mn/nn/76154/,,Тайлбаргүй тасалсан,13,тоо
2025-11-25,Намрын ээлжит чуулган,15:00,15:51,Бүрэн,Эцсийн,https://www.parliament.mn/nn/76154/,,Биеэр оролцсон,81,тоо
2025-11-25,Намрын ээлжит чуулган,15:00,15:51,Бүрэн,Эцсийн,https://www.parliament.mn/nn/76154/,,Биеэр оролцсон хувь,64.3,хувь
2025-11-25,Намрын ээлжит чуулган,15:00,15:51,Бүрэн,Эцсийн,https://www.parliament.mn/nn/76154/,,Биеэр оролцсон үеийн албан ёсны цагтаа ирэлтийн хувь,80.2,хувь
2025-11-27,Намрын ээлжит чуулган,10:00,10:12,Бүрэн,Эцсийн,https://www.parliament.mn/nn/76173/,,Хэлэлцэх асуудал,2,тоо
2025-11-27,Намрын ээлжит чуулган,10:00,10:12,Бүрэн,Эцсийн,https://www.parliament.mn/nn/76173/,,Хуралдаан эхэлсэн хоцролт,12,минут
2025-11-27,Намрын ээлжит чуулган,10:00,10:12,Бүрэн,Эцсийн,https://www.parliament.mn/nn/76173/,,Албан ёсоор цагтаа ирсэн,69,тоо
2025-11-27,Намрын ээлжит чуулган,10:00,10:12,Бүрэн,Эцсийн,https://www.parliament.mn/nn/76173/,,Албан ёсоор хоцорсон,21,тоо
2025-11-27,Намрын ээлжит чуулган,10:00,10:12,Бүрэн,Эцсийн,https://www.parliament.mn/nn/76173/,,Чөлөөтэй,4,тоо
2025-11-27,Намрын ээлжит чуулган,10:00,10:12,Бүрэн,Эцсийн,https://www.parliament.mn/nn/76173/,,Эмнэлгийн чөлөө,7,тоо
2025-11-27,Намрын ээлжит чуулган,10:00,10:12,Бүрэн,Эцсийн,https://www.parliament.mn/nn/76173/,,Орон нутгийн томилолт,4,тоо
2025-11-27,Намрын ээлжит чуулган,10:00,10:12,Бүрэн,Эцсийн,https://www.parliament.mn/nn/76173/,,Гадаад томилолт,17,тоо
2025-11-27,Намрын ээлжит чуулган,10:00,10:12,Бүрэн,Эцсийн,https://www.parliament.mn/nn/76173/,,Тайлбаргүй тасалсан,4,тоо
2025-11-27,Намрын ээлжит чуулган,10:00,10:12,Бүрэн,Эцсийн,https://www.parliament.mn/nn/76173/,,Биеэр оролцсон,90,тоо
2025-11-27,Намрын ээлжит чуулган,10:00,10:12,Бүрэн,Эцсийн,https://www.parliament.mn/nn/76173/,,Биеэр оролцсон хувь,71.4,хувь
2025-11-27,Намрын ээлжит чуулган,10:00,10:12,Бүрэн,Эцсийн,https://www.parliament.mn/nn/76173/,,Биеэр оролцсон үеийн албан ёсны цагтаа ирэлтийн хувь,76.7,хувь
2025-11-28,Намрын ээлжит чуулган,10:00,10:34,Бүрэн,Эцсийн,https://www.parliament.mn/nn/76181/,https://www.parliament.mn/files/1080a43f637a4ffd82a5929f5514790f/?d=1,Хэлэлцэх асуудал,2,тоо
2025-11-28,Намрын ээлжит чуулган,10:00,10:34,Бүрэн,Эцсийн,https://www.parliament.mn/nn/76181/,https://www.parliament.mn/files/1080a43f637a4ffd82a5929f5514790f/?d=1,Хуралдаан эхэлсэн хоцролт,34,минут
2025-11-28,Намрын ээлжит чуулган,10:00,10:34,Бүрэн,Эцсийн,https://www.parliament.mn/nn/76181/,https://www.parliament.mn/files/1080a43f637a4ffd82a5929f5514790f/?d=1,Албан ёсоор цагтаа ирсэн,75,тоо
2025-11-28,Намрын ээлжит чуулган,10:00,10:34,Бүрэн,Эцсийн,https://www.parliament.mn/nn/76181/,https://www.parliament.mn/files/1080a43f637a4ffd82a5929f5514790f/?d=1,Албан ёсоор хоцорсон,13,тоо
2025-11-28,Намрын ээлжит чуулган,10:00,10:34,Бүрэн,Эцсийн,https://www.parliament.mn/nn/76181/,https://www.parliament.mn/files/1080a43f637a4ffd82a5929f5514790f/?d=1,Чөлөөтэй,4,тоо
2025-11-28,Намрын ээлжит чуулган,10:00,10:34,Бүрэн,Эцсийн,https://www.parliament.mn/nn/76181/,https://www.parliament.mn/files/1080a43f637a4ffd82a5929f5514790f/?d=1,Эмнэлгийн чөлөө,6,тоо
2025-11-28,Намрын ээлжит чуулган,10:00,10:34,Бүрэн,Эцсийн,https://www.parliament.mn/nn/76181/,https://www.parliament.mn/files/1080a43f637a4ffd82a5929f5514790f/?d=1,Орон нутгийн томилолт,4,тоо
2025-11-28,Намрын ээлжит чуулган,10:00,10:34,Бүрэн,Эцсийн,https://www.parliament.mn/nn/76181/,https://www.parliament.mn/files/1080a43f637a4ffd82a5929f5514790f/?d=1,Гадаад томилолт,21,тоо
2025-11-28,Намрын ээлжит чуулган,10:00,10:34,Бүрэн,Эцсийн,https://www.parliament.mn/nn/76181/,https://www.parliament.mn/files/1080a43f637a4ffd82a5929f5514790f/?d=1,Тайлбаргүй тасалсан,3,тоо
2025-11-28,Намрын ээлжит чуулган,10:00,10:34,Бүрэн,Эцсийн,https://www.parliament.mn/nn/76181/,https://www.parliament.mn/files/1080a43f637a4ffd82a5929f5514790f/?d=1,Биеэр оролцсон,88,тоо
2025-11-28,Намрын ээлжит чуулган,10:00,10:34,Бүрэн,Эцсийн,https://www.parliament.mn/nn/76181/,https://www.parliament.mn/files/1080a43f637a4ffd82a5929f5514790f/?d=1,Биеэр оролцсон хувь,69.8,хувь
2025-11-28,Намрын ээлжит чуулган,10:00,10:34,Бүрэн,Эцсийн,https://www.parliament.mn/nn/76181/,https://www.parliament.mn/files/1080a43f637a4ffd82a5929f5514790f/?d=1,Биеэр оролцсон үеийн албан ёсны цагтаа ирэлтийн хувь,85.2,хувь
2025-12-04,Намрын ээлжит чуулган,10:00,10:40,Бүрэн,Эцсийн,https://www.parliament.mn/nn/76218/,https://www.parliament.mn/files/7fa4b663ea9648259d561f1873b85a9d/?d=1,Хэлэлцэх асуудал,4,тоо
2025-12-04,Намрын ээлжит чуулган,10:00,10:40,Бүрэн,Эцсийн,https://www.parliament.mn/nn/76218/,https://www.parliament.mn/files/7fa4b663ea9648259d561f1873b85a9d/?d=1,Хуралдаан эхэлсэн хоцролт,40,минут
2025-12-04,Намрын ээлжит чуулган,10:00,10:40,Бүрэн,Эцсийн,https://www.parliament.mn/nn/76218/,https://www.parliament.mn/files/7fa4b663ea9648259d561f1873b85a9d/?d=1,Албан ёсоор цагтаа ирсэн,65,тоо
2025-12-04,Намрын ээлжит чуулган,10:00,10:40,Бүрэн,Эцсийн,https://www.parliament.mn/nn/76218/,https://www.parliament.mn/files/7fa4b663ea9648259d561f1873b85a9d/?d=1,Албан ёсоор хоцорсон,13,тоо
2025-12-04,Намрын ээлжит чуулган,10:00,10:40,Бүрэн,Эцсийн,https://www.parliament.mn/nn/76218/,https://www.parliament.mn/files/7fa4b663ea9648259d561f1873b85a9d/?d=1,Чөлөөтэй,6,тоо
2025-12-04,Намрын ээлжит чуулган,10:00,10:40,Бүрэн,Эцсийн,https://www.parliament.mn/nn/76218/,https://www.parliament.mn/files/7fa4b663ea9648259d561f1873b85a9d/?d=1,Эмнэлгийн чөлөө,6,тоо
2025-12-04,Намрын ээлжит чуулган,10:00,10:40,Бүрэн,Эцсийн,https://www.parliament.mn/nn/76218/,https://www.parliament.mn/files/7fa4b663ea9648259d561f1873b85a9d/?d=1,Орон нутгийн томилолт,3,тоо
2025-12-04,Намрын ээлжит чуулган,10:00,10:40,Бүрэн,Эцсийн,https://www.parliament.mn/nn/76218/,https://www.parliament.mn/files/7fa4b663ea9648259d561f1873b85a9d/?d=1,Гадаад томилолт,29,тоо
2025-12-04,Намрын ээлжит чуулган,10:00,10:40,Бүрэн,Эцсийн,https://www.parliament.mn/nn/76218/,https://www.parliament.mn/files/7fa4b663ea9648259d561f1873b85a9d/?d=1,Тайлбаргүй тасалсан,4,тоо
2025-12-04,Намрын ээлжит чуулган,10:00,10:40,Бүрэн,Эцсийн,https://www.parliament.mn/nn/76218/,https://www.parliament.mn/files/7fa4b663ea9648259d561f1873b85a9d/?d=1,Биеэр оролцсон,78,тоо
2025-12-04,Намрын ээлжит чуулган,10:00,10:40,Бүрэн,Эцсийн,https://www.parliament.mn/nn/76218/,https://www.parliament.mn/files/7fa4b663ea9648259d561f1873b85a9d/?d=1,Биеэр оролцсон хувь,61.9,хувь
2025-12-04,Намрын ээлжит чуулган,10:00,10:40,Бүрэн,Эцсийн,https://www.parliament.mn/nn/76218/,https://www.parliament.mn/files/7fa4b663ea9648259d561f1873b85a9d/?d=1,Биеэр оролцсон үеийн албан ёсны цагтаа ирэлтийн хувь,83.3,хувь
2025-12-05,Намрын ээлжит чуулган,10:00,10:29,Бүрэн,Эцсийн,https://www.parliament.mn/nn/76229/,https://www.parliament.mn/files/7e459aa4c1e1436491c13bdde7de7519/?d=1,Хэлэлцэх асуудал,3,тоо
2025-12-05,Намрын ээлжит чуулган,10:00,10:29,Бүрэн,Эцсийн,https://www.parliament.mn/nn/76229/,https://www.parliament.mn/files/7e459aa4c1e1436491c13bdde7de7519/?d=1,Хуралдаан эхэлсэн хоцролт,29,минут
2025-12-05,Намрын ээлжит чуулган,10:00,10:29,Бүрэн,Эцсийн,https://www.parliament.mn/nn/76229/,https://www.parliament.mn/files/7e459aa4c1e1436491c13bdde7de7519/?d=1,Албан ёсоор цагтаа ирсэн,64,тоо
2025-12-05,Намрын ээлжит чуулган,10:00,10:29,Бүрэн,Эцсийн,https://www.parliament.mn/nn/76229/,https://www.parliament.mn/files/7e459aa4c1e1436491c13bdde7de7519/?d=1,Албан ёсоор хоцорсон,8,тоо
2025-12-05,Намрын ээлжит чуулган,10:00,10:29,Бүрэн,Эцсийн,https://www.parliament.mn/nn/76229/,https://www.parliament.mn/files/7e459aa4c1e1436491c13bdde7de7519/?d=1,Чөлөөтэй,8,тоо
2025-12-05,Намрын ээлжит чуулган,10:00,10:29,Бүрэн,Эцсийн,https://www.parliament.mn/nn/76229/,https://www.parliament.mn/files/7e459aa4c1e1436491c13bdde7de7519/?d=1,Эмнэлгийн чөлөө,8,тоо
2025-12-05,Намрын ээлжит чуулган,10:00,10:29,Бүрэн,Эцсийн,https://www.parliament.mn/nn/76229/,https://www.parliament.mn/files/7e459aa4c1e1436491c13bdde7de7519/?d=1,Орон нутгийн томилолт,2,тоо
2025-12-05,Намрын ээлжит чуулган,10:00,10:29,Бүрэн,Эцсийн,https://www.parliament.mn/nn/76229/,https://www.parliament.mn/files/7e459aa4c1e1436491c13bdde7de7519/?d=1,Гадаад томилолт,27,тоо
2025-12-05,Намрын ээлжит чуулган,10:00,10:29,Бүрэн,Эцсийн,https://www.parliament.mn/nn/76229/,https://www.parliament.mn/files/7e459aa4c1e1436491c13bdde7de7519/?d=1,Тайлбаргүй тасалсан,9,тоо
2025-12-05,Намрын ээлжит чуулган,10:00,10:29,Бүрэн,Эцсийн,https://www.parliament.mn/nn/76229/,https://www.parliament.mn/files/7e459aa4c1e1436491c13bdde7de7519/?d=1,Биеэр оролцсон,72,тоо
2025-12-05,Намрын ээлжит чуулган,10:00,10:29,Бүрэн,Эцсийн,https://www.parliament.mn/nn/76229/,https://www.parliament.mn/files/7e459aa4c1e1436491c13bdde7de7519/?d=1,Биеэр оролцсон хувь,57.1,хувь
2025-12-05,Намрын ээлжит чуулган,10:00,10:29,Бүрэн,Эцсийн,https://www.parliament.mn/nn/76229/,https://www.parliament.mn/files/7e459aa4c1e1436491c13bdde7de7519/?d=1,Биеэр оролцсон үеийн албан ёсны цагтаа ирэлтийн хувь,88.9,хувь
2025-12-11,Намрын ээлжит чуулган,10:00,10:20,Бүрэн,Эцсийн,https://www.parliament.mn/nn/76275/,https://www.parliament.mn/files/29059fc30d2d4be2bc6198a782e43397/?d=1,Хэлэлцэх асуудал,6,тоо
2025-12-11,Намрын ээлжит чуулган,10:00,10:20,Бүрэн,Эцсийн,https://www.parliament.mn/nn/76275/,https://www.parliament.mn/files/29059fc30d2d4be2bc6198a782e43397/?d=1,Хуралдаан эхэлсэн хоцролт,20,минут
2025-12-11,Намрын ээлжит чуулган,10:00,10:20,Бүрэн,Эцсийн,https://www.parliament.mn/nn/76275/,https://www.parliament.mn/files/29059fc30d2d4be2bc6198a782e43397/?d=1,Албан ёсоор цагтаа ирсэн,65,тоо
2025-12-11,Намрын ээлжит чуулган,10:00,10:20,Бүрэн,Эцсийн,https://www.parliament.mn/nn/76275/,https://www.parliament.mn/files/29059fc30d2d4be2bc6198a782e43397/?d=1,Албан ёсоор хоцорсон,34,тоо
2025-12-11,Намрын ээлжит чуулган,10:00,10:20,Бүрэн,Эцсийн,https://www.parliament.mn/nn/76275/,https://www.parliament.mn/files/29059fc30d2d4be2bc6198a782e43397/?d=1,Чөлөөтэй,8,тоо
2025-12-11,Намрын ээлжит чуулган,10:00,10:20,Бүрэн,Эцсийн,https://www.parliament.mn/nn/76275/,https://www.parliament.mn/files/29059fc30d2d4be2bc6198a782e43397/?d=1,Эмнэлгийн чөлөө,7,тоо
2025-12-11,Намрын ээлжит чуулган,10:00,10:20,Бүрэн,Эцсийн,https://www.parliament.mn/nn/76275/,https://www.parliament.mn/files/29059fc30d2d4be2bc6198a782e43397/?d=1,Орон нутгийн томилолт,3,тоо
2025-12-11,Намрын ээлжит чуулган,10:00,10:20,Бүрэн,Эцсийн,https://www.parliament.mn/nn/76275/,https://www.parliament.mn/files/29059fc30d2d4be2bc6198a782e43397/?d=1,Гадаад томилолт,7,тоо
2025-12-11,Намрын ээлжит чуулган,10:00,10:20,Бүрэн,Эцсийн,https://www.parliament.mn/nn/76275/,https://www.parliament.mn/files/29059fc30d2d4be2bc6198a782e43397/?d=1,Тайлбаргүй тасалсан,2,тоо
2025-12-11,Намрын ээлжит чуулган,10:00,10:20,Бүрэн,Эцсийн,https://www.parliament.mn/nn/76275/,https://www.parliament.mn/files/29059fc30d2d4be2bc6198a782e43397/?d=1,Биеэр оролцсон,99,тоо
2025-12-11,Намрын ээлжит чуулган,10:00,10:20,Бүрэн,Эцсийн,https://www.parliament.mn/nn/76275/,https://www.parliament.mn/files/29059fc30d2d4be2bc6198a782e43397/?d=1,Биеэр оролцсон хувь,78.6,хувь
2025-12-11,Намрын ээлжит чуулган,10:00,10:20,Бүрэн,Эцсийн,https://www.parliament.mn/nn/76275/,https://www.parliament.mn/files/29059fc30d2d4be2bc6198a782e43397/?d=1,Биеэр оролцсон үеийн албан ёсны цагтаа ирэлтийн хувь,65.7,хувь
2025-12-12,Намрын ээлжит чуулган,10:00,10:06,Бүрэн,Эцсийн,https://www.parliament.mn/nn/76281/,https://www.parliament.mn/files/9500570bceec4059ad8f59890eb345ba/?d=1,Хэлэлцэх асуудал,4,тоо
2025-12-12,Намрын ээлжит чуулган,10:00,10:06,Бүрэн,Эцсийн,https://www.parliament.mn/nn/76281/,https://www.parliament.mn/files/9500570bceec4059ad8f59890eb345ba/?d=1,Хуралдаан эхэлсэн хоцролт,6,минут
2025-12-12,Намрын ээлжит чуулган,10:00,10:06,Бүрэн,Эцсийн,https://www.parliament.mn/nn/76281/,https://www.parliament.mn/files/9500570bceec4059ad8f59890eb345ba/?d=1,Албан ёсоор цагтаа ирсэн,70,тоо
2025-12-12,Намрын ээлжит чуулган,10:00,10:06,Бүрэн,Эцсийн,https://www.parliament.mn/nn/76281/,https://www.parliament.mn/files/9500570bceec4059ad8f59890eb345ba/?d=1,Албан ёсоор хоцорсон,27,тоо
2025-12-12,Намрын ээлжит чуулган,10:00,10:06,Бүрэн,Эцсийн,https://www.parliament.mn/nn/76281/,https://www.parliament.mn/files/9500570bceec4059ad8f59890eb345ba/?d=1,Чөлөөтэй,9,тоо
2025-12-12,Намрын ээлжит чуулган,10:00,10:06,Бүрэн,Эцсийн,https://www.parliament.mn/nn/76281/,https://www.parliament.mn/files/9500570bceec4059ad8f59890eb345ba/?d=1,Эмнэлгийн чөлөө,9,тоо
2025-12-12,Намрын ээлжит чуулган,10:00,10:06,Бүрэн,Эцсийн,https://www.parliament.mn/nn/76281/,https://www.parliament.mn/files/9500570bceec4059ad8f59890eb345ba/?d=1,Орон нутгийн томилолт,2,тоо
2025-12-12,Намрын ээлжит чуулган,10:00,10:06,Бүрэн,Эцсийн,https://www.parliament.mn/nn/76281/,https://www.parliament.mn/files/9500570bceec4059ad8f59890eb345ba/?d=1,Гадаад томилолт,4,тоо
2025-12-12,Намрын ээлжит чуулган,10:00,10:06,Бүрэн,Эцсийн,https://www.parliament.mn/nn/76281/,https://www.parliament.mn/files/9500570bceec4059ad8f59890eb345ba/?d=1,Тайлбаргүй тасалсан,5,тоо
2025-12-12,Намрын ээлжит чуулган,10:00,10:06,Бүрэн,Эцсийн,https://www.parliament.mn/nn/76281/,https://www.parliament.mn/files/9500570bceec4059ad8f59890eb345ba/?d=1,Биеэр оролцсон,97,тоо
2025-12-12,Намрын ээлжит чуулган,10:00,10:06,Бүрэн,Эцсийн,https://www.parliament.mn/nn/76281/,https://www.parliament.mn/files/9500570bceec4059ad8f59890eb345ba/?d=1,Биеэр оролцсон хувь,77.0,хувь
2025-12-12,Намрын ээлжит чуулган,10:00,10:06,Бүрэн,Эцсийн,https://www.parliament.mn/nn/76281/,https://www.parliament.mn/files/9500570bceec4059ad8f59890eb345ba/?d=1,Биеэр оролцсон үеийн албан ёсны цагтаа ирэлтийн хувь,72.2,хувь
2025-12-18,Намрын ээлжит чуулган,10:00,10:03,Бүрэн,Эцсийн,https://www.parliament.mn/nn/76329/,https://www.parliament.mn/files/66ec14b278904c48afed0d1c627fbaae/?d=1,Хэлэлцэх асуудал,9,тоо
2025-12-18,Намрын ээлжит чуулган,10:00,10:03,Бүрэн,Эцсийн,https://www.parliament.mn/nn/76329/,https://www.parliament.mn/files/66ec14b278904c48afed0d1c627fbaae/?d=1,Хуралдаан эхэлсэн хоцролт,3,минут
2025-12-18,Намрын ээлжит чуулган,10:00,10:03,Бүрэн,Эцсийн,https://www.parliament.mn/nn/76329/,https://www.parliament.mn/files/66ec14b278904c48afed0d1c627fbaae/?d=1,Албан ёсоор цагтаа ирсэн,71,тоо
2025-12-18,Намрын ээлжит чуулган,10:00,10:03,Бүрэн,Эцсийн,https://www.parliament.mn/nn/76329/,https://www.parliament.mn/files/66ec14b278904c48afed0d1c627fbaae/?d=1,Албан ёсоор хоцорсон,34,тоо
2025-12-18,Намрын ээлжит чуулган,10:00,10:03,Бүрэн,Эцсийн,https://www.parliament.mn/nn/76329/,https://www.parliament.mn/files/66ec14b278904c48afed0d1c627fbaae/?d=1,Чөлөөтэй,5,тоо
2025-12-18,Намрын ээлжит чуулган,10:00,10:03,Бүрэн,Эцсийн,https://www.parliament.mn/nn/76329/,https://www.parliament.mn/files/66ec14b278904c48afed0d1c627fbaae/?d=1,Эмнэлгийн чөлөө,5,тоо
2025-12-18,Намрын ээлжит чуулган,10:00,10:03,Бүрэн,Эцсийн,https://www.parliament.mn/nn/76329/,https://www.parliament.mn/files/66ec14b278904c48afed0d1c627fbaae/?d=1,Орон нутгийн томилолт,3,тоо
2025-12-18,Намрын ээлжит чуулган,10:00,10:03,Бүрэн,Эцсийн,https://www.parliament.mn/nn/76329/,https://www.parliament.mn/files/66ec14b278904c48afed0d1c627fbaae/?d=1,Гадаад томилолт,5,тоо
2025-12-18,Намрын ээлжит чуулган,10:00,10:03,Бүрэн,Эцсийн,https://www.parliament.mn/nn/76329/,https://www.parliament.mn/files/66ec14b278904c48afed0d1c627fbaae/?d=1,Тайлбаргүй тасалсан,3,тоо
2025-12-18,Намрын ээлжит чуулган,10:00,10:03,Бүрэн,Эцсийн,https://www.parliament.mn/nn/76329/,https://www.parliament.mn/files/66ec14b278904c48afed0d1c627fbaae/?d=1,Биеэр оролцсон,105,тоо
2025-12-18,Намрын ээлжит чуулган,10:00,10:03,Бүрэн,Эцсийн,https://www.parliament.mn/nn/76329/,https://www.parliament.mn/files/66ec14b278904c48afed0d1c627fbaae/?d=1,Биеэр оролцсон хувь,83.3,хувь
2025-12-18,Намрын ээлжит чуулган,10:00,10:03,Бүрэн,Эцсийн,https://www.parliament.mn/nn/76329/,https://www.parliament.mn/files/66ec14b278904c48afed0d1c627fbaae/?d=1,Биеэр оролцсон үеийн албан ёсны цагтаа ирэлтийн хувь,67.6,хувь
2025-12-19,Намрын ээлжит чуулган,10:00,10:20,Бүрэн,Эцсийн,https://www.parliament.mn/nn/76342/,https://www.parliament.mn/files/182361ef95ab4c929ae9b50298e73d4d/?d=1,Хэлэлцэх асуудал,3,тоо
2025-12-19,Намрын ээлжит чуулган,10:00,10:20,Бүрэн,Эцсийн,https://www.parliament.mn/nn/76342/,https://www.parliament.mn/files/182361ef95ab4c929ae9b50298e73d4d/?d=1,Хуралдаан эхэлсэн хоцролт,20,минут
2025-12-19,Намрын ээлжит чуулган,10:00,10:20,Бүрэн,Эцсийн,https://www.parliament.mn/nn/76342/,https://www.parliament.mn/files/182361ef95ab4c929ae9b50298e73d4d/?d=1,Албан ёсоор цагтаа ирсэн,64,тоо
2025-12-19,Намрын ээлжит чуулган,10:00,10:20,Бүрэн,Эцсийн,https://www.parliament.mn/nn/76342/,https://www.parliament.mn/files/182361ef95ab4c929ae9b50298e73d4d/?d=1,Албан ёсоор хоцорсон,30,тоо
2025-12-19,Намрын ээлжит чуулган,10:00,10:20,Бүрэн,Эцсийн,https://www.parliament.mn/nn/76342/,https://www.parliament.mn/files/182361ef95ab4c929ae9b50298e73d4d/?d=1,Чөлөөтэй,5,тоо
2025-12-19,Намрын ээлжит чуулган,10:00,10:20,Бүрэн,Эцсийн,https://www.parliament.mn/nn/76342/,https://www.parliament.mn/files/182361ef95ab4c929ae9b50298e73d4d/?d=1,Эмнэлгийн чөлөө,9,тоо
2025-12-19,Намрын ээлжит чуулган,10:00,10:20,Бүрэн,Эцсийн,https://www.parliament.mn/nn/76342/,https://www.parliament.mn/files/182361ef95ab4c929ae9b50298e73d4d/?d=1,Орон нутгийн томилолт,3,тоо
2025-12-19,Намрын ээлжит чуулган,10:00,10:20,Бүрэн,Эцсийн,https://www.parliament.mn/nn/76342/,https://www.parliament.mn/files/182361ef95ab4c929ae9b50298e73d4d/?d=1,Гадаад томилолт,5,тоо
2025-12-19,Намрын ээлжит чуулган,10:00,10:20,Бүрэн,Эцсийн,https://www.parliament.mn/nn/76342/,https://www.parliament.mn/files/182361ef95ab4c929ae9b50298e73d4d/?d=1,Тайлбаргүй тасалсан,10,тоо
2025-12-19,Намрын ээлжит чуулган,10:00,10:20,Бүрэн,Эцсийн,https://www.parliament.mn/nn/76342/,https://www.parliament.mn/files/182361ef95ab4c929ae9b50298e73d4d/?d=1,Биеэр оролцсон,94,тоо
2025-12-19,Намрын ээлжит чуулган,10:00,10:20,Бүрэн,Эцсийн,https://www.parliament.mn/nn/76342/,https://www.parliament.mn/files/182361ef95ab4c929ae9b50298e73d4d/?d=1,Биеэр оролцсон хувь,74.6,хувь
2025-12-19,Намрын ээлжит чуулган,10:00,10:20,Бүрэн,Эцсийн,https://www.parliament.mn/nn/76342/,https://www.parliament.mn/files/182361ef95ab4c929ae9b50298e73d4d/?d=1,Биеэр оролцсон үеийн албан ёсны цагтаа ирэлтийн хувь,68.1,хувь
2025-12-23,Намрын ээлжит чуулган,14:00,14:27,Бүрэн,Эцсийн,https://www.parliament.mn/nn/76351/,https://www.parliament.mn/files/42224df5a1da4738bc03b84717eebe95/?d=1,Хэлэлцэх асуудал,1,тоо
2025-12-23,Намрын ээлжит чуулган,14:00,14:27,Бүрэн,Эцсийн,https://www.parliament.mn/nn/76351/,https://www.parliament.mn/files/42224df5a1da4738bc03b84717eebe95/?d=1,Хуралдаан эхэлсэн хоцролт,27,минут
2025-12-23,Намрын ээлжит чуулган,14:00,14:27,Бүрэн,Эцсийн,https://www.parliament.mn/nn/76351/,https://www.parliament.mn/files/42224df5a1da4738bc03b84717eebe95/?d=1,Албан ёсоор цагтаа ирсэн,69,тоо
2025-12-23,Намрын ээлжит чуулган,14:00,14:27,Бүрэн,Эцсийн,https://www.parliament.mn/nn/76351/,https://www.parliament.mn/files/42224df5a1da4738bc03b84717eebe95/?d=1,Албан ёсоор хоцорсон,10,тоо
2025-12-23,Намрын ээлжит чуулган,14:00,14:27,Бүрэн,Эцсийн,https://www.parliament.mn/nn/76351/,https://www.parliament.mn/files/42224df5a1da4738bc03b84717eebe95/?d=1,Чөлөөтэй,5,тоо
2025-12-23,Намрын ээлжит чуулган,14:00,14:27,Бүрэн,Эцсийн,https://www.parliament.mn/nn/76351/,https://www.parliament.mn/files/42224df5a1da4738bc03b84717eebe95/?d=1,Эмнэлгийн чөлөө,5,тоо
2025-12-23,Намрын ээлжит чуулган,14:00,14:27,Бүрэн,Эцсийн,https://www.parliament.mn/nn/76351/,https://www.parliament.mn/files/42224df5a1da4738bc03b84717eebe95/?d=1,Орон нутгийн томилолт,2,тоо
2025-12-23,Намрын ээлжит чуулган,14:00,14:27,Бүрэн,Эцсийн,https://www.parliament.mn/nn/76351/,https://www.parliament.mn/files/42224df5a1da4738bc03b84717eebe95/?d=1,Гадаад томилолт,2,тоо
2025-12-23,Намрын ээлжит чуулган,14:00,14:27,Бүрэн,Эцсийн,https://www.parliament.mn/nn/76351/,https://www.parliament.mn/files/42224df5a1da4738bc03b84717eebe95/?d=1,Тайлбаргүй тасалсан,33,тоо
2025-12-23,Намрын ээлжит чуулган,14:00,14:27,Бүрэн,Эцсийн,https://www.parliament.mn/nn/76351/,https://www.parliament.mn/files/42224df5a1da4738bc03b84717eebe95/?d=1,Биеэр оролцсон,79,тоо
2025-12-23,Намрын ээлжит чуулган,14:00,14:27,Бүрэн,Эцсийн,https://www.parliament.mn/nn/76351/,https://www.parliament.mn/files/42224df5a1da4738bc03b84717eebe95/?d=1,Биеэр оролцсон хувь,62.7,хувь
2025-12-23,Намрын ээлжит чуулган,14:00,14:27,Бүрэн,Эцсийн,https://www.parliament.mn/nn/76351/,https://www.parliament.mn/files/42224df5a1da4738bc03b84717eebe95/?d=1,Биеэр оролцсон үеийн албан ёсны цагтаа ирэлтийн хувь,87.3,хувь
2025-12-25,Намрын ээлжит чуулган,10:00,10:11,Бүрэн,Эцсийн,https://www.parliament.mn/nn/76405/,https://www.parliament.mn/files/dd87b80e2d6e4ad09cc0427c9602c9e1/?d=1,Хэлэлцэх асуудал,7,тоо
2025-12-25,Намрын ээлжит чуулган,10:00,10:11,Бүрэн,Эцсийн,https://www.parliament.mn/nn/76405/,https://www.parliament.mn/files/dd87b80e2d6e4ad09cc0427c9602c9e1/?d=1,Хуралдаан эхэлсэн хоцролт,11,минут
2025-12-25,Намрын ээлжит чуулган,10:00,10:11,Бүрэн,Эцсийн,https://www.parliament.mn/nn/76405/,https://www.parliament.mn/files/dd87b80e2d6e4ad09cc0427c9602c9e1/?d=1,Албан ёсоор цагтаа ирсэн,73,тоо
2025-12-25,Намрын ээлжит чуулган,10:00,10:11,Бүрэн,Эцсийн,https://www.parliament.mn/nn/76405/,https://www.parliament.mn/files/dd87b80e2d6e4ad09cc0427c9602c9e1/?d=1,Албан ёсоор хоцорсон,22,тоо
2025-12-25,Намрын ээлжит чуулган,10:00,10:11,Бүрэн,Эцсийн,https://www.parliament.mn/nn/76405/,https://www.parliament.mn/files/dd87b80e2d6e4ad09cc0427c9602c9e1/?d=1,Чөлөөтэй,13,тоо
2025-12-25,Намрын ээлжит чуулган,10:00,10:11,Бүрэн,Эцсийн,https://www.parliament.mn/nn/76405/,https://www.parliament.mn/files/dd87b80e2d6e4ad09cc0427c9602c9e1/?d=1,Эмнэлгийн чөлөө,9,тоо
2025-12-25,Намрын ээлжит чуулган,10:00,10:11,Бүрэн,Эцсийн,https://www.parliament.mn/nn/76405/,https://www.parliament.mn/files/dd87b80e2d6e4ad09cc0427c9602c9e1/?d=1,Орон нутгийн томилолт,5,тоо
2025-12-25,Намрын ээлжит чуулган,10:00,10:11,Бүрэн,Эцсийн,https://www.parliament.mn/nn/76405/,https://www.parliament.mn/files/dd87b80e2d6e4ad09cc0427c9602c9e1/?d=1,Гадаад томилолт,2,тоо
2025-12-25,Намрын ээлжит чуулган,10:00,10:11,Бүрэн,Эцсийн,https://www.parliament.mn/nn/76405/,https://www.parliament.mn/files/dd87b80e2d6e4ad09cc0427c9602c9e1/?d=1,Тайлбаргүй тасалсан,2,тоо
2025-12-25,Намрын ээлжит чуулган,10:00,10:11,Бүрэн,Эцсийн,https://www.parliament.mn/nn/76405/,https://www.parliament.mn/files/dd87b80e2d6e4ad09cc0427c9602c9e1/?d=1,Биеэр оролцсон,95,тоо
2025-12-25,Намрын ээлжит чуулган,10:00,10:11,Бүрэн,Эцсийн,https://www.parliament.mn/nn/76405/,https://www.parliament.mn/files/dd87b80e2d6e4ad09cc0427c9602c9e1/?d=1,Биеэр оролцсон хувь,75.4,хувь
2025-12-25,Намрын ээлжит чуулган,10:00,10:11,Бүрэн,Эцсийн,https://www.parliament.mn/nn/76405/,https://www.parliament.mn/files/dd87b80e2d6e4ad09cc0427c9602c9e1/?d=1,Биеэр оролцсон үеийн албан ёсны цагтаа ирэлтийн хувь,76.8,хувь
2025-12-26,Намрын ээлжит чуулган,10:00,10:25,Бүрэн,Эцсийн,https://www.parliament.mn/nn/76412/,https://www.parliament.mn/files/453bd2d3b45e4774880ee92c08e7f04f/?d=1,Хэлэлцэх асуудал,7,тоо
2025-12-26,Намрын ээлжит чуулган,10:00,10:25,Бүрэн,Эцсийн,https://www.parliament.mn/nn/76412/,https://www.parliament.mn/files/453bd2d3b45e4774880ee92c08e7f04f/?d=1,Хуралдаан эхэлсэн хоцролт,25,минут
2025-12-26,Намрын ээлжит чуулган,10:00,10:25,Бүрэн,Эцсийн,https://www.parliament.mn/nn/76412/,https://www.parliament.mn/files/453bd2d3b45e4774880ee92c08e7f04f/?d=1,Албан ёсоор цагтаа ирсэн,76,тоо
2025-12-26,Намрын ээлжит чуулган,10:00,10:25,Бүрэн,Эцсийн,https://www.parliament.mn/nn/76412/,https://www.parliament.mn/files/453bd2d3b45e4774880ee92c08e7f04f/?d=1,Албан ёсоор хоцорсон,16,тоо
2025-12-26,Намрын ээлжит чуулган,10:00,10:25,Бүрэн,Эцсийн,https://www.parliament.mn/nn/76412/,https://www.parliament.mn/files/453bd2d3b45e4774880ee92c08e7f04f/?d=1,Чөлөөтэй,13,тоо
2025-12-26,Намрын ээлжит чуулган,10:00,10:25,Бүрэн,Эцсийн,https://www.parliament.mn/nn/76412/,https://www.parliament.mn/files/453bd2d3b45e4774880ee92c08e7f04f/?d=1,Эмнэлгийн чөлөө,11,тоо
2025-12-26,Намрын ээлжит чуулган,10:00,10:25,Бүрэн,Эцсийн,https://www.parliament.mn/nn/76412/,https://www.parliament.mn/files/453bd2d3b45e4774880ee92c08e7f04f/?d=1,Орон нутгийн томилолт,3,тоо
2025-12-26,Намрын ээлжит чуулган,10:00,10:25,Бүрэн,Эцсийн,https://www.parliament.mn/nn/76412/,https://www.parliament.mn/files/453bd2d3b45e4774880ee92c08e7f04f/?d=1,Гадаад томилолт,4,тоо
2025-12-26,Намрын ээлжит чуулган,10:00,10:25,Бүрэн,Эцсийн,https://www.parliament.mn/nn/76412/,https://www.parliament.mn/files/453bd2d3b45e4774880ee92c08e7f04f/?d=1,Тайлбаргүй тасалсан,3,тоо
2025-12-26,Намрын ээлжит чуулган,10:00,10:25,Бүрэн,Эцсийн,https://www.parliament.mn/nn/76412/,https://www.parliament.mn/files/453bd2d3b45e4774880ee92c08e7f04f/?d=1,Биеэр оролцсон,92,тоо
2025-12-26,Намрын ээлжит чуулган,10:00,10:25,Бүрэн,Эцсийн,https://www.parliament.mn/nn/76412/,https://www.parliament.mn/files/453bd2d3b45e4774880ee92c08e7f04f/?d=1,Биеэр оролцсон хувь,73.0,хувь
2025-12-26,Намрын ээлжит чуулган,10:00,10:25,Бүрэн,Эцсийн,https://www.parliament.mn/nn/76412/,https://www.parliament.mn/files/453bd2d3b45e4774880ee92c08e7f04f/?d=1,Биеэр оролцсон үеийн албан ёсны цагтаа ирэлтийн хувь,82.6,хувь
2025-12-30,Намрын ээлжит чуулган,14:00,14:49,Бүрэн,Эцсийн,https://www.parliament.mn/nn/76426/,https://www.parliament.mn/files/616eea751a124921ad620ed467e89090/?d=1,Хэлэлцэх асуудал,7,тоо
2025-12-30,Намрын ээлжит чуулган,14:00,14:49,Бүрэн,Эцсийн,https://www.parliament.mn/nn/76426/,https://www.parliament.mn/files/616eea751a124921ad620ed467e89090/?d=1,Хуралдаан эхэлсэн хоцролт,49,минут
2025-12-30,Намрын ээлжит чуулган,14:00,14:49,Бүрэн,Эцсийн,https://www.parliament.mn/nn/76426/,https://www.parliament.mn/files/616eea751a124921ad620ed467e89090/?d=1,Албан ёсоор цагтаа ирсэн,76,тоо
2025-12-30,Намрын ээлжит чуулган,14:00,14:49,Бүрэн,Эцсийн,https://www.parliament.mn/nn/76426/,https://www.parliament.mn/files/616eea751a124921ad620ed467e89090/?d=1,Албан ёсоор хоцорсон,5,тоо
2025-12-30,Намрын ээлжит чуулган,14:00,14:49,Бүрэн,Эцсийн,https://www.parliament.mn/nn/76426/,https://www.parliament.mn/files/616eea751a124921ad620ed467e89090/?d=1,Чөлөөтэй,16,тоо
2025-12-30,Намрын ээлжит чуулган,14:00,14:49,Бүрэн,Эцсийн,https://www.parliament.mn/nn/76426/,https://www.parliament.mn/files/616eea751a124921ad620ed467e89090/?d=1,Эмнэлгийн чөлөө,13,тоо
2025-12-30,Намрын ээлжит чуулган,14:00,14:49,Бүрэн,Эцсийн,https://www.parliament.mn/nn/76426/,https://www.parliament.mn/files/616eea751a124921ad620ed467e89090/?d=1,Орон нутгийн томилолт,3,тоо
2025-12-30,Намрын ээлжит чуулган,14:00,14:49,Бүрэн,Эцсийн,https://www.parliament.mn/nn/76426/,https://www.parliament.mn/files/616eea751a124921ad620ed467e89090/?d=1,Гадаад томилолт,4,тоо
2025-12-30,Намрын ээлжит чуулган,14:00,14:49,Бүрэн,Эцсийн,https://www.parliament.mn/nn/76426/,https://www.parliament.mn/files/616eea751a124921ad620ed467e89090/?d=1,Тайлбаргүй тасалсан,9,тоо
2025-12-30,Намрын ээлжит чуулган,14:00,14:49,Бүрэн,Эцсийн,https://www.parliament.mn/nn/76426/,https://www.parliament.mn/files/616eea751a124921ad620ed467e89090/?d=1,Биеэр оролцсон,81,тоо
2025-12-30,Намрын ээлжит чуулган,14:00,14:49,Бүрэн,Эцсийн,https://www.parliament.mn/nn/76426/,https://www.parliament.mn/files/616eea751a124921ad620ed467e89090/?d=1,Биеэр оролцсон хувь,64.3,хувь
2025-12-30,Намрын ээлжит чуулган,14:00,14:49,Бүрэн,Эцсийн,https://www.parliament.mn/nn/76426/,https://www.parliament.mn/files/616eea751a124921ad620ed467e89090/?d=1,Биеэр оролцсон үеийн албан ёсны цагтаа ирэлтийн хувь,93.8,хувь
2025-12-31,Намрын ээлжит чуулган,10:00,10:34,Бүрэн,Эцсийн,https://www.parliament.mn/nn/76436/,https://www.parliament.mn/files/560a024db477476ebf5c1be1bfa7d4a8/?d=1,Хэлэлцэх асуудал,3,тоо
2025-12-31,Намрын ээлжит чуулган,10:00,10:34,Бүрэн,Эцсийн,https://www.parliament.mn/nn/76436/,https://www.parliament.mn/files/560a024db477476ebf5c1be1bfa7d4a8/?d=1,Хуралдаан эхэлсэн хоцролт,34,минут
2025-12-31,Намрын ээлжит чуулган,10:00,10:34,Бүрэн,Эцсийн,https://www.parliament.mn/nn/76436/,https://www.parliament.mn/files/560a024db477476ebf5c1be1bfa7d4a8/?d=1,Албан ёсоор цагтаа ирсэн,64,тоо
2025-12-31,Намрын ээлжит чуулган,10:00,10:34,Бүрэн,Эцсийн,https://www.parliament.mn/nn/76436/,https://www.parliament.mn/files/560a024db477476ebf5c1be1bfa7d4a8/?d=1,Албан ёсоор хоцорсон,10,тоо
2025-12-31,Намрын ээлжит чуулган,10:00,10:34,Бүрэн,Эцсийн,https://www.parliament.mn/nn/76436/,https://www.parliament.mn/files/560a024db477476ebf5c1be1bfa7d4a8/?d=1,Чөлөөтэй,15,тоо
2025-12-31,Намрын ээлжит чуулган,10:00,10:34,Бүрэн,Эцсийн,https://www.parliament.mn/nn/76436/,https://www.parliament.mn/files/560a024db477476ebf5c1be1bfa7d4a8/?d=1,Эмнэлгийн чөлөө,14,тоо
2025-12-31,Намрын ээлжит чуулган,10:00,10:34,Бүрэн,Эцсийн,https://www.parliament.mn/nn/76436/,https://www.parliament.mn/files/560a024db477476ebf5c1be1bfa7d4a8/?d=1,Орон нутгийн томилолт,4,тоо
2025-12-31,Намрын ээлжит чуулган,10:00,10:34,Бүрэн,Эцсийн,https://www.parliament.mn/nn/76436/,https://www.parliament.mn/files/560a024db477476ebf5c1be1bfa7d4a8/?d=1,Гадаад томилолт,4,тоо
2025-12-31,Намрын ээлжит чуулган,10:00,10:34,Бүрэн,Эцсийн,https://www.parliament.mn/nn/76436/,https://www.parliament.mn/files/560a024db477476ebf5c1be1bfa7d4a8/?d=1,Тайлбаргүй тасалсан,15,тоо
2025-12-31,Намрын ээлжит чуулган,10:00,10:34,Бүрэн,Эцсийн,https://www.parliament.mn/nn/76436/,https://www.parliament.mn/files/560a024db477476ebf5c1be1bfa7d4a8/?d=1,Биеэр оролцсон,74,тоо
2025-12-31,Намрын ээлжит чуулган,10:00,10:34,Бүрэн,Эцсийн,https://www.parliament.mn/nn/76436/,https://www.parliament.mn/files/560a024db477476ebf5c1be1bfa7d4a8/?d=1,Биеэр оролцсон хувь,58.7,хувь
2025-12-31,Намрын ээлжит чуулган,10:00,10:34,Бүрэн,Эцсийн,https://www.parliament.mn/nn/76436/,https://www.parliament.mn/files/560a024db477476ebf5c1be1bfa7d4a8/?d=1,Биеэр оролцсон үеийн албан ёсны цагтаа ирэлтийн хувь,86.5,хувь
2026-03-16,Хаврын ээлжит чуулган,10:00,10:03,Бүрэн,Эцсийн,https://www.parliament.mn/nn/76796/,https://www.parliament.mn/files/19e5f0f78d15483f901a6dd48118a929/?d=1,Хэлэлцэх асуудал,1,тоо
2026-03-16,Хаврын ээлжит чуулган,10:00,10:03,Бүрэн,Эцсийн,https://www.parliament.mn/nn/76796/,https://www.parliament.mn/files/19e5f0f78d15483f901a6dd48118a929/?d=1,Хуралдаан эхэлсэн хоцролт,3,минут
2026-03-16,Хаврын ээлжит чуулган,10:00,10:03,Бүрэн,Эцсийн,https://www.parliament.mn/nn/76796/,https://www.parliament.mn/files/19e5f0f78d15483f901a6dd48118a929/?d=1,Албан ёсоор цагтаа ирсэн,101,тоо
2026-03-16,Хаврын ээлжит чуулган,10:00,10:03,Бүрэн,Эцсийн,https://www.parliament.mn/nn/76796/,https://www.parliament.mn/files/19e5f0f78d15483f901a6dd48118a929/?d=1,Албан ёсоор хоцорсон,19,тоо
2026-03-16,Хаврын ээлжит чуулган,10:00,10:03,Бүрэн,Эцсийн,https://www.parliament.mn/nn/76796/,https://www.parliament.mn/files/19e5f0f78d15483f901a6dd48118a929/?d=1,Чөлөөтэй,2,тоо
2026-03-16,Хаврын ээлжит чуулган,10:00,10:03,Бүрэн,Эцсийн,https://www.parliament.mn/nn/76796/,https://www.parliament.mn/files/19e5f0f78d15483f901a6dd48118a929/?d=1,Эмнэлгийн чөлөө,2,тоо
2026-03-16,Хаврын ээлжит чуулган,10:00,10:03,Бүрэн,Эцсийн,https://www.parliament.mn/nn/76796/,https://www.parliament.mn/files/19e5f0f78d15483f901a6dd48118a929/?d=1,Орон нутгийн томилолт,0,тоо
2026-03-16,Хаврын ээлжит чуулган,10:00,10:03,Бүрэн,Эцсийн,https://www.parliament.mn/nn/76796/,https://www.parliament.mn/files/19e5f0f78d15483f901a6dd48118a929/?d=1,Гадаад томилолт,2,тоо
2026-03-16,Хаврын ээлжит чуулган,10:00,10:03,Бүрэн,Эцсийн,https://www.parliament.mn/nn/76796/,https://www.parliament.mn/files/19e5f0f78d15483f901a6dd48118a929/?d=1,Тайлбаргүй тасалсан,0,тоо
2026-03-16,Хаврын ээлжит чуулган,10:00,10:03,Бүрэн,Эцсийн,https://www.parliament.mn/nn/76796/,https://www.parliament.mn/files/19e5f0f78d15483f901a6dd48118a929/?d=1,Биеэр оролцсон,120,тоо
2026-03-16,Хаврын ээлжит чуулган,10:00,10:03,Бүрэн,Эцсийн,https://www.parliament.mn/nn/76796/,https://www.parliament.mn/files/19e5f0f78d15483f901a6dd48118a929/?d=1,Биеэр оролцсон хувь,95.2,хувь
2026-03-16,Хаврын ээлжит чуулган,10:00,10:03,Бүрэн,Эцсийн,https://www.parliament.mn/nn/76796/,https://www.parliament.mn/files/19e5f0f78d15483f901a6dd48118a929/?d=1,Биеэр оролцсон үеийн албан ёсны цагтаа ирэлтийн хувь,84.2,хувь
2026-03-27,Хаврын ээлжит чуулган,18:00,20:28,Бүрэн,Эцсийн,https://www.parliament.mn/nn/76884/,https://www.parliament.mn/files/833888078ff6452081e7f5194f74e3d5/?d=1,Хэлэлцэх асуудал,4,тоо
2026-03-27,Хаврын ээлжит чуулган,18:00,20:28,Бүрэн,Эцсийн,https://www.parliament.mn/nn/76884/,https://www.parliament.mn/files/833888078ff6452081e7f5194f74e3d5/?d=1,Хуралдаан эхэлсэн хоцролт,148,минут
2026-03-27,Хаврын ээлжит чуулган,18:00,20:28,Бүрэн,Эцсийн,https://www.parliament.mn/nn/76884/,https://www.parliament.mn/files/833888078ff6452081e7f5194f74e3d5/?d=1,Албан ёсоор цагтаа ирсэн,68,тоо
2026-03-27,Хаврын ээлжит чуулган,18:00,20:28,Бүрэн,Эцсийн,https://www.parliament.mn/nn/76884/,https://www.parliament.mn/files/833888078ff6452081e7f5194f74e3d5/?d=1,Албан ёсоор хоцорсон,5,тоо
2026-03-27,Хаврын ээлжит чуулган,18:00,20:28,Бүрэн,Эцсийн,https://www.parliament.mn/nn/76884/,https://www.parliament.mn/files/833888078ff6452081e7f5194f74e3d5/?d=1,Чөлөөтэй,6,тоо
2026-03-27,Хаврын ээлжит чуулган,18:00,20:28,Бүрэн,Эцсийн,https://www.parliament.mn/nn/76884/,https://www.parliament.mn/files/833888078ff6452081e7f5194f74e3d5/?d=1,Эмнэлгийн чөлөө,5,тоо
2026-03-27,Хаврын ээлжит чуулган,18:00,20:28,Бүрэн,Эцсийн,https://www.parliament.mn/nn/76884/,https://www.parliament.mn/files/833888078ff6452081e7f5194f74e3d5/?d=1,Орон нутгийн томилолт,7,тоо
2026-03-27,Хаврын ээлжит чуулган,18:00,20:28,Бүрэн,Эцсийн,https://www.parliament.mn/nn/76884/,https://www.parliament.mn/files/833888078ff6452081e7f5194f74e3d5/?d=1,Гадаад томилолт,3,тоо
2026-03-27,Хаврын ээлжит чуулган,18:00,20:28,Бүрэн,Эцсийн,https://www.parliament.mn/nn/76884/,https://www.parliament.mn/files/833888078ff6452081e7f5194f74e3d5/?d=1,Тайлбаргүй тасалсан,32,тоо
2026-03-27,Хаврын ээлжит чуулган,18:00,20:28,Бүрэн,Эцсийн,https://www.parliament.mn/nn/76884/,https://www.parliament.mn/files/833888078ff6452081e7f5194f74e3d5/?d=1,Биеэр оролцсон,73,тоо
2026-03-27,Хаврын ээлжит чуулган,18:00,20:28,Бүрэн,Эцсийн,https://www.parliament.mn/nn/76884/,https://www.parliament.mn/files/833888078ff6452081e7f5194f74e3d5/?d=1,Биеэр оролцсон хувь,57.9,хувь
2026-03-27,Хаврын ээлжит чуулган,18:00,20:28,Бүрэн,Эцсийн,https://www.parliament.mn/nn/76884/,https://www.parliament.mn/files/833888078ff6452081e7f5194f74e3d5/?d=1,Биеэр оролцсон үеийн албан ёсны цагтаа ирэлтийн хувь,93.2,хувь
2026-03-30,Хаврын ээлжит чуулган,10:00,10:11,Бүрэн,Эцсийн,https://www.parliament.mn/nn/76893/,https://www.parliament.mn/files/ae4d4c9f23bb49ada42ea52cf532246e/?d=1,Хэлэлцэх асуудал,3,тоо
2026-03-30,Хаврын ээлжит чуулган,10:00,10:11,Бүрэн,Эцсийн,https://www.parliament.mn/nn/76893/,https://www.parliament.mn/files/ae4d4c9f23bb49ada42ea52cf532246e/?d=1,Хуралдаан эхэлсэн хоцролт,11,минут
2026-03-30,Хаврын ээлжит чуулган,10:00,10:11,Бүрэн,Эцсийн,https://www.parliament.mn/nn/76893/,https://www.parliament.mn/files/ae4d4c9f23bb49ada42ea52cf532246e/?d=1,Албан ёсоор цагтаа ирсэн,88,тоо
2026-03-30,Хаврын ээлжит чуулган,10:00,10:11,Бүрэн,Эцсийн,https://www.parliament.mn/nn/76893/,https://www.parliament.mn/files/ae4d4c9f23bb49ada42ea52cf532246e/?d=1,Албан ёсоор хоцорсон,25,тоо
2026-03-30,Хаврын ээлжит чуулган,10:00,10:11,Бүрэн,Эцсийн,https://www.parliament.mn/nn/76893/,https://www.parliament.mn/files/ae4d4c9f23bb49ada42ea52cf532246e/?d=1,Чөлөөтэй,4,тоо
2026-03-30,Хаврын ээлжит чуулган,10:00,10:11,Бүрэн,Эцсийн,https://www.parliament.mn/nn/76893/,https://www.parliament.mn/files/ae4d4c9f23bb49ada42ea52cf532246e/?d=1,Эмнэлгийн чөлөө,2,тоо
2026-03-30,Хаврын ээлжит чуулган,10:00,10:11,Бүрэн,Эцсийн,https://www.parliament.mn/nn/76893/,https://www.parliament.mn/files/ae4d4c9f23bb49ada42ea52cf532246e/?d=1,Орон нутгийн томилолт,0,тоо
2026-03-30,Хаврын ээлжит чуулган,10:00,10:11,Бүрэн,Эцсийн,https://www.parliament.mn/nn/76893/,https://www.parliament.mn/files/ae4d4c9f23bb49ada42ea52cf532246e/?d=1,Гадаад томилолт,6,тоо
2026-03-30,Хаврын ээлжит чуулган,10:00,10:11,Бүрэн,Эцсийн,https://www.parliament.mn/nn/76893/,https://www.parliament.mn/files/ae4d4c9f23bb49ada42ea52cf532246e/?d=1,Тайлбаргүй тасалсан,1,тоо
2026-03-30,Хаврын ээлжит чуулган,10:00,10:11,Бүрэн,Эцсийн,https://www.parliament.mn/nn/76893/,https://www.parliament.mn/files/ae4d4c9f23bb49ada42ea52cf532246e/?d=1,Биеэр оролцсон,113,тоо
2026-03-30,Хаврын ээлжит чуулган,10:00,10:11,Бүрэн,Эцсийн,https://www.parliament.mn/nn/76893/,https://www.parliament.mn/files/ae4d4c9f23bb49ada42ea52cf532246e/?d=1,Биеэр оролцсон хувь,89.7,хувь
2026-03-30,Хаврын ээлжит чуулган,10:00,10:11,Бүрэн,Эцсийн,https://www.parliament.mn/nn/76893/,https://www.parliament.mn/files/ae4d4c9f23bb49ada42ea52cf532246e/?d=1,Биеэр оролцсон үеийн албан ёсны цагтаа ирэлтийн хувь,77.9,хувь
2026-03-31,Хаврын ээлжит чуулган,14:00,14:02,Бүрэн,Эцсийн,https://www.parliament.mn/nn/76910/,https://www.parliament.mn/files/2219e6cd765a428ead7621ab85b1a670/?d=1,Хэлэлцэх асуудал,4,тоо
2026-03-31,Хаврын ээлжит чуулган,14:00,14:02,Бүрэн,Эцсийн,https://www.parliament.mn/nn/76910/,https://www.parliament.mn/files/2219e6cd765a428ead7621ab85b1a670/?d=1,Хуралдаан эхэлсэн хоцролт,2,минут
2026-03-31,Хаврын ээлжит чуулган,14:00,14:02,Бүрэн,Эцсийн,https://www.parliament.mn/nn/76910/,https://www.parliament.mn/files/2219e6cd765a428ead7621ab85b1a670/?d=1,Албан ёсоор цагтаа ирсэн,73,тоо
2026-03-31,Хаврын ээлжит чуулган,14:00,14:02,Бүрэн,Эцсийн,https://www.parliament.mn/nn/76910/,https://www.parliament.mn/files/2219e6cd765a428ead7621ab85b1a670/?d=1,Албан ёсоор хоцорсон,37,тоо
2026-03-31,Хаврын ээлжит чуулган,14:00,14:02,Бүрэн,Эцсийн,https://www.parliament.mn/nn/76910/,https://www.parliament.mn/files/2219e6cd765a428ead7621ab85b1a670/?d=1,Чөлөөтэй,5,тоо
2026-03-31,Хаврын ээлжит чуулган,14:00,14:02,Бүрэн,Эцсийн,https://www.parliament.mn/nn/76910/,https://www.parliament.mn/files/2219e6cd765a428ead7621ab85b1a670/?d=1,Эмнэлгийн чөлөө,6,тоо
2026-03-31,Хаврын ээлжит чуулган,14:00,14:02,Бүрэн,Эцсийн,https://www.parliament.mn/nn/76910/,https://www.parliament.mn/files/2219e6cd765a428ead7621ab85b1a670/?d=1,Орон нутгийн томилолт,0,тоо
2026-03-31,Хаврын ээлжит чуулган,14:00,14:02,Бүрэн,Эцсийн,https://www.parliament.mn/nn/76910/,https://www.parliament.mn/files/2219e6cd765a428ead7621ab85b1a670/?d=1,Гадаад томилолт,2,тоо
2026-03-31,Хаврын ээлжит чуулган,14:00,14:02,Бүрэн,Эцсийн,https://www.parliament.mn/nn/76910/,https://www.parliament.mn/files/2219e6cd765a428ead7621ab85b1a670/?d=1,Тайлбаргүй тасалсан,3,тоо
2026-03-31,Хаврын ээлжит чуулган,14:00,14:02,Бүрэн,Эцсийн,https://www.parliament.mn/nn/76910/,https://www.parliament.mn/files/2219e6cd765a428ead7621ab85b1a670/?d=1,Биеэр оролцсон,110,тоо
2026-03-31,Хаврын ээлжит чуулган,14:00,14:02,Бүрэн,Эцсийн,https://www.parliament.mn/nn/76910/,https://www.parliament.mn/files/2219e6cd765a428ead7621ab85b1a670/?d=1,Биеэр оролцсон хувь,87.3,хувь
2026-03-31,Хаврын ээлжит чуулган,14:00,14:02,Бүрэн,Эцсийн,https://www.parliament.mn/nn/76910/,https://www.parliament.mn/files/2219e6cd765a428ead7621ab85b1a670/?d=1,Биеэр оролцсон үеийн албан ёсны цагтаа ирэлтийн хувь,66.4,хувь
2026-04-02,Хаврын ээлжит чуулган,10:00,10:32,Бүрэн,Эцсийн,https://www.parliament.mn/nn/76935/,https://www.parliament.mn/files/7dc34504270b4219b22b45239d313bd7/?d=1,Хэлэлцэх асуудал,6,тоо
2026-04-02,Хаврын ээлжит чуулган,10:00,10:32,Бүрэн,Эцсийн,https://www.parliament.mn/nn/76935/,https://www.parliament.mn/files/7dc34504270b4219b22b45239d313bd7/?d=1,Хуралдаан эхэлсэн хоцролт,32,минут
2026-04-02,Хаврын ээлжит чуулган,10:00,10:32,Бүрэн,Эцсийн,https://www.parliament.mn/nn/76935/,https://www.parliament.mn/files/7dc34504270b4219b22b45239d313bd7/?d=1,Албан ёсоор цагтаа ирсэн,83,тоо
2026-04-02,Хаврын ээлжит чуулган,10:00,10:32,Бүрэн,Эцсийн,https://www.parliament.mn/nn/76935/,https://www.parliament.mn/files/7dc34504270b4219b22b45239d313bd7/?d=1,Албан ёсоор хоцорсон,32,тоо
2026-04-02,Хаврын ээлжит чуулган,10:00,10:32,Бүрэн,Эцсийн,https://www.parliament.mn/nn/76935/,https://www.parliament.mn/files/7dc34504270b4219b22b45239d313bd7/?d=1,Чөлөөтэй,3,тоо
2026-04-02,Хаврын ээлжит чуулган,10:00,10:32,Бүрэн,Эцсийн,https://www.parliament.mn/nn/76935/,https://www.parliament.mn/files/7dc34504270b4219b22b45239d313bd7/?d=1,Эмнэлгийн чөлөө,5,тоо
2026-04-02,Хаврын ээлжит чуулган,10:00,10:32,Бүрэн,Эцсийн,https://www.parliament.mn/nn/76935/,https://www.parliament.mn/files/7dc34504270b4219b22b45239d313bd7/?d=1,Орон нутгийн томилолт,0,тоо
2026-04-02,Хаврын ээлжит чуулган,10:00,10:32,Бүрэн,Эцсийн,https://www.parliament.mn/nn/76935/,https://www.parliament.mn/files/7dc34504270b4219b22b45239d313bd7/?d=1,Гадаад томилолт,1,тоо
2026-04-02,Хаврын ээлжит чуулган,10:00,10:32,Бүрэн,Эцсийн,https://www.parliament.mn/nn/76935/,https://www.parliament.mn/files/7dc34504270b4219b22b45239d313bd7/?d=1,Тайлбаргүй тасалсан,2,тоо
2026-04-02,Хаврын ээлжит чуулган,10:00,10:32,Бүрэн,Эцсийн,https://www.parliament.mn/nn/76935/,https://www.parliament.mn/files/7dc34504270b4219b22b45239d313bd7/?d=1,Биеэр оролцсон,115,тоо
2026-04-02,Хаврын ээлжит чуулган,10:00,10:32,Бүрэн,Эцсийн,https://www.parliament.mn/nn/76935/,https://www.parliament.mn/files/7dc34504270b4219b22b45239d313bd7/?d=1,Биеэр оролцсон хувь,91.3,хувь
2026-04-02,Хаврын ээлжит чуулган,10:00,10:32,Бүрэн,Эцсийн,https://www.parliament.mn/nn/76935/,https://www.parliament.mn/files/7dc34504270b4219b22b45239d313bd7/?d=1,Биеэр оролцсон үеийн албан ёсны цагтаа ирэлтийн хувь,72.2,хувь
2026-04-03,Хаврын ээлжит чуулган,10:00,10:24,Бүрэн,Эцсийн,https://www.parliament.mn/nn/76942/,https://www.parliament.mn/files/db46faa2d2d3441c8287165c18629a7e/?d=1,Хэлэлцэх асуудал,6,тоо
2026-04-03,Хаврын ээлжит чуулган,10:00,10:24,Бүрэн,Эцсийн,https://www.parliament.mn/nn/76942/,https://www.parliament.mn/files/db46faa2d2d3441c8287165c18629a7e/?d=1,Хуралдаан эхэлсэн хоцролт,24,минут
2026-04-03,Хаврын ээлжит чуулган,10:00,10:24,Бүрэн,Эцсийн,https://www.parliament.mn/nn/76942/,https://www.parliament.mn/files/db46faa2d2d3441c8287165c18629a7e/?d=1,Албан ёсоор цагтаа ирсэн,90,тоо
2026-04-03,Хаврын ээлжит чуулган,10:00,10:24,Бүрэн,Эцсийн,https://www.parliament.mn/nn/76942/,https://www.parliament.mn/files/db46faa2d2d3441c8287165c18629a7e/?d=1,Албан ёсоор хоцорсон,27,тоо
2026-04-03,Хаврын ээлжит чуулган,10:00,10:24,Бүрэн,Эцсийн,https://www.parliament.mn/nn/76942/,https://www.parliament.mn/files/db46faa2d2d3441c8287165c18629a7e/?d=1,Чөлөөтэй,2,тоо
2026-04-03,Хаврын ээлжит чуулган,10:00,10:24,Бүрэн,Эцсийн,https://www.parliament.mn/nn/76942/,https://www.parliament.mn/files/db46faa2d2d3441c8287165c18629a7e/?d=1,Эмнэлгийн чөлөө,5,тоо
2026-04-03,Хаврын ээлжит чуулган,10:00,10:24,Бүрэн,Эцсийн,https://www.parliament.mn/nn/76942/,https://www.parliament.mn/files/db46faa2d2d3441c8287165c18629a7e/?d=1,Орон нутгийн томилолт,0,тоо
2026-04-03,Хаврын ээлжит чуулган,10:00,10:24,Бүрэн,Эцсийн,https://www.parliament.mn/nn/76942/,https://www.parliament.mn/files/db46faa2d2d3441c8287165c18629a7e/?d=1,Гадаад томилолт,0,тоо
2026-04-03,Хаврын ээлжит чуулган,10:00,10:24,Бүрэн,Эцсийн,https://www.parliament.mn/nn/76942/,https://www.parliament.mn/files/db46faa2d2d3441c8287165c18629a7e/?d=1,Тайлбаргүй тасалсан,2,тоо
2026-04-03,Хаврын ээлжит чуулган,10:00,10:24,Бүрэн,Эцсийн,https://www.parliament.mn/nn/76942/,https://www.parliament.mn/files/db46faa2d2d3441c8287165c18629a7e/?d=1,Биеэр оролцсон,117,тоо
2026-04-03,Хаврын ээлжит чуулган,10:00,10:24,Бүрэн,Эцсийн,https://www.parliament.mn/nn/76942/,https://www.parliament.mn/files/db46faa2d2d3441c8287165c18629a7e/?d=1,Биеэр оролцсон хувь,92.9,хувь
2026-04-03,Хаврын ээлжит чуулган,10:00,10:24,Бүрэн,Эцсийн,https://www.parliament.mn/nn/76942/,https://www.parliament.mn/files/db46faa2d2d3441c8287165c18629a7e/?d=1,Биеэр оролцсон үеийн албан ёсны цагтаа ирэлтийн хувь,76.9,хувь
2026-04-09,Хаврын ээлжит чуулган,10:00,10:02,Бүрэн,Эцсийн,https://www.parliament.mn/nn/76981/,https://www.parliament.mn/files/ee3f4cc0dc2c4f6b937bdac336a3a659/?d=1,Хэлэлцэх асуудал,6,тоо
2026-04-09,Хаврын ээлжит чуулган,10:00,10:02,Бүрэн,Эцсийн,https://www.parliament.mn/nn/76981/,https://www.parliament.mn/files/ee3f4cc0dc2c4f6b937bdac336a3a659/?d=1,Хуралдаан эхэлсэн хоцролт,2,минут
2026-04-09,Хаврын ээлжит чуулган,10:00,10:02,Бүрэн,Эцсийн,https://www.parliament.mn/nn/76981/,https://www.parliament.mn/files/ee3f4cc0dc2c4f6b937bdac336a3a659/?d=1,Албан ёсоор цагтаа ирсэн,69,тоо
2026-04-09,Хаврын ээлжит чуулган,10:00,10:02,Бүрэн,Эцсийн,https://www.parliament.mn/nn/76981/,https://www.parliament.mn/files/ee3f4cc0dc2c4f6b937bdac336a3a659/?d=1,Албан ёсоор хоцорсон,43,тоо
2026-04-09,Хаврын ээлжит чуулган,10:00,10:02,Бүрэн,Эцсийн,https://www.parliament.mn/nn/76981/,https://www.parliament.mn/files/ee3f4cc0dc2c4f6b937bdac336a3a659/?d=1,Чөлөөтэй,6,тоо
2026-04-09,Хаврын ээлжит чуулган,10:00,10:02,Бүрэн,Эцсийн,https://www.parliament.mn/nn/76981/,https://www.parliament.mn/files/ee3f4cc0dc2c4f6b937bdac336a3a659/?d=1,Эмнэлгийн чөлөө,5,тоо
2026-04-09,Хаврын ээлжит чуулган,10:00,10:02,Бүрэн,Эцсийн,https://www.parliament.mn/nn/76981/,https://www.parliament.mn/files/ee3f4cc0dc2c4f6b937bdac336a3a659/?d=1,Орон нутгийн томилолт,0,тоо
2026-04-09,Хаврын ээлжит чуулган,10:00,10:02,Бүрэн,Эцсийн,https://www.parliament.mn/nn/76981/,https://www.parliament.mn/files/ee3f4cc0dc2c4f6b937bdac336a3a659/?d=1,Гадаад томилолт,0,тоо
2026-04-09,Хаврын ээлжит чуулган,10:00,10:02,Бүрэн,Эцсийн,https://www.parliament.mn/nn/76981/,https://www.parliament.mn/files/ee3f4cc0dc2c4f6b937bdac336a3a659/?d=1,Тайлбаргүй тасалсан,3,тоо
2026-04-09,Хаврын ээлжит чуулган,10:00,10:02,Бүрэн,Эцсийн,https://www.parliament.mn/nn/76981/,https://www.parliament.mn/files/ee3f4cc0dc2c4f6b937bdac336a3a659/?d=1,Биеэр оролцсон,112,тоо
2026-04-09,Хаврын ээлжит чуулган,10:00,10:02,Бүрэн,Эцсийн,https://www.parliament.mn/nn/76981/,https://www.parliament.mn/files/ee3f4cc0dc2c4f6b937bdac336a3a659/?d=1,Биеэр оролцсон хувь,88.9,хувь
2026-04-09,Хаврын ээлжит чуулган,10:00,10:02,Бүрэн,Эцсийн,https://www.parliament.mn/nn/76981/,https://www.parliament.mn/files/ee3f4cc0dc2c4f6b937bdac336a3a659/?d=1,Биеэр оролцсон үеийн албан ёсны цагтаа ирэлтийн хувь,61.6,хувь
2026-04-10,Хаврын ээлжит чуулган,10:00,10:01,Бүрэн,Эцсийн,https://www.parliament.mn/nn/76988/,https://www.parliament.mn/files/695683b3f6e2482aaa497aa096f6ef46/?d=1,Хэлэлцэх асуудал,6,тоо
2026-04-10,Хаврын ээлжит чуулган,10:00,10:01,Бүрэн,Эцсийн,https://www.parliament.mn/nn/76988/,https://www.parliament.mn/files/695683b3f6e2482aaa497aa096f6ef46/?d=1,Хуралдаан эхэлсэн хоцролт,1,минут
2026-04-10,Хаврын ээлжит чуулган,10:00,10:01,Бүрэн,Эцсийн,https://www.parliament.mn/nn/76988/,https://www.parliament.mn/files/695683b3f6e2482aaa497aa096f6ef46/?d=1,Албан ёсоор цагтаа ирсэн,74,тоо
2026-04-10,Хаврын ээлжит чуулган,10:00,10:01,Бүрэн,Эцсийн,https://www.parliament.mn/nn/76988/,https://www.parliament.mn/files/695683b3f6e2482aaa497aa096f6ef46/?d=1,Албан ёсоор хоцорсон,41,тоо
2026-04-10,Хаврын ээлжит чуулган,10:00,10:01,Бүрэн,Эцсийн,https://www.parliament.mn/nn/76988/,https://www.parliament.mn/files/695683b3f6e2482aaa497aa096f6ef46/?d=1,Чөлөөтэй,3,тоо
2026-04-10,Хаврын ээлжит чуулган,10:00,10:01,Бүрэн,Эцсийн,https://www.parliament.mn/nn/76988/,https://www.parliament.mn/files/695683b3f6e2482aaa497aa096f6ef46/?d=1,Эмнэлгийн чөлөө,6,тоо
2026-04-10,Хаврын ээлжит чуулган,10:00,10:01,Бүрэн,Эцсийн,https://www.parliament.mn/nn/76988/,https://www.parliament.mn/files/695683b3f6e2482aaa497aa096f6ef46/?d=1,Орон нутгийн томилолт,0,тоо
2026-04-10,Хаврын ээлжит чуулган,10:00,10:01,Бүрэн,Эцсийн,https://www.parliament.mn/nn/76988/,https://www.parliament.mn/files/695683b3f6e2482aaa497aa096f6ef46/?d=1,Гадаад томилолт,0,тоо
2026-04-10,Хаврын ээлжит чуулган,10:00,10:01,Бүрэн,Эцсийн,https://www.parliament.mn/nn/76988/,https://www.parliament.mn/files/695683b3f6e2482aaa497aa096f6ef46/?d=1,Тайлбаргүй тасалсан,2,тоо
2026-04-10,Хаврын ээлжит чуулган,10:00,10:01,Бүрэн,Эцсийн,https://www.parliament.mn/nn/76988/,https://www.parliament.mn/files/695683b3f6e2482aaa497aa096f6ef46/?d=1,Биеэр оролцсон,115,тоо
2026-04-10,Хаврын ээлжит чуулган,10:00,10:01,Бүрэн,Эцсийн,https://www.parliament.mn/nn/76988/,https://www.parliament.mn/files/695683b3f6e2482aaa497aa096f6ef46/?d=1,Биеэр оролцсон хувь,91.3,хувь
2026-04-10,Хаврын ээлжит чуулган,10:00,10:01,Бүрэн,Эцсийн,https://www.parliament.mn/nn/76988/,https://www.parliament.mn/files/695683b3f6e2482aaa497aa096f6ef46/?d=1,Биеэр оролцсон үеийн албан ёсны цагтаа ирэлтийн хувь,64.3,хувь
2026-04-16,Хаврын ээлжит чуулган,10:00,10:01,Бүрэн,Эцсийн,https://www.parliament.mn/nn/77025/,https://www.parliament.mn/files/af402e46099648a0970dc83e2a374717/?d=1,Хэлэлцэх асуудал,4,тоо
2026-04-16,Хаврын ээлжит чуулган,10:00,10:01,Бүрэн,Эцсийн,https://www.parliament.mn/nn/77025/,https://www.parliament.mn/files/af402e46099648a0970dc83e2a374717/?d=1,Хуралдаан эхэлсэн хоцролт,1,минут
2026-04-16,Хаврын ээлжит чуулган,10:00,10:01,Бүрэн,Эцсийн,https://www.parliament.mn/nn/77025/,https://www.parliament.mn/files/af402e46099648a0970dc83e2a374717/?d=1,Албан ёсоор цагтаа ирсэн,85,тоо
2026-04-16,Хаврын ээлжит чуулган,10:00,10:01,Бүрэн,Эцсийн,https://www.parliament.mn/nn/77025/,https://www.parliament.mn/files/af402e46099648a0970dc83e2a374717/?d=1,Албан ёсоор хоцорсон,22,тоо
2026-04-16,Хаврын ээлжит чуулган,10:00,10:01,Бүрэн,Эцсийн,https://www.parliament.mn/nn/77025/,https://www.parliament.mn/files/af402e46099648a0970dc83e2a374717/?d=1,Чөлөөтэй,2,тоо
2026-04-16,Хаврын ээлжит чуулган,10:00,10:01,Бүрэн,Эцсийн,https://www.parliament.mn/nn/77025/,https://www.parliament.mn/files/af402e46099648a0970dc83e2a374717/?d=1,Эмнэлгийн чөлөө,3,тоо
2026-04-16,Хаврын ээлжит чуулган,10:00,10:01,Бүрэн,Эцсийн,https://www.parliament.mn/nn/77025/,https://www.parliament.mn/files/af402e46099648a0970dc83e2a374717/?d=1,Орон нутгийн томилолт,0,тоо
2026-04-16,Хаврын ээлжит чуулган,10:00,10:01,Бүрэн,Эцсийн,https://www.parliament.mn/nn/77025/,https://www.parliament.mn/files/af402e46099648a0970dc83e2a374717/?d=1,Гадаад томилолт,11,тоо
2026-04-16,Хаврын ээлжит чуулган,10:00,10:01,Бүрэн,Эцсийн,https://www.parliament.mn/nn/77025/,https://www.parliament.mn/files/af402e46099648a0970dc83e2a374717/?d=1,Тайлбаргүй тасалсан,3,тоо
2026-04-16,Хаврын ээлжит чуулган,10:00,10:01,Бүрэн,Эцсийн,https://www.parliament.mn/nn/77025/,https://www.parliament.mn/files/af402e46099648a0970dc83e2a374717/?d=1,Биеэр оролцсон,107,тоо
2026-04-16,Хаврын ээлжит чуулган,10:00,10:01,Бүрэн,Эцсийн,https://www.parliament.mn/nn/77025/,https://www.parliament.mn/files/af402e46099648a0970dc83e2a374717/?d=1,Биеэр оролцсон хувь,84.9,хувь
2026-04-16,Хаврын ээлжит чуулган,10:00,10:01,Бүрэн,Эцсийн,https://www.parliament.mn/nn/77025/,https://www.parliament.mn/files/af402e46099648a0970dc83e2a374717/?d=1,Биеэр оролцсон үеийн албан ёсны цагтаа ирэлтийн хувь,79.4,хувь
2026-04-17,Хаврын ээлжит чуулган,,10:00,Зөвхөн бодит эхлэлтэй,Эцсийн,https://www.parliament.mn/nn/77036/,https://www.parliament.mn/files/155f962454444628ae603b5aedb5d362/?d=1,Хэлэлцэх асуудал,3,тоо
2026-04-17,Хаврын ээлжит чуулган,,10:00,Зөвхөн бодит эхлэлтэй,Эцсийн,https://www.parliament.mn/nn/77036/,https://www.parliament.mn/files/155f962454444628ae603b5aedb5d362/?d=1,Хуралдаан эхэлсэн хоцролт,,минут
2026-04-17,Хаврын ээлжит чуулган,,10:00,Зөвхөн бодит эхлэлтэй,Эцсийн,https://www.parliament.mn/nn/77036/,https://www.parliament.mn/files/155f962454444628ae603b5aedb5d362/?d=1,Албан ёсоор цагтаа ирсэн,78,тоо
2026-04-17,Хаврын ээлжит чуулган,,10:00,Зөвхөн бодит эхлэлтэй,Эцсийн,https://www.parliament.mn/nn/77036/,https://www.parliament.mn/files/155f962454444628ae603b5aedb5d362/?d=1,Албан ёсоор хоцорсон,18,тоо
2026-04-17,Хаврын ээлжит чуулган,,10:00,Зөвхөн бодит эхлэлтэй,Эцсийн,https://www.parliament.mn/nn/77036/,https://www.parliament.mn/files/155f962454444628ae603b5aedb5d362/?d=1,Чөлөөтэй,5,тоо
2026-04-17,Хаврын ээлжит чуулган,,10:00,Зөвхөн бодит эхлэлтэй,Эцсийн,https://www.parliament.mn/nn/77036/,https://www.parliament.mn/files/155f962454444628ae603b5aedb5d362/?d=1,Эмнэлгийн чөлөө,6,тоо
2026-04-17,Хаврын ээлжит чуулган,,10:00,Зөвхөн бодит эхлэлтэй,Эцсийн,https://www.parliament.mn/nn/77036/,https://www.parliament.mn/files/155f962454444628ae603b5aedb5d362/?d=1,Орон нутгийн томилолт,0,тоо
2026-04-17,Хаврын ээлжит чуулган,,10:00,Зөвхөн бодит эхлэлтэй,Эцсийн,https://www.parliament.mn/nn/77036/,https://www.parliament.mn/files/155f962454444628ae603b5aedb5d362/?d=1,Гадаад томилолт,12,тоо
2026-04-17,Хаврын ээлжит чуулган,,10:00,Зөвхөн бодит эхлэлтэй,Эцсийн,https://www.parliament.mn/nn/77036/,https://www.parliament.mn/files/155f962454444628ae603b5aedb5d362/?d=1,Тайлбаргүй тасалсан,7,тоо
2026-04-17,Хаврын ээлжит чуулган,,10:00,Зөвхөн бодит эхлэлтэй,Эцсийн,https://www.parliament.mn/nn/77036/,https://www.parliament.mn/files/155f962454444628ae603b5aedb5d362/?d=1,Биеэр оролцсон,96,тоо
2026-04-17,Хаврын ээлжит чуулган,,10:00,Зөвхөн бодит эхлэлтэй,Эцсийн,https://www.parliament.mn/nn/77036/,https://www.parliament.mn/files/155f962454444628ae603b5aedb5d362/?d=1,Биеэр оролцсон хувь,76.2,хувь
2026-04-17,Хаврын ээлжит чуулган,,10:00,Зөвхөн бодит эхлэлтэй,Эцсийн,https://www.parliament.mn/nn/77036/,https://www.parliament.mn/files/155f962454444628ae603b5aedb5d362/?d=1,Биеэр оролцсон үеийн албан ёсны цагтаа ирэлтийн хувь,81.2,хувь
2026-04-23,Хаврын ээлжит чуулган,,10:00,Зөвхөн бодит эхлэлтэй,Эцсийн,https://www.parliament.mn/nn/77070/,https://www.parliament.mn/files/306391f5935a49a892a44f570593e6fe/?d=1,Хэлэлцэх асуудал,5,тоо
2026-04-23,Хаврын ээлжит чуулган,,10:00,Зөвхөн бодит эхлэлтэй,Эцсийн,https://www.parliament.mn/nn/77070/,https://www.parliament.mn/files/306391f5935a49a892a44f570593e6fe/?d=1,Хуралдаан эхэлсэн хоцролт,,минут
2026-04-23,Хаврын ээлжит чуулган,,10:00,Зөвхөн бодит эхлэлтэй,Эцсийн,https://www.parliament.mn/nn/77070/,https://www.parliament.mn/files/306391f5935a49a892a44f570593e6fe/?d=1,Албан ёсоор цагтаа ирсэн,65,тоо
2026-04-23,Хаврын ээлжит чуулган,,10:00,Зөвхөн бодит эхлэлтэй,Эцсийн,https://www.parliament.mn/nn/77070/,https://www.parliament.mn/files/306391f5935a49a892a44f570593e6fe/?d=1,Албан ёсоор хоцорсон,29,тоо
2026-04-23,Хаврын ээлжит чуулган,,10:00,Зөвхөн бодит эхлэлтэй,Эцсийн,https://www.parliament.mn/nn/77070/,https://www.parliament.mn/files/306391f5935a49a892a44f570593e6fe/?d=1,Чөлөөтэй,6,тоо
2026-04-23,Хаврын ээлжит чуулган,,10:00,Зөвхөн бодит эхлэлтэй,Эцсийн,https://www.parliament.mn/nn/77070/,https://www.parliament.mn/files/306391f5935a49a892a44f570593e6fe/?d=1,Эмнэлгийн чөлөө,7,тоо
2026-04-23,Хаврын ээлжит чуулган,,10:00,Зөвхөн бодит эхлэлтэй,Эцсийн,https://www.parliament.mn/nn/77070/,https://www.parliament.mn/files/306391f5935a49a892a44f570593e6fe/?d=1,Орон нутгийн томилолт,0,тоо
2026-04-23,Хаврын ээлжит чуулган,,10:00,Зөвхөн бодит эхлэлтэй,Эцсийн,https://www.parliament.mn/nn/77070/,https://www.parliament.mn/files/306391f5935a49a892a44f570593e6fe/?d=1,Гадаад томилолт,18,тоо
2026-04-23,Хаврын ээлжит чуулган,,10:00,Зөвхөн бодит эхлэлтэй,Эцсийн,https://www.parliament.mn/nn/77070/,https://www.parliament.mn/files/306391f5935a49a892a44f570593e6fe/?d=1,Тайлбаргүй тасалсан,1,тоо
2026-04-23,Хаврын ээлжит чуулган,,10:00,Зөвхөн бодит эхлэлтэй,Эцсийн,https://www.parliament.mn/nn/77070/,https://www.parliament.mn/files/306391f5935a49a892a44f570593e6fe/?d=1,Биеэр оролцсон,94,тоо
2026-04-23,Хаврын ээлжит чуулган,,10:00,Зөвхөн бодит эхлэлтэй,Эцсийн,https://www.parliament.mn/nn/77070/,https://www.parliament.mn/files/306391f5935a49a892a44f570593e6fe/?d=1,Биеэр оролцсон хувь,74.6,хувь
2026-04-23,Хаврын ээлжит чуулган,,10:00,Зөвхөн бодит эхлэлтэй,Эцсийн,https://www.parliament.mn/nn/77070/,https://www.parliament.mn/files/306391f5935a49a892a44f570593e6fe/?d=1,Биеэр оролцсон үеийн албан ёсны цагтаа ирэлтийн хувь,69.1,хувь
2026-04-24,Хаврын ээлжит чуулган,,10:00,Зөвхөн бодит эхлэлтэй,Эцсийн,https://www.parliament.mn/nn/77087/,https://www.parliament.mn/files/159db9a30cd94d829d626a0ea91a0928/?d=1,Хэлэлцэх асуудал,4,тоо
2026-04-24,Хаврын ээлжит чуулган,,10:00,Зөвхөн бодит эхлэлтэй,Эцсийн,https://www.parliament.mn/nn/77087/,https://www.parliament.mn/files/159db9a30cd94d829d626a0ea91a0928/?d=1,Хуралдаан эхэлсэн хоцролт,,минут
2026-04-24,Хаврын ээлжит чуулган,,10:00,Зөвхөн бодит эхлэлтэй,Эцсийн,https://www.parliament.mn/nn/77087/,https://www.parliament.mn/files/159db9a30cd94d829d626a0ea91a0928/?d=1,Албан ёсоор цагтаа ирсэн,75,тоо
2026-04-24,Хаврын ээлжит чуулган,,10:00,Зөвхөн бодит эхлэлтэй,Эцсийн,https://www.parliament.mn/nn/77087/,https://www.parliament.mn/files/159db9a30cd94d829d626a0ea91a0928/?d=1,Албан ёсоор хоцорсон,31,тоо
2026-04-24,Хаврын ээлжит чуулган,,10:00,Зөвхөн бодит эхлэлтэй,Эцсийн,https://www.parliament.mn/nn/77087/,https://www.parliament.mn/files/159db9a30cd94d829d626a0ea91a0928/?d=1,Чөлөөтэй,4,тоо
2026-04-24,Хаврын ээлжит чуулган,,10:00,Зөвхөн бодит эхлэлтэй,Эцсийн,https://www.parliament.mn/nn/77087/,https://www.parliament.mn/files/159db9a30cd94d829d626a0ea91a0928/?d=1,Эмнэлгийн чөлөө,6,тоо
2026-04-24,Хаврын ээлжит чуулган,,10:00,Зөвхөн бодит эхлэлтэй,Эцсийн,https://www.parliament.mn/nn/77087/,https://www.parliament.mn/files/159db9a30cd94d829d626a0ea91a0928/?d=1,Орон нутгийн томилолт,1,тоо
2026-04-24,Хаврын ээлжит чуулган,,10:00,Зөвхөн бодит эхлэлтэй,Эцсийн,https://www.parliament.mn/nn/77087/,https://www.parliament.mn/files/159db9a30cd94d829d626a0ea91a0928/?d=1,Гадаад томилолт,5,тоо
2026-04-24,Хаврын ээлжит чуулган,,10:00,Зөвхөн бодит эхлэлтэй,Эцсийн,https://www.parliament.mn/nn/77087/,https://www.parliament.mn/files/159db9a30cd94d829d626a0ea91a0928/?d=1,Тайлбаргүй тасалсан,4,тоо
2026-04-24,Хаврын ээлжит чуулган,,10:00,Зөвхөн бодит эхлэлтэй,Эцсийн,https://www.parliament.mn/nn/77087/,https://www.parliament.mn/files/159db9a30cd94d829d626a0ea91a0928/?d=1,Биеэр оролцсон,106,тоо
2026-04-24,Хаврын ээлжит чуулган,,10:00,Зөвхөн бодит эхлэлтэй,Эцсийн,https://www.parliament.mn/nn/77087/,https://www.parliament.mn/files/159db9a30cd94d829d626a0ea91a0928/?d=1,Биеэр оролцсон хувь,84.1,хувь
2026-04-24,Хаврын ээлжит чуулган,,10:00,Зөвхөн бодит эхлэлтэй,Эцсийн,https://www.parliament.mn/nn/77087/,https://www.parliament.mn/files/159db9a30cd94d829d626a0ea91a0928/?d=1,Биеэр оролцсон үеийн албан ёсны цагтаа ирэлтийн хувь,70.8,хувь
2026-04-30,Хаврын ээлжит чуулган,,10:00,Зөвхөн бодит эхлэлтэй,Эцсийн,https://www.parliament.mn/nn/77124/,https://www.parliament.mn/files/b5a6e66074dd4c72b4f7693fd1872584/?d=1,Хэлэлцэх асуудал,9,тоо
2026-04-30,Хаврын ээлжит чуулган,,10:00,Зөвхөн бодит эхлэлтэй,Эцсийн,https://www.parliament.mn/nn/77124/,https://www.parliament.mn/files/b5a6e66074dd4c72b4f7693fd1872584/?d=1,Хуралдаан эхэлсэн хоцролт,,минут
2026-04-30,Хаврын ээлжит чуулган,,10:00,Зөвхөн бодит эхлэлтэй,Эцсийн,https://www.parliament.mn/nn/77124/,https://www.parliament.mn/files/b5a6e66074dd4c72b4f7693fd1872584/?d=1,Албан ёсоор цагтаа ирсэн,76,тоо
2026-04-30,Хаврын ээлжит чуулган,,10:00,Зөвхөн бодит эхлэлтэй,Эцсийн,https://www.parliament.mn/nn/77124/,https://www.parliament.mn/files/b5a6e66074dd4c72b4f7693fd1872584/?d=1,Албан ёсоор хоцорсон,33,тоо
2026-04-30,Хаврын ээлжит чуулган,,10:00,Зөвхөн бодит эхлэлтэй,Эцсийн,https://www.parliament.mn/nn/77124/,https://www.parliament.mn/files/b5a6e66074dd4c72b4f7693fd1872584/?d=1,Чөлөөтэй,4,тоо
2026-04-30,Хаврын ээлжит чуулган,,10:00,Зөвхөн бодит эхлэлтэй,Эцсийн,https://www.parliament.mn/nn/77124/,https://www.parliament.mn/files/b5a6e66074dd4c72b4f7693fd1872584/?d=1,Эмнэлгийн чөлөө,2,тоо
2026-04-30,Хаврын ээлжит чуулган,,10:00,Зөвхөн бодит эхлэлтэй,Эцсийн,https://www.parliament.mn/nn/77124/,https://www.parliament.mn/files/b5a6e66074dd4c72b4f7693fd1872584/?d=1,Орон нутгийн томилолт,3,тоо
2026-04-30,Хаврын ээлжит чуулган,,10:00,Зөвхөн бодит эхлэлтэй,Эцсийн,https://www.parliament.mn/nn/77124/,https://www.parliament.mn/files/b5a6e66074dd4c72b4f7693fd1872584/?d=1,Гадаад томилолт,4,тоо
2026-04-30,Хаврын ээлжит чуулган,,10:00,Зөвхөн бодит эхлэлтэй,Эцсийн,https://www.parliament.mn/nn/77124/,https://www.parliament.mn/files/b5a6e66074dd4c72b4f7693fd1872584/?d=1,Тайлбаргүй тасалсан,4,тоо
2026-04-30,Хаврын ээлжит чуулган,,10:00,Зөвхөн бодит эхлэлтэй,Эцсийн,https://www.parliament.mn/nn/77124/,https://www.parliament.mn/files/b5a6e66074dd4c72b4f7693fd1872584/?d=1,Биеэр оролцсон,109,тоо
2026-04-30,Хаврын ээлжит чуулган,,10:00,Зөвхөн бодит эхлэлтэй,Эцсийн,https://www.parliament.mn/nn/77124/,https://www.parliament.mn/files/b5a6e66074dd4c72b4f7693fd1872584/?d=1,Биеэр оролцсон хувь,86.5,хувь
2026-04-30,Хаврын ээлжит чуулган,,10:00,Зөвхөн бодит эхлэлтэй,Эцсийн,https://www.parliament.mn/nn/77124/,https://www.parliament.mn/files/b5a6e66074dd4c72b4f7693fd1872584/?d=1,Биеэр оролцсон үеийн албан ёсны цагтаа ирэлтийн хувь,69.7,хувь
2026-05-01,Хаврын ээлжит чуулган,,10:00,Зөвхөн бодит эхлэлтэй,Эцсийн,https://www.parliament.mn/nn/77138/,https://www.parliament.mn/files/173dad3e03164d2e81230d3930268d59/?d=1,Хэлэлцэх асуудал,4,тоо
2026-05-01,Хаврын ээлжит чуулган,,10:00,Зөвхөн бодит эхлэлтэй,Эцсийн,https://www.parliament.mn/nn/77138/,https://www.parliament.mn/files/173dad3e03164d2e81230d3930268d59/?d=1,Хуралдаан эхэлсэн хоцролт,,минут
2026-05-01,Хаврын ээлжит чуулган,,10:00,Зөвхөн бодит эхлэлтэй,Эцсийн,https://www.parliament.mn/nn/77138/,https://www.parliament.mn/files/173dad3e03164d2e81230d3930268d59/?d=1,Албан ёсоор цагтаа ирсэн,73,тоо
2026-05-01,Хаврын ээлжит чуулган,,10:00,Зөвхөн бодит эхлэлтэй,Эцсийн,https://www.parliament.mn/nn/77138/,https://www.parliament.mn/files/173dad3e03164d2e81230d3930268d59/?d=1,Албан ёсоор хоцорсон,35,тоо
2026-05-01,Хаврын ээлжит чуулган,,10:00,Зөвхөн бодит эхлэлтэй,Эцсийн,https://www.parliament.mn/nn/77138/,https://www.parliament.mn/files/173dad3e03164d2e81230d3930268d59/?d=1,Чөлөөтэй,5,тоо
2026-05-01,Хаврын ээлжит чуулган,,10:00,Зөвхөн бодит эхлэлтэй,Эцсийн,https://www.parliament.mn/nn/77138/,https://www.parliament.mn/files/173dad3e03164d2e81230d3930268d59/?d=1,Эмнэлгийн чөлөө,3,тоо
2026-05-01,Хаврын ээлжит чуулган,,10:00,Зөвхөн бодит эхлэлтэй,Эцсийн,https://www.parliament.mn/nn/77138/,https://www.parliament.mn/files/173dad3e03164d2e81230d3930268d59/?d=1,Орон нутгийн томилолт,4,тоо
2026-05-01,Хаврын ээлжит чуулган,,10:00,Зөвхөн бодит эхлэлтэй,Эцсийн,https://www.parliament.mn/nn/77138/,https://www.parliament.mn/files/173dad3e03164d2e81230d3930268d59/?d=1,Гадаад томилолт,5,тоо
2026-05-01,Хаврын ээлжит чуулган,,10:00,Зөвхөн бодит эхлэлтэй,Эцсийн,https://www.parliament.mn/nn/77138/,https://www.parliament.mn/files/173dad3e03164d2e81230d3930268d59/?d=1,Тайлбаргүй тасалсан,1,тоо
2026-05-01,Хаврын ээлжит чуулган,,10:00,Зөвхөн бодит эхлэлтэй,Эцсийн,https://www.parliament.mn/nn/77138/,https://www.parliament.mn/files/173dad3e03164d2e81230d3930268d59/?d=1,Биеэр оролцсон,108,тоо
2026-05-01,Хаврын ээлжит чуулган,,10:00,Зөвхөн бодит эхлэлтэй,Эцсийн,https://www.parliament.mn/nn/77138/,https://www.parliament.mn/files/173dad3e03164d2e81230d3930268d59/?d=1,Биеэр оролцсон хувь,85.7,хувь
2026-05-01,Хаврын ээлжит чуулган,,10:00,Зөвхөн бодит эхлэлтэй,Эцсийн,https://www.parliament.mn/nn/77138/,https://www.parliament.mn/files/173dad3e03164d2e81230d3930268d59/?d=1,Биеэр оролцсон үеийн албан ёсны цагтаа ирэлтийн хувь,67.6,хувь
2026-05-07,Хаврын ээлжит чуулган,,10:00,Зөвхөн бодит эхлэлтэй,Эцсийн,https://www.parliament.mn/nn/77198/,https://www.parliament.mn/files/99df0cadf6bc4fb8860ac4e386a64204/?d=1,Хэлэлцэх асуудал,8,тоо
2026-05-07,Хаврын ээлжит чуулган,,10:00,Зөвхөн бодит эхлэлтэй,Эцсийн,https://www.parliament.mn/nn/77198/,https://www.parliament.mn/files/99df0cadf6bc4fb8860ac4e386a64204/?d=1,Хуралдаан эхэлсэн хоцролт,,минут
2026-05-07,Хаврын ээлжит чуулган,,10:00,Зөвхөн бодит эхлэлтэй,Эцсийн,https://www.parliament.mn/nn/77198/,https://www.parliament.mn/files/99df0cadf6bc4fb8860ac4e386a64204/?d=1,Албан ёсоор цагтаа ирсэн,70,тоо
2026-05-07,Хаврын ээлжит чуулган,,10:00,Зөвхөн бодит эхлэлтэй,Эцсийн,https://www.parliament.mn/nn/77198/,https://www.parliament.mn/files/99df0cadf6bc4fb8860ac4e386a64204/?d=1,Албан ёсоор хоцорсон,32,тоо
2026-05-07,Хаврын ээлжит чуулган,,10:00,Зөвхөн бодит эхлэлтэй,Эцсийн,https://www.parliament.mn/nn/77198/,https://www.parliament.mn/files/99df0cadf6bc4fb8860ac4e386a64204/?d=1,Чөлөөтэй,4,тоо
2026-05-07,Хаврын ээлжит чуулган,,10:00,Зөвхөн бодит эхлэлтэй,Эцсийн,https://www.parliament.mn/nn/77198/,https://www.parliament.mn/files/99df0cadf6bc4fb8860ac4e386a64204/?d=1,Эмнэлгийн чөлөө,4,тоо
2026-05-07,Хаврын ээлжит чуулган,,10:00,Зөвхөн бодит эхлэлтэй,Эцсийн,https://www.parliament.mn/nn/77198/,https://www.parliament.mn/files/99df0cadf6bc4fb8860ac4e386a64204/?d=1,Орон нутгийн томилолт,2,тоо
2026-05-07,Хаврын ээлжит чуулган,,10:00,Зөвхөн бодит эхлэлтэй,Эцсийн,https://www.parliament.mn/nn/77198/,https://www.parliament.mn/files/99df0cadf6bc4fb8860ac4e386a64204/?d=1,Гадаад томилолт,13,тоо
2026-05-07,Хаврын ээлжит чуулган,,10:00,Зөвхөн бодит эхлэлтэй,Эцсийн,https://www.parliament.mn/nn/77198/,https://www.parliament.mn/files/99df0cadf6bc4fb8860ac4e386a64204/?d=1,Тайлбаргүй тасалсан,1,тоо
2026-05-07,Хаврын ээлжит чуулган,,10:00,Зөвхөн бодит эхлэлтэй,Эцсийн,https://www.parliament.mn/nn/77198/,https://www.parliament.mn/files/99df0cadf6bc4fb8860ac4e386a64204/?d=1,Биеэр оролцсон,102,тоо
2026-05-07,Хаврын ээлжит чуулган,,10:00,Зөвхөн бодит эхлэлтэй,Эцсийн,https://www.parliament.mn/nn/77198/,https://www.parliament.mn/files/99df0cadf6bc4fb8860ac4e386a64204/?d=1,Биеэр оролцсон хувь,81.0,хувь
2026-05-07,Хаврын ээлжит чуулган,,10:00,Зөвхөн бодит эхлэлтэй,Эцсийн,https://www.parliament.mn/nn/77198/,https://www.parliament.mn/files/99df0cadf6bc4fb8860ac4e386a64204/?d=1,Биеэр оролцсон үеийн албан ёсны цагтаа ирэлтийн хувь,68.6,хувь
2026-05-08,Хаврын ээлжит чуулган,,10:00,Зөвхөн бодит эхлэлтэй,Эцсийн,https://www.parliament.mn/nn/77213/,https://www.parliament.mn/files/92d36383dc7e4860a87bf9cebc56e16f/?d=1,Хэлэлцэх асуудал,2,тоо
2026-05-08,Хаврын ээлжит чуулган,,10:00,Зөвхөн бодит эхлэлтэй,Эцсийн,https://www.parliament.mn/nn/77213/,https://www.parliament.mn/files/92d36383dc7e4860a87bf9cebc56e16f/?d=1,Хуралдаан эхэлсэн хоцролт,,минут
2026-05-08,Хаврын ээлжит чуулган,,10:00,Зөвхөн бодит эхлэлтэй,Эцсийн,https://www.parliament.mn/nn/77213/,https://www.parliament.mn/files/92d36383dc7e4860a87bf9cebc56e16f/?d=1,Албан ёсоор цагтаа ирсэн,79,тоо
2026-05-08,Хаврын ээлжит чуулган,,10:00,Зөвхөн бодит эхлэлтэй,Эцсийн,https://www.parliament.mn/nn/77213/,https://www.parliament.mn/files/92d36383dc7e4860a87bf9cebc56e16f/?d=1,Албан ёсоор хоцорсон,23,тоо
2026-05-08,Хаврын ээлжит чуулган,,10:00,Зөвхөн бодит эхлэлтэй,Эцсийн,https://www.parliament.mn/nn/77213/,https://www.parliament.mn/files/92d36383dc7e4860a87bf9cebc56e16f/?d=1,Чөлөөтэй,5,тоо
2026-05-08,Хаврын ээлжит чуулган,,10:00,Зөвхөн бодит эхлэлтэй,Эцсийн,https://www.parliament.mn/nn/77213/,https://www.parliament.mn/files/92d36383dc7e4860a87bf9cebc56e16f/?d=1,Эмнэлгийн чөлөө,4,тоо
2026-05-08,Хаврын ээлжит чуулган,,10:00,Зөвхөн бодит эхлэлтэй,Эцсийн,https://www.parliament.mn/nn/77213/,https://www.parliament.mn/files/92d36383dc7e4860a87bf9cebc56e16f/?d=1,Орон нутгийн томилолт,1,тоо
2026-05-08,Хаврын ээлжит чуулган,,10:00,Зөвхөн бодит эхлэлтэй,Эцсийн,https://www.parliament.mn/nn/77213/,https://www.parliament.mn/files/92d36383dc7e4860a87bf9cebc56e16f/?d=1,Гадаад томилолт,13,тоо
2026-05-08,Хаврын ээлжит чуулган,,10:00,Зөвхөн бодит эхлэлтэй,Эцсийн,https://www.parliament.mn/nn/77213/,https://www.parliament.mn/files/92d36383dc7e4860a87bf9cebc56e16f/?d=1,Тайлбаргүй тасалсан,1,тоо
2026-05-08,Хаврын ээлжит чуулган,,10:00,Зөвхөн бодит эхлэлтэй,Эцсийн,https://www.parliament.mn/nn/77213/,https://www.parliament.mn/files/92d36383dc7e4860a87bf9cebc56e16f/?d=1,Биеэр оролцсон,102,тоо
2026-05-08,Хаврын ээлжит чуулган,,10:00,Зөвхөн бодит эхлэлтэй,Эцсийн,https://www.parliament.mn/nn/77213/,https://www.parliament.mn/files/92d36383dc7e4860a87bf9cebc56e16f/?d=1,Биеэр оролцсон хувь,81.0,хувь
2026-05-08,Хаврын ээлжит чуулган,,10:00,Зөвхөн бодит эхлэлтэй,Эцсийн,https://www.parliament.mn/nn/77213/,https://www.parliament.mn/files/92d36383dc7e4860a87bf9cebc56e16f/?d=1,Биеэр оролцсон үеийн албан ёсны цагтаа ирэлтийн хувь,77.5,хувь
2026-05-14,Хаврын ээлжит чуулган,,10:00,Зөвхөн бодит эхлэлтэй,Эцсийн,https://www.parliament.mn/nn/77271/,https://www.parliament.mn/files/bad8e8a932aa491c8090712502d206ba/?d=1,Хэлэлцэх асуудал,11,тоо
2026-05-14,Хаврын ээлжит чуулган,,10:00,Зөвхөн бодит эхлэлтэй,Эцсийн,https://www.parliament.mn/nn/77271/,https://www.parliament.mn/files/bad8e8a932aa491c8090712502d206ba/?d=1,Хуралдаан эхэлсэн хоцролт,,минут
2026-05-14,Хаврын ээлжит чуулган,,10:00,Зөвхөн бодит эхлэлтэй,Эцсийн,https://www.parliament.mn/nn/77271/,https://www.parliament.mn/files/bad8e8a932aa491c8090712502d206ba/?d=1,Албан ёсоор цагтаа ирсэн,74,тоо
2026-05-14,Хаврын ээлжит чуулган,,10:00,Зөвхөн бодит эхлэлтэй,Эцсийн,https://www.parliament.mn/nn/77271/,https://www.parliament.mn/files/bad8e8a932aa491c8090712502d206ba/?d=1,Албан ёсоор хоцорсон,27,тоо
2026-05-14,Хаврын ээлжит чуулган,,10:00,Зөвхөн бодит эхлэлтэй,Эцсийн,https://www.parliament.mn/nn/77271/,https://www.parliament.mn/files/bad8e8a932aa491c8090712502d206ba/?d=1,Чөлөөтэй,8,тоо
2026-05-14,Хаврын ээлжит чуулган,,10:00,Зөвхөн бодит эхлэлтэй,Эцсийн,https://www.parliament.mn/nn/77271/,https://www.parliament.mn/files/bad8e8a932aa491c8090712502d206ba/?d=1,Эмнэлгийн чөлөө,5,тоо
2026-05-14,Хаврын ээлжит чуулган,,10:00,Зөвхөн бодит эхлэлтэй,Эцсийн,https://www.parliament.mn/nn/77271/,https://www.parliament.mn/files/bad8e8a932aa491c8090712502d206ba/?d=1,Орон нутгийн томилолт,5,тоо
2026-05-14,Хаврын ээлжит чуулган,,10:00,Зөвхөн бодит эхлэлтэй,Эцсийн,https://www.parliament.mn/nn/77271/,https://www.parliament.mn/files/bad8e8a932aa491c8090712502d206ba/?d=1,Гадаад томилолт,4,тоо
2026-05-14,Хаврын ээлжит чуулган,,10:00,Зөвхөн бодит эхлэлтэй,Эцсийн,https://www.parliament.mn/nn/77271/,https://www.parliament.mn/files/bad8e8a932aa491c8090712502d206ba/?d=1,Тайлбаргүй тасалсан,3,тоо
2026-05-14,Хаврын ээлжит чуулган,,10:00,Зөвхөн бодит эхлэлтэй,Эцсийн,https://www.parliament.mn/nn/77271/,https://www.parliament.mn/files/bad8e8a932aa491c8090712502d206ba/?d=1,Биеэр оролцсон,101,тоо
2026-05-14,Хаврын ээлжит чуулган,,10:00,Зөвхөн бодит эхлэлтэй,Эцсийн,https://www.parliament.mn/nn/77271/,https://www.parliament.mn/files/bad8e8a932aa491c8090712502d206ba/?d=1,Биеэр оролцсон хувь,80.2,хувь
2026-05-14,Хаврын ээлжит чуулган,,10:00,Зөвхөн бодит эхлэлтэй,Эцсийн,https://www.parliament.mn/nn/77271/,https://www.parliament.mn/files/bad8e8a932aa491c8090712502d206ba/?d=1,Биеэр оролцсон үеийн албан ёсны цагтаа ирэлтийн хувь,73.3,хувь
2026-05-15,Хаврын ээлжит чуулган,10:00,10:03,Бүрэн,Эцсийн,https://www.parliament.mn/nn/77286/,https://www.parliament.mn/files/a04be5a6d4d84dbfa4b14a1456eeeb2f/?d=1,Хэлэлцэх асуудал,7,тоо
2026-05-15,Хаврын ээлжит чуулган,10:00,10:03,Бүрэн,Эцсийн,https://www.parliament.mn/nn/77286/,https://www.parliament.mn/files/a04be5a6d4d84dbfa4b14a1456eeeb2f/?d=1,Хуралдаан эхэлсэн хоцролт,3,минут
2026-05-15,Хаврын ээлжит чуулган,10:00,10:03,Бүрэн,Эцсийн,https://www.parliament.mn/nn/77286/,https://www.parliament.mn/files/a04be5a6d4d84dbfa4b14a1456eeeb2f/?d=1,Албан ёсоор цагтаа ирсэн,66,тоо
2026-05-15,Хаврын ээлжит чуулган,10:00,10:03,Бүрэн,Эцсийн,https://www.parliament.mn/nn/77286/,https://www.parliament.mn/files/a04be5a6d4d84dbfa4b14a1456eeeb2f/?d=1,Албан ёсоор хоцорсон,27,тоо
2026-05-15,Хаврын ээлжит чуулган,10:00,10:03,Бүрэн,Эцсийн,https://www.parliament.mn/nn/77286/,https://www.parliament.mn/files/a04be5a6d4d84dbfa4b14a1456eeeb2f/?d=1,Чөлөөтэй,12,тоо
2026-05-15,Хаврын ээлжит чуулган,10:00,10:03,Бүрэн,Эцсийн,https://www.parliament.mn/nn/77286/,https://www.parliament.mn/files/a04be5a6d4d84dbfa4b14a1456eeeb2f/?d=1,Эмнэлгийн чөлөө,6,тоо
2026-05-15,Хаврын ээлжит чуулган,10:00,10:03,Бүрэн,Эцсийн,https://www.parliament.mn/nn/77286/,https://www.parliament.mn/files/a04be5a6d4d84dbfa4b14a1456eeeb2f/?d=1,Орон нутгийн томилолт,6,тоо
2026-05-15,Хаврын ээлжит чуулган,10:00,10:03,Бүрэн,Эцсийн,https://www.parliament.mn/nn/77286/,https://www.parliament.mn/files/a04be5a6d4d84dbfa4b14a1456eeeb2f/?d=1,Гадаад томилолт,4,тоо
2026-05-15,Хаврын ээлжит чуулган,10:00,10:03,Бүрэн,Эцсийн,https://www.parliament.mn/nn/77286/,https://www.parliament.mn/files/a04be5a6d4d84dbfa4b14a1456eeeb2f/?d=1,Тайлбаргүй тасалсан,5,тоо
2026-05-15,Хаврын ээлжит чуулган,10:00,10:03,Бүрэн,Эцсийн,https://www.parliament.mn/nn/77286/,https://www.parliament.mn/files/a04be5a6d4d84dbfa4b14a1456eeeb2f/?d=1,Биеэр оролцсон,93,тоо
2026-05-15,Хаврын ээлжит чуулган,10:00,10:03,Бүрэн,Эцсийн,https://www.parliament.mn/nn/77286/,https://www.parliament.mn/files/a04be5a6d4d84dbfa4b14a1456eeeb2f/?d=1,Биеэр оролцсон хувь,73.8,хувь
2026-05-15,Хаврын ээлжит чуулган,10:00,10:03,Бүрэн,Эцсийн,https://www.parliament.mn/nn/77286/,https://www.parliament.mn/files/a04be5a6d4d84dbfa4b14a1456eeeb2f/?d=1,Биеэр оролцсон үеийн албан ёсны цагтаа ирэлтийн хувь,71.0,хувь
2026-05-21,Хаврын ээлжит чуулган,,10:00,Зөвхөн бодит эхлэлтэй,Эцсийн,https://www.parliament.mn/nn/77330/,https://www.parliament.mn/files/56dfac8df47647ac82331ef8161421d7/?d=1,Хэлэлцэх асуудал,9,тоо
2026-05-21,Хаврын ээлжит чуулган,,10:00,Зөвхөн бодит эхлэлтэй,Эцсийн,https://www.parliament.mn/nn/77330/,https://www.parliament.mn/files/56dfac8df47647ac82331ef8161421d7/?d=1,Хуралдаан эхэлсэн хоцролт,,минут
2026-05-21,Хаврын ээлжит чуулган,,10:00,Зөвхөн бодит эхлэлтэй,Эцсийн,https://www.parliament.mn/nn/77330/,https://www.parliament.mn/files/56dfac8df47647ac82331ef8161421d7/?d=1,Албан ёсоор цагтаа ирсэн,66,тоо
2026-05-21,Хаврын ээлжит чуулган,,10:00,Зөвхөн бодит эхлэлтэй,Эцсийн,https://www.parliament.mn/nn/77330/,https://www.parliament.mn/files/56dfac8df47647ac82331ef8161421d7/?d=1,Албан ёсоор хоцорсон,38,тоо
2026-05-21,Хаврын ээлжит чуулган,,10:00,Зөвхөн бодит эхлэлтэй,Эцсийн,https://www.parliament.mn/nn/77330/,https://www.parliament.mn/files/56dfac8df47647ac82331ef8161421d7/?d=1,Чөлөөтэй,6,тоо
2026-05-21,Хаврын ээлжит чуулган,,10:00,Зөвхөн бодит эхлэлтэй,Эцсийн,https://www.parliament.mn/nn/77330/,https://www.parliament.mn/files/56dfac8df47647ac82331ef8161421d7/?d=1,Эмнэлгийн чөлөө,4,тоо
2026-05-21,Хаврын ээлжит чуулган,,10:00,Зөвхөн бодит эхлэлтэй,Эцсийн,https://www.parliament.mn/nn/77330/,https://www.parliament.mn/files/56dfac8df47647ac82331ef8161421d7/?d=1,Орон нутгийн томилолт,2,тоо
2026-05-21,Хаврын ээлжит чуулган,,10:00,Зөвхөн бодит эхлэлтэй,Эцсийн,https://www.parliament.mn/nn/77330/,https://www.parliament.mn/files/56dfac8df47647ac82331ef8161421d7/?d=1,Гадаад томилолт,9,тоо
2026-05-21,Хаврын ээлжит чуулган,,10:00,Зөвхөн бодит эхлэлтэй,Эцсийн,https://www.parliament.mn/nn/77330/,https://www.parliament.mn/files/56dfac8df47647ac82331ef8161421d7/?d=1,Тайлбаргүй тасалсан,1,тоо
2026-05-21,Хаврын ээлжит чуулган,,10:00,Зөвхөн бодит эхлэлтэй,Эцсийн,https://www.parliament.mn/nn/77330/,https://www.parliament.mn/files/56dfac8df47647ac82331ef8161421d7/?d=1,Биеэр оролцсон,104,тоо
2026-05-21,Хаврын ээлжит чуулган,,10:00,Зөвхөн бодит эхлэлтэй,Эцсийн,https://www.parliament.mn/nn/77330/,https://www.parliament.mn/files/56dfac8df47647ac82331ef8161421d7/?d=1,Биеэр оролцсон хувь,82.5,хувь
2026-05-21,Хаврын ээлжит чуулган,,10:00,Зөвхөн бодит эхлэлтэй,Эцсийн,https://www.parliament.mn/nn/77330/,https://www.parliament.mn/files/56dfac8df47647ac82331ef8161421d7/?d=1,Биеэр оролцсон үеийн албан ёсны цагтаа ирэлтийн хувь,63.5,хувь
2026-05-22,Хаврын ээлжит чуулган,,10:00,Зөвхөн бодит эхлэлтэй,Эцсийн,https://www.parliament.mn/nn/77352/,https://www.parliament.mn/files/0dc853a31ef44ce081aaca02e0f727db/?d=1,Хэлэлцэх асуудал,11,тоо
2026-05-22,Хаврын ээлжит чуулган,,10:00,Зөвхөн бодит эхлэлтэй,Эцсийн,https://www.parliament.mn/nn/77352/,https://www.parliament.mn/files/0dc853a31ef44ce081aaca02e0f727db/?d=1,Хуралдаан эхэлсэн хоцролт,,минут
2026-05-22,Хаврын ээлжит чуулган,,10:00,Зөвхөн бодит эхлэлтэй,Эцсийн,https://www.parliament.mn/nn/77352/,https://www.parliament.mn/files/0dc853a31ef44ce081aaca02e0f727db/?d=1,Албан ёсоор цагтаа ирсэн,71,тоо
2026-05-22,Хаврын ээлжит чуулган,,10:00,Зөвхөн бодит эхлэлтэй,Эцсийн,https://www.parliament.mn/nn/77352/,https://www.parliament.mn/files/0dc853a31ef44ce081aaca02e0f727db/?d=1,Албан ёсоор хоцорсон,30,тоо
2026-05-22,Хаврын ээлжит чуулган,,10:00,Зөвхөн бодит эхлэлтэй,Эцсийн,https://www.parliament.mn/nn/77352/,https://www.parliament.mn/files/0dc853a31ef44ce081aaca02e0f727db/?d=1,Чөлөөтэй,8,тоо
2026-05-22,Хаврын ээлжит чуулган,,10:00,Зөвхөн бодит эхлэлтэй,Эцсийн,https://www.parliament.mn/nn/77352/,https://www.parliament.mn/files/0dc853a31ef44ce081aaca02e0f727db/?d=1,Эмнэлгийн чөлөө,3,тоо
2026-05-22,Хаврын ээлжит чуулган,,10:00,Зөвхөн бодит эхлэлтэй,Эцсийн,https://www.parliament.mn/nn/77352/,https://www.parliament.mn/files/0dc853a31ef44ce081aaca02e0f727db/?d=1,Орон нутгийн томилолт,3,тоо
2026-05-22,Хаврын ээлжит чуулган,,10:00,Зөвхөн бодит эхлэлтэй,Эцсийн,https://www.parliament.mn/nn/77352/,https://www.parliament.mn/files/0dc853a31ef44ce081aaca02e0f727db/?d=1,Гадаад томилолт,9,тоо
2026-05-22,Хаврын ээлжит чуулган,,10:00,Зөвхөн бодит эхлэлтэй,Эцсийн,https://www.parliament.mn/nn/77352/,https://www.parliament.mn/files/0dc853a31ef44ce081aaca02e0f727db/?d=1,Тайлбаргүй тасалсан,2,тоо
2026-05-22,Хаврын ээлжит чуулган,,10:00,Зөвхөн бодит эхлэлтэй,Эцсийн,https://www.parliament.mn/nn/77352/,https://www.parliament.mn/files/0dc853a31ef44ce081aaca02e0f727db/?d=1,Биеэр оролцсон,101,тоо
2026-05-22,Хаврын ээлжит чуулган,,10:00,Зөвхөн бодит эхлэлтэй,Эцсийн,https://www.parliament.mn/nn/77352/,https://www.parliament.mn/files/0dc853a31ef44ce081aaca02e0f727db/?d=1,Биеэр оролцсон хувь,80.2,хувь
2026-05-22,Хаврын ээлжит чуулган,,10:00,Зөвхөн бодит эхлэлтэй,Эцсийн,https://www.parliament.mn/nn/77352/,https://www.parliament.mn/files/0dc853a31ef44ce081aaca02e0f727db/?d=1,Биеэр оролцсон үеийн албан ёсны цагтаа ирэлтийн хувь,70.3,хувь
2026-05-28,Хаврын ээлжит чуулган,,10:00,Зөвхөн бодит эхлэлтэй,Эцсийн,https://www.parliament.mn/nn/77409/,https://www.parliament.mn/files/2629282ee1654000add97caeec275f75/?d=1,Хэлэлцэх асуудал,16,тоо
2026-05-28,Хаврын ээлжит чуулган,,10:00,Зөвхөн бодит эхлэлтэй,Эцсийн,https://www.parliament.mn/nn/77409/,https://www.parliament.mn/files/2629282ee1654000add97caeec275f75/?d=1,Хуралдаан эхэлсэн хоцролт,,минут
2026-05-28,Хаврын ээлжит чуулган,,10:00,Зөвхөн бодит эхлэлтэй,Эцсийн,https://www.parliament.mn/nn/77409/,https://www.parliament.mn/files/2629282ee1654000add97caeec275f75/?d=1,Албан ёсоор цагтаа ирсэн,71,тоо
2026-05-28,Хаврын ээлжит чуулган,,10:00,Зөвхөн бодит эхлэлтэй,Эцсийн,https://www.parliament.mn/nn/77409/,https://www.parliament.mn/files/2629282ee1654000add97caeec275f75/?d=1,Албан ёсоор хоцорсон,39,тоо
2026-05-28,Хаврын ээлжит чуулган,,10:00,Зөвхөн бодит эхлэлтэй,Эцсийн,https://www.parliament.mn/nn/77409/,https://www.parliament.mn/files/2629282ee1654000add97caeec275f75/?d=1,Чөлөөтэй,4,тоо
2026-05-28,Хаврын ээлжит чуулган,,10:00,Зөвхөн бодит эхлэлтэй,Эцсийн,https://www.parliament.mn/nn/77409/,https://www.parliament.mn/files/2629282ee1654000add97caeec275f75/?d=1,Эмнэлгийн чөлөө,4,тоо
2026-05-28,Хаврын ээлжит чуулган,,10:00,Зөвхөн бодит эхлэлтэй,Эцсийн,https://www.parliament.mn/nn/77409/,https://www.parliament.mn/files/2629282ee1654000add97caeec275f75/?d=1,Орон нутгийн томилолт,1,тоо
2026-05-28,Хаврын ээлжит чуулган,,10:00,Зөвхөн бодит эхлэлтэй,Эцсийн,https://www.parliament.mn/nn/77409/,https://www.parliament.mn/files/2629282ee1654000add97caeec275f75/?d=1,Гадаад томилолт,6,тоо
2026-05-28,Хаврын ээлжит чуулган,,10:00,Зөвхөн бодит эхлэлтэй,Эцсийн,https://www.parliament.mn/nn/77409/,https://www.parliament.mn/files/2629282ee1654000add97caeec275f75/?d=1,Тайлбаргүй тасалсан,1,тоо
2026-05-28,Хаврын ээлжит чуулган,,10:00,Зөвхөн бодит эхлэлтэй,Эцсийн,https://www.parliament.mn/nn/77409/,https://www.parliament.mn/files/2629282ee1654000add97caeec275f75/?d=1,Биеэр оролцсон,110,тоо
2026-05-28,Хаврын ээлжит чуулган,,10:00,Зөвхөн бодит эхлэлтэй,Эцсийн,https://www.parliament.mn/nn/77409/,https://www.parliament.mn/files/2629282ee1654000add97caeec275f75/?d=1,Биеэр оролцсон хувь,87.3,хувь
2026-05-28,Хаврын ээлжит чуулган,,10:00,Зөвхөн бодит эхлэлтэй,Эцсийн,https://www.parliament.mn/nn/77409/,https://www.parliament.mn/files/2629282ee1654000add97caeec275f75/?d=1,Биеэр оролцсон үеийн албан ёсны цагтаа ирэлтийн хувь,64.5,хувь
2026-05-29,Хаврын ээлжит чуулган,,10:00,Зөвхөн бодит эхлэлтэй,Эцсийн,https://www.parliament.mn/nn/77419/,https://www.parliament.mn/files/1d92dc5701ec476da11b90cbacfca962/?d=1,Хэлэлцэх асуудал,6,тоо
2026-05-29,Хаврын ээлжит чуулган,,10:00,Зөвхөн бодит эхлэлтэй,Эцсийн,https://www.parliament.mn/nn/77419/,https://www.parliament.mn/files/1d92dc5701ec476da11b90cbacfca962/?d=1,Хуралдаан эхэлсэн хоцролт,,минут
2026-05-29,Хаврын ээлжит чуулган,,10:00,Зөвхөн бодит эхлэлтэй,Эцсийн,https://www.parliament.mn/nn/77419/,https://www.parliament.mn/files/1d92dc5701ec476da11b90cbacfca962/?d=1,Албан ёсоор цагтаа ирсэн,66,тоо
2026-05-29,Хаврын ээлжит чуулган,,10:00,Зөвхөн бодит эхлэлтэй,Эцсийн,https://www.parliament.mn/nn/77419/,https://www.parliament.mn/files/1d92dc5701ec476da11b90cbacfca962/?d=1,Албан ёсоор хоцорсон,40,тоо
2026-05-29,Хаврын ээлжит чуулган,,10:00,Зөвхөн бодит эхлэлтэй,Эцсийн,https://www.parliament.mn/nn/77419/,https://www.parliament.mn/files/1d92dc5701ec476da11b90cbacfca962/?d=1,Чөлөөтэй,2,тоо
2026-05-29,Хаврын ээлжит чуулган,,10:00,Зөвхөн бодит эхлэлтэй,Эцсийн,https://www.parliament.mn/nn/77419/,https://www.parliament.mn/files/1d92dc5701ec476da11b90cbacfca962/?d=1,Эмнэлгийн чөлөө,4,тоо
2026-05-29,Хаврын ээлжит чуулган,,10:00,Зөвхөн бодит эхлэлтэй,Эцсийн,https://www.parliament.mn/nn/77419/,https://www.parliament.mn/files/1d92dc5701ec476da11b90cbacfca962/?d=1,Орон нутгийн томилолт,3,тоо
2026-05-29,Хаврын ээлжит чуулган,,10:00,Зөвхөн бодит эхлэлтэй,Эцсийн,https://www.parliament.mn/nn/77419/,https://www.parliament.mn/files/1d92dc5701ec476da11b90cbacfca962/?d=1,Гадаад томилолт,10,тоо
2026-05-29,Хаврын ээлжит чуулган,,10:00,Зөвхөн бодит эхлэлтэй,Эцсийн,https://www.parliament.mn/nn/77419/,https://www.parliament.mn/files/1d92dc5701ec476da11b90cbacfca962/?d=1,Тайлбаргүй тасалсан,1,тоо
2026-05-29,Хаврын ээлжит чуулган,,10:00,Зөвхөн бодит эхлэлтэй,Эцсийн,https://www.parliament.mn/nn/77419/,https://www.parliament.mn/files/1d92dc5701ec476da11b90cbacfca962/?d=1,Биеэр оролцсон,106,тоо
2026-05-29,Хаврын ээлжит чуулган,,10:00,Зөвхөн бодит эхлэлтэй,Эцсийн,https://www.parliament.mn/nn/77419/,https://www.parliament.mn/files/1d92dc5701ec476da11b90cbacfca962/?d=1,Биеэр оролцсон хувь,84.1,хувь
2026-05-29,Хаврын ээлжит чуулган,,10:00,Зөвхөн бодит эхлэлтэй,Эцсийн,https://www.parliament.mn/nn/77419/,https://www.parliament.mn/files/1d92dc5701ec476da11b90cbacfca962/?d=1,Биеэр оролцсон үеийн албан ёсны цагтаа ирэлтийн хувь,62.3,хувь
2026-06-02,Хаврын ээлжит чуулган,14:00,14:07,Бүрэн,Эцсийн,https://www.parliament.mn/nn/77438/,https://www.parliament.mn/files/b37f8600903840ac96bf5ad7aee0c8f0/?d=1,Хэлэлцэх асуудал,5,тоо
2026-06-02,Хаврын ээлжит чуулган,14:00,14:07,Бүрэн,Эцсийн,https://www.parliament.mn/nn/77438/,https://www.parliament.mn/files/b37f8600903840ac96bf5ad7aee0c8f0/?d=1,Хуралдаан эхэлсэн хоцролт,7,минут
2026-06-02,Хаврын ээлжит чуулган,14:00,14:07,Бүрэн,Эцсийн,https://www.parliament.mn/nn/77438/,https://www.parliament.mn/files/b37f8600903840ac96bf5ad7aee0c8f0/?d=1,Албан ёсоор цагтаа ирсэн,69,тоо
2026-06-02,Хаврын ээлжит чуулган,14:00,14:07,Бүрэн,Эцсийн,https://www.parliament.mn/nn/77438/,https://www.parliament.mn/files/b37f8600903840ac96bf5ad7aee0c8f0/?d=1,Албан ёсоор хоцорсон,22,тоо
2026-06-02,Хаврын ээлжит чуулган,14:00,14:07,Бүрэн,Эцсийн,https://www.parliament.mn/nn/77438/,https://www.parliament.mn/files/b37f8600903840ac96bf5ad7aee0c8f0/?d=1,Чөлөөтэй,5,тоо
2026-06-02,Хаврын ээлжит чуулган,14:00,14:07,Бүрэн,Эцсийн,https://www.parliament.mn/nn/77438/,https://www.parliament.mn/files/b37f8600903840ac96bf5ad7aee0c8f0/?d=1,Эмнэлгийн чөлөө,3,тоо
2026-06-02,Хаврын ээлжит чуулган,14:00,14:07,Бүрэн,Эцсийн,https://www.parliament.mn/nn/77438/,https://www.parliament.mn/files/b37f8600903840ac96bf5ad7aee0c8f0/?d=1,Орон нутгийн томилолт,8,тоо
2026-06-02,Хаврын ээлжит чуулган,14:00,14:07,Бүрэн,Эцсийн,https://www.parliament.mn/nn/77438/,https://www.parliament.mn/files/b37f8600903840ac96bf5ad7aee0c8f0/?d=1,Гадаад томилолт,19,тоо
2026-06-02,Хаврын ээлжит чуулган,14:00,14:07,Бүрэн,Эцсийн,https://www.parliament.mn/nn/77438/,https://www.parliament.mn/files/b37f8600903840ac96bf5ad7aee0c8f0/?d=1,Тайлбаргүй тасалсан,0,тоо
2026-06-02,Хаврын ээлжит чуулган,14:00,14:07,Бүрэн,Эцсийн,https://www.parliament.mn/nn/77438/,https://www.parliament.mn/files/b37f8600903840ac96bf5ad7aee0c8f0/?d=1,Биеэр оролцсон,91,тоо
2026-06-02,Хаврын ээлжит чуулган,14:00,14:07,Бүрэн,Эцсийн,https://www.parliament.mn/nn/77438/,https://www.parliament.mn/files/b37f8600903840ac96bf5ad7aee0c8f0/?d=1,Биеэр оролцсон хувь,72.2,хувь
2026-06-02,Хаврын ээлжит чуулган,14:00,14:07,Бүрэн,Эцсийн,https://www.parliament.mn/nn/77438/,https://www.parliament.mn/files/b37f8600903840ac96bf5ad7aee0c8f0/?d=1,Биеэр оролцсон үеийн албан ёсны цагтаа ирэлтийн хувь,75.8,хувь
2026-06-04,Хаврын ээлжит чуулган,,10:00,Зөвхөн бодит эхлэлтэй,Эцсийн,https://www.parliament.mn/nn/77476/,https://www.parliament.mn/files/d97d23f6bf46469aa334ffea620ea155/?d=1,Хэлэлцэх асуудал,10,тоо
2026-06-04,Хаврын ээлжит чуулган,,10:00,Зөвхөн бодит эхлэлтэй,Эцсийн,https://www.parliament.mn/nn/77476/,https://www.parliament.mn/files/d97d23f6bf46469aa334ffea620ea155/?d=1,Хуралдаан эхэлсэн хоцролт,,минут
2026-06-04,Хаврын ээлжит чуулган,,10:00,Зөвхөн бодит эхлэлтэй,Эцсийн,https://www.parliament.mn/nn/77476/,https://www.parliament.mn/files/d97d23f6bf46469aa334ffea620ea155/?d=1,Албан ёсоор цагтаа ирсэн,67,тоо
2026-06-04,Хаврын ээлжит чуулган,,10:00,Зөвхөн бодит эхлэлтэй,Эцсийн,https://www.parliament.mn/nn/77476/,https://www.parliament.mn/files/d97d23f6bf46469aa334ffea620ea155/?d=1,Албан ёсоор хоцорсон,30,тоо
2026-06-04,Хаврын ээлжит чуулган,,10:00,Зөвхөн бодит эхлэлтэй,Эцсийн,https://www.parliament.mn/nn/77476/,https://www.parliament.mn/files/d97d23f6bf46469aa334ffea620ea155/?d=1,Чөлөөтэй,6,тоо
2026-06-04,Хаврын ээлжит чуулган,,10:00,Зөвхөн бодит эхлэлтэй,Эцсийн,https://www.parliament.mn/nn/77476/,https://www.parliament.mn/files/d97d23f6bf46469aa334ffea620ea155/?d=1,Эмнэлгийн чөлөө,2,тоо
2026-06-04,Хаврын ээлжит чуулган,,10:00,Зөвхөн бодит эхлэлтэй,Эцсийн,https://www.parliament.mn/nn/77476/,https://www.parliament.mn/files/d97d23f6bf46469aa334ffea620ea155/?d=1,Орон нутгийн томилолт,5,тоо
2026-06-04,Хаврын ээлжит чуулган,,10:00,Зөвхөн бодит эхлэлтэй,Эцсийн,https://www.parliament.mn/nn/77476/,https://www.parliament.mn/files/d97d23f6bf46469aa334ffea620ea155/?d=1,Гадаад томилолт,14,тоо
2026-06-04,Хаврын ээлжит чуулган,,10:00,Зөвхөн бодит эхлэлтэй,Эцсийн,https://www.parliament.mn/nn/77476/,https://www.parliament.mn/files/d97d23f6bf46469aa334ffea620ea155/?d=1,Тайлбаргүй тасалсан,2,тоо
2026-06-04,Хаврын ээлжит чуулган,,10:00,Зөвхөн бодит эхлэлтэй,Эцсийн,https://www.parliament.mn/nn/77476/,https://www.parliament.mn/files/d97d23f6bf46469aa334ffea620ea155/?d=1,Биеэр оролцсон,97,тоо
2026-06-04,Хаврын ээлжит чуулган,,10:00,Зөвхөн бодит эхлэлтэй,Эцсийн,https://www.parliament.mn/nn/77476/,https://www.parliament.mn/files/d97d23f6bf46469aa334ffea620ea155/?d=1,Биеэр оролцсон хувь,77.0,хувь
2026-06-04,Хаврын ээлжит чуулган,,10:00,Зөвхөн бодит эхлэлтэй,Эцсийн,https://www.parliament.mn/nn/77476/,https://www.parliament.mn/files/d97d23f6bf46469aa334ffea620ea155/?d=1,Биеэр оролцсон үеийн албан ёсны цагтаа ирэлтийн хувь,69.1,хувь
2026-06-05,Хаврын ээлжит чуулган,10:00,10:06,Бүрэн,Эцсийн,https://www.parliament.mn/nn/77501/,https://www.parliament.mn/files/2ce39196e1dd4c1f9c4c5d19c893a1d5/?d=1,Хэлэлцэх асуудал,7,тоо
2026-06-05,Хаврын ээлжит чуулган,10:00,10:06,Бүрэн,Эцсийн,https://www.parliament.mn/nn/77501/,https://www.parliament.mn/files/2ce39196e1dd4c1f9c4c5d19c893a1d5/?d=1,Хуралдаан эхэлсэн хоцролт,6,минут
2026-06-05,Хаврын ээлжит чуулган,10:00,10:06,Бүрэн,Эцсийн,https://www.parliament.mn/nn/77501/,https://www.parliament.mn/files/2ce39196e1dd4c1f9c4c5d19c893a1d5/?d=1,Албан ёсоор цагтаа ирсэн,67,тоо
2026-06-05,Хаврын ээлжит чуулган,10:00,10:06,Бүрэн,Эцсийн,https://www.parliament.mn/nn/77501/,https://www.parliament.mn/files/2ce39196e1dd4c1f9c4c5d19c893a1d5/?d=1,Албан ёсоор хоцорсон,27,тоо
2026-06-05,Хаврын ээлжит чуулган,10:00,10:06,Бүрэн,Эцсийн,https://www.parliament.mn/nn/77501/,https://www.parliament.mn/files/2ce39196e1dd4c1f9c4c5d19c893a1d5/?d=1,Чөлөөтэй,6,тоо
2026-06-05,Хаврын ээлжит чуулган,10:00,10:06,Бүрэн,Эцсийн,https://www.parliament.mn/nn/77501/,https://www.parliament.mn/files/2ce39196e1dd4c1f9c4c5d19c893a1d5/?d=1,Эмнэлгийн чөлөө,4,тоо
2026-06-05,Хаврын ээлжит чуулган,10:00,10:06,Бүрэн,Эцсийн,https://www.parliament.mn/nn/77501/,https://www.parliament.mn/files/2ce39196e1dd4c1f9c4c5d19c893a1d5/?d=1,Орон нутгийн томилолт,5,тоо
2026-06-05,Хаврын ээлжит чуулган,10:00,10:06,Бүрэн,Эцсийн,https://www.parliament.mn/nn/77501/,https://www.parliament.mn/files/2ce39196e1dd4c1f9c4c5d19c893a1d5/?d=1,Гадаад томилолт,15,тоо
2026-06-05,Хаврын ээлжит чуулган,10:00,10:06,Бүрэн,Эцсийн,https://www.parliament.mn/nn/77501/,https://www.parliament.mn/files/2ce39196e1dd4c1f9c4c5d19c893a1d5/?d=1,Тайлбаргүй тасалсан,2,тоо
2026-06-05,Хаврын ээлжит чуулган,10:00,10:06,Бүрэн,Эцсийн,https://www.parliament.mn/nn/77501/,https://www.parliament.mn/files/2ce39196e1dd4c1f9c4c5d19c893a1d5/?d=1,Биеэр оролцсон,94,тоо
2026-06-05,Хаврын ээлжит чуулган,10:00,10:06,Бүрэн,Эцсийн,https://www.parliament.mn/nn/77501/,https://www.parliament.mn/files/2ce39196e1dd4c1f9c4c5d19c893a1d5/?d=1,Биеэр оролцсон хувь,74.6,хувь
2026-06-05,Хаврын ээлжит чуулган,10:00,10:06,Бүрэн,Эцсийн,https://www.parliament.mn/nn/77501/,https://www.parliament.mn/files/2ce39196e1dd4c1f9c4c5d19c893a1d5/?d=1,Биеэр оролцсон үеийн албан ёсны цагтаа ирэлтийн хувь,71.3,хувь
2026-06-11,Хаврын ээлжит чуулган,,10:00,Зөвхөн бодит эхлэлтэй,Эцсийн,https://www.parliament.mn/nn/77556/,https://www.parliament.mn/files/aa5e7d12a54547a29d7e17c4e795b3ec/?d=1,Хэлэлцэх асуудал,15,тоо
2026-06-11,Хаврын ээлжит чуулган,,10:00,Зөвхөн бодит эхлэлтэй,Эцсийн,https://www.parliament.mn/nn/77556/,https://www.parliament.mn/files/aa5e7d12a54547a29d7e17c4e795b3ec/?d=1,Хуралдаан эхэлсэн хоцролт,,минут
2026-06-11,Хаврын ээлжит чуулган,,10:00,Зөвхөн бодит эхлэлтэй,Эцсийн,https://www.parliament.mn/nn/77556/,https://www.parliament.mn/files/aa5e7d12a54547a29d7e17c4e795b3ec/?d=1,Албан ёсоор цагтаа ирсэн,72,тоо
2026-06-11,Хаврын ээлжит чуулган,,10:00,Зөвхөн бодит эхлэлтэй,Эцсийн,https://www.parliament.mn/nn/77556/,https://www.parliament.mn/files/aa5e7d12a54547a29d7e17c4e795b3ec/?d=1,Албан ёсоор хоцорсон,37,тоо
2026-06-11,Хаврын ээлжит чуулган,,10:00,Зөвхөн бодит эхлэлтэй,Эцсийн,https://www.parliament.mn/nn/77556/,https://www.parliament.mn/files/aa5e7d12a54547a29d7e17c4e795b3ec/?d=1,Чөлөөтэй,8,тоо
2026-06-11,Хаврын ээлжит чуулган,,10:00,Зөвхөн бодит эхлэлтэй,Эцсийн,https://www.parliament.mn/nn/77556/,https://www.parliament.mn/files/aa5e7d12a54547a29d7e17c4e795b3ec/?d=1,Эмнэлгийн чөлөө,5,тоо
2026-06-11,Хаврын ээлжит чуулган,,10:00,Зөвхөн бодит эхлэлтэй,Эцсийн,https://www.parliament.mn/nn/77556/,https://www.parliament.mn/files/aa5e7d12a54547a29d7e17c4e795b3ec/?d=1,Орон нутгийн томилолт,1,тоо
2026-06-11,Хаврын ээлжит чуулган,,10:00,Зөвхөн бодит эхлэлтэй,Эцсийн,https://www.parliament.mn/nn/77556/,https://www.parliament.mn/files/aa5e7d12a54547a29d7e17c4e795b3ec/?d=1,Гадаад томилолт,3,тоо
2026-06-11,Хаврын ээлжит чуулган,,10:00,Зөвхөн бодит эхлэлтэй,Эцсийн,https://www.parliament.mn/nn/77556/,https://www.parliament.mn/files/aa5e7d12a54547a29d7e17c4e795b3ec/?d=1,Тайлбаргүй тасалсан,0,тоо
2026-06-11,Хаврын ээлжит чуулган,,10:00,Зөвхөн бодит эхлэлтэй,Эцсийн,https://www.parliament.mn/nn/77556/,https://www.parliament.mn/files/aa5e7d12a54547a29d7e17c4e795b3ec/?d=1,Биеэр оролцсон,109,тоо
2026-06-11,Хаврын ээлжит чуулган,,10:00,Зөвхөн бодит эхлэлтэй,Эцсийн,https://www.parliament.mn/nn/77556/,https://www.parliament.mn/files/aa5e7d12a54547a29d7e17c4e795b3ec/?d=1,Биеэр оролцсон хувь,86.5,хувь
2026-06-11,Хаврын ээлжит чуулган,,10:00,Зөвхөн бодит эхлэлтэй,Эцсийн,https://www.parliament.mn/nn/77556/,https://www.parliament.mn/files/aa5e7d12a54547a29d7e17c4e795b3ec/?d=1,Биеэр оролцсон үеийн албан ёсны цагтаа ирэлтийн хувь,66.1,хувь
2026-06-12,Хаврын ээлжит чуулган,10:00,10:01,Бүрэн,Эцсийн,https://www.parliament.mn/nn/77567/,https://www.parliament.mn/files/74de880b5cae44318771804b19fd9fe8/?d=1,Хэлэлцэх асуудал,13,тоо
2026-06-12,Хаврын ээлжит чуулган,10:00,10:01,Бүрэн,Эцсийн,https://www.parliament.mn/nn/77567/,https://www.parliament.mn/files/74de880b5cae44318771804b19fd9fe8/?d=1,Хуралдаан эхэлсэн хоцролт,1,минут
2026-06-12,Хаврын ээлжит чуулган,10:00,10:01,Бүрэн,Эцсийн,https://www.parliament.mn/nn/77567/,https://www.parliament.mn/files/74de880b5cae44318771804b19fd9fe8/?d=1,Албан ёсоор цагтаа ирсэн,68,тоо
2026-06-12,Хаврын ээлжит чуулган,10:00,10:01,Бүрэн,Эцсийн,https://www.parliament.mn/nn/77567/,https://www.parliament.mn/files/74de880b5cae44318771804b19fd9fe8/?d=1,Албан ёсоор хоцорсон,32,тоо
2026-06-12,Хаврын ээлжит чуулган,10:00,10:01,Бүрэн,Эцсийн,https://www.parliament.mn/nn/77567/,https://www.parliament.mn/files/74de880b5cae44318771804b19fd9fe8/?d=1,Чөлөөтэй,8,тоо
2026-06-12,Хаврын ээлжит чуулган,10:00,10:01,Бүрэн,Эцсийн,https://www.parliament.mn/nn/77567/,https://www.parliament.mn/files/74de880b5cae44318771804b19fd9fe8/?d=1,Эмнэлгийн чөлөө,7,тоо
2026-06-12,Хаврын ээлжит чуулган,10:00,10:01,Бүрэн,Эцсийн,https://www.parliament.mn/nn/77567/,https://www.parliament.mn/files/74de880b5cae44318771804b19fd9fe8/?d=1,Орон нутгийн томилолт,8,тоо
2026-06-12,Хаврын ээлжит чуулган,10:00,10:01,Бүрэн,Эцсийн,https://www.parliament.mn/nn/77567/,https://www.parliament.mn/files/74de880b5cae44318771804b19fd9fe8/?d=1,Гадаад томилолт,2,тоо
2026-06-12,Хаврын ээлжит чуулган,10:00,10:01,Бүрэн,Эцсийн,https://www.parliament.mn/nn/77567/,https://www.parliament.mn/files/74de880b5cae44318771804b19fd9fe8/?d=1,Тайлбаргүй тасалсан,1,тоо
2026-06-12,Хаврын ээлжит чуулган,10:00,10:01,Бүрэн,Эцсийн,https://www.parliament.mn/nn/77567/,https://www.parliament.mn/files/74de880b5cae44318771804b19fd9fe8/?d=1,Биеэр оролцсон,100,тоо
2026-06-12,Хаврын ээлжит чуулган,10:00,10:01,Бүрэн,Эцсийн,https://www.parliament.mn/nn/77567/,https://www.parliament.mn/files/74de880b5cae44318771804b19fd9fe8/?d=1,Биеэр оролцсон хувь,79.4,хувь
2026-06-12,Хаврын ээлжит чуулган,10:00,10:01,Бүрэн,Эцсийн,https://www.parliament.mn/nn/77567/,https://www.parliament.mn/files/74de880b5cae44318771804b19fd9fe8/?d=1,Биеэр оролцсон үеийн албан ёсны цагтаа ирэлтийн хувь,68.0,хувь
2026-06-18,Хаврын ээлжит чуулган,10:00,10:02,Бүрэн,Эцсийн,https://www.parliament.mn/nn/77616/,https://www.parliament.mn/files/0fef31c2a0124ee8b79c1a3d83416edf/?d=1,Хэлэлцэх асуудал,17,тоо
2026-06-18,Хаврын ээлжит чуулган,10:00,10:02,Бүрэн,Эцсийн,https://www.parliament.mn/nn/77616/,https://www.parliament.mn/files/0fef31c2a0124ee8b79c1a3d83416edf/?d=1,Хуралдаан эхэлсэн хоцролт,2,минут
2026-06-18,Хаврын ээлжит чуулган,10:00,10:02,Бүрэн,Эцсийн,https://www.parliament.mn/nn/77616/,https://www.parliament.mn/files/0fef31c2a0124ee8b79c1a3d83416edf/?d=1,Албан ёсоор цагтаа ирсэн,66,тоо
2026-06-18,Хаврын ээлжит чуулган,10:00,10:02,Бүрэн,Эцсийн,https://www.parliament.mn/nn/77616/,https://www.parliament.mn/files/0fef31c2a0124ee8b79c1a3d83416edf/?d=1,Албан ёсоор хоцорсон,27,тоо
2026-06-18,Хаврын ээлжит чуулган,10:00,10:02,Бүрэн,Эцсийн,https://www.parliament.mn/nn/77616/,https://www.parliament.mn/files/0fef31c2a0124ee8b79c1a3d83416edf/?d=1,Чөлөөтэй,17,тоо
2026-06-18,Хаврын ээлжит чуулган,10:00,10:02,Бүрэн,Эцсийн,https://www.parliament.mn/nn/77616/,https://www.parliament.mn/files/0fef31c2a0124ee8b79c1a3d83416edf/?d=1,Эмнэлгийн чөлөө,5,тоо
2026-06-18,Хаврын ээлжит чуулган,10:00,10:02,Бүрэн,Эцсийн,https://www.parliament.mn/nn/77616/,https://www.parliament.mn/files/0fef31c2a0124ee8b79c1a3d83416edf/?d=1,Орон нутгийн томилолт,5,тоо
2026-06-18,Хаврын ээлжит чуулган,10:00,10:02,Бүрэн,Эцсийн,https://www.parliament.mn/nn/77616/,https://www.parliament.mn/files/0fef31c2a0124ee8b79c1a3d83416edf/?d=1,Гадаад томилолт,3,тоо
2026-06-18,Хаврын ээлжит чуулган,10:00,10:02,Бүрэн,Эцсийн,https://www.parliament.mn/nn/77616/,https://www.parliament.mn/files/0fef31c2a0124ee8b79c1a3d83416edf/?d=1,Тайлбаргүй тасалсан,3,тоо
2026-06-18,Хаврын ээлжит чуулган,10:00,10:02,Бүрэн,Эцсийн,https://www.parliament.mn/nn/77616/,https://www.parliament.mn/files/0fef31c2a0124ee8b79c1a3d83416edf/?d=1,Биеэр оролцсон,93,тоо
2026-06-18,Хаврын ээлжит чуулган,10:00,10:02,Бүрэн,Эцсийн,https://www.parliament.mn/nn/77616/,https://www.parliament.mn/files/0fef31c2a0124ee8b79c1a3d83416edf/?d=1,Биеэр оролцсон хувь,73.8,хувь
2026-06-18,Хаврын ээлжит чуулган,10:00,10:02,Бүрэн,Эцсийн,https://www.parliament.mn/nn/77616/,https://www.parliament.mn/files/0fef31c2a0124ee8b79c1a3d83416edf/?d=1,Биеэр оролцсон үеийн албан ёсны цагтаа ирэлтийн хувь,71.0,хувь
2026-06-19,Хаврын ээлжит чуулган,10:00,10:03,Бүрэн,Эцсийн,https://www.parliament.mn/nn/77634/,https://www.parliament.mn/files/746252df68bf4a4683745303f97dcb79/?d=1,Хэлэлцэх асуудал,9,тоо
2026-06-19,Хаврын ээлжит чуулган,10:00,10:03,Бүрэн,Эцсийн,https://www.parliament.mn/nn/77634/,https://www.parliament.mn/files/746252df68bf4a4683745303f97dcb79/?d=1,Хуралдаан эхэлсэн хоцролт,3,минут
2026-06-19,Хаврын ээлжит чуулган,10:00,10:03,Бүрэн,Эцсийн,https://www.parliament.mn/nn/77634/,https://www.parliament.mn/files/746252df68bf4a4683745303f97dcb79/?d=1,Албан ёсоор цагтаа ирсэн,64,тоо
2026-06-19,Хаврын ээлжит чуулган,10:00,10:03,Бүрэн,Эцсийн,https://www.parliament.mn/nn/77634/,https://www.parliament.mn/files/746252df68bf4a4683745303f97dcb79/?d=1,Албан ёсоор хоцорсон,33,тоо
2026-06-19,Хаврын ээлжит чуулган,10:00,10:03,Бүрэн,Эцсийн,https://www.parliament.mn/nn/77634/,https://www.parliament.mn/files/746252df68bf4a4683745303f97dcb79/?d=1,Чөлөөтэй,15,тоо
2026-06-19,Хаврын ээлжит чуулган,10:00,10:03,Бүрэн,Эцсийн,https://www.parliament.mn/nn/77634/,https://www.parliament.mn/files/746252df68bf4a4683745303f97dcb79/?d=1,Эмнэлгийн чөлөө,6,тоо
2026-06-19,Хаврын ээлжит чуулган,10:00,10:03,Бүрэн,Эцсийн,https://www.parliament.mn/nn/77634/,https://www.parliament.mn/files/746252df68bf4a4683745303f97dcb79/?d=1,Орон нутгийн томилолт,1,тоо
2026-06-19,Хаврын ээлжит чуулган,10:00,10:03,Бүрэн,Эцсийн,https://www.parliament.mn/nn/77634/,https://www.parliament.mn/files/746252df68bf4a4683745303f97dcb79/?d=1,Гадаад томилолт,3,тоо
2026-06-19,Хаврын ээлжит чуулган,10:00,10:03,Бүрэн,Эцсийн,https://www.parliament.mn/nn/77634/,https://www.parliament.mn/files/746252df68bf4a4683745303f97dcb79/?d=1,Тайлбаргүй тасалсан,4,тоо
2026-06-19,Хаврын ээлжит чуулган,10:00,10:03,Бүрэн,Эцсийн,https://www.parliament.mn/nn/77634/,https://www.parliament.mn/files/746252df68bf4a4683745303f97dcb79/?d=1,Биеэр оролцсон,97,тоо
2026-06-19,Хаврын ээлжит чуулган,10:00,10:03,Бүрэн,Эцсийн,https://www.parliament.mn/nn/77634/,https://www.parliament.mn/files/746252df68bf4a4683745303f97dcb79/?d=1,Биеэр оролцсон хувь,77.0,хувь
2026-06-19,Хаврын ээлжит чуулган,10:00,10:03,Бүрэн,Эцсийн,https://www.parliament.mn/nn/77634/,https://www.parliament.mn/files/746252df68bf4a4683745303f97dcb79/?d=1,Биеэр оролцсон үеийн албан ёсны цагтаа ирэлтийн хувь,66.0,хувь
2026-06-25,Хаврын ээлжит чуулган,,10:00,Зөвхөн бодит эхлэлтэй,Эцсийн,https://www.parliament.mn/nn/77685/,https://www.parliament.mn/files/40e39f55dd4c4e04afe021b94da45d77/?d=1,Хэлэлцэх асуудал,27,тоо
2026-06-25,Хаврын ээлжит чуулган,,10:00,Зөвхөн бодит эхлэлтэй,Эцсийн,https://www.parliament.mn/nn/77685/,https://www.parliament.mn/files/40e39f55dd4c4e04afe021b94da45d77/?d=1,Хуралдаан эхэлсэн хоцролт,,минут
2026-06-25,Хаврын ээлжит чуулган,,10:00,Зөвхөн бодит эхлэлтэй,Эцсийн,https://www.parliament.mn/nn/77685/,https://www.parliament.mn/files/40e39f55dd4c4e04afe021b94da45d77/?d=1,Албан ёсоор цагтаа ирсэн,69,тоо
2026-06-25,Хаврын ээлжит чуулган,,10:00,Зөвхөн бодит эхлэлтэй,Эцсийн,https://www.parliament.mn/nn/77685/,https://www.parliament.mn/files/40e39f55dd4c4e04afe021b94da45d77/?d=1,Албан ёсоор хоцорсон,31,тоо
2026-06-25,Хаврын ээлжит чуулган,,10:00,Зөвхөн бодит эхлэлтэй,Эцсийн,https://www.parliament.mn/nn/77685/,https://www.parliament.mn/files/40e39f55dd4c4e04afe021b94da45d77/?d=1,Чөлөөтэй,9,тоо
2026-06-25,Хаврын ээлжит чуулган,,10:00,Зөвхөн бодит эхлэлтэй,Эцсийн,https://www.parliament.mn/nn/77685/,https://www.parliament.mn/files/40e39f55dd4c4e04afe021b94da45d77/?d=1,Эмнэлгийн чөлөө,5,тоо
2026-06-25,Хаврын ээлжит чуулган,,10:00,Зөвхөн бодит эхлэлтэй,Эцсийн,https://www.parliament.mn/nn/77685/,https://www.parliament.mn/files/40e39f55dd4c4e04afe021b94da45d77/?d=1,Орон нутгийн томилолт,4,тоо
2026-06-25,Хаврын ээлжит чуулган,,10:00,Зөвхөн бодит эхлэлтэй,Эцсийн,https://www.parliament.mn/nn/77685/,https://www.parliament.mn/files/40e39f55dd4c4e04afe021b94da45d77/?d=1,Гадаад томилолт,6,тоо
2026-06-25,Хаврын ээлжит чуулган,,10:00,Зөвхөн бодит эхлэлтэй,Эцсийн,https://www.parliament.mn/nn/77685/,https://www.parliament.mn/files/40e39f55dd4c4e04afe021b94da45d77/?d=1,Тайлбаргүй тасалсан,2,тоо
2026-06-25,Хаврын ээлжит чуулган,,10:00,Зөвхөн бодит эхлэлтэй,Эцсийн,https://www.parliament.mn/nn/77685/,https://www.parliament.mn/files/40e39f55dd4c4e04afe021b94da45d77/?d=1,Биеэр оролцсон,100,тоо
2026-06-25,Хаврын ээлжит чуулган,,10:00,Зөвхөн бодит эхлэлтэй,Эцсийн,https://www.parliament.mn/nn/77685/,https://www.parliament.mn/files/40e39f55dd4c4e04afe021b94da45d77/?d=1,Биеэр оролцсон хувь,79.4,хувь
2026-06-25,Хаврын ээлжит чуулган,,10:00,Зөвхөн бодит эхлэлтэй,Эцсийн,https://www.parliament.mn/nn/77685/,https://www.parliament.mn/files/40e39f55dd4c4e04afe021b94da45d77/?d=1,Биеэр оролцсон үеийн албан ёсны цагтаа ирэлтийн хувь,69.0,хувь
2026-06-26,Хаврын ээлжит чуулган,10:00,10:10,Бүрэн,Эцсийн,https://www.parliament.mn/nn/77695/,https://www.parliament.mn/files/c81172b7532b45c980a96a80030e42d3/?d=1,Хэлэлцэх асуудал,18,тоо
2026-06-26,Хаврын ээлжит чуулган,10:00,10:10,Бүрэн,Эцсийн,https://www.parliament.mn/nn/77695/,https://www.parliament.mn/files/c81172b7532b45c980a96a80030e42d3/?d=1,Хуралдаан эхэлсэн хоцролт,10,минут
2026-06-26,Хаврын ээлжит чуулган,10:00,10:10,Бүрэн,Эцсийн,https://www.parliament.mn/nn/77695/,https://www.parliament.mn/files/c81172b7532b45c980a96a80030e42d3/?d=1,Албан ёсоор цагтаа ирсэн,75,тоо
2026-06-26,Хаврын ээлжит чуулган,10:00,10:10,Бүрэн,Эцсийн,https://www.parliament.mn/nn/77695/,https://www.parliament.mn/files/c81172b7532b45c980a96a80030e42d3/?d=1,Албан ёсоор хоцорсон,26,тоо
2026-06-26,Хаврын ээлжит чуулган,10:00,10:10,Бүрэн,Эцсийн,https://www.parliament.mn/nn/77695/,https://www.parliament.mn/files/c81172b7532b45c980a96a80030e42d3/?d=1,Чөлөөтэй,9,тоо
2026-06-26,Хаврын ээлжит чуулган,10:00,10:10,Бүрэн,Эцсийн,https://www.parliament.mn/nn/77695/,https://www.parliament.mn/files/c81172b7532b45c980a96a80030e42d3/?d=1,Эмнэлгийн чөлөө,4,тоо
2026-06-26,Хаврын ээлжит чуулган,10:00,10:10,Бүрэн,Эцсийн,https://www.parliament.mn/nn/77695/,https://www.parliament.mn/files/c81172b7532b45c980a96a80030e42d3/?d=1,Орон нутгийн томилолт,4,тоо
2026-06-26,Хаврын ээлжит чуулган,10:00,10:10,Бүрэн,Эцсийн,https://www.parliament.mn/nn/77695/,https://www.parliament.mn/files/c81172b7532b45c980a96a80030e42d3/?d=1,Гадаад томилолт,3,тоо
2026-06-26,Хаврын ээлжит чуулган,10:00,10:10,Бүрэн,Эцсийн,https://www.parliament.mn/nn/77695/,https://www.parliament.mn/files/c81172b7532b45c980a96a80030e42d3/?d=1,Тайлбаргүй тасалсан,5,тоо
2026-06-26,Хаврын ээлжит чуулган,10:00,10:10,Бүрэн,Эцсийн,https://www.parliament.mn/nn/77695/,https://www.parliament.mn/files/c81172b7532b45c980a96a80030e42d3/?d=1,Биеэр оролцсон,101,тоо
2026-06-26,Хаврын ээлжит чуулган,10:00,10:10,Бүрэн,Эцсийн,https://www.parliament.mn/nn/77695/,https://www.parliament.mn/files/c81172b7532b45c980a96a80030e42d3/?d=1,Биеэр оролцсон хувь,80.2,хувь
2026-06-26,Хаврын ээлжит чуулган,10:00,10:10,Бүрэн,Эцсийн,https://www.parliament.mn/nn/77695/,https://www.parliament.mn/files/c81172b7532b45c980a96a80030e42d3/?d=1,Биеэр оролцсон үеийн албан ёсны цагтаа ирэлтийн хувь,74.3,хувь
2026-06-30,Хаврын ээлжит чуулган,14:00,14:01,Бүрэн,Эцсийн,https://www.parliament.mn/nn/77739/,https://www.parliament.mn/files/621067d388094bb2ac9812b77612e759/?d=1,Хэлэлцэх асуудал,5,тоо
2026-06-30,Хаврын ээлжит чуулган,14:00,14:01,Бүрэн,Эцсийн,https://www.parliament.mn/nn/77739/,https://www.parliament.mn/files/621067d388094bb2ac9812b77612e759/?d=1,Хуралдаан эхэлсэн хоцролт,1,минут
2026-06-30,Хаврын ээлжит чуулган,14:00,14:01,Бүрэн,Эцсийн,https://www.parliament.mn/nn/77739/,https://www.parliament.mn/files/621067d388094bb2ac9812b77612e759/?d=1,Албан ёсоор цагтаа ирсэн,86,тоо
2026-06-30,Хаврын ээлжит чуулган,14:00,14:01,Бүрэн,Эцсийн,https://www.parliament.mn/nn/77739/,https://www.parliament.mn/files/621067d388094bb2ac9812b77612e759/?d=1,Албан ёсоор хоцорсон,23,тоо
2026-06-30,Хаврын ээлжит чуулган,14:00,14:01,Бүрэн,Эцсийн,https://www.parliament.mn/nn/77739/,https://www.parliament.mn/files/621067d388094bb2ac9812b77612e759/?d=1,Чөлөөтэй,6,тоо
2026-06-30,Хаврын ээлжит чуулган,14:00,14:01,Бүрэн,Эцсийн,https://www.parliament.mn/nn/77739/,https://www.parliament.mn/files/621067d388094bb2ac9812b77612e759/?d=1,Эмнэлгийн чөлөө,3,тоо
2026-06-30,Хаврын ээлжит чуулган,14:00,14:01,Бүрэн,Эцсийн,https://www.parliament.mn/nn/77739/,https://www.parliament.mn/files/621067d388094bb2ac9812b77612e759/?d=1,Орон нутгийн томилолт,0,тоо
2026-06-30,Хаврын ээлжит чуулган,14:00,14:01,Бүрэн,Эцсийн,https://www.parliament.mn/nn/77739/,https://www.parliament.mn/files/621067d388094bb2ac9812b77612e759/?d=1,Гадаад томилолт,1,тоо
2026-06-30,Хаврын ээлжит чуулган,14:00,14:01,Бүрэн,Эцсийн,https://www.parliament.mn/nn/77739/,https://www.parliament.mn/files/621067d388094bb2ac9812b77612e759/?d=1,Тайлбаргүй тасалсан,7,тоо
2026-06-30,Хаврын ээлжит чуулган,14:00,14:01,Бүрэн,Эцсийн,https://www.parliament.mn/nn/77739/,https://www.parliament.mn/files/621067d388094bb2ac9812b77612e759/?d=1,Биеэр оролцсон,109,тоо
2026-06-30,Хаврын ээлжит чуулган,14:00,14:01,Бүрэн,Эцсийн,https://www.parliament.mn/nn/77739/,https://www.parliament.mn/files/621067d388094bb2ac9812b77612e759/?d=1,Биеэр оролцсон хувь,86.5,хувь
2026-06-30,Хаврын ээлжит чуулган,14:00,14:01,Бүрэн,Эцсийн,https://www.parliament.mn/nn/77739/,https://www.parliament.mn/files/621067d388094bb2ac9812b77612e759/?d=1,Биеэр оролцсон үеийн албан ёсны цагтаа ирэлтийн хувь,78.9,хувь
2026-07-01,Хаврын ээлжит чуулган,14:00,14:21,Бүрэн,Эцсийн,https://www.parliament.mn/nn/77760/,https://www.parliament.mn/files/cf1610c6aede4445a71e12f60c104eb7/?d=1,Хэлэлцэх асуудал,5,тоо
2026-07-01,Хаврын ээлжит чуулган,14:00,14:21,Бүрэн,Эцсийн,https://www.parliament.mn/nn/77760/,https://www.parliament.mn/files/cf1610c6aede4445a71e12f60c104eb7/?d=1,Хуралдаан эхэлсэн хоцролт,21,минут
2026-07-01,Хаврын ээлжит чуулган,14:00,14:21,Бүрэн,Эцсийн,https://www.parliament.mn/nn/77760/,https://www.parliament.mn/files/cf1610c6aede4445a71e12f60c104eb7/?d=1,Албан ёсоор цагтаа ирсэн,100,тоо
2026-07-01,Хаврын ээлжит чуулган,14:00,14:21,Бүрэн,Эцсийн,https://www.parliament.mn/nn/77760/,https://www.parliament.mn/files/cf1610c6aede4445a71e12f60c104eb7/?d=1,Албан ёсоор хоцорсон,10,тоо
2026-07-01,Хаврын ээлжит чуулган,14:00,14:21,Бүрэн,Эцсийн,https://www.parliament.mn/nn/77760/,https://www.parliament.mn/files/cf1610c6aede4445a71e12f60c104eb7/?d=1,Чөлөөтэй,9,тоо
2026-07-01,Хаврын ээлжит чуулган,14:00,14:21,Бүрэн,Эцсийн,https://www.parliament.mn/nn/77760/,https://www.parliament.mn/files/cf1610c6aede4445a71e12f60c104eb7/?d=1,Эмнэлгийн чөлөө,5,тоо
2026-07-01,Хаврын ээлжит чуулган,14:00,14:21,Бүрэн,Эцсийн,https://www.parliament.mn/nn/77760/,https://www.parliament.mn/files/cf1610c6aede4445a71e12f60c104eb7/?d=1,Орон нутгийн томилолт,0,тоо
2026-07-01,Хаврын ээлжит чуулган,14:00,14:21,Бүрэн,Эцсийн,https://www.parliament.mn/nn/77760/,https://www.parliament.mn/files/cf1610c6aede4445a71e12f60c104eb7/?d=1,Гадаад томилолт,1,тоо
2026-07-01,Хаврын ээлжит чуулган,14:00,14:21,Бүрэн,Эцсийн,https://www.parliament.mn/nn/77760/,https://www.parliament.mn/files/cf1610c6aede4445a71e12f60c104eb7/?d=1,Тайлбаргүй тасалсан,1,тоо
2026-07-01,Хаврын ээлжит чуулган,14:00,14:21,Бүрэн,Эцсийн,https://www.parliament.mn/nn/77760/,https://www.parliament.mn/files/cf1610c6aede4445a71e12f60c104eb7/?d=1,Биеэр оролцсон,110,тоо
2026-07-01,Хаврын ээлжит чуулган,14:00,14:21,Бүрэн,Эцсийн,https://www.parliament.mn/nn/77760/,https://www.parliament.mn/files/cf1610c6aede4445a71e12f60c104eb7/?d=1,Биеэр оролцсон хувь,87.3,хувь
2026-07-01,Хаврын ээлжит чуулган,14:00,14:21,Бүрэн,Эцсийн,https://www.parliament.mn/nn/77760/,https://www.parliament.mn/files/cf1610c6aede4445a71e12f60c104eb7/?d=1,Биеэр оролцсон үеийн албан ёсны цагтаа ирэлтийн хувь,90.9,хувь
2026-07-02,Хаврын ээлжит чуулган,,10:00,Зөвхөн бодит эхлэлтэй,Эцсийн,https://www.parliament.mn/nn/77774/,https://www.parliament.mn/files/34843398f7c14e10aed012fbbd8ab005/?d=1,Хэлэлцэх асуудал,15,тоо
2026-07-02,Хаврын ээлжит чуулган,,10:00,Зөвхөн бодит эхлэлтэй,Эцсийн,https://www.parliament.mn/nn/77774/,https://www.parliament.mn/files/34843398f7c14e10aed012fbbd8ab005/?d=1,Хуралдаан эхэлсэн хоцролт,,минут
2026-07-02,Хаврын ээлжит чуулган,,10:00,Зөвхөн бодит эхлэлтэй,Эцсийн,https://www.parliament.mn/nn/77774/,https://www.parliament.mn/files/34843398f7c14e10aed012fbbd8ab005/?d=1,Албан ёсоор цагтаа ирсэн,71,тоо
2026-07-02,Хаврын ээлжит чуулган,,10:00,Зөвхөн бодит эхлэлтэй,Эцсийн,https://www.parliament.mn/nn/77774/,https://www.parliament.mn/files/34843398f7c14e10aed012fbbd8ab005/?d=1,Албан ёсоор хоцорсон,35,тоо
2026-07-02,Хаврын ээлжит чуулган,,10:00,Зөвхөн бодит эхлэлтэй,Эцсийн,https://www.parliament.mn/nn/77774/,https://www.parliament.mn/files/34843398f7c14e10aed012fbbd8ab005/?d=1,Чөлөөтэй,7,тоо
2026-07-02,Хаврын ээлжит чуулган,,10:00,Зөвхөн бодит эхлэлтэй,Эцсийн,https://www.parliament.mn/nn/77774/,https://www.parliament.mn/files/34843398f7c14e10aed012fbbd8ab005/?d=1,Эмнэлгийн чөлөө,10,тоо
2026-07-02,Хаврын ээлжит чуулган,,10:00,Зөвхөн бодит эхлэлтэй,Эцсийн,https://www.parliament.mn/nn/77774/,https://www.parliament.mn/files/34843398f7c14e10aed012fbbd8ab005/?d=1,Орон нутгийн томилолт,0,тоо
2026-07-02,Хаврын ээлжит чуулган,,10:00,Зөвхөн бодит эхлэлтэй,Эцсийн,https://www.parliament.mn/nn/77774/,https://www.parliament.mn/files/34843398f7c14e10aed012fbbd8ab005/?d=1,Гадаад томилолт,2,тоо
2026-07-02,Хаврын ээлжит чуулган,,10:00,Зөвхөн бодит эхлэлтэй,Эцсийн,https://www.parliament.mn/nn/77774/,https://www.parliament.mn/files/34843398f7c14e10aed012fbbd8ab005/?d=1,Тайлбаргүй тасалсан,1,тоо
2026-07-02,Хаврын ээлжит чуулган,,10:00,Зөвхөн бодит эхлэлтэй,Эцсийн,https://www.parliament.mn/nn/77774/,https://www.parliament.mn/files/34843398f7c14e10aed012fbbd8ab005/?d=1,Биеэр оролцсон,106,тоо
2026-07-02,Хаврын ээлжит чуулган,,10:00,Зөвхөн бодит эхлэлтэй,Эцсийн,https://www.parliament.mn/nn/77774/,https://www.parliament.mn/files/34843398f7c14e10aed012fbbd8ab005/?d=1,Биеэр оролцсон хувь,84.1,хувь
2026-07-02,Хаврын ээлжит чуулган,,10:00,Зөвхөн бодит эхлэлтэй,Эцсийн,https://www.parliament.mn/nn/77774/,https://www.parliament.mn/files/34843398f7c14e10aed012fbbd8ab005/?d=1,Биеэр оролцсон үеийн албан ёсны цагтаа ирэлтийн хувь,67.0,хувь
2026-07-03,Хаврын ээлжит чуулган,10:00,10:02,Бүрэн,Эцсийн,https://www.parliament.mn/nn/77792/,https://www.parliament.mn/files/b713ed23d7cb4d70b44f1b8089b6cc40/?d=1,Хэлэлцэх асуудал,8,тоо
2026-07-03,Хаврын ээлжит чуулган,10:00,10:02,Бүрэн,Эцсийн,https://www.parliament.mn/nn/77792/,https://www.parliament.mn/files/b713ed23d7cb4d70b44f1b8089b6cc40/?d=1,Хуралдаан эхэлсэн хоцролт,2,минут
2026-07-03,Хаврын ээлжит чуулган,10:00,10:02,Бүрэн,Эцсийн,https://www.parliament.mn/nn/77792/,https://www.parliament.mn/files/b713ed23d7cb4d70b44f1b8089b6cc40/?d=1,Албан ёсоор цагтаа ирсэн,74,тоо
2026-07-03,Хаврын ээлжит чуулган,10:00,10:02,Бүрэн,Эцсийн,https://www.parliament.mn/nn/77792/,https://www.parliament.mn/files/b713ed23d7cb4d70b44f1b8089b6cc40/?d=1,Албан ёсоор хоцорсон,31,тоо
2026-07-03,Хаврын ээлжит чуулган,10:00,10:02,Бүрэн,Эцсийн,https://www.parliament.mn/nn/77792/,https://www.parliament.mn/files/b713ed23d7cb4d70b44f1b8089b6cc40/?d=1,Чөлөөтэй,7,тоо
2026-07-03,Хаврын ээлжит чуулган,10:00,10:02,Бүрэн,Эцсийн,https://www.parliament.mn/nn/77792/,https://www.parliament.mn/files/b713ed23d7cb4d70b44f1b8089b6cc40/?d=1,Эмнэлгийн чөлөө,10,тоо
2026-07-03,Хаврын ээлжит чуулган,10:00,10:02,Бүрэн,Эцсийн,https://www.parliament.mn/nn/77792/,https://www.parliament.mn/files/b713ed23d7cb4d70b44f1b8089b6cc40/?d=1,Орон нутгийн томилолт,0,тоо
2026-07-03,Хаврын ээлжит чуулган,10:00,10:02,Бүрэн,Эцсийн,https://www.parliament.mn/nn/77792/,https://www.parliament.mn/files/b713ed23d7cb4d70b44f1b8089b6cc40/?d=1,Гадаад томилолт,3,тоо
2026-07-03,Хаврын ээлжит чуулган,10:00,10:02,Бүрэн,Эцсийн,https://www.parliament.mn/nn/77792/,https://www.parliament.mn/files/b713ed23d7cb4d70b44f1b8089b6cc40/?d=1,Тайлбаргүй тасалсан,1,тоо
2026-07-03,Хаврын ээлжит чуулган,10:00,10:02,Бүрэн,Эцсийн,https://www.parliament.mn/nn/77792/,https://www.parliament.mn/files/b713ed23d7cb4d70b44f1b8089b6cc40/?d=1,Биеэр оролцсон,105,тоо
2026-07-03,Хаврын ээлжит чуулган,10:00,10:02,Бүрэн,Эцсийн,https://www.parliament.mn/nn/77792/,https://www.parliament.mn/files/b713ed23d7cb4d70b44f1b8089b6cc40/?d=1,Биеэр оролцсон хувь,83.3,хувь
2026-07-03,Хаврын ээлжит чуулган,10:00,10:02,Бүрэн,Эцсийн,https://www.parliament.mn/nn/77792/,https://www.parliament.mn/files/b713ed23d7cb4d70b44f1b8089b6cc40/?d=1,Биеэр оролцсон үеийн албан ёсны цагтаа ирэлтийн хувь,70.5,хувь
2026-09-07,Ээлжит бус чуулган,10:00,10:01,Бүрэн,Эцсийн,https://www.parliament.mn/nn/78009/,https://www.parliament.mn/files/47f4fd9ee8ca424894b35bf5807c3feb/?d=1,Хэлэлцэх асуудал,3,тоо
2026-09-07,Ээлжит бус чуулган,10:00,10:01,Бүрэн,Эцсийн,https://www.parliament.mn/nn/78009/,https://www.parliament.mn/files/47f4fd9ee8ca424894b35bf5807c3feb/?d=1,Хуралдаан эхэлсэн хоцролт,1,минут
2026-09-07,Ээлжит бус чуулган,10:00,10:01,Бүрэн,Эцсийн,https://www.parliament.mn/nn/78009/,https://www.parliament.mn/files/47f4fd9ee8ca424894b35bf5807c3feb/?d=1,Албан ёсоор цагтаа ирсэн,81,тоо
2026-09-07,Ээлжит бус чуулган,10:00,10:01,Бүрэн,Эцсийн,https://www.parliament.mn/nn/78009/,https://www.parliament.mn/files/47f4fd9ee8ca424894b35bf5807c3feb/?d=1,Албан ёсоор хоцорсон,6,тоо
2026-09-07,Ээлжит бус чуулган,10:00,10:01,Бүрэн,Эцсийн,https://www.parliament.mn/nn/78009/,https://www.parliament.mn/files/47f4fd9ee8ca424894b35bf5807c3feb/?d=1,Чөлөөтэй,7,тоо
2026-09-07,Ээлжит бус чуулган,10:00,10:01,Бүрэн,Эцсийн,https://www.parliament.mn/nn/78009/,https://www.parliament.mn/files/47f4fd9ee8ca424894b35bf5807c3feb/?d=1,Эмнэлгийн чөлөө,4,тоо
2026-09-07,Ээлжит бус чуулган,10:00,10:01,Бүрэн,Эцсийн,https://www.parliament.mn/nn/78009/,https://www.parliament.mn/files/47f4fd9ee8ca424894b35bf5807c3feb/?d=1,Орон нутгийн томилолт,10,тоо
2026-09-07,Ээлжит бус чуулган,10:00,10:01,Бүрэн,Эцсийн,https://www.parliament.mn/nn/78009/,https://www.parliament.mn/files/47f4fd9ee8ca424894b35bf5807c3feb/?d=1,Гадаад томилолт,18,тоо
2026-09-07,Ээлжит бус чуулган,10:00,10:01,Бүрэн,Эцсийн,https://www.parliament.mn/nn/78009/,https://www.parliament.mn/files/47f4fd9ee8ca424894b35bf5807c3feb/?d=1,Тайлбаргүй тасалсан,0,тоо
2026-09-07,Ээлжит бус чуулган,10:00,10:01,Бүрэн,Эцсийн,https://www.parliament.mn/nn/78009/,https://www.parliament.mn/files/47f4fd9ee8ca424894b35bf5807c3feb/?d=1,Биеэр оролцсон,87,тоо
2026-09-07,Ээлжит бус чуулган,10:00,10:01,Бүрэн,Эцсийн,https://www.parliament.mn/nn/78009/,https://www.parliament.mn/files/47f4fd9ee8ca424894b35bf5807c3feb/?d=1,Биеэр оролцсон хувь,69.0,хувь
2026-09-07,Ээлжит бус чуулган,10:00,10:01,Бүрэн,Эцсийн,https://www.parliament.mn/nn/78009/,https://www.parliament.mn/files/47f4fd9ee8ca424894b35bf5807c3feb/?d=1,Биеэр оролцсон үеийн албан ёсны цагтаа ирэлтийн хувь,93.1,хувь
2026-09-14,Ээлжит бус чуулган,16:00,,Зөвхөн товлосон цагтай,Эцсийн,https://www.parliament.mn/nn/78055/,https://www.parliament.mn/files/ad2499cb6acc4c30b22847563a27ef8a/?d=1,Хэлэлцэх асуудал,2,тоо
2026-09-14,Ээлжит бус чуулган,16:00,,Зөвхөн товлосон цагтай,Эцсийн,https://www.parliament.mn/nn/78055/,https://www.parliament.mn/files/ad2499cb6acc4c30b22847563a27ef8a/?d=1,Хуралдаан эхэлсэн хоцролт,,минут
2026-09-14,Ээлжит бус чуулган,16:00,,Зөвхөн товлосон цагтай,Эцсийн,https://www.parliament.mn/nn/78055/,https://www.parliament.mn/files/ad2499cb6acc4c30b22847563a27ef8a/?d=1,Албан ёсоор цагтаа ирсэн,57,тоо
2026-09-14,Ээлжит бус чуулган,16:00,,Зөвхөн товлосон цагтай,Эцсийн,https://www.parliament.mn/nn/78055/,https://www.parliament.mn/files/ad2499cb6acc4c30b22847563a27ef8a/?d=1,Албан ёсоор хоцорсон,11,тоо
2026-09-14,Ээлжит бус чуулган,16:00,,Зөвхөн товлосон цагтай,Эцсийн,https://www.parliament.mn/nn/78055/,https://www.parliament.mn/files/ad2499cb6acc4c30b22847563a27ef8a/?d=1,Чөлөөтэй,5,тоо
2026-09-14,Ээлжит бус чуулган,16:00,,Зөвхөн товлосон цагтай,Эцсийн,https://www.parliament.mn/nn/78055/,https://www.parliament.mn/files/ad2499cb6acc4c30b22847563a27ef8a/?d=1,Эмнэлгийн чөлөө,6,тоо
2026-09-14,Ээлжит бус чуулган,16:00,,Зөвхөн товлосон цагтай,Эцсийн,https://www.parliament.mn/nn/78055/,https://www.parliament.mn/files/ad2499cb6acc4c30b22847563a27ef8a/?d=1,Орон нутгийн томилолт,6,тоо
2026-09-14,Ээлжит бус чуулган,16:00,,Зөвхөн товлосон цагтай,Эцсийн,https://www.parliament.mn/nn/78055/,https://www.parliament.mn/files/ad2499cb6acc4c30b22847563a27ef8a/?d=1,Гадаад томилолт,3,тоо
2026-09-14,Ээлжит бус чуулган,16:00,,Зөвхөн товлосон цагтай,Эцсийн,https://www.parliament.mn/nn/78055/,https://www.parliament.mn/files/ad2499cb6acc4c30b22847563a27ef8a/?d=1,Тайлбаргүй тасалсан,38,тоо
2026-09-14,Ээлжит бус чуулган,16:00,,Зөвхөн товлосон цагтай,Эцсийн,https://www.parliament.mn/nn/78055/,https://www.parliament.mn/files/ad2499cb6acc4c30b22847563a27ef8a/?d=1,Биеэр оролцсон,68,тоо
2026-09-14,Ээлжит бус чуулган,16:00,,Зөвхөн товлосон цагтай,Эцсийн,https://www.parliament.mn/nn/78055/,https://www.parliament.mn/files/ad2499cb6acc4c30b22847563a27ef8a/?d=1,Биеэр оролцсон хувь,54.0,хувь
2026-09-14,Ээлжит бус чуулган,16:00,,Зөвхөн товлосон цагтай,Эцсийн,https://www.parliament.mn/nn/78055/,https://www.parliament.mn/files/ad2499cb6acc4c30b22847563a27ef8a/?d=1,Биеэр оролцсон үеийн албан ёсны цагтаа ирэлтийн хувь,83.8,хувь
2026-09-15,Намрын ээлжит чуулган,14:00,,Зөвхөн товлосон цагтай,Эцсийн,https://www.parliament.mn/nn/78062/,,Хэлэлцэх асуудал,3,тоо
2026-09-15,Намрын ээлжит чуулган,14:00,,Зөвхөн товлосон цагтай,Эцсийн,https://www.parliament.mn/nn/78062/,,Хуралдаан эхэлсэн хоцролт,,минут
2026-09-15,Намрын ээлжит чуулган,14:00,,Зөвхөн товлосон цагтай,Эцсийн,https://www.parliament.mn/nn/78062/,,Албан ёсоор цагтаа ирсэн,111,тоо
2026-09-15,Намрын ээлжит чуулган,14:00,,Зөвхөн товлосон цагтай,Эцсийн,https://www.parliament.mn/nn/78062/,,Албан ёсоор хоцорсон,0,тоо
2026-09-15,Намрын ээлжит чуулган,14:00,,Зөвхөн товлосон цагтай,Эцсийн,https://www.parliament.mn/nn/78062/,,Чөлөөтэй,2,тоо
2026-09-15,Намрын ээлжит чуулган,14:00,,Зөвхөн товлосон цагтай,Эцсийн,https://www.parliament.mn/nn/78062/,,Эмнэлгийн чөлөө,4,тоо
2026-09-15,Намрын ээлжит чуулган,14:00,,Зөвхөн товлосон цагтай,Эцсийн,https://www.parliament.mn/nn/78062/,,Орон нутгийн томилолт,2,тоо
2026-09-15,Намрын ээлжит чуулган,14:00,,Зөвхөн товлосон цагтай,Эцсийн,https://www.parliament.mn/nn/78062/,,Гадаад томилолт,3,тоо
2026-09-15,Намрын ээлжит чуулган,14:00,,Зөвхөн товлосон цагтай,Эцсийн,https://www.parliament.mn/nn/78062/,,Тайлбаргүй тасалсан,4,тоо
2026-09-15,Намрын ээлжит чуулган,14:00,,Зөвхөн товлосон цагтай,Эцсийн,https://www.parliament.mn/nn/78062/,,Биеэр оролцсон,111,тоо
2026-09-15,Намрын ээлжит чуулган,14:00,,Зөвхөн товлосон цагтай,Эцсийн,https://www.parliament.mn/nn/78062/,,Биеэр оролцсон хувь,88.1,хувь
2026-09-15,Намрын ээлжит чуулган,14:00,,Зөвхөн товлосон цагтай,Эцсийн,https://www.parliament.mn/nn/78062/,,Биеэр оролцсон үеийн албан ёсны цагтаа ирэлтийн хувь,100.0,хувь
2026-09-17,Намрын ээлжит чуулган,14:00,,Зөвхөн товлосон цагтай,Түр,https://www.parliament.mn/nn/78080/,,Хэлэлцэх асуудал,5,тоо
2026-09-17,Намрын ээлжит чуулган,14:00,,Зөвхөн товлосон цагтай,Түр,https://www.parliament.mn/nn/78080/,,Хуралдаан эхэлсэн хоцролт,,минут
2026-09-17,Намрын ээлжит чуулган,14:00,,Зөвхөн товлосон цагтай,Түр,https://www.parliament.mn/nn/78080/,,Албан ёсоор цагтаа ирсэн,52,тоо
2026-09-17,Намрын ээлжит чуулган,14:00,,Зөвхөн товлосон цагтай,Түр,https://www.parliament.mn/nn/78080/,,Албан ёсоор хоцорсон,0,тоо
2026-09-17,Намрын ээлжит чуулган,14:00,,Зөвхөн товлосон цагтай,Түр,https://www.parliament.mn/nn/78080/,,Чөлөөтэй,7,тоо
2026-09-17,Намрын ээлжит чуулган,14:00,,Зөвхөн товлосон цагтай,Түр,https://www.parliament.mn/nn/78080/,,Эмнэлгийн чөлөө,8,тоо
2026-09-17,Намрын ээлжит чуулган,14:00,,Зөвхөн товлосон цагтай,Түр,https://www.parliament.mn/nn/78080/,,Орон нутгийн томилолт,4,тоо
2026-09-17,Намрын ээлжит чуулган,14:00,,Зөвхөн товлосон цагтай,Түр,https://www.parliament.mn/nn/78080/,,Гадаад томилолт,8,тоо
2026-09-17,Намрын ээлжит чуулган,14:00,,Зөвхөн товлосон цагтай,Түр,https://www.parliament.mn/nn/78080/,,Тайлбаргүй тасалсан,47,тоо
2026-09-17,Намрын ээлжит чуулган,14:00,,Зөвхөн товлосон цагтай,Түр,https://www.parliament.mn/nn/78080/,,Биеэр оролцсон,52,тоо
2026-09-17,Намрын ээлжит чуулган,14:00,,Зөвхөн товлосон цагтай,Түр,https://www.parliament.mn/nn/78080/,,Биеэр оролцсон хувь,41.3,хувь
2026-09-17,Намрын ээлжит чуулган,14:00,,Зөвхөн товлосон цагтай,Түр,https://www.parliament.mn/nn/78080/,,Биеэр оролцсон үеийн албан ёсны цагтаа ирэлтийн хувь,100.0,хувь
2026-09-21,Намрын ээлжит чуулган,14:00,,Зөвхөн товлосон цагтай,Түр,https://www.parliament.mn/nn/78100/,,Хэлэлцэх асуудал,6,тоо
2026-09-21,Намрын ээлжит чуулган,14:00,,Зөвхөн товлосон цагтай,Түр,https://www.parliament.mn/nn/78100/,,Хуралдаан эхэлсэн хоцролт,,минут
2026-09-21,Намрын ээлжит чуулган,14:00,,Зөвхөн товлосон цагтай,Түр,https://www.parliament.mn/nn/78100/,,Албан ёсоор цагтаа ирсэн,63,тоо
2026-09-21,Намрын ээлжит чуулган,14:00,,Зөвхөн товлосон цагтай,Түр,https://www.parliament.mn/nn/78100/,,Албан ёсоор хоцорсон,0,тоо
2026-09-21,Намрын ээлжит чуулган,14:00,,Зөвхөн товлосон цагтай,Түр,https://www.parliament.mn/nn/78100/,,Чөлөөтэй,2,тоо
2026-09-21,Намрын ээлжит чуулган,14:00,,Зөвхөн товлосон цагтай,Түр,https://www.parliament.mn/nn/78100/,,Эмнэлгийн чөлөө,6,тоо
2026-09-21,Намрын ээлжит чуулган,14:00,,Зөвхөн товлосон цагтай,Түр,https://www.parliament.mn/nn/78100/,,Орон нутгийн томилолт,3,тоо
2026-09-21,Намрын ээлжит чуулган,14:00,,Зөвхөн товлосон цагтай,Түр,https://www.parliament.mn/nn/78100/,,Гадаад томилолт,5,тоо
2026-09-21,Намрын ээлжит чуулган,14:00,,Зөвхөн товлосон цагтай,Түр,https://www.parliament.mn/nn/78100/,,Тайлбаргүй тасалсан,47,тоо
2026-09-21,Намрын ээлжит чуулган,14:00,,Зөвхөн товлосон цагтай,Түр,https://www.parliament.mn/nn/78100/,,Биеэр оролцсон,63,тоо
2026-09-21,Намрын ээлжит чуулган,14:00,,Зөвхөн товлосон цагтай,Түр,https://www.parliament.mn/nn/78100/,,Биеэр оролцсон хувь,50.0,хувь
2026-09-21,Намрын ээлжит чуулган,14:00,,Зөвхөн товлосон цагтай,Түр,https://www.parliament.mn/nn/78100/,,Биеэр оролцсон үеийн албан ёсны цагтаа ирэлтийн хувь,100.0,хувь
2026-09-22,Намрын ээлжит чуулган,14:00,14:01,Бүрэн,Эцсийн,,,Хэлэлцэх асуудал,2,тоо
2026-09-22,Намрын ээлжит чуулган,14:00,14:01,Бүрэн,Эцсийн,,,Хуралдаан эхэлсэн хоцролт,1,минут
2026-09-22,Намрын ээлжит чуулган,14:00,14:01,Бүрэн,Эцсийн,,,Албан ёсоор цагтаа ирсэн,75,тоо
2026-09-22,Намрын ээлжит чуулган,14:00,14:01,Бүрэн,Эцсийн,,,Албан ёсоор хоцорсон,20,тоо
2026-09-22,Намрын ээлжит чуулган,14:00,14:01,Бүрэн,Эцсийн,,,Чөлөөтэй,1,тоо
2026-09-22,Намрын ээлжит чуулган,14:00,14:01,Бүрэн,Эцсийн,,,Эмнэлгийн чөлөө,6,тоо
2026-09-22,Намрын ээлжит чуулган,14:00,14:01,Бүрэн,Эцсийн,,,Орон нутгийн томилолт,5,тоо
2026-09-22,Намрын ээлжит чуулган,14:00,14:01,Бүрэн,Эцсийн,,,Гадаад томилолт,5,тоо
2026-09-22,Намрын ээлжит чуулган,14:00,14:01,Бүрэн,Эцсийн,,,Тайлбаргүй тасалсан,14,тоо
2026-09-22,Намрын ээлжит чуулган,14:00,14:01,Бүрэн,Эцсийн,,,Биеэр оролцсон,95,тоо
2026-09-22,Намрын ээлжит чуулган,14:00,14:01,Бүрэн,Эцсийн,,,Биеэр оролцсон хувь,75.4,хувь
2026-09-22,Намрын ээлжит чуулган,14:00,14:01,Бүрэн,Эцсийн,,,Биеэр оролцсон үеийн албан ёсны цагтаа ирэлтийн хувь,78.9,хувь
