{"type":"FeatureCollection","features":[{"type": "Feature", "id": "layer_data_map.fid--27e80436_1a098c1eed1_-58ee", "geometry": {"type": "Polygon", "coordinates": [[[106.76355379, 47.86912824], [106.7635502, 47.86912806], [106.76324427, 47.86911928], [106.76323924, 47.86911948], [106.76323549, 47.86911981], [106.76323178, 47.86912031], [106.76322813, 47.86912097], [106.76322455, 47.8691218], [106.76322107, 47.86912279], [106.76321769, 47.86912394], [106.76321444, 47.86912525], [106.76321133, 47.86912669], [106.76320837, 47.86912828], [106.76320558, 47.86913], [106.76320298, 47.86913185], [106.76320056, 47.8691338], [106.76319835, 47.86913587], [106.76319635, 47.86913803], [106.76319458, 47.86914028], [106.76319303, 47.8691426], [106.76319173, 47.86914499], [106.76319067, 47.86914744], [106.76318986, 47.86914992], [106.76318931, 47.86915244], [106.76318901, 47.86915496], [106.76318853, 47.86916222], [106.76318906, 47.86916504], [106.76319053, 47.86916793], [106.76319284, 47.86917055], [106.7631959, 47.8691728], [106.76319958, 47.86917459], [106.76320372, 47.86917583], [106.7632074, 47.86917637], [106.76320962, 47.86917649], [106.76332802, 47.86918002], [106.76332454, 47.86923214], [106.76321154, 47.86922878], [106.76320795, 47.86922892], [106.7632041, 47.86922943], [106.76320038, 47.86923028], [106.76319687, 47.86923147], [106.76319364, 47.86923298], [106.76319074, 47.86923476], [106.76318822, 47.86923679], [106.76318615, 47.86923904], [106.76318454, 47.86924145], [106.76318344, 47.86924399], [106.76318291, 47.86924638], [106.76317028, 47.86943463], [106.76317079, 47.86943752], [106.76317172, 47.86943997], [106.76317312, 47.86944233], [106.76317496, 47.86944454], [106.76317722, 47.86944657], [106.76317985, 47.86944838], [106.76318281, 47.86944995], [106.76318605, 47.86945124], [106.76318951, 47.86945224], [106.76319313, 47.86945293], [106.76319654, 47.86945326], [106.7633102, 47.86945664], [106.76330672, 47.86950876], [106.76320569, 47.86950578], [106.76320044, 47.86950599], [106.76319479, 47.86950674], [106.76318935, 47.869508], [106.76318421, 47.86950974], [106.76317948, 47.86951194], [106.76317523, 47.86951455], [106.76317155, 47.86951753], [106.76316851, 47.86952082], [106.76316616, 47.86952435], [106.76316454, 47.86952807], [106.76316391, 47.86953094], [106.76316369, 47.86953285], [106.7631626, 47.86954908], [106.76316326, 47.86955507], [106.76316508, 47.86956096], [106.76316801, 47.86956664], [106.76317202, 47.86957202], [106.76317703, 47.869577], [106.76318296, 47.86958151], [106.7631897, 47.86958545], [106.76319715, 47.86958878], [106.76320518, 47.86959143], [106.76321455, 47.86959356], [106.76303533, 47.86959349], [106.76304407, 47.86959159], [106.76305203, 47.86958907], [106.76305945, 47.86958588], [106.76306621, 47.86958207], [106.76307219, 47.86957772], [106.76307729, 47.8695729], [106.76308144, 47.86956767], [106.76308456, 47.86956213], [106.7630866, 47.86955636], [106.76308753, 47.86955051], [106.76308886, 47.86952944], [106.76308854, 47.86952591], [106.76308742, 47.86952211], [106.76308553, 47.86951845], [106.76308293, 47.869515], [106.76307965, 47.86951182], [106.76307576, 47.86950896], [106.76307133, 47.86950649], [106.76306644, 47.86950445], [106.76306118, 47.86950288], [106.76305565, 47.8695018], [106.76305138, 47.86950138], [106.76304855, 47.86950123], [106.76294982, 47.86949835], [106.76295312, 47.86944623], [106.7630671, 47.86944952], [106.76307129, 47.86944942], [106.76307541, 47.86944888], [106.76307936, 47.86944791], [106.76308303, 47.86944654], [106.76308633, 47.8694448], [106.7630892, 47.86944273], [106.76309154, 47.86944039], [106.76309331, 47.86943783], [106.76309446, 47.86943511], [106.76309497, 47.86943231], [106.76310681, 47.86924421], [106.76310659, 47.8692418], [106.76310582, 47.86923921], [106.76310454, 47.86923671], [106.76310276, 47.86923435], [106.76310052, 47.86923218], [106.76309786, 47.86923023], [106.76309483, 47.86922855], [106.76309149, 47.86922715], [106.7630879, 47.86922608], [106.76308413, 47.86922535], [106.76308058, 47.869225], [106.76296775, 47.86922127], [106.76297105, 47.86916914], [106.76309105, 47.86917308], [106.76309524, 47.86917271], [106.76309952, 47.86917172], [106.76310341, 47.86917015], [106.76310675, 47.86916809], [106.7631094, 47.86916561], [106.76311124, 47.86916283], [106.76311204, 47.86916034], [106.76311221, 47.86915885], [106.76311269, 47.86915123], [106.76311242, 47.86914799], [106.76311198, 47.86914556], [106.76311131, 47.86914316], [106.76311041, 47.8691408], [106.76310927, 47.86913848], [106.76310792, 47.86913621], [106.76310634, 47.86913401], [106.76310456, 47.86913188], [106.76310257, 47.86912984], [106.76310039, 47.86912788], [106.76309802, 47.86912603], [106.76309548, 47.86912429], [106.76309278, 47.86912266], [106.76308992, 47.86912115], [106.76308692, 47.86911977], [106.76308379, 47.86911853], [106.76308055, 47.86911743], [106.76307721, 47.86911647], [106.76307379, 47.86911566], [106.76307029, 47.86911501], [106.76306674, 47.86911451], [106.76306314, 47.86911416], [106.76305955, 47.86911398], [106.76244613, 47.86909638], [106.7624411, 47.86909658], [106.76243734, 47.86909691], [106.76243363, 47.86909741], [106.76242997, 47.86909807], [106.76242639, 47.86909891], [106.76242291, 47.8690999], [106.76241953, 47.86910105], [106.76241628, 47.86910236], [106.76241316, 47.86910381], [106.7624102, 47.8691054], [106.76240741, 47.86910713], [106.7624048, 47.86910897], [106.76240239, 47.86911094], [106.76240018, 47.86911301], [106.76239818, 47.86911517], [106.76239641, 47.86911743], [106.76239487, 47.86911975], [106.76239357, 47.86912215], [106.76239252, 47.8691246], [106.76239171, 47.86912709], [106.76239117, 47.86912961], [106.76239088, 47.86913213], [106.76239044, 47.86913893], [106.76239097, 47.86914174], [106.76239245, 47.86914463], [106.76239476, 47.86914725], [106.76239782, 47.8691495], [106.7624015, 47.86915128], [106.76240564, 47.86915253], [106.76240933, 47.86915307], [106.76241155, 47.86915318], [106.76252995, 47.86915624], [106.76252652, 47.86920837], [106.76241351, 47.86920547], [106.76240992, 47.86920561], [106.76240607, 47.86920612], [106.76240235, 47.86920698], [106.76239885, 47.86920817], [106.76239561, 47.86920967], [106.76239271, 47.86921146], [106.7623902, 47.86921349], [106.76238813, 47.86921574], [106.76238652, 47.86921815], [106.76238542, 47.86922069], [106.7623849, 47.86922308], [106.76237243, 47.86941134], [106.76237295, 47.86941423], [106.76237388, 47.86941668], [106.76237528, 47.86941903], [106.76237713, 47.86942124], [106.76237938, 47.86942327], [106.76238202, 47.86942509], [106.76238498, 47.86942665], [106.76238822, 47.86942794], [106.76239168, 47.86942894], [106.76239531, 47.86942962], [106.76239871, 47.86942995], [106.7625121, 47.8694333], [106.76250867, 47.86948543], [106.76215171, 47.86947563], [106.762155, 47.8694235], [106.76226944, 47.86942617], [106.76227373, 47.86942582], [106.76227738, 47.86942518], [106.76228087, 47.86942424], [106.76228415, 47.86942299], [106.76228716, 47.86942147], [106.76228985, 47.86941969], [106.76229217, 47.8694177], [106.76229409, 47.86941552], [106.76229557, 47.86941318], [106.76229657, 47.86941074], [106.76229706, 47.86940845], [106.76230886, 47.86922085], [106.76230865, 47.86921844], [106.76230788, 47.86921585], [106.7623066, 47.86921335], [106.76230482, 47.86921099], [106.76230258, 47.86920882], [106.76229992, 47.86920687], [106.76229689, 47.86920519], [106.76229355, 47.86920379], [106.76228996, 47.86920272], [106.76228619, 47.86920198], [106.76228263, 47.86920164], [106.76216968, 47.86919793], [106.76217298, 47.8691458], [106.76229311, 47.86914972], [106.7622973, 47.86914935], [106.76230158, 47.86914836], [106.76230547, 47.86914679], [106.76230881, 47.86914473], [106.76231146, 47.86914225], [106.7623133, 47.86913946], [106.7623141, 47.86913698], [106.76231427, 47.86913549], [106.76231473, 47.86912825], [106.76231446, 47.86912501], [106.76231402, 47.86912258], [106.76231335, 47.86912018], [106.76231244, 47.86911781], [106.76231131, 47.86911549], [106.76230995, 47.86911323], [106.76230838, 47.86911103], [106.76230659, 47.8691089], [106.76230461, 47.86910685], [106.76230242, 47.8691049], [106.76230006, 47.86910305], [106.76229751, 47.8691013], [106.76229481, 47.86909967], [106.76229195, 47.86909817], [106.76228895, 47.86909679], [106.76228582, 47.86909555], [106.76228258, 47.86909445], [106.76227924, 47.86909349], [106.76227581, 47.86909268], [106.76227232, 47.86909203], [106.76226876, 47.86909153], [106.76226517, 47.86909118], [106.76226158, 47.869091], [106.76164816, 47.86907348], [106.76164313, 47.86907368], [106.76163937, 47.86907401], [106.76163566, 47.8690745], [106.761632, 47.86907517], [106.76162842, 47.869076], [106.76162494, 47.869077], [106.76162156, 47.86907815], [106.76161831, 47.86907946], [106.7616152, 47.86908091], [106.76161224, 47.8690825], [106.76160945, 47.86908423], [106.76160684, 47.86908607], [106.76160442, 47.86908804], [106.76160221, 47.86909011], [106.76160022, 47.86909227], [106.76159845, 47.86909452], [106.76159691, 47.86909685], [106.76159561, 47.86909925], [106.76159455, 47.86910169], [106.76159375, 47.86910418], [106.7615932, 47.86910671], [106.76159291, 47.86910922], [106.76159253, 47.86911529], [106.76159306, 47.8691181], [106.76159453, 47.86912098], [106.76159685, 47.86912361], [106.76159991, 47.86912586], [106.76160358, 47.86912764], [106.76160772, 47.86912888], [106.76161141, 47.86912943], [106.76161363, 47.86912954], [106.76173201, 47.86913304], [106.76172857, 47.86918517], [106.76161559, 47.86918183], [106.76161201, 47.86918197], [106.76160815, 47.86918248], [106.76160444, 47.86918334], [106.76160093, 47.86918453], [106.7615977, 47.86918603], [106.7615948, 47.86918782], [106.76159229, 47.86918985], [106.76159021, 47.8691921], [106.76158861, 47.86919451], [106.76158751, 47.86919705], [106.76158698, 47.86919944], [106.76157452, 47.86938769], [106.76157503, 47.86939059], [106.76157596, 47.86939304], [106.76157736, 47.86939539], [106.76157921, 47.8693976], [106.76158147, 47.86939963], [106.7615841, 47.86940144], [106.76158706, 47.86940301], [106.7615903, 47.8694043], [106.76159376, 47.8694053], [106.76159739, 47.86940598], [106.76160079, 47.86940631], [106.76171418, 47.86940966], [106.76171074, 47.86946179], [106.76160998, 47.86945886], [106.76160472, 47.86945907], [106.76159908, 47.86945982], [106.76159364, 47.86946109], [106.76158851, 47.86946283], [106.76158378, 47.86946504], [106.76157954, 47.86946765], [106.76157587, 47.86947063], [106.76157283, 47.86947392], [106.76157048, 47.86947745], [106.76156888, 47.86948117], [106.76156825, 47.86948404], [106.76156802, 47.86948594], [106.76156542, 47.86952531], [106.76156562, 47.86953126], [106.76156696, 47.86953718], [106.76156943, 47.86954293], [106.76157298, 47.86954843], [106.76157754, 47.86955357], [106.76158306, 47.86955827], [106.76158943, 47.86956246], [106.76159654, 47.86956606], [106.76160428, 47.86956901], [106.76161334, 47.86957149], [106.76143439, 47.86956377], [106.76144434, 47.86956194], [106.76145276, 47.86955955], [106.76146063, 47.86955643], [106.76146783, 47.86955263], [106.7614742, 47.86954823], [106.76147966, 47.8695433], [106.7614841, 47.86953793], [106.76148744, 47.8695322], [106.76148963, 47.86952623], [106.76149061, 47.86952016], [106.76149299, 47.86948246], [106.76149267, 47.86947892], [106.76149155, 47.86947513], [106.76148967, 47.86947147], [106.76148707, 47.86946802], [106.76148379, 47.86946483], [106.7614799, 47.86946198], [106.76147547, 47.86945951], [106.76147058, 47.86945747], [106.76146532, 47.86945589], [106.7614598, 47.86945482], [106.76145553, 47.86945439], [106.7614527, 47.86945425], [106.76135378, 47.86945198], [106.76135709, 47.86939986], [106.76147152, 47.86940253], [106.76147581, 47.86940218], [106.76147946, 47.86940154], [106.76148295, 47.8694006], [106.76148623, 47.86939935], [106.76148924, 47.86939783], [106.76149193, 47.86939605], [106.76149426, 47.86939406], [106.76149617, 47.86939188], [106.76149764, 47.86938954], [106.76149865, 47.8693871], [106.76149914, 47.86938481], [106.76151095, 47.86919721], [106.76151073, 47.8691948], [106.76150996, 47.86919221], [106.76150868, 47.86918971], [106.7615069, 47.86918735], [106.76150466, 47.86918518], [106.761502, 47.86918323], [106.76149898, 47.86918154], [106.76149564, 47.86918015], [106.76149204, 47.86917908], [106.76148827, 47.86917834], [106.76148472, 47.869178], [106.76137176, 47.86917429], [106.76137506, 47.86912216], [106.76148495, 47.86912578], [106.76148853, 47.86912563], [106.76149238, 47.86912512], [106.76149609, 47.86912426], [106.76149959, 47.86912306], [106.76150281, 47.86912156], [106.76150571, 47.86911978], [106.76150821, 47.86911775], [106.76151029, 47.8691155], [106.76151189, 47.86911309], [106.76151298, 47.86911056], [106.76151351, 47.86910817], [106.76152089, 47.86900134], [106.76152062, 47.86899653], [106.76151913, 47.86899183], [106.76151647, 47.86898737], [106.76151271, 47.86898328], [106.76150796, 47.86897968], [106.76150237, 47.86897669], [106.76149609, 47.86897438], [106.76148933, 47.86897283], [106.76148226, 47.86897209], [106.76142987, 47.86897053], [106.76143165, 47.86894357], [106.761484, 47.86894513], [106.76149069, 47.86894495], [106.76149725, 47.86894403], [106.76150348, 47.86894238], [106.76150923, 47.86894006], [106.76151431, 47.86893713], [106.7615186, 47.86893367], [106.76152198, 47.86892978], [106.76152435, 47.86892556], [106.76152564, 47.86892114], [106.76152768, 47.86889114], [106.76152744, 47.86888663], [106.76152608, 47.8688822], [106.76152365, 47.86887799], [106.7615202, 47.86887411], [106.76151584, 47.86887068], [106.76151069, 47.86886778], [106.7615049, 47.8688655], [106.76149862, 47.8688639], [106.76149203, 47.86886303], [106.76145844, 47.86886198], [106.7614606, 47.86882918], [106.76143923, 47.86882854], [106.76144304, 47.86877067], [106.76149526, 47.86877221], [106.76150155, 47.86877207], [106.76150773, 47.86877126], [106.76151365, 47.86876981], [106.76151916, 47.86876776], [106.76152412, 47.86876515], [106.76152842, 47.86876206], [106.76153194, 47.86875855], [106.7615346, 47.86875471], [106.76153634, 47.86875063], [106.7615371, 47.86874643], [106.76153894, 47.86871812], [106.76153868, 47.86871362], [106.7615373, 47.86870921], [106.76153485, 47.86870502], [106.7615314, 47.86870116], [106.76152705, 47.86869773], [106.7615219, 47.86869485], [106.76151612, 47.86869258], [106.76150986, 47.86869099], [106.76150328, 47.86869012], [106.76146982, 47.86868908], [106.76147199, 47.86865627], [106.76145062, 47.86865564], [106.76145443, 47.86859776], [106.76150649, 47.8685993], [106.76151278, 47.86859916], [106.76151896, 47.86859835], [106.76152488, 47.86859691], [106.76153039, 47.86859485], [106.76153535, 47.86859225], [106.76153965, 47.86858915], [106.76154317, 47.86858564], [106.76154583, 47.8685818], [106.76154757, 47.86857773], [106.76154833, 47.86857352], [106.76155017, 47.86854521], [106.76154991, 47.86854071], [106.76154853, 47.8685363], [106.76154608, 47.86853211], [106.76154263, 47.86852825], [106.76153828, 47.86852483], [106.76153313, 47.86852194], [106.76152735, 47.86851967], [106.76152109, 47.86851808], [106.76151451, 47.86851721], [106.76148122, 47.86851617], [106.76148338, 47.86848337], [106.76146201, 47.86848273], [106.76146582, 47.86842486], [106.76151772, 47.8684264], [106.76152442, 47.86842622], [106.76153097, 47.86842529], [106.76153721, 47.86842365], [106.76154295, 47.86842133], [106.76154804, 47.8684184], [106.76155233, 47.86841494], [106.7615557, 47.86841104], [106.76155807, 47.86840683], [106.76155936, 47.8684024], [106.7615614, 47.86837241], [106.76156115, 47.8683679], [106.76155979, 47.86836347], [106.76155736, 47.86835927], [106.76155391, 47.86835539], [106.76154956, 47.86835195], [106.76154441, 47.86834905], [106.76153861, 47.86834677], [106.76153233, 47.86834518], [106.76152575, 47.8683443], [106.76149261, 47.86834327], [106.76149477, 47.86831047], [106.7614734, 47.86830983], [106.76147517, 47.86828287], [106.76173903, 47.86829063], [106.76173731, 47.8683176], [106.76171593, 47.86831698], [106.76171383, 47.86834978], [106.76168069, 47.86834886], [106.76167403, 47.86834934], [106.76166758, 47.86835056], [106.76166152, 47.86835248], [106.76165603, 47.86835505], [106.76165124, 47.86835821], [106.76164731, 47.86836185], [106.76164433, 47.86836588], [106.76164238, 47.86837019], [106.76164153, 47.86837466], [106.76163966, 47.86840477], [106.76164038, 47.86840925], [106.76164218, 47.86841358], [106.76164504, 47.86841766], [106.76164886, 47.86842136], [106.76165355, 47.86842458], [106.76165896, 47.86842723], [106.76166496, 47.86842923], [106.76167137, 47.86843054], [106.76167801, 47.86843111], [106.76172993, 47.86843263], [106.76172622, 47.86849051], [106.76170485, 47.86848989], [106.76170275, 47.86852269], [106.76166944, 47.86852177], [106.76166279, 47.86852225], [106.76165634, 47.86852347], [106.76165028, 47.86852539], [106.76164479, 47.86852796], [106.76164, 47.86853111], [106.76163606, 47.86853476], [106.76163308, 47.86853879], [106.76163114, 47.8685431], [106.76163029, 47.86854757], [106.76162845, 47.86857588], [106.76162867, 47.86858011], [106.76162987, 47.86858427], [106.76163202, 47.86858825], [106.76163507, 47.86859195], [106.76163895, 47.86859529], [106.76164355, 47.86859818], [106.76164877, 47.86860055], [106.76165447, 47.86860234], [106.76166052, 47.8686035], [106.76166677, 47.86860402], [106.76171885, 47.86860554], [106.76171514, 47.86866342], [106.76169377, 47.8686628], [106.76169167, 47.8686956], [106.7616582, 47.86869468], [106.76165154, 47.86869516], [106.7616451, 47.86869637], [106.76163904, 47.8686983], [106.76163354, 47.86870087], [106.76162876, 47.86870402], [106.76162482, 47.86870766], [106.76162184, 47.8687117], [106.7616199, 47.86871601], [106.76161905, 47.86872048], [106.76161721, 47.86874879], [106.76161743, 47.86875302], [106.76161863, 47.86875718], [106.76162078, 47.86876116], [106.76162383, 47.86876486], [106.7616277, 47.8687682], [106.76163231, 47.86877108], [106.76163752, 47.86877345], [106.76164323, 47.86877524], [106.76164928, 47.86877641], [106.76165552, 47.86877693], [106.76170777, 47.86877846], [106.76170406, 47.86883633], [106.76168269, 47.86883571], [106.76168059, 47.86886852], [106.76164698, 47.86886759], [106.76164033, 47.86886806], [106.76163388, 47.86886928], [106.76162782, 47.8688712], [106.76162233, 47.86887378], [106.76161754, 47.86887693], [106.7616136, 47.86888057], [106.76161062, 47.86888461], [106.76160868, 47.86888892], [106.76160783, 47.86889339], [106.76160597, 47.8689235], [106.76160668, 47.86892798], [106.76160849, 47.86893232], [106.76161135, 47.8689364], [106.76161517, 47.8689401], [106.76161986, 47.86894332], [106.76162528, 47.86894597], [106.76163128, 47.86894797], [106.76163769, 47.86894928], [106.76164433, 47.86894985], [106.76169669, 47.86895137], [106.76169496, 47.86897833], [106.76164256, 47.8689768], [106.76163558, 47.86897701], [106.76162875, 47.86897803], [106.7616223, 47.86897983], [106.7616164, 47.86898236], [106.76161125, 47.86898554], [106.761607, 47.86898927], [106.76160377, 47.86899345], [106.76160167, 47.86899793], [106.76160076, 47.8690026], [106.76160107, 47.8690073], [106.76160258, 47.86901189], [106.76160526, 47.86901624], [106.76160902, 47.8690202], [106.76161375, 47.86902367], [106.76161929, 47.86902653], [106.7616255, 47.8690287], [106.76163216, 47.86903011], [106.7616391, 47.86903073], [106.76228811, 47.86904941], [106.76229464, 47.86904802], [106.76230073, 47.86904591], [106.76230622, 47.86904315], [106.76231094, 47.86903981], [106.76231476, 47.86903599], [106.76231757, 47.86903179], [106.7623193, 47.86902733], [106.7623199, 47.86902274], [106.76231934, 47.86901814], [106.76231765, 47.86901368], [106.76231487, 47.86900946], [106.76231108, 47.86900562], [106.76230639, 47.86900227], [106.76230093, 47.86899948], [106.76229485, 47.86899736], [106.76228833, 47.86899594], [106.76228155, 47.86899529], [106.76222916, 47.86899373], [106.76223094, 47.86896677], [106.76228329, 47.86896833], [106.76228998, 47.86896815], [106.76229654, 47.86896723], [106.76230277, 47.86896558], [106.76230851, 47.86896326], [106.7623136, 47.86896033], [106.76231789, 47.86895687], [106.76232127, 47.86895298], [106.76232364, 47.86894876], [106.76232492, 47.86894434], [106.76232697, 47.86891434], [106.76232675, 47.86890993], [106.76232546, 47.86890561], [106.76232314, 47.86890148], [106.76231986, 47.86889767], [106.7623157, 47.86889426], [106.76231076, 47.86889135], [106.76230519, 47.86888903], [106.76229913, 47.86888735], [106.76229275, 47.86888635], [106.7622862, 47.86888607], [106.76225772, 47.86888518], [106.76225988, 47.86885238], [106.76223851, 47.86885174], [106.76224233, 47.86879387], [106.76229455, 47.86879541], [106.76230084, 47.86879527], [106.76230702, 47.86879446], [106.76231294, 47.86879301], [106.76231845, 47.86879096], [106.76232341, 47.86878835], [106.7623277, 47.86878526], [106.76233122, 47.86878174], [106.76233388, 47.86877791], [106.76233562, 47.86877383], [106.76233639, 47.86876963], [106.76233823, 47.86874132], [106.76233796, 47.86873682], [106.76233659, 47.86873241], [106.76233414, 47.86872822], [106.76233069, 47.86872436], [106.76232633, 47.86872093], [106.76232119, 47.86871805], [106.7623154, 47.86871578], [106.76230914, 47.86871419], [106.76230257, 47.86871332], [106.76226911, 47.86871228], [106.76227127, 47.86867947], [106.7622499, 47.86867884], [106.76225371, 47.86862096], [106.76230578, 47.8686225], [106.76231207, 47.86862236], [106.76231825, 47.86862155], [106.76232417, 47.8686201], [106.76232967, 47.86861805], [106.76233464, 47.86861545], [106.76233893, 47.86861235], [106.76234245, 47.86860884], [106.76234511, 47.868605], [106.76234685, 47.86860093], [106.76234762, 47.86859672], [106.76234946, 47.86856841], [106.76234919, 47.86856391], [106.76234781, 47.8685595], [106.76234537, 47.86855531], [106.76234192, 47.86855145], [106.76233756, 47.86854803], [106.76233242, 47.86854514], [106.76232663, 47.86854287], [106.76232037, 47.86854128], [106.7623138, 47.86854041], [106.7622805, 47.86853937], [106.76228266, 47.86850657], [106.76226129, 47.86850593], [106.7622651, 47.86844806], [106.76231701, 47.8684496], [106.7623237, 47.86844942], [106.76233025, 47.86844849], [106.76233649, 47.86844685], [106.76234223, 47.86844453], [106.76234732, 47.86844159], [106.76235161, 47.86843813], [106.76235498, 47.86843424], [106.76235735, 47.86843003], [106.76235864, 47.8684256], [106.76236068, 47.86839561], [106.76236043, 47.8683911], [106.76235908, 47.86838667], [106.76235664, 47.86838246], [106.76235319, 47.86837859], [106.76234884, 47.86837515], [106.76234369, 47.86837225], [106.76233789, 47.86836997], [106.76233161, 47.86836837], [106.76232503, 47.8683675], [106.76229189, 47.86836647], [106.76229405, 47.86833367], [106.76227268, 47.86833303], [106.76227445, 47.86830607], [106.76253831, 47.86831383], [106.76253658, 47.86834079], [106.76251521, 47.86834017], [106.76251311, 47.86837298], [106.76247997, 47.86837206], [106.76247331, 47.86837254], [106.76246686, 47.86837376], [106.7624608, 47.86837568], [106.76245531, 47.86837825], [106.76245052, 47.8683814], [106.76244659, 47.86838505], [106.76244361, 47.86838908], [106.76244166, 47.86839339], [106.76244081, 47.86839786], [106.76243895, 47.86842797], [106.76243966, 47.86843244], [106.76244147, 47.86843678], [106.76244432, 47.86844086], [106.76244815, 47.86844456], [106.76245283, 47.86844777], [106.76245824, 47.86845043], [106.76246424, 47.86845243], [106.76247065, 47.86845374], [106.76247729, 47.86845431], [106.76252921, 47.86845583], [106.7625255, 47.86851371], [106.76250413, 47.86851309], [106.76250203, 47.86854589], [106.76246873, 47.86854497], [106.76246207, 47.86854545], [106.76245562, 47.86854666], [106.76244957, 47.86854859], [106.76244407, 47.86855116], [106.76243929, 47.86855431], [106.76243535, 47.86855795], [106.76243237, 47.86856199], [106.76243042, 47.8685663], [106.76242957, 47.86857077], [106.76242773, 47.86859908], [106.76242795, 47.86860331], [106.76242915, 47.86860747], [106.76243131, 47.86861145], [106.76243436, 47.86861515], [106.76243823, 47.86861849], [106.76244283, 47.86862138], [106.76244805, 47.86862374], [106.76245375, 47.86862553], [106.7624598, 47.8686267], [106.76246605, 47.86862722], [106.76251813, 47.86862874], [106.76251443, 47.86868662], [106.76249306, 47.868686], [106.76249095, 47.8687188], [106.76245749, 47.86871788], [106.76245083, 47.86871836], [106.76244438, 47.86871957], [106.76243833, 47.86872149], [106.76243283, 47.86872407], [106.76242805, 47.86872722], [106.76242411, 47.86873086], [106.76242113, 47.8687349], [106.76241918, 47.86873921], [106.76241833, 47.86874368], [106.76241649, 47.86877199], [106.76241671, 47.86877622], [106.76241791, 47.86878038], [106.76242007, 47.86878435], [106.76242312, 47.86878806], [106.76242699, 47.86879139], [106.76243159, 47.86879428], [106.76243681, 47.86879665], [106.76244252, 47.86879844], [106.76244856, 47.86879961], [106.76245481, 47.86880013], [106.76250705, 47.86880165], [106.76250335, 47.86885953], [106.76248198, 47.86885891], [106.76247987, 47.86889171], [106.76244627, 47.86889078], [106.76243961, 47.86889126], [106.76243317, 47.86889248], [106.76242711, 47.8688944], [106.76242161, 47.86889697], [106.76241683, 47.86890013], [106.76241289, 47.86890377], [106.76240991, 47.86890781], [106.76240797, 47.86891212], [106.76240712, 47.86891659], [106.76240526, 47.8689467], [106.76240597, 47.86895118], [106.76240778, 47.86895552], [106.76241064, 47.8689596], [106.76241446, 47.8689633], [106.76241915, 47.86896652], [106.76242457, 47.86896917], [106.76243057, 47.86897117], [106.76243698, 47.86897248], [106.76244362, 47.86897305], [106.76249598, 47.86897457], [106.76249425, 47.86900153], [106.76244185, 47.869], [106.76243523, 47.86900018], [106.76242874, 47.86900109], [106.76242257, 47.8690027], [106.76241687, 47.86900497], [106.76241181, 47.86900785], [106.76240752, 47.86901125], [106.76240412, 47.86901507], [106.7624017, 47.86901922], [106.76240033, 47.86902359], [106.76240005, 47.86902804], [106.76240086, 47.86903247], [106.76240274, 47.86903674], [106.76240564, 47.86904075], [106.76240948, 47.86904438], [106.76241416, 47.86904754], [106.76241955, 47.86905013], [106.7624255, 47.86905209], [106.76243185, 47.86905337], [106.76243843, 47.86905393], [106.76307736, 47.86907211], [106.76308404, 47.86907203], [106.76309061, 47.8690712], [106.76309688, 47.86906964], [106.76310267, 47.86906741], [106.76310783, 47.86906455], [106.76311221, 47.86906115], [106.76311569, 47.86905731], [106.76311816, 47.86905313], [106.76311956, 47.86904873], [106.76311985, 47.86904424], [106.76311903, 47.86903978], [106.76311711, 47.86903547], [106.76311414, 47.86903144], [106.76311022, 47.8690278], [106.76310545, 47.86902465], [106.76309997, 47.86902208], [106.76309393, 47.86902016], [106.76308749, 47.86901895], [106.76308085, 47.86901847], [106.76302845, 47.86901692], [106.76303023, 47.86898996], [106.76308258, 47.86899152], [106.76308927, 47.86899134], [106.76309583, 47.86899041], [106.76310206, 47.86898877], [106.7631078, 47.86898645], [106.76311289, 47.86898352], [106.76311718, 47.86898006], [106.76312056, 47.86897616], [106.76312293, 47.86897195], [106.76312422, 47.86896752], [106.76312626, 47.86893753], [106.76312602, 47.86893301], [106.76312466, 47.86892859], [106.76312222, 47.86892438], [106.76311878, 47.8689205], [106.76311442, 47.86891706], [106.76310927, 47.86891416], [106.76310348, 47.86891188], [106.7630972, 47.86891028], [106.76309061, 47.86890941], [106.76305701, 47.86890836], [106.76305917, 47.86887556], [106.7630378, 47.86887493], [106.76304161, 47.86881705], [106.76309384, 47.8688186], [106.76310013, 47.86881845], [106.76310631, 47.86881764], [106.76311223, 47.8688162], [106.76311773, 47.86881415], [106.7631227, 47.86881154], [106.76312699, 47.86880844], [106.76313051, 47.86880493], [106.76313317, 47.86880109], [106.76313491, 47.86879702], [106.76313568, 47.86879281], [106.76313751, 47.86876451], [106.76313725, 47.86876], [106.76313587, 47.8687556], [106.76313342, 47.8687514], [106.76312997, 47.86874754], [106.76312562, 47.86874412], [106.76312048, 47.86874123], [106.76311469, 47.86873896], [106.76310843, 47.86873737], [106.76310186, 47.86873651], [106.7630684, 47.86873546], [106.76307056, 47.86870266], [106.76304919, 47.86870202], [106.763053, 47.86864415], [106.76310506, 47.86864569], [106.76311135, 47.86864554], [106.76311753, 47.86864474], [106.76312345, 47.86864329], [106.76312896, 47.86864124], [106.76313392, 47.86863863], [106.76313821, 47.86863553], [106.76314174, 47.86863202], [106.7631444, 47.86862818], [106.76314613, 47.86862411], [106.7631469, 47.86861991], [106.76314874, 47.8685916], [106.76314847, 47.8685871], [106.7631471, 47.86858269], [106.76314465, 47.86857849], [106.7631412, 47.86857463], [106.76313684, 47.86857121], [106.7631317, 47.86856833], [106.76312592, 47.86856606], [106.76311965, 47.86856446], [106.76311308, 47.8685636], [106.76307978, 47.86856256], [106.76308194, 47.86852976], [106.76306057, 47.86852912], [106.76306438, 47.86847125], [106.76311629, 47.86847278], [106.76312298, 47.8684726], [106.76312954, 47.86847168], [106.76313577, 47.86847003], [106.76314151, 47.86846771], [106.7631466, 47.86846478], [106.76315089, 47.86846132], [106.76315427, 47.86845743], [106.76315663, 47.86845321], [106.76315792, 47.86844879], [106.76315996, 47.8684188], [106.76315972, 47.86841428], [106.76315836, 47.86840986], [106.76315592, 47.86840565], [106.76315248, 47.86840177], [106.76314812, 47.86839834], [106.76314297, 47.86839544], [106.76313717, 47.86839316], [106.7631309, 47.86839156], [106.76312431, 47.86839069], [106.76309117, 47.86838966], [106.76309333, 47.86835685], [106.76307196, 47.86835622], [106.76307373, 47.86832926], [106.76324403, 47.86833426], [106.76319822, 47.86903958], [106.76319859, 47.86904581], [106.76320056, 47.8690519], [106.76320406, 47.86905767], [106.76320901, 47.86906294], [106.76321523, 47.86906755], [106.76322256, 47.86907137], [106.76323076, 47.86907427], [106.76323958, 47.86907617], [106.76324875, 47.86907702], [106.76326617, 47.86907752], [106.76331487, 47.86907892], [106.7640596, 47.86910032], [106.76406037, 47.86910036], [106.76411188, 47.86910185], [106.76411246, 47.86910184], [106.76411729, 47.86910177], [106.76412271, 47.86910121], [106.76412798, 47.86910018], [106.764133, 47.8690987], [106.7641377, 47.86909679], [106.76414198, 47.86909449], [106.76414578, 47.86909183], [106.76414904, 47.86908886], [106.76415293, 47.86908415], [106.76414706, 47.86916555], [106.76414534, 47.86916169], [106.76414383, 47.86915936], [106.76414097, 47.86915617], [106.76413752, 47.86915327], [106.76413353, 47.86915069], [106.76412908, 47.86914849], [106.76412423, 47.8691467], [106.76411908, 47.86914535], [106.76411371, 47.86914446], [106.76410828, 47.86914407], [106.76405531, 47.86914254], [106.76405189, 47.86914267], [106.76355379, 47.86912824]]]}, "geometry_name": "geom", "properties": {"guid": 3113166, "id": 3113166, "object_no": null, "object_name": "Төлөвлөлтийн зам", "layer_type_id": 956, "valid_to": null, "address_no": null, "border_type": "solid", "border_width": 1, "border_color": "#999999", "border_opacity": 0.36, "border_wellknown": "shape://horizline", "fill_type": "color", "fill_color": "#bcbcbc", "fill_opacity": 0.36, "fill_wellknown": null, "fill_shape_color": null, "fill_shape_width": null, "fill_shape_size": null, "fill_img_url": null, "marker_img_url": null}},{"type": "Feature", "id": "layer_data_map.fid--27e80436_1a098c1eed1_-58e8", "geometry": {"type": "Polygon", "coordinates": [[[106.76083995, 47.8679518], [106.76089223, 47.86795511], [106.76090939, 47.8679556], [106.76091274, 47.86795568], [106.76091973, 47.86795547], [106.76092655, 47.86795444], [106.760933, 47.86795264], [106.7609389, 47.8679501], [106.76094404, 47.86794692], [106.76094829, 47.86794318], [106.76095151, 47.86793901], [106.7609536, 47.86793452], [106.76095451, 47.86792986], [106.76095576, 47.86790901], [106.76097891, 47.86754053], [106.76098682, 47.8674147], [106.76101332, 47.86699262], [106.76102874, 47.86674729], [106.76102834, 47.86674016], [106.76102628, 47.86673317], [106.7610226, 47.86672648], [106.7610174, 47.86672027], [106.7610108, 47.86671469], [106.76100298, 47.86670988], [106.76099412, 47.86670596], [106.76098446, 47.86670303], [106.76097422, 47.86670117], [106.76096369, 47.86670042], [106.7611743, 47.86670408], [106.76116279, 47.86670455], [106.76115157, 47.86670634], [106.76114098, 47.8667094], [106.76113132, 47.86671365], [106.7611229, 47.86671894], [106.76111595, 47.86672513], [106.76111068, 47.86673204], [106.76110726, 47.86673945], [106.76110578, 47.86674714], [106.76103134, 47.86793206], [106.76102869, 47.86794587], [106.76102256, 47.86795918], [106.76101313, 47.86797158], [106.76100068, 47.86798271], [106.76098558, 47.86799224], [106.76096827, 47.86799988], [106.76094927, 47.86800542], [106.76092915, 47.86800868], [106.76090849, 47.86800958], [106.76083658, 47.86800761], [106.76083995, 47.8679518]]]}, "geometry_name": "geom", "properties": {"guid": 3113167, "id": 3113167, "object_no": null, "object_name": "Төлөвлөлтийн зам", "layer_type_id": 956, "valid_to": null, "address_no": null, "border_type": "solid", "border_width": 1, "border_color": "#999999", "border_opacity": 0.36, "border_wellknown": "shape://horizline", "fill_type": "color", "fill_color": "#bcbcbc", "fill_opacity": 0.36, "fill_wellknown": null, "fill_shape_color": null, "fill_shape_width": null, "fill_shape_size": null, "fill_img_url": null, "marker_img_url": null}},{"type": "Feature", "id": "layer_data_map.fid--27e80436_1a098c1eed1_-58e5", "geometry": {"type": "Polygon", "coordinates": [[[106.76288853, 47.86692911], [106.76288328, 47.86692864], [106.76285616, 47.86692788], [106.76284987, 47.86692802], [106.76284369, 47.86692883], [106.76283778, 47.86693027], [106.76283227, 47.86693232], [106.76282731, 47.86693492], [106.76282301, 47.86693802], [106.76281948, 47.86694153], [106.76281682, 47.86694536], [106.76281508, 47.86694943], [106.76281431, 47.86695364], [106.76279268, 47.86727992], [106.76279298, 47.86728461], [106.76279448, 47.8672892], [106.76279714, 47.86729354], [106.76280088, 47.8672975], [106.76280559, 47.86730097], [106.76281111, 47.86730384], [106.7628173, 47.86730602], [106.76282395, 47.86730745], [106.76283087, 47.86730807], [106.76283901, 47.86730832], [106.76335989, 47.86732367], [106.76331849, 47.86794079], [106.7633187, 47.86794503], [106.76331989, 47.86794919], [106.76332204, 47.86795317], [106.76332508, 47.86795688], [106.76332895, 47.86796023], [106.76333355, 47.86796312], [106.76333877, 47.8679655], [106.76334447, 47.86796729], [106.76335052, 47.86796846], [106.76335677, 47.86796898], [106.76340114, 47.86797031], [106.76340897, 47.86796973], [106.76341656, 47.86796831], [106.76342371, 47.8679661], [106.76343024, 47.86796313], [106.76343599, 47.8679595], [106.76344079, 47.8679553], [106.76344453, 47.86795064], [106.76345291, 47.8678307], [106.76354158, 47.8678335], [106.7635332, 47.86795344], [106.76353622, 47.86795813], [106.76354027, 47.86796244], [106.76354527, 47.86796628], [106.76355109, 47.86796955], [106.76355759, 47.86797218], [106.76356462, 47.86797411], [106.763572, 47.86797528], [106.76357957, 47.86797566], [106.7638046, 47.86798241], [106.76381158, 47.8679822], [106.76381841, 47.86798119], [106.76382487, 47.86797939], [106.76383077, 47.86797687], [106.76383593, 47.86797369], [106.76384019, 47.86796997], [106.76384342, 47.86796579], [106.76384553, 47.86796131], [106.76384645, 47.86795665], [106.76384762, 47.86793897], [106.76384741, 47.86793474], [106.76384621, 47.86793058], [106.76384406, 47.8679266], [106.76384102, 47.8679229], [106.76383715, 47.86791956], [106.76383255, 47.86791667], [106.76382734, 47.8679143], [106.76382163, 47.8679125], [106.76381559, 47.86791133], [106.76380934, 47.86791081], [106.76396961, 47.86791564], [106.76396263, 47.86791584], [106.7639558, 47.86791686], [106.76394934, 47.86791865], [106.76394344, 47.86792117], [106.76393828, 47.86792435], [106.76393402, 47.86792808], [106.76393078, 47.86793225], [106.76392867, 47.86793673], [106.76392775, 47.8679414], [106.76392658, 47.86795904], [106.76392679, 47.86796327], [106.76392799, 47.86796743], [106.76393013, 47.86797141], [106.76393318, 47.86797512], [106.76393705, 47.86797846], [106.76394165, 47.86798135], [106.76394686, 47.86798372], [106.76395256, 47.86798551], [106.76395861, 47.86798668], [106.76396486, 47.8679872], [106.76409431, 47.8679911], [106.76410529, 47.86799082], [106.76411605, 47.86798934], [106.76412631, 47.86798669], [106.76413578, 47.86798294], [106.76414421, 47.86797821], [106.76415138, 47.86797261], [106.76415709, 47.86796629], [106.76416118, 47.86795943], [106.76416354, 47.86795221], [106.76416412, 47.86794483], [106.76417081, 47.86808002], [106.76416954, 47.86807261], [106.76416647, 47.86806544], [106.76416168, 47.86805871], [106.76415531, 47.8680526], [106.76414752, 47.86804729], [106.76413853, 47.86804292], [106.76412859, 47.86803961], [106.76411797, 47.86803745], [106.76410697, 47.8680365], [106.7632336, 47.86801031], [106.76327242, 47.86742943], [106.76327199, 47.86742096], [106.7632696, 47.86741264], [106.76326531, 47.86740467], [106.76325921, 47.86739726], [106.76325146, 47.86739057], [106.76324226, 47.86738479], [106.76323182, 47.86738004], [106.76322041, 47.86737646], [106.7632083, 47.86737412], [106.7631958, 47.86737309], [106.76270717, 47.86735868], [106.7627447, 47.8667921], [106.76274429, 47.86678445], [106.76274196, 47.86677695], [106.76273777, 47.86676982], [106.76273184, 47.86676328], [106.76272434, 47.86675751], [106.7627155, 47.86675268], [106.76270557, 47.86674893], [106.76269484, 47.86674636], [106.76268362, 47.86674507], [106.76274318, 47.86674807], [106.76290013, 47.86676224], [106.76288902, 47.86676178], [106.76287795, 47.86676259], [106.76286724, 47.86676462], [106.76285718, 47.86676784], [106.76284807, 47.86677213], [106.76284014, 47.86677739], [106.76283364, 47.86678347], [106.76282873, 47.8667902], [106.76282557, 47.86679738], [106.76282423, 47.86680481], [106.76282283, 47.86683081], [106.76282401, 47.86683827], [106.76282702, 47.8668455], [106.76283178, 47.86685229], [106.76283814, 47.86685845], [106.76284594, 47.86686381], [106.76285496, 47.86686823], [106.76286494, 47.86687158], [106.76287561, 47.86687376], [106.76288667, 47.86687472], [106.76356804, 47.86689515], [106.76356454, 47.86694813], [106.76288853, 47.86692911]]]}, "geometry_name": "geom", "properties": {"guid": 3113168, "id": 3113168, "object_no": null, "object_name": "Төлөвлөлтийн зам", "layer_type_id": 956, "valid_to": null, "address_no": null, "border_type": "solid", "border_width": 1, "border_color": "#999999", "border_opacity": 0.36, "border_wellknown": "shape://horizline", "fill_type": "color", "fill_color": "#bcbcbc", "fill_opacity": 0.36, "fill_wellknown": null, "fill_shape_color": null, "fill_shape_width": null, "fill_shape_size": null, "fill_img_url": null, "marker_img_url": null}},{"type": "Feature", "id": "layer_data_map.fid--27e80436_1a098c1eed1_-58e0", "geometry": {"type": "Polygon", "coordinates": [[[106.76093871, 47.86940732], [106.76093703, 47.86943429], [106.7609333, 47.86949399], [106.76093337, 47.86950156], [106.76093534, 47.86950901], [106.76093913, 47.86951614], [106.76094465, 47.86952273], [106.76095174, 47.86952861], [106.7609602, 47.8695336], [106.76096978, 47.86953757], [106.76098021, 47.86954039], [106.7609912, 47.869542], [106.76078431, 47.86953081], [106.76079587, 47.86953042], [106.76080716, 47.86952869], [106.76081784, 47.86952567], [106.76082757, 47.86952146], [106.76083608, 47.86951618], [106.7608431, 47.86950998], [106.76084842, 47.86950307], [106.76085189, 47.86949563], [106.76085339, 47.86948791], [106.76085519, 47.86945915], [106.76085495, 47.86945468], [106.76085361, 47.86945029], [106.76085123, 47.86944611], [106.76084786, 47.86944225], [106.76084359, 47.86943882], [106.76083855, 47.8694359], [106.76083286, 47.86943358], [106.76082668, 47.86943192], [106.76082018, 47.86943096], [106.76043775, 47.86942007], [106.75999917, 47.86940758], [106.7597382, 47.86940015], [106.75973158, 47.86939998], [106.759725, 47.86940055], [106.75971865, 47.86940183], [106.7597127, 47.8694038], [106.75970731, 47.86940639], [106.75970262, 47.86940955], [106.75969876, 47.86941317], [106.75969584, 47.86941718], [106.75969393, 47.86942145], [106.75969308, 47.86942587], [106.75969261, 47.86943401], [106.75969338, 47.8694412], [106.75969586, 47.86944821], [106.75969997, 47.86945487], [106.75970562, 47.86946099], [106.75971265, 47.86946642], [106.75972088, 47.86947103], [106.75973011, 47.86947469], [106.75974009, 47.8694773], [106.75975057, 47.8694788], [106.75954433, 47.86946829], [106.75955559, 47.86946786], [106.75956657, 47.86946615], [106.75957698, 47.86946323], [106.75958651, 47.86945917], [106.75959488, 47.86945408], [106.75960186, 47.86944812], [106.75960726, 47.86944146], [106.7596109, 47.86943428], [106.7596127, 47.86942678], [106.7596146, 47.86939663], [106.75961631, 47.86936967], [106.75961801, 47.8693427], [106.7609404, 47.86938036], [106.76093871, 47.86940732]]]}, "geometry_name": "geom", "properties": {"guid": 3113169, "id": 3113169, "object_no": null, "object_name": "Төлөвлөлтийн зам", "layer_type_id": 956, "valid_to": null, "address_no": null, "border_type": "solid", "border_width": 1, "border_color": "#999999", "border_opacity": 0.36, "border_wellknown": "shape://horizline", "fill_type": "color", "fill_color": "#bcbcbc", "fill_opacity": 0.36, "fill_wellknown": null, "fill_shape_color": null, "fill_shape_width": null, "fill_shape_size": null, "fill_img_url": null, "marker_img_url": null}},{"type": "Feature", "id": "layer_data_map.fid--27e80436_1a098c1eed1_-58dd", "geometry": {"type": "Polygon", "coordinates": [[[106.76204718, 47.86727283], [106.76205767, 47.8672726], [106.76206797, 47.86727126], [106.76207783, 47.86726885], [106.76208701, 47.86726543], [106.76209528, 47.86726109], [106.76210244, 47.86725594], [106.76210832, 47.86725009], [106.76211276, 47.86724369], [106.76211566, 47.86723691], [106.76211695, 47.86722991], [106.76213657, 47.86693367], [106.76213587, 47.86692919], [106.76213406, 47.86692485], [106.76213121, 47.86692078], [106.76212739, 47.86691708], [106.76212271, 47.86691386], [106.7621173, 47.86691121], [106.76211132, 47.8669092], [106.76210492, 47.86690789], [106.76209828, 47.86690731], [106.76138906, 47.86688611], [106.76139263, 47.86683269], [106.76207389, 47.86685279], [106.76210172, 47.86685361], [106.76210868, 47.86685341], [106.76211549, 47.8668524], [106.76212194, 47.86685062], [106.76212783, 47.86684811], [106.76213298, 47.86684496], [106.76213725, 47.86684125], [106.7621405, 47.8668371], [106.76214263, 47.86683263], [106.76214357, 47.86682798], [106.76214751, 47.86676866], [106.76214702, 47.86676087], [106.76214454, 47.86675325], [106.76214014, 47.86674604], [106.76213396, 47.86673945], [106.76212618, 47.86673367], [106.76211703, 47.86672889], [106.7621068, 47.86672524], [106.76209578, 47.86672283], [106.76208431, 47.86672174], [106.76229788, 47.86672933], [106.76228734, 47.86672951], [106.76227697, 47.86673081], [106.76226704, 47.86673319], [106.76225778, 47.86673659], [106.76224943, 47.86674092], [106.7622422, 47.86674609], [106.76223627, 47.86675196], [106.76223179, 47.86675838], [106.76222886, 47.8667652], [106.76222756, 47.86677224], [106.76221383, 47.86697953], [106.76221432, 47.86698736], [106.76221683, 47.86699502], [106.76222128, 47.86700226], [106.76222754, 47.86700888], [106.7622354, 47.86701466], [106.76224463, 47.86701944], [106.76225496, 47.86702307], [106.76226607, 47.86702543], [106.76227762, 47.86702646], [106.76235369, 47.86702874], [106.76234691, 47.86712766], [106.76234657, 47.8671206], [106.76234459, 47.86711366], [106.76234102, 47.86710702], [106.76233595, 47.86710083], [106.7623295, 47.86709526], [106.76232183, 47.86709043], [106.76231314, 47.86708647], [106.76230363, 47.86708348], [106.76229354, 47.86708152], [106.76228312, 47.86708065], [106.76227405, 47.86708038], [106.76226357, 47.86708062], [106.76225327, 47.86708196], [106.76224341, 47.86708437], [106.76223423, 47.86708779], [106.76222596, 47.86709213], [106.7622188, 47.86709728], [106.76221293, 47.86710313], [106.76220849, 47.86710953], [106.76220559, 47.86711631], [106.7622043, 47.86712331], [106.7621941, 47.86727726], [106.76204718, 47.86727283]]]}, "geometry_name": "geom", "properties": {"guid": 3113170, "id": 3113170, "object_no": null, "object_name": "Төлөвлөлтийн зам", "layer_type_id": 956, "valid_to": null, "address_no": null, "border_type": "solid", "border_width": 1, "border_color": "#999999", "border_opacity": 0.36, "border_wellknown": "shape://horizline", "fill_type": "color", "fill_color": "#bcbcbc", "fill_opacity": 0.36, "fill_wellknown": null, "fill_shape_color": null, "fill_shape_width": null, "fill_shape_size": null, "fill_img_url": null, "marker_img_url": null}},{"type": "Feature", "id": "layer_data_map.fid--27e80436_1a098c1eed1_-58d9", "geometry": {"type": "Polygon", "coordinates": [[[106.75992501, 47.86740668], [106.76002264, 47.86740946], [106.76001995, 47.86745206], [106.76001914, 47.86745376], [106.76001792, 47.86745535], [106.76001633, 47.86745678], [106.76001441, 47.86745802], [106.76001222, 47.86745903], [106.76000982, 47.86745978], [106.76000726, 47.86746026], [106.76000462, 47.86746045], [106.76000197, 47.86746034], [106.75976161, 47.86745317], [106.75948035, 47.86744483], [106.75947006, 47.86744511], [106.75946001, 47.86744657], [106.75945048, 47.86744919], [106.75944176, 47.86745288], [106.75943413, 47.86745752], [106.7594278, 47.86746298], [106.75942298, 47.8674691], [106.75945158, 47.86734257], [106.75945145, 47.86734985], [106.75945306, 47.86735706], [106.75945638, 47.86736399], [106.75946131, 47.86737048], [106.75946773, 47.86737635], [106.75947547, 47.86738145], [106.75948432, 47.86738564], [106.75949406, 47.86738882], [106.75950444, 47.86739091], [106.75951518, 47.86739184], [106.75972478, 47.86739805], [106.75992501, 47.86740668]]]}, "geometry_name": "geom", "properties": {"guid": 3113172, "id": 3113172, "object_no": null, "object_name": "Төлөвлөлтийн зам", "layer_type_id": 956, "valid_to": null, "address_no": null, "border_type": "solid", "border_width": 1, "border_color": "#999999", "border_opacity": 0.36, "border_wellknown": "shape://horizline", "fill_type": "color", "fill_color": "#bcbcbc", "fill_opacity": 0.36, "fill_wellknown": null, "fill_shape_color": null, "fill_shape_width": null, "fill_shape_size": null, "fill_img_url": null, "marker_img_url": null}},{"type": "Feature", "id": "layer_data_map.fid--27e80436_1a098c1eed1_-58d6", "geometry": {"type": "Polygon", "coordinates": [[[106.75923773, 47.86848203], [106.75923321, 47.86856123], [106.75923255, 47.86855699], [106.75923092, 47.86855287], [106.75922834, 47.86854898], [106.7592249, 47.8685454], [106.75922067, 47.86854223], [106.75921575, 47.86853954], [106.75921027, 47.8685374], [106.75920436, 47.86853586], [106.75919817, 47.86853496], [106.75913195, 47.86853307], [106.75912504, 47.86853295], [106.7591182, 47.8685336], [106.75911162, 47.86853502], [106.75910549, 47.86853715], [106.75909997, 47.86853995], [106.75909523, 47.86854333], [106.75909139, 47.8685472], [106.75908857, 47.86855144], [106.75908685, 47.86855595], [106.75908627, 47.86856058], [106.75908334, 47.86845245], [106.75908428, 47.86845718], [106.75908642, 47.86846173], [106.75908968, 47.86846597], [106.75909397, 47.86846977], [106.75909917, 47.86847302], [106.75910512, 47.86847562], [106.75911164, 47.86847749], [106.75911854, 47.86847859], [106.75912562, 47.86847887], [106.75923773, 47.86848203]]]}, "geometry_name": "geom", "properties": {"guid": 3113173, "id": 3113173, "object_no": null, "object_name": "Төлөвлөлтийн зам", "layer_type_id": 956, "valid_to": null, "address_no": null, "border_type": "solid", "border_width": 1, "border_color": "#999999", "border_opacity": 0.36, "border_wellknown": "shape://horizline", "fill_type": "color", "fill_color": "#bcbcbc", "fill_opacity": 0.36, "fill_wellknown": null, "fill_shape_color": null, "fill_shape_width": null, "fill_shape_size": null, "fill_img_url": null, "marker_img_url": null}},{"type": "Feature", "id": "layer_data_map.fid--27e80436_1a098c1eed1_-58d4", "geometry": {"type": "Polygon", "coordinates": [[[106.87444614, 47.9337357], [106.87443369, 47.93373766], [106.87442187, 47.93374093], [106.87441097, 47.93374541], [106.87440127, 47.933751], [106.87439301, 47.93375755], [106.87438639, 47.9337649], [106.87425485, 47.9339416], [106.87417829, 47.93392381], [106.87433437, 47.93371416], [106.8743395, 47.93370546], [106.87434231, 47.93369629], [106.87434273, 47.93368694], [106.87434073, 47.93367767], [106.87433638, 47.93366878], [106.87432981, 47.93366053], [106.87432122, 47.93365316], [106.87431086, 47.9336469], [106.87349569, 47.93323431], [106.87333834, 47.93317818], [106.87317662, 47.93312798], [106.87301102, 47.93308387], [106.87284205, 47.93304596], [106.87267022, 47.93301439], [106.87249605, 47.93298924], [106.87232009, 47.9329706], [106.87214286, 47.93295852], [106.87196491, 47.93295303], [106.87069944, 47.93290907], [106.87068639, 47.93290933], [106.87067358, 47.93291101], [106.87066135, 47.93291406], [106.87065001, 47.9329184], [106.87063986, 47.93292392], [106.87063118, 47.93293046], [106.87062419, 47.93293787], [106.87061908, 47.93294594], [106.87058339, 47.93301809], [106.87057386, 47.93305127], [106.8705689, 47.93308489], [106.87045131, 47.93305756], [106.87045781, 47.93302641], [106.87046754, 47.93299564], [106.8705456, 47.93283787], [106.87054881, 47.93282888], [106.87054968, 47.93281966], [106.8705482, 47.93281047], [106.87054441, 47.93280158], [106.87053842, 47.93279326], [106.8705304, 47.93278575], [106.8705206, 47.93277927], [106.87050929, 47.932774], [106.87049681, 47.93277011], [106.87048352, 47.93276771], [106.87046982, 47.93276687], [106.87045611, 47.93276762], [106.87044279, 47.93276992], [106.87027142, 47.93281035], [106.87028158, 47.93275075], [106.87056024, 47.93268501], [106.87057211, 47.93268146], [106.87058298, 47.93267667], [106.87059256, 47.93267076], [106.87060059, 47.93266389], [106.87060687, 47.93265624], [106.87061123, 47.93264802], [106.87061355, 47.93263942], [106.87072094, 47.93191223], [106.87074512, 47.93178535], [106.87076322, 47.93165802], [106.87076314, 47.93164887], [106.87076076, 47.93163986], [106.87075615, 47.93163125], [106.87074945, 47.93162328], [106.87074083, 47.93161619], [106.87073056, 47.93161018], [106.87071893, 47.93160543], [106.87070626, 47.93160206], [106.870485, 47.93155741], [106.87049274, 47.93151201], [106.87067628, 47.93154905], [106.87068906, 47.93155088], [106.87070211, 47.9315513], [106.87071509, 47.93155029], [106.87072765, 47.93154788], [106.87073947, 47.93154413], [106.87075022, 47.93153914], [106.87075963, 47.93153305], [106.87076744, 47.93152601], [106.87077345, 47.93151821], [106.87077751, 47.93150986], [106.87077949, 47.93150118], [106.87079007, 47.93140103], [106.87078984, 47.93139165], [106.8707872, 47.93138243], [106.87078222, 47.93137366], [106.87077506, 47.93136561], [106.87076593, 47.93135851], [106.87075511, 47.93135257], [106.87074292, 47.93134799], [106.87072974, 47.9313449], [106.87052713, 47.9313103], [106.87053481, 47.93126521], [106.87070655, 47.93129454], [106.87071912, 47.93129598], [106.87073188, 47.93129607], [106.87074449, 47.9312948], [106.87075664, 47.93129221], [106.87076803, 47.93128835], [106.87077837, 47.93128333], [106.8707874, 47.93127728], [106.87079489, 47.93127034], [106.87080064, 47.93126269], [106.87080452, 47.93125452], [106.87080644, 47.93124605], [106.8708348, 47.93097753], [106.87084844, 47.93090344], [106.87087119, 47.93083037], [106.87090287, 47.93075882], [106.87094327, 47.93068928], [106.87095192, 47.93067603], [106.87095415, 47.93067164], [106.87095521, 47.93066705], [106.8709551, 47.93066242], [106.8709538, 47.93065786], [106.87095137, 47.93065352], [106.87094786, 47.93064952], [106.87094338, 47.93064599], [106.87093807, 47.93064302], [106.87093208, 47.93064071], [106.87092559, 47.93063912], [106.8709188, 47.93063831], [106.87091189, 47.93063829], [106.87090508, 47.93063906], [106.87089857, 47.93064061], [106.87089256, 47.93064288], [106.87071617, 47.93072361], [106.87075421, 47.9306409], [106.8710196, 47.93051943], [106.87103009, 47.93051371], [106.871039, 47.93050689], [106.87104608, 47.93049916], [106.87105113, 47.93049075], [106.87105402, 47.93048188], [106.87105465, 47.93047281], [106.87105302, 47.93046381], [106.87104916, 47.93045511], [106.87104318, 47.93044697], [106.87103527, 47.93043962], [106.87102563, 47.93043326], [106.87101454, 47.93042808], [106.87087669, 47.93037461], [106.87090101, 47.93032173], [106.87104867, 47.930379], [106.87106087, 47.93038286], [106.87107386, 47.93038528], [106.87108727, 47.93038622], [106.87110072, 47.93038563], [106.87111383, 47.93038354], [106.87112624, 47.93038001], [106.8711376, 47.93037513], [106.87114758, 47.93036904], [106.87115591, 47.93036192], [106.87116235, 47.93035396], [106.87121241, 47.93027732], [106.87123978, 47.9302386], [106.87127053, 47.93020105], [106.87145295, 47.92999318], [106.87148283, 47.92995683], [106.87150954, 47.92991937], [106.87151397, 47.92991076], [106.8715162, 47.92990177], [106.87151613, 47.92989266], [106.87151379, 47.92988368], [106.87150923, 47.9298751], [106.87150259, 47.92986715], [106.87149405, 47.92986007], [106.87148387, 47.92985406], [106.87147232, 47.92984928], [106.87127385, 47.92978198], [106.87131591, 47.92973579], [106.87147933, 47.92979121], [106.87149222, 47.92979467], [106.8715058, 47.9297966], [106.87151967, 47.92979692], [106.87153341, 47.92979563], [106.87154662, 47.92979278], [106.8715589, 47.92978843], [106.87156989, 47.92978273], [106.87157925, 47.92977585], [106.87158671, 47.92976798], [106.87159204, 47.92975937], [106.87168662, 47.92955942], [106.87179569, 47.92959606], [106.87170683, 47.9297839], [106.87170395, 47.92979225], [106.87170306, 47.9298008], [106.8717042, 47.92980934], [106.87170734, 47.92981764], [106.87171239, 47.92982551], [106.87171924, 47.92983274], [106.8717277, 47.92983916], [106.87173756, 47.92984459], [106.87174858, 47.9298489], [106.87176048, 47.92985199], [106.87219736, 47.92993928], [106.87226896, 47.92995173], [106.8723417, 47.92996069], [106.87241522, 47.92996613], [106.87277058, 47.92998375], [106.87278415, 47.92998365], [106.87279749, 47.92998202], [106.87281024, 47.9299789], [106.87282202, 47.92997438], [106.8728325, 47.9299686], [106.87284139, 47.92996172], [106.87284842, 47.92995392], [106.87285341, 47.92994545], [106.87287098, 47.92990611], [106.87295683, 47.92990164], [106.87294567, 47.9299266], [106.87294295, 47.92993518], [106.87294233, 47.92994394], [106.87294382, 47.92995265], [106.87294739, 47.92996108], [106.87295295, 47.92996901], [106.87296035, 47.92997623], [106.87296939, 47.92998255], [106.87297983, 47.92998781], [106.8729914, 47.92999186], [106.87300379, 47.9299946], [106.87301668, 47.92999595], [106.8735627, 47.93002302], [106.87362276, 47.93002355], [106.87368247, 47.93001918], [106.87374096, 47.93000999], [106.87379735, 47.9299961], [106.87385084, 47.92997773], [106.87388919, 47.92996252], [106.87394421, 47.92994404], [106.87400252, 47.92993088], [106.87406298, 47.92992328], [106.87412443, 47.92992141], [106.87418567, 47.92992529], [106.87424551, 47.92993485], [106.8743028, 47.92994991], [106.87435641, 47.92997017], [106.87597292, 47.93068481], [106.8759847, 47.93068911], [106.87599739, 47.93069204], [106.87601064, 47.93069351], [106.87602405, 47.93069348], [106.87606557, 47.93079186], [106.87605281, 47.93078937], [106.87603963, 47.93078832], [106.87602636, 47.93078874], [106.87601338, 47.93079063], [106.87600104, 47.93079393], [106.87598968, 47.93079856], [106.87597961, 47.93080437], [106.87588127, 47.93087554], [106.87578938, 47.9309505], [106.87570425, 47.93102899], [106.87562618, 47.93111072], [106.87555545, 47.93119541], [106.8754923, 47.93128277], [106.87541776, 47.93149599], [106.87535182, 47.93171048], [106.87529452, 47.9319261], [106.87524591, 47.93214267], [106.87520603, 47.93236005], [106.8751749, 47.93257807], [106.87515665, 47.93268691], [106.87512873, 47.93279482], [106.87509124, 47.93290141], [106.8750443, 47.9330063], [106.87498809, 47.93310911], [106.8749228, 47.93320947], [106.87484868, 47.93330702], [106.87476599, 47.9334014], [106.87467503, 47.93349229], [106.87455613, 47.93360371], [106.87454909, 47.93361168], [106.87454417, 47.93362034], [106.87454154, 47.93362943], [106.87454126, 47.9336387], [106.87454334, 47.93364786], [106.87454773, 47.93365665], [106.87455428, 47.9336648], [106.87456282, 47.93367208], [106.87457308, 47.93367827], [106.87467045, 47.93372755], [106.87460541, 47.93379599], [106.87450654, 47.93374594], [106.87449575, 47.93374134], [106.87448401, 47.93373794], [106.87447162, 47.93373584], [106.87445888, 47.93373508], [106.87444614, 47.9337357]], [[106.87332181, 47.93302548], [106.87332459, 47.93303367], [106.87332922, 47.93304146], [106.8733356, 47.93304868], [106.87334357, 47.93305514], [106.87335293, 47.9330607], [106.87438057, 47.93358084], [106.87439137, 47.93358544], [106.87440312, 47.93358884], [106.87441552, 47.93359094], [106.87442826, 47.93359169], [106.87444102, 47.93359108], [106.87445347, 47.93358911], [106.87446529, 47.93358583], [106.87447619, 47.93358134], [106.8744859, 47.93357574], [106.87449415, 47.93356918], [106.87460976, 47.93346083], [106.87469062, 47.9333805], [106.87476483, 47.93329731], [106.87483214, 47.93321152], [106.87489237, 47.93312338], [106.87494534, 47.93303316], [106.87499088, 47.93294112], [106.87502885, 47.93284755], [106.87503059, 47.93284006], [106.87503043, 47.93283249], [106.87502838, 47.93282504], [106.8750245, 47.93281792], [106.8750189, 47.93281135], [106.87501173, 47.9328055], [106.87500321, 47.93280054], [106.87499356, 47.93279661], [106.87498308, 47.93279383], [106.87373008, 47.932541], [106.87371926, 47.93253946], [106.8737082, 47.93253913], [106.87369722, 47.93254004], [106.87368661, 47.93254215], [106.87367666, 47.9325454], [106.87366765, 47.93254972], [106.87365981, 47.93255497], [106.87365337, 47.93256102], [106.87364851, 47.93256769], [106.87362362, 47.9326074], [106.87359573, 47.93264618], [106.87332986, 47.93299286], [106.87332502, 47.9330006], [106.87332203, 47.93300875], [106.87332094, 47.93301711], [106.87332181, 47.93302548]], [[106.87497195, 47.93273524], [106.87498541, 47.93273713], [106.87499914, 47.93273745], [106.87501276, 47.93273619], [106.87502585, 47.93273339], [106.87503805, 47.93272913], [106.87504898, 47.93272354], [106.87505834, 47.93271677], [106.87506584, 47.93270903], [106.87507127, 47.93270055], [106.87507447, 47.93269157], [106.87508613, 47.93263272], [106.87509486, 47.93257364], [106.87512024, 47.93239145], [106.8751517, 47.93220969], [106.87515221, 47.93220268], [106.8751511, 47.9321957], [106.87514837, 47.93218892], [106.87514412, 47.93218251], [106.87513843, 47.93217663], [106.87513144, 47.93217141], [106.87512334, 47.93216698], [106.8751143, 47.93216345], [106.87510456, 47.93216092], [106.87465868, 47.93207183], [106.87447828, 47.93203359], [106.87388458, 47.93191475], [106.87387333, 47.93191317], [106.87386184, 47.93191291], [106.87385045, 47.93191397], [106.8738395, 47.93191633], [106.87382932, 47.93191992], [106.8738202, 47.93192462], [106.87381241, 47.9319303], [106.87380618, 47.93193679], [106.8738017, 47.93194391], [106.87379909, 47.93195143], [106.87376033, 47.93214822], [106.87372796, 47.93234554], [106.87371928, 47.93239139], [106.87370684, 47.93243686], [106.87370545, 47.93244423], [106.87370587, 47.93245166], [106.87370811, 47.93245893], [106.87371211, 47.93246586], [106.87371774, 47.93247225], [106.87372487, 47.93247793], [106.87373328, 47.93248275], [106.87374277, 47.93248657], [106.87375306, 47.93248929], [106.87497195, 47.93273524]], [[106.87509544, 47.93210273], [106.87510668, 47.9321043], [106.87511816, 47.93210457], [106.87512953, 47.93210351], [106.87514046, 47.93210116], [106.87515064, 47.93209758], [106.87515976, 47.93209289], [106.87516755, 47.93208723], [106.87517379, 47.93208075], [106.87517829, 47.93207365], [106.87518091, 47.93206614], [106.87521126, 47.93193384], [106.87524484, 47.93180189], [106.87533044, 47.93151167], [106.87537996, 47.93136495], [106.87538171, 47.93135726], [106.87538145, 47.93134949], [106.8753792, 47.93134186], [106.87537502, 47.93133462], [106.87536905, 47.93132796], [106.87536145, 47.9313221], [106.87535246, 47.9313172], [106.87534235, 47.93131343], [106.87533143, 47.93131088], [106.87532001, 47.93130964], [106.87530844, 47.93130974], [106.87529707, 47.93131119], [106.87528625, 47.93131393], [106.87518896, 47.93134122], [106.87508836, 47.93136242], [106.87498529, 47.93137735], [106.87488063, 47.93138587], [106.87477524, 47.93138793], [106.87467002, 47.93138349], [106.87456584, 47.93137261], [106.87446358, 47.93135537], [106.87405683, 47.93127329], [106.87404606, 47.93127175], [106.87403505, 47.93127142], [106.87402412, 47.93127231], [106.87401354, 47.93127439], [106.87400362, 47.93127761], [106.87399463, 47.93128188], [106.87398679, 47.93128709], [106.87398033, 47.93129308], [106.87397542, 47.93129971], [106.8739722, 47.93130679], [106.87389674, 47.93155623], [106.8738317, 47.931807], [106.87383086, 47.93181415], [106.87383172, 47.9318213], [106.87383427, 47.93182827], [106.87383843, 47.93183488], [106.87384411, 47.93184096], [106.87385115, 47.93184636], [106.87385938, 47.93185093], [106.87386858, 47.93185457], [106.87387854, 47.93185718], [106.87509544, 47.93210273]], [[106.87449822, 47.93127783], [106.87459106, 47.93129345], [106.87468565, 47.93130321], [106.87478118, 47.93130703], [106.87487683, 47.93130488], [106.87497176, 47.93129678], [106.87506517, 47.93128279], [106.87515625, 47.93126304], [106.87524421, 47.9312377], [106.87545732, 47.93116826], [106.87547497, 47.93116135], [106.87549085, 47.93115271], [106.87550458, 47.93114254], [106.87551586, 47.93113109], [106.87559936, 47.93103757], [106.87569164, 47.93094784], [106.87579232, 47.9308623], [106.87590098, 47.93078129], [106.87590774, 47.93077574], [106.8759131, 47.93076955], [106.87591692, 47.93076286], [106.87591912, 47.93075584], [106.87591963, 47.93074868], [106.87591844, 47.93074156], [106.87591559, 47.93073466], [106.87591114, 47.93072814], [106.8759052, 47.93072219], [106.87589793, 47.93071694], [106.87588952, 47.93071254], [106.87482636, 47.93024253], [106.87481693, 47.93023906], [106.8748068, 47.93023664], [106.87479622, 47.93023535], [106.87478547, 47.93023522], [106.87477483, 47.93023624], [106.87476457, 47.93023839], [106.87475495, 47.93024162], [106.87474623, 47.93024584], [106.87473862, 47.93025095], [106.8746261, 47.930344], [106.87452, 47.9304404], [106.87442055, 47.93053996], [106.87432796, 47.93064245], [106.87424242, 47.93074768], [106.87416411, 47.93085542], [106.87409319, 47.93096545], [106.87402911, 47.93113894], [106.87402743, 47.93114641], [106.87402764, 47.93115396], [106.87402973, 47.93116137], [106.87403363, 47.93116845], [106.87403924, 47.931175], [106.8740464, 47.93118081], [106.8740549, 47.93118575], [106.87406452, 47.93118965], [106.87407497, 47.93119242], [106.87449822, 47.93127783]], [[106.87390184, 47.931152], [106.87391231, 47.93114999], [106.87392215, 47.93114687], [106.87393111, 47.93114271], [106.87393895, 47.93113764], [106.87394546, 47.93113178], [106.87395048, 47.93112529], [106.87395386, 47.93111833], [106.87401677, 47.93094847], [106.87409919, 47.93082121], [106.87419128, 47.930697], [106.87429281, 47.93057614], [106.87440349, 47.93045898], [106.87452305, 47.93034582], [106.87465115, 47.93023697], [106.87465889, 47.93022953], [106.87466468, 47.93022133], [106.87466833, 47.93021259], [106.87466976, 47.93020356], [106.87466891, 47.9301945], [106.87466581, 47.93018566], [106.87466056, 47.9301773], [106.87465329, 47.93016965], [106.87464422, 47.93016292], [106.8746336, 47.93015732], [106.87431228, 47.93001526], [106.87426188, 47.92999666], [106.87420772, 47.92998366], [106.87415119, 47.92997661], [106.8740937, 47.92997566], [106.87403672, 47.92998086], [106.87398169, 47.92999207], [106.87393, 47.930009], [106.87389165, 47.93002421], [106.8738295, 47.93004556], [106.87376395, 47.9300617], [106.87369599, 47.93007238], [106.87362659, 47.93007746], [106.8735568, 47.93007685], [106.87295753, 47.93004714], [106.87294397, 47.93004724], [106.87293062, 47.93004887], [106.87291788, 47.93005198], [106.8729061, 47.9300565], [106.87289561, 47.93006228], [106.87288673, 47.93006917], [106.87287969, 47.93007696], [106.87287471, 47.93008544], [106.87283621, 47.93017159], [106.87283478, 47.93017344], [106.87283378, 47.93017542], [106.87283322, 47.93017747], [106.87283313, 47.93017956], [106.8728335, 47.93018163], [106.87283433, 47.93018365], [106.87283559, 47.93018555], [106.87263706, 47.93061732], [106.87261107, 47.93067549], [106.87260871, 47.93068312], [106.87260834, 47.93069091], [106.87260998, 47.93069863], [106.87261358, 47.93070604], [106.87261903, 47.93071292], [106.87262616, 47.93071906], [106.87296148, 47.93096129], [106.87296793, 47.93096537], [106.87297512, 47.93096884], [106.87298293, 47.93097164], [106.87299123, 47.93097373], [106.87386952, 47.93115096], [106.87388016, 47.93115249], [106.87389103, 47.93115284], [106.87390184, 47.931152]], [[106.87275873, 47.93004833], [106.87274829, 47.93004307], [106.87273672, 47.93003902], [106.87272433, 47.93003629], [106.87271144, 47.93003493], [106.87240931, 47.93001995], [106.87233007, 47.93001409], [106.87225165, 47.93000443], [106.87217447, 47.92999102], [106.87172893, 47.92990199], [106.87171612, 47.92990018], [106.87170306, 47.92989979], [106.87169007, 47.92990083], [106.8716775, 47.92990328], [106.87166569, 47.92990706], [106.87165495, 47.92991208], [106.87164557, 47.92991821], [106.87163779, 47.92992528], [106.87163183, 47.9299331], [106.87159692, 47.92998462], [106.87155667, 47.93003435], [106.87137429, 47.93024218], [106.871347, 47.93027551], [106.87132271, 47.93030987], [106.87128963, 47.93036049], [106.87128525, 47.93036913], [106.87128308, 47.93037814], [106.87128321, 47.93038726], [106.87128563, 47.93039624], [106.87129026, 47.93040482], [106.87129697, 47.93041275], [106.87130558, 47.93041981], [106.87131583, 47.93042579], [106.87132744, 47.93043053], [106.87134007, 47.93043388], [106.87246395, 47.9306607], [106.87247538, 47.93066229], [106.87248704, 47.93066253], [106.87249858, 47.9306614], [106.87250966, 47.93065894], [106.87251993, 47.93065522], [106.87252908, 47.93065036], [106.87253685, 47.93064451], [106.87254298, 47.93063784], [106.87254729, 47.93063056], [106.87278244, 47.93010428], [106.87278516, 47.9300957], [106.87278579, 47.93008695], [106.87278429, 47.93007824], [106.87278072, 47.93006981], [106.87277516, 47.93006187], [106.87276777, 47.93005465], [106.87275873, 47.93004833]], [[106.87127242, 47.93050476], [106.87125979, 47.93050294], [106.87124689, 47.9305025], [106.87123406, 47.93050346], [106.87122162, 47.93050579], [106.87120989, 47.93050943], [106.87119919, 47.93051428], [106.87118978, 47.93052023], [106.87118191, 47.93052711], [106.87117579, 47.93053475], [106.87105356, 47.93072183], [106.87101772, 47.93078332], [106.87098937, 47.93084654], [106.87096869, 47.9309111], [106.87095583, 47.93097657], [106.87095576, 47.9309858], [106.87095802, 47.9309949], [106.87096257, 47.93100362], [106.87096926, 47.93101168], [106.87097789, 47.93101886], [106.87098822, 47.93102495], [106.87099994, 47.93102976], [106.87101271, 47.93103316], [106.87126722, 47.93108453], [106.87193382, 47.93121906], [106.87265926, 47.93136546], [106.87267163, 47.93136734], [106.87268428, 47.93136789], [106.87269691, 47.93136709], [106.87270919, 47.93136497], [106.87272083, 47.93136157], [106.87273152, 47.93135699], [106.872741, 47.93135133], [106.87274905, 47.93134474], [106.87275545, 47.93133739], [106.87276004, 47.93132944], [106.87288016, 47.9310606], [106.872883, 47.93105144], [106.87288343, 47.93104209], [106.87288146, 47.93103283], [106.87287714, 47.93102394], [106.87287061, 47.93101569], [106.87286205, 47.93100831], [106.87253573, 47.93077259], [106.87252283, 47.93076443], [106.87250844, 47.93075748], [106.87249282, 47.93075187], [106.87247623, 47.9307477], [106.87127242, 47.93050476]], [[106.87239978, 47.93136944], [106.87227159, 47.93134357], [106.87122234, 47.93113182], [106.87103837, 47.93109492], [106.87102578, 47.93109339], [106.871013, 47.93109322], [106.87100033, 47.93109442], [106.87098812, 47.93109697], [106.87097666, 47.93110079], [106.87096626, 47.93110579], [106.87095718, 47.93111184], [106.87094965, 47.93111879], [106.87094386, 47.93112646], [106.87093997, 47.93113465], [106.87093807, 47.93114315], [106.87091153, 47.93139438], [106.87089208, 47.93157859], [106.87087828, 47.93170447], [106.87087823, 47.93171369], [106.87088052, 47.93172278], [106.87088507, 47.93173148], [106.87089176, 47.93173953], [106.87090039, 47.93174669], [106.87091071, 47.93175276], [106.87092242, 47.93175757], [106.87093517, 47.93176096], [106.87097229, 47.93176846], [106.8710719, 47.93179208], [106.87116771, 47.93182196], [106.8713774, 47.93189918], [106.87158248, 47.93198178], [106.87178267, 47.93206965], [106.87197765, 47.93216265], [106.8719891, 47.93216739], [106.87200155, 47.93217079], [106.87201468, 47.93217274], [106.87202811, 47.93217319], [106.87204146, 47.93217213], [106.87205436, 47.93216959], [106.87206645, 47.93216563], [106.87213969, 47.9321338], [106.87220918, 47.93209837], [106.87227453, 47.93205954], [106.8723435, 47.93200746], [106.87240684, 47.93195224], [106.8724642, 47.93189414], [106.87251531, 47.93183347], [106.87255992, 47.93177052], [106.87258636, 47.93171814], [106.87269075, 47.93148451], [106.87269359, 47.9314753], [106.87269401, 47.9314659], [106.872692, 47.93145659], [106.8726876, 47.93144766], [106.87268097, 47.93143937], [106.8726723, 47.93143199], [106.87266185, 47.93142573], [106.87264994, 47.93142078], [106.87263693, 47.9314173], [106.87239978, 47.93136944]], [[106.8718682, 47.93217579], [106.87168995, 47.93209273], [106.87150743, 47.93201398], [106.87132087, 47.93193963], [106.87113049, 47.93186978], [106.87104448, 47.93184286], [106.87095516, 47.93182136], [106.87094152, 47.9318194], [106.87092757, 47.93181906], [106.87091375, 47.93182034], [106.87090047, 47.93182321], [106.87088813, 47.93182758], [106.8708771, 47.93183332], [106.87086771, 47.93184026], [106.87086025, 47.93184818], [106.87085495, 47.93185685], [106.87085196, 47.93186601], [106.87084055, 47.93192201], [106.87072793, 47.93268462], [106.8707198, 47.93272436], [106.87070722, 47.93276358], [106.87070504, 47.93277212], [106.87070492, 47.9327808], [106.87070688, 47.93278937], [106.87071085, 47.93279762], [106.87071673, 47.93280533], [106.87072438, 47.93281232], [106.8707336, 47.93281839], [106.87074414, 47.93282339], [106.87075574, 47.93282719], [106.87076809, 47.93282969], [106.87078088, 47.93283084], [106.87121529, 47.93284593], [106.87122889, 47.93284563], [106.87124222, 47.93284378], [106.8712549, 47.93284045], [106.87126656, 47.93283574], [106.87127686, 47.93282976], [106.87128552, 47.93282271], [106.87129227, 47.93281477], [106.87129694, 47.93280618], [106.87130807, 47.93278002], [106.87130929, 47.93277644], [106.87130976, 47.93277278], [106.8713095, 47.93276911], [106.8713085, 47.93276551], [106.87140095, 47.93260887], [106.87154625, 47.93246323], [106.87179425, 47.93228362], [106.87180019, 47.93228243], [106.87180578, 47.93228063], [106.8718109, 47.93227828], [106.87186849, 47.93224865], [106.87187716, 47.93224359], [106.8718844, 47.93223761], [106.87189003, 47.93223089], [106.87189386, 47.93222362], [106.87189579, 47.93221602], [106.87189575, 47.93220831], [106.87189376, 47.93220072], [106.87188987, 47.93219347], [106.8718842, 47.93218677], [106.8718769, 47.93218082], [106.8718682, 47.93217579]], [[106.87200211, 47.93225855], [106.87199192, 47.93225989], [106.87198216, 47.93226227], [106.87197306, 47.93226563], [106.871873, 47.93231404], [106.87177947, 47.93236803], [106.87169316, 47.93242721], [106.87161471, 47.93249113], [106.8715447, 47.93255933], [106.87148362, 47.93263131], [106.87143195, 47.93270654], [106.87139005, 47.93278447], [106.87138713, 47.93279319], [106.8713864, 47.93280211], [106.87138786, 47.93281099], [106.87139149, 47.93281958], [106.87139717, 47.93282766], [106.87140476, 47.93283499], [106.87141405, 47.93284139], [106.87142478, 47.93284666], [106.87143666, 47.93285068], [106.87144936, 47.93285332], [106.87146253, 47.93285452], [106.87196914, 47.93287211], [106.87213562, 47.93287701], [106.87230154, 47.93288747], [106.87246647, 47.93290348], [106.87263001, 47.93292498], [106.87279176, 47.93295194], [106.8729513, 47.93298427], [106.87310825, 47.93302191], [106.87311258, 47.93302276], [106.87311706, 47.9330231], [106.87312156, 47.93302294], [106.87312596, 47.93302227], [106.87313013, 47.93302112], [106.87313395, 47.93301951], [106.87313731, 47.93301749], [106.87314013, 47.93301512], [106.87314231, 47.93301247], [106.8731438, 47.93300961], [106.87314455, 47.93300662], [106.87314455, 47.93300359], [106.87314379, 47.93300061], [106.87314229, 47.93299775], [106.87314011, 47.9329951], [106.87313729, 47.93299273], [106.87308488, 47.9329542], [106.87303469, 47.93291436], [106.87292229, 47.93282431], [106.87280611, 47.93273645], [106.87268623, 47.93265087], [106.87237151, 47.9324476], [106.8722135, 47.93235582], [106.87205091, 47.93226773], [106.87204224, 47.93226389], [106.8720328, 47.93226099], [106.8720228, 47.93225911], [106.87201249, 47.93225829], [106.87200211, 47.93225855]], [[106.87216351, 47.93225869], [106.87233243, 47.9323528], [106.87249628, 47.93245087], [106.87265486, 47.93255278], [106.87280795, 47.93265841], [106.87295538, 47.93276762], [106.87309695, 47.93288028], [106.87317717, 47.9329424], [106.87318503, 47.93294727], [106.87319395, 47.93295124], [106.8732037, 47.93295421], [106.87321402, 47.93295609], [106.87322466, 47.93295684], [106.87323534, 47.93295645], [106.87324579, 47.93295491], [106.87325574, 47.93295228], [106.87326494, 47.93294862], [106.87327316, 47.93294401], [106.87328018, 47.93293859], [106.87328582, 47.93293248], [106.87352435, 47.93262146], [106.87356996, 47.93255441], [106.87360597, 47.93248476], [106.87363208, 47.93241315], [106.87364804, 47.93234021], [106.87368316, 47.93212761], [106.87372567, 47.93191563], [106.87377554, 47.93170437], [106.87383274, 47.93149395], [106.87389725, 47.93128448], [106.87389872, 47.93127709], [106.87389835, 47.93126963], [106.87389615, 47.93126232], [106.87389218, 47.93125535], [106.87388655, 47.93124892], [106.87387942, 47.9312432], [106.87387098, 47.93123835], [106.87386146, 47.93123451], [106.87385112, 47.93123178], [106.87303132, 47.93106635], [106.87302106, 47.93106485], [106.87301057, 47.93106445], [106.87300012, 47.93106516], [106.87298996, 47.93106696], [106.87298035, 47.93106981], [106.87297152, 47.93107363], [106.87296369, 47.93107833], [106.87295705, 47.9310838], [106.87295177, 47.93108991], [106.87294798, 47.93109649], [106.87266328, 47.93173366], [106.87262829, 47.9318013], [106.87258483, 47.93186668], [106.87253321, 47.93192932], [106.8724738, 47.93198877], [106.87240705, 47.93204458], [106.87233344, 47.93209636], [106.87225351, 47.93214371], [106.87216784, 47.93218629], [106.87215899, 47.9321911], [106.87215147, 47.93219684], [106.87214551, 47.93220336], [106.87214128, 47.93221046], [106.8721389, 47.93221794], [106.87213845, 47.93222558], [106.87213992, 47.93223317], [106.87214329, 47.93224048], [106.87214845, 47.93224729], [106.87215526, 47.93225342], [106.87216351, 47.93225869]]]}, "geometry_name": "geom", "properties": {"guid": 3113412, "id": 3113412, "object_no": null, "object_name": "Төлөвлөлтийн зам", "layer_type_id": 956, "valid_to": null, "address_no": null, "border_type": "solid", "border_width": 1, "border_color": "#999999", "border_opacity": 0.36, "border_wellknown": "shape://horizline", "fill_type": "color", "fill_color": "#bcbcbc", "fill_opacity": 0.36, "fill_wellknown": null, "fill_shape_color": null, "fill_shape_width": null, "fill_shape_size": null, "fill_img_url": null, "marker_img_url": null}},{"type": "Feature", "id": "layer_data_map.fid--27e80436_1a098c1eed1_-58b4", "geometry": {"type": "Polygon", "coordinates": [[[106.90483065, 47.94919452], [106.90504995, 47.94966957], [106.90496009, 47.94968749], [106.9048288, 47.94940308], [106.90482763, 47.9494007], [106.90482635, 47.94939835], [106.90482494, 47.94939604], [106.90482341, 47.94939375], [106.90482177, 47.94939151], [106.90482001, 47.9493893], [106.90481813, 47.94938714], [106.90481615, 47.94938502], [106.90481406, 47.94938295], [106.90481186, 47.94938093], [106.90480956, 47.94937896], [106.90480716, 47.94937705], [106.90480466, 47.94937519], [106.90480206, 47.9493734], [106.90479938, 47.94937166], [106.9047966, 47.94936999], [106.90479375, 47.94936839], [106.90479081, 47.94936685], [106.90478779, 47.94936538], [106.9047847, 47.94936398], [106.90478154, 47.94936266], [106.90477831, 47.94936141], [106.90477502, 47.94936024], [106.90477167, 47.94935915], [106.90476826, 47.94935813], [106.90476481, 47.94935719], [106.90476131, 47.94935634], [106.90475776, 47.94935557], [106.90475418, 47.94935488], [106.90475057, 47.94935427], [106.90474692, 47.94935375], [106.90474325, 47.94935332], [106.90473956, 47.94935297], [106.90473586, 47.94935271], [106.90473214, 47.94935253], [106.90472842, 47.94935244], [106.9047247, 47.94935244], [106.90472097, 47.94935253], [106.90471726, 47.9493527], [106.90471355, 47.94935296], [106.90470986, 47.94935331], [106.90470619, 47.94935374], [106.90470255, 47.94935425], [106.90469893, 47.94935486], [106.90469535, 47.94935554], [106.9046918, 47.94935631], [106.9046883, 47.94935716], [106.90468484, 47.9493581], [106.90411831, 47.94951872], [106.90411494, 47.94951972], [106.90411163, 47.9495208], [106.90410837, 47.94952195], [106.90410517, 47.94952318], [106.90410204, 47.94952448], [106.90409898, 47.94952585], [106.90409599, 47.9495273], [106.90409307, 47.94952881], [106.90409024, 47.94953038], [106.90408748, 47.94953203], [106.90408482, 47.94953373], [106.90408224, 47.9495355], [106.90407975, 47.94953732], [106.90407736, 47.9495392], [106.90407506, 47.94954113], [106.90407287, 47.94954312], [106.90407077, 47.94954516], [106.90406879, 47.94954724], [106.90406691, 47.94954937], [106.90406514, 47.94955154], [106.90406348, 47.94955374], [106.90406194, 47.94955599], [106.90406051, 47.94955827], [106.9040592, 47.94956058], [106.90405801, 47.94956292], [106.90405694, 47.94956529], [106.90405599, 47.94956768], [106.90405517, 47.94957009], [106.90405447, 47.94957252], [106.90405389, 47.94957496], [106.90405344, 47.94957742], [106.90405311, 47.94957988], [106.90405291, 47.94958235], [106.90405284, 47.94958482], [106.90405289, 47.9495873], [106.90405307, 47.94958977], [106.90405338, 47.94959223], [106.90405381, 47.94959469], [106.90405437, 47.94959713], [106.90405505, 47.94959956], [106.90405586, 47.94960198], [106.90405679, 47.94960437], [106.90405784, 47.94960674], [106.90405901, 47.94960909], [106.9040603, 47.9496114], [106.90406171, 47.94961369], [106.90406324, 47.94961594], [106.90406487, 47.94961816], [106.90406663, 47.94962033], [106.90424285, 47.94983051], [106.90415068, 47.94984889], [106.90391967, 47.94957336], [106.90391686, 47.94957013], [106.90391387, 47.94956697], [106.90391073, 47.94956388], [106.90390743, 47.94956087], [106.90390398, 47.94955793], [106.90390037, 47.94955508], [106.90389663, 47.94955231], [106.90389274, 47.94954963], [106.90388871, 47.94954705], [106.90388456, 47.94954456], [106.90388027, 47.94954216], [106.90387587, 47.94953987], [106.90387135, 47.94953768], [106.90386673, 47.9495356], [106.90386199, 47.94953363], [106.90385716, 47.94953177], [106.90385224, 47.94953002], [106.90384723, 47.94952839], [106.90384213, 47.94952688], [106.90383696, 47.94952548], [106.90276682, 47.94925112], [106.90136138, 47.94891639], [106.90135615, 47.94891521], [106.90135087, 47.94891415], [106.90134554, 47.94891322], [106.90134016, 47.94891241], [106.90133475, 47.94891172], [106.9013293, 47.94891116], [106.90132383, 47.94891073], [106.90131834, 47.94891042], [106.90131283, 47.94891024], [106.90130733, 47.94891018], [106.90130182, 47.94891025], [106.90129631, 47.94891045], [106.90129083, 47.94891078], [106.90128536, 47.94891123], [106.90127991, 47.94891181], [106.9012745, 47.94891251], [106.90126913, 47.94891333], [106.90126381, 47.94891428], [106.90125853, 47.94891536], [106.90125332, 47.94891655], [106.90124817, 47.94891786], [106.90124308, 47.94891929], [106.90123808, 47.94892084], [106.90123315, 47.9489225], [106.90122832, 47.94892427], [106.90122357, 47.94892616], [106.90121893, 47.94892815], [106.90121439, 47.94893024], [106.90120996, 47.94893245], [106.90120564, 47.94893475], [106.90120145, 47.94893715], [106.90119738, 47.94893964], [106.90119344, 47.94894223], [106.90118963, 47.94894491], [106.90118596, 47.94894767], [106.90118244, 47.94895051], [106.90117906, 47.94895344], [106.90117584, 47.94895644], [106.90117276, 47.94895951], [106.90116985, 47.94896266], [106.9011671, 47.94896586], [106.90116452, 47.94896913], [106.9011621, 47.94897246], [106.90115986, 47.94897584], [106.90115779, 47.94897927], [106.90115589, 47.94898275], [106.90115417, 47.94898626], [106.90115264, 47.94898982], [106.90105258, 47.94923721], [106.90103683, 47.94927883], [106.90102311, 47.94932076], [106.90101142, 47.94936298], [106.90100179, 47.94940543], [106.90099422, 47.94944806], [106.90098873, 47.94949084], [106.90098531, 47.94953372], [106.9009789, 47.94964934], [106.90088577, 47.94963745], [106.90089165, 47.94953138], [106.90089523, 47.94948645], [106.90090099, 47.94944163], [106.90090892, 47.94939695], [106.90091901, 47.94935248], [106.90093125, 47.94930825], [106.90094563, 47.9492643], [106.90096214, 47.9492207], [106.90107042, 47.94895298], [106.90107179, 47.94894934], [106.90107297, 47.94894567], [106.90107396, 47.94894198], [106.90107476, 47.94893826], [106.90107537, 47.94893453], [106.90107578, 47.94893079], [106.901076, 47.94892704], [106.90107602, 47.94892329], [106.90107585, 47.94891953], [106.90107549, 47.94891579], [106.90107493, 47.94891205], [106.90107418, 47.94890833], [106.90107324, 47.94890463], [106.90107211, 47.94890096], [106.90107079, 47.94889731], [106.90106928, 47.9488937], [106.90106758, 47.94889012], [106.9010657, 47.94888659], [106.90106364, 47.9488831], [106.9010614, 47.94887966], [106.90105898, 47.94887628], [106.90105639, 47.94887295], [106.90105362, 47.94886969], [106.90105069, 47.94886649], [106.9010476, 47.94886336], [106.90104435, 47.94886031], [106.90104094, 47.94885734], [106.90103738, 47.94885445], [106.90103367, 47.94885164], [106.90102982, 47.94884892], [106.90102583, 47.94884629], [106.9010217, 47.94884376], [106.90101745, 47.94884132], [106.90101308, 47.94883899], [106.90100858, 47.94883676], [106.90100398, 47.94883464], [106.90099926, 47.94883262], [106.90099445, 47.94883072], [106.90098954, 47.94882893], [106.90098454, 47.94882725], [106.90097945, 47.9488257], [106.90097429, 47.94882426], [106.90096906, 47.94882294], [106.90060956, 47.94873732], [106.89928679, 47.94862295], [106.89928124, 47.94862253], [106.89927567, 47.94862225], [106.89927008, 47.9486221], [106.8992645, 47.94862207], [106.89925891, 47.94862218], [106.89925334, 47.94862242], [106.89924778, 47.94862278], [106.89924224, 47.94862328], [106.89923673, 47.94862391], [106.89923125, 47.94862466], [106.89922582, 47.94862554], [106.89922044, 47.94862655], [106.89921511, 47.94862769], [106.89920985, 47.94862894], [106.89920465, 47.94863032], [106.89919953, 47.94863182], [106.89919449, 47.94863344], [106.89918953, 47.94863518], [106.89918467, 47.94863703], [106.89917991, 47.94863899], [106.89917525, 47.94864106], [106.8991707, 47.94864324], [106.89916627, 47.94864553], [106.89916196, 47.94864792], [106.89915777, 47.9486504], [106.89915372, 47.94865298], [106.8991498, 47.94865566], [106.89914602, 47.94865843], [106.89914239, 47.94866128], [106.89913891, 47.94866422], [106.89913558, 47.94866723], [106.89913241, 47.94867032], [106.8991294, 47.94867349], [106.89912656, 47.94867672], [106.89911402, 47.94869098], [106.89910076, 47.94870494], [106.8990868, 47.94871858], [106.89907214, 47.9487319], [106.89905681, 47.94874486], [106.89904083, 47.94875747], [106.8990242, 47.9487697], [106.89900697, 47.94878154], [106.89898913, 47.94879297], [106.89897072, 47.94880398], [106.89895176, 47.94881456], [106.89893227, 47.9488247], [106.89891227, 47.94883438], [106.89889178, 47.94884359], [106.89887084, 47.94885232], [106.89884946, 47.94886057], [106.89882767, 47.94886831], [106.8988055, 47.94887555], [106.89878297, 47.94888227], [106.89876011, 47.94888846], [106.89873695, 47.94889413], [106.89871351, 47.94889925], [106.89868982, 47.94890383], [106.89866591, 47.94890786], [106.89864181, 47.94891133], [106.89861754, 47.94891425], [106.89859314, 47.9489166], [106.89856864, 47.94891838], [106.89854405, 47.9489196], [106.89851942, 47.94892025], [106.89849477, 47.94892033], [106.89847013, 47.94891984], [106.89844553, 47.94891879], [106.898421, 47.94891716], [106.89839657, 47.94891497], [106.89837227, 47.94891221], [106.89834811, 47.94890889], [106.89832415, 47.94890502], [106.89830039, 47.9489006], [106.89827688, 47.94889562], [106.89747229, 47.94871524], [106.89746698, 47.94871412], [106.89746161, 47.94871312], [106.8974562, 47.94871225], [106.89745075, 47.9487115], [106.89744526, 47.94871088], [106.89743974, 47.94871039], [106.8974342, 47.94871003], [106.89742865, 47.9487098], [106.89742308, 47.94870969], [106.89741752, 47.94870972], [106.89741196, 47.94870988], [106.89740641, 47.94871016], [106.89740088, 47.94871057], [106.89739537, 47.94871112], [106.89738989, 47.94871179], [106.89738445, 47.94871258], [106.89737906, 47.94871351], [106.89737372, 47.94871456], [106.89736843, 47.94871573], [106.89736321, 47.94871702], [106.89735806, 47.94871844], [106.89735298, 47.94871997], [106.89734799, 47.94872162], [106.89734308, 47.94872339], [106.89733827, 47.94872527], [106.89733356, 47.94872726], [106.89732896, 47.94872936], [106.89732446, 47.94873156], [106.89732008, 47.94873387], [106.89731582, 47.94873628], [106.89731169, 47.94873878], [106.89730769, 47.94874138], [106.89730383, 47.94874408], [106.89730011, 47.94874686], [106.89729653, 47.94874972], [106.89729311, 47.94875267], [106.89728984, 47.94875569], [106.89707776, 47.94895906], [106.8970721, 47.94896348], [106.8969254, 47.94888494], [106.89692962, 47.94888165], [106.89713369, 47.94868596], [106.89724664, 47.94855381], [106.89725572, 47.94854278], [106.89726426, 47.94853155], [106.89727225, 47.94852014], [106.89727968, 47.94850856], [106.89728655, 47.94849683], [106.89729284, 47.94848495], [106.89729855, 47.94847294], [106.89730368, 47.94846081], [106.89730822, 47.94844858], [106.89731216, 47.94843625], [106.8973155, 47.94842384], [106.89731824, 47.94841137], [106.89732037, 47.94839884], [106.89734947, 47.94819886], [106.89735234, 47.94818204], [106.89735603, 47.94816529], [106.89736054, 47.94814864], [106.89736587, 47.94813209], [106.89737201, 47.94811567], [106.89737895, 47.9480994], [106.89738668, 47.94808329], [106.89739521, 47.94806736], [106.89740451, 47.94805163], [106.89741458, 47.94803611], [106.89742541, 47.94802083], [106.89743698, 47.94800579], [106.89744928, 47.94799102], [106.89751196, 47.94791861], [106.89776976, 47.9476217], [106.89793807, 47.94742105], [106.89810599, 47.94723897], [106.89811977, 47.94722458], [106.89813424, 47.9472105], [106.89814941, 47.94719676], [106.89816526, 47.94718337], [106.89818176, 47.94717033], [106.89819889, 47.94715768], [106.89821665, 47.94714542], [106.89823501, 47.94713356], [106.89825394, 47.94712212], [106.89850889, 47.94697317], [106.89885386, 47.94679489], [106.89944719, 47.94648899], [106.90003052, 47.94620818], [106.90056729, 47.94595293], [106.90095213, 47.94578173], [106.90173562, 47.94549125], [106.90176391, 47.94547982], [106.90178048, 47.94547287], [106.90179668, 47.94546554], [106.90181251, 47.94545785], [106.90182794, 47.9454498], [106.90184296, 47.9454414], [106.90185754, 47.94543266], [106.90187167, 47.9454236], [106.90188534, 47.94541422], [106.90189852, 47.94540454], [106.90191121, 47.94539456], [106.90192339, 47.9453843], [106.90193504, 47.94537376], [106.90194615, 47.94536297], [106.90195671, 47.94535193], [106.90196671, 47.94534065], [106.90197614, 47.94532915], [106.90198497, 47.94531745], [106.90203395, 47.94524975], [106.90215903, 47.94506209], [106.90215958, 47.94506123], [106.90216009, 47.94506035], [106.90216054, 47.94505947], [106.90216096, 47.94505857], [106.90216132, 47.94505766], [106.90216164, 47.94505675], [106.90216191, 47.94505583], [106.90216213, 47.9450549], [106.90216231, 47.94505397], [106.90216243, 47.94505303], [106.90216251, 47.94505209], [106.90216254, 47.94505115], [106.90216252, 47.94505021], [106.90216245, 47.94504928], [106.90216234, 47.94504834], [106.90216217, 47.94504741], [106.90216196, 47.94504648], [106.9021617, 47.94504556], [106.90216139, 47.94504464], [106.90216103, 47.94504373], [106.90216063, 47.94504283], [106.90216018, 47.94504194], [106.90215968, 47.94504107], [106.90215914, 47.9450402], [106.90215856, 47.94503935], [106.90215793, 47.94503851], [106.90215726, 47.94503768], [106.90215654, 47.94503688], [106.90215579, 47.94503609], [106.90215499, 47.94503531], [106.90215415, 47.94503456], [106.90215328, 47.94503383], [106.90215237, 47.94503312], [106.90215142, 47.94503243], [106.90215044, 47.94503176], [106.90214225, 47.94502619], [106.90213435, 47.94502044], [106.90212675, 47.9450145], [106.90211947, 47.9450084], [106.90211251, 47.94500212], [106.90210588, 47.94499569], [106.90209958, 47.9449891], [106.90209363, 47.94498237], [106.90208803, 47.94497551], [106.90208279, 47.94496852], [106.90207792, 47.94496141], [106.90207341, 47.94495419], [106.90206929, 47.94494687], [106.90206554, 47.94493946], [106.90206218, 47.94493197], [106.90205921, 47.9449244], [106.90205664, 47.94491677], [106.90205446, 47.94490908], [106.90205268, 47.94490134], [106.9020513, 47.94489357], [106.90205033, 47.94488577], [106.90204976, 47.94487795], [106.9020496, 47.94487013], [106.90204984, 47.9448623], [106.90205048, 47.94485449], [106.90205153, 47.94484669], [106.90205299, 47.94483893], [106.90205484, 47.9448312], [106.9020571, 47.94482352], [106.90205975, 47.9448159], [106.90206279, 47.94480835], [106.90206623, 47.94480087], [106.90207005, 47.94479347], [106.90207425, 47.94478617], [106.90207475, 47.94478531], [106.9020752, 47.94478443], [106.90207561, 47.94478354], [106.90207597, 47.94478264], [106.90207629, 47.94478174], [106.90207656, 47.94478083], [106.90207678, 47.94477991], [106.90207696, 47.94477899], [106.90207709, 47.94477806], [106.90207717, 47.94477713], [106.9020772, 47.9447762], [106.90207719, 47.94477528], [106.90207713, 47.94477435], [106.90207702, 47.94477342], [106.90207686, 47.9447725], [106.90207666, 47.94477158], [106.90207641, 47.94477066], [106.90207611, 47.94476976], [106.90207577, 47.94476886], [106.90207538, 47.94476796], [106.90207494, 47.94476708], [106.90207446, 47.94476621], [106.90207394, 47.94476535], [106.90207337, 47.9447645], [106.90207276, 47.94476367], [106.90207211, 47.94476285], [106.90207141, 47.94476205], [106.90207067, 47.94476126], [106.9020699, 47.94476049], [106.90206908, 47.94475974], [106.90206823, 47.94475901], [106.90206734, 47.94475829], [106.90206641, 47.9447576], [106.90206545, 47.94475694], [106.90206446, 47.94475629], [106.90149957, 47.94440171], [106.90140319, 47.94434274], [106.90157928, 47.94428016], [106.90162666, 47.94430914], [106.90219241, 47.94466427], [106.90219344, 47.94466489], [106.9021945, 47.94466549], [106.90219559, 47.94466606], [106.90219671, 47.94466661], [106.90219785, 47.94466713], [106.90219902, 47.94466763], [106.90220022, 47.9446681], [106.90220143, 47.94466854], [106.90220267, 47.94466895], [106.90220394, 47.94466933], [106.90220522, 47.94466968], [106.90220651, 47.94467001], [106.90220783, 47.9446703], [106.90220915, 47.94467056], [106.90221049, 47.94467079], [106.90221184, 47.944671], [106.9022132, 47.94467116], [106.90221457, 47.9446713], [106.90221595, 47.94467141], [106.90221732, 47.94467148], [106.90221871, 47.94467152], [106.90222009, 47.94467153], [106.90222147, 47.94467151], [106.90222285, 47.94467146], [106.90222423, 47.94467137], [106.9022256, 47.94467126], [106.90222697, 47.94467111], [106.90222833, 47.94467092], [106.90222967, 47.94467071], [106.90223101, 47.94467047], [106.90223233, 47.9446702], [106.90223364, 47.94466989], [106.90223493, 47.94466956], [106.9022362, 47.94466919], [106.90223745, 47.9446688], [106.90224807, 47.94466547], [106.90225885, 47.94466239], [106.90226978, 47.94465957], [106.90228085, 47.94465701], [106.90229205, 47.94465471], [106.90230337, 47.94465267], [106.90231478, 47.94465091], [106.90232628, 47.94464941], [106.90233785, 47.94464818], [106.90234947, 47.94464722], [106.90236114, 47.94464654], [106.90237284, 47.94464613], [106.90238455, 47.944646], [106.90239626, 47.94464615], [106.90239762, 47.94464616], [106.90239899, 47.94464615], [106.90240036, 47.9446461], [106.90240172, 47.94464603], [106.90240308, 47.94464592], [106.90240443, 47.94464578], [106.90240578, 47.94464561], [106.90240711, 47.94464541], [106.90240844, 47.94464518], [106.90240975, 47.94464492], [106.90241104, 47.94464463], [106.90241233, 47.94464431], [106.90241359, 47.94464396], [106.90241484, 47.94464358], [106.90241607, 47.94464317], [106.90241727, 47.94464274], [106.90241845, 47.94464228], [106.90241961, 47.94464179], [106.90242075, 47.94464127], [106.90242185, 47.94464073], [106.90242293, 47.94464017], [106.90242398, 47.94463958], [106.902425, 47.94463897], [106.90242599, 47.94463833], [106.90242694, 47.94463767], [106.90242786, 47.94463699], [106.90242875, 47.94463629], [106.9024296, 47.94463557], [106.90243041, 47.94463483], [106.90243118, 47.94463407], [106.90243192, 47.9446333], [106.90243261, 47.94463251], [106.90243327, 47.9446317], [106.90243388, 47.94463088], [106.90243446, 47.94463004], [106.90252043, 47.94449874], [106.90269174, 47.94423192], [106.90287063, 47.94427123], [106.90269227, 47.94454903], [106.90260747, 47.94467854], [106.90260693, 47.94467941], [106.90260643, 47.94468029], [106.90260598, 47.94468119], [106.90260557, 47.94468209], [106.90260522, 47.94468301], [106.90260491, 47.94468393], [106.90260465, 47.94468485], [106.90260443, 47.94468579], [106.90260427, 47.94468673], [106.90260415, 47.94468767], [106.90260409, 47.94468861], [106.90260407, 47.94468956], [106.9026041, 47.9446905], [106.90260419, 47.94469144], [106.90260432, 47.94469238], [106.9026045, 47.94469332], [106.90260472, 47.94469425], [106.902605, 47.94469518], [106.90260533, 47.9446961], [106.9026057, 47.94469701], [106.90260612, 47.94469791], [106.90260658, 47.9446988], [106.9026071, 47.94469968], [106.90260765, 47.94470055], [106.90260826, 47.9447014], [106.9026089, 47.94470224], [106.9026096, 47.94470306], [106.90261033, 47.94470387], [106.9026111, 47.94470466], [106.90261192, 47.94470543], [106.90261277, 47.94470618], [106.90261366, 47.94470691], [106.90261459, 47.94470761], [106.90261556, 47.9447083], [106.90262425, 47.94471427], [106.90263263, 47.94472044], [106.90264069, 47.9447268], [106.90264841, 47.94473334], [106.90265579, 47.94474006], [106.90266282, 47.94474695], [106.90266948, 47.944754], [106.90267578, 47.9447612], [106.90268171, 47.94476854], [106.90268725, 47.94477602], [106.9026924, 47.94478362], [106.90269716, 47.94479133], [106.90270151, 47.94479915], [106.90270184, 47.94479999], [106.9027022, 47.94480081], [106.90270261, 47.94480163], [106.90270305, 47.94480243], [106.90270354, 47.94480323], [106.90270407, 47.94480401], [106.90270464, 47.94480478], [106.90270525, 47.94480554], [106.9027059, 47.94480628], [106.90270658, 47.94480701], [106.9027073, 47.94480772], [106.90270806, 47.94480841], [106.90270885, 47.94480909], [106.90270968, 47.94480974], [106.90271054, 47.94481038], [106.90271143, 47.944811], [106.90271235, 47.94481159], [106.9027133, 47.94481217], [106.90271429, 47.94481272], [106.90271529, 47.94481325], [106.90271633, 47.94481376], [106.90271739, 47.94481424], [106.90271848, 47.94481469], [106.90271958, 47.94481512], [106.90272071, 47.94481553], [106.90272186, 47.94481591], [106.90272303, 47.94481626], [106.90272422, 47.94481659], [106.90272542, 47.94481688], [106.90272663, 47.94481715], [106.90272786, 47.94481739], [106.9027291, 47.94481761], [106.90273036, 47.94481779], [106.90273161, 47.94481794], [106.90273288, 47.94481807], [106.90273415, 47.94481816], [106.90273543, 47.94481823], [106.90273671, 47.94481827], [106.90273799, 47.94481827], [106.90273927, 47.94481825], [106.90274055, 47.9448182], [106.90274182, 47.94481812], [106.90274309, 47.94481801], [106.90274435, 47.94481787], [106.90274561, 47.9448177], [106.90274686, 47.9448175], [106.90274809, 47.94481727], [106.90274931, 47.94481702], [106.90275052, 47.94481673], [106.90275172, 47.94481642], [106.90275289, 47.94481608], [106.90275405, 47.94481572], [106.90296071, 47.94476209], [106.90324222, 47.94466483], [106.90357145, 47.9445467], [106.90361348, 47.944603], [106.90328572, 47.9447206], [106.90299913, 47.94481962], [106.90273963, 47.94488696], [106.90273834, 47.94488731], [106.90273707, 47.94488769], [106.90273582, 47.9448881], [106.9027346, 47.94488854], [106.9027334, 47.94488901], [106.90273222, 47.9448895], [106.90273107, 47.94489002], [106.90272994, 47.94489057], [106.90272885, 47.94489115], [106.90272778, 47.94489175], [106.90272675, 47.94489237], [106.90272575, 47.94489302], [106.90272478, 47.94489369], [106.90272385, 47.94489438], [106.90272295, 47.94489509], [106.90272209, 47.94489583], [106.90272127, 47.94489658], [106.90272049, 47.94489735], [106.90271975, 47.94489814], [106.90271905, 47.94489895], [106.9027184, 47.94489977], [106.90271778, 47.94490061], [106.90271721, 47.94490146], [106.90271668, 47.94490232], [106.9027162, 47.9449032], [106.90271576, 47.94490408], [106.90271537, 47.94490498], [106.90271503, 47.94490588], [106.90271473, 47.94490679], [106.90271448, 47.94490771], [106.90271257, 47.94491472], [106.90271034, 47.94492168], [106.90270779, 47.94492859], [106.90270491, 47.94493544], [106.9027017, 47.94494223], [106.90269818, 47.94494894], [106.90269434, 47.94495558], [106.90269385, 47.94495645], [106.90269339, 47.94495733], [106.90269298, 47.94495822], [106.90269262, 47.94495911], [106.9026923, 47.94496002], [106.90269203, 47.94496093], [106.90269181, 47.94496185], [106.90269163, 47.94496277], [106.9026915, 47.94496369], [106.90269142, 47.94496462], [106.90269139, 47.94496555], [106.9026914, 47.94496648], [106.90269146, 47.94496741], [106.90269157, 47.94496833], [106.90269173, 47.94496926], [106.90269193, 47.94497018], [106.90269218, 47.94497109], [106.90269248, 47.944972], [106.90269282, 47.9449729], [106.90269321, 47.94497379], [106.90269365, 47.94497467], [106.90269413, 47.94497555], [106.90269465, 47.94497641], [106.90269522, 47.94497725], [106.90269583, 47.94497809], [106.90269649, 47.94497891], [106.90269718, 47.94497971], [106.90269792, 47.9449805], [106.90269869, 47.94498127], [106.90269951, 47.94498202], [106.90270036, 47.94498275], [106.90270125, 47.94498346], [106.90270218, 47.94498415], [106.90270314, 47.94498482], [106.90270413, 47.94498547], [106.90353339, 47.94550597], [106.90358605, 47.9455402], [106.9036369, 47.94557563], [106.90368589, 47.94561224], [106.90373294, 47.94564997], [106.90377801, 47.94568878], [106.90382104, 47.94572862], [106.90386197, 47.94576945], [106.90390076, 47.94581121], [106.90393736, 47.94585385], [106.90411511, 47.94606952], [106.90411791, 47.94607278], [106.90412087, 47.94607597], [106.904124, 47.94607909], [106.90412729, 47.94608214], [106.90413073, 47.94608511], [106.90413433, 47.94608799], [106.90413807, 47.94609079], [106.90414196, 47.9460935], [106.90414598, 47.94609611], [106.90415014, 47.94609863], [106.90415443, 47.94610105], [106.90415884, 47.94610337], [106.90416336, 47.94610559], [106.904168, 47.94610769], [106.90417275, 47.94610969], [106.90417759, 47.94611158], [106.90418253, 47.94611335], [106.90418756, 47.946115], [106.90419268, 47.94611654], [106.90419787, 47.94611795], [106.90420312, 47.94611924], [106.90420845, 47.94612041], [106.90421383, 47.94612145], [106.90421926, 47.94612237], [106.90422473, 47.94612316], [106.90423025, 47.94612382], [106.90423579, 47.94612435], [106.90424136, 47.94612475], [106.90424694, 47.94612502], [106.90425254, 47.94612516], [106.90425814, 47.94612516], [106.90426374, 47.94612504], [106.90426932, 47.94612479], [106.90427489, 47.9461244], [106.90428044, 47.94612388], [106.90428596, 47.94612324], [106.90429144, 47.94612247], [106.90429687, 47.94612156], [106.90430226, 47.94612054], [106.90430759, 47.94611938], [106.90431286, 47.94611811], [106.90431805, 47.9461167], [106.90432317, 47.94611518], [106.90432821, 47.94611354], [106.90433317, 47.94611179], [106.90433802, 47.94610991], [106.90434278, 47.94610793], [106.90434743, 47.94610583], [106.90435197, 47.94610363], [106.90435639, 47.94610132], [106.90466129, 47.94593646], [106.90470663, 47.94599277], [106.90435899, 47.94618075], [106.90435468, 47.94618316], [106.90435049, 47.94618568], [106.90434644, 47.9461883], [106.90434252, 47.946191], [106.90433875, 47.9461938], [106.90433513, 47.94619669], [106.90433166, 47.94619965], [106.90432835, 47.9462027], [106.90432519, 47.94620583], [106.9043222, 47.94620902], [106.90431938, 47.94621229], [106.90431674, 47.94621562], [106.90431426, 47.946219], [106.90431197, 47.94622245], [106.90430985, 47.94622595], [106.90430792, 47.94622949], [106.90430617, 47.94623308], [106.90430461, 47.9462367], [106.90430324, 47.94624037], [106.90430207, 47.94624406], [106.90430108, 47.94624777], [106.90430029, 47.94625151], [106.90429969, 47.94625526], [106.90429929, 47.94625903], [106.90429909, 47.9462628], [106.90429908, 47.94626657], [106.90429927, 47.94627035], [106.90429966, 47.94627411], [106.90430024, 47.94627787], [106.90430101, 47.9462816], [106.90430198, 47.94628532], [106.90430314, 47.94628901], [106.9043045, 47.94629268], [106.90430604, 47.94629631], [106.90430777, 47.9462999], [106.90430969, 47.94630345], [106.90431179, 47.94630695], [106.90431407, 47.9463104], [106.90431653, 47.94631379], [106.90431917, 47.94631712], [106.90463198, 47.94669667], [106.90448507, 47.94677838], [106.90418672, 47.94641639], [106.90418487, 47.94641423], [106.90418291, 47.94641211], [106.90418084, 47.94641005], [106.90417867, 47.94640803], [106.90417639, 47.94640606], [106.90417401, 47.94640415], [106.90417154, 47.9464023], [106.90416897, 47.9464005], [106.90416631, 47.94639877], [106.90416356, 47.94639709], [106.90416073, 47.94639549], [106.90415782, 47.94639394], [106.90415483, 47.94639247], [106.90415176, 47.94639107], [106.90414863, 47.94638974], [106.90414542, 47.94638848], [106.90414216, 47.9463873], [106.90413884, 47.9463862], [106.90413546, 47.94638517], [106.90413203, 47.94638423], [106.90412855, 47.94638336], [106.90412504, 47.94638257], [106.90412148, 47.94638187], [106.90411789, 47.94638125], [106.90411427, 47.94638071], [106.90411062, 47.94638026], [106.90410695, 47.94637989], [106.90410327, 47.94637961], [106.90409957, 47.94637942], [106.90409587, 47.94637931], [106.90409216, 47.94637929], [106.90408846, 47.94637935], [106.90408476, 47.9463795], [106.90408106, 47.94637973], [106.90407739, 47.94638005], [106.90407373, 47.94638046], [106.9040701, 47.94638095], [106.90406649, 47.94638153], [106.90406291, 47.94638219], [106.90405937, 47.94638293], [106.90405587, 47.94638375], [106.90405242, 47.94638465], [106.90404901, 47.94638564], [106.90404566, 47.9463867], [106.90404236, 47.94638784], [106.90403913, 47.94638906], [106.90403596, 47.94639035], [106.90403285, 47.94639171], [106.90402982, 47.94639315], [106.90402687, 47.94639465], [106.90402399, 47.94639622], [106.9040212, 47.94639786], [106.90401849, 47.94639956], [106.9034538, 47.94676714], [106.90344984, 47.9467698], [106.90344602, 47.94677257], [106.90344235, 47.94677541], [106.90343883, 47.94677835], [106.90343546, 47.94678136], [106.90343225, 47.94678445], [106.9034292, 47.94678761], [106.90342632, 47.94679085], [106.90342361, 47.94679415], [106.90342107, 47.94679751], [106.90341871, 47.94680093], [106.90341653, 47.9468044], [106.90341453, 47.94680792], [106.90341271, 47.94681148], [106.90341108, 47.94681509], [106.90340964, 47.94681873], [106.90340838, 47.94682241], [106.90340732, 47.94682611], [106.90340646, 47.94682983], [106.90340578, 47.94683357], [106.9034053, 47.94683733], [106.90340502, 47.94684109], [106.90340493, 47.94684486], [106.90340504, 47.94684863], [106.90340535, 47.94685239], [106.90340584, 47.94685614], [106.90340654, 47.94685988], [106.90340743, 47.9468636], [106.90340851, 47.9468673], [106.90340978, 47.94687097], [106.90341124, 47.94687461], [106.90341289, 47.94687821], [106.90341473, 47.94688177], [106.90341675, 47.94688529], [106.90341895, 47.94688876], [106.90342133, 47.94689217], [106.90342389, 47.94689552], [106.90380744, 47.94737784], [106.90397227, 47.94762392], [106.90432538, 47.94832639], [106.90462917, 47.94880114], [106.90483065, 47.94919452]], [[106.90258386, 47.94485581], [106.90258114, 47.94484418], [106.90257693, 47.94483275], [106.90257125, 47.94482162], [106.90256415, 47.94481086], [106.90255568, 47.94480055], [106.90254591, 47.94479079], [106.9025349, 47.94478163], [106.90252275, 47.94477315], [106.90250955, 47.94476541], [106.90249539, 47.94475848], [106.90248039, 47.9447524], [106.90246465, 47.94474723], [106.90244831, 47.94474299], [106.90243147, 47.94473973], [106.90241428, 47.94473746], [106.90239686, 47.94473622], [106.90237934, 47.94473599], [106.90236187, 47.9447368], [106.90234456, 47.94473862], [106.90232755, 47.94474145], [106.90231098, 47.94474527], [106.90229496, 47.94475004], [106.90227963, 47.94475573], [106.90226509, 47.94476229], [106.90225146, 47.94476969], [106.90223884, 47.94477785], [106.90222732, 47.94478672], [106.902217, 47.94479624], [106.90220796, 47.94480632], [106.90220025, 47.94481689], [106.90219395, 47.94482787], [106.90218909, 47.94483918], [106.90218573, 47.94485073], [106.90218387, 47.94486244], [106.90218354, 47.9448742], [106.90218473, 47.94488595], [106.90218744, 47.94489758], [106.90219166, 47.944909], [106.90219734, 47.94492014], [106.90220444, 47.9449309], [106.90221291, 47.9449412], [106.90222268, 47.94495097], [106.90223369, 47.94496013], [106.90224584, 47.94496861], [106.90225904, 47.94497634], [106.9022732, 47.94498328], [106.9022882, 47.94498935], [106.90230394, 47.94499453], [106.90232028, 47.94499877], [106.90233712, 47.94500203], [106.90235431, 47.94500429], [106.90237173, 47.94500554], [106.90238925, 47.94500576], [106.90240672, 47.94500496], [106.90242403, 47.94500314], [106.90244104, 47.94500031], [106.90245761, 47.94499649], [106.90247363, 47.94499172], [106.90248896, 47.94498603], [106.9025035, 47.94497946], [106.90251713, 47.94497207], [106.90252975, 47.9449639], [106.90254127, 47.94495503], [106.90255159, 47.94494552], [106.90256063, 47.94493544], [106.90256834, 47.94492487], [106.90257464, 47.94491389], [106.9025795, 47.94490258], [106.90258286, 47.94489102], [106.90258472, 47.94487932], [106.90258505, 47.94486755], [106.90258386, 47.94485581]], [[106.90374005, 47.94587601], [106.90370472, 47.94583798], [106.90366743, 47.94580079], [106.90362824, 47.9457645], [106.90358719, 47.94572915], [106.90354433, 47.94569479], [106.90349972, 47.94566144], [106.9034534, 47.94562917], [106.90340544, 47.94559799], [106.90257618, 47.94507749], [106.90257515, 47.94507686], [106.90257409, 47.94507627], [106.902573, 47.94507569], [106.90257189, 47.94507514], [106.90257074, 47.94507462], [106.90256957, 47.94507413], [106.90256838, 47.94507366], [106.90256716, 47.94507322], [106.90256592, 47.94507281], [106.90256466, 47.94507242], [106.90256338, 47.94507207], [106.90256208, 47.94507175], [106.90256077, 47.94507146], [106.90255944, 47.94507119], [106.9025581, 47.94507096], [106.90255675, 47.94507076], [106.90255539, 47.94507059], [106.90255402, 47.94507045], [106.90255265, 47.94507035], [106.90255127, 47.94507027], [106.90254988, 47.94507023], [106.9025485, 47.94507022], [106.90254712, 47.94507024], [106.90254574, 47.9450703], [106.90254436, 47.94507038], [106.90254299, 47.9450705], [106.90254162, 47.94507065], [106.90254027, 47.94507083], [106.90253892, 47.94507104], [106.90253758, 47.94507129], [106.90253626, 47.94507156], [106.90253495, 47.94507186], [106.90253366, 47.9450722], [106.90253239, 47.94507256], [106.90253114, 47.94507296], [106.90252109, 47.94507612], [106.90251089, 47.94507905], [106.90250055, 47.94508175], [106.90249008, 47.94508423], [106.9024795, 47.94508647], [106.90246881, 47.94508847], [106.90245803, 47.94509023], [106.90244717, 47.94509175], [106.90243623, 47.94509303], [106.90242525, 47.94509406], [106.90241421, 47.94509485], [106.90240315, 47.9450954], [106.90239206, 47.94509569], [106.90238097, 47.94509574], [106.90236987, 47.94509555], [106.90236851, 47.94509552], [106.90236714, 47.94509553], [106.90236577, 47.94509557], [106.9023644, 47.94509564], [106.90236304, 47.94509574], [106.90236169, 47.94509587], [106.90236034, 47.94509603], [106.902359, 47.94509623], [106.90235768, 47.94509645], [106.90235636, 47.94509671], [106.90235506, 47.94509699], [106.90235377, 47.94509731], [106.9023525, 47.94509765], [106.90235125, 47.94509802], [106.90235002, 47.94509842], [106.90234881, 47.94509885], [106.90234762, 47.94509931], [106.90234646, 47.94509979], [106.90234532, 47.9451003], [106.9023442, 47.94510084], [106.90234312, 47.9451014], [106.90234206, 47.94510198], [106.90234104, 47.94510259], [106.90234004, 47.94510322], [106.90233908, 47.94510388], [106.90233815, 47.94510455], [106.90233726, 47.94510525], [106.9023364, 47.94510597], [106.90233558, 47.9451067], [106.9023348, 47.94510746], [106.90233406, 47.94510823], [106.90233335, 47.94510902], [106.90233269, 47.94510982], [106.90233207, 47.94511064], [106.90233149, 47.94511148], [106.90220381, 47.94530303], [106.90215355, 47.9453725], [106.90214187, 47.94538797], [106.90212942, 47.94540317], [106.9021162, 47.94541808], [106.90210225, 47.94543268], [106.90208757, 47.94544695], [106.90207218, 47.94546088], [106.90205609, 47.94547446], [106.90203933, 47.94548766], [106.90202192, 47.94550047], [106.90200387, 47.94551288], [106.90199996, 47.94551557], [106.9019962, 47.94551834], [106.90199258, 47.94552121], [106.90198911, 47.94552416], [106.90198579, 47.94552719], [106.90198264, 47.94553029], [106.90197964, 47.94553346], [106.90197682, 47.94553671], [106.90197416, 47.94554002], [106.90197168, 47.94554338], [106.90196937, 47.94554681], [106.90196724, 47.94555028], [106.90196529, 47.94555381], [106.90196353, 47.94555737], [106.90196195, 47.94556098], [106.90196056, 47.94556462], [106.90195936, 47.94556829], [106.90195835, 47.94557199], [106.90195753, 47.9455757], [106.90195691, 47.94557944], [106.90195648, 47.94558319], [106.90195624, 47.94558694], [106.9019562, 47.9455907], [106.90195635, 47.94559446], [106.9019567, 47.94559821], [106.90195725, 47.94560195], [106.90195798, 47.94560567], [106.90195891, 47.94560938], [106.90196003, 47.94561306], [106.90196134, 47.94561672], [106.90196284, 47.94562034], [106.90196452, 47.94562392], [106.90196639, 47.94562746], [106.90201226, 47.94570978], [106.90202854, 47.94573753], [106.90204623, 47.94576489], [106.90206531, 47.94579183], [106.90208575, 47.94581831], [106.90210754, 47.9458443], [106.90213064, 47.94586977], [106.90215504, 47.9458947], [106.90218069, 47.94591905], [106.90220757, 47.94594279], [106.90223565, 47.94596589], [106.9022649, 47.94598834], [106.90229528, 47.94601009], [106.90312943, 47.94658729], [106.90315401, 47.94660486], [106.90317774, 47.94662295], [106.9032006, 47.94664154], [106.90322255, 47.94666061], [106.90322597, 47.94666357], [106.90322953, 47.94666644], [106.90323324, 47.94666923], [106.90323709, 47.94667193], [106.90324107, 47.94667454], [106.90324519, 47.94667706], [106.90324944, 47.94667948], [106.90325381, 47.9466818], [106.90325829, 47.94668402], [106.90326289, 47.94668613], [106.90326759, 47.94668813], [106.9032724, 47.94669002], [106.9032773, 47.9466918], [106.90328228, 47.94669346], [106.90328735, 47.946695], [106.9032925, 47.94669643], [106.90329772, 47.94669774], [106.903303, 47.94669892], [106.90330834, 47.94669998], [106.90331373, 47.94670092], [106.90331916, 47.94670173], [106.90332464, 47.94670241], [106.90333014, 47.94670296], [106.90333567, 47.94670339], [106.90334122, 47.94670369], [106.90334679, 47.94670385], [106.90335235, 47.94670389], [106.90335792, 47.9467038], [106.90336348, 47.94670358], [106.90336902, 47.94670323], [106.90337454, 47.94670275], [106.90338004, 47.94670214], [106.90338549, 47.94670141], [106.90339091, 47.94670055], [106.90339628, 47.94669956], [106.9034016, 47.94669845], [106.90340685, 47.94669721], [106.90341204, 47.94669586], [106.90341716, 47.94669438], [106.9034222, 47.94669279], [106.90342715, 47.94669108], [106.90343201, 47.94668925], [106.90343677, 47.94668731], [106.90344143, 47.94668527], [106.90344598, 47.94668311], [106.90345042, 47.94668085], [106.90345474, 47.94667849], [106.90345893, 47.94667603], [106.903463, 47.94667348], [106.90398359, 47.94633461], [106.90398749, 47.94633198], [106.90399125, 47.94632927], [106.90399488, 47.94632646], [106.90399836, 47.94632358], [106.90400168, 47.94632062], [106.90400486, 47.94631758], [106.90400787, 47.94631447], [106.90401073, 47.94631129], [106.90401342, 47.94630805], [106.90401595, 47.94630475], [106.9040183, 47.94630139], [106.90402048, 47.94629798], [106.90402249, 47.94629452], [106.90402431, 47.94629101], [106.90402596, 47.94628747], [106.90402742, 47.94628389], [106.9040287, 47.94628028], [106.9040298, 47.94627664], [106.9040307, 47.94627298], [106.90403142, 47.9462693], [106.90403195, 47.9462656], [106.90403229, 47.9462619], [106.90403245, 47.94625819], [106.90403241, 47.94625448], [106.90403218, 47.94625077], [106.90403176, 47.94624707], [106.90403115, 47.94624338], [106.90403036, 47.9462397], [106.90402937, 47.94623605], [106.9040282, 47.94623242], [106.90402685, 47.94622882], [106.90402531, 47.94622526], [106.90402359, 47.94622173], [106.90402169, 47.94621825], [106.90401961, 47.94621481], [106.90401736, 47.94621142], [106.90401494, 47.94620808], [106.90401235, 47.9462048], [106.90377339, 47.94591485], [106.90374005, 47.94587601]], [[106.90229287, 47.94622042], [106.90229586, 47.94621726], [106.90229868, 47.94621402], [106.90230134, 47.94621073], [106.90230382, 47.94620738], [106.90230613, 47.94620396], [106.90230827, 47.9462005], [106.90231022, 47.94619699], [106.90231199, 47.94619344], [106.90231357, 47.94618985], [106.90231497, 47.94618622], [106.90231618, 47.94618256], [106.9023172, 47.94617888], [106.90231803, 47.94617517], [106.90231867, 47.94617145], [106.90231911, 47.94616772], [106.90231936, 47.94616397], [106.90231942, 47.94616023], [106.90231929, 47.94615648], [106.90231896, 47.94615274], [106.90231844, 47.94614901], [106.90231772, 47.94614529], [106.90231682, 47.9461416], [106.90231572, 47.94613792], [106.90231443, 47.94613428], [106.90231296, 47.94613066], [106.9023113, 47.94612708], [106.90230946, 47.94612355], [106.90230744, 47.94612006], [106.90230523, 47.94611661], [106.90230285, 47.94611323], [106.9023003, 47.94610989], [106.90229758, 47.94610663], [106.90229468, 47.94610342], [106.90229163, 47.94610029], [106.90228841, 47.94609722], [106.90228504, 47.94609424], [106.90228152, 47.94609134], [106.90227785, 47.94608852], [106.90227403, 47.94608578], [106.90222804, 47.94605395], [106.90219546, 47.94603062], [106.90216409, 47.94600655], [106.90213397, 47.94598177], [106.90210514, 47.9459563], [106.90207762, 47.94593019], [106.90205146, 47.94590346], [106.90202668, 47.94587613], [106.90200332, 47.94584826], [106.90198139, 47.94581986], [106.90196093, 47.94579097], [106.90194196, 47.94576162], [106.90192449, 47.94573186], [106.90191268, 47.94571066], [106.90191066, 47.94570721], [106.90190846, 47.94570381], [106.90190609, 47.94570047], [106.90190355, 47.94569718], [106.90190085, 47.94569395], [106.90189798, 47.94569078], [106.90189495, 47.94568769], [106.90189176, 47.94568466], [106.90188842, 47.94568171], [106.90188494, 47.94567884], [106.9018813, 47.94567605], [106.90187753, 47.94567334], [106.90187362, 47.94567073], [106.90186958, 47.94566821], [106.90186542, 47.94566578], [106.90186113, 47.94566345], [106.90185672, 47.94566121], [106.90185221, 47.94565909], [106.90184759, 47.94565706], [106.90184286, 47.94565515], [106.90183805, 47.94565334], [106.90183314, 47.94565165], [106.90182815, 47.94565007], [106.90182308, 47.94564861], [106.90181794, 47.94564727], [106.90181273, 47.94564604], [106.90180747, 47.94564494], [106.90180215, 47.94564395], [106.90179678, 47.94564309], [106.90179138, 47.94564236], [106.90178594, 47.94564175], [106.90178047, 47.94564126], [106.90177498, 47.94564091], [106.90176947, 47.94564068], [106.90176396, 47.94564057], [106.90175844, 47.9456406], [106.90175293, 47.94564075], [106.90174743, 47.94564102], [106.90174195, 47.94564143], [106.90173649, 47.94564196], [106.90173106, 47.94564262], [106.90172566, 47.9456434], [106.90172032, 47.9456443], [106.90171502, 47.94564533], [106.90170977, 47.94564648], [106.90170459, 47.94564775], [106.90169947, 47.94564914], [106.90169443, 47.94565065], [106.90168947, 47.94565227], [106.9016846, 47.945654], [106.90104931, 47.94588954], [106.9006732, 47.94605685], [106.90013245, 47.94631399], [106.90012799, 47.94631619], [106.90012365, 47.94631849], [106.90011942, 47.94632089], [106.90011532, 47.94632339], [106.90011135, 47.94632598], [106.90010752, 47.94632866], [106.90010382, 47.94633142], [106.90010027, 47.94633428], [106.90009687, 47.94633721], [106.90009362, 47.94634022], [106.90009053, 47.9463433], [106.9000876, 47.94634645], [106.90008483, 47.94634967], [106.90008222, 47.94635295], [106.90007979, 47.94635629], [106.90007753, 47.94635968], [106.90007544, 47.94636313], [106.90007353, 47.94636662], [106.9000718, 47.94637015], [106.90007026, 47.94637372], [106.90006889, 47.94637732], [106.90006772, 47.94638095], [106.90006673, 47.94638461], [106.90006592, 47.94638829], [106.90006531, 47.94639198], [106.90006489, 47.94639569], [106.90006466, 47.9463994], [106.90006021, 47.94651927], [106.90005922, 47.94653524], [106.90005745, 47.94655117], [106.90005489, 47.94656706], [106.90005154, 47.94658287], [106.90004742, 47.94659861], [106.90004252, 47.94661425], [106.90003685, 47.94662976], [106.89998151, 47.94677103], [106.89998018, 47.94677468], [106.89997904, 47.94677835], [106.8999781, 47.94678204], [106.89997734, 47.94678575], [106.89997678, 47.94678948], [106.89997641, 47.94679322], [106.89997623, 47.94679697], [106.89997625, 47.94680072], [106.89997646, 47.94680446], [106.89997687, 47.9468082], [106.89997746, 47.94681193], [106.89997825, 47.94681564], [106.89997923, 47.94681933], [106.89998041, 47.94682299], [106.89998177, 47.94682663], [106.89998331, 47.94683023], [106.89998504, 47.94683379], [106.89998696, 47.94683731], [106.89998906, 47.94684079], [106.89999133, 47.94684421], [106.89999378, 47.94684758], [106.8999964, 47.94685089], [106.89999919, 47.94685413], [106.90000215, 47.94685731], [106.90000527, 47.94686042], [106.90000855, 47.94686345], [106.90001198, 47.9468664], [106.90001557, 47.94686928], [106.9000193, 47.94687206], [106.90002317, 47.94687476], [106.90002718, 47.94687737], [106.90003132, 47.94687988], [106.90003559, 47.94688229], [106.90003998, 47.9468846], [106.90004449, 47.94688681], [106.90004911, 47.94688892], [106.90099124, 47.94730176], [106.90099518, 47.94730342], [106.90099921, 47.94730499], [106.90100332, 47.94730647], [106.9010075, 47.94730785], [106.90101175, 47.94730913], [106.90101607, 47.94731031], [106.90102044, 47.94731138], [106.90102486, 47.94731236], [106.90102934, 47.94731323], [106.90103385, 47.947314], [106.90103841, 47.94731466], [106.90104299, 47.94731521], [106.9010476, 47.94731566], [106.90105223, 47.947316], [106.90105688, 47.94731623], [106.90106153, 47.94731635], [106.90106619, 47.94731636], [106.90107084, 47.94731626], [106.90107549, 47.94731606], [106.90108013, 47.94731574], [106.90108474, 47.94731532], [106.90108933, 47.94731479], [106.90109389, 47.94731415], [106.90109842, 47.94731341], [106.9011029, 47.94731256], [106.90110734, 47.94731161], [106.90111172, 47.94731056], [106.90111605, 47.9473094], [106.90112031, 47.94730814], [106.90112451, 47.94730678], [106.90112864, 47.94730533], [106.90113268, 47.94730378], [106.90113665, 47.94730214], [106.90114052, 47.9473004], [106.90114431, 47.94729858], [106.901148, 47.94729667], [106.90115158, 47.94729467], [106.90115506, 47.94729259], [106.90115843, 47.94729043], [106.90116169, 47.9472882], [106.90116483, 47.94728589], [106.90116785, 47.9472835], [106.90117074, 47.94728105], [106.90117351, 47.94727853], [106.90228972, 47.94622351], [106.90229287, 47.94622042]], [[106.90208005, 47.9477784], [106.90208407, 47.94777997], [106.90208818, 47.94778143], [106.90209235, 47.9477828], [106.90209659, 47.94778407], [106.9021009, 47.94778524], [106.90210527, 47.94778631], [106.90210968, 47.94778728], [106.90211415, 47.94778815], [106.90211865, 47.94778891], [106.9021232, 47.94778956], [106.90212777, 47.94779011], [106.90213237, 47.94779055], [106.90213699, 47.94779088], [106.90214162, 47.94779111], [106.90214627, 47.94779123], [106.90215091, 47.94779124], [106.90215556, 47.94779114], [106.90216019, 47.94779093], [106.90216481, 47.94779061], [106.90216942, 47.94779019], [106.902174, 47.94778966], [106.90217854, 47.94778903], [106.90218306, 47.94778828], [106.90218753, 47.94778744], [106.90219196, 47.94778649], [106.90219633, 47.94778543], [106.90220065, 47.94778428], [106.9022049, 47.94778303], [106.90220909, 47.94778167], [106.9022132, 47.94778022], [106.90221724, 47.94777868], [106.9022212, 47.94777704], [106.90222506, 47.94777531], [106.90222884, 47.9477735], [106.90223252, 47.94777159], [106.9022361, 47.9477696], [106.90223958, 47.94776753], [106.90224294, 47.94776538], [106.9022462, 47.94776315], [106.90224933, 47.94776085], [106.90225235, 47.94775847], [106.90225524, 47.94775603], [106.902258, 47.94775352], [106.90319554, 47.94687019], [106.9031987, 47.94686709], [106.9032017, 47.94686393], [106.90320454, 47.9468607], [106.9032072, 47.9468574], [106.9032097, 47.94685404], [106.90321202, 47.94685063], [106.90321416, 47.94684716], [106.90321612, 47.94684365], [106.9032179, 47.94684009], [106.90321949, 47.9468365], [106.9032209, 47.94683287], [106.90322211, 47.94682921], [106.90322314, 47.94682552], [106.90322397, 47.94682181], [106.90322462, 47.94681808], [106.90322507, 47.94681434], [106.90322532, 47.94681059], [106.90322539, 47.94680684], [106.90322525, 47.94680309], [106.90322493, 47.94679934], [106.90322441, 47.94679561], [106.90322369, 47.94679189], [106.90322279, 47.94678818], [106.90322169, 47.94678451], [106.90322041, 47.94678085], [106.90321894, 47.94677724], [106.90321728, 47.94677365], [106.90321543, 47.94677011], [106.90321341, 47.94676661], [106.9032112, 47.94676317], [106.90320882, 47.94675977], [106.90320626, 47.94675644], [106.90317109, 47.94671245], [106.90316836, 47.94670918], [106.90316547, 47.94670597], [106.90316242, 47.94670284], [106.9031592, 47.94669978], [106.90315583, 47.94669679], [106.90315231, 47.94669389], [106.90314863, 47.94669107], [106.90314482, 47.94668833], [106.90252321, 47.94625821], [106.9025206, 47.94625646], [106.9025179, 47.94625478], [106.90251512, 47.94625316], [106.90251226, 47.9462516], [106.90250932, 47.94625011], [106.9025063, 47.9462487], [106.90250322, 47.94624735], [106.90250006, 47.94624607], [106.90249685, 47.94624487], [106.90249357, 47.94624374], [106.90249024, 47.94624269], [106.90248686, 47.94624171], [106.90248342, 47.94624082], [106.90247995, 47.94624], [106.90247643, 47.94623927], [106.90247288, 47.94623861], [106.9024693, 47.94623804], [106.90246569, 47.94623755], [106.90246206, 47.94623715], [106.90245841, 47.94623683], [106.90245474, 47.94623659], [106.90245107, 47.94623644], [106.90244739, 47.94623638], [106.90244371, 47.94623639], [106.90244003, 47.9462365], [106.90243636, 47.94623669], [106.9024327, 47.94623696], [106.90242906, 47.94623732], [106.90242544, 47.94623776], [106.90242184, 47.94623828], [106.90241827, 47.94623889], [106.90241473, 47.94623958], [106.90241124, 47.94624035], [106.90240778, 47.9462412], [106.90240437, 47.94624213], [106.90240101, 47.94624314], [106.9023977, 47.94624423], [106.90239445, 47.94624539], [106.90239126, 47.94624663], [106.90238814, 47.94624793], [106.90238508, 47.94624932], [106.9023821, 47.94625076], [106.90237919, 47.94625228], [106.90237637, 47.94625387], [106.90237362, 47.94625552], [106.90237096, 47.94625723], [106.90236839, 47.946259], [106.90236592, 47.94626083], [106.90236353, 47.94626271], [106.90236125, 47.94626465], [106.90235906, 47.94626664], [106.90125828, 47.94730709], [106.90125569, 47.94730963], [106.90125322, 47.94731223], [106.9012509, 47.94731489], [106.9012487, 47.9473176], [106.90124665, 47.94732035], [106.90124474, 47.94732316], [106.90124298, 47.947326], [106.90124136, 47.94732888], [106.90123988, 47.9473318], [106.90123856, 47.94733476], [106.90123739, 47.94733774], [106.90123637, 47.94734074], [106.90123551, 47.94734377], [106.9012348, 47.94734682], [106.90123424, 47.94734988], [106.90123385, 47.94735295], [106.90123361, 47.94735602], [106.90123352, 47.94735911], [106.9012336, 47.94736219], [106.90123383, 47.94736527], [106.90123422, 47.94736834], [106.90123476, 47.9473714], [106.90123546, 47.94737445], [106.90123632, 47.94737748], [106.90123732, 47.94738048], [106.90123849, 47.94738347], [106.9012398, 47.94738642], [106.90124126, 47.94738934], [106.90124287, 47.94739223], [106.90124463, 47.94739507], [106.90124653, 47.94739788], [106.90124858, 47.94740064], [106.90125076, 47.94740335], [106.90125308, 47.94740601], [106.90125553, 47.94740862], [106.90125812, 47.94741116], [106.90126083, 47.94741365], [106.90126367, 47.94741607], [106.90126663, 47.94741842], [106.90126971, 47.94742071], [106.90127291, 47.94742292], [106.90127621, 47.94742506], [106.90127963, 47.94742712], [106.90128314, 47.9474291], [106.90128676, 47.947431], [106.90129047, 47.94743281], [106.90129427, 47.94743454], [106.90207611, 47.94777675], [106.90208005, 47.9477784]], [[106.8999692, 47.94644489], [106.89996916, 47.94644395], [106.89996907, 47.94644302], [106.89996894, 47.94644209], [106.89996876, 47.94644116], [106.89996853, 47.94644024], [106.89996825, 47.94643933], [106.89996793, 47.94643842], [106.89996756, 47.94643751], [106.89996714, 47.94643662], [106.89996668, 47.94643574], [106.89996617, 47.94643487], [106.89996562, 47.94643401], [106.89996502, 47.94643317], [106.89996438, 47.94643234], [106.8999637, 47.94643152], [106.89996298, 47.94643072], [106.89996221, 47.94642994], [106.89996141, 47.94642918], [106.89996056, 47.94642844], [106.89995968, 47.94642771], [106.89995877, 47.94642701], [106.89995781, 47.94642633], [106.89995682, 47.94642567], [106.8999558, 47.94642503], [106.89995475, 47.94642442], [106.89995367, 47.94642384], [106.89995255, 47.94642328], [106.89995141, 47.94642274], [106.89995024, 47.94642223], [106.89994905, 47.94642176], [106.89994783, 47.9464213], [106.89994659, 47.94642088], [106.89994533, 47.94642049], [106.89994404, 47.94642012], [106.89994274, 47.94641979], [106.89994143, 47.94641948], [106.8999401, 47.94641921], [106.89993875, 47.94641897], [106.8999374, 47.94641876], [106.89993603, 47.94641858], [106.89993466, 47.94641843], [106.89993328, 47.94641832], [106.89993189, 47.94641823], [106.8999305, 47.94641818], [106.89992911, 47.94641817], [106.89992772, 47.94641818], [106.89992633, 47.94641823], [106.89992494, 47.94641831], [106.89992356, 47.94641842], [106.89992219, 47.94641856], [106.89992082, 47.94641874], [106.89991946, 47.94641894], [106.89991812, 47.94641918], [106.89991678, 47.94641945], [106.89991547, 47.94641975], [106.89991416, 47.94642008], [106.89991288, 47.94642044], [106.89991162, 47.94642084], [106.89991037, 47.94642125], [106.89990915, 47.9464217], [106.89990796, 47.94642218], [106.89990678, 47.94642268], [106.89990564, 47.94642322], [106.89955886, 47.94659015], [106.89896805, 47.94689475], [106.89862764, 47.94707068], [106.89837694, 47.94721715], [106.89836265, 47.94722578], [106.89834881, 47.94723472], [106.89833541, 47.94724397], [106.89832248, 47.94725352], [106.89831004, 47.94726335], [106.89829808, 47.94727345], [106.89828664, 47.94728382], [106.89827572, 47.94729444], [106.89826533, 47.94730529], [106.89809945, 47.94748515], [106.89793238, 47.94768434], [106.89767393, 47.94798199], [106.89761132, 47.94805432], [106.89760204, 47.94806547], [106.89759331, 47.94807681], [106.89758514, 47.94808834], [106.89757755, 47.94810005], [106.89757053, 47.94811191], [106.8975641, 47.94812393], [106.89755826, 47.94813609], [106.89755303, 47.94814836], [106.8975484, 47.94816075], [106.89754438, 47.94817323], [106.89754097, 47.94818579], [106.89753819, 47.94819843], [106.89753603, 47.94821111], [106.89750692, 47.9484111], [106.8975039, 47.9484287], [106.89749998, 47.94844623], [106.89749516, 47.94846365], [106.89748944, 47.94848095], [106.89748284, 47.94849811], [106.89747535, 47.9485151], [106.897467, 47.94853191], [106.89746525, 47.94853545], [106.89746367, 47.94853902], [106.89746228, 47.94854263], [106.89746108, 47.94854626], [106.89746007, 47.94854993], [106.89745924, 47.94855361], [106.8974586, 47.94855731], [106.89745816, 47.94856103], [106.8974579, 47.94856475], [106.89745784, 47.94856848], [106.89745797, 47.9485722], [106.89745829, 47.94857592], [106.8974588, 47.94857963], [106.8974595, 47.94858333], [106.89746039, 47.94858701], [106.89746147, 47.94859066], [106.89746273, 47.94859429], [106.89746418, 47.94859789], [106.89746582, 47.94860145], [106.89746764, 47.94860497], [106.89746963, 47.94860845], [106.89747181, 47.94861187], [106.89747416, 47.94861525], [106.89747668, 47.94861857], [106.89747937, 47.94862183], [106.89748222, 47.94862502], [106.89748524, 47.94862815], [106.89748842, 47.9486312], [106.89749175, 47.94863418], [106.89749524, 47.94863708], [106.89749887, 47.9486399], [106.89750264, 47.94864263], [106.89750655, 47.94864527], [106.8975106, 47.94864782], [106.89751477, 47.94865028], [106.89751907, 47.94865263], [106.89752348, 47.94865489], [106.89752801, 47.94865704], [106.89753265, 47.94865909], [106.89753739, 47.94866102], [106.89754222, 47.94866285], [106.89754715, 47.94866456], [106.89755216, 47.94866616], [106.89755725, 47.94866764], [106.89756241, 47.948669], [106.89756764, 47.94867024], [106.89830655, 47.9488359], [106.89832718, 47.94884026], [106.89834803, 47.94884413], [106.89836906, 47.94884752], [106.89839026, 47.94885041], [106.8984116, 47.94885281], [106.89843304, 47.94885471], [106.89845457, 47.9488561], [106.89847616, 47.948857], [106.89849778, 47.94885739], [106.89851941, 47.94885727], [106.89854102, 47.94885665], [106.89856259, 47.94885553], [106.89858408, 47.9488539], [106.89860548, 47.94885177], [106.89862675, 47.94884914], [106.89864788, 47.94884602], [106.89866883, 47.94884241], [106.89868958, 47.94883831], [106.89871011, 47.94883373], [106.89873039, 47.94882868], [106.89875039, 47.94882315], [106.8987701, 47.94881716], [106.89878948, 47.94881071], [106.89880852, 47.94880382], [106.8988272, 47.94879648], [106.89884548, 47.94878871], [106.89886335, 47.94878052], [106.89888078, 47.94877192], [106.89889776, 47.94876292], [106.89891426, 47.94875353], [106.89893027, 47.94874375], [106.89894577, 47.94873361], [106.89896072, 47.94872312], [106.89897513, 47.94871228], [106.89898897, 47.94870111], [106.89900222, 47.94868963], [106.89901487, 47.94867784], [106.89902691, 47.94866576], [106.89903831, 47.94865342], [106.89904907, 47.94864081], [106.89905917, 47.94862796], [106.89906859, 47.94861488], [106.89907734, 47.94860159], [106.89908539, 47.9485881], [106.89909274, 47.94857444], [106.89909938, 47.94856061], [106.8997333, 47.94715727], [106.89994621, 47.94661374], [106.89995114, 47.94660025], [106.8999554, 47.94658666], [106.89995898, 47.94657298], [106.89996189, 47.94655924], [106.89996412, 47.94654543], [106.89996566, 47.94653158], [106.89996652, 47.9465177], [106.89996919, 47.94644582], [106.8999692, 47.94644489]], [[106.90133299, 47.9475275], [106.90133127, 47.94752645], [106.90132948, 47.94752544], [106.90132765, 47.94752448], [106.90132577, 47.94752356], [106.90132384, 47.94752268], [106.90005119, 47.946965], [106.90004807, 47.94696369], [106.90004488, 47.94696244], [106.90004164, 47.94696127], [106.90003833, 47.94696018], [106.90003498, 47.94695916], [106.90003157, 47.94695823], [106.90002811, 47.94695737], [106.90002462, 47.94695659], [106.90002108, 47.94695589], [106.90001752, 47.94695528], [106.90001392, 47.94695474], [106.9000103, 47.9469543], [106.90000665, 47.94695393], [106.90000299, 47.94695365], [106.89999932, 47.94695345], [106.89999564, 47.94695334], [106.89999196, 47.94695332], [106.89998828, 47.94695338], [106.8999846, 47.94695352], [106.89998093, 47.94695375], [106.89997728, 47.94695406], [106.89997364, 47.94695446], [106.89997003, 47.94695494], [106.89996645, 47.94695551], [106.89996289, 47.94695615], [106.89995937, 47.94695688], [106.89995589, 47.94695769], [106.89995245, 47.94695858], [106.89994906, 47.94695955], [106.89994573, 47.9469606], [106.89994244, 47.94696172], [106.89993922, 47.94696292], [106.89993606, 47.94696419], [106.89993297, 47.94696553], [106.89992995, 47.94696695], [106.899927, 47.94696843], [106.89992413, 47.94696998], [106.89992134, 47.9469716], [106.89991863, 47.94697328], [106.89991602, 47.94697502], [106.89991349, 47.94697682], [106.89991106, 47.94697868], [106.89990872, 47.94698059], [106.89990648, 47.94698255], [106.89990435, 47.94698457], [106.89990232, 47.94698663], [106.89990039, 47.94698874], [106.89989858, 47.9469909], [106.89989687, 47.94699309], [106.89989528, 47.94699532], [106.89989381, 47.94699759], [106.89989245, 47.94699989], [106.89989121, 47.94700222], [106.89989009, 47.94700458], [106.89988909, 47.94700696], [106.89982349, 47.94717443], [106.89925635, 47.94842995], [106.89925482, 47.94843356], [106.89925348, 47.9484372], [106.89925233, 47.94844087], [106.89925137, 47.94844456], [106.8992506, 47.94844828], [106.89925002, 47.94845201], [106.89924964, 47.94845575], [106.89924945, 47.9484595], [106.89924945, 47.94846325], [106.89924965, 47.948467], [106.89925004, 47.94847074], [106.89925063, 47.94847447], [106.8992514, 47.94847818], [106.89925237, 47.94848187], [106.89925353, 47.94848554], [106.89925488, 47.94848918], [106.89925642, 47.94849279], [106.89925814, 47.94849636], [106.89926004, 47.94849988], [106.89926213, 47.94850336], [106.89926439, 47.94850679], [106.89926683, 47.94851016], [106.89926945, 47.94851348], [106.89927223, 47.94851673], [106.89927518, 47.94851991], [106.89927829, 47.94852303], [106.89928157, 47.94852606], [106.89928499, 47.94852903], [106.89928857, 47.9485319], [106.8992923, 47.9485347], [106.89929616, 47.9485374], [106.89930017, 47.94854002], [106.8993043, 47.94854253], [106.89930857, 47.94854496], [106.89931296, 47.94854727], [106.89931746, 47.94854949], [106.89932208, 47.9485516], [106.8993268, 47.9485536], [106.89933163, 47.94855549], [106.89933654, 47.94855726], [106.89934155, 47.94855892], [106.89934664, 47.94856046], [106.89935181, 47.94856188], [106.89935704, 47.94856318], [106.89936235, 47.94856436], [106.8993677, 47.94856541], [106.89937311, 47.94856634], [106.89937857, 47.94856714], [106.89938406, 47.94856781], [106.89938958, 47.94856835], [106.90063145, 47.94867572], [106.90103428, 47.94877167], [106.9010396, 47.94877287], [106.90104498, 47.94877394], [106.90105041, 47.94877489], [106.90105589, 47.9487757], [106.90106141, 47.94877639], [106.90106696, 47.94877695], [106.90107253, 47.94877738], [106.90107812, 47.94877767], [106.90108373, 47.94877784], [106.90108934, 47.94877787], [106.90109495, 47.94877778], [106.90110055, 47.94877755], [106.90110613, 47.94877719], [106.90111169, 47.94877669], [106.90111723, 47.94877607], [106.90112272, 47.94877532], [106.90112818, 47.94877444], [106.90113359, 47.94877344], [106.90113894, 47.9487723], [106.90114423, 47.94877105], [106.90114945, 47.94876966], [106.90115459, 47.94876816], [106.90115965, 47.94876654], [106.90116463, 47.9487648], [106.90116951, 47.94876294], [106.9011743, 47.94876097], [106.90117898, 47.94875889], [106.90118354, 47.94875671], [106.90118799, 47.94875441], [106.90119232, 47.94875201], [106.90119652, 47.94874952], [106.90120059, 47.94874692], [106.90120453, 47.94874423], [106.90120832, 47.94874145], [106.90121196, 47.94873859], [106.90121545, 47.94873564], [106.90121879, 47.94873261], [106.90162743, 47.94834761], [106.90162874, 47.94834633], [106.90162999, 47.94834502], [106.90163116, 47.94834368], [106.90163227, 47.94834232], [106.9016333, 47.94834093], [106.90163427, 47.94833951], [106.90163516, 47.94833808], [106.90163597, 47.94833662], [106.90163671, 47.94833515], [106.90163738, 47.94833366], [106.90163796, 47.94833216], [106.90173689, 47.94824059], [106.90173859, 47.94823972], [106.90174025, 47.94823882], [106.90174186, 47.94823788], [106.90174343, 47.94823691], [106.90174495, 47.94823591], [106.90174643, 47.94823487], [106.90174785, 47.94823381], [106.90174922, 47.94823271], [106.90175054, 47.94823159], [106.90175181, 47.94823043], [106.90203146, 47.94796696], [106.90203458, 47.94796391], [106.90203754, 47.94796079], [106.90204035, 47.9479576], [106.90204299, 47.94795435], [106.90204546, 47.94795104], [106.90204776, 47.94794768], [106.90204989, 47.94794426], [106.90205184, 47.9479408], [106.90205362, 47.94793729], [106.90205521, 47.94793375], [106.90205662, 47.94793017], [106.90205785, 47.94792656], [106.9020589, 47.94792292], [106.90205975, 47.94791927], [106.90206043, 47.94791559], [106.90206091, 47.9479119], [106.9020612, 47.94790821], [106.90206131, 47.9479045], [106.90206122, 47.9479008], [106.90206095, 47.9478971], [106.90206049, 47.94789341], [106.90205984, 47.94788974], [106.902059, 47.94788608], [106.90205798, 47.94788244], [106.90205677, 47.94787883], [106.90205538, 47.94787524], [106.90205381, 47.94787169], [106.90205205, 47.94786818], [106.90205012, 47.94786472], [106.90204801, 47.9478613], [106.90204573, 47.94785793], [106.90204328, 47.94785461], [106.90204066, 47.94785135], [106.90203787, 47.94784816], [106.90203493, 47.94784503], [106.90203182, 47.94784197], [106.90202856, 47.94783898], [106.90202515, 47.94783607], [106.9020216, 47.94783324], [106.9020179, 47.9478305], [106.90201406, 47.94782784], [106.90201009, 47.94782527], [106.902006, 47.9478228], [106.90200177, 47.94782042], [106.90199743, 47.94781814], [106.90199298, 47.94781596], [106.90198841, 47.94781388], [106.90154309, 47.94761875], [106.90133299, 47.9475275]], [[106.90391012, 47.94947685], [106.90391537, 47.94947812], [106.90392068, 47.94947927], [106.90392604, 47.9494803], [106.90393146, 47.9494812], [106.90393692, 47.94948198], [106.90394241, 47.94948262], [106.90394794, 47.94948314], [106.90395348, 47.94948353], [106.90395905, 47.94948379], [106.90396462, 47.94948392], [106.9039702, 47.94948392], [106.90397578, 47.94948379], [106.90398134, 47.94948353], [106.90398689, 47.94948314], [106.90399242, 47.94948262], [106.90399791, 47.94948198], [106.90400337, 47.9494812], [106.90400878, 47.9494803], [106.90401415, 47.94947927], [106.90401946, 47.94947812], [106.9040247, 47.94947684], [106.90402988, 47.94947545], [106.90467601, 47.94929226], [106.90467943, 47.94929124], [106.9046828, 47.94929014], [106.90468611, 47.94928897], [106.90468935, 47.94928771], [106.90469253, 47.94928638], [106.90469564, 47.94928498], [106.90469867, 47.94928351], [106.90470162, 47.94928196], [106.9047045, 47.94928035], [106.90470728, 47.94927867], [106.90470998, 47.94927693], [106.90471258, 47.94927512], [106.90471509, 47.94927325], [106.9047175, 47.94927133], [106.90471981, 47.94926935], [106.90472202, 47.94926732], [106.90472411, 47.94926523], [106.9047261, 47.9492631], [106.90472798, 47.94926093], [106.90472974, 47.94925871], [106.90473138, 47.94925645], [106.90473291, 47.94925415], [106.90473432, 47.94925182], [106.9047356, 47.94924946], [106.90473676, 47.94924707], [106.9047378, 47.94924465], [106.90473871, 47.94924221], [106.90473949, 47.94923975], [106.90474014, 47.94923728], [106.90474066, 47.94923479], [106.90474106, 47.94923228], [106.90474132, 47.94922978], [106.90474145, 47.94922726], [106.90474146, 47.94922475], [106.90474133, 47.94922223], [106.90474107, 47.94921973], [106.90474068, 47.94921722], [106.90474016, 47.94921473], [106.90473951, 47.94921226], [106.90473874, 47.9492098], [106.90473783, 47.94920736], [106.9047368, 47.94920494], [106.90473564, 47.94920255], [106.90454168, 47.94882385], [106.90423779, 47.94834893], [106.90388493, 47.94764696], [106.90372328, 47.94740563], [106.90338452, 47.94697963], [106.90338272, 47.94697747], [106.90338082, 47.94697534], [106.90337881, 47.94697327], [106.90337669, 47.94697124], [106.90337447, 47.94696926], [106.90337215, 47.94696733], [106.90336974, 47.94696546], [106.90336723, 47.94696365], [106.90336462, 47.94696189], [106.90336193, 47.9469602], [106.90335916, 47.94695857], [106.9033563, 47.946957], [106.90335336, 47.9469555], [106.90335035, 47.94695407], [106.90334727, 47.94695271], [106.90334412, 47.94695142], [106.9033409, 47.94695021], [106.90333763, 47.94694907], [106.9033343, 47.94694801], [106.90333091, 47.94694702], [106.90332748, 47.94694612], [106.903324, 47.94694529], [106.90332049, 47.94694455], [106.90331693, 47.94694388], [106.90331335, 47.9469433], [106.90330974, 47.94694281], [106.9033061, 47.94694239], [106.90330244, 47.94694206], [106.90329877, 47.94694182], [106.90329509, 47.94694166], [106.90329141, 47.94694159], [106.90328772, 47.9469416], [106.90328404, 47.94694169], [106.90328036, 47.94694188], [106.90327669, 47.94694214], [106.90327304, 47.94694249], [106.90326941, 47.94694293], [106.9032658, 47.94694345], [106.90326223, 47.94694405], [106.90325868, 47.94694473], [106.90325518, 47.9469455], [106.90325171, 47.94694635], [106.90324829, 47.94694727], [106.90324492, 47.94694828], [106.9032416, 47.94694936], [106.90323834, 47.94695052], [106.90323514, 47.94695175], [106.90323201, 47.94695306], [106.90322895, 47.94695444], [106.90322595, 47.94695589], [106.90322304, 47.9469574], [106.9032202, 47.94695898], [106.90321745, 47.94696063], [106.90321478, 47.94696234], [106.9032122, 47.94696411], [106.90320971, 47.94696594], [106.90320732, 47.94696783], [106.90320503, 47.94696977], [106.90320284, 47.94697176], [106.90132282, 47.94874304], [106.90132071, 47.94874511], [106.9013187, 47.94874723], [106.9013168, 47.94874939], [106.90131502, 47.9487516], [106.90131335, 47.94875385], [106.9013118, 47.94875613], [106.90131037, 47.94875845], [106.90130906, 47.9487608], [106.90130788, 47.94876319], [106.90130682, 47.94876559], [106.90130588, 47.94876802], [106.90130507, 47.94877048], [106.90130439, 47.94877294], [106.90130384, 47.94877543], [106.90130342, 47.94877792], [106.90130312, 47.94878043], [106.90130296, 47.94878294], [106.90130293, 47.94878545], [106.90130302, 47.94878796], [106.90130325, 47.94879046], [106.90130361, 47.94879296], [106.9013041, 47.94879545], [106.90130471, 47.94879793], [106.90130546, 47.94880039], [106.90130633, 47.94880283], [106.90130733, 47.94880525], [106.90130845, 47.94880765], [106.9013097, 47.94881001], [106.90131107, 47.94881235], [106.90131256, 47.94881465], [106.90131417, 47.94881692], [106.90131589, 47.94881915], [106.90131773, 47.94882133], [106.90131969, 47.94882347], [106.90132175, 47.94882557], [106.90132392, 47.94882761], [106.90132619, 47.94882961], [106.90132857, 47.94883154], [106.90133105, 47.94883342], [106.90133362, 47.94883525], [106.90133628, 47.94883701], [106.90133904, 47.9488387], [106.90134188, 47.94884033], [106.9013448, 47.9488419], [106.90134781, 47.94884339], [106.90135089, 47.94884482], [106.90135404, 47.94884617], [106.90135726, 47.94884744], [106.90136054, 47.94884864], [106.90136389, 47.94884976], [106.90136729, 47.9488508], [106.90137074, 47.94885176], [106.90137424, 47.94885264], [106.90279919, 47.94919203], [106.90391012, 47.94947685]]]}, "geometry_name": "geom", "properties": {"guid": 3114388, "id": 3114388, "object_no": null, "object_name": "Төлөвлөлтийн зам", "layer_type_id": 956, "valid_to": null, "address_no": null, "border_type": "solid", "border_width": 1, "border_color": "#999999", "border_opacity": 0.36, "border_wellknown": "shape://horizline", "fill_type": "color", "fill_color": "#bcbcbc", "fill_opacity": 0.36, "fill_wellknown": null, "fill_shape_color": null, "fill_shape_width": null, "fill_shape_size": null, "fill_img_url": null, "marker_img_url": null}},{"type": "Feature", "id": "layer_data_map.fid--27e80436_1a098c1eed1_-58a0", "geometry": {"type": "Polygon", "coordinates": [[[107.11886877, 47.87024254], [107.1188669, 47.87023984], [107.11886489, 47.87023718], [107.11886275, 47.87023457], [107.11886048, 47.87023202], [107.11885807, 47.87022952], [107.11885554, 47.87022707], [107.11885288, 47.87022469], [107.1188501, 47.87022237], [107.11884721, 47.87022012], [107.11884419, 47.87021794], [107.11884107, 47.87021583], [107.11883784, 47.87021379], [107.11883451, 47.87021183], [107.11883108, 47.87020995], [107.11882755, 47.87020815], [107.11882393, 47.87020643], [107.11882023, 47.8702048], [107.11881644, 47.87020325], [107.11881258, 47.8702018], [107.11880864, 47.87020044], [107.11880464, 47.87019917], [107.11880057, 47.87019799], [107.11879644, 47.87019691], [107.11879227, 47.87019593], [107.11878804, 47.87019504], [107.11878377, 47.87019426], [107.11877946, 47.87019357], [107.11877512, 47.87019299], [107.11877075, 47.87019251], [107.11876636, 47.87019213], [107.11876195, 47.87019185], [107.11875753, 47.87019168], [107.11875311, 47.87019161], [107.11874868, 47.87019164], [107.11874426, 47.87019177], [107.11873984, 47.87019201], [107.11873545, 47.87019236], [107.11873107, 47.8701928], [107.11872672, 47.87019335], [107.1187224, 47.870194], [107.11871811, 47.87019475], [107.11871387, 47.8701956], [107.11870967, 47.87019654], [107.11870553, 47.87019759], [107.11870144, 47.87019873], [107.11869741, 47.87019997], [107.11869345, 47.8702013], [107.11868956, 47.87020272], [107.11868574, 47.87020423], [107.11868201, 47.87020583], [107.11867836, 47.87020751], [107.1186748, 47.87020928], [107.11867133, 47.87021114], [107.11866796, 47.87021307], [107.1186647, 47.87021508], [107.11865384, 47.87022295], [107.11858314, 47.87018118], [107.11858585, 47.8701795], [107.11858847, 47.87017775], [107.11859101, 47.87017594], [107.11859345, 47.87017407], [107.11859579, 47.87017215], [107.11859803, 47.87017017], [107.11860017, 47.87016815], [107.1186022, 47.87016607], [107.11860413, 47.87016395], [107.11860594, 47.87016179], [107.11860765, 47.87015958], [107.11860924, 47.87015734], [107.11861071, 47.87015506], [107.11861206, 47.87015275], [107.1186133, 47.87015041], [107.11861442, 47.87014804], [107.11861541, 47.87014565], [107.11861628, 47.87014323], [107.11861702, 47.8701408], [107.11861764, 47.87013835], [107.11861814, 47.87013588], [107.1186185, 47.87013341], [107.11861874, 47.87013093], [107.11861886, 47.87012845], [107.11861884, 47.87012596], [107.1186187, 47.87012348], [107.11861843, 47.870121], [107.11861803, 47.87011853], [107.11861751, 47.87011607], [107.11861686, 47.87011362], [107.11861608, 47.87011119], [107.11861518, 47.87010878], [107.11861416, 47.87010639], [107.11861302, 47.87010403], [107.11861175, 47.8701017], [107.11861037, 47.87009939], [107.11860887, 47.87009712], [107.11860725, 47.87009489], [107.11860552, 47.87009269], [107.11860368, 47.87009054], [107.11860172, 47.87008843], [107.11859967, 47.87008636], [107.1185975, 47.87008435], [107.11859524, 47.87008239], [107.11859287, 47.87008048], [107.11859041, 47.87007863], [107.11858785, 47.87007683], [107.11858521, 47.8700751], [107.11858248, 47.87007343], [107.11711569, 47.86920698], [107.11711143, 47.86920455], [107.11710704, 47.86920222], [107.11710254, 47.86919999], [107.11709793, 47.86919787], [107.11709321, 47.86919586], [107.11708839, 47.86919397], [107.11708347, 47.86919218], [107.11707846, 47.86919051], [107.11707337, 47.86918897], [107.1170682, 47.86918754], [107.11706297, 47.86918623], [107.11705767, 47.86918505], [107.1170523, 47.86918399], [107.11704689, 47.86918305], [107.11704144, 47.86918225], [107.11703594, 47.86918157], [107.11703042, 47.86918102], [107.11702486, 47.8691806], [107.11701929, 47.86918032], [107.11701371, 47.86918016], [107.11700813, 47.86918013], [107.11700254, 47.86918024], [107.11699697, 47.86918047], [107.11699141, 47.86918084], [107.11698587, 47.86918133], [107.11698036, 47.86918196], [107.11697489, 47.86918271], [107.11696946, 47.86918359], [107.11696407, 47.8691846], [107.11695875, 47.86918573], [107.11695348, 47.86918699], [107.11694829, 47.86918837], [107.11694317, 47.86918987], [107.11693812, 47.86919149], [107.11693317, 47.86919323], [107.11692831, 47.86919508], [107.11692355, 47.86919704], [107.11691889, 47.86919912], [107.11691434, 47.8692013], [107.11690991, 47.86920359], [107.11690559, 47.86920598], [107.11690141, 47.86920846], [107.11689736, 47.86921105], [107.11689344, 47.86921373], [107.11688966, 47.8692165], [107.11674548, 47.86913591], [107.1167492, 47.86913312], [107.11675278, 47.86913024], [107.1167562, 47.86912728], [107.11675947, 47.86912425], [107.11676258, 47.86912113], [107.11676553, 47.86911795], [107.11676831, 47.8691147], [107.11677092, 47.86911138], [107.11677336, 47.86910801], [107.11677563, 47.86910458], [107.11677771, 47.86910111], [107.11677962, 47.86909758], [107.11678134, 47.86909401], [107.11678288, 47.86909041], [107.11678422, 47.86908677], [107.11678538, 47.8690831], [107.11678635, 47.86907941], [107.11678713, 47.86907569], [107.11678772, 47.86907196], [107.11678811, 47.86906822], [107.11678831, 47.86906447], [107.11678832, 47.86906072], [107.11678813, 47.86905697], [107.11678775, 47.86905323], [107.11678718, 47.8690495], [107.11678641, 47.86904578], [107.11678545, 47.86904209], [107.11678431, 47.86903842], [107.11678297, 47.86903478], [107.11678145, 47.86903117], [107.11677974, 47.8690276], [107.11677785, 47.86902407], [107.11677577, 47.86902059], [107.11677352, 47.86901716], [107.11677109, 47.86901378], [107.11676849, 47.86901046], [107.11676572, 47.86900721], [107.11676278, 47.86900402], [107.11675968, 47.8690009], [107.11675642, 47.86899786], [107.11675301, 47.86899489], [107.11674944, 47.86899201], [107.11674573, 47.86898921], [107.11674188, 47.8689865], [107.11673789, 47.86898388], [107.11673376, 47.86898136], [107.11686787, 47.86889301], [107.11687206, 47.8688954], [107.11687637, 47.8688977], [107.1168808, 47.86889989], [107.11688534, 47.86890199], [107.11688998, 47.86890397], [107.11689472, 47.86890585], [107.11689956, 47.86890761], [107.11690448, 47.86890927], [107.11690948, 47.86891081], [107.11691455, 47.86891223], [107.1169197, 47.86891354], [107.11692491, 47.86891472], [107.11693018, 47.86891579], [107.1169355, 47.86891673], [107.11694086, 47.86891755], [107.11694626, 47.86891824], [107.11695169, 47.86891882], [107.11695716, 47.86891926], [107.11696263, 47.86891958], [107.11696813, 47.86891977], [107.11697363, 47.86891984], [107.11697913, 47.86891977], [107.11698462, 47.86891958], [107.1169901, 47.86891927], [107.11699556, 47.86891883], [107.11700099, 47.86891826], [107.1170064, 47.86891757], [107.11701176, 47.86891675], [107.11701708, 47.86891581], [107.11702235, 47.86891475], [107.11702756, 47.86891357], [107.11703271, 47.86891227], [107.11703779, 47.86891085], [107.11704279, 47.86890931], [107.11704771, 47.86890766], [107.11705255, 47.8689059], [107.11705729, 47.86890402], [107.11706194, 47.86890204], [107.11706648, 47.86889995], [107.11707091, 47.86889776], [107.11707522, 47.86889547], [107.11707942, 47.86889307], [107.1170835, 47.86889059], [107.11708744, 47.86888801], [107.11709125, 47.86888534], [107.11842233, 47.8679207], [107.11842607, 47.86791789], [107.11842966, 47.867915], [107.1184331, 47.86791203], [107.11843638, 47.86790897], [107.1184395, 47.86790585], [107.11844246, 47.86790265], [107.11844525, 47.86789938], [107.11844787, 47.86789605], [107.11845031, 47.86789266], [107.11845257, 47.86788922], [107.11845466, 47.86788572], [107.11845656, 47.86788218], [107.11845828, 47.86787859], [107.11845981, 47.86787497], [107.11846116, 47.86787131], [107.11846231, 47.86786762], [107.11846327, 47.86786391], [107.11846404, 47.86786018], [107.11846461, 47.86785643], [107.11846499, 47.86785267], [107.11846517, 47.86784891], [107.11846516, 47.86784514], [107.11846495, 47.86784137], [107.11846455, 47.86783762], [107.11846395, 47.86783387], [107.11846316, 47.86783014], [107.11846218, 47.86782643], [107.118461, 47.86782275], [107.11845963, 47.8678191], [107.11845808, 47.86781548], [107.11845634, 47.8678119], [107.11845441, 47.86780836], [107.1184523, 47.86780487], [107.11845001, 47.86780143], [107.11844755, 47.86779805], [107.11844491, 47.86779472], [107.1184421, 47.86779147], [107.11843912, 47.86778828], [107.11843598, 47.86778516], [107.11843268, 47.86778211], [107.11842922, 47.86777915], [107.11842561, 47.86777627], [107.11842186, 47.86777347], [107.11841796, 47.86777077], [107.11841392, 47.86776816], [107.11854126, 47.86767588], [107.11854543, 47.86767839], [107.11854972, 47.86768081], [107.11855414, 47.86768312], [107.11855868, 47.86768533], [107.11856333, 47.86768743], [107.11856808, 47.86768942], [107.11857294, 47.86769129], [107.11857789, 47.86769306], [107.11858293, 47.8676947], [107.11858805, 47.86769622], [107.11859324, 47.86769763], [107.11859851, 47.86769891], [107.11860384, 47.86770007], [107.11860922, 47.8677011], [107.11861466, 47.867702], [107.11862014, 47.86770277], [107.11862565, 47.86770342], [107.1186312, 47.86770394], [107.11863677, 47.86770432], [107.11864235, 47.86770458], [107.11864795, 47.8677047], [107.11865355, 47.86770469], [107.11865914, 47.86770455], [107.11866473, 47.86770428], [107.1186703, 47.86770388], [107.11867584, 47.86770335], [107.11868135, 47.86770269], [107.11868682, 47.86770189], [107.11869225, 47.86770097], [107.11869763, 47.86769993], [107.11870295, 47.86769876], [107.11870821, 47.86769746], [107.1187134, 47.86769604], [107.11871851, 47.8676945], [107.11872354, 47.86769284], [107.11872847, 47.86769107], [107.11873332, 47.86768918], [107.11873806, 47.86768717], [107.11874269, 47.86768506], [107.11874722, 47.86768284], [107.11875162, 47.86768051], [107.1187559, 47.86767808], [107.11876005, 47.86767556], [107.11876407, 47.86767293], [107.11876795, 47.86767022], [107.11938903, 47.86722009], [107.11953246, 47.86711255], [107.1196704, 47.86700179], [107.11980269, 47.86688796], [107.11992917, 47.86677118], [107.1200497, 47.86665159], [107.12016415, 47.86652932], [107.12027238, 47.86640451], [107.12037427, 47.86627731], [107.1204697, 47.86614786], [107.12055915, 47.86601539], [107.12064184, 47.86588095], [107.12071767, 47.8657447], [107.12078656, 47.86560678], [107.12084842, 47.86546736], [107.12090318, 47.8653266], [107.12095077, 47.86518467], [107.12099115, 47.86504173], [107.12102427, 47.86489795], [107.12105008, 47.86475349], [107.12106856, 47.86460852], [107.12107969, 47.86446322], [107.12108345, 47.86431774], [107.12107984, 47.86417226], [107.12127046, 47.86428993], [107.12126876, 47.8644201], [107.12126132, 47.86455018], [107.12126119, 47.86455267], [107.12126119, 47.86455516], [107.12126131, 47.86455765], [107.12126156, 47.86456013], [107.12126194, 47.86456261], [107.12126244, 47.86456508], [107.12126307, 47.86456753], [107.12126383, 47.86456997], [107.12126471, 47.86457238], [107.12126572, 47.86457478], [107.12126685, 47.86457715], [107.1212681, 47.86457949], [107.12126947, 47.86458181], [107.12127096, 47.86458408], [107.12127256, 47.86458633], [107.12127428, 47.86458853], [107.12127611, 47.8645907], [107.12127805, 47.86459282], [107.1212801, 47.86459489], [107.12128225, 47.86459691], [107.12128451, 47.86459889], [107.12128686, 47.8646008], [107.12128932, 47.86460267], [107.12129187, 47.86460447], [107.1212945, 47.86460622], [107.12129723, 47.8646079], [107.12130004, 47.86460952], [107.12130294, 47.86461107], [107.12130591, 47.86461255], [107.12130896, 47.86461396], [107.12131207, 47.8646153], [107.12131526, 47.86461657], [107.1213185, 47.86461776], [107.12132181, 47.86461888], [107.12132517, 47.86461992], [107.12132859, 47.86462088], [107.12133205, 47.86462176], [107.12133555, 47.86462256], [107.12133909, 47.86462327], [107.12134267, 47.86462391], [107.12134628, 47.86462446], [107.12134991, 47.86462492], [107.12135357, 47.8646253], [107.12170973, 47.86465819], [107.12171337, 47.86465848], [107.12171702, 47.86465869], [107.12172068, 47.86465882], [107.12172434, 47.86465886], [107.121728, 47.86465881], [107.12173165, 47.86465868], [107.1217353, 47.86465847], [107.12173894, 47.86465818], [107.12174256, 47.8646578], [107.12174615, 47.86465733], [107.12174972, 47.86465679], [107.12175326, 47.86465616], [107.12175677, 47.86465545], [107.12176024, 47.86465466], [107.12176367, 47.86465379], [107.12176705, 47.86465285], [107.12177038, 47.86465182], [107.12177365, 47.86465072], [107.12177687, 47.86464955], [107.12178003, 47.8646483], [107.12178312, 47.86464698], [107.12178614, 47.86464559], [107.12178909, 47.86464413], [107.12179197, 47.8646426], [107.12179476, 47.86464101], [107.12179747, 47.86463935], [107.1218001, 47.86463763], [107.12180264, 47.86463586], [107.12185285, 47.86459946], [107.12192142, 47.8646423], [107.12191893, 47.86464417], [107.12191653, 47.8646461], [107.12191424, 47.86464808], [107.12191206, 47.86465012], [107.12190998, 47.8646522], [107.121908, 47.86465433], [107.12190615, 47.86465651], [107.1219044, 47.86465873], [107.12190277, 47.86466099], [107.12190126, 47.86466329], [107.12189987, 47.86466562], [107.1218986, 47.86466798], [107.12189746, 47.86467037], [107.12189644, 47.86467279], [107.12189554, 47.86467523], [107.12189477, 47.86467768], [107.12189413, 47.86468016], [107.12189362, 47.86468265], [107.12189324, 47.86468515], [107.12189299, 47.86468765], [107.12189287, 47.86469016], [107.12189287, 47.86469267], [107.12189301, 47.86469518], [107.12189328, 47.86469769], [107.12189368, 47.86470019], [107.12189421, 47.86470267], [107.12189486, 47.86470514], [107.12189565, 47.8647076], [107.12189656, 47.86471004], [107.1218976, 47.86471245], [107.12189876, 47.86471484], [107.12190004, 47.86471719], [107.12190145, 47.86471952], [107.12190297, 47.86472181], [107.12190462, 47.86472407], [107.12190638, 47.86472628], [107.12190825, 47.86472845], [107.12191023, 47.86473058], [107.12191233, 47.86473266], [107.12191453, 47.86473469], [107.12191683, 47.86473667], [107.12191924, 47.86473859], [107.12192174, 47.86474045], [107.12192434, 47.86474225], [107.12192703, 47.86474399], [107.12408219, 47.86609031], [107.12408497, 47.86609198], [107.12408783, 47.86609359], [107.12409078, 47.86609513], [107.1240938, 47.86609661], [107.1240969, 47.86609801], [107.12410007, 47.86609933], [107.12410331, 47.86610058], [107.12410661, 47.86610176], [107.12410997, 47.86610285], [107.12411338, 47.86610387], [107.12411684, 47.8661048], [107.12412035, 47.86610566], [107.12412391, 47.86610643], [107.1241275, 47.86610712], [107.12413112, 47.86610772], [107.12413477, 47.86610823], [107.12413845, 47.86610867], [107.12414215, 47.86610901], [107.12414586, 47.86610927], [107.12414958, 47.86610944], [107.12415331, 47.86610952], [107.12415705, 47.86610951], [107.12416078, 47.86610942], [107.1241645, 47.86610924], [107.12416821, 47.86610897], [107.12417191, 47.86610861], [107.12417558, 47.86610817], [107.12417923, 47.86610765], [107.12418285, 47.86610703], [107.12418643, 47.86610633], [107.12418998, 47.86610555], [107.12419349, 47.86610469], [107.12419694, 47.86610374], [107.12420035, 47.86610272], [107.1242037, 47.86610161], [107.12420699, 47.86610043], [107.12421022, 47.86609916], [107.12421338, 47.86609783], [107.12421647, 47.86609642], [107.12421949, 47.86609494], [107.12422242, 47.86609339], [107.12422528, 47.86609177], [107.12422805, 47.86609008], [107.12423072, 47.86608834], [107.12423331, 47.86608653], [107.12429827, 47.86613198], [107.1233244, 47.86683789], [107.12253428, 47.86741058], [107.12253183, 47.86741242], [107.12252947, 47.86741432], [107.12252721, 47.86741627], [107.12252505, 47.86741827], [107.12252299, 47.86742032], [107.12252104, 47.86742242], [107.1225192, 47.86742456], [107.12251747, 47.86742674], [107.12251585, 47.86742896], [107.12251435, 47.86743122], [107.12251296, 47.86743351], [107.12251169, 47.86743583], [107.12251054, 47.86743818], [107.12250951, 47.86744055], [107.1225086, 47.86744295], [107.12250781, 47.86744536], [107.12250715, 47.8674478], [107.12250661, 47.86745024], [107.1225062, 47.8674527], [107.12250591, 47.86745517], [107.12250575, 47.86745764], [107.12250572, 47.86746011], [107.12250581, 47.86746258], [107.12250603, 47.86746505], [107.12250638, 47.86746751], [107.12250685, 47.86746997], [107.12250744, 47.86747241], [107.12250816, 47.86747483], [107.122509, 47.86747724], [107.12250997, 47.86747963], [107.12251105, 47.86748199], [107.12251226, 47.86748433], [107.12251359, 47.86748663], [107.12251503, 47.86748891], [107.12251659, 47.86749115], [107.12251826, 47.86749335], [107.12252004, 47.86749551], [107.12252193, 47.86749763], [107.12252393, 47.86749971], [107.12252604, 47.86750174], [107.12252824, 47.86750372], [107.12253055, 47.86750564], [107.12253295, 47.86750751], [107.12253545, 47.86750933], [107.12253804, 47.86751108], [107.12254071, 47.86751278], [107.12254348, 47.86751441], [107.12254632, 47.86751598], [107.12254924, 47.86751748], [107.12248453, 47.86756433], [107.12248209, 47.86756248], [107.12247956, 47.86756069], [107.12247693, 47.86755896], [107.12247422, 47.86755729], [107.12247143, 47.86755568], [107.12246855, 47.86755414], [107.1224656, 47.86755267], [107.12246258, 47.86755127], [107.12245948, 47.86754994], [107.12245632, 47.86754868], [107.1224531, 47.86754749], [107.12244981, 47.86754638], [107.12244648, 47.86754534], [107.12244309, 47.86754439], [107.12243965, 47.86754351], [107.12243617, 47.86754271], [107.12243266, 47.86754199], [107.12242911, 47.86754136], [107.12242552, 47.86754081], [107.12242192, 47.86754034], [107.12241829, 47.86753995], [107.12241464, 47.86753965], [107.12241098, 47.86753943], [107.12240731, 47.8675393], [107.12240364, 47.86753925], [107.12239996, 47.86753929], [107.12239629, 47.86753941], [107.12239263, 47.86753961], [107.12238898, 47.86753991], [107.12238535, 47.86754028], [107.12238174, 47.86754074], [107.12237815, 47.86754128], [107.1223746, 47.86754191], [107.12237108, 47.86754261], [107.12236759, 47.8675434], [107.12236415, 47.86754427], [107.12236076, 47.86754522], [107.12235742, 47.86754624], [107.12235413, 47.86754734], [107.12235089, 47.86754852], [107.12234772, 47.86754977], [107.12234462, 47.86755109], [107.12234159, 47.86755249], [107.12233862, 47.86755395], [107.12233574, 47.86755548], [107.12233293, 47.86755708], [107.12233021, 47.86755874], [107.12232758, 47.86756047], [107.12232503, 47.86756225], [107.12056798, 47.86883572], [107.12056533, 47.86883763], [107.12056278, 47.86883959], [107.12056033, 47.86884162], [107.12055799, 47.8688437], [107.12055575, 47.86884584], [107.12055363, 47.86884802], [107.12055161, 47.86885026], [107.12054972, 47.86885254], [107.12054794, 47.86885486], [107.12054628, 47.86885722], [107.12054475, 47.86885962], [107.12054334, 47.86886205], [107.12054205, 47.86886452], [107.12054089, 47.86886701], [107.12053986, 47.86886953], [107.12053896, 47.86887207], [107.12053819, 47.86887463], [107.12053755, 47.8688772], [107.12053705, 47.86887979], [107.12053667, 47.86888239], [107.12053643, 47.868885], [107.12053633, 47.86888761], [107.12053636, 47.86889022], [107.12053652, 47.86889283], [107.12053682, 47.86889544], [107.12053725, 47.86889803], [107.12053781, 47.86890062], [107.1205385, 47.86890319], [107.12053933, 47.86890574], [107.12054028, 47.86890827], [107.12054137, 47.86891078], [107.12054258, 47.86891326], [107.12054392, 47.86891571], [107.12054539, 47.86891813], [107.12054698, 47.86892051], [107.12054868, 47.86892286], [107.12055051, 47.86892516], [107.12055246, 47.86892742], [107.12055452, 47.86892963], [107.12055669, 47.8689318], [107.12055897, 47.86893391], [107.12056136, 47.86893597], [107.12056386, 47.86893797], [107.12056645, 47.86893991], [107.12056914, 47.86894179], [107.12057193, 47.86894361], [107.12057481, 47.86894536], [107.12057777, 47.86894705], [107.12058083, 47.86894866], [107.12058396, 47.86895021], [107.12058717, 47.86895167], [107.12059045, 47.86895307], [107.1205938, 47.86895438], [107.12059722, 47.86895562], [107.120464, 47.86905022], [107.12046218, 47.86904807], [107.12046025, 47.86904596], [107.12045821, 47.8690439], [107.12045607, 47.86904189], [107.12045382, 47.86903993], [107.12045148, 47.86903802], [107.12044904, 47.86903617], [107.12044651, 47.86903437], [107.12044389, 47.86903264], [107.12044118, 47.86903096], [107.12043838, 47.86902935], [107.12043551, 47.86902781], [107.12043256, 47.86902633], [107.12042953, 47.86902492], [107.12042644, 47.86902359], [107.12042328, 47.86902232], [107.12042005, 47.86902113], [107.12041677, 47.86902002], [107.12041343, 47.86901898], [107.12041004, 47.86901802], [107.1204066, 47.86901713], [107.12040312, 47.86901633], [107.1203996, 47.86901561], [107.12039605, 47.86901497], [107.12039246, 47.86901442], [107.12038885, 47.86901394], [107.12038522, 47.86901355], [107.12038157, 47.86901325], [107.12037791, 47.86901303], [107.12037423, 47.86901289], [107.12037056, 47.86901284], [107.12036688, 47.86901288], [107.1203632, 47.869013], [107.12035954, 47.8690132], [107.12035589, 47.86901349], [107.12035225, 47.86901387], [107.12034863, 47.86901432], [107.12034505, 47.86901487], [107.12034149, 47.86901549], [107.12033796, 47.8690162], [107.12033447, 47.86901698], [107.12033103, 47.86901785], [107.12032763, 47.8690188], [107.12032428, 47.86901982], [107.12032099, 47.86902092], [107.12031775, 47.8690221], [107.12031458, 47.86902335], [107.12031147, 47.86902468], [107.12030843, 47.86902607], [107.12030547, 47.86902754], [107.12030258, 47.86902907], [107.12029977, 47.86903067], [107.12029704, 47.86903233], [107.12029441, 47.86903405], [107.12029186, 47.86903584], [107.11894832, 47.87000954], [107.1189452, 47.8700116], [107.11894218, 47.87001374], [107.11893928, 47.87001595], [107.1189365, 47.87001823], [107.11893383, 47.87002057], [107.11893129, 47.87002297], [107.11892888, 47.87002543], [107.11892659, 47.87002795], [107.11892443, 47.87003051], [107.11892241, 47.87003313], [107.11892053, 47.87003579], [107.11891878, 47.87003849], [107.11891718, 47.87004124], [107.11891572, 47.87004402], [107.1189144, 47.87004683], [107.11891323, 47.87004967], [107.11891221, 47.87005254], [107.11891133, 47.87005543], [107.11891061, 47.87005833], [107.11891004, 47.87006126], [107.11890962, 47.87006419], [107.11890935, 47.87006713], [107.11890923, 47.87007008], [107.11890927, 47.87007303], [107.11890946, 47.87007598], [107.1189098, 47.87007891], [107.1189103, 47.87008184], [107.11891094, 47.87008476], [107.11891174, 47.87008766], [107.11891269, 47.87009054], [107.11891378, 47.87009339], [107.11891502, 47.87009622], [107.11891641, 47.87009902], [107.11891794, 47.87010178], [107.11891962, 47.8701045], [107.11892143, 47.87010719], [107.11892338, 47.87010983], [107.11892547, 47.87011242], [107.11892769, 47.87011496], [107.11893004, 47.87011745], [107.11893252, 47.87011988], [107.11893512, 47.87012225], [107.11893784, 47.87012456], [107.11894068, 47.87012681], [107.11894364, 47.87012898], [107.11894671, 47.87013109], [107.11894988, 47.87013312], [107.11895316, 47.87013508], [107.11895654, 47.87013696], [107.11896001, 47.87013875], [107.11896357, 47.87014047], [107.11896722, 47.8701421], [107.11897095, 47.87014365], [107.11897476, 47.8701451], [107.11897865, 47.87014647], [107.1189826, 47.87014774], [107.11898661, 47.87014892], [107.11899069, 47.87015001], [107.11899481, 47.870151], [107.11899899, 47.87015189], [107.11886877, 47.87024254]], [[107.11871434, 47.86998375], [107.11871714, 47.86998535], [107.11872001, 47.86998688], [107.11872297, 47.86998834], [107.11872599, 47.86998973], [107.11872908, 47.86999106], [107.11873225, 47.86999231], [107.11873547, 47.86999349], [107.11873875, 47.86999459], [107.11874208, 47.86999562], [107.11874547, 47.86999656], [107.1187489, 47.86999743], [107.11875237, 47.86999823], [107.11875588, 47.86999894], [107.11875943, 47.86999956], [107.118763, 47.87000011], [107.11876661, 47.87000057], [107.11877023, 47.87000095], [107.11877387, 47.87000125], [107.11877752, 47.87000146], [107.11878118, 47.87000159], [107.11878485, 47.87000163], [107.11878852, 47.87000159], [107.11879218, 47.87000147], [107.11879583, 47.87000126], [107.11879947, 47.87000096], [107.11880309, 47.87000058], [107.1188067, 47.87000012], [107.11881027, 47.86999958], [107.11881382, 47.86999895], [107.11881733, 47.86999824], [107.11882081, 47.86999746], [107.11882424, 47.86999659], [107.11882762, 47.86999564], [107.11883096, 47.86999462], [107.11883424, 47.86999352], [107.11883746, 47.86999234], [107.11884063, 47.86999109], [107.11884372, 47.86998977], [107.11884675, 47.86998838], [107.1188497, 47.86998691], [107.11885258, 47.86998539], [107.11885538, 47.86998379], [107.1188581, 47.86998213], [107.11886073, 47.86998042], [107.11886327, 47.86997864], [107.11947397, 47.86953605], [107.11977415, 47.86931851], [107.12022055, 47.86899498], [107.12022304, 47.86899311], [107.12022544, 47.86899118], [107.12022773, 47.8689892], [107.12022992, 47.86898716], [107.120232, 47.86898508], [107.12023397, 47.86898294], [107.12023583, 47.86898077], [107.12023757, 47.86897855], [107.1202392, 47.86897629], [107.12024071, 47.86897399], [107.1202421, 47.86897166], [107.12024337, 47.8689693], [107.12024452, 47.86896691], [107.12024554, 47.86896449], [107.12024643, 47.86896205], [107.1202472, 47.86895959], [107.12024784, 47.86895712], [107.12024835, 47.86895463], [107.12024874, 47.86895213], [107.12024899, 47.86894963], [107.12024911, 47.86894712], [107.1202491, 47.86894461], [107.12024896, 47.8689421], [107.12024869, 47.86893959], [107.1202483, 47.86893709], [107.12024777, 47.86893461], [107.12024711, 47.86893213], [107.12024633, 47.86892968], [107.12024542, 47.86892724], [107.12024438, 47.86892483], [107.12024322, 47.86892244], [107.12024193, 47.86892009], [107.12024053, 47.86891776], [107.120239, 47.86891547], [107.12023736, 47.86891321], [107.1202356, 47.868911], [107.12023373, 47.86890882], [107.12023174, 47.8689067], [107.12022965, 47.86890462], [107.12022745, 47.86890259], [107.12022514, 47.86890061], [107.12022274, 47.86889869], [107.12022023, 47.86889683], [107.12021763, 47.86889503], [107.12021494, 47.86889329], [107.11878618, 47.86800072], [107.11878201, 47.8679982], [107.11877771, 47.86799579], [107.11877329, 47.86799347], [107.11876876, 47.86799127], [107.11876411, 47.86798917], [107.11875935, 47.86798718], [107.1187545, 47.8679853], [107.11874955, 47.86798354], [107.11874451, 47.8679819], [107.11873939, 47.86798037], [107.11873419, 47.86797897], [107.11872893, 47.86797769], [107.1187236, 47.86797653], [107.11871821, 47.8679755], [107.11871278, 47.8679746], [107.1187073, 47.86797382], [107.11870178, 47.86797317], [107.11869624, 47.86797266], [107.11869067, 47.86797227], [107.11868508, 47.86797202], [107.11867948, 47.86797189], [107.11867389, 47.8679719], [107.11866829, 47.86797204], [107.11866271, 47.86797231], [107.11865714, 47.86797272], [107.1186516, 47.86797325], [107.11864608, 47.86797391], [107.11864061, 47.8679747], [107.11863518, 47.86797562], [107.1186298, 47.86797667], [107.11862448, 47.86797784], [107.11861922, 47.86797914], [107.11861404, 47.86798055], [107.11860893, 47.86798209], [107.1186039, 47.86798375], [107.11859896, 47.86798553], [107.11859412, 47.86798742], [107.11858938, 47.86798942], [107.11858474, 47.86799154], [107.11858022, 47.86799376], [107.11857581, 47.86799608], [107.11857153, 47.86799851], [107.11856738, 47.86800104], [107.11856336, 47.86800366], [107.11855948, 47.86800638], [107.11812997, 47.86831765], [107.11766606, 47.86865385], [107.11723802, 47.86896405], [107.1172343, 47.86896684], [107.11723073, 47.86896972], [107.1172273, 47.86897268], [107.11722403, 47.86897572], [107.11722092, 47.86897883], [107.11721798, 47.86898201], [107.11721519, 47.86898526], [107.11721258, 47.86898858], [107.11721014, 47.86899195], [107.11720788, 47.86899538], [107.11720579, 47.86899885], [107.11720389, 47.86900238], [107.11720217, 47.86900595], [107.11720063, 47.86900955], [107.11719928, 47.86901319], [107.11719812, 47.86901686], [107.11719715, 47.86902055], [107.11719637, 47.86902427], [107.11719579, 47.869028], [107.11719539, 47.86903174], [107.11719519, 47.86903549], [107.11719519, 47.86903924], [107.11719537, 47.86904299], [107.11719575, 47.86904673], [107.11719633, 47.86905046], [107.11719709, 47.86905418], [107.11719805, 47.86905787], [107.1171992, 47.86906154], [107.11720054, 47.86906518], [107.11720206, 47.86906879], [107.11720377, 47.86907236], [107.11720566, 47.86907589], [107.11720774, 47.86907937], [107.11720999, 47.8690828], [107.11721242, 47.86908618], [107.11721502, 47.8690895], [107.11721779, 47.86909275], [107.11722072, 47.86909594], [107.11722382, 47.86909906], [107.11722708, 47.8691021], [107.1172305, 47.86910507], [107.11723406, 47.86910795], [107.11723777, 47.86911075], [107.11724163, 47.86911346], [107.11724562, 47.86911608], [107.11724974, 47.8691186], [107.11871434, 47.86998375]], [[107.11940284, 47.86821413], [107.11996496, 47.86856529], [107.12034227, 47.868801], [107.12034505, 47.86880268], [107.12034792, 47.86880429], [107.12035087, 47.86880583], [107.12035389, 47.8688073], [107.12035699, 47.8688087], [107.12036016, 47.86881003], [107.1203634, 47.86881128], [107.1203667, 47.86881245], [107.12037005, 47.86881355], [107.12037347, 47.86881457], [107.12037693, 47.8688155], [107.12038044, 47.86881636], [107.12038399, 47.86881713], [107.12038759, 47.86881781], [107.12039121, 47.86881842], [107.12039486, 47.86881893], [107.12039854, 47.86881936], [107.12040224, 47.86881971], [107.12040595, 47.86881996], [107.12040967, 47.86882013], [107.12041341, 47.86882022], [107.12041714, 47.86882021], [107.12042087, 47.86882012], [107.12042459, 47.86881994], [107.1204283, 47.86881967], [107.120432, 47.86881931], [107.12043567, 47.86881887], [107.12043932, 47.86881834], [107.12044294, 47.86881773], [107.12044653, 47.86881703], [107.12045008, 47.86881625], [107.12045358, 47.86881539], [107.12045704, 47.86881444], [107.12046044, 47.86881342], [107.1204638, 47.86881231], [107.12046709, 47.86881113], [107.12047032, 47.86880987], [107.12047348, 47.86880853], [107.12047657, 47.86880712], [107.12047958, 47.86880564], [107.12048252, 47.86880409], [107.12048537, 47.86880247], [107.12048814, 47.86880079], [107.12049082, 47.86879904], [107.12049341, 47.86879723], [107.12134434, 47.8681805], [107.12225371, 47.8675214], [107.1222562, 47.86751953], [107.12225859, 47.8675176], [107.12226089, 47.86751562], [107.12226307, 47.86751359], [107.12226515, 47.8675115], [107.12226712, 47.86750937], [107.12226898, 47.86750719], [107.12227073, 47.86750497], [107.12227236, 47.86750271], [107.12227387, 47.86750041], [107.12227526, 47.86749808], [107.12227653, 47.86749572], [107.12227767, 47.86749333], [107.12227869, 47.86749091], [107.12227959, 47.86748847], [107.12228036, 47.86748602], [107.122281, 47.86748354], [107.12228151, 47.86748105], [107.12228189, 47.86747856], [107.12228214, 47.86747605], [107.12228226, 47.86747354], [107.12228226, 47.86747103], [107.12228212, 47.86746852], [107.12228185, 47.86746601], [107.12228145, 47.86746352], [107.12228092, 47.86746103], [107.12228027, 47.86745856], [107.12227948, 47.8674561], [107.12227857, 47.86745367], [107.12227753, 47.86745125], [107.12227637, 47.86744887], [107.12227509, 47.86744651], [107.12227368, 47.86744418], [107.12227216, 47.86744189], [107.12227051, 47.86743963], [107.12226875, 47.86743742], [107.12226688, 47.86743525], [107.12226489, 47.86743312], [107.1222628, 47.86743104], [107.1222606, 47.86742901], [107.1222583, 47.86742704], [107.12225589, 47.86742512], [107.12225339, 47.86742325], [107.12225079, 47.86742145], [107.1222481, 47.86741971], [107.12187078, 47.86718401], [107.12139819, 47.86688878], [107.12063287, 47.86641067], [107.12063008, 47.86640899], [107.12062721, 47.86640738], [107.12062426, 47.86640584], [107.12062124, 47.86640437], [107.12061813, 47.86640296], [107.12061496, 47.86640164], [107.12061172, 47.86640038], [107.12060841, 47.86639921], [107.12060505, 47.86639811], [107.12060163, 47.8663971], [107.12059816, 47.86639616], [107.12059465, 47.86639531], [107.12059109, 47.86639454], [107.12058749, 47.86639385], [107.12058386, 47.86639325], [107.1205802, 47.86639273], [107.12057652, 47.8663923], [107.12057282, 47.86639196], [107.1205691, 47.86639171], [107.12056537, 47.86639154], [107.12056164, 47.86639146], [107.1205579, 47.86639147], [107.12055416, 47.86639156], [107.12055044, 47.86639175], [107.12054672, 47.86639202], [107.12054302, 47.86639238], [107.12053934, 47.86639282], [107.12053569, 47.86639335], [107.12053207, 47.86639397], [107.12052848, 47.86639467], [107.12052493, 47.86639546], [107.12052142, 47.86639632], [107.12051796, 47.86639728], [107.12051455, 47.86639831], [107.1205112, 47.86639942], [107.12050791, 47.86640061], [107.12050468, 47.86640187], [107.12050151, 47.86640321], [107.12049842, 47.86640463], [107.12049541, 47.86640612], [107.12049247, 47.86640767], [107.12048962, 47.8664093], [107.12048685, 47.86641099], [107.12048418, 47.86641274], [107.12048159, 47.86641456], [107.1204791, 47.86641643], [107.12047671, 47.86641837], [107.12047442, 47.86642036], [107.12047224, 47.8664224], [107.12047016, 47.86642449], [107.1204682, 47.86642663], [107.12046634, 47.86642881], [107.12039408, 47.86651516], [107.1202748, 47.86664839], [107.1201486, 47.8667787], [107.12001566, 47.86690594], [107.11987613, 47.86702994], [107.11973019, 47.86715056], [107.11957802, 47.86726764], [107.11904607, 47.86765373], [107.1189051, 47.8677559], [107.11890136, 47.8677587], [107.11889777, 47.86776159], [107.11889434, 47.86776457], [107.11889105, 47.86776762], [107.11888793, 47.86777075], [107.11888498, 47.86777395], [107.11888219, 47.86777721], [107.11887957, 47.86778054], [107.11887713, 47.86778393], [107.11887486, 47.86778738], [107.11887277, 47.86779087], [107.11887087, 47.86779442], [107.11886915, 47.867798], [107.11886762, 47.86780163], [107.11886628, 47.86780528], [107.11886513, 47.86780897], [107.11886417, 47.86781268], [107.1188634, 47.86781642], [107.11886283, 47.86782016], [107.11886245, 47.86782392], [107.11886226, 47.86782769], [107.11886228, 47.86783145], [107.11886248, 47.86783522], [107.11886289, 47.86783898], [107.11886348, 47.86784272], [107.11886427, 47.86784645], [107.11886526, 47.86785016], [107.11886643, 47.86785385], [107.1188678, 47.8678575], [107.11886936, 47.86786112], [107.1188711, 47.8678647], [107.11887302, 47.86786824], [107.11887513, 47.86787173], [107.11887742, 47.86787516], [107.11887989, 47.86787855], [107.11888253, 47.86788187], [107.11888534, 47.86788513], [107.11888831, 47.86788832], [107.11889145, 47.86789144], [107.11889476, 47.86789448], [107.11889821, 47.86789744], [107.11890182, 47.86790033], [107.11890558, 47.86790312], [107.11890947, 47.86790582], [107.11891351, 47.86790844], [107.11940284, 47.86821413]], [[107.12164379, 47.86688265], [107.12164192, 47.86688405], [107.12164012, 47.86688549], [107.1216384, 47.86688698], [107.12163676, 47.86688851], [107.1216352, 47.86689007], [107.12163372, 47.86689167], [107.12163233, 47.86689331], [107.12163102, 47.86689497], [107.1216298, 47.86689667], [107.12162867, 47.86689839], [107.12162762, 47.86690014], [107.12162667, 47.86690191], [107.12162581, 47.8669037], [107.12162505, 47.86690551], [107.12162437, 47.86690734], [107.1216238, 47.86690918], [107.12162332, 47.86691104], [107.12162293, 47.86691291], [107.12162265, 47.86691478], [107.12162246, 47.86691666], [107.12162237, 47.86691854], [107.12162237, 47.86692043], [107.12162248, 47.86692231], [107.12162268, 47.86692419], [107.12162298, 47.86692606], [107.12162337, 47.86692793], [107.12162386, 47.86692978], [107.12162445, 47.86693162], [107.12162514, 47.86693345], [107.12162591, 47.86693526], [107.12162678, 47.86693705], [107.12162775, 47.86693882], [107.1216288, 47.86694056], [107.12162995, 47.86694228], [107.12163118, 47.86694397], [107.1216325, 47.86694563], [107.1216339, 47.86694726], [107.12163539, 47.86694886], [107.12163696, 47.86695042], [107.12163861, 47.86695194], [107.12164034, 47.86695342], [107.12164215, 47.86695486], [107.12164402, 47.86695626], [107.12164597, 47.86695761], [107.12164799, 47.86695892], [107.12231176, 47.86737357], [107.12231454, 47.86737524], [107.1223174, 47.86737685], [107.12232035, 47.86737839], [107.12232337, 47.86737987], [107.12232647, 47.86738127], [107.12232964, 47.86738259], [107.12233288, 47.86738384], [107.12233618, 47.86738502], [107.12233954, 47.86738611], [107.12234295, 47.86738713], [107.12234641, 47.86738807], [107.12234993, 47.86738892], [107.12235348, 47.86738969], [107.12235707, 47.86739038], [107.12236069, 47.86739098], [107.12236434, 47.8673915], [107.12236802, 47.86739193], [107.12237172, 47.86739227], [107.12237543, 47.86739253], [107.12237916, 47.8673927], [107.12238289, 47.86739278], [107.12238662, 47.86739277], [107.12239035, 47.86739268], [107.12239407, 47.8673925], [107.12239778, 47.86739223], [107.12240148, 47.86739188], [107.12240515, 47.86739143], [107.1224088, 47.86739091], [107.12241242, 47.86739029], [107.12241601, 47.8673896], [107.12241956, 47.86738881], [107.12242306, 47.86738795], [107.12242652, 47.867387], [107.12242993, 47.86738598], [107.12243328, 47.86738487], [107.12243657, 47.86738369], [107.1224398, 47.86738243], [107.12244296, 47.86738109], [107.12244605, 47.86737968], [107.12244906, 47.8673782], [107.122452, 47.86737665], [107.12245485, 47.86737503], [107.12245762, 47.86737335], [107.1224603, 47.8673716], [107.12246289, 47.86736979], [107.12253564, 47.86731705], [107.12253814, 47.86731518], [107.12254053, 47.86731325], [107.12254282, 47.86731127], [107.12254501, 47.86730924], [107.12254709, 47.86730715], [107.12254906, 47.86730502], [107.12255092, 47.86730284], [107.12255266, 47.86730062], [107.12255429, 47.86729836], [107.1225558, 47.86729606], [107.12255719, 47.86729373], [107.12255846, 47.86729137], [107.12255961, 47.86728898], [107.12256063, 47.86728656], [107.12256152, 47.86728413], [107.12256229, 47.86728167], [107.12256293, 47.86727919], [107.12256344, 47.86727671], [107.12256382, 47.86727421], [107.12256408, 47.8672717], [107.1225642, 47.86726919], [107.12256419, 47.86726668], [107.12256405, 47.86726417], [107.12256378, 47.86726166], [107.12256338, 47.86725917], [107.12256286, 47.86725668], [107.1225622, 47.86725421], [107.12256142, 47.86725175], [107.12256051, 47.86724932], [107.12255947, 47.8672469], [107.12255831, 47.86724452], [107.12255702, 47.86724216], [107.12255562, 47.86723983], [107.12255409, 47.86723754], [107.12255245, 47.86723528], [107.12255069, 47.86723307], [107.12254881, 47.8672309], [107.12254683, 47.86722877], [107.12254473, 47.86722669], [107.12254253, 47.86722466], [107.12254023, 47.86722269], [107.12253782, 47.86722077], [107.12253532, 47.8672189], [107.12253272, 47.8672171], [107.12253003, 47.86721536], [107.12186627, 47.86680072], [107.12186419, 47.86679946], [107.12186204, 47.86679825], [107.12185983, 47.8667971], [107.12185756, 47.86679599], [107.12185524, 47.86679494], [107.12185286, 47.86679395], [107.12185043, 47.86679301], [107.12184796, 47.86679213], [107.12184544, 47.86679131], [107.12184288, 47.86679055], [107.12184028, 47.86678984], [107.12183765, 47.8667892], [107.12183498, 47.86678863], [107.12183229, 47.86678811], [107.12182957, 47.86678766], [107.12182683, 47.86678727], [107.12182408, 47.86678695], [107.1218213, 47.86678669], [107.12181852, 47.8667865], [107.12181573, 47.86678637], [107.12181293, 47.86678631], [107.12181013, 47.86678631], [107.12180733, 47.86678638], [107.12180454, 47.86678652], [107.12180176, 47.86678672], [107.12179898, 47.86678699], [107.12179623, 47.86678732], [107.12179349, 47.86678771], [107.12179078, 47.86678817], [107.12178809, 47.86678869], [107.12178543, 47.86678928], [107.1217828, 47.86678993], [107.12178021, 47.86679064], [107.12177765, 47.86679141], [107.12177514, 47.86679224], [107.12177267, 47.86679313], [107.12177025, 47.86679407], [107.12176788, 47.86679507], [107.12176556, 47.86679613], [107.1217633, 47.86679724], [107.1217611, 47.8667984], [107.12175895, 47.86679962], [107.12175688, 47.86680088], [107.12175487, 47.86680219], [107.12175293, 47.86680355], [107.12164379, 47.86688265]], [[107.12221641, 47.86693353], [107.12259369, 47.86716922], [107.12259647, 47.86717089], [107.12259934, 47.8671725], [107.12260228, 47.86717405], [107.12260531, 47.86717552], [107.12260841, 47.86717692], [107.12261158, 47.86717824], [107.12261481, 47.86717949], [107.12261811, 47.86718067], [107.12262147, 47.86718176], [107.12262488, 47.86718278], [107.12262835, 47.86718372], [107.12263186, 47.86718457], [107.12263541, 47.86718534], [107.122639, 47.86718603], [107.12264263, 47.86718663], [107.12264628, 47.86718715], [107.12264996, 47.86718758], [107.12265365, 47.86718792], [107.12265737, 47.86718818], [107.12266109, 47.86718835], [107.12266482, 47.86718843], [107.12266855, 47.86718842], [107.12267228, 47.86718833], [107.12267601, 47.86718815], [107.12267972, 47.86718788], [107.12268341, 47.86718753], [107.12268709, 47.86718709], [107.12269074, 47.86718656], [107.12269436, 47.86718595], [107.12269794, 47.86718525], [107.12270149, 47.86718447], [107.12270499, 47.8671836], [107.12270845, 47.86718266], [107.12271186, 47.86718163], [107.12271521, 47.86718052], [107.1227185, 47.86717934], [107.12272173, 47.86717808], [107.12272489, 47.86717674], [107.12272798, 47.86717533], [107.122731, 47.86717385], [107.12273393, 47.8671723], [107.12273679, 47.86717068], [107.12273955, 47.867169], [107.12274223, 47.86716725], [107.12274482, 47.86716544], [107.12325582, 47.86679505], [107.1235057, 47.86661394], [107.12402414, 47.86623814], [107.12402664, 47.86623627], [107.12402903, 47.86623434], [107.12403132, 47.86623236], [107.12403351, 47.86623033], [107.12403559, 47.86622824], [107.12403756, 47.86622611], [107.12403942, 47.86622393], [107.12404116, 47.86622171], [107.12404279, 47.86621945], [107.1240443, 47.86621715], [107.12404569, 47.86621482], [107.12404696, 47.86621246], [107.12404811, 47.86621007], [107.12404913, 47.86620765], [107.12405002, 47.86620521], [107.12405079, 47.86620276], [107.12405143, 47.86620028], [107.12405194, 47.86619779], [107.12405232, 47.8661953], [107.12405257, 47.86619279], [107.1240527, 47.86619028], [107.12405269, 47.86618777], [107.12405255, 47.86618526], [107.12405228, 47.86618275], [107.12405188, 47.86618026], [107.12405135, 47.86617777], [107.1240507, 47.8661753], [107.12404991, 47.86617284], [107.124049, 47.86617041], [107.12404797, 47.86616799], [107.1240468, 47.86616561], [107.12404552, 47.86616325], [107.12404411, 47.86616092], [107.12404259, 47.86615863], [107.12404094, 47.86615637], [107.12403918, 47.86615416], [107.12403731, 47.86615199], [107.12403533, 47.86614986], [107.12403323, 47.86614778], [107.12403103, 47.86614575], [107.12402873, 47.86614378], [107.12402632, 47.86614186], [107.12402382, 47.86613999], [107.12402122, 47.86613819], [107.12401853, 47.86613645], [107.12364133, 47.86590082], [107.12337446, 47.86573411], [107.12337168, 47.86573244], [107.12336881, 47.86573083], [107.12336587, 47.86572929], [107.12336284, 47.86572781], [107.12335974, 47.86572641], [107.12335657, 47.86572509], [107.12335334, 47.86572384], [107.12335004, 47.86572266], [107.12334668, 47.86572157], [107.12334327, 47.86572055], [107.1233398, 47.86571962], [107.12333629, 47.86571876], [107.12333274, 47.86571799], [107.12332915, 47.8657173], [107.12332553, 47.8657167], [107.12332187, 47.86571618], [107.1233182, 47.86571575], [107.1233145, 47.86571541], [107.12331079, 47.86571515], [107.12330706, 47.86571498], [107.12330333, 47.8657149], [107.1232996, 47.86571491], [107.12329587, 47.865715], [107.12329215, 47.86571518], [107.12328844, 47.86571545], [107.12328474, 47.8657158], [107.12328107, 47.86571625], [107.12327742, 47.86571677], [107.1232738, 47.86571739], [107.12327021, 47.86571808], [107.12326667, 47.86571887], [107.12326316, 47.86571973], [107.1232597, 47.86572068], [107.1232563, 47.8657217], [107.12325295, 47.86572281], [107.12324966, 47.86572399], [107.12324643, 47.86572525], [107.12324327, 47.86572659], [107.12324018, 47.865728], [107.12323716, 47.86572948], [107.12323423, 47.86573103], [107.12323137, 47.86573265], [107.1232286, 47.86573433], [107.12322592, 47.86573608], [107.12322334, 47.86573789], [107.1228777, 47.86598839], [107.12249569, 47.86626525], [107.12194393, 47.86666513], [107.12194144, 47.866667], [107.12193904, 47.86666893], [107.12193675, 47.86667091], [107.12193457, 47.86667294], [107.12193248, 47.86667503], [107.12193051, 47.86667716], [107.12192865, 47.86667934], [107.12192691, 47.86668156], [107.12192528, 47.86668382], [107.12192377, 47.86668612], [107.12192238, 47.86668845], [107.12192111, 47.86669081], [107.12191996, 47.8666932], [107.12191894, 47.86669562], [107.12191805, 47.86669805], [107.12191728, 47.86670051], [107.12191664, 47.86670299], [107.12191613, 47.86670547], [107.12191575, 47.86670797], [107.12191549, 47.86671048], [107.12191537, 47.86671299], [107.12191538, 47.8667155], [107.12191552, 47.86671801], [107.12191579, 47.86672052], [107.12191618, 47.86672301], [107.12191671, 47.8667255], [107.12191737, 47.86672797], [107.12191815, 47.86673043], [107.12191906, 47.86673286], [107.1219201, 47.86673528], [107.12192126, 47.86673766], [107.12192255, 47.86674002], [107.12192395, 47.86674235], [107.12192548, 47.86674464], [107.12192712, 47.8667469], [107.12192888, 47.86674911], [107.12193075, 47.86675128], [107.12193274, 47.86675341], [107.12193483, 47.86675549], [107.12193703, 47.86675752], [107.12193934, 47.8667595], [107.12194174, 47.86676142], [107.12194425, 47.86676328], [107.12194685, 47.86676508], [107.12194954, 47.86676682], [107.12221641, 47.86693353]], [[107.12180281, 47.86664519], [107.12180653, 47.866645], [107.12181025, 47.86664474], [107.12181394, 47.86664438], [107.12181761, 47.86664394], [107.12182126, 47.86664341], [107.12182488, 47.8666428], [107.12182847, 47.8666421], [107.12183202, 47.86664132], [107.12183552, 47.86664046], [107.12183898, 47.86663951], [107.12184239, 47.86663848], [107.12184574, 47.86663738], [107.12184903, 47.86663619], [107.12185226, 47.86663493], [107.12185542, 47.8666336], [107.12185851, 47.86663219], [107.12186152, 47.86663071], [107.12186446, 47.86662916], [107.12186731, 47.86662754], [107.12187008, 47.86662585], [107.12187276, 47.86662411], [107.12187535, 47.8666223], [107.12294557, 47.86584667], [107.12315476, 47.86569506], [107.12315725, 47.86569319], [107.12315964, 47.86569126], [107.12316193, 47.86568928], [107.12316412, 47.86568724], [107.1231662, 47.86568516], [107.12316817, 47.86568303], [107.12317003, 47.86568085], [107.12317178, 47.86567863], [107.1231734, 47.86567637], [107.12317491, 47.86567407], [107.12317631, 47.86567174], [107.12317757, 47.86566938], [107.12317872, 47.86566699], [107.12317974, 47.86566457], [107.12318064, 47.86566213], [107.1231814, 47.86565967], [107.12318204, 47.8656572], [107.12318256, 47.86565471], [107.12318294, 47.86565221], [107.12318319, 47.86564971], [107.12318331, 47.8656472], [107.1231833, 47.86564469], [107.12318317, 47.86564218], [107.1231829, 47.86563967], [107.1231825, 47.86563717], [107.12318197, 47.86563469], [107.12318131, 47.86563221], [107.12318053, 47.86562976], [107.12317962, 47.86562732], [107.12317858, 47.86562491], [107.12317742, 47.86562252], [107.12317614, 47.86562016], [107.12317473, 47.86561784], [107.12317321, 47.86561554], [107.12317156, 47.86561329], [107.1231698, 47.86561107], [107.12316793, 47.8656089], [107.12316594, 47.86560678], [107.12316385, 47.8656047], [107.12316165, 47.86560267], [107.12315934, 47.86560069], [107.12315694, 47.86559877], [107.12315443, 47.86559691], [107.12315184, 47.86559511], [107.12314914, 47.86559336], [107.1217863, 47.86474199], [107.1217836, 47.86474036], [107.12178081, 47.86473878], [107.12177795, 47.86473728], [107.12177501, 47.86473584], [107.121772, 47.86473447], [107.12176892, 47.86473317], [107.12176578, 47.86473193], [107.12176258, 47.86473078], [107.12175932, 47.86472969], [107.12175601, 47.86472868], [107.12175265, 47.86472775], [107.12174924, 47.86472689], [107.1217458, 47.86472612], [107.12174231, 47.86472542], [107.12173879, 47.8647248], [107.12173525, 47.86472426], [107.12173168, 47.86472381], [107.12172808, 47.86472343], [107.12135911, 47.86468937], [107.1213554, 47.86468907], [107.12135168, 47.86468886], [107.12134795, 47.86468874], [107.12134421, 47.8646887], [107.12134048, 47.86468875], [107.12133674, 47.86468889], [107.12133302, 47.86468912], [107.12132932, 47.86468944], [107.12132563, 47.86468984], [107.12132196, 47.86469033], [107.12131832, 47.8646909], [107.12131472, 47.86469156], [107.12131115, 47.86469231], [107.12130762, 47.86469313], [107.12130414, 47.86469404], [107.1213007, 47.86469504], [107.12129732, 47.86469611], [107.121294, 47.86469726], [107.12129074, 47.86469849], [107.12128755, 47.86469979], [107.12128442, 47.86470117], [107.12128137, 47.86470262], [107.12127839, 47.86470414], [107.1212755, 47.86470573], [107.12127269, 47.86470739], [107.12126997, 47.86470911], [107.12126734, 47.8647109], [107.1212648, 47.86471274], [107.12126236, 47.86471465], [107.12126002, 47.86471661], [107.12125779, 47.86471862], [107.12125566, 47.86472069], [107.12125364, 47.8647228], [107.12125173, 47.86472497], [107.12124993, 47.86472717], [107.12124825, 47.86472942], [107.12124669, 47.8647317], [107.12124524, 47.86473402], [107.12124392, 47.86473637], [107.12124272, 47.86473875], [107.12124165, 47.86474116], [107.1212407, 47.86474359], [107.12123987, 47.86474604], [107.12123918, 47.86474851], [107.12123861, 47.864751], [107.12123818, 47.8647535], [107.12122006, 47.86486179], [107.12119797, 47.86496974], [107.12116633, 47.865101], [107.12112845, 47.8652315], [107.12108438, 47.86536112], [107.12103415, 47.86548973], [107.12097783, 47.86561718], [107.12091919, 47.86573824], [107.12085537, 47.86585811], [107.12078641, 47.86597668], [107.12078507, 47.865979], [107.12078385, 47.86598134], [107.12078276, 47.86598372], [107.12078178, 47.86598612], [107.12078093, 47.86598854], [107.12078021, 47.86599098], [107.12077961, 47.86599344], [107.12077914, 47.8659959], [107.12077879, 47.86599838], [107.12077857, 47.86600086], [107.12077848, 47.86600335], [107.12077852, 47.86600584], [107.12077868, 47.86600832], [107.12077898, 47.8660108], [107.1207794, 47.86601327], [107.12077994, 47.86601573], [107.12078061, 47.86601818], [107.12078141, 47.86602061], [107.12078233, 47.86602302], [107.12078338, 47.8660254], [107.12078455, 47.86602776], [107.12078583, 47.8660301], [107.12078724, 47.8660324], [107.12078876, 47.86603466], [107.1207904, 47.86603689], [107.12079216, 47.86603908], [107.12079402, 47.86604123], [107.12079599, 47.86604333], [107.12079808, 47.86604539], [107.12080026, 47.8660474], [107.12080255, 47.86604935], [107.12080493, 47.86605125], [107.12080741, 47.86605309], [107.12080999, 47.86605488], [107.12081266, 47.8660566], [107.12172422, 47.86662607], [107.121727, 47.86662775], [107.12172987, 47.86662936], [107.12173281, 47.8666309], [107.12173584, 47.86663237], [107.12173894, 47.86663377], [107.12174211, 47.8666351], [107.12174534, 47.86663635], [107.12174864, 47.86663752], [107.121752, 47.86663862], [107.12175541, 47.86663963], [107.12175888, 47.86664057], [107.12176239, 47.86664142], [107.12176594, 47.86664219], [107.12176953, 47.86664288], [107.12177315, 47.86664348], [107.12177681, 47.866644], [107.12178048, 47.86664443], [107.12178418, 47.86664477], [107.12178789, 47.86664503], [107.12179162, 47.8666452], [107.12179535, 47.86664528], [107.12179908, 47.86664528], [107.12180281, 47.86664519]], [[107.12082774, 47.86615194], [107.12082496, 47.86615026], [107.1208221, 47.86614866], [107.12081916, 47.86614712], [107.12081614, 47.86614565], [107.12081305, 47.86614425], [107.12080988, 47.86614292], [107.12080665, 47.86614167], [107.12080335, 47.8661405], [107.1208, 47.8661394], [107.12079659, 47.86613839], [107.12079313, 47.86613745], [107.12078963, 47.8661366], [107.12078608, 47.86613583], [107.1207825, 47.86613514], [107.12077888, 47.86613454], [107.12077523, 47.86613402], [107.12077156, 47.86613359], [107.12076787, 47.86613324], [107.12076416, 47.86613298], [107.12076044, 47.86613281], [107.12075671, 47.86613273], [107.12075299, 47.86613273], [107.12074926, 47.86613282], [107.12074554, 47.866133], [107.12074184, 47.86613326], [107.12073815, 47.86613361], [107.12073448, 47.86613405], [107.12073083, 47.86613458], [107.12072721, 47.86613518], [107.12072363, 47.86613588], [107.12072009, 47.86613666], [107.12071659, 47.86613751], [107.12071313, 47.86613846], [107.12070973, 47.86613948], [107.12070638, 47.86614058], [107.12070309, 47.86614176], [107.12069986, 47.86614301], [107.1206967, 47.86614434], [107.12069361, 47.86614575], [107.12069059, 47.86614722], [107.12068766, 47.86614877], [107.1206848, 47.86615038], [107.12068203, 47.86615206], [107.12067935, 47.8661538], [107.12067676, 47.86615561], [107.12067427, 47.86615747], [107.12067187, 47.86615939], [107.12066958, 47.86616137], [107.12066739, 47.8661634], [107.1206653, 47.86616548], [107.12066333, 47.8661676], [107.12066146, 47.86616978], [107.12065971, 47.86617199], [107.12065808, 47.86617425], [107.12063873, 47.8662019], [107.12061062, 47.8662412], [107.12060906, 47.86624345], [107.12060762, 47.86624573], [107.12060629, 47.86624805], [107.12060509, 47.8662504], [107.120604, 47.86625277], [107.12060304, 47.86625516], [107.12060221, 47.86625758], [107.12060149, 47.86626001], [107.1206009, 47.86626246], [107.12060044, 47.86626493], [107.1206001, 47.8662674], [107.12059989, 47.86626987], [107.12059981, 47.86627235], [107.12059986, 47.86627484], [107.12060003, 47.86627731], [107.12060033, 47.86627979], [107.12060075, 47.86628225], [107.1206013, 47.86628471], [107.12060198, 47.86628715], [107.12060278, 47.86628957], [107.1206037, 47.86629197], [107.12060475, 47.86629435], [107.12060592, 47.8662967], [107.12060721, 47.86629903], [107.12060862, 47.86630132], [107.12061014, 47.86630358], [107.12061178, 47.8663058], [107.12061353, 47.86630799], [107.12061539, 47.86631013], [107.12061736, 47.86631223], [107.12061944, 47.86631428], [107.12062162, 47.86631628], [107.1206239, 47.86631823], [107.12062628, 47.86632012], [107.12062876, 47.86632196], [107.12063133, 47.86632374], [107.12063399, 47.86632546], [107.12146186, 47.86684264], [107.12146395, 47.8668439], [107.1214661, 47.86684511], [107.12146831, 47.86684626], [107.12147057, 47.86684737], [107.1214729, 47.86684842], [107.12147528, 47.86684941], [107.1214777, 47.86685035], [107.12148018, 47.86685123], [107.1214827, 47.86685205], [107.12148526, 47.86685282], [107.12148785, 47.86685352], [107.12149049, 47.86685416], [107.12149315, 47.86685474], [107.12149584, 47.86685525], [107.12149856, 47.8668557], [107.1215013, 47.86685609], [107.12150406, 47.86685641], [107.12150683, 47.86685667], [107.12150962, 47.86685687], [107.12151241, 47.86685699], [107.12151521, 47.86685705], [107.12151801, 47.86685705], [107.1215208, 47.86685698], [107.1215236, 47.86685684], [107.12152638, 47.86685664], [107.12152915, 47.86685638], [107.12153191, 47.86685605], [107.12153464, 47.86685565], [107.12153736, 47.86685519], [107.12154005, 47.86685467], [107.12154271, 47.86685408], [107.12154534, 47.86685343], [107.12154793, 47.86685272], [107.12155048, 47.86685195], [107.121553, 47.86685112], [107.12155547, 47.86685024], [107.12155789, 47.86684929], [107.12156026, 47.86684829], [107.12156258, 47.86684723], [107.12156484, 47.86684612], [107.12156704, 47.86684496], [107.12156918, 47.86684375], [107.12157126, 47.86684248], [107.12157327, 47.86684117], [107.12157521, 47.86683981], [107.12168435, 47.86676072], [107.12168622, 47.86675931], [107.12168801, 47.86675787], [107.12168973, 47.86675638], [107.12169137, 47.86675485], [107.12169293, 47.86675329], [107.12169441, 47.86675169], [107.1216958, 47.86675006], [107.12169711, 47.86674839], [107.12169834, 47.8667467], [107.12169947, 47.86674497], [107.12170051, 47.86674323], [107.12170146, 47.86674145], [107.12170232, 47.86673966], [107.12170309, 47.86673785], [107.12170376, 47.86673602], [107.12170434, 47.86673418], [107.12170482, 47.86673232], [107.1217052, 47.86673046], [107.12170549, 47.86672858], [107.12170568, 47.8667267], [107.12170577, 47.86672482], [107.12170576, 47.86672294], [107.12170566, 47.86672105], [107.12170546, 47.86671917], [107.12170516, 47.8667173], [107.12170476, 47.86671544], [107.12170427, 47.86671358], [107.12170368, 47.86671174], [107.121703, 47.86670991], [107.12170222, 47.8667081], [107.12170135, 47.86670631], [107.12170039, 47.86670454], [107.12169933, 47.8667028], [107.12169819, 47.86670108], [107.12169696, 47.86669939], [107.12169564, 47.86669773], [107.12169423, 47.8666961], [107.12169274, 47.8666945], [107.12169117, 47.86669294], [107.12168952, 47.86669142], [107.12168779, 47.86668994], [107.12168599, 47.8666885], [107.12168411, 47.8666871], [107.12168216, 47.86668575], [107.12168014, 47.86668444], [107.12082774, 47.86615194]]]}, "geometry_name": "geom", "properties": {"guid": 3115563, "id": 3115563, "object_no": null, "object_name": "Төлөвлөлтийн зам", "layer_type_id": 956, "valid_to": null, "address_no": null, "border_type": "solid", "border_width": 1, "border_color": "#999999", "border_opacity": 0.36, "border_wellknown": "shape://horizline", "fill_type": "color", "fill_color": "#bcbcbc", "fill_opacity": 0.36, "fill_wellknown": null, "fill_shape_color": null, "fill_shape_width": null, "fill_shape_size": null, "fill_img_url": null, "marker_img_url": null}},{"type": "Feature", "id": "layer_data_map.fid--27e80436_1a098c1eed1_-589f", "geometry": {"type": "Polygon", "coordinates": [[[107.01271433, 47.92608521], [107.0147406, 47.929534], [107.01474809, 47.9295505], [107.01475158, 47.92956759], [107.01475096, 47.92958484], [107.01474626, 47.9296018], [107.01473761, 47.92961805], [107.01472521, 47.92963315], [107.01470939, 47.92964674], [107.01469055, 47.92965846], [107.01466917, 47.92966801], [107.0146458, 47.92967515], [107.01462103, 47.9296797], [107.01448393, 47.92969984], [107.01434875, 47.92972519], [107.01421594, 47.92975567], [107.01397715, 47.92983088], [107.01294972, 47.93014704], [107.01279999, 47.9301996], [107.01265203, 47.93025438], [107.0125363, 47.93030842], [107.01242529, 47.93036676], [107.01231935, 47.93042921], [107.01221881, 47.93049557], [107.012124, 47.93056564], [107.01203521, 47.93063918], [107.01171132, 47.93090775], [107.01167924, 47.93093108], [107.010131, 47.9319208], [107.00888399, 47.93286678], [107.00885472, 47.93287985], [107.00882258, 47.93288939], [107.00878849, 47.93289512], [107.00875346, 47.9328969], [107.00871848, 47.93289465], [107.00868457, 47.93288845], [107.00865272, 47.93287848], [107.00862385, 47.93286502], [107.00859879, 47.93284847], [107.0081517, 47.9324981], [107.00334874, 47.92818913], [107.00327284, 47.92812565], [107.00319065, 47.92806582], [107.00310255, 47.92800991], [107.00300896, 47.92795819], [107.00291032, 47.9279109], [107.00280709, 47.92786826], [107.00269976, 47.92783048], [107.00258883, 47.92779773], [107.001958, 47.92762856], [107.00196442, 47.92779492], [107.00250452, 47.92793975], [107.00261473, 47.92797272], [107.00272077, 47.9280114], [107.00282197, 47.92805553], [107.00291773, 47.92810485], [107.00300745, 47.92815906], [107.00309058, 47.92821782], [107.00316661, 47.92828077], [107.00797409, 47.93259382], [107.00842606, 47.93294801], [107.00847012, 47.93297788], [107.00852012, 47.93300318], [107.00857501, 47.93302339], [107.00863365, 47.93303808], [107.00869483, 47.93304695], [107.00875727, 47.93304981], [107.00881967, 47.93304661], [107.00888074, 47.93303742], [107.00893921, 47.93302241], [107.00899386, 47.93300191], [107.00904355, 47.93297634], [107.01029486, 47.93202709], [107.01183606, 47.93104187], [107.0118872, 47.93100476], [107.01219845, 47.93074763], [107.01228021, 47.93067823], [107.01236781, 47.93061214], [107.01246097, 47.93054957], [107.01255936, 47.93049073], [107.01266265, 47.93043582], [107.01277051, 47.93038502], [107.01290881, 47.93033389], [107.0130487, 47.93028476], [107.01407279, 47.92996963], [107.01430397, 47.92989681], [107.01441932, 47.92987058], [107.01453663, 47.9298486], [107.01465554, 47.92983095], [107.0147757, 47.92981766], [107.01480235, 47.92981672], [107.01482885, 47.92981876], [107.01485449, 47.92982371], [107.01487856, 47.92983145], [107.01490039, 47.92984176], [107.01491938, 47.92985436], [107.014935, 47.92986889], [107.01494682, 47.92988496], [107.01628869, 47.93216855], [107.01629609, 47.93218478], [107.01629962, 47.93220159], [107.01629918, 47.93221856], [107.01629478, 47.93223528], [107.01628654, 47.93225132], [107.01627466, 47.9322663], [107.01625943, 47.93227984], [107.01624123, 47.93229161], [107.01565277, 47.93261636], [107.01542588, 47.93274511], [107.01520434, 47.93287799], [107.0149883, 47.93301491], [107.01477793, 47.93315576], [107.01510809, 47.93314997], [107.01533174, 47.93300701], [107.0155615, 47.93286849], [107.01579717, 47.93273453], [107.01774546, 47.93165934], [107.02287967, 47.92882557], [107.02404261, 47.92810999], [107.02406452, 47.92809867], [107.02408898, 47.92809005], [107.02411529, 47.92808437], [107.02414265, 47.92808181], [107.02417026, 47.92808244], [107.0241973, 47.92808623], [107.02422298, 47.92809309], [107.02424652, 47.9281028], [107.02426725, 47.92811508], [107.02428453, 47.92812957], [107.02429786, 47.92814583], [107.02475184, 47.92883357], [107.02478876, 47.92889632], [107.02481791, 47.92896089], [107.02483909, 47.92902685], [107.02485215, 47.92909375], [107.02536977, 47.93296938], [107.02559768, 47.93296536], [107.02507876, 47.92908008], [107.02506327, 47.92900075], [107.02503815, 47.92892253], [107.02500359, 47.92884596], [107.02495981, 47.92877155], [107.02443115, 47.92797069], [107.02419338, 47.92761047], [107.02415244, 47.92753985], [107.02412135, 47.927467], [107.02410036, 47.92739254], [107.02408965, 47.9273171], [107.02373181, 47.92319528], [107.02369478, 47.92282753], [107.02683687, 47.92269264], [107.02683265, 47.92258466], [107.02357119, 47.92272467], [107.01096642, 47.92372585], [107.00703659, 47.92413156], [107.00677105, 47.92415534], [107.0065043, 47.92417199], [107.00623679, 47.92418149], [107.00596892, 47.92418381], [107.00570112, 47.92417897], [107.00543383, 47.92416696], [107.00181621, 47.92395559], [107.0018204, 47.92406418], [107.00541992, 47.92427449], [107.00565446, 47.92428548], [107.00588943, 47.92429108], [107.00612454, 47.92429129], [107.00635952, 47.9242861], [107.0065941, 47.92427552], [107.00682801, 47.92425956], [107.00706097, 47.92423824], [107.01098598, 47.92383304], [107.01271433, 47.92608521]], [[107.01098594, 47.92383299], [107.01098803, 47.92383282], [107.01098598, 47.92383304], [107.01098594, 47.92383299]], [[107.01557984, 47.92346827], [107.01598402, 47.92346787], [107.01688182, 47.92339657], [107.01693778, 47.92339542], [107.01699318, 47.92340083], [107.01704635, 47.92341262], [107.01709566, 47.92343044], [107.01713962, 47.92345374], [107.01717689, 47.92348182], [107.01720634, 47.92351382], [107.01722707, 47.92354877], [107.01723846, 47.92358562], [107.01724789, 47.92363921], [107.01724873, 47.92365802], [107.01724471, 47.92367664], [107.01723594, 47.92369451], [107.01722269, 47.92371108], [107.01720535, 47.92372585], [107.01718447, 47.92373838], [107.01716066, 47.92374827], [107.01713466, 47.92375524], [107.01710725, 47.92375907], [107.01163585, 47.92419351], [107.01160809, 47.92419409], [107.01158059, 47.92419144], [107.01155419, 47.92418565], [107.01152967, 47.92417689], [107.01150775, 47.92416542], [107.01148911, 47.92415159], [107.01147429, 47.9241358], [107.01143394, 47.92408322], [107.01122722, 47.92381384], [107.01557984, 47.92346827]], [[107.01719735, 47.92385434], [107.01722023, 47.92386143], [107.01724118, 47.92387085], [107.01725968, 47.92388235], [107.01727528, 47.92389566], [107.01728759, 47.92391044], [107.0172963, 47.92392633], [107.01730121, 47.92394295], [107.01763133, 47.9258231], [107.01880245, 47.9275651], [107.01881109, 47.92758125], [107.0188158, 47.92759811], [107.01881648, 47.92761527], [107.0188131, 47.92763228], [107.01880575, 47.92764871], [107.01879462, 47.92766416], [107.01878, 47.92767822], [107.01876223, 47.92769055], [107.01874179, 47.92770083], [107.01871918, 47.92770881], [107.01869497, 47.92771427], [107.01447905, 47.92842101], [107.01445375, 47.92842383], [107.01442811, 47.92842391], [107.01440277, 47.92842124], [107.01437838, 47.9284159], [107.01435558, 47.92840802], [107.01433493, 47.92839779], [107.01431696, 47.92838549], [107.01430214, 47.92837143], [107.01429083, 47.92835595], [107.01290661, 47.9260022], [107.01166695, 47.92438685], [107.01165982, 47.92437539], [107.01165552, 47.9243633], [107.01165415, 47.92435091], [107.01165574, 47.92433854], [107.01166027, 47.92432649], [107.01166761, 47.92431509], [107.01167756, 47.92430462], [107.01168989, 47.92429536], [107.01170426, 47.92428754], [107.0117203, 47.92428137], [107.01173761, 47.92427701], [107.01175573, 47.92427457], [107.01712289, 47.9238484], [107.01714807, 47.92384774], [107.01717309, 47.92384974], [107.01719735, 47.92385434]], [[107.01889048, 47.92778899], [107.01891654, 47.92779566], [107.01894049, 47.92780526], [107.01896161, 47.9278175], [107.01897925, 47.92783202], [107.0189929, 47.92784836], [107.02037641, 47.92990607], [107.02038523, 47.92992267], [107.0203899, 47.92994001], [107.02039031, 47.92995763], [107.02038646, 47.92997506], [107.02037843, 47.92999184], [107.02036645, 47.93000751], [107.02035083, 47.93002167], [107.02033199, 47.93003393], [107.02013077, 47.93014499], [107.02006091, 47.93017968], [107.01998615, 47.93020941], [107.01990726, 47.93023385], [107.01982507, 47.93025275], [107.01974043, 47.93026591], [107.01965424, 47.9302732], [107.0195674, 47.93027453], [107.0194808, 47.9302699], [107.01939536, 47.93025936], [107.01872858, 47.93015312], [107.01677378, 47.92986761], [107.01548927, 47.92967406], [107.01537908, 47.92966326], [107.01526827, 47.92965582], [107.01515707, 47.92965175], [107.01513061, 47.9296497], [107.01510501, 47.92964473], [107.01508099, 47.92963699], [107.0150592, 47.92962669], [107.01504024, 47.92961411], [107.01502464, 47.92959959], [107.01501283, 47.92958354], [107.01445957, 47.92864286], [107.01445173, 47.92862528], [107.01444843, 47.92860705], [107.01444978, 47.92858872], [107.01445573, 47.9285708], [107.01446611, 47.92855382], [107.01448062, 47.92853827], [107.01449884, 47.92852459], [107.01452025, 47.92851319], [107.01454422, 47.92850439], [107.01457007, 47.92849845], [107.01880768, 47.92778808], [107.01883522, 47.92778514], [107.0188631, 47.92778544], [107.01889048, 47.92778899]], [[107.01544555, 47.92982417], [107.01672473, 47.93001692], [107.01867817, 47.93030224], [107.019269, 47.93039637], [107.01929503, 47.93040214], [107.01931923, 47.93041079], [107.01934088, 47.93042208], [107.01935936, 47.93043569], [107.01937413, 47.9304512], [107.01938476, 47.93046818], [107.01939094, 47.93048613], [107.01939249, 47.93050452], [107.01938937, 47.93052282], [107.01938165, 47.9305405], [107.01936958, 47.93055703], [107.0193535, 47.93057195], [107.01933388, 47.93058481], [107.01760106, 47.93154117], [107.01668665, 47.9320458], [107.01666403, 47.93205625], [107.0166391, 47.93206395], [107.01661258, 47.93206869], [107.01658524, 47.93207033], [107.01655789, 47.93206881], [107.01653132, 47.93206418], [107.01650631, 47.93205659], [107.01648359, 47.93204624], [107.01646383, 47.93203345], [107.01644759, 47.93201858], [107.01643536, 47.93200207], [107.01523834, 47.92996698], [107.0152308, 47.92995034], [107.01522733, 47.92993311], [107.01522802, 47.92991573], [107.01523286, 47.92989865], [107.01524172, 47.92988231], [107.01525436, 47.92986714], [107.01527047, 47.92985353], [107.01528961, 47.92984183], [107.01531131, 47.92983236], [107.01533498, 47.92982534], [107.01536003, 47.92982098], [107.01538579, 47.92981937], [107.0154116, 47.92982056], [107.01544555, 47.92982417]], [[107.0237548, 47.92699356], [107.02377421, 47.92699881], [107.02379197, 47.92700623], [107.02380755, 47.92701561], [107.02382049, 47.92702665], [107.02383038, 47.92703904], [107.02383694, 47.92705238], [107.02383997, 47.92706629], [107.02386246, 47.92732533], [107.02387302, 47.92740381], [107.02389297, 47.92748145], [107.02392217, 47.92755777], [107.02396044, 47.92763225], [107.02400752, 47.92770441], [107.02406311, 47.92777378], [107.02407499, 47.92779034], [107.02408251, 47.92780801], [107.02408546, 47.92782628], [107.02408376, 47.92784462], [107.02407745, 47.92786251], [107.02406672, 47.92787941], [107.02405188, 47.92789485], [107.02403335, 47.92790837], [107.02273054, 47.92871001], [107.02065569, 47.92985526], [107.02063918, 47.92986292], [107.02062101, 47.92986863], [107.02060168, 47.92987224], [107.02058173, 47.92987364], [107.02056171, 47.9298728], [107.02054218, 47.92986973], [107.02052367, 47.92986453], [107.02050671, 47.92985734], [107.02049175, 47.92984835], [107.02047923, 47.92983782], [107.02046947, 47.92982604], [107.01912913, 47.92783255], [107.01912266, 47.92782044], [107.01911912, 47.92780779], [107.01911862, 47.92779492], [107.01912115, 47.92778216], [107.01912666, 47.92776984], [107.019135, 47.92775825], [107.01914598, 47.9277477], [107.0191593, 47.92773846], [107.01917463, 47.92773075], [107.01919159, 47.92772477], [107.01920974, 47.92772067], [107.02191902, 47.92726639], [107.02293595, 47.92710914], [107.02369272, 47.92699212], [107.02371344, 47.92699017], [107.02373434, 47.92699065], [107.0237548, 47.92699356]], [[107.02361519, 47.92547743], [107.02363364, 47.92548135], [107.02365093, 47.9254872], [107.02366659, 47.92549484], [107.02368023, 47.92550407], [107.02369149, 47.92551465], [107.02370009, 47.9255263], [107.0237058, 47.92553873], [107.02370848, 47.92555161], [107.02381586, 47.92678852], [107.02381537, 47.92680533], [107.023811, 47.92682188], [107.02380286, 47.92683777], [107.02379115, 47.92685262], [107.02377615, 47.92686607], [107.02375823, 47.9268778], [107.02373781, 47.92688751], [107.02371541, 47.92689497], [107.02369154, 47.9269], [107.02188781, 47.92717892], [107.02147003, 47.92724898], [107.02145222, 47.92725098], [107.02143416, 47.92725109], [107.02141629, 47.9272493], [107.02139907, 47.92724565], [107.0213829, 47.92724024], [107.0213682, 47.92723319], [107.02135532, 47.92722468], [107.02134457, 47.92721493], [107.02133623, 47.92720416], [107.0213305, 47.92719265], [107.02113558, 47.92666756], [107.02099992, 47.92572018], [107.02099974, 47.92570669], [107.02100305, 47.92569339], [107.02100975, 47.92568068], [107.02101963, 47.92566895], [107.02103239, 47.92565854], [107.02104765, 47.92564979], [107.02106493, 47.92564294], [107.02108372, 47.92563822], [107.02110345, 47.92563577], [107.02357669, 47.92547575], [107.02359604, 47.92547554], [107.02361519, 47.92547743]], [[107.02134246, 47.9235219], [107.02135902, 47.92352714], [107.02137415, 47.92353408], [107.02138744, 47.92354254], [107.02139857, 47.92355231], [107.02140725, 47.92356314], [107.02141327, 47.92357477], [107.02141646, 47.92358688], [107.02166105, 47.92529484], [107.02168046, 47.92543036], [107.02168077, 47.9254425], [107.02167826, 47.92545452], [107.02167298, 47.92546613], [107.02166506, 47.92547704], [107.0216547, 47.92548698], [107.02164215, 47.92549571], [107.02162773, 47.92550302], [107.02161179, 47.92550871], [107.02159471, 47.92551267], [107.02157692, 47.92551477], [107.01999606, 47.92561703], [107.019976, 47.92561715], [107.01995622, 47.92561493], [107.01993731, 47.92561042], [107.01991985, 47.92560378], [107.01990437, 47.92559521], [107.01989134, 47.92558495], [107.01988116, 47.92557334], [107.01987413, 47.92556071], [107.01987048, 47.92554745], [107.01961664, 47.92377553], [107.0196097, 47.92372706], [107.0196095, 47.92371377], [107.0196127, 47.92370064], [107.01961919, 47.92368808], [107.01962879, 47.92367645], [107.0196412, 47.9236661], [107.01965608, 47.92365733], [107.01967297, 47.9236504], [107.01969137, 47.92364552], [107.01971075, 47.92364283], [107.0212884, 47.92351747], [107.02130669, 47.92351701], [107.02132486, 47.92351849], [107.02134246, 47.9235219]], [[107.0175591, 47.92372318], [107.01753392, 47.92372384], [107.0175089, 47.92372185], [107.01748464, 47.92371725], [107.01746176, 47.92371015], [107.01744081, 47.92370074], [107.01742231, 47.92368924], [107.01740671, 47.92367593], [107.0173944, 47.92366115], [107.01738569, 47.92364525], [107.01738078, 47.92362864], [107.01737136, 47.92357506], [107.01736966, 47.92353745], [107.0173777, 47.92350021], [107.01739525, 47.92346448], [107.01742175, 47.92343133], [107.01745642, 47.92340178], [107.01749819, 47.92337673], [107.0175458, 47.92335694], [107.01759781, 47.923343], [107.01765262, 47.92333534], [107.01853424, 47.92326531], [107.01892743, 47.92320237], [107.02346817, 47.92284155], [107.02349903, 47.92314797], [107.02349857, 47.92316618], [107.02349357, 47.92318408], [107.02348415, 47.92320117], [107.0234706, 47.92321694], [107.02345329, 47.92323096], [107.02343272, 47.92324282], [107.02340948, 47.92325218], [107.02338422, 47.92325879], [107.02335767, 47.92326245], [107.0175591, 47.92372318]], [[107.01944311, 47.92367281], [107.01945968, 47.92367805], [107.0194748, 47.92368499], [107.01948809, 47.92369345], [107.01949922, 47.92370322], [107.0195079, 47.92371405], [107.01951392, 47.92372567], [107.01951712, 47.92373779], [107.01961588, 47.92442655], [107.01967845, 47.92486284], [107.01977748, 47.92555345], [107.0197778, 47.92556559], [107.01977528, 47.92557761], [107.01977, 47.92558922], [107.01976209, 47.92560013], [107.01975173, 47.92561007], [107.01973918, 47.92561881], [107.01972476, 47.92562611], [107.01970881, 47.92563181], [107.01969173, 47.92563576], [107.01967394, 47.92563787], [107.01892734, 47.92568615], [107.01787268, 47.92575436], [107.01785197, 47.92575449], [107.01783153, 47.92575224], [107.01781197, 47.92574768], [107.01779387, 47.92574092], [107.01777775, 47.92573219], [107.0177641, 47.92572172], [107.01775331, 47.92570984], [107.01774571, 47.92569689], [107.01774153, 47.92568326], [107.0174341, 47.92393236], [107.01743326, 47.92391355], [107.01743728, 47.92389493], [107.01744606, 47.92387707], [107.01745931, 47.9238605], [107.01747664, 47.92384573], [107.01749753, 47.9238332], [107.01752133, 47.92382331], [107.01754733, 47.92381634], [107.01757474, 47.92381251], [107.01938906, 47.92366839], [107.01940735, 47.92366792], [107.01942552, 47.92366941], [107.01944311, 47.92367281]], [[107.02081702, 47.9256581], [107.02083429, 47.92566165], [107.02085052, 47.92566697], [107.02086532, 47.92567393], [107.02087831, 47.92568237], [107.02088918, 47.92569206], [107.02089765, 47.92570278], [107.02090353, 47.92571425], [107.02090667, 47.92572621], [107.021043, 47.92667826], [107.0212396, 47.92720789], [107.02124274, 47.92722121], [107.02124239, 47.92723469], [107.02123857, 47.92724793], [107.02123138, 47.92726052], [107.02122105, 47.92727207], [107.02120789, 47.92728225], [107.0211923, 47.92729074], [107.02117476, 47.92729728], [107.02115579, 47.92730167], [107.01911121, 47.92764448], [107.01909055, 47.92764669], [107.01906964, 47.92764646], [107.01904911, 47.9276438], [107.01902956, 47.9276388], [107.0190116, 47.9276316], [107.01899576, 47.92762242], [107.01898253, 47.92761153], [107.01897229, 47.92759927], [107.01786534, 47.92595276], [107.01785845, 47.92593959], [107.01785503, 47.92592582], [107.01785518, 47.92591186], [107.0178589, 47.92589812], [107.01786607, 47.92588502], [107.01787649, 47.92587294], [107.01788984, 47.92586225], [107.01790572, 47.92585325], [107.01792367, 47.92584622], [107.01794314, 47.92584137], [107.01796357, 47.92583884], [107.01972417, 47.92572498], [107.02078108, 47.92565662], [107.02079914, 47.92565641], [107.02081702, 47.9256581]], [[107.02342442, 47.92336046], [107.02344793, 47.92336815], [107.02346927, 47.9233783], [107.02348788, 47.92339065], [107.02350327, 47.92340487], [107.02351501, 47.92342057], [107.02352281, 47.92343735], [107.02352645, 47.92345475], [107.02354817, 47.92370489], [107.02359464, 47.92424025], [107.02368663, 47.92530001], [107.02368608, 47.92531377], [107.02368207, 47.92532728], [107.0236747, 47.92534013], [107.0236642, 47.92535196], [107.02365087, 47.92536242], [107.0236351, 47.92537121], [107.02361733, 47.92537808], [107.02359809, 47.92538282], [107.02357794, 47.9253853], [107.02340838, 47.92539627], [107.02218435, 47.92547547], [107.02189929, 47.92549392], [107.02188124, 47.92549413], [107.02186335, 47.92549244], [107.02184608, 47.92548889], [107.02182985, 47.92548357], [107.02181506, 47.92547661], [107.02180207, 47.92546817], [107.0217912, 47.92545848], [107.02178272, 47.92544776], [107.02177684, 47.92543628], [107.0217737, 47.92542433], [107.02175529, 47.92529577], [107.02165467, 47.92459311], [107.02162774, 47.92440511], [107.02150903, 47.92357614], [107.02150884, 47.92356285], [107.02151203, 47.92354972], [107.02151853, 47.92353716], [107.02152812, 47.92352553], [107.02154054, 47.92351518], [107.02155541, 47.92350641], [107.0215723, 47.92349948], [107.0215907, 47.9234946], [107.02161008, 47.92349191], [107.02334728, 47.92335385], [107.02337342, 47.92335321], [107.02339936, 47.92335544], [107.02342442, 47.92336046]]]}, "geometry_name": "geom", "properties": {"guid": 3118505, "id": 3118505, "object_no": null, "object_name": "Төлөвлөлтийн авто зам", "layer_type_id": 956, "valid_to": null, "address_no": null, "border_type": "solid", "border_width": 1, "border_color": "#999999", "border_opacity": 0.36, "border_wellknown": "shape://horizline", "fill_type": "color", "fill_color": "#bcbcbc", "fill_opacity": 0.36, "fill_wellknown": null, "fill_shape_color": null, "fill_shape_width": null, "fill_shape_size": null, "fill_img_url": null, "marker_img_url": null}},{"type": "Feature", "id": "layer_data_map.fid--27e80436_1a098c1eed1_-589e", "geometry": {"type": "Polygon", "coordinates": [[[107.00702644, 47.9240871], [107.00676353, 47.92411065], [107.00649945, 47.92412713], [107.00623459, 47.92413654], [107.00596939, 47.92413884], [107.00570426, 47.92413404], [107.00543962, 47.92412215], [107.00181447, 47.92391035], [107.00181028, 47.92380176], [107.00545352, 47.92401462], [107.00571177, 47.92402622], [107.00597051, 47.92403091], [107.00622931, 47.92402866], [107.00648778, 47.92401948], [107.0067455, 47.92400339], [107.00700206, 47.92398042], [107.01084827, 47.92358335], [107.0108338, 47.92352905], [107.01082432, 47.92347427], [107.01081985, 47.92341919], [107.01080877, 47.92310709], [107.01080686, 47.92309289], [107.01080219, 47.92307898], [107.01079483, 47.92306561], [107.01078491, 47.923053], [107.00994571, 47.92213833], [107.00847868, 47.91994322], [107.00846607, 47.91992785], [107.00844993, 47.91991405], [107.00843067, 47.91990219], [107.00840881, 47.91989259], [107.00838492, 47.9198855], [107.00835963, 47.9198811], [107.00833362, 47.91987952], [107.00830757, 47.91988079], [107.00828218, 47.91988488], [107.00585925, 47.92041879], [107.00554691, 47.92048762], [107.00168956, 47.92067399], [107.00168609, 47.92058398], [107.00552088, 47.92039869], [107.00581757, 47.92033332], [107.00819475, 47.91980949], [107.00821845, 47.91980303], [107.00824023, 47.91979405], [107.00825953, 47.91978277], [107.0082758, 47.91976951], [107.00828861, 47.91975464], [107.0082976, 47.91973855], [107.00830253, 47.91972169], [107.00830327, 47.91970451], [107.0082998, 47.91968749], [107.00829221, 47.91967108], [107.00816849, 47.91949961], [107.00805378, 47.91932533], [107.00794822, 47.91914846], [107.00785194, 47.91896922], [107.00776506, 47.91878781], [107.00768767, 47.91860448], [107.00761989, 47.91841943], [107.00756178, 47.91823291], [107.00751343, 47.91804513], [107.00747489, 47.91785633], [107.00744621, 47.91766673], [107.0074417, 47.91764886], [107.00743281, 47.91763175], [107.00741979, 47.91761588], [107.007403, 47.9176017], [107.00738292, 47.91758961], [107.00736011, 47.91757995], [107.00733522, 47.91757298], [107.00730894, 47.91756892], [107.00728203, 47.91756787], [107.00687689, 47.91757495], [107.00663771, 47.91757631], [107.0063986, 47.91757201], [107.00615987, 47.91756206], [107.0059218, 47.91754648], [107.00387364, 47.91738793], [107.00387192, 47.9173878], [107.00155833, 47.91727332], [107.00155241, 47.9171197], [107.00389329, 47.91723553], [107.00594782, 47.91739457], [107.00617793, 47.91740963], [107.00640868, 47.91741925], [107.00663979, 47.9174234], [107.00687097, 47.91742209], [107.00726276, 47.91741524], [107.00729031, 47.91741315], [107.00731692, 47.9174079], [107.00734178, 47.91739966], [107.00736417, 47.91738866], [107.00738341, 47.91737524], [107.00739892, 47.91735979], [107.00741025, 47.91734278], [107.00741706, 47.91732471], [107.00741914, 47.91730612], [107.00738738, 47.9154186], [107.00739007, 47.91533016], [107.00740109, 47.91524201], [107.00742041, 47.9151545], [107.00744794, 47.915068], [107.00748358, 47.91498285], [107.00752718, 47.91489938], [107.00757857, 47.91481795], [107.0081028, 47.91405535], [107.00815695, 47.91396846], [107.00820164, 47.91387916], [107.00823662, 47.91378793], [107.00826171, 47.91369524], [107.00827678, 47.91360157], [107.00828176, 47.91350741], [107.00827661, 47.91341326], [107.00826136, 47.91331961], [107.0082361, 47.91322693], [107.00820096, 47.91313573], [107.00815611, 47.91304647], [107.00810179, 47.91295962], [107.00803829, 47.91287563], [107.00796594, 47.91279495], [107.00623868, 47.91101716], [107.00639581, 47.91101441], [107.00807796, 47.91274576], [107.00815043, 47.91282614], [107.00821469, 47.91290963], [107.00827043, 47.91299584], [107.0083174, 47.91308437], [107.00835539, 47.91317484], [107.00838423, 47.91326682], [107.00840378, 47.91335989], [107.00841396, 47.91345365], [107.00841472, 47.91354765], [107.00840606, 47.91364147], [107.00838801, 47.91373468], [107.00836066, 47.91382686], [107.00832413, 47.9139176], [107.00827859, 47.91400648], [107.00822425, 47.91409309], [107.00770002, 47.91485568], [107.00764464, 47.91494475], [107.00759922, 47.91503634], [107.00756399, 47.91512993], [107.00753916, 47.91522501], [107.00752487, 47.91532107], [107.00752117, 47.91541758], [107.00755286, 47.91730061], [107.00755516, 47.91731763], [107.00756143, 47.9173342], [107.00757152, 47.9173499], [107.00758516, 47.91736432], [107.00760202, 47.91737712], [107.00762167, 47.91738797], [107.00764363, 47.9173966], [107.00766734, 47.91740278], [107.0076922, 47.91740638], [107.00771759, 47.91740729], [107.01017858, 47.91736422], [107.01044477, 47.91735928], [107.01047251, 47.91735714], [107.01049928, 47.91735179], [107.01052426, 47.91734341], [107.01054671, 47.91733225], [107.01056594, 47.91731864], [107.01058137, 47.91730299], [107.01059254, 47.91728579], [107.0105991, 47.91726755], [107.01060087, 47.91724881], [107.01043253, 47.91250409], [107.01041961, 47.91227969], [107.01039616, 47.91205569], [107.01036221, 47.91183229], [107.0103178, 47.91160972], [107.01026298, 47.91138821], [107.01019779, 47.91116797], [107.0101223, 47.91094922], [107.01035504, 47.91094514], [107.01042913, 47.9111641], [107.01049312, 47.9113845], [107.01054696, 47.91160612], [107.01059059, 47.91182874], [107.01062399, 47.91205217], [107.0106471, 47.91227619], [107.01065992, 47.91250058], [107.01066503, 47.91264441], [107.01066812, 47.91266306], [107.01067597, 47.91268108], [107.01068834, 47.9126979], [107.01070486, 47.91271304], [107.01072504, 47.91272601], [107.01074825, 47.91273645], [107.0107738, 47.91274402], [107.01080091, 47.9127485], [107.01082877, 47.91274975], [107.01245612, 47.91272767], [107.01246665, 47.91272776], [107.01327232, 47.91275239], [107.01340457, 47.9127474], [107.01393239, 47.91268195], [107.01395177, 47.91267888], [107.01397059, 47.91267452], [107.01445922, 47.91254299], [107.01564455, 47.91222469], [107.01572255, 47.91220714], [107.01580297, 47.91219555], [107.01588481, 47.91219007], [107.01610515, 47.91218364], [107.01612524, 47.9121819], [107.01614461, 47.91217793], [107.01616272, 47.91217183], [107.01617905, 47.91216378], [107.01619314, 47.91215401], [107.0162046, 47.91214278], [107.0162131, 47.91213042], [107.01621839, 47.91211728], [107.01622033, 47.91210372], [107.01621825, 47.91199348], [107.01620809, 47.91188345], [107.01618988, 47.91177388], [107.01616367, 47.91166505], [107.01612952, 47.91155722], [107.01612343, 47.91154393], [107.01611485, 47.91153128], [107.01574247, 47.9110645], [107.01552503, 47.91085448], [107.01568513, 47.91085167], [107.01584918, 47.91101012], [107.01586294, 47.9110252], [107.01623683, 47.91149388], [107.01624882, 47.91151151], [107.0162574, 47.91153002], [107.01625745, 47.91153017], [107.01629406, 47.91164453], [107.01632209, 47.91175998], [107.01634145, 47.91187623], [107.0163521, 47.91199299], [107.01635402, 47.91210997], [107.01634719, 47.91222686], [107.01633187, 47.91234964], [107.01621188, 47.91287644], [107.01614096, 47.91321976], [107.0161248, 47.91474624], [107.01612668, 47.91476349], [107.01613263, 47.91478032], [107.0161425, 47.91479629], [107.01615605, 47.91481099], [107.01617291, 47.91482406], [107.01619265, 47.91483514], [107.01621478, 47.91484396], [107.01623872, 47.9148503], [107.01626386, 47.91485398], [107.01628955, 47.91485491], [107.0246133, 47.91470841], [107.02463991, 47.91470644], [107.02466566, 47.91470152], [107.02468984, 47.9146938], [107.02471177, 47.91468348], [107.02473085, 47.91467086], [107.02474655, 47.91465628], [107.02475842, 47.91464015], [107.02476614, 47.91462292], [107.02492103, 47.91413247], [107.0253528, 47.91295783], [107.02606794, 47.91101214], [107.02613018, 47.91079754], [107.02614356, 47.91066755], [107.02636693, 47.91066361], [107.02636831, 47.91069891], [107.0263561, 47.91081753], [107.02629009, 47.91104513], [107.02557859, 47.91298097], [107.02514275, 47.9141667], [107.02430062, 47.91683317], [107.0242973, 47.91685045], [107.02429816, 47.91686786], [107.02430318, 47.91688495], [107.02431222, 47.91690128], [107.02432505, 47.91691641], [107.02434133, 47.91692997], [107.02436065, 47.91694158], [107.02438249, 47.91695096], [107.02440629, 47.91695784], [107.02443143, 47.91696207], [107.02445726, 47.91696352], [107.0244831, 47.91696216], [107.02614718, 47.91678284], [107.02660572, 47.91677695], [107.0266117, 47.91692981], [107.02616746, 47.91693552], [107.02431015, 47.91713566], [107.02428342, 47.91714015], [107.02425823, 47.91714765], [107.02423531, 47.91715793], [107.02421534, 47.91717069], [107.02419892, 47.91718556], [107.02418652, 47.9172021], [107.0241785, 47.91721982], [107.023616, 47.91900072], [107.02344407, 47.91961182], [107.02340112, 47.91991151], [107.02366856, 47.92256727], [107.02682667, 47.9224317], [107.02683089, 47.92253967], [107.02356512, 47.92267987], [107.01095741, 47.92368128], [107.00702644, 47.9240871]], [[107.01118319, 47.92314256], [107.01115739, 47.92314607], [107.01113278, 47.92315237], [107.01111004, 47.92316128], [107.01108977, 47.92317257], [107.01107252, 47.92318594], [107.01105874, 47.92320102], [107.01104882, 47.92321741], [107.01104302, 47.92323467], [107.01104149, 47.92325233], [107.01104603, 47.92338037], [107.01105133, 47.92344167], [107.01106283, 47.92350258], [107.01108049, 47.92356282], [107.01553314, 47.92320931], [107.01592634, 47.92314639], [107.01682007, 47.92307541], [107.01687059, 47.9230686], [107.01691884, 47.92305644], [107.01696358, 47.92303926], [107.01700365, 47.92301749], [107.01703803, 47.92299169], [107.01706583, 47.92296253], [107.01708633, 47.92293076], [107.01709901, 47.92289719], [107.01710354, 47.92286269], [107.01709981, 47.92282815], [107.01708844, 47.92277854], [107.01708198, 47.92276067], [107.0170711, 47.92274379], [107.01705612, 47.9227284], [107.01703747, 47.92271494], [107.01701568, 47.9227038], [107.01699141, 47.92269532], [107.01696534, 47.92268972], [107.01693823, 47.92268719], [107.01691088, 47.92268778], [107.01118319, 47.92314256]], [[107.01725966, 47.92268551], [107.01724233, 47.92270028], [107.01722908, 47.92271685], [107.01722031, 47.92273472], [107.01721628, 47.92275334], [107.01721713, 47.92277215], [107.01722656, 47.92282574], [107.01723795, 47.92286259], [107.01725868, 47.92289754], [107.01728813, 47.92292954], [107.0173254, 47.92295762], [107.01736936, 47.92298092], [107.01741867, 47.92299874], [107.01747183, 47.92301053], [107.01752724, 47.92301593], [107.01758319, 47.92301479], [107.0184777, 47.92294374], [107.01888188, 47.92294333], [107.02344193, 47.92258097], [107.02341216, 47.92228536], [107.02340831, 47.92226807], [107.02340036, 47.92225143], [107.02338852, 47.92223588], [107.0233731, 47.9222218], [107.0233545, 47.92220959], [107.02333322, 47.92219955], [107.0233098, 47.92219196], [107.02328487, 47.922187], [107.02325907, 47.92218482], [107.02323309, 47.92218546], [107.01735776, 47.92265229], [107.01733036, 47.92265612], [107.01730436, 47.92266308], [107.01728055, 47.92267298], [107.01725966, 47.92268551]], [[107.0231963, 47.91933385], [107.02176575, 47.91930483], [107.02174761, 47.91930542], [107.02172983, 47.91930793], [107.02171285, 47.91931229], [107.02169712, 47.91931839], [107.021683, 47.91932608], [107.02167086, 47.91933516], [107.021661, 47.91934542], [107.02165366, 47.91935659], [107.02164903, 47.9193684], [107.02129587, 47.92068307], [107.02118162, 47.9221669], [107.02118233, 47.92218033], [107.02118648, 47.92219348], [107.02119396, 47.92220595], [107.02120454, 47.92221736], [107.0212179, 47.92222737], [107.02123363, 47.92223567], [107.02125127, 47.92224201], [107.02127027, 47.92224621], [107.02129007, 47.92224813], [107.02131006, 47.92224771], [107.02324004, 47.92209433], [107.02326659, 47.92209067], [107.02329184, 47.92208407], [107.02331509, 47.9220747], [107.02333565, 47.92206284], [107.02335296, 47.92204882], [107.02336652, 47.92203305], [107.02337593, 47.92201597], [107.02338094, 47.92199806], [107.0233814, 47.92197985], [107.0231729, 47.91990932], [107.02321863, 47.91959023], [107.02327276, 47.91939783], [107.02327415, 47.91938856], [107.02327316, 47.91937927], [107.0232698, 47.91937024], [107.02326418, 47.91936173], [107.02325646, 47.91935399], [107.02324689, 47.91934726], [107.02323573, 47.91934174], [107.02322333, 47.91933759], [107.02321006, 47.91933493], [107.0231963, 47.91933385]], [[107.02143848, 47.91929818], [107.02011599, 47.91927133], [107.01989636, 47.91927752], [107.01987077, 47.91927963], [107.01984602, 47.91928447], [107.01982274, 47.91929191], [107.01980153, 47.91930176], [107.01978293, 47.91931376], [107.01976743, 47.9193276], [107.01975543, 47.91934294], [107.01974724, 47.91935937], [107.01974306, 47.91937647], [107.01940318, 47.92213863], [107.01940307, 47.92217334], [107.01941125, 47.92220762], [107.01942749, 47.92224058], [107.01945139, 47.92227136], [107.01948232, 47.92229917], [107.01951948, 47.92232328], [107.0195619, 47.92234308], [107.01960851, 47.92235805], [107.01965808, 47.9223678], [107.01970933, 47.92237209], [107.01976095, 47.9223708], [107.02098379, 47.92227364], [107.02100135, 47.9222713], [107.02101816, 47.92226716], [107.02103381, 47.92226132], [107.02104792, 47.92225392], [107.02106016, 47.92224513], [107.02107022, 47.92223518], [107.02107786, 47.9222243], [107.0210829, 47.92221275], [107.02108521, 47.92220082], [107.02120263, 47.92067582], [107.02154825, 47.91938925], [107.02155008, 47.91937602], [107.02154852, 47.91936278], [107.0215436, 47.91934992], [107.02153549, 47.91933781], [107.02152442, 47.91932681], [107.0215107, 47.91931724], [107.02149476, 47.91930939], [107.02147705, 47.9193035], [107.02145811, 47.91929972], [107.02143848, 47.91929818]], [[107.02332815, 47.91920097], [107.02339296, 47.91897063], [107.02392274, 47.91729335], [107.02392608, 47.91727578], [107.0239251, 47.91725807], [107.02391982, 47.91724072], [107.02391039, 47.91722417], [107.02389707, 47.91720889], [107.0238802, 47.91719528], [107.02386025, 47.9171837], [107.02383775, 47.91717448], [107.02381331, 47.91716785], [107.02378759, 47.917164], [107.02376127, 47.91716303], [107.0200872, 47.91723068], [107.02006108, 47.91723261], [107.02003577, 47.91723737], [107.02001196, 47.91724485], [107.01999028, 47.91725484], [107.01997132, 47.91726707], [107.01995558, 47.91728121], [107.01994348, 47.9172969], [107.01993535, 47.9173137], [107.01993141, 47.91733116], [107.01975316, 47.91907157], [107.01975357, 47.91908969], [107.01975849, 47.91910752], [107.01976778, 47.91912454], [107.01978118, 47.91914027], [107.0197983, 47.91915427], [107.01981866, 47.91916616], [107.0198417, 47.91917558], [107.01986676, 47.91918228], [107.01989313, 47.91918606], [107.01992008, 47.91918682], [107.02011521, 47.91918133], [107.02324684, 47.91924489], [107.02325943, 47.91924448], [107.02327176, 47.91924275], [107.02328355, 47.91923974], [107.02329448, 47.91923554], [107.02330431, 47.91923023], [107.02331277, 47.91922396], [107.02331968, 47.91921687], [107.02332484, 47.91920915], [107.02332815, 47.91920097]], [[107.01965702, 47.91724009], [107.01963033, 47.91723908], [107.0195398, 47.91724075], [107.0187032, 47.91725613], [107.01838794, 47.91726193], [107.01675631, 47.9172919], [107.01659455, 47.91729488], [107.01656948, 47.91729667], [107.01654514, 47.91730107], [107.01652213, 47.91730798], [107.01650101, 47.91731723], [107.0164823, 47.91732859], [107.01646647, 47.91734177], [107.0164539, 47.91735646], [107.0164449, 47.91737229], [107.01643971, 47.91738887], [107.01643843, 47.91740579], [107.01651189, 47.91917326], [107.01651461, 47.91919025], [107.01652129, 47.91920673], [107.01653175, 47.91922231], [107.01654573, 47.91923657], [107.01656289, 47.91924918], [107.0165828, 47.91925981], [107.01660495, 47.91926819], [107.01662879, 47.91927412], [107.01665372, 47.91927745], [107.01667912, 47.91927808], [107.016862, 47.91927294], [107.01852689, 47.91922607], [107.01946273, 47.91919971], [107.01948855, 47.91919756], [107.01951352, 47.91919264], [107.01953698, 47.91918507], [107.01955832, 47.91917505], [107.01957696, 47.91916285], [107.01959243, 47.91914879], [107.01960432, 47.91913322], [107.01961231, 47.91911658], [107.0196162, 47.91909928], [107.01972955, 47.9179925], [107.01979491, 47.91735439], [107.01979452, 47.91733642], [107.0197897, 47.91731875], [107.01978058, 47.91730185], [107.01976742, 47.91728621], [107.01975058, 47.91727225], [107.01973053, 47.91726037], [107.01970783, 47.91725088], [107.01968309, 47.91724406], [107.01965702, 47.91724009]], [[107.01615854, 47.91731081], [107.01613261, 47.91731069], [107.01334806, 47.9174492], [107.01332174, 47.917452], [107.01329648, 47.91745769], [107.01327296, 47.9174661], [107.01325183, 47.91747702], [107.01323368, 47.91749013], [107.01321901, 47.91750508], [107.01320821, 47.91752146], [107.0132016, 47.91753881], [107.01319934, 47.91755665], [107.01319913, 47.91763345], [107.01319512, 47.91913192], [107.01319462, 47.91931973], [107.01319564, 47.91932841], [107.01319872, 47.91933686], [107.01320379, 47.91934487], [107.0132107, 47.91935223], [107.01321928, 47.91935874], [107.01322931, 47.91936425], [107.01324053, 47.9193686], [107.01325264, 47.91937168], [107.01326533, 47.91937341], [107.01327826, 47.91937375], [107.01622452, 47.91929088], [107.01625203, 47.91928849], [107.01627853, 47.91928296], [107.01630321, 47.91927444], [107.01632534, 47.91926319], [107.01634426, 47.91924956], [107.0163594, 47.91923393], [107.01637032, 47.91921679], [107.01637669, 47.91919864], [107.01637831, 47.91918002], [107.01631359, 47.91762287], [107.01630497, 47.91741532], [107.01630215, 47.91739799], [107.01629522, 47.91738119], [107.01628436, 47.91736536], [107.01626986, 47.91735091], [107.01625208, 47.91733822], [107.01623149, 47.91732762], [107.01620864, 47.91731939], [107.01618411, 47.91731373], [107.01615854, 47.91731081]], [[107.01292612, 47.91746761], [107.01290049, 47.91746671], [107.0109974, 47.91750201], [107.01096966, 47.91750416], [107.0109429, 47.9175095], [107.01091791, 47.91751788], [107.01089547, 47.91752905], [107.01087624, 47.91754266], [107.0108608, 47.9175583], [107.01084964, 47.9175755], [107.01084307, 47.91759375], [107.01084131, 47.91761248], [107.01090228, 47.91933055], [107.01090491, 47.91934759], [107.01091151, 47.91936414], [107.01092193, 47.91937977], [107.01093589, 47.9193941], [107.01095305, 47.91940677], [107.01097298, 47.91941745], [107.01099516, 47.91942587], [107.01101905, 47.91943183], [107.01104405, 47.91943518], [107.01106951, 47.91943582], [107.01298386, 47.91938202], [107.01299735, 47.91938087], [107.01301037, 47.9193782], [107.01302253, 47.91937409], [107.01303347, 47.91936866], [107.0130429, 47.91936206], [107.01305054, 47.91935449], [107.01305616, 47.91934616], [107.01305961, 47.91933731], [107.01306079, 47.9193282], [107.01306548, 47.9175748], [107.01306348, 47.9175576], [107.01305742, 47.91754083], [107.01304747, 47.91752493], [107.01303387, 47.9175103], [107.01301698, 47.91749731], [107.01299723, 47.91748629], [107.01297511, 47.91747753], [107.01295121, 47.91747125], [107.01292612, 47.91746761]], [[107.01047422, 47.91751304], [107.010449, 47.91751218], [107.01018467, 47.91751708], [107.00773762, 47.9175599], [107.0077116, 47.91756179], [107.00768638, 47.9175665], [107.00766263, 47.9175739], [107.00764098, 47.91758379], [107.00762202, 47.91759592], [107.00760623, 47.91760996], [107.00759405, 47.91762553], [107.0075858, 47.91764223], [107.00758169, 47.91765961], [107.00758184, 47.91767721], [107.00761125, 47.91786506], [107.00765051, 47.91805211], [107.00769957, 47.91823811], [107.00775835, 47.91842282], [107.0078268, 47.91860603], [107.00790483, 47.9187875], [107.00799233, 47.91896701], [107.0080892, 47.91914432], [107.00819533, 47.91931923], [107.00831057, 47.91949152], [107.00843478, 47.91966096], [107.00844802, 47.91967535], [107.00846444, 47.91968817], [107.00848364, 47.91969911], [107.00850515, 47.91970789], [107.00852843, 47.91971431], [107.00855292, 47.91971821], [107.00857802, 47.91971948], [107.00860311, 47.91971811], [107.00862756, 47.91971411], [107.0095421, 47.91951257], [107.00963045, 47.91949533], [107.00972036, 47.91948222], [107.00981139, 47.91947329], [107.00990312, 47.91946859], [107.01052128, 47.91945123], [107.01054872, 47.91944885], [107.01057515, 47.91944334], [107.01059979, 47.91943487], [107.01062189, 47.91942367], [107.0106408, 47.9194101], [107.01065597, 47.91939454], [107.01066693, 47.91937746], [107.01067338, 47.91935937], [107.0106751, 47.91934081], [107.01061395, 47.9176175], [107.01061136, 47.91760061], [107.01060487, 47.9175842], [107.01059463, 47.91756869], [107.0105809, 47.91755444], [107.01056401, 47.91754181], [107.01054439, 47.91753112], [107.01052251, 47.91752264], [107.01049893, 47.91751656], [107.01047422, 47.91751304]], [[107.01054419, 47.91954197], [107.01051872, 47.91954132], [107.00992721, 47.91955794], [107.00983548, 47.91956264], [107.00974445, 47.91957157], [107.00965454, 47.91958468], [107.00956619, 47.91960192], [107.00871691, 47.91978908], [107.00869216, 47.91979613], [107.0086695, 47.91980585], [107.00864957, 47.91981798], [107.00863293, 47.91983218], [107.00862005, 47.91984804], [107.00861129, 47.91986512], [107.00860688, 47.91988295], [107.00860697, 47.91990102], [107.00861154, 47.91991883], [107.00862046, 47.91993588], [107.0100642, 47.92209611], [107.01077546, 47.92287134], [107.01077685, 47.9228726], [107.01077854, 47.92287367], [107.01078048, 47.92287453], [107.01078262, 47.92287515], [107.01078489, 47.92287552], [107.01078721, 47.92287561], [107.01078952, 47.92287543], [107.01079175, 47.92287499], [107.01079384, 47.92287429], [107.01079571, 47.92287336], [107.01079731, 47.92287222], [107.0107986, 47.92287092], [107.01079953, 47.92286949], [107.01080008, 47.92286797], [107.01080023, 47.9228664], [107.01068595, 47.91964659], [107.01068333, 47.91962955], [107.01067672, 47.91961301], [107.01066631, 47.91959738], [107.01065234, 47.91958305], [107.01063518, 47.91957038], [107.01061526, 47.9195597], [107.01059307, 47.91955127], [107.01056918, 47.91954531], [107.01054419, 47.91954197]], [[107.0129187, 47.91947529], [107.01289282, 47.91947461], [107.01106696, 47.91952592], [107.01103951, 47.9195283], [107.01101308, 47.9195338], [107.01098845, 47.91954228], [107.01096635, 47.91955347], [107.01094743, 47.91956705], [107.01093227, 47.91958261], [107.0109213, 47.91959969], [107.01091486, 47.91961778], [107.01091313, 47.91963634], [107.01103058, 47.92294525], [107.01103344, 47.92296309], [107.01104065, 47.92298037], [107.01105202, 47.9229966], [107.01106724, 47.92301135], [107.01108588, 47.9230242], [107.01110743, 47.92303479], [107.01113129, 47.92304284], [107.01115681, 47.92304812], [107.01118327, 47.92305048], [107.01120996, 47.92304987], [107.01358147, 47.9228616], [107.01360673, 47.9228582], [107.01363085, 47.92285212], [107.01365322, 47.92284353], [107.01367326, 47.92283265], [107.01369045, 47.92281975], [107.01370435, 47.92280517], [107.0137146, 47.92278928], [107.01372094, 47.9227725], [107.01372321, 47.92275525], [107.01372134, 47.92273798], [107.01349783, 47.92176247], [107.01305939, 47.91984887], [107.01306011, 47.91958265], [107.01305807, 47.9195653], [107.0130519, 47.91954839], [107.01304177, 47.91953237], [107.01302795, 47.91951765], [107.01301078, 47.91950462], [107.01299072, 47.91949361], [107.01296829, 47.91948491], [107.01294408, 47.91947875], [107.0129187, 47.91947529]], [[107.0162492, 47.91938156], [107.01622379, 47.91938092], [107.0145147, 47.91942901], [107.01334782, 47.91946182], [107.01332082, 47.91946413], [107.01329479, 47.91946947], [107.01327048, 47.91947769], [107.01324858, 47.91948855], [107.01322973, 47.91950175], [107.01321446, 47.91951689], [107.01320321, 47.91953355], [107.01319631, 47.91955124], [107.01319395, 47.91956947], [107.01319325, 47.91983161], [107.01319559, 47.91985239], [107.01352341, 47.92128319], [107.01385604, 47.92273494], [107.0138625, 47.92275282], [107.01387337, 47.9227697], [107.01388836, 47.92278509], [107.01390701, 47.92279855], [107.01392879, 47.92280968], [107.01395307, 47.92281817], [107.01397914, 47.92282376], [107.01400624, 47.9228263], [107.01403359, 47.9228257], [107.01687925, 47.92259972], [107.01690451, 47.92259632], [107.01692863, 47.92259024], [107.016951, 47.92258165], [107.01697104, 47.92257076], [107.01698823, 47.92255787], [107.01700213, 47.92254329], [107.01701238, 47.9225274], [107.01701872, 47.92251062], [107.01702098, 47.92249337], [107.01701912, 47.9224761], [107.01670912, 47.92112352], [107.0164037, 47.91979084], [107.01639102, 47.91948575], [107.0163883, 47.91946876], [107.01638163, 47.91945228], [107.01637117, 47.9194367], [107.01635718, 47.91942244], [107.01634002, 47.91940983], [107.01632012, 47.9193992], [107.01629797, 47.91939082], [107.01627413, 47.91938489], [107.0162492, 47.91938156]], [[107.01946542, 47.91929121], [107.01943826, 47.91929042], [107.01820748, 47.91932509], [107.0166784, 47.91936813], [107.01665088, 47.91937052], [107.01662439, 47.91937605], [107.01659971, 47.91938457], [107.01657758, 47.91939582], [107.01655866, 47.91940945], [107.01654351, 47.91942508], [107.01653259, 47.91944222], [107.01652623, 47.91946037], [107.0165246, 47.91947899], [107.01653723, 47.91978271], [107.01657657, 47.91995438], [107.01670655, 47.92052154], [107.01688036, 47.92127992], [107.01715382, 47.92247305], [107.01716027, 47.92249093], [107.01717115, 47.92250781], [107.01718613, 47.9225232], [107.01720479, 47.92253666], [107.01722657, 47.92254779], [107.01725085, 47.92255628], [107.01727692, 47.92256187], [107.01730402, 47.9225644], [107.01733137, 47.92256381], [107.01897446, 47.92243329], [107.01902829, 47.92242583], [107.01907943, 47.92241231], [107.0191264, 47.92239313], [107.01916781, 47.92236885], [107.01920246, 47.92234018], [107.01922933, 47.92230795], [107.01924763, 47.92227312], [107.01925683, 47.9222367], [107.01930139, 47.92187465], [107.01939526, 47.92111179], [107.01954075, 47.91992943], [107.01960501, 47.91940717], [107.01960495, 47.91938889], [107.0196003, 47.91937088], [107.0195912, 47.91935366], [107.01957791, 47.91933772], [107.01956081, 47.91932351], [107.01954039, 47.91931145], [107.01951723, 47.91930187], [107.019492, 47.91929506], [107.01946542, 47.91929121]], [[107.01126837, 47.91283376], [107.01083314, 47.91283966], [107.01080801, 47.91284133], [107.01078359, 47.91284564], [107.01076046, 47.91285247], [107.01073922, 47.91286164], [107.01072038, 47.91287295], [107.01070441, 47.9128861], [107.01069171, 47.91290077], [107.01068258, 47.9129166], [107.01067726, 47.9129332], [107.01067587, 47.91295015], [107.0107034, 47.91372604], [107.01075593, 47.91520662], [107.01082822, 47.9172438], [107.01083081, 47.91726068], [107.0108373, 47.91727709], [107.01084754, 47.91729261], [107.01086128, 47.91730686], [107.01087816, 47.91731948], [107.01089779, 47.91733017], [107.01091966, 47.91733866], [107.01094324, 47.91734473], [107.01096795, 47.91734825], [107.01099317, 47.91734912], [107.01292477, 47.91731329], [107.0129509, 47.91731136], [107.01297622, 47.91730658], [107.01300003, 47.9172991], [107.01302171, 47.9172891], [107.01304068, 47.91727685], [107.01305641, 47.91726269], [107.0130685, 47.917247], [107.01307661, 47.91723018], [107.01308053, 47.91721271], [107.01308821, 47.9171367], [107.01317107, 47.91631643], [107.01329386, 47.91510083], [107.01338667, 47.91418191], [107.01338682, 47.91416521], [107.01328253, 47.91291557], [107.01327984, 47.91290249], [107.01327402, 47.91288989], [107.01326522, 47.91287808], [107.0132537, 47.91286739], [107.01323974, 47.91285811], [107.01322372, 47.91285047], [107.01320607, 47.91284469], [107.01318725, 47.91284091], [107.01316777, 47.91283924], [107.0124597, 47.91281759], [107.01126837, 47.91283376]], [[107.01357008, 47.91483562], [107.01355203, 47.91483575], [107.01353422, 47.91483778], [107.01351711, 47.91484165], [107.01350111, 47.91484728], [107.01348662, 47.91485452], [107.01347399, 47.9148632], [107.01346354, 47.91487309], [107.01345551, 47.91488397], [107.01345012, 47.91489555], [107.01344748, 47.91490756], [107.01343243, 47.91505656], [107.01341417, 47.9152374], [107.01326539, 47.91671031], [107.01324483, 47.91691387], [107.01321807, 47.91717883], [107.01321856, 47.91719728], [107.01322372, 47.91721542], [107.0132334, 47.91723269], [107.01324732, 47.91724861], [107.01326507, 47.91726269], [107.01328613, 47.91727454], [107.01330989, 47.9172838], [107.01333565, 47.9172902], [107.01336265, 47.91729356], [107.01339011, 47.91729378], [107.01611899, 47.91715804], [107.01614424, 47.91715541], [107.01616855, 47.91715012], [107.0161913, 47.91714231], [107.01621192, 47.91713218], [107.01622989, 47.91711997], [107.01624475, 47.917106], [107.01625613, 47.91709062], [107.01626374, 47.91707423], [107.01626738, 47.91705723], [107.01626697, 47.91704006], [107.01625679, 47.91696894], [107.01599707, 47.91515381], [107.0159835, 47.91505896], [107.01597807, 47.9150382], [107.0159679, 47.91501827], [107.01595323, 47.91499964], [107.01593444, 47.91498278], [107.01591196, 47.91496809], [107.01588636, 47.91495593], [107.01585825, 47.9149466], [107.01582832, 47.91494033], [107.01579731, 47.91493726], [107.01357008, 47.91483562]], [[107.01829943, 47.91490957], [107.01627792, 47.9149451], [107.0162507, 47.91494715], [107.01622438, 47.91495228], [107.01619975, 47.91496034], [107.01617752, 47.9149711], [107.01615833, 47.91498425], [107.01614275, 47.9149994], [107.01613123, 47.91501611], [107.01612409, 47.91503389], [107.01612156, 47.91505223], [107.01612124, 47.91508223], [107.01640208, 47.91704486], [107.01640685, 47.91706257], [107.01641594, 47.9170795], [107.01642908, 47.91709517], [107.01644591, 47.91710917], [107.01646597, 47.91712108], [107.0164887, 47.91713059], [107.01651346, 47.91713744], [107.01653956, 47.91714142], [107.01656629, 47.91714243], [107.01838875, 47.91710894], [107.01840867, 47.9171074], [107.0184279, 47.91710356], [107.01844584, 47.91709752], [107.01846195, 47.91708949], [107.01847574, 47.9170797], [107.01848679, 47.91706845], [107.01849477, 47.91705608], [107.01849943, 47.91704296], [107.01850063, 47.9170295], [107.01841746, 47.91498479], [107.01841517, 47.9149714], [107.01840946, 47.91495849], [107.0184005, 47.91494643], [107.01838857, 47.91493561], [107.01837402, 47.91492634], [107.01835731, 47.91491891], [107.01833892, 47.91491354], [107.01831944, 47.91491039], [107.01829943, 47.91490957]], [[107.02450772, 47.91480025], [107.01866324, 47.91490317], [107.01864527, 47.91490444], [107.01862782, 47.91490759], [107.01861131, 47.91491253], [107.01859616, 47.91491915], [107.01858274, 47.91492729], [107.01857137, 47.91493673], [107.01856235, 47.91494726], [107.01855589, 47.9149586], [107.01855215, 47.91497049], [107.01855122, 47.91498262], [107.01863439, 47.91702704], [107.01863668, 47.91704044], [107.0186424, 47.91705336], [107.01865137, 47.91706542], [107.01866332, 47.91707625], [107.01867788, 47.91708552], [107.01869462, 47.91709295], [107.01871303, 47.91709831], [107.01873254, 47.91710145], [107.01875256, 47.91710225], [107.02388728, 47.91700774], [107.02391386, 47.91700575], [107.02393959, 47.91700083], [107.02396374, 47.9169931], [107.02398564, 47.91698278], [107.0240047, 47.91697016], [107.02402037, 47.9169556], [107.02403223, 47.91693948], [107.02403994, 47.91692226], [107.02466898, 47.91493057], [107.02467232, 47.914913], [107.02467135, 47.91489531], [107.02466608, 47.91487797], [107.02465667, 47.91486143], [107.02464336, 47.91484615], [107.02462652, 47.91483254], [107.02460659, 47.91482097], [107.02458412, 47.91481174], [107.02455971, 47.9148051], [107.02453401, 47.91480124], [107.02450772, 47.91480025]], [[107.01608741, 47.91227523], [107.01606811, 47.91227475], [107.01589061, 47.91227993], [107.01582365, 47.91228442], [107.01575785, 47.9122939], [107.01569404, 47.91230826], [107.01446294, 47.91263886], [107.01398934, 47.91276636], [107.0135144, 47.91282525], [107.01349576, 47.91282862], [107.01347816, 47.91283395], [107.01346205, 47.9128411], [107.01344785, 47.91284989], [107.01343592, 47.91286009], [107.01342656, 47.91287145], [107.01342003, 47.91288366], [107.01341649, 47.91289642], [107.01341602, 47.91290939], [107.01352157, 47.91417409], [107.01347214, 47.91466346], [107.01347253, 47.91467694], [107.0134764, 47.91469017], [107.01348362, 47.91470275], [107.01349399, 47.9147143], [107.01350718, 47.91472445], [107.01352279, 47.91473292], [107.01354035, 47.91473943], [107.01355933, 47.9147438], [107.01357915, 47.91474588], [107.01577707, 47.91484619], [107.01580977, 47.91484588], [107.01584197, 47.91484201], [107.0158728, 47.91483468], [107.01590146, 47.91482407], [107.01592716, 47.91481048], [107.01594925, 47.91479426], [107.01596712, 47.91477585], [107.01598031, 47.91475573], [107.01598846, 47.91473443], [107.01599135, 47.91471253], [107.01600724, 47.91321202], [107.01607597, 47.91287891], [107.01619236, 47.91236788], [107.01619375, 47.91235493], [107.01619203, 47.912342], [107.01618727, 47.91232942], [107.01617957, 47.91231751], [107.01616914, 47.91230658], [107.01615624, 47.91229692], [107.01614121, 47.91228876], [107.01612444, 47.91228233], [107.01610635, 47.91227778], [107.01608741, 47.91227523]]]}, "geometry_name": "geom", "properties": {"guid": 3118506, "id": 3118506, "object_no": null, "object_name": "Төлөвлөлтийн авто зам", "layer_type_id": 956, "valid_to": null, "address_no": null, "border_type": "solid", "border_width": 1, "border_color": "#999999", "border_opacity": 0.36, "border_wellknown": "shape://horizline", "fill_type": "color", "fill_color": "#bcbcbc", "fill_opacity": 0.36, "fill_wellknown": null, "fill_shape_color": null, "fill_shape_width": null, "fill_shape_size": null, "fill_img_url": null, "marker_img_url": null}},{"type": "Feature", "id": "layer_data_map.fid--27e80436_1a098c1eed1_-589d", "geometry": {"type": "Polygon", "coordinates": [[[106.78077047, 47.91629396], [106.78082687, 47.91622367], [106.78133032, 47.9175632], [106.78139291, 47.91772975], [106.78153834, 47.91811667], [106.78163344, 47.91836969], [106.7817083, 47.91856886], [106.7817387, 47.91863698], [106.78177788, 47.91870305], [106.78182553, 47.91876655], [106.7818813, 47.918827], [106.78194473, 47.91888392], [106.78201536, 47.91893688], [106.78209263, 47.91898547], [106.78217594, 47.91902932], [106.78226466, 47.91906807], [106.78235809, 47.91910145], [106.78245553, 47.91912918], [106.7825562, 47.91915106], [106.78265935, 47.91916691], [106.78276417, 47.91917662], [106.78326542, 47.91920803], [106.7840068, 47.91925448], [106.78401654, 47.91925456], [106.78402617, 47.91925358], [106.78403545, 47.91925157], [106.78404411, 47.91924858], [106.78405195, 47.91924469], [106.78405876, 47.91924], [106.78406434, 47.91923464], [106.78406857, 47.91922874], [106.78407133, 47.91922246], [106.78407255, 47.91921596], [106.78407219, 47.91920942], [106.78407027, 47.919203], [106.78412943, 47.91934149], [106.78412565, 47.91933518], [106.78412034, 47.91932938], [106.78411366, 47.91932426], [106.7841058, 47.91931997], [106.78409698, 47.91931662], [106.78408745, 47.91931431], [106.78407748, 47.91931311], [106.78275672, 47.91923036], [106.78264491, 47.91922], [106.78253489, 47.91920309], [106.7824275, 47.91917976], [106.78232357, 47.91915018], [106.78222391, 47.91911458], [106.78212927, 47.91907324], [106.78204041, 47.91902647], [106.78195798, 47.91897464], [106.78188265, 47.91891815], [106.78181498, 47.91885743], [106.78175551, 47.91879296], [106.78170468, 47.91872522], [106.78166289, 47.91865475], [106.78163046, 47.91858208], [106.78144746, 47.91809519], [106.78090864, 47.91666159], [106.78077047, 47.91629396]]]}, "geometry_name": "geom", "properties": {"guid": 3118644, "id": 3118644, "object_no": null, "object_name": "Төлөвлөлтийн зам", "layer_type_id": 956, "valid_to": null, "address_no": null, "border_type": "solid", "border_width": 1, "border_color": "#999999", "border_opacity": 0.36, "border_wellknown": "shape://horizline", "fill_type": "color", "fill_color": "#bcbcbc", "fill_opacity": 0.36, "fill_wellknown": null, "fill_shape_color": null, "fill_shape_width": null, "fill_shape_size": null, "fill_img_url": null, "marker_img_url": null}},{"type": "Feature", "id": "layer_data_map.fid--27e80436_1a098c1eed1_-589c", "geometry": {"type": "Polygon", "coordinates": [[[106.78423479, 47.91935994], [106.78418341, 47.91923969], [106.78418708, 47.91924615], [106.78419235, 47.9192521], [106.78419904, 47.91925736], [106.78420696, 47.91926178], [106.78421589, 47.91926522], [106.78422557, 47.91926759], [106.7842357, 47.91926882], [106.7843014, 47.91927294], [106.78622403, 47.91939337], [106.78802827, 47.91950636], [106.78924679, 47.91958266], [106.78928237, 47.91958488], [106.78929232, 47.91958495], [106.78930216, 47.91958392], [106.7893116, 47.91958181], [106.7893204, 47.91957868], [106.78932831, 47.91957462], [106.78933513, 47.91956974], [106.78934065, 47.91956417], [106.78934473, 47.91955807], [106.78934726, 47.9195516], [106.78934817, 47.91954494], [106.78934689, 47.91966567], [106.78934593, 47.91966152], [106.78934402, 47.91965752], [106.78934122, 47.91965377], [106.78933758, 47.91965036], [106.7893332, 47.91964736], [106.78932819, 47.91964486], [106.78932265, 47.91964291], [106.78931674, 47.91964157], [106.78931058, 47.91964085], [106.78538606, 47.91939509], [106.78444596, 47.9193362], [106.78429395, 47.91932668], [106.7842771, 47.91932562], [106.78427061, 47.91932557], [106.78426419, 47.91932622], [106.78425801, 47.91932756], [106.78425223, 47.91932955], [106.784247, 47.91933215], [106.78424247, 47.91933527], [106.78423874, 47.91933885], [106.78423592, 47.91934278], [106.78423408, 47.91934697], [106.78423327, 47.9193513], [106.78423351, 47.91935566], [106.78423479, 47.91935994]]]}, "geometry_name": "geom", "properties": {"guid": 3118645, "id": 3118645, "object_no": null, "object_name": "Төлөвлөлтийн зам", "layer_type_id": 956, "valid_to": null, "address_no": null, "border_type": "solid", "border_width": 1, "border_color": "#999999", "border_opacity": 0.36, "border_wellknown": "shape://horizline", "fill_type": "color", "fill_color": "#bcbcbc", "fill_opacity": 0.36, "fill_wellknown": null, "fill_shape_color": null, "fill_shape_width": null, "fill_shape_size": null, "fill_img_url": null, "marker_img_url": null}},{"type": "Feature", "id": "layer_data_map.fid--27e80436_1a098c1eed1_-589b", "geometry": {"type": "Polygon", "coordinates": [[[106.79412275, 47.91994202], [106.78949121, 47.91965216], [106.78948347, 47.91965211], [106.78947582, 47.91965292], [106.78946847, 47.91965456], [106.78946163, 47.91965699], [106.78945548, 47.91966015], [106.78945018, 47.91966394], [106.78944588, 47.91966827], [106.78944271, 47.91967302], [106.78944074, 47.91967805], [106.78944003, 47.91968323], [106.78944168, 47.91955761], [106.78944241, 47.91956427], [106.78944476, 47.91957076], [106.78944867, 47.9195769], [106.78945403, 47.91958253], [106.78946069, 47.91958749], [106.78946847, 47.91959164], [106.78947716, 47.91959488], [106.78948653, 47.91959711], [106.78949631, 47.91959828], [106.7895395, 47.91960098], [106.79212785, 47.91976299], [106.7940372, 47.91988246], [106.79405044, 47.91988255], [106.79406352, 47.91988118], [106.79407608, 47.91987838], [106.7940878, 47.91987424], [106.79409833, 47.91986885], [106.79410741, 47.91986238], [106.79411479, 47.91985498], [106.79412025, 47.91984688], [106.79412366, 47.91983828], [106.79412493, 47.91982942], [106.79412275, 47.91994202]]]}, "geometry_name": "geom", "properties": {"guid": 3118646, "id": 3118646, "object_no": null, "object_name": "Төлөвлөлтийн зам", "layer_type_id": 956, "valid_to": null, "address_no": null, "border_type": "solid", "border_width": 1, "border_color": "#999999", "border_opacity": 0.36, "border_wellknown": "shape://horizline", "fill_type": "color", "fill_color": "#bcbcbc", "fill_opacity": 0.36, "fill_wellknown": null, "fill_shape_color": null, "fill_shape_width": null, "fill_shape_size": null, "fill_img_url": null, "marker_img_url": null}},{"type": "Feature", "id": "layer_data_map.fid--27e80436_1a098c1eed1_-589a", "geometry": {"type": "Polygon", "coordinates": [[[106.7866003, 47.91643957], [106.78683459, 47.91649513], [106.78682122, 47.91649314], [106.78680755, 47.91649271], [106.78679397, 47.91649384], [106.78678088, 47.91649651], [106.78676864, 47.91650064], [106.78675763, 47.9165061], [106.78674816, 47.91651274], [106.7867405, 47.91652036], [106.78673488, 47.91652875], [106.78667954, 47.91663465], [106.7866544, 47.9166931], [106.78663921, 47.91675307], [106.78663416, 47.91681382], [106.78663931, 47.91687457], [106.78665459, 47.91693453], [106.78675982, 47.91724204], [106.78677622, 47.91730514], [106.78678256, 47.91736905], [106.78677878, 47.91743306], [106.78671772, 47.91787362], [106.78671754, 47.91788208], [106.78671933, 47.91789047], [106.78672305, 47.91789856], [106.78672861, 47.91790616], [106.78673586, 47.91791308], [106.78674464, 47.91791916], [106.78675473, 47.91792423], [106.78676587, 47.91792819], [106.7867778, 47.91793092], [106.78679021, 47.91793236], [106.78653706, 47.91791651], [106.78655105, 47.91791656], [106.78656485, 47.91791498], [106.78657803, 47.91791181], [106.78659019, 47.91790715], [106.78660096, 47.91790115], [106.78661002, 47.91789397], [106.78661708, 47.91788585], [106.78662194, 47.91787703], [106.78662445, 47.91786777], [106.78668551, 47.91742722], [106.78668897, 47.91737739], [106.78668558, 47.91732757], [106.78667884, 47.91729167], [106.78666854, 47.91725615], [106.78656331, 47.91694865], [106.78655004, 47.91690128], [106.78654245, 47.91685334], [106.78654058, 47.91680515], [106.78654714, 47.91674026], [106.78656407, 47.91667622], [106.78659117, 47.91661378], [106.78664662, 47.91650767], [106.78665003, 47.91649878], [106.78665115, 47.91648962], [106.78664995, 47.91648048], [106.78664646, 47.9164716], [106.78664078, 47.91646324], [106.78663307, 47.91645566], [106.78662357, 47.91644906], [106.78661253, 47.91644365], [106.7866003, 47.91643957]]]}, "geometry_name": "geom", "properties": {"guid": 3118647, "id": 3118647, "object_no": null, "object_name": "Төлөвлөлтийн зам", "layer_type_id": 956, "valid_to": null, "address_no": null, "border_type": "solid", "border_width": 1, "border_color": "#999999", "border_opacity": 0.36, "border_wellknown": "shape://horizline", "fill_type": "color", "fill_color": "#bcbcbc", "fill_opacity": 0.36, "fill_wellknown": null, "fill_shape_color": null, "fill_shape_width": null, "fill_shape_size": null, "fill_img_url": null, "marker_img_url": null}},{"type": "Feature", "id": "layer_data_map.fid--27e80436_1a098c1eed1_-5899", "geometry": {"type": "Polygon", "coordinates": [[[106.78392229, 47.91525409], [106.78413034, 47.91535233], [106.78411949, 47.91534802], [106.78410778, 47.9153449], [106.78409548, 47.91534306], [106.78408291, 47.91534253], [106.78407037, 47.91534333], [106.78405816, 47.91534544], [106.7840466, 47.9153488], [106.78403597, 47.91535334], [106.78402652, 47.91535894], [106.78401849, 47.91536547], [106.7839489, 47.91543061], [106.78388434, 47.91549805], [106.78382946, 47.91556626], [106.78378387, 47.9156375], [106.78374795, 47.9157112], [106.78372197, 47.91578676], [106.78370615, 47.91586358], [106.78351315, 47.91725663], [106.78350487, 47.91736472], [106.78350644, 47.91747295], [106.78351786, 47.91758092], [106.78353909, 47.91768821], [106.78354229, 47.91769681], [106.78354754, 47.91770493], [106.7835547, 47.91771238], [106.78356357, 47.91771893], [106.78357391, 47.91772442], [106.78358546, 47.9177287], [106.78359789, 47.91773165], [106.78361087, 47.9177332], [106.78337539, 47.91771844], [106.78338529, 47.91771851], [106.78339507, 47.91771749], [106.78340447, 47.91771541], [106.78341323, 47.91771232], [106.78342113, 47.91770831], [106.78342794, 47.91770348], [106.78343348, 47.91769796], [106.7834376, 47.91769191], [106.78344019, 47.91768549], [106.78344119, 47.91767887], [106.78344055, 47.91767223], [106.78342288, 47.91757471], [106.78341283, 47.9174767], [106.78341041, 47.91737848], [106.78341564, 47.9172803], [106.78346568, 47.91691939], [106.78359354, 47.91599729], [106.78361033, 47.91587895], [106.78361976, 47.91581752], [106.78363525, 47.91575664], [106.78365891, 47.91569136], [106.78368952, 47.9156274], [106.78372694, 47.9155651], [106.78377096, 47.91550478], [106.78382136, 47.91544675], [106.78387967, 47.91538712], [106.78394185, 47.91532928], [106.78394826, 47.91532199], [106.78395289, 47.91531411], [106.78395563, 47.91530585], [106.78395642, 47.9152974], [106.78395523, 47.91528896], [106.7839521, 47.91528076], [106.78394709, 47.91527299], [106.78394034, 47.91526584], [106.783932, 47.91525949], [106.78392229, 47.91525409]]]}, "geometry_name": "geom", "properties": {"guid": 3118648, "id": 3118648, "object_no": null, "object_name": "Төлөвлөлтийн зам", "layer_type_id": 956, "valid_to": null, "address_no": null, "border_type": "solid", "border_width": 1, "border_color": "#999999", "border_opacity": 0.36, "border_wellknown": "shape://horizline", "fill_type": "color", "fill_color": "#bcbcbc", "fill_opacity": 0.36, "fill_wellknown": null, "fill_shape_color": null, "fill_shape_width": null, "fill_shape_size": null, "fill_img_url": null, "marker_img_url": null}},{"type": "Feature", "id": "layer_data_map.fid--27e80436_1a098c1eed1_-5898", "geometry": {"type": "Polygon", "coordinates": [[[106.78341394, 47.9177841], [106.78368276, 47.91780094], [106.78366985, 47.91780083], [106.78365708, 47.91780212], [106.78364479, 47.91780476], [106.78363328, 47.91780869], [106.78362286, 47.91781381], [106.7836138, 47.91781999], [106.78360632, 47.91782706], [106.78360063, 47.91783485], [106.78359687, 47.91784315], [106.78359514, 47.91785175], [106.78359547, 47.91786042], [106.78359788, 47.91786895], [106.78360649, 47.91788957], [106.78391648, 47.91861502], [106.78397598, 47.91875427], [106.78418341, 47.91923969], [106.78423479, 47.91935994], [106.78423857, 47.91936877], [106.78424102, 47.91937308], [106.78424452, 47.91937704], [106.78424898, 47.91938055], [106.78425426, 47.91938349], [106.78426021, 47.91938579], [106.78426666, 47.91938737], [106.78427341, 47.91938819], [106.78408767, 47.91937671], [106.78409465, 47.91937672], [106.78410153, 47.91937592], [106.7841081, 47.91937432], [106.78411416, 47.91937199], [106.78411952, 47.91936898], [106.78412403, 47.9193654], [106.78412755, 47.91936134], [106.78412997, 47.91935694], [106.78413122, 47.91935232], [106.78413125, 47.91934763], [106.78413008, 47.919343], [106.78407027, 47.919203], [106.78386013, 47.91871124], [106.78351646, 47.91790696], [106.78348459, 47.91782534], [106.78348077, 47.91781736], [106.78347516, 47.91780987], [106.78346788, 47.91780306], [106.78345913, 47.91779708], [106.7834491, 47.91779209], [106.78343805, 47.91778821], [106.78342623, 47.91778552], [106.78341394, 47.9177841]]]}, "geometry_name": "geom", "properties": {"guid": 3118649, "id": 3118649, "object_no": null, "object_name": "Төлөвлөлтийн зам", "layer_type_id": 956, "valid_to": null, "address_no": null, "border_type": "solid", "border_width": 1, "border_color": "#999999", "border_opacity": 0.36, "border_wellknown": "shape://horizline", "fill_type": "color", "fill_color": "#bcbcbc", "fill_opacity": 0.36, "fill_wellknown": null, "fill_shape_color": null, "fill_shape_width": null, "fill_shape_size": null, "fill_img_url": null, "marker_img_url": null}},{"type": "Feature", "id": "layer_data_map.fid--27e80436_1a098c1eed1_-5897", "geometry": {"type": "Polygon", "coordinates": [[[106.78139291, 47.91772975], [106.78133032, 47.9175632], [106.78133326, 47.91756909], [106.78133752, 47.91757461], [106.78134299, 47.91757963], [106.78134953, 47.91758403], [106.781357, 47.9175877], [106.78136522, 47.91759056], [106.78137399, 47.91759253], [106.78138311, 47.91759359], [106.78265108, 47.91767305], [106.78337539, 47.91771844], [106.78361087, 47.9177332], [106.78376927, 47.91774312], [106.78396036, 47.91775509], [106.78653706, 47.91791651], [106.78679021, 47.91793236], [106.78756813, 47.91798108], [106.78842751, 47.91803489], [106.78900833, 47.91807126], [106.78919486, 47.91808294], [106.78928052, 47.9180883], [106.78953456, 47.91810421], [106.78968149, 47.91811341], [106.7907032, 47.91817736], [106.79086975, 47.91818779], [106.79109815, 47.91820084], [106.79129703, 47.91820872], [106.79147844, 47.91821299], [106.79165995, 47.91821448], [106.79367902, 47.91821567], [106.79369259, 47.9182149], [106.79370577, 47.9182126], [106.79371818, 47.91820884], [106.79372946, 47.91820373], [106.7937393, 47.9181974], [106.79374741, 47.91819005], [106.79375355, 47.91818188], [106.79375756, 47.91817313], [106.7937593, 47.91816406], [106.79375874, 47.91815491], [106.79375589, 47.91814597], [106.79383339, 47.91831692], [106.7938287, 47.91830893], [106.7938222, 47.91830154], [106.79381403, 47.91829494], [106.7938044, 47.9182893], [106.79379357, 47.91828475], [106.7937818, 47.91828141], [106.79376939, 47.91827937], [106.79375666, 47.91827868], [106.7916587, 47.91827745], [106.79144299, 47.91827537], [106.79122744, 47.9182694], [106.79106661, 47.91826243], [106.79069452, 47.91824006], [106.7896728, 47.9181761], [106.78954718, 47.91816824], [106.78929313, 47.91815233], [106.78918618, 47.91814564], [106.78894635, 47.91813062], [106.78777928, 47.91805754], [106.78755944, 47.91804378], [106.78676154, 47.91799381], [106.78654836, 47.91798046], [106.78396551, 47.91781866], [106.78376058, 47.91780582], [106.78368276, 47.91780094], [106.78341394, 47.9177841], [106.78293218, 47.91775391], [106.78222147, 47.91770937], [106.78147821, 47.91766279], [106.78146428, 47.91766273], [106.78145054, 47.91766429], [106.78143741, 47.91766743], [106.78142529, 47.91767204], [106.78141453, 47.917678], [106.78140547, 47.91768511], [106.78139837, 47.91769317], [106.78139346, 47.91770193], [106.78139087, 47.91771114], [106.78139069, 47.9177205], [106.78139291, 47.91772975]]]}, "geometry_name": "geom", "properties": {"guid": 3118650, "id": 3118650, "object_no": null, "object_name": "Төлөвлөлтийн зам", "layer_type_id": 956, "valid_to": null, "address_no": null, "border_type": "solid", "border_width": 1, "border_color": "#999999", "border_opacity": 0.36, "border_wellknown": "shape://horizline", "fill_type": "color", "fill_color": "#bcbcbc", "fill_opacity": 0.36, "fill_wellknown": null, "fill_shape_color": null, "fill_shape_width": null, "fill_shape_size": null, "fill_img_url": null, "marker_img_url": null}},{"type": "Feature", "id": "layer_data_map.fid--27e80436_1a098c1eed1_-5896", "geometry": {"type": "Polygon", "coordinates": [[[106.7893308, 47.9167025], [106.78954198, 47.91671372], [106.78953231, 47.91671394], [106.78952282, 47.9167152], [106.78951374, 47.91671746], [106.78950533, 47.91672068], [106.78949779, 47.91672475], [106.78949132, 47.91672959], [106.78948608, 47.91673506], [106.78948222, 47.91674102], [106.78947982, 47.91674732], [106.78947896, 47.9167538], [106.78947739, 47.91687145], [106.78946661, 47.91768252], [106.78946172, 47.91804999], [106.7894627, 47.91805887], [106.78946583, 47.91806752], [106.78947104, 47.91807571], [106.78947819, 47.91808321], [106.78948706, 47.91808982], [106.78949744, 47.91809536], [106.78950903, 47.91809968], [106.78952152, 47.91810265], [106.78953456, 47.91810421], [106.78928052, 47.9180883], [106.78929379, 47.91808839], [106.7893069, 47.91808701], [106.78931949, 47.9180842], [106.78933122, 47.91808003], [106.78934177, 47.91807462], [106.78935085, 47.91806811], [106.78935822, 47.91806069], [106.78936366, 47.91805256], [106.78936703, 47.91804393], [106.78936825, 47.91803505], [106.78937765, 47.9173277], [106.78938389, 47.91685878], [106.78938543, 47.91674316], [106.78938469, 47.9167365], [106.78938234, 47.91673001], [106.78937844, 47.91672387], [106.78937308, 47.91671824], [106.78936642, 47.91671329], [106.78935864, 47.91670913], [106.78934995, 47.9167059], [106.78934058, 47.91670366], [106.7893308, 47.9167025]]]}, "geometry_name": "geom", "properties": {"guid": 3118651, "id": 3118651, "object_no": null, "object_name": "Төлөвлөлтийн зам", "layer_type_id": 956, "valid_to": null, "address_no": null, "border_type": "solid", "border_width": 1, "border_color": "#999999", "border_opacity": 0.36, "border_wellknown": "shape://horizline", "fill_type": "color", "fill_color": "#bcbcbc", "fill_opacity": 0.36, "fill_wellknown": null, "fill_shape_color": null, "fill_shape_width": null, "fill_shape_size": null, "fill_img_url": null, "marker_img_url": null}},{"type": "Feature", "id": "layer_data_map.fid--27e80436_1a098c1eed1_-5895", "geometry": {"type": "Polygon", "coordinates": [[[106.78929313, 47.91815233], [106.78954718, 47.91816824], [106.7895339, 47.91816815], [106.78952079, 47.91816953], [106.7895082, 47.91817234], [106.78949647, 47.91817651], [106.78948592, 47.91818192], [106.78947684, 47.91818843], [106.78946948, 47.91819585], [106.78946403, 47.91820398], [106.78946066, 47.91821261], [106.78945944, 47.91822149], [106.78944651, 47.91919441], [106.78944168, 47.91955761], [106.78944001, 47.91968511], [106.78944079, 47.91969016], [106.78944278, 47.91969506], [106.78944591, 47.91969969], [106.78945011, 47.91970392], [106.78945527, 47.91970763], [106.78946124, 47.91971075], [106.78946789, 47.91971317], [106.78947503, 47.91971484], [106.78948248, 47.91971572], [106.78929528, 47.91970397], [106.78930302, 47.91970402], [106.78931067, 47.91970322], [106.78931802, 47.91970158], [106.78932486, 47.91969914], [106.78933102, 47.91969599], [106.78933632, 47.91969219], [106.78934062, 47.91968786], [106.78934379, 47.91968312], [106.78934576, 47.91967808], [106.78934647, 47.9196729], [106.78934684, 47.91967016], [106.78934817, 47.91954494], [106.789353, 47.91918173], [106.78935468, 47.91905536], [106.78936597, 47.91820655], [106.78936499, 47.91819767], [106.78936186, 47.91818902], [106.78935665, 47.91818083], [106.78934951, 47.91817333], [106.78934063, 47.91816672], [106.78933025, 47.91816118], [106.78931866, 47.91815686], [106.78930617, 47.91815389], [106.78929313, 47.91815233]]]}, "geometry_name": "geom", "properties": {"guid": 3118652, "id": 3118652, "object_no": null, "object_name": "Төлөвлөлтийн зам", "layer_type_id": 956, "valid_to": null, "address_no": null, "border_type": "solid", "border_width": 1, "border_color": "#999999", "border_opacity": 0.36, "border_wellknown": "shape://horizline", "fill_type": "color", "fill_color": "#bcbcbc", "fill_opacity": 0.36, "fill_wellknown": null, "fill_shape_color": null, "fill_shape_width": null, "fill_shape_size": null, "fill_img_url": null, "marker_img_url": null}},{"type": "Feature", "id": "layer_data_map.fid--27e80436_1a098c1eed1_-5894", "geometry": {"type": "MultiPolygon", "coordinates": [[[[106.79264412, 47.91558664], [106.79264521, 47.91559329], [106.79264181, 47.91558013], [106.79264412, 47.91558664]]], [[[106.79068127, 47.91658752], [106.7905323, 47.91662348], [106.79038051, 47.91665365], [106.7902264, 47.91667795], [106.79007048, 47.9166963], [106.78991021, 47.9167088], [106.78978762, 47.9167141], [106.78966479, 47.91671575], [106.78954198, 47.91671372], [106.7893308, 47.9167025], [106.78893416, 47.91667766], [106.78754171, 47.91659047], [106.78744209, 47.91658325], [106.78730349, 47.91656989], [106.78714551, 47.91654989], [106.7869891, 47.91652495], [106.78683459, 47.91649513], [106.7866003, 47.91643957], [106.78645009, 47.916397], [106.78630305, 47.91634969], [106.78615951, 47.91629775], [106.78601979, 47.9162413], [106.78588421, 47.91618046], [106.78413034, 47.91535233], [106.78392229, 47.91525409], [106.78386588, 47.91522745], [106.78194962, 47.91441312], [106.78189247, 47.91439284], [106.78183132, 47.91437877], [106.78176767, 47.91437125], [106.78170305, 47.91437048], [106.78163904, 47.91437646], [106.78157719, 47.91438905], [106.781519, 47.91440795], [106.78146588, 47.91443269], [106.78141912, 47.91446268], [106.78137986, 47.91449719], [106.78191667, 47.91385824], [106.78188735, 47.91390502], [106.78186812, 47.91395411], [106.78185935, 47.91400452], [106.78186122, 47.91405527], [106.7818737, 47.91410533], [106.78189653, 47.91415371], [106.78192926, 47.91419946], [106.78196482, 47.91423654], [106.78200607, 47.91427086], [106.78205256, 47.914302], [106.78210373, 47.91432963], [106.78211918, 47.91433619], [106.78224357, 47.91438906], [106.78239994, 47.91445551], [106.78396983, 47.91512264], [106.78420822, 47.9152352], [106.78599188, 47.9160774], [106.78613254, 47.91614021], [106.78627787, 47.91619803], [106.78642746, 47.9162507], [106.78658092, 47.91629807], [106.78673783, 47.91634003], [106.78689777, 47.91637645], [106.7870603, 47.91640724], [106.787225, 47.91643232], [106.78739141, 47.91645162], [106.78755908, 47.91646508], [106.78849288, 47.91652355], [106.78943168, 47.91658233], [106.78959473, 47.91658905], [106.78975809, 47.91658883], [106.7899211, 47.91658167], [106.7900831, 47.91656759], [106.79024346, 47.91654665], [106.79040154, 47.91651894], [106.79055668, 47.91648456], [106.79070829, 47.91644367], [106.79085574, 47.91639641], [106.79099846, 47.91634297], [106.79107797, 47.91630961], [106.79260875, 47.91564112], [106.79261973, 47.91563535], [106.7926519, 47.91561922], [106.79278283, 47.91555279], [106.79284818, 47.91551963], [106.79285955, 47.9155155], [106.79390942, 47.91505699], [106.79473263, 47.91469746], [106.7948703, 47.91464107], [106.79501257, 47.91459012], [106.79515899, 47.91454477], [106.79530906, 47.91450519], [106.79546228, 47.91447151], [106.79561814, 47.91444382], [106.79577612, 47.91442224], [106.79593569, 47.91440682], [106.79609631, 47.91439763], [106.79625746, 47.91439469], [106.79641859, 47.91439801], [106.79657916, 47.91440758], [106.79995224, 47.91467481], [106.79996483, 47.91467514], [106.79997734, 47.91467414], [106.79998947, 47.91467184], [106.80000091, 47.91466829], [106.80001138, 47.91466358], [106.80002063, 47.91465782], [106.80002842, 47.91465117], [106.80003457, 47.91464378], [106.80003892, 47.91463583], [106.80004137, 47.91462752], [106.80003713, 47.91487731], [106.80003448, 47.91486847], [106.80002967, 47.91486006], [106.80002285, 47.9148523], [106.8000142, 47.91484541], [106.80000396, 47.91483959], [106.79999243, 47.91483499], [106.79997992, 47.91483174], [106.79996678, 47.91482995], [106.79655253, 47.91455945], [106.79639161, 47.91455014], [106.79623013, 47.91454767], [106.79606875, 47.91455204], [106.79590809, 47.91456324], [106.7957488, 47.91458122], [106.79559151, 47.91460592], [106.79543685, 47.91463722], [106.79528543, 47.91467501], [106.79513786, 47.91471914], [106.79499471, 47.91476944], [106.79485655, 47.91482569], [106.79386245, 47.91525986], [106.79293065, 47.9156668], [106.79287308, 47.91569043], [106.79268867, 47.91576181], [106.79261062, 47.91579409], [106.79259782, 47.91579697], [106.79258593, 47.91580126], [106.79118002, 47.91641522], [106.79107581, 47.91645855], [106.79096885, 47.91649875], [106.79082695, 47.9165459], [106.79068127, 47.91658752]]]]}, "geometry_name": "geom", "properties": {"guid": 3118653, "id": 3118653, "object_no": null, "object_name": "Төлөвлөлтийн зам", "layer_type_id": 956, "valid_to": null, "address_no": null, "border_type": "solid", "border_width": 1, "border_color": "#999999", "border_opacity": 0.36, "border_wellknown": "shape://horizline", "fill_type": "color", "fill_color": "#bcbcbc", "fill_opacity": 0.36, "fill_wellknown": null, "fill_shape_color": null, "fill_shape_width": null, "fill_shape_size": null, "fill_img_url": null, "marker_img_url": null}},{"type": "Feature", "id": "layer_data_map.fid--27e80436_1a098c1eed1_-5893", "geometry": {"type": "Polygon", "coordinates": [[[106.79436616, 47.92000112], [106.79437506, 47.92000777], [106.79438548, 47.92001333], [106.79439712, 47.92001766], [106.79440966, 47.92002064], [106.79442277, 47.92002219], [106.79403518, 47.91999857], [106.7940484, 47.91999864], [106.79406145, 47.91999725], [106.79407398, 47.91999444], [106.79408566, 47.91999028], [106.79409617, 47.9199849], [106.79410522, 47.91997842], [106.79411257, 47.91997104], [106.79411802, 47.91996295], [106.79412142, 47.91995436], [106.79412268, 47.91994552], [106.79412275, 47.91994202], [106.79412493, 47.91982942], [106.79413587, 47.91926371], [106.79413305, 47.91915736], [106.79412046, 47.91905133], [106.79409816, 47.91894602], [106.79406623, 47.91884184], [106.7940248, 47.91873918], [106.79386001, 47.91837566], [106.79383339, 47.91831692], [106.79375589, 47.91814597], [106.79372904, 47.91808673], [106.79270646, 47.91583079], [106.79270146, 47.91582236], [106.79269443, 47.91581462], [106.79268557, 47.91580778], [106.79267512, 47.91580203], [106.7926634, 47.91579754], [106.79265072, 47.91579443], [106.79263744, 47.9157928], [106.79262395, 47.91579268], [106.79261062, 47.91579409], [106.79268867, 47.91576181], [106.79287308, 47.91569043], [106.79293065, 47.9156668], [106.7929204, 47.91567211], [106.79291156, 47.91567846], [106.79290435, 47.91568568], [106.79289895, 47.91569358], [106.79289551, 47.91570197], [106.79289413, 47.91571062], [106.79289482, 47.9157193], [106.79289759, 47.9157278], [106.79353611, 47.91713647], [106.79398768, 47.91813268], [106.79410597, 47.91839361], [106.79424241, 47.91869461], [106.79428752, 47.91880638], [106.79432228, 47.91891981], [106.79434656, 47.91903446], [106.79436026, 47.91914991], [106.79436334, 47.9192657], [106.79434976, 47.91996773], [106.79435069, 47.91997665], [106.7943538, 47.91998535], [106.794359, 47.91999358], [106.79436616, 47.92000112]]]}, "geometry_name": "geom", "properties": {"guid": 3118656, "id": 3118656, "object_no": null, "object_name": "Төлөвлөлтийн зам", "layer_type_id": 956, "valid_to": null, "address_no": null, "border_type": "solid", "border_width": 1, "border_color": "#999999", "border_opacity": 0.36, "border_wellknown": "shape://horizline", "fill_type": "color", "fill_color": "#bcbcbc", "fill_opacity": 0.36, "fill_wellknown": null, "fill_shape_color": null, "fill_shape_width": null, "fill_shape_size": null, "fill_img_url": null, "marker_img_url": null}},{"type": "Feature", "id": "layer_data_map.fid--27e80436_1a098c1eed1_-5892", "geometry": {"type": "Polygon", "coordinates": [[[106.68569793, 47.899188], [106.68573289, 47.89918724], [106.68576712, 47.89918241], [106.68579958, 47.89917366], [106.68582929, 47.89916124], [106.68585535, 47.89914555], [106.68587695, 47.89912706], [106.68589345, 47.89910632], [106.68590435, 47.89908397], [106.68590931, 47.89906068], [106.68588248, 47.89938853], [106.68588181, 47.89936948], [106.68587672, 47.89935073], [106.68586733, 47.89933275], [106.68585387, 47.89931598], [106.68583668, 47.89930083], [106.68581618, 47.89928768], [106.68579286, 47.89927684], [106.68576732, 47.89926859], [106.68574017, 47.89926313], [106.68571208, 47.8992606], [106.67548085, 47.89888148], [106.67544939, 47.89888216], [106.67541858, 47.89888651], [106.67538936, 47.89889438], [106.67536262, 47.89890555], [106.67533917, 47.89891967], [106.67531972, 47.89893632], [106.67530486, 47.89895498], [106.67529505, 47.8989751], [106.67529059, 47.89899605], [106.67531748, 47.89866821], [106.67531822, 47.89868938], [106.67532387, 47.89871021], [106.6753343, 47.89873018], [106.67534925, 47.89874882], [106.67536835, 47.89876565], [106.67539113, 47.89878027], [106.67541703, 47.89879231], [106.67544541, 47.89880148], [106.67547557, 47.89880755], [106.67550678, 47.89881037], [106.68569793, 47.899188]]]}, "geometry_name": "geom", "properties": {"guid": 3118747, "id": 3118747, "object_no": null, "object_name": "Төлөвлөлтийн зам", "layer_type_id": 956, "valid_to": null, "address_no": null, "border_type": "solid", "border_width": 1, "border_color": "#999999", "border_opacity": 0.36, "border_wellknown": "shape://horizline", "fill_type": "color", "fill_color": "#bcbcbc", "fill_opacity": 0.36, "fill_wellknown": null, "fill_shape_color": null, "fill_shape_width": null, "fill_shape_size": null, "fill_img_url": null, "marker_img_url": null}},{"type": "Feature", "id": "layer_data_map.fid--27e80436_1a098c1eed1_-5891", "geometry": {"type": "Polygon", "coordinates": [[[107.25655104, 47.76759912], [107.25644733, 47.76762345], [107.25634708, 47.76765365], [107.25630087, 47.76759883], [107.25631339, 47.76759376], [107.25632459, 47.76758743], [107.25633419, 47.76758], [107.25634194, 47.76757165], [107.25634768, 47.76756259], [107.25635124, 47.76755303], [107.25635255, 47.76754322], [107.25635158, 47.76753339], [107.25634834, 47.76752379], [107.25614244, 47.76707769], [107.25623161, 47.76705898], [107.25623685, 47.76706762], [107.25624422, 47.76707552], [107.2562535, 47.76708245], [107.2562644, 47.76708819], [107.25627662, 47.76709258], [107.25628977, 47.76709549], [107.25630347, 47.76709683], [107.25631731, 47.76709655], [107.25633086, 47.76709467], [107.25717419, 47.76692552], [107.25718005, 47.766924], [107.25718549, 47.76692188], [107.25719037, 47.76691921], [107.25719457, 47.76691606], [107.25719798, 47.76691251], [107.25720053, 47.76690864], [107.25720215, 47.76690455], [107.2572028, 47.76690033], [107.25720246, 47.76689611], [107.25720114, 47.76689196], [107.25706959, 47.76659386], [107.25706694, 47.76658948], [107.25706321, 47.76658546], [107.25705851, 47.76658193], [107.25705299, 47.766579], [107.2570468, 47.76657676], [107.25704013, 47.76657526], [107.25703317, 47.76657456], [107.25702615, 47.76657467], [107.25701925, 47.76657559], [107.25698126, 47.76658295], [107.25695843, 47.76653121], [107.25711265, 47.7665022], [107.2573121, 47.76695416], [107.25719804, 47.76697704], [107.25719218, 47.76697856], [107.25718674, 47.76698068], [107.25718186, 47.76698335], [107.25717766, 47.7669865], [107.25717425, 47.76699005], [107.2571717, 47.76699393], [107.25717008, 47.76699802], [107.25716943, 47.76700223], [107.25716977, 47.76700646], [107.25717109, 47.7670106], [107.25722055, 47.76712267], [107.25714383, 47.76713806], [107.25708676, 47.76700875], [107.25708591, 47.76700729], [107.25708469, 47.76700595], [107.25708315, 47.76700478], [107.25708132, 47.76700381], [107.25707928, 47.76700306], [107.25707707, 47.76700256], [107.25707477, 47.76700233], [107.25707245, 47.76700238], [107.25707017, 47.76700269], [107.25706801, 47.76700327], [107.25706603, 47.76700409], [107.25706429, 47.76700513], [107.25706284, 47.76700636], [107.25706173, 47.76700773], [107.257061, 47.76700922], [107.25706066, 47.76701077], [107.25706072, 47.76701234], [107.25706119, 47.76701388], [107.25711825, 47.76714319], [107.25704153, 47.76715858], [107.25699207, 47.76704651], [107.25698983, 47.76704255], [107.2569867, 47.76703887], [107.25698275, 47.76703558], [107.25697807, 47.76703274], [107.2569728, 47.76703043], [107.25696705, 47.76702872], [107.25696097, 47.76702763], [107.25695472, 47.7670272], [107.25694844, 47.76702744], [107.2569423, 47.76702834], [107.25667835, 47.76708128], [107.25667537, 47.767082], [107.25667261, 47.76708304], [107.25667013, 47.76708436], [107.25666799, 47.76708593], [107.25666627, 47.76708772], [107.25666499, 47.76708967], [107.2566642, 47.76709174], [107.25666392, 47.76709386], [107.25666414, 47.76709599], [107.25666487, 47.76709806], [107.2567204, 47.76722389], [107.25664368, 47.76723928], [107.25658815, 47.76711345], [107.25658702, 47.76711147], [107.25658545, 47.76710964], [107.25658347, 47.767108], [107.25658113, 47.76710658], [107.2565785, 47.76710543], [107.25657563, 47.76710457], [107.25657259, 47.76710403], [107.25656947, 47.76710381], [107.25656633, 47.76710392], [107.25656326, 47.76710436], [107.25635657, 47.76714582], [107.25634475, 47.76714889], [107.2563338, 47.76715318], [107.25632399, 47.76715857], [107.25631557, 47.76716495], [107.25630874, 47.76717214], [107.25630369, 47.76717997], [107.25630053, 47.76718824], [107.25629934, 47.76719674], [107.25630016, 47.76720526], [107.25630297, 47.76721358], [107.25643561, 47.76750096], [107.25644086, 47.76750961], [107.25644825, 47.76751752], [107.25645755, 47.76752446], [107.25646849, 47.7675302], [107.25648074, 47.76753459], [107.25649393, 47.76753749], [107.25650766, 47.76753881], [107.25652152, 47.76753851], [107.2565351, 47.7675366], [107.25782422, 47.76727512], [107.25783668, 47.7672718], [107.25784815, 47.76726713], [107.2578583, 47.76726123], [107.25786685, 47.76725427], [107.25787356, 47.76724645], [107.25787824, 47.76723799], [107.25788076, 47.76722911], [107.25788105, 47.76722008], [107.2578791, 47.76721114], [107.2578391, 47.76709592], [107.25783809, 47.7670938], [107.25783657, 47.76709182], [107.25783459, 47.76709004], [107.25783221, 47.7670885], [107.25782948, 47.76708725], [107.25782648, 47.76708632], [107.2578233, 47.76708573], [107.25782002, 47.7670855], [107.25781672, 47.76708564], [107.25781351, 47.76708614], [107.25769436, 47.76711191], [107.25768213, 47.76708621], [107.25780743, 47.76705912], [107.25781049, 47.76705826], [107.2578133, 47.76705708], [107.25781578, 47.7670556], [107.25781786, 47.76705387], [107.25781949, 47.76705193], [107.25782063, 47.76704983], [107.25782123, 47.76704764], [107.25782129, 47.76704541], [107.25782081, 47.7670432], [107.25775367, 47.76684976], [107.25775266, 47.76684764], [107.25775114, 47.76684566], [107.25774916, 47.76684388], [107.25774678, 47.76684234], [107.25774405, 47.76684109], [107.25774105, 47.76684016], [107.25773787, 47.76683957], [107.25773458, 47.76683934], [107.25773129, 47.76683948], [107.25772808, 47.76683998], [107.25758864, 47.76687013], [107.25757642, 47.76684444], [107.257722, 47.76681296], [107.25772506, 47.7668121], [107.25772787, 47.76681092], [107.25773034, 47.76680944], [107.25773243, 47.76680771], [107.25773406, 47.76680577], [107.25773519, 47.76680367], [107.2577358, 47.76680148], [107.25773586, 47.76679924], [107.25773538, 47.76679704], [107.25746751, 47.7660252], [107.25743967, 47.76595399], [107.257406, 47.76588394], [107.25736659, 47.76581526], [107.25736048, 47.76580736], [107.25735253, 47.76580025], [107.25734297, 47.76579411], [107.25733204, 47.7657891], [107.25732005, 47.76578537], [107.25730731, 47.76578301], [107.25729417, 47.76578209], [107.25728099, 47.76578263], [107.25726811, 47.76578461], [107.25723348, 47.76579227], [107.25720904, 47.76574088], [107.25722102, 47.76573754], [107.25723204, 47.76573295], [107.25724182, 47.76572722], [107.2572501, 47.7657205], [107.25725667, 47.76571296], [107.25726135, 47.76570482], [107.25726401, 47.76569627], [107.2572646, 47.76568754], [107.25726309, 47.76567886], [107.25725953, 47.76567046], [107.257254, 47.76566256], [107.25718461, 47.76558785], [107.25710798, 47.76551642], [107.25702448, 47.76544859], [107.25693446, 47.76538466], [107.25683833, 47.76532491], [107.25663827, 47.76520865], [107.25663584, 47.76520744], [107.25663317, 47.76520649], [107.25663031, 47.76520583], [107.25662734, 47.76520546], [107.25662432, 47.76520539], [107.25662132, 47.76520564], [107.25661841, 47.76520618], [107.25646369, 47.76524386], [107.2564501, 47.76521849], [107.25656598, 47.76519026], [107.25656899, 47.76518933], [107.25657173, 47.76518808], [107.25657413, 47.76518654], [107.25657612, 47.76518475], [107.25657765, 47.76518277], [107.25657867, 47.76518065], [107.25657915, 47.76517844], [107.25657909, 47.76517621], [107.25657848, 47.76517401], [107.25657735, 47.76517191], [107.25657571, 47.76516997], [107.25657363, 47.76516824], [107.25652536, 47.76513052], [107.25648318, 47.76508961], [107.25644758, 47.76504595], [107.25641892, 47.76500003], [107.25636258, 47.76489465], [107.2563574, 47.76488693], [107.2563505, 47.76487986], [107.25634205, 47.76487359], [107.25633224, 47.7648683], [107.25632133, 47.76486411], [107.25630958, 47.76486112], [107.25629728, 47.76485941], [107.25628473, 47.76485901], [107.25627225, 47.76485994], [107.25626013, 47.76486218], [107.25623695, 47.76486782], [107.25623121, 47.76486947], [107.25622596, 47.76487173], [107.25622133, 47.76487455], [107.25621746, 47.76487785], [107.25621444, 47.76488153], [107.25621237, 47.7648855], [107.25621129, 47.76488964], [107.25621125, 47.76489385], [107.25621223, 47.764898], [107.25621422, 47.76490198], [107.25627168, 47.76501235], [107.25621521, 47.76502607], [107.2561564, 47.76491608], [107.25615381, 47.76491222], [107.25615036, 47.76490868], [107.25614613, 47.76490555], [107.25614123, 47.7649029], [107.25613577, 47.76490081], [107.2561299, 47.76489931], [107.25612375, 47.76489845], [107.25611747, 47.76489826], [107.25611123, 47.76489872], [107.25610517, 47.76489984], [107.25595826, 47.76493555], [107.25595192, 47.76493752], [107.2559462, 47.76494021], [107.25594125, 47.76494352], [107.25593723, 47.76494737], [107.25593426, 47.76495162], [107.25593244, 47.76495616], [107.25593181, 47.76496085], [107.25593239, 47.76496553], [107.25593418, 47.76497008], [107.25599299, 47.76508008], [107.25593651, 47.76509381], [107.2558777, 47.76498381], [107.25587477, 47.76497954], [107.25587079, 47.76497568], [107.25586587, 47.76497234], [107.25586017, 47.76496963], [107.25585386, 47.76496763], [107.25584712, 47.7649664], [107.25584018, 47.76496597], [107.25583323, 47.76496637], [107.25582648, 47.76496757], [107.2554071, 47.76506949], [107.25540138, 47.76507124], [107.25539613, 47.76507356], [107.25539149, 47.76507641], [107.25538757, 47.76507972], [107.25538446, 47.7650834], [107.25538224, 47.76508736], [107.25538097, 47.7650915], [107.25538067, 47.76509573], [107.25538137, 47.76509994], [107.25538303, 47.76510403], [107.25542325, 47.76517926], [107.25542392, 47.76518088], [107.25542496, 47.76518242], [107.25542635, 47.76518383], [107.25542805, 47.76518507], [107.25543002, 47.76518611], [107.2554322, 47.76518694], [107.25543455, 47.76518752], [107.25543701, 47.76518785], [107.25543951, 47.76518791], [107.255442, 47.76518771], [107.25544652, 47.7651866], [107.25546481, 47.76522039], [107.25538049, 47.76524114], [107.25536219, 47.76520735], [107.25536681, 47.76520621], [107.25536891, 47.76520555], [107.25537081, 47.76520465], [107.25537245, 47.76520354], [107.25537378, 47.76520226], [107.25537476, 47.76520085], [107.25537537, 47.76519934], [107.25537557, 47.76519778], [107.25537538, 47.76519622], [107.25537478, 47.76519471], [107.25533282, 47.76511623], [107.25533024, 47.76511237], [107.25532679, 47.76510883], [107.25532256, 47.7651057], [107.25531766, 47.76510305], [107.2553122, 47.76510096], [107.25530633, 47.76509946], [107.25530018, 47.7650986], [107.2552939, 47.76509841], [107.25528766, 47.76509887], [107.2552816, 47.76509999], [107.25486782, 47.76520055], [107.25475723, 47.76522935], [107.25464868, 47.76526149], [107.25463467, 47.76526693], [107.25462227, 47.76527392], [107.25461185, 47.76528225], [107.2546037, 47.76529167], [107.25459809, 47.76530189], [107.25459518, 47.76531261], [107.25459506, 47.76532351], [107.25459772, 47.76533426], [107.2546031, 47.76534454], [107.25461102, 47.76535404], [107.25462125, 47.76536247], [107.25479649, 47.76548378], [107.25480143, 47.76548668], [107.254807, 47.765489], [107.25481305, 47.76549067], [107.25481943, 47.76549166], [107.25482596, 47.76549193], [107.25483247, 47.76549149], [107.25483879, 47.76549033], [107.25504906, 47.76543901], [107.25506949, 47.76547707], [107.25491882, 47.76551384], [107.25491278, 47.76551571], [107.25490728, 47.76551823], [107.25490247, 47.76552133], [107.25489849, 47.76552492], [107.25489545, 47.76552891], [107.25489343, 47.76553318], [107.25489249, 47.76553761], [107.25489265, 47.76554209], [107.2548939, 47.7655465], [107.25489622, 47.7655507], [107.25489954, 47.76555458], [107.25490377, 47.76555804], [107.25501219, 47.76563309], [107.25501712, 47.76563599], [107.25502269, 47.76563831], [107.25502874, 47.76563998], [107.25503512, 47.76564097], [107.25504165, 47.76564124], [107.25504815, 47.76564079], [107.25505447, 47.76563964], [107.25526475, 47.76558832], [107.25528519, 47.76562638], [107.25513451, 47.76566315], [107.25512847, 47.76566502], [107.25512297, 47.76566754], [107.25511816, 47.76567064], [107.25511419, 47.76567423], [107.25511114, 47.76567821], [107.25510912, 47.76568248], [107.25510818, 47.76568692], [107.25510834, 47.7656914], [107.2551096, 47.7656958], [107.25511191, 47.7657], [107.25511523, 47.76570389], [107.25511946, 47.76570735], [107.2551364, 47.76571908], [107.25514134, 47.76572197], [107.25514691, 47.76572429], [107.25515296, 47.76572597], [107.25515934, 47.76572695], [107.25516587, 47.76572723], [107.25517238, 47.76572678], [107.2551787, 47.76572562], [107.25538897, 47.7656743], [107.2554094, 47.76571236], [107.25525873, 47.76574913], [107.25525268, 47.76575101], [107.25524719, 47.76575352], [107.25524238, 47.76575662], [107.2552384, 47.76576021], [107.25523536, 47.7657642], [107.25523334, 47.76576847], [107.2552324, 47.76577291], [107.25523256, 47.76577739], [107.25523381, 47.76578179], [107.25523613, 47.76578599], [107.25523945, 47.76578987], [107.25524368, 47.76579333], [107.25527138, 47.76581251], [107.25538326, 47.76589382], [107.25548915, 47.76597871], [107.25549127, 47.76598024], [107.25549372, 47.76598153], [107.25549644, 47.76598254], [107.25549935, 47.76598327], [107.2555024, 47.76598368], [107.2555055, 47.76598376], [107.25550859, 47.76598352], [107.25551158, 47.76598297], [107.25565725, 47.76594742], [107.25567541, 47.76598125], [107.25555818, 47.76600985], [107.2555551, 47.76601081], [107.2555523, 47.76601211], [107.25554987, 47.76601371], [107.25554787, 47.76601556], [107.25554636, 47.76601762], [107.2555454, 47.76601981], [107.25554499, 47.76602209], [107.25554517, 47.76602437], [107.25554591, 47.76602661], [107.25554721, 47.76602872], [107.25554902, 47.76603066], [107.25559282, 47.76607074], [107.25551705, 47.76610753], [107.25541903, 47.7660204], [107.25531475, 47.76593664], [107.25520448, 47.76585644], [107.25449854, 47.76536777], [107.25448664, 47.76536081], [107.25447318, 47.76535531], [107.25445854, 47.7653514], [107.25444314, 47.76534921], [107.25442741, 47.7653488], [107.2544118, 47.76535017], [107.25439675, 47.76535329], [107.2543827, 47.76535807], [107.25424993, 47.76541698], [107.25412271, 47.7654812], [107.25393047, 47.76558452], [107.25387226, 47.76553528], [107.2540645, 47.76543197], [107.25417158, 47.76537729], [107.25428253, 47.76532624], [107.25429496, 47.76531976], [107.25430561, 47.76531197], [107.25431416, 47.76530308], [107.25432001, 47.76529482], [107.2543238, 47.76528603], [107.25432543, 47.76527694], [107.25432486, 47.76526779], [107.2543221, 47.76525883], [107.25431723, 47.76525028], [107.25431037, 47.76524238], [107.2543017, 47.76523534], [107.25425241, 47.76519931], [107.25432955, 47.76516107], [107.25441547, 47.76522002], [107.2544266, 47.7652266], [107.25443914, 47.7652319], [107.25445277, 47.76523581], [107.25446714, 47.76523821], [107.25448189, 47.76523905], [107.25449665, 47.76523831], [107.25451106, 47.76523601], [107.25452474, 47.7652322], [107.25467384, 47.76518479], [107.25482692, 47.76514357], [107.25483113, 47.76514225], [107.25483493, 47.76514046], [107.25483821, 47.76513825], [107.25484088, 47.76513569], [107.25484284, 47.76513285], [107.25484405, 47.76512983], [107.25484447, 47.76512672], [107.25484407, 47.7651236], [107.25484289, 47.76512057], [107.25482479, 47.76508672], [107.25588142, 47.76483224], [107.25589708, 47.76486437], [107.25589904, 47.76486721], [107.25590169, 47.76486979], [107.25590497, 47.76487201], [107.25590877, 47.76487382], [107.25591298, 47.76487515], [107.25591747, 47.76487597], [107.2559221, 47.76487625], [107.25592674, 47.76487599], [107.25593123, 47.76487519], [107.25598495, 47.76486213], [107.25599258, 47.76485981], [107.25599957, 47.76485671], [107.25600576, 47.76485291], [107.256011, 47.7648485], [107.25601514, 47.76484359], [107.2560181, 47.76483831], [107.2560198, 47.76483278], [107.25602019, 47.76482714], [107.25601926, 47.76482153], [107.25601705, 47.76481609], [107.25609235, 47.76479779], [107.2560958, 47.76480293], [107.2561004, 47.76480765], [107.25610604, 47.76481182], [107.25611257, 47.76481535], [107.25611985, 47.76481815], [107.25612768, 47.76482014], [107.25613588, 47.76482128], [107.25614425, 47.76482155], [107.25615257, 47.76482093], [107.25616065, 47.76481943], [107.25712531, 47.76458498], [107.257137, 47.7645814], [107.25714769, 47.76457661], [107.25715711, 47.76457072], [107.25716501, 47.7645639], [107.25717119, 47.76455631], [107.25717549, 47.76454815], [107.2571778, 47.76453963], [107.25717806, 47.76453098], [107.25717627, 47.76452241], [107.25717246, 47.76451414], [107.25715393, 47.76448381], [107.25732595, 47.76443476], [107.25735021, 47.76447473], [107.25735632, 47.76448298], [107.25736441, 47.76449042], [107.25737427, 47.76449681], [107.2573856, 47.76450198], [107.25739807, 47.76450577], [107.25741131, 47.76450808], [107.25742494, 47.76450883], [107.25743856, 47.76450801], [107.25745178, 47.76450564], [107.25753941, 47.76448434], [107.25754258, 47.76448335], [107.25754544, 47.76448201], [107.25754791, 47.76448035], [107.25754992, 47.76447843], [107.25755141, 47.7644763], [107.25755232, 47.76447403], [107.25755263, 47.76447169], [107.25755234, 47.76446934], [107.25755145, 47.76446707], [107.25753109, 47.76442899], [107.25802053, 47.76431004], [107.25804089, 47.76434811], [107.25804218, 47.76435004], [107.25804391, 47.76435181], [107.25804602, 47.76435338], [107.25804847, 47.7643547], [107.2580512, 47.76435575], [107.25805414, 47.76435649], [107.25805721, 47.76435692], [107.25806035, 47.76435702], [107.25806347, 47.76435679], [107.2580665, 47.76435623], [107.25808275, 47.76435228], [107.25808656, 47.76435112], [107.25809006, 47.76434957], [107.25809316, 47.76434767], [107.25809577, 47.76434546], [107.25809784, 47.76434301], [107.25809932, 47.76434037], [107.25810017, 47.7643376], [107.25810037, 47.76433478], [107.2580999, 47.76433198], [107.2580988, 47.76432926], [107.258149, 47.76431706], [107.25815095, 47.7643199], [107.25815361, 47.76432248], [107.25815688, 47.7643247], [107.25816069, 47.76432651], [107.25816489, 47.76432784], [107.25816938, 47.76432866], [107.25817401, 47.76432894], [107.25817865, 47.76432868], [107.25818314, 47.76432788], [107.25819312, 47.76432545], [107.25819731, 47.7643241], [107.25820111, 47.76432229], [107.25820441, 47.76432008], [107.25820713, 47.76431754], [107.25820919, 47.76431473], [107.25821053, 47.76431173], [107.25821111, 47.76430862], [107.25821093, 47.76430548], [107.25820997, 47.76430242], [107.25819107, 47.76426859], [107.25894405, 47.76408557], [107.25896215, 47.76411941], [107.25896387, 47.76412198], [107.25896617, 47.76412434], [107.25896899, 47.76412643], [107.25897226, 47.76412819], [107.2589759, 47.76412959], [107.25897981, 47.76413059], [107.25898391, 47.76413116], [107.2589881, 47.76413129], [107.25899226, 47.76413098], [107.2589963, 47.76413023], [107.25907762, 47.76411047], [107.25908936, 47.7641069], [107.25910009, 47.76410212], [107.25910955, 47.76409623], [107.25911747, 47.76408939], [107.25912367, 47.76408178], [107.25912797, 47.7640736], [107.25913027, 47.76406506], [107.2591305, 47.76405639], [107.25912866, 47.7640478], [107.2591248, 47.76403952], [107.25911901, 47.76403177], [107.25911145, 47.76402474], [107.25904618, 47.76397299], [107.25911733, 47.7639322], [107.25921758, 47.7640117], [107.25934021, 47.76410447], [107.25946912, 47.76419329], [107.25960403, 47.76427796], [107.25974464, 47.76435831], [107.25989065, 47.76443415], [107.26004174, 47.76450532], [107.26019759, 47.76457167], [107.26035785, 47.76463305], [107.26052218, 47.76468933], [107.26174609, 47.76508458], [107.26184998, 47.76511628], [107.26195582, 47.7651449], [107.2619692, 47.76514742], [107.26198302, 47.76514835], [107.26199687, 47.76514765], [107.26201034, 47.76514534], [107.26202301, 47.76514151], [107.2620345, 47.76513625], [107.26204448, 47.76512973], [107.26205263, 47.76512215], [107.2621062, 47.76506196], [107.26218627, 47.76509436], [107.26216352, 47.76511992], [107.26215777, 47.76512777], [107.26215397, 47.76513614], [107.26215223, 47.76514481], [107.26215259, 47.76515356], [107.26215505, 47.76516216], [107.26215953, 47.76517038], [107.26216593, 47.76517799], [107.26217407, 47.76518481], [107.26218374, 47.76519066], [107.26211923, 47.76524791], [107.26210637, 47.76524614], [107.26209324, 47.76524581], [107.26208022, 47.76524694], [107.26206764, 47.76524948], [107.26205585, 47.76525337], [107.26204516, 47.76525851], [107.26203587, 47.76526477], [107.26202821, 47.76527196], [107.26145411, 47.76591701], [107.26138169, 47.76599268], [107.26130209, 47.76606501], [107.26121568, 47.76613368], [107.2611228, 47.76619841], [107.26102387, 47.76625892], [107.26091929, 47.76631495], [107.26080952, 47.76636627], [107.25947054, 47.76693687], [107.2593439, 47.76698764], [107.25921337, 47.76703371], [107.25907932, 47.76707494], [107.25894215, 47.7671112], [107.25880226, 47.76714239], [107.2586235, 47.76717865], [107.25861146, 47.76718183], [107.25860034, 47.76718627], [107.25859042, 47.76719186], [107.25858197, 47.76719846], [107.2585752, 47.76720588], [107.2585703, 47.76721394], [107.25856738, 47.76722243], [107.25856652, 47.76723113], [107.25856798, 47.76729782], [107.25838123, 47.76729968], [107.2583799, 47.76729066], [107.25837636, 47.76728193], [107.2583707, 47.76727371], [107.25836308, 47.76726625], [107.25835372, 47.76725975], [107.25834288, 47.7672544], [107.25833087, 47.76725035], [107.25831802, 47.76724771], [107.25830469, 47.76724656], [107.25829127, 47.76724692], [107.25827813, 47.76724879], [107.25655104, 47.76759912]], [[107.25795705, 47.76719833], [107.25796035, 47.76720532], [107.25796529, 47.76721184], [107.25797174, 47.76721774], [107.25797954, 47.76722285], [107.25798847, 47.76722703], [107.25799829, 47.76723017], [107.25800874, 47.76723219], [107.25801954, 47.76723304], [107.2580304, 47.76723268], [107.25804102, 47.76723114], [107.25831949, 47.76717465], [107.25833172, 47.76717141], [107.258343, 47.76716687], [107.25835302, 47.76716114], [107.25836152, 47.76715438], [107.25836827, 47.76714678], [107.25837308, 47.76713854], [107.25837582, 47.76712987], [107.25837642, 47.76712102], [107.25836581, 47.76700021], [107.25834698, 47.76687985], [107.25831998, 47.7667602], [107.25828486, 47.76664151], [107.25824169, 47.76652404], [107.25819057, 47.76640802], [107.2581316, 47.76629371], [107.25754579, 47.76532319], [107.25750747, 47.76525466], [107.25747447, 47.76518488], [107.25725728, 47.76468083], [107.25725262, 47.7646726], [107.25724604, 47.76466499], [107.25723771, 47.7646582], [107.25722786, 47.76465242], [107.25721674, 47.76464779], [107.25720465, 47.76464445], [107.25719192, 47.76464248], [107.25717888, 47.76464193], [107.25716588, 47.76464281], [107.25715327, 47.76464511], [107.25696619, 47.76469058], [107.25695986, 47.76469256], [107.25695413, 47.76469524], [107.25694918, 47.76469856], [107.25694517, 47.7647024], [107.2569422, 47.76470666], [107.25694037, 47.7647112], [107.25693974, 47.76471588], [107.25694033, 47.76472057], [107.25694211, 47.76472512], [107.25700092, 47.76483512], [107.25694445, 47.76484884], [107.25688564, 47.76473884], [107.25688271, 47.76473457], [107.25687873, 47.76473071], [107.25687381, 47.76472738], [107.25686811, 47.76472467], [107.25686179, 47.76472267], [107.25685506, 47.76472143], [107.25684811, 47.76472101], [107.25684116, 47.76472141], [107.25683442, 47.76472261], [107.25648603, 47.76480728], [107.25647459, 47.76481077], [107.25646409, 47.76481542], [107.25645481, 47.76482112], [107.25644696, 47.76482773], [107.25644074, 47.76483509], [107.2564363, 47.76484301], [107.25643376, 47.76485131], [107.25643317, 47.76485976], [107.25643456, 47.76486818], [107.25643788, 47.76487635], [107.25646733, 47.76493145], [107.25646863, 47.76493338], [107.25647035, 47.76493515], [107.25647247, 47.76493671], [107.25647492, 47.76493804], [107.25647765, 47.76493908], [107.25648059, 47.76493983], [107.25648367, 47.76494026], [107.25648681, 47.76494036], [107.25648993, 47.76494012], [107.25649296, 47.76493956], [107.25665493, 47.76490011], [107.25666852, 47.76492549], [107.2565065, 47.76496495], [107.25650364, 47.76496582], [107.25650102, 47.76496699], [107.2564987, 47.76496842], [107.25649674, 47.76497007], [107.25649519, 47.76497191], [107.25649408, 47.76497389], [107.25649345, 47.76497597], [107.2564933, 47.76497808], [107.25649365, 47.76498019], [107.25649449, 47.76498223], [107.25652656, 47.76503181], [107.25656776, 47.76507823], [107.25661742, 47.76512072], [107.25667472, 47.76515858], [107.25678096, 47.76522033], [107.25678339, 47.76522154], [107.25678607, 47.76522249], [107.25678892, 47.76522315], [107.2567919, 47.76522352], [107.25679492, 47.76522359], [107.25679792, 47.76522334], [107.25680083, 47.7652228], [107.25695557, 47.76518511], [107.25696917, 47.76521048], [107.25685681, 47.76523785], [107.25685366, 47.76523883], [107.25685081, 47.76524017], [107.25684834, 47.76524182], [107.25684634, 47.76524372], [107.25684485, 47.76524584], [107.25684393, 47.76524809], [107.2568436, 47.76525042], [107.25684387, 47.76525276], [107.25684473, 47.76525502], [107.25684616, 47.76525715], [107.25684812, 47.76525908], [107.25685054, 47.76526076], [107.25689058, 47.76528403], [107.25697698, 47.76533722], [107.25705872, 47.76539366], [107.25706119, 47.76539519], [107.257064, 47.76539642], [107.25706707, 47.76539731], [107.25707033, 47.76539785], [107.25707367, 47.76539801], [107.257077, 47.7653978], [107.25708023, 47.76539721], [107.25726318, 47.76535265], [107.25727678, 47.76537803], [107.25712366, 47.76541532], [107.25712073, 47.76541622], [107.25711806, 47.76541742], [107.2571157, 47.76541889], [107.25711373, 47.7654206], [107.25711218, 47.76542249], [107.25711111, 47.76542453], [107.25711053, 47.76542666], [107.25711047, 47.76542883], [107.25711092, 47.76543097], [107.25711188, 47.76543304], [107.25711331, 47.76543498], [107.25711519, 47.76543673], [107.25718779, 47.76549795], [107.25725511, 47.76556186], [107.25731692, 47.76562824], [107.25737303, 47.76569689], [107.25737472, 47.76569872], [107.25737682, 47.76570035], [107.25737928, 47.76570173], [107.25738203, 47.76570283], [107.25738501, 47.76570362], [107.25738814, 47.76570407], [107.25739134, 47.76570419], [107.25739452, 47.76570396], [107.25739761, 47.76570339], [107.25755711, 47.76566454], [107.25757071, 47.76568992], [107.25741944, 47.76572676], [107.25741642, 47.7657277], [107.25741368, 47.76572895], [107.25741128, 47.7657305], [107.25740929, 47.76573229], [107.25740776, 47.76573427], [107.25740675, 47.7657364], [107.25740627, 47.76573862], [107.25740634, 47.76574085], [107.25740695, 47.76574305], [107.2574081, 47.76574515], [107.25746295, 47.76583221], [107.25750881, 47.7659216], [107.25754545, 47.7660129], [107.25761298, 47.76620748], [107.25761399, 47.7662096], [107.25761551, 47.76621158], [107.25761748, 47.76621336], [107.25761987, 47.7662149], [107.2576226, 47.76621615], [107.25762559, 47.76621708], [107.25762878, 47.76621767], [107.25763206, 47.7662179], [107.25763536, 47.76621776], [107.25763857, 47.76621726], [107.25782189, 47.76617762], [107.25783411, 47.76620331], [107.25764464, 47.76624428], [107.25764159, 47.76624513], [107.25763878, 47.76624632], [107.2576363, 47.7662478], [107.25763422, 47.76624953], [107.25763259, 47.76625147], [107.25763145, 47.76625357], [107.25763085, 47.76625576], [107.25763079, 47.76625799], [107.25763127, 47.7662602], [107.25764042, 47.76628656], [107.25764143, 47.76628868], [107.25764295, 47.76629065], [107.25764493, 47.76629243], [107.25764731, 47.76629397], [107.25765004, 47.76629523], [107.25765304, 47.76629616], [107.25765622, 47.76629675], [107.25765951, 47.76629697], [107.2576628, 47.76629684], [107.25766601, 47.76629633], [107.25785856, 47.7662547], [107.25787078, 47.76628039], [107.25767209, 47.76632336], [107.25766903, 47.76632421], [107.25766622, 47.76632539], [107.25766375, 47.76632687], [107.25766166, 47.76632861], [107.25766003, 47.76633055], [107.2576589, 47.76633265], [107.25765829, 47.76633484], [107.25765823, 47.76633707], [107.25765871, 47.76633928], [107.25773515, 47.76655952], [107.25773616, 47.76656163], [107.25773768, 47.76656361], [107.25773966, 47.76656539], [107.25774204, 47.76656693], [107.25774477, 47.76656818], [107.25774777, 47.76656911], [107.25775095, 47.7665697], [107.25775424, 47.76656993], [107.25775753, 47.76656979], [107.25776075, 47.76656929], [107.2579245, 47.76653388], [107.25793672, 47.76655958], [107.25776682, 47.76659631], [107.25776376, 47.76659717], [107.25776095, 47.76659835], [107.25775848, 47.76659983], [107.25775639, 47.76660156], [107.25775476, 47.7666035], [107.25775363, 47.7666056], [107.25775302, 47.76660779], [107.25775296, 47.76661003], [107.25775345, 47.76661223], [107.25781111, 47.76677838], [107.25781212, 47.7667805], [107.25781364, 47.76678248], [107.25781562, 47.76678426], [107.257818, 47.7667858], [107.25782073, 47.76678705], [107.25782373, 47.76678798], [107.25782691, 47.76678857], [107.2578302, 47.7667888], [107.25783349, 47.76678866], [107.25783671, 47.76678816], [107.25796631, 47.76676013], [107.25797854, 47.76678583], [107.25784278, 47.76681518], [107.25783972, 47.76681604], [107.25783692, 47.76681722], [107.25783444, 47.7668187], [107.25783235, 47.76682043], [107.25783072, 47.76682237], [107.25782959, 47.76682447], [107.25782898, 47.76682666], [107.25782892, 47.76682889], [107.25782941, 47.7668311], [107.25789654, 47.76702455], [107.25789756, 47.76702666], [107.25789907, 47.76702864], [107.25790105, 47.76703042], [107.25790344, 47.76703196], [107.25790617, 47.76703321], [107.25790916, 47.76703414], [107.25791235, 47.76703473], [107.25791563, 47.76703496], [107.25791892, 47.76703482], [107.25792214, 47.76703432], [107.25804714, 47.76700729], [107.25805937, 47.76703298], [107.25792821, 47.76706134], [107.25792515, 47.7670622], [107.25792235, 47.76706338], [107.25791987, 47.76706486], [107.25791779, 47.76706659], [107.25791615, 47.76706853], [107.25791502, 47.76707063], [107.25791441, 47.76707282], [107.25791435, 47.76707506], [107.25791484, 47.76707726], [107.25795705, 47.76719833]], [[107.25883821, 47.7666855], [107.25876916, 47.766708], [107.2586969, 47.76672533], [107.25862228, 47.76673729], [107.25858451, 47.76674189], [107.25857129, 47.76674431], [107.25855887, 47.76674821], [107.25854763, 47.76675348], [107.25853788, 47.76675996], [107.25852991, 47.76676748], [107.25852396, 47.76677579], [107.2585202, 47.76678468], [107.25851874, 47.76679386], [107.25851962, 47.76680307], [107.2585436, 47.76692955], [107.2585589, 47.76705665], [107.25856073, 47.76706541], [107.25856466, 47.76707385], [107.25857058, 47.76708174], [107.25857833, 47.76708888], [107.25858771, 47.76709506], [107.25859846, 47.76710013], [107.2586103, 47.76710395], [107.2586229, 47.76710641], [107.25863593, 47.76710745], [107.25864904, 47.76710705], [107.25866187, 47.7671052], [107.25877535, 47.76708218], [107.25891043, 47.76705206], [107.25904288, 47.76701705], [107.25917232, 47.76697724], [107.25929837, 47.76693276], [107.25942065, 47.76688373], [107.25956929, 47.76682039], [107.25957107, 47.76681948], [107.25957261, 47.76681838], [107.25957385, 47.76681712], [107.25957476, 47.76681574], [107.25957532, 47.76681428], [107.2595755, 47.76681278], [107.25957531, 47.76681127], [107.25957475, 47.76680981], [107.25957384, 47.76680843], [107.2594905, 47.76670669], [107.2595566, 47.76668208], [107.25963702, 47.76678026], [107.25963822, 47.76678148], [107.2596397, 47.76678255], [107.25964141, 47.76678344], [107.25964332, 47.76678414], [107.25964538, 47.76678462], [107.25964752, 47.76678487], [107.25964969, 47.76678488], [107.25965184, 47.76678465], [107.2596539, 47.76678419], [107.25965582, 47.76678351], [107.25974281, 47.76674644], [107.25974459, 47.76674553], [107.25974613, 47.76674443], [107.25974737, 47.76674318], [107.25974828, 47.7667418], [107.25974883, 47.76674034], [107.25974902, 47.76673883], [107.25974883, 47.76673733], [107.25974827, 47.76673587], [107.25974736, 47.76673449], [107.25966988, 47.7666399], [107.25973598, 47.76661529], [107.25981054, 47.76670631], [107.25981174, 47.76670753], [107.25981322, 47.7667086], [107.25981493, 47.7667095], [107.25981684, 47.7667102], [107.2598189, 47.76671068], [107.25982104, 47.76671092], [107.25982321, 47.76671093], [107.25982535, 47.76671071], [107.25982742, 47.76671025], [107.25982934, 47.76670957], [107.25999201, 47.76664024], [107.2599938, 47.76663933], [107.25999533, 47.76663824], [107.25999657, 47.76663698], [107.25999748, 47.7666356], [107.25999804, 47.76663414], [107.25999823, 47.76663264], [107.25999804, 47.76663113], [107.25999748, 47.76662967], [107.25999656, 47.76662829], [107.2599275, 47.76654398], [107.2599936, 47.76651937], [107.26005974, 47.76660011], [107.26006094, 47.76660133], [107.26006242, 47.76660241], [107.26006414, 47.7666033], [107.26006605, 47.766604], [107.2600681, 47.76660448], [107.26007024, 47.76660473], [107.26007242, 47.76660474], [107.26007456, 47.76660451], [107.26007662, 47.76660405], [107.26007855, 47.76660337], [107.26016553, 47.7665663], [107.26016732, 47.76656539], [107.26016885, 47.76656429], [107.26017009, 47.76656304], [107.260171, 47.76656166], [107.26017156, 47.7665602], [107.26017174, 47.76655869], [107.26017156, 47.76655719], [107.260171, 47.76655573], [107.26017008, 47.76655435], [107.26010688, 47.76647719], [107.26017298, 47.76645258], [107.26023326, 47.76652617], [107.26023446, 47.76652739], [107.26023594, 47.76652846], [107.26023766, 47.76652936], [107.26023957, 47.76653006], [107.26024162, 47.76653053], [107.26024376, 47.76653078], [107.26024593, 47.76653079], [107.26024808, 47.76653056], [107.26025014, 47.7665301], [107.26025206, 47.76652943], [107.26058722, 47.7663866], [107.26059276, 47.76638375], [107.26059749, 47.7663803], [107.26060126, 47.76637635], [107.26060395, 47.76637202], [107.26060549, 47.76636744], [107.26060583, 47.76636275], [107.26060495, 47.76635809], [107.26060289, 47.7663536], [107.26059971, 47.76634942], [107.26053516, 47.76628025], [107.26060291, 47.76625151], [107.26066729, 47.76632049], [107.26067104, 47.76632389], [107.26067554, 47.76632685], [107.26068068, 47.7663293], [107.26068631, 47.76633118], [107.26069232, 47.76633244], [107.26069854, 47.76633305], [107.26070483, 47.76633299], [107.26071103, 47.76633227], [107.26071698, 47.76633091], [107.26072254, 47.76632893], [107.26074244, 47.76632045], [107.26085017, 47.76627108], [107.26095278, 47.76621698], [107.26104982, 47.76615839], [107.26114086, 47.76609557], [107.26122549, 47.7660288], [107.26130333, 47.76595838], [107.26137404, 47.76588462], [107.26138688, 47.76587019], [107.26139289, 47.76586172], [107.26139666, 47.76585268], [107.26139806, 47.76584334], [107.26139706, 47.76583398], [107.26139368, 47.76582487], [107.26138803, 47.76581629], [107.26138027, 47.76580849], [107.26137065, 47.76580171], [107.26135943, 47.76579615], [107.26126246, 47.76575692], [107.26124994, 47.7657528], [107.26123656, 47.76575022], [107.26122271, 47.76574923], [107.26120882, 47.76574988], [107.26119531, 47.76575214], [107.26118258, 47.76575595], [107.26080936, 47.76589492], [107.26077711, 47.76585555], [107.26089256, 47.76581257], [107.26089431, 47.76581179], [107.26089585, 47.76581084], [107.26089716, 47.76580973], [107.26089819, 47.76580851], [107.26089893, 47.76580718], [107.26089935, 47.7658058], [107.26089944, 47.76580439], [107.26089921, 47.76580299], [107.26089865, 47.76580163], [107.26089779, 47.76580034], [107.26082039, 47.76570586], [107.26085676, 47.76569232], [107.26093416, 47.7657868], [107.26093531, 47.76578798], [107.26093672, 47.76578902], [107.26093836, 47.7657899], [107.26094018, 47.7657906], [107.26094214, 47.7657911], [107.26094419, 47.76579138], [107.26094628, 47.76579144], [107.26094836, 47.76579128], [107.26095038, 47.76579091], [107.26095228, 47.76579033], [107.26114394, 47.76571896], [107.26114569, 47.76571818], [107.26114723, 47.76571723], [107.26114854, 47.76571613], [107.26114957, 47.7657149], [107.26115031, 47.76571358], [107.26115073, 47.7657122], [107.26115082, 47.76571079], [107.26115059, 47.76570939], [107.26115003, 47.76570803], [107.26114917, 47.76570674], [107.26107177, 47.76561226], [107.26114184, 47.76558617], [107.26121924, 47.76568065], [107.26122053, 47.76568195], [107.26122215, 47.76568308], [107.26122403, 47.765684], [107.26122611, 47.76568469], [107.26122835, 47.76568513], [107.26123066, 47.76568529], [107.26123298, 47.76568519], [107.26123524, 47.76568481], [107.26123736, 47.76568417], [107.26145024, 47.76560491], [107.26148249, 47.76564427], [107.26138505, 47.76568056], [107.26137788, 47.76568376], [107.26137157, 47.7656877], [107.26136628, 47.76569226], [107.26136214, 47.76569735], [107.26135927, 47.76570281], [107.26135774, 47.76570851], [107.26135759, 47.76571431], [107.26135882, 47.76572004], [107.26136139, 47.76572557], [107.26136526, 47.76573075], [107.2613703, 47.76573544], [107.2613764, 47.76573953], [107.26138339, 47.7657429], [107.26140062, 47.76574987], [107.26141316, 47.76575399], [107.26142657, 47.76575658], [107.26144045, 47.76575756], [107.26145437, 47.76575689], [107.26146791, 47.76575461], [107.26148065, 47.76575078], [107.26149221, 47.76574552], [107.26150224, 47.76573898], [107.26151044, 47.76573136], [107.26192026, 47.76527089], [107.26192633, 47.76526248], [107.26193017, 47.7652535], [107.26193165, 47.7652442], [107.26193072, 47.76523487], [107.26192742, 47.76522579], [107.26192184, 47.76521722], [107.26191416, 47.76520944], [107.26190459, 47.76520267], [107.26189344, 47.76519711], [107.26188103, 47.76519293], [107.26179272, 47.76516819], [107.26170575, 47.76514136], [107.26113047, 47.76495558], [107.26111791, 47.76495237], [107.26110473, 47.76495062], [107.2610913, 47.76495038], [107.26107801, 47.76495165], [107.26106521, 47.76495441], [107.26105328, 47.76495857], [107.26104255, 47.76496402], [107.26103332, 47.7649706], [107.26102586, 47.76497812], [107.26100028, 47.76500928], [107.26096644, 47.76504355], [107.26092478, 47.76507365], [107.2608764, 47.76509876], [107.26087464, 47.76509968], [107.26087314, 47.76510078], [107.26087192, 47.76510203], [107.26087103, 47.7651034], [107.26087049, 47.76510486], [107.26087031, 47.76510635], [107.26087051, 47.76510784], [107.26087107, 47.76510929], [107.26087197, 47.76511066], [107.2609175, 47.76516624], [107.26084743, 47.76519233], [107.26080236, 47.76513731], [107.26080106, 47.76513601], [107.26079945, 47.76513488], [107.26079757, 47.76513395], [107.26079548, 47.76513326], [107.26079325, 47.76513283], [107.26079094, 47.76513266], [107.26078862, 47.76513277], [107.26078636, 47.76513315], [107.26078423, 47.76513378], [107.26063121, 47.76519076], [107.26062859, 47.76519193], [107.26062627, 47.76519336], [107.26062431, 47.76519501], [107.26062276, 47.76519685], [107.26062166, 47.76519883], [107.26062102, 47.76520091], [107.26062088, 47.76520302], [107.26062123, 47.76520513], [107.26062207, 47.76520717], [107.26062337, 47.76520909], [107.26074828, 47.76536159], [107.26067415, 47.7653928], [107.2606483, 47.76536125], [107.2606474, 47.76536035], [107.26064525, 47.76535849], [107.26064266, 47.76535691], [107.26064046, 47.76535596], [107.2606381, 47.76535521], [107.26063561, 47.76535468], [107.26063266, 47.76535434], [107.26062967, 47.7653543], [107.26062671, 47.76535456], [107.26062383, 47.76535512], [107.26062111, 47.76535596], [107.26059739, 47.76536479], [107.26057994, 47.76534441], [107.26061008, 47.76533318], [107.26061182, 47.76533241], [107.26061337, 47.76533145], [107.26061468, 47.76533035], [107.26061571, 47.76532912], [107.26061645, 47.7653278], [107.26061687, 47.76532642], [107.26061696, 47.76532501], [107.26061673, 47.76532361], [107.26061617, 47.76532225], [107.26061531, 47.76532096], [107.26060922, 47.76531354], [107.26060807, 47.76531236], [107.26060666, 47.76531132], [107.26060502, 47.76531044], [107.2606032, 47.76530974], [107.26060124, 47.76530924], [107.26059919, 47.76530896], [107.2605971, 47.76530889], [107.26059502, 47.76530905], [107.260593, 47.76530943], [107.2605911, 47.76531001], [107.26056031, 47.76532147], [107.26053665, 47.76529383], [107.26056237, 47.76528425], [107.26056526, 47.76528293], [107.26056777, 47.7652813], [107.26056982, 47.7652794], [107.26057136, 47.76527729], [107.26057235, 47.76527503], [107.26057274, 47.7652727], [107.26057254, 47.76527035], [107.26057174, 47.76526806], [107.26057037, 47.7652659], [107.26054697, 47.76523754], [107.26054503, 47.76523559], [107.26054261, 47.76523389], [107.26053979, 47.76523251], [107.26053665, 47.76523148], [107.2605333, 47.76523082], [107.26052983, 47.76523057], [107.26052635, 47.76523073], [107.26052297, 47.7652313], [107.26051978, 47.76523225], [107.26031913, 47.76530696], [107.26031739, 47.76530774], [107.26031584, 47.76530869], [107.26031454, 47.7653098], [107.2603135, 47.76531102], [107.26031277, 47.76531234], [107.26031235, 47.76531373], [107.26031225, 47.76531514], [107.26031248, 47.76531654], [107.26031304, 47.7653179], [107.26031391, 47.76531919], [107.26035905, 47.7653743], [107.26027731, 47.76540474], [107.26023216, 47.76534962], [107.26023086, 47.76534832], [107.26022925, 47.76534719], [107.26022737, 47.76534627], [107.26022528, 47.76534558], [107.26022305, 47.76534515], [107.26022074, 47.76534498], [107.26021842, 47.76534509], [107.26021616, 47.76534546], [107.26021403, 47.7653461], [107.26017491, 47.76536067], [107.26013579, 47.76537523], [107.26013404, 47.76537601], [107.2601325, 47.76537696], [107.26013119, 47.76537806], [107.26013016, 47.76537929], [107.26012942, 47.76538061], [107.260129, 47.765382], [107.26012891, 47.76538341], [107.26012914, 47.76538481], [107.2601297, 47.76538617], [107.26013056, 47.76538745], [107.26017571, 47.76544257], [107.26009396, 47.76547301], [107.26004882, 47.76541789], [107.26004752, 47.76541659], [107.26004591, 47.76541546], [107.26004403, 47.76541454], [107.26004194, 47.76541385], [107.2600397, 47.76541341], [107.26003739, 47.76541325], [107.26003507, 47.76541335], [107.26003281, 47.76541373], [107.26003069, 47.76541437], [107.26000733, 47.76542306], [107.26000689, 47.76542324], [107.25999879, 47.76542534], [107.25999129, 47.7654283], [107.25998462, 47.76543205], [107.25997894, 47.76543649], [107.25997442, 47.76544148], [107.25996945, 47.7654475], [107.25996304, 47.76545286], [107.25995538, 47.76545741], [107.25994668, 47.76546103], [107.2599372, 47.76546359], [107.25992722, 47.76546503], [107.25991701, 47.76546532], [107.25990689, 47.76546443], [107.25989713, 47.76546239], [107.25988802, 47.76545927], [107.25987983, 47.76545516], [107.2598728, 47.76545017], [107.25986712, 47.76544445], [107.25986296, 47.76543816], [107.25986044, 47.76543149], [107.25985964, 47.76542462], [107.25986057, 47.76541776], [107.25986322, 47.76541111], [107.25986749, 47.76540486], [107.25987328, 47.76539919], [107.25988041, 47.76539426], [107.25988868, 47.76539021], [107.25989784, 47.76538717], [107.25990764, 47.76538523], [107.25991778, 47.76538443], [107.25992798, 47.7653848], [107.2599344, 47.76538505], [107.2599408, 47.76538461], [107.25994701, 47.76538348], [107.25995287, 47.76538169], [107.26007597, 47.76533586], [107.26007775, 47.76533509], [107.26007934, 47.76533414], [107.26008068, 47.76533304], [107.26008175, 47.7653318], [107.26008252, 47.76533047], [107.26008297, 47.76532907], [107.26008309, 47.76532764], [107.26008288, 47.76532622], [107.26008234, 47.76532484], [107.26008148, 47.76532353], [107.26002344, 47.76525267], [107.2600935, 47.76522658], [107.26015155, 47.76529744], [107.2601527, 47.76529862], [107.26015411, 47.76529966], [107.26015575, 47.76530054], [107.26015757, 47.76530124], [107.26015953, 47.76530173], [107.26016158, 47.76530202], [107.26016367, 47.76530208], [107.26016575, 47.76530192], [107.26016777, 47.76530155], [107.26016968, 47.76530097], [107.2603159, 47.76524652], [107.26031879, 47.76524521], [107.2603213, 47.76524358], [107.26032336, 47.76524168], [107.26032489, 47.76523956], [107.26032586, 47.76523731], [107.26032623, 47.76523497], [107.26032599, 47.76523262], [107.26032515, 47.76523034], [107.26032374, 47.76522819], [107.26028182, 47.76517701], [107.26031685, 47.76516397], [107.26035877, 47.76521514], [107.26036072, 47.76521709], [107.26036314, 47.76521879], [107.26036596, 47.76522017], [107.26036909, 47.76522121], [107.26037244, 47.76522186], [107.26037591, 47.76522211], [107.26037939, 47.76522195], [107.26038278, 47.76522138], [107.26038596, 47.76522043], [107.2603918, 47.76521826], [107.26043092, 47.76520369], [107.26043267, 47.76520291], [107.26043422, 47.76520196], [107.26043552, 47.76520086], [107.26043656, 47.76519963], [107.26043729, 47.76519831], [107.26043771, 47.76519693], [107.26043781, 47.76519552], [107.26043757, 47.76519411], [107.26043702, 47.76519275], [107.26043615, 47.76519147], [107.26039101, 47.76513635], [107.26047275, 47.76510592], [107.2605179, 47.76516103], [107.26051905, 47.76516221], [107.26052046, 47.76516325], [107.2605221, 47.76516413], [107.26052392, 47.76516483], [107.26052588, 47.76516532], [107.26052793, 47.76516561], [107.26053002, 47.76516567], [107.2605321, 47.76516551], [107.26053412, 47.76516514], [107.26053602, 47.76516455], [107.26057515, 47.76514999], [107.26061427, 47.76513542], [107.26061602, 47.76513465], [107.26061758, 47.7651337], [107.26061889, 47.7651326], [107.26061993, 47.76513137], [107.26062066, 47.76513005], [107.26062108, 47.76512866], [107.26062118, 47.76512725], [107.26062094, 47.76512584], [107.26062037, 47.76512448], [107.2606195, 47.7651232], [107.26057435, 47.76506809], [107.26065609, 47.76503765], [107.26070124, 47.76509276], [107.26070254, 47.76509406], [107.26070415, 47.76509519], [107.26070603, 47.76509611], [107.26070811, 47.7650968], [107.26071035, 47.76509724], [107.26071266, 47.76509741], [107.26071498, 47.7650973], [107.26071723, 47.76509692], [107.26071936, 47.76509629], [107.26081535, 47.76506055], [107.26084985, 47.76504548], [107.2608809, 47.76502731], [107.26090787, 47.7650064], [107.26093025, 47.76498315], [107.26094898, 47.76496033], [107.26095434, 47.76495232], [107.2609577, 47.76494383], [107.26095898, 47.76493509], [107.26095813, 47.76492633], [107.26095519, 47.76491777], [107.26095023, 47.76490965], [107.26094338, 47.76490217], [107.26093482, 47.76489555], [107.26092478, 47.76488995], [107.26091352, 47.76488552], [107.26048184, 47.76474612], [107.26032538, 47.76469275], [107.26017249, 47.76463486], [107.26016414, 47.76463217], [107.26015524, 47.76463048], [107.26014603, 47.76462987], [107.26013681, 47.76463033], [107.26012784, 47.76463186], [107.2601194, 47.76463441], [107.26011174, 47.7646379], [107.26010509, 47.76464223], [107.26009965, 47.76464728], [107.26007173, 47.76467435], [107.2600388, 47.76469872], [107.26000143, 47.76471999], [107.25996026, 47.76473779], [107.25976644, 47.76480996], [107.25976294, 47.76481151], [107.25975985, 47.76481342], [107.25975724, 47.76481562], [107.25975517, 47.76481808], [107.2597537, 47.76482072], [107.25975286, 47.76482349], [107.25975267, 47.76482631], [107.25975314, 47.76482911], [107.25975425, 47.76483183], [107.25975598, 47.7648344], [107.25978694, 47.7648722], [107.25978924, 47.76487455], [107.25979206, 47.76487664], [107.25979533, 47.7648784], [107.25979897, 47.7648798], [107.25980289, 47.76488079], [107.259807, 47.76488136], [107.25981118, 47.76488148], [107.25981534, 47.76488117], [107.25981938, 47.76488042], [107.25982319, 47.76487925], [107.25983487, 47.7648749], [107.25986067, 47.76490639], [107.25974389, 47.76494987], [107.25971809, 47.76491838], [107.25972977, 47.76491403], [107.25973326, 47.76491248], [107.25973635, 47.76491057], [107.25973896, 47.76490837], [107.25974103, 47.76490591], [107.2597425, 47.76490327], [107.25974335, 47.76490051], [107.25974353, 47.76489769], [107.25974307, 47.76489488], [107.25974195, 47.76489216], [107.25974022, 47.76488959], [107.25970927, 47.7648518], [107.25970696, 47.76484944], [107.25970414, 47.76484736], [107.25970087, 47.76484559], [107.25969723, 47.7648442], [107.25969331, 47.76484321], [107.2596892, 47.76484264], [107.25968502, 47.76484251], [107.25968086, 47.76484283], [107.25967683, 47.76484358], [107.25967301, 47.76484475], [107.25905408, 47.7650752], [107.25901496, 47.76508977], [107.25901303, 47.76509064], [107.25901135, 47.76509173], [107.25900998, 47.765093], [107.25900896, 47.7650944], [107.25900832, 47.76509591], [107.25900807, 47.76509747], [107.25900823, 47.76509903], [107.25900879, 47.76510056], [107.25900973, 47.76510199], [107.25905487, 47.7651571], [107.25897313, 47.76518754], [107.25892798, 47.76513243], [107.25892683, 47.76513125], [107.25892542, 47.76513021], [107.25892378, 47.76512933], [107.25892196, 47.76512863], [107.25892, 47.76512813], [107.25891795, 47.76512785], [107.25891586, 47.76512778], [107.25891378, 47.76512794], [107.25891176, 47.76512832], [107.25890986, 47.7651289], [107.25887074, 47.76514347], [107.25883161, 47.76515803], [107.25882968, 47.76515891], [107.25882801, 47.76516], [107.25882664, 47.76516126], [107.25882562, 47.76516267], [107.25882497, 47.76516418], [107.25882473, 47.76516574], [107.25882488, 47.7651673], [107.25882544, 47.76516882], [107.25882639, 47.76517025], [107.25887153, 47.76522537], [107.25878978, 47.76525581], [107.25874464, 47.76520069], [107.25874334, 47.76519939], [107.25874173, 47.76519826], [107.25873985, 47.76519734], [107.25873776, 47.76519665], [107.25873553, 47.76519621], [107.25873321, 47.76519605], [107.25873089, 47.76519615], [107.25872864, 47.76519653], [107.25872651, 47.76519717], [107.25870316, 47.76520586], [107.25862491, 47.765235], [107.25862202, 47.76523631], [107.2586195, 47.76523794], [107.25861745, 47.76523984], [107.25861592, 47.76524195], [107.25861495, 47.76524421], [107.25861458, 47.76524655], [107.25861482, 47.7652489], [107.25861566, 47.76525118], [107.25861707, 47.76525333], [107.25865899, 47.76530451], [107.25859289, 47.76532912], [107.25855097, 47.76527794], [107.25854924, 47.76527617], [107.25854712, 47.76527461], [107.25854467, 47.76527329], [107.25854194, 47.76527224], [107.258539, 47.7652715], [107.25853592, 47.76527107], [107.25853279, 47.76527098], [107.25852967, 47.76527121], [107.25852664, 47.76527178], [107.25852378, 47.76527265], [107.25844554, 47.76530178], [107.25844292, 47.76530295], [107.2584406, 47.76530438], [107.25843864, 47.76530603], [107.25843709, 47.76530787], [107.25843598, 47.76530985], [107.25843535, 47.76531193], [107.25843521, 47.76531404], [107.25843556, 47.76531615], [107.2584364, 47.76531819], [107.25843769, 47.76532011], [107.25847961, 47.76537129], [107.25841352, 47.7653959], [107.25836837, 47.76534079], [107.25836722, 47.76533961], [107.25836581, 47.76533857], [107.25836417, 47.76533769], [107.25836235, 47.76533699], [107.25836039, 47.76533649], [107.25835834, 47.76533621], [107.25835625, 47.76533615], [107.25835417, 47.7653363], [107.25835215, 47.76533668], [107.25835024, 47.76533726], [107.25826032, 47.76537074], [107.25825857, 47.76537152], [107.25825703, 47.76537247], [107.25825572, 47.76537358], [107.25825469, 47.7653748], [107.25825395, 47.76537612], [107.25825353, 47.76537751], [107.25825344, 47.76537892], [107.25825367, 47.76538032], [107.25825423, 47.76538168], [107.25825509, 47.76538296], [107.25830024, 47.76543808], [107.25823414, 47.76546269], [107.25819222, 47.76541151], [107.25819027, 47.76540956], [107.25818785, 47.76540787], [107.25818504, 47.76540648], [107.2581819, 47.76540545], [107.25817855, 47.76540479], [107.25817508, 47.76540454], [107.2581716, 47.76540471], [107.25816822, 47.76540527], [107.25816503, 47.76540622], [107.25808679, 47.76543536], [107.25808416, 47.76543652], [107.25808185, 47.76543795], [107.25807989, 47.7654396], [107.25807834, 47.76544145], [107.25807723, 47.76544343], [107.2580766, 47.7654455], [107.25807646, 47.76544762], [107.25807681, 47.76544972], [107.25807764, 47.76545176], [107.25807894, 47.76545369], [107.25812086, 47.76550487], [107.25805476, 47.76552948], [107.25800962, 47.76547436], [107.25800847, 47.76547318], [107.25800705, 47.76547214], [107.25800542, 47.76547126], [107.2580036, 47.76547056], [107.25800164, 47.76547007], [107.25799959, 47.76546978], [107.2579975, 47.76546972], [107.25799542, 47.76546988], [107.2579934, 47.76547025], [107.25799149, 47.76547084], [107.25792723, 47.76549476], [107.25791647, 47.76549957], [107.257907, 47.76550548], [107.25789906, 47.76551234], [107.25789286, 47.76551997], [107.25788855, 47.76552817], [107.25788626, 47.76553674], [107.25788604, 47.76554544], [107.2578879, 47.76555405], [107.25789178, 47.76556235], [107.2579966, 47.76573601], [107.25800273, 47.76574412], [107.25801079, 47.76575142], [107.25802056, 47.76575771], [107.25803176, 47.7657628], [107.25804406, 47.76576654], [107.25805712, 47.76576884], [107.25807058, 47.76576963], [107.25808403, 47.76576888], [107.25809711, 47.76576662], [107.25810944, 47.76576291], [107.25820238, 47.7657283], [107.25820413, 47.76572753], [107.25820567, 47.76572657], [107.25820698, 47.76572547], [107.25820801, 47.76572424], [107.25820875, 47.76572292], [107.25820917, 47.76572154], [107.25820926, 47.76572013], [107.25820903, 47.76571873], [107.25820847, 47.76571737], [107.25820761, 47.76571608], [107.25816246, 47.76566097], [107.25822856, 47.76563636], [107.25827048, 47.76568753], [107.25827221, 47.7656893], [107.25827433, 47.76569086], [107.25827678, 47.76569218], [107.25827951, 47.76569323], [107.25828245, 47.76569397], [107.25828553, 47.7656944], [107.25828866, 47.7656945], [107.25829179, 47.76569426], [107.25829481, 47.7656937], [107.25829767, 47.76569282], [107.25837592, 47.76566369], [107.25837854, 47.76566252], [107.25838086, 47.7656611], [107.25838281, 47.76565944], [107.25838436, 47.7656576], [107.25838547, 47.76565562], [107.2583861, 47.76565354], [107.25838624, 47.76565143], [107.25838589, 47.76564933], [107.25838506, 47.76564728], [107.25838376, 47.76564536], [107.25834184, 47.76559418], [107.25840794, 47.76556957], [107.25845308, 47.76562468], [107.25845438, 47.76562598], [107.25845599, 47.76562711], [107.25845787, 47.76562804], [107.25845996, 47.76562873], [107.25846219, 47.76562916], [107.25846451, 47.76562933], [107.25846683, 47.76562922], [107.25846908, 47.76562884], [107.25847121, 47.76562821], [107.25856113, 47.76559473], [107.25856288, 47.76559395], [107.25856442, 47.765593], [107.25856573, 47.7655919], [107.25856676, 47.76559067], [107.2585675, 47.76558935], [107.25856792, 47.76558797], [107.25856802, 47.76558656], [107.25856778, 47.76558515], [107.25856723, 47.76558379], [107.25856636, 47.76558251], [107.25852122, 47.76552739], [107.25858731, 47.76550278], [107.25862923, 47.76555396], [107.25863118, 47.76555591], [107.2586336, 47.76555761], [107.25863642, 47.76555899], [107.25863955, 47.76556003], [107.2586429, 47.76556068], [107.25864637, 47.76556093], [107.25864985, 47.76556077], [107.25865324, 47.7655602], [107.25865643, 47.76555925], [107.25873467, 47.76553012], [107.25873729, 47.76552895], [107.25873961, 47.76552752], [107.25874157, 47.76552587], [107.25874312, 47.76552403], [107.25874422, 47.76552204], [107.25874485, 47.76551997], [107.25874499, 47.76551786], [107.25874464, 47.76551575], [107.25874381, 47.76551371], [107.25874251, 47.76551178], [107.25869526, 47.76545612], [107.25876136, 47.76543151], [107.25881183, 47.76549111], [107.25881299, 47.76549229], [107.2588144, 47.76549333], [107.25881604, 47.76549421], [107.25881786, 47.76549491], [107.25881982, 47.7654954], [107.25882187, 47.76549569], [107.25882396, 47.76549575], [107.25882604, 47.76549559], [107.25882806, 47.76549522], [107.25882996, 47.76549463], [107.25893507, 47.7654555], [107.25897376, 47.76550274], [107.25886176, 47.76554444], [107.25886001, 47.76554522], [107.25885847, 47.76554617], [107.25885716, 47.76554728], [107.25885613, 47.7655485], [107.25885539, 47.76554982], [107.25885497, 47.76555121], [107.25885488, 47.76555262], [107.25885511, 47.76555402], [107.25885567, 47.76555538], [107.25885653, 47.76555667], [107.25890574, 47.76561674], [107.25883964, 47.76564135], [107.25879043, 47.76558128], [107.25878913, 47.76557998], [107.25878752, 47.76557885], [107.25878564, 47.76557792], [107.25878355, 47.76557723], [107.25878132, 47.7655768], [107.25877901, 47.76557663], [107.25877669, 47.76557674], [107.25877443, 47.76557712], [107.2587723, 47.76557775], [107.25868822, 47.76560906], [107.25868533, 47.76561037], [107.25868281, 47.765612], [107.25868076, 47.7656139], [107.25867923, 47.76561601], [107.25867826, 47.76561827], [107.25867789, 47.76562061], [107.25867813, 47.76562296], [107.25867896, 47.76562524], [107.25868038, 47.76562739], [107.25872636, 47.76568353], [107.25866026, 47.76570814], [107.25861428, 47.765652], [107.25861233, 47.76565005], [107.25860992, 47.76564835], [107.2586071, 47.76564697], [107.25860396, 47.76564593], [107.25860061, 47.76564528], [107.25859714, 47.76564503], [107.25859366, 47.76564519], [107.25859028, 47.76564576], [107.25858709, 47.76564671], [107.25847381, 47.76568889], [107.25847119, 47.76569005], [107.25846887, 47.76569148], [107.25846691, 47.76569314], [107.25846536, 47.76569498], [107.25846426, 47.76569696], [107.25846363, 47.76569903], [107.25846348, 47.76570115], [107.25846384, 47.76570325], [107.25846467, 47.76570529], [107.25846597, 47.76570722], [107.25851195, 47.76576336], [107.25844585, 47.76578797], [107.25839987, 47.76573183], [107.25839814, 47.76573006], [107.25839602, 47.7657285], [107.25839357, 47.76572718], [107.25839084, 47.76572614], [107.2583879, 47.76572539], [107.25838482, 47.76572497], [107.25838168, 47.76572487], [107.25837856, 47.76572511], [107.25837554, 47.76572567], [107.25837268, 47.76572654], [107.25828859, 47.76575785], [107.25828685, 47.76575863], [107.2582853, 47.76575958], [107.258284, 47.76576068], [107.25828296, 47.76576191], [107.25828223, 47.76576323], [107.25828181, 47.76576461], [107.25828171, 47.76576602], [107.25828194, 47.76576743], [107.2582825, 47.76576879], [107.25828337, 47.76577007], [107.25833257, 47.76583015], [107.25826647, 47.76585476], [107.25822049, 47.76579862], [107.25821855, 47.76579667], [107.25821613, 47.76579497], [107.25821331, 47.76579359], [107.25821017, 47.76579255], [107.25820682, 47.7657919], [107.25820335, 47.76579165], [107.25819987, 47.76579181], [107.25819649, 47.76579238], [107.2581933, 47.76579333], [107.2581232, 47.76581943], [107.25811244, 47.76582424], [107.25810297, 47.76583015], [107.25809503, 47.76583701], [107.25808883, 47.76584464], [107.25808452, 47.76585284], [107.25808223, 47.76586141], [107.25808201, 47.76587011], [107.25808387, 47.76587872], [107.25808775, 47.76588701], [107.25819258, 47.76606067], [107.2581987, 47.76606879], [107.25820676, 47.76607609], [107.25821653, 47.76608237], [107.25822773, 47.76608746], [107.25824003, 47.76609121], [107.2582531, 47.76609351], [107.25826655, 47.7660943], [107.25828, 47.76609355], [107.25829308, 47.76609129], [107.25830541, 47.76608757], [107.25840419, 47.7660508], [107.25840708, 47.76604948], [107.2584096, 47.76604785], [107.25841165, 47.76604595], [107.25841319, 47.76604384], [107.25841415, 47.76604158], [107.25841452, 47.76603924], [107.25841428, 47.7660369], [107.25841345, 47.76603461], [107.25841203, 47.76603246], [107.25837011, 47.76598129], [107.25843621, 47.76595668], [107.25847813, 47.76600785], [107.25848008, 47.76600981], [107.2584825, 47.7660115], [107.25848532, 47.76601288], [107.25848845, 47.76601392], [107.2584918, 47.76601457], [107.25849527, 47.76601482], [107.25849875, 47.76601466], [107.25850213, 47.76601409], [107.25850532, 47.76601314], [107.25858357, 47.76598401], [107.25858646, 47.7659827], [107.25858897, 47.76598107], [107.25859103, 47.76597917], [107.25859256, 47.76597705], [107.25859353, 47.76597479], [107.2585939, 47.76597246], [107.25859366, 47.76597011], [107.25859282, 47.76596783], [107.25859141, 47.76596568], [107.25854949, 47.7659145], [107.25861559, 47.76588989], [107.25865751, 47.76594107], [107.25865946, 47.76594302], [107.25866187, 47.76594471], [107.25866469, 47.7659461], [107.25866783, 47.76594713], [107.25867118, 47.76594778], [107.25867465, 47.76594803], [107.25867813, 47.76594787], [107.25868151, 47.76594731], [107.2586847, 47.76594635], [107.25871974, 47.76593331], [107.25879798, 47.76590418], [107.25880087, 47.76590287], [107.25880339, 47.76590123], [107.25880544, 47.76589933], [107.25880698, 47.76589722], [107.25880794, 47.76589496], [107.25880831, 47.76589262], [107.25880807, 47.76589028], [107.25880724, 47.76588799], [107.25880582, 47.76588584], [107.2587639, 47.76583467], [107.25883, 47.76581006], [107.25887192, 47.76586123], [107.25887365, 47.765863], [107.25887577, 47.76586456], [107.25887822, 47.76586589], [107.25888095, 47.76586693], [107.25888389, 47.76586767], [107.25888697, 47.7658681], [107.25889011, 47.7658682], [107.25889323, 47.76586796], [107.25889625, 47.7658674], [107.25889911, 47.76586652], [107.25897736, 47.76583739], [107.25897998, 47.76583622], [107.2589823, 47.7658348], [107.25898425, 47.76583314], [107.25898581, 47.7658313], [107.25898691, 47.76582932], [107.25898754, 47.76582724], [107.25898768, 47.76582513], [107.25898733, 47.76582303], [107.2589865, 47.76582098], [107.2589852, 47.76581906], [107.25894328, 47.76576788], [107.25900938, 47.76574327], [107.2590513, 47.76579445], [107.25905324, 47.7657964], [107.25905566, 47.76579809], [107.25905848, 47.76579948], [107.25906161, 47.76580051], [107.25906497, 47.76580116], [107.25906843, 47.76580141], [107.25907191, 47.76580125], [107.2590753, 47.76580069], [107.25907849, 47.76579973], [107.25915673, 47.7657706], [107.25919585, 47.76575604], [107.2591976, 47.76575526], [107.25919915, 47.76575431], [107.25920045, 47.7657532], [107.25920149, 47.76575198], [107.25920222, 47.76575065], [107.25920264, 47.76574927], [107.25920274, 47.76574786], [107.2592025, 47.76574646], [107.25920195, 47.7657451], [107.25920108, 47.76574381], [107.25915594, 47.7656887], [107.25923769, 47.76565826], [107.25928283, 47.76571338], [107.25928413, 47.76571468], [107.25928574, 47.76571581], [107.25928762, 47.76571673], [107.25928971, 47.76571742], [107.25929194, 47.76571785], [107.25929425, 47.76571802], [107.25929657, 47.76571791], [107.25929883, 47.76571754], [107.25930096, 47.7657169], [107.25934008, 47.76570233], [107.2593792, 47.76568777], [107.25938113, 47.76568689], [107.25938281, 47.76568581], [107.25938418, 47.76568454], [107.2593852, 47.76568313], [107.25938584, 47.76568162], [107.25938609, 47.76568007], [107.25938593, 47.7656785], [107.25938537, 47.76567698], [107.25938443, 47.76567555], [107.25933928, 47.76562043], [107.25942103, 47.76558999], [107.25946618, 47.76564511], [107.25946747, 47.76564641], [107.25946909, 47.76564754], [107.25947097, 47.76564846], [107.25947305, 47.76564915], [107.25947529, 47.76564959], [107.2594776, 47.76564975], [107.25947992, 47.76564965], [107.25948218, 47.76564927], [107.2594843, 47.76564863], [107.25954269, 47.76562689], [107.25958139, 47.76567413], [107.25948037, 47.76571175], [107.25944125, 47.76572631], [107.25943951, 47.76572709], [107.25943796, 47.76572804], [107.25943665, 47.76572915], [107.25943562, 47.76573037], [107.25943488, 47.76573169], [107.25943446, 47.76573308], [107.25943437, 47.76573449], [107.2594346, 47.76573589], [107.25943516, 47.76573725], [107.25943602, 47.76573853], [107.25948117, 47.76579365], [107.25939942, 47.76582409], [107.25935428, 47.76576897], [107.25935298, 47.76576767], [107.25935137, 47.76576654], [107.25934949, 47.76576562], [107.2593474, 47.76576493], [107.25934517, 47.76576449], [107.25934285, 47.76576433], [107.25934053, 47.76576443], [107.25933828, 47.76576481], [107.25933615, 47.76576545], [107.25929703, 47.76578001], [107.25925791, 47.76579458], [107.25925616, 47.76579536], [107.25925461, 47.76579631], [107.25925331, 47.76579741], [107.25925227, 47.76579864], [107.25925154, 47.76579996], [107.25925112, 47.76580134], [107.25925102, 47.76580275], [107.25925126, 47.76580416], [107.25925181, 47.76580552], [107.25925268, 47.7658068], [107.25929782, 47.76586192], [107.25921608, 47.76589235], [107.25917093, 47.76583724], [107.25916963, 47.76583594], [107.25916802, 47.76583481], [107.25916614, 47.76583388], [107.25916405, 47.7658332], [107.25916182, 47.76583276], [107.25915951, 47.76583259], [107.25915719, 47.7658327], [107.25915493, 47.76583308], [107.2591528, 47.76583371], [107.25911368, 47.76584828], [107.25907456, 47.76586285], [107.25907281, 47.76586362], [107.25907127, 47.76586458], [107.25906996, 47.76586568], [107.25906893, 47.76586691], [107.25906819, 47.76586823], [107.25906777, 47.76586961], [107.25906768, 47.76587102], [107.25906791, 47.76587242], [107.25906847, 47.76587378], [107.25906933, 47.76587507], [107.25911448, 47.76593018], [107.25903273, 47.76596062], [107.25898758, 47.76590551], [107.25898629, 47.7659042], [107.25898467, 47.76590307], [107.25898279, 47.76590215], [107.25898071, 47.76590146], [107.25897847, 47.76590103], [107.25897616, 47.76590086], [107.25897384, 47.76590097], [107.25897158, 47.76590134], [107.25896946, 47.76590198], [107.25893033, 47.76591655], [107.25889121, 47.76593111], [107.25888946, 47.76593189], [107.25888792, 47.76593284], [107.25888661, 47.76593394], [107.25888558, 47.76593517], [107.25888484, 47.76593649], [107.25888442, 47.76593788], [107.25888433, 47.76593929], [107.25888456, 47.76594069], [107.25888512, 47.76594205], [107.25888598, 47.76594333], [107.25893113, 47.76599845], [107.25884938, 47.76602889], [107.25880424, 47.76597377], [107.25880294, 47.76597247], [107.25880133, 47.76597134], [107.25879945, 47.76597042], [107.25879736, 47.76596973], [107.25879512, 47.76596929], [107.25879281, 47.76596913], [107.25879049, 47.76596923], [107.25878823, 47.76596961], [107.25878611, 47.76597025], [107.25874699, 47.76598481], [107.25870786, 47.76599938], [107.25870612, 47.76600016], [107.25870457, 47.76600111], [107.25870327, 47.76600221], [107.25870223, 47.76600344], [107.2587015, 47.76600476], [107.25870107, 47.76600614], [107.25870098, 47.76600755], [107.25870121, 47.76600895], [107.25870177, 47.76601032], [107.25870264, 47.7660116], [107.25874778, 47.76606672], [107.25866603, 47.76609715], [107.25862089, 47.76604204], [107.25861959, 47.76604074], [107.25861798, 47.76603961], [107.2586161, 47.76603868], [107.25861401, 47.76603799], [107.25861178, 47.76603756], [107.25860946, 47.76603739], [107.25860714, 47.7660375], [107.25860489, 47.76603788], [107.25860276, 47.76603851], [107.25856364, 47.76605308], [107.25852452, 47.76606764], [107.25852277, 47.76606842], [107.25852122, 47.76606937], [107.25851992, 47.76607048], [107.25851888, 47.7660717], [107.25851815, 47.76607302], [107.25851773, 47.76607441], [107.25851763, 47.76607582], [107.25851787, 47.76607722], [107.25851842, 47.76607858], [107.25851929, 47.76607987], [107.25856443, 47.76613498], [107.25848268, 47.76616542], [107.25843754, 47.7661103], [107.25843624, 47.766109], [107.25843463, 47.76610787], [107.25843275, 47.76610695], [107.25843066, 47.76610626], [107.25842843, 47.76610582], [107.25842611, 47.76610566], [107.25842379, 47.76610576], [107.25842154, 47.76610614], [107.25841941, 47.76610678], [107.25838029, 47.76612134], [107.25831917, 47.7661441], [107.25830841, 47.76614891], [107.25829894, 47.76615482], [107.258291, 47.76616168], [107.2582848, 47.76616931], [107.25828049, 47.76617751], [107.2582782, 47.76618607], [107.25827798, 47.76619477], [107.25827984, 47.76620338], [107.25828373, 47.76621168], [107.25830559, 47.76624791], [107.25837284, 47.76637888], [107.25843025, 47.76651196], [107.25847769, 47.76664682], [107.25848165, 47.76665566], [107.25848779, 47.76666391], [107.25849592, 47.76667134], [107.25850582, 47.76667773], [107.25851719, 47.76668288], [107.25852969, 47.76668665], [107.25854297, 47.76668893], [107.25855662, 47.76668965], [107.25857026, 47.76668879], [107.25860803, 47.76668418], [107.2586742, 47.76667358], [107.25873828, 47.76665821], [107.25879951, 47.76663826], [107.25901885, 47.76655659], [107.25902234, 47.76655504], [107.25902544, 47.76655313], [107.25902805, 47.76655093], [107.25903011, 47.76654847], [107.25903159, 47.76654583], [107.25903243, 47.76654306], [107.25903262, 47.76654024], [107.25903215, 47.76653744], [107.25903104, 47.76653472], [107.25902931, 47.76653215], [107.25895836, 47.76644554], [107.25902843, 47.76641945], [107.25909938, 47.76650606], [107.25910168, 47.76650841], [107.25910451, 47.7665105], [107.25910778, 47.76651226], [107.25911142, 47.76651365], [107.25911534, 47.76651464], [107.25911944, 47.76651521], [107.25912362, 47.76651534], [107.25912778, 47.76651502], [107.25913182, 47.76651427], [107.25913563, 47.76651311], [107.2600386, 47.7661769], [107.26007729, 47.76622414], [107.2600189, 47.76624588], [107.26001697, 47.76624676], [107.2600153, 47.76624785], [107.26001393, 47.76624911], [107.2600129, 47.76625052], [107.26001226, 47.76625203], [107.26001201, 47.76625359], [107.26001217, 47.76625515], [107.26001273, 47.76625667], [107.26001367, 47.76625811], [107.26006527, 47.76632109], [107.25999917, 47.7663457], [107.25994757, 47.76628272], [107.25994642, 47.76628154], [107.25994501, 47.7662805], [107.25994337, 47.76627962], [107.25994155, 47.76627892], [107.25993959, 47.76627842], [107.25993754, 47.76627814], [107.25993545, 47.76627808], [107.25993337, 47.76627823], [107.25993135, 47.76627861], [107.25992945, 47.76627919], [107.25983952, 47.76631267], [107.25983759, 47.76631355], [107.25983592, 47.76631464], [107.25983455, 47.7663159], [107.25983353, 47.76631731], [107.25983288, 47.76631882], [107.25983264, 47.76632038], [107.25983279, 47.76632194], [107.25983335, 47.76632346], [107.2598343, 47.76632489], [107.25988589, 47.76638788], [107.25981979, 47.76641249], [107.2597682, 47.76634951], [107.25976704, 47.76634833], [107.25976563, 47.76634729], [107.259764, 47.76634641], [107.25976218, 47.76634571], [107.25976022, 47.76634521], [107.25975817, 47.76634493], [107.25975607, 47.76634486], [107.25975399, 47.76634502], [107.25975198, 47.7663454], [107.25975007, 47.76634598], [107.2595819, 47.7664086], [107.25957997, 47.76640947], [107.2595783, 47.76641056], [107.25957693, 47.76641182], [107.25957591, 47.76641323], [107.25957526, 47.76641474], [107.25957501, 47.7664163], [107.25957517, 47.76641786], [107.25957573, 47.76641938], [107.25957667, 47.76642082], [107.25962827, 47.76648381], [107.25956217, 47.76650842], [107.25951058, 47.76644543], [107.25950928, 47.76644413], [107.25950767, 47.766443], [107.25950579, 47.76644207], [107.2595037, 47.76644138], [107.25950146, 47.76644095], [107.25949915, 47.76644078], [107.25949683, 47.76644089], [107.25949457, 47.76644127], [107.25949245, 47.7664419], [107.25940253, 47.76647538], [107.2594006, 47.76647626], [107.25939892, 47.76647735], [107.25939755, 47.76647861], [107.25939653, 47.76648002], [107.25939588, 47.76648153], [107.25939564, 47.76648309], [107.25939579, 47.76648465], [107.25939635, 47.76648617], [107.2593973, 47.76648761], [107.25944889, 47.76655059], [107.25938279, 47.7665752], [107.2593312, 47.76651222], [107.2593299, 47.76651092], [107.25932829, 47.76650979], [107.25932641, 47.76650886], [107.25932432, 47.76650817], [107.25932208, 47.76650774], [107.25931977, 47.76650757], [107.25931745, 47.76650768], [107.2593152, 47.76650806], [107.25931307, 47.76650869], [107.25917433, 47.76656035], [107.25917083, 47.7665619], [107.25916774, 47.76656381], [107.25916513, 47.76656601], [107.25916306, 47.76656847], [107.25916159, 47.76657111], [107.25916075, 47.76657388], [107.25916056, 47.7665767], [107.25916103, 47.7665795], [107.25916214, 47.76658222], [107.25916387, 47.76658479], [107.25923481, 47.7666714], [107.25916474, 47.76669749], [107.2590938, 47.76661088], [107.2590915, 47.76660852], [107.25908867, 47.76660644], [107.2590854, 47.76660468], [107.25908176, 47.76660329], [107.25907784, 47.76660229], [107.25907374, 47.76660173], [107.25906956, 47.7666016], [107.25906539, 47.76660191], [107.25906136, 47.76660266], [107.25905755, 47.76660383], [107.25883821, 47.7666855]], [[107.25994063, 47.7646803], [107.25994506, 47.76467967], [107.25994926, 47.76467854], [107.25995313, 47.76467695], [107.25998035, 47.76466172], [107.26000466, 47.7646444], [107.2600257, 47.76462522], [107.26003165, 47.76461907], [107.26003601, 47.76461354], [107.26003889, 47.76460758], [107.2600402, 47.76460138], [107.26003989, 47.76459512], [107.26003797, 47.764589], [107.26003451, 47.76458318], [107.26002961, 47.76457787], [107.26002341, 47.7645732], [107.2600161, 47.76456933], [107.25985978, 47.76449688], [107.25970866, 47.76441957], [107.25956308, 47.76433757], [107.25942335, 47.76425106], [107.25928979, 47.76416023], [107.25927993, 47.76415428], [107.25926875, 47.7641495], [107.25925655, 47.76414603], [107.25924367, 47.76414397], [107.25923046, 47.76414336], [107.25921729, 47.76414423], [107.2592045, 47.76414655], [107.25748022, 47.76456565], [107.25746805, 47.76456941], [107.25745697, 47.76457449], [107.25744731, 47.76458074], [107.25743933, 47.76458799], [107.25743325, 47.76459604], [107.25742925, 47.76460465], [107.25742743, 47.7646136], [107.25742785, 47.76462262], [107.2574305, 47.76463147], [107.25765382, 47.76514975], [107.25768388, 47.76521331], [107.25771879, 47.76527573], [107.25780064, 47.76541134], [107.25780676, 47.76541945], [107.25781482, 47.76542675], [107.25782459, 47.76543304], [107.25783579, 47.76543813], [107.25784809, 47.76544187], [107.25786116, 47.76544417], [107.25787461, 47.76544496], [107.25788806, 47.76544421], [107.25790114, 47.76544195], [107.25791347, 47.76543824], [107.25822297, 47.765323], [107.25822472, 47.76532223], [107.25822626, 47.76532127], [107.25822757, 47.76532017], [107.2582286, 47.76531894], [107.25822934, 47.76531762], [107.25822976, 47.76531624], [107.25822985, 47.76531483], [107.25822962, 47.76531343], [107.25822906, 47.76531207], [107.2582282, 47.76531078], [107.25819918, 47.76527535], [107.25840938, 47.76519708], [107.2584384, 47.76523251], [107.25843956, 47.76523369], [107.25844097, 47.76523474], [107.25844261, 47.76523562], [107.25844443, 47.76523631], [107.25844639, 47.76523681], [107.25844844, 47.76523709], [107.25845053, 47.76523716], [107.25845261, 47.765237], [107.25845463, 47.76523662], [107.25845653, 47.76523604], [107.25846039, 47.76523429], [107.25846374, 47.76523212], [107.25846648, 47.76522958], [107.25846853, 47.76522677], [107.25846982, 47.76522375], [107.25847031, 47.76522064], [107.25846999, 47.76521751], [107.25846887, 47.76521446], [107.25846699, 47.7652116], [107.25842314, 47.76515806], [107.25842083, 47.7651557], [107.25841801, 47.76515362], [107.25841473, 47.76515186], [107.25841109, 47.76515046], [107.25840717, 47.76514947], [107.25840307, 47.7651489], [107.25839889, 47.76514877], [107.25839473, 47.76514909], [107.25839069, 47.76514984], [107.25838688, 47.76515101], [107.2583752, 47.76515535], [107.25834941, 47.76512386], [107.25846619, 47.76508038], [107.25849198, 47.76511187], [107.25848031, 47.76511622], [107.25847645, 47.76511797], [107.2584731, 47.76512014], [107.25847036, 47.76512268], [107.25846831, 47.76512549], [107.25846702, 47.76512851], [107.25846653, 47.76513163], [107.25846684, 47.76513475], [107.25846796, 47.7651378], [107.25846985, 47.76514066], [107.2585137, 47.7651942], [107.25851601, 47.76519656], [107.25851883, 47.76519864], [107.2585221, 47.76520041], [107.25852574, 47.7652018], [107.25852966, 47.76520279], [107.25853376, 47.76520336], [107.25853795, 47.76520349], [107.25854211, 47.76520317], [107.25854614, 47.76520242], [107.25854996, 47.76520126], [107.25915721, 47.76497515], [107.25916107, 47.7649734], [107.25916442, 47.76497123], [107.25916716, 47.76496869], [107.25916921, 47.76496588], [107.2591705, 47.76496286], [107.25917099, 47.76495975], [107.25917067, 47.76495662], [107.25916956, 47.76495357], [107.25916767, 47.76495071], [107.25913671, 47.76491291], [107.25913441, 47.76491056], [107.25913159, 47.76490847], [107.25912831, 47.76490671], [107.25912467, 47.76490532], [107.25912075, 47.76490433], [107.25911665, 47.76490376], [107.25911247, 47.76490363], [107.25910831, 47.76490395], [107.25910427, 47.7649047], [107.25910046, 47.76490586], [107.25908878, 47.76491021], [107.25906299, 47.76487872], [107.25917977, 47.76483524], [107.25920556, 47.76486673], [107.25919388, 47.76487108], [107.25919002, 47.76487283], [107.25918667, 47.764875], [107.25918393, 47.76487754], [107.25918189, 47.76488035], [107.2591806, 47.76488337], [107.25918011, 47.76488648], [107.25918042, 47.76488961], [107.25918154, 47.76489266], [107.25918343, 47.76489552], [107.25921438, 47.76493332], [107.25921698, 47.76493592], [107.2592202, 47.76493818], [107.25922396, 47.76494002], [107.25922814, 47.7649414], [107.25923261, 47.76494227], [107.25923723, 47.7649426], [107.25924187, 47.76494239], [107.25924639, 47.76494164], [107.25925064, 47.76494037], [107.25985789, 47.76471426], [107.25986138, 47.7647127], [107.25986447, 47.7647108], [107.25986709, 47.76470859], [107.25986915, 47.76470614], [107.25987062, 47.7647035], [107.25987147, 47.76470073], [107.25987166, 47.76469791], [107.25987119, 47.76469511], [107.25987008, 47.76469239], [107.25986834, 47.76468981], [107.25982449, 47.76463627], [107.2598219, 47.76463367], [107.25981867, 47.76463141], [107.25981491, 47.76462957], [107.25981073, 47.76462819], [107.25980627, 47.76462732], [107.25980164, 47.76462699], [107.259797, 47.7646272], [107.25979249, 47.76462795], [107.25978824, 47.76462922], [107.25977656, 47.76463357], [107.25975076, 47.76460208], [107.25976244, 47.76459773], [107.25977519, 47.76459392], [107.25978874, 47.76459166], [107.25980266, 47.76459101], [107.25981653, 47.76459201], [107.25982994, 47.76459462], [107.25984247, 47.76459876], [107.25985374, 47.7646043], [107.25986342, 47.76461108], [107.2598712, 47.76461888], [107.25991401, 47.76467114], [107.25991652, 47.76467368], [107.25991964, 47.76467589], [107.25992326, 47.76467772], [107.2599273, 47.7646791], [107.25993162, 47.76468001], [107.2599361, 47.76468041], [107.25994063, 47.7646803]]]}, "geometry_name": "geom", "properties": {"guid": 3241269, "id": 3241269, "object_no": null, "object_name": "Төлөвлөлтийн авто зам", "layer_type_id": 956, "valid_to": null, "address_no": null, "border_type": "solid", "border_width": 1, "border_color": "#999999", "border_opacity": 0.36, "border_wellknown": "shape://horizline", "fill_type": "color", "fill_color": "#bcbcbc", "fill_opacity": 0.36, "fill_wellknown": null, "fill_shape_color": null, "fill_shape_width": null, "fill_shape_size": null, "fill_img_url": null, "marker_img_url": null}},{"type": "Feature", "id": "layer_data_map.fid--27e80436_1a098c1eed1_-5890", "geometry": {"type": "Polygon", "coordinates": [[[107.26025807, 47.77082733], [107.26023536, 47.77077091], [107.2602475, 47.77076796], [107.26025878, 47.77076374], [107.26026891, 47.77075835], [107.26027762, 47.77075193], [107.26028469, 47.77074465], [107.26028993, 47.7707367], [107.26029321, 47.77072829], [107.26029444, 47.77071963], [107.26029359, 47.77071095], [107.26029069, 47.77070247], [107.26005075, 47.77019369], [107.26001185, 47.77010318], [107.25997993, 47.77001143], [107.25995507, 47.7699187], [107.25993734, 47.76982523], [107.25993644, 47.76981917], [107.2598921, 47.76951513], [107.25988319, 47.76943683], [107.25987929, 47.76935833], [107.2598804, 47.7692798], [107.2598798, 47.76927133], [107.25987724, 47.76926302], [107.25987279, 47.76925509], [107.25986654, 47.76924773], [107.25985866, 47.76924112], [107.25984935, 47.76923542], [107.25983882, 47.76923078], [107.25982735, 47.76922731], [107.25981521, 47.76922509], [107.2598027, 47.76922418], [107.25980501, 47.76917023], [107.25981589, 47.76917045], [107.25982904, 47.76916997], [107.2598419, 47.76916805], [107.25985412, 47.76916473], [107.25986536, 47.76916011], [107.25987533, 47.76915431], [107.25988375, 47.76914748], [107.2598904, 47.76913981], [107.25989509, 47.76913152], [107.2598977, 47.76912282], [107.25991314, 47.76904786], [107.25993318, 47.7689734], [107.25997136, 47.76886394], [107.26001947, 47.76875627], [107.26012949, 47.76853495], [107.2601588, 47.76847901], [107.26019079, 47.76842375], [107.26019832, 47.76840798], [107.26020219, 47.76839163], [107.2602023, 47.76837507], [107.26019865, 47.76835869], [107.26017781, 47.76829759], [107.26023794, 47.76828828], [107.26024081, 47.76829073], [107.26024427, 47.76829282], [107.26024822, 47.76829447], [107.26025253, 47.76829563], [107.26025707, 47.76829627], [107.26026171, 47.76829637], [107.2602663, 47.76829593], [107.26027072, 47.76829496], [107.26027481, 47.76829349], [107.26027847, 47.76829156], [107.26028157, 47.76828923], [107.26028403, 47.76828657], [107.26034816, 47.76820665], [107.26041812, 47.76812897], [107.26048487, 47.76806214], [107.26055592, 47.76799737], [107.26063114, 47.76793477], [107.26063622, 47.76792998], [107.26064008, 47.76792469], [107.2606426, 47.76791905], [107.26064373, 47.7679132], [107.26064342, 47.76790731], [107.26064169, 47.76790154], [107.26063859, 47.76789603], [107.26063419, 47.76789093], [107.26062862, 47.76788639], [107.26061452, 47.76787665], [107.26067337, 47.76783794], [107.26068538, 47.76784216], [107.26069827, 47.76784495], [107.26071168, 47.76784623], [107.26072522, 47.76784598], [107.26073849, 47.76784419], [107.26075114, 47.76784091], [107.26076278, 47.76783625], [107.26077308, 47.76783033], [107.26081076, 47.76780517], [107.2608137, 47.7678029], [107.26081604, 47.76780032], [107.2608177, 47.76779752], [107.26081864, 47.76779456], [107.26081884, 47.76779155], [107.26081828, 47.76778855], [107.26081699, 47.76778566], [107.260815, 47.76778295], [107.26081237, 47.76778051], [107.26077652, 47.76775252], [107.26087497, 47.76769238], [107.26116824, 47.76752164], [107.26120312, 47.76754887], [107.26120609, 47.76755085], [107.26120949, 47.7675525], [107.26121323, 47.76755377], [107.26121722, 47.76755462], [107.26122136, 47.76755505], [107.26122555, 47.76755503], [107.26122968, 47.76755458], [107.26123366, 47.76755369], [107.26123738, 47.7675524], [107.26124075, 47.76755072], [107.26124723, 47.76754695], [107.26125616, 47.76754085], [107.26126355, 47.76753388], [107.2612692, 47.7675262], [107.26127298, 47.76751802], [107.2612748, 47.76750954], [107.2612746, 47.76750097], [107.26127238, 47.76749253], [107.26126822, 47.76748444], [107.26126221, 47.76747689], [107.26134152, 47.76743296], [107.26140958, 47.7674845], [107.26148348, 47.76753223], [107.26156278, 47.76757585], [107.26187324, 47.76773319], [107.26188802, 47.76773947], [107.26190413, 47.76774405], [107.26192114, 47.76774679], [107.26193857, 47.76774762], [107.26195598, 47.76774652], [107.26197288, 47.76774352], [107.26198884, 47.7677387], [107.26200341, 47.76773219], [107.26201621, 47.76772417], [107.26214796, 47.76762682], [107.26221695, 47.76766926], [107.26209897, 47.76775643], [107.26208845, 47.76776559], [107.26208024, 47.76777577], [107.26207456, 47.76778671], [107.26207156, 47.76779812], [107.26207132, 47.76780971], [107.26207384, 47.76782117], [107.26207906, 47.76783221], [107.26208683, 47.76784255], [107.26209697, 47.76785191], [107.26210921, 47.76786005], [107.26359393, 47.76869995], [107.26446962, 47.7691953], [107.2644842, 47.76920223], [107.26450028, 47.76920743], [107.26451743, 47.76921075], [107.26453516, 47.7692121], [107.26455298, 47.76921144], [107.26457038, 47.76920878], [107.26458688, 47.76920421], [107.26460203, 47.76919785], [107.26461539, 47.76918988], [107.26485158, 47.76902324], [107.2649191, 47.76906674], [107.26469625, 47.76922397], [107.26468529, 47.76923308], [107.26467668, 47.76924328], [107.26467063, 47.76925428], [107.26466732, 47.76926579], [107.26466683, 47.76927752], [107.26466918, 47.76928914], [107.26467429, 47.76930036], [107.26468203, 47.76931086], [107.26469221, 47.76932038], [107.26470454, 47.76932865], [107.26480927, 47.76938828], [107.26474901, 47.76943638], [107.26462599, 47.76936633], [107.26461184, 47.76935953], [107.26459623, 47.76935436], [107.26457959, 47.76935096], [107.26456235, 47.76934944], [107.26454498, 47.76934982], [107.26452792, 47.76935209], [107.26451164, 47.76935621], [107.26449657, 47.76936205], [107.2644831, 47.76936946], [107.26423691, 47.76952468], [107.2639842, 47.76967506], [107.26372518, 47.76982048], [107.26346007, 47.76996082], [107.26318908, 47.77009597], [107.26291245, 47.77022581], [107.26263039, 47.77035024], [107.2625409, 47.77038539], [107.26244776, 47.77041592], [107.26235149, 47.77044165], [107.26225263, 47.77046245], [107.26025807, 47.77082733]], [[107.26042536, 47.77052601], [107.26040371, 47.77052955], [107.26034143, 47.7705429], [107.26033499, 47.77054471], [107.26032912, 47.77054725], [107.26032398, 47.77055043], [107.26031975, 47.77055417], [107.26031654, 47.77055835], [107.26031446, 47.77056284], [107.26031357, 47.7705675], [107.26031389, 47.7705722], [107.26031541, 47.77057679], [107.2603701, 47.77069274], [107.26037529, 47.77070119], [107.26038253, 47.77070893], [107.2603916, 47.77071574], [107.26040225, 47.77072141], [107.26041417, 47.77072579], [107.26042702, 47.77072875], [107.26044042, 47.7707302], [107.26045399, 47.77073011], [107.26046735, 47.77072847], [107.26124418, 47.77058636], [107.26125648, 47.77058336], [107.2612679, 47.77057906], [107.26127812, 47.77057355], [107.26128687, 47.770567], [107.26129393, 47.77055958], [107.26129909, 47.77055148], [107.26130224, 47.77054292], [107.26130327, 47.77053413], [107.26130216, 47.77052534], [107.26129895, 47.77051679], [107.26120977, 47.77034124], [107.26117572, 47.7702632], [107.26115196, 47.77018344], [107.26106123, 47.76979016], [107.26105661, 47.76975481], [107.26104905, 47.76971969], [107.26104502, 47.76965945], [107.26103831, 47.76929997], [107.26103698, 47.76929085], [107.26103339, 47.76928202], [107.26102764, 47.76927372], [107.26101988, 47.7692662], [107.26101036, 47.76925967], [107.26099933, 47.76925432], [107.26098711, 47.76925031], [107.26097407, 47.76924774], [107.26096057, 47.7692467], [107.26004275, 47.76922885], [107.26002884, 47.7692294], [107.26001528, 47.76923156], [107.26000249, 47.76923528], [107.25999084, 47.76924043], [107.2599807, 47.76924687], [107.25997237, 47.7692544], [107.25996609, 47.76926279], [107.25996208, 47.76927178], [107.25996043, 47.76928111], [107.2599593, 47.7693557], [107.25995968, 47.76935853], [107.25996072, 47.76936129], [107.25996238, 47.7693639], [107.25996463, 47.7693663], [107.25996742, 47.76936843], [107.25997067, 47.76937024], [107.2599743, 47.76937168], [107.25997822, 47.76937272], [107.25998234, 47.76937333], [107.25998655, 47.76937349], [107.26003977, 47.76937273], [107.26004513, 47.76945362], [107.25999309, 47.76945437], [107.25998877, 47.76945466], [107.25998459, 47.76945543], [107.25998064, 47.76945664], [107.25997704, 47.76945827], [107.25997388, 47.76946027], [107.25997124, 47.76946259], [107.25996919, 47.76946517], [107.25996778, 47.76946794], [107.25996707, 47.76947082], [107.25996705, 47.76947374], [107.25996766, 47.76947897], [107.25996877, 47.76948346], [107.25997098, 47.76948776], [107.25997423, 47.76949175], [107.25997843, 47.76949531], [107.25998346, 47.76949835], [107.25998917, 47.76950077], [107.25999541, 47.76950251], [107.26000199, 47.76950352], [107.26000873, 47.76950377], [107.26015362, 47.76950092], [107.26015518, 47.76953688], [107.26001908, 47.76953956], [107.26001256, 47.76954005], [107.26000626, 47.76954125], [107.26000032, 47.76954313], [107.25999492, 47.76954564], [107.2599902, 47.76954871], [107.25998629, 47.76955225], [107.25998329, 47.76955618], [107.25998128, 47.76956039], [107.25998031, 47.76956476], [107.25998042, 47.76956918], [107.25998177, 47.76957843], [107.2599825, 47.76958121], [107.25998387, 47.76958387], [107.25998585, 47.76958636], [107.25998837, 47.76958861], [107.25999139, 47.76959057], [107.25999482, 47.76959219], [107.25999859, 47.76959342], [107.2600026, 47.76959424], [107.26000675, 47.76959463], [107.26001093, 47.76959457], [107.26006404, 47.76959105], [107.26009146, 47.76977902], [107.26003835, 47.76978255], [107.26003378, 47.76978312], [107.26002942, 47.76978423], [107.26002542, 47.76978582], [107.26002189, 47.76978787], [107.26001894, 47.76979029], [107.26001666, 47.76979302], [107.26001511, 47.76979598], [107.26001436, 47.76979907], [107.26001441, 47.76980221], [107.26001549, 47.76980964], [107.26001654, 47.76981366], [107.26001847, 47.76981753], [107.26002167, 47.76982161], [107.26002586, 47.76982526], [107.26003091, 47.76982838], [107.26003667, 47.76983087], [107.26004298, 47.76983267], [107.26004965, 47.76983371], [107.26005649, 47.76983397], [107.26023464, 47.76983046], [107.2602362, 47.76986642], [107.26007039, 47.76986969], [107.26006369, 47.7698702], [107.2600572, 47.76987147], [107.26005113, 47.76987346], [107.26004563, 47.7698761], [107.26004088, 47.76987934], [107.26003699, 47.76988306], [107.26003409, 47.76988717], [107.26003226, 47.76989155], [107.26003155, 47.76989608], [107.26003197, 47.76990062], [107.26003284, 47.76990455], [107.2600338, 47.76990732], [107.26003539, 47.76990995], [107.26003757, 47.76991238], [107.2600403, 47.76991455], [107.26004349, 47.7699164], [107.26004708, 47.76991789], [107.26005098, 47.76991898], [107.26005507, 47.76991964], [107.26005928, 47.76991986], [107.26006348, 47.76991963], [107.26011603, 47.76991392], [107.26014211, 47.7700067], [107.26017572, 47.77009837], [107.26012442, 47.77010794], [107.26012046, 47.77010891], [107.26011678, 47.77011029], [107.26011346, 47.77011204], [107.26011059, 47.77011412], [107.26010825, 47.77011649], [107.26010649, 47.77011907], [107.26010535, 47.7701218], [107.26010487, 47.77012462], [107.26010505, 47.77012746], [107.26010589, 47.77013025], [107.26011181, 47.77014393], [107.26011419, 47.77014805], [107.26011752, 47.77015185], [107.26012174, 47.77015524], [107.26012671, 47.77015812], [107.26013232, 47.77016041], [107.26013841, 47.77016205], [107.26014481, 47.770163], [107.26015136, 47.77016323], [107.26036234, 47.77015908], [107.2603639, 47.77019504], [107.26019054, 47.77019846], [107.26018386, 47.77019897], [107.26017741, 47.77020023], [107.26017135, 47.77020219], [107.26016587, 47.77020482], [107.26016112, 47.77020802], [107.26015723, 47.77021172], [107.26015432, 47.7702158], [107.26015246, 47.77022016], [107.2601517, 47.77022466], [107.26015208, 47.77022918], [107.26015357, 47.7702336], [107.26016027, 47.77024782], [107.26016185, 47.77025043], [107.26016401, 47.77025285], [107.26016671, 47.77025501], [107.26016988, 47.77025685], [107.26017344, 47.77025834], [107.26017729, 47.77025944], [107.26018136, 47.77026012], [107.26018553, 47.77026036], [107.26018971, 47.77026015], [107.26019379, 47.77025951], [107.26024464, 47.77024861], [107.26034166, 47.77045433], [107.2602908, 47.77046523], [107.26028651, 47.77046644], [107.26028259, 47.77046813], [107.26027917, 47.77047025], [107.26027635, 47.77047274], [107.26027421, 47.77047553], [107.26027282, 47.77047852], [107.26027223, 47.77048163], [107.26027244, 47.77048476], [107.26027346, 47.77048782], [107.26027499, 47.77049108], [107.26027736, 47.770495], [107.26028061, 47.77049862], [107.26028465, 47.77050186], [107.2602894, 47.77050463], [107.26029474, 47.77050686], [107.26030053, 47.77050851], [107.26030662, 47.77050952], [107.26031288, 47.77050988], [107.26031915, 47.77050958], [107.26032526, 47.77050862], [107.26038754, 47.77049527], [107.26041641, 47.77049054], [107.26044598, 47.77048856], [107.26050338, 47.77048743], [107.26050494, 47.7705234], [107.26044754, 47.77052453], [107.26042536, 47.77052601]], [[107.26144011, 47.77036674], [107.26138192, 47.77037696], [107.26135137, 47.77038401], [107.26134752, 47.77038513], [107.26134399, 47.77038664], [107.26134085, 47.77038851], [107.26133818, 47.77039069], [107.26133605, 47.77039312], [107.26133451, 47.77039574], [107.26133359, 47.7703985], [107.26133333, 47.77040131], [107.26133373, 47.77040412], [107.26133477, 47.77040686], [107.26137593, 47.77048788], [107.2613831, 47.77049889], [107.26139289, 47.77050895], [107.26140503, 47.77051776], [107.26141917, 47.77052509], [107.26143492, 47.77053072], [107.26145185, 47.77053451], [107.26146948, 47.77053635], [107.26148732, 47.77053618], [107.26150486, 47.77053401], [107.26222817, 47.77040169], [107.26232034, 47.7703823], [107.2624101, 47.7703583], [107.26249695, 47.77032984], [107.26258038, 47.77029706], [107.2626457, 47.77026894], [107.26265642, 47.77026337], [107.2626656, 47.77025666], [107.26267297, 47.77024901], [107.26267832, 47.77024063], [107.26268151, 47.77023176], [107.26268243, 47.77022265], [107.26268106, 47.77021357], [107.26267744, 47.77020478], [107.26267167, 47.77019653], [107.26217096, 47.76961317], [107.26204675, 47.76946846], [107.26200254, 47.76942377], [107.26195027, 47.76938321], [107.2618908, 47.76934745], [107.26182507, 47.76931707], [107.26175417, 47.76929255], [107.26167922, 47.76927429], [107.26160144, 47.76926258], [107.26152209, 47.76925762], [107.2612075, 47.76925151], [107.26119463, 47.76925196], [107.26118202, 47.76925379], [107.26117003, 47.76925697], [107.26115894, 47.7692614], [107.26114905, 47.76926698], [107.26114062, 47.76927356], [107.26113386, 47.76928096], [107.26112895, 47.76928899], [107.26112602, 47.76929746], [107.26112515, 47.76930613], [107.26112531, 47.76931461], [107.26112569, 47.76931742], [107.26112672, 47.76932016], [107.26112837, 47.76932275], [107.2611306, 47.76932514], [107.26113336, 47.76932726], [107.26113658, 47.76932907], [107.26114017, 47.76933052], [107.26114406, 47.76933156], [107.26114815, 47.76933219], [107.26115232, 47.76933237], [107.26120569, 47.76933192], [107.2612077, 47.76943984], [107.26115434, 47.7694403], [107.26115017, 47.76944055], [107.26114611, 47.76944125], [107.26114226, 47.76944236], [107.26113872, 47.76944387], [107.26113557, 47.76944573], [107.26113289, 47.76944789], [107.26113075, 47.76945032], [107.2611292, 47.76945294], [107.26112827, 47.76945569], [107.26112799, 47.76945851], [107.26112816, 47.76946748], [107.26112855, 47.76947032], [107.2611296, 47.76947308], [107.26113128, 47.7694757], [107.26113356, 47.76947811], [107.26113637, 47.76948024], [107.26113965, 47.76948204], [107.26114331, 47.76948347], [107.26114726, 47.7694845], [107.2611514, 47.76948509], [107.26115562, 47.76948523], [107.26129299, 47.76948253], [107.26129455, 47.76951849], [107.26115541, 47.76952123], [107.26115083, 47.76952159], [107.26114642, 47.76952247], [107.2611423, 47.76952385], [107.26113859, 47.76952569], [107.26113541, 47.76952793], [107.26113284, 47.7695305], [107.26113097, 47.76953334], [107.26112984, 47.76953635], [107.2611295, 47.76953944], [107.26112962, 47.76954543], [107.26113, 47.76954824], [107.26113103, 47.76955098], [107.26113268, 47.76955358], [107.26113491, 47.76955596], [107.26113767, 47.76955809], [107.26114089, 47.76955989], [107.26114448, 47.76956134], [107.26114837, 47.76956238], [107.26115246, 47.76956301], [107.26115663, 47.76956319], [107.26121, 47.76956274], [107.26121177, 47.76965804], [107.26121456, 47.76970398], [107.26121706, 47.76972454], [107.26116421, 47.76972791], [107.26116003, 47.7697284], [107.26115602, 47.76972934], [107.26115228, 47.76973069], [107.26114891, 47.76973243], [107.26114598, 47.7697345], [107.26114359, 47.76973686], [107.26114177, 47.76973945], [107.26114059, 47.76974219], [107.26114007, 47.76974503], [107.26114022, 47.76974789], [107.26114387, 47.76976721], [107.26114486, 47.76977015], [107.26114656, 47.76977294], [107.26114893, 47.7697755], [107.2611519, 47.76977776], [107.26115538, 47.76977965], [107.26115929, 47.76978112], [107.26116351, 47.76978213], [107.26116792, 47.76978265], [107.26117239, 47.76978266], [107.26117681, 47.76978218], [107.2612251, 47.76977585], [107.26127413, 47.76977308], [107.26131726, 47.76977223], [107.26131882, 47.76980819], [107.26127569, 47.76980904], [107.26122712, 47.76981201], [107.26117943, 47.76981893], [107.2611754, 47.76981993], [107.26117166, 47.76982136], [107.26116831, 47.76982318], [107.26116543, 47.76982533], [107.2611631, 47.76982777], [107.26116139, 47.76983043], [107.26116033, 47.76983324], [107.26115995, 47.76983612], [107.26116027, 47.76983901], [107.26116713, 47.76986879], [107.26116825, 47.76987183], [107.26117013, 47.7698747], [107.26117272, 47.7698773], [107.26117594, 47.76987957], [107.26117969, 47.76988142], [107.26118387, 47.7698828], [107.26118834, 47.76988367], [107.26119296, 47.76988401], [107.2611976, 47.7698838], [107.26125033, 47.76987827], [107.26128109, 47.77001158], [107.26122835, 47.77001711], [107.26122428, 47.77001776], [107.26122041, 47.77001883], [107.26121683, 47.7700203], [107.26121364, 47.77002213], [107.26121091, 47.77002427], [107.26120871, 47.77002667], [107.2612071, 47.77002928], [107.26120611, 47.77003202], [107.26120577, 47.77003484], [107.26120609, 47.77003765], [107.26120818, 47.77004673], [107.2612093, 47.77004978], [107.26121118, 47.77005264], [107.26121377, 47.77005525], [107.26121699, 47.77005751], [107.26122074, 47.77005936], [107.26122492, 47.77006074], [107.26122938, 47.77006162], [107.26123401, 47.77006195], [107.26123865, 47.77006174], [107.2613165, 47.77005358], [107.26137295, 47.77005008], [107.26142937, 47.77004897], [107.26143093, 47.77008493], [107.26137451, 47.77008604], [107.2613247, 47.77008913], [107.26124685, 47.77009729], [107.26124278, 47.77009794], [107.2612389, 47.77009902], [107.26123533, 47.77010048], [107.26123214, 47.77010231], [107.26122941, 47.77010445], [107.26122721, 47.77010686], [107.2612256, 47.77010946], [107.26122461, 47.7701122], [107.26122427, 47.77011502], [107.26122459, 47.77011783], [107.26123213, 47.77015055], [107.26123324, 47.77015358], [107.26123511, 47.77015644], [107.26123768, 47.77015904], [107.26124087, 47.77016129], [107.2612446, 47.77016314], [107.26124875, 47.77016453], [107.26125319, 47.77016542], [107.26125779, 47.77016577], [107.26126241, 47.77016558], [107.26131539, 47.7701603], [107.26131675, 47.77016616], [107.26133518, 47.77022944], [107.26136098, 47.77029153], [107.26131046, 47.77030255], [107.26130655, 47.77030364], [107.26130295, 47.77030513], [107.26129974, 47.77030699], [107.261297, 47.77030917], [107.26129481, 47.77031161], [107.26129322, 47.77031426], [107.26129228, 47.77031704], [107.26129199, 47.77031988], [107.26129238, 47.77032273], [107.26129343, 47.77032549], [107.26130018, 47.77033878], [107.26130207, 47.77034165], [107.26130466, 47.77034425], [107.26130789, 47.77034651], [107.26131165, 47.77034836], [107.26131582, 47.77034974], [107.26132029, 47.77035061], [107.26132492, 47.77035094], [107.26132956, 47.77035073], [107.26133407, 47.77034997], [107.26136463, 47.77034292], [107.26143058, 47.77033134], [107.26149835, 47.77032655], [107.26154148, 47.7703257], [107.26154304, 47.77036166], [107.26149991, 47.77036251], [107.26144011, 47.77036674]], [[107.26183117, 47.76925758], [107.2618998, 47.76928515], [107.26196337, 47.76931777], [107.26202108, 47.76935502], [107.26207218, 47.76939642], [107.26211604, 47.76944143], [107.26225648, 47.76960505], [107.26273403, 47.77016142], [107.2627415, 47.77016868], [107.26275062, 47.77017502], [107.26276116, 47.77018027], [107.26277283, 47.77018429], [107.26278531, 47.77018698], [107.26279828, 47.77018825], [107.26281138, 47.77018808], [107.26282426, 47.77018648], [107.26283659, 47.77018348], [107.26284802, 47.77017916], [107.26309574, 47.77006356], [107.26333893, 47.76994367], [107.26357743, 47.76981957], [107.26358707, 47.76981348], [107.26359509, 47.76980641], [107.26360128, 47.76979854], [107.26360547, 47.76979009], [107.26360753, 47.7697813], [107.26360743, 47.76977239], [107.26360515, 47.76976362], [107.26360076, 47.76975522], [107.26359438, 47.76974742], [107.26358619, 47.76974043], [107.26297304, 47.7692982], [107.26270429, 47.76910436], [107.26258774, 47.76902381], [107.26246622, 47.76894667], [107.26233993, 47.76887308], [107.26220912, 47.76880318], [107.2615077, 47.76844451], [107.26149613, 47.76843958], [107.26148349, 47.76843606], [107.26147014, 47.76843403], [107.26145647, 47.76843357], [107.26144289, 47.76843469], [107.26142979, 47.76843735], [107.26141755, 47.76844147], [107.26140653, 47.76844694], [107.26139705, 47.76845359], [107.2613894, 47.76846124], [107.26138378, 47.76846965], [107.26119429, 47.76883408], [107.26116863, 47.76888892], [107.26114854, 47.76894481], [107.26113411, 47.76900149], [107.26112434, 47.76906666], [107.2611219, 47.76913214], [107.26112212, 47.7691441], [107.26112345, 47.76915322], [107.26112704, 47.76916205], [107.26113279, 47.76917035], [107.26114055, 47.76917787], [107.26115007, 47.7691844], [107.2611611, 47.76918975], [107.26117332, 47.76919377], [107.26118636, 47.76919633], [107.26119986, 47.76919737], [107.2615244, 47.76920368], [107.261604, 47.76920827], [107.26168232, 47.76921889], [107.26175837, 47.76923539], [107.26183117, 47.76925758]], [[107.26225749, 47.76876019], [107.26239098, 47.76883151], [107.26251984, 47.7689066], [107.26264384, 47.76898531], [107.26276277, 47.76906751], [107.26301995, 47.76925301], [107.26365633, 47.76971199], [107.26366628, 47.76971806], [107.26367759, 47.76972292], [107.26368995, 47.76972644], [107.26370301, 47.76972852], [107.2637164, 47.7697291], [107.26372975, 47.76972816], [107.26374267, 47.76972573], [107.26375481, 47.76972189], [107.26376583, 47.76971673], [107.26397997, 47.76959435], [107.26418967, 47.76946853], [107.2643948, 47.76933933], [107.26440666, 47.76933028], [107.2644161, 47.76932002], [107.26442286, 47.76930884], [107.26442676, 47.76929705], [107.26442768, 47.76928499], [107.26442559, 47.769273], [107.26442056, 47.76926141], [107.26441273, 47.76925056], [107.26440231, 47.76924073], [107.26438961, 47.76923222], [107.26354019, 47.76875173], [107.26203941, 47.76790275], [107.2620246, 47.76789573], [107.26200824, 47.76789049], [107.26199079, 47.76788719], [107.26197278, 47.76788593], [107.2619547, 47.76788674], [107.26193709, 47.7678896], [107.26192046, 47.76789443], [107.26190527, 47.76790108], [107.26189197, 47.76790937], [107.26171687, 47.76803875], [107.26165581, 47.76808732], [107.2616002, 47.76813878], [107.26155033, 47.76819286], [107.26150648, 47.76824925], [107.26146888, 47.76830766], [107.26146516, 47.76831601], [107.26146348, 47.76832466], [107.26146389, 47.76833338], [107.26146638, 47.76834194], [107.26147089, 47.76835012], [107.26147728, 47.7683577], [107.26148541, 47.76836449], [107.26149506, 47.76837031], [107.26225749, 47.76876019]], [[107.2613711, 47.76831731], [107.26141186, 47.768248], [107.26146075, 47.76818113], [107.26151746, 47.76811712], [107.26158161, 47.76805639], [107.26165281, 47.76799934], [107.26183358, 47.76786578], [107.26184166, 47.76785865], [107.26184789, 47.76785072], [107.26185209, 47.76784221], [107.26185415, 47.76783335], [107.26185401, 47.76782438], [107.26185168, 47.76781555], [107.26184722, 47.7678071], [107.26184075, 47.76779926], [107.26183245, 47.76779225], [107.26182255, 47.76778626], [107.26141227, 47.76757834], [107.26140078, 47.76757348], [107.26138824, 47.76757], [107.26137501, 47.767568], [107.26136146, 47.76756754], [107.261348, 47.76756862], [107.261335, 47.76757122], [107.26132283, 47.76757526], [107.26131186, 47.76758063], [107.26097961, 47.76777407], [107.26087927, 47.76783561], [107.26078377, 47.76790056], [107.26069337, 47.76796874], [107.2606083, 47.76803997], [107.26052881, 47.76811407], [107.26052661, 47.76811667], [107.26052509, 47.76811949], [107.26052427, 47.76812243], [107.2605242, 47.76812543], [107.26052486, 47.76812839], [107.26052625, 47.76813124], [107.26052831, 47.76813389], [107.260531, 47.76813628], [107.26053424, 47.76813833], [107.26053794, 47.76813999], [107.260542, 47.76814121], [107.26064113, 47.76816464], [107.26061024, 47.76822406], [107.26051956, 47.76820262], [107.26047806, 47.76819282], [107.26047365, 47.76819205], [107.26046912, 47.7681918], [107.26046459, 47.76819208], [107.26046019, 47.76819287], [107.26045606, 47.76819415], [107.26045231, 47.76819588], [107.26044905, 47.76819802], [107.26044638, 47.76820051], [107.26041374, 47.76823805], [107.26041194, 47.76824064], [107.26041077, 47.76824339], [107.26041027, 47.76824623], [107.26041043, 47.76824909], [107.26041127, 47.76825189], [107.26041276, 47.76825457], [107.26041486, 47.76825706], [107.26041751, 47.76825929], [107.26042066, 47.76826121], [107.26042422, 47.76826277], [107.2604281, 47.76826393], [107.26053407, 47.76828897], [107.26050317, 47.76834839], [107.26037597, 47.76831833], [107.26037183, 47.76831759], [107.26036756, 47.76831732], [107.26036329, 47.7683175], [107.26035911, 47.76831815], [107.26035514, 47.76831924], [107.26035148, 47.76832074], [107.26034822, 47.76832262], [107.26034545, 47.76832483], [107.26034325, 47.7683273], [107.2603156, 47.76836603], [107.26031406, 47.76836884], [107.26031324, 47.76837179], [107.26031315, 47.76837479], [107.26031381, 47.76837776], [107.26031519, 47.76838061], [107.26031725, 47.76838327], [107.26031994, 47.76838566], [107.26032319, 47.76838772], [107.26032689, 47.76838938], [107.26033095, 47.76839061], [107.260427, 47.76841331], [107.26039611, 47.76847272], [107.2602902, 47.76844769], [107.26028582, 47.76844693], [107.26028131, 47.76844668], [107.2602768, 47.76844695], [107.26027243, 47.76844772], [107.26026831, 47.76844898], [107.26026457, 47.7684507], [107.26026131, 47.76845281], [107.26025862, 47.76845527], [107.2602566, 47.768458], [107.26020539, 47.76855209], [107.26015979, 47.76864382], [107.26015872, 47.76864679], [107.26015841, 47.76864984], [107.26015887, 47.76865288], [107.26016009, 47.76865583], [107.26016203, 47.76865859], [107.26016464, 47.76866109], [107.26016784, 47.76866326], [107.26017153, 47.76866503], [107.26017562, 47.76866636], [107.26017998, 47.76866719], [107.26028739, 47.76868131], [107.26026952, 47.76874311], [107.26014316, 47.7687265], [107.26013892, 47.76872618], [107.26013466, 47.76872631], [107.26013049, 47.76872691], [107.26012651, 47.76872794], [107.26012283, 47.76872939], [107.26011953, 47.76873121], [107.26011671, 47.76873336], [107.26011443, 47.7687358], [107.26011275, 47.76873844], [107.26009266, 47.76877887], [107.26009159, 47.76878184], [107.26009128, 47.76878489], [107.26009174, 47.76878793], [107.26009296, 47.76879088], [107.2600949, 47.76879364], [107.26009751, 47.76879614], [107.26010071, 47.76879831], [107.2601044, 47.76880008], [107.26010849, 47.7688014], [107.26011285, 47.76880224], [107.26022111, 47.76881647], [107.26020324, 47.76887827], [107.26008066, 47.76886216], [107.26007624, 47.76886183], [107.26007181, 47.768862], [107.26006748, 47.76886267], [107.26006337, 47.76886381], [107.2600596, 47.76886539], [107.26005628, 47.76886737], [107.26005348, 47.7688697], [107.2600513, 47.76887231], [107.26004979, 47.76887513], [107.26003401, 47.76891656], [107.26003333, 47.76891944], [107.26003334, 47.76892234], [107.26003405, 47.76892521], [107.26003544, 47.76892796], [107.26003746, 47.76893053], [107.26004007, 47.76893284], [107.2600432, 47.76893484], [107.26004677, 47.76893647], [107.26005068, 47.7689377], [107.26005483, 47.76893848], [107.26015484, 47.76895163], [107.26014709, 47.7689784], [107.26013696, 47.76901343], [107.26003429, 47.76899993], [107.26003011, 47.76899961], [107.2600259, 47.76899974], [107.26002177, 47.76900031], [107.26001783, 47.76900131], [107.26001417, 47.76900272], [107.26001089, 47.7690045], [107.26000806, 47.7690066], [107.26000576, 47.76900898], [107.26000404, 47.76901157], [107.26000295, 47.76901432], [107.25997986, 47.76911443], [107.2599793, 47.76912341], [107.25998095, 47.76913233], [107.25998478, 47.76914094], [107.25999068, 47.769149], [107.25999848, 47.76915629], [107.26000796, 47.76916261], [107.26001887, 47.76916778], [107.2600309, 47.76917165], [107.26004372, 47.76917413], [107.26005697, 47.76917514], [107.26095293, 47.76919257], [107.2609658, 47.76919212], [107.26097841, 47.76919028], [107.2609904, 47.7691871], [107.26100149, 47.76918267], [107.26101138, 47.76917709], [107.26101981, 47.76917052], [107.26102657, 47.76916312], [107.26103148, 47.76915508], [107.26103441, 47.76914661], [107.26103528, 47.76913794], [107.26103519, 47.76913288], [107.26103752, 47.76906602], [107.261047, 47.76899945], [107.26106254, 47.76893692], [107.2610844, 47.76887525], [107.26111245, 47.76881474], [107.2613711, 47.76831731]]]}, "geometry_name": "geom", "properties": {"guid": 3241278, "id": 3241278, "object_no": null, "object_name": "Төлөвлөлтийн авто зам", "layer_type_id": 956, "valid_to": null, "address_no": null, "border_type": "solid", "border_width": 1, "border_color": "#999999", "border_opacity": 0.36, "border_wellknown": "shape://horizline", "fill_type": "color", "fill_color": "#bcbcbc", "fill_opacity": 0.36, "fill_wellknown": null, "fill_shape_color": null, "fill_shape_width": null, "fill_shape_size": null, "fill_img_url": null, "marker_img_url": null}},{"type": "Feature", "id": "layer_data_map.fid--27e80436_1a098c1eed1_-588f", "geometry": {"type": "Polygon", "coordinates": [[[107.24453534, 47.783482], [107.24454789, 47.78348242], [107.24456019, 47.78348416], [107.24457193, 47.78348717], [107.24458283, 47.78349139], [107.24459262, 47.7834967], [107.24460105, 47.78350297], [107.24460792, 47.78351006], [107.24461307, 47.78351779], [107.24461635, 47.78352596], [107.2446177, 47.78353438], [107.2446214, 47.78362022], [107.24470144, 47.78361866], [107.24469774, 47.78353282], [107.24469836, 47.78352436], [107.24470094, 47.78351607], [107.24470541, 47.78350816], [107.24471166, 47.78350081], [107.24471954, 47.78349421], [107.24472885, 47.78348853], [107.24473937, 47.7834839], [107.24475083, 47.78348043], [107.24476296, 47.78347822], [107.24477545, 47.78347731], [107.24599778, 47.78345338], [107.24617398, 47.78344734], [107.24634961, 47.78343612], [107.24942959, 47.78319354], [107.24944306, 47.78319325], [107.24945641, 47.78319449], [107.24946926, 47.78319721], [107.24948125, 47.78320135], [107.24949204, 47.78320679], [107.24950133, 47.78321337], [107.24950885, 47.7832209], [107.24951439, 47.78322918], [107.24951779, 47.78323797], [107.24951895, 47.78324702], [107.2495193, 47.78334551], [107.24962606, 47.78334534], [107.24962561, 47.78321823], [107.24962646, 47.78321098], [107.24962903, 47.78320392], [107.24963325, 47.78319723], [107.24963902, 47.78319108], [107.24964619, 47.78318564], [107.24965456, 47.78318106], [107.24966391, 47.78317744], [107.24967401, 47.78317488], [107.24968459, 47.78317345], [107.24969637, 47.78317253], [107.24970984, 47.78317224], [107.24972319, 47.78317347], [107.24973604, 47.7831762], [107.24974804, 47.78318034], [107.24975883, 47.78318577], [107.24976812, 47.78319235], [107.24977564, 47.78319989], [107.24978117, 47.78320817], [107.24978457, 47.78321695], [107.24978574, 47.783226], [107.24978616, 47.78334508], [107.24986623, 47.78334495], [107.24986575, 47.78320734], [107.24986676, 47.78319864], [107.24986985, 47.78319016], [107.24987492, 47.78318213], [107.24988184, 47.78317476], [107.24989043, 47.78316824], [107.24990048, 47.78316273], [107.24991171, 47.78315839], [107.24992383, 47.78315532], [107.24993652, 47.78315361], [107.25007569, 47.78314265], [107.2500755, 47.78308833], [107.24995455, 47.78309786], [107.24994108, 47.78309815], [107.24992773, 47.78309691], [107.24991488, 47.78309419], [107.24990288, 47.78309005], [107.24989209, 47.78308461], [107.2498828, 47.78307803], [107.24987528, 47.78307049], [107.24986974, 47.78306222], [107.24986634, 47.78305343], [107.24986518, 47.78304438], [107.24986389, 47.78267553], [107.24986499, 47.78266648], [107.24986833, 47.78265768], [107.24987381, 47.78264938], [107.24988128, 47.78264182], [107.24989052, 47.78263521], [107.24990128, 47.78262974], [107.24991324, 47.78262557], [107.24992607, 47.7826228], [107.24993941, 47.78262152], [107.24995288, 47.78262177], [107.2500739, 47.78263092], [107.25007371, 47.7825766], [107.24993447, 47.78256608], [107.24992193, 47.78256445], [107.24990993, 47.78256149], [107.24989878, 47.78255728], [107.24988876, 47.78255193], [107.24988014, 47.78254558], [107.24987313, 47.78253838], [107.24986791, 47.78253052], [107.24986462, 47.7825222], [107.24986333, 47.78251363], [107.2498616, 47.78201768], [107.2498626, 47.78200904], [107.24986564, 47.78200062], [107.24987064, 47.78199263], [107.24987748, 47.78198529], [107.24988597, 47.78197878], [107.2498959, 47.78197327], [107.24990701, 47.7819689], [107.24991901, 47.78196579], [107.2499316, 47.78196402], [107.24994444, 47.78196362], [107.24995722, 47.78196461], [107.25369935, 47.7824639], [107.25372383, 47.78246704], [107.25440498, 47.78255068], [107.25452523, 47.78256419], [107.25464603, 47.78257525], [107.25640441, 47.78271804], [107.25641715, 47.78271979], [107.25642929, 47.7827229], [107.25644053, 47.7827273], [107.25645056, 47.78273287], [107.25645913, 47.78273945], [107.256466, 47.78274688], [107.256471, 47.78275497], [107.25647399, 47.78276349], [107.2564749, 47.78277223], [107.2564737, 47.78278095], [107.25641444, 47.78300842], [107.25650645, 47.7830193], [107.25672151, 47.78219378], [107.25674336, 47.78211253], [107.25675288, 47.7820698], [107.25675574, 47.78206148], [107.25676052, 47.78205357], [107.25676709, 47.78204627], [107.25677529, 47.78203976], [107.2567849, 47.7820342], [107.2567957, 47.78202973], [107.25680741, 47.78202647], [107.25681974, 47.78202449], [107.25683237, 47.78202385], [107.256845, 47.78202456], [107.25702461, 47.78204438], [107.25703971, 47.78198225], [107.25685645, 47.78196202], [107.25684302, 47.78195972], [107.25683038, 47.78195589], [107.2568189, 47.78195065], [107.25680894, 47.78194416], [107.2568008, 47.7819366], [107.2567947, 47.78192821], [107.25679084, 47.78191924], [107.25678934, 47.78190995], [107.25679024, 47.78190063], [107.25702573, 47.78085945], [107.25703069, 47.7808216], [107.25702855, 47.78078363], [107.25701934, 47.78074615], [107.25684411, 47.78023542], [107.2567531, 47.78024961], [107.25686143, 47.78056535], [107.25686335, 47.7805743], [107.25686302, 47.78058334], [107.25686046, 47.78059221], [107.25685574, 47.78060067], [107.25684899, 47.78060849], [107.25684039, 47.78061543], [107.2568302, 47.78062131], [107.2568187, 47.78062596], [107.2568062, 47.78062925], [107.25679307, 47.78063108], [107.25677967, 47.78063142], [107.25676637, 47.78063024], [107.25282772, 47.78005134], [107.25274721, 47.78004297], [107.25266577, 47.7800416], [107.25258474, 47.78004724], [107.25250543, 47.78005981], [107.25242916, 47.7800791], [107.25235716, 47.78010479], [107.25100339, 47.78066256], [107.2509448, 47.78068359], [107.25088294, 47.78069981], [107.25081866, 47.78071098], [107.25075287, 47.78071695], [107.2506865, 47.78071764], [107.25062047, 47.78071303], [107.24970011, 47.78061139], [107.24968494, 47.78060888], [107.24967053, 47.78060482], [107.24965724, 47.78059929], [107.24964539, 47.78059243], [107.24963526, 47.78058442], [107.24962711, 47.78057544], [107.24962113, 47.78056571], [107.24961746, 47.78055548], [107.24961621, 47.78054498], [107.24961491, 47.78022891], [107.24950834, 47.78022901], [107.24950874, 47.78034188], [107.24950767, 47.78035112], [107.24950426, 47.78036009], [107.24949861, 47.78036854], [107.24949089, 47.7803762], [107.24948132, 47.78038285], [107.2494702, 47.78038829], [107.24945786, 47.78039236], [107.24944466, 47.78039494], [107.249431, 47.78039596], [107.24871469, 47.78041], [107.2486339, 47.78041505], [107.2485547, 47.78042694], [107.24847837, 47.78044549], [107.24840612, 47.78047039], [107.24833913, 47.78050125], [107.24827847, 47.78053756], [107.24716858, 47.78129199], [107.24715004, 47.78130283], [107.24712925, 47.78131161], [107.2471067, 47.78131813], [107.24708293, 47.78132224], [107.24705851, 47.78132383], [107.24699584, 47.78132506], [107.2469533, 47.78132551], [107.24692775, 47.78132591], [107.24627104, 47.78133317], [107.24627253, 47.78139592], [107.24692936, 47.78138886], [107.24693611, 47.78138917], [107.24694268, 47.78139024], [107.24694889, 47.78139205], [107.24695456, 47.78139453], [107.24695953, 47.78139762], [107.24696366, 47.78140123], [107.24696683, 47.78140526], [107.24696895, 47.78140959], [107.24696995, 47.7814141], [107.24696981, 47.78141866], [107.24696854, 47.78142313], [107.24696617, 47.7814274], [107.24696277, 47.78143134], [107.24695843, 47.78143484], [107.24558841, 47.78236603], [107.24552715, 47.78240338], [107.24546023, 47.78243603], [107.24538846, 47.7824636], [107.24531268, 47.78248575], [107.24523378, 47.78250224], [107.24515269, 47.78251287], [107.24507037, 47.7825175], [107.2447344, 47.78252408], [107.24472185, 47.78252366], [107.24470955, 47.78252192], [107.24469781, 47.78251891], [107.24468691, 47.78251469], [107.24467712, 47.78250938], [107.24466869, 47.78250311], [107.24466181, 47.78249602], [107.24465667, 47.78248829], [107.24465338, 47.78248012], [107.24465204, 47.7824717], [107.24464971, 47.78241776], [107.24456968, 47.78241932], [107.244572, 47.78247327], [107.24457138, 47.78248172], [107.2445688, 47.78249001], [107.24456433, 47.78249793], [107.24455808, 47.78250527], [107.2445502, 47.78251187], [107.24454089, 47.78251755], [107.24453037, 47.78252218], [107.24451891, 47.78252565], [107.24450678, 47.78252787], [107.24449429, 47.78252877], [107.24093374, 47.78259838], [107.24087883, 47.78259662], [107.24082496, 47.78258926], [107.24077337, 47.78257646], [107.24072527, 47.78255851], [107.24021829, 47.78233371], [107.24017429, 47.7823788], [107.24036846, 47.78246489], [107.2403794, 47.78247073], [107.24038868, 47.78247776], [107.24039601, 47.78248576], [107.24040116, 47.78249451], [107.24040398, 47.78250372], [107.24040438, 47.78251312], [107.24040236, 47.78252243], [107.24039797, 47.78253136], [107.24039134, 47.78253964], [107.24013279, 47.78280451], [107.24010527, 47.78282832], [107.24007246, 47.78284888], [107.24003522, 47.78286564], [107.23999449, 47.7828782], [107.23995131, 47.78288622], [107.23990679, 47.7828895], [107.23851263, 47.78291671], [107.23850008, 47.78291629], [107.23848778, 47.78291456], [107.23847604, 47.78291154], [107.23846514, 47.78290733], [107.23845536, 47.78290202], [107.23844692, 47.78289574], [107.23844005, 47.78288865], [107.23843491, 47.78288092], [107.23843162, 47.78287275], [107.23843028, 47.78286433], [107.23842117, 47.78265231], [107.23834113, 47.78265388], [107.23838999, 47.78379136], [107.23847003, 47.7837898], [107.23846422, 47.78365461], [107.23846484, 47.78364615], [107.23846742, 47.78363786], [107.23847189, 47.78362995], [107.23847815, 47.7836226], [107.23848603, 47.78361601], [107.23849534, 47.78361032], [107.23850586, 47.78360569], [107.23851732, 47.78360223], [107.23852945, 47.78360001], [107.23854194, 47.7835991], [107.24453534, 47.783482]], [[107.24476058, 47.78342294], [107.24474828, 47.78342121], [107.24473654, 47.78341819], [107.24472564, 47.78341398], [107.24471585, 47.78340867], [107.24470742, 47.78340239], [107.24470055, 47.7833953], [107.2446954, 47.78338758], [107.24469212, 47.7833794], [107.24469077, 47.78337099], [107.24467527, 47.78301114], [107.24467589, 47.78300268], [107.24467847, 47.78299439], [107.24468294, 47.78298648], [107.24468919, 47.78297913], [107.24469707, 47.78297253], [107.24470638, 47.78296685], [107.2447169, 47.78296222], [107.24472836, 47.78295875], [107.24474049, 47.78295654], [107.24475298, 47.78295563], [107.2457228, 47.78293665], [107.24589899, 47.7829306], [107.24607463, 47.78291938], [107.24925426, 47.78266896], [107.24925774, 47.78266889], [107.2492612, 47.78266923], [107.24926451, 47.78266997], [107.24926758, 47.78267109], [107.24927032, 47.78267255], [107.24927264, 47.78267431], [107.24927447, 47.78267631], [107.24927576, 47.78267849], [107.24927646, 47.7826808], [107.24927656, 47.78268315], [107.24927606, 47.78268547], [107.24927496, 47.78268771], [107.24927331, 47.78268978], [107.24927114, 47.78269162], [107.24926853, 47.78269318], [107.24926556, 47.78269442], [107.24926232, 47.78269529], [107.2492589, 47.78269576], [107.24919675, 47.78270066], [107.24919748, 47.7829094], [107.24923752, 47.78290934], [107.24924378, 47.78290966], [107.2492499, 47.78291064], [107.24925571, 47.78291225], [107.24926107, 47.78291445], [107.24926586, 47.7829172], [107.24926995, 47.78292041], [107.24927324, 47.78292401], [107.24927566, 47.78292792], [107.24927714, 47.78293204], [107.24927765, 47.78293626], [107.24927824, 47.78310298], [107.24927722, 47.78311168], [107.24927414, 47.78312015], [107.24926907, 47.78312818], [107.24926214, 47.78313555], [107.24925355, 47.78314208], [107.24924351, 47.78314759], [107.24923228, 47.78315193], [107.24922016, 47.783155], [107.24920746, 47.78315671], [107.24634032, 47.78338252], [107.24616816, 47.78339351], [107.24599546, 47.78339944], [107.24477313, 47.78342336], [107.24476058, 47.78342294]], [[107.24935514, 47.78220277], [107.2493561, 47.78219433], [107.249359, 47.78218609], [107.24936378, 47.78217826], [107.24937032, 47.78217103], [107.24937846, 47.78216457], [107.249388, 47.78215906], [107.24939869, 47.78215462], [107.24941029, 47.78215136], [107.2494225, 47.78214936], [107.24943502, 47.78214868], [107.24944893, 47.78214948], [107.24946242, 47.78215189], [107.24947508, 47.78215584], [107.24948653, 47.78216122], [107.24949643, 47.78216786], [107.24950446, 47.78217555], [107.24951039, 47.78218407], [107.24951403, 47.78219315], [107.24951528, 47.78220252], [107.24951838, 47.78308406], [107.24951737, 47.78309276], [107.24951428, 47.78310123], [107.24950921, 47.78310926], [107.24950229, 47.78311664], [107.24949369, 47.78312316], [107.24948365, 47.78312867], [107.24947242, 47.78313301], [107.2494603, 47.78313608], [107.24944761, 47.78313779], [107.24943414, 47.78313808], [107.24942079, 47.78313685], [107.24940794, 47.78313412], [107.24939594, 47.78312998], [107.24938515, 47.78312454], [107.24937586, 47.78311797], [107.24936834, 47.78311043], [107.24936281, 47.78310215], [107.24935941, 47.78309336], [107.24935824, 47.78308432], [107.24935514, 47.78220277]], [[107.24961883, 47.7812904], [107.24962, 47.78128108], [107.24962354, 47.78127204], [107.24962935, 47.78126354], [107.24963724, 47.78125585], [107.24964699, 47.78124919], [107.2496583, 47.78124376], [107.24967082, 47.78123974], [107.24968419, 47.78123723], [107.24969801, 47.78123631], [107.24971185, 47.78123702], [107.24972398, 47.78123903], [107.24973551, 47.78124228], [107.24974614, 47.7812467], [107.24975562, 47.78125219], [107.24976372, 47.7812586], [107.24977025, 47.78126579], [107.24977503, 47.78127357], [107.24977796, 47.78128175], [107.24977897, 47.78129015], [107.24978517, 47.78306304], [107.24978415, 47.78307174], [107.24978107, 47.78308022], [107.249776, 47.78308825], [107.24976908, 47.78309562], [107.24976048, 47.78310215], [107.24975044, 47.78310765], [107.24973921, 47.783112], [107.24972709, 47.78311506], [107.24971439, 47.78311677], [107.24969958, 47.78311794], [107.24968835, 47.78311818], [107.24967723, 47.78311715], [107.24966652, 47.78311488], [107.24965652, 47.78311143], [107.24964753, 47.7831069], [107.24963979, 47.78310142], [107.24963352, 47.78309514], [107.24962891, 47.78308824], [107.24962608, 47.78308092], [107.24962511, 47.78307338], [107.24962392, 47.78273595], [107.24962467, 47.7827267], [107.24962699, 47.78271756], [107.24966914, 47.7825944], [107.24966725, 47.78233149], [107.24962528, 47.78221264], [107.24962285, 47.78220343], [107.24962201, 47.78219409], [107.24961883, 47.7812904]], [[107.25006583, 47.78169709], [107.25006762, 47.78169254], [107.25007056, 47.78168828], [107.25007455, 47.78168442], [107.25007947, 47.78168109], [107.25008518, 47.78167838], [107.2500915, 47.78167638], [107.25009824, 47.78167516], [107.25010519, 47.78167474], [107.25011214, 47.78167514], [107.25085221, 47.78176203], [107.25086137, 47.78172658], [107.24992633, 47.7816168], [107.24991284, 47.78161439], [107.24990018, 47.78161043], [107.24988873, 47.78160505], [107.24987885, 47.78159842], [107.24987082, 47.78159072], [107.24986489, 47.78158221], [107.24986125, 47.78157313], [107.24986, 47.78156376], [107.24985913, 47.78131694], [107.2498603, 47.78130762], [107.24986384, 47.78129858], [107.24986964, 47.78129008], [107.24987754, 47.78128239], [107.24988729, 47.78127573], [107.24989859, 47.7812703], [107.24991112, 47.78126627], [107.24992449, 47.78126377], [107.2499383, 47.78126285], [107.24995214, 47.78126356], [107.25222661, 47.78151472], [107.25223667, 47.78151638], [107.25224615, 47.7815192], [107.25225477, 47.78152309], [107.25226225, 47.78152792], [107.25226838, 47.78153355], [107.25227297, 47.78153982], [107.25227587, 47.78154652], [107.252277, 47.78155347], [107.25227634, 47.78156044], [107.25227507, 47.78156562], [107.25227358, 47.78156973], [107.25227114, 47.78157364], [107.25226783, 47.78157723], [107.25226372, 47.78158044], [107.25225892, 47.78158317], [107.25225355, 47.78158536], [107.25224773, 47.78158696], [107.25224162, 47.78158793], [107.25223535, 47.78158824], [107.25222909, 47.78158788], [107.25220603, 47.78158534], [107.25217495, 47.78171315], [107.25219802, 47.7817157], [107.25220478, 47.78171686], [107.25221114, 47.7817188], [107.2522169, 47.78172145], [107.2522219, 47.78172473], [107.25222597, 47.78172855], [107.25222899, 47.78173279], [107.25223088, 47.78173732], [107.25223157, 47.781742], [107.25223105, 47.78174669], [107.25222145, 47.78178616], [107.25221995, 47.78179027], [107.25221752, 47.78179417], [107.25221421, 47.78179777], [107.2522101, 47.78180098], [107.2522053, 47.78180371], [107.25219993, 47.7818059], [107.25219411, 47.7818075], [107.25218799, 47.78180847], [107.25218173, 47.78180878], [107.25217547, 47.78180842], [107.25215291, 47.78180593], [107.25212132, 47.78193369], [107.25214439, 47.78193624], [107.25215115, 47.7819374], [107.25215751, 47.78193934], [107.25216327, 47.78194199], [107.25216827, 47.78194527], [107.25217234, 47.78194909], [107.25217536, 47.78195333], [107.25217725, 47.78195786], [107.25217794, 47.78196254], [107.25217742, 47.78196723], [107.25216748, 47.78200806], [107.25216598, 47.78201217], [107.25216355, 47.78201607], [107.25216024, 47.78201967], [107.25215613, 47.78202288], [107.25215133, 47.78202561], [107.25214596, 47.7820278], [107.25214014, 47.7820294], [107.25213403, 47.78203037], [107.25212776, 47.78203068], [107.2521215, 47.78203032], [107.25209894, 47.78202783], [107.25206786, 47.78215564], [107.25208518, 47.78215793], [107.25208928, 47.78215871], [107.25209312, 47.78215994], [107.25209662, 47.78216158], [107.25209967, 47.78216358], [107.25210219, 47.78216589], [107.2521041, 47.78216845], [107.25210537, 47.78217119], [107.25210595, 47.78217404], [107.25210582, 47.78217691], [107.252105, 47.78217972], [107.2521035, 47.78218241], [107.25210137, 47.78218489], [107.25209865, 47.7821871], [107.25209544, 47.78218898], [107.25209181, 47.78219048], [107.25208786, 47.78219155], [107.2520837, 47.78219217], [107.25207945, 47.78219232], [107.25207522, 47.782192], [107.25004749, 47.78192165], [107.25004089, 47.78192036], [107.2500347, 47.78191833], [107.25002913, 47.78191562], [107.25002433, 47.7819123], [107.25002043, 47.78190848], [107.25001757, 47.78190427], [107.25001582, 47.78189978], [107.25001523, 47.78189517], [107.25001583, 47.78189055], [107.25006583, 47.78169709]], [[107.25223859, 47.7821745], [107.25226968, 47.78204669], [107.25224661, 47.78204414], [107.25223984, 47.78204298], [107.25223348, 47.78204104], [107.25222772, 47.78203839], [107.25222273, 47.78203511], [107.25221866, 47.78203129], [107.25221563, 47.78202705], [107.25221374, 47.78202252], [107.25221305, 47.78201784], [107.25221358, 47.78201315], [107.25222351, 47.78197232], [107.25222501, 47.78196821], [107.25222744, 47.78196431], [107.25223075, 47.78196071], [107.25223486, 47.7819575], [107.25223966, 47.78195477], [107.25224503, 47.78195258], [107.25225085, 47.78195098], [107.25225697, 47.78195001], [107.25226323, 47.7819497], [107.25226949, 47.78195006], [107.25229256, 47.78195261], [107.25232365, 47.78182479], [107.25230057, 47.78182224], [107.25229381, 47.78182108], [107.25228745, 47.78181915], [107.25228169, 47.78181649], [107.25227669, 47.78181321], [107.25227262, 47.78180939], [107.2522696, 47.78180515], [107.25226771, 47.78180062], [107.25226702, 47.78179594], [107.25226754, 47.78179125], [107.25227714, 47.78175178], [107.25227864, 47.78174767], [107.25228108, 47.78174377], [107.25228439, 47.78174017], [107.25228849, 47.78173697], [107.25229329, 47.78173423], [107.25229867, 47.78173204], [107.25230448, 47.78173044], [107.2523106, 47.78172948], [107.25231686, 47.78172917], [107.25232312, 47.78172952], [107.2523462, 47.78173207], [107.25237728, 47.78160426], [107.25235421, 47.78160171], [107.25234811, 47.7816007], [107.25234232, 47.78159906], [107.25233698, 47.78159682], [107.25233222, 47.78159406], [107.25232817, 47.78159082], [107.25232492, 47.7815872], [107.25232254, 47.78158328], [107.25232111, 47.78157916], [107.25232065, 47.78157493], [107.25232118, 47.78157072], [107.25232225, 47.78156629], [107.25232484, 47.78155945], [107.25232915, 47.78155302], [107.25233505, 47.78154719], [107.25234236, 47.78154215], [107.25235086, 47.78153803], [107.25236029, 47.78153497], [107.25237037, 47.78153306], [107.25238078, 47.78153236], [107.25239122, 47.78153289], [107.25288059, 47.78158692], [107.25289073, 47.78158867], [107.25290027, 47.78159157], [107.25290892, 47.78159555], [107.25291641, 47.78160047], [107.25292252, 47.7816062], [107.25292705, 47.78161256], [107.25292989, 47.78161935], [107.25293093, 47.78162637], [107.25293014, 47.78163341], [107.25278178, 47.78224385], [107.25277947, 47.78225015], [107.25277569, 47.78225611], [107.25277056, 47.78226159], [107.25276418, 47.78226645], [107.25275674, 47.78227056], [107.25274843, 47.78227382], [107.25273944, 47.78227614], [107.25273002, 47.78227746], [107.25272041, 47.78227776], [107.25271085, 47.78227701], [107.25220949, 47.78221012], [107.25220498, 47.78220913], [107.25220078, 47.78220765], [107.252197, 47.78220572], [107.25219374, 47.7822034], [107.2521911, 47.78220075], [107.25218913, 47.78219784], [107.25218791, 47.78219475], [107.25218746, 47.78219157], [107.25218779, 47.78218839], [107.25218889, 47.78218528], [107.25219074, 47.78218234], [107.25219329, 47.78217964], [107.25219645, 47.78217726], [107.25220016, 47.78217527], [107.2522043, 47.78217372], [107.25220876, 47.78217265], [107.25221343, 47.78217208], [107.25221817, 47.78217205], [107.25222285, 47.78217254], [107.25223859, 47.7821745]], [[107.25348722, 47.78206205], [107.25353529, 47.78206735], [107.25356679, 47.78193776], [107.25334093, 47.78191283], [107.25333608, 47.7819328], [107.25324258, 47.78192248], [107.25324743, 47.7819025], [107.25303014, 47.78187851], [107.25301611, 47.78193621], [107.25301266, 47.78195041], [107.25301094, 47.78195497], [107.25300807, 47.78195926], [107.25300413, 47.78196314], [107.25299926, 47.78196651], [107.25299359, 47.78196925], [107.2529873, 47.78197129], [107.25298059, 47.78197256], [107.25297364, 47.78197303], [107.25296668, 47.78197268], [107.25295615, 47.78197151], [107.252947, 47.78197], [107.25293831, 47.78196754], [107.2529303, 47.78196419], [107.25292317, 47.78196004], [107.25291709, 47.78195519], [107.25291221, 47.78194976], [107.25290865, 47.78194388], [107.25290649, 47.78193769], [107.2529058, 47.78193136], [107.25290659, 47.78192503], [107.25297623, 47.7816385], [107.25297848, 47.78163233], [107.25298213, 47.78162647], [107.2529871, 47.78162108], [107.25299326, 47.78161627], [107.25300045, 47.78161217], [107.25300851, 47.78160888], [107.25301724, 47.78160648], [107.25302641, 47.78160503], [107.25303581, 47.78160457], [107.2530452, 47.7816051], [107.2565967, 47.78199715], [107.25660903, 47.7819992], [107.25662073, 47.78200254], [107.25663149, 47.78200708], [107.25664106, 47.78201271], [107.25664918, 47.78201929], [107.25665565, 47.78202665], [107.25666032, 47.78203461], [107.25666307, 47.78204297], [107.25666381, 47.78205152], [107.25666255, 47.78206003], [107.2565966, 47.7823114], [107.25659307, 47.78232032], [107.25658733, 47.78232871], [107.25657956, 47.78233631], [107.25656998, 47.78234291], [107.25655888, 47.78234831], [107.25654656, 47.78235236], [107.25653341, 47.78235493], [107.2565198, 47.78235595], [107.25650612, 47.7823554], [107.25580816, 47.78228636], [107.25565982, 47.78226998], [107.25565372, 47.78226897], [107.25564793, 47.78226733], [107.25564259, 47.7822651], [107.25563783, 47.78226234], [107.25563378, 47.7822591], [107.25563053, 47.78225548], [107.25562815, 47.78225156], [107.25562672, 47.78224744], [107.25562626, 47.78224321], [107.25562678, 47.782239], [107.25563023, 47.78222479], [107.2556704, 47.78222923], [107.25568357, 47.78223068], [107.25569759, 47.78217299], [107.25542696, 47.78214311], [107.2554221, 47.78216308], [107.2553286, 47.78215276], [107.25533345, 47.78213279], [107.2551076, 47.78210786], [107.25507611, 47.78223745], [107.25512418, 47.78224276], [107.25580144, 47.78231752], [107.25649334, 47.78238595], [107.25650582, 47.78238788], [107.25651767, 47.78239113], [107.25652861, 47.78239561], [107.25653836, 47.7824012], [107.25654665, 47.78240777], [107.25655328, 47.78241515], [107.25655809, 47.78242314], [107.25656095, 47.78243155], [107.25656178, 47.78244016], [107.25656056, 47.78244874], [107.2565153, 47.78262126], [107.25651186, 47.78263004], [107.25650628, 47.78263831], [107.25649873, 47.78264584], [107.25648941, 47.7826524], [107.25647858, 47.78265781], [107.25646656, 47.78266193], [107.25645369, 47.78266462], [107.25644033, 47.78266583], [107.25642686, 47.7826655], [107.25514804, 47.78256166], [107.2550218, 47.78255132], [107.25501548, 47.78255045], [107.25500946, 47.78254891], [107.25500387, 47.78254674], [107.25499888, 47.78254399], [107.25499461, 47.78254073], [107.25499117, 47.78253706], [107.25498864, 47.78253306], [107.25498711, 47.78252884], [107.2549866, 47.78252451], [107.25498712, 47.78252017], [107.25499801, 47.78247537], [107.25499973, 47.78247081], [107.25500261, 47.78246653], [107.25500654, 47.78246264], [107.25501141, 47.78245927], [107.25501708, 47.78245653], [107.25502337, 47.78245449], [107.25503009, 47.78245322], [107.25503703, 47.78245275], [107.25504399, 47.7824531], [107.25506297, 47.78237499], [107.25493127, 47.78236046], [107.25491229, 47.78243857], [107.25491906, 47.78243973], [107.25492542, 47.78244166], [107.25493118, 47.78244431], [107.25493618, 47.7824476], [107.25494025, 47.78245142], [107.25494327, 47.78245566], [107.25494516, 47.78246018], [107.25494586, 47.78246486], [107.25494533, 47.78246955], [107.25493355, 47.78251804], [107.25493189, 47.78252248], [107.25492913, 47.78252667], [107.25492537, 47.78253048], [107.2549207, 47.78253381], [107.25491527, 47.78253656], [107.25490922, 47.78253865], [107.25490274, 47.78254002], [107.254896, 47.78254063], [107.25488921, 47.78254046], [107.25458905, 47.78251588], [107.25458357, 47.78251537], [107.25441933, 47.78249759], [107.25373818, 47.78241394], [107.25357008, 47.78239164], [107.25356352, 47.78239037], [107.25355737, 47.78238836], [107.25355182, 47.78238567], [107.25354703, 47.78238239], [107.25354313, 47.78237861], [107.25354025, 47.78237443], [107.25353846, 47.78236999], [107.25353782, 47.7823654], [107.25353835, 47.78236081], [107.25354937, 47.78231545], [107.25355109, 47.78231089], [107.25355397, 47.7823066], [107.2535579, 47.78230272], [107.25356277, 47.78229935], [107.25356844, 47.78229661], [107.25357473, 47.78229457], [107.25358145, 47.7822933], [107.25358839, 47.78229283], [107.25359535, 47.78229318], [107.25361433, 47.78221507], [107.25348264, 47.78220053], [107.25346366, 47.78227864], [107.25347042, 47.7822798], [107.25347678, 47.78228174], [107.25348254, 47.78228439], [107.25348754, 47.78228768], [107.25349161, 47.7822915], [107.25349463, 47.78229573], [107.25349652, 47.78230026], [107.25349722, 47.78230494], [107.25349669, 47.78230963], [107.25348638, 47.78235206], [107.25348484, 47.78235626], [107.25348233, 47.78236023], [107.2534789, 47.78236389], [107.25347465, 47.78236713], [107.25346969, 47.78236987], [107.25346415, 47.78237204], [107.25345816, 47.78237359], [107.25345188, 47.78237447], [107.25344547, 47.78237467], [107.2534391, 47.78237417], [107.25287458, 47.78229886], [107.25286473, 47.78229694], [107.25285551, 47.78229393], [107.25284719, 47.7822899], [107.25284, 47.78228497], [107.25283416, 47.7822793], [107.25282983, 47.78227304], [107.25282715, 47.78226637], [107.25282619, 47.78225949], [107.25282698, 47.78225261], [107.25287963, 47.78203598], [107.25288188, 47.78202981], [107.25288553, 47.78202396], [107.25289049, 47.78201856], [107.25289665, 47.78201375], [107.25290385, 47.78200965], [107.25291191, 47.78200636], [107.25292064, 47.78200396], [107.25292981, 47.78200251], [107.25293921, 47.78200205], [107.2529486, 47.78200258], [107.25348722, 47.78206205]], [[107.25168828, 47.78139148], [107.25167483, 47.78138917], [107.25166216, 47.78138533], [107.25165068, 47.78138007], [107.25164071, 47.78137356], [107.25163256, 47.78136598], [107.25162648, 47.78135757], [107.25162264, 47.78134858], [107.25162117, 47.78133927], [107.2516221, 47.78132994], [107.25162542, 47.78132085], [107.25163101, 47.78131228], [107.25163871, 47.7813045], [107.25164829, 47.78129773], [107.25165946, 47.78129217], [107.25239889, 47.78098752], [107.25241063, 47.78098354], [107.25242318, 47.7809809], [107.25243619, 47.78097969], [107.25244933, 47.78097992], [107.25246223, 47.7809816], [107.25365757, 47.78120706], [107.25380971, 47.78123349], [107.25396318, 47.78125615], [107.25668216, 47.78161829], [107.2566952, 47.78162082], [107.25670742, 47.78162479], [107.25671847, 47.7816301], [107.25672803, 47.78163659], [107.25673583, 47.78164407], [107.25674164, 47.78165234], [107.25674529, 47.78166114], [107.25674669, 47.78167024], [107.25674579, 47.78167936], [107.25669831, 47.78188928], [107.25669542, 47.78189758], [107.25669063, 47.78190547], [107.25668405, 47.78191276], [107.25667585, 47.78191925], [107.25666624, 47.7819248], [107.25665545, 47.78192925], [107.25664375, 47.7819325], [107.25663144, 47.78193447], [107.25661883, 47.78193511], [107.25660622, 47.7819344], [107.25168828, 47.78139148]], [[107.25269898, 47.78097021], [107.25268656, 47.7809671], [107.25267506, 47.78096265], [107.25266482, 47.78095699], [107.2526561, 47.78095026], [107.25264915, 47.78094265], [107.25264415, 47.78093438], [107.25264125, 47.78092566], [107.25264052, 47.78091674], [107.25264198, 47.78090787], [107.2526456, 47.78089927], [107.25265127, 47.7808912], [107.25265884, 47.78088386], [107.2526681, 47.78087747], [107.2526788, 47.7808722], [107.25335202, 47.78059482], [107.25336289, 47.78059107], [107.25337449, 47.78058848], [107.25338653, 47.78058712], [107.25339874, 47.780587], [107.25341084, 47.78058813], [107.25680395, 47.78108684], [107.25681675, 47.78108949], [107.25682872, 47.78109355], [107.25683951, 47.78109889], [107.25684884, 47.78110537], [107.25685643, 47.78111281], [107.25686207, 47.781121], [107.25686561, 47.78112971], [107.25686695, 47.78113869], [107.25686604, 47.7811477], [107.25678203, 47.78151916], [107.25677906, 47.78152763], [107.2567741, 47.78153567], [107.2567673, 47.78154307], [107.25675882, 47.78154963], [107.25674889, 47.78155519], [107.25673775, 47.7815596], [107.25672571, 47.78156275], [107.25671308, 47.78156455], [107.25670018, 47.78156496], [107.25668735, 47.78156397], [107.2539787, 47.78120321], [107.25382844, 47.78118051], [107.25367915, 47.78115509], [107.25269898, 47.78097021]], [[107.2557315, 47.78084395], [107.25573331, 47.78083989], [107.25573605, 47.78083608], [107.25573963, 47.78083261], [107.25574398, 47.78082955], [107.25574898, 47.78082699], [107.25575452, 47.78082499], [107.25576045, 47.7808236], [107.25576664, 47.78082285], [107.25577292, 47.78082276], [107.25577914, 47.78082333], [107.25580198, 47.78082669], [107.25584293, 47.78070015], [107.25582009, 47.78069679], [107.25581342, 47.78069539], [107.25580722, 47.78069323], [107.25580167, 47.78069038], [107.25579694, 47.78068693], [107.25579317, 47.78068297], [107.25579048, 47.78067863], [107.25578895, 47.78067404], [107.25578862, 47.78066934], [107.2557895, 47.78066467], [107.2558189, 47.78057384], [107.25582097, 47.78056935], [107.25582417, 47.78056517], [107.2558284, 47.78056143], [107.25583353, 47.78055824], [107.2558394, 47.7805557], [107.25584584, 47.78055389], [107.25585265, 47.78055285], [107.25585962, 47.78055263], [107.25586654, 47.78055323], [107.25686035, 47.78069928], [107.25687269, 47.78070181], [107.25688427, 47.78070565], [107.25689478, 47.78071068], [107.25690396, 47.78071679], [107.25691156, 47.78072381], [107.25691739, 47.78073157], [107.2569213, 47.78073985], [107.25692833, 47.78076034], [107.25693562, 47.78078999], [107.25693731, 47.78082002], [107.25693338, 47.78084996], [107.25690231, 47.78098733], [107.2568993, 47.7809959], [107.25689425, 47.78100402], [107.25688731, 47.78101149], [107.25687866, 47.78101809], [107.25686853, 47.78102366], [107.25685719, 47.78102804], [107.25684495, 47.78103112], [107.25683212, 47.78103282], [107.25681906, 47.78103309], [107.25680611, 47.78103192], [107.25576133, 47.78087838], [107.25575532, 47.78087715], [107.25574966, 47.78087531], [107.2557445, 47.78087289], [107.25573997, 47.78086996], [107.25573617, 47.78086659], [107.2557332, 47.78086286], [107.25573114, 47.78085886], [107.25573002, 47.78085469], [107.25572989, 47.78085046], [107.25573075, 47.78084626], [107.2557315, 47.78084395]], [[107.25568511, 47.78083956], [107.25568303, 47.78084405], [107.25567983, 47.78084823], [107.2556756, 47.78085197], [107.25567048, 47.78085516], [107.2556646, 47.7808577], [107.25565817, 47.78085951], [107.25565136, 47.78086055], [107.25564439, 47.78086077], [107.25563747, 47.78086017], [107.25327112, 47.78051236], [107.25325799, 47.78050962], [107.25324575, 47.7805054], [107.25323475, 47.78049983], [107.25322534, 47.78049307], [107.25321778, 47.78048533], [107.2530081, 47.78022437], [107.25300285, 47.78021633], [107.2529996, 47.78020782], [107.25299845, 47.78019907], [107.25299941, 47.7801903], [107.25300247, 47.78018176], [107.25300755, 47.78017367], [107.25301451, 47.78016624], [107.25302316, 47.78015967], [107.25303329, 47.78015414], [107.25304461, 47.78014978], [107.25305683, 47.78014672], [107.25306962, 47.78014504], [107.25308265, 47.78014478], [107.25309557, 47.78014594], [107.25574268, 47.78053502], [107.25574871, 47.78053618], [107.25575439, 47.780538], [107.25575954, 47.78054041], [107.25576403, 47.78054337], [107.25576774, 47.78054678], [107.25577057, 47.78055055], [107.25577244, 47.78055459], [107.2557733, 47.78055878], [107.25577312, 47.78056301], [107.25577192, 47.78056716], [107.25568511, 47.78083956]], [[107.25206931, 47.78106007], [107.25206464, 47.78106167], [107.25205966, 47.78106275], [107.25205449, 47.7810633], [107.25204925, 47.7810633], [107.25204408, 47.78106274], [107.2520391, 47.78106165], [107.25203444, 47.78106004], [107.25203021, 47.78105796], [107.25202651, 47.78105546], [107.25202344, 47.78105261], [107.25202135, 47.7810503], [107.2520185, 47.78104652], [107.25201657, 47.78104249], [107.25201559, 47.78103831], [107.2520156, 47.78103408], [107.25201659, 47.7810299], [107.25201853, 47.78102587], [107.25202139, 47.7810221], [107.25202509, 47.78101868], [107.25202954, 47.78101569], [107.25203463, 47.7810132], [107.25205457, 47.78100498], [107.25195436, 47.78089447], [107.25193441, 47.78090269], [107.25180349, 47.78095535], [107.25190696, 47.78106579], [107.25192646, 47.78105776], [107.25193271, 47.78105567], [107.2519394, 47.78105434], [107.25194633, 47.78105381], [107.2519533, 47.7810541], [107.25196008, 47.78105521], [107.25196648, 47.78105709], [107.25197229, 47.78105969], [107.25197735, 47.78106293], [107.25198149, 47.78106671], [107.25198359, 47.78106903], [107.25198618, 47.78107254], [107.25198783, 47.7810763], [107.25198848, 47.78108019], [107.25198812, 47.78108411], [107.25198675, 47.78108792], [107.25198443, 47.78109151], [107.25198121, 47.78109477], [107.2519772, 47.78109761], [107.25197253, 47.78109994], [107.25137977, 47.78134416], [107.25136967, 47.78134768], [107.25135892, 47.78135021], [107.25134776, 47.78135168], [107.2513364, 47.78135207], [107.25132507, 47.78135137], [107.25043428, 47.781253], [107.25042513, 47.78125149], [107.25041644, 47.78124902], [107.25040843, 47.78124568], [107.2504013, 47.78124153], [107.25039522, 47.78123668], [107.25039034, 47.78123124], [107.25038678, 47.78122536], [107.25038463, 47.78121918], [107.25038394, 47.78121284], [107.25038473, 47.78120652], [107.25048507, 47.78079376], [107.25048765, 47.78078692], [107.25049196, 47.78078049], [107.25049786, 47.78077466], [107.25050517, 47.78076961], [107.25051367, 47.7807655], [107.2505231, 47.78076244], [107.25053318, 47.78076053], [107.25054359, 47.78075983], [107.25055403, 47.78076036], [107.25061428, 47.78076701], [107.25068868, 47.78077171], [107.25076339, 47.78077053], [107.25083738, 47.78076349], [107.25090966, 47.7807507], [107.25097923, 47.78073232], [107.25104515, 47.7807086], [107.25239892, 47.78015084], [107.25245756, 47.78012979], [107.25251948, 47.78011356], [107.25258381, 47.78010239], [107.25264966, 47.78009643], [107.25271609, 47.78009576], [107.25278216, 47.78010039], [107.25279433, 47.78010211], [107.25280593, 47.7801051], [107.25281669, 47.78010929], [107.25282633, 47.78011458], [107.2528346, 47.78012083], [107.25284131, 47.78012788], [107.25317448, 47.78054477], [107.25317988, 47.78055311], [107.25318313, 47.78056193], [107.25318414, 47.780571], [107.25318287, 47.78058006], [107.25317936, 47.78058884], [107.25317372, 47.7805971], [107.2531661, 47.7806046], [107.25315671, 47.78061114], [107.25314584, 47.78061652], [107.25206931, 47.78106007]], [[107.25033864, 47.78120143], [107.25033639, 47.78120759], [107.25033274, 47.78121345], [107.25032777, 47.78121885], [107.25032161, 47.78122365], [107.25031441, 47.78122775], [107.25030635, 47.78123104], [107.25029763, 47.78123344], [107.25028846, 47.78123489], [107.25027906, 47.78123536], [107.25026967, 47.78123482], [107.24970208, 47.78117214], [107.24968691, 47.78116963], [107.24967251, 47.78116557], [107.24965921, 47.78116004], [107.24964736, 47.78115318], [107.24963723, 47.78114517], [107.24962908, 47.78113619], [107.2496231, 47.78112646], [107.24961944, 47.78111623], [107.24961818, 47.78110573], [107.24961688, 47.78073647], [107.24961835, 47.78072481], [107.24962277, 47.78071351], [107.24963003, 47.78070289], [107.24963989, 47.78069327], [107.24965208, 47.78068495], [107.24966621, 47.78067817], [107.24968187, 47.78067313], [107.24969858, 47.78067], [107.24971585, 47.78066885], [107.24973314, 47.78066974], [107.25038942, 47.78074219], [107.25039857, 47.7807437], [107.25040726, 47.78074616], [107.25041526, 47.78074951], [107.2504224, 47.78075366], [107.25042848, 47.78075851], [107.25043336, 47.78076395], [107.25043692, 47.78076983], [107.25043907, 47.78077601], [107.25043976, 47.78078234], [107.25043897, 47.78078867], [107.25033864, 47.78120143]], [[107.24757119, 47.78130306], [107.24734652, 47.78131473], [107.24733962, 47.78131463], [107.24733284, 47.78131374], [107.24732639, 47.78131207], [107.24732046, 47.78130969], [107.24731523, 47.78130665], [107.24731085, 47.78130305], [107.24730746, 47.781299], [107.24730515, 47.78129461], [107.24730399, 47.78129002], [107.24730401, 47.78128537], [107.24730523, 47.78128078], [107.24730759, 47.78127641], [107.24731103, 47.78127238], [107.24731546, 47.7812688], [107.24833532, 47.78057556], [107.2483884, 47.78054378], [107.24844702, 47.78051678], [107.24851023, 47.78049499], [107.24857702, 47.78047877], [107.24864632, 47.78046836], [107.24871702, 47.78046394], [107.24942691, 47.78045003], [107.24943967, 47.78045046], [107.24945217, 47.78045226], [107.24946408, 47.78045538], [107.2494751, 47.78045973], [107.24948496, 47.78046521], [107.2494934, 47.78047168], [107.2495002, 47.78047897], [107.2495052, 47.7804869], [107.24950826, 47.78049526], [107.24950931, 47.78050384], [107.24951141, 47.78110287], [107.2495104, 47.78111156], [107.24950732, 47.78112002], [107.24950227, 47.78112804], [107.24949536, 47.78113541], [107.24948678, 47.78114194], [107.24947675, 47.78114744], [107.24946554, 47.78115179], [107.24945344, 47.78115486], [107.24944077, 47.78115659], [107.24778361, 47.78128888], [107.24757119, 47.78130306]], [[107.24779542, 47.78128809], [107.24778113, 47.78128907], [107.24778361, 47.78128888], [107.24779542, 47.78128809]], [[107.24873565, 47.78139855], [107.24881614, 47.78139574], [107.24880339, 47.78132521], [107.24880297, 47.78131581], [107.24880497, 47.7813065], [107.24880934, 47.78129757], [107.24881594, 47.78128928], [107.24882458, 47.78128189], [107.24883499, 47.78127563], [107.24884686, 47.78127068], [107.24885982, 47.78126719], [107.24887349, 47.78126527], [107.24942253, 47.78122144], [107.24943601, 47.78122114], [107.24944938, 47.78122236], [107.24946224, 47.78122508], [107.24947425, 47.78122921], [107.24948506, 47.78123465], [107.24949437, 47.78124123], [107.2495019, 47.78124877], [107.24950745, 47.78125706], [107.24951085, 47.78126585], [107.24951202, 47.78127491], [107.24951233, 47.78136443], [107.24951134, 47.78137667], [107.2495083, 47.78138876], [107.24946574, 47.78151409], [107.24946925, 47.7817764], [107.24951093, 47.78191049], [107.24951346, 47.78192137], [107.24951433, 47.78193236], [107.24951471, 47.78204062], [107.24951376, 47.78204906], [107.24951085, 47.7820573], [107.24950607, 47.78206513], [107.24949953, 47.78207236], [107.24949139, 47.78207881], [107.24948186, 47.78208433], [107.24947116, 47.78208877], [107.24945957, 47.78209203], [107.24944736, 47.78209403], [107.24943483, 47.78209471], [107.24897219, 47.78209545], [107.24892211, 47.78209746], [107.24589642, 47.78233575], [107.24588655, 47.78233598], [107.24587677, 47.78233511], [107.24586732, 47.78233317], [107.24585848, 47.78233022], [107.24585047, 47.78232634], [107.24584351, 47.78232162], [107.2458378, 47.78231619], [107.24583348, 47.78231021], [107.24583067, 47.78230383], [107.24582945, 47.78229723], [107.24582985, 47.78229058], [107.24583186, 47.78228407], [107.24583543, 47.78227787], [107.24584046, 47.78227214], [107.24584681, 47.78226705], [107.24710009, 47.78141519], [107.2471179, 47.78140475], [107.2471378, 47.78139618], [107.24715935, 47.78138969], [107.24718208, 47.78138539], [107.2472055, 47.7813834], [107.24749915, 47.78137032], [107.24779212, 47.7813516], [107.24863495, 47.78128432], [107.24864751, 47.78128398], [107.24865998, 47.78128498], [107.24867207, 47.78128728], [107.24868349, 47.78129082], [107.24869393, 47.78129553], [107.24870316, 47.78130127], [107.24871094, 47.78130792], [107.24871708, 47.78131531], [107.24872143, 47.78132326], [107.24872388, 47.78133156], [107.24873565, 47.78139855]], [[107.24826919, 47.78227065], [107.24826943, 47.78227488], [107.24826868, 47.78227909], [107.24826697, 47.78228316], [107.24826433, 47.782287], [107.24826083, 47.78229052], [107.24825656, 47.78229362], [107.24825162, 47.78229624], [107.24824613, 47.7822983], [107.24824024, 47.78229976], [107.24823407, 47.78230058], [107.24821137, 47.78230237], [107.24824011, 47.78246812], [107.24826243, 47.78259676], [107.24828512, 47.78259498], [107.2482921, 47.78259484], [107.248299, 47.78259552], [107.24830563, 47.782597], [107.24831177, 47.78259923], [107.24831724, 47.78260215], [107.24832188, 47.78260566], [107.24832554, 47.78260967], [107.24832812, 47.78261404], [107.24832953, 47.78261865], [107.24833665, 47.78265974], [107.24833689, 47.78266397], [107.24833614, 47.78266818], [107.24833443, 47.78267225], [107.24833179, 47.78267609], [107.24832829, 47.78267961], [107.24832402, 47.78268271], [107.24831908, 47.78268533], [107.2483136, 47.78268739], [107.2483077, 47.78268885], [107.24830154, 47.78268967], [107.24657081, 47.78282587], [107.24656421, 47.78282566], [107.24655776, 47.78282472], [107.24655163, 47.78282307], [107.24654599, 47.78282075], [107.246541, 47.78281784], [107.24653678, 47.78281442], [107.24653347, 47.78281057], [107.24653115, 47.7828064], [107.24652988, 47.78280204], [107.24652275, 47.78276094], [107.24652255, 47.78275624], [107.24652356, 47.78275158], [107.24652576, 47.78274712], [107.24652907, 47.78274298], [107.2465334, 47.78273929], [107.24653861, 47.78273616], [107.24654455, 47.7827337], [107.24655104, 47.78273196], [107.24655787, 47.78273101], [107.24658109, 47.78272918], [107.24655828, 47.78260057], [107.24652955, 47.78243482], [107.24650684, 47.78243661], [107.24650056, 47.78243677], [107.24649433, 47.78243627], [107.24648828, 47.78243511], [107.24648258, 47.78243334], [107.24647736, 47.78243098], [107.24647276, 47.7824281], [107.24646887, 47.78242477], [107.24646581, 47.78242107], [107.24646365, 47.7824171], [107.24646243, 47.78241294], [107.24645554, 47.78237322], [107.24645534, 47.78236852], [107.24645635, 47.78236387], [107.24645855, 47.7823594], [107.24646186, 47.78235526], [107.24646619, 47.78235157], [107.2464714, 47.78234844], [107.24647734, 47.78234598], [107.24648383, 47.78234424], [107.24649066, 47.78234329], [107.24821793, 47.78220726], [107.24822422, 47.78220707], [107.24823047, 47.78220755], [107.24823653, 47.78220869], [107.24824224, 47.78221047], [107.24824747, 47.78221283], [107.24825208, 47.78221571], [107.24825596, 47.78221906], [107.248259, 47.78222277], [107.24826113, 47.78222676], [107.2482623, 47.78223093], [107.24826919, 47.78227065]], [[107.24635821, 47.78244832], [107.24638695, 47.78261407], [107.24640874, 47.78274275], [107.24643196, 47.78274092], [107.24643893, 47.78274079], [107.24644584, 47.78274147], [107.24645246, 47.78274295], [107.2464586, 47.78274518], [107.24646408, 47.7827481], [107.24646872, 47.78275161], [107.24647238, 47.78275562], [107.24647496, 47.78275999], [107.24647637, 47.78276459], [107.24648349, 47.78280569], [107.24648373, 47.78280992], [107.24648298, 47.78281412], [107.24648126, 47.7828182], [107.24647862, 47.78282204], [107.24647513, 47.78282556], [107.24647086, 47.78282866], [107.24646592, 47.78283128], [107.24646043, 47.78283334], [107.24645453, 47.7828348], [107.24644837, 47.78283562], [107.24606533, 47.78286578], [107.24589318, 47.78287678], [107.24572048, 47.7828827], [107.24475066, 47.78290168], [107.24473811, 47.78290126], [107.24472581, 47.78289953], [107.24471407, 47.78289651], [107.24470317, 47.7828923], [107.24469338, 47.78288699], [107.24468495, 47.78288071], [107.24467808, 47.78287362], [107.24467293, 47.7828659], [107.24466965, 47.78285772], [107.2446683, 47.7828493], [107.24465901, 47.78263353], [107.24465963, 47.78262507], [107.2446622, 47.78261678], [107.24466667, 47.78260887], [107.24467293, 47.78260152], [107.2446808, 47.78259493], [107.24469012, 47.78258924], [107.24470064, 47.78258461], [107.2447121, 47.78258114], [107.24472423, 47.78257893], [107.24473672, 47.78257802], [107.24507269, 47.78257145], [107.24516536, 47.78256616], [107.24525661, 47.78255402], [107.2453453, 47.78253515], [107.24543035, 47.78250979], [107.24551074, 47.78247826], [107.24558546, 47.78244094], [107.2456136, 47.78242737], [107.24564435, 47.78241666], [107.24567707, 47.78240905], [107.24571106, 47.78240468], [107.24636823, 47.78235303], [107.24637428, 47.78235295], [107.24638027, 47.78235352], [107.24638604, 47.78235475], [107.24639144, 47.78235659], [107.24639633, 47.782359], [107.24640057, 47.78236191], [107.24640405, 47.78236524], [107.24640669, 47.78236891], [107.2464084, 47.78237283], [107.24640915, 47.78237687], [107.24641604, 47.7824166], [107.24641628, 47.78242083], [107.24641553, 47.78242503], [107.24641381, 47.78242911], [107.24641118, 47.78243295], [107.24640768, 47.78243647], [107.24640341, 47.78243957], [107.24639847, 47.78244219], [107.24639298, 47.78244425], [107.24638708, 47.78244571], [107.24638092, 47.78244653], [107.24635821, 47.78244832]], [[107.24449661, 47.78258272], [107.24450921, 47.78258305], [107.24452157, 47.78258472], [107.24453337, 47.78258769], [107.24454433, 47.78259189], [107.24455416, 47.78259721], [107.24456261, 47.78260352], [107.24456947, 47.78261065], [107.24457456, 47.78261842], [107.24457775, 47.78262664], [107.24457897, 47.7826351], [107.24458826, 47.78285087], [107.24458764, 47.78285933], [107.24458506, 47.78286762], [107.24458059, 47.78287553], [107.24457434, 47.78288288], [107.24456646, 47.78288947], [107.24455715, 47.78289516], [107.24454663, 47.78289979], [107.24453517, 47.78290326], [107.24452304, 47.78290547], [107.24451055, 47.78290638], [107.24236748, 47.78294829], [107.24223237, 47.78294938], [107.24209729, 47.78294736], [107.24028141, 47.78289935], [107.2402685, 47.78289829], [107.24025602, 47.78289585], [107.24024428, 47.78289207], [107.24023361, 47.78288706], [107.24022428, 47.78288096], [107.24021655, 47.78287391], [107.2402106, 47.78286612], [107.24020661, 47.78285778], [107.24020467, 47.78284911], [107.24020483, 47.78284035], [107.2402071, 47.78283172], [107.24021142, 47.78282345], [107.24021766, 47.78281576], [107.24045823, 47.7825693], [107.24046689, 47.78256192], [107.24047732, 47.78255567], [107.2404892, 47.78255073], [107.24050217, 47.78254726], [107.24051584, 47.78254536], [107.24052979, 47.78254509], [107.2405436, 47.78254645], [107.24055685, 47.78254941], [107.24056913, 47.78255388], [107.24068127, 47.7826036], [107.24074005, 47.78262553], [107.2408031, 47.78264118], [107.24086895, 47.78265018], [107.24093606, 47.78265232], [107.24449661, 47.78258272]], [[107.24209415, 47.78300128], [107.24223197, 47.78300334], [107.2423698, 47.78300223], [107.24451287, 47.78296032], [107.24452542, 47.78296074], [107.24453772, 47.78296248], [107.24454946, 47.78296549], [107.24456036, 47.78296971], [107.24457015, 47.78297502], [107.24457858, 47.78298129], [107.24458545, 47.78298838], [107.2445906, 47.78299611], [107.24459388, 47.78300428], [107.24459523, 47.7830127], [107.24461073, 47.78337255], [107.24461011, 47.78338101], [107.24460753, 47.7833893], [107.24460306, 47.78339721], [107.24459681, 47.78340456], [107.24458893, 47.78341115], [107.24457962, 47.78341684], [107.2445691, 47.78342147], [107.24455764, 47.78342494], [107.24454551, 47.78342715], [107.24453302, 47.78342806], [107.23853963, 47.78354516], [107.23852708, 47.78354474], [107.23851478, 47.783543], [107.23850304, 47.78353999], [107.23849214, 47.78353578], [107.23848235, 47.78353046], [107.23847392, 47.78352419], [107.23846705, 47.7835171], [107.2384619, 47.78350937], [107.23845862, 47.7835012], [107.23845727, 47.78349278], [107.23843723, 47.78302616], [107.23843785, 47.7830177], [107.23844043, 47.78300942], [107.2384449, 47.7830015], [107.23845115, 47.78299416], [107.23845903, 47.78298756], [107.23846835, 47.78298188], [107.23847886, 47.78297725], [107.23849033, 47.78297378], [107.23850246, 47.78297157], [107.23851495, 47.78297066], [107.23990774, 47.78294347], [107.24209415, 47.78300128]], [[107.24843372, 47.7825831], [107.24841144, 47.78245462], [107.2483827, 47.78228888], [107.24835999, 47.78229067], [107.24835372, 47.78229083], [107.24834748, 47.78229032], [107.24834143, 47.78228917], [107.24833573, 47.78228739], [107.24833051, 47.78228503], [107.24832591, 47.78228215], [107.24832203, 47.78227882], [107.24831896, 47.78227513], [107.2483168, 47.78227115], [107.24831558, 47.782267], [107.24830869, 47.78222727], [107.24830849, 47.78222257], [107.2483095, 47.78221792], [107.2483117, 47.78221345], [107.24831501, 47.78220931], [107.24831934, 47.78220562], [107.24832455, 47.7822025], [107.24833049, 47.78220003], [107.24833698, 47.78219829], [107.24834381, 47.78219734], [107.24893141, 47.78215106], [107.24897238, 47.78214942], [107.24919482, 47.78214906], [107.24920734, 47.78214971], [107.24921957, 47.78215166], [107.24923119, 47.78215489], [107.24924191, 47.78215929], [107.24925149, 47.78216478], [107.24925967, 47.7821712], [107.24926626, 47.78217841], [107.2492711, 47.78218623], [107.24927406, 47.78219446], [107.24927507, 47.7822029], [107.24927634, 47.78256473], [107.24927533, 47.78257343], [107.24927225, 47.78258191], [107.24926718, 47.78258994], [107.24926025, 47.78259731], [107.24925166, 47.78260384], [107.24924161, 47.78260934], [107.24923039, 47.78261369], [107.24921827, 47.78261675], [107.24920557, 47.78261846], [107.24842557, 47.78267987], [107.24841879, 47.78267982], [107.24841212, 47.782679], [107.24840576, 47.78267743], [107.24839988, 47.78267515], [107.24839467, 47.78267223], [107.24839026, 47.78266876], [107.24838679, 47.78266483], [107.24838437, 47.78266057], [107.24838305, 47.78265609], [107.24837592, 47.78261499], [107.24837571, 47.78261029], [107.24837673, 47.78260564], [107.24837892, 47.78260117], [107.24838223, 47.78259703], [107.24838656, 47.78259334], [107.24839177, 47.78259022], [107.24839771, 47.78258775], [107.2484042, 47.78258601], [107.24841103, 47.78258506], [107.24843372, 47.7825831]], [[107.25002904, 47.78168122], [107.2500278, 47.78168316], [107.25002611, 47.78168495], [107.25002404, 47.78168654], [107.25002162, 47.78168789], [107.25001892, 47.78168897], [107.250016, 47.78168975], [107.25001293, 47.78169021], [107.2500098, 47.78169034], [107.25000667, 47.78169014], [107.24994751, 47.7816832], [107.24989941, 47.78186928], [107.24995857, 47.78187622], [107.24996195, 47.78187683], [107.24996511, 47.78187782], [107.24996797, 47.78187916], [107.24997045, 47.78188082], [107.24997245, 47.78188275], [107.24997393, 47.78188487], [107.24997484, 47.78188715], [107.24997516, 47.78188949], [107.24997486, 47.78189183], [107.24997335, 47.78189768], [107.24997255, 47.78189976], [107.24997128, 47.78190173], [107.24996955, 47.78190354], [107.24996743, 47.78190514], [107.24996495, 47.78190649], [107.24996219, 47.78190756], [107.24995921, 47.78190832], [107.24995609, 47.78190876], [107.2499529, 47.78190885], [107.24994974, 47.7819086], [107.24992553, 47.78190537], [107.24991235, 47.7819028], [107.24990001, 47.78189876], [107.24988887, 47.78189335], [107.24987927, 47.78188674], [107.24987149, 47.78187912], [107.24986575, 47.78187072], [107.24986222, 47.78186178], [107.24986102, 47.78185256], [107.24986051, 47.7817099], [107.24986149, 47.78170137], [107.24986445, 47.78169305], [107.24986933, 47.78168516], [107.249876, 47.78167788], [107.24988429, 47.7816714], [107.24989399, 47.78166588], [107.24990487, 47.78166147], [107.24991664, 47.78165828], [107.24992902, 47.78165637], [107.24994168, 47.78165581], [107.24995432, 47.78165661], [107.25001354, 47.78166356], [107.25001658, 47.78166409], [107.25001946, 47.78166493], [107.25002212, 47.78166606], [107.25002447, 47.78166746], [107.25002648, 47.78166909], [107.25002808, 47.78167091], [107.25002923, 47.78167288], [107.25002992, 47.78167495], [107.25003012, 47.78167706], [107.25002982, 47.78167917], [107.25002904, 47.78168122]]]}, "geometry_name": "geom", "properties": {"guid": 3241280, "id": 3241280, "object_no": null, "object_name": "Төлөвлөлтийн авто зам", "layer_type_id": 956, "valid_to": null, "address_no": null, "border_type": "solid", "border_width": 1, "border_color": "#999999", "border_opacity": 0.36, "border_wellknown": "shape://horizline", "fill_type": "color", "fill_color": "#bcbcbc", "fill_opacity": 0.36, "fill_wellknown": null, "fill_shape_color": null, "fill_shape_width": null, "fill_shape_size": null, "fill_img_url": null, "marker_img_url": null}},{"type": "Feature", "id": "layer_data_map.fid--27e80436_1a098c1eed1_-588e", "geometry": {"type": "Polygon", "coordinates": [[[107.26690802, 47.79243656], [107.26679915, 47.79243378], [107.2668552, 47.79241923], [107.26604451, 47.79100167], [107.26603632, 47.7909904], [107.26602536, 47.79098026], [107.26601196, 47.79097156], [107.26599651, 47.79096456], [107.2659795, 47.79095947], [107.26596144, 47.79095646], [107.26594287, 47.7909556], [107.26592436, 47.79095693], [107.26590647, 47.7909604], [107.26545887, 47.79107664], [107.26462666, 47.79152098], [107.26466396, 47.7915527], [107.26456363, 47.79152021], [107.26453963, 47.79144695], [107.26457693, 47.79147868], [107.26531942, 47.79108225], [107.26532862, 47.79107648], [107.26533638, 47.79106982], [107.26534249, 47.79106242], [107.26534681, 47.79105447], [107.26534923, 47.79104616], [107.2653497, 47.7910377], [107.26534819, 47.79102929], [107.26534475, 47.79102115], [107.26533946, 47.79101346], [107.26533245, 47.79100643], [107.26458847, 47.79037366], [107.26218149, 47.78881367], [107.26215923, 47.78880119], [107.26213452, 47.78879101], [107.2621079, 47.78878334], [107.26194492, 47.78874191], [107.2617858, 47.78869416], [107.26163108, 47.78864024], [107.26148127, 47.78858035], [107.26133689, 47.78851469], [107.26119842, 47.78844347], [107.26106634, 47.78836695], [107.2609411, 47.78828537], [107.26092761, 47.7882775], [107.26091237, 47.78827125], [107.2608958, 47.7882668], [107.26087836, 47.78826427], [107.26086054, 47.78826373], [107.26084284, 47.7882652], [107.26031577, 47.78833948], [107.26019785, 47.78822746], [107.26071307, 47.78815484], [107.2622873, 47.7879298], [107.26269513, 47.78787149], [107.26270737, 47.78786904], [107.26271888, 47.78786531], [107.26272936, 47.78786039], [107.26273854, 47.78785441], [107.2627462, 47.78784753], [107.26275214, 47.78783991], [107.26275621, 47.78783175], [107.26286292, 47.78754326], [107.26343291, 47.78745458], [107.26347395, 47.78759603], [107.26376776, 47.78770476], [107.2637781, 47.78770797], [107.26378901, 47.78771015], [107.26380027, 47.78771127], [107.26381165, 47.7877113], [107.26382293, 47.78771025], [107.2654192, 47.787482], [107.26543596, 47.78747862], [107.26545167, 47.78747344], [107.26546591, 47.7874666], [107.26547831, 47.78745828], [107.26548852, 47.78744872], [107.26549629, 47.78743815], [107.26550138, 47.78742688], [107.26550368, 47.78741519], [107.26550311, 47.78740341], [107.2654997, 47.78739185], [107.26549354, 47.78738082], [107.26541288, 47.78726605], [107.26550516, 47.78725026], [107.26560975, 47.7873991], [107.26561861, 47.78740941], [107.26562987, 47.78741858], [107.26564323, 47.78742639], [107.26565831, 47.7874326], [107.2656747, 47.78743704], [107.26569195, 47.78743961], [107.2657096, 47.78744022], [107.26572716, 47.78743886], [107.26593954, 47.78741028], [107.26599709, 47.78753094], [107.2658089, 47.78755627], [107.26579558, 47.78755889], [107.26578314, 47.78756302], [107.26577193, 47.78756853], [107.26576231, 47.78757526], [107.26575456, 47.78758301], [107.2657489, 47.78759155], [107.26574552, 47.78760062], [107.26574451, 47.78760994], [107.26574591, 47.78761924], [107.26574966, 47.78762824], [107.26829611, 47.79217565], [107.26837104, 47.7921566], [107.26827579, 47.79222852], [107.26813377, 47.79221693], [107.2682087, 47.79219788], [107.26630085, 47.78879096], [107.26629548, 47.78878326], [107.26628838, 47.78877623], [107.26627973, 47.78877004], [107.26626974, 47.78876484], [107.26625866, 47.78876076], [107.26624677, 47.7887579], [107.26623436, 47.78875635], [107.26622175, 47.78875612], [107.26620923, 47.78875723], [107.26619714, 47.78875966], [107.26509737, 47.78904527], [107.26508604, 47.78904892], [107.26507569, 47.78905373], [107.26506659, 47.78905957], [107.26505895, 47.78906629], [107.26505297, 47.78907374], [107.26504879, 47.78908172], [107.26504652, 47.78909005], [107.2650462, 47.78909852], [107.26504786, 47.78910691], [107.26505145, 47.78911503], [107.26692993, 47.79239982], [107.26698597, 47.79238526], [107.26690802, 47.79243656]], [[107.26549425, 47.79100889], [107.26550641, 47.79100646], [107.26587768, 47.79091004], [107.26589279, 47.79090517], [107.26590659, 47.79089876], [107.26591873, 47.79089098], [107.26592891, 47.79088201], [107.26593688, 47.79087208], [107.26594246, 47.79086143], [107.26594549, 47.79085033], [107.2659459, 47.79083904], [107.26594369, 47.79082785], [107.26593891, 47.79081703], [107.26585781, 47.7906752], [107.26585118, 47.79066573], [107.26584258, 47.790657], [107.26583219, 47.79064921], [107.26315808, 47.78891614], [107.26314477, 47.78890827], [107.2631298, 47.7889019], [107.26311352, 47.78889719], [107.26309636, 47.78889425], [107.26307872, 47.78889317], [107.26294162, 47.78889096], [107.26280482, 47.78888451], [107.2626686, 47.78887385], [107.26265075, 47.78887319], [107.26263299, 47.78887454], [107.26261581, 47.78887788], [107.2625997, 47.7888831], [107.26258511, 47.78889005], [107.26257244, 47.78889856], [107.26256205, 47.78890836], [107.26255424, 47.7889192], [107.26254922, 47.78893076], [107.26254714, 47.78894272], [107.26254804, 47.78895475], [107.26255191, 47.78896652], [107.26255864, 47.78897768], [107.26256804, 47.78898792], [107.26257984, 47.78899697], [107.26464787, 47.79033729], [107.26541485, 47.79098962], [107.26542349, 47.79099587], [107.26543349, 47.79100114], [107.26544459, 47.79100527], [107.26545653, 47.79100816], [107.26546899, 47.79100975], [107.26548167, 47.79101], [107.26549425, 47.79100889]], [[107.26427689, 47.78948362], [107.26426739, 47.78948999], [107.2642596, 47.78949735], [107.26425374, 47.78950547], [107.26424997, 47.78951415], [107.2642484, 47.78952312], [107.26424908, 47.78953215], [107.26425198, 47.78954097], [107.26425703, 47.78954934], [107.26426407, 47.78955703], [107.26427293, 47.78956382], [107.26552136, 47.7903729], [107.26553186, 47.79037864], [107.26554365, 47.79038311], [107.26555638, 47.79038618], [107.26556969, 47.79038776], [107.26558321, 47.7903878], [107.26559655, 47.79038632], [107.26560933, 47.79038334], [107.26562118, 47.79037896], [107.26563177, 47.79037329], [107.2656408, 47.79036651], [107.265648, 47.7903588], [107.26565318, 47.79035038], [107.26565618, 47.7903415], [107.26565692, 47.7903324], [107.26565537, 47.79032335], [107.26565159, 47.7903146], [107.26499659, 47.78916917], [107.26499052, 47.7891608], [107.2649824, 47.78915325], [107.26497248, 47.78914676], [107.26496104, 47.78914151], [107.26494844, 47.78913767], [107.26493505, 47.78913535], [107.26492126, 47.78913462], [107.26490749, 47.78913549], [107.26489415, 47.78913795], [107.26488163, 47.78914192], [107.26487032, 47.78914728], [107.26427689, 47.78948362]], [[107.26417107, 47.78946484], [107.26418354, 47.78946231], [107.26419524, 47.78945845], [107.26420585, 47.78945337], [107.26488205, 47.78907012], [107.26489089, 47.78906426], [107.26489828, 47.78905756], [107.26490405, 47.78905017], [107.26490806, 47.78904226], [107.26491021, 47.78903404], [107.26491045, 47.78902569], [107.26490878, 47.78901741], [107.26490523, 47.78900941], [107.26469856, 47.78864798], [107.26469249, 47.78863961], [107.26468437, 47.78863206], [107.26467445, 47.78862557], [107.26466302, 47.78862032], [107.26465043, 47.78861648], [107.26463704, 47.78861416], [107.26462325, 47.78861342], [107.26460948, 47.78861429], [107.26459614, 47.78861675], [107.26458363, 47.78862071], [107.26442719, 47.78867779], [107.26426598, 47.7887285], [107.26410059, 47.78877266], [107.2639316, 47.78881012], [107.2637596, 47.78884075], [107.26358521, 47.78886442], [107.26340903, 47.78888108], [107.26339536, 47.78888291], [107.26338237, 47.78888632], [107.26337045, 47.78889119], [107.26335996, 47.78889739], [107.26335123, 47.78890471], [107.26334452, 47.78891294], [107.26334002, 47.78892184], [107.26333789, 47.78893112], [107.26333817, 47.78894052], [107.26334087, 47.78894973], [107.2633459, 47.7889585], [107.26335311, 47.78896654], [107.26336228, 47.78897361], [107.2640988, 47.78945096], [107.26410889, 47.78945651], [107.26412018, 47.78946088], [107.26413237, 47.78946397], [107.26414514, 47.78946568], [107.26415816, 47.78946597], [107.26417107, 47.78946484]], [[107.26476567, 47.78861527], [107.26496986, 47.78897235], [107.26497528, 47.78897999], [107.26498241, 47.78898696], [107.26499108, 47.7889931], [107.26500105, 47.78899825], [107.26501211, 47.78900228], [107.26502396, 47.78900509], [107.26503631, 47.78900663], [107.26504888, 47.78900684], [107.26506133, 47.78900572], [107.26507338, 47.7890033], [107.26617462, 47.78871731], [107.26618711, 47.78871319], [107.26619835, 47.78870769], [107.26620801, 47.78870096], [107.26621579, 47.7886932], [107.26622147, 47.78868465], [107.26622488, 47.78867557], [107.2662259, 47.78866623], [107.26622451, 47.78865691], [107.26622075, 47.7886479], [107.26596723, 47.78819514], [107.26596186, 47.78818745], [107.26595476, 47.78818042], [107.26594611, 47.78817422], [107.26593612, 47.78816902], [107.26592504, 47.78816494], [107.26591315, 47.78816209], [107.26590074, 47.78816053], [107.26588813, 47.7881603], [107.26587561, 47.78816142], [107.26586352, 47.78816384], [107.26522128, 47.78833063], [107.26515236, 47.78835163], [107.26508741, 47.78837774], [107.26502726, 47.78840864], [107.26491534, 47.78847012], [107.26479914, 47.78852789], [107.2647849, 47.78853768], [107.2647734, 47.78854899], [107.26476497, 47.78856147], [107.26475989, 47.78857474], [107.2647583, 47.78858841], [107.26476024, 47.78860206], [107.26476567, 47.78861527]], [[107.26456181, 47.78856679], [107.26470526, 47.78850586], [107.26484321, 47.7884394], [107.26497519, 47.78836764], [107.26504255, 47.78833304], [107.2651153, 47.78830379], [107.26519248, 47.78828028], [107.26583629, 47.78811308], [107.26584877, 47.78810896], [107.26586002, 47.78810346], [107.26586968, 47.78809673], [107.26587746, 47.78808897], [107.26588314, 47.78808042], [107.26588654, 47.78807134], [107.26588757, 47.788062], [107.26588618, 47.78805268], [107.26588242, 47.78804367], [107.26564791, 47.78762485], [107.26564254, 47.78761716], [107.26563545, 47.78761013], [107.2656268, 47.78760394], [107.26561683, 47.78759874], [107.26560576, 47.78759466], [107.26559388, 47.78759181], [107.26558148, 47.78759024], [107.26556887, 47.78759001], [107.26555637, 47.78759111], [107.26505345, 47.78766303], [107.2650372, 47.78766628], [107.26502193, 47.78767122], [107.265008, 47.78767772], [107.26499578, 47.78768563], [107.26498557, 47.78769474], [107.26490504, 47.78777423], [107.26481722, 47.78785013], [107.26472245, 47.78792214], [107.26462112, 47.78798996], [107.26451362, 47.78805333], [107.26440039, 47.78811199], [107.26428189, 47.78816571], [107.26415858, 47.78821427], [107.26403096, 47.78825748], [107.26389955, 47.78829517], [107.26318889, 47.78839677], [107.26303765, 47.78839819], [107.26288661, 47.78839278], [107.26273644, 47.78838057], [107.26258783, 47.78836161], [107.26244143, 47.78833599], [107.26229791, 47.78830381], [107.26215791, 47.78826523], [107.26202205, 47.78822042], [107.26189095, 47.78816958], [107.26185033, 47.78815605], [107.26180715, 47.78814681], [107.26176239, 47.78814208], [107.26171708, 47.78814195], [107.26167226, 47.78814645], [107.26113878, 47.78822271], [107.26112592, 47.78822533], [107.26111388, 47.78822935], [107.26110301, 47.78823468], [107.26109362, 47.78824116], [107.26108597, 47.78824861], [107.26108028, 47.78825681], [107.2610767, 47.78826554], [107.26107533, 47.78827455], [107.26107623, 47.78828359], [107.26107935, 47.7882924], [107.26108461, 47.78830073], [107.26109187, 47.78830835], [107.26110092, 47.78831505], [107.26122849, 47.78839033], [107.26136236, 47.78846048], [107.26150206, 47.78852525], [107.26164712, 47.78858444], [107.26179704, 47.78863783], [107.26195132, 47.78868525], [107.26210944, 47.78872654], [107.26227086, 47.78876156], [107.26243503, 47.78879018], [107.26260139, 47.78881231], [107.26276938, 47.78882788], [107.26293844, 47.78883682], [107.26310797, 47.78883913], [107.26327743, 47.78883477], [107.26344621, 47.78882378], [107.26361376, 47.78880618], [107.26377951, 47.78878204], [107.26394289, 47.78875143], [107.26410334, 47.78871447], [107.26426034, 47.78867127], [107.26441333, 47.78862199], [107.26456181, 47.78856679]], [[107.26348397, 47.78773453], [107.26348493, 47.78772803], [107.26348424, 47.78772151], [107.26348192, 47.78771516], [107.26347803, 47.78770917], [107.26347269, 47.78770372], [107.26346605, 47.78769895], [107.26345831, 47.78769501], [107.26340411, 47.78767446], [107.26339026, 47.78766879], [107.26337523, 47.7876647], [107.26335941, 47.78766232], [107.26334323, 47.78766171], [107.26332712, 47.78766287], [107.26303778, 47.78770007], [107.26302618, 47.78770194], [107.26301514, 47.787705], [107.26300493, 47.78770916], [107.26299579, 47.78771433], [107.26298794, 47.78772039], [107.26298156, 47.78772719], [107.26297681, 47.78773456], [107.26295241, 47.78777144], [107.26294891, 47.7877775], [107.26294698, 47.78778387], [107.26294668, 47.78779036], [107.26294801, 47.7877968], [107.26295094, 47.78780299], [107.26295538, 47.78780876], [107.26296121, 47.78781394], [107.26296826, 47.78781838], [107.26297631, 47.78782195], [107.26298515, 47.78782455], [107.26299451, 47.78782611], [107.26300413, 47.78782658], [107.26301373, 47.78782594], [107.26343889, 47.78776516], [107.26344822, 47.78776336], [107.26345696, 47.78776053], [107.26346486, 47.78775674], [107.26347169, 47.7877521], [107.26347725, 47.78774675], [107.26348139, 47.78774083], [107.26348397, 47.78773453]], [[107.2646945, 47.78771435], [107.26460867, 47.78772662], [107.26460264, 47.78772783], [107.26459697, 47.78772965], [107.26459179, 47.78773204], [107.26458723, 47.78773496], [107.26458341, 47.78773832], [107.26458041, 47.78774204], [107.26457831, 47.78774603], [107.26457716, 47.78775019], [107.26457699, 47.78775442], [107.26457781, 47.78775862], [107.26458612, 47.78778502], [107.26239929, 47.78809768], [107.26239098, 47.78807128], [107.26238894, 47.78806678], [107.26238577, 47.78806259], [107.26238158, 47.78805883], [107.26237647, 47.78805562], [107.26237062, 47.78805306], [107.2623642, 47.78805122], [107.2623574, 47.78805016], [107.26235043, 47.78804991], [107.2623435, 47.78805049], [107.26211247, 47.78808351], [107.2620999, 47.78808605], [107.26208812, 47.78808994], [107.26207743, 47.78809507], [107.26206813, 47.78810131], [107.26206047, 47.78810849], [107.26205465, 47.78811642], [107.26205083, 47.78812488], [107.26204911, 47.78813365], [107.26204954, 47.78814249], [107.26205211, 47.78815116], [107.26205674, 47.78815944], [107.26206332, 47.78816709], [107.26207167, 47.78817392], [107.26208155, 47.78817973], [107.26209272, 47.78818438], [107.2622113, 47.78822214], [107.26233304, 47.78825502], [107.2624575, 47.78828291], [107.26258423, 47.78830569], [107.26271276, 47.78832329], [107.26284263, 47.78833564], [107.26285293, 47.7883358], [107.26286313, 47.78833478], [107.26287291, 47.7883326], [107.262882, 47.78832932], [107.26289012, 47.78832505], [107.26289704, 47.7883199], [107.26290255, 47.78831403], [107.26290649, 47.78830761], [107.26290874, 47.78830084], [107.26290924, 47.7882939], [107.26290798, 47.78828701], [107.26290382, 47.7882738], [107.26407884, 47.7881058], [107.26408158, 47.78811451], [107.26408491, 47.7881219], [107.26409007, 47.78812879], [107.2640969, 47.78813499], [107.2641052, 47.78814031], [107.26411473, 47.78814459], [107.26412521, 47.78814771], [107.26413632, 47.78814958], [107.26414775, 47.78815014], [107.26415915, 47.78814938], [107.26417018, 47.78814731], [107.26418053, 47.788144], [107.2642915, 47.78809722], [107.26439809, 47.78804604], [107.26449993, 47.78799063], [107.26459665, 47.78793119], [107.26468789, 47.78786795], [107.26477332, 47.78780113], [107.26478072, 47.78779382], [107.26478626, 47.7877858], [107.26478977, 47.78777728], [107.26479117, 47.78776849], [107.26479042, 47.78775966], [107.26478754, 47.78775103], [107.26478261, 47.78774283], [107.26477576, 47.78773529], [107.26476717, 47.7877286], [107.26475707, 47.78772295], [107.26474575, 47.78771848], [107.26473349, 47.78771533], [107.26472063, 47.78771356], [107.26470751, 47.78771323], [107.2646945, 47.78771435]]]}, "geometry_name": "geom", "properties": {"guid": 3241285, "id": 3241285, "object_no": null, "object_name": "Төлөвлөлтийн авто зам", "layer_type_id": 956, "valid_to": null, "address_no": null, "border_type": "solid", "border_width": 1, "border_color": "#999999", "border_opacity": 0.36, "border_wellknown": "shape://horizline", "fill_type": "color", "fill_color": "#bcbcbc", "fill_opacity": 0.36, "fill_wellknown": null, "fill_shape_color": null, "fill_shape_width": null, "fill_shape_size": null, "fill_img_url": null, "marker_img_url": null}},{"type": "Feature", "id": "layer_data_map.fid--27e80436_1a098c1eed1_-588d", "geometry": {"type": "Polygon", "coordinates": [[[107.28391237, 47.77487851], [107.28390395, 47.77487661], [107.28389518, 47.77487569], [107.2838863, 47.77487576], [107.28387756, 47.77487682], [107.28386921, 47.77487884], [107.28386146, 47.77488176], [107.28385454, 47.77488551], [107.28384865, 47.77488999], [107.28384393, 47.77489506], [107.28384052, 47.77490058], [107.28383852, 47.77490641], [107.28383798, 47.77491239], [107.28383892, 47.77491834], [107.28384131, 47.7749241], [107.28384509, 47.77492952], [107.28406047, 47.77518178], [107.28399104, 47.77522667], [107.28364997, 47.77482722], [107.28364024, 47.77481768], [107.28362836, 47.77480932], [107.28361465, 47.77480235], [107.28359946, 47.77479696], [107.28358318, 47.77479328], [107.28158068, 47.77445803], [107.2815257, 47.77445046], [107.28146998, 47.77444604], [107.28037182, 47.77439027], [107.28035472, 47.77439033], [107.28033784, 47.77439222], [107.28032164, 47.77439591], [107.28030652, 47.7744013], [107.28029287, 47.77440825], [107.28028104, 47.77441658], [107.28027133, 47.77442607], [107.280264, 47.77443649], [107.28025923, 47.77444756], [107.28021893, 47.77457998], [107.28012744, 47.77456733], [107.28015986, 47.77446081], [107.28016198, 47.77444869], [107.28016103, 47.77443651], [107.28015704, 47.7744246], [107.28015013, 47.77441333], [107.28014049, 47.774403], [107.28012839, 47.77439392], [107.2801142, 47.77438634], [107.28009831, 47.7743805], [107.28008118, 47.77437654], [107.28006331, 47.7743746], [107.27638465, 47.7741877], [107.27636637, 47.77418783], [107.27634839, 47.77419006], [107.27633124, 47.77419432], [107.27631542, 47.7742005], [107.2763014, 47.7742084], [107.27628958, 47.7742178], [107.27628031, 47.77422843], [107.27627387, 47.77423996], [107.27623376, 47.77433062], [107.27618946, 47.77442038], [107.2761013, 47.77439958], [107.27616632, 47.77426405], [107.27616988, 47.77425264], [107.27617067, 47.77424099], [107.27616865, 47.77422941], [107.27616389, 47.7742182], [107.2761565, 47.77420766], [107.27614669, 47.77419806], [107.2761347, 47.77418966], [107.27612086, 47.77418267], [107.27610553, 47.77417727], [107.2760891, 47.77417362], [107.27607202, 47.77417181], [107.27450355, 47.77409208], [107.27204262, 47.77411044], [107.27202553, 47.7741115], [107.27200891, 47.77411439], [107.27199319, 47.77411904], [107.27197878, 47.77412533], [107.27196605, 47.77413309], [107.27195534, 47.77414213], [107.27194691, 47.77415221], [107.27194098, 47.77416307], [107.27193772, 47.77417443], [107.27193719, 47.77418599], [107.27194639, 47.77430983], [107.27185311, 47.77431298], [107.27184348, 47.77418337], [107.27184098, 47.77417107], [107.27183538, 47.77415925], [107.27182684, 47.77414825], [107.27181563, 47.7741384], [107.27180208, 47.77413], [107.27178658, 47.77412329], [107.2717696, 47.77411848], [107.27175166, 47.77411571], [107.27173327, 47.77411505], [107.27134433, 47.77412392], [107.27134117, 47.77406099], [107.27173943, 47.77405192], [107.27175697, 47.77405053], [107.27177393, 47.77404722], [107.27178985, 47.77404206], [107.27180429, 47.7740352], [107.27181686, 47.77402684], [107.27182721, 47.77401719], [107.27183505, 47.77400652], [107.27184018, 47.77399513], [107.27184245, 47.77398332], [107.27186593, 47.7736403], [107.27214584, 47.77071537], [107.27214551, 47.77070345], [107.27214227, 47.77069174], [107.2721362, 47.77068054], [107.27212747, 47.77067017], [107.27211633, 47.77066092], [107.27210307, 47.77065303], [107.27208806, 47.77064673], [107.27207171, 47.77064218], [107.27196684, 47.77061966], [107.27199518, 47.77055967], [107.27276916, 47.77072584], [107.27363169, 47.77102025], [107.27364463, 47.77102375], [107.27365827, 47.77102569], [107.2736722, 47.77102599], [107.273686, 47.77102467], [107.27369925, 47.77102175], [107.27371155, 47.77101733], [107.27372252, 47.77101153], [107.27373184, 47.77100454], [107.27441283, 47.77039399], [107.27442021, 47.77038601], [107.27442542, 47.77037728], [107.27442831, 47.77036808], [107.27442878, 47.77035868], [107.27442683, 47.77034936], [107.2744225, 47.77034042], [107.27441594, 47.77033212], [107.27440734, 47.77032471], [107.27439696, 47.77031842], [107.27420154, 47.77021937], [107.27425766, 47.77016904], [107.27500417, 47.77054745], [107.27617035, 47.77109037], [107.27618533, 47.77109619], [107.27620151, 47.77110031], [107.27621847, 47.77110261], [107.27623575, 47.77110304], [107.27625291, 47.77110158], [107.2762695, 47.77109827], [107.27628507, 47.77109319], [107.27629922, 47.77108649], [107.27631159, 47.77107834], [107.27632183, 47.77106894], [107.27632969, 47.77105855], [107.27636311, 47.77100385], [107.27636572, 47.77099857], [107.27636723, 47.7709931], [107.27636762, 47.77098755], [107.27635896, 47.77072308], [107.27645233, 47.77072169], [107.27646169, 47.7710078], [107.27639107, 47.77112342], [107.2763856, 47.77113512], [107.27638316, 47.77114727], [107.27638381, 47.77115952], [107.27638754, 47.77117152], [107.27639424, 47.77118292], [107.27640372, 47.77119339], [107.27641569, 47.77120262], [107.27642981, 47.77121035], [107.27719227, 47.77154966], [107.27720817, 47.77155542], [107.27722529, 47.77155928], [107.27724313, 47.77156115], [107.27726118, 47.77156097], [107.27727892, 47.77155874], [107.27729585, 47.77155452], [107.27731149, 47.77154844], [107.27732539, 47.77154067], [107.27774922, 47.77125964], [107.27781471, 47.77130452], [107.27743893, 47.7715537], [107.2774276, 47.77156253], [107.27741855, 47.77157249], [107.277412, 47.7715833], [107.27740814, 47.77159468], [107.27740705, 47.77160633], [107.27740878, 47.77161795], [107.27741327, 47.77162923], [107.27742041, 47.77163987], [107.27743001, 47.77164959], [107.27744181, 47.77165814], [107.2774555, 47.77166528], [107.27807064, 47.77193548], [107.27893774, 47.77230772], [107.28228772, 47.77376392], [107.28260559, 47.77392738], [107.28299292, 47.77415585], [107.28340991, 47.7744951], [107.28366767, 47.7747287], [107.28367676, 47.7747359], [107.28368719, 47.77474224], [107.28369875, 47.7747476], [107.28371126, 47.77475189], [107.28441211, 47.77495441], [107.28433889, 47.77500176], [107.28391237, 47.77487851]], [[107.28159265, 47.77434686], [107.28159046, 47.77435395], [107.28158999, 47.77436119], [107.28159125, 47.77436839], [107.28159421, 47.77437535], [107.28159879, 47.77438191], [107.28160487, 47.77438789], [107.2816123, 47.77439313], [107.28162088, 47.77439749], [107.28163039, 47.77440087], [107.28164058, 47.77440318], [107.28325439, 47.77467336], [107.2832716, 47.77467525], [107.28328904, 47.77467523], [107.28330625, 47.77467329], [107.28332275, 47.77466949], [107.28333812, 47.77466393], [107.28335194, 47.77465676], [107.28336384, 47.77464816], [107.28337351, 47.77463837], [107.28338068, 47.77462766], [107.28338516, 47.7746163], [107.28338685, 47.77460459], [107.28338568, 47.77459286], [107.28338169, 47.77458142], [107.283375, 47.77457056], [107.28336576, 47.77456058], [107.28333643, 47.774534], [107.28310739, 47.77434766], [107.28309628, 47.77433989], [107.28308358, 47.77433333], [107.28306957, 47.77432812], [107.28305456, 47.77432439], [107.2817788, 47.77407825], [107.28176743, 47.77407676], [107.28175586, 47.77407662], [107.28174442, 47.77407783], [107.28173346, 47.77408035], [107.28172332, 47.77408411], [107.2817143, 47.774089], [107.28170666, 47.77409487], [107.28170065, 47.77410154], [107.28169643, 47.7741088], [107.28159265, 47.77434686]], [[107.28281359, 47.77417068], [107.28279293, 47.77418865], [107.28278938, 47.77419232], [107.28278676, 47.77419633], [107.28278514, 47.77420057], [107.28278455, 47.77420494], [107.28278502, 47.77420931], [107.28278654, 47.77421357], [107.28278906, 47.77421761], [107.28279251, 47.77422132], [107.28279681, 47.77422461], [107.28280185, 47.77422738], [107.28280748, 47.77422957], [107.28281356, 47.77423111], [107.28288657, 47.7742452], [107.28289322, 47.77424608], [107.28289999, 47.77424619], [107.28290669, 47.77424553], [107.28291313, 47.77424412], [107.28291913, 47.774242], [107.28292451, 47.77423922], [107.28292912, 47.77423588], [107.28293283, 47.77423205], [107.28293552, 47.77422786], [107.28293713, 47.77422343], [107.28293761, 47.77421887], [107.28293694, 47.77421433], [107.28293514, 47.77420993], [107.28293227, 47.77420579], [107.28292841, 47.77420204], [107.28292578, 47.7741999], [107.28254644, 47.77397616], [107.282234, 47.77381548], [107.28196457, 47.77369837], [107.28195463, 47.77369481], [107.28194395, 47.77369243], [107.28193282, 47.77369129], [107.28192157, 47.77369143], [107.28191051, 47.77369284], [107.28189997, 47.77369549], [107.28189023, 47.77369929], [107.28188158, 47.77370414], [107.28187426, 47.7737099], [107.28186848, 47.77371641], [107.28186441, 47.77372349], [107.28175286, 47.77397936], [107.2817507, 47.7739863], [107.28175018, 47.77399338], [107.28175133, 47.77400042], [107.28175409, 47.77400726], [107.28175842, 47.77401372], [107.2817642, 47.77401964], [107.28177129, 47.77402488], [107.28177951, 47.7740293], [107.28178866, 47.77403279], [107.28179851, 47.77403527], [107.28235629, 47.77414289], [107.28236081, 47.77414348], [107.2823654, 47.77414355], [107.28236995, 47.77414307], [107.28237431, 47.77414208], [107.28237835, 47.7741406], [107.28238195, 47.77413868], [107.28238501, 47.77413636], [107.28238744, 47.77413373], [107.28238916, 47.77413085], [107.28239012, 47.77412782], [107.28239029, 47.77412472], [107.28238967, 47.77412165], [107.28238827, 47.77411869], [107.28238615, 47.77411594], [107.28238336, 47.77411348], [107.28237998, 47.77411138], [107.28235075, 47.77409612], [107.28243246, 47.77402501], [107.28247465, 47.77404704], [107.2824764, 47.77404781], [107.28247831, 47.77404839], [107.28248033, 47.77404877], [107.28248241, 47.77404892], [107.2824845, 47.77404885], [107.28248655, 47.77404857], [107.28248851, 47.77404807], [107.28249033, 47.77404737], [107.28249196, 47.77404648], [107.28249337, 47.77404544], [107.28252351, 47.77401921], [107.28281359, 47.77417068]], [[107.28160914, 47.77392623], [107.28162143, 47.77392798], [107.28163398, 47.7739284], [107.28164647, 47.7739275], [107.2816586, 47.77392529], [107.28167006, 47.77392183], [107.28168058, 47.7739172], [107.2816899, 47.77391152], [107.28169779, 47.77390493], [107.28170404, 47.77389758], [107.28170852, 47.77388967], [107.28180536, 47.77366753], [107.28180754, 47.77366048], [107.28180803, 47.77365327], [107.28180679, 47.77364611], [107.28180388, 47.77363918], [107.28179936, 47.77363264], [107.28179335, 47.77362668], [107.281786, 47.77362144], [107.28177751, 47.77361706], [107.28085021, 47.77321399], [107.28084099, 47.77321064], [107.2808311, 47.7732083], [107.2808208, 47.77320704], [107.28081032, 47.77320688], [107.28079994, 47.77320783], [107.28078991, 47.77320986], [107.28078047, 47.77321292], [107.28077186, 47.77321695], [107.28076429, 47.77322183], [107.28075795, 47.77322745], [107.28039034, 47.77361267], [107.28038403, 47.77362071], [107.2803798, 47.77362935], [107.28037779, 47.77363835], [107.28037804, 47.77364744], [107.28038057, 47.77365638], [107.28038528, 47.77366491], [107.28039205, 47.77367278], [107.28040068, 47.77367977], [107.28041093, 47.77368568], [107.28042252, 47.77369035], [107.2804351, 47.77369365], [107.28160914, 47.77392623]], [[107.28017439, 47.77364989], [107.28019066, 47.77365166], [107.28020714, 47.77365172], [107.28022343, 47.77365007], [107.28023916, 47.77364674], [107.28025393, 47.77364183], [107.28026741, 47.77363544], [107.28027927, 47.77362773], [107.28028923, 47.77361888], [107.28069075, 47.77319812], [107.28069616, 47.77319119], [107.28069971, 47.77318373], [107.28070128, 47.77317597], [107.28070083, 47.77316814], [107.28069837, 47.77316048], [107.28069398, 47.77315323], [107.28068779, 47.7731466], [107.28067998, 47.7731408], [107.2806708, 47.773136], [107.28007897, 47.77287873], [107.28006948, 47.77287531], [107.2800593, 47.77287295], [107.28004869, 47.77287173], [107.28003792, 47.77287168], [107.28002729, 47.77287279], [107.28001705, 47.77287505], [107.28000749, 47.77287838], [107.27999885, 47.77288271], [107.27999135, 47.77288791], [107.27998519, 47.77289387], [107.27998054, 47.77290041], [107.2799775, 47.77290737], [107.27997617, 47.77291458], [107.27993409, 47.77356715], [107.27993451, 47.77357551], [107.27993685, 47.77358373], [107.27994104, 47.7735916], [107.27994698, 47.77359894], [107.27995454, 47.77360558], [107.27996353, 47.77361135], [107.27997373, 47.77361611], [107.2799849, 47.77361975], [107.27999677, 47.77362219], [107.28017439, 47.77364989]], [[107.27981343, 47.77295304], [107.27982737, 47.77295262], [107.27984099, 47.77295059], [107.27985388, 47.77294698], [107.27986565, 47.77294193], [107.27987594, 47.77293557], [107.27988443, 47.77292811], [107.27989087, 47.77291976], [107.27989507, 47.77291079], [107.27989688, 47.77290146], [107.27990062, 47.77284359], [107.27989981, 47.77283113], [107.27989583, 47.77281894], [107.27988879, 47.77280741], [107.27987889, 47.77279687], [107.27986645, 47.77278764], [107.27985182, 47.77277999], [107.27897332, 47.7723981], [107.27896098, 47.77239348], [107.27894785, 47.77239001], [107.27893414, 47.77238773], [107.27892011, 47.77238668], [107.2765496, 47.77231718], [107.27653902, 47.77231743], [107.27652863, 47.77231881], [107.2765187, 47.77232129], [107.27650947, 47.77232478], [107.27650118, 47.77232922], [107.27649404, 47.77233449], [107.27648822, 47.77234046], [107.27648388, 47.77234696], [107.27648112, 47.77235385], [107.27648001, 47.77236095], [107.2764629, 47.77281059], [107.27646359, 47.77281833], [107.27646625, 47.77282587], [107.27647079, 47.77283299], [107.27647707, 47.77283948], [107.27648492, 47.77284515], [107.27649409, 47.77284982], [107.27650431, 47.77285336], [107.27651529, 47.77285567], [107.27652669, 47.77285667], [107.27790549, 47.77289711], [107.27791177, 47.77289696], [107.27791793, 47.77289615], [107.27792384, 47.7728947], [107.27792933, 47.77289265], [107.27793428, 47.77289004], [107.27793856, 47.77288695], [107.27794207, 47.77288343], [107.27794473, 47.7728796], [107.27794646, 47.77287553], [107.27794722, 47.77287132], [107.27794917, 47.77284112], [107.27798916, 47.7728423], [107.27798721, 47.7728725], [107.27798751, 47.7728772], [107.27798903, 47.77288179], [107.2779917, 47.77288613], [107.27799545, 47.7728901], [107.27800016, 47.77289357], [107.2780057, 47.77289643], [107.27801189, 47.7728986], [107.27801854, 47.77290001], [107.27802546, 47.77290063], [107.27803692, 47.77290096], [107.2780432, 47.77290081], [107.27804936, 47.77290001], [107.27805526, 47.77289856], [107.27806076, 47.7728965], [107.27806571, 47.7728939], [107.27806999, 47.7728908], [107.2780735, 47.77288729], [107.27807615, 47.77288345], [107.27807788, 47.77287938], [107.27807865, 47.77287518], [107.27808039, 47.77284822], [107.27841363, 47.77285799], [107.27841189, 47.77288495], [107.27841211, 47.77288918], [107.27841331, 47.77289334], [107.27841546, 47.77289731], [107.27841851, 47.77290102], [107.27842238, 47.77290435], [107.27842697, 47.77290724], [107.27843218, 47.77290961], [107.27843787, 47.7729114], [107.27844391, 47.77291256], [107.27845014, 47.77291308], [107.27926546, 47.77293698], [107.27927174, 47.77293683], [107.2792779, 47.77293602], [107.2792838, 47.77293457], [107.2792893, 47.77293252], [107.27929425, 47.77292991], [107.27929853, 47.77292681], [107.27930204, 47.7729233], [107.27930469, 47.77291946], [107.27930642, 47.77291539], [107.27930719, 47.77291119], [107.27930914, 47.77288099], [107.27934912, 47.77288216], [107.27934718, 47.77291236], [107.2793474, 47.77291659], [107.2793486, 47.77292075], [107.27935075, 47.77292473], [107.27935379, 47.77292843], [107.27935766, 47.77293177], [107.27936225, 47.77293465], [107.27936746, 47.77293702], [107.27937316, 47.77293881], [107.27937919, 47.77293998], [107.27938543, 47.77294049], [107.27960154, 47.77294683], [107.27960782, 47.77294668], [107.27961398, 47.77294587], [107.27961988, 47.77294442], [107.27962538, 47.77294237], [107.27963032, 47.77293976], [107.27963461, 47.77293666], [107.27963812, 47.77293315], [107.27964077, 47.77292931], [107.2796425, 47.77292524], [107.27964327, 47.77292104], [107.27964521, 47.77289084], [107.2796852, 47.77289201], [107.27968326, 47.77292221], [107.27968348, 47.77292644], [107.27968468, 47.7729306], [107.27968683, 47.77293458], [107.27968987, 47.77293828], [107.27969374, 47.77294162], [107.27969833, 47.7729445], [107.27970354, 47.77294687], [107.27970923, 47.77294866], [107.27971527, 47.77294983], [107.27972151, 47.77295034], [107.27981343, 47.77295304]], [[107.27783213, 47.77227376], [107.27783244, 47.77227846], [107.27783395, 47.77228305], [107.27783662, 47.7722874], [107.27784037, 47.77229137], [107.27784508, 47.77229483], [107.27785062, 47.7722977], [107.27785681, 47.77229987], [107.27786346, 47.77230128], [107.27787038, 47.77230189], [107.27856606, 47.77232229], [107.27857696, 47.77232201], [107.27858764, 47.77232053], [107.27859782, 47.77231791], [107.27860723, 47.77231419], [107.27861562, 47.7723095], [107.27862276, 47.77230395], [107.27862847, 47.77229768], [107.27863259, 47.77229088], [107.278635, 47.77228371], [107.27863565, 47.77227637], [107.27863452, 47.77226906], [107.27863164, 47.77226197], [107.27862709, 47.77225529], [107.27862098, 47.7722492], [107.27861348, 47.77224387], [107.27860479, 47.77223943], [107.27802006, 47.77198841], [107.27733157, 47.77168599], [107.27681649, 47.77145974], [107.27680087, 47.77145407], [107.27678407, 47.77145022], [107.27676655, 47.77144829], [107.2767488, 47.77144836], [107.27673131, 47.7714504], [107.27671457, 47.77145437], [107.27669903, 47.77146015], [107.27668513, 47.77146759], [107.27667326, 47.77147648], [107.27666373, 47.77148657], [107.27665681, 47.77149759], [107.2766527, 47.77150923], [107.27649449, 47.77221171], [107.27649375, 47.77221923], [107.27649487, 47.77222673], [107.27649784, 47.772234], [107.27650257, 47.77224083], [107.27650893, 47.77224703], [107.27651673, 47.77225243], [107.27652576, 47.77225687], [107.27653576, 47.77226024], [107.27654646, 47.77226243], [107.27655755, 47.77226339], [107.2772039, 47.77228235], [107.27721018, 47.7722822], [107.27721634, 47.77228139], [107.27722225, 47.77227994], [107.27722774, 47.77227789], [107.27723269, 47.77227528], [107.27723697, 47.77227219], [107.27724048, 47.77226867], [107.27724313, 47.77226484], [107.27724487, 47.77226077], [107.27724563, 47.77225656], [107.27724783, 47.77222254], [107.27730114, 47.7722241], [107.27729895, 47.77225813], [107.27729925, 47.77226283], [107.27730076, 47.77226742], [107.27730344, 47.77227176], [107.27730719, 47.77227573], [107.2773119, 47.7722792], [107.27731744, 47.77228206], [107.27732363, 47.77228423], [107.27733028, 47.77228565], [107.2773372, 47.77228626], [107.27747049, 47.77229017], [107.27747677, 47.77229002], [107.27748294, 47.77228921], [107.27748884, 47.77228776], [107.27749433, 47.77228571], [107.27749928, 47.7722831], [107.27750356, 47.77228], [107.27750707, 47.77227649], [107.27750973, 47.77227266], [107.27751146, 47.77226859], [107.27751222, 47.77226438], [107.27751442, 47.77223036], [107.27756774, 47.77223192], [107.27756554, 47.77226595], [107.27756585, 47.77227064], [107.27756736, 47.77227524], [107.27757003, 47.77227958], [107.27757378, 47.77228355], [107.27757849, 47.77228702], [107.27758403, 47.77228988], [107.27759022, 47.77229205], [107.27759687, 47.77229346], [107.27760379, 47.77229408], [107.27773709, 47.77229798], [107.27774336, 47.77229784], [107.27774953, 47.77229703], [107.27775543, 47.77229558], [107.27776092, 47.77229353], [107.27776587, 47.77229092], [107.27777015, 47.77228782], [107.27777367, 47.77228431], [107.27777632, 47.77228047], [107.27777805, 47.7722764], [107.27777881, 47.7722722], [107.27778101, 47.77223817], [107.27783433, 47.77223974], [107.27783213, 47.77227376]], [[107.27631448, 47.77216043], [107.27632423, 47.77216421], [107.27633479, 47.77216682], [107.27634584, 47.7721682], [107.27635709, 47.77216831], [107.2763682, 47.77216715], [107.27637887, 47.77216474], [107.27638878, 47.77216116], [107.27639766, 47.77215651], [107.27640525, 47.77215092], [107.27641135, 47.77214454], [107.27641577, 47.77213757], [107.27641838, 47.7721302], [107.27658119, 47.77140726], [107.2765824, 47.77139582], [107.27658089, 47.7713844], [107.27657671, 47.77137328], [107.27656996, 47.77136275], [107.27656081, 47.77135308], [107.2765495, 47.7713445], [107.27653632, 47.77133726], [107.27572185, 47.77095808], [107.27571175, 47.77095421], [107.2757008, 47.77095158], [107.27568934, 47.77095026], [107.27567772, 47.77095031], [107.27566629, 47.77095172], [107.27565539, 47.77095444], [107.27564536, 47.7709584], [107.2756365, 47.77096347], [107.27562908, 47.7709695], [107.27506232, 47.77152178], [107.27505706, 47.77152788], [107.27505327, 47.77153446], [107.27505107, 47.77154136], [107.27505049, 47.77154841], [107.27505155, 47.77155543], [107.27505423, 47.77156225], [107.27505846, 47.7715687], [107.27506413, 47.77157463], [107.27507111, 47.77157989], [107.27507923, 47.77158435], [107.27631448, 47.77216043]], [[107.27490367, 47.77150248], [107.27491377, 47.77150636], [107.27492472, 47.771509], [107.27493619, 47.77151031], [107.27494781, 47.77151027], [107.27495925, 47.77150886], [107.27497016, 47.77150614], [107.2749802, 47.77150218], [107.27498906, 47.77149711], [107.27499648, 47.77149108], [107.27556315, 47.7709389], [107.27556841, 47.77093279], [107.27557219, 47.77092621], [107.2755744, 47.77091931], [107.27557498, 47.77091226], [107.27557391, 47.77090523], [107.27557122, 47.77089841], [107.27556699, 47.77089195], [107.27556131, 47.77088602], [107.27555432, 47.77088076], [107.27554619, 47.77087631], [107.27494955, 47.77059853], [107.2745889, 47.77041572], [107.2745783, 47.77041118], [107.27456677, 47.77040781], [107.27455461, 47.7704057], [107.27454211, 47.7704049], [107.27452957, 47.77040542], [107.27451731, 47.77040726], [107.27450562, 47.77041037], [107.27449481, 47.77041468], [107.27448512, 47.77042007], [107.27447681, 47.77042642], [107.27382149, 47.77101396], [107.27381469, 47.77102118], [107.27380967, 47.77102905], [107.27380656, 47.77103735], [107.27380543, 47.77104587], [107.27380631, 47.77105441], [107.27380919, 47.77106275], [107.27381399, 47.77107068], [107.27382059, 47.77107799], [107.27382882, 47.77108451], [107.27383848, 47.77109007], [107.27384932, 47.77109453], [107.27451935, 47.77132323], [107.27490367, 47.77150248]], [[107.27447146, 47.77137746], [107.27273366, 47.77078429], [107.27237302, 47.77070687], [107.27235588, 47.77070421], [107.27233832, 47.77070349], [107.27232083, 47.77070472], [107.27230388, 47.77070788], [107.27228792, 47.77071286], [107.27227339, 47.77071955], [107.27226069, 47.77072775], [107.27225016, 47.77073725], [107.27224209, 47.77074778], [107.27223669, 47.77075907], [107.27223412, 47.7707708], [107.2722226, 47.7708912], [107.27222284, 47.77090014], [107.27222528, 47.77090893], [107.27222983, 47.77091732], [107.27223637, 47.7709251], [107.27224473, 47.77093204], [107.27225468, 47.77093796], [107.27226593, 47.77094268], [107.27227819, 47.77094609], [107.27259423, 47.77101394], [107.27428334, 47.77159049], [107.27463081, 47.77175255], [107.27464294, 47.7717572], [107.27465608, 47.77176037], [107.27466983, 47.77176195], [107.27468378, 47.7717619], [107.27469751, 47.77176021], [107.2747106, 47.77175695], [107.27472264, 47.7717522], [107.27473328, 47.77174611], [107.27474219, 47.77173887], [107.27486744, 47.77161682], [107.2748727, 47.77161072], [107.27487648, 47.77160414], [107.27487869, 47.77159724], [107.27487927, 47.7715902], [107.27487821, 47.77158318], [107.27487553, 47.77157635], [107.2748713, 47.7715699], [107.27486563, 47.77156397], [107.27485865, 47.77155871], [107.27485053, 47.77155425], [107.27447146, 47.77137746]], [[107.27437798, 47.77176083], [107.27438485, 47.77176063], [107.27439157, 47.77175965], [107.27439793, 47.7717579], [107.27440377, 47.77175544], [107.27440889, 47.77175235], [107.27441315, 47.77174871], [107.27441642, 47.77174464], [107.27441861, 47.77174024], [107.27441966, 47.77173566], [107.27441952, 47.77173103], [107.27441821, 47.77172648], [107.27441577, 47.77172215], [107.27441226, 47.77171816], [107.27440779, 47.77171464], [107.27440249, 47.77171168], [107.2742423, 47.77163697], [107.27256381, 47.77106405], [107.27231084, 47.77100974], [107.27229799, 47.77100775], [107.27228482, 47.77100721], [107.2722717, 47.77100813], [107.27225898, 47.7710105], [107.27224702, 47.77101424], [107.27223612, 47.77101925], [107.2722266, 47.7710254], [107.2722187, 47.77103253], [107.27221265, 47.77104043], [107.2722086, 47.77104889], [107.27220667, 47.77105769], [107.27215092, 47.77164029], [107.27215111, 47.77164887], [107.27215332, 47.77165732], [107.27215748, 47.77166543], [107.2721635, 47.77167299], [107.27217123, 47.77167981], [107.27218045, 47.77168572], [107.27219095, 47.77169057], [107.27220246, 47.77169424], [107.27221469, 47.77169663], [107.27222732, 47.77169768], [107.27437798, 47.77176083]], [[107.27243338, 47.77178476], [107.27243307, 47.77178006], [107.27243156, 47.77177547], [107.27242889, 47.77177112], [107.27242514, 47.77176716], [107.27242043, 47.77176369], [107.27241489, 47.77176083], [107.2724087, 47.77175866], [107.27240205, 47.77175724], [107.27239513, 47.77175663], [107.27221882, 47.77175145], [107.27220507, 47.77175185], [107.27219161, 47.77175382], [107.27217886, 47.77175733], [107.27216719, 47.77176225], [107.27215694, 47.77176845], [107.27214842, 47.77177574], [107.27214188, 47.77178391], [107.27213752, 47.77179271], [107.27213545, 47.77180189], [107.27208284, 47.77235168], [107.272083, 47.77235883], [107.27208484, 47.77236587], [107.27208831, 47.77237263], [107.27209333, 47.77237893], [107.27209977, 47.77238461], [107.27210746, 47.77238954], [107.27211621, 47.77239358], [107.2721258, 47.77239663], [107.27213598, 47.77239862], [107.27214651, 47.7723995], [107.27631254, 47.77252179], [107.27632312, 47.77252153], [107.2763335, 47.77252015], [107.27634343, 47.77251768], [107.27635266, 47.77251418], [107.27636095, 47.77250974], [107.27636809, 47.77250447], [107.27637391, 47.77249851], [107.27637825, 47.772492], [107.27638102, 47.77248511], [107.27638213, 47.77247801], [107.27638774, 47.77233053], [107.27638624, 47.77231274], [107.27638041, 47.77229537], [107.27637043, 47.77227888], [107.27635657, 47.77226372], [107.27633919, 47.7722503], [107.27631877, 47.772239], [107.27502609, 47.77163613], [107.27501599, 47.77163225], [107.27500504, 47.77162961], [107.27499357, 47.77162829], [107.27498195, 47.77162833], [107.27497051, 47.77162974], [107.2749596, 47.77163246], [107.27494956, 47.77163642], [107.2749407, 47.77164149], [107.27493327, 47.77164753], [107.27480802, 47.77176957], [107.27480171, 47.77177689], [107.27479717, 47.77178479], [107.27479452, 47.77179307], [107.27479383, 47.77180152], [107.2747951, 47.77180995], [107.27479832, 47.77181813], [107.27480339, 47.77182588], [107.2748102, 47.771833], [107.27481858, 47.77183931], [107.27482831, 47.77184466], [107.27516981, 47.77200392], [107.27506744, 47.77210368], [107.27462989, 47.77209084], [107.27463776, 47.77196906], [107.27470987, 47.77189879], [107.27471408, 47.77189391], [107.27471711, 47.77188864], [107.27471887, 47.77188312], [107.27471934, 47.77187749], [107.27471849, 47.77187187], [107.27471635, 47.77186641], [107.27471296, 47.77186125], [107.27470842, 47.7718565], [107.27470284, 47.7718523], [107.27469635, 47.77184873], [107.27466552, 47.77183435], [107.27465263, 47.77182921], [107.27463881, 47.77182532], [107.27462431, 47.77182279], [107.27460943, 47.77182164], [107.27457184, 47.77182054], [107.27456487, 47.77182074], [107.27455805, 47.77182176], [107.27455161, 47.77182356], [107.27454572, 47.77182609], [107.27454058, 47.77182927], [107.27453633, 47.771833], [107.27453311, 47.77183717], [107.27453102, 47.77184166], [107.27453011, 47.77184632], [107.27452733, 47.77188927], [107.27445191, 47.77188706], [107.27445468, 47.77184411], [107.27445446, 47.77183988], [107.27445326, 47.77183572], [107.27445111, 47.77183174], [107.27444807, 47.77182804], [107.2744442, 47.7718247], [107.27443961, 47.77182181], [107.2744344, 47.77181945], [107.27442871, 47.77181766], [107.27442267, 47.77181649], [107.27441643, 47.77181598], [107.27436712, 47.77181453], [107.27436084, 47.77181468], [107.27435467, 47.77181548], [107.27434877, 47.77181693], [107.27434328, 47.77181899], [107.27433833, 47.77182159], [107.27433405, 47.77182469], [107.27433053, 47.7718282], [107.27432788, 47.77183204], [107.27432615, 47.77183611], [107.27432539, 47.77184031], [107.27432261, 47.77188326], [107.27424719, 47.77188105], [107.27424996, 47.7718381], [107.27424966, 47.7718334], [107.27424815, 47.77182881], [107.27424547, 47.77182446], [107.27424173, 47.7718205], [107.27423701, 47.77181703], [107.27423148, 47.77181417], [107.27422529, 47.77181199], [107.27421863, 47.77181058], [107.27421171, 47.77180997], [107.27411486, 47.77180712], [107.27410858, 47.77180727], [107.27410242, 47.77180808], [107.27409652, 47.77180953], [107.27409102, 47.77181158], [107.27408607, 47.77181419], [107.27408179, 47.77181729], [107.27407828, 47.7718208], [107.27407562, 47.77182463], [107.27407389, 47.7718287], [107.27407313, 47.77183291], [107.27407036, 47.77187586], [107.27399493, 47.77187365], [107.27399771, 47.77183069], [107.27399749, 47.77182646], [107.27399629, 47.77182231], [107.27399414, 47.77181833], [107.27399109, 47.77181462], [107.27398722, 47.77181129], [107.27398263, 47.7718084], [107.27397742, 47.77180603], [107.27397173, 47.77180424], [107.27396569, 47.77180308], [107.27395946, 47.77180256], [107.27391014, 47.77180111], [107.27390386, 47.77180126], [107.2738977, 47.77180207], [107.27389179, 47.77180352], [107.2738863, 47.77180557], [107.27388135, 47.77180818], [107.27387707, 47.77181128], [107.27387356, 47.77181479], [107.2738709, 47.77181862], [107.27386917, 47.77182269], [107.27386841, 47.7718269], [107.27386563, 47.77186985], [107.27379021, 47.77186764], [107.27379299, 47.77182468], [107.27379268, 47.77181998], [107.27379117, 47.77181539], [107.2737885, 47.77181105], [107.27378475, 47.77180708], [107.27378003, 47.77180361], [107.2737745, 47.77180075], [107.27376831, 47.77179858], [107.27376166, 47.77179716], [107.27375474, 47.77179655], [107.27320845, 47.77178051], [107.27320218, 47.77178066], [107.27319601, 47.77178147], [107.27319011, 47.77178292], [107.27318462, 47.77178497], [107.27317967, 47.77178758], [107.27317539, 47.77179067], [107.27317187, 47.77179419], [107.27316922, 47.77179802], [107.27316749, 47.77180209], [107.27316672, 47.7718063], [107.27316395, 47.77184925], [107.27308852, 47.77184703], [107.2730913, 47.77180408], [107.27309108, 47.77179985], [107.27308988, 47.77179569], [107.27308773, 47.77179171], [107.27308469, 47.77178801], [107.27308082, 47.77178468], [107.27307623, 47.77178179], [107.27307102, 47.77177942], [107.27306533, 47.77177763], [107.27305929, 47.77177647], [107.27305305, 47.77177595], [107.27300373, 47.7717745], [107.27299746, 47.77177465], [107.27299129, 47.77177546], [107.27298539, 47.77177691], [107.2729799, 47.77177896], [107.27297495, 47.77178157], [107.27297066, 47.77178466], [107.27296715, 47.77178817], [107.2729645, 47.77179201], [107.27296277, 47.77179608], [107.272962, 47.77180028], [107.27295923, 47.77184324], [107.2728838, 47.77184102], [107.27288658, 47.77179807], [107.27288627, 47.77179337], [107.27288476, 47.77178878], [107.27288209, 47.77178443], [107.27287834, 47.77178047], [107.27287363, 47.771777], [107.27286809, 47.77177414], [107.27286191, 47.77177197], [107.27285525, 47.77177055], [107.27284833, 47.77176994], [107.27275525, 47.7717672], [107.27274898, 47.77176735], [107.27274281, 47.77176816], [107.27273691, 47.77176961], [107.27273141, 47.77177166], [107.27272647, 47.77177427], [107.27272218, 47.77177737], [107.27271867, 47.77178088], [107.27271602, 47.77178471], [107.27271429, 47.77178879], [107.27271352, 47.77179299], [107.27271075, 47.77183594], [107.27263532, 47.77183372], [107.2726381, 47.77179077], [107.27263779, 47.77178607], [107.27263628, 47.77178148], [107.27263361, 47.77177714], [107.27262986, 47.77177317], [107.27262515, 47.7717697], [107.27261961, 47.77176684], [107.27261342, 47.77176467], [107.27260677, 47.77176325], [107.27259985, 47.77176264], [107.27255053, 47.77176119], [107.27254426, 47.77176134], [107.27253809, 47.77176215], [107.27253219, 47.7717636], [107.27252669, 47.77176565], [107.27252175, 47.77176826], [107.27251746, 47.77177135], [107.27251395, 47.77177487], [107.2725113, 47.7717787], [107.27250957, 47.77178277], [107.2725088, 47.77178698], [107.27250603, 47.77182993], [107.2724306, 47.77182771], [107.27243338, 47.77178476]], [[107.27396033, 47.77252479], [107.27396019, 47.77252196], [107.27395939, 47.77251919], [107.27395795, 47.77251654], [107.27395592, 47.77251407], [107.27395335, 47.77251185], [107.27395028, 47.77250992], [107.27394681, 47.77250835], [107.27394302, 47.77250715], [107.27393899, 47.77250637], [107.27393483, 47.77250603], [107.27213857, 47.77245329], [107.27212711, 47.77245362], [107.2721159, 47.77245526], [107.27210527, 47.77245818], [107.27209554, 47.77246229], [107.27208701, 47.77246745], [107.27207991, 47.77247353], [107.27207445, 47.77248034], [107.27207082, 47.77248767], [107.27206909, 47.77249532], [107.27201583, 47.77305193], [107.27201599, 47.77305908], [107.27201783, 47.77306613], [107.2720213, 47.77307288], [107.27202632, 47.77307918], [107.27203275, 47.77308487], [107.27204044, 47.77308979], [107.27204919, 47.77309383], [107.27205878, 47.77309689], [107.27206897, 47.77309888], [107.2720795, 47.77309976], [107.27387971, 47.77315262], [107.27388599, 47.77315247], [107.27389215, 47.77315166], [107.27389806, 47.77315021], [107.27390355, 47.77314816], [107.2739085, 47.77314555], [107.27391278, 47.77314246], [107.27391629, 47.77313895], [107.27391895, 47.77313511], [107.27392068, 47.77313104], [107.27392144, 47.77312684], [107.27392371, 47.77309179], [107.27392355, 47.77308944], [107.2739228, 47.77308715], [107.27392146, 47.77308497], [107.27391959, 47.77308299], [107.27391723, 47.77308126], [107.27391446, 47.77307982], [107.27391137, 47.77307874], [107.27390804, 47.77307803], [107.27390458, 47.77307772], [107.27388459, 47.77307714], [107.27389713, 47.77288304], [107.27400376, 47.77288617], [107.27398751, 47.77313778], [107.27398771, 47.77314091], [107.27398872, 47.77314397], [107.2739905, 47.77314687], [107.273993, 47.77314951], [107.27399615, 47.77315182], [107.27399984, 47.77315373], [107.27400396, 47.77315518], [107.2740084, 47.77315612], [107.27401301, 47.77315653], [107.27402299, 47.77315682], [107.27402718, 47.77315673], [107.27403129, 47.77315619], [107.27403522, 47.77315522], [107.27403889, 47.77315385], [107.27404219, 47.77315211], [107.27404504, 47.77315005], [107.27404738, 47.77314771], [107.27404915, 47.77314515], [107.27405031, 47.77314244], [107.27405082, 47.77313964], [107.27405343, 47.7730992], [107.27435335, 47.773108], [107.27435074, 47.77314844], [107.27435094, 47.77315157], [107.27435195, 47.77315463], [107.27435373, 47.77315753], [107.27435623, 47.77316017], [107.27435937, 47.77316249], [107.27436306, 47.77316439], [107.27436719, 47.77316584], [107.27437162, 47.77316678], [107.27437624, 47.77316719], [107.27438622, 47.77316749], [107.2743904, 47.77316739], [107.27439451, 47.77316685], [107.27439845, 47.77316588], [107.27440211, 47.77316451], [107.27440541, 47.77316278], [107.27440827, 47.77316071], [107.27441061, 47.77315837], [107.27441238, 47.77315581], [107.27441353, 47.7731531], [107.27441404, 47.7731503], [107.27443029, 47.77289869], [107.27453693, 47.77290182], [107.27452439, 47.77309592], [107.2745044, 47.77309533], [107.27450091, 47.77309543], [107.27449751, 47.77309594], [107.27449428, 47.77309684], [107.27449134, 47.77309811], [107.27448877, 47.7730997], [107.27448665, 47.77310156], [107.27448504, 47.77310365], [107.27448399, 47.77310589], [107.27448353, 47.77310822], [107.27448127, 47.77314327], [107.27448157, 47.77314797], [107.27448309, 47.77315256], [107.27448576, 47.7731569], [107.27448951, 47.77316087], [107.27449422, 47.77316434], [107.27449976, 47.7731672], [107.27450595, 47.77316937], [107.2745126, 47.77317079], [107.27451952, 47.7731714], [107.27628584, 47.77322323], [107.27629642, 47.77322297], [107.27630681, 47.77322159], [107.27631674, 47.77321912], [107.27632597, 47.77321562], [107.27633426, 47.77321118], [107.2763414, 47.77320591], [107.27634722, 47.77319995], [107.27635156, 47.77319344], [107.27635432, 47.77318655], [107.27635543, 47.77317945], [107.27637665, 47.7726219], [107.27637595, 47.77261416], [107.2763733, 47.77260662], [107.27636876, 47.7725995], [107.27636248, 47.77259301], [107.27635463, 47.77258734], [107.27634546, 47.77258267], [107.27633524, 47.77257913], [107.27632426, 47.77257682], [107.27631286, 47.77257581], [107.27567504, 47.7725571], [107.27566876, 47.77255725], [107.27566259, 47.77255806], [107.27565668, 47.77255951], [107.27565118, 47.77256157], [107.27564623, 47.77256419], [107.27564195, 47.77256729], [107.27563844, 47.77257081], [107.27563579, 47.77257465], [107.27563406, 47.77257873], [107.27563331, 47.77258294], [107.27562933, 47.77264725], [107.27557825, 47.77264584], [107.27558335, 47.7725634], [107.27558325, 47.77256183], [107.27558274, 47.77256031], [107.27558185, 47.77255886], [107.2755806, 47.77255754], [107.27557903, 47.77255639], [107.27557718, 47.77255543], [107.27557512, 47.77255471], [107.27557291, 47.77255424], [107.2755706, 47.77255404], [107.27555769, 47.77255366], [107.2755556, 47.77255371], [107.27555354, 47.77255398], [107.27555157, 47.77255446], [107.27554974, 47.77255515], [107.27554809, 47.77255602], [107.27554666, 47.77255705], [107.27554549, 47.77255823], [107.27554461, 47.77255951], [107.27554403, 47.77256087], [107.27554378, 47.77256227], [107.27553866, 47.77264507], [107.27548758, 47.77264366], [107.27549271, 47.77256074], [107.27549261, 47.77255918], [107.2754921, 47.77255765], [107.27549121, 47.7725562], [107.27548996, 47.77255488], [107.27548839, 47.77255373], [107.27548654, 47.77255278], [107.27548448, 47.77255205], [107.27548226, 47.77255158], [107.27547996, 47.77255138], [107.27546705, 47.772551], [107.27546496, 47.77255105], [107.2754629, 47.77255132], [107.27546093, 47.7725518], [107.2754591, 47.77255249], [107.27545745, 47.77255336], [107.27545602, 47.7725544], [107.27545485, 47.77255557], [107.27545397, 47.77255685], [107.27545339, 47.77255821], [107.27545314, 47.77255961], [107.27544802, 47.77264241], [107.27539694, 47.772641], [107.27540207, 47.77255808], [107.27540196, 47.77255652], [107.27540146, 47.77255499], [107.27540057, 47.77255354], [107.27539932, 47.77255222], [107.27539774, 47.77255107], [107.2753959, 47.77255012], [107.27539384, 47.77254939], [107.27539162, 47.77254892], [107.27538932, 47.77254872], [107.27537641, 47.77254834], [107.27537432, 47.77254839], [107.27537226, 47.77254866], [107.27537029, 47.77254914], [107.27536846, 47.77254983], [107.27536681, 47.7725507], [107.27536538, 47.77255174], [107.27536421, 47.77255291], [107.27536332, 47.77255419], [107.27536275, 47.77255555], [107.2753625, 47.77255695], [107.27535738, 47.77263975], [107.2753063, 47.77263834], [107.27531032, 47.77257336], [107.27531, 47.77256867], [107.27530848, 47.77256408], [107.27530581, 47.77255974], [107.27530205, 47.77255579], [107.27529734, 47.77255232], [107.27529181, 47.77254947], [107.27528562, 47.7725473], [107.27527898, 47.77254589], [107.27527207, 47.77254528], [107.27454797, 47.77252403], [107.27454379, 47.77252413], [107.27453968, 47.77252467], [107.27453574, 47.77252563], [107.27453208, 47.772527], [107.27452878, 47.77252874], [107.27452593, 47.7725308], [107.27452359, 47.77253314], [107.27452182, 47.7725357], [107.27452066, 47.77253842], [107.27452015, 47.77254122], [107.2745194, 47.7725529], [107.27451955, 47.77255525], [107.27452031, 47.77255754], [107.27452164, 47.77255972], [107.27452352, 47.7725617], [107.27452588, 47.77256343], [107.27452864, 47.77256487], [107.27453174, 47.77256595], [107.27453506, 47.77256666], [107.27453852, 47.77256696], [107.27455852, 47.77256755], [107.27454389, 47.77279399], [107.27443726, 47.77279086], [107.27445351, 47.77253926], [107.27445336, 47.77253644], [107.27445256, 47.77253367], [107.27445113, 47.77253102], [107.2744491, 47.77252855], [107.27444652, 47.77252632], [107.27444346, 47.7725244], [107.27443998, 47.77252282], [107.27443619, 47.77252163], [107.27443216, 47.77252085], [107.27442801, 47.77252051], [107.27441802, 47.77252021], [107.27441338, 47.77252035], [107.27440883, 47.77252103], [107.27440454, 47.77252223], [107.27440061, 47.77252392], [107.27439719, 47.77252603], [107.27439435, 47.77252852], [107.27439221, 47.7725313], [107.27439081, 47.77253429], [107.2743902, 47.7725374], [107.27438759, 47.77257784], [107.27408767, 47.77256904], [107.27409028, 47.7725286], [107.27409008, 47.77252547], [107.27408907, 47.77252241], [107.27408729, 47.77251951], [107.27408479, 47.77251687], [107.27408165, 47.77251455], [107.27407796, 47.77251264], [107.27407383, 47.7725112], [107.2740694, 47.77251025], [107.27406479, 47.77250985], [107.2740548, 47.77250955], [107.27405062, 47.77250965], [107.27404651, 47.77251019], [107.27404257, 47.77251116], [107.27403891, 47.77251253], [107.27403561, 47.77251426], [107.27403276, 47.77251633], [107.27403041, 47.77251867], [107.27402865, 47.77252123], [107.27402749, 47.77252394], [107.27402698, 47.77252674], [107.27401073, 47.77277834], [107.27390409, 47.77277521], [107.27391872, 47.77254877], [107.27393871, 47.77254936], [107.2739422, 47.77254926], [107.2739456, 47.77254875], [107.27394883, 47.77254785], [107.27395177, 47.77254658], [107.27395434, 47.77254499], [107.27395646, 47.77254313], [107.27395808, 47.77254104], [107.27395912, 47.7725388], [107.27395958, 47.77253647], [107.27396033, 47.77252479]], [[107.27207156, 47.77315354], [107.27206288, 47.77315367], [107.2720543, 47.77315455], [107.27204596, 47.77315618], [107.27200888, 47.77354369], [107.27201771, 47.77354623], [107.272027, 47.77354789], [107.27203654, 47.77354864], [107.27309765, 47.7735798], [107.27310204, 47.77357969], [107.27310634, 47.77357909], [107.27311044, 47.77357802], [107.27311422, 47.77357652], [107.27311759, 47.77357461], [107.27312044, 47.77357237], [107.27312271, 47.77356983], [107.27312434, 47.77356708], [107.27202977, 47.77353494], [107.27205995, 47.77321955], [107.272065, 47.77316685], [107.27223729, 47.77317191], [107.27223746, 47.77317062], [107.27226679, 47.77317278], [107.27314621, 47.77319861], [107.2731438, 47.77319526], [107.27314061, 47.77319222], [107.27313672, 47.77318958], [107.27313224, 47.77318741], [107.27312729, 47.77318577], [107.27312201, 47.7731847], [107.27311653, 47.77318423], [107.27207156, 47.77315354]], [[107.27320601, 47.77356948], [107.27320727, 47.77357231], [107.27320921, 47.77357497], [107.27321176, 47.77357738], [107.27321487, 47.77357947], [107.27321844, 47.77358119], [107.27322239, 47.7735825], [107.2732266, 47.77358334], [107.27323095, 47.77358372], [107.27330693, 47.77358595], [107.27331132, 47.77358583], [107.27331562, 47.77358523], [107.27331972, 47.77358417], [107.2733235, 47.77358266], [107.27332687, 47.77358076], [107.27332972, 47.77357851], [107.27333199, 47.77357598], [107.27333362, 47.77357323], [107.27320601, 47.77356948]], [[107.27202863, 47.77360243], [107.27201994, 47.77360255], [107.27201135, 47.77360344], [107.27200301, 47.77360507], [107.27199916, 47.77364527], [107.2719767, 47.77397344], [107.27197708, 47.77398075], [107.27197921, 47.77398792], [107.27198304, 47.77399476], [107.27198847, 47.7740011], [107.27199535, 47.77400675], [107.27200349, 47.77401158], [107.27201269, 47.77401546], [107.2720227, 47.77401828], [107.27203325, 47.77401997], [107.27204408, 47.77402048], [107.27450783, 47.7740021], [107.27613683, 47.7740849], [107.27614742, 47.77408487], [107.27615787, 47.77408371], [107.27616792, 47.77408146], [107.2761773, 47.77407815], [107.2761858, 47.77407389], [107.27619319, 47.77406878], [107.27619928, 47.77406294], [107.27620393, 47.77405653], [107.27620701, 47.7740497], [107.27623752, 47.77394735], [107.27626262, 47.77384434], [107.27628228, 47.77374079], [107.2762998, 47.7737413], [107.27629211, 47.77373638], [107.27628337, 47.77373234], [107.27627378, 47.77372929], [107.2762636, 47.7737273], [107.27625308, 47.77372642], [107.27202863, 47.77360243]], [[107.27646503, 47.77382197], [107.27645393, 47.77382203], [107.27644299, 47.77382333], [107.27643252, 47.77382584], [107.27642282, 47.77382948], [107.27641415, 47.77383416], [107.27640675, 47.77383974], [107.27640082, 47.77384607], [107.27639654, 47.77385298], [107.27639401, 47.77386027], [107.27637216, 47.77395088], [107.27634625, 47.77404099], [107.27634405, 47.77405314], [107.27634493, 47.77406536], [107.27634887, 47.7740773], [107.27635576, 47.77408862], [107.27636538, 47.77409898], [107.27637748, 47.7741081], [107.27639169, 47.77411571], [107.27640761, 47.77412158], [107.27642478, 47.77412555], [107.27644269, 47.77412751], [107.27680287, 47.77414581], [107.27680915, 47.7741458], [107.27681535, 47.77414512], [107.27682132, 47.7741438], [107.2768269, 47.77414187], [107.27683197, 47.77413937], [107.2768364, 47.77413636], [107.27684007, 47.77413293], [107.27684291, 47.77412915], [107.27684483, 47.77412512], [107.27684579, 47.77412093], [107.2768478, 47.774103], [107.27734407, 47.77412822], [107.27734207, 47.77414615], [107.27734215, 47.77415086], [107.27734344, 47.77415548], [107.27734591, 47.77415988], [107.27734947, 47.77416392], [107.27735402, 47.77416749], [107.27735942, 47.77417047], [107.2773655, 47.77417277], [107.27737209, 47.77417433], [107.27737897, 47.77417509], [107.27740558, 47.77417644], [107.27741186, 47.77417643], [107.27741806, 47.77417575], [107.27742403, 47.77417443], [107.27742962, 47.77417249], [107.27743469, 47.77416999], [107.27743911, 47.77416699], [107.27744279, 47.77416356], [107.27744562, 47.77415978], [107.27744754, 47.77415575], [107.2774485, 47.77415156], [107.27745593, 47.77408519], [107.27745587, 47.77408206], [107.27745501, 47.77407898], [107.27745336, 47.77407604], [107.27745099, 47.77407335], [107.27744796, 47.77407097], [107.27744436, 47.77406898], [107.2774403, 47.77406745], [107.27743591, 47.77406641], [107.27743132, 47.7740659], [107.27741802, 47.77406523], [107.27742203, 47.77402935], [107.27755508, 47.77403611], [107.27755107, 47.77407199], [107.27753776, 47.77407131], [107.27753357, 47.77407132], [107.27752944, 47.77407177], [107.27752546, 47.77407265], [107.27752174, 47.77407394], [107.27751836, 47.77407561], [107.27751541, 47.77407761], [107.27751296, 47.7740799], [107.27751107, 47.77408242], [107.27750979, 47.77408511], [107.27750915, 47.7740879], [107.27750172, 47.77415427], [107.27750181, 47.77415897], [107.2775031, 47.77416359], [107.27750557, 47.77416799], [107.27750913, 47.77417204], [107.27751368, 47.7741756], [107.27751908, 47.77417858], [107.27752516, 47.77418088], [107.27753175, 47.77418244], [107.27753863, 47.7741832], [107.27756524, 47.77418455], [107.27757152, 47.77418454], [107.27757772, 47.77418386], [107.27758369, 47.77418254], [107.27758928, 47.77418061], [107.27759435, 47.77417811], [107.27759877, 47.7741751], [107.27760245, 47.77417167], [107.27760528, 47.77416789], [107.2776072, 47.77416386], [107.27760816, 47.77415967], [107.27761017, 47.77414174], [107.27804258, 47.77416371], [107.27804058, 47.77418165], [107.27804066, 47.77418635], [107.27804195, 47.77419097], [107.27804442, 47.77419537], [107.27804798, 47.77419942], [107.27805253, 47.77420298], [107.27805793, 47.77420596], [107.27806401, 47.77420826], [107.2780706, 47.77420982], [107.27807748, 47.77421058], [107.27810143, 47.7742118], [107.27810841, 47.77421174], [107.27811526, 47.77421087], [107.27812179, 47.77420921], [107.27812779, 47.77420681], [107.27813308, 47.77420374], [107.2781375, 47.7742001], [107.27814092, 47.774196], [107.27814323, 47.77419156], [107.27814435, 47.77418692], [107.27815178, 47.77412055], [107.27815172, 47.77411741], [107.27815086, 47.77411433], [107.27814921, 47.7741114], [107.27814684, 47.7741087], [107.27814381, 47.77410633], [107.27814021, 47.77410434], [107.27813615, 47.7741028], [107.27813176, 47.77410177], [107.27812717, 47.77410126], [107.27811387, 47.77410058], [107.27811788, 47.77406471], [107.27825093, 47.77407147], [107.27824692, 47.77410734], [107.27823361, 47.77410667], [107.27822942, 47.77410668], [107.27822529, 47.77410713], [107.27822131, 47.77410801], [107.27821759, 47.7741093], [107.27821421, 47.77411097], [107.27821126, 47.77411297], [107.27820881, 47.77411526], [107.27820692, 47.77411778], [107.27820564, 47.77412046], [107.278205, 47.77412325], [107.27819757, 47.77418962], [107.2781976, 47.77419386], [107.2781986, 47.77419804], [107.27820056, 47.77420206], [107.27820343, 47.77420583], [107.27820714, 47.77420924], [107.27821159, 47.77421223], [107.27821669, 47.7742147], [107.27822229, 47.77421661], [107.27822827, 47.77421791], [107.27823448, 47.77421856], [107.27825843, 47.77421977], [107.27826471, 47.77421976], [107.27827091, 47.77421908], [107.27827688, 47.77421776], [107.27828247, 47.77421583], [107.27828754, 47.77421333], [107.27829196, 47.77421032], [107.27829564, 47.77420689], [107.27829847, 47.77420311], [107.27830039, 47.77419908], [107.27830135, 47.7741949], [107.27830336, 47.77417696], [107.27873577, 47.77419893], [107.27873377, 47.77421686], [107.27873379, 47.7742211], [107.27873479, 47.77422528], [107.27873675, 47.7742293], [107.27873962, 47.77423307], [107.27874333, 47.77423648], [107.27874779, 47.77423947], [107.27875288, 47.77424195], [107.27875848, 47.77424385], [107.27876447, 47.77424515], [107.27877067, 47.7742458], [107.27879728, 47.77424715], [107.27880426, 47.77424709], [107.27881112, 47.77424622], [107.27881764, 47.77424456], [107.27882364, 47.77424216], [107.27882893, 47.77423909], [107.27883335, 47.77423545], [107.27883677, 47.77423135], [107.27883908, 47.77422691], [107.27884021, 47.77422227], [107.27884763, 47.7741559], [107.27884757, 47.77415277], [107.27884671, 47.77414969], [107.27884506, 47.77414675], [107.27884269, 47.77414406], [107.27883966, 47.77414168], [107.27883606, 47.77413969], [107.278832, 47.77413816], [107.27882761, 47.77413712], [107.27882302, 47.77413661], [107.27880972, 47.77413594], [107.27881373, 47.77410006], [107.27894678, 47.77410682], [107.27894277, 47.7741427], [107.27892946, 47.77414202], [107.27892527, 47.77414203], [107.27892114, 47.77414248], [107.27891716, 47.77414336], [107.27891344, 47.77414465], [107.27891006, 47.77414632], [107.27890711, 47.77414832], [107.27890466, 47.77415061], [107.27890277, 47.77415313], [107.27890149, 47.77415582], [107.27890085, 47.77415861], [107.27889343, 47.77422498], [107.27889345, 47.77422921], [107.27889445, 47.77423339], [107.27889641, 47.77423741], [107.27889928, 47.77424118], [107.27890299, 47.77424459], [107.27890745, 47.77424758], [107.27891254, 47.77425006], [107.27891814, 47.77425197], [107.27892413, 47.77425326], [107.27893033, 47.77425391], [107.27895694, 47.77425526], [107.27896322, 47.77425525], [107.27896942, 47.77425457], [107.27897539, 47.77425325], [107.27898098, 47.77425131], [107.27898605, 47.77424881], [107.27899047, 47.77424581], [107.27899415, 47.77424238], [107.27899698, 47.7742386], [107.2789989, 47.77423457], [107.27899987, 47.77423038], [107.27900187, 47.77421244], [107.27943428, 47.77423441], [107.27943228, 47.77425235], [107.27943236, 47.77425705], [107.27943366, 47.77426167], [107.27943612, 47.77426607], [107.27943968, 47.77427012], [107.27944423, 47.77427368], [107.27944963, 47.77427666], [107.27945571, 47.77427897], [107.2794623, 47.77428052], [107.27946918, 47.77428128], [107.28143918, 47.77438133], [107.28145051, 47.77438126], [107.28146166, 47.77437989], [107.2814723, 47.77437727], [107.28148213, 47.77437348], [107.28149087, 47.77436862], [107.28149826, 47.77436283], [107.2815041, 47.77435629], [107.2815082, 47.77434917], [107.28157069, 47.77420583], [107.28157296, 47.77419828], [107.28157329, 47.77419058], [107.28157167, 47.77418296], [107.28156814, 47.77417564], [107.28156281, 47.77416883], [107.28155584, 47.77416274], [107.28154742, 47.77415753], [107.28153781, 47.77415337], [107.28152729, 47.77415037], [107.28151617, 47.77414863], [107.28001507, 47.77400336], [107.27997039, 47.77400007], [107.27646503, 47.77382197]], [[107.28004985, 47.77394889], [107.28004988, 47.77395189], [107.28005066, 47.77395484], [107.28005215, 47.77395767], [107.28005433, 47.77396029], [107.28005711, 47.77396263], [107.28006044, 47.77396463], [107.28006421, 47.77396622], [107.28006832, 47.77396737], [107.28007266, 47.77396804], [107.28155232, 47.77411124], [107.28156287, 47.77411169], [107.28157339, 47.77411101], [107.28158362, 47.77410922], [107.28159331, 47.77410636], [107.2816022, 47.77410251], [107.28161008, 47.77409776], [107.28161675, 47.77409223], [107.28162203, 47.77408606], [107.28162581, 47.7740794], [107.2816408, 47.774045], [107.28164356, 47.77403578], [107.28164389, 47.77402637], [107.2816418, 47.77401707], [107.28163734, 47.77400816], [107.28163066, 47.7739999], [107.28162195, 47.77399255], [107.28161148, 47.77398634], [107.28159956, 47.77398144], [107.28158657, 47.77397801], [107.28080229, 47.77382264], [107.28079781, 47.77382203], [107.28079325, 47.77382194], [107.28078872, 47.77382238], [107.28078438, 47.77382333], [107.28078034, 47.77382476], [107.28077672, 47.77382664], [107.28077363, 47.77382891], [107.28077116, 47.7738315], [107.28076938, 47.77383434], [107.28076835, 47.77383734], [107.28075964, 47.77387824], [107.2806804, 47.77387057], [107.28069184, 47.77381683], [107.28069211, 47.77381399], [107.28069171, 47.77381115], [107.28069064, 47.77380839], [107.28068895, 47.77380578], [107.28068666, 47.77380338], [107.28068384, 47.77380126], [107.28068056, 47.77379946], [107.2806769, 47.77379803], [107.28067295, 47.77379702], [107.28059923, 47.77378241], [107.28059475, 47.7737818], [107.28059019, 47.77378171], [107.28058566, 47.77378215], [107.28058132, 47.7737831], [107.28057728, 47.77378454], [107.28057366, 47.77378642], [107.28057057, 47.77378869], [107.2805681, 47.77379128], [107.28056633, 47.77379411], [107.28056529, 47.77379711], [107.28055608, 47.77384037], [107.28047684, 47.7738327], [107.28048878, 47.7737766], [107.28048905, 47.77377376], [107.28048865, 47.77377092], [107.28048759, 47.77376816], [107.28048589, 47.77376555], [107.2804836, 47.77376315], [107.28048079, 47.77376103], [107.2804775, 47.77375923], [107.28047384, 47.7737578], [107.28046989, 47.77375679], [107.28039617, 47.77374218], [107.28039169, 47.77374157], [107.28038713, 47.77374148], [107.28038261, 47.77374192], [107.28037826, 47.77374287], [107.28037422, 47.77374431], [107.2803706, 47.77374619], [107.28036751, 47.77374846], [107.28036504, 47.77375105], [107.28036327, 47.77375388], [107.28036223, 47.77375688], [107.28034873, 47.7738203], [107.28026948, 47.77381263], [107.28028573, 47.77373635], [107.28028599, 47.77373335], [107.28028552, 47.77373037], [107.28028431, 47.77372749], [107.28028241, 47.77372478], [107.28027987, 47.77372232], [107.28027676, 47.77372018], [107.28027317, 47.77371841], [107.28026919, 47.77371708], [107.28026493, 47.7737162], [107.2801088, 47.77369355], [107.28010428, 47.77369316], [107.28009973, 47.7736933], [107.28009529, 47.77369395], [107.28009107, 47.7736951], [107.28008721, 47.77369672], [107.28008381, 47.77369876], [107.28008097, 47.77370116], [107.28007878, 47.77370385], [107.2800773, 47.77370675], [107.28007657, 47.77370978], [107.28007168, 47.77375355], [107.27999637, 47.77374972], [107.2800026, 47.77369403], [107.28000258, 47.77369117], [107.28000189, 47.77368834], [107.28000054, 47.77368563], [107.27999857, 47.77368309], [107.27999602, 47.7736808], [107.27999297, 47.7736788], [107.27998949, 47.77367716], [107.27998567, 47.77367591], [107.2799816, 47.77367509], [107.27990655, 47.7736642], [107.27990204, 47.77366381], [107.27989749, 47.77366395], [107.27989304, 47.7736646], [107.27988883, 47.77366576], [107.27988496, 47.77366738], [107.27988156, 47.77366942], [107.27987873, 47.77367182], [107.27987654, 47.77367451], [107.27987506, 47.77367741], [107.27987433, 47.77368044], [107.27986732, 47.77374317], [107.27979201, 47.77373934], [107.27980026, 47.7736655], [107.27980024, 47.7736626], [107.27979953, 47.77365975], [107.27979815, 47.773657], [107.27979613, 47.77365445], [107.27979353, 47.77365214], [107.27979042, 47.77365015], [107.27978687, 47.77364852], [107.27978298, 47.77364729], [107.27977885, 47.7736465], [107.27963731, 47.77362833], [107.27963286, 47.77362804], [107.2796284, 47.77362825], [107.27962406, 47.77362896], [107.27961996, 47.77363015], [107.27961621, 47.77363179], [107.27961291, 47.77363382], [107.27961017, 47.7736362], [107.27960805, 47.77363885], [107.27960661, 47.7736417], [107.27960591, 47.77364467], [107.27959885, 47.77370777], [107.27952355, 47.77370394], [107.27953159, 47.77363204], [107.27953155, 47.77362907], [107.2795308, 47.77362615], [107.27952934, 47.77362335], [107.27952722, 47.77362075], [107.27952449, 47.77361842], [107.27952124, 47.77361642], [107.27951754, 47.77361481], [107.2795135, 47.77361364], [107.27950922, 47.77361293], [107.27943366, 47.7736049], [107.27942928, 47.77360469], [107.27942491, 47.77360497], [107.27942066, 47.77360573], [107.27941666, 47.77360695], [107.279413, 47.77360859], [107.2794098, 47.77361062], [107.27940713, 47.77361297], [107.27940508, 47.77361559], [107.27940368, 47.7736184], [107.27940299, 47.77362132], [107.27939449, 47.77369739], [107.27931918, 47.77369356], [107.27932843, 47.77361082], [107.2793284, 47.77360782], [107.27932762, 47.77360487], [107.27932613, 47.77360204], [107.27932397, 47.77359943], [107.27932119, 47.77359709], [107.27931787, 47.77359509], [107.27931411, 47.7735935], [107.27931, 47.77359234], [107.27930567, 47.77359166], [107.27910905, 47.77357379], [107.27910258, 47.77357361], [107.27909615, 47.77357413], [107.27908994, 47.77357534], [107.27908409, 47.77357721], [107.27907876, 47.77357969], [107.2790741, 47.77358272], [107.27907023, 47.77358622], [107.27906724, 47.77359009], [107.27906521, 47.77359423], [107.27906421, 47.77359854], [107.27906413, 47.77359926], [107.27906421, 47.77360396], [107.2790655, 47.77360859], [107.27906797, 47.77361299], [107.27907153, 47.77361703], [107.27907608, 47.7736206], [107.27908148, 47.77362358], [107.27908756, 47.77362588], [107.27909415, 47.77362743], [107.27910103, 47.7736282], [107.27912764, 47.77362955], [107.27910238, 47.77385556], [107.27907577, 47.77385421], [107.27906879, 47.77385427], [107.27906193, 47.77385514], [107.27905541, 47.7738568], [107.27904941, 47.7738592], [107.27904411, 47.77386227], [107.27903969, 47.77386591], [107.27903628, 47.77387001], [107.27903397, 47.77387445], [107.27903284, 47.77387909], [107.27903221, 47.77388476], [107.27903223, 47.773889], [107.27903323, 47.77389318], [107.27903519, 47.7738972], [107.27903806, 47.77390096], [107.27904177, 47.77390438], [107.27904623, 47.77390737], [107.27905132, 47.77390984], [107.27905693, 47.77391175], [107.27906291, 47.77391305], [107.27906912, 47.7739137], [107.27926669, 47.77392373], [107.27927134, 47.7739237], [107.27927592, 47.77392311], [107.27928027, 47.77392201], [107.27928427, 47.77392041], [107.27928779, 47.77391836], [107.27929074, 47.77391594], [107.27929302, 47.7739132], [107.27929456, 47.77391024], [107.27929531, 47.77390715], [107.2793037, 47.77383204], [107.27937901, 47.77383587], [107.27937061, 47.77391097], [107.27937063, 47.7739138], [107.2793713, 47.77391658], [107.2793726, 47.77391926], [107.27937452, 47.77392177], [107.27937699, 47.77392405], [107.27937996, 47.77392604], [107.27938336, 47.77392769], [107.27938709, 47.77392897], [107.27939108, 47.77392983], [107.27939522, 47.77393026], [107.27947106, 47.77393411], [107.27947524, 47.77393411], [107.27947938, 47.77393365], [107.27948336, 47.77393277], [107.27948708, 47.77393148], [107.27949046, 47.77392982], [107.27949341, 47.77392781], [107.27949586, 47.77392552], [107.27949775, 47.77392301], [107.27949903, 47.77392032], [107.27949967, 47.77391753], [107.27950807, 47.77384242], [107.27958337, 47.77384625], [107.27957498, 47.77392135], [107.27957503, 47.77392449], [107.2795759, 47.77392757], [107.27957754, 47.7739305], [107.27957991, 47.7739332], [107.27958295, 47.77393558], [107.27958655, 47.77393756], [107.2795906, 47.7739391], [107.27959499, 47.77394014], [107.27959958, 47.77394064], [107.27974194, 47.77394787], [107.27974613, 47.77394786], [107.27975026, 47.77394741], [107.27975424, 47.77394653], [107.27975796, 47.77394524], [107.27976134, 47.77394358], [107.27976429, 47.77394157], [107.27976674, 47.77393928], [107.27976863, 47.77393676], [107.27976991, 47.77393408], [107.27977055, 47.77393129], [107.27977654, 47.77387777], [107.27985184, 47.77388159], [107.27984586, 47.77393511], [107.27984592, 47.77393825], [107.27984678, 47.77394133], [107.27984842, 47.77394426], [107.2798508, 47.77394696], [107.27985383, 47.77394934], [107.27985743, 47.77395132], [107.27986149, 47.77395286], [107.27986588, 47.7739539], [107.27987047, 47.7739544], [107.2799463, 47.77395825], [107.27995049, 47.77395824], [107.27995462, 47.77395779], [107.2799586, 47.77395691], [107.27996233, 47.77395562], [107.27996571, 47.77395396], [107.27996866, 47.77395195], [107.27997111, 47.77394966], [107.279973, 47.77394715], [107.27997428, 47.77394446], [107.27997492, 47.77394167], [107.2799809, 47.77388815], [107.28005621, 47.77389197], [107.28004985, 47.77394889]], [[107.27876272, 47.77349506], [107.27901348, 47.77351183], [107.27926349, 47.77353309], [107.27951257, 47.77355885], [107.27976054, 47.77358908], [107.27977421, 47.77359006], [107.27978793, 47.77358945], [107.27980129, 47.77358727], [107.2798139, 47.77358358], [107.27982539, 47.77357848], [107.27983542, 47.77357214], [107.27984369, 47.77356474], [107.27984995, 47.77355649], [107.27985404, 47.77354764], [107.27985581, 47.77353845], [107.27988645, 47.77306321], [107.27988601, 47.77305475], [107.27988361, 47.77304643], [107.27987932, 47.77303848], [107.27987322, 47.77303107], [107.27986549, 47.7730244], [107.2798563, 47.77301862], [107.27984588, 47.77301389], [107.2798345, 47.77301031], [107.27982242, 47.77300798], [107.27980995, 47.77300695], [107.27652701, 47.7729107], [107.27651643, 47.77291096], [107.27650604, 47.77291234], [107.27649611, 47.77291481], [107.27648689, 47.77291831], [107.2764786, 47.77292275], [107.27647145, 47.77292802], [107.27646564, 47.77293398], [107.27646129, 47.77294049], [107.27645853, 47.77294738], [107.27645742, 47.77295448], [107.27644134, 47.77337714], [107.27644203, 47.77338487], [107.27644469, 47.77339241], [107.27644923, 47.77339954], [107.27645551, 47.77340603], [107.27646336, 47.77341169], [107.27647253, 47.77341637], [107.27648275, 47.77341991], [107.27649373, 47.77342222], [107.27650513, 47.77342322], [107.27828165, 47.77347532], [107.27828848, 47.77347487], [107.2782951, 47.77347369], [107.27830136, 47.77347179], [107.27830707, 47.77346924], [107.2783121, 47.77346609], [107.2783163, 47.77346244], [107.27831957, 47.77345838], [107.27832182, 47.77345401], [107.27832298, 47.77344946], [107.27832474, 47.77342215], [107.2787244, 47.77343753], [107.27872283, 47.77346184], [107.27872304, 47.77346704], [107.2787245, 47.77347215], [107.27872717, 47.77347702], [107.27873098, 47.77348154], [107.27873583, 47.77348558], [107.2787416, 47.77348904], [107.27874812, 47.77349181], [107.27875522, 47.77349384], [107.27876272, 47.77349506]], [[107.2752609, 47.77326025], [107.27525957, 47.77325749], [107.27525759, 47.77325491], [107.27525502, 47.77325257], [107.27525193, 47.77325055], [107.2752484, 47.77324888], [107.27524451, 47.77324763], [107.27524038, 47.77324681], [107.2752361, 47.77324645], [107.27508023, 47.77324187], [107.27507589, 47.77324198], [107.27507164, 47.77324257], [107.27506759, 47.7732436], [107.27506384, 47.77324507], [107.27506049, 47.77324693], [107.27505763, 47.77324913], [107.27505534, 47.77325162], [107.27505367, 47.77325432], [107.2752609, 47.77326025]], [[107.2749718, 47.77325197], [107.2749705, 47.77324917], [107.27496854, 47.77324656], [107.27496598, 47.77324419], [107.27496288, 47.77324213], [107.27495933, 47.77324044], [107.27495541, 47.77323916], [107.27495124, 47.77323833], [107.27494693, 47.77323796], [107.27487096, 47.77323573], [107.2748666, 47.77323584], [107.27486232, 47.77323643], [107.27485824, 47.77323749], [107.27485448, 47.77323898], [107.27485112, 47.77324086], [107.27484826, 47.77324308], [107.27484598, 47.77324559], [107.27484434, 47.77324832], [107.2749718, 47.77325197]], [[107.27476258, 47.77324598], [107.2747613, 47.77324316], [107.27475936, 47.77324051], [107.2747568, 47.77323812], [107.2747537, 47.77323604], [107.27475013, 47.77323433], [107.2747462, 47.77323303], [107.274742, 47.77323219], [107.27473766, 47.77323182], [107.27467298, 47.77322992], [107.2746667, 47.77323007], [107.27466054, 47.77323088], [107.27465464, 47.77323233], [107.27464914, 47.77323438], [107.27464419, 47.77323699], [107.27463991, 47.77324008], [107.2746364, 47.77324359], [107.27463374, 47.77324743], [107.27463201, 47.7732515], [107.27463125, 47.7732557], [107.27462922, 47.77328715], [107.27406536, 47.7732706], [107.2740674, 47.77323915], [107.27406718, 47.77323492], [107.27406598, 47.77323077], [107.27406383, 47.77322679], [107.27406078, 47.77322308], [107.27405692, 47.77321975], [107.27405232, 47.77321686], [107.27404711, 47.77321449], [107.27404142, 47.7732127], [107.27403538, 47.77321154], [107.27402915, 47.77321102], [107.27397098, 47.77320932], [107.27396546, 47.77320946], [107.27396006, 47.77321022], [107.27395492, 47.77321156], [107.27395017, 47.77321346], [107.27394596, 47.77321587], [107.27394239, 47.7732187], [107.27393956, 47.7732219], [107.27404109, 47.77322488], [107.2740173, 47.7735933], [107.27391383, 47.77359026], [107.27391509, 47.77359309], [107.27391703, 47.77359575], [107.27391958, 47.77359816], [107.27392269, 47.77360025], [107.27392626, 47.77360197], [107.27393021, 47.77360328], [107.27393442, 47.77360412], [107.27393877, 47.7736045], [107.27400335, 47.77360639], [107.27401032, 47.77360619], [107.27401713, 47.77360517], [107.27402358, 47.77360337], [107.27402946, 47.77360084], [107.27403461, 47.77359766], [107.27403885, 47.77359393], [107.27404208, 47.77358976], [107.27404417, 47.77358527], [107.27404508, 47.77358061], [107.27404711, 47.77354916], [107.27461097, 47.77356571], [107.27460894, 47.77359716], [107.27460924, 47.77360186], [107.27461076, 47.77360645], [107.27461343, 47.77361079], [107.27461718, 47.77361476], [107.27462189, 47.77361823], [107.27462743, 47.77362109], [107.27463362, 47.77362326], [107.27464027, 47.77362468], [107.27464719, 47.77362529], [107.27471464, 47.77362727], [107.27471903, 47.77362715], [107.27472333, 47.77362655], [107.27472742, 47.77362549], [107.27473121, 47.77362398], [107.27473457, 47.77362208], [107.27473743, 47.77361983], [107.2747397, 47.7736173], [107.27474132, 47.77361455], [107.27463499, 47.77361143], [107.27465878, 47.77324301], [107.27476258, 47.77324598]], [[107.27385402, 47.77321939], [107.27385162, 47.77321604], [107.27384843, 47.773213], [107.27384454, 47.77321036], [107.27384006, 47.77320819], [107.27383511, 47.77320655], [107.27382982, 47.77320548], [107.27382435, 47.77320501], [107.2737617, 47.77320317], [107.27375619, 47.77320332], [107.27375078, 47.77320407], [107.27374564, 47.77320542], [107.2737409, 47.77320732], [107.27373668, 47.77320972], [107.27373311, 47.77321256], [107.27373029, 47.77321575], [107.27385402, 47.77321939]], [[107.27364474, 47.77321324], [107.27364234, 47.77320989], [107.27363915, 47.77320686], [107.27363526, 47.77320422], [107.27363078, 47.77320205], [107.27362583, 47.77320041], [107.27362054, 47.77319934], [107.27361507, 47.77319887], [107.27347244, 47.77319468], [107.27346693, 47.77319483], [107.27346153, 47.77319558], [107.27345638, 47.77319693], [107.27345164, 47.77319883], [107.27344742, 47.77320123], [107.27344385, 47.77320407], [107.27344103, 47.77320726], [107.27364474, 47.77321324]], [[107.27335742, 47.77320481], [107.27335616, 47.77320197], [107.27335422, 47.77319931], [107.27335167, 47.77319691], [107.27334856, 47.77319481], [107.27334499, 47.77319309], [107.27334104, 47.77319179], [107.27333683, 47.77319094], [107.27333248, 47.77319057], [107.27326316, 47.77318854], [107.27325765, 47.77318868], [107.27325225, 47.77318944], [107.2732471, 47.77319078], [107.27324236, 47.77319268], [107.27323815, 47.77319509], [107.27323458, 47.77319792], [107.27323175, 47.77320112], [107.27335742, 47.77320481]], [[107.27359619, 47.77359444], [107.27360058, 47.77359432], [107.27360488, 47.77359373], [107.27360898, 47.77359266], [107.27361276, 47.77359115], [107.27361613, 47.77358925], [107.27361898, 47.773587], [107.27362125, 47.77358447], [107.27362288, 47.77358172], [107.27341529, 47.77357562], [107.27341655, 47.77357846], [107.27341849, 47.77358112], [107.27342104, 47.77358352], [107.27342415, 47.77358562], [107.27342772, 47.77358734], [107.27343167, 47.77358864], [107.27343588, 47.77358949], [107.27344023, 47.77358986], [107.27359619, 47.77359444]], [[107.27370455, 47.77358412], [107.27370581, 47.77358695], [107.27370775, 47.77358961], [107.2737103, 47.77359202], [107.27371341, 47.77359411], [107.27371698, 47.77359583], [107.27372093, 47.77359713], [107.27372513, 47.77359798], [107.27372949, 47.77359835], [107.27380547, 47.77360058], [107.27380986, 47.77360047], [107.27381416, 47.77359987], [107.27381826, 47.7735988], [107.27382204, 47.7735973], [107.27382541, 47.7735954], [107.27382826, 47.77359315], [107.27383053, 47.77359061], [107.27383216, 47.77358786], [107.27370455, 47.77358412]], [[107.27482299, 47.77361694], [107.27482426, 47.77361978], [107.27482619, 47.77362244], [107.27482875, 47.77362484], [107.27483185, 47.77362694], [107.27483543, 47.77362866], [107.27483937, 47.77362996], [107.27484358, 47.77363081], [107.27484794, 47.77363118], [107.27492392, 47.77363341], [107.2749283, 47.77363329], [107.2749326, 47.7736327], [107.2749367, 47.77363163], [107.27494048, 47.77363013], [107.27494385, 47.77362822], [107.27494671, 47.77362597], [107.27494898, 47.77362344], [107.2749506, 47.77362069], [107.27482299, 47.77361694]], [[107.27503227, 47.77362309], [107.27503353, 47.77362592], [107.27503547, 47.77362858], [107.27503803, 47.77363099], [107.27504113, 47.77363308], [107.27504471, 47.7736348], [107.27504865, 47.7736361], [107.27505286, 47.77363695], [107.27505721, 47.77363732], [107.27521317, 47.7736419], [107.27521756, 47.77364178], [107.27522186, 47.77364118], [107.27522596, 47.77364012], [107.27522974, 47.77363861], [107.27523311, 47.77363671], [107.27523596, 47.77363446], [107.27523823, 47.77363193], [107.27523986, 47.77362918], [107.27503227, 47.77362309]], [[107.27532153, 47.77363157], [107.27532279, 47.77363441], [107.27532473, 47.77363707], [107.27532728, 47.77363947], [107.27533039, 47.77364157], [107.27533396, 47.77364329], [107.27533791, 47.77364459], [107.27534211, 47.77364544], [107.27534647, 47.77364581], [107.27542245, 47.77364804], [107.27542684, 47.77364792], [107.27543114, 47.77364732], [107.27543524, 47.77364626], [107.27543902, 47.77364475], [107.27544238, 47.77364285], [107.27544524, 47.7736406], [107.27544751, 47.77363807], [107.27544913, 47.77363532], [107.27532153, 47.77363157]], [[107.27553081, 47.77363771], [107.27553207, 47.77364055], [107.275534, 47.77364321], [107.27553656, 47.77364561], [107.27553967, 47.77364771], [107.27554324, 47.77364943], [107.27554718, 47.77365073], [107.27555139, 47.77365158], [107.27555575, 47.77365195], [107.27626777, 47.77367284], [107.27627766, 47.77367263], [107.27628739, 47.77367145], [107.27629675, 47.7736693], [107.27630407, 47.77366684], [107.2763109, 47.77366379], [107.27631712, 47.7736602], [107.27633117, 47.77329088], [107.2763252, 47.77328721], [107.27631862, 47.77328404], [107.27631151, 47.77328144], [107.27630336, 47.7732793], [107.27629486, 47.7732779], [107.27628617, 47.77327725], [107.27557874, 47.7732565], [107.27557447, 47.7732566], [107.27557028, 47.77325717], [107.27556628, 47.77325817], [107.27556257, 47.7732596], [107.27555924, 47.7732614], [107.27555638, 47.77326354], [107.27555407, 47.77326596], [107.27555235, 47.7732686], [107.27599618, 47.77328131], [107.27599965, 47.77328711], [107.27600161, 47.77329324], [107.27600198, 47.77329949], [107.27600076, 47.7733057], [107.27599798, 47.77331167], [107.27599374, 47.77331724], [107.27598814, 47.77332224], [107.27598136, 47.77332652], [107.2759736, 47.77332995], [107.27596508, 47.77333245], [107.27595605, 47.77333392], [107.27593464, 47.77333756], [107.27591445, 47.77334358], [107.27589607, 47.77335182], [107.27588001, 47.77336203], [107.27586674, 47.77337393], [107.27585666, 47.77338717], [107.27585003, 47.77340136], [107.27584706, 47.77341611], [107.27584784, 47.77343098], [107.27585233, 47.77344556], [107.27586041, 47.7734594], [107.27587185, 47.77347213], [107.27588631, 47.77348338], [107.2758963, 47.77349376], [107.27590405, 47.77350499], [107.27590941, 47.77351682], [107.27591229, 47.77352905], [107.27591202, 47.77354137], [107.27590878, 47.77355351], [107.27590265, 47.77356512], [107.2758938, 47.77357591], [107.27588246, 47.77358558], [107.27578831, 47.77364527], [107.27553081, 47.77363771]], [[107.27650545, 47.77347725], [107.27649487, 47.7734775], [107.27648448, 47.77347888], [107.27647455, 47.77348136], [107.27646533, 47.77348486], [107.27645704, 47.7734893], [107.27644989, 47.77349456], [107.27644408, 47.77350053], [107.27643973, 47.77350704], [107.27643697, 47.77351393], [107.27643586, 47.77352102], [107.27643217, 47.77361798], [107.27641776, 47.7737326], [107.27641751, 47.77373978], [107.27641896, 47.7737469], [107.27642207, 47.77375377], [107.27642677, 47.77376022], [107.27643292, 47.77376608], [107.27644039, 47.77377121], [107.27644897, 47.77377547], [107.27645844, 47.77377876], [107.27646858, 47.77378098], [107.2764791, 47.77378209], [107.27720219, 47.77381884], [107.27720684, 47.7738188], [107.27721141, 47.77381822], [107.27721576, 47.77381711], [107.27721976, 47.77381551], [107.27722329, 47.77381347], [107.27722624, 47.77381104], [107.27722851, 47.77380831], [107.27723005, 47.77380535], [107.2772308, 47.77380226], [107.2772392, 47.77372715], [107.27731451, 47.77373098], [107.27730611, 47.77380608], [107.27730612, 47.7738089], [107.27730679, 47.77381169], [107.2773081, 47.77381437], [107.27731001, 47.77381688], [107.27731248, 47.77381916], [107.27731545, 47.77382115], [107.27731885, 47.7738228], [107.27732259, 47.77382408], [107.27732657, 47.77382494], [107.27733071, 47.77382537], [107.27740655, 47.77382923], [107.2774112, 47.77382919], [107.27741577, 47.77382861], [107.27742012, 47.7738275], [107.27742412, 47.7738259], [107.27742765, 47.77382385], [107.2774306, 47.77382143], [107.27743288, 47.77381869], [107.27743441, 47.77381573], [107.27743517, 47.77381264], [107.27744356, 47.77373753], [107.27751887, 47.77374136], [107.27751047, 47.77381647], [107.27751049, 47.77381929], [107.27751115, 47.77382208], [107.27751246, 47.77382476], [107.27751437, 47.77382727], [107.27751685, 47.77382955], [107.27751982, 47.77383154], [107.27752321, 47.77383319], [107.27752695, 47.77383446], [107.27753094, 47.77383532], [107.27753508, 47.77383576], [107.27767736, 47.77384299], [107.27768201, 47.77384295], [107.27768658, 47.77384237], [107.27769093, 47.77384126], [107.27769493, 47.77383966], [107.27769846, 47.77383761], [107.2777014, 47.77383519], [107.27770368, 47.77383245], [107.27770522, 47.7738295], [107.27770597, 47.7738264], [107.27771437, 47.7737513], [107.27778967, 47.77375512], [107.27778128, 47.77383023], [107.27778129, 47.77383305], [107.27778196, 47.77383584], [107.27778327, 47.77383852], [107.27778518, 47.77384103], [107.27778765, 47.77384331], [107.27779062, 47.7738453], [107.27779402, 47.77384695], [107.27779776, 47.77384822], [107.27780174, 47.77384908], [107.27780588, 47.77384952], [107.27788172, 47.77385337], [107.27788637, 47.77385333], [107.27789094, 47.77385275], [107.27789529, 47.77385164], [107.27789929, 47.77385004], [107.27790282, 47.773848], [107.27790577, 47.77384557], [107.27790804, 47.77384284], [107.27790958, 47.77383988], [107.27791033, 47.77383678], [107.27791873, 47.77376168], [107.27799404, 47.77376551], [107.27798564, 47.77384061], [107.27798565, 47.77384343], [107.27798632, 47.77384622], [107.27798763, 47.7738489], [107.27798954, 47.77385141], [107.27799201, 47.77385369], [107.27799499, 47.77385568], [107.27799838, 47.77385733], [107.27800212, 47.77385861], [107.27800611, 47.77385947], [107.27801024, 47.7738599], [107.27820782, 47.77386994], [107.2782148, 47.77386988], [107.27822165, 47.77386901], [107.27822818, 47.77386735], [107.27823418, 47.77386495], [107.27823947, 47.77386188], [107.27824389, 47.77385824], [107.27824731, 47.77385414], [107.27824962, 47.7738497], [107.27825074, 47.77384506], [107.27825138, 47.77383939], [107.27825136, 47.77383515], [107.27825035, 47.77383097], [107.27824839, 47.77382695], [107.27824552, 47.77382319], [107.27824182, 47.77381977], [107.27823736, 47.77381678], [107.27823227, 47.77381431], [107.27822666, 47.7738124], [107.27822068, 47.7738111], [107.27821447, 47.77381045], [107.27818786, 47.7738091], [107.27821313, 47.77358309], [107.27823974, 47.77358444], [107.27824602, 47.77358442], [107.27825222, 47.77358375], [107.27825819, 47.77358243], [107.27826378, 47.77358049], [107.27826885, 47.77357799], [107.27827327, 47.77357499], [107.27827695, 47.77357155], [107.27827978, 47.77356777], [107.2782817, 47.77356374], [107.27828267, 47.77355956], [107.27828293, 47.77355724], [107.27828289, 47.77355292], [107.27828184, 47.77354866], [107.27827979, 47.77354456], [107.2782768, 47.77354074], [107.27827294, 47.77353729], [107.27826832, 47.7735343], [107.27826305, 47.77353185], [107.27825726, 47.77352999], [107.27825111, 47.77352878], [107.27824475, 47.77352825], [107.27804712, 47.77352246], [107.27804257, 47.77352259], [107.27803812, 47.77352324], [107.27803389, 47.77352439], [107.27803002, 47.77352601], [107.27802661, 47.77352805], [107.27802376, 47.77353045], [107.27802157, 47.77353314], [107.27802008, 47.77353604], [107.27801935, 47.77353908], [107.27800952, 47.77362703], [107.27793422, 47.7736232], [107.27794374, 47.773538], [107.27794372, 47.77353512], [107.27794302, 47.77353228], [107.27794165, 47.77352955], [107.27793966, 47.77352701], [107.27793709, 47.77352471], [107.277934, 47.77352271], [107.27793049, 47.77352108], [107.27792663, 47.77351984], [107.27792253, 47.77351903], [107.27791829, 47.77351868], [107.27784227, 47.77351645], [107.27783772, 47.77351658], [107.27783326, 47.77351723], [107.27782904, 47.77351838], [107.27782516, 47.77352], [107.27782176, 47.77352204], [107.27781891, 47.77352444], [107.27781672, 47.77352713], [107.27781523, 47.77353004], [107.2778145, 47.77353307], [107.27780516, 47.77361664], [107.27772985, 47.77361282], [107.27773889, 47.773532], [107.27773887, 47.77352912], [107.27773817, 47.77352628], [107.2777368, 47.77352355], [107.27773481, 47.773521], [107.27773224, 47.7735187], [107.27772915, 47.77351671], [107.27772564, 47.77351507], [107.27772178, 47.77351383], [107.27771768, 47.77351303], [107.27771344, 47.77351267], [107.27757082, 47.77350849], [107.27756627, 47.77350862], [107.27756181, 47.77350927], [107.27755759, 47.77351042], [107.27755371, 47.77351204], [107.27755031, 47.77351408], [107.27754746, 47.77351648], [107.27754527, 47.77351917], [107.27754378, 47.77352208], [107.27754305, 47.77352511], [107.27753436, 47.77360288], [107.27745905, 47.77359906], [107.27746761, 47.77352247], [107.27746752, 47.77351974], [107.27746676, 47.77351705], [107.27746537, 47.77351448], [107.27746337, 47.77351209], [107.27746083, 47.77350996], [107.27745781, 47.77350814], [107.27745438, 47.77350667], [107.27745065, 47.77350559], [107.27744671, 47.77350494], [107.27744266, 47.77350473], [107.27736597, 47.77350248], [107.27736142, 47.77350261], [107.27735696, 47.77350326], [107.27735274, 47.77350441], [107.27734886, 47.77350603], [107.27734545, 47.77350807], [107.27734261, 47.77351047], [107.27734041, 47.77351317], [107.27733893, 47.77351607], [107.2773382, 47.7735191], [107.27732999, 47.7735925], [107.27725469, 47.77358867], [107.27726259, 47.77351803], [107.27726257, 47.77351515], [107.27726186, 47.77351231], [107.2772605, 47.77350958], [107.2772585, 47.77350703], [107.27725593, 47.77350474], [107.27725285, 47.77350274], [107.27724934, 47.77350111], [107.27724548, 47.77349987], [107.27724138, 47.77349906], [107.27723714, 47.77349871], [107.27650545, 47.77347725]], [[107.27831727, 47.77384844], [107.27831729, 47.77385267], [107.27831829, 47.77385685], [107.27832025, 47.77386088], [107.27832312, 47.77386464], [107.27832683, 47.77386806], [107.27833129, 47.77387104], [107.27833638, 47.77387352], [107.27834199, 47.77387543], [107.27834797, 47.77387673], [107.27835418, 47.77387738], [107.27892276, 47.77390626], [107.27892904, 47.77390625], [107.27893524, 47.77390557], [107.27894121, 47.77390425], [107.2789468, 47.77390231], [107.27895187, 47.77389981], [107.27895629, 47.77389681], [107.27895997, 47.77389338], [107.2789628, 47.7738896], [107.27896472, 47.77388557], [107.27896568, 47.77388138], [107.27899813, 47.77359118], [107.27899806, 47.77358657], [107.27899683, 47.77358204], [107.27899447, 47.77357772], [107.27899106, 47.77357373], [107.27898669, 47.77357019], [107.27898149, 47.7735672], [107.27897561, 47.77356485], [107.27896922, 47.77356321], [107.27896251, 47.77356233], [107.27867738, 47.77354451], [107.27839157, 47.77353259], [107.27838473, 47.77353277], [107.27837803, 47.77353373], [107.27837167, 47.77353545], [107.27836584, 47.77353788], [107.27836071, 47.77354094], [107.27835643, 47.77354454], [107.27835313, 47.77354859], [107.27835089, 47.77355295], [107.2783498, 47.77355751], [107.27831727, 47.77384844]], [[107.27547018, 47.77326625], [107.27546882, 47.77326351], [107.27546683, 47.77326095], [107.27546426, 47.77325864], [107.27546118, 47.77325664], [107.27545766, 47.773255], [107.27545379, 47.77325375], [107.27544968, 47.77325294], [107.27544543, 47.77325259], [107.2753694, 47.77325036], [107.2753651, 47.77325046], [107.27536089, 47.77325104], [107.27535686, 47.77325206], [107.27535313, 47.7732535], [107.2753498, 47.77325533], [107.27534694, 47.77325749], [107.27534463, 47.77325994], [107.27534294, 47.7732626], [107.27547018, 47.77326625]]]}, "geometry_name": "geom", "properties": {"guid": 3241308, "id": 3241308, "object_no": null, "object_name": "Төлөвлөлтийн авто зам", "layer_type_id": 956, "valid_to": null, "address_no": null, "border_type": "solid", "border_width": 1, "border_color": "#999999", "border_opacity": 0.36, "border_wellknown": "shape://horizline", "fill_type": "color", "fill_color": "#bcbcbc", "fill_opacity": 0.36, "fill_wellknown": null, "fill_shape_color": null, "fill_shape_width": null, "fill_shape_size": null, "fill_img_url": null, "marker_img_url": null}},{"type": "Feature", "id": "layer_data_map.fid--27e80436_1a098c1eed1_-588c", "geometry": {"type": "Polygon", "coordinates": [[[106.70538686, 47.90048252], [106.70535378, 47.90048702], [106.70532228, 47.90049518], [106.70529327, 47.90050677], [106.70526755, 47.90052147], [106.70524587, 47.90053887], [106.70522882, 47.90055846], [106.7052169, 47.90057969], [106.70521044, 47.90060197], [106.7050773, 47.90142497], [106.70500463, 47.90190833], [106.7049581, 47.90217949], [106.70490479, 47.90245017], [106.70484479, 47.90271992], [106.70460163, 47.90375904], [106.70437756, 47.90459621], [106.70433463, 47.90475882], [106.70428437, 47.9049215], [106.70422708, 47.90508313], [106.70416295, 47.90524323], [106.70408474, 47.90542514], [106.70404564, 47.90552515], [106.70401397, 47.90562558], [106.70398953, 47.90572692], [106.70397235, 47.90582893], [106.7039625, 47.90593137], [106.70395995, 47.9060353], [106.70395883, 47.90611948], [106.70396573, 47.90620171], [106.7039806, 47.90628347], [106.70400339, 47.90636439], [106.70403475, 47.90644613], [106.70385339, 47.90647759], [106.7038205, 47.90639186], [106.70379543, 47.90630285], [106.70377907, 47.90621292], [106.70377148, 47.90612247], [106.70377267, 47.9060337], [106.7037753, 47.90592627], [106.70378573, 47.90581778], [106.70380392, 47.90570974], [106.70382981, 47.90560242], [106.70386335, 47.90549607], [106.70390418, 47.90539164], [106.70398254, 47.90520937], [106.70404552, 47.90505215], [106.70410154, 47.90489409], [106.70415069, 47.904735], [106.70419319, 47.90457405], [106.70441693, 47.9037381], [106.70465966, 47.90270082], [106.70471933, 47.90243259], [106.70477223, 47.90216401], [106.70481843, 47.90189478], [106.70489104, 47.90141182], [106.70502065, 47.90061064], [106.70502153, 47.9005887], [106.70501711, 47.90056695], [106.7050075, 47.90054597], [106.70499296, 47.90052632], [106.70497388, 47.90050851], [106.70495075, 47.90049302], [106.70492419, 47.90048026], [106.70489491, 47.90047056], [106.70486368, 47.90046418], [106.70483132, 47.90046129], [106.70114484, 47.90033569], [106.6989857, 47.90025802], [106.69635063, 47.90015815], [106.6872649, 47.89982257], [106.66837205, 47.89912205], [106.66803062, 47.89914857], [106.6679863, 47.89915459], [106.66794413, 47.89916555], [106.66790531, 47.89918113], [106.66787094, 47.89920088], [106.667842, 47.89922424], [106.66781933, 47.89925054], [106.66780357, 47.89927904], [106.66779517, 47.89930891], [106.66779436, 47.89933931], [106.66780118, 47.89936936], [106.66781543, 47.89939821], [106.6678367, 47.89942504], [106.66791932, 47.89950193], [106.66806591, 47.89963424], [106.66821983, 47.89976273], [106.66838085, 47.89988721], [106.66854875, 47.90000752], [106.66872329, 47.90012347], [106.66890422, 47.90023491], [106.66909129, 47.90034168], [106.66928421, 47.90044362], [106.66948272, 47.90054058], [106.66968654, 47.90063243], [106.66989538, 47.90071904], [106.67010893, 47.90080028], [106.67032689, 47.90087604], [106.67055057, 47.90094672], [106.67055371, 47.90094767], [106.67055844, 47.90094908], [106.67056313, 47.90095049], [106.67056784, 47.90095189], [106.67057252, 47.90095328], [106.67057727, 47.9009547], [106.67058207, 47.90095612], [106.67058678, 47.90095751], [106.67059147, 47.9009589], [106.67059628, 47.90096032], [106.67060097, 47.9009617], [106.67060575, 47.9009631], [106.67061045, 47.90096448], [106.67061525, 47.90096589], [106.67061997, 47.90096727], [106.67062474, 47.90096866], [106.67062949, 47.90097004], [106.67063428, 47.90097143], [106.67063902, 47.90097281], [106.67064381, 47.90097419], [106.67064857, 47.90097557], [106.67065334, 47.90097695], [106.67065812, 47.90097833], [106.67066294, 47.90097972], [106.67066766, 47.90098107], [106.67067249, 47.90098246], [106.67067727, 47.90098383], [106.67068206, 47.9009852], [106.67068688, 47.90098657], [106.67069166, 47.90098794], [106.67069644, 47.9009893], [106.67070128, 47.90099068], [106.67070607, 47.90099204], [106.67071085, 47.9009934], [106.67071569, 47.90099477], [106.67072053, 47.90099613], [106.67072533, 47.90099749], [106.67073011, 47.90099884], [106.67073495, 47.90100021], [106.6707398, 47.90100157], [106.67074464, 47.90100293], [106.67074943, 47.90100428], [106.67075427, 47.90100564], [106.67075912, 47.901007], [106.67076397, 47.90100836], [106.67076877, 47.9010097], [106.67077366, 47.90101107], [106.67077847, 47.90101242], [106.67078332, 47.90101377], [106.67078816, 47.90101512], [106.67079307, 47.90101649], [106.67079787, 47.90101782], [106.67080272, 47.90101917], [106.67080758, 47.90102052], [106.67081249, 47.90102189], [106.67081734, 47.90102323], [106.67082219, 47.90102458], [106.67082705, 47.90102593], [106.67083192, 47.90102728], [106.67083682, 47.90102863], [106.67084168, 47.90102998], [106.67084653, 47.90103132], [106.67085145, 47.90103268], [106.6708563, 47.90103402], [106.67086122, 47.90103538], [106.67086607, 47.90103671], [106.67087099, 47.90103807], [106.67087586, 47.90103942], [106.67088076, 47.90104077], [106.67088563, 47.90104211], [106.67089053, 47.90104346], [106.67089546, 47.90104482], [106.67090036, 47.90104617], [106.67090523, 47.90104751], [106.67091014, 47.90104886], [106.67091506, 47.90105021], [106.67091997, 47.90105157], [106.67092484, 47.90105291], [106.67092979, 47.90105427], [106.67093467, 47.90105561], [106.6709377, 47.90105644], [106.67552699, 47.90231905], [106.67658404, 47.90260618], [106.67764442, 47.90288692], [106.67870845, 47.90316136], [106.67977604, 47.90342947], [106.68084712, 47.90369123], [106.6819216, 47.90394663], [106.6829998, 47.90419573], [106.68533908, 47.90472841], [106.68567266, 47.90480764], [106.68600306, 47.90489268], [106.68633005, 47.90498349], [106.68665341, 47.90508], [106.68697292, 47.90518214], [106.68728837, 47.90528984], [106.68759953, 47.90540303], [106.6879062, 47.90552164], [106.68820817, 47.90564558], [106.68850524, 47.90577477], [106.6887972, 47.90590912], [106.68908385, 47.90604854], [106.68981381, 47.90641341], [106.68918208, 47.9064227], [106.68885237, 47.9062579], [106.68854834, 47.90611039], [106.6882382, 47.90596876], [106.68792219, 47.90583311], [106.68760058, 47.90570356], [106.68727361, 47.9055802], [106.68694157, 47.90546315], [106.68660471, 47.90535249], [106.68626331, 47.90524831], [106.68591765, 47.9051507], [106.685568, 47.90505974], [106.68521464, 47.9049755], [106.68287454, 47.90444263], [106.68179391, 47.90419297], [106.6807162, 47.90393681], [106.67964191, 47.90367426], [106.6785711, 47.90340534], [106.67750388, 47.90313008], [106.67644031, 47.9028485], [106.67538089, 47.90256072], [106.6707907, 47.90129787], [106.67078779, 47.90129706], [106.67078284, 47.9012957], [106.67077796, 47.90129436], [106.67077299, 47.90129299], [106.67076808, 47.90129164], [106.67076316, 47.90129029], [106.67075825, 47.90128893], [106.67075329, 47.90128757], [106.67074836, 47.90128621], [106.67074346, 47.90128486], [106.67073853, 47.9012835], [106.67073357, 47.90128214], [106.67072864, 47.90128078], [106.67072368, 47.90127941], [106.67071878, 47.90127806], [106.6707138, 47.90127668], [106.6707089, 47.90127533], [106.67070393, 47.90127395], [106.67069901, 47.9012726], [106.67069404, 47.90127122], [106.67068909, 47.90126985], [106.67068416, 47.90126849], [106.67067921, 47.90126711], [106.67067425, 47.90126574], [106.67066928, 47.90126436], [106.67066431, 47.90126298], [106.6706594, 47.90126162], [106.67065445, 47.90126024], [106.67064948, 47.90125886], [106.67064447, 47.90125746], [106.67063956, 47.9012561], [106.6706346, 47.90125471], [106.67062963, 47.90125333], [106.67062464, 47.90125193], [106.67061972, 47.90125055], [106.67061471, 47.90124915], [106.67060976, 47.90124777], [106.6706048, 47.90124637], [106.67059984, 47.90124498], [106.67059484, 47.90124358], [106.67058988, 47.90124218], [106.67058493, 47.90124079], [106.67057998, 47.90123939], [106.67057496, 47.90123797], [106.67056997, 47.90123656], [106.67056502, 47.90123516], [106.67056007, 47.90123376], [106.67055507, 47.90123234], [106.67055007, 47.90123092], [106.67054513, 47.90122951], [106.67054012, 47.90122809], [106.67053513, 47.90122666], [106.67053017, 47.90122524], [106.67052519, 47.90122382], [106.6705202, 47.90122239], [106.67051526, 47.90122097], [106.67051021, 47.90121952], [106.67050527, 47.9012181], [106.67050028, 47.90121666], [106.6704953, 47.90121522], [106.6704903, 47.90121378], [106.67048533, 47.90121234], [106.67048032, 47.90121088], [106.67047536, 47.90120944], [106.67047037, 47.90120799], [106.67046539, 47.90120653], [106.67046037, 47.90120507], [106.67045542, 47.90120362], [106.67045039, 47.90120215], [106.67044544, 47.90120069], [106.67044039, 47.9011992], [106.67043548, 47.90119776], [106.67043044, 47.90119627], [106.67042543, 47.90119478], [106.67042052, 47.90119332], [106.67041555, 47.90119185], [106.67041052, 47.90119035], [106.67040552, 47.90118886], [106.6704005, 47.90118736], [106.67039553, 47.90118587], [106.67038897, 47.9011839], [106.67015526, 47.90111005], [106.66992428, 47.90102976], [106.66969797, 47.90094367], [106.66947666, 47.90085188], [106.66926066, 47.90075454], [106.66905029, 47.90065179], [106.66884584, 47.90054376], [106.6686476, 47.90043062], [106.66845586, 47.90031252], [106.66827089, 47.90018963], [106.66809296, 47.90006214], [106.66792231, 47.89993022], [106.6677592, 47.89979405], [106.66760386, 47.89965384], [106.66745753, 47.89951079], [106.66745467, 47.89950788], [106.66745166, 47.89950481], [106.66744866, 47.89950174], [106.66744566, 47.89949867], [106.66744268, 47.89949562], [106.66743967, 47.89949253], [106.6674367, 47.89948947], [106.66743373, 47.89948641], [106.66743075, 47.89948333], [106.66742777, 47.89948026], [106.66742481, 47.89947719], [106.66742184, 47.89947411], [106.66741892, 47.89947108], [106.66741593, 47.89946798], [106.66741297, 47.89946489], [106.66741004, 47.89946184], [106.6674071, 47.89945877], [106.66740416, 47.8994557], [106.66740123, 47.89945262], [106.6673983, 47.89944955], [106.66739537, 47.89944647], [106.66739246, 47.89944341], [106.66738953, 47.89944033], [106.66738663, 47.89943727], [106.66738371, 47.89943419], [106.66738079, 47.89943111], [106.66737789, 47.89942804], [106.66737498, 47.89942496], [106.6673721, 47.89942191], [106.6673692, 47.89941882], [106.66736631, 47.89941576], [106.66736342, 47.89941268], [106.66736054, 47.89940961], [106.66735766, 47.89940654], [106.66735478, 47.89940347], [106.6673519, 47.89940039], [106.66734902, 47.89939732], [106.66734618, 47.89939428], [106.66734328, 47.89939117], [106.66734044, 47.89938812], [106.66733757, 47.89938505], [106.66733471, 47.89938197], [106.66733187, 47.89937892], [106.66732285, 47.89936921], [106.66728453, 47.89933375], [106.66723926, 47.89930221], [106.66718791, 47.8992752], [106.66713148, 47.89925326], [106.66707106, 47.89923679], [106.66700784, 47.89922613], [106.66694302, 47.89922147], [106.6662067, 47.8992033], [106.6651822, 47.89898032], [106.65879449, 47.89876789], [106.65834422, 47.89876704], [106.65789404, 47.8987731], [106.65744418, 47.89878605], [106.65699487, 47.8988059], [106.65654636, 47.89883262], [106.65609887, 47.89886622], [106.65565263, 47.89890666], [106.65520788, 47.89895393], [106.65476485, 47.89900801], [106.65432376, 47.89906886], [106.65388485, 47.89913645], [106.65344834, 47.89921076], [106.65301447, 47.89929174], [106.65258345, 47.89937934], [106.65215551, 47.89947353], [106.65173088, 47.89957425], [106.65130976, 47.89968146], [106.65089239, 47.89979509], [106.65047898, 47.89991509], [106.65006974, 47.90004139], [106.64966489, 47.90017394], [106.64926463, 47.90031265], [106.64886918, 47.90045746], [106.64847874, 47.9006083], [106.64738526, 47.90103672], [106.64680392, 47.90129373], [106.64629731, 47.90153582], [106.64581298, 47.90177792], [106.6448118, 47.90207588], [106.64471975, 47.90193604], [106.6456977, 47.90164499], [106.64616359, 47.90141211], [106.64667554, 47.90116747], [106.64726546, 47.90090666], [106.64836374, 47.90047637], [106.6487588, 47.90032376], [106.64915894, 47.90017724], [106.64956394, 47.9000369], [106.64997359, 47.89990281], [106.65038768, 47.89977503], [106.650806, 47.89965363], [106.65122832, 47.89953867], [106.65165443, 47.89943022], [106.6520841, 47.89932834], [106.65251711, 47.89923306], [106.65295324, 47.89914445], [106.65339226, 47.89906255], [106.65383394, 47.8989874], [106.65427806, 47.89891904], [106.65472438, 47.89885751], [106.65517266, 47.89880284], [106.65562268, 47.89875505], [106.65607421, 47.89871418], [106.656527, 47.89868024], [106.65698083, 47.89865325], [106.65743545, 47.89863322], [106.65789063, 47.89862017], [106.65834614, 47.8986141], [106.65880173, 47.89861502], [106.66529501, 47.89883096], [106.66536292, 47.89882989], [106.66542988, 47.89882224], [106.66549449, 47.89880815], [106.66555539, 47.89878792], [106.66561129, 47.89876197], [106.66566102, 47.89873086], [106.66570354, 47.89869524], [106.66573794, 47.89865586], [106.66576351, 47.89861354], [106.66577971, 47.89856918], [106.66578619, 47.89852372], [106.66578282, 47.8984781], [106.66576966, 47.89843329], [106.66574701, 47.89839023], [106.66571533, 47.89834982], [106.66567529, 47.89831293], [106.66562773, 47.89828032], [106.66557366, 47.89825268], [106.66279475, 47.89703535], [106.66200301, 47.89669671], [106.6603112, 47.89596494], [106.65969007, 47.89569395], [106.65370604, 47.89308296], [106.65391717, 47.89286411], [106.65934676, 47.89523321], [106.65969383, 47.89538463], [106.65971741, 47.89539313], [106.65974277, 47.89539888], [106.65976919, 47.89540172], [106.65979595, 47.89540156], [106.6598223, 47.89539842], [106.6598475, 47.89539238], [106.65987086, 47.8953836], [106.65989173, 47.89537234], [106.65990953, 47.8953589], [106.65992376, 47.89534366], [106.65993403, 47.89532705], [106.66132323, 47.89241442], [106.66431946, 47.88612976], [106.66438585, 47.88600147], [106.66446153, 47.88587552], [106.66454633, 47.88575223], [106.66464003, 47.88563189], [106.66474241, 47.8855148], [106.66485322, 47.88540123], [106.6649722, 47.88529146], [106.66509905, 47.88518576], [106.66523348, 47.88508438], [106.66537515, 47.88498757], [106.66552373, 47.88489555], [106.66567884, 47.88480857], [106.66584013, 47.88472681], [106.66600719, 47.88465049], [106.66617963, 47.88457978], [106.66635703, 47.88451486], [106.66653896, 47.88445589], [106.66672498, 47.884403], [106.66691463, 47.88435632], [106.66710747, 47.88431597], [106.66730302, 47.88428205], [106.66750082, 47.88425463], [106.66770038, 47.88423378], [106.66790122, 47.88421956], [106.67916386, 47.88360934], [106.67952379, 47.88358982], [106.68645815, 47.88321467], [106.68667455, 47.88318625], [106.68688894, 47.88315162], [106.68710091, 47.88311082], [106.6873101, 47.88306395], [106.68751609, 47.88301108], [106.68771853, 47.88295231], [106.68791703, 47.88288776], [106.68811123, 47.88281754], [106.68830077, 47.88274177], [106.68848531, 47.88266061], [106.68868696, 47.88254789], [106.68888414, 47.88243166], [106.68907672, 47.88231199], [106.68926457, 47.88218895], [106.68944754, 47.88206264], [106.68962553, 47.88193315], [106.68979839, 47.88180055], [106.68983792, 47.88176922], [106.68996603, 47.88166494], [106.69004373, 47.88159955], [106.69012823, 47.8815265], [106.69012831, 47.88152643], [106.69028512, 47.88138509], [106.69031744, 47.88135498], [106.69044055, 47.8812396], [106.69059649, 47.88109343], [106.69075244, 47.88094727], [106.69090838, 47.88080111], [106.69106432, 47.88065495], [106.69122026, 47.88050878], [106.69122034, 47.88050871], [106.6913762, 47.88036262], [106.69151551, 47.88023204], [106.69153214, 47.88021646], [106.69167899, 47.88007882], [106.69168808, 47.88007029], [106.69175685, 47.88000583], [106.69175696, 47.88000573], [106.6918438, 47.87992386], [106.69200066, 47.87977705], [106.69215094, 47.8796391], [106.69216036, 47.87963058], [106.69232425, 47.87948516], [106.69249365, 47.87934152], [106.69265934, 47.87920863], [106.69266982, 47.8792005], [106.69274998, 47.87913934], [106.69285324, 47.87906319], [106.69304409, 47.87893053], [106.69324153, 47.87880231], [106.69344534, 47.87867868], [106.69365528, 47.87855979], [106.69387111, 47.87844576], [106.69408326, 47.87834117], [106.69409257, 47.87833675], [106.69431942, 47.87823286], [106.69455138, 47.87813422], [106.6947882, 47.87804094], [106.6950296, 47.87795313], [106.69527529, 47.8778709], [106.695525, 47.87779433], [106.69577843, 47.87772353], [106.6960353, 47.87765856], [106.69629529, 47.8775995], [106.69634323, 47.87758933], [106.69655813, 47.87754643], [106.69682349, 47.8774994], [106.69709108, 47.87745846], [106.69709121, 47.87745844], [106.69736058, 47.87742367], [106.69756899, 47.87740112], [106.69763169, 47.87739507], [106.69790408, 47.87737269], [106.69817731, 47.87735655], [106.69817744, 47.87735655], [106.69845147, 47.87734667], [106.69872583, 47.87734306], [106.69879146, 47.87734313], [106.69880322, 47.87734318], [106.69886076, 47.8773436], [106.69898484, 47.87734542], [106.69898696, 47.87734547], [106.69900021, 47.87734574], [106.69901274, 47.87734601], [106.69907862, 47.87734766], [106.69909226, 47.87734804], [106.69918898, 47.87735123], [106.69926042, 47.87735409], [106.6992743, 47.87735469], [106.69934098, 47.87735782], [106.6995478, 47.87736991], [106.69982036, 47.87739137], [106.70009167, 47.87741905], [106.70036143, 47.87745293], [106.70062932, 47.87749296], [106.70089503, 47.87753909], [106.70115826, 47.87759127], [106.70141869, 47.87764945], [106.70167604, 47.87771355], [106.70168078, 47.87771479], [106.70193, 47.8777835], [106.70218028, 47.87785922], [106.70242658, 47.87794062], [106.70266863, 47.87802761], [106.70280549, 47.87808037], [106.70290572, 47.87812055], [106.70292326, 47.87812772], [106.70313762, 47.87821853], [106.70336424, 47.87832041], [106.70358641, 47.87842515], [106.70380505, 47.87853175], [106.70402113, 47.87863928], [106.70407606, 47.87866681], [106.70407896, 47.87866826], [106.70408603, 47.8786718], [106.70409395, 47.87867578], [106.7041089, 47.87868327], [106.70413554, 47.87869664], [106.70414455, 47.87870116], [106.70421459, 47.87873607], [106.70423624, 47.87874688], [106.70423838, 47.87874795], [106.70425156, 47.87875454], [106.70427889, 47.87876822], [106.70436904, 47.87881335], [106.70438152, 47.8788196], [106.70445078, 47.87885427], [106.70445793, 47.87885784], [106.70449595, 47.87887688], [106.70450747, 47.87888264], [106.70461867, 47.8789383], [106.70462501, 47.87894148], [106.70462927, 47.87894361], [106.70466534, 47.87896167], [106.70473707, 47.87899757], [106.7047468, 47.87900244], [106.70477902, 47.87901857], [106.70481416, 47.87903616], [106.70481735, 47.87903776], [106.70481837, 47.87903827], [106.70481924, 47.8790387], [106.70483572, 47.87904695], [106.70484153, 47.87904986], [106.70484212, 47.87905015], [106.70486283, 47.87906052], [106.70486799, 47.8790631], [106.70486858, 47.8790634], [106.7048799, 47.87906906], [106.70488, 47.87906912], [106.70509445, 47.87917646], [106.70530901, 47.87928386], [106.70538381, 47.8793213], [106.70552401, 47.87939266], [106.70573718, 47.87950116], [106.70573729, 47.87950121], [106.70595057, 47.87960976], [106.70616384, 47.87971831], [106.70637712, 47.87982686], [106.7065904, 47.8799354], [106.70662885, 47.87995497], [106.70680368, 47.88004395], [106.70701672, 47.88015238], [106.70701696, 47.8801525], [106.70701706, 47.88015255], [106.70723024, 47.88026104], [106.70724308, 47.88026758], [106.70744352, 47.88036959], [106.7076567, 47.88047808], [106.7076568, 47.88047813], [106.70767298, 47.88048637], [106.70767344, 47.8804866], [106.707682, 47.88049096], [106.70770405, 47.88050218], [106.70770451, 47.88050241], [106.70771341, 47.88050694], [106.70773512, 47.88051799], [106.70773557, 47.88051822], [106.70774481, 47.88052292], [106.70776619, 47.8805338], [106.70776664, 47.88053403], [106.70777621, 47.8805389], [106.70779726, 47.88054961], [106.70779771, 47.88054985], [106.70780762, 47.88055489], [106.70782832, 47.88056542], [106.70782878, 47.88056566], [106.70783902, 47.88057087], [106.70785939, 47.88058124], [106.70785985, 47.88058147], [106.70787009, 47.88058668], [106.70808337, 47.88069522], [106.70829666, 47.88080377], [106.70850994, 47.88091231], [106.70872323, 47.88102086], [106.70880904, 47.88106453], [106.70883524, 47.88107786], [106.70884571, 47.88108318], [106.70888289, 47.88110211], [106.70890909, 47.88111544], [106.70893652, 47.8811294], [106.70908061, 47.88120272], [106.70908585, 47.88120539], [106.70909064, 47.88120783], [106.70909123, 47.88120813], [106.70909597, 47.88121054], [106.70914981, 47.88123794], [106.7092304, 47.88127895], [106.70923381, 47.88128069], [106.70924406, 47.8812859], [106.70924733, 47.88128757], [106.70926254, 47.88129531], [106.70926564, 47.88129689], [106.7092967, 47.88131269], [106.70929947, 47.8813141], [106.70935359, 47.88134164], [106.70935582, 47.88134278], [106.7093631, 47.88134648], [106.70941336, 47.88137206], [106.70941501, 47.8813729], [106.70950756, 47.88142], [106.70957639, 47.88145503], [106.7095789, 47.8814563], [106.70958521, 47.88145951], [106.70958624, 47.88146004], [106.70958649, 47.88146016], [106.70958651, 47.88146017], [106.70958653, 47.88146018], [106.70958655, 47.8814602], [106.70978968, 47.88156357], [106.71000298, 47.88167211], [106.71000308, 47.88167216], [106.71021627, 47.88178065], [106.71042956, 47.88188919], [106.71045293, 47.88190108], [106.71064286, 47.88199773], [106.71085605, 47.88210621], [106.71085616, 47.88210627], [106.71106945, 47.8822148], [106.71128275, 47.88232334], [106.71149605, 47.88243188], [106.7115072, 47.88243755], [106.71126517, 47.88265278], [106.71125403, 47.88264711], [106.71104073, 47.88253857], [106.71082743, 47.88243003], [106.71061413, 47.88232149], [106.71061402, 47.88232144], [106.71040083, 47.88221295], [106.7102109, 47.8821163], [106.71018754, 47.88210441], [106.70997424, 47.88199587], [106.70976105, 47.88188738], [106.70976095, 47.88188733], [106.70954765, 47.88177879], [106.70934452, 47.88167542], [106.7093445, 47.88167541], [106.70934448, 47.8816754], [106.70934446, 47.88167539], [106.70934421, 47.88167526], [106.70934318, 47.88167473], [106.70933687, 47.88167152], [106.70933436, 47.88167025], [106.70926553, 47.88163522], [106.70917298, 47.88158812], [106.70917133, 47.88158728], [106.70912107, 47.8815617], [106.70911379, 47.881558], [106.70911156, 47.88155686], [106.70905744, 47.88152933], [106.70905467, 47.88152791], [106.70902361, 47.88151211], [106.70902051, 47.88151053], [106.7090053, 47.88150279], [106.70900203, 47.88150112], [106.70899178, 47.88149591], [106.70898837, 47.88149417], [106.70890778, 47.88145316], [106.70885394, 47.88142576], [106.7088492, 47.88142335], [106.70884861, 47.88142305], [106.70884382, 47.88142061], [106.70883858, 47.88141795], [106.70869449, 47.88134462], [106.70866706, 47.88133066], [106.70864086, 47.88131733], [106.70860368, 47.8812984], [106.70859321, 47.88129308], [106.70856701, 47.88127974], [106.7084812, 47.88123608], [106.70826791, 47.88112753], [106.70805463, 47.88101899], [106.70784134, 47.88091044], [106.70762806, 47.8808019], [106.70761782, 47.88079669], [106.70761736, 47.88079645], [106.70759699, 47.88078609], [106.70758675, 47.88078088], [106.70758629, 47.88078064], [106.70756559, 47.8807701], [106.70755568, 47.88076506], [106.70755522, 47.88076483], [106.70753418, 47.88075412], [106.70752461, 47.88074925], [106.70752415, 47.88074902], [106.70750278, 47.88073814], [106.70749354, 47.88073344], [106.70749308, 47.88073321], [106.70747137, 47.88072216], [106.70746247, 47.88071763], [106.70746202, 47.8807174], [106.7074314, 47.88070182], [106.70740764, 47.88068974], [106.70738631, 47.88067889], [106.70736498, 47.88066803], [106.70734366, 47.88065718], [106.70732233, 47.88064632], [106.7073055, 47.88063776], [106.707301, 47.88063547], [106.70727951, 47.88062476], [106.70725741, 47.88061464], [106.70723426, 47.88060564], [106.70720982, 47.88059837], [106.70719695, 47.88059554], [106.70718963, 47.88059426], [106.70718412, 47.88059346], [106.70715757, 47.88059144], [106.70713952, 47.88059177], [106.7071328, 47.88059225], [106.7071309, 47.88059242], [106.70712105, 47.88059355], [106.70710704, 47.8805959], [106.70710484, 47.88059635], [106.70709052, 47.88059989], [106.70708444, 47.88060172], [106.70708011, 47.88060314], [106.7070574, 47.8806126], [106.70705546, 47.88061358], [106.70703725, 47.8806244], [106.70701967, 47.88063795], [106.70700426, 47.88065264], [106.70699039, 47.88066802], [106.70697737, 47.88068373], [106.7069762, 47.88068517], [106.70696451, 47.88069951], [106.70695165, 47.88071529], [106.7069388, 47.88073106], [106.70681023, 47.88088882], [106.70668166, 47.88104658], [106.70657511, 47.88117732], [106.7057331, 47.88221046], [106.70565308, 47.88230864], [106.70552451, 47.8824664], [106.70539593, 47.88262416], [106.70526735, 47.88278192], [106.70513878, 47.88293967], [106.7050102, 47.88309743], [106.70449586, 47.88372845], [106.70436727, 47.8838862], [106.70423868, 47.88404396], [106.70411008, 47.88420171], [106.70398149, 47.88435947], [106.7038529, 47.88451722], [106.70372431, 47.88467497], [106.70359571, 47.88483272], [106.70356233, 47.88487523], [106.70282414, 47.88577924], [106.70269554, 47.88593699], [106.70256695, 47.88609475], [106.70243835, 47.8862525], [106.70230975, 47.88641025], [106.70218115, 47.886568], [106.70203962, 47.88674163], [106.70201837, 47.88677327], [106.70200461, 47.88680673], [106.70199868, 47.88684122], [106.70200071, 47.88687591], [106.70201065, 47.88690998], [106.70202827, 47.88694261], [106.70205315, 47.88697303], [106.70208469, 47.88700051], [106.70380661, 47.88828247], [106.7038309, 47.88829779], [106.70385862, 47.88831019], [106.70388901, 47.88831933], [106.70392124, 47.88832497], [106.7039544, 47.88832695], [106.7039876, 47.88832521], [106.7040199, 47.8883198], [106.70405044, 47.88831087], [106.70407835, 47.88829867], [106.70410289, 47.88828353], [106.70412336, 47.88826587], [106.70413921, 47.88824617], [106.70415035, 47.88822907], [106.70440583, 47.88830879], [106.70435728, 47.88838332], [106.70434633, 47.88840495], [106.70434096, 47.88842752], [106.70434133, 47.88845037], [106.70434743, 47.88847285], [106.70435908, 47.88849432], [106.70437595, 47.88851415], [106.70439756, 47.88853179], [106.70442328, 47.88854672], [106.70445238, 47.88855852], [106.70448402, 47.88856684], [106.70589595, 47.88884831], [106.70603564, 47.88888513], [106.70617152, 47.88892791], [106.70630304, 47.88897646], [106.70642965, 47.88903059], [106.70655084, 47.88909008], [106.7066661, 47.88915467], [106.70677496, 47.88922411], [106.70687696, 47.8892981], [106.7069717, 47.88937635], [106.70705877, 47.88945852], [106.70713782, 47.88954429], [106.70720853, 47.88963329], [106.70727059, 47.88972516], [106.70732376, 47.88981952], [106.70736781, 47.88991598], [106.70740257, 47.89001414], [106.70742789, 47.8901136], [106.70744366, 47.89021395], [106.70744982, 47.89031477], [106.70743802, 47.89186046], [106.70743534, 47.89221101], [106.70741347, 47.89257693], [106.70738186, 47.89288367], [106.70733527, 47.89319247], [106.70729488, 47.89342174], [106.70724231, 47.89364946], [106.70719461, 47.89382649], [106.7071469, 47.89400352], [106.7070992, 47.89418055], [106.70705149, 47.89435757], [106.70700378, 47.8945346], [106.70695608, 47.89471163], [106.70690837, 47.89488865], [106.70686066, 47.89506568], [106.70681149, 47.89524325], [106.70675882, 47.89542048], [106.70670471, 47.89559667], [106.70665059, 47.89577286], [106.70659648, 47.89594905], [106.70654237, 47.89612525], [106.70648826, 47.89630144], [106.70643414, 47.89647763], [106.70638003, 47.89665382], [106.70632592, 47.89683001], [106.7062718, 47.89700621], [106.70621769, 47.8971824], [106.70616357, 47.89735859], [106.70610946, 47.89753478], [106.70605534, 47.89771097], [106.70600122, 47.89788717], [106.70594711, 47.89806336], [106.70589299, 47.89823955], [106.70583887, 47.89841574], [106.70578476, 47.89859193], [106.70573064, 47.89876812], [106.70567652, 47.89894432], [106.7056224, 47.89912051], [106.70556828, 47.8992967], [106.70551416, 47.89947289], [106.70546004, 47.89964908], [106.70542898, 47.8997502], [106.70542494, 47.89977324], [106.70542681, 47.8997964], [106.70543457, 47.89981901], [106.70544796, 47.89984038], [106.7054666, 47.8998599], [106.70548994, 47.89987699], [106.70551728, 47.89989113], [106.70554783, 47.89990191], [106.70558066, 47.89990902], [106.70561483, 47.89991224], [106.70977594, 47.90006111], [106.71370027, 47.90021442], [106.71649176, 47.90029712], [106.71648705, 47.90036902], [106.71369482, 47.90028629], [106.70977, 47.90013296], [106.70554847, 47.89998193], [106.70551999, 47.89998242], [106.70549198, 47.89998592], [106.70546513, 47.89999235], [106.70544012, 47.90000153], [106.70541757, 47.90001324], [106.70539803, 47.90002719], [106.70538201, 47.90004303], [106.70536989, 47.90006037], [106.70536197, 47.90007878], [106.70535837, 47.9000995], [106.70536009, 47.90012033], [106.70536709, 47.90014066], [106.70537916, 47.90015988], [106.70539594, 47.90017742], [106.70541694, 47.90019278], [106.70544154, 47.90020549], [106.70546902, 47.90021518], [106.70549855, 47.90022157], [106.70552928, 47.90022447], [106.70974993, 47.90037547], [106.71367639, 47.90052886], [106.71647116, 47.90061166], [106.71645409, 47.90087228], [106.71365661, 47.9007894], [106.70972837, 47.90063593], [106.70542059, 47.90048182], [106.70538686, 47.90048252]], [[106.68617584, 47.89949778], [106.68619916, 47.89950861], [106.6862247, 47.89951686], [106.68625185, 47.89952232], [106.68627994, 47.89952486], [106.6872862, 47.89956209], [106.69565652, 47.89987127], [106.69637218, 47.89989768], [106.69900698, 47.89999755], [106.70116502, 47.90007517], [106.70493524, 47.90020362], [106.70496367, 47.90020308], [106.70499163, 47.90019955], [106.70501841, 47.9001931], [106.70504335, 47.90018391], [106.70506584, 47.9001722], [106.70508532, 47.90015827], [106.7051013, 47.90014244], [106.70511338, 47.90012513], [106.70512128, 47.90010676], [106.70512489, 47.900086], [106.70512315, 47.90006514], [106.70511612, 47.90004479], [106.70510401, 47.90002555], [106.70508717, 47.90000799], [106.7050661, 47.89999263], [106.70504143, 47.89997993], [106.70501389, 47.89997025], [106.70498429, 47.8999639], [106.70495351, 47.89996105], [106.70118381, 47.89983262], [106.69902679, 47.89975503], [106.69639224, 47.89965517], [106.69567632, 47.89962876], [106.68730603, 47.89931958], [106.68629978, 47.89928235], [106.68626832, 47.89928303], [106.68623751, 47.89928738], [106.68620829, 47.89929525], [106.68618155, 47.89930643], [106.68615811, 47.89932055], [106.68613866, 47.8993372], [106.68612381, 47.89935586], [106.686114, 47.89937598], [106.68610954, 47.89939693], [106.68611021, 47.89941598], [106.6861153, 47.89943473], [106.68612469, 47.89945271], [106.68613815, 47.89946948], [106.68615534, 47.89948463], [106.68617584, 47.89949778]], [[106.70074067, 47.89973282], [106.70076341, 47.89974014], [106.70078757, 47.89974497], [106.70081256, 47.8997472], [106.70118937, 47.89976076], [106.70501328, 47.89989103], [106.70504487, 47.89989043], [106.70507593, 47.8998865], [106.70510568, 47.89987935], [106.7051334, 47.89986913], [106.70515839, 47.89985612], [106.70518003, 47.89984064], [106.70519778, 47.89982306], [106.70521121, 47.89980382], [106.70521998, 47.8997834], [106.70641752, 47.89586003], [106.70642143, 47.89583873], [106.70642027, 47.89581729], [106.70641406, 47.89579623], [106.70640298, 47.89577611], [106.70638729, 47.89575742], [106.70636739, 47.89574064], [106.70634379, 47.8957262], [106.70631708, 47.89571445], [106.70628794, 47.89570571], [106.70625711, 47.89570017], [106.70622536, 47.895698], [106.70613611, 47.89569669], [106.70595686, 47.8956974], [106.70577794, 47.89570479], [106.7055999, 47.89571885], [106.70110379, 47.89616971], [106.70107045, 47.89617505], [106.70103895, 47.89618412], [106.7010102, 47.89619666], [106.70098505, 47.89621231], [106.70096422, 47.89623061], [106.70094832, 47.89625103], [106.70093783, 47.89627297], [106.70093304, 47.89629578], [106.70066085, 47.8996335], [106.70066145, 47.89965045], [106.70066599, 47.89966713], [106.70067436, 47.89968312], [106.70068634, 47.89969803], [106.70070165, 47.8997115], [106.70071991, 47.89972319], [106.70074067, 47.89973282]], [[106.70119811, 47.89600564], [106.70556674, 47.89556756], [106.70575744, 47.89555249], [106.70594908, 47.89554456], [106.70614109, 47.8955438], [106.70632825, 47.89554655], [106.70635947, 47.89554537], [106.70639004, 47.89554095], [106.70641921, 47.89553338], [106.70644628, 47.89552286], [106.70647059, 47.89550963], [106.70649155, 47.89549403], [106.70650865, 47.89547643], [106.70652147, 47.89545725], [106.70652972, 47.89543697], [106.70699632, 47.89379423], [106.70705515, 47.89355249], [106.70710532, 47.89330987], [106.70714681, 47.89306651], [106.7071796, 47.89282255], [106.70720366, 47.89257813], [106.70721899, 47.89233339], [106.70721706, 47.89231021], [106.70720924, 47.89228759], [106.70719578, 47.89226622], [106.70717707, 47.89224671], [106.70715367, 47.89222964], [106.70712626, 47.89221553], [106.70709566, 47.89220479], [106.70706278, 47.89219773], [106.70702858, 47.89219457], [106.70174895, 47.89201495], [106.70168235, 47.89201587], [106.70161662, 47.89202314], [106.70155309, 47.89203662], [106.70149305, 47.89205602], [106.70143771, 47.89208095], [106.70138819, 47.89211092], [106.7013455, 47.89214531], [106.7013105, 47.89218343], [106.70128389, 47.89222451], [106.70126623, 47.8922677], [106.70125786, 47.89231215], [106.70096818, 47.8958648], [106.70096901, 47.89588652], [106.70097502, 47.89590788], [106.70098605, 47.8959283], [106.70100182, 47.89594727], [106.7010219, 47.8959643], [106.70104579, 47.89597893], [106.70107287, 47.8959908], [106.70110242, 47.89599959], [106.70113369, 47.89600507], [106.70116586, 47.89600711], [106.70119811, 47.89600564]], [[106.70699954, 47.89204046], [106.70703191, 47.8920398], [106.70706371, 47.89203564], [106.70709409, 47.8920281], [106.70712228, 47.89201737], [106.70714753, 47.89200373], [106.70716919, 47.89198753], [106.70718669, 47.8919692], [106.70719957, 47.89194921], [106.70720751, 47.8919281], [106.70721029, 47.89190639], [106.70721248, 47.89162023], [106.70722245, 47.89031509], [106.70721625, 47.89021932], [106.70720044, 47.89012404], [106.7071751, 47.8900297], [106.70714035, 47.88993673], [106.70709633, 47.88984555], [106.70704326, 47.88975658], [106.70698137, 47.88967022], [106.70691095, 47.88958687], [106.70683232, 47.88950691], [106.70674584, 47.8894307], [106.7066519, 47.8893586], [106.70655094, 47.88929094], [106.70644341, 47.88922801], [106.7063298, 47.88917012], [106.70621064, 47.88911751], [106.70608647, 47.88907045], [106.70595786, 47.88902913], [106.70582539, 47.88899375], [106.70431986, 47.88869362], [106.70428831, 47.88868915], [106.70425611, 47.88868813], [106.70422409, 47.8886906], [106.70419306, 47.88869648], [106.70416384, 47.88870563], [106.70413717, 47.88871781], [106.70411375, 47.88873271], [106.70409418, 47.88874994], [106.70407896, 47.88876905], [106.70357745, 47.88954256], [106.70293334, 47.89031407], [106.70165899, 47.89161436], [106.70164028, 47.8916373], [106.7016273, 47.89166197], [106.70162039, 47.89168772], [106.70161975, 47.89171388], [106.70162538, 47.89173977], [106.70163713, 47.89176471], [106.70165471, 47.89178806], [106.70167764, 47.89180919], [106.70170534, 47.89182757], [106.70173707, 47.8918427], [106.70177202, 47.8918542], [106.70180926, 47.89186176], [106.70184783, 47.89186519], [106.70699954, 47.89204046]], [[106.70111682, 47.89169846], [106.70118096, 47.891689], [106.70124251, 47.89167359], [106.70130024, 47.89165255], [106.70135303, 47.89162628], [106.70139983, 47.8915953], [106.70143973, 47.89156022], [106.70273905, 47.89023445], [106.70337361, 47.88947439], [106.70389574, 47.88866907], [106.70390636, 47.88864817], [106.70391176, 47.88862638], [106.70391181, 47.88860429], [106.7039065, 47.88858249], [106.70389598, 47.88856157], [106.70388051, 47.88854208], [106.70386053, 47.88852455], [106.70194091, 47.8870991], [106.7019155, 47.88708323], [106.70188641, 47.88707055], [106.70185451, 47.88706142], [106.70182075, 47.88705612], [106.70178613, 47.88705481], [106.7017517, 47.88705753], [106.70171848, 47.8870642], [106.70168746, 47.88707461], [106.70165957, 47.88708846], [106.69955711, 47.88833502], [106.69915428, 47.88857385], [106.69903821, 47.8886379], [106.69891569, 47.88869626], [106.69878734, 47.88874864], [106.6986538, 47.88879478], [106.69851573, 47.88883445], [106.69837384, 47.88886744], [106.69822883, 47.8888936], [106.69808143, 47.88891279], [106.69793238, 47.88892491], [106.69659444, 47.8890015], [106.69655541, 47.88900593], [106.696518, 47.8890146], [106.6964832, 47.88902727], [106.69645196, 47.88904361], [106.69642512, 47.88906317], [106.69640341, 47.88908542], [106.69638741, 47.88910976], [106.69637755, 47.88913554], [106.69637411, 47.88916206], [106.69637718, 47.8891886], [106.69638666, 47.88921444], [106.69640231, 47.88923888], [106.69642371, 47.88926127], [106.69645026, 47.88928101], [106.69749385, 47.88993853], [106.69883083, 47.89078087], [106.6989492, 47.89085186], [106.6990726, 47.89091885], [106.69920075, 47.89098169], [106.69933333, 47.89104022], [106.70080169, 47.89165432], [106.70085975, 47.89167495], [106.70092153, 47.89168992], [106.70098581, 47.89169892], [106.70105134, 47.89170179], [106.70111682, 47.89169846]], [[106.69614206, 47.88888294], [106.69789624, 47.88878253], [106.6980293, 47.88877171], [106.69816089, 47.88875458], [106.69829035, 47.88873123], [106.69841702, 47.88870177], [106.69854028, 47.88866636], [106.6986595, 47.88862517], [106.69877409, 47.8885784], [106.69888347, 47.8885263], [106.69898709, 47.88846912], [106.70161554, 47.88690739], [106.70163176, 47.8868977], [106.7016355, 47.88689541], [106.7016473, 47.88688804], [106.70165501, 47.8868831], [106.70166532, 47.88687634], [106.70167405, 47.88687047], [106.70169262, 47.88685752], [106.70169687, 47.88685447], [106.70171071, 47.88684427], [106.70172829, 47.88683071], [106.70174537, 47.88681687], [106.70176192, 47.88680274], [106.70177794, 47.88678833], [106.70179343, 47.88677366], [106.70180836, 47.88675874], [106.70182274, 47.88674357], [106.70183654, 47.88672816], [106.70184977, 47.88671252], [106.7018515, 47.88671041], [106.70186264, 47.88669675], [106.7018755, 47.88668097], [106.70188842, 47.88666512], [106.70201696, 47.88650745], [106.70214556, 47.88634969], [106.70227416, 47.88619194], [106.70240275, 47.88603419], [106.70253135, 47.88587643], [106.70304574, 47.88524542], [106.70317433, 47.88508767], [106.70330293, 47.88492992], [106.70331111, 47.88491988], [106.70331979, 47.88490923], [106.70332608, 47.88490152], [106.70332616, 47.88490142], [106.70336465, 47.8848542], [106.70336472, 47.88485412], [106.70337211, 47.88484505], [106.70338387, 47.88483062], [106.70339717, 47.88481431], [106.70343152, 47.88477217], [106.70356012, 47.88461441], [106.70368871, 47.88445666], [106.7038173, 47.88429891], [106.7039459, 47.88414115], [106.70407449, 47.8839834], [106.70420308, 47.88382565], [106.70433167, 47.88366789], [106.70484601, 47.88303688], [106.70497459, 47.88287912], [106.70510317, 47.88272136], [106.70523175, 47.88256361], [106.70536032, 47.88240585], [106.7054889, 47.88224809], [106.70556887, 47.88214997], [106.70574605, 47.88193258], [106.70587462, 47.88177482], [106.70600319, 47.88161706], [106.70613177, 47.8814593], [106.70626034, 47.88130155], [106.70677461, 47.88067051], [106.70678747, 47.88065474], [106.70680033, 47.88063896], [106.70681318, 47.88062318], [106.70682604, 47.88060741], [106.7068389, 47.88059163], [106.70684864, 47.88057968], [106.70685175, 47.88057586], [106.70686436, 47.88055999], [106.70687598, 47.88054379], [106.70688576, 47.88052705], [106.70689281, 47.88050971], [106.70689573, 47.88049623], [106.70689615, 47.88049188], [106.70689618, 47.88049136], [106.70689598, 47.88048022], [106.70689542, 47.88047577], [106.70689511, 47.88047392], [106.70689224, 47.88046294], [106.70688965, 47.88045633], [106.70688791, 47.88045263], [106.70688481, 47.88044696], [106.70687994, 47.8804396], [106.70687616, 47.88043473], [106.70686627, 47.88042415], [106.70684946, 47.88041018], [106.70683046, 47.88039753], [106.70681006, 47.8803859], [106.70678894, 47.88037487], [106.70677491, 47.88036772], [106.70656164, 47.88025917], [106.70638682, 47.88017019], [106.70634836, 47.88015062], [106.70613508, 47.88004207], [106.70592181, 47.87993352], [106.70570853, 47.87982497], [106.70549525, 47.87971642], [106.70549515, 47.87971637], [106.70528198, 47.87960787], [106.70514177, 47.87953651], [106.70506955, 47.87950037], [106.70485499, 47.87939297], [106.70464054, 47.87928563], [106.70464043, 47.87928557], [106.70462911, 47.87927991], [106.70462852, 47.87927961], [106.70462336, 47.87927703], [106.70460265, 47.87926666], [106.70460206, 47.87926637], [106.70459626, 47.87926346], [106.70457977, 47.87925521], [106.7045789, 47.87925477], [106.70457789, 47.87925427], [106.70457469, 47.87925267], [106.70453955, 47.87923508], [106.70450734, 47.87921895], [106.70449761, 47.87921408], [106.70442587, 47.87917818], [106.7043898, 47.87916012], [106.70438554, 47.87915799], [106.7043792, 47.87915481], [106.704268, 47.87909915], [106.70425648, 47.87909338], [106.70421846, 47.87907435], [106.70421131, 47.87907078], [106.70414205, 47.87903611], [106.70412957, 47.87902986], [106.70403942, 47.87898473], [106.70401209, 47.87897105], [106.70399891, 47.87896445], [106.70399677, 47.87896338], [106.70397576, 47.8789529], [106.70390572, 47.87891798], [106.70389667, 47.8789135], [106.70386994, 47.87890026], [106.70385495, 47.87889284], [106.70384701, 47.87888891], [106.70383992, 47.8788854], [106.70383702, 47.87888396], [106.70378207, 47.87885678], [106.70356719, 47.8787512], [106.70335181, 47.87864752], [106.70313505, 47.87854665], [106.70291609, 47.8784495], [106.70271094, 47.87836375], [106.70269423, 47.87835702], [106.70259876, 47.87831927], [106.70246842, 47.87826973], [106.70223873, 47.87818718], [106.702005, 47.87810994], [106.7017675, 47.87803808], [106.701531, 47.87797288], [106.7015265, 47.8779717], [106.70128229, 47.87791087], [106.70103514, 47.87785567], [106.70078535, 47.87780615], [106.7005332, 47.87776237], [106.70027898, 47.87772439], [106.70002299, 47.87769224], [106.69976553, 47.87766597], [106.69950688, 47.8776456], [106.69931062, 47.87763413], [106.69924735, 47.87763116], [106.69923417, 47.87763059], [106.69916638, 47.87762788], [106.69907459, 47.87762485], [106.69906165, 47.87762449], [106.69899913, 47.87762292], [106.69898725, 47.87762267], [106.69897467, 47.87762241], [106.69897266, 47.87762237], [106.69885491, 47.87762063], [106.69880031, 47.87762024], [106.69878915, 47.87762019], [106.69872687, 47.87762013], [106.69846651, 47.87762355], [106.69820647, 47.87763292], [106.69820634, 47.87763293], [106.69794706, 47.87764824], [106.69768857, 47.87766948], [106.69762907, 47.87767522], [106.6974313, 47.87769662], [106.69717568, 47.87772962], [106.69717555, 47.87772964], [106.69692162, 47.87776848], [106.6966698, 47.87781311], [106.69646587, 47.87785383], [106.69642038, 47.87786348], [106.69617365, 47.87791952], [106.6959299, 47.87798117], [106.6956894, 47.87804837], [106.69545244, 47.87812102], [106.69521929, 47.87819906], [106.69499021, 47.87828238], [106.69476548, 47.8783709], [106.69454536, 47.8784645], [106.69433009, 47.87856309], [106.69432125, 47.87856729], [106.69411993, 47.87866655], [106.69391512, 47.87877475], [106.69371589, 47.87888758], [106.69352249, 47.87900489], [106.69333512, 47.87912657], [106.69315402, 47.87925246], [106.69305537, 47.87932432], [106.69297876, 47.87938206], [106.69296875, 47.87938974], [106.69280961, 47.8795158], [106.69264533, 47.87965337], [106.69248481, 47.87979402], [106.69247554, 47.8798023], [106.69232686, 47.87993705], [106.69217023, 47.88008178], [106.69208287, 47.88016309], [106.69208276, 47.88016319], [106.69201399, 47.88022765], [106.6920049, 47.88023617], [106.69185806, 47.88037381], [106.69184142, 47.8803894], [106.69170212, 47.88051997], [106.69154625, 47.88066606], [106.69154618, 47.88066614], [106.69139024, 47.8808123], [106.69123429, 47.88095846], [106.69107835, 47.88110463], [106.69092241, 47.88125079], [106.69076646, 47.88139695], [106.69064336, 47.88151233], [106.69060974, 47.88154366], [106.69044662, 47.88169067], [106.69044654, 47.88169075], [106.69035865, 47.88176673], [106.69027782, 47.88183476], [106.69014458, 47.88194322], [106.69010346, 47.88197581], [106.68992365, 47.88211373], [106.68973851, 47.88224843], [106.68954819, 47.88237981], [106.6893528, 47.88250779], [106.68915248, 47.88263228], [106.68894737, 47.88275318], [106.68873762, 47.88287042], [106.68853285, 47.88294295], [106.68832397, 47.88300996], [106.6881113, 47.88307134], [106.68789517, 47.88312698], [106.68767592, 47.88317681], [106.68745391, 47.88322075], [106.6872776, 47.8832543], [106.68709947, 47.88328316], [106.68691979, 47.8833073], [106.68669658, 47.88332725], [106.68647229, 47.8833406], [106.68244073, 47.88355902], [106.68241439, 47.88356194], [106.68238913, 47.88356777], [106.68236566, 47.88357633], [106.68234462, 47.88358739], [106.6823266, 47.88360064], [106.68231209, 47.88361572], [106.68230151, 47.88363221], [106.68229513, 47.88364965], [106.68229314, 47.88366756], [106.6822956, 47.88368545], [106.68230243, 47.88370281], [106.68231344, 47.88371918], [106.68337599, 47.88500136], [106.68339954, 47.88502472], [106.68342876, 47.88504497], [106.68346276, 47.88506151], [106.68350052, 47.88507382], [106.68354088, 47.88508154], [106.68358263, 47.88508442], [106.68362448, 47.88508238], [106.68366517, 47.88507549], [106.68370346, 47.88506395], [106.68541533, 47.88442202], [106.68558101, 47.88436379], [106.68575113, 47.88431166], [106.68592518, 47.88426579], [106.68610267, 47.88422632], [106.68628307, 47.88419336], [106.68646586, 47.88416701], [106.6866505, 47.88414734], [106.68683644, 47.88413442], [106.68702316, 47.88412827], [106.68721009, 47.88412893], [106.6873967, 47.88413637], [106.68758243, 47.8841506], [106.68776676, 47.88417155], [106.68794913, 47.88419918], [106.68812901, 47.8842334], [106.68830588, 47.8842741], [106.68847922, 47.88432118], [106.68864852, 47.8843745], [106.6888133, 47.88443389], [106.68897306, 47.88449918], [106.68912733, 47.88457019], [106.68927568, 47.88464671], [106.68941766, 47.8847285], [106.68955287, 47.88481534], [106.68968089, 47.88490697], [106.68980137, 47.88500312], [106.68991394, 47.88510351], [106.69001028, 47.88518981], [106.69011287, 47.88527279], [106.69022146, 47.88535224], [106.69033578, 47.88542796], [106.69562819, 47.88876303], [106.69568972, 47.88879739], [106.69575691, 47.88882657], [106.69582879, 47.88885014], [106.69590435, 47.88886777], [106.6959825, 47.88887921], [106.69606211, 47.88888429], [106.69614206, 47.88888294]], [[106.68188839, 47.88383409], [106.68191473, 47.88383117], [106.68193999, 47.88382534], [106.68196346, 47.88381678], [106.6819845, 47.88380572], [106.68200252, 47.88379247], [106.68201703, 47.88377739], [106.68202761, 47.8837609], [106.68203399, 47.88374346], [106.68203598, 47.88372555], [106.68203352, 47.88370766], [106.68202669, 47.8836903], [106.68201568, 47.88367393], [106.68199302, 47.88364659], [106.68197846, 47.88363197], [106.68196056, 47.88361913], [106.6819398, 47.88360842], [106.68191672, 47.88360012], [106.68189195, 47.88359446], [106.68186614, 47.88359158], [106.68183997, 47.88359155], [106.6795389, 47.88371614], [106.679179, 47.88373566], [106.6714517, 47.88415445], [106.67142536, 47.88415738], [106.6714001, 47.8841632], [106.67137663, 47.88417176], [106.67135559, 47.88418282], [106.67133757, 47.88419607], [106.67132306, 47.88421115], [106.67131248, 47.88422764], [106.6713061, 47.88424508], [106.67130411, 47.88426299], [106.67130656, 47.88428087], [106.67131339, 47.88429824], [106.6713244, 47.8843146], [106.67134705, 47.88434194], [106.67136161, 47.88435657], [106.67137951, 47.88436941], [106.67140027, 47.88438012], [106.67142335, 47.88438842], [106.67144812, 47.88439409], [106.67147394, 47.88439697], [106.67150011, 47.88439699], [106.67920819, 47.88397924], [106.68188839, 47.88383409]], [[106.67099549, 47.88440116], [106.67101351, 47.88438791], [106.67102802, 47.88437283], [106.6710386, 47.88435634], [106.67104498, 47.8843389], [106.67104697, 47.88432099], [106.67104452, 47.88430311], [106.67103769, 47.88428575], [106.67102668, 47.88426938], [106.67100403, 47.88424204], [106.67098947, 47.88422742], [106.67097157, 47.88421458], [106.67095081, 47.88420386], [106.67092773, 47.88419556], [106.67090296, 47.8841899], [106.67087714, 47.88418701], [106.67085097, 47.88418699], [106.66791633, 47.88434588], [106.66771639, 47.88436019], [106.66751781, 47.88438137], [106.66732111, 47.88440937], [106.66712679, 47.88444413], [106.66693539, 47.88448554], [106.66674739, 47.8845335], [106.6665633, 47.88458789], [106.66638359, 47.88464855], [106.66620875, 47.88471533], [106.66603923, 47.88478806], [106.66587547, 47.88486654], [106.66571792, 47.88495057], [106.66556698, 47.88503992], [106.66542305, 47.88513436], [106.66528651, 47.88523364], [106.66515772, 47.8853375], [106.66503702, 47.88544567], [106.66492472, 47.88555786], [106.66482113, 47.88567377], [106.66472651, 47.88579311], [106.66464111, 47.88591555], [106.66456517, 47.88604078], [106.66449887, 47.88616847], [106.66162577, 47.89219493], [106.66161977, 47.89221237], [106.66161814, 47.89223023], [106.66162092, 47.89224803], [106.66162803, 47.89226528], [106.66163928, 47.89228149], [106.66165437, 47.89229624], [106.66167286, 47.8923091], [106.66169427, 47.89231974], [106.66171799, 47.89232785], [106.66174338, 47.89233321], [106.66176973, 47.89233568], [106.66181342, 47.8923373], [106.66183978, 47.89233683], [106.66186566, 47.89233345], [106.66189038, 47.89232727], [106.66191326, 47.89231845], [106.66193368, 47.89230724], [106.6619511, 47.89229392], [106.66196504, 47.89227887], [106.66197513, 47.89226248], [106.66484482, 47.8862431], [106.66490791, 47.88612203], [106.66498056, 47.88600342], [106.66506257, 47.8858876], [106.66515369, 47.8857749], [106.66525366, 47.88566565], [106.66536219, 47.88556016], [106.66547898, 47.88545874], [106.66560368, 47.88536168], [106.66573595, 47.88526925], [106.66587538, 47.88518173], [106.6660216, 47.88509936], [106.66617417, 47.88502238], [106.66633265, 47.88495102], [106.6664966, 47.88488547], [106.66666553, 47.88482594], [106.66683897, 47.88477258], [106.66701641, 47.88472555], [106.66719734, 47.88468499], [106.66738124, 47.88465101], [106.66756759, 47.88462372], [106.66775585, 47.88460318], [106.66794547, 47.88458947], [106.67089938, 47.88442953], [106.67092572, 47.8844266], [106.67095098, 47.88442078], [106.67097445, 47.88441222], [106.67099549, 47.88440116]], [[106.66795405, 47.8846612], [106.66777014, 47.8846745], [106.66758754, 47.88469442], [106.6674068, 47.88472089], [106.66722843, 47.88475385], [106.66705294, 47.88479319], [106.66688084, 47.8848388], [106.66671262, 47.88489056], [106.66654877, 47.8849483], [106.66638976, 47.88501187], [106.66623604, 47.88508109], [106.66608807, 47.88515575], [106.66594625, 47.88523564], [106.66581101, 47.88532053], [106.66568273, 47.88541018], [106.66556178, 47.88550432], [106.6654485, 47.88560269], [106.66534323, 47.885705], [106.66524627, 47.88581097], [106.66515789, 47.88592027], [106.66507836, 47.88603261], [106.66500789, 47.88614765], [106.66494669, 47.88626508], [106.66211109, 47.892213], [106.66210509, 47.89223043], [106.66210346, 47.8922483], [106.66210624, 47.8922661], [106.66211335, 47.89228334], [106.66212461, 47.89229956], [106.66213969, 47.8923143], [106.66215819, 47.89232717], [106.66217959, 47.8923378], [106.66220331, 47.89234591], [106.6622287, 47.89235128], [106.66225506, 47.89235374], [106.66708675, 47.89253348], [106.66712869, 47.89253258], [106.66716977, 47.89252679], [106.66720872, 47.89251629], [106.66724438, 47.8925014], [106.66727564, 47.89248258], [106.66730158, 47.89246038], [106.66732138, 47.8924355], [106.66733447, 47.89240868], [106.66734043, 47.89238074], [106.66757136, 47.88957076], [106.66758632, 47.88944791], [106.66761094, 47.88932577], [106.66764515, 47.88920467], [106.66768884, 47.88908497], [106.66774191, 47.88896699], [106.66780419, 47.88885107], [106.66787552, 47.88873753], [106.6679557, 47.88862669], [106.66804449, 47.88851887], [106.66814165, 47.88841436], [106.66824691, 47.88831346], [106.66835997, 47.88821645], [106.66848051, 47.88812361], [106.66860819, 47.8880352], [106.66874266, 47.88795146], [106.66888354, 47.88787263], [106.66903043, 47.88779893], [106.66918292, 47.88773057], [106.66934058, 47.88766774], [106.67256518, 47.88645912], [106.67259991, 47.88644329], [106.67263003, 47.88642364], [106.67265462, 47.88640076], [106.67267293, 47.88637537], [106.6726844, 47.88634822], [106.6726887, 47.88632014], [106.67268567, 47.88629199], [106.67267543, 47.88626462], [106.67265828, 47.88623886], [106.67125565, 47.88454578], [106.67124109, 47.88453115], [106.67122319, 47.88451831], [106.67120242, 47.8845076], [106.67117935, 47.8844993], [106.67115457, 47.88449363], [106.67112875, 47.88449074], [106.67110259, 47.88449072], [106.66795405, 47.8846612]], [[106.66173356, 47.89250062], [106.66170984, 47.89249251], [106.66168445, 47.89248715], [106.66165809, 47.89248468], [106.66161441, 47.89248305], [106.66158805, 47.89248353], [106.66156216, 47.89248691], [106.66153745, 47.89249308], [106.66151457, 47.8925019], [106.66149415, 47.89251312], [106.66147673, 47.89252643], [106.66146279, 47.89254148], [106.6614527, 47.89255787], [106.6602194, 47.89514367], [106.66021346, 47.89516081], [106.66021175, 47.89517837], [106.6602143, 47.89519589], [106.66022105, 47.89521289], [106.66023181, 47.89522893], [106.66024631, 47.89524358], [106.66026416, 47.89525645], [106.66028488, 47.8952672], [106.66032169, 47.89528326], [106.66034527, 47.89529176], [106.66037063, 47.89529751], [106.66039705, 47.89530034], [106.66042381, 47.89530019], [106.66045015, 47.89529704], [106.66047536, 47.895291], [106.66049872, 47.89528223], [106.66051959, 47.89527096], [106.66053739, 47.89525753], [106.66055162, 47.89524229], [106.66056188, 47.89522567], [106.66180206, 47.89262543], [106.66180806, 47.892608], [106.66180969, 47.89259013], [106.66180691, 47.89257233], [106.6617998, 47.89255509], [106.66178855, 47.89253887], [106.66177347, 47.89252412], [106.66175497, 47.89251126], [106.66173356, 47.89250062]], [[106.66207339, 47.8925016], [106.6620475, 47.89250497], [106.66202278, 47.89251115], [106.66199991, 47.89251997], [106.66197948, 47.89253118], [106.66196207, 47.8925445], [106.66194813, 47.89255955], [106.66193804, 47.89257593], [106.66062829, 47.89532206], [106.66062235, 47.8953392], [106.66062064, 47.89535676], [106.66062319, 47.89537427], [106.66062994, 47.89539128], [106.66064071, 47.89540732], [106.66065521, 47.89542197], [106.66067306, 47.89543484], [106.66069378, 47.89544559], [106.6607757, 47.89548133], [106.66138272, 47.8957439], [106.66148279, 47.89578718], [106.66677262, 47.89807503], [106.66696016, 47.89815201], [106.66715286, 47.89822299], [106.66735031, 47.89828781], [106.66755205, 47.89834633], [106.66775766, 47.89839842], [106.66796668, 47.89844396], [106.66817865, 47.89848286], [106.66839309, 47.89851503], [106.66860955, 47.8985404], [106.66882754, 47.89855891], [106.66904657, 47.89857052], [106.67487902, 47.89878708], [106.67491398, 47.89878632], [106.67494821, 47.8987815], [106.67498067, 47.89877275], [106.67501039, 47.89876034], [106.67503644, 47.89874465], [106.67505805, 47.89872615], [106.67507456, 47.89870542], [106.67508546, 47.89868307], [106.67509042, 47.89865978], [106.67535718, 47.89540832], [106.67535629, 47.89538291], [106.67534951, 47.89535792], [106.675337, 47.89533395], [106.67531906, 47.89531158], [106.67529614, 47.89529138], [106.67526881, 47.89527384], [106.67523773, 47.89525939], [106.67520368, 47.89524839], [106.67516748, 47.89524111], [106.67513004, 47.89523772], [106.67058244, 47.89506889], [106.67039424, 47.89505842], [106.67020717, 47.89504106], [106.67002179, 47.89501686], [106.66983864, 47.89498589], [106.66965829, 47.89494824], [106.66948126, 47.89490402], [106.66930809, 47.89485337], [106.66913928, 47.89479643], [106.66897535, 47.89473338], [106.66881679, 47.89466441], [106.66866406, 47.89458972], [106.66851762, 47.89450953], [106.66837791, 47.89442408], [106.66824534, 47.89433363], [106.66812032, 47.89423845], [106.66800321, 47.89413882], [106.66789436, 47.89403504], [106.6677941, 47.89392741], [106.66770273, 47.89381627], [106.66762052, 47.89370193], [106.66754771, 47.89358475], [106.66748452, 47.89346507], [106.66743114, 47.89334325], [106.66738773, 47.89321965], [106.66735442, 47.89309464], [106.66733131, 47.89296859], [106.66731846, 47.89284188], [106.66731364, 47.89281558], [106.6673025, 47.89279015], [106.66728535, 47.89276629], [106.66726263, 47.89274463], [106.66723497, 47.89272576], [106.6672031, 47.89271017], [106.66716787, 47.89269829], [106.66713023, 47.89269043], [106.6670912, 47.89268681], [106.66319489, 47.89254188], [106.66256721, 47.89251852], [106.66209974, 47.89250112], [106.66207339, 47.8925016]], [[106.66901246, 47.89864133], [106.66879342, 47.89862972], [106.66857543, 47.89861121], [106.66835898, 47.89858584], [106.66814453, 47.89855367], [106.66793257, 47.89851477], [106.66772355, 47.89846923], [106.66751794, 47.89841714], [106.66731619, 47.89835862], [106.66711874, 47.8982938], [106.66692604, 47.89822282], [106.6667385, 47.89814584], [106.66142491, 47.89584771], [106.66132484, 47.89580443], [106.66071764, 47.89554178], [106.66032412, 47.8953701], [106.66030054, 47.8953616], [106.66027518, 47.89535585], [106.66024876, 47.89535302], [106.660222, 47.89535317], [106.66019565, 47.89535632], [106.66017045, 47.89536236], [106.66014709, 47.89537113], [106.66012622, 47.8953824], [106.66010842, 47.89539583], [106.66009419, 47.89541107], [106.66008392, 47.89542769], [106.66007122, 47.89545432], [106.66006529, 47.89547146], [106.66006357, 47.89548902], [106.66006612, 47.89550654], [106.66007287, 47.89552354], [106.66008364, 47.89553958], [106.66009814, 47.89555423], [106.66011599, 47.8955671], [106.66013671, 47.89557785], [106.66052168, 47.8957458], [106.66122954, 47.89605199], [106.66221202, 47.89647694], [106.66300471, 47.89681599], [106.66655985, 47.89837333], [106.66674886, 47.89845188], [106.66694321, 47.89852432], [106.66714244, 47.89859048], [106.66734612, 47.89865021], [106.66755378, 47.89870337], [106.66776496, 47.89874984], [106.66797918, 47.89878952], [106.66819596, 47.89882233], [106.66841481, 47.89884817], [106.66863524, 47.89886701], [106.66885675, 47.89887879], [106.67487326, 47.89910219], [106.67490472, 47.89910151], [106.67493553, 47.89909717], [106.67496475, 47.89908929], [106.67499149, 47.89907812], [106.67501494, 47.899064], [106.67503439, 47.89904736], [106.67504925, 47.89902869], [106.67505906, 47.89900858], [106.67506352, 47.89898763], [106.67506286, 47.89896857], [106.67505777, 47.89894983], [106.67504839, 47.89893185], [106.67503493, 47.89891508], [106.67501775, 47.89889992], [106.67499724, 47.89888677], [106.67497393, 47.89887593], [106.67494839, 47.89886768], [106.67492124, 47.89886222], [106.67489316, 47.89885968], [106.66901246, 47.89864133]], [[106.67544939, 47.89888216], [106.67541858, 47.89888651], [106.67538936, 47.89889438], [106.67536262, 47.89890555], [106.67533917, 47.89891967], [106.67531972, 47.89893632], [106.67530486, 47.89895498], [106.67529505, 47.8989751], [106.67529059, 47.89899605], [106.67529125, 47.8990151], [106.67529634, 47.89903385], [106.67530572, 47.89905183], [106.67531918, 47.8990686], [106.67533637, 47.89908375], [106.67535687, 47.89909691], [106.67538018, 47.89910774], [106.67540572, 47.89911599], [106.67543287, 47.89912146], [106.67546095, 47.899124], [106.68569223, 47.89950311], [106.6857237, 47.89950243], [106.68575451, 47.89949808], [106.68578372, 47.8994902], [106.68581046, 47.89947903], [106.68583391, 47.89946491], [106.68585336, 47.89944826], [106.68586821, 47.8994296], [106.68587801, 47.89940948], [106.68588248, 47.89938853], [106.68588181, 47.89936948], [106.68587672, 47.89935073], [106.68586733, 47.89933275], [106.68585387, 47.89931598], [106.68583668, 47.89930083], [106.68581617, 47.89928768], [106.68579286, 47.89927684], [106.68576732, 47.89926859], [106.68574017, 47.89926313], [106.68571208, 47.8992606], [106.67548085, 47.89888148], [106.67544939, 47.89888216]], [[106.68621004, 47.89918116], [106.68623594, 47.8991932], [106.68626433, 47.89920237], [106.68629449, 47.89920843], [106.6863257, 47.89921125], [106.6953683, 47.89954532], [106.69540326, 47.89954455], [106.69543749, 47.89953972], [106.69546995, 47.89953096], [106.69549966, 47.89951855], [106.69552571, 47.89950285], [106.69554731, 47.89948436], [106.69556381, 47.89946362], [106.6955747, 47.89944127], [106.69557965, 47.89941798], [106.69584512, 47.89616648], [106.69584423, 47.89614108], [106.69583744, 47.89611609], [106.69582491, 47.89609212], [106.69580697, 47.89606976], [106.69578404, 47.89604956], [106.6957567, 47.89603202], [106.69572562, 47.89601758], [106.69569155, 47.89600659], [106.69565535, 47.89599931], [106.69561791, 47.89599593], [106.68734942, 47.89569048], [106.68730747, 47.8956914], [106.6872664, 47.89569719], [106.68722745, 47.8957077], [106.6871918, 47.89572259], [106.68716054, 47.89574143], [106.68713461, 47.89576362], [106.68711481, 47.89578851], [106.68652382, 47.89671817], [106.68646422, 47.89681879], [106.68641215, 47.89692129], [106.68636774, 47.8970254], [106.6863311, 47.89713087], [106.68630233, 47.89723744], [106.68628149, 47.89734484], [106.68626863, 47.8974528], [106.68613637, 47.89906911], [106.68613711, 47.89909028], [106.68614277, 47.89911111], [106.6861532, 47.89913108], [106.68616815, 47.89914972], [106.68618726, 47.89916655], [106.68621004, 47.89918116]], [[106.69628383, 47.89602297], [106.69624276, 47.89602877], [106.69620381, 47.89603928], [106.69616816, 47.89605417], [106.6961369, 47.89607301], [106.69611098, 47.8960952], [106.69609119, 47.89612009], [106.69607812, 47.89614691], [106.69607218, 47.89617485], [106.69580672, 47.89942635], [106.69580746, 47.89944752], [106.69581313, 47.89946835], [106.69582356, 47.89948833], [106.69583852, 47.89950696], [106.69585762, 47.89952379], [106.69588041, 47.8995384], [106.69590632, 47.89955044], [106.6959347, 47.8995596], [106.69596487, 47.89956567], [106.69599608, 47.89956848], [106.69639818, 47.89958332], [106.69903266, 47.89968317], [106.70035839, 47.89973087], [106.70038633, 47.89973023], [106.70041368, 47.89972635], [106.70043962, 47.89971933], [106.70046335, 47.89970939], [106.70048416, 47.89969684], [106.70050142, 47.89968205], [106.70051459, 47.89966547], [106.70052329, 47.8996476], [106.70052725, 47.89962899], [106.7007968, 47.89632362], [106.70079605, 47.89630244], [106.70079038, 47.89628159], [106.70077992, 47.8962616], [106.70076494, 47.89624296], [106.7007458, 47.89622612], [106.70072298, 47.89621151], [106.70069704, 47.89619948], [106.70066862, 47.89619033], [106.70063841, 47.89618428], [106.70060718, 47.89618149], [106.69932244, 47.89613527], [106.69669162, 47.89603555], [106.69632578, 47.89602205], [106.69628383, 47.89602297]], [[106.7006194, 47.89603124], [106.70065091, 47.89603077], [106.70068192, 47.89602698], [106.70071166, 47.89601998], [106.70073941, 47.89600993], [106.70076447, 47.89599708], [106.70078623, 47.89598176], [106.70080416, 47.89596433], [106.70081781, 47.89594522], [106.70082684, 47.89592492], [106.70083103, 47.89590391], [106.7011218, 47.89233794], [106.70111866, 47.89228712], [106.70110697, 47.89223686], [106.70108689, 47.89218782], [106.70105866, 47.89214062], [106.70102266, 47.89209588], [106.70097936, 47.89205418], [106.70095712, 47.89203341], [106.70093877, 47.89201099], [106.70092459, 47.89198724], [106.70089531, 47.89193942], [106.70085649, 47.89189479], [106.70080887, 47.89185419], [106.70075336, 47.8918184], [106.70069104, 47.89178812], [106.69921326, 47.89117009], [106.69907135, 47.89110744], [106.69893418, 47.89104017], [106.69880209, 47.89096847], [106.69867539, 47.89089248], [106.69597902, 47.88919363], [106.69594951, 47.88917777], [106.69591667, 47.8891652], [106.69588132, 47.88915625], [106.69584432, 47.88915113], [106.69580658, 47.88914996], [106.69576904, 47.88915278], [106.69573262, 47.88915952], [106.6956982, 47.88917], [106.69566666, 47.88918398], [106.69563875, 47.8892011], [106.69225544, 47.89163006], [106.69222952, 47.89165227], [106.69220974, 47.89167716], [106.69219668, 47.89170398], [106.69219074, 47.89173192], [106.69219211, 47.89176013], [106.69220073, 47.89178775], [106.69221636, 47.89181394], [106.69223852, 47.89183791], [106.69226653, 47.89185893], [106.69504414, 47.89360904], [106.69517821, 47.89369826], [106.69530485, 47.89379225], [106.69542368, 47.89389075], [106.69553435, 47.89399346], [106.69563653, 47.89410008], [106.69572991, 47.89421028], [106.69581422, 47.89432375], [106.6958892, 47.89444014], [106.69595464, 47.8945591], [106.69601033, 47.89468029], [106.69605611, 47.89480334], [106.69609185, 47.89492788], [106.69611744, 47.89505355], [106.6961328, 47.89517997], [106.69613789, 47.89530677], [106.69613269, 47.89543357], [106.69611107, 47.89569843], [106.69611243, 47.89572661], [106.69612103, 47.89575421], [106.69613663, 47.89578039], [106.69615874, 47.89580435], [106.69618669, 47.89582536], [106.69621965, 47.8958428], [106.6962566, 47.89585612], [106.69629643, 47.89586494], [106.69633792, 47.89586897], [106.7006194, 47.89603124]], [[106.6919592, 47.89157382], [106.69199563, 47.89156709], [106.69203005, 47.89155661], [106.6920616, 47.89154263], [106.69208951, 47.89152551], [106.69547282, 47.88909655], [106.6954964, 47.8890767], [106.69551508, 47.88905461], [106.69552839, 47.88903084], [106.69553601, 47.88900595], [106.69553774, 47.88898057], [106.69553355, 47.88895532], [106.69552354, 47.88893082], [106.69550795, 47.88890767], [106.69548717, 47.88888645], [106.69546172, 47.88886768], [106.69087457, 47.88597707], [106.69084707, 47.88596255], [106.69081623, 47.88595146], [106.690783, 47.88594414], [106.69074838, 47.88594081], [106.69071343, 47.88594158], [106.69067921, 47.88594641], [106.69064676, 47.88595517], [106.69061707, 47.88596759], [106.69059102, 47.88598329], [106.68718025, 47.8884318], [106.68715433, 47.888454], [106.68713454, 47.88847889], [106.68712148, 47.88850571], [106.68711554, 47.88853365], [106.68711691, 47.88856186], [106.68712553, 47.88858948], [106.68714116, 47.88861568], [106.68716331, 47.88863965], [106.68719131, 47.88866067], [106.69174922, 47.89153297], [106.69177873, 47.89154883], [106.69181156, 47.89156139], [106.69184692, 47.89157035], [106.69188392, 47.89157547], [106.69192166, 47.89157664], [106.6919592, 47.89157382]], [[106.68686744, 47.88837728], [106.6869085, 47.88837148], [106.68694745, 47.88836097], [106.68698309, 47.88834607], [106.68701434, 47.88832723], [106.69042512, 47.88587873], [106.69044477, 47.88586219], [106.69046033, 47.88584378], [106.69047143, 47.88582397], [106.69047778, 47.88580323], [106.69047922, 47.88578208], [106.69047573, 47.88576104], [106.69046739, 47.88574062], [106.69045441, 47.88572133], [106.69043709, 47.88570365], [106.69041588, 47.885688], [106.69018035, 47.88553956], [106.69005796, 47.8854585], [106.68994172, 47.88537345], [106.68983189, 47.88528462], [106.68972876, 47.88519223], [106.6896194, 47.88509491], [106.68950208, 47.88500188], [106.68937719, 47.88491342], [106.68924512, 47.88482982], [106.68910627, 47.88475134], [106.6889611, 47.88467823], [106.68881005, 47.88461071], [106.68865361, 47.884549], [106.68849227, 47.88449329], [106.68832653, 47.88444376], [106.68815692, 47.88440057], [106.68798397, 47.88436385], [106.68780824, 47.88433372], [106.68763026, 47.88431027], [106.68745061, 47.88429358], [106.68726985, 47.8842837], [106.68708855, 47.88428065], [106.68690729, 47.88428446], [106.68672662, 47.88429511], [106.68654713, 47.88431256], [106.68636938, 47.88433676], [106.68619393, 47.88436763], [106.68602133, 47.88440508], [106.68585212, 47.88444898], [106.68568685, 47.88449921], [106.68552603, 47.88455559], [106.68381415, 47.88519752], [106.68378271, 47.88521159], [106.68375492, 47.88522881], [106.68373147, 47.88524873], [106.68371295, 47.88527087], [106.68369981, 47.88529469], [106.68369237, 47.8853196], [106.68369081, 47.88534499], [106.68369518, 47.88537023], [106.68370536, 47.8853947], [106.68372111, 47.88541779], [106.68530778, 47.88733227], [106.68539257, 47.88742864], [106.68548463, 47.88752194], [106.68558371, 47.88761193], [106.68568956, 47.88769837], [106.68580189, 47.88778102], [106.6859204, 47.88785967], [106.68667407, 47.88833468], [106.68670707, 47.88835211], [106.68674408, 47.88836542], [106.68678395, 47.8883742], [106.68682549, 47.8883782], [106.68686744, 47.88837728]], [[106.68308436, 47.88529609], [106.68311581, 47.88528201], [106.6831436, 47.8852648], [106.68316704, 47.88524488], [106.68318556, 47.88522274], [106.68319871, 47.88519891], [106.68320615, 47.885174], [106.68320771, 47.88514862], [106.68320334, 47.88512338], [106.68319316, 47.88509891], [106.68317741, 47.88507582], [106.68224471, 47.88395032], [106.68223015, 47.8839357], [106.68221225, 47.88392286], [106.68219149, 47.88391215], [106.68216841, 47.88390385], [106.68214364, 47.88389819], [106.68211783, 47.8838953], [106.68209166, 47.88389528], [106.67921679, 47.88405097], [106.67683148, 47.88418031], [106.67680514, 47.88418323], [106.67677988, 47.88418906], [106.67675641, 47.88419762], [106.67673537, 47.88420868], [106.67671735, 47.88422193], [106.67670285, 47.88423701], [106.67669226, 47.8842535], [106.67668589, 47.88427094], [106.6766839, 47.88428885], [106.67668635, 47.88430673], [106.67669318, 47.8843241], [106.67670419, 47.88434046], [106.67872296, 47.88677684], [106.67874258, 47.88679631], [106.67876693, 47.88681319], [106.67879527, 47.88682697], [106.67882674, 47.88683723], [106.67886037, 47.88684366], [106.67889516, 47.88684606], [106.67893003, 47.88684437], [106.67896394, 47.88683862], [106.67899586, 47.88682901], [106.68308436, 47.88529609]], [[106.67861927, 47.88683988], [106.67860614, 47.88682063], [106.67648638, 47.88426236], [106.67647182, 47.88424773], [106.67645392, 47.88423489], [106.67643316, 47.88422418], [106.67641008, 47.88421588], [106.6763853, 47.88421021], [106.67635949, 47.88420733], [106.67633332, 47.88420731], [106.67170332, 47.88445819], [106.67167697, 47.88446111], [106.67165172, 47.88446693], [106.67162824, 47.88447549], [106.67160721, 47.88448655], [106.67158918, 47.88449981], [106.67157468, 47.88451488], [106.67156409, 47.88453137], [106.67155771, 47.88454881], [106.67155572, 47.88456672], [106.67155818, 47.88458461], [106.671565, 47.88460197], [106.67157601, 47.88461833], [106.67285687, 47.88616442], [106.67320191, 47.88658089], [106.67461468, 47.88828603], [106.67463822, 47.8883094], [106.67466744, 47.88832965], [106.67470145, 47.88834619], [106.6747392, 47.88835851], [106.67477957, 47.88836622], [106.67482131, 47.88836911], [106.67486316, 47.88836708], [106.67490386, 47.88836019], [106.67494215, 47.88834865], [106.67852858, 47.88700419], [106.67855479, 47.88699246], [106.67857795, 47.88697812], [106.67859749, 47.88696152], [106.67861293, 47.88694307], [106.67862388, 47.88692322], [106.67863009, 47.88690246], [106.67863139, 47.8868813], [106.67862775, 47.88686027], [106.67861927, 47.88683988]], [[106.67441607, 47.88836048], [106.67300331, 47.88665533], [106.67298239, 47.88663417], [106.67295681, 47.88661548], [106.6729272, 47.88659971], [106.67289428, 47.88658725], [106.67285886, 47.8865784], [106.67282183, 47.88657339], [106.67278409, 47.88657234], [106.67274657, 47.88657527], [106.67271019, 47.88658212], [106.67267585, 47.88659271], [106.66945125, 47.88780133], [106.66929591, 47.88786344], [106.66914598, 47.8879313], [106.66900193, 47.88800469], [106.6688642, 47.88808338], [106.66873324, 47.88816714], [106.66860944, 47.88825568], [106.6684932, 47.88834875], [106.66838488, 47.88844604], [106.66828482, 47.88854726], [106.66819333, 47.88865208], [106.6681107, 47.88876018], [106.66803718, 47.88887122], [106.66797302, 47.88898485], [106.6679184, 47.88910071], [106.6678735, 47.88921845], [106.66783847, 47.88933769], [106.6678134, 47.88945807], [106.66779839, 47.8895792], [106.66769579, 47.89082758], [106.66769668, 47.89084971], [106.66770293, 47.89087143], [106.66771437, 47.89089218], [106.6677307, 47.89091139], [106.66775148, 47.89092855], [106.66777615, 47.89094319], [106.66780405, 47.89095492], [106.66783442, 47.89096343], [106.66786645, 47.89096848], [106.66789928, 47.89096995], [106.66793203, 47.89096779], [106.6679638, 47.89096205], [106.66799376, 47.8909529], [106.67432298, 47.88858074], [106.67435443, 47.88856667], [106.67438223, 47.88854946], [106.67440567, 47.88852954], [106.6744242, 47.8885074], [106.67443735, 47.88848358], [106.6744448, 47.88845867], [106.67444636, 47.88843328], [106.674442, 47.88840804], [106.67443182, 47.88838357], [106.67441607, 47.88836048]], [[106.67450438, 47.88869689], [106.674468, 47.88870373], [106.67443366, 47.88871432], [106.66775742, 47.89121653], [106.66772951, 47.89122916], [106.66770513, 47.89124475], [106.66768497, 47.89126286], [106.66766959, 47.89128298], [106.66765942, 47.89130455], [106.66765476, 47.89132696], [106.66756746, 47.89238918], [106.6675688, 47.89241739], [106.66757741, 47.89244502], [106.66759302, 47.89247122], [106.66761516, 47.8924952], [106.66764315, 47.89251623], [106.66767615, 47.89253367], [106.66771314, 47.89254699], [106.66775302, 47.89255579], [106.66779456, 47.89255979], [106.67532678, 47.89283954], [106.67536455, 47.89283894], [106.67540172, 47.89283438], [106.67543736, 47.89282597], [106.67547061, 47.8928139], [106.67550065, 47.89279849], [106.67552673, 47.89278011], [106.67554821, 47.89275921], [106.67556457, 47.89273631], [106.6755754, 47.89271196], [106.67558043, 47.89268678], [106.67574695, 47.89065676], [106.67575185, 47.89053439], [106.6757465, 47.89041203], [106.67573091, 47.89029007], [106.67570513, 47.89016889], [106.67566924, 47.89004888], [106.67562335, 47.88993042], [106.67556763, 47.88981389], [106.67550223, 47.88969965], [106.67542736, 47.88958807], [106.67534328, 47.8894795], [106.67476114, 47.88877694], [106.67474022, 47.88875578], [106.67471463, 47.88873709], [106.67468502, 47.88872132], [106.67465209, 47.88870886], [106.67461668, 47.88870001], [106.67457965, 47.888695], [106.6745419, 47.88869395], [106.67450438, 47.88869689]], [[106.66780307, 47.89271327], [106.66776245, 47.89271407], [106.66772262, 47.89271945], [106.6676847, 47.89272926], [106.66764977, 47.89274322], [106.66761882, 47.89276093], [106.66759275, 47.89278189], [106.66757229, 47.8928055], [106.66755802, 47.89283108], [106.66755036, 47.89285792], [106.66754951, 47.89288524], [106.667566, 47.89300604], [106.66759249, 47.89312602], [106.66762889, 47.89324483], [106.6676751, 47.89336208], [106.66773097, 47.89347742], [106.66779632, 47.89359048], [106.66787096, 47.89370091], [106.66795464, 47.89380837], [106.66804711, 47.89391251], [106.66814808, 47.89401303], [106.66825724, 47.89410959], [106.66837424, 47.89420191], [106.66849872, 47.8942897], [106.66863029, 47.89437267], [106.66876854, 47.89445057], [106.66891305, 47.89452317], [106.66906335, 47.89459022], [106.66921899, 47.89465153], [106.66937947, 47.8947069], [106.66954429, 47.89475616], [106.66971295, 47.89479916], [106.66988491, 47.89483576], [106.67005965, 47.89486585], [106.67023661, 47.89488933], [106.67041524, 47.89490613], [106.67059498, 47.89491619], [106.67514257, 47.89508503], [106.67518451, 47.89508412], [106.67522559, 47.89507833], [106.67526454, 47.89506783], [106.6753002, 47.89505294], [106.67533146, 47.89503411], [106.67535739, 47.89501192], [106.6753772, 47.89498703], [106.67539028, 47.89496021], [106.67539623, 47.89493227], [106.67554138, 47.89316283], [106.67554004, 47.89313462], [106.67553142, 47.89310699], [106.67551581, 47.89308079], [106.67549367, 47.89305682], [106.67546567, 47.89303579], [106.67543267, 47.89301835], [106.67539567, 47.89300503], [106.6753558, 47.89299624], [106.67531426, 47.89299223], [106.66780307, 47.89271327]], [[106.67598013, 47.8930194], [106.67593906, 47.89302519], [106.6759001, 47.89303569], [106.67586445, 47.89305059], [106.67583319, 47.89306941], [106.67580726, 47.89309161], [106.67578746, 47.89311649], [106.67577438, 47.89314331], [106.67576842, 47.89317125], [106.67562328, 47.8949407], [106.67562416, 47.8949661], [106.67563094, 47.89499109], [106.67564346, 47.89501507], [106.67566139, 47.89503743], [106.67568431, 47.89505763], [106.67571164, 47.89507517], [106.67574272, 47.89508962], [106.67577678, 47.89510062], [106.67581297, 47.89510791], [106.67585041, 47.89511129], [106.68686626, 47.89551944], [106.68690298, 47.89551892], [106.68693916, 47.89551464], [106.68697395, 47.8955067], [106.68700654, 47.89549531], [106.68703618, 47.89548071], [106.68706216, 47.89546324], [106.68708389, 47.89544333], [106.68710087, 47.89542142], [106.68722963, 47.89521887], [106.6873013, 47.89511348], [106.68738068, 47.89501062], [106.68746758, 47.89491055], [106.68756179, 47.89481351], [106.68766307, 47.89471976], [106.68777117, 47.89462951], [106.68788582, 47.89454299], [106.69160485, 47.89187343], [106.69163076, 47.89185123], [106.69165055, 47.89182634], [106.69166361, 47.89179952], [106.69166955, 47.89177158], [106.69166818, 47.89174337], [106.69165955, 47.89171575], [106.69164392, 47.89168956], [106.69162177, 47.89166558], [106.69159376, 47.89164457], [106.68703586, 47.88877226], [106.68700635, 47.8887564], [106.68697351, 47.88874383], [106.68693816, 47.88873487], [106.68690116, 47.88872975], [106.68686343, 47.88872858], [106.68682588, 47.8887314], [106.68678946, 47.88873813], [106.68675504, 47.88874861], [106.68672349, 47.88876258], [106.68669558, 47.8887797], [106.68165829, 47.89239518], [106.68152562, 47.89248533], [106.68138584, 47.89257049], [106.68123936, 47.89265039], [106.68108662, 47.8927248], [106.68092807, 47.8927935], [106.68076419, 47.89285628], [106.68059547, 47.89291295], [106.6804224, 47.89296336], [106.6802455, 47.89300734], [106.6800653, 47.89304477], [106.67988233, 47.89307554], [106.67969714, 47.89309955], [106.67951027, 47.89311673], [106.67932229, 47.89312704], [106.67913376, 47.89313043], [106.67894523, 47.89312691], [106.67602208, 47.89301849], [106.67598013, 47.8930194]], [[106.67583789, 47.89526398], [106.67579594, 47.89526489], [106.67575487, 47.89527068], [106.67571591, 47.89528119], [106.67568026, 47.89529608], [106.67564899, 47.8953149], [106.67562306, 47.8953371], [106.67560326, 47.89536198], [106.67559018, 47.8953888], [106.67558422, 47.89541674], [106.67531748, 47.89866821], [106.67531822, 47.89868938], [106.67532387, 47.89871021], [106.6753343, 47.89873018], [106.67534925, 47.89874882], [106.67536835, 47.89876565], [106.67539113, 47.89878027], [106.67541703, 47.89879231], [106.67544541, 47.89880148], [106.67547557, 47.89880755], [106.67550678, 47.89881037], [106.68569793, 47.899188], [106.68573289, 47.89918724], [106.68576712, 47.89918241], [106.68579958, 47.89917366], [106.68582929, 47.89916124], [106.68585535, 47.89914555], [106.68587695, 47.89912706], [106.68589345, 47.89910632], [106.68590435, 47.89908397], [106.68590931, 47.89906068], [106.68604157, 47.8974444], [106.68605534, 47.89732884], [106.68607764, 47.89721387], [106.68610845, 47.89709981], [106.68614766, 47.89698691], [106.6861952, 47.89687547], [106.68625093, 47.89676576], [106.68631473, 47.89665806], [106.68680431, 47.89588793], [106.68681738, 47.89586111], [106.68682333, 47.89583317], [106.68682197, 47.89580496], [106.68681335, 47.89577734], [106.68679773, 47.89575114], [106.68677558, 47.89572717], [106.68674758, 47.89570615], [106.68671458, 47.89568871], [106.68667757, 47.8956754], [106.68663769, 47.89566661], [106.68659615, 47.89566261], [106.67583789, 47.89526398]], [[106.68751003, 47.89552494], [106.6875446, 47.89553631], [106.68758141, 47.89554383], [106.68761954, 47.89554732], [106.69563039, 47.89584324], [106.69567234, 47.89584232], [106.69571341, 47.89583652], [106.69575236, 47.89582601], [106.695788, 47.89581111], [106.69581926, 47.89579228], [106.69584518, 47.89577008], [106.69586498, 47.8957452], [106.69587805, 47.89571838], [106.69588399, 47.89569044], [106.69590564, 47.89542518], [106.6959105, 47.89530672], [106.69590575, 47.89518827], [106.6958914, 47.89507016], [106.69586749, 47.89495275], [106.6958341, 47.8948364], [106.69579133, 47.89472144], [106.6957393, 47.89460822], [106.69567817, 47.89449708], [106.69560812, 47.89438835], [106.69552935, 47.89428235], [106.69544211, 47.89417939], [106.69534666, 47.89407978], [106.69524326, 47.89398383], [106.69513225, 47.89389181], [106.69501394, 47.89380399], [106.69488868, 47.89372065], [106.69211107, 47.89197053], [106.69208156, 47.89195467], [106.69204872, 47.89194211], [106.69201337, 47.89193315], [106.69197637, 47.89192803], [106.69193863, 47.89192686], [106.69190108, 47.89192968], [106.69186465, 47.89193641], [106.69183024, 47.89194689], [106.69179869, 47.89196087], [106.69177078, 47.89197799], [106.68805175, 47.89464755], [106.68794464, 47.89472838], [106.68784365, 47.89481269], [106.68774903, 47.89490028], [106.68766102, 47.89499094], [106.68757983, 47.89508443], [106.68750567, 47.89518052], [106.68743872, 47.89527898], [106.68741138, 47.89532199], [106.68739913, 47.89534652], [106.68739284, 47.89537205], [106.68739269, 47.89539793], [106.68739867, 47.89542349], [106.68741062, 47.89544809], [106.68742825, 47.89547109], [106.68745111, 47.89549191], [106.6874786, 47.89551001], [106.68751003, 47.89552494]], [[106.67931001, 47.89297433], [106.67948563, 47.89296471], [106.6796602, 47.89294866], [106.67983321, 47.89292622], [106.68000415, 47.89289748], [106.6801725, 47.89286251], [106.68033777, 47.89282142], [106.68049945, 47.89277433], [106.68065708, 47.89272138], [106.68081019, 47.89266273], [106.6809583, 47.89259855], [106.681101, 47.89252903], [106.68123784, 47.89245439], [106.68136843, 47.89237483], [106.68149238, 47.89229061], [106.68652967, 47.88867514], [106.68655559, 47.88865294], [106.68657538, 47.88862805], [106.68658844, 47.88860123], [106.68659438, 47.88857329], [106.68659302, 47.88854508], [106.68658439, 47.88851746], [106.68656876, 47.88849126], [106.68654661, 47.88846729], [106.68651861, 47.88844627], [106.68576494, 47.88797126], [106.68563809, 47.88788708], [106.68551785, 47.88779861], [106.68540455, 47.88770608], [106.68529849, 47.88760976], [106.68519995, 47.88750988], [106.6851092, 47.88740673], [106.68352253, 47.88549225], [106.6835016, 47.8854711], [106.68347602, 47.88545241], [106.6834464, 47.88543664], [106.68341348, 47.88542418], [106.68337806, 47.88541534], [106.68334103, 47.88541033], [106.68330329, 47.88540928], [106.68326577, 47.88541222], [106.68322939, 47.88541907], [106.68319506, 47.88542966], [106.67505284, 47.88848223], [106.6750181, 47.88849807], [106.67498798, 47.88851772], [106.67496339, 47.88854059], [106.67494509, 47.88856599], [106.67493361, 47.88859314], [106.67492932, 47.88862121], [106.67493234, 47.88864936], [106.67494259, 47.88867674], [106.67495974, 47.88870249], [106.67554188, 47.88940506], [106.67562411, 47.88951056], [106.6756982, 47.88961876], [106.67576395, 47.88972937], [106.6758212, 47.8898421], [106.67586978, 47.88995665], [106.67590959, 47.89007272], [106.6759405, 47.89019001], [106.67596244, 47.89030822], [106.67597535, 47.89042702], [106.6759792, 47.89054612], [106.67597398, 47.89066519], [106.67580747, 47.89269521], [106.67580882, 47.89272342], [106.67581743, 47.89275104], [106.67583305, 47.89277724], [106.67585519, 47.89280122], [106.67588318, 47.89282224], [106.67591618, 47.89283968], [106.67595318, 47.892853], [106.67599306, 47.8928618], [106.6760346, 47.8928658], [106.67895775, 47.89297421], [106.67913388, 47.89297751], [106.67931001, 47.89297433]]]}, "geometry_name": "geom", "properties": {"guid": 3242271, "id": 3242271, "object_no": null, "object_name": "Төлөвлөлтийн зам", "layer_type_id": 956, "valid_to": null, "address_no": null, "border_type": "solid", "border_width": 1, "border_color": "#999999", "border_opacity": 0.36, "border_wellknown": "shape://horizline", "fill_type": "color", "fill_color": "#bcbcbc", "fill_opacity": 0.36, "fill_wellknown": null, "fill_shape_color": null, "fill_shape_width": null, "fill_shape_size": null, "fill_img_url": null, "marker_img_url": null}}]}