{"type":"FeatureCollection","features":[{"type": "Feature", "id": "layer_data_map.fid--27e80436_1a098b908f8_7b98", "geometry": {"type": "Point", "coordinates": [106.91590406, 47.9181476]}, "geometry_name": "geom", "properties": {"guid": 6286, "id": 6286, "object_no": null, "object_name": null, "layer_type_id": 223, "valid_to": null, "address_no": null, "border_type": "solid", "border_width": null, "border_color": null, "border_opacity": null, "border_wellknown": "shape://horizline", "fill_type": "img", "fill_color": null, "fill_opacity": null, "fill_wellknown": null, "fill_shape_color": null, "fill_shape_width": null, "fill_shape_size": null, "fill_img_url": null, "marker_img_url": "marker_img_url/642ff5f49dcdd.png"}},{"type": "Feature", "id": "layer_data_map.fid--27e80436_1a098b908f8_7b99", "geometry": {"type": "Point", "coordinates": [106.91190018, 47.91962938]}, "geometry_name": "geom", "properties": {"guid": 6287, "id": 6287, "object_no": null, "object_name": null, "layer_type_id": 223, "valid_to": null, "address_no": null, "border_type": "solid", "border_width": null, "border_color": null, "border_opacity": null, "border_wellknown": "shape://horizline", "fill_type": "img", "fill_color": null, "fill_opacity": null, "fill_wellknown": null, "fill_shape_color": null, "fill_shape_width": null, "fill_shape_size": null, "fill_img_url": null, "marker_img_url": "marker_img_url/642ff5f49dcdd.png"}},{"type": "Feature", "id": "layer_data_map.fid--27e80436_1a098b908f8_7b9a", "geometry": {"type": "Point", "coordinates": [106.91472567, 47.91793753]}, "geometry_name": "geom", "properties": {"guid": 6288, "id": 6288, "object_no": null, "object_name": null, "layer_type_id": 223, "valid_to": null, "address_no": null, "border_type": "solid", "border_width": null, "border_color": null, "border_opacity": null, "border_wellknown": "shape://horizline", "fill_type": "img", "fill_color": null, "fill_opacity": null, "fill_wellknown": null, "fill_shape_color": null, "fill_shape_width": null, "fill_shape_size": null, "fill_img_url": null, "marker_img_url": "marker_img_url/642ff5f49dcdd.png"}},{"type": "Feature", "id": "layer_data_map.fid--27e80436_1a098b908f8_7b9b", "geometry": {"type": "Point", "coordinates": [106.91133997, 47.91747662]}, "geometry_name": "geom", "properties": {"guid": 6289, "id": 6289, "object_no": null, "object_name": null, "layer_type_id": 223, "valid_to": null, "address_no": null, "border_type": "solid", "border_width": null, "border_color": null, "border_opacity": null, "border_wellknown": "shape://horizline", "fill_type": "img", "fill_color": null, "fill_opacity": null, "fill_wellknown": null, "fill_shape_color": null, "fill_shape_width": null, "fill_shape_size": null, "fill_img_url": null, "marker_img_url": "marker_img_url/642ff5f49dcdd.png"}},{"type": "Feature", "id": "layer_data_map.fid--27e80436_1a098b908f8_7b9c", "geometry": {"type": "Point", "coordinates": [106.91067035, 47.92030739]}, "geometry_name": "geom", "properties": {"guid": 6290, "id": 6290, "object_no": null, "object_name": null, "layer_type_id": 223, "valid_to": null, "address_no": null, "border_type": "solid", "border_width": null, "border_color": null, "border_opacity": null, "border_wellknown": "shape://horizline", "fill_type": "img", "fill_color": null, "fill_opacity": null, "fill_wellknown": null, "fill_shape_color": null, "fill_shape_width": null, "fill_shape_size": null, "fill_img_url": null, "marker_img_url": "marker_img_url/642ff5f49dcdd.png"}},{"type": "Feature", "id": "layer_data_map.fid--27e80436_1a098b908f8_7b9d", "geometry": {"type": "Point", "coordinates": [106.90406415, 47.91353722]}, "geometry_name": "geom", "properties": {"guid": 6291, "id": 6291, "object_no": null, "object_name": null, "layer_type_id": 223, "valid_to": null, "address_no": null, "border_type": "solid", "border_width": null, "border_color": null, "border_opacity": null, "border_wellknown": "shape://horizline", "fill_type": "img", "fill_color": null, "fill_opacity": null, "fill_wellknown": null, "fill_shape_color": null, "fill_shape_width": null, "fill_shape_size": null, "fill_img_url": null, "marker_img_url": "marker_img_url/642ff5f49dcdd.png"}},{"type": "Feature", "id": "layer_data_map.fid--27e80436_1a098b908f8_7b9e", "geometry": {"type": "Point", "coordinates": [106.92472495, 47.91755131]}, "geometry_name": "geom", "properties": {"guid": 6292, "id": 6292, "object_no": null, "object_name": null, "layer_type_id": 223, "valid_to": null, "address_no": null, "border_type": "solid", "border_width": null, "border_color": null, "border_opacity": null, "border_wellknown": "shape://horizline", "fill_type": "img", "fill_color": null, "fill_opacity": null, "fill_wellknown": null, "fill_shape_color": null, "fill_shape_width": null, "fill_shape_size": null, "fill_img_url": null, "marker_img_url": "marker_img_url/642ff5f49dcdd.png"}},{"type": "Feature", "id": "layer_data_map.fid--27e80436_1a098b908f8_7b9f", "geometry": {"type": "Point", "coordinates": [106.9189379, 47.92133019]}, "geometry_name": "geom", "properties": {"guid": 6293, "id": 6293, "object_no": null, "object_name": null, "layer_type_id": 223, "valid_to": null, "address_no": null, "border_type": "solid", "border_width": null, "border_color": null, "border_opacity": null, "border_wellknown": "shape://horizline", "fill_type": "img", "fill_color": null, "fill_opacity": null, "fill_wellknown": null, "fill_shape_color": null, "fill_shape_width": null, "fill_shape_size": null, "fill_img_url": null, "marker_img_url": "marker_img_url/642ff5f49dcdd.png"}},{"type": "Feature", "id": "layer_data_map.fid--27e80436_1a098b908f8_7ba0", "geometry": {"type": "Point", "coordinates": [106.91555122, 47.92004583]}, "geometry_name": "geom", "properties": {"guid": 6294, "id": 6294, "object_no": null, "object_name": null, "layer_type_id": 223, "valid_to": null, "address_no": null, "border_type": "solid", "border_width": null, "border_color": null, "border_opacity": null, "border_wellknown": "shape://horizline", "fill_type": "img", "fill_color": null, "fill_opacity": null, "fill_wellknown": null, "fill_shape_color": null, "fill_shape_width": null, "fill_shape_size": null, "fill_img_url": null, "marker_img_url": "marker_img_url/642ff5f49dcdd.png"}},{"type": "Feature", "id": "layer_data_map.fid--27e80436_1a098b908f8_7ba1", "geometry": {"type": "Point", "coordinates": [106.91978648, 47.92023744]}, "geometry_name": "geom", "properties": {"guid": 6295, "id": 6295, "object_no": null, "object_name": null, "layer_type_id": 223, "valid_to": null, "address_no": null, "border_type": "solid", "border_width": null, "border_color": null, "border_opacity": null, "border_wellknown": "shape://horizline", "fill_type": "img", "fill_color": null, "fill_opacity": null, "fill_wellknown": null, "fill_shape_color": null, "fill_shape_width": null, "fill_shape_size": null, "fill_img_url": null, "marker_img_url": "marker_img_url/642ff5f49dcdd.png"}},{"type": "Feature", "id": "layer_data_map.fid--27e80436_1a098b908f8_7ba2", "geometry": {"type": "Point", "coordinates": [106.906901, 47.91949024]}, "geometry_name": "geom", "properties": {"guid": 6296, "id": 6296, "object_no": null, "object_name": null, "layer_type_id": 223, "valid_to": null, "address_no": null, "border_type": "solid", "border_width": null, "border_color": null, "border_opacity": null, "border_wellknown": "shape://horizline", "fill_type": "img", "fill_color": null, "fill_opacity": null, "fill_wellknown": null, "fill_shape_color": null, "fill_shape_width": null, "fill_shape_size": null, "fill_img_url": null, "marker_img_url": "marker_img_url/642ff5f49dcdd.png"}},{"type": "Feature", "id": "layer_data_map.fid--27e80436_1a098b908f8_7ba3", "geometry": {"type": "Point", "coordinates": [106.87955693, 47.89484821]}, "geometry_name": "geom", "properties": {"guid": 6297, "id": 6297, "object_no": null, "object_name": null, "layer_type_id": 223, "valid_to": null, "address_no": null, "border_type": "solid", "border_width": null, "border_color": null, "border_opacity": null, "border_wellknown": "shape://horizline", "fill_type": "img", "fill_color": null, "fill_opacity": null, "fill_wellknown": null, "fill_shape_color": null, "fill_shape_width": null, "fill_shape_size": null, "fill_img_url": null, "marker_img_url": "marker_img_url/642ff5f49dcdd.png"}},{"type": "Feature", "id": "layer_data_map.fid--27e80436_1a098b908f8_7ba4", "geometry": {"type": "Point", "coordinates": [106.91389698, 47.91110938]}, "geometry_name": "geom", "properties": {"guid": 6298, "id": 6298, "object_no": null, "object_name": null, "layer_type_id": 223, "valid_to": null, "address_no": null, "border_type": "solid", "border_width": null, "border_color": null, "border_opacity": null, "border_wellknown": "shape://horizline", "fill_type": "img", "fill_color": null, "fill_opacity": null, "fill_wellknown": null, "fill_shape_color": null, "fill_shape_width": null, "fill_shape_size": null, "fill_img_url": null, "marker_img_url": "marker_img_url/642ff5f49dcdd.png"}},{"type": "Feature", "id": "layer_data_map.fid--27e80436_1a098b908f8_7ba5", "geometry": {"type": "Point", "coordinates": [106.90934649, 47.91466865]}, "geometry_name": "geom", "properties": {"guid": 6299, "id": 6299, "object_no": null, "object_name": null, "layer_type_id": 223, "valid_to": null, "address_no": null, "border_type": "solid", "border_width": null, "border_color": null, "border_opacity": null, "border_wellknown": "shape://horizline", "fill_type": "img", "fill_color": null, "fill_opacity": null, "fill_wellknown": null, "fill_shape_color": null, "fill_shape_width": null, "fill_shape_size": null, "fill_img_url": null, "marker_img_url": "marker_img_url/642ff5f49dcdd.png"}},{"type": "Feature", "id": "layer_data_map.fid--27e80436_1a098b908f8_7ba6", "geometry": {"type": "Point", "coordinates": [106.90315622, 47.92142436]}, "geometry_name": "geom", "properties": {"guid": 6300, "id": 6300, "object_no": null, "object_name": null, "layer_type_id": 223, "valid_to": null, "address_no": null, "border_type": "solid", "border_width": null, "border_color": null, "border_opacity": null, "border_wellknown": "shape://horizline", "fill_type": "img", "fill_color": null, "fill_opacity": null, "fill_wellknown": null, "fill_shape_color": null, "fill_shape_width": null, "fill_shape_size": null, "fill_img_url": null, "marker_img_url": "marker_img_url/642ff5f49dcdd.png"}},{"type": "Feature", "id": "layer_data_map.fid--27e80436_1a098b908f8_7ba7", "geometry": {"type": "Point", "coordinates": [106.91115965, 47.91935682]}, "geometry_name": "geom", "properties": {"guid": 6301, "id": 6301, "object_no": null, "object_name": null, "layer_type_id": 223, "valid_to": null, "address_no": null, "border_type": "solid", "border_width": null, "border_color": null, "border_opacity": null, "border_wellknown": "shape://horizline", "fill_type": "img", "fill_color": null, "fill_opacity": null, "fill_wellknown": null, "fill_shape_color": null, "fill_shape_width": null, "fill_shape_size": null, "fill_img_url": null, "marker_img_url": "marker_img_url/642ff5f49dcdd.png"}},{"type": "Feature", "id": "layer_data_map.fid--27e80436_1a098b908f8_7ba8", "geometry": {"type": "Point", "coordinates": [106.94316934, 47.92078718]}, "geometry_name": "geom", "properties": {"guid": 6302, "id": 6302, "object_no": null, "object_name": null, "layer_type_id": 223, "valid_to": null, "address_no": null, "border_type": "solid", "border_width": null, "border_color": null, "border_opacity": null, "border_wellknown": "shape://horizline", "fill_type": "img", "fill_color": null, "fill_opacity": null, "fill_wellknown": null, "fill_shape_color": null, "fill_shape_width": null, "fill_shape_size": null, "fill_img_url": null, "marker_img_url": "marker_img_url/642ff5f49dcdd.png"}},{"type": "Feature", "id": "layer_data_map.fid--27e80436_1a098b908f8_7ba9", "geometry": {"type": "Point", "coordinates": [106.90426788, 47.91304853]}, "geometry_name": "geom", "properties": {"guid": 6303, "id": 6303, "object_no": null, "object_name": null, "layer_type_id": 223, "valid_to": null, "address_no": null, "border_type": "solid", "border_width": null, "border_color": null, "border_opacity": null, "border_wellknown": "shape://horizline", "fill_type": "img", "fill_color": null, "fill_opacity": null, "fill_wellknown": null, "fill_shape_color": null, "fill_shape_width": null, "fill_shape_size": null, "fill_img_url": null, "marker_img_url": "marker_img_url/642ff5f49dcdd.png"}},{"type": "Feature", "id": "layer_data_map.fid--27e80436_1a098b908f8_7baa", "geometry": {"type": "Point", "coordinates": [106.85220513, 47.91322794]}, "geometry_name": "geom", "properties": {"guid": 6304, "id": 6304, "object_no": null, "object_name": null, "layer_type_id": 223, "valid_to": null, "address_no": null, "border_type": "solid", "border_width": null, "border_color": null, "border_opacity": null, "border_wellknown": "shape://horizline", "fill_type": "img", "fill_color": null, "fill_opacity": null, "fill_wellknown": null, "fill_shape_color": null, "fill_shape_width": null, "fill_shape_size": null, "fill_img_url": null, "marker_img_url": "marker_img_url/642ff5f49dcdd.png"}},{"type": "Feature", "id": "layer_data_map.fid--27e80436_1a098b908f8_7bab", "geometry": {"type": "Point", "coordinates": [106.8824279, 47.92329107]}, "geometry_name": "geom", "properties": {"guid": 6305, "id": 6305, "object_no": null, "object_name": null, "layer_type_id": 223, "valid_to": null, "address_no": null, "border_type": "solid", "border_width": null, "border_color": null, "border_opacity": null, "border_wellknown": "shape://horizline", "fill_type": "img", "fill_color": null, "fill_opacity": null, "fill_wellknown": null, "fill_shape_color": null, "fill_shape_width": null, "fill_shape_size": null, "fill_img_url": null, "marker_img_url": "marker_img_url/642ff5f49dcdd.png"}},{"type": "Feature", "id": "layer_data_map.fid--27e80436_1a098b908f8_7bac", "geometry": {"type": "Point", "coordinates": [106.90024766, 47.91625867]}, "geometry_name": "geom", "properties": {"guid": 6306, "id": 6306, "object_no": null, "object_name": null, "layer_type_id": 223, "valid_to": null, "address_no": null, "border_type": "solid", "border_width": null, "border_color": null, "border_opacity": null, "border_wellknown": "shape://horizline", "fill_type": "img", "fill_color": null, "fill_opacity": null, "fill_wellknown": null, "fill_shape_color": null, "fill_shape_width": null, "fill_shape_size": null, "fill_img_url": null, "marker_img_url": "marker_img_url/642ff5f49dcdd.png"}},{"type": "Feature", "id": "layer_data_map.fid--27e80436_1a098b908f8_7bad", "geometry": {"type": "Point", "coordinates": [106.89529457, 47.9138123]}, "geometry_name": "geom", "properties": {"guid": 6307, "id": 6307, "object_no": null, "object_name": null, "layer_type_id": 223, "valid_to": null, "address_no": null, "border_type": "solid", "border_width": null, "border_color": null, "border_opacity": null, "border_wellknown": "shape://horizline", "fill_type": "img", "fill_color": null, "fill_opacity": null, "fill_wellknown": null, "fill_shape_color": null, "fill_shape_width": null, "fill_shape_size": null, "fill_img_url": null, "marker_img_url": "marker_img_url/642ff5f49dcdd.png"}},{"type": "Feature", "id": "layer_data_map.fid--27e80436_1a098b908f8_7bae", "geometry": {"type": "Point", "coordinates": [106.92588267, 47.92850621]}, "geometry_name": "geom", "properties": {"guid": 6308, "id": 6308, "object_no": null, "object_name": null, "layer_type_id": 223, "valid_to": null, "address_no": null, "border_type": "solid", "border_width": null, "border_color": null, "border_opacity": null, "border_wellknown": "shape://horizline", "fill_type": "img", "fill_color": null, "fill_opacity": null, "fill_wellknown": null, "fill_shape_color": null, "fill_shape_width": null, "fill_shape_size": null, "fill_img_url": null, "marker_img_url": "marker_img_url/642ff5f49dcdd.png"}},{"type": "Feature", "id": "layer_data_map.fid--27e80436_1a098b908f8_7baf", "geometry": {"type": "Point", "coordinates": [106.90609126, 47.91539602]}, "geometry_name": "geom", "properties": {"guid": 6309, "id": 6309, "object_no": null, "object_name": null, "layer_type_id": 223, "valid_to": null, "address_no": null, "border_type": "solid", "border_width": null, "border_color": null, "border_opacity": null, "border_wellknown": "shape://horizline", "fill_type": "img", "fill_color": null, "fill_opacity": null, "fill_wellknown": null, "fill_shape_color": null, "fill_shape_width": null, "fill_shape_size": null, "fill_img_url": null, "marker_img_url": "marker_img_url/642ff5f49dcdd.png"}},{"type": "Feature", "id": "layer_data_map.fid--27e80436_1a098b908f8_7bb0", "geometry": {"type": "Point", "coordinates": [106.7628952, 47.85255494]}, "geometry_name": "geom", "properties": {"guid": 6310, "id": 6310, "object_no": null, "object_name": null, "layer_type_id": 223, "valid_to": null, "address_no": null, "border_type": "solid", "border_width": null, "border_color": null, "border_opacity": null, "border_wellknown": "shape://horizline", "fill_type": "img", "fill_color": null, "fill_opacity": null, "fill_wellknown": null, "fill_shape_color": null, "fill_shape_width": null, "fill_shape_size": null, "fill_img_url": null, "marker_img_url": "marker_img_url/642ff5f49dcdd.png"}},{"type": "Feature", "id": "layer_data_map.fid--27e80436_1a098b908f8_7bb1", "geometry": {"type": "Point", "coordinates": [106.92490971, 47.9293876]}, "geometry_name": "geom", "properties": {"guid": 6311, "id": 6311, "object_no": null, "object_name": null, "layer_type_id": 223, "valid_to": null, "address_no": null, "border_type": "solid", "border_width": null, "border_color": null, "border_opacity": null, "border_wellknown": "shape://horizline", "fill_type": "img", "fill_color": null, "fill_opacity": null, "fill_wellknown": null, "fill_shape_color": null, "fill_shape_width": null, "fill_shape_size": null, "fill_img_url": null, "marker_img_url": "marker_img_url/642ff5f49dcdd.png"}},{"type": "Feature", "id": "layer_data_map.fid--27e80436_1a098b908f8_7bb2", "geometry": {"type": "Point", "coordinates": [106.88289823, 47.90894911]}, "geometry_name": "geom", "properties": {"guid": 6312, "id": 6312, "object_no": null, "object_name": null, "layer_type_id": 223, "valid_to": null, "address_no": null, "border_type": "solid", "border_width": null, "border_color": null, "border_opacity": null, "border_wellknown": "shape://horizline", "fill_type": "img", "fill_color": null, "fill_opacity": null, "fill_wellknown": null, "fill_shape_color": null, "fill_shape_width": null, "fill_shape_size": null, "fill_img_url": null, "marker_img_url": "marker_img_url/642ff5f49dcdd.png"}},{"type": "Feature", "id": "layer_data_map.fid--27e80436_1a098b908f8_7bb3", "geometry": {"type": "Point", "coordinates": [106.84505395, 47.91291203]}, "geometry_name": "geom", "properties": {"guid": 6313, "id": 6313, "object_no": null, "object_name": null, "layer_type_id": 223, "valid_to": null, "address_no": null, "border_type": "solid", "border_width": null, "border_color": null, "border_opacity": null, "border_wellknown": "shape://horizline", "fill_type": "img", "fill_color": null, "fill_opacity": null, "fill_wellknown": null, "fill_shape_color": null, "fill_shape_width": null, "fill_shape_size": null, "fill_img_url": null, "marker_img_url": "marker_img_url/642ff5f49dcdd.png"}},{"type": "Feature", "id": "layer_data_map.fid--27e80436_1a098b908f8_7bb4", "geometry": {"type": "Point", "coordinates": [106.91498993, 47.92345364]}, "geometry_name": "geom", "properties": {"guid": 6314, "id": 6314, "object_no": null, "object_name": null, "layer_type_id": 223, "valid_to": null, "address_no": null, "border_type": "solid", "border_width": null, "border_color": null, "border_opacity": null, "border_wellknown": "shape://horizline", "fill_type": "img", "fill_color": null, "fill_opacity": null, "fill_wellknown": null, "fill_shape_color": null, "fill_shape_width": null, "fill_shape_size": null, "fill_img_url": null, "marker_img_url": "marker_img_url/642ff5f49dcdd.png"}},{"type": "Feature", "id": "layer_data_map.fid--27e80436_1a098b908f8_7bb5", "geometry": {"type": "Point", "coordinates": [106.90577264, 47.92111023]}, "geometry_name": "geom", "properties": {"guid": 6315, "id": 6315, "object_no": null, "object_name": null, "layer_type_id": 223, "valid_to": null, "address_no": null, "border_type": "solid", "border_width": null, "border_color": null, "border_opacity": null, "border_wellknown": "shape://horizline", "fill_type": "img", "fill_color": null, "fill_opacity": null, "fill_wellknown": null, "fill_shape_color": null, "fill_shape_width": null, "fill_shape_size": null, "fill_img_url": null, "marker_img_url": "marker_img_url/642ff5f49dcdd.png"}},{"type": "Feature", "id": "layer_data_map.fid--27e80436_1a098b908f8_7bb6", "geometry": {"type": "Point", "coordinates": [106.88651758, 47.92341362]}, "geometry_name": "geom", "properties": {"guid": 6316, "id": 6316, "object_no": null, "object_name": null, "layer_type_id": 223, "valid_to": null, "address_no": null, "border_type": "solid", "border_width": null, "border_color": null, "border_opacity": null, "border_wellknown": "shape://horizline", "fill_type": "img", "fill_color": null, "fill_opacity": null, "fill_wellknown": null, "fill_shape_color": null, "fill_shape_width": null, "fill_shape_size": null, "fill_img_url": null, "marker_img_url": "marker_img_url/642ff5f49dcdd.png"}},{"type": "Feature", "id": "layer_data_map.fid--27e80436_1a098b908f8_7bb7", "geometry": {"type": "Point", "coordinates": [106.90845488, 47.90012519]}, "geometry_name": "geom", "properties": {"guid": 6317, "id": 6317, "object_no": null, "object_name": null, "layer_type_id": 223, "valid_to": null, "address_no": null, "border_type": "solid", "border_width": null, "border_color": null, "border_opacity": null, "border_wellknown": "shape://horizline", "fill_type": "img", "fill_color": null, "fill_opacity": null, "fill_wellknown": null, "fill_shape_color": null, "fill_shape_width": null, "fill_shape_size": null, "fill_img_url": null, "marker_img_url": "marker_img_url/642ff5f49dcdd.png"}},{"type": "Feature", "id": "layer_data_map.fid--27e80436_1a098b908f8_7bb8", "geometry": {"type": "Point", "coordinates": [106.95253874, 47.9089671]}, "geometry_name": "geom", "properties": {"guid": 6318, "id": 6318, "object_no": null, "object_name": null, "layer_type_id": 223, "valid_to": null, "address_no": null, "border_type": "solid", "border_width": null, "border_color": null, "border_opacity": null, "border_wellknown": "shape://horizline", "fill_type": "img", "fill_color": null, "fill_opacity": null, "fill_wellknown": null, "fill_shape_color": null, "fill_shape_width": null, "fill_shape_size": null, "fill_img_url": null, "marker_img_url": "marker_img_url/642ff5f49dcdd.png"}},{"type": "Feature", "id": "layer_data_map.fid--27e80436_1a098b908f8_7bb9", "geometry": {"type": "Point", "coordinates": [106.9055554, 47.92332395]}, "geometry_name": "geom", "properties": {"guid": 6319, "id": 6319, "object_no": null, "object_name": null, "layer_type_id": 223, "valid_to": null, "address_no": null, "border_type": "solid", "border_width": null, "border_color": null, "border_opacity": null, "border_wellknown": "shape://horizline", "fill_type": "img", "fill_color": null, "fill_opacity": null, "fill_wellknown": null, "fill_shape_color": null, "fill_shape_width": null, "fill_shape_size": null, "fill_img_url": null, "marker_img_url": "marker_img_url/642ff5f49dcdd.png"}},{"type": "Feature", "id": "layer_data_map.fid--27e80436_1a098b908f8_7bba", "geometry": {"type": "Point", "coordinates": [106.90621373, 47.91718203]}, "geometry_name": "geom", "properties": {"guid": 6320, "id": 6320, "object_no": null, "object_name": null, "layer_type_id": 223, "valid_to": null, "address_no": null, "border_type": "solid", "border_width": null, "border_color": null, "border_opacity": null, "border_wellknown": "shape://horizline", "fill_type": "img", "fill_color": null, "fill_opacity": null, "fill_wellknown": null, "fill_shape_color": null, "fill_shape_width": null, "fill_shape_size": null, "fill_img_url": null, "marker_img_url": "marker_img_url/642ff5f49dcdd.png"}},{"type": "Feature", "id": "layer_data_map.fid--27e80436_1a098b908f8_7bbb", "geometry": {"type": "Point", "coordinates": [106.94112552, 47.91856087]}, "geometry_name": "geom", "properties": {"guid": 6321, "id": 6321, "object_no": null, "object_name": null, "layer_type_id": 223, "valid_to": null, "address_no": null, "border_type": "solid", "border_width": null, "border_color": null, "border_opacity": null, "border_wellknown": "shape://horizline", "fill_type": "img", "fill_color": null, "fill_opacity": null, "fill_wellknown": null, "fill_shape_color": null, "fill_shape_width": null, "fill_shape_size": null, "fill_img_url": null, "marker_img_url": "marker_img_url/642ff5f49dcdd.png"}},{"type": "Feature", "id": "layer_data_map.fid--27e80436_1a098b908f8_7bbc", "geometry": {"type": "Point", "coordinates": [106.92710724, 47.93574084]}, "geometry_name": "geom", "properties": {"guid": 6322, "id": 6322, "object_no": null, "object_name": null, "layer_type_id": 223, "valid_to": null, "address_no": null, "border_type": "solid", "border_width": null, "border_color": null, "border_opacity": null, "border_wellknown": "shape://horizline", "fill_type": "img", "fill_color": null, "fill_opacity": null, "fill_wellknown": null, "fill_shape_color": null, "fill_shape_width": null, "fill_shape_size": null, "fill_img_url": null, "marker_img_url": "marker_img_url/642ff5f49dcdd.png"}},{"type": "Feature", "id": "layer_data_map.fid--27e80436_1a098b908f8_7bbd", "geometry": {"type": "Point", "coordinates": [106.92396366, 47.92236684]}, "geometry_name": "geom", "properties": {"guid": 6323, "id": 6323, "object_no": null, "object_name": null, "layer_type_id": 223, "valid_to": null, "address_no": null, "border_type": "solid", "border_width": null, "border_color": null, "border_opacity": null, "border_wellknown": "shape://horizline", "fill_type": "img", "fill_color": null, "fill_opacity": null, "fill_wellknown": null, "fill_shape_color": null, "fill_shape_width": null, "fill_shape_size": null, "fill_img_url": null, "marker_img_url": "marker_img_url/642ff5f49dcdd.png"}},{"type": "Feature", "id": "layer_data_map.fid--27e80436_1a098b908f8_7bbe", "geometry": {"type": "Point", "coordinates": [106.91447733, 47.94697355]}, "geometry_name": "geom", "properties": {"guid": 6324, "id": 6324, "object_no": null, "object_name": null, "layer_type_id": 223, "valid_to": null, "address_no": null, "border_type": "solid", "border_width": null, "border_color": null, "border_opacity": null, "border_wellknown": "shape://horizline", "fill_type": "img", "fill_color": null, "fill_opacity": null, "fill_wellknown": null, "fill_shape_color": null, "fill_shape_width": null, "fill_shape_size": null, "fill_img_url": null, "marker_img_url": "marker_img_url/642ff5f49dcdd.png"}},{"type": "Feature", "id": "layer_data_map.fid--27e80436_1a098b908f8_7bbf", "geometry": {"type": "Point", "coordinates": [106.81754509, 47.91766199]}, "geometry_name": "geom", "properties": {"guid": 6325, "id": 6325, "object_no": null, "object_name": null, "layer_type_id": 223, "valid_to": null, "address_no": null, "border_type": "solid", "border_width": null, "border_color": null, "border_opacity": null, "border_wellknown": "shape://horizline", "fill_type": "img", "fill_color": null, "fill_opacity": null, "fill_wellknown": null, "fill_shape_color": null, "fill_shape_width": null, "fill_shape_size": null, "fill_img_url": null, "marker_img_url": "marker_img_url/642ff5f49dcdd.png"}},{"type": "Feature", "id": "layer_data_map.fid--27e80436_1a098b908f8_7bc0", "geometry": {"type": "Point", "coordinates": [106.91594138, 47.9142236]}, "geometry_name": "geom", "properties": {"guid": 6326, "id": 6326, "object_no": null, "object_name": null, "layer_type_id": 223, "valid_to": null, "address_no": null, "border_type": "solid", "border_width": null, "border_color": null, "border_opacity": null, "border_wellknown": "shape://horizline", "fill_type": "img", "fill_color": null, "fill_opacity": null, "fill_wellknown": null, "fill_shape_color": null, "fill_shape_width": null, "fill_shape_size": null, "fill_img_url": null, "marker_img_url": "marker_img_url/642ff5f49dcdd.png"}},{"type": "Feature", "id": "layer_data_map.fid--27e80436_1a098b908f8_7bc1", "geometry": {"type": "Point", "coordinates": [106.92013778, 47.91812662]}, "geometry_name": "geom", "properties": {"guid": 6327, "id": 6327, "object_no": null, "object_name": null, "layer_type_id": 223, "valid_to": null, "address_no": null, "border_type": "solid", "border_width": null, "border_color": null, "border_opacity": null, "border_wellknown": "shape://horizline", "fill_type": "img", "fill_color": null, "fill_opacity": null, "fill_wellknown": null, "fill_shape_color": null, "fill_shape_width": null, "fill_shape_size": null, "fill_img_url": null, "marker_img_url": "marker_img_url/642ff5f49dcdd.png"}},{"type": "Feature", "id": "layer_data_map.fid--27e80436_1a098b908f8_7bc2", "geometry": {"type": "Point", "coordinates": [106.90928958, 47.91973458]}, "geometry_name": "geom", "properties": {"guid": 6328, "id": 6328, "object_no": null, "object_name": null, "layer_type_id": 223, "valid_to": null, "address_no": null, "border_type": "solid", "border_width": null, "border_color": null, "border_opacity": null, "border_wellknown": "shape://horizline", "fill_type": "img", "fill_color": null, "fill_opacity": null, "fill_wellknown": null, "fill_shape_color": null, "fill_shape_width": null, "fill_shape_size": null, "fill_img_url": null, "marker_img_url": "marker_img_url/642ff5f49dcdd.png"}},{"type": "Feature", "id": "layer_data_map.fid--27e80436_1a098b908f8_7bc3", "geometry": {"type": "Point", "coordinates": [106.9112859, 47.92246549]}, "geometry_name": "geom", "properties": {"guid": 6329, "id": 6329, "object_no": null, "object_name": null, "layer_type_id": 223, "valid_to": null, "address_no": null, "border_type": "solid", "border_width": null, "border_color": null, "border_opacity": null, "border_wellknown": "shape://horizline", "fill_type": "img", "fill_color": null, "fill_opacity": null, "fill_wellknown": null, "fill_shape_color": null, "fill_shape_width": null, "fill_shape_size": null, "fill_img_url": null, "marker_img_url": "marker_img_url/642ff5f49dcdd.png"}},{"type": "Feature", "id": "layer_data_map.fid--27e80436_1a098b908f8_7bc4", "geometry": {"type": "Point", "coordinates": [106.90721296, 47.91749378]}, "geometry_name": "geom", "properties": {"guid": 6330, "id": 6330, "object_no": null, "object_name": null, "layer_type_id": 223, "valid_to": null, "address_no": null, "border_type": "solid", "border_width": null, "border_color": null, "border_opacity": null, "border_wellknown": "shape://horizline", "fill_type": "img", "fill_color": null, "fill_opacity": null, "fill_wellknown": null, "fill_shape_color": null, "fill_shape_width": null, "fill_shape_size": null, "fill_img_url": null, "marker_img_url": "marker_img_url/642ff5f49dcdd.png"}},{"type": "Feature", "id": "layer_data_map.fid--27e80436_1a098b908f8_7bc5", "geometry": {"type": "Point", "coordinates": [106.91780096, 47.92731181]}, "geometry_name": "geom", "properties": {"guid": 6331, "id": 6331, "object_no": null, "object_name": null, "layer_type_id": 223, "valid_to": null, "address_no": null, "border_type": "solid", "border_width": null, "border_color": null, "border_opacity": null, "border_wellknown": "shape://horizline", "fill_type": "img", "fill_color": null, "fill_opacity": null, "fill_wellknown": null, "fill_shape_color": null, "fill_shape_width": null, "fill_shape_size": null, "fill_img_url": null, "marker_img_url": "marker_img_url/642ff5f49dcdd.png"}},{"type": "Feature", "id": "layer_data_map.fid--27e80436_1a098b908f8_7bc6", "geometry": {"type": "Point", "coordinates": [106.91193485, 47.91483692]}, "geometry_name": "geom", "properties": {"guid": 6332, "id": 6332, "object_no": null, "object_name": null, "layer_type_id": 223, "valid_to": null, "address_no": null, "border_type": "solid", "border_width": null, "border_color": null, "border_opacity": null, "border_wellknown": "shape://horizline", "fill_type": "img", "fill_color": null, "fill_opacity": null, "fill_wellknown": null, "fill_shape_color": null, "fill_shape_width": null, "fill_shape_size": null, "fill_img_url": null, "marker_img_url": "marker_img_url/642ff5f49dcdd.png"}},{"type": "Feature", "id": "layer_data_map.fid--27e80436_1a098b908f8_7bc7", "geometry": {"type": "Point", "coordinates": [106.91999259, 47.91651778]}, "geometry_name": "geom", "properties": {"guid": 6333, "id": 6333, "object_no": null, "object_name": null, "layer_type_id": 223, "valid_to": null, "address_no": null, "border_type": "solid", "border_width": null, "border_color": null, "border_opacity": null, "border_wellknown": "shape://horizline", "fill_type": "img", "fill_color": null, "fill_opacity": null, "fill_wellknown": null, "fill_shape_color": null, "fill_shape_width": null, "fill_shape_size": null, "fill_img_url": null, "marker_img_url": "marker_img_url/642ff5f49dcdd.png"}},{"type": "Feature", "id": "layer_data_map.fid--27e80436_1a098b908f8_7bc8", "geometry": {"type": "Point", "coordinates": [106.91594817, 47.91440127]}, "geometry_name": "geom", "properties": {"guid": 6334, "id": 6334, "object_no": null, "object_name": null, "layer_type_id": 223, "valid_to": null, "address_no": null, "border_type": "solid", "border_width": null, "border_color": null, "border_opacity": null, "border_wellknown": "shape://horizline", "fill_type": "img", "fill_color": null, "fill_opacity": null, "fill_wellknown": null, "fill_shape_color": null, "fill_shape_width": null, "fill_shape_size": null, "fill_img_url": null, "marker_img_url": "marker_img_url/642ff5f49dcdd.png"}},{"type": "Feature", "id": "layer_data_map.fid--27e80436_1a098b908f8_7bc9", "geometry": {"type": "Point", "coordinates": [106.90212239, 47.91341774]}, "geometry_name": "geom", "properties": {"guid": 6335, "id": 6335, "object_no": null, "object_name": null, "layer_type_id": 223, "valid_to": null, "address_no": null, "border_type": "solid", "border_width": null, "border_color": null, "border_opacity": null, "border_wellknown": "shape://horizline", "fill_type": "img", "fill_color": null, "fill_opacity": null, "fill_wellknown": null, "fill_shape_color": null, "fill_shape_width": null, "fill_shape_size": null, "fill_img_url": null, "marker_img_url": "marker_img_url/642ff5f49dcdd.png"}},{"type": "Feature", "id": "layer_data_map.fid--27e80436_1a098b908f8_7bca", "geometry": {"type": "Point", "coordinates": [106.9141578, 47.91120982]}, "geometry_name": "geom", "properties": {"guid": 6336, "id": 6336, "object_no": null, "object_name": null, "layer_type_id": 223, "valid_to": null, "address_no": null, "border_type": "solid", "border_width": null, "border_color": null, "border_opacity": null, "border_wellknown": "shape://horizline", "fill_type": "img", "fill_color": null, "fill_opacity": null, "fill_wellknown": null, "fill_shape_color": null, "fill_shape_width": null, "fill_shape_size": null, "fill_img_url": null, "marker_img_url": "marker_img_url/642ff5f49dcdd.png"}},{"type": "Feature", "id": "layer_data_map.fid--27e80436_1a098b908f8_7bcb", "geometry": {"type": "Point", "coordinates": [106.76225357, 47.85307477]}, "geometry_name": "geom", "properties": {"guid": 6337, "id": 6337, "object_no": null, "object_name": null, "layer_type_id": 223, "valid_to": null, "address_no": null, "border_type": "solid", "border_width": null, "border_color": null, "border_opacity": null, "border_wellknown": "shape://horizline", "fill_type": "img", "fill_color": null, "fill_opacity": null, "fill_wellknown": null, "fill_shape_color": null, "fill_shape_width": null, "fill_shape_size": null, "fill_img_url": null, "marker_img_url": "marker_img_url/642ff5f49dcdd.png"}},{"type": "Feature", "id": "layer_data_map.fid--27e80436_1a098b908f8_7bcc", "geometry": {"type": "Point", "coordinates": [106.90860614, 47.90040221]}, "geometry_name": "geom", "properties": {"guid": 6338, "id": 6338, "object_no": null, "object_name": null, "layer_type_id": 223, "valid_to": null, "address_no": null, "border_type": "solid", "border_width": null, "border_color": null, "border_opacity": null, "border_wellknown": "shape://horizline", "fill_type": "img", "fill_color": null, "fill_opacity": null, "fill_wellknown": null, "fill_shape_color": null, "fill_shape_width": null, "fill_shape_size": null, "fill_img_url": null, "marker_img_url": "marker_img_url/642ff5f49dcdd.png"}},{"type": "Feature", "id": "layer_data_map.fid--27e80436_1a098b908f8_7bcd", "geometry": {"type": "Point", "coordinates": [106.93654426, 47.91897612]}, "geometry_name": "geom", "properties": {"guid": 6339, "id": 6339, "object_no": null, "object_name": null, "layer_type_id": 223, "valid_to": null, "address_no": null, "border_type": "solid", "border_width": null, "border_color": null, "border_opacity": null, "border_wellknown": "shape://horizline", "fill_type": "img", "fill_color": null, "fill_opacity": null, "fill_wellknown": null, "fill_shape_color": null, "fill_shape_width": null, "fill_shape_size": null, "fill_img_url": null, "marker_img_url": "marker_img_url/642ff5f49dcdd.png"}},{"type": "Feature", "id": "layer_data_map.fid--27e80436_1a098b908f8_7bce", "geometry": {"type": "Point", "coordinates": [106.94407123, 47.91089634]}, "geometry_name": "geom", "properties": {"guid": 6340, "id": 6340, "object_no": null, "object_name": null, "layer_type_id": 223, "valid_to": null, "address_no": null, "border_type": "solid", "border_width": null, "border_color": null, "border_opacity": null, "border_wellknown": "shape://horizline", "fill_type": "img", "fill_color": null, "fill_opacity": null, "fill_wellknown": null, "fill_shape_color": null, "fill_shape_width": null, "fill_shape_size": null, "fill_img_url": null, "marker_img_url": "marker_img_url/642ff5f49dcdd.png"}},{"type": "Feature", "id": "layer_data_map.fid--27e80436_1a098b908f8_7bcf", "geometry": {"type": "Point", "coordinates": [106.94761541, 47.91848758]}, "geometry_name": "geom", "properties": {"guid": 6341, "id": 6341, "object_no": null, "object_name": null, "layer_type_id": 223, "valid_to": null, "address_no": null, "border_type": "solid", "border_width": null, "border_color": null, "border_opacity": null, "border_wellknown": "shape://horizline", "fill_type": "img", "fill_color": null, "fill_opacity": null, "fill_wellknown": null, "fill_shape_color": null, "fill_shape_width": null, "fill_shape_size": null, "fill_img_url": null, "marker_img_url": "marker_img_url/642ff5f49dcdd.png"}},{"type": "Feature", "id": "layer_data_map.fid--27e80436_1a098b908f8_7bd0", "geometry": {"type": "Point", "coordinates": [106.87156629, 47.92296844]}, "geometry_name": "geom", "properties": {"guid": 6342, "id": 6342, "object_no": null, "object_name": null, "layer_type_id": 223, "valid_to": null, "address_no": null, "border_type": "solid", "border_width": null, "border_color": null, "border_opacity": null, "border_wellknown": "shape://horizline", "fill_type": "img", "fill_color": null, "fill_opacity": null, "fill_wellknown": null, "fill_shape_color": null, "fill_shape_width": null, "fill_shape_size": null, "fill_img_url": null, "marker_img_url": "marker_img_url/642ff5f49dcdd.png"}},{"type": "Feature", "id": "layer_data_map.fid--27e80436_1a098b908f8_7bd1", "geometry": {"type": "Point", "coordinates": [106.88157196, 47.91032235]}, "geometry_name": "geom", "properties": {"guid": 6343, "id": 6343, "object_no": null, "object_name": null, "layer_type_id": 223, "valid_to": null, "address_no": null, "border_type": "solid", "border_width": null, "border_color": null, "border_opacity": null, "border_wellknown": "shape://horizline", "fill_type": "img", "fill_color": null, "fill_opacity": null, "fill_wellknown": null, "fill_shape_color": null, "fill_shape_width": null, "fill_shape_size": null, "fill_img_url": null, "marker_img_url": "marker_img_url/642ff5f49dcdd.png"}},{"type": "Feature", "id": "layer_data_map.fid--27e80436_1a098b908f8_7bd2", "geometry": {"type": "Point", "coordinates": [106.87575006, 47.91491782]}, "geometry_name": "geom", "properties": {"guid": 6344, "id": 6344, "object_no": null, "object_name": null, "layer_type_id": 223, "valid_to": null, "address_no": null, "border_type": "solid", "border_width": null, "border_color": null, "border_opacity": null, "border_wellknown": "shape://horizline", "fill_type": "img", "fill_color": null, "fill_opacity": null, "fill_wellknown": null, "fill_shape_color": null, "fill_shape_width": null, "fill_shape_size": null, "fill_img_url": null, "marker_img_url": "marker_img_url/642ff5f49dcdd.png"}},{"type": "Feature", "id": "layer_data_map.fid--27e80436_1a098b908f8_7bd3", "geometry": {"type": "Point", "coordinates": [106.89048303, 47.91451418]}, "geometry_name": "geom", "properties": {"guid": 6345, "id": 6345, "object_no": null, "object_name": null, "layer_type_id": 223, "valid_to": null, "address_no": null, "border_type": "solid", "border_width": null, "border_color": null, "border_opacity": null, "border_wellknown": "shape://horizline", "fill_type": "img", "fill_color": null, "fill_opacity": null, "fill_wellknown": null, "fill_shape_color": null, "fill_shape_width": null, "fill_shape_size": null, "fill_img_url": null, "marker_img_url": "marker_img_url/642ff5f49dcdd.png"}},{"type": "Feature", "id": "layer_data_map.fid--27e80436_1a098b908f8_7bd4", "geometry": {"type": "Point", "coordinates": [106.89118169, 47.90887836]}, "geometry_name": "geom", "properties": {"guid": 6346, "id": 6346, "object_no": null, "object_name": null, "layer_type_id": 223, "valid_to": null, "address_no": null, "border_type": "solid", "border_width": null, "border_color": null, "border_opacity": null, "border_wellknown": "shape://horizline", "fill_type": "img", "fill_color": null, "fill_opacity": null, "fill_wellknown": null, "fill_shape_color": null, "fill_shape_width": null, "fill_shape_size": null, "fill_img_url": null, "marker_img_url": "marker_img_url/642ff5f49dcdd.png"}},{"type": "Feature", "id": "layer_data_map.fid--27e80436_1a098b908f8_7bd5", "geometry": {"type": "Point", "coordinates": [106.83617954, 47.90964235]}, "geometry_name": "geom", "properties": {"guid": 6347, "id": 6347, "object_no": null, "object_name": null, "layer_type_id": 223, "valid_to": null, "address_no": null, "border_type": "solid", "border_width": null, "border_color": null, "border_opacity": null, "border_wellknown": "shape://horizline", "fill_type": "img", "fill_color": null, "fill_opacity": null, "fill_wellknown": null, "fill_shape_color": null, "fill_shape_width": null, "fill_shape_size": null, "fill_img_url": null, "marker_img_url": "marker_img_url/642ff5f49dcdd.png"}},{"type": "Feature", "id": "layer_data_map.fid--27e80436_1a098b908f8_7bd6", "geometry": {"type": "Point", "coordinates": [106.85034024, 47.913093]}, "geometry_name": "geom", "properties": {"guid": 6348, "id": 6348, "object_no": null, "object_name": null, "layer_type_id": 223, "valid_to": null, "address_no": null, "border_type": "solid", "border_width": null, "border_color": null, "border_opacity": null, "border_wellknown": "shape://horizline", "fill_type": "img", "fill_color": null, "fill_opacity": null, "fill_wellknown": null, "fill_shape_color": null, "fill_shape_width": null, "fill_shape_size": null, "fill_img_url": null, "marker_img_url": "marker_img_url/642ff5f49dcdd.png"}},{"type": "Feature", "id": "layer_data_map.fid--27e80436_1a098b908f8_7bd7", "geometry": {"type": "Point", "coordinates": [106.80177059, 47.90996695]}, "geometry_name": "geom", "properties": {"guid": 6349, "id": 6349, "object_no": null, "object_name": null, "layer_type_id": 223, "valid_to": null, "address_no": null, "border_type": "solid", "border_width": null, "border_color": null, "border_opacity": null, "border_wellknown": "shape://horizline", "fill_type": "img", "fill_color": null, "fill_opacity": null, "fill_wellknown": null, "fill_shape_color": null, "fill_shape_width": null, "fill_shape_size": null, "fill_img_url": null, "marker_img_url": "marker_img_url/642ff5f49dcdd.png"}},{"type": "Feature", "id": "layer_data_map.fid--27e80436_1a098b908f8_7bd8", "geometry": {"type": "Point", "coordinates": [106.92451322, 47.91753703]}, "geometry_name": "geom", "properties": {"guid": 6350, "id": 6350, "object_no": null, "object_name": null, "layer_type_id": 223, "valid_to": null, "address_no": null, "border_type": "solid", "border_width": null, "border_color": null, "border_opacity": null, "border_wellknown": "shape://horizline", "fill_type": "img", "fill_color": null, "fill_opacity": null, "fill_wellknown": null, "fill_shape_color": null, "fill_shape_width": null, "fill_shape_size": null, "fill_img_url": null, "marker_img_url": "marker_img_url/642ff5f49dcdd.png"}},{"type": "Feature", "id": "layer_data_map.fid--27e80436_1a098b908f8_7bd9", "geometry": {"type": "Point", "coordinates": [106.92284806, 47.92056751]}, "geometry_name": "geom", "properties": {"guid": 6351, "id": 6351, "object_no": null, "object_name": null, "layer_type_id": 223, "valid_to": null, "address_no": null, "border_type": "solid", "border_width": null, "border_color": null, "border_opacity": null, "border_wellknown": "shape://horizline", "fill_type": "img", "fill_color": null, "fill_opacity": null, "fill_wellknown": null, "fill_shape_color": null, "fill_shape_width": null, "fill_shape_size": null, "fill_img_url": null, "marker_img_url": "marker_img_url/642ff5f49dcdd.png"}},{"type": "Feature", "id": "layer_data_map.fid--27e80436_1a098b908f8_7bda", "geometry": {"type": "Point", "coordinates": [106.93302881, 47.92201362]}, "geometry_name": "geom", "properties": {"guid": 6352, "id": 6352, "object_no": null, "object_name": null, "layer_type_id": 223, "valid_to": null, "address_no": null, "border_type": "solid", "border_width": null, "border_color": null, "border_opacity": null, "border_wellknown": "shape://horizline", "fill_type": "img", "fill_color": null, "fill_opacity": null, "fill_wellknown": null, "fill_shape_color": null, "fill_shape_width": null, "fill_shape_size": null, "fill_img_url": null, "marker_img_url": "marker_img_url/642ff5f49dcdd.png"}},{"type": "Feature", "id": "layer_data_map.fid--27e80436_1a098b908f8_7bdb", "geometry": {"type": "Point", "coordinates": [106.90579714, 47.92043602]}, "geometry_name": "geom", "properties": {"guid": 6353, "id": 6353, "object_no": null, "object_name": null, "layer_type_id": 223, "valid_to": null, "address_no": null, "border_type": "solid", "border_width": null, "border_color": null, "border_opacity": null, "border_wellknown": "shape://horizline", "fill_type": "img", "fill_color": null, "fill_opacity": null, "fill_wellknown": null, "fill_shape_color": null, "fill_shape_width": null, "fill_shape_size": null, "fill_img_url": null, "marker_img_url": "marker_img_url/642ff5f49dcdd.png"}},{"type": "Feature", "id": "layer_data_map.fid--27e80436_1a098b908f8_7bdc", "geometry": {"type": "Point", "coordinates": [106.95522152, 47.91668425]}, "geometry_name": "geom", "properties": {"guid": 6354, "id": 6354, "object_no": null, "object_name": null, "layer_type_id": 223, "valid_to": null, "address_no": null, "border_type": "solid", "border_width": null, "border_color": null, "border_opacity": null, "border_wellknown": "shape://horizline", "fill_type": "img", "fill_color": null, "fill_opacity": null, "fill_wellknown": null, "fill_shape_color": null, "fill_shape_width": null, "fill_shape_size": null, "fill_img_url": null, "marker_img_url": "marker_img_url/642ff5f49dcdd.png"}},{"type": "Feature", "id": "layer_data_map.fid--27e80436_1a098b908f8_7bdd", "geometry": {"type": "Point", "coordinates": [106.99768342, 47.91360801]}, "geometry_name": "geom", "properties": {"guid": 6355, "id": 6355, "object_no": null, "object_name": null, "layer_type_id": 223, "valid_to": null, "address_no": null, "border_type": "solid", "border_width": null, "border_color": null, "border_opacity": null, "border_wellknown": "shape://horizline", "fill_type": "img", "fill_color": null, "fill_opacity": null, "fill_wellknown": null, "fill_shape_color": null, "fill_shape_width": null, "fill_shape_size": null, "fill_img_url": null, "marker_img_url": "marker_img_url/642ff5f49dcdd.png"}},{"type": "Feature", "id": "layer_data_map.fid--27e80436_1a098b908f8_7bde", "geometry": {"type": "Point", "coordinates": [106.85356187, 47.9133145]}, "geometry_name": "geom", "properties": {"guid": 6356, "id": 6356, "object_no": null, "object_name": null, "layer_type_id": 223, "valid_to": null, "address_no": null, "border_type": "solid", "border_width": null, "border_color": null, "border_opacity": null, "border_wellknown": "shape://horizline", "fill_type": "img", "fill_color": null, "fill_opacity": null, "fill_wellknown": null, "fill_shape_color": null, "fill_shape_width": null, "fill_shape_size": null, "fill_img_url": null, "marker_img_url": "marker_img_url/642ff5f49dcdd.png"}},{"type": "Feature", "id": "layer_data_map.fid--27e80436_1a098b908f8_7bdf", "geometry": {"type": "Point", "coordinates": [106.8346377, 47.91189849]}, "geometry_name": "geom", "properties": {"guid": 6357, "id": 6357, "object_no": null, "object_name": null, "layer_type_id": 223, "valid_to": null, "address_no": null, "border_type": "solid", "border_width": null, "border_color": null, "border_opacity": null, "border_wellknown": "shape://horizline", "fill_type": "img", "fill_color": null, "fill_opacity": null, "fill_wellknown": null, "fill_shape_color": null, "fill_shape_width": null, "fill_shape_size": null, "fill_img_url": null, "marker_img_url": "marker_img_url/642ff5f49dcdd.png"}},{"type": "Feature", "id": "layer_data_map.fid--27e80436_1a098b908f8_7be0", "geometry": {"type": "Point", "coordinates": [106.92685057, 47.92594789]}, "geometry_name": "geom", "properties": {"guid": 6358, "id": 6358, "object_no": null, "object_name": null, "layer_type_id": 223, "valid_to": null, "address_no": null, "border_type": "solid", "border_width": null, "border_color": null, "border_opacity": null, "border_wellknown": "shape://horizline", "fill_type": "img", "fill_color": null, "fill_opacity": null, "fill_wellknown": null, "fill_shape_color": null, "fill_shape_width": null, "fill_shape_size": null, "fill_img_url": null, "marker_img_url": "marker_img_url/642ff5f49dcdd.png"}},{"type": "Feature", "id": "layer_data_map.fid--27e80436_1a098b908f8_7be1", "geometry": {"type": "Point", "coordinates": [106.93268752, 47.94955992]}, "geometry_name": "geom", "properties": {"guid": 6359, "id": 6359, "object_no": null, "object_name": null, "layer_type_id": 223, "valid_to": null, "address_no": null, "border_type": "solid", "border_width": null, "border_color": null, "border_opacity": null, "border_wellknown": "shape://horizline", "fill_type": "img", "fill_color": null, "fill_opacity": null, "fill_wellknown": null, "fill_shape_color": null, "fill_shape_width": null, "fill_shape_size": null, "fill_img_url": null, "marker_img_url": "marker_img_url/642ff5f49dcdd.png"}},{"type": "Feature", "id": "layer_data_map.fid--27e80436_1a098b908f8_7be2", "geometry": {"type": "Point", "coordinates": [106.89592392, 47.8992647]}, "geometry_name": "geom", "properties": {"guid": 6360, "id": 6360, "object_no": null, "object_name": null, "layer_type_id": 223, "valid_to": null, "address_no": null, "border_type": "solid", "border_width": null, "border_color": null, "border_opacity": null, "border_wellknown": "shape://horizline", "fill_type": "img", "fill_color": null, "fill_opacity": null, "fill_wellknown": null, "fill_shape_color": null, "fill_shape_width": null, "fill_shape_size": null, "fill_img_url": null, "marker_img_url": "marker_img_url/642ff5f49dcdd.png"}},{"type": "Feature", "id": "layer_data_map.fid--27e80436_1a098b908f8_7be3", "geometry": {"type": "Point", "coordinates": [106.90806398, 47.8953089]}, "geometry_name": "geom", "properties": {"guid": 6361, "id": 6361, "object_no": null, "object_name": null, "layer_type_id": 223, "valid_to": null, "address_no": null, "border_type": "solid", "border_width": null, "border_color": null, "border_opacity": null, "border_wellknown": "shape://horizline", "fill_type": "img", "fill_color": null, "fill_opacity": null, "fill_wellknown": null, "fill_shape_color": null, "fill_shape_width": null, "fill_shape_size": null, "fill_img_url": null, "marker_img_url": "marker_img_url/642ff5f49dcdd.png"}},{"type": "Feature", "id": "layer_data_map.fid--27e80436_1a098b908f8_7be4", "geometry": {"type": "Point", "coordinates": [106.87368103, 47.92303828]}, "geometry_name": "geom", "properties": {"guid": 6362, "id": 6362, "object_no": null, "object_name": null, "layer_type_id": 223, "valid_to": null, "address_no": null, "border_type": "solid", "border_width": null, "border_color": null, "border_opacity": null, "border_wellknown": "shape://horizline", "fill_type": "img", "fill_color": null, "fill_opacity": null, "fill_wellknown": null, "fill_shape_color": null, "fill_shape_width": null, "fill_shape_size": null, "fill_img_url": null, "marker_img_url": "marker_img_url/642ff5f49dcdd.png"}},{"type": "Feature", "id": "layer_data_map.fid--27e80436_1a098b908f8_7be5", "geometry": {"type": "Point", "coordinates": [106.88642311, 47.92341612]}, "geometry_name": "geom", "properties": {"guid": 6363, "id": 6363, "object_no": null, "object_name": null, "layer_type_id": 223, "valid_to": null, "address_no": null, "border_type": "solid", "border_width": null, "border_color": null, "border_opacity": null, "border_wellknown": "shape://horizline", "fill_type": "img", "fill_color": null, "fill_opacity": null, "fill_wellknown": null, "fill_shape_color": null, "fill_shape_width": null, "fill_shape_size": null, "fill_img_url": null, "marker_img_url": "marker_img_url/642ff5f49dcdd.png"}},{"type": "Feature", "id": "layer_data_map.fid--27e80436_1a098b908f8_7be6", "geometry": {"type": "Point", "coordinates": [106.91045755, 47.91832083]}, "geometry_name": "geom", "properties": {"guid": 6364, "id": 6364, "object_no": null, "object_name": null, "layer_type_id": 223, "valid_to": null, "address_no": null, "border_type": "solid", "border_width": null, "border_color": null, "border_opacity": null, "border_wellknown": "shape://horizline", "fill_type": "img", "fill_color": null, "fill_opacity": null, "fill_wellknown": null, "fill_shape_color": null, "fill_shape_width": null, "fill_shape_size": null, "fill_img_url": null, "marker_img_url": "marker_img_url/642ff5f49dcdd.png"}},{"type": "Feature", "id": "layer_data_map.fid--27e80436_1a098b908f8_7be7", "geometry": {"type": "Point", "coordinates": [106.92052321, 47.91815288]}, "geometry_name": "geom", "properties": {"guid": 6365, "id": 6365, "object_no": null, "object_name": null, "layer_type_id": 223, "valid_to": null, "address_no": null, "border_type": "solid", "border_width": null, "border_color": null, "border_opacity": null, "border_wellknown": "shape://horizline", "fill_type": "img", "fill_color": null, "fill_opacity": null, "fill_wellknown": null, "fill_shape_color": null, "fill_shape_width": null, "fill_shape_size": null, "fill_img_url": null, "marker_img_url": "marker_img_url/642ff5f49dcdd.png"}},{"type": "Feature", "id": "layer_data_map.fid--27e80436_1a098b908f8_7be8", "geometry": {"type": "Point", "coordinates": [106.91315882, 47.91807828]}, "geometry_name": "geom", "properties": {"guid": 6366, "id": 6366, "object_no": null, "object_name": null, "layer_type_id": 223, "valid_to": null, "address_no": null, "border_type": "solid", "border_width": null, "border_color": null, "border_opacity": null, "border_wellknown": "shape://horizline", "fill_type": "img", "fill_color": null, "fill_opacity": null, "fill_wellknown": null, "fill_shape_color": null, "fill_shape_width": null, "fill_shape_size": null, "fill_img_url": null, "marker_img_url": "marker_img_url/642ff5f49dcdd.png"}},{"type": "Feature", "id": "layer_data_map.fid--27e80436_1a098b908f8_7be9", "geometry": {"type": "Point", "coordinates": [106.87292512, 47.9229924]}, "geometry_name": "geom", "properties": {"guid": 6367, "id": 6367, "object_no": null, "object_name": null, "layer_type_id": 223, "valid_to": null, "address_no": null, "border_type": "solid", "border_width": null, "border_color": null, "border_opacity": null, "border_wellknown": "shape://horizline", "fill_type": "img", "fill_color": null, "fill_opacity": null, "fill_wellknown": null, "fill_shape_color": null, "fill_shape_width": null, "fill_shape_size": null, "fill_img_url": null, "marker_img_url": "marker_img_url/642ff5f49dcdd.png"}},{"type": "Feature", "id": "layer_data_map.fid--27e80436_1a098b908f8_7bea", "geometry": {"type": "Point", "coordinates": [106.88622805, 47.92343586]}, "geometry_name": "geom", "properties": {"guid": 6368, "id": 6368, "object_no": null, "object_name": null, "layer_type_id": 223, "valid_to": null, "address_no": null, "border_type": "solid", "border_width": null, "border_color": null, "border_opacity": null, "border_wellknown": "shape://horizline", "fill_type": "img", "fill_color": null, "fill_opacity": null, "fill_wellknown": null, "fill_shape_color": null, "fill_shape_width": null, "fill_shape_size": null, "fill_img_url": null, "marker_img_url": "marker_img_url/642ff5f49dcdd.png"}},{"type": "Feature", "id": "layer_data_map.fid--27e80436_1a098b908f8_7beb", "geometry": {"type": "Point", "coordinates": [106.8700365, 47.92192955]}, "geometry_name": "geom", "properties": {"guid": 6369, "id": 6369, "object_no": null, "object_name": null, "layer_type_id": 223, "valid_to": null, "address_no": null, "border_type": "solid", "border_width": null, "border_color": null, "border_opacity": null, "border_wellknown": "shape://horizline", "fill_type": "img", "fill_color": null, "fill_opacity": null, "fill_wellknown": null, "fill_shape_color": null, "fill_shape_width": null, "fill_shape_size": null, "fill_img_url": null, "marker_img_url": "marker_img_url/642ff5f49dcdd.png"}},{"type": "Feature", "id": "layer_data_map.fid--27e80436_1a098b908f8_7bec", "geometry": {"type": "Point", "coordinates": [106.87920974, 47.92543759]}, "geometry_name": "geom", "properties": {"guid": 6370, "id": 6370, "object_no": null, "object_name": null, "layer_type_id": 223, "valid_to": null, "address_no": null, "border_type": "solid", "border_width": null, "border_color": null, "border_opacity": null, "border_wellknown": "shape://horizline", "fill_type": "img", "fill_color": null, "fill_opacity": null, "fill_wellknown": null, "fill_shape_color": null, "fill_shape_width": null, "fill_shape_size": null, "fill_img_url": null, "marker_img_url": "marker_img_url/642ff5f49dcdd.png"}},{"type": "Feature", "id": "layer_data_map.fid--27e80436_1a098b908f8_7bed", "geometry": {"type": "Point", "coordinates": [106.82211296, 47.91130278]}, "geometry_name": "geom", "properties": {"guid": 6371, "id": 6371, "object_no": null, "object_name": null, "layer_type_id": 223, "valid_to": null, "address_no": null, "border_type": "solid", "border_width": null, "border_color": null, "border_opacity": null, "border_wellknown": "shape://horizline", "fill_type": "img", "fill_color": null, "fill_opacity": null, "fill_wellknown": null, "fill_shape_color": null, "fill_shape_width": null, "fill_shape_size": null, "fill_img_url": null, "marker_img_url": "marker_img_url/642ff5f49dcdd.png"}},{"type": "Feature", "id": "layer_data_map.fid--27e80436_1a098b908f8_7bee", "geometry": {"type": "Point", "coordinates": [106.88928375, 47.9177428]}, "geometry_name": "geom", "properties": {"guid": 6372, "id": 6372, "object_no": null, "object_name": null, "layer_type_id": 223, "valid_to": null, "address_no": null, "border_type": "solid", "border_width": null, "border_color": null, "border_opacity": null, "border_wellknown": "shape://horizline", "fill_type": "img", "fill_color": null, "fill_opacity": null, "fill_wellknown": null, "fill_shape_color": null, "fill_shape_width": null, "fill_shape_size": null, "fill_img_url": null, "marker_img_url": "marker_img_url/642ff5f49dcdd.png"}},{"type": "Feature", "id": "layer_data_map.fid--27e80436_1a098b908f8_7bef", "geometry": {"type": "Point", "coordinates": [106.86812502, 47.91447874]}, "geometry_name": "geom", "properties": {"guid": 6373, "id": 6373, "object_no": null, "object_name": null, "layer_type_id": 223, "valid_to": null, "address_no": null, "border_type": "solid", "border_width": null, "border_color": null, "border_opacity": null, "border_wellknown": "shape://horizline", "fill_type": "img", "fill_color": null, "fill_opacity": null, "fill_wellknown": null, "fill_shape_color": null, "fill_shape_width": null, "fill_shape_size": null, "fill_img_url": null, "marker_img_url": "marker_img_url/642ff5f49dcdd.png"}},{"type": "Feature", "id": "layer_data_map.fid--27e80436_1a098b908f8_7bf0", "geometry": {"type": "Point", "coordinates": [106.87854618, 47.911019]}, "geometry_name": "geom", "properties": {"guid": 6374, "id": 6374, "object_no": null, "object_name": null, "layer_type_id": 223, "valid_to": null, "address_no": null, "border_type": "solid", "border_width": null, "border_color": null, "border_opacity": null, "border_wellknown": "shape://horizline", "fill_type": "img", "fill_color": null, "fill_opacity": null, "fill_wellknown": null, "fill_shape_color": null, "fill_shape_width": null, "fill_shape_size": null, "fill_img_url": null, "marker_img_url": "marker_img_url/642ff5f49dcdd.png"}},{"type": "Feature", "id": "layer_data_map.fid--27e80436_1a098b908f8_7bf1", "geometry": {"type": "Point", "coordinates": [106.87763028, 47.9262235]}, "geometry_name": "geom", "properties": {"guid": 6375, "id": 6375, "object_no": null, "object_name": null, "layer_type_id": 223, "valid_to": null, "address_no": null, "border_type": "solid", "border_width": null, "border_color": null, "border_opacity": null, "border_wellknown": "shape://horizline", "fill_type": "img", "fill_color": null, "fill_opacity": null, "fill_wellknown": null, "fill_shape_color": null, "fill_shape_width": null, "fill_shape_size": null, "fill_img_url": null, "marker_img_url": "marker_img_url/642ff5f49dcdd.png"}},{"type": "Feature", "id": "layer_data_map.fid--27e80436_1a098b908f8_7bf2", "geometry": {"type": "Point", "coordinates": [106.94076866, 47.91852604]}, "geometry_name": "geom", "properties": {"guid": 6376, "id": 6376, "object_no": null, "object_name": null, "layer_type_id": 223, "valid_to": null, "address_no": null, "border_type": "solid", "border_width": null, "border_color": null, "border_opacity": null, "border_wellknown": "shape://horizline", "fill_type": "img", "fill_color": null, "fill_opacity": null, "fill_wellknown": null, "fill_shape_color": null, "fill_shape_width": null, "fill_shape_size": null, "fill_img_url": null, "marker_img_url": "marker_img_url/642ff5f49dcdd.png"}},{"type": "Feature", "id": "layer_data_map.fid--27e80436_1a098b908f8_7bf3", "geometry": {"type": "Point", "coordinates": [106.93412742, 47.91652756]}, "geometry_name": "geom", "properties": {"guid": 6377, "id": 6377, "object_no": null, "object_name": null, "layer_type_id": 223, "valid_to": null, "address_no": null, "border_type": "solid", "border_width": null, "border_color": null, "border_opacity": null, "border_wellknown": "shape://horizline", "fill_type": "img", "fill_color": null, "fill_opacity": null, "fill_wellknown": null, "fill_shape_color": null, "fill_shape_width": null, "fill_shape_size": null, "fill_img_url": null, "marker_img_url": "marker_img_url/642ff5f49dcdd.png"}},{"type": "Feature", "id": "layer_data_map.fid--27e80436_1a098b908f8_7bf4", "geometry": {"type": "Point", "coordinates": [106.93924842, 47.92342121]}, "geometry_name": "geom", "properties": {"guid": 6378, "id": 6378, "object_no": null, "object_name": null, "layer_type_id": 223, "valid_to": null, "address_no": null, "border_type": "solid", "border_width": null, "border_color": null, "border_opacity": null, "border_wellknown": "shape://horizline", "fill_type": "img", "fill_color": null, "fill_opacity": null, "fill_wellknown": null, "fill_shape_color": null, "fill_shape_width": null, "fill_shape_size": null, "fill_img_url": null, "marker_img_url": "marker_img_url/642ff5f49dcdd.png"}},{"type": "Feature", "id": "layer_data_map.fid--27e80436_1a098b908f8_7bf5", "geometry": {"type": "Point", "coordinates": [106.9521244, 47.9089118]}, "geometry_name": "geom", "properties": {"guid": 6379, "id": 6379, "object_no": null, "object_name": null, "layer_type_id": 223, "valid_to": null, "address_no": null, "border_type": "solid", "border_width": null, "border_color": null, "border_opacity": null, "border_wellknown": "shape://horizline", "fill_type": "img", "fill_color": null, "fill_opacity": null, "fill_wellknown": null, "fill_shape_color": null, "fill_shape_width": null, "fill_shape_size": null, "fill_img_url": null, "marker_img_url": "marker_img_url/642ff5f49dcdd.png"}},{"type": "Feature", "id": "layer_data_map.fid--27e80436_1a098b908f8_7bf6", "geometry": {"type": "Point", "coordinates": [106.97463689, 47.92324945]}, "geometry_name": "geom", "properties": {"guid": 6380, "id": 6380, "object_no": null, "object_name": null, "layer_type_id": 223, "valid_to": null, "address_no": null, "border_type": "solid", "border_width": null, "border_color": null, "border_opacity": null, "border_wellknown": "shape://horizline", "fill_type": "img", "fill_color": null, "fill_opacity": null, "fill_wellknown": null, "fill_shape_color": null, "fill_shape_width": null, "fill_shape_size": null, "fill_img_url": null, "marker_img_url": "marker_img_url/642ff5f49dcdd.png"}},{"type": "Feature", "id": "layer_data_map.fid--27e80436_1a098b908f8_7bf7", "geometry": {"type": "Point", "coordinates": [106.98118402, 47.91180818]}, "geometry_name": "geom", "properties": {"guid": 6381, "id": 6381, "object_no": null, "object_name": null, "layer_type_id": 223, "valid_to": null, "address_no": null, "border_type": "solid", "border_width": null, "border_color": null, "border_opacity": null, "border_wellknown": "shape://horizline", "fill_type": "img", "fill_color": null, "fill_opacity": null, "fill_wellknown": null, "fill_shape_color": null, "fill_shape_width": null, "fill_shape_size": null, "fill_img_url": null, "marker_img_url": "marker_img_url/642ff5f49dcdd.png"}},{"type": "Feature", "id": "layer_data_map.fid--27e80436_1a098b908f8_7bf8", "geometry": {"type": "Point", "coordinates": [106.94566652, 47.92356139]}, "geometry_name": "geom", "properties": {"guid": 6382, "id": 6382, "object_no": null, "object_name": null, "layer_type_id": 223, "valid_to": null, "address_no": null, "border_type": "solid", "border_width": null, "border_color": null, "border_opacity": null, "border_wellknown": "shape://horizline", "fill_type": "img", "fill_color": null, "fill_opacity": null, "fill_wellknown": null, "fill_shape_color": null, "fill_shape_width": null, "fill_shape_size": null, "fill_img_url": null, "marker_img_url": "marker_img_url/642ff5f49dcdd.png"}},{"type": "Feature", "id": "layer_data_map.fid--27e80436_1a098b908f8_7bf9", "geometry": {"type": "Point", "coordinates": [106.94315183, 47.91113709]}, "geometry_name": "geom", "properties": {"guid": 6383, "id": 6383, "object_no": null, "object_name": null, "layer_type_id": 223, "valid_to": null, "address_no": null, "border_type": "solid", "border_width": null, "border_color": null, "border_opacity": null, "border_wellknown": "shape://horizline", "fill_type": "img", "fill_color": null, "fill_opacity": null, "fill_wellknown": null, "fill_shape_color": null, "fill_shape_width": null, "fill_shape_size": null, "fill_img_url": null, "marker_img_url": "marker_img_url/642ff5f49dcdd.png"}},{"type": "Feature", "id": "layer_data_map.fid--27e80436_1a098b908f8_7bfa", "geometry": {"type": "Point", "coordinates": [106.96238367, 47.90833622]}, "geometry_name": "geom", "properties": {"guid": 6384, "id": 6384, "object_no": null, "object_name": null, "layer_type_id": 223, "valid_to": null, "address_no": null, "border_type": "solid", "border_width": null, "border_color": null, "border_opacity": null, "border_wellknown": "shape://horizline", "fill_type": "img", "fill_color": null, "fill_opacity": null, "fill_wellknown": null, "fill_shape_color": null, "fill_shape_width": null, "fill_shape_size": null, "fill_img_url": null, "marker_img_url": "marker_img_url/642ff5f49dcdd.png"}},{"type": "Feature", "id": "layer_data_map.fid--27e80436_1a098b908f8_7bfb", "geometry": {"type": "Point", "coordinates": [106.84551012, 47.91296276]}, "geometry_name": "geom", "properties": {"guid": 6385, "id": 6385, "object_no": null, "object_name": null, "layer_type_id": 223, "valid_to": null, "address_no": null, "border_type": "solid", "border_width": null, "border_color": null, "border_opacity": null, "border_wellknown": "shape://horizline", "fill_type": "img", "fill_color": null, "fill_opacity": null, "fill_wellknown": null, "fill_shape_color": null, "fill_shape_width": null, "fill_shape_size": null, "fill_img_url": null, "marker_img_url": "marker_img_url/642ff5f49dcdd.png"}},{"type": "Feature", "id": "layer_data_map.fid--27e80436_1a098b908f8_7bfc", "geometry": {"type": "Point", "coordinates": [106.8350754, 47.91194996]}, "geometry_name": "geom", "properties": {"guid": 6386, "id": 6386, "object_no": null, "object_name": null, "layer_type_id": 223, "valid_to": null, "address_no": null, "border_type": "solid", "border_width": null, "border_color": null, "border_opacity": null, "border_wellknown": "shape://horizline", "fill_type": "img", "fill_color": null, "fill_opacity": null, "fill_wellknown": null, "fill_shape_color": null, "fill_shape_width": null, "fill_shape_size": null, "fill_img_url": null, "marker_img_url": "marker_img_url/642ff5f49dcdd.png"}},{"type": "Feature", "id": "layer_data_map.fid--27e80436_1a098b908f8_7bfd", "geometry": {"type": "Point", "coordinates": [106.81418743, 47.9191836]}, "geometry_name": "geom", "properties": {"guid": 6387, "id": 6387, "object_no": null, "object_name": null, "layer_type_id": 223, "valid_to": null, "address_no": null, "border_type": "solid", "border_width": null, "border_color": null, "border_opacity": null, "border_wellknown": "shape://horizline", "fill_type": "img", "fill_color": null, "fill_opacity": null, "fill_wellknown": null, "fill_shape_color": null, "fill_shape_width": null, "fill_shape_size": null, "fill_img_url": null, "marker_img_url": "marker_img_url/642ff5f49dcdd.png"}},{"type": "Feature", "id": "layer_data_map.fid--27e80436_1a098b908f8_7bfe", "geometry": {"type": "Point", "coordinates": [106.82145302, 47.91130201]}, "geometry_name": "geom", "properties": {"guid": 6388, "id": 6388, "object_no": null, "object_name": null, "layer_type_id": 223, "valid_to": null, "address_no": null, "border_type": "solid", "border_width": null, "border_color": null, "border_opacity": null, "border_wellknown": "shape://horizline", "fill_type": "img", "fill_color": null, "fill_opacity": null, "fill_wellknown": null, "fill_shape_color": null, "fill_shape_width": null, "fill_shape_size": null, "fill_img_url": null, "marker_img_url": "marker_img_url/642ff5f49dcdd.png"}},{"type": "Feature", "id": "layer_data_map.fid--27e80436_1a098b908f8_7bff", "geometry": {"type": "Point", "coordinates": [106.81534578, 47.91318566]}, "geometry_name": "geom", "properties": {"guid": 6389, "id": 6389, "object_no": null, "object_name": null, "layer_type_id": 223, "valid_to": null, "address_no": null, "border_type": "solid", "border_width": null, "border_color": null, "border_opacity": null, "border_wellknown": "shape://horizline", "fill_type": "img", "fill_color": null, "fill_opacity": null, "fill_wellknown": null, "fill_shape_color": null, "fill_shape_width": null, "fill_shape_size": null, "fill_img_url": null, "marker_img_url": "marker_img_url/642ff5f49dcdd.png"}},{"type": "Feature", "id": "layer_data_map.fid--27e80436_1a098b908f8_7c00", "geometry": {"type": "Point", "coordinates": [106.8372243, 47.95713986]}, "geometry_name": "geom", "properties": {"guid": 6390, "id": 6390, "object_no": null, "object_name": null, "layer_type_id": 223, "valid_to": null, "address_no": null, "border_type": "solid", "border_width": null, "border_color": null, "border_opacity": null, "border_wellknown": "shape://horizline", "fill_type": "img", "fill_color": null, "fill_opacity": null, "fill_wellknown": null, "fill_shape_color": null, "fill_shape_width": null, "fill_shape_size": null, "fill_img_url": null, "marker_img_url": "marker_img_url/642ff5f49dcdd.png"}},{"type": "Feature", "id": "layer_data_map.fid--27e80436_1a098b908f8_7c01", "geometry": {"type": "Point", "coordinates": [106.81720819, 47.92821317]}, "geometry_name": "geom", "properties": {"guid": 6391, "id": 6391, "object_no": null, "object_name": null, "layer_type_id": 223, "valid_to": null, "address_no": null, "border_type": "solid", "border_width": null, "border_color": null, "border_opacity": null, "border_wellknown": "shape://horizline", "fill_type": "img", "fill_color": null, "fill_opacity": null, "fill_wellknown": null, "fill_shape_color": null, "fill_shape_width": null, "fill_shape_size": null, "fill_img_url": null, "marker_img_url": "marker_img_url/642ff5f49dcdd.png"}},{"type": "Feature", "id": "layer_data_map.fid--27e80436_1a098b908f8_7c02", "geometry": {"type": "Point", "coordinates": [106.90263397, 47.91559747]}, "geometry_name": "geom", "properties": {"guid": 6392, "id": 6392, "object_no": null, "object_name": null, "layer_type_id": 223, "valid_to": null, "address_no": null, "border_type": "solid", "border_width": null, "border_color": null, "border_opacity": null, "border_wellknown": "shape://horizline", "fill_type": "img", "fill_color": null, "fill_opacity": null, "fill_wellknown": null, "fill_shape_color": null, "fill_shape_width": null, "fill_shape_size": null, "fill_img_url": null, "marker_img_url": "marker_img_url/642ff5f49dcdd.png"}},{"type": "Feature", "id": "layer_data_map.fid--27e80436_1a098b908f8_7c03", "geometry": {"type": "Point", "coordinates": [106.92744033, 47.92612927]}, "geometry_name": "geom", "properties": {"guid": 6393, "id": 6393, "object_no": null, "object_name": null, "layer_type_id": 223, "valid_to": null, "address_no": null, "border_type": "solid", "border_width": null, "border_color": null, "border_opacity": null, "border_wellknown": "shape://horizline", "fill_type": "img", "fill_color": null, "fill_opacity": null, "fill_wellknown": null, "fill_shape_color": null, "fill_shape_width": null, "fill_shape_size": null, "fill_img_url": null, "marker_img_url": "marker_img_url/642ff5f49dcdd.png"}},{"type": "Feature", "id": "layer_data_map.fid--27e80436_1a098b908f8_7c04", "geometry": {"type": "Point", "coordinates": [106.9263227, 47.93012631]}, "geometry_name": "geom", "properties": {"guid": 6394, "id": 6394, "object_no": null, "object_name": null, "layer_type_id": 223, "valid_to": null, "address_no": null, "border_type": "solid", "border_width": null, "border_color": null, "border_opacity": null, "border_wellknown": "shape://horizline", "fill_type": "img", "fill_color": null, "fill_opacity": null, "fill_wellknown": null, "fill_shape_color": null, "fill_shape_width": null, "fill_shape_size": null, "fill_img_url": null, "marker_img_url": "marker_img_url/642ff5f49dcdd.png"}},{"type": "Feature", "id": "layer_data_map.fid--27e80436_1a098b908f8_7c05", "geometry": {"type": "Point", "coordinates": [106.91697972, 47.92100713]}, "geometry_name": "geom", "properties": {"guid": 6395, "id": 6395, "object_no": null, "object_name": null, "layer_type_id": 223, "valid_to": null, "address_no": null, "border_type": "solid", "border_width": null, "border_color": null, "border_opacity": null, "border_wellknown": "shape://horizline", "fill_type": "img", "fill_color": null, "fill_opacity": null, "fill_wellknown": null, "fill_shape_color": null, "fill_shape_width": null, "fill_shape_size": null, "fill_img_url": null, "marker_img_url": "marker_img_url/642ff5f49dcdd.png"}},{"type": "Feature", "id": "layer_data_map.fid--27e80436_1a098b908f8_7c06", "geometry": {"type": "Point", "coordinates": [106.89587002, 47.90976322]}, "geometry_name": "geom", "properties": {"guid": 6396, "id": 6396, "object_no": null, "object_name": null, "layer_type_id": 223, "valid_to": null, "address_no": null, "border_type": "solid", "border_width": null, "border_color": null, "border_opacity": null, "border_wellknown": "shape://horizline", "fill_type": "img", "fill_color": null, "fill_opacity": null, "fill_wellknown": null, "fill_shape_color": null, "fill_shape_width": null, "fill_shape_size": null, "fill_img_url": null, "marker_img_url": "marker_img_url/642ff5f49dcdd.png"}},{"type": "Feature", "id": "layer_data_map.fid--27e80436_1a098b908f8_7c07", "geometry": {"type": "Point", "coordinates": [106.91801886, 47.9298505]}, "geometry_name": "geom", "properties": {"guid": 6397, "id": 6397, "object_no": null, "object_name": null, "layer_type_id": 223, "valid_to": null, "address_no": null, "border_type": "solid", "border_width": null, "border_color": null, "border_opacity": null, "border_wellknown": "shape://horizline", "fill_type": "img", "fill_color": null, "fill_opacity": null, "fill_wellknown": null, "fill_shape_color": null, "fill_shape_width": null, "fill_shape_size": null, "fill_img_url": null, "marker_img_url": "marker_img_url/642ff5f49dcdd.png"}},{"type": "Feature", "id": "layer_data_map.fid--27e80436_1a098b908f8_7c08", "geometry": {"type": "Point", "coordinates": [106.9097149, 47.91976137]}, "geometry_name": "geom", "properties": {"guid": 6398, "id": 6398, "object_no": null, "object_name": null, "layer_type_id": 223, "valid_to": null, "address_no": null, "border_type": "solid", "border_width": null, "border_color": null, "border_opacity": null, "border_wellknown": "shape://horizline", "fill_type": "img", "fill_color": null, "fill_opacity": null, "fill_wellknown": null, "fill_shape_color": null, "fill_shape_width": null, "fill_shape_size": null, "fill_img_url": null, "marker_img_url": "marker_img_url/642ff5f49dcdd.png"}},{"type": "Feature", "id": "layer_data_map.fid--27e80436_1a098b908f8_7c09", "geometry": {"type": "Point", "coordinates": [106.91305892, 47.91802589]}, "geometry_name": "geom", "properties": {"guid": 6399, "id": 6399, "object_no": null, "object_name": null, "layer_type_id": 223, "valid_to": null, "address_no": null, "border_type": "solid", "border_width": null, "border_color": null, "border_opacity": null, "border_wellknown": "shape://horizline", "fill_type": "img", "fill_color": null, "fill_opacity": null, "fill_wellknown": null, "fill_shape_color": null, "fill_shape_width": null, "fill_shape_size": null, "fill_img_url": null, "marker_img_url": "marker_img_url/642ff5f49dcdd.png"}},{"type": "Feature", "id": "layer_data_map.fid--27e80436_1a098b908f8_7c0a", "geometry": {"type": "Point", "coordinates": [106.91189622, 47.91981398]}, "geometry_name": "geom", "properties": {"guid": 6400, "id": 6400, "object_no": null, "object_name": null, "layer_type_id": 223, "valid_to": null, "address_no": null, "border_type": "solid", "border_width": null, "border_color": null, "border_opacity": null, "border_wellknown": "shape://horizline", "fill_type": "img", "fill_color": null, "fill_opacity": null, "fill_wellknown": null, "fill_shape_color": null, "fill_shape_width": null, "fill_shape_size": null, "fill_img_url": null, "marker_img_url": "marker_img_url/642ff5f49dcdd.png"}},{"type": "Feature", "id": "layer_data_map.fid--27e80436_1a098b908f8_7c0b", "geometry": {"type": "Point", "coordinates": [106.91196472, 47.91894842]}, "geometry_name": "geom", "properties": {"guid": 6401, "id": 6401, "object_no": null, "object_name": null, "layer_type_id": 223, "valid_to": null, "address_no": null, "border_type": "solid", "border_width": null, "border_color": null, "border_opacity": null, "border_wellknown": "shape://horizline", "fill_type": "img", "fill_color": null, "fill_opacity": null, "fill_wellknown": null, "fill_shape_color": null, "fill_shape_width": null, "fill_shape_size": null, "fill_img_url": null, "marker_img_url": "marker_img_url/642ff5f49dcdd.png"}},{"type": "Feature", "id": "layer_data_map.fid--27e80436_1a098b908f8_7c0c", "geometry": {"type": "Point", "coordinates": [106.90181517, 47.92351905]}, "geometry_name": "geom", "properties": {"guid": 6402, "id": 6402, "object_no": null, "object_name": null, "layer_type_id": 223, "valid_to": null, "address_no": null, "border_type": "solid", "border_width": null, "border_color": null, "border_opacity": null, "border_wellknown": "shape://horizline", "fill_type": "img", "fill_color": null, "fill_opacity": null, "fill_wellknown": null, "fill_shape_color": null, "fill_shape_width": null, "fill_shape_size": null, "fill_img_url": null, "marker_img_url": "marker_img_url/642ff5f49dcdd.png"}},{"type": "Feature", "id": "layer_data_map.fid--27e80436_1a098b908f8_7c0d", "geometry": {"type": "Point", "coordinates": [106.91456204, 47.92503098]}, "geometry_name": "geom", "properties": {"guid": 6403, "id": 6403, "object_no": null, "object_name": null, "layer_type_id": 223, "valid_to": null, "address_no": null, "border_type": "solid", "border_width": null, "border_color": null, "border_opacity": null, "border_wellknown": "shape://horizline", "fill_type": "img", "fill_color": null, "fill_opacity": null, "fill_wellknown": null, "fill_shape_color": null, "fill_shape_width": null, "fill_shape_size": null, "fill_img_url": null, "marker_img_url": "marker_img_url/642ff5f49dcdd.png"}},{"type": "Feature", "id": "layer_data_map.fid--27e80436_1a098b908f8_7c0e", "geometry": {"type": "Point", "coordinates": [106.90349519, 47.91894087]}, "geometry_name": "geom", "properties": {"guid": 6404, "id": 6404, "object_no": null, "object_name": null, "layer_type_id": 223, "valid_to": null, "address_no": null, "border_type": "solid", "border_width": null, "border_color": null, "border_opacity": null, "border_wellknown": "shape://horizline", "fill_type": "img", "fill_color": null, "fill_opacity": null, "fill_wellknown": null, "fill_shape_color": null, "fill_shape_width": null, "fill_shape_size": null, "fill_img_url": null, "marker_img_url": "marker_img_url/642ff5f49dcdd.png"}},{"type": "Feature", "id": "layer_data_map.fid--27e80436_1a098b908f8_7c0f", "geometry": {"type": "Point", "coordinates": [106.89932771, 47.91584114]}, "geometry_name": "geom", "properties": {"guid": 6405, "id": 6405, "object_no": null, "object_name": null, "layer_type_id": 223, "valid_to": null, "address_no": null, "border_type": "solid", "border_width": null, "border_color": null, "border_opacity": null, "border_wellknown": "shape://horizline", "fill_type": "img", "fill_color": null, "fill_opacity": null, "fill_wellknown": null, "fill_shape_color": null, "fill_shape_width": null, "fill_shape_size": null, "fill_img_url": null, "marker_img_url": "marker_img_url/642ff5f49dcdd.png"}},{"type": "Feature", "id": "layer_data_map.fid--27e80436_1a098b908f8_7c10", "geometry": {"type": "Point", "coordinates": [106.91347363, 47.94868322]}, "geometry_name": "geom", "properties": {"guid": 6406, "id": 6406, "object_no": null, "object_name": null, "layer_type_id": 223, "valid_to": null, "address_no": null, "border_type": "solid", "border_width": null, "border_color": null, "border_opacity": null, "border_wellknown": "shape://horizline", "fill_type": "img", "fill_color": null, "fill_opacity": null, "fill_wellknown": null, "fill_shape_color": null, "fill_shape_width": null, "fill_shape_size": null, "fill_img_url": null, "marker_img_url": "marker_img_url/642ff5f49dcdd.png"}},{"type": "Feature", "id": "layer_data_map.fid--27e80436_1a098b908f8_7c11", "geometry": {"type": "Point", "coordinates": [106.91362247, 47.9238979]}, "geometry_name": "geom", "properties": {"guid": 6407, "id": 6407, "object_no": null, "object_name": null, "layer_type_id": 223, "valid_to": null, "address_no": null, "border_type": "solid", "border_width": null, "border_color": null, "border_opacity": null, "border_wellknown": "shape://horizline", "fill_type": "img", "fill_color": null, "fill_opacity": null, "fill_wellknown": null, "fill_shape_color": null, "fill_shape_width": null, "fill_shape_size": null, "fill_img_url": null, "marker_img_url": "marker_img_url/642ff5f49dcdd.png"}},{"type": "Feature", "id": "layer_data_map.fid--27e80436_1a098b908f8_7c12", "geometry": {"type": "Point", "coordinates": [106.91520019, 47.91712581]}, "geometry_name": "geom", "properties": {"guid": 6408, "id": 6408, "object_no": null, "object_name": null, "layer_type_id": 223, "valid_to": null, "address_no": null, "border_type": "solid", "border_width": null, "border_color": null, "border_opacity": null, "border_wellknown": "shape://horizline", "fill_type": "img", "fill_color": null, "fill_opacity": null, "fill_wellknown": null, "fill_shape_color": null, "fill_shape_width": null, "fill_shape_size": null, "fill_img_url": null, "marker_img_url": "marker_img_url/642ff5f49dcdd.png"}},{"type": "Feature", "id": "layer_data_map.fid--27e80436_1a098b908f8_7c13", "geometry": {"type": "Point", "coordinates": [106.91621647, 47.96894888]}, "geometry_name": "geom", "properties": {"guid": 6409, "id": 6409, "object_no": null, "object_name": null, "layer_type_id": 223, "valid_to": null, "address_no": null, "border_type": "solid", "border_width": null, "border_color": null, "border_opacity": null, "border_wellknown": "shape://horizline", "fill_type": "img", "fill_color": null, "fill_opacity": null, "fill_wellknown": null, "fill_shape_color": null, "fill_shape_width": null, "fill_shape_size": null, "fill_img_url": null, "marker_img_url": "marker_img_url/642ff5f49dcdd.png"}},{"type": "Feature", "id": "layer_data_map.fid--27e80436_1a098b908f8_7c14", "geometry": {"type": "Point", "coordinates": [106.90388694, 47.91917296]}, "geometry_name": "geom", "properties": {"guid": 6410, "id": 6410, "object_no": null, "object_name": null, "layer_type_id": 223, "valid_to": null, "address_no": null, "border_type": "solid", "border_width": null, "border_color": null, "border_opacity": null, "border_wellknown": "shape://horizline", "fill_type": "img", "fill_color": null, "fill_opacity": null, "fill_wellknown": null, "fill_shape_color": null, "fill_shape_width": null, "fill_shape_size": null, "fill_img_url": null, "marker_img_url": "marker_img_url/642ff5f49dcdd.png"}},{"type": "Feature", "id": "layer_data_map.fid--27e80436_1a098b908f8_7c15", "geometry": {"type": "Point", "coordinates": [106.91324274, 47.91800819]}, "geometry_name": "geom", "properties": {"guid": 6411, "id": 6411, "object_no": null, "object_name": null, "layer_type_id": 223, "valid_to": null, "address_no": null, "border_type": "solid", "border_width": null, "border_color": null, "border_opacity": null, "border_wellknown": "shape://horizline", "fill_type": "img", "fill_color": null, "fill_opacity": null, "fill_wellknown": null, "fill_shape_color": null, "fill_shape_width": null, "fill_shape_size": null, "fill_img_url": null, "marker_img_url": "marker_img_url/642ff5f49dcdd.png"}},{"type": "Feature", "id": "layer_data_map.fid--27e80436_1a098b908f8_7c16", "geometry": {"type": "Point", "coordinates": [106.89910725, 47.8986698]}, "geometry_name": "geom", "properties": {"guid": 6412, "id": 6412, "object_no": null, "object_name": null, "layer_type_id": 223, "valid_to": null, "address_no": null, "border_type": "solid", "border_width": null, "border_color": null, "border_opacity": null, "border_wellknown": "shape://horizline", "fill_type": "img", "fill_color": null, "fill_opacity": null, "fill_wellknown": null, "fill_shape_color": null, "fill_shape_width": null, "fill_shape_size": null, "fill_img_url": null, "marker_img_url": "marker_img_url/642ff5f49dcdd.png"}},{"type": "Feature", "id": "layer_data_map.fid--27e80436_1a098b908f8_7c17", "geometry": {"type": "Point", "coordinates": [106.90805956, 47.89548516]}, "geometry_name": "geom", "properties": {"guid": 6413, "id": 6413, "object_no": null, "object_name": null, "layer_type_id": 223, "valid_to": null, "address_no": null, "border_type": "solid", "border_width": null, "border_color": null, "border_opacity": null, "border_wellknown": "shape://horizline", "fill_type": "img", "fill_color": null, "fill_opacity": null, "fill_wellknown": null, "fill_shape_color": null, "fill_shape_width": null, "fill_shape_size": null, "fill_img_url": null, "marker_img_url": "marker_img_url/642ff5f49dcdd.png"}},{"type": "Feature", "id": "layer_data_map.fid--27e80436_1a098b908f8_7c18", "geometry": {"type": "Point", "coordinates": [106.90163838, 47.90194563]}, "geometry_name": "geom", "properties": {"guid": 6414, "id": 6414, "object_no": null, "object_name": null, "layer_type_id": 223, "valid_to": null, "address_no": null, "border_type": "solid", "border_width": null, "border_color": null, "border_opacity": null, "border_wellknown": "shape://horizline", "fill_type": "img", "fill_color": null, "fill_opacity": null, "fill_wellknown": null, "fill_shape_color": null, "fill_shape_width": null, "fill_shape_size": null, "fill_img_url": null, "marker_img_url": "marker_img_url/642ff5f49dcdd.png"}},{"type": "Feature", "id": "layer_data_map.fid--27e80436_1a098b908f8_7c19", "geometry": {"type": "Point", "coordinates": [106.90959871, 47.90323498]}, "geometry_name": "geom", "properties": {"guid": 6415, "id": 6415, "object_no": null, "object_name": null, "layer_type_id": 223, "valid_to": null, "address_no": null, "border_type": "solid", "border_width": null, "border_color": null, "border_opacity": null, "border_wellknown": "shape://horizline", "fill_type": "img", "fill_color": null, "fill_opacity": null, "fill_wellknown": null, "fill_shape_color": null, "fill_shape_width": null, "fill_shape_size": null, "fill_img_url": null, "marker_img_url": "marker_img_url/642ff5f49dcdd.png"}},{"type": "Feature", "id": "layer_data_map.fid--27e80436_1a098b908f8_7c1a", "geometry": {"type": "Point", "coordinates": [106.91842277, 47.9005631]}, "geometry_name": "geom", "properties": {"guid": 6416, "id": 6416, "object_no": null, "object_name": null, "layer_type_id": 223, "valid_to": null, "address_no": null, "border_type": "solid", "border_width": null, "border_color": null, "border_opacity": null, "border_wellknown": "shape://horizline", "fill_type": "img", "fill_color": null, "fill_opacity": null, "fill_wellknown": null, "fill_shape_color": null, "fill_shape_width": null, "fill_shape_size": null, "fill_img_url": null, "marker_img_url": "marker_img_url/642ff5f49dcdd.png"}},{"type": "Feature", "id": "layer_data_map.fid--27e80436_1a098b908f8_7c1b", "geometry": {"type": "Point", "coordinates": [106.89986067, 47.89709886]}, "geometry_name": "geom", "properties": {"guid": 6417, "id": 6417, "object_no": null, "object_name": null, "layer_type_id": 223, "valid_to": null, "address_no": null, "border_type": "solid", "border_width": null, "border_color": null, "border_opacity": null, "border_wellknown": "shape://horizline", "fill_type": "img", "fill_color": null, "fill_opacity": null, "fill_wellknown": null, "fill_shape_color": null, "fill_shape_width": null, "fill_shape_size": null, "fill_img_url": null, "marker_img_url": "marker_img_url/642ff5f49dcdd.png"}},{"type": "Feature", "id": "layer_data_map.fid--27e80436_1a098b908f8_7c1c", "geometry": {"type": "Point", "coordinates": [106.75873654, 47.85674254]}, "geometry_name": "geom", "properties": {"guid": 6418, "id": 6418, "object_no": null, "object_name": null, "layer_type_id": 223, "valid_to": null, "address_no": null, "border_type": "solid", "border_width": null, "border_color": null, "border_opacity": null, "border_wellknown": "shape://horizline", "fill_type": "img", "fill_color": null, "fill_opacity": null, "fill_wellknown": null, "fill_shape_color": null, "fill_shape_width": null, "fill_shape_size": null, "fill_img_url": null, "marker_img_url": "marker_img_url/642ff5f49dcdd.png"}},{"type": "Feature", "id": "layer_data_map.fid--27e80436_1a098b908f8_7c1d", "geometry": {"type": "Point", "coordinates": [106.806691, 47.8688225]}, "geometry_name": "geom", "properties": {"guid": 6419, "id": 6419, "object_no": null, "object_name": null, "layer_type_id": 223, "valid_to": null, "address_no": null, "border_type": "solid", "border_width": null, "border_color": null, "border_opacity": null, "border_wellknown": "shape://horizline", "fill_type": "img", "fill_color": null, "fill_opacity": null, "fill_wellknown": null, "fill_shape_color": null, "fill_shape_width": null, "fill_shape_size": null, "fill_img_url": null, "marker_img_url": "marker_img_url/642ff5f49dcdd.png"}},{"type": "Feature", "id": "layer_data_map.fid--27e80436_1a098b908f8_7c1e", "geometry": {"type": "Point", "coordinates": [106.83523295, 47.91196123]}, "geometry_name": "geom", "properties": {"guid": 6420, "id": 6420, "object_no": null, "object_name": null, "layer_type_id": 223, "valid_to": null, "address_no": null, "border_type": "solid", "border_width": null, "border_color": null, "border_opacity": null, "border_wellknown": "shape://horizline", "fill_type": "img", "fill_color": null, "fill_opacity": null, "fill_wellknown": null, "fill_shape_color": null, "fill_shape_width": null, "fill_shape_size": null, "fill_img_url": null, "marker_img_url": "marker_img_url/642ff5f49dcdd.png"}},{"type": "Feature", "id": "layer_data_map.fid--27e80436_1a098b908f8_7c1f", "geometry": {"type": "Point", "coordinates": [106.85306392, 47.91321381]}, "geometry_name": "geom", "properties": {"guid": 6421, "id": 6421, "object_no": null, "object_name": null, "layer_type_id": 223, "valid_to": null, "address_no": null, "border_type": "solid", "border_width": null, "border_color": null, "border_opacity": null, "border_wellknown": "shape://horizline", "fill_type": "img", "fill_color": null, "fill_opacity": null, "fill_wellknown": null, "fill_shape_color": null, "fill_shape_width": null, "fill_shape_size": null, "fill_img_url": null, "marker_img_url": "marker_img_url/642ff5f49dcdd.png"}},{"type": "Feature", "id": "layer_data_map.fid--27e80436_1a098b908f8_7c20", "geometry": {"type": "Point", "coordinates": [106.81898059, 47.917854]}, "geometry_name": "geom", "properties": {"guid": 6422, "id": 6422, "object_no": null, "object_name": null, "layer_type_id": 223, "valid_to": null, "address_no": null, "border_type": "solid", "border_width": null, "border_color": null, "border_opacity": null, "border_wellknown": "shape://horizline", "fill_type": "img", "fill_color": null, "fill_opacity": null, "fill_wellknown": null, "fill_shape_color": null, "fill_shape_width": null, "fill_shape_size": null, "fill_img_url": null, "marker_img_url": "marker_img_url/642ff5f49dcdd.png"}},{"type": "Feature", "id": "layer_data_map.fid--27e80436_1a098b908f8_7c21", "geometry": {"type": "Point", "coordinates": [106.83778606, 47.95686026]}, "geometry_name": "geom", "properties": {"guid": 6423, "id": 6423, "object_no": null, "object_name": null, "layer_type_id": 223, "valid_to": null, "address_no": null, "border_type": "solid", "border_width": null, "border_color": null, "border_opacity": null, "border_wellknown": "shape://horizline", "fill_type": "img", "fill_color": null, "fill_opacity": null, "fill_wellknown": null, "fill_shape_color": null, "fill_shape_width": null, "fill_shape_size": null, "fill_img_url": null, "marker_img_url": "marker_img_url/642ff5f49dcdd.png"}},{"type": "Feature", "id": "layer_data_map.fid--27e80436_1a098b908f8_7c22", "geometry": {"type": "Point", "coordinates": [106.83816692, 47.96054849]}, "geometry_name": "geom", "properties": {"guid": 6424, "id": 6424, "object_no": null, "object_name": null, "layer_type_id": 223, "valid_to": null, "address_no": null, "border_type": "solid", "border_width": null, "border_color": null, "border_opacity": null, "border_wellknown": "shape://horizline", "fill_type": "img", "fill_color": null, "fill_opacity": null, "fill_wellknown": null, "fill_shape_color": null, "fill_shape_width": null, "fill_shape_size": null, "fill_img_url": null, "marker_img_url": "marker_img_url/642ff5f49dcdd.png"}},{"type": "Feature", "id": "layer_data_map.fid--27e80436_1a098b908f8_7c23", "geometry": {"type": "Point", "coordinates": [106.82860581, 47.96803521]}, "geometry_name": "geom", "properties": {"guid": 6425, "id": 6425, "object_no": null, "object_name": null, "layer_type_id": 223, "valid_to": null, "address_no": null, "border_type": "solid", "border_width": null, "border_color": null, "border_opacity": null, "border_wellknown": "shape://horizline", "fill_type": "img", "fill_color": null, "fill_opacity": null, "fill_wellknown": null, "fill_shape_color": null, "fill_shape_width": null, "fill_shape_size": null, "fill_img_url": null, "marker_img_url": "marker_img_url/642ff5f49dcdd.png"}},{"type": "Feature", "id": "layer_data_map.fid--27e80436_1a098b908f8_7c24", "geometry": {"type": "Point", "coordinates": [106.88769129, 47.91509622]}, "geometry_name": "geom", "properties": {"guid": 6426, "id": 6426, "object_no": null, "object_name": null, "layer_type_id": 223, "valid_to": null, "address_no": null, "border_type": "solid", "border_width": null, "border_color": null, "border_opacity": null, "border_wellknown": "shape://horizline", "fill_type": "img", "fill_color": null, "fill_opacity": null, "fill_wellknown": null, "fill_shape_color": null, "fill_shape_width": null, "fill_shape_size": null, "fill_img_url": null, "marker_img_url": "marker_img_url/642ff5f49dcdd.png"}},{"type": "Feature", "id": "layer_data_map.fid--27e80436_1a098b908f8_7c25", "geometry": {"type": "Point", "coordinates": [106.88783471, 47.91511133]}, "geometry_name": "geom", "properties": {"guid": 6427, "id": 6427, "object_no": null, "object_name": null, "layer_type_id": 223, "valid_to": null, "address_no": null, "border_type": "solid", "border_width": null, "border_color": null, "border_opacity": null, "border_wellknown": "shape://horizline", "fill_type": "img", "fill_color": null, "fill_opacity": null, "fill_wellknown": null, "fill_shape_color": null, "fill_shape_width": null, "fill_shape_size": null, "fill_img_url": null, "marker_img_url": "marker_img_url/642ff5f49dcdd.png"}},{"type": "Feature", "id": "layer_data_map.fid--27e80436_1a098b908f8_7c26", "geometry": {"type": "Point", "coordinates": [106.86505653, 47.91420863]}, "geometry_name": "geom", "properties": {"guid": 6428, "id": 6428, "object_no": null, "object_name": null, "layer_type_id": 223, "valid_to": null, "address_no": null, "border_type": "solid", "border_width": null, "border_color": null, "border_opacity": null, "border_wellknown": "shape://horizline", "fill_type": "img", "fill_color": null, "fill_opacity": null, "fill_wellknown": null, "fill_shape_color": null, "fill_shape_width": null, "fill_shape_size": null, "fill_img_url": null, "marker_img_url": "marker_img_url/642ff5f49dcdd.png"}},{"type": "Feature", "id": "layer_data_map.fid--27e80436_1a098b908f8_7c27", "geometry": {"type": "Point", "coordinates": [106.87389117, 47.91309431]}, "geometry_name": "geom", "properties": {"guid": 6429, "id": 6429, "object_no": null, "object_name": null, "layer_type_id": 223, "valid_to": null, "address_no": null, "border_type": "solid", "border_width": null, "border_color": null, "border_opacity": null, "border_wellknown": "shape://horizline", "fill_type": "img", "fill_color": null, "fill_opacity": null, "fill_wellknown": null, "fill_shape_color": null, "fill_shape_width": null, "fill_shape_size": null, "fill_img_url": null, "marker_img_url": "marker_img_url/642ff5f49dcdd.png"}},{"type": "Feature", "id": "layer_data_map.fid--27e80436_1a098b908f8_7c28", "geometry": {"type": "Point", "coordinates": [106.88832383, 47.92279583]}, "geometry_name": "geom", "properties": {"guid": 6430, "id": 6430, "object_no": null, "object_name": null, "layer_type_id": 223, "valid_to": null, "address_no": null, "border_type": "solid", "border_width": null, "border_color": null, "border_opacity": null, "border_wellknown": "shape://horizline", "fill_type": "img", "fill_color": null, "fill_opacity": null, "fill_wellknown": null, "fill_shape_color": null, "fill_shape_width": null, "fill_shape_size": null, "fill_img_url": null, "marker_img_url": "marker_img_url/642ff5f49dcdd.png"}},{"type": "Feature", "id": "layer_data_map.fid--27e80436_1a098b908f8_7c29", "geometry": {"type": "Point", "coordinates": [106.88541467, 47.92268242]}, "geometry_name": "geom", "properties": {"guid": 6431, "id": 6431, "object_no": null, "object_name": null, "layer_type_id": 223, "valid_to": null, "address_no": null, "border_type": "solid", "border_width": null, "border_color": null, "border_opacity": null, "border_wellknown": "shape://horizline", "fill_type": "img", "fill_color": null, "fill_opacity": null, "fill_wellknown": null, "fill_shape_color": null, "fill_shape_width": null, "fill_shape_size": null, "fill_img_url": null, "marker_img_url": "marker_img_url/642ff5f49dcdd.png"}},{"type": "Feature", "id": "layer_data_map.fid--27e80436_1a098b908f8_7c2a", "geometry": {"type": "Point", "coordinates": [106.86658454, 47.92340215]}, "geometry_name": "geom", "properties": {"guid": 6432, "id": 6432, "object_no": null, "object_name": null, "layer_type_id": 223, "valid_to": null, "address_no": null, "border_type": "solid", "border_width": null, "border_color": null, "border_opacity": null, "border_wellknown": "shape://horizline", "fill_type": "img", "fill_color": null, "fill_opacity": null, "fill_wellknown": null, "fill_shape_color": null, "fill_shape_width": null, "fill_shape_size": null, "fill_img_url": null, "marker_img_url": "marker_img_url/642ff5f49dcdd.png"}},{"type": "Feature", "id": "layer_data_map.fid--27e80436_1a098b908f8_7c2b", "geometry": {"type": "Point", "coordinates": [106.87495399, 47.92231631]}, "geometry_name": "geom", "properties": {"guid": 6433, "id": 6433, "object_no": null, "object_name": null, "layer_type_id": 223, "valid_to": null, "address_no": null, "border_type": "solid", "border_width": null, "border_color": null, "border_opacity": null, "border_wellknown": "shape://horizline", "fill_type": "img", "fill_color": null, "fill_opacity": null, "fill_wellknown": null, "fill_shape_color": null, "fill_shape_width": null, "fill_shape_size": null, "fill_img_url": null, "marker_img_url": "marker_img_url/642ff5f49dcdd.png"}},{"type": "Feature", "id": "layer_data_map.fid--27e80436_1a098b908f8_7c2c", "geometry": {"type": "Point", "coordinates": [106.8844236, 47.91154149]}, "geometry_name": "geom", "properties": {"guid": 6434, "id": 6434, "object_no": null, "object_name": null, "layer_type_id": 223, "valid_to": null, "address_no": null, "border_type": "solid", "border_width": null, "border_color": null, "border_opacity": null, "border_wellknown": "shape://horizline", "fill_type": "img", "fill_color": null, "fill_opacity": null, "fill_wellknown": null, "fill_shape_color": null, "fill_shape_width": null, "fill_shape_size": null, "fill_img_url": null, "marker_img_url": "marker_img_url/642ff5f49dcdd.png"}},{"type": "Feature", "id": "layer_data_map.fid--27e80436_1a098b908f8_7c2d", "geometry": {"type": "Point", "coordinates": [106.89317468, 47.91403986]}, "geometry_name": "geom", "properties": {"guid": 6435, "id": 6435, "object_no": null, "object_name": null, "layer_type_id": 223, "valid_to": null, "address_no": null, "border_type": "solid", "border_width": null, "border_color": null, "border_opacity": null, "border_wellknown": "shape://horizline", "fill_type": "img", "fill_color": null, "fill_opacity": null, "fill_wellknown": null, "fill_shape_color": null, "fill_shape_width": null, "fill_shape_size": null, "fill_img_url": null, "marker_img_url": "marker_img_url/642ff5f49dcdd.png"}},{"type": "Feature", "id": "layer_data_map.fid--27e80436_1a098b908f8_7c2e", "geometry": {"type": "Point", "coordinates": [106.91288233, 47.91988314]}, "geometry_name": "geom", "properties": {"guid": 6436, "id": 6436, "object_no": null, "object_name": null, "layer_type_id": 223, "valid_to": null, "address_no": null, "border_type": "solid", "border_width": null, "border_color": null, "border_opacity": null, "border_wellknown": "shape://horizline", "fill_type": "img", "fill_color": null, "fill_opacity": null, "fill_wellknown": null, "fill_shape_color": null, "fill_shape_width": null, "fill_shape_size": null, "fill_img_url": null, "marker_img_url": "marker_img_url/642ff5f49dcdd.png"}},{"type": "Feature", "id": "layer_data_map.fid--27e80436_1a098b908f8_7c2f", "geometry": {"type": "Point", "coordinates": [106.97411233, 47.9163189]}, "geometry_name": "geom", "properties": {"guid": 6437, "id": 6437, "object_no": null, "object_name": null, "layer_type_id": 223, "valid_to": null, "address_no": null, "border_type": "solid", "border_width": null, "border_color": null, "border_opacity": null, "border_wellknown": "shape://horizline", "fill_type": "img", "fill_color": null, "fill_opacity": null, "fill_wellknown": null, "fill_shape_color": null, "fill_shape_width": null, "fill_shape_size": null, "fill_img_url": null, "marker_img_url": "marker_img_url/642ff5f49dcdd.png"}},{"type": "Feature", "id": "layer_data_map.fid--27e80436_1a098b908f8_7c30", "geometry": {"type": "Point", "coordinates": [106.89187918, 47.91529374]}, "geometry_name": "geom", "properties": {"guid": 6438, "id": 6438, "object_no": null, "object_name": null, "layer_type_id": 223, "valid_to": null, "address_no": null, "border_type": "solid", "border_width": null, "border_color": null, "border_opacity": null, "border_wellknown": "shape://horizline", "fill_type": "img", "fill_color": null, "fill_opacity": null, "fill_wellknown": null, "fill_shape_color": null, "fill_shape_width": null, "fill_shape_size": null, "fill_img_url": null, "marker_img_url": "marker_img_url/642ff5f49dcdd.png"}},{"type": "Feature", "id": "layer_data_map.fid--27e80436_1a098b908f8_7c31", "geometry": {"type": "Point", "coordinates": [106.8662708, 47.91420519]}, "geometry_name": "geom", "properties": {"guid": 6439, "id": 6439, "object_no": null, "object_name": null, "layer_type_id": 223, "valid_to": null, "address_no": null, "border_type": "solid", "border_width": null, "border_color": null, "border_opacity": null, "border_wellknown": "shape://horizline", "fill_type": "img", "fill_color": null, "fill_opacity": null, "fill_wellknown": null, "fill_shape_color": null, "fill_shape_width": null, "fill_shape_size": null, "fill_img_url": null, "marker_img_url": "marker_img_url/642ff5f49dcdd.png"}},{"type": "Feature", "id": "layer_data_map.fid--27e80436_1a098b908f8_7c32", "geometry": {"type": "Point", "coordinates": [106.87167527, 47.92289403]}, "geometry_name": "geom", "properties": {"guid": 6440, "id": 6440, "object_no": null, "object_name": null, "layer_type_id": 223, "valid_to": null, "address_no": null, "border_type": "solid", "border_width": null, "border_color": null, "border_opacity": null, "border_wellknown": "shape://horizline", "fill_type": "img", "fill_color": null, "fill_opacity": null, "fill_wellknown": null, "fill_shape_color": null, "fill_shape_width": null, "fill_shape_size": null, "fill_img_url": null, "marker_img_url": "marker_img_url/642ff5f49dcdd.png"}},{"type": "Feature", "id": "layer_data_map.fid--27e80436_1a098b908f8_7c33", "geometry": {"type": "Point", "coordinates": [106.91857206, 47.91656621]}, "geometry_name": "geom", "properties": {"guid": 6441, "id": 6441, "object_no": null, "object_name": null, "layer_type_id": 223, "valid_to": null, "address_no": null, "border_type": "solid", "border_width": null, "border_color": null, "border_opacity": null, "border_wellknown": "shape://horizline", "fill_type": "img", "fill_color": null, "fill_opacity": null, "fill_wellknown": null, "fill_shape_color": null, "fill_shape_width": null, "fill_shape_size": null, "fill_img_url": null, "marker_img_url": "marker_img_url/642ff5f49dcdd.png"}},{"type": "Feature", "id": "layer_data_map.fid--27e80436_1a098b908f8_7c34", "geometry": {"type": "Point", "coordinates": [106.88275729, 47.91128129]}, "geometry_name": "geom", "properties": {"guid": 6442, "id": 6442, "object_no": null, "object_name": null, "layer_type_id": 223, "valid_to": null, "address_no": null, "border_type": "solid", "border_width": null, "border_color": null, "border_opacity": null, "border_wellknown": "shape://horizline", "fill_type": "img", "fill_color": null, "fill_opacity": null, "fill_wellknown": null, "fill_shape_color": null, "fill_shape_width": null, "fill_shape_size": null, "fill_img_url": null, "marker_img_url": "marker_img_url/642ff5f49dcdd.png"}},{"type": "Feature", "id": "layer_data_map.fid--27e80436_1a098b908f8_7c35", "geometry": {"type": "Point", "coordinates": [106.90275863, 47.91997634]}, "geometry_name": "geom", "properties": {"guid": 6443, "id": 6443, "object_no": null, "object_name": null, "layer_type_id": 223, "valid_to": null, "address_no": null, "border_type": "solid", "border_width": null, "border_color": null, "border_opacity": null, "border_wellknown": "shape://horizline", "fill_type": "img", "fill_color": null, "fill_opacity": null, "fill_wellknown": null, "fill_shape_color": null, "fill_shape_width": null, "fill_shape_size": null, "fill_img_url": null, "marker_img_url": "marker_img_url/642ff5f49dcdd.png"}},{"type": "Feature", "id": "layer_data_map.fid--27e80436_1a098b908f8_7c36", "geometry": {"type": "Point", "coordinates": [106.92393543, 47.89783558]}, "geometry_name": "geom", "properties": {"guid": 6444, "id": 6444, "object_no": null, "object_name": null, "layer_type_id": 223, "valid_to": null, "address_no": null, "border_type": "solid", "border_width": null, "border_color": null, "border_opacity": null, "border_wellknown": "shape://horizline", "fill_type": "img", "fill_color": null, "fill_opacity": null, "fill_wellknown": null, "fill_shape_color": null, "fill_shape_width": null, "fill_shape_size": null, "fill_img_url": null, "marker_img_url": "marker_img_url/642ff5f49dcdd.png"}},{"type": "Feature", "id": "layer_data_map.fid--27e80436_1a098b908f8_7c37", "geometry": {"type": "Point", "coordinates": [106.9080211, 47.89588985]}, "geometry_name": "geom", "properties": {"guid": 6445, "id": 6445, "object_no": null, "object_name": null, "layer_type_id": 223, "valid_to": null, "address_no": null, "border_type": "solid", "border_width": null, "border_color": null, "border_opacity": null, "border_wellknown": "shape://horizline", "fill_type": "img", "fill_color": null, "fill_opacity": null, "fill_wellknown": null, "fill_shape_color": null, "fill_shape_width": null, "fill_shape_size": null, "fill_img_url": null, "marker_img_url": "marker_img_url/642ff5f49dcdd.png"}},{"type": "Feature", "id": "layer_data_map.fid--27e80436_1a098b908f8_7c38", "geometry": {"type": "Point", "coordinates": [106.88741317, 47.89245289]}, "geometry_name": "geom", "properties": {"guid": 6446, "id": 6446, "object_no": null, "object_name": null, "layer_type_id": 223, "valid_to": null, "address_no": null, "border_type": "solid", "border_width": null, "border_color": null, "border_opacity": null, "border_wellknown": "shape://horizline", "fill_type": "img", "fill_color": null, "fill_opacity": null, "fill_wellknown": null, "fill_shape_color": null, "fill_shape_width": null, "fill_shape_size": null, "fill_img_url": null, "marker_img_url": "marker_img_url/642ff5f49dcdd.png"}},{"type": "Feature", "id": "layer_data_map.fid--27e80436_1a098b908f8_7c39", "geometry": {"type": "Point", "coordinates": [106.85259008, 47.88138044]}, "geometry_name": "geom", "properties": {"guid": 6447, "id": 6447, "object_no": null, "object_name": null, "layer_type_id": 223, "valid_to": null, "address_no": null, "border_type": "solid", "border_width": null, "border_color": null, "border_opacity": null, "border_wellknown": "shape://horizline", "fill_type": "img", "fill_color": null, "fill_opacity": null, "fill_wellknown": null, "fill_shape_color": null, "fill_shape_width": null, "fill_shape_size": null, "fill_img_url": null, "marker_img_url": "marker_img_url/642ff5f49dcdd.png"}},{"type": "Feature", "id": "layer_data_map.fid--27e80436_1a098b908f8_7c3a", "geometry": {"type": "Point", "coordinates": [106.91155413, 47.91693006]}, "geometry_name": "geom", "properties": {"guid": 6448, "id": 6448, "object_no": null, "object_name": null, "layer_type_id": 223, "valid_to": null, "address_no": null, "border_type": "solid", "border_width": null, "border_color": null, "border_opacity": null, "border_wellknown": "shape://horizline", "fill_type": "img", "fill_color": null, "fill_opacity": null, "fill_wellknown": null, "fill_shape_color": null, "fill_shape_width": null, "fill_shape_size": null, "fill_img_url": null, "marker_img_url": "marker_img_url/642ff5f49dcdd.png"}},{"type": "Feature", "id": "layer_data_map.fid--27e80436_1a098b908f8_7c3b", "geometry": {"type": "Point", "coordinates": [106.87892722, 47.92309721]}, "geometry_name": "geom", "properties": {"guid": 6449, "id": 6449, "object_no": null, "object_name": null, "layer_type_id": 223, "valid_to": null, "address_no": null, "border_type": "solid", "border_width": null, "border_color": null, "border_opacity": null, "border_wellknown": "shape://horizline", "fill_type": "img", "fill_color": null, "fill_opacity": null, "fill_wellknown": null, "fill_shape_color": null, "fill_shape_width": null, "fill_shape_size": null, "fill_img_url": null, "marker_img_url": "marker_img_url/642ff5f49dcdd.png"}},{"type": "Feature", "id": "layer_data_map.fid--27e80436_1a098b908f8_7c3c", "geometry": {"type": "Point", "coordinates": [106.93720496, 47.91838711]}, "geometry_name": "geom", "properties": {"guid": 6450, "id": 6450, "object_no": null, "object_name": null, "layer_type_id": 223, "valid_to": null, "address_no": null, "border_type": "solid", "border_width": null, "border_color": null, "border_opacity": null, "border_wellknown": "shape://horizline", "fill_type": "img", "fill_color": null, "fill_opacity": null, "fill_wellknown": null, "fill_shape_color": null, "fill_shape_width": null, "fill_shape_size": null, "fill_img_url": null, "marker_img_url": "marker_img_url/642ff5f49dcdd.png"}},{"type": "Feature", "id": "layer_data_map.fid--27e80436_1a098b908f8_7c3d", "geometry": {"type": "Point", "coordinates": [106.85815836, 47.91365128]}, "geometry_name": "geom", "properties": {"guid": 6451, "id": 6451, "object_no": null, "object_name": null, "layer_type_id": 223, "valid_to": null, "address_no": null, "border_type": "solid", "border_width": null, "border_color": null, "border_opacity": null, "border_wellknown": "shape://horizline", "fill_type": "img", "fill_color": null, "fill_opacity": null, "fill_wellknown": null, "fill_shape_color": null, "fill_shape_width": null, "fill_shape_size": null, "fill_img_url": null, "marker_img_url": "marker_img_url/642ff5f49dcdd.png"}},{"type": "Feature", "id": "layer_data_map.fid--27e80436_1a098b908f8_7c3e", "geometry": {"type": "Point", "coordinates": [106.91197512, 47.91888631]}, "geometry_name": "geom", "properties": {"guid": 6452, "id": 6452, "object_no": null, "object_name": null, "layer_type_id": 223, "valid_to": null, "address_no": null, "border_type": "solid", "border_width": null, "border_color": null, "border_opacity": null, "border_wellknown": "shape://horizline", "fill_type": "img", "fill_color": null, "fill_opacity": null, "fill_wellknown": null, "fill_shape_color": null, "fill_shape_width": null, "fill_shape_size": null, "fill_img_url": null, "marker_img_url": "marker_img_url/642ff5f49dcdd.png"}},{"type": "Feature", "id": "layer_data_map.fid--27e80436_1a098b908f8_7c3f", "geometry": {"type": "Point", "coordinates": [106.90707326, 47.92156802]}, "geometry_name": "geom", "properties": {"guid": 6453, "id": 6453, "object_no": null, "object_name": null, "layer_type_id": 223, "valid_to": null, "address_no": null, "border_type": "solid", "border_width": null, "border_color": null, "border_opacity": null, "border_wellknown": "shape://horizline", "fill_type": "img", "fill_color": null, "fill_opacity": null, "fill_wellknown": null, "fill_shape_color": null, "fill_shape_width": null, "fill_shape_size": null, "fill_img_url": null, "marker_img_url": "marker_img_url/642ff5f49dcdd.png"}},{"type": "Feature", "id": "layer_data_map.fid--27e80436_1a098b908f8_7c40", "geometry": {"type": "Point", "coordinates": [106.91021807, 47.92043888]}, "geometry_name": "geom", "properties": {"guid": 6454, "id": 6454, "object_no": null, "object_name": null, "layer_type_id": 223, "valid_to": null, "address_no": null, "border_type": "solid", "border_width": null, "border_color": null, "border_opacity": null, "border_wellknown": "shape://horizline", "fill_type": "img", "fill_color": null, "fill_opacity": null, "fill_wellknown": null, "fill_shape_color": null, "fill_shape_width": null, "fill_shape_size": null, "fill_img_url": null, "marker_img_url": "marker_img_url/642ff5f49dcdd.png"}},{"type": "Feature", "id": "layer_data_map.fid--27e80436_1a098b908f8_7c41", "geometry": {"type": "Point", "coordinates": [106.92589955, 47.91832202]}, "geometry_name": "geom", "properties": {"guid": 6455, "id": 6455, "object_no": null, "object_name": null, "layer_type_id": 223, "valid_to": null, "address_no": null, "border_type": "solid", "border_width": null, "border_color": null, "border_opacity": null, "border_wellknown": "shape://horizline", "fill_type": "img", "fill_color": null, "fill_opacity": null, "fill_wellknown": null, "fill_shape_color": null, "fill_shape_width": null, "fill_shape_size": null, "fill_img_url": null, "marker_img_url": "marker_img_url/642ff5f49dcdd.png"}},{"type": "Feature", "id": "layer_data_map.fid--27e80436_1a098b908f8_7c42", "geometry": {"type": "Point", "coordinates": [106.86168486, 47.91397448]}, "geometry_name": "geom", "properties": {"guid": 6456, "id": 6456, "object_no": null, "object_name": null, "layer_type_id": 223, "valid_to": null, "address_no": null, "border_type": "solid", "border_width": null, "border_color": null, "border_opacity": null, "border_wellknown": "shape://horizline", "fill_type": "img", "fill_color": null, "fill_opacity": null, "fill_wellknown": null, "fill_shape_color": null, "fill_shape_width": null, "fill_shape_size": null, "fill_img_url": null, "marker_img_url": "marker_img_url/642ff5f49dcdd.png"}},{"type": "Feature", "id": "layer_data_map.fid--27e80436_1a098b908f8_7c43", "geometry": {"type": "Point", "coordinates": [106.83789345, 47.91251167]}, "geometry_name": "geom", "properties": {"guid": 6457, "id": 6457, "object_no": null, "object_name": null, "layer_type_id": 223, "valid_to": null, "address_no": null, "border_type": "solid", "border_width": null, "border_color": null, "border_opacity": null, "border_wellknown": "shape://horizline", "fill_type": "img", "fill_color": null, "fill_opacity": null, "fill_wellknown": null, "fill_shape_color": null, "fill_shape_width": null, "fill_shape_size": null, "fill_img_url": null, "marker_img_url": "marker_img_url/642ff5f49dcdd.png"}},{"type": "Feature", "id": "layer_data_map.fid--27e80436_1a098b908f8_7c44", "geometry": {"type": "Point", "coordinates": [106.94371503, 47.92727963]}, "geometry_name": "geom", "properties": {"guid": 6458, "id": 6458, "object_no": null, "object_name": null, "layer_type_id": 223, "valid_to": null, "address_no": null, "border_type": "solid", "border_width": null, "border_color": null, "border_opacity": null, "border_wellknown": "shape://horizline", "fill_type": "img", "fill_color": null, "fill_opacity": null, "fill_wellknown": null, "fill_shape_color": null, "fill_shape_width": null, "fill_shape_size": null, "fill_img_url": null, "marker_img_url": "marker_img_url/642ff5f49dcdd.png"}},{"type": "Feature", "id": "layer_data_map.fid--27e80436_1a098b908f8_7c45", "geometry": {"type": "Point", "coordinates": [106.88293316, 47.90890864]}, "geometry_name": "geom", "properties": {"guid": 6459, "id": 6459, "object_no": null, "object_name": null, "layer_type_id": 223, "valid_to": null, "address_no": null, "border_type": "solid", "border_width": null, "border_color": null, "border_opacity": null, "border_wellknown": "shape://horizline", "fill_type": "img", "fill_color": null, "fill_opacity": null, "fill_wellknown": null, "fill_shape_color": null, "fill_shape_width": null, "fill_shape_size": null, "fill_img_url": null, "marker_img_url": "marker_img_url/642ff5f49dcdd.png"}},{"type": "Feature", "id": "layer_data_map.fid--27e80436_1a098b908f8_7c46", "geometry": {"type": "Point", "coordinates": [106.884041, 47.90840837]}, "geometry_name": "geom", "properties": {"guid": 6460, "id": 6460, "object_no": null, "object_name": null, "layer_type_id": 223, "valid_to": null, "address_no": null, "border_type": "solid", "border_width": null, "border_color": null, "border_opacity": null, "border_wellknown": "shape://horizline", "fill_type": "img", "fill_color": null, "fill_opacity": null, "fill_wellknown": null, "fill_shape_color": null, "fill_shape_width": null, "fill_shape_size": null, "fill_img_url": null, "marker_img_url": "marker_img_url/642ff5f49dcdd.png"}},{"type": "Feature", "id": "layer_data_map.fid--27e80436_1a098b908f8_7c47", "geometry": {"type": "Point", "coordinates": [106.87314925, 47.91109957]}, "geometry_name": "geom", "properties": {"guid": 6461, "id": 6461, "object_no": null, "object_name": null, "layer_type_id": 223, "valid_to": null, "address_no": null, "border_type": "solid", "border_width": null, "border_color": null, "border_opacity": null, "border_wellknown": "shape://horizline", "fill_type": "img", "fill_color": null, "fill_opacity": null, "fill_wellknown": null, "fill_shape_color": null, "fill_shape_width": null, "fill_shape_size": null, "fill_img_url": null, "marker_img_url": "marker_img_url/642ff5f49dcdd.png"}},{"type": "Feature", "id": "layer_data_map.fid--27e80436_1a098b908f8_7c48", "geometry": {"type": "Point", "coordinates": [106.9499333, 47.90920488]}, "geometry_name": "geom", "properties": {"guid": 6462, "id": 6462, "object_no": null, "object_name": null, "layer_type_id": 223, "valid_to": null, "address_no": null, "border_type": "solid", "border_width": null, "border_color": null, "border_opacity": null, "border_wellknown": "shape://horizline", "fill_type": "img", "fill_color": null, "fill_opacity": null, "fill_wellknown": null, "fill_shape_color": null, "fill_shape_width": null, "fill_shape_size": null, "fill_img_url": null, "marker_img_url": "marker_img_url/642ff5f49dcdd.png"}},{"type": "Feature", "id": "layer_data_map.fid--27e80436_1a098b908f8_7c49", "geometry": {"type": "Point", "coordinates": [106.76326497, 47.85221485]}, "geometry_name": "geom", "properties": {"guid": 6463, "id": 6463, "object_no": null, "object_name": null, "layer_type_id": 223, "valid_to": null, "address_no": null, "border_type": "solid", "border_width": null, "border_color": null, "border_opacity": null, "border_wellknown": "shape://horizline", "fill_type": "img", "fill_color": null, "fill_opacity": null, "fill_wellknown": null, "fill_shape_color": null, "fill_shape_width": null, "fill_shape_size": null, "fill_img_url": null, "marker_img_url": "marker_img_url/642ff5f49dcdd.png"}},{"type": "Feature", "id": "layer_data_map.fid--27e80436_1a098b908f8_7c4a", "geometry": {"type": "Point", "coordinates": [106.90769421, 47.91131838]}, "geometry_name": "geom", "properties": {"guid": 6464, "id": 6464, "object_no": null, "object_name": null, "layer_type_id": 223, "valid_to": null, "address_no": null, "border_type": "solid", "border_width": null, "border_color": null, "border_opacity": null, "border_wellknown": "shape://horizline", "fill_type": "img", "fill_color": null, "fill_opacity": null, "fill_wellknown": null, "fill_shape_color": null, "fill_shape_width": null, "fill_shape_size": null, "fill_img_url": null, "marker_img_url": "marker_img_url/642ff5f49dcdd.png"}},{"type": "Feature", "id": "layer_data_map.fid--27e80436_1a098b908f8_7c4b", "geometry": {"type": "Point", "coordinates": [106.88295691, 47.90895628]}, "geometry_name": "geom", "properties": {"guid": 6465, "id": 6465, "object_no": null, "object_name": null, "layer_type_id": 223, "valid_to": null, "address_no": null, "border_type": "solid", "border_width": null, "border_color": null, "border_opacity": null, "border_wellknown": "shape://horizline", "fill_type": "img", "fill_color": null, "fill_opacity": null, "fill_wellknown": null, "fill_shape_color": null, "fill_shape_width": null, "fill_shape_size": null, "fill_img_url": null, "marker_img_url": "marker_img_url/642ff5f49dcdd.png"}},{"type": "Feature", "id": "layer_data_map.fid--27e80436_1a098b908f8_7c4c", "geometry": {"type": "Point", "coordinates": [106.87782062, 47.92523221]}, "geometry_name": "geom", "properties": {"guid": 6466, "id": 6466, "object_no": null, "object_name": null, "layer_type_id": 223, "valid_to": null, "address_no": null, "border_type": "solid", "border_width": null, "border_color": null, "border_opacity": null, "border_wellknown": "shape://horizline", "fill_type": "img", "fill_color": null, "fill_opacity": null, "fill_wellknown": null, "fill_shape_color": null, "fill_shape_width": null, "fill_shape_size": null, "fill_img_url": null, "marker_img_url": "marker_img_url/642ff5f49dcdd.png"}},{"type": "Feature", "id": "layer_data_map.fid--27e80436_1a098b908f8_7c4d", "geometry": {"type": "Point", "coordinates": [106.88293045, 47.90898667]}, "geometry_name": "geom", "properties": {"guid": 6467, "id": 6467, "object_no": null, "object_name": null, "layer_type_id": 223, "valid_to": null, "address_no": null, "border_type": "solid", "border_width": null, "border_color": null, "border_opacity": null, "border_wellknown": "shape://horizline", "fill_type": "img", "fill_color": null, "fill_opacity": null, "fill_wellknown": null, "fill_shape_color": null, "fill_shape_width": null, "fill_shape_size": null, "fill_img_url": null, "marker_img_url": "marker_img_url/642ff5f49dcdd.png"}},{"type": "Feature", "id": "layer_data_map.fid--27e80436_1a098b908f8_7c4e", "geometry": {"type": "Point", "coordinates": [106.85628044, 47.91260127]}, "geometry_name": "geom", "properties": {"guid": 6468, "id": 6468, "object_no": null, "object_name": null, "layer_type_id": 223, "valid_to": null, "address_no": null, "border_type": "solid", "border_width": null, "border_color": null, "border_opacity": null, "border_wellknown": "shape://horizline", "fill_type": "img", "fill_color": null, "fill_opacity": null, "fill_wellknown": null, "fill_shape_color": null, "fill_shape_width": null, "fill_shape_size": null, "fill_img_url": null, "marker_img_url": "marker_img_url/642ff5f49dcdd.png"}},{"type": "Feature", "id": "layer_data_map.fid--27e80436_1a098b908f8_7c4f", "geometry": {"type": "Point", "coordinates": [106.89217353, 47.91377769]}, "geometry_name": "geom", "properties": {"guid": 6469, "id": 6469, "object_no": null, "object_name": null, "layer_type_id": 223, "valid_to": null, "address_no": null, "border_type": "solid", "border_width": null, "border_color": null, "border_opacity": null, "border_wellknown": "shape://horizline", "fill_type": "img", "fill_color": null, "fill_opacity": null, "fill_wellknown": null, "fill_shape_color": null, "fill_shape_width": null, "fill_shape_size": null, "fill_img_url": null, "marker_img_url": "marker_img_url/642ff5f49dcdd.png"}},{"type": "Feature", "id": "layer_data_map.fid--27e80436_1a098b908f8_7c50", "geometry": {"type": "Point", "coordinates": [106.89195733, 47.91539432]}, "geometry_name": "geom", "properties": {"guid": 6470, "id": 6470, "object_no": null, "object_name": null, "layer_type_id": 223, "valid_to": null, "address_no": null, "border_type": "solid", "border_width": null, "border_color": null, "border_opacity": null, "border_wellknown": "shape://horizline", "fill_type": "img", "fill_color": null, "fill_opacity": null, "fill_wellknown": null, "fill_shape_color": null, "fill_shape_width": null, "fill_shape_size": null, "fill_img_url": null, "marker_img_url": "marker_img_url/642ff5f49dcdd.png"}},{"type": "Feature", "id": "layer_data_map.fid--27e80436_1a098b908f8_7c51", "geometry": {"type": "Point", "coordinates": [106.7931546, 47.90823923]}, "geometry_name": "geom", "properties": {"guid": 6471, "id": 6471, "object_no": null, "object_name": null, "layer_type_id": 223, "valid_to": null, "address_no": null, "border_type": "solid", "border_width": null, "border_color": null, "border_opacity": null, "border_wellknown": "shape://horizline", "fill_type": "img", "fill_color": null, "fill_opacity": null, "fill_wellknown": null, "fill_shape_color": null, "fill_shape_width": null, "fill_shape_size": null, "fill_img_url": null, "marker_img_url": "marker_img_url/642ff5f49dcdd.png"}},{"type": "Feature", "id": "layer_data_map.fid--27e80436_1a098b908f8_7c52", "geometry": {"type": "Point", "coordinates": [106.93652123, 47.91884996]}, "geometry_name": "geom", "properties": {"guid": 6472, "id": 6472, "object_no": null, "object_name": null, "layer_type_id": 223, "valid_to": null, "address_no": null, "border_type": "solid", "border_width": null, "border_color": null, "border_opacity": null, "border_wellknown": "shape://horizline", "fill_type": "img", "fill_color": null, "fill_opacity": null, "fill_wellknown": null, "fill_shape_color": null, "fill_shape_width": null, "fill_shape_size": null, "fill_img_url": null, "marker_img_url": "marker_img_url/642ff5f49dcdd.png"}},{"type": "Feature", "id": "layer_data_map.fid--27e80436_1a098b908f8_7c53", "geometry": {"type": "Point", "coordinates": [106.9400125, 47.91248577]}, "geometry_name": "geom", "properties": {"guid": 6473, "id": 6473, "object_no": null, "object_name": null, "layer_type_id": 223, "valid_to": null, "address_no": null, "border_type": "solid", "border_width": null, "border_color": null, "border_opacity": null, "border_wellknown": "shape://horizline", "fill_type": "img", "fill_color": null, "fill_opacity": null, "fill_wellknown": null, "fill_shape_color": null, "fill_shape_width": null, "fill_shape_size": null, "fill_img_url": null, "marker_img_url": "marker_img_url/642ff5f49dcdd.png"}},{"type": "Feature", "id": "layer_data_map.fid--27e80436_1a098b908f8_7c54", "geometry": {"type": "Point", "coordinates": [106.9981657, 47.92911741]}, "geometry_name": "geom", "properties": {"guid": 6474, "id": 6474, "object_no": null, "object_name": null, "layer_type_id": 223, "valid_to": null, "address_no": null, "border_type": "solid", "border_width": null, "border_color": null, "border_opacity": null, "border_wellknown": "shape://horizline", "fill_type": "img", "fill_color": null, "fill_opacity": null, "fill_wellknown": null, "fill_shape_color": null, "fill_shape_width": null, "fill_shape_size": null, "fill_img_url": null, "marker_img_url": "marker_img_url/642ff5f49dcdd.png"}},{"type": "Feature", "id": "layer_data_map.fid--27e80436_1a098b908f8_7c55", "geometry": {"type": "Point", "coordinates": [107.01103471, 47.90847548]}, "geometry_name": "geom", "properties": {"guid": 6475, "id": 6475, "object_no": null, "object_name": null, "layer_type_id": 223, "valid_to": null, "address_no": null, "border_type": "solid", "border_width": null, "border_color": null, "border_opacity": null, "border_wellknown": "shape://horizline", "fill_type": "img", "fill_color": null, "fill_opacity": null, "fill_wellknown": null, "fill_shape_color": null, "fill_shape_width": null, "fill_shape_size": null, "fill_img_url": null, "marker_img_url": "marker_img_url/642ff5f49dcdd.png"}},{"type": "Feature", "id": "layer_data_map.fid--27e80436_1a098b908f8_7c56", "geometry": {"type": "Point", "coordinates": [106.94773446, 47.91834315]}, "geometry_name": "geom", "properties": {"guid": 6476, "id": 6476, "object_no": null, "object_name": null, "layer_type_id": 223, "valid_to": null, "address_no": null, "border_type": "solid", "border_width": null, "border_color": null, "border_opacity": null, "border_wellknown": "shape://horizline", "fill_type": "img", "fill_color": null, "fill_opacity": null, "fill_wellknown": null, "fill_shape_color": null, "fill_shape_width": null, "fill_shape_size": null, "fill_img_url": null, "marker_img_url": "marker_img_url/642ff5f49dcdd.png"}},{"type": "Feature", "id": "layer_data_map.fid--27e80436_1a098b908f8_7c57", "geometry": {"type": "Point", "coordinates": [106.93495496, 47.90476003]}, "geometry_name": "geom", "properties": {"guid": 6477, "id": 6477, "object_no": null, "object_name": null, "layer_type_id": 223, "valid_to": null, "address_no": null, "border_type": "solid", "border_width": null, "border_color": null, "border_opacity": null, "border_wellknown": "shape://horizline", "fill_type": "img", "fill_color": null, "fill_opacity": null, "fill_wellknown": null, "fill_shape_color": null, "fill_shape_width": null, "fill_shape_size": null, "fill_img_url": null, "marker_img_url": "marker_img_url/642ff5f49dcdd.png"}},{"type": "Feature", "id": "layer_data_map.fid--27e80436_1a098b908f8_7c58", "geometry": {"type": "Point", "coordinates": [106.99988882, 47.92876458]}, "geometry_name": "geom", "properties": {"guid": 6478, "id": 6478, "object_no": null, "object_name": null, "layer_type_id": 223, "valid_to": null, "address_no": null, "border_type": "solid", "border_width": null, "border_color": null, "border_opacity": null, "border_wellknown": "shape://horizline", "fill_type": "img", "fill_color": null, "fill_opacity": null, "fill_wellknown": null, "fill_shape_color": null, "fill_shape_width": null, "fill_shape_size": null, "fill_img_url": null, "marker_img_url": "marker_img_url/642ff5f49dcdd.png"}},{"type": "Feature", "id": "layer_data_map.fid--27e80436_1a098b908f8_7c59", "geometry": {"type": "Point", "coordinates": [106.94068043, 47.92797287]}, "geometry_name": "geom", "properties": {"guid": 6479, "id": 6479, "object_no": null, "object_name": null, "layer_type_id": 223, "valid_to": null, "address_no": null, "border_type": "solid", "border_width": null, "border_color": null, "border_opacity": null, "border_wellknown": "shape://horizline", "fill_type": "img", "fill_color": null, "fill_opacity": null, "fill_wellknown": null, "fill_shape_color": null, "fill_shape_width": null, "fill_shape_size": null, "fill_img_url": null, "marker_img_url": "marker_img_url/642ff5f49dcdd.png"}},{"type": "Feature", "id": "layer_data_map.fid--27e80436_1a098b908f8_7c5a", "geometry": {"type": "Point", "coordinates": [106.95548965, 47.91666934]}, "geometry_name": "geom", "properties": {"guid": 6480, "id": 6480, "object_no": null, "object_name": null, "layer_type_id": 223, "valid_to": null, "address_no": null, "border_type": "solid", "border_width": null, "border_color": null, "border_opacity": null, "border_wellknown": "shape://horizline", "fill_type": "img", "fill_color": null, "fill_opacity": null, "fill_wellknown": null, "fill_shape_color": null, "fill_shape_width": null, "fill_shape_size": null, "fill_img_url": null, "marker_img_url": "marker_img_url/642ff5f49dcdd.png"}},{"type": "Feature", "id": "layer_data_map.fid--27e80436_1a098b908f8_7c5b", "geometry": {"type": "Point", "coordinates": [106.9406158, 47.918566]}, "geometry_name": "geom", "properties": {"guid": 6481, "id": 6481, "object_no": null, "object_name": null, "layer_type_id": 223, "valid_to": null, "address_no": null, "border_type": "solid", "border_width": null, "border_color": null, "border_opacity": null, "border_wellknown": "shape://horizline", "fill_type": "img", "fill_color": null, "fill_opacity": null, "fill_wellknown": null, "fill_shape_color": null, "fill_shape_width": null, "fill_shape_size": null, "fill_img_url": null, "marker_img_url": "marker_img_url/642ff5f49dcdd.png"}},{"type": "Feature", "id": "layer_data_map.fid--27e80436_1a098b908f8_7c5c", "geometry": {"type": "Point", "coordinates": [106.9773641, 47.9248282]}, "geometry_name": "geom", "properties": {"guid": 6482, "id": 6482, "object_no": null, "object_name": null, "layer_type_id": 223, "valid_to": null, "address_no": null, "border_type": "solid", "border_width": null, "border_color": null, "border_opacity": null, "border_wellknown": "shape://horizline", "fill_type": "img", "fill_color": null, "fill_opacity": null, "fill_wellknown": null, "fill_shape_color": null, "fill_shape_width": null, "fill_shape_size": null, "fill_img_url": null, "marker_img_url": "marker_img_url/642ff5f49dcdd.png"}},{"type": "Feature", "id": "layer_data_map.fid--27e80436_1a098b908f8_7c5d", "geometry": {"type": "Point", "coordinates": [106.94304202, 47.90943254]}, "geometry_name": "geom", "properties": {"guid": 6483, "id": 6483, "object_no": null, "object_name": null, "layer_type_id": 223, "valid_to": null, "address_no": null, "border_type": "solid", "border_width": null, "border_color": null, "border_opacity": null, "border_wellknown": "shape://horizline", "fill_type": "img", "fill_color": null, "fill_opacity": null, "fill_wellknown": null, "fill_shape_color": null, "fill_shape_width": null, "fill_shape_size": null, "fill_img_url": null, "marker_img_url": "marker_img_url/642ff5f49dcdd.png"}},{"type": "Feature", "id": "layer_data_map.fid--27e80436_1a098b908f8_7c5e", "geometry": {"type": "Point", "coordinates": [106.94889637, 47.90889287]}, "geometry_name": "geom", "properties": {"guid": 6484, "id": 6484, "object_no": null, "object_name": null, "layer_type_id": 223, "valid_to": null, "address_no": null, "border_type": "solid", "border_width": null, "border_color": null, "border_opacity": null, "border_wellknown": "shape://horizline", "fill_type": "img", "fill_color": null, "fill_opacity": null, "fill_wellknown": null, "fill_shape_color": null, "fill_shape_width": null, "fill_shape_size": null, "fill_img_url": null, "marker_img_url": "marker_img_url/642ff5f49dcdd.png"}},{"type": "Feature", "id": "layer_data_map.fid--27e80436_1a098b908f8_7c5f", "geometry": {"type": "Point", "coordinates": [106.94228793, 47.924493]}, "geometry_name": "geom", "properties": {"guid": 6485, "id": 6485, "object_no": null, "object_name": null, "layer_type_id": 223, "valid_to": null, "address_no": null, "border_type": "solid", "border_width": null, "border_color": null, "border_opacity": null, "border_wellknown": "shape://horizline", "fill_type": "img", "fill_color": null, "fill_opacity": null, "fill_wellknown": null, "fill_shape_color": null, "fill_shape_width": null, "fill_shape_size": null, "fill_img_url": null, "marker_img_url": "marker_img_url/642ff5f49dcdd.png"}},{"type": "Feature", "id": "layer_data_map.fid--27e80436_1a098b908f8_7c60", "geometry": {"type": "Point", "coordinates": [106.97384137, 47.91737542]}, "geometry_name": "geom", "properties": {"guid": 6486, "id": 6486, "object_no": null, "object_name": null, "layer_type_id": 223, "valid_to": null, "address_no": null, "border_type": "solid", "border_width": null, "border_color": null, "border_opacity": null, "border_wellknown": "shape://horizline", "fill_type": "img", "fill_color": null, "fill_opacity": null, "fill_wellknown": null, "fill_shape_color": null, "fill_shape_width": null, "fill_shape_size": null, "fill_img_url": null, "marker_img_url": "marker_img_url/642ff5f49dcdd.png"}},{"type": "Feature", "id": "layer_data_map.fid--27e80436_1a098b908f8_7c61", "geometry": {"type": "Point", "coordinates": [106.95132772, 47.90810652]}, "geometry_name": "geom", "properties": {"guid": 6487, "id": 6487, "object_no": null, "object_name": null, "layer_type_id": 223, "valid_to": null, "address_no": null, "border_type": "solid", "border_width": null, "border_color": null, "border_opacity": null, "border_wellknown": "shape://horizline", "fill_type": "img", "fill_color": null, "fill_opacity": null, "fill_wellknown": null, "fill_shape_color": null, "fill_shape_width": null, "fill_shape_size": null, "fill_img_url": null, "marker_img_url": "marker_img_url/642ff5f49dcdd.png"}},{"type": "Feature", "id": "layer_data_map.fid--27e80436_1a098b908f8_7c62", "geometry": {"type": "Point", "coordinates": [106.92621536, 47.93111646]}, "geometry_name": "geom", "properties": {"guid": 6488, "id": 6488, "object_no": null, "object_name": null, "layer_type_id": 223, "valid_to": null, "address_no": null, "border_type": "solid", "border_width": null, "border_color": null, "border_opacity": null, "border_wellknown": "shape://horizline", "fill_type": "img", "fill_color": null, "fill_opacity": null, "fill_wellknown": null, "fill_shape_color": null, "fill_shape_width": null, "fill_shape_size": null, "fill_img_url": null, "marker_img_url": "marker_img_url/642ff5f49dcdd.png"}},{"type": "Feature", "id": "layer_data_map.fid--27e80436_1a098b908f8_7c63", "geometry": {"type": "Point", "coordinates": [106.91351219, 47.94814278]}, "geometry_name": "geom", "properties": {"guid": 6489, "id": 6489, "object_no": null, "object_name": null, "layer_type_id": 223, "valid_to": null, "address_no": null, "border_type": "solid", "border_width": null, "border_color": null, "border_opacity": null, "border_wellknown": "shape://horizline", "fill_type": "img", "fill_color": null, "fill_opacity": null, "fill_wellknown": null, "fill_shape_color": null, "fill_shape_width": null, "fill_shape_size": null, "fill_img_url": null, "marker_img_url": "marker_img_url/642ff5f49dcdd.png"}},{"type": "Feature", "id": "layer_data_map.fid--27e80436_1a098b908f8_7c64", "geometry": {"type": "Point", "coordinates": [106.92699465, 47.91831756]}, "geometry_name": "geom", "properties": {"guid": 6490, "id": 6490, "object_no": null, "object_name": null, "layer_type_id": 223, "valid_to": null, "address_no": null, "border_type": "solid", "border_width": null, "border_color": null, "border_opacity": null, "border_wellknown": "shape://horizline", "fill_type": "img", "fill_color": null, "fill_opacity": null, "fill_wellknown": null, "fill_shape_color": null, "fill_shape_width": null, "fill_shape_size": null, "fill_img_url": null, "marker_img_url": "marker_img_url/642ff5f49dcdd.png"}},{"type": "Feature", "id": "layer_data_map.fid--27e80436_1a098b908f8_7c65", "geometry": {"type": "Point", "coordinates": [106.90481862, 47.9158616]}, "geometry_name": "geom", "properties": {"guid": 6491, "id": 6491, "object_no": null, "object_name": null, "layer_type_id": 223, "valid_to": null, "address_no": null, "border_type": "solid", "border_width": null, "border_color": null, "border_opacity": null, "border_wellknown": "shape://horizline", "fill_type": "img", "fill_color": null, "fill_opacity": null, "fill_wellknown": null, "fill_shape_color": null, "fill_shape_width": null, "fill_shape_size": null, "fill_img_url": null, "marker_img_url": "marker_img_url/642ff5f49dcdd.png"}},{"type": "Feature", "id": "layer_data_map.fid--27e80436_1a098b908f8_7c66", "geometry": {"type": "Point", "coordinates": [106.92003521, 47.92885657]}, "geometry_name": "geom", "properties": {"guid": 6492, "id": 6492, "object_no": null, "object_name": null, "layer_type_id": 223, "valid_to": null, "address_no": null, "border_type": "solid", "border_width": null, "border_color": null, "border_opacity": null, "border_wellknown": "shape://horizline", "fill_type": "img", "fill_color": null, "fill_opacity": null, "fill_wellknown": null, "fill_shape_color": null, "fill_shape_width": null, "fill_shape_size": null, "fill_img_url": null, "marker_img_url": "marker_img_url/642ff5f49dcdd.png"}},{"type": "Feature", "id": "layer_data_map.fid--27e80436_1a098b908f8_7c67", "geometry": {"type": "Point", "coordinates": [106.91684394, 47.92232055]}, "geometry_name": "geom", "properties": {"guid": 6493, "id": 6493, "object_no": null, "object_name": null, "layer_type_id": 223, "valid_to": null, "address_no": null, "border_type": "solid", "border_width": null, "border_color": null, "border_opacity": null, "border_wellknown": "shape://horizline", "fill_type": "img", "fill_color": null, "fill_opacity": null, "fill_wellknown": null, "fill_shape_color": null, "fill_shape_width": null, "fill_shape_size": null, "fill_img_url": null, "marker_img_url": "marker_img_url/642ff5f49dcdd.png"}},{"type": "Feature", "id": "layer_data_map.fid--27e80436_1a098b908f8_7c68", "geometry": {"type": "Point", "coordinates": [106.92389288, 47.91908489]}, "geometry_name": "geom", "properties": {"guid": 6494, "id": 6494, "object_no": null, "object_name": null, "layer_type_id": 223, "valid_to": null, "address_no": null, "border_type": "solid", "border_width": null, "border_color": null, "border_opacity": null, "border_wellknown": "shape://horizline", "fill_type": "img", "fill_color": null, "fill_opacity": null, "fill_wellknown": null, "fill_shape_color": null, "fill_shape_width": null, "fill_shape_size": null, "fill_img_url": null, "marker_img_url": "marker_img_url/642ff5f49dcdd.png"}},{"type": "Feature", "id": "layer_data_map.fid--27e80436_1a098b908f8_7c69", "geometry": {"type": "Point", "coordinates": [106.92729015, 47.92651961]}, "geometry_name": "geom", "properties": {"guid": 6495, "id": 6495, "object_no": null, "object_name": null, "layer_type_id": 223, "valid_to": null, "address_no": null, "border_type": "solid", "border_width": null, "border_color": null, "border_opacity": null, "border_wellknown": "shape://horizline", "fill_type": "img", "fill_color": null, "fill_opacity": null, "fill_wellknown": null, "fill_shape_color": null, "fill_shape_width": null, "fill_shape_size": null, "fill_img_url": null, "marker_img_url": "marker_img_url/642ff5f49dcdd.png"}},{"type": "Feature", "id": "layer_data_map.fid--27e80436_1a098b908f8_7c6a", "geometry": {"type": "Point", "coordinates": [106.92102181, 47.91472068]}, "geometry_name": "geom", "properties": {"guid": 6496, "id": 6496, "object_no": null, "object_name": null, "layer_type_id": 223, "valid_to": null, "address_no": null, "border_type": "solid", "border_width": null, "border_color": null, "border_opacity": null, "border_wellknown": "shape://horizline", "fill_type": "img", "fill_color": null, "fill_opacity": null, "fill_wellknown": null, "fill_shape_color": null, "fill_shape_width": null, "fill_shape_size": null, "fill_img_url": null, "marker_img_url": "marker_img_url/642ff5f49dcdd.png"}},{"type": "Feature", "id": "layer_data_map.fid--27e80436_1a098b908f8_7c6b", "geometry": {"type": "Point", "coordinates": [106.90090501, 47.89931644]}, "geometry_name": "geom", "properties": {"guid": 6497, "id": 6497, "object_no": null, "object_name": null, "layer_type_id": 223, "valid_to": null, "address_no": null, "border_type": "solid", "border_width": null, "border_color": null, "border_opacity": null, "border_wellknown": "shape://horizline", "fill_type": "img", "fill_color": null, "fill_opacity": null, "fill_wellknown": null, "fill_shape_color": null, "fill_shape_width": null, "fill_shape_size": null, "fill_img_url": null, "marker_img_url": "marker_img_url/642ff5f49dcdd.png"}},{"type": "Feature", "id": "layer_data_map.fid--27e80436_1a098b908f8_7c6c", "geometry": {"type": "Point", "coordinates": [106.90913828, 47.88567516]}, "geometry_name": "geom", "properties": {"guid": 6498, "id": 6498, "object_no": null, "object_name": null, "layer_type_id": 223, "valid_to": null, "address_no": null, "border_type": "solid", "border_width": null, "border_color": null, "border_opacity": null, "border_wellknown": "shape://horizline", "fill_type": "img", "fill_color": null, "fill_opacity": null, "fill_wellknown": null, "fill_shape_color": null, "fill_shape_width": null, "fill_shape_size": null, "fill_img_url": null, "marker_img_url": "marker_img_url/642ff5f49dcdd.png"}},{"type": "Feature", "id": "layer_data_map.fid--27e80436_1a098b908f8_7c6d", "geometry": {"type": "Point", "coordinates": [106.88348812, 47.89352268]}, "geometry_name": "geom", "properties": {"guid": 6499, "id": 6499, "object_no": null, "object_name": null, "layer_type_id": 223, "valid_to": null, "address_no": null, "border_type": "solid", "border_width": null, "border_color": null, "border_opacity": null, "border_wellknown": "shape://horizline", "fill_type": "img", "fill_color": null, "fill_opacity": null, "fill_wellknown": null, "fill_shape_color": null, "fill_shape_width": null, "fill_shape_size": null, "fill_img_url": null, "marker_img_url": "marker_img_url/642ff5f49dcdd.png"}},{"type": "Feature", "id": "layer_data_map.fid--27e80436_1a098b908f8_7c6e", "geometry": {"type": "Point", "coordinates": [106.76232009, 47.85272682]}, "geometry_name": "geom", "properties": {"guid": 6500, "id": 6500, "object_no": null, "object_name": null, "layer_type_id": 223, "valid_to": null, "address_no": null, "border_type": "solid", "border_width": null, "border_color": null, "border_opacity": null, "border_wellknown": "shape://horizline", "fill_type": "img", "fill_color": null, "fill_opacity": null, "fill_wellknown": null, "fill_shape_color": null, "fill_shape_width": null, "fill_shape_size": null, "fill_img_url": null, "marker_img_url": "marker_img_url/642ff5f49dcdd.png"}},{"type": "Feature", "id": "layer_data_map.fid--27e80436_1a098b908f8_7c6f", "geometry": {"type": "Point", "coordinates": [106.89911658, 47.89859811]}, "geometry_name": "geom", "properties": {"guid": 6501, "id": 6501, "object_no": null, "object_name": null, "layer_type_id": 223, "valid_to": null, "address_no": null, "border_type": "solid", "border_width": null, "border_color": null, "border_opacity": null, "border_wellknown": "shape://horizline", "fill_type": "img", "fill_color": null, "fill_opacity": null, "fill_wellknown": null, "fill_shape_color": null, "fill_shape_width": null, "fill_shape_size": null, "fill_img_url": null, "marker_img_url": "marker_img_url/642ff5f49dcdd.png"}},{"type": "Feature", "id": "layer_data_map.fid--27e80436_1a098b908f8_7c70", "geometry": {"type": "Point", "coordinates": [106.90957748, 47.89628584]}, "geometry_name": "geom", "properties": {"guid": 6502, "id": 6502, "object_no": null, "object_name": null, "layer_type_id": 223, "valid_to": null, "address_no": null, "border_type": "solid", "border_width": null, "border_color": null, "border_opacity": null, "border_wellknown": "shape://horizline", "fill_type": "img", "fill_color": null, "fill_opacity": null, "fill_wellknown": null, "fill_shape_color": null, "fill_shape_width": null, "fill_shape_size": null, "fill_img_url": null, "marker_img_url": "marker_img_url/642ff5f49dcdd.png"}},{"type": "Feature", "id": "layer_data_map.fid--27e80436_1a098b908f8_7c71", "geometry": {"type": "Point", "coordinates": [106.92278154, 47.90404424]}, "geometry_name": "geom", "properties": {"guid": 6503, "id": 6503, "object_no": null, "object_name": null, "layer_type_id": 223, "valid_to": null, "address_no": null, "border_type": "solid", "border_width": null, "border_color": null, "border_opacity": null, "border_wellknown": "shape://horizline", "fill_type": "img", "fill_color": null, "fill_opacity": null, "fill_wellknown": null, "fill_shape_color": null, "fill_shape_width": null, "fill_shape_size": null, "fill_img_url": null, "marker_img_url": "marker_img_url/642ff5f49dcdd.png"}},{"type": "Feature", "id": "layer_data_map.fid--27e80436_1a098b908f8_7c72", "geometry": {"type": "Point", "coordinates": [106.91069584, 47.91805774]}, "geometry_name": "geom", "properties": {"guid": 6504, "id": 6504, "object_no": null, "object_name": null, "layer_type_id": 223, "valid_to": null, "address_no": null, "border_type": "solid", "border_width": null, "border_color": null, "border_opacity": null, "border_wellknown": "shape://horizline", "fill_type": "img", "fill_color": null, "fill_opacity": null, "fill_wellknown": null, "fill_shape_color": null, "fill_shape_width": null, "fill_shape_size": null, "fill_img_url": null, "marker_img_url": "marker_img_url/642ff5f49dcdd.png"}},{"type": "Feature", "id": "layer_data_map.fid--27e80436_1a098b908f8_7c73", "geometry": {"type": "Point", "coordinates": [106.90352431, 47.91912289]}, "geometry_name": "geom", "properties": {"guid": 6505, "id": 6505, "object_no": null, "object_name": null, "layer_type_id": 223, "valid_to": null, "address_no": null, "border_type": "solid", "border_width": null, "border_color": null, "border_opacity": null, "border_wellknown": "shape://horizline", "fill_type": "img", "fill_color": null, "fill_opacity": null, "fill_wellknown": null, "fill_shape_color": null, "fill_shape_width": null, "fill_shape_size": null, "fill_img_url": null, "marker_img_url": "marker_img_url/642ff5f49dcdd.png"}},{"type": "Feature", "id": "layer_data_map.fid--27e80436_1a098b908f8_7c74", "geometry": {"type": "Point", "coordinates": [106.90626637, 47.91693778]}, "geometry_name": "geom", "properties": {"guid": 6506, "id": 6506, "object_no": null, "object_name": null, "layer_type_id": 223, "valid_to": null, "address_no": null, "border_type": "solid", "border_width": null, "border_color": null, "border_opacity": null, "border_wellknown": "shape://horizline", "fill_type": "img", "fill_color": null, "fill_opacity": null, "fill_wellknown": null, "fill_shape_color": null, "fill_shape_width": null, "fill_shape_size": null, "fill_img_url": null, "marker_img_url": "marker_img_url/642ff5f49dcdd.png"}},{"type": "Feature", "id": "layer_data_map.fid--27e80436_1a098b908f8_7c75", "geometry": {"type": "Point", "coordinates": [106.90469715, 47.92322619]}, "geometry_name": "geom", "properties": {"guid": 6507, "id": 6507, "object_no": null, "object_name": null, "layer_type_id": 223, "valid_to": null, "address_no": null, "border_type": "solid", "border_width": null, "border_color": null, "border_opacity": null, "border_wellknown": "shape://horizline", "fill_type": "img", "fill_color": null, "fill_opacity": null, "fill_wellknown": null, "fill_shape_color": null, "fill_shape_width": null, "fill_shape_size": null, "fill_img_url": null, "marker_img_url": "marker_img_url/642ff5f49dcdd.png"}},{"type": "Feature", "id": "layer_data_map.fid--27e80436_1a098b908f8_7c76", "geometry": {"type": "Point", "coordinates": [106.89560828, 47.91547249]}, "geometry_name": "geom", "properties": {"guid": 6508, "id": 6508, "object_no": null, "object_name": null, "layer_type_id": 223, "valid_to": null, "address_no": null, "border_type": "solid", "border_width": null, "border_color": null, "border_opacity": null, "border_wellknown": "shape://horizline", "fill_type": "img", "fill_color": null, "fill_opacity": null, "fill_wellknown": null, "fill_shape_color": null, "fill_shape_width": null, "fill_shape_size": null, "fill_img_url": null, "marker_img_url": "marker_img_url/642ff5f49dcdd.png"}},{"type": "Feature", "id": "layer_data_map.fid--27e80436_1a098b908f8_7c77", "geometry": {"type": "Point", "coordinates": [106.91804816, 47.96945199]}, "geometry_name": "geom", "properties": {"guid": 6509, "id": 6509, "object_no": null, "object_name": null, "layer_type_id": 223, "valid_to": null, "address_no": null, "border_type": "solid", "border_width": null, "border_color": null, "border_opacity": null, "border_wellknown": "shape://horizline", "fill_type": "img", "fill_color": null, "fill_opacity": null, "fill_wellknown": null, "fill_shape_color": null, "fill_shape_width": null, "fill_shape_size": null, "fill_img_url": null, "marker_img_url": "marker_img_url/642ff5f49dcdd.png"}},{"type": "Feature", "id": "layer_data_map.fid--27e80436_1a098b908f8_7c78", "geometry": {"type": "Point", "coordinates": [106.91357757, 47.94801179]}, "geometry_name": "geom", "properties": {"guid": 6510, "id": 6510, "object_no": null, "object_name": null, "layer_type_id": 223, "valid_to": null, "address_no": null, "border_type": "solid", "border_width": null, "border_color": null, "border_opacity": null, "border_wellknown": "shape://horizline", "fill_type": "img", "fill_color": null, "fill_opacity": null, "fill_wellknown": null, "fill_shape_color": null, "fill_shape_width": null, "fill_shape_size": null, "fill_img_url": null, "marker_img_url": "marker_img_url/642ff5f49dcdd.png"}},{"type": "Feature", "id": "layer_data_map.fid--27e80436_1a098b908f8_7c79", "geometry": {"type": "Point", "coordinates": [106.9323497, 47.94160047]}, "geometry_name": "geom", "properties": {"guid": 6511, "id": 6511, "object_no": null, "object_name": null, "layer_type_id": 223, "valid_to": null, "address_no": null, "border_type": "solid", "border_width": null, "border_color": null, "border_opacity": null, "border_wellknown": "shape://horizline", "fill_type": "img", "fill_color": null, "fill_opacity": null, "fill_wellknown": null, "fill_shape_color": null, "fill_shape_width": null, "fill_shape_size": null, "fill_img_url": null, "marker_img_url": "marker_img_url/642ff5f49dcdd.png"}},{"type": "Feature", "id": "layer_data_map.fid--27e80436_1a098b908f8_7c7a", "geometry": {"type": "Point", "coordinates": [106.91061142, 47.92170745]}, "geometry_name": "geom", "properties": {"guid": 6512, "id": 6512, "object_no": null, "object_name": null, "layer_type_id": 223, "valid_to": null, "address_no": null, "border_type": "solid", "border_width": null, "border_color": null, "border_opacity": null, "border_wellknown": "shape://horizline", "fill_type": "img", "fill_color": null, "fill_opacity": null, "fill_wellknown": null, "fill_shape_color": null, "fill_shape_width": null, "fill_shape_size": null, "fill_img_url": null, "marker_img_url": "marker_img_url/642ff5f49dcdd.png"}},{"type": "Feature", "id": "layer_data_map.fid--27e80436_1a098b908f8_7c7b", "geometry": {"type": "Point", "coordinates": [106.91049949, 47.9224378]}, "geometry_name": "geom", "properties": {"guid": 6513, "id": 6513, "object_no": null, "object_name": null, "layer_type_id": 223, "valid_to": null, "address_no": null, "border_type": "solid", "border_width": null, "border_color": null, "border_opacity": null, "border_wellknown": "shape://horizline", "fill_type": "img", "fill_color": null, "fill_opacity": null, "fill_wellknown": null, "fill_shape_color": null, "fill_shape_width": null, "fill_shape_size": null, "fill_img_url": null, "marker_img_url": "marker_img_url/642ff5f49dcdd.png"}}]}