{"type":"FeatureCollection","features":[{"type": "Feature", "id": "layer_data_map.fid--27e80436_1a098b908f8_-5b44", "geometry": {"type": "Polygon", "coordinates": [[[107.4285, 47.43263889], [107.48858333, 47.43622222], [107.55383333, 47.33088889], [107.41786111, 47.30219444], [107.40313889, 47.321], [107.347, 47.39752778], [107.35686111, 47.42422222], [107.40166667, 47.44011111], [107.4285, 47.43263889]]]}, "geometry_name": "geom", "properties": {"guid": 124746, "id": 124746, "object_no": "19", "object_name": "Багахангай", "layer_type_id": 252, "valid_to": null, "address_no": null, "border_type": "solid", "border_width": null, "border_color": "#cc6666", "border_opacity": null, "border_wellknown": "shape://horizline", "fill_type": "color", "fill_color": "#bcbcbc", "fill_opacity": 0, "fill_wellknown": null, "fill_shape_color": null, "fill_shape_width": null, "fill_shape_size": null, "fill_img_url": null, "marker_img_url": null}},{"type": "Feature", "id": "layer_data_map.fid--27e80436_1a098b908f8_-5b43", "geometry": {"type": "Polygon", "coordinates": [[[107.03194347, 48.08154791], [107.02892604, 48.08512844], [107.02823073, 48.0908724], [107.02551818, 48.09828904], [107.02516667, 48.09925], [107.00152778, 48.13041667], [106.96869444, 48.19966667], [106.99608333, 48.21111111], [107.03113889, 48.18675], [107.05197222, 48.18986111], [107.08213889, 48.20833333], [107.08994444, 48.19933333], [107.11336111, 48.17452778], [107.16136111, 48.16277778], [107.19794444, 48.14161111], [107.22305555, 48.13563889], [107.25280555, 48.10927778], [107.29583333, 48.07697222], [107.32194444, 48.05908333], [107.34475, 48.03572222], [107.37247222, 47.99030556], [107.36525, 47.96269444], [107.41119444, 47.94325], [107.38425, 47.91363889], [107.37191667, 47.90197222], [107.36352778, 47.87919444], [107.31813889, 47.85975], [107.29244444, 47.80225], [107.25753146, 47.81003632], [107.232, 47.81572222], [107.22025, 47.78011111], [107.22741667, 47.76130556], [107.21663889, 47.72522222], [107.18186111, 47.747], [107.11961111, 47.72375], [107.04011111, 47.72147222], [107.03252778, 47.73544444], [106.9635, 47.74366667], [106.94680556, 47.76080556], [106.94138889, 47.78594444], [106.94586111, 47.7995], [106.92194444, 47.81233333], [106.94711111, 47.8465], [106.95622222, 47.86355555], [106.95175, 47.87658333], [106.93977451, 47.88611766], [106.93925, 47.88775], [106.93902687, 47.88864083], [106.93885692, 47.88918886], [106.93864459, 47.88987357], [106.93840594, 47.89047099], [106.93816261, 47.89094313], [106.93790468, 47.89135701], [106.93756711, 47.89180149], [106.93662621, 47.89289551], [106.93449036, 47.89543883], [106.93277302, 47.89746749], [106.93131211, 47.89919898], [106.92978236, 47.90100907], [106.92927014, 47.9016069], [106.92883725, 47.90216578], [106.92855683, 47.90264688], [106.92840372, 47.90304226], [106.92833897, 47.90330662], [106.92822704, 47.90385269], [106.92816536, 47.90415366], [106.92802791, 47.90497084], [106.92794188, 47.90533166], [106.92781687, 47.90564717], [106.92770118, 47.90587895], [106.92757245, 47.90609423], [106.92727778, 47.90641667], [106.92755998, 47.90643449], [106.92784237, 47.90645034], [106.92812496, 47.9064642], [106.92840775, 47.90647608], [106.92859167, 47.90648274], [106.92866906, 47.90648238], [106.92874625, 47.90648015], [106.92888609, 47.9064713], [106.92903112, 47.90647211], [106.92921492, 47.90647552], [106.92930274, 47.9064803], [106.92952021, 47.90649639], [106.92966775, 47.90650516], [106.92975751, 47.90650865], [106.92995085, 47.90650865], [106.93008611, 47.90650638], [106.93016749, 47.90650597], [106.93021665, 47.90650743], [106.93027614, 47.90651241], [106.93034768, 47.90652148], [106.93050829, 47.90655128], [106.93059261, 47.90656316], [106.93066855, 47.90657133], [106.9307945, 47.90657896], [106.93091954, 47.90657994], [106.93109882, 47.90657384], [106.93127248, 47.90656442], [106.93137972, 47.90656134], [106.93142694, 47.90655857], [106.93146822, 47.90655391], [106.93159045, 47.90653632], [106.93167236, 47.90652886], [106.93175432, 47.90652381], [106.93183147, 47.90652143], [106.93192339, 47.90652097], [106.93208304, 47.90652478], [106.93218335, 47.90652803], [106.93224281, 47.90653184], [106.93230463, 47.90653831], [106.93235934, 47.90654613], [106.93246163, 47.90656716], [106.93253964, 47.90658534], [106.93258787, 47.9066029], [106.93262804, 47.90662286], [106.93265132, 47.90663791], [106.93267273, 47.9066546], [106.93269922, 47.90668315], [106.93273372, 47.90673482], [106.93275949, 47.90677409], [106.9327749, 47.90680238], [106.93279652, 47.90686376], [106.93280768, 47.90690396], [106.93281368, 47.90693497], [106.93281564, 47.90697009], [106.93281272, 47.90703899], [106.93281115, 47.90712676], [106.93281684, 47.90727941], [106.9328183, 47.90744838], [106.93281591, 47.90751504], [106.93281119, 47.90764675], [106.93280853, 47.90770529], [106.93280311, 47.90773182], [106.93279585, 47.90775425], [106.93276869, 47.90780346], [106.93272763, 47.90786915], [106.93268936, 47.90794048], [106.93266025, 47.90800678], [106.93263807, 47.90807239], [106.9326217, 47.90813901], [106.93259359, 47.90818614], [106.93255737, 47.90822951], [106.93253632, 47.90824887], [106.93250983, 47.90826906], [106.93241608, 47.90832939], [106.93231793, 47.90838983], [106.93219846, 47.90845655], [106.93213537, 47.90848855], [106.9319936, 47.90855556], [106.93193737, 47.90858444], [106.93181431, 47.90865476], [106.93170584, 47.90871912], [106.93164428, 47.90876162], [106.93161061, 47.90879056], [106.9315275, 47.90887083], [106.93138198, 47.90898703], [106.93126256, 47.90908263], [106.9312302, 47.909112], [106.93120397, 47.90913952], [106.9311635, 47.90918418], [106.9311541, 47.90919854], [106.93114866, 47.90921195], [106.93114577, 47.90922771], [106.93114553, 47.90924397], [106.93113816, 47.90931937], [106.93113876, 47.90946561], [106.93113439, 47.90952541], [106.93112802, 47.90956654], [106.93111504, 47.90961538], [106.93109771, 47.90966129], [106.9310811, 47.90969344], [106.93103865, 47.90976303], [106.93097812, 47.9098741], [106.93093033, 47.9099696], [106.93088728, 47.91006709], [106.93082828, 47.91021506], [106.93074472, 47.91043746], [106.93063929, 47.91072198], [106.93057359, 47.91090508], [106.93053644, 47.91100404], [106.93052118, 47.91105546], [106.93050548, 47.91115322], [106.93049027, 47.91126398], [106.93048838, 47.91132297], [106.93049087, 47.91141021], [106.93050138, 47.91156278], [106.93050029, 47.91162451], [106.93049619, 47.91168312], [106.93048511, 47.91175631], [106.93045562, 47.91189179], [106.93038123, 47.91223104], [106.93034823, 47.91241367], [106.93032193, 47.91258628], [106.93029924, 47.9127728], [106.93029723, 47.91279509], [106.93028257, 47.91295743], [106.93027429, 47.91315609], [106.93026856, 47.91323066], [106.93025346, 47.91334466], [106.93024075, 47.91342121], [106.93022919, 47.91347182], [106.93021145, 47.91353399], [106.93019429, 47.91357315], [106.93017545, 47.91360201], [106.93014368, 47.91364225], [106.93009935, 47.91369299], [106.93005068, 47.91374131], [106.92999849, 47.91378398], [106.92998039, 47.91380099], [106.92995812, 47.91382803], [106.92993437, 47.91386351], [106.92991689, 47.91389522], [106.92989391, 47.91394544], [106.92987099, 47.91400013], [106.92984991, 47.91405881], [106.9298303, 47.91412246], [106.9298113, 47.91419383], [106.92979857, 47.91425344], [106.92977507, 47.91438943], [106.92975466, 47.91449052], [106.92974391, 47.91459145], [106.92974174, 47.91466298], [106.92974862, 47.91471812], [106.92975839, 47.91476461], [106.92977133, 47.91480873], [106.92978786, 47.91485099], [106.9298136, 47.91490552], [106.92984465, 47.91496049], [106.92991489, 47.91506654], [106.92994212, 47.91511135], [106.92997073, 47.91516076], [106.92998367, 47.91518866], [106.92999337, 47.91522552], [106.93000203, 47.91529234], [106.93001343, 47.91537283], [106.93001664, 47.91542535], [106.9300142, 47.91546665], [106.93000227, 47.91555883], [106.92999397, 47.91566857], [106.92998718, 47.91580283], [106.92998205, 47.91600319], [106.9299832, 47.91621564], [106.9299925, 47.91646573], [106.92999605, 47.91660892], [106.92999118, 47.91668999], [106.92998329, 47.91673748], [106.92996678, 47.9168139], [106.92995037, 47.91689325], [106.92993755, 47.91693789], [106.92991883, 47.91698286], [106.9298838, 47.91705254], [106.92979768, 47.91720673], [106.92974816, 47.91730506], [106.92970806, 47.91739674], [106.92968209, 47.91747842], [106.92966909, 47.91752184], [106.92966468, 47.91754656], [106.92966378, 47.91757373], [106.92966649, 47.91759528], [106.92967211, 47.9176117], [106.92968633, 47.91764125], [106.92970599, 47.91768236], [106.92972937, 47.91772584], [106.92973533, 47.91774529], [106.92973797, 47.91776226], [106.92973658, 47.91778283], [106.929729, 47.91781359], [106.92971799, 47.9178447], [106.92969232, 47.91789952], [106.92965905, 47.91797463], [106.92963506, 47.91801748], [106.92958621, 47.91807741], [106.92957274, 47.91809653], [106.9295574, 47.9181242], [106.92954574, 47.9181506], [106.92953513, 47.91818963], [106.92952762, 47.91824841], [106.92952427, 47.91835327], [106.92952228, 47.91849468], [106.92952265, 47.9185462], [106.92952527, 47.91857506], [106.92953257, 47.91861373], [106.92954221, 47.91864059], [106.92955502, 47.91866135], [106.92958424, 47.91869838], [106.92963071, 47.91875817], [106.92967167, 47.9188066], [106.92971881, 47.91885588], [106.92981472, 47.918948], [106.92999884, 47.91913293], [106.93005322, 47.91918391], [106.93010435, 47.91922831], [106.93015856, 47.91927044], [106.93028601, 47.9193621], [106.93033936, 47.91940473], [106.93039495, 47.91945572], [106.93049355, 47.91955326], [106.93058064, 47.91963687], [106.93062528, 47.91968267], [106.93066988, 47.91973387], [106.93073916, 47.91981969], [106.93079576, 47.9198892], [106.93082668, 47.91993034], [106.93087669, 47.92000749], [106.93098143, 47.92019098], [106.93102789, 47.92026658], [106.93104729, 47.92030443], [106.93106041, 47.92033656], [106.9310675, 47.92036015], [106.9310716, 47.92038495], [106.93107303, 47.92041124], [106.93107063, 47.92043972], [106.93106134, 47.920487], [106.93104893, 47.92054327], [106.93105047, 47.92058468], [106.93105614, 47.92060605], [106.93107077, 47.92064284], [106.93111497, 47.92074244], [106.93116794, 47.92084368], [106.93128579, 47.92104506], [106.93143075, 47.92130261], [106.93150576, 47.92145175], [106.93152764, 47.92148906], [106.93155011, 47.9215216], [106.9316058, 47.92158891], [106.93164687, 47.92163825], [106.93166669, 47.92166588], [106.93168279, 47.92169499], [106.93170329, 47.92174001], [106.93172891, 47.92180334], [106.93175174, 47.92187245], [106.93177325, 47.92196294], [106.93179391, 47.92209598], [106.93180704, 47.92220955], [106.93181833, 47.92236207], [106.93182521, 47.92249664], [106.93182813, 47.92262514], [106.9318301, 47.92269925], [106.93182753, 47.9227389], [106.93181855, 47.92278301], [106.93180216, 47.92283683], [106.93178834, 47.92287037], [106.93175178, 47.92294333], [106.9317396, 47.92297437], [106.93172555, 47.92302828], [106.93171496, 47.92309179], [106.93170844, 47.92317639], [106.93170735, 47.92324878], [106.93171013, 47.92331448], [106.93171686, 47.92337555], [106.93172766, 47.92343281], [106.93174329, 47.92349238], [106.93176077, 47.92354275], [106.93178287, 47.92359668], [106.93180269, 47.9236298], [106.93184799, 47.92367778], [106.93188471, 47.92372009], [106.93190381, 47.92374834], [106.93191252, 47.92376837], [106.93191859, 47.92379152], [106.93192773, 47.92387144], [106.93193802, 47.92397155], [106.93193995, 47.92406948], [106.93193594, 47.92413766], [106.9319263, 47.92422245], [106.93191282, 47.92431631], [106.93189841, 47.92438217], [106.93186944, 47.92446777], [106.93182328, 47.92457193], [106.93180257, 47.92461132], [106.93175202, 47.92469799], [106.93173268, 47.92473595], [106.93170092, 47.9248104], [106.93167978, 47.92487333], [106.93165924, 47.92497118], [106.93164563, 47.92505311], [106.93164028, 47.92511124], [106.93164037, 47.92516133], [106.93164452, 47.92522492], [106.93165059, 47.92528537], [106.93165817, 47.92533194], [106.93167133, 47.92538805], [106.93168609, 47.92543222], [106.93170704, 47.92547778], [106.93173296, 47.92552242], [106.93176144, 47.92556356], [106.9317889, 47.92559623], [106.93184895, 47.92565047], [106.93187308, 47.92567941], [106.93188966, 47.92570503], [106.93190136, 47.92573303], [106.93191153, 47.92577291], [106.93191779, 47.92581495], [106.93191999, 47.92587027], [106.93191819, 47.92591127], [106.93191177, 47.92595693], [106.93187591, 47.92611475], [106.93185502, 47.92622418], [106.93183871, 47.92628438], [106.93180332, 47.92637272], [106.93178834, 47.92641667], [106.93178182, 47.92644458], [106.93178039, 47.92647493], [106.93178545, 47.92654202], [106.93178622, 47.92660401], [106.93178437, 47.92664278], [106.93177265, 47.92671773], [106.93176399, 47.9267535], [106.9317555, 47.92677651], [106.93174054, 47.92680177], [106.9317096, 47.92684229], [106.93168255, 47.92687393], [106.93167263, 47.92688841], [106.93166221, 47.92691477], [106.9316556, 47.92695044], [106.93165462, 47.926977], [106.93165838, 47.92702514], [106.93166102, 47.92708558], [106.93166672, 47.92711925], [106.9316772, 47.92714854], [106.9316985, 47.92719346], [106.93174006, 47.92727076], [106.93175414, 47.927308], [106.93176193, 47.92733864], [106.93176451, 47.92736457], [106.93176448, 47.92740685], [106.93176444, 47.92744713], [106.93176206, 47.92747189], [106.93175467, 47.92750166], [106.93174044, 47.9275405], [106.93170903, 47.92760603], [106.93170181, 47.92763994], [106.9316978, 47.92769396], [106.93169728, 47.92774909], [106.93170361, 47.92784986], [106.93170713, 47.92796607], [106.9317151, 47.92802841], [106.93173202, 47.92809313], [106.93174088, 47.92812468], [106.93174833, 47.9281416], [106.93176767, 47.92816585], [106.93180862, 47.92820234], [106.93186347, 47.92824691], [106.93188011, 47.92826538], [106.93188884, 47.92827898], [106.93189288, 47.92829273], [106.93189512, 47.92831788], [106.93189742, 47.92837959], [106.93189219, 47.92842626], [106.93187749, 47.92849367], [106.93186387, 47.92854342], [106.93183437, 47.92863414], [106.93179101, 47.92876812], [106.93177292, 47.92883608], [106.93176613, 47.92887903], [106.93176574, 47.9289082], [106.93176939, 47.92896673], [106.93177389, 47.92903608], [106.93177327, 47.92907066], [106.93176734, 47.9291132], [106.93175708, 47.92915543], [106.93174557, 47.92918914], [106.93173063, 47.92922412], [106.93169438, 47.92928973], [106.93166651, 47.92932609], [106.93165766, 47.92934235], [106.93165359, 47.92936488], [106.93165513, 47.92940414], [106.93165748, 47.9294399], [106.93166262, 47.92947551], [106.93167217, 47.92951722], [106.93168498, 47.92955638], [106.93170808, 47.92960774], [106.93173705, 47.92965625], [106.93175595, 47.92968052], [106.93180373, 47.92973212], [106.93182296, 47.92975556], [106.93185866, 47.92980678], [106.93187951, 47.9298456], [106.931892, 47.92988159], [106.93190186, 47.92992647], [106.93190613, 47.92996931], [106.93190634, 47.93004665], [106.93190747, 47.93015914], [106.93190369, 47.93023519], [106.93188849, 47.93033894], [106.93185912, 47.93046668], [106.93182636, 47.93058459], [106.93179426, 47.93067251], [106.93177161, 47.93072665], [106.93175391, 47.93075769], [106.93172668, 47.93079151], [106.9316935, 47.93082371], [106.9316653, 47.93084487], [106.93159915, 47.93088704], [106.9315222, 47.9309391], [106.93148135, 47.93097027], [106.93144251, 47.93100581], [106.93139739, 47.93105293], [106.93135, 47.93110725], [106.93131415, 47.93115508], [106.93128065, 47.93121117], [106.93124637, 47.93128297], [106.9312232, 47.93134085], [106.93120252, 47.93140395], [106.93118271, 47.93147669], [106.93117341, 47.93153119], [106.9311716, 47.93161247], [106.93117373, 47.93175144], [106.93118321, 47.93192426], [106.93120026, 47.93212222], [106.93122757, 47.93233626], [106.93123191, 47.93241388], [106.93123398, 47.93250839], [106.93123326, 47.9326189], [106.93122651, 47.93268854], [106.93121442, 47.93276222], [106.93119511, 47.93283956], [106.93115003, 47.93298104], [106.93109039, 47.93317407], [106.93104602, 47.93330454], [106.93098476, 47.93346493], [106.93092206, 47.93361211], [106.93087014, 47.93372637], [106.9308323, 47.93379887], [106.93078716, 47.9338749], [106.93075002, 47.933927], [106.9307079, 47.93397476], [106.93065228, 47.93402939], [106.93056323, 47.93410564], [106.93049339, 47.93417831], [106.93045693, 47.93422008], [106.93043322, 47.93425082], [106.93040204, 47.93430367], [106.93036569, 47.9343852], [106.93033241, 47.934472], [106.93030467, 47.93456497], [106.93028774, 47.93463854], [106.93027616, 47.93470845], [106.93026687, 47.93479225], [106.93026698, 47.9348516], [106.93027325, 47.93489362], [106.93029067, 47.9349682], [106.93034167, 47.93516883], [106.93038058, 47.93530468], [106.93040475, 47.93543427], [106.93042541, 47.93559966], [106.93043626, 47.93567117], [106.93043907, 47.93570668], [106.93043708, 47.9357532], [106.93042868, 47.93581735], [106.93041604, 47.93588743], [106.93039981, 47.93595109], [106.93037482, 47.93602525], [106.93034689, 47.93608847], [106.93031653, 47.93614424], [106.93028769, 47.93618696], [106.9302647, 47.9362138], [106.93023541, 47.93624238], [106.93012396, 47.93633596], [106.92998705, 47.93644707], [106.92993631, 47.93649187], [106.92987783, 47.93655015], [106.92982926, 47.93660416], [106.92978154, 47.93666447], [106.92974178, 47.93672263], [106.92970817, 47.93678189], [106.92967412, 47.93685376], [106.92964349, 47.93693096], [106.9296172, 47.93701396], [106.92959901, 47.93707971], [106.9295922, 47.93712163], [106.92959134, 47.93716302], [106.92959522, 47.93720283], [106.92960277, 47.93723426], [106.92962277, 47.93729336], [106.92966095, 47.93740972], [106.92967348, 47.93747129], [106.92968609, 47.93756529], [106.92970338, 47.93776975], [106.92972346, 47.93795111], [106.92972791, 47.93803908], [106.92972456, 47.93812129], [106.92971184, 47.93825709], [106.92970045, 47.93837787], [106.92969022, 47.9384557], [106.92967767, 47.93852264], [106.92964914, 47.93865138], [106.92962853, 47.93876687], [106.92961204, 47.93882425], [106.92958818, 47.93888016], [106.92956262, 47.93892583], [106.92954338, 47.93895286], [106.92951952, 47.93898148], [106.92945121, 47.9390512], [106.92940606, 47.93908966], [106.92929816, 47.93916939], [106.9292586, 47.93920393], [106.92920789, 47.93925673], [106.92917039, 47.93930291], [106.92914638, 47.93933973], [106.92911577, 47.93939483], [106.92907761, 47.93947016], [106.92904858, 47.93953895], [106.92903354, 47.93958388], [106.92902025, 47.93963366], [106.92899421, 47.93976736], [106.92898496, 47.93983714], [106.92897368, 47.93998797], [106.92896617, 47.94005382], [106.92894636, 47.94017115], [106.92891421, 47.94034719], [106.92888966, 47.94045967], [106.92886421, 47.94056311], [106.92883723, 47.94066015], [106.92880836, 47.94075196], [106.92876163, 47.9408774], [106.92865779, 47.94112498], [106.92856045, 47.94135861], [106.92851604, 47.9414751], [106.92847784, 47.94159101], [106.92842964, 47.94175279], [106.92839279, 47.94190091], [106.92836994, 47.94196829], [106.9283368, 47.94204371], [106.92832229, 47.9420699], [106.92830686, 47.94209285], [106.92828505, 47.9421201], [106.92826125, 47.94214594], [106.92823579, 47.94216999], [106.92820897, 47.94219199], [106.92817751, 47.94221442], [106.92814456, 47.94223495], [106.92811072, 47.94225321], [106.9280764, 47.94226896], [106.92804529, 47.94228084], [106.92801018, 47.94229204], [106.92792329, 47.94231378], [106.92784318, 47.94232834], [106.92775012, 47.94233944], [106.9276844, 47.94234245], [106.92754035, 47.94234097], [106.92748426, 47.9423439], [106.92742697, 47.94234936], [106.92739278, 47.94235519], [106.92735433, 47.94236597], [106.92732111, 47.94237914], [106.92730159, 47.94238969], [106.92728217, 47.94240287], [106.92724111, 47.94243898], [106.92720808, 47.94247831], [106.92718141, 47.94252448], [106.9271734, 47.94254509], [106.92716746, 47.94256869], [106.927157, 47.94264839], [106.9271511, 47.94270135], [106.92714853, 47.94276059], [106.92715204, 47.94295014], [106.92715131, 47.94301572], [106.92714474, 47.94317396], [106.92713692, 47.94327921], [106.92713134, 47.94336017], [106.92712217, 47.94340295], [106.92710215, 47.94345116], [106.9270771, 47.94349146], [106.92705129, 47.94352008], [106.92700241, 47.94356421], [106.92695064, 47.9436078], [106.92685364, 47.94368262], [106.92656661, 47.94389868], [106.92640106, 47.94403312], [106.92624111, 47.94417074], [106.92616785, 47.94423745], [106.92608834, 47.94430036], [106.9260229, 47.94434578], [106.92593964, 47.94439815], [106.9257492, 47.94450369], [106.92559512, 47.94459804], [106.92554892, 47.94462705], [106.92546164, 47.94468145], [106.92533315, 47.94475772], [106.92514322, 47.94487276], [106.92505338, 47.94492515], [106.92495156, 47.94498312], [106.92488927, 47.94501481], [106.92478453, 47.94505892], [106.92469939, 47.94510005], [106.9246591, 47.94512355], [106.92463009, 47.94514357], [106.92459335, 47.94517629], [106.92456177, 47.94521353], [106.92454441, 47.94524057], [106.9245285, 47.94527233], [106.92451687, 47.94530069], [106.92451068, 47.94532292], [106.92450897, 47.94534963], [106.92451353, 47.94539963], [106.92452043, 47.9454712], [106.92454146, 47.94562151], [106.92455091, 47.94571929], [106.92455868, 47.94576681], [106.92458093, 47.94584685], [106.92461182, 47.94592473], [106.92463198, 47.94596654], [106.92465001, 47.94599821], [106.92466852, 47.9460268], [106.92468328, 47.9460453], [106.92470605, 47.94606582], [106.92475631, 47.94610231], [106.92492505, 47.94622921], [106.92499026, 47.94627459], [106.92505179, 47.9463144], [106.925186, 47.946394], [106.9252448, 47.94642548], [106.92530122, 47.94645316], [106.92544532, 47.94651427], [106.92560144, 47.94658047], [106.92581966, 47.94667058], [106.92587878, 47.94669744], [106.92592981, 47.94672319], [106.92602118, 47.94677576], [106.92612333, 47.94684171], [106.92620842, 47.94690067], [106.9262691, 47.94694779], [106.9263071, 47.94698131], [106.92634474, 47.94701782], [106.92642059, 47.94710142], [106.92646913, 47.94716338], [106.9265202, 47.94723739], [106.92655372, 47.94729068], [106.9265832, 47.94734221], [106.92662518, 47.94741959], [106.92663598, 47.94744507], [106.92664304, 47.94746827], [106.92664896, 47.94751525], [106.92664737, 47.94758466], [106.92664156, 47.94764697], [106.92662876, 47.94771997], [106.92661469, 47.94777985], [106.92659765, 47.94783696], [106.92658647, 47.94787586], [106.92657619, 47.94789555], [106.92655457, 47.94791863], [106.92652658, 47.94793873], [106.9265051, 47.94794952], [106.92647618, 47.94796076], [106.92643604, 47.94797203], [106.92637459, 47.94798364], [106.92632539, 47.9479902], [106.92626941, 47.94799365], [106.92604403, 47.94799448], [106.92583436, 47.94800244], [106.92571368, 47.9480106], [106.9256388, 47.94801711], [106.92559595, 47.94802317], [106.92555912, 47.94803134], [106.92550617, 47.94804585], [106.92543166, 47.94806861], [106.92536773, 47.94809747], [106.92530401, 47.94813229], [106.92527452, 47.94815251], [106.92524074, 47.94817901], [106.92518928, 47.94822553], [106.92516578, 47.94825259], [106.92514128, 47.9482859], [106.92512199, 47.94831663], [106.92509964, 47.94835806], [106.92507543, 47.94841042], [106.92504537, 47.94848801], [106.92502302, 47.94854804], [106.92501066, 47.94858786], [106.92499803, 47.94864564], [106.92499427, 47.94870327], [106.9249981, 47.94880644], [106.92500589, 47.94890908], [106.92501654, 47.9489848], [106.92502732, 47.94903624], [106.92504673, 47.94908157], [106.92506273, 47.94910748], [106.92508734, 47.94914045], [106.92512103, 47.94918177], [106.92514898, 47.9492089], [106.92517744, 47.9492299], [106.92521565, 47.94925344], [106.92526359, 47.94927802], [106.92533591, 47.949309], [106.92540015, 47.94933457], [106.92545278, 47.9493527], [106.92549615, 47.94936576], [106.92552742, 47.94937328], [106.92558981, 47.94938216], [106.92562263, 47.94938349], [106.92568143, 47.94938261], [106.92575106, 47.94938066], [106.92596169, 47.94936997], [106.92611302, 47.94944547], [106.92618731, 47.94951584], [106.92630631, 47.94954191], [106.92639908, 47.9494968], [106.92659181, 47.94952774], [106.92677741, 47.94961816], [106.92682024, 47.94971095], [106.92677493, 47.94977572], [106.92674354, 47.94981346], [106.9266875, 47.94989579], [106.92664571, 47.94996399], [106.92662407, 47.95001795], [106.92660857, 47.95007777], [106.92660473, 47.95013342], [106.92660997, 47.95019488], [106.92662458, 47.95027007], [106.92664055, 47.95032136], [106.92666415, 47.95038058], [106.92668647, 47.95043007], [106.92670572, 47.95046525], [106.9267279, 47.95049884], [106.92674935, 47.95052606], [106.92677745, 47.95055651], [106.92680147, 47.9505768], [106.92684378, 47.9506019], [106.92687224, 47.95061445], [106.92690676, 47.95062665], [106.92693879, 47.95063567], [106.92698133, 47.95064525], [106.92706756, 47.95065968], [106.92715084, 47.95067417], [106.92719335, 47.95068563], [106.92726742, 47.95070993], [106.92741405, 47.95075908], [106.92748307, 47.95078668], [106.92751594, 47.95079708], [106.92757249, 47.95080804], [106.92762588, 47.9508131], [106.92767313, 47.95081231], [106.92769462, 47.95080919], [106.92774061, 47.95079926], [106.92781991, 47.95078602], [106.92788052, 47.95077856], [106.92793471, 47.95077416], [106.92798953, 47.95077201], [106.92803513, 47.95077248], [106.92808244, 47.95077593], [106.92813598, 47.9507827], [106.92819616, 47.95079392], [106.92827899, 47.95081404], [106.92839142, 47.95084611], [106.92851223, 47.95088755], [106.92859968, 47.95092167], [106.9286833, 47.95095813], [106.92874386, 47.9509873], [106.92880977, 47.95102152], [106.92887918, 47.95106006], [106.92892451, 47.95108709], [106.92896401, 47.9511162], [106.92899018, 47.95113935], [106.92902529, 47.95117473], [106.92906814, 47.95122087], [106.92910245, 47.95126277], [106.92915886, 47.95134917], [106.92922789, 47.9514572], [106.92927115, 47.95152264], [106.92929966, 47.95155923], [106.92932452, 47.95158503], [106.9293763, 47.95163338], [106.92943759, 47.9516919], [106.92950448, 47.9517424], [106.92954852, 47.95177193], [106.92958924, 47.95179656], [106.92962302, 47.95181427], [106.92970664, 47.95185414], [106.92980912, 47.95190801], [106.9298786, 47.95194853], [106.92991273, 47.95197381], [106.92994867, 47.95200492], [106.92998194, 47.95203549], [106.92999785, 47.95205571], [106.93000563, 47.95207191], [106.93001091, 47.95208924], [106.93001239, 47.95212892], [106.93001148, 47.95215871], [106.93000833, 47.95217862], [106.92999962, 47.95220203], [106.92998094, 47.95223665], [106.92996551, 47.95226075], [106.92991073, 47.95233511], [106.92988304, 47.9523852], [106.929864, 47.9524292], [106.92985093, 47.95247508], [106.92984119, 47.95253083], [106.92983595, 47.95255796], [106.92983092, 47.95257269], [106.92981136, 47.9526028], [106.92979369, 47.95262033], [106.92975406, 47.95265141], [106.92967608, 47.95271477], [106.92960765, 47.95276703], [106.92953689, 47.95281757], [106.92946936, 47.95286266], [106.92938797, 47.95291483], [106.92933351, 47.95294435], [106.92926968, 47.95297211], [106.92921116, 47.95299207], [106.92914965, 47.95300791], [106.92909975, 47.95301578], [106.92905572, 47.95301845], [106.92902001, 47.95301712], [106.92899029, 47.95301227], [106.92895149, 47.95300239], [106.92891032, 47.95298895], [106.92886458, 47.9529701], [106.92882799, 47.95295306], [106.92880433, 47.95293935], [106.92878634, 47.95292425], [106.928746, 47.95288077], [106.92871432, 47.95285535], [106.92867608, 47.95282834], [106.92862608, 47.95279715], [106.92859395, 47.9527806], [106.92856733, 47.95276948], [106.92853773, 47.95276012], [106.92850903, 47.9527536], [106.92848257, 47.95274998], [106.9284511, 47.95274783], [106.92838841, 47.95274888], [106.92834288, 47.95275215], [106.92830841, 47.95275697], [106.9282736, 47.95276561], [106.92821907, 47.95278376], [106.92813243, 47.95281555], [106.92807569, 47.95284179], [106.92805203, 47.95285615], [106.92803407, 47.95286946], [106.92801573, 47.95288539], [106.92800422, 47.95290268], [106.928001, 47.95291726], [106.92800218, 47.95294318], [106.92800379, 47.95295977], [106.92801157, 47.95300492], [106.92801413, 47.95307392], [106.92801492, 47.95311347], [106.92801289, 47.95313584], [106.92799704, 47.9531861], [106.92799085, 47.95322449], [106.92798934, 47.95326479], [106.9279936, 47.95330486], [106.92800731, 47.95336686], [106.92802378, 47.95343449], [106.9280399, 47.95348058], [106.92806387, 47.95352704], [106.92810799, 47.95359609], [106.92815268, 47.95366383], [106.92818652, 47.95370666], [106.92822578, 47.95374959], [106.92824106, 47.95376325], [106.92825639, 47.95377453], [106.92828474, 47.95379068], [106.92832501, 47.95380908], [106.92840045, 47.95383639], [106.92850449, 47.95387035], [106.92855442, 47.95388858], [106.92858719, 47.95390229], [106.92862278, 47.95391955], [106.92864863, 47.95393459], [106.92868083, 47.95395745], [106.92869981, 47.95397658], [106.92870942, 47.95399427], [106.92871938, 47.95402624], [106.9287305, 47.95406627], [106.92873638, 47.95410214], [106.92873793, 47.95413768], [106.92873541, 47.95417119], [106.9287275, 47.95420474], [106.9287069, 47.95426214], [106.92868607, 47.95431986], [106.92866812, 47.95436278], [106.92864617, 47.95440962], [106.92862845, 47.95443963], [106.92860627, 47.95446854], [106.92857754, 47.9545], [106.92853638, 47.95453726], [106.92847093, 47.95458749], [106.92839841, 47.95463871], [106.92835412, 47.95467265], [106.92832616, 47.95469706], [106.92828991, 47.95473577], [106.9282617, 47.95477432], [106.92824506, 47.95480499], [106.92822885, 47.95484391], [106.92821481, 47.95488913], [106.92820415, 47.95494193], [106.92819769, 47.95499416], [106.92819706, 47.95503728], [106.92819942, 47.95505964], [106.92820424, 47.95508448], [106.92822664, 47.95516534], [106.92824219, 47.95522816], [106.92825506, 47.95526247], [106.92827535, 47.95529875], [106.92830022, 47.95533313], [106.92831943, 47.95535434], [106.92835547, 47.95538934], [106.92842525, 47.95545482], [106.92848021, 47.95549846], [106.92853823, 47.95553863], [106.92858027, 47.95556339], [106.92869018, 47.95562178], [106.92877264, 47.95566763], [106.92879505, 47.95568202], [106.92881344, 47.95569589], [106.92884118, 47.95572175], [106.92887241, 47.9557568], [106.92891416, 47.95581001], [106.92892707, 47.95583116], [106.92893617, 47.95585095], [106.92894369, 47.9558765], [106.92894892, 47.95590788], [106.92895241, 47.95593852], [106.92895078, 47.95595784], [106.92894486, 47.95597459], [106.9289344, 47.95599382], [106.92892093, 47.95601183], [106.92889703, 47.9560373], [106.92882841, 47.95609797], [106.92879956, 47.95612733], [106.92876705, 47.95616328], [106.9287268, 47.95621003], [106.92870267, 47.95624293], [106.92868597, 47.95627185], [106.92866628, 47.95631258], [106.92864095, 47.95637041], [106.9286275, 47.95641322], [106.92862237, 47.95644401], [106.92862046, 47.95647801], [106.92862162, 47.95651593], [106.92862608, 47.9565656], [106.92863395, 47.956615], [106.92865212, 47.95669372], [106.92866194, 47.9567491], [106.92866665, 47.95676391], [106.92867293, 47.95677669], [106.92868715, 47.95679664], [106.92870758, 47.95681896], [106.92872823, 47.95683705], [106.92876965, 47.95686792], [106.9288429, 47.9569193], [106.92887166, 47.95694238], [106.92890563, 47.95697493], [106.92892701, 47.95700097], [106.92894432, 47.95703259], [106.928958, 47.95707187], [106.92896411, 47.95710025], [106.9289673, 47.95713123], [106.92896646, 47.95716374], [106.92895977, 47.95721468], [106.92894508, 47.95729587], [106.92892554, 47.95736138], [106.92892011, 47.95738675], [106.92891798, 47.95742153], [106.9289202, 47.95748436], [106.92891817, 47.95753971], [106.92891973, 47.9575546], [106.9289233, 47.95756763], [106.92893184, 47.95758458], [106.92895349, 47.95761712], [106.92897238, 47.95764538], [106.92897988, 47.95765953], [106.92898612, 47.95768325], [106.92898945, 47.95772602], [106.92899415, 47.95778046], [106.92899281, 47.95781643], [106.92898931, 47.95783508], [106.92898333, 47.95785571], [106.92895775, 47.95792177], [106.92893718, 47.95797345], [106.92891542, 47.95802247], [106.92888818, 47.95808612], [106.92887771, 47.95810373], [106.92886584, 47.95811853], [106.92883831, 47.9581433], [106.9288004, 47.95816962], [106.92877443, 47.95818462], [106.92874496, 47.95819905], [106.92867492, 47.95822649], [106.92860665, 47.95824411], [106.92858372, 47.95825183], [106.9285493, 47.95826826], [106.9285212, 47.9582862], [106.92850785, 47.95829745], [106.92849511, 47.95831063], [106.92847019, 47.9583442], [106.92845871, 47.9583643], [106.92844938, 47.95838567], [106.92844241, 47.95840789], [106.92843796, 47.95843044], [106.92843684, 47.95844719], [106.92843795, 47.95846601], [106.92844868, 47.95852787], [106.92845538, 47.95857083], [106.92846187, 47.95859669], [106.92847333, 47.95862414], [106.92850022, 47.95867461], [106.92853838, 47.95874776], [106.92856027, 47.95879124], [106.92856929, 47.95881628], [106.92857231, 47.95883436], [106.92857487, 47.95887095], [106.9285799, 47.95890742], [106.92858045, 47.95892561], [106.92857749, 47.95894872], [106.9285715, 47.95897099], [106.92856164, 47.95899337], [106.92854503, 47.95902143], [106.92851939, 47.95905603], [106.92848056, 47.95909869], [106.92845693, 47.95912156], [106.92842831, 47.95914604], [106.92832232, 47.95922753], [106.92810519, 47.95939306], [106.92794685, 47.95951951], [106.92785951, 47.95959009], [106.92781278, 47.95963127], [106.92776823, 47.9596758], [106.92772069, 47.95972805], [106.92766415, 47.9597985], [106.92758228, 47.95991368], [106.92750804, 47.96002078], [106.92745131, 47.96010871], [106.92740548, 47.96017823], [106.92739493, 47.96019841], [106.92738799, 47.96021691], [106.92738337, 47.96023715], [106.92737922, 47.96026705], [106.92737576, 47.96030573], [106.92737506, 47.96034568], [106.92737689, 47.96038852], [106.92738143, 47.96042175], [106.92739329, 47.96046327], [106.92741703, 47.96052114], [106.92744776, 47.96058491], [106.92746225, 47.96062257], [106.92747105, 47.96063927], [106.92748642, 47.96065922], [106.92750806, 47.9606815], [106.92754464, 47.96071184], [106.92758165, 47.96075407], [106.9276223, 47.96079862], [106.92765196, 47.96083383], [106.9276823, 47.96086244], [106.9277105, 47.96088284], [106.92774274, 47.96089833], [106.92781482, 47.96092394], [106.92792161, 47.96096635], [106.92798508, 47.96099575], [106.92801857, 47.96101504], [106.92805153, 47.96103725], [106.92808403, 47.96106243], [106.92811622, 47.96109068], [106.92813826, 47.96111247], [106.92815946, 47.96113602], [106.92819925, 47.96118832], [106.92821589, 47.96121463], [106.92823145, 47.96124319], [106.92824615, 47.96127437], [106.92826046, 47.96130919], [106.92827506, 47.96134936], [106.92828292, 47.96137928], [106.9282872, 47.96141871], [106.92828632, 47.96147064], [106.92828323, 47.96151247], [106.92827768, 47.96154316], [106.92826699, 47.96157853], [106.92825444, 47.96160449], [106.92823252, 47.96163234], [106.92819443, 47.96166835], [106.92817265, 47.96168571], [106.92811977, 47.96172178], [106.9280978, 47.96173853], [106.92806132, 47.96177125], [106.92802778, 47.96180556], [106.93191667, 47.9625], [106.95422222, 47.97302778], [107.00249029, 47.98323886], [107.00280556, 47.98330556], [107.0355, 48.04180556], [107.03319267, 48.05648269], [107.03316563, 48.06162691], [107.03274499, 48.06608914], [107.03269386, 48.06911701], [107.03216774, 48.07306708], [107.0319014, 48.07713966], [107.03194347, 48.08154791]]]}, "geometry_name": "geom", "properties": {"guid": 124747, "id": 124747, "object_no": "13", "object_name": "Баянзүрх", "layer_type_id": 252, "valid_to": null, "address_no": null, "border_type": "solid", "border_width": null, "border_color": "#cc6666", "border_opacity": null, "border_wellknown": "shape://horizline", "fill_type": "color", "fill_color": "#bcbcbc", "fill_opacity": 0, "fill_wellknown": null, "fill_shape_color": null, "fill_shape_width": null, "fill_shape_size": null, "fill_img_url": null, "marker_img_url": null}},{"type": "Feature", "id": "layer_data_map.fid--27e80436_1a098b908f8_-5b42", "geometry": {"type": "Polygon", "coordinates": [[[107.03319267, 48.05648269], [107.0355, 48.04180556], [107.00280556, 47.98330556], [106.95422222, 47.97302778], [106.93191667, 47.9625], [106.92802778, 47.96180556], [106.92806132, 47.96177125], [106.9280978, 47.96173853], [106.92811977, 47.96172178], [106.92817265, 47.96168571], [106.92819443, 47.96166835], [106.92823252, 47.96163234], [106.92825444, 47.96160449], [106.92826699, 47.96157853], [106.92827768, 47.96154316], [106.92828323, 47.96151247], [106.92828632, 47.96147064], [106.9282872, 47.96141871], [106.92828292, 47.96137928], [106.92827506, 47.96134936], [106.92826046, 47.96130919], [106.92824615, 47.96127437], [106.92823145, 47.96124319], [106.92821589, 47.96121463], [106.92819925, 47.96118832], [106.92815946, 47.96113602], [106.92813826, 47.96111247], [106.92811622, 47.96109068], [106.92808403, 47.96106243], [106.92805153, 47.96103725], [106.92801857, 47.96101504], [106.92798508, 47.96099575], [106.92792161, 47.96096635], [106.92781482, 47.96092394], [106.92774274, 47.96089833], [106.9277105, 47.96088284], [106.9276823, 47.96086244], [106.92765196, 47.96083383], [106.9276223, 47.96079862], [106.92758165, 47.96075407], [106.92754464, 47.96071184], [106.92750806, 47.9606815], [106.92748642, 47.96065922], [106.92747105, 47.96063927], [106.92746225, 47.96062257], [106.92744776, 47.96058491], [106.92741703, 47.96052114], [106.92739329, 47.96046327], [106.92738143, 47.96042175], [106.92737689, 47.96038852], [106.92737506, 47.96034568], [106.92737576, 47.96030573], [106.92737922, 47.96026705], [106.92738337, 47.96023715], [106.92738799, 47.96021691], [106.92739493, 47.96019841], [106.92740548, 47.96017823], [106.92745131, 47.96010871], [106.92750804, 47.96002078], [106.92758228, 47.95991368], [106.92766415, 47.9597985], [106.92772069, 47.95972805], [106.92776823, 47.9596758], [106.92781278, 47.95963127], [106.92785951, 47.95959009], [106.92794685, 47.95951951], [106.92810519, 47.95939306], [106.92832232, 47.95922753], [106.92842831, 47.95914604], [106.92845693, 47.95912156], [106.92848056, 47.95909869], [106.92851939, 47.95905603], [106.92854503, 47.95902143], [106.92856164, 47.95899337], [106.9285715, 47.95897099], [106.92857749, 47.95894872], [106.92858045, 47.95892561], [106.9285799, 47.95890742], [106.92857487, 47.95887095], [106.92857231, 47.95883436], [106.92856929, 47.95881628], [106.92856027, 47.95879124], [106.92853838, 47.95874776], [106.92850022, 47.95867461], [106.92847333, 47.95862414], [106.92846187, 47.95859669], [106.92845538, 47.95857083], [106.92844868, 47.95852787], [106.92843795, 47.95846601], [106.92843684, 47.95844719], [106.92843796, 47.95843044], [106.92844241, 47.95840789], [106.92844938, 47.95838567], [106.92845871, 47.9583643], [106.92847019, 47.9583442], [106.92849511, 47.95831063], [106.92850785, 47.95829745], [106.9285212, 47.9582862], [106.9285493, 47.95826826], [106.92858372, 47.95825183], [106.92860665, 47.95824411], [106.92867492, 47.95822649], [106.92874496, 47.95819905], [106.92877443, 47.95818462], [106.9288004, 47.95816962], [106.92883831, 47.9581433], [106.92886584, 47.95811853], [106.92887771, 47.95810373], [106.92888818, 47.95808612], [106.92891542, 47.95802247], [106.92893718, 47.95797345], [106.92895775, 47.95792177], [106.92898333, 47.95785571], [106.92898931, 47.95783508], [106.92899281, 47.95781643], [106.92899415, 47.95778046], [106.92898945, 47.95772602], [106.92898612, 47.95768325], [106.92897988, 47.95765953], [106.92897238, 47.95764538], [106.92895349, 47.95761712], [106.92893184, 47.95758458], [106.9289233, 47.95756763], [106.92891973, 47.9575546], [106.92891817, 47.95753971], [106.9289202, 47.95748436], [106.92891798, 47.95742153], [106.92892011, 47.95738675], [106.92892554, 47.95736138], [106.92894508, 47.95729587], [106.92895977, 47.95721468], [106.92896646, 47.95716374], [106.9289673, 47.95713123], [106.92896411, 47.95710025], [106.928958, 47.95707187], [106.92894432, 47.95703259], [106.92892701, 47.95700097], [106.92890563, 47.95697493], [106.92887166, 47.95694238], [106.9288429, 47.9569193], [106.92876965, 47.95686792], [106.92872823, 47.95683705], [106.92870758, 47.95681896], [106.92868715, 47.95679664], [106.92867293, 47.95677669], [106.92866665, 47.95676391], [106.92866194, 47.9567491], [106.92865212, 47.95669372], [106.92863395, 47.956615], [106.92862608, 47.9565656], [106.92862162, 47.95651593], [106.92862046, 47.95647801], [106.92862237, 47.95644401], [106.9286275, 47.95641322], [106.92864095, 47.95637041], [106.92866628, 47.95631258], [106.92868597, 47.95627185], [106.92870267, 47.95624293], [106.9287268, 47.95621003], [106.92876705, 47.95616328], [106.92879956, 47.95612733], [106.92882841, 47.95609797], [106.92889703, 47.9560373], [106.92892093, 47.95601183], [106.9289344, 47.95599382], [106.92894486, 47.95597459], [106.92895078, 47.95595784], [106.92895241, 47.95593852], [106.92894892, 47.95590788], [106.92894369, 47.9558765], [106.92893617, 47.95585095], [106.92892707, 47.95583116], [106.92891416, 47.95581001], [106.92887241, 47.9557568], [106.92884118, 47.95572175], [106.92881344, 47.95569589], [106.92879505, 47.95568202], [106.92877264, 47.95566763], [106.92869018, 47.95562178], [106.92858027, 47.95556339], [106.92853823, 47.95553863], [106.92848021, 47.95549846], [106.92842525, 47.95545482], [106.92835547, 47.95538934], [106.92831943, 47.95535434], [106.92830022, 47.95533313], [106.92827535, 47.95529875], [106.92825506, 47.95526247], [106.92824219, 47.95522816], [106.92822664, 47.95516534], [106.92820424, 47.95508448], [106.92819942, 47.95505964], [106.92819706, 47.95503728], [106.92819769, 47.95499416], [106.92820415, 47.95494193], [106.92821481, 47.95488913], [106.92822885, 47.95484391], [106.92824506, 47.95480499], [106.9282617, 47.95477432], [106.92828991, 47.95473577], [106.92832616, 47.95469706], [106.92835412, 47.95467265], [106.92839841, 47.95463871], [106.92847093, 47.95458749], [106.92853638, 47.95453726], [106.92857754, 47.9545], [106.92860627, 47.95446854], [106.92862845, 47.95443963], [106.92864617, 47.95440962], [106.92866812, 47.95436278], [106.92868607, 47.95431986], [106.9287069, 47.95426214], [106.9287275, 47.95420474], [106.92873541, 47.95417119], [106.92873793, 47.95413768], [106.92873638, 47.95410214], [106.9287305, 47.95406627], [106.92871938, 47.95402624], [106.92870942, 47.95399427], [106.92869981, 47.95397658], [106.92868083, 47.95395745], [106.92864863, 47.95393459], [106.92862278, 47.95391955], [106.92858719, 47.95390229], [106.92855442, 47.95388858], [106.92850449, 47.95387035], [106.92840045, 47.95383639], [106.92832501, 47.95380908], [106.92828474, 47.95379068], [106.92825639, 47.95377453], [106.92824106, 47.95376325], [106.92822578, 47.95374959], [106.92818652, 47.95370666], [106.92815268, 47.95366383], [106.92810799, 47.95359609], [106.92806387, 47.95352704], [106.9280399, 47.95348058], [106.92802378, 47.95343449], [106.92800731, 47.95336686], [106.9279936, 47.95330486], [106.92798934, 47.95326479], [106.92799085, 47.95322449], [106.92799704, 47.9531861], [106.92801289, 47.95313584], [106.92801492, 47.95311347], [106.92801413, 47.95307392], [106.92801157, 47.95300492], [106.92800379, 47.95295977], [106.92800218, 47.95294318], [106.928001, 47.95291726], [106.92800422, 47.95290268], [106.92801573, 47.95288539], [106.92803407, 47.95286946], [106.92805203, 47.95285615], [106.92807569, 47.95284179], [106.92813243, 47.95281555], [106.92821907, 47.95278376], [106.9282736, 47.95276561], [106.92830841, 47.95275697], [106.92834288, 47.95275215], [106.92838841, 47.95274888], [106.9284511, 47.95274783], [106.92848257, 47.95274998], [106.92850903, 47.9527536], [106.92853773, 47.95276012], [106.92856733, 47.95276948], [106.92859395, 47.9527806], [106.92862608, 47.95279715], [106.92867608, 47.95282834], [106.92871432, 47.95285535], [106.928746, 47.95288077], [106.92878634, 47.95292425], [106.92880433, 47.95293935], [106.92882799, 47.95295306], [106.92886458, 47.9529701], [106.92891032, 47.95298895], [106.92895149, 47.95300239], [106.92899029, 47.95301227], [106.92902001, 47.95301712], [106.92905572, 47.95301845], [106.92909975, 47.95301578], [106.92914965, 47.95300791], [106.92921116, 47.95299207], [106.92926968, 47.95297211], [106.92933351, 47.95294435], [106.92938797, 47.95291483], [106.92946936, 47.95286266], [106.92953689, 47.95281757], [106.92960765, 47.95276703], [106.92967608, 47.95271477], [106.92975406, 47.95265141], [106.92979369, 47.95262033], [106.92981136, 47.9526028], [106.92983092, 47.95257269], [106.92983595, 47.95255796], [106.92984119, 47.95253083], [106.92985093, 47.95247508], [106.929864, 47.9524292], [106.92988304, 47.9523852], [106.92991073, 47.95233511], [106.92996551, 47.95226075], [106.92998094, 47.95223665], [106.92999962, 47.95220203], [106.93000833, 47.95217862], [106.93001148, 47.95215871], [106.93001239, 47.95212892], [106.93001091, 47.95208924], [106.93000563, 47.95207191], [106.92999785, 47.95205571], [106.92998194, 47.95203549], [106.92994867, 47.95200492], [106.92991273, 47.95197381], [106.9298786, 47.95194853], [106.92980912, 47.95190801], [106.92970664, 47.95185414], [106.92962302, 47.95181427], [106.92958924, 47.95179656], [106.92954852, 47.95177193], [106.92950448, 47.9517424], [106.92943759, 47.9516919], [106.9293763, 47.95163338], [106.92932452, 47.95158503], [106.92929966, 47.95155923], [106.92927115, 47.95152264], [106.92922789, 47.9514572], [106.92915886, 47.95134917], [106.92910245, 47.95126277], [106.92906814, 47.95122087], [106.92902529, 47.95117473], [106.92899018, 47.95113935], [106.92896401, 47.9511162], [106.92892451, 47.95108709], [106.92887918, 47.95106006], [106.92880977, 47.95102152], [106.92874386, 47.9509873], [106.9286833, 47.95095813], [106.92859968, 47.95092167], [106.92851223, 47.95088755], [106.92839142, 47.95084611], [106.92827899, 47.95081404], [106.92819616, 47.95079392], [106.92813598, 47.9507827], [106.92808244, 47.95077593], [106.92803513, 47.95077248], [106.92798953, 47.95077201], [106.92793471, 47.95077416], [106.92788052, 47.95077856], [106.92781991, 47.95078602], [106.92774061, 47.95079926], [106.92769462, 47.95080919], [106.92767313, 47.95081231], [106.92762588, 47.9508131], [106.92757249, 47.95080804], [106.92751594, 47.95079708], [106.92748307, 47.95078668], [106.92741405, 47.95075908], [106.92726742, 47.95070993], [106.92719335, 47.95068563], [106.92715084, 47.95067417], [106.92706756, 47.95065968], [106.92698133, 47.95064525], [106.92693879, 47.95063567], [106.92690676, 47.95062665], [106.92687224, 47.95061445], [106.92684378, 47.9506019], [106.92680147, 47.9505768], [106.92677745, 47.95055651], [106.92674935, 47.95052606], [106.9267279, 47.95049884], [106.92670572, 47.95046525], [106.92668647, 47.95043007], [106.92666415, 47.95038058], [106.92664055, 47.95032136], [106.92662458, 47.95027007], [106.92660997, 47.95019488], [106.92660473, 47.95013342], [106.92660857, 47.95007777], [106.92662407, 47.95001795], [106.92664571, 47.94996399], [106.9266875, 47.94989579], [106.92674354, 47.94981346], [106.92677493, 47.94977572], [106.92682024, 47.94971095], [106.92677741, 47.94961816], [106.92659181, 47.94952774], [106.92639908, 47.9494968], [106.92630631, 47.94954191], [106.92618731, 47.94951584], [106.92611302, 47.94944547], [106.92596169, 47.94936997], [106.92575106, 47.94938066], [106.92568143, 47.94938261], [106.92562263, 47.94938349], [106.92558981, 47.94938216], [106.92552742, 47.94937328], [106.92549615, 47.94936576], [106.92545278, 47.9493527], [106.92540015, 47.94933457], [106.92533591, 47.949309], [106.92526359, 47.94927802], [106.92521565, 47.94925344], [106.92517744, 47.9492299], [106.92514898, 47.9492089], [106.92512103, 47.94918177], [106.92508734, 47.94914045], [106.92506273, 47.94910748], [106.92504673, 47.94908157], [106.92502732, 47.94903624], [106.92501654, 47.9489848], [106.92500589, 47.94890908], [106.9249981, 47.94880644], [106.92499427, 47.94870327], [106.92499803, 47.94864564], [106.92501066, 47.94858786], [106.92502302, 47.94854804], [106.92504537, 47.94848801], [106.92507543, 47.94841042], [106.92509964, 47.94835806], [106.92512199, 47.94831663], [106.92514128, 47.9482859], [106.92516578, 47.94825259], [106.92518928, 47.94822553], [106.92524074, 47.94817901], [106.92527452, 47.94815251], [106.92530401, 47.94813229], [106.92536773, 47.94809747], [106.92543166, 47.94806861], [106.92550617, 47.94804585], [106.92555912, 47.94803134], [106.92559595, 47.94802317], [106.9256388, 47.94801711], [106.92571368, 47.9480106], [106.92583436, 47.94800244], [106.92604403, 47.94799448], [106.92626941, 47.94799365], [106.92632539, 47.9479902], [106.92637459, 47.94798364], [106.92643604, 47.94797203], [106.92647618, 47.94796076], [106.9265051, 47.94794952], [106.92652658, 47.94793873], [106.92655457, 47.94791863], [106.92657619, 47.94789555], [106.92658647, 47.94787586], [106.92659765, 47.94783696], [106.92661469, 47.94777985], [106.92662876, 47.94771997], [106.92664156, 47.94764697], [106.92664737, 47.94758466], [106.92664896, 47.94751525], [106.92664304, 47.94746827], [106.92663598, 47.94744507], [106.92662518, 47.94741959], [106.9265832, 47.94734221], [106.92655372, 47.94729068], [106.9265202, 47.94723739], [106.92646913, 47.94716338], [106.92642059, 47.94710142], [106.92634474, 47.94701782], [106.9263071, 47.94698131], [106.9262691, 47.94694779], [106.92620842, 47.94690067], [106.92612333, 47.94684171], [106.92602118, 47.94677576], [106.92592981, 47.94672319], [106.92587878, 47.94669744], [106.92581966, 47.94667058], [106.92560144, 47.94658047], [106.92544532, 47.94651427], [106.92530122, 47.94645316], [106.9252448, 47.94642548], [106.925186, 47.946394], [106.92505179, 47.9463144], [106.92499026, 47.94627459], [106.92492505, 47.94622921], [106.92475631, 47.94610231], [106.92470605, 47.94606582], [106.92468328, 47.9460453], [106.92466852, 47.9460268], [106.92465001, 47.94599821], [106.92463198, 47.94596654], [106.92461182, 47.94592473], [106.92458093, 47.94584685], [106.92455868, 47.94576681], [106.92455091, 47.94571929], [106.92454146, 47.94562151], [106.92452043, 47.9454712], [106.92451353, 47.94539963], [106.92450897, 47.94534963], [106.92451068, 47.94532292], [106.92451687, 47.94530069], [106.9245285, 47.94527233], [106.92454441, 47.94524057], [106.92456177, 47.94521353], [106.92459335, 47.94517629], [106.92463009, 47.94514357], [106.9246591, 47.94512355], [106.92469939, 47.94510005], [106.92478453, 47.94505892], [106.92488927, 47.94501481], [106.92495156, 47.94498312], [106.92505338, 47.94492515], [106.92514322, 47.94487276], [106.92533315, 47.94475772], [106.92546164, 47.94468145], [106.92554892, 47.94462705], [106.92559512, 47.94459804], [106.9257492, 47.94450369], [106.92593964, 47.94439815], [106.9260229, 47.94434578], [106.92608834, 47.94430036], [106.92616785, 47.94423745], [106.92624111, 47.94417074], [106.92640106, 47.94403312], [106.92656661, 47.94389868], [106.92685364, 47.94368262], [106.92695064, 47.9436078], [106.92700241, 47.94356421], [106.92705129, 47.94352008], [106.9270771, 47.94349146], [106.92710215, 47.94345116], [106.92712217, 47.94340295], [106.92713134, 47.94336017], [106.92713692, 47.94327921], [106.92714474, 47.94317396], [106.92715131, 47.94301572], [106.92715204, 47.94295014], [106.92714853, 47.94276059], [106.9271511, 47.94270135], [106.927157, 47.94264839], [106.92716746, 47.94256869], [106.9271734, 47.94254509], [106.92718141, 47.94252448], [106.92720808, 47.94247831], [106.92724111, 47.94243898], [106.92728217, 47.94240287], [106.92730159, 47.94238969], [106.92732111, 47.94237914], [106.92735433, 47.94236597], [106.92739278, 47.94235519], [106.92742697, 47.94234936], [106.92748426, 47.9423439], [106.92754035, 47.94234097], [106.9276844, 47.94234245], [106.92775012, 47.94233944], [106.92784318, 47.94232834], [106.92792329, 47.94231378], [106.92801018, 47.94229204], [106.92804529, 47.94228084], [106.9280764, 47.94226896], [106.92811072, 47.94225321], [106.92814456, 47.94223495], [106.92817751, 47.94221442], [106.92820897, 47.94219199], [106.92823579, 47.94216999], [106.92826125, 47.94214594], [106.92828505, 47.9421201], [106.92830686, 47.94209285], [106.92832229, 47.9420699], [106.9283368, 47.94204371], [106.92836994, 47.94196829], [106.92839279, 47.94190091], [106.92842964, 47.94175279], [106.92847784, 47.94159101], [106.92851604, 47.9414751], [106.92856045, 47.94135861], [106.92865779, 47.94112498], [106.92876163, 47.9408774], [106.92880836, 47.94075196], [106.92883723, 47.94066015], [106.92886421, 47.94056311], [106.92888966, 47.94045967], [106.92891421, 47.94034719], [106.92894636, 47.94017115], [106.92896617, 47.94005382], [106.92897368, 47.93998797], [106.92898496, 47.93983714], [106.92899421, 47.93976736], [106.92902025, 47.93963366], [106.92903354, 47.93958388], [106.92904858, 47.93953895], [106.92907761, 47.93947016], [106.92911577, 47.93939483], [106.92914638, 47.93933973], [106.92917039, 47.93930291], [106.92920789, 47.93925673], [106.9292586, 47.93920393], [106.92929816, 47.93916939], [106.92940606, 47.93908966], [106.92945121, 47.9390512], [106.92951952, 47.93898148], [106.92954338, 47.93895286], [106.92956262, 47.93892583], [106.92958818, 47.93888016], [106.92961204, 47.93882425], [106.92962853, 47.93876687], [106.92964914, 47.93865138], [106.92967767, 47.93852264], [106.92969022, 47.9384557], [106.92970045, 47.93837787], [106.92971184, 47.93825709], [106.92972456, 47.93812129], [106.92972791, 47.93803908], [106.92972346, 47.93795111], [106.92970338, 47.93776975], [106.92968609, 47.93756529], [106.92967348, 47.93747129], [106.92966095, 47.93740972], [106.92962277, 47.93729336], [106.92960277, 47.93723426], [106.92959522, 47.93720283], [106.92959134, 47.93716302], [106.9295922, 47.93712163], [106.92959901, 47.93707971], [106.9296172, 47.93701396], [106.92964349, 47.93693096], [106.92967412, 47.93685376], [106.92970817, 47.93678189], [106.92974178, 47.93672263], [106.92978154, 47.93666447], [106.92982926, 47.93660416], [106.92987783, 47.93655015], [106.92993631, 47.93649187], [106.92998705, 47.93644707], [106.93012396, 47.93633596], [106.93023541, 47.93624238], [106.9302647, 47.9362138], [106.93028769, 47.93618696], [106.93031653, 47.93614424], [106.93034689, 47.93608847], [106.93037482, 47.93602525], [106.93039981, 47.93595109], [106.93041604, 47.93588743], [106.93042868, 47.93581735], [106.93043708, 47.9357532], [106.93043907, 47.93570668], [106.93043626, 47.93567117], [106.93042541, 47.93559966], [106.93040475, 47.93543427], [106.93038058, 47.93530468], [106.93034167, 47.93516883], [106.93029067, 47.9349682], [106.93027325, 47.93489362], [106.93026698, 47.9348516], [106.93026687, 47.93479225], [106.93027616, 47.93470845], [106.93028774, 47.93463854], [106.93030467, 47.93456497], [106.93033241, 47.934472], [106.93036569, 47.9343852], [106.93040204, 47.93430367], [106.93043322, 47.93425082], [106.93045693, 47.93422008], [106.93049339, 47.93417831], [106.93056323, 47.93410564], [106.93065228, 47.93402939], [106.9307079, 47.93397476], [106.93075002, 47.933927], [106.93078716, 47.9338749], [106.9308323, 47.93379887], [106.93087014, 47.93372637], [106.93092206, 47.93361211], [106.93098476, 47.93346493], [106.93104602, 47.93330454], [106.93109039, 47.93317407], [106.93115003, 47.93298104], [106.93119511, 47.93283956], [106.93121442, 47.93276222], [106.93122651, 47.93268854], [106.93123326, 47.9326189], [106.93123398, 47.93250839], [106.93123191, 47.93241388], [106.93122757, 47.93233626], [106.93120026, 47.93212222], [106.93118321, 47.93192426], [106.93117373, 47.93175144], [106.9311716, 47.93161247], [106.93117341, 47.93153119], [106.93118271, 47.93147669], [106.93120252, 47.93140395], [106.9312232, 47.93134085], [106.93124637, 47.93128297], [106.93128065, 47.93121117], [106.93131415, 47.93115508], [106.93135, 47.93110725], [106.93139739, 47.93105293], [106.93144251, 47.93100581], [106.93148135, 47.93097027], [106.9315222, 47.9309391], [106.93159915, 47.93088704], [106.9316653, 47.93084487], [106.9316935, 47.93082371], [106.93172668, 47.93079151], [106.93175391, 47.93075769], [106.93177161, 47.93072665], [106.93179426, 47.93067251], [106.93182636, 47.93058459], [106.93185912, 47.93046668], [106.93188849, 47.93033894], [106.93190369, 47.93023519], [106.93190747, 47.93015914], [106.93190634, 47.93004665], [106.93190613, 47.92996931], [106.93190186, 47.92992647], [106.931892, 47.92988159], [106.93187951, 47.9298456], [106.93185866, 47.92980678], [106.93182296, 47.92975556], [106.93180373, 47.92973212], [106.93175595, 47.92968052], [106.93173705, 47.92965625], [106.93170808, 47.92960774], [106.93168498, 47.92955638], [106.93167217, 47.92951722], [106.93166262, 47.92947551], [106.93165748, 47.9294399], [106.93165513, 47.92940414], [106.93165359, 47.92936488], [106.93165766, 47.92934235], [106.93166651, 47.92932609], [106.93169438, 47.92928973], [106.93173063, 47.92922412], [106.93174557, 47.92918914], [106.93175708, 47.92915543], [106.93176734, 47.9291132], [106.93177327, 47.92907066], [106.93177389, 47.92903608], [106.93176939, 47.92896673], [106.93176574, 47.9289082], [106.93176613, 47.92887903], [106.93177292, 47.92883608], [106.93179101, 47.92876812], [106.93183437, 47.92863414], [106.93186387, 47.92854342], [106.93187749, 47.92849367], [106.93189219, 47.92842626], [106.93189742, 47.92837959], [106.93189512, 47.92831788], [106.93189288, 47.92829273], [106.93188884, 47.92827898], [106.93188011, 47.92826538], [106.93186347, 47.92824691], [106.93180862, 47.92820234], [106.93176767, 47.92816585], [106.93174833, 47.9281416], [106.93174088, 47.92812468], [106.93173202, 47.92809313], [106.9317151, 47.92802841], [106.93170713, 47.92796607], [106.93170361, 47.92784986], [106.93169728, 47.92774909], [106.9316978, 47.92769396], [106.93170181, 47.92763994], [106.93170903, 47.92760603], [106.93174044, 47.9275405], [106.93175467, 47.92750166], [106.93176206, 47.92747189], [106.93176444, 47.92744713], [106.93176448, 47.92740685], [106.93176451, 47.92736457], [106.93176193, 47.92733864], [106.93175414, 47.927308], [106.93174006, 47.92727076], [106.9316985, 47.92719346], [106.9316772, 47.92714854], [106.93166672, 47.92711925], [106.93166102, 47.92708558], [106.93165838, 47.92702514], [106.93165462, 47.926977], [106.9316556, 47.92695044], [106.93166221, 47.92691477], [106.93167263, 47.92688841], [106.93168255, 47.92687393], [106.9317096, 47.92684229], [106.93174054, 47.92680177], [106.9317555, 47.92677651], [106.93176399, 47.9267535], [106.93177265, 47.92671773], [106.93178437, 47.92664278], [106.93178622, 47.92660401], [106.93178545, 47.92654202], [106.93178039, 47.92647493], [106.93178182, 47.92644458], [106.93178834, 47.92641667], [106.93180332, 47.92637272], [106.93183871, 47.92628438], [106.93185502, 47.92622418], [106.93187591, 47.92611475], [106.93191177, 47.92595693], [106.93191819, 47.92591127], [106.93191999, 47.92587027], [106.93191779, 47.92581495], [106.93191153, 47.92577291], [106.93190136, 47.92573303], [106.93188966, 47.92570503], [106.93187308, 47.92567941], [106.93184895, 47.92565047], [106.9317889, 47.92559623], [106.93176144, 47.92556356], [106.93173296, 47.92552242], [106.93170704, 47.92547778], [106.93168609, 47.92543222], [106.93167133, 47.92538805], [106.93165817, 47.92533194], [106.93165059, 47.92528537], [106.93164452, 47.92522492], [106.93164037, 47.92516133], [106.93164028, 47.92511124], [106.93164563, 47.92505311], [106.93165924, 47.92497118], [106.93167978, 47.92487333], [106.93170092, 47.9248104], [106.93173268, 47.92473595], [106.93175202, 47.92469799], [106.93180257, 47.92461132], [106.93182328, 47.92457193], [106.93186944, 47.92446777], [106.93189841, 47.92438217], [106.93191282, 47.92431631], [106.9319263, 47.92422245], [106.93193594, 47.92413766], [106.93193995, 47.92406948], [106.93193802, 47.92397155], [106.93192773, 47.92387144], [106.93191859, 47.92379152], [106.93191252, 47.92376837], [106.93190381, 47.92374834], [106.93188471, 47.92372009], [106.93184799, 47.92367778], [106.93180269, 47.9236298], [106.93178287, 47.92359668], [106.93176077, 47.92354275], [106.93174329, 47.92349238], [106.93172766, 47.92343281], [106.93171686, 47.92337555], [106.93171013, 47.92331448], [106.93170735, 47.92324878], [106.93170844, 47.92317639], [106.93171496, 47.92309179], [106.93172555, 47.92302828], [106.9317396, 47.92297437], [106.93175178, 47.92294333], [106.93178834, 47.92287037], [106.93180216, 47.92283683], [106.93181855, 47.92278301], [106.93182753, 47.9227389], [106.9318301, 47.92269925], [106.93182813, 47.92262514], [106.93182521, 47.92249664], [106.93181833, 47.92236207], [106.93180704, 47.92220955], [106.93179391, 47.92209598], [106.93177325, 47.92196294], [106.93175174, 47.92187245], [106.93172891, 47.92180334], [106.93170329, 47.92174001], [106.93168279, 47.92169499], [106.93166669, 47.92166588], [106.93164687, 47.92163825], [106.9316058, 47.92158891], [106.93155011, 47.9215216], [106.93152764, 47.92148906], [106.93150576, 47.92145175], [106.93143075, 47.92130261], [106.93128579, 47.92104506], [106.93116794, 47.92084368], [106.93111497, 47.92074244], [106.93107077, 47.92064284], [106.93105614, 47.92060605], [106.93105047, 47.92058468], [106.93104893, 47.92054327], [106.93106134, 47.920487], [106.93107063, 47.92043972], [106.93107303, 47.92041124], [106.9310716, 47.92038495], [106.9310675, 47.92036015], [106.93106041, 47.92033656], [106.93104729, 47.92030443], [106.93102789, 47.92026658], [106.93098143, 47.92019098], [106.93087669, 47.92000749], [106.93082668, 47.91993034], [106.93079576, 47.9198892], [106.93073916, 47.91981969], [106.93066988, 47.91973387], [106.93062528, 47.91968267], [106.93058064, 47.91963687], [106.93049355, 47.91955326], [106.93039495, 47.91945572], [106.93033936, 47.91940473], [106.93028601, 47.9193621], [106.93015856, 47.91927044], [106.93010435, 47.91922831], [106.93005322, 47.91918391], [106.92999884, 47.91913293], [106.92981472, 47.918948], [106.92971881, 47.91885588], [106.92967167, 47.9188066], [106.92963071, 47.91875817], [106.92958424, 47.91869838], [106.92955502, 47.91866135], [106.92954221, 47.91864059], [106.92953257, 47.91861373], [106.92952527, 47.91857506], [106.92952265, 47.9185462], [106.92952228, 47.91849468], [106.92952427, 47.91835327], [106.92952762, 47.91824841], [106.92953513, 47.91818963], [106.92954574, 47.9181506], [106.9295574, 47.9181242], [106.92957274, 47.91809653], [106.92958621, 47.91807741], [106.92963506, 47.91801748], [106.92965905, 47.91797463], [106.92969232, 47.91789952], [106.92971799, 47.9178447], [106.929729, 47.91781359], [106.92973658, 47.91778283], [106.92973797, 47.91776226], [106.92973533, 47.91774529], [106.92972937, 47.91772584], [106.92970599, 47.91768236], [106.92968633, 47.91764125], [106.92967211, 47.9176117], [106.92966649, 47.91759528], [106.92966378, 47.91757373], [106.92966468, 47.91754656], [106.92966909, 47.91752184], [106.92968209, 47.91747842], [106.92970806, 47.91739674], [106.92974816, 47.91730506], [106.92979768, 47.91720673], [106.9298838, 47.91705254], [106.92991883, 47.91698286], [106.92993755, 47.91693789], [106.92995037, 47.91689325], [106.92996678, 47.9168139], [106.92998329, 47.91673748], [106.92999118, 47.91668999], [106.92999605, 47.91660892], [106.9299925, 47.91646573], [106.9299832, 47.91621564], [106.92998205, 47.91600319], [106.92998718, 47.91580283], [106.92999397, 47.91566857], [106.93000227, 47.91555883], [106.9300142, 47.91546665], [106.93001664, 47.91542535], [106.93001343, 47.91537283], [106.93000203, 47.91529234], [106.92999337, 47.91522552], [106.92998367, 47.91518866], [106.92997073, 47.91516076], [106.92994212, 47.91511135], [106.92991489, 47.91506654], [106.92984465, 47.91496049], [106.9298136, 47.91490552], [106.92978786, 47.91485099], [106.92977133, 47.91480873], [106.92975839, 47.91476461], [106.92974862, 47.91471812], [106.92974174, 47.91466298], [106.92974391, 47.91459145], [106.92975466, 47.91449052], [106.92977507, 47.91438943], [106.92979857, 47.91425344], [106.9298113, 47.91419383], [106.9298303, 47.91412246], [106.92984991, 47.91405881], [106.92987099, 47.91400013], [106.92989391, 47.91394544], [106.92991689, 47.91389522], [106.92993437, 47.91386351], [106.92995812, 47.91382803], [106.92998039, 47.91380099], [106.92999849, 47.91378398], [106.93005068, 47.91374131], [106.93009935, 47.91369299], [106.93014368, 47.91364225], [106.93017545, 47.91360201], [106.93019429, 47.91357315], [106.93021145, 47.91353399], [106.93022919, 47.91347182], [106.93024075, 47.91342121], [106.93025346, 47.91334466], [106.93026856, 47.91323066], [106.93027429, 47.91315609], [106.93028257, 47.91295743], [106.93029924, 47.9127728], [106.93032193, 47.91258628], [106.93034823, 47.91241367], [106.93038123, 47.91223104], [106.93045562, 47.91189179], [106.93048511, 47.91175631], [106.93049619, 47.91168312], [106.93050029, 47.91162451], [106.93050138, 47.91156278], [106.93049087, 47.91141021], [106.93048838, 47.91132297], [106.93049027, 47.91126398], [106.93050548, 47.91115322], [106.93052118, 47.91105546], [106.93053644, 47.91100404], [106.93057359, 47.91090508], [106.93063929, 47.91072198], [106.93074472, 47.91043746], [106.93082828, 47.91021506], [106.93088728, 47.91006709], [106.93093033, 47.9099696], [106.93097812, 47.9098741], [106.93103865, 47.90976303], [106.9310811, 47.90969344], [106.93109771, 47.90966129], [106.93111504, 47.90961538], [106.93112802, 47.90956654], [106.93113439, 47.90952541], [106.93113876, 47.90946561], [106.93113816, 47.90931937], [106.93114553, 47.90924397], [106.93114577, 47.90922771], [106.93114866, 47.90921195], [106.9311541, 47.90919854], [106.9311635, 47.90918418], [106.93120397, 47.90913952], [106.9312302, 47.909112], [106.93126256, 47.90908263], [106.93138198, 47.90898703], [106.9315275, 47.90887083], [106.93161061, 47.90879056], [106.93164428, 47.90876162], [106.93170584, 47.90871912], [106.93181431, 47.90865476], [106.93193737, 47.90858444], [106.9319936, 47.90855556], [106.93213537, 47.90848855], [106.93219846, 47.90845655], [106.93231793, 47.90838983], [106.93241608, 47.90832939], [106.93250983, 47.90826906], [106.93253632, 47.90824887], [106.93255737, 47.90822951], [106.93259359, 47.90818614], [106.9326217, 47.90813901], [106.93063942, 47.90818624], [106.92740518, 47.90821033], [106.92569059, 47.9082426], [106.92347627, 47.90825875], [106.92310176, 47.90825454], [106.92246667, 47.90823371], [106.92006218, 47.90816908], [106.91838098, 47.90812028], [106.91662172, 47.90806926], [106.91636166, 47.90806662], [106.91609057, 47.90807056], [106.91305555, 47.90816667], [106.90900035, 47.90828436], [106.90398684, 47.9084469], [106.90063412, 47.90859588], [106.89852334, 47.90869863], [106.89812056, 47.90871785], [106.89772271, 47.90876964], [106.89690916, 47.90889612], [106.89649974, 47.90893805], [106.8945, 47.90911111], [106.89466821, 47.91223466], [106.89470217, 47.91346761], [106.89472989, 47.91417572], [106.89473349, 47.91476681], [106.89475, 47.91516667], [106.90155991, 47.91579431], [106.90482038, 47.9160698], [106.90702799, 47.91625882], [106.90834274, 47.91636592], [106.91008549, 47.91651962], [106.91056648, 47.91655819], [106.91079652, 47.91658302], [106.9108555, 47.91659278], [106.91089343, 47.91661006], [106.91098855, 47.91662471], [106.91138843, 47.91665835], [106.91161399, 47.91667877], [106.91225037, 47.91670478], [106.91317076, 47.9167378], [106.91416694, 47.91676686], [106.91440155, 47.91677464], [106.91638889, 47.91683333], [106.91637173, 47.91761047], [106.91636273, 47.91774634], [106.9163321, 47.91805599], [106.91625887, 47.91842668], [106.91617785, 47.91881446], [106.91603529, 47.91958594], [106.91590087, 47.92027433], [106.91574269, 47.9210027], [106.91560783, 47.9217552], [106.91543435, 47.9225253], [106.91528554, 47.92327991], [106.91518913, 47.92378293], [106.91509603, 47.92422369], [106.91501419, 47.92474156], [106.91486173, 47.92547361], [106.91471941, 47.92625261], [106.91436111, 47.92888889], [106.91336472, 47.92875966], [106.91316747, 47.92873467], [106.91288256, 47.92869041], [106.9124097, 47.9286455], [106.91157134, 47.92857653], [106.91137997, 47.92856457], [106.90682694, 47.92819189], [106.90662565, 47.92818282], [106.90653575, 47.92819647], [106.90641748, 47.92822516], [106.90623522, 47.92828409], [106.90603182, 47.92835794], [106.90584359, 47.92845099], [106.90557728, 47.92858422], [106.905428, 47.92865474], [106.9052929, 47.92871774], [106.90521871, 47.92876515], [106.90516294, 47.92882197], [106.90510851, 47.92891523], [106.90505135, 47.92903283], [106.90497809, 47.92920417], [106.90497621, 47.92921154], [106.90493384, 47.92937745], [106.90491037, 47.92972294], [106.90488475, 47.93001015], [106.90486655, 47.93030208], [106.90487186, 47.93054503], [106.90489229, 47.93070752], [106.90493691, 47.93093766], [106.90500629, 47.9311528], [106.90508044, 47.93139946], [106.90522934, 47.93181014], [106.90538376, 47.93217456], [106.90558701, 47.93248955], [106.90577481, 47.93277807], [106.90594285, 47.93302074], [106.90614467, 47.93329687], [106.90645189, 47.93368548], [106.90678928, 47.93410761], [106.90727044, 47.93470233], [106.90768188, 47.93526905], [106.90828552, 47.93604643], [106.90883318, 47.93677614], [106.90926299, 47.93734983], [106.90943643, 47.93773823], [106.90947977, 47.93782078], [106.90958063, 47.93802017], [106.90969324, 47.93822974], [106.90983575, 47.93846554], [106.90993473, 47.93859999], [106.91008884, 47.93875782], [106.91026762, 47.93889824], [106.91043078, 47.93900731], [106.91058202, 47.93908743], [106.91086183, 47.9392213], [106.91115837, 47.93931844], [106.91142493, 47.93938691], [106.9117025, 47.93946005], [106.91212882, 47.93954531], [106.91237587, 47.93957522], [106.91259681, 47.93958369], [106.91275973, 47.93958826], [106.91314793, 47.93962068], [106.91351868, 47.9396704], [106.91401729, 47.93975444], [106.91449532, 47.93985332], [106.91478081, 47.9399013], [106.91479045, 47.9400417], [106.91478506, 47.94025711], [106.914779, 47.94045458], [106.91481297, 47.94065139], [106.91484886, 47.94077939], [106.91485761, 47.94089587], [106.9148033, 47.94147395], [106.9146842, 47.94234618], [106.91456857, 47.94307182], [106.91439613, 47.94418718], [106.91428586, 47.94481703], [106.91416906, 47.94575203], [106.91402321, 47.94674433], [106.91391309, 47.9476194], [106.91379461, 47.94814771], [106.91372775, 47.94862731], [106.91372348, 47.94869418], [106.91370518, 47.94898057], [106.91372324, 47.94922848], [106.91373788, 47.94938375], [106.91387297, 47.94990783], [106.91405128, 47.95063754], [106.91414383, 47.95097392], [106.91433149, 47.95171544], [106.9144246, 47.95206677], [106.91462105, 47.95280515], [106.91472814, 47.95329381], [106.91493825, 47.95416055], [106.91504601, 47.95466714], [106.91527995, 47.95545573], [106.91543597, 47.9560632], [106.91569916, 47.95692008], [106.91583327, 47.95753688], [106.91603162, 47.95844569], [106.91634149, 47.95960084], [106.9166407, 47.96070833], [106.91674518, 47.96112526], [106.91695181, 47.96189635], [106.91710987, 47.96255761], [106.91722065, 47.9631449], [106.91727088, 47.96341919], [106.91731976, 47.96377724], [106.91734417, 47.96407588], [106.91731188, 47.96476723], [106.91732019, 47.96547286], [106.91730329, 47.96597854], [106.91728767, 47.96675933], [106.91726339, 47.96742662], [106.91722269, 47.96789083], [106.91719538, 47.96871668], [106.91717944, 47.96936888], [106.91717952, 47.97009258], [106.9171889, 47.97046624], [106.91720342, 47.97073814], [106.91728186, 47.97129307], [106.91738723, 47.97185353], [106.91759536, 47.97266347], [106.91773267, 47.97324433], [106.91788612, 47.97378007], [106.91793669, 47.97406332], [106.91817421, 47.97494455], [106.9182615, 47.9752571], [106.91835083, 47.9753842], [106.91857023, 47.97553604], [106.91874714, 47.9756228], [106.91915327, 47.97576554], [106.91970973, 47.97587885], [106.92080063, 47.97611181], [106.92216027, 47.97638512], [106.92321491, 47.97660072], [106.92420648, 47.97679643], [106.9249406, 47.97691102], [106.92602778, 47.97702778], [106.92597567, 47.9771273], [106.92592202, 47.9772289], [106.92588599, 47.97728949], [106.92587387, 47.9773196], [106.92586294, 47.97735629], [106.92584987, 47.97743364], [106.92583681, 47.9774989], [106.92582523, 47.97754331], [106.92580916, 47.97758993], [106.92578744, 47.9776425], [106.92573993, 47.97773756], [106.9256889, 47.97782412], [106.92568915, 47.97788404], [106.9256967, 47.97791534], [106.92569377, 47.9779511], [106.92568213, 47.97798129], [106.92568303, 47.97800556], [106.9256799, 47.97803561], [106.92567687, 47.97806851], [106.92567166, 47.97810002], [106.9256615, 47.97817018], [106.92565357, 47.97824677], [106.9256789, 47.97831194], [106.92570355, 47.97838466], [106.92576557, 47.97859839], [106.92578949, 47.97867732], [106.92579881, 47.97871995], [106.92580455, 47.97878841], [106.92580391, 47.97882548], [106.92580072, 47.97885703], [106.92579355, 47.97889655], [106.92578405, 47.97892373], [106.92576301, 47.97895836], [106.92573566, 47.97899524], [106.92571142, 47.97902992], [106.92570442, 47.97904748], [106.92570002, 47.97906654], [106.92570177, 47.97911364], [106.92570377, 47.97916717], [106.92571426, 47.97922671], [106.92574506, 47.97933359], [106.9257598, 47.9793869], [106.92577112, 47.97943384], [106.92577196, 47.9794573], [106.92576969, 47.979481], [106.92575549, 47.97952837], [106.92574409, 47.97956498], [106.92574553, 47.97960352], [106.92575334, 47.97964195], [106.92576466, 47.9796889], [106.9257857, 47.97973996], [106.92582381, 47.97982074], [106.9258761, 47.97993984], [106.92591142, 47.98003137], [106.92594075, 47.98013371], [106.92595662, 47.980217], [106.92596169, 47.98026223], [106.92596833, 47.98036035], [106.92597885, 47.98047158], [106.9259801, 47.9805385], [106.92597757, 47.98060871], [106.92597319, 47.98066235], [106.92596585, 47.98072246], [106.92595198, 47.98077839], [106.92591474, 47.98089257], [106.92589661, 47.98096031], [106.92586008, 47.98112811], [106.92584019, 47.98120447], [106.92581739, 47.98127769], [106.92580327, 47.98132721], [106.92579546, 47.98137447], [106.92579442, 47.98141547], [106.92579944, 47.98148153], [106.92580462, 47.981535], [106.9258, 47.98158221], [106.92578891, 47.98162739], [106.92576348, 47.98171565], [106.92573956, 47.98178297], [106.92568781, 47.98191188], [106.92563308, 47.98204752], [106.92560912, 47.98211245], [106.92557374, 47.98223073], [106.92553074, 47.98240727], [106.9255165, 47.98246221], [106.92551152, 47.98249115], [106.92551016, 47.98254045], [106.92551167, 47.98258113], [106.92551631, 47.98260045], [106.92552252, 47.98261523], [106.92553304, 47.98262976], [106.92555584, 47.98265323], [106.92561205, 47.98270585], [106.92566333, 47.98274818], [106.92577636, 47.98283378], [106.92587694, 47.98291562], [106.9259276, 47.98295336], [106.92602894, 47.98301808], [106.92608459, 47.98305571], [106.92610725, 47.98307475], [106.92612094, 47.98308938], [106.9261318, 47.98310525], [106.926138, 47.98311909], [106.92614005, 47.9831323], [106.92613928, 47.98315334], [106.92613425, 47.98318985], [106.92612038, 47.98324578], [106.92610619, 47.98329315], [106.92610124, 47.9833318], [106.92610362, 47.98334998], [106.92610897, 47.98336809], [106.92611682, 47.98338443], [106.92612946, 47.98340417], [106.92615952, 47.98344009], [106.92617866, 47.98345707], [106.92620887, 47.98347997], [106.92624491, 47.98350507], [106.92630016, 47.98353199], [106.92636195, 47.98356309], [106.92641433, 47.98359864], [106.9264538, 47.98363011], [106.92649607, 47.98365952], [106.92651288, 47.98367411], [106.92652455, 47.98368813], [106.92653982, 47.98371222], [106.92656031, 47.9837483], [106.92658383, 47.98378004], [106.92661684, 47.98380948], [106.92666914, 47.98384288], [106.92672676, 47.9838755], [106.92678634, 47.98390519], [106.9268377, 47.98392864], [106.92687389, 47.98394228], [106.92692547, 47.98395642], [106.92697363, 47.98396418], [106.92701844, 47.98396771], [106.92705702, 47.98397563], [106.92710215, 47.98398773], [106.9271239, 47.98399755], [106.92716075, 47.98401888], [106.92721414, 47.9840486], [106.92724558, 47.98406888], [106.92727877, 47.9840958], [106.92731822, 47.98413407], [106.92734794, 47.98416558], [106.9273693, 47.98419177], [106.92738846, 47.98422001], [106.92740326, 47.98424691], [106.92741416, 47.98427197], [106.92742096, 47.98429374], [106.92742599, 47.98434293], [106.92742766, 47.9843879], [106.92743237, 47.98442852], [106.92744026, 47.9844691], [106.92745102, 47.98450105], [106.92746098, 47.9845212], [106.92747151, 47.98453713], [106.92748676, 47.98455424], [106.92752119, 47.98458557], [106.92766662, 47.98472025], [106.92777014, 47.98481107], [106.92806217, 47.98505854], [106.92820787, 47.98518929], [106.92862324, 47.98557103], [106.92876774, 47.98569953], [106.92883086, 47.98576071], [106.92890031, 47.98583156], [106.92898234, 47.98591914], [106.92905117, 47.98599757], [106.92913723, 47.98610386], [106.92920767, 47.98620061], [106.92925732, 47.9862769], [106.92927527, 47.98630911], [106.92928485, 47.98633071], [106.92929474, 47.98636768], [106.92929634, 47.9864105], [106.92929064, 47.98645389], [106.92928012, 47.98649263], [106.9292577, 47.98653318], [106.92923743, 47.98656727], [106.92923151, 47.98660111], [106.92923276, 47.98663483], [106.92924126, 47.98667004], [106.92925483, 47.98671319], [106.929276, 47.98676747], [106.92930196, 47.98682167], [106.92932487, 47.98685824], [106.92935758, 47.98690107], [106.92939268, 47.98694387], [106.92942336, 47.98697535], [106.92948699, 47.98703387], [106.92962166, 47.98716015], [106.92973243, 47.98726113], [106.92982153, 47.98733997], [106.92987392, 47.98739694], [106.92992129, 47.98744756], [106.92996463, 47.98750798], [106.93002311, 47.98759269], [106.9300647, 47.98765554], [106.93008647, 47.98769446], [106.93010987, 47.9877512], [106.93014591, 47.98780487], [106.93020896, 47.98789808], [106.93024444, 47.9879493], [106.93026722, 47.98797708], [106.93029144, 47.98800081], [106.93032889, 47.98803318], [106.93038761, 47.98807755], [106.93040778, 47.98809469], [106.93043372, 47.98812231], [106.93047008, 47.98816792], [106.93051038, 47.98822151], [106.93052443, 47.988248], [106.93053813, 47.98828103], [106.93055781, 47.98835212], [106.93056722, 47.98839939], [106.93057419, 47.98844897], [106.9305785, 47.98850056], [106.93057876, 47.98855802], [106.93056469, 47.98875867], [106.93056315, 47.98883764], [106.93056624, 47.98892043], [106.93057284, 47.98898317], [106.93058113, 47.98903079], [106.93059238, 47.98907559], [106.93060602, 47.98912035], [106.93062408, 47.98915539], [106.93063766, 47.98919855], [106.93064358, 47.98922898], [106.93064248, 47.98924953], [106.93063389, 47.9892902], [106.93062021, 47.98937238], [106.93061138, 47.98942448], [106.93060407, 47.98945299], [106.93058655, 47.98949667], [106.93056394, 47.9895324], [106.93054946, 47.98954877], [106.93053626, 47.98956018], [106.93050342, 47.98957841], [106.93045851, 47.98959362], [106.93042072, 47.98960712], [106.9303831, 47.98962542], [106.9303599, 47.98964509], [106.93034178, 47.98967271], [106.93032641, 47.98970993], [106.93032176, 47.98973752], [106.93031745, 47.98976652], [106.93031118, 47.98979073], [106.93029754, 47.98981024], [106.93028032, 47.98982981], [106.9302666, 47.98984691], [106.93026216, 47.9898723], [106.93026413, 47.98992529], [106.93026213, 47.99000262], [106.93026473, 47.99003735], [106.93026917, 47.99006017], [106.93028119, 47.99009371], [106.93029895, 47.9901368], [106.9303182, 47.99017143], [106.93034076, 47.99019876], [106.9303648, 47.99021764], [106.93039607, 47.9902376], [106.93048793, 47.9902939], [106.93053193, 47.99031847], [106.9305614, 47.99033846], [106.93058733, 47.99035972], [106.93061689, 47.99038045], [106.93064101, 47.99039586], [106.93066977, 47.99040907], [106.93071433, 47.99042519], [106.93080043, 47.99046063], [106.93087881, 47.99049936], [106.93096189, 47.99053801], [106.93102587, 47.9905696], [106.93107722, 47.9905993], [106.93112849, 47.99062689], [106.93117368, 47.99065986], [106.93120129, 47.99068469], [106.93121934, 47.99070546], [106.93123131, 47.99073161], [106.93123688, 47.9907547], [106.93124237, 47.99077569], [106.93124779, 47.99079457], [106.93125834, 47.99082495], [106.93127698, 47.99086153], [106.93129879, 47.9908991], [106.93132044, 47.99093246], [106.93135351, 47.99097722], [106.93138137, 47.99100837], [106.93139624, 47.99102814], [106.93140797, 47.99104797], [106.93141526, 47.99107525], [106.93142024, 47.99110436], [106.93142209, 47.99113204], [106.931419, 47.99117531], [106.93140775, 47.99125243], [106.93138469, 47.99139193], [106.93137944, 47.99141942], [106.93137093, 47.9914438], [106.93136081, 47.99146716], [106.93134956, 47.99148263], [106.93132771, 47.99150566], [106.9312837, 47.99154645], [106.93121055, 47.99160564], [106.93111704, 47.99166623], [106.93105734, 47.99170729], [106.93102227, 47.99173528], [106.93098724, 47.99176432], [106.93095241, 47.99179863], [106.93089331, 47.99185548], [106.93084987, 47.99189767], [106.93082245, 47.99192026], [106.93080119, 47.99193959], [106.93078617, 47.99195776], [106.93077135, 47.99198119], [106.93075974, 47.99200668], [106.93075119, 47.99203001], [106.93074279, 47.99205755], [106.93072546, 47.99209789], [106.93071175, 47.99212231], [106.93069879, 47.9921405], [106.93067157, 47.99216836], [106.93065819, 47.9921886], [106.93064482, 47.99220885], [106.9306347, 47.99223221], [106.9306183, 47.99225567], [106.9305879, 47.99228253], [106.93053628, 47.99232977], [106.93051028, 47.99234812], [106.9304827, 47.9923665], [106.93045321, 47.99237543], [106.93041268, 47.99238349], [106.93036444, 47.99239484], [106.93031784, 47.99240827], [106.93028226, 47.99242257], [106.93022691, 47.99245406], [106.9301607, 47.9924889], [106.93009848, 47.99252425], [106.93003933, 47.99256049], [106.92997685, 47.99260147], [106.92993064, 47.99263504], [106.92986823, 47.99268773], [106.9298241, 47.99272536], [106.92979523, 47.99275114], [106.92977417, 47.99277573], [106.92974259, 47.99281315], [106.92972161, 47.99283985], [106.92969784, 47.99287608], [106.92966968, 47.99292082], [106.92965199, 47.99295168], [106.92964198, 47.99297819], [106.92963653, 47.99300042], [106.9296332, 47.99303736], [106.92963497, 47.99308476], [106.92963921, 47.99311419], [106.92964509, 47.99314571], [106.92965396, 47.99317297], [106.9296833, 47.99324414], [106.92970183, 47.9932943], [106.92971155, 47.99332797], [106.92971917, 47.99337088], [106.92972236, 47.99340034], [106.92972964, 47.99342691], [106.92974104, 47.99345201], [106.92976144, 47.99349383], [106.92978027, 47.99354972], [106.92979633, 47.99358739], [106.92980387, 47.99362099], [106.92980839, 47.99363561], [106.92981307, 47.99364332], [106.92983243, 47.99365704], [106.92986438, 47.99367196], [106.9299068, 47.99368671], [106.92994279, 47.99369734], [106.92997271, 47.99371371], [106.92999211, 47.99372883], [106.93000974, 47.99375243], [106.93002554, 47.99378308], [106.93004401, 47.99382914], [106.93005347, 47.99385849], [106.93006493, 47.99388499], [106.93008041, 47.99390722], [106.93010662, 47.99393629], [106.93013293, 47.99396816], [106.93015323, 47.99400717], [106.93016526, 47.99404912], [106.93017096, 47.99408978], [106.93017635, 47.99415352], [106.93017515, 47.99420212], [106.93017019, 47.99423733], [106.93016125, 47.99427824], [106.93014802, 47.9943164], [106.9301283, 47.99434905], [106.93009613, 47.99438472], [106.93002913, 47.99444065], [106.92993776, 47.99451666], [106.92986642, 47.99456845], [106.92982049, 47.99459665], [106.92978237, 47.99461623], [106.92974266, 47.99463209], [106.92968734, 47.99465015], [106.92957745, 47.99467869], [106.929455, 47.99470745], [106.92929751, 47.99475085], [106.92919582, 47.9947792], [106.92914013, 47.99479705], [106.92904112, 47.99483666], [106.92892563, 47.99488356], [106.92881035, 47.99493609], [106.92876148, 47.9949606], [106.92873027, 47.99497818], [106.928665, 47.99502424], [106.9285652, 47.99509899], [106.92848962, 47.99514944], [106.92839736, 47.99520158], [106.92835227, 47.99522763], [106.92830096, 47.99525519], [106.92825812, 47.99528542], [106.92823757, 47.99530391], [106.92822381, 47.99531972], [106.92820812, 47.99534809], [106.92820075, 47.99537491], [106.92819939, 47.9953946], [106.92820007, 47.99541286], [106.9282054, 47.99544369], [106.9282145, 47.99546321], [106.92822973, 47.99547841], [106.92824892, 47.99548792], [106.92826404, 47.99550031], [106.92827722, 47.99551696], [106.92828444, 47.99554213], [106.92829187, 47.99557292], [106.92829919, 47.9956009], [106.92835434, 47.99562185], [106.92838567, 47.99562513], [106.92842615, 47.9956454], [106.92847244, 47.99566939], [106.92851002, 47.9956878], [106.92858467, 47.99571131], [106.92864514, 47.99573505], [106.92876552, 47.99576731], [106.92887178, 47.99580171], [106.92894034, 47.99581389], [106.92897217, 47.9958305], [106.92901244, 47.99584506], [106.92907574, 47.99586875], [106.92919265, 47.99588393], [106.9292668, 47.99589411], [106.92934648, 47.99590039], [106.92944042, 47.99590833], [106.92952563, 47.99591071], [106.92966224, 47.99592175], [106.92975248, 47.99594746], [106.92983397, 47.99594328], [106.92990066, 47.99593513], [106.92993392, 47.99592895], [106.92996907, 47.99591712], [106.93000009, 47.99590676], [106.93005004, 47.9958989], [106.9301001, 47.99589384], [106.93016271, 47.99588857], [106.93021909, 47.99588481], [106.93026518, 47.99588544], [106.93030723, 47.99589036], [106.93034735, 47.99589952], [106.93038574, 47.99591855], [106.93045196, 47.99595397], [106.93048282, 47.99597241], [106.93050129, 47.99598546], [106.93051994, 47.99600208], [106.93053608, 47.99602], [106.93054913, 47.99603983], [106.93056527, 47.99607291], [106.93059535, 47.99614969], [106.93061683, 47.99621287], [106.93063569, 47.99627689], [106.93064547, 47.99631466], [106.93065212, 47.9963806], [106.93065443, 47.99644239], [106.93065218, 47.99655062], [106.93063656, 47.99674902], [106.93063065, 47.99681516], [106.93062245, 47.99687573], [106.93059672, 47.99697171], [106.93055776, 47.99710586], [106.9305247, 47.99720284], [106.93049317, 47.9972826], [106.93046221, 47.99735057], [106.93044464, 47.99738459], [106.93042879, 47.99740874], [106.93041263, 47.99742447], [106.930386, 47.99744037], [106.93036158, 47.99745905], [106.93033543, 47.9974876], [106.93032162, 47.99751031], [106.93030373, 47.99753591], [106.930294, 47.99755574], [106.93028491, 47.99758549], [106.9302734, 47.99761379], [106.93024516, 47.99764237], [106.93016623, 47.99771536], [106.93005079, 47.99781988], [106.92999783, 47.99787496], [106.92997411, 47.99789705], [106.92995552, 47.99791342], [106.92994362, 47.99792145], [106.92991475, 47.99793318], [106.92987944, 47.9979408], [106.92981055, 47.99794617], [106.92973972, 47.99795579], [106.92969202, 47.99796783], [106.92964458, 47.9979869], [106.92960974, 47.99800716], [106.92956884, 47.99803314], [106.92950565, 47.99807917], [106.92945036, 47.99811242], [106.92939644, 47.99814722], [106.92935521, 47.99817848], [106.92932179, 47.99820855], [106.9292915, 47.99823857], [106.92926451, 47.99827274], [106.92923905, 47.99830584], [106.92921669, 47.99833784], [106.92920222, 47.99837075], [106.92918951, 47.9984089], [106.92917445, 47.99846818], [106.92916292, 47.99853793], [106.92915319, 47.99861397], [106.92915355, 47.99870776], [106.92915559, 47.99876253], [106.92915857, 47.99880042], [106.9291665, 47.99884455], [106.92918592, 47.99890219], [106.9292013, 47.99893566], [106.92922437, 47.99896478], [106.92925231, 47.99899803], [106.92929986, 47.99905204], [106.92934588, 47.99910712], [106.92937068, 47.99914043], [106.92939555, 47.99917584], [106.92941901, 47.9992155], [106.9294329, 47.9992511], [106.92944675, 47.99928564], [106.92946386, 47.99932329], [106.92949376, 47.99936706], [106.92953503, 47.99942117], [106.92956336, 47.99946495], [106.92958357, 47.9995015], [106.92959546, 47.99952554], [106.92960244, 47.99954439], [106.92961249, 47.99956109], [106.92962567, 47.99957773], [106.92964038, 47.99959329], [106.92965827, 47.99960985], [106.92967959, 47.99962526], [106.92972905, 47.99965503], [106.9298289, 47.99972186], [106.92987253, 47.99974797], [106.92990431, 47.99976485], [106.92993307, 47.99977807], [106.9299506, 47.99978516], [106.92997438, 47.99979108], [106.93001401, 47.99980095], [106.93006305, 47.99981067], [106.93012166, 47.99982444], [106.93019314, 47.99984642], [106.93027251, 47.99986933], [106.93032666, 47.99988949], [106.93037464, 47.99991293], [106.93042219, 47.99993863], [106.93046448, 47.99996411], [106.93051121, 47.999996], [106.93054182, 48.00001656], [106.93056281, 48.00003202], [106.93057921, 48.00005071], [106.93058323, 48.00006074], [106.93058655, 48.00007904], [106.93059075, 48.00010743], [106.93059828, 48.00018737], [106.93060336, 48.00031905], [106.9306043, 48.00034433], [106.93060187, 48.00036334], [106.93059308, 48.00038035], [106.93057786, 48.00039325], [106.93054106, 48.00041705], [106.930444, 48.00046716], [106.93035809, 48.00052131], [106.93027994, 48.00057321], [106.93022188, 48.00061634], [106.93016523, 48.00065523], [106.93009033, 48.00071024], [106.93001105, 48.00077375], [106.92994839, 48.00082012], [106.9298571, 48.00089859], [106.92979629, 48.00095231], [106.92975526, 48.00098883], [106.92972646, 48.00101671], [106.92970394, 48.00104449], [106.92968762, 48.00107006], [106.92967299, 48.00109876], [106.92966165, 48.00113162], [106.92965656, 48.00116333], [106.92965467, 48.00119708], [106.92965943, 48.00124021], [106.92967128, 48.00130536], [106.92968093, 48.00135367], [106.92969321, 48.00138825], [106.92970859, 48.00142171], [106.92972531, 48.00145056], [106.92975364, 48.00149262], [106.92980163, 48.00155821], [106.92985773, 48.00163104], [106.92991212, 48.00169968], [106.92994653, 48.0017381], [106.92997584, 48.00176606], [106.93000962, 48.00178763], [106.93004803, 48.001807], [106.93009751, 48.0018283], [106.93019618, 48.00186353], [106.93031385, 48.00190266], [106.93040287, 48.00193172], [106.93048087, 48.00195992], [106.93053027, 48.00197912], [106.93057982, 48.00200252], [106.93060705, 48.00201682], [106.93064201, 48.00202782], [106.93069749, 48.00204165], [106.93077349, 48.00205828], [106.93085761, 48.00208216], [106.93095923, 48.00211207], [106.93101974, 48.00212739], [106.9310788, 48.00213904], [106.93112703, 48.00214104], [106.93115662, 48.00214063], [106.9311772, 48.00213879], [106.93122077, 48.00212822], [106.93128276, 48.0021061], [106.93134449, 48.00207696], [106.93138968, 48.00205372], [106.93142656, 48.00203202], [106.93145093, 48.00201194], [106.93146673, 48.00198638], [106.93147604, 48.00195531], [106.93148315, 48.00192146], [106.93149052, 48.00189464], [106.93150015, 48.00187199], [106.93151396, 48.00184928], [106.93153823, 48.00182639], [106.93157291, 48.00180192], [106.93159738, 48.00178901], [106.93162846, 48.00177569], [106.93170504, 48.00175192], [106.93178168, 48.00172955], [106.93184806, 48.00171298], [106.93191465, 48.00170202], [106.93196262, 48.001697], [106.93201499, 48.00169752], [106.93204167, 48.00170042], [106.93209288, 48.00170886], [106.93219186, 48.00172405], [106.93224652, 48.00173016], [106.93230108, 48.00173346], [106.93237014, 48.0017323], [106.93242878, 48.00173271], [106.9324653, 48.00173632], [106.932488, 48.00174222], [106.93250162, 48.00175582], [106.93251183, 48.00177828], [106.93251848, 48.00180583], [106.93252705, 48.0018346], [106.93253941, 48.00186457], [106.93255738, 48.00189444], [106.93259905, 48.00195661], [106.93261716, 48.00199025], [106.93262938, 48.00201645], [106.93263402, 48.00204025], [106.93263524, 48.00207292], [106.93263052, 48.00214718], [106.93262795, 48.00217866], [106.93262323, 48.00220263], [106.93260905, 48.00222424], [106.93258757, 48.002251], [106.93255233, 48.00228887], [106.93247014, 48.00236739], [106.93244487, 48.00239296], [106.93242882, 48.0024146], [106.93241675, 48.00244247], [106.93240538, 48.00248918], [106.93239185, 48.00252838], [106.93238563, 48.00256243], [106.93238657, 48.00258756], [106.93239509, 48.00261508], [106.93240928, 48.00264376], [106.93243536, 48.00268984], [106.93247383, 48.00274634], [106.93256096, 48.00285551], [106.93259504, 48.00290215], [106.9326308, 48.00295686], [106.93264892, 48.00299051], [106.93266133, 48.00302173], [106.93266615, 48.00305056], [106.93266592, 48.00309457], [106.9326619, 48.00313739], [106.93265222, 48.00317904], [106.93264249, 48.00321944], [106.9326234, 48.00325999], [106.93259878, 48.00330918], [106.93257964, 48.00334245], [106.93252259, 48.00342011], [106.93245319, 48.00351808], [106.93243199, 48.00355239], [106.93241439, 48.00358286], [106.93240424, 48.00361195], [106.93239446, 48.00365109], [106.93239016, 48.00368636], [106.93238174, 48.00371165], [106.932364, 48.00373835], [106.9323425, 48.00376699], [106.93232281, 48.00378934], [106.93228476, 48.00382392], [106.9322338, 48.00386376], [106.93216687, 48.00392774], [106.93211815, 48.0039776], [106.93208244, 48.00402472], [106.93205225, 48.00406923], [106.93203831, 48.00409713], [106.93203358, 48.00412109], [106.93203831, 48.00414742], [106.93205053, 48.00417361], [106.93206453, 48.00419727], [106.9320921, 48.00423326], [106.93212562, 48.00427796], [106.93215151, 48.00431902], [106.93220104, 48.0043911], [106.93222276, 48.00442091], [106.93224603, 48.0044419], [106.93227121, 48.0044641], [106.93229621, 48.00448129], [106.93232701, 48.0045034], [106.9323676, 48.00453666], [106.93243941, 48.00460335], [106.9325211, 48.00468369], [106.93257957, 48.00474432], [106.93260788, 48.00477803], [106.93262872, 48.00480635], [106.932647, 48.0048358], [106.93266281, 48.00486613], [106.93267929, 48.00490608], [106.93269155, 48.00493354], [106.93270354, 48.00495345], [106.93271932, 48.00497456], [106.9327445, 48.00499677], [106.9327791, 48.00502007], [106.93280049, 48.00504109], [106.93281804, 48.00505965], [106.93282624, 48.00507837], [106.93282925, 48.00509707], [106.93282802, 48.00512612], [106.93282208, 48.00516771], [106.93281268, 48.0052169], [106.93280468, 48.0052535], [106.93279448, 48.00528133], [106.93277847, 48.00530423], [106.93276247, 48.00532713], [106.93275185, 48.00534365], [106.93274319, 48.00536266], [106.93273313, 48.00539426], [106.93272073, 48.00546362], [106.9327161, 48.0054901], [106.93270585, 48.00551667], [106.93268456, 48.00554846], [106.93266116, 48.005574], [106.93263761, 48.00559577], [106.93260284, 48.00561773], [106.93256043, 48.00563605], [106.93251423, 48.00565317], [106.93245666, 48.00566671], [106.93237849, 48.0056806], [106.93228928, 48.0056997], [106.93215358, 48.00572839], [106.9320756, 48.0057473], [106.93201461, 48.0057697], [106.93195198, 48.00579842], [106.93186731, 48.00583882], [106.93181231, 48.00587117], [106.93175746, 48.0059073], [106.93170648, 48.00594713], [106.93163576, 48.00600993], [106.93155852, 48.00608712], [106.93147359, 48.00618239], [106.93137871, 48.00630091], [106.93131738, 48.00638235], [106.93128258, 48.0064358], [106.93125706, 48.00648287], [106.93123901, 48.00652328], [106.9312173, 48.00659406], [106.93120324, 48.00664259], [106.93119769, 48.00667108], [106.93119519, 48.00669933], [106.93119582, 48.0067214], [106.9312027, 48.00675523], [106.93121127, 48.00678401], [106.93122757, 48.00681894], [106.93125791, 48.00687878], [106.93129395, 48.00694103], [106.93134175, 48.00701692], [106.93139522, 48.00709398], [106.93142499, 48.00713874], [106.93145833, 48.00717841], [106.93149171, 48.00721934], [106.93151343, 48.00724915], [106.93152757, 48.00727657], [106.93154204, 48.00731279], [106.93155122, 48.00735789], [106.93155356, 48.00742072], [106.93155071, 48.00749494], [106.93154741, 48.0075254], [106.93154318, 48.00754411], [106.93153504, 48.00756627], [106.93152587, 48.00758211], [106.93151439, 48.00759545], [106.93150059, 48.00760768], [106.93146024, 48.007631], [106.9314162, 48.00765562], [106.93138142, 48.00767758], [106.93134851, 48.00769951], [106.93133803, 48.00771053], [106.93131987, 48.0077352], [106.93129118, 48.00776962], [106.93125307, 48.00780295], [106.93121109, 48.00783258], [106.93110113, 48.00789855], [106.93098014, 48.00796973], [106.93091226, 48.00800859], [106.93087393, 48.00803564], [106.93084765, 48.00805593], [106.93083213, 48.00807029], [106.93080891, 48.00810085], [106.9307929, 48.00812375], [106.9307828, 48.0081541], [106.93077807, 48.00817807], [106.9307659, 48.00820342], [106.93075526, 48.00822244], [106.93074643, 48.00823392], [106.93073314, 48.00824595], [106.93071367, 48.00825962], [106.93066587, 48.00828431], [106.93063489, 48.00829886], [106.93061424, 48.00830655], [106.9305715, 48.00831607], [106.93052862, 48.00832182], [106.93046871, 48.00832282], [106.93043884, 48.00832584], [106.9304072, 48.0083314], [106.93036465, 48.00834595], [106.93031447, 48.00835685], [106.93026218, 48.0083615], [106.93021907, 48.00836097], [106.93018522, 48.00835777], [106.93016092, 48.00835341], [106.93015056, 48.00835002], [106.92997809, 48.00830358], [106.92985105, 48.0082534], [106.92968784, 48.00816974], [106.92947772, 48.0080933], [106.92931498, 48.00806938], [106.92914572, 48.00809888], [106.92892198, 48.00819022], [106.92875967, 48.00825388], [106.92873952, 48.00832276], [106.92888268, 48.00850695], [106.92901622, 48.00863731], [106.92917865, 48.00882747], [106.92940571, 48.00909331], [106.92946604, 48.00923106], [106.92949043, 48.00931117], [106.92949664, 48.00938745], [106.92950551, 48.00950628], [106.92946674, 48.00961958], [106.92937353, 48.00968831], [106.92919964, 48.00976236], [106.92905093, 48.00981909], [106.92893707, 48.00985604], [106.92888127, 48.00987074], [106.92875511, 48.00990058], [106.92866645, 48.00992458], [106.92862334, 48.00993423], [106.92858436, 48.0099405], [106.9285152, 48.00994862], [106.92840884, 48.00996046], [106.92832851, 48.00996684], [106.92825389, 48.00997563], [106.92815704, 48.00999109], [106.92807535, 48.01001132], [106.92798449, 48.01003674], [106.92794603, 48.01005014], [106.92791797, 48.01006174], [106.92787387, 48.01008511], [106.9278338, 48.01011596], [106.9277978, 48.01015554], [106.92775136, 48.01021667], [106.92770474, 48.01027277], [106.92767316, 48.01030752], [106.92765058, 48.01032774], [106.92761402, 48.01035224], [106.92757563, 48.01037803], [106.92754099, 48.01040376], [106.92751033, 48.01043571], [106.92747077, 48.01048038], [106.92740747, 48.01055855], [106.92734038, 48.01063511], [106.92730424, 48.01067092], [106.92726036, 48.01070015], [106.927204, 48.0107296], [106.9271525, 48.01075561], [106.92711848, 48.01078132], [106.92710558, 48.01079543], [106.92708984, 48.01081701], [106.92705476, 48.0108813], [106.92699378, 48.01098793], [106.92693542, 48.01109788], [106.92691233, 48.01115184], [106.92689204, 48.01120757], [106.92687659, 48.01125407], [106.92686988, 48.01128338], [106.92686676, 48.01133372], [106.926869, 48.01135975], [106.92687356, 48.01138222], [106.92688209, 48.01140754], [106.92689279, 48.01142883], [106.92690718, 48.01144838], [106.92693199, 48.01147512], [106.92695894, 48.01150072], [106.92699915, 48.01153434], [106.92717368, 48.01159057], [106.92719531, 48.01159973], [106.92724912, 48.01161549], [106.92734609, 48.01164719], [106.92743943, 48.01167657], [106.92750319, 48.01171866], [106.927533, 48.0117258], [106.92756124, 48.01173445], [106.9275897, 48.01174535], [106.92762216, 48.01176025], [106.92765482, 48.0117781], [106.92770393, 48.01180917], [106.92777115, 48.01185435], [106.92784506, 48.01190906], [106.92790486, 48.01195662], [106.92795848, 48.01200271], [106.92801354, 48.01205231], [106.928044, 48.01208509], [106.9280659, 48.01211441], [106.92808101, 48.01213979], [106.92809191, 48.01216539], [106.92810055, 48.01219478], [106.92810705, 48.0122349], [106.92810112, 48.01227691], [106.92808558, 48.01232914], [106.92806036, 48.01238991], [106.92803464, 48.01243728], [106.92801545, 48.01246179], [106.92799151, 48.01248662], [106.92794058, 48.01252771], [106.92789877, 48.01256129], [106.92787248, 48.01257747], [106.92784223, 48.01258961], [106.92779352, 48.01260394], [106.92774107, 48.01261647], [106.92765963, 48.01263133], [106.92759987, 48.0126424], [106.92756525, 48.01264633], [106.92752358, 48.01264658], [106.92747268, 48.01264285], [106.92743258, 48.01263806], [106.92740233, 48.0126323], [106.92734416, 48.01261316], [106.92728617, 48.01259904], [106.92724367, 48.0125925], [106.9271883, 48.01258728], [106.92713207, 48.01258468], [106.92705328, 48.01258451], [106.92696331, 48.01258714], [106.9268413, 48.01259477], [106.92674167, 48.01260317], [106.92658738, 48.01261915], [106.9263759, 48.01264281], [106.92610955, 48.01266907], [106.92592791, 48.01268888], [106.92582335, 48.01269902], [106.92573902, 48.01271552], [106.92565488, 48.01273705], [106.9255512, 48.01277064], [106.92545027, 48.01281089], [106.92537981, 48.01284301], [106.92532511, 48.01287166], [106.92528289, 48.0128974], [106.92523728, 48.01292845], [106.92519253, 48.01296102], [106.92516444, 48.01298499], [106.92514518, 48.01300512], [106.9251213, 48.01303433], [106.92507155, 48.01310725], [106.92503013, 48.01317048], [106.92500551, 48.01321229], [106.92497728, 48.01326953], [106.92495245, 48.01333053], [106.92492567, 48.01341647], [106.92491306, 48.01348038], [106.9248904, 48.01354279], [106.92487697, 48.01358492], [106.92487335, 48.01362186], [106.92487526, 48.01364206], [106.92487966, 48.01365696], [106.92488853, 48.01367247], [106.92490075, 48.01368678], [106.9249392, 48.01371296], [106.92497029, 48.01374261], [106.92500156, 48.01377729], [106.9250334, 48.01382705], [106.92507341, 48.01389511], [106.92512746, 48.01400484], [106.92519968, 48.01413271], [106.92524849, 48.01423583], [106.9253066, 48.0143874], [106.92532602, 48.01443904], [106.92533432, 48.0144607], [106.9253551, 48.01448214], [106.92538088, 48.0145035], [106.92541222, 48.01453986], [106.92544399, 48.01458794], [106.92549474, 48.01467594], [106.92553007, 48.01475246], [106.92554911, 48.01479405], [106.9255529, 48.0148153], [106.92555329, 48.01483924], [106.92555058, 48.01486277], [106.92554493, 48.01488296], [106.92552383, 48.0149202], [106.92548088, 48.01497456], [106.92543565, 48.01502398], [106.9253918, 48.0150649], [106.92535413, 48.01509475], [106.92530428, 48.01513007], [106.92524535, 48.01516844], [106.92518705, 48.01520244], [106.92513766, 48.01522762], [106.92504222, 48.01527193], [106.92487747, 48.01535056], [106.92477942, 48.01539368], [106.92469831, 48.015426], [106.92462423, 48.01545328], [106.92454527, 48.01547974], [106.92450088, 48.01549557], [106.92445625, 48.0155047], [106.92440643, 48.01550889], [106.92434638, 48.01550655], [106.9241711, 48.01549607], [106.9239882, 48.01548237], [106.92391809, 48.01547852], [106.92387321, 48.01548095], [106.92383095, 48.01548668], [106.92380577, 48.01549402], [106.92377177, 48.01550779], [106.92370803, 48.01554071], [106.92361496, 48.01559088], [106.92357119, 48.01561728], [106.92354173, 48.01563737], [106.92348605, 48.01568524], [106.92342818, 48.01574153], [106.92338473, 48.01578249], [106.92335813, 48.01580641], [106.92333952, 48.01581677], [106.92331394, 48.01582726], [106.92324958, 48.01584343], [106.92319521, 48.01585943], [106.92316602, 48.01587121], [106.92312885, 48.01588904], [106.92305056, 48.01593393], [106.92297222, 48.01597715], [106.92292198, 48.01600086], [106.9228739, 48.01602071], [106.92281932, 48.01603904], [106.9227207, 48.01606686], [106.92252282, 48.01612046], [106.92242131, 48.01614563], [106.92234971, 48.01616862], [106.92229565, 48.016193], [106.92223946, 48.01622746], [106.92217585, 48.01626373], [106.92213538, 48.01628401], [106.92210219, 48.01629849], [106.92204051, 48.01631964], [106.92196903, 48.01634598], [106.92188013, 48.01637429], [106.92182595, 48.01639532], [106.92176945, 48.01642141], [106.92169591, 48.01645952], [106.92165409, 48.01647698], [106.92161944, 48.01648594], [106.9215896, 48.0164898], [106.92156226, 48.01649361], [106.92154009, 48.01650236], [106.92152549, 48.01651266], [106.92150607, 48.01652807], [106.92149444, 48.01654319], [106.92148022, 48.01657209], [106.92145487, 48.01662951], [106.92142759, 48.01670205], [106.92140954, 48.01675432], [106.92139669, 48.01679282], [106.92139181, 48.01681497], [106.92138981, 48.01683886], [106.92139093, 48.01685857], [106.92140235, 48.01689693], [106.92141589, 48.0169252], [106.92143431, 48.01695004], [106.92147394, 48.01700805], [106.92151765, 48.01708743], [106.9215431, 48.01712089], [106.92156553, 48.01714211], [106.92159216, 48.01716365], [106.92163829, 48.01719473], [106.9216946, 48.0172265], [106.92175546, 48.0172548], [106.92179897, 48.01727983], [106.92184022, 48.01730822], [106.92187836, 48.01733937], [106.92191247, 48.01737255], [106.92193588, 48.01740012], [106.92195773, 48.01743127], [106.92197834, 48.01746644], [106.92199877, 48.01750743], [106.92201309, 48.01754306], [106.92202493, 48.01758322], [106.92204647, 48.0176975], [106.92206263, 48.01780238], [106.92206918, 48.01787943], [106.92206781, 48.01794853], [106.92205813, 48.01801086], [106.92203804, 48.01807896], [106.9220097, 48.01814647], [106.92186602, 48.01819296], [106.92168672, 48.01826143], [106.9215657, 48.01834678], [106.92148357, 48.01840469], [106.9214183, 48.01843852], [106.92131035, 48.01851769], [106.92119588, 48.01854044], [106.92107774, 48.01858408], [106.92093234, 48.01861031], [106.92080346, 48.01860354], [106.92070594, 48.01858478], [106.92063614, 48.01851707], [106.92055414, 48.01845892], [106.92037075, 48.01829832], [106.92013738, 48.01822485], [106.92000107, 48.01825689], [106.91984348, 48.01831309], [106.91964999, 48.01835798], [106.91939145, 48.01832362], [106.91920239, 48.01836844], [106.9190714, 48.01842419], [106.91894526, 48.0186108], [106.91887022, 48.01874001], [106.91881701, 48.01885994], [106.91877266, 48.01897971], [106.9187681, 48.01909584], [106.91881164, 48.01919332], [106.91887192, 48.01926373], [106.91900612, 48.01929422], [106.91913001, 48.0192862], [106.91924904, 48.01926635], [106.9194115, 48.01922198], [106.91957463, 48.01919544], [106.91972989, 48.01919582], [106.91982009, 48.01923598], [106.91987151, 48.01930654], [106.91989189, 48.01937762], [106.9199034, 48.01944884], [106.91992467, 48.01954371], [106.91997586, 48.01960832], [106.92005376, 48.01967547], [106.92009165, 48.0197403], [106.9200369, 48.01981859], [106.92001262, 48.01988148], [106.91998025, 48.01996535], [106.91988981, 48.02003828], [106.91982941, 48.02008393], [106.91974274, 48.02013894], [106.91969109, 48.02018146], [106.91958691, 48.02024272], [106.91950046, 48.02030368], [106.91939152, 48.02035609], [106.91919087, 48.02035878], [106.919037, 48.02031402], [106.91885782, 48.02026466], [106.91870166, 48.02026251], [106.91849765, 48.02030876], [106.91835868, 48.02038723], [106.91823335, 48.02045119], [106.91795968, 48.02053191], [106.91782176, 48.02063892], [106.91779887, 48.02078685], [106.91783182, 48.02091004], [106.91782135, 48.02101016], [106.91776904, 48.02113002], [106.91770097, 48.02120731], [106.91757582, 48.02127603], [106.91748559, 48.02132989], [106.91736718, 48.02138898], [106.91733473, 48.02147043], [106.91734535, 48.02156544], [106.91745328, 48.02160647], [106.91758958, 48.02164703], [106.91763547, 48.02173669], [106.91764715, 48.02186024], [106.9176886, 48.02202137], [106.91761591, 48.02216536], [106.91748432, 48.02232343], [106.91739523, 48.0224082], [106.91732511, 48.02252598], [106.91734414, 48.02265654], [106.917469, 48.02277106], [106.9175856, 48.02294997], [106.91762855, 48.02315153], [106.91765148, 48.02334575], [106.91765442, 48.02337066], [106.91770661, 48.02357254], [106.91773294, 48.02380573], [106.91772035, 48.02385018], [106.91764163, 48.02407497], [106.91760048, 48.02418125], [106.91755792, 48.02428403], [106.91749985, 48.02442361], [106.91747964, 48.02446494], [106.91745887, 48.02450124], [106.91742596, 48.02454943], [106.91738468, 48.02460131], [106.91733602, 48.02465633], [106.91725365, 48.02474419], [106.91719539, 48.02480215], [106.91710891, 48.02482816], [106.91698966, 48.02484206], [106.91670138, 48.02484389], [106.91650553, 48.02494536], [106.91638071, 48.02504862], [106.91634013, 48.02515047], [106.91634853, 48.02525746], [106.91638752, 48.02535204], [106.91641256, 48.02542899], [106.91642478, 48.02550053], [106.91639568, 48.02555606], [106.91637644, 48.02560166], [106.9163646, 48.02564313], [106.91636007, 48.02568124], [106.91636096, 48.02571134], [106.91636505, 48.0257418], [106.91637224, 48.02577182], [106.91638235, 48.02580063], [106.91640215, 48.02583813], [106.91643178, 48.02587788], [106.91647122, 48.02592038], [106.91653175, 48.02597777], [106.91656948, 48.02600965], [106.91661575, 48.02604307], [106.91681011, 48.02610084], [106.91760847, 48.02597741], [106.91794009, 48.02594806], [106.91814745, 48.02603685], [106.91824996, 48.02610578], [106.91831143, 48.02614968], [106.91845543, 48.02620728], [106.91856503, 48.02629174], [106.91855449, 48.02636632], [106.91849984, 48.02644757], [106.91841936, 48.0265501], [106.91834962, 48.02670303], [106.91830648, 48.02685551], [106.91831988, 48.0269773], [106.91833804, 48.02710793], [106.91838612, 48.0272083], [106.91838046, 48.0272947], [106.91827172, 48.02735305], [106.91810667, 48.02744806], [106.91800878, 48.0275598], [106.91797307, 48.02767347], [106.91794357, 48.02783466], [106.917939, 48.02795079], [106.91795562, 48.02803979], [106.91800393, 48.02814611], [106.91812273, 48.02823935], [106.91819987, 48.02828568], [106.91829573, 48.02835847], [106.91848459, 48.02842673], [106.91862812, 48.02846897], [106.91882464, 48.02850438], [106.91892361, 48.02854141], [106.91909562, 48.02863376], [106.91916811, 48.02867421], [106.91919594, 48.02871974], [106.9193246, 48.02882634], [106.91937214, 48.02891184], [106.91939806, 48.02901258], [106.9193832, 48.0290902], [106.91931202, 48.02920447], [106.91922666, 48.02929517], [106.91916746, 48.02937353], [106.91906492, 48.0294794], [106.91886673, 48.02951842], [106.91865158, 48.02957856], [106.91848515, 48.02959057], [106.91839674, 48.0296453], [106.91828678, 48.02967095], [106.91819046, 48.02970529], [106.91799813, 48.0297829], [106.9178344, 48.02991359], [106.91774758, 48.03008466], [106.91777926, 48.03022102], [106.91789984, 48.03036184], [106.91811119, 48.03055769], [106.91840575, 48.03059893], [106.91893563, 48.030657], [106.91917039, 48.03076616], [106.91925362, 48.03085702], [106.91930681, 48.03097516], [106.91928584, 48.03112727], [106.91927928, 48.03130891], [106.91919447, 48.03141448], [106.9190068, 48.03149796], [106.91876847, 48.0315317], [106.91856796, 48.03155187], [106.91842374, 48.03156722], [106.91814107, 48.0316017], [106.9179084, 48.03166807], [106.91778789, 48.03176829], [106.91774686, 48.03185825], [106.91775959, 48.03196219], [106.91785514, 48.03202606], [106.91799069, 48.03209224], [106.91816106, 48.03213998], [106.91831324, 48.03217613], [106.91839372, 48.03219264], [106.91852872, 48.03224395], [106.91873966, 48.03230886], [106.91882256, 48.0323908], [106.91896774, 48.03259668], [106.91907447, 48.03272286], [106.91919351, 48.03282205], [106.91920536, 48.03290219], [106.91916877, 48.03299208], [106.91910414, 48.03304375], [106.91906567, 48.03308308], [106.91892244, 48.03316879], [106.91875007, 48.03318655], [106.91860719, 48.03316216], [106.9183874, 48.03310227], [106.91824838, 48.03305804], [106.91816369, 48.03304756], [106.91806515, 48.03302242], [106.91793579, 48.03300375], [106.91775855, 48.03300968], [106.91766133, 48.03302024], [106.91751322, 48.03309413], [106.91742331, 48.03318193], [106.91732929, 48.03327872], [106.91719857, 48.03346243], [106.9171183, 48.0335709], [106.91695753, 48.03378189], [106.91690752, 48.03386902], [106.9169013, 48.03394054], [106.9169351, 48.03401437], [106.91699916, 48.03406687], [106.9170426, 48.03416137], [106.91687199, 48.03422671], [106.91665981, 48.0342481], [106.9164605, 48.03425738], [106.91628501, 48.0343109], [106.9161841, 48.03446137], [106.91604574, 48.0345589], [106.91590008, 48.03457919], [106.9157215, 48.03454943], [106.91546842, 48.03454473], [106.91531621, 48.03462761], [106.91529192, 48.03469051], [106.91536405, 48.03484107], [106.91535778, 48.03515066], [106.91527779, 48.03550611], [106.91506564, 48.03588758], [106.91500372, 48.03601424], [106.91467669, 48.03614027], [106.91456842, 48.03618172], [106.91432208, 48.03627227], [106.91421423, 48.03631415], [106.91409159, 48.0363668], [106.91398698, 48.0364187], [106.91390721, 48.03646256], [106.91384049, 48.03650148], [106.91378152, 48.03653855], [106.9137291, 48.03657456], [106.91363904, 48.03664404], [106.91356099, 48.03671378], [106.91350755, 48.03676798], [106.91346267, 48.03681868], [106.9134253, 48.03686707], [106.91339513, 48.03691358], [106.91338028, 48.03694171], [106.91336745, 48.03697176], [106.91334723, 48.0370392], [106.91333545, 48.03710207], [106.91318543, 48.03723421], [106.91314739, 48.03728544], [106.91306977, 48.03734624], [106.91301422, 48.03740371], [106.91295013, 48.03747024], [106.91287772, 48.0375518], [106.91280054, 48.0376245], [106.912737, 48.03770591], [106.91263776, 48.03778195], [106.91257433, 48.03786633], [106.9125242, 48.03795049], [106.91245245, 48.03804988], [106.91237648, 48.0381553], [106.91231759, 48.03824258], [106.91216921, 48.03842955], [106.91208713, 48.03851689], [106.91200562, 48.03856194], [106.91193602, 48.03860514], [106.91187305, 48.03864974], [106.91180712, 48.03870213], [106.91174316, 48.03875735], [106.91161446, 48.03887321], [106.91145607, 48.03901982], [106.91122888, 48.03924339], [106.91110223, 48.03936572], [106.91104004, 48.03943347], [106.91097171, 48.03952269], [106.91094323, 48.03956548], [106.9109184, 48.03960727], [106.91088657, 48.0396705], [106.91085568, 48.03974473], [106.91083822, 48.03979519], [106.91082247, 48.03985118], [106.91088365, 48.04002217], [106.91095708, 48.0400879], [106.9112288, 48.04012111], [106.91137933, 48.04016144], [106.91154512, 48.04032645], [106.91152275, 48.04044104], [106.91137631, 48.0405113], [106.9111305, 48.04057751], [106.91084134, 48.04067754], [106.91067353, 48.04079428], [106.91055462, 48.04088906], [106.91044673, 48.04099437], [106.91035815, 48.04104582], [106.91031656, 48.04109604], [106.91025624, 48.04116888], [106.91016858, 48.0412453], [106.91007134, 48.04135043], [106.9099773, 48.0413984], [106.90982409, 48.0414295], [106.90968525, 48.04141753], [106.90957636, 48.04135152], [106.90946109, 48.04125706], [106.90936302, 48.04113957], [106.90926791, 48.04108759], [106.90915638, 48.04107159], [106.90902811, 48.04108265], [106.90887766, 48.04109407], [106.90868319, 48.04111516], [106.9085467, 48.04114421], [106.90839735, 48.04118538], [106.9082307, 48.04123873], [106.9080992, 48.04128258], [106.90794361, 48.04139527], [106.90787606, 48.04148864], [106.90781294, 48.04158194], [106.9077628, 48.04166609], [106.9077396, 48.04175873], [106.90777471, 48.04186825], [106.90784596, 48.04197164], [106.90785653, 48.04202108], [106.90792486, 48.04208894], [106.90798317, 48.04210583], [106.9081599, 48.04208504], [106.90851978, 48.04209691], [106.90864161, 48.04215143], [106.90871575, 48.04223649], [106.90866528, 48.04231173], [106.90860693, 48.04241387], [106.90857262, 48.04256621], [106.90852835, 48.04268895], [106.90846889, 48.04276136], [106.90833772, 48.04281413], [106.90820298, 48.04289076], [106.90803233, 48.04295609], [106.90796738, 48.04299541], [106.90791484, 48.04302377], [106.90790084, 48.04303533], [106.90788322, 48.04304644], [106.90786198, 48.0430571], [106.90780881, 48.04307705], [106.90773997, 48.04309567], [106.90769443, 48.0431041], [106.90764347, 48.04310924], [106.90758792, 48.04311098], [106.90752952, 48.04310927], [106.90748054, 48.0431043], [106.90742703, 48.04309473], [106.90736847, 48.04308068], [106.90728652, 48.04305773], [106.9072378, 48.04304207], [106.90718544, 48.04302188], [106.90701939, 48.04294733], [106.90695753, 48.04292173], [106.90674528, 48.04284685], [106.90667503, 48.04282032], [106.90664289, 48.04280583], [106.90654627, 48.04275681], [106.90651393, 48.04274477], [106.90648362, 48.04273761], [106.9064565, 48.04273421], [106.90642733, 48.04273249], [106.9063649, 48.04273418], [106.90630142, 48.04274254], [106.90624324, 48.04275676], [106.90620809, 48.0427693], [106.90617422, 48.0427845], [106.90614354, 48.04280149], [106.90611747, 48.04281947], [106.90609907, 48.04283688], [106.90608312, 48.04285864], [106.9060462, 48.04293345], [106.90603215, 48.0429573], [106.90601644, 48.04305137], [106.90603747, 48.04313205], [106.90610707, 48.04321421], [106.90615893, 48.04329668], [106.90617065, 48.04337385], [106.90618194, 48.04343913], [106.90615796, 48.04351095], [106.90617379, 48.04357913], [106.90615337, 48.04362708], [106.90611998, 48.04368417], [106.90604388, 48.04378661], [106.90601016, 48.04383479], [106.90588205, 48.04397082], [106.90577502, 48.04407675], [106.90564462, 48.04419269], [106.90516011, 48.04436965], [106.90478829, 48.04451568], [106.9046914, 48.04456072], [106.90468022, 48.04461084], [106.90467188, 48.04466406], [106.90466622, 48.04472148], [106.90466228, 48.0448269], [106.90466315, 48.04505911], [106.90465888, 48.04515392], [106.90464969, 48.0453789], [106.9046425, 48.04543846], [106.90463114, 48.0454912], [106.90459983, 48.04559467], [106.90456669, 48.04567724], [106.90454799, 48.04571432], [106.90452775, 48.04574871], [106.90450585, 48.04578065], [106.90448217, 48.04581028], [106.90443839, 48.04585524], [106.90438263, 48.04590229], [106.90431543, 48.04595158], [106.90420874, 48.04602364], [106.90412882, 48.04607318], [106.90403403, 48.04612433], [106.90394017, 48.04617029], [106.90371503, 48.04627561], [106.90360723, 48.04633001], [106.90345201, 48.04641617], [106.90319219, 48.04672339], [106.90315698, 48.04685194], [106.90314423, 48.04710806], [106.90312874, 48.04728984], [106.90311506, 48.04740017], [106.90297844, 48.04742624], [106.90282255, 48.04741097], [106.90266655, 48.04739273], [106.90251142, 48.04739827], [106.90234951, 48.04746047], [106.9022402, 48.04753077], [106.90223601, 48.04760319], [106.90223601, 48.04765516], [106.90223905, 48.04771068], [106.90225473, 48.04783865], [106.90226472, 48.0478895], [106.90227969, 48.04794532], [106.90239568, 48.0481114], [106.90240587, 48.04814694], [106.90244031, 48.04823862], [106.90243549, 48.04834881], [106.90244878, 48.04842727], [106.9024542, 48.048518], [106.90248982, 48.0486187], [106.90251107, 48.04871357], [106.90262332, 48.04886943], [106.90271088, 48.04895726], [106.90281805, 48.04909534], [106.90288239, 48.0492758], [106.90288135, 48.04936806], [106.90285633, 48.04953215], [106.9027414, 48.04966499], [106.90256502, 48.0498167], [106.90245321, 48.04991378], [106.90219289, 48.0500758], [106.90214912, 48.05015568], [106.902177, 48.05032144], [106.90219453, 48.05040299], [106.90221577, 48.05048776], [106.90227023, 48.05067019], [106.90231412, 48.05079402], [106.90238155, 48.05096474], [106.90245605, 48.05112366], [106.90247096, 48.05116313], [106.9024806, 48.05119888], [106.90249232, 48.05126323], [106.90249713, 48.05131432], [106.90249577, 48.05135991], [106.90248804, 48.05140085], [106.90247805, 48.05142997], [106.90246396, 48.05146087], [106.90244562, 48.05149384], [106.90242247, 48.05152992], [106.90238783, 48.0515747], [106.90234306, 48.05162157], [106.90228757, 48.05167148], [106.90220901, 48.05173555], [106.9021521, 48.05177719], [106.90208354, 48.05182052], [106.9020148, 48.05185979], [106.90184744, 48.05195103], [106.90176658, 48.05199886], [106.90160343, 48.05210437], [106.90143075, 48.05222182], [106.90124396, 48.0523542], [106.90101225, 48.05252331], [106.90081952, 48.05265931], [106.90076946, 48.05269925], [106.90072874, 48.05273683], [106.90067361, 48.05279797], [106.90062227, 48.05286661], [106.90057428, 48.05294329], [106.90052853, 48.05302981], [106.90050391, 48.05308655], [106.90048198, 48.05315088], [106.90046373, 48.05321691], [106.90042997, 48.05335478], [106.90040826, 48.05345407], [106.90036906, 48.05367949], [106.90034516, 48.05378058], [106.90031212, 48.05390796], [106.90029832, 48.05394489], [106.90028206, 48.05397698], [106.90025739, 48.05401446], [106.90022673, 48.05405309], [106.90019005, 48.05409293], [106.90014718, 48.05413415], [106.90010556, 48.05416802], [106.90005372, 48.05420285], [106.90000091, 48.054234], [106.89987295, 48.05430512], [106.8998132, 48.05434176], [106.89973842, 48.05439261], [106.89965732, 48.05445066], [106.89939416, 48.05464817], [106.89929461, 48.05472084], [106.89926016, 48.05474351], [106.89916901, 48.05479711], [106.89912986, 48.05482246], [106.89909403, 48.05485123], [106.89906935, 48.0548795], [106.8990504, 48.05491396], [106.89903693, 48.05495421], [106.8990288, 48.05500059], [106.89902558, 48.05505537], [106.89902767, 48.05509043], [106.89903507, 48.05512947], [106.89907293, 48.05524994], [106.89909465, 48.05531135], [106.89915065, 48.05545075], [106.89919021, 48.05555106], [106.89920656, 48.05560476], [106.89921617, 48.05565214], [106.89922201, 48.05569532], [106.89922421, 48.05573545], [106.89922279, 48.0557729], [106.89921222, 48.05583537], [106.89919152, 48.05590004], [106.89916109, 48.0559657], [106.89912174, 48.05603056], [106.89909856, 48.0560607], [106.89906856, 48.05609288], [106.89895102, 48.05619984], [106.89890849, 48.05624291], [106.89883657, 48.05632121], [106.89880371, 48.05635961], [106.89877529, 48.05639829], [106.89875476, 48.05643407], [106.89873458, 48.05648503], [106.89872095, 48.05654132], [106.89871384, 48.05660303], [106.89871321, 48.05667053], [106.89871832, 48.05672452], [106.8987298, 48.05678149], [106.89874768, 48.05684162], [106.89877209, 48.05690533], [106.89880774, 48.05697584], [106.89880771, 48.05710705], [106.89848786, 48.05734147], [106.89834951, 48.05744196], [106.89829134, 48.05755005], [106.89827699, 48.05764254], [106.89835935, 48.05770962], [106.89850037, 48.05780251], [106.89857562, 48.05791732], [106.89862436, 48.05803555], [106.89863662, 48.0581276], [106.89867063, 48.05820738], [106.89864231, 48.05828224], [106.89856475, 48.05834602], [106.898482, 48.05838904], [106.89835696, 48.05848931], [106.8982094, 48.05858102], [106.89815123, 48.05868911], [106.8981423, 48.05880829], [106.89813704, 48.05890658], [106.89820527, 48.0590721], [106.89825805, 48.05930036], [106.89840214, 48.05947652], [106.89839255, 48.05957786], [106.8983754, 48.05971503], [106.8983801, 48.05984291], [106.89836553, 48.05992945], [106.89831667, 48.06004929], [106.89803609, 48.06027194], [106.89751131, 48.06036017], [106.89727557, 48.06046822], [106.89717067, 48.06063362], [106.89691514, 48.0610485], [106.89689667, 48.06114998], [106.89695253, 48.06122047], [106.89716706, 48.0613806], [106.89756271, 48.0615169], [106.89784982, 48.06159846], [106.89823356, 48.06169612], [106.8982893, 48.06171915], [106.89837091, 48.06176542], [106.89840678, 48.06189576], [106.89836968, 48.06221478], [106.89830257, 48.06244205], [106.8982232, 48.06257727], [106.89807989, 48.06270733], [106.89807232, 48.06273414], [106.89806284, 48.06275748], [106.89803912, 48.06279723], [106.89800491, 48.06283938], [106.89796075, 48.06288403], [106.89788899, 48.06294897], [106.89785214, 48.06297995], [106.89781086, 48.0630108], [106.89776471, 48.06304186], [106.8977128, 48.06307372], [106.89761487, 48.06312826], [106.89734799, 48.06326778], [106.89726804, 48.06331045], [106.89717672, 48.06335601], [106.89694536, 48.0633203], [106.89673015, 48.06338337], [106.89666212, 48.06346484], [106.89658088, 48.0635495], [106.89650244, 48.06358948], [106.89640051, 48.06359414], [106.89630137, 48.06355412], [106.89608546, 48.06347734], [106.89586522, 48.0634036], [106.89562942, 48.06338964], [106.89551106, 48.06343028], [106.89534996, 48.06351626], [106.89531698, 48.06358525], [106.89538149, 48.06364965], [106.89547728, 48.06371949], [106.89551594, 48.06380515], [106.89551046, 48.06389749], [106.89544544, 48.06394022], [106.89529092, 48.0639636], [106.8951444, 48.06396304], [106.89497049, 48.0639421], [106.89486954, 48.06397353], [106.89472262, 48.06408308], [106.89459054, 48.06423405], [106.89451614, 48.06438406], [106.89444941, 48.06450122], [106.8944357, 48.06461155], [106.89446291, 48.06474799], [106.89454237, 48.06485678], [106.89462605, 48.06495955], [106.89474123, 48.06507371], [106.8947972, 48.06514718], [106.89481001, 48.06525409], [106.89487085, 48.06533939], [106.89497941, 48.06539414], [106.89512292, 48.06543343], [106.89539997, 48.06548242], [106.8957296, 48.06551269], [106.89602034, 48.06569239], [106.89614138, 48.06584513], [106.8967407, 48.06765641], [106.89683106, 48.06794059], [106.89684824, 48.06816647], [106.8968113, 48.06836943], [106.89675268, 48.06846563], [106.89668045, 48.06861772], [106.89657576, 48.06874852], [106.8963798, 48.06892309], [106.89620199, 48.0690117], [106.89600986, 48.06905701], [106.89578984, 48.06910823], [106.89571251, 48.06917793], [106.89569016, 48.0692943], [106.89572136, 48.06941872], [106.89577408, 48.06952494], [106.89584465, 48.06963383], [106.89582964, 48.06970844], [106.89576748, 48.06982845], [106.89565565, 48.06992548], [106.89553096, 48.07003463], [106.89533911, 48.07025104], [106.89520705, 48.07038373], [106.89509911, 48.07058786], [106.8949652, 48.07081028], [106.89489923, 48.07094825], [106.89489712, 48.07113279], [106.89500799, 48.07124999], [106.89524397, 48.07138893], [106.89558121, 48.07138337], [106.89584723, 48.07137303], [106.89600763, 48.07138823], [106.89612198, 48.07139711], [106.89620056, 48.07143109], [106.89627814, 48.07145676], [106.89643207, 48.07150769], [106.89654903, 48.07157851], [106.89658842, 48.07163913], [106.89662781, 48.07169975], [106.89668289, 48.0717984], [106.89672404, 48.07190685], [106.89676519, 48.07201531], [106.89678147, 48.07214715], [106.89679776, 48.07227899], [106.89683601, 48.07237052], [106.89685418, 48.072414], [106.89688756, 48.07249387], [106.8969106, 48.07254901], [106.8969144, 48.07265233], [106.89691351, 48.07270596], [106.89691262, 48.07275958], [106.89685272, 48.07284098], [106.89678013, 48.07288813], [106.89672454, 48.07293117], [106.89664801, 48.07294202], [106.89653836, 48.07295757], [106.89643761, 48.0729767], [106.89630436, 48.07301087], [106.89611692, 48.0730446], [106.89597547, 48.07305507], [106.89586599, 48.07305262], [106.89576222, 48.07303896], [106.89574011, 48.07302942], [106.89567623, 48.07300184], [106.89561698, 48.07297626], [106.89554545, 48.07289703], [106.89550938, 48.07282413], [106.89548241, 48.07273724], [106.89547332, 48.07264549], [106.89545664, 48.0726088], [106.89544222, 48.07257707], [106.89542774, 48.07256784], [106.89538192, 48.07253863], [106.89534854, 48.07251735], [106.89531112, 48.07251031], [106.89527369, 48.07250327], [106.89524555, 48.07251522], [106.89522843, 48.07252249], [106.89520887, 48.0725371], [106.89519063, 48.07255832], [106.89516779, 48.07258491], [106.89514063, 48.07261651], [106.89512753, 48.07264746], [106.8950749, 48.07270303], [106.89489259, 48.07277153], [106.89478147, 48.0728005], [106.89469639, 48.07281913], [106.89460651, 48.07286274], [106.8945907, 48.07293678], [106.89465916, 48.07303305], [106.8947018, 48.07304885], [106.89473551, 48.07306135], [106.8948192, 48.07307737], [106.89485338, 48.07307736], [106.89492567, 48.07307735], [106.89501639, 48.07310803], [106.89505847, 48.07315777], [106.89507311, 48.07328048], [106.89505079, 48.07337269], [106.89500854, 48.0734615], [106.89494195, 48.07352058], [106.8948779, 48.07354425], [106.89476168, 48.07356182], [106.89466262, 48.0735418], [106.89464721, 48.07353868], [106.894507, 48.07353926], [106.89442871, 48.07359968], [106.89440471, 48.07369467], [106.89439731, 48.0738193], [106.89435989, 48.07398867], [106.89436706, 48.07404246], [106.89442948, 48.07410149], [106.894496, 48.07412419], [106.89463548, 48.07411211], [106.8948235, 48.07410165], [106.89497032, 48.07409767], [106.89500276, 48.07409679], [106.89513524, 48.07412673], [106.89530314, 48.07417313], [106.89549498, 48.07421232], [106.89556474, 48.07420247], [106.89564607, 48.07415417], [106.89570638, 48.07409926], [106.89580959, 48.07401059], [106.89585228, 48.07399247], [106.89589909, 48.07397259], [106.89591941, 48.07397037], [106.8959741, 48.07396439], [106.89603197, 48.07398431], [106.89605154, 48.07402225], [106.89606338, 48.0740707], [106.89607905, 48.07413485], [106.8960947, 48.07418358], [106.89612349, 48.07427324], [106.89615237, 48.07436322], [106.89618172, 48.0744538], [106.89620701, 48.07457798], [106.89638334, 48.07481823], [106.89644387, 48.07495261], [106.89641833, 48.0750871], [106.89636191, 48.07519763], [106.896317, 48.07525912], [106.89627317, 48.07529945], [106.89620552, 48.07534235], [106.89613377, 48.07535563], [106.89604495, 48.07536985], [106.89588318, 48.07539805], [106.8957833, 48.07540034], [106.89569848, 48.07541126], [106.89562167, 48.07540613], [106.89554799, 48.07536485], [106.89547529, 48.07527318], [106.89537371, 48.07521211], [106.89529492, 48.07517801], [106.89527366, 48.07513393], [106.89525359, 48.07510379], [106.89522492, 48.07506072], [106.89520628, 48.07496626], [106.89515959, 48.07493319], [106.89508876, 48.07493097], [106.89502944, 48.07498444], [106.89499943, 48.07503729], [106.89497695, 48.07510191], [106.89496831, 48.07515679], [106.89496296, 48.07520447], [106.89500968, 48.07527987], [106.89500291, 48.07535723], [106.89498259, 48.07541819], [106.89489493, 48.07547925], [106.89474487, 48.07555074], [106.89464449, 48.0756214], [106.89453091, 48.07573137], [106.89451232, 48.07577411], [106.89453774, 48.07580878], [106.8945812, 48.07583186], [106.89462186, 48.07585524], [106.89464336, 48.07588081], [106.8946767, 48.07591833], [106.89468649, 48.07593264], [106.89472877, 48.07599447], [106.89480368, 48.07607533], [106.89487429, 48.07612567], [106.89494208, 48.07618362], [106.89499766, 48.07619741], [106.89508641, 48.07619281], [106.89517282, 48.07613265], [106.89523197, 48.07607854], [106.89526255, 48.07597003], [106.89530787, 48.07587092], [106.89535682, 48.07582501], [106.89542044, 48.07581682], [106.89549641, 48.07582924], [106.89556751, 48.07585723], [106.895624, 48.07593128], [106.89567258, 48.0760026], [106.89571706, 48.07606179], [106.89576162, 48.07615305], [106.89574027, 48.07621982], [106.89567827, 48.07626233], [106.89565145, 48.0763056], [106.89566766, 48.07636007], [106.89572669, 48.07639008], [106.89583524, 48.07637872], [106.89600238, 48.07638548], [106.89609786, 48.07645038], [106.89614536, 48.07660443], [106.89620359, 48.07676881], [106.89625688, 48.07693336], [106.89628333, 48.07707332], [106.89632439, 48.07719207], [106.89632505, 48.077194], [106.89639156, 48.07726429], [106.89643554, 48.07730164], [106.89644915, 48.07730338], [106.89662153, 48.07732545], [106.89682731, 48.07733324], [106.89691345, 48.077358], [106.89697182, 48.07744196], [106.89698076, 48.07757731], [106.89696934, 48.07764979], [106.89692337, 48.0777243], [106.89688301, 48.07784995], [106.89680887, 48.07795826], [106.89672968, 48.07808628], [106.89664814, 48.07818639], [106.89659923, 48.07830499], [106.89651246, 48.07855271], [106.8963965, 48.07887588], [106.89622154, 48.07904297], [106.895999, 48.07919109], [106.89581697, 48.07926263], [106.89563133, 48.07931328], [106.89547555, 48.07940343], [106.89546166, 48.07948932], [106.89546628, 48.07961489], [106.89553294, 48.07972573], [106.89568992, 48.07990247], [106.89569521, 48.08001756], [106.89560998, 48.08011415], [106.89547454, 48.0801973], [106.89520761, 48.08027785], [106.895034, 48.08038542], [106.89487139, 48.08050233], [106.89475101, 48.08060902], [106.89468244, 48.08071853], [106.89464904, 48.0808408], [106.89462933, 48.08101349], [106.89460181, 48.08111532], [106.89455876, 48.08121931], [106.89448417, 48.08131572], [106.89432454, 48.08138828], [106.89421535, 48.08143196], [106.89408869, 48.08146451], [106.89392001, 48.08151298], [106.89381068, 48.08155286], [106.89372925, 48.08158976], [106.89370114, 48.08162362], [106.89367711, 48.08165822], [106.89365786, 48.08169255], [106.89364377, 48.0817259], [106.89363452, 48.08176549], [106.89363268, 48.08181067], [106.89363724, 48.081859], [106.89365193, 48.08194806], [106.89366549, 48.0820179], [106.89368775, 48.08210241], [106.89371993, 48.08220043], [106.89376599, 48.08231668], [106.89380402, 48.08239691], [106.89389662, 48.08256892], [106.89392856, 48.08263735], [106.89396164, 48.08271062], [106.89397296, 48.08275113], [106.89397508, 48.082781], [106.8939732, 48.0828126], [106.89398198, 48.08291679], [106.89397758, 48.08302918], [106.89396895, 48.08310357], [106.89394569, 48.08316654], [106.89387614, 48.08330333], [106.89380579, 48.08341871], [106.89370473, 48.08353889], [106.89360707, 48.08360689], [106.89350257, 48.08368954], [106.89348174, 48.08371889], [106.89347398, 48.08376156], [106.89348705, 48.0838162], [106.89351557, 48.08385895], [106.89359219, 48.08396509], [106.89362759, 48.08402326], [106.89369079, 48.08414819], [106.89371069, 48.0841946], [106.89372592, 48.0842372], [106.89375078, 48.08433], [106.89375822, 48.08437196], [106.89376249, 48.08441174], [106.89376392, 48.08445588], [106.89376215, 48.08450115], [106.89375719, 48.08454726], [106.89374907, 48.08459384], [106.89373684, 48.08464034], [106.89371831, 48.08469148], [106.8936477, 48.08484476], [106.89359465, 48.08495115], [106.89353065, 48.08506494], [106.89345418, 48.08518906], [106.89335426, 48.08534135], [106.89326779, 48.08547698], [106.89323063, 48.08553165], [106.89318767, 48.08558706], [106.89314384, 48.08563448], [106.89308685, 48.08568946], [106.8930431, 48.08572767], [106.89300052, 48.08575966], [106.89295837, 48.08578574], [106.89289735, 48.08581555], [106.89282757, 48.08584252], [106.89275089, 48.08586592], [106.89267045, 48.08588479], [106.89263003, 48.08589165], [106.89258685, 48.08589653], [106.89254051, 48.08589949], [106.89249014, 48.08590057], [106.89239343, 48.08589832], [106.89216781, 48.08588633], [106.89205188, 48.0858791], [106.89177905, 48.08585324], [106.89170796, 48.08584913], [106.8916436, 48.08584781], [106.89151886, 48.08584592], [106.89146304, 48.08584673], [106.8914087, 48.08585099], [106.8913625, 48.08585918], [106.89133226, 48.08586744], [106.89126067, 48.08591922], [106.89110849, 48.08610829], [106.89102183, 48.086302], [106.89096527, 48.08645238], [106.89098501, 48.08658138], [106.89101111, 48.08661924], [106.89108529, 48.08665062], [106.89114878, 48.0866561], [106.89120705, 48.08665188], [106.89135682, 48.08662007], [106.89144987, 48.08663484], [106.89183334, 48.0867361], [106.89192818, 48.08679974], [106.89203658, 48.08696746], [106.89205384, 48.08717255], [106.89198078, 48.08753102], [106.89191407, 48.08759872], [106.89179822, 48.08762379], [106.89151002, 48.08766618], [106.89139987, 48.0877288], [106.89130776, 48.08781139], [106.89116416, 48.08800843], [106.89110226, 48.08810433], [106.89109248, 48.08819136], [106.89113024, 48.08827761], [106.89112885, 48.08830998], [106.89111564, 48.08836136], [106.89107409, 48.08843506], [106.89103884, 48.08848133], [106.89097534, 48.08853187], [106.89086732, 48.08860789], [106.89076732, 48.08867046], [106.89066136, 48.08872551], [106.89054675, 48.08877689], [106.8903786, 48.08884058], [106.89025325, 48.08890927], [106.89021891, 48.08898027], [106.89023022, 48.08905624], [106.89029188, 48.08911043], [106.89037077, 48.08918909], [106.8904772, 48.0893601], [106.89050504, 48.08953812], [106.89045994, 48.08970306], [106.89038175, 48.08977442], [106.89028372, 48.08983731], [106.89021279, 48.08991284], [106.89017136, 48.08999384], [106.8901633, 48.09014954], [106.89015981, 48.09021177], [106.8901586, 48.09027574], [106.89015747, 48.09032687], [106.89012311, 48.09044681], [106.8900141, 48.09076546], [106.889982, 48.09084803], [106.88981214, 48.09108839], [106.88967969, 48.09124641], [106.88967317, 48.09130443], [106.88968372, 48.09135638], [106.88973065, 48.09145695], [106.88975556, 48.0915463], [106.8897891, 48.09163552], [106.88981464, 48.09174223], [106.88979483, 48.09179178], [106.88972294, 48.0918364], [106.88964176, 48.0918638], [106.88956881, 48.09187947], [106.88943903, 48.09187871], [106.88913518, 48.09184896], [106.88902301, 48.0918566], [106.88891179, 48.09189028], [106.8887757, 48.09195332], [106.88863655, 48.09205117], [106.88811206, 48.09233059], [106.88783754, 48.09239301], [106.8873823, 48.09251628], [106.88718233, 48.09257173], [106.88706193, 48.09259108], [106.88695787, 48.0925841], [106.8868876, 48.09255343], [106.88681722, 48.09252271], [106.88674557, 48.09250372], [106.88666056, 48.09251011], [106.8865585, 48.09254433], [106.88648249, 48.09259442], [106.88644094, 48.09265293], [106.88643535, 48.09276225], [106.88648511, 48.09288922], [106.88656425, 48.09301357], [106.88665423, 48.09314297], [106.88677073, 48.09323957], [106.88683298, 48.09332617], [106.88680758, 48.09341197], [106.88671308, 48.09345041], [106.88657001, 48.09347179], [106.88646459, 48.09350327], [106.8863652, 48.09355368], [106.88633267, 48.09359884], [106.88626193, 48.09365592], [106.88613459, 48.09371097], [106.88604315, 48.09374399], [106.88593286, 48.09375865], [106.88585275, 48.09378281], [106.88578195, 48.09382824], [106.88573676, 48.09387467], [106.88573173, 48.09391187], [106.88571241, 48.09396645], [106.88567923, 48.09402948], [106.88565538, 48.09410671], [106.88564066, 48.09417049], [106.88564191, 48.0942281], [106.88568072, 48.09434329], [106.8857305, 48.0943914], [106.88578385, 48.09444294], [106.88590849, 48.09453935], [106.88592804, 48.09457138], [106.885964, 48.09470465], [106.88587538, 48.09493768], [106.88582622, 48.09502404], [106.88578998, 48.09508973], [106.8857828, 48.09510876], [106.88577967, 48.09512585], [106.88578111, 48.0951514], [106.88578896, 48.09517978], [106.88580319, 48.09521108], [106.8858243, 48.09524637], [106.88584022, 48.09526667], [106.88586085, 48.09528615], [106.88588641, 48.09530504], [106.88591742, 48.09532372], [106.88598104, 48.09535476], [106.88613802, 48.09542137], [106.8861738, 48.09543882], [106.88620402, 48.0954557], [106.88633794, 48.09553726], [106.88642023, 48.09559361], [106.8864618, 48.09562617], [106.8865049, 48.09566288], [106.88660729, 48.09575895], [106.88667262, 48.09582743], [106.88682745, 48.09600457], [106.88676767, 48.09607743], [106.88666269, 48.09612201], [106.88651614, 48.09619583], [106.88634193, 48.09638795], [106.88628505, 48.09658171], [106.8861598, 48.09665519], [106.88599363, 48.09677576], [106.88607605, 48.09698866], [106.88610078, 48.0972275], [106.88616046, 48.0974015], [106.8863272, 48.09758802], [106.88633334, 48.09775575], [106.88629009, 48.09788501], [106.8860865, 48.09800263], [106.88606404, 48.09811726], [106.88614709, 48.0982016], [106.88641388, 48.09835434], [106.88645582, 48.09848965], [106.88639332, 48.09865176], [106.88636986, 48.09869933], [106.88634433, 48.09874072], [106.88629603, 48.09880494], [106.88624802, 48.09885682], [106.88621801, 48.09888362], [106.88618292, 48.09891131], [106.88613289, 48.09907684], [106.88585462, 48.09909905], [106.88582208, 48.09911187], [106.88578393, 48.09912431], [106.88564971, 48.09916033], [106.88560058, 48.0991752], [106.88555447, 48.0991929], [106.88551685, 48.09921237], [106.88545631, 48.09925352], [106.88543097, 48.0992743], [106.88540925, 48.09929498], [106.88538369, 48.09932525], [106.88536117, 48.09935998], [106.88534152, 48.09939941], [106.88532421, 48.09944457], [106.88531588, 48.09947723], [106.8853115, 48.09951437], [106.8853115, 48.09964687], [106.88531203, 48.09968767], [106.88532039, 48.09981402], [106.88531781, 48.09985406], [106.88531031, 48.0998894], [106.88529896, 48.09992132], [106.88528327, 48.09995566], [106.88523533, 48.10003883], [106.88519898, 48.10009467], [106.88516684, 48.1001385], [106.88513437, 48.1001765], [106.88510077, 48.10020944], [106.88506968, 48.10023456], [106.88503136, 48.10026077], [106.88488458, 48.10034772], [106.88484014, 48.1003737], [106.88469609, 48.10045256], [106.88465337, 48.10048017], [106.88461888, 48.10050701], [106.88457902, 48.10054378], [106.88454473, 48.10058006], [106.88451616, 48.10061568], [106.88449339, 48.10065053], [106.88447869, 48.10067871], [106.88446609, 48.1007086], [106.88444756, 48.10077254], [106.88444363, 48.10080682], [106.88444437, 48.10087742], [106.88444244, 48.10090735], [106.88443571, 48.10094676], [106.88442535, 48.10098979], [106.88438927, 48.10110357], [106.88437231, 48.10114856], [106.88435041, 48.1011977], [106.88425003, 48.10139199], [106.88421184, 48.10147698], [106.88415197, 48.10163605], [106.88413405, 48.1016945], [106.88412117, 48.10174792], [106.88410327, 48.10185975], [106.88409934, 48.10190982], [106.88409865, 48.10195712], [106.88410115, 48.10201488], [106.88410633, 48.10206488], [106.88411452, 48.10211033], [106.88412589, 48.10215202], [106.88414109, 48.10219099], [106.88416266, 48.10223367], [106.88424433, 48.10236564], [106.88427754, 48.10241623], [106.88435867, 48.10253087], [106.88439316, 48.1025855], [106.8844507, 48.10267892], [106.88446289, 48.10270702], [106.88446894, 48.10273246], [106.88446942, 48.1027563], [106.8844651, 48.10278322], [106.88443415, 48.10288123], [106.8844163, 48.10296715], [106.8844085, 48.10299013], [106.88439862, 48.1030098], [106.88437609, 48.10303921], [106.88434314, 48.10306967], [106.88430577, 48.10309769], [106.88421306, 48.10316104], [106.88416928, 48.10318939], [106.88404524, 48.10326021], [106.88401246, 48.10328339], [106.88398705, 48.10330621], [106.88396631, 48.10332961], [106.88394669, 48.10335552], [106.88391058, 48.10341525], [106.88389667, 48.1034448], [106.88388459, 48.10347689], [106.88386525, 48.10355072], [106.88386001, 48.10359324], [106.8838607, 48.10364102], [106.88386564, 48.10368665], [106.88388191, 48.10379413], [106.88388613, 48.10384677], [106.88388619, 48.10400349], [106.88387833, 48.10418371], [106.88387015, 48.10433746], [106.88386471, 48.10438456], [106.88385703, 48.10442657], [106.88384031, 48.10448015], [106.88378987, 48.1046008], [106.88378067, 48.10463012], [106.88377494, 48.10465695], [106.88376772, 48.10473687], [106.88377079, 48.10481869], [106.88377831, 48.10488453], [106.88378727, 48.10493084], [106.88380031, 48.10497139], [106.88381789, 48.10500654], [106.88384233, 48.10504046], [106.88387534, 48.10507595], [106.88391741, 48.1051137], [106.88397432, 48.10515891], [106.8840316, 48.10520095], [106.8840826, 48.10523422], [106.88413178, 48.10526159], [106.88418003, 48.10528352], [106.88422351, 48.10529927], [106.88427277, 48.10531382], [106.88432845, 48.10532739], [106.88439333, 48.10534065], [106.88446283, 48.10535073], [106.8845423, 48.10535639], [106.88461846, 48.10535809], [106.88478722, 48.10535812], [106.88485669, 48.10536], [106.88498034, 48.10536323], [106.88525721, 48.10536421], [106.88537482, 48.10536801], [106.88544657, 48.10537301], [106.88551268, 48.1053801], [106.88557448, 48.10538945], [106.88563263, 48.10540115], [106.88571143, 48.10541865], [106.88575449, 48.10543283], [106.88579757, 48.10545588], [106.88584717, 48.10549194], [106.88588805, 48.1055291], [106.88593078, 48.10557814], [106.88597395, 48.10563558], [106.8859865, 48.10565767], [106.88599479, 48.10567813], [106.88599979, 48.10569944], [106.88600204, 48.10572296], [106.88599849, 48.10577912], [106.88599244, 48.10581609], [106.88598512, 48.1058438], [106.88597514, 48.10586751], [106.88596222, 48.10588749], [106.88594222, 48.10590795], [106.88591432, 48.1059286], [106.88587865, 48.10594967], [106.8858247, 48.10597732], [106.88578903, 48.10599358], [106.88574744, 48.10600954], [106.88562613, 48.10604795], [106.88550512, 48.10608063], [106.88535695, 48.10611299], [106.88527419, 48.1061269], [106.8850868, 48.10615153], [106.88500686, 48.10616589], [106.8849368, 48.10618215], [106.88486322, 48.10620156], [106.88469821, 48.10625179], [106.88457761, 48.10628853], [106.88454524, 48.10630155], [106.88451949, 48.10631535], [106.88448312, 48.10634294], [106.88445068, 48.10637727], [106.88442363, 48.10641686], [106.88440404, 48.1064587], [106.88439537, 48.10649401], [106.8843935, 48.10653372], [106.88439843, 48.10657788], [106.88441019, 48.10662701], [106.88442599, 48.10666802], [106.88445016, 48.10671168], [106.88448304, 48.10675879], [106.88452766, 48.1068137], [106.884555, 48.10684342], [106.88458818, 48.10687529], [106.88469415, 48.10696591], [106.88472555, 48.10699011], [106.88482395, 48.10705879], [106.88485063, 48.10708206], [106.88487021, 48.10710448], [106.88489266, 48.10713939], [106.88490979, 48.10717538], [106.88492089, 48.10721094], [106.88492564, 48.10724503], [106.88492247, 48.10728788], [106.88490898, 48.10733961], [106.88489907, 48.1073631], [106.88488402, 48.10738828], [106.8848105, 48.10748232], [106.88478495, 48.10752353], [106.88475753, 48.10758685], [106.88473913, 48.10764553], [106.88472396, 48.10772254], [106.88472215, 48.10775292], [106.88472395, 48.10778051], [106.8847304, 48.10781481], [106.88474006, 48.10784652], [106.88475282, 48.10787532], [106.88476859, 48.10790103], [106.8847892, 48.1079257], [106.8848163, 48.10795108], [106.8848502, 48.10797752], [106.88489315, 48.10800677], [106.88492974, 48.1080282], [106.8849735, 48.10804965], [106.88510794, 48.10810429], [106.88522197, 48.10814732], [106.88531169, 48.10817505], [106.88536289, 48.10818569], [106.88548736, 48.1082039], [106.88551812, 48.10821056], [106.88554462, 48.10821838], [106.88560153, 48.10824013], [106.88565204, 48.1082641], [106.88569481, 48.10828964], [106.88572925, 48.10831639], [106.88576708, 48.10835639], [106.88578151, 48.10837652], [106.88579252, 48.10839619], [106.88580099, 48.1084189], [106.88580606, 48.10844466], [106.8858079, 48.10847389], [106.88580676, 48.10851047], [106.88580179, 48.10854721], [106.88579115, 48.10858627], [106.88577479, 48.10862794], [106.88575236, 48.10867304], [106.88573095, 48.10870602], [106.88567731, 48.108773], [106.88565652, 48.1088026], [106.88562446, 48.10885639], [106.88560131, 48.10890072], [106.88558408, 48.10894132], [106.88557246, 48.10897912], [106.88556682, 48.10901108], [106.88556456, 48.10904717], [106.8855693, 48.10916779], [106.88557177, 48.10923511], [106.88558295, 48.10928769], [106.88560175, 48.10933871], [106.88562745, 48.10938626], [106.88565933, 48.10942903], [106.8856935, 48.10946384], [106.88573498, 48.10949803], [106.88578274, 48.10953075], [106.88583515, 48.10956087], [106.88586517, 48.10957535], [106.88590048, 48.10958995], [106.8860188, 48.10963196], [106.88617648, 48.10968235], [106.88623261, 48.10970254], [106.88633363, 48.1097468], [106.88643736, 48.10980023], [106.88653839, 48.10985993], [106.88662274, 48.10991844], [106.88666939, 48.10995658], [106.88673702, 48.11001761], [106.88679074, 48.11006871], [106.88692487, 48.11020314], [106.88706111, 48.11033298], [106.88715391, 48.11041494], [106.88725114, 48.11048993], [106.88745414, 48.11063112], [106.88753622, 48.11069158], [106.88767231, 48.1107914], [106.88770669, 48.11082143], [106.88773314, 48.11085002], [106.88775415, 48.11087845], [106.88777355, 48.11090992], [106.88779152, 48.11094468], [106.88780844, 48.11098351], [106.88782107, 48.11102398], [106.88784402, 48.11113112], [106.88787309, 48.11122287], [106.88789996, 48.11128513], [106.88792079, 48.11132214], [106.88794542, 48.11135999], [106.88797387, 48.11139871], [106.88800616, 48.11143833], [106.88803486, 48.11146974], [106.88806947, 48.11150358], [106.88818323, 48.11160382], [106.88830326, 48.11170024], [106.88834926, 48.11174256], [106.88839294, 48.11178959], [106.88842429, 48.11182758], [106.88844836, 48.11186267], [106.88846551, 48.11189558], [106.88847696, 48.11193057], [106.88848319, 48.11197076], [106.88848475, 48.11201291], [106.88848297, 48.11209738], [106.88848152, 48.11215679], [106.88847738, 48.11221361], [106.88847053, 48.112268], [106.88846095, 48.11232004], [106.88844592, 48.11237353], [106.8884226, 48.11243197], [106.88839431, 48.11249013], [106.88831265, 48.1126448], [106.88829123, 48.11269157], [106.88827494, 48.11273402], [106.88822941, 48.11286734], [106.88821854, 48.11291106], [106.88821247, 48.1129506], [106.88820978, 48.11299165], [106.88820987, 48.11303251], [106.88821275, 48.1130728], [106.88821839, 48.11311218], [106.88822889, 48.11316183], [106.88824148, 48.11320525], [106.88825672, 48.11324435], [106.88827482, 48.11327966], [106.88829678, 48.11331192], [106.88832645, 48.1133465], [106.88844234, 48.11345878], [106.88853037, 48.11354524], [106.88860911, 48.11361771], [106.88867633, 48.11367438], [106.88883719, 48.11380258], [106.88897396, 48.1139087], [106.88900777, 48.11393909], [106.88903438, 48.11396775], [106.88905987, 48.11400079], [106.88908285, 48.11403548], [106.88910299, 48.11407133], [106.88911999, 48.1141078], [106.88913858, 48.11416597], [106.88915558, 48.11425542], [106.88916203, 48.11430264], [106.8891655, 48.11435548], [106.88916565, 48.11452905], [106.88916792, 48.11459203], [106.88917345, 48.11472373], [106.8891781, 48.11476089], [106.88918538, 48.11479383], [106.88920981, 48.11486582], [106.88922435, 48.11489789], [106.88924059, 48.11492765], [106.88926383, 48.11496428], [106.88928681, 48.11499566], [106.8893106, 48.11502323], [106.88933551, 48.11504734], [106.88936619, 48.11507147], [106.88940375, 48.11509588], [106.8894488, 48.11512112], [106.88951037, 48.11515225], [106.88960102, 48.11519337], [106.889684, 48.11522349], [106.88972343, 48.11523411], [106.88976887, 48.11524314], [106.88993973, 48.11526629], [106.89000793, 48.11527879], [106.89014859, 48.11530913], [106.89018865, 48.11532165], [106.89022128, 48.11533591], [106.89025013, 48.11535258], [106.89027762, 48.11537178], [106.89030283, 48.11539287], [106.89032478, 48.11541504], [106.89035067, 48.1154515], [106.89037851, 48.11550846], [106.89039369, 48.11554757], [106.89040555, 48.11559193], [106.89042687, 48.11572996], [106.89043116, 48.11577037], [106.89043231, 48.11581562], [106.89042478, 48.11596859], [106.89042455, 48.11602611], [106.89042989, 48.11608313], [106.8904417, 48.1161339], [106.89046906, 48.11621541], [106.89048214, 48.11624338], [106.8904969, 48.11626772], [106.89051508, 48.11629133], [106.8905378, 48.1163161], [106.8906014, 48.11637378], [106.89066078, 48.1164181], [106.89076646, 48.11648558], [106.89085146, 48.11653824], [106.89095163, 48.11659705], [106.89110558, 48.11667515], [106.89113955, 48.11669516], [106.8911672, 48.11671475], [106.89119357, 48.11673765], [106.89121998, 48.11676484], [106.89129304, 48.11685415], [106.89135772, 48.11693211], [106.89137526, 48.11695737], [106.89138822, 48.11698057], [106.89140019, 48.11701225], [106.89140766, 48.11704877], [106.89141574, 48.1171822], [106.89142795, 48.11737996], [106.89143569, 48.11745133], [106.89145213, 48.11756603], [106.89146102, 48.11760148], [106.89147252, 48.1176326], [106.8914884, 48.11766354], [106.8915101, 48.11769717], [106.8915893, 48.11779909], [106.89164974, 48.11787598], [106.89169453, 48.11792534], [106.89171889, 48.1179463], [106.89178982, 48.11799858], [106.89180712, 48.11801514], [106.89181914, 48.11803107], [106.89183068, 48.11805482], [106.89183858, 48.11808179], [106.89184284, 48.11811193], [106.89184345, 48.11814519], [106.89183834, 48.11818942], [106.89182631, 48.11822631], [106.89180894, 48.11825467], [106.89178272, 48.11828405], [106.89174743, 48.11831483], [106.89170005, 48.11834964], [106.89166528, 48.11837122], [106.89162309, 48.11839278], [106.89157468, 48.11841411], [106.89149238, 48.11844737], [106.89144341, 48.11846572], [106.89138726, 48.11848393], [106.89117782, 48.11854233], [106.89109442, 48.11856844], [106.89097764, 48.11861027], [106.89085952, 48.11865579], [106.89073988, 48.11870505], [106.89061849, 48.11875815], [106.89045738, 48.11882934], [106.89041057, 48.1188533], [106.89037133, 48.11887673], [106.89032073, 48.11891146], [106.8902785, 48.11894425], [106.89024341, 48.1189761], [106.89021516, 48.11900729], [106.89019979, 48.11902889], [106.89018567, 48.11905409], [106.89014016, 48.11915673], [106.89008564, 48.11925296], [106.89006491, 48.11929943], [106.89005531, 48.11933441], [106.89004926, 48.11937412], [106.89004265, 48.11951535], [106.89003724, 48.11964088], [106.89003689, 48.11991578], [106.89003126, 48.1200275], [106.89000974, 48.12022263], [106.88997595, 48.12043932], [106.88995782, 48.12055308], [106.88994216, 48.12061502], [106.88992688, 48.1206558], [106.88990696, 48.12069948], [106.88984853, 48.12080518], [106.88977229, 48.12092095], [106.88973335, 48.12098156], [106.88971542, 48.1210162], [106.88970578, 48.12104507], [106.88969961, 48.12107805], [106.88969192, 48.12119846], [106.88967885, 48.1213557], [106.88966653, 48.12160306], [106.88965998, 48.12190709], [106.88965217, 48.12203442], [106.88963751, 48.12215244], [106.88961484, 48.1222833], [106.88958726, 48.1224157], [106.8895253, 48.12268993], [106.88946075, 48.12301925], [106.88943238, 48.12314662], [106.88939436, 48.12328113], [106.88937316, 48.12334217], [106.88935014, 48.12340012], [106.8892887, 48.12354649], [106.88926428, 48.12359179], [106.88923787, 48.123631], [106.88919556, 48.12368334], [106.88915282, 48.12372882], [106.88910875, 48.12376838], [106.88906305, 48.12380228], [106.88902395, 48.12382661], [106.88898083, 48.12385004], [106.88893431, 48.12387223], [106.88888527, 48.12389277], [106.88883788, 48.12390893], [106.88878224, 48.12392338], [106.88859779, 48.12395887], [106.88853605, 48.12397262], [106.88833243, 48.12402223], [106.88823296, 48.12404864], [106.8881388, 48.12407789], [106.88805809, 48.12410846], [106.88793921, 48.1241607], [106.88785111, 48.12420551], [106.88781318, 48.12422787], [106.88777932, 48.12425027], [106.88774927, 48.12427289], [106.88772287, 48.12429585], [106.88767393, 48.12434717], [106.88763608, 48.12439832], [106.88761871, 48.12442927], [106.8876038, 48.12446314], [106.88759126, 48.12450012], [106.88758093, 48.12454069], [106.8875745, 48.12458521], [106.88757367, 48.12463479], [106.88757809, 48.12468981], [106.88758931, 48.12476958], [106.88760207, 48.12483622], [106.88762115, 48.12490723], [106.88764688, 48.12498396], [106.88768086, 48.12507121], [106.88770237, 48.12511673], [106.8877314, 48.12516652], [106.88784185, 48.12532686], [106.88787897, 48.12538573], [106.88790879, 48.12544415], [106.88792793, 48.12549828], [106.88794832, 48.12558415], [106.88795256, 48.12561658], [106.88795347, 48.12564606], [106.88794665, 48.12570371], [106.887928, 48.12577446], [106.88790303, 48.12584221], [106.88787235, 48.12590337], [106.88785856, 48.12592398], [106.88784009, 48.12594616], [106.88774864, 48.12604018], [106.88773046, 48.12606466], [106.88771813, 48.12608778], [106.88770837, 48.1261154], [106.88770111, 48.12614619], [106.88769289, 48.12622292], [106.88769324, 48.12627447], [106.88769972, 48.12632932], [106.88771238, 48.1263879], [106.88773145, 48.12645132], [106.88774517, 48.12648644], [106.8876642, 48.12652212], [106.88756849, 48.1265196], [106.88746, 48.12649787], [106.88732767, 48.126495], [106.88714624, 48.12649084], [106.88706357, 48.12641724], [106.88696714, 48.12640455], [106.88691755, 48.12643825], [106.88691725, 48.12649817], [106.88693677, 48.126575], [106.88701307, 48.12663942], [106.88706364, 48.12670994], [106.88700349, 48.12681444], [106.88689567, 48.12707321], [106.88680943, 48.12733877], [106.88669472, 48.12755482], [106.88682848, 48.12771325], [106.88691665, 48.12785339], [106.88693201, 48.12806492], [106.88701771, 48.12829825], [106.88707576, 48.12850016], [106.88584485, 48.12854167], [106.88548978, 48.12866425], [106.88527875, 48.12896814], [106.88506552, 48.12909062], [106.88423212, 48.12926492], [106.88265091, 48.12976677], [106.88127541, 48.13043012], [106.8801798, 48.13100512], [106.87914399, 48.13185527], [106.87777735, 48.13280129], [106.87470827, 48.13446069], [106.87124817, 48.13699791], [106.86977918, 48.13837852], [106.86830553, 48.1399576], [106.86769492, 48.14083499], [106.86747578, 48.14129037], [106.86740828, 48.14178167], [106.86725, 48.14266667], [106.87008333, 48.17272222], [106.87522222, 48.18536111], [106.96094444, 48.19133333], [106.96869444, 48.19966667], [107.00152778, 48.13041667], [107.02516667, 48.09925], [107.02551818, 48.09828904], [107.02823073, 48.0908724], [107.02892604, 48.08512844], [107.03194347, 48.08154791], [107.0319014, 48.07713966], [107.03216774, 48.07306708], [107.03269386, 48.06911701], [107.03274499, 48.06608914], [107.03316563, 48.06162691], [107.03319267, 48.05648269]]]}, "geometry_name": "geom", "properties": {"guid": 124748, "id": 124748, "object_no": "14", "object_name": "Сүхбаатар", "layer_type_id": 252, "valid_to": null, "address_no": null, "border_type": "solid", "border_width": null, "border_color": "#cc6666", "border_opacity": null, "border_wellknown": "shape://horizline", "fill_type": "color", "fill_color": "#bcbcbc", "fill_opacity": 0, "fill_wellknown": null, "fill_shape_color": null, "fill_shape_width": null, "fill_shape_size": null, "fill_img_url": null, "marker_img_url": null}},{"type": "Feature", "id": "layer_data_map.fid--27e80436_1a098b908f8_-5b41", "geometry": {"type": "Polygon", "coordinates": [[[108.27086401, 47.98830698], [108.2712875, 47.98790612], [108.27159829, 47.98758336], [108.27183012, 47.9873426], [108.27204919, 47.98714069], [108.27210256, 47.98710148], [108.27215272, 47.98706145], [108.27220144, 47.98701874], [108.27224929, 47.98697286], [108.27229653, 47.98692353], [108.27234861, 47.98686443], [108.27240138, 47.98679953], [108.27245605, 47.98672741], [108.27251714, 47.9866421], [108.27260582, 47.98651046], [108.27270988, 47.98634427], [108.27273567, 47.986297], [108.27275488, 47.98624583], [108.27276977, 47.98618285], [108.27279034, 47.98605934], [108.27280114, 47.98595177], [108.27280964, 47.98582609], [108.27281119, 47.9857527], [108.27280905, 47.98567016], [108.27279928, 47.98547492], [108.27279842, 47.98537812], [108.27280428, 47.98528559], [108.27281794, 47.98520041], [108.27283534, 47.98511997], [108.27285333, 47.98505168], [108.27287342, 47.98498983], [108.27289605, 47.98493323], [108.27292389, 47.98487519], [108.27295905, 47.98481102], [108.27301334, 47.98472086], [108.27306556, 47.98463908], [108.2732748, 47.9843388], [108.27347614, 47.98406142], [108.27351691, 47.9840112], [108.27356299, 47.98396047], [108.27361502, 47.98390757], [108.27366677, 47.98385946], [108.27374313, 47.98379594], [108.2738229, 47.98373661], [108.27390381, 47.98368321], [108.27398597, 47.98363559], [108.27406018, 47.98359814], [108.2741438, 47.98356162], [108.27425192, 47.98351977], [108.27438025, 47.98347404], [108.27446875, 47.98344577], [108.27454881, 47.98342351], [108.27463125, 47.98340463], [108.27472733, 47.98338634], [108.2750419, 47.98333477], [108.27520479, 47.9833098], [108.27537811, 47.98328509], [108.27565836, 47.98324925], [108.27586144, 47.98321395], [108.27593736, 47.98319806], [108.27600456, 47.98318188], [108.27605299, 47.98316763], [108.27619341, 47.98312196], [108.2762365, 47.98311074], [108.2762873, 47.98310041], [108.27635289, 47.98308984], [108.27642565, 47.98308088], [108.27650643, 47.9830733], [108.27661472, 47.98306528], [108.27671854, 47.98306016], [108.27680313, 47.98306049], [108.27690762, 47.98306793], [108.27694789, 47.98307297], [108.27698357, 47.98307927], [108.2770177, 47.98308765], [108.27705681, 47.98310016], [108.2772947, 47.98318425], [108.27742323, 47.98323176], [108.27748782, 47.98324828], [108.27756145, 47.98326115], [108.2776, 47.98326542], [108.27763685, 47.98326762], [108.27767334, 47.9832678], [108.27771274, 47.98326606], [108.27776141, 47.98326176], [108.27783238, 47.98325305], [108.27787177, 47.98324638], [108.27790439, 47.98323854], [108.27793781, 47.9832267], [108.27797325, 47.98320891], [108.27800518, 47.98318789], [108.27803204, 47.98316483], [108.27805617, 47.98313712], [108.27807184, 47.9831116], [108.27807877, 47.9830894], [108.27807867, 47.98306505], [108.2780713, 47.98303626], [108.27805724, 47.98300603], [108.27803804, 47.98297954], [108.27800965, 47.98294945], [108.27798197, 47.98292637], [108.27794419, 47.98290061], [108.27790059, 47.98287359], [108.27784191, 47.98284247], [108.27782777, 47.98283022], [108.27781407, 47.98281339], [108.27780609, 47.98279934], [108.2778015, 47.98278579], [108.27779965, 47.98277046], [108.27780073, 47.98275421], [108.27780968, 47.98272682], [108.27781855, 47.98271437], [108.27783146, 47.9827009], [108.27789716, 47.98264523], [108.2779414, 47.98261367], [108.27800327, 47.98257763], [108.27808075, 47.98253975], [108.27824829, 47.98246672], [108.2784368, 47.98238199], [108.27879973, 47.98223213], [108.27894539, 47.9821649], [108.27897936, 47.98215206], [108.27901142, 47.98214222], [108.27904787, 47.98213376], [108.27908834, 47.98212653], [108.27916641, 47.98211718], [108.27925057, 47.98211214], [108.27933316, 47.98211262], [108.27943626, 47.9821179], [108.27950969, 47.98212513], [108.2797664, 47.98215583], [108.2799355, 47.98217805], [108.28005795, 47.98219806], [108.28027136, 47.9822421], [108.28035289, 47.98225411], [108.28043407, 47.98226378], [108.28053178, 47.98227146], [108.28062694, 47.98227367], [108.28072357, 47.98227118], [108.28084404, 47.98226297], [108.28090124, 47.98225531], [108.28095083, 47.98224431], [108.28100411, 47.98222795], [108.28109186, 47.9821965], [108.28114793, 47.98217391], [108.28120944, 47.98214588], [108.28143622, 47.98203413], [108.28152306, 47.98198957], [108.28156957, 47.98196835], [108.28160896, 47.98195389], [108.28166174, 47.98193896], [108.28171357, 47.98192742], [108.28176383, 47.98191932], [108.2818059, 47.98191546], [108.28185439, 47.98191374], [108.28201972, 47.98191578], [108.28218765, 47.98192603], [108.28234566, 47.9819406], [108.28241904, 47.98194294], [108.28274651, 47.98193886], [108.28287048, 47.9819322], [108.28297209, 47.98192386], [108.28303386, 47.98191663], [108.28309043, 47.98190799], [108.28313978, 47.98189838], [108.28319194, 47.98188583], [108.28326113, 47.98186635], [108.28341645, 47.98181891], [108.28358843, 47.9817629], [108.28369932, 47.98173404], [108.28375523, 47.98172147], [108.28380291, 47.98171271], [108.28384575, 47.98170705], [108.2838907, 47.98170363], [108.28399275, 47.9817023], [108.28406702, 47.98170676], [108.28412793, 47.98171398], [108.28444254, 47.98175769], [108.28449541, 47.98176357], [108.28454245, 47.98176697], [108.28463617, 47.98176955], [108.28477646, 47.98176862], [108.28482996, 47.98176487], [108.28488755, 47.98175593], [108.2849541, 47.9817408], [108.28502261, 47.98172121], [108.28507662, 47.98170066], [108.28513237, 47.98167434], [108.28520575, 47.98163315], [108.28540305, 47.98151172], [108.28555151, 47.9814148], [108.28559302, 47.98139133], [108.28563319, 47.98137203], [108.28571974, 47.98133669], [108.28580433, 47.98130872], [108.28587821, 47.98129025], [108.28596283, 47.98127634], [108.28615241, 47.98125407], [108.28626322, 47.9812434], [108.28681872, 47.98120366], [108.28723509, 47.98117903], [108.28792772, 47.98114386], [108.28846935, 47.98111198], [108.28864685, 47.98110541], [108.28880535, 47.98110352], [108.28891047, 47.98110514], [108.28915458, 47.98111394], [108.28932934, 47.98111422], [108.28951853, 47.98110949], [108.28973037, 47.9810982], [108.28987433, 47.98108619], [108.28993328, 47.98107876], [108.28999403, 47.98106907], [108.29006087, 47.98105634], [108.29013049, 47.98104101], [108.29028115, 47.9810019], [108.2903898, 47.98096899], [108.29049867, 47.98093024], [108.2906128, 47.98088388], [108.29073538, 47.98082857], [108.29090183, 47.98074689], [108.29112415, 47.98063184], [108.29124367, 47.98056456], [108.2913421, 47.98050227], [108.2913992, 47.98046151], [108.29145216, 47.98041935], [108.29150704, 47.98037103], [108.29156551, 47.98031496], [108.29169742, 47.98017858], [108.29173458, 47.98013781], [108.29178424, 47.9800782], [108.29190213, 47.97992881], [108.29196956, 47.97985212], [108.29201113, 47.97981083], [108.29206137, 47.97976556], [108.29211574, 47.97972042], [108.29217599, 47.97967387], [108.29225113, 47.97961946], [108.29233921, 47.97955912], [108.29259461, 47.97939112], [108.29286829, 47.97920666], [108.29302401, 47.97910539], [108.29322897, 47.9789792], [108.29341109, 47.97887131], [108.29365239, 47.97873215], [108.29377241, 47.9786577], [108.29384205, 47.97861001], [108.29391698, 47.97855534], [108.294177, 47.97835386], [108.29428425, 47.97827438], [108.29440047, 47.97819615], [108.29445627, 47.9781622], [108.2945119, 47.97813083], [108.29468413, 47.97804206], [108.29489123, 47.97794196], [108.29493711, 47.97792171], [108.29496527, 47.97791139], [108.29499511, 47.97790254], [108.2951356, 47.9778708], [108.29524569, 47.9778392], [108.2954004, 47.97778973], [108.29555467, 47.97773366], [108.29570698, 47.97767305], [108.2960151, 47.97754431], [108.29626894, 47.97744067], [108.29690373, 47.97717424], [108.29705306, 47.97711405], [108.29739053, 47.97698161], [108.29753806, 47.97692876], [108.29772964, 47.97686907], [108.29783513, 47.97684235], [108.2979025, 47.97682871], [108.29796683, 47.9768177], [108.29804322, 47.9768076], [108.29811999, 47.9768014], [108.2982072, 47.97679759], [108.29839712, 47.97679226], [108.29846672, 47.97679265], [108.298545, 47.97679611], [108.29861763, 47.9768017], [108.29868441, 47.97680945], [108.29874088, 47.97681851], [108.29878911, 47.97682949], [108.29894704, 47.97687751], [108.29900269, 47.97689231], [108.29917768, 47.97692637], [108.2993517, 47.97696442], [108.2994344, 47.97697875], [108.29979627, 47.97702962], [108.29999302, 47.97705863], [108.30008248, 47.97707335], [108.30019518, 47.97709455], [108.30026999, 47.97711112], [108.30034155, 47.97713093], [108.30041643, 47.97715575], [108.30050602, 47.97719024], [108.30059332, 47.97722855], [108.30065784, 47.9772629], [108.30072165, 47.9773033], [108.30077815, 47.9773444], [108.30083728, 47.97739235], [108.30089803, 47.9774458], [108.30106917, 47.97760249], [108.30112504, 47.97764966], [108.30117744, 47.97769018], [108.30143977, 47.9778791], [108.30160475, 47.97799262], [108.30176237, 47.97809273], [108.30183775, 47.97813697], [108.30191075, 47.9781773], [108.30200199, 47.9782238], [108.3021003, 47.97826978], [108.30220672, 47.97831573], [108.30232332, 47.97836253], [108.30254201, 47.97844352], [108.30294578, 47.97858401], [108.30310164, 47.97863975], [108.30325726, 47.97869876], [108.30339499, 47.97875836], [108.30343064, 47.97877105], [108.30346405, 47.97878048], [108.30352909, 47.97879263], [108.30364889, 47.97880781], [108.30373707, 47.97881451], [108.3038332, 47.97881759], [108.30398399, 47.97881624], [108.30431323, 47.97880484], [108.3046144, 47.97880217], [108.30475212, 47.97879739], [108.3048202, 47.97879252], [108.3048852, 47.97878577], [108.30495742, 47.97877611], [108.30503965, 47.97876309], [108.30538986, 47.97870061], [108.30548212, 47.9786813], [108.30556617, 47.97866062], [108.30567297, 47.9786305], [108.30577925, 47.97859644], [108.30588443, 47.97855862], [108.30598683, 47.97851763], [108.30607206, 47.9784794], [108.30616153, 47.97843513], [108.30625739, 47.97838382], [108.30637071, 47.97831954], [108.30643947, 47.97827854], [108.30650868, 47.97823427], [108.30657971, 47.97818586], [108.30665393, 47.97813237], [108.30677785, 47.97803778], [108.3071453, 47.97774728], [108.30725954, 47.97765413], [108.30738227, 47.97754949], [108.30787234, 47.97711196], [108.30798736, 47.97701219], [108.30809274, 47.976924], [108.30820573, 47.97683368], [108.30831515, 47.97675092], [108.30840037, 47.9766902], [108.3085595, 47.97658582], [108.30860058, 47.97655531], [108.30863573, 47.9765255], [108.30867508, 47.97648764], [108.30871738, 47.97644237], [108.30880499, 47.9763413], [108.30884999, 47.97628628], [108.30894607, 47.97615693], [108.30916619, 47.97584058], [108.30920744, 47.97578969], [108.30925921, 47.97573561], [108.3093204, 47.97567842], [108.3095358, 47.97548598], [108.30964895, 47.97538913], [108.30976513, 47.97529361], [108.30989206, 47.97519348], [108.31002213, 47.97509511], [108.31015518, 47.97499863], [108.31029105, 47.97490414], [108.31049955, 47.97476657], [108.31089013, 47.97452115], [108.31103856, 47.97443391], [108.31110606, 47.9743974], [108.31117126, 47.97436443], [108.31123633, 47.97433399], [108.3113005, 47.97430649], [108.3114048, 47.9742656], [108.31146349, 47.97424509], [108.31149506, 47.97423589], [108.31152672, 47.97422864], [108.31163994, 47.97420942], [108.31168195, 47.97420078], [108.31175502, 47.97418081], [108.31181835, 47.97416027], [108.31186247, 47.97414328], [108.31190375, 47.9741245], [108.31201857, 47.97406255], [108.31207791, 47.97402699], [108.31215457, 47.973978], [108.31222363, 47.97392861], [108.31226657, 47.97389366], [108.31231184, 47.97385367], [108.31248615, 47.97368616], [108.31256548, 47.97361594], [108.31261156, 47.97357977], [108.31265713, 47.97354777], [108.31270207, 47.97351989], [108.31275206, 47.97349266], [108.31284774, 47.97344554], [108.31297738, 47.97338643], [108.31309095, 47.97333836], [108.31320288, 47.97329463], [108.31330959, 47.97325646], [108.31341515, 47.9732222], [108.31350903, 47.97319474], [108.31364733, 47.97315786], [108.31369176, 47.97315003], [108.31374401, 47.97314526], [108.31392098, 47.97313505], [108.31407036, 47.97313102], [108.31428435, 47.97313189], [108.31478588, 47.97314315], [108.31491419, 47.97314342], [108.31503004, 47.9731413], [108.31525353, 47.97313114], [108.31532367, 47.97312661], [108.31540366, 47.97311716], [108.31548791, 47.97310266], [108.31553008, 47.97309291], [108.31556731, 47.97308208], [108.31568593, 47.97303937], [108.3157595, 47.97300926], [108.3158343, 47.97297336], [108.3159027, 47.97293623], [108.31597637, 47.97289233], [108.31621742, 47.972736], [108.31631075, 47.97267854], [108.31640819, 47.97262499], [108.31650074, 47.97258194], [108.31656583, 47.97255664], [108.3166674, 47.97252255], [108.31673046, 47.97250282], [108.31678305, 47.97248894], [108.31685173, 47.97247558], [108.3169143, 47.97246641], [108.31696292, 47.97246279], [108.31700664, 47.97246368], [108.31706786, 47.97247119], [108.31715102, 47.97248775], [108.31720356, 47.9725025], [108.31731794, 47.97254119], [108.31738076, 47.97255826], [108.31750811, 47.97258746], [108.31763907, 47.97261146], [108.3177281, 47.9726219], [108.31783803, 47.97262881], [108.3180053, 47.97263554], [108.31817663, 47.97263559], [108.31825273, 47.97263916], [108.31831515, 47.97264721], [108.31838143, 47.97265893], [108.31842673, 47.97267031], [108.31846547, 47.97268411], [108.31851754, 47.97270931], [108.31857687, 47.97274508], [108.31867254, 47.97281651], [108.31873974, 47.97286992], [108.31880588, 47.97292598], [108.318877, 47.97298955], [108.31912199, 47.97322], [108.31922263, 47.97331122], [108.31932042, 47.97339355], [108.3194235, 47.97347563], [108.31946273, 47.97350424], [108.31951202, 47.97353411], [108.3195694, 47.97356362], [108.31963369, 47.97359216], [108.31970675, 47.97362059], [108.3197732, 47.97364333], [108.31983472, 47.973661], [108.31989106, 47.9736737], [108.319953, 47.9736838], [108.32000135, 47.97368937], [108.32005045, 47.97369311], [108.32009987, 47.97369497], [108.32014795, 47.97369489], [108.32019736, 47.9736928], [108.32024826, 47.97368869], [108.3203019, 47.97368237], [108.32034872, 47.97367499], [108.32041266, 47.97366117], [108.32048046, 47.97364231], [108.32055366, 47.97361807], [108.32064124, 47.97358549], [108.32069323, 47.9735651], [108.32072708, 47.9735496], [108.32084357, 47.97348572], [108.320885, 47.97346501], [108.3209266, 47.97344814], [108.32096694, 47.97343635], [108.32101617, 47.97342638], [108.32107338, 47.97341827], [108.32114748, 47.97341102], [108.32123658, 47.9734046], [108.32129803, 47.9734022], [108.32135355, 47.97340219], [108.32140413, 47.97340451], [108.32145364, 47.97340938], [108.32151014, 47.97341762], [108.32156511, 47.97342841], [108.32161932, 47.97344209], [108.32166084, 47.97345559], [108.32169545, 47.97347034], [108.3217322, 47.97348919], [108.32187812, 47.97357542], [108.32194751, 47.97360756], [108.32201433, 47.97363442], [108.32209307, 47.97366352], [108.32242807, 47.97377936], [108.3226205, 47.97384119], [108.32279621, 47.97389228], [108.32296881, 47.9739365], [108.32315744, 47.97397894], [108.32337839, 47.97402292], [108.32364091, 47.9740699], [108.32384591, 47.97410271], [108.32402586, 47.97412683], [108.32414229, 47.97413905], [108.32427683, 47.97415027], [108.3249827, 47.97419872], [108.32519022, 47.97421798], [108.32531397, 47.97423333], [108.32539386, 47.97424754], [108.32548006, 47.97426786], [108.32556584, 47.97429183], [108.32579444, 47.97436054], [108.32586415, 47.97437898], [108.32592768, 47.97439338], [108.3261056, 47.97442728], [108.32625219, 47.9744513], [108.32638569, 47.9744684], [108.32650959, 47.97447894], [108.32662858, 47.97448365], [108.32675839, 47.97448409], [108.32691104, 47.97448029], [108.32701095, 47.97447266], [108.32708285, 47.97446176], [108.32716549, 47.97444446], [108.32739023, 47.97439021], [108.3275518, 47.97434645], [108.3276192, 47.97433189], [108.32766805, 47.97432486], [108.32772698, 47.97432033], [108.32779282, 47.97431844], [108.3278741, 47.9743189], [108.3279588, 47.97432263], [108.32806457, 47.97433141], [108.32819783, 47.9743452], [108.32831782, 47.974361], [108.32843287, 47.97438179], [108.32866098, 47.97443314], [108.32875846, 47.97445253], [108.3289628, 47.9744848], [108.32916406, 47.97451026], [108.32935574, 47.97452836], [108.32954323, 47.97453995], [108.32972779, 47.97454511], [108.32990997, 47.9745438], [108.33006153, 47.97453761], [108.33021014, 47.97452679], [108.33035657, 47.9745113], [108.33050019, 47.97449123], [108.33064173, 47.97446647], [108.3307807, 47.97443709], [108.33091727, 47.97440309], [108.33105155, 47.9743644], [108.33114668, 47.97433369], [108.33123915, 47.97430105], [108.33135827, 47.9742558], [108.33145867, 47.97421443], [108.3315256, 47.97418383], [108.33158869, 47.97415151], [108.33166485, 47.97410816], [108.33172141, 47.97407281], [108.3317864, 47.9740258], [108.33183354, 47.973983], [108.33185299, 47.97396025], [108.3318733, 47.97393245], [108.33193607, 47.97382917], [108.3319892, 47.97375909], [108.33204205, 47.97370236], [108.33209143, 47.97365331], [108.33214093, 47.97360878], [108.33219255, 47.97356723], [108.33225736, 47.9735236], [108.33232966, 47.97348391], [108.33241419, 47.97344377], [108.33259956, 47.97336121], [108.33269481, 47.97331286], [108.332914, 47.97319135], [108.33303532, 47.97311919], [108.33309398, 47.97308131], [108.33314479, 47.97304615], [108.33318998, 47.97301252], [108.3332351, 47.97297604], [108.33328404, 47.9729333], [108.33333022, 47.97289], [108.33341962, 47.97279714], [108.33348456, 47.97272272], [108.33353988, 47.97265572], [108.33359805, 47.97258043], [108.33361767, 47.97254928], [108.33363574, 47.97250747], [108.33364804, 47.97245599], [108.33364894, 47.97242178], [108.33364075, 47.97239155], [108.333622, 47.97236116], [108.33358859, 47.97232443], [108.33355581, 47.97229499], [108.33352002, 47.97227055], [108.33346453, 47.97224313], [108.33332859, 47.97219016], [108.3332831, 47.97217037], [108.33317603, 47.97211635], [108.33313943, 47.97209401], [108.33310865, 47.97206867], [108.33307708, 47.97203334], [108.33305995, 47.97200481], [108.3330537, 47.97198109], [108.33305383, 47.9719619], [108.33305901, 47.97193714], [108.33307672, 47.97188703], [108.33309086, 47.97185483], [108.33312143, 47.97180337], [108.33317643, 47.97172691], [108.33321058, 47.97167292], [108.33324772, 47.97160751], [108.33326259, 47.97156855], [108.3332665, 47.97153499], [108.33326141, 47.97148667], [108.33325196, 47.97143867], [108.33322282, 47.9713175], [108.33321543, 47.97126198], [108.33321744, 47.97123396], [108.33322412, 47.97120916], [108.33323688, 47.97117997], [108.33325661, 47.97114637], [108.33328503, 47.97110607], [108.33331426, 47.97107103], [108.333346, 47.97103918], [108.33338391, 47.97100629], [108.33343604, 47.97096624], [108.33351065, 47.97091361], [108.333571, 47.9708751], [108.33363004, 47.97084136], [108.33373549, 47.97078679], [108.33384491, 47.97073323], [108.33394543, 47.97068685], [108.33407237, 47.97063109], [108.33429067, 47.97054112], [108.33437793, 47.97050736], [108.3345436, 47.97044702], [108.3346604, 47.97039876], [108.33472665, 47.9703647], [108.3347934, 47.97032476], [108.33485537, 47.97028323], [108.33491137, 47.97024005], [108.33494198, 47.97021299], [108.33496929, 47.97018495], [108.33499402, 47.97015454], [108.33501733, 47.97012073], [108.33505604, 47.97005378], [108.33511991, 47.96993159], [108.33520676, 47.96978853], [108.33533259, 47.96956968], [108.33541958, 47.96943296], [108.33549341, 47.96933212], [108.33553755, 47.96927885], [108.33559218, 47.96921868], [108.3356563, 47.969152], [108.33571695, 47.96909316], [108.33583075, 47.96898946], [108.33590019, 47.96892933], [108.33596534, 47.96887718], [108.33601534, 47.96884515], [108.33605188, 47.96882745], [108.33608974, 47.96881354], [108.33614091, 47.96879867], [108.33619329, 47.9687872], [108.3362398, 47.96878016], [108.33628243, 47.96877667], [108.33632931, 47.96877612], [108.33637801, 47.96877846], [108.33645848, 47.96878609], [108.33652881, 47.96879741], [108.33662627, 47.96881998], [108.33681156, 47.96886876], [108.33689579, 47.96888864], [108.33700151, 47.9689087], [108.33712615, 47.96892473], [108.33723171, 47.9689355], [108.33736604, 47.96894683], [108.33764224, 47.96896412], [108.33789568, 47.96897487], [108.33801209, 47.96897807], [108.33816305, 47.96898011], [108.33826364, 47.96898424], [108.33833284, 47.96899096], [108.33840276, 47.96900013], [108.33847138, 47.96901139], [108.33852351, 47.9690228], [108.33857802, 47.96903965], [108.33862374, 47.96906032], [108.33866855, 47.96908806], [108.3387187, 47.96912729], [108.33878537, 47.96918544], [108.33885911, 47.96925733], [108.33890421, 47.96931102], [108.33896974, 47.96940006], [108.33900906, 47.96944995], [108.33904221, 47.96948727], [108.33907306, 47.96951706], [108.33912074, 47.96955553], [108.33919666, 47.96960744], [108.33927328, 47.96965357], [108.33935659, 47.96969826], [108.33946477, 47.96974875], [108.33957808, 47.96979383], [108.33969763, 47.96983445], [108.33982004, 47.96986895], [108.33995391, 47.96989937], [108.34009097, 47.96992415], [108.34023414, 47.96994432], [108.34037773, 47.96995858], [108.34047329, 47.96996481], [108.34056943, 47.96996851], [108.34066504, 47.96996965], [108.34076057, 47.9699682], [108.34085011, 47.96996415], [108.34094087, 47.96995758], [108.3410397, 47.96994808], [108.34114941, 47.9699354], [108.34124682, 47.9699219], [108.341343, 47.96990608], [108.3415729, 47.96986181], [108.34173915, 47.96982704], [108.34197743, 47.96977024], [108.34214238, 47.96973655], [108.3422686, 47.96971505], [108.34234296, 47.9697039], [108.34241261, 47.96969591], [108.34248583, 47.96969092], [108.34255655, 47.96968882], [108.34262625, 47.96968909], [108.34268932, 47.96969149], [108.34275111, 47.96969653], [108.34284272, 47.9697102], [108.34298335, 47.96973754], [108.34311349, 47.96975867], [108.34325418, 47.96977734], [108.34339463, 47.96979174], [108.34350205, 47.96979835], [108.3436154, 47.96980174], [108.34370561, 47.96980019], [108.34378868, 47.96979407], [108.34388309, 47.96978198], [108.34400185, 47.96976136], [108.34411173, 47.9697374], [108.34421121, 47.96971108], [108.3443238, 47.96967587], [108.3444609, 47.96962709], [108.34458233, 47.96957992], [108.34470061, 47.96952939], [108.34477158, 47.9694959], [108.34484886, 47.96945674], [108.34492583, 47.96941501], [108.34500556, 47.96936938], [108.34515246, 47.96927959], [108.34544608, 47.96909025], [108.34554652, 47.96902014], [108.34561298, 47.96896947], [108.34568491, 47.96891084], [108.34583238, 47.96878428], [108.34593509, 47.96870121], [108.34601964, 47.96863982], [108.34610911, 47.96858388], [108.34615481, 47.96855913], [108.34620061, 47.96853667], [108.34631672, 47.96848796], [108.34639761, 47.96845723], [108.34654015, 47.96840595], [108.34675496, 47.96833111], [108.34684101, 47.96829738], [108.34692157, 47.96826197], [108.34705387, 47.96819757], [108.3471807, 47.96813009], [108.34731901, 47.96805145], [108.3474473, 47.96797248], [108.34753731, 47.96791312], [108.34762413, 47.96785236], [108.34770492, 47.9677924], [108.34777574, 47.96773553], [108.34783117, 47.96768578], [108.34789143, 47.96762689], [108.34805634, 47.96745182], [108.34816402, 47.96734551], [108.34823719, 47.96728157], [108.34830099, 47.96722936], [108.34835724, 47.96718722], [108.34841108, 47.96715253], [108.34846484, 47.96712244], [108.34852529, 47.9670924], [108.34858327, 47.96706628], [108.34868903, 47.96702188], [108.34889285, 47.966941], [108.34898138, 47.96690768], [108.34913079, 47.96685427], [108.34923414, 47.96681327], [108.34927969, 47.96679194], [108.34932189, 47.96676918], [108.349367, 47.96674175], [108.34940972, 47.96671294], [108.34946864, 47.96666905], [108.34953864, 47.96661221], [108.3496274, 47.96653799], [108.34970617, 47.96646936], [108.34982874, 47.96635581], [108.34987062, 47.96631187], [108.34990635, 47.96626987], [108.3499425, 47.96622151], [108.34997709, 47.96616887], [108.35000779, 47.96611659], [108.3500527, 47.96603304], [108.35011554, 47.96590657], [108.35013524, 47.96586162], [108.35016828, 47.96577647], [108.3501976, 47.9657169], [108.35021905, 47.96568513], [108.35026334, 47.96562768], [108.35028834, 47.96560178], [108.35031602, 47.9655809], [108.35033353, 47.96557156], [108.35035115, 47.96556446], [108.35040571, 47.96555135], [108.35065517, 47.96551435], [108.35072411, 47.9655016], [108.35079314, 47.96548688], [108.35084838, 47.9654737], [108.35089424, 47.9654608], [108.35093448, 47.96544711], [108.35097125, 47.96543166], [108.35101565, 47.96540863], [108.3510658, 47.96537782], [108.35116451, 47.96531003], [108.35134606, 47.96518943], [108.35146321, 47.96510783], [108.35158766, 47.96501816], [108.3518093, 47.96485067], [108.35187712, 47.96480505], [108.35193911, 47.96477002], [108.35207757, 47.96470815], [108.35223538, 47.96464407], [108.35256683, 47.96451638], [108.35304927, 47.96433758], [108.3532305, 47.96426642], [108.35338655, 47.96420104], [108.35348307, 47.96415789], [108.35357707, 47.96411336], [108.35379513, 47.96400425], [108.35399052, 47.9638997], [108.35406232, 47.96385753], [108.35412586, 47.96381715], [108.3541771, 47.96378172], [108.35422579, 47.96374513], [108.35427598, 47.96370445], [108.35432432, 47.96366243], [108.3544332, 47.96355831], [108.35453624, 47.9634499], [108.35460922, 47.96336882], [108.35467104, 47.9632918], [108.35474426, 47.96319012], [108.35484931, 47.96303363], [108.35492021, 47.96293308], [108.35501817, 47.96280758], [108.35511013, 47.96269624], [108.35520819, 47.96258517], [108.35529107, 47.96250125], [108.35541185, 47.96238848], [108.35546418, 47.96234433], [108.35551297, 47.96230681], [108.3555541, 47.96227821], [108.35559671, 47.96225179], [108.35564413, 47.96222562], [108.3556953, 47.96220007], [108.35579329, 47.96215559], [108.35596271, 47.96208272], [108.3561144, 47.96201514], [108.35624251, 47.96195615], [108.35637267, 47.96189376], [108.3564508, 47.96185273], [108.35652809, 47.9618098], [108.35670987, 47.96170266], [108.35685012, 47.96161227], [108.35697979, 47.96152038], [108.35714371, 47.96139573], [108.35744632, 47.96115818], [108.35756961, 47.96106702], [108.35771204, 47.96096808], [108.35796688, 47.96079642], [108.35821629, 47.9606338], [108.35845376, 47.96048475], [108.35869512, 47.96033963], [108.35891343, 47.960215], [108.35901631, 47.96016007], [108.35913608, 47.9600986], [108.35941242, 47.95996398], [108.35990386, 47.95973204], [108.36009448, 47.95963741], [108.36025443, 47.95955348], [108.36045348, 47.95944062], [108.36065285, 47.95932126], [108.3608825, 47.95917847], [108.36113942, 47.95901353], [108.36128548, 47.95891514], [108.36140159, 47.95882996], [108.36152591, 47.95873045], [108.36164673, 47.95862567], [108.36176527, 47.9585158], [108.36189463, 47.95838942], [108.36224037, 47.95803474], [108.36245466, 47.95782318], [108.36253585, 47.95774738], [108.36261643, 47.95767528], [108.36271354, 47.95759287], [108.36280359, 47.95752157], [108.36287163, 47.95745549], [108.36291388, 47.95742203], [108.36293515, 47.95741066], [108.3629591, 47.95740223], [108.36299182, 47.95739554], [108.36302453, 47.95739181], [108.36305056, 47.95739109], [108.36307617, 47.95739277], [108.36310413, 47.95739707], [108.36314336, 47.95740563], [108.36318044, 47.95741651], [108.36321805, 47.95743299], [108.36326119, 47.95745879], [108.36332452, 47.95750368], [108.3633693, 47.95753162], [108.36341269, 47.95755316], [108.36348839, 47.95758506], [108.3635299, 47.95759776], [108.36356603, 47.95760356], [108.36360438, 47.95760534], [108.36367274, 47.95760312], [108.36378085, 47.9575942], [108.36386906, 47.95758141], [108.36396037, 47.9575618], [108.3640421, 47.95753732], [108.36416605, 47.95749083], [108.36430411, 47.95743168], [108.36440828, 47.95737953], [108.36445834, 47.95735096], [108.3645016, 47.95732385], [108.36456815, 47.95727611], [108.36463335, 47.95722209], [108.36470042, 47.95716041], [108.36476344, 47.95709599], [108.36480563, 47.95704553], [108.36485015, 47.95698583], [108.36495355, 47.95683151], [108.36501615, 47.95674411], [108.36509853, 47.9566416], [108.36518485, 47.9565397], [108.36529998, 47.9564101], [108.36543717, 47.95626192], [108.36580617, 47.95587778], [108.36601813, 47.95565144], [108.36614079, 47.95551371], [108.36628141, 47.95533957], [108.36637686, 47.95523129], [108.36643816, 47.95517102], [108.36650342, 47.95511087], [108.36657081, 47.9550523], [108.36662113, 47.95501308], [108.36666686, 47.95498217], [108.36671359, 47.95495552], [108.36676626, 47.95493021], [108.36682632, 47.95490525], [108.36690782, 47.95487703], [108.36699195, 47.95485415], [108.36707804, 47.95483651], [108.36716543, 47.95482464], [108.36725438, 47.95481903], [108.36734298, 47.95481917], [108.36741657, 47.95482383], [108.36752228, 47.95483684], [108.36765077, 47.95485597], [108.36777445, 47.95487858], [108.36790317, 47.95490691], [108.36803826, 47.9549411], [108.36820844, 47.95498936], [108.36847504, 47.9550712], [108.36859546, 47.95511064], [108.36870768, 47.95515183], [108.36877749, 47.95517278], [108.36883532, 47.95518373], [108.3688958, 47.95519118], [108.36895799, 47.95519566], [108.36901848, 47.95519634], [108.36906249, 47.95519109], [108.36914058, 47.95517085], [108.36925386, 47.95513596], [108.36935292, 47.95510173], [108.3694339, 47.95507053], [108.36952624, 47.95503235], [108.36975939, 47.95492988], [108.36989466, 47.95487274], [108.37000823, 47.95482896], [108.37011983, 47.95479154], [108.37028222, 47.9547467], [108.3703823, 47.95472259], [108.37042366, 47.95471408], [108.37047106, 47.95470747], [108.37051747, 47.95470409], [108.37057355, 47.95470263], [108.37062786, 47.95470422], [108.37066836, 47.9547077], [108.37070322, 47.95471269], [108.37078759, 47.95473299], [108.37090295, 47.95476988], [108.37100891, 47.95481036], [108.37112805, 47.95486444], [108.37128872, 47.95494701], [108.37142906, 47.95502359], [108.37156834, 47.95510561], [108.37161208, 47.95512939], [108.37164007, 47.95514155], [108.37166784, 47.95515128], [108.37171451, 47.9551654], [108.37176899, 47.95517954], [108.37186555, 47.95520177], [108.37194679, 47.9552168], [108.3720427, 47.95523043], [108.37214657, 47.95524125], [108.37223712, 47.95524811], [108.37238295, 47.95525613], [108.37265238, 47.9552664], [108.37284034, 47.95527736], [108.37294691, 47.9552793], [108.37299102, 47.95528324], [108.37302782, 47.95529137], [108.37306356, 47.95530441], [108.37309664, 47.95532025], [108.37312189, 47.95533555], [108.37314768, 47.95535596], [108.37318209, 47.95538946], [108.37321158, 47.95542186], [108.37325064, 47.95547193], [108.37327419, 47.95550548], [108.37330532, 47.9555635], [108.37332834, 47.9556255], [108.37334951, 47.9557075], [108.3733817, 47.95586175], [108.37340014, 47.95592294], [108.37342333, 47.95597872], [108.37345772, 47.95604225], [108.37350248, 47.95610997], [108.37352502, 47.95613461], [108.37354978, 47.95615778], [108.37357449, 47.95617758], [108.37360022, 47.95619419], [108.37363616, 47.95621164], [108.37367517, 47.95622591], [108.37371371, 47.95623618], [108.37375342, 47.95624224], [108.37382187, 47.95624439], [108.37389137, 47.95624374], [108.37398437, 47.95624025], [108.37403419, 47.95623493], [108.37408213, 47.95622637], [108.37414136, 47.95621271], [108.37419465, 47.9561986], [108.37425116, 47.95618141], [108.37437839, 47.9561357], [108.37453147, 47.95607444], [108.37461603, 47.95604732], [108.3746797, 47.95603274], [108.37474768, 47.95602084], [108.37481269, 47.95601308], [108.37488568, 47.95600771], [108.37494012, 47.95600648], [108.3749746, 47.95600827], [108.37500581, 47.95601267], [108.37505139, 47.95602328], [108.37510326, 47.95603838], [108.37514814, 47.95605372], [108.37522026, 47.95608237], [108.37529687, 47.95611548], [108.37541287, 47.95616868], [108.37550203, 47.95621358], [108.37560482, 47.95627014], [108.37571376, 47.95633496], [108.37588985, 47.95644737], [108.37617311, 47.95663511], [108.37638485, 47.95676474], [108.37646424, 47.95682091], [108.37652283, 47.95686895], [108.37654311, 47.95689364], [108.37655589, 47.95692242], [108.37656863, 47.95696396], [108.37658023, 47.95701692], [108.37658968, 47.957079], [108.37660146, 47.95718924], [108.37660745, 47.95727427], [108.37660818, 47.95734144], [108.37661374, 47.95738055], [108.37662453, 47.9574064], [108.37664228, 47.95743145], [108.37666716, 47.95745788], [108.37669682, 47.95748229], [108.37673349, 47.95750516], [108.37677676, 47.95752285], [108.37682947, 47.95753665], [108.37691585, 47.95755292], [108.37698652, 47.95756345], [108.37709644, 47.95757347], [108.37724707, 47.95758149], [108.37735991, 47.9575843], [108.37742644, 47.95758966], [108.37747427, 47.95759854], [108.37752152, 47.95761111], [108.37756772, 47.95762673], [108.37760995, 47.95764509], [108.37764596, 47.95766569], [108.37767817, 47.95769005], [108.37771187, 47.95772225], [108.37773972, 47.95775437], [108.37776531, 47.95779488], [108.37783054, 47.95792127], [108.37788983, 47.95802306], [108.37794214, 47.95809844], [108.37796792, 47.95812978], [108.37799278, 47.95815455], [108.37802553, 47.95818111], [108.37806421, 47.95820758], [108.37810466, 47.95823101], [108.37814772, 47.95825196], [108.37818445, 47.95826642], [108.3782231, 47.9582787], [108.37827826, 47.95829334], [108.37834087, 47.95830718], [108.37844317, 47.95832599], [108.37853504, 47.95833799], [108.37864264, 47.95834747], [108.37880256, 47.95835666], [108.37892855, 47.9583605], [108.37902605, 47.95835985], [108.37913275, 47.95835489], [108.3792351, 47.95834544], [108.37928881, 47.95833605], [108.37933808, 47.95832276], [108.37939968, 47.95830076], [108.37945937, 47.95827617], [108.37953804, 47.95823709], [108.37962988, 47.95818519], [108.37975589, 47.95811684], [108.37981928, 47.95808469], [108.37986787, 47.95806328], [108.37991491, 47.95804625], [108.37996763, 47.95803054], [108.38002577, 47.95801593], [108.38010675, 47.95799819], [108.38021869, 47.95797569], [108.38031316, 47.9579587], [108.38039193, 47.95794704], [108.38047278, 47.95793824], [108.38062831, 47.95792812], [108.38074591, 47.95792303], [108.38085911, 47.95792152], [108.38102957, 47.95792276], [108.38115265, 47.95791936], [108.38121214, 47.95791481], [108.38127549, 47.9579071], [108.3813441, 47.95789652], [108.38141339, 47.95788356], [108.38146241, 47.95787158], [108.38150826, 47.95785705], [108.38155565, 47.95783841], [108.3816015, 47.95781713], [108.38165906, 47.95778649], [108.38171792, 47.95775164], [108.38177406, 47.95771618], [108.381827, 47.95767944], [108.38188118, 47.95763686], [108.38192938, 47.95759157], [108.38206909, 47.9574308], [108.38213265, 47.95736265], [108.3821667, 47.95732899], [108.38221397, 47.95728846], [108.38226918, 47.95724537], [108.38231683, 47.95721235], [108.38236508, 47.95718365], [108.38241495, 47.95715928], [108.38247432, 47.95713528], [108.38254069, 47.95711117], [108.3826229, 47.95708418], [108.38272809, 47.95705216], [108.38284112, 47.9570206], [108.38301731, 47.95698092], [108.38310436, 47.95695882], [108.38318831, 47.95693073], [108.38327336, 47.95689569], [108.38337644, 47.95684753], [108.38347517, 47.95679903], [108.38356868, 47.95675101], [108.38363742, 47.95671245], [108.38367679, 47.95668766], [108.38371657, 47.95665945], [108.3838147, 47.95658218], [108.38387398, 47.9565386], [108.38393229, 47.95650064], [108.38401591, 47.9564503], [108.3840645, 47.95642491], [108.38411407, 47.95640317], [108.3841697, 47.95638272], [108.38422782, 47.95636484], [108.3843093, 47.95634451], [108.38439398, 47.9563281], [108.38448546, 47.95631478], [108.38457849, 47.95630524], [108.38466369, 47.95629972], [108.38474839, 47.95629812], [108.38482478, 47.95630118], [108.38490164, 47.95630888], [108.38497051, 47.9563191], [108.38504235, 47.95633257], [108.38509319, 47.95634372], [108.38514486, 47.95635787], [108.38524128, 47.95639202], [108.38536362, 47.9564427], [108.38544071, 47.95647218], [108.38550661, 47.95649373], [108.3856273, 47.95652939], [108.38569187, 47.95654514], [108.38575487, 47.95655711], [108.38582669, 47.95656789], [108.38589359, 47.95657434], [108.38595603, 47.95657627], [108.38601823, 47.95657492], [108.38607773, 47.95657048], [108.38613415, 47.95656263], [108.38618315, 47.9565519], [108.38622975, 47.95653761], [108.38627738, 47.95651902], [108.3863226, 47.95649735], [108.38635464, 47.9564791], [108.38638003, 47.95646192], [108.38644663, 47.95640342], [108.38651591, 47.95633266], [108.38663278, 47.95620326], [108.38667554, 47.95614923], [108.3867113, 47.95609709], [108.38673896, 47.9560464], [108.38677921, 47.95596356], [108.38681638, 47.9559014], [108.38686646, 47.95583614], [108.38692754, 47.95576861], [108.38696479, 47.9557345], [108.38700855, 47.9557013], [108.38704907, 47.95567405], [108.38714538, 47.95561386], [108.38721275, 47.95556799], [108.38732376, 47.95548857], [108.38744388, 47.95539834], [108.38749579, 47.9553561], [108.3875408, 47.95531408], [108.3875593, 47.95529298], [108.38757572, 47.95526744], [108.3875892, 47.95523724], [108.38759832, 47.95520834], [108.38760262, 47.95518181], [108.38760192, 47.95515552], [108.38759541, 47.95513115], [108.38758369, 47.95510753], [108.38756663, 47.95508309], [108.38754492, 47.95505929], [108.38752007, 47.95504], [108.3874857, 47.95502132], [108.38738456, 47.95497937], [108.38730937, 47.95494529], [108.3872286, 47.95490605], [108.38714851, 47.95486378], [108.38710798, 47.95483771], [108.38707209, 47.95480912], [108.38703589, 47.9547751], [108.38700345, 47.95473885], [108.38698363, 47.95471118], [108.38696825, 47.95468302], [108.38695574, 47.95465128], [108.38694625, 47.95461732], [108.38693794, 47.95457537], [108.38693252, 47.95453151], [108.38693184, 47.95449524], [108.38693549, 47.95445936], [108.38694228, 47.95442681], [108.3869522, 47.95439514], [108.38696528, 47.95436454], [108.38698188, 47.95433441], [108.38700354, 47.95430226], [108.38702815, 47.95427137], [108.38705264, 47.95424523], [108.38708125, 47.95422005], [108.38717581, 47.95415071], [108.38728033, 47.9540798], [108.38740425, 47.95400126], [108.38763054, 47.95386411], [108.38769174, 47.95382413], [108.38776561, 47.95377123], [108.38781528, 47.95373832], [108.38788687, 47.95369893], [108.38793556, 47.95367571], [108.38796613, 47.95366334], [108.38799309, 47.95365465], [108.38802093, 47.95364819], [108.3880495, 47.95364405], [108.38808702, 47.95364107], [108.3881692, 47.95363927], [108.38833127, 47.95364198], [108.38848492, 47.95364916], [108.38870485, 47.95366397], [108.38887472, 47.95366851], [108.38897324, 47.95366839], [108.38906485, 47.95366521], [108.38915591, 47.9536598], [108.3892439, 47.95365144], [108.38929057, 47.9536444], [108.38933114, 47.95363591], [108.38936863, 47.95362547], [108.389407, 47.95361206], [108.38944413, 47.95359667], [108.38948527, 47.95357718], [108.38954339, 47.95354689], [108.38960466, 47.95351253], [108.38968399, 47.95346576], [108.38973828, 47.95343126], [108.38979808, 47.95338991], [108.38985505, 47.95334686], [108.38990596, 47.95330474], [108.38994786, 47.95326617], [108.38999113, 47.95322179], [108.39003418, 47.95317294], [108.39007858, 47.95311793], [108.39014, 47.95303588], [108.39021839, 47.95292209], [108.39027196, 47.95283004], [108.39035279, 47.95267705], [108.39043617, 47.95253059], [108.39050833, 47.95241271], [108.3905868, 47.95229573], [108.3906708, 47.95218887], [108.39072105, 47.9521304], [108.39076392, 47.95208407], [108.39080446, 47.95204363], [108.39084727, 47.95200443], [108.39089164, 47.95196755], [108.39094041, 47.95193033], [108.39104927, 47.95185447], [108.39116122, 47.95178061], [108.39131941, 47.9516796], [108.39144886, 47.95160149], [108.3915531, 47.95154265], [108.39165943, 47.95148689], [108.39176204, 47.95143748], [108.39186866, 47.95139078], [108.39202428, 47.95132924], [108.39218698, 47.95127059], [108.3923526, 47.95121535], [108.39251985, 47.95116478], [108.39262042, 47.95113716], [108.3927208, 47.95111212], [108.39282082, 47.95109267], [108.39301376, 47.95106043], [108.39309072, 47.95104327], [108.39315855, 47.95102326], [108.39324735, 47.95098951], [108.39335225, 47.9509422], [108.39345913, 47.95088941], [108.39360356, 47.9508134], [108.3936474, 47.95078639], [108.39368465, 47.95075836], [108.39371622, 47.95072777], [108.3937439, 47.95069387], [108.39380495, 47.95060067], [108.39393651, 47.95037937], [108.39399359, 47.95028947], [108.39406855, 47.95017982], [108.39409866, 47.95014257], [108.39412514, 47.95011388], [108.3941577, 47.950084], [108.39419453, 47.95005509], [108.3942367, 47.95002596], [108.39428997, 47.94999268], [108.39435786, 47.94995291], [108.39443983, 47.94990776], [108.39451879, 47.94986608], [108.39459084, 47.94983068], [108.39469481, 47.94978481], [108.39480353, 47.94974576], [108.394935, 47.94970629], [108.39516833, 47.9496418], [108.39525978, 47.94961309], [108.39535662, 47.94957979], [108.39561193, 47.94948397], [108.39597603, 47.94933723], [108.39621321, 47.94924593], [108.39634345, 47.94919965], [108.39648255, 47.94915263], [108.39664729, 47.94909958], [108.39671628, 47.94908013], [108.39676145, 47.94906977], [108.39680872, 47.9490611], [108.39691487, 47.94904702], [108.39705088, 47.9490364], [108.39716109, 47.94903233], [108.39723385, 47.94903451], [108.39732229, 47.94904295], [108.39740949, 47.94905389], [108.39750689, 47.94906954], [108.39755887, 47.94907614], [108.39760958, 47.94907868], [108.39766837, 47.94907811], [108.39771812, 47.94907196], [108.39776367, 47.94905911], [108.39781918, 47.94903562], [108.39787271, 47.94900799], [108.39791223, 47.94898503], [108.39794408, 47.9489635], [108.39797003, 47.94894217], [108.3979905, 47.94892055], [108.39800914, 47.94889441], [108.39802401, 47.94886625], [108.39803618, 47.94883434], [108.39804483, 47.94880114], [108.39805005, 47.94877018], [108.39805106, 47.94874441], [108.39804926, 47.94869338], [108.39804324, 47.94863669], [108.39802265, 47.94851411], [108.39799548, 47.94843418], [108.39798451, 47.94839376], [108.39797932, 47.94834936], [108.39797839, 47.94830598], [108.39798059, 47.94827421], [108.39798568, 47.94824269], [108.39799356, 47.94821172], [108.39800445, 47.94818033], [108.39801664, 47.94815223], [108.39803119, 47.94812588], [108.39804726, 47.94810294], [108.39806642, 47.94808158], [108.3981003, 47.9480523], [108.39814105, 47.94802395], [108.39820595, 47.94798534], [108.39826497, 47.94795307], [108.39832286, 47.94792469], [108.39838244, 47.94789887], [108.3984432, 47.94787545], [108.39850252, 47.94785606], [108.39854075, 47.94784634], [108.39858486, 47.94783726], [108.39867409, 47.94782445], [108.39879036, 47.94781436], [108.39900567, 47.94780091], [108.39909027, 47.94779196], [108.39916749, 47.94777969], [108.39926835, 47.94775761], [108.39937919, 47.94772796], [108.39946758, 47.9476966], [108.39950571, 47.94768047], [108.39953649, 47.94766471], [108.39957289, 47.9476395], [108.39960287, 47.94761036], [108.39963034, 47.9475746], [108.39965311, 47.94753516], [108.39966257, 47.94751045], [108.39966806, 47.94748517], [108.39968075, 47.94736791], [108.39971458, 47.94722063], [108.39972604, 47.94715185], [108.39973698, 47.94712885], [108.39975341, 47.94710981], [108.39977917, 47.94708873], [108.39981003, 47.94707074], [108.39983028, 47.94706232], [108.39985222, 47.94705544], [108.39990353, 47.94704608], [108.39994209, 47.94704367], [108.39999748, 47.94704761], [108.40005714, 47.94705649], [108.40023786, 47.94709079], [108.40033166, 47.94711245], [108.40042368, 47.94713749], [108.40051072, 47.94716486], [108.4005947, 47.94719485], [108.40067705, 47.94722789], [108.40075777, 47.94726397], [108.40083685, 47.9473031], [108.4009143, 47.94734527], [108.40099012, 47.94739049], [108.40105556, 47.94744444], [108.40116146, 47.94680176], [108.40120115, 47.94643712], [108.40124645, 47.94615783], [108.40131885, 47.94604879], [108.40145897, 47.94600187], [108.40168129, 47.94599528], [108.40195476, 47.94604062], [108.40239195, 47.94615594], [108.40285668, 47.94620629], [108.40355542, 47.94618556], [108.4038868, 47.94614366], [108.40443209, 47.94596713], [108.4048828, 47.94580409], [108.40513618, 47.94578588], [108.40534473, 47.94581176], [108.40552292, 47.94585992], [108.40586693, 47.94601006], [108.40617427, 47.94608645], [108.40665419, 47.94612565], [108.40700145, 47.94608327], [108.40728308, 47.94601077], [108.40760604, 47.94584082], [108.40787222, 47.94553359], [108.40812393, 47.94524817], [108.40830465, 47.94509314], [108.40847512, 47.94502393], [108.40882378, 47.94500289], [108.40979315, 47.94498477], [108.41014321, 47.94498505], [108.41043608, 47.94508324], [108.41071869, 47.94526727], [108.41101366, 47.94539747], [108.4112409, 47.94546554], [108.41199148, 47.94550736], [108.41265985, 47.94550886], [108.41329294, 47.94545795], [108.41371607, 47.94535984], [108.41407849, 47.94530629], [108.41439609, 47.94529684], [108.41457148, 47.94530231], [108.41473379, 47.94535093], [108.41496315, 47.945451], [108.4151911, 47.94552974], [108.41539754, 47.94552359], [108.41560116, 47.94547477], [108.41588207, 47.94539157], [108.4168416, 47.94522403], [108.41712321, 47.9451515], [108.4172411, 47.94500902], [108.41724782, 47.94486984], [108.4171861, 47.94465788], [108.41712931, 47.9445206], [108.41711945, 47.94437123], [108.4172698, 47.94423847], [108.41747272, 47.94417898], [108.41771161, 47.94418255], [108.41817634, 47.94423284], [108.41848017, 47.94425586], [108.41870178, 47.94423857], [108.41893645, 47.94417812], [108.41910267, 47.94404489], [108.4193543, 47.94375944], [108.41947679, 47.94344578], [108.41954562, 47.94328338], [108.4196229, 47.943249], [108.41973546, 47.94326703], [108.41997999, 47.94335595], [108.4204567, 47.94358761], [108.42070264, 47.94369786], [108.42102304, 47.94373107], [108.42122948, 47.94372491], [108.42162152, 47.94363839], [108.42200652, 47.94344517], [108.42233152, 47.9433072], [108.4224882, 47.94327045], [108.42268087, 47.94329678], [108.42297515, 47.94341628], [108.42341165, 47.94352084], [108.4236202, 47.94354669], [108.42611394, 47.94348293], [108.42678368, 47.94350568], [108.42718561, 47.94356851], [108.42777138, 47.94376481], [108.42848527, 47.94421384], [108.42882862, 47.94435324], [108.42895848, 47.94439212], [108.42930924, 47.94440301], [108.42957637, 47.94435226], [108.42973092, 47.9442835], [108.42995286, 47.94403099], [108.4300954, 47.94378086], [108.43015397, 47.94370428], [108.43024783, 47.94368009], [108.43035969, 47.94368744], [108.43070093, 47.94379482], [108.43090877, 47.94380999], [108.43112825, 47.94376066], [108.43125034, 47.94368218], [108.43129759, 47.94343489], [108.43122312, 47.94327142], [108.43094455, 47.94290916], [108.43080056, 47.94265691], [108.430825, 47.94238536], [108.43104375, 47.94216501], [108.43132978, 47.94199967], [108.43178801, 47.94187193], [108.43218084, 47.94171765], [108.43266916, 47.94140371], [108.43298012, 47.94129463], [108.43323512, 47.94130125], [108.43354189, 47.94144886], [108.43378138, 47.94154147], [108.4344051, 47.94163239], [108.43491382, 47.9416687], [108.43550896, 47.94161995], [108.43596424, 47.94154446], [108.43616398, 47.94154879], [108.43639981, 47.9416345], [108.43667446, 47.94184277], [108.43705971, 47.94209926], [108.4373289, 47.94222521], [108.4375307, 47.9422604], [108.43788494, 47.94228071], [108.43830043, 47.94229919], [108.4387326, 47.94233778], [108.43924543, 47.9424358], [108.43953637, 47.94242708], [108.43971602, 47.94235984], [108.43992083, 47.94220937], [108.44001572, 47.94202096], [108.44004867, 47.9418241], [108.44016296, 47.94169696], [108.44054742, 47.94147925], [108.44082742, 47.94130591], [108.44098286, 47.94110537], [108.4410005, 47.94090897], [108.44088033, 47.9407167], [108.44080814, 47.94055392], [108.44078189, 47.94038977], [108.44080568, 47.94028596], [108.44089208, 47.9402009], [108.44203555, 47.93963052], [108.44230295, 47.93949879], [108.44246933, 47.93946287], [108.44306717, 47.93945523], [108.44335809, 47.9394465], [108.44355441, 47.93939937], [108.44385175, 47.93925643], [108.4445335, 47.93889576], [108.4450132, 47.93872672], [108.44525613, 47.93868849], [108.44550248, 47.93870171], [108.44579888, 47.93877528], [108.44612932, 47.93889937], [108.44671159, 47.93911899], [108.44699336, 47.9392033], [108.44734758, 47.93922358], [108.44818903, 47.93918798], [108.44878686, 47.93918032], [108.44920507, 47.93923991], [108.44970532, 47.9393795], [108.44989591, 47.93947686], [108.45008239, 47.93951249], [108.45028212, 47.93951679], [108.45092178, 47.93944601], [108.45166588, 47.93933084], [108.45204524, 47.93926788], [108.45231193, 47.93912583], [108.45248401, 47.9389454], [108.45254479, 47.93870646], [108.45252718, 47.93821215], [108.45251141, 47.93797552], [108.45253175, 47.93782027], [108.45260213, 47.93772537], [108.45280825, 47.93759545], [108.45306374, 47.9375156], [108.45341452, 47.93748442], [108.45376873, 47.93750469], [108.45431147, 47.93759143], [108.45457313, 47.93760417], [108.45483273, 47.93758604], [108.45498309, 47.93754028], [108.45512865, 47.93742249], [108.45516017, 47.93720506], [108.4551332, 47.93703061], [108.45521751, 47.93691467], [108.45533657, 47.93685954], [108.4555356, 47.93685354], [108.45578469, 47.9369079], [108.45597392, 47.93698467], [108.45625294, 47.93702781], [108.45657378, 47.93700783], [108.4568215, 47.9370416], [108.45704134, 47.93711745], [108.45729799, 47.93728497], [108.45768399, 47.93755168], [108.45795389, 47.93768787], [108.45818837, 47.93775297], [108.45837278, 47.93775771], [108.45864426, 47.93768768], [108.45905922, 47.93746898], [108.46010093, 47.93675716], [108.46126372, 47.93602106], [108.46166679, 47.93585426], [108.46230225, 47.93572168], [108.46286667, 47.93567372], [108.46367743, 47.93563893], [108.46408736, 47.93557501], [108.46444999, 47.93549189], [108.46467345, 47.93539236], [108.46496864, 47.9352185], [108.46541366, 47.93476176], [108.46560322, 47.93438491], [108.46562282, 47.93421937], [108.46556794, 47.93408701], [108.46545596, 47.93401823], [108.4652528, 47.93396251], [108.46500509, 47.93392876], [108.46473864, 47.93384402], [108.46458003, 47.93376634], [108.46445137, 47.93367744], [108.46442849, 47.93356473], [108.46440423, 47.93343145], [108.46444689, 47.93315181], [108.46457367, 47.93298304], [108.46473519, 47.93287507], [108.46494402, 47.93278629], [108.46517504, 47.93279993], [108.46534826, 47.93286686], [108.46562504, 47.93310591], [108.4659185, 47.93336509], [108.46611185, 47.93350357], [108.46625584, 47.933592], [108.46644093, 47.93360703], [108.46674368, 47.93354633], [108.4675929, 47.93317015], [108.46780242, 47.93309166], [108.467966, 47.93301455], [108.46805372, 47.93295004], [108.46809276, 47.93284577], [108.4680685, 47.93271248], [108.46796425, 47.93253007], [108.46793654, 47.93234534], [108.46796096, 47.93225182], [108.46816565, 47.93210131], [108.46842177, 47.93203171], [108.46877388, 47.93202106], [108.46904737, 47.93198186], [108.46927081, 47.93188232], [108.46947549, 47.9317318], [108.469621, 47.931614], [108.46984719, 47.93155561], [108.4706147, 47.93156332], [108.47094239, 47.93164619], [108.4713869, 47.93186985], [108.47159626, 47.93201815], [108.47173748, 47.93206542], [108.47195181, 47.93205893], [108.47216338, 47.93201129], [108.47239301, 47.93200434], [108.47259479, 47.93203947], [108.47283615, 47.93220742], [108.47297945, 47.93228555], [108.47322715, 47.93231929], [108.4734561, 47.93230205], [108.47360505, 47.93223568], [108.47374986, 47.93210758], [108.47397756, 47.93184296], [108.47412444, 47.93174573], [108.4741821, 47.9317391], [108.474368, 47.93171773], [108.47466025, 47.9317295], [108.47504711, 47.93177964], [108.47573947, 47.9318102], [108.47621335, 47.93178553], [108.47651401, 47.93169395], [108.47678128, 47.93156214], [108.47710288, 47.93132559], [108.47732077, 47.93114373], [108.47738696, 47.93098709], [108.47732181, 47.9304736], [108.47736014, 47.93035904], [108.47744785, 47.93029453], [108.47773526, 47.93023427], [108.47845406, 47.93020216], [108.47898087, 47.93005217], [108.47953277, 47.92981893], [108.48030555, 47.92933333], [108.48163754, 47.92857105], [108.48145052, 47.92787419], [108.48148413, 47.92718217], [108.4807823, 47.926474], [108.47985265, 47.92590928], [108.47936428, 47.92535424], [108.47904463, 47.92435756], [108.47850054, 47.92192094], [108.47774692, 47.92076627], [108.47748404, 47.92011721], [108.47751529, 47.91947462], [108.47762249, 47.91878421], [108.47804327, 47.9182677], [108.47883159, 47.91795101], [108.48028709, 47.91753763], [108.48131598, 47.91724012], [108.48204073, 47.91681067], [108.48264273, 47.9163507], [108.48330227, 47.91555797], [108.48345603, 47.91494899], [108.48353786, 47.91411576], [108.48356349, 47.91358747], [108.48322094, 47.9129676], [108.48249809, 47.9125064], [108.48067075, 47.91177045], [108.47932353, 47.91137902], [108.47842719, 47.91108099], [108.47790983, 47.9106521], [108.47748331, 47.91005821], [108.47750089, 47.90969675], [108.47732791, 47.90899709], [108.47726548, 47.90857821], [108.47744442, 47.9083038], [108.47792365, 47.90781331], [108.47927129, 47.9073419], [108.47991051, 47.90696626], [108.4796067, 47.90640291], [108.47898828, 47.90549863], [108.47858827, 47.9052115], [108.47801745, 47.90503195], [108.47694907, 47.90486929], [108.47582987, 47.90490035], [108.47457579, 47.9051511], [108.473582, 47.90515706], [108.47313661, 47.90495242], [108.472618, 47.90455132], [108.47222752, 47.90406953], [108.47220649, 47.90365155], [108.47230815, 47.90326411], [108.47256573, 47.90307495], [108.47341168, 47.9027039], [108.47466436, 47.90248096], [108.47742182, 47.90195708], [108.47788748, 47.90174464], [108.47836258, 47.90133757], [108.4784242, 47.90092141], [108.47828448, 47.90038949], [108.47741672, 47.89950756], [108.476122, 47.89889457], [108.47383501, 47.89825973], [108.4712878, 47.89786961], [108.47044394, 47.89735], [108.46964143, 47.89683129], [108.46924967, 47.8963773], [108.46884505, 47.89533851], [108.46867022, 47.89383159], [108.46824393, 47.89323767], [108.46784407, 47.8929505], [108.46707215, 47.89265513], [108.46646288, 47.892419], [108.46605626, 47.89227085], [108.46570998, 47.89173435], [108.46576761, 47.89140161], [108.46615262, 47.89029674], [108.46724651, 47.88823331], [108.4678822, 47.8870783], [108.46795337, 47.88646751], [108.46789511, 47.88596521], [108.46734895, 47.88528513], [108.46646535, 47.88473677], [108.46536966, 47.88429506], [108.46472731, 47.88389119], [108.4642049, 47.88357347], [108.46409719, 47.88323707], [108.46411891, 47.8827922], [108.46427279, 47.88218325], [108.46458112, 47.88180038], [108.46530686, 47.88134322], [108.46747448, 47.88016637], [108.4680721, 47.87978988], [108.46833907, 47.87940609], [108.46836618, 47.87885], [108.46831198, 47.87826428], [108.46781671, 47.87739048], [108.46714937, 47.87665206], [108.46566832, 47.87648019], [108.46425907, 47.87653256], [108.46296566, 47.87675448], [108.46192973, 47.87678724], [108.46118581, 47.87677078], [108.46057132, 47.87664585], [108.45996635, 47.87632628], [108.45920559, 47.87580842], [108.45856339, 47.87540451], [108.45833175, 47.87506537], [108.45848431, 47.87448422], [108.45905556, 47.87380101], [108.45933752, 47.8731114], [108.4606806, 47.87102571], [108.46124715, 47.86959085], [108.46153585, 47.86876221], [108.46157117, 47.86803929], [108.4613186, 47.86728218], [108.46032363, 47.86648079], [108.46002161, 47.86588958], [108.46024996, 47.86544929], [108.46056366, 47.86495521], [108.4612465, 47.86452497], [108.46211498, 47.86368131], [108.46235009, 47.86310199], [108.46247618, 47.86221407], [108.46305267, 47.86141962], [108.46348212, 47.8610951], [108.4639942, 47.86077241], [108.46536035, 47.86074692], [108.46734894, 47.8606795], [108.46826738, 47.86050492], [108.4688458, 47.86051769], [108.46933753, 47.86061204], [108.47002773, 47.86087776], [108.47031423, 47.86093975], [108.47093263, 47.86098122], [108.47151512, 47.86091055], [108.47226287, 47.86084352], [108.47335332, 47.86053353], [108.47453044, 47.86014192], [108.47513454, 47.85962636], [108.47540134, 47.85924255], [108.47559361, 47.85869009], [108.47548858, 47.8582981], [108.47521829, 47.85790247], [108.47469742, 47.85755699], [108.47409527, 47.85718189], [108.4734972, 47.85672337], [108.47278871, 47.85598407], [108.47269046, 47.85545306], [108.47272967, 47.85464672], [108.47270518, 47.8534493], [108.47317371, 47.8523184], [108.47396187, 47.85141722], [108.47474595, 47.85059944], [108.47553811, 47.84961483], [108.47580756, 47.84917541], [108.4757919, 47.84864621], [108.47558997, 47.84769539], [108.47530138, 47.84682617], [108.47486592, 47.84642691], [108.47427336, 47.84585717], [108.47421912, 47.84527145], [108.47445535, 47.8446643], [108.47475933, 47.84436481], [108.4749861, 47.84395228], [108.47514241, 47.84328769], [108.47534543, 47.84251279], [108.47524987, 47.84192616], [108.47454155, 47.84118688], [108.47403031, 47.84064677], [108.47349668, 47.83971648], [108.4733666, 47.83898991], [108.47334827, 47.83851632], [108.47345383, 47.83804546], [108.47392567, 47.837694], [108.47464529, 47.83734799], [108.47516111, 47.83694183], [108.47555573, 47.83647732], [108.47553198, 47.83611495], [108.47497407, 47.83568516], [108.47405126, 47.83510815], [108.47277572, 47.83413369], [108.47233768, 47.83379002], [108.47191452, 47.8331405], [108.47172832, 47.83271888], [108.47175265, 47.8322184], [108.4718941, 47.83185966], [108.4722366, 47.8316167], [108.47253241, 47.83148404], [108.47315856, 47.83135866], [108.47390184, 47.83137503], [108.47443325, 47.83149807], [108.47513793, 47.83145791], [108.47613571, 47.83134069], [108.47736827, 47.8306441], [108.47957476, 47.82946787], [108.48030635, 47.82887158], [108.48050922, 47.82809667], [108.48045222, 47.82756656], [108.4798266, 47.82682912], [108.47910359, 47.82639572], [108.4787163, 47.82585835], [108.47796514, 47.82344806], [108.47728264, 47.8221805], [108.4771207, 47.8212584], [108.47720377, 47.82039735], [108.47736267, 47.81967715], [108.47793035, 47.81904943], [108.47858059, 47.81842353], [108.47922542, 47.81790884], [108.47952787, 47.81763714], [108.4796414, 47.81699944], [108.47961, 47.81594103], [108.48003987, 47.81389071], [108.4802346, 47.81328263], [108.47991783, 47.81299732], [108.47922552, 47.81278727], [108.4781949, 47.81273679], [108.47700322, 47.81259925], [108.47631093, 47.81238918], [108.47567475, 47.81187416], [108.47512788, 47.81122192], [108.4747116, 47.81043339], [108.47479522, 47.80870948], [108.47498594, 47.80818482], [108.47542026, 47.80774903], [108.47633774, 47.80757437], [108.47813408, 47.80716852], [108.47914216, 47.80682882], [108.47982004, 47.80648187], [108.48029289, 47.80610257], [108.48057147, 47.80546849], [108.48068361, 47.80485859], [108.48062932, 47.80427287], [108.48045122, 47.80368443], [108.48039424, 47.80315432], [108.48041577, 47.80270944], [108.48055841, 47.80232289], [108.48082755, 47.80188344], [108.48143357, 47.80131222], [108.4819557, 47.80076699], [108.48213556, 47.80046475], [108.48223154, 47.80018851], [108.48209067, 47.7996844], [108.48187398, 47.79903944], [108.48156939, 47.7985039], [108.48156174, 47.79780786], [108.48140784, 47.79671893], [108.48115033, 47.7952102], [108.48125437, 47.79476713], [108.48140237, 47.79426936], [108.48183383, 47.79388914], [108.48186246, 47.79244237], [108.48175521, 47.79124312], [108.48184351, 47.79027084], [108.48219147, 47.78905375], [108.4825417, 47.78864392], [108.48330721, 47.78818753], [108.48372786, 47.78802975], [108.48390766, 47.78772751], [108.48405158, 47.78731314], [108.48398786, 47.78692206], [108.48371383, 47.78660987], [108.48315099, 47.78629134], [108.48233659, 47.78605079], [108.48193476, 47.78581929], [108.48173789, 47.78562012], [108.48154638, 47.78530974], [108.48156923, 47.78483705], [108.48155351, 47.78430784], [108.48165752, 47.78386477], [108.48187858, 47.78356344], [108.48238305, 47.78337967], [108.48309111, 47.78325604], [108.48628655, 47.78293642], [108.48732865, 47.78273657], [108.48771067, 47.78252226], [108.48800883, 47.78233395], [108.48824057, 47.78181016], [108.48831131, 47.78119935], [108.4880547, 47.78052569], [108.4872152, 47.77995061], [108.48644481, 47.77965539], [108.48596185, 47.77939429], [108.48515962, 47.77890351], [108.48456097, 47.77847287], [108.48411928, 47.77821267], [108.483305, 47.77797213], [108.4822365, 47.77786518], [108.48129848, 47.7776219], [108.48036316, 47.77732302], [108.47906601, 47.77682132], [108.4770484, 47.77499554], [108.47546176, 47.77365239], [108.47440466, 47.77246006], [108.47323331, 47.77107036], [108.47268418, 47.77047373], [108.47146763, 47.76916652], [108.47100778, 47.76843268], [108.47107195, 47.7679609], [108.47121456, 47.76757436], [108.47148224, 47.76716273], [108.47228202, 47.76684634], [108.47374704, 47.76643326], [108.47461447, 47.76642453], [108.47506139, 47.76657354], [108.47591536, 47.76684285], [108.47680653, 47.76719647], [108.4779797, 47.76769547], [108.47872072, 47.76773959], [108.48024402, 47.76782873], [108.48086804, 47.7677311], [108.48204298, 47.76733938], [108.48491858, 47.76592722], [108.48687466, 47.76474536], [108.48809341, 47.76429887], [108.48930278, 47.764047], [108.49012892, 47.76403724], [108.4911227, 47.76397548], [108.49170408, 47.76390469], [108.49200479, 47.76366075], [108.49326492, 47.76235223], [108.49514371, 47.76019432], [108.49659131, 47.75841666], [108.49679228, 47.75766951], [108.49681764, 47.7571412], [108.49659559, 47.75660749], [108.49615669, 47.75629173], [108.49480548, 47.7552045], [108.49247142, 47.7539566], [108.49179186, 47.75349638], [108.4913265, 47.75287384], [108.49106195, 47.75236703], [108.49051281, 47.75177048], [108.49035992, 47.75151662], [108.48980411, 47.7510591], [108.48949032, 47.75071822], [108.4893428, 47.75035313], [108.48943998, 47.75004908], [108.48970742, 47.74963741], [108.49005063, 47.74936657], [108.49063452, 47.74924017], [108.49381714, 47.74914275], [108.49702898, 47.74929639], [108.49834697, 47.74935298], [108.49955327, 47.7491566], [108.50010124, 47.74891803], [108.50036992, 47.74847853], [108.50060404, 47.7478991], [108.50069322, 47.74689899], [108.49984359, 47.74482069], [108.49929709, 47.74416858], [108.49881305, 47.74393534], [108.49824391, 47.74375592], [108.49742075, 47.74371013], [108.49688483, 47.74369843], [108.49621724, 47.74385087], [108.49556032, 47.74378086], [108.49507363, 47.74360322], [108.49438217, 47.74339328], [108.49386228, 47.7430479], [108.49323208, 47.74242176], [108.49249293, 47.74148705], [108.49201718, 47.74022408], [108.4912861, 47.73912253], [108.49036878, 47.73846226], [108.48819241, 47.73738472], [108.48706505, 47.73680333], [108.48585662, 47.73619231], [108.48463481, 47.73585934], [108.48385972, 47.73567533], [108.48291976, 47.73548769], [108.48226967, 47.73527858], [108.48174994, 47.73493315], [108.48105232, 47.73399928], [108.48066738, 47.73257124], [108.48078777, 47.73093162], [108.48108469, 47.72990825], [108.48172203, 47.72866967], [108.48286728, 47.72716389], [108.48339263, 47.72653522], [108.48370288, 47.72523378], [108.48379903, 47.72409466], [108.48396686, 47.72317978], [108.48452534, 47.72271884], [108.48567676, 47.72193687], [108.48787972, 47.72073257], [108.48849672, 47.71991104], [108.48920814, 47.71884105], [108.48946496, 47.71778895], [108.48954492, 47.71698348], [108.48929793, 47.71611519], [108.48860308, 47.71512575], [108.48769022, 47.71438205], [108.48642665, 47.71321312], [108.48498629, 47.71229082], [108.48320333, 47.71077645], [108.48273039, 47.71032071], [108.48246478, 47.70984169], [108.4824611, 47.70906222], [108.4826145, 47.70759033], [108.48315841, 47.70657238], [108.48410517, 47.70489521], [108.48473007, 47.70390686], [108.48496413, 47.70332746], [108.48502942, 47.70282786], [108.48501231, 47.70232645], [108.48462449, 47.70181691], [108.48369718, 47.70137904], [108.48312855, 47.70119956], [108.48268349, 47.70102278], [108.4822026, 47.70073387], [108.48192633, 47.70047729], [108.48161691, 47.70005297], [108.48151344, 47.69963317], [108.48116954, 47.69906891], [108.48073255, 47.69872529], [108.47983445, 47.69853855], [108.47893367, 47.69840741], [108.47840359, 47.69828441], [108.47791605, 47.69813452], [108.47731031, 47.69787068], [108.47623852, 47.69701204], [108.47500606, 47.69606635], [108.4729195, 47.69487915], [108.47162982, 47.69426619], [108.47070948, 47.69368919], [108.46994986, 47.69319924], [108.46875, 47.69163889], [108.45908333, 47.69355556], [108.45299251, 47.69248938], [108.295, 47.66483333], [108.27142423, 47.67481011], [108.24275, 47.68694444], [108.21464584, 47.87114062], [108.20575, 47.92944444], [108.23075, 47.98827778], [108.2705, 47.98863889], [108.27086401, 47.98830698]]]}, "geometry_name": "geom", "properties": {"guid": 124749, "id": 124749, "object_no": "12", "object_name": "Багануур", "layer_type_id": 252, "valid_to": null, "address_no": null, "border_type": "solid", "border_width": null, "border_color": "#cc6666", "border_opacity": null, "border_wellknown": "shape://horizline", "fill_type": "color", "fill_color": "#bcbcbc", "fill_opacity": 0, "fill_wellknown": null, "fill_shape_color": null, "fill_shape_width": null, "fill_shape_size": null, "fill_img_url": null, "marker_img_url": null}},{"type": "Feature", "id": "layer_data_map.fid--27e80436_1a098b908f8_-5b40", "geometry": {"type": "Polygon", "coordinates": [[[106.87094419, 47.94196508], [106.87160116, 47.94238156], [106.87405413, 47.94393657], [106.87405556, 47.94394444], [106.87422728, 47.9439486], [106.87428235, 47.94394221], [106.87433878, 47.94393235], [106.87439719, 47.9439189], [106.87445874, 47.9439016], [106.87455555, 47.94386927], [106.87478353, 47.94378323], [106.87488804, 47.94374751], [106.87532473, 47.94360791], [106.87615042, 47.94333582], [106.87710244, 47.94302508], [106.87763636, 47.94284804], [106.87812291, 47.94268643], [106.87826283, 47.94263804], [106.87838701, 47.94259315], [106.87859482, 47.94251374], [106.87881477, 47.94242499], [106.87891767, 47.94238156], [106.879052, 47.94232487], [106.87932682, 47.9422048], [106.87945908, 47.94214494], [106.87988868, 47.94194575], [106.88022288, 47.94179906], [106.8804189, 47.94171368], [106.88051989, 47.94166746], [106.88067872, 47.94158882], [106.88093405, 47.94145804], [106.8810206, 47.94141006], [106.88109632, 47.94136471], [106.88117927, 47.94130991], [106.88133816, 47.94119781], [106.88162204, 47.94100124], [106.88189567, 47.94081932], [106.88204108, 47.940723], [106.88211662, 47.94067086], [106.88221933, 47.94059676], [106.88222284, 47.94059397], [106.88228449, 47.94054499], [106.88234341, 47.94049227], [106.88239392, 47.94044181], [106.88243262, 47.94039829], [106.88247142, 47.94035001], [106.88252473, 47.94027274], [106.88258859, 47.94016342], [106.88264073, 47.94006041], [106.88273347, 47.93984963], [106.88275275, 47.93980811], [106.88293339, 47.93941908], [106.88307827, 47.93910529], [106.88318598, 47.93886559], [106.88323268, 47.93876165], [106.88333203, 47.93852538], [106.88345497, 47.93820109], [106.88355099, 47.93794628], [106.88360207, 47.93780037], [106.88368389, 47.93753107], [106.88372616, 47.93741808], [106.8838172, 47.93719575], [106.88392319, 47.93692514], [106.88398019, 47.93678752], [106.88413504, 47.93645184], [106.88416521, 47.93637898], [106.88424935, 47.93615864], [106.88428083, 47.93608961], [106.88431366, 47.93602887], [106.88438265, 47.93592252], [106.88448269, 47.93578711], [106.88454445, 47.93570962], [106.88465816, 47.93557421], [106.88481106, 47.93538844], [106.88490101, 47.93528778], [106.88497842, 47.93521037], [106.88506903, 47.93512696], [106.88517028, 47.93503921], [106.88534467, 47.93489304], [106.88544497, 47.93481096], [106.88573212, 47.93458251], [106.8859721, 47.93438529], [106.88611904, 47.93425751], [106.88622776, 47.93415622], [106.88634297, 47.93404381], [106.88644691, 47.93393948], [106.88651435, 47.93386718], [106.8866014, 47.9337635], [106.88668954, 47.93364704], [106.88673966, 47.93357383], [106.88683446, 47.93342562], [106.88697043, 47.93322107], [106.88703572, 47.93311808], [106.8870873, 47.93302994], [106.88714144, 47.93293061], [106.88733557, 47.93255107], [106.88736668, 47.93249225], [106.8874525, 47.93231902], [106.88762406, 47.93194303], [106.88770308, 47.93177936], [106.88782537, 47.93153703], [106.88789922, 47.93139577], [106.88797202, 47.93126478], [106.88804243, 47.93114759], [106.8881368, 47.93100049], [106.88821421, 47.93088965], [106.88830032, 47.93077841], [106.88840408, 47.93065461], [106.8884909, 47.93055592], [106.88856742, 47.93047296], [106.8885998, 47.93043989], [106.88864038, 47.93039844], [106.88871149, 47.93033066], [106.88879176, 47.93025999], [106.88888303, 47.93018532], [106.88898754, 47.93010472], [106.88912236, 47.93000501], [106.88937687, 47.9298276], [106.88974194, 47.92957593], [106.88991968, 47.92945339], [106.89036651, 47.92914468], [106.89060773, 47.92898112], [106.8907787, 47.92886936], [106.89118423, 47.92861065], [106.89137887, 47.92848138], [106.89148422, 47.92840776], [106.8915973, 47.9283257], [106.89212136, 47.92792921], [106.89225018, 47.92783488], [106.89236807, 47.92775192], [106.89257776, 47.92761185], [106.89299223, 47.92734531], [106.89316172, 47.92723407], [106.89349624, 47.92700929], [106.89373399, 47.92684492], [106.89388377, 47.92673661], [106.89424962, 47.92646219], [106.89442033, 47.92633816], [106.8946463, 47.92618211], [106.89490357, 47.92601156], [106.89514519, 47.92585579], [106.89579194, 47.925444], [106.89627136, 47.92513833], [106.89647013, 47.92500969], [106.89669434, 47.9248601], [106.89715656, 47.92454437], [106.89735744, 47.92440919], [106.8977813, 47.92413324], [106.89795115, 47.92401967], [106.89821471, 47.92383986], [106.89829548, 47.92378129], [106.89836548, 47.92372713], [106.89848772, 47.92362412], [106.89862088, 47.92350232], [106.89872214, 47.92340289], [106.89884913, 47.92327072], [106.89902441, 47.92307977], [106.89917464, 47.9229037], [106.89929069, 47.92275632], [106.89940469, 47.92260064], [106.89951736, 47.92243568], [106.89962988, 47.92225971], [106.89972587, 47.92209486], [106.8997616, 47.92203693], [106.8998343, 47.92193287], [106.89995528, 47.92177339], [106.89998963, 47.9217287], [106.90003094, 47.92169017], [106.90009132, 47.92164217], [106.90036111, 47.92147222], [106.90010701, 47.92129745], [106.90001357, 47.92122392], [106.89992496, 47.92115501], [106.89987191, 47.92110427], [106.89983781, 47.92106261], [106.89979837, 47.92100226], [106.89973169, 47.92089702], [106.89942753, 47.92040626], [106.89915811, 47.91997436], [106.89878046, 47.91931904], [106.89849868, 47.91886701], [106.89842758, 47.91876809], [106.89838379, 47.91871564], [106.89834492, 47.91867092], [106.89829664, 47.91862324], [106.89824116, 47.91856942], [106.89815459, 47.91849265], [106.89781713, 47.91823547], [106.89727358, 47.91781436], [106.8967394, 47.91739465], [106.89592275, 47.91675752], [106.89523579, 47.91623084], [106.89495547, 47.91600869], [106.89490232, 47.91595483], [106.89485615, 47.91590085], [106.89482171, 47.91584981], [106.89479431, 47.91580021], [106.89477604, 47.91574577], [106.89476479, 47.91569278], [106.8947599, 47.91562248], [106.89475714, 47.91553642], [106.89475, 47.91516667], [106.89473349, 47.91476681], [106.89472989, 47.91417572], [106.89470217, 47.91346761], [106.89469661, 47.91326581], [106.89466821, 47.91223466], [106.8945, 47.90911111], [106.89649974, 47.90893805], [106.89690916, 47.90889612], [106.89772271, 47.90876964], [106.89812056, 47.90871785], [106.89852334, 47.90869863], [106.90063412, 47.90859588], [106.90398684, 47.9084469], [106.90900035, 47.90828436], [106.91305555, 47.90816667], [106.91240537, 47.90666819], [106.91221342, 47.90669499], [106.91216879, 47.90669919], [106.91211212, 47.90670156], [106.9120178, 47.90670069], [106.91194566, 47.90669498], [106.91183392, 47.90668059], [106.91179486, 47.90667896], [106.91173049, 47.90667865], [106.91163638, 47.90667981], [106.91148414, 47.9066852], [106.911301, 47.90669479], [106.91122346, 47.90669685], [106.91114377, 47.9066965], [106.91108193, 47.90669433], [106.91101573, 47.90668943], [106.9109473, 47.90668194], [106.91088623, 47.90667342], [106.91083423, 47.90666432], [106.9107208, 47.90663695], [106.91046088, 47.90657056], [106.91020839, 47.90650893], [106.90984256, 47.90642236], [106.9096119, 47.9063628], [106.90935923, 47.90629629], [106.90922732, 47.90625947], [106.90913175, 47.90622449], [106.90898463, 47.90616841], [106.90885934, 47.90611441], [106.9087942, 47.90608227], [106.90874104, 47.90605299], [106.90866676, 47.90600545], [106.9085923, 47.90595305], [106.90853561, 47.9059103], [106.90849149, 47.90587426], [106.90843145, 47.90581918], [106.90840776, 47.90580128], [106.9083905, 47.9057906], [106.90837282, 47.90578282], [106.908328, 47.90576725], [106.9082701, 47.90574327], [106.90823578, 47.9057249], [106.90820445, 47.90570249], [106.90818343, 47.90568188], [106.90817068, 47.90566256], [106.90816007, 47.90563838], [106.9081513, 47.90559707], [106.9081449, 47.90552159], [106.90814251, 47.90548286], [106.90813912, 47.90546317], [106.9081231, 47.90542198], [106.90810762, 47.90539541], [106.90809158, 47.90537995], [106.90806279, 47.90535959], [106.90803172, 47.90534121], [106.90797773, 47.90531467], [106.90790562, 47.90528215], [106.90779357, 47.90523727], [106.90769798, 47.90520033], [106.90763177, 47.90517656], [106.90746239, 47.90512481], [106.9074043, 47.90510475], [106.90728273, 47.90505313], [106.90719502, 47.9050228], [106.90704059, 47.90497669], [106.90686645, 47.90492529], [106.90672542, 47.90488683], [106.90661276, 47.90485834], [106.90652784, 47.9048389], [106.90646169, 47.9048233], [106.90642556, 47.90481866], [106.90639223, 47.90481887], [106.90635679, 47.90482224], [106.90632163, 47.90482868], [106.90628847, 47.904838], [106.90625924, 47.90484967], [106.90622784, 47.90486583], [106.90618683, 47.90489662], [106.90617129, 47.90490578], [106.90614913, 47.90491496], [106.90612833, 47.90492113], [106.90610766, 47.90492479], [106.90608502, 47.90492672], [106.90604144, 47.90492501], [106.90599778, 47.90492086], [106.90597477, 47.90492114], [106.90592901, 47.90492444], [106.90586386, 47.90492796], [106.90582132, 47.9049273], [106.90578395, 47.90492441], [106.90571093, 47.90491099], [106.90561219, 47.90488824], [106.90546633, 47.90486628], [106.90538252, 47.90484889], [106.90525787, 47.90481854], [106.90514803, 47.90479101], [106.90507479, 47.90477037], [106.90501127, 47.90474978], [106.90493157, 47.90472154], [106.90484976, 47.90469095], [106.90478075, 47.90466309], [106.9047116, 47.90463213], [106.90459994, 47.90457831], [106.90438992, 47.90447106], [106.9043081, 47.90443197], [106.90422994, 47.90439861], [106.90405039, 47.90432652], [106.90393405, 47.90427604], [106.90387728, 47.90425381], [106.90382764, 47.9042364], [106.90379286, 47.90422595], [106.90369058, 47.9042057], [106.90360642, 47.90418515], [106.90353322, 47.90416686], [106.90343403, 47.90413193], [106.9033131, 47.90409736], [106.90321019, 47.90406005], [106.90307626, 47.90400926], [106.90301535, 47.90398769], [106.90292636, 47.90395741], [106.90287231, 47.90394373], [106.90283342, 47.90393764], [106.90278851, 47.90393293], [106.90270136, 47.9039295], [106.90258122, 47.90391686], [106.90249742, 47.90390606], [106.90238781, 47.90388349], [106.90219757, 47.90383788], [106.90201955, 47.90380089], [106.90194165, 47.90378116], [106.90186299, 47.90375567], [106.901769, 47.90372063], [106.90162534, 47.90365961], [106.90155527, 47.9036303], [106.90151493, 47.90361511], [106.90147248, 47.903602], [106.90137569, 47.90357596], [106.9012217, 47.90352975], [106.90107526, 47.90348908], [106.90101366, 47.90347043], [106.90095785, 47.90345166], [106.90090991, 47.9034325], [106.90081761, 47.9033877], [106.90071399, 47.9033309], [106.90065681, 47.90329519], [106.90061736, 47.90326666], [106.90058998, 47.9032421], [106.9005346, 47.90318513], [106.9004947, 47.90314455], [106.90047076, 47.90312523], [106.90044851, 47.90311184], [106.90041895, 47.90309683], [106.90035636, 47.90307104], [106.90030738, 47.90305467], [106.90025044, 47.90303961], [106.90017839, 47.90302333], [106.90004909, 47.9029981], [106.8999379, 47.9029764], [106.8998883, 47.90296419], [106.8998368, 47.90294665], [106.8997412, 47.9029081], [106.89957661, 47.9028403], [106.89949836, 47.90281215], [106.89942253, 47.90279069], [106.89927506, 47.90275489], [106.89904006, 47.90269232], [106.89897346, 47.90267711], [106.89891281, 47.90266579], [106.89885386, 47.90265478], [106.89882168, 47.90265266], [106.89879756, 47.90265449], [106.89877474, 47.90265832], [106.89875065, 47.90266608], [106.89870687, 47.90268626], [106.89863093, 47.90272064], [106.89859622, 47.90273442], [106.89856057, 47.90274733], [106.89853886, 47.90275244], [106.8985144, 47.90275427], [106.89848812, 47.90275327], [106.89846228, 47.90274848], [106.89841855, 47.90273492], [106.89837203, 47.90271934], [106.89827888, 47.90268358], [106.89821162, 47.90265662], [106.89817598, 47.90264627], [106.89813992, 47.90264049], [106.89810315, 47.90263772], [106.89806435, 47.90263797], [106.89803076, 47.90264136], [106.89800986, 47.90264665], [106.89796628, 47.90266279], [106.8979483, 47.90266711], [106.89791631, 47.90267034], [106.89787953, 47.90267068], [106.89785047, 47.90266874], [106.89781765, 47.90266439], [106.89774084, 47.90264615], [106.897668, 47.9026376], [106.89757026, 47.90263508], [106.89753727, 47.90263245], [106.89749223, 47.90262611], [106.89746426, 47.90261903], [106.89744244, 47.90260899], [106.89740503, 47.90258587], [106.89729506, 47.9025137], [106.8972565, 47.90249079], [106.89718843, 47.90245602], [106.89712735, 47.90242953], [106.89707076, 47.90240981], [106.89698795, 47.90238551], [106.89686348, 47.90235342], [106.8967095, 47.9023072], [106.8965355, 47.90225708], [106.89645288, 47.90223098], [106.89640264, 47.90221263], [106.89629247, 47.90216906], [106.89624329, 47.90215154], [106.89614634, 47.90212044], [106.89607834, 47.90210306], [106.89602673, 47.90209351], [106.89596891, 47.90208536], [106.89590268, 47.9020786], [106.89584163, 47.90207527], [106.89577342, 47.90207392], [106.89572928, 47.90207712], [106.89569873, 47.90208294], [106.89566096, 47.90209288], [106.89560723, 47.90211084], [106.89556363, 47.90213422], [106.89554669, 47.9021411], [106.89552925, 47.90214591], [106.89551071, 47.90214901], [106.8954914, 47.90215026], [106.89547085, 47.90214967], [106.89545063, 47.90214691], [106.89542338, 47.90214069], [106.89539544, 47.90213203], [106.89534621, 47.90211271], [106.89530207, 47.90209385], [106.89528, 47.90208698], [106.89525279, 47.9020826], [106.89522175, 47.90208063], [106.89519268, 47.90208168], [106.89514945, 47.9020867], [106.89505939, 47.90210282], [106.89491187, 47.90213451], [106.89471398, 47.90217679], [106.8946162, 47.9022021], [106.89445908, 47.90224683], [106.8942884, 47.9022962], [106.89415415, 47.9023372], [106.89403981, 47.90237587], [106.89398932, 47.90239113], [106.89391835, 47.90240903], [106.89385267, 47.90242264], [106.89380357, 47.90243029], [106.89370834, 47.90244209], [106.89339792, 47.90248135], [106.89328458, 47.90249509], [106.89322097, 47.90250134], [106.89315886, 47.90250484], [106.89298921, 47.90251004], [106.89286981, 47.90251902], [106.89256273, 47.90254877], [106.89227273, 47.90256746], [106.891705, 47.9025946], [106.89122726, 47.90261954], [106.89095166, 47.9026317], [106.8908133, 47.9026413], [106.89074493, 47.90264488], [106.89070465, 47.90264491], [106.89066204, 47.90264209], [106.89062278, 47.90263712], [106.89055973, 47.90262353], [106.89046347, 47.90259402], [106.89035083, 47.90256296], [106.89028752, 47.90254206], [106.89022434, 47.90251776], [106.89019384, 47.90250886], [106.89016339, 47.90250366], [106.89012006, 47.9024991], [106.8900356, 47.902495], [106.88994326, 47.90249835], [106.88983759, 47.90250924], [106.88974194, 47.90251708], [106.88964236, 47.90252525], [106.88949785, 47.90253844], [106.88942685, 47.90254811], [106.8893621, 47.90255903], [106.88930223, 47.90257081], [106.88925977, 47.90258112], [106.88917586, 47.90260901], [106.88901992, 47.90265849], [106.88895552, 47.90267926], [106.88892092, 47.90268868], [106.8888876, 47.90269627], [106.88886369, 47.90269982], [106.88883449, 47.90270113], [106.88877571, 47.90269922], [106.88869681, 47.90269848], [106.88862679, 47.90269148], [106.8885998, 47.90268983], [106.88858188, 47.90268874], [106.88855085, 47.90268865], [106.88852266, 47.90269102], [106.88847233, 47.9026981], [106.8883592, 47.9027152], [106.88823114, 47.90273878], [106.88816145, 47.9027513], [106.88812578, 47.90276091], [106.88809927, 47.90277092], [106.88808098, 47.90278], [106.88806526, 47.90279071], [106.88805148, 47.90280292], [106.8880341, 47.90282565], [106.88800187, 47.90285677], [106.88797119, 47.90287926], [106.88792187, 47.90290908], [106.88786296, 47.90294296], [106.88782065, 47.90296174], [106.88778757, 47.90297266], [106.88776062, 47.90297904], [106.88773905, 47.90298186], [106.88770316, 47.90298407], [106.88766206, 47.90298588], [106.88763344, 47.90298521], [106.88760238, 47.90298233], [106.88758161, 47.90297791], [106.88755077, 47.90296413], [106.88751676, 47.90294634], [106.88749162, 47.90292227], [106.88746662, 47.90290229], [106.88744656, 47.90289255], [106.88741738, 47.9028827], [106.88739146, 47.90287597], [106.8873654, 47.90287132], [106.88730765, 47.90286819], [106.8872167, 47.90286968], [106.88713493, 47.90287307], [106.88704139, 47.90288684], [106.88695999, 47.90290042], [106.88686726, 47.9029184], [106.88671378, 47.90295568], [106.88666275, 47.90296663], [106.88656929, 47.90298245], [106.88651859, 47.90298835], [106.88646954, 47.90299225], [106.88635435, 47.90299414], [106.88628123, 47.90299677], [106.88623323, 47.90300021], [106.88618978, 47.90300534], [106.88613364, 47.90301408], [106.88606132, 47.90302751], [106.88602307, 47.90303853], [106.88598938, 47.90305113], [106.88595975, 47.90306562], [106.88592395, 47.90308688], [106.88589389, 47.90310669], [106.88587071, 47.90312447], [106.88584873, 47.90314745], [106.88583848, 47.90315559], [106.88581713, 47.90316617], [106.88579064, 47.90317473], [106.88576654, 47.90317901], [106.88573023, 47.90318185], [106.88568817, 47.90318303], [106.8856483, 47.90318115], [106.88559647, 47.90317384], [106.88552001, 47.90315674], [106.88539483, 47.90313432], [106.88528288, 47.90312061], [106.88510868, 47.90310639], [106.88491104, 47.90309332], [106.88484109, 47.90308835], [106.88474992, 47.90308372], [106.88461242, 47.90308302], [106.88453493, 47.90308019], [106.88445173, 47.90307514], [106.88425334, 47.90305741], [106.88411553, 47.90304166], [106.88406394, 47.90303891], [106.88402505, 47.90303865], [106.88394827, 47.90304441], [106.88383136, 47.90305632], [106.8837043, 47.90307348], [106.88356477, 47.90309599], [106.88337232, 47.90313038], [106.88315708, 47.90317263], [106.88291721, 47.90322563], [106.88275052, 47.90326488], [106.88263189, 47.90329558], [106.88255433, 47.9033152], [106.88251595, 47.90332899], [106.88249168, 47.90334125], [106.88247001, 47.9033545], [106.88244072, 47.90337749], [106.88241494, 47.90340492], [106.88236011, 47.90346209], [106.88231879, 47.90349729], [106.8822755, 47.90352874], [106.88223609, 47.90355307], [106.88222284, 47.90356026], [106.88218697, 47.90357971], [106.88212368, 47.90361028], [106.88206181, 47.90363578], [106.88200266, 47.903656], [106.88193273, 47.90367616], [106.88187318, 47.90369152], [106.88182985, 47.90370035], [106.88178301, 47.90370667], [106.88172982, 47.90371099], [106.88166242, 47.90371197], [106.88155227, 47.90370715], [106.88143152, 47.90370013], [106.88129412, 47.90369563], [106.8811909, 47.90369461], [106.88102299, 47.90369557], [106.88094162, 47.90369772], [106.88076043, 47.90370768], [106.88068039, 47.90371043], [106.8805961, 47.90370954], [106.8805212, 47.90370379], [106.8804472, 47.90369375], [106.8803324, 47.90366637], [106.88025489, 47.90365189], [106.88020959, 47.9036469], [106.88016424, 47.90364437], [106.88012279, 47.90364469], [106.88005393, 47.90364843], [106.8799378, 47.90365723], [106.87976705, 47.90367563], [106.87967471, 47.90368718], [106.87945447, 47.903719], [106.87935403, 47.90373191], [106.87921486, 47.90374679], [106.8790572, 47.90376153], [106.87875678, 47.90378445], [106.87861652, 47.9037935], [106.8785534, 47.9037945], [106.87846925, 47.90379366], [106.87829831, 47.90378745], [106.87816314, 47.90378044], [106.87809719, 47.90377949], [106.87802027, 47.90378246], [106.87794355, 47.90378875], [106.87787138, 47.90379769], [106.8778037, 47.90380905], [106.87774883, 47.9038207], [106.87769385, 47.90383463], [106.87763908, 47.90385073], [106.87758495, 47.90386889], [106.87753836, 47.90388536], [106.87751233, 47.90389709], [106.87748669, 47.90391304], [106.87746011, 47.90393396], [106.87742461, 47.90397055], [106.87739564, 47.90400253], [106.87737788, 47.90401572], [106.87736292, 47.90402332], [106.87734737, 47.90402709], [106.87731299, 47.90403089], [106.87723311, 47.90404345], [106.87703663, 47.90407142], [106.87682702, 47.90410636], [106.8766409, 47.90414316], [106.87648824, 47.90417942], [106.87639873, 47.90420339], [106.87634402, 47.90422072], [106.8761838, 47.90427667], [106.87603649, 47.90431805], [106.87580243, 47.90437519], [106.87571593, 47.90439748], [106.87566967, 47.90440661], [106.87559297, 47.90441462], [106.87548266, 47.90441867], [106.87540237, 47.90441998], [106.87536672, 47.90442456], [106.87532584, 47.90443249], [106.87525624, 47.90445163], [106.87515693, 47.90448251], [106.87509881, 47.90450553], [106.87503168, 47.90453632], [106.87498201, 47.90456112], [106.87494298, 47.90458279], [106.87485477, 47.90464275], [106.87476607, 47.90468921], [106.87466713, 47.90473731], [106.87455409, 47.90478779], [106.8744238, 47.90484283], [106.87419586, 47.90493485], [106.87401609, 47.90500727], [106.87376355, 47.9051062], [106.87332772, 47.90527312], [106.87307999, 47.90536494], [106.87293707, 47.90542182], [106.87287534, 47.9054448], [106.87280852, 47.90546702], [106.87273348, 47.90548968], [106.87263933, 47.90551619], [106.87252087, 47.90554737], [106.87235387, 47.90558859], [106.8719997, 47.9056684], [106.87165714, 47.90575065], [106.87149852, 47.90578686], [106.87127788, 47.90583404], [106.87111639, 47.90586511], [106.87098331, 47.90588753], [106.87090632, 47.90589587], [106.87079311, 47.90590414], [106.87069737, 47.90590943], [106.87055582, 47.90591476], [106.8704304, 47.9059202], [106.87036187, 47.90592017], [106.87029976, 47.90591741], [106.87025784, 47.90591286], [106.87021933, 47.90590591], [106.87019036, 47.90589821], [106.87016624, 47.90588845], [106.87012567, 47.90586775], [106.87007507, 47.90583913], [106.87005061, 47.90582846], [106.87002011, 47.90581991], [106.86998648, 47.90581375], [106.86994208, 47.90581089], [106.86987934, 47.90581324], [106.86983335, 47.90581749], [106.86977269, 47.90582623], [106.86964973, 47.90585074], [106.86955303, 47.90586132], [106.86946736, 47.90586732], [106.86937508, 47.90587035], [106.86927434, 47.90587049], [106.86915827, 47.90586775], [106.8690888, 47.90586619], [106.86905098, 47.90586274], [106.86901077, 47.90585504], [106.86896996, 47.90584381], [106.8688918, 47.90581132], [106.8688404, 47.9057956], [106.86877349, 47.90577948], [106.86872088, 47.9057681], [106.86868587, 47.9057629], [106.86863793, 47.90576042], [106.86858877, 47.90576223], [106.86850888, 47.90577479], [106.86845201, 47.90577571], [106.86841349, 47.90577594], [106.86839171, 47.90577444], [106.86836249, 47.905769], [106.86830727, 47.90575331], [106.86814841, 47.90571088], [106.86801346, 47.90568157], [106.86788545, 47.90565889], [106.86778687, 47.90564339], [106.86774063, 47.90563424], [106.86766798, 47.90561506], [106.86760527, 47.90559368], [106.86755434, 47.90557148], [106.86749628, 47.90554144], [106.86742277, 47.90549954], [106.86739894, 47.905483], [106.86737978, 47.90546681], [106.86735775, 47.90544294], [106.86733427, 47.90541128], [106.86729113, 47.90532871], [106.86725589, 47.90527976], [106.86722966, 47.90525048], [106.86720728, 47.90523104], [106.8671839, 47.90521616], [106.86714919, 47.90519822], [106.86710584, 47.90517898], [106.86705749, 47.90516145], [106.86702084, 47.90515126], [106.86692581, 47.90512983], [106.86683659, 47.90510464], [106.86676337, 47.90508071], [106.86669445, 47.90505332], [106.86656276, 47.90499394], [106.86641313, 47.90492885], [106.8663057, 47.90488665], [106.86620615, 47.90485119], [106.86606088, 47.90480507], [106.86599975, 47.90478825], [106.8659423, 47.90477446], [106.86588162, 47.90476211], [106.8658166, 47.90475096], [106.8657462, 47.90474077], [106.86566963, 47.90473162], [106.86548165, 47.90471667], [106.86537205, 47.90470701], [106.86531716, 47.90470359], [106.86520914, 47.90470307], [106.86503623, 47.90471041], [106.86486252, 47.90471998], [106.86474854, 47.90472229], [106.86464499, 47.90472126], [106.86451293, 47.90471535], [106.8643967, 47.90470504], [106.86431406, 47.90469399], [106.8642217, 47.90467862], [106.86410472, 47.90465573], [106.86400916, 47.90463256], [106.86393709, 47.90461238], [106.8638907, 47.90459622], [106.86385194, 47.90457866], [106.86379868, 47.90455045], [106.86374509, 47.90451675], [106.86372004, 47.90450446], [106.86367888, 47.9044925], [106.86361545, 47.9044814], [106.86355492, 47.90447446], [106.86347446, 47.90447019], [106.86340226, 47.90446962], [106.86329381, 47.90447312], [106.86320916, 47.90447509], [106.8631635, 47.90447973], [106.86312749, 47.90448668], [106.86310043, 47.90449426], [106.86307562, 47.90450606], [106.86303189, 47.90453629], [106.86301196, 47.90454746], [106.86297907, 47.90456113], [106.86294292, 47.90457333], [106.86290397, 47.90458391], [106.86286295, 47.90459265], [106.86282108, 47.90459949], [106.86278633, 47.90460289], [106.86275308, 47.90460351], [106.86271266, 47.90460184], [106.86267054, 47.90459805], [106.86262862, 47.90459195], [106.8626023, 47.90458602], [106.86254537, 47.90456966], [106.86252052, 47.90456444], [106.8624732, 47.90455821], [106.86243656, 47.9045568], [106.8623699, 47.90456463], [106.86232123, 47.90456773], [106.86227631, 47.9045684], [106.86218909, 47.90456307], [106.86207478, 47.90454917], [106.86179893, 47.90451088], [106.86167979, 47.90449385], [106.86161731, 47.90448681], [106.86154893, 47.90448257], [106.86142288, 47.90447871], [106.86125354, 47.90447511], [106.86117827, 47.90447143], [106.8610701, 47.90446185], [106.86098001, 47.90444988], [106.86092325, 47.9044395], [106.86083503, 47.90442072], [106.86071131, 47.90439415], [106.86063588, 47.90437444], [106.86058042, 47.90435848], [106.86055119, 47.90434655], [106.86052866, 47.90433291], [106.86050658, 47.90431576], [106.86049312, 47.90430214], [106.86046817, 47.90427137], [106.86042556, 47.90422205], [106.86039852, 47.90419597], [106.86035515, 47.90416458], [106.86029231, 47.90412792], [106.86022959, 47.90409608], [106.86016636, 47.9040692], [106.86011527, 47.90405109], [106.86006136, 47.90403489], [106.85999421, 47.90401678], [106.85995, 47.90400968], [106.85991572, 47.90400874], [106.85986637, 47.90401104], [106.85978632, 47.90401909], [106.85975242, 47.90401837], [106.85969576, 47.9040138], [106.85960472, 47.90400396], [106.85945361, 47.90398171], [106.85931492, 47.90396022], [106.85912702, 47.90392848], [106.85899398, 47.90390591], [106.85891816, 47.90389135], [106.8588408, 47.9038738], [106.8587257, 47.90384495], [106.85864356, 47.90382859], [106.85861, 47.9038203], [106.85858065, 47.90381113], [106.85855674, 47.90380042], [106.85853302, 47.90378698], [106.85851906, 47.90377628], [106.85850959, 47.90376407], [106.8584977, 47.90374061], [106.85847219, 47.9036825], [106.85845434, 47.90364746], [106.85843999, 47.90362451], [106.85841223, 47.9035922], [106.85836357, 47.90354697], [106.85832369, 47.9035114], [106.85829457, 47.90348957], [106.85825014, 47.903464], [106.85819571, 47.9034394], [106.85814131, 47.90342029], [106.85807048, 47.90340092], [106.85801306, 47.90338859], [106.85791547, 47.90337192], [106.85780687, 47.90335631], [106.85776062, 47.90334741], [106.8577082, 47.90333273], [106.8576252, 47.90330459], [106.85753562, 47.90327127], [106.85749974, 47.90325936], [106.85742895, 47.90324085], [106.85734449, 47.90322361], [106.85728803, 47.90321312], [106.8572536, 47.90320932], [106.85722314, 47.90320933], [106.8571667, 47.90321298], [106.85708813, 47.90321733], [106.85703648, 47.90322184], [106.85697253, 47.90323094], [106.85687345, 47.90324923], [106.85670731, 47.90328343], [106.85657099, 47.90330878], [106.85644122, 47.9033305], [106.85638673, 47.90334006], [106.85635799, 47.9033431], [106.85632723, 47.90334353], [106.85629769, 47.90334182], [106.85625578, 47.90333459], [106.85619979, 47.90331864], [106.85616425, 47.903306], [106.85610133, 47.90327972], [106.8559824, 47.90322988], [106.85581591, 47.90316055], [106.85571665, 47.9031216], [106.85564966, 47.90309797], [106.85554368, 47.90306603], [106.85545362, 47.90304487], [106.85540752, 47.90303712], [106.85531566, 47.90302459], [106.85515892, 47.90300076], [106.85507678, 47.90299019], [106.85501142, 47.90298183], [106.85497602, 47.90298056], [106.85494875, 47.90298245], [106.854926, 47.90298587], [106.8549075, 47.90299097], [106.85486978, 47.90300479], [106.854826, 47.9030195], [106.85479364, 47.90302853], [106.85472714, 47.90304085], [106.8546869, 47.90304612], [106.85465378, 47.90304879], [106.85460747, 47.90304936], [106.85453988, 47.90304613], [106.85442789, 47.90303641], [106.85437515, 47.90302916], [106.85432474, 47.90302034], [106.8542556, 47.90300606], [106.85420996, 47.90299294], [106.85416065, 47.90297342], [106.85412488, 47.9029538], [106.854102, 47.90293654], [106.85408345, 47.90291846], [106.85406778, 47.90289833], [106.85405867, 47.9028806], [106.85405412, 47.90284691], [106.85405329, 47.90282331], [106.8540561, 47.90280861], [106.85406313, 47.90279582], [106.85407839, 47.90277675], [106.8541139, 47.90274016], [106.85412671, 47.90271913], [106.85413261, 47.9027016], [106.85413299, 47.90268191], [106.8541279, 47.90266341], [106.85411726, 47.90264583], [106.85410335, 47.9026323], [106.85408652, 47.90262259], [106.85406591, 47.9026149], [106.85404423, 47.90261105], [106.85400546, 47.90260912], [106.8539736, 47.90260862], [106.85389507, 47.9026109], [106.85378451, 47.90260819], [106.85369746, 47.90260734], [106.85361457, 47.90260474], [106.85354994, 47.90260072], [106.85347829, 47.90259417], [106.85342895, 47.90258692], [106.85338013, 47.90257559], [106.85331066, 47.90255507], [106.85324656, 47.90253356], [106.85313773, 47.90249259], [106.85297414, 47.90243105], [106.85286618, 47.90238669], [106.85276774, 47.90234264], [106.85269937, 47.90230836], [106.85261948, 47.90226038], [106.85250404, 47.90218097], [106.8523941, 47.90210172], [106.852341, 47.90206286], [106.85231491, 47.90203997], [106.85229504, 47.90201599], [106.85226209, 47.90196655], [106.85220567, 47.90188644], [106.85215763, 47.90180807], [106.85207714, 47.90166119], [106.85199332, 47.90150429], [106.85195187, 47.90143364], [106.85190958, 47.90136972], [106.85183546, 47.90126671], [106.8518006, 47.90121862], [106.85178598, 47.90119324], [106.85177617, 47.90116961], [106.85177108, 47.90115071], [106.85176979, 47.90111472], [106.85176923, 47.90108724], [106.85177161, 47.90107193], [106.85178034, 47.90105189], [106.85179367, 47.90103331], [106.85180499, 47.90102314], [106.85183403, 47.90095314], [106.85180205, 47.90086013], [106.85175827, 47.90076375], [106.85171034, 47.90067028], [106.85165707, 47.90054741], [106.85157057, 47.90044266], [106.85146444, 47.90032443], [106.85140471, 47.90026309], [106.85139706, 47.90025441], [106.85139045, 47.90023856], [106.8513859, 47.90020488], [106.85138293, 47.90012165], [106.85136829, 47.89996133], [106.85135483, 47.89984962], [106.85134164, 47.8997772], [106.85132584, 47.89971001], [106.85131095, 47.89966741], [106.85129691, 47.89963889], [106.85127159, 47.89959603], [106.85124023, 47.89954641], [106.8512014, 47.89949217], [106.85114817, 47.89942231], [106.85103265, 47.89927803], [106.85095625, 47.89918046], [106.85092358, 47.89912899], [106.85090489, 47.89909077], [106.85089442, 47.89906194], [106.85088933, 47.89903688], [106.85088548, 47.89899906], [106.85088382, 47.89896259], [106.85088518, 47.89892213], [106.85089027, 47.89885943], [106.85089857, 47.89880304], [106.85090693, 47.89876327], [106.85090652, 47.89874439], [106.85089973, 47.89872502], [106.85088843, 47.89870642], [106.85087042, 47.89868862], [106.85083331, 47.8986623], [106.85080185, 47.89864157], [106.85076513, 47.89862063], [106.85072042, 47.89859774], [106.85066612, 47.89857271], [106.850586, 47.89853963], [106.85047273, 47.8984993], [106.8503479, 47.8984589], [106.85022574, 47.89842451], [106.85013209, 47.8984011], [106.85005105, 47.89838294], [106.84997603, 47.89836855], [106.8499054, 47.89835765], [106.8498228, 47.89834784], [106.84975089, 47.89834214], [106.84967341, 47.89833923], [106.8496069, 47.89833995], [106.84952543, 47.89834568], [106.84945017, 47.89835598], [106.84941105, 47.89836234], [106.84939036, 47.8983682], [106.84937059, 47.89837772], [106.84935428, 47.89838904], [106.84934517, 47.89839887], [106.84933191, 47.89841866], [106.84929763, 47.89847689], [106.84928446, 47.89849595], [106.84926951, 47.89851543], [106.84925874, 47.89852562], [106.84924456, 47.89853471], [106.8492292, 47.89854185], [106.84920684, 47.89854832], [106.84918269, 47.8985516], [106.84916221, 47.89855189], [106.84914581, 47.89854995], [106.84913099, 47.89854481], [106.84910838, 47.89853254], [106.84906385, 47.898504], [106.84901264, 47.89847557], [106.84896857, 47.89844993], [106.84894438, 47.89843841], [106.84891118, 47.89842677], [106.8488801, 47.89841918], [106.84885346, 47.89841566], [106.8488163, 47.89841346], [106.84873268, 47.89841481], [106.84869588, 47.89841164], [106.84866881, 47.89840683], [106.84864026, 47.89839747], [106.84860429, 47.89838086], [106.84854957, 47.89834798], [106.84846458, 47.89830089], [106.84841356, 47.89827808], [106.84837587, 47.89826637], [106.84834009, 47.898259], [106.84827217, 47.89825503], [106.84821178, 47.89825094], [106.84816137, 47.898245], [106.84811824, 47.89823219], [106.84800671, 47.89820191], [106.84789806, 47.89818172], [106.84777686, 47.89816173], [106.84764031, 47.89813354], [106.84750358, 47.89810029], [106.84742883, 47.89807839], [106.84729797, 47.89803608], [106.84714598, 47.89798824], [106.84706178, 47.89795885], [106.84698867, 47.89793024], [106.84692677, 47.89790363], [106.84687827, 47.89788078], [106.8468611, 47.89787106], [106.84685258, 47.89786431], [106.84684188, 47.89784592], [106.84682092, 47.89782093], [106.84679511, 47.89780109], [106.84677336, 47.89779066], [106.84674165, 47.89778001], [106.84670866, 47.89777221], [106.84665826, 47.89776447], [106.84660953, 47.89775903], [106.84654244, 47.89775452], [106.8464394, 47.89775111], [106.8463065, 47.89775494], [106.84622622, 47.89775623], [106.84618018, 47.89775433], [106.8461457, 47.89775077], [106.84607486, 47.89773503], [106.84596941, 47.89771544], [106.84582488, 47.89769347], [106.84570129, 47.89767689], [106.84564015, 47.89767154], [106.84558553, 47.89766862], [106.84548011, 47.89766863], [106.84539242, 47.89767342], [106.84529757, 47.89768845], [106.845225, 47.89769467], [106.84517496, 47.89769473], [106.84511945, 47.89769131], [106.84507394, 47.89768563], [106.84500083, 47.89767296], [106.84491744, 47.89765742], [106.84484892, 47.89763658], [106.84479588, 47.8976273], [106.84474223, 47.89762408], [106.8446352, 47.89762651], [106.84456503, 47.89762492], [106.84452978, 47.89762651], [106.84450497, 47.89762893], [106.84448982, 47.89763222], [106.84447587, 47.89763775], [106.84444789, 47.89765315], [106.84441521, 47.89766875], [106.84437655, 47.8976848], [106.84431673, 47.8977059], [106.84428749, 47.89771475], [106.84426948, 47.89771847], [106.84424717, 47.89772004], [106.84421931, 47.89771928], [106.84419314, 47.8977166], [106.84416633, 47.89771169], [106.8441232, 47.89769888], [106.84406729, 47.89767952], [106.84402428, 47.89767008], [106.84400233, 47.89766825], [106.84398659, 47.897669], [106.84395434, 47.89767965], [106.84392969, 47.89768604], [106.84391199, 47.89768877], [106.84388941, 47.89768913], [106.84388014, 47.89768617], [106.84385877, 47.89767443], [106.84384273, 47.89766904], [106.84382329, 47.89766487], [106.84378805, 47.89766206], [106.84374791, 47.8976627], [106.84365316, 47.89766901], [106.84346617, 47.89768102], [106.84329064, 47.89769261], [106.8431891, 47.89770122], [106.84307895, 47.89771305], [106.84299246, 47.89772463], [106.84292953, 47.89773432], [106.84288933, 47.89774204], [106.84284768, 47.89775269], [106.84277998, 47.89777306], [106.8427025, 47.89779904], [106.84266745, 47.89780863], [106.84262178, 47.89781704], [106.84256758, 47.89782373], [106.84251688, 47.89782689], [106.84242383, 47.89782829], [106.84230341, 47.89783022], [106.84224513, 47.89782763], [106.84219271, 47.897823], [106.84207149, 47.89780244], [106.84199487, 47.89779202], [106.84191014, 47.89778252], [106.84168196, 47.89776592], [106.8415743, 47.8977568], [106.841514, 47.89774836], [106.84145763, 47.89773682], [106.84141612, 47.89772517], [106.84137721, 47.89771051], [106.84134476, 47.89769481], [106.8413222, 47.89768037], [106.84128638, 47.89765298], [106.84123047, 47.89760619], [106.84120713, 47.89758898], [106.84116711, 47.89756459], [106.8411286, 47.89754522], [106.84107732, 47.89752613], [106.84099998, 47.89750452], [106.84092897, 47.89748853], [106.84080788, 47.89746709], [106.84069322, 47.89744748], [106.84059245, 47.89743229], [106.84045644, 47.89741469], [106.8403505, 47.89740465], [106.84024672, 47.89739943], [106.84011595, 47.89739716], [106.84000338, 47.89739764], [106.83989185, 47.89740075], [106.83984106, 47.89740408], [106.83970704, 47.89741673], [106.83966721, 47.89741859], [106.83963142, 47.89741843], [106.83957564, 47.89741521], [106.83951395, 47.89740906], [106.83941985, 47.89739269], [106.83938604, 47.8973886], [106.83933705, 47.8973868], [106.83927893, 47.89738807], [106.83922379, 47.89739193], [106.83916552, 47.89739889], [106.83910313, 47.89740986], [106.83902264, 47.89742819], [106.83895985, 47.89744567], [106.83883309, 47.89748763], [106.83877767, 47.89750413], [106.83868727, 47.89752876], [106.83863169, 47.89754023], [106.83857648, 47.89754679], [106.8385049, 47.89755127], [106.83840789, 47.89755282], [106.83830388, 47.89754548], [106.83813438, 47.89753104], [106.83799548, 47.89751628], [106.83787039, 47.89749942], [106.83775603, 47.89747998], [106.83767705, 47.89746582], [106.83763466, 47.89745491], [106.83759548, 47.89744124], [106.83757015, 47.89742894], [106.83754707, 47.89741184], [106.83752523, 47.89738914], [106.83751494, 47.89737389], [106.83749664, 47.89733784], [106.83746662, 47.89728981], [106.83744009, 47.89725321], [106.83740992, 47.89721683], [106.83738435, 47.89719109], [106.83734979, 47.89716284], [106.83731562, 47.89714042], [106.83729097, 47.89712776], [106.83726182, 47.89711555], [106.83722615, 47.89710277], [106.83717991, 47.89708857], [106.83712511, 47.89707383], [106.83704826, 47.89705692], [106.83695425, 47.89704027], [106.83684776, 47.89702731], [106.83673523, 47.89701801], [106.83652097, 47.89700459], [106.8363767, 47.89699353], [106.83633423, 47.89699203], [106.8362963, 47.89699243], [106.83621756, 47.8969989], [106.83609967, 47.89701583], [106.83595316, 47.89704468], [106.83589682, 47.89705284], [106.83584553, 47.89705673], [106.83578325, 47.89705915], [106.83567649, 47.89705906], [106.83544674, 47.89705512], [106.83530466, 47.89705075], [106.83487192, 47.8970337], [106.83473264, 47.89703007], [106.83460777, 47.89702852], [106.834448, 47.89702641], [106.83436265, 47.89702877], [106.83429695, 47.89703245], [106.83425947, 47.89703775], [106.83422438, 47.89704748], [106.83417872, 47.89706468], [106.83409303, 47.89710635], [106.8340233, 47.89713677], [106.83398019, 47.89715454], [106.83395343, 47.89716353], [106.83390989, 47.89717274], [106.83385051, 47.89717982], [106.83378281, 47.8971825], [106.83367617, 47.89717894], [106.83359961, 47.89717452], [106.83347409, 47.89716386], [106.83324088, 47.89714455], [106.83316746, 47.89713592], [106.83310233, 47.89712583], [106.83300198, 47.89710474], [106.83282767, 47.89706062], [106.83261274, 47.89700723], [106.83247506, 47.89697131], [106.83235043, 47.89693612], [106.83223921, 47.89690151], [106.83212862, 47.89686329], [106.8319468, 47.89679628], [106.83185825, 47.89676194], [106.83181433, 47.89674711], [106.83173776, 47.89672576], [106.83170898, 47.89671986], [106.83168251, 47.89671624], [106.83163404, 47.89671456], [106.8315573, 47.89671824], [106.83141614, 47.89673148], [106.83135731, 47.89673396], [106.83129194, 47.89673444], [106.83110012, 47.8967292], [106.83097136, 47.89672436], [106.83087096, 47.8967182], [106.83074501, 47.89670534], [106.8305263, 47.89667607], [106.83033207, 47.89664947], [106.83001716, 47.8966036], [106.82962813, 47.89654908], [106.82945599, 47.8965236], [106.82928943, 47.8964972], [106.82914095, 47.89647104], [106.82900345, 47.89644525], [106.82891607, 47.896427], [106.82881533, 47.89640561], [106.82878667, 47.89639773], [106.82876222, 47.89638915], [106.828732, 47.89637527], [106.82867901, 47.89634652], [106.82854358, 47.89627262], [106.82842887, 47.89620398], [106.82835688, 47.89615708], [106.82828705, 47.89610865], [106.82821938, 47.8960587], [106.82815386, 47.89600722], [106.82639693, 47.89454764], [106.82433864, 47.89285088], [106.82264824, 47.89136592], [106.82226959, 47.89103328], [106.82029068, 47.88931278], [106.81794048, 47.88725761], [106.81592098, 47.8855108], [106.81433258, 47.88411785], [106.81427772, 47.88407486], [106.81421996, 47.88403426], [106.81415928, 47.88399603], [106.81409569, 47.88396019], [106.81401931, 47.88392272], [106.81391281, 47.88387661], [106.81380844, 47.883834], [106.81371904, 47.88380037], [106.81363587, 47.88377245], [106.81355702, 47.88374965], [106.81348538, 47.88373246], [106.81340467, 47.88371643], [106.81331488, 47.88370132], [106.81317755, 47.8836807], [106.81308905, 47.88366867], [106.81298972, 47.88365735], [106.81265288, 47.88362558], [106.81244914, 47.88360689], [106.81200197, 47.88356932], [106.81181908, 47.88355228], [106.81153253, 47.88352269], [106.81125395, 47.88349176], [106.81098255, 47.8834594], [106.81071775, 47.88342554], [106.81058809, 47.88340719], [106.81025176, 47.88335613], [106.81006321, 47.8833321], [106.80983343, 47.88330979], [106.80960767, 47.88329317], [106.80950706, 47.88328811], [106.80939491, 47.88328464], [106.80901013, 47.88327974], [106.80886153, 47.88327611], [106.80845818, 47.8832594], [106.80829382, 47.88325354], [106.80820919, 47.88324603], [106.80814485, 47.88323557], [106.8080763, 47.8832208], [106.80800212, 47.88320145], [106.80791538, 47.88317572], [106.80783283, 47.8831486], [106.80775608, 47.88312016], [106.80768512, 47.8830904], [106.80761997, 47.88305932], [106.80757237, 47.88303382], [106.80752447, 47.88300569], [106.80742733, 47.8829413], [106.80738371, 47.8829085], [106.80733832, 47.8828709], [106.80722413, 47.8827658], [106.80712102, 47.88266733], [106.80708956, 47.88263306], [106.80706415, 47.88260115], [106.80703818, 47.88256089], [106.80699122, 47.88247547], [106.806909, 47.88232178], [106.80688258, 47.88228151], [106.80685474, 47.88224704], [106.80681902, 47.882209], [106.80678646, 47.88217787], [106.80675435, 47.88215106], [106.80672206, 47.88212808], [106.80665936, 47.88209186], [106.80659118, 47.88206096], [106.80653444, 47.88204285], [106.80642519, 47.88201771], [106.80638363, 47.88200658], [106.80627844, 47.88197192], [106.80614938, 47.8819238], [106.80603829, 47.88187948], [106.80594939, 47.88184048], [106.80577489, 47.88175099], [106.80567127, 47.88170521], [106.8055749, 47.88166767], [106.80549246, 47.88164045], [106.80535115, 47.88159913], [106.80513278, 47.88153854], [106.80477457, 47.8814468], [106.80456412, 47.88139393], [106.80432835, 47.88133675], [106.80350724, 47.8811439], [106.80336302, 47.88111111], [106.80300683, 47.88103506], [106.80284516, 47.88099865], [106.80267622, 47.88095625], [106.80252806, 47.88091333], [106.80236298, 47.88086321], [106.8022845, 47.88083757], [106.80220991, 47.88080956], [106.80214643, 47.88078097], [106.80208622, 47.88074996], [106.80203724, 47.88072216], [106.80199533, 47.88069523], [106.80195972, 47.88066861], [106.80192506, 47.88063833], [106.80189332, 47.88060635], [106.80186513, 47.88057331], [106.801841, 47.88053982], [106.80182734, 47.88051627], [106.80181495, 47.88048915], [106.80177858, 47.88038707], [106.80176079, 47.88033782], [106.80174521, 47.88028486], [106.8017317, 47.88022773], [106.80172006, 47.88016557], [106.80170258, 47.88003282], [106.8016789, 47.87976414], [106.80166645, 47.87965389], [106.80164743, 47.87954195], [106.80162268, 47.8794467], [106.80160357, 47.87939302], [106.80158155, 47.87934381], [106.80155647, 47.8792987], [106.8015282, 47.87925746], [106.80149656, 47.87921986], [106.80146148, 47.87918585], [106.80143151, 47.87916214], [106.80138889, 47.87913889], [106.80134923, 47.87911146], [106.8013151, 47.87909598], [106.80127818, 47.87908172], [106.80123835, 47.87906863], [106.80114956, 47.87904582], [106.80104695, 47.87902709], [106.80095027, 47.87901437], [106.80083805, 47.87900348], [106.80041848, 47.87897535], [106.80024959, 47.87896046], [106.80016318, 47.87895003], [106.80008442, 47.87893808], [106.80001194, 47.8789244], [106.79994505, 47.87890886], [106.79986428, 47.87888759], [106.79978255, 47.87886849], [106.79969043, 47.87885018], [106.79935368, 47.87879412], [106.79921844, 47.87876833], [106.79893789, 47.87870642], [106.7988275, 47.87867956], [106.79872699, 47.87865306], [106.79857454, 47.87861024], [106.79845868, 47.8785752], [106.79835624, 47.87854095], [106.79826492, 47.87850658], [106.79818222, 47.87847134], [106.79809387, 47.8784296], [106.79799896, 47.87838117], [106.79786197, 47.87830793], [106.79778871, 47.87826723], [106.7977088, 47.87822032], [106.79737972, 47.87801829], [106.79660254, 47.8775693], [106.79644282, 47.87747074], [106.79611568, 47.87725728], [106.79597207, 47.87716689], [106.79581557, 47.8770758], [106.79574148, 47.87703617], [106.79566887, 47.87699977], [106.79557561, 47.87695623], [106.7954694, 47.87690973], [106.79511229, 47.87676252], [106.79471603, 47.8765964], [106.79459203, 47.87654755], [106.79447889, 47.87650598], [106.79432136, 47.87645206], [106.79416945, 47.87640341], [106.79402202, 47.87635967], [106.79387841, 47.87632065], [106.79372476, 47.87628336], [106.79355553, 47.87624706], [106.79336653, 47.87621074], [106.79312676, 47.87616843], [106.7928673, 47.87612741], [106.79258359, 47.87608947], [106.79226839, 47.87605348], [106.79187235, 47.8760138], [106.79156922, 47.87597801], [106.79146574, 47.87596771], [106.79134972, 47.8759612], [106.79129668, 47.87596073], [106.79124603, 47.87596208], [106.79118282, 47.87596618], [106.79111338, 47.87597298], [106.79092738, 47.8759978], [106.79081083, 47.87601773], [106.79053792, 47.8760757], [106.79041293, 47.87609806], [106.79024071, 47.87612512], [106.79018761, 47.8761307], [106.79013995, 47.87613306], [106.79007635, 47.8761318], [106.79000612, 47.87612586], [106.78992851, 47.8761154], [106.78981882, 47.87609708], [106.78974588, 47.87608303], [106.78966712, 47.87606496], [106.7895809, 47.87604261], [106.78946549, 47.87601035], [106.78930728, 47.87596144], [106.78908029, 47.87588313], [106.78899145, 47.87585019], [106.78876368, 47.87576022], [106.78869547, 47.87573585], [106.78863279, 47.87571589], [106.78851423, 47.8756801], [106.78844782, 47.87566193], [106.78838401, 47.87564775], [106.78832548, 47.87563869], [106.78825968, 47.8756322], [106.78820058, 47.87562896], [106.78814643, 47.8756289], [106.78809677, 47.87563201], [106.788036, 47.87564142], [106.78793036, 47.87566535], [106.78777335, 47.87570719], [106.78773696, 47.87571503], [106.78770375, 47.87572012], [106.78766659, 47.87572339], [106.78762462, 47.87572492], [106.78749061, 47.87572344], [106.78735385, 47.87572335], [106.78731289, 47.87572095], [106.78727712, 47.87571651], [106.78722842, 47.87570593], [106.78717614, 47.87568945], [106.78712175, 47.8756681], [106.78703036, 47.87562812], [106.78697024, 47.87560057], [106.78690853, 47.87556929], [106.78684468, 47.87553402], [106.78677733, 47.87549399], [106.78671271, 47.8754512], [106.78665019, 47.87540334], [106.7865891, 47.8753499], [106.78652822, 47.87528981], [106.78648243, 47.87524026], [106.7864341, 47.87518432], [106.78624306, 47.87494707], [106.78615528, 47.87484558], [106.78606372, 47.87473923], [106.78587947, 47.87450447], [106.7857953, 47.87440379], [106.7857463, 47.87435027], [106.78569796, 47.87430167], [106.78564933, 47.87425701], [106.78559988, 47.87421582], [106.78545737, 47.87410266], [106.78536615, 47.87403731], [106.7853204, 47.87400853], [106.78527571, 47.87398341], [106.78523144, 47.87396161], [106.78518723, 47.87394294], [106.78510483, 47.87391514], [106.78500919, 47.87389053], [106.78489862, 47.87386852], [106.7847569, 47.87384589], [106.7846444, 47.87383136], [106.78453055, 47.87382093], [106.78441538, 47.87381459], [106.78430555, 47.87380556], [106.78430511, 47.87380555], [106.78425578, 47.87559654], [106.7842347, 47.87650625], [106.78423497, 47.87651246], [106.78423495, 47.87651339], [106.7842781, 47.87751597], [106.78443336, 47.8784816], [106.7846724, 47.8801089], [106.78484164, 47.88122686], [106.78493897, 47.88202912], [106.78501485, 47.88271437], [106.78511658, 47.8849129], [106.78520113, 47.88686528], [106.78529511, 47.88934554], [106.78537343, 47.89111614], [106.78544154, 47.89309683], [106.78544178, 47.89310397], [106.78552973, 47.89507988], [106.78555538, 47.89602148], [106.78555556, 47.89602628], [106.78555562, 47.89602862], [106.78563942, 47.89824039], [106.78572439, 47.90093525], [106.78572444, 47.9009361], [106.78572464, 47.90094239], [106.78582609, 47.9027669], [106.78588209, 47.90417047], [106.78590395, 47.90547947], [106.78590414, 47.905483], [106.7859042, 47.90548661], [106.78597159, 47.90677059], [106.78608333, 47.90738889], [106.78838306, 47.90759146], [106.78969298, 47.90771854], [106.79124788, 47.90786935], [106.7947708, 47.9081577], [106.79768118, 47.9084087], [106.79945778, 47.90854215], [106.8003272, 47.90862216], [106.80080166, 47.90869276], [106.8009736, 47.90874209], [106.80145529, 47.90902067], [106.80175955, 47.90920561], [106.80205605, 47.90938582], [106.80229995, 47.90950165], [106.80248036, 47.90957166], [106.80273738, 47.90961964], [106.80304782, 47.90964598], [106.80521506, 47.90963121], [106.80722516, 47.90961151], [106.81191438, 47.90961043], [106.81418028, 47.90979315], [106.81784247, 47.91007339], [106.82176892, 47.91038573], [106.82623844, 47.91073612], [106.82961313, 47.91097893], [106.83296537, 47.91124281], [106.83674413, 47.91153098], [106.84026696, 47.91180232], [106.84371193, 47.9120592], [106.84576055, 47.91221877], [106.84949266, 47.91249687], [106.85486111, 47.91286111], [106.85499981, 47.91644544], [106.85503515, 47.91735864], [106.85489365, 47.91737904], [106.8548876, 47.91737991], [106.85274975, 47.91765953], [106.85276185, 47.91766512], [106.85275, 47.91766667], [106.85310452, 47.91783038], [106.85319155, 47.9178992], [106.85321539, 47.91802815], [106.85312257, 47.91847506], [106.85281524, 47.9196204], [106.85258216, 47.92131298], [106.85245016, 47.92265348], [106.85238519, 47.92304176], [106.85199332, 47.92307483], [106.85199437, 47.92308191], [106.85199358, 47.92308197], [106.85216404, 47.92423297], [106.85272222, 47.92425], [106.85288958, 47.92546196], [106.8533275, 47.92574249], [106.85340909, 47.92607855], [106.85342873, 47.92690418], [106.85342882, 47.92690454], [106.85342898, 47.92691132], [106.85361368, 47.92762399], [106.85370779, 47.92830803], [106.85380613, 47.9292495], [106.854008, 47.93030301], [106.85439547, 47.93181501], [106.8544704, 47.9321014], [106.85523216, 47.9328081], [106.85578021, 47.93352158], [106.85592847, 47.93418802], [106.85682977, 47.93517671], [106.85735894, 47.93563968], [106.85755277, 47.93618833], [106.85810227, 47.93680146], [106.85862067, 47.93779633], [106.85862798, 47.93779238], [106.85929248, 47.93807259], [106.85952656, 47.93821595], [106.85977999, 47.93876029], [106.8597398, 47.93972072], [106.86054077, 47.94082136], [106.86110095, 47.94131391], [106.86078424, 47.94330548], [106.86076983, 47.9441518], [106.86245503, 47.94423149], [106.86266667, 47.94436111], [106.86296011, 47.94436494], [106.86332457, 47.94439045], [106.86370336, 47.94434145], [106.86456334, 47.94407609], [106.86475228, 47.94397102], [106.86579001, 47.94378048], [106.86627444, 47.94359549], [106.86670582, 47.94335422], [106.86718249, 47.94313078], [106.86757307, 47.94311443], [106.86765291, 47.94314595], [106.86769039, 47.94314161], [106.86776812, 47.94313917], [106.86789755, 47.94315347], [106.86850119, 47.94308933], [106.86898834, 47.94291145], [106.86920165, 47.94286491], [106.86929287, 47.94282856], [106.86987159, 47.94245823], [106.87015758, 47.94236744], [106.87048268, 47.94222656], [106.87094419, 47.94196508]]]}, "geometry_name": "geom", "properties": {"guid": 124750, "id": 124750, "object_no": "16", "object_name": "Баянгол", "layer_type_id": 252, "valid_to": null, "address_no": null, "border_type": "solid", "border_width": null, "border_color": "#cc6666", "border_opacity": null, "border_wellknown": "shape://horizline", "fill_type": "color", "fill_color": "#bcbcbc", "fill_opacity": 0, "fill_wellknown": null, "fill_shape_color": null, "fill_shape_width": null, "fill_shape_size": null, "fill_img_url": null, "marker_img_url": null}},{"type": "Feature", "id": "layer_data_map.fid--27e80436_1a098b908f8_-5b3f", "geometry": {"type": "Polygon", "coordinates": [[[106.92569059, 47.9082426], [106.92740518, 47.90821033], [106.93063942, 47.90818624], [106.9326217, 47.90813901], [106.93263807, 47.90807239], [106.93266025, 47.90800678], [106.93268936, 47.90794048], [106.93272763, 47.90786915], [106.93276869, 47.90780346], [106.93279586, 47.90775425], [106.93280311, 47.90773182], [106.93280853, 47.90770529], [106.93281119, 47.90764675], [106.9328183, 47.90744838], [106.93281684, 47.90727941], [106.93281115, 47.90712676], [106.93281272, 47.90703899], [106.93281564, 47.90697009], [106.93281368, 47.90693497], [106.93280768, 47.90690396], [106.93279652, 47.90686376], [106.9327749, 47.90680238], [106.93275949, 47.90677409], [106.93273372, 47.90673482], [106.93269922, 47.90668315], [106.93267273, 47.9066546], [106.93265132, 47.90663791], [106.93262804, 47.90662285], [106.93258787, 47.9066029], [106.93253964, 47.90658534], [106.93246163, 47.90656716], [106.93235934, 47.90654613], [106.93230463, 47.90653831], [106.93224281, 47.90653184], [106.93218335, 47.90652803], [106.93208304, 47.90652478], [106.93192339, 47.90652097], [106.93183147, 47.90652143], [106.93175432, 47.90652381], [106.93167236, 47.90652886], [106.93159045, 47.90653632], [106.93146822, 47.90655391], [106.93142694, 47.90655857], [106.93137973, 47.90656134], [106.93127248, 47.90656442], [106.93109882, 47.90657384], [106.93091954, 47.90657994], [106.9307945, 47.90657896], [106.93066855, 47.90657133], [106.93059261, 47.90656316], [106.93050829, 47.90655128], [106.93034768, 47.90652148], [106.93027614, 47.90651241], [106.93021665, 47.90650743], [106.93016749, 47.90650597], [106.93008611, 47.90650638], [106.92995085, 47.90650865], [106.92975751, 47.90650865], [106.92966775, 47.90650516], [106.92952021, 47.90649639], [106.92930274, 47.9064803], [106.92921492, 47.90647552], [106.92903112, 47.90647211], [106.92888609, 47.9064713], [106.92874625, 47.90648015], [106.92866906, 47.90648238], [106.92859167, 47.90648274], [106.92840775, 47.90647608], [106.92812496, 47.9064642], [106.92784237, 47.90645034], [106.92755998, 47.90643449], [106.92727778, 47.90641667], [106.92757245, 47.90609423], [106.92770118, 47.90587895], [106.92781687, 47.90564717], [106.92794188, 47.90533166], [106.92802791, 47.90497084], [106.92816536, 47.90415366], [106.92822704, 47.90385269], [106.92833897, 47.90330662], [106.92840372, 47.90304226], [106.92855683, 47.90264688], [106.92883725, 47.90216578], [106.92927014, 47.9016069], [106.92978236, 47.90100907], [106.93131211, 47.89919898], [106.93277302, 47.89746749], [106.93449036, 47.89543883], [106.93662621, 47.89289551], [106.93756711, 47.89180149], [106.93790468, 47.89135701], [106.93816261, 47.89094313], [106.93840594, 47.89047099], [106.93864459, 47.88987357], [106.93902687, 47.88864083], [106.93925, 47.88775], [106.93977451, 47.88611766], [106.95175, 47.87658333], [106.95622222, 47.86355555], [106.94711111, 47.8465], [106.92194444, 47.81233333], [106.94586111, 47.7995], [106.94138889, 47.78594444], [106.94680556, 47.76080556], [106.90588889, 47.74888889], [106.88958333, 47.75822222], [106.86147222, 47.7625], [106.84, 47.74647222], [106.81327778, 47.7205], [106.79783333, 47.705], [106.78869444, 47.72358333], [106.73177778, 47.72013889], [106.69627778, 47.72913889], [106.68369444, 47.73586111], [106.64283333, 47.74213889], [106.60102778, 47.747], [106.58941667, 47.75136111], [106.58602778, 47.75016667], [106.58108333, 47.752], [106.57802778, 47.74991667], [106.59288889, 47.73655556], [106.56138889, 47.71133333], [106.50944444, 47.71911111], [106.50794444, 47.74605555], [106.50333333, 47.80547222], [106.53972222, 47.84763889], [106.61347222, 47.85127778], [106.65019445, 47.87433333], [106.67566667, 47.87333333], [106.69788889, 47.86502778], [106.69789734, 47.86511771], [106.69791793, 47.86522046], [106.69793394, 47.86528456], [106.69794919, 47.86533494], [106.69796716, 47.86538411], [106.69798401, 47.86542065], [106.69801487, 47.86547443], [106.6980474, 47.86552631], [106.6980792, 47.86557256], [106.69812279, 47.8656296], [106.69814671, 47.86565403], [106.69817918, 47.86568142], [106.69821584, 47.86570805], [106.69826098, 47.86573701], [106.69830202, 47.86576034], [106.69834267, 47.86578073], [106.6983903, 47.86580186], [106.69844696, 47.86582433], [106.69850751, 47.8658462], [106.69856662, 47.86586541], [106.69862612, 47.8658826], [106.69868624, 47.86589784], [106.69877868, 47.86591705], [106.69889737, 47.86593428], [106.69907959, 47.86595341], [106.69925885, 47.86596782], [106.69939044, 47.86598283], [106.69953317, 47.86600438], [106.69966793, 47.86602887], [106.69975433, 47.86604715], [106.69984191, 47.86606769], [106.6999283, 47.86609001], [106.70001005, 47.86611315], [106.70014807, 47.86615471], [106.70021066, 47.86617513], [106.70027683, 47.86619986], [106.7003356, 47.86622674], [106.70039451, 47.86625856], [106.70044619, 47.86629207], [106.70048183, 47.86632157], [106.70051616, 47.86635792], [106.70055017, 47.86639818], [106.70059018, 47.86645063], [106.70063355, 47.86651232], [106.70068237, 47.86658797], [106.70077526, 47.86674184], [106.70081316, 47.86680084], [106.70087869, 47.86689358], [106.70092946, 47.86695353], [106.70099172, 47.86701876], [106.70104672, 47.86706857], [106.70110511, 47.86711336], [106.70117981, 47.86716169], [106.70121945, 47.86718417], [106.70125471, 47.86720193], [106.70132798, 47.8672333], [106.70139955, 47.8672615], [106.70150151, 47.86729902], [106.70158473, 47.86732866], [106.70164149, 47.86734655], [106.70171173, 47.86736607], [106.70187289, 47.86740572], [106.70194351, 47.86742623], [106.70200463, 47.86744684], [106.70205073, 47.86746788], [106.70208376, 47.86748638], [106.70212174, 47.86751085], [106.70218248, 47.86755437], [106.70223642, 47.86759598], [106.70230113, 47.86765081], [106.70239208, 47.86774052], [106.70244127, 47.86778453], [106.70252969, 47.86785717], [106.70259594, 47.86790522], [106.70264986, 47.86793772], [106.70271127, 47.86796655], [106.70278471, 47.86799427], [106.70286097, 47.86801701], [106.70291569, 47.86802948], [106.70298128, 47.86804102], [106.70306311, 47.8680522], [106.70314764, 47.86806094], [106.70322551, 47.868066], [106.7033082, 47.86806871], [106.70337996, 47.86806918], [106.70345516, 47.86806718], [106.70353477, 47.86806323], [106.70369421, 47.86805177], [106.70385564, 47.86804296], [106.7039716, 47.86803214], [106.7040379, 47.86802187], [106.7041084, 47.86800695], [106.70418276, 47.86798778], [106.70426818, 47.86796229], [106.70437719, 47.86792384], [106.7044878, 47.86787623], [106.70466767, 47.86779322], [106.70483789, 47.86770752], [106.70489094, 47.86767922], [106.70493188, 47.86765415], [106.70497906, 47.86761909], [106.70502523, 47.86757547], [106.7050726, 47.86752632], [106.70520029, 47.86738356], [106.70526337, 47.86731993], [106.70530067, 47.86728632], [106.70532742, 47.86726505], [106.70536439, 47.86723939], [106.70540534, 47.86721448], [106.7054504, 47.86718962], [106.70549402, 47.8671683], [106.70553508, 47.86715083], [106.70557896, 47.86713486], [106.70562875, 47.86711964], [106.70568039, 47.86710649], [106.70573093, 47.86709634], [106.70577927, 47.86708929], [106.70583948, 47.86708484], [106.70590386, 47.86708556], [106.70596105, 47.867089], [106.70611423, 47.86710183], [106.70619119, 47.86710988], [106.70627503, 47.86712106], [106.70634395, 47.86713275], [106.70641045, 47.86714649], [106.70652234, 47.86717368], [106.70671031, 47.8672247], [106.70682017, 47.86725561], [106.70693811, 47.86729096], [106.7070696, 47.86733269], [106.70719944, 47.86737616], [106.70733276, 47.86742285], [106.70746232, 47.8674705], [106.70764095, 47.86754095], [106.70780295, 47.8676111], [106.70795859, 47.86768559], [106.70812485, 47.86777238], [106.70833699, 47.86789197], [106.70854443, 47.86801576], [106.70873655, 47.86813646], [106.7089205, 47.86825972], [106.70907126, 47.86836598], [106.70924487, 47.86849341], [106.70936512, 47.86858532], [106.70948463, 47.86868155], [106.70957217, 47.86875703], [106.70965797, 47.86883445], [106.70995303, 47.86911294], [106.71010529, 47.86925311], [106.71022045, 47.86935283], [106.71036432, 47.86946853], [106.71047538, 47.86955443], [106.71059055, 47.86964064], [106.71078923, 47.86978309], [106.71093093, 47.86987946], [106.71105314, 47.86996013], [106.71117968, 47.87004088], [106.71128861, 47.87010669], [106.71136692, 47.87015147], [106.71145236, 47.8701976], [106.7115193, 47.87023151], [106.71160941, 47.87027439], [106.71183972, 47.87038228], [106.71200212, 47.87045406], [106.71208892, 47.87049021], [106.71219787, 47.87053118], [106.7122975, 47.87056536], [106.71239865, 47.87059681], [106.7125091, 47.87062801], [106.71260427, 47.87065195], [106.71269532, 47.87067146], [106.71280153, 47.87069094], [106.71290044, 47.87070599], [106.71298292, 47.87071524], [106.71304432, 47.87071945], [106.71311142, 47.87072116], [106.71317777, 47.87072026], [106.71324918, 47.87071684], [106.71330895, 47.8707114], [106.71335963, 47.87070436], [106.71340731, 47.87069517], [106.71345362, 47.87068313], [106.71350601, 47.87066606], [106.71356347, 47.8706432], [106.71361756, 47.8706181], [106.71367885, 47.87058635], [106.71373061, 47.87055634], [106.71377865, 47.87052519], [106.71381944, 47.87049509], [106.71386511, 47.87045763], [106.71390889, 47.87041856], [106.71395646, 47.8703727], [106.71403616, 47.87028805], [106.71410238, 47.87020397], [106.71416504, 47.87011215], [106.71422986, 47.87001081], [106.71429327, 47.86990463], [106.71433956, 47.86982223], [106.71438248, 47.86973948], [106.71441557, 47.86967075], [106.71443793, 47.86961768], [106.71445824, 47.86956339], [106.71449188, 47.86946026], [106.71451464, 47.86940295], [106.71453884, 47.86935112], [106.71457183, 47.86929278], [106.7146386, 47.86919114], [106.71472241, 47.86907969], [106.71483641, 47.86894067], [106.71493504, 47.86882998], [106.7150568, 47.86870565], [106.71512322, 47.86864248], [106.71518657, 47.86858527], [106.71530965, 47.86848231], [106.7154495, 47.86837665], [106.71553865, 47.86831351], [106.71566109, 47.86823041], [106.7158932, 47.86807975], [106.71609369, 47.86795635], [106.7163166, 47.86782813], [106.71656076, 47.86769544], [106.71675721, 47.86759175], [106.71697543, 47.8674793], [106.71713561, 47.86739828], [106.71726488, 47.86733814], [106.71740188, 47.86728235], [106.71747475, 47.86725593], [106.7175593, 47.86722752], [106.71773189, 47.86717531], [106.71793455, 47.86712136], [106.718093, 47.86708238], [106.71825552, 47.86704516], [106.71839374, 47.8670156], [106.71850123, 47.86699508], [106.71859838, 47.86697894], [106.71869904, 47.86696536], [106.71881282, 47.86695279], [106.71892961, 47.86694277], [106.71902355, 47.86693685], [106.71912103, 47.8669339], [106.71920261, 47.86693467], [106.71928632, 47.8669387], [106.7193804, 47.86694708], [106.71947651, 47.86695918], [106.7195671, 47.86697434], [106.71964899, 47.86699173], [106.71974766, 47.86701793], [106.71984615, 47.86704982], [106.71993238, 47.86708311], [106.72000561, 47.86711722], [106.72006381, 47.86715013], [106.72012112, 47.86718928], [106.72017929, 47.86723585], [106.72025014, 47.86729968], [106.72028515, 47.86733452], [106.7203126, 47.86736528], [106.72033947, 47.86739898], [106.72036866, 47.86743985], [106.72042383, 47.86752829], [106.7205011, 47.86766396], [106.720563, 47.86776085], [106.72062384, 47.86785008], [106.72079151, 47.86808725], [106.72089458, 47.8682462], [106.72094412, 47.86831233], [106.72097828, 47.86835065], [106.72102347, 47.86839607], [106.72106418, 47.86843254], [106.72110356, 47.86846373], [106.72115112, 47.868497], [106.72120412, 47.8685298], [106.72125397, 47.86855717], [106.72130661, 47.86858238], [106.72135351, 47.86860161], [106.72139564, 47.86861602], [106.72144087, 47.86862854], [106.72149433, 47.86864016], [106.72158954, 47.86865655], [106.72173896, 47.86867906], [106.72188996, 47.8686967], [106.72220936, 47.86872413], [106.72241885, 47.86874662], [106.72250217, 47.86875426], [106.72262616, 47.86876262], [106.72269454, 47.86876409], [106.72277597, 47.86876315], [106.72288395, 47.86875932], [106.72307793, 47.86874954], [106.72319058, 47.86874707], [106.72328966, 47.86874872], [106.72340694, 47.86875571], [106.72350889, 47.86876439], [106.72360254, 47.86877414], [106.72369566, 47.86878569], [106.72378819, 47.86879916], [106.72387471, 47.86881371], [106.72396346, 47.86883066], [106.72405303, 47.86884983], [106.7241433, 47.86887105], [106.72425365, 47.86889943], [106.72437895, 47.86893449], [106.72449265, 47.86896879], [106.72458746, 47.86899979], [106.72466958, 47.86902913], [106.7247516, 47.86906148], [106.7248257, 47.86909411], [106.72489925, 47.86912973], [106.7250259, 47.8691971], [106.72517158, 47.86928], [106.72529159, 47.86935128], [106.72539289, 47.86941539], [106.72547659, 47.86947243], [106.72555622, 47.86953144], [106.72563672, 47.86959649], [106.72571536, 47.86966527], [106.72578916, 47.86973498], [106.72585816, 47.86980592], [106.72592615, 47.8698823], [106.725995, 47.86996593], [106.7260937, 47.87009439], [106.72616227, 47.87018976], [106.72621199, 47.87026731], [106.72625116, 47.87033993], [106.72627691, 47.87040078], [106.72630287, 47.87047996], [106.7263238, 47.87055333], [106.72637019, 47.87073542], [106.72642321, 47.87092084], [106.72647012, 47.87107186], [106.72651427, 47.87120254], [106.72659498, 47.87142578], [106.72663313, 47.87153647], [106.72665402, 47.87160451], [106.72667366, 47.87168096], [106.72668128, 47.87174364], [106.72668024, 47.87181716], [106.72666894, 47.87191575], [106.72665161, 47.87201022], [106.72663835, 47.872061], [106.72661348, 47.8721422], [106.72658744, 47.87222101], [106.72650365, 47.87245603], [106.7264732, 47.87255226], [106.72644477, 47.87266206], [106.72643056, 47.87273026], [106.7264201, 47.87279305], [106.72641293, 47.87285124], [106.72640946, 47.8729017], [106.72640872, 47.87296111], [106.72641098, 47.87301824], [106.72641619, 47.87307025], [106.72642426, 47.87312084], [106.72643585, 47.8731724], [106.72644953, 47.87321897], [106.72646388, 47.87325813], [106.72648112, 47.87329561], [106.72650185, 47.87333267], [106.72652684, 47.87337093], [106.72655473, 47.87340799], [106.72658535, 47.87344372], [106.72661949, 47.87347882], [106.72665348, 47.8735095], [106.72669405, 47.87354146], [106.72674447, 47.8735763], [106.72679953, 47.87361076], [106.72689279, 47.87366543], [106.72694768, 47.87369532], [106.72699241, 47.87371707], [106.72703396, 47.8737344], [106.72707854, 47.87375001], [106.72712644, 47.87376402], [106.72717304, 47.87377555], [106.72722047, 47.87378504], [106.72726699, 47.87379206], [106.72730529, 47.8737959], [106.72734587, 47.8737977], [106.7274343, 47.87379521], [106.72749433, 47.8737909], [106.72758774, 47.8737815], [106.72771941, 47.87376662], [106.72783762, 47.87375076], [106.72808813, 47.87371225], [106.72819767, 47.87369684], [106.7283424, 47.87367829], [106.72843729, 47.87366776], [106.7285367, 47.87365893], [106.72865464, 47.87365096], [106.72880328, 47.87364234], [106.72891545, 47.87363778], [106.72899346, 47.87363603], [106.72904105, 47.87363678], [106.72908881, 47.87364017], [106.72913681, 47.87364664], [106.7291885, 47.87365633], [106.729253, 47.87367088], [106.72938652, 47.87370482], [106.72951572, 47.87374118], [106.72961424, 47.87377309], [106.72971398, 47.87380972], [106.72981599, 47.87385144], [106.72989844, 47.87388934], [106.72998045, 47.87393297], [106.7300616, 47.87398195], [106.73011834, 47.87402124], [106.73016242, 47.87405826], [106.73020032, 47.87409821], [106.73023281, 47.87414046], [106.73026203, 47.87418683], [106.73029118, 47.87424315], [106.73030382, 47.87427515], [106.73031496, 47.87431448], [106.73032777, 47.87440709], [106.73034261, 47.87446491], [106.73035653, 47.87450217], [106.73037559, 47.87454352], [106.73039276, 47.8745759], [106.7304105, 47.87460409], [106.73043048, 47.87463074], [106.73045525, 47.87465879], [106.73048493, 47.87468814], [106.73052249, 47.87472163], [106.7305716, 47.87476267], [106.73062091, 47.87480096], [106.73066671, 47.87483406], [106.73071291, 47.87486447], [106.73078957, 47.8749079], [106.73083292, 47.87492848], [106.73087505, 47.87494624], [106.73092712, 47.87496609], [106.73100011, 47.87499138], [106.73114816, 47.87503828], [106.73128637, 47.87507713], [106.73146809, 47.87512502], [106.73162671, 47.87516305], [106.73174885, 47.87518948], [106.73186253, 47.87520758], [106.73195892, 47.87521854], [106.73206201, 47.87522699], [106.73217084, 47.87523315], [106.73227963, 47.87523638], [106.73238578, 47.87523641], [106.73249446, 47.87523382], [106.73261982, 47.87522834], [106.73273609, 47.87522066], [106.73294025, 47.8752003], [106.73321864, 47.87516538], [106.73339358, 47.87514181], [106.73380452, 47.875082], [106.73415722, 47.87503447], [106.73441872, 47.87500195], [106.73457196, 47.87498601], [106.7346979, 47.87497585], [106.73483866, 47.87496791], [106.73499703, 47.87496251], [106.73511683, 47.87496077], [106.73522437, 47.87496165], [106.73530581, 47.87496448], [106.73542341, 47.87497134], [106.73576936, 47.87499471], [106.73608526, 47.87502094], [106.73619758, 47.87503158], [106.73644125, 47.87505956], [106.73654999, 47.87506943], [106.73665412, 47.8750761], [106.73679537, 47.87508161], [106.73693612, 47.87508328], [106.73705583, 47.87508099], [106.73715883, 47.87507508], [106.73724646, 47.87506712], [106.73734767, 47.87505534], [106.73742412, 47.87504362], [106.73748843, 47.87503104], [106.73756574, 47.87501232], [106.73763733, 47.87499134], [106.73770172, 47.87496877], [106.73776066, 47.87494354], [106.73782324, 47.87491135], [106.7379051, 47.87486371], [106.73805845, 47.8747699], [106.73816244, 47.87470126], [106.73823366, 47.87464975], [106.73830739, 47.87459101], [106.73838414, 47.87452472], [106.73843744, 47.87447396], [106.73847079, 47.87443814], [106.73849914, 47.87440349], [106.73852247, 47.87436904], [106.73854196, 47.87433392], [106.73856563, 47.87427988], [106.73861215, 47.87414653], [106.7386467, 47.87406083], [106.73871383, 47.8739047], [106.73880276, 47.87371095], [106.7388561, 47.87359867], [106.73890145, 47.87350878], [106.73897478, 47.87337177], [106.73904343, 47.87324928], [106.73912386, 47.87311733], [106.73918428, 47.87302633], [106.7392315, 47.8729632], [106.73926506, 47.87292327], [106.73929546, 47.87289267], [106.73933954, 47.87285427], [106.73938447, 47.87282059], [106.73943541, 47.8727885], [106.73949236, 47.87275852], [106.73955153, 47.87273249], [106.73961045, 47.87271143], [106.73966041, 47.87269744], [106.73971438, 47.87268639], [106.73977515, 47.87267767], [106.73986092, 47.87266896], [106.7399454, 47.87266302], [106.74002728, 47.87266056], [106.74011613, 47.87266138], [106.7401958, 47.87266532], [106.74026299, 47.87267143], [106.74034234, 47.87268155], [106.74043009, 47.87269516], [106.74057478, 47.87272009], [106.74069064, 47.87274256], [106.74078053, 47.87276346], [106.74086176, 47.8727866], [106.74093295, 47.87281181], [106.74101512, 47.87284632], [106.74114667, 47.87290676], [106.74144275, 47.87303846], [106.74155578, 47.87309255], [106.74164938, 47.87314132], [106.74173521, 47.87319075], [106.74181508, 47.87324176], [106.74190031, 47.87330109], [106.74199113, 47.87336946], [106.74209385, 47.87345222], [106.74220526, 47.87354754], [106.74229439, 47.87362889], [106.74237594, 47.87370905], [106.74243638, 47.87377204], [106.74248528, 47.87382642], [106.74254703, 47.8739014], [106.7425898, 47.87396623], [106.74263158, 47.87404743], [106.74267631, 47.87415212], [106.74270153, 47.87422145], [106.74272782, 47.87430639], [106.74277599, 47.87448206], [106.74284476, 47.87471776], [106.74288841, 47.87485309], [106.74292554, 47.87495229], [106.74298749, 47.87509592], [106.74305536, 47.87523557], [106.74311947, 47.87535401], [106.74318531, 47.8754716], [106.74323246, 47.87554925], [106.74328462, 47.87562725], [106.74334003, 47.87569601], [106.74341486, 47.87577425], [106.74349747, 47.87584928], [106.74355186, 47.87589555], [106.74359438, 47.87592906], [106.74366125, 47.87597617], [106.74369566, 47.87599653], [106.74373079, 47.87601444], [106.74376917, 47.87603158], [106.74381764, 47.87605064], [106.74392346, 47.87608729], [106.7440489, 47.87612656], [106.74415885, 47.87615605], [106.74428655, 47.87618589], [106.7443996, 47.87620871], [106.74451667, 47.87622842], [106.7446508, 47.87624807], [106.74483355, 47.87627211], [106.74504709, 47.87629686], [106.7453275, 47.87632479], [106.74561708, 47.87635162], [106.74591713, 47.87637701], [106.74617945, 47.87639709], [106.74644199, 47.87641491], [106.7470073, 47.87644711], [106.74718164, 47.87645977], [106.74735036, 47.87647505], [106.74764385, 47.87650727], [106.74782678, 47.8765297], [106.74797534, 47.87654982], [106.74808704, 47.87656569], [106.74815263, 47.87657675], [106.74828421, 47.8766056], [106.7483459, 47.87661656], [106.74839762, 47.87662323], [106.74846604, 47.87662797], [106.74852781, 47.87662913], [106.74858313, 47.87662658], [106.74863416, 47.87661948], [106.74868203, 47.87660829], [106.74874738, 47.87658789], [106.74885122, 47.87655044], [106.74902507, 47.87649432], [106.74928741, 47.8764044], [106.74938767, 47.87637409], [106.74947713, 47.8763514], [106.74960758, 47.87632457], [106.74974108, 47.87630199], [106.74987227, 47.87628463], [106.74999986, 47.87627258], [106.75014495, 47.87626515], [106.75028505, 47.87626499], [106.75036518, 47.87626746], [106.75045962, 47.87627235], [106.75055606, 47.87627897], [106.75064959, 47.87628722], [106.75082503, 47.87630777], [106.75101304, 47.87633602], [106.75121043, 47.87637145], [106.75139232, 47.87640966], [106.75152373, 47.87644099], [106.75165058, 47.87647441], [106.75176981, 47.87650892], [106.75188838, 47.87654665], [106.75200575, 47.87658736], [106.75213025, 47.87663414], [106.75224794, 47.87668161], [106.75237876, 47.87673758], [106.75249402, 47.87679011], [106.75260707, 47.87684608], [106.7526852, 47.87688692], [106.75290575, 47.87700726], [106.7530907, 47.87710099], [106.75324281, 47.87717507], [106.75343223, 47.87726448], [106.75374571, 47.87740782], [106.75393052, 47.87748851], [106.75415174, 47.8775802], [106.75440716, 47.87768228], [106.75481139, 47.87784104], [106.7550851, 47.87795148], [106.75529592, 47.87804036], [106.75549277, 47.87812805], [106.75566068, 47.87820793], [106.75584293, 47.87829971], [106.7563419, 47.87856357], [106.75652403, 47.87865768], [106.75666038, 47.87872546], [106.7567821, 47.87878328], [106.75692155, 47.8788458], [106.75706891, 47.87890936], [106.75725025, 47.87898481], [106.75745571, 47.87906698], [106.75764318, 47.87913685], [106.75786608, 47.87921276], [106.75808643, 47.87928211], [106.75824363, 47.87932594], [106.75833604, 47.87934882], [106.75844183, 47.87937287], [106.75853157, 47.87939187], [106.7585963, 47.87940393], [106.7586562, 47.87941336], [106.75871845, 47.87942094], [106.75878964, 47.87942641], [106.75886545, 47.87942908], [106.75894491, 47.87942925], [106.75906312, 47.87942655], [106.75918736, 47.87942145], [106.75927004, 47.87941634], [106.75937093, 47.87940767], [106.75947843, 47.87939592], [106.75959979, 47.87938001], [106.7597548, 47.87935661], [106.75989768, 47.87933291], [106.76007161, 47.87930188], [106.76021035, 47.87927596], [106.76033617, 47.87925056], [106.76045508, 47.87922484], [106.76056731, 47.87919849], [106.76075341, 47.87914957], [106.76092501, 47.87909728], [106.76111193, 47.87903249], [106.76128926, 47.87896362], [106.76144584, 47.87889581], [106.76159282, 47.87882501], [106.76168819, 47.87877617], [106.76178107, 47.87872624], [106.76186629, 47.87867823], [106.76193764, 47.87863539], [106.76200599, 47.87859103], [106.76206916, 47.87854603], [106.76212402, 47.87850261], [106.76217599, 47.87845634], [106.76222985, 47.87840217], [106.76227859, 47.87834749], [106.76232561, 47.87828905], [106.76237405, 47.87822245], [106.76242571, 47.87814075], [106.76246487, 47.87806354], [106.76250115, 47.87798356], [106.76259326, 47.87776101], [106.76263305, 47.87767514], [106.76268659, 47.87756676], [106.76271537, 47.87751316], [106.76274773, 47.87745913], [106.76277552, 47.87741882], [106.7628047, 47.87738187], [106.76284993, 47.87733142], [106.76290419, 47.87727712], [106.76296469, 47.87722104], [106.76302568, 47.87716897], [106.76313652, 47.87708448], [106.76326321, 47.87699263], [106.76339335, 47.87690312], [106.76348664, 47.87684176], [106.76352564, 47.87681921], [106.76356519, 47.87679899], [106.76360304, 47.87678193], [106.76364467, 47.87676578], [106.76374636, 47.87673299], [106.76389975, 47.87669135], [106.76398591, 47.87667058], [106.76410147, 47.87664686], [106.76430256, 47.87661129], [106.76438585, 47.8765952], [106.76457115, 47.8765553], [106.76474107, 47.87651563], [106.76482071, 47.87649497], [106.76488421, 47.876476], [106.76495851, 47.87645011], [106.76502734, 47.87642292], [106.76510039, 47.87638987], [106.76516183, 47.87635696], [106.76522601, 47.8763169], [106.76528703, 47.87627277], [106.76532169, 47.87624417], [106.76536153, 47.87620611], [106.76547851, 47.87608077], [106.76552267, 47.87603714], [106.76557597, 47.87599183], [106.76560876, 47.87596823], [106.76564486, 47.87594504], [106.76571383, 47.87590709], [106.76574222, 47.87589423], [106.76577571, 47.87588137], [106.76585251, 47.87585587], [106.76591724, 47.87583727], [106.76599212, 47.87581841], [106.76604105, 47.87580172], [106.76605858, 47.87579353], [106.76607848, 47.8757818], [106.76611503, 47.87575446], [106.76615005, 47.87572193], [106.76617638, 47.87569186], [106.76619611, 47.87566069], [106.76621378, 47.87562143], [106.76623147, 47.87556596], [106.76625505, 47.87547587], [106.76629246, 47.87534681], [106.76630907, 47.87527325], [106.76632125, 47.87519688], [106.76632882, 47.87512156], [106.76633032, 47.8750596], [106.76632894, 47.87502823], [106.76632459, 47.87500709], [106.76631779, 47.87499093], [106.76630252, 47.87496481], [106.76623711, 47.874876], [106.76621095, 47.87483373], [106.76619265, 47.87479166], [106.76618645, 47.87476798], [106.76618343, 47.87474578], [106.76618458, 47.8747111], [106.76619553, 47.87467331], [106.76621012, 47.87463726], [106.76623163, 47.8745948], [106.76625878, 47.87454914], [106.76627876, 47.874523], [106.76630442, 47.87449577], [106.76633355, 47.87446987], [106.76636721, 47.87444379], [106.76641182, 47.87441323], [106.76645434, 47.87438734], [106.76649215, 47.87436703], [106.76654223, 47.87434374], [106.76660175, 47.87431887], [106.7667475, 47.8742618], [106.76689683, 47.87420917], [106.76697762, 47.87418385], [106.76706034, 47.87416026], [106.76714313, 47.87413892], [106.76722887, 47.87411905], [106.76736109, 47.87409259], [106.76749661, 47.87407064], [106.76763062, 47.87405406], [106.76776239, 47.874043], [106.76789814, 47.87403675], [106.76803917, 47.87403493], [106.76822279, 47.87403802], [106.76837512, 47.87404461], [106.76846139, 47.87405088], [106.76854205, 47.87405909], [106.76862175, 47.87407013], [106.76868741, 47.87408226], [106.7687312, 47.87409228], [106.76879208, 47.87410852], [106.76897319, 47.87416448], [106.76910709, 47.87420036], [106.76923569, 47.87422994], [106.76935206, 47.87425481], [106.7694761, 47.87427914], [106.769583, 47.874298], [106.76973733, 47.87432146], [106.76991935, 47.87434424], [106.77009827, 47.87436333], [106.77058876, 47.87441208], [106.77073772, 47.8744259], [106.77086302, 47.87443436], [106.77097808, 47.87443798], [106.7710988, 47.87443711], [106.77125111, 47.87443097], [106.77146354, 47.87441699], [106.77162719, 47.8744027], [106.77179268, 47.87438344], [106.77201801, 47.87435053], [106.77226912, 47.87430685], [106.77255159, 47.87425256], [106.77296484, 47.87417131], [106.77325982, 47.87411027], [106.77346454, 47.87406561], [106.77367572, 47.87401479], [106.7739075, 47.8739545], [106.77408622, 47.87390403], [106.77426653, 47.87384738], [106.77445586, 47.87377999], [106.77464187, 47.87370659], [106.77472582, 47.87367039], [106.77480419, 47.87363408], [106.77488661, 47.8735921], [106.77496418, 47.87354781], [106.77517029, 47.8734194], [106.7754283, 47.87326463], [106.77557939, 47.87317749], [106.77566113, 47.87313427], [106.7757301, 47.87310124], [106.7758154, 47.87306465], [106.77590158, 47.8730315], [106.77603141, 47.87298662], [106.77614983, 47.87295121], [106.77626609, 47.87292227], [106.77637597, 47.87290073], [106.77649303, 47.87288395], [106.7766287, 47.87287055], [106.77679102, 47.87286017], [106.77695377, 47.87285449], [106.77703467, 47.87285385], [106.77711901, 47.87285508], [106.77719333, 47.87285807], [106.77727319, 47.87286318], [106.77735599, 47.87287041], [106.77743945, 47.87287964], [106.77751524, 47.87289027], [106.77758171, 47.87290185], [106.77765326, 47.87291681], [106.77772502, 47.87293436], [106.77779758, 47.87295456], [106.77786297, 47.87297544], [106.77791999, 47.87299617], [106.77797623, 47.87301948], [106.7780251, 47.87304283], [106.77807398, 47.87306931], [106.77813234, 47.87310484], [106.77820623, 47.87315437], [106.77826718, 47.87319901], [106.77831372, 47.87323694], [106.77838186, 47.87329811], [106.7785317, 47.87344422], [106.77873194, 47.87362888], [106.77885937, 47.87374926], [106.77896739, 47.87385651], [106.77906557, 47.87396133], [106.77913932, 47.87404975], [106.77924566, 47.87418775], [106.77930417, 47.87425659], [106.77935577, 47.87431258], [106.77940392, 47.87436073], [106.77947344, 47.87442349], [106.77952551, 47.8744618], [106.77958558, 47.87450015], [106.77963791, 47.87452787], [106.7796878, 47.87454852], [106.77975327, 47.87456896], [106.77984111, 47.87459024], [106.77993605, 47.87460929], [106.78002232, 47.87462229], [106.78011115, 47.87463217], [106.78020261, 47.87463975], [106.78028935, 47.87464413], [106.78036943, 47.87464533], [106.78044829, 47.87464436], [106.78054973, 47.87464089], [106.78085763, 47.8746258], [106.78095487, 47.87461959], [106.78105977, 47.87460963], [106.78112965, 47.87460641], [106.78120811, 47.87460723], [106.78128302, 47.87461089], [106.78145796, 47.87462255], [106.78154251, 47.87462574], [106.78161895, 47.87462492], [106.78168774, 47.87461975], [106.781763, 47.87460983], [106.78184235, 47.87459649], [106.78192659, 47.87457961], [106.78201776, 47.87455877], [106.78215208, 47.87452558], [106.78224481, 47.87449915], [106.78232498, 47.87447122], [106.78239328, 47.87444122], [106.78241593, 47.8744285], [106.78247099, 47.87439324], [106.78250451, 47.87437737], [106.78253086, 47.8743687], [106.78255969, 47.87435602], [106.78263136, 47.87431837], [106.78269657, 47.87428686], [106.78274329, 47.87426147], [106.78281101, 47.87422071], [106.78297508, 47.87411577], [106.78312665, 47.87402261], [106.78323393, 47.87396191], [106.78327656, 47.87393961], [106.78331705, 47.87392069], [106.78335572, 47.87390493], [106.78339743, 47.87389037], [106.78349316, 47.87386274], [106.78359903, 47.87383913], [106.78370209, 47.87382186], [106.78381294, 47.87380955], [106.78393674, 47.87380162], [106.78405609, 47.8737995], [106.78417722, 47.87380306], [106.78430555, 47.87380556], [106.78441538, 47.87381459], [106.78453055, 47.87382093], [106.7846444, 47.87383136], [106.7847569, 47.87384589], [106.78489862, 47.87386852], [106.78500919, 47.87389053], [106.78510483, 47.87391514], [106.78518723, 47.87394294], [106.78523144, 47.87396161], [106.78527571, 47.87398341], [106.7853204, 47.87400853], [106.78536615, 47.87403731], [106.78545737, 47.87410266], [106.78559988, 47.87421582], [106.78564933, 47.87425701], [106.78569796, 47.87430167], [106.7857463, 47.87435027], [106.7857953, 47.87440379], [106.78587947, 47.87450447], [106.78606372, 47.87473923], [106.78615528, 47.87484558], [106.78624306, 47.87494707], [106.7864341, 47.87518432], [106.78648243, 47.87524026], [106.78652822, 47.87528981], [106.7865891, 47.8753499], [106.78665019, 47.87540334], [106.78671271, 47.8754512], [106.78677733, 47.87549399], [106.78684468, 47.87553402], [106.78690853, 47.87556929], [106.78697024, 47.87560057], [106.78703036, 47.87562812], [106.78712175, 47.8756681], [106.78717614, 47.87568945], [106.78722842, 47.87570593], [106.78727712, 47.87571651], [106.78731289, 47.87572095], [106.78735385, 47.87572335], [106.78749061, 47.87572344], [106.78762462, 47.87572492], [106.78766659, 47.87572339], [106.78770375, 47.87572012], [106.78773696, 47.87571503], [106.78777335, 47.87570719], [106.78793036, 47.87566535], [106.788036, 47.87564142], [106.78809677, 47.87563201], [106.78814643, 47.8756289], [106.78820058, 47.87562896], [106.78825968, 47.8756322], [106.78832548, 47.87563869], [106.78838401, 47.87564775], [106.78844782, 47.87566193], [106.78851423, 47.8756801], [106.78863279, 47.87571589], [106.78869547, 47.87573585], [106.78876368, 47.87576022], [106.78899145, 47.87585019], [106.78908029, 47.87588313], [106.78930728, 47.87596144], [106.78946549, 47.87601035], [106.7895809, 47.87604261], [106.78966712, 47.87606496], [106.78974588, 47.87608303], [106.78981882, 47.87609708], [106.78992851, 47.8761154], [106.79000612, 47.87612586], [106.79007635, 47.8761318], [106.79013995, 47.87613306], [106.79018761, 47.8761307], [106.79024071, 47.87612512], [106.79041293, 47.87609806], [106.79053792, 47.8760757], [106.79081083, 47.87601773], [106.79092738, 47.8759978], [106.79111338, 47.87597298], [106.79118282, 47.87596618], [106.79124603, 47.87596208], [106.79129668, 47.87596073], [106.79134972, 47.8759612], [106.79146574, 47.87596771], [106.79156922, 47.87597801], [106.79187235, 47.8760138], [106.79226839, 47.87605348], [106.79258359, 47.87608947], [106.7928673, 47.87612741], [106.79312676, 47.87616843], [106.79336653, 47.87621074], [106.79355553, 47.87624706], [106.79372476, 47.87628336], [106.79387841, 47.87632065], [106.79402202, 47.87635967], [106.79416945, 47.87640341], [106.79432136, 47.87645206], [106.79447889, 47.87650598], [106.79459203, 47.87654755], [106.79471603, 47.8765964], [106.79511229, 47.87676252], [106.7954694, 47.87690973], [106.79557561, 47.87695623], [106.79566887, 47.87699977], [106.79574148, 47.87703617], [106.79581557, 47.8770758], [106.79597207, 47.87716689], [106.79611568, 47.87725728], [106.79644282, 47.87747074], [106.79660254, 47.8775693], [106.79737972, 47.87801829], [106.7977088, 47.87822032], [106.79778871, 47.87826723], [106.79786197, 47.87830793], [106.79799896, 47.87838117], [106.79809387, 47.8784296], [106.79818222, 47.87847134], [106.79826492, 47.87850658], [106.79835624, 47.87854095], [106.79845868, 47.8785752], [106.79857454, 47.87861024], [106.79872699, 47.87865306], [106.7988275, 47.87867956], [106.79893789, 47.87870642], [106.79921844, 47.87876833], [106.79935368, 47.87879412], [106.79969043, 47.87885018], [106.79978255, 47.87886849], [106.79986428, 47.87888759], [106.79994505, 47.87890886], [106.80001194, 47.8789244], [106.80008442, 47.87893808], [106.80016318, 47.87895003], [106.80024959, 47.87896046], [106.80041848, 47.87897535], [106.80083805, 47.87900348], [106.80095027, 47.87901437], [106.80104695, 47.87902709], [106.80114956, 47.87904582], [106.80123835, 47.87906863], [106.80127818, 47.87908172], [106.8013151, 47.87909598], [106.80134923, 47.87911146], [106.80138889, 47.87913889], [106.80143151, 47.87916214], [106.80146148, 47.87918585], [106.80149656, 47.87921986], [106.8015282, 47.87925746], [106.80155647, 47.8792987], [106.80158155, 47.87934381], [106.80160357, 47.87939302], [106.80162268, 47.8794467], [106.80164743, 47.87954195], [106.80166645, 47.87965389], [106.8016789, 47.87976414], [106.80170258, 47.88003282], [106.80172006, 47.88016557], [106.8017317, 47.88022773], [106.80174521, 47.88028486], [106.80176079, 47.88033782], [106.80177858, 47.88038707], [106.80181495, 47.88048915], [106.80182734, 47.88051627], [106.801841, 47.88053982], [106.80186513, 47.88057331], [106.80189332, 47.88060635], [106.80192506, 47.88063833], [106.80195972, 47.88066861], [106.80199533, 47.88069523], [106.80203724, 47.88072216], [106.80208622, 47.88074996], [106.80214643, 47.88078097], [106.80220991, 47.88080956], [106.8022845, 47.88083757], [106.80236298, 47.88086321], [106.80252806, 47.88091333], [106.80267622, 47.88095625], [106.80284516, 47.88099865], [106.80300683, 47.88103506], [106.80336302, 47.88111111], [106.80350724, 47.8811439], [106.80432835, 47.88133675], [106.80456412, 47.88139393], [106.80477457, 47.8814468], [106.80513278, 47.88153854], [106.80535115, 47.88159913], [106.80549246, 47.88164045], [106.8055749, 47.88166767], [106.80567127, 47.88170521], [106.80577489, 47.88175099], [106.80594939, 47.88184048], [106.80603829, 47.88187948], [106.80614938, 47.8819238], [106.80627844, 47.88197192], [106.80638363, 47.88200658], [106.80642519, 47.88201771], [106.80653444, 47.88204285], [106.80659118, 47.88206096], [106.80665936, 47.88209186], [106.80672206, 47.88212808], [106.80675435, 47.88215106], [106.80678646, 47.88217787], [106.80681902, 47.882209], [106.80685474, 47.88224704], [106.80688258, 47.88228151], [106.806909, 47.88232178], [106.80699122, 47.88247547], [106.80703818, 47.88256089], [106.80706415, 47.88260115], [106.80708956, 47.88263306], [106.80712102, 47.88266733], [106.80722413, 47.8827658], [106.80733832, 47.8828709], [106.80738371, 47.8829085], [106.80742733, 47.8829413], [106.80752447, 47.88300569], [106.80757237, 47.88303382], [106.80761997, 47.88305932], [106.80768512, 47.8830904], [106.80775608, 47.88312016], [106.80783283, 47.8831486], [106.80791538, 47.88317572], [106.80800212, 47.88320145], [106.8080763, 47.8832208], [106.80814485, 47.88323557], [106.80820919, 47.88324603], [106.80829382, 47.88325354], [106.80845818, 47.8832594], [106.80886153, 47.88327611], [106.80901013, 47.88327974], [106.80939491, 47.88328464], [106.80950706, 47.88328811], [106.80960767, 47.88329317], [106.80983343, 47.88330979], [106.81006321, 47.8833321], [106.81025176, 47.88335613], [106.81058809, 47.88340719], [106.81071775, 47.88342554], [106.81098255, 47.8834594], [106.81125395, 47.88349176], [106.81153253, 47.88352269], [106.81181908, 47.88355228], [106.81200197, 47.88356932], [106.81244914, 47.88360689], [106.81265288, 47.88362558], [106.81298972, 47.88365735], [106.81308905, 47.88366867], [106.81317755, 47.8836807], [106.81331488, 47.88370132], [106.81340467, 47.88371643], [106.81348538, 47.88373246], [106.81355702, 47.88374965], [106.81363587, 47.88377245], [106.81371904, 47.88380037], [106.81380844, 47.883834], [106.81391281, 47.88387661], [106.81401931, 47.88392272], [106.81409569, 47.88396019], [106.81415928, 47.88399603], [106.81421996, 47.88403426], [106.81427772, 47.88407486], [106.81433258, 47.88411785], [106.81592098, 47.8855108], [106.81794048, 47.88725761], [106.82029068, 47.88931278], [106.82226959, 47.89103328], [106.82433864, 47.89285088], [106.82639693, 47.89454764], [106.82815386, 47.89600722], [106.82821938, 47.8960587], [106.82828705, 47.89610865], [106.82835688, 47.89615708], [106.82842887, 47.89620398], [106.82854358, 47.89627262], [106.82867901, 47.89634652], [106.828732, 47.89637527], [106.82876222, 47.89638915], [106.82878667, 47.89639773], [106.82881533, 47.89640561], [106.82891607, 47.896427], [106.82900345, 47.89644525], [106.82914095, 47.89647104], [106.82928943, 47.8964972], [106.82945599, 47.8965236], [106.82962813, 47.89654908], [106.83001716, 47.8966036], [106.83033207, 47.89664947], [106.8305263, 47.89667607], [106.83074501, 47.89670534], [106.83087096, 47.8967182], [106.83097136, 47.89672436], [106.83110012, 47.8967292], [106.83129194, 47.89673444], [106.83135731, 47.89673396], [106.83141614, 47.89673148], [106.8315573, 47.89671824], [106.83163404, 47.89671456], [106.83168251, 47.89671624], [106.83170898, 47.89671986], [106.83173776, 47.89672576], [106.83181433, 47.89674711], [106.83185825, 47.89676194], [106.8319468, 47.89679628], [106.83212862, 47.89686329], [106.83223921, 47.89690151], [106.83235043, 47.89693612], [106.83247506, 47.89697131], [106.83261274, 47.89700723], [106.83282767, 47.89706062], [106.83300198, 47.89710474], [106.83310233, 47.89712583], [106.83316746, 47.89713592], [106.83324088, 47.89714455], [106.83347409, 47.89716386], [106.83359961, 47.89717452], [106.83367617, 47.89717894], [106.83378281, 47.8971825], [106.83385051, 47.89717982], [106.83390989, 47.89717274], [106.83395343, 47.89716353], [106.83398019, 47.89715454], [106.8340233, 47.89713677], [106.83409303, 47.89710635], [106.83417872, 47.89706468], [106.83422438, 47.89704748], [106.83425947, 47.89703775], [106.83429695, 47.89703245], [106.83436265, 47.89702877], [106.834448, 47.89702641], [106.83460777, 47.89702852], [106.83473264, 47.89703007], [106.83487192, 47.8970337], [106.83530466, 47.89705075], [106.83544674, 47.89705512], [106.83567649, 47.89705906], [106.83578325, 47.89705915], [106.83584553, 47.89705673], [106.83589682, 47.89705284], [106.83595316, 47.89704468], [106.83609967, 47.89701583], [106.83621756, 47.8969989], [106.8362963, 47.89699243], [106.83633423, 47.89699203], [106.8363767, 47.89699353], [106.83652097, 47.89700459], [106.83673523, 47.89701801], [106.83684776, 47.89702731], [106.83695425, 47.89704027], [106.83704826, 47.89705692], [106.83712511, 47.89707383], [106.83717991, 47.89708857], [106.83722615, 47.89710277], [106.83726182, 47.89711555], [106.83729097, 47.89712776], [106.83731562, 47.89714042], [106.83734979, 47.89716284], [106.83738435, 47.89719109], [106.83740992, 47.89721683], [106.83744009, 47.89725321], [106.83746662, 47.89728981], [106.83749664, 47.89733784], [106.83751494, 47.89737389], [106.83752523, 47.89738914], [106.83754707, 47.89741184], [106.83757015, 47.89742894], [106.83759548, 47.89744124], [106.83763466, 47.89745491], [106.83767705, 47.89746582], [106.83775603, 47.89747998], [106.83787039, 47.89749942], [106.83799548, 47.89751628], [106.83813438, 47.89753104], [106.83830388, 47.89754548], [106.83840789, 47.89755282], [106.8385049, 47.89755127], [106.83857648, 47.89754679], [106.83863169, 47.89754023], [106.83868727, 47.89752876], [106.83877767, 47.89750413], [106.83883309, 47.89748763], [106.83895985, 47.89744567], [106.83902264, 47.89742819], [106.83910313, 47.89740986], [106.83916552, 47.89739889], [106.83922379, 47.89739193], [106.83927893, 47.89738807], [106.83933705, 47.8973868], [106.83938604, 47.8973886], [106.83941985, 47.89739269], [106.83951395, 47.89740906], [106.83957564, 47.89741521], [106.83963142, 47.89741843], [106.83966721, 47.89741859], [106.83970704, 47.89741673], [106.83984106, 47.89740408], [106.83989185, 47.89740075], [106.84000338, 47.89739764], [106.84011595, 47.89739716], [106.84024672, 47.89739943], [106.8403505, 47.89740465], [106.84045644, 47.89741469], [106.84059245, 47.89743229], [106.84069322, 47.89744748], [106.84080788, 47.89746709], [106.84092897, 47.89748853], [106.84099998, 47.89750452], [106.84107732, 47.89752613], [106.8411286, 47.89754522], [106.84116711, 47.89756459], [106.84120713, 47.89758898], [106.84123047, 47.89760619], [106.84128638, 47.89765298], [106.8413222, 47.89768037], [106.84134476, 47.89769481], [106.84137721, 47.89771051], [106.84141612, 47.89772517], [106.84145763, 47.89773682], [106.841514, 47.89774836], [106.8415743, 47.8977568], [106.84168196, 47.89776592], [106.84191014, 47.89778252], [106.84199487, 47.89779202], [106.84207149, 47.89780244], [106.84219271, 47.897823], [106.84224513, 47.89782763], [106.84230341, 47.89783022], [106.84242383, 47.89782829], [106.84251688, 47.89782689], [106.84256758, 47.89782373], [106.84262178, 47.89781704], [106.84266745, 47.89780863], [106.8427025, 47.89779904], [106.84277998, 47.89777306], [106.84284768, 47.89775269], [106.84288933, 47.89774204], [106.84292953, 47.89773432], [106.84299246, 47.89772463], [106.84307895, 47.89771305], [106.8431891, 47.89770122], [106.84329064, 47.89769261], [106.84346617, 47.89768102], [106.84365316, 47.89766901], [106.84374791, 47.8976627], [106.84378805, 47.89766206], [106.84382329, 47.89766487], [106.84384273, 47.89766904], [106.84385877, 47.89767443], [106.84388014, 47.89768617], [106.84388941, 47.89768913], [106.84391199, 47.89768877], [106.84392969, 47.89768604], [106.84395434, 47.89767965], [106.84398659, 47.897669], [106.84400233, 47.89766825], [106.84402428, 47.89767008], [106.84406729, 47.89767952], [106.8441232, 47.89769888], [106.84416633, 47.89771169], [106.84419314, 47.8977166], [106.84421931, 47.89771928], [106.84424717, 47.89772004], [106.84426948, 47.89771847], [106.84428749, 47.89771475], [106.84431673, 47.8977059], [106.84437655, 47.8976848], [106.84441521, 47.89766875], [106.84444789, 47.89765315], [106.84447587, 47.89763775], [106.84448982, 47.89763222], [106.84450497, 47.89762893], [106.84452978, 47.89762651], [106.84456503, 47.89762492], [106.8446352, 47.89762651], [106.84474223, 47.89762408], [106.84479588, 47.8976273], [106.84484892, 47.89763658], [106.84491744, 47.89765742], [106.84500083, 47.89767296], [106.84507394, 47.89768563], [106.84511945, 47.89769131], [106.84517496, 47.89769473], [106.845225, 47.89769467], [106.84529757, 47.89768845], [106.84539242, 47.89767342], [106.84548011, 47.89766863], [106.84558553, 47.89766862], [106.84564015, 47.89767154], [106.84570129, 47.89767689], [106.84582488, 47.89769347], [106.84596941, 47.89771544], [106.84607486, 47.89773503], [106.8461457, 47.89775077], [106.84618018, 47.89775433], [106.84622622, 47.89775623], [106.8463065, 47.89775494], [106.8464394, 47.89775111], [106.84654244, 47.89775452], [106.84660953, 47.89775903], [106.84665826, 47.89776447], [106.84670866, 47.89777221], [106.84674165, 47.89778001], [106.84677336, 47.89779066], [106.84679511, 47.89780109], [106.84682092, 47.89782093], [106.84684188, 47.89784592], [106.84685258, 47.89786431], [106.8468611, 47.89787106], [106.84687827, 47.89788078], [106.84692677, 47.89790363], [106.84698867, 47.89793024], [106.84706178, 47.89795885], [106.84714598, 47.89798824], [106.84729797, 47.89803608], [106.84742883, 47.89807839], [106.84750358, 47.89810029], [106.84764031, 47.89813354], [106.84777686, 47.89816173], [106.84789806, 47.89818172], [106.84800671, 47.89820191], [106.84811824, 47.89823219], [106.84816137, 47.898245], [106.84821178, 47.89825094], [106.84827217, 47.89825503], [106.84834009, 47.898259], [106.84837587, 47.89826637], [106.84841356, 47.89827808], [106.84846458, 47.89830089], [106.84854957, 47.89834798], [106.84860429, 47.89838086], [106.84864026, 47.89839747], [106.84866881, 47.89840683], [106.84869588, 47.89841164], [106.84873268, 47.89841481], [106.8488163, 47.89841346], [106.84885346, 47.89841566], [106.8488801, 47.89841918], [106.84891118, 47.89842677], [106.84894438, 47.89843841], [106.84896857, 47.89844993], [106.84901264, 47.89847557], [106.84906385, 47.898504], [106.84910838, 47.89853254], [106.84913099, 47.89854481], [106.84914581, 47.89854995], [106.84916221, 47.89855189], [106.84918269, 47.8985516], [106.84920684, 47.89854832], [106.8492292, 47.89854185], [106.84924456, 47.89853471], [106.84925874, 47.89852562], [106.84926951, 47.89851543], [106.84928446, 47.89849595], [106.84929763, 47.89847689], [106.84933191, 47.89841866], [106.84934517, 47.89839887], [106.84935428, 47.89838904], [106.84937059, 47.89837772], [106.84939036, 47.8983682], [106.84941105, 47.89836234], [106.84945017, 47.89835598], [106.84952543, 47.89834568], [106.8496069, 47.89833995], [106.84967341, 47.89833923], [106.84975089, 47.89834214], [106.8498228, 47.89834784], [106.8499054, 47.89835765], [106.84997603, 47.89836855], [106.85005105, 47.89838294], [106.85013209, 47.8984011], [106.85022574, 47.89842451], [106.8503479, 47.8984589], [106.85047273, 47.8984993], [106.850586, 47.89853963], [106.85066612, 47.89857271], [106.85072042, 47.89859774], [106.85076513, 47.89862063], [106.85080185, 47.89864157], [106.85083331, 47.8986623], [106.85087042, 47.89868862], [106.85088843, 47.89870642], [106.85089973, 47.89872502], [106.85090652, 47.89874439], [106.85090693, 47.89876327], [106.85089857, 47.89880304], [106.85089027, 47.89885943], [106.85088518, 47.89892213], [106.85088382, 47.89896259], [106.85088548, 47.89899906], [106.85088933, 47.89903688], [106.85089442, 47.89906194], [106.85090489, 47.89909077], [106.85092358, 47.89912899], [106.85095625, 47.89918046], [106.85103265, 47.89927803], [106.85114817, 47.89942231], [106.8512014, 47.89949217], [106.85124023, 47.89954641], [106.85127159, 47.89959603], [106.85129691, 47.89963889], [106.85131095, 47.89966741], [106.85132584, 47.89971001], [106.85134164, 47.8997772], [106.85135483, 47.89984962], [106.85136829, 47.89996133], [106.85138293, 47.90012165], [106.8513859, 47.90020488], [106.85139045, 47.90023856], [106.85139706, 47.90025441], [106.85140471, 47.90026309], [106.85146444, 47.90032443], [106.85157057, 47.90044266], [106.85165707, 47.90054741], [106.85171034, 47.90067028], [106.85175827, 47.90076375], [106.85180205, 47.90086013], [106.85183403, 47.90095314], [106.85180499, 47.90102314], [106.85179367, 47.90103331], [106.85178034, 47.90105189], [106.85177161, 47.90107193], [106.85176923, 47.90108724], [106.85176979, 47.90111472], [106.85177108, 47.90115071], [106.85177617, 47.90116961], [106.85178598, 47.90119324], [106.8518006, 47.90121862], [106.85183546, 47.90126671], [106.85190958, 47.90136972], [106.85195187, 47.90143364], [106.85199332, 47.90150429], [106.85207714, 47.90166119], [106.85215763, 47.90180807], [106.85220567, 47.90188644], [106.85226209, 47.90196655], [106.85229504, 47.90201599], [106.85231491, 47.90203997], [106.852341, 47.90206286], [106.8523941, 47.90210172], [106.85250404, 47.90218097], [106.85261948, 47.90226038], [106.85269937, 47.90230836], [106.85276774, 47.90234264], [106.85286618, 47.90238669], [106.85297414, 47.90243105], [106.85313773, 47.90249259], [106.85324656, 47.90253356], [106.85331066, 47.90255507], [106.85338013, 47.90257559], [106.85342895, 47.90258692], [106.85347829, 47.90259417], [106.85354994, 47.90260072], [106.85361457, 47.90260474], [106.85369746, 47.90260734], [106.85378451, 47.90260819], [106.85389507, 47.9026109], [106.8539736, 47.90260862], [106.85400546, 47.90260912], [106.85404423, 47.90261105], [106.85406591, 47.9026149], [106.85408652, 47.90262259], [106.85410335, 47.9026323], [106.85411726, 47.90264583], [106.8541279, 47.90266341], [106.85413299, 47.90268191], [106.85413261, 47.9027016], [106.85412671, 47.90271913], [106.8541139, 47.90274016], [106.85407839, 47.90277675], [106.85406313, 47.90279582], [106.8540561, 47.90280861], [106.85405329, 47.90282331], [106.85405412, 47.90284691], [106.85405867, 47.9028806], [106.85406778, 47.90289833], [106.85408345, 47.90291846], [106.854102, 47.90293654], [106.85412488, 47.9029538], [106.85416065, 47.90297342], [106.85420996, 47.90299294], [106.8542556, 47.90300606], [106.85432474, 47.90302034], [106.85437515, 47.90302916], [106.85442789, 47.90303641], [106.85453988, 47.90304613], [106.85460747, 47.90304936], [106.85465378, 47.90304879], [106.8546869, 47.90304612], [106.85472714, 47.90304085], [106.85479364, 47.90302853], [106.854826, 47.9030195], [106.85486978, 47.90300479], [106.8549075, 47.90299097], [106.854926, 47.90298587], [106.85494875, 47.90298245], [106.85497602, 47.90298056], [106.85501142, 47.90298183], [106.85507678, 47.90299019], [106.85515892, 47.90300076], [106.85531566, 47.90302459], [106.85540752, 47.90303712], [106.85545362, 47.90304487], [106.85554368, 47.90306603], [106.85564966, 47.90309797], [106.85571665, 47.9031216], [106.85581591, 47.90316055], [106.8559824, 47.90322988], [106.85610133, 47.90327972], [106.85616425, 47.903306], [106.85619979, 47.90331864], [106.85625578, 47.90333459], [106.85629769, 47.90334182], [106.85632723, 47.90334353], [106.85635799, 47.9033431], [106.85638673, 47.90334006], [106.85644122, 47.9033305], [106.85657099, 47.90330878], [106.85670731, 47.90328343], [106.85687345, 47.90324923], [106.85697253, 47.90323094], [106.85703648, 47.90322184], [106.85708813, 47.90321733], [106.8571667, 47.90321298], [106.85722314, 47.90320933], [106.8572536, 47.90320932], [106.85728803, 47.90321312], [106.85734449, 47.90322361], [106.85742895, 47.90324085], [106.85749974, 47.90325936], [106.85753562, 47.90327127], [106.8576252, 47.90330459], [106.8577082, 47.90333273], [106.85776062, 47.90334741], [106.85780687, 47.90335631], [106.85791547, 47.90337192], [106.85801306, 47.90338859], [106.85807048, 47.90340092], [106.85814131, 47.90342029], [106.85819571, 47.9034394], [106.85825014, 47.903464], [106.85829457, 47.90348957], [106.85832369, 47.9035114], [106.85836357, 47.90354697], [106.85841223, 47.9035922], [106.85843999, 47.90362451], [106.85845434, 47.90364746], [106.85847219, 47.9036825], [106.8584977, 47.90374061], [106.85850959, 47.90376407], [106.85851906, 47.90377628], [106.85853302, 47.90378698], [106.85855674, 47.90380042], [106.85858065, 47.90381113], [106.85861, 47.9038203], [106.85864356, 47.90382859], [106.8587257, 47.90384495], [106.8588408, 47.9038738], [106.85891816, 47.90389135], [106.85899398, 47.90390591], [106.85912702, 47.90392848], [106.85931492, 47.90396022], [106.85945361, 47.90398171], [106.85960472, 47.90400396], [106.85969576, 47.9040138], [106.85975242, 47.90401837], [106.85978632, 47.90401909], [106.85986637, 47.90401104], [106.85991572, 47.90400874], [106.85995, 47.90400968], [106.85999421, 47.90401678], [106.86006136, 47.90403489], [106.86011527, 47.90405109], [106.86016636, 47.9040692], [106.86022959, 47.90409608], [106.86029231, 47.90412792], [106.86035515, 47.90416458], [106.86039852, 47.90419597], [106.86042556, 47.90422205], [106.86046817, 47.90427137], [106.86049312, 47.90430214], [106.86050658, 47.90431576], [106.86052866, 47.90433291], [106.86055119, 47.90434655], [106.86058042, 47.90435848], [106.86063588, 47.90437444], [106.86071131, 47.90439415], [106.86083503, 47.90442072], [106.86092325, 47.9044395], [106.86098001, 47.90444988], [106.8610701, 47.90446185], [106.86117827, 47.90447143], [106.86125354, 47.90447511], [106.86142288, 47.90447871], [106.86154893, 47.90448257], [106.86161731, 47.90448681], [106.86167979, 47.90449385], [106.86179893, 47.90451088], [106.86207478, 47.90454917], [106.86218909, 47.90456307], [106.86227631, 47.9045684], [106.86232123, 47.90456773], [106.8623699, 47.90456463], [106.86243656, 47.9045568], [106.8624732, 47.90455821], [106.86252052, 47.90456444], [106.86254537, 47.90456966], [106.8626023, 47.90458602], [106.86262862, 47.90459195], [106.86267054, 47.90459805], [106.86271266, 47.90460184], [106.86275308, 47.90460351], [106.86278633, 47.90460289], [106.86282108, 47.90459949], [106.86286295, 47.90459265], [106.86290397, 47.90458391], [106.86294292, 47.90457333], [106.86297907, 47.90456113], [106.86301196, 47.90454746], [106.86303189, 47.90453629], [106.86307562, 47.90450606], [106.86310043, 47.90449426], [106.86312749, 47.90448668], [106.8631635, 47.90447973], [106.86320916, 47.90447509], [106.86329381, 47.90447312], [106.86340226, 47.90446962], [106.86347446, 47.90447019], [106.86355492, 47.90447446], [106.86361545, 47.9044814], [106.86367888, 47.9044925], [106.86372004, 47.90450446], [106.86374509, 47.90451675], [106.86379868, 47.90455045], [106.86385194, 47.90457866], [106.8638907, 47.90459622], [106.86393709, 47.90461238], [106.86400916, 47.90463256], [106.86410472, 47.90465573], [106.8642217, 47.90467862], [106.86431406, 47.90469399], [106.8643967, 47.90470504], [106.86451293, 47.90471535], [106.86464499, 47.90472126], [106.86474854, 47.90472229], [106.86486252, 47.90471998], [106.86503623, 47.90471041], [106.86520914, 47.90470307], [106.86531716, 47.90470359], [106.86537205, 47.90470701], [106.86548165, 47.90471667], [106.86566963, 47.90473162], [106.8657462, 47.90474077], [106.8658166, 47.90475096], [106.86588162, 47.90476211], [106.8659423, 47.90477446], [106.86599975, 47.90478825], [106.86606088, 47.90480507], [106.86620615, 47.90485119], [106.8663057, 47.90488665], [106.86641313, 47.90492885], [106.86656276, 47.90499394], [106.86669445, 47.90505332], [106.86676337, 47.90508071], [106.86683659, 47.90510464], [106.86692581, 47.90512983], [106.86702084, 47.90515126], [106.86705749, 47.90516145], [106.86710584, 47.90517898], [106.86714919, 47.90519822], [106.8671839, 47.90521616], [106.86720728, 47.90523104], [106.86722966, 47.90525048], [106.86725589, 47.90527976], [106.86729113, 47.90532871], [106.86733427, 47.90541128], [106.86735775, 47.90544294], [106.86737978, 47.90546681], [106.86739894, 47.905483], [106.86742277, 47.90549954], [106.86749628, 47.90554144], [106.86755434, 47.90557148], [106.86760527, 47.90559368], [106.86766798, 47.90561506], [106.86774063, 47.90563424], [106.86778687, 47.90564339], [106.86788545, 47.90565889], [106.86801346, 47.90568157], [106.86814841, 47.90571088], [106.86830727, 47.90575331], [106.86836249, 47.905769], [106.86839171, 47.90577444], [106.86841349, 47.90577594], [106.86845201, 47.90577571], [106.86850888, 47.90577479], [106.86858877, 47.90576223], [106.86863793, 47.90576042], [106.86868587, 47.9057629], [106.86872088, 47.9057681], [106.86877349, 47.90577948], [106.8688404, 47.9057956], [106.8688918, 47.90581132], [106.86896996, 47.90584381], [106.86901077, 47.90585504], [106.86905098, 47.90586274], [106.8690888, 47.90586619], [106.86915827, 47.90586775], [106.86927434, 47.90587049], [106.86937508, 47.90587035], [106.86946736, 47.90586732], [106.86955303, 47.90586132], [106.86964973, 47.90585074], [106.86977269, 47.90582623], [106.86983335, 47.90581749], [106.86987934, 47.90581324], [106.86994208, 47.90581089], [106.86998648, 47.90581375], [106.87002011, 47.90581991], [106.87005061, 47.90582846], [106.87007507, 47.90583913], [106.87012567, 47.90586775], [106.87016624, 47.90588845], [106.87019036, 47.90589821], [106.87021933, 47.90590591], [106.87025784, 47.90591286], [106.87029976, 47.90591741], [106.87036187, 47.90592017], [106.8704304, 47.9059202], [106.87055582, 47.90591476], [106.87069737, 47.90590943], [106.87079311, 47.90590414], [106.87090632, 47.90589587], [106.87098331, 47.90588753], [106.87111639, 47.90586511], [106.87127788, 47.90583404], [106.87149852, 47.90578686], [106.87165714, 47.90575065], [106.8719997, 47.9056684], [106.87235387, 47.90558859], [106.87252087, 47.90554737], [106.87263933, 47.90551619], [106.87273348, 47.90548968], [106.87280852, 47.90546702], [106.87287534, 47.9054448], [106.87293707, 47.90542182], [106.87307999, 47.90536494], [106.87332772, 47.90527312], [106.87376355, 47.9051062], [106.87401609, 47.90500727], [106.87419586, 47.90493485], [106.8744238, 47.90484283], [106.87455409, 47.90478779], [106.87466713, 47.90473731], [106.87476607, 47.90468921], [106.87485477, 47.90464275], [106.87494298, 47.90458279], [106.87498201, 47.90456112], [106.87503168, 47.90453632], [106.87509881, 47.90450553], [106.87515693, 47.90448251], [106.87525624, 47.90445163], [106.87532584, 47.90443249], [106.87536672, 47.90442456], [106.87540237, 47.90441998], [106.87548266, 47.90441867], [106.87559297, 47.90441462], [106.87566967, 47.90440661], [106.87571593, 47.90439748], [106.87580243, 47.90437519], [106.87603649, 47.90431805], [106.8761838, 47.90427667], [106.87634402, 47.90422072], [106.87639873, 47.90420339], [106.87648824, 47.90417942], [106.8766409, 47.90414316], [106.87682702, 47.90410636], [106.87703663, 47.90407142], [106.87723311, 47.90404345], [106.87731299, 47.90403089], [106.87734737, 47.90402709], [106.87736292, 47.90402332], [106.87737788, 47.90401572], [106.87739564, 47.90400253], [106.87742461, 47.90397055], [106.87746011, 47.90393396], [106.87748669, 47.90391304], [106.87751233, 47.90389709], [106.87753836, 47.90388536], [106.87758495, 47.90386889], [106.87763908, 47.90385073], [106.87769385, 47.90383463], [106.87774883, 47.9038207], [106.8778037, 47.90380905], [106.87787138, 47.90379769], [106.87794355, 47.90378875], [106.87802027, 47.90378246], [106.87809719, 47.90377949], [106.87816314, 47.90378044], [106.87829831, 47.90378745], [106.87846925, 47.90379366], [106.8785534, 47.9037945], [106.87861652, 47.9037935], [106.87875678, 47.90378445], [106.8790572, 47.90376153], [106.87921486, 47.90374679], [106.87935403, 47.90373191], [106.87945447, 47.903719], [106.87967471, 47.90368718], [106.87976705, 47.90367563], [106.8799378, 47.90365723], [106.88005393, 47.90364843], [106.88012279, 47.90364469], [106.88016424, 47.90364437], [106.88020959, 47.9036469], [106.88025489, 47.90365189], [106.8803324, 47.90366637], [106.8804472, 47.90369375], [106.8805212, 47.90370379], [106.8805961, 47.90370954], [106.88068039, 47.90371043], [106.88076043, 47.90370768], [106.88094162, 47.90369772], [106.88102299, 47.90369557], [106.8811909, 47.90369461], [106.88129412, 47.90369563], [106.88143152, 47.90370013], [106.88155227, 47.90370715], [106.88166242, 47.90371197], [106.88172982, 47.90371099], [106.88178301, 47.90370667], [106.88182985, 47.90370035], [106.88187318, 47.90369152], [106.88193273, 47.90367616], [106.88200266, 47.903656], [106.88206181, 47.90363578], [106.88212368, 47.90361028], [106.88218697, 47.90357971], [106.88223609, 47.90355307], [106.8822755, 47.90352874], [106.88231879, 47.90349729], [106.88236011, 47.90346209], [106.88241494, 47.90340492], [106.88244072, 47.90337749], [106.88247001, 47.9033545], [106.88249168, 47.90334125], [106.88251595, 47.90332899], [106.88255433, 47.9033152], [106.88263189, 47.90329558], [106.88275052, 47.90326488], [106.88291721, 47.90322563], [106.88315708, 47.90317263], [106.88337232, 47.90313038], [106.88356477, 47.90309599], [106.8837043, 47.90307348], [106.88383136, 47.90305632], [106.88394827, 47.90304441], [106.88402505, 47.90303865], [106.88406394, 47.90303891], [106.88411553, 47.90304166], [106.88425334, 47.90305741], [106.88445173, 47.90307514], [106.88453493, 47.90308019], [106.88461242, 47.90308302], [106.88474992, 47.90308372], [106.88484109, 47.90308835], [106.88491104, 47.90309332], [106.88510868, 47.90310639], [106.88528288, 47.90312061], [106.88539483, 47.90313432], [106.88552001, 47.90315674], [106.88559647, 47.90317384], [106.8856483, 47.90318115], [106.88568817, 47.90318303], [106.88573023, 47.90318185], [106.88576654, 47.90317901], [106.88579064, 47.90317473], [106.88581713, 47.90316617], [106.88583848, 47.90315559], [106.88584873, 47.90314745], [106.88587071, 47.90312447], [106.88589389, 47.90310669], [106.88592395, 47.90308688], [106.88595975, 47.90306562], [106.88598938, 47.90305113], [106.88602307, 47.90303853], [106.88606132, 47.90302751], [106.88613364, 47.90301408], [106.88618978, 47.90300534], [106.88623323, 47.90300021], [106.88628123, 47.90299677], [106.88635435, 47.90299414], [106.88646954, 47.90299225], [106.88651859, 47.90298835], [106.88656929, 47.90298245], [106.88666275, 47.90296663], [106.88671378, 47.90295568], [106.88686726, 47.9029184], [106.88695999, 47.90290042], [106.88704139, 47.90288684], [106.88713493, 47.90287307], [106.8872167, 47.90286968], [106.88730765, 47.90286819], [106.8873654, 47.90287132], [106.88739146, 47.90287597], [106.88741738, 47.9028827], [106.88744656, 47.90289255], [106.88746662, 47.90290229], [106.88749162, 47.90292227], [106.88751676, 47.90294634], [106.88755077, 47.90296413], [106.88758161, 47.90297791], [106.88760238, 47.90298233], [106.88763344, 47.90298521], [106.88766206, 47.90298588], [106.88770316, 47.90298407], [106.88773905, 47.90298186], [106.88776062, 47.90297904], [106.88778757, 47.90297266], [106.88782065, 47.90296174], [106.88786296, 47.90294296], [106.88792187, 47.90290908], [106.88797119, 47.90287926], [106.88800187, 47.90285677], [106.8880341, 47.90282565], [106.88805148, 47.90280292], [106.88806526, 47.90279071], [106.88808098, 47.90278], [106.88809927, 47.90277092], [106.88812578, 47.90276091], [106.88816145, 47.9027513], [106.88823114, 47.90273878], [106.8883592, 47.9027152], [106.88847233, 47.9026981], [106.88852266, 47.90269102], [106.88855085, 47.90268865], [106.88858188, 47.90268874], [106.88862679, 47.90269148], [106.88869681, 47.90269848], [106.88877571, 47.90269922], [106.88883449, 47.90270113], [106.88886369, 47.90269982], [106.8888876, 47.90269627], [106.88892092, 47.90268868], [106.88895552, 47.90267926], [106.88901992, 47.90265849], [106.88917586, 47.90260901], [106.88925977, 47.90258112], [106.88930223, 47.90257081], [106.8893621, 47.90255903], [106.88942685, 47.90254811], [106.88949785, 47.90253844], [106.88964236, 47.90252525], [106.88983759, 47.90250924], [106.88994326, 47.90249835], [106.8900356, 47.902495], [106.89012006, 47.9024991], [106.89016339, 47.90250366], [106.89019384, 47.90250886], [106.89022434, 47.90251776], [106.89028752, 47.90254206], [106.89035083, 47.90256296], [106.89046347, 47.90259402], [106.89055973, 47.90262353], [106.89062278, 47.90263712], [106.89066204, 47.90264209], [106.89070465, 47.90264491], [106.89074493, 47.90264488], [106.8908133, 47.9026413], [106.89095166, 47.9026317], [106.89122726, 47.90261954], [106.891705, 47.9025946], [106.89227273, 47.90256746], [106.89256273, 47.90254877], [106.89286981, 47.90251902], [106.89298921, 47.90251004], [106.89315886, 47.90250484], [106.89322097, 47.90250134], [106.89328458, 47.90249509], [106.89339792, 47.90248135], [106.89370834, 47.90244209], [106.89380357, 47.90243029], [106.89385267, 47.90242264], [106.89391835, 47.90240903], [106.89398932, 47.90239113], [106.89403981, 47.90237587], [106.89415415, 47.9023372], [106.8942884, 47.9022962], [106.89445908, 47.90224683], [106.8946162, 47.9022021], [106.89471398, 47.90217679], [106.89491187, 47.90213451], [106.89505939, 47.90210282], [106.89514945, 47.9020867], [106.89519268, 47.90208168], [106.89522175, 47.90208063], [106.89525279, 47.9020826], [106.89528, 47.90208698], [106.89530207, 47.90209385], [106.89534621, 47.90211271], [106.89539544, 47.90213203], [106.89542338, 47.90214069], [106.89545063, 47.90214691], [106.89547085, 47.90214967], [106.8954914, 47.90215026], [106.89551071, 47.90214901], [106.89552925, 47.90214591], [106.89554669, 47.9021411], [106.89556363, 47.90213422], [106.89560723, 47.90211084], [106.89566096, 47.90209288], [106.89569873, 47.90208294], [106.89572928, 47.90207712], [106.89577342, 47.90207392], [106.89584163, 47.90207527], [106.89590268, 47.9020786], [106.89596891, 47.90208536], [106.89602673, 47.90209351], [106.89607834, 47.90210306], [106.89614634, 47.90212044], [106.89624329, 47.90215154], [106.89629247, 47.90216906], [106.89640264, 47.90221263], [106.89645288, 47.90223098], [106.8965355, 47.90225708], [106.8967095, 47.9023072], [106.89686348, 47.90235342], [106.89698795, 47.90238551], [106.89707076, 47.90240981], [106.89712735, 47.90242953], [106.89718843, 47.90245602], [106.8972565, 47.90249079], [106.89729506, 47.9025137], [106.89740503, 47.90258587], [106.89744244, 47.90260899], [106.89746426, 47.90261903], [106.89749223, 47.90262611], [106.89753727, 47.90263245], [106.89757026, 47.90263508], [106.897668, 47.9026376], [106.89774084, 47.90264615], [106.89781765, 47.90266439], [106.89785047, 47.90266874], [106.89787953, 47.90267068], [106.89791631, 47.90267034], [106.8979483, 47.90266711], [106.89796628, 47.90266279], [106.89800986, 47.90264665], [106.89803076, 47.90264136], [106.89806435, 47.90263797], [106.89810315, 47.90263772], [106.89813992, 47.90264049], [106.89817598, 47.90264627], [106.89821162, 47.90265662], [106.89827888, 47.90268358], [106.89837203, 47.90271934], [106.89841855, 47.90273492], [106.89846228, 47.90274848], [106.89848812, 47.90275327], [106.8985144, 47.90275427], [106.89853886, 47.90275244], [106.89856057, 47.90274733], [106.89859622, 47.90273442], [106.89863093, 47.90272064], [106.89870687, 47.90268626], [106.89875065, 47.90266608], [106.89877474, 47.90265832], [106.89879756, 47.90265449], [106.89882168, 47.90265266], [106.89885386, 47.90265478], [106.89891281, 47.90266579], [106.89897346, 47.90267711], [106.89904006, 47.90269232], [106.89927506, 47.90275489], [106.89942253, 47.90279069], [106.89949836, 47.90281215], [106.89957661, 47.9028403], [106.8997412, 47.9029081], [106.8998368, 47.90294665], [106.8998883, 47.90296419], [106.8999379, 47.9029764], [106.90004909, 47.9029981], [106.90017839, 47.90302333], [106.90025044, 47.90303961], [106.90030738, 47.90305467], [106.90035636, 47.90307104], [106.90041895, 47.90309683], [106.90044851, 47.90311184], [106.90047076, 47.90312523], [106.9004947, 47.90314455], [106.9005346, 47.90318513], [106.90058998, 47.9032421], [106.90061736, 47.90326666], [106.90065681, 47.90329519], [106.90071399, 47.9033309], [106.90081761, 47.9033877], [106.90090991, 47.9034325], [106.90095785, 47.90345166], [106.90101366, 47.90347043], [106.90107526, 47.90348908], [106.9012217, 47.90352975], [106.90137569, 47.90357596], [106.90147248, 47.903602], [106.90151493, 47.90361511], [106.90155527, 47.9036303], [106.90162534, 47.90365961], [106.901769, 47.90372063], [106.90186299, 47.90375567], [106.90194165, 47.90378116], [106.90201955, 47.90380089], [106.90219757, 47.90383788], [106.90238781, 47.90388349], [106.90249742, 47.90390606], [106.90258122, 47.90391686], [106.90270136, 47.9039295], [106.90278851, 47.90393293], [106.90283342, 47.90393764], [106.90287231, 47.90394373], [106.90292636, 47.90395741], [106.90301535, 47.90398769], [106.90307626, 47.90400926], [106.90321019, 47.90406005], [106.9033131, 47.90409736], [106.90343403, 47.90413193], [106.90353322, 47.90416686], [106.90360642, 47.90418515], [106.90369058, 47.9042057], [106.90379286, 47.90422595], [106.90382764, 47.9042364], [106.90387728, 47.90425381], [106.90393405, 47.90427604], [106.90405039, 47.90432652], [106.90422994, 47.90439861], [106.9043081, 47.90443197], [106.90438992, 47.90447106], [106.90459994, 47.90457831], [106.9047116, 47.90463213], [106.90478075, 47.90466309], [106.90484976, 47.90469095], [106.90493157, 47.90472154], [106.90501127, 47.90474978], [106.90507479, 47.90477037], [106.90514803, 47.90479101], [106.90525787, 47.90481854], [106.90538252, 47.90484889], [106.90546633, 47.90486628], [106.90561219, 47.90488824], [106.90571093, 47.90491099], [106.90578395, 47.90492441], [106.90582132, 47.9049273], [106.90586386, 47.90492796], [106.90592901, 47.90492444], [106.90597477, 47.90492114], [106.90599778, 47.90492086], [106.90604144, 47.90492501], [106.90608502, 47.90492672], [106.90610766, 47.90492479], [106.90612833, 47.90492113], [106.90614913, 47.90491496], [106.90617129, 47.90490578], [106.90618683, 47.90489662], [106.90622784, 47.90486583], [106.90625924, 47.90484967], [106.90628847, 47.904838], [106.90632163, 47.90482868], [106.90635679, 47.90482224], [106.90639223, 47.90481887], [106.90642556, 47.90481866], [106.90646169, 47.9048233], [106.90652784, 47.9048389], [106.90661276, 47.90485834], [106.90672542, 47.90488683], [106.90686645, 47.90492529], [106.90704059, 47.90497669], [106.90719502, 47.9050228], [106.90728273, 47.90505313], [106.9074043, 47.90510475], [106.90746239, 47.90512481], [106.90763177, 47.90517656], [106.90769798, 47.90520033], [106.90779357, 47.90523727], [106.90790562, 47.90528215], [106.90797773, 47.90531467], [106.90803172, 47.90534121], [106.90806279, 47.90535959], [106.90809158, 47.90537995], [106.90810762, 47.90539541], [106.9081231, 47.90542198], [106.90813912, 47.90546317], [106.90814251, 47.90548286], [106.9081449, 47.90552159], [106.9081513, 47.90559707], [106.90816007, 47.90563838], [106.90817068, 47.90566256], [106.90818343, 47.90568188], [106.90820445, 47.90570249], [106.90823578, 47.9057249], [106.9082701, 47.90574327], [106.908328, 47.90576725], [106.90837282, 47.90578282], [106.9083905, 47.9057906], [106.90840776, 47.90580128], [106.90843145, 47.90581918], [106.90849149, 47.90587426], [106.90853561, 47.9059103], [106.9085923, 47.90595305], [106.90866676, 47.90600545], [106.90874104, 47.90605299], [106.9087942, 47.90608227], [106.90885934, 47.90611441], [106.90898463, 47.90616841], [106.90913175, 47.90622449], [106.90922732, 47.90625947], [106.90935923, 47.90629629], [106.9096119, 47.9063628], [106.90984256, 47.90642236], [106.91020839, 47.90650893], [106.91046088, 47.90657056], [106.9107208, 47.90663695], [106.91083423, 47.90666432], [106.91088623, 47.90667342], [106.9109473, 47.90668194], [106.91101573, 47.90668943], [106.91108193, 47.90669433], [106.91114377, 47.9066965], [106.91122346, 47.90669685], [106.911301, 47.90669479], [106.91148414, 47.9066852], [106.91163638, 47.90667981], [106.91173049, 47.90667865], [106.91179486, 47.90667896], [106.91183392, 47.90668059], [106.91194566, 47.90669498], [106.9120178, 47.90670069], [106.91211212, 47.90670156], [106.91216879, 47.90669919], [106.91221342, 47.90669499], [106.91240537, 47.90666819], [106.91305555, 47.90816667], [106.91609057, 47.90807056], [106.91636166, 47.90806662], [106.91662172, 47.90806926], [106.91838098, 47.90812028], [106.92006218, 47.90816908], [106.92246667, 47.90823371], [106.92310176, 47.90825454], [106.92347627, 47.90825875], [106.92569059, 47.9082426]]]}, "geometry_name": "geom", "properties": {"guid": 124751, "id": 124751, "object_no": "17", "object_name": "Хан-Уул", "layer_type_id": 252, "valid_to": null, "address_no": null, "border_type": "solid", "border_width": null, "border_color": "#cc6666", "border_opacity": null, "border_wellknown": "shape://horizline", "fill_type": "color", "fill_color": "#bcbcbc", "fill_opacity": 0, "fill_wellknown": null, "fill_shape_color": null, "fill_shape_width": null, "fill_shape_size": null, "fill_img_url": null, "marker_img_url": null}},{"type": "Feature", "id": "layer_data_map.fid--27e80436_1a098b908f8_-5b3e", "geometry": {"type": "Polygon", "coordinates": [[[106.58975, 48.24536111], [106.61197222, 48.23216667], [106.65844445, 48.23755556], [106.67694444, 48.23166667], [106.74511111, 48.22783333], [106.76333333, 48.22563889], [106.82433333, 48.21613889], [106.87522222, 48.18536111], [106.87008333, 48.17272222], [106.86725, 48.14266667], [106.859, 48.13266667], [106.83127778, 48.10430555], [106.84186111, 48.07963889], [106.84358333, 48.06758333], [106.86325, 48.02263889], [106.85627778, 47.98358333], [106.85754081, 47.9825121], [106.863535, 47.97262577], [106.86357331, 47.97240245], [106.8636551, 47.97240006], [106.86505556, 47.97008333], [106.86771665, 47.96443075], [106.86178221, 47.95593945], [106.86229261, 47.95520057], [106.86243533, 47.95497266], [106.86256993, 47.95474547], [106.8625299, 47.95451886], [106.86265762, 47.95415864], [106.86264311, 47.95400122], [106.86259738, 47.95373795], [106.86220014, 47.95325241], [106.86219417, 47.95307345], [106.86230198, 47.95293892], [106.86241584, 47.95279517], [106.86278904, 47.95242251], [106.86074286, 47.95033494], [106.86195743, 47.94974921], [106.86314838, 47.94915195], [106.86368376, 47.94883786], [106.86426197, 47.94854042], [106.86568617, 47.94778617], [106.87405556, 47.94394444], [106.87405413, 47.94393657], [106.87094419, 47.94196508], [106.87048268, 47.94222656], [106.87015758, 47.94236744], [106.86987159, 47.94245823], [106.86929287, 47.94282856], [106.86920165, 47.94286491], [106.86898834, 47.94291145], [106.86850119, 47.94308933], [106.86789755, 47.94315347], [106.86776812, 47.94313917], [106.86769039, 47.94314161], [106.86765291, 47.94314595], [106.86757307, 47.94311443], [106.86718249, 47.94313078], [106.86670582, 47.94335422], [106.86627444, 47.94359549], [106.86579001, 47.94378048], [106.86475228, 47.94397102], [106.86456334, 47.94407609], [106.86370336, 47.94434145], [106.86332457, 47.94439045], [106.86296011, 47.94436494], [106.86266667, 47.94436111], [106.86245503, 47.94423149], [106.86076983, 47.9441518], [106.86078424, 47.94330548], [106.86110095, 47.94131391], [106.86054077, 47.94082136], [106.8597398, 47.93972072], [106.85977999, 47.93876029], [106.85952656, 47.93821595], [106.85929248, 47.93807259], [106.85862798, 47.93779238], [106.85862067, 47.93779633], [106.85810227, 47.93680146], [106.85755277, 47.93618833], [106.85735894, 47.93563968], [106.85682977, 47.93517671], [106.85592847, 47.93418802], [106.85578021, 47.93352158], [106.85523216, 47.9328081], [106.8544704, 47.9321014], [106.85439547, 47.93181501], [106.854008, 47.93030301], [106.85380613, 47.9292495], [106.85370779, 47.92830803], [106.85361368, 47.92762399], [106.85342898, 47.92691132], [106.85342882, 47.92690454], [106.85342873, 47.92690418], [106.85340909, 47.92607855], [106.8533275, 47.92574249], [106.85288958, 47.92546196], [106.85272222, 47.92425], [106.85216404, 47.92423297], [106.85199358, 47.92308197], [106.85199437, 47.92308191], [106.85199332, 47.92307483], [106.85238519, 47.92304176], [106.85245016, 47.92265348], [106.85258216, 47.92131298], [106.85281524, 47.9196204], [106.85312257, 47.91847506], [106.85321539, 47.91802815], [106.85319155, 47.9178992], [106.85310452, 47.91783038], [106.85275, 47.91766667], [106.85276185, 47.91766512], [106.85274975, 47.91765953], [106.8548876, 47.91737991], [106.85503515, 47.91735864], [106.85486111, 47.91286111], [106.84949266, 47.91249687], [106.84576055, 47.91221877], [106.84371193, 47.9120592], [106.84026696, 47.91180232], [106.83674413, 47.91153098], [106.83296537, 47.91124281], [106.82961313, 47.91097893], [106.82623844, 47.91073612], [106.82176892, 47.91038573], [106.81784247, 47.91007339], [106.81418028, 47.90979315], [106.81191438, 47.90961043], [106.80722516, 47.90961151], [106.80521506, 47.90963121], [106.80304782, 47.90964598], [106.80273738, 47.90961964], [106.80248036, 47.90957166], [106.80229995, 47.90950165], [106.80205605, 47.90938582], [106.80175955, 47.90920561], [106.80145529, 47.90902067], [106.8009736, 47.90874209], [106.80080166, 47.90869276], [106.8003272, 47.90862216], [106.79945778, 47.90854215], [106.79768118, 47.9084087], [106.7947708, 47.9081577], [106.79124788, 47.90786935], [106.78969298, 47.90771854], [106.78838306, 47.90759146], [106.78608333, 47.90738889], [106.78597159, 47.90677059], [106.7859042, 47.90548661], [106.78590414, 47.905483], [106.78590395, 47.90547947], [106.78588209, 47.90417047], [106.78582609, 47.9027669], [106.78572464, 47.90094239], [106.78572444, 47.9009361], [106.78572439, 47.90093525], [106.78563942, 47.89824039], [106.78555562, 47.89602862], [106.78555556, 47.89602628], [106.78555538, 47.89602148], [106.78552973, 47.89507988], [106.78544178, 47.89310397], [106.78544154, 47.89309683], [106.78537343, 47.89111614], [106.78529511, 47.88934554], [106.78520113, 47.88686528], [106.78511658, 47.8849129], [106.78501485, 47.88271437], [106.78493897, 47.88202912], [106.78484164, 47.88122686], [106.7846724, 47.8801089], [106.78443336, 47.8784816], [106.7842781, 47.87751597], [106.78423495, 47.87651339], [106.78423497, 47.87651246], [106.7842347, 47.87650625], [106.78425578, 47.87559654], [106.78430511, 47.87380555], [106.78417722, 47.87380306], [106.78405609, 47.8737995], [106.78393674, 47.87380162], [106.78381294, 47.87380955], [106.78370209, 47.87382186], [106.78359903, 47.87383913], [106.78349316, 47.87386274], [106.78339743, 47.87389037], [106.78335572, 47.87390493], [106.78331705, 47.87392069], [106.78327656, 47.87393961], [106.78323393, 47.87396191], [106.78312665, 47.87402261], [106.78297508, 47.87411577], [106.78281101, 47.87422071], [106.78274329, 47.87426147], [106.78269657, 47.87428686], [106.78263136, 47.87431837], [106.78255969, 47.87435602], [106.78253086, 47.8743687], [106.78250451, 47.87437737], [106.78247099, 47.87439324], [106.78241593, 47.8744285], [106.78239328, 47.87444122], [106.78232498, 47.87447122], [106.78224481, 47.87449915], [106.78215208, 47.87452558], [106.78201776, 47.87455877], [106.78192659, 47.87457961], [106.78184235, 47.87459649], [106.781763, 47.87460983], [106.78168774, 47.87461975], [106.78161895, 47.87462492], [106.78154251, 47.87462574], [106.78145796, 47.87462255], [106.78128302, 47.87461089], [106.78120811, 47.87460723], [106.78112965, 47.87460641], [106.78105977, 47.87460963], [106.78095487, 47.87461959], [106.78085763, 47.8746258], [106.78054973, 47.87464089], [106.78044829, 47.87464437], [106.78036943, 47.87464533], [106.78028935, 47.87464413], [106.78020261, 47.87463976], [106.78011115, 47.87463217], [106.78002232, 47.87462229], [106.77993605, 47.87460929], [106.77984111, 47.87459024], [106.77975327, 47.87456896], [106.7796878, 47.87454852], [106.77963791, 47.87452787], [106.77958558, 47.87450015], [106.77952551, 47.8744618], [106.77947344, 47.87442349], [106.77940392, 47.87436073], [106.77935577, 47.87431258], [106.77930417, 47.87425659], [106.77924566, 47.87418775], [106.77913932, 47.87404975], [106.77906557, 47.87396133], [106.77896739, 47.87385651], [106.77885937, 47.87374926], [106.77873194, 47.87362888], [106.7785317, 47.87344422], [106.77838186, 47.87329811], [106.77831372, 47.87323694], [106.77826718, 47.87319901], [106.77820623, 47.87315437], [106.77813234, 47.87310484], [106.77807398, 47.87306931], [106.7780251, 47.87304283], [106.77797623, 47.87301948], [106.77791999, 47.87299617], [106.77786297, 47.87297544], [106.77779758, 47.87295456], [106.77772502, 47.87293436], [106.77765326, 47.87291681], [106.77758171, 47.87290185], [106.77751524, 47.87289027], [106.77743945, 47.87287964], [106.77735599, 47.87287041], [106.7772732, 47.87286318], [106.77719333, 47.87285807], [106.77711901, 47.87285508], [106.77703467, 47.87285385], [106.77695377, 47.87285449], [106.77679102, 47.87286017], [106.7766287, 47.87287055], [106.77649303, 47.87288395], [106.77637597, 47.87290073], [106.77626609, 47.87292227], [106.77614983, 47.87295121], [106.77603141, 47.87298662], [106.77590158, 47.8730315], [106.7758154, 47.87306465], [106.7757301, 47.87310124], [106.77566113, 47.87313427], [106.77557939, 47.87317749], [106.7754283, 47.87326463], [106.77517029, 47.8734194], [106.77496418, 47.87354781], [106.77488661, 47.8735921], [106.77480419, 47.87363408], [106.77472582, 47.87367039], [106.77464187, 47.87370659], [106.77445586, 47.87377999], [106.77426653, 47.87384738], [106.77408622, 47.87390403], [106.7739075, 47.8739545], [106.77367572, 47.87401479], [106.77346454, 47.87406561], [106.77325982, 47.87411027], [106.77296484, 47.87417131], [106.77255159, 47.87425256], [106.77226912, 47.87430685], [106.77201801, 47.87435053], [106.77179268, 47.87438344], [106.77162719, 47.8744027], [106.77146354, 47.87441699], [106.77125111, 47.87443097], [106.7710988, 47.87443711], [106.77097808, 47.87443798], [106.77086302, 47.87443436], [106.77073772, 47.8744259], [106.77058876, 47.87441208], [106.77009827, 47.87436333], [106.76991935, 47.87434424], [106.76973733, 47.87432146], [106.769583, 47.874298], [106.7694761, 47.87427914], [106.76935206, 47.87425481], [106.76923569, 47.87422994], [106.76910709, 47.87420036], [106.76897319, 47.87416448], [106.76879208, 47.87410852], [106.7687312, 47.87409228], [106.76868741, 47.87408226], [106.76862175, 47.87407013], [106.76854205, 47.87405909], [106.76846139, 47.87405088], [106.76837512, 47.87404461], [106.76822279, 47.87403802], [106.76803917, 47.87403493], [106.76789814, 47.87403675], [106.76776239, 47.874043], [106.76763062, 47.87405406], [106.76749661, 47.87407064], [106.76736109, 47.87409259], [106.76722887, 47.87411905], [106.76714313, 47.87413892], [106.76706034, 47.87416026], [106.76697762, 47.87418385], [106.76689683, 47.87420917], [106.7667475, 47.8742618], [106.76660176, 47.87431887], [106.76654223, 47.87434374], [106.76649215, 47.87436703], [106.76645434, 47.87438734], [106.76641182, 47.87441323], [106.76636721, 47.87444379], [106.76633355, 47.87446987], [106.76630442, 47.87449577], [106.76627876, 47.874523], [106.76625878, 47.87454914], [106.76623163, 47.8745948], [106.76621012, 47.87463726], [106.76619553, 47.87467332], [106.76618458, 47.8747111], [106.76618343, 47.87474578], [106.76618645, 47.87476798], [106.76619265, 47.87479166], [106.76621095, 47.87483373], [106.76623711, 47.874876], [106.76630252, 47.87496481], [106.76631779, 47.87499093], [106.76632459, 47.87500709], [106.76632894, 47.87502823], [106.76633032, 47.8750596], [106.76632882, 47.87512156], [106.76632125, 47.87519688], [106.76630907, 47.87527325], [106.76629246, 47.87534681], [106.76625505, 47.87547587], [106.76623147, 47.87556596], [106.76621378, 47.87562143], [106.76619611, 47.87566069], [106.76617638, 47.87569186], [106.76615005, 47.87572193], [106.76611503, 47.87575446], [106.76607848, 47.8757818], [106.76605858, 47.87579353], [106.76604105, 47.87580172], [106.76599212, 47.87581841], [106.76591724, 47.87583727], [106.76585251, 47.87585588], [106.76577571, 47.87588137], [106.76574222, 47.87589423], [106.76571383, 47.87590709], [106.76564486, 47.87594504], [106.76560876, 47.87596823], [106.76557597, 47.87599183], [106.76552267, 47.87603714], [106.76547851, 47.87608077], [106.76536153, 47.87620611], [106.76532169, 47.87624417], [106.76528703, 47.87627277], [106.76522601, 47.8763169], [106.76516183, 47.87635696], [106.76510039, 47.87638987], [106.76502734, 47.87642292], [106.76495851, 47.87645011], [106.76488421, 47.876476], [106.76482071, 47.87649497], [106.76474107, 47.87651563], [106.76457115, 47.8765553], [106.76438585, 47.8765952], [106.76430256, 47.87661129], [106.76410147, 47.87664686], [106.76398592, 47.87667058], [106.76389975, 47.87669135], [106.76374636, 47.87673299], [106.76364467, 47.87676578], [106.76360304, 47.87678193], [106.76356519, 47.87679899], [106.76352564, 47.87681921], [106.76348664, 47.87684176], [106.76339335, 47.87690312], [106.76326321, 47.87699263], [106.76313652, 47.87708448], [106.76302568, 47.87716897], [106.76296469, 47.87722104], [106.76290419, 47.87727712], [106.76284993, 47.87733142], [106.7628047, 47.87738187], [106.76277552, 47.87741882], [106.76274773, 47.87745913], [106.76271537, 47.87751316], [106.76268659, 47.87756676], [106.76263305, 47.87767514], [106.76259326, 47.87776101], [106.76250115, 47.87798356], [106.76246487, 47.87806354], [106.76242571, 47.87814075], [106.76237405, 47.87822245], [106.76232561, 47.87828905], [106.76227859, 47.87834749], [106.76222985, 47.87840217], [106.76217599, 47.87845634], [106.76212402, 47.87850261], [106.76206916, 47.87854603], [106.76200599, 47.87859103], [106.76193764, 47.87863539], [106.76186629, 47.87867823], [106.76178107, 47.87872624], [106.76168819, 47.87877617], [106.76159282, 47.87882501], [106.76144584, 47.87889581], [106.76128926, 47.87896362], [106.76111193, 47.87903249], [106.76092501, 47.87909728], [106.76075341, 47.87914957], [106.76056731, 47.87919849], [106.76045508, 47.87922484], [106.76033617, 47.87925056], [106.76021035, 47.87927596], [106.76007161, 47.87930188], [106.75989768, 47.87933291], [106.7597548, 47.87935661], [106.75959979, 47.87938001], [106.75947843, 47.87939592], [106.75937093, 47.87940767], [106.75927004, 47.87941634], [106.75918736, 47.87942145], [106.75906312, 47.87942656], [106.75894491, 47.87942925], [106.75886545, 47.87942908], [106.75878964, 47.87942641], [106.75871845, 47.87942094], [106.7586562, 47.87941336], [106.7585963, 47.87940393], [106.75853157, 47.87939187], [106.75844183, 47.87937287], [106.75833604, 47.87934882], [106.75824363, 47.87932594], [106.75808643, 47.87928211], [106.75786608, 47.87921276], [106.75764318, 47.87913685], [106.75745571, 47.87906698], [106.75725025, 47.87898481], [106.75706891, 47.87890936], [106.75692155, 47.8788458], [106.7567821, 47.87878328], [106.75666038, 47.87872546], [106.75652404, 47.87865768], [106.7563419, 47.87856357], [106.75584293, 47.87829971], [106.75566068, 47.87820793], [106.75549277, 47.87812805], [106.75529592, 47.87804036], [106.7550851, 47.87795148], [106.75481139, 47.87784104], [106.75440716, 47.87768228], [106.75415174, 47.8775802], [106.75393052, 47.87748851], [106.75374571, 47.87740782], [106.75343223, 47.87726448], [106.75324281, 47.87717507], [106.7530907, 47.87710099], [106.75290575, 47.87700726], [106.75268521, 47.87688692], [106.75260707, 47.87684608], [106.75249402, 47.87679011], [106.75237876, 47.87673758], [106.75224794, 47.87668161], [106.75213025, 47.87663414], [106.75200575, 47.87658736], [106.75188838, 47.87654666], [106.75176981, 47.87650892], [106.75165058, 47.87647441], [106.75152373, 47.87644099], [106.75139232, 47.87640966], [106.75121043, 47.87637145], [106.75101304, 47.87633602], [106.75082503, 47.87630777], [106.75064959, 47.87628722], [106.75055606, 47.87627897], [106.75045962, 47.87627235], [106.75036518, 47.87626746], [106.75028505, 47.87626499], [106.75014495, 47.87626515], [106.74999986, 47.87627258], [106.74987227, 47.87628463], [106.74974108, 47.87630199], [106.74960758, 47.87632457], [106.74947713, 47.8763514], [106.74938767, 47.87637409], [106.74928741, 47.8764044], [106.74902507, 47.87649432], [106.74885122, 47.87655044], [106.74874738, 47.87658789], [106.74868203, 47.87660829], [106.74863416, 47.87661948], [106.74858313, 47.87662658], [106.74852781, 47.87662913], [106.74846604, 47.87662797], [106.74839762, 47.87662323], [106.7483459, 47.87661656], [106.74828421, 47.8766056], [106.74815263, 47.87657675], [106.74808704, 47.87656569], [106.74797534, 47.87654982], [106.74782678, 47.8765297], [106.74764385, 47.87650727], [106.74735036, 47.87647505], [106.74718164, 47.87645977], [106.7470073, 47.87644711], [106.74644199, 47.87641491], [106.74617945, 47.87639709], [106.74591713, 47.87637701], [106.74561708, 47.87635162], [106.7453275, 47.87632479], [106.74504709, 47.87629686], [106.74483355, 47.87627211], [106.7446508, 47.87624807], [106.74451667, 47.87622842], [106.7443996, 47.87620871], [106.74428655, 47.87618589], [106.74415885, 47.87615605], [106.7440489, 47.87612656], [106.74392346, 47.87608729], [106.74381764, 47.87605064], [106.74376917, 47.87603158], [106.74373079, 47.87601444], [106.74369566, 47.87599653], [106.74366125, 47.87597617], [106.74359438, 47.87592906], [106.74355186, 47.87589555], [106.74349747, 47.87584928], [106.74341486, 47.87577425], [106.74334003, 47.87569601], [106.74328462, 47.87562725], [106.74323246, 47.87554925], [106.74318531, 47.8754716], [106.74311947, 47.87535401], [106.74305536, 47.87523557], [106.74298749, 47.87509592], [106.74292554, 47.87495229], [106.74288841, 47.87485309], [106.74284476, 47.87471776], [106.74277599, 47.87448206], [106.74272782, 47.87430639], [106.74270153, 47.87422145], [106.74267631, 47.87415212], [106.74263158, 47.87404743], [106.7425898, 47.87396623], [106.74254703, 47.8739014], [106.74248529, 47.87382642], [106.74243638, 47.87377205], [106.74237594, 47.87370905], [106.74229439, 47.87362889], [106.74220526, 47.87354754], [106.74209385, 47.87345222], [106.74199113, 47.87336946], [106.74190031, 47.87330109], [106.74181508, 47.87324176], [106.74173521, 47.87319075], [106.74164938, 47.87314132], [106.74155578, 47.87309255], [106.74144275, 47.87303846], [106.74114667, 47.87290677], [106.74101512, 47.87284632], [106.74093295, 47.87281181], [106.74086176, 47.8727866], [106.74078053, 47.87276346], [106.74069064, 47.87274256], [106.74057478, 47.87272009], [106.74043009, 47.87269516], [106.74034234, 47.87268156], [106.74026299, 47.87267143], [106.7401958, 47.87266532], [106.74011613, 47.87266138], [106.74002728, 47.87266056], [106.7399454, 47.87266302], [106.73986092, 47.87266896], [106.73977515, 47.87267767], [106.73971438, 47.87268639], [106.73966041, 47.87269744], [106.73961045, 47.87271143], [106.73955153, 47.87273249], [106.73949236, 47.87275852], [106.73943542, 47.8727885], [106.73938447, 47.87282059], [106.73933954, 47.87285427], [106.73929546, 47.87289267], [106.73926506, 47.87292327], [106.7392315, 47.8729632], [106.73918428, 47.87302633], [106.73912386, 47.87311733], [106.73904343, 47.87324928], [106.73897478, 47.87337177], [106.73890145, 47.87350878], [106.7388561, 47.87359867], [106.73880276, 47.87371095], [106.73871383, 47.87390471], [106.7386467, 47.87406083], [106.73861215, 47.87414653], [106.73856563, 47.87427988], [106.73854196, 47.87433392], [106.73852247, 47.87436904], [106.73849914, 47.87440349], [106.73847079, 47.87443814], [106.73843744, 47.87447397], [106.73838414, 47.87452472], [106.73830739, 47.87459101], [106.73823366, 47.87464975], [106.73816244, 47.87470126], [106.73805845, 47.8747699], [106.7379051, 47.87486371], [106.73782324, 47.87491135], [106.73776066, 47.87494354], [106.73770172, 47.87496877], [106.73763733, 47.87499134], [106.73756574, 47.87501232], [106.73748843, 47.87503104], [106.73742412, 47.87504362], [106.73734767, 47.87505534], [106.73724646, 47.87506712], [106.73715883, 47.87507508], [106.73705583, 47.87508099], [106.73693612, 47.87508328], [106.73679537, 47.87508161], [106.73665412, 47.8750761], [106.73654999, 47.87506943], [106.73644125, 47.87505956], [106.73619758, 47.87503158], [106.73608526, 47.87502094], [106.73576936, 47.87499471], [106.73542341, 47.87497134], [106.73530581, 47.87496448], [106.73522437, 47.87496165], [106.73511683, 47.87496077], [106.73499703, 47.87496251], [106.73483866, 47.87496791], [106.7346979, 47.87497585], [106.73457196, 47.87498601], [106.73441872, 47.87500195], [106.73415722, 47.87503447], [106.73380452, 47.875082], [106.73339358, 47.87514181], [106.73321864, 47.87516538], [106.73294025, 47.8752003], [106.73273609, 47.87522066], [106.73261982, 47.87522834], [106.73249446, 47.87523382], [106.73238578, 47.87523641], [106.73227963, 47.87523638], [106.73217084, 47.87523315], [106.73206201, 47.87522699], [106.73195892, 47.87521854], [106.73186253, 47.87520758], [106.73174885, 47.87518948], [106.73162671, 47.87516305], [106.73146809, 47.87512502], [106.73128637, 47.87507713], [106.73114816, 47.87503828], [106.73100011, 47.87499138], [106.73092712, 47.87496609], [106.73087505, 47.87494624], [106.73083292, 47.87492848], [106.73078957, 47.8749079], [106.73071291, 47.87486447], [106.73066671, 47.87483406], [106.73062091, 47.87480096], [106.7305716, 47.87476267], [106.73052249, 47.87472163], [106.73048493, 47.87468814], [106.73045525, 47.87465879], [106.73043048, 47.87463074], [106.7304105, 47.87460409], [106.73039276, 47.8745759], [106.73037559, 47.87454352], [106.73035653, 47.87450217], [106.73034261, 47.87446491], [106.73032777, 47.87440709], [106.73031496, 47.87431448], [106.73030382, 47.87427515], [106.73029118, 47.87424316], [106.73026203, 47.87418683], [106.73023281, 47.87414046], [106.73020032, 47.87409821], [106.73016242, 47.87405826], [106.73011834, 47.87402124], [106.7300616, 47.87398196], [106.72998045, 47.87393297], [106.72989844, 47.87388934], [106.72981599, 47.87385144], [106.72971398, 47.87380972], [106.72961424, 47.87377309], [106.72951572, 47.87374118], [106.72938652, 47.87370482], [106.729253, 47.87367088], [106.7291885, 47.87365633], [106.72913681, 47.87364664], [106.72908881, 47.87364017], [106.72904105, 47.87363678], [106.72899346, 47.87363603], [106.72891545, 47.87363778], [106.72880328, 47.87364234], [106.72865464, 47.87365096], [106.7285367, 47.87365893], [106.72843729, 47.87366776], [106.7283424, 47.87367829], [106.72819767, 47.87369684], [106.72808813, 47.87371225], [106.72783762, 47.87375076], [106.72771941, 47.87376662], [106.72758774, 47.8737815], [106.72749433, 47.8737909], [106.7274343, 47.87379521], [106.72734587, 47.8737977], [106.72730529, 47.8737959], [106.72726699, 47.87379206], [106.72722047, 47.87378504], [106.72717304, 47.87377555], [106.72712644, 47.87376403], [106.72707854, 47.87375001], [106.72703396, 47.8737344], [106.72699241, 47.87371707], [106.72694768, 47.87369532], [106.72689279, 47.87366543], [106.72679953, 47.87361076], [106.72674447, 47.8735763], [106.72669405, 47.87354146], [106.72665348, 47.8735095], [106.7266195, 47.87347882], [106.72658535, 47.87344373], [106.72655473, 47.87340799], [106.72652685, 47.87337093], [106.72650185, 47.87333267], [106.72648112, 47.87329561], [106.72646388, 47.87325813], [106.72644953, 47.87321897], [106.72643585, 47.8731724], [106.72642426, 47.87312084], [106.72641619, 47.87307025], [106.72641098, 47.87301824], [106.72640872, 47.87296111], [106.72640946, 47.8729017], [106.72641293, 47.87285124], [106.7264201, 47.87279305], [106.72643056, 47.87273026], [106.72644477, 47.87266206], [106.7264732, 47.87255226], [106.72650365, 47.87245603], [106.72658744, 47.87222101], [106.72661348, 47.8721422], [106.72663835, 47.872061], [106.72665161, 47.87201022], [106.72666894, 47.87191575], [106.72668024, 47.87181716], [106.72668128, 47.87174364], [106.72667366, 47.87168096], [106.72665402, 47.87160451], [106.72663313, 47.87153647], [106.72659498, 47.87142578], [106.72651427, 47.87120254], [106.72647012, 47.87107186], [106.72642321, 47.87092084], [106.72637019, 47.87073542], [106.7263238, 47.87055333], [106.72630287, 47.87047996], [106.72627691, 47.87040078], [106.72625116, 47.87033993], [106.72621199, 47.87026731], [106.72616227, 47.87018976], [106.7260937, 47.87009439], [106.725995, 47.86996593], [106.72592615, 47.8698823], [106.72585816, 47.86980592], [106.72578916, 47.86973498], [106.72571536, 47.86966527], [106.72563672, 47.86959649], [106.72555622, 47.86953144], [106.72547659, 47.86947243], [106.72539289, 47.86941539], [106.72529159, 47.86935128], [106.72517158, 47.86928], [106.7250259, 47.8691971], [106.72489925, 47.86912973], [106.7248257, 47.86909411], [106.7247516, 47.86906148], [106.72466958, 47.86902913], [106.72458746, 47.86899979], [106.72449265, 47.86896879], [106.72437895, 47.86893449], [106.72425365, 47.86889943], [106.7241433, 47.86887105], [106.72405303, 47.86884983], [106.72396346, 47.86883066], [106.72387471, 47.86881371], [106.72378819, 47.86879916], [106.72369566, 47.86878569], [106.72360254, 47.86877414], [106.72350889, 47.86876439], [106.72340694, 47.86875571], [106.72328966, 47.86874872], [106.72319058, 47.86874707], [106.72307793, 47.86874954], [106.72288395, 47.86875932], [106.72277597, 47.86876316], [106.72269454, 47.86876409], [106.72262616, 47.86876262], [106.72250217, 47.86875426], [106.72241885, 47.86874662], [106.72220936, 47.86872413], [106.72188996, 47.8686967], [106.72173896, 47.86867906], [106.72158954, 47.86865655], [106.72149433, 47.86864016], [106.72144087, 47.86862854], [106.72139564, 47.86861602], [106.72135351, 47.86860161], [106.72130661, 47.86858238], [106.72125397, 47.86855717], [106.72120412, 47.8685298], [106.72115112, 47.868497], [106.72110356, 47.86846373], [106.72106418, 47.86843254], [106.72102347, 47.86839607], [106.72097828, 47.86835065], [106.72094412, 47.86831233], [106.72089458, 47.8682462], [106.72079151, 47.86808726], [106.72062384, 47.86785008], [106.720563, 47.86776085], [106.7205011, 47.86766396], [106.72042383, 47.86752829], [106.72036866, 47.86743985], [106.72033947, 47.86739898], [106.7203126, 47.86736528], [106.72028515, 47.86733452], [106.72025014, 47.86729968], [106.72017929, 47.86723585], [106.72012112, 47.86718928], [106.72006381, 47.86715013], [106.72000561, 47.86711722], [106.71993238, 47.86708311], [106.71984615, 47.86704982], [106.71974766, 47.86701793], [106.71964899, 47.86699173], [106.7195671, 47.86697435], [106.71947651, 47.86695918], [106.7193804, 47.86694708], [106.71928632, 47.8669387], [106.71920261, 47.86693467], [106.71912103, 47.8669339], [106.71902355, 47.86693685], [106.71892961, 47.86694277], [106.71881282, 47.86695279], [106.71869904, 47.86696536], [106.71859838, 47.86697894], [106.71850123, 47.86699508], [106.71839374, 47.8670156], [106.71825552, 47.86704516], [106.718093, 47.86708238], [106.71793455, 47.86712136], [106.71773189, 47.86717531], [106.7175593, 47.86722752], [106.71747475, 47.86725593], [106.71740188, 47.86728235], [106.71726488, 47.86733814], [106.71713561, 47.86739828], [106.71697543, 47.8674793], [106.71675721, 47.86759175], [106.71656076, 47.86769544], [106.7163166, 47.86782813], [106.71609369, 47.86795635], [106.7158932, 47.86807975], [106.71566109, 47.86823041], [106.71553865, 47.86831351], [106.7154495, 47.86837665], [106.71530965, 47.86848231], [106.71518657, 47.86858527], [106.71512322, 47.86864248], [106.7150568, 47.86870565], [106.71493504, 47.86882998], [106.71483641, 47.86894067], [106.71472241, 47.86907969], [106.7146386, 47.86919114], [106.71457183, 47.86929278], [106.71453884, 47.86935112], [106.71451464, 47.86940295], [106.71449188, 47.86946026], [106.71445824, 47.86956339], [106.71443793, 47.86961768], [106.71441557, 47.86967075], [106.71438248, 47.86973948], [106.71433956, 47.86982223], [106.71429327, 47.86990463], [106.71422986, 47.87001081], [106.71416504, 47.87011215], [106.71410238, 47.87020397], [106.71403616, 47.87028805], [106.71395646, 47.8703727], [106.71390889, 47.87041856], [106.71386511, 47.87045763], [106.71381944, 47.87049509], [106.71377865, 47.87052519], [106.71373061, 47.87055634], [106.71367885, 47.87058636], [106.71361756, 47.8706181], [106.71356347, 47.8706432], [106.71350601, 47.87066606], [106.71345362, 47.87068313], [106.71340731, 47.87069517], [106.71335963, 47.87070436], [106.71330895, 47.8707114], [106.71324919, 47.87071684], [106.71317777, 47.87072026], [106.71311142, 47.87072116], [106.71304432, 47.87071945], [106.71298292, 47.87071524], [106.71290044, 47.87070599], [106.71280153, 47.87069094], [106.71269532, 47.87067146], [106.71260427, 47.87065195], [106.7125091, 47.87062801], [106.71239865, 47.87059681], [106.7122975, 47.87056536], [106.71219787, 47.87053118], [106.71208892, 47.87049021], [106.71200212, 47.87045406], [106.71183972, 47.87038228], [106.71160941, 47.87027439], [106.7115193, 47.87023151], [106.71145236, 47.8701976], [106.71136692, 47.87015147], [106.71128861, 47.87010669], [106.71117968, 47.87004088], [106.71105314, 47.86996013], [106.71093093, 47.86987946], [106.71078923, 47.86978309], [106.71059055, 47.86964064], [106.71047538, 47.86955443], [106.71036432, 47.86946853], [106.71022045, 47.86935283], [106.71010529, 47.86925311], [106.70995303, 47.86911294], [106.70965797, 47.86883445], [106.70957217, 47.86875703], [106.70948463, 47.86868155], [106.70936512, 47.86858532], [106.70924487, 47.86849341], [106.70907126, 47.86836598], [106.7089205, 47.86825972], [106.70873655, 47.86813647], [106.70854443, 47.86801576], [106.70833699, 47.86789197], [106.70812485, 47.86777238], [106.70795859, 47.86768559], [106.70780295, 47.8676111], [106.70764095, 47.86754095], [106.70746232, 47.8674705], [106.70733276, 47.86742285], [106.70719944, 47.86737616], [106.7070696, 47.8673327], [106.70693811, 47.86729096], [106.70682017, 47.86725561], [106.70671031, 47.8672247], [106.70652234, 47.86717369], [106.70641045, 47.86714649], [106.70634395, 47.86713275], [106.70627503, 47.86712106], [106.70619119, 47.86710988], [106.70611423, 47.86710183], [106.70596105, 47.867089], [106.70590386, 47.86708557], [106.70583948, 47.86708484], [106.70577927, 47.86708929], [106.70573093, 47.86709634], [106.70568039, 47.86710649], [106.70562875, 47.86711964], [106.70557896, 47.86713486], [106.70553508, 47.86715083], [106.70549402, 47.8671683], [106.7054504, 47.86718962], [106.70540534, 47.86721448], [106.70536439, 47.86723939], [106.70532742, 47.86726505], [106.70530067, 47.86728632], [106.70526337, 47.86731993], [106.70520029, 47.86738356], [106.7050726, 47.86752632], [106.70502523, 47.86757547], [106.70497906, 47.86761909], [106.70493188, 47.86765415], [106.70489094, 47.86767922], [106.70483789, 47.86770752], [106.70466767, 47.86779322], [106.7044878, 47.86787623], [106.70437719, 47.86792384], [106.70426818, 47.86796229], [106.70418276, 47.86798778], [106.7041084, 47.86800695], [106.7040379, 47.86802187], [106.7039716, 47.86803214], [106.70385564, 47.86804296], [106.70369421, 47.86805177], [106.70353477, 47.86806323], [106.70345516, 47.86806718], [106.70337996, 47.86806918], [106.7033082, 47.86806871], [106.70322551, 47.868066], [106.70314764, 47.86806094], [106.70306311, 47.8680522], [106.70298128, 47.86804102], [106.7029157, 47.86802948], [106.70286097, 47.86801701], [106.70278471, 47.86799427], [106.70271127, 47.86796655], [106.70264986, 47.86793772], [106.70259594, 47.86790522], [106.70252969, 47.86785717], [106.70244127, 47.86778453], [106.70239208, 47.86774052], [106.70230113, 47.86765081], [106.70223642, 47.86759598], [106.70218248, 47.86755437], [106.70212174, 47.86751085], [106.70208376, 47.86748638], [106.70205073, 47.86746788], [106.70200463, 47.86744684], [106.70194351, 47.86742623], [106.70187289, 47.86740572], [106.70171173, 47.86736607], [106.70164149, 47.86734655], [106.70158473, 47.86732866], [106.70150151, 47.86729902], [106.70139955, 47.8672615], [106.70132798, 47.8672333], [106.70125471, 47.86720193], [106.70121945, 47.86718417], [106.70117981, 47.86716169], [106.70110511, 47.86711336], [106.70104672, 47.86706857], [106.70099172, 47.86701876], [106.70092946, 47.86695353], [106.70087869, 47.86689358], [106.70081316, 47.86680084], [106.70077526, 47.86674185], [106.70068237, 47.86658797], [106.70063355, 47.86651232], [106.70059019, 47.86645063], [106.70055017, 47.86639818], [106.70051616, 47.86635792], [106.70048183, 47.86632157], [106.70044619, 47.86629207], [106.70039451, 47.86625856], [106.7003356, 47.86622674], [106.70027683, 47.86619986], [106.70021066, 47.86617513], [106.70014807, 47.86615471], [106.70001005, 47.86611315], [106.6999283, 47.86609001], [106.69984191, 47.86606769], [106.69975433, 47.86604715], [106.69966793, 47.86602887], [106.69953317, 47.86600438], [106.69939044, 47.86598283], [106.69925885, 47.86596782], [106.69907959, 47.86595341], [106.69889737, 47.86593428], [106.69877868, 47.86591705], [106.69868624, 47.86589784], [106.69862612, 47.8658826], [106.69856662, 47.86586541], [106.69850751, 47.8658462], [106.69844696, 47.86582433], [106.6983903, 47.86580186], [106.69834267, 47.86578073], [106.69830202, 47.86576034], [106.69826098, 47.86573701], [106.69821584, 47.86570805], [106.69817918, 47.86568142], [106.69814671, 47.86565403], [106.69812279, 47.8656296], [106.6980792, 47.86557256], [106.6980474, 47.86552631], [106.69801487, 47.86547443], [106.69798401, 47.86542065], [106.69796716, 47.86538411], [106.69794919, 47.86533494], [106.69793394, 47.86528456], [106.69791793, 47.86522046], [106.69789735, 47.86511771], [106.69788889, 47.86502778], [106.67566667, 47.87333333], [106.65019445, 47.87433333], [106.61347222, 47.85127778], [106.53972222, 47.84763889], [106.51938889, 47.87136111], [106.51602778, 47.88980556], [106.5335, 47.91072222], [106.50661111, 47.94619445], [106.52736111, 47.95508333], [106.48105556, 47.98077778], [106.45922222, 48.01341667], [106.46111111, 48.04197222], [106.47791667, 48.07222222], [106.42688889, 48.12469444], [106.41619445, 48.13388889], [106.42880556, 48.14902778], [106.40775, 48.19666667], [106.36772222, 48.24644445], [106.36313889, 48.25727778], [106.44186111, 48.27227778], [106.45313889, 48.26433333], [106.499, 48.25386111], [106.58975, 48.24536111]]]}, "geometry_name": "geom", "properties": {"guid": 124752, "id": 124752, "object_no": "18", "object_name": "Сонгинохайрхан", "layer_type_id": 252, "valid_to": null, "address_no": null, "border_type": "solid", "border_width": null, "border_color": "#cc6666", "border_opacity": null, "border_wellknown": "shape://horizline", "fill_type": "color", "fill_color": "#bcbcbc", "fill_opacity": 0, "fill_wellknown": null, "fill_shape_color": null, "fill_shape_width": null, "fill_shape_size": null, "fill_img_url": null, "marker_img_url": null}},{"type": "Feature", "id": "layer_data_map.fid--27e80436_1a098b908f8_-5b3d", "geometry": {"type": "Polygon", "coordinates": [[[107.46453619, 47.98833529], [107.46461704, 47.98833354], [107.46470162, 47.98833396], [107.46479082, 47.98833654], [107.46488646, 47.98834135], [107.46503525, 47.98835195], [107.46541205, 47.98838522], [107.46558552, 47.9883979], [107.46584528, 47.98841603], [107.46649682, 47.98847082], [107.46679626, 47.98849223], [107.46696045, 47.98850093], [107.46711367, 47.98850639], [107.46725903, 47.98850873], [107.46739809, 47.98850796], [107.46768573, 47.9885033], [107.46785768, 47.98849729], [107.46801603, 47.98848647], [107.46815728, 47.98847035], [107.46829425, 47.98844933], [107.46841623, 47.98842686], [107.46852717, 47.98840221], [107.46862834, 47.98837508], [107.46873125, 47.98834088], [107.46884154, 47.98829653], [107.4689502, 47.98824705], [107.469172, 47.98813989], [107.46928887, 47.98808249], [107.46940763, 47.98801962], [107.46952952, 47.98795063], [107.46965694, 47.98787417], [107.46988644, 47.98772757], [107.47042757, 47.98736726], [107.47057553, 47.98727357], [107.47071208, 47.98719149], [107.47081346, 47.98713016], [107.47103954, 47.9869876], [107.47114432, 47.98692528], [107.47120905, 47.98688958], [107.47127103, 47.9868579], [107.47133151, 47.9868296], [107.47139113, 47.98680438], [107.47152128, 47.98675381], [107.47162573, 47.98671732], [107.47172215, 47.98668873], [107.47181263, 47.98666759], [107.47188623, 47.98665502], [107.47196934, 47.98664486], [107.47206118, 47.98663688], [107.47220703, 47.98662717], [107.47230954, 47.98662222], [107.4724244, 47.98662016], [107.47287269, 47.98662348], [107.47302961, 47.98662392], [107.4733772, 47.9866291], [107.47352375, 47.98662908], [107.47369914, 47.98662412], [107.47377901, 47.98661934], [107.47385509, 47.98661296], [107.47400253, 47.98659719], [107.47413612, 47.98657972], [107.47425968, 47.98656003], [107.47437465, 47.9865379], [107.47447493, 47.98651538], [107.47457404, 47.98649039], [107.47467129, 47.98646309], [107.474766, 47.98643368], [107.47485555, 47.98640305], [107.4749445, 47.98636974], [107.47503255, 47.98633388], [107.47511941, 47.98629558], [107.47520478, 47.98625498], [107.47528831, 47.98621223], [107.47536969, 47.9861675], [107.47544857, 47.98612097], [107.47551794, 47.98607665], [107.47559095, 47.98602613], [107.47566934, 47.98596836], [107.47577046, 47.98589053], [107.47591932, 47.98577838], [107.4759854, 47.98572517], [107.47604499, 47.98566987], [107.47609031, 47.98561757], [107.47611407, 47.98558344], [107.47613573, 47.98554682], [107.47615541, 47.98550752], [107.47617323, 47.98546525], [107.47620373, 47.98537143], [107.47623138, 47.98525268], [107.47624046, 47.98519514], [107.47624549, 47.98513047], [107.47624677, 47.98491178], [107.4762463, 47.98479994], [107.47623799, 47.98454303], [107.4762392, 47.98442238], [107.47623853, 47.98424987], [107.47624118, 47.98418655], [107.47625115, 47.9841189], [107.47626941, 47.98405988], [107.47629821, 47.98400004], [107.47633717, 47.98393731], [107.47638652, 47.98387126], [107.47644723, 47.98380062], [107.47653877, 47.98370387], [107.47657765, 47.98366699], [107.47661517, 47.98363459], [107.47665316, 47.98360524], [107.47669104, 47.98357953], [107.47672911, 47.98355725], [107.47676757, 47.98353828], [107.47680763, 47.98352223], [107.47685216, 47.98350795], [107.47690153, 47.98349532], [107.47695656, 47.98348415], [107.4770718, 47.98346707], [107.47730192, 47.98344161], [107.4774792, 47.9834228], [107.4776489, 47.9834106], [107.47781116, 47.98340499], [107.47796601, 47.983406], [107.47812721, 47.98341272], [107.47826712, 47.98342332], [107.47839325, 47.98343838], [107.47850748, 47.98345816], [107.47860236, 47.98348145], [107.4787049, 47.98351433], [107.47879947, 47.98354981], [107.47900955, 47.98363414], [107.4791041, 47.98366877], [107.4793714, 47.98376175], [107.47945078, 47.98378737], [107.47952297, 47.98380872], [107.47966321, 47.98384849], [107.47974432, 47.98386942], [107.47982134, 47.98388579], [107.47989178, 47.98389654], [107.47997399, 47.98390364], [107.4800647, 47.98390631], [107.48016574, 47.9839047], [107.48028819, 47.98389862], [107.48039051, 47.98389136], [107.48047523, 47.9838829], [107.48055094, 47.98387238], [107.48061922, 47.98385954], [107.48070493, 47.98383802], [107.48079346, 47.98380998], [107.48088456, 47.9837755], [107.48097784, 47.98373472], [107.48102447, 47.98371114], [107.48107034, 47.98368412], [107.48111596, 47.98365339], [107.48116222, 47.98361834], [107.48124192, 47.98354987], [107.48141987, 47.98338359], [107.48146728, 47.98334313], [107.48151221, 47.98330811], [107.48169051, 47.98317789], [107.48185473, 47.9830618], [107.48201107, 47.98295546], [107.48216192, 47.98285727], [107.48231023, 47.98276534], [107.48245595, 47.98267978], [107.48259996, 47.98260006], [107.48274285, 47.98252587], [107.48285371, 47.98247267], [107.48298, 47.98241674], [107.4831101, 47.98236243], [107.48346263, 47.98221939], [107.48356705, 47.98217491], [107.48365929, 47.98213355], [107.48399932, 47.98197931], [107.4841624, 47.98190186], [107.48431707, 47.98182151], [107.48438547, 47.98178262], [107.48444903, 47.98174397], [107.48457385, 47.98166223], [107.4846896, 47.98158006], [107.48479602, 47.98149763], [107.48489293, 47.98141508], [107.48496943, 47.98134256], [107.48504783, 47.98126028], [107.48512971, 47.98116699], [107.48523927, 47.98103509], [107.48527867, 47.98098465], [107.48531952, 47.98092731], [107.48544512, 47.98073442], [107.48549329, 47.98066415], [107.48554458, 47.98059672], [107.48559582, 47.98053781], [107.48571742, 47.98041016], [107.48580945, 47.98032293], [107.48585504, 47.98028429], [107.4859002, 47.98024928], [107.48594548, 47.98021748], [107.48599118, 47.98018868], [107.48605684, 47.98015259], [107.48613386, 47.98011577], [107.48622098, 47.98007838], [107.48636356, 47.98002098], [107.48653633, 47.97995263], [107.48666479, 47.97990586], [107.48678321, 47.9798682], [107.48689376, 47.97983921], [107.48696184, 47.97982458], [107.48703333, 47.97981145], [107.48710844, 47.97979977], [107.48718752, 47.9797895], [107.48735863, 47.97977298], [107.48755575, 47.97976101], [107.48770642, 47.97975624], [107.48785524, 47.97975608], [107.48800099, 47.97976053], [107.48814265, 47.97976958], [107.48827536, 47.979783], [107.48841723, 47.9798025], [107.48857122, 47.97982844], [107.48874948, 47.97986285], [107.48886524, 47.97988875], [107.48899175, 47.97992189], [107.48911445, 47.97995747], [107.48942696, 47.9800522], [107.48960099, 47.98009981], [107.48990961, 47.98018005], [107.49004963, 47.98021412], [107.49019232, 47.98024399], [107.49032225, 47.98026509], [107.49048093, 47.98028352], [107.49064372, 47.98029627], [107.49080878, 47.98030317], [107.49097404, 47.98030416], [107.49114904, 47.98029896], [107.49131881, 47.98028766], [107.49148183, 47.98027037], [107.49163705, 47.9802472], [107.49175971, 47.98022359], [107.49188657, 47.98019439], [107.49201783, 47.98015954], [107.49215396, 47.98011891], [107.49224988, 47.98008718], [107.49234674, 47.98005193], [107.49244468, 47.9800131], [107.49254394, 47.9799706], [107.4926446, 47.9799244], [107.49274725, 47.97987424], [107.4928524, 47.97981987], [107.49296098, 47.97976082], [107.49316892, 47.97964643], [107.49328217, 47.97957812], [107.49333341, 47.97954327], [107.49337853, 47.9795092], [107.49341822, 47.97947538], [107.49345283, 47.9794415], [107.49351278, 47.97937284], [107.49356292, 47.97930407], [107.49360217, 47.97923669], [107.49363003, 47.97917159], [107.49364241, 47.97913172], [107.493652, 47.97909181], [107.49365868, 47.97905236], [107.49366239, 47.97901372], [107.4936631, 47.97897633], [107.49366082, 47.97894032], [107.49365557, 47.9789059], [107.49364736, 47.97887322], [107.49363756, 47.97884657], [107.49362415, 47.97881912], [107.49360701, 47.9787906], [107.49358581, 47.9787605], [107.49353896, 47.97870346], [107.49342717, 47.97858], [107.49337995, 47.97852829], [107.49332397, 47.97847282], [107.49307883, 47.97825256], [107.49302466, 47.97820085], [107.49297865, 47.97815339], [107.4928444, 47.97800923], [107.49277003, 47.97792396], [107.49270725, 47.97784237], [107.49265885, 47.97776656], [107.49261614, 47.97768462], [107.49258052, 47.97760212], [107.49255242, 47.9775201], [107.49253214, 47.97743939], [107.49251011, 47.9773296], [107.49250211, 47.9772594], [107.49250185, 47.97722677], [107.49250436, 47.97719651], [107.49250966, 47.97716823], [107.4925178, 47.97714171], [107.49254002, 47.97709532], [107.49257341, 47.97704559], [107.49261835, 47.97699168], [107.49268173, 47.97692529], [107.4927185, 47.97689022], [107.49275912, 47.97685527], [107.49280355, 47.97682048], [107.49285174, 47.97678589], [107.49290365, 47.97675154], [107.49295918, 47.97671748], [107.49308061, 47.97665056], [107.4931253, 47.97662899], [107.49317391, 47.97660831], [107.49322694, 47.97658831], [107.4932854, 47.9765686], [107.49339821, 47.97653519], [107.49368407, 47.97645797], [107.49376181, 47.97643422], [107.49382986, 47.97641079], [107.49413934, 47.97629371], [107.494266, 47.97624262], [107.4943818, 47.97619338], [107.494491, 47.97614411], [107.49459267, 47.97609513], [107.49468775, 47.97604599], [107.49477674, 47.97599644], [107.49495328, 47.97589659], [107.49504141, 47.9758423], [107.49508219, 47.97581406], [107.49511788, 47.97578659], [107.4951491, 47.97575943], [107.49517611, 47.97573233], [107.49520773, 47.97569529], [107.49523686, 47.97565551], [107.49526335, 47.97561324], [107.49528698, 47.97556879], [107.49530761, 47.97552244], [107.49532498, 47.97547473], [107.4953389, 47.97542616], [107.4953492, 47.97537736], [107.49535601, 47.97531615], [107.49535607, 47.97525006], [107.49534939, 47.97517871], [107.49533587, 47.97510094], [107.49531763, 47.9750391], [107.49528736, 47.97497186], [107.49524973, 47.97490535], [107.49514033, 47.97472922], [107.49511213, 47.97467589], [107.49509114, 47.97462734], [107.49505237, 47.97451501], [107.49501976, 47.97439959], [107.49499346, 47.97428159], [107.49497359, 47.97416162], [107.49496523, 47.97411379], [107.49493801, 47.97398756], [107.49492956, 47.97391867], [107.49492977, 47.97388206], [107.49493413, 47.97384869], [107.49494273, 47.97381794], [107.49495566, 47.97378951], [107.49498791, 47.97374071], [107.49503039, 47.973692], [107.49508097, 47.97364581], [107.49513694, 47.97360465], [107.49515925, 47.9735916], [107.4951865, 47.97357861], [107.49530886, 47.97352943], [107.49533354, 47.97351691], [107.49535398, 47.97350415], [107.49539119, 47.97347574], [107.4954245, 47.97344563], [107.49545268, 47.97341493], [107.49547501, 47.97338444], [107.49549278, 47.97334836], [107.49550393, 47.97330589], [107.49550899, 47.97326029], [107.49551225, 47.97317078], [107.49551198, 47.97314155], [107.49550787, 47.97310873], [107.49548169, 47.9729961], [107.49547469, 47.97295339], [107.49547418, 47.97291082], [107.49548207, 47.97287344], [107.49550993, 47.97280713], [107.49552644, 47.9727773], [107.49554451, 47.97274997], [107.495564, 47.97272535], [107.4955849, 47.97270344], [107.49560713, 47.97268432], [107.49563065, 47.972668], [107.49565507, 47.97265434], [107.49568279, 47.97264143], [107.49574696, 47.97261837], [107.49582005, 47.97259998], [107.49589621, 47.97258773], [107.49595566, 47.97258303], [107.49601714, 47.97258239], [107.49607757, 47.97258583], [107.49613421, 47.9725932], [107.49618972, 47.97260622], [107.49624882, 47.97262703], [107.4963104, 47.97265455], [107.496409, 47.97270429], [107.4964428, 47.97272328], [107.49647783, 47.97274704], [107.49658653, 47.97283434], [107.49662867, 47.97286495], [107.49667436, 47.9728915], [107.49672007, 47.97291038], [107.49678892, 47.9729303], [107.4968596, 47.9729453], [107.49692802, 47.97295453], [107.49699179, 47.97295768], [107.49702506, 47.97295666], [107.49705992, 47.97295351], [107.4971351, 47.97294078], [107.49721824, 47.97291951], [107.49732119, 47.97288666], [107.49738536, 47.97286178], [107.49745315, 47.97282919], [107.49751656, 47.97279415], [107.4976613, 47.97270898], [107.49772648, 47.97266943], [107.49779531, 47.97262228], [107.49786008, 47.972574], [107.49802053, 47.9724496], [107.4981109, 47.97238529], [107.49816077, 47.97235361], [107.49820942, 47.97232578], [107.49825775, 47.97230128], [107.49830624, 47.97227988], [107.4984341, 47.97222932], [107.49853404, 47.97219498], [107.49862625, 47.97216992], [107.49866988, 47.97216084], [107.49871223, 47.97215397], [107.49878383, 47.97214647], [107.49886242, 47.97214279], [107.49894862, 47.97214287], [107.49904471, 47.97214673], [107.49911119, 47.97215157], [107.49917796, 47.97215857], [107.49924448, 47.97216768], [107.49931026, 47.97217884], [107.49937477, 47.97219194], [107.49943759, 47.97220691], [107.49949828, 47.97222364], [107.49955647, 47.97224202], [107.49963042, 47.97226936], [107.49970624, 47.97230212], [107.49978411, 47.97234036], [107.49986447, 47.97238431], [107.49993794, 47.97243122], [107.50001284, 47.97248876], [107.50007888, 47.97254639], [107.50021847, 47.97267575], [107.50027722, 47.97272653], [107.50033684, 47.97277994], [107.50046012, 47.97290177], [107.50051233, 47.97294792], [107.50054807, 47.97297546], [107.50058364, 47.9729993], [107.50061974, 47.97301992], [107.50065678, 47.97303754], [107.50071006, 47.97305961], [107.50075464, 47.97307599], [107.50079573, 47.97308857], [107.50083402, 47.97309754], [107.50086782, 47.97310297], [107.50090397, 47.9731066], [107.50094241, 47.97310841], [107.50098308, 47.97310841], [107.50107091, 47.97310296], [107.5011665, 47.97309029], [107.50124769, 47.97307361], [107.501329, 47.97305026], [107.50140711, 47.97302119], [107.50147852, 47.97298771], [107.501552, 47.97294468], [107.50161676, 47.97289772], [107.50164459, 47.97287369], [107.50166908, 47.97284956], [107.50169002, 47.97282555], [107.50170727, 47.9728018], [107.50171723, 47.97278416], [107.50172502, 47.97276507], [107.50173449, 47.97272152], [107.50173669, 47.97267801], [107.50173436, 47.97256904], [107.50173645, 47.97253966], [107.50174089, 47.97251371], [107.50176251, 47.97243077], [107.50178841, 47.97235108], [107.50181849, 47.97227496], [107.50185265, 47.97220264], [107.50187697, 47.97215861], [107.50190527, 47.97211339], [107.50193782, 47.97206657], [107.50197513, 47.9720174], [107.50205903, 47.97191703], [107.50221104, 47.97174783], [107.50233004, 47.97161609], [107.50241973, 47.97152218], [107.50250541, 47.97143963], [107.50258885, 47.9713671], [107.50271454, 47.97125924], [107.50277695, 47.97121065], [107.5028108, 47.97118771], [107.50284401, 47.97116792], [107.50287714, 47.97115093], [107.50291052, 47.97113659], [107.50297753, 47.97111409], [107.50305456, 47.97109479], [107.50314175, 47.97107867], [107.5032399, 47.97106556], [107.50329117, 47.97106117], [107.50334907, 47.97105885], [107.50355654, 47.97105865], [107.5037568, 47.97105677], [107.50395574, 47.97105681], [107.50415324, 47.97105877], [107.50434916, 47.97106265], [107.50457976, 47.97107089], [107.5048368, 47.971085], [107.50507911, 47.97110149], [107.50562101, 47.97114167], [107.50585935, 47.9711574], [107.5061309, 47.97117535], [107.5067391, 47.97121971], [107.50700746, 47.97123684], [107.50732385, 47.97125162], [107.50746881, 47.97125567], [107.50760754, 47.97125758], [107.50778249, 47.97125725], [107.50797688, 47.97125414], [107.50857328, 47.97123648], [107.50869237, 47.97123454], [107.50896013, 47.97123428], [107.50907678, 47.9712318], [107.50921296, 47.97122363], [107.50927447, 47.97121725], [107.50933269, 47.97120924], [107.50944926, 47.97118787], [107.50957444, 47.9711587], [107.5097111, 47.97112122], [107.50988061, 47.97106955], [107.51002143, 47.97102461], [107.51012156, 47.97099006], [107.51020917, 47.97095621], [107.51028553, 47.97092234], [107.51033982, 47.97089488], [107.51039421, 47.97086439], [107.51044901, 47.97083069], [107.51050476, 47.97079345], [107.51061969, 47.97070826], [107.51076084, 47.97059266], [107.51084248, 47.97052094], [107.51092259, 47.97044446], [107.5110012, 47.97036318], [107.51107835, 47.97027708], [107.51113545, 47.97020474], [107.51126508, 47.97001571], [107.51129864, 47.96997057], [107.51133098, 47.96993098], [107.51143315, 47.96981736], [107.51152699, 47.96972448], [107.5116289, 47.96962777], [107.5116847, 47.96957966], [107.51174324, 47.96953772], [107.51177229, 47.96952054], [107.51180163, 47.96950562], [107.51186163, 47.96948138], [107.51193354, 47.96945936], [107.51201676, 47.96943931], [107.51214579, 47.96941295], [107.51224151, 47.96939553], [107.51234038, 47.96938119], [107.51244191, 47.96937], [107.51254551, 47.96936203], [107.51265061, 47.96935733], [107.51275646, 47.96935592], [107.51286234, 47.96935783], [107.51296746, 47.96936303], [107.51308959, 47.96937193], [107.51318146, 47.96938137], [107.5132625, 47.96939335], [107.51333416, 47.96940822], [107.51340566, 47.96942839], [107.51348175, 47.96945532], [107.51356373, 47.96948924], [107.51367333, 47.96953915], [107.5137629, 47.96958468], [107.51385734, 47.96964057], [107.51393513, 47.96969139], [107.51410409, 47.9698076], [107.5141801, 47.96985797], [107.51434518, 47.96996575], [107.51470874, 47.97020799], [107.51486774, 47.97031119], [107.51503586, 47.97042366], [107.51508398, 47.97045229], [107.5151293, 47.97047574], [107.51520446, 47.97050795], [107.51529174, 47.97053867], [107.51539248, 47.97056863], [107.51553181, 47.97060528], [107.5156549, 47.97063581], [107.51574983, 47.9706566], [107.51583622, 47.97067193], [107.5159159, 47.970682], [107.51599415, 47.97068689], [107.51608254, 47.9706871], [107.51615816, 47.97068432], [107.51640667, 47.97067124], [107.51671525, 47.97065883], [107.51740887, 47.97062148], [107.51757138, 47.9706148], [107.51771913, 47.97061054], [107.51807369, 47.97059811], [107.51820791, 47.97059532], [107.51835164, 47.97059696], [107.51847956, 47.9706045], [107.5186404, 47.97061902], [107.51874835, 47.97063214], [107.51884364, 47.97064872], [107.51892646, 47.97066919], [107.51898391, 47.97068811], [107.51904574, 47.97071273], [107.51923399, 47.9708008], [107.51940423, 47.97087374], [107.51946786, 47.97090358], [107.51952905, 47.97093863], [107.51955387, 47.97095625], [107.51957525, 47.97097423], [107.51961057, 47.97101318], [107.51964145, 47.97106099], [107.51966596, 47.97111119], [107.51971432, 47.97122661], [107.51977012, 47.97135872], [107.51978997, 47.97141578], [107.51980538, 47.97146939], [107.5198126, 47.97150396], [107.51981753, 47.97154212], [107.51982519, 47.97172593], [107.51983007, 47.97177006], [107.51983777, 47.97180924], [107.51986786, 47.97191849], [107.51990013, 47.97200831], [107.51993773, 47.97208742], [107.5199588, 47.97212343], [107.51998151, 47.9721573], [107.52003106, 47.97221896], [107.52009315, 47.9722831], [107.52016881, 47.9723509], [107.52026411, 47.9724278], [107.52037127, 47.97250817], [107.520464, 47.97257063], [107.52055301, 47.97262237], [107.52064015, 47.97266433], [107.52073583, 47.97270202], [107.52083655, 47.97273497], [107.52093952, 47.97276226], [107.52104217, 47.97278321], [107.52113715, 47.97279586], [107.52124516, 47.97280299], [107.52136241, 47.97280515], [107.52156618, 47.97280363], [107.52177748, 47.9728], [107.52196437, 47.97279106], [107.52213532, 47.97277639], [107.52221565, 47.97276683], [107.5222929, 47.97275574], [107.52240879, 47.97273537], [107.52253138, 47.97270945], [107.52266282, 47.97267754], [107.52281018, 47.97263794], [107.52292904, 47.97260196], [107.52320028, 47.9725123], [107.52333249, 47.97247333], [107.52360312, 47.97240008], [107.52371653, 47.97236778], [107.52383317, 47.97233088], [107.52393453, 47.97229395], [107.52399714, 47.972267], [107.52406409, 47.97223359], [107.5242777, 47.97211231], [107.52435868, 47.97206961], [107.52444244, 47.97203216], [107.52448276, 47.97201712], [107.52452266, 47.9720043], [107.52458973, 47.97198605], [107.52466436, 47.9719687], [107.52474825, 47.97195179], [107.52485202, 47.9719332], [107.52498348, 47.97191211], [107.52510016, 47.97189673], [107.5252081, 47.97188627], [107.52530906, 47.97188058], [107.52543112, 47.97187997], [107.52556457, 47.97188614], [107.52571235, 47.9718991], [107.52589743, 47.97192084], [107.52596755, 47.97193104], [107.5260438, 47.97194473], [107.52638261, 47.97201817], [107.5264639, 47.97203359], [107.52653745, 47.97204512], [107.52673136, 47.97206888], [107.52692411, 47.97208649], [107.52711436, 47.97209782], [107.52730101, 47.97210281], [107.5274186, 47.97210229], [107.5275475, 47.97209849], [107.52769011, 47.97209147], [107.52788627, 47.97207928], [107.52820166, 47.97205931], [107.52838605, 47.97204388], [107.52847396, 47.97203421], [107.52855588, 47.97202334], [107.52863313, 47.97201109], [107.5287064, 47.97199736], [107.52879624, 47.97198311], [107.52888743, 47.97197351], [107.52897945, 47.9719686], [107.52907176, 47.97196841], [107.52916382, 47.97197294], [107.5292156, 47.97198021], [107.52944444, 47.97205556], [107.52962156, 47.9721267], [107.52966786, 47.97216115], [107.5297142, 47.97220966], [107.52975215, 47.97226136], [107.52978121, 47.97231558], [107.52980102, 47.97237166], [107.52982297, 47.97245537], [107.52982371, 47.9724746], [107.52981327, 47.97257175], [107.5297852, 47.97266749], [107.52976634, 47.97274662], [107.52975597, 47.97281477], [107.52975316, 47.97287715], [107.52975525, 47.97298535], [107.52976065, 47.97305576], [107.52977166, 47.97311885], [107.52978882, 47.97317436], [107.5298054, 47.97321111], [107.52982688, 47.97324877], [107.52985344, 47.97328766], [107.52988548, 47.97332837], [107.52996064, 47.97341059], [107.53010306, 47.97355057], [107.53016939, 47.9736132], [107.5302432, 47.97367644], [107.53032518, 47.97374089], [107.53041678, 47.97380769], [107.53050609, 47.97386904], [107.53060841, 47.97393617], [107.53100043, 47.97418354], [107.53119947, 47.97431019], [107.53138166, 47.97442306], [107.5315541, 47.97452657], [107.53171955, 47.97462235], [107.53188134, 47.97471228], [107.53203942, 47.9747963], [107.53219478, 47.97487492], [107.53234808, 47.97494848], [107.5325966, 47.97506072], [107.53284512, 47.97516559], [107.53309307, 47.97526284], [107.53333996, 47.9753523], [107.53366554, 47.97546591], [107.53386138, 47.97552888], [107.53395671, 47.97555633], [107.5340473, 47.97557989], [107.5341346, 47.97559996], [107.53421937, 47.9756167], [107.5343703, 47.97564251], [107.53449349, 47.97565996], [107.53460538, 47.97567135], [107.53470838, 47.97567685], [107.5348401, 47.97567684], [107.53497361, 47.97567006], [107.53510608, 47.97565663], [107.53523475, 47.97563684], [107.53529807, 47.97562371], [107.53536764, 47.97560608], [107.53563098, 47.97552876], [107.53593271, 47.97544383], [107.53601516, 47.9754225], [107.53608986, 47.9754051], [107.53621629, 47.9753777], [107.5362995, 47.97536135], [107.53637604, 47.97534887], [107.53644595, 47.97534047], [107.53657041, 47.97533165], [107.53669083, 47.97532935], [107.53680484, 47.97533361], [107.536859, 47.97533819], [107.53691107, 47.97534438], [107.53700285, 47.97536049], [107.53710126, 47.97538461], [107.5372083, 47.97541708], [107.53733953, 47.97546263], [107.53740314, 47.97548749], [107.53747163, 47.97551803], [107.53769021, 47.97562743], [107.53777216, 47.97566592], [107.53796985, 47.97575655], [107.53805369, 47.97579308], [107.53814267, 47.97582769], [107.53822521, 47.97585456], [107.53831258, 47.97587734], [107.53841186, 47.97589819], [107.53852272, 47.97591741], [107.53869451, 47.97594352], [107.53877049, 47.97595247], [107.53892062, 47.97596393], [107.53898187, 47.97596996], [107.5390443, 47.97597922], [107.53909839, 47.97599135], [107.53917402, 47.97601278], [107.53922977, 47.9760315], [107.53927615, 47.97605103], [107.53931367, 47.97607173], [107.53935098, 47.97609987], [107.53938579, 47.97613476], [107.53941808, 47.97617636], [107.53944798, 47.97622485], [107.53946451, 47.976264], [107.53947408, 47.9763096], [107.53947736, 47.97635383], [107.53947868, 47.97645274], [107.5394823, 47.97649371], [107.53949127, 47.97656912], [107.53950781, 47.97674781], [107.53951981, 47.97683553], [107.53952961, 47.97688566], [107.53954133, 47.97693204], [107.5395552, 47.97697559], [107.53957137, 47.97701678], [107.53959827, 47.97707535], [107.53962641, 47.97712961], [107.53965606, 47.9771801], [107.53968736, 47.97722706], [107.53976156, 47.97732532], [107.53979619, 47.97736586], [107.53983064, 47.97740249], [107.5398659, 47.97743614], [107.53990182, 47.97746661], [107.53993861, 47.97749409], [107.53997641, 47.97751866], [107.54003175, 47.97754915], [107.54009593, 47.9775791], [107.54016979, 47.97760893], [107.54025712, 47.97764017], [107.54037592, 47.97767696], [107.54049539, 47.97770677], [107.54061302, 47.97772899], [107.54067061, 47.97773714], [107.54072713, 47.97774329], [107.54081502, 47.97774843], [107.54091346, 47.97774857], [107.54102165, 47.97774415], [107.54119157, 47.97773301], [107.54133925, 47.97772412], [107.54141488, 47.97771786], [107.5414865, 47.97770874], [107.54154907, 47.97769671], [107.54162705, 47.97767751], [107.54168724, 47.97765963], [107.5417373, 47.9776408], [107.54177781, 47.97762069], [107.54180405, 47.97760321], [107.54182801, 47.97758246], [107.54184991, 47.97755828], [107.54187006, 47.97753031], [107.54190312, 47.97746909], [107.54195459, 47.97734716], [107.54197281, 47.97729939], [107.54198667, 47.97724548], [107.54199631, 47.97718824], [107.5420168, 47.97702658], [107.54202701, 47.97697731], [107.54203995, 47.97693376], [107.54209361, 47.97677427], [107.54211188, 47.97672781], [107.54213055, 47.97668702], [107.54215271, 47.97664632], [107.54217682, 47.97660965], [107.54220326, 47.97657642], [107.54223226, 47.97654636], [107.54228666, 47.97650107], [107.54235435, 47.97645519], [107.5424363, 47.97640794], [107.54253986, 47.97635507], [107.5426526, 47.97630309], [107.5427579, 47.97626116], [107.54285847, 47.9762282], [107.54290724, 47.976215], [107.54295511, 47.97620397], [107.54302467, 47.97619181], [107.54310421, 47.97618254], [107.54318728, 47.9761762], [107.54335481, 47.97616673], [107.54355712, 47.9761569], [107.54375932, 47.97615302], [107.54395997, 47.9761551], [107.54415771, 47.97616313], [107.5443022, 47.9761743], [107.54446267, 47.97619262], [107.54461353, 47.9762137], [107.54494856, 47.97626453], [107.54509354, 47.97628429], [107.54521202, 47.97629753], [107.54549836, 47.97632398], [107.54562744, 47.97633795], [107.54576222, 47.97635725], [107.5458802, 47.97638037], [107.54602866, 47.97641672], [107.54616328, 47.97645511], [107.54628532, 47.97649589], [107.54639523, 47.97653923], [107.54643789, 47.97655878], [107.54648067, 47.97658084], [107.54656866, 47.97663361], [107.54665094, 47.97669048], [107.54685993, 47.97684467], [107.54692423, 47.97688746], [107.54698474, 47.97692348], [107.54706183, 47.97696521], [107.5471439, 47.97700722], [107.5473263, 47.97709376], [107.54753171, 47.97718362], [107.54784941, 47.97731581], [107.54800896, 47.97737933], [107.54818845, 47.97744583], [107.54837903, 47.97751263], [107.5489169, 47.97769613], [107.54908103, 47.97775511], [107.54922634, 47.97781028], [107.5493029, 47.97784194], [107.54938569, 47.97787948], [107.54972253, 47.97804656], [107.54980146, 47.97808354], [107.54987331, 47.9781148], [107.54995825, 47.97814801], [107.5500396, 47.97817537], [107.55011899, 47.97819743], [107.55019729, 47.97821442], [107.55031521, 47.97823442], [107.5504243, 47.97824885], [107.55052646, 47.97825793], [107.55062231, 47.97826174], [107.5507029, 47.97826112], [107.55078633, 47.97825728], [107.55087208, 47.97825024], [107.55095939, 47.97824006], [107.55105459, 47.9782261], [107.55113598, 47.97821132], [107.55120848, 47.97819482], [107.55127326, 47.97817632], [107.55134342, 47.97815035], [107.5514173, 47.97811597], [107.55149204, 47.97807546], [107.55162376, 47.97799825], [107.55174332, 47.97792483], [107.55186546, 47.9778413], [107.55199267, 47.97774601], [107.55213406, 47.97763215], [107.55220478, 47.97757043], [107.55227856, 47.97749971], [107.55235039, 47.97742587], [107.55254125, 47.97722294], [107.55260145, 47.97716263], [107.55265778, 47.97710965], [107.55282781, 47.97695477], [107.55292988, 47.97686574], [107.55302945, 47.97678534], [107.55312444, 47.97671613], [107.55319423, 47.97666985], [107.5532688, 47.97662361], [107.55334843, 47.97657724], [107.55343354, 47.97653051], [107.55352407, 47.9764834], [107.55362158, 47.97643509], [107.55384512, 47.97633115], [107.55400858, 47.97625945], [107.55416207, 47.97619575], [107.55430903, 47.97613864], [107.55445095, 47.97608754], [107.5545896, 47.97604184], [107.55472499, 47.97600158], [107.55485767, 47.97596659], [107.554988, 47.97593677], [107.55520353, 47.97589396], [107.55538403, 47.97586448], [107.55546827, 47.97585356], [107.55554892, 47.97584516], [107.55562656, 47.97583923], [107.55570154, 47.97583575], [107.55582282, 47.97583406], [107.55594168, 47.97583652], [107.55605685, 47.9758431], [107.55616737, 47.97585375], [107.55626308, 47.97586715], [107.55636593, 47.97588578], [107.55647835, 47.97591001], [107.55661558, 47.97594311], [107.55666793, 47.97595724], [107.55672532, 47.97597483], [107.55697045, 47.97605735], [107.55703138, 47.97607495], [107.55708771, 47.97608868], [107.55723283, 47.97611706], [107.55737835, 47.97613877], [107.55752196, 47.97615349], [107.55766189, 47.97616103], [107.5577683, 47.9761617], [107.55788275, 47.97615784], [107.55800694, 47.97614941], [107.55814672, 47.97613604], [107.55823197, 47.97612543], [107.55832023, 47.9761115], [107.55841238, 47.97609412], [107.55851015, 47.97607296], [107.55869508, 47.97602718], [107.55910798, 47.97591595], [107.55918803, 47.97589407], [107.55927565, 47.97586761], [107.55960273, 47.97575935], [107.55974099, 47.97571698], [107.55981693, 47.97569642], [107.55988873, 47.97567931], [107.55995782, 47.97566531], [107.5600249, 47.97565427], [107.56013052, 47.97564074], [107.5602425, 47.97562982], [107.56036132, 47.97562145], [107.56048792, 47.97561556], [107.5605685, 47.97561374], [107.56065815, 47.97561376], [107.56093193, 47.97561984], [107.56103464, 47.97562373], [107.5611487, 47.97563106], [107.56155404, 47.97566735], [107.56171638, 47.97567891], [107.56180289, 47.97568269], [107.56188374, 47.97568418], [107.56196047, 47.97568342], [107.56203386, 47.9756804], [107.56214142, 47.97567327], [107.56223853, 47.97566492], [107.56232847, 47.97565507], [107.56241243, 47.97564357], [107.56257478, 47.97562075], [107.5626558, 47.97560632], [107.56272928, 47.97558737], [107.56276065, 47.97557637], [107.5627889, 47.97556421], [107.56285523, 47.9755282], [107.56291362, 47.97548769], [107.56293839, 47.97546673], [107.56295989, 47.9754456], [107.56297789, 47.97542449], [107.56299228, 47.97540357], [107.56300694, 47.97537336], [107.5630173, 47.97533832], [107.56302362, 47.97529794], [107.56302678, 47.97524671], [107.56302524, 47.97521252], [107.56301835, 47.97517439], [107.56297333, 47.97502086], [107.56296094, 47.97497339], [107.56292702, 47.97486512], [107.56291528, 47.97481609], [107.56290975, 47.97475971], [107.56291127, 47.97473418], [107.56291566, 47.97470996], [107.56293162, 47.97464836], [107.562947, 47.97460842], [107.56296716, 47.97457614], [107.5629791, 47.97456315], [107.56299238, 47.97455215], [107.56300758, 47.97454269], [107.56302573, 47.97453399], [107.56307146, 47.97451864], [107.56312789, 47.97450603], [107.56322178, 47.97449027], [107.56331303, 47.97447857], [107.5634092, 47.97447317], [107.56350677, 47.97447425], [107.56360175, 47.97448178], [107.56367897, 47.97449451], [107.56376304, 47.97451581], [107.56384936, 47.97454344], [107.56400915, 47.9746004], [107.56412435, 47.97464399], [107.5642485, 47.97469794], [107.56436004, 47.97475096], [107.56465788, 47.97489809], [107.56476287, 47.97495036], [107.56497684, 47.97506349], [107.56507001, 47.97511093], [107.56517079, 47.97515812], [107.56526441, 47.97519673], [107.56540795, 47.97524931], [107.5655387, 47.97529235], [107.56566197, 47.9753276], [107.56577947, 47.9753555], [107.5658481, 47.97536897], [107.56591991, 47.97538102], [107.56607402, 47.97540097], [107.56624404, 47.9754157], [107.5664381, 47.97542592], [107.5665641, 47.97542866], [107.56670175, 47.97542741], [107.56685433, 47.97542225], [107.56705028, 47.97541223], [107.56737358, 47.975392], [107.56749918, 47.97538166], [107.56761373, 47.97537017], [107.56772369, 47.97535678], [107.56782688, 47.97534164], [107.56792447, 47.97532457], [107.56801711, 47.97530546], [107.56819979, 47.97526599], [107.56829669, 47.97524161], [107.56834234, 47.97522784], [107.56838352, 47.97521347], [107.5684209, 47.97519829], [107.56845478, 47.97518215], [107.56853099, 47.97513851], [107.56859919, 47.97509077], [107.56865578, 47.97504147], [107.56867912, 47.97501675], [107.56869895, 47.97499221], [107.56871791, 47.97496331], [107.56873398, 47.97493185], [107.56874714, 47.97489786], [107.56875737, 47.9748614], [107.56876466, 47.9748225], [107.56876897, 47.97478132], [107.56877029, 47.97473796], [107.56876862, 47.97469265], [107.56876053, 47.97463074], [107.5687449, 47.9745688], [107.56872227, 47.97450899], [107.56869333, 47.9744531], [107.56867113, 47.9744201], [107.56864367, 47.9743868], [107.56861075, 47.97435294], [107.56857189, 47.97431802], [107.5685305, 47.97428456], [107.56848182, 47.97424828], [107.56831829, 47.97413512], [107.56826701, 47.97410133], [107.5682108, 47.97406815], [107.56814915, 47.97403528], [107.56808107, 47.97400218], [107.56793756, 47.97393965], [107.56764495, 47.97382326], [107.56752469, 47.97377292], [107.56740379, 47.97371657], [107.56730155, 47.9736612], [107.5670889, 47.973543], [107.56700166, 47.97348989], [107.56695908, 47.97346018], [107.56692244, 47.97343111], [107.56689105, 47.97340214], [107.56686461, 47.97337297], [107.56682454, 47.97331872], [107.566791, 47.97326194], [107.56676518, 47.97320466], [107.56674782, 47.97314854], [107.5667366, 47.97308254], [107.56673438, 47.97301892], [107.56674122, 47.97296004], [107.56675698, 47.9729071], [107.56677549, 47.97286885], [107.56680023, 47.97282994], [107.56683068, 47.97279119], [107.56686611, 47.97275352], [107.56690565, 47.97271787], [107.56694833, 47.97268511], [107.56699314, 47.97265601], [107.56703914, 47.97263117], [107.56707548, 47.97261524], [107.56711617, 47.97260071], [107.56716138, 47.97258751], [107.56721144, 47.97257554], [107.56726552, 47.97256493], [107.56732577, 47.97255518], [107.5674782, 47.97253621], [107.56753728, 47.97253087], [107.56759941, 47.97252758], [107.56766501, 47.9725263], [107.56773476, 47.97252702], [107.56788628, 47.97253419], [107.56809176, 47.97255087], [107.56822051, 47.97256413], [107.5683498, 47.97258116], [107.56847889, 47.97260187], [107.56860702, 47.97262611], [107.56873342, 47.97265377], [107.56885738, 47.97268466], [107.56897817, 47.97271862], [107.56909512, 47.97275546], [107.56916834, 47.97278125], [107.56924327, 47.97281048], [107.56932064, 47.97284342], [107.56940193, 47.97288071], [107.56955227, 47.97295531], [107.56989584, 47.97313486], [107.56995859, 47.97316866], [107.57009424, 47.97324817], [107.57015539, 47.9732819], [107.57022272, 47.9733143], [107.57028636, 47.97333898], [107.57033369, 47.9733539], [107.57038403, 47.97336769], [107.57049406, 47.97339192], [107.57061711, 47.97341181], [107.57075568, 47.9734278], [107.5708939, 47.97343843], [107.5710198, 47.9734425], [107.57113559, 47.97344006], [107.57118989, 47.9734364], [107.57124189, 47.9734311], [107.57133447, 47.97341706], [107.57143156, 47.97339669], [107.57153302, 47.97337002], [107.57163874, 47.97333707], [107.57169004, 47.97331854], [107.571742, 47.97329706], [107.57179513, 47.97327242], [107.57185047, 47.97324414], [107.57194742, 47.97318941], [107.57219459, 47.9730408], [107.57226622, 47.97299754], [107.57234236, 47.97294652], [107.57241805, 47.97289185], [107.57262085, 47.97274012], [107.57268399, 47.9726958], [107.5727422, 47.97265771], [107.57281152, 47.97261653], [107.57287918, 47.97258122], [107.57294652, 47.97255107], [107.57301427, 47.97252577], [107.57313019, 47.97248962], [107.57324683, 47.97245894], [107.57336188, 47.97243434], [107.57347373, 47.97241614], [107.57356879, 47.97240408], [107.57365186, 47.97239545], [107.57372827, 47.97238971], [107.57379921, 47.97238678], [107.57386635, 47.97238665], [107.57392928, 47.97238935], [107.57398832, 47.97239492], [107.57404365, 47.97240336], [107.57412751, 47.97242193], [107.57421148, 47.97244655], [107.57429209, 47.97247621], [107.57436592, 47.97250966], [107.57442042, 47.97254168], [107.57447445, 47.97258297], [107.57452111, 47.97262561], [107.57462357, 47.97272734], [107.57467483, 47.97277235], [107.57473676, 47.97282411], [107.57489057, 47.97295866], [107.57497783, 47.97302797], [107.57502875, 47.97306353], [107.57507875, 47.9730944], [107.57512879, 47.97312119], [107.57517937, 47.97314417], [107.57526864, 47.97317817], [107.57536118, 47.97320769], [107.57545374, 47.97323168], [107.57554386, 47.97324951], [107.57562152, 47.97325969], [107.57570418, 47.97326534], [107.57579199, 47.97326647], [107.57588519, 47.97326308], [107.57598353, 47.97325523], [107.57608827, 47.97324284], [107.57620043, 47.97322582], [107.57632347, 47.97320364], [107.57646634, 47.97317333], [107.57659244, 47.97314052], [107.57670431, 47.97310454], [107.57675513, 47.97308529], [107.57680263, 47.97306517], [107.57690464, 47.97301523], [107.5769983, 47.97296083], [107.57704109, 47.97293248], [107.57708091, 47.97290355], [107.57711756, 47.97287418], [107.57715089, 47.97284449], [107.57719517, 47.97279824], [107.57723768, 47.97274453], [107.57727942, 47.9726824], [107.57732886, 47.97259926], [107.57736363, 47.9725311], [107.57739486, 47.97245324], [107.57741905, 47.97237977], [107.57747726, 47.97218441], [107.57749917, 47.97210839], [107.57753636, 47.97195177], [107.57755415, 47.97188542], [107.57757732, 47.97181649], [107.57760384, 47.97175586], [107.57766012, 47.97163626], [107.57769382, 47.97157644], [107.57771352, 47.97154837], [107.57773431, 47.97152355], [107.57775654, 47.97150158], [107.5777804, 47.97148227], [107.5778086, 47.97146356], [107.57784091, 47.97144553], [107.57787743, 47.97142813], [107.57791829, 47.97141129], [107.5780132, 47.97137915], [107.57813289, 47.97134664], [107.57822751, 47.97132549], [107.57831946, 47.97130986], [107.57840712, 47.97130002], [107.5784896, 47.97129606], [107.57855073, 47.97129666], [107.57861307, 47.97129996], [107.5786756, 47.97130589], [107.57873729, 47.97131437], [107.5787971, 47.97132523], [107.57885432, 47.97133835], [107.57890822, 47.97135355], [107.57895821, 47.97137068], [107.57899459, 47.97138555], [107.57903123, 47.97140288], [107.5791056, 47.97144505], [107.57918194, 47.97149749], [107.57926361, 47.97156248], [107.57929452, 47.97159074], [107.57932349, 47.97162182], [107.57935085, 47.97165604], [107.57937713, 47.97169408], [107.57941943, 47.97176666], [107.57950954, 47.97194159], [107.57953544, 47.97198546], [107.57956133, 47.97202407], [107.5796704, 47.97218232], [107.5797199, 47.97224961], [107.5797757, 47.97231614], [107.57983229, 47.97237274], [107.57991958, 47.97245023], [107.57998687, 47.97250322], [107.58005245, 47.97254614], [107.58008485, 47.97256383], [107.58011729, 47.97257919], [107.58015972, 47.97259644], [107.58020491, 47.97261233], [107.58025234, 47.97262668], [107.58030144, 47.97263931], [107.58035158, 47.97265006], [107.58040215, 47.9726588], [107.58045255, 47.97266543], [107.58050219, 47.97266987], [107.58056282, 47.97267263], [107.58062262, 47.97267267], [107.58068014, 47.97266999], [107.58073438, 47.97266465], [107.58080345, 47.97265271], [107.58087686, 47.97263384], [107.58095577, 47.97260782], [107.58104677, 47.97257248], [107.58115798, 47.97252425], [107.58124148, 47.97248123], [107.58127647, 47.97245982], [107.58130694, 47.97243843], [107.58133306, 47.97241694], [107.58135491, 47.97239527], [107.58137984, 47.97236068], [107.58139842, 47.97231852], [107.58141004, 47.97227613], [107.58143104, 47.97217293], [107.58144702, 47.97212358], [107.58148581, 47.97204418], [107.58158507, 47.97186997], [107.58162073, 47.9717933], [107.5816305, 47.97176377], [107.58163808, 47.97173016], [107.58165429, 47.97160519], [107.58166442, 47.97155547], [107.58167274, 47.97152956], [107.58168299, 47.9715061], [107.58169537, 47.97148463], [107.58171001, 47.97146491], [107.58175469, 47.97141606], [107.58180002, 47.97137547], [107.58184613, 47.97134306], [107.58189292, 47.97131889], [107.58194713, 47.97130017], [107.58201184, 47.97128556], [107.5820857, 47.97127541], [107.5821652, 47.9712702], [107.58219548, 47.97127021], [107.5822271, 47.97127214], [107.58229607, 47.97128193], [107.58236102, 47.9712961], [107.58250647, 47.97133298], [107.58257049, 47.97134622], [107.5826682, 47.9713644], [107.58291388, 47.97141349], [107.58304621, 47.97143612], [107.58311955, 47.97144588], [107.58318812, 47.97145257], [107.58325326, 47.97145632], [107.58331563, 47.97145717], [107.58345102, 47.97145276], [107.58357747, 47.97144231], [107.5836369, 47.97143485], [107.58369368, 47.97142593], [107.58374773, 47.97141554], [107.58379899, 47.97140372], [107.58390838, 47.97137322], [107.58400394, 47.97134033], [107.58408507, 47.97130523], [107.58412012, 47.9712869], [107.58415145, 47.97126807], [107.58418823, 47.97124112], [107.58422194, 47.97120985], [107.58425287, 47.97117398], [107.58428152, 47.97113296], [107.58430518, 47.97109222], [107.5843286, 47.97104513], [107.58440604, 47.97086501], [107.5844293, 47.97080711], [107.58444879, 47.97074119], [107.58446302, 47.97067788], [107.58449128, 47.97053113], [107.58450792, 47.97046236], [107.5845269, 47.97040352], [107.58454942, 47.97035093], [107.58459454, 47.97026787], [107.58465186, 47.97017839], [107.58472197, 47.97008093], [107.58482511, 47.96994739], [107.58498178, 47.9697496], [107.58504036, 47.96968044], [107.58509585, 47.96961896], [107.58515317, 47.96956004], [107.58521028, 47.96950618], [107.58526794, 47.96945664], [107.58532659, 47.96941105], [107.58540222, 47.96935832], [107.58548892, 47.96930355], [107.58558868, 47.9692454], [107.5857163, 47.96917523], [107.5858467, 47.96910846], [107.58599539, 47.96903927], [107.58616241, 47.96896716], [107.58641906, 47.9688614], [107.5866838, 47.96875555], [107.58693587, 47.96866059], [107.58717901, 47.96857509], [107.58741518, 47.96849838], [107.5875642, 47.9684564], [107.58784046, 47.9683885], [107.58794678, 47.96836071], [107.58805252, 47.96832944], [107.5881447, 47.96829746], [107.58830619, 47.96823818], [107.58838746, 47.96820511], [107.58845965, 47.96816952], [107.58848994, 47.96815146], [107.58851682, 47.96813297], [107.58854235, 47.9681126], [107.58856703, 47.96809003], [107.58861455, 47.96803762], [107.58866029, 47.96797529], [107.58871584, 47.96788725], [107.58875252, 47.96781964], [107.58878504, 47.96774368], [107.5888143, 47.96765783], [107.58884657, 47.96754373], [107.588858, 47.96748712], [107.58887611, 47.96734593], [107.58888493, 47.96730725], [107.58889642, 47.96727299], [107.58892872, 47.96719073], [107.58895227, 47.96714311], [107.58898041, 47.96710287], [107.58899613, 47.96708622], [107.58901313, 47.96707169], [107.58903637, 47.96705607], [107.58906392, 47.96704143], [107.58909592, 47.9670277], [107.58913263, 47.96701476], [107.58921878, 47.96699136], [107.58934587, 47.96696485], [107.58943281, 47.96695144], [107.58953218, 47.96694338], [107.58964, 47.96694017], [107.58983059, 47.96693972], [107.58993035, 47.96694155], [107.59018112, 47.96695501], [107.59029634, 47.9669576], [107.5904754, 47.96695628], [107.59059681, 47.96695236], [107.59070554, 47.96694439], [107.59080217, 47.96693199], [107.59089953, 47.96691268], [107.59100544, 47.96688449], [107.59111238, 47.9668506], [107.59132273, 47.96677834], [107.59147265, 47.96672449], [107.59163535, 47.96665883], [107.59178703, 47.96659273], [107.59214, 47.96643352], [107.59231594, 47.96635858], [107.59241526, 47.9663157], [107.59263378, 47.96621508], [107.59272996, 47.96617434], [107.59279034, 47.96615147], [107.59284782, 47.96613215], [107.59290356, 47.966116], [107.59295814, 47.96610284], [107.59310422, 47.96607147], [107.59319788, 47.96605592], [107.59324176, 47.96605122], [107.5932826, 47.96604889], [107.59332093, 47.9660489], [107.59335702, 47.96605125], [107.593411, 47.96605949], [107.59347029, 47.96607395], [107.59353381, 47.96609391], [107.59363565, 47.9661301], [107.5937458, 47.96617087], [107.59383073, 47.96620674], [107.59390177, 47.9662425], [107.59396004, 47.96627886], [107.59398905, 47.96630137], [107.59401628, 47.96632672], [107.59404203, 47.96635518], [107.59406681, 47.96638731], [107.59410311, 47.96644334], [107.5941754, 47.9665725], [107.59420996, 47.96662798], [107.59429063, 47.9667513], [107.59437473, 47.96688964], [107.59445508, 47.9670293], [107.59466304, 47.96740046], [107.59478734, 47.96760825], [107.59496871, 47.96791224], [107.59503647, 47.96802035], [107.59511767, 47.96813667], [107.59515814, 47.96818868], [107.59519922, 47.96823751], [107.59529257, 47.96833721], [107.59540394, 47.96844356], [107.59553377, 47.96855765], [107.59573065, 47.96872215], [107.59579497, 47.96877894], [107.59594361, 47.96891961], [107.59602188, 47.96898547], [107.59606987, 47.96902002], [107.59611738, 47.96904937], [107.59616532, 47.96907406], [107.59621419, 47.96909436], [107.59628495, 47.96911903], [107.59635249, 47.96913993], [107.59641627, 47.9691569], [107.59647601, 47.96916985], [107.59653138, 47.96917874], [107.59662271, 47.96919455], [107.59666667, 47.96919444], [107.5967143, 47.96918295], [107.5967928, 47.96913951], [107.59683544, 47.96911416], [107.596874, 47.96908711], [107.59691575, 47.96905418], [107.59707174, 47.96891886], [107.59712854, 47.96886972], [107.59718344, 47.96881606], [107.59723697, 47.96875738], [107.59729008, 47.96869262], [107.59733643, 47.96863088], [107.59738553, 47.96856069], [107.59756811, 47.96828326], [107.59773128, 47.96805366], [107.59780172, 47.96794599], [107.59783405, 47.9678898], [107.59786091, 47.96783673], [107.59788278, 47.9677858], [107.59789989, 47.96773651], [107.59791498, 47.96768193], [107.59792734, 47.96762657], [107.59793689, 47.96757076], [107.59794357, 47.96751481], [107.59794734, 47.96745904], [107.5979482, 47.96740375], [107.59794614, 47.96734921], [107.59794116, 47.96729568], [107.59792776, 47.96722742], [107.59790308, 47.96715226], [107.59787212, 47.96707912], [107.5977848, 47.96689252], [107.59776302, 47.9668383], [107.5977467, 47.96678922], [107.5977099, 47.96665038], [107.59767867, 47.96650386], [107.59765275, 47.96634845], [107.5976317, 47.96618164], [107.59762492, 47.96610421], [107.59762095, 47.96602316], [107.59761974, 47.96593761], [107.59762126, 47.96584585], [107.59762954, 47.96567817], [107.59765653, 47.96530011], [107.59766349, 47.96513083], [107.59766198, 47.9649593], [107.597643, 47.96456512], [107.59763981, 47.96438897], [107.59764236, 47.96429271], [107.5976485, 47.96420319], [107.59765836, 47.96411858], [107.59767205, 47.96403798], [107.59768948, 47.96395851], [107.59771086, 47.96387612], [107.59773633, 47.96379019], [107.59776622, 47.96369964], [107.5978385, 47.9635055], [107.59794879, 47.96323705], [107.59805016, 47.962997], [107.59812379, 47.96283586], [107.59819807, 47.9626914], [107.59827413, 47.96256274], [107.59831704, 47.96249878], [107.59836548, 47.96243306], [107.59841998, 47.96236493], [107.59848156, 47.96229304], [107.59860246, 47.96216168], [107.59890671, 47.96184607], [107.59898582, 47.96175906], [107.59905378, 47.96167948], [107.59936404, 47.96131695], [107.59948676, 47.96116551], [107.59954824, 47.96108287], [107.59960177, 47.96100466], [107.59964838, 47.96092938], [107.59968854, 47.96085625], [107.59975844, 47.96070992], [107.59981586, 47.96056798], [107.59983986, 47.96049874], [107.59986071, 47.96043068], [107.59987839, 47.96036383], [107.59989292, 47.96029819], [107.59990579, 47.96022404], [107.59991533, 47.96014777], [107.59992152, 47.96006939], [107.59992437, 47.95998887], [107.59992389, 47.95990622], [107.59992006, 47.95982142], [107.5999129, 47.95973443], [107.59990238, 47.95964522], [107.59988494, 47.95952938], [107.59986517, 47.95942408], [107.59984248, 47.95932609], [107.59981656, 47.95923419], [107.59978697, 47.95914697], [107.59975369, 47.9590645], [107.59971656, 47.95898641], [107.59967546, 47.95891246], [107.59964481, 47.95886415], [107.59960989, 47.95881446], [107.59957042, 47.95876292], [107.59952575, 47.95870873], [107.59942656, 47.95859788], [107.5992489, 47.95841127], [107.59913483, 47.95829534], [107.59900288, 47.9581697], [107.59885645, 47.95803675], [107.59860635, 47.95781563], [107.59848843, 47.95771283], [107.59836292, 47.9576065], [107.59808236, 47.95737762], [107.5978502, 47.95719446], [107.5972655, 47.95674144], [107.59699979, 47.95653228], [107.5969106, 47.95646287], [107.59681036, 47.95638819], [107.59630762, 47.95603144], [107.5961884, 47.95594345], [107.59608481, 47.95586317], [107.59596983, 47.95576785], [107.59586881, 47.9556762], [107.59577968, 47.95558636], [107.59570151, 47.95549737], [107.59563456, 47.95541301], [107.59557039, 47.95532642], [107.59550931, 47.95523801], [107.59545164, 47.95514826], [107.59542087, 47.95509402], [107.5953912, 47.95503227], [107.59530747, 47.95482483], [107.59527389, 47.95474958], [107.59523501, 47.95467762], [107.59519254, 47.95461488], [107.59510915, 47.95450272], [107.59505837, 47.95444252], [107.59503121, 47.95441503], [107.59500383, 47.9543908], [107.59497582, 47.95436946], [107.59494694, 47.95435082], [107.59491509, 47.95433376], [107.59487922, 47.95431781], [107.594839, 47.95430281], [107.59479372, 47.95428849], [107.59470084, 47.95426443], [107.59449672, 47.95421909], [107.59436669, 47.95419162], [107.59412317, 47.95414874], [107.59402754, 47.95413037], [107.59381969, 47.95409441], [107.59375328, 47.95408126], [107.59368111, 47.95406233], [107.59362165, 47.9540402], [107.59359021, 47.95402494], [107.59355897, 47.9540072], [107.5934959, 47.95396353], [107.59343327, 47.95391089], [107.59333599, 47.95381961], [107.59328031, 47.95376205], [107.59322623, 47.95369459], [107.59317887, 47.95362643], [107.59306528, 47.95345109], [107.59303017, 47.95340207], [107.59299607, 47.95335901], [107.59293587, 47.95329077], [107.59286421, 47.95321633], [107.59262819, 47.95298932], [107.59255304, 47.95291471], [107.59249196, 47.95285008], [107.59243947, 47.95278978], [107.59237231, 47.95270654], [107.59230658, 47.95262039], [107.59224221, 47.95253123], [107.59217909, 47.95243893], [107.59211718, 47.95234341], [107.5920563, 47.95224441], [107.5919963, 47.95214167], [107.59193696, 47.95203484], [107.59189442, 47.95194986], [107.591853, 47.95185363], [107.59181754, 47.95176109], [107.59173825, 47.95154182], [107.59169541, 47.95143421], [107.59164992, 47.95133557], [107.59160185, 47.95124775], [107.59153197, 47.95113248], [107.59147846, 47.95105005], [107.59142612, 47.95097706], [107.59137384, 47.95091233], [107.5913127, 47.95084683], [107.59123765, 47.95077646], [107.59116674, 47.95071544], [107.5909538, 47.95053867], [107.59072817, 47.95034826], [107.59064495, 47.95027602], [107.59044327, 47.95010293], [107.59036102, 47.9500283], [107.59028356, 47.94994873], [107.59025156, 47.949911], [107.59022351, 47.94987401], [107.59018911, 47.94982238], [107.59015554, 47.94976512], [107.59012196, 47.9497009], [107.59008416, 47.94962173], [107.59003724, 47.94950865], [107.58999674, 47.94938602], [107.58996199, 47.94925193], [107.58993134, 47.94910013], [107.58991672, 47.94900114], [107.58990749, 47.94889778], [107.58990358, 47.94878933], [107.58990494, 47.94867458], [107.5899113, 47.94855592], [107.58992279, 47.94842634], [107.5899395, 47.9482831], [107.58996542, 47.94809185], [107.58999027, 47.94794116], [107.59002346, 47.9477847], [107.59006525, 47.94762116], [107.59011627, 47.94744813], [107.5901733, 47.94727445], [107.59024153, 47.94708262], [107.59031772, 47.94687996], [107.59045711, 47.9465198], [107.59052734, 47.94635067], [107.59071316, 47.94593716], [107.59075973, 47.94582199], [107.59079717, 47.94571746], [107.5908709, 47.94549201], [107.59089122, 47.94541542], [107.59090532, 47.94534607], [107.59091639, 47.94525011], [107.59091902, 47.94514247], [107.59091522, 47.94504147], [107.59089807, 47.94477862], [107.59088704, 47.9446354], [107.59085296, 47.94436102], [107.59084177, 47.94424884], [107.59083633, 47.94413232], [107.5908394, 47.94402785], [107.59085092, 47.94391775], [107.59087017, 47.94379755], [107.59089731, 47.94366471], [107.59093905, 47.94348637], [107.59098915, 47.94329573], [107.59104855, 47.94310121], [107.59111729, 47.94290272], [107.59119541, 47.94270011], [107.59125007, 47.94257002], [107.59130956, 47.94243803], [107.59137396, 47.94230396], [107.59144336, 47.94216762], [107.59151782, 47.94202889], [107.59159755, 47.94188736], [107.59168275, 47.94174269], [107.5917737, 47.94159439], [107.59200022, 47.94122709], [107.59207009, 47.94112001], [107.59213572, 47.94102532], [107.59220716, 47.94092959], [107.59227852, 47.94084192], [107.59235097, 47.94076086], [107.59242517, 47.94068568], [107.59250993, 47.94060914], [107.59260534, 47.94053245], [107.59271242, 47.94045478], [107.59283334, 47.94037454], [107.59294168, 47.94030737], [107.5930659, 47.94023404], [107.59358942, 47.93993717], [107.5936952, 47.93987409], [107.59378954, 47.93981525], [107.59395784, 47.93971048], [107.59433047, 47.93948581], [107.59447682, 47.93939429], [107.59456814, 47.93933454], [107.5946513, 47.9392776], [107.59472797, 47.9392223], [107.59479899, 47.93916805], [107.59492181, 47.93906657], [107.59505182, 47.93894971], [107.59517645, 47.93883072], [107.59544467, 47.93856691], [107.59554554, 47.93847146], [107.59580309, 47.938234], [107.5959356, 47.93810499], [107.59600495, 47.93803223], [107.59606612, 47.9379632], [107.59612032, 47.93789654], [107.59616809, 47.93783157], [107.59621798, 47.93775469], [107.59626442, 47.93767255], [107.59630792, 47.93758428], [107.59634931, 47.93748816], [107.59638087, 47.93740608], [107.59641316, 47.93731423], [107.59652149, 47.93697603], [107.59656885, 47.93683863], [107.5966078, 47.93672725], [107.59664775, 47.93660271], [107.5967722, 47.93617923], [107.59682218, 47.93601826], [107.59687784, 47.93585755], [107.59693485, 47.93571404], [107.59698323, 47.93560495], [107.59703702, 47.93549176], [107.59709672, 47.93537339], [107.59716336, 47.9352478], [107.59730586, 47.93499394], [107.59757922, 47.93452638], [107.59766098, 47.93439005], [107.59788125, 47.93403597], [107.59794284, 47.93393097], [107.59799509, 47.93383582], [107.59802773, 47.93377741], [107.59811086, 47.93363744], [107.59814879, 47.93356609], [107.59816723, 47.93352521], [107.59818162, 47.93348683], [107.59819226, 47.93345021], [107.59819924, 47.93341495], [107.59820313, 47.93337906], [107.59820435, 47.93334135], [107.59819879, 47.93325919], [107.59818309, 47.93316774], [107.59815217, 47.9330376], [107.59813928, 47.93299252], [107.59812265, 47.932946], [107.59810209, 47.9328976], [107.59807729, 47.93284651], [107.59802115, 47.93274569], [107.59790162, 47.93255135], [107.59785447, 47.93247058], [107.59781051, 47.93238555], [107.59777775, 47.93230817], [107.59774085, 47.93220414], [107.59770814, 47.93210248], [107.59767958, 47.93200306], [107.59765514, 47.93190577], [107.59763481, 47.93181051], [107.59761856, 47.93171724], [107.59760639, 47.93162591], [107.59759831, 47.93153649], [107.59759435, 47.93145639], [107.59759332, 47.93137471], [107.59759523, 47.9312915], [107.59760005, 47.9312068], [107.59760781, 47.93112065], [107.59761849, 47.93103313], [107.59763208, 47.93094429], [107.59764858, 47.93085421], [107.59766225, 47.93079276], [107.59767945, 47.93072884], [107.59772533, 47.93059035], [107.59777695, 47.93045847], [107.5979102, 47.93014074], [107.59794334, 47.9300546], [107.59797059, 47.92997658], [107.59801402, 47.92983751], [107.5980582, 47.92968171], [107.5982264, 47.92903537], [107.5982656, 47.92890013], [107.5983046, 47.92877702], [107.59836307, 47.92861305], [107.59851185, 47.92822648], [107.59854759, 47.92812498], [107.59857698, 47.92803295], [107.59860989, 47.92791227], [107.59863774, 47.92778606], [107.59866075, 47.92765325], [107.59867928, 47.92751191], [107.59869304, 47.9273675], [107.59870363, 47.92720736], [107.59872703, 47.92657756], [107.59873466, 47.92643553], [107.59874415, 47.92630833], [107.59875922, 47.92616228], [107.59877828, 47.92602639], [107.59880172, 47.92589797], [107.59882979, 47.92577567], [107.59887049, 47.92562547], [107.59892041, 47.92545864], [107.59909646, 47.9249182], [107.59925692, 47.92442878], [107.59941069, 47.9239764], [107.59956154, 47.92355007], [107.59971129, 47.92314466], [107.59994981, 47.92251826], [107.60012668, 47.92207404], [107.60021267, 47.92186812], [107.60029687, 47.92167386], [107.60038036, 47.92148871], [107.60046381, 47.92131123], [107.60062247, 47.92098872], [107.60078574, 47.9206721], [107.60095364, 47.92036135], [107.60112617, 47.92005647], [107.60130333, 47.91975745], [107.60148512, 47.91946429], [107.60167154, 47.91917698], [107.6018626, 47.91889552], [107.60202145, 47.91867113], [107.6021888, 47.91844327], [107.60236499, 47.91821149], [107.60255048, 47.9179752], [107.60274551, 47.91773406], [107.60295112, 47.91748678], [107.60316824, 47.91723222], [107.60339839, 47.91696863], [107.60380467, 47.91650523], [107.60399244, 47.91629387], [107.60418465, 47.91608329], [107.60436196, 47.9158962], [107.60454704, 47.91570977], [107.60472738, 47.91553779], [107.60490587, 47.91537752], [107.60508412, 47.91522752], [107.60536786, 47.91499704], [107.60555211, 47.91485476], [107.60564214, 47.91478937], [107.60572903, 47.91472939], [107.6058141, 47.91467392], [107.60589807, 47.9146225], [107.60610605, 47.91450281], [107.6061972, 47.91445347], [107.60628393, 47.91440888], [107.60636875, 47.91436777], [107.60645131, 47.91433037], [107.60653223, 47.91429641], [107.60661189, 47.91426571], [107.60671849, 47.91422792], [107.60682372, 47.91419341], [107.6069274, 47.91416227], [107.60702936, 47.91413453], [107.60712944, 47.91411023], [107.60722758, 47.9140894], [107.60732367, 47.91407206], [107.60741765, 47.9140582], [107.60752568, 47.91404605], [107.60763747, 47.91403724], [107.6077524, 47.91403182], [107.60786974, 47.91402982], [107.60798883, 47.91403127], [107.60810862, 47.91403615], [107.60822813, 47.91404442], [107.6083463, 47.91405602], [107.60843902, 47.9140685], [107.60853497, 47.91408537], [107.6086351, 47.9141068], [107.60874131, 47.91413319], [107.60883464, 47.91415894], [107.60893798, 47.9141896], [107.60927702, 47.91429675], [107.60940166, 47.91433476], [107.60968766, 47.91442183], [107.60997817, 47.91451564], [107.61027374, 47.91461638], [107.61057519, 47.91472432], [107.61067647, 47.91476437], [107.61088841, 47.91485685], [107.61098191, 47.91489507], [107.61108344, 47.91493075], [107.61113125, 47.9149448], [107.61117792, 47.91495658], [107.61131109, 47.91498444], [107.6114356, 47.91500448], [107.61155179, 47.91501677], [107.61160676, 47.91502001], [107.61165964, 47.9150213], [107.6117292, 47.91501979], [107.61180184, 47.91501439], [107.61187796, 47.91500508], [107.61195827, 47.91499178], [107.61204123, 47.91497487], [107.6121311, 47.91495363], [107.61222958, 47.91492773], [107.61235675, 47.91489191], [107.61248158, 47.91485555], [107.61257587, 47.91482633], [107.61265934, 47.91479812], [107.61273334, 47.91477038], [107.6128015, 47.91474161], [107.61286232, 47.91471229], [107.61291633, 47.91468215], [107.6129638, 47.91465104], [107.61301057, 47.9146139], [107.61305415, 47.91457159], [107.61309491, 47.91452376], [107.61313345, 47.91446969], [107.61316688, 47.91441485], [107.61320057, 47.91435178], [107.61330355, 47.91413245], [107.61335015, 47.9140249], [107.61339208, 47.91390294], [107.6134263, 47.91378189], [107.61349702, 47.91350366], [107.61353061, 47.91336792], [107.61355957, 47.91322541], [107.61358423, 47.91307463], [107.61360508, 47.91291257], [107.61361941, 47.91277179], [107.61363233, 47.91261458], [107.6136783, 47.91192472], [107.61369422, 47.91175296], [107.61371263, 47.91159782], [107.6137346, 47.9114512], [107.61376026, 47.91131305], [107.61378996, 47.91118148], [107.61382395, 47.91105545], [107.61383896, 47.91099683], [107.61386793, 47.91086172], [107.61388465, 47.91080075], [107.61391144, 47.91073246], [107.61392745, 47.9107023], [107.61394545, 47.91067426], [107.61398084, 47.91062979], [107.61402678, 47.91058217], [107.61407874, 47.91053471], [107.61418701, 47.91044171], [107.61423951, 47.91039728], [107.61429659, 47.91035203], [107.6144276, 47.9102567], [107.61453826, 47.91018205], [107.61482105, 47.90999896], [107.61494837, 47.90991351], [107.61562824, 47.90944392], [107.61613498, 47.90908607], [107.61626802, 47.9089953], [107.61638957, 47.9089157], [107.6167008, 47.90871906], [107.61694007, 47.90857534], [107.61705338, 47.90851088], [107.61716269, 47.90845134], [107.61726927, 47.90839603], [107.61737385, 47.90834456], [107.61760306, 47.90823748], [107.61779596, 47.90815362], [107.6179754, 47.90808305], [107.61806141, 47.90805226], [107.61814564, 47.90802422], [107.61830094, 47.90797808], [107.61847428, 47.90793337], [107.61866958, 47.90788889], [107.61892409, 47.90783617], [107.61906535, 47.90781019], [107.61922261, 47.90778608], [107.61939655, 47.90776341], [107.61990786, 47.90770245], [107.62006762, 47.90767957], [107.62020945, 47.90765547], [107.62048989, 47.90760715], [107.62060522, 47.9075851], [107.62072178, 47.90755789], [107.6208221, 47.90752795], [107.62089517, 47.9075019], [107.62096707, 47.90747361], [107.62103721, 47.90744331], [107.62110504, 47.90741124], [107.62116999, 47.90737767], [107.62123168, 47.90734281], [107.6212897, 47.90730687], [107.62134375, 47.90727007], [107.62140876, 47.90722126], [107.62146971, 47.90717083], [107.62152577, 47.90711945], [107.62157638, 47.90706763], [107.62162101, 47.90701596], [107.62165948, 47.90696465], [107.6216916, 47.90691399], [107.62171721, 47.9068642], [107.6217319, 47.90682679], [107.62174327, 47.90678677], [107.62175142, 47.90674376], [107.62175649, 47.90669703], [107.62175842, 47.90660331], [107.6217505, 47.90640934], [107.62174564, 47.90628072], [107.62173544, 47.90616008], [107.62171977, 47.90604593], [107.62169851, 47.90593751], [107.62166771, 47.90581816], [107.62162983, 47.90569955], [107.62158518, 47.90558261], [107.6215341, 47.90546825], [107.62149657, 47.90539596], [107.62145239, 47.90532158], [107.6214011, 47.90524433], [107.6213417, 47.90516268], [107.62122885, 47.90502101], [107.62099516, 47.9047462], [107.62090089, 47.90463129], [107.62069112, 47.90437382], [107.62044944, 47.90408971], [107.62021733, 47.90382469], [107.61961596, 47.90314697], [107.61947158, 47.90298619], [107.61930786, 47.90281098], [107.61912347, 47.90261951], [107.6185767, 47.90205999], [107.61840827, 47.90188206], [107.61826131, 47.90172122], [107.61809731, 47.90153263], [107.61795205, 47.90135411], [107.61782257, 47.90118206], [107.61770753, 47.90101464], [107.61759015, 47.9008264], [107.61746863, 47.90061433], [107.61735129, 47.90039602], [107.6171192, 47.89994958], [107.61694801, 47.89963487], [107.61688694, 47.89951881], [107.61682509, 47.89939151], [107.61677574, 47.89927626], [107.6167197, 47.8991272], [107.61667353, 47.89898838], [107.61663628, 47.89885687], [107.61660759, 47.8987314], [107.61658971, 47.89863261], [107.6165755, 47.89853393], [107.616565, 47.8984356], [107.61655822, 47.89833785], [107.61655518, 47.89824089], [107.61655588, 47.8981449], [107.61656034, 47.89805006], [107.61656852, 47.89795654], [107.61658154, 47.89785199], [107.61659746, 47.89775204], [107.61661637, 47.89765626], [107.61663829, 47.89756443], [107.61666331, 47.89747626], [107.61669144, 47.89739173], [107.6167227, 47.89731075], [107.61675713, 47.89723325], [107.61678081, 47.89718655], [107.61680759, 47.89713959], [107.61687068, 47.89704443], [107.61694708, 47.89694673], [107.61703833, 47.89684452], [107.61712327, 47.89675801], [107.61722309, 47.89666286], [107.61755597, 47.8963636], [107.61766852, 47.89625959], [107.61776757, 47.89616261], [107.61785215, 47.89607303], [107.61795793, 47.89595912], [107.61821082, 47.89569575], [107.61832794, 47.89556706], [107.61839247, 47.89549085], [107.61844929, 47.8954187], [107.61849952, 47.89534916], [107.61854371, 47.8952815], [107.61864018, 47.89511881], [107.6186777, 47.89504943], [107.61871013, 47.89498433], [107.61873846, 47.89492137], [107.61876244, 47.89486094], [107.61878226, 47.89480255], [107.61879803, 47.89474592], [107.61882153, 47.89463342], [107.61883523, 47.89452638], [107.61883914, 47.89442484], [107.61883325, 47.89432886], [107.61882165, 47.89426273], [107.61880112, 47.89418929], [107.61869987, 47.89391564], [107.61867038, 47.89381821], [107.61861102, 47.89360264], [107.61858367, 47.89351392], [107.61854434, 47.89340774], [107.61850075, 47.89331473], [107.61846547, 47.89325211], [107.6184247, 47.8931877], [107.61837807, 47.89312092], [107.61832483, 47.8930507], [107.61820582, 47.89290737], [107.61798968, 47.89266416], [107.61788786, 47.89255178], [107.61777937, 47.8924377], [107.61766388, 47.89232154], [107.61754085, 47.89220278], [107.61741018, 47.89208127], [107.6172703, 47.89195553], [107.61711978, 47.89182429], [107.61695566, 47.89168495], [107.61685973, 47.89160671], [107.6167569, 47.89152723], [107.61664639, 47.89144588], [107.61652674, 47.89136161], [107.61639515, 47.89127245], [107.61624732, 47.89117552], [107.61563744, 47.89078869], [107.61537641, 47.89061768], [107.61523745, 47.89052215], [107.61511092, 47.89043115], [107.61499428, 47.89034284], [107.61488631, 47.8902563], [107.61470897, 47.89010749], [107.61454251, 47.88996311], [107.61438593, 47.88982231], [107.61423862, 47.88968452], [107.61411772, 47.88956696], [107.61399878, 47.88944711], [107.61388183, 47.889325], [107.6137669, 47.88920065], [107.613654, 47.88907409], [107.61354318, 47.88894536], [107.61343446, 47.88881448], [107.61332787, 47.8886815], [107.61322342, 47.88854642], [107.61312116, 47.88840932], [107.61302114, 47.88827025], [107.61292338, 47.88812924], [107.61282792, 47.88798634], [107.61273479, 47.88784163], [107.61264404, 47.88769515], [107.6125557, 47.88754696], [107.6125025, 47.88745935], [107.61235706, 47.8872295], [107.61228282, 47.88709973], [107.61224786, 47.8870288], [107.61221977, 47.88696203], [107.61219803, 47.88689813], [107.6121824, 47.88683647], [107.61217331, 47.88678502], [107.61216692, 47.88673109], [107.61216318, 47.88667433], [107.61216206, 47.88661409], [107.61216728, 47.88648337], [107.61218387, 47.88630666], [107.61219088, 47.88625542], [107.61220175, 47.88619837], [107.61225829, 47.88595684], [107.61226781, 47.88590118], [107.61227343, 47.88585052], [107.61227628, 47.88578566], [107.61227501, 47.8857178], [107.61226963, 47.88564623], [107.61226001, 47.88556948], [107.61223499, 47.88542947], [107.61216807, 47.88511775], [107.6121454, 47.88498308], [107.61213147, 47.88486136], [107.61210816, 47.884589], [107.6120953, 47.88446843], [107.61207596, 47.88434137], [107.61205118, 47.8842284], [107.61202937, 47.8841499], [107.61200396, 47.8840691], [107.61194174, 47.8838989], [107.61186324, 47.88371391], [107.61176124, 47.88349709], [107.61162378, 47.88320348], [107.61158451, 47.88312597], [107.61154672, 47.88305755], [107.611503, 47.88298635], [107.61145792, 47.88292138], [107.61141068, 47.8828615], [107.61136083, 47.88280613], [107.61130794, 47.88275332], [107.61125179, 47.88270129], [107.61119264, 47.88265032], [107.61113083, 47.88260066], [107.61106666, 47.88255258], [107.61100047, 47.88250632], [107.61093256, 47.8824621], [107.61086325, 47.88242012], [107.61073394, 47.88234764], [107.61061821, 47.88228946], [107.61050829, 47.88224168], [107.61045492, 47.88222145], [107.61040233, 47.88220356], [107.61035047, 47.88218882], [107.6102915, 47.88217562], [107.61022263, 47.88216329], [107.61001239, 47.88213015], [107.60994732, 47.88211665], [107.60989092, 47.88210167], [107.60978591, 47.88206749], [107.60968295, 47.88202886], [107.60958352, 47.88198633], [107.60948905, 47.88194052], [107.60935714, 47.88186921], [107.60930348, 47.88183719], [107.6092556, 47.88180621], [107.60921226, 47.88177539], [107.60917377, 47.88174491], [107.6091399, 47.88171456], [107.60911052, 47.88168424], [107.60908947, 47.88165884], [107.60906985, 47.88163123], [107.60903403, 47.88156816], [107.609004, 47.88149965], [107.6089539, 47.88136614], [107.60893054, 47.88129827], [107.60891227, 47.88122674], [107.60889891, 47.88115083], [107.60889023, 47.8810692], [107.60888635, 47.88099401], [107.60888551, 47.88091009], [107.60889431, 47.88060855], [107.60889437, 47.88048717], [107.60888666, 47.88036263], [107.60887941, 47.88030584], [107.60886979, 47.88025173], [107.60885972, 47.88019411], [107.60883966, 47.880052], [107.60882483, 47.87997945], [107.60881319, 47.87993949], [107.60879944, 47.87990298], [107.60878331, 47.87986922], [107.60876462, 47.87983787], [107.60871722, 47.87977528], [107.60865677, 47.87971098], [107.60858361, 47.87964534], [107.60849849, 47.87957903], [107.60845298, 47.87954835], [107.6084019, 47.87951882], [107.6083447, 47.87949012], [107.60828024, 47.87946166], [107.608156, 47.87941408], [107.60785821, 47.87931072], [107.60778603, 47.87928294], [107.60772288, 47.87925608], [107.60743114, 47.87913171], [107.60732095, 47.87908182], [107.60726231, 47.87905274], [107.60720949, 47.87902425], [107.60716146, 47.8789958], [107.60711774, 47.8789671], [107.6070163, 47.87889233], [107.60692807, 47.87881784], [107.60688914, 47.8787809], [107.60685371, 47.8787442], [107.60682183, 47.87870781], [107.60679353, 47.87867174], [107.60676634, 47.87863199], [107.60674144, 47.8785895], [107.60671875, 47.87854413], [107.60669813, 47.87849561], [107.60667961, 47.87844413], [107.60666273, 47.87838855], [107.6066322, 47.87825914], [107.60662321, 47.87820718], [107.60661694, 47.87815315], [107.60661336, 47.87809687], [107.60661245, 47.87803806], [107.60661856, 47.87791195], [107.60663563, 47.87776713], [107.60664792, 47.87769193], [107.6066628, 47.87761824], [107.60668024, 47.8775462], [107.60670021, 47.87747593], [107.60672268, 47.87740756], [107.60674761, 47.87734117], [107.60677498, 47.87727682], [107.60680476, 47.87721458], [107.60684415, 47.87714224], [107.60688972, 47.87706856], [107.60694159, 47.87699334], [107.60699997, 47.87691627], [107.60706484, 47.87683734], [107.60713699, 47.87675553], [107.60721716, 47.87667], [107.6073072, 47.87657878], [107.60738695, 47.87650329], [107.60748002, 47.87642181], [107.60758289, 47.87633669], [107.60776579, 47.87618994], [107.60782763, 47.87614253], [107.60801642, 47.87600521], [107.60807199, 47.87595975], [107.60811769, 47.87591706], [107.60819403, 47.87583881], [107.60824175, 47.87578414], [107.60827818, 47.87573323], [107.60830294, 47.8756858], [107.60831503, 47.87565253], [107.6083243, 47.87561774], [107.60833063, 47.87558181], [107.60833395, 47.8755452], [107.60833421, 47.87550838], [107.60833141, 47.87547186], [107.60832558, 47.87543614], [107.6083168, 47.87540167], [107.60830511, 47.87536876], [107.60828987, 47.87533526], [107.60827121, 47.87530145], [107.60824931, 47.8752677], [107.60822439, 47.87523432], [107.60819678, 47.87520178], [107.60816683, 47.87517051], [107.60813496, 47.87514091], [107.60810174, 47.87511346], [107.60806563, 47.87508669], [107.60802712, 47.87506097], [107.60798672, 47.87503665], [107.607945, 47.87501405], [107.60790241, 47.87499342], [107.60785943, 47.87497499], [107.60781647, 47.87495894], [107.60777949, 47.87494755], [107.60773928, 47.87493786], [107.60769541, 47.87492975], [107.60764698, 47.87492307], [107.60756936, 47.87491575], [107.6073692, 47.87490364], [107.60727894, 47.87489548], [107.6064643, 47.87479448], [107.60619443, 47.87476252], [107.60588677, 47.87473011], [107.6056102, 47.87470633], [107.60535278, 47.87468953], [107.6050655, 47.87467554], [107.60478102, 47.87466501], [107.60414473, 47.874645], [107.60397158, 47.87464129], [107.60357495, 47.87464002], [107.60339804, 47.87463701], [107.60330146, 47.87463337], [107.60321172, 47.87462825], [107.60312698, 47.87462154], [107.60304634, 47.87461316], [107.6027989, 47.87458612], [107.60267022, 47.87456797], [107.60260818, 47.87455645], [107.60255147, 47.8745436], [107.60249915, 47.87452921], [107.60245075, 47.87451314], [107.60239182, 47.87449014], [107.60233311, 47.87446412], [107.60227558, 47.8744355], [107.60222034, 47.87440485], [107.60217316, 47.87437527], [107.60212706, 47.87434249], [107.60208197, 47.87430644], [107.60203777, 47.87426704], [107.60199449, 47.87422431], [107.60195172, 47.8741779], [107.60190919, 47.8741275], [107.60186621, 47.8740723], [107.60183951, 47.87403464], [107.60181419, 47.87399462], [107.6017671, 47.87390655], [107.60172374, 47.87380629], [107.60167779, 47.87367924], [107.60166096, 47.87362349], [107.60164745, 47.87356472], [107.60163709, 47.87350231], [107.60162967, 47.87343501], [107.60162331, 47.87331088], [107.60161984, 47.87302249], [107.60161603, 47.87295077], [107.60160993, 47.87288611], [107.60159951, 47.87276412], [107.60158551, 47.87247739], [107.60157911, 47.87240501], [107.60157075, 47.87233998], [107.60155609, 47.872261], [107.60153699, 47.87218826], [107.60151305, 47.87212031], [107.60148402, 47.87205645], [107.60143043, 47.87195308], [107.60139, 47.87188513], [107.60134713, 47.87182629], [107.60130128, 47.87177678], [107.60126546, 47.87174513], [107.601225, 47.87171381], [107.60118001, 47.87168292], [107.6011307, 47.87165258], [107.60107716, 47.87162288], [107.60101984, 47.87159406], [107.60095915, 47.87156634], [107.60089573, 47.87154], [107.60082831, 47.87151543], [107.6007556, 47.87149298], [107.60067768, 47.87147266], [107.60059464, 47.87145452], [107.60050655, 47.87143855], [107.60041361, 47.8714248], [107.600316, 47.8714133], [107.60021402, 47.87140409], [107.60014929, 47.87140029], [107.60008121, 47.87139868], [107.6000091, 47.87139924], [107.59993165, 47.87140198], [107.59978055, 47.87141193], [107.59945655, 47.87144017], [107.59930239, 47.87145369], [107.59914197, 47.87147097], [107.59897364, 47.87149219], [107.5987942, 47.87151774], [107.59845886, 47.87157153], [107.59767018, 47.87170767], [107.59743863, 47.8717487], [107.59718376, 47.87179956], [107.59692594, 47.87185524], [107.59623154, 47.87201062], [107.5960212, 47.87205481], [107.59583163, 47.87209185], [107.59561356, 47.87213018], [107.59540852, 47.8721611], [107.59521248, 47.8721852], [107.59502339, 47.87220274], [107.59476682, 47.87222279], [107.59461657, 47.87223222], [107.59447639, 47.87223715], [107.59435018, 47.87223689], [107.59409741, 47.87222859], [107.59400057, 47.87222252], [107.59391301, 47.87221462], [107.59382979, 47.8722043], [107.59375286, 47.87219166], [107.59368144, 47.87217655], [107.59361512, 47.8721589], [107.59353283, 47.87213059], [107.59344477, 47.87209256], [107.59336685, 47.87205391], [107.59315436, 47.87194227], [107.59302108, 47.87187426], [107.59287553, 47.87179594], [107.59240433, 47.87152974], [107.59222908, 47.87143339], [107.59191233, 47.87126757], [107.59155323, 47.87108741], [107.59120943, 47.87091996], [107.59041361, 47.87053764], [107.59004005, 47.87035435], [107.58971961, 47.87019181], [107.58943186, 47.87003965], [107.58915216, 47.86988708], [107.5888755, 47.86973376], [107.5886019, 47.86957971], [107.58833143, 47.86942495], [107.58806411, 47.86926952], [107.58779998, 47.86911344], [107.58753908, 47.86895671], [107.58728144, 47.86879937], [107.58702712, 47.86864144], [107.58677612, 47.86848294], [107.58652848, 47.86832388], [107.58628422, 47.86816428], [107.58604337, 47.86800416], [107.58580595, 47.86784353], [107.585572, 47.86768241], [107.58534153, 47.86752082], [107.58511128, 47.86735428], [107.584877, 47.86717756], [107.58463665, 47.86698912], [107.58438659, 47.86678614], [107.58414143, 47.86658117], [107.58387394, 47.8663521], [107.58285436, 47.86545792], [107.58262406, 47.86525859], [107.58241531, 47.8650809], [107.58217226, 47.86487862], [107.58194144, 47.86469201], [107.58171832, 47.86451739], [107.58150053, 47.86435294], [107.58124871, 47.86416847], [107.58096462, 47.86396445], [107.57995567, 47.86325244], [107.57934449, 47.86281032], [107.57917686, 47.86269396], [107.57902317, 47.86259225], [107.57881802, 47.86246129], [107.57864297, 47.86235211], [107.57848085, 47.86225401], [107.57832775, 47.86216467], [107.57817799, 47.86208086], [107.57803257, 47.86200324], [107.57789015, 47.8619311], [107.57774993, 47.86186404], [107.57759485, 47.86179409], [107.5774296, 47.86172345], [107.57725267, 47.86165144], [107.5770609, 47.86157678], [107.57699806, 47.86155395], [107.57692675, 47.86153024], [107.57665698, 47.8614482], [107.57654756, 47.86141243], [107.57643796, 47.8613708], [107.57638996, 47.86134966], [107.57634567, 47.86132795], [107.57629219, 47.86129874], [107.5762384, 47.86126634], [107.57618381, 47.86123047], [107.57612749, 47.86119052], [107.57601764, 47.86110546], [107.57582048, 47.86094241], [107.57578289, 47.86091017], [107.57574327, 47.86087302], [107.57560408, 47.86073056], [107.57554426, 47.86067352], [107.57547639, 47.86061793], [107.57544269, 47.86059438], [107.57540857, 47.86057324], [107.57536265, 47.86054818], [107.57531227, 47.86052377], [107.575257, 47.8604998], [107.57519601, 47.8604759], [107.57506369, 47.86043013], [107.57483565, 47.86035905], [107.57475144, 47.86033423], [107.57466199, 47.86031099], [107.57456645, 47.86028909], [107.57446311, 47.86026816], [107.57425985, 47.86023288], [107.57387206, 47.8601741], [107.57371618, 47.8601488], [107.57355701, 47.86011919], [107.57341648, 47.86008816], [107.57324504, 47.86004576], [107.57307883, 47.86000258], [107.5729176, 47.85995855], [107.5727612, 47.85991364], [107.57245582, 47.85982171], [107.57221718, 47.8597445], [107.57200612, 47.85966933], [107.57190939, 47.8596319], [107.5718176, 47.85959422], [107.57174207, 47.85956113], [107.5716646, 47.85952494], [107.5714997, 47.85944133], [107.57134787, 47.85935833], [107.5710227, 47.85917433], [107.57089368, 47.85910407], [107.57076467, 47.85903385], [107.57043953, 47.85885009], [107.57028771, 47.85876715], [107.5701228, 47.85868345], [107.56996978, 47.85861391], [107.56972902, 47.85850995], [107.56959346, 47.85845627], [107.56952603, 47.85843263], [107.5694619, 47.85841256], [107.56940001, 47.85839575], [107.56933981, 47.85838205], [107.56927932, 47.8583711], [107.56921488, 47.85836224], [107.56914583, 47.85835539], [107.56907085, 47.8583504], [107.56893136, 47.8583459], [107.56857877, 47.85834232], [107.56847354, 47.85834057], [107.5683561, 47.8583409], [107.56797566, 47.85834882], [107.56784028, 47.85835038], [107.56771137, 47.85834938], [107.56759493, 47.85834542], [107.56726077, 47.85833114], [107.56716697, 47.85832546], [107.56708365, 47.8583187], [107.56699782, 47.85830943], [107.56691869, 47.85829819], [107.56684492, 47.85828481], [107.56677586, 47.85826914], [107.56671517, 47.85825283], [107.56665345, 47.85823417], [107.56652684, 47.8581898], [107.56639589, 47.858136], [107.5662601, 47.85807255], [107.56619967, 47.85804138], [107.56613888, 47.85800737], [107.56607745, 47.85797034], [107.56601492, 47.85793005], [107.56588548, 47.85783904], [107.56573688, 47.85772476], [107.56560313, 47.85761408], [107.56548544, 47.85750693], [107.56538261, 47.85740222], [107.56533662, 47.85735063], [107.56529418, 47.85729948], [107.56524084, 47.85723091], [107.56519418, 47.85716714], [107.565153, 47.85710653], [107.56511687, 47.85704844], [107.56508533, 47.85699206], [107.56505842, 47.85693744], [107.56503604, 47.85688435], [107.56501812, 47.85683263], [107.5650054, 47.85678533], [107.56499559, 47.85673555], [107.56498861, 47.85668297], [107.56498439, 47.85662702], [107.56498386, 47.85650516], [107.56499387, 47.85634124], [107.56500921, 47.85620053], [107.56503345, 47.85606452], [107.56506647, 47.85593383], [107.56510816, 47.8558089], [107.56512797, 47.85576325], [107.56515478, 47.85571314], [107.56525851, 47.85554886], [107.56529389, 47.85548734], [107.56532222, 47.85542552], [107.56533944, 47.85536855], [107.56536112, 47.85528067], [107.56536813, 47.85523678], [107.56536737, 47.85519537], [107.5653635, 47.85517704], [107.56535726, 47.85516003], [107.56533584, 47.85512217], [107.56530711, 47.8550858], [107.56527394, 47.85505452], [107.5652384, 47.85503024], [107.5652185, 47.85502059], [107.56519556, 47.85501236], [107.56516937, 47.85500547], [107.56513944, 47.8549998], [107.56508182, 47.85499285], [107.56492671, 47.85498044], [107.56471977, 47.85495799], [107.56463948, 47.85495159], [107.56456612, 47.85494767], [107.56449553, 47.85494609], [107.56442923, 47.85494703], [107.56436653, 47.85495047], [107.56430706, 47.85495645], [107.56424368, 47.85496632], [107.56417372, 47.85498096], [107.56394573, 47.85504021], [107.5638111, 47.85507552], [107.56366633, 47.85511622], [107.56350767, 47.85516331], [107.56330825, 47.85522474], [107.56312269, 47.8552865], [107.56269368, 47.8554401], [107.56258166, 47.85547706], [107.56247886, 47.85550816], [107.56217887, 47.85559293], [107.56196569, 47.85564722], [107.56186547, 47.85566964], [107.5617701, 47.85568865], [107.56167836, 47.85570447], [107.56158957, 47.85571722], [107.56148074, 47.85573027], [107.561377, 47.85574079], [107.56127753, 47.85574885], [107.5611819, 47.8557545], [107.56108964, 47.85575774], [107.56100071, 47.85575858], [107.56091497, 47.85575702], [107.56083229, 47.85575305], [107.56075718, 47.85574731], [107.56068075, 47.85573958], [107.56052482, 47.85571826], [107.56036659, 47.85568938], [107.56020891, 47.85565343], [107.5601179, 47.85562875], [107.56002519, 47.85559997], [107.55993053, 47.85556699], [107.55983348, 47.85552968], [107.55973417, 47.85548812], [107.55963102, 47.85544168], [107.55952276, 47.85538979], [107.55940587, 47.85533078], [107.55934623, 47.85529879], [107.55928722, 47.85526471], [107.5592287, 47.85522845], [107.55917052, 47.85518993], [107.55905454, 47.85510566], [107.55893692, 47.85501019], [107.55884994, 47.85493357], [107.55875736, 47.85484715], [107.55865618, 47.85474835], [107.5583595, 47.85445201], [107.55826275, 47.85436011], [107.55817343, 47.85427978], [107.55724112, 47.85346952], [107.55696161, 47.85322246], [107.55671373, 47.85299928], [107.55646409, 47.85276919], [107.55623402, 47.85255099], [107.5560197, 47.85234106], [107.55581914, 47.85213744], [107.55570961, 47.8520314], [107.55544408, 47.85179238], [107.55538483, 47.85173523], [107.55533429, 47.85168294], [107.55527622, 47.85161613], [107.55522936, 47.85155293], [107.55519277, 47.8514921], [107.55516608, 47.85143299], [107.55514412, 47.8513659], [107.55512808, 47.8512981], [107.55511796, 47.85122958], [107.55511377, 47.85116036], [107.55511551, 47.85109043], [107.55512317, 47.85101979], [107.55513675, 47.85094844], [107.55515626, 47.85087638], [107.5551817, 47.85080361], [107.55521306, 47.85073013], [107.55525035, 47.85065595], [107.55529356, 47.85058105], [107.5553427, 47.85050545], [107.55539776, 47.85042913], [107.55545875, 47.85035211], [107.55552778, 47.85027778], [107.56030556, 47.83536111], [107.53938889, 47.78463889], [107.53819444, 47.74575], [107.48389242, 47.72080639], [107.48352778, 47.72063889], [107.47666667, 47.65066667], [107.41063889, 47.6465], [107.33013889, 47.65194444], [107.297, 47.64811111], [107.29486111, 47.66872222], [107.26605555, 47.68880555], [107.21663889, 47.72522222], [107.22741667, 47.76130556], [107.22535535, 47.76671452], [107.22025, 47.78011111], [107.22316757, 47.7889535], [107.232, 47.81572222], [107.25753146, 47.81003632], [107.29244444, 47.80225], [107.31813889, 47.85975], [107.36352778, 47.87919444], [107.37191667, 47.90197222], [107.38425, 47.91363889], [107.41119444, 47.94325], [107.36525, 47.96269445], [107.37247222, 47.99030556], [107.44552778, 47.99622222], [107.4555, 48.00066667], [107.45557142, 48.000606], [107.45563979, 48.00054578], [107.45570508, 48.00048455], [107.45576729, 48.00042232], [107.45582643, 48.00035909], [107.45588249, 48.00029485], [107.45593548, 48.0002296], [107.45598539, 48.00016335], [107.4560192, 48.00011447], [107.45605193, 48.00006262], [107.45611562, 47.99994766], [107.45617545, 47.99982274], [107.45627235, 47.99960202], [107.45635049, 47.99942092], [107.45641054, 47.99926945], [107.45645918, 47.99913069], [107.45649752, 47.99900121], [107.45652905, 47.99887351], [107.45655417, 47.99875128], [107.45657302, 47.99863373], [107.45658568, 47.99852041], [107.4565927, 47.9983769], [107.45658991, 47.99822196], [107.45657736, 47.998052], [107.45655387, 47.99785061], [107.45653237, 47.99771241], [107.4565028, 47.99756298], [107.45646451, 47.99739848], [107.45641167, 47.99719381], [107.45636483, 47.99703397], [107.45630472, 47.99685759], [107.45623946, 47.99668365], [107.45606275, 47.99623214], [107.4560141, 47.99609921], [107.45597345, 47.99597928], [107.45586182, 47.99563647], [107.45582998, 47.99552766], [107.45580464, 47.99542947], [107.45576271, 47.99525359], [107.4557403, 47.99514454], [107.4557253, 47.99504374], [107.45571856, 47.9949524], [107.4557191, 47.99486355], [107.4557261, 47.99476689], [107.45573959, 47.99466004], [107.45576173, 47.99452577], [107.45579192, 47.99436784], [107.45582216, 47.99424061], [107.45585666, 47.99412648], [107.4558964, 47.99402269], [107.45593592, 47.99393738], [107.4559828, 47.9938486], [107.45603748, 47.99375556], [107.45610098, 47.99365646], [107.45617785, 47.99354363], [107.45624274, 47.99345574], [107.45630623, 47.9933785], [107.45636993, 47.99331014], [107.45642813, 47.99325482], [107.45649232, 47.99319952], [107.45656262, 47.99314416], [107.45663919, 47.99308859], [107.45672204, 47.9930328], [107.45681176, 47.99297639], [107.45690886, 47.99291901], [107.45701447, 47.99286], [107.45708842, 47.99282122], [107.45716749, 47.99278264], [107.45725222, 47.99274399], [107.45734356, 47.99270485], [107.45754583, 47.99262485], [107.45782294, 47.99252342], [107.45794187, 47.9924825], [107.4580683, 47.99244257], [107.45820358, 47.99240319], [107.45835044, 47.99236356], [107.45862218, 47.99229625], [107.45924039, 47.99215215], [107.45951433, 47.99208277], [107.45976105, 47.99201843], [107.46033805, 47.99187274], [107.46061411, 47.99179939], [107.46077348, 47.99175425], [107.46092068, 47.99171002], [107.46105865, 47.99166582], [107.46118884, 47.99162118], [107.46145035, 47.99152622], [107.46166525, 47.99144315], [107.46185661, 47.99136303], [107.46202894, 47.99128389], [107.46223871, 47.99118105], [107.4623088, 47.99114285], [107.46236929, 47.99110631], [107.46244926, 47.99105231], [107.46252486, 47.99099559], [107.46259522, 47.99093681], [107.46265959, 47.99087658], [107.46270869, 47.990824], [107.46275791, 47.99076354], [107.46280689, 47.99069645], [107.4628835, 47.99058443], [107.46295414, 47.99047639], [107.46302151, 47.99036329], [107.46308569, 47.99024496], [107.46314682, 47.99012115], [107.4631892, 47.99002357], [107.4632302, 47.98991335], [107.46326477, 47.98980854], [107.46333702, 47.9895759], [107.46336985, 47.9894778], [107.46347371, 47.98916466], [107.46350546, 47.98908053], [107.46353763, 47.98900593], [107.46358893, 47.98889719], [107.46362986, 47.98881738], [107.4636707, 47.98874642], [107.46371249, 47.98868289], [107.46376636, 47.98860447], [107.46379627, 47.98856484], [107.46382871, 47.98852866], [107.46386226, 47.98849876], [107.46392039, 47.98845794], [107.46398596, 47.98842085], [107.46405537, 47.98838953], [107.46412542, 47.9883654], [107.46415708, 47.98835732], [107.46419137, 47.98835075], [107.46426954, 47.98834183], [107.46434854, 47.9883382], [107.46453619, 47.98833529]]]}, "geometry_name": "geom", "properties": {"guid": 124753, "id": 124753, "object_no": "11", "object_name": "Налайх", "layer_type_id": 252, "valid_to": null, "address_no": null, "border_type": "solid", "border_width": null, "border_color": "#cc6666", "border_opacity": null, "border_wellknown": "shape://horizline", "fill_type": "color", "fill_color": "#bcbcbc", "fill_opacity": 0, "fill_wellknown": null, "fill_shape_color": null, "fill_shape_width": null, "fill_shape_size": null, "fill_img_url": null, "marker_img_url": null}},{"type": "Feature", "id": "layer_data_map.fid--27e80436_1a098b908f8_-5b3c", "geometry": {"type": "Polygon", "coordinates": [[[106.92919964, 48.00976236], [106.92937353, 48.00968831], [106.92946674, 48.00961958], [106.92950551, 48.00950628], [106.92949664, 48.00938745], [106.92949043, 48.00931117], [106.92946604, 48.00923106], [106.92942676, 48.00914136], [106.92940571, 48.00909331], [106.92917865, 48.00882747], [106.92901622, 48.00863731], [106.92888268, 48.00850695], [106.92873952, 48.00832276], [106.92875967, 48.00825388], [106.92892198, 48.00819022], [106.92914572, 48.00809888], [106.92931498, 48.00806938], [106.92947772, 48.0080933], [106.92968784, 48.00816974], [106.92985105, 48.0082534], [106.92997809, 48.00830358], [106.93015056, 48.00835002], [106.93016092, 48.00835341], [106.93018522, 48.00835777], [106.93021907, 48.00836097], [106.93026218, 48.0083615], [106.93031447, 48.00835685], [106.93036465, 48.00834595], [106.9304072, 48.0083314], [106.93043884, 48.00832584], [106.93046871, 48.00832282], [106.93052862, 48.00832182], [106.9305715, 48.00831607], [106.93061424, 48.00830655], [106.93063489, 48.00829886], [106.93066587, 48.00828431], [106.93071367, 48.00825962], [106.93073315, 48.00824595], [106.93074643, 48.00823392], [106.93075526, 48.00822244], [106.9307659, 48.00820342], [106.93077807, 48.00817807], [106.9307828, 48.0081541], [106.93079291, 48.00812375], [106.93080891, 48.00810085], [106.93083213, 48.00807029], [106.93084765, 48.00805593], [106.93087393, 48.00803564], [106.93091226, 48.00800859], [106.93098014, 48.00796973], [106.93110114, 48.00789855], [106.93121109, 48.00783258], [106.93125307, 48.00780295], [106.93129118, 48.00776962], [106.93131987, 48.0077352], [106.93133803, 48.00771053], [106.93134851, 48.00769951], [106.93138142, 48.00767758], [106.9314162, 48.00765562], [106.93146024, 48.007631], [106.93150059, 48.00760768], [106.93151439, 48.00759545], [106.93152587, 48.00758212], [106.93153504, 48.00756627], [106.93154318, 48.00754411], [106.93154741, 48.0075254], [106.93155071, 48.00749494], [106.93155356, 48.00742072], [106.93155122, 48.00735789], [106.93154204, 48.00731279], [106.93152757, 48.00727657], [106.93151343, 48.00724915], [106.93149171, 48.00721934], [106.93145833, 48.00717841], [106.931425, 48.00713874], [106.93139522, 48.00709398], [106.93134176, 48.00701692], [106.93129396, 48.00694103], [106.93125791, 48.00687878], [106.93122757, 48.00681894], [106.93121127, 48.00678401], [106.93120271, 48.00675523], [106.93119582, 48.0067214], [106.9311952, 48.00669934], [106.93119769, 48.00667108], [106.93120325, 48.00664259], [106.9312173, 48.00659406], [106.93123901, 48.00652328], [106.93125706, 48.00648287], [106.93128258, 48.0064358], [106.93131738, 48.00638235], [106.93137871, 48.00630091], [106.93147359, 48.00618239], [106.93155852, 48.00608712], [106.93163576, 48.00600993], [106.93170649, 48.00594713], [106.93175746, 48.0059073], [106.93181231, 48.00587117], [106.93186731, 48.00583882], [106.93195198, 48.00579842], [106.93201461, 48.0057697], [106.9320756, 48.0057473], [106.93215358, 48.00572839], [106.93228928, 48.0056997], [106.93237849, 48.0056806], [106.93245666, 48.00566671], [106.93251423, 48.00565317], [106.93256043, 48.00563605], [106.93260284, 48.00561773], [106.93263762, 48.00559577], [106.93266116, 48.005574], [106.93268456, 48.00554846], [106.93270585, 48.00551667], [106.9327161, 48.0054901], [106.93272073, 48.00546362], [106.93273313, 48.00539426], [106.93274319, 48.00536266], [106.93275185, 48.00534365], [106.93276247, 48.00532713], [106.93277848, 48.00530423], [106.93279448, 48.00528133], [106.93280468, 48.0052535], [106.93281268, 48.0052169], [106.93282208, 48.00516771], [106.93282802, 48.00512612], [106.93282925, 48.00509707], [106.93282624, 48.00507837], [106.93281805, 48.00505965], [106.93280049, 48.00504109], [106.9327791, 48.00502007], [106.9327445, 48.00499677], [106.93271932, 48.00497456], [106.93270354, 48.00495345], [106.93269155, 48.00493354], [106.93267929, 48.00490609], [106.93266281, 48.00486613], [106.932647, 48.0048358], [106.93262872, 48.00480635], [106.93260788, 48.00477803], [106.93257957, 48.00474432], [106.9325211, 48.00468369], [106.93243941, 48.00460335], [106.9323676, 48.00453666], [106.93232701, 48.0045034], [106.93229621, 48.00448129], [106.93227121, 48.0044641], [106.93224603, 48.0044419], [106.93222276, 48.00442091], [106.93220104, 48.0043911], [106.93215151, 48.00431902], [106.93212562, 48.00427796], [106.9320921, 48.00423326], [106.93206453, 48.00419727], [106.93205053, 48.00417361], [106.93203831, 48.00414742], [106.93203358, 48.00412109], [106.93203831, 48.00409713], [106.93205225, 48.00406923], [106.93208244, 48.00402472], [106.93211815, 48.0039776], [106.93216687, 48.00392775], [106.9322338, 48.00386376], [106.93228476, 48.00382392], [106.93232282, 48.00378934], [106.9323425, 48.00376699], [106.932364, 48.00373835], [106.93238174, 48.00371165], [106.93239016, 48.00368636], [106.93239446, 48.00365109], [106.93240424, 48.00361195], [106.93241439, 48.00358286], [106.93243199, 48.00355239], [106.93245319, 48.00351808], [106.93252259, 48.00342011], [106.93257964, 48.00334245], [106.93259878, 48.00330918], [106.9326234, 48.00325999], [106.93264249, 48.00321944], [106.93265222, 48.00317904], [106.9326619, 48.00313739], [106.93266592, 48.00309457], [106.93266615, 48.00305057], [106.93266133, 48.00302173], [106.93264892, 48.00299051], [106.9326308, 48.00295686], [106.93259504, 48.00290215], [106.93256096, 48.00285551], [106.93247383, 48.00274634], [106.93243536, 48.00268984], [106.93240928, 48.00264376], [106.93239509, 48.00261508], [106.93238657, 48.00258756], [106.93238563, 48.00256243], [106.93239185, 48.00252838], [106.93240538, 48.00248918], [106.93241675, 48.00244247], [106.93242882, 48.00241461], [106.93244487, 48.00239296], [106.93247014, 48.00236739], [106.93255233, 48.00228887], [106.93258757, 48.002251], [106.93260905, 48.00222424], [106.93262323, 48.00220263], [106.93262795, 48.00217866], [106.93263052, 48.00214718], [106.93263524, 48.00207292], [106.93263402, 48.00204026], [106.93262938, 48.00201645], [106.93261716, 48.00199025], [106.93259905, 48.00195661], [106.93255738, 48.00189444], [106.93253941, 48.00186457], [106.93252705, 48.0018346], [106.93251848, 48.00180583], [106.93251183, 48.00177828], [106.93250162, 48.00175582], [106.932488, 48.00174222], [106.9324653, 48.00173632], [106.93242878, 48.00173271], [106.93237014, 48.0017323], [106.93230109, 48.00173346], [106.93224652, 48.00173016], [106.93219186, 48.00172405], [106.93209288, 48.00170886], [106.93204167, 48.00170042], [106.93201499, 48.00169752], [106.93196262, 48.001697], [106.93191465, 48.00170202], [106.93184806, 48.00171298], [106.93178168, 48.00172955], [106.93170504, 48.00175192], [106.93162846, 48.00177569], [106.93159738, 48.00178901], [106.93157291, 48.00180192], [106.93153823, 48.00182639], [106.93151396, 48.00184928], [106.93150015, 48.00187199], [106.93149053, 48.00189464], [106.93148315, 48.00192146], [106.93147604, 48.00195531], [106.93146673, 48.00198638], [106.93145094, 48.00201194], [106.93142656, 48.00203202], [106.93138968, 48.00205372], [106.93134449, 48.00207696], [106.93128276, 48.0021061], [106.93122077, 48.00212822], [106.9311772, 48.00213879], [106.93115663, 48.00214063], [106.93112703, 48.00214104], [106.9310788, 48.00213904], [106.93101974, 48.00212739], [106.93095923, 48.00211207], [106.93085761, 48.00208216], [106.93077349, 48.00205828], [106.93069749, 48.00204165], [106.93064201, 48.00202782], [106.93060705, 48.00201682], [106.93057983, 48.00200252], [106.93053027, 48.00197912], [106.93048087, 48.00195992], [106.93040287, 48.00193172], [106.93031385, 48.00190266], [106.93019618, 48.00186353], [106.93009751, 48.0018283], [106.93004803, 48.00180701], [106.93000962, 48.00178763], [106.92997584, 48.00176606], [106.92994653, 48.0017381], [106.92991212, 48.00169968], [106.92985774, 48.00163104], [106.92980163, 48.00155821], [106.92975364, 48.00149262], [106.92972531, 48.00145056], [106.9297086, 48.00142171], [106.92969321, 48.00138825], [106.92968093, 48.00135367], [106.92967128, 48.00130536], [106.92965943, 48.00124021], [106.92965468, 48.00119708], [106.92965656, 48.00116333], [106.92966166, 48.00113162], [106.92967299, 48.00109876], [106.92968762, 48.00107006], [106.92970394, 48.00104449], [106.92972646, 48.00101672], [106.92975526, 48.00098883], [106.92979629, 48.00095231], [106.9298571, 48.00089859], [106.92994839, 48.00082012], [106.93001105, 48.00077375], [106.93009033, 48.00071024], [106.93016523, 48.00065523], [106.93022188, 48.00061634], [106.93027994, 48.00057321], [106.93035809, 48.00052131], [106.930444, 48.00046716], [106.93054106, 48.00041705], [106.93057786, 48.00039325], [106.93059308, 48.00038035], [106.93060187, 48.00036334], [106.9306043, 48.00034433], [106.93060336, 48.00031905], [106.93059829, 48.00018737], [106.93059075, 48.00010743], [106.93058655, 48.00007904], [106.93058323, 48.00006074], [106.93057921, 48.00005071], [106.93056281, 48.00003202], [106.93054182, 48.00001656], [106.93051121, 47.999996], [106.93046449, 47.99996411], [106.93042219, 47.99993863], [106.93037464, 47.99991293], [106.93032666, 47.99988949], [106.93027251, 47.99986933], [106.93019315, 47.99984642], [106.93012166, 47.99982444], [106.93006305, 47.99981067], [106.93001401, 47.99980095], [106.92997438, 47.99979108], [106.92995061, 47.99978516], [106.92993307, 47.99977807], [106.92990431, 47.99976485], [106.92987253, 47.99974797], [106.9298289, 47.99972186], [106.92972905, 47.99965503], [106.92967959, 47.99962526], [106.92965827, 47.99960985], [106.92964038, 47.99959329], [106.92962567, 47.99957773], [106.92961249, 47.99956109], [106.92960244, 47.99954439], [106.92959546, 47.99952554], [106.92958357, 47.9995015], [106.92956336, 47.99946495], [106.92953504, 47.99942117], [106.92949376, 47.99936706], [106.92946386, 47.99932329], [106.92944675, 47.99928564], [106.9294329, 47.9992511], [106.92941901, 47.9992155], [106.92939555, 47.99917584], [106.92937068, 47.99914043], [106.92934588, 47.99910712], [106.92929986, 47.99905204], [106.92925231, 47.99899803], [106.92922437, 47.99896478], [106.9292013, 47.99893566], [106.92918592, 47.99890219], [106.9291665, 47.99884455], [106.92915857, 47.99880042], [106.92915559, 47.99876253], [106.92915355, 47.99870776], [106.92915319, 47.99861397], [106.92916292, 47.99853793], [106.92917445, 47.99846818], [106.92918951, 47.9984089], [106.92920222, 47.99837075], [106.92921669, 47.99833784], [106.92923905, 47.99830584], [106.92926451, 47.99827275], [106.9292915, 47.99823857], [106.92932179, 47.99820855], [106.92935521, 47.99817848], [106.92939644, 47.99814722], [106.92945036, 47.99811242], [106.92950565, 47.99807917], [106.92956884, 47.99803314], [106.92960974, 47.99800716], [106.92964458, 47.9979869], [106.92969202, 47.99796783], [106.92973972, 47.99795579], [106.92981055, 47.99794617], [106.92987944, 47.9979408], [106.92991475, 47.99793318], [106.92994362, 47.99792145], [106.92995552, 47.99791342], [106.92997411, 47.99789705], [106.92999784, 47.99787496], [106.93005079, 47.99781988], [106.93016623, 47.99771536], [106.93024516, 47.99764237], [106.9302734, 47.99761379], [106.93028491, 47.99758549], [106.930294, 47.99755574], [106.93030373, 47.99753591], [106.93032162, 47.99751031], [106.93033543, 47.9974876], [106.93036158, 47.99745905], [106.93038601, 47.99744037], [106.93041263, 47.99742447], [106.93042879, 47.99740874], [106.93044464, 47.99738459], [106.93046221, 47.99735057], [106.93049317, 47.9972826], [106.9305247, 47.99720284], [106.93055776, 47.99710586], [106.93059672, 47.99697171], [106.93062245, 47.99687573], [106.93063065, 47.99681516], [106.93063656, 47.99674902], [106.93065219, 47.99655062], [106.93065443, 47.99644239], [106.93065212, 47.9963806], [106.93064547, 47.99631466], [106.93063569, 47.99627689], [106.93061683, 47.99621287], [106.93059535, 47.99614969], [106.93056527, 47.99607291], [106.93054913, 47.99603983], [106.93053608, 47.99602], [106.93051994, 47.99600208], [106.93050129, 47.99598546], [106.93048282, 47.99597241], [106.93045196, 47.99595397], [106.93038574, 47.99591855], [106.93034735, 47.99589952], [106.93030723, 47.99589036], [106.93026518, 47.99588544], [106.93021909, 47.99588481], [106.93016271, 47.99588857], [106.9301001, 47.99589384], [106.93005004, 47.9958989], [106.93000009, 47.99590676], [106.92996907, 47.99591712], [106.92993392, 47.99592895], [106.92990066, 47.99593513], [106.92983397, 47.99594328], [106.92975248, 47.99594746], [106.92966224, 47.99592175], [106.92952563, 47.99591071], [106.92944042, 47.99590833], [106.92934649, 47.99590039], [106.9292668, 47.99589411], [106.92919265, 47.99588393], [106.92907575, 47.99586875], [106.92901244, 47.99584506], [106.92897217, 47.9958305], [106.92894034, 47.99581389], [106.92887179, 47.99580171], [106.92876552, 47.99576731], [106.92864514, 47.99573505], [106.92858467, 47.99571131], [106.92851002, 47.9956878], [106.92847244, 47.99566939], [106.92842615, 47.99564541], [106.92838567, 47.99562514], [106.92835434, 47.99562185], [106.92829919, 47.9956009], [106.92829187, 47.99557292], [106.92828444, 47.99554213], [106.92827722, 47.99551696], [106.92826404, 47.99550032], [106.92824892, 47.99548792], [106.92822973, 47.99547841], [106.9282145, 47.99546321], [106.9282054, 47.99544369], [106.92820007, 47.99541286], [106.92819939, 47.99539461], [106.92820075, 47.99537491], [106.92820812, 47.99534809], [106.92822381, 47.99531972], [106.92823757, 47.99530391], [106.92825812, 47.99528542], [106.92830096, 47.99525519], [106.92835227, 47.99522763], [106.92839736, 47.99520158], [106.92848962, 47.99514944], [106.9285652, 47.99509899], [106.928665, 47.99502424], [106.92873027, 47.99497818], [106.92876148, 47.9949606], [106.92881035, 47.99493609], [106.92892563, 47.99488356], [106.92904112, 47.99483666], [106.92914013, 47.99479705], [106.92919582, 47.9947792], [106.92929751, 47.99475085], [106.929455, 47.99470745], [106.92957745, 47.99467869], [106.92968734, 47.99465015], [106.92974266, 47.99463209], [106.92978237, 47.99461623], [106.9298205, 47.99459665], [106.92986642, 47.99456845], [106.92993776, 47.99451666], [106.93002914, 47.99444065], [106.93009613, 47.99438472], [106.9301283, 47.99434905], [106.93014802, 47.9943164], [106.93016125, 47.99427824], [106.93017019, 47.99423734], [106.93017516, 47.99420212], [106.93017635, 47.99415352], [106.93017096, 47.99408978], [106.93016526, 47.99404912], [106.93015323, 47.99400717], [106.93013293, 47.99396816], [106.93010662, 47.99393629], [106.93008041, 47.99390722], [106.93006493, 47.99388499], [106.93005348, 47.99385849], [106.93004401, 47.99382914], [106.93002554, 47.99378308], [106.93000974, 47.99375243], [106.92999211, 47.99372884], [106.92997271, 47.99371371], [106.92994279, 47.99369734], [106.9299068, 47.99368671], [106.92986438, 47.99367196], [106.92983243, 47.99365704], [106.92981307, 47.99364332], [106.92980839, 47.99363561], [106.92980387, 47.99362099], [106.92979633, 47.99358739], [106.92978027, 47.99354972], [106.92976144, 47.99349383], [106.92974104, 47.99345201], [106.92972964, 47.99342691], [106.92972236, 47.99340034], [106.92971917, 47.99337088], [106.92971155, 47.99332797], [106.92970184, 47.9932943], [106.92968331, 47.99324414], [106.92965396, 47.99317297], [106.92964509, 47.99314571], [106.92963921, 47.99311419], [106.92963497, 47.99308476], [106.9296332, 47.99303736], [106.92963653, 47.99300042], [106.92964199, 47.9929782], [106.92965199, 47.99295168], [106.92966968, 47.99292082], [106.92969784, 47.99287608], [106.92972161, 47.99283985], [106.92974259, 47.99281315], [106.92977417, 47.99277573], [106.92979523, 47.99275114], [106.9298241, 47.99272536], [106.92986823, 47.99268773], [106.92993064, 47.99263504], [106.92997685, 47.99260147], [106.93003933, 47.9925605], [106.93009848, 47.99252425], [106.9301607, 47.9924889], [106.93022691, 47.99245406], [106.93028226, 47.99242257], [106.93031784, 47.99240827], [106.93036444, 47.99239484], [106.93041269, 47.99238349], [106.93045321, 47.99237543], [106.9304827, 47.9923665], [106.93051028, 47.99234812], [106.93053629, 47.99232977], [106.9305879, 47.99228253], [106.9306183, 47.99225567], [106.9306347, 47.99223221], [106.93064482, 47.99220885], [106.93065819, 47.9921886], [106.93067157, 47.99216836], [106.93069879, 47.9921405], [106.93071175, 47.99212231], [106.93072546, 47.99209789], [106.93074279, 47.99205755], [106.93075119, 47.99203001], [106.93075974, 47.99200668], [106.93077135, 47.99198119], [106.93078617, 47.99195776], [106.93080119, 47.99193959], [106.93082245, 47.99192026], [106.93084987, 47.99189767], [106.93089331, 47.99185548], [106.93095242, 47.99179863], [106.93098725, 47.99176432], [106.93102227, 47.99173528], [106.93105734, 47.99170729], [106.93111704, 47.99166623], [106.93121055, 47.99160564], [106.9312837, 47.99154645], [106.93132771, 47.99150566], [106.93134956, 47.99148263], [106.93136081, 47.99146716], [106.93137093, 47.99144381], [106.93137944, 47.99141942], [106.9313847, 47.99139193], [106.93140775, 47.99125243], [106.931419, 47.99117531], [106.9314221, 47.99113204], [106.93142024, 47.99110436], [106.93141526, 47.99107525], [106.93140797, 47.99104797], [106.93139624, 47.99102814], [106.93138137, 47.99100837], [106.93135352, 47.99097722], [106.93132044, 47.99093246], [106.93129879, 47.9908991], [106.93127698, 47.99086153], [106.93125834, 47.99082495], [106.93124779, 47.99079457], [106.93124237, 47.99077569], [106.93123688, 47.9907547], [106.93123131, 47.99073161], [106.93121934, 47.99070546], [106.9312013, 47.99068469], [106.93117368, 47.99065986], [106.93112849, 47.99062689], [106.93107722, 47.9905993], [106.93102587, 47.9905696], [106.93096189, 47.99053801], [106.93087881, 47.99049936], [106.93080043, 47.99046063], [106.93071433, 47.99042519], [106.93066977, 47.99040907], [106.93064102, 47.99039586], [106.93061689, 47.99038045], [106.93058733, 47.99035972], [106.9305614, 47.99033846], [106.93053193, 47.99031847], [106.93048793, 47.9902939], [106.93039607, 47.9902376], [106.9303648, 47.99021764], [106.93034076, 47.99019876], [106.9303182, 47.99017143], [106.93029895, 47.9901368], [106.93028119, 47.99009372], [106.93026917, 47.99006017], [106.93026473, 47.99003735], [106.93026213, 47.99000262], [106.93026414, 47.98992529], [106.93026216, 47.9898723], [106.9302666, 47.98984691], [106.93028032, 47.98982981], [106.93029754, 47.98981024], [106.93031118, 47.98979073], [106.93031746, 47.98976652], [106.93032176, 47.98973753], [106.93032641, 47.98970993], [106.93034178, 47.98967271], [106.9303599, 47.98964509], [106.9303831, 47.98962542], [106.93042072, 47.98960712], [106.93045851, 47.98959362], [106.93050343, 47.98957841], [106.93053626, 47.98956018], [106.93054946, 47.98954877], [106.93056394, 47.9895324], [106.93058655, 47.98949667], [106.93060407, 47.98945299], [106.93061138, 47.98942448], [106.93062021, 47.98937238], [106.9306339, 47.9892902], [106.93064248, 47.98924953], [106.93064358, 47.98922898], [106.93063766, 47.98919855], [106.93062408, 47.98915539], [106.93060602, 47.98912035], [106.93059238, 47.98907559], [106.93058113, 47.98903079], [106.93057284, 47.98898317], [106.93056624, 47.98892043], [106.93056316, 47.98883764], [106.93056469, 47.98875867], [106.93057876, 47.98855802], [106.9305785, 47.98850056], [106.93057419, 47.98844897], [106.93056722, 47.98839939], [106.93055781, 47.98835212], [106.93053813, 47.98828103], [106.93052443, 47.988248], [106.93051038, 47.98822151], [106.93047009, 47.98816792], [106.93043372, 47.98812231], [106.93040778, 47.98809469], [106.93038761, 47.98807755], [106.93032889, 47.98803318], [106.93029144, 47.98800081], [106.93026723, 47.98797708], [106.93024444, 47.9879493], [106.93020896, 47.98789808], [106.93014591, 47.98780487], [106.93010987, 47.9877512], [106.93008648, 47.98769446], [106.9300647, 47.98765554], [106.93002311, 47.98759269], [106.92996463, 47.98750798], [106.92992129, 47.98744756], [106.92987392, 47.98739694], [106.92982153, 47.98733997], [106.92973243, 47.98726113], [106.92962166, 47.98716015], [106.92948699, 47.98703387], [106.92942336, 47.98697535], [106.92939268, 47.98694387], [106.92935758, 47.98690107], [106.92932487, 47.98685824], [106.92930196, 47.98682167], [106.92927601, 47.98676747], [106.92925483, 47.98671319], [106.92924126, 47.98667004], [106.92923276, 47.98663483], [106.92923151, 47.98660111], [106.92923743, 47.98656727], [106.9292577, 47.98653318], [106.92928012, 47.98649263], [106.92929064, 47.9864539], [106.92929634, 47.9864105], [106.92929474, 47.98636768], [106.92928485, 47.98633071], [106.92927527, 47.98630911], [106.92925732, 47.9862769], [106.92920767, 47.98620061], [106.92913723, 47.98610386], [106.92905117, 47.98599757], [106.92898234, 47.98591914], [106.92890031, 47.98583156], [106.92883086, 47.98576071], [106.92876774, 47.98569953], [106.92862324, 47.98557103], [106.92820787, 47.98518929], [106.92806217, 47.98505854], [106.92777014, 47.98481107], [106.92766662, 47.98472025], [106.92752119, 47.98458557], [106.92748676, 47.98455424], [106.92747152, 47.98453713], [106.92746098, 47.9845212], [106.92745102, 47.98450105], [106.92744026, 47.9844691], [106.92743237, 47.98442852], [106.92742766, 47.9843879], [106.92742599, 47.98434293], [106.92742097, 47.98429374], [106.92741416, 47.98427197], [106.92740327, 47.98424691], [106.92738846, 47.98422001], [106.9273693, 47.98419177], [106.92734794, 47.98416558], [106.92731822, 47.98413407], [106.92727878, 47.9840958], [106.92724559, 47.98406888], [106.92721414, 47.9840486], [106.92716075, 47.98401888], [106.9271239, 47.98399755], [106.92710215, 47.98398773], [106.92705703, 47.98397563], [106.92701844, 47.98396771], [106.92697363, 47.98396418], [106.92692547, 47.98395642], [106.92687389, 47.98394228], [106.9268377, 47.98392864], [106.92678635, 47.98390519], [106.92672676, 47.9838755], [106.92666914, 47.98384288], [106.92661684, 47.98380948], [106.92658383, 47.98378004], [106.92656031, 47.9837483], [106.92653982, 47.98371222], [106.92652456, 47.98368813], [106.92651288, 47.98367411], [106.92649607, 47.98365952], [106.9264538, 47.98363011], [106.92641433, 47.98359864], [106.92636195, 47.98356309], [106.92630016, 47.983532], [106.92624491, 47.98350507], [106.92620887, 47.98347997], [106.92617866, 47.98345707], [106.92615952, 47.98344009], [106.92612947, 47.98340417], [106.92611682, 47.98338443], [106.92610898, 47.98336809], [106.92610362, 47.98334999], [106.92610124, 47.9833318], [106.92610619, 47.98329316], [106.92612038, 47.98324578], [106.92613425, 47.98318985], [106.92613928, 47.98315334], [106.92614005, 47.9831323], [106.926138, 47.98311909], [106.92613181, 47.98310525], [106.92612094, 47.98308938], [106.92610725, 47.98307475], [106.92608459, 47.98305571], [106.92602894, 47.98301808], [106.9259276, 47.98295336], [106.92587694, 47.98291562], [106.92577636, 47.98283378], [106.92566333, 47.98274818], [106.92561205, 47.98270585], [106.92555584, 47.98265323], [106.92553304, 47.98262976], [106.92552252, 47.98261523], [106.92551631, 47.98260045], [106.92551168, 47.98258113], [106.92551016, 47.98254045], [106.92551152, 47.98249115], [106.9255165, 47.98246221], [106.92553074, 47.98240727], [106.92557374, 47.98223073], [106.92560912, 47.98211245], [106.92563308, 47.98204752], [106.92568781, 47.98191188], [106.92573956, 47.98178297], [106.92576348, 47.98171565], [106.92578892, 47.98162739], [106.9258, 47.98158221], [106.92580462, 47.981535], [106.92579944, 47.98148153], [106.92579443, 47.98141547], [106.92579546, 47.98137447], [106.92580327, 47.98132721], [106.92581739, 47.98127769], [106.92584019, 47.98120447], [106.92586008, 47.98112811], [106.92589661, 47.98096031], [106.92591474, 47.98089257], [106.92595198, 47.98077839], [106.92596585, 47.98072246], [106.92597319, 47.98066235], [106.92597757, 47.98060871], [106.9259801, 47.9805385], [106.92597885, 47.98047158], [106.92596833, 47.98036035], [106.92596169, 47.98026223], [106.92595662, 47.980217], [106.92594075, 47.98013371], [106.92591142, 47.98003137], [106.9258761, 47.97993984], [106.92582381, 47.97982074], [106.9257857, 47.97973996], [106.92576466, 47.9796889], [106.92575334, 47.97964196], [106.92574553, 47.97960352], [106.92574409, 47.97956498], [106.92575549, 47.97952837], [106.92576969, 47.979481], [106.92577196, 47.9794573], [106.92577112, 47.97943384], [106.9257598, 47.9793869], [106.92574506, 47.97933359], [106.92571426, 47.97922671], [106.92570377, 47.97916717], [106.92570178, 47.97911364], [106.92570002, 47.97906654], [106.92570442, 47.97904748], [106.92571142, 47.97902993], [106.92573566, 47.97899524], [106.92576301, 47.97895836], [106.92578405, 47.97892373], [106.92579355, 47.97889655], [106.92580072, 47.97885703], [106.92580391, 47.97882548], [106.92580455, 47.97878841], [106.92579881, 47.97871995], [106.92578949, 47.97867732], [106.92576557, 47.97859839], [106.92570356, 47.97838466], [106.9256789, 47.97831194], [106.92565357, 47.97824677], [106.9256615, 47.97817018], [106.92567166, 47.97810002], [106.92567687, 47.97806851], [106.9256799, 47.97803561], [106.92568304, 47.97800556], [106.92568213, 47.97798129], [106.92569377, 47.9779511], [106.9256967, 47.97791534], [106.92568915, 47.97788404], [106.9256889, 47.97782412], [106.92573993, 47.97773756], [106.92578744, 47.9776425], [106.92580916, 47.97758993], [106.92582523, 47.97754331], [106.92583681, 47.9774989], [106.92584987, 47.97743364], [106.92586294, 47.97735629], [106.92587387, 47.9773196], [106.92588599, 47.97728949], [106.92592202, 47.9772289], [106.92597567, 47.9771273], [106.92602778, 47.97702778], [106.9249406, 47.97691102], [106.92420648, 47.97679643], [106.92321491, 47.97660072], [106.92216027, 47.97638512], [106.92080063, 47.97611181], [106.91970973, 47.97587885], [106.91915327, 47.97576554], [106.91874715, 47.9756228], [106.91857024, 47.97553604], [106.91835083, 47.9753842], [106.9182615, 47.9752571], [106.91817421, 47.97494455], [106.91793669, 47.97406332], [106.91788612, 47.97378007], [106.91773267, 47.97324433], [106.91759536, 47.97266348], [106.91738723, 47.97185353], [106.91728186, 47.97129307], [106.91720342, 47.97073814], [106.9171889, 47.97046624], [106.91717952, 47.97009258], [106.91717945, 47.96936888], [106.91719538, 47.96871668], [106.91722269, 47.96789084], [106.91726339, 47.96742662], [106.91728767, 47.96675933], [106.91730329, 47.96597854], [106.91732019, 47.96547286], [106.91731188, 47.96476723], [106.91734417, 47.96407588], [106.91731976, 47.96377724], [106.91727088, 47.96341919], [106.91722066, 47.9631449], [106.91710987, 47.96255761], [106.91695181, 47.96189635], [106.91674518, 47.96112526], [106.9166407, 47.96070833], [106.91634149, 47.95960084], [106.91603162, 47.95844569], [106.91583328, 47.95753688], [106.91569916, 47.95692008], [106.91543597, 47.9560632], [106.91527995, 47.95545573], [106.91504601, 47.95466714], [106.91493825, 47.95416055], [106.91472814, 47.95329381], [106.91462105, 47.95280515], [106.9144246, 47.95206677], [106.91433149, 47.95171544], [106.91414383, 47.95097392], [106.91405128, 47.95063754], [106.91387298, 47.94990783], [106.91373788, 47.94938375], [106.91372324, 47.94922848], [106.91370518, 47.94898057], [106.91372348, 47.94869418], [106.91372775, 47.94862731], [106.91379461, 47.94814771], [106.91391309, 47.9476194], [106.91402321, 47.94674433], [106.91416906, 47.94575203], [106.91428586, 47.94481703], [106.91439613, 47.94418718], [106.91456858, 47.94307182], [106.9146842, 47.94234618], [106.9148033, 47.94147395], [106.91485761, 47.94089587], [106.91484886, 47.94077939], [106.91481297, 47.94065139], [106.914779, 47.94045458], [106.91478506, 47.94025711], [106.91479045, 47.9400417], [106.91478082, 47.9399013], [106.91449532, 47.93985332], [106.9140173, 47.93975444], [106.91351868, 47.9396704], [106.91314793, 47.93962068], [106.91275973, 47.93958826], [106.91259681, 47.93958369], [106.91237587, 47.93957522], [106.91212882, 47.93954531], [106.9117025, 47.93946005], [106.91142493, 47.93938691], [106.91115838, 47.93931844], [106.91086183, 47.9392213], [106.91058202, 47.93908743], [106.91043078, 47.93900732], [106.91026762, 47.93889824], [106.91008884, 47.93875782], [106.90993474, 47.93859999], [106.90983575, 47.93846554], [106.90969324, 47.93822974], [106.90958063, 47.93802017], [106.90947977, 47.93782078], [106.90943643, 47.93773823], [106.90926299, 47.93734984], [106.90883318, 47.93677614], [106.90828552, 47.93604643], [106.90768188, 47.93526905], [106.90727045, 47.93470233], [106.90678928, 47.93410761], [106.90645189, 47.93368548], [106.90614467, 47.93329687], [106.90594285, 47.93302074], [106.90577481, 47.93277807], [106.90558701, 47.93248955], [106.90538376, 47.93217456], [106.90522934, 47.93181014], [106.90508044, 47.93139946], [106.90500629, 47.9311528], [106.90493691, 47.93093766], [106.90489229, 47.93070752], [106.90487186, 47.93054503], [106.90486655, 47.93030208], [106.90488475, 47.93001015], [106.90491037, 47.92972294], [106.90493384, 47.92937745], [106.90497621, 47.92921154], [106.9049781, 47.92920417], [106.90505135, 47.92903283], [106.90510851, 47.92891523], [106.90516294, 47.92882197], [106.90521871, 47.92876515], [106.9052929, 47.92871774], [106.905428, 47.92865474], [106.90557728, 47.92858422], [106.90584359, 47.92845099], [106.90603183, 47.92835794], [106.90623523, 47.92828409], [106.90641748, 47.92822517], [106.90653575, 47.92819647], [106.90662565, 47.92818282], [106.90682694, 47.92819189], [106.91137997, 47.92856457], [106.91157135, 47.92857653], [106.9124097, 47.9286455], [106.91288256, 47.92869041], [106.91316747, 47.92873467], [106.91336472, 47.92875966], [106.91436111, 47.92888889], [106.91471941, 47.92625261], [106.91486173, 47.92547361], [106.91501419, 47.92474156], [106.91509603, 47.92422369], [106.91518913, 47.92378293], [106.91528554, 47.92327991], [106.91543435, 47.9225253], [106.91560783, 47.9217552], [106.91574269, 47.9210027], [106.91590087, 47.92027433], [106.91603529, 47.91958594], [106.91617785, 47.91881447], [106.91625887, 47.91842668], [106.9163321, 47.91805599], [106.91636273, 47.91774634], [106.91637173, 47.91761047], [106.91638889, 47.91683333], [106.91440155, 47.91677464], [106.91416695, 47.91676686], [106.91317077, 47.9167378], [106.91225037, 47.91670478], [106.91161399, 47.91667877], [106.91138843, 47.91665835], [106.91098855, 47.91662471], [106.91089343, 47.91661006], [106.9108555, 47.91659278], [106.91079652, 47.91658302], [106.91056648, 47.91655819], [106.91008549, 47.91651962], [106.90834274, 47.91636592], [106.90702799, 47.91625882], [106.90482038, 47.9160698], [106.90155991, 47.91579431], [106.89475, 47.91516667], [106.89475714, 47.91553642], [106.8947599, 47.91562248], [106.89476479, 47.91569278], [106.89477604, 47.91574577], [106.89479431, 47.91580021], [106.89482171, 47.91584981], [106.89485615, 47.91590085], [106.89490232, 47.91595483], [106.89495547, 47.91600869], [106.89523579, 47.91623084], [106.89592275, 47.91675752], [106.8967394, 47.91739465], [106.89727358, 47.91781436], [106.89781713, 47.91823547], [106.89815459, 47.91849265], [106.89824116, 47.91856942], [106.89829664, 47.91862324], [106.89834492, 47.91867092], [106.89838379, 47.91871564], [106.89842758, 47.91876809], [106.89849868, 47.91886701], [106.89878046, 47.91931904], [106.89915811, 47.91997436], [106.89942753, 47.92040626], [106.89973169, 47.92089702], [106.89979837, 47.92100226], [106.89983781, 47.92106261], [106.89987191, 47.92110427], [106.89992496, 47.92115501], [106.90001357, 47.92122392], [106.90010701, 47.92129745], [106.90036111, 47.92147222], [106.90009132, 47.92164217], [106.90003094, 47.92169017], [106.89998963, 47.9217287], [106.89995528, 47.92177339], [106.8998343, 47.92193287], [106.8997616, 47.92203693], [106.89972587, 47.92209486], [106.89962988, 47.92225971], [106.89951736, 47.92243568], [106.89940469, 47.92260064], [106.89929069, 47.92275632], [106.89917464, 47.9229037], [106.89902441, 47.92307977], [106.89884913, 47.92327072], [106.89872214, 47.92340289], [106.89862088, 47.92350232], [106.89848772, 47.92362412], [106.89836548, 47.92372713], [106.89829548, 47.92378129], [106.89821471, 47.92383986], [106.89795115, 47.92401967], [106.8977813, 47.92413324], [106.89735744, 47.92440919], [106.89715656, 47.92454437], [106.89669434, 47.9248601], [106.89647013, 47.92500969], [106.89627136, 47.92513833], [106.89579194, 47.925444], [106.89514519, 47.92585579], [106.89490357, 47.92601156], [106.8946463, 47.92618211], [106.89442033, 47.92633816], [106.89424962, 47.92646219], [106.89388377, 47.92673661], [106.89373399, 47.92684492], [106.89349624, 47.92700929], [106.89316172, 47.92723407], [106.89299223, 47.92734531], [106.89257776, 47.92761185], [106.89236807, 47.92775192], [106.89225018, 47.92783488], [106.89212136, 47.92792921], [106.8915973, 47.9283257], [106.89148422, 47.92840776], [106.89137887, 47.92848138], [106.89118423, 47.92861065], [106.8907787, 47.92886936], [106.89060773, 47.92898112], [106.89036651, 47.92914468], [106.88991968, 47.92945339], [106.88937687, 47.9298276], [106.88912236, 47.93000501], [106.88898754, 47.93010472], [106.88888303, 47.93018532], [106.88879176, 47.93025999], [106.88871149, 47.93033066], [106.88864038, 47.93039844], [106.88856742, 47.93047296], [106.8884909, 47.93055592], [106.88840408, 47.93065461], [106.88830032, 47.93077841], [106.88821421, 47.93088965], [106.8881368, 47.93100049], [106.88804243, 47.93114759], [106.88797202, 47.93126478], [106.88789922, 47.93139577], [106.88782537, 47.93153703], [106.88770308, 47.93177936], [106.88762406, 47.93194303], [106.8874525, 47.93231902], [106.88736668, 47.93249225], [106.88733557, 47.93255107], [106.88714144, 47.93293061], [106.8870873, 47.93302994], [106.88703572, 47.93311808], [106.88697043, 47.93322107], [106.88683446, 47.93342562], [106.88673966, 47.93357383], [106.88668954, 47.93364704], [106.8866014, 47.9337635], [106.88651435, 47.93386718], [106.88644691, 47.93393948], [106.88634297, 47.93404381], [106.88622776, 47.93415622], [106.88611904, 47.93425751], [106.8859721, 47.93438529], [106.88573212, 47.93458251], [106.88544497, 47.93481096], [106.88534467, 47.93489304], [106.88517028, 47.93503921], [106.88506903, 47.93512696], [106.88497842, 47.93521037], [106.88490101, 47.93528778], [106.88481106, 47.93538844], [106.88465816, 47.93557421], [106.88454445, 47.93570962], [106.88448269, 47.93578711], [106.88438265, 47.93592252], [106.88431366, 47.93602887], [106.88428083, 47.93608961], [106.88424935, 47.93615864], [106.88416521, 47.93637898], [106.88413504, 47.93645184], [106.88398019, 47.93678752], [106.88392319, 47.93692514], [106.8838172, 47.93719575], [106.88372616, 47.93741808], [106.88368389, 47.93753107], [106.88360207, 47.93780037], [106.88355099, 47.93794628], [106.88345497, 47.93820109], [106.88333203, 47.93852538], [106.88323268, 47.93876165], [106.88307827, 47.93910529], [106.88293339, 47.93941908], [106.88273347, 47.93984963], [106.88264073, 47.94006041], [106.88258859, 47.94016342], [106.88252473, 47.94027274], [106.88247142, 47.94035001], [106.88243262, 47.94039829], [106.88239392, 47.94044181], [106.88234341, 47.94049227], [106.88228449, 47.94054499], [106.88221933, 47.94059676], [106.88211662, 47.94067086], [106.88204108, 47.940723], [106.88189567, 47.94081932], [106.88162204, 47.94100124], [106.88133816, 47.94119781], [106.88117927, 47.94130991], [106.88109632, 47.94136471], [106.8810206, 47.94141006], [106.88093405, 47.94145804], [106.88067872, 47.94158882], [106.88051989, 47.94166746], [106.8804189, 47.94171368], [106.88022288, 47.94179906], [106.87988868, 47.94194575], [106.87945908, 47.94214494], [106.87932682, 47.9422048], [106.879052, 47.94232487], [106.87881477, 47.94242499], [106.87859482, 47.94251374], [106.87838701, 47.94259315], [106.87826283, 47.94263804], [106.87812291, 47.94268643], [106.87763636, 47.94284804], [106.87710244, 47.94302508], [106.87615042, 47.94333582], [106.87532473, 47.94360791], [106.87488804, 47.94374751], [106.87478353, 47.94378323], [106.87455555, 47.94386927], [106.87445874, 47.9439016], [106.87439719, 47.9439189], [106.87433878, 47.94393235], [106.87428235, 47.94394221], [106.87422728, 47.9439486], [106.87405556, 47.94394444], [106.86568617, 47.94778617], [106.86426197, 47.94854042], [106.86368376, 47.94883786], [106.86314838, 47.94915195], [106.86195743, 47.94974921], [106.86074286, 47.95033494], [106.86278904, 47.95242251], [106.86241584, 47.95279517], [106.86230198, 47.95293892], [106.86219417, 47.95307345], [106.86220014, 47.95325241], [106.86259738, 47.95373795], [106.86264311, 47.95400122], [106.86265762, 47.95415864], [106.8625299, 47.95451886], [106.86256993, 47.95474547], [106.86243533, 47.95497266], [106.86229261, 47.95520057], [106.86178221, 47.95593945], [106.86771665, 47.96443075], [106.86505556, 47.97008333], [106.8636551, 47.97240006], [106.86357331, 47.97240245], [106.863535, 47.97262577], [106.85754081, 47.9825121], [106.85627778, 47.98358333], [106.86325, 48.02263889], [106.84358333, 48.06758333], [106.84186111, 48.07963889], [106.83127778, 48.10430555], [106.859, 48.13266667], [106.86725, 48.14266667], [106.86740828, 48.14178167], [106.86747578, 48.14129037], [106.86769492, 48.14083499], [106.86830553, 48.1399576], [106.86977918, 48.13837852], [106.87124817, 48.13699791], [106.87470827, 48.13446069], [106.87777735, 48.13280129], [106.87914399, 48.13185527], [106.8801798, 48.13100512], [106.88127542, 48.13043013], [106.88265091, 48.12976677], [106.88423212, 48.12926492], [106.88506552, 48.12909062], [106.88527875, 48.12896814], [106.88548978, 48.12866425], [106.88584485, 48.12854167], [106.88707576, 48.12850016], [106.88701771, 48.12829825], [106.88693201, 48.12806492], [106.88691665, 48.12785339], [106.88682848, 48.12771325], [106.88669472, 48.12755482], [106.88680943, 48.12733877], [106.88689567, 48.12707321], [106.88700349, 48.12681444], [106.88706364, 48.12670994], [106.88701307, 48.12663942], [106.88693677, 48.126575], [106.88691725, 48.12649817], [106.88691755, 48.12643825], [106.88696714, 48.12640455], [106.88706357, 48.12641724], [106.88714624, 48.12649084], [106.88732767, 48.126495], [106.88746, 48.12649787], [106.88756849, 48.1265196], [106.8876642, 48.12652212], [106.88774517, 48.12648644], [106.88773145, 48.12645132], [106.88771238, 48.1263879], [106.88769973, 48.12632932], [106.88769324, 48.12627447], [106.88769289, 48.12622292], [106.88770111, 48.12614619], [106.88770837, 48.1261154], [106.88771813, 48.12608778], [106.88773046, 48.12606466], [106.88774864, 48.12604018], [106.88784009, 48.12594616], [106.88785857, 48.12592398], [106.88787235, 48.12590337], [106.88790303, 48.12584221], [106.887928, 48.12577446], [106.88794665, 48.12570371], [106.88795347, 48.12564606], [106.88795256, 48.12561658], [106.88794832, 48.12558415], [106.88792793, 48.12549828], [106.88790879, 48.12544415], [106.88787897, 48.12538573], [106.88784185, 48.12532686], [106.8877314, 48.12516652], [106.88770237, 48.12511673], [106.88768086, 48.12507121], [106.88764688, 48.12498396], [106.88762115, 48.12490723], [106.88760207, 48.12483622], [106.88758931, 48.12476958], [106.88757809, 48.12468981], [106.88757367, 48.12463479], [106.8875745, 48.12458521], [106.88758093, 48.12454069], [106.88759126, 48.12450012], [106.8876038, 48.12446315], [106.88761871, 48.12442927], [106.88763608, 48.12439832], [106.88767393, 48.12434717], [106.88772287, 48.12429585], [106.88774927, 48.12427289], [106.88777932, 48.12425027], [106.88781318, 48.12422787], [106.88785111, 48.12420551], [106.88793921, 48.1241607], [106.88805809, 48.12410846], [106.8881388, 48.12407789], [106.88823296, 48.12404864], [106.88833243, 48.12402223], [106.88853605, 48.12397262], [106.88859779, 48.12395887], [106.88878224, 48.12392338], [106.88883788, 48.12390893], [106.88888527, 48.12389278], [106.88893431, 48.12387223], [106.88898083, 48.12385004], [106.88902395, 48.12382661], [106.88906305, 48.12380228], [106.88910875, 48.12376838], [106.88915282, 48.12372882], [106.88919556, 48.12368334], [106.88923787, 48.123631], [106.88926428, 48.12359179], [106.8892887, 48.12354649], [106.88935014, 48.12340012], [106.88937316, 48.12334217], [106.88939436, 48.12328113], [106.88943238, 48.12314662], [106.88946075, 48.12301925], [106.88952531, 48.12268993], [106.88958726, 48.1224157], [106.88961485, 48.1222833], [106.88963751, 48.12215244], [106.88965217, 48.12203442], [106.88965998, 48.12190709], [106.88966653, 48.12160306], [106.88967885, 48.1213557], [106.88969193, 48.12119846], [106.88969961, 48.12107805], [106.88970578, 48.12104507], [106.88971542, 48.1210162], [106.88973335, 48.12098156], [106.88977229, 48.12092095], [106.88984853, 48.12080518], [106.88990696, 48.12069948], [106.88992688, 48.1206558], [106.88994216, 48.12061503], [106.88995782, 48.12055308], [106.88997595, 48.12043932], [106.89000974, 48.12022263], [106.89003127, 48.1200275], [106.89003689, 48.11991578], [106.89003724, 48.11964088], [106.89004265, 48.11951535], [106.89004926, 48.11937412], [106.89005531, 48.11933441], [106.89006491, 48.11929943], [106.89008564, 48.11925296], [106.89014016, 48.11915673], [106.89018567, 48.11905409], [106.89019979, 48.11902889], [106.89021516, 48.11900729], [106.89024341, 48.1189761], [106.8902785, 48.11894425], [106.89032073, 48.11891146], [106.89037133, 48.11887673], [106.89041057, 48.1188533], [106.89045738, 48.11882934], [106.89061849, 48.11875815], [106.89073988, 48.11870505], [106.89085952, 48.11865579], [106.89097764, 48.11861027], [106.89109442, 48.11856844], [106.89117782, 48.11854233], [106.89138726, 48.11848393], [106.89144341, 48.11846572], [106.89149238, 48.11844737], [106.89157468, 48.11841411], [106.89162309, 48.11839278], [106.89166528, 48.11837122], [106.89170005, 48.11834964], [106.89174743, 48.11831483], [106.89178272, 48.11828405], [106.89180894, 48.11825467], [106.89182631, 48.11822631], [106.89183834, 48.11818942], [106.89184345, 48.11814519], [106.89184284, 48.11811193], [106.89183858, 48.11808179], [106.89183068, 48.11805482], [106.89181914, 48.11803107], [106.89180712, 48.11801514], [106.89178982, 48.11799858], [106.89171889, 48.1179463], [106.89169453, 48.11792534], [106.89164974, 48.11787598], [106.8915893, 48.11779909], [106.8915101, 48.11769717], [106.8914884, 48.11766354], [106.89147252, 48.1176326], [106.89146102, 48.11760148], [106.89145213, 48.11756603], [106.89143569, 48.11745133], [106.89142795, 48.11737996], [106.89141574, 48.1171822], [106.89140766, 48.11704877], [106.89140019, 48.11701225], [106.89138822, 48.11698057], [106.89137526, 48.11695737], [106.89135772, 48.11693211], [106.89129304, 48.11685415], [106.89121998, 48.11676484], [106.89119357, 48.11673765], [106.8911672, 48.11671475], [106.89113955, 48.11669516], [106.89110558, 48.11667515], [106.89095163, 48.11659705], [106.89085146, 48.11653824], [106.89076646, 48.11648558], [106.89066078, 48.1164181], [106.8906014, 48.11637378], [106.8905378, 48.1163161], [106.89051508, 48.11629133], [106.8904969, 48.11626772], [106.89048214, 48.11624338], [106.89046906, 48.11621541], [106.8904417, 48.1161339], [106.89042989, 48.11608313], [106.89042455, 48.11602611], [106.89042479, 48.11596859], [106.89043231, 48.11581562], [106.89043116, 48.11577037], [106.89042687, 48.11572996], [106.89040555, 48.11559193], [106.89039369, 48.11554757], [106.89037851, 48.11550846], [106.89035067, 48.1154515], [106.89032478, 48.11541504], [106.89030283, 48.11539287], [106.89027762, 48.11537178], [106.89025013, 48.11535258], [106.89022128, 48.11533591], [106.89018865, 48.11532165], [106.89014859, 48.11530913], [106.89000793, 48.11527879], [106.88993973, 48.11526629], [106.88976887, 48.11524314], [106.88972343, 48.11523411], [106.889684, 48.11522349], [106.88960102, 48.11519337], [106.88951037, 48.11515225], [106.8894488, 48.11512112], [106.88940375, 48.11509588], [106.88936619, 48.11507147], [106.88933551, 48.11504734], [106.8893106, 48.11502323], [106.88928681, 48.11499566], [106.88926383, 48.11496428], [106.88924059, 48.11492765], [106.88922435, 48.11489789], [106.88920981, 48.11486582], [106.88918538, 48.11479383], [106.8891781, 48.11476089], [106.88917345, 48.11472373], [106.88916792, 48.11459203], [106.88916566, 48.11452905], [106.8891655, 48.11435548], [106.88916203, 48.11430264], [106.88915558, 48.11425542], [106.88913858, 48.11416597], [106.88911999, 48.1141078], [106.88910299, 48.11407133], [106.88908285, 48.11403548], [106.88905987, 48.11400079], [106.88903438, 48.11396775], [106.88900777, 48.11393909], [106.88897396, 48.1139087], [106.88883719, 48.11380258], [106.88867633, 48.11367438], [106.88860911, 48.11361772], [106.88853038, 48.11354524], [106.88844234, 48.11345879], [106.88832645, 48.1133465], [106.88829678, 48.11331192], [106.88827482, 48.11327966], [106.88825672, 48.11324435], [106.88824148, 48.11320525], [106.88822889, 48.11316183], [106.88821839, 48.11311218], [106.88821275, 48.1130728], [106.88820987, 48.11303251], [106.88820978, 48.11299165], [106.88821247, 48.1129506], [106.88821854, 48.11291106], [106.88822942, 48.11286734], [106.88827494, 48.11273402], [106.88829123, 48.11269157], [106.88831265, 48.1126448], [106.88839432, 48.11249013], [106.8884226, 48.11243197], [106.88844592, 48.11237353], [106.88846095, 48.11232004], [106.88847053, 48.112268], [106.88847738, 48.11221361], [106.88848153, 48.11215679], [106.88848297, 48.11209738], [106.88848475, 48.11201291], [106.88848319, 48.11197076], [106.88847696, 48.11193057], [106.88846551, 48.11189558], [106.88844836, 48.11186267], [106.88842429, 48.11182758], [106.88839294, 48.11178959], [106.88834926, 48.11174256], [106.88830326, 48.11170024], [106.88818323, 48.11160382], [106.88806947, 48.11150359], [106.88803486, 48.11146974], [106.88800616, 48.11143833], [106.88797387, 48.11139871], [106.88794542, 48.11135999], [106.88792079, 48.11132214], [106.88789996, 48.11128513], [106.8878731, 48.11122287], [106.88784403, 48.11113112], [106.88782107, 48.11102398], [106.88780844, 48.11098351], [106.88779152, 48.11094468], [106.88777356, 48.11090992], [106.88775415, 48.11087845], [106.88773314, 48.11085002], [106.88770669, 48.11082143], [106.88767232, 48.1107914], [106.88753622, 48.11069158], [106.88745414, 48.11063112], [106.88725114, 48.11048993], [106.88715391, 48.11041494], [106.88706111, 48.11033298], [106.88692487, 48.11020314], [106.88679074, 48.11006871], [106.88673702, 48.11001761], [106.88666939, 48.10995658], [106.88662274, 48.10991844], [106.88653839, 48.10985993], [106.88643736, 48.10980023], [106.88633364, 48.1097468], [106.88623261, 48.10970254], [106.88617648, 48.10968235], [106.8860188, 48.10963196], [106.88590048, 48.10958995], [106.88586517, 48.10957535], [106.88583515, 48.10956087], [106.88578274, 48.10953075], [106.88573498, 48.10949803], [106.8856935, 48.10946384], [106.88565933, 48.10942903], [106.88562745, 48.10938626], [106.88560175, 48.10933871], [106.88558295, 48.10928769], [106.88557177, 48.10923511], [106.8855693, 48.10916779], [106.88556456, 48.10904717], [106.88556682, 48.10901108], [106.88557246, 48.10897912], [106.88558408, 48.10894132], [106.88560131, 48.10890072], [106.88562446, 48.10885639], [106.88565652, 48.1088026], [106.88567731, 48.108773], [106.88573095, 48.10870602], [106.88575236, 48.10867304], [106.88577479, 48.10862794], [106.88579116, 48.10858627], [106.88580179, 48.10854721], [106.88580676, 48.10851047], [106.8858079, 48.10847389], [106.88580606, 48.10844466], [106.88580099, 48.1084189], [106.88579252, 48.10839619], [106.88578151, 48.10837652], [106.88576708, 48.10835639], [106.88572925, 48.10831639], [106.88569481, 48.10828964], [106.88565204, 48.1082641], [106.88560153, 48.10824013], [106.88554462, 48.10821838], [106.88551812, 48.10821056], [106.88548736, 48.1082039], [106.88536289, 48.10818569], [106.88531169, 48.10817505], [106.88522197, 48.10814732], [106.88510794, 48.10810429], [106.8849735, 48.10804965], [106.88492974, 48.1080282], [106.88489315, 48.10800677], [106.8848502, 48.10797752], [106.8848163, 48.10795108], [106.8847892, 48.1079257], [106.88476859, 48.10790103], [106.88475282, 48.10787532], [106.88474006, 48.10784652], [106.8847304, 48.10781481], [106.88472395, 48.10778051], [106.88472215, 48.10775292], [106.88472396, 48.10772254], [106.88473913, 48.10764554], [106.88475753, 48.10758685], [106.88478495, 48.10752353], [106.8848105, 48.10748232], [106.88488402, 48.10738828], [106.88489907, 48.1073631], [106.88490898, 48.10733961], [106.88492247, 48.10728788], [106.88492564, 48.10724503], [106.88492089, 48.10721094], [106.88490979, 48.10717538], [106.88489266, 48.10713939], [106.88487021, 48.10710448], [106.88485063, 48.10708206], [106.88482396, 48.10705879], [106.88472555, 48.10699011], [106.88469415, 48.10696591], [106.88458818, 48.10687529], [106.884555, 48.10684342], [106.88452766, 48.1068137], [106.88448304, 48.10675879], [106.88445016, 48.10671168], [106.88442599, 48.10666802], [106.88441019, 48.10662701], [106.88439843, 48.10657788], [106.8843935, 48.10653372], [106.88439537, 48.10649401], [106.88440404, 48.1064587], [106.88442363, 48.10641686], [106.88445068, 48.10637728], [106.88448312, 48.10634294], [106.88451949, 48.10631535], [106.88454524, 48.10630155], [106.88457761, 48.10628853], [106.88469821, 48.10625179], [106.88486322, 48.10620156], [106.8849368, 48.10618215], [106.88500686, 48.10616589], [106.8850868, 48.10615153], [106.88527419, 48.1061269], [106.88535695, 48.10611299], [106.88550512, 48.10608063], [106.88562613, 48.10604795], [106.88574744, 48.10600954], [106.88578903, 48.10599358], [106.8858247, 48.10597732], [106.88587865, 48.10594967], [106.88591432, 48.1059286], [106.88594222, 48.10590795], [106.88596222, 48.10588749], [106.88597514, 48.10586751], [106.88598512, 48.1058438], [106.88599244, 48.10581609], [106.88599849, 48.10577912], [106.88600204, 48.10572296], [106.88599979, 48.10569944], [106.88599479, 48.10567813], [106.88598651, 48.10565767], [106.88597395, 48.10563558], [106.88593078, 48.10557814], [106.88588805, 48.1055291], [106.88584717, 48.10549194], [106.88579757, 48.10545588], [106.88575449, 48.10543283], [106.88571143, 48.10541865], [106.88563264, 48.10540115], [106.88557448, 48.10538945], [106.88551268, 48.1053801], [106.88544657, 48.10537301], [106.88537483, 48.10536801], [106.88525721, 48.10536421], [106.88498034, 48.10536323], [106.88485669, 48.10536], [106.88478723, 48.10535812], [106.88461846, 48.10535809], [106.8845423, 48.10535639], [106.88446283, 48.10535073], [106.88439333, 48.10534065], [106.88432845, 48.10532739], [106.88427277, 48.10531382], [106.88422351, 48.10529927], [106.88418003, 48.10528352], [106.88413178, 48.10526159], [106.8840826, 48.10523422], [106.8840316, 48.10520095], [106.88397432, 48.10515891], [106.88391741, 48.1051137], [106.88387534, 48.10507595], [106.88384233, 48.10504046], [106.88381789, 48.10500654], [106.88380031, 48.10497139], [106.88378727, 48.10493084], [106.88377831, 48.10488453], [106.88377079, 48.10481869], [106.88376772, 48.10473687], [106.88377494, 48.10465695], [106.88378067, 48.10463012], [106.88378987, 48.1046008], [106.88384031, 48.10448015], [106.88385703, 48.10442657], [106.88386471, 48.10438456], [106.88387015, 48.10433746], [106.88387833, 48.10418371], [106.88388619, 48.10400349], [106.88388613, 48.10384677], [106.88388191, 48.10379413], [106.88386564, 48.10368665], [106.8838607, 48.10364102], [106.88386001, 48.10359324], [106.88386525, 48.10355072], [106.8838846, 48.10347689], [106.88389667, 48.1034448], [106.88391058, 48.10341525], [106.88394669, 48.10335552], [106.88396631, 48.10332961], [106.88398705, 48.10330621], [106.88401246, 48.10328339], [106.88404524, 48.10326021], [106.88416928, 48.1031894], [106.88421306, 48.10316104], [106.88430577, 48.10309769], [106.88434314, 48.10306967], [106.88437609, 48.10303921], [106.88439862, 48.1030098], [106.8844085, 48.10299013], [106.8844163, 48.10296715], [106.88443415, 48.10288123], [106.8844651, 48.10278322], [106.88446942, 48.1027563], [106.88446894, 48.10273246], [106.88446289, 48.10270702], [106.8844507, 48.10267892], [106.88439316, 48.1025855], [106.88435867, 48.10253087], [106.88427754, 48.10241623], [106.88424433, 48.10236564], [106.88416266, 48.10223367], [106.88414109, 48.10219099], [106.88412589, 48.10215202], [106.88411452, 48.10211033], [106.88410633, 48.10206488], [106.88410115, 48.10201488], [106.88409865, 48.10195712], [106.88409934, 48.10190982], [106.88410327, 48.10185975], [106.88412118, 48.10174792], [106.88413405, 48.1016945], [106.88415197, 48.10163605], [106.88421184, 48.10147698], [106.88425003, 48.10139199], [106.88435041, 48.1011977], [106.88437231, 48.10114856], [106.88438927, 48.10110357], [106.88442535, 48.10098979], [106.88443571, 48.10094676], [106.88444244, 48.10090735], [106.88444437, 48.10087742], [106.88444363, 48.10080682], [106.88444756, 48.10077254], [106.88446609, 48.1007086], [106.88447869, 48.10067871], [106.88449339, 48.10065053], [106.88451616, 48.10061568], [106.88454473, 48.10058006], [106.88457902, 48.10054378], [106.88461888, 48.10050701], [106.88465337, 48.10048017], [106.88469609, 48.10045256], [106.88484014, 48.1003737], [106.88488458, 48.10034772], [106.88503136, 48.10026077], [106.88506968, 48.10023456], [106.88510077, 48.10020944], [106.88513437, 48.1001765], [106.88516684, 48.1001385], [106.88519899, 48.10009467], [106.88523533, 48.10003883], [106.88528327, 48.09995566], [106.88529896, 48.09992132], [106.88531031, 48.0998894], [106.88531782, 48.09985406], [106.8853204, 48.09981402], [106.88531203, 48.09968767], [106.8853115, 48.09964687], [106.8853115, 48.09951437], [106.88531588, 48.09947723], [106.88532421, 48.09944457], [106.88534152, 48.09939941], [106.88536117, 48.09935998], [106.88538369, 48.09932525], [106.88540925, 48.09929498], [106.88543097, 48.0992743], [106.88545631, 48.09925352], [106.88551685, 48.09921237], [106.88555447, 48.09919291], [106.88560058, 48.0991752], [106.88564971, 48.09916033], [106.88578393, 48.09912431], [106.88582208, 48.09911187], [106.88585462, 48.09909905], [106.88613289, 48.09907684], [106.88618292, 48.09891131], [106.88621801, 48.09888362], [106.88624802, 48.09885682], [106.88629603, 48.09880494], [106.88634433, 48.09874072], [106.88636987, 48.09869933], [106.88639332, 48.09865176], [106.88645582, 48.09848965], [106.88641389, 48.09835434], [106.88614709, 48.0982016], [106.88606404, 48.09811726], [106.8860865, 48.09800263], [106.88629009, 48.09788501], [106.88633334, 48.09775575], [106.8863272, 48.09758802], [106.88616046, 48.0974015], [106.88610078, 48.0972275], [106.88607605, 48.09698866], [106.88599363, 48.09677576], [106.8861598, 48.09665519], [106.88628505, 48.09658171], [106.88634193, 48.09638795], [106.88651614, 48.09619583], [106.88666269, 48.09612201], [106.88676767, 48.09607743], [106.88682745, 48.09600457], [106.88667262, 48.09582744], [106.88660729, 48.09575895], [106.8865049, 48.09566288], [106.8864618, 48.09562617], [106.88642023, 48.09559361], [106.88633794, 48.09553726], [106.88620402, 48.0954557], [106.8861738, 48.09543882], [106.88613802, 48.09542137], [106.88598104, 48.09535476], [106.88591742, 48.09532372], [106.88588641, 48.09530504], [106.88586085, 48.09528615], [106.88584022, 48.09526667], [106.8858243, 48.09524637], [106.88580319, 48.09521108], [106.88578896, 48.09517978], [106.88578111, 48.0951514], [106.88577967, 48.09512585], [106.8857828, 48.09510876], [106.88578998, 48.09508973], [106.88582622, 48.09502404], [106.88587538, 48.09493768], [106.885964, 48.09470465], [106.88592804, 48.09457138], [106.88590849, 48.09453935], [106.88578385, 48.09444294], [106.8857305, 48.0943914], [106.88568072, 48.09434329], [106.88564191, 48.0942281], [106.88564066, 48.09417049], [106.88565538, 48.09410671], [106.88567923, 48.09402948], [106.88571241, 48.09396645], [106.88573173, 48.09391187], [106.88573676, 48.09387467], [106.88578195, 48.09382824], [106.88585275, 48.09378281], [106.88593286, 48.09375865], [106.88604315, 48.09374399], [106.88613459, 48.09371097], [106.88626193, 48.09365592], [106.88633267, 48.09359884], [106.8863652, 48.09355368], [106.88646459, 48.09350327], [106.88657001, 48.09347179], [106.88671308, 48.09345041], [106.88680758, 48.09341197], [106.88683298, 48.09332617], [106.88677073, 48.09323957], [106.88665423, 48.09314297], [106.88656425, 48.09301357], [106.88648511, 48.09288922], [106.88643535, 48.09276225], [106.88644094, 48.09265293], [106.88648249, 48.09259442], [106.8865585, 48.09254433], [106.88666056, 48.09251011], [106.88674557, 48.09250372], [106.88681722, 48.09252271], [106.88695787, 48.0925841], [106.88706193, 48.09259108], [106.88718233, 48.09257173], [106.8873823, 48.09251628], [106.88783754, 48.09239301], [106.88811206, 48.09233059], [106.88863655, 48.09205117], [106.8887757, 48.09195332], [106.88891179, 48.09189028], [106.88902301, 48.0918566], [106.88913518, 48.09184896], [106.88943903, 48.09187871], [106.88956881, 48.09187947], [106.88964176, 48.0918638], [106.88972294, 48.0918364], [106.88979483, 48.09179178], [106.88981464, 48.09174223], [106.8897891, 48.09163552], [106.88975556, 48.0915463], [106.88973065, 48.09145695], [106.88968372, 48.09135638], [106.88967317, 48.09130443], [106.88967969, 48.09124641], [106.88981214, 48.09108839], [106.88998201, 48.09084803], [106.8900141, 48.09076546], [106.89012312, 48.09044681], [106.89015747, 48.09032687], [106.8901586, 48.09027574], [106.89015981, 48.09021177], [106.8901633, 48.09014954], [106.89017136, 48.08999384], [106.89021279, 48.08991284], [106.89028372, 48.08983731], [106.89038175, 48.08977442], [106.89045994, 48.08970306], [106.89050504, 48.08953812], [106.8904772, 48.0893601], [106.89037077, 48.08918909], [106.89023022, 48.08905624], [106.89021891, 48.08898027], [106.89025325, 48.08890927], [106.8903786, 48.08884058], [106.89054675, 48.08877689], [106.89066136, 48.08872551], [106.89076732, 48.08867046], [106.89086732, 48.08860789], [106.89097534, 48.08853187], [106.89103884, 48.08848133], [106.89107409, 48.08843506], [106.89111564, 48.08836136], [106.89112885, 48.08830998], [106.89113024, 48.08827761], [106.89109248, 48.08819136], [106.89110226, 48.08810433], [106.89116416, 48.08800843], [106.89130776, 48.08781139], [106.89139987, 48.0877288], [106.89151002, 48.08766618], [106.89179822, 48.08762379], [106.89191407, 48.08759872], [106.89198078, 48.08753102], [106.89205384, 48.08717255], [106.89203658, 48.08696746], [106.89192818, 48.08679974], [106.89183334, 48.0867361], [106.89144987, 48.08663484], [106.89135682, 48.08662007], [106.89120705, 48.08665188], [106.89114878, 48.0866561], [106.89108529, 48.08665062], [106.89101111, 48.08661924], [106.89098501, 48.08658138], [106.89096527, 48.08645238], [106.89102183, 48.086302], [106.89110849, 48.08610829], [106.89126067, 48.08591922], [106.89133226, 48.08586744], [106.89136251, 48.08585918], [106.8914087, 48.08585099], [106.89146304, 48.08584673], [106.89151886, 48.08584592], [106.8916436, 48.08584781], [106.89170796, 48.08584913], [106.89177905, 48.08585324], [106.89205188, 48.0858791], [106.89216781, 48.08588633], [106.89239343, 48.08589832], [106.89249014, 48.08590057], [106.89254051, 48.08589949], [106.89258685, 48.08589653], [106.89263003, 48.08589165], [106.89267045, 48.08588479], [106.8927509, 48.08586592], [106.89282757, 48.08584253], [106.89289735, 48.08581555], [106.89295837, 48.08578574], [106.89300052, 48.08575967], [106.8930431, 48.08572767], [106.89308685, 48.08568946], [106.89314384, 48.08563448], [106.89318767, 48.08558706], [106.89323063, 48.08553165], [106.89326779, 48.08547698], [106.89335427, 48.08534135], [106.89345419, 48.08518906], [106.89353065, 48.08506494], [106.89359465, 48.08495115], [106.8936477, 48.08484476], [106.89371832, 48.08469148], [106.89373684, 48.08464034], [106.89374907, 48.08459385], [106.89375719, 48.08454726], [106.89376215, 48.08450115], [106.89376393, 48.08445588], [106.89376249, 48.08441174], [106.89375822, 48.08437196], [106.89375078, 48.08433], [106.89372592, 48.0842372], [106.8937107, 48.0841946], [106.89369079, 48.08414819], [106.89362759, 48.08402326], [106.89359219, 48.08396509], [106.89351557, 48.08385895], [106.89348706, 48.0838162], [106.89347473, 48.08376175], [106.89348174, 48.08371889], [106.89350257, 48.08368954], [106.89360707, 48.08360689], [106.89370473, 48.08353889], [106.89380579, 48.08341871], [106.89387614, 48.08330333], [106.89394569, 48.08316654], [106.89396895, 48.08310357], [106.89397758, 48.08302918], [106.89398198, 48.08291679], [106.8939732, 48.0828126], [106.89397508, 48.082781], [106.89397296, 48.08275113], [106.89396164, 48.08271062], [106.89392856, 48.08263735], [106.89389662, 48.08256892], [106.89380402, 48.08239691], [106.89376599, 48.08231668], [106.89371993, 48.08220043], [106.89368775, 48.08210241], [106.89366549, 48.0820179], [106.89365193, 48.08194806], [106.89363724, 48.081859], [106.89363268, 48.08181067], [106.89363452, 48.08176549], [106.89364377, 48.0817259], [106.89365786, 48.08169255], [106.89367711, 48.08165822], [106.89370114, 48.08162362], [106.89372925, 48.08158976], [106.89381068, 48.08155286], [106.89392001, 48.08151298], [106.89408869, 48.08146451], [106.89421535, 48.08143196], [106.89432454, 48.08138828], [106.89448417, 48.08131572], [106.89455876, 48.08121931], [106.89460181, 48.08111532], [106.89462933, 48.08101349], [106.89464904, 48.0808408], [106.89468244, 48.08071853], [106.89475101, 48.08060902], [106.89487139, 48.08050233], [106.895034, 48.08038542], [106.89520761, 48.08027785], [106.89547454, 48.0801973], [106.89560998, 48.08011415], [106.89569521, 48.08001756], [106.89568992, 48.07990247], [106.89553294, 48.07972573], [106.89546628, 48.07961489], [106.89546166, 48.07948932], [106.89547555, 48.07940343], [106.89563133, 48.07931328], [106.89581697, 48.07926263], [106.895999, 48.07919109], [106.89622154, 48.07904297], [106.8963965, 48.07887588], [106.89651246, 48.07855271], [106.89659923, 48.07830499], [106.89664814, 48.07818639], [106.89672968, 48.07808628], [106.89680887, 48.07795826], [106.89688301, 48.07784995], [106.89692337, 48.0777243], [106.89696934, 48.07764979], [106.89698076, 48.07757731], [106.89697182, 48.07744196], [106.89691345, 48.077358], [106.89682731, 48.07733324], [106.89662153, 48.07732545], [106.89643554, 48.07730164], [106.89639156, 48.07726429], [106.89632505, 48.077194], [106.89628333, 48.07707332], [106.89625688, 48.07693336], [106.89620359, 48.07676881], [106.89614536, 48.07660443], [106.89609786, 48.07645038], [106.89600238, 48.07638548], [106.89583524, 48.07637872], [106.89572669, 48.07639008], [106.89566766, 48.07636007], [106.89565145, 48.0763056], [106.89567827, 48.07626233], [106.89574027, 48.07621982], [106.89576162, 48.07615305], [106.89571706, 48.07606179], [106.89567258, 48.0760026], [106.895624, 48.07593128], [106.89556751, 48.07585723], [106.89549641, 48.07582924], [106.89542044, 48.07581682], [106.89535682, 48.07582501], [106.89530787, 48.07587092], [106.89526255, 48.07597003], [106.89523197, 48.07607854], [106.89517282, 48.07613265], [106.89508641, 48.07619281], [106.89499766, 48.07619741], [106.89494208, 48.07618362], [106.89487429, 48.07612567], [106.89480368, 48.07607533], [106.89472877, 48.07599447], [106.8946767, 48.07591833], [106.89464336, 48.07588081], [106.89462186, 48.07585524], [106.8945812, 48.07583186], [106.89453774, 48.07580878], [106.89451232, 48.07577411], [106.89453091, 48.07573137], [106.89464449, 48.0756214], [106.89474487, 48.07555074], [106.89489493, 48.07547925], [106.89498259, 48.07541819], [106.89500291, 48.07535723], [106.89500968, 48.07527987], [106.89496296, 48.07520447], [106.89496831, 48.07515679], [106.89497695, 48.07510191], [106.89499943, 48.07503729], [106.89502944, 48.07498444], [106.89508876, 48.07493097], [106.89515959, 48.07493319], [106.89520628, 48.07496626], [106.89522492, 48.07506072], [106.89527366, 48.07513393], [106.89529492, 48.07517801], [106.89537371, 48.07521211], [106.89547529, 48.07527318], [106.89554799, 48.07536485], [106.89562167, 48.07540613], [106.89569848, 48.07541126], [106.8957833, 48.07540034], [106.89588318, 48.07539805], [106.89604495, 48.07536985], [106.89613377, 48.07535563], [106.89620552, 48.07534235], [106.89627317, 48.07529945], [106.896317, 48.07525912], [106.89636191, 48.07519763], [106.89641833, 48.0750871], [106.89644387, 48.07495261], [106.89638334, 48.07481823], [106.8962774, 48.07467389], [106.89620701, 48.07457798], [106.89618172, 48.0744538], [106.89615237, 48.07436322], [106.89612349, 48.07427324], [106.8960947, 48.07418358], [106.89607905, 48.07413485], [106.89606338, 48.0740707], [106.89605154, 48.07402225], [106.89603197, 48.07398431], [106.8959741, 48.07396439], [106.89591941, 48.07397037], [106.89589909, 48.07397259], [106.89585228, 48.07399247], [106.89580959, 48.07401059], [106.89570638, 48.07409926], [106.89564607, 48.07415417], [106.89556474, 48.07420247], [106.89549498, 48.07421232], [106.89530314, 48.07417313], [106.89513524, 48.07412673], [106.89500276, 48.07409679], [106.8948235, 48.07410165], [106.89463548, 48.07411211], [106.894496, 48.07412419], [106.89442948, 48.07410149], [106.89436706, 48.07404246], [106.89435989, 48.07398867], [106.89439731, 48.0738193], [106.89440471, 48.07369467], [106.89442871, 48.07359968], [106.894507, 48.07353926], [106.89464721, 48.07353868], [106.89476168, 48.07356182], [106.8948779, 48.07354425], [106.89494195, 48.07352058], [106.89500854, 48.0734615], [106.89505079, 48.07337269], [106.89507311, 48.07328048], [106.89505847, 48.07315777], [106.89501639, 48.07310803], [106.89492567, 48.07307735], [106.89485338, 48.07307736], [106.8948192, 48.07307737], [106.89473551, 48.07306135], [106.89465916, 48.07303305], [106.8945907, 48.07293678], [106.89460651, 48.07286274], [106.89469639, 48.07281913], [106.89478147, 48.0728005], [106.89489259, 48.07277153], [106.8950749, 48.07270303], [106.89510438, 48.0726745], [106.89512753, 48.07264746], [106.89514063, 48.07261651], [106.89516779, 48.07258491], [106.89519063, 48.07255832], [106.89520887, 48.0725371], [106.89522843, 48.07252249], [106.89524555, 48.07251522], [106.89527369, 48.07250327], [106.89531112, 48.07251031], [106.89534854, 48.07251735], [106.89538192, 48.07253863], [106.89542774, 48.07256784], [106.89544222, 48.07257707], [106.89545664, 48.0726088], [106.89547332, 48.07264549], [106.89548241, 48.07273724], [106.89550938, 48.07282413], [106.89554545, 48.07289703], [106.89561698, 48.07297626], [106.89567623, 48.07300184], [106.89574011, 48.07302942], [106.89576222, 48.07303896], [106.89586599, 48.07305262], [106.89597547, 48.07305507], [106.89611692, 48.0730446], [106.89630436, 48.07301087], [106.89643761, 48.0729767], [106.89653836, 48.07295757], [106.89664801, 48.07294202], [106.89672454, 48.07293117], [106.89678013, 48.07288813], [106.89685272, 48.07284098], [106.89691262, 48.07275958], [106.89691351, 48.07270596], [106.8969144, 48.07265233], [106.8969106, 48.07254901], [106.89688756, 48.07249387], [106.89685418, 48.072414], [106.89683601, 48.07237052], [106.89679776, 48.07227899], [106.89678147, 48.07214715], [106.89676519, 48.07201531], [106.89672404, 48.07190685], [106.89668289, 48.0717984], [106.89662781, 48.07169975], [106.89658842, 48.07163913], [106.89654903, 48.07157851], [106.89643207, 48.07150769], [106.89627814, 48.07145676], [106.89620056, 48.07143109], [106.89612198, 48.07139711], [106.89600763, 48.07138823], [106.89584723, 48.07137303], [106.89558121, 48.07138337], [106.89524397, 48.07138893], [106.89500799, 48.07124999], [106.89489712, 48.07113279], [106.89489923, 48.07094825], [106.8949652, 48.07081028], [106.89509911, 48.07058786], [106.89520705, 48.07038373], [106.89533911, 48.07025104], [106.89553096, 48.07003463], [106.89565565, 48.06992548], [106.89576748, 48.06982845], [106.89582964, 48.06970844], [106.89584465, 48.06963383], [106.89577408, 48.06952494], [106.89572136, 48.06941872], [106.89569016, 48.0692943], [106.89571251, 48.06917793], [106.89578984, 48.06910823], [106.89600986, 48.06905701], [106.89620199, 48.0690117], [106.8963798, 48.06892309], [106.89657576, 48.06874852], [106.89668045, 48.06861772], [106.89675268, 48.06846563], [106.8968113, 48.06836943], [106.89684824, 48.06816647], [106.89683106, 48.0679406], [106.8967407, 48.06765641], [106.89614138, 48.06584513], [106.89602034, 48.06569239], [106.89572961, 48.06551269], [106.89539997, 48.06548242], [106.89512292, 48.06543343], [106.89497941, 48.06539414], [106.89487085, 48.06533939], [106.89481001, 48.06525409], [106.8947972, 48.06514718], [106.89474123, 48.06507371], [106.89462605, 48.06495955], [106.89454237, 48.06485678], [106.89446291, 48.06474799], [106.8944357, 48.06461155], [106.89444941, 48.06450122], [106.89451614, 48.06438406], [106.89459054, 48.06423405], [106.89472262, 48.06408308], [106.89486954, 48.06397353], [106.89497049, 48.0639421], [106.8951444, 48.06396304], [106.89529092, 48.0639636], [106.89544544, 48.06394022], [106.89551046, 48.06389749], [106.89551594, 48.06380515], [106.89547728, 48.06371949], [106.89538149, 48.06364965], [106.89531698, 48.06358525], [106.89534996, 48.06351626], [106.89551106, 48.06343028], [106.89562943, 48.06338964], [106.89586522, 48.0634036], [106.89608546, 48.06347734], [106.89630137, 48.06355412], [106.89640051, 48.06359414], [106.89650244, 48.06358948], [106.89658088, 48.0635495], [106.89666212, 48.06346484], [106.89673015, 48.06338337], [106.89694536, 48.0633203], [106.89717672, 48.06335601], [106.89726804, 48.06331045], [106.89734799, 48.06326778], [106.89761487, 48.06312826], [106.8977128, 48.06307372], [106.89776471, 48.06304186], [106.89781086, 48.0630108], [106.89785214, 48.06297995], [106.89788899, 48.06294897], [106.89796075, 48.06288403], [106.89800491, 48.06283938], [106.89803912, 48.06279723], [106.89806284, 48.06275748], [106.89807232, 48.06273414], [106.89807989, 48.06270733], [106.8982232, 48.06257727], [106.89830257, 48.06244205], [106.89836968, 48.06221478], [106.89840678, 48.06189576], [106.89837091, 48.06176542], [106.8982893, 48.06171915], [106.89823356, 48.06169612], [106.89784982, 48.06159846], [106.89756271, 48.0615169], [106.89716706, 48.0613806], [106.89695253, 48.06122047], [106.89689667, 48.06114998], [106.89691514, 48.0610485], [106.89717067, 48.06063362], [106.89727557, 48.06046822], [106.89751131, 48.06036017], [106.89803609, 48.06027194], [106.89831667, 48.06004929], [106.89836553, 48.05992945], [106.8983801, 48.05984291], [106.8983754, 48.05971503], [106.89839255, 48.05957786], [106.89840214, 48.05947652], [106.89825805, 48.05930036], [106.89820527, 48.0590721], [106.89813704, 48.05890658], [106.8981423, 48.05880829], [106.89815123, 48.05868911], [106.8982094, 48.05858102], [106.89835696, 48.05848931], [106.898482, 48.05838905], [106.89856475, 48.05834602], [106.89864231, 48.05828224], [106.89867063, 48.05820738], [106.89863662, 48.0581276], [106.89862436, 48.05803555], [106.89857562, 48.05791732], [106.89850037, 48.05780251], [106.89835935, 48.05770962], [106.89827699, 48.05764254], [106.89829134, 48.05755005], [106.89834951, 48.05744196], [106.89848786, 48.05734147], [106.89880771, 48.05710705], [106.89880774, 48.05697584], [106.89877209, 48.05690533], [106.89874768, 48.05684162], [106.89872981, 48.05678149], [106.89871833, 48.05672452], [106.89871321, 48.05667053], [106.89871384, 48.05660303], [106.89872095, 48.05654133], [106.89873458, 48.05648503], [106.89875476, 48.05643407], [106.89877529, 48.05639829], [106.89880371, 48.05635961], [106.89883658, 48.05632121], [106.89890849, 48.05624291], [106.89895102, 48.05619984], [106.89906856, 48.05609288], [106.89909856, 48.0560607], [106.89912174, 48.05603056], [106.89916109, 48.0559657], [106.89919152, 48.05590004], [106.89921222, 48.05583537], [106.89922279, 48.0557729], [106.89922421, 48.05573545], [106.89922201, 48.05569532], [106.89921617, 48.05565214], [106.89920656, 48.05560476], [106.89919021, 48.05555106], [106.89915065, 48.05545075], [106.89909465, 48.05531135], [106.89907293, 48.05524994], [106.89903507, 48.05512947], [106.89902768, 48.05509043], [106.89902558, 48.05505537], [106.8990288, 48.05500059], [106.89903693, 48.05495421], [106.8990504, 48.05491396], [106.89906935, 48.0548795], [106.89909403, 48.05485123], [106.89912986, 48.05482246], [106.89916902, 48.05479712], [106.89926016, 48.05474351], [106.89929461, 48.05472084], [106.89939416, 48.05464817], [106.89965732, 48.05445066], [106.89973842, 48.05439261], [106.8998132, 48.05434176], [106.89987295, 48.05430512], [106.90000091, 48.054234], [106.90005372, 48.05420285], [106.90010556, 48.05416802], [106.90014718, 48.05413415], [106.90019005, 48.05409293], [106.90022673, 48.0540531], [106.90025739, 48.05401446], [106.90028206, 48.05397698], [106.90029832, 48.05394489], [106.90031212, 48.05390796], [106.90034516, 48.05378058], [106.90036906, 48.05367949], [106.90040826, 48.05345407], [106.90042997, 48.05335479], [106.90046373, 48.05321691], [106.90048198, 48.05315088], [106.90050391, 48.05308656], [106.90052853, 48.05302981], [106.90057428, 48.05294329], [106.90062227, 48.05286661], [106.90067361, 48.05279797], [106.90072874, 48.05273683], [106.90076946, 48.05269925], [106.90081952, 48.05265931], [106.90101225, 48.05252331], [106.90124396, 48.0523542], [106.90143075, 48.05222182], [106.90160344, 48.05210437], [106.90176658, 48.05199886], [106.90184744, 48.05195104], [106.9020148, 48.05185979], [106.90208354, 48.05182052], [106.9021521, 48.05177719], [106.90220901, 48.05173555], [106.90228757, 48.05167148], [106.90234307, 48.05162157], [106.90238783, 48.0515747], [106.90242247, 48.05152992], [106.90244562, 48.05149384], [106.90246396, 48.05146087], [106.90247805, 48.05142997], [106.90248804, 48.05140085], [106.90249577, 48.05135991], [106.90249714, 48.05131432], [106.90249232, 48.05126323], [106.9024806, 48.05119888], [106.90247096, 48.05116313], [106.90245605, 48.05112366], [106.90238155, 48.05096475], [106.90231412, 48.05079402], [106.90227023, 48.05067019], [106.90221577, 48.05048776], [106.90219453, 48.05040299], [106.902177, 48.05032144], [106.90214912, 48.05015568], [106.90219289, 48.0500758], [106.90245321, 48.04991378], [106.90256503, 48.0498167], [106.9027414, 48.04966499], [106.90285633, 48.04953215], [106.90288136, 48.04936807], [106.90288239, 48.0492758], [106.90281805, 48.04909534], [106.90271088, 48.04895726], [106.90262332, 48.04886943], [106.90251107, 48.04871357], [106.90248982, 48.0486187], [106.9024542, 48.048518], [106.90244878, 48.04842727], [106.90243549, 48.04834881], [106.90244031, 48.04823862], [106.90240587, 48.04814694], [106.90239568, 48.0481114], [106.9022797, 48.04794532], [106.90226472, 48.0478895], [106.90225473, 48.04783865], [106.90223905, 48.04771068], [106.90223601, 48.04765516], [106.90223601, 48.04760319], [106.9022402, 48.04753078], [106.90234951, 48.04746047], [106.90251142, 48.04739827], [106.90266655, 48.04739273], [106.90282255, 48.04741097], [106.90297844, 48.04742624], [106.90311506, 48.04740017], [106.90312874, 48.04728984], [106.90314423, 48.04710806], [106.90315699, 48.04685194], [106.90319219, 48.04672339], [106.90345201, 48.04641617], [106.90360723, 48.04633001], [106.90371503, 48.04627561], [106.90394017, 48.04617029], [106.90403404, 48.04612433], [106.90412882, 48.04607318], [106.90420874, 48.04602364], [106.90431543, 48.04595158], [106.90438264, 48.04590229], [106.90443839, 48.04585524], [106.90448217, 48.04581028], [106.90450585, 48.04578065], [106.90452775, 48.04574871], [106.90454799, 48.04571432], [106.90456669, 48.04567724], [106.90459983, 48.04559467], [106.90463114, 48.0454912], [106.9046425, 48.04543846], [106.90464969, 48.0453789], [106.90465888, 48.04515392], [106.90466315, 48.04505911], [106.90466228, 48.0448269], [106.90466622, 48.04472148], [106.90467188, 48.04466406], [106.90468022, 48.04461084], [106.90469141, 48.04456072], [106.90478829, 48.04451568], [106.90516011, 48.04436965], [106.90564462, 48.04419269], [106.90577502, 48.04407675], [106.90588205, 48.04397082], [106.90601016, 48.04383479], [106.90604388, 48.04378661], [106.90611998, 48.04368417], [106.90615337, 48.04362708], [106.90617379, 48.04357913], [106.90615796, 48.04351095], [106.90618194, 48.04343913], [106.90617065, 48.04337385], [106.90615893, 48.04329668], [106.90610707, 48.04321421], [106.90603747, 48.04313205], [106.90601644, 48.04305137], [106.90603215, 48.0429573], [106.9060462, 48.04293345], [106.90608312, 48.04285864], [106.90609907, 48.04283688], [106.90611747, 48.04281947], [106.90614354, 48.04280149], [106.90617422, 48.0427845], [106.90620809, 48.04276931], [106.90624324, 48.04275676], [106.90630142, 48.04274254], [106.9063649, 48.04273418], [106.90642733, 48.04273249], [106.9064565, 48.04273421], [106.90648362, 48.04273761], [106.90651393, 48.04274477], [106.90654627, 48.04275681], [106.90664289, 48.04280583], [106.90667503, 48.04282032], [106.90674528, 48.04284685], [106.90695753, 48.04292173], [106.90701939, 48.04294733], [106.90718544, 48.04302188], [106.9072378, 48.04304207], [106.90728652, 48.04305773], [106.90736847, 48.04308068], [106.90742703, 48.04309473], [106.90748054, 48.0431043], [106.90752952, 48.04310927], [106.90758792, 48.04311098], [106.90764347, 48.04310924], [106.90769443, 48.0431041], [106.90773997, 48.04309567], [106.90780881, 48.04307705], [106.90786198, 48.0430571], [106.90788322, 48.04304644], [106.90790084, 48.04303533], [106.90791484, 48.04302377], [106.90796738, 48.04299541], [106.90803233, 48.04295609], [106.90820298, 48.04289076], [106.90833772, 48.04281413], [106.9084689, 48.04276136], [106.90852835, 48.04268895], [106.90857262, 48.04256621], [106.90860693, 48.04241387], [106.90866528, 48.04231173], [106.90871575, 48.04223649], [106.90864161, 48.04215143], [106.90851978, 48.04209691], [106.9081599, 48.04208504], [106.90798317, 48.04210583], [106.90792486, 48.04208894], [106.90785653, 48.04202108], [106.90784596, 48.04197165], [106.90777471, 48.04186825], [106.9077396, 48.04175873], [106.9077628, 48.04166609], [106.90781295, 48.04158194], [106.90787606, 48.04148864], [106.90794361, 48.04139527], [106.9080992, 48.04128258], [106.9082307, 48.04123874], [106.90839735, 48.04118538], [106.9085467, 48.04114421], [106.90868319, 48.04111516], [106.90887766, 48.04109407], [106.90902811, 48.04108265], [106.90915638, 48.04107159], [106.90926791, 48.04108759], [106.90936302, 48.04113957], [106.90946109, 48.04125706], [106.90957636, 48.04135152], [106.90968525, 48.04141753], [106.90982409, 48.0414295], [106.9099773, 48.0413984], [106.91007134, 48.04135043], [106.91016858, 48.0412453], [106.91025624, 48.04116888], [106.91031656, 48.04109604], [106.91035815, 48.04104582], [106.91044673, 48.04099437], [106.91055462, 48.04088906], [106.91067353, 48.04079428], [106.91084134, 48.04067754], [106.9111305, 48.04057751], [106.91137631, 48.0405113], [106.91152275, 48.04044104], [106.91154512, 48.04032645], [106.91137933, 48.04016144], [106.9112288, 48.04012111], [106.91095708, 48.0400879], [106.91088365, 48.04002217], [106.91082247, 48.03985118], [106.91083822, 48.03979519], [106.91085568, 48.03974473], [106.91088657, 48.0396705], [106.9109184, 48.03960727], [106.91094323, 48.03956548], [106.91097171, 48.03952269], [106.91104004, 48.03943347], [106.91110223, 48.03936572], [106.91122888, 48.03924339], [106.91145607, 48.03901982], [106.91161446, 48.03887321], [106.91174316, 48.03875735], [106.91180712, 48.03870213], [106.91187305, 48.03864974], [106.91193602, 48.03860514], [106.91200562, 48.03856194], [106.91208714, 48.03851689], [106.91216921, 48.03842955], [106.91231759, 48.03824258], [106.91237648, 48.0381553], [106.91245245, 48.03804989], [106.9125242, 48.03795049], [106.91257433, 48.03786633], [106.91263776, 48.03778195], [106.912737, 48.03770591], [106.91280054, 48.0376245], [106.91287772, 48.0375518], [106.91295013, 48.03747024], [106.91301422, 48.03740371], [106.91306978, 48.03734624], [106.91314739, 48.03728544], [106.91318543, 48.03723421], [106.91333545, 48.03710207], [106.91334723, 48.0370392], [106.91336745, 48.03697176], [106.91338028, 48.03694171], [106.91339513, 48.03691358], [106.9134253, 48.03686707], [106.91346267, 48.03681868], [106.91350755, 48.03676798], [106.91356099, 48.03671378], [106.91363904, 48.03664404], [106.9137291, 48.03657456], [106.91378153, 48.03653855], [106.91384049, 48.03650148], [106.91390721, 48.03646256], [106.91398699, 48.0364187], [106.9140916, 48.0363668], [106.91421423, 48.03631415], [106.91432208, 48.03627227], [106.91456842, 48.03618173], [106.91467669, 48.03614027], [106.91500372, 48.03601424], [106.91506564, 48.03588758], [106.91527779, 48.03550611], [106.91535778, 48.03515066], [106.91536405, 48.03484107], [106.91529192, 48.03469051], [106.91531621, 48.03462761], [106.91546843, 48.03454473], [106.9157215, 48.03454943], [106.91590008, 48.03457919], [106.91604574, 48.0345589], [106.91618411, 48.03446137], [106.91628501, 48.0343109], [106.9164605, 48.03425738], [106.91665981, 48.0342481], [106.91687199, 48.03422671], [106.9170426, 48.03416137], [106.91699916, 48.03406687], [106.9169351, 48.03401437], [106.9169013, 48.03394054], [106.91690752, 48.03386902], [106.91695753, 48.03378189], [106.9171183, 48.0335709], [106.91719857, 48.03346243], [106.91732929, 48.03327872], [106.91742331, 48.03318193], [106.91751322, 48.03309413], [106.91766133, 48.03302024], [106.91775855, 48.03300968], [106.9179358, 48.03300375], [106.91806515, 48.03302242], [106.9181637, 48.03304756], [106.91824838, 48.03305804], [106.91838741, 48.03310227], [106.91860719, 48.03316216], [106.91875007, 48.03318655], [106.91892244, 48.03316879], [106.91906567, 48.03308308], [106.91910414, 48.03304375], [106.91916877, 48.03299208], [106.91920536, 48.03290219], [106.91919351, 48.03282205], [106.91907448, 48.03272286], [106.91896774, 48.03259668], [106.91882256, 48.0323908], [106.91873966, 48.03230886], [106.91852872, 48.03224395], [106.91839372, 48.03219264], [106.91831325, 48.03217613], [106.91816106, 48.03213998], [106.91799069, 48.03209224], [106.91785514, 48.03202606], [106.91775959, 48.03196219], [106.91774686, 48.03185825], [106.91778789, 48.03176829], [106.9179084, 48.03166807], [106.91814107, 48.0316017], [106.91842374, 48.03156722], [106.91856797, 48.03155187], [106.91876847, 48.0315317], [106.9190068, 48.03149796], [106.91919447, 48.03141448], [106.91927928, 48.03130891], [106.91928584, 48.03112727], [106.91930681, 48.03097516], [106.91925362, 48.03085702], [106.91917039, 48.03076616], [106.91893563, 48.030657], [106.91840575, 48.03059893], [106.91811119, 48.03055769], [106.91789984, 48.03036184], [106.91777926, 48.03022102], [106.91774758, 48.03008466], [106.9178344, 48.02991359], [106.91799814, 48.0297829], [106.91819046, 48.02970529], [106.91828679, 48.02967095], [106.91839674, 48.0296453], [106.91848515, 48.02959057], [106.91865158, 48.02957856], [106.91886673, 48.02951842], [106.91906492, 48.0294794], [106.91916746, 48.02937353], [106.91922666, 48.02929517], [106.91931202, 48.02920447], [106.9193832, 48.0290902], [106.91939806, 48.02901258], [106.91937214, 48.02891184], [106.9193246, 48.02882634], [106.91919594, 48.02871974], [106.91916811, 48.02867421], [106.91909563, 48.02863376], [106.91892361, 48.02854141], [106.91882464, 48.02850438], [106.91862813, 48.02846897], [106.91848459, 48.02842673], [106.91829573, 48.02835847], [106.91819987, 48.02828568], [106.91812273, 48.02823935], [106.91800393, 48.02814611], [106.91795562, 48.02803979], [106.917939, 48.02795079], [106.91794357, 48.02783466], [106.91797307, 48.02767347], [106.91800878, 48.0275598], [106.91810667, 48.02744806], [106.91827172, 48.02735305], [106.91838046, 48.0272947], [106.91838612, 48.0272083], [106.91833804, 48.02710793], [106.91831988, 48.0269773], [106.91830648, 48.02685551], [106.91834962, 48.02670303], [106.91841936, 48.0265501], [106.91849984, 48.02644757], [106.9185545, 48.02636632], [106.91856504, 48.02629174], [106.91845543, 48.02620728], [106.91831143, 48.02614968], [106.91824996, 48.02610578], [106.91814745, 48.02603685], [106.91794009, 48.02594806], [106.91760847, 48.02597741], [106.91681011, 48.02610084], [106.91661575, 48.02604307], [106.91656948, 48.02600965], [106.91653175, 48.02597777], [106.91647122, 48.02592038], [106.91643179, 48.02587788], [106.91640215, 48.02583813], [106.91638235, 48.02580063], [106.91637225, 48.02577182], [106.91636505, 48.0257418], [106.91636096, 48.02571134], [106.91636008, 48.02568124], [106.9163646, 48.02564313], [106.91637644, 48.02560166], [106.91639569, 48.02555606], [106.91642478, 48.02550053], [106.91641256, 48.02542899], [106.91638752, 48.02535204], [106.91634853, 48.02525746], [106.91634013, 48.02515047], [106.91638071, 48.02504862], [106.91650553, 48.02494536], [106.91670138, 48.02484389], [106.91698966, 48.02484206], [106.91710892, 48.02482816], [106.91719539, 48.02480215], [106.91725365, 48.02474419], [106.91733602, 48.02465633], [106.91738468, 48.02460131], [106.91742596, 48.02454943], [106.91745887, 48.02450125], [106.91747964, 48.02446494], [106.91749985, 48.02442361], [106.91755792, 48.02428403], [106.91760048, 48.02418125], [106.91764163, 48.02407497], [106.91772035, 48.02385018], [106.91773294, 48.02380573], [106.91770661, 48.02357254], [106.91765442, 48.02337066], [106.91765148, 48.02334575], [106.91762855, 48.02315153], [106.9175856, 48.02294997], [106.917469, 48.02277106], [106.91734414, 48.02265654], [106.91732511, 48.02252598], [106.91739523, 48.0224082], [106.91748432, 48.02232343], [106.91761591, 48.02216536], [106.9176886, 48.02202137], [106.91764715, 48.02186024], [106.91763547, 48.02173669], [106.91758958, 48.02164703], [106.91745328, 48.02160647], [106.91734535, 48.02156544], [106.91733473, 48.02147043], [106.91736718, 48.02138898], [106.91748559, 48.02132989], [106.91757582, 48.02127603], [106.91770097, 48.02120731], [106.91776904, 48.02113002], [106.91782135, 48.02101016], [106.91783182, 48.02091004], [106.91779887, 48.02078685], [106.91782176, 48.02063892], [106.91795968, 48.02053191], [106.91823335, 48.02045119], [106.91835868, 48.02038723], [106.91849765, 48.02030876], [106.91870166, 48.02026251], [106.91885782, 48.02026466], [106.919037, 48.02031402], [106.91919087, 48.02035878], [106.91939152, 48.02035609], [106.91950046, 48.02030368], [106.91958691, 48.02024272], [106.91969109, 48.02018146], [106.91974274, 48.02013894], [106.91982941, 48.02008393], [106.91988981, 48.02003828], [106.91998025, 48.01996535], [106.92001262, 48.01988148], [106.9200369, 48.01981859], [106.92009166, 48.0197403], [106.92005376, 48.01967547], [106.91997586, 48.01960832], [106.91992467, 48.01954371], [106.91990341, 48.01944884], [106.91989189, 48.01937762], [106.91987151, 48.01930654], [106.9198201, 48.01923598], [106.91972989, 48.01919582], [106.91957463, 48.01919544], [106.9194115, 48.01922198], [106.91924904, 48.01926635], [106.91913001, 48.0192862], [106.91900612, 48.01929422], [106.91887192, 48.01926373], [106.91881164, 48.01919332], [106.9187681, 48.01909584], [106.91877266, 48.01897971], [106.91881701, 48.01885994], [106.91887022, 48.01874002], [106.91894526, 48.0186108], [106.9190714, 48.01842419], [106.91920239, 48.01836844], [106.91939145, 48.01832362], [106.91964999, 48.01835798], [106.91984348, 48.01831309], [106.92000107, 48.01825689], [106.92013738, 48.01822485], [106.92037075, 48.01829832], [106.92055414, 48.01845892], [106.92063614, 48.01851707], [106.92070594, 48.01858478], [106.92080346, 48.01860354], [106.92093235, 48.01861032], [106.92107774, 48.01858408], [106.92119588, 48.01854044], [106.92131036, 48.01851769], [106.9214183, 48.01843852], [106.92148357, 48.01840469], [106.9215657, 48.01834678], [106.92168672, 48.01826143], [106.92186602, 48.01819296], [106.9220097, 48.01814647], [106.92203804, 48.01807896], [106.92205813, 48.01801086], [106.92206781, 48.01794853], [106.92206918, 48.01787943], [106.92206264, 48.01780238], [106.92204647, 48.0176975], [106.92202493, 48.01758322], [106.92201309, 48.01754306], [106.92199877, 48.01750743], [106.92197834, 48.01746644], [106.92195773, 48.01743127], [106.92193588, 48.01740012], [106.92191247, 48.01737255], [106.92187836, 48.01733937], [106.92184022, 48.01730822], [106.92179898, 48.01727983], [106.92175546, 48.0172548], [106.9216946, 48.0172265], [106.92163829, 48.01719473], [106.92159216, 48.01716365], [106.92156553, 48.01714211], [106.9215431, 48.01712089], [106.92151765, 48.01708743], [106.92147394, 48.01700805], [106.92143431, 48.01695004], [106.92141589, 48.0169252], [106.92140235, 48.01689693], [106.92139093, 48.01685857], [106.92138981, 48.01683886], [106.92139181, 48.01681497], [106.92139669, 48.01679282], [106.92140954, 48.01675432], [106.92142759, 48.01670205], [106.92145487, 48.01662951], [106.92148022, 48.01657209], [106.92149444, 48.01654319], [106.92150607, 48.01652807], [106.92152549, 48.01651266], [106.9215401, 48.01650236], [106.92156226, 48.01649361], [106.9215896, 48.0164898], [106.92161944, 48.01648594], [106.92165409, 48.01647698], [106.92169591, 48.01645952], [106.92176945, 48.01642141], [106.92182595, 48.01639532], [106.92188014, 48.01637429], [106.92196903, 48.01634598], [106.92204051, 48.01631964], [106.92210219, 48.01629849], [106.92213539, 48.01628401], [106.92217585, 48.01626373], [106.92223946, 48.01622747], [106.92229565, 48.016193], [106.92234971, 48.01616862], [106.92242131, 48.01614563], [106.92252282, 48.01612046], [106.92272071, 48.01606686], [106.92281932, 48.01603904], [106.9228739, 48.01602071], [106.92292198, 48.01600086], [106.92297222, 48.01597715], [106.92305056, 48.01593393], [106.92312885, 48.01588904], [106.92316602, 48.01587121], [106.92319521, 48.01585943], [106.92324958, 48.01584343], [106.92331394, 48.01582726], [106.92333952, 48.01581677], [106.92335814, 48.01580641], [106.92338473, 48.01578249], [106.92342818, 48.01574153], [106.92348605, 48.01568524], [106.92354173, 48.01563737], [106.92357119, 48.01561728], [106.92361496, 48.01559088], [106.92370804, 48.01554071], [106.92377177, 48.01550779], [106.92380577, 48.01549402], [106.92383095, 48.01548668], [106.92387321, 48.01548095], [106.92391809, 48.01547852], [106.9239882, 48.01548237], [106.9241711, 48.01549607], [106.92434638, 48.01550655], [106.92440643, 48.01550889], [106.92445625, 48.01550471], [106.92450088, 48.01549557], [106.92454527, 48.01547974], [106.92462423, 48.01545328], [106.92469831, 48.015426], [106.92477942, 48.01539368], [106.92487747, 48.01535056], [106.92504222, 48.01527193], [106.92513766, 48.01522762], [106.92518705, 48.01520244], [106.92524535, 48.01516844], [106.92530428, 48.01513007], [106.92535414, 48.01509475], [106.9253918, 48.0150649], [106.92543565, 48.01502398], [106.92548088, 48.01497456], [106.92552383, 48.0149202], [106.92554493, 48.01488297], [106.92555058, 48.01486277], [106.92555329, 48.01483924], [106.9255529, 48.0148153], [106.92554911, 48.01479405], [106.92553007, 48.01475246], [106.92549474, 48.01467594], [106.92544399, 48.01458794], [106.92541222, 48.01453986], [106.92538088, 48.0145035], [106.9253551, 48.01448214], [106.92533432, 48.0144607], [106.92532602, 48.01443904], [106.92530661, 48.0143874], [106.92524849, 48.01423583], [106.92519968, 48.01413271], [106.92512746, 48.01400484], [106.92507341, 48.01389511], [106.9250334, 48.01382705], [106.92500156, 48.01377729], [106.92497029, 48.01374261], [106.92493921, 48.01371296], [106.92490075, 48.01368678], [106.92488853, 48.01367247], [106.92487966, 48.01365696], [106.92487526, 48.01364206], [106.92487335, 48.01362186], [106.92487697, 48.01358492], [106.9248904, 48.01354279], [106.92491306, 48.01348038], [106.92492567, 48.01341647], [106.92495245, 48.01333053], [106.92497728, 48.01326953], [106.92500551, 48.01321229], [106.92503013, 48.01317048], [106.92507155, 48.01310725], [106.92512131, 48.01303433], [106.92514519, 48.01300512], [106.92516444, 48.01298499], [106.92519253, 48.01296102], [106.92523729, 48.01292845], [106.92528289, 48.0128974], [106.92532511, 48.01287166], [106.92537981, 48.01284301], [106.92545027, 48.01281089], [106.9255512, 48.01277064], [106.92565488, 48.01273705], [106.92573902, 48.01271552], [106.92582335, 48.01269902], [106.92592791, 48.01268888], [106.92610955, 48.01266907], [106.9263759, 48.01264281], [106.92658738, 48.01261915], [106.92674167, 48.01260317], [106.9268413, 48.01259477], [106.92696331, 48.01258714], [106.92705328, 48.01258451], [106.92713207, 48.01258468], [106.9271883, 48.01258728], [106.92724367, 48.0125925], [106.92728617, 48.01259904], [106.92734416, 48.01261316], [106.92740234, 48.0126323], [106.92743258, 48.01263806], [106.92747268, 48.01264285], [106.92752358, 48.01264658], [106.92756525, 48.01264633], [106.92759987, 48.0126424], [106.92765963, 48.01263133], [106.92774107, 48.01261647], [106.92779352, 48.01260394], [106.92784223, 48.01258961], [106.92787248, 48.01257747], [106.92789877, 48.01256129], [106.92794058, 48.01252771], [106.92799151, 48.01248662], [106.92801545, 48.01246179], [106.92803464, 48.01243728], [106.92806036, 48.01238991], [106.92808558, 48.01232914], [106.92810112, 48.01227691], [106.92810705, 48.0122349], [106.92810055, 48.01219478], [106.92809191, 48.01216539], [106.92808101, 48.01213979], [106.9280659, 48.01211441], [106.928044, 48.01208509], [106.92801354, 48.01205231], [106.92795848, 48.01200271], [106.92790486, 48.01195662], [106.92784506, 48.01190906], [106.92777115, 48.01185435], [106.92770393, 48.01180917], [106.92765482, 48.0117781], [106.92762216, 48.01176025], [106.9275897, 48.01174535], [106.92756124, 48.01173445], [106.927533, 48.0117258], [106.92750319, 48.01171866], [106.92743943, 48.01167657], [106.92734609, 48.01164719], [106.92724912, 48.01161549], [106.92719531, 48.01159973], [106.92717368, 48.01159057], [106.92699915, 48.01153434], [106.92695894, 48.01150072], [106.92693199, 48.01147512], [106.92690718, 48.01144839], [106.92689279, 48.01142883], [106.92688209, 48.01140754], [106.92687356, 48.01138222], [106.926869, 48.01135975], [106.92686676, 48.01133372], [106.92686988, 48.01128338], [106.92687659, 48.01125407], [106.92689204, 48.01120757], [106.92691233, 48.01115184], [106.92693542, 48.01109788], [106.92699378, 48.01098793], [106.92705476, 48.0108813], [106.92708984, 48.01081701], [106.92710558, 48.01079543], [106.92711848, 48.01078132], [106.9271525, 48.01075561], [106.927204, 48.0107296], [106.92726036, 48.01070015], [106.92730424, 48.01067092], [106.92734038, 48.01063511], [106.92740748, 48.01055855], [106.92747077, 48.01048038], [106.92751033, 48.01043571], [106.92754099, 48.01040376], [106.92757563, 48.01037803], [106.92761402, 48.01035224], [106.92765058, 48.01032774], [106.92767316, 48.01030752], [106.92770474, 48.01027277], [106.92775136, 48.01021667], [106.9277978, 48.01015554], [106.9278338, 48.01011596], [106.92787387, 48.01008511], [106.92791797, 48.01006174], [106.92794603, 48.01005014], [106.92798449, 48.01003674], [106.92807535, 48.01001132], [106.92815704, 48.00999109], [106.92825389, 48.00997563], [106.92832851, 48.00996684], [106.92840884, 48.00996046], [106.9285152, 48.00994862], [106.92858436, 48.0099405], [106.92862334, 48.00993423], [106.92866645, 48.00992458], [106.92875511, 48.00990058], [106.92888127, 48.00987074], [106.92893707, 48.00985604], [106.92905093, 48.00981909], [106.92919964, 48.00976236]]]}, "geometry_name": "geom", "properties": {"guid": 124754, "id": 124754, "object_no": "15", "object_name": "Чингэлтэй", "layer_type_id": 252, "valid_to": null, "address_no": null, "border_type": "solid", "border_width": null, "border_color": "#cc6666", "border_opacity": null, "border_wellknown": "shape://horizline", "fill_type": "color", "fill_color": "#bcbcbc", "fill_opacity": 0, "fill_wellknown": null, "fill_shape_color": null, "fill_shape_width": null, "fill_shape_size": null, "fill_img_url": null, "marker_img_url": null}}]}