{"type":"FeatureCollection","features":[{"type": "Feature", "id": "layer_data_map.fid--27e80436_1a098b908f8_-57d9", "geometry": {"type": "Point", "coordinates": [106.82060712, 47.9327328]}, "geometry_name": "geom", "properties": {"guid": 1053145, "id": 1053145, "object_no": null, "object_name": "", "layer_type_id": 255, "valid_to": null, "address_no": null, "border_type": "solid", "border_width": null, "border_color": "#cc0000", "border_opacity": null, "border_wellknown": null, "fill_type": "color", "fill_color": "#ff4242", "fill_opacity": 1, "fill_wellknown": null, "fill_shape_color": null, "fill_shape_width": null, "fill_shape_size": null, "fill_img_url": null, "marker_img_url": null}},{"type": "Feature", "id": "layer_data_map.fid--27e80436_1a098b908f8_-57d8", "geometry": {"type": "Point", "coordinates": [106.80209354, 47.92313911]}, "geometry_name": "geom", "properties": {"guid": 1053148, "id": 1053148, "object_no": null, "object_name": "", "layer_type_id": 255, "valid_to": null, "address_no": null, "border_type": "solid", "border_width": null, "border_color": "#cc0000", "border_opacity": null, "border_wellknown": null, "fill_type": "color", "fill_color": "#ff4242", "fill_opacity": 1, "fill_wellknown": null, "fill_shape_color": null, "fill_shape_width": null, "fill_shape_size": null, "fill_img_url": null, "marker_img_url": null}},{"type": "Feature", "id": "layer_data_map.fid--27e80436_1a098b908f8_-57d7", "geometry": {"type": "Point", "coordinates": [106.81562543, 47.91931324]}, "geometry_name": "geom", "properties": {"guid": 1053149, "id": 1053149, "object_no": null, "object_name": "", "layer_type_id": 255, "valid_to": null, "address_no": null, "border_type": "solid", "border_width": null, "border_color": "#cc0000", "border_opacity": null, "border_wellknown": null, "fill_type": "color", "fill_color": "#ff4242", "fill_opacity": 1, "fill_wellknown": null, "fill_shape_color": null, "fill_shape_width": null, "fill_shape_size": null, "fill_img_url": null, "marker_img_url": null}},{"type": "Feature", "id": "layer_data_map.fid--27e80436_1a098b908f8_-57d6", "geometry": {"type": "Point", "coordinates": [106.81492908, 47.91104803]}, "geometry_name": "geom", "properties": {"guid": 1053151, "id": 1053151, "object_no": null, "object_name": "", "layer_type_id": 255, "valid_to": null, "address_no": null, "border_type": "solid", "border_width": null, "border_color": "#cc0000", "border_opacity": null, "border_wellknown": null, "fill_type": "color", "fill_color": "#ff4242", "fill_opacity": 1, "fill_wellknown": null, "fill_shape_color": null, "fill_shape_width": null, "fill_shape_size": null, "fill_img_url": null, "marker_img_url": null}},{"type": "Feature", "id": "layer_data_map.fid--27e80436_1a098b908f8_-57d5", "geometry": {"type": "Point", "coordinates": [106.83273109, 47.91294653]}, "geometry_name": "geom", "properties": {"guid": 1053153, "id": 1053153, "object_no": null, "object_name": "", "layer_type_id": 255, "valid_to": null, "address_no": null, "border_type": "solid", "border_width": null, "border_color": "#cc0000", "border_opacity": null, "border_wellknown": null, "fill_type": "color", "fill_color": "#ff4242", "fill_opacity": 1, "fill_wellknown": null, "fill_shape_color": null, "fill_shape_width": null, "fill_shape_size": null, "fill_img_url": null, "marker_img_url": null}},{"type": "Feature", "id": "layer_data_map.fid--27e80436_1a098b908f8_-57d4", "geometry": {"type": "Point", "coordinates": [106.83623485, 47.91355987]}, "geometry_name": "geom", "properties": {"guid": 1053154, "id": 1053154, "object_no": null, "object_name": "", "layer_type_id": 255, "valid_to": null, "address_no": null, "border_type": "solid", "border_width": null, "border_color": "#cc0000", "border_opacity": null, "border_wellknown": null, "fill_type": "color", "fill_color": "#ff4242", "fill_opacity": 1, "fill_wellknown": null, "fill_shape_color": null, "fill_shape_width": null, "fill_shape_size": null, "fill_img_url": null, "marker_img_url": null}},{"type": "Feature", "id": "layer_data_map.fid--27e80436_1a098b908f8_-57d3", "geometry": {"type": "Point", "coordinates": [106.83980561, 47.91357293]}, "geometry_name": "geom", "properties": {"guid": 1053157, "id": 1053157, "object_no": null, "object_name": "", "layer_type_id": 255, "valid_to": null, "address_no": null, "border_type": "solid", "border_width": null, "border_color": "#cc0000", "border_opacity": null, "border_wellknown": null, "fill_type": "color", "fill_color": "#ff4242", "fill_opacity": 1, "fill_wellknown": null, "fill_shape_color": null, "fill_shape_width": null, "fill_shape_size": null, "fill_img_url": null, "marker_img_url": null}},{"type": "Feature", "id": "layer_data_map.fid--27e80436_1a098b908f8_-57d2", "geometry": {"type": "Point", "coordinates": [106.84352772, 47.91423425]}, "geometry_name": "geom", "properties": {"guid": 1053158, "id": 1053158, "object_no": null, "object_name": "", "layer_type_id": 255, "valid_to": null, "address_no": null, "border_type": "solid", "border_width": null, "border_color": "#cc0000", "border_opacity": null, "border_wellknown": null, "fill_type": "color", "fill_color": "#ff4242", "fill_opacity": 1, "fill_wellknown": null, "fill_shape_color": null, "fill_shape_width": null, "fill_shape_size": null, "fill_img_url": null, "marker_img_url": null}},{"type": "Feature", "id": "layer_data_map.fid--27e80436_1a098b908f8_-57d1", "geometry": {"type": "Point", "coordinates": [106.847571, 47.91407702]}, "geometry_name": "geom", "properties": {"guid": 1053160, "id": 1053160, "object_no": null, "object_name": "", "layer_type_id": 255, "valid_to": null, "address_no": null, "border_type": "solid", "border_width": null, "border_color": "#cc0000", "border_opacity": null, "border_wellknown": null, "fill_type": "color", "fill_color": "#ff4242", "fill_opacity": 1, "fill_wellknown": null, "fill_shape_color": null, "fill_shape_width": null, "fill_shape_size": null, "fill_img_url": null, "marker_img_url": null}},{"type": "Feature", "id": "layer_data_map.fid--27e80436_1a098b908f8_-57d0", "geometry": {"type": "Point", "coordinates": [106.89024195, 47.93422962]}, "geometry_name": "geom", "properties": {"guid": 1053162, "id": 1053162, "object_no": null, "object_name": "", "layer_type_id": 255, "valid_to": null, "address_no": null, "border_type": "solid", "border_width": null, "border_color": "#cc0000", "border_opacity": null, "border_wellknown": null, "fill_type": "color", "fill_color": "#ff4242", "fill_opacity": 1, "fill_wellknown": null, "fill_shape_color": null, "fill_shape_width": null, "fill_shape_size": null, "fill_img_url": null, "marker_img_url": null}},{"type": "Feature", "id": "layer_data_map.fid--27e80436_1a098b908f8_-57cf", "geometry": {"type": "Point", "coordinates": [106.8908222, 47.93161914]}, "geometry_name": "geom", "properties": {"guid": 1053163, "id": 1053163, "object_no": null, "object_name": "", "layer_type_id": 255, "valid_to": null, "address_no": null, "border_type": "solid", "border_width": null, "border_color": "#cc0000", "border_opacity": null, "border_wellknown": null, "fill_type": "color", "fill_color": "#ff4242", "fill_opacity": 1, "fill_wellknown": null, "fill_shape_color": null, "fill_shape_width": null, "fill_shape_size": null, "fill_img_url": null, "marker_img_url": null}},{"type": "Feature", "id": "layer_data_map.fid--27e80436_1a098b908f8_-57ce", "geometry": {"type": "Point", "coordinates": [106.9047644, 47.92423836]}, "geometry_name": "geom", "properties": {"guid": 1053165, "id": 1053165, "object_no": null, "object_name": "", "layer_type_id": 255, "valid_to": null, "address_no": null, "border_type": "solid", "border_width": null, "border_color": "#cc0000", "border_opacity": null, "border_wellknown": null, "fill_type": "color", "fill_color": "#ff4242", "fill_opacity": 1, "fill_wellknown": null, "fill_shape_color": null, "fill_shape_width": null, "fill_shape_size": null, "fill_img_url": null, "marker_img_url": null}},{"type": "Feature", "id": "layer_data_map.fid--27e80436_1a098b908f8_-57cd", "geometry": {"type": "Point", "coordinates": [106.89984643, 47.91715927]}, "geometry_name": "geom", "properties": {"guid": 1053167, "id": 1053167, "object_no": null, "object_name": "", "layer_type_id": 255, "valid_to": null, "address_no": null, "border_type": "solid", "border_width": null, "border_color": "#cc0000", "border_opacity": null, "border_wellknown": null, "fill_type": "color", "fill_color": "#ff4242", "fill_opacity": 1, "fill_wellknown": null, "fill_shape_color": null, "fill_shape_width": null, "fill_shape_size": null, "fill_img_url": null, "marker_img_url": null}},{"type": "Feature", "id": "layer_data_map.fid--27e80436_1a098b908f8_-57cc", "geometry": {"type": "Point", "coordinates": [106.90532612, 47.91756113]}, "geometry_name": "geom", "properties": {"guid": 1053169, "id": 1053169, "object_no": null, "object_name": "", "layer_type_id": 255, "valid_to": null, "address_no": null, "border_type": "solid", "border_width": null, "border_color": "#cc0000", "border_opacity": null, "border_wellknown": null, "fill_type": "color", "fill_color": "#ff4242", "fill_opacity": 1, "fill_wellknown": null, "fill_shape_color": null, "fill_shape_width": null, "fill_shape_size": null, "fill_img_url": null, "marker_img_url": null}},{"type": "Feature", "id": "layer_data_map.fid--27e80436_1a098b908f8_-57cb", "geometry": {"type": "Point", "coordinates": [106.8970446, 47.91189067]}, "geometry_name": "geom", "properties": {"guid": 1053170, "id": 1053170, "object_no": null, "object_name": "", "layer_type_id": 255, "valid_to": null, "address_no": null, "border_type": "solid", "border_width": null, "border_color": "#cc0000", "border_opacity": null, "border_wellknown": null, "fill_type": "color", "fill_color": "#ff4242", "fill_opacity": 1, "fill_wellknown": null, "fill_shape_color": null, "fill_shape_width": null, "fill_shape_size": null, "fill_img_url": null, "marker_img_url": null}},{"type": "Feature", "id": "layer_data_map.fid--27e80436_1a098b908f8_-57ca", "geometry": {"type": "Point", "coordinates": [106.90191923, 47.91146859]}, "geometry_name": "geom", "properties": {"guid": 1053172, "id": 1053172, "object_no": null, "object_name": "", "layer_type_id": 255, "valid_to": null, "address_no": null, "border_type": "solid", "border_width": null, "border_color": "#cc0000", "border_opacity": null, "border_wellknown": null, "fill_type": "color", "fill_color": "#ff4242", "fill_opacity": 1, "fill_wellknown": null, "fill_shape_color": null, "fill_shape_width": null, "fill_shape_size": null, "fill_img_url": null, "marker_img_url": null}},{"type": "Feature", "id": "layer_data_map.fid--27e80436_1a098b908f8_-57c9", "geometry": {"type": "Point", "coordinates": [106.85337105, 47.9152682]}, "geometry_name": "geom", "properties": {"guid": 1053174, "id": 1053174, "object_no": null, "object_name": "", "layer_type_id": 255, "valid_to": null, "address_no": null, "border_type": "solid", "border_width": null, "border_color": "#cc0000", "border_opacity": null, "border_wellknown": null, "fill_type": "color", "fill_color": "#ff4242", "fill_opacity": 1, "fill_wellknown": null, "fill_shape_color": null, "fill_shape_width": null, "fill_shape_size": null, "fill_img_url": null, "marker_img_url": null}},{"type": "Feature", "id": "layer_data_map.fid--27e80436_1a098b908f8_-57c8", "geometry": {"type": "Point", "coordinates": [106.86569905, 47.92450138]}, "geometry_name": "geom", "properties": {"guid": 1053176, "id": 1053176, "object_no": null, "object_name": "", "layer_type_id": 255, "valid_to": null, "address_no": null, "border_type": "solid", "border_width": null, "border_color": "#cc0000", "border_opacity": null, "border_wellknown": null, "fill_type": "color", "fill_color": "#ff4242", "fill_opacity": 1, "fill_wellknown": null, "fill_shape_color": null, "fill_shape_width": null, "fill_shape_size": null, "fill_img_url": null, "marker_img_url": null}},{"type": "Feature", "id": "layer_data_map.fid--27e80436_1a098b908f8_-57c7", "geometry": {"type": "Point", "coordinates": [106.86866467, 47.92578552]}, "geometry_name": "geom", "properties": {"guid": 1053178, "id": 1053178, "object_no": null, "object_name": "", "layer_type_id": 255, "valid_to": null, "address_no": null, "border_type": "solid", "border_width": null, "border_color": "#cc0000", "border_opacity": null, "border_wellknown": null, "fill_type": "color", "fill_color": "#ff4242", "fill_opacity": 1, "fill_wellknown": null, "fill_shape_color": null, "fill_shape_width": null, "fill_shape_size": null, "fill_img_url": null, "marker_img_url": null}},{"type": "Feature", "id": "layer_data_map.fid--27e80436_1a098b908f8_-57c6", "geometry": {"type": "Point", "coordinates": [106.88799157, 47.93062478]}, "geometry_name": "geom", "properties": {"guid": 1053179, "id": 1053179, "object_no": null, "object_name": "", "layer_type_id": 255, "valid_to": null, "address_no": null, "border_type": "solid", "border_width": null, "border_color": "#cc0000", "border_opacity": null, "border_wellknown": null, "fill_type": "color", "fill_color": "#ff4242", "fill_opacity": 1, "fill_wellknown": null, "fill_shape_color": null, "fill_shape_width": null, "fill_shape_size": null, "fill_img_url": null, "marker_img_url": null}},{"type": "Feature", "id": "layer_data_map.fid--27e80436_1a098b908f8_-57c5", "geometry": {"type": "Point", "coordinates": [106.88005266, 47.92637135]}, "geometry_name": "geom", "properties": {"guid": 1053181, "id": 1053181, "object_no": null, "object_name": "", "layer_type_id": 255, "valid_to": null, "address_no": null, "border_type": "solid", "border_width": null, "border_color": "#cc0000", "border_opacity": null, "border_wellknown": null, "fill_type": "color", "fill_color": "#ff4242", "fill_opacity": 1, "fill_wellknown": null, "fill_shape_color": null, "fill_shape_width": null, "fill_shape_size": null, "fill_img_url": null, "marker_img_url": null}},{"type": "Feature", "id": "layer_data_map.fid--27e80436_1a098b908f8_-57c4", "geometry": {"type": "Point", "coordinates": [106.87016203, 47.92352153]}, "geometry_name": "geom", "properties": {"guid": 1053183, "id": 1053183, "object_no": null, "object_name": "", "layer_type_id": 255, "valid_to": null, "address_no": null, "border_type": "solid", "border_width": null, "border_color": "#cc0000", "border_opacity": null, "border_wellknown": null, "fill_type": "color", "fill_color": "#ff4242", "fill_opacity": 1, "fill_wellknown": null, "fill_shape_color": null, "fill_shape_width": null, "fill_shape_size": null, "fill_img_url": null, "marker_img_url": null}},{"type": "Feature", "id": "layer_data_map.fid--27e80436_1a098b908f8_-57c3", "geometry": {"type": "Point", "coordinates": [106.87906637, 47.92462694]}, "geometry_name": "geom", "properties": {"guid": 1053184, "id": 1053184, "object_no": null, "object_name": "", "layer_type_id": 255, "valid_to": null, "address_no": null, "border_type": "solid", "border_width": null, "border_color": "#cc0000", "border_opacity": null, "border_wellknown": null, "fill_type": "color", "fill_color": "#ff4242", "fill_opacity": 1, "fill_wellknown": null, "fill_shape_color": null, "fill_shape_width": null, "fill_shape_size": null, "fill_img_url": null, "marker_img_url": null}},{"type": "Feature", "id": "layer_data_map.fid--27e80436_1a098b908f8_-57c2", "geometry": {"type": "Point", "coordinates": [106.88600136, 47.92396926]}, "geometry_name": "geom", "properties": {"guid": 1053187, "id": 1053187, "object_no": null, "object_name": "", "layer_type_id": 255, "valid_to": null, "address_no": null, "border_type": "solid", "border_width": null, "border_color": "#cc0000", "border_opacity": null, "border_wellknown": null, "fill_type": "color", "fill_color": "#ff4242", "fill_opacity": 1, "fill_wellknown": null, "fill_shape_color": null, "fill_shape_width": null, "fill_shape_size": null, "fill_img_url": null, "marker_img_url": null}},{"type": "Feature", "id": "layer_data_map.fid--27e80436_1a098b908f8_-57c1", "geometry": {"type": "Point", "coordinates": [106.86533343, 47.92086759]}, "geometry_name": "geom", "properties": {"guid": 1053188, "id": 1053188, "object_no": null, "object_name": "", "layer_type_id": 255, "valid_to": null, "address_no": null, "border_type": "solid", "border_width": null, "border_color": "#cc0000", "border_opacity": null, "border_wellknown": null, "fill_type": "color", "fill_color": "#ff4242", "fill_opacity": 1, "fill_wellknown": null, "fill_shape_color": null, "fill_shape_width": null, "fill_shape_size": null, "fill_img_url": null, "marker_img_url": null}},{"type": "Feature", "id": "layer_data_map.fid--27e80436_1a098b908f8_-57c0", "geometry": {"type": "Point", "coordinates": [106.87172667, 47.92158686]}, "geometry_name": "geom", "properties": {"guid": 1053190, "id": 1053190, "object_no": null, "object_name": "", "layer_type_id": 255, "valid_to": null, "address_no": null, "border_type": "solid", "border_width": null, "border_color": "#cc0000", "border_opacity": null, "border_wellknown": null, "fill_type": "color", "fill_color": "#ff4242", "fill_opacity": 1, "fill_wellknown": null, "fill_shape_color": null, "fill_shape_width": null, "fill_shape_size": null, "fill_img_url": null, "marker_img_url": null}},{"type": "Feature", "id": "layer_data_map.fid--27e80436_1a098b908f8_-57bf", "geometry": {"type": "Point", "coordinates": [106.87899981, 47.92001316]}, "geometry_name": "geom", "properties": {"guid": 1053192, "id": 1053192, "object_no": null, "object_name": "", "layer_type_id": 255, "valid_to": null, "address_no": null, "border_type": "solid", "border_width": null, "border_color": "#cc0000", "border_opacity": null, "border_wellknown": null, "fill_type": "color", "fill_color": "#ff4242", "fill_opacity": 1, "fill_wellknown": null, "fill_shape_color": null, "fill_shape_width": null, "fill_shape_size": null, "fill_img_url": null, "marker_img_url": null}},{"type": "Feature", "id": "layer_data_map.fid--27e80436_1a098b908f8_-57be", "geometry": {"type": "Point", "coordinates": [106.88785789, 47.92186428]}, "geometry_name": "geom", "properties": {"guid": 1053193, "id": 1053193, "object_no": null, "object_name": "", "layer_type_id": 255, "valid_to": null, "address_no": null, "border_type": "solid", "border_width": null, "border_color": "#cc0000", "border_opacity": null, "border_wellknown": null, "fill_type": "color", "fill_color": "#ff4242", "fill_opacity": 1, "fill_wellknown": null, "fill_shape_color": null, "fill_shape_width": null, "fill_shape_size": null, "fill_img_url": null, "marker_img_url": null}},{"type": "Feature", "id": "layer_data_map.fid--27e80436_1a098b908f8_-57bd", "geometry": {"type": "Point", "coordinates": [106.88861879, 47.92200585]}, "geometry_name": "geom", "properties": {"guid": 1053196, "id": 1053196, "object_no": null, "object_name": "", "layer_type_id": 255, "valid_to": null, "address_no": null, "border_type": "solid", "border_width": null, "border_color": "#cc0000", "border_opacity": null, "border_wellknown": null, "fill_type": "color", "fill_color": "#ff4242", "fill_opacity": 1, "fill_wellknown": null, "fill_shape_color": null, "fill_shape_width": null, "fill_shape_size": null, "fill_img_url": null, "marker_img_url": null}},{"type": "Feature", "id": "layer_data_map.fid--27e80436_1a098b908f8_-57bc", "geometry": {"type": "Point", "coordinates": [106.89363537, 47.91858769]}, "geometry_name": "geom", "properties": {"guid": 1053197, "id": 1053197, "object_no": null, "object_name": "", "layer_type_id": 255, "valid_to": null, "address_no": null, "border_type": "solid", "border_width": null, "border_color": "#cc0000", "border_opacity": null, "border_wellknown": null, "fill_type": "color", "fill_color": "#ff4242", "fill_opacity": 1, "fill_wellknown": null, "fill_shape_color": null, "fill_shape_width": null, "fill_shape_size": null, "fill_img_url": null, "marker_img_url": null}},{"type": "Feature", "id": "layer_data_map.fid--27e80436_1a098b908f8_-57bb", "geometry": {"type": "Point", "coordinates": [106.8800611, 47.91524325]}, "geometry_name": "geom", "properties": {"guid": 1053199, "id": 1053199, "object_no": null, "object_name": "", "layer_type_id": 255, "valid_to": null, "address_no": null, "border_type": "solid", "border_width": null, "border_color": "#cc0000", "border_opacity": null, "border_wellknown": null, "fill_type": "color", "fill_color": "#ff4242", "fill_opacity": 1, "fill_wellknown": null, "fill_shape_color": null, "fill_shape_width": null, "fill_shape_size": null, "fill_img_url": null, "marker_img_url": null}},{"type": "Feature", "id": "layer_data_map.fid--27e80436_1a098b908f8_-57ba", "geometry": {"type": "Point", "coordinates": [106.86834639, 47.91494005]}, "geometry_name": "geom", "properties": {"guid": 1053200, "id": 1053200, "object_no": null, "object_name": "", "layer_type_id": 255, "valid_to": null, "address_no": null, "border_type": "solid", "border_width": null, "border_color": "#cc0000", "border_opacity": null, "border_wellknown": null, "fill_type": "color", "fill_color": "#ff4242", "fill_opacity": 1, "fill_wellknown": null, "fill_shape_color": null, "fill_shape_width": null, "fill_shape_size": null, "fill_img_url": null, "marker_img_url": null}},{"type": "Feature", "id": "layer_data_map.fid--27e80436_1a098b908f8_-57b9", "geometry": {"type": "Point", "coordinates": [106.86423149, 47.91476872]}, "geometry_name": "geom", "properties": {"guid": 1053202, "id": 1053202, "object_no": null, "object_name": "", "layer_type_id": 255, "valid_to": null, "address_no": null, "border_type": "solid", "border_width": null, "border_color": "#cc0000", "border_opacity": null, "border_wellknown": null, "fill_type": "color", "fill_color": "#ff4242", "fill_opacity": 1, "fill_wellknown": null, "fill_shape_color": null, "fill_shape_width": null, "fill_shape_size": null, "fill_img_url": null, "marker_img_url": null}},{"type": "Feature", "id": "layer_data_map.fid--27e80436_1a098b908f8_-57b8", "geometry": {"type": "Point", "coordinates": [106.8768811, 47.91162642]}, "geometry_name": "geom", "properties": {"guid": 1053204, "id": 1053204, "object_no": null, "object_name": "", "layer_type_id": 255, "valid_to": null, "address_no": null, "border_type": "solid", "border_width": null, "border_color": "#cc0000", "border_opacity": null, "border_wellknown": null, "fill_type": "color", "fill_color": "#ff4242", "fill_opacity": 1, "fill_wellknown": null, "fill_shape_color": null, "fill_shape_width": null, "fill_shape_size": null, "fill_img_url": null, "marker_img_url": null}},{"type": "Feature", "id": "layer_data_map.fid--27e80436_1a098b908f8_-57b7", "geometry": {"type": "Point", "coordinates": [106.88769641, 47.91150816]}, "geometry_name": "geom", "properties": {"guid": 1053206, "id": 1053206, "object_no": null, "object_name": "", "layer_type_id": 255, "valid_to": null, "address_no": null, "border_type": "solid", "border_width": null, "border_color": "#cc0000", "border_opacity": null, "border_wellknown": null, "fill_type": "color", "fill_color": "#ff4242", "fill_opacity": 1, "fill_wellknown": null, "fill_shape_color": null, "fill_shape_width": null, "fill_shape_size": null, "fill_img_url": null, "marker_img_url": null}},{"type": "Feature", "id": "layer_data_map.fid--27e80436_1a098b908f8_-57b6", "geometry": {"type": "Point", "coordinates": [106.88786244, 47.9134059]}, "geometry_name": "geom", "properties": {"guid": 1053208, "id": 1053208, "object_no": null, "object_name": "", "layer_type_id": 255, "valid_to": null, "address_no": null, "border_type": "solid", "border_width": null, "border_color": "#cc0000", "border_opacity": null, "border_wellknown": null, "fill_type": "color", "fill_color": "#ff4242", "fill_opacity": 1, "fill_wellknown": null, "fill_shape_color": null, "fill_shape_width": null, "fill_shape_size": null, "fill_img_url": null, "marker_img_url": null}},{"type": "Feature", "id": "layer_data_map.fid--27e80436_1a098b908f8_-57b5", "geometry": {"type": "Point", "coordinates": [106.83234696, 47.87355673]}, "geometry_name": "geom", "properties": {"guid": 1053209, "id": 1053209, "object_no": null, "object_name": "", "layer_type_id": 255, "valid_to": null, "address_no": null, "border_type": "solid", "border_width": null, "border_color": "#cc0000", "border_opacity": null, "border_wellknown": null, "fill_type": "color", "fill_color": "#ff4242", "fill_opacity": 1, "fill_wellknown": null, "fill_shape_color": null, "fill_shape_width": null, "fill_shape_size": null, "fill_img_url": null, "marker_img_url": null}},{"type": "Feature", "id": "layer_data_map.fid--27e80436_1a098b908f8_-57b4", "geometry": {"type": "Point", "coordinates": [106.88781285, 47.96795666]}, "geometry_name": "geom", "properties": {"guid": 1053211, "id": 1053211, "object_no": null, "object_name": "", "layer_type_id": 255, "valid_to": null, "address_no": null, "border_type": "solid", "border_width": null, "border_color": "#cc0000", "border_opacity": null, "border_wellknown": null, "fill_type": "color", "fill_color": "#ff4242", "fill_opacity": 1, "fill_wellknown": null, "fill_shape_color": null, "fill_shape_width": null, "fill_shape_size": null, "fill_img_url": null, "marker_img_url": null}},{"type": "Feature", "id": "layer_data_map.fid--27e80436_1a098b908f8_-57b3", "geometry": {"type": "Point", "coordinates": [106.89759142, 47.9611575]}, "geometry_name": "geom", "properties": {"guid": 1053213, "id": 1053213, "object_no": null, "object_name": "", "layer_type_id": 255, "valid_to": null, "address_no": null, "border_type": "solid", "border_width": null, "border_color": "#cc0000", "border_opacity": null, "border_wellknown": null, "fill_type": "color", "fill_color": "#ff4242", "fill_opacity": 1, "fill_wellknown": null, "fill_shape_color": null, "fill_shape_width": null, "fill_shape_size": null, "fill_img_url": null, "marker_img_url": null}},{"type": "Feature", "id": "layer_data_map.fid--27e80436_1a098b908f8_-57b2", "geometry": {"type": "Point", "coordinates": [106.85277275, 47.9518462]}, "geometry_name": "geom", "properties": {"guid": 1053214, "id": 1053214, "object_no": null, "object_name": "", "layer_type_id": 255, "valid_to": null, "address_no": null, "border_type": "solid", "border_width": null, "border_color": "#cc0000", "border_opacity": null, "border_wellknown": null, "fill_type": "color", "fill_color": "#ff4242", "fill_opacity": 1, "fill_wellknown": null, "fill_shape_color": null, "fill_shape_width": null, "fill_shape_size": null, "fill_img_url": null, "marker_img_url": null}},{"type": "Feature", "id": "layer_data_map.fid--27e80436_1a098b908f8_-57b1", "geometry": {"type": "Point", "coordinates": [107.00591061, 47.93575825]}, "geometry_name": "geom", "properties": {"guid": 1053217, "id": 1053217, "object_no": null, "object_name": "", "layer_type_id": 255, "valid_to": null, "address_no": null, "border_type": "solid", "border_width": null, "border_color": "#cc0000", "border_opacity": null, "border_wellknown": null, "fill_type": "color", "fill_color": "#ff4242", "fill_opacity": 1, "fill_wellknown": null, "fill_shape_color": null, "fill_shape_width": null, "fill_shape_size": null, "fill_img_url": null, "marker_img_url": null}},{"type": "Feature", "id": "layer_data_map.fid--27e80436_1a098b908f8_-57b0", "geometry": {"type": "Point", "coordinates": [107.00343534, 47.93002023]}, "geometry_name": "geom", "properties": {"guid": 1053218, "id": 1053218, "object_no": null, "object_name": "", "layer_type_id": 255, "valid_to": null, "address_no": null, "border_type": "solid", "border_width": null, "border_color": "#cc0000", "border_opacity": null, "border_wellknown": null, "fill_type": "color", "fill_color": "#ff4242", "fill_opacity": 1, "fill_wellknown": null, "fill_shape_color": null, "fill_shape_width": null, "fill_shape_size": null, "fill_img_url": null, "marker_img_url": null}},{"type": "Feature", "id": "layer_data_map.fid--27e80436_1a098b908f8_-57af", "geometry": {"type": "Point", "coordinates": [107.00028037, 47.91664261]}, "geometry_name": "geom", "properties": {"guid": 1053220, "id": 1053220, "object_no": null, "object_name": "", "layer_type_id": 255, "valid_to": null, "address_no": null, "border_type": "solid", "border_width": null, "border_color": "#cc0000", "border_opacity": null, "border_wellknown": null, "fill_type": "color", "fill_color": "#ff4242", "fill_opacity": 1, "fill_wellknown": null, "fill_shape_color": null, "fill_shape_width": null, "fill_shape_size": null, "fill_img_url": null, "marker_img_url": null}},{"type": "Feature", "id": "layer_data_map.fid--27e80436_1a098b908f8_-57ae", "geometry": {"type": "Point", "coordinates": [106.98585918, 47.92632274]}, "geometry_name": "geom", "properties": {"guid": 1053222, "id": 1053222, "object_no": null, "object_name": "", "layer_type_id": 255, "valid_to": null, "address_no": null, "border_type": "solid", "border_width": null, "border_color": "#cc0000", "border_opacity": null, "border_wellknown": null, "fill_type": "color", "fill_color": "#ff4242", "fill_opacity": 1, "fill_wellknown": null, "fill_shape_color": null, "fill_shape_width": null, "fill_shape_size": null, "fill_img_url": null, "marker_img_url": null}},{"type": "Feature", "id": "layer_data_map.fid--27e80436_1a098b908f8_-57ad", "geometry": {"type": "Point", "coordinates": [106.98233598, 47.9201639]}, "geometry_name": "geom", "properties": {"guid": 1053223, "id": 1053223, "object_no": null, "object_name": "", "layer_type_id": 255, "valid_to": null, "address_no": null, "border_type": "solid", "border_width": null, "border_color": "#cc0000", "border_opacity": null, "border_wellknown": null, "fill_type": "color", "fill_color": "#ff4242", "fill_opacity": 1, "fill_wellknown": null, "fill_shape_color": null, "fill_shape_width": null, "fill_shape_size": null, "fill_img_url": null, "marker_img_url": null}},{"type": "Feature", "id": "layer_data_map.fid--27e80436_1a098b908f8_-57ac", "geometry": {"type": "Point", "coordinates": [106.9766603, 47.91244554]}, "geometry_name": "geom", "properties": {"guid": 1053225, "id": 1053225, "object_no": null, "object_name": "", "layer_type_id": 255, "valid_to": null, "address_no": null, "border_type": "solid", "border_width": null, "border_color": "#cc0000", "border_opacity": null, "border_wellknown": null, "fill_type": "color", "fill_color": "#ff4242", "fill_opacity": 1, "fill_wellknown": null, "fill_shape_color": null, "fill_shape_width": null, "fill_shape_size": null, "fill_img_url": null, "marker_img_url": null}},{"type": "Feature", "id": "layer_data_map.fid--27e80436_1a098b908f8_-57ab", "geometry": {"type": "Point", "coordinates": [106.96305268, 47.91985941]}, "geometry_name": "geom", "properties": {"guid": 1053227, "id": 1053227, "object_no": null, "object_name": "", "layer_type_id": 255, "valid_to": null, "address_no": null, "border_type": "solid", "border_width": null, "border_color": "#cc0000", "border_opacity": null, "border_wellknown": null, "fill_type": "color", "fill_color": "#ff4242", "fill_opacity": 1, "fill_wellknown": null, "fill_shape_color": null, "fill_shape_width": null, "fill_shape_size": null, "fill_img_url": null, "marker_img_url": null}},{"type": "Feature", "id": "layer_data_map.fid--27e80436_1a098b908f8_-57aa", "geometry": {"type": "Point", "coordinates": [106.90184882, 47.94600285]}, "geometry_name": "geom", "properties": {"guid": 1053229, "id": 1053229, "object_no": null, "object_name": "", "layer_type_id": 255, "valid_to": null, "address_no": null, "border_type": "solid", "border_width": null, "border_color": "#cc0000", "border_opacity": null, "border_wellknown": null, "fill_type": "color", "fill_color": "#ff4242", "fill_opacity": 1, "fill_wellknown": null, "fill_shape_color": null, "fill_shape_width": null, "fill_shape_size": null, "fill_img_url": null, "marker_img_url": null}},{"type": "Feature", "id": "layer_data_map.fid--27e80436_1a098b908f8_-57a9", "geometry": {"type": "Point", "coordinates": [106.90957218, 47.94191073]}, "geometry_name": "geom", "properties": {"guid": 1053231, "id": 1053231, "object_no": null, "object_name": "", "layer_type_id": 255, "valid_to": null, "address_no": null, "border_type": "solid", "border_width": null, "border_color": "#cc0000", "border_opacity": null, "border_wellknown": null, "fill_type": "color", "fill_color": "#ff4242", "fill_opacity": 1, "fill_wellknown": null, "fill_shape_color": null, "fill_shape_width": null, "fill_shape_size": null, "fill_img_url": null, "marker_img_url": null}},{"type": "Feature", "id": "layer_data_map.fid--27e80436_1a098b908f8_-57a8", "geometry": {"type": "Point", "coordinates": [106.90601587, 47.93693398]}, "geometry_name": "geom", "properties": {"guid": 1053232, "id": 1053232, "object_no": null, "object_name": "", "layer_type_id": 255, "valid_to": null, "address_no": null, "border_type": "solid", "border_width": null, "border_color": "#cc0000", "border_opacity": null, "border_wellknown": null, "fill_type": "color", "fill_color": "#ff4242", "fill_opacity": 1, "fill_wellknown": null, "fill_shape_color": null, "fill_shape_width": null, "fill_shape_size": null, "fill_img_url": null, "marker_img_url": null}},{"type": "Feature", "id": "layer_data_map.fid--27e80436_1a098b908f8_-57a7", "geometry": {"type": "Point", "coordinates": [106.90723836, 47.92618939]}, "geometry_name": "geom", "properties": {"guid": 1053234, "id": 1053234, "object_no": null, "object_name": "", "layer_type_id": 255, "valid_to": null, "address_no": null, "border_type": "solid", "border_width": null, "border_color": "#cc0000", "border_opacity": null, "border_wellknown": null, "fill_type": "color", "fill_color": "#ff4242", "fill_opacity": 1, "fill_wellknown": null, "fill_shape_color": null, "fill_shape_width": null, "fill_shape_size": null, "fill_img_url": null, "marker_img_url": null}},{"type": "Feature", "id": "layer_data_map.fid--27e80436_1a098b908f8_-57a6", "geometry": {"type": "Point", "coordinates": [106.90963486, 47.92470888]}, "geometry_name": "geom", "properties": {"guid": 1053235, "id": 1053235, "object_no": null, "object_name": "", "layer_type_id": 255, "valid_to": null, "address_no": null, "border_type": "solid", "border_width": null, "border_color": "#cc0000", "border_opacity": null, "border_wellknown": null, "fill_type": "color", "fill_color": "#ff4242", "fill_opacity": 1, "fill_wellknown": null, "fill_shape_color": null, "fill_shape_width": null, "fill_shape_size": null, "fill_img_url": null, "marker_img_url": null}},{"type": "Feature", "id": "layer_data_map.fid--27e80436_1a098b908f8_-57a5", "geometry": {"type": "Point", "coordinates": [106.90759397, 47.91831331]}, "geometry_name": "geom", "properties": {"guid": 1053238, "id": 1053238, "object_no": null, "object_name": "", "layer_type_id": 255, "valid_to": null, "address_no": null, "border_type": "solid", "border_width": null, "border_color": "#cc0000", "border_opacity": null, "border_wellknown": null, "fill_type": "color", "fill_color": "#ff4242", "fill_opacity": 1, "fill_wellknown": null, "fill_shape_color": null, "fill_shape_width": null, "fill_shape_size": null, "fill_img_url": null, "marker_img_url": null}},{"type": "Feature", "id": "layer_data_map.fid--27e80436_1a098b908f8_-57a4", "geometry": {"type": "Point", "coordinates": [106.90377055, 47.9154561]}, "geometry_name": "geom", "properties": {"guid": 1053240, "id": 1053240, "object_no": null, "object_name": "", "layer_type_id": 255, "valid_to": null, "address_no": null, "border_type": "solid", "border_width": null, "border_color": "#cc0000", "border_opacity": null, "border_wellknown": null, "fill_type": "color", "fill_color": "#ff4242", "fill_opacity": 1, "fill_wellknown": null, "fill_shape_color": null, "fill_shape_width": null, "fill_shape_size": null, "fill_img_url": null, "marker_img_url": null}},{"type": "Feature", "id": "layer_data_map.fid--27e80436_1a098b908f8_-57a3", "geometry": {"type": "Point", "coordinates": [106.91180718, 47.91118228]}, "geometry_name": "geom", "properties": {"guid": 1053241, "id": 1053241, "object_no": null, "object_name": "", "layer_type_id": 255, "valid_to": null, "address_no": null, "border_type": "solid", "border_width": null, "border_color": "#cc0000", "border_opacity": null, "border_wellknown": null, "fill_type": "color", "fill_color": "#ff4242", "fill_opacity": 1, "fill_wellknown": null, "fill_shape_color": null, "fill_shape_width": null, "fill_shape_size": null, "fill_img_url": null, "marker_img_url": null}},{"type": "Feature", "id": "layer_data_map.fid--27e80436_1a098b908f8_-57a2", "geometry": {"type": "Point", "coordinates": [106.92390007, 47.92889857]}, "geometry_name": "geom", "properties": {"guid": 1053243, "id": 1053243, "object_no": null, "object_name": "", "layer_type_id": 255, "valid_to": null, "address_no": null, "border_type": "solid", "border_width": null, "border_color": "#cc0000", "border_opacity": null, "border_wellknown": null, "fill_type": "color", "fill_color": "#ff4242", "fill_opacity": 1, "fill_wellknown": null, "fill_shape_color": null, "fill_shape_width": null, "fill_shape_size": null, "fill_img_url": null, "marker_img_url": null}},{"type": "Feature", "id": "layer_data_map.fid--27e80436_1a098b908f8_-57a1", "geometry": {"type": "Point", "coordinates": [106.92605051, 47.92803292]}, "geometry_name": "geom", "properties": {"guid": 1053244, "id": 1053244, "object_no": null, "object_name": "", "layer_type_id": 255, "valid_to": null, "address_no": null, "border_type": "solid", "border_width": null, "border_color": "#cc0000", "border_opacity": null, "border_wellknown": null, "fill_type": "color", "fill_color": "#ff4242", "fill_opacity": 1, "fill_wellknown": null, "fill_shape_color": null, "fill_shape_width": null, "fill_shape_size": null, "fill_img_url": null, "marker_img_url": null}},{"type": "Feature", "id": "layer_data_map.fid--27e80436_1a098b908f8_-57a0", "geometry": {"type": "Point", "coordinates": [106.92053718, 47.92448497]}, "geometry_name": "geom", "properties": {"guid": 1053247, "id": 1053247, "object_no": null, "object_name": "", "layer_type_id": 255, "valid_to": null, "address_no": null, "border_type": "solid", "border_width": null, "border_color": "#cc0000", "border_opacity": null, "border_wellknown": null, "fill_type": "color", "fill_color": "#ff4242", "fill_opacity": 1, "fill_wellknown": null, "fill_shape_color": null, "fill_shape_width": null, "fill_shape_size": null, "fill_img_url": null, "marker_img_url": null}},{"type": "Feature", "id": "layer_data_map.fid--27e80436_1a098b908f8_-579f", "geometry": {"type": "Point", "coordinates": [106.92308557, 47.93152743]}, "geometry_name": "geom", "properties": {"guid": 1053249, "id": 1053249, "object_no": null, "object_name": "", "layer_type_id": 255, "valid_to": null, "address_no": null, "border_type": "solid", "border_width": null, "border_color": "#cc0000", "border_opacity": null, "border_wellknown": null, "fill_type": "color", "fill_color": "#ff4242", "fill_opacity": 1, "fill_wellknown": null, "fill_shape_color": null, "fill_shape_width": null, "fill_shape_size": null, "fill_img_url": null, "marker_img_url": null}},{"type": "Feature", "id": "layer_data_map.fid--27e80436_1a098b908f8_-579e", "geometry": {"type": "Point", "coordinates": [106.92873148, 47.93106814]}, "geometry_name": "geom", "properties": {"guid": 1053250, "id": 1053250, "object_no": null, "object_name": "", "layer_type_id": 255, "valid_to": null, "address_no": null, "border_type": "solid", "border_width": null, "border_color": "#cc0000", "border_opacity": null, "border_wellknown": null, "fill_type": "color", "fill_color": "#ff4242", "fill_opacity": 1, "fill_wellknown": null, "fill_shape_color": null, "fill_shape_width": null, "fill_shape_size": null, "fill_img_url": null, "marker_img_url": null}},{"type": "Feature", "id": "layer_data_map.fid--27e80436_1a098b908f8_-579d", "geometry": {"type": "Point", "coordinates": [106.91912659, 47.94274609]}, "geometry_name": "geom", "properties": {"guid": 1053252, "id": 1053252, "object_no": null, "object_name": "", "layer_type_id": 255, "valid_to": null, "address_no": null, "border_type": "solid", "border_width": null, "border_color": "#cc0000", "border_opacity": null, "border_wellknown": null, "fill_type": "color", "fill_color": "#ff4242", "fill_opacity": 1, "fill_wellknown": null, "fill_shape_color": null, "fill_shape_width": null, "fill_shape_size": null, "fill_img_url": null, "marker_img_url": null}},{"type": "Feature", "id": "layer_data_map.fid--27e80436_1a098b908f8_-579c", "geometry": {"type": "Point", "coordinates": [106.93564446, 47.93370247]}, "geometry_name": "geom", "properties": {"guid": 1053253, "id": 1053253, "object_no": null, "object_name": "", "layer_type_id": 255, "valid_to": null, "address_no": null, "border_type": "solid", "border_width": null, "border_color": "#cc0000", "border_opacity": null, "border_wellknown": null, "fill_type": "color", "fill_color": "#ff4242", "fill_opacity": 1, "fill_wellknown": null, "fill_shape_color": null, "fill_shape_width": null, "fill_shape_size": null, "fill_img_url": null, "marker_img_url": null}},{"type": "Feature", "id": "layer_data_map.fid--27e80436_1a098b908f8_-579b", "geometry": {"type": "Point", "coordinates": [106.93952743, 47.92474734]}, "geometry_name": "geom", "properties": {"guid": 1053255, "id": 1053255, "object_no": null, "object_name": "", "layer_type_id": 255, "valid_to": null, "address_no": null, "border_type": "solid", "border_width": null, "border_color": "#cc0000", "border_opacity": null, "border_wellknown": null, "fill_type": "color", "fill_color": "#ff4242", "fill_opacity": 1, "fill_wellknown": null, "fill_shape_color": null, "fill_shape_width": null, "fill_shape_size": null, "fill_img_url": null, "marker_img_url": null}},{"type": "Feature", "id": "layer_data_map.fid--27e80436_1a098b908f8_-579a", "geometry": {"type": "Point", "coordinates": [106.93960598, 47.92290602]}, "geometry_name": "geom", "properties": {"guid": 1053258, "id": 1053258, "object_no": null, "object_name": "", "layer_type_id": 255, "valid_to": null, "address_no": null, "border_type": "solid", "border_width": null, "border_color": "#cc0000", "border_opacity": null, "border_wellknown": null, "fill_type": "color", "fill_color": "#ff4242", "fill_opacity": 1, "fill_wellknown": null, "fill_shape_color": null, "fill_shape_width": null, "fill_shape_size": null, "fill_img_url": null, "marker_img_url": null}},{"type": "Feature", "id": "layer_data_map.fid--27e80436_1a098b908f8_-5799", "geometry": {"type": "Point", "coordinates": [106.93191333, 47.9157853]}, "geometry_name": "geom", "properties": {"guid": 1053259, "id": 1053259, "object_no": null, "object_name": "", "layer_type_id": 255, "valid_to": null, "address_no": null, "border_type": "solid", "border_width": null, "border_color": "#cc0000", "border_opacity": null, "border_wellknown": null, "fill_type": "color", "fill_color": "#ff4242", "fill_opacity": 1, "fill_wellknown": null, "fill_shape_color": null, "fill_shape_width": null, "fill_shape_size": null, "fill_img_url": null, "marker_img_url": null}},{"type": "Feature", "id": "layer_data_map.fid--27e80436_1a098b908f8_-5798", "geometry": {"type": "Point", "coordinates": [106.93940264, 47.91795155]}, "geometry_name": "geom", "properties": {"guid": 1053261, "id": 1053261, "object_no": null, "object_name": "", "layer_type_id": 255, "valid_to": null, "address_no": null, "border_type": "solid", "border_width": null, "border_color": "#cc0000", "border_opacity": null, "border_wellknown": null, "fill_type": "color", "fill_color": "#ff4242", "fill_opacity": 1, "fill_wellknown": null, "fill_shape_color": null, "fill_shape_width": null, "fill_shape_size": null, "fill_img_url": null, "marker_img_url": null}},{"type": "Feature", "id": "layer_data_map.fid--27e80436_1a098b908f8_-5797", "geometry": {"type": "Point", "coordinates": [106.94239046, 47.91638528]}, "geometry_name": "geom", "properties": {"guid": 1053262, "id": 1053262, "object_no": null, "object_name": "", "layer_type_id": 255, "valid_to": null, "address_no": null, "border_type": "solid", "border_width": null, "border_color": "#cc0000", "border_opacity": null, "border_wellknown": null, "fill_type": "color", "fill_color": "#ff4242", "fill_opacity": 1, "fill_wellknown": null, "fill_shape_color": null, "fill_shape_width": null, "fill_shape_size": null, "fill_img_url": null, "marker_img_url": null}},{"type": "Feature", "id": "layer_data_map.fid--27e80436_1a098b908f8_-5796", "geometry": {"type": "Point", "coordinates": [106.94419079, 47.92188117]}, "geometry_name": "geom", "properties": {"guid": 1053264, "id": 1053264, "object_no": null, "object_name": "", "layer_type_id": 255, "valid_to": null, "address_no": null, "border_type": "solid", "border_width": null, "border_color": "#cc0000", "border_opacity": null, "border_wellknown": null, "fill_type": "color", "fill_color": "#ff4242", "fill_opacity": 1, "fill_wellknown": null, "fill_shape_color": null, "fill_shape_width": null, "fill_shape_size": null, "fill_img_url": null, "marker_img_url": null}},{"type": "Feature", "id": "layer_data_map.fid--27e80436_1a098b908f8_-5795", "geometry": {"type": "Point", "coordinates": [106.94928287, 47.91864663]}, "geometry_name": "geom", "properties": {"guid": 1053267, "id": 1053267, "object_no": null, "object_name": "", "layer_type_id": 255, "valid_to": null, "address_no": null, "border_type": "solid", "border_width": null, "border_color": "#cc0000", "border_opacity": null, "border_wellknown": null, "fill_type": "color", "fill_color": "#ff4242", "fill_opacity": 1, "fill_wellknown": null, "fill_shape_color": null, "fill_shape_width": null, "fill_shape_size": null, "fill_img_url": null, "marker_img_url": null}},{"type": "Feature", "id": "layer_data_map.fid--27e80436_1a098b908f8_-5794", "geometry": {"type": "Point", "coordinates": [106.95098011, 47.9130906]}, "geometry_name": "geom", "properties": {"guid": 1053268, "id": 1053268, "object_no": null, "object_name": "", "layer_type_id": 255, "valid_to": null, "address_no": null, "border_type": "solid", "border_width": null, "border_color": "#cc0000", "border_opacity": null, "border_wellknown": null, "fill_type": "color", "fill_color": "#ff4242", "fill_opacity": 1, "fill_wellknown": null, "fill_shape_color": null, "fill_shape_width": null, "fill_shape_size": null, "fill_img_url": null, "marker_img_url": null}},{"type": "Feature", "id": "layer_data_map.fid--27e80436_1a098b908f8_-5793", "geometry": {"type": "Point", "coordinates": [106.82503702, 47.94589151]}, "geometry_name": "geom", "properties": {"guid": 1053270, "id": 1053270, "object_no": null, "object_name": "", "layer_type_id": 255, "valid_to": null, "address_no": null, "border_type": "solid", "border_width": null, "border_color": "#cc0000", "border_opacity": null, "border_wellknown": null, "fill_type": "color", "fill_color": "#ff4242", "fill_opacity": 1, "fill_wellknown": null, "fill_shape_color": null, "fill_shape_width": null, "fill_shape_size": null, "fill_img_url": null, "marker_img_url": null}},{"type": "Feature", "id": "layer_data_map.fid--27e80436_1a098b908f8_-5792", "geometry": {"type": "Point", "coordinates": [106.83964322, 47.95486641]}, "geometry_name": "geom", "properties": {"guid": 1053271, "id": 1053271, "object_no": null, "object_name": "", "layer_type_id": 255, "valid_to": null, "address_no": null, "border_type": "solid", "border_width": null, "border_color": "#cc0000", "border_opacity": null, "border_wellknown": null, "fill_type": "color", "fill_color": "#ff4242", "fill_opacity": 1, "fill_wellknown": null, "fill_shape_color": null, "fill_shape_width": null, "fill_shape_size": null, "fill_img_url": null, "marker_img_url": null}},{"type": "Feature", "id": "layer_data_map.fid--27e80436_1a098b908f8_-5791", "geometry": {"type": "Point", "coordinates": [106.84376574, 47.96171792]}, "geometry_name": "geom", "properties": {"guid": 1053273, "id": 1053273, "object_no": null, "object_name": "", "layer_type_id": 255, "valid_to": null, "address_no": null, "border_type": "solid", "border_width": null, "border_color": "#cc0000", "border_opacity": null, "border_wellknown": null, "fill_type": "color", "fill_color": "#ff4242", "fill_opacity": 1, "fill_wellknown": null, "fill_shape_color": null, "fill_shape_width": null, "fill_shape_size": null, "fill_img_url": null, "marker_img_url": null}},{"type": "Feature", "id": "layer_data_map.fid--27e80436_1a098b908f8_-5790", "geometry": {"type": "Point", "coordinates": [106.83679632, 47.95745122]}, "geometry_name": "geom", "properties": {"guid": 1053275, "id": 1053275, "object_no": null, "object_name": "", "layer_type_id": 255, "valid_to": null, "address_no": null, "border_type": "solid", "border_width": null, "border_color": "#cc0000", "border_opacity": null, "border_wellknown": null, "fill_type": "color", "fill_color": "#ff4242", "fill_opacity": 1, "fill_wellknown": null, "fill_shape_color": null, "fill_shape_width": null, "fill_shape_size": null, "fill_img_url": null, "marker_img_url": null}},{"type": "Feature", "id": "layer_data_map.fid--27e80436_1a098b908f8_-578f", "geometry": {"type": "Point", "coordinates": [106.89687452, 47.97752302]}, "geometry_name": "geom", "properties": {"guid": 1053277, "id": 1053277, "object_no": null, "object_name": "", "layer_type_id": 255, "valid_to": null, "address_no": null, "border_type": "solid", "border_width": null, "border_color": "#cc0000", "border_opacity": null, "border_wellknown": null, "fill_type": "color", "fill_color": "#ff4242", "fill_opacity": 1, "fill_wellknown": null, "fill_shape_color": null, "fill_shape_width": null, "fill_shape_size": null, "fill_img_url": null, "marker_img_url": null}},{"type": "Feature", "id": "layer_data_map.fid--27e80436_1a098b908f8_-578e", "geometry": {"type": "Point", "coordinates": [106.90434199, 47.97142393]}, "geometry_name": "geom", "properties": {"guid": 1053279, "id": 1053279, "object_no": null, "object_name": "", "layer_type_id": 255, "valid_to": null, "address_no": null, "border_type": "solid", "border_width": null, "border_color": "#cc0000", "border_opacity": null, "border_wellknown": null, "fill_type": "color", "fill_color": "#ff4242", "fill_opacity": 1, "fill_wellknown": null, "fill_shape_color": null, "fill_shape_width": null, "fill_shape_size": null, "fill_img_url": null, "marker_img_url": null}},{"type": "Feature", "id": "layer_data_map.fid--27e80436_1a098b908f8_-578d", "geometry": {"type": "Point", "coordinates": [106.91438986, 47.95461723]}, "geometry_name": "geom", "properties": {"guid": 1053280, "id": 1053280, "object_no": null, "object_name": "", "layer_type_id": 255, "valid_to": null, "address_no": null, "border_type": "solid", "border_width": null, "border_color": "#cc0000", "border_opacity": null, "border_wellknown": null, "fill_type": "color", "fill_color": "#ff4242", "fill_opacity": 1, "fill_wellknown": null, "fill_shape_color": null, "fill_shape_width": null, "fill_shape_size": null, "fill_img_url": null, "marker_img_url": null}},{"type": "Feature", "id": "layer_data_map.fid--27e80436_1a098b908f8_-578c", "geometry": {"type": "Point", "coordinates": [106.91281694, 47.94874687]}, "geometry_name": "geom", "properties": {"guid": 1053282, "id": 1053282, "object_no": null, "object_name": "", "layer_type_id": 255, "valid_to": null, "address_no": null, "border_type": "solid", "border_width": null, "border_color": "#cc0000", "border_opacity": null, "border_wellknown": null, "fill_type": "color", "fill_color": "#ff4242", "fill_opacity": 1, "fill_wellknown": null, "fill_shape_color": null, "fill_shape_width": null, "fill_shape_size": null, "fill_img_url": null, "marker_img_url": null}},{"type": "Feature", "id": "layer_data_map.fid--27e80436_1a098b908f8_-578b", "geometry": {"type": "Point", "coordinates": [106.91518213, 47.95332428]}, "geometry_name": "geom", "properties": {"guid": 1053284, "id": 1053284, "object_no": null, "object_name": "", "layer_type_id": 255, "valid_to": null, "address_no": null, "border_type": "solid", "border_width": null, "border_color": "#cc0000", "border_opacity": null, "border_wellknown": null, "fill_type": "color", "fill_color": "#ff4242", "fill_opacity": 1, "fill_wellknown": null, "fill_shape_color": null, "fill_shape_width": null, "fill_shape_size": null, "fill_img_url": null, "marker_img_url": null}},{"type": "Feature", "id": "layer_data_map.fid--27e80436_1a098b908f8_-578a", "geometry": {"type": "Point", "coordinates": [106.91801511, 47.96515628]}, "geometry_name": "geom", "properties": {"guid": 1053285, "id": 1053285, "object_no": null, "object_name": "", "layer_type_id": 255, "valid_to": null, "address_no": null, "border_type": "solid", "border_width": null, "border_color": "#cc0000", "border_opacity": null, "border_wellknown": null, "fill_type": "color", "fill_color": "#ff4242", "fill_opacity": 1, "fill_wellknown": null, "fill_shape_color": null, "fill_shape_width": null, "fill_shape_size": null, "fill_img_url": null, "marker_img_url": null}},{"type": "Feature", "id": "layer_data_map.fid--27e80436_1a098b908f8_-5789", "geometry": {"type": "Point", "coordinates": [106.92990549, 47.96832944]}, "geometry_name": "geom", "properties": {"guid": 1053288, "id": 1053288, "object_no": null, "object_name": "", "layer_type_id": 255, "valid_to": null, "address_no": null, "border_type": "solid", "border_width": null, "border_color": "#cc0000", "border_opacity": null, "border_wellknown": null, "fill_type": "color", "fill_color": "#ff4242", "fill_opacity": 1, "fill_wellknown": null, "fill_shape_color": null, "fill_shape_width": null, "fill_shape_size": null, "fill_img_url": null, "marker_img_url": null}},{"type": "Feature", "id": "layer_data_map.fid--27e80436_1a098b908f8_-5788", "geometry": {"type": "Point", "coordinates": [106.93278975, 47.97836693]}, "geometry_name": "geom", "properties": {"guid": 1053289, "id": 1053289, "object_no": null, "object_name": "", "layer_type_id": 255, "valid_to": null, "address_no": null, "border_type": "solid", "border_width": null, "border_color": "#cc0000", "border_opacity": null, "border_wellknown": null, "fill_type": "color", "fill_color": "#ff4242", "fill_opacity": 1, "fill_wellknown": null, "fill_shape_color": null, "fill_shape_width": null, "fill_shape_size": null, "fill_img_url": null, "marker_img_url": null}},{"type": "Feature", "id": "layer_data_map.fid--27e80436_1a098b908f8_-5787", "geometry": {"type": "Point", "coordinates": [106.82402126, 47.86992065]}, "geometry_name": "geom", "properties": {"guid": 1053291, "id": 1053291, "object_no": null, "object_name": "", "layer_type_id": 255, "valid_to": null, "address_no": null, "border_type": "solid", "border_width": null, "border_color": "#cc0000", "border_opacity": null, "border_wellknown": null, "fill_type": "color", "fill_color": "#ff4242", "fill_opacity": 1, "fill_wellknown": null, "fill_shape_color": null, "fill_shape_width": null, "fill_shape_size": null, "fill_img_url": null, "marker_img_url": null}},{"type": "Feature", "id": "layer_data_map.fid--27e80436_1a098b908f8_-5786", "geometry": {"type": "Point", "coordinates": [106.80996275, 47.86715948]}, "geometry_name": "geom", "properties": {"guid": 1053293, "id": 1053293, "object_no": null, "object_name": "", "layer_type_id": 255, "valid_to": null, "address_no": null, "border_type": "solid", "border_width": null, "border_color": "#cc0000", "border_opacity": null, "border_wellknown": null, "fill_type": "color", "fill_color": "#ff4242", "fill_opacity": 1, "fill_wellknown": null, "fill_shape_color": null, "fill_shape_width": null, "fill_shape_size": null, "fill_img_url": null, "marker_img_url": null}},{"type": "Feature", "id": "layer_data_map.fid--27e80436_1a098b908f8_-5785", "geometry": {"type": "Point", "coordinates": [106.80273239, 47.86618895]}, "geometry_name": "geom", "properties": {"guid": 1053294, "id": 1053294, "object_no": null, "object_name": "", "layer_type_id": 255, "valid_to": null, "address_no": null, "border_type": "solid", "border_width": null, "border_color": "#cc0000", "border_opacity": null, "border_wellknown": null, "fill_type": "color", "fill_color": "#ff4242", "fill_opacity": 1, "fill_wellknown": null, "fill_shape_color": null, "fill_shape_width": null, "fill_shape_size": null, "fill_img_url": null, "marker_img_url": null}},{"type": "Feature", "id": "layer_data_map.fid--27e80436_1a098b908f8_-5784", "geometry": {"type": "Point", "coordinates": [106.80390354, 47.86631107]}, "geometry_name": "geom", "properties": {"guid": 1053297, "id": 1053297, "object_no": null, "object_name": "", "layer_type_id": 255, "valid_to": null, "address_no": null, "border_type": "solid", "border_width": null, "border_color": "#cc0000", "border_opacity": null, "border_wellknown": null, "fill_type": "color", "fill_color": "#ff4242", "fill_opacity": 1, "fill_wellknown": null, "fill_shape_color": null, "fill_shape_width": null, "fill_shape_size": null, "fill_img_url": null, "marker_img_url": null}},{"type": "Feature", "id": "layer_data_map.fid--27e80436_1a098b908f8_-5783", "geometry": {"type": "Point", "coordinates": [106.99860078, 47.90738424]}, "geometry_name": "geom", "properties": {"guid": 1053298, "id": 1053298, "object_no": null, "object_name": "", "layer_type_id": 255, "valid_to": null, "address_no": null, "border_type": "solid", "border_width": null, "border_color": "#cc0000", "border_opacity": null, "border_wellknown": null, "fill_type": "color", "fill_color": "#ff4242", "fill_opacity": 1, "fill_wellknown": null, "fill_shape_color": null, "fill_shape_width": null, "fill_shape_size": null, "fill_img_url": null, "marker_img_url": null}},{"type": "Feature", "id": "layer_data_map.fid--27e80436_1a098b908f8_-5782", "geometry": {"type": "Point", "coordinates": [106.76564707, 47.92074695]}, "geometry_name": "geom", "properties": {"guid": 1053300, "id": 1053300, "object_no": null, "object_name": "", "layer_type_id": 255, "valid_to": null, "address_no": null, "border_type": "solid", "border_width": null, "border_color": "#cc0000", "border_opacity": null, "border_wellknown": null, "fill_type": "color", "fill_color": "#ff4242", "fill_opacity": 1, "fill_wellknown": null, "fill_shape_color": null, "fill_shape_width": null, "fill_shape_size": null, "fill_img_url": null, "marker_img_url": null}},{"type": "Feature", "id": "layer_data_map.fid--27e80436_1a098b908f8_-5781", "geometry": {"type": "Point", "coordinates": [106.77903392, 47.91679624]}, "geometry_name": "geom", "properties": {"guid": 1053302, "id": 1053302, "object_no": null, "object_name": "", "layer_type_id": 255, "valid_to": null, "address_no": null, "border_type": "solid", "border_width": null, "border_color": "#cc0000", "border_opacity": null, "border_wellknown": null, "fill_type": "color", "fill_color": "#ff4242", "fill_opacity": 1, "fill_wellknown": null, "fill_shape_color": null, "fill_shape_width": null, "fill_shape_size": null, "fill_img_url": null, "marker_img_url": null}},{"type": "Feature", "id": "layer_data_map.fid--27e80436_1a098b908f8_-5780", "geometry": {"type": "Point", "coordinates": [106.79469799, 47.92287035]}, "geometry_name": "geom", "properties": {"guid": 1053303, "id": 1053303, "object_no": null, "object_name": "", "layer_type_id": 255, "valid_to": null, "address_no": null, "border_type": "solid", "border_width": null, "border_color": "#cc0000", "border_opacity": null, "border_wellknown": null, "fill_type": "color", "fill_color": "#ff4242", "fill_opacity": 1, "fill_wellknown": null, "fill_shape_color": null, "fill_shape_width": null, "fill_shape_size": null, "fill_img_url": null, "marker_img_url": null}},{"type": "Feature", "id": "layer_data_map.fid--27e80436_1a098b908f8_-577f", "geometry": {"type": "Point", "coordinates": [106.75817597, 47.85663918]}, "geometry_name": "geom", "properties": {"guid": 1053305, "id": 1053305, "object_no": null, "object_name": "", "layer_type_id": 255, "valid_to": null, "address_no": null, "border_type": "solid", "border_width": null, "border_color": "#cc0000", "border_opacity": null, "border_wellknown": null, "fill_type": "color", "fill_color": "#ff4242", "fill_opacity": 1, "fill_wellknown": null, "fill_shape_color": null, "fill_shape_width": null, "fill_shape_size": null, "fill_img_url": null, "marker_img_url": null}},{"type": "Feature", "id": "layer_data_map.fid--27e80436_1a098b908f8_-577e", "geometry": {"type": "Point", "coordinates": [106.75987531, 47.86465781]}, "geometry_name": "geom", "properties": {"guid": 1053307, "id": 1053307, "object_no": null, "object_name": "", "layer_type_id": 255, "valid_to": null, "address_no": null, "border_type": "solid", "border_width": null, "border_color": "#cc0000", "border_opacity": null, "border_wellknown": null, "fill_type": "color", "fill_color": "#ff4242", "fill_opacity": 1, "fill_wellknown": null, "fill_shape_color": null, "fill_shape_width": null, "fill_shape_size": null, "fill_img_url": null, "marker_img_url": null}},{"type": "Feature", "id": "layer_data_map.fid--27e80436_1a098b908f8_-577d", "geometry": {"type": "Point", "coordinates": [106.90309865, 47.90097749]}, "geometry_name": "geom", "properties": {"guid": 1053309, "id": 1053309, "object_no": null, "object_name": "", "layer_type_id": 255, "valid_to": null, "address_no": null, "border_type": "solid", "border_width": null, "border_color": "#cc0000", "border_opacity": null, "border_wellknown": null, "fill_type": "color", "fill_color": "#ff4242", "fill_opacity": 1, "fill_wellknown": null, "fill_shape_color": null, "fill_shape_width": null, "fill_shape_size": null, "fill_img_url": null, "marker_img_url": null}},{"type": "Feature", "id": "layer_data_map.fid--27e80436_1a098b908f8_-577c", "geometry": {"type": "Point", "coordinates": [106.89654948, 47.89963195]}, "geometry_name": "geom", "properties": {"guid": 1053310, "id": 1053310, "object_no": null, "object_name": "", "layer_type_id": 255, "valid_to": null, "address_no": null, "border_type": "solid", "border_width": null, "border_color": "#cc0000", "border_opacity": null, "border_wellknown": null, "fill_type": "color", "fill_color": "#ff4242", "fill_opacity": 1, "fill_wellknown": null, "fill_shape_color": null, "fill_shape_width": null, "fill_shape_size": null, "fill_img_url": null, "marker_img_url": null}},{"type": "Feature", "id": "layer_data_map.fid--27e80436_1a098b908f8_-577b", "geometry": {"type": "Point", "coordinates": [106.7784804, 47.91141536]}, "geometry_name": "geom", "properties": {"guid": 1053312, "id": 1053312, "object_no": null, "object_name": "", "layer_type_id": 255, "valid_to": null, "address_no": null, "border_type": "solid", "border_width": null, "border_color": "#cc0000", "border_opacity": null, "border_wellknown": null, "fill_type": "color", "fill_color": "#ff4242", "fill_opacity": 1, "fill_wellknown": null, "fill_shape_color": null, "fill_shape_width": null, "fill_shape_size": null, "fill_img_url": null, "marker_img_url": null}},{"type": "Feature", "id": "layer_data_map.fid--27e80436_1a098b908f8_-577a", "geometry": {"type": "Point", "coordinates": [106.90398346, 47.93427794]}, "geometry_name": "geom", "properties": {"guid": 1053314, "id": 1053314, "object_no": null, "object_name": "", "layer_type_id": 255, "valid_to": null, "address_no": null, "border_type": "solid", "border_width": null, "border_color": "#cc0000", "border_opacity": null, "border_wellknown": null, "fill_type": "color", "fill_color": "#ff4242", "fill_opacity": 1, "fill_wellknown": null, "fill_shape_color": null, "fill_shape_width": null, "fill_shape_size": null, "fill_img_url": null, "marker_img_url": null}},{"type": "Feature", "id": "layer_data_map.fid--27e80436_1a098b908f8_-5779", "geometry": {"type": "Point", "coordinates": [106.91138001, 47.91182005]}, "geometry_name": "geom", "properties": {"guid": 1053315, "id": 1053315, "object_no": null, "object_name": "", "layer_type_id": 255, "valid_to": null, "address_no": null, "border_type": "solid", "border_width": null, "border_color": "#cc0000", "border_opacity": null, "border_wellknown": null, "fill_type": "color", "fill_color": "#ff4242", "fill_opacity": 1, "fill_wellknown": null, "fill_shape_color": null, "fill_shape_width": null, "fill_shape_size": null, "fill_img_url": null, "marker_img_url": null}},{"type": "Feature", "id": "layer_data_map.fid--27e80436_1a098b908f8_-5778", "geometry": {"type": "Point", "coordinates": [106.9137612, 47.93028613]}, "geometry_name": "geom", "properties": {"guid": 1053318, "id": 1053318, "object_no": null, "object_name": "", "layer_type_id": 255, "valid_to": null, "address_no": null, "border_type": "solid", "border_width": null, "border_color": "#cc0000", "border_opacity": null, "border_wellknown": null, "fill_type": "color", "fill_color": "#ff4242", "fill_opacity": 1, "fill_wellknown": null, "fill_shape_color": null, "fill_shape_width": null, "fill_shape_size": null, "fill_img_url": null, "marker_img_url": null}},{"type": "Feature", "id": "layer_data_map.fid--27e80436_1a098b908f8_-5777", "geometry": {"type": "Point", "coordinates": [107.01301802, 47.90560853]}, "geometry_name": "geom", "properties": {"guid": 1053319, "id": 1053319, "object_no": null, "object_name": "", "layer_type_id": 255, "valid_to": null, "address_no": null, "border_type": "solid", "border_width": null, "border_color": "#cc0000", "border_opacity": null, "border_wellknown": null, "fill_type": "color", "fill_color": "#ff4242", "fill_opacity": 1, "fill_wellknown": null, "fill_shape_color": null, "fill_shape_width": null, "fill_shape_size": null, "fill_img_url": null, "marker_img_url": null}},{"type": "Feature", "id": "layer_data_map.fid--27e80436_1a098b908f8_-5776", "geometry": {"type": "Point", "coordinates": [106.82578765, 47.92315488]}, "geometry_name": "geom", "properties": {"guid": 1053321, "id": 1053321, "object_no": null, "object_name": "", "layer_type_id": 255, "valid_to": null, "address_no": null, "border_type": "solid", "border_width": null, "border_color": "#cc0000", "border_opacity": null, "border_wellknown": null, "fill_type": "color", "fill_color": "#ff4242", "fill_opacity": 1, "fill_wellknown": null, "fill_shape_color": null, "fill_shape_width": null, "fill_shape_size": null, "fill_img_url": null, "marker_img_url": null}},{"type": "Feature", "id": "layer_data_map.fid--27e80436_1a098b908f8_-5775", "geometry": {"type": "Point", "coordinates": [106.82999439, 47.96766307]}, "geometry_name": "geom", "properties": {"guid": 1053323, "id": 1053323, "object_no": null, "object_name": "", "layer_type_id": 255, "valid_to": null, "address_no": null, "border_type": "solid", "border_width": null, "border_color": "#cc0000", "border_opacity": null, "border_wellknown": null, "fill_type": "color", "fill_color": "#ff4242", "fill_opacity": 1, "fill_wellknown": null, "fill_shape_color": null, "fill_shape_width": null, "fill_shape_size": null, "fill_img_url": null, "marker_img_url": null}},{"type": "Feature", "id": "layer_data_map.fid--27e80436_1a098b908f8_-5774", "geometry": {"type": "Point", "coordinates": [106.80623002, 47.97093391]}, "geometry_name": "geom", "properties": {"guid": 1053324, "id": 1053324, "object_no": null, "object_name": "", "layer_type_id": 255, "valid_to": null, "address_no": null, "border_type": "solid", "border_width": null, "border_color": "#cc0000", "border_opacity": null, "border_wellknown": null, "fill_type": "color", "fill_color": "#ff4242", "fill_opacity": 1, "fill_wellknown": null, "fill_shape_color": null, "fill_shape_width": null, "fill_shape_size": null, "fill_img_url": null, "marker_img_url": null}},{"type": "Feature", "id": "layer_data_map.fid--27e80436_1a098b908f8_-5773", "geometry": {"type": "Point", "coordinates": [106.73947766, 47.91205999]}, "geometry_name": "geom", "properties": {"guid": 1053327, "id": 1053327, "object_no": null, "object_name": "", "layer_type_id": 255, "valid_to": null, "address_no": null, "border_type": "solid", "border_width": null, "border_color": "#cc0000", "border_opacity": null, "border_wellknown": null, "fill_type": "color", "fill_color": "#ff4242", "fill_opacity": 1, "fill_wellknown": null, "fill_shape_color": null, "fill_shape_width": null, "fill_shape_size": null, "fill_img_url": null, "marker_img_url": null}},{"type": "Feature", "id": "layer_data_map.fid--27e80436_1a098b908f8_-5772", "geometry": {"type": "Point", "coordinates": [106.97072135, 47.99803577]}, "geometry_name": "geom", "properties": {"guid": 1053328, "id": 1053328, "object_no": null, "object_name": "", "layer_type_id": 255, "valid_to": null, "address_no": null, "border_type": "solid", "border_width": null, "border_color": "#cc0000", "border_opacity": null, "border_wellknown": null, "fill_type": "color", "fill_color": "#ff4242", "fill_opacity": 1, "fill_wellknown": null, "fill_shape_color": null, "fill_shape_width": null, "fill_shape_size": null, "fill_img_url": null, "marker_img_url": null}},{"type": "Feature", "id": "layer_data_map.fid--27e80436_1a098b908f8_-5771", "geometry": {"type": "Point", "coordinates": [106.93769591, 47.9897602]}, "geometry_name": "geom", "properties": {"guid": 1053330, "id": 1053330, "object_no": null, "object_name": "", "layer_type_id": 255, "valid_to": null, "address_no": null, "border_type": "solid", "border_width": null, "border_color": "#cc0000", "border_opacity": null, "border_wellknown": null, "fill_type": "color", "fill_color": "#ff4242", "fill_opacity": 1, "fill_wellknown": null, "fill_shape_color": null, "fill_shape_width": null, "fill_shape_size": null, "fill_img_url": null, "marker_img_url": null}},{"type": "Feature", "id": "layer_data_map.fid--27e80436_1a098b908f8_-5770", "geometry": {"type": "Point", "coordinates": [106.92143201, 47.99483078]}, "geometry_name": "geom", "properties": {"guid": 1053332, "id": 1053332, "object_no": null, "object_name": "", "layer_type_id": 255, "valid_to": null, "address_no": null, "border_type": "solid", "border_width": null, "border_color": "#cc0000", "border_opacity": null, "border_wellknown": null, "fill_type": "color", "fill_color": "#ff4242", "fill_opacity": 1, "fill_wellknown": null, "fill_shape_color": null, "fill_shape_width": null, "fill_shape_size": null, "fill_img_url": null, "marker_img_url": null}},{"type": "Feature", "id": "layer_data_map.fid--27e80436_1a098b908f8_-576f", "geometry": {"type": "Point", "coordinates": [107.03383033, 47.91732128]}, "geometry_name": "geom", "properties": {"guid": 1053333, "id": 1053333, "object_no": null, "object_name": "", "layer_type_id": 255, "valid_to": null, "address_no": null, "border_type": "solid", "border_width": null, "border_color": "#cc0000", "border_opacity": null, "border_wellknown": null, "fill_type": "color", "fill_color": "#ff4242", "fill_opacity": 1, "fill_wellknown": null, "fill_shape_color": null, "fill_shape_width": null, "fill_shape_size": null, "fill_img_url": null, "marker_img_url": null}},{"type": "Feature", "id": "layer_data_map.fid--27e80436_1a098b908f8_-576e", "geometry": {"type": "Point", "coordinates": [106.96772058, 47.92909759]}, "geometry_name": "geom", "properties": {"guid": 1053335, "id": 1053335, "object_no": null, "object_name": "", "layer_type_id": 255, "valid_to": null, "address_no": null, "border_type": "solid", "border_width": null, "border_color": "#cc0000", "border_opacity": null, "border_wellknown": null, "fill_type": "color", "fill_color": "#ff4242", "fill_opacity": 1, "fill_wellknown": null, "fill_shape_color": null, "fill_shape_width": null, "fill_shape_size": null, "fill_img_url": null, "marker_img_url": null}},{"type": "Feature", "id": "layer_data_map.fid--27e80436_1a098b908f8_-576d", "geometry": {"type": "Point", "coordinates": [106.98736521, 47.92592641]}, "geometry_name": "geom", "properties": {"guid": 1053338, "id": 1053338, "object_no": null, "object_name": "", "layer_type_id": 255, "valid_to": null, "address_no": null, "border_type": "solid", "border_width": null, "border_color": "#cc0000", "border_opacity": null, "border_wellknown": null, "fill_type": "color", "fill_color": "#ff4242", "fill_opacity": 1, "fill_wellknown": null, "fill_shape_color": null, "fill_shape_width": null, "fill_shape_size": null, "fill_img_url": null, "marker_img_url": null}},{"type": "Feature", "id": "layer_data_map.fid--27e80436_1a098b908f8_-576c", "geometry": {"type": "Point", "coordinates": [106.67850933, 47.84387696]}, "geometry_name": "geom", "properties": {"guid": 1053339, "id": 1053339, "object_no": null, "object_name": "", "layer_type_id": 255, "valid_to": null, "address_no": null, "border_type": "solid", "border_width": null, "border_color": "#cc0000", "border_opacity": null, "border_wellknown": null, "fill_type": "color", "fill_color": "#ff4242", "fill_opacity": 1, "fill_wellknown": null, "fill_shape_color": null, "fill_shape_width": null, "fill_shape_size": null, "fill_img_url": null, "marker_img_url": null}},{"type": "Feature", "id": "layer_data_map.fid--27e80436_1a098b908f8_-576b", "geometry": {"type": "Point", "coordinates": [106.80126132, 47.90803238]}, "geometry_name": "geom", "properties": {"guid": 1053341, "id": 1053341, "object_no": null, "object_name": "", "layer_type_id": 255, "valid_to": null, "address_no": null, "border_type": "solid", "border_width": null, "border_color": "#cc0000", "border_opacity": null, "border_wellknown": null, "fill_type": "color", "fill_color": "#ff4242", "fill_opacity": 1, "fill_wellknown": null, "fill_shape_color": null, "fill_shape_width": null, "fill_shape_size": null, "fill_img_url": null, "marker_img_url": null}},{"type": "Feature", "id": "layer_data_map.fid--27e80436_1a098b908f8_-576a", "geometry": {"type": "Point", "coordinates": [106.90522321, 47.88791975]}, "geometry_name": "geom", "properties": {"guid": 1053342, "id": 1053342, "object_no": null, "object_name": "", "layer_type_id": 255, "valid_to": null, "address_no": null, "border_type": "solid", "border_width": null, "border_color": "#cc0000", "border_opacity": null, "border_wellknown": null, "fill_type": "color", "fill_color": "#ff4242", "fill_opacity": 1, "fill_wellknown": null, "fill_shape_color": null, "fill_shape_width": null, "fill_shape_size": null, "fill_img_url": null, "marker_img_url": null}},{"type": "Feature", "id": "layer_data_map.fid--27e80436_1a098b908f8_-5769", "geometry": {"type": "Point", "coordinates": [106.708866, 47.79048926]}, "geometry_name": "geom", "properties": {"guid": 1053344, "id": 1053344, "object_no": null, "object_name": "", "layer_type_id": 255, "valid_to": null, "address_no": null, "border_type": "solid", "border_width": null, "border_color": "#cc0000", "border_opacity": null, "border_wellknown": null, "fill_type": "color", "fill_color": "#ff4242", "fill_opacity": 1, "fill_wellknown": null, "fill_shape_color": null, "fill_shape_width": null, "fill_shape_size": null, "fill_img_url": null, "marker_img_url": null}},{"type": "Feature", "id": "layer_data_map.fid--27e80436_1a098b908f8_-5768", "geometry": {"type": "Point", "coordinates": [106.55858602, 47.75348602]}, "geometry_name": "geom", "properties": {"guid": 1053347, "id": 1053347, "object_no": null, "object_name": "", "layer_type_id": 255, "valid_to": null, "address_no": null, "border_type": "solid", "border_width": null, "border_color": "#cc0000", "border_opacity": null, "border_wellknown": null, "fill_type": "color", "fill_color": "#ff4242", "fill_opacity": 1, "fill_wellknown": null, "fill_shape_color": null, "fill_shape_width": null, "fill_shape_size": null, "fill_img_url": null, "marker_img_url": null}},{"type": "Feature", "id": "layer_data_map.fid--27e80436_1a098b908f8_-5767", "geometry": {"type": "Point", "coordinates": [106.90843498, 47.9014233]}, "geometry_name": "geom", "properties": {"guid": 1053348, "id": 1053348, "object_no": null, "object_name": "", "layer_type_id": 255, "valid_to": null, "address_no": null, "border_type": "solid", "border_width": null, "border_color": "#cc0000", "border_opacity": null, "border_wellknown": null, "fill_type": "color", "fill_color": "#ff4242", "fill_opacity": 1, "fill_wellknown": null, "fill_shape_color": null, "fill_shape_width": null, "fill_shape_size": null, "fill_img_url": null, "marker_img_url": null}},{"type": "Feature", "id": "layer_data_map.fid--27e80436_1a098b908f8_-5766", "geometry": {"type": "Point", "coordinates": [107.15497781, 47.92770002]}, "geometry_name": "geom", "properties": {"guid": 1053350, "id": 1053350, "object_no": null, "object_name": "", "layer_type_id": 255, "valid_to": null, "address_no": null, "border_type": "solid", "border_width": null, "border_color": "#cc0000", "border_opacity": null, "border_wellknown": null, "fill_type": "color", "fill_color": "#ff4242", "fill_opacity": 1, "fill_wellknown": null, "fill_shape_color": null, "fill_shape_width": null, "fill_shape_size": null, "fill_img_url": null, "marker_img_url": null}},{"type": "Feature", "id": "layer_data_map.fid--27e80436_1a098b908f8_-5765", "geometry": {"type": "Point", "coordinates": [107.16308396, 47.81196577]}, "geometry_name": "geom", "properties": {"guid": 1053351, "id": 1053351, "object_no": null, "object_name": "", "layer_type_id": 255, "valid_to": null, "address_no": null, "border_type": "solid", "border_width": null, "border_color": "#cc0000", "border_opacity": null, "border_wellknown": null, "fill_type": "color", "fill_color": "#ff4242", "fill_opacity": 1, "fill_wellknown": null, "fill_shape_color": null, "fill_shape_width": null, "fill_shape_size": null, "fill_img_url": null, "marker_img_url": null}},{"type": "Feature", "id": "layer_data_map.fid--27e80436_1a098b908f8_-5764", "geometry": {"type": "Point", "coordinates": [106.94320447, 47.95373973]}, "geometry_name": "geom", "properties": {"guid": 1053353, "id": 1053353, "object_no": null, "object_name": "", "layer_type_id": 255, "valid_to": null, "address_no": null, "border_type": "solid", "border_width": null, "border_color": "#cc0000", "border_opacity": null, "border_wellknown": null, "fill_type": "color", "fill_color": "#ff4242", "fill_opacity": 1, "fill_wellknown": null, "fill_shape_color": null, "fill_shape_width": null, "fill_shape_size": null, "fill_img_url": null, "marker_img_url": null}},{"type": "Feature", "id": "layer_data_map.fid--27e80436_1a098b908f8_-5763", "geometry": {"type": "Point", "coordinates": [106.82935804, 47.91350087]}, "geometry_name": "geom", "properties": {"guid": 1053356, "id": 1053356, "object_no": null, "object_name": "", "layer_type_id": 255, "valid_to": null, "address_no": null, "border_type": "solid", "border_width": null, "border_color": "#cc0000", "border_opacity": null, "border_wellknown": null, "fill_type": "color", "fill_color": "#ff4242", "fill_opacity": 1, "fill_wellknown": null, "fill_shape_color": null, "fill_shape_width": null, "fill_shape_size": null, "fill_img_url": null, "marker_img_url": null}},{"type": "Feature", "id": "layer_data_map.fid--27e80436_1a098b908f8_-5762", "geometry": {"type": "Point", "coordinates": [106.64793676, 48.12217075]}, "geometry_name": "geom", "properties": {"guid": 1053357, "id": 1053357, "object_no": null, "object_name": "", "layer_type_id": 255, "valid_to": null, "address_no": null, "border_type": "solid", "border_width": null, "border_color": "#cc0000", "border_opacity": null, "border_wellknown": null, "fill_type": "color", "fill_color": "#ff4242", "fill_opacity": 1, "fill_wellknown": null, "fill_shape_color": null, "fill_shape_width": null, "fill_shape_size": null, "fill_img_url": null, "marker_img_url": null}},{"type": "Feature", "id": "layer_data_map.fid--27e80436_1a098b908f8_-5761", "geometry": {"type": "Point", "coordinates": [106.91144924, 47.89644653]}, "geometry_name": "geom", "properties": {"guid": 1053359, "id": 1053359, "object_no": null, "object_name": "", "layer_type_id": 255, "valid_to": null, "address_no": null, "border_type": "solid", "border_width": null, "border_color": "#cc0000", "border_opacity": null, "border_wellknown": null, "fill_type": "color", "fill_color": "#ff4242", "fill_opacity": 1, "fill_wellknown": null, "fill_shape_color": null, "fill_shape_width": null, "fill_shape_size": null, "fill_img_url": null, "marker_img_url": null}},{"type": "Feature", "id": "layer_data_map.fid--27e80436_1a098b908f8_-5760", "geometry": {"type": "Point", "coordinates": [106.85839467, 47.93017546]}, "geometry_name": "geom", "properties": {"guid": 1053360, "id": 1053360, "object_no": null, "object_name": "", "layer_type_id": 255, "valid_to": null, "address_no": null, "border_type": "solid", "border_width": null, "border_color": "#cc0000", "border_opacity": null, "border_wellknown": null, "fill_type": "color", "fill_color": "#ff4242", "fill_opacity": 1, "fill_wellknown": null, "fill_shape_color": null, "fill_shape_width": null, "fill_shape_size": null, "fill_img_url": null, "marker_img_url": null}},{"type": "Feature", "id": "layer_data_map.fid--27e80436_1a098b908f8_-575f", "geometry": {"type": "Point", "coordinates": [106.93855283, 47.91207812]}, "geometry_name": "geom", "properties": {"guid": 1053362, "id": 1053362, "object_no": null, "object_name": "", "layer_type_id": 255, "valid_to": null, "address_no": null, "border_type": "solid", "border_width": null, "border_color": "#cc0000", "border_opacity": null, "border_wellknown": null, "fill_type": "color", "fill_color": "#ff4242", "fill_opacity": 1, "fill_wellknown": null, "fill_shape_color": null, "fill_shape_width": null, "fill_shape_size": null, "fill_img_url": null, "marker_img_url": null}},{"type": "Feature", "id": "layer_data_map.fid--27e80436_1a098b908f8_-575e", "geometry": {"type": "Point", "coordinates": [107.25284629, 47.77176704]}, "geometry_name": "geom", "properties": {"guid": 1053364, "id": 1053364, "object_no": null, "object_name": "", "layer_type_id": 255, "valid_to": null, "address_no": null, "border_type": "solid", "border_width": null, "border_color": "#cc0000", "border_opacity": null, "border_wellknown": null, "fill_type": "color", "fill_color": "#ff4242", "fill_opacity": 1, "fill_wellknown": null, "fill_shape_color": null, "fill_shape_width": null, "fill_shape_size": null, "fill_img_url": null, "marker_img_url": null}},{"type": "Feature", "id": "layer_data_map.fid--27e80436_1a098b908f8_-575d", "geometry": {"type": "Point", "coordinates": [107.24173522, 47.7775397]}, "geometry_name": "geom", "properties": {"guid": 1053366, "id": 1053366, "object_no": null, "object_name": "", "layer_type_id": 255, "valid_to": null, "address_no": null, "border_type": "solid", "border_width": null, "border_color": "#cc0000", "border_opacity": null, "border_wellknown": null, "fill_type": "color", "fill_color": "#ff4242", "fill_opacity": 1, "fill_wellknown": null, "fill_shape_color": null, "fill_shape_width": null, "fill_shape_size": null, "fill_img_url": null, "marker_img_url": null}},{"type": "Feature", "id": "layer_data_map.fid--27e80436_1a098b908f8_-575c", "geometry": {"type": "Point", "coordinates": [107.27747124, 47.79196306]}, "geometry_name": "geom", "properties": {"guid": 1053368, "id": 1053368, "object_no": null, "object_name": "", "layer_type_id": 255, "valid_to": null, "address_no": null, "border_type": "solid", "border_width": null, "border_color": "#cc0000", "border_opacity": null, "border_wellknown": null, "fill_type": "color", "fill_color": "#ff4242", "fill_opacity": 1, "fill_wellknown": null, "fill_shape_color": null, "fill_shape_width": null, "fill_shape_size": null, "fill_img_url": null, "marker_img_url": null}},{"type": "Feature", "id": "layer_data_map.fid--27e80436_1a098b908f8_-575b", "geometry": {"type": "Point", "coordinates": [107.27748935, 47.77229017]}, "geometry_name": "geom", "properties": {"guid": 1053369, "id": 1053369, "object_no": null, "object_name": "", "layer_type_id": 255, "valid_to": null, "address_no": null, "border_type": "solid", "border_width": null, "border_color": "#cc0000", "border_opacity": null, "border_wellknown": null, "fill_type": "color", "fill_color": "#ff4242", "fill_opacity": 1, "fill_wellknown": null, "fill_shape_color": null, "fill_shape_width": null, "fill_shape_size": null, "fill_img_url": null, "marker_img_url": null}},{"type": "Feature", "id": "layer_data_map.fid--27e80436_1a098b908f8_-575a", "geometry": {"type": "Point", "coordinates": [107.26304259, 47.75960895]}, "geometry_name": "geom", "properties": {"guid": 1053371, "id": 1053371, "object_no": null, "object_name": "", "layer_type_id": 255, "valid_to": null, "address_no": null, "border_type": "solid", "border_width": null, "border_color": "#cc0000", "border_opacity": null, "border_wellknown": null, "fill_type": "color", "fill_color": "#ff4242", "fill_opacity": 1, "fill_wellknown": null, "fill_shape_color": null, "fill_shape_width": null, "fill_shape_size": null, "fill_img_url": null, "marker_img_url": null}},{"type": "Feature", "id": "layer_data_map.fid--27e80436_1a098b908f8_-5759", "geometry": {"type": "Point", "coordinates": [107.39359824, 47.78326426]}, "geometry_name": "geom", "properties": {"guid": 1053372, "id": 1053372, "object_no": null, "object_name": "", "layer_type_id": 255, "valid_to": null, "address_no": null, "border_type": "solid", "border_width": null, "border_color": "#cc0000", "border_opacity": null, "border_wellknown": null, "fill_type": "color", "fill_color": "#ff4242", "fill_opacity": 1, "fill_wellknown": null, "fill_shape_color": null, "fill_shape_width": null, "fill_shape_size": null, "fill_img_url": null, "marker_img_url": null}},{"type": "Feature", "id": "layer_data_map.fid--27e80436_1a098b908f8_-5758", "geometry": {"type": "Point", "coordinates": [107.41028579, 47.87412859]}, "geometry_name": "geom", "properties": {"guid": 1053375, "id": 1053375, "object_no": null, "object_name": "", "layer_type_id": 255, "valid_to": null, "address_no": null, "border_type": "solid", "border_width": null, "border_color": "#cc0000", "border_opacity": null, "border_wellknown": null, "fill_type": "color", "fill_color": "#ff4242", "fill_opacity": 1, "fill_wellknown": null, "fill_shape_color": null, "fill_shape_width": null, "fill_shape_size": null, "fill_img_url": null, "marker_img_url": null}},{"type": "Feature", "id": "layer_data_map.fid--27e80436_1a098b908f8_-5757", "geometry": {"type": "Point", "coordinates": [106.93057639, 47.90370008]}, "geometry_name": "geom", "properties": {"guid": 1053377, "id": 1053377, "object_no": null, "object_name": "", "layer_type_id": 255, "valid_to": null, "address_no": null, "border_type": "solid", "border_width": null, "border_color": "#cc0000", "border_opacity": null, "border_wellknown": null, "fill_type": "color", "fill_color": "#ff4242", "fill_opacity": 1, "fill_wellknown": null, "fill_shape_color": null, "fill_shape_width": null, "fill_shape_size": null, "fill_img_url": null, "marker_img_url": null}},{"type": "Feature", "id": "layer_data_map.fid--27e80436_1a098b908f8_-5756", "geometry": {"type": "Point", "coordinates": [107.07590245, 47.92440463]}, "geometry_name": "geom", "properties": {"guid": 1053378, "id": 1053378, "object_no": null, "object_name": "", "layer_type_id": 255, "valid_to": null, "address_no": null, "border_type": "solid", "border_width": null, "border_color": "#cc0000", "border_opacity": null, "border_wellknown": null, "fill_type": "color", "fill_color": "#ff4242", "fill_opacity": 1, "fill_wellknown": null, "fill_shape_color": null, "fill_shape_width": null, "fill_shape_size": null, "fill_img_url": null, "marker_img_url": null}},{"type": "Feature", "id": "layer_data_map.fid--27e80436_1a098b908f8_-5755", "geometry": {"type": "Point", "coordinates": [106.88002133, 47.93511478]}, "geometry_name": "geom", "properties": {"guid": 1053380, "id": 1053380, "object_no": null, "object_name": "", "layer_type_id": 255, "valid_to": null, "address_no": null, "border_type": "solid", "border_width": null, "border_color": "#cc0000", "border_opacity": null, "border_wellknown": null, "fill_type": "color", "fill_color": "#ff4242", "fill_opacity": 1, "fill_wellknown": null, "fill_shape_color": null, "fill_shape_width": null, "fill_shape_size": null, "fill_img_url": null, "marker_img_url": null}},{"type": "Feature", "id": "layer_data_map.fid--27e80436_1a098b908f8_-5754", "geometry": {"type": "Point", "coordinates": [106.81131971, 47.9230272]}, "geometry_name": "geom", "properties": {"guid": 1053382, "id": 1053382, "object_no": null, "object_name": "", "layer_type_id": 255, "valid_to": null, "address_no": null, "border_type": "solid", "border_width": null, "border_color": "#cc0000", "border_opacity": null, "border_wellknown": null, "fill_type": "color", "fill_color": "#ff4242", "fill_opacity": 1, "fill_wellknown": null, "fill_shape_color": null, "fill_shape_width": null, "fill_shape_size": null, "fill_img_url": null, "marker_img_url": null}},{"type": "Feature", "id": "layer_data_map.fid--27e80436_1a098b908f8_-5753", "geometry": {"type": "Point", "coordinates": [106.83718615, 47.92066252]}, "geometry_name": "geom", "properties": {"guid": 1053384, "id": 1053384, "object_no": null, "object_name": "", "layer_type_id": 255, "valid_to": null, "address_no": null, "border_type": "solid", "border_width": null, "border_color": "#cc0000", "border_opacity": null, "border_wellknown": null, "fill_type": "color", "fill_color": "#ff4242", "fill_opacity": 1, "fill_wellknown": null, "fill_shape_color": null, "fill_shape_width": null, "fill_shape_size": null, "fill_img_url": null, "marker_img_url": null}},{"type": "Feature", "id": "layer_data_map.fid--27e80436_1a098b908f8_-5752", "geometry": {"type": "Point", "coordinates": [106.84685983, 47.92319191]}, "geometry_name": "geom", "properties": {"guid": 1053386, "id": 1053386, "object_no": null, "object_name": "", "layer_type_id": 255, "valid_to": null, "address_no": null, "border_type": "solid", "border_width": null, "border_color": "#cc0000", "border_opacity": null, "border_wellknown": null, "fill_type": "color", "fill_color": "#ff4242", "fill_opacity": 1, "fill_wellknown": null, "fill_shape_color": null, "fill_shape_width": null, "fill_shape_size": null, "fill_img_url": null, "marker_img_url": null}},{"type": "Feature", "id": "layer_data_map.fid--27e80436_1a098b908f8_-5751", "geometry": {"type": "Point", "coordinates": [106.85308615, 47.95571011]}, "geometry_name": "geom", "properties": {"guid": 1053387, "id": 1053387, "object_no": null, "object_name": "", "layer_type_id": 255, "valid_to": null, "address_no": null, "border_type": "solid", "border_width": null, "border_color": "#cc0000", "border_opacity": null, "border_wellknown": null, "fill_type": "color", "fill_color": "#ff4242", "fill_opacity": 1, "fill_wellknown": null, "fill_shape_color": null, "fill_shape_width": null, "fill_shape_size": null, "fill_img_url": null, "marker_img_url": null}},{"type": "Feature", "id": "layer_data_map.fid--27e80436_1a098b908f8_-5750", "geometry": {"type": "Point", "coordinates": [106.81739053, 47.93310013]}, "geometry_name": "geom", "properties": {"guid": 1053389, "id": 1053389, "object_no": null, "object_name": "", "layer_type_id": 255, "valid_to": null, "address_no": null, "border_type": "solid", "border_width": null, "border_color": "#cc0000", "border_opacity": null, "border_wellknown": null, "fill_type": "color", "fill_color": "#ff4242", "fill_opacity": 1, "fill_wellknown": null, "fill_shape_color": null, "fill_shape_width": null, "fill_shape_size": null, "fill_img_url": null, "marker_img_url": null}},{"type": "Feature", "id": "layer_data_map.fid--27e80436_1a098b908f8_-574f", "geometry": {"type": "Point", "coordinates": [106.77075315, 47.85793296]}, "geometry_name": "geom", "properties": {"guid": 1053390, "id": 1053390, "object_no": null, "object_name": "", "layer_type_id": 255, "valid_to": null, "address_no": null, "border_type": "solid", "border_width": null, "border_color": "#cc0000", "border_opacity": null, "border_wellknown": null, "fill_type": "color", "fill_color": "#ff4242", "fill_opacity": 1, "fill_wellknown": null, "fill_shape_color": null, "fill_shape_width": null, "fill_shape_size": null, "fill_img_url": null, "marker_img_url": null}},{"type": "Feature", "id": "layer_data_map.fid--27e80436_1a098b908f8_-574e", "geometry": {"type": "Point", "coordinates": [106.79302882, 47.93713013]}, "geometry_name": "geom", "properties": {"guid": 1053392, "id": 1053392, "object_no": null, "object_name": "", "layer_type_id": 255, "valid_to": null, "address_no": null, "border_type": "solid", "border_width": null, "border_color": "#cc0000", "border_opacity": null, "border_wellknown": null, "fill_type": "color", "fill_color": "#ff4242", "fill_opacity": 1, "fill_wellknown": null, "fill_shape_color": null, "fill_shape_width": null, "fill_shape_size": null, "fill_img_url": null, "marker_img_url": null}},{"type": "Feature", "id": "layer_data_map.fid--27e80436_1a098b908f8_-574d", "geometry": {"type": "Point", "coordinates": [106.64859756, 47.8934948]}, "geometry_name": "geom", "properties": {"guid": 1053394, "id": 1053394, "object_no": null, "object_name": "", "layer_type_id": 255, "valid_to": null, "address_no": null, "border_type": "solid", "border_width": null, "border_color": "#cc0000", "border_opacity": null, "border_wellknown": null, "fill_type": "color", "fill_color": "#ff4242", "fill_opacity": 1, "fill_wellknown": null, "fill_shape_color": null, "fill_shape_width": null, "fill_shape_size": null, "fill_img_url": null, "marker_img_url": null}},{"type": "Feature", "id": "layer_data_map.fid--27e80436_1a098b908f8_-574c", "geometry": {"type": "Point", "coordinates": [106.90604331, 48.05725592]}, "geometry_name": "geom", "properties": {"guid": 1053396, "id": 1053396, "object_no": null, "object_name": "", "layer_type_id": 255, "valid_to": null, "address_no": null, "border_type": "solid", "border_width": null, "border_color": "#cc0000", "border_opacity": null, "border_wellknown": null, "fill_type": "color", "fill_color": "#ff4242", "fill_opacity": 1, "fill_wellknown": null, "fill_shape_color": null, "fill_shape_width": null, "fill_shape_size": null, "fill_img_url": null, "marker_img_url": null}},{"type": "Feature", "id": "layer_data_map.fid--27e80436_1a098b908f8_-574b", "geometry": {"type": "Point", "coordinates": [106.98721153, 48.01331082]}, "geometry_name": "geom", "properties": {"guid": 1053398, "id": 1053398, "object_no": null, "object_name": "", "layer_type_id": 255, "valid_to": null, "address_no": null, "border_type": "solid", "border_width": null, "border_color": "#cc0000", "border_opacity": null, "border_wellknown": null, "fill_type": "color", "fill_color": "#ff4242", "fill_opacity": 1, "fill_wellknown": null, "fill_shape_color": null, "fill_shape_width": null, "fill_shape_size": null, "fill_img_url": null, "marker_img_url": null}},{"type": "Feature", "id": "layer_data_map.fid--27e80436_1a098b908f8_-574a", "geometry": {"type": "Point", "coordinates": [106.93244294, 47.94295496]}, "geometry_name": "geom", "properties": {"guid": 1053399, "id": 1053399, "object_no": null, "object_name": "", "layer_type_id": 255, "valid_to": null, "address_no": null, "border_type": "solid", "border_width": null, "border_color": "#cc0000", "border_opacity": null, "border_wellknown": null, "fill_type": "color", "fill_color": "#ff4242", "fill_opacity": 1, "fill_wellknown": null, "fill_shape_color": null, "fill_shape_width": null, "fill_shape_size": null, "fill_img_url": null, "marker_img_url": null}},{"type": "Feature", "id": "layer_data_map.fid--27e80436_1a098b908f8_-5749", "geometry": {"type": "Point", "coordinates": [107.4910046, 47.35260154]}, "geometry_name": "geom", "properties": {"guid": 1053401, "id": 1053401, "object_no": null, "object_name": "", "layer_type_id": 255, "valid_to": null, "address_no": null, "border_type": "solid", "border_width": null, "border_color": "#cc0000", "border_opacity": null, "border_wellknown": null, "fill_type": "color", "fill_color": "#ff4242", "fill_opacity": 1, "fill_wellknown": null, "fill_shape_color": null, "fill_shape_width": null, "fill_shape_size": null, "fill_img_url": null, "marker_img_url": null}},{"type": "Feature", "id": "layer_data_map.fid--27e80436_1a098b908f8_-5748", "geometry": {"type": "Point", "coordinates": [107.43464681, 47.3492963]}, "geometry_name": "geom", "properties": {"guid": 1053404, "id": 1053404, "object_no": null, "object_name": "", "layer_type_id": 255, "valid_to": null, "address_no": null, "border_type": "solid", "border_width": null, "border_color": "#cc0000", "border_opacity": null, "border_wellknown": null, "fill_type": "color", "fill_color": "#ff4242", "fill_opacity": 1, "fill_wellknown": null, "fill_shape_color": null, "fill_shape_width": null, "fill_shape_size": null, "fill_img_url": null, "marker_img_url": null}},{"type": "Feature", "id": "layer_data_map.fid--27e80436_1a098b908f8_-5747", "geometry": {"type": "Point", "coordinates": [108.37925469, 47.78578944]}, "geometry_name": "geom", "properties": {"guid": 1053405, "id": 1053405, "object_no": null, "object_name": "", "layer_type_id": 255, "valid_to": null, "address_no": null, "border_type": "solid", "border_width": null, "border_color": "#cc0000", "border_opacity": null, "border_wellknown": null, "fill_type": "color", "fill_color": "#ff4242", "fill_opacity": 1, "fill_wellknown": null, "fill_shape_color": null, "fill_shape_width": null, "fill_shape_size": null, "fill_img_url": null, "marker_img_url": null}},{"type": "Feature", "id": "layer_data_map.fid--27e80436_1a098b908f8_-5746", "geometry": {"type": "Point", "coordinates": [108.37069255, 47.78444131]}, "geometry_name": "geom", "properties": {"guid": 1053407, "id": 1053407, "object_no": null, "object_name": "", "layer_type_id": 255, "valid_to": null, "address_no": null, "border_type": "solid", "border_width": null, "border_color": "#cc0000", "border_opacity": null, "border_wellknown": null, "fill_type": "color", "fill_color": "#ff4242", "fill_opacity": 1, "fill_wellknown": null, "fill_shape_color": null, "fill_shape_width": null, "fill_shape_size": null, "fill_img_url": null, "marker_img_url": null}},{"type": "Feature", "id": "layer_data_map.fid--27e80436_1a098b908f8_-5745", "geometry": {"type": "Point", "coordinates": [108.3690625, 47.77878554]}, "geometry_name": "geom", "properties": {"guid": 1053408, "id": 1053408, "object_no": null, "object_name": "", "layer_type_id": 255, "valid_to": null, "address_no": null, "border_type": "solid", "border_width": null, "border_color": "#cc0000", "border_opacity": null, "border_wellknown": null, "fill_type": "color", "fill_color": "#ff4242", "fill_opacity": 1, "fill_wellknown": null, "fill_shape_color": null, "fill_shape_width": null, "fill_shape_size": null, "fill_img_url": null, "marker_img_url": null}},{"type": "Feature", "id": "layer_data_map.fid--27e80436_1a098b908f8_-5744", "geometry": {"type": "Point", "coordinates": [106.86956409, 47.93577117]}, "geometry_name": "geom", "properties": {"guid": 1053410, "id": 1053410, "object_no": null, "object_name": "", "layer_type_id": 255, "valid_to": null, "address_no": null, "border_type": "solid", "border_width": null, "border_color": "#cc0000", "border_opacity": null, "border_wellknown": null, "fill_type": "color", "fill_color": "#ff4242", "fill_opacity": 1, "fill_wellknown": null, "fill_shape_color": null, "fill_shape_width": null, "fill_shape_size": null, "fill_img_url": null, "marker_img_url": null}},{"type": "Feature", "id": "layer_data_map.fid--27e80436_1a098b908f8_-5743", "geometry": {"type": "Point", "coordinates": [106.7518468, 47.9200372]}, "geometry_name": "geom", "properties": {"guid": 1053412, "id": 1053412, "object_no": null, "object_name": "", "layer_type_id": 255, "valid_to": null, "address_no": null, "border_type": "solid", "border_width": null, "border_color": "#cc0000", "border_opacity": null, "border_wellknown": null, "fill_type": "color", "fill_color": "#ff4242", "fill_opacity": 1, "fill_wellknown": null, "fill_shape_color": null, "fill_shape_width": null, "fill_shape_size": null, "fill_img_url": null, "marker_img_url": null}},{"type": "Feature", "id": "layer_data_map.fid--27e80436_1a098b908f8_-5742", "geometry": {"type": "Point", "coordinates": [106.81910496, 47.91929798]}, "geometry_name": "geom", "properties": {"guid": 1053414, "id": 1053414, "object_no": null, "object_name": "", "layer_type_id": 255, "valid_to": null, "address_no": null, "border_type": "solid", "border_width": null, "border_color": "#cc0000", "border_opacity": null, "border_wellknown": null, "fill_type": "color", "fill_color": "#ff4242", "fill_opacity": 1, "fill_wellknown": null, "fill_shape_color": null, "fill_shape_width": null, "fill_shape_size": null, "fill_img_url": null, "marker_img_url": null}},{"type": "Feature", "id": "layer_data_map.fid--27e80436_1a098b908f8_-5741", "geometry": {"type": "Point", "coordinates": [106.76548887, 47.92902755]}, "geometry_name": "geom", "properties": {"guid": 1053416, "id": 1053416, "object_no": null, "object_name": "", "layer_type_id": 255, "valid_to": null, "address_no": null, "border_type": "solid", "border_width": null, "border_color": "#cc0000", "border_opacity": null, "border_wellknown": null, "fill_type": "color", "fill_color": "#ff4242", "fill_opacity": 1, "fill_wellknown": null, "fill_shape_color": null, "fill_shape_width": null, "fill_shape_size": null, "fill_img_url": null, "marker_img_url": null}},{"type": "Feature", "id": "layer_data_map.fid--27e80436_1a098b908f8_-5740", "geometry": {"type": "Point", "coordinates": [106.79468121, 47.92865419]}, "geometry_name": "geom", "properties": {"guid": 1053418, "id": 1053418, "object_no": null, "object_name": "", "layer_type_id": 255, "valid_to": null, "address_no": null, "border_type": "solid", "border_width": null, "border_color": "#cc0000", "border_opacity": null, "border_wellknown": null, "fill_type": "color", "fill_color": "#ff4242", "fill_opacity": 1, "fill_wellknown": null, "fill_shape_color": null, "fill_shape_width": null, "fill_shape_size": null, "fill_img_url": null, "marker_img_url": null}},{"type": "Feature", "id": "layer_data_map.fid--27e80436_1a098b908f8_-573f", "geometry": {"type": "Point", "coordinates": [106.82576752, 47.95405791]}, "geometry_name": "geom", "properties": {"guid": 1053419, "id": 1053419, "object_no": null, "object_name": "", "layer_type_id": 255, "valid_to": null, "address_no": null, "border_type": "solid", "border_width": null, "border_color": "#cc0000", "border_opacity": null, "border_wellknown": null, "fill_type": "color", "fill_color": "#ff4242", "fill_opacity": 1, "fill_wellknown": null, "fill_shape_color": null, "fill_shape_width": null, "fill_shape_size": null, "fill_img_url": null, "marker_img_url": null}},{"type": "Feature", "id": "layer_data_map.fid--27e80436_1a098b908f8_-573e", "geometry": {"type": "Point", "coordinates": [106.82782155, 47.98816823]}, "geometry_name": "geom", "properties": {"guid": 1053421, "id": 1053421, "object_no": null, "object_name": "", "layer_type_id": 255, "valid_to": null, "address_no": null, "border_type": "solid", "border_width": null, "border_color": "#cc0000", "border_opacity": null, "border_wellknown": null, "fill_type": "color", "fill_color": "#ff4242", "fill_opacity": 1, "fill_wellknown": null, "fill_shape_color": null, "fill_shape_width": null, "fill_shape_size": null, "fill_img_url": null, "marker_img_url": null}},{"type": "Feature", "id": "layer_data_map.fid--27e80436_1a098b908f8_-573d", "geometry": {"type": "Point", "coordinates": [106.80904367, 47.95935599]}, "geometry_name": "geom", "properties": {"guid": 1053424, "id": 1053424, "object_no": null, "object_name": "", "layer_type_id": 255, "valid_to": null, "address_no": null, "border_type": "solid", "border_width": null, "border_color": "#cc0000", "border_opacity": null, "border_wellknown": null, "fill_type": "color", "fill_color": "#ff4242", "fill_opacity": 1, "fill_wellknown": null, "fill_shape_color": null, "fill_shape_width": null, "fill_shape_size": null, "fill_img_url": null, "marker_img_url": null}},{"type": "Feature", "id": "layer_data_map.fid--27e80436_1a098b908f8_-573c", "geometry": {"type": "Point", "coordinates": [106.84381667, 47.92210281]}, "geometry_name": "geom", "properties": {"guid": 1053425, "id": 1053425, "object_no": null, "object_name": "", "layer_type_id": 255, "valid_to": null, "address_no": null, "border_type": "solid", "border_width": null, "border_color": "#cc0000", "border_opacity": null, "border_wellknown": null, "fill_type": "color", "fill_color": "#ff4242", "fill_opacity": 1, "fill_wellknown": null, "fill_shape_color": null, "fill_shape_width": null, "fill_shape_size": null, "fill_img_url": null, "marker_img_url": null}},{"type": "Feature", "id": "layer_data_map.fid--27e80436_1a098b908f8_-573b", "geometry": {"type": "Point", "coordinates": [106.83173054, 47.93378153]}, "geometry_name": "geom", "properties": {"guid": 1053427, "id": 1053427, "object_no": null, "object_name": "", "layer_type_id": 255, "valid_to": null, "address_no": null, "border_type": "solid", "border_width": null, "border_color": "#cc0000", "border_opacity": null, "border_wellknown": null, "fill_type": "color", "fill_color": "#ff4242", "fill_opacity": 1, "fill_wellknown": null, "fill_shape_color": null, "fill_shape_width": null, "fill_shape_size": null, "fill_img_url": null, "marker_img_url": null}},{"type": "Feature", "id": "layer_data_map.fid--27e80436_1a098b908f8_-573a", "geometry": {"type": "Point", "coordinates": [106.69746503, 47.92053809]}, "geometry_name": "geom", "properties": {"guid": 1053429, "id": 1053429, "object_no": null, "object_name": "", "layer_type_id": 255, "valid_to": null, "address_no": null, "border_type": "solid", "border_width": null, "border_color": "#cc0000", "border_opacity": null, "border_wellknown": null, "fill_type": "color", "fill_color": "#ff4242", "fill_opacity": 1, "fill_wellknown": null, "fill_shape_color": null, "fill_shape_width": null, "fill_shape_size": null, "fill_img_url": null, "marker_img_url": null}},{"type": "Feature", "id": "layer_data_map.fid--27e80436_1a098b908f8_-5739", "geometry": {"type": "Point", "coordinates": [106.91801472, 47.90159127]}, "geometry_name": "geom", "properties": {"guid": 1053431, "id": 1053431, "object_no": null, "object_name": "", "layer_type_id": 255, "valid_to": null, "address_no": null, "border_type": "solid", "border_width": null, "border_color": "#cc0000", "border_opacity": null, "border_wellknown": null, "fill_type": "color", "fill_color": "#ff4242", "fill_opacity": 1, "fill_wellknown": null, "fill_shape_color": null, "fill_shape_width": null, "fill_shape_size": null, "fill_img_url": null, "marker_img_url": null}},{"type": "Feature", "id": "layer_data_map.fid--27e80436_1a098b908f8_-5738", "geometry": {"type": "Point", "coordinates": [106.89924858, 47.89143471]}, "geometry_name": "geom", "properties": {"guid": 1053433, "id": 1053433, "object_no": null, "object_name": "", "layer_type_id": 255, "valid_to": null, "address_no": null, "border_type": "solid", "border_width": null, "border_color": "#cc0000", "border_opacity": null, "border_wellknown": null, "fill_type": "color", "fill_color": "#ff4242", "fill_opacity": 1, "fill_wellknown": null, "fill_shape_color": null, "fill_shape_width": null, "fill_shape_size": null, "fill_img_url": null, "marker_img_url": null}},{"type": "Feature", "id": "layer_data_map.fid--27e80436_1a098b908f8_-5737", "geometry": {"type": "Point", "coordinates": [106.89528447, 47.89563816]}, "geometry_name": "geom", "properties": {"guid": 1053435, "id": 1053435, "object_no": null, "object_name": "", "layer_type_id": 255, "valid_to": null, "address_no": null, "border_type": "solid", "border_width": null, "border_color": "#cc0000", "border_opacity": null, "border_wellknown": null, "fill_type": "color", "fill_color": "#ff4242", "fill_opacity": 1, "fill_wellknown": null, "fill_shape_color": null, "fill_shape_width": null, "fill_shape_size": null, "fill_img_url": null, "marker_img_url": null}},{"type": "Feature", "id": "layer_data_map.fid--27e80436_1a098b908f8_-5736", "geometry": {"type": "Point", "coordinates": [106.88677545, 47.90513027]}, "geometry_name": "geom", "properties": {"guid": 1053436, "id": 1053436, "object_no": null, "object_name": "", "layer_type_id": 255, "valid_to": null, "address_no": null, "border_type": "solid", "border_width": null, "border_color": "#cc0000", "border_opacity": null, "border_wellknown": null, "fill_type": "color", "fill_color": "#ff4242", "fill_opacity": 1, "fill_wellknown": null, "fill_shape_color": null, "fill_shape_width": null, "fill_shape_size": null, "fill_img_url": null, "marker_img_url": null}},{"type": "Feature", "id": "layer_data_map.fid--27e80436_1a098b908f8_-5735", "geometry": {"type": "Point", "coordinates": [106.91329101, 47.89508536]}, "geometry_name": "geom", "properties": {"guid": 1053438, "id": 1053438, "object_no": null, "object_name": "", "layer_type_id": 255, "valid_to": null, "address_no": null, "border_type": "solid", "border_width": null, "border_color": "#cc0000", "border_opacity": null, "border_wellknown": null, "fill_type": "color", "fill_color": "#ff4242", "fill_opacity": 1, "fill_wellknown": null, "fill_shape_color": null, "fill_shape_width": null, "fill_shape_size": null, "fill_img_url": null, "marker_img_url": null}},{"type": "Feature", "id": "layer_data_map.fid--27e80436_1a098b908f8_-5734", "geometry": {"type": "Point", "coordinates": [106.86585684, 47.91237184]}, "geometry_name": "geom", "properties": {"guid": 1053440, "id": 1053440, "object_no": null, "object_name": "", "layer_type_id": 255, "valid_to": null, "address_no": null, "border_type": "solid", "border_width": null, "border_color": "#cc0000", "border_opacity": null, "border_wellknown": null, "fill_type": "color", "fill_color": "#ff4242", "fill_opacity": 1, "fill_wellknown": null, "fill_shape_color": null, "fill_shape_width": null, "fill_shape_size": null, "fill_img_url": null, "marker_img_url": null}},{"type": "Feature", "id": "layer_data_map.fid--27e80436_1a098b908f8_-5733", "geometry": {"type": "Point", "coordinates": [106.78762239, 47.84465488]}, "geometry_name": "geom", "properties": {"guid": 1053442, "id": 1053442, "object_no": null, "object_name": "", "layer_type_id": 255, "valid_to": null, "address_no": null, "border_type": "solid", "border_width": null, "border_color": "#cc0000", "border_opacity": null, "border_wellknown": null, "fill_type": "color", "fill_color": "#ff4242", "fill_opacity": 1, "fill_wellknown": null, "fill_shape_color": null, "fill_shape_width": null, "fill_shape_size": null, "fill_img_url": null, "marker_img_url": null}}]}