{"type":"FeatureCollection","features":[{"type": "Feature", "id": "layer_data_map.fid--27e80436_1a098c1eed1_-2db", "geometry": {"type": "MultiPolygon", "coordinates": [[[[106.80947936, 47.92462489], [106.81182888, 47.92470229], [106.81190729, 47.92418802], [106.81130453, 47.9241483], [106.81136579, 47.92361297], [106.80977246, 47.92350714], [106.80974944, 47.92398966], [106.80954977, 47.92397793], [106.80947936, 47.92462489]]]]}, "geometry_name": "geom", "properties": {"guid": 1052513, "id": 1052513, "object_no": null, "object_name": "", "layer_type_id": 238, "valid_to": null, "address_no": null, "border_type": "solid", "border_width": null, "border_color": null, "border_opacity": null, "border_wellknown": "horizline", "fill_type": "color", "fill_color": "#f9cb9c", "fill_opacity": 0.58, "fill_wellknown": "horizline", "fill_shape_color": "#f9cb9c", "fill_shape_width": null, "fill_shape_size": null, "fill_img_url": null, "marker_img_url": null}},{"type": "Feature", "id": "layer_data_map.fid--27e80436_1a098c1eed1_-2da", "geometry": {"type": "MultiPolygon", "coordinates": [[[[106.82689274, 47.91304111], [106.8296124, 47.91322026], [106.8297547, 47.91209458], [106.82703627, 47.91194879], [106.82689274, 47.91304111]]]]}, "geometry_name": "geom", "properties": {"guid": 1052515, "id": 1052515, "object_no": null, "object_name": "", "layer_type_id": 238, "valid_to": null, "address_no": null, "border_type": "solid", "border_width": null, "border_color": null, "border_opacity": null, "border_wellknown": "horizline", "fill_type": "color", "fill_color": "#f9cb9c", "fill_opacity": 0.58, "fill_wellknown": "horizline", "fill_shape_color": "#f9cb9c", "fill_shape_width": null, "fill_shape_size": null, "fill_img_url": null, "marker_img_url": null}},{"type": "Feature", "id": "layer_data_map.fid--27e80436_1a098c1eed1_-2d9", "geometry": {"type": "MultiPolygon", "coordinates": [[[[106.82674203, 47.9148054], [106.82904357, 47.91477653], [106.829161, 47.91324885], [106.82690672, 47.91314096], [106.82674203, 47.9148054]]]]}, "geometry_name": "geom", "properties": {"guid": 1052516, "id": 1052516, "object_no": null, "object_name": "", "layer_type_id": 238, "valid_to": null, "address_no": null, "border_type": "solid", "border_width": null, "border_color": null, "border_opacity": null, "border_wellknown": "horizline", "fill_type": "color", "fill_color": "#f9cb9c", "fill_opacity": 0.58, "fill_wellknown": "horizline", "fill_shape_color": "#f9cb9c", "fill_shape_width": null, "fill_shape_size": null, "fill_img_url": null, "marker_img_url": null}},{"type": "Feature", "id": "layer_data_map.fid--27e80436_1a098c1eed1_-2d8", "geometry": {"type": "MultiPolygon", "coordinates": [[[[106.82060829, 47.93287015], [106.82110376, 47.93271348], [106.82070251, 47.93214165], [106.82025438, 47.93230245], [106.82060829, 47.93287015]]]]}, "geometry_name": "geom", "properties": {"guid": 1052518, "id": 1052518, "object_no": null, "object_name": "", "layer_type_id": 238, "valid_to": null, "address_no": null, "border_type": "solid", "border_width": null, "border_color": null, "border_opacity": null, "border_wellknown": "horizline", "fill_type": "color", "fill_color": "#f9cb9c", "fill_opacity": 0.58, "fill_wellknown": "horizline", "fill_shape_color": "#f9cb9c", "fill_shape_width": null, "fill_shape_size": null, "fill_img_url": null, "marker_img_url": null}},{"type": "Feature", "id": "layer_data_map.fid--27e80436_1a098c1eed1_-2d7", "geometry": {"type": "MultiPolygon", "coordinates": [[[[106.86741916, 47.9117077], [106.86728496, 47.91253709], [106.86928993, 47.91269058], [106.86942063, 47.91176474], [106.86741916, 47.9117077]]]]}, "geometry_name": "geom", "properties": {"guid": 1052519, "id": 1052519, "object_no": null, "object_name": "", "layer_type_id": 238, "valid_to": null, "address_no": null, "border_type": "solid", "border_width": null, "border_color": null, "border_opacity": null, "border_wellknown": "horizline", "fill_type": "color", "fill_color": "#f9cb9c", "fill_opacity": 0.58, "fill_wellknown": "horizline", "fill_shape_color": "#f9cb9c", "fill_shape_width": null, "fill_shape_size": null, "fill_img_url": null, "marker_img_url": null}},{"type": "Feature", "id": "layer_data_map.fid--27e80436_1a098c1eed1_-2d6", "geometry": {"type": "MultiPolygon", "coordinates": [[[[106.8656639, 47.91236699], [106.86719975, 47.91244886], [106.86729669, 47.91172348], [106.86573718, 47.91183845], [106.8656639, 47.91236699]]]]}, "geometry_name": "geom", "properties": {"guid": 1052521, "id": 1052521, "object_no": null, "object_name": "", "layer_type_id": 238, "valid_to": null, "address_no": null, "border_type": "solid", "border_width": null, "border_color": null, "border_opacity": null, "border_wellknown": "horizline", "fill_type": "color", "fill_color": "#f9cb9c", "fill_opacity": 0.58, "fill_wellknown": "horizline", "fill_shape_color": "#f9cb9c", "fill_shape_width": null, "fill_shape_size": null, "fill_img_url": null, "marker_img_url": null}},{"type": "Feature", "id": "layer_data_map.fid--27e80436_1a098c1eed1_-2d5", "geometry": {"type": "MultiPolygon", "coordinates": [[[[106.86163, 47.91559092], [106.86155565, 47.91625497], [106.86239894, 47.91632164], [106.86248982, 47.91564297], [106.86163, 47.91559092]]]]}, "geometry_name": "geom", "properties": {"guid": 1052523, "id": 1052523, "object_no": null, "object_name": "", "layer_type_id": 238, "valid_to": null, "address_no": null, "border_type": "solid", "border_width": null, "border_color": null, "border_opacity": null, "border_wellknown": "horizline", "fill_type": "color", "fill_color": "#f9cb9c", "fill_opacity": 0.58, "fill_wellknown": "horizline", "fill_shape_color": "#f9cb9c", "fill_shape_width": null, "fill_shape_size": null, "fill_img_url": null, "marker_img_url": null}},{"type": "Feature", "id": "layer_data_map.fid--27e80436_1a098c1eed1_-2d4", "geometry": {"type": "MultiPolygon", "coordinates": [[[[106.92415998, 47.90435731], [106.92671792, 47.90440114], [106.92678678, 47.90343893], [106.92424249, 47.90335317], [106.92415998, 47.90435731]]]]}, "geometry_name": "geom", "properties": {"guid": 1052525, "id": 1052525, "object_no": null, "object_name": "", "layer_type_id": 238, "valid_to": null, "address_no": null, "border_type": "solid", "border_width": null, "border_color": null, "border_opacity": null, "border_wellknown": "horizline", "fill_type": "color", "fill_color": "#f9cb9c", "fill_opacity": 0.58, "fill_wellknown": "horizline", "fill_shape_color": "#f9cb9c", "fill_shape_width": null, "fill_shape_size": null, "fill_img_url": null, "marker_img_url": null}},{"type": "Feature", "id": "layer_data_map.fid--27e80436_1a098c1eed1_-2d3", "geometry": {"type": "MultiPolygon", "coordinates": [[[[106.87518922, 47.9158525], [106.8762523, 47.91587661], [106.87629032, 47.9150997], [106.87632104, 47.91483675], [106.87549589, 47.9147996], [106.875455, 47.91544936], [106.8752098, 47.91544624], [106.87518922, 47.9158525]]]]}, "geometry_name": "geom", "properties": {"guid": 1052526, "id": 1052526, "object_no": null, "object_name": "", "layer_type_id": 238, "valid_to": null, "address_no": null, "border_type": "solid", "border_width": null, "border_color": null, "border_opacity": null, "border_wellknown": "horizline", "fill_type": "color", "fill_color": "#f9cb9c", "fill_opacity": 0.58, "fill_wellknown": "horizline", "fill_shape_color": "#f9cb9c", "fill_shape_width": null, "fill_shape_size": null, "fill_img_url": null, "marker_img_url": null}},{"type": "Feature", "id": "layer_data_map.fid--27e80436_1a098c1eed1_-2d2", "geometry": {"type": "MultiPolygon", "coordinates": [[[[106.87369069, 47.91976484], [106.8740583, 47.91977919], [106.87407142, 47.91961871], [106.87508311, 47.91965307], [106.87506474, 47.91977293], [106.87549295, 47.91978883], [106.87554709, 47.91919268], [106.87475865, 47.91915722], [106.87477232, 47.91901199], [106.87441966, 47.91899231], [106.87439795, 47.91922925], [106.87373497, 47.91920955], [106.87369069, 47.91976484]]]]}, "geometry_name": "geom", "properties": {"guid": 1052528, "id": 1052528, "object_no": null, "object_name": "", "layer_type_id": 238, "valid_to": null, "address_no": null, "border_type": "solid", "border_width": null, "border_color": null, "border_opacity": null, "border_wellknown": "horizline", "fill_type": "color", "fill_color": "#f9cb9c", "fill_opacity": 0.58, "fill_wellknown": "horizline", "fill_shape_color": "#f9cb9c", "fill_shape_width": null, "fill_shape_size": null, "fill_img_url": null, "marker_img_url": null}},{"type": "Feature", "id": "layer_data_map.fid--27e80436_1a098c1eed1_-2d1", "geometry": {"type": "MultiPolygon", "coordinates": [[[[106.88422434, 47.91368528], [106.88611662, 47.91360871], [106.88611458, 47.91280794], [106.88645244, 47.91279328], [106.88643851, 47.91185166], [106.88616136, 47.91186076], [106.88615062, 47.91156518], [106.88570437, 47.91157707], [106.88571391, 47.91109461], [106.8841449, 47.91112492], [106.88422434, 47.91368528]]]]}, "geometry_name": "geom", "properties": {"guid": 1052529, "id": 1052529, "object_no": null, "object_name": "", "layer_type_id": 238, "valid_to": null, "address_no": null, "border_type": "solid", "border_width": null, "border_color": null, "border_opacity": null, "border_wellknown": "horizline", "fill_type": "color", "fill_color": "#f9cb9c", "fill_opacity": 0.58, "fill_wellknown": "horizline", "fill_shape_color": "#f9cb9c", "fill_shape_width": null, "fill_shape_size": null, "fill_img_url": null, "marker_img_url": null}},{"type": "Feature", "id": "layer_data_map.fid--27e80436_1a098c1eed1_-2d0", "geometry": {"type": "MultiPolygon", "coordinates": [[[[106.85653314, 47.9205274], [106.85673337, 47.92054716], [106.85728514, 47.92059379], [106.85776188, 47.92077384], [106.85872922, 47.92080416], [106.85875805, 47.92049523], [106.8582813, 47.92047421], [106.85829706, 47.92035709], [106.85654541, 47.92031262], [106.85653314, 47.9205274]]]]}, "geometry_name": "geom", "properties": {"guid": 1052531, "id": 1052531, "object_no": null, "object_name": "", "layer_type_id": 238, "valid_to": null, "address_no": null, "border_type": "solid", "border_width": null, "border_color": null, "border_opacity": null, "border_wellknown": "horizline", "fill_type": "color", "fill_color": "#f9cb9c", "fill_opacity": 0.58, "fill_wellknown": "horizline", "fill_shape_color": "#f9cb9c", "fill_shape_width": null, "fill_shape_size": null, "fill_img_url": null, "marker_img_url": null}},{"type": "Feature", "id": "layer_data_map.fid--27e80436_1a098c1eed1_-2cf", "geometry": {"type": "MultiPolygon", "coordinates": [[[[106.88730639, 47.91967161], [106.88740002, 47.91966613], [106.88767577, 47.91966948], [106.88776655, 47.91974683], [106.88931786, 47.91999331], [106.88951077, 47.91949344], [106.88733665, 47.91921384], [106.88730639, 47.91967161]]]]}, "geometry_name": "geom", "properties": {"guid": 1052532, "id": 1052532, "object_no": null, "object_name": "", "layer_type_id": 238, "valid_to": null, "address_no": null, "border_type": "solid", "border_width": null, "border_color": null, "border_opacity": null, "border_wellknown": "horizline", "fill_type": "color", "fill_color": "#f9cb9c", "fill_opacity": 0.58, "fill_wellknown": "horizline", "fill_shape_color": "#f9cb9c", "fill_shape_width": null, "fill_shape_size": null, "fill_img_url": null, "marker_img_url": null}},{"type": "Feature", "id": "layer_data_map.fid--27e80436_1a098c1eed1_-2ce", "geometry": {"type": "MultiPolygon", "coordinates": [[[[106.91129341, 47.90568412], [106.91174235, 47.9056059], [106.91137776, 47.9046132], [106.9107629, 47.90472331], [106.9108253, 47.90490538], [106.91102216, 47.90487297], [106.91109801, 47.90508395], [106.91129341, 47.90568412]]]]}, "geometry_name": "geom", "properties": {"guid": 1052535, "id": 1052535, "object_no": null, "object_name": "", "layer_type_id": 238, "valid_to": null, "address_no": null, "border_type": "solid", "border_width": null, "border_color": null, "border_opacity": null, "border_wellknown": "horizline", "fill_type": "color", "fill_color": "#f9cb9c", "fill_opacity": 0.58, "fill_wellknown": "horizline", "fill_shape_color": "#f9cb9c", "fill_shape_width": null, "fill_shape_size": null, "fill_img_url": null, "marker_img_url": null}},{"type": "Feature", "id": "layer_data_map.fid--27e80436_1a098c1eed1_-2cd", "geometry": {"type": "MultiPolygon", "coordinates": [[[[106.90816709, 47.90416559], [106.90724258, 47.90427696], [106.90729565, 47.90472229], [106.90867778, 47.90509252], [106.90956962, 47.90499974], [106.90949697, 47.90477575], [106.90873919, 47.90483599], [106.90829998, 47.90462676], [106.90816709, 47.90416559]]]]}, "geometry_name": "geom", "properties": {"guid": 1052536, "id": 1052536, "object_no": null, "object_name": "", "layer_type_id": 238, "valid_to": null, "address_no": null, "border_type": "solid", "border_width": null, "border_color": null, "border_opacity": null, "border_wellknown": "horizline", "fill_type": "color", "fill_color": "#f9cb9c", "fill_opacity": 0.58, "fill_wellknown": "horizline", "fill_shape_color": "#f9cb9c", "fill_shape_width": null, "fill_shape_size": null, "fill_img_url": null, "marker_img_url": null}},{"type": "Feature", "id": "layer_data_map.fid--27e80436_1a098c1eed1_-2cc", "geometry": {"type": "MultiPolygon", "coordinates": [[[[106.89618, 47.9007386], [106.89616848, 47.90090419], [106.89613904, 47.90148923], [106.89736366, 47.90151851], [106.89738427, 47.90112039], [106.89686499, 47.90109353], [106.89687925, 47.90076249], [106.89618, 47.9007386]]]]}, "geometry_name": "geom", "properties": {"guid": 1052537, "id": 1052537, "object_no": null, "object_name": "", "layer_type_id": 238, "valid_to": null, "address_no": null, "border_type": "solid", "border_width": null, "border_color": null, "border_opacity": null, "border_wellknown": "horizline", "fill_type": "color", "fill_color": "#f9cb9c", "fill_opacity": 0.58, "fill_wellknown": "horizline", "fill_shape_color": "#f9cb9c", "fill_shape_width": null, "fill_shape_size": null, "fill_img_url": null, "marker_img_url": null}},{"type": "Feature", "id": "layer_data_map.fid--27e80436_1a098c1eed1_-2cb", "geometry": {"type": "MultiPolygon", "coordinates": [[[[106.89231873, 47.90341865], [106.89224862, 47.90277046], [106.88747041, 47.90311537], [106.88753983, 47.90371466], [106.8895606, 47.90362537], [106.89231873, 47.90341865]]], [[[106.88558194, 47.90326212], [106.88408469, 47.90327242], [106.88316122, 47.90339014], [106.88324687, 47.90389324], [106.88564281, 47.90376821], [106.88558194, 47.90326212]]]]}, "geometry_name": "geom", "properties": {"guid": 1052539, "id": 1052539, "object_no": null, "object_name": "", "layer_type_id": 238, "valid_to": null, "address_no": null, "border_type": "solid", "border_width": null, "border_color": null, "border_opacity": null, "border_wellknown": "horizline", "fill_type": "color", "fill_color": "#f9cb9c", "fill_opacity": 0.58, "fill_wellknown": "horizline", "fill_shape_color": "#f9cb9c", "fill_shape_width": null, "fill_shape_size": null, "fill_img_url": null, "marker_img_url": null}},{"type": "Feature", "id": "layer_data_map.fid--27e80436_1a098c1eed1_-2ca", "geometry": {"type": "MultiPolygon", "coordinates": [[[[106.91075856, 47.90471837], [106.91142156, 47.90460502], [106.91099083, 47.90371497], [106.91052611, 47.90380928], [106.91075856, 47.90471837]]]]}, "geometry_name": "geom", "properties": {"guid": 1052540, "id": 1052540, "object_no": null, "object_name": "", "layer_type_id": 238, "valid_to": null, "address_no": null, "border_type": "solid", "border_width": null, "border_color": null, "border_opacity": null, "border_wellknown": "horizline", "fill_type": "color", "fill_color": "#f9cb9c", "fill_opacity": 0.58, "fill_wellknown": "horizline", "fill_shape_color": "#f9cb9c", "fill_shape_width": null, "fill_shape_size": null, "fill_img_url": null, "marker_img_url": null}},{"type": "Feature", "id": "layer_data_map.fid--27e80436_1a098c1eed1_-2c9", "geometry": {"type": "MultiPolygon", "coordinates": [[[[106.92084829, 47.90566631], [106.92587023, 47.90588246], [106.92601209, 47.90473096], [106.92543218, 47.90466862], [106.92107432, 47.90453343], [106.92081291, 47.90551475], [106.92084829, 47.90566631]]]]}, "geometry_name": "geom", "properties": {"guid": 1052542, "id": 1052542, "object_no": null, "object_name": "", "layer_type_id": 238, "valid_to": null, "address_no": null, "border_type": "solid", "border_width": null, "border_color": null, "border_opacity": null, "border_wellknown": "horizline", "fill_type": "color", "fill_color": "#f9cb9c", "fill_opacity": 0.58, "fill_wellknown": "horizline", "fill_shape_color": "#f9cb9c", "fill_shape_width": null, "fill_shape_size": null, "fill_img_url": null, "marker_img_url": null}},{"type": "Feature", "id": "layer_data_map.fid--27e80436_1a098c1eed1_-2c8", "geometry": {"type": "MultiPolygon", "coordinates": [[[[106.91923635, 47.9056615], [106.92083274, 47.90569863], [106.92083379, 47.90508578], [106.91979319, 47.9050585], [106.9198247, 47.90462707], [106.91931152, 47.90461331], [106.91923635, 47.9056615]]]]}, "geometry_name": "geom", "properties": {"guid": 1052543, "id": 1052543, "object_no": null, "object_name": "", "layer_type_id": 238, "valid_to": null, "address_no": null, "border_type": "solid", "border_width": null, "border_color": null, "border_opacity": null, "border_wellknown": "horizline", "fill_type": "color", "fill_color": "#f9cb9c", "fill_opacity": 0.58, "fill_wellknown": "horizline", "fill_shape_color": "#f9cb9c", "fill_shape_width": null, "fill_shape_size": null, "fill_img_url": null, "marker_img_url": null}},{"type": "Feature", "id": "layer_data_map.fid--27e80436_1a098c1eed1_-2c7", "geometry": {"type": "MultiPolygon", "coordinates": [[[[106.78413863, 47.84928503], [106.78443577, 47.8483807], [106.78298604, 47.84817119], [106.78269722, 47.84907672], [106.78413863, 47.84928503]]]]}, "geometry_name": "geom", "properties": {"guid": 1052546, "id": 1052546, "object_no": null, "object_name": "", "layer_type_id": 238, "valid_to": null, "address_no": null, "border_type": "solid", "border_width": null, "border_color": null, "border_opacity": null, "border_wellknown": "horizline", "fill_type": "color", "fill_color": "#f9cb9c", "fill_opacity": 0.58, "fill_wellknown": "horizline", "fill_shape_color": "#f9cb9c", "fill_shape_width": null, "fill_shape_size": null, "fill_img_url": null, "marker_img_url": null}},{"type": "Feature", "id": "layer_data_map.fid--27e80436_1a098c1eed1_-2c6", "geometry": {"type": "MultiPolygon", "coordinates": [[[[106.92421714, 47.90334304], [106.92755292, 47.90345061], [106.92796754, 47.90260965], [106.92432194, 47.90245278], [106.92421714, 47.90334304]]]]}, "geometry_name": "geom", "properties": {"guid": 1052547, "id": 1052547, "object_no": null, "object_name": "", "layer_type_id": 238, "valid_to": null, "address_no": null, "border_type": "solid", "border_width": null, "border_color": null, "border_opacity": null, "border_wellknown": "horizline", "fill_type": "color", "fill_color": "#f9cb9c", "fill_opacity": 0.58, "fill_wellknown": "horizline", "fill_shape_color": "#f9cb9c", "fill_shape_width": null, "fill_shape_size": null, "fill_img_url": null, "marker_img_url": null}},{"type": "Feature", "id": "layer_data_map.fid--27e80436_1a098c1eed1_-2c5", "geometry": {"type": "MultiPolygon", "coordinates": [[[[106.91908552, 47.90317859], [106.92037961, 47.90320686], [106.92044248, 47.90256515], [106.91914161, 47.90252035], [106.91908552, 47.90317859]]]]}, "geometry_name": "geom", "properties": {"guid": 1052549, "id": 1052549, "object_no": null, "object_name": "", "layer_type_id": 238, "valid_to": null, "address_no": null, "border_type": "solid", "border_width": null, "border_color": null, "border_opacity": null, "border_wellknown": "horizline", "fill_type": "color", "fill_color": "#f9cb9c", "fill_opacity": 0.58, "fill_wellknown": "horizline", "fill_shape_color": "#f9cb9c", "fill_shape_width": null, "fill_shape_size": null, "fill_img_url": null, "marker_img_url": null}},{"type": "Feature", "id": "layer_data_map.fid--27e80436_1a098c1eed1_-2c4", "geometry": {"type": "MultiPolygon", "coordinates": [[[[106.91725206, 47.89950894], [106.91718567, 47.90023311], [106.91679975, 47.90055839], [106.9170744, 47.90133828], [106.91812294, 47.90212068], [106.91826933, 47.90320973], [106.91895488, 47.90323999], [106.91899676, 47.90251256], [106.91946906, 47.90253109], [106.91956435, 47.9013662], [106.92081785, 47.90139907], [106.92092293, 47.89964115], [106.91725206, 47.89950894]]]]}, "geometry_name": "geom", "properties": {"guid": 1052550, "id": 1052550, "object_no": null, "object_name": "", "layer_type_id": 238, "valid_to": null, "address_no": null, "border_type": "solid", "border_width": null, "border_color": null, "border_opacity": null, "border_wellknown": "horizline", "fill_type": "color", "fill_color": "#f9cb9c", "fill_opacity": 0.58, "fill_wellknown": "horizline", "fill_shape_color": "#f9cb9c", "fill_shape_width": null, "fill_shape_size": null, "fill_img_url": null, "marker_img_url": null}},{"type": "Feature", "id": "layer_data_map.fid--27e80436_1a098c1eed1_-2c3", "geometry": {"type": "MultiPolygon", "coordinates": [[[[106.91697826, 47.89846761], [106.91705588, 47.89932336], [106.91840244, 47.89938353], [106.92116981, 47.89944494], [106.92135809, 47.89755377], [106.91707785, 47.8973741], [106.91697826, 47.89846761]]]]}, "geometry_name": "geom", "properties": {"guid": 1052552, "id": 1052552, "object_no": null, "object_name": "", "layer_type_id": 238, "valid_to": null, "address_no": null, "border_type": "solid", "border_width": null, "border_color": null, "border_opacity": null, "border_wellknown": "horizline", "fill_type": "color", "fill_color": "#f9cb9c", "fill_opacity": 0.58, "fill_wellknown": "horizline", "fill_shape_color": "#f9cb9c", "fill_shape_width": null, "fill_shape_size": null, "fill_img_url": null, "marker_img_url": null}},{"type": "Feature", "id": "layer_data_map.fid--27e80436_1a098c1eed1_-2c2", "geometry": {"type": "MultiPolygon", "coordinates": [[[[106.90862276, 47.89601067], [106.9098652, 47.89604964], [106.90997576, 47.89444661], [106.90875752, 47.89439464], [106.90862276, 47.89601067]]]]}, "geometry_name": "geom", "properties": {"guid": 1052553, "id": 1052553, "object_no": null, "object_name": "", "layer_type_id": 238, "valid_to": null, "address_no": null, "border_type": "solid", "border_width": null, "border_color": null, "border_opacity": null, "border_wellknown": "horizline", "fill_type": "color", "fill_color": "#f9cb9c", "fill_opacity": 0.58, "fill_wellknown": "horizline", "fill_shape_color": "#f9cb9c", "fill_shape_width": null, "fill_shape_size": null, "fill_img_url": null, "marker_img_url": null}},{"type": "Feature", "id": "layer_data_map.fid--27e80436_1a098c1eed1_-2c1", "geometry": {"type": "MultiPolygon", "coordinates": [[[[106.907263, 47.89318528], [106.90857714, 47.89316343], [106.9085845, 47.89260925], [106.90724464, 47.89263152], [106.907263, 47.89318528]]]]}, "geometry_name": "geom", "properties": {"guid": 1052555, "id": 1052555, "object_no": null, "object_name": "", "layer_type_id": 238, "valid_to": null, "address_no": null, "border_type": "solid", "border_width": null, "border_color": null, "border_opacity": null, "border_wellknown": "horizline", "fill_type": "color", "fill_color": "#f9cb9c", "fill_opacity": 0.58, "fill_wellknown": "horizline", "fill_shape_color": "#f9cb9c", "fill_shape_width": null, "fill_shape_size": null, "fill_img_url": null, "marker_img_url": null}},{"type": "Feature", "id": "layer_data_map.fid--27e80436_1a098c1eed1_-2c0", "geometry": {"type": "MultiPolygon", "coordinates": [[[[106.90938467, 47.88876811], [106.90938655, 47.88765036], [106.90759823, 47.8874345], [106.90739365, 47.88855962], [106.90852116, 47.88867534], [106.9085418, 47.88880355], [106.90938467, 47.88876811]]]]}, "geometry_name": "geom", "properties": {"guid": 1052556, "id": 1052556, "object_no": null, "object_name": "", "layer_type_id": 238, "valid_to": null, "address_no": null, "border_type": "solid", "border_width": null, "border_color": null, "border_opacity": null, "border_wellknown": "horizline", "fill_type": "color", "fill_color": "#f9cb9c", "fill_opacity": 0.58, "fill_wellknown": "horizline", "fill_shape_color": "#f9cb9c", "fill_shape_width": null, "fill_shape_size": null, "fill_img_url": null, "marker_img_url": null}},{"type": "Feature", "id": "layer_data_map.fid--27e80436_1a098c1eed1_-2bf", "geometry": {"type": "MultiPolygon", "coordinates": [[[[106.90131138, 47.8921575], [106.90146733, 47.89220281], [106.90142924, 47.89245889], [106.90166691, 47.89246692], [106.9016686, 47.89235115], [106.90170434, 47.89235455], [106.90221495, 47.89268535], [106.90242832, 47.89267782], [106.90244217, 47.89256983], [106.90305971, 47.89257954], [106.90321853, 47.89254099], [106.90376549, 47.89256784], [106.90375769, 47.8918695], [106.90135681, 47.89177758], [106.90131138, 47.8921575]]]]}, "geometry_name": "geom", "properties": {"guid": 1052559, "id": 1052559, "object_no": null, "object_name": "", "layer_type_id": 238, "valid_to": null, "address_no": null, "border_type": "solid", "border_width": null, "border_color": null, "border_opacity": null, "border_wellknown": "horizline", "fill_type": "color", "fill_color": "#f9cb9c", "fill_opacity": 0.58, "fill_wellknown": "horizline", "fill_shape_color": "#f9cb9c", "fill_shape_width": null, "fill_shape_size": null, "fill_img_url": null, "marker_img_url": null}},{"type": "Feature", "id": "layer_data_map.fid--27e80436_1a098c1eed1_-2be", "geometry": {"type": "MultiPolygon", "coordinates": [[[[106.90178977, 47.89033109], [106.90218031, 47.89039705], [106.90226852, 47.89017151], [106.90188421, 47.89009186], [106.90178977, 47.89033109]]]]}, "geometry_name": "geom", "properties": {"guid": 1052560, "id": 1052560, "object_no": null, "object_name": "", "layer_type_id": 238, "valid_to": null, "address_no": null, "border_type": "solid", "border_width": null, "border_color": null, "border_opacity": null, "border_wellknown": "horizline", "fill_type": "color", "fill_color": "#f9cb9c", "fill_opacity": 0.58, "fill_wellknown": "horizline", "fill_shape_color": "#f9cb9c", "fill_shape_width": null, "fill_shape_size": null, "fill_img_url": null, "marker_img_url": null}},{"type": "Feature", "id": "layer_data_map.fid--27e80436_1a098c1eed1_-2bd", "geometry": {"type": "MultiPolygon", "coordinates": [[[[106.89890536, 47.89071404], [106.90014607, 47.89088672], [106.90042293, 47.8899027], [106.89911928, 47.88971959], [106.89904345, 47.88997909], [106.8991609, 47.89000202], [106.89900065, 47.89036431], [106.89890536, 47.89071404]]]]}, "geometry_name": "geom", "properties": {"guid": 1052562, "id": 1052562, "object_no": null, "object_name": "", "layer_type_id": 238, "valid_to": null, "address_no": null, "border_type": "solid", "border_width": null, "border_color": null, "border_opacity": null, "border_wellknown": "horizline", "fill_type": "color", "fill_color": "#f9cb9c", "fill_opacity": 0.58, "fill_wellknown": "horizline", "fill_shape_color": "#f9cb9c", "fill_shape_width": null, "fill_shape_size": null, "fill_img_url": null, "marker_img_url": null}},{"type": "Feature", "id": "layer_data_map.fid--27e80436_1a098c1eed1_-2bc", "geometry": {"type": "MultiPolygon", "coordinates": [[[[106.89851171, 47.89023538], [106.89899176, 47.89033504], [106.89904034, 47.89020511], [106.89896639, 47.89012743], [106.89906034, 47.88987719], [106.89862692, 47.88978871], [106.89854404, 47.88995268], [106.89851171, 47.89023538]]]]}, "geometry_name": "geom", "properties": {"guid": 1052563, "id": 1052563, "object_no": null, "object_name": "", "layer_type_id": 238, "valid_to": null, "address_no": null, "border_type": "solid", "border_width": null, "border_color": null, "border_opacity": null, "border_wellknown": "horizline", "fill_type": "color", "fill_color": "#f9cb9c", "fill_opacity": 0.58, "fill_wellknown": "horizline", "fill_shape_color": "#f9cb9c", "fill_shape_width": null, "fill_shape_size": null, "fill_img_url": null, "marker_img_url": null}},{"type": "Feature", "id": "layer_data_map.fid--27e80436_1a098c1eed1_-2bb", "geometry": {"type": "MultiPolygon", "coordinates": [[[[106.89611586, 47.89014042], [106.89711318, 47.89017567], [106.89711264, 47.89026621], [106.89738225, 47.89027727], [106.89741732, 47.88965851], [106.89614339, 47.88963041], [106.89611586, 47.89014042]]]]}, "geometry_name": "geom", "properties": {"guid": 1052565, "id": 1052565, "object_no": null, "object_name": "", "layer_type_id": 238, "valid_to": null, "address_no": null, "border_type": "solid", "border_width": null, "border_color": null, "border_opacity": null, "border_wellknown": "horizline", "fill_type": "color", "fill_color": "#f9cb9c", "fill_opacity": 0.58, "fill_wellknown": "horizline", "fill_shape_color": "#f9cb9c", "fill_shape_width": null, "fill_shape_size": null, "fill_img_url": null, "marker_img_url": null}},{"type": "Feature", "id": "layer_data_map.fid--27e80436_1a098c1eed1_-2ba", "geometry": {"type": "MultiPolygon", "coordinates": [[[[106.89488714, 47.89123666], [106.89795556, 47.89121397], [106.8979828, 47.89065744], [106.89706311, 47.89055663], [106.89710512, 47.89040392], [106.8949146, 47.89019606], [106.89488714, 47.89123666]]]]}, "geometry_name": "geom", "properties": {"guid": 1052566, "id": 1052566, "object_no": null, "object_name": "", "layer_type_id": 238, "valid_to": null, "address_no": null, "border_type": "solid", "border_width": null, "border_color": null, "border_opacity": null, "border_wellknown": "horizline", "fill_type": "color", "fill_color": "#f9cb9c", "fill_opacity": 0.58, "fill_wellknown": "horizline", "fill_shape_color": "#f9cb9c", "fill_shape_width": null, "fill_shape_size": null, "fill_img_url": null, "marker_img_url": null}},{"type": "Feature", "id": "layer_data_map.fid--27e80436_1a098c1eed1_-2b9", "geometry": {"type": "MultiPolygon", "coordinates": [[[[106.89416761, 47.89171725], [106.89492797, 47.89170079], [106.89489997, 47.89125197], [106.89413984, 47.89127428], [106.89416761, 47.89171725]]]]}, "geometry_name": "geom", "properties": {"guid": 1052568, "id": 1052568, "object_no": null, "object_name": "", "layer_type_id": 238, "valid_to": null, "address_no": null, "border_type": "solid", "border_width": null, "border_color": null, "border_opacity": null, "border_wellknown": "horizline", "fill_type": "color", "fill_color": "#f9cb9c", "fill_opacity": 0.58, "fill_wellknown": "horizline", "fill_shape_color": "#f9cb9c", "fill_shape_width": null, "fill_shape_size": null, "fill_img_url": null, "marker_img_url": null}},{"type": "Feature", "id": "layer_data_map.fid--27e80436_1a098c1eed1_-2b8", "geometry": {"type": "MultiPolygon", "coordinates": [[[[106.90683507, 47.89245771], [106.90855991, 47.89247736], [106.90904881, 47.89122913], [106.90662697, 47.8908629], [106.90671115, 47.89062163], [106.90597391, 47.89053305], [106.90579738, 47.89107484], [106.90679467, 47.89118345], [106.90683507, 47.89245771]]]]}, "geometry_name": "geom", "properties": {"guid": 1052570, "id": 1052570, "object_no": null, "object_name": "", "layer_type_id": 238, "valid_to": null, "address_no": null, "border_type": "solid", "border_width": null, "border_color": null, "border_opacity": null, "border_wellknown": "horizline", "fill_type": "color", "fill_color": "#f9cb9c", "fill_opacity": 0.58, "fill_wellknown": "horizline", "fill_shape_color": "#f9cb9c", "fill_shape_width": null, "fill_shape_size": null, "fill_img_url": null, "marker_img_url": null}},{"type": "Feature", "id": "layer_data_map.fid--27e80436_1a098c1eed1_-2b7", "geometry": {"type": "MultiPolygon", "coordinates": [[[[106.90577384, 47.89240791], [106.90662079, 47.89243313], [106.90664181, 47.89208175], [106.90580239, 47.8920564], [106.90577384, 47.89240791]]]]}, "geometry_name": "geom", "properties": {"guid": 1052572, "id": 1052572, "object_no": null, "object_name": "", "layer_type_id": 238, "valid_to": null, "address_no": null, "border_type": "solid", "border_width": null, "border_color": null, "border_opacity": null, "border_wellknown": "horizline", "fill_type": "color", "fill_color": "#f9cb9c", "fill_opacity": 0.58, "fill_wellknown": "horizline", "fill_shape_color": "#f9cb9c", "fill_shape_width": null, "fill_shape_size": null, "fill_img_url": null, "marker_img_url": null}},{"type": "Feature", "id": "layer_data_map.fid--27e80436_1a098c1eed1_-2b6", "geometry": {"type": "MultiPolygon", "coordinates": [[[[106.90484792, 47.8910557], [106.9056196, 47.89106527], [106.90563975, 47.89054748], [106.90501524, 47.89054731], [106.90500005, 47.8908267], [106.90485116, 47.89082391], [106.90484792, 47.8910557]]]]}, "geometry_name": "geom", "properties": {"guid": 1052573, "id": 1052573, "object_no": null, "object_name": "", "layer_type_id": 238, "valid_to": null, "address_no": null, "border_type": "solid", "border_width": null, "border_color": null, "border_opacity": null, "border_wellknown": "horizline", "fill_type": "color", "fill_color": "#f9cb9c", "fill_opacity": 0.58, "fill_wellknown": "horizline", "fill_shape_color": "#f9cb9c", "fill_shape_width": null, "fill_shape_size": null, "fill_img_url": null, "marker_img_url": null}},{"type": "Feature", "id": "layer_data_map.fid--27e80436_1a098c1eed1_-2b5", "geometry": {"type": "MultiPolygon", "coordinates": [[[[106.90130862, 47.89111624], [106.90185716, 47.89124312], [106.90211512, 47.89079534], [106.90155636, 47.89065245], [106.90130862, 47.89111624]]]]}, "geometry_name": "geom", "properties": {"guid": 1052574, "id": 1052574, "object_no": null, "object_name": "", "layer_type_id": 238, "valid_to": null, "address_no": null, "border_type": "solid", "border_width": null, "border_color": null, "border_opacity": null, "border_wellknown": "horizline", "fill_type": "color", "fill_color": "#f9cb9c", "fill_opacity": 0.58, "fill_wellknown": "horizline", "fill_shape_color": "#f9cb9c", "fill_shape_width": null, "fill_shape_size": null, "fill_img_url": null, "marker_img_url": null}},{"type": "Feature", "id": "layer_data_map.fid--27e80436_1a098c1eed1_-2b4", "geometry": {"type": "MultiPolygon", "coordinates": [[[[106.91794305, 47.89475872], [106.91861519, 47.89478613], [106.91862749, 47.89446674], [106.91797573, 47.89443898], [106.91794305, 47.89475872]]]]}, "geometry_name": "geom", "properties": {"guid": 1052576, "id": 1052576, "object_no": null, "object_name": "", "layer_type_id": 238, "valid_to": null, "address_no": null, "border_type": "solid", "border_width": null, "border_color": null, "border_opacity": null, "border_wellknown": "horizline", "fill_type": "color", "fill_color": "#f9cb9c", "fill_opacity": 0.58, "fill_wellknown": "horizline", "fill_shape_color": "#f9cb9c", "fill_shape_width": null, "fill_shape_size": null, "fill_img_url": null, "marker_img_url": null}},{"type": "Feature", "id": "layer_data_map.fid--27e80436_1a098c1eed1_-2b3", "geometry": {"type": "MultiPolygon", "coordinates": [[[[106.91901604, 47.89408841], [106.92005298, 47.89420709], [106.92009839, 47.89366583], [106.91907656, 47.8936167], [106.91901604, 47.89408841]]]]}, "geometry_name": "geom", "properties": {"guid": 1052578, "id": 1052578, "object_no": null, "object_name": "", "layer_type_id": 238, "valid_to": null, "address_no": null, "border_type": "solid", "border_width": null, "border_color": null, "border_opacity": null, "border_wellknown": "horizline", "fill_type": "color", "fill_color": "#f9cb9c", "fill_opacity": 0.58, "fill_wellknown": "horizline", "fill_shape_color": "#f9cb9c", "fill_shape_width": null, "fill_shape_size": null, "fill_img_url": null, "marker_img_url": null}},{"type": "Feature", "id": "layer_data_map.fid--27e80436_1a098c1eed1_-2b2", "geometry": {"type": "MultiPolygon", "coordinates": [[[[106.92116808, 47.8944129], [106.92348566, 47.89399714], [106.92356726, 47.89289884], [106.92127919, 47.89278181], [106.92116808, 47.8944129]]]]}, "geometry_name": "geom", "properties": {"guid": 1052580, "id": 1052580, "object_no": null, "object_name": "", "layer_type_id": 238, "valid_to": null, "address_no": null, "border_type": "solid", "border_width": null, "border_color": null, "border_opacity": null, "border_wellknown": "horizline", "fill_type": "color", "fill_color": "#f9cb9c", "fill_opacity": 0.58, "fill_wellknown": "horizline", "fill_shape_color": "#f9cb9c", "fill_shape_width": null, "fill_shape_size": null, "fill_img_url": null, "marker_img_url": null}},{"type": "Feature", "id": "layer_data_map.fid--27e80436_1a098c1eed1_-2b1", "geometry": {"type": "MultiPolygon", "coordinates": [[[[106.94102881, 47.91045453], [106.94148636, 47.91043889], [106.94146063, 47.90896639], [106.94100838, 47.90896614], [106.94102881, 47.91045453]]]]}, "geometry_name": "geom", "properties": {"guid": 1052582, "id": 1052582, "object_no": null, "object_name": "", "layer_type_id": 238, "valid_to": null, "address_no": null, "border_type": "solid", "border_width": null, "border_color": null, "border_opacity": null, "border_wellknown": "horizline", "fill_type": "color", "fill_color": "#f9cb9c", "fill_opacity": 0.58, "fill_wellknown": "horizline", "fill_shape_color": "#f9cb9c", "fill_shape_width": null, "fill_shape_size": null, "fill_img_url": null, "marker_img_url": null}},{"type": "Feature", "id": "layer_data_map.fid--27e80436_1a098c1eed1_-2b0", "geometry": {"type": "MultiPolygon", "coordinates": [[[[106.9073941, 47.88833755], [106.90755582, 47.88752245], [106.90567779, 47.8874904], [106.90560831, 47.88806073], [106.9059898, 47.88820764], [106.9073941, 47.88833755]]]]}, "geometry_name": "geom", "properties": {"guid": 1052583, "id": 1052583, "object_no": null, "object_name": "", "layer_type_id": 238, "valid_to": null, "address_no": null, "border_type": "solid", "border_width": null, "border_color": null, "border_opacity": null, "border_wellknown": "horizline", "fill_type": "color", "fill_color": "#f9cb9c", "fill_opacity": 0.58, "fill_wellknown": "horizline", "fill_shape_color": "#f9cb9c", "fill_shape_width": null, "fill_shape_size": null, "fill_img_url": null, "marker_img_url": null}},{"type": "Feature", "id": "layer_data_map.fid--27e80436_1a098c1eed1_-2af", "geometry": {"type": "MultiPolygon", "coordinates": [[[[106.90387089, 47.88762102], [106.90415394, 47.88751249], [106.90416785, 47.88703692], [106.9021483, 47.88684107], [106.90209013, 47.88694633], [106.90337395, 47.88755301], [106.90387089, 47.88762102]]]]}, "geometry_name": "geom", "properties": {"guid": 1052585, "id": 1052585, "object_no": null, "object_name": "", "layer_type_id": 238, "valid_to": null, "address_no": null, "border_type": "solid", "border_width": null, "border_color": null, "border_opacity": null, "border_wellknown": "horizline", "fill_type": "color", "fill_color": "#f9cb9c", "fill_opacity": 0.58, "fill_wellknown": "horizline", "fill_shape_color": "#f9cb9c", "fill_shape_width": null, "fill_shape_size": null, "fill_img_url": null, "marker_img_url": null}},{"type": "Feature", "id": "layer_data_map.fid--27e80436_1a098c1eed1_-2ae", "geometry": {"type": "MultiPolygon", "coordinates": [[[[106.91187234, 47.88165356], [106.91288523, 47.88146703], [106.91303431, 47.88134652], [106.91241797, 47.8795268], [106.90915237, 47.87935361], [106.90980938, 47.87988898], [106.91031357, 47.87997222], [106.91151684, 47.88137918], [106.91187234, 47.88165356]]]]}, "geometry_name": "geom", "properties": {"guid": 1052586, "id": 1052586, "object_no": null, "object_name": "", "layer_type_id": 238, "valid_to": null, "address_no": null, "border_type": "solid", "border_width": null, "border_color": null, "border_opacity": null, "border_wellknown": "horizline", "fill_type": "color", "fill_color": "#f9cb9c", "fill_opacity": 0.58, "fill_wellknown": "horizline", "fill_shape_color": "#f9cb9c", "fill_shape_width": null, "fill_shape_size": null, "fill_img_url": null, "marker_img_url": null}},{"type": "Feature", "id": "layer_data_map.fid--27e80436_1a098c1eed1_-2ad", "geometry": {"type": "MultiPolygon", "coordinates": [[[[106.9123996, 47.87949589], [106.91162196, 47.87734853], [106.9084739, 47.87778796], [106.90897592, 47.87930802], [106.9123996, 47.87949589]]]]}, "geometry_name": "geom", "properties": {"guid": 1052589, "id": 1052589, "object_no": null, "object_name": "", "layer_type_id": 238, "valid_to": null, "address_no": null, "border_type": "solid", "border_width": null, "border_color": null, "border_opacity": null, "border_wellknown": "horizline", "fill_type": "color", "fill_color": "#f9cb9c", "fill_opacity": 0.58, "fill_wellknown": "horizline", "fill_shape_color": "#f9cb9c", "fill_shape_width": null, "fill_shape_size": null, "fill_img_url": null, "marker_img_url": null}},{"type": "Feature", "id": "layer_data_map.fid--27e80436_1a098c1eed1_-2ac", "geometry": {"type": "MultiPolygon", "coordinates": [[[[106.90977596, 47.87751449], [106.91075949, 47.87746893], [106.91088511, 47.87614194], [106.9095046, 47.8761246], [106.90911175, 47.87741629], [106.90917289, 47.87750734], [106.90977596, 47.87751449]]]]}, "geometry_name": "geom", "properties": {"guid": 1052590, "id": 1052590, "object_no": null, "object_name": "", "layer_type_id": 238, "valid_to": null, "address_no": null, "border_type": "solid", "border_width": null, "border_color": null, "border_opacity": null, "border_wellknown": "horizline", "fill_type": "color", "fill_color": "#f9cb9c", "fill_opacity": 0.58, "fill_wellknown": "horizline", "fill_shape_color": "#f9cb9c", "fill_shape_width": null, "fill_shape_size": null, "fill_img_url": null, "marker_img_url": null}},{"type": "Feature", "id": "layer_data_map.fid--27e80436_1a098c1eed1_-2ab", "geometry": {"type": "MultiPolygon", "coordinates": [[[[106.91344026, 47.88134314], [106.91617739, 47.88094833], [106.91581856, 47.87970734], [106.91542444, 47.87951994], [106.91364551, 47.8799819], [106.91357393, 47.87982791], [106.9132876, 47.87988256], [106.91347287, 47.88043923], [106.91314557, 47.88050011], [106.91344026, 47.88134314]]]]}, "geometry_name": "geom", "properties": {"guid": 1052591, "id": 1052591, "object_no": null, "object_name": "", "layer_type_id": 238, "valid_to": null, "address_no": null, "border_type": "solid", "border_width": null, "border_color": null, "border_opacity": null, "border_wellknown": "horizline", "fill_type": "color", "fill_color": "#f9cb9c", "fill_opacity": 0.58, "fill_wellknown": "horizline", "fill_shape_color": "#f9cb9c", "fill_shape_width": null, "fill_shape_size": null, "fill_img_url": null, "marker_img_url": null}},{"type": "Feature", "id": "layer_data_map.fid--27e80436_1a098c1eed1_-2aa", "geometry": {"type": "MultiPolygon", "coordinates": [[[[106.91728338, 47.88078635], [106.91965068, 47.88039796], [106.91889112, 47.87844345], [106.9172262, 47.87874708], [106.91758327, 47.87976326], [106.91694978, 47.8799158], [106.91728338, 47.88078635]]]]}, "geometry_name": "geom", "properties": {"guid": 1052593, "id": 1052593, "object_no": null, "object_name": "", "layer_type_id": 238, "valid_to": null, "address_no": null, "border_type": "solid", "border_width": null, "border_color": null, "border_opacity": null, "border_wellknown": "horizline", "fill_type": "color", "fill_color": "#f9cb9c", "fill_opacity": 0.58, "fill_wellknown": "horizline", "fill_shape_color": "#f9cb9c", "fill_shape_width": null, "fill_shape_size": null, "fill_img_url": null, "marker_img_url": null}},{"type": "Feature", "id": "layer_data_map.fid--27e80436_1a098c1eed1_-2a9", "geometry": {"type": "MultiPolygon", "coordinates": [[[[106.93667065, 47.89270926], [106.9369709, 47.89233125], [106.93531021, 47.8913358], [106.93112545, 47.89072699], [106.9298301, 47.89098619], [106.92841016, 47.89152686], [106.92473181, 47.89294944], [106.92411259, 47.89300424], [106.92400701, 47.89395362], [106.93437242, 47.89543483], [106.93667065, 47.89270926]]]]}, "geometry_name": "geom", "properties": {"guid": 1052594, "id": 1052594, "object_no": null, "object_name": "", "layer_type_id": 238, "valid_to": null, "address_no": null, "border_type": "solid", "border_width": null, "border_color": null, "border_opacity": null, "border_wellknown": "horizline", "fill_type": "color", "fill_color": "#f9cb9c", "fill_opacity": 0.58, "fill_wellknown": "horizline", "fill_shape_color": "#f9cb9c", "fill_shape_width": null, "fill_shape_size": null, "fill_img_url": null, "marker_img_url": null}},{"type": "Feature", "id": "layer_data_map.fid--27e80436_1a098c1eed1_-2a8", "geometry": {"type": "MultiPolygon", "coordinates": [[[[106.92897571, 47.92499859], [106.93002334, 47.9250899], [106.93004553, 47.92504112], [106.9312125, 47.92511427], [106.93132788, 47.9235392], [106.93046156, 47.92348117], [106.93045557, 47.92380396], [106.93042274, 47.92388922], [106.92916523, 47.92380145], [106.92897571, 47.92499859]]]]}, "geometry_name": "geom", "properties": {"guid": 1052596, "id": 1052596, "object_no": null, "object_name": "", "layer_type_id": 238, "valid_to": null, "address_no": null, "border_type": "solid", "border_width": null, "border_color": null, "border_opacity": null, "border_wellknown": "horizline", "fill_type": "color", "fill_color": "#f9cb9c", "fill_opacity": 0.58, "fill_wellknown": "horizline", "fill_shape_color": "#f9cb9c", "fill_shape_width": null, "fill_shape_size": null, "fill_img_url": null, "marker_img_url": null}},{"type": "Feature", "id": "layer_data_map.fid--27e80436_1a098c1eed1_-2a7", "geometry": {"type": "MultiPolygon", "coordinates": [[[[106.92789564, 47.90615022], [106.92894352, 47.90621266], [106.92932604, 47.90619927], [106.92954537, 47.90444154], [106.92828998, 47.90436519], [106.92789564, 47.90615022]]]]}, "geometry_name": "geom", "properties": {"guid": 1052597, "id": 1052597, "object_no": null, "object_name": "", "layer_type_id": 238, "valid_to": null, "address_no": null, "border_type": "solid", "border_width": null, "border_color": null, "border_opacity": null, "border_wellknown": "horizline", "fill_type": "color", "fill_color": "#f9cb9c", "fill_opacity": 0.58, "fill_wellknown": "horizline", "fill_shape_color": "#f9cb9c", "fill_shape_width": null, "fill_shape_size": null, "fill_img_url": null, "marker_img_url": null}},{"type": "Feature", "id": "layer_data_map.fid--27e80436_1a098c1eed1_-2a6", "geometry": {"type": "MultiPolygon", "coordinates": [[[[106.93719016, 47.90728968], [106.93868738, 47.90727437], [106.93898465, 47.90491124], [106.93749156, 47.90483674], [106.93719016, 47.90728968]]]]}, "geometry_name": "geom", "properties": {"guid": 1052599, "id": 1052599, "object_no": null, "object_name": "", "layer_type_id": 238, "valid_to": null, "address_no": null, "border_type": "solid", "border_width": null, "border_color": null, "border_opacity": null, "border_wellknown": "horizline", "fill_type": "color", "fill_color": "#f9cb9c", "fill_opacity": 0.58, "fill_wellknown": "horizline", "fill_shape_color": "#f9cb9c", "fill_shape_width": null, "fill_shape_size": null, "fill_img_url": null, "marker_img_url": null}},{"type": "Feature", "id": "layer_data_map.fid--27e80436_1a098c1eed1_-2a5", "geometry": {"type": "MultiPolygon", "coordinates": [[[[106.93902095, 47.90474688], [106.93868663, 47.90727072], [106.94012567, 47.90727385], [106.94041887, 47.90474384], [106.93902095, 47.90474688]]]]}, "geometry_name": "geom", "properties": {"guid": 1052602, "id": 1052602, "object_no": null, "object_name": "", "layer_type_id": 238, "valid_to": null, "address_no": null, "border_type": "solid", "border_width": null, "border_color": null, "border_opacity": null, "border_wellknown": "horizline", "fill_type": "color", "fill_color": "#f9cb9c", "fill_opacity": 0.58, "fill_wellknown": "horizline", "fill_shape_color": "#f9cb9c", "fill_shape_width": null, "fill_shape_size": null, "fill_img_url": null, "marker_img_url": null}},{"type": "Feature", "id": "layer_data_map.fid--27e80436_1a098c1eed1_-2a4", "geometry": {"type": "MultiPolygon", "coordinates": [[[[106.94012691, 47.90726613], [106.94140251, 47.90724457], [106.94171266, 47.90476067], [106.94043563, 47.90474274], [106.94012691, 47.90726613]]]]}, "geometry_name": "geom", "properties": {"guid": 1052603, "id": 1052603, "object_no": null, "object_name": "", "layer_type_id": 238, "valid_to": null, "address_no": null, "border_type": "solid", "border_width": null, "border_color": null, "border_opacity": null, "border_wellknown": "horizline", "fill_type": "color", "fill_color": "#f9cb9c", "fill_opacity": 0.58, "fill_wellknown": "horizline", "fill_shape_color": "#f9cb9c", "fill_shape_width": null, "fill_shape_size": null, "fill_img_url": null, "marker_img_url": null}},{"type": "Feature", "id": "layer_data_map.fid--27e80436_1a098c1eed1_-2a3", "geometry": {"type": "MultiPolygon", "coordinates": [[[[106.93295781, 47.91072345], [106.9336719, 47.91068244], [106.9336057, 47.90983145], [106.93287418, 47.90986695], [106.93295781, 47.91072345]]]]}, "geometry_name": "geom", "properties": {"guid": 1052605, "id": 1052605, "object_no": null, "object_name": "", "layer_type_id": 238, "valid_to": null, "address_no": null, "border_type": "solid", "border_width": null, "border_color": null, "border_opacity": null, "border_wellknown": "horizline", "fill_type": "color", "fill_color": "#f9cb9c", "fill_opacity": 0.58, "fill_wellknown": "horizline", "fill_shape_color": "#f9cb9c", "fill_shape_width": null, "fill_shape_size": null, "fill_img_url": null, "marker_img_url": null}},{"type": "Feature", "id": "layer_data_map.fid--27e80436_1a098c1eed1_-2a2", "geometry": {"type": "MultiPolygon", "coordinates": [[[[106.94446708, 47.9125576], [106.94665345, 47.91253174], [106.94665226, 47.91220756], [106.94445654, 47.91224621], [106.94446708, 47.9125576]]]]}, "geometry_name": "geom", "properties": {"guid": 1052606, "id": 1052606, "object_no": null, "object_name": "", "layer_type_id": 238, "valid_to": null, "address_no": null, "border_type": "solid", "border_width": null, "border_color": null, "border_opacity": null, "border_wellknown": "horizline", "fill_type": "color", "fill_color": "#f9cb9c", "fill_opacity": 0.58, "fill_wellknown": "horizline", "fill_shape_color": "#f9cb9c", "fill_shape_width": null, "fill_shape_size": null, "fill_img_url": null, "marker_img_url": null}},{"type": "Feature", "id": "layer_data_map.fid--27e80436_1a098c1eed1_-2a1", "geometry": {"type": "MultiPolygon", "coordinates": [[[[106.92981759, 47.9043072], [106.93119007, 47.9043696], [106.9313463, 47.9034433], [106.9299104, 47.90338434], [106.92981759, 47.9043072]]]]}, "geometry_name": "geom", "properties": {"guid": 1052608, "id": 1052608, "object_no": null, "object_name": "", "layer_type_id": 238, "valid_to": null, "address_no": null, "border_type": "solid", "border_width": null, "border_color": null, "border_opacity": null, "border_wellknown": "horizline", "fill_type": "color", "fill_color": "#f9cb9c", "fill_opacity": 0.58, "fill_wellknown": "horizline", "fill_shape_color": "#f9cb9c", "fill_shape_width": null, "fill_shape_size": null, "fill_img_url": null, "marker_img_url": null}},{"type": "Feature", "id": "layer_data_map.fid--27e80436_1a098c1eed1_-2a0", "geometry": {"type": "MultiPolygon", "coordinates": [[[[106.93961828, 47.91465032], [106.94057202, 47.91464591], [106.94056678, 47.91450585], [106.94095507, 47.91449928], [106.94093458, 47.91395175], [106.94044189, 47.91395371], [106.94039033, 47.9130818], [106.93954514, 47.91309064], [106.93961828, 47.91465032]]]]}, "geometry_name": "geom", "properties": {"guid": 1052609, "id": 1052609, "object_no": null, "object_name": "", "layer_type_id": 238, "valid_to": null, "address_no": null, "border_type": "solid", "border_width": null, "border_color": null, "border_opacity": null, "border_wellknown": "horizline", "fill_type": "color", "fill_color": "#f9cb9c", "fill_opacity": 0.58, "fill_wellknown": "horizline", "fill_shape_color": "#f9cb9c", "fill_shape_width": null, "fill_shape_size": null, "fill_img_url": null, "marker_img_url": null}},{"type": "Feature", "id": "layer_data_map.fid--27e80436_1a098c1eed1_-29f", "geometry": {"type": "MultiPolygon", "coordinates": [[[[106.9349047, 47.91556382], [106.93595057, 47.91563166], [106.93598823, 47.91506613], [106.9355674, 47.91504755], [106.93555632, 47.91514452], [106.93493083, 47.91513635], [106.9349047, 47.91556382]]]]}, "geometry_name": "geom", "properties": {"guid": 1052612, "id": 1052612, "object_no": null, "object_name": "", "layer_type_id": 238, "valid_to": null, "address_no": null, "border_type": "solid", "border_width": null, "border_color": null, "border_opacity": null, "border_wellknown": "horizline", "fill_type": "color", "fill_color": "#f9cb9c", "fill_opacity": 0.58, "fill_wellknown": "horizline", "fill_shape_color": "#f9cb9c", "fill_shape_width": null, "fill_shape_size": null, "fill_img_url": null, "marker_img_url": null}},{"type": "Feature", "id": "layer_data_map.fid--27e80436_1a098c1eed1_-29e", "geometry": {"type": "MultiPolygon", "coordinates": [[[[106.93237093, 47.91498065], [106.93257177, 47.91504712], [106.93292223, 47.91507297], [106.93313156, 47.91494456], [106.93318423, 47.91449916], [106.93283134, 47.9144924], [106.93279359, 47.91474704], [106.93239932, 47.91472828], [106.93237093, 47.91498065]]]]}, "geometry_name": "geom", "properties": {"guid": 1052613, "id": 1052613, "object_no": null, "object_name": "", "layer_type_id": 238, "valid_to": null, "address_no": null, "border_type": "solid", "border_width": null, "border_color": null, "border_opacity": null, "border_wellknown": "horizline", "fill_type": "color", "fill_color": "#f9cb9c", "fill_opacity": 0.58, "fill_wellknown": "horizline", "fill_shape_color": "#f9cb9c", "fill_shape_width": null, "fill_shape_size": null, "fill_img_url": null, "marker_img_url": null}},{"type": "Feature", "id": "layer_data_map.fid--27e80436_1a098c1eed1_-29d", "geometry": {"type": "MultiPolygon", "coordinates": [[[[106.93759929, 47.91733857], [106.94038569, 47.91750234], [106.94050113, 47.91662288], [106.93872156, 47.91652189], [106.93831689, 47.91669397], [106.93759886, 47.91664626], [106.93751733, 47.91730007], [106.93759929, 47.91733857]]]]}, "geometry_name": "geom", "properties": {"guid": 1052615, "id": 1052615, "object_no": null, "object_name": "", "layer_type_id": 238, "valid_to": null, "address_no": null, "border_type": "solid", "border_width": null, "border_color": null, "border_opacity": null, "border_wellknown": "horizline", "fill_type": "color", "fill_color": "#f9cb9c", "fill_opacity": 0.58, "fill_wellknown": "horizline", "fill_shape_color": "#f9cb9c", "fill_shape_width": null, "fill_shape_size": null, "fill_img_url": null, "marker_img_url": null}},{"type": "Feature", "id": "layer_data_map.fid--27e80436_1a098c1eed1_-29c", "geometry": {"type": "MultiPolygon", "coordinates": [[[[106.93224247, 47.92678692], [106.93344285, 47.92683435], [106.93353624, 47.92565821], [106.93228125, 47.92561784], [106.93224247, 47.92678692]]]]}, "geometry_name": "geom", "properties": {"guid": 1052616, "id": 1052616, "object_no": null, "object_name": "", "layer_type_id": 238, "valid_to": null, "address_no": null, "border_type": "solid", "border_width": null, "border_color": null, "border_opacity": null, "border_wellknown": "horizline", "fill_type": "color", "fill_color": "#f9cb9c", "fill_opacity": 0.58, "fill_wellknown": "horizline", "fill_shape_color": "#f9cb9c", "fill_shape_width": null, "fill_shape_size": null, "fill_img_url": null, "marker_img_url": null}},{"type": "Feature", "id": "layer_data_map.fid--27e80436_1a098c1eed1_-29b", "geometry": {"type": "MultiPolygon", "coordinates": [[[[106.93312706, 47.9243912], [106.9341302, 47.92441878], [106.93414507, 47.92431051], [106.93458215, 47.92433697], [106.9346422, 47.92369847], [106.93326706, 47.92358184], [106.93312706, 47.9243912]]]]}, "geometry_name": "geom", "properties": {"guid": 1052618, "id": 1052618, "object_no": null, "object_name": "", "layer_type_id": 238, "valid_to": null, "address_no": null, "border_type": "solid", "border_width": null, "border_color": null, "border_opacity": null, "border_wellknown": "horizline", "fill_type": "color", "fill_color": "#f9cb9c", "fill_opacity": 0.58, "fill_wellknown": "horizline", "fill_shape_color": "#f9cb9c", "fill_shape_width": null, "fill_shape_size": null, "fill_img_url": null, "marker_img_url": null}},{"type": "Feature", "id": "layer_data_map.fid--27e80436_1a098c1eed1_-29a", "geometry": {"type": "MultiPolygon", "coordinates": [[[[106.93247922, 47.90904786], [106.93301175, 47.90908018], [106.93315757, 47.90855695], [106.93260875, 47.90853126], [106.93260344, 47.90857898], [106.93235707, 47.90862124], [106.93220945, 47.90871581], [106.93238747, 47.90899384], [106.93247922, 47.90904786]]]]}, "geometry_name": "geom", "properties": {"guid": 1052620, "id": 1052620, "object_no": null, "object_name": "", "layer_type_id": 238, "valid_to": null, "address_no": null, "border_type": "solid", "border_width": null, "border_color": null, "border_opacity": null, "border_wellknown": "horizline", "fill_type": "color", "fill_color": "#f9cb9c", "fill_opacity": 0.58, "fill_wellknown": "horizline", "fill_shape_color": "#f9cb9c", "fill_shape_width": null, "fill_shape_size": null, "fill_img_url": null, "marker_img_url": null}},{"type": "Feature", "id": "layer_data_map.fid--27e80436_1a098c1eed1_-299", "geometry": {"type": "MultiPolygon", "coordinates": [[[[106.93531149, 47.88931494], [106.93698408, 47.88923676], [106.93703044, 47.88893065], [106.93760928, 47.88895974], [106.93809532, 47.88893488], [106.93828462, 47.88892058], [106.93830125, 47.88848174], [106.93638842, 47.88831417], [106.93563019, 47.88834361], [106.93565931, 47.88868176], [106.93563396, 47.88888759], [106.93533414, 47.88903698], [106.93531149, 47.88931494]]]]}, "geometry_name": "geom", "properties": {"guid": 1052621, "id": 1052621, "object_no": null, "object_name": "", "layer_type_id": 238, "valid_to": null, "address_no": null, "border_type": "solid", "border_width": null, "border_color": null, "border_opacity": null, "border_wellknown": "horizline", "fill_type": "color", "fill_color": "#f9cb9c", "fill_opacity": 0.58, "fill_wellknown": "horizline", "fill_shape_color": "#f9cb9c", "fill_shape_width": null, "fill_shape_size": null, "fill_img_url": null, "marker_img_url": null}},{"type": "Feature", "id": "layer_data_map.fid--27e80436_1a098c1eed1_-298", "geometry": {"type": "MultiPolygon", "coordinates": [[[[106.92636137, 47.9059972], [106.92738357, 47.90605902], [106.92769764, 47.90560136], [106.92781813, 47.90496384], [106.92771527, 47.90492608], [106.92641187, 47.90476844], [106.92630174, 47.90582945], [106.92636137, 47.9059972]]]]}, "geometry_name": "geom", "properties": {"guid": 1052624, "id": 1052624, "object_no": null, "object_name": "", "layer_type_id": 238, "valid_to": null, "address_no": null, "border_type": "solid", "border_width": null, "border_color": null, "border_opacity": null, "border_wellknown": "horizline", "fill_type": "color", "fill_color": "#f9cb9c", "fill_opacity": 0.58, "fill_wellknown": "horizline", "fill_shape_color": "#f9cb9c", "fill_shape_width": null, "fill_shape_size": null, "fill_img_url": null, "marker_img_url": null}},{"type": "Feature", "id": "layer_data_map.fid--27e80436_1a098c1eed1_-297", "geometry": {"type": "MultiPolygon", "coordinates": [[[[106.89525832, 47.91502023], [106.89581721, 47.91504335], [106.89587101, 47.91361947], [106.89564024, 47.91362328], [106.89564183, 47.91340334], [106.89520937, 47.91341695], [106.89504031, 47.91352969], [106.89508193, 47.91493259], [106.89525832, 47.91502023]]]]}, "geometry_name": "geom", "properties": {"guid": 1052625, "id": 1052625, "object_no": null, "object_name": "", "layer_type_id": 238, "valid_to": null, "address_no": null, "border_type": "solid", "border_width": null, "border_color": null, "border_opacity": null, "border_wellknown": "horizline", "fill_type": "color", "fill_color": "#f9cb9c", "fill_opacity": 0.58, "fill_wellknown": "horizline", "fill_shape_color": "#f9cb9c", "fill_shape_width": null, "fill_shape_size": null, "fill_img_url": null, "marker_img_url": null}},{"type": "Feature", "id": "layer_data_map.fid--27e80436_1a098c1eed1_-296", "geometry": {"type": "MultiPolygon", "coordinates": [[[[106.94614957, 47.92056822], [106.94728367, 47.92040299], [106.94704635, 47.91986681], [106.94595676, 47.92006048], [106.94614957, 47.92056822]]]]}, "geometry_name": "geom", "properties": {"guid": 1052627, "id": 1052627, "object_no": null, "object_name": "", "layer_type_id": 238, "valid_to": null, "address_no": null, "border_type": "solid", "border_width": null, "border_color": null, "border_opacity": null, "border_wellknown": "horizline", "fill_type": "color", "fill_color": "#f9cb9c", "fill_opacity": 0.58, "fill_wellknown": "horizline", "fill_shape_color": "#f9cb9c", "fill_shape_width": null, "fill_shape_size": null, "fill_img_url": null, "marker_img_url": null}},{"type": "Feature", "id": "layer_data_map.fid--27e80436_1a098c1eed1_-295", "geometry": {"type": "MultiPolygon", "coordinates": [[[[106.90487977, 47.89115996], [106.90400595, 47.89105858], [106.90392684, 47.89172042], [106.90480482, 47.89178806], [106.90487977, 47.89115996]]]]}, "geometry_name": "geom", "properties": {"guid": 1052628, "id": 1052628, "object_no": null, "object_name": "", "layer_type_id": 238, "valid_to": null, "address_no": null, "border_type": "solid", "border_width": null, "border_color": null, "border_opacity": null, "border_wellknown": "horizline", "fill_type": "color", "fill_color": "#f9cb9c", "fill_opacity": 0.58, "fill_wellknown": "horizline", "fill_shape_color": "#f9cb9c", "fill_shape_width": null, "fill_shape_size": null, "fill_img_url": null, "marker_img_url": null}},{"type": "Feature", "id": "layer_data_map.fid--27e80436_1a098c1eed1_-294", "geometry": {"type": "MultiPolygon", "coordinates": [[[[106.97059562, 47.91955521], [106.97286462, 47.91940925], [106.97272205, 47.91820228], [106.9699463, 47.91838682], [106.97005023, 47.91939558], [106.97057245, 47.91937603], [106.97059562, 47.91955521]]]]}, "geometry_name": "geom", "properties": {"guid": 1052629, "id": 1052629, "object_no": null, "object_name": "", "layer_type_id": 238, "valid_to": null, "address_no": null, "border_type": "solid", "border_width": null, "border_color": null, "border_opacity": null, "border_wellknown": "horizline", "fill_type": "color", "fill_color": "#f9cb9c", "fill_opacity": 0.58, "fill_wellknown": "horizline", "fill_shape_color": "#f9cb9c", "fill_shape_width": null, "fill_shape_size": null, "fill_img_url": null, "marker_img_url": null}},{"type": "Feature", "id": "layer_data_map.fid--27e80436_1a098c1eed1_-293", "geometry": {"type": "MultiPolygon", "coordinates": [[[[106.97426927, 47.9133235], [106.97603601, 47.91335476], [106.9761521, 47.91248952], [106.97435013, 47.91243575], [106.97426927, 47.9133235]]]]}, "geometry_name": "geom", "properties": {"guid": 1052631, "id": 1052631, "object_no": null, "object_name": "", "layer_type_id": 238, "valid_to": null, "address_no": null, "border_type": "solid", "border_width": null, "border_color": null, "border_opacity": null, "border_wellknown": "horizline", "fill_type": "color", "fill_color": "#f9cb9c", "fill_opacity": 0.58, "fill_wellknown": "horizline", "fill_shape_color": "#f9cb9c", "fill_shape_width": null, "fill_shape_size": null, "fill_img_url": null, "marker_img_url": null}},{"type": "Feature", "id": "layer_data_map.fid--27e80436_1a098c1eed1_-292", "geometry": {"type": "MultiPolygon", "coordinates": [[[[106.97493488, 47.91473605], [106.97634322, 47.91514629], [106.97670046, 47.91484628], [106.97691904, 47.91486564], [106.97706771, 47.91425418], [106.97595343, 47.9138957], [106.97493488, 47.91473605]]]]}, "geometry_name": "geom", "properties": {"guid": 1052632, "id": 1052632, "object_no": null, "object_name": "", "layer_type_id": 238, "valid_to": null, "address_no": null, "border_type": "solid", "border_width": null, "border_color": null, "border_opacity": null, "border_wellknown": "horizline", "fill_type": "color", "fill_color": "#f9cb9c", "fill_opacity": 0.58, "fill_wellknown": "horizline", "fill_shape_color": "#f9cb9c", "fill_shape_width": null, "fill_shape_size": null, "fill_img_url": null, "marker_img_url": null}},{"type": "Feature", "id": "layer_data_map.fid--27e80436_1a098c1eed1_-291", "geometry": {"type": "MultiPolygon", "coordinates": [[[[106.81489607, 47.94382141], [106.81611288, 47.94332886], [106.81508048, 47.94203927], [106.81472988, 47.94215882], [106.81437046, 47.94231997], [106.8140088, 47.94197675], [106.81391648, 47.94183656], [106.81371238, 47.94188124], [106.81362417, 47.94185845], [106.81275508, 47.94214856], [106.813175, 47.94268779], [106.81368201, 47.94248286], [106.81450508, 47.94337501], [106.81489607, 47.94382141]]]]}, "geometry_name": "geom", "properties": {"guid": 1052635, "id": 1052635, "object_no": null, "object_name": "", "layer_type_id": 238, "valid_to": null, "address_no": null, "border_type": "solid", "border_width": null, "border_color": null, "border_opacity": null, "border_wellknown": "horizline", "fill_type": "color", "fill_color": "#f9cb9c", "fill_opacity": 0.58, "fill_wellknown": "horizline", "fill_shape_color": "#f9cb9c", "fill_shape_width": null, "fill_shape_size": null, "fill_img_url": null, "marker_img_url": null}},{"type": "Feature", "id": "layer_data_map.fid--27e80436_1a098c1eed1_-290", "geometry": {"type": "MultiPolygon", "coordinates": [[[[106.93345203, 47.88982877], [106.93465652, 47.88951149], [106.93527773, 47.88939846], [106.93531091, 47.88931794], [106.93533116, 47.88902905], [106.93534098, 47.88870932], [106.93505443, 47.8886405], [106.93494483, 47.88805178], [106.93467767, 47.88800629], [106.93070225, 47.88818036], [106.92955392, 47.88876859], [106.92831245, 47.88873476], [106.926025, 47.88947309], [106.92595954, 47.89155046], [106.9310185, 47.89008901], [106.93231119, 47.88996296], [106.93345203, 47.88982877]]]]}, "geometry_name": "geom", "properties": {"guid": 1052636, "id": 1052636, "object_no": null, "object_name": "", "layer_type_id": 238, "valid_to": null, "address_no": null, "border_type": "solid", "border_width": null, "border_color": null, "border_opacity": null, "border_wellknown": "horizline", "fill_type": "color", "fill_color": "#f9cb9c", "fill_opacity": 0.58, "fill_wellknown": "horizline", "fill_shape_color": "#f9cb9c", "fill_shape_width": null, "fill_shape_size": null, "fill_img_url": null, "marker_img_url": null}},{"type": "Feature", "id": "layer_data_map.fid--27e80436_1a098c1eed1_-28f", "geometry": {"type": "MultiPolygon", "coordinates": [[[[106.92312765, 47.88150661], [106.92181589, 47.88169693], [106.9218364, 47.88181696], [106.92189536, 47.88213011], [106.92131964, 47.88221764], [106.92166941, 47.88293223], [106.92203693, 47.88360264], [106.9233605, 47.88337453], [106.92356949, 47.88268658], [106.92341134, 47.88176076], [106.92312765, 47.88150661]]]]}, "geometry_name": "geom", "properties": {"guid": 1052638, "id": 1052638, "object_no": null, "object_name": "", "layer_type_id": 238, "valid_to": null, "address_no": null, "border_type": "solid", "border_width": null, "border_color": null, "border_opacity": null, "border_wellknown": "horizline", "fill_type": "color", "fill_color": "#f9cb9c", "fill_opacity": 0.58, "fill_wellknown": "horizline", "fill_shape_color": "#f9cb9c", "fill_shape_width": null, "fill_shape_size": null, "fill_img_url": null, "marker_img_url": null}},{"type": "Feature", "id": "layer_data_map.fid--27e80436_1a098c1eed1_-28e", "geometry": {"type": "MultiPolygon", "coordinates": [[[[106.9185224, 47.87766146], [106.91884448, 47.87842245], [106.91920604, 47.87925695], [106.92061667, 47.87897789], [106.9202521, 47.87773142], [106.92015363, 47.87738697], [106.9185224, 47.87766146]]]]}, "geometry_name": "geom", "properties": {"guid": 1052639, "id": 1052639, "object_no": null, "object_name": "", "layer_type_id": 238, "valid_to": null, "address_no": null, "border_type": "solid", "border_width": null, "border_color": null, "border_opacity": null, "border_wellknown": "horizline", "fill_type": "color", "fill_color": "#f9cb9c", "fill_opacity": 0.58, "fill_wellknown": "horizline", "fill_shape_color": "#f9cb9c", "fill_shape_width": null, "fill_shape_size": null, "fill_img_url": null, "marker_img_url": null}},{"type": "Feature", "id": "layer_data_map.fid--27e80436_1a098c1eed1_-28d", "geometry": {"type": "MultiPolygon", "coordinates": [[[[106.90777117, 47.87512892], [106.90790366, 47.87610153], [106.90810002, 47.87649533], [106.90928363, 47.87653524], [106.90949341, 47.87594348], [106.90956349, 47.87518672], [106.90777117, 47.87512892]]]]}, "geometry_name": "geom", "properties": {"guid": 1052641, "id": 1052641, "object_no": null, "object_name": "", "layer_type_id": 238, "valid_to": null, "address_no": null, "border_type": "solid", "border_width": null, "border_color": null, "border_opacity": null, "border_wellknown": "horizline", "fill_type": "color", "fill_color": "#f9cb9c", "fill_opacity": 0.58, "fill_wellknown": "horizline", "fill_shape_color": "#f9cb9c", "fill_shape_width": null, "fill_shape_size": null, "fill_img_url": null, "marker_img_url": null}},{"type": "Feature", "id": "layer_data_map.fid--27e80436_1a098c1eed1_-28c", "geometry": {"type": "MultiPolygon", "coordinates": [[[[106.90532987, 47.8712717], [106.90500068, 47.87074874], [106.90469131, 47.87013062], [106.90353374, 47.87029025], [106.90386827, 47.87143038], [106.90497992, 47.87130995], [106.90511158, 47.87133095], [106.90532987, 47.8712717]]]]}, "geometry_name": "geom", "properties": {"guid": 1052642, "id": 1052642, "object_no": null, "object_name": "", "layer_type_id": 238, "valid_to": null, "address_no": null, "border_type": "solid", "border_width": null, "border_color": null, "border_opacity": null, "border_wellknown": "horizline", "fill_type": "color", "fill_color": "#f9cb9c", "fill_opacity": 0.58, "fill_wellknown": "horizline", "fill_shape_color": "#f9cb9c", "fill_shape_width": null, "fill_shape_size": null, "fill_img_url": null, "marker_img_url": null}},{"type": "Feature", "id": "layer_data_map.fid--27e80436_1a098c1eed1_-28b", "geometry": {"type": "MultiPolygon", "coordinates": [[[[106.91135958, 47.88207191], [106.91121891, 47.88424153], [106.91289895, 47.8842877], [106.9130521, 47.88212612], [106.91135958, 47.88207191]]]]}, "geometry_name": "geom", "properties": {"guid": 1052644, "id": 1052644, "object_no": null, "object_name": "", "layer_type_id": 238, "valid_to": null, "address_no": null, "border_type": "solid", "border_width": null, "border_color": null, "border_opacity": null, "border_wellknown": "horizline", "fill_type": "color", "fill_color": "#f9cb9c", "fill_opacity": 0.58, "fill_wellknown": "horizline", "fill_shape_color": "#f9cb9c", "fill_shape_width": null, "fill_shape_size": null, "fill_img_url": null, "marker_img_url": null}},{"type": "Feature", "id": "layer_data_map.fid--27e80436_1a098c1eed1_-28a", "geometry": {"type": "MultiPolygon", "coordinates": [[[[106.89765153, 47.88271116], [106.89681828, 47.88304013], [106.89654851, 47.8834525], [106.89633426, 47.88463032], [106.89690493, 47.88465797], [106.89723358, 47.88334229], [106.89741519, 47.88328367], [106.89760509, 47.88320018], [106.89775344, 47.8827342], [106.89765153, 47.88271116]]]]}, "geometry_name": "geom", "properties": {"guid": 1052646, "id": 1052646, "object_no": null, "object_name": "", "layer_type_id": 238, "valid_to": null, "address_no": null, "border_type": "solid", "border_width": null, "border_color": null, "border_opacity": null, "border_wellknown": "horizline", "fill_type": "color", "fill_color": "#f9cb9c", "fill_opacity": 0.58, "fill_wellknown": "horizline", "fill_shape_color": "#f9cb9c", "fill_shape_width": null, "fill_shape_size": null, "fill_img_url": null, "marker_img_url": null}},{"type": "Feature", "id": "layer_data_map.fid--27e80436_1a098c1eed1_-289", "geometry": {"type": "MultiPolygon", "coordinates": [[[[106.89817903, 47.88966095], [106.89794671, 47.89028128], [106.89784684, 47.89056569], [106.89820771, 47.89063389], [106.89856778, 47.88973795], [106.89817903, 47.88966095]]]]}, "geometry_name": "geom", "properties": {"guid": 1052648, "id": 1052648, "object_no": null, "object_name": "", "layer_type_id": 238, "valid_to": null, "address_no": null, "border_type": "solid", "border_width": null, "border_color": null, "border_opacity": null, "border_wellknown": "horizline", "fill_type": "color", "fill_color": "#f9cb9c", "fill_opacity": 0.58, "fill_wellknown": "horizline", "fill_shape_color": "#f9cb9c", "fill_shape_width": null, "fill_shape_size": null, "fill_img_url": null, "marker_img_url": null}},{"type": "Feature", "id": "layer_data_map.fid--27e80436_1a098c1eed1_-288", "geometry": {"type": "MultiPolygon", "coordinates": [[[[106.90013645, 47.8912205], [106.90010337, 47.89174873], [106.90070504, 47.89176479], [106.90075728, 47.89122613], [106.90013645, 47.8912205]]]]}, "geometry_name": "geom", "properties": {"guid": 1052649, "id": 1052649, "object_no": null, "object_name": "", "layer_type_id": 238, "valid_to": null, "address_no": null, "border_type": "solid", "border_width": null, "border_color": null, "border_opacity": null, "border_wellknown": "horizline", "fill_type": "color", "fill_color": "#f9cb9c", "fill_opacity": 0.58, "fill_wellknown": "horizline", "fill_shape_color": "#f9cb9c", "fill_shape_width": null, "fill_shape_size": null, "fill_img_url": null, "marker_img_url": null}},{"type": "Feature", "id": "layer_data_map.fid--27e80436_1a098c1eed1_-287", "geometry": {"type": "MultiPolygon", "coordinates": [[[[106.91112436, 47.88759065], [106.91079994, 47.88771966], [106.9104713, 47.88873449], [106.91086158, 47.88879353], [106.91127033, 47.88864745], [106.91206602, 47.88869069], [106.91248425, 47.88888435], [106.91518902, 47.88876619], [106.91574302, 47.88844613], [106.91563343, 47.88790912], [106.91530667, 47.88738745], [106.91453877, 47.8872119], [106.91285836, 47.88743291], [106.91112436, 47.88759065]]]]}, "geometry_name": "geom", "properties": {"guid": 1052650, "id": 1052650, "object_no": null, "object_name": "", "layer_type_id": 238, "valid_to": null, "address_no": null, "border_type": "solid", "border_width": null, "border_color": null, "border_opacity": null, "border_wellknown": "horizline", "fill_type": "color", "fill_color": "#f9cb9c", "fill_opacity": 0.58, "fill_wellknown": "horizline", "fill_shape_color": "#f9cb9c", "fill_shape_width": null, "fill_shape_size": null, "fill_img_url": null, "marker_img_url": null}},{"type": "Feature", "id": "layer_data_map.fid--27e80436_1a098c1eed1_-286", "geometry": {"type": "MultiPolygon", "coordinates": [[[[106.92976414, 47.90150835], [106.93157527, 47.90183791], [106.93185908, 47.90111446], [106.9303754, 47.90071834], [106.92976414, 47.90150835]]]]}, "geometry_name": "geom", "properties": {"guid": 1052652, "id": 1052652, "object_no": null, "object_name": "", "layer_type_id": 238, "valid_to": null, "address_no": null, "border_type": "solid", "border_width": null, "border_color": null, "border_opacity": null, "border_wellknown": "horizline", "fill_type": "color", "fill_color": "#f9cb9c", "fill_opacity": 0.58, "fill_wellknown": "horizline", "fill_shape_color": "#f9cb9c", "fill_shape_width": null, "fill_shape_size": null, "fill_img_url": null, "marker_img_url": null}},{"type": "Feature", "id": "layer_data_map.fid--27e80436_1a098c1eed1_-285", "geometry": {"type": "MultiPolygon", "coordinates": [[[[106.88731938, 47.90367876], [106.88727966, 47.90313902], [106.88576982, 47.90342502], [106.88577441, 47.90373567], [106.88731938, 47.90367876]]]]}, "geometry_name": "geom", "properties": {"guid": 1052653, "id": 1052653, "object_no": null, "object_name": "", "layer_type_id": 238, "valid_to": null, "address_no": null, "border_type": "solid", "border_width": null, "border_color": null, "border_opacity": null, "border_wellknown": "horizline", "fill_type": "color", "fill_color": "#f9cb9c", "fill_opacity": 0.58, "fill_wellknown": "horizline", "fill_shape_color": "#f9cb9c", "fill_shape_width": null, "fill_shape_size": null, "fill_img_url": null, "marker_img_url": null}},{"type": "Feature", "id": "layer_data_map.fid--27e80436_1a098c1eed1_-284", "geometry": {"type": "MultiPolygon", "coordinates": [[[[106.88490093, 47.90315774], [106.89019578, 47.90248311], [106.89032673, 47.90210667], [106.8847779, 47.90283051], [106.88490093, 47.90315774]]]]}, "geometry_name": "geom", "properties": {"guid": 1052655, "id": 1052655, "object_no": null, "object_name": "", "layer_type_id": 238, "valid_to": null, "address_no": null, "border_type": "solid", "border_width": null, "border_color": null, "border_opacity": null, "border_wellknown": "horizline", "fill_type": "color", "fill_color": "#f9cb9c", "fill_opacity": 0.58, "fill_wellknown": "horizline", "fill_shape_color": "#f9cb9c", "fill_shape_width": null, "fill_shape_size": null, "fill_img_url": null, "marker_img_url": null}},{"type": "Feature", "id": "layer_data_map.fid--27e80436_1a098c1eed1_-283", "geometry": {"type": "MultiPolygon", "coordinates": [[[[106.886259, 47.90232721], [106.88729231, 47.90219765], [106.88730894, 47.90191817], [106.88692695, 47.90191094], [106.8869116, 47.90185716], [106.88630189, 47.90184916], [106.886259, 47.90232721]]]]}, "geometry_name": "geom", "properties": {"guid": 1052656, "id": 1052656, "object_no": null, "object_name": "", "layer_type_id": 238, "valid_to": null, "address_no": null, "border_type": "solid", "border_width": null, "border_color": null, "border_opacity": null, "border_wellknown": "horizline", "fill_type": "color", "fill_color": "#f9cb9c", "fill_opacity": 0.58, "fill_wellknown": "horizline", "fill_shape_color": "#f9cb9c", "fill_shape_width": null, "fill_shape_size": null, "fill_img_url": null, "marker_img_url": null}},{"type": "Feature", "id": "layer_data_map.fid--27e80436_1a098c1eed1_-282", "geometry": {"type": "MultiPolygon", "coordinates": [[[[106.90948312, 47.92119353], [106.91022679, 47.92119467], [106.91032053, 47.92060206], [106.91000319, 47.92058032], [106.90995014, 47.92077709], [106.90963242, 47.92074523], [106.90957771, 47.92103322], [106.90949699, 47.92102443], [106.90948794, 47.9210516], [106.90948312, 47.92119353]]]]}, "geometry_name": "geom", "properties": {"guid": 1052659, "id": 1052659, "object_no": null, "object_name": "", "layer_type_id": 238, "valid_to": null, "address_no": null, "border_type": "solid", "border_width": null, "border_color": null, "border_opacity": null, "border_wellknown": "horizline", "fill_type": "color", "fill_color": "#f9cb9c", "fill_opacity": 0.58, "fill_wellknown": "horizline", "fill_shape_color": "#f9cb9c", "fill_shape_width": null, "fill_shape_size": null, "fill_img_url": null, "marker_img_url": null}},{"type": "Feature", "id": "layer_data_map.fid--27e80436_1a098c1eed1_-281", "geometry": {"type": "MultiPolygon", "coordinates": [[[[106.91450769, 47.92868836], [106.91706202, 47.92890992], [106.91722255, 47.92769438], [106.91471337, 47.92748407], [106.91450769, 47.92868836]]]]}, "geometry_name": "geom", "properties": {"guid": 1052660, "id": 1052660, "object_no": null, "object_name": "", "layer_type_id": 238, "valid_to": null, "address_no": null, "border_type": "solid", "border_width": null, "border_color": null, "border_opacity": null, "border_wellknown": "horizline", "fill_type": "color", "fill_color": "#f9cb9c", "fill_opacity": 0.58, "fill_wellknown": "horizline", "fill_shape_color": "#f9cb9c", "fill_shape_width": null, "fill_shape_size": null, "fill_img_url": null, "marker_img_url": null}},{"type": "Feature", "id": "layer_data_map.fid--27e80436_1a098c1eed1_-280", "geometry": {"type": "MultiPolygon", "coordinates": [[[[106.88935604, 47.9229084], [106.88938414, 47.92243848], [106.88891161, 47.92243274], [106.88887297, 47.92288933], [106.88935604, 47.9229084]]]]}, "geometry_name": "geom", "properties": {"guid": 1052662, "id": 1052662, "object_no": null, "object_name": "", "layer_type_id": 238, "valid_to": null, "address_no": null, "border_type": "solid", "border_width": null, "border_color": null, "border_opacity": null, "border_wellknown": "horizline", "fill_type": "color", "fill_color": "#f9cb9c", "fill_opacity": 0.58, "fill_wellknown": "horizline", "fill_shape_color": "#f9cb9c", "fill_shape_width": null, "fill_shape_size": null, "fill_img_url": null, "marker_img_url": null}},{"type": "Feature", "id": "layer_data_map.fid--27e80436_1a098c1eed1_-27f", "geometry": {"type": "MultiPolygon", "coordinates": [[[[106.90961435, 47.8915717], [106.90963711, 47.89237787], [106.91143017, 47.89240828], [106.91140987, 47.89185702], [106.91105058, 47.89164514], [106.90989726, 47.8915809], [106.90961435, 47.8915717]]]]}, "geometry_name": "geom", "properties": {"guid": 1052663, "id": 1052663, "object_no": null, "object_name": "", "layer_type_id": 238, "valid_to": null, "address_no": null, "border_type": "solid", "border_width": null, "border_color": null, "border_opacity": null, "border_wellknown": "horizline", "fill_type": "color", "fill_color": "#f9cb9c", "fill_opacity": 0.58, "fill_wellknown": "horizline", "fill_shape_color": "#f9cb9c", "fill_shape_width": null, "fill_shape_size": null, "fill_img_url": null, "marker_img_url": null}},{"type": "Feature", "id": "layer_data_map.fid--27e80436_1a098c1eed1_-27e", "geometry": {"type": "MultiPolygon", "coordinates": [[[[106.91915306, 47.89286253], [106.91907001, 47.89361873], [106.91991154, 47.89365159], [106.91991811, 47.89351459], [106.91968978, 47.89348943], [106.91975588, 47.89289114], [106.91915306, 47.89286253]]]]}, "geometry_name": "geom", "properties": {"guid": 1052665, "id": 1052665, "object_no": null, "object_name": "", "layer_type_id": 238, "valid_to": null, "address_no": null, "border_type": "solid", "border_width": null, "border_color": null, "border_opacity": null, "border_wellknown": "horizline", "fill_type": "color", "fill_color": "#f9cb9c", "fill_opacity": 0.58, "fill_wellknown": "horizline", "fill_shape_color": "#f9cb9c", "fill_shape_width": null, "fill_shape_size": null, "fill_img_url": null, "marker_img_url": null}},{"type": "Feature", "id": "layer_data_map.fid--27e80436_1a098c1eed1_-27d", "geometry": {"type": "MultiPolygon", "coordinates": [[[[106.9123861, 47.89397094], [106.91234081, 47.89498676], [106.91302582, 47.89498567], [106.91309339, 47.89400979], [106.9123861, 47.89397094]]]]}, "geometry_name": "geom", "properties": {"guid": 1052666, "id": 1052666, "object_no": null, "object_name": "", "layer_type_id": 238, "valid_to": null, "address_no": null, "border_type": "solid", "border_width": null, "border_color": null, "border_opacity": null, "border_wellknown": "horizline", "fill_type": "color", "fill_color": "#f9cb9c", "fill_opacity": 0.58, "fill_wellknown": "horizline", "fill_shape_color": "#f9cb9c", "fill_shape_width": null, "fill_shape_size": null, "fill_img_url": null, "marker_img_url": null}},{"type": "Feature", "id": "layer_data_map.fid--27e80436_1a098c1eed1_-27c", "geometry": {"type": "MultiPolygon", "coordinates": [[[[106.90913966, 47.89732967], [106.90866019, 47.89741181], [106.90941625, 47.89904013], [106.90983994, 47.89894038], [106.90913966, 47.89732967]]]]}, "geometry_name": "geom", "properties": {"guid": 1052668, "id": 1052668, "object_no": null, "object_name": "", "layer_type_id": 238, "valid_to": null, "address_no": null, "border_type": "solid", "border_width": null, "border_color": null, "border_opacity": null, "border_wellknown": "horizline", "fill_type": "color", "fill_color": "#f9cb9c", "fill_opacity": 0.58, "fill_wellknown": "horizline", "fill_shape_color": "#f9cb9c", "fill_shape_width": null, "fill_shape_size": null, "fill_img_url": null, "marker_img_url": null}},{"type": "Feature", "id": "layer_data_map.fid--27e80436_1a098c1eed1_-27b", "geometry": {"type": "MultiPolygon", "coordinates": [[[[106.88814147, 47.91862659], [106.88812322, 47.91926193], [106.88973836, 47.91930488], [106.88979155, 47.91868288], [106.88814147, 47.91862659]]]]}, "geometry_name": "geom", "properties": {"guid": 1052669, "id": 1052669, "object_no": null, "object_name": "", "layer_type_id": 238, "valid_to": null, "address_no": null, "border_type": "solid", "border_width": null, "border_color": null, "border_opacity": null, "border_wellknown": "horizline", "fill_type": "color", "fill_color": "#f9cb9c", "fill_opacity": 0.58, "fill_wellknown": "horizline", "fill_shape_color": "#f9cb9c", "fill_shape_width": null, "fill_shape_size": null, "fill_img_url": null, "marker_img_url": null}},{"type": "Feature", "id": "layer_data_map.fid--27e80436_1a098c1eed1_-27a", "geometry": {"type": "MultiPolygon", "coordinates": [[[[106.84370306, 47.91096735], [106.8437343, 47.91152309], [106.84544548, 47.91149559], [106.84542488, 47.91091651], [106.84370306, 47.91096735]]]]}, "geometry_name": "geom", "properties": {"guid": 1052672, "id": 1052672, "object_no": null, "object_name": "", "layer_type_id": 238, "valid_to": null, "address_no": null, "border_type": "solid", "border_width": null, "border_color": null, "border_opacity": null, "border_wellknown": "horizline", "fill_type": "color", "fill_color": "#f9cb9c", "fill_opacity": 0.58, "fill_wellknown": "horizline", "fill_shape_color": "#f9cb9c", "fill_shape_width": null, "fill_shape_size": null, "fill_img_url": null, "marker_img_url": null}},{"type": "Feature", "id": "layer_data_map.fid--27e80436_1a098c1eed1_-279", "geometry": {"type": "MultiPolygon", "coordinates": [[[[106.82940696, 47.9092956], [106.82783419, 47.9093361], [106.82780723, 47.91020178], [106.82896795, 47.91020647], [106.8289624, 47.91070099], [106.82943298, 47.91068577], [106.82940696, 47.9092956]]]]}, "geometry_name": "geom", "properties": {"guid": 1052673, "id": 1052673, "object_no": null, "object_name": "", "layer_type_id": 238, "valid_to": null, "address_no": null, "border_type": "solid", "border_width": null, "border_color": null, "border_opacity": null, "border_wellknown": "horizline", "fill_type": "color", "fill_color": "#f9cb9c", "fill_opacity": 0.58, "fill_wellknown": "horizline", "fill_shape_color": "#f9cb9c", "fill_shape_width": null, "fill_shape_size": null, "fill_img_url": null, "marker_img_url": null}},{"type": "Feature", "id": "layer_data_map.fid--27e80436_1a098c1eed1_-278", "geometry": {"type": "MultiPolygon", "coordinates": [[[[106.91838425, 47.90321779], [106.91834002, 47.90365309], [106.91873659, 47.90365805], [106.91877151, 47.90343729], [106.91938379, 47.90345023], [106.91938375, 47.90368199], [106.91970281, 47.90368825], [106.91972873, 47.90322428], [106.91838425, 47.90321779]]]]}, "geometry_name": "geom", "properties": {"guid": 1052675, "id": 1052675, "object_no": null, "object_name": "", "layer_type_id": 238, "valid_to": null, "address_no": null, "border_type": "solid", "border_width": null, "border_color": null, "border_opacity": null, "border_wellknown": "horizline", "fill_type": "color", "fill_color": "#f9cb9c", "fill_opacity": 0.58, "fill_wellknown": "horizline", "fill_shape_color": "#f9cb9c", "fill_shape_width": null, "fill_shape_size": null, "fill_img_url": null, "marker_img_url": null}},{"type": "Feature", "id": "layer_data_map.fid--27e80436_1a098c1eed1_-277", "geometry": {"type": "MultiPolygon", "coordinates": [[[[106.94172779, 47.908892], [106.94172949, 47.90911405], [106.94212579, 47.90911179], [106.94217538, 47.91008367], [106.94183223, 47.91009392], [106.94184086, 47.91032474], [106.9425138, 47.91030003], [106.94247499, 47.90891045], [106.94172779, 47.908892]]]]}, "geometry_name": "geom", "properties": {"guid": 1052676, "id": 1052676, "object_no": null, "object_name": "", "layer_type_id": 238, "valid_to": null, "address_no": null, "border_type": "solid", "border_width": null, "border_color": null, "border_opacity": null, "border_wellknown": "horizline", "fill_type": "color", "fill_color": "#f9cb9c", "fill_opacity": 0.58, "fill_wellknown": "horizline", "fill_shape_color": "#f9cb9c", "fill_shape_width": null, "fill_shape_size": null, "fill_img_url": null, "marker_img_url": null}},{"type": "Feature", "id": "layer_data_map.fid--27e80436_1a098c1eed1_-276", "geometry": {"type": "MultiPolygon", "coordinates": [[[[106.97724606, 47.92311527], [106.97727338, 47.92336945], [106.97772243, 47.92336172], [106.97778022, 47.92372198], [106.97950309, 47.92361529], [106.97947644, 47.92337886], [106.97869324, 47.92340421], [106.97862574, 47.92302043], [106.97724606, 47.92311527]]]]}, "geometry_name": "geom", "properties": {"guid": 1052678, "id": 1052678, "object_no": null, "object_name": "", "layer_type_id": 238, "valid_to": null, "address_no": null, "border_type": "solid", "border_width": null, "border_color": null, "border_opacity": null, "border_wellknown": "horizline", "fill_type": "color", "fill_color": "#f9cb9c", "fill_opacity": 0.58, "fill_wellknown": "horizline", "fill_shape_color": "#f9cb9c", "fill_shape_width": null, "fill_shape_size": null, "fill_img_url": null, "marker_img_url": null}},{"type": "Feature", "id": "layer_data_map.fid--27e80436_1a098c1eed1_-275", "geometry": {"type": "MultiPolygon", "coordinates": [[[[106.97053803, 47.92442689], [106.97052144, 47.92514969], [106.97149071, 47.92515081], [106.97151654, 47.9244397], [106.97053803, 47.92442689]]]]}, "geometry_name": "geom", "properties": {"guid": 1052679, "id": 1052679, "object_no": null, "object_name": "", "layer_type_id": 238, "valid_to": null, "address_no": null, "border_type": "solid", "border_width": null, "border_color": null, "border_opacity": null, "border_wellknown": "horizline", "fill_type": "color", "fill_color": "#f9cb9c", "fill_opacity": 0.58, "fill_wellknown": "horizline", "fill_shape_color": "#f9cb9c", "fill_shape_width": null, "fill_shape_size": null, "fill_img_url": null, "marker_img_url": null}},{"type": "Feature", "id": "layer_data_map.fid--27e80436_1a098c1eed1_-274", "geometry": {"type": "MultiPolygon", "coordinates": [[[[106.95121268, 47.92530512], [106.95044943, 47.9253936], [106.95065346, 47.92616337], [106.9509077, 47.92682445], [106.95265219, 47.92665876], [106.9526175, 47.92634008], [106.95206642, 47.92639214], [106.95197239, 47.92582521], [106.95135326, 47.92588015], [106.95121268, 47.92530512]]]]}, "geometry_name": "geom", "properties": {"guid": 1052681, "id": 1052681, "object_no": null, "object_name": "", "layer_type_id": 238, "valid_to": null, "address_no": null, "border_type": "solid", "border_width": null, "border_color": null, "border_opacity": null, "border_wellknown": "horizline", "fill_type": "color", "fill_color": "#f9cb9c", "fill_opacity": 0.58, "fill_wellknown": "horizline", "fill_shape_color": "#f9cb9c", "fill_shape_width": null, "fill_shape_size": null, "fill_img_url": null, "marker_img_url": null}},{"type": "Feature", "id": "layer_data_map.fid--27e80436_1a098c1eed1_-273", "geometry": {"type": "MultiPolygon", "coordinates": [[[[106.95455977, 47.92076572], [106.95464804, 47.92119935], [106.95561984, 47.92110121], [106.95553652, 47.92067959], [106.95455977, 47.92076572]]]]}, "geometry_name": "geom", "properties": {"guid": 1052683, "id": 1052683, "object_no": null, "object_name": "", "layer_type_id": 238, "valid_to": null, "address_no": null, "border_type": "solid", "border_width": null, "border_color": null, "border_opacity": null, "border_wellknown": "horizline", "fill_type": "color", "fill_color": "#f9cb9c", "fill_opacity": 0.58, "fill_wellknown": "horizline", "fill_shape_color": "#f9cb9c", "fill_shape_width": null, "fill_shape_size": null, "fill_img_url": null, "marker_img_url": null}},{"type": "Feature", "id": "layer_data_map.fid--27e80436_1a098c1eed1_-272", "geometry": {"type": "MultiPolygon", "coordinates": [[[[106.98010741, 47.91529132], [106.98003386, 47.91571966], [106.98035268, 47.91575043], [106.98037432, 47.91553249], [106.98064492, 47.91555602], [106.98062911, 47.91576983], [106.98082154, 47.91578665], [106.98086713, 47.91541117], [106.98022136, 47.91529338], [106.98010741, 47.91529132]]]]}, "geometry_name": "geom", "properties": {"guid": 1052685, "id": 1052685, "object_no": null, "object_name": "", "layer_type_id": 238, "valid_to": null, "address_no": null, "border_type": "solid", "border_width": null, "border_color": null, "border_opacity": null, "border_wellknown": "horizline", "fill_type": "color", "fill_color": "#f9cb9c", "fill_opacity": 0.58, "fill_wellknown": "horizline", "fill_shape_color": "#f9cb9c", "fill_shape_width": null, "fill_shape_size": null, "fill_img_url": null, "marker_img_url": null}},{"type": "Feature", "id": "layer_data_map.fid--27e80436_1a098c1eed1_-271", "geometry": {"type": "MultiPolygon", "coordinates": [[[[107.11441718, 47.87303713], [107.11222843, 47.87506391], [107.11351759, 47.87573629], [107.11563205, 47.87374481], [107.11441718, 47.87303713]]]]}, "geometry_name": "geom", "properties": {"guid": 1052686, "id": 1052686, "object_no": null, "object_name": "", "layer_type_id": 238, "valid_to": null, "address_no": null, "border_type": "solid", "border_width": null, "border_color": null, "border_opacity": null, "border_wellknown": "horizline", "fill_type": "color", "fill_color": "#f9cb9c", "fill_opacity": 0.58, "fill_wellknown": "horizline", "fill_shape_color": "#f9cb9c", "fill_shape_width": null, "fill_shape_size": null, "fill_img_url": null, "marker_img_url": null}},{"type": "Feature", "id": "layer_data_map.fid--27e80436_1a098c1eed1_-270", "geometry": {"type": "MultiPolygon", "coordinates": [[[[106.97581224, 47.91854078], [106.97659422, 47.91895476], [106.9770338, 47.9185245], [106.97570394, 47.9178303], [106.97522457, 47.91823556], [106.97581224, 47.91854078]]]]}, "geometry_name": "geom", "properties": {"guid": 1052688, "id": 1052688, "object_no": null, "object_name": "", "layer_type_id": 238, "valid_to": null, "address_no": null, "border_type": "solid", "border_width": null, "border_color": null, "border_opacity": null, "border_wellknown": "horizline", "fill_type": "color", "fill_color": "#f9cb9c", "fill_opacity": 0.58, "fill_wellknown": "horizline", "fill_shape_color": "#f9cb9c", "fill_shape_width": null, "fill_shape_size": null, "fill_img_url": null, "marker_img_url": null}},{"type": "Feature", "id": "layer_data_map.fid--27e80436_1a098c1eed1_-26f", "geometry": {"type": "MultiPolygon", "coordinates": [[[[107.00402685, 47.92913163], [107.00351819, 47.92937796], [107.00335495, 47.92954227], [107.00401029, 47.92979994], [107.00424774, 47.92960584], [107.00443079, 47.92946651], [107.00402685, 47.92913163]]]]}, "geometry_name": "geom", "properties": {"guid": 1052689, "id": 1052689, "object_no": null, "object_name": "", "layer_type_id": 238, "valid_to": null, "address_no": null, "border_type": "solid", "border_width": null, "border_color": null, "border_opacity": null, "border_wellknown": "horizline", "fill_type": "color", "fill_color": "#f9cb9c", "fill_opacity": 0.58, "fill_wellknown": "horizline", "fill_shape_color": "#f9cb9c", "fill_shape_width": null, "fill_shape_size": null, "fill_img_url": null, "marker_img_url": null}},{"type": "Feature", "id": "layer_data_map.fid--27e80436_1a098c1eed1_-26e", "geometry": {"type": "MultiPolygon", "coordinates": [[[[106.97368127, 47.91661982], [106.97422753, 47.91660686], [106.97521303, 47.91674095], [106.97525828, 47.91672249], [106.97534735, 47.91600788], [106.97495382, 47.916015], [106.97361737, 47.91611411], [106.97368127, 47.91661982]]]]}, "geometry_name": "geom", "properties": {"guid": 1052691, "id": 1052691, "object_no": null, "object_name": "", "layer_type_id": 238, "valid_to": null, "address_no": null, "border_type": "solid", "border_width": null, "border_color": null, "border_opacity": null, "border_wellknown": "horizline", "fill_type": "color", "fill_color": "#f9cb9c", "fill_opacity": 0.58, "fill_wellknown": "horizline", "fill_shape_color": "#f9cb9c", "fill_shape_width": null, "fill_shape_size": null, "fill_img_url": null, "marker_img_url": null}},{"type": "Feature", "id": "layer_data_map.fid--27e80436_1a098c1eed1_-26d", "geometry": {"type": "MultiPolygon", "coordinates": [[[[106.95735702, 47.91087506], [106.95925681, 47.91070476], [106.95925082, 47.90981847], [106.9573775, 47.90984093], [106.95735702, 47.91087506]]]]}, "geometry_name": "geom", "properties": {"guid": 1052692, "id": 1052692, "object_no": null, "object_name": "", "layer_type_id": 238, "valid_to": null, "address_no": null, "border_type": "solid", "border_width": null, "border_color": null, "border_opacity": null, "border_wellknown": "horizline", "fill_type": "color", "fill_color": "#f9cb9c", "fill_opacity": 0.58, "fill_wellknown": "horizline", "fill_shape_color": "#f9cb9c", "fill_shape_width": null, "fill_shape_size": null, "fill_img_url": null, "marker_img_url": null}},{"type": "Feature", "id": "layer_data_map.fid--27e80436_1a098c1eed1_-26c", "geometry": {"type": "MultiPolygon", "coordinates": [[[[106.95947285, 47.91046053], [106.95990097, 47.91045006], [106.95989795, 47.91012085], [106.96025066, 47.9101085], [106.96025997, 47.90973159], [106.95947456, 47.90975766], [106.95947285, 47.91046053]]]]}, "geometry_name": "geom", "properties": {"guid": 1052695, "id": 1052695, "object_no": null, "object_name": "", "layer_type_id": 238, "valid_to": null, "address_no": null, "border_type": "solid", "border_width": null, "border_color": null, "border_opacity": null, "border_wellknown": "horizline", "fill_type": "color", "fill_color": "#f9cb9c", "fill_opacity": 0.58, "fill_wellknown": "horizline", "fill_shape_color": "#f9cb9c", "fill_shape_width": null, "fill_shape_size": null, "fill_img_url": null, "marker_img_url": null}},{"type": "Feature", "id": "layer_data_map.fid--27e80436_1a098c1eed1_-26b", "geometry": {"type": "MultiPolygon", "coordinates": [[[[106.95804811, 47.9096427], [106.95985108, 47.90962776], [106.96048637, 47.90961691], [106.96045698, 47.908465], [106.95811397, 47.90851765], [106.95803933, 47.90928509], [106.95804811, 47.9096427]]]]}, "geometry_name": "geom", "properties": {"guid": 1052696, "id": 1052696, "object_no": null, "object_name": "", "layer_type_id": 238, "valid_to": null, "address_no": null, "border_type": "solid", "border_width": null, "border_color": null, "border_opacity": null, "border_wellknown": "horizline", "fill_type": "color", "fill_color": "#f9cb9c", "fill_opacity": 0.58, "fill_wellknown": "horizline", "fill_shape_color": "#f9cb9c", "fill_shape_width": null, "fill_shape_size": null, "fill_img_url": null, "marker_img_url": null}},{"type": "Feature", "id": "layer_data_map.fid--27e80436_1a098c1eed1_-26a", "geometry": {"type": "MultiPolygon", "coordinates": [[[[106.95458694, 47.91095963], [106.95717424, 47.91076358], [106.95714497, 47.910362], [106.9545808, 47.91042152], [106.95458694, 47.91095963]]]]}, "geometry_name": "geom", "properties": {"guid": 1052698, "id": 1052698, "object_no": null, "object_name": "", "layer_type_id": 238, "valid_to": null, "address_no": null, "border_type": "solid", "border_width": null, "border_color": null, "border_opacity": null, "border_wellknown": "horizline", "fill_type": "color", "fill_color": "#f9cb9c", "fill_opacity": 0.58, "fill_wellknown": "horizline", "fill_shape_color": "#f9cb9c", "fill_shape_width": null, "fill_shape_size": null, "fill_img_url": null, "marker_img_url": null}},{"type": "Feature", "id": "layer_data_map.fid--27e80436_1a098c1eed1_-269", "geometry": {"type": "MultiPolygon", "coordinates": [[[[106.92989517, 47.92635041], [106.93099049, 47.92641747], [106.93103131, 47.92599571], [106.92994071, 47.92592857], [106.92989517, 47.92635041]]]]}, "geometry_name": "geom", "properties": {"guid": 1052699, "id": 1052699, "object_no": null, "object_name": "", "layer_type_id": 238, "valid_to": null, "address_no": null, "border_type": "solid", "border_width": null, "border_color": null, "border_opacity": null, "border_wellknown": "horizline", "fill_type": "color", "fill_color": "#f9cb9c", "fill_opacity": 0.58, "fill_wellknown": "horizline", "fill_shape_color": "#f9cb9c", "fill_shape_width": null, "fill_shape_size": null, "fill_img_url": null, "marker_img_url": null}},{"type": "Feature", "id": "layer_data_map.fid--27e80436_1a098c1eed1_-268", "geometry": {"type": "MultiPolygon", "coordinates": [[[[106.94140903, 47.90724404], [106.94310707, 47.90720969], [106.94339569, 47.90485776], [106.94169709, 47.90487525], [106.94140903, 47.90724404]]]]}, "geometry_name": "geom", "properties": {"guid": 1052701, "id": 1052701, "object_no": null, "object_name": "", "layer_type_id": 238, "valid_to": null, "address_no": null, "border_type": "solid", "border_width": null, "border_color": null, "border_opacity": null, "border_wellknown": "horizline", "fill_type": "color", "fill_color": "#f9cb9c", "fill_opacity": 0.58, "fill_wellknown": "horizline", "fill_shape_color": "#f9cb9c", "fill_shape_width": null, "fill_shape_size": null, "fill_img_url": null, "marker_img_url": null}},{"type": "Feature", "id": "layer_data_map.fid--27e80436_1a098c1eed1_-267", "geometry": {"type": "MultiPolygon", "coordinates": [[[[106.97804009, 47.92395736], [106.97809839, 47.92457657], [106.97946106, 47.92446914], [106.97946656, 47.92388614], [106.97804009, 47.92395736]]]]}, "geometry_name": "geom", "properties": {"guid": 1052702, "id": 1052702, "object_no": null, "object_name": "", "layer_type_id": 238, "valid_to": null, "address_no": null, "border_type": "solid", "border_width": null, "border_color": null, "border_opacity": null, "border_wellknown": "horizline", "fill_type": "color", "fill_color": "#f9cb9c", "fill_opacity": 0.58, "fill_wellknown": "horizline", "fill_shape_color": "#f9cb9c", "fill_shape_width": null, "fill_shape_size": null, "fill_img_url": null, "marker_img_url": null}},{"type": "Feature", "id": "layer_data_map.fid--27e80436_1a098c1eed1_-266", "geometry": {"type": "MultiPolygon", "coordinates": [[[[106.93710864, 47.90936361], [106.93749822, 47.90934881], [106.93748821, 47.90919887], [106.93774647, 47.9091973], [106.93771755, 47.90867484], [106.93744775, 47.90869338], [106.9374899, 47.90898645], [106.93707895, 47.90898639], [106.93710864, 47.90936361]]]]}, "geometry_name": "geom", "properties": {"guid": 1052704, "id": 1052704, "object_no": null, "object_name": "", "layer_type_id": 238, "valid_to": null, "address_no": null, "border_type": "solid", "border_width": null, "border_color": null, "border_opacity": null, "border_wellknown": "horizline", "fill_type": "color", "fill_color": "#f9cb9c", "fill_opacity": 0.58, "fill_wellknown": "horizline", "fill_shape_color": "#f9cb9c", "fill_shape_width": null, "fill_shape_size": null, "fill_img_url": null, "marker_img_url": null}},{"type": "Feature", "id": "layer_data_map.fid--27e80436_1a098c1eed1_-265", "geometry": {"type": "MultiPolygon", "coordinates": [[[[106.93163385, 47.90971817], [106.93291207, 47.90967917], [106.93292828, 47.9092767], [106.93160862, 47.90931989], [106.93163385, 47.90971817]]]]}, "geometry_name": "geom", "properties": {"guid": 1052706, "id": 1052706, "object_no": null, "object_name": "", "layer_type_id": 238, "valid_to": null, "address_no": null, "border_type": "solid", "border_width": null, "border_color": null, "border_opacity": null, "border_wellknown": "horizline", "fill_type": "color", "fill_color": "#f9cb9c", "fill_opacity": 0.58, "fill_wellknown": "horizline", "fill_shape_color": "#f9cb9c", "fill_shape_width": null, "fill_shape_size": null, "fill_img_url": null, "marker_img_url": null}},{"type": "Feature", "id": "layer_data_map.fid--27e80436_1a098c1eed1_-264", "geometry": {"type": "MultiPolygon", "coordinates": [[[[106.9341528, 47.9098209], [106.93480465, 47.90979418], [106.93481589, 47.90911899], [106.93492961, 47.90909958], [106.93490282, 47.90893916], [106.93443027, 47.90896111], [106.9344261, 47.90884926], [106.93402113, 47.90887008], [106.9341528, 47.9098209]]]]}, "geometry_name": "geom", "properties": {"guid": 1052708, "id": 1052708, "object_no": null, "object_name": "", "layer_type_id": 238, "valid_to": null, "address_no": null, "border_type": "solid", "border_width": null, "border_color": null, "border_opacity": null, "border_wellknown": "horizline", "fill_type": "color", "fill_color": "#f9cb9c", "fill_opacity": 0.58, "fill_wellknown": "horizline", "fill_shape_color": "#f9cb9c", "fill_shape_width": null, "fill_shape_size": null, "fill_img_url": null, "marker_img_url": null}},{"type": "Feature", "id": "layer_data_map.fid--27e80436_1a098c1eed1_-263", "geometry": {"type": "MultiPolygon", "coordinates": [[[[106.94025128, 47.90471377], [106.94142645, 47.90470439], [106.94153123, 47.90375132], [106.94035906, 47.90370119], [106.94025128, 47.90471377]]]]}, "geometry_name": "geom", "properties": {"guid": 1052709, "id": 1052709, "object_no": null, "object_name": "", "layer_type_id": 238, "valid_to": null, "address_no": null, "border_type": "solid", "border_width": null, "border_color": null, "border_opacity": null, "border_wellknown": "horizline", "fill_type": "color", "fill_color": "#f9cb9c", "fill_opacity": 0.58, "fill_wellknown": "horizline", "fill_shape_color": "#f9cb9c", "fill_shape_width": null, "fill_shape_size": null, "fill_img_url": null, "marker_img_url": null}},{"type": "Feature", "id": "layer_data_map.fid--27e80436_1a098c1eed1_-262", "geometry": {"type": "MultiPolygon", "coordinates": [[[[106.93387436, 47.90452837], [106.93720882, 47.90467733], [106.93740838, 47.90283976], [106.93404609, 47.90268506], [106.93387436, 47.90452837]]]]}, "geometry_name": "geom", "properties": {"guid": 1052710, "id": 1052710, "object_no": null, "object_name": "", "layer_type_id": 238, "valid_to": null, "address_no": null, "border_type": "solid", "border_width": null, "border_color": null, "border_opacity": null, "border_wellknown": "horizline", "fill_type": "color", "fill_color": "#f9cb9c", "fill_opacity": 0.58, "fill_wellknown": "horizline", "fill_shape_color": "#f9cb9c", "fill_shape_width": null, "fill_shape_size": null, "fill_img_url": null, "marker_img_url": null}},{"type": "Feature", "id": "layer_data_map.fid--27e80436_1a098c1eed1_-261", "geometry": {"type": "MultiPolygon", "coordinates": [[[[106.94096334, 47.90372595], [106.94183857, 47.90376361], [106.94189997, 47.90290221], [106.94108553, 47.90268165], [106.94096334, 47.90372595]]]]}, "geometry_name": "geom", "properties": {"guid": 1052712, "id": 1052712, "object_no": null, "object_name": "", "layer_type_id": 238, "valid_to": null, "address_no": null, "border_type": "solid", "border_width": null, "border_color": null, "border_opacity": null, "border_wellknown": "horizline", "fill_type": "color", "fill_color": "#f9cb9c", "fill_opacity": 0.58, "fill_wellknown": "horizline", "fill_shape_color": "#f9cb9c", "fill_shape_width": null, "fill_shape_size": null, "fill_img_url": null, "marker_img_url": null}},{"type": "Feature", "id": "layer_data_map.fid--27e80436_1a098c1eed1_-260", "geometry": {"type": "MultiPolygon", "coordinates": [[[[106.93361414, 47.90076005], [106.93339249, 47.9010916], [106.93464141, 47.90142985], [106.93485137, 47.90109849], [106.93361414, 47.90076005]]]]}, "geometry_name": "geom", "properties": {"guid": 1052713, "id": 1052713, "object_no": null, "object_name": "", "layer_type_id": 238, "valid_to": null, "address_no": null, "border_type": "solid", "border_width": null, "border_color": null, "border_opacity": null, "border_wellknown": "horizline", "fill_type": "color", "fill_color": "#f9cb9c", "fill_opacity": 0.58, "fill_wellknown": "horizline", "fill_shape_color": "#f9cb9c", "fill_shape_width": null, "fill_shape_size": null, "fill_img_url": null, "marker_img_url": null}},{"type": "Feature", "id": "layer_data_map.fid--27e80436_1a098c1eed1_-25f", "geometry": {"type": "MultiPolygon", "coordinates": [[[[106.94562954, 47.90469813], [106.94658106, 47.90468899], [106.94657366, 47.90352098], [106.94561107, 47.90337292], [106.94562954, 47.90469813]]]]}, "geometry_name": "geom", "properties": {"guid": 1052715, "id": 1052715, "object_no": null, "object_name": "", "layer_type_id": 238, "valid_to": null, "address_no": null, "border_type": "solid", "border_width": null, "border_color": null, "border_opacity": null, "border_wellknown": "horizline", "fill_type": "color", "fill_color": "#f9cb9c", "fill_opacity": 0.58, "fill_wellknown": "horizline", "fill_shape_color": "#f9cb9c", "fill_shape_width": null, "fill_shape_size": null, "fill_img_url": null, "marker_img_url": null}},{"type": "Feature", "id": "layer_data_map.fid--27e80436_1a098c1eed1_-25e", "geometry": {"type": "MultiPolygon", "coordinates": [[[[106.9503373, 47.92625907], [106.95058549, 47.92621814], [106.95034293, 47.92547483], [106.94994637, 47.92551304], [106.95003476, 47.92568463], [106.94971688, 47.92573986], [106.94979352, 47.92601392], [106.95024349, 47.92594334], [106.9503373, 47.92625907]]]]}, "geometry_name": "geom", "properties": {"guid": 1052717, "id": 1052717, "object_no": null, "object_name": "", "layer_type_id": 238, "valid_to": null, "address_no": null, "border_type": "solid", "border_width": null, "border_color": null, "border_opacity": null, "border_wellknown": "horizline", "fill_type": "color", "fill_color": "#f9cb9c", "fill_opacity": 0.58, "fill_wellknown": "horizline", "fill_shape_color": "#f9cb9c", "fill_shape_width": null, "fill_shape_size": null, "fill_img_url": null, "marker_img_url": null}},{"type": "Feature", "id": "layer_data_map.fid--27e80436_1a098c1eed1_-25d", "geometry": {"type": "MultiPolygon", "coordinates": [[[[106.93384036, 47.91729235], [106.93446019, 47.91738419], [106.93463821, 47.91682258], [106.934022, 47.91672282], [106.93384036, 47.91729235]]]]}, "geometry_name": "geom", "properties": {"guid": 1052719, "id": 1052719, "object_no": null, "object_name": "", "layer_type_id": 238, "valid_to": null, "address_no": null, "border_type": "solid", "border_width": null, "border_color": null, "border_opacity": null, "border_wellknown": "horizline", "fill_type": "color", "fill_color": "#f9cb9c", "fill_opacity": 0.58, "fill_wellknown": "horizline", "fill_shape_color": "#f9cb9c", "fill_shape_width": null, "fill_shape_size": null, "fill_img_url": null, "marker_img_url": null}},{"type": "Feature", "id": "layer_data_map.fid--27e80436_1a098c1eed1_-25c", "geometry": {"type": "MultiPolygon", "coordinates": [[[[106.94467176, 47.92764898], [106.94479976, 47.92762845], [106.94493618, 47.92772842], [106.94550126, 47.92750118], [106.94571318, 47.92774148], [106.94636726, 47.92749436], [106.94574279, 47.92676277], [106.94507178, 47.92707835], [106.94520404, 47.92727543], [106.94462569, 47.92746094], [106.94467176, 47.92764898]]]]}, "geometry_name": "geom", "properties": {"guid": 1052720, "id": 1052720, "object_no": null, "object_name": "", "layer_type_id": 238, "valid_to": null, "address_no": null, "border_type": "solid", "border_width": null, "border_color": null, "border_opacity": null, "border_wellknown": "horizline", "fill_type": "color", "fill_color": "#f9cb9c", "fill_opacity": 0.58, "fill_wellknown": "horizline", "fill_shape_color": "#f9cb9c", "fill_shape_width": null, "fill_shape_size": null, "fill_img_url": null, "marker_img_url": null}},{"type": "Feature", "id": "layer_data_map.fid--27e80436_1a098c1eed1_-25b", "geometry": {"type": "MultiPolygon", "coordinates": [[[[106.84742735, 47.8800925], [106.8502942, 47.87769923], [106.84827349, 47.87667214], [106.84533056, 47.87865821], [106.84742735, 47.8800925]]]]}, "geometry_name": "geom", "properties": {"guid": 1052722, "id": 1052722, "object_no": null, "object_name": "", "layer_type_id": 238, "valid_to": null, "address_no": null, "border_type": "solid", "border_width": null, "border_color": null, "border_opacity": null, "border_wellknown": "horizline", "fill_type": "color", "fill_color": "#f9cb9c", "fill_opacity": 0.58, "fill_wellknown": "horizline", "fill_shape_color": "#f9cb9c", "fill_shape_width": null, "fill_shape_size": null, "fill_img_url": null, "marker_img_url": null}},{"type": "Feature", "id": "layer_data_map.fid--27e80436_1a098c1eed1_-25a", "geometry": {"type": "MultiPolygon", "coordinates": [[[[106.9807324, 47.92311264], [106.98207839, 47.92300903], [106.98202628, 47.92237351], [106.98240114, 47.92234822], [106.98228082, 47.92165007], [106.98183662, 47.92156333], [106.98145142, 47.92159096], [106.98154469, 47.92219463], [106.98091477, 47.92224895], [106.9809487, 47.92244372], [106.98062215, 47.92246713], [106.9807324, 47.92311264]]]]}, "geometry_name": "geom", "properties": {"guid": 1052723, "id": 1052723, "object_no": null, "object_name": "", "layer_type_id": 238, "valid_to": null, "address_no": null, "border_type": "solid", "border_width": null, "border_color": null, "border_opacity": null, "border_wellknown": "horizline", "fill_type": "color", "fill_color": "#f9cb9c", "fill_opacity": 0.58, "fill_wellknown": "horizline", "fill_shape_color": "#f9cb9c", "fill_shape_width": null, "fill_shape_size": null, "fill_img_url": null, "marker_img_url": null}},{"type": "Feature", "id": "layer_data_map.fid--27e80436_1a098c1eed1_-259", "geometry": {"type": "MultiPolygon", "coordinates": [[[[106.92846313, 47.93613041], [106.92947709, 47.9362058], [106.92978951, 47.93511138], [106.92937556, 47.93507587], [106.92929308, 47.93535704], [106.92865678, 47.93534026], [106.92848542, 47.93583026], [106.92846313, 47.93613041]]]]}, "geometry_name": "geom", "properties": {"guid": 1052725, "id": 1052725, "object_no": null, "object_name": "", "layer_type_id": 238, "valid_to": null, "address_no": null, "border_type": "solid", "border_width": null, "border_color": null, "border_opacity": null, "border_wellknown": "horizline", "fill_type": "color", "fill_color": "#f9cb9c", "fill_opacity": 0.58, "fill_wellknown": "horizline", "fill_shape_color": "#f9cb9c", "fill_shape_width": null, "fill_shape_size": null, "fill_img_url": null, "marker_img_url": null}},{"type": "Feature", "id": "layer_data_map.fid--27e80436_1a098c1eed1_-258", "geometry": {"type": "MultiPolygon", "coordinates": [[[[106.92981009, 47.93125897], [106.93044403, 47.93131327], [106.93047168, 47.9306583], [106.92984286, 47.93064139], [106.92981009, 47.93125897]]]]}, "geometry_name": "geom", "properties": {"guid": 1052726, "id": 1052726, "object_no": null, "object_name": "", "layer_type_id": 238, "valid_to": null, "address_no": null, "border_type": "solid", "border_width": null, "border_color": null, "border_opacity": null, "border_wellknown": "horizline", "fill_type": "color", "fill_color": "#f9cb9c", "fill_opacity": 0.58, "fill_wellknown": "horizline", "fill_shape_color": "#f9cb9c", "fill_shape_width": null, "fill_shape_size": null, "fill_img_url": null, "marker_img_url": null}},{"type": "Feature", "id": "layer_data_map.fid--27e80436_1a098c1eed1_-257", "geometry": {"type": "MultiPolygon", "coordinates": [[[[106.91117527, 47.91026716], [106.91250701, 47.91028096], [106.91247445, 47.90979145], [106.91123122, 47.90974563], [106.91117527, 47.91026716]]]]}, "geometry_name": "geom", "properties": {"guid": 1052728, "id": 1052728, "object_no": null, "object_name": "", "layer_type_id": 238, "valid_to": null, "address_no": null, "border_type": "solid", "border_width": null, "border_color": null, "border_opacity": null, "border_wellknown": "horizline", "fill_type": "color", "fill_color": "#f9cb9c", "fill_opacity": 0.58, "fill_wellknown": "horizline", "fill_shape_color": "#f9cb9c", "fill_shape_width": null, "fill_shape_size": null, "fill_img_url": null, "marker_img_url": null}},{"type": "Feature", "id": "layer_data_map.fid--27e80436_1a098c1eed1_-256", "geometry": {"type": "MultiPolygon", "coordinates": [[[[106.91367148, 47.91383233], [106.91392438, 47.91383811], [106.91431265, 47.91408894], [106.9143407, 47.91374123], [106.91419614, 47.91375114], [106.91420624, 47.91352114], [106.91366341, 47.91351271], [106.91365749, 47.91375512], [106.91367148, 47.91383233]]]]}, "geometry_name": "geom", "properties": {"guid": 1052730, "id": 1052730, "object_no": null, "object_name": "", "layer_type_id": 238, "valid_to": null, "address_no": null, "border_type": "solid", "border_width": null, "border_color": null, "border_opacity": null, "border_wellknown": "horizline", "fill_type": "color", "fill_color": "#f9cb9c", "fill_opacity": 0.58, "fill_wellknown": "horizline", "fill_shape_color": "#f9cb9c", "fill_shape_width": null, "fill_shape_size": null, "fill_img_url": null, "marker_img_url": null}},{"type": "Feature", "id": "layer_data_map.fid--27e80436_1a098c1eed1_-255", "geometry": {"type": "MultiPolygon", "coordinates": [[[[106.88970403, 47.924389], [106.89039098, 47.92458905], [106.89066996, 47.92417195], [106.89016786, 47.92403363], [106.89001928, 47.92427131], [106.88980897, 47.92420659], [106.88970403, 47.924389]]]]}, "geometry_name": "geom", "properties": {"guid": 1052732, "id": 1052732, "object_no": null, "object_name": "", "layer_type_id": 238, "valid_to": null, "address_no": null, "border_type": "solid", "border_width": null, "border_color": null, "border_opacity": null, "border_wellknown": "horizline", "fill_type": "color", "fill_color": "#f9cb9c", "fill_opacity": 0.58, "fill_wellknown": "horizline", "fill_shape_color": "#f9cb9c", "fill_shape_width": null, "fill_shape_size": null, "fill_img_url": null, "marker_img_url": null}},{"type": "Feature", "id": "layer_data_map.fid--27e80436_1a098c1eed1_-254", "geometry": {"type": "MultiPolygon", "coordinates": [[[[106.88093811, 47.89449558], [106.88111714, 47.89456623], [106.88146221, 47.89415469], [106.88125497, 47.89408451], [106.88093811, 47.89449558]]]]}, "geometry_name": "geom", "properties": {"guid": 1052733, "id": 1052733, "object_no": null, "object_name": "", "layer_type_id": 238, "valid_to": null, "address_no": null, "border_type": "solid", "border_width": null, "border_color": null, "border_opacity": null, "border_wellknown": "horizline", "fill_type": "color", "fill_color": "#f9cb9c", "fill_opacity": 0.58, "fill_wellknown": "horizline", "fill_shape_color": "#f9cb9c", "fill_shape_width": null, "fill_shape_size": null, "fill_img_url": null, "marker_img_url": null}},{"type": "Feature", "id": "layer_data_map.fid--27e80436_1a098c1eed1_-253", "geometry": {"type": "MultiPolygon", "coordinates": [[[[106.90516167, 47.89243351], [106.9055968, 47.89246189], [106.90568437, 47.89186704], [106.90523893, 47.89184595], [106.90516167, 47.89243351]]]]}, "geometry_name": "geom", "properties": {"guid": 1052735, "id": 1052735, "object_no": null, "object_name": "", "layer_type_id": 238, "valid_to": null, "address_no": null, "border_type": "solid", "border_width": null, "border_color": null, "border_opacity": null, "border_wellknown": "horizline", "fill_type": "color", "fill_color": "#f9cb9c", "fill_opacity": 0.58, "fill_wellknown": "horizline", "fill_shape_color": "#f9cb9c", "fill_shape_width": null, "fill_shape_size": null, "fill_img_url": null, "marker_img_url": null}},{"type": "Feature", "id": "layer_data_map.fid--27e80436_1a098c1eed1_-252", "geometry": {"type": "MultiPolygon", "coordinates": [[[[106.90004607, 47.89298405], [106.90046966, 47.89298653], [106.9004857, 47.89284622], [106.90081363, 47.89283842], [106.90081513, 47.89268648], [106.90007641, 47.89265599], [106.90004607, 47.89298405]]]]}, "geometry_name": "geom", "properties": {"guid": 1052736, "id": 1052736, "object_no": null, "object_name": "", "layer_type_id": 238, "valid_to": null, "address_no": null, "border_type": "solid", "border_width": null, "border_color": null, "border_opacity": null, "border_wellknown": "horizline", "fill_type": "color", "fill_color": "#f9cb9c", "fill_opacity": 0.58, "fill_wellknown": "horizline", "fill_shape_color": "#f9cb9c", "fill_shape_width": null, "fill_shape_size": null, "fill_img_url": null, "marker_img_url": null}},{"type": "Feature", "id": "layer_data_map.fid--27e80436_1a098c1eed1_-251", "geometry": {"type": "MultiPolygon", "coordinates": [[[[106.90495219, 47.89299768], [106.90522747, 47.89299785], [106.90525648, 47.89263421], [106.90498128, 47.89263641], [106.90495219, 47.89299768]]]]}, "geometry_name": "geom", "properties": {"guid": 1052737, "id": 1052737, "object_no": null, "object_name": "", "layer_type_id": 238, "valid_to": null, "address_no": null, "border_type": "solid", "border_width": null, "border_color": null, "border_opacity": null, "border_wellknown": "horizline", "fill_type": "color", "fill_color": "#f9cb9c", "fill_opacity": 0.58, "fill_wellknown": "horizline", "fill_shape_color": "#f9cb9c", "fill_shape_width": null, "fill_shape_size": null, "fill_img_url": null, "marker_img_url": null}},{"type": "Feature", "id": "layer_data_map.fid--27e80436_1a098c1eed1_-250", "geometry": {"type": "MultiPolygon", "coordinates": [[[[106.90719619, 47.89609025], [106.90815489, 47.8961028], [106.9083656, 47.89513799], [106.90725825, 47.89511367], [106.90719619, 47.89609025]]]]}, "geometry_name": "geom", "properties": {"guid": 1052739, "id": 1052739, "object_no": null, "object_name": "", "layer_type_id": 238, "valid_to": null, "address_no": null, "border_type": "solid", "border_width": null, "border_color": null, "border_opacity": null, "border_wellknown": "horizline", "fill_type": "color", "fill_color": "#f9cb9c", "fill_opacity": 0.58, "fill_wellknown": "horizline", "fill_shape_color": "#f9cb9c", "fill_shape_width": null, "fill_shape_size": null, "fill_img_url": null, "marker_img_url": null}},{"type": "Feature", "id": "layer_data_map.fid--27e80436_1a098c1eed1_-24f", "geometry": {"type": "MultiPolygon", "coordinates": [[[[106.89489255, 47.89587693], [106.89471266, 47.8958799], [106.89472258, 47.89607912], [106.89474308, 47.89619331], [106.89491166, 47.89618281], [106.89558032, 47.89615397], [106.89555982, 47.89600799], [106.89489853, 47.89604061], [106.89489255, 47.89587693]]]]}, "geometry_name": "geom", "properties": {"guid": 1052741, "id": 1052741, "object_no": null, "object_name": "", "layer_type_id": 238, "valid_to": null, "address_no": null, "border_type": "solid", "border_width": null, "border_color": null, "border_opacity": null, "border_wellknown": "horizline", "fill_type": "color", "fill_color": "#f9cb9c", "fill_opacity": 0.58, "fill_wellknown": "horizline", "fill_shape_color": "#f9cb9c", "fill_shape_width": null, "fill_shape_size": null, "fill_img_url": null, "marker_img_url": null}},{"type": "Feature", "id": "layer_data_map.fid--27e80436_1a098c1eed1_-24e", "geometry": {"type": "MultiPolygon", "coordinates": [[[[106.89355475, 47.89647341], [106.89464249, 47.89648023], [106.89465889, 47.89607483], [106.89426226, 47.89608672], [106.89409321, 47.89609663], [106.89407749, 47.89588327], [106.8935591, 47.89589538], [106.89355475, 47.89647341]]]]}, "geometry_name": "geom", "properties": {"guid": 1052743, "id": 1052743, "object_no": null, "object_name": "", "layer_type_id": 238, "valid_to": null, "address_no": null, "border_type": "solid", "border_width": null, "border_color": null, "border_opacity": null, "border_wellknown": "horizline", "fill_type": "color", "fill_color": "#f9cb9c", "fill_opacity": 0.58, "fill_wellknown": "horizline", "fill_shape_color": "#f9cb9c", "fill_shape_width": null, "fill_shape_size": null, "fill_img_url": null, "marker_img_url": null}},{"type": "Feature", "id": "layer_data_map.fid--27e80436_1a098c1eed1_-24d", "geometry": {"type": "MultiPolygon", "coordinates": [[[[106.83010128, 47.8964013], [106.83520244, 47.89653324], [106.83669282, 47.89157499], [106.8313436, 47.89058022], [106.82679488, 47.88922572], [106.82460633, 47.89183442], [106.83010128, 47.8964013]]]]}, "geometry_name": "geom", "properties": {"guid": 1052744, "id": 1052744, "object_no": null, "object_name": "", "layer_type_id": 238, "valid_to": null, "address_no": null, "border_type": "solid", "border_width": null, "border_color": null, "border_opacity": null, "border_wellknown": "horizline", "fill_type": "color", "fill_color": "#f9cb9c", "fill_opacity": 0.58, "fill_wellknown": "horizline", "fill_shape_color": "#f9cb9c", "fill_shape_width": null, "fill_shape_size": null, "fill_img_url": null, "marker_img_url": null}},{"type": "Feature", "id": "layer_data_map.fid--27e80436_1a098c1eed1_-24c", "geometry": {"type": "MultiPolygon", "coordinates": [[[[106.9110076, 47.88737622], [106.91142404, 47.88735926], [106.91153472, 47.8859147], [106.91108815, 47.88592214], [106.9110076, 47.88737622]]]]}, "geometry_name": "geom", "properties": {"guid": 1052746, "id": 1052746, "object_no": null, "object_name": "", "layer_type_id": 238, "valid_to": null, "address_no": null, "border_type": "solid", "border_width": null, "border_color": null, "border_opacity": null, "border_wellknown": "horizline", "fill_type": "color", "fill_color": "#f9cb9c", "fill_opacity": 0.58, "fill_wellknown": "horizline", "fill_shape_color": "#f9cb9c", "fill_shape_width": null, "fill_shape_size": null, "fill_img_url": null, "marker_img_url": null}},{"type": "Feature", "id": "layer_data_map.fid--27e80436_1a098c1eed1_-24b", "geometry": {"type": "MultiPolygon", "coordinates": [[[[106.86461258, 47.91179683], [106.86455345, 47.91224718], [106.86452715, 47.91230141], [106.86545692, 47.91236859], [106.86547476, 47.91221006], [106.86568244, 47.91222567], [106.8657528, 47.91182577], [106.86462142, 47.91178086], [106.86461258, 47.91179683]]]]}, "geometry_name": "geom", "properties": {"guid": 1052747, "id": 1052747, "object_no": null, "object_name": "", "layer_type_id": 238, "valid_to": null, "address_no": null, "border_type": "solid", "border_width": null, "border_color": null, "border_opacity": null, "border_wellknown": "horizline", "fill_type": "color", "fill_color": "#f9cb9c", "fill_opacity": 0.58, "fill_wellknown": "horizline", "fill_shape_color": "#f9cb9c", "fill_shape_width": null, "fill_shape_size": null, "fill_img_url": null, "marker_img_url": null}},{"type": "Feature", "id": "layer_data_map.fid--27e80436_1a098c1eed1_-24a", "geometry": {"type": "MultiPolygon", "coordinates": [[[[106.87702167, 47.91037184], [106.87732069, 47.91036695], [106.87735392, 47.90982167], [106.87666771, 47.90980975], [106.87666898, 47.90999131], [106.87689959, 47.90999822], [106.87689899, 47.91020117], [106.87702084, 47.91020274], [106.87702167, 47.91037184]]]]}, "geometry_name": "geom", "properties": {"guid": 1052749, "id": 1052749, "object_no": null, "object_name": "", "layer_type_id": 238, "valid_to": null, "address_no": null, "border_type": "solid", "border_width": null, "border_color": null, "border_opacity": null, "border_wellknown": "horizline", "fill_type": "color", "fill_color": "#f9cb9c", "fill_opacity": 0.58, "fill_wellknown": "horizline", "fill_shape_color": "#f9cb9c", "fill_shape_width": null, "fill_shape_size": null, "fill_img_url": null, "marker_img_url": null}},{"type": "Feature", "id": "layer_data_map.fid--27e80436_1a098c1eed1_-249", "geometry": {"type": "MultiPolygon", "coordinates": [[[[106.86029548, 47.9192777], [106.8606245, 47.91929551], [106.86061245, 47.91940252], [106.86093624, 47.91942219], [106.86096136, 47.91923665], [106.86081005, 47.91922664], [106.86083955, 47.91908909], [106.86031151, 47.91906026], [106.86029548, 47.9192777]]]]}, "geometry_name": "geom", "properties": {"guid": 1052750, "id": 1052750, "object_no": null, "object_name": "", "layer_type_id": 238, "valid_to": null, "address_no": null, "border_type": "solid", "border_width": null, "border_color": null, "border_opacity": null, "border_wellknown": "horizline", "fill_type": "color", "fill_color": "#f9cb9c", "fill_opacity": 0.58, "fill_wellknown": "horizline", "fill_shape_color": "#f9cb9c", "fill_shape_width": null, "fill_shape_size": null, "fill_img_url": null, "marker_img_url": null}},{"type": "Feature", "id": "layer_data_map.fid--27e80436_1a098c1eed1_-248", "geometry": {"type": "MultiPolygon", "coordinates": [[[[106.94480666, 47.91833304], [106.94604592, 47.91807734], [106.94589711, 47.91751117], [106.94439094, 47.91763147], [106.94480666, 47.91833304]]]]}, "geometry_name": "geom", "properties": {"guid": 1052752, "id": 1052752, "object_no": null, "object_name": "", "layer_type_id": 238, "valid_to": null, "address_no": null, "border_type": "solid", "border_width": null, "border_color": null, "border_opacity": null, "border_wellknown": "horizline", "fill_type": "color", "fill_color": "#f9cb9c", "fill_opacity": 0.58, "fill_wellknown": "horizline", "fill_shape_color": "#f9cb9c", "fill_shape_width": null, "fill_shape_size": null, "fill_img_url": null, "marker_img_url": null}},{"type": "Feature", "id": "layer_data_map.fid--27e80436_1a098c1eed1_-247", "geometry": {"type": "MultiPolygon", "coordinates": [[[[106.95554038, 47.92069852], [106.95660577, 47.92063975], [106.95674231, 47.92123319], [106.95701743, 47.9212285], [106.95691469, 47.92046297], [106.95552925, 47.92058136], [106.95554038, 47.92069852]]]]}, "geometry_name": "geom", "properties": {"guid": 1052754, "id": 1052754, "object_no": null, "object_name": "", "layer_type_id": 238, "valid_to": null, "address_no": null, "border_type": "solid", "border_width": null, "border_color": null, "border_opacity": null, "border_wellknown": "horizline", "fill_type": "color", "fill_color": "#f9cb9c", "fill_opacity": 0.58, "fill_wellknown": "horizline", "fill_shape_color": "#f9cb9c", "fill_shape_width": null, "fill_shape_size": null, "fill_img_url": null, "marker_img_url": null}},{"type": "Feature", "id": "layer_data_map.fid--27e80436_1a098c1eed1_-246", "geometry": {"type": "MultiPolygon", "coordinates": [[[[106.9518208, 47.92249047], [106.95209492, 47.92245873], [106.95197117, 47.921847], [106.95169706, 47.92187875], [106.9518208, 47.92249047]]]]}, "geometry_name": "geom", "properties": {"guid": 1052756, "id": 1052756, "object_no": null, "object_name": "", "layer_type_id": 238, "valid_to": null, "address_no": null, "border_type": "solid", "border_width": null, "border_color": null, "border_opacity": null, "border_wellknown": "horizline", "fill_type": "color", "fill_color": "#f9cb9c", "fill_opacity": 0.58, "fill_wellknown": "horizline", "fill_shape_color": "#f9cb9c", "fill_shape_width": null, "fill_shape_size": null, "fill_img_url": null, "marker_img_url": null}},{"type": "Feature", "id": "layer_data_map.fid--27e80436_1a098c1eed1_-245", "geometry": {"type": "MultiPolygon", "coordinates": [[[[106.93488705, 47.91036307], [106.93550977, 47.91035257], [106.93555208, 47.90919836], [106.93480994, 47.90921087], [106.93488705, 47.91036307]]]]}, "geometry_name": "geom", "properties": {"guid": 1052757, "id": 1052757, "object_no": null, "object_name": "", "layer_type_id": 238, "valid_to": null, "address_no": null, "border_type": "solid", "border_width": null, "border_color": null, "border_opacity": null, "border_wellknown": "horizline", "fill_type": "color", "fill_color": "#f9cb9c", "fill_opacity": 0.58, "fill_wellknown": "horizline", "fill_shape_color": "#f9cb9c", "fill_shape_width": null, "fill_shape_size": null, "fill_img_url": null, "marker_img_url": null}},{"type": "Feature", "id": "layer_data_map.fid--27e80436_1a098c1eed1_-244", "geometry": {"type": "MultiPolygon", "coordinates": [[[[106.92887167, 47.9097073], [106.93042339, 47.90968678], [106.93066574, 47.90876098], [106.92882513, 47.90879502], [106.92887167, 47.9097073]]]]}, "geometry_name": "geom", "properties": {"guid": 1052759, "id": 1052759, "object_no": null, "object_name": "", "layer_type_id": 238, "valid_to": null, "address_no": null, "border_type": "solid", "border_width": null, "border_color": null, "border_opacity": null, "border_wellknown": "horizline", "fill_type": "color", "fill_color": "#f9cb9c", "fill_opacity": 0.58, "fill_wellknown": "horizline", "fill_shape_color": "#f9cb9c", "fill_shape_width": null, "fill_shape_size": null, "fill_img_url": null, "marker_img_url": null}},{"type": "Feature", "id": "layer_data_map.fid--27e80436_1a098c1eed1_-243", "geometry": {"type": "MultiPolygon", "coordinates": [[[[106.92699051, 47.91235427], [106.92825984, 47.91252931], [106.92827556, 47.91234754], [106.9285104, 47.91235961], [106.92872589, 47.91193758], [106.9282673, 47.91174126], [106.92718172, 47.91165561], [106.92699051, 47.91235427]]]]}, "geometry_name": "geom", "properties": {"guid": 1052760, "id": 1052760, "object_no": null, "object_name": "", "layer_type_id": 238, "valid_to": null, "address_no": null, "border_type": "solid", "border_width": null, "border_color": null, "border_opacity": null, "border_wellknown": "horizline", "fill_type": "color", "fill_color": "#f9cb9c", "fill_opacity": 0.58, "fill_wellknown": "horizline", "fill_shape_color": "#f9cb9c", "fill_shape_width": null, "fill_shape_size": null, "fill_img_url": null, "marker_img_url": null}},{"type": "Feature", "id": "layer_data_map.fid--27e80436_1a098c1eed1_-242", "geometry": {"type": "MultiPolygon", "coordinates": [[[[106.9209438, 47.8974427], [106.93243447, 47.89774924], [106.93445579, 47.89544604], [106.92394085, 47.89395461], [106.92104087, 47.89464799], [106.9209438, 47.8974427]]]]}, "geometry_name": "geom", "properties": {"guid": 1052762, "id": 1052762, "object_no": null, "object_name": "", "layer_type_id": 238, "valid_to": null, "address_no": null, "border_type": "solid", "border_width": null, "border_color": null, "border_opacity": null, "border_wellknown": "horizline", "fill_type": "color", "fill_color": "#f9cb9c", "fill_opacity": 0.58, "fill_wellknown": "horizline", "fill_shape_color": "#f9cb9c", "fill_shape_width": null, "fill_shape_size": null, "fill_img_url": null, "marker_img_url": null}},{"type": "Feature", "id": "layer_data_map.fid--27e80436_1a098c1eed1_-241", "geometry": {"type": "MultiPolygon", "coordinates": [[[[106.90639262, 47.89317481], [106.90716273, 47.8931777], [106.90716625, 47.8928332], [106.90697852, 47.89283154], [106.90701415, 47.8925915], [106.90640063, 47.8925828], [106.90639262, 47.89317481]]]]}, "geometry_name": "geom", "properties": {"guid": 1052763, "id": 1052763, "object_no": null, "object_name": "", "layer_type_id": 238, "valid_to": null, "address_no": null, "border_type": "solid", "border_width": null, "border_color": null, "border_opacity": null, "border_wellknown": "horizline", "fill_type": "color", "fill_color": "#f9cb9c", "fill_opacity": 0.58, "fill_wellknown": "horizline", "fill_shape_color": "#f9cb9c", "fill_shape_width": null, "fill_shape_size": null, "fill_img_url": null, "marker_img_url": null}},{"type": "Feature", "id": "layer_data_map.fid--27e80436_1a098c1eed1_-240", "geometry": {"type": "MultiPolygon", "coordinates": [[[[106.91206687, 47.87808658], [106.91281387, 47.87798889], [106.91288588, 47.87824539], [106.91339958, 47.87816251], [106.91318054, 47.87744715], [106.91190278, 47.87762222], [106.91206687, 47.87808658]]]]}, "geometry_name": "geom", "properties": {"guid": 1052766, "id": 1052766, "object_no": null, "object_name": "", "layer_type_id": 238, "valid_to": null, "address_no": null, "border_type": "solid", "border_width": null, "border_color": null, "border_opacity": null, "border_wellknown": "horizline", "fill_type": "color", "fill_color": "#f9cb9c", "fill_opacity": 0.58, "fill_wellknown": "horizline", "fill_shape_color": "#f9cb9c", "fill_shape_width": null, "fill_shape_size": null, "fill_img_url": null, "marker_img_url": null}},{"type": "Feature", "id": "layer_data_map.fid--27e80436_1a098c1eed1_-23f", "geometry": {"type": "MultiPolygon", "coordinates": [[[[106.91787968, 47.88505356], [106.91868979, 47.88494032], [106.91847825, 47.88436943], [106.91841041, 47.88411465], [106.9176066, 47.88423458], [106.91787968, 47.88505356]]]]}, "geometry_name": "geom", "properties": {"guid": 1052767, "id": 1052767, "object_no": null, "object_name": "", "layer_type_id": 238, "valid_to": null, "address_no": null, "border_type": "solid", "border_width": null, "border_color": null, "border_opacity": null, "border_wellknown": "horizline", "fill_type": "color", "fill_color": "#f9cb9c", "fill_opacity": 0.58, "fill_wellknown": "horizline", "fill_shape_color": "#f9cb9c", "fill_shape_width": null, "fill_shape_size": null, "fill_img_url": null, "marker_img_url": null}},{"type": "Feature", "id": "layer_data_map.fid--27e80436_1a098c1eed1_-23e", "geometry": {"type": "MultiPolygon", "coordinates": [[[[106.8513204, 47.88025916], [106.85035329, 47.87975612], [106.84870353, 47.88082126], [106.8521075, 47.88257084], [106.85650079, 47.88337151], [106.85707262, 47.8834693], [106.85735158, 47.88300603], [106.8513204, 47.88025916]]]]}, "geometry_name": "geom", "properties": {"guid": 1052769, "id": 1052769, "object_no": null, "object_name": "", "layer_type_id": 238, "valid_to": null, "address_no": null, "border_type": "solid", "border_width": null, "border_color": null, "border_opacity": null, "border_wellknown": "horizline", "fill_type": "color", "fill_color": "#f9cb9c", "fill_opacity": 0.58, "fill_wellknown": "horizline", "fill_shape_color": "#f9cb9c", "fill_shape_width": null, "fill_shape_size": null, "fill_img_url": null, "marker_img_url": null}},{"type": "Feature", "id": "layer_data_map.fid--27e80436_1a098c1eed1_-23d", "geometry": {"type": "MultiPolygon", "coordinates": [[[[106.85723415, 47.88290089], [106.85844327, 47.88174971], [106.85288381, 47.87884237], [106.85134366, 47.88027408], [106.85723415, 47.88290089]]]]}, "geometry_name": "geom", "properties": {"guid": 1052770, "id": 1052770, "object_no": null, "object_name": "", "layer_type_id": 238, "valid_to": null, "address_no": null, "border_type": "solid", "border_width": null, "border_color": null, "border_opacity": null, "border_wellknown": "horizline", "fill_type": "color", "fill_color": "#f9cb9c", "fill_opacity": 0.58, "fill_wellknown": "horizline", "fill_shape_color": "#f9cb9c", "fill_shape_width": null, "fill_shape_size": null, "fill_img_url": null, "marker_img_url": null}},{"type": "Feature", "id": "layer_data_map.fid--27e80436_1a098c1eed1_-23c", "geometry": {"type": "MultiPolygon", "coordinates": [[[[106.92043114, 47.88235272], [106.92189536, 47.88213011], [106.92159972, 47.88130304], [106.92015563, 47.88153852], [106.92043114, 47.88235272]]]]}, "geometry_name": "geom", "properties": {"guid": 1052772, "id": 1052772, "object_no": null, "object_name": "", "layer_type_id": 238, "valid_to": null, "address_no": null, "border_type": "solid", "border_width": null, "border_color": null, "border_opacity": null, "border_wellknown": "horizline", "fill_type": "color", "fill_color": "#f9cb9c", "fill_opacity": 0.58, "fill_wellknown": "horizline", "fill_shape_color": "#f9cb9c", "fill_shape_width": null, "fill_shape_size": null, "fill_img_url": null, "marker_img_url": null}},{"type": "Feature", "id": "layer_data_map.fid--27e80436_1a098c1eed1_-23b", "geometry": {"type": "MultiPolygon", "coordinates": [[[[106.9052929, 47.90647091], [106.90532686, 47.90608079], [106.90636738, 47.90582005], [106.90631466, 47.90569919], [106.90525806, 47.90552195], [106.89706439, 47.90554967], [106.89700135, 47.90412629], [106.89590679, 47.90413329], [106.89584701, 47.90660738], [106.89945298, 47.90652711], [106.89944006, 47.90749309], [106.90035626, 47.90746169], [106.9052929, 47.90647091]]]]}, "geometry_name": "geom", "properties": {"guid": 1052773, "id": 1052773, "object_no": null, "object_name": "", "layer_type_id": 238, "valid_to": null, "address_no": null, "border_type": "solid", "border_width": null, "border_color": null, "border_opacity": null, "border_wellknown": "horizline", "fill_type": "color", "fill_color": "#f9cb9c", "fill_opacity": 0.58, "fill_wellknown": "horizline", "fill_shape_color": "#f9cb9c", "fill_shape_width": null, "fill_shape_size": null, "fill_img_url": null, "marker_img_url": null}},{"type": "Feature", "id": "layer_data_map.fid--27e80436_1a098c1eed1_-23a", "geometry": {"type": "MultiPolygon", "coordinates": [[[[106.91820744, 47.9356367], [106.91608964, 47.9354718], [106.91568895, 47.937357], [106.91973588, 47.93770762], [106.92008373, 47.93584212], [106.92237027, 47.93601796], [106.9227263, 47.9341283], [106.91853841, 47.93383174], [106.91820744, 47.9356367]]]]}, "geometry_name": "geom", "properties": {"guid": 1052774, "id": 1052774, "object_no": null, "object_name": "", "layer_type_id": 238, "valid_to": null, "address_no": null, "border_type": "solid", "border_width": null, "border_color": null, "border_opacity": null, "border_wellknown": "horizline", "fill_type": "color", "fill_color": "#f9cb9c", "fill_opacity": 0.58, "fill_wellknown": "horizline", "fill_shape_color": "#f9cb9c", "fill_shape_width": null, "fill_shape_size": null, "fill_img_url": null, "marker_img_url": null}},{"type": "Feature", "id": "layer_data_map.fid--27e80436_1a098c1eed1_-239", "geometry": {"type": "MultiPolygon", "coordinates": [[[[106.9317546, 47.91031351], [106.93288611, 47.91027065], [106.93285504, 47.91000692], [106.93173025, 47.91004014], [106.9317546, 47.91031351]]]]}, "geometry_name": "geom", "properties": {"guid": 1052777, "id": 1052777, "object_no": null, "object_name": "", "layer_type_id": 238, "valid_to": null, "address_no": null, "border_type": "solid", "border_width": null, "border_color": null, "border_opacity": null, "border_wellknown": "horizline", "fill_type": "color", "fill_color": "#f9cb9c", "fill_opacity": 0.58, "fill_wellknown": "horizline", "fill_shape_color": "#f9cb9c", "fill_shape_width": null, "fill_shape_size": null, "fill_img_url": null, "marker_img_url": null}},{"type": "Feature", "id": "layer_data_map.fid--27e80436_1a098c1eed1_-238", "geometry": {"type": "MultiPolygon", "coordinates": [[[[106.93579556, 47.90919317], [106.9358035, 47.90978583], [106.93673127, 47.90978685], [106.93675397, 47.91020546], [106.93711148, 47.91020181], [106.93709863, 47.9094783], [106.93622776, 47.90948347], [106.93620286, 47.90919583], [106.93579556, 47.90919317]]]]}, "geometry_name": "geom", "properties": {"guid": 1052778, "id": 1052778, "object_no": null, "object_name": "", "layer_type_id": 238, "valid_to": null, "address_no": null, "border_type": "solid", "border_width": null, "border_color": null, "border_opacity": null, "border_wellknown": "horizline", "fill_type": "color", "fill_color": "#f9cb9c", "fill_opacity": 0.58, "fill_wellknown": "horizline", "fill_shape_color": "#f9cb9c", "fill_shape_width": null, "fill_shape_size": null, "fill_img_url": null, "marker_img_url": null}},{"type": "Feature", "id": "layer_data_map.fid--27e80436_1a098c1eed1_-237", "geometry": {"type": "MultiPolygon", "coordinates": [[[[106.93539558, 47.90731965], [106.93719117, 47.90728341], [106.93750572, 47.90480219], [106.93567034, 47.90469626], [106.93539558, 47.90731965]]]]}, "geometry_name": "geom", "properties": {"guid": 1052780, "id": 1052780, "object_no": null, "object_name": "", "layer_type_id": 238, "valid_to": null, "address_no": null, "border_type": "solid", "border_width": null, "border_color": null, "border_opacity": null, "border_wellknown": "horizline", "fill_type": "color", "fill_color": "#f9cb9c", "fill_opacity": 0.58, "fill_wellknown": "horizline", "fill_shape_color": "#f9cb9c", "fill_shape_width": null, "fill_shape_size": null, "fill_img_url": null, "marker_img_url": null}},{"type": "Feature", "id": "layer_data_map.fid--27e80436_1a098c1eed1_-236", "geometry": {"type": "MultiPolygon", "coordinates": [[[[106.92932187, 47.90618491], [106.9318394, 47.90628243], [106.93210426, 47.90448056], [106.92954485, 47.90436076], [106.92932187, 47.90618491]]]]}, "geometry_name": "geom", "properties": {"guid": 1052781, "id": 1052781, "object_no": null, "object_name": "", "layer_type_id": 238, "valid_to": null, "address_no": null, "border_type": "solid", "border_width": null, "border_color": null, "border_opacity": null, "border_wellknown": "horizline", "fill_type": "color", "fill_color": "#f9cb9c", "fill_opacity": 0.58, "fill_wellknown": "horizline", "fill_shape_color": "#f9cb9c", "fill_shape_width": null, "fill_shape_size": null, "fill_img_url": null, "marker_img_url": null}},{"type": "Feature", "id": "layer_data_map.fid--27e80436_1a098c1eed1_-235", "geometry": {"type": "MultiPolygon", "coordinates": [[[[106.92373289, 47.89210688], [106.9256474, 47.89218905], [106.92579458, 47.88985826], [106.92393427, 47.88980376], [106.92373289, 47.89210688]]]]}, "geometry_name": "geom", "properties": {"guid": 1052783, "id": 1052783, "object_no": null, "object_name": "", "layer_type_id": 238, "valid_to": null, "address_no": null, "border_type": "solid", "border_width": null, "border_color": null, "border_opacity": null, "border_wellknown": "horizline", "fill_type": "color", "fill_color": "#f9cb9c", "fill_opacity": 0.58, "fill_wellknown": "horizline", "fill_shape_color": "#f9cb9c", "fill_shape_width": null, "fill_shape_size": null, "fill_img_url": null, "marker_img_url": null}},{"type": "Feature", "id": "layer_data_map.fid--27e80436_1a098c1eed1_-234", "geometry": {"type": "MultiPolygon", "coordinates": [[[[106.94435624, 47.91254626], [106.94435494, 47.91223423], [106.94468808, 47.91222062], [106.94466692, 47.91200497], [106.94391989, 47.91202776], [106.94397032, 47.91255462], [106.94435624, 47.91254626]]]]}, "geometry_name": "geom", "properties": {"guid": 1052784, "id": 1052784, "object_no": null, "object_name": "", "layer_type_id": 238, "valid_to": null, "address_no": null, "border_type": "solid", "border_width": null, "border_color": null, "border_opacity": null, "border_wellknown": "horizline", "fill_type": "color", "fill_color": "#f9cb9c", "fill_opacity": 0.58, "fill_wellknown": "horizline", "fill_shape_color": "#f9cb9c", "fill_shape_width": null, "fill_shape_size": null, "fill_img_url": null, "marker_img_url": null}},{"type": "Feature", "id": "layer_data_map.fid--27e80436_1a098c1eed1_-233", "geometry": {"type": "MultiPolygon", "coordinates": [[[[106.93702333, 47.91088279], [106.93814621, 47.91088323], [106.93814769, 47.91076408], [106.9370318, 47.91073129], [106.93702333, 47.91088279]]]]}, "geometry_name": "geom", "properties": {"guid": 1052786, "id": 1052786, "object_no": null, "object_name": "", "layer_type_id": 238, "valid_to": null, "address_no": null, "border_type": "solid", "border_width": null, "border_color": null, "border_opacity": null, "border_wellknown": "horizline", "fill_type": "color", "fill_color": "#f9cb9c", "fill_opacity": 0.58, "fill_wellknown": "horizline", "fill_shape_color": "#f9cb9c", "fill_shape_width": null, "fill_shape_size": null, "fill_img_url": null, "marker_img_url": null}},{"type": "Feature", "id": "layer_data_map.fid--27e80436_1a098c1eed1_-232", "geometry": {"type": "MultiPolygon", "coordinates": [[[[106.83857342, 47.91066997], [106.83983723, 47.91075698], [106.84367852, 47.91098383], [106.84554764, 47.91092746], [106.84551749, 47.91030172], [106.84339618, 47.91032429], [106.8432187, 47.90993958], [106.84046372, 47.90997108], [106.84019098, 47.90980133], [106.84019904, 47.90893372], [106.83860014, 47.90895707], [106.83857342, 47.91066997]]]]}, "geometry_name": "geom", "properties": {"guid": 1052788, "id": 1052788, "object_no": null, "object_name": "", "layer_type_id": 238, "valid_to": null, "address_no": null, "border_type": "solid", "border_width": null, "border_color": null, "border_opacity": null, "border_wellknown": "horizline", "fill_type": "color", "fill_color": "#f9cb9c", "fill_opacity": 0.58, "fill_wellknown": "horizline", "fill_shape_color": "#f9cb9c", "fill_shape_width": null, "fill_shape_size": null, "fill_img_url": null, "marker_img_url": null}},{"type": "Feature", "id": "layer_data_map.fid--27e80436_1a098c1eed1_-231", "geometry": {"type": "MultiPolygon", "coordinates": [[[[106.83959082, 47.91141805], [106.84122654, 47.91154203], [106.84126107, 47.91127479], [106.84139193, 47.91128286], [106.84145003, 47.91084283], [106.83967776, 47.91074605], [106.83959082, 47.91141805]]]]}, "geometry_name": "geom", "properties": {"guid": 1052790, "id": 1052790, "object_no": null, "object_name": "", "layer_type_id": 238, "valid_to": null, "address_no": null, "border_type": "solid", "border_width": null, "border_color": null, "border_opacity": null, "border_wellknown": "horizline", "fill_type": "color", "fill_color": "#f9cb9c", "fill_opacity": 0.58, "fill_wellknown": "horizline", "fill_shape_color": "#f9cb9c", "fill_shape_width": null, "fill_shape_size": null, "fill_img_url": null, "marker_img_url": null}},{"type": "Feature", "id": "layer_data_map.fid--27e80436_1a098c1eed1_-230", "geometry": {"type": "MultiPolygon", "coordinates": [[[[106.93908883, 47.92162429], [106.93963146, 47.92164607], [106.93970685, 47.9210645], [106.93916169, 47.92103878], [106.93908883, 47.92162429]]]]}, "geometry_name": "geom", "properties": {"guid": 1052791, "id": 1052791, "object_no": null, "object_name": "", "layer_type_id": 238, "valid_to": null, "address_no": null, "border_type": "solid", "border_width": null, "border_color": null, "border_opacity": null, "border_wellknown": "horizline", "fill_type": "color", "fill_color": "#f9cb9c", "fill_opacity": 0.58, "fill_wellknown": "horizline", "fill_shape_color": "#f9cb9c", "fill_shape_width": null, "fill_shape_size": null, "fill_img_url": null, "marker_img_url": null}},{"type": "Feature", "id": "layer_data_map.fid--27e80436_1a098c1eed1_-22f", "geometry": {"type": "MultiPolygon", "coordinates": [[[[106.94245465, 47.92909788], [106.94318155, 47.92880598], [106.94251062, 47.92814313], [106.94221809, 47.92833377], [106.94189002, 47.92896228], [106.94245465, 47.92909788]]]]}, "geometry_name": "geom", "properties": {"guid": 1052793, "id": 1052793, "object_no": null, "object_name": "", "layer_type_id": 238, "valid_to": null, "address_no": null, "border_type": "solid", "border_width": null, "border_color": null, "border_opacity": null, "border_wellknown": "horizline", "fill_type": "color", "fill_color": "#f9cb9c", "fill_opacity": 0.58, "fill_wellknown": "horizline", "fill_shape_color": "#f9cb9c", "fill_shape_width": null, "fill_shape_size": null, "fill_img_url": null, "marker_img_url": null}},{"type": "Feature", "id": "layer_data_map.fid--27e80436_1a098c1eed1_-22e", "geometry": {"type": "MultiPolygon", "coordinates": [[[[106.75977771, 47.82889549], [106.76078353, 47.82760811], [106.75754708, 47.82554455], [106.75601084, 47.82688627], [106.75977771, 47.82889549]]]]}, "geometry_name": "geom", "properties": {"guid": 1052794, "id": 1052794, "object_no": null, "object_name": "", "layer_type_id": 238, "valid_to": null, "address_no": null, "border_type": "solid", "border_width": null, "border_color": null, "border_opacity": null, "border_wellknown": "horizline", "fill_type": "color", "fill_color": "#f9cb9c", "fill_opacity": 0.58, "fill_wellknown": "horizline", "fill_shape_color": "#f9cb9c", "fill_shape_width": null, "fill_shape_size": null, "fill_img_url": null, "marker_img_url": null}},{"type": "Feature", "id": "layer_data_map.fid--27e80436_1a098c1eed1_-22d", "geometry": {"type": "MultiPolygon", "coordinates": [[[[106.76499405, 47.83149967], [106.76735889, 47.82893065], [106.77009104, 47.82635647], [106.76815771, 47.8258093], [106.76589051, 47.82483227], [106.76395229, 47.82386457], [106.7601656, 47.8290975], [106.76499405, 47.83149967]]]]}, "geometry_name": "geom", "properties": {"guid": 1052795, "id": 1052795, "object_no": null, "object_name": "", "layer_type_id": 238, "valid_to": null, "address_no": null, "border_type": "solid", "border_width": null, "border_color": null, "border_opacity": null, "border_wellknown": "horizline", "fill_type": "color", "fill_color": "#f9cb9c", "fill_opacity": 0.58, "fill_wellknown": "horizline", "fill_shape_color": "#f9cb9c", "fill_shape_width": null, "fill_shape_size": null, "fill_img_url": null, "marker_img_url": null}},{"type": "Feature", "id": "layer_data_map.fid--27e80436_1a098c1eed1_-22c", "geometry": {"type": "MultiPolygon", "coordinates": [[[[106.90973243, 47.9055698], [106.91074013, 47.90572444], [106.91052229, 47.90459295], [106.90946777, 47.90470314], [106.90973243, 47.9055698]]]]}, "geometry_name": "geom", "properties": {"guid": 1052797, "id": 1052797, "object_no": null, "object_name": "", "layer_type_id": 238, "valid_to": null, "address_no": null, "border_type": "solid", "border_width": null, "border_color": null, "border_opacity": null, "border_wellknown": "horizline", "fill_type": "color", "fill_color": "#f9cb9c", "fill_opacity": 0.58, "fill_wellknown": "horizline", "fill_shape_color": "#f9cb9c", "fill_shape_width": null, "fill_shape_size": null, "fill_img_url": null, "marker_img_url": null}},{"type": "Feature", "id": "layer_data_map.fid--27e80436_1a098c1eed1_-22b", "geometry": {"type": "MultiPolygon", "coordinates": [[[[106.93624179, 47.92161691], [106.93810851, 47.92168769], [106.93812419, 47.92132312], [106.93627975, 47.92127574], [106.93624179, 47.92161691]]]]}, "geometry_name": "geom", "properties": {"guid": 1052798, "id": 1052798, "object_no": null, "object_name": "", "layer_type_id": 238, "valid_to": null, "address_no": null, "border_type": "solid", "border_width": null, "border_color": null, "border_opacity": null, "border_wellknown": "horizline", "fill_type": "color", "fill_color": "#f9cb9c", "fill_opacity": 0.58, "fill_wellknown": "horizline", "fill_shape_color": "#f9cb9c", "fill_shape_width": null, "fill_shape_size": null, "fill_img_url": null, "marker_img_url": null}},{"type": "Feature", "id": "layer_data_map.fid--27e80436_1a098c1eed1_-22a", "geometry": {"type": "MultiPolygon", "coordinates": [[[[106.92183125, 47.88153658], [106.9235557, 47.88127558], [106.92314338, 47.88017546], [106.92142868, 47.88046011], [106.92183125, 47.88153658]]]]}, "geometry_name": "geom", "properties": {"guid": 1052801, "id": 1052801, "object_no": null, "object_name": "", "layer_type_id": 238, "valid_to": null, "address_no": null, "border_type": "solid", "border_width": null, "border_color": null, "border_opacity": null, "border_wellknown": "horizline", "fill_type": "color", "fill_color": "#f9cb9c", "fill_opacity": 0.58, "fill_wellknown": "horizline", "fill_shape_color": "#f9cb9c", "fill_shape_width": null, "fill_shape_size": null, "fill_img_url": null, "marker_img_url": null}},{"type": "Feature", "id": "layer_data_map.fid--27e80436_1a098c1eed1_-229", "geometry": {"type": "MultiPolygon", "coordinates": [[[[106.92357378, 47.87981651], [106.9242495, 47.87990636], [106.92458457, 47.880115], [106.92577204, 47.87992844], [106.92555548, 47.8793369], [106.9251373, 47.87903442], [106.92484097, 47.8782002], [106.9230554, 47.8784801], [106.92357378, 47.87981651]]]]}, "geometry_name": "geom", "properties": {"guid": 1052802, "id": 1052802, "object_no": null, "object_name": "", "layer_type_id": 238, "valid_to": null, "address_no": null, "border_type": "solid", "border_width": null, "border_color": null, "border_opacity": null, "border_wellknown": "horizline", "fill_type": "color", "fill_color": "#f9cb9c", "fill_opacity": 0.58, "fill_wellknown": "horizline", "fill_shape_color": "#f9cb9c", "fill_shape_width": null, "fill_shape_size": null, "fill_img_url": null, "marker_img_url": null}},{"type": "Feature", "id": "layer_data_map.fid--27e80436_1a098c1eed1_-228", "geometry": {"type": "MultiPolygon", "coordinates": [[[[106.92023234, 47.87546291], [106.91963502, 47.87604226], [106.91994314, 47.87742239], [106.92015363, 47.87738697], [106.92096276, 47.87711517], [106.92147265, 47.87659015], [106.92104629, 47.87596587], [106.92023234, 47.87546291]]]]}, "geometry_name": "geom", "properties": {"guid": 1052803, "id": 1052803, "object_no": null, "object_name": "", "layer_type_id": 238, "valid_to": null, "address_no": null, "border_type": "solid", "border_width": null, "border_color": null, "border_opacity": null, "border_wellknown": "horizline", "fill_type": "color", "fill_color": "#f9cb9c", "fill_opacity": 0.58, "fill_wellknown": "horizline", "fill_shape_color": "#f9cb9c", "fill_shape_width": null, "fill_shape_size": null, "fill_img_url": null, "marker_img_url": null}},{"type": "Feature", "id": "layer_data_map.fid--27e80436_1a098c1eed1_-227", "geometry": {"type": "MultiPolygon", "coordinates": [[[[106.90729275, 47.92726311], [106.90737529, 47.92683032], [106.90670178, 47.92678241], [106.90664479, 47.92707506], [106.90672808, 47.92708265], [106.90668914, 47.92719928], [106.90729275, 47.92726311]]]]}, "geometry_name": "geom", "properties": {"guid": 1052805, "id": 1052805, "object_no": null, "object_name": "", "layer_type_id": 238, "valid_to": null, "address_no": null, "border_type": "solid", "border_width": null, "border_color": null, "border_opacity": null, "border_wellknown": "horizline", "fill_type": "color", "fill_color": "#f9cb9c", "fill_opacity": 0.58, "fill_wellknown": "horizline", "fill_shape_color": "#f9cb9c", "fill_shape_width": null, "fill_shape_size": null, "fill_img_url": null, "marker_img_url": null}},{"type": "Feature", "id": "layer_data_map.fid--27e80436_1a098c1eed1_-226", "geometry": {"type": "MultiPolygon", "coordinates": [[[[106.85887245, 47.88228082], [106.85830057, 47.88198567], [106.85749799, 47.88284417], [106.85879438, 47.88309697], [106.85904, 47.88316143], [106.85986913, 47.88346047], [106.86024111, 47.8835943], [106.86058539, 47.88320186], [106.85974295, 47.88253107], [106.85967514, 47.88249051], [106.85931677, 47.88292627], [106.85864592, 47.88264665], [106.85887245, 47.88228082]]]]}, "geometry_name": "geom", "properties": {"guid": 1052806, "id": 1052806, "object_no": null, "object_name": "", "layer_type_id": 238, "valid_to": null, "address_no": null, "border_type": "solid", "border_width": null, "border_color": null, "border_opacity": null, "border_wellknown": "horizline", "fill_type": "color", "fill_color": "#f9cb9c", "fill_opacity": 0.58, "fill_wellknown": "horizline", "fill_shape_color": "#f9cb9c", "fill_shape_width": null, "fill_shape_size": null, "fill_img_url": null, "marker_img_url": null}},{"type": "Feature", "id": "layer_data_map.fid--27e80436_1a098c1eed1_-225", "geometry": {"type": "MultiPolygon", "coordinates": [[[[106.89839304, 47.89211752], [106.89853874, 47.89198477], [106.89878885, 47.89197638], [106.89876639, 47.89167357], [106.89877387, 47.89129783], [106.89718246, 47.89135871], [106.89719309, 47.89180477], [106.89741443, 47.89180857], [106.89839304, 47.89211752]]]]}, "geometry_name": "geom", "properties": {"guid": 1052808, "id": 1052808, "object_no": null, "object_name": "", "layer_type_id": 238, "valid_to": null, "address_no": null, "border_type": "solid", "border_width": null, "border_color": null, "border_opacity": null, "border_wellknown": "horizline", "fill_type": "color", "fill_color": "#f9cb9c", "fill_opacity": 0.58, "fill_wellknown": "horizline", "fill_shape_color": "#f9cb9c", "fill_shape_width": null, "fill_shape_size": null, "fill_img_url": null, "marker_img_url": null}},{"type": "Feature", "id": "layer_data_map.fid--27e80436_1a098c1eed1_-224", "geometry": {"type": "MultiPolygon", "coordinates": [[[[106.89468706, 47.89070601], [106.89477691, 47.8907009], [106.89474413, 47.88971405], [106.89383591, 47.88977508], [106.89382055, 47.89005257], [106.89389607, 47.89072657], [106.89468706, 47.89070601]]]]}, "geometry_name": "geom", "properties": {"guid": 1052809, "id": 1052809, "object_no": null, "object_name": "", "layer_type_id": 238, "valid_to": null, "address_no": null, "border_type": "solid", "border_width": null, "border_color": null, "border_opacity": null, "border_wellknown": "horizline", "fill_type": "color", "fill_color": "#f9cb9c", "fill_opacity": 0.58, "fill_wellknown": "horizline", "fill_shape_color": "#f9cb9c", "fill_shape_width": null, "fill_shape_size": null, "fill_img_url": null, "marker_img_url": null}},{"type": "Feature", "id": "layer_data_map.fid--27e80436_1a098c1eed1_-223", "geometry": {"type": "MultiPolygon", "coordinates": [[[[106.86431321, 47.91232341], [106.86437048, 47.9118673], [106.86341392, 47.91204042], [106.86338197, 47.91226616], [106.86431321, 47.91232341]]]]}, "geometry_name": "geom", "properties": {"guid": 1052811, "id": 1052811, "object_no": null, "object_name": "", "layer_type_id": 238, "valid_to": null, "address_no": null, "border_type": "solid", "border_width": null, "border_color": null, "border_opacity": null, "border_wellknown": "horizline", "fill_type": "color", "fill_color": "#f9cb9c", "fill_opacity": 0.58, "fill_wellknown": "horizline", "fill_shape_color": "#f9cb9c", "fill_shape_width": null, "fill_shape_size": null, "fill_img_url": null, "marker_img_url": null}},{"type": "Feature", "id": "layer_data_map.fid--27e80436_1a098c1eed1_-222", "geometry": {"type": "MultiPolygon", "coordinates": [[[[106.87112784, 47.91608989], [106.87211393, 47.91611825], [106.87217534, 47.915115], [106.87121124, 47.91509215], [106.87112784, 47.91608989]]]]}, "geometry_name": "geom", "properties": {"guid": 1052812, "id": 1052812, "object_no": null, "object_name": "", "layer_type_id": 238, "valid_to": null, "address_no": null, "border_type": "solid", "border_width": null, "border_color": null, "border_opacity": null, "border_wellknown": "horizline", "fill_type": "color", "fill_color": "#f9cb9c", "fill_opacity": 0.58, "fill_wellknown": "horizline", "fill_shape_color": "#f9cb9c", "fill_shape_width": null, "fill_shape_size": null, "fill_img_url": null, "marker_img_url": null}},{"type": "Feature", "id": "layer_data_map.fid--27e80436_1a098c1eed1_-221", "geometry": {"type": "MultiPolygon", "coordinates": [[[[106.91312525, 47.93205214], [106.91321593, 47.93188803], [106.91246178, 47.93168202], [106.91239252, 47.93187282], [106.91312525, 47.93205214]]]]}, "geometry_name": "geom", "properties": {"guid": 1052814, "id": 1052814, "object_no": null, "object_name": "", "layer_type_id": 238, "valid_to": null, "address_no": null, "border_type": "solid", "border_width": null, "border_color": null, "border_opacity": null, "border_wellknown": "horizline", "fill_type": "color", "fill_color": "#f9cb9c", "fill_opacity": 0.58, "fill_wellknown": "horizline", "fill_shape_color": "#f9cb9c", "fill_shape_width": null, "fill_shape_size": null, "fill_img_url": null, "marker_img_url": null}},{"type": "Feature", "id": "layer_data_map.fid--27e80436_1a098c1eed1_-220", "geometry": {"type": "MultiPolygon", "coordinates": [[[[106.95254111, 47.91278179], [106.95862641, 47.91262559], [106.95858452, 47.91168708], [106.95655249, 47.91177864], [106.95417173, 47.91192712], [106.95250717, 47.91207833], [106.95254111, 47.91278179]]]]}, "geometry_name": "geom", "properties": {"guid": 1052816, "id": 1052816, "object_no": null, "object_name": "", "layer_type_id": 238, "valid_to": null, "address_no": null, "border_type": "solid", "border_width": null, "border_color": null, "border_opacity": null, "border_wellknown": "horizline", "fill_type": "color", "fill_color": "#f9cb9c", "fill_opacity": 0.58, "fill_wellknown": "horizline", "fill_shape_color": "#f9cb9c", "fill_shape_width": null, "fill_shape_size": null, "fill_img_url": null, "marker_img_url": null}},{"type": "Feature", "id": "layer_data_map.fid--27e80436_1a098c1eed1_-21f", "geometry": {"type": "MultiPolygon", "coordinates": [[[[106.95977899, 47.91135906], [106.96054462, 47.91134997], [106.96074396, 47.91049226], [106.95943538, 47.91053858], [106.95944083, 47.91074491], [106.95974629, 47.91075489], [106.95977899, 47.91135906]]]]}, "geometry_name": "geom", "properties": {"guid": 1052817, "id": 1052817, "object_no": null, "object_name": "", "layer_type_id": 238, "valid_to": null, "address_no": null, "border_type": "solid", "border_width": null, "border_color": null, "border_opacity": null, "border_wellknown": "horizline", "fill_type": "color", "fill_color": "#f9cb9c", "fill_opacity": 0.58, "fill_wellknown": "horizline", "fill_shape_color": "#f9cb9c", "fill_shape_width": null, "fill_shape_size": null, "fill_img_url": null, "marker_img_url": null}},{"type": "Feature", "id": "layer_data_map.fid--27e80436_1a098c1eed1_-21e", "geometry": {"type": "MultiPolygon", "coordinates": [[[[106.94996508, 47.91662426], [106.94931152, 47.91672117], [106.94948409, 47.9175181], [106.9499654, 47.9174672], [106.9499045, 47.91724401], [106.95099122, 47.91711338], [106.95120128, 47.9164339], [106.95120214, 47.91622617], [106.95002975, 47.91624046], [106.94996508, 47.91662426]]]]}, "geometry_name": "geom", "properties": {"guid": 1052819, "id": 1052819, "object_no": null, "object_name": "", "layer_type_id": 238, "valid_to": null, "address_no": null, "border_type": "solid", "border_width": null, "border_color": null, "border_opacity": null, "border_wellknown": "horizline", "fill_type": "color", "fill_color": "#f9cb9c", "fill_opacity": 0.58, "fill_wellknown": "horizline", "fill_shape_color": "#f9cb9c", "fill_shape_width": null, "fill_shape_size": null, "fill_img_url": null, "marker_img_url": null}},{"type": "Feature", "id": "layer_data_map.fid--27e80436_1a098c1eed1_-21d", "geometry": {"type": "MultiPolygon", "coordinates": [[[[106.96158397, 47.91935898], [106.96069892, 47.91936042], [106.96065472, 47.91972886], [106.96019495, 47.91975038], [106.96028118, 47.92032204], [106.96169667, 47.92022306], [106.96158397, 47.91935898]]]]}, "geometry_name": "geom", "properties": {"guid": 1052820, "id": 1052820, "object_no": null, "object_name": "", "layer_type_id": 238, "valid_to": null, "address_no": null, "border_type": "solid", "border_width": null, "border_color": null, "border_opacity": null, "border_wellknown": "horizline", "fill_type": "color", "fill_color": "#f9cb9c", "fill_opacity": 0.58, "fill_wellknown": "horizline", "fill_shape_color": "#f9cb9c", "fill_shape_width": null, "fill_shape_size": null, "fill_img_url": null, "marker_img_url": null}},{"type": "Feature", "id": "layer_data_map.fid--27e80436_1a098c1eed1_-21c", "geometry": {"type": "MultiPolygon", "coordinates": [[[[106.78912966, 47.84663825], [106.78990254, 47.84473131], [106.78389693, 47.8412871], [106.78226132, 47.84031916], [106.78103296, 47.84415251], [106.77963586, 47.84602642], [106.78235984, 47.84645297], [106.78258394, 47.84621622], [106.78504777, 47.84768234], [106.78686779, 47.84636797], [106.78912966, 47.84663825]]]]}, "geometry_name": "geom", "properties": {"guid": 1052822, "id": 1052822, "object_no": null, "object_name": "", "layer_type_id": 238, "valid_to": null, "address_no": null, "border_type": "solid", "border_width": null, "border_color": null, "border_opacity": null, "border_wellknown": "horizline", "fill_type": "color", "fill_color": "#f9cb9c", "fill_opacity": 0.58, "fill_wellknown": "horizline", "fill_shape_color": "#f9cb9c", "fill_shape_width": null, "fill_shape_size": null, "fill_img_url": null, "marker_img_url": null}},{"type": "Feature", "id": "layer_data_map.fid--27e80436_1a098c1eed1_-21b", "geometry": {"type": "MultiPolygon", "coordinates": [[[[106.7681006, 47.85715828], [106.76818888, 47.85634556], [106.7623923, 47.8561611], [106.76232212, 47.85624297], [106.76214872, 47.85704843], [106.7681006, 47.85715828]]]]}, "geometry_name": "geom", "properties": {"guid": 1052823, "id": 1052823, "object_no": null, "object_name": "", "layer_type_id": 238, "valid_to": null, "address_no": null, "border_type": "solid", "border_width": null, "border_color": null, "border_opacity": null, "border_wellknown": "horizline", "fill_type": "color", "fill_color": "#f9cb9c", "fill_opacity": 0.58, "fill_wellknown": "horizline", "fill_shape_color": "#f9cb9c", "fill_shape_width": null, "fill_shape_size": null, "fill_img_url": null, "marker_img_url": null}},{"type": "Feature", "id": "layer_data_map.fid--27e80436_1a098c1eed1_-21a", "geometry": {"type": "MultiPolygon", "coordinates": [[[[106.77389741, 47.85899721], [106.77393496, 47.85821267], [106.77282707, 47.85818804], [106.77275965, 47.85880537], [106.77389741, 47.85899721]]]]}, "geometry_name": "geom", "properties": {"guid": 1052824, "id": 1052824, "object_no": null, "object_name": "", "layer_type_id": 238, "valid_to": null, "address_no": null, "border_type": "solid", "border_width": null, "border_color": null, "border_opacity": null, "border_wellknown": "horizline", "fill_type": "color", "fill_color": "#f9cb9c", "fill_opacity": 0.58, "fill_wellknown": "horizline", "fill_shape_color": "#f9cb9c", "fill_shape_width": null, "fill_shape_size": null, "fill_img_url": null, "marker_img_url": null}},{"type": "Feature", "id": "layer_data_map.fid--27e80436_1a098c1eed1_-219", "geometry": {"type": "MultiPolygon", "coordinates": [[[[106.78093314, 47.85614588], [106.78193997, 47.85623171], [106.78224081, 47.85519522], [106.78105937, 47.85501281], [106.78093314, 47.85614588]]]]}, "geometry_name": "geom", "properties": {"guid": 1052826, "id": 1052826, "object_no": null, "object_name": "", "layer_type_id": 238, "valid_to": null, "address_no": null, "border_type": "solid", "border_width": null, "border_color": null, "border_opacity": null, "border_wellknown": "horizline", "fill_type": "color", "fill_color": "#f9cb9c", "fill_opacity": 0.58, "fill_wellknown": "horizline", "fill_shape_color": "#f9cb9c", "fill_shape_width": null, "fill_shape_size": null, "fill_img_url": null, "marker_img_url": null}},{"type": "Feature", "id": "layer_data_map.fid--27e80436_1a098c1eed1_-218", "geometry": {"type": "MultiPolygon", "coordinates": [[[[106.93249992, 47.9044315], [106.93259896, 47.9034979], [106.9313135, 47.90343624], [106.93119007, 47.9043696], [106.93249992, 47.9044315]]]]}, "geometry_name": "geom", "properties": {"guid": 1052828, "id": 1052828, "object_no": null, "object_name": "", "layer_type_id": 238, "valid_to": null, "address_no": null, "border_type": "solid", "border_width": null, "border_color": null, "border_opacity": null, "border_wellknown": "horizline", "fill_type": "color", "fill_color": "#f9cb9c", "fill_opacity": 0.58, "fill_wellknown": "horizline", "fill_shape_color": "#f9cb9c", "fill_shape_width": null, "fill_shape_size": null, "fill_img_url": null, "marker_img_url": null}},{"type": "Feature", "id": "layer_data_map.fid--27e80436_1a098c1eed1_-217", "geometry": {"type": "MultiPolygon", "coordinates": [[[[106.9313463, 47.9034433], [106.93259896, 47.9034979], [106.93269013, 47.90263797], [106.93140469, 47.90257633], [106.9313463, 47.9034433]]]]}, "geometry_name": "geom", "properties": {"guid": 1052830, "id": 1052830, "object_no": null, "object_name": "", "layer_type_id": 238, "valid_to": null, "address_no": null, "border_type": "solid", "border_width": null, "border_color": null, "border_opacity": null, "border_wellknown": "horizline", "fill_type": "color", "fill_color": "#f9cb9c", "fill_opacity": 0.58, "fill_wellknown": "horizline", "fill_shape_color": "#f9cb9c", "fill_shape_width": null, "fill_shape_size": null, "fill_img_url": null, "marker_img_url": null}},{"type": "Feature", "id": "layer_data_map.fid--27e80436_1a098c1eed1_-216", "geometry": {"type": "MultiPolygon", "coordinates": [[[[106.9313463, 47.9034433], [106.93132468, 47.9025725], [106.92885035, 47.90245382], [106.92843284, 47.90332208], [106.9313463, 47.9034433]]]]}, "geometry_name": "geom", "properties": {"guid": 1052831, "id": 1052831, "object_no": null, "object_name": "", "layer_type_id": 238, "valid_to": null, "address_no": null, "border_type": "solid", "border_width": null, "border_color": null, "border_opacity": null, "border_wellknown": "horizline", "fill_type": "color", "fill_color": "#f9cb9c", "fill_opacity": 0.58, "fill_wellknown": "horizline", "fill_shape_color": "#f9cb9c", "fill_shape_width": null, "fill_shape_size": null, "fill_img_url": null, "marker_img_url": null}},{"type": "Feature", "id": "layer_data_map.fid--27e80436_1a098c1eed1_-215", "geometry": {"type": "MultiPolygon", "coordinates": [[[[106.93249992, 47.9044315], [106.93386533, 47.90449837], [106.93405556, 47.90270342], [106.93269013, 47.90263797], [106.93249992, 47.9044315]]]]}, "geometry_name": "geom", "properties": {"guid": 1052832, "id": 1052832, "object_no": null, "object_name": "", "layer_type_id": 238, "valid_to": null, "address_no": null, "border_type": "solid", "border_width": null, "border_color": null, "border_opacity": null, "border_wellknown": "horizline", "fill_type": "color", "fill_color": "#f9cb9c", "fill_opacity": 0.58, "fill_wellknown": "horizline", "fill_shape_color": "#f9cb9c", "fill_shape_width": null, "fill_shape_size": null, "fill_img_url": null, "marker_img_url": null}},{"type": "Feature", "id": "layer_data_map.fid--27e80436_1a098c1eed1_-214", "geometry": {"type": "MultiPolygon", "coordinates": [[[[106.87820922, 47.88594112], [106.87940102, 47.88594867], [106.87941664, 47.88436578], [106.87841949, 47.88433075], [106.87820922, 47.88594112]]]]}, "geometry_name": "geom", "properties": {"guid": 1052834, "id": 1052834, "object_no": null, "object_name": "", "layer_type_id": 238, "valid_to": null, "address_no": null, "border_type": "solid", "border_width": null, "border_color": null, "border_opacity": null, "border_wellknown": "horizline", "fill_type": "color", "fill_color": "#f9cb9c", "fill_opacity": 0.58, "fill_wellknown": "horizline", "fill_shape_color": "#f9cb9c", "fill_shape_width": null, "fill_shape_size": null, "fill_img_url": null, "marker_img_url": null}},{"type": "Feature", "id": "layer_data_map.fid--27e80436_1a098c1eed1_-213", "geometry": {"type": "MultiPolygon", "coordinates": [[[[106.85366969, 47.90145347], [106.85415117, 47.90131034], [106.85469298, 47.90114928], [106.8547972, 47.90050137], [106.85394134, 47.90047221], [106.85395429, 47.90025794], [106.85389924, 47.90025683], [106.85306822, 47.90024013], [106.85303552, 47.90069928], [106.85366969, 47.90145347]]]]}, "geometry_name": "geom", "properties": {"guid": 1052835, "id": 1052835, "object_no": null, "object_name": "", "layer_type_id": 238, "valid_to": null, "address_no": null, "border_type": "solid", "border_width": null, "border_color": null, "border_opacity": null, "border_wellknown": "horizline", "fill_type": "color", "fill_color": "#f9cb9c", "fill_opacity": 0.58, "fill_wellknown": "horizline", "fill_shape_color": "#f9cb9c", "fill_shape_width": null, "fill_shape_size": null, "fill_img_url": null, "marker_img_url": null}},{"type": "Feature", "id": "layer_data_map.fid--27e80436_1a098c1eed1_-212", "geometry": {"type": "MultiPolygon", "coordinates": [[[[106.78962861, 47.85109625], [106.79494725, 47.85195539], [106.79593281, 47.84892646], [106.79050181, 47.84811713], [106.78962861, 47.85109625]]]]}, "geometry_name": "geom", "properties": {"guid": 1052837, "id": 1052837, "object_no": null, "object_name": "", "layer_type_id": 238, "valid_to": null, "address_no": null, "border_type": "solid", "border_width": null, "border_color": null, "border_opacity": null, "border_wellknown": "horizline", "fill_type": "color", "fill_color": "#f9cb9c", "fill_opacity": 0.58, "fill_wellknown": "horizline", "fill_shape_color": "#f9cb9c", "fill_shape_width": null, "fill_shape_size": null, "fill_img_url": null, "marker_img_url": null}},{"type": "Feature", "id": "layer_data_map.fid--27e80436_1a098c1eed1_-211", "geometry": {"type": "MultiPolygon", "coordinates": [[[[106.90865292, 47.87515736], [106.9097654, 47.87516654], [106.9096906, 47.87385364], [106.90858273, 47.87389304], [106.90865292, 47.87515736]]]]}, "geometry_name": "geom", "properties": {"guid": 1052839, "id": 1052839, "object_no": null, "object_name": "", "layer_type_id": 238, "valid_to": null, "address_no": null, "border_type": "solid", "border_width": null, "border_color": null, "border_opacity": null, "border_wellknown": "horizline", "fill_type": "color", "fill_color": "#f9cb9c", "fill_opacity": 0.58, "fill_wellknown": "horizline", "fill_shape_color": "#f9cb9c", "fill_shape_width": null, "fill_shape_size": null, "fill_img_url": null, "marker_img_url": null}},{"type": "Feature", "id": "layer_data_map.fid--27e80436_1a098c1eed1_-210", "geometry": {"type": "MultiPolygon", "coordinates": [[[[106.82215373, 47.92152972], [106.82211186, 47.92142806], [106.822132, 47.9213712], [106.82249421, 47.92109977], [106.82235467, 47.9208269], [106.82120587, 47.92065943], [106.8210478, 47.92035347], [106.8211209, 47.92013174], [106.81971007, 47.91968678], [106.81796666, 47.91945176], [106.81741561, 47.91930203], [106.81678226, 47.92164188], [106.81852924, 47.9218383], [106.82029379, 47.92194274], [106.82070661, 47.92208517], [106.82215373, 47.92152972]]]]}, "geometry_name": "geom", "properties": {"guid": 1052841, "id": 1052841, "object_no": null, "object_name": "", "layer_type_id": 238, "valid_to": null, "address_no": null, "border_type": "solid", "border_width": null, "border_color": null, "border_opacity": null, "border_wellknown": "horizline", "fill_type": "color", "fill_color": "#f9cb9c", "fill_opacity": 0.58, "fill_wellknown": "horizline", "fill_shape_color": "#f9cb9c", "fill_shape_width": null, "fill_shape_size": null, "fill_img_url": null, "marker_img_url": null}},{"type": "Feature", "id": "layer_data_map.fid--27e80436_1a098c1eed1_-20f", "geometry": {"type": "MultiPolygon", "coordinates": [[[[106.93567034, 47.90469626], [106.93210426, 47.90448056], [106.93182223, 47.90628704], [106.93250043, 47.90638509], [106.93291297, 47.90651029], [106.93324011, 47.90689606], [106.93327063, 47.90734031], [106.93539558, 47.90731965], [106.93567034, 47.90469626]]]]}, "geometry_name": "geom", "properties": {"guid": 1052842, "id": 1052842, "object_no": null, "object_name": "", "layer_type_id": 238, "valid_to": null, "address_no": null, "border_type": "solid", "border_width": null, "border_color": null, "border_opacity": null, "border_wellknown": "horizline", "fill_type": "color", "fill_color": "#f9cb9c", "fill_opacity": 0.58, "fill_wellknown": "horizline", "fill_shape_color": "#f9cb9c", "fill_shape_width": null, "fill_shape_size": null, "fill_img_url": null, "marker_img_url": null}},{"type": "Feature", "id": "layer_data_map.fid--27e80436_1a098c1eed1_-20e", "geometry": {"type": "MultiPolygon", "coordinates": [[[[106.91758452, 47.89437191], [106.91896109, 47.89441321], [106.91901321, 47.89366837], [106.91770076, 47.89359508], [106.91758452, 47.89437191]]]]}, "geometry_name": "geom", "properties": {"guid": 1052844, "id": 1052844, "object_no": null, "object_name": "", "layer_type_id": 238, "valid_to": null, "address_no": null, "border_type": "solid", "border_width": null, "border_color": null, "border_opacity": null, "border_wellknown": "horizline", "fill_type": "color", "fill_color": "#f9cb9c", "fill_opacity": 0.58, "fill_wellknown": "horizline", "fill_shape_color": "#f9cb9c", "fill_shape_width": null, "fill_shape_size": null, "fill_img_url": null, "marker_img_url": null}},{"type": "Feature", "id": "layer_data_map.fid--27e80436_1a098c1eed1_-20d", "geometry": {"type": "MultiPolygon", "coordinates": [[[[106.92005468, 47.89459144], [106.92111237, 47.89435949], [106.9211562, 47.8936534], [106.92010522, 47.89376319], [106.92005468, 47.89459144]]]]}, "geometry_name": "geom", "properties": {"guid": 1052845, "id": 1052845, "object_no": null, "object_name": "", "layer_type_id": 238, "valid_to": null, "address_no": null, "border_type": "solid", "border_width": null, "border_color": null, "border_opacity": null, "border_wellknown": "horizline", "fill_type": "color", "fill_color": "#f9cb9c", "fill_opacity": 0.58, "fill_wellknown": "horizline", "fill_shape_color": "#f9cb9c", "fill_shape_width": null, "fill_shape_size": null, "fill_img_url": null, "marker_img_url": null}},{"type": "Feature", "id": "layer_data_map.fid--27e80436_1a098c1eed1_-20c", "geometry": {"type": "MultiPolygon", "coordinates": [[[[106.87556905, 47.89289532], [106.87592444, 47.89243322], [106.87568339, 47.89237467], [106.87457476, 47.89230648], [106.87441276, 47.89252526], [106.87556905, 47.89289532]]]]}, "geometry_name": "geom", "properties": {"guid": 1052846, "id": 1052846, "object_no": null, "object_name": "", "layer_type_id": 238, "valid_to": null, "address_no": null, "border_type": "solid", "border_width": null, "border_color": null, "border_opacity": null, "border_wellknown": "horizline", "fill_type": "color", "fill_color": "#f9cb9c", "fill_opacity": 0.58, "fill_wellknown": "horizline", "fill_shape_color": "#f9cb9c", "fill_shape_width": null, "fill_shape_size": null, "fill_img_url": null, "marker_img_url": null}},{"type": "Feature", "id": "layer_data_map.fid--27e80436_1a098c1eed1_-20b", "geometry": {"type": "MultiPolygon", "coordinates": [[[[106.87507348, 47.89227155], [106.87512202, 47.89226778], [106.87526508, 47.89192733], [106.8744068, 47.89182118], [106.8742513, 47.8922939], [106.87507348, 47.89227155]]]]}, "geometry_name": "geom", "properties": {"guid": 1052848, "id": 1052848, "object_no": null, "object_name": "", "layer_type_id": 238, "valid_to": null, "address_no": null, "border_type": "solid", "border_width": null, "border_color": null, "border_opacity": null, "border_wellknown": "horizline", "fill_type": "color", "fill_color": "#f9cb9c", "fill_opacity": 0.58, "fill_wellknown": "horizline", "fill_shape_color": "#f9cb9c", "fill_shape_width": null, "fill_shape_size": null, "fill_img_url": null, "marker_img_url": null}},{"type": "Feature", "id": "layer_data_map.fid--27e80436_1a098c1eed1_-20a", "geometry": {"type": "MultiPolygon", "coordinates": [[[[106.86032338, 47.89771979], [106.86117838, 47.89803864], [106.86158776, 47.89752723], [106.86074752, 47.89720702], [106.86032338, 47.89771979]]]]}, "geometry_name": "geom", "properties": {"guid": 1052850, "id": 1052850, "object_no": null, "object_name": "", "layer_type_id": 238, "valid_to": null, "address_no": null, "border_type": "solid", "border_width": null, "border_color": null, "border_opacity": null, "border_wellknown": "horizline", "fill_type": "color", "fill_color": "#f9cb9c", "fill_opacity": 0.58, "fill_wellknown": "horizline", "fill_shape_color": "#f9cb9c", "fill_shape_width": null, "fill_shape_size": null, "fill_img_url": null, "marker_img_url": null}},{"type": "Feature", "id": "layer_data_map.fid--27e80436_1a098c1eed1_-209", "geometry": {"type": "MultiPolygon", "coordinates": [[[[106.88310264, 47.90289941], [106.88437234, 47.90269596], [106.8841973, 47.90206875], [106.88360058, 47.90216107], [106.88309274, 47.9026976], [106.88238138, 47.90279776], [106.88230992, 47.90258467], [106.88194157, 47.90261975], [106.88208526, 47.90306735], [106.88310264, 47.90289941]]]]}, "geometry_name": "geom", "properties": {"guid": 1052851, "id": 1052851, "object_no": null, "object_name": "", "layer_type_id": 238, "valid_to": null, "address_no": null, "border_type": "solid", "border_width": null, "border_color": null, "border_opacity": null, "border_wellknown": "horizline", "fill_type": "color", "fill_color": "#f9cb9c", "fill_opacity": 0.58, "fill_wellknown": "horizline", "fill_shape_color": "#f9cb9c", "fill_shape_width": null, "fill_shape_size": null, "fill_img_url": null, "marker_img_url": null}},{"type": "Feature", "id": "layer_data_map.fid--27e80436_1a098c1eed1_-208", "geometry": {"type": "MultiPolygon", "coordinates": [[[[106.87614254, 47.90349756], [106.87613458, 47.9032882], [106.87536978, 47.90271998], [106.875281, 47.9034805], [106.87614254, 47.90349756]]]]}, "geometry_name": "geom", "properties": {"guid": 1052854, "id": 1052854, "object_no": null, "object_name": "", "layer_type_id": 238, "valid_to": null, "address_no": null, "border_type": "solid", "border_width": null, "border_color": null, "border_opacity": null, "border_wellknown": "horizline", "fill_type": "color", "fill_color": "#f9cb9c", "fill_opacity": 0.58, "fill_wellknown": "horizline", "fill_shape_color": "#f9cb9c", "fill_shape_width": null, "fill_shape_size": null, "fill_img_url": null, "marker_img_url": null}},{"type": "Feature", "id": "layer_data_map.fid--27e80436_1a098c1eed1_-207", "geometry": {"type": "MultiPolygon", "coordinates": [[[[106.92324391, 47.88550563], [106.92374379, 47.88536194], [106.92393611, 47.88541823], [106.9244122, 47.88525253], [106.9237624, 47.88446794], [106.92272305, 47.88480595], [106.92324391, 47.88550563]]]]}, "geometry_name": "geom", "properties": {"guid": 1052855, "id": 1052855, "object_no": null, "object_name": "", "layer_type_id": 238, "valid_to": null, "address_no": null, "border_type": "solid", "border_width": null, "border_color": null, "border_opacity": null, "border_wellknown": "horizline", "fill_type": "color", "fill_color": "#f9cb9c", "fill_opacity": 0.58, "fill_wellknown": "horizline", "fill_shape_color": "#f9cb9c", "fill_shape_width": null, "fill_shape_size": null, "fill_img_url": null, "marker_img_url": null}},{"type": "Feature", "id": "layer_data_map.fid--27e80436_1a098c1eed1_-206", "geometry": {"type": "MultiPolygon", "coordinates": [[[[106.9237624, 47.88446794], [106.92430265, 47.8843259], [106.92389234, 47.8836394], [106.92337559, 47.88378197], [106.9237624, 47.88446794]]]]}, "geometry_name": "geom", "properties": {"guid": 1052857, "id": 1052857, "object_no": null, "object_name": "", "layer_type_id": 238, "valid_to": null, "address_no": null, "border_type": "solid", "border_width": null, "border_color": null, "border_opacity": null, "border_wellknown": "horizline", "fill_type": "color", "fill_color": "#f9cb9c", "fill_opacity": 0.58, "fill_wellknown": "horizline", "fill_shape_color": "#f9cb9c", "fill_shape_width": null, "fill_shape_size": null, "fill_img_url": null, "marker_img_url": null}},{"type": "Feature", "id": "layer_data_map.fid--27e80436_1a098c1eed1_-205", "geometry": {"type": "MultiPolygon", "coordinates": [[[[106.92272305, 47.88480595], [106.92366678, 47.88449903], [106.92334081, 47.88399725], [106.9224293, 47.88427736], [106.92272305, 47.88480595]]]]}, "geometry_name": "geom", "properties": {"guid": 1052858, "id": 1052858, "object_no": null, "object_name": "", "layer_type_id": 238, "valid_to": null, "address_no": null, "border_type": "solid", "border_width": null, "border_color": null, "border_opacity": null, "border_wellknown": "horizline", "fill_type": "color", "fill_color": "#f9cb9c", "fill_opacity": 0.58, "fill_wellknown": "horizline", "fill_shape_color": "#f9cb9c", "fill_shape_width": null, "fill_shape_size": null, "fill_img_url": null, "marker_img_url": null}},{"type": "Feature", "id": "layer_data_map.fid--27e80436_1a098c1eed1_-204", "geometry": {"type": "MultiPolygon", "coordinates": [[[[106.92043114, 47.88235272], [106.92015563, 47.88153852], [106.91903099, 47.88172279], [106.91932602, 47.88254038], [106.92043114, 47.88235272]]]]}, "geometry_name": "geom", "properties": {"guid": 1052860, "id": 1052860, "object_no": null, "object_name": "", "layer_type_id": 238, "valid_to": null, "address_no": null, "border_type": "solid", "border_width": null, "border_color": null, "border_opacity": null, "border_wellknown": "horizline", "fill_type": "color", "fill_color": "#f9cb9c", "fill_opacity": 0.58, "fill_wellknown": "horizline", "fill_shape_color": "#f9cb9c", "fill_shape_width": null, "fill_shape_size": null, "fill_img_url": null, "marker_img_url": null}},{"type": "Feature", "id": "layer_data_map.fid--27e80436_1a098c1eed1_-203", "geometry": {"type": "MultiPolygon", "coordinates": [[[[106.91970289, 47.88052834], [106.92109044, 47.88030886], [106.92055152, 47.87899078], [106.91920604, 47.87925695], [106.91970289, 47.88052834]]]]}, "geometry_name": "geom", "properties": {"guid": 1052861, "id": 1052861, "object_no": null, "object_name": "", "layer_type_id": 238, "valid_to": null, "address_no": null, "border_type": "solid", "border_width": null, "border_color": null, "border_opacity": null, "border_wellknown": "horizline", "fill_type": "color", "fill_color": "#f9cb9c", "fill_opacity": 0.58, "fill_wellknown": "horizline", "fill_shape_color": "#f9cb9c", "fill_shape_width": null, "fill_shape_size": null, "fill_img_url": null, "marker_img_url": null}},{"type": "Feature", "id": "layer_data_map.fid--27e80436_1a098c1eed1_-202", "geometry": {"type": "MultiPolygon", "coordinates": [[[[106.91776792, 47.87862484], [106.91884448, 47.87842245], [106.9185224, 47.87766146], [106.91749353, 47.87783938], [106.91776792, 47.87862484]]]]}, "geometry_name": "geom", "properties": {"guid": 1052863, "id": 1052863, "object_no": null, "object_name": "", "layer_type_id": 238, "valid_to": null, "address_no": null, "border_type": "solid", "border_width": null, "border_color": null, "border_opacity": null, "border_wellknown": "horizline", "fill_type": "color", "fill_color": "#f9cb9c", "fill_opacity": 0.58, "fill_wellknown": "horizline", "fill_shape_color": "#f9cb9c", "fill_shape_width": null, "fill_shape_size": null, "fill_img_url": null, "marker_img_url": null}},{"type": "Feature", "id": "layer_data_map.fid--27e80436_1a098c1eed1_-201", "geometry": {"type": "MultiPolygon", "coordinates": [[[[106.90966315, 47.87607915], [106.91088511, 47.87614194], [106.9109819, 47.87525372], [106.90991088, 47.87535785], [106.90966315, 47.87607915]]]]}, "geometry_name": "geom", "properties": {"guid": 1052864, "id": 1052864, "object_no": null, "object_name": "", "layer_type_id": 238, "valid_to": null, "address_no": null, "border_type": "solid", "border_width": null, "border_color": null, "border_opacity": null, "border_wellknown": "horizline", "fill_type": "color", "fill_color": "#f9cb9c", "fill_opacity": 0.58, "fill_wellknown": "horizline", "fill_shape_color": "#f9cb9c", "fill_shape_width": null, "fill_shape_size": null, "fill_img_url": null, "marker_img_url": null}},{"type": "Feature", "id": "layer_data_map.fid--27e80436_1a098c1eed1_-200", "geometry": {"type": "MultiPolygon", "coordinates": [[[[106.91339958, 47.87816251], [106.91515629, 47.87786243], [106.9147449, 47.87686915], [106.91209122, 47.87702241], [106.91173178, 47.87719321], [106.91190278, 47.87762222], [106.91318054, 47.87744715], [106.91339958, 47.87816251]]]]}, "geometry_name": "geom", "properties": {"guid": 1052867, "id": 1052867, "object_no": null, "object_name": "", "layer_type_id": 238, "valid_to": null, "address_no": null, "border_type": "solid", "border_width": null, "border_color": null, "border_opacity": null, "border_wellknown": "horizline", "fill_type": "color", "fill_color": "#f9cb9c", "fill_opacity": 0.58, "fill_wellknown": "horizline", "fill_shape_color": "#f9cb9c", "fill_shape_width": null, "fill_shape_size": null, "fill_img_url": null, "marker_img_url": null}},{"type": "Feature", "id": "layer_data_map.fid--27e80436_1a098c1eed1_-1ff", "geometry": {"type": "MultiPolygon", "coordinates": [[[[106.86233746, 47.87806567], [106.86355988, 47.87814166], [106.86410987, 47.87578846], [106.86311697, 47.87550141], [106.86233746, 47.87806567]]]]}, "geometry_name": "geom", "properties": {"guid": 1052868, "id": 1052868, "object_no": null, "object_name": "", "layer_type_id": 238, "valid_to": null, "address_no": null, "border_type": "solid", "border_width": null, "border_color": null, "border_opacity": null, "border_wellknown": "horizline", "fill_type": "color", "fill_color": "#f9cb9c", "fill_opacity": 0.58, "fill_wellknown": "horizline", "fill_shape_color": "#f9cb9c", "fill_shape_width": null, "fill_shape_size": null, "fill_img_url": null, "marker_img_url": null}},{"type": "Feature", "id": "layer_data_map.fid--27e80436_1a098c1eed1_-1fe", "geometry": {"type": "MultiPolygon", "coordinates": [[[[106.83591731, 47.87236567], [106.84163825, 47.87401673], [106.84514904, 47.86856965], [106.83925323, 47.86698512], [106.83807624, 47.86897943], [106.83591731, 47.87236567]]]]}, "geometry_name": "geom", "properties": {"guid": 1052870, "id": 1052870, "object_no": null, "object_name": "", "layer_type_id": 238, "valid_to": null, "address_no": null, "border_type": "solid", "border_width": null, "border_color": null, "border_opacity": null, "border_wellknown": "horizline", "fill_type": "color", "fill_color": "#f9cb9c", "fill_opacity": 0.58, "fill_wellknown": "horizline", "fill_shape_color": "#f9cb9c", "fill_shape_width": null, "fill_shape_size": null, "fill_img_url": null, "marker_img_url": null}},{"type": "Feature", "id": "layer_data_map.fid--27e80436_1a098c1eed1_-1fd", "geometry": {"type": "MultiPolygon", "coordinates": [[[[106.92360245, 47.89007607], [106.92360389, 47.89007603], [106.92360553, 47.8900367], [106.92360245, 47.89007607]]], [[[106.92343725, 47.89218452], [106.92360245, 47.89007607], [106.92223167, 47.89011728], [106.92199158, 47.89031826], [106.92159076, 47.89048066], [106.92147998, 47.89213675], [106.92343725, 47.89218452]]]]}, "geometry_name": "geom", "properties": {"guid": 1052871, "id": 1052871, "object_no": null, "object_name": "", "layer_type_id": 238, "valid_to": null, "address_no": null, "border_type": "solid", "border_width": null, "border_color": null, "border_opacity": null, "border_wellknown": "horizline", "fill_type": "color", "fill_color": "#f9cb9c", "fill_opacity": 0.58, "fill_wellknown": "horizline", "fill_shape_color": "#f9cb9c", "fill_shape_width": null, "fill_shape_size": null, "fill_img_url": null, "marker_img_url": null}},{"type": "Feature", "id": "layer_data_map.fid--27e80436_1a098c1eed1_-1fc", "geometry": {"type": "MultiPolygon", "coordinates": [[[[106.78619014, 47.86182537], [106.78663469, 47.86113068], [106.78434301, 47.8604284], [106.78423123, 47.86120388], [106.78619014, 47.86182537]]]]}, "geometry_name": "geom", "properties": {"guid": 1052873, "id": 1052873, "object_no": null, "object_name": "", "layer_type_id": 238, "valid_to": null, "address_no": null, "border_type": "solid", "border_width": null, "border_color": null, "border_opacity": null, "border_wellknown": "horizline", "fill_type": "color", "fill_color": "#f9cb9c", "fill_opacity": 0.58, "fill_wellknown": "horizline", "fill_shape_color": "#f9cb9c", "fill_shape_width": null, "fill_shape_size": null, "fill_img_url": null, "marker_img_url": null}},{"type": "Feature", "id": "layer_data_map.fid--27e80436_1a098c1eed1_-1fb", "geometry": {"type": "MultiPolygon", "coordinates": [[[[106.93141165, 47.90252257], [106.93360778, 47.90262785], [106.93375564, 47.90124601], [106.93194968, 47.90108803], [106.93141165, 47.90252257]]]]}, "geometry_name": "geom", "properties": {"guid": 1052874, "id": 1052874, "object_no": null, "object_name": "", "layer_type_id": 238, "valid_to": null, "address_no": null, "border_type": "solid", "border_width": null, "border_color": null, "border_opacity": null, "border_wellknown": "horizline", "fill_type": "color", "fill_color": "#f9cb9c", "fill_opacity": 0.58, "fill_wellknown": "horizline", "fill_shape_color": "#f9cb9c", "fill_shape_width": null, "fill_shape_size": null, "fill_img_url": null, "marker_img_url": null}},{"type": "Feature", "id": "layer_data_map.fid--27e80436_1a098c1eed1_-1fa", "geometry": {"type": "MultiPolygon", "coordinates": [[[[106.94183323, 47.90368035], [106.94277123, 47.90372506], [106.94277182, 47.90366159], [106.94341444, 47.90367809], [106.9433584, 47.90349615], [106.94311687, 47.90326084], [106.9427725, 47.90313645], [106.94189363, 47.90289599], [106.94183323, 47.90368035]]]]}, "geometry_name": "geom", "properties": {"guid": 1052876, "id": 1052876, "object_no": null, "object_name": "", "layer_type_id": 238, "valid_to": null, "address_no": null, "border_type": "solid", "border_width": null, "border_color": null, "border_opacity": null, "border_wellknown": "horizline", "fill_type": "color", "fill_color": "#f9cb9c", "fill_opacity": 0.58, "fill_wellknown": "horizline", "fill_shape_color": "#f9cb9c", "fill_shape_width": null, "fill_shape_size": null, "fill_img_url": null, "marker_img_url": null}},{"type": "Feature", "id": "layer_data_map.fid--27e80436_1a098c1eed1_-1f9", "geometry": {"type": "MultiPolygon", "coordinates": [[[[106.94037096, 47.9037002], [106.94096334, 47.90372595], [106.94108553, 47.90268165], [106.9388679, 47.90218558], [106.93874332, 47.90336225], [106.94039845, 47.90344208], [106.94037096, 47.9037002]]]]}, "geometry_name": "geom", "properties": {"guid": 1052877, "id": 1052877, "object_no": null, "object_name": "", "layer_type_id": 238, "valid_to": null, "address_no": null, "border_type": "solid", "border_width": null, "border_color": null, "border_opacity": null, "border_wellknown": "horizline", "fill_type": "color", "fill_color": "#f9cb9c", "fill_opacity": 0.58, "fill_wellknown": "horizline", "fill_shape_color": "#f9cb9c", "fill_shape_width": null, "fill_shape_size": null, "fill_img_url": null, "marker_img_url": null}},{"type": "Feature", "id": "layer_data_map.fid--27e80436_1a098c1eed1_-1f8", "geometry": {"type": "MultiPolygon", "coordinates": [[[[106.93552626, 47.90269042], [106.93709663, 47.90274805], [106.93716635, 47.90218472], [106.9356695, 47.90180714], [106.93552626, 47.90269042]]]]}, "geometry_name": "geom", "properties": {"guid": 1052880, "id": 1052880, "object_no": null, "object_name": "", "layer_type_id": 238, "valid_to": null, "address_no": null, "border_type": "solid", "border_width": null, "border_color": null, "border_opacity": null, "border_wellknown": "horizline", "fill_type": "color", "fill_color": "#f9cb9c", "fill_opacity": 0.58, "fill_wellknown": "horizline", "fill_shape_color": "#f9cb9c", "fill_shape_width": null, "fill_shape_size": null, "fill_img_url": null, "marker_img_url": null}},{"type": "Feature", "id": "layer_data_map.fid--27e80436_1a098c1eed1_-1f7", "geometry": {"type": "MultiPolygon", "coordinates": [[[[106.94709744, 47.9121286], [106.94743593, 47.91212213], [106.94743188, 47.91195365], [106.94769638, 47.91196104], [106.94771599, 47.91193093], [106.94772472, 47.91116436], [106.94671257, 47.91116722], [106.94662527, 47.91196704], [106.94710506, 47.91199768], [106.94709744, 47.9121286]]]]}, "geometry_name": "geom", "properties": {"guid": 1052882, "id": 1052882, "object_no": null, "object_name": "", "layer_type_id": 238, "valid_to": null, "address_no": null, "border_type": "solid", "border_width": null, "border_color": null, "border_opacity": null, "border_wellknown": "horizline", "fill_type": "color", "fill_color": "#f9cb9c", "fill_opacity": 0.58, "fill_wellknown": "horizline", "fill_shape_color": "#f9cb9c", "fill_shape_width": null, "fill_shape_size": null, "fill_img_url": null, "marker_img_url": null}},{"type": "Feature", "id": "layer_data_map.fid--27e80436_1a098c1eed1_-1f6", "geometry": {"type": "MultiPolygon", "coordinates": [[[[106.97712594, 47.91530592], [106.97731928, 47.91465602], [106.97695158, 47.91459157], [106.97691904, 47.91486564], [106.97672297, 47.91485643], [106.97659962, 47.91521086], [106.97712594, 47.91530592]]]]}, "geometry_name": "geom", "properties": {"guid": 1052883, "id": 1052883, "object_no": null, "object_name": "", "layer_type_id": 238, "valid_to": null, "address_no": null, "border_type": "solid", "border_width": null, "border_color": null, "border_opacity": null, "border_wellknown": "horizline", "fill_type": "color", "fill_color": "#f9cb9c", "fill_opacity": 0.58, "fill_wellknown": "horizline", "fill_shape_color": "#f9cb9c", "fill_shape_width": null, "fill_shape_size": null, "fill_img_url": null, "marker_img_url": null}},{"type": "Feature", "id": "layer_data_map.fid--27e80436_1a098c1eed1_-1f5", "geometry": {"type": "MultiPolygon", "coordinates": [[[[106.9879805, 47.91808488], [106.99021919, 47.91805607], [106.9899913, 47.91752154], [106.98919659, 47.91732809], [106.98801138, 47.91715223], [106.9879805, 47.91808488]]]]}, "geometry_name": "geom", "properties": {"guid": 1052885, "id": 1052885, "object_no": null, "object_name": "", "layer_type_id": 238, "valid_to": null, "address_no": null, "border_type": "solid", "border_width": null, "border_color": null, "border_opacity": null, "border_wellknown": "horizline", "fill_type": "color", "fill_color": "#f9cb9c", "fill_opacity": 0.58, "fill_wellknown": "horizline", "fill_shape_color": "#f9cb9c", "fill_shape_width": null, "fill_shape_size": null, "fill_img_url": null, "marker_img_url": null}},{"type": "Feature", "id": "layer_data_map.fid--27e80436_1a098c1eed1_-1f4", "geometry": {"type": "MultiPolygon", "coordinates": [[[[106.99461654, 47.91685654], [106.99462901, 47.9171017], [106.99590187, 47.91761524], [106.99868366, 47.91766145], [106.99872569, 47.91700427], [106.99461654, 47.91685654]]]]}, "geometry_name": "geom", "properties": {"guid": 1052886, "id": 1052886, "object_no": null, "object_name": "", "layer_type_id": 238, "valid_to": null, "address_no": null, "border_type": "solid", "border_width": null, "border_color": null, "border_opacity": null, "border_wellknown": "horizline", "fill_type": "color", "fill_color": "#f9cb9c", "fill_opacity": 0.58, "fill_wellknown": "horizline", "fill_shape_color": "#f9cb9c", "fill_shape_width": null, "fill_shape_size": null, "fill_img_url": null, "marker_img_url": null}},{"type": "Feature", "id": "layer_data_map.fid--27e80436_1a098c1eed1_-1f3", "geometry": {"type": "MultiPolygon", "coordinates": [[[[106.73836776, 47.92905191], [106.7385068, 47.9283269], [106.73862059, 47.92834247], [106.73858861, 47.92714133], [106.73876498, 47.92713526], [106.73828668, 47.9266025], [106.73685207, 47.92722712], [106.73615757, 47.9286292], [106.73836776, 47.92905191]]]]}, "geometry_name": "geom", "properties": {"guid": 1052888, "id": 1052888, "object_no": null, "object_name": "", "layer_type_id": 238, "valid_to": null, "address_no": null, "border_type": "solid", "border_width": null, "border_color": null, "border_opacity": null, "border_wellknown": "horizline", "fill_type": "color", "fill_color": "#f9cb9c", "fill_opacity": 0.58, "fill_wellknown": "horizline", "fill_shape_color": "#f9cb9c", "fill_shape_width": null, "fill_shape_size": null, "fill_img_url": null, "marker_img_url": null}},{"type": "Feature", "id": "layer_data_map.fid--27e80436_1a098c1eed1_-1f2", "geometry": {"type": "MultiPolygon", "coordinates": [[[[107.02607568, 47.88687556], [107.02744506, 47.88641244], [107.03376405, 47.88581111], [107.03589332, 47.88433066], [107.03951764, 47.88090951], [107.040255, 47.87913944], [107.03808064, 47.87892096], [107.03791997, 47.88023796], [107.03297437, 47.88462523], [107.0252666, 47.88573282], [107.02607568, 47.88687556]]]]}, "geometry_name": "geom", "properties": {"guid": 1052889, "id": 1052889, "object_no": null, "object_name": "", "layer_type_id": 238, "valid_to": null, "address_no": null, "border_type": "solid", "border_width": null, "border_color": null, "border_opacity": null, "border_wellknown": "horizline", "fill_type": "color", "fill_color": "#f9cb9c", "fill_opacity": 0.58, "fill_wellknown": "horizline", "fill_shape_color": "#f9cb9c", "fill_shape_width": null, "fill_shape_size": null, "fill_img_url": null, "marker_img_url": null}},{"type": "Feature", "id": "layer_data_map.fid--27e80436_1a098c1eed1_-1f1", "geometry": {"type": "MultiPolygon", "coordinates": [[[[107.19687073, 47.81161618], [107.19825783, 47.81161342], [107.19931447, 47.81173602], [107.19988507, 47.81164771], [107.2002839, 47.81146745], [107.20059773, 47.81115789], [107.20081401, 47.81042166], [107.20016759, 47.8099698], [107.19865429, 47.80928458], [107.19559499, 47.8100693], [107.19342278, 47.81156906], [107.19293646, 47.81239972], [107.19406512, 47.81297333], [107.19480831, 47.81278651], [107.1958008, 47.8122259], [107.19687073, 47.81161618]]]]}, "geometry_name": "geom", "properties": {"guid": 1052891, "id": 1052891, "object_no": null, "object_name": "", "layer_type_id": 238, "valid_to": null, "address_no": null, "border_type": "solid", "border_width": null, "border_color": null, "border_opacity": null, "border_wellknown": "horizline", "fill_type": "color", "fill_color": "#f9cb9c", "fill_opacity": 0.58, "fill_wellknown": "horizline", "fill_shape_color": "#f9cb9c", "fill_shape_width": null, "fill_shape_size": null, "fill_img_url": null, "marker_img_url": null}},{"type": "Feature", "id": "layer_data_map.fid--27e80436_1a098c1eed1_-1f0", "geometry": {"type": "MultiPolygon", "coordinates": [[[[106.96667957, 47.91975985], [106.96829539, 47.91966804], [106.96827527, 47.91940913], [106.96683072, 47.9194964], [106.96677318, 47.91911964], [106.96639023, 47.91913916], [106.96641522, 47.91962737], [106.96618821, 47.91963321], [106.96620549, 47.91978302], [106.96667957, 47.91975985]]]]}, "geometry_name": "geom", "properties": {"guid": 1052893, "id": 1052893, "object_no": null, "object_name": "", "layer_type_id": 238, "valid_to": null, "address_no": null, "border_type": "solid", "border_width": null, "border_color": null, "border_opacity": null, "border_wellknown": "horizline", "fill_type": "color", "fill_color": "#f9cb9c", "fill_opacity": 0.58, "fill_wellknown": "horizline", "fill_shape_color": "#f9cb9c", "fill_shape_width": null, "fill_shape_size": null, "fill_img_url": null, "marker_img_url": null}},{"type": "Feature", "id": "layer_data_map.fid--27e80436_1a098c1eed1_-1ef", "geometry": {"type": "MultiPolygon", "coordinates": [[[[106.85456068, 47.87516997], [106.85224797, 47.87737573], [106.85339021, 47.87790757], [106.85573792, 47.8757181], [106.85456068, 47.87516997]]]]}, "geometry_name": "geom", "properties": {"guid": 1052895, "id": 1052895, "object_no": null, "object_name": "", "layer_type_id": 238, "valid_to": null, "address_no": null, "border_type": "solid", "border_width": null, "border_color": null, "border_opacity": null, "border_wellknown": "horizline", "fill_type": "color", "fill_color": "#f9cb9c", "fill_opacity": 0.58, "fill_wellknown": "horizline", "fill_shape_color": "#f9cb9c", "fill_shape_width": null, "fill_shape_size": null, "fill_img_url": null, "marker_img_url": null}},{"type": "Feature", "id": "layer_data_map.fid--27e80436_1a098c1eed1_-1ee", "geometry": {"type": "MultiPolygon", "coordinates": [[[[106.89916682, 48.13464579], [106.89924686, 48.13542537], [106.90296152, 48.13603326], [106.90295949, 48.13632507], [106.904032, 48.13689942], [106.90585593, 48.13768442], [106.90708634, 48.13749482], [106.90966185, 48.1376209], [106.91277411, 48.13789554], [106.91446539, 48.13786738], [106.91494691, 48.13737021], [106.9149166, 48.13655547], [106.91386067, 48.13574067], [106.91030858, 48.13537071], [106.90343654, 48.13431768], [106.9018054, 48.13319478], [106.89967419, 48.13249787], [106.89888154, 48.13324046], [106.89916682, 48.13464579]]]]}, "geometry_name": "geom", "properties": {"guid": 1052897, "id": 1052897, "object_no": null, "object_name": "", "layer_type_id": 238, "valid_to": null, "address_no": null, "border_type": "solid", "border_width": null, "border_color": null, "border_opacity": null, "border_wellknown": "horizline", "fill_type": "color", "fill_color": "#f9cb9c", "fill_opacity": 0.58, "fill_wellknown": "horizline", "fill_shape_color": "#f9cb9c", "fill_shape_width": null, "fill_shape_size": null, "fill_img_url": null, "marker_img_url": null}},{"type": "Feature", "id": "layer_data_map.fid--27e80436_1a098c1eed1_-1ed", "geometry": {"type": "MultiPolygon", "coordinates": [[[[106.99681556, 48.07123674], [106.99817749, 48.0694871], [106.99751704, 48.06917125], [106.99594487, 48.07099596], [106.99681556, 48.07123674]]]]}, "geometry_name": "geom", "properties": {"guid": 1052898, "id": 1052898, "object_no": null, "object_name": "", "layer_type_id": 238, "valid_to": null, "address_no": null, "border_type": "solid", "border_width": null, "border_color": null, "border_opacity": null, "border_wellknown": "horizline", "fill_type": "color", "fill_color": "#f9cb9c", "fill_opacity": 0.58, "fill_wellknown": "horizline", "fill_shape_color": "#f9cb9c", "fill_shape_width": null, "fill_shape_size": null, "fill_img_url": null, "marker_img_url": null}},{"type": "Feature", "id": "layer_data_map.fid--27e80436_1a098c1eed1_-1ec", "geometry": {"type": "MultiPolygon", "coordinates": [[[[107.01186315, 48.07115271], [107.01252162, 48.07141494], [107.01226584, 48.07168725], [107.01419782, 48.07272467], [107.01455962, 48.0724386], [107.01387907, 48.07161136], [107.01329349, 48.07116931], [107.01257121, 48.07109269], [107.01186315, 48.07115271]]]]}, "geometry_name": "geom", "properties": {"guid": 1052900, "id": 1052900, "object_no": null, "object_name": "", "layer_type_id": 238, "valid_to": null, "address_no": null, "border_type": "solid", "border_width": null, "border_color": null, "border_opacity": null, "border_wellknown": "horizline", "fill_type": "color", "fill_color": "#f9cb9c", "fill_opacity": 0.58, "fill_wellknown": "horizline", "fill_shape_color": "#f9cb9c", "fill_shape_width": null, "fill_shape_size": null, "fill_img_url": null, "marker_img_url": null}},{"type": "Feature", "id": "layer_data_map.fid--27e80436_1a098c1eed1_-1eb", "geometry": {"type": "MultiPolygon", "coordinates": [[[[107.02983973, 48.05626288], [107.02841311, 48.05634545], [107.02844788, 48.0570495], [107.02812461, 48.05785987], [107.02776678, 48.05869465], [107.02829051, 48.05882824], [107.02872345, 48.0588206], [107.03022906, 48.05899873], [107.03031103, 48.05873541], [107.03023984, 48.05837005], [107.0300058, 48.05819802], [107.03016404, 48.05626214], [107.02983973, 48.05626288]]]]}, "geometry_name": "geom", "properties": {"guid": 1052901, "id": 1052901, "object_no": null, "object_name": "", "layer_type_id": 238, "valid_to": null, "address_no": null, "border_type": "solid", "border_width": null, "border_color": null, "border_opacity": null, "border_wellknown": "horizline", "fill_type": "color", "fill_color": "#f9cb9c", "fill_opacity": 0.58, "fill_wellknown": "horizline", "fill_shape_color": "#f9cb9c", "fill_shape_width": null, "fill_shape_size": null, "fill_img_url": null, "marker_img_url": null}},{"type": "Feature", "id": "layer_data_map.fid--27e80436_1a098c1eed1_-1ea", "geometry": {"type": "MultiPolygon", "coordinates": [[[[106.97415711, 48.00188789], [106.97357145, 48.00225029], [106.97475081, 48.00322275], [106.97548554, 48.00286254], [106.97415711, 48.00188789]]]]}, "geometry_name": "geom", "properties": {"guid": 1052903, "id": 1052903, "object_no": null, "object_name": "", "layer_type_id": 238, "valid_to": null, "address_no": null, "border_type": "solid", "border_width": null, "border_color": null, "border_opacity": null, "border_wellknown": "horizline", "fill_type": "color", "fill_color": "#f9cb9c", "fill_opacity": 0.58, "fill_wellknown": "horizline", "fill_shape_color": "#f9cb9c", "fill_shape_width": null, "fill_shape_size": null, "fill_img_url": null, "marker_img_url": null}},{"type": "Feature", "id": "layer_data_map.fid--27e80436_1a098c1eed1_-1e9", "geometry": {"type": "MultiPolygon", "coordinates": [[[[106.9444509, 48.04640038], [106.94331231, 48.04609827], [106.94255849, 48.04587891], [106.94226928, 48.04574096], [106.9412373, 48.04591315], [106.94089426, 48.0474128], [106.94114814, 48.04802747], [106.9407017, 48.04866588], [106.94134821, 48.04886326], [106.94217541, 48.04890879], [106.94285755, 48.04887345], [106.94387287, 48.04849322], [106.94462373, 48.04839719], [106.94534877, 48.04808733], [106.94532601, 48.04771872], [106.94470186, 48.0474079], [106.94416225, 48.04722064], [106.9444509, 48.04640038]]]]}, "geometry_name": "geom", "properties": {"guid": 1052904, "id": 1052904, "object_no": null, "object_name": "", "layer_type_id": 238, "valid_to": null, "address_no": null, "border_type": "solid", "border_width": null, "border_color": null, "border_opacity": null, "border_wellknown": "horizline", "fill_type": "color", "fill_color": "#f9cb9c", "fill_opacity": 0.58, "fill_wellknown": "horizline", "fill_shape_color": "#f9cb9c", "fill_shape_width": null, "fill_shape_size": null, "fill_img_url": null, "marker_img_url": null}},{"type": "Feature", "id": "layer_data_map.fid--27e80436_1a098c1eed1_-1e8", "geometry": {"type": "MultiPolygon", "coordinates": [[[[106.71201816, 47.97485157], [106.71196772, 47.97381498], [106.70895583, 47.97365189], [106.70887301, 47.97410794], [106.71201816, 47.97485157]]]]}, "geometry_name": "geom", "properties": {"guid": 1052907, "id": 1052907, "object_no": null, "object_name": "", "layer_type_id": 238, "valid_to": null, "address_no": null, "border_type": "solid", "border_width": null, "border_color": null, "border_opacity": null, "border_wellknown": "horizline", "fill_type": "color", "fill_color": "#f9cb9c", "fill_opacity": 0.58, "fill_wellknown": "horizline", "fill_shape_color": "#f9cb9c", "fill_shape_width": null, "fill_shape_size": null, "fill_img_url": null, "marker_img_url": null}},{"type": "Feature", "id": "layer_data_map.fid--27e80436_1a098c1eed1_-1e7", "geometry": {"type": "MultiPolygon", "coordinates": [[[[106.70774838, 47.97911447], [106.70835426, 47.97788294], [106.70704688, 47.97763033], [106.70643942, 47.97882858], [106.70774838, 47.97911447]]]]}, "geometry_name": "geom", "properties": {"guid": 1052908, "id": 1052908, "object_no": null, "object_name": "", "layer_type_id": 238, "valid_to": null, "address_no": null, "border_type": "solid", "border_width": null, "border_color": null, "border_opacity": null, "border_wellknown": "horizline", "fill_type": "color", "fill_color": "#f9cb9c", "fill_opacity": 0.58, "fill_wellknown": "horizline", "fill_shape_color": "#f9cb9c", "fill_shape_width": null, "fill_shape_size": null, "fill_img_url": null, "marker_img_url": null}},{"type": "Feature", "id": "layer_data_map.fid--27e80436_1a098c1eed1_-1e6", "geometry": {"type": "MultiPolygon", "coordinates": [[[[106.94778422, 47.90371237], [106.94782484, 47.90469644], [106.9503134, 47.90465456], [106.95029098, 47.90413309], [106.94778422, 47.90371237]]]]}, "geometry_name": "geom", "properties": {"guid": 1052910, "id": 1052910, "object_no": null, "object_name": "", "layer_type_id": 238, "valid_to": null, "address_no": null, "border_type": "solid", "border_width": null, "border_color": null, "border_opacity": null, "border_wellknown": "horizline", "fill_type": "color", "fill_color": "#f9cb9c", "fill_opacity": 0.58, "fill_wellknown": "horizline", "fill_shape_color": "#f9cb9c", "fill_shape_width": null, "fill_shape_size": null, "fill_img_url": null, "marker_img_url": null}},{"type": "Feature", "id": "layer_data_map.fid--27e80436_1a098c1eed1_-1e5", "geometry": {"type": "MultiPolygon", "coordinates": [[[[106.93514811, 47.90108275], [106.93488616, 47.90149756], [106.93562663, 47.90170172], [106.93588022, 47.90128677], [106.93514811, 47.90108275]]]]}, "geometry_name": "geom", "properties": {"guid": 1052911, "id": 1052911, "object_no": null, "object_name": "", "layer_type_id": 238, "valid_to": null, "address_no": null, "border_type": "solid", "border_width": null, "border_color": null, "border_opacity": null, "border_wellknown": "horizline", "fill_type": "color", "fill_color": "#f9cb9c", "fill_opacity": 0.58, "fill_wellknown": "horizline", "fill_shape_color": "#f9cb9c", "fill_shape_width": null, "fill_shape_size": null, "fill_img_url": null, "marker_img_url": null}},{"type": "Feature", "id": "layer_data_map.fid--27e80436_1a098c1eed1_-1e4", "geometry": {"type": "MultiPolygon", "coordinates": [[[[106.91439764, 47.87311107], [106.91186642, 47.87315694], [106.91165144, 47.87477775], [106.91425457, 47.87482441], [106.91439764, 47.87311107]]]]}, "geometry_name": "geom", "properties": {"guid": 1052913, "id": 1052913, "object_no": null, "object_name": "", "layer_type_id": 238, "valid_to": null, "address_no": null, "border_type": "solid", "border_width": null, "border_color": null, "border_opacity": null, "border_wellknown": "horizline", "fill_type": "color", "fill_color": "#f9cb9c", "fill_opacity": 0.58, "fill_wellknown": "horizline", "fill_shape_color": "#f9cb9c", "fill_shape_width": null, "fill_shape_size": null, "fill_img_url": null, "marker_img_url": null}},{"type": "Feature", "id": "layer_data_map.fid--27e80436_1a098c1eed1_-1e3", "geometry": {"type": "MultiPolygon", "coordinates": [[[[106.91440461, 47.87592439], [106.91563333, 47.87590833], [106.91539444, 47.87503056], [106.91522559, 47.87484944], [106.91444807, 47.87476283], [106.91440461, 47.87592439]]]]}, "geometry_name": "geom", "properties": {"guid": 1052915, "id": 1052915, "object_no": null, "object_name": "", "layer_type_id": 238, "valid_to": null, "address_no": null, "border_type": "solid", "border_width": null, "border_color": null, "border_opacity": null, "border_wellknown": "horizline", "fill_type": "color", "fill_color": "#f9cb9c", "fill_opacity": 0.58, "fill_wellknown": "horizline", "fill_shape_color": "#f9cb9c", "fill_shape_width": null, "fill_shape_size": null, "fill_img_url": null, "marker_img_url": null}},{"type": "Feature", "id": "layer_data_map.fid--27e80436_1a098c1eed1_-1e2", "geometry": {"type": "MultiPolygon", "coordinates": [[[[106.91082296, 47.8682722], [106.91043056, 47.86702778], [106.90844444, 47.867075], [106.90962778, 47.86975556], [106.91125833, 47.86965278], [106.91082296, 47.8682722]]]]}, "geometry_name": "geom", "properties": {"guid": 1052916, "id": 1052916, "object_no": null, "object_name": "", "layer_type_id": 238, "valid_to": null, "address_no": null, "border_type": "solid", "border_width": null, "border_color": null, "border_opacity": null, "border_wellknown": "horizline", "fill_type": "color", "fill_color": "#f9cb9c", "fill_opacity": 0.58, "fill_wellknown": "horizline", "fill_shape_color": "#f9cb9c", "fill_shape_width": null, "fill_shape_size": null, "fill_img_url": null, "marker_img_url": null}},{"type": "Feature", "id": "layer_data_map.fid--27e80436_1a098c1eed1_-1e1", "geometry": {"type": "MultiPolygon", "coordinates": [[[[106.90094722, 47.86487481], [106.90221666, 47.86444981], [106.90198056, 47.86307203], [106.90196329, 47.86299861], [106.90192296, 47.86213979], [106.90113655, 47.86168558], [106.90064476, 47.86178062], [106.89782273, 47.86242235], [106.89961944, 47.86284148], [106.900075, 47.86324703], [106.90086112, 47.86375537], [106.90094722, 47.86487481]]]]}, "geometry_name": "geom", "properties": {"guid": 1052918, "id": 1052918, "object_no": null, "object_name": "", "layer_type_id": 238, "valid_to": null, "address_no": null, "border_type": "solid", "border_width": null, "border_color": null, "border_opacity": null, "border_wellknown": "horizline", "fill_type": "color", "fill_color": "#f9cb9c", "fill_opacity": 0.58, "fill_wellknown": "horizline", "fill_shape_color": "#f9cb9c", "fill_shape_width": null, "fill_shape_size": null, "fill_img_url": null, "marker_img_url": null}},{"type": "Feature", "id": "layer_data_map.fid--27e80436_1a098c1eed1_-1e0", "geometry": {"type": "MultiPolygon", "coordinates": [[[[106.92196483, 47.87677414], [106.92196819, 47.87685262], [106.92349853, 47.87708241], [106.92372707, 47.87685096], [106.92231342, 47.87661414], [106.922138, 47.87666362], [106.92196483, 47.87677414]]]]}, "geometry_name": "geom", "properties": {"guid": 1052920, "id": 1052920, "object_no": null, "object_name": "", "layer_type_id": 238, "valid_to": null, "address_no": null, "border_type": "solid", "border_width": null, "border_color": null, "border_opacity": null, "border_wellknown": "horizline", "fill_type": "color", "fill_color": "#f9cb9c", "fill_opacity": 0.58, "fill_wellknown": "horizline", "fill_shape_color": "#f9cb9c", "fill_shape_width": null, "fill_shape_size": null, "fill_img_url": null, "marker_img_url": null}},{"type": "Feature", "id": "layer_data_map.fid--27e80436_1a098c1eed1_-1df", "geometry": {"type": "MultiPolygon", "coordinates": [[[[106.8970755, 47.8846668], [106.89728553, 47.88465559], [106.89750581, 47.88450911], [106.89761113, 47.88400147], [106.89718958, 47.88397472], [106.8970755, 47.8846668]]]]}, "geometry_name": "geom", "properties": {"guid": 1052922, "id": 1052922, "object_no": null, "object_name": "", "layer_type_id": 238, "valid_to": null, "address_no": null, "border_type": "solid", "border_width": null, "border_color": null, "border_opacity": null, "border_wellknown": "horizline", "fill_type": "color", "fill_color": "#f9cb9c", "fill_opacity": 0.58, "fill_wellknown": "horizline", "fill_shape_color": "#f9cb9c", "fill_shape_width": null, "fill_shape_size": null, "fill_img_url": null, "marker_img_url": null}},{"type": "Feature", "id": "layer_data_map.fid--27e80436_1a098c1eed1_-1de", "geometry": {"type": "MultiPolygon", "coordinates": [[[[106.89606989, 47.88008491], [106.89483648, 47.88036555], [106.89512355, 47.88091831], [106.89631394, 47.88066296], [106.89606989, 47.88008491]]]]}, "geometry_name": "geom", "properties": {"guid": 1052923, "id": 1052923, "object_no": null, "object_name": "", "layer_type_id": 238, "valid_to": null, "address_no": null, "border_type": "solid", "border_width": null, "border_color": null, "border_opacity": null, "border_wellknown": "horizline", "fill_type": "color", "fill_color": "#f9cb9c", "fill_opacity": 0.58, "fill_wellknown": "horizline", "fill_shape_color": "#f9cb9c", "fill_shape_width": null, "fill_shape_size": null, "fill_img_url": null, "marker_img_url": null}},{"type": "Feature", "id": "layer_data_map.fid--27e80436_1a098c1eed1_-1dd", "geometry": {"type": "MultiPolygon", "coordinates": [[[[106.90696922, 47.88138599], [106.90837108, 47.88146155], [106.9087924, 47.88045502], [106.90874522, 47.87922213], [106.90669988, 47.87905398], [106.90677827, 47.87998799], [106.90710057, 47.88010731], [106.90712655, 47.88080891], [106.90696922, 47.88138599]]]]}, "geometry_name": "geom", "properties": {"guid": 1052925, "id": 1052925, "object_no": null, "object_name": "", "layer_type_id": 238, "valid_to": null, "address_no": null, "border_type": "solid", "border_width": null, "border_color": null, "border_opacity": null, "border_wellknown": "horizline", "fill_type": "color", "fill_color": "#f9cb9c", "fill_opacity": 0.58, "fill_wellknown": "horizline", "fill_shape_color": "#f9cb9c", "fill_shape_width": null, "fill_shape_size": null, "fill_img_url": null, "marker_img_url": null}},{"type": "Feature", "id": "layer_data_map.fid--27e80436_1a098c1eed1_-1dc", "geometry": {"type": "MultiPolygon", "coordinates": [[[[106.91548293, 47.89688466], [106.91534547, 47.89797335], [106.91697842, 47.89804007], [106.9170283, 47.89725209], [106.91636959, 47.89687841], [106.91613932, 47.8967817], [106.91552516, 47.89654955], [106.91548293, 47.89688466]]]]}, "geometry_name": "geom", "properties": {"guid": 1052927, "id": 1052927, "object_no": null, "object_name": "", "layer_type_id": 238, "valid_to": null, "address_no": null, "border_type": "solid", "border_width": null, "border_color": null, "border_opacity": null, "border_wellknown": "horizline", "fill_type": "color", "fill_color": "#f9cb9c", "fill_opacity": 0.58, "fill_wellknown": "horizline", "fill_shape_color": "#f9cb9c", "fill_shape_width": null, "fill_shape_size": null, "fill_img_url": null, "marker_img_url": null}},{"type": "Feature", "id": "layer_data_map.fid--27e80436_1a098c1eed1_-1db", "geometry": {"type": "MultiPolygon", "coordinates": [[[[106.91556022, 47.89877432], [106.91559687, 47.89849718], [106.91694234, 47.89858243], [106.91695207, 47.89845833], [106.91697842, 47.89804007], [106.91540252, 47.89797568], [106.91469774, 47.89794654], [106.91452737, 47.89902961], [106.91517642, 47.89907644], [106.91521181, 47.89878017], [106.91556022, 47.89877432]]]]}, "geometry_name": "geom", "properties": {"guid": 1052928, "id": 1052928, "object_no": null, "object_name": "", "layer_type_id": 238, "valid_to": null, "address_no": null, "border_type": "solid", "border_width": null, "border_color": null, "border_opacity": null, "border_wellknown": "horizline", "fill_type": "color", "fill_color": "#f9cb9c", "fill_opacity": 0.58, "fill_wellknown": "horizline", "fill_shape_color": "#f9cb9c", "fill_shape_width": null, "fill_shape_size": null, "fill_img_url": null, "marker_img_url": null}},{"type": "Feature", "id": "layer_data_map.fid--27e80436_1a098c1eed1_-1da", "geometry": {"type": "MultiPolygon", "coordinates": [[[[106.9155969, 47.89849696], [106.91556022, 47.89877432], [106.91521181, 47.89878017], [106.91517642, 47.89907644], [106.91696264, 47.89914739], [106.9170085, 47.89858511], [106.9155969, 47.89849696]]]]}, "geometry_name": "geom", "properties": {"guid": 1052930, "id": 1052930, "object_no": null, "object_name": "", "layer_type_id": 238, "valid_to": null, "address_no": null, "border_type": "solid", "border_width": null, "border_color": null, "border_opacity": null, "border_wellknown": "horizline", "fill_type": "color", "fill_color": "#f9cb9c", "fill_opacity": 0.58, "fill_wellknown": "horizline", "fill_shape_color": "#f9cb9c", "fill_shape_width": null, "fill_shape_size": null, "fill_img_url": null, "marker_img_url": null}},{"type": "Feature", "id": "layer_data_map.fid--27e80436_1a098c1eed1_-1d9", "geometry": {"type": "MultiPolygon", "coordinates": [[[[106.91236421, 47.89838718], [106.91447744, 47.8984701], [106.91452406, 47.8979632], [106.9124253, 47.89788324], [106.91236421, 47.89838718]]]]}, "geometry_name": "geom", "properties": {"guid": 1052932, "id": 1052932, "object_no": null, "object_name": "", "layer_type_id": 238, "valid_to": null, "address_no": null, "border_type": "solid", "border_width": null, "border_color": null, "border_opacity": null, "border_wellknown": "horizline", "fill_type": "color", "fill_color": "#f9cb9c", "fill_opacity": 0.58, "fill_wellknown": "horizline", "fill_shape_color": "#f9cb9c", "fill_shape_width": null, "fill_shape_size": null, "fill_img_url": null, "marker_img_url": null}},{"type": "Feature", "id": "layer_data_map.fid--27e80436_1a098c1eed1_-1d8", "geometry": {"type": "MultiPolygon", "coordinates": [[[[106.92086438, 47.89724769], [106.92096719, 47.89584556], [106.91761265, 47.89567362], [106.91745459, 47.89713097], [106.92086438, 47.89724769]]]]}, "geometry_name": "geom", "properties": {"guid": 1052934, "id": 1052934, "object_no": null, "object_name": "", "layer_type_id": 238, "valid_to": null, "address_no": null, "border_type": "solid", "border_width": null, "border_color": null, "border_opacity": null, "border_wellknown": "horizline", "fill_type": "color", "fill_color": "#f9cb9c", "fill_opacity": 0.58, "fill_wellknown": "horizline", "fill_shape_color": "#f9cb9c", "fill_shape_width": null, "fill_shape_size": null, "fill_img_url": null, "marker_img_url": null}},{"type": "Feature", "id": "layer_data_map.fid--27e80436_1a098c1eed1_-1d7", "geometry": {"type": "MultiPolygon", "coordinates": [[[[106.93334279, 47.89008761], [106.93265834, 47.89025195], [106.93261229, 47.89026513], [106.93254348, 47.89029174], [106.93238427, 47.89032573], [106.93261824, 47.89074821], [106.93275373, 47.89087832], [106.93303999, 47.89097387], [106.93336466, 47.89096589], [106.93395595, 47.89065386], [106.93366985, 47.89034642], [106.9335723, 47.89025802], [106.93342865, 47.89014342], [106.93334279, 47.89008761]]]]}, "geometry_name": "geom", "properties": {"guid": 1052935, "id": 1052935, "object_no": null, "object_name": "", "layer_type_id": 238, "valid_to": null, "address_no": null, "border_type": "solid", "border_width": null, "border_color": null, "border_opacity": null, "border_wellknown": "horizline", "fill_type": "color", "fill_color": "#f9cb9c", "fill_opacity": 0.58, "fill_wellknown": "horizline", "fill_shape_color": "#f9cb9c", "fill_shape_width": null, "fill_shape_size": null, "fill_img_url": null, "marker_img_url": null}},{"type": "Feature", "id": "layer_data_map.fid--27e80436_1a098c1eed1_-1d6", "geometry": {"type": "MultiPolygon", "coordinates": [[[[106.85947773, 47.87896432], [106.85853333, 47.878225], [106.85950278, 47.87710278], [106.85780278, 47.87641944], [106.85518611, 47.87917778], [106.85776858, 47.88053549], [106.85947773, 47.87896432]]]]}, "geometry_name": "geom", "properties": {"guid": 1052937, "id": 1052937, "object_no": null, "object_name": "", "layer_type_id": 238, "valid_to": null, "address_no": null, "border_type": "solid", "border_width": null, "border_color": null, "border_opacity": null, "border_wellknown": "horizline", "fill_type": "color", "fill_color": "#f9cb9c", "fill_opacity": 0.58, "fill_wellknown": "horizline", "fill_shape_color": "#f9cb9c", "fill_shape_width": null, "fill_shape_size": null, "fill_img_url": null, "marker_img_url": null}},{"type": "Feature", "id": "layer_data_map.fid--27e80436_1a098c1eed1_-1d5", "geometry": {"type": "MultiPolygon", "coordinates": [[[[106.85947773, 47.87896432], [106.85776858, 47.88053549], [106.85918056, 47.88127778], [106.86073333, 47.87994722], [106.85947773, 47.87896432]]]]}, "geometry_name": "geom", "properties": {"guid": 1052939, "id": 1052939, "object_no": null, "object_name": "", "layer_type_id": 238, "valid_to": null, "address_no": null, "border_type": "solid", "border_width": null, "border_color": null, "border_opacity": null, "border_wellknown": "horizline", "fill_type": "color", "fill_color": "#f9cb9c", "fill_opacity": 0.58, "fill_wellknown": "horizline", "fill_shape_color": "#f9cb9c", "fill_shape_width": null, "fill_shape_size": null, "fill_img_url": null, "marker_img_url": null}},{"type": "Feature", "id": "layer_data_map.fid--27e80436_1a098c1eed1_-1d4", "geometry": {"type": "MultiPolygon", "coordinates": [[[[106.86252292, 47.87713722], [106.86123844, 47.87689015], [106.86129345, 47.87663276], [106.86007161, 47.87629421], [106.85967622, 47.87683852], [106.85927563, 47.87744519], [106.8592034, 47.87753872], [106.85898314, 47.87787926], [106.8589358, 47.87796225], [106.85888651, 47.87805261], [106.85949853, 47.8782048], [106.85969443, 47.87825707], [106.86029173, 47.87841451], [106.86031347, 47.87844151], [106.86156281, 47.87874189], [106.86171081, 47.87877274], [106.86195018, 47.8788346], [106.86252292, 47.87713722]]]]}, "geometry_name": "geom", "properties": {"guid": 1052940, "id": 1052940, "object_no": null, "object_name": "", "layer_type_id": 238, "valid_to": null, "address_no": null, "border_type": "solid", "border_width": null, "border_color": null, "border_opacity": null, "border_wellknown": "horizline", "fill_type": "color", "fill_color": "#f9cb9c", "fill_opacity": 0.58, "fill_wellknown": "horizline", "fill_shape_color": "#f9cb9c", "fill_shape_width": null, "fill_shape_size": null, "fill_img_url": null, "marker_img_url": null}},{"type": "Feature", "id": "layer_data_map.fid--27e80436_1a098c1eed1_-1d3", "geometry": {"type": "MultiPolygon", "coordinates": [[[[106.85573792, 47.8757181], [106.85339021, 47.87790757], [106.85451944, 47.87843333], [106.85680278, 47.87621389], [106.85573792, 47.8757181]]]]}, "geometry_name": "geom", "properties": {"guid": 1052942, "id": 1052942, "object_no": null, "object_name": "", "layer_type_id": 238, "valid_to": null, "address_no": null, "border_type": "solid", "border_width": null, "border_color": null, "border_opacity": null, "border_wellknown": "horizline", "fill_type": "color", "fill_color": "#f9cb9c", "fill_opacity": 0.58, "fill_wellknown": "horizline", "fill_shape_color": "#f9cb9c", "fill_shape_width": null, "fill_shape_size": null, "fill_img_url": null, "marker_img_url": null}},{"type": "Feature", "id": "layer_data_map.fid--27e80436_1a098c1eed1_-1d2", "geometry": {"type": "MultiPolygon", "coordinates": [[[[106.85456068, 47.87516997], [106.85351265, 47.87468198], [106.85123203, 47.87690267], [106.85224797, 47.87737573], [106.85456068, 47.87516997]]]]}, "geometry_name": "geom", "properties": {"guid": 1052944, "id": 1052944, "object_no": null, "object_name": "", "layer_type_id": 238, "valid_to": null, "address_no": null, "border_type": "solid", "border_width": null, "border_color": null, "border_opacity": null, "border_wellknown": "horizline", "fill_type": "color", "fill_color": "#f9cb9c", "fill_opacity": 0.58, "fill_wellknown": "horizline", "fill_shape_color": "#f9cb9c", "fill_shape_width": null, "fill_shape_size": null, "fill_img_url": null, "marker_img_url": null}},{"type": "Feature", "id": "layer_data_map.fid--27e80436_1a098c1eed1_-1d1", "geometry": {"type": "MultiPolygon", "coordinates": [[[[106.85243274, 47.87572695], [106.85351265, 47.87468198], [106.85242874, 47.87417729], [106.85136207, 47.87518734], [106.85243274, 47.87572695]]]]}, "geometry_name": "geom", "properties": {"guid": 1052946, "id": 1052946, "object_no": null, "object_name": "", "layer_type_id": 238, "valid_to": null, "address_no": null, "border_type": "solid", "border_width": null, "border_color": null, "border_opacity": null, "border_wellknown": "horizline", "fill_type": "color", "fill_color": "#f9cb9c", "fill_opacity": 0.58, "fill_wellknown": "horizline", "fill_shape_color": "#f9cb9c", "fill_shape_width": null, "fill_shape_size": null, "fill_img_url": null, "marker_img_url": null}},{"type": "Feature", "id": "layer_data_map.fid--27e80436_1a098c1eed1_-1d0", "geometry": {"type": "MultiPolygon", "coordinates": [[[[106.84374843, 47.87200368], [106.84352939, 47.87235302], [106.84853183, 47.8737575], [106.84877795, 47.87339881], [106.84374843, 47.87200368]]]]}, "geometry_name": "geom", "properties": {"guid": 1052947, "id": 1052947, "object_no": null, "object_name": "", "layer_type_id": 238, "valid_to": null, "address_no": null, "border_type": "solid", "border_width": null, "border_color": null, "border_opacity": null, "border_wellknown": "horizline", "fill_type": "color", "fill_color": "#f9cb9c", "fill_opacity": 0.58, "fill_wellknown": "horizline", "fill_shape_color": "#f9cb9c", "fill_shape_width": null, "fill_shape_size": null, "fill_img_url": null, "marker_img_url": null}},{"type": "Feature", "id": "layer_data_map.fid--27e80436_1a098c1eed1_-1cf", "geometry": {"type": "MultiPolygon", "coordinates": [[[[106.83047774, 47.85394012], [106.82956422, 47.85365877], [106.82896667, 47.85475831], [106.83003055, 47.85501667], [106.83047774, 47.85394012]]]]}, "geometry_name": "geom", "properties": {"guid": 1052949, "id": 1052949, "object_no": null, "object_name": "", "layer_type_id": 238, "valid_to": null, "address_no": null, "border_type": "solid", "border_width": null, "border_color": null, "border_opacity": null, "border_wellknown": "horizline", "fill_type": "color", "fill_color": "#f9cb9c", "fill_opacity": 0.58, "fill_wellknown": "horizline", "fill_shape_color": "#f9cb9c", "fill_shape_width": null, "fill_shape_size": null, "fill_img_url": null, "marker_img_url": null}},{"type": "Feature", "id": "layer_data_map.fid--27e80436_1a098c1eed1_-1ce", "geometry": {"type": "MultiPolygon", "coordinates": [[[[106.83188339, 47.8511667], [106.82982779, 47.85580555], [106.83315551, 47.85643889], [106.83403703, 47.85465195], [106.83246672, 47.85313613], [106.83317225, 47.85140273], [106.83188339, 47.8511667]]]]}, "geometry_name": "geom", "properties": {"guid": 1052950, "id": 1052950, "object_no": null, "object_name": "", "layer_type_id": 238, "valid_to": null, "address_no": null, "border_type": "solid", "border_width": null, "border_color": null, "border_opacity": null, "border_wellknown": "horizline", "fill_type": "color", "fill_color": "#f9cb9c", "fill_opacity": 0.58, "fill_wellknown": "horizline", "fill_shape_color": "#f9cb9c", "fill_shape_width": null, "fill_shape_size": null, "fill_img_url": null, "marker_img_url": null}},{"type": "Feature", "id": "layer_data_map.fid--27e80436_1a098c1eed1_-1cd", "geometry": {"type": "MultiPolygon", "coordinates": [[[[106.82645158, 47.8497768], [106.82549626, 47.85082403], [106.82674397, 47.85130412], [106.82772046, 47.85031615], [106.82645158, 47.8497768]]]]}, "geometry_name": "geom", "properties": {"guid": 1052952, "id": 1052952, "object_no": null, "object_name": "", "layer_type_id": 238, "valid_to": null, "address_no": null, "border_type": "solid", "border_width": null, "border_color": null, "border_opacity": null, "border_wellknown": "horizline", "fill_type": "color", "fill_color": "#f9cb9c", "fill_opacity": 0.58, "fill_wellknown": "horizline", "fill_shape_color": "#f9cb9c", "fill_shape_width": null, "fill_shape_size": null, "fill_img_url": null, "marker_img_url": null}},{"type": "Feature", "id": "layer_data_map.fid--27e80436_1a098c1eed1_-1cc", "geometry": {"type": "MultiPolygon", "coordinates": [[[[106.83222222, 47.84905], [106.83339716, 47.8493411], [106.83395905, 47.84832509], [106.83284444, 47.84803333], [106.83222222, 47.84905]]]]}, "geometry_name": "geom", "properties": {"guid": 1052953, "id": 1052953, "object_no": null, "object_name": "", "layer_type_id": 238, "valid_to": null, "address_no": null, "border_type": "solid", "border_width": null, "border_color": null, "border_opacity": null, "border_wellknown": "horizline", "fill_type": "color", "fill_color": "#f9cb9c", "fill_opacity": 0.58, "fill_wellknown": "horizline", "fill_shape_color": "#f9cb9c", "fill_shape_width": null, "fill_shape_size": null, "fill_img_url": null, "marker_img_url": null}},{"type": "Feature", "id": "layer_data_map.fid--27e80436_1a098c1eed1_-1cb", "geometry": {"type": "MultiPolygon", "coordinates": [[[[106.83862755, 47.83544463], [106.83785663, 47.8362426], [106.83912547, 47.83672699], [106.8398353, 47.8359446], [106.83862755, 47.83544463]]]]}, "geometry_name": "geom", "properties": {"guid": 1052955, "id": 1052955, "object_no": null, "object_name": "", "layer_type_id": 238, "valid_to": null, "address_no": null, "border_type": "solid", "border_width": null, "border_color": null, "border_opacity": null, "border_wellknown": "horizline", "fill_type": "color", "fill_color": "#f9cb9c", "fill_opacity": 0.58, "fill_wellknown": "horizline", "fill_shape_color": "#f9cb9c", "fill_shape_width": null, "fill_shape_size": null, "fill_img_url": null, "marker_img_url": null}},{"type": "Feature", "id": "layer_data_map.fid--27e80436_1a098c1eed1_-1ca", "geometry": {"type": "MultiPolygon", "coordinates": [[[[106.82181034, 47.81831916], [106.82140633, 47.81876952], [106.82317249, 47.81947234], [106.82541861, 47.81999762], [106.82553279, 47.81981665], [106.82181034, 47.81831916]]]]}, "geometry_name": "geom", "properties": {"guid": 1052958, "id": 1052958, "object_no": null, "object_name": "", "layer_type_id": 238, "valid_to": null, "address_no": null, "border_type": "solid", "border_width": null, "border_color": null, "border_opacity": null, "border_wellknown": "horizline", "fill_type": "color", "fill_color": "#f9cb9c", "fill_opacity": 0.58, "fill_wellknown": "horizline", "fill_shape_color": "#f9cb9c", "fill_shape_width": null, "fill_shape_size": null, "fill_img_url": null, "marker_img_url": null}},{"type": "Feature", "id": "layer_data_map.fid--27e80436_1a098c1eed1_-1c9", "geometry": {"type": "MultiPolygon", "coordinates": [[[[106.84232045, 47.80683891], [106.84270799, 47.80777634], [106.84403682, 47.80874475], [106.84513048, 47.80859443], [106.84553149, 47.80825623], [106.84454153, 47.80755644], [106.84362637, 47.80750465], [106.84355026, 47.80679235], [106.84232045, 47.80683891]]]]}, "geometry_name": "geom", "properties": {"guid": 1052959, "id": 1052959, "object_no": null, "object_name": "", "layer_type_id": 238, "valid_to": null, "address_no": null, "border_type": "solid", "border_width": null, "border_color": null, "border_opacity": null, "border_wellknown": "horizline", "fill_type": "color", "fill_color": "#f9cb9c", "fill_opacity": 0.58, "fill_wellknown": "horizline", "fill_shape_color": "#f9cb9c", "fill_shape_width": null, "fill_shape_size": null, "fill_img_url": null, "marker_img_url": null}},{"type": "Feature", "id": "layer_data_map.fid--27e80436_1a098c1eed1_-1c8", "geometry": {"type": "MultiPolygon", "coordinates": [[[[106.78236155, 47.85014023], [106.7821742, 47.85071093], [106.78321912, 47.85085897], [106.78341139, 47.85027748], [106.78236155, 47.85014023]]]]}, "geometry_name": "geom", "properties": {"guid": 1052961, "id": 1052961, "object_no": null, "object_name": "", "layer_type_id": 238, "valid_to": null, "address_no": null, "border_type": "solid", "border_width": null, "border_color": null, "border_opacity": null, "border_wellknown": "horizline", "fill_type": "color", "fill_color": "#f9cb9c", "fill_opacity": 0.58, "fill_wellknown": "horizline", "fill_shape_color": "#f9cb9c", "fill_shape_width": null, "fill_shape_size": null, "fill_img_url": null, "marker_img_url": null}},{"type": "Feature", "id": "layer_data_map.fid--27e80436_1a098c1eed1_-1c7", "geometry": {"type": "MultiPolygon", "coordinates": [[[[106.78174865, 47.85205044], [106.78146329, 47.85294498], [106.78291315, 47.8531545], [106.78319848, 47.85225997], [106.78174865, 47.85205044]]]]}, "geometry_name": "geom", "properties": {"guid": 1052962, "id": 1052962, "object_no": null, "object_name": "", "layer_type_id": 238, "valid_to": null, "address_no": null, "border_type": "solid", "border_width": null, "border_color": null, "border_opacity": null, "border_wellknown": "horizline", "fill_type": "color", "fill_color": "#f9cb9c", "fill_opacity": 0.58, "fill_wellknown": "horizline", "fill_shape_color": "#f9cb9c", "fill_shape_width": null, "fill_shape_size": null, "fill_img_url": null, "marker_img_url": null}},{"type": "Feature", "id": "layer_data_map.fid--27e80436_1a098c1eed1_-1c6", "geometry": {"type": "MultiPolygon", "coordinates": [[[[106.77815106, 47.85348677], [106.7781566, 47.85364865], [106.77826752, 47.85454671], [106.77854812, 47.85454237], [106.77854258, 47.85438049], [106.77843165, 47.85348243], [106.77815106, 47.85348677]]]]}, "geometry_name": "geom", "properties": {"guid": 1052964, "id": 1052964, "object_no": null, "object_name": "", "layer_type_id": 238, "valid_to": null, "address_no": null, "border_type": "solid", "border_width": null, "border_color": null, "border_opacity": null, "border_wellknown": "horizline", "fill_type": "color", "fill_color": "#f9cb9c", "fill_opacity": 0.58, "fill_wellknown": "horizline", "fill_shape_color": "#f9cb9c", "fill_shape_width": null, "fill_shape_size": null, "fill_img_url": null, "marker_img_url": null}},{"type": "Feature", "id": "layer_data_map.fid--27e80436_1a098c1eed1_-1c5", "geometry": {"type": "MultiPolygon", "coordinates": [[[[106.77240134, 47.85597716], [106.77400482, 47.85600604], [106.7740227, 47.85544532], [106.77281323, 47.85544403], [106.77240134, 47.85597716]]]]}, "geometry_name": "geom", "properties": {"guid": 1052966, "id": 1052966, "object_no": null, "object_name": "", "layer_type_id": 238, "valid_to": null, "address_no": null, "border_type": "solid", "border_width": null, "border_color": null, "border_opacity": null, "border_wellknown": "horizline", "fill_type": "color", "fill_color": "#f9cb9c", "fill_opacity": 0.58, "fill_wellknown": "horizline", "fill_shape_color": "#f9cb9c", "fill_shape_width": null, "fill_shape_size": null, "fill_img_url": null, "marker_img_url": null}},{"type": "Feature", "id": "layer_data_map.fid--27e80436_1a098c1eed1_-1c4", "geometry": {"type": "MultiPolygon", "coordinates": [[[[106.78107282, 47.85934485], [106.78115725, 47.85888509], [106.78161645, 47.8574394], [106.78084454, 47.85742135], [106.78047368, 47.85920705], [106.78107282, 47.85934485]]]]}, "geometry_name": "geom", "properties": {"guid": 1052967, "id": 1052967, "object_no": null, "object_name": "", "layer_type_id": 238, "valid_to": null, "address_no": null, "border_type": "solid", "border_width": null, "border_color": null, "border_opacity": null, "border_wellknown": "horizline", "fill_type": "color", "fill_color": "#f9cb9c", "fill_opacity": 0.58, "fill_wellknown": "horizline", "fill_shape_color": "#f9cb9c", "fill_shape_width": null, "fill_shape_size": null, "fill_img_url": null, "marker_img_url": null}},{"type": "Feature", "id": "layer_data_map.fid--27e80436_1a098c1eed1_-1c3", "geometry": {"type": "MultiPolygon", "coordinates": [[[[106.79244708, 47.86005104], [106.79184134, 47.86095087], [106.79461592, 47.86180266], [106.79522222, 47.86093902], [106.79244708, 47.86005104]]]]}, "geometry_name": "geom", "properties": {"guid": 1052969, "id": 1052969, "object_no": null, "object_name": "", "layer_type_id": 238, "valid_to": null, "address_no": null, "border_type": "solid", "border_width": null, "border_color": null, "border_opacity": null, "border_wellknown": "horizline", "fill_type": "color", "fill_color": "#f9cb9c", "fill_opacity": 0.58, "fill_wellknown": "horizline", "fill_shape_color": "#f9cb9c", "fill_shape_width": null, "fill_shape_size": null, "fill_img_url": null, "marker_img_url": null}},{"type": "Feature", "id": "layer_data_map.fid--27e80436_1a098c1eed1_-1c2", "geometry": {"type": "MultiPolygon", "coordinates": [[[[106.91316786, 47.90123242], [106.91287487, 47.90123784], [106.91253533, 47.90120223], [106.91093125, 47.90122894], [106.91093121, 47.90122893], [106.91087351, 47.90121649], [106.91071053, 47.90082086], [106.9102825, 47.90091278], [106.91095578, 47.90234308], [106.91103113, 47.90239517], [106.91299025, 47.90231064], [106.91300593, 47.90248208], [106.91316018, 47.90247195], [106.9130412, 47.90152297], [106.91340803, 47.90152118], [106.91343973, 47.90140138], [106.91353515, 47.90132667], [106.91316786, 47.90123242]]]]}, "geometry_name": "geom", "properties": {"guid": 1052970, "id": 1052970, "object_no": null, "object_name": "", "layer_type_id": 238, "valid_to": null, "address_no": null, "border_type": "solid", "border_width": null, "border_color": null, "border_opacity": null, "border_wellknown": "horizline", "fill_type": "color", "fill_color": "#f9cb9c", "fill_opacity": 0.58, "fill_wellknown": "horizline", "fill_shape_color": "#f9cb9c", "fill_shape_width": null, "fill_shape_size": null, "fill_img_url": null, "marker_img_url": null}},{"type": "Feature", "id": "layer_data_map.fid--27e80436_1a098c1eed1_-1c1", "geometry": {"type": "MultiPolygon", "coordinates": [[[[106.91220558, 47.9050666], [106.91251318, 47.90500399], [106.91270686, 47.90496567], [106.91277028, 47.90511061], [106.91409514, 47.90484138], [106.91384613, 47.90458508], [106.91378143, 47.90459241], [106.91368926, 47.90461419], [106.91368471, 47.9046068], [106.91208327, 47.90336978], [106.91181056, 47.90342059], [106.9115145, 47.90352647], [106.9115339, 47.90357466], [106.91220558, 47.9050666]]]]}, "geometry_name": "geom", "properties": {"guid": 1052973, "id": 1052973, "object_no": null, "object_name": "", "layer_type_id": 238, "valid_to": null, "address_no": null, "border_type": "solid", "border_width": null, "border_color": null, "border_opacity": null, "border_wellknown": "horizline", "fill_type": "color", "fill_color": "#f9cb9c", "fill_opacity": 0.58, "fill_wellknown": "horizline", "fill_shape_color": "#f9cb9c", "fill_shape_width": null, "fill_shape_size": null, "fill_img_url": null, "marker_img_url": null}},{"type": "Feature", "id": "layer_data_map.fid--27e80436_1a098c1eed1_-1c0", "geometry": {"type": "MultiPolygon", "coordinates": [[[[106.92107432, 47.90453343], [106.91984165, 47.90450813], [106.9198247, 47.90462707], [106.91979319, 47.9050585], [106.92093554, 47.90508471], [106.92107432, 47.90453343]]]]}, "geometry_name": "geom", "properties": {"guid": 1052974, "id": 1052974, "object_no": null, "object_name": "", "layer_type_id": 238, "valid_to": null, "address_no": null, "border_type": "solid", "border_width": null, "border_color": null, "border_opacity": null, "border_wellknown": "horizline", "fill_type": "color", "fill_color": "#f9cb9c", "fill_opacity": 0.58, "fill_wellknown": "horizline", "fill_shape_color": "#f9cb9c", "fill_shape_width": null, "fill_shape_size": null, "fill_img_url": null, "marker_img_url": null}},{"type": "Feature", "id": "layer_data_map.fid--27e80436_1a098c1eed1_-1bf", "geometry": {"type": "MultiPolygon", "coordinates": [[[[106.94299034, 47.90371905], [106.94287057, 47.90466193], [106.9432807, 47.90466546], [106.94340752, 47.90374056], [106.94299034, 47.90371905]]]]}, "geometry_name": "geom", "properties": {"guid": 1052976, "id": 1052976, "object_no": null, "object_name": "", "layer_type_id": 238, "valid_to": null, "address_no": null, "border_type": "solid", "border_width": null, "border_color": null, "border_opacity": null, "border_wellknown": "horizline", "fill_type": "color", "fill_color": "#f9cb9c", "fill_opacity": 0.58, "fill_wellknown": "horizline", "fill_shape_color": "#f9cb9c", "fill_shape_width": null, "fill_shape_size": null, "fill_img_url": null, "marker_img_url": null}},{"type": "Feature", "id": "layer_data_map.fid--27e80436_1a098c1eed1_-1be", "geometry": {"type": "MultiPolygon", "coordinates": [[[[106.73872529, 47.92651492], [106.73920603, 47.92710962], [106.73969288, 47.92709423], [106.73966128, 47.92858555], [106.74024688, 47.92861952], [106.74232946, 47.92655657], [106.7405096, 47.92577096], [106.73872529, 47.92651492]]]]}, "geometry_name": "geom", "properties": {"guid": 1052977, "id": 1052977, "object_no": null, "object_name": "", "layer_type_id": 238, "valid_to": null, "address_no": null, "border_type": "solid", "border_width": null, "border_color": null, "border_opacity": null, "border_wellknown": "horizline", "fill_type": "color", "fill_color": "#f9cb9c", "fill_opacity": 0.58, "fill_wellknown": "horizline", "fill_shape_color": "#f9cb9c", "fill_shape_width": null, "fill_shape_size": null, "fill_img_url": null, "marker_img_url": null}},{"type": "Feature", "id": "layer_data_map.fid--27e80436_1a098c1eed1_-1bd", "geometry": {"type": "MultiPolygon", "coordinates": [[[[106.77915001, 47.91549372], [106.77906847, 47.9160592], [106.78010815, 47.91611927], [106.7801879, 47.91555382], [106.77915001, 47.91549372]]]]}, "geometry_name": "geom", "properties": {"guid": 1052979, "id": 1052979, "object_no": null, "object_name": "", "layer_type_id": 238, "valid_to": null, "address_no": null, "border_type": "solid", "border_width": null, "border_color": null, "border_opacity": null, "border_wellknown": "horizline", "fill_type": "color", "fill_color": "#f9cb9c", "fill_opacity": 0.58, "fill_wellknown": "horizline", "fill_shape_color": "#f9cb9c", "fill_shape_width": null, "fill_shape_size": null, "fill_img_url": null, "marker_img_url": null}},{"type": "Feature", "id": "layer_data_map.fid--27e80436_1a098c1eed1_-1bc", "geometry": {"type": "MultiPolygon", "coordinates": [[[[106.81242193, 47.91754399], [106.81248405, 47.91685551], [106.81203862, 47.91683584], [106.81198751, 47.91752704], [106.81242193, 47.91754399]]]]}, "geometry_name": "geom", "properties": {"guid": 1052980, "id": 1052980, "object_no": null, "object_name": "", "layer_type_id": 238, "valid_to": null, "address_no": null, "border_type": "solid", "border_width": null, "border_color": null, "border_opacity": null, "border_wellknown": "horizline", "fill_type": "color", "fill_color": "#f9cb9c", "fill_opacity": 0.58, "fill_wellknown": "horizline", "fill_shape_color": "#f9cb9c", "fill_shape_width": null, "fill_shape_size": null, "fill_img_url": null, "marker_img_url": null}},{"type": "Feature", "id": "layer_data_map.fid--27e80436_1a098c1eed1_-1bb", "geometry": {"type": "MultiPolygon", "coordinates": [[[[106.81354059, 47.91821533], [106.81466604, 47.91829515], [106.81469799, 47.91809467], [106.8135588, 47.91802697], [106.81354059, 47.91821533]]]]}, "geometry_name": "geom", "properties": {"guid": 1052982, "id": 1052982, "object_no": null, "object_name": "", "layer_type_id": 238, "valid_to": null, "address_no": null, "border_type": "solid", "border_width": null, "border_color": null, "border_opacity": null, "border_wellknown": "horizline", "fill_type": "color", "fill_color": "#f9cb9c", "fill_opacity": 0.58, "fill_wellknown": "horizline", "fill_shape_color": "#f9cb9c", "fill_shape_width": null, "fill_shape_size": null, "fill_img_url": null, "marker_img_url": null}},{"type": "Feature", "id": "layer_data_map.fid--27e80436_1a098c1eed1_-1ba", "geometry": {"type": "MultiPolygon", "coordinates": [[[[106.81432942, 47.91778387], [106.81462766, 47.91780534], [106.81468821, 47.91751156], [106.81496496, 47.91752623], [106.81501822, 47.9173278], [106.81441822, 47.9172849], [106.81432942, 47.91778387]]]]}, "geometry_name": "geom", "properties": {"guid": 1052984, "id": 1052984, "object_no": null, "object_name": "", "layer_type_id": 238, "valid_to": null, "address_no": null, "border_type": "solid", "border_width": null, "border_color": null, "border_opacity": null, "border_wellknown": "horizline", "fill_type": "color", "fill_color": "#f9cb9c", "fill_opacity": 0.58, "fill_wellknown": "horizline", "fill_shape_color": "#f9cb9c", "fill_shape_width": null, "fill_shape_size": null, "fill_img_url": null, "marker_img_url": null}},{"type": "Feature", "id": "layer_data_map.fid--27e80436_1a098c1eed1_-1b9", "geometry": {"type": "MultiPolygon", "coordinates": [[[[106.80700836, 47.91465659], [106.80839263, 47.91474788], [106.80850673, 47.91395748], [106.80713101, 47.91385714], [106.80700836, 47.91465659]]]]}, "geometry_name": "geom", "properties": {"guid": 1052986, "id": 1052986, "object_no": null, "object_name": "", "layer_type_id": 238, "valid_to": null, "address_no": null, "border_type": "solid", "border_width": null, "border_color": null, "border_opacity": null, "border_wellknown": "horizline", "fill_type": "color", "fill_color": "#f9cb9c", "fill_opacity": 0.58, "fill_wellknown": "horizline", "fill_shape_color": "#f9cb9c", "fill_shape_width": null, "fill_shape_size": null, "fill_img_url": null, "marker_img_url": null}},{"type": "Feature", "id": "layer_data_map.fid--27e80436_1a098c1eed1_-1b8", "geometry": {"type": "MultiPolygon", "coordinates": [[[[106.80328636, 47.91017212], [106.80252044, 47.9101413], [106.80232626, 47.91168702], [106.80303015, 47.91176643], [106.80328636, 47.91017212]]]]}, "geometry_name": "geom", "properties": {"guid": 1052988, "id": 1052988, "object_no": null, "object_name": "", "layer_type_id": 238, "valid_to": null, "address_no": null, "border_type": "solid", "border_width": null, "border_color": null, "border_opacity": null, "border_wellknown": "horizline", "fill_type": "color", "fill_color": "#f9cb9c", "fill_opacity": 0.58, "fill_wellknown": "horizline", "fill_shape_color": "#f9cb9c", "fill_shape_width": null, "fill_shape_size": null, "fill_img_url": null, "marker_img_url": null}},{"type": "Feature", "id": "layer_data_map.fid--27e80436_1a098c1eed1_-1b7", "geometry": {"type": "MultiPolygon", "coordinates": [[[[106.81707701, 47.91510008], [106.81706285, 47.91530266], [106.81767911, 47.91530481], [106.81768981, 47.91510467], [106.81707701, 47.91510008]]]]}, "geometry_name": "geom", "properties": {"guid": 1052989, "id": 1052989, "object_no": null, "object_name": "", "layer_type_id": 238, "valid_to": null, "address_no": null, "border_type": "solid", "border_width": null, "border_color": null, "border_opacity": null, "border_wellknown": "horizline", "fill_type": "color", "fill_color": "#f9cb9c", "fill_opacity": 0.58, "fill_wellknown": "horizline", "fill_shape_color": "#f9cb9c", "fill_shape_width": null, "fill_shape_size": null, "fill_img_url": null, "marker_img_url": null}},{"type": "Feature", "id": "layer_data_map.fid--27e80436_1a098c1eed1_-1b6", "geometry": {"type": "MultiPolygon", "coordinates": [[[[106.81887905, 47.9300431], [106.8192957, 47.92995437], [106.81961092, 47.93030647], [106.82013658, 47.93014459], [106.81961251, 47.9293801], [106.81865914, 47.92951227], [106.81799194, 47.92970139], [106.81824193, 47.93006737], [106.81784149, 47.93020812], [106.81829331, 47.93085819], [106.81868834, 47.93072819], [106.81845947, 47.93038939], [106.81898064, 47.9302129], [106.81887905, 47.9300431]]], [[[106.82069324, 47.93374725], [106.81973988, 47.93237098], [106.81941301, 47.93246912], [106.8203948, 47.93384105], [106.82069324, 47.93374725]]]]}, "geometry_name": "geom", "properties": {"guid": 1052991, "id": 1052991, "object_no": null, "object_name": "", "layer_type_id": 238, "valid_to": null, "address_no": null, "border_type": "solid", "border_width": null, "border_color": null, "border_opacity": null, "border_wellknown": "horizline", "fill_type": "color", "fill_color": "#f9cb9c", "fill_opacity": 0.58, "fill_wellknown": "horizline", "fill_shape_color": "#f9cb9c", "fill_shape_width": null, "fill_shape_size": null, "fill_img_url": null, "marker_img_url": null}},{"type": "Feature", "id": "layer_data_map.fid--27e80436_1a098c1eed1_-1b5", "geometry": {"type": "MultiPolygon", "coordinates": [[[[106.80634112, 47.92552793], [106.80772819, 47.92613011], [106.80795647, 47.92562481], [106.8065665, 47.92505054], [106.80634112, 47.92552793]]]]}, "geometry_name": "geom", "properties": {"guid": 1052992, "id": 1052992, "object_no": null, "object_name": "", "layer_type_id": 238, "valid_to": null, "address_no": null, "border_type": "solid", "border_width": null, "border_color": null, "border_opacity": null, "border_wellknown": "horizline", "fill_type": "color", "fill_color": "#f9cb9c", "fill_opacity": 0.58, "fill_wellknown": "horizline", "fill_shape_color": "#f9cb9c", "fill_shape_width": null, "fill_shape_size": null, "fill_img_url": null, "marker_img_url": null}},{"type": "Feature", "id": "layer_data_map.fid--27e80436_1a098c1eed1_-1b4", "geometry": {"type": "MultiPolygon", "coordinates": [[[[106.70714961, 47.95819925], [106.70689112, 47.95906726], [106.70827954, 47.95925373], [106.70855902, 47.95837826], [106.70714961, 47.95819925]]]]}, "geometry_name": "geom", "properties": {"guid": 1052994, "id": 1052994, "object_no": null, "object_name": "", "layer_type_id": 238, "valid_to": null, "address_no": null, "border_type": "solid", "border_width": null, "border_color": null, "border_opacity": null, "border_wellknown": "horizline", "fill_type": "color", "fill_color": "#f9cb9c", "fill_opacity": 0.58, "fill_wellknown": "horizline", "fill_shape_color": "#f9cb9c", "fill_shape_width": null, "fill_shape_size": null, "fill_img_url": null, "marker_img_url": null}},{"type": "Feature", "id": "layer_data_map.fid--27e80436_1a098c1eed1_-1b3", "geometry": {"type": "MultiPolygon", "coordinates": [[[[106.91894177, 47.89480579], [106.9199968, 47.89462041], [106.92001643, 47.89427974], [106.91899991, 47.89413169], [106.91894177, 47.89480579]]]]}, "geometry_name": "geom", "properties": {"guid": 1052995, "id": 1052995, "object_no": null, "object_name": "", "layer_type_id": 238, "valid_to": null, "address_no": null, "border_type": "solid", "border_width": null, "border_color": null, "border_opacity": null, "border_wellknown": "horizline", "fill_type": "color", "fill_color": "#f9cb9c", "fill_opacity": 0.58, "fill_wellknown": "horizline", "fill_shape_color": "#f9cb9c", "fill_shape_width": null, "fill_shape_size": null, "fill_img_url": null, "marker_img_url": null}},{"type": "Feature", "id": "layer_data_map.fid--27e80436_1a098c1eed1_-1b2", "geometry": {"type": "MultiPolygon", "coordinates": [[[[106.93306573, 47.90915913], [106.93305434, 47.90922994], [106.93300837, 47.90967004], [106.93345932, 47.90970047], [106.93364653, 47.90970852], [106.9336693, 47.90948451], [106.93372213, 47.90947717], [106.93374572, 47.90925342], [106.93355975, 47.90924508], [106.93356739, 47.909191], [106.93306573, 47.90915913]]]]}, "geometry_name": "geom", "properties": {"guid": 1052998, "id": 1052998, "object_no": null, "object_name": "", "layer_type_id": 238, "valid_to": null, "address_no": null, "border_type": "solid", "border_width": null, "border_color": null, "border_opacity": null, "border_wellknown": "horizline", "fill_type": "color", "fill_color": "#f9cb9c", "fill_opacity": 0.58, "fill_wellknown": "horizline", "fill_shape_color": "#f9cb9c", "fill_shape_width": null, "fill_shape_size": null, "fill_img_url": null, "marker_img_url": null}},{"type": "Feature", "id": "layer_data_map.fid--27e80436_1a098c1eed1_-1b1", "geometry": {"type": "MultiPolygon", "coordinates": [[[[106.93326042, 47.90858773], [106.93331136, 47.90899946], [106.93362707, 47.90898528], [106.93356917, 47.90857049], [106.93326042, 47.90858773]]]]}, "geometry_name": "geom", "properties": {"guid": 1052999, "id": 1052999, "object_no": null, "object_name": "", "layer_type_id": 238, "valid_to": null, "address_no": null, "border_type": "solid", "border_width": null, "border_color": null, "border_opacity": null, "border_wellknown": "horizline", "fill_type": "color", "fill_color": "#f9cb9c", "fill_opacity": 0.58, "fill_wellknown": "horizline", "fill_shape_color": "#f9cb9c", "fill_shape_width": null, "fill_shape_size": null, "fill_img_url": null, "marker_img_url": null}},{"type": "Feature", "id": "layer_data_map.fid--27e80436_1a098c1eed1_-1b0", "geometry": {"type": "MultiPolygon", "coordinates": [[[[106.94475843, 47.9190958], [106.9445537, 47.91924639], [106.94465015, 47.91955187], [106.94545373, 47.91944195], [106.94540364, 47.91930199], [106.94495106, 47.91907611], [106.94475843, 47.9190958]]]]}, "geometry_name": "geom", "properties": {"guid": 1053001, "id": 1053001, "object_no": null, "object_name": "", "layer_type_id": 238, "valid_to": null, "address_no": null, "border_type": "solid", "border_width": null, "border_color": null, "border_opacity": null, "border_wellknown": "horizline", "fill_type": "color", "fill_color": "#f9cb9c", "fill_opacity": 0.58, "fill_wellknown": "horizline", "fill_shape_color": "#f9cb9c", "fill_shape_width": null, "fill_shape_size": null, "fill_img_url": null, "marker_img_url": null}},{"type": "Feature", "id": "layer_data_map.fid--27e80436_1a098c1eed1_-1af", "geometry": {"type": "MultiPolygon", "coordinates": [[[[106.95047478, 47.92109564], [106.95010219, 47.92114253], [106.95018585, 47.92151421], [106.9505562, 47.92148163], [106.95047478, 47.92109564]]]]}, "geometry_name": "geom", "properties": {"guid": 1053002, "id": 1053002, "object_no": null, "object_name": "", "layer_type_id": 238, "valid_to": null, "address_no": null, "border_type": "solid", "border_width": null, "border_color": null, "border_opacity": null, "border_wellknown": "horizline", "fill_type": "color", "fill_color": "#f9cb9c", "fill_opacity": 0.58, "fill_wellknown": "horizline", "fill_shape_color": "#f9cb9c", "fill_shape_width": null, "fill_shape_size": null, "fill_img_url": null, "marker_img_url": null}},{"type": "Feature", "id": "layer_data_map.fid--27e80436_1a098c1eed1_-1ae", "geometry": {"type": "MultiPolygon", "coordinates": [[[[106.95016665, 47.92284539], [106.94933482, 47.92291657], [106.94947679, 47.92358314], [106.95031593, 47.9234952], [106.95016665, 47.92284539]]]]}, "geometry_name": "geom", "properties": {"guid": 1053004, "id": 1053004, "object_no": null, "object_name": "", "layer_type_id": 238, "valid_to": null, "address_no": null, "border_type": "solid", "border_width": null, "border_color": null, "border_opacity": null, "border_wellknown": "horizline", "fill_type": "color", "fill_color": "#f9cb9c", "fill_opacity": 0.58, "fill_wellknown": "horizline", "fill_shape_color": "#f9cb9c", "fill_shape_width": null, "fill_shape_size": null, "fill_img_url": null, "marker_img_url": null}},{"type": "Feature", "id": "layer_data_map.fid--27e80436_1a098c1eed1_-1ad", "geometry": {"type": "MultiPolygon", "coordinates": [[[[106.95626298, 47.9211771], [106.95659839, 47.92208795], [106.95698594, 47.92201927], [106.95682666, 47.92156883], [106.9567515, 47.92157792], [106.95660693, 47.92114082], [106.95626298, 47.9211771]]]]}, "geometry_name": "geom", "properties": {"guid": 1053005, "id": 1053005, "object_no": null, "object_name": "", "layer_type_id": 238, "valid_to": null, "address_no": null, "border_type": "solid", "border_width": null, "border_color": null, "border_opacity": null, "border_wellknown": "horizline", "fill_type": "color", "fill_color": "#f9cb9c", "fill_opacity": 0.58, "fill_wellknown": "horizline", "fill_shape_color": "#f9cb9c", "fill_shape_width": null, "fill_shape_size": null, "fill_img_url": null, "marker_img_url": null}},{"type": "Feature", "id": "layer_data_map.fid--27e80436_1a098c1eed1_-1ac", "geometry": {"type": "MultiPolygon", "coordinates": [[[[106.95543755, 47.9216026], [106.95527724, 47.92171675], [106.95526806, 47.92186752], [106.9553505, 47.92217344], [106.95538975, 47.92225448], [106.95551218, 47.92289051], [106.95611786, 47.92268464], [106.95592103, 47.92230172], [106.95620048, 47.92214244], [106.95587858, 47.9219015], [106.95581347, 47.92182794], [106.95543755, 47.9216026]]]]}, "geometry_name": "geom", "properties": {"guid": 1053007, "id": 1053007, "object_no": null, "object_name": "", "layer_type_id": 238, "valid_to": null, "address_no": null, "border_type": "solid", "border_width": null, "border_color": null, "border_opacity": null, "border_wellknown": "horizline", "fill_type": "color", "fill_color": "#f9cb9c", "fill_opacity": 0.58, "fill_wellknown": "horizline", "fill_shape_color": "#f9cb9c", "fill_shape_width": null, "fill_shape_size": null, "fill_img_url": null, "marker_img_url": null}},{"type": "Feature", "id": "layer_data_map.fid--27e80436_1a098c1eed1_-1ab", "geometry": {"type": "MultiPolygon", "coordinates": [[[[106.96277094, 47.91634784], [106.96357815, 47.91627154], [106.96347526, 47.91577033], [106.96275876, 47.91586186], [106.9627473, 47.91606753], [106.96276395, 47.91624669], [106.96277094, 47.91634784]]]]}, "geometry_name": "geom", "properties": {"guid": 1053009, "id": 1053009, "object_no": null, "object_name": "", "layer_type_id": 238, "valid_to": null, "address_no": null, "border_type": "solid", "border_width": null, "border_color": null, "border_opacity": null, "border_wellknown": "horizline", "fill_type": "color", "fill_color": "#f9cb9c", "fill_opacity": 0.58, "fill_wellknown": "horizline", "fill_shape_color": "#f9cb9c", "fill_shape_width": null, "fill_shape_size": null, "fill_img_url": null, "marker_img_url": null}},{"type": "Feature", "id": "layer_data_map.fid--27e80436_1a098c1eed1_-1aa", "geometry": {"type": "MultiPolygon", "coordinates": [[[[106.95711142, 47.90956325], [106.95469415, 47.90959492], [106.95473421, 47.91037629], [106.9571434, 47.91031739], [106.95711142, 47.90956325]]]]}, "geometry_name": "geom", "properties": {"guid": 1053011, "id": 1053011, "object_no": null, "object_name": "", "layer_type_id": 238, "valid_to": null, "address_no": null, "border_type": "solid", "border_width": null, "border_color": null, "border_opacity": null, "border_wellknown": "horizline", "fill_type": "color", "fill_color": "#f9cb9c", "fill_opacity": 0.58, "fill_wellknown": "horizline", "fill_shape_color": "#f9cb9c", "fill_shape_width": null, "fill_shape_size": null, "fill_img_url": null, "marker_img_url": null}},{"type": "Feature", "id": "layer_data_map.fid--27e80436_1a098c1eed1_-1a9", "geometry": {"type": "MultiPolygon", "coordinates": [[[[106.95872786, 47.91187102], [106.95877435, 47.91263338], [106.96024387, 47.91260826], [106.96041827, 47.91183311], [106.95872786, 47.91187102]]]]}, "geometry_name": "geom", "properties": {"guid": 1053013, "id": 1053013, "object_no": null, "object_name": "", "layer_type_id": 238, "valid_to": null, "address_no": null, "border_type": "solid", "border_width": null, "border_color": null, "border_opacity": null, "border_wellknown": "horizline", "fill_type": "color", "fill_color": "#f9cb9c", "fill_opacity": 0.58, "fill_wellknown": "horizline", "fill_shape_color": "#f9cb9c", "fill_shape_width": null, "fill_shape_size": null, "fill_img_url": null, "marker_img_url": null}},{"type": "Feature", "id": "layer_data_map.fid--27e80436_1a098c1eed1_-1a8", "geometry": {"type": "MultiPolygon", "coordinates": [[[[106.98816909, 47.91140591], [106.99164561, 47.9113385], [106.99163826, 47.9105997], [106.98814157, 47.9106868], [106.98816909, 47.91140591]]]]}, "geometry_name": "geom", "properties": {"guid": 1053014, "id": 1053014, "object_no": null, "object_name": "", "layer_type_id": 238, "valid_to": null, "address_no": null, "border_type": "solid", "border_width": null, "border_color": null, "border_opacity": null, "border_wellknown": "horizline", "fill_type": "color", "fill_color": "#f9cb9c", "fill_opacity": 0.58, "fill_wellknown": "horizline", "fill_shape_color": "#f9cb9c", "fill_shape_width": null, "fill_shape_size": null, "fill_img_url": null, "marker_img_url": null}},{"type": "Feature", "id": "layer_data_map.fid--27e80436_1a098c1eed1_-1a7", "geometry": {"type": "MultiPolygon", "coordinates": [[[[106.99666736, 47.90818258], [106.99564321, 47.90844192], [106.99585106, 47.90882391], [106.99689415, 47.9085558], [106.99666736, 47.90818258]]]]}, "geometry_name": "geom", "properties": {"guid": 1053016, "id": 1053016, "object_no": null, "object_name": "", "layer_type_id": 238, "valid_to": null, "address_no": null, "border_type": "solid", "border_width": null, "border_color": null, "border_opacity": null, "border_wellknown": "horizline", "fill_type": "color", "fill_color": "#f9cb9c", "fill_opacity": 0.58, "fill_wellknown": "horizline", "fill_shape_color": "#f9cb9c", "fill_shape_width": null, "fill_shape_size": null, "fill_img_url": null, "marker_img_url": null}},{"type": "Feature", "id": "layer_data_map.fid--27e80436_1a098c1eed1_-1a6", "geometry": {"type": "MultiPolygon", "coordinates": [[[[106.98151791, 47.92450187], [106.98251958, 47.92477867], [106.9828146, 47.92428902], [106.98250428, 47.92422022], [106.98266208, 47.92390086], [106.98227644, 47.92381944], [106.98203814, 47.92425684], [106.98164808, 47.92419392], [106.98151791, 47.92450187]]]]}, "geometry_name": "geom", "properties": {"guid": 1053017, "id": 1053017, "object_no": null, "object_name": "", "layer_type_id": 238, "valid_to": null, "address_no": null, "border_type": "solid", "border_width": null, "border_color": null, "border_opacity": null, "border_wellknown": "horizline", "fill_type": "color", "fill_color": "#f9cb9c", "fill_opacity": 0.58, "fill_wellknown": "horizline", "fill_shape_color": "#f9cb9c", "fill_shape_width": null, "fill_shape_size": null, "fill_img_url": null, "marker_img_url": null}},{"type": "Feature", "id": "layer_data_map.fid--27e80436_1a098c1eed1_-1a5", "geometry": {"type": "MultiPolygon", "coordinates": [[[[106.98381309, 47.92389764], [106.98375833, 47.92450328], [106.984084, 47.92451392], [106.9841402, 47.92411577], [106.98452491, 47.92412159], [106.98454363, 47.92393238], [106.98381309, 47.92389764]]]]}, "geometry_name": "geom", "properties": {"guid": 1053019, "id": 1053019, "object_no": null, "object_name": "", "layer_type_id": 238, "valid_to": null, "address_no": null, "border_type": "solid", "border_width": null, "border_color": null, "border_opacity": null, "border_wellknown": "horizline", "fill_type": "color", "fill_color": "#f9cb9c", "fill_opacity": 0.58, "fill_wellknown": "horizline", "fill_shape_color": "#f9cb9c", "fill_shape_width": null, "fill_shape_size": null, "fill_img_url": null, "marker_img_url": null}},{"type": "Feature", "id": "layer_data_map.fid--27e80436_1a098c1eed1_-1a4", "geometry": {"type": "MultiPolygon", "coordinates": [[[[106.96769985, 47.91344162], [106.96770893, 47.91375572], [106.96877351, 47.91373937], [106.96876733, 47.91342713], [106.96769985, 47.91344162]]]]}, "geometry_name": "geom", "properties": {"guid": 1053020, "id": 1053020, "object_no": null, "object_name": "", "layer_type_id": 238, "valid_to": null, "address_no": null, "border_type": "solid", "border_width": null, "border_color": null, "border_opacity": null, "border_wellknown": "horizline", "fill_type": "color", "fill_color": "#f9cb9c", "fill_opacity": 0.58, "fill_wellknown": "horizline", "fill_shape_color": "#f9cb9c", "fill_shape_width": null, "fill_shape_size": null, "fill_img_url": null, "marker_img_url": null}},{"type": "Feature", "id": "layer_data_map.fid--27e80436_1a098c1eed1_-1a3", "geometry": {"type": "MultiPolygon", "coordinates": [[[[106.98207539, 47.91824155], [106.98220713, 47.91768615], [106.98267941, 47.91769585], [106.98391214, 47.91779597], [106.98397245, 47.91752115], [106.98370575, 47.91749243], [106.98375427, 47.91727971], [106.98309309, 47.91721495], [106.98303003, 47.9174184], [106.98274563, 47.91738998], [106.98215392, 47.91736617], [106.98209018, 47.91763758], [106.98170926, 47.91763226], [106.98152846, 47.91818461], [106.98207539, 47.91824155]]]]}, "geometry_name": "geom", "properties": {"guid": 1053022, "id": 1053022, "object_no": null, "object_name": "", "layer_type_id": 238, "valid_to": null, "address_no": null, "border_type": "solid", "border_width": null, "border_color": null, "border_opacity": null, "border_wellknown": "horizline", "fill_type": "color", "fill_color": "#f9cb9c", "fill_opacity": 0.58, "fill_wellknown": "horizline", "fill_shape_color": "#f9cb9c", "fill_shape_width": null, "fill_shape_size": null, "fill_img_url": null, "marker_img_url": null}},{"type": "Feature", "id": "layer_data_map.fid--27e80436_1a098c1eed1_-1a2", "geometry": {"type": "MultiPolygon", "coordinates": [[[[106.98403008, 47.9170833], [106.98397055, 47.91726288], [106.98410718, 47.91782593], [106.98478722, 47.91778144], [106.98473318, 47.91741039], [106.98456291, 47.91735679], [106.98462961, 47.91716426], [106.98403008, 47.9170833]]]]}, "geometry_name": "geom", "properties": {"guid": 1053023, "id": 1053023, "object_no": null, "object_name": "", "layer_type_id": 238, "valid_to": null, "address_no": null, "border_type": "solid", "border_width": null, "border_color": null, "border_opacity": null, "border_wellknown": "horizline", "fill_type": "color", "fill_color": "#f9cb9c", "fill_opacity": 0.58, "fill_wellknown": "horizline", "fill_shape_color": "#f9cb9c", "fill_shape_width": null, "fill_shape_size": null, "fill_img_url": null, "marker_img_url": null}},{"type": "Feature", "id": "layer_data_map.fid--27e80436_1a098c1eed1_-1a1", "geometry": {"type": "MultiPolygon", "coordinates": [[[[106.98560017, 47.91443214], [106.98529257, 47.91527784], [106.98659641, 47.91547907], [106.98695171, 47.91463943], [106.98560017, 47.91443214]]]]}, "geometry_name": "geom", "properties": {"guid": 1053026, "id": 1053026, "object_no": null, "object_name": "", "layer_type_id": 238, "valid_to": null, "address_no": null, "border_type": "solid", "border_width": null, "border_color": null, "border_opacity": null, "border_wellknown": "horizline", "fill_type": "color", "fill_color": "#f9cb9c", "fill_opacity": 0.58, "fill_wellknown": "horizline", "fill_shape_color": "#f9cb9c", "fill_shape_width": null, "fill_shape_size": null, "fill_img_url": null, "marker_img_url": null}},{"type": "Feature", "id": "layer_data_map.fid--27e80436_1a098c1eed1_-1a0", "geometry": {"type": "MultiPolygon", "coordinates": [[[[106.98795593, 47.91326342], [106.98763427, 47.91324185], [106.98758724, 47.91362262], [106.98784487, 47.91363673], [106.98781811, 47.91377004], [106.98840851, 47.91381838], [106.98845258, 47.91363763], [106.98791912, 47.91357831], [106.98795593, 47.91326342]]]]}, "geometry_name": "geom", "properties": {"guid": 1053028, "id": 1053028, "object_no": null, "object_name": "", "layer_type_id": 238, "valid_to": null, "address_no": null, "border_type": "solid", "border_width": null, "border_color": null, "border_opacity": null, "border_wellknown": "horizline", "fill_type": "color", "fill_color": "#f9cb9c", "fill_opacity": 0.58, "fill_wellknown": "horizline", "fill_shape_color": "#f9cb9c", "fill_shape_width": null, "fill_shape_size": null, "fill_img_url": null, "marker_img_url": null}},{"type": "Feature", "id": "layer_data_map.fid--27e80436_1a098c1eed1_-19f", "geometry": {"type": "MultiPolygon", "coordinates": [[[[106.86835963, 47.87025681], [106.86777644, 47.87012314], [106.86655629, 47.87105561], [106.86758507, 47.87154547], [106.86835963, 47.87025681]]]]}, "geometry_name": "geom", "properties": {"guid": 1053029, "id": 1053029, "object_no": null, "object_name": "", "layer_type_id": 238, "valid_to": null, "address_no": null, "border_type": "solid", "border_width": null, "border_color": null, "border_opacity": null, "border_wellknown": "horizline", "fill_type": "color", "fill_color": "#f9cb9c", "fill_opacity": 0.58, "fill_wellknown": "horizline", "fill_shape_color": "#f9cb9c", "fill_shape_width": null, "fill_shape_size": null, "fill_img_url": null, "marker_img_url": null}},{"type": "Feature", "id": "layer_data_map.fid--27e80436_1a098c1eed1_-19e", "geometry": {"type": "MultiPolygon", "coordinates": [[[[106.84626534, 47.86957217], [106.84578199, 47.870375], [106.84818688, 47.87106599], [106.84920776, 47.86957958], [106.84668629, 47.86888714], [106.84626534, 47.86957217]]]]}, "geometry_name": "geom", "properties": {"guid": 1053031, "id": 1053031, "object_no": null, "object_name": "", "layer_type_id": 238, "valid_to": null, "address_no": null, "border_type": "solid", "border_width": null, "border_color": null, "border_opacity": null, "border_wellknown": "horizline", "fill_type": "color", "fill_color": "#f9cb9c", "fill_opacity": 0.58, "fill_wellknown": "horizline", "fill_shape_color": "#f9cb9c", "fill_shape_width": null, "fill_shape_size": null, "fill_img_url": null, "marker_img_url": null}},{"type": "Feature", "id": "layer_data_map.fid--27e80436_1a098c1eed1_-19d", "geometry": {"type": "MultiPolygon", "coordinates": [[[[106.82869233, 47.86986961], [106.82850486, 47.87012257], [106.8310896, 47.87087771], [106.83125042, 47.8706216], [106.82869233, 47.86986961]]]]}, "geometry_name": "geom", "properties": {"guid": 1053032, "id": 1053032, "object_no": null, "object_name": "", "layer_type_id": 238, "valid_to": null, "address_no": null, "border_type": "solid", "border_width": null, "border_color": null, "border_opacity": null, "border_wellknown": "horizline", "fill_type": "color", "fill_color": "#f9cb9c", "fill_opacity": 0.58, "fill_wellknown": "horizline", "fill_shape_color": "#f9cb9c", "fill_shape_width": null, "fill_shape_size": null, "fill_img_url": null, "marker_img_url": null}},{"type": "Feature", "id": "layer_data_map.fid--27e80436_1a098c1eed1_-19c", "geometry": {"type": "MultiPolygon", "coordinates": [[[[106.92785559, 47.89770805], [106.92603466, 47.89765363], [106.92588637, 47.89955123], [106.92776993, 47.89960565], [106.92785559, 47.89770805]]]]}, "geometry_name": "geom", "properties": {"guid": 1053034, "id": 1053034, "object_no": null, "object_name": "", "layer_type_id": 238, "valid_to": null, "address_no": null, "border_type": "solid", "border_width": null, "border_color": null, "border_opacity": null, "border_wellknown": "horizline", "fill_type": "color", "fill_color": "#f9cb9c", "fill_opacity": 0.58, "fill_wellknown": "horizline", "fill_shape_color": "#f9cb9c", "fill_shape_width": null, "fill_shape_size": null, "fill_img_url": null, "marker_img_url": null}},{"type": "Feature", "id": "layer_data_map.fid--27e80436_1a098c1eed1_-19b", "geometry": {"type": "MultiPolygon", "coordinates": [[[[106.92427292, 47.89826101], [106.92290619, 47.89821033], [106.92281034, 47.89947474], [106.92420359, 47.89950817], [106.92427292, 47.89826101]]]]}, "geometry_name": "geom", "properties": {"guid": 1053035, "id": 1053035, "object_no": null, "object_name": "", "layer_type_id": 238, "valid_to": null, "address_no": null, "border_type": "solid", "border_width": null, "border_color": null, "border_opacity": null, "border_wellknown": "horizline", "fill_type": "color", "fill_color": "#f9cb9c", "fill_opacity": 0.58, "fill_wellknown": "horizline", "fill_shape_color": "#f9cb9c", "fill_shape_width": null, "fill_shape_size": null, "fill_img_url": null, "marker_img_url": null}},{"type": "Feature", "id": "layer_data_map.fid--27e80436_1a098c1eed1_-19a", "geometry": {"type": "MultiPolygon", "coordinates": [[[[106.92439945, 47.89951335], [106.92578969, 47.89954972], [106.92585046, 47.89895398], [106.9244347, 47.89892829], [106.92439945, 47.89951335]]]]}, "geometry_name": "geom", "properties": {"guid": 1053037, "id": 1053037, "object_no": null, "object_name": "", "layer_type_id": 238, "valid_to": null, "address_no": null, "border_type": "solid", "border_width": null, "border_color": null, "border_opacity": null, "border_wellknown": "horizline", "fill_type": "color", "fill_color": "#f9cb9c", "fill_opacity": 0.58, "fill_wellknown": "horizline", "fill_shape_color": "#f9cb9c", "fill_shape_width": null, "fill_shape_size": null, "fill_img_url": null, "marker_img_url": null}},{"type": "Feature", "id": "layer_data_map.fid--27e80436_1a098c1eed1_-199", "geometry": {"type": "MultiPolygon", "coordinates": [[[[106.92410914, 47.8997391], [106.92094236, 47.89963209], [106.92079293, 47.90185556], [106.92396776, 47.90195238], [106.92410914, 47.8997391]]]]}, "geometry_name": "geom", "properties": {"guid": 1053039, "id": 1053039, "object_no": null, "object_name": "", "layer_type_id": 238, "valid_to": null, "address_no": null, "border_type": "solid", "border_width": null, "border_color": null, "border_opacity": null, "border_wellknown": "horizline", "fill_type": "color", "fill_color": "#f9cb9c", "fill_opacity": 0.58, "fill_wellknown": "horizline", "fill_shape_color": "#f9cb9c", "fill_shape_width": null, "fill_shape_size": null, "fill_img_url": null, "marker_img_url": null}},{"type": "Feature", "id": "layer_data_map.fid--27e80436_1a098c1eed1_-198", "geometry": {"type": "MultiPolygon", "coordinates": [[[[106.92415655, 47.90165551], [106.92410109, 47.90241427], [106.9252029, 47.90243188], [106.92524555, 47.90167965], [106.92415655, 47.90165551]]]]}, "geometry_name": "geom", "properties": {"guid": 1053041, "id": 1053041, "object_no": null, "object_name": "", "layer_type_id": 238, "valid_to": null, "address_no": null, "border_type": "solid", "border_width": null, "border_color": null, "border_opacity": null, "border_wellknown": "horizline", "fill_type": "color", "fill_color": "#f9cb9c", "fill_opacity": 0.58, "fill_wellknown": "horizline", "fill_shape_color": "#f9cb9c", "fill_shape_width": null, "fill_shape_size": null, "fill_img_url": null, "marker_img_url": null}},{"type": "Feature", "id": "layer_data_map.fid--27e80436_1a098c1eed1_-197", "geometry": {"type": "MultiPolygon", "coordinates": [[[[106.90980938, 47.87988898], [106.90935657, 47.8801093], [106.91061098, 47.88120221], [106.91100138, 47.88100857], [106.90980938, 47.87988898]]]]}, "geometry_name": "geom", "properties": {"guid": 1053042, "id": 1053042, "object_no": null, "object_name": "", "layer_type_id": 238, "valid_to": null, "address_no": null, "border_type": "solid", "border_width": null, "border_color": null, "border_opacity": null, "border_wellknown": "horizline", "fill_type": "color", "fill_color": "#f9cb9c", "fill_opacity": 0.58, "fill_wellknown": "horizline", "fill_shape_color": "#f9cb9c", "fill_shape_width": null, "fill_shape_size": null, "fill_img_url": null, "marker_img_url": null}},{"type": "Feature", "id": "layer_data_map.fid--27e80436_1a098c1eed1_-196", "geometry": {"type": "MultiPolygon", "coordinates": [[[[106.9034, 47.8880098], [106.90366012, 47.88806396], [106.90364233, 47.88811949], [106.90406953, 47.88818668], [106.90415426, 47.88794911], [106.90380134, 47.88789973], [106.90381669, 47.88784972], [106.90348164, 47.88779124], [106.9034, 47.8880098]]]]}, "geometry_name": "geom", "properties": {"guid": 1053044, "id": 1053044, "object_no": null, "object_name": "", "layer_type_id": 238, "valid_to": null, "address_no": null, "border_type": "solid", "border_width": null, "border_color": null, "border_opacity": null, "border_wellknown": "horizline", "fill_type": "color", "fill_color": "#f9cb9c", "fill_opacity": 0.58, "fill_wellknown": "horizline", "fill_shape_color": "#f9cb9c", "fill_shape_width": null, "fill_shape_size": null, "fill_img_url": null, "marker_img_url": null}},{"type": "Feature", "id": "layer_data_map.fid--27e80436_1a098c1eed1_-195", "geometry": {"type": "MultiPolygon", "coordinates": [[[[106.88136929, 47.90247799], [106.88181777, 47.90250911], [106.88183352, 47.90233328], [106.88166933, 47.90232109], [106.8816935, 47.9020112], [106.88180095, 47.90192314], [106.88156891, 47.90174839], [106.88134798, 47.90187998], [106.88133298, 47.90207663], [106.88139168, 47.90231282], [106.88136929, 47.90247799]]]]}, "geometry_name": "geom", "properties": {"guid": 1053046, "id": 1053046, "object_no": null, "object_name": "", "layer_type_id": 238, "valid_to": null, "address_no": null, "border_type": "solid", "border_width": null, "border_color": null, "border_opacity": null, "border_wellknown": "horizline", "fill_type": "color", "fill_color": "#f9cb9c", "fill_opacity": 0.58, "fill_wellknown": "horizline", "fill_shape_color": "#f9cb9c", "fill_shape_width": null, "fill_shape_size": null, "fill_img_url": null, "marker_img_url": null}}]}