{"type":"FeatureCollection","features":[{"type": "Feature", "id": "layer_data_map.fid--27e80436_1a098c1eed1_-549f", "geometry": {"type": "Polygon", "coordinates": [[[106.89986507, 47.92160505], [106.89971018, 47.92163792], [106.89958435, 47.92161758], [106.89952945, 47.92154335], [106.89945122, 47.9213493], [106.89929806, 47.92103428], [106.89882475, 47.92021745], [106.89816583, 47.91909853], [106.89803608, 47.91888719], [106.8974679, 47.91842372], [106.89679397, 47.91790291], [106.89588338, 47.91720375], [106.89567426, 47.91704471], [106.89563619, 47.91702772], [106.8955361, 47.91699295], [106.89543787, 47.91697714], [106.89512689, 47.91696019], [106.89433679, 47.91697304], [106.89384687, 47.91695039], [106.89349122, 47.91690182], [106.89332516, 47.91682799], [106.89248111, 47.91651538], [106.89146586, 47.9164342], [106.89120678, 47.91636901], [106.89066346, 47.91631405], [106.88932566, 47.91622162], [106.88909674, 47.91626158], [106.88890128, 47.91625672], [106.88783298, 47.91647578], [106.88576494, 47.91681931], [106.88544899, 47.91684602], [106.88442448, 47.91688336], [106.88430106, 47.91706988], [106.88420627, 47.91718034], [106.8840324, 47.91724676], [106.88375952, 47.91728265], [106.88367837, 47.91730761], [106.88355078, 47.91732919], [106.88332224, 47.91731591], [106.88301705, 47.91714803], [106.88292815, 47.91713759], [106.88233172, 47.91715517], [106.88188646, 47.91724382], [106.88182931, 47.91728204], [106.88178563, 47.91749451], [106.87671698, 47.91720627], [106.87674202, 47.91687856], [106.87700006, 47.91686921], [106.88078242, 47.9170055], [106.88193034, 47.91674249], [106.88288282, 47.91656157], [106.88320697, 47.9165502], [106.88551402, 47.91656125], [106.88690886, 47.91634681], [106.88748731, 47.91625648], [106.88894132, 47.91591888], [106.89084956, 47.91606406], [106.89213347, 47.91616889], [106.89270887, 47.91626329], [106.89374231, 47.91662859], [106.89456742, 47.91669169], [106.89556056, 47.91669614], [106.89598841, 47.91685547], [106.89652783, 47.91729724], [106.89791111, 47.91835732], [106.89841697, 47.91875547], [106.89896375, 47.91971715], [106.89977357, 47.92112164], [106.89988502, 47.92144318], [106.89989229, 47.92150667], [106.89986507, 47.92160505]]]}, "geometry_name": "geom", "properties": {"guid": 87603, "id": 87603, "object_no": null, "object_name": null, "layer_type_id": 162, "valid_to": null, "address_no": null, "border_type": "solid", "border_width": null, "border_color": "#c16300", "border_opacity": 0.5, "border_wellknown": "shape://horizline", "fill_type": "color", "fill_color": "#c16300", "fill_opacity": 0.3, "fill_wellknown": null, "fill_shape_color": null, "fill_shape_width": null, "fill_shape_size": null, "fill_img_url": null, "marker_img_url": null}},{"type": "Feature", "id": "layer_data_map.fid--27e80436_1a098c1eed1_-549e", "geometry": {"type": "Polygon", "coordinates": [[[106.89729124, 47.92500085], [106.89720584, 47.92505766], [106.89711198, 47.9250075], [106.89710805, 47.9250054], [106.89707402, 47.9248164], [106.89717184, 47.92472677], [106.89717642, 47.92472257], [106.89718286, 47.92471725], [106.89736113, 47.92456971], [106.89736781, 47.92456417], [106.89737499, 47.92455869], [106.8976175, 47.92437337], [106.8976286, 47.92436489], [106.8976431, 47.92435532], [106.89784673, 47.92422088], [106.89785099, 47.92421807], [106.89785679, 47.92421381], [106.89806075, 47.92406398], [106.89809521, 47.92403867], [106.89814498, 47.92403315], [106.89816599, 47.92403082], [106.89855144, 47.92382128], [106.89851225, 47.92373952], [106.89844285, 47.9237112], [106.89840052, 47.92361692], [106.89843357, 47.92358023], [106.89891349, 47.92301673], [106.89901709, 47.92305407], [106.89914582, 47.92287107], [106.89916843, 47.92281682], [106.89916106, 47.92274944], [106.89927133, 47.9226318], [106.89930809, 47.92253469], [106.89931513, 47.9225161], [106.8993282, 47.92249789], [106.8993613, 47.92244958], [106.89941394, 47.92237831], [106.89947896, 47.92227812], [106.89949891, 47.92218324], [106.89950356, 47.92216115], [106.89951862, 47.92214009], [106.89956297, 47.92207805], [106.89957355, 47.92206325], [106.89959138, 47.92204794], [106.89962202, 47.92202164], [106.89962666, 47.92201765], [106.89967492, 47.92197622], [106.8997512, 47.92198091], [106.89975708, 47.92198128], [106.89980524, 47.92198424], [106.89981516, 47.92198485], [106.89982696, 47.92198628], [106.89985869, 47.92199012], [106.89992107, 47.92199767], [106.89995675, 47.92203435], [106.89999761, 47.92207636], [106.90002243, 47.92210188], [106.90002479, 47.92210424], [106.90003473, 47.92212988], [106.90004777, 47.92216348], [106.90005958, 47.92219392], [106.90005237, 47.9222264], [106.90004815, 47.9222454], [106.90004253, 47.92227069], [106.89996327, 47.92238048], [106.89987458, 47.92252861], [106.89983982, 47.92258428], [106.89958543, 47.92302392], [106.89939115, 47.92333468], [106.89938031, 47.92335202], [106.89936735, 47.92336724], [106.89924448, 47.92351157], [106.89922577, 47.92353354], [106.89920514, 47.92355056], [106.89901748, 47.92370529], [106.89900902, 47.92371226], [106.8989994, 47.92371928], [106.89889304, 47.92379687], [106.89884406, 47.92386173], [106.89880197, 47.92391744], [106.89876809, 47.92392321], [106.89874657, 47.92394749], [106.89867149, 47.92396357], [106.89862793, 47.92397289], [106.89833348, 47.92420674], [106.89833322, 47.92420696], [106.89816772, 47.92434824], [106.89816551, 47.92435013], [106.89816336, 47.92435184], [106.89792593, 47.92454037], [106.89792272, 47.92454292], [106.89791888, 47.92454562], [106.89764479, 47.92473871], [106.89748201, 47.9248728], [106.8974748, 47.92487874], [106.89746638, 47.92488434], [106.89729124, 47.92500085]]]}, "geometry_name": "geom", "properties": {"guid": 87604, "id": 87604, "object_no": null, "object_name": null, "layer_type_id": 162, "valid_to": null, "address_no": null, "border_type": "solid", "border_width": null, "border_color": "#c16300", "border_opacity": 0.5, "border_wellknown": "shape://horizline", "fill_type": "color", "fill_color": "#c16300", "fill_opacity": 0.3, "fill_wellknown": null, "fill_shape_color": null, "fill_shape_width": null, "fill_shape_size": null, "fill_img_url": null, "marker_img_url": null}},{"type": "Feature", "id": "layer_data_map.fid--27e80436_1a098c1eed1_-549d", "geometry": {"type": "Polygon", "coordinates": [[[106.90302617, 47.92815615], [106.90246307, 47.92888325], [106.90224956, 47.9288039], [106.90265366, 47.92818609], [106.90264214, 47.92818246], [106.90254074, 47.92817347], [106.9025364, 47.9281747], [106.90220712, 47.92838193], [106.90202352, 47.92846646], [106.90173934, 47.928247], [106.90176868, 47.92822538], [106.9019175, 47.92811684], [106.90151521, 47.92804078], [106.90113507, 47.92780583], [106.90137427, 47.92763171], [106.90168052, 47.92781694], [106.90203527, 47.92784501], [106.90302583, 47.92791785], [106.90321585, 47.92788464], [106.90359684, 47.92777254], [106.90366814, 47.92794895], [106.9033196, 47.92804415], [106.90302617, 47.92815615]]]}, "geometry_name": "geom", "properties": {"guid": 87605, "id": 87605, "object_no": null, "object_name": null, "layer_type_id": 162, "valid_to": null, "address_no": null, "border_type": "solid", "border_width": null, "border_color": "#c16300", "border_opacity": 0.5, "border_wellknown": "shape://horizline", "fill_type": "color", "fill_color": "#c16300", "fill_opacity": 0.3, "fill_wellknown": null, "fill_shape_color": null, "fill_shape_width": null, "fill_shape_size": null, "fill_img_url": null, "marker_img_url": null}},{"type": "Feature", "id": "layer_data_map.fid--27e80436_1a098c1eed1_-549c", "geometry": {"type": "Polygon", "coordinates": [[[106.94098035, 47.97948571], [106.94065049, 47.97987844], [106.94056813, 47.97984734], [106.94053615, 47.9798066], [106.94026858, 47.97963621], [106.94011075, 47.9795898], [106.93989142, 47.97953592], [106.93968945, 47.97948934], [106.93949506, 47.97939455], [106.93935212, 47.97928023], [106.9392253, 47.97915524], [106.9392039, 47.97913958], [106.93884351, 47.97896981], [106.93867521, 47.97891396], [106.93812301, 47.97886366], [106.93745447, 47.9786725], [106.93710839, 47.97857534], [106.93606749, 47.9783295], [106.93556898, 47.97819751], [106.93543, 47.97813074], [106.93510431, 47.97791604], [106.93478229, 47.97762812], [106.93440282, 47.97727364], [106.93423025, 47.97716099], [106.93414025, 47.97710908], [106.93395503, 47.97705137], [106.93338298, 47.97725947], [106.93184856, 47.9762004], [106.93005081, 47.97497729], [106.92839335, 47.97384919], [106.92807558, 47.9736567], [106.92778326, 47.9735118], [106.92720474, 47.97324293], [106.92702972, 47.97311875], [106.92674756, 47.9729101], [106.92651476, 47.97264877], [106.92602447, 47.97213676], [106.92549707, 47.97156924], [106.92519848, 47.97126992], [106.92517286, 47.97115761], [106.92519344, 47.97097304], [106.92521204, 47.97056709], [106.92519561, 47.96984369], [106.92519263, 47.96807836], [106.92607962, 47.96758443], [106.92602399, 47.96845095], [106.92597922, 47.96919641], [106.92595681, 47.97053098], [106.92598246, 47.97112021], [106.92599489, 47.97114495], [106.92628509, 47.97139733], [106.92646838, 47.97160168], [106.92685653, 47.97209965], [106.92749184, 47.97272027], [106.92871881, 47.97338738], [106.9292687, 47.97373086], [106.92956668, 47.97393142], [106.93079858, 47.9747529], [106.93175526, 47.97537713], [106.93250517, 47.97593136], [106.93277781, 47.97610195], [106.93288323, 47.97616024], [106.93456409, 47.97659016], [106.93470039, 47.97658115], [106.93486624, 47.97667427], [106.93485665, 47.9767566], [106.93486206, 47.97676832], [106.93506367, 47.97696208], [106.93564305, 47.97761935], [106.93592017, 47.97779914], [106.93632696, 47.97793555], [106.93671333, 47.97802442], [106.93761349, 47.97823106], [106.93766026, 47.97825603], [106.93824511, 47.97842151], [106.93885897, 47.97854952], [106.93960784, 47.97870275], [106.94009844, 47.9788262], [106.94022069, 47.97889836], [106.94060343, 47.97928799], [106.94098035, 47.97948571]]]}, "geometry_name": "geom", "properties": {"guid": 87606, "id": 87606, "object_no": null, "object_name": null, "layer_type_id": 162, "valid_to": null, "address_no": null, "border_type": "solid", "border_width": null, "border_color": "#c16300", "border_opacity": 0.5, "border_wellknown": "shape://horizline", "fill_type": "color", "fill_color": "#c16300", "fill_opacity": 0.3, "fill_wellknown": null, "fill_shape_color": null, "fill_shape_width": null, "fill_shape_size": null, "fill_img_url": null, "marker_img_url": null}},{"type": "Feature", "id": "layer_data_map.fid--27e80436_1a098c1eed1_-549b", "geometry": {"type": "Polygon", "coordinates": [[[106.82235023, 47.9154876], [106.8219319, 47.91573017], [106.82169166, 47.91587779], [106.82167105, 47.91592573], [106.82163778, 47.91613239], [106.8215913, 47.91639978], [106.82156517, 47.91663589], [106.8215337, 47.9167865], [106.8215595, 47.91680786], [106.82196264, 47.91683882], [106.82331834, 47.91692248], [106.82335408, 47.91702492], [106.82329081, 47.91748007], [106.82322772, 47.91785565], [106.82321026, 47.91823969], [106.82312264, 47.91894643], [106.82309698, 47.91904365], [106.82300499, 47.91910701], [106.82291242, 47.91913038], [106.82281034, 47.91913398], [106.82265455, 47.91912161], [106.82238744, 47.91909907], [106.82078231, 47.91894511], [106.81893342, 47.91877103], [106.8187298, 47.91874114], [106.8185501, 47.91880146], [106.81802226, 47.91911129], [106.81771063, 47.91932537], [106.81768931, 47.91936286], [106.81754447, 47.91965144], [106.81743067, 47.92014017], [106.81735415, 47.92060514], [106.81727159, 47.92094769], [106.81738469, 47.92121673], [106.81745222, 47.92131136], [106.81754746, 47.92140097], [106.81774358, 47.92152793], [106.81811428, 47.92171878], [106.8194624, 47.92192628], [106.81958952, 47.9219795], [106.81967931, 47.92203499], [106.81974244, 47.92229367], [106.81971365, 47.92272604], [106.81968197, 47.92296933], [106.8197735, 47.92302031], [106.82033779, 47.92326046], [106.82052102, 47.92334028], [106.82034759, 47.92351958], [106.82017228, 47.92342535], [106.81965517, 47.92320426], [106.81962217, 47.92351129], [106.8196345, 47.92370095], [106.81974547, 47.92384421], [106.81979395, 47.92389289], [106.81998787, 47.92407428], [106.82020752, 47.92438428], [106.82062765, 47.92454445], [106.82098794, 47.9246818], [106.82120327, 47.92515034], [106.82146834, 47.925352], [106.82190669, 47.92564245], [106.82218178, 47.92575859], [106.82227092, 47.92579798], [106.82271497, 47.92605687], [106.82307931, 47.92645185], [106.82373721, 47.92705201], [106.82390375, 47.92714865], [106.82422467, 47.9273379], [106.82459265, 47.92744008], [106.82466014, 47.92748103], [106.82489724, 47.92767525], [106.82512185, 47.92784726], [106.82534987, 47.92802031], [106.82555754, 47.92817512], [106.82597044, 47.92847686], [106.82612308, 47.92858985], [106.82585157, 47.92873913], [106.82573247, 47.92861266], [106.82551265, 47.92844994], [106.82515494, 47.92818512], [106.8247458, 47.92787513], [106.82449704, 47.9276819], [106.82443114, 47.92762265], [106.82442378, 47.92761799], [106.82406154, 47.92751804], [106.82404187, 47.92750651], [106.82372335, 47.92731984], [106.82350652, 47.92719186], [106.82281735, 47.92656309], [106.82247457, 47.92619178], [106.82208199, 47.92596289], [106.82200888, 47.92593083], [106.82171373, 47.92580636], [106.82124986, 47.92549927], [106.82092955, 47.9252561], [106.82084051, 47.92507703], [106.820761, 47.9248983], [106.82072928, 47.92482161], [106.82055001, 47.92475372], [106.82047537, 47.92472527], [106.81997029, 47.92453271], [106.8199508, 47.92450521], [106.81975011, 47.9242223], [106.81972464, 47.9241861], [106.81972393, 47.92418561], [106.81954158, 47.92401288], [106.81948863, 47.92396336], [106.81947581, 47.9239462], [106.81937, 47.92380028], [106.81934139, 47.92374436], [106.81932645, 47.92350519], [106.81938076, 47.92301285], [106.81942175, 47.92269817], [106.81944676, 47.92230457], [106.81940547, 47.92213539], [106.81939, 47.92212846], [106.81935163, 47.92211275], [106.81910479, 47.92207946], [106.81869314, 47.92201652], [106.81798272, 47.9219011], [106.81755187, 47.92167848], [106.81732454, 47.92153162], [106.81719842, 47.92141325], [106.81710863, 47.92128777], [106.8169706, 47.92095944], [106.81706855, 47.92053981], [106.81714425, 47.92008772], [106.81725345, 47.91961202], [106.81733431, 47.91943309], [106.81745067, 47.91921424], [106.81780511, 47.91897626], [106.81838182, 47.91863792], [106.81867239, 47.91851705], [106.81894345, 47.91853211], [106.81938354, 47.91855958], [106.82021151, 47.9186196], [106.82057518, 47.91864416], [106.82103191, 47.91866859], [106.82142363, 47.91867551], [106.8216266, 47.9186873], [106.82176538, 47.91869628], [106.82199527, 47.91871601], [106.82220242, 47.91873645], [106.82245658, 47.91875724], [106.82263387, 47.91876638], [106.82272227, 47.91830993], [106.82275862, 47.91809895], [106.82276976, 47.91804586], [106.82281076, 47.91785696], [106.82283588, 47.91767271], [106.82285692, 47.91749332], [106.82290143, 47.91727461], [106.82292976, 47.91716001], [106.82283397, 47.9171534], [106.82251069, 47.91712489], [106.82221105, 47.91709805], [106.82182909, 47.9170637], [106.82157681, 47.91704689], [106.82144315, 47.91703398], [106.82141546, 47.91702758], [106.82137027, 47.91701121], [106.82133701, 47.91698634], [106.82128333, 47.91695343], [106.82122923, 47.91690504], [106.82120959, 47.91687503], [106.82119205, 47.9168354], [106.82119247, 47.91679187], [106.82121687, 47.91661958], [106.82124586, 47.91642822], [106.82133973, 47.91585619], [106.82137165, 47.9157878], [106.8214401, 47.9157285], [106.82159002, 47.91564701], [106.82169357, 47.91557863], [106.82173049, 47.91555769], [106.82212, 47.9153286], [106.82235023, 47.9154876]]]}, "geometry_name": "geom", "properties": {"guid": 87607, "id": 87607, "object_no": null, "object_name": null, "layer_type_id": 162, "valid_to": null, "address_no": null, "border_type": "solid", "border_width": null, "border_color": "#c16300", "border_opacity": 0.5, "border_wellknown": "shape://horizline", "fill_type": "color", "fill_color": "#c16300", "fill_opacity": 0.3, "fill_wellknown": null, "fill_shape_color": null, "fill_shape_width": null, "fill_shape_size": null, "fill_img_url": null, "marker_img_url": null}},{"type": "Feature", "id": "layer_data_map.fid--27e80436_1a098c1eed1_-549a", "geometry": {"type": "Polygon", "coordinates": [[[106.81042795, 47.92121332], [106.81072816, 47.92122957], [106.81076281, 47.92123223], [106.81095371, 47.9212509], [106.81108266, 47.92127305], [106.81141795, 47.92131867], [106.81166721, 47.92135601], [106.81186601, 47.92138262], [106.81215389, 47.92139094], [106.81227968, 47.9214359], [106.8122994, 47.92151111], [106.81230502, 47.92155496], [106.81230695, 47.9216556], [106.81230874, 47.92186262], [106.81230658, 47.92188899], [106.81229448, 47.921968], [106.81229828, 47.92199066], [106.8123033, 47.92199881], [106.81234785, 47.92204924], [106.81240857, 47.92210382], [106.81245908, 47.92211306], [106.81254084, 47.92212837], [106.81262181, 47.922148], [106.81265469, 47.92216255], [106.81268713, 47.92218549], [106.81271429, 47.92221246], [106.81273208, 47.92223808], [106.81277389, 47.92233353], [106.8127878, 47.92237834], [106.8127957, 47.92242319], [106.8128063, 47.92254798], [106.81282433, 47.92269562], [106.81284603, 47.92276687], [106.81286988, 47.92285706], [106.81285082, 47.92287258], [106.81285695, 47.92294796], [106.81287327, 47.92302799], [106.8128867, 47.92305388], [106.81289183, 47.92305806], [106.8129169, 47.92306824], [106.81300756, 47.92309839], [106.81307484, 47.92312738], [106.81310135, 47.92314671], [106.81313955, 47.92318425], [106.81316217, 47.92318954], [106.81328717, 47.92321935], [106.81349821, 47.92324499], [106.81384371, 47.92333175], [106.81396865, 47.92337043], [106.81438752, 47.92349549], [106.81459589, 47.92353726], [106.81490994, 47.92362774], [106.81505415, 47.92366982], [106.81512981, 47.92369231], [106.81533049, 47.92381066], [106.81542451, 47.92388469], [106.81564156, 47.92405104], [106.81601378, 47.92433343], [106.81608145, 47.92438774], [106.81610964, 47.92443771], [106.81618645, 47.92486543], [106.8162134, 47.92504161], [106.81621456, 47.9250678], [106.81620837, 47.92512534], [106.81620873, 47.92512603], [106.8162186, 47.92517266], [106.81623411, 47.92519437], [106.8162524, 47.92523338], [106.81625884, 47.92534474], [106.81628393, 47.9253998], [106.81630812, 47.9255284], [106.81633083, 47.92576734], [106.81635463, 47.92608365], [106.81636314, 47.92639938], [106.81639172, 47.9267724], [106.81644686, 47.92703284], [106.81645292, 47.92710731], [106.81644486, 47.92716885], [106.81646992, 47.9273785], [106.81649231, 47.92751107], [106.81650209, 47.92759011], [106.81650426, 47.92763713], [106.81648399, 47.9278034], [106.8165296, 47.92807084], [106.81661519, 47.92838413], [106.81664853, 47.92852758], [106.81669625, 47.92876044], [106.81671238, 47.92886234], [106.81672133, 47.92892367], [106.81674961, 47.92906139], [106.81676148, 47.92913567], [106.81675846, 47.92920619], [106.81673274, 47.92932627], [106.81673287, 47.92944897], [106.81673116, 47.92949242], [106.81672666, 47.92952821], [106.81671581, 47.92957964], [106.81668745, 47.92969397], [106.81668208, 47.92973808], [106.81668374, 47.92975261], [106.81670297, 47.92981232], [106.81670982, 47.92985872], [106.81671904, 47.92992719], [106.81671905, 47.9299272], [106.81673826, 47.929938], [106.81675139, 47.92994183], [106.81696263, 47.92995677], [106.81679784, 47.93017051], [106.8159274, 47.93020364], [106.81627422, 47.93001175], [106.81630583, 47.92999475], [106.81631739, 47.92998569], [106.81632233, 47.92997961], [106.81634559, 47.92993981], [106.81635127, 47.92992991], [106.81635906, 47.92988983], [106.81636009, 47.92987901], [106.81635507, 47.92975104], [106.81636248, 47.92961109], [106.81636771, 47.92958421], [106.81638592, 47.92951661], [106.81639654, 47.92944284], [106.81639715, 47.92926025], [106.81639428, 47.92914432], [106.81638993, 47.9289534], [106.81638573, 47.92889859], [106.81636062, 47.92880945], [106.81634379, 47.92875835], [106.81630333, 47.92863122], [106.81629193, 47.92858178], [106.81629417, 47.92851983], [106.81630286, 47.92848911], [106.81630236, 47.92848064], [106.81628509, 47.92840224], [106.81626592, 47.92834324], [106.8162535, 47.92833578], [106.81620975, 47.92825684], [106.81619801, 47.92811035], [106.81619243, 47.92808141], [106.81617969, 47.92800517], [106.8161736, 47.92791619], [106.81617207, 47.92784338], [106.81617501, 47.92774892], [106.81617987, 47.92772019], [106.8161873, 47.92770397], [106.81618711, 47.92768036], [106.81617285, 47.92748241], [106.81612913, 47.92725431], [106.81605557, 47.92677074], [106.81606805, 47.92669978], [106.81606831, 47.92662201], [106.8160518, 47.92639709], [106.81603977, 47.92610778], [106.81602443, 47.92583512], [106.81601344, 47.92571947], [106.81600303, 47.9256414], [106.81597462, 47.92548355], [106.81591047, 47.92523632], [106.8158891, 47.92512258], [106.81585943, 47.92486498], [106.81583146, 47.92470268], [106.81582999, 47.92460988], [106.81582641, 47.92458132], [106.81582426, 47.92457394], [106.81579762, 47.92451508], [106.81577197, 47.92447685], [106.81573926, 47.92444023], [106.81569976, 47.9244054], [106.8155706, 47.9243074], [106.81540143, 47.92418609], [106.81514514, 47.9239795], [106.81505, 47.92391346], [106.81497734, 47.92387428], [106.81490035, 47.92384674], [106.81483377, 47.92382315], [106.81480595, 47.9238162], [106.81477008, 47.92381267], [106.81472982, 47.92380182], [106.81448264, 47.92373006], [106.81437258, 47.9237073], [106.81429209, 47.92368678], [106.81418109, 47.92365825], [106.81409842, 47.92363505], [106.81399411, 47.9236101], [106.81385171, 47.92357682], [106.81376833, 47.92355649], [106.8136653, 47.9235243], [106.8134174, 47.9234555], [106.81340158, 47.92345474], [106.81329524, 47.92345174], [106.81324337, 47.92344853], [106.81318952, 47.9234401], [106.81313723, 47.9234279], [106.8130939, 47.92341583], [106.8130147, 47.92338875], [106.81296662, 47.92336887], [106.81293336, 47.92335193], [106.81289988, 47.92332699], [106.8128823, 47.92331102], [106.81287089, 47.9233018], [106.81285505, 47.92329685], [106.81279694, 47.92327867], [106.81272781, 47.92325705], [106.81266518, 47.92323795], [106.81262819, 47.9232221], [106.81259093, 47.92319839], [106.81256779, 47.92316908], [106.81255765, 47.92314195], [106.81255404, 47.9231256], [106.81255194, 47.92310425], [106.81255226, 47.9230881], [106.81255301, 47.92307503], [106.8125537, 47.9230439], [106.81254591, 47.92290303], [106.81253, 47.92277796], [106.81251717, 47.92276768], [106.81249713, 47.92274637], [106.81248305, 47.92271954], [106.81247369, 47.92267231], [106.81246809, 47.92262304], [106.81246198, 47.92251338], [106.81245899, 47.9224588], [106.81245609, 47.92239994], [106.81245307, 47.92238141], [106.81244893, 47.9223692], [106.81243835, 47.9223497], [106.81242917, 47.92233787], [106.81242431, 47.92233324], [106.8124196, 47.92232987], [106.81241882, 47.92232946], [106.81241813, 47.9223292], [106.81240938, 47.92232684], [106.81239404, 47.92232404], [106.8123697, 47.92232061], [106.81230828, 47.92231016], [106.81226709, 47.9223], [106.8122366, 47.92228844], [106.81221166, 47.92227529], [106.81217687, 47.92225168], [106.81213827, 47.92222492], [106.81208959, 47.9221899], [106.81204262, 47.92215106], [106.81199987, 47.9221139], [106.81196135, 47.92206792], [106.81194881, 47.92203808], [106.81194161, 47.92201289], [106.81193729, 47.92197637], [106.81193863, 47.92193725], [106.81194458, 47.92187928], [106.81195938, 47.92182226], [106.8119622, 47.92180676], [106.81196619, 47.9216699], [106.81196465, 47.92158352], [106.81194261, 47.92158151], [106.81192497, 47.92158037], [106.81183325, 47.92157856], [106.81178581, 47.92157568], [106.8117115, 47.92156856], [106.81166202, 47.9215614], [106.81155949, 47.92154088], [106.81154316, 47.9215384], [106.81140249, 47.92152507], [106.81128955, 47.92151507], [106.81120744, 47.92150588], [106.81094255, 47.92147081], [106.81072333, 47.92144446], [106.81063526, 47.92143538], [106.81052313, 47.92143007], [106.81033267, 47.92141828], [106.81042795, 47.92121332]]]}, "geometry_name": "geom", "properties": {"guid": 87608, "id": 87608, "object_no": null, "object_name": null, "layer_type_id": 162, "valid_to": null, "address_no": null, "border_type": "solid", "border_width": null, "border_color": "#c16300", "border_opacity": 0.5, "border_wellknown": "shape://horizline", "fill_type": "color", "fill_color": "#c16300", "fill_opacity": 0.3, "fill_wellknown": null, "fill_shape_color": null, "fill_shape_width": null, "fill_shape_size": null, "fill_img_url": null, "marker_img_url": null}},{"type": "Feature", "id": "layer_data_map.fid--27e80436_1a098c1eed1_-5499", "geometry": {"type": "Polygon", "coordinates": [[[106.67614693, 47.8423748], [106.67462456, 47.84407988], [106.67441708, 47.84421062], [106.6742072, 47.84426277], [106.67377348, 47.84432873], [106.67247876, 47.844594], [106.67174514, 47.84478197], [106.6714047, 47.84484789], [106.67102305, 47.84487638], [106.67071463, 47.84483871], [106.67046683, 47.8447331], [106.6706322, 47.84452723], [106.67094167, 47.844561], [106.67202246, 47.84432355], [106.67386616, 47.8439506], [106.67426506, 47.84371425], [106.67482592, 47.84311953], [106.67539081, 47.84239001], [106.67558121, 47.84220239], [106.67519748, 47.84210426], [106.67372234, 47.84165814], [106.67297863, 47.84141311], [106.67223728, 47.84118627], [106.6718174, 47.84100242], [106.67105777, 47.84060124], [106.67002243, 47.83935452], [106.67001683, 47.83921372], [106.66998985, 47.83920928], [106.66983223, 47.83924664], [106.66971621, 47.83928026], [106.66957868, 47.83931825], [106.66944527, 47.83934305], [106.66769178, 47.83950038], [106.66764785, 47.83931367], [106.66938233, 47.83909931], [106.66943589, 47.83909002], [106.66954232, 47.83905986], [106.66971908, 47.83900881], [106.66996186, 47.83895587], [106.67022386, 47.83899077], [106.67069019, 47.83911344], [106.67042055, 47.83925151], [106.6707837, 47.8395517], [106.67116705, 47.83991849], [106.67173328, 47.84036544], [106.67250581, 47.84072868], [106.67326252, 47.84114673], [106.67380393, 47.8413672], [106.67426226, 47.84149086], [106.67461815, 47.84156481], [106.67529991, 47.84173702], [106.67558175, 47.84181784], [106.67611094, 47.84195018], [106.67649133, 47.84203405], [106.67699397, 47.84215401], [106.67724759, 47.84221622], [106.67773373, 47.84234901], [106.67811148, 47.84245361], [106.67855501, 47.84250204], [106.67905907, 47.84257784], [106.67963956, 47.84264576], [106.68036478, 47.84272892], [106.6808025, 47.84277117], [106.68112292, 47.84279854], [106.68124179, 47.84279283], [106.68134134, 47.84277592], [106.68143502, 47.84275151], [106.68157012, 47.84269318], [106.68179942, 47.84254793], [106.68199298, 47.84238689], [106.6821004, 47.8422672], [106.68305312, 47.84117214], [106.68374994, 47.8405927], [106.68392599, 47.84034236], [106.68398484, 47.8402225], [106.68494935, 47.83956071], [106.68523798, 47.83924827], [106.68532645, 47.83905276], [106.68526354, 47.83879442], [106.6843169, 47.83691807], [106.68473159, 47.8367838], [106.68542242, 47.8381499], [106.68543846, 47.83802674], [106.68597138, 47.8370831], [106.68640803, 47.83738382], [106.6860945, 47.83788992], [106.68587527, 47.83873039], [106.68574232, 47.83947532], [106.68571275, 47.83966799], [106.68555493, 47.839858], [106.68494797, 47.84006707], [106.68441502, 47.84066324], [106.68336656, 47.84190548], [106.68257655, 47.84247102], [106.68259636, 47.84261678], [106.68257436, 47.84262692], [106.68267382, 47.84288978], [106.68263064, 47.84310201], [106.68221248, 47.84361019], [106.68214227, 47.84413], [106.68239026, 47.84463494], [106.68313596, 47.8455093], [106.68322304, 47.84571393], [106.6832689, 47.84651505], [106.68322294, 47.84682526], [106.68303739, 47.84705672], [106.68221102, 47.84751173], [106.68198478, 47.84732554], [106.68277027, 47.84689305], [106.68286985, 47.84676892], [106.68291086, 47.84650728], [106.68286738, 47.84574744], [106.68281039, 47.84561252], [106.6820741, 47.84474932], [106.68201909, 47.84466594], [106.68177975, 47.84417092], [106.681869, 47.84352004], [106.68228755, 47.84301137], [106.68230798, 47.8429141], [106.68225739, 47.8427718], [106.68224293, 47.84276027], [106.68212351, 47.84285092], [106.68175968, 47.84307436], [106.68146091, 47.84316478], [106.68101221, 47.8431932], [106.68030763, 47.84312405], [106.67975295, 47.84302178], [106.67849226, 47.84285691], [106.67793703, 47.84278828], [106.67724864, 47.84263252], [106.67614693, 47.8423748]]]}, "geometry_name": "geom", "properties": {"guid": 87609, "id": 87609, "object_no": null, "object_name": null, "layer_type_id": 162, "valid_to": null, "address_no": null, "border_type": "solid", "border_width": null, "border_color": "#c16300", "border_opacity": 0.5, "border_wellknown": "shape://horizline", "fill_type": "color", "fill_color": "#c16300", "fill_opacity": 0.3, "fill_wellknown": null, "fill_shape_color": null, "fill_shape_width": null, "fill_shape_size": null, "fill_img_url": null, "marker_img_url": null}},{"type": "Feature", "id": "layer_data_map.fid--27e80436_1a098c1eed1_-5498", "geometry": {"type": "Polygon", "coordinates": [[[106.66961588, 47.83238493], [106.66950053, 47.83258802], [106.66903559, 47.83246839], [106.66897886, 47.83245137], [106.66891108, 47.83242263], [106.66885078, 47.83238713], [106.66879493, 47.83234174], [106.66874196, 47.83227466], [106.6685527, 47.83194529], [106.66816875, 47.83134158], [106.66814169, 47.83129339], [106.66812921, 47.83124149], [106.66809574, 47.83104128], [106.66803595, 47.83068346], [106.66799803, 47.83060816], [106.66740086, 47.82995341], [106.66734567, 47.82987763], [106.66731659, 47.82981384], [106.66730102, 47.82974554], [106.6672256, 47.8291033], [106.66719142, 47.82901843], [106.66701437, 47.82877206], [106.66657135, 47.82815556], [106.66653115, 47.82811284], [106.66632713, 47.82794692], [106.6655042, 47.82727776], [106.66541195, 47.8271773], [106.66535017, 47.82707336], [106.66487335, 47.82627112], [106.66481422, 47.82620631], [106.66312161, 47.82490992], [106.66223503, 47.82423084], [106.66112396, 47.82338007], [106.66059276, 47.82303821], [106.65930818, 47.82221253], [106.65864252, 47.82178466], [106.6569917, 47.82072348], [106.65709932, 47.82064755], [106.6572189, 47.82056317], [106.66137866, 47.82322005], [106.66161942, 47.82341634], [106.66337759, 47.82475276], [106.66516126, 47.82611961], [106.66573267, 47.82706569], [106.66578442, 47.82712424], [106.66604602, 47.8273446], [106.66648834, 47.82771481], [106.66687239, 47.82803393], [106.66700068, 47.82821017], [106.66717445, 47.82844262], [106.66752958, 47.82895104], [106.66757372, 47.82905718], [106.66765586, 47.82971654], [106.66769882, 47.82981294], [106.66789449, 47.83004515], [106.66830983, 47.83049568], [106.66837554, 47.83061742], [106.66851428, 47.83127231], [106.66881132, 47.83171343], [106.66904083, 47.83212403], [106.66922899, 47.83226979], [106.66961588, 47.83238493]]]}, "geometry_name": "geom", "properties": {"guid": 87610, "id": 87610, "object_no": null, "object_name": null, "layer_type_id": 162, "valid_to": null, "address_no": null, "border_type": "solid", "border_width": null, "border_color": "#c16300", "border_opacity": 0.5, "border_wellknown": "shape://horizline", "fill_type": "color", "fill_color": "#c16300", "fill_opacity": 0.3, "fill_wellknown": null, "fill_shape_color": null, "fill_shape_width": null, "fill_shape_size": null, "fill_img_url": null, "marker_img_url": null}},{"type": "Feature", "id": "layer_data_map.fid--27e80436_1a098c1eed1_-5497", "geometry": {"type": "Polygon", "coordinates": [[[106.83284334, 47.96228845], [106.83245401, 47.96255116], [106.83230435, 47.96245286], [106.83202275, 47.96226302], [106.83192609, 47.96212726], [106.83192078, 47.96208592], [106.83188875, 47.96205866], [106.83186253, 47.96203761], [106.83163217, 47.9619118], [106.83081292, 47.96160455], [106.83001782, 47.96137339], [106.82962226, 47.96115769], [106.829186, 47.96099435], [106.82781294, 47.96069113], [106.82696498, 47.9605111], [106.82674153, 47.96012791], [106.8265716, 47.95966114], [106.8268454, 47.95956633], [106.82703539, 47.96006448], [106.82720652, 47.96032444], [106.82791352, 47.9604861], [106.82931513, 47.96079554], [106.82980501, 47.96097928], [106.830186, 47.96118705], [106.83095715, 47.96141041], [106.83181333, 47.96173251], [106.83207913, 47.96187767], [106.83220242, 47.96187598], [106.83242586, 47.96187792], [106.83254035, 47.96199366], [106.83260366, 47.96213796], [106.83284334, 47.96228845]]]}, "geometry_name": "geom", "properties": {"guid": 87611, "id": 87611, "object_no": null, "object_name": null, "layer_type_id": 162, "valid_to": null, "address_no": null, "border_type": "solid", "border_width": null, "border_color": "#c16300", "border_opacity": 0.5, "border_wellknown": "shape://horizline", "fill_type": "color", "fill_color": "#c16300", "fill_opacity": 0.3, "fill_wellknown": null, "fill_shape_color": null, "fill_shape_width": null, "fill_shape_size": null, "fill_img_url": null, "marker_img_url": null}},{"type": "Feature", "id": "layer_data_map.fid--27e80436_1a098c1eed1_-5496", "geometry": {"type": "Polygon", "coordinates": [[[106.91534569, 47.88732862], [106.91448109, 47.88735616], [106.91450833, 47.88710564], [106.91452102, 47.88706846], [106.9133827, 47.88574655], [106.91301801, 47.88549035], [106.91287512, 47.88527639], [106.91281668, 47.88479073], [106.91281458, 47.88459419], [106.9128088, 47.88456921], [106.91258895, 47.884062], [106.91258101, 47.88383623], [106.91270601, 47.88348724], [106.91257203, 47.88320895], [106.91239543, 47.88311109], [106.91226165, 47.882871], [106.91228421, 47.88277211], [106.9122614, 47.88272583], [106.91225049, 47.88271859], [106.91207549, 47.88240282], [106.91208964, 47.88228895], [106.91203458, 47.88220363], [106.91184283, 47.88210177], [106.91172718, 47.88200001], [106.91162286, 47.88183544], [106.91157151, 47.8817182], [106.91157096, 47.88171472], [106.91140727, 47.88155766], [106.91085022, 47.88112107], [106.91080505, 47.88092873], [106.91012747, 47.8802521], [106.90974149, 47.8800817], [106.90972872, 47.88009814], [106.90937573, 47.87993512], [106.90910621, 47.87968365], [106.90912813, 47.879384], [106.90919473, 47.87924847], [106.90920967, 47.87919308], [106.90921867, 47.87908567], [106.90923684, 47.87887806], [106.90910058, 47.87812882], [106.90903812, 47.87773707], [106.90902608, 47.87770348], [106.90891321, 47.87753376], [106.9088816, 47.87746015], [106.90884195, 47.87724332], [106.90884056, 47.8771896], [106.90888338, 47.87686148], [106.90891931, 47.8767693], [106.9091697, 47.87641552], [106.90940438, 47.87578179], [106.90942361, 47.87576658], [106.90988105, 47.87451635], [106.90988609, 47.87448515], [106.90972842, 47.87222745], [106.90965197, 47.87172673], [106.90952988, 47.87088352], [106.90970086, 47.86975552], [106.91002249, 47.86984913], [106.90986409, 47.87090699], [106.91005783, 47.8721535], [106.91021873, 47.87449492], [106.91021491, 47.87455124], [106.90974898, 47.87583216], [106.90974649, 47.87586249], [106.90952463, 47.87646885], [106.90949826, 47.87651835], [106.90925593, 47.87685861], [106.9092415, 47.87689407], [106.90920211, 47.87719964], [106.90923732, 47.87741597], [106.90924736, 47.87744138], [106.90936964, 47.87762199], [106.90939731, 47.87769975], [106.90945486, 47.87808653], [106.90952842, 47.87843718], [106.90959707, 47.87887193], [106.90957875, 47.87910067], [106.90956932, 47.87921598], [106.90954567, 47.87930897], [106.90948194, 47.87943332], [106.90946792, 47.87961238], [106.90961594, 47.87975165], [106.90991567, 47.879893], [106.9099049, 47.87990333], [106.91034756, 47.88009526], [106.91110239, 47.88084604], [106.91114542, 47.88102928], [106.9116557, 47.88142921], [106.91185595, 47.88162185], [106.91196036, 47.8817373], [106.91205227, 47.88188228], [106.91209666, 47.88192144], [106.91231525, 47.88203756], [106.91246165, 47.88226446], [106.91244684, 47.88238369], [106.91254612, 47.88256732], [106.91256477, 47.88257971], [106.91265837, 47.88276222], [106.91263567, 47.88286206], [106.91268571, 47.88295189], [106.91286636, 47.8830545], [106.91308112, 47.88349554], [106.91294855, 47.88387141], [106.91295189, 47.88401571], [106.91316678, 47.88451146], [106.91318211, 47.88458075], [106.91318571, 47.88474681], [106.91323926, 47.88522452], [106.91331659, 47.88534117], [106.91367601, 47.88559367], [106.9148509, 47.88696204], [106.91504421, 47.88702239], [106.91509164, 47.88711316], [106.91534569, 47.88732862]]]}, "geometry_name": "geom", "properties": {"guid": 87612, "id": 87612, "object_no": null, "object_name": null, "layer_type_id": 162, "valid_to": null, "address_no": null, "border_type": "solid", "border_width": null, "border_color": "#c16300", "border_opacity": 0.5, "border_wellknown": "shape://horizline", "fill_type": "color", "fill_color": "#c16300", "fill_opacity": 0.3, "fill_wellknown": null, "fill_shape_color": null, "fill_shape_width": null, "fill_shape_size": null, "fill_img_url": null, "marker_img_url": null}},{"type": "Feature", "id": "layer_data_map.fid--27e80436_1a098c1eed1_-5495", "geometry": {"type": "Polygon", "coordinates": [[[106.90684832, 47.87327805], [106.90700189, 47.87350797], [106.90712534, 47.87376463], [106.90727681, 47.87424361], [106.90811126, 47.87688216], [106.90841338, 47.87775545], [106.90908884, 47.87959196], [106.90903586, 47.88017597], [106.90880567, 47.88082889], [106.90857445, 47.88134977], [106.90845174, 47.8821815], [106.90840501, 47.88290057], [106.90843829, 47.88317353], [106.90841396, 47.8834819], [106.90822255, 47.8838727], [106.90802703, 47.88409792], [106.90750246, 47.88442223], [106.90685091, 47.88461673], [106.90591434, 47.88484583], [106.90553486, 47.88493527], [106.9052925, 47.88498457], [106.90498546, 47.88510936], [106.90474284, 47.88533571], [106.90286819, 47.88585306], [106.90233111, 47.88590792], [106.90159433, 47.88594942], [106.90115496, 47.88598914], [106.90076494, 47.88598593], [106.90076485, 47.8859912], [106.89962807, 47.88597901], [106.89826832, 47.88599982], [106.89740272, 47.88617248], [106.89712262, 47.88628325], [106.89684938, 47.88635091], [106.89680069, 47.88607812], [106.89700151, 47.88607968], [106.89727334, 47.88597219], [106.89821837, 47.88578368], [106.89961734, 47.88576235], [106.9007688, 47.88577442], [106.90076871, 47.88577882], [106.90113974, 47.88578137], [106.90155183, 47.88574452], [106.90230296, 47.8857019], [106.90278573, 47.88565224], [106.90315708, 47.88555669], [106.90380281, 47.88535988], [106.90454581, 47.88516579], [106.90477269, 47.88495412], [106.90516513, 47.88479463], [106.90568988, 47.88467927], [106.90674962, 47.88442193], [106.90733138, 47.88424701], [106.90778408, 47.88396715], [106.90794169, 47.88377939], [106.90810904, 47.88344315], [106.90813008, 47.88317647], [106.90809703, 47.88290273], [106.90814806, 47.88214514], [106.90827105, 47.88131102], [106.90850187, 47.88079413], [106.90873052, 47.88014558], [106.90877902, 47.87961093], [106.90859556, 47.87911211], [106.90792424, 47.87728827], [106.90781029, 47.87692459], [106.9076425, 47.87639406], [106.90683122, 47.87382865], [106.90677696, 47.87371351], [106.90667872, 47.87371643], [106.90661065, 47.87371991], [106.90640997, 47.87382191], [106.90638429, 47.87341508], [106.90659681, 47.87350795], [106.90666453, 47.87350648], [106.90656959, 47.87336233], [106.90684832, 47.87327805]]]}, "geometry_name": "geom", "properties": {"guid": 87613, "id": 87613, "object_no": null, "object_name": null, "layer_type_id": 162, "valid_to": null, "address_no": null, "border_type": "solid", "border_width": null, "border_color": "#c16300", "border_opacity": 0.5, "border_wellknown": "shape://horizline", "fill_type": "color", "fill_color": "#c16300", "fill_opacity": 0.3, "fill_wellknown": null, "fill_shape_color": null, "fill_shape_width": null, "fill_shape_size": null, "fill_img_url": null, "marker_img_url": null}},{"type": "Feature", "id": "layer_data_map.fid--27e80436_1a098c1eed1_-5494", "geometry": {"type": "Polygon", "coordinates": [[[106.92188764, 47.88631183], [106.92162315, 47.88601089], [106.92096545, 47.88459485], [106.92041046, 47.88375215], [106.92038083, 47.8837218], [106.91992484, 47.88338861], [106.9191359, 47.88241303], [106.91868819, 47.88173977], [106.91899327, 47.88164796], [106.91943574, 47.88231324], [106.9200818, 47.88311215], [106.92073007, 47.88246233], [106.9209074, 47.88236934], [106.92178041, 47.88215862], [106.92145208, 47.88132971], [106.92113976, 47.8804971], [106.92095547, 47.88033025], [106.91997458, 47.87773425], [106.91991628, 47.87766996], [106.91806364, 47.87656044], [106.91630517, 47.87501827], [106.91436995, 47.87307616], [106.91461482, 47.87295055], [106.91481922, 47.87315068], [106.91486013, 47.87311512], [106.9148723, 47.87294459], [106.91535217, 47.87319938], [106.91510833, 47.87324701], [106.91500159, 47.87333593], [106.91656044, 47.87489489], [106.91829806, 47.87641728], [106.92015974, 47.87753157], [106.92026911, 47.87765215], [106.92124597, 47.88023735], [106.92142458, 47.88039905], [106.9217574, 47.88127608], [106.9220707, 47.88206704], [106.92355873, 47.88148861], [106.92385788, 47.88134197], [106.92392413, 47.88116355], [106.92430319, 47.8815099], [106.92404126, 47.88150693], [106.92373324, 47.88165949], [106.92210169, 47.88229392], [106.92206974, 47.8823143], [106.92105429, 47.88255941], [106.92096824, 47.88260454], [106.92026748, 47.88330698], [106.9206426, 47.88358108], [106.92070726, 47.8836473], [106.92127739, 47.88451397], [106.92193051, 47.88591861], [106.92212407, 47.88613654], [106.92221848, 47.88627089], [106.92188764, 47.88631183]]]}, "geometry_name": "geom", "properties": {"guid": 87614, "id": 87614, "object_no": null, "object_name": null, "layer_type_id": 162, "valid_to": null, "address_no": null, "border_type": "solid", "border_width": null, "border_color": "#c16300", "border_opacity": 0.5, "border_wellknown": "shape://horizline", "fill_type": "color", "fill_color": "#c16300", "fill_opacity": 0.3, "fill_wellknown": null, "fill_shape_color": null, "fill_shape_width": null, "fill_shape_size": null, "fill_img_url": null, "marker_img_url": null}},{"type": "Feature", "id": "layer_data_map.fid--27e80436_1a098c1eed1_-5493", "geometry": {"type": "Polygon", "coordinates": [[[106.94922614, 47.95293469], [106.94897643, 47.9529154], [106.94895482, 47.95291341], [106.94893589, 47.95291005], [106.94892171, 47.9529065], [106.94891185, 47.95290384], [106.94865825, 47.95283564], [106.94863929, 47.95283054], [106.94861801, 47.95282354], [106.94858913, 47.95280984], [106.94857326, 47.95279777], [106.94847793, 47.95272932], [106.94840322, 47.95268837], [106.94837979, 47.95267553], [106.94836343, 47.95266507], [106.94821061, 47.95253587], [106.94798159, 47.95237317], [106.94797264, 47.95236682], [106.947955, 47.95235261], [106.9479398, 47.95233361], [106.947801, 47.952142], [106.94755573, 47.95201532], [106.94736113, 47.95194645], [106.94645058, 47.95178437], [106.94630601, 47.95175771], [106.94628149, 47.95175132], [106.94601473, 47.951635], [106.94592168, 47.95159715], [106.94545428, 47.95143231], [106.94529963, 47.95140524], [106.94523274, 47.95139426], [106.94491896, 47.95139757], [106.94425743, 47.95134083], [106.94396609, 47.95131525], [106.94381366, 47.95129631], [106.94363978, 47.95127471], [106.94348316, 47.95126987], [106.94322533, 47.95123807], [106.94309797, 47.95120883], [106.94300787, 47.95118782], [106.94298345, 47.95118059], [106.94296131, 47.95117064], [106.94270982, 47.95103502], [106.94247894, 47.9508141], [106.94216769, 47.95062841], [106.9418489, 47.95053167], [106.94154372, 47.95047656], [106.94147073, 47.95044849], [106.94145333, 47.95044171], [106.94144229, 47.95043663], [106.94142898, 47.95042949], [106.9414103, 47.95041689], [106.94140099, 47.95040804], [106.94137081, 47.95040541], [106.94123218, 47.95042497], [106.94103925, 47.95042], [106.94077327, 47.95039432], [106.94047707, 47.95037595], [106.94037248, 47.95037769], [106.94018978, 47.9503625], [106.94009205, 47.9503583], [106.94000316, 47.95034974], [106.93945292, 47.95025941], [106.9394233, 47.9502546], [106.93939706, 47.9502481], [106.93937028, 47.95023898], [106.93865603, 47.94998648], [106.93861359, 47.94996829], [106.93855572, 47.94991498], [106.93855465, 47.94991415], [106.9384906, 47.94987707], [106.93842388, 47.94982823], [106.93822984, 47.94970721], [106.93807165, 47.94956989], [106.9380184, 47.94950667], [106.93796584, 47.94944485], [106.93792006, 47.94941396], [106.93790877, 47.94940789], [106.93783073, 47.94936697], [106.93781041, 47.94935701], [106.93780382, 47.94935468], [106.93766386, 47.9493092], [106.9375026, 47.94928973], [106.93736934, 47.94928718], [106.93733292, 47.94928598], [106.93713236, 47.94924749], [106.93686612, 47.94917902], [106.93675467, 47.94916202], [106.93649739, 47.94914732], [106.9362074, 47.94914314], [106.93590115, 47.94917036], [106.93539903, 47.9493049], [106.93536839, 47.94931262], [106.93532612, 47.94931596], [106.93492778, 47.9493068], [106.9344971, 47.94929416], [106.93414636, 47.94929885], [106.93377882, 47.94927947], [106.93357808, 47.9493024], [106.93354118, 47.94930915], [106.93322816, 47.94938326], [106.93319928, 47.94938832], [106.93297845, 47.94940594], [106.93294785, 47.9494066], [106.93291409, 47.9494019], [106.93272374, 47.94935838], [106.93252075, 47.94929239], [106.93244805, 47.94925181], [106.93231142, 47.94920642], [106.93200768, 47.94918424], [106.93180637, 47.94919263], [106.93156395, 47.94918893], [106.93136953, 47.94919191], [106.93062484, 47.94918942], [106.93021062, 47.94918127], [106.9298963, 47.94916004], [106.92950816, 47.94917518], [106.92903924, 47.94920217], [106.92819507, 47.94922214], [106.92798918, 47.94922533], [106.92745277, 47.9492586], [106.92734661, 47.9492706], [106.92719185, 47.94929621], [106.92703974, 47.94932277], [106.92696303, 47.94934391], [106.92671888, 47.94941306], [106.92625767, 47.94897766], [106.9266686, 47.94901969], [106.92677114, 47.94902869], [106.92690831, 47.9490374], [106.9270039, 47.94904122], [106.92720319, 47.9490433], [106.92739053, 47.94903805], [106.92797122, 47.94900222], [106.92828707, 47.94899751], [106.92901867, 47.94897946], [106.92952471, 47.94894993], [106.92990801, 47.94893652], [106.9302343, 47.94895856], [106.93062935, 47.94896633], [106.93088732, 47.94896514], [106.93136777, 47.94896881], [106.93155969, 47.94896615], [106.93179429, 47.94896847], [106.9320193, 47.94896058], [106.93240915, 47.9489893], [106.9326249, 47.94906084], [106.93270167, 47.94910337], [106.93285075, 47.94915185], [106.93297836, 47.94918113], [106.93314168, 47.94916777], [106.93349921, 47.9490851], [106.93376668, 47.94905524], [106.93415303, 47.94907549], [106.93448002, 47.94907052], [106.93529712, 47.94909199], [106.93530775, 47.94908918], [106.93580242, 47.94895634], [106.93583167, 47.94895121], [106.93619776, 47.94891944], [106.93652125, 47.94892456], [106.93681008, 47.94894141], [106.93696315, 47.94896521], [106.9372377, 47.94903572], [106.93738397, 47.94906404], [106.93752385, 47.94906687], [106.93754117, 47.94906764], [106.93777477, 47.94909743], [106.93798799, 47.94916696], [106.93812879, 47.94923976], [106.93823286, 47.94930798], [106.9383492, 47.94944643], [106.93847576, 47.94955632], [106.93866161, 47.94967337], [106.93871063, 47.94970927], [106.93880152, 47.94976271], [106.93884106, 47.9498], [106.93935099, 47.9499823], [106.93952543, 47.95004147], [106.94006668, 47.9501305], [106.94012628, 47.95013624], [106.94022059, 47.95014029], [106.94038916, 47.95015434], [106.94048447, 47.95015246], [106.94081224, 47.95017271], [106.94106688, 47.95019744], [106.94120384, 47.95020118], [106.94132962, 47.95018267], [106.94134991, 47.95018068], [106.94137047, 47.95018036], [106.94138742, 47.95018131], [106.94151841, 47.95019368], [106.94154723, 47.95019902], [106.94158619, 47.95021111], [106.94162016, 47.95023063], [106.94163576, 47.95024386], [106.94165432, 47.95026207], [106.94167431, 47.95026978], [106.94174648, 47.95028204], [106.94195661, 47.95032], [106.94235041, 47.95043905], [106.94273322, 47.95066782], [106.94295462, 47.95088092], [106.94314531, 47.9509832], [106.94331, 47.95102171], [106.9435211, 47.95104774], [106.94368077, 47.95105294], [106.94401769, 47.9510948], [106.9449375, 47.95117427], [106.94527437, 47.95117102], [106.94556675, 47.95122078], [106.9458177, 47.95130414], [106.946134, 47.95142096], [106.94643243, 47.95154973], [106.94733854, 47.95171652], [106.9474805, 47.95173624], [106.94773203, 47.95182557], [106.94805636, 47.95199347], [106.94808056, 47.95201819], [106.94823438, 47.95222801], [106.94845413, 47.95238408], [106.94860588, 47.95251131], [106.9487052, 47.95256601], [106.94879748, 47.95263278], [106.94902849, 47.95269461], [106.94926401, 47.95271342], [106.94922614, 47.95293469]]]}, "geometry_name": "geom", "properties": {"guid": 87615, "id": 87615, "object_no": null, "object_name": null, "layer_type_id": 162, "valid_to": null, "address_no": null, "border_type": "solid", "border_width": null, "border_color": "#c16300", "border_opacity": 0.5, "border_wellknown": "shape://horizline", "fill_type": "color", "fill_color": "#c16300", "fill_opacity": 0.3, "fill_wellknown": null, "fill_shape_color": null, "fill_shape_width": null, "fill_shape_size": null, "fill_img_url": null, "marker_img_url": null}},{"type": "Feature", "id": "layer_data_map.fid--27e80436_1a098c1eed1_-5492", "geometry": {"type": "Polygon", "coordinates": [[[107.0060888, 47.91786795], [107.00592845, 47.91767637], [107.0064934, 47.91747133], [107.00654253, 47.91745966], [107.00659462, 47.91745865], [107.00673879, 47.91747102], [107.00681758, 47.91736597], [107.00701459, 47.91501009], [107.00693653, 47.91494168], [107.00615512, 47.91470181], [107.0060964, 47.91466269], [107.00592427, 47.91441353], [107.00586542, 47.91392726], [107.00584522, 47.91392835], [107.00582927, 47.91379495], [107.0058015, 47.91372464], [107.00579677, 47.91324582], [107.00584004, 47.9128207], [107.00578302, 47.9126983], [107.00559361, 47.91269079], [107.00510312, 47.91271988], [107.00476536, 47.91276302], [107.00426948, 47.91268808], [107.00383884, 47.91251129], [107.00379014, 47.91248191], [107.00375172, 47.9124261], [107.00375583, 47.91236827], [107.00397513, 47.91190146], [107.00421651, 47.91159698], [107.00404618, 47.91131437], [107.00372309, 47.9112379], [107.00323694, 47.91081771], [107.00321266, 47.91079199], [107.00317156, 47.91074144], [107.00317229, 47.91069955], [107.00376564, 47.90842043], [107.00394952, 47.9082079], [107.00315997, 47.90589293], [107.00278669, 47.90545611], [107.00220992, 47.90502216], [107.00164035, 47.9046324], [107.00124708, 47.90432308], [107.00048556, 47.90339974], [107.00029425, 47.90338618], [107.00024379, 47.90338039], [107.00015832, 47.90334432], [107.00011139, 47.90328036], [107.00010204, 47.90314029], [107.00043191, 47.90313373], [107.00043369, 47.90317432], [107.00060004, 47.90318611], [107.00067745, 47.90320481], [107.00073329, 47.90324542], [107.00151762, 47.90419642], [107.00188669, 47.90448669], [107.0020057, 47.9045803], [107.00244926, 47.90487138], [107.00254121, 47.90494059], [107.00305384, 47.90532639], [107.0034687, 47.90581156], [107.00429816, 47.9082435], [107.00407861, 47.90849726], [107.0035118, 47.91067445], [107.00394925, 47.91105495], [107.00422832, 47.91112384], [107.00429025, 47.91114966], [107.00433187, 47.9112012], [107.00455012, 47.9115633], [107.00456156, 47.91160914], [107.00454306, 47.91165392], [107.0042789, 47.91198713], [107.00410463, 47.91236202], [107.00439423, 47.91248091], [107.00477095, 47.91253784], [107.00505798, 47.91250118], [107.00538127, 47.912482], [107.00558882, 47.9124697], [107.00582575, 47.91247909], [107.00592621, 47.91248587], [107.00602208, 47.91251989], [107.00606686, 47.91256976], [107.0061715, 47.91279438], [107.00612486, 47.91325263], [107.00612926, 47.91369919], [107.00615463, 47.91376228], [107.00617238, 47.91391068], [107.0061525, 47.91391175], [107.0062061, 47.91436003], [107.00633153, 47.91454301], [107.00711644, 47.91478369], [107.00730772, 47.91495575], [107.00710179, 47.91741555], [107.00688125, 47.91771115], [107.00660308, 47.91768417], [107.0060888, 47.91786795]]]}, "geometry_name": "geom", "properties": {"guid": 87616, "id": 87616, "object_no": null, "object_name": null, "layer_type_id": 162, "valid_to": "2025-02-05", "address_no": null, "border_type": "solid", "border_width": null, "border_color": "#c16300", "border_opacity": 0.5, "border_wellknown": "shape://horizline", "fill_type": "color", "fill_color": "#c16300", "fill_opacity": 0.3, "fill_wellknown": null, "fill_shape_color": null, "fill_shape_width": null, "fill_shape_size": null, "fill_img_url": null, "marker_img_url": null}},{"type": "Feature", "id": "layer_data_map.fid--27e80436_1a098c1eed1_-5491", "geometry": {"type": "Polygon", "coordinates": [[[107.00698808, 47.92775541], [107.00666929, 47.92778167], [107.00658115, 47.92729836], [107.00663632, 47.92714314], [107.00664973, 47.9270329], [107.00661086, 47.92680921], [107.00647726, 47.92646062], [107.00643764, 47.92628364], [107.00624026, 47.92576891], [107.00618526, 47.92567486], [107.00603969, 47.92522931], [107.00592631, 47.9251826], [107.00585517, 47.92497708], [107.00585476, 47.9248515], [107.00580536, 47.92471901], [107.00575859, 47.92455421], [107.00570395, 47.9244663], [107.00563249, 47.92434565], [107.00560056, 47.92418201], [107.00553931, 47.92403233], [107.00551513, 47.92390061], [107.00545362, 47.92373714], [107.00534713, 47.92360937], [107.00525312, 47.92351528], [107.00523049, 47.92348246], [107.0052241, 47.92344654], [107.00522997, 47.92334359], [107.00510799, 47.92302164], [107.00510377, 47.92299183], [107.00512582, 47.92278175], [107.00513147, 47.92274797], [107.00516289, 47.92270374], [107.00530161, 47.92258401], [107.00526756, 47.92251654], [107.00518832, 47.92232577], [107.00514293, 47.92212369], [107.00514856, 47.92172123], [107.00511676, 47.92161445], [107.00495077, 47.92134853], [107.00488608, 47.92115555], [107.00483544, 47.92090517], [107.00474645, 47.92072972], [107.00463017, 47.92031817], [107.00456498, 47.92021452], [107.00462607, 47.91994375], [107.0045663, 47.91975866], [107.00445002, 47.91957191], [107.00439224, 47.91938026], [107.00437487, 47.91917543], [107.00432167, 47.91901554], [107.00430217, 47.91891761], [107.00425855, 47.9188615], [107.00414892, 47.9187803], [107.00405312, 47.91828807], [107.00392459, 47.91811042], [107.00370548, 47.91757465], [107.00365063, 47.91733689], [107.0034283, 47.91695606], [107.00345541, 47.91556481], [107.00339097, 47.91545712], [107.00333871, 47.91396642], [107.00346228, 47.91391023], [107.00308578, 47.91289602], [107.00291829, 47.91287479], [107.00185933, 47.91206618], [107.00207523, 47.91193839], [107.00306709, 47.91269577], [107.00332023, 47.91272786], [107.00378388, 47.91397681], [107.0036763, 47.91406664], [107.00371337, 47.9154175], [107.00377746, 47.9155246], [107.00374963, 47.91688289], [107.00395839, 47.91726717], [107.00406215, 47.91755647], [107.00422622, 47.9180278], [107.00437099, 47.91822313], [107.00446089, 47.91868348], [107.00452957, 47.91873435], [107.00461943, 47.91884992], [107.00464296, 47.91896811], [107.00470065, 47.9191451], [107.00471819, 47.91935196], [107.00476488, 47.91950686], [107.00488029, 47.91969219], [107.00495924, 47.91993666], [107.00490339, 47.92018421], [107.00494497, 47.92025106], [107.00506417, 47.92067327], [107.00515599, 47.9208543], [107.005209, 47.92111641], [107.00526424, 47.92128116], [107.00543176, 47.92154955], [107.0054767, 47.92170043], [107.00547099, 47.92210817], [107.00550928, 47.92227863], [107.00563662, 47.92256305], [107.00564401, 47.9226214], [107.00560866, 47.92267762], [107.00545113, 47.9228136], [107.00543307, 47.92298605], [107.00555275, 47.92330137], [107.00555883, 47.92332712], [107.00555361, 47.92342078], [107.00562668, 47.92349391], [107.00576082, 47.92365486], [107.00583798, 47.92385994], [107.00586176, 47.92398938], [107.00592331, 47.92413979], [107.00594467, 47.92428108], [107.00607431, 47.92449056], [107.0061243, 47.92466793], [107.00618252, 47.92482406], [107.00618294, 47.92495155], [107.00621455, 47.92504289], [107.00632924, 47.92509014], [107.00644703, 47.92542866], [107.00650064, 47.92561172], [107.00655457, 47.92570334], [107.00675291, 47.92624115], [107.00678647, 47.92639106], [107.00692738, 47.92676991], [107.00697243, 47.92702914], [107.00695442, 47.92717721], [107.00690698, 47.9273107], [107.00698808, 47.92775541]]]}, "geometry_name": "geom", "properties": {"guid": 87617, "id": 87617, "object_no": null, "object_name": null, "layer_type_id": 162, "valid_to": null, "address_no": null, "border_type": "solid", "border_width": null, "border_color": "#c16300", "border_opacity": 0.5, "border_wellknown": "shape://horizline", "fill_type": "color", "fill_color": "#c16300", "fill_opacity": 0.3, "fill_wellknown": null, "fill_shape_color": null, "fill_shape_width": null, "fill_shape_size": null, "fill_img_url": null, "marker_img_url": null}},{"type": "Feature", "id": "layer_data_map.fid--27e80436_1a098c1eed1_-5490", "geometry": {"type": "Polygon", "coordinates": [[[106.97595509, 47.91387408], [106.97592747, 47.91389618], [106.97592608, 47.91389873], [106.97592267, 47.91390415], [106.97591875, 47.91390941], [106.97591431, 47.91391448], [106.9759094, 47.91391936], [106.97590461, 47.91392352], [106.97586791, 47.91395357], [106.97586732, 47.91395405], [106.9758615, 47.91395845], [106.97585526, 47.91396258], [106.97584864, 47.91396643], [106.97584166, 47.91396998], [106.97570965, 47.91408898], [106.97445826, 47.91519204], [106.97444327, 47.91521003], [106.97431131, 47.9155826], [106.97418209, 47.91596199], [106.97416455, 47.91600903], [106.97413826, 47.91604946], [106.97410683, 47.91608297], [106.97406435, 47.91611624], [106.97399789, 47.91615157], [106.97377945, 47.91624245], [106.97375171, 47.91625903], [106.97373306, 47.9162781], [106.97372492, 47.91629401], [106.97372181, 47.91632854], [106.97410528, 47.91953687], [106.97451948, 47.92300193], [106.97475667, 47.92483795], [106.97802874, 47.92461601], [106.97808242, 47.92470003], [106.97826004, 47.92493123], [106.97828943, 47.92533982], [106.97821249, 47.92578465], [106.97820729, 47.92584587], [106.97852927, 47.92786514], [106.9785434, 47.9278855], [106.97855822, 47.92789785], [106.97859618, 47.92791593], [106.97865255, 47.92792577], [106.97878415, 47.9279589], [106.97887063, 47.92799642], [106.97894886, 47.92804524], [106.97902251, 47.92811407], [106.97907159, 47.92818999], [106.97909458, 47.92826585], [106.97917673, 47.92883638], [106.97920173, 47.929024], [106.97926594, 47.93022111], [106.97925784, 47.93027484], [106.97922029, 47.93033531], [106.97915915, 47.93038426], [106.97908689, 47.93041553], [106.97890381, 47.93047278], [106.97889766, 47.93047598], [106.9788784, 47.93048901], [106.97887279, 47.93049699], [106.97886961, 47.93050953], [106.97886595, 47.9308144], [106.97886182, 47.93085013], [106.97880751, 47.93111705], [106.97880622, 47.93112694], [106.97884209, 47.93191269], [106.97883053, 47.9319765], [106.9787108, 47.93217085], [106.97856052, 47.93265029], [106.97852802, 47.9327143], [106.97848464, 47.93276905], [106.97842282, 47.93282335], [106.97793663, 47.93317946], [106.9778866, 47.93322488], [106.9778573, 47.93326923], [106.97783945, 47.93332667], [106.97778312, 47.93372829], [106.97772882, 47.93411538], [106.97768396, 47.93443521], [106.97767869, 47.93445918], [106.97760175, 47.93471461], [106.97759858, 47.93472951], [106.97755706, 47.93506004], [106.97756505, 47.93510943], [106.97770318, 47.93540895], [106.97771651, 47.93543086], [106.97780917, 47.93555741], [106.97832648, 47.93624214], [106.97848517, 47.93645321], [106.97850884, 47.93647751], [106.97880427, 47.9367174], [106.97885224, 47.93676003], [106.97888239, 47.93682015], [106.97902456, 47.93719804], [106.97875203, 47.93724433], [106.97861314, 47.93687514], [106.9786005, 47.93685321], [106.97824376, 47.93655101], [106.97808374, 47.93633816], [106.97760295, 47.93569862], [106.97744848, 47.935492], [106.97728893, 47.93514887], [106.97727478, 47.93506129], [106.97732399, 47.93468467], [106.97740112, 47.93442857], [106.97744639, 47.93411612], [106.97752913, 47.93352627], [106.97756102, 47.93329888], [106.97758871, 47.93321005], [106.97764585, 47.93312587], [106.97771457, 47.93306278], [106.97820751, 47.93270166], [106.97824443, 47.93266906], [106.97829108, 47.93259279], [106.97844248, 47.93211175], [106.97855467, 47.93192684], [106.97855722, 47.93190554], [106.9785227, 47.9311635], [106.9785216, 47.93111615], [106.97857764, 47.93083605], [106.97858164, 47.93080533], [106.97858466, 47.93054616], [106.97858515, 47.93050468], [106.9785953, 47.93044024], [106.97863467, 47.93038171], [106.978693, 47.93033617], [106.97876177, 47.93030604], [106.97893977, 47.93025069], [106.97896239, 47.93024063], [106.97897179, 47.93023302], [106.97897724, 47.93022463], [106.97898054, 47.93020593], [106.97891874, 47.92905563], [106.97886162, 47.92863224], [106.97881642, 47.92831836], [106.97880615, 47.92827539], [106.97877932, 47.92822749], [106.97875222, 47.92819816], [106.97871713, 47.9281714], [106.97866881, 47.92814555], [106.97862833, 47.92813049], [106.97846031, 47.92808809], [106.97837319, 47.9280493], [106.97830316, 47.9279956], [106.97825276, 47.92792475], [106.97792234, 47.9258525], [106.97792257, 47.92580343], [106.97800134, 47.92533399], [106.97797858, 47.92497844], [106.97786431, 47.92483553], [106.9744965, 47.92506331], [106.97392127, 47.92041206], [106.97368708, 47.91845273], [106.97343309, 47.91632722], [106.9734362, 47.91627284], [106.97346047, 47.91621357], [106.9734829, 47.91617987], [106.97353991, 47.91612651], [106.97357456, 47.91610399], [106.97362317, 47.91607985], [106.97365679, 47.9160659], [106.97383329, 47.91599261], [106.97386251, 47.91597698], [106.97387939, 47.91596243], [106.97389502, 47.91593837], [106.97416945, 47.91513189], [106.97421824, 47.91507835], [106.97486835, 47.91451159], [106.97546822, 47.91396994], [106.97547024, 47.91396794], [106.9754712, 47.91396706], [106.97557176, 47.91387645], [106.9750519, 47.91360885], [106.97497434, 47.91357225], [106.97495533, 47.91356753], [106.97492502, 47.91356446], [106.97237094, 47.91348469], [106.97228815, 47.9134829], [106.97222484, 47.91347787], [106.97216881, 47.91346706], [106.97209922, 47.9134443], [106.97204519, 47.91341733], [106.97199216, 47.91337878], [106.97195678, 47.91334083], [106.97193081, 47.91329816], [106.97191654, 47.91325488], [106.97191425, 47.91320598], [106.97200956, 47.91155768], [106.97201825, 47.91140689], [106.97201282, 47.91136734], [106.97200001, 47.91132749], [106.97197513, 47.91128312], [106.97192514, 47.91119926], [106.97191234, 47.91116078], [106.97190475, 47.91111495], [106.97190566, 47.91089974], [106.9719033, 47.91088633], [106.9719012, 47.9108824], [106.97186862, 47.91085008], [106.97183967, 47.91080157], [106.97182762, 47.91074766], [106.97184933, 47.90977879], [106.97192092, 47.90902303], [106.97192202, 47.90898865], [106.97191931, 47.90897174], [106.97191923, 47.90893357], [106.97193281, 47.90889114], [106.97195711, 47.90885521], [106.97201217, 47.90879496], [106.9720297, 47.9087727], [106.9720422, 47.90874661], [106.97204605, 47.90872865], [106.97204553, 47.90870497], [106.97204028, 47.9086852], [106.97202832, 47.90866249], [106.97201362, 47.90864462], [106.97199444, 47.90862822], [106.9712151, 47.90819038], [106.97113644, 47.90695452], [106.97113574, 47.90695333], [106.97063506, 47.90529795], [106.96332979, 47.90546024], [106.96276842, 47.90542901], [106.96272386, 47.90543984], [106.96259372, 47.90542932], [106.962556, 47.90541263], [106.96242739, 47.90540216], [106.96212214, 47.90705227], [106.96209354, 47.90723649], [106.96195303, 47.90778634], [106.96189785, 47.90800209], [106.96101034, 47.91173404], [106.96033201, 47.91463315], [106.96032919, 47.91465628], [106.96032943, 47.91465818], [106.96034496, 47.91468961], [106.96040071, 47.91472154], [106.96063333, 47.9147964], [106.96133961, 47.91488336], [106.96226129, 47.91502882], [106.96359868, 47.91528791], [106.96373376, 47.91531638], [106.96386907, 47.9153658], [106.96395007, 47.9154106], [106.96403162, 47.91547345], [106.96410149, 47.91555467], [106.96414908, 47.91565724], [106.96416046, 47.91573061], [106.96412059, 47.91626135], [106.964097, 47.9172696], [106.96413053, 47.91786959], [106.96405133, 47.91805409], [106.96363674, 47.91840818], [106.96356212, 47.91853103], [106.96348369, 47.91879606], [106.96349963, 47.91910257], [106.96357631, 47.91934383], [106.96370179, 47.91947861], [106.96448622, 47.91982121], [106.96470732, 47.92000347], [106.96569693, 47.92128748], [106.96577135, 47.92133778], [106.96635975, 47.9216442], [106.96655204, 47.92181063], [106.96684895, 47.92322082], [106.96682434, 47.92369749], [106.96684455, 47.92387682], [106.96681535, 47.92407682], [106.96662042, 47.92639583], [106.96662161, 47.92641352], [106.96662739, 47.92643167], [106.96681649, 47.92685172], [106.96683191, 47.92689715], [106.96683819, 47.92694378], [106.96683551, 47.92698822], [106.96650662, 47.92905344], [106.96661889, 47.92939848], [106.96658942, 47.92973306], [106.96630939, 47.93031963], [106.96604785, 47.93058811], [106.96603683, 47.93060722], [106.96602997, 47.93062828], [106.96589136, 47.93134471], [106.96588883, 47.93147231], [106.96593896, 47.93182231], [106.96565914, 47.93184041], [106.96560745, 47.9314784], [106.96561078, 47.93132624], [106.96575561, 47.93057972], [106.96576899, 47.93054126], [106.96580243, 47.93048636], [106.96605576, 47.93022783], [106.96631108, 47.92969302], [106.96633573, 47.92941305], [106.96622188, 47.9290631], [106.9665364, 47.92708811], [106.96655261, 47.92698635], [106.96655561, 47.92695067], [106.96654599, 47.92690498], [106.96635426, 47.92647839], [106.96634151, 47.92643836], [106.96633875, 47.92639745], [106.96635206, 47.92615911], [106.96639624, 47.92546717], [106.96642354, 47.92514823], [106.96649542, 47.92406064], [106.96651727, 47.92388229], [106.96648576, 47.9237093], [106.96652566, 47.92323446], [106.96626193, 47.92191378], [106.9661213, 47.92179362], [106.96554552, 47.92153292], [106.96538889, 47.9214548], [106.96438125, 47.9201474], [106.96422389, 47.92001768], [106.96341841, 47.91966588], [106.96321114, 47.91944325], [106.96311306, 47.91913461], [106.96309413, 47.91877075], [106.96318898, 47.91845535], [106.96329814, 47.91827565], [106.96369956, 47.91793282], [106.96374042, 47.91783763], [106.96370894, 47.91727028], [106.96373069, 47.91634126], [106.96372668, 47.91634112], [106.96373275, 47.91625317], [106.96373485, 47.91616334], [106.96373894, 47.91616342], [106.96376618, 47.9157683], [106.96376725, 47.91573067], [106.96375918, 47.91569637], [106.9637199, 47.91563349], [106.9637077, 47.91562297], [106.9636478, 47.91558436], [106.96361532, 47.91557053], [106.96355772, 47.91555457], [106.96064179, 47.91506765], [106.96050065, 47.91504291], [106.96017814, 47.91493773], [106.96009587, 47.91489549], [106.96003026, 47.91484466], [106.95997303, 47.91477254], [106.95994593, 47.91470514], [106.95994306, 47.91461718], [106.96033946, 47.91291574], [106.96058748, 47.91186022], [106.96056706, 47.91184639], [106.96053196, 47.91180832], [106.96051925, 47.91177953], [106.96051503, 47.91174615], [106.96052529, 47.91168909], [106.96054695, 47.91164881], [106.96058392, 47.91161496], [106.96062664, 47.91159398], [106.96065289, 47.91158511], [106.96102256, 47.91003288], [106.96156275, 47.90775852], [106.96168225, 47.90721142], [106.96184473, 47.90656896], [106.96210017, 47.90540722], [106.96112954, 47.90532821], [106.96109957, 47.90532577], [106.96105111, 47.90531893], [106.96098652, 47.90529959], [106.96092225, 47.90527344], [106.96085836, 47.90522695], [106.96041996, 47.90484418], [106.95979166, 47.90384212], [106.95662209, 47.89989934], [106.95548704, 47.89896943], [106.95323147, 47.896382], [106.95158508, 47.89172425], [106.950723, 47.89083016], [106.9510232, 47.89068877], [106.95200876, 47.89160003], [106.9536566, 47.89626721], [106.95589087, 47.89882812], [106.95695899, 47.89975106], [106.96015221, 47.90372152], [106.9607695, 47.9047071], [106.96115801, 47.90504416], [106.96116954, 47.90505068], [106.96118842, 47.90505802], [106.96120034, 47.90506126], [106.9612132, 47.90506289], [106.96232063, 47.9051534], [106.96237227, 47.90516341], [106.9624166, 47.90518943], [106.96242008, 47.90519304], [106.96259457, 47.90520732], [106.96263686, 47.90519722], [106.96276698, 47.90520785], [106.9628013, 47.90522323], [106.96333787, 47.90525308], [106.97072881, 47.90508867], [106.97078933, 47.90509533], [106.97084947, 47.90511778], [106.97090045, 47.90515839], [106.97091906, 47.90519886], [106.97143666, 47.90691015], [106.97143836, 47.90700436], [106.97151009, 47.90809334], [106.97220165, 47.90848987], [106.97222202, 47.90850736], [106.97226362, 47.90854666], [106.97229828, 47.90859274], [106.97232146, 47.90863929], [106.97233355, 47.9086804], [106.97233766, 47.90874372], [106.97232885, 47.9087927], [106.97230988, 47.90884065], [106.97227797, 47.90888995], [106.97221997, 47.9089556], [106.97221987, 47.90895583], [106.97221985, 47.90895602], [106.97222285, 47.9089771], [106.97222388, 47.90900881], [106.9721502, 47.90978676], [106.97212892, 47.91072817], [106.97213, 47.91074348], [106.97213217, 47.91074944], [106.97213552, 47.91075447], [106.97216047, 47.91077798], [106.9721868, 47.91081504], [106.9722037, 47.91085892], [106.9722058, 47.9110944], [106.97220917, 47.91112425], [106.97222129, 47.91115616], [106.97226649, 47.91122706], [106.97228344, 47.91125754], [106.97230475, 47.91131397], [106.97231677, 47.91136665], [106.97231952, 47.91139744], [106.97221544, 47.91320717], [106.97221689, 47.91323106], [106.97221992, 47.91323916], [106.97222842, 47.91325135], [106.97223902, 47.91326089], [106.9722514, 47.91326842], [106.97226604, 47.91327436], [106.97228277, 47.91327844], [106.97230744, 47.91328091], [106.97495098, 47.91336268], [106.97501456, 47.91336798], [106.97512404, 47.913395], [106.97517678, 47.91341818], [106.97576178, 47.91371584], [106.97595509, 47.91387408]]]}, "geometry_name": "geom", "properties": {"guid": 87618, "id": 87618, "object_no": null, "object_name": null, "layer_type_id": 162, "valid_to": null, "address_no": null, "border_type": "solid", "border_width": null, "border_color": "#c16300", "border_opacity": 0.5, "border_wellknown": "shape://horizline", "fill_type": "color", "fill_color": "#c16300", "fill_opacity": 0.3, "fill_wellknown": null, "fill_shape_color": null, "fill_shape_width": null, "fill_shape_size": null, "fill_img_url": null, "marker_img_url": null}},{"type": "Feature", "id": "layer_data_map.fid--27e80436_1a098c1eed1_-548f", "geometry": {"type": "Polygon", "coordinates": [[[106.85245724, 47.91786309], [106.8534324, 47.91779947], [106.85342989, 47.9178168], [106.85341066, 47.91794919], [106.85339031, 47.91812776], [106.85326956, 47.91859472], [106.85298985, 47.91961907], [106.85286379, 47.92051063], [106.85276861, 47.92127725], [106.85264283, 47.92238251], [106.8527238, 47.92257867], [106.85464435, 47.92246893], [106.85516412, 47.92255694], [106.85531665, 47.9226115], [106.85547259, 47.92274101], [106.85630876, 47.92401432], [106.85636971, 47.92410112], [106.8564718, 47.92423241], [106.85650343, 47.92426295], [106.85653849, 47.92428973], [106.85659221, 47.92431772], [106.85662961, 47.92433087], [106.85669105, 47.92433696], [106.85868334, 47.92421947], [106.85890795, 47.92424409], [106.85902255, 47.92427496], [106.85924121, 47.92435882], [106.85939223, 47.92443015], [106.85958055, 47.92453766], [106.86153061, 47.92600307], [106.86165208, 47.92610994], [106.86168929, 47.92613343], [106.86186698, 47.92624275], [106.86228215, 47.92610718], [106.86239136, 47.92609534], [106.86250161, 47.92611013], [106.86259202, 47.92613957], [106.86277494, 47.92625849], [106.86286547, 47.92644971], [106.86286453, 47.92655957], [106.8628472, 47.92678977], [106.86287147, 47.92688575], [106.86295469, 47.92702174], [106.86314227, 47.92719403], [106.86360556, 47.92755574], [106.86373464, 47.92772708], [106.86396514, 47.9283792], [106.86411884, 47.92838419], [106.86423362, 47.92786612], [106.86428705, 47.92769741], [106.8644186, 47.92749311], [106.86455878, 47.92737087], [106.86481736, 47.92722573], [106.86497985, 47.92718967], [106.86561744, 47.92726368], [106.86600841, 47.92737549], [106.86614886, 47.92745438], [106.86629355, 47.92772323], [106.86635869, 47.92793406], [106.86640425, 47.92799018], [106.8664699, 47.92798285], [106.86677078, 47.92784782], [106.86708506, 47.92775061], [106.86733655, 47.92774595], [106.86748632, 47.92780957], [106.86756929, 47.92790348], [106.86763947, 47.92826778], [106.86778671, 47.92923599], [106.86781755, 47.92927124], [106.86791656, 47.92928002], [106.86801827, 47.92926321], [106.86807265, 47.92922025], [106.86875719, 47.92802675], [106.86884195, 47.92791652], [106.86900407, 47.92780352], [106.86935764, 47.9276347], [106.86965209, 47.92762288], [106.86987004, 47.92766777], [106.87009815, 47.92774406], [106.87070569, 47.92807311], [106.87171229, 47.92867974], [106.87191464, 47.92879644], [106.87193877, 47.92880396], [106.87197441, 47.92880359], [106.87206743, 47.9287727], [106.87220933, 47.92868373], [106.87322323, 47.92789305], [106.87345555, 47.92781268], [106.87385643, 47.92778276], [106.87414717, 47.92778338], [106.8749374, 47.92792808], [106.87528714, 47.92801965], [106.8754788, 47.92809846], [106.87567171, 47.92823115], [106.87655478, 47.92989213], [106.87662365, 47.93000522], [106.87688292, 47.93012076], [106.87739131, 47.93069114], [106.87745024, 47.93071649], [106.87779847, 47.93073923], [106.87795143, 47.93071168], [106.87808957, 47.93067636], [106.87826671, 47.93066227], [106.87845516, 47.93069125], [106.8785512, 47.93071979], [106.87872193, 47.93078764], [106.8788276, 47.93085295], [106.87897578, 47.93098253], [106.87925604, 47.9312923], [106.87941477, 47.93203448], [106.87943596, 47.9320875], [106.88033077, 47.9324659], [106.88085709, 47.93269357], [106.88123675, 47.93287065], [106.88145019, 47.9329965], [106.88238077, 47.93366994], [106.88262509, 47.93390744], [106.88267608, 47.93400502], [106.88269772, 47.93409328], [106.88245361, 47.93640682], [106.88384243, 47.93675505], [106.88322649, 47.93838805], [106.88292697, 47.93830838], [106.88320869, 47.93770697], [106.88302312, 47.93760037], [106.88296044, 47.93752339], [106.88292683, 47.93739216], [106.88294463, 47.93724504], [106.88300446, 47.93705027], [106.88200541, 47.93680921], [106.88232736, 47.93412488], [106.88233012, 47.93409192], [106.88232626, 47.93407696], [106.88227436, 47.93400825], [106.88207103, 47.93380935], [106.88108926, 47.93310925], [106.87909335, 47.9322362], [106.87890062, 47.93139763], [106.87884388, 47.93131268], [106.87861945, 47.93107279], [106.87853591, 47.93100501], [106.87847275, 47.93097674], [106.87834152, 47.9309401], [106.8782257, 47.93092361], [106.87812183, 47.93093453], [106.87787686, 47.93100036], [106.87769803, 47.93101251], [106.87757709, 47.93103161], [106.87767756, 47.93140309], [106.87738198, 47.93146636], [106.87708271, 47.93096552], [106.87698782, 47.9307502], [106.87661, 47.93030384], [106.87625918, 47.93088559], [106.87585934, 47.9307608], [106.87624545, 47.93014542], [106.87611362, 47.92993081], [106.87537181, 47.92848849], [106.87531799, 47.92840715], [106.87524369, 47.92833734], [106.87519513, 47.92830337], [106.87509034, 47.92826419], [106.87486714, 47.92820356], [106.87460188, 47.92814364], [106.87416857, 47.92807392], [106.873898, 47.92805789], [106.8737067, 47.92806149], [106.87353075, 47.92808863], [106.87346856, 47.92812492], [106.87325023, 47.92829044], [106.87289144, 47.92856511], [106.87252135, 47.92886652], [106.87239571, 47.92895168], [106.87226369, 47.9290246], [106.87208716, 47.92907803], [106.87211898, 47.92929068], [106.87172043, 47.92930643], [106.87166075, 47.92902204], [106.87081788, 47.92851027], [106.87027554, 47.92819058], [106.8699088, 47.92799339], [106.86970671, 47.92791984], [106.86951708, 47.9278978], [106.8694875, 47.92790269], [106.86929924, 47.92800547], [106.86924558, 47.92803704], [106.86918105, 47.92808686], [106.86912718, 47.92815589], [106.86893131, 47.92848494], [106.86861366, 47.92904795], [106.86843611, 47.92934261], [106.86834654, 47.92944073], [106.86819608, 47.92952017], [106.86809195, 47.92954361], [106.86804915, 47.92980468], [106.86765829, 47.92976995], [106.86766684, 47.9295328], [106.86751547, 47.92946667], [106.86744209, 47.92939805], [106.86737933, 47.92930007], [106.86719422, 47.9280117], [106.86690413, 47.92811798], [106.86667145, 47.92822914], [106.86655924, 47.92827002], [106.8664293, 47.92828465], [106.86622252, 47.92824281], [106.86607627, 47.92816478], [106.86598398, 47.9280474], [106.86590104, 47.92780284], [106.86583921, 47.92768177], [106.86541899, 47.92765052], [106.8650449, 47.92757648], [106.86491536, 47.92768972], [106.86479222, 47.92785204], [106.86471795, 47.92791157], [106.86457135, 47.92838652], [106.86450462, 47.92851133], [106.86431241, 47.92865568], [106.86415661, 47.92869587], [106.86416121, 47.92900137], [106.86372684, 47.9288992], [106.86375648, 47.92863833], [106.86372723, 47.92861611], [106.86362587, 47.92852059], [106.86354357, 47.92833607], [106.86336744, 47.92788083], [106.8633316, 47.92778981], [106.86291226, 47.92744579], [106.86277308, 47.92765931], [106.86244986, 47.92743386], [106.86263463, 47.92720356], [106.86261514, 47.92718383], [106.86248145, 47.92696772], [106.86242618, 47.92678434], [106.86245692, 47.92656165], [106.86244864, 47.92647356], [106.86243914, 47.9264448], [106.8623937, 47.92637376], [106.86216763, 47.92645043], [106.862073, 47.92648379], [106.86186309, 47.92651629], [106.86174919, 47.92650921], [106.86161291, 47.92646949], [106.86121212, 47.92619259], [106.85929541, 47.92473568], [106.85907601, 47.92461732], [106.8588894, 47.92453928], [106.8586625, 47.92448262], [106.85845886, 47.92448142], [106.85776455, 47.9245301], [106.85797807, 47.92495784], [106.85754384, 47.92502857], [106.85742652, 47.92474174], [106.85739826, 47.92465689], [106.85730215, 47.9245787], [106.85677458, 47.92461634], [106.85665112, 47.92461378], [106.85664652, 47.92476631], [106.85626892, 47.92476741], [106.85626642, 47.92455489], [106.8562735, 47.92454784], [106.85626071, 47.92450357], [106.85614691, 47.92441504], [106.85602849, 47.92428248], [106.85511291, 47.92287888], [106.85504539, 47.92283164], [106.85487243, 47.92278661], [106.85471667, 47.92275928], [106.85459555, 47.92274962], [106.85410647, 47.92277565], [106.8541535, 47.92301884], [106.85372396, 47.92303815], [106.85370407, 47.92279492], [106.85273511, 47.92285562], [106.85259342, 47.92284818], [106.85253826, 47.92302346], [106.85218333, 47.92298787], [106.8524103, 47.92124033], [106.85249151, 47.92061043], [106.85263596, 47.91961892], [106.85294465, 47.91851312], [106.85305442, 47.91809037], [106.85303857, 47.9180123], [106.8529879, 47.9179546], [106.85261208, 47.91788228], [106.85245724, 47.91786309]]]}, "geometry_name": "geom", "properties": {"guid": 87619, "id": 87619, "object_no": null, "object_name": null, "layer_type_id": 162, "valid_to": null, "address_no": null, "border_type": "solid", "border_width": null, "border_color": "#c16300", "border_opacity": 0.5, "border_wellknown": "shape://horizline", "fill_type": "color", "fill_color": "#c16300", "fill_opacity": 0.3, "fill_wellknown": null, "fill_shape_color": null, "fill_shape_width": null, "fill_shape_size": null, "fill_img_url": null, "marker_img_url": null}},{"type": "Feature", "id": "layer_data_map.fid--27e80436_1a098c1eed1_-548e", "geometry": {"type": "Polygon", "coordinates": [[[106.82212856, 47.9151345], [106.82239154, 47.91554724], [106.8219319, 47.91573017], [106.82143004, 47.91576866], [106.82087828, 47.91578253], [106.82034428, 47.91573098], [106.81992677, 47.91547329], [106.8198797, 47.91545838], [106.81980252, 47.91545387], [106.81967651, 47.91544336], [106.81958699, 47.9154123], [106.81952885, 47.91539154], [106.81932561, 47.91535418], [106.81897439, 47.91529609], [106.81888328, 47.91527832], [106.81874614, 47.91527037], [106.81864557, 47.91528796], [106.81853181, 47.91521446], [106.81819852, 47.91514272], [106.81628128, 47.91509946], [106.8157945, 47.91509063], [106.81532767, 47.91508164], [106.81499759, 47.91507577], [106.81441184, 47.91505158], [106.81378179, 47.91501603], [106.81355494, 47.91501518], [106.81347121, 47.91501983], [106.81334927, 47.91503557], [106.81324824, 47.91506063], [106.81315954, 47.91509226], [106.81304957, 47.91514173], [106.81296496, 47.91518965], [106.81286976, 47.91526267], [106.81279965, 47.91532636], [106.81276012, 47.91537737], [106.81277133, 47.91540331], [106.81276262, 47.91547339], [106.8126842, 47.91557555], [106.81251609, 47.91578009], [106.81233867, 47.91601337], [106.81230488, 47.91608087], [106.81223044, 47.91625139], [106.81216156, 47.91641473], [106.81214809, 47.91650933], [106.81214128, 47.91653866], [106.81220181, 47.9165634], [106.81223809, 47.91661428], [106.81224177, 47.91666158], [106.81222493, 47.9168772], [106.81214158, 47.91769969], [106.81210085, 47.91812374], [106.81212848, 47.91823649], [106.81191282, 47.918311], [106.81189356, 47.91830565], [106.81176033, 47.91855981], [106.81157487, 47.9189436], [106.8111571, 47.91981662], [106.8107778, 47.9206067], [106.81072661, 47.92074365], [106.8106029, 47.92102586], [106.81063695, 47.92103569], [106.81061327, 47.92138598], [106.81048971, 47.92144616], [106.81045105, 47.92149947], [106.81039863, 47.92155639], [106.8101132, 47.92170096], [106.81005087, 47.92172151], [106.80982785, 47.92183063], [106.80973812, 47.92187983], [106.80960175, 47.92196577], [106.80942969, 47.92211933], [106.80933832, 47.92228556], [106.80920739, 47.92259118], [106.80914363, 47.92284301], [106.80914683, 47.92303356], [106.80919201, 47.92304408], [106.80917325, 47.92331987], [106.80913822, 47.92332752], [106.80914149, 47.92337148], [106.8091666, 47.9237274], [106.80917653, 47.9239728], [106.80914651, 47.92418389], [106.80909556, 47.92442862], [106.80913369, 47.92444734], [106.80906402, 47.92468241], [106.80900556, 47.92469154], [106.80896211, 47.92481686], [106.80891815, 47.92494992], [106.80899327, 47.9249814], [106.80880078, 47.92522924], [106.80874483, 47.925198], [106.80872297, 47.92521794], [106.80866526, 47.92525609], [106.80857807, 47.92531897], [106.80857799, 47.92532123], [106.80859019, 47.92539143], [106.80807517, 47.92525471], [106.80806676, 47.92523069], [106.80805683, 47.92519548], [106.80805234, 47.92513995], [106.80805784, 47.92508727], [106.80807555, 47.92503469], [106.80815038, 47.9249689], [106.80827642, 47.92490612], [106.80834829, 47.92488919], [106.80834799, 47.92488498], [106.80860249, 47.92437762], [106.80864047, 47.92437177], [106.80868524, 47.92414834], [106.80871779, 47.92388714], [106.80867377, 47.9233236], [106.80867272, 47.92332078], [106.80862044, 47.92330349], [106.80864769, 47.92311632], [106.80864211, 47.92302343], [106.8086892, 47.92301567], [106.8086939, 47.9228532], [106.80872977, 47.92261084], [106.80883727, 47.92228563], [106.8089966, 47.92200692], [106.80917638, 47.92182652], [106.80932623, 47.92171234], [106.80968137, 47.92145775], [106.80993439, 47.92104034], [106.81007545, 47.92075903], [106.81015542, 47.92060393], [106.81015669, 47.92060028], [106.8100329, 47.92061596], [106.80992911, 47.9204], [106.8101872, 47.92032387], [106.81030815, 47.92027883], [106.81034874, 47.92018753], [106.81046422, 47.91995406], [106.81067028, 47.91952695], [106.81088717, 47.91906379], [106.8110925, 47.91863555], [106.81127012, 47.91826304], [106.8112381, 47.91827672], [106.81117298, 47.91804627], [106.81131556, 47.91795925], [106.81132112, 47.91795427], [106.8113234, 47.91792697], [106.81134364, 47.91774463], [106.81138602, 47.91737375], [106.8114396, 47.91689216], [106.81148259, 47.9165065], [106.81148757, 47.91646556], [106.81148794, 47.91644932], [106.81151457, 47.91632758], [106.81157033, 47.91621472], [106.81165119, 47.91605026], [106.81169328, 47.91596008], [106.81170942, 47.91592818], [106.81172696, 47.9158947], [106.81171656, 47.91587246], [106.81167594, 47.91583869], [106.81166595, 47.91579022], [106.81169287, 47.9157347], [106.81173619, 47.91566271], [106.81180405, 47.91556192], [106.811822, 47.91554649], [106.81182312, 47.91554569], [106.8118265, 47.91554024], [106.81187241, 47.91547891], [106.81200833, 47.91532654], [106.81201793, 47.91531201], [106.81208308, 47.91524641], [106.81215833, 47.9151862], [106.81223838, 47.91512356], [106.81231183, 47.91507066], [106.81233512, 47.91504763], [106.8123542, 47.91502376], [106.81237657, 47.91499587], [106.81238407, 47.91499327], [106.81239671, 47.91498046], [106.81241719, 47.91496249], [106.81241726, 47.9149619], [106.81246192, 47.91492083], [106.81248564, 47.91490185], [106.81256614, 47.91484369], [106.81267731, 47.9147866], [106.81277163, 47.91474545], [106.81281312, 47.91467687], [106.81294878, 47.91464469], [106.81298288, 47.9146412], [106.81305113, 47.91463474], [106.81305463, 47.91463441], [106.81312832, 47.91461617], [106.81324546, 47.91459803], [106.8133816, 47.91458438], [106.81343227, 47.91458131], [106.81350437, 47.91458096], [106.81360266, 47.91458049], [106.81387858, 47.91459328], [106.81417931, 47.91460719], [106.81435332, 47.91461915], [106.81469346, 47.91464517], [106.81507261, 47.91465864], [106.81542519, 47.91466811], [106.81576977, 47.91468199], [106.81617356, 47.91469393], [106.8161912, 47.91469383], [106.81620831, 47.91469373], [106.81623618, 47.9146929], [106.81626226, 47.91469118], [106.81629417, 47.9146883], [106.81631466, 47.91468225], [106.81637242, 47.91466872], [106.81643192, 47.91465986], [106.816496, 47.91465559], [106.81654378, 47.91465619], [106.81660763, 47.91466484], [106.81666407, 47.91469034], [106.81668105, 47.91469388], [106.81671328, 47.91470173], [106.81673104, 47.91470476], [106.81674341, 47.91470604], [106.81675126, 47.9147067], [106.81676219, 47.91470669], [106.8168049, 47.91470655], [106.816857, 47.91470625], [106.8169141, 47.91470551], [106.81697047, 47.91470509], [106.81704125, 47.91470289], [106.81711899, 47.91470118], [106.81717862, 47.91470074], [106.81724966, 47.91470033], [106.81739972, 47.91469966], [106.81744219, 47.91469942], [106.81762781, 47.91469664], [106.81787216, 47.91469092], [106.81788612, 47.91469103], [106.81798664, 47.91469185], [106.81804095, 47.91479596], [106.81819669, 47.91481163], [106.81854865, 47.91482482], [106.81867809, 47.91483495], [106.81882917, 47.91484676], [106.81924679, 47.91489693], [106.81942045, 47.91492784], [106.81958942, 47.91492375], [106.81967193, 47.91492239], [106.81972712, 47.9149355], [106.8198992, 47.91497925], [106.82009599, 47.9150323], [106.82025477, 47.91508003], [106.82026545, 47.91508296], [106.82038831, 47.91511672], [106.82048417, 47.91513793], [106.8205887, 47.91515421], [106.82062343, 47.91514604], [106.82066034, 47.91514423], [106.82078509, 47.9151563], [106.82090546, 47.91517927], [106.82097553, 47.91519839], [106.82102925, 47.91520931], [106.8211164, 47.91522049], [106.82116431, 47.91522886], [106.82117482, 47.91523016], [106.82122563, 47.91523366], [106.82126962, 47.91523546], [106.82130314, 47.91523636], [106.82133751, 47.9152368], [106.82136617, 47.91523619], [106.82138924, 47.9152356], [106.82142485, 47.91523426], [106.82145935, 47.91523184], [106.82153741, 47.91522123], [106.82156864, 47.91521753], [106.82161453, 47.91521213], [106.82165258, 47.91520707], [106.82170772, 47.91520005], [106.82193485, 47.9151657], [106.82212856, 47.9151345]]]}, "geometry_name": "geom", "properties": {"guid": 87620, "id": 87620, "object_no": null, "object_name": null, "layer_type_id": 162, "valid_to": null, "address_no": null, "border_type": "solid", "border_width": null, "border_color": "#c16300", "border_opacity": 0.5, "border_wellknown": "shape://horizline", "fill_type": "color", "fill_color": "#c16300", "fill_opacity": 0.3, "fill_wellknown": null, "fill_shape_color": null, "fill_shape_width": null, "fill_shape_size": null, "fill_img_url": null, "marker_img_url": null}},{"type": "Feature", "id": "layer_data_map.fid--27e80436_1a098c1eed1_-548d", "geometry": {"type": "Polygon", "coordinates": [[[106.82950165, 47.89772369], [106.829498, 47.89770479], [106.83054816, 47.8979413], [106.83042874, 47.89802047], [106.83051048, 47.89837114], [106.83066827, 47.89904798], [106.83062041, 47.90096144], [106.83076031, 47.90464164], [106.83073371, 47.90932078], [106.83070991, 47.91433567], [106.83069782, 47.91504776], [106.83072913, 47.91509817], [106.83079214, 47.91514471], [106.83089736, 47.91517729], [106.83108585, 47.91523575], [106.83169731, 47.91534934], [106.8327763, 47.91557302], [106.83355658, 47.91572586], [106.83380357, 47.9158186], [106.83391314, 47.91590069], [106.83398072, 47.9160103], [106.83415984, 47.91637172], [106.83427534, 47.91664539], [106.83432202, 47.9166759], [106.83475845, 47.91687291], [106.83520565, 47.91701906], [106.8354815, 47.91711207], [106.83565098, 47.91713716], [106.83590943, 47.91714932], [106.83648284, 47.91714505], [106.83737287, 47.91716981], [106.83762201, 47.91721452], [106.83803428, 47.9173263], [106.83833989, 47.91744393], [106.83849029, 47.91747529], [106.8385484, 47.91747365], [106.83863833, 47.91745282], [106.83894126, 47.91733747], [106.83922293, 47.9171955], [106.83938278, 47.91713156], [106.83955989, 47.9171193], [106.83979708, 47.91712388], [106.8400603, 47.91718145], [106.8405406, 47.91737177], [106.84065067, 47.91740277], [106.84076643, 47.91740584], [106.84147016, 47.9173884], [106.84286172, 47.91740307], [106.84413726, 47.91736789], [106.84586488, 47.91727493], [106.84662811, 47.91722607], [106.84761502, 47.91708566], [106.84857506, 47.91693108], [106.84897051, 47.91690272], [106.84922277, 47.91691047], [106.84935662, 47.91692177], [106.85026429, 47.91717837], [106.85109595, 47.91745623], [106.85128554, 47.91754833], [106.85149275, 47.91762741], [106.85157224, 47.91763803], [106.85183581, 47.91761169], [106.85210501, 47.91756303], [106.85281462, 47.91743258], [106.85327872, 47.91736561], [106.85380596, 47.91728356], [106.85409314, 47.91723183], [106.85564689, 47.91674645], [106.85612156, 47.9167814], [106.85622288, 47.91682996], [106.8570138, 47.91727363], [106.85720273, 47.91733585], [106.85734382, 47.91736134], [106.85821889, 47.91744392], [106.85937907, 47.91755255], [106.86061097, 47.91765729], [106.86166925, 47.91772348], [106.86211266, 47.91771744], [106.86256716, 47.91769094], [106.86285775, 47.91767485], [106.86553078, 47.9175337], [106.868889, 47.91720681], [106.86992609, 47.91714923], [106.87075298, 47.91749909], [106.87304895, 47.91736991], [106.87407329, 47.91744551], [106.87491216, 47.91746485], [106.87513136, 47.91766773], [106.87483058, 47.91786745], [106.87358363, 47.91789547], [106.87082865, 47.91805061], [106.86667288, 47.91832059], [106.86139439, 47.91869387], [106.86080307, 47.91873306], [106.86074047, 47.91808686], [106.85706995, 47.91779746], [106.85659718, 47.91762371], [106.85636177, 47.91747692], [106.85617099, 47.91735795], [106.8557731, 47.91720744], [106.85538875, 47.91719164], [106.85419233, 47.91757605], [106.8534324, 47.91779947], [106.85245724, 47.91786309], [106.85209228, 47.91792896], [106.85160647, 47.91800571], [106.85118341, 47.91789671], [106.85078166, 47.91774087], [106.85047584, 47.91761529], [106.85033172, 47.91844237], [106.84990174, 47.9183833], [106.85008512, 47.9176037], [106.85008243, 47.917476], [106.84988227, 47.91740824], [106.84934985, 47.91726781], [106.84906858, 47.91722349], [106.84885632, 47.91722685], [106.84833933, 47.91729392], [106.84732619, 47.9174573], [106.84698041, 47.91751081], [106.84713566, 47.91774808], [106.84677622, 47.91784444], [106.84654342, 47.91755183], [106.8461604, 47.91758574], [106.84564155, 47.91761616], [106.84573507, 47.9177723], [106.84575335, 47.91780642], [106.84588227, 47.91790647], [106.84554201, 47.91810897], [106.84543, 47.91795095], [106.84534754, 47.91775931], [106.84510793, 47.91764272], [106.84470207, 47.91766166], [106.84356664, 47.91772267], [106.84375774, 47.91784744], [106.84398871, 47.91802021], [106.84413654, 47.91816798], [106.84416744, 47.91838059], [106.84417971, 47.91850358], [106.84372216, 47.91850813], [106.84368825, 47.91817303], [106.84319139, 47.91782029], [106.84308417, 47.91774866], [106.84305187, 47.91773538], [106.84193216, 47.91774118], [106.84095629, 47.91775511], [106.84060212, 47.91775721], [106.8403778, 47.91771224], [106.83985546, 47.91750383], [106.83962259, 47.9174822], [106.8397819, 47.91759854], [106.83991522, 47.91807989], [106.83957243, 47.91815169], [106.83953264, 47.91799887], [106.83949223, 47.91779266], [106.83948741, 47.91773298], [106.8394673, 47.91770455], [106.83942163, 47.91769094], [106.83922999, 47.91766627], [106.8391947, 47.91766709], [106.83917459, 47.91767278], [106.83898758, 47.9177405], [106.83875206, 47.91781491], [106.83853771, 47.91784743], [106.83840166, 47.91784473], [106.83821154, 47.91782043], [106.8378365, 47.91769672], [106.83760042, 47.91760226], [106.83731297, 47.91750774], [106.83726967, 47.91749702], [106.83715738, 47.91748552], [106.83699165, 47.91748047], [106.83733242, 47.9179666], [106.83692985, 47.91807676], [106.83671662, 47.91773542], [106.83656518, 47.91747909], [106.83596024, 47.91749395], [106.83568165, 47.91748696], [106.83538065, 47.9174613], [106.83523805, 47.91743034], [106.83518724, 47.91751944], [106.835068, 47.91769127], [106.83493391, 47.91783926], [106.83463615, 47.91767742], [106.83480962, 47.91748108], [106.83493818, 47.9172797], [106.83468647, 47.91720609], [106.8343319, 47.91709533], [106.83401711, 47.91696757], [106.83384385, 47.91683834], [106.83375206, 47.91669967], [106.8336698, 47.91643894], [106.83353276, 47.91617268], [106.83348874, 47.91610811], [106.83345228, 47.91608158], [106.83338125, 47.91604924], [106.83332024, 47.91602738], [106.83280813, 47.91591546], [106.83283385, 47.91599569], [106.83282883, 47.9160593], [106.83278684, 47.9161288], [106.83255529, 47.91653575], [106.83229081, 47.91675793], [106.83175416, 47.91666606], [106.83210043, 47.9165055], [106.83217683, 47.91644255], [106.83220936, 47.9164064], [106.83241828, 47.91604894], [106.83243491, 47.91601138], [106.83241942, 47.91597796], [106.83226638, 47.91581263], [106.8321003, 47.91578385], [106.83152141, 47.91569743], [106.83064227, 47.91550557], [106.83041187, 47.91537719], [106.83025707, 47.91525033], [106.83017974, 47.91510117], [106.8301705, 47.91479857], [106.8295792, 47.91491034], [106.82953703, 47.91492115], [106.82936519, 47.91503671], [106.82930271, 47.91506709], [106.82915919, 47.91507784], [106.8289577, 47.9151304], [106.82855048, 47.91518232], [106.82824654, 47.91522582], [106.82790138, 47.91526268], [106.82762277, 47.91529054], [106.82748323, 47.91530008], [106.82730451, 47.91531979], [106.8271537, 47.91533361], [106.82694067, 47.91543362], [106.82657839, 47.91540989], [106.82631633, 47.91542914], [106.82612614, 47.91547897], [106.82562784, 47.91551748], [106.82534219, 47.91552881], [106.82491501, 47.91549288], [106.82418689, 47.91544912], [106.8239508, 47.91547947], [106.82357027, 47.91547579], [106.82333522, 47.91554246], [106.82314027, 47.91557301], [106.82260768, 47.9155886], [106.82246205, 47.91554916], [106.82239154, 47.91554724], [106.82212857, 47.91513452], [106.82212862, 47.91513451], [106.82212904, 47.91513445], [106.82227426, 47.91511906], [106.82228694, 47.91511954], [106.8222887, 47.91511928], [106.82233279, 47.91511726], [106.8223674, 47.91512387], [106.82240492, 47.91512141], [106.82243502, 47.91512807], [106.82251614, 47.91510664], [106.82267529, 47.9150849], [106.82284748, 47.91506484], [106.82302703, 47.91504822], [106.82321429, 47.91503496], [106.82340801, 47.91500742], [106.82363497, 47.91498657], [106.82381833, 47.91497581], [106.82389885, 47.91497338], [106.82393944, 47.91497215], [106.82401979, 47.91497106], [106.82406663, 47.9149697], [106.82423059, 47.91497835], [106.82437414, 47.91498781], [106.82450868, 47.91499225], [106.82463818, 47.91499807], [106.82468378, 47.91499944], [106.82475969, 47.91499951], [106.82496181, 47.91500643], [106.82514031, 47.91501385], [106.82533808, 47.91502049], [106.8254792, 47.91502548], [106.82563067, 47.91502962], [106.82575634, 47.9150325], [106.82578449, 47.91503246], [106.82582234, 47.9150314], [106.82585551, 47.91503039], [106.82587562, 47.91502904], [106.82590225, 47.91502582], [106.82593943, 47.91502415], [106.82597431, 47.91502316], [106.82600367, 47.91502461], [106.82603499, 47.91502482], [106.82606056, 47.91502501], [106.82608763, 47.91502457], [106.82614425, 47.91502221], [106.82616655, 47.91502153], [106.8261778, 47.91502119], [106.82623959, 47.91501765], [106.82627112, 47.91501833], [106.82628171, 47.91501694], [106.82629767, 47.91501633], [106.82631551, 47.9150157], [106.82636881, 47.91501199], [106.8264003, 47.91500979], [106.82641659, 47.91500834], [106.82643794, 47.91500625], [106.82647139, 47.91500416], [106.8265153, 47.91500212], [106.82658546, 47.91500003], [106.82661166, 47.91499831], [106.82664378, 47.91499748], [106.82674229, 47.91499096], [106.82679087, 47.91498661], [106.82681196, 47.91498481], [106.82687812, 47.91497624], [106.82691545, 47.9149714], [106.82694574, 47.91496812], [106.82697663, 47.91496487], [106.82702339, 47.91496162], [106.82717973, 47.91494749], [106.82727978, 47.9149373], [106.82732308, 47.91493438], [106.82735132, 47.91493295], [106.82737686, 47.91493074], [106.82740575, 47.91492853], [106.82743371, 47.91492716], [106.82746604, 47.91492494], [106.82753553, 47.91491804], [106.82760234, 47.91490762], [106.82765331, 47.91490028], [106.82768924, 47.91489405], [106.82775103, 47.91488573], [106.82778954, 47.9148811], [106.82787548, 47.91486923], [106.82792282, 47.91486183], [106.82795931, 47.91485642], [106.82798916, 47.91485366], [106.82802718, 47.91485206], [106.82806771, 47.91484966], [106.82809465, 47.91484759], [106.82812315, 47.91484386], [106.82814596, 47.9148412], [106.82816892, 47.91483746], [106.8281989, 47.91483337], [106.82823192, 47.91482548], [106.82828496, 47.91481753], [106.82833405, 47.91481245], [106.82837182, 47.91480895], [106.82842796, 47.91480434], [106.82846058, 47.91480303], [106.82850155, 47.91480031], [106.82856707, 47.9147968], [106.82870959, 47.91478378], [106.82876244, 47.91477836], [106.82884267, 47.91476765], [106.82894686, 47.91475415], [106.82895143, 47.9147535], [106.82895417, 47.91475267], [106.829019, 47.91473778], [106.82911526, 47.91471217], [106.82919575, 47.91469357], [106.82921587, 47.9146883], [106.82926322, 47.91467075], [106.82928508, 47.91465963], [106.82933329, 47.91464597], [106.8293891, 47.91463894], [106.82944728, 47.91462403], [106.82950102, 47.91459983], [106.82950064, 47.914589], [106.82958172, 47.91456677], [106.82977191, 47.91444614], [106.83000237, 47.91424284], [106.83008265, 47.91412507], [106.83010802, 47.91396843], [106.83010604, 47.91337983], [106.83006927, 47.91288532], [106.83011501, 47.9127451], [106.83011279, 47.91188049], [106.83011971, 47.91174121], [106.83007082, 47.91168229], [106.83001821, 47.9115888], [106.83000118, 47.9114425], [106.82996572, 47.9113938], [106.82992888, 47.91134258], [106.82992566, 47.91125127], [106.83003014, 47.91081269], [106.83005985, 47.91034068], [106.83007898, 47.9091889], [106.8300797, 47.90911219], [106.82999444, 47.90898955], [106.8299415, 47.90890358], [106.82995788, 47.90880825], [106.82999105, 47.9087459], [106.83002439, 47.9086591], [106.83008613, 47.90829656], [106.83007863, 47.90760381], [106.82994063, 47.90442318], [106.82982925, 47.8992112], [106.82977265, 47.89875945], [106.82970861, 47.89846398], [106.82966481, 47.89838462], [106.82963627, 47.89833292], [106.829583, 47.89823948], [106.82956805, 47.89806796], [106.82950165, 47.89772369]]]}, "geometry_name": "geom", "properties": {"guid": 87621, "id": 87621, "object_no": null, "object_name": null, "layer_type_id": 162, "valid_to": null, "address_no": null, "border_type": "solid", "border_width": null, "border_color": "#c16300", "border_opacity": 0.5, "border_wellknown": "shape://horizline", "fill_type": "color", "fill_color": "#c16300", "fill_opacity": 0.3, "fill_wellknown": null, "fill_shape_color": null, "fill_shape_width": null, "fill_shape_size": null, "fill_img_url": null, "marker_img_url": null}},{"type": "Feature", "id": "layer_data_map.fid--27e80436_1a098c1eed1_-548c", "geometry": {"type": "Polygon", "coordinates": [[[106.91070628, 47.93467582], [106.91071448, 47.93467148], [106.91090892, 47.93517934], [106.91067172, 47.93529031], [106.9105389, 47.93535245], [106.9104468, 47.93539554], [106.9103942, 47.93542015], [106.90962957, 47.93577373], [106.9088902, 47.93610476], [106.90829495, 47.93638761], [106.90811918, 47.93643586], [106.90789043, 47.93644787], [106.90766731, 47.93643782], [106.90747214, 47.936409], [106.90734183, 47.93632013], [106.9071986, 47.9359251], [106.90714639, 47.93580822], [106.90715207, 47.93576017], [106.90712256, 47.93571135], [106.90679415, 47.93544339], [106.90655524, 47.93526713], [106.9061352, 47.9353485], [106.90547023, 47.93549464], [106.90459799, 47.93571566], [106.90346058, 47.93607687], [106.90344554, 47.93614129], [106.90230442, 47.93651253], [106.90151316, 47.93686076], [106.90103125, 47.93710726], [106.90059415, 47.93744402], [106.89996291, 47.93792328], [106.89978339, 47.9381078], [106.89881939, 47.93835872], [106.89866193, 47.93842679], [106.8986257, 47.93846842], [106.89863296, 47.9385712], [106.89855801, 47.93879567], [106.89830948, 47.93881613], [106.89789326, 47.93966221], [106.89763643, 47.93999232], [106.8973189, 47.93986724], [106.89756951, 47.93953118], [106.89771799, 47.9392218], [106.89813958, 47.93825734], [106.89824167, 47.93814727], [106.89861153, 47.93794819], [106.89940421, 47.93763028], [106.899975, 47.93724595], [106.90065217, 47.93675845], [106.90086726, 47.93663333], [106.90210562, 47.93606244], [106.90376761, 47.93550476], [106.90457783, 47.93523457], [106.90549486, 47.93497791], [106.90647543, 47.93474867], [106.90680932, 47.93474851], [106.90688325, 47.93475317], [106.90721123, 47.93470128], [106.90754993, 47.93513204], [106.90809137, 47.93585694], [106.90810174, 47.93587054], [106.9085422, 47.93570065], [106.90905691, 47.93547198], [106.90909632, 47.93540997], [106.90986231, 47.93504243], [106.91007588, 47.93495317], [106.91051755, 47.93477316], [106.9105378, 47.93476491], [106.91070628, 47.93467582]]]}, "geometry_name": "geom", "properties": {"guid": 87622, "id": 87622, "object_no": null, "object_name": null, "layer_type_id": 162, "valid_to": null, "address_no": null, "border_type": "solid", "border_width": null, "border_color": "#c16300", "border_opacity": 0.5, "border_wellknown": "shape://horizline", "fill_type": "color", "fill_color": "#c16300", "fill_opacity": 0.3, "fill_wellknown": null, "fill_shape_color": null, "fill_shape_width": null, "fill_shape_size": null, "fill_img_url": null, "marker_img_url": null}},{"type": "Feature", "id": "layer_data_map.fid--27e80436_1a098c1eed1_-548b", "geometry": {"type": "Polygon", "coordinates": [[[106.91422819, 47.94213193], [106.91416126, 47.94262661], [106.91398778, 47.94262727], [106.91276541, 47.94257737], [106.91192325, 47.94254668], [106.91110581, 47.94251715], [106.91083803, 47.94250507], [106.91068427, 47.94250829], [106.9105696, 47.94253033], [106.91047578, 47.94256357], [106.91017598, 47.94288244], [106.91001899, 47.9429916], [106.90982276, 47.94308951], [106.90958132, 47.94316153], [106.9091585, 47.94325053], [106.90889547, 47.94330577], [106.90841116, 47.94339838], [106.90798186, 47.9434627], [106.90782742, 47.94349667], [106.90742517, 47.94361363], [106.90712238, 47.94378599], [106.9069498, 47.94387727], [106.90642001, 47.9441252], [106.90603067, 47.9445128], [106.90589587, 47.94461544], [106.90571881, 47.94468473], [106.90546366, 47.94471725], [106.90522953, 47.94472113], [106.90398377, 47.94453839], [106.9032001, 47.94481803], [106.90260122, 47.94498444], [106.9023729, 47.94498445], [106.90211964, 47.94505741], [106.90178031, 47.9451761], [106.90036103, 47.94597775], [106.90022715, 47.94606204], [106.90020363, 47.94616204], [106.90018474, 47.94638314], [106.90019005, 47.94663695], [106.90010266, 47.94684395], [106.89971572, 47.9476061], [106.89964774, 47.94781524], [106.89959826, 47.9482113], [106.89903935, 47.94794391], [106.89892911, 47.9478501], [106.89908226, 47.9476672], [106.89939607, 47.94705034], [106.89955815, 47.9467524], [106.89960109, 47.94656098], [106.89960376, 47.94628151], [106.89961361, 47.94606342], [106.89968127, 47.94591831], [106.89989684, 47.94575389], [106.90039747, 47.94546964], [106.901119, 47.94502361], [106.90140235, 47.94487286], [106.90194581, 47.944681], [106.90216551, 47.94462617], [106.90243672, 47.94460147], [106.90271879, 47.94451435], [106.9029195, 47.944447], [106.90303432, 47.94436499], [106.90365101, 47.94418635], [106.90382787, 47.94412764], [106.90408903, 47.94412466], [106.90471839, 47.94422293], [106.90535607, 47.94430969], [106.90543131, 47.94430501], [106.90549654, 47.94428372], [106.90552262, 47.94426782], [106.90593895, 47.9438791], [106.90645957, 47.94357166], [106.90703784, 47.94331423], [106.90737897, 47.94319889], [106.90778115, 47.94310057], [106.90869247, 47.94293534], [106.90929895, 47.9428083], [106.90949137, 47.94274896], [106.90961075, 47.94269751], [106.90980006, 47.94252538], [106.90992397, 47.94239316], [106.9099255, 47.94235447], [106.91004632, 47.94222594], [106.91043917, 47.94211559], [106.91063044, 47.94209155], [106.91078747, 47.94209619], [106.91168647, 47.94212277], [106.91287108, 47.94218068], [106.91358503, 47.94222553], [106.91395784, 47.94222448], [106.91408384, 47.94220037], [106.91422819, 47.94213193]]]}, "geometry_name": "geom", "properties": {"guid": 87623, "id": 87623, "object_no": null, "object_name": null, "layer_type_id": 162, "valid_to": null, "address_no": null, "border_type": "solid", "border_width": null, "border_color": "#c16300", "border_opacity": 0.5, "border_wellknown": "shape://horizline", "fill_type": "color", "fill_color": "#c16300", "fill_opacity": 0.3, "fill_wellknown": null, "fill_shape_color": null, "fill_shape_width": null, "fill_shape_size": null, "fill_img_url": null, "marker_img_url": null}},{"type": "Feature", "id": "layer_data_map.fid--27e80436_1a098c1eed1_-548a", "geometry": {"type": "Polygon", "coordinates": [[[106.91296488, 47.93972884], [106.91330265, 47.94009537], [106.91298863, 47.94008631], [106.91228039, 47.93990997], [106.91192941, 47.93988148], [106.9115755, 47.9398296], [106.9110352, 47.93967919], [106.91055623, 47.9395059], [106.9102611, 47.93937644], [106.90997617, 47.93917944], [106.90973715, 47.9389927], [106.90943226, 47.93865648], [106.90923833, 47.93839039], [106.90909814, 47.93815501], [106.90893312, 47.93768384], [106.90875419, 47.93732367], [106.90868678, 47.93733379], [106.90862375, 47.9373552], [106.90850015, 47.93744244], [106.90838114, 47.93749567], [106.90791387, 47.93779291], [106.90782084, 47.93788452], [106.90744597, 47.93878579], [106.90726786, 47.93905323], [106.90696034, 47.93937249], [106.90568116, 47.9406509], [106.90474246, 47.94152709], [106.90435197, 47.94188934], [106.9039828, 47.94213473], [106.90370068, 47.94215709], [106.90355833, 47.94198159], [106.903727, 47.94181092], [106.90469815, 47.94098949], [106.90515916, 47.94055124], [106.90622175, 47.93949178], [106.90654669, 47.93918647], [106.90686234, 47.93883975], [106.90700693, 47.93864219], [106.90738384, 47.93774017], [106.90750091, 47.9375924], [106.90773904, 47.93739863], [106.90804295, 47.93720503], [106.90837363, 47.93702266], [106.90846961, 47.93698888], [106.90859381, 47.93696], [106.90876446, 47.93695148], [106.908913, 47.93699467], [106.90907971, 47.9370884], [106.90919024, 47.9372083], [106.90939828, 47.93766349], [106.9095421, 47.93804179], [106.90961418, 47.93817591], [106.90975012, 47.93839102], [106.90990398, 47.93859627], [106.91003514, 47.93872701], [106.91022168, 47.93889386], [106.91050197, 47.93909886], [106.9107949, 47.93923898], [106.91140146, 47.93944999], [106.91171522, 47.93953504], [106.91192044, 47.93956764], [106.91238072, 47.93960505], [106.91257066, 47.93964499], [106.91296488, 47.93972884]]]}, "geometry_name": "geom", "properties": {"guid": 87624, "id": 87624, "object_no": null, "object_name": null, "layer_type_id": 162, "valid_to": null, "address_no": null, "border_type": "solid", "border_width": null, "border_color": "#c16300", "border_opacity": 0.5, "border_wellknown": "shape://horizline", "fill_type": "color", "fill_color": "#c16300", "fill_opacity": 0.3, "fill_wellknown": null, "fill_shape_color": null, "fill_shape_width": null, "fill_shape_size": null, "fill_img_url": null, "marker_img_url": null}},{"type": "Feature", "id": "layer_data_map.fid--27e80436_1a098c1eed1_-5489", "geometry": {"type": "Polygon", "coordinates": [[[106.91422819, 47.94213193], [106.91438576, 47.94082745], [106.91432886, 47.94069574], [106.91425933, 47.9405904], [106.91404512, 47.94039058], [106.91386771, 47.94029984], [106.91376122, 47.94028391], [106.91364059, 47.94025443], [106.91330265, 47.94009537], [106.91296488, 47.93972884], [106.91303492, 47.93934531], [106.91299627, 47.93927366], [106.91287286, 47.93922756], [106.91221043, 47.93873663], [106.91181429, 47.9384637], [106.91160534, 47.93827665], [106.91149526, 47.9380741], [106.91144914, 47.93798575], [106.91132756, 47.93737908], [106.91115367, 47.93677157], [106.91103621, 47.93642394], [106.9109898, 47.93624155], [106.91095245, 47.93585996], [106.91091576, 47.93528625], [106.91090892, 47.93517934], [106.91071448, 47.93467148], [106.91078812, 47.934563], [106.91081627, 47.93446609], [106.91072068, 47.93384508], [106.91064541, 47.9336072], [106.91052989, 47.93335587], [106.91037691, 47.93304667], [106.91026701, 47.93282452], [106.90996522, 47.93256558], [106.90926663, 47.93193157], [106.90842011, 47.93119704], [106.90831128, 47.93110495], [106.90825792, 47.93114458], [106.90815901, 47.93119629], [106.90788702, 47.93123025], [106.90740461, 47.93126905], [106.90704118, 47.93125308], [106.90680631, 47.93116045], [106.90626248, 47.93087283], [106.905534, 47.93040839], [106.9053227, 47.93019952], [106.90529094, 47.92995082], [106.90587138, 47.92946245], [106.9059057, 47.92940867], [106.9058074, 47.92932059], [106.90566069, 47.92924994], [106.90528378, 47.92898719], [106.90493878, 47.92873115], [106.9048271, 47.92876323], [106.90478798, 47.92878809], [106.90486611, 47.92897544], [106.90482949, 47.92902332], [106.90480256, 47.92956726], [106.90477922, 47.9301786], [106.90479112, 47.93065657], [106.90485017, 47.93092857], [106.9049789, 47.93126087], [106.90529468, 47.93205058], [106.90541826, 47.9322555], [106.90589349, 47.93302141], [106.90721123, 47.93470128], [106.90688325, 47.93475317], [106.90572732, 47.93331852], [106.90518449, 47.93252323], [106.90497092, 47.93212061], [106.90446346, 47.9308705], [106.90440546, 47.93045211], [106.90446719, 47.92957867], [106.90441726, 47.92901304], [106.90425932, 47.92878932], [106.9040366, 47.92857519], [106.90372483, 47.92808923], [106.90345609, 47.92742501], [106.90340783, 47.92739647], [106.90337601, 47.92732375], [106.90279864, 47.92692725], [106.9026013, 47.92678834], [106.90232471, 47.92656123], [106.90216545, 47.92642449], [106.90188389, 47.92608152], [106.90154263, 47.92552405], [106.90117739, 47.92491873], [106.90096655, 47.92438495], [106.90087562, 47.92396411], [106.90083501, 47.92375995], [106.90061742, 47.92314777], [106.90059578, 47.92293896], [106.9005617, 47.92252052], [106.90056362, 47.92237862], [106.90066759, 47.92231189], [106.90081014, 47.92229026], [106.90098453, 47.92236858], [106.90110445, 47.92303121], [106.90122087, 47.92371862], [106.90133898, 47.92423003], [106.90139978, 47.92449298], [106.90155759, 47.92484449], [106.90162986, 47.9249718], [106.90197506, 47.92553838], [106.90213079, 47.92580204], [106.9022984, 47.92604898], [106.90248632, 47.92626175], [106.90282313, 47.92655706], [106.90290202, 47.92661376], [106.90366768, 47.92711208], [106.90383892, 47.92727286], [106.90383534, 47.92733654], [106.9041729, 47.92790522], [106.90453026, 47.92846406], [106.90556131, 47.92866247], [106.90602673, 47.92879215], [106.90638009, 47.92893526], [106.90662367, 47.92909751], [106.90669931, 47.92908054], [106.9069067, 47.92903207], [106.90706795, 47.92898661], [106.90727348, 47.92888813], [106.90768194, 47.92909], [106.90863854, 47.9298456], [106.90899802, 47.93013225], [106.90884566, 47.93033067], [106.9087356, 47.93036705], [106.90867364, 47.9304386], [106.90866858, 47.9304636], [106.90864827, 47.930578], [106.90866016, 47.93064265], [106.90872574, 47.9307026], [106.91002064, 47.9318805], [106.9108385, 47.93256572], [106.91100569, 47.9328952], [106.91126073, 47.93337633], [106.91129822, 47.93356299], [106.91138915, 47.93436756], [106.91151735, 47.93456998], [106.91152252, 47.93479318], [106.91146623, 47.93491492], [106.91158025, 47.93587645], [106.91168935, 47.93659837], [106.91185873, 47.93726711], [106.91203418, 47.93803816], [106.91201481, 47.93807387], [106.91205345, 47.93812929], [106.91221448, 47.93827035], [106.91239156, 47.93836707], [106.91266158, 47.93855877], [106.91355707, 47.93915567], [106.91369206, 47.93949001], [106.913659, 47.93980193], [106.9137221, 47.93983942], [106.91396253, 47.93991707], [106.91405499, 47.9399571], [106.91431167, 47.9400682], [106.91445797, 47.94017189], [106.91471734, 47.94039979], [106.91484029, 47.94059622], [106.91488562, 47.94070388], [106.91491205, 47.9408435], [106.91486172, 47.94129564], [106.91477849, 47.94201093], [106.91472488, 47.94260473], [106.91468961, 47.94295077], [106.91466338, 47.94298127], [106.91456067, 47.94377036], [106.91452803, 47.94379755], [106.91446865, 47.94419111], [106.91447675, 47.94424387], [106.91442665, 47.9444955], [106.91440613, 47.94451982], [106.91434944, 47.94479723], [106.91429394, 47.94511908], [106.91427195, 47.94518193], [106.91427008, 47.94542936], [106.91423563, 47.94566798], [106.91417009, 47.94576845], [106.91388405, 47.94590671], [106.91351123, 47.94563879], [106.91367985, 47.94551549], [106.91378084, 47.94511477], [106.91391621, 47.94450882], [106.91404465, 47.94377902], [106.9140456, 47.94370733], [106.91411631, 47.94327003], [106.91415099, 47.94296533], [106.91412225, 47.94291493], [106.91422819, 47.94213193]]]}, "geometry_name": "geom", "properties": {"guid": 87625, "id": 87625, "object_no": null, "object_name": null, "layer_type_id": 162, "valid_to": null, "address_no": null, "border_type": "solid", "border_width": null, "border_color": "#c16300", "border_opacity": 0.5, "border_wellknown": "shape://horizline", "fill_type": "color", "fill_color": "#c16300", "fill_opacity": 0.3, "fill_wellknown": null, "fill_shape_color": null, "fill_shape_width": null, "fill_shape_size": null, "fill_img_url": null, "marker_img_url": null}},{"type": "Feature", "id": "layer_data_map.fid--27e80436_1a098c1eed1_-5488", "geometry": {"type": "Polygon", "coordinates": [[[106.93332482, 47.90782132], [106.92945448, 47.90780796], [106.92673577, 47.90786666], [106.92658897, 47.90804837], [106.92595041, 47.90804334], [106.92605577, 47.90779622], [106.92440476, 47.90782148], [106.92437629, 47.90784528], [106.92422739, 47.90802932], [106.92407527, 47.90811963], [106.92377434, 47.90814748], [106.9235728, 47.9080495], [106.92358096, 47.90789806], [106.92365434, 47.90782657], [106.91817563, 47.9079242], [106.91431614, 47.90795093], [106.913014, 47.90799543], [106.91293521, 47.90756652], [106.91420373, 47.9075814], [106.91327212, 47.9072503], [106.91237151, 47.90718103], [106.91147099, 47.90710783], [106.91088794, 47.90698515], [106.90924628, 47.90656608], [106.90672784, 47.90561739], [106.90578178, 47.9052617], [106.9039336, 47.90467144], [106.90132655, 47.90386342], [106.9001468, 47.90352073], [106.89999046, 47.90341797], [106.8983662, 47.90301031], [106.89700669, 47.90274157], [106.8960169, 47.90255373], [106.8954392, 47.90253003], [106.89502911, 47.90254159], [106.89401988, 47.90261987], [106.89365138, 47.90267642], [106.89319628, 47.90272545], [106.89274115, 47.90277032], [106.89183721, 47.90291104], [106.89107127, 47.9030176], [106.88955899, 47.90319866], [106.88881527, 47.90331211], [106.88827923, 47.90333804], [106.88788612, 47.90331028], [106.88725458, 47.90323654], [106.88695727, 47.90328312], [106.88643249, 47.90338792], [106.88559739, 47.90355155], [106.88433978, 47.90366483], [106.88283609, 47.90383508], [106.88199787, 47.90395648], [106.88054206, 47.90400369], [106.88012615, 47.90401847], [106.87953497, 47.90412982], [106.87903566, 47.90414952], [106.87839844, 47.90425554], [106.87818886, 47.90428182], [106.87761567, 47.90430616], [106.87730292, 47.90432057], [106.87631662, 47.90455612], [106.87561341, 47.90466732], [106.874298, 47.90509188], [106.87346824, 47.90550322], [106.87227335, 47.90582905], [106.87062432, 47.9060972], [106.86902015, 47.90610863], [106.86754447, 47.90578636], [106.86414142, 47.90516882], [106.86014313, 47.90445344], [106.85834671, 47.90406367], [106.85776354, 47.903851], [106.85620329, 47.90357183], [106.85543006, 47.90337542], [106.85424492, 47.90316233], [106.85325922, 47.90286747], [106.85303906, 47.90263776], [106.8528236, 47.90250582], [106.852311, 47.90230968], [106.85162514, 47.90164618], [106.85130903, 47.90146268], [106.8500827, 47.89976337], [106.8491716, 47.89933834], [106.84804574, 47.89912844], [106.8440349, 47.89881207], [106.83667027, 47.89830823], [106.83226115, 47.898044], [106.83054816, 47.8979413], [106.829498, 47.89770479], [106.82893583, 47.89706079], [106.82888113, 47.89701191], [106.82761716, 47.8958821], [106.82746143, 47.89582713], [106.8260015, 47.89455522], [106.82399328, 47.89294139], [106.82317477, 47.89225726], [106.82217716, 47.89135101], [106.82082648, 47.89017488], [106.81883386, 47.88842472], [106.81740864, 47.88719836], [106.81367441, 47.88394938], [106.81548111, 47.88399218], [106.8200137, 47.88787935], [106.82284939, 47.89034014], [106.82605584, 47.89313405], [106.82839393, 47.89512901], [106.82898148, 47.8955017], [106.82932547, 47.89592274], [106.82969721, 47.89608441], [106.83063816, 47.8963078], [106.8307273, 47.89639009], [106.83077556, 47.89755838], [106.83248031, 47.89773996], [106.8367779, 47.89798197], [106.84125858, 47.89832508], [106.84400761, 47.89848684], [106.84826365, 47.89879937], [106.84932063, 47.89898245], [106.84989822, 47.89884024], [106.8510814, 47.89907783], [106.85107111, 47.89942151], [106.85077861, 47.89960207], [106.85063077, 47.89966968], [106.8510838, 47.90017364], [106.85158872, 47.90099606], [106.8521816, 47.90160639], [106.85264487, 47.90212951], [106.85344276, 47.90242812], [106.85376148, 47.90219207], [106.85421478, 47.90218032], [106.85553426, 47.90241241], [106.85706239, 47.90267499], [106.85715223, 47.90283204], [106.85906492, 47.90325476], [106.86114498, 47.90364609], [106.86184057, 47.90368437], [106.86213918, 47.9036426], [106.86424432, 47.90388157], [106.86517471, 47.90398066], [106.86684325, 47.90440238], [106.86906763, 47.90497723], [106.86918525, 47.90502489], [106.86936456, 47.90504731], [106.86994798, 47.90506811], [106.8702677, 47.90507002], [106.87042387, 47.90511255], [106.87052947, 47.90518165], [106.87057866, 47.90522981], [106.87068285, 47.90524261], [106.87101544, 47.90525702], [106.87158861, 47.90522484], [106.87176813, 47.90521722], [106.87192961, 47.90522553], [106.87224738, 47.90520766], [106.87256704, 47.90517254], [106.87269358, 47.90515124], [106.87297525, 47.90505988], [106.87305499, 47.90501501], [106.87321067, 47.90491852], [106.87351732, 47.90487221], [106.87374323, 47.90481712], [106.87404358, 47.90469013], [106.87412992, 47.90466009], [106.87412416, 47.90454528], [106.87412505, 47.90442828], [106.87439092, 47.90440309], [106.87445983, 47.90446905], [106.87458791, 47.90441548], [106.87528231, 47.90416452], [106.87639874, 47.90391612], [106.87674758, 47.90387136], [106.8769048, 47.90385171], [106.87700292, 47.90383814], [106.87710086, 47.90378549], [106.87760909, 47.90353387], [106.87890857, 47.90351771], [106.87961186, 47.90347193], [106.8812, 47.90329119], [106.88387984, 47.9028244], [106.88681943, 47.90235527], [106.8870759, 47.90233043], [106.88718216, 47.90238752], [106.88739143, 47.90248152], [106.88741206, 47.902489], [106.8875218, 47.90250996], [106.88750937, 47.90244464], [106.88750791, 47.90236944], [106.88755196, 47.90228418], [106.88765943, 47.90224976], [106.88784319, 47.90222372], [106.88831359, 47.90218517], [106.88846044, 47.90217572], [106.88852158, 47.90216567], [106.88863131, 47.90216174], [106.88876253, 47.90215956], [106.88898209, 47.90216459], [106.8894588, 47.90215674], [106.89002368, 47.9021367], [106.89089204, 47.90213207], [106.89148045, 47.90215862], [106.89218283, 47.90218132], [106.89242422, 47.90216954], [106.89287616, 47.90210178], [106.89323275, 47.90208822], [106.89381348, 47.90206403], [106.8945983, 47.90194013], [106.89524244, 47.90185382], [106.89585892, 47.90181887], [106.89626423, 47.90181991], [106.89683504, 47.90187041], [106.89804793, 47.9021008], [106.89853972, 47.90221198], [106.89953518, 47.90248511], [106.90170188, 47.9031084], [106.90415671, 47.90383324], [106.90597908, 47.90436941], [106.9071396, 47.90473038], [106.90780708, 47.90496987], [106.90814543, 47.90509688], [106.90838216, 47.90521211], [106.90844931, 47.90543419], [106.9084582, 47.9054677], [106.90864126, 47.90555656], [106.91041264, 47.90608763], [106.91096085, 47.90623534], [106.9111594, 47.90621446], [106.91394659, 47.90600823], [106.9157485, 47.9059179], [106.91664486, 47.90586216], [106.91885533, 47.90576059], [106.9223352, 47.90565385], [106.92599973, 47.90587346], [106.92946971, 47.90602986], [106.92985726, 47.90602914], [106.93139871, 47.90611361], [106.93222445, 47.90614688], [106.93277429, 47.90627477], [106.93312662, 47.90642829], [106.93345918, 47.90680474], [106.93354776, 47.90709952], [106.93355912, 47.90744023], [106.93332482, 47.90782132]]]}, "geometry_name": "geom", "properties": {"guid": 87626, "id": 87626, "object_no": null, "object_name": null, "layer_type_id": 162, "valid_to": null, "address_no": null, "border_type": "solid", "border_width": null, "border_color": "#c16300", "border_opacity": 0.5, "border_wellknown": "shape://horizline", "fill_type": "color", "fill_color": "#c16300", "fill_opacity": 0.3, "fill_wellknown": null, "fill_shape_color": null, "fill_shape_width": null, "fill_shape_size": null, "fill_img_url": null, "marker_img_url": null}},{"type": "Feature", "id": "layer_data_map.fid--27e80436_1a098c1eed1_-5487", "geometry": {"type": "Polygon", "coordinates": [[[106.92501005, 47.94404499], [106.92443907, 47.94727481], [106.92430847, 47.94729018], [106.92282244, 47.94788252], [106.92141621, 47.94845475], [106.92105359, 47.94860835], [106.91869824, 47.949606], [106.9185503, 47.94964054], [106.91803998, 47.94967173], [106.91608409, 47.94926942], [106.91593983, 47.94919173], [106.91574822, 47.94910256], [106.91538977, 47.94904239], [106.91517558, 47.949062], [106.91497732, 47.94911557], [106.91485911, 47.94918189], [106.91480306, 47.94926769], [106.9147115, 47.94939347], [106.91457879, 47.94954807], [106.91435274, 47.94964828], [106.91408882, 47.94971584], [106.91372143, 47.9497684], [106.9134628, 47.9498851], [106.91326512, 47.95001925], [106.9130335, 47.95016186], [106.91225251, 47.9505884], [106.9120992, 47.95071838], [106.9116877, 47.95122803], [106.91146862, 47.95135056], [106.91129159, 47.9514172], [106.91101656, 47.95143183], [106.91044809, 47.95146982], [106.91026083, 47.95151766], [106.90992841, 47.95176943], [106.90887824, 47.95274667], [106.90839446, 47.9532823], [106.90806095, 47.95348828], [106.90719883, 47.95394485], [106.9070076, 47.95405956], [106.90687042, 47.95420788], [106.90674809, 47.95451731], [106.90664619, 47.95481518], [106.90640779, 47.95519886], [106.90627319, 47.95540987], [106.90583113, 47.95571773], [106.90500074, 47.95592849], [106.904765, 47.95603826], [106.90465186, 47.95626484], [106.90464056, 47.95638726], [106.90479086, 47.95688843], [106.90474052, 47.95700413], [106.90462274, 47.95715281], [106.90397149, 47.95810598], [106.90357489, 47.9587682], [106.90326612, 47.95900062], [106.90304721, 47.95908305], [106.90245505, 47.9591925], [106.90226141, 47.95923555], [106.90147903, 47.95963805], [106.90116521, 47.959727], [106.90094787, 47.95986487], [106.90070242, 47.96017579], [106.90051768, 47.96051769], [106.9004474, 47.96081362], [106.90036708, 47.96134758], [106.90027124, 47.9614824], [106.90012365, 47.96160635], [106.8997327, 47.96180777], [106.89921215, 47.96205683], [106.89903892, 47.96209155], [106.89857684, 47.96213285], [106.89843835, 47.96216098], [106.89832766, 47.96219803], [106.89806964, 47.96231533], [106.89773626, 47.96253013], [106.89737597, 47.96278797], [106.8970461, 47.9632374], [106.89662512, 47.96334686], [106.89623895, 47.96352812], [106.89551614, 47.96398805], [106.89467087, 47.96433588], [106.89458638, 47.96439155], [106.89454213, 47.96444924], [106.89445427, 47.96458817], [106.89407059, 47.96478644], [106.89390379, 47.96482751], [106.89365047, 47.96481112], [106.89257337, 47.96457032], [106.89252516, 47.96416523], [106.89281276, 47.964145], [106.89323543, 47.9643387], [106.89351958, 47.96441168], [106.89360663, 47.96441192], [106.8938463, 47.96430317], [106.89519351, 47.96366982], [106.89580158, 47.96324692], [106.89608375, 47.96308254], [106.89678949, 47.96279362], [106.89695023, 47.96255902], [106.89743221, 47.96221614], [106.89822342, 47.96181715], [106.89892122, 47.9616922], [106.89914554, 47.96161979], [106.89942068, 47.96149338], [106.89962716, 47.96135271], [106.89974362, 47.96123958], [106.89979183, 47.96116369], [106.89992875, 47.96067483], [106.90005458, 47.96026352], [106.90032354, 47.95982264], [106.90061528, 47.9595243], [106.90087519, 47.95938118], [106.90128002, 47.95923677], [106.9016431, 47.95907359], [106.9021085, 47.95889414], [106.9028574, 47.95870081], [106.90296877, 47.95865128], [106.90302542, 47.9585975], [106.90320501, 47.95839434], [106.90417679, 47.95692959], [106.90412492, 47.95660963], [106.9040184, 47.9562047], [106.90399908, 47.95590676], [106.90407908, 47.95571448], [106.90432555, 47.9555022], [106.90418953, 47.95519578], [106.90482903, 47.95536614], [106.90529652, 47.95546413], [106.90537423, 47.95545892], [106.90552879, 47.9554051], [106.90570664, 47.95528775], [106.90588074, 47.95511478], [106.90598662, 47.95496226], [106.90618881, 47.95457075], [106.90621572, 47.9544429], [106.90615315, 47.95444199], [106.90574849, 47.95418334], [106.90611281, 47.95414454], [106.90619882, 47.95413019], [106.9062607, 47.95409426], [106.90645942, 47.95388682], [106.90664157, 47.95374008], [106.90712515, 47.95341299], [106.90724395, 47.95335002], [106.9074861, 47.95327993], [106.9076258, 47.95323078], [106.90779799, 47.95313807], [106.90800159, 47.9530002], [106.90864848, 47.95226309], [106.90978298, 47.95132654], [106.91002094, 47.95117763], [106.91025126, 47.95110181], [106.91050457, 47.95106911], [106.9107287, 47.95104896], [106.91101494, 47.95105462], [106.91112626, 47.95103452], [106.91120144, 47.9510027], [106.91139682, 47.9508017], [106.91140718, 47.95073602], [106.9113969, 47.95057536], [106.91161135, 47.95055775], [106.9116958, 47.95045573], [106.91179246, 47.95035952], [106.91195908, 47.95023568], [106.91217695, 47.9501027], [106.91228802, 47.9500167], [106.91238419, 47.94997797], [106.91254379, 47.94993357], [106.91277023, 47.94981685], [106.91323244, 47.94952608], [106.91353321, 47.94940127], [106.91363485, 47.94937155], [106.91414063, 47.9492987], [106.91423937, 47.94919059], [106.91446473, 47.94888996], [106.91468296, 47.94874803], [106.91496352, 47.94866002], [106.91509353, 47.94864132], [106.91538092, 47.94863792], [106.91624884, 47.94880882], [106.91692222, 47.94889862], [106.91738982, 47.94901871], [106.91759875, 47.9490417], [106.91782481, 47.94905976], [106.91805714, 47.94903753], [106.91835469, 47.9489763], [106.91851378, 47.94892169], [106.91886812, 47.94877176], [106.91907977, 47.94866611], [106.91948963, 47.94842326], [106.91980383, 47.94822233], [106.92051711, 47.94772011], [106.92101976, 47.94729649], [106.92333042, 47.94534905], [106.92501005, 47.94404499]]]}, "geometry_name": "geom", "properties": {"guid": 87627, "id": 87627, "object_no": null, "object_name": null, "layer_type_id": 162, "valid_to": null, "address_no": null, "border_type": "solid", "border_width": null, "border_color": "#c16300", "border_opacity": 0.5, "border_wellknown": "shape://horizline", "fill_type": "color", "fill_color": "#c16300", "fill_opacity": 0.3, "fill_wellknown": null, "fill_shape_color": null, "fill_shape_width": null, "fill_shape_size": null, "fill_img_url": null, "marker_img_url": null}},{"type": "Feature", "id": "layer_data_map.fid--27e80436_1a098c1eed1_-5486", "geometry": {"type": "Polygon", "coordinates": [[[106.9243419, 47.96344159], [106.92401559, 47.96498988], [106.92346448, 47.96512157], [106.92332837, 47.96519881], [106.92279132, 47.96537952], [106.92197895, 47.96557863], [106.92159454, 47.96561816], [106.92127072, 47.96563235], [106.92105405, 47.96567193], [106.92082702, 47.96575095], [106.92054894, 47.96593309], [106.92034156, 47.96614165], [106.91994526, 47.96650963], [106.91971139, 47.96664442], [106.91870013, 47.96703319], [106.91836057, 47.96710877], [106.91723552, 47.9672453], [106.91689769, 47.96725544], [106.91577933, 47.96721576], [106.91512208, 47.96718108], [106.91365585, 47.96707476], [106.9126253, 47.96703085], [106.91239463, 47.96705849], [106.91125072, 47.96751289], [106.91125025, 47.96758058], [106.91092596, 47.96773761], [106.91085442, 47.96769191], [106.91070099, 47.96775821], [106.91009655, 47.96804713], [106.90948349, 47.96832615], [106.90892488, 47.96854533], [106.90833933, 47.96872748], [106.90775269, 47.96892813], [106.90764209, 47.96899694], [106.90749745, 47.9690353], [106.90733171, 47.96908872], [106.90659708, 47.96929807], [106.90625903, 47.96941731], [106.90607831, 47.96951174], [106.90603325, 47.96954026], [106.90595526, 47.96966489], [106.90577347, 47.96995383], [106.90540642, 47.97040721], [106.90536508, 47.97044734], [106.90494856, 47.97069433], [106.90480868, 47.97076891], [106.90440624, 47.97093793], [106.90415141, 47.9710774], [106.9039345, 47.97118494], [106.903849, 47.97122351], [106.90368648, 47.9714362], [106.90351146, 47.97167168], [106.90334719, 47.97178927], [106.90308186, 47.97190173], [106.90256909, 47.97205876], [106.9025562, 47.97211334], [106.90249619, 47.97217713], [106.90234699, 47.97220662], [106.90229029, 47.97219293], [106.90172632, 47.97227864], [106.90015356, 47.97256858], [106.89895737, 47.97277683], [106.89750834, 47.97302634], [106.89745669, 47.97299843], [106.89740942, 47.97301603], [106.89713593, 47.97317135], [106.89682195, 47.97338058], [106.8961575, 47.97387574], [106.89564667, 47.97425461], [106.89531351, 47.97453364], [106.89527657, 47.97457684], [106.89526174, 47.97464822], [106.89520613, 47.9747376], [106.89513253, 47.97477357], [106.89507307, 47.97480699], [106.89492224, 47.97493956], [106.89466274, 47.97515062], [106.89442606, 47.97528128], [106.89427409, 47.97535009], [106.89392942, 47.97546515], [106.89351738, 47.97557165], [106.89291733, 47.97577486], [106.89316873, 47.97583955], [106.89323736, 47.97597881], [106.8932597, 47.97612443], [106.89325844, 47.97625875], [106.89279212, 47.97641154], [106.89267991, 47.97644748], [106.89248189, 47.97642255], [106.89246483, 47.97641216], [106.89234832, 47.9764308], [106.89217442, 47.97640094], [106.89198734, 47.97608176], [106.89145902, 47.97640281], [106.89100273, 47.97681273], [106.89037877, 47.97742248], [106.8901475, 47.97761904], [106.88999926, 47.97767359], [106.88938274, 47.97781232], [106.88867678, 47.97798456], [106.88902394, 47.9779931], [106.8891169, 47.97810249], [106.88912599, 47.97856303], [106.8889464, 47.97880786], [106.88870915, 47.97882742], [106.88856484, 47.9787032], [106.8882026, 47.97857463], [106.88798283, 47.97879392], [106.88785012, 47.97885213], [106.88735704, 47.9786352], [106.88776985, 47.97839739], [106.88808459, 47.97805463], [106.88832683, 47.97781759], [106.88851298, 47.97769189], [106.88881056, 47.97758001], [106.88920296, 47.97745081], [106.8897944, 47.9773499], [106.88984413, 47.97732887], [106.89082, 47.97638234], [106.89115834, 47.97612857], [106.89160383, 47.97582566], [106.89159487, 47.97574692], [106.89180299, 47.9756477], [106.89189465, 47.97567917], [106.89321497, 47.9751589], [106.89399075, 47.97484649], [106.89430655, 47.97467407], [106.8944774, 47.97454352], [106.8946154, 47.97445774], [106.89506437, 47.97403416], [106.89666612, 47.9728744], [106.89708078, 47.97264489], [106.89742463, 47.97253039], [106.89780191, 47.97247758], [106.8981469, 47.97244574], [106.89908621, 47.97228533], [106.89970501, 47.97215889], [106.89980292, 47.97207787], [106.89991483, 47.97197146], [106.90008488, 47.97199703], [106.90019195, 47.97205195], [106.9002836, 47.97205495], [106.90043138, 47.97203018], [106.90221988, 47.97167456], [106.90282224, 47.97150701], [106.90302617, 47.97140231], [106.90393322, 47.97054737], [106.90460028, 47.97017409], [106.90484701, 47.96992816], [106.9054408, 47.96922869], [106.9058314, 47.96897141], [106.90632845, 47.9687866], [106.90696081, 47.96862314], [106.90840786, 47.9681296], [106.90973661, 47.9675916], [106.91077959, 47.96713905], [106.91206397, 47.96661309], [106.91237962, 47.96656083], [106.91287143, 47.96653364], [106.91337834, 47.9665686], [106.91516851, 47.9667122], [106.91694896, 47.96681739], [106.91703532, 47.96681148], [106.91719289, 47.96677115], [106.9177755, 47.96676902], [106.91802623, 47.9667384], [106.91837185, 47.96659845], [106.91935746, 47.96621893], [106.91969982, 47.96601072], [106.91996457, 47.96574982], [106.9202289, 47.96552525], [106.92039741, 47.96538925], [106.92085038, 47.96520807], [106.92136465, 47.96506284], [106.92167748, 47.96503077], [106.92231663, 47.96496522], [106.92260963, 47.96482426], [106.92379518, 47.96408102], [106.9243419, 47.96344159]]]}, "geometry_name": "geom", "properties": {"guid": 87628, "id": 87628, "object_no": null, "object_name": null, "layer_type_id": 162, "valid_to": null, "address_no": null, "border_type": "solid", "border_width": null, "border_color": "#c16300", "border_opacity": 0.5, "border_wellknown": "shape://horizline", "fill_type": "color", "fill_color": "#c16300", "fill_opacity": 0.3, "fill_wellknown": null, "fill_shape_color": null, "fill_shape_width": null, "fill_shape_size": null, "fill_img_url": null, "marker_img_url": null}},{"type": "Feature", "id": "layer_data_map.fid--27e80436_1a098c1eed1_-5485", "geometry": {"type": "Polygon", "coordinates": [[[106.92085376, 47.9699675], [106.92064147, 47.96997787], [106.91934437, 47.97008725], [106.91932951, 47.96997395], [106.91942952, 47.96962398], [106.91963736, 47.96905177], [106.92000822, 47.96869685], [106.92041096, 47.96859262], [106.92087375, 47.96840877], [106.92121252, 47.96820674], [106.9216852, 47.96804118], [106.92377798, 47.96743229], [106.92405713, 47.96733913], [106.9244344, 47.96715806], [106.92461014, 47.96705673], [106.92464581, 47.96696493], [106.92478038, 47.96629826], [106.92473581, 47.96615893], [106.92452299, 47.96565801], [106.92431812, 47.96526635], [106.9242108, 47.96511676], [106.92406197, 47.96501283], [106.92401559, 47.96498988], [106.9243419, 47.96344159], [106.92441638, 47.96294391], [106.92442253, 47.96269255], [106.92468809, 47.95159443], [106.9246009, 47.94854894], [106.92457262, 47.94756096], [106.92452798, 47.94738624], [106.92444806, 47.94727376], [106.92501005, 47.94404499], [106.92514663, 47.94395401], [106.92533958, 47.94373283], [106.9259209, 47.94312824], [106.9269074, 47.94180145], [106.92810961, 47.94034573], [106.92752288, 47.94040594], [106.92576722, 47.94031678], [106.92182189, 47.9401496], [106.91976785, 47.94009323], [106.91792927, 47.94000213], [106.91722512, 47.94001592], [106.9161571, 47.94019771], [106.91581011, 47.94024743], [106.91574006, 47.94003845], [106.9160856, 47.93998296], [106.91654942, 47.93987374], [106.91730824, 47.93976822], [106.91799944, 47.9397811], [106.92009975, 47.93984865], [106.92202874, 47.93989654], [106.9241456, 47.93998767], [106.92581612, 47.94005083], [106.9275782, 47.94011271], [106.92773499, 47.94009666], [106.92778489, 47.94007215], [106.92846294, 47.93946476], [106.92852273, 47.93939189], [106.92879776, 47.93824958], [106.9296972, 47.93504582], [106.93016046, 47.93333275], [106.9303576, 47.9331143], [106.93085254, 47.93134793], [106.93130418, 47.92968891], [106.93131214, 47.92813549], [106.93136678, 47.9231625], [106.93116047, 47.92136458], [106.93069352, 47.92045207], [106.93039839, 47.92010201], [106.92959362, 47.91939184], [106.92933009, 47.91902264], [106.92924086, 47.91857715], [106.92929929, 47.91769686], [106.92951218, 47.91470331], [106.9298238, 47.9121934], [106.93033685, 47.91025002], [106.93041018, 47.90977667], [106.93069772, 47.90891178], [106.93121271, 47.90863215], [106.9318637, 47.90833917], [106.93201504, 47.90821892], [106.93215687, 47.90794805], [106.9321915, 47.90781742], [106.93332482, 47.90782132], [106.93324087, 47.90795785], [106.93302828, 47.90833197], [106.93240679, 47.9087323], [106.93189312, 47.90896026], [106.93179625, 47.90901169], [106.93173061, 47.90908425], [106.93167946, 47.90921549], [106.93168231, 47.90945221], [106.93175287, 47.90998371], [106.93166883, 47.91015331], [106.93147043, 47.91052592], [106.93110889, 47.91109198], [106.93092577, 47.91146846], [106.93077622, 47.91250557], [106.93036698, 47.91528383], [106.9301343, 47.91751164], [106.93004554, 47.91838617], [106.93009107, 47.91879528], [106.93021681, 47.91906753], [106.93083132, 47.91961331], [106.93111797, 47.91986765], [106.93148734, 47.92030596], [106.93192235, 47.92116288], [106.93203971, 47.92183732], [106.93217382, 47.92306247], [106.93216728, 47.92520089], [106.93221999, 47.92925626], [106.93232019, 47.9297228], [106.93206547, 47.93081153], [106.9318442, 47.93182458], [106.93192418, 47.931928], [106.93177394, 47.93235815], [106.93171062, 47.932559], [106.93150951, 47.93311621], [106.93136818, 47.93373874], [106.93131247, 47.93390485], [106.93116191, 47.93455391], [106.9309208, 47.93539019], [106.93073627, 47.93618212], [106.93060261, 47.93669512], [106.93044588, 47.93717945], [106.93038341, 47.93748672], [106.93017069, 47.93825029], [106.92991422, 47.93928939], [106.92979152, 47.93974263], [106.92961726, 47.94014753], [106.92950889, 47.94040218], [106.92928877, 47.94086915], [106.92907866, 47.94147735], [106.92883891, 47.94206795], [106.92835087, 47.94308031], [106.92804232, 47.9437618], [106.92781789, 47.94451208], [106.92754948, 47.94527745], [106.92752959, 47.94535533], [106.92754253, 47.94551297], [106.92756642, 47.94553279], [106.92803347, 47.94585919], [106.92822884, 47.94602079], [106.92887571, 47.94644], [106.92970565, 47.94700852], [106.930909, 47.94782153], [106.93067871, 47.94803367], [106.927197, 47.9455996], [106.92646966, 47.94611033], [106.92675214, 47.94674587], [106.92693932, 47.94716193], [106.92688228, 47.94770113], [106.92686803, 47.94849458], [106.92748614, 47.94936392], [106.92712711, 47.95028432], [106.92713151, 47.95040263], [106.92756667, 47.95060793], [106.92827388, 47.95068094], [106.92884685, 47.9507586], [106.92970812, 47.95122502], [106.93014297, 47.95159597], [106.93066725, 47.95229543], [106.93066639, 47.95258254], [106.93012565, 47.95301897], [106.92984985, 47.95324747], [106.92978846, 47.9546823], [106.93015409, 47.95513076], [106.93074978, 47.95679762], [106.93034117, 47.9588184], [106.92923805, 47.9605024], [106.92914152, 47.96431349], [106.92834591, 47.96552765], [106.92668042, 47.9671551], [106.92607962, 47.96758443], [106.92519263, 47.96807836], [106.92479608, 47.96817361], [106.92432035, 47.96828788], [106.92152215, 47.96880277], [106.92143323, 47.96880997], [106.9212733, 47.96912958], [106.92085376, 47.9699675]]]}, "geometry_name": "geom", "properties": {"guid": 87629, "id": 87629, "object_no": null, "object_name": null, "layer_type_id": 162, "valid_to": null, "address_no": null, "border_type": "solid", "border_width": null, "border_color": "#c16300", "border_opacity": 0.5, "border_wellknown": "shape://horizline", "fill_type": "color", "fill_color": "#c16300", "fill_opacity": 0.3, "fill_wellknown": null, "fill_shape_color": null, "fill_shape_width": null, "fill_shape_size": null, "fill_img_url": null, "marker_img_url": null}},{"type": "Feature", "id": "layer_data_map.fid--27e80436_1a098c1eed1_-5484", "geometry": {"type": "Polygon", "coordinates": [[[106.74915462, 47.91077845], [106.74968612, 47.91074916], [106.75069228, 47.91203107], [106.75072213, 47.91250803], [106.75079282, 47.91281417], [106.75068146, 47.9130074], [106.75072237, 47.91300883], [106.75099992, 47.91331269], [106.75053442, 47.9139251], [106.74942522, 47.91421806], [106.7491451, 47.91447361], [106.74902464, 47.91458278], [106.74892685, 47.91462924], [106.74837393, 47.91538043], [106.74770896, 47.9160322], [106.74731529, 47.91641803], [106.74728191, 47.91643531], [106.74682878, 47.9168794], [106.74502658, 47.91805869], [106.7437805, 47.91887403], [106.74260614, 47.91964241], [106.74221569, 47.91998761], [106.74190543, 47.92010512], [106.74190072, 47.92010691], [106.74122272, 47.92031886], [106.74019063, 47.92139545], [106.73824059, 47.92234408], [106.73699051, 47.92315921], [106.73540158, 47.92493408], [106.73459251, 47.92523068], [106.7337377, 47.92586392], [106.73234719, 47.92757759], [106.73191544, 47.928794], [106.73193369, 47.9288405], [106.7319882, 47.92889346], [106.73218038, 47.92921379], [106.73232839, 47.93016651], [106.72971866, 47.93286306], [106.72984284, 47.93441981], [106.72325239, 47.94186162], [106.72050676, 47.95163445], [106.720719, 47.95166065], [106.72049935, 47.95247471], [106.72031105, 47.95245147], [106.72067349, 47.95301731], [106.7203119, 47.95312183], [106.71989426, 47.95246979], [106.71991084, 47.95240206], [106.71968303, 47.95237393], [106.71990268, 47.95155987], [106.72012052, 47.95158677], [106.72287966, 47.94176538], [106.72944351, 47.93435368], [106.72931888, 47.93279114], [106.73192258, 47.93010084], [106.73179474, 47.92927792], [106.73164763, 47.92902818], [106.73157569, 47.92896516], [106.7315098, 47.92879723], [106.73197666, 47.92748194], [106.73341512, 47.92570918], [106.7343458, 47.92501991], [106.73511951, 47.92473628], [106.73667982, 47.92299338], [106.737987, 47.92214102], [106.73990003, 47.9212104], [106.74095346, 47.92011156], [106.74172951, 47.91987623], [106.7419328, 47.91979674], [106.74230939, 47.91946379], [106.74343719, 47.91872588], [106.74350316, 47.91868272], [106.74468615, 47.91790336], [106.74475638, 47.91786223], [106.74652339, 47.91670645], [106.74695426, 47.91628418], [106.74696624, 47.91625707], [106.74730729, 47.91592225], [106.74800576, 47.91523824], [106.74859392, 47.91449621], [106.74865215, 47.91439438], [106.74869435, 47.91435615], [106.74837447, 47.91418131], [106.74851577, 47.91385442], [106.74910562, 47.9133106], [106.74996564, 47.91294954], [106.75005767, 47.91268956], [106.75029461, 47.91249133], [106.75027065, 47.91210828], [106.74999382, 47.91176487], [106.74995791, 47.91169137], [106.74936381, 47.91095525], [106.74915462, 47.91077845]]]}, "geometry_name": "geom", "properties": {"guid": 87630, "id": 87630, "object_no": null, "object_name": null, "layer_type_id": 162, "valid_to": null, "address_no": null, "border_type": "solid", "border_width": null, "border_color": "#c16300", "border_opacity": 0.5, "border_wellknown": "shape://horizline", "fill_type": "color", "fill_color": "#c16300", "fill_opacity": 0.3, "fill_wellknown": null, "fill_shape_color": null, "fill_shape_width": null, "fill_shape_size": null, "fill_img_url": null, "marker_img_url": null}},{"type": "Feature", "id": "layer_data_map.fid--27e80436_1a098c1eed1_-5483", "geometry": {"type": "Polygon", "coordinates": [[[106.7723332, 47.91265681], [106.77235742, 47.91264299], [106.77256275, 47.91231462], [106.7727601, 47.91196459], [106.7745382, 47.91103105], [106.77543307, 47.91003763], [106.77490479, 47.90941942], [106.77408519, 47.90906385], [106.76931897, 47.90795112], [106.76923542, 47.90790859], [106.76912885, 47.90783188], [106.76903455, 47.90776874], [106.76898479, 47.90772572], [106.76890099, 47.90761604], [106.76890421, 47.90753421], [106.7689431, 47.90723704], [106.76904655, 47.90625329], [106.76903712, 47.90613794], [106.76904614, 47.90588116], [106.76910282, 47.9052606], [106.7690978, 47.90503111], [106.76907637, 47.90455987], [106.76900076, 47.90416043], [106.76893739, 47.90398712], [106.76873808, 47.90346977], [106.76845866, 47.90273805], [106.76831558, 47.90235855], [106.768151, 47.901911], [106.76802426, 47.90162789], [106.76790182, 47.90154065], [106.76774634, 47.9012907], [106.76773422, 47.9009215], [106.7677623, 47.90046038], [106.76778518, 47.90010699], [106.76780219, 47.89973411], [106.76773632, 47.89885124], [106.76767163, 47.89825949], [106.76767882, 47.89789205], [106.76757647, 47.8974506], [106.76587339, 47.89512615], [106.76582673, 47.89511787], [106.7657505, 47.89501331], [106.76576453, 47.89498321], [106.76544606, 47.89457025], [106.76519587, 47.89416646], [106.76506529, 47.89400049], [106.76367011, 47.89214037], [106.76329501, 47.89132357], [106.76287785, 47.89111698], [106.76226499, 47.89109273], [106.76053004, 47.89095922], [106.76001397, 47.8909189], [106.75909392, 47.89086275], [106.75913747, 47.89053965], [106.75929008, 47.8905557], [106.76084456, 47.89065007], [106.76305133, 47.89080351], [106.76370856, 47.89111669], [106.7641833, 47.892001], [106.76462072, 47.89266634], [106.76543109, 47.89377554], [106.76623193, 47.89487263], [106.76628142, 47.89494309], [106.76702307, 47.89596826], [106.76804567, 47.89736745], [106.76813592, 47.89778911], [106.7682146, 47.89800851], [106.7682631, 47.89862118], [106.76833056, 47.89955845], [106.76833407, 47.89979598], [106.7682522, 47.90059289], [106.76821083, 47.90095294], [106.76824137, 47.90126229], [106.76824572, 47.90129506], [106.76847218, 47.90170571], [106.76857063, 47.90193402], [106.76889841, 47.9027388], [106.7690811, 47.90320303], [106.76935884, 47.90390981], [106.76942694, 47.90404826], [106.7694916, 47.9045687], [106.76948267, 47.90493169], [106.76948777, 47.90541763], [106.7694757, 47.90572195], [106.76945926, 47.90589256], [106.76941989, 47.90609605], [106.7694066, 47.90633103], [106.76939749, 47.90641923], [106.76940726, 47.90646629], [106.76939309, 47.9066898], [106.76934669, 47.9071443], [106.76931431, 47.90728018], [106.76927222, 47.90752761], [106.76936271, 47.90758779], [106.76946572, 47.90767367], [106.76948904, 47.90768779], [106.7696142, 47.90774615], [106.76963267, 47.90775225], [106.77013554, 47.90783096], [106.77045097, 47.9078462], [106.77068171, 47.90783861], [106.7711223, 47.9078241], [106.7715475, 47.90784988], [106.77181875, 47.90786898], [106.77194162, 47.90788807], [106.77325637, 47.90810639], [106.77443466, 47.90825097], [106.77501024, 47.9083526], [106.77529439, 47.90839101], [106.77574242, 47.90844576], [106.77652211, 47.90857837], [106.77680726, 47.90860887], [106.77896079, 47.90885029], [106.77935607, 47.9088873], [106.78070835, 47.90900189], [106.78149584, 47.90891323], [106.78400466, 47.90914653], [106.78628542, 47.90936394], [106.78762932, 47.90948728], [106.7887109, 47.90963703], [106.78878123, 47.90963661], [106.78879856, 47.90961917], [106.78909471, 47.90960659], [106.78937031, 47.90967367], [106.78958618, 47.90981473], [106.7897142, 47.909947], [106.78981033, 47.91002602], [106.79007936, 47.91011034], [106.79042707, 47.91021829], [106.79103549, 47.91040641], [106.79133945, 47.91050156], [106.7915405, 47.91056118], [106.79262427, 47.91091669], [106.79283974, 47.91098416], [106.79314806, 47.91111177], [106.79334086, 47.91123323], [106.79414583, 47.91174597], [106.79475378, 47.91204067], [106.79505416, 47.91213921], [106.79521428, 47.91221122], [106.79527442, 47.91235847], [106.79541087, 47.91258245], [106.79535292, 47.91327401], [106.79533183, 47.91410347], [106.79524633, 47.91440318], [106.79524707, 47.9144351], [106.79526755, 47.91449647], [106.79529458, 47.91456596], [106.79536054, 47.91476073], [106.79549284, 47.91519249], [106.79579374, 47.91554165], [106.79566084, 47.91572614], [106.79581132, 47.91589858], [106.79630212, 47.91621059], [106.7964718, 47.91631415], [106.79668721, 47.91646361], [106.79706436, 47.91699542], [106.79702067, 47.91871856], [106.79756962, 47.91982184], [106.79761675, 47.91984594], [106.79778268, 47.91991794], [106.79783976, 47.9203066], [106.79701043, 47.92027267], [106.796986, 47.92014347], [106.79709661, 47.91978428], [106.79696407, 47.91945176], [106.79661601, 47.9187649], [106.79661695, 47.918439], [106.79666243, 47.91706525], [106.79660422, 47.91698163], [106.79635429, 47.91662404], [106.79607455, 47.91644041], [106.79601267, 47.91640166], [106.79548585, 47.91607673], [106.79526587, 47.9158146], [106.79522646, 47.91577801], [106.79495483, 47.91577704], [106.79461246, 47.91533005], [106.79449868, 47.91511783], [106.79450289, 47.914903], [106.79468713, 47.91463165], [106.79471095, 47.9145009], [106.79389014, 47.914956], [106.79359751, 47.91479444], [106.79368767, 47.91471939], [106.79377414, 47.91466799], [106.79389741, 47.91460759], [106.79398611, 47.91457597], [106.79427764, 47.91452599], [106.79438324, 47.91448873], [106.79471534, 47.91426684], [106.79487258, 47.91406424], [106.79487923, 47.91393956], [106.7948877, 47.91362155], [106.79495466, 47.91310983], [106.79496945, 47.9126405], [106.79473547, 47.91234641], [106.7945584, 47.91224188], [106.79392729, 47.91198188], [106.79362459, 47.91181005], [106.79338868, 47.91164166], [106.79331433, 47.91156027], [106.79315252, 47.91143226], [106.7927763, 47.91128089], [106.79242878, 47.91115154], [106.79201859, 47.91100826], [106.79142371, 47.91083071], [106.79107461, 47.91072678], [106.79004039, 47.91039942], [106.79004634, 47.91040983], [106.79028481, 47.91086047], [106.79037314, 47.91098978], [106.79045009, 47.91108937], [106.79052358, 47.91118449], [106.79092222, 47.91162978], [106.79124179, 47.91248187], [106.79133866, 47.91274016], [106.79147064, 47.91305911], [106.79155481, 47.91328174], [106.79162745, 47.91347388], [106.79114046, 47.91456145], [106.79105704, 47.9146563], [106.79094469, 47.91473504], [106.79085214, 47.9147999], [106.79076289, 47.91488764], [106.79075733, 47.91504927], [106.79081806, 47.9152888], [106.79089721, 47.91539517], [106.79101784, 47.91581837], [106.79134595, 47.91596326], [106.79111924, 47.91619318], [106.79079707, 47.9160918], [106.79068126, 47.91600049], [106.79050349, 47.91571871], [106.79030249, 47.91577636], [106.7902273, 47.91548501], [106.79044482, 47.91543386], [106.79038999, 47.91512294], [106.79018076, 47.91496273], [106.79036319, 47.91483027], [106.79043267, 47.91474302], [106.79048101, 47.91468232], [106.79068337, 47.91452909], [106.79079467, 47.91441153], [106.79096793, 47.91399621], [106.79107171, 47.91358924], [106.79110961, 47.91340323], [106.79111525, 47.91330826], [106.79108025, 47.91321075], [106.79097621, 47.91292093], [106.79086656, 47.91265513], [106.79083173, 47.9125497], [106.79081618, 47.9124885], [106.79078618, 47.91237037], [106.79058656, 47.91186325], [106.79048075, 47.9116523], [106.79035233, 47.91151224], [106.79015799, 47.91129705], [106.78997857, 47.91106941], [106.78991527, 47.91096279], [106.78962807, 47.91039222], [106.78953381, 47.91025996], [106.78950295, 47.91021665], [106.7894943, 47.91020452], [106.7893563, 47.91001164], [106.78917182, 47.90989138], [106.78906297, 47.90986638], [106.78904846, 47.90986728], [106.78892953, 47.90989875], [106.78873296, 47.90991937], [106.78846703, 47.90988354], [106.78811405, 47.90983433], [106.78745951, 47.90975034], [106.78730391, 47.90973607], [106.78644575, 47.90965645], [106.78582664, 47.90960051], [106.78507175, 47.90953122], [106.78455725, 47.90948699], [106.78394784, 47.9094361], [106.78376751, 47.90942252], [106.78319612, 47.90937007], [106.7815075, 47.90921504], [106.78071595, 47.90930484], [106.78029013, 47.90926507], [106.78009189, 47.90924451], [106.77970901, 47.90920872], [106.77931772, 47.90916962], [106.77921765, 47.90915916], [106.7790381, 47.90912913], [106.77871496, 47.90910487], [106.77850593, 47.90907092], [106.77785245, 47.90901431], [106.77702386, 47.90893314], [106.77643181, 47.90887041], [106.77615362, 47.90882307], [106.77565884, 47.90873888], [106.77511854, 47.90867259], [106.77493561, 47.90863987], [106.77434689, 47.90853551], [106.7731659, 47.9083906], [106.77238446, 47.90826166], [106.77216658, 47.90822424], [106.77327262, 47.90846263], [106.77500924, 47.90899209], [106.77576653, 47.90954067], [106.77747482, 47.9121926], [106.77948566, 47.91331989], [106.78001271, 47.91348689], [106.78180937, 47.91371076], [106.78295996, 47.91400091], [106.78464194, 47.91434887], [106.78589902, 47.91486925], [106.78619081, 47.91504473], [106.78629476, 47.9152585], [106.78592077, 47.91532499], [106.78584358, 47.91519147], [106.785696, 47.9150779], [106.78454796, 47.91462607], [106.78358203, 47.91440665], [106.78280972, 47.91424858], [106.78183951, 47.91403469], [106.78129264, 47.91412517], [106.78072196, 47.91413742], [106.78022247, 47.91403862], [106.77903073, 47.91356447], [106.77810878, 47.91314891], [106.77788077, 47.91308302], [106.77760286, 47.9131343], [106.7771057, 47.91332349], [106.77702512, 47.91222453], [106.77650244, 47.91144812], [106.77581773, 47.9102696], [106.77568091, 47.91046212], [106.77502595, 47.91108624], [106.77460111, 47.91134976], [106.77344405, 47.91195283], [106.77296751, 47.91248463], [106.77279251, 47.91276824], [106.77262879, 47.91303633], [106.77265405, 47.91312761], [106.7723377, 47.91357779], [106.77207565, 47.91392661], [106.77194877, 47.91398967], [106.77108498, 47.91456585], [106.77076971, 47.9146468], [106.76989858, 47.91539415], [106.76985516, 47.9154314], [106.7688536, 47.9162906], [106.76874969, 47.91641283], [106.76874529, 47.91654385], [106.76877113, 47.91660344], [106.76934687, 47.91742514], [106.76935966, 47.91748876], [106.76939473, 47.91765237], [106.76923573, 47.91788315], [106.76886395, 47.9180351], [106.7688155, 47.91816843], [106.76834724, 47.91825622], [106.76818596, 47.91813607], [106.7683727, 47.91802281], [106.76838358, 47.91797258], [106.76853288, 47.91789145], [106.7689576, 47.91771786], [106.76902645, 47.91761873], [106.76900731, 47.91752254], [106.76899915, 47.91749016], [106.76843726, 47.91668842], [106.76838824, 47.91657535], [106.76839592, 47.91634651], [106.76856483, 47.91615044], [106.76961837, 47.91524664], [106.77049625, 47.91449077], [106.77049868, 47.91448591], [106.77041686, 47.91450713], [106.76946897, 47.91399842], [106.76973563, 47.91360294], [106.769984, 47.91348433], [106.77019099, 47.91341462], [106.77047176, 47.91335819], [106.77088369, 47.91341696], [106.77104107, 47.91345546], [106.77117167, 47.91350025], [106.77140583, 47.91361365], [106.77150021, 47.91363389], [106.77156647, 47.91363794], [106.77201503, 47.91344009], [106.77226558, 47.91310631], [106.77221035, 47.91300746], [106.77207158, 47.91292723], [106.77182887, 47.91264172], [106.77127141, 47.91217995], [106.77108505, 47.91210663], [106.77079329, 47.9120429], [106.77070895, 47.91202447], [106.76967281, 47.91181063], [106.76879612, 47.91155304], [106.76867871, 47.91148519], [106.76852161, 47.91141432], [106.76824427, 47.9111995], [106.76737245, 47.91089217], [106.76726973, 47.91085564], [106.76671647, 47.91059537], [106.76568275, 47.91019232], [106.76487845, 47.90988976], [106.76467465, 47.90983367], [106.76457956, 47.90980414], [106.76442612, 47.90975976], [106.76388205, 47.90971969], [106.7634533, 47.90975449], [106.76150191, 47.91007718], [106.76102147, 47.91010756], [106.7607278, 47.91031627], [106.75995122, 47.9104206], [106.75939875, 47.91033337], [106.7591737, 47.91015158], [106.75908962, 47.91005935], [106.75907895, 47.91005924], [106.75854615, 47.91006653], [106.75841023, 47.91008718], [106.75758947, 47.91029064], [106.75715965, 47.91042094], [106.75713123, 47.91043599], [106.75706323, 47.91046043], [106.75689717, 47.91052003], [106.75662855, 47.91060927], [106.75654446, 47.91062502], [106.75631485, 47.91066819], [106.75606181, 47.91066772], [106.75565034, 47.91061367], [106.75551163, 47.91059545], [106.75337119, 47.91028914], [106.75328347, 47.91028649], [106.75120831, 47.91056238], [106.74988624, 47.91073813], [106.74915462, 47.91077845], [106.74863487, 47.91038954], [106.74794845, 47.9096305], [106.74787698, 47.90958078], [106.7477822, 47.90955965], [106.74662936, 47.90950008], [106.74560531, 47.90951743], [106.74523562, 47.90951174], [106.7443814, 47.90949981], [106.74427287, 47.90949183], [106.74407138, 47.90946912], [106.74382091, 47.90937145], [106.7431195, 47.90887561], [106.74122436, 47.90753581], [106.74085013, 47.90732703], [106.73932747, 47.90682491], [106.7392388, 47.90679566], [106.73600058, 47.90572769], [106.73591223, 47.90569856], [106.73418023, 47.90512728], [106.73359095, 47.90502356], [106.73130556, 47.90498874], [106.73114457, 47.90498257], [106.73088061, 47.90496201], [106.73056712, 47.9048619], [106.72968096, 47.90436706], [106.7293239, 47.9039593], [106.72933539, 47.90392202], [106.7290868, 47.90377164], [106.72903911, 47.90370427], [106.72904864, 47.90346223], [106.72906464, 47.90333692], [106.7290749, 47.90326777], [106.72457607, 47.90281593], [106.72196578, 47.90235124], [106.72134223, 47.9021803], [106.72043237, 47.90193447], [106.72017365, 47.9017852], [106.72000523, 47.90158424], [106.71995236, 47.90136995], [106.71995052, 47.90104902], [106.71982985, 47.90071384], [106.71950919, 47.89926661], [106.71747768, 47.89496817], [106.71746664, 47.89463436], [106.71851075, 47.89197145], [106.71919723, 47.89207993], [106.71912173, 47.8921802], [106.71881859, 47.89295338], [106.71813853, 47.89468784], [106.71814534, 47.89489341], [106.71929626, 47.89732867], [106.72016398, 47.8991645], [106.72049711, 47.90066788], [106.72038274, 47.90105845], [106.72038423, 47.90134404], [106.72042003, 47.90147761], [106.72052213, 47.90160386], [106.72066078, 47.90168322], [106.72149324, 47.90190837], [106.7221026, 47.90207508], [106.72466369, 47.90253101], [106.72935436, 47.90300635], [106.72959473, 47.9030776], [106.72974003, 47.90313558], [106.72980674, 47.90323838], [106.72980907, 47.90329151], [106.72978473, 47.90339058], [106.72975624, 47.90362414], [106.72984384, 47.90382809], [106.73010392, 47.90412509], [106.73086235, 47.90454861], [106.73105252, 47.90460497], [106.73126502, 47.90462018], [106.73366745, 47.90465679], [106.73437187, 47.90478078], [106.73991127, 47.90660773], [106.74116017, 47.907038], [106.74159699, 47.90726549], [106.74416328, 47.90907973], [106.74425988, 47.90911739], [106.74438936, 47.90913199], [106.74556652, 47.90915014], [106.74664347, 47.90913189], [106.74789087, 47.90919634], [106.74817692, 47.90926012], [106.74838425, 47.90940438], [106.74908279, 47.91017681], [106.74955373, 47.91043249], [106.74966983, 47.91044804], [106.74984138, 47.91044125], [106.75239735, 47.91009717], [106.75324958, 47.90998386], [106.75342908, 47.90998929], [106.75557164, 47.91029631], [106.75576319, 47.91031689], [106.75610717, 47.91036652], [106.75627272, 47.91036706], [106.75639962, 47.91033963], [106.75709334, 47.91013818], [106.75830724, 47.90981845], [106.75927592, 47.90977179], [106.76092587, 47.90981177], [106.76142973, 47.90978282], [106.76337859, 47.90947138], [106.76389601, 47.90943471], [106.76452873, 47.90948463], [106.76472991, 47.90953448], [106.76487621, 47.90958035], [106.76506458, 47.90964068], [106.76618688, 47.91007612], [106.76693505, 47.91036448], [106.76744587, 47.91060544], [106.76759021, 47.91065509], [106.76850844, 47.91098296], [106.76883378, 47.91122976], [106.76890722, 47.91127313], [106.76903325, 47.91132874], [106.76983137, 47.91156324], [106.77079757, 47.91177354], [106.77096465, 47.91181453], [106.77123962, 47.9118742], [106.77152215, 47.91198313], [106.7723332, 47.91265681]]]}, "geometry_name": "geom", "properties": {"guid": 87631, "id": 87631, "object_no": null, "object_name": null, "layer_type_id": 162, "valid_to": null, "address_no": null, "border_type": "solid", "border_width": null, "border_color": "#c16300", "border_opacity": 0.5, "border_wellknown": "shape://horizline", "fill_type": "color", "fill_color": "#c16300", "fill_opacity": 0.3, "fill_wellknown": null, "fill_shape_color": null, "fill_shape_width": null, "fill_shape_size": null, "fill_img_url": null, "marker_img_url": null}},{"type": "Feature", "id": "layer_data_map.fid--27e80436_1a098c1eed1_-5482", "geometry": {"type": "Polygon", "coordinates": [[[107.03010986, 47.90013416], [107.03013223, 47.90013775], [107.03015334, 47.90014386], [107.03017259, 47.90015231], [107.03018941, 47.90016286], [107.03020328, 47.90017518], [107.03021382, 47.90018892], [107.0302207, 47.90020367], [107.03029178, 47.9004195], [107.03117647, 47.90172627], [107.03117918, 47.90173056], [107.03118112, 47.9017341], [107.03150193, 47.90235682], [107.03150396, 47.90236111], [107.03194215, 47.90337253], [107.0319448, 47.90337974], [107.03194545, 47.90338204], [107.03205469, 47.90379791], [107.03205596, 47.90380393], [107.03211582, 47.90417788], [107.03211654, 47.90418514], [107.03211659, 47.90418793], [107.03211189, 47.90485921], [107.0321104, 47.90487215], [107.03201482, 47.90529736], [107.03201276, 47.90530451], [107.03185461, 47.90575665], [107.03185228, 47.90576243], [107.0311033, 47.90740431], [107.02945978, 47.91223164], [107.02945261, 47.91224656], [107.0294417, 47.91226042], [107.02942737, 47.91227279], [107.02941007, 47.91228331], [107.02939032, 47.91229164], [107.02936871, 47.91229754], [107.02934591, 47.91230083], [107.0293226, 47.9123014], [107.0292995, 47.91229925], [107.02927731, 47.91229443], [107.0292567, 47.9122871], [107.02923829, 47.91227747], [107.02922266, 47.91226584], [107.02921026, 47.91225255], [107.02920149, 47.91223803], [107.02919659, 47.9122227], [107.02919574, 47.91220703], [107.02919894, 47.9121915], [107.03084358, 47.90736099], [107.03084608, 47.90735468], [107.03159518, 47.90571254], [107.03175108, 47.90526687], [107.03184439, 47.90485182], [107.03184901, 47.90419213], [107.03179044, 47.9038262], [107.03168326, 47.90341815], [107.03124803, 47.90241357], [107.03093039, 47.90179697], [107.03004248, 47.90048544], [107.03003977, 47.90048114], [107.03003363, 47.90046762], [107.02995927, 47.90024182], [107.02995651, 47.9002275], [107.02995719, 47.90021307], [107.02996129, 47.90019889], [107.02996872, 47.90018534], [107.02997927, 47.90017277], [107.02999268, 47.90016149], [107.0300086, 47.9001518], [107.03002662, 47.90014395], [107.03004627, 47.90013814], [107.03006706, 47.90013452], [107.03008844, 47.90013318], [107.03010986, 47.90013416]]]}, "geometry_name": "geom", "properties": {"guid": 87632, "id": 87632, "object_no": null, "object_name": null, "layer_type_id": 162, "valid_to": null, "address_no": null, "border_type": "solid", "border_width": null, "border_color": "#c16300", "border_opacity": 0.5, "border_wellknown": "shape://horizline", "fill_type": "color", "fill_color": "#c16300", "fill_opacity": 0.3, "fill_wellknown": null, "fill_shape_color": null, "fill_shape_width": null, "fill_shape_size": null, "fill_img_url": null, "marker_img_url": null}},{"type": "Feature", "id": "layer_data_map.fid--27e80436_1a098c1eed1_-5481", "geometry": {"type": "Polygon", "coordinates": [[[107.02269297, 47.89478905], [107.02268155, 47.89477615], [107.02267348, 47.89476215], [107.02266898, 47.89474744], [107.02266818, 47.89473244], [107.02267111, 47.89471755], [107.02267768, 47.8947032], [107.02268771, 47.89468979], [107.02270091, 47.89467768], [107.02271693, 47.89466722], [107.02273531, 47.8946587], [107.02275554, 47.89465235], [107.02277706, 47.89464835], [107.02279927, 47.89464682], [107.02282154, 47.89464779], [107.02284242, 47.89465105], [107.02286224, 47.89465652], [107.02288052, 47.89466404], [107.02289677, 47.89467343], [107.02291059, 47.89468445], [107.0233567, 47.89510422], [107.02335935, 47.89510681], [107.02385825, 47.89561274], [107.02449188, 47.89614802], [107.02449433, 47.89615016], [107.02493167, 47.89654337], [107.02493911, 47.8965508], [107.02529944, 47.89695954], [107.02580213, 47.89743403], [107.02580789, 47.89743996], [107.02671428, 47.89847842], [107.02671755, 47.89848239], [107.02767466, 47.8997178], [107.02856268, 47.90068263], [107.02994717, 47.90222265], [107.02995705, 47.90223603], [107.03042902, 47.90303652], [107.03042907, 47.90303661], [107.03043476, 47.90304872], [107.03043785, 47.90306126], [107.03043828, 47.90307396], [107.03043605, 47.90308658], [107.03043603, 47.90308664], [107.03036276, 47.90334414], [107.03035823, 47.90335576], [107.03034952, 47.90336942], [107.02843468, 47.90579401], [107.02661376, 47.90874856], [107.02635552, 47.91076937], [107.02635455, 47.91077496], [107.02635265, 47.9107817], [107.02585587, 47.91224397], [107.02585382, 47.91224924], [107.02501121, 47.9141816], [107.0241218, 47.91746096], [107.02351997, 47.91944097], [107.02346037, 47.9196577], [107.02343767, 47.92007885], [107.02381168, 47.92332016], [107.02415612, 47.92605009], [107.02415653, 47.92605476], [107.02420225, 47.92699721], [107.02420091, 47.92701282], [107.02405195, 47.92770031], [107.02404647, 47.92771573], [107.0240449, 47.9277187], [107.02392591, 47.92793252], [107.02391763, 47.92794458], [107.02372493, 47.92817386], [107.02371315, 47.92818561], [107.02371056, 47.92818774], [107.02271914, 47.92897494], [107.0227112, 47.92898071], [107.02240253, 47.92918632], [107.022397, 47.9291898], [107.02239232, 47.92919246], [107.01992307, 47.93053028], [107.01899709, 47.93104884], [107.01898781, 47.93105499], [107.01897768, 47.93106051], [107.01856993, 47.93126138], [107.01856073, 47.93126553], [107.01855547, 47.93126759], [107.01764918, 47.93160372], [107.01621917, 47.93211148], [107.01520819, 47.93245832], [107.01520574, 47.93246194], [107.0150717, 47.93230317], [107.01609578, 47.93195184], [107.01752198, 47.93144543], [107.01841861, 47.93111288], [107.01880142, 47.93092429], [107.01880423, 47.93092268], [107.01975335, 47.93039116], [107.02221898, 47.9290553], [107.02251862, 47.92885571], [107.02349809, 47.92807799], [107.02367888, 47.9278629], [107.02378919, 47.92766469], [107.02393433, 47.92699481], [107.02388913, 47.92606297], [107.02354492, 47.92333476], [107.02317026, 47.92008766], [107.02316991, 47.92008306], [107.02316995, 47.92007745], [107.02319328, 47.91964459], [107.02319466, 47.91963456], [107.02319542, 47.9196315], [107.02325728, 47.9194066], [107.02385905, 47.91742682], [107.02474921, 47.91414469], [107.02475245, 47.91413552], [107.0255959, 47.91220126], [107.02608973, 47.91074774], [107.02634894, 47.90871929], [107.02635226, 47.90870567], [107.02635864, 47.90869255], [107.02818995, 47.90572118], [107.02819539, 47.90571342], [107.03010378, 47.90329702], [107.03016596, 47.90307848], [107.02971246, 47.9023093], [107.02833447, 47.90077651], [107.02744442, 47.89980948], [107.02743968, 47.89980386], [107.02648186, 47.89856751], [107.02558084, 47.89753518], [107.02507832, 47.89706084], [107.0250727, 47.89705509], [107.02471316, 47.89664725], [107.02428135, 47.89625902], [107.02364536, 47.89572173], [107.02363854, 47.89571542], [107.02313771, 47.89520754], [107.02269297, 47.89478905]]]}, "geometry_name": "geom", "properties": {"guid": 87633, "id": 87633, "object_no": null, "object_name": null, "layer_type_id": 162, "valid_to": null, "address_no": null, "border_type": "solid", "border_width": null, "border_color": "#c16300", "border_opacity": 0.5, "border_wellknown": "shape://horizline", "fill_type": "color", "fill_color": "#c16300", "fill_opacity": 0.3, "fill_wellknown": null, "fill_shape_color": null, "fill_shape_width": null, "fill_shape_size": null, "fill_img_url": null, "marker_img_url": null}},{"type": "Feature", "id": "layer_data_map.fid--27e80436_1a098c1eed1_-5480", "geometry": {"type": "Polygon", "coordinates": [[[107.02843708, 47.89733201], [107.02870814, 47.89736099], [107.02937339, 47.89742518], [107.02937896, 47.89742581], [107.03006301, 47.89751316], [107.03037896, 47.89755687], [107.03095169, 47.89760765], [107.03096035, 47.89760866], [107.03115003, 47.89763524], [107.03116517, 47.89763799], [107.03117649, 47.89764092], [107.03124939, 47.89766244], [107.03126772, 47.89766903], [107.03128431, 47.89767746], [107.0313494, 47.89771621], [107.03136072, 47.8977238], [107.03148967, 47.89782137], [107.03149212, 47.89782327], [107.03173736, 47.89802004], [107.03190684, 47.89815712], [107.03210424, 47.8983065], [107.03210891, 47.89831024], [107.03230833, 47.89847912], [107.03258138, 47.8987096], [107.03268711, 47.89878648], [107.03268908, 47.89878794], [107.03269174, 47.89879003], [107.03307478, 47.89909966], [107.03308807, 47.89911255], [107.03309784, 47.89912678], [107.03310378, 47.89914195], [107.03310571, 47.89915757], [107.03310358, 47.89917318], [107.03309745, 47.89918831], [107.03308751, 47.89920249], [107.03307405, 47.8992153], [107.0330575, 47.89922634], [107.03303834, 47.89923528], [107.03301717, 47.89924184], [107.03299462, 47.89924584], [107.03297139, 47.89924714], [107.03294817, 47.8992457], [107.03292567, 47.89924158], [107.03290458, 47.89923489], [107.03288554, 47.89922585], [107.03286912, 47.89921471], [107.03248833, 47.89890689], [107.03238164, 47.89882932], [107.03237967, 47.89882786], [107.03237522, 47.89882429], [107.03209897, 47.8985911], [107.03190171, 47.89842406], [107.03170533, 47.89827545], [107.03170256, 47.89827327], [107.03153201, 47.89813533], [107.03128836, 47.89793984], [107.03116609, 47.89784734], [107.03112269, 47.8978215], [107.03108178, 47.89780943], [107.03091066, 47.89778545], [107.03033809, 47.89773469], [107.03032975, 47.89773373], [107.03001107, 47.89768963], [107.02933204, 47.89760292], [107.0286682, 47.89753887], [107.02839256, 47.89750941], [107.02838754, 47.8975088], [107.02819024, 47.89748249], [107.02802558, 47.89746198], [107.02748083, 47.89742204], [107.02700903, 47.89738099], [107.02700613, 47.89738071], [107.02676212, 47.89735544], [107.02662694, 47.89734583], [107.0265295, 47.89734503], [107.02640062, 47.89735249], [107.02622962, 47.89737339], [107.02620649, 47.89737484], [107.02618333, 47.89737357], [107.02616084, 47.89736963], [107.02613971, 47.89736313], [107.02612057, 47.89735427], [107.026104, 47.89734331], [107.0260905, 47.89733059], [107.02608048, 47.89731649], [107.02607423, 47.89730144], [107.02607196, 47.89728589], [107.02607372, 47.89727031], [107.02607947, 47.89725517], [107.02608902, 47.89724092], [107.0261021, 47.89722801], [107.0261183, 47.89721681], [107.02613715, 47.89720766], [107.02615806, 47.89720085], [107.02618041, 47.89719657], [107.02635897, 47.89717474], [107.02637142, 47.89717362], [107.0265131, 47.89716541], [107.02652106, 47.89716511], [107.0265262, 47.89716509], [107.02663645, 47.89716599], [107.02664888, 47.89716649], [107.0267934, 47.89717676], [107.0267994, 47.89717728], [107.02704498, 47.89720272], [107.02751251, 47.89724341], [107.02805953, 47.89728351], [107.0280648, 47.89728396], [107.02806939, 47.89728448], [107.02824061, 47.89730581], [107.02843708, 47.89733201]]]}, "geometry_name": "geom", "properties": {"guid": 87634, "id": 87634, "object_no": null, "object_name": null, "layer_type_id": 162, "valid_to": null, "address_no": null, "border_type": "solid", "border_width": null, "border_color": "#c16300", "border_opacity": 0.5, "border_wellknown": "shape://horizline", "fill_type": "color", "fill_color": "#c16300", "fill_opacity": 0.3, "fill_wellknown": null, "fill_shape_color": null, "fill_shape_width": null, "fill_shape_size": null, "fill_img_url": null, "marker_img_url": null}},{"type": "Feature", "id": "layer_data_map.fid--27e80436_1a098c1eed1_-547f", "geometry": {"type": "Polygon", "coordinates": [[[106.98241073, 47.8910968], [106.99235481, 47.8914905], [106.99236799, 47.89149147], [106.99464142, 47.89174945], [106.99465239, 47.89175101], [106.99724576, 47.89219829], [106.99725502, 47.89220012], [106.99725928, 47.89220114], [106.99968865, 47.89281056], [106.99969527, 47.89281236], [107.00149977, 47.89334031], [107.00237456, 47.8935611], [107.00377799, 47.89382259], [107.00603795, 47.89396853], [107.01365167, 47.89406742], [107.01365678, 47.89406755], [107.02065009, 47.89433822], [107.02066218, 47.89433906], [107.02067022, 47.89434004], [107.02282959, 47.89464877], [107.02285188, 47.89465335], [107.02287265, 47.89466047], [107.02289127, 47.89466991], [107.02290717, 47.89468137], [107.02291987, 47.89469452], [107.02292898, 47.89470896], [107.02293422, 47.89472423], [107.02293544, 47.89473989], [107.0229326, 47.89475545], [107.02292578, 47.89477045], [107.0229152, 47.89478442], [107.02290117, 47.89479694], [107.02288412, 47.89480763], [107.02286457, 47.89481617], [107.02284311, 47.8948223], [107.02282039, 47.89482582], [107.02279711, 47.89482664], [107.02277397, 47.89482473], [107.02062457, 47.89451743], [107.01364394, 47.89424724], [107.00602767, 47.89414833], [107.00601748, 47.89414793], [107.00374094, 47.89400092], [107.00374078, 47.89400091], [107.00371786, 47.89399806], [107.00229742, 47.89373341], [107.00229066, 47.89373202], [107.00228613, 47.89373094], [107.00140256, 47.89350792], [107.0013962, 47.89350619], [106.99959183, 47.89297828], [106.99717244, 47.89237136], [106.99459139, 47.89192621], [106.99233186, 47.8916698], [106.98238613, 47.89127604], [106.98237416, 47.8912752], [106.98236854, 47.89127455], [106.9723558, 47.88996823], [106.9709625, 47.88993665], [106.95728122, 47.89111759], [106.95727422, 47.89111807], [106.95681669, 47.89114118], [106.95414432, 47.89127617], [106.95413769, 47.89127639], [106.95413234, 47.89127641], [106.95395031, 47.8912746], [106.94800414, 47.8912203], [106.94799709, 47.89122011], [106.9465449, 47.89115524], [106.94653387, 47.89115443], [106.94652632, 47.89115352], [106.94526527, 47.89097566], [106.94525848, 47.89097458], [106.94373759, 47.89070373], [106.94372927, 47.89070205], [106.94371875, 47.89069933], [106.93884828, 47.8892827], [106.93837657, 47.88930096], [106.93729313, 47.88946074], [106.9349934, 47.88979893], [106.93209891, 47.89019859], [106.92998551, 47.8908767], [106.92819694, 47.89159424], [106.92624858, 47.89244737], [106.92624535, 47.89244874], [106.92623868, 47.89245131], [106.92478026, 47.89297572], [106.92476607, 47.89298013], [106.92474242, 47.89298473], [106.92417733, 47.89305386], [106.92415673, 47.89305529], [106.92413817, 47.89305473], [106.92115878, 47.89282514], [106.91764315, 47.89264615], [106.91671947, 47.8926143], [106.91605412, 47.89262541], [106.91571841, 47.89263681], [106.91507333, 47.89270644], [106.91505546, 47.89270754], [106.91504195, 47.89270731], [106.91378294, 47.8926426], [106.91377318, 47.89264186], [106.91375037, 47.89263814], [106.91262575, 47.89238188], [106.91260469, 47.89237568], [106.91258823, 47.89236855], [106.91131136, 47.89172204], [106.91129906, 47.89171499], [106.91128811, 47.89170699], [106.91047132, 47.89103271], [106.91016236, 47.89087474], [106.90954583, 47.89083353], [106.9095391, 47.89083296], [106.90952857, 47.8908316], [106.90946454, 47.89082152], [106.90926512, 47.89079012], [106.90043533, 47.88957615], [106.89826089, 47.88941012], [106.8975019, 47.88938661], [106.89651185, 47.88938094], [106.89576421, 47.88939869], [106.89503169, 47.88942252], [106.89311619, 47.88960441], [106.88925284, 47.89019078], [106.88924984, 47.89019121], [106.88924207, 47.8901921], [106.88606741, 47.89049312], [106.88294164, 47.89075509], [106.882928, 47.89075576], [106.87880531, 47.89080838], [106.87879394, 47.8908082], [106.87754251, 47.89075246], [106.87753516, 47.890752], [106.87435125, 47.89049085], [106.87434742, 47.89049049], [106.87433742, 47.89048921], [106.87175312, 47.89008884], [106.87174745, 47.89008787], [106.87015055, 47.88979041], [106.87014257, 47.88978874], [106.86768716, 47.88920365], [106.8661405, 47.88881546], [106.86495982, 47.88861702], [106.86385683, 47.88859543], [106.8597314, 47.88861838], [106.85972427, 47.88861829], [106.85401185, 47.88844487], [106.84857846, 47.88835176], [106.8485744, 47.88835164], [106.84796612, 47.88832875], [106.84795567, 47.88832808], [106.84123915, 47.88771683], [106.83721498, 47.88732358], [106.83720481, 47.88732229], [106.83643524, 47.88720386], [106.83642798, 47.8872026], [106.83055582, 47.88606237], [106.82386088, 47.88472462], [106.81573756, 47.88399719], [106.81528206, 47.88398828], [106.81351386, 47.88394549], [106.81350177, 47.88394483], [106.81327077, 47.88392503], [106.81327048, 47.883925], [106.8132698, 47.88392494], [106.80648067, 47.88331888], [106.80645588, 47.88331486], [106.80539085, 47.88306196], [106.80537259, 47.88305657], [106.80180969, 47.8817825], [106.80180953, 47.88178244], [106.80180801, 47.8817819], [106.79807628, 47.88046979], [106.79502072, 47.87944063], [106.79311466, 47.87878224], [106.79164529, 47.87825793], [106.7911592, 47.87811561], [106.79034896, 47.87795324], [106.79034433, 47.87795225], [106.79033628, 47.87795023], [106.78922463, 47.87764268], [106.78921133, 47.87763841], [106.78920422, 47.8776356], [106.78881822, 47.87747201], [106.78880594, 47.87746613], [106.78879728, 47.87746104], [106.78820692, 47.87708284], [106.78820129, 47.87707901], [106.78773209, 47.87674012], [106.78772934, 47.87673808], [106.78706164, 47.87622307], [106.78631, 47.87579023], [106.78595039, 47.87569839], [106.78486319, 47.87563753], [106.7842671, 47.87563868], [106.78375369, 47.87564717], [106.78349104, 47.87570182], [106.78265002, 47.8763047], [106.78263477, 47.87631406], [106.78261757, 47.87632174], [106.77514959, 47.87911881], [106.77513246, 47.87912419], [106.77142354, 47.88006591], [106.77140618, 47.88006943], [106.7708926, 47.88014857], [106.77088898, 47.88014909], [106.77087509, 47.88015045], [106.76943038, 47.88024051], [106.76853277, 47.88029015], [106.76759384, 47.88033721], [106.76559469, 47.88073965], [106.76419862, 47.88101497], [106.7641921, 47.88101613], [106.76036779, 47.88163116], [106.76034836, 47.88163328], [106.76032867, 47.88163346], [106.75980259, 47.88161218], [106.7597904, 47.88161131], [106.75978629, 47.88161085], [106.75690503, 47.88125226], [106.75688649, 47.88124902], [106.75686439, 47.88124243], [106.74968695, 47.87851734], [106.74571146, 47.87797637], [106.74188098, 47.87765378], [106.73816274, 47.87737633], [106.7378947, 47.87744736], [106.73787329, 47.87745166], [106.73785112, 47.87745349], [106.73782881, 47.87745282], [106.73630132, 47.8773202], [106.73220911, 47.87694767], [106.73220582, 47.87694734], [106.73153866, 47.87687177], [106.7315311, 47.87687076], [106.73102523, 47.87679306], [106.73101208, 47.87679056], [106.73100614, 47.8767891], [106.72540347, 47.87530976], [106.72438264, 47.87506169], [106.72046235, 47.8742966], [106.72045865, 47.87429583], [106.71892718, 47.8739643], [106.7176514, 47.873732], [106.71425591, 47.8735428], [106.71423294, 47.87354015], [106.714211, 47.87353486], [106.71419076, 47.87352708], [106.71417284, 47.87351706], [106.71415778, 47.87350509], [106.71414603, 47.87349155], [106.71413796, 47.87347684], [106.71413381, 47.87346141], [106.7141337, 47.87344573], [106.71413764, 47.87343027], [106.71414551, 47.87341551], [106.71415707, 47.8734019], [106.71417197, 47.87338984], [106.71418975, 47.87337971], [106.71420988, 47.8733718], [106.71423175, 47.87336637], [106.71425468, 47.87336358], [106.71427798, 47.87336351], [106.7176856, 47.87355338], [106.71769486, 47.87355411], [106.7177095, 47.87355619], [106.71900007, 47.87379119], [106.7190061, 47.87379239], [106.72053869, 47.87412417], [106.72446125, 47.8748897], [106.72446817, 47.8748912], [106.72549606, 47.87514098], [106.72549949, 47.87514185], [106.73109451, 47.87661916], [106.73158685, 47.87669478], [106.73224713, 47.87676958], [106.73633633, 47.87714184], [106.73782892, 47.87727143], [106.73809578, 47.87720071], [106.73811641, 47.87719653], [106.73813777, 47.87719463], [106.7381593, 47.87719506], [106.74191236, 47.87747511], [106.74574965, 47.87779827], [106.74575328, 47.87779861], [106.74575955, 47.87779936], [106.74976073, 47.87834383], [106.7497771, 47.87834679], [106.7497992, 47.87835338], [106.75697564, 47.88107809], [106.75982686, 47.88143293], [106.76032491, 47.88145308], [106.76412664, 47.88084168], [106.76551872, 47.88056715], [106.76753109, 47.88016205], [106.76754319, 47.88016002], [106.76755949, 47.88015852], [106.76851201, 47.88011078], [106.76940701, 47.88006129], [106.77084156, 47.87997186], [106.77133761, 47.87989543], [106.77502812, 47.87895839], [106.78246928, 47.87617137], [106.78332025, 47.87556135], [106.78333739, 47.87555101], [106.78335692, 47.8755428], [106.78337825, 47.87553697], [106.78369239, 47.87547161], [106.78370564, 47.87546935], [106.78372861, 47.87546762], [106.784262, 47.87545881], [106.7842621, 47.87545881], [106.78426355, 47.87545879], [106.78426679, 47.87545878], [106.78486816, 47.87545761], [106.78487963, 47.87545793], [106.78599133, 47.87552015], [106.7860098, 47.87552207], [106.7860277, 47.8755257], [106.78642669, 47.8756276], [106.78644744, 47.87563433], [106.78646618, 47.87564336], [106.78724294, 47.87609065], [106.78725658, 47.87609973], [106.78792927, 47.87661859], [106.78839423, 47.87695441], [106.78897204, 47.87732457], [106.78933701, 47.87747924], [106.79043176, 47.87778212], [106.7912433, 47.87794475], [106.79124794, 47.87794574], [106.79125849, 47.87794848], [106.79175674, 47.87809435], [106.79176604, 47.87809737], [106.79323834, 47.87862273], [106.79514174, 47.8792802], [106.79819813, 47.88030964], [106.80193423, 47.88162329], [106.80193451, 47.88162339], [106.8054893, 47.88289455], [106.80653093, 47.8831419], [106.81330322, 47.88374645], [106.81330429, 47.88374654], [106.81330624, 47.88374671], [106.81352956, 47.88376585], [106.81529065, 47.88380847], [106.81575224, 47.8838175], [106.815766, 47.88381825], [106.82390778, 47.88454733], [106.823927, 47.88455015], [106.830631, 47.88588971], [106.83649855, 47.88702905], [106.83725922, 47.88714611], [106.8412763, 47.88753867], [106.84798631, 47.88814933], [106.84858732, 47.88817195], [106.85402002, 47.88826505], [106.85402265, 47.88826511], [106.85402293, 47.88826512], [106.85973277, 47.88843846], [106.86385716, 47.88841553], [106.86385732, 47.88841553], [106.86386231, 47.88841556], [106.86498208, 47.88843747], [106.86499823, 47.88843845], [106.86501062, 47.88844012], [106.86621264, 47.88864215], [106.86622291, 47.88864417], [106.86622698, 47.88864514], [106.8677786, 47.88903459], [106.87022646, 47.88961788], [106.87181603, 47.88991397], [106.87439061, 47.89031284], [106.87756387, 47.89057311], [106.87880593, 47.89062843], [106.88291554, 47.89057598], [106.88603226, 47.89031478], [106.8891993, 47.89001447], [106.89306264, 47.88942811], [106.89306564, 47.88942768], [106.89307339, 47.88942678], [106.89499997, 47.88924385], [106.8950004, 47.88924381], [106.89501263, 47.88924303], [106.89575297, 47.88921895], [106.89650606, 47.88920107], [106.8965112, 47.88920103], [106.8975067, 47.88920673], [106.89751172, 47.88920682], [106.89827766, 47.88923054], [106.8982866, 47.88923102], [106.90047139, 47.88939784], [106.90047629, 47.88939828], [106.9004831, 47.88939909], [106.90932055, 47.89061412], [106.90932426, 47.89061467], [106.90952551, 47.89064636], [106.90958101, 47.89065509], [106.91022643, 47.89069824], [106.91024458, 47.89070031], [106.91026213, 47.89070403], [106.91027876, 47.89070934], [106.91029415, 47.89071614], [106.91064588, 47.89089598], [106.9106579, 47.89090292], [106.91066863, 47.89091077], [106.91148522, 47.89158488], [106.91273194, 47.89221613], [106.91382011, 47.89246409], [106.91504656, 47.89252712], [106.91568321, 47.89245841], [106.91569766, 47.89245739], [106.91604235, 47.89244568], [106.91604578, 47.89244559], [106.91671792, 47.89243437], [106.91672808, 47.89243446], [106.91765846, 47.89246654], [106.91766171, 47.89246667], [106.92118156, 47.89264589], [106.92118669, 47.89264621], [106.92414895, 47.89287448], [106.92467264, 47.89281042], [106.92610748, 47.89229449], [106.92805319, 47.89144252], [106.92805704, 47.8914409], [106.92985381, 47.89072006], [106.92986474, 47.89071613], [106.93199845, 47.8900315], [106.93200717, 47.89002895], [106.93202915, 47.89002457], [106.93493794, 47.88962293], [106.93723592, 47.889285], [106.93833071, 47.88912355], [106.93835061, 47.88912176], [106.93886419, 47.88910188], [106.93886457, 47.88910187], [106.93888531, 47.88910215], [106.93890573, 47.88910458], [106.93892535, 47.88910911], [106.94381573, 47.89053154], [106.94532357, 47.89080007], [106.94657201, 47.89097615], [106.94801128, 47.89104045], [106.95395409, 47.89109472], [106.95413028, 47.89109647], [106.95679666, 47.89096178], [106.95725069, 47.89093885], [106.97093917, 47.88975729], [106.97095279, 47.88975659], [106.97096071, 47.88975661], [106.97237538, 47.88978867], [106.97239073, 47.88978962], [106.97239635, 47.88979027], [106.98241073, 47.8910968]]]}, "geometry_name": "geom", "properties": {"guid": 87635, "id": 87635, "object_no": null, "object_name": null, "layer_type_id": 162, "valid_to": null, "address_no": null, "border_type": "solid", "border_width": null, "border_color": "#c16300", "border_opacity": 0.5, "border_wellknown": "shape://horizline", "fill_type": "color", "fill_color": "#c16300", "fill_opacity": 0.3, "fill_wellknown": null, "fill_shape_color": null, "fill_shape_width": null, "fill_shape_size": null, "fill_img_url": null, "marker_img_url": null}},{"type": "Feature", "id": "layer_data_map.fid--27e80436_1a098c1eed1_-547e", "geometry": {"type": "Polygon", "coordinates": [[[106.92085376, 47.9699675], [106.92077617, 47.97012245], [106.9207562, 47.97024011], [106.92077101, 47.97030034], [106.92081245, 47.97042049], [106.92105341, 47.9708783], [106.9217636, 47.9721882], [106.92207522, 47.97273644], [106.92223904, 47.9729544], [106.92251543, 47.97317545], [106.92402647, 47.9741854], [106.92485021, 47.97475468], [106.92516163, 47.97501195], [106.92576806, 47.97518133], [106.92671444, 47.97596785], [106.92706367, 47.97724188], [106.9266446, 47.97741127], [106.92655752, 47.97782591], [106.92653757, 47.97809055], [106.92656174, 47.97815035], [106.92661119, 47.97819365], [106.92668345, 47.97831103], [106.92680487, 47.97842288], [106.92684692, 47.97844541], [106.92660803, 47.97850219], [106.92660811, 47.97862921], [106.92657021, 47.97896421], [106.92657319, 47.97925274], [106.92660642, 47.97945204], [106.92660109, 47.97997333], [106.92660449, 47.9799882], [106.92663659, 47.98002834], [106.92689695, 47.98010839], [106.9268454, 47.98030348], [106.92673569, 47.98030686], [106.92661268, 47.98029334], [106.92658159, 47.980286], [106.92656739, 47.98043674], [106.92657086, 47.98103425], [106.92655557, 47.9825299], [106.92661629, 47.98280621], [106.92676215, 47.98298794], [106.92729669, 47.98351633], [106.92749348, 47.9836781], [106.92785059, 47.98379734], [106.92815708, 47.98399446], [106.9279098, 47.98413267], [106.92790507, 47.98413037], [106.92931234, 47.9855863], [106.93042467, 47.98679613], [106.93144763, 47.98791269], [106.93145724, 47.98792087], [106.93155993, 47.98799006], [106.93161262, 47.98803304], [106.93172138, 47.98817153], [106.93179693, 47.98830217], [106.93206818, 47.98857597], [106.93216103, 47.9887067], [106.9324964, 47.98910702], [106.93250552, 47.98913222], [106.93276814, 47.98940247], [106.93255465, 47.98952807], [106.93286947, 47.9898918], [106.93306096, 47.99010715], [106.9331371, 47.99018693], [106.93329675, 47.99031093], [106.93360042, 47.99059186], [106.93386009, 47.99077914], [106.93440129, 47.99099988], [106.93446869, 47.9909915], [106.93452989, 47.99123474], [106.93434097, 47.99127761], [106.93360366, 47.99096581], [106.93351644, 47.99091293], [106.9331465, 47.99062561], [106.93285495, 47.99033939], [106.93229635, 47.98974673], [106.93183354, 47.99022912], [106.93197848, 47.99108848], [106.93089016, 47.99285779], [106.93057257, 47.99368878], [106.92946576, 47.99367945], [106.92949095, 47.99306422], [106.92949887, 47.99300608], [106.9296786, 47.99264681], [106.92999186, 47.99241227], [106.93033211, 47.99202662], [106.93020418, 47.99020294], [106.93019384, 47.98944786], [106.93022226, 47.98933812], [106.93036095, 47.98898804], [106.93036951, 47.9888197], [106.93037547, 47.98851381], [106.93034829, 47.98839935], [106.92921363, 47.98659071], [106.9287458, 47.98591734], [106.92761454, 47.98491355], [106.92702431, 47.98436496], [106.92558844, 47.98289665], [106.92540632, 47.98255367], [106.92559099, 47.9819214], [106.92561416, 47.98128429], [106.92568614, 47.98070162], [106.9257551, 47.98033373], [106.92575134, 47.98029696], [106.92570293, 47.98016088], [106.92563049, 47.97985189], [106.9255917, 47.97722683], [106.92549222, 47.97703902], [106.92363295, 47.97666983], [106.9221809, 47.97638391], [106.92178514, 47.97627533], [106.92166764, 47.97606883], [106.92172135, 47.97589551], [106.92174099, 47.97574481], [106.92177285, 47.97543077], [106.92178682, 47.97529818], [106.92177575, 47.97527029], [106.92125713, 47.97466484], [106.92063012, 47.97392343], [106.92020706, 47.9734295], [106.91985342, 47.97301734], [106.91980331, 47.97277819], [106.91973445, 47.9722857], [106.91960467, 47.97169383], [106.91956191, 47.9712639], [106.91954442, 47.97096362], [106.91937221, 47.97029951], [106.91934437, 47.97008725], [106.92064147, 47.96997787], [106.92085376, 47.9699675]]]}, "geometry_name": "geom", "properties": {"guid": 87636, "id": 87636, "object_no": null, "object_name": null, "layer_type_id": 162, "valid_to": null, "address_no": null, "border_type": "solid", "border_width": null, "border_color": "#c16300", "border_opacity": 0.5, "border_wellknown": "shape://horizline", "fill_type": "color", "fill_color": "#c16300", "fill_opacity": 0.3, "fill_wellknown": null, "fill_shape_color": null, "fill_shape_width": null, "fill_shape_size": null, "fill_img_url": null, "marker_img_url": null}},{"type": "Feature", "id": "layer_data_map.fid--27e80436_1a098c1eed1_-547d", "geometry": {"type": "Polygon", "coordinates": [[[106.97576178, 47.91371584], [106.9757684, 47.91371199], [106.97577539, 47.91370844], [106.9757827, 47.91370521], [106.97579032, 47.9137023], [106.97579819, 47.91369974], [106.97580093, 47.91369894], [106.97587384, 47.91367845], [106.97587922, 47.91367703], [106.97588034, 47.91367675], [106.97591403, 47.91366864], [106.9759155, 47.91366753], [106.9759187, 47.91366518], [106.97592493, 47.91366105], [106.97593155, 47.9136572], [106.97593854, 47.91365365], [106.97594585, 47.91365042], [106.97595347, 47.91364751], [106.97595498, 47.91364702], [106.97595597, 47.91364459], [106.97595884, 47.91363903], [106.97596225, 47.9136336], [106.97596618, 47.91362834], [106.97597061, 47.91362327], [106.97597553, 47.9136184], [106.97598091, 47.91361375], [106.97598143, 47.91361334], [106.97600085, 47.91359785], [106.97605386, 47.9135548], [106.9760541, 47.9135546], [106.97605724, 47.91355215], [106.97613034, 47.91349726], [106.97630558, 47.91334411], [106.97630667, 47.91334302], [106.97631205, 47.91333838], [106.97631787, 47.91333398], [106.97632072, 47.91333203], [106.97633215, 47.91332442], [106.9764117, 47.9132708], [106.97641563, 47.91326825], [106.97646351, 47.91323851], [106.97646355, 47.91323849], [106.9764652, 47.91323748], [106.97653133, 47.91319778], [106.97653161, 47.91319762], [106.97669544, 47.91309982], [106.9768005, 47.91302624], [106.97680098, 47.9130259], [106.97680103, 47.91302587], [106.97680152, 47.91302552], [106.97681159, 47.91301855], [106.97681203, 47.91301825], [106.97692542, 47.91294048], [106.97701702, 47.91287487], [106.97701758, 47.91287447], [106.97702044, 47.91287251], [106.97711819, 47.91280744], [106.97711858, 47.91280718], [106.97723418, 47.91273085], [106.97732911, 47.9126651], [106.97736254, 47.91264183], [106.97736804, 47.91263821], [106.97737018, 47.91263696], [106.97737067, 47.91263662], [106.97743847, 47.91259707], [106.97745238, 47.91258998], [106.97773889, 47.91246268], [106.97774282, 47.912461], [106.97776369, 47.91245401], [106.97777786, 47.91245087], [106.97822263, 47.91237033], [106.97823083, 47.91236903], [106.978254, 47.91236726], [106.97825781, 47.91236723], [106.97885147, 47.91236837], [106.97911663, 47.91237], [106.97911669, 47.91237], [106.9793547, 47.91237102], [106.97958728, 47.91237249], [106.9797749, 47.91237401], [106.97978117, 47.91237416], [106.97994531, 47.91238068], [106.97995726, 47.91238152], [106.97996057, 47.91238206], [106.97996673, 47.91238182], [106.97997548, 47.91238186], [106.97998354, 47.91238224], [106.98014235, 47.91239297], [106.98016195, 47.91239426], [106.98047406, 47.91241036], [106.9804751, 47.91241042], [106.98068335, 47.91242226], [106.98068613, 47.91242244], [106.98069104, 47.91242285], [106.98070237, 47.91242394], [106.98082527, 47.91243527], [106.98082983, 47.91243574], [106.9808384, 47.91243693], [106.98084464, 47.91243808], [106.98084619, 47.91243822], [106.98088214, 47.91244224], [106.98088292, 47.91244233], [106.9808915, 47.91244352], [106.98089244, 47.91244367], [106.98094713, 47.9124528], [106.98095432, 47.91245415], [106.98112508, 47.91248956], [106.98112538, 47.91248962], [106.98113188, 47.9124911], [106.98113366, 47.91249155], [106.98119949, 47.91250785], [106.98120127, 47.91250829], [106.9812047, 47.91250922], [106.98137544, 47.91254971], [106.98146183, 47.91256548], [106.98146369, 47.91256583], [106.98153314, 47.91257923], [106.98166785, 47.91260302], [106.98174004, 47.91261086], [106.9817405, 47.91261088], [106.98174146, 47.91261096], [106.98185537, 47.91261961], [106.98185633, 47.91261968], [106.98185898, 47.9126199], [106.98190809, 47.91262429], [106.98231678, 47.91265751], [106.98231875, 47.91265761], [106.98238534, 47.91266229], [106.98238549, 47.9126623], [106.98238918, 47.91266259], [106.98251946, 47.91267431], [106.98268887, 47.91268847], [106.98268898, 47.91268848], [106.98282228, 47.9126997], [106.98282779, 47.91270024], [106.98286315, 47.91270423], [106.98286375, 47.9127043], [106.98287052, 47.9127052], [106.98291235, 47.91271156], [106.98291415, 47.91271184], [106.98292187, 47.91271326], [106.98298439, 47.91272607], [106.98298511, 47.91272622], [106.9829882, 47.91272689], [106.98302371, 47.91273496], [106.98309052, 47.91274988], [106.98309633, 47.91275129], [106.98310067, 47.91275246], [106.9831301, 47.91276087], [106.98330702, 47.91279593], [106.98330825, 47.91279617], [106.98337164, 47.91280829], [106.98337479, 47.91280892], [106.98338306, 47.91281085], [106.98339112, 47.91281314], [106.98339895, 47.91281578], [106.98340486, 47.91281808], [106.983428, 47.91282759], [106.98342963, 47.91282827], [106.98343688, 47.91283158], [106.98344379, 47.91283519], [106.98345033, 47.91283911], [106.98345648, 47.9128433], [106.98345926, 47.91284539], [106.98347789, 47.91285983], [106.98348083, 47.91286219], [106.98348611, 47.91286688], [106.98348634, 47.91286711], [106.98350487, 47.91288486], [106.98350945, 47.91288955], [106.98351376, 47.91289466], [106.98357412, 47.91297185], [106.98357609, 47.91297448], [106.98358505, 47.91298692], [106.98363453, 47.91304789], [106.9836607, 47.91307825], [106.98366338, 47.91308151], [106.98366603, 47.9130851], [106.98372427, 47.91316843], [106.98373065, 47.91317328], [106.98376008, 47.91319373], [106.98383315, 47.91324001], [106.98383356, 47.91324027], [106.98383649, 47.91324219], [106.98389703, 47.9132833], [106.98390024, 47.91328556], [106.98390078, 47.91328595], [106.98393688, 47.91331255], [106.98397316, 47.91333676], [106.98401391, 47.91336117], [106.98409044, 47.9134037], [106.98418039, 47.91345269], [106.98429562, 47.91349316], [106.98437065, 47.91351499], [106.98437359, 47.91351587], [106.98438141, 47.91351851], [106.98438896, 47.91352149], [106.98439621, 47.91352479], [106.98440071, 47.91352715], [106.98440574, 47.91352858], [106.98441356, 47.91353122], [106.98441785, 47.91353285], [106.98445629, 47.91354816], [106.98456562, 47.91358591], [106.98458928, 47.91359371], [106.98459431, 47.91359545], [106.98459874, 47.91359714], [106.98475403, 47.91365916], [106.98475509, 47.91365959], [106.98493449, 47.91373275], [106.98493565, 47.91373322], [106.98499413, 47.91375762], [106.9851202, 47.91380775], [106.98522061, 47.91384539], [106.98522185, 47.91384586], [106.98523711, 47.91385172], [106.98532153, 47.91388359], [106.98532228, 47.91388388], [106.98537962, 47.91390585], [106.98538295, 47.91390663], [106.98539102, 47.91390892], [106.98539884, 47.91391156], [106.98540522, 47.91391405], [106.98543174, 47.91392505], [106.98543291, 47.91392554], [106.98544016, 47.91392885], [106.98544189, 47.91392971], [106.98544548, 47.913931], [106.98544642, 47.91393134], [106.98545397, 47.91393432], [106.98546122, 47.91393762], [106.98546635, 47.91394031], [106.9854668, 47.91394051], [106.9854679, 47.91394112], [106.98546813, 47.91394124], [106.9854735, 47.91394422], [106.98548885, 47.91395243], [106.98550513, 47.91396276], [106.98552118, 47.91397479], [106.98553239, 47.91398452], [106.98554224, 47.9139944], [106.98554521, 47.91399751], [106.98554675, 47.91399925], [106.98555824, 47.91401254], [106.98556586, 47.9140228], [106.98557619, 47.91403925], [106.98557742, 47.91404129], [106.98558142, 47.91404917], [106.98559009, 47.91406928], [106.98559291, 47.91407712], [106.98560757, 47.9141299], [106.98560956, 47.91414056], [106.98561148, 47.91416036], [106.98561174, 47.91416428], [106.98561261, 47.91419809], [106.98561249, 47.91420382], [106.98560966, 47.91424483], [106.98560863, 47.91425253], [106.98560148, 47.91428859], [106.98560001, 47.91429429], [106.98554941, 47.91445805], [106.98554876, 47.91446002], [106.98551227, 47.91456609], [106.98547428, 47.91467148], [106.98543537, 47.91477457], [106.98541242, 47.91483667], [106.98539401, 47.91488708], [106.98538038, 47.91492664], [106.98536618, 47.91498091], [106.98533856, 47.91512162], [106.98530816, 47.91529611], [106.985283, 47.9154749], [106.98525739, 47.91565952], [106.98523561, 47.91583462], [106.98520579, 47.91603756], [106.98519258, 47.91612355], [106.98518634, 47.91616383], [106.98518494, 47.91618177], [106.98518468, 47.91619319], [106.9851864, 47.91620186], [106.98528269, 47.91622663], [106.98535217, 47.91622389], [106.98535519, 47.91622379], [106.98552783, 47.91621959], [106.98552921, 47.91621956], [106.98569411, 47.9162167], [106.98570153, 47.91621671], [106.98574728, 47.91621762], [106.98574863, 47.91621765], [106.98575736, 47.91621808], [106.98575949, 47.91621824], [106.98579062, 47.91622079], [106.98579717, 47.91622143], [106.98580025, 47.91622182], [106.98586921, 47.91623092], [106.9859033, 47.91623512], [106.98592897, 47.91623717], [106.98596539, 47.91624007], [106.98598006, 47.91624012], [106.98598223, 47.91624014], [106.98602284, 47.91624073], [106.98604218, 47.91624063], [106.98605772, 47.91624016], [106.9860736, 47.91623821], [106.98611437, 47.91623197], [106.98611458, 47.91623194], [106.98611509, 47.91623186], [106.9861248, 47.91623042], [106.98613167, 47.91622952], [106.98617858, 47.91622424], [106.9861798, 47.91622411], [106.98618724, 47.91622346], [106.9862255, 47.91622086], [106.98623758, 47.91621942], [106.98624018, 47.91621912], [106.98624887, 47.9162184], [106.98625288, 47.91621819], [106.98641229, 47.91621163], [106.98641702, 47.9162115], [106.98641915, 47.91621147], [106.98643655, 47.91621136], [106.98643706, 47.91621135], [106.98651736, 47.91621103], [106.98651829, 47.91621103], [106.98664145, 47.9162111], [106.98664498, 47.91621114], [106.98670668, 47.91621227], [106.98686633, 47.91621391], [106.98686811, 47.91621394], [106.98690818, 47.91621471], [106.98690948, 47.91621474], [106.98692458, 47.91621513], [106.98692476, 47.91621514], [106.98693349, 47.91621556], [106.98693755, 47.91621589], [106.98696193, 47.91621813], [106.98696407, 47.91621834], [106.98699574, 47.91622159], [106.98703246, 47.91622518], [106.98703574, 47.91622553], [106.98709231, 47.91623202], [106.98709251, 47.91623205], [106.98709957, 47.916233], [106.98714415, 47.91623984], [106.98714484, 47.91623992], [106.9873419, 47.91626588], [106.98734747, 47.9162667], [106.98735591, 47.91626826], [106.98736418, 47.91627019], [106.98737224, 47.91627248], [106.98737964, 47.91627497], [106.98738007, 47.91627512], [106.98740383, 47.91628373], [106.98740426, 47.91628388], [106.98741181, 47.91628686], [106.98741906, 47.91629017], [106.98742597, 47.91629378], [106.98743251, 47.91629769], [106.98743866, 47.91630189], [106.98744438, 47.91630634], [106.98744967, 47.91631103], [106.98745448, 47.91631595], [106.9874588, 47.91632107], [106.98746262, 47.91632636], [106.98746592, 47.91633182], [106.98746867, 47.9163374], [106.98747088, 47.9163431], [106.98747253, 47.91634888], [106.98747361, 47.91635472], [106.98747412, 47.9163606], [106.98747414, 47.91636105], [106.98747679, 47.91644692], [106.98747681, 47.9164482], [106.9874769, 47.91645725], [106.9874768, 47.91646141], [106.98747677, 47.91646193], [106.98747535, 47.91648288], [106.98747534, 47.91648304], [106.98746669, 47.916606], [106.98746559, 47.91662682], [106.98746557, 47.91662719], [106.98746544, 47.91662886], [106.98745872, 47.91670631], [106.98745868, 47.91670677], [106.98744856, 47.91681374], [106.98744095, 47.91690905], [106.98743842, 47.91694438], [106.98743822, 47.91694664], [106.9874314, 47.91700927], [106.98743705, 47.91701002], [106.98747408, 47.91701193], [106.98747793, 47.91701216], [106.98747803, 47.91701217], [106.98749577, 47.91701344], [106.98752196, 47.91701305], [106.98755597, 47.91701253], [106.98760343, 47.91700935], [106.98765004, 47.91700521], [106.9876962, 47.91699977], [106.98780294, 47.91698384], [106.98781107, 47.9169828], [106.98781976, 47.91698208], [106.98782232, 47.91698198], [106.98782857, 47.91697994], [106.98783668, 47.91697773], [106.98784499, 47.91697587], [106.98785346, 47.91697439], [106.98785575, 47.91697406], [106.98789833, 47.91696812], [106.98794296, 47.91696123], [106.98796304, 47.91695773], [106.98796712, 47.91695707], [106.98797387, 47.91695617], [106.9880204, 47.91695078], [106.98802225, 47.91695057], [106.98802861, 47.91695], [106.98805424, 47.91694812], [106.98805657, 47.91694796], [106.98806202, 47.9169477], [106.98814829, 47.91694478], [106.98815158, 47.91694469], [106.98815808, 47.91694471], [106.98819322, 47.9169436], [106.98819728, 47.91694327], [106.98820602, 47.91694293], [106.98821234, 47.91694292], [106.9882305, 47.91694318], [106.98833799, 47.91694322], [106.98834202, 47.91694327], [106.98839648, 47.91694439], [106.98839768, 47.91694442], [106.98840142, 47.91694456], [106.9884048, 47.91694471], [106.98840979, 47.916945], [106.98841846, 47.91694581], [106.98842368, 47.91694649], [106.98850103, 47.91695759], [106.98850438, 47.9169581], [106.98851283, 47.91695966], [106.98851349, 47.9169598], [106.9885353, 47.91696444], [106.9885429, 47.91696623], [106.98854676, 47.91696728], [106.98866932, 47.91700192], [106.98867026, 47.91700219], [106.98879064, 47.91703695], [106.98883739, 47.91704864], [106.98887815, 47.91705739], [106.98890074, 47.91706171], [106.9889356, 47.91706791], [106.98893567, 47.91706792], [106.98894312, 47.91706897], [106.98894848, 47.91706992], [106.98902891, 47.91708532], [106.98903199, 47.91708593], [106.98904026, 47.91708786], [106.98904833, 47.91709015], [106.98904885, 47.91709033], [106.98906818, 47.91709638], [106.98908918, 47.91710273], [106.98909038, 47.9171031], [106.98909111, 47.91710333], [106.98911251, 47.91711007], [106.9891196, 47.91711248], [106.98911969, 47.91711251], [106.98914166, 47.91712055], [106.98914913, 47.9171235], [106.98915235, 47.91712491], [106.98925484, 47.91717124], [106.98940373, 47.91723718], [106.98940879, 47.91723953], [106.98945002, 47.91725967], [106.98946824, 47.91726822], [106.98949464, 47.91727932], [106.98949508, 47.91727951], [106.98950232, 47.91728282], [106.98950514, 47.91728423], [106.98950956, 47.91728651], [106.98955455, 47.91730353], [106.98959875, 47.91730922], [106.98963932, 47.91731163], [106.98971488, 47.91731494], [106.98971755, 47.91731507], [106.98981909, 47.91732089], [106.98995739, 47.9173281], [106.98996108, 47.91732833], [106.98996649, 47.91732879], [106.98999356, 47.91733146], [106.98999683, 47.91733181], [106.9900054, 47.917333], [106.99001385, 47.91733457], [106.99001501, 47.91733481], [106.9900455, 47.91734139], [106.99004786, 47.91734187], [106.99004894, 47.91734209], [106.99005109, 47.9173426], [106.99005172, 47.9173427], [106.99005248, 47.91734292], [106.99005722, 47.91734402], [106.99006528, 47.91734632], [106.99007311, 47.91734896], [106.99007735, 47.91735057], [106.99013163, 47.91737216], [106.99014683, 47.9173792], [106.99015433, 47.91738353], [106.99017214, 47.9173946], [106.99018155, 47.91740107], [106.99019542, 47.91741368], [106.99020582, 47.91742771], [106.99021214, 47.91744181], [106.99032089, 47.9177831], [106.99046098, 47.91794168], [106.99046193, 47.917942], [106.99046948, 47.91794498], [106.99047673, 47.91794828], [106.99048364, 47.9179519], [106.99049018, 47.91795581], [106.99049633, 47.91796], [106.99050206, 47.91796445], [106.99050734, 47.91796915], [106.99051215, 47.91797407], [106.99051431, 47.91797652], [106.99054014, 47.91800701], [106.99054231, 47.91800968], [106.99054613, 47.91801497], [106.99054943, 47.91802043], [106.99055218, 47.91802601], [106.99055439, 47.91803171], [106.99055604, 47.91803749], [106.99055712, 47.91804333], [106.99055763, 47.91804921], [106.99055757, 47.91805509], [106.99055694, 47.91806096], [106.99055574, 47.91806679], [106.99055397, 47.91807256], [106.99055164, 47.91807823], [106.99054948, 47.91808253], [106.99054942, 47.91808277], [106.99054765, 47.91808853], [106.99054532, 47.9180942], [106.99054245, 47.91809977], [106.99053905, 47.91810519], [106.99053512, 47.91811045], [106.99053069, 47.91811553], [106.99052577, 47.9181204], [106.99052039, 47.91812504], [106.99051458, 47.91812944], [106.99050834, 47.91813357], [106.99050172, 47.91813742], [106.99049473, 47.91814097], [106.99048742, 47.91814421], [106.99047981, 47.91814712], [106.99047609, 47.91814833], [106.99047516, 47.9181488], [106.99046785, 47.91815204], [106.99046023, 47.91815494], [106.99045235, 47.91815751], [106.99044424, 47.91815973], [106.99043593, 47.91816158], [106.99042746, 47.91816306], [106.99041886, 47.91816417], [106.99041017, 47.9181649], [106.99040143, 47.91816524], [106.99039267, 47.9181652], [106.99038394, 47.91816478], [106.99037526, 47.91816397], [106.99036669, 47.91816278], [106.99035825, 47.91816122], [106.99035609, 47.91816075], [106.99035348, 47.91816047], [106.9903449, 47.91815928], [106.99033646, 47.91815772], [106.99032819, 47.91815579], [106.99032012, 47.9181535], [106.9903123, 47.91815086], [106.99030474, 47.91814788], [106.9902975, 47.91814457], [106.99029059, 47.91814096], [106.99028405, 47.91813705], [106.9902779, 47.91813286], [106.99027217, 47.9181284], [106.99026689, 47.91812371], [106.99026322, 47.91812004], [106.9902336, 47.91808867], [106.99023245, 47.91808742], [106.99022812, 47.91808231], [106.9902243, 47.91807701], [106.99022101, 47.91807156], [106.99021825, 47.91806597], [106.99021604, 47.91806027], [106.9902144, 47.91805449], [106.99021331, 47.91804865], [106.9902128, 47.91804277], [106.99021284, 47.91803919], [106.99006251, 47.91786705], [106.99005339, 47.91785445], [106.99004716, 47.91784064], [106.98994506, 47.91752513], [106.98993818, 47.91752414], [106.98990128, 47.91751953], [106.98979417, 47.91751425], [106.98969698, 47.91750982], [106.98969637, 47.9175098], [106.98961695, 47.91750594], [106.98961256, 47.91750567], [106.9896125, 47.91750567], [106.98956153, 47.91750204], [106.98955291, 47.91750123], [106.98955125, 47.917501], [106.98955091, 47.91750097], [106.98954635, 47.91750039], [106.98951682, 47.91749626], [106.98947979, 47.91749128], [106.98947472, 47.91749053], [106.98946906, 47.91748953], [106.98944834, 47.91748553], [106.98944556, 47.91748497], [106.98943729, 47.91748304], [106.98942922, 47.91748075], [106.9894214, 47.91747811], [106.98942103, 47.91747798], [106.98939685, 47.91746907], [106.98939017, 47.91746644], [106.98936607, 47.91745631], [106.98932984, 47.91744129], [106.98932864, 47.91744079], [106.98932392, 47.91743869], [106.98925766, 47.91740785], [106.98925716, 47.91740762], [106.9892179, 47.91738916], [106.98909473, 47.91733197], [106.98898237, 47.91728387], [106.98897364, 47.91728036], [106.9889618, 47.91727771], [106.98895615, 47.91727635], [106.98895181, 47.91727517], [106.9889395, 47.91727165], [106.98886529, 47.91725827], [106.98886105, 47.91725745], [106.98886022, 47.91725728], [106.98881592, 47.91724824], [106.98881509, 47.91724806], [106.98881405, 47.91724784], [106.98873934, 47.91723177], [106.98873542, 47.91723088], [106.9886618, 47.91721334], [106.98865851, 47.91721252], [106.98865277, 47.91721094], [106.98853454, 47.91717608], [106.98843671, 47.91714852], [106.98843237, 47.91714723], [106.98842832, 47.91714592], [106.98842548, 47.91714496], [106.98838065, 47.91713966], [106.98836275, 47.91713937], [106.98836214, 47.91713936], [106.98827966, 47.9171378], [106.98823505, 47.91713747], [106.98822681, 47.91713801], [106.98821922, 47.91713862], [106.98821048, 47.91713896], [106.98820517, 47.91713894], [106.98820386, 47.91713897], [106.98820172, 47.91713893], [106.98815799, 47.91713824], [106.98810276, 47.91714013], [106.98805926, 47.91714462], [106.98801163, 47.91715051], [106.98796522, 47.91715746], [106.98792394, 47.91716452], [106.98792298, 47.91716468], [106.98791602, 47.91716584], [106.98791346, 47.91716624], [106.98790486, 47.91716735], [106.98789714, 47.917168], [106.98789322, 47.91716928], [106.98788511, 47.91717149], [106.9878768, 47.91717334], [106.98786833, 47.91717483], [106.98786704, 47.91717502], [106.98775602, 47.9171911], [106.987753, 47.91719151], [106.98770001, 47.91719834], [106.98769571, 47.91719884], [106.98769012, 47.91719935], [106.98763805, 47.91720338], [106.98758361, 47.91720774], [106.98757997, 47.917208], [106.98757301, 47.9172083], [106.98754322, 47.91720908], [106.98754144, 47.91720912], [106.9875386, 47.91720915], [106.98748977, 47.9172093], [106.98746412, 47.91720976], [106.98746396, 47.91720977], [106.9874552, 47.91720973], [106.98744819, 47.91720941], [106.98739735, 47.91720625], [106.98739563, 47.91720614], [106.98738695, 47.91720533], [106.98737838, 47.91720414], [106.98736993, 47.91720258], [106.98736489, 47.91720145], [106.98733548, 47.91719443], [106.9873354, 47.91719441], [106.9873163, 47.91718984], [106.98731315, 47.91718906], [106.98730509, 47.91718677], [106.98729879, 47.91718468], [106.98729726, 47.91718413], [106.98722628, 47.917159], [106.98722476, 47.91715845], [106.98721721, 47.91715547], [106.98720996, 47.91715216], [106.98720305, 47.91714855], [106.98719651, 47.91714464], [106.98719547, 47.91714397], [106.98718962, 47.91714015], [106.98718451, 47.91713663], [106.98717878, 47.91713218], [106.9871735, 47.91712748], [106.9871708, 47.91712481], [106.98716441, 47.91711824], [106.98716229, 47.91711599], [106.98715797, 47.91711087], [106.98715415, 47.91710558], [106.98715086, 47.91710012], [106.9871481, 47.91709454], [106.98714589, 47.91708884], [106.98714424, 47.91708306], [106.98714385, 47.91708123], [106.98714091, 47.91706682], [106.98714023, 47.9170628], [106.98713971, 47.91705693], [106.98713977, 47.91705104], [106.98713981, 47.9170505], [106.98714374, 47.9169928], [106.98714577, 47.9169514], [106.9871458, 47.91695079], [106.987146, 47.91694831], [106.98715637, 47.9168449], [106.98716191, 47.91677047], [106.98716199, 47.91676951], [106.98717384, 47.91663841], [106.98718654, 47.91649778], [106.98718682, 47.91644487], [106.98708891, 47.91643271], [106.98708595, 47.91643229], [106.98704195, 47.91642697], [106.98704061, 47.9164268], [106.98698541, 47.91641974], [106.98696898, 47.91641791], [106.98691059, 47.91641366], [106.98690675, 47.91641334], [106.98688988, 47.91641178], [106.98685981, 47.9164112], [106.98671182, 47.91641012], [106.98671089, 47.91641011], [106.9865592, 47.91640828], [106.98644508, 47.9164087], [106.986445, 47.9164087], [106.98637056, 47.91640894], [106.98630536, 47.91641275], [106.98630421, 47.91641282], [106.98626798, 47.91641473], [106.9862527, 47.91641671], [106.98625219, 47.91641678], [106.98619942, 47.9164235], [106.9861434, 47.9164315], [106.98613646, 47.91643236], [106.98613433, 47.91643258], [106.98609782, 47.91643605], [106.98609126, 47.91643656], [106.98608686, 47.91643678], [106.98606713, 47.91643756], [106.98606279, 47.91643768], [106.98606016, 47.91643771], [106.98600527, 47.91643793], [106.98600099, 47.9164379], [106.98596996, 47.91643736], [106.98596937, 47.91643735], [106.98595593, 47.91643708], [106.98595467, 47.91643705], [106.98594737, 47.91643672], [106.98589277, 47.91643324], [106.98589133, 47.91643315], [106.98589047, 47.91643308], [106.98586261, 47.91643098], [106.9858548, 47.91643024], [106.9858538, 47.91643012], [106.98581619, 47.91642557], [106.98581568, 47.9164255], [106.98573144, 47.91641508], [106.98572437, 47.91641407], [106.98572422, 47.91641405], [106.98569866, 47.9164141], [106.98554026, 47.91641653], [106.98537183, 47.91642158], [106.98528556, 47.91642551], [106.98527994, 47.91642569], [106.98527632, 47.91642572], [106.98525063, 47.9164257], [106.9852455, 47.91642563], [106.98523677, 47.9164252], [106.98522809, 47.91642439], [106.98521952, 47.9164232], [106.98521108, 47.91642164], [106.9852028, 47.91641971], [106.98520175, 47.91641943], [106.98511152, 47.91639552], [106.98510868, 47.91639694], [106.9850878, 47.91640393], [106.98506543, 47.91640837], [106.98504226, 47.91641014], [106.98501898, 47.91640917], [106.9849963, 47.91640551], [106.98497492, 47.91639925], [106.98495929, 47.91639256], [106.98494075, 47.91638334], [106.98489891, 47.91636602], [106.98488574, 47.9163598], [106.98486883, 47.91634901], [106.98485497, 47.9163364], [106.98484457, 47.91632236], [106.98483796, 47.91630733], [106.98483533, 47.91629175], [106.98483676, 47.9162761], [106.98484222, 47.91626085], [106.98484696, 47.91625269], [106.98484846, 47.91625044], [106.98485303, 47.91624423], [106.98486591, 47.91623116], [106.98488197, 47.91621979], [106.98488653, 47.91621753], [106.98488444, 47.91620502], [106.98488365, 47.9161973], [106.98488367, 47.91619209], [106.98488441, 47.91617676], [106.98488464, 47.91617365], [106.98488717, 47.91614821], [106.98488763, 47.91614468], [106.98489348, 47.91610781], [106.98490544, 47.91602756], [106.98493646, 47.91582484], [106.9849599, 47.91563971], [106.9849835, 47.91546692], [106.98500702, 47.91527751], [106.98500781, 47.91527269], [106.98508623, 47.91489083], [106.98508741, 47.91488617], [106.98509956, 47.91484497], [106.98510108, 47.91484044], [106.98512086, 47.91478776], [106.98514845, 47.9147147], [106.98525036, 47.91443246], [106.98528903, 47.91431844], [106.98529842, 47.91428321], [106.98530799, 47.91423441], [106.98531211, 47.91417124], [106.98529828, 47.91411987], [106.98529463, 47.91411002], [106.98528844, 47.91410337], [106.9852849, 47.91410192], [106.98528363, 47.9141014], [106.98518929, 47.91406371], [106.98511087, 47.91403461], [106.98500995, 47.91399742], [106.98500552, 47.91399571], [106.98495236, 47.91397431], [106.98495113, 47.91397381], [106.98482524, 47.91392189], [106.98475361, 47.91389335], [106.98475221, 47.91389278], [106.98460323, 47.91383176], [106.98444719, 47.91377042], [106.98444629, 47.91377007], [106.98443395, 47.91376513], [106.98432363, 47.91372651], [106.98432171, 47.91372583], [106.98428325, 47.91371183], [106.98426423, 47.91370518], [106.98426207, 47.91370441], [106.9842593, 47.91370337], [106.98424355, 47.91369729], [106.98423876, 47.91369534], [106.98423666, 47.91369438], [106.98417049, 47.91367426], [106.98416956, 47.91367398], [106.98416499, 47.91367249], [106.98403095, 47.91362666], [106.9840277, 47.91362551], [106.98402015, 47.91362254], [106.9840129, 47.91361923], [106.98400953, 47.91361753], [106.9839094, 47.91356525], [106.98390608, 47.91356346], [106.98382188, 47.91351654], [106.98382166, 47.91351641], [106.98381782, 47.91351418], [106.98377662, 47.91348928], [106.98377403, 47.91348767], [106.9837198, 47.91345312], [106.98371969, 47.91345305], [106.98371438, 47.91344946], [106.98367337, 47.91342015], [106.98361933, 47.91338296], [106.98356145, 47.91334756], [106.98355934, 47.91334624], [106.98355546, 47.91334366], [106.98349736, 47.9133034], [106.98349508, 47.91330179], [106.98348936, 47.91329734], [106.98348408, 47.91329264], [106.9834826, 47.91329121], [106.98346991, 47.91327862], [106.98346657, 47.91327513], [106.98346569, 47.91327415], [106.98345861, 47.91326614], [106.98345516, 47.913262], [106.98345222, 47.913258], [106.98339712, 47.91317812], [106.98335947, 47.91312993], [106.98331498, 47.913075], [106.98331405, 47.91307382], [106.98331064, 47.91306914], [106.98330555, 47.9130616], [106.98325267, 47.91299685], [106.98321825, 47.9129887], [106.98303723, 47.91295195], [106.98303617, 47.91295173], [106.98303464, 47.9129514], [106.98299683, 47.91294316], [106.98299226, 47.9129421], [106.98292208, 47.91292489], [106.98289574, 47.91291924], [106.98284052, 47.91290963], [106.98283945, 47.91290944], [106.98281485, 47.91290501], [106.98279894, 47.91290322], [106.98265957, 47.91288993], [106.98246716, 47.91287421], [106.98246562, 47.91287408], [106.98235148, 47.91286385], [106.98235064, 47.91286377], [106.9822882, 47.91285844], [106.98228527, 47.9128582], [106.98227953, 47.91285762], [106.98227939, 47.91285761], [106.98227746, 47.91285737], [106.9818567, 47.91282277], [106.98182314, 47.91282022], [106.98182121, 47.91282009], [106.98171083, 47.91281282], [106.98170983, 47.91281275], [106.98170138, 47.91281196], [106.98170116, 47.91281194], [106.98161333, 47.91280187], [106.98161311, 47.91280184], [106.98160453, 47.91280065], [106.98160121, 47.91280008], [106.9813916, 47.91276233], [106.98138649, 47.91276134], [106.98138491, 47.912761], [106.9812542, 47.91273247], [106.98125323, 47.91273225], [106.98108692, 47.91269501], [106.98108547, 47.91269471], [106.98108463, 47.91269454], [106.98108351, 47.9126943], [106.98101909, 47.91268041], [106.98101797, 47.91268016], [106.98101686, 47.9126799], [106.98101383, 47.91267922], [106.9809717, 47.91266911], [106.98089838, 47.91265432], [106.98082718, 47.91264088], [106.98079634, 47.9126373], [106.98079193, 47.91263669], [106.98078311, 47.91263634], [106.98066117, 47.91262455], [106.98039194, 47.91260847], [106.98013803, 47.91259531], [106.98012847, 47.91259458], [106.98012408, 47.91259387], [106.98012182, 47.91259386], [106.9801158, 47.91259361], [106.9799552, 47.91258442], [106.97995249, 47.91258425], [106.97994382, 47.91258344], [106.97993865, 47.91258272], [106.97992936, 47.91258261], [106.9797476, 47.91257505], [106.9795552, 47.91257576], [106.97955222, 47.91257575], [106.97931595, 47.9125731], [106.97911445, 47.91257238], [106.97911435, 47.91257238], [106.97911393, 47.91257238], [106.97884966, 47.91257075], [106.97827933, 47.91256966], [106.97788229, 47.91264156], [106.97762758, 47.91275472], [106.9775742, 47.91278619], [106.97754414, 47.91280711], [106.97737365, 47.91292622], [106.97714109, 47.91308207], [106.97702778, 47.91315874], [106.97701933, 47.91316484], [106.97701909, 47.913165], [106.97701871, 47.91316529], [106.97690975, 47.91324287], [106.97690947, 47.91324307], [106.97690324, 47.91324721], [106.9769009, 47.91324862], [106.97672943, 47.91335015], [106.97672896, 47.91335044], [106.97666765, 47.91338639], [106.97662095, 47.91341552], [106.97654477, 47.91346787], [106.97654101, 47.91347035], [106.97654026, 47.91347083], [106.97636251, 47.91362367], [106.97636015, 47.91362564], [106.97636003, 47.91362574], [106.97635993, 47.91362583], [106.97628663, 47.91368516], [106.97628652, 47.91368525], [106.97628607, 47.91368561], [106.97622809, 47.91373193], [106.97622668, 47.91373303], [106.97621258, 47.91374394], [106.9761443, 47.91379901], [106.97613852, 47.91380337], [106.97613229, 47.9138075], [106.97612566, 47.91381135], [106.97611313, 47.91381909], [106.97610677, 47.91382278], [106.97610396, 47.91382426], [106.97608782, 47.91383257], [106.97608532, 47.91383383], [106.97606601, 47.91384329], [106.97606433, 47.9138441], [106.97605702, 47.91384734], [106.9760494, 47.91385025], [106.97604841, 47.91385059], [106.97603142, 47.91385647], [106.97602454, 47.91385869], [106.97601642, 47.9138609], [106.97601237, 47.91386186], [106.97598934, 47.913867], [106.97598634, 47.91386764], [106.97595509, 47.91387408], [106.97576178, 47.91371584]]]}, "geometry_name": "geom", "properties": {"guid": 87637, "id": 87637, "object_no": null, "object_name": null, "layer_type_id": 162, "valid_to": null, "address_no": null, "border_type": "solid", "border_width": null, "border_color": "#c16300", "border_opacity": 0.5, "border_wellknown": "shape://horizline", "fill_type": "color", "fill_color": "#c16300", "fill_opacity": 0.3, "fill_wellknown": null, "fill_shape_color": null, "fill_shape_width": null, "fill_shape_size": null, "fill_img_url": null, "marker_img_url": null}},{"type": "Feature", "id": "layer_data_map.fid--27e80436_1a098c1eed1_-547c", "geometry": {"type": "MultiPolygon", "coordinates": [[[[107.00413532, 47.91006929], [107.00411355, 47.91007043], [107.00409181, 47.91006917], [107.00407065, 47.91006556], [107.00405065, 47.91005967], [107.00403235, 47.91005169], [107.00401621, 47.9100418], [107.00400268, 47.91003028], [107.00399212, 47.91001744], [107.00398481, 47.91000362], [107.00398093, 47.90998917], [107.00376141, 47.90846922], [107.00375948, 47.9084587], [107.00375941, 47.90844809], [107.00376119, 47.90843756], [107.00376138, 47.90843681], [107.00376716, 47.9084218], [107.00377669, 47.90840768], [107.00377766, 47.90840654], [107.00394952, 47.9082079], [107.00315997, 47.90589293], [107.00278669, 47.90545611], [107.0022965, 47.90508729], [107.0022925, 47.90508412], [107.00228722, 47.90507942], [107.0022824, 47.90507451], [107.00228223, 47.90507431], [107.00227808, 47.90506939], [107.00227426, 47.90506409], [107.00227097, 47.90505864], [107.00226821, 47.90505305], [107.00226819, 47.90505302], [107.002266, 47.90504736], [107.00226557, 47.90504606], [107.00224444, 47.90503997], [107.00222516, 47.90503153], [107.00220832, 47.905021], [107.00177007, 47.90473339], [107.00176878, 47.90473255], [107.00176401, 47.90472925], [107.00176385, 47.90472914], [107.00175838, 47.90472488], [107.00175804, 47.9047246], [107.00175317, 47.90472028], [107.00175268, 47.90471981], [107.00174843, 47.90471546], [107.00174811, 47.90471514], [107.00174781, 47.90471479], [107.00174415, 47.90471045], [107.00174378, 47.90471002], [107.00174344, 47.90470955], [107.00174036, 47.90470527], [107.00173996, 47.90470472], [107.00173961, 47.90470413], [107.00173708, 47.90469994], [107.00173667, 47.90469927], [107.00173631, 47.90469855], [107.00173431, 47.90469449], [107.00173391, 47.90469368], [107.00173358, 47.90469283], [107.00173206, 47.90468892], [107.0017317, 47.90468799], [107.00173142, 47.904687], [107.00173036, 47.90468328], [107.00173005, 47.90468221], [107.00173003, 47.90468209], [107.00169847, 47.90465728], [107.00169104, 47.90465554], [107.00168298, 47.90465325], [107.00167515, 47.90465062], [107.0016676, 47.90464764], [107.00166036, 47.90464433], [107.00165345, 47.90464072], [107.00164691, 47.90463681], [107.00164076, 47.90463262], [107.00163503, 47.90462817], [107.00163338, 47.9046267], [107.00125587, 47.90433], [107.00125354, 47.90432812], [107.00124826, 47.90432342], [107.00124344, 47.90431851], [107.00124053, 47.90431515], [107.00048556, 47.90339974], [107.0002917, 47.903386], [107.00028943, 47.90338583], [107.00028704, 47.90338563], [107.00028251, 47.9033852], [107.00028013, 47.90338495], [107.00027827, 47.90338474], [107.00027563, 47.90338442], [107.00027327, 47.90338412], [107.00026879, 47.90338348], [107.00026645, 47.90338312], [107.00026499, 47.90338289], [107.00026201, 47.90338238], [107.00025968, 47.90338197], [107.00025528, 47.90338113], [107.00025298, 47.90338067], [107.00025192, 47.90338045], [107.00024862, 47.90337973], [107.00024635, 47.90337921], [107.00024204, 47.90337817], [107.00023979, 47.9033776], [107.00023912, 47.90337743], [107.00023554, 47.90337646], [107.00023332, 47.90337584], [107.00022913, 47.9033746], [107.00022695, 47.90337393], [107.00022666, 47.90337384], [107.00022282, 47.9033726], [107.00022067, 47.90337188], [107.00021662, 47.90337045], [107.0002145, 47.90336968], [107.00021052, 47.90336816], [107.00020845, 47.90336734], [107.00020495, 47.90336591], [107.00020455, 47.90336574], [107.00020252, 47.90336487], [107.00019871, 47.90336317], [107.00019672, 47.90336226], [107.00019369, 47.90336082], [107.00019299, 47.90336048], [107.00019106, 47.90335952], [107.00018742, 47.90335765], [107.00018554, 47.90335665], [107.00018296, 47.90335524], [107.000182, 47.9033547], [107.00018016, 47.90335365], [107.00017673, 47.90335163], [107.00017495, 47.90335054], [107.0001728, 47.9033492], [107.00017161, 47.90334843], [107.00016989, 47.9033473], [107.00016667, 47.90334512], [107.000165, 47.90334395], [107.00016327, 47.90334271], [107.00016189, 47.9033417], [107.00016029, 47.90334049], [107.00015729, 47.90333817], [107.00015575, 47.90333693], [107.00015439, 47.90333582], [107.00015288, 47.90333454], [107.0001514, 47.90333326], [107.00014865, 47.9033308], [107.00014724, 47.90332949], [107.00014622, 47.90332854], [107.00014461, 47.90332697], [107.00014327, 47.90332563], [107.00014077, 47.90332306], [107.0001395, 47.90332169], [107.00013879, 47.90332091], [107.00013714, 47.90331905], [107.00013593, 47.90331765], [107.0001337, 47.90331497], [107.00013257, 47.90331354], [107.00013212, 47.90331297], [107.00013048, 47.9033108], [107.00012942, 47.90330935], [107.00012747, 47.90330657], [107.00012648, 47.9033051], [107.00012625, 47.90330475], [107.00012468, 47.90330227], [107.00012377, 47.90330077], [107.00012211, 47.90329791], [107.00012127, 47.90329639], [107.00012121, 47.90329628], [107.00011976, 47.90329349], [107.000119, 47.90329195], [107.0001177, 47.90328916], [107.00011764, 47.90328902], [107.00011696, 47.90328747], [107.00011574, 47.9032845], [107.00011514, 47.90328294], [107.00011421, 47.90328035], [107.00011408, 47.90327994], [107.00011356, 47.90327837], [107.00011265, 47.90327535], [107.00011221, 47.90327376], [107.00011161, 47.9032714], [107.00011145, 47.90327073], [107.0001111, 47.90326913], [107.00011049, 47.90326608], [107.00011022, 47.90326447], [107.00010989, 47.90326235], [107.00010977, 47.90326141], [107.00010958, 47.9032598], [107.00010928, 47.90325673], [107.00010917, 47.90325512], [107.00010908, 47.90325358], [107.00010805, 47.90323016], [107.00010804, 47.90322983], [107.0001081, 47.90322394], [107.00010873, 47.90321807], [107.00010993, 47.90321224], [107.0001117, 47.90320648], [107.00011402, 47.9032008], [107.00011689, 47.90319524], [107.0001203, 47.90318982], [107.00012422, 47.90318456], [107.00012865, 47.90317948], [107.00013357, 47.90317461], [107.00013894, 47.90316996], [107.00014476, 47.90316556], [107.00015099, 47.90316143], [107.00015761, 47.90315758], [107.00016459, 47.90315403], [107.0001719, 47.90315079], [107.00017951, 47.90314788], [107.00018739, 47.90314532], [107.0001955, 47.9031431], [107.00020381, 47.90314125], [107.00021228, 47.90313976], [107.00022088, 47.90313865], [107.00022956, 47.90313792], [107.0002383, 47.90313758], [107.00024705, 47.90313762], [107.00024791, 47.90313766], [107.0002495, 47.90313753], [107.00025823, 47.90313718], [107.00026699, 47.90313722], [107.00026812, 47.90313728], [107.00027001, 47.90313712], [107.00027875, 47.90313677], [107.0002875, 47.90313681], [107.00028836, 47.90313686], [107.00028995, 47.90313672], [107.00029869, 47.90313638], [107.00030744, 47.90313642], [107.00031617, 47.90313684], [107.00032484, 47.90313765], [107.00033341, 47.90313884], [107.00034185, 47.9031404], [107.00035012, 47.90314233], [107.00035819, 47.90314462], [107.00036601, 47.90314726], [107.00037356, 47.90315024], [107.00038081, 47.90315354], [107.00038772, 47.90315716], [107.00039426, 47.90316107], [107.00040041, 47.90316526], [107.00040613, 47.90316971], [107.00040938, 47.9031726], [107.00058401, 47.90318497], [107.00058629, 47.90318515], [107.00058868, 47.90318534], [107.00059322, 47.90318577], [107.0005956, 47.90318602], [107.00059746, 47.90318623], [107.00060011, 47.90318656], [107.00060248, 47.90318686], [107.00060697, 47.9031875], [107.00060931, 47.90318786], [107.00061074, 47.90318809], [107.00061376, 47.9031886], [107.00061609, 47.90318901], [107.0006205, 47.90318986], [107.00062281, 47.90319032], [107.00062382, 47.90319053], [107.00062717, 47.90319127], [107.00062946, 47.90319179], [107.00063377, 47.90319283], [107.00063602, 47.9031934], [107.00063662, 47.90319356], [107.00064028, 47.90319454], [107.0006425, 47.90319517], [107.0006467, 47.90319641], [107.00064889, 47.90319708], [107.0006491, 47.90319715], [107.00065302, 47.90319842], [107.00065518, 47.90319914], [107.00065908, 47.90320051], [107.00065924, 47.90320057], [107.00066135, 47.90320135], [107.00066534, 47.90320287], [107.00066742, 47.90320369], [107.00067082, 47.90320509], [107.00067132, 47.90320531], [107.00067335, 47.90320618], [107.00067718, 47.90320788], [107.00067916, 47.90320879], [107.00068208, 47.90321018], [107.0006829, 47.90321058], [107.00068483, 47.90321155], [107.00068847, 47.90321342], [107.00069036, 47.90321443], [107.00069282, 47.90321577], [107.00069391, 47.90321638], [107.00069574, 47.90321743], [107.00069918, 47.90321947], [107.00070096, 47.90322056], [107.00070298, 47.90322182], [107.0007043, 47.90322267], [107.00070602, 47.9032238], [107.00070925, 47.90322599], [107.00071091, 47.90322717], [107.00071251, 47.90322831], [107.00071402, 47.90322943], [107.00071563, 47.90323064], [107.00071862, 47.90323297], [107.00072017, 47.90323422], [107.00072139, 47.90323522], [107.00072304, 47.90323662], [107.00072452, 47.9032379], [107.00072727, 47.90324036], [107.00072868, 47.90324167], [107.00072956, 47.9032425], [107.0007313, 47.9032442], [107.00073265, 47.90324555], [107.00073514, 47.90324813], [107.00073642, 47.90324951], [107.00073699, 47.90325014], [107.00073878, 47.90325215], [107.00073998, 47.90325355], [107.00074111, 47.9032549], [107.00151762, 47.90419642], [107.00188668, 47.90448669], [107.00188899, 47.90448855], [107.00189427, 47.90449325], [107.00189908, 47.90449816], [107.00190341, 47.90450328], [107.00190722, 47.90450858], [107.00191052, 47.90451403], [107.00191328, 47.90451962], [107.00191549, 47.90452531], [107.00191713, 47.90453109], [107.00191716, 47.90453125], [107.0019489, 47.9045562], [107.00195591, 47.90455787], [107.00195618, 47.90455794], [107.00196392, 47.90456014], [107.00196398, 47.90456016], [107.00197172, 47.90456277], [107.0019718, 47.9045628], [107.00197918, 47.9045657], [107.00197935, 47.90456577], [107.00198652, 47.90456904], [107.0019866, 47.90456908], [107.00199351, 47.90457269], [107.00199375, 47.90457283], [107.00200001, 47.90457658], [107.00200005, 47.9045766], [107.0020014, 47.90457747], [107.00244457, 47.90486843], [107.00244591, 47.9048693], [107.00245071, 47.90487262], [107.00245644, 47.90487707], [107.00246172, 47.90488176], [107.00246653, 47.90488668], [107.00247086, 47.9048918], [107.00247468, 47.90489709], [107.00247797, 47.90490255], [107.00248073, 47.90490813], [107.00248294, 47.90491383], [107.00248337, 47.90491516], [107.00248933, 47.9049166], [107.0024974, 47.90491889], [107.00250522, 47.90492153], [107.00251277, 47.90492451], [107.00252003, 47.90492781], [107.00252693, 47.90493142], [107.00253347, 47.90493533], [107.00253962, 47.90493952], [107.00254112, 47.90494062], [107.00304422, 47.90531915], [107.00304478, 47.90531957], [107.00305335, 47.90532676], [107.00306078, 47.9053345], [107.00345875, 47.90579992], [107.00346725, 47.90581181], [107.00347316, 47.90582465], [107.00428635, 47.90820888], [107.00428936, 47.90822224], [107.00428935, 47.90823576], [107.00428633, 47.90824913], [107.00428037, 47.90826204], [107.00427159, 47.90827421], [107.00409037, 47.90848367], [107.00430744, 47.90996828], [107.00430778, 47.90998318], [107.00430445, 47.90999791], [107.00429754, 47.91001208], [107.00428726, 47.91002528], [107.00427387, 47.91003716], [107.00425775, 47.91004739], [107.00423933, 47.91005568], [107.00421914, 47.91006182], [107.00419771, 47.91006564], [107.00417564, 47.91006702], [107.00415516, 47.91006816], [107.00413532, 47.91006929]]], [[[107.00616398, 47.91277823], [107.00616459, 47.91277958], [107.0061668, 47.91278528], [107.00616845, 47.91279106], [107.00616954, 47.9127969], [107.00617005, 47.91280278], [107.00616999, 47.91280866], [107.00616978, 47.91281126], [107.00612486, 47.91325263], [107.00612927, 47.91369932], [107.00614824, 47.9137434], [107.00614884, 47.91374485], [107.00614946, 47.91374639], [107.00615056, 47.91374931], [107.0061511, 47.91375086], [107.00615137, 47.91375164], [107.00615206, 47.91375381], [107.00615252, 47.91375536], [107.00615333, 47.91375833], [107.00615372, 47.9137599], [107.00615387, 47.91376054], [107.00615438, 47.91376289], [107.00615468, 47.91376446], [107.00615519, 47.91376746], [107.00615542, 47.91376904], [107.00615549, 47.91376954], [107.00615562, 47.91377054], [107.00616153, 47.91382001], [107.00616166, 47.91382102], [107.00616204, 47.91382589], [107.00616198, 47.91383177], [107.00616135, 47.91383764], [107.00616015, 47.91384347], [107.00615838, 47.91384924], [107.00615606, 47.91385491], [107.00615319, 47.91386047], [107.00614979, 47.9138659], [107.0061474, 47.9138691], [107.0061989, 47.91429986], [107.00633607, 47.91430863], [107.0070503, 47.91435038], [107.0070697, 47.91435249], [107.00708844, 47.91435648], [107.0071061, 47.91436228], [107.0071223, 47.91436975], [107.0071367, 47.91437874], [107.00734882, 47.91453212], [107.00736242, 47.91454374], [107.007373, 47.9145567], [107.00738029, 47.91457065], [107.00738407, 47.91458522], [107.00738426, 47.9146], [107.00715412, 47.91669151], [107.0071034, 47.91739551], [107.00710335, 47.91739631], [107.00710277, 47.91740138], [107.00710157, 47.91740721], [107.0070998, 47.91741297], [107.00709748, 47.91741865], [107.00709461, 47.91742421], [107.0070912, 47.91742963], [107.00708931, 47.91743229], [107.00697621, 47.91758387], [107.00697776, 47.91758643], [107.00698052, 47.91759202], [107.00698273, 47.91759771], [107.00698438, 47.91760349], [107.00698547, 47.91760933], [107.00698598, 47.91761521], [107.00698592, 47.91762109], [107.00698529, 47.91762696], [107.00698409, 47.91763279], [107.00698232, 47.91763856], [107.00698, 47.91764424], [107.00697713, 47.9176498], [107.00697372, 47.91765522], [107.0069698, 47.91766048], [107.00696537, 47.91766556], [107.00696046, 47.91767043], [107.00695508, 47.91767508], [107.00694926, 47.91767947], [107.00694303, 47.91768361], [107.00693641, 47.91768746], [107.00692942, 47.91769101], [107.00692211, 47.91769425], [107.0069145, 47.91769716], [107.00690662, 47.91769972], [107.00689851, 47.91770194], [107.0068902, 47.9177038], [107.00688173, 47.91770528], [107.00687313, 47.91770639], [107.00686444, 47.91770712], [107.0068557, 47.91770746], [107.00684694, 47.91770742], [107.00683821, 47.917707], [107.00682953, 47.91770619], [107.00682303, 47.91770533], [107.00677733, 47.91769846], [107.00677525, 47.91769814], [107.00676681, 47.91769658], [107.00675854, 47.91769465], [107.00675575, 47.91769386], [107.00673705, 47.91769341], [107.0067365, 47.9176934], [107.00672777, 47.91769297], [107.00671909, 47.91769217], [107.00671052, 47.91769098], [107.00670208, 47.91768942], [107.0066938, 47.91768749], [107.00668574, 47.9176852], [107.00667791, 47.91768256], [107.00667036, 47.91767958], [107.00666311, 47.91767628], [107.0066562, 47.91767267], [107.00664965, 47.91766876], [107.0066435, 47.91766457], [107.00663777, 47.91766011], [107.00663249, 47.91765542], [107.00662768, 47.9176505], [107.00662335, 47.91764539], [107.00661953, 47.91764009], [107.00661623, 47.91763464], [107.00661347, 47.91762905], [107.00661126, 47.91762336], [107.00660961, 47.91761758], [107.00660853, 47.91761173], [107.00660802, 47.91760586], [107.00660808, 47.91759997], [107.00660871, 47.9175941], [107.00660991, 47.91758827], [107.00661167, 47.91758251], [107.006614, 47.91757683], [107.00661687, 47.91757127], [107.00662027, 47.91756585], [107.0066242, 47.91756059], [107.00662863, 47.91755551], [107.00663354, 47.91755064], [107.00663892, 47.91754599], [107.00664473, 47.91754159], [107.00665097, 47.91753746], [107.00665759, 47.91753361], [107.00666457, 47.91753006], [107.00667188, 47.91752682], [107.0066795, 47.91752391], [107.00668738, 47.91752134], [107.00669549, 47.91751913], [107.0067038, 47.91751727], [107.00670411, 47.91751722], [107.00681764, 47.91736505], [107.00686694, 47.91668085], [107.00686714, 47.91667856], [107.00709248, 47.91463073], [107.00696639, 47.91453955], [107.00630999, 47.91450118], [107.00612211, 47.91448917], [107.00610179, 47.9144868], [107.00608225, 47.91448235], [107.00606397, 47.91447595], [107.00604736, 47.91446772], [107.00603283, 47.91445788], [107.00602073, 47.91444666], [107.00599863, 47.91444331], [107.00597769, 47.91443751], [107.00595851, 47.91442941], [107.00594163, 47.91441925], [107.00592754, 47.91440733], [107.00591665, 47.91439398], [107.00590926, 47.91437958], [107.00590559, 47.91436456], [107.00584832, 47.91387151], [107.00584582, 47.91386805], [107.00584252, 47.91386259], [107.00583977, 47.91385701], [107.00583756, 47.91385131], [107.00583591, 47.91384553], [107.00583482, 47.91383969], [107.00583469, 47.91383869], [107.00582966, 47.9137966], [107.0058094, 47.91374952], [107.00580878, 47.91374803], [107.00580815, 47.91374646], [107.00580702, 47.91374346], [107.00580647, 47.91374188], [107.00580624, 47.9137412], [107.0058055, 47.91373886], [107.00580503, 47.91373727], [107.00580421, 47.91373422], [107.00580383, 47.91373262], [107.00580373, 47.91373223], [107.00580317, 47.91372956], [107.00580286, 47.91372795], [107.00580236, 47.91372487], [107.00580213, 47.91372325], [107.00580212, 47.91372315], [107.00580179, 47.91372017], [107.00580165, 47.91371855], [107.00580146, 47.91371566], [107.00580146, 47.91371546], [107.0058014, 47.91371384], [107.00580136, 47.91371229], [107.0057968, 47.91324919], [107.0057969, 47.91324505], [107.00579711, 47.91324246], [107.00584004, 47.9128207], [107.00578302, 47.9126983], [107.00559361, 47.91269079], [107.00510311, 47.91271988], [107.00479261, 47.91275954], [107.00478854, 47.91276001], [107.00477985, 47.91276074], [107.00477111, 47.91276109], [107.00476236, 47.91276105], [107.00475363, 47.91276062], [107.00474495, 47.91275982], [107.0047383, 47.91275893], [107.00429102, 47.91269133], [107.0042891, 47.91269103], [107.00428066, 47.91268947], [107.00427239, 47.91268754], [107.00426432, 47.91268525], [107.0042565, 47.91268261], [107.00425064, 47.91268034], [107.00384932, 47.91251559], [107.00384763, 47.91251489], [107.00384734, 47.91251476], [107.00384526, 47.91251387], [107.00384136, 47.91251214], [107.00383933, 47.91251121], [107.00383628, 47.91250976], [107.00383552, 47.91250939], [107.00383354, 47.9125084], [107.00382983, 47.91250649], [107.0038279, 47.91250547], [107.00382547, 47.91250414], [107.00382429, 47.91250347], [107.00382241, 47.9125024], [107.00381891, 47.91250032], [107.00381709, 47.9124992], [107.00381524, 47.91249804], [107.0038137, 47.91249704], [107.00381194, 47.91249588], [107.00380866, 47.91249364], [107.00380696, 47.91249245], [107.00380564, 47.9124915], [107.0038038, 47.91249013], [107.00380217, 47.91248889], [107.00379913, 47.9124865], [107.00379756, 47.91248523], [107.00379671, 47.91248453], [107.00379464, 47.91248277], [107.00379315, 47.91248146], [107.00379036, 47.91247893], [107.00378893, 47.91247759], [107.0037885, 47.91247718], [107.00378628, 47.912475], [107.00378492, 47.91247362], [107.0037824, 47.91247097], [107.00378112, 47.91246956], [107.00378104, 47.91246948], [107.00377874, 47.91246685], [107.00377753, 47.91246542], [107.0037755, 47.91246293], [107.00377529, 47.91246265], [107.00377415, 47.91246119], [107.00377206, 47.91245838], [107.003771, 47.91245688], [107.00376949, 47.91245467], [107.00376906, 47.91245402], [107.00376808, 47.91245251], [107.00376629, 47.9124496], [107.00376539, 47.91244807], [107.00376431, 47.91244617], [107.00376374, 47.91244512], [107.00376292, 47.91244356], [107.00376144, 47.91244058], [107.0037607, 47.912439], [107.00375999, 47.91243745], [107.00375937, 47.91243599], [107.00375871, 47.9124344], [107.00375754, 47.91243135], [107.00375696, 47.91242975], [107.00375655, 47.91242855], [107.00375595, 47.91242668], [107.00375546, 47.91242506], [107.0037546, 47.91242197], [107.0037542, 47.91242033], [107.003754, 47.91241952], [107.0037535, 47.91241723], [107.00375318, 47.91241559], [107.00375265, 47.91241246], [107.00375242, 47.91241082], [107.00375236, 47.91241039], [107.00375205, 47.91240768], [107.0037519, 47.91240603], [107.00375169, 47.91240289], [107.00375163, 47.91240124], [107.00375159, 47.91239809], [107.00375161, 47.91239644], [107.00375171, 47.91239368], [107.00375173, 47.9123933], [107.00375184, 47.91239165], [107.00375213, 47.91238851], [107.00375232, 47.91238686], [107.00375264, 47.91238451], [107.00375277, 47.91238373], [107.00375305, 47.91238209], [107.00375366, 47.91237897], [107.00375402, 47.91237733], [107.00375449, 47.9123754], [107.0037548, 47.91237423], [107.00375525, 47.91237261], [107.00375618, 47.91236953], [107.00375671, 47.91236791], [107.00375723, 47.9123664], [107.00375781, 47.91236486], [107.00375842, 47.91236326], [107.00375967, 47.91236023], [107.00376037, 47.91235864], [107.00376087, 47.91235754], [107.00376106, 47.91235714], [107.00397142, 47.91190936], [107.0039741, 47.9119042], [107.00397751, 47.91189878], [107.00398093, 47.91189415], [107.00413252, 47.91170293], [107.0039034, 47.91131472], [107.0038995, 47.91131147], [107.0038925, 47.91130603], [107.00388524, 47.91130075], [107.00387772, 47.91129563], [107.00386995, 47.91129069], [107.00386193, 47.91128593], [107.00385368, 47.91128136], [107.0038452, 47.91127697], [107.00383651, 47.91127277], [107.00382761, 47.91126878], [107.00381852, 47.91126499], [107.00380924, 47.91126141], [107.00379979, 47.91125804], [107.00379017, 47.91125489], [107.00378041, 47.91125195], [107.0037705, 47.91124924], [107.00375834, 47.91124623], [107.0037566, 47.91124579], [107.00374853, 47.9112435], [107.00374071, 47.91124086], [107.00373315, 47.91123788], [107.00372591, 47.91123458], [107.003719, 47.91123097], [107.00371245, 47.91122706], [107.00370631, 47.91122287], [107.00370058, 47.91121841], [107.0036953, 47.91121372], [107.00369048, 47.9112088], [107.00368615, 47.91120369], [107.00368234, 47.91119839], [107.00367904, 47.91119294], [107.00367628, 47.91118735], [107.00367407, 47.91118165], [107.00367242, 47.91117587], [107.00367134, 47.91117003], [107.00367083, 47.91116416], [107.00367089, 47.91115827], [107.00367152, 47.9111524], [107.00367272, 47.91114657], [107.00367448, 47.91114081], [107.00367681, 47.91113513], [107.00367968, 47.91112957], [107.00368308, 47.91112415], [107.00368505, 47.91112151], [107.00330247, 47.91078874], [107.00329053, 47.91077638], [107.00328176, 47.91076288], [107.00327638, 47.9107486], [107.00327454, 47.91073392], [107.00327592, 47.91071836], [107.00328128, 47.9107032], [107.00329045, 47.91068888], [107.00330315, 47.91067585], [107.00331902, 47.91066448], [107.00330854, 47.91065984], [107.00329876, 47.91065457], [107.00328125, 47.9106456], [107.00326395, 47.91063663], [107.00324609, 47.91062709], [107.00323089, 47.91061565], [107.00321881, 47.91060264], [107.00321018, 47.91058844], [107.00320528, 47.91057346], [107.00320423, 47.91055814], [107.00320706, 47.91054292], [107.0032137, 47.91052824], [107.00322396, 47.91051454], [107.00323753, 47.91050221], [107.00325401, 47.91049161], [107.00395475, 47.91011232], [107.00397304, 47.91010399], [107.00399312, 47.9100978], [107.00401444, 47.91009392], [107.00403642, 47.91009244], [107.00405846, 47.91009342], [107.00408003, 47.91009684], [107.00410047, 47.91010261], [107.00411922, 47.91011057], [107.00413575, 47.9101205], [107.00414672, 47.91012691], [107.00415659, 47.91013408], [107.00417481, 47.91014352], [107.00419036, 47.91015492], [107.00420277, 47.91016793], [107.00421169, 47.91018219], [107.00421684, 47.91019726], [107.00421807, 47.9102127], [107.00421536, 47.91022805], [107.00420877, 47.91024287], [107.0041985, 47.91025671], [107.00418486, 47.91026916], [107.00416825, 47.91027986], [107.00347668, 47.91065418], [107.00349052, 47.91066054], [107.00350307, 47.91066801], [107.00351413, 47.91067648], [107.00351584, 47.91067796], [107.00395691, 47.91106161], [107.00397139, 47.91106736], [107.00397475, 47.91106874], [107.00397535, 47.911069], [107.00399324, 47.91107668], [107.00399711, 47.91107841], [107.00401459, 47.9110865], [107.00401735, 47.91108782], [107.00401837, 47.91108832], [107.00403542, 47.91109682], [107.00403911, 47.91109873], [107.0040557, 47.91110762], [107.0040579, 47.91110882], [107.00405929, 47.91110961], [107.00407542, 47.91111888], [107.0040789, 47.91112096], [107.00409454, 47.9111306], [107.00409621, 47.91113165], [107.00409791, 47.91113276], [107.00411304, 47.91114276], [107.0041163, 47.911145], [107.0041309, 47.91115535], [107.00413208, 47.9111562], [107.00413404, 47.91115765], [107.0041481, 47.91116834], [107.00415112, 47.91117072], [107.00416462, 47.91118173], [107.00416536, 47.91118235], [107.00416751, 47.91118418], [107.00418043, 47.9111955], [107.00418357, 47.91119836], [107.00418838, 47.91120327], [107.00419271, 47.91120839], [107.00419653, 47.91121369], [107.00419865, 47.91121708], [107.00446334, 47.91166554], [107.00446451, 47.9116676], [107.00446727, 47.91167319], [107.00446948, 47.91167888], [107.00447113, 47.91168466], [107.00447221, 47.9116905], [107.00447272, 47.91169638], [107.00447266, 47.91170227], [107.00447203, 47.91170814], [107.00447083, 47.91171397], [107.00447131, 47.91171955], [107.00447125, 47.91172544], [107.00447062, 47.91173131], [107.00446942, 47.91173714], [107.00446765, 47.9117429], [107.00446533, 47.91174858], [107.00446246, 47.91175414], [107.00445905, 47.91175956], [107.00445563, 47.91176419], [107.0042788, 47.91198725], [107.00410305, 47.91236137], [107.00439423, 47.91248091], [107.00477095, 47.91253784], [107.00505141, 47.91250202], [107.00505549, 47.91250154], [107.00506417, 47.91250081], [107.00506463, 47.91250078], [107.00557902, 47.91247028], [107.0055873, 47.91246996], [107.00559605, 47.91247], [107.00559865, 47.91247008], [107.00588332, 47.91248137], [107.00588946, 47.91248171], [107.00589813, 47.91248252], [107.0059067, 47.9124837], [107.00591515, 47.91248527], [107.00591615, 47.91248548], [107.00593898, 47.91249038], [107.00594116, 47.91249086], [107.00594344, 47.91249138], [107.00594775, 47.91249242], [107.00595, 47.91249299], [107.00595078, 47.91249319], [107.00595425, 47.91249412], [107.00595648, 47.91249474], [107.00596067, 47.91249598], [107.00596286, 47.91249665], [107.00596326, 47.91249677], [107.00596699, 47.91249798], [107.00596914, 47.9124987], [107.0059732, 47.91250012], [107.00597532, 47.91250089], [107.0059793, 47.91250241], [107.00598138, 47.91250323], [107.00598498, 47.9125047], [107.00598528, 47.91250483], [107.00598732, 47.9125057], [107.00599114, 47.91250739], [107.00599312, 47.91250831], [107.00599624, 47.91250979], [107.00599686, 47.91251009], [107.0059988, 47.91251105], [107.00600244, 47.91251291], [107.00600433, 47.91251392], [107.00600698, 47.91251536], [107.00600787, 47.91251587], [107.00600971, 47.91251691], [107.00601315, 47.91251894], [107.00601493, 47.91252003], [107.00601714, 47.91252141], [107.00601827, 47.91252213], [107.00601999, 47.91252326], [107.00602322, 47.91252544], [107.00602489, 47.91252661], [107.00602668, 47.91252789], [107.00602801, 47.91252887], [107.00602961, 47.91253007], [107.00603261, 47.9125324], [107.00603416, 47.91253364], [107.00603556, 47.91253479], [107.00603703, 47.91253603], [107.00603852, 47.91253731], [107.00604127, 47.91253976], [107.00604269, 47.91254107], [107.00604374, 47.91254206], [107.00604531, 47.91254359], [107.00604666, 47.91254493], [107.00604916, 47.91254751], [107.00605044, 47.91254888], [107.00605118, 47.91254969], [107.0060528, 47.91255152], [107.00605401, 47.91255292], [107.00605624, 47.91255561], [107.00605738, 47.91255703], [107.00605785, 47.91255763], [107.00605947, 47.91255977], [107.00606053, 47.91256122], [107.00606249, 47.912564], [107.00606347, 47.91256548], [107.00606373, 47.91256586], [107.00606528, 47.91256831], [107.0060662, 47.9125698], [107.00606786, 47.91257267], [107.0060687, 47.91257419], [107.00606877, 47.91257432], [107.00607021, 47.91257709], [107.00607097, 47.91257863], [107.00607167, 47.91258009], [107.00616398, 47.91277823]]]]}, "geometry_name": "geom", "properties": {"guid": 1765642, "id": 1765642, "object_no": null, "object_name": null, "layer_type_id": 162, "valid_to": null, "address_no": null, "border_type": "solid", "border_width": null, "border_color": "#c16300", "border_opacity": 0.5, "border_wellknown": "shape://horizline", "fill_type": "color", "fill_color": "#c16300", "fill_opacity": 0.3, "fill_wellknown": null, "fill_shape_color": null, "fill_shape_width": null, "fill_shape_size": null, "fill_img_url": null, "marker_img_url": null}}]}