{"type":"FeatureCollection","features":[{"type": "Feature", "id": "layer_data_map.fid--27e80436_1a098b908f8_-3bed", "geometry": {"type": "Point", "coordinates": [106.94057798, 47.92622736]}, "geometry_name": "geom", "properties": {"guid": 4512, "id": 4512, "object_no": null, "object_name": null, "layer_type_id": 213, "valid_to": null, "address_no": null, "border_type": "solid", "border_width": null, "border_color": null, "border_opacity": null, "border_wellknown": "horizline", "fill_type": "color", "fill_color": "#c27ba0", "fill_opacity": 1, "fill_wellknown": "horizline", "fill_shape_color": null, "fill_shape_width": null, "fill_shape_size": null, "fill_img_url": null, "marker_img_url": null}},{"type": "Feature", "id": "layer_data_map.fid--27e80436_1a098b908f8_-3bec", "geometry": {"type": "Point", "coordinates": [106.88624303, 47.9253184]}, "geometry_name": "geom", "properties": {"guid": 4513, "id": 4513, "object_no": null, "object_name": null, "layer_type_id": 213, "valid_to": null, "address_no": null, "border_type": "solid", "border_width": null, "border_color": null, "border_opacity": null, "border_wellknown": "horizline", "fill_type": "color", "fill_color": "#c27ba0", "fill_opacity": 1, "fill_wellknown": "horizline", "fill_shape_color": null, "fill_shape_width": null, "fill_shape_size": null, "fill_img_url": null, "marker_img_url": null}},{"type": "Feature", "id": "layer_data_map.fid--27e80436_1a098b908f8_-3beb", "geometry": {"type": "Point", "coordinates": [106.82779867, 47.97817939]}, "geometry_name": "geom", "properties": {"guid": 4514, "id": 4514, "object_no": null, "object_name": null, "layer_type_id": 213, "valid_to": null, "address_no": null, "border_type": "solid", "border_width": null, "border_color": null, "border_opacity": null, "border_wellknown": "horizline", "fill_type": "color", "fill_color": "#c27ba0", "fill_opacity": 1, "fill_wellknown": "horizline", "fill_shape_color": null, "fill_shape_width": null, "fill_shape_size": null, "fill_img_url": null, "marker_img_url": null}},{"type": "Feature", "id": "layer_data_map.fid--27e80436_1a098b908f8_-3bea", "geometry": {"type": "Point", "coordinates": [106.84462635, 47.96475964]}, "geometry_name": "geom", "properties": {"guid": 4515, "id": 4515, "object_no": null, "object_name": null, "layer_type_id": 213, "valid_to": null, "address_no": null, "border_type": "solid", "border_width": null, "border_color": null, "border_opacity": null, "border_wellknown": "horizline", "fill_type": "color", "fill_color": "#c27ba0", "fill_opacity": 1, "fill_wellknown": "horizline", "fill_shape_color": null, "fill_shape_width": null, "fill_shape_size": null, "fill_img_url": null, "marker_img_url": null}},{"type": "Feature", "id": "layer_data_map.fid--27e80436_1a098b908f8_-3be9", "geometry": {"type": "Point", "coordinates": [106.77997826, 47.9157516]}, "geometry_name": "geom", "properties": {"guid": 4516, "id": 4516, "object_no": null, "object_name": null, "layer_type_id": 213, "valid_to": null, "address_no": null, "border_type": "solid", "border_width": null, "border_color": null, "border_opacity": null, "border_wellknown": "horizline", "fill_type": "color", "fill_color": "#c27ba0", "fill_opacity": 1, "fill_wellknown": "horizline", "fill_shape_color": null, "fill_shape_width": null, "fill_shape_size": null, "fill_img_url": null, "marker_img_url": null}},{"type": "Feature", "id": "layer_data_map.fid--27e80436_1a098b908f8_-3be8", "geometry": {"type": "Point", "coordinates": [106.82114622, 47.94458499]}, "geometry_name": "geom", "properties": {"guid": 4517, "id": 4517, "object_no": null, "object_name": null, "layer_type_id": 213, "valid_to": null, "address_no": null, "border_type": "solid", "border_width": null, "border_color": null, "border_opacity": null, "border_wellknown": "horizline", "fill_type": "color", "fill_color": "#c27ba0", "fill_opacity": 1, "fill_wellknown": "horizline", "fill_shape_color": null, "fill_shape_width": null, "fill_shape_size": null, "fill_img_url": null, "marker_img_url": null}},{"type": "Feature", "id": "layer_data_map.fid--27e80436_1a098b908f8_-3be7", "geometry": {"type": "Point", "coordinates": [106.81648481, 47.93202813]}, "geometry_name": "geom", "properties": {"guid": 4518, "id": 4518, "object_no": null, "object_name": null, "layer_type_id": 213, "valid_to": null, "address_no": null, "border_type": "solid", "border_width": null, "border_color": null, "border_opacity": null, "border_wellknown": "horizline", "fill_type": "color", "fill_color": "#c27ba0", "fill_opacity": 1, "fill_wellknown": "horizline", "fill_shape_color": null, "fill_shape_width": null, "fill_shape_size": null, "fill_img_url": null, "marker_img_url": null}},{"type": "Feature", "id": "layer_data_map.fid--27e80436_1a098b908f8_-3be6", "geometry": {"type": "Point", "coordinates": [106.82374378, 47.92599721]}, "geometry_name": "geom", "properties": {"guid": 4519, "id": 4519, "object_no": null, "object_name": null, "layer_type_id": 213, "valid_to": null, "address_no": null, "border_type": "solid", "border_width": null, "border_color": null, "border_opacity": null, "border_wellknown": "horizline", "fill_type": "color", "fill_color": "#c27ba0", "fill_opacity": 1, "fill_wellknown": "horizline", "fill_shape_color": null, "fill_shape_width": null, "fill_shape_size": null, "fill_img_url": null, "marker_img_url": null}},{"type": "Feature", "id": "layer_data_map.fid--27e80436_1a098b908f8_-3be5", "geometry": {"type": "Point", "coordinates": [106.86271598, 47.92466724]}, "geometry_name": "geom", "properties": {"guid": 4520, "id": 4520, "object_no": null, "object_name": null, "layer_type_id": 213, "valid_to": null, "address_no": null, "border_type": "solid", "border_width": null, "border_color": null, "border_opacity": null, "border_wellknown": "horizline", "fill_type": "color", "fill_color": "#c27ba0", "fill_opacity": 1, "fill_wellknown": "horizline", "fill_shape_color": null, "fill_shape_width": null, "fill_shape_size": null, "fill_img_url": null, "marker_img_url": null}},{"type": "Feature", "id": "layer_data_map.fid--27e80436_1a098b908f8_-3be4", "geometry": {"type": "Point", "coordinates": [106.85154569, 47.92370731]}, "geometry_name": "geom", "properties": {"guid": 4521, "id": 4521, "object_no": null, "object_name": null, "layer_type_id": 213, "valid_to": null, "address_no": null, "border_type": "solid", "border_width": null, "border_color": null, "border_opacity": null, "border_wellknown": "horizline", "fill_type": "color", "fill_color": "#c27ba0", "fill_opacity": 1, "fill_wellknown": "horizline", "fill_shape_color": null, "fill_shape_width": null, "fill_shape_size": null, "fill_img_url": null, "marker_img_url": null}},{"type": "Feature", "id": "layer_data_map.fid--27e80436_1a098b908f8_-3be3", "geometry": {"type": "Point", "coordinates": [106.89914014, 47.93863099]}, "geometry_name": "geom", "properties": {"guid": 4522, "id": 4522, "object_no": null, "object_name": null, "layer_type_id": 213, "valid_to": null, "address_no": null, "border_type": "solid", "border_width": null, "border_color": null, "border_opacity": null, "border_wellknown": "horizline", "fill_type": "color", "fill_color": "#c27ba0", "fill_opacity": 1, "fill_wellknown": "horizline", "fill_shape_color": null, "fill_shape_width": null, "fill_shape_size": null, "fill_img_url": null, "marker_img_url": null}},{"type": "Feature", "id": "layer_data_map.fid--27e80436_1a098b908f8_-3be2", "geometry": {"type": "Point", "coordinates": [106.95767244, 47.9178673]}, "geometry_name": "geom", "properties": {"guid": 4523, "id": 4523, "object_no": null, "object_name": null, "layer_type_id": 213, "valid_to": null, "address_no": null, "border_type": "solid", "border_width": null, "border_color": null, "border_opacity": null, "border_wellknown": "horizline", "fill_type": "color", "fill_color": "#c27ba0", "fill_opacity": 1, "fill_wellknown": "horizline", "fill_shape_color": null, "fill_shape_width": null, "fill_shape_size": null, "fill_img_url": null, "marker_img_url": null}},{"type": "Feature", "id": "layer_data_map.fid--27e80436_1a098b908f8_-3be1", "geometry": {"type": "Point", "coordinates": [106.94767959, 47.916623]}, "geometry_name": "geom", "properties": {"guid": 4524, "id": 4524, "object_no": null, "object_name": null, "layer_type_id": 213, "valid_to": null, "address_no": null, "border_type": "solid", "border_width": null, "border_color": null, "border_opacity": null, "border_wellknown": "horizline", "fill_type": "color", "fill_color": "#c27ba0", "fill_opacity": 1, "fill_wellknown": "horizline", "fill_shape_color": null, "fill_shape_width": null, "fill_shape_size": null, "fill_img_url": null, "marker_img_url": null}},{"type": "Feature", "id": "layer_data_map.fid--27e80436_1a098b908f8_-3be0", "geometry": {"type": "Point", "coordinates": [107.00180421, 47.92845648]}, "geometry_name": "geom", "properties": {"guid": 4525, "id": 4525, "object_no": null, "object_name": null, "layer_type_id": 213, "valid_to": null, "address_no": null, "border_type": "solid", "border_width": null, "border_color": null, "border_opacity": null, "border_wellknown": "horizline", "fill_type": "color", "fill_color": "#c27ba0", "fill_opacity": 1, "fill_wellknown": "horizline", "fill_shape_color": null, "fill_shape_width": null, "fill_shape_size": null, "fill_img_url": null, "marker_img_url": null}},{"type": "Feature", "id": "layer_data_map.fid--27e80436_1a098b908f8_-3bdf", "geometry": {"type": "Point", "coordinates": [106.97955466, 47.92884305]}, "geometry_name": "geom", "properties": {"guid": 4526, "id": 4526, "object_no": null, "object_name": null, "layer_type_id": 213, "valid_to": null, "address_no": null, "border_type": "solid", "border_width": null, "border_color": null, "border_opacity": null, "border_wellknown": "horizline", "fill_type": "color", "fill_color": "#c27ba0", "fill_opacity": 1, "fill_wellknown": "horizline", "fill_shape_color": null, "fill_shape_width": null, "fill_shape_size": null, "fill_img_url": null, "marker_img_url": null}},{"type": "Feature", "id": "layer_data_map.fid--27e80436_1a098b908f8_-3bde", "geometry": {"type": "Point", "coordinates": [106.87276998, 47.92415978]}, "geometry_name": "geom", "properties": {"guid": 4527, "id": 4527, "object_no": null, "object_name": null, "layer_type_id": 213, "valid_to": null, "address_no": null, "border_type": "solid", "border_width": null, "border_color": null, "border_opacity": null, "border_wellknown": "horizline", "fill_type": "color", "fill_color": "#c27ba0", "fill_opacity": 1, "fill_wellknown": "horizline", "fill_shape_color": null, "fill_shape_width": null, "fill_shape_size": null, "fill_img_url": null, "marker_img_url": null}},{"type": "Feature", "id": "layer_data_map.fid--27e80436_1a098b908f8_-3bdd", "geometry": {"type": "Point", "coordinates": [106.86192552, 47.9174172]}, "geometry_name": "geom", "properties": {"guid": 4528, "id": 4528, "object_no": null, "object_name": null, "layer_type_id": 213, "valid_to": null, "address_no": null, "border_type": "solid", "border_width": null, "border_color": null, "border_opacity": null, "border_wellknown": "horizline", "fill_type": "color", "fill_color": "#c27ba0", "fill_opacity": 1, "fill_wellknown": "horizline", "fill_shape_color": null, "fill_shape_width": null, "fill_shape_size": null, "fill_img_url": null, "marker_img_url": null}},{"type": "Feature", "id": "layer_data_map.fid--27e80436_1a098b908f8_-3bdc", "geometry": {"type": "Point", "coordinates": [106.85903707, 47.91268372]}, "geometry_name": "geom", "properties": {"guid": 4529, "id": 4529, "object_no": null, "object_name": null, "layer_type_id": 213, "valid_to": null, "address_no": null, "border_type": "solid", "border_width": null, "border_color": null, "border_opacity": null, "border_wellknown": "horizline", "fill_type": "color", "fill_color": "#c27ba0", "fill_opacity": 1, "fill_wellknown": "horizline", "fill_shape_color": null, "fill_shape_width": null, "fill_shape_size": null, "fill_img_url": null, "marker_img_url": null}},{"type": "Feature", "id": "layer_data_map.fid--27e80436_1a098b908f8_-3bdb", "geometry": {"type": "Point", "coordinates": [106.86198264, 47.91254264]}, "geometry_name": "geom", "properties": {"guid": 4530, "id": 4530, "object_no": null, "object_name": null, "layer_type_id": 213, "valid_to": null, "address_no": null, "border_type": "solid", "border_width": null, "border_color": null, "border_opacity": null, "border_wellknown": "horizline", "fill_type": "color", "fill_color": "#c27ba0", "fill_opacity": 1, "fill_wellknown": "horizline", "fill_shape_color": null, "fill_shape_width": null, "fill_shape_size": null, "fill_img_url": null, "marker_img_url": null}},{"type": "Feature", "id": "layer_data_map.fid--27e80436_1a098b908f8_-3bda", "geometry": {"type": "Point", "coordinates": [106.87022858, 47.92448273]}, "geometry_name": "geom", "properties": {"guid": 4531, "id": 4531, "object_no": null, "object_name": null, "layer_type_id": 213, "valid_to": null, "address_no": null, "border_type": "solid", "border_width": null, "border_color": null, "border_opacity": null, "border_wellknown": "horizline", "fill_type": "color", "fill_color": "#c27ba0", "fill_opacity": 1, "fill_wellknown": "horizline", "fill_shape_color": null, "fill_shape_width": null, "fill_shape_size": null, "fill_img_url": null, "marker_img_url": null}},{"type": "Feature", "id": "layer_data_map.fid--27e80436_1a098b908f8_-3bd9", "geometry": {"type": "Point", "coordinates": [106.93734135, 47.91383098]}, "geometry_name": "geom", "properties": {"guid": 4532, "id": 4532, "object_no": null, "object_name": null, "layer_type_id": 213, "valid_to": null, "address_no": null, "border_type": "solid", "border_width": null, "border_color": null, "border_opacity": null, "border_wellknown": "horizline", "fill_type": "color", "fill_color": "#c27ba0", "fill_opacity": 1, "fill_wellknown": "horizline", "fill_shape_color": null, "fill_shape_width": null, "fill_shape_size": null, "fill_img_url": null, "marker_img_url": null}},{"type": "Feature", "id": "layer_data_map.fid--27e80436_1a098b908f8_-3bd8", "geometry": {"type": "Point", "coordinates": [106.9667343, 47.91476708]}, "geometry_name": "geom", "properties": {"guid": 4533, "id": 4533, "object_no": null, "object_name": null, "layer_type_id": 213, "valid_to": null, "address_no": null, "border_type": "solid", "border_width": null, "border_color": null, "border_opacity": null, "border_wellknown": "horizline", "fill_type": "color", "fill_color": "#c27ba0", "fill_opacity": 1, "fill_wellknown": "horizline", "fill_shape_color": null, "fill_shape_width": null, "fill_shape_size": null, "fill_img_url": null, "marker_img_url": null}},{"type": "Feature", "id": "layer_data_map.fid--27e80436_1a098b908f8_-3bd7", "geometry": {"type": "Point", "coordinates": [106.94723204, 47.92130388]}, "geometry_name": "geom", "properties": {"guid": 4534, "id": 4534, "object_no": null, "object_name": null, "layer_type_id": 213, "valid_to": null, "address_no": null, "border_type": "solid", "border_width": null, "border_color": null, "border_opacity": null, "border_wellknown": "horizline", "fill_type": "color", "fill_color": "#c27ba0", "fill_opacity": 1, "fill_wellknown": "horizline", "fill_shape_color": null, "fill_shape_width": null, "fill_shape_size": null, "fill_img_url": null, "marker_img_url": null}},{"type": "Feature", "id": "layer_data_map.fid--27e80436_1a098b908f8_-3bd6", "geometry": {"type": "Point", "coordinates": [106.95772054, 47.91657557]}, "geometry_name": "geom", "properties": {"guid": 4535, "id": 4535, "object_no": null, "object_name": null, "layer_type_id": 213, "valid_to": null, "address_no": null, "border_type": "solid", "border_width": null, "border_color": null, "border_opacity": null, "border_wellknown": "horizline", "fill_type": "color", "fill_color": "#c27ba0", "fill_opacity": 1, "fill_wellknown": "horizline", "fill_shape_color": null, "fill_shape_width": null, "fill_shape_size": null, "fill_img_url": null, "marker_img_url": null}},{"type": "Feature", "id": "layer_data_map.fid--27e80436_1a098b908f8_-3bd5", "geometry": {"type": "Point", "coordinates": [106.95605833, 47.91660391]}, "geometry_name": "geom", "properties": {"guid": 4536, "id": 4536, "object_no": null, "object_name": null, "layer_type_id": 213, "valid_to": null, "address_no": null, "border_type": "solid", "border_width": null, "border_color": null, "border_opacity": null, "border_wellknown": "horizline", "fill_type": "color", "fill_color": "#c27ba0", "fill_opacity": 1, "fill_wellknown": "horizline", "fill_shape_color": null, "fill_shape_width": null, "fill_shape_size": null, "fill_img_url": null, "marker_img_url": null}},{"type": "Feature", "id": "layer_data_map.fid--27e80436_1a098b908f8_-3bd4", "geometry": {"type": "Point", "coordinates": [106.93994615, 47.92588365]}, "geometry_name": "geom", "properties": {"guid": 4537, "id": 4537, "object_no": null, "object_name": null, "layer_type_id": 213, "valid_to": null, "address_no": null, "border_type": "solid", "border_width": null, "border_color": null, "border_opacity": null, "border_wellknown": "horizline", "fill_type": "color", "fill_color": "#c27ba0", "fill_opacity": 1, "fill_wellknown": "horizline", "fill_shape_color": null, "fill_shape_width": null, "fill_shape_size": null, "fill_img_url": null, "marker_img_url": null}},{"type": "Feature", "id": "layer_data_map.fid--27e80436_1a098b908f8_-3bd3", "geometry": {"type": "Point", "coordinates": [106.94819087, 47.91694669]}, "geometry_name": "geom", "properties": {"guid": 4538, "id": 4538, "object_no": null, "object_name": null, "layer_type_id": 213, "valid_to": null, "address_no": null, "border_type": "solid", "border_width": null, "border_color": null, "border_opacity": null, "border_wellknown": "horizline", "fill_type": "color", "fill_color": "#c27ba0", "fill_opacity": 1, "fill_wellknown": "horizline", "fill_shape_color": null, "fill_shape_width": null, "fill_shape_size": null, "fill_img_url": null, "marker_img_url": null}},{"type": "Feature", "id": "layer_data_map.fid--27e80436_1a098b908f8_-3bd2", "geometry": {"type": "Point", "coordinates": [106.93743886, 47.91592519]}, "geometry_name": "geom", "properties": {"guid": 4539, "id": 4539, "object_no": null, "object_name": null, "layer_type_id": 213, "valid_to": null, "address_no": null, "border_type": "solid", "border_width": null, "border_color": null, "border_opacity": null, "border_wellknown": "horizline", "fill_type": "color", "fill_color": "#c27ba0", "fill_opacity": 1, "fill_wellknown": "horizline", "fill_shape_color": null, "fill_shape_width": null, "fill_shape_size": null, "fill_img_url": null, "marker_img_url": null}},{"type": "Feature", "id": "layer_data_map.fid--27e80436_1a098b908f8_-3bd1", "geometry": {"type": "Point", "coordinates": [106.90131579, 47.91097286]}, "geometry_name": "geom", "properties": {"guid": 4540, "id": 4540, "object_no": null, "object_name": null, "layer_type_id": 213, "valid_to": null, "address_no": null, "border_type": "solid", "border_width": null, "border_color": null, "border_opacity": null, "border_wellknown": "horizline", "fill_type": "color", "fill_color": "#c27ba0", "fill_opacity": 1, "fill_wellknown": "horizline", "fill_shape_color": null, "fill_shape_width": null, "fill_shape_size": null, "fill_img_url": null, "marker_img_url": null}},{"type": "Feature", "id": "layer_data_map.fid--27e80436_1a098b908f8_-3bd0", "geometry": {"type": "Point", "coordinates": [106.92905308, 47.9267612]}, "geometry_name": "geom", "properties": {"guid": 4541, "id": 4541, "object_no": null, "object_name": null, "layer_type_id": 213, "valid_to": null, "address_no": null, "border_type": "solid", "border_width": null, "border_color": null, "border_opacity": null, "border_wellknown": "horizline", "fill_type": "color", "fill_color": "#c27ba0", "fill_opacity": 1, "fill_wellknown": "horizline", "fill_shape_color": null, "fill_shape_width": null, "fill_shape_size": null, "fill_img_url": null, "marker_img_url": null}},{"type": "Feature", "id": "layer_data_map.fid--27e80436_1a098b908f8_-3bcf", "geometry": {"type": "Point", "coordinates": [106.91680207, 47.92377841]}, "geometry_name": "geom", "properties": {"guid": 4542, "id": 4542, "object_no": null, "object_name": null, "layer_type_id": 213, "valid_to": null, "address_no": null, "border_type": "solid", "border_width": null, "border_color": null, "border_opacity": null, "border_wellknown": "horizline", "fill_type": "color", "fill_color": "#c27ba0", "fill_opacity": 1, "fill_wellknown": "horizline", "fill_shape_color": null, "fill_shape_width": null, "fill_shape_size": null, "fill_img_url": null, "marker_img_url": null}},{"type": "Feature", "id": "layer_data_map.fid--27e80436_1a098b908f8_-3bce", "geometry": {"type": "Point", "coordinates": [106.90128868, 47.91152568]}, "geometry_name": "geom", "properties": {"guid": 4543, "id": 4543, "object_no": null, "object_name": null, "layer_type_id": 213, "valid_to": null, "address_no": null, "border_type": "solid", "border_width": null, "border_color": null, "border_opacity": null, "border_wellknown": "horizline", "fill_type": "color", "fill_color": "#c27ba0", "fill_opacity": 1, "fill_wellknown": "horizline", "fill_shape_color": null, "fill_shape_width": null, "fill_shape_size": null, "fill_img_url": null, "marker_img_url": null}},{"type": "Feature", "id": "layer_data_map.fid--27e80436_1a098b908f8_-3bcd", "geometry": {"type": "Point", "coordinates": [106.84048674, 47.91228158]}, "geometry_name": "geom", "properties": {"guid": 4544, "id": 4544, "object_no": null, "object_name": null, "layer_type_id": 213, "valid_to": null, "address_no": null, "border_type": "solid", "border_width": null, "border_color": null, "border_opacity": null, "border_wellknown": "horizline", "fill_type": "color", "fill_color": "#c27ba0", "fill_opacity": 1, "fill_wellknown": "horizline", "fill_shape_color": null, "fill_shape_width": null, "fill_shape_size": null, "fill_img_url": null, "marker_img_url": null}},{"type": "Feature", "id": "layer_data_map.fid--27e80436_1a098b908f8_-3bcc", "geometry": {"type": "Point", "coordinates": [106.83143315, 47.91347063]}, "geometry_name": "geom", "properties": {"guid": 4545, "id": 4545, "object_no": null, "object_name": null, "layer_type_id": 213, "valid_to": null, "address_no": null, "border_type": "solid", "border_width": null, "border_color": null, "border_opacity": null, "border_wellknown": "horizline", "fill_type": "color", "fill_color": "#c27ba0", "fill_opacity": 1, "fill_wellknown": "horizline", "fill_shape_color": null, "fill_shape_width": null, "fill_shape_size": null, "fill_img_url": null, "marker_img_url": null}},{"type": "Feature", "id": "layer_data_map.fid--27e80436_1a098b908f8_-3bcb", "geometry": {"type": "Point", "coordinates": [106.84405416, 47.9157208]}, "geometry_name": "geom", "properties": {"guid": 4546, "id": 4546, "object_no": null, "object_name": null, "layer_type_id": 213, "valid_to": null, "address_no": null, "border_type": "solid", "border_width": null, "border_color": null, "border_opacity": null, "border_wellknown": "horizline", "fill_type": "color", "fill_color": "#c27ba0", "fill_opacity": 1, "fill_wellknown": "horizline", "fill_shape_color": null, "fill_shape_width": null, "fill_shape_size": null, "fill_img_url": null, "marker_img_url": null}},{"type": "Feature", "id": "layer_data_map.fid--27e80436_1a098b908f8_-3bca", "geometry": {"type": "Point", "coordinates": [106.93371849, 47.91607225]}, "geometry_name": "geom", "properties": {"guid": 4547, "id": 4547, "object_no": null, "object_name": null, "layer_type_id": 213, "valid_to": null, "address_no": null, "border_type": "solid", "border_width": null, "border_color": null, "border_opacity": null, "border_wellknown": "horizline", "fill_type": "color", "fill_color": "#c27ba0", "fill_opacity": 1, "fill_wellknown": "horizline", "fill_shape_color": null, "fill_shape_width": null, "fill_shape_size": null, "fill_img_url": null, "marker_img_url": null}},{"type": "Feature", "id": "layer_data_map.fid--27e80436_1a098b908f8_-3bc9", "geometry": {"type": "Point", "coordinates": [106.90079943, 47.91205456]}, "geometry_name": "geom", "properties": {"guid": 4548, "id": 4548, "object_no": null, "object_name": null, "layer_type_id": 213, "valid_to": null, "address_no": null, "border_type": "solid", "border_width": null, "border_color": null, "border_opacity": null, "border_wellknown": "horizline", "fill_type": "color", "fill_color": "#c27ba0", "fill_opacity": 1, "fill_wellknown": "horizline", "fill_shape_color": null, "fill_shape_width": null, "fill_shape_size": null, "fill_img_url": null, "marker_img_url": null}},{"type": "Feature", "id": "layer_data_map.fid--27e80436_1a098b908f8_-3bc8", "geometry": {"type": "Point", "coordinates": [106.92916934, 47.92828955]}, "geometry_name": "geom", "properties": {"guid": 4549, "id": 4549, "object_no": null, "object_name": null, "layer_type_id": 213, "valid_to": null, "address_no": null, "border_type": "solid", "border_width": null, "border_color": null, "border_opacity": null, "border_wellknown": "horizline", "fill_type": "color", "fill_color": "#c27ba0", "fill_opacity": 1, "fill_wellknown": "horizline", "fill_shape_color": null, "fill_shape_width": null, "fill_shape_size": null, "fill_img_url": null, "marker_img_url": null}},{"type": "Feature", "id": "layer_data_map.fid--27e80436_1a098b908f8_-3bc7", "geometry": {"type": "Point", "coordinates": [106.91031793, 47.91115711]}, "geometry_name": "geom", "properties": {"guid": 4550, "id": 4550, "object_no": null, "object_name": null, "layer_type_id": 213, "valid_to": null, "address_no": null, "border_type": "solid", "border_width": null, "border_color": null, "border_opacity": null, "border_wellknown": "horizline", "fill_type": "color", "fill_color": "#c27ba0", "fill_opacity": 1, "fill_wellknown": "horizline", "fill_shape_color": null, "fill_shape_width": null, "fill_shape_size": null, "fill_img_url": null, "marker_img_url": null}},{"type": "Feature", "id": "layer_data_map.fid--27e80436_1a098b908f8_-3bc6", "geometry": {"type": "Point", "coordinates": [106.925242, 47.91564783]}, "geometry_name": "geom", "properties": {"guid": 4551, "id": 4551, "object_no": null, "object_name": null, "layer_type_id": 213, "valid_to": null, "address_no": null, "border_type": "solid", "border_width": null, "border_color": null, "border_opacity": null, "border_wellknown": "horizline", "fill_type": "color", "fill_color": "#c27ba0", "fill_opacity": 1, "fill_wellknown": "horizline", "fill_shape_color": null, "fill_shape_width": null, "fill_shape_size": null, "fill_img_url": null, "marker_img_url": null}},{"type": "Feature", "id": "layer_data_map.fid--27e80436_1a098b908f8_-3bc5", "geometry": {"type": "Point", "coordinates": [106.91556086, 47.92769726]}, "geometry_name": "geom", "properties": {"guid": 4552, "id": 4552, "object_no": null, "object_name": null, "layer_type_id": 213, "valid_to": null, "address_no": null, "border_type": "solid", "border_width": null, "border_color": null, "border_opacity": null, "border_wellknown": "horizline", "fill_type": "color", "fill_color": "#c27ba0", "fill_opacity": 1, "fill_wellknown": "horizline", "fill_shape_color": null, "fill_shape_width": null, "fill_shape_size": null, "fill_img_url": null, "marker_img_url": null}},{"type": "Feature", "id": "layer_data_map.fid--27e80436_1a098b908f8_-3bc4", "geometry": {"type": "Point", "coordinates": [106.90376954, 47.92508206]}, "geometry_name": "geom", "properties": {"guid": 4553, "id": 4553, "object_no": null, "object_name": null, "layer_type_id": 213, "valid_to": null, "address_no": null, "border_type": "solid", "border_width": null, "border_color": null, "border_opacity": null, "border_wellknown": "horizline", "fill_type": "color", "fill_color": "#c27ba0", "fill_opacity": 1, "fill_wellknown": "horizline", "fill_shape_color": null, "fill_shape_width": null, "fill_shape_size": null, "fill_img_url": null, "marker_img_url": null}},{"type": "Feature", "id": "layer_data_map.fid--27e80436_1a098b908f8_-3bc3", "geometry": {"type": "Point", "coordinates": [106.9091521, 47.92152997]}, "geometry_name": "geom", "properties": {"guid": 4554, "id": 4554, "object_no": null, "object_name": null, "layer_type_id": 213, "valid_to": null, "address_no": null, "border_type": "solid", "border_width": null, "border_color": null, "border_opacity": null, "border_wellknown": "horizline", "fill_type": "color", "fill_color": "#c27ba0", "fill_opacity": 1, "fill_wellknown": "horizline", "fill_shape_color": null, "fill_shape_width": null, "fill_shape_size": null, "fill_img_url": null, "marker_img_url": null}},{"type": "Feature", "id": "layer_data_map.fid--27e80436_1a098b908f8_-3bc2", "geometry": {"type": "Point", "coordinates": [106.89887884, 47.91247939]}, "geometry_name": "geom", "properties": {"guid": 4555, "id": 4555, "object_no": null, "object_name": null, "layer_type_id": 213, "valid_to": null, "address_no": null, "border_type": "solid", "border_width": null, "border_color": null, "border_opacity": null, "border_wellknown": "horizline", "fill_type": "color", "fill_color": "#c27ba0", "fill_opacity": 1, "fill_wellknown": "horizline", "fill_shape_color": null, "fill_shape_width": null, "fill_shape_size": null, "fill_img_url": null, "marker_img_url": null}},{"type": "Feature", "id": "layer_data_map.fid--27e80436_1a098b908f8_-3bc1", "geometry": {"type": "Point", "coordinates": [106.82655827, 47.9120408]}, "geometry_name": "geom", "properties": {"guid": 4556, "id": 4556, "object_no": null, "object_name": null, "layer_type_id": 213, "valid_to": null, "address_no": null, "border_type": "solid", "border_width": null, "border_color": null, "border_opacity": null, "border_wellknown": "horizline", "fill_type": "color", "fill_color": "#c27ba0", "fill_opacity": 1, "fill_wellknown": "horizline", "fill_shape_color": null, "fill_shape_width": null, "fill_shape_size": null, "fill_img_url": null, "marker_img_url": null}},{"type": "Feature", "id": "layer_data_map.fid--27e80436_1a098b908f8_-3bc0", "geometry": {"type": "Point", "coordinates": [106.83560218, 47.91465705]}, "geometry_name": "geom", "properties": {"guid": 4557, "id": 4557, "object_no": null, "object_name": null, "layer_type_id": 213, "valid_to": null, "address_no": null, "border_type": "solid", "border_width": null, "border_color": null, "border_opacity": null, "border_wellknown": "horizline", "fill_type": "color", "fill_color": "#c27ba0", "fill_opacity": 1, "fill_wellknown": "horizline", "fill_shape_color": null, "fill_shape_width": null, "fill_shape_size": null, "fill_img_url": null, "marker_img_url": null}},{"type": "Feature", "id": "layer_data_map.fid--27e80436_1a098b908f8_-3bbf", "geometry": {"type": "Point", "coordinates": [106.91998889, 47.90057138]}, "geometry_name": "geom", "properties": {"guid": 4558, "id": 4558, "object_no": null, "object_name": null, "layer_type_id": 213, "valid_to": null, "address_no": null, "border_type": "solid", "border_width": null, "border_color": null, "border_opacity": null, "border_wellknown": "horizline", "fill_type": "color", "fill_color": "#c27ba0", "fill_opacity": 1, "fill_wellknown": "horizline", "fill_shape_color": null, "fill_shape_width": null, "fill_shape_size": null, "fill_img_url": null, "marker_img_url": null}},{"type": "Feature", "id": "layer_data_map.fid--27e80436_1a098b908f8_-3bbe", "geometry": {"type": "Point", "coordinates": [106.91950188, 47.90078348]}, "geometry_name": "geom", "properties": {"guid": 4559, "id": 4559, "object_no": null, "object_name": null, "layer_type_id": 213, "valid_to": null, "address_no": null, "border_type": "solid", "border_width": null, "border_color": null, "border_opacity": null, "border_wellknown": "horizline", "fill_type": "color", "fill_color": "#c27ba0", "fill_opacity": 1, "fill_wellknown": "horizline", "fill_shape_color": null, "fill_shape_width": null, "fill_shape_size": null, "fill_img_url": null, "marker_img_url": null}},{"type": "Feature", "id": "layer_data_map.fid--27e80436_1a098b908f8_-3bbd", "geometry": {"type": "Point", "coordinates": [106.91367584, 47.96929953]}, "geometry_name": "geom", "properties": {"guid": 4560, "id": 4560, "object_no": null, "object_name": null, "layer_type_id": 213, "valid_to": null, "address_no": null, "border_type": "solid", "border_width": null, "border_color": null, "border_opacity": null, "border_wellknown": "horizline", "fill_type": "color", "fill_color": "#c27ba0", "fill_opacity": 1, "fill_wellknown": "horizline", "fill_shape_color": null, "fill_shape_width": null, "fill_shape_size": null, "fill_img_url": null, "marker_img_url": null}},{"type": "Feature", "id": "layer_data_map.fid--27e80436_1a098b908f8_-3bbc", "geometry": {"type": "Point", "coordinates": [106.91888289, 47.93251514]}, "geometry_name": "geom", "properties": {"guid": 4561, "id": 4561, "object_no": null, "object_name": null, "layer_type_id": 213, "valid_to": null, "address_no": null, "border_type": "solid", "border_width": null, "border_color": null, "border_opacity": null, "border_wellknown": "horizline", "fill_type": "color", "fill_color": "#c27ba0", "fill_opacity": 1, "fill_wellknown": "horizline", "fill_shape_color": null, "fill_shape_width": null, "fill_shape_size": null, "fill_img_url": null, "marker_img_url": null}},{"type": "Feature", "id": "layer_data_map.fid--27e80436_1a098b908f8_-3bbb", "geometry": {"type": "Point", "coordinates": [106.90400787, 47.92541596]}, "geometry_name": "geom", "properties": {"guid": 4562, "id": 4562, "object_no": null, "object_name": null, "layer_type_id": 213, "valid_to": null, "address_no": null, "border_type": "solid", "border_width": null, "border_color": null, "border_opacity": null, "border_wellknown": "horizline", "fill_type": "color", "fill_color": "#c27ba0", "fill_opacity": 1, "fill_wellknown": "horizline", "fill_shape_color": null, "fill_shape_width": null, "fill_shape_size": null, "fill_img_url": null, "marker_img_url": null}},{"type": "Feature", "id": "layer_data_map.fid--27e80436_1a098b908f8_-3bba", "geometry": {"type": "Point", "coordinates": [106.91420133, 47.91840962]}, "geometry_name": "geom", "properties": {"guid": 4563, "id": 4563, "object_no": null, "object_name": null, "layer_type_id": 213, "valid_to": null, "address_no": null, "border_type": "solid", "border_width": null, "border_color": null, "border_opacity": null, "border_wellknown": "horizline", "fill_type": "color", "fill_color": "#c27ba0", "fill_opacity": 1, "fill_wellknown": "horizline", "fill_shape_color": null, "fill_shape_width": null, "fill_shape_size": null, "fill_img_url": null, "marker_img_url": null}},{"type": "Feature", "id": "layer_data_map.fid--27e80436_1a098b908f8_-3bb9", "geometry": {"type": "Point", "coordinates": [106.97515116, 47.9110036]}, "geometry_name": "geom", "properties": {"guid": 4564, "id": 4564, "object_no": null, "object_name": null, "layer_type_id": 213, "valid_to": null, "address_no": null, "border_type": "solid", "border_width": null, "border_color": null, "border_opacity": null, "border_wellknown": "horizline", "fill_type": "color", "fill_color": "#c27ba0", "fill_opacity": 1, "fill_wellknown": "horizline", "fill_shape_color": null, "fill_shape_width": null, "fill_shape_size": null, "fill_img_url": null, "marker_img_url": null}},{"type": "Feature", "id": "layer_data_map.fid--27e80436_1a098b908f8_-3bb8", "geometry": {"type": "Point", "coordinates": [106.82677535, 47.95734926]}, "geometry_name": "geom", "properties": {"guid": 4565, "id": 4565, "object_no": null, "object_name": null, "layer_type_id": 213, "valid_to": null, "address_no": null, "border_type": "solid", "border_width": null, "border_color": null, "border_opacity": null, "border_wellknown": "horizline", "fill_type": "color", "fill_color": "#c27ba0", "fill_opacity": 1, "fill_wellknown": "horizline", "fill_shape_color": null, "fill_shape_width": null, "fill_shape_size": null, "fill_img_url": null, "marker_img_url": null}},{"type": "Feature", "id": "layer_data_map.fid--27e80436_1a098b908f8_-3bb7", "geometry": {"type": "Point", "coordinates": [106.83038953, 47.95605376]}, "geometry_name": "geom", "properties": {"guid": 4566, "id": 4566, "object_no": null, "object_name": null, "layer_type_id": 213, "valid_to": null, "address_no": null, "border_type": "solid", "border_width": null, "border_color": null, "border_opacity": null, "border_wellknown": "horizline", "fill_type": "color", "fill_color": "#c27ba0", "fill_opacity": 1, "fill_wellknown": "horizline", "fill_shape_color": null, "fill_shape_width": null, "fill_shape_size": null, "fill_img_url": null, "marker_img_url": null}},{"type": "Feature", "id": "layer_data_map.fid--27e80436_1a098b908f8_-3bb6", "geometry": {"type": "Point", "coordinates": [106.8314785, 47.95624821]}, "geometry_name": "geom", "properties": {"guid": 4567, "id": 4567, "object_no": null, "object_name": null, "layer_type_id": 213, "valid_to": null, "address_no": null, "border_type": "solid", "border_width": null, "border_color": null, "border_opacity": null, "border_wellknown": "horizline", "fill_type": "color", "fill_color": "#c27ba0", "fill_opacity": 1, "fill_wellknown": "horizline", "fill_shape_color": null, "fill_shape_width": null, "fill_shape_size": null, "fill_img_url": null, "marker_img_url": null}},{"type": "Feature", "id": "layer_data_map.fid--27e80436_1a098b908f8_-3bb5", "geometry": {"type": "Point", "coordinates": [106.86641231, 47.92097418]}, "geometry_name": "geom", "properties": {"guid": 4568, "id": 4568, "object_no": null, "object_name": null, "layer_type_id": 213, "valid_to": null, "address_no": null, "border_type": "solid", "border_width": null, "border_color": null, "border_opacity": null, "border_wellknown": "horizline", "fill_type": "color", "fill_color": "#c27ba0", "fill_opacity": 1, "fill_wellknown": "horizline", "fill_shape_color": null, "fill_shape_width": null, "fill_shape_size": null, "fill_img_url": null, "marker_img_url": null}},{"type": "Feature", "id": "layer_data_map.fid--27e80436_1a098b908f8_-3bb4", "geometry": {"type": "Point", "coordinates": [107.07725717, 47.91743049]}, "geometry_name": "geom", "properties": {"guid": 4569, "id": 4569, "object_no": null, "object_name": null, "layer_type_id": 213, "valid_to": null, "address_no": null, "border_type": "solid", "border_width": null, "border_color": null, "border_opacity": null, "border_wellknown": "horizline", "fill_type": "color", "fill_color": "#c27ba0", "fill_opacity": 1, "fill_wellknown": "horizline", "fill_shape_color": null, "fill_shape_width": null, "fill_shape_size": null, "fill_img_url": null, "marker_img_url": null}},{"type": "Feature", "id": "layer_data_map.fid--27e80436_1a098b908f8_-3bb3", "geometry": {"type": "Point", "coordinates": [106.95086439, 47.92022798]}, "geometry_name": "geom", "properties": {"guid": 4570, "id": 4570, "object_no": null, "object_name": null, "layer_type_id": 213, "valid_to": null, "address_no": null, "border_type": "solid", "border_width": null, "border_color": null, "border_opacity": null, "border_wellknown": "horizline", "fill_type": "color", "fill_color": "#c27ba0", "fill_opacity": 1, "fill_wellknown": "horizline", "fill_shape_color": null, "fill_shape_width": null, "fill_shape_size": null, "fill_img_url": null, "marker_img_url": null}},{"type": "Feature", "id": "layer_data_map.fid--27e80436_1a098b908f8_-3bb2", "geometry": {"type": "Point", "coordinates": [106.86791944, 47.92498083]}, "geometry_name": "geom", "properties": {"guid": 4571, "id": 4571, "object_no": null, "object_name": null, "layer_type_id": 213, "valid_to": null, "address_no": null, "border_type": "solid", "border_width": null, "border_color": null, "border_opacity": null, "border_wellknown": "horizline", "fill_type": "color", "fill_color": "#c27ba0", "fill_opacity": 1, "fill_wellknown": "horizline", "fill_shape_color": null, "fill_shape_width": null, "fill_shape_size": null, "fill_img_url": null, "marker_img_url": null}},{"type": "Feature", "id": "layer_data_map.fid--27e80436_1a098b908f8_-3bb1", "geometry": {"type": "Point", "coordinates": [106.87430461, 47.91891927]}, "geometry_name": "geom", "properties": {"guid": 4572, "id": 4572, "object_no": null, "object_name": null, "layer_type_id": 213, "valid_to": null, "address_no": null, "border_type": "solid", "border_width": null, "border_color": null, "border_opacity": null, "border_wellknown": "horizline", "fill_type": "color", "fill_color": "#c27ba0", "fill_opacity": 1, "fill_wellknown": "horizline", "fill_shape_color": null, "fill_shape_width": null, "fill_shape_size": null, "fill_img_url": null, "marker_img_url": null}},{"type": "Feature", "id": "layer_data_map.fid--27e80436_1a098b908f8_-3bb0", "geometry": {"type": "Point", "coordinates": [106.87823213, 47.91688293]}, "geometry_name": "geom", "properties": {"guid": 4573, "id": 4573, "object_no": null, "object_name": null, "layer_type_id": 213, "valid_to": null, "address_no": null, "border_type": "solid", "border_width": null, "border_color": null, "border_opacity": null, "border_wellknown": "horizline", "fill_type": "color", "fill_color": "#c27ba0", "fill_opacity": 1, "fill_wellknown": "horizline", "fill_shape_color": null, "fill_shape_width": null, "fill_shape_size": null, "fill_img_url": null, "marker_img_url": null}},{"type": "Feature", "id": "layer_data_map.fid--27e80436_1a098b908f8_-3baf", "geometry": {"type": "Point", "coordinates": [106.88638568, 47.91933668]}, "geometry_name": "geom", "properties": {"guid": 4574, "id": 4574, "object_no": null, "object_name": null, "layer_type_id": 213, "valid_to": null, "address_no": null, "border_type": "solid", "border_width": null, "border_color": null, "border_opacity": null, "border_wellknown": "horizline", "fill_type": "color", "fill_color": "#c27ba0", "fill_opacity": 1, "fill_wellknown": "horizline", "fill_shape_color": null, "fill_shape_width": null, "fill_shape_size": null, "fill_img_url": null, "marker_img_url": null}},{"type": "Feature", "id": "layer_data_map.fid--27e80436_1a098b908f8_-3bae", "geometry": {"type": "Point", "coordinates": [106.88442285, 47.91207107]}, "geometry_name": "geom", "properties": {"guid": 4575, "id": 4575, "object_no": null, "object_name": null, "layer_type_id": 213, "valid_to": null, "address_no": null, "border_type": "solid", "border_width": null, "border_color": null, "border_opacity": null, "border_wellknown": "horizline", "fill_type": "color", "fill_color": "#c27ba0", "fill_opacity": 1, "fill_wellknown": "horizline", "fill_shape_color": null, "fill_shape_width": null, "fill_shape_size": null, "fill_img_url": null, "marker_img_url": null}},{"type": "Feature", "id": "layer_data_map.fid--27e80436_1a098b908f8_-3bad", "geometry": {"type": "Point", "coordinates": [106.85099562, 47.91193327]}, "geometry_name": "geom", "properties": {"guid": 4576, "id": 4576, "object_no": null, "object_name": null, "layer_type_id": 213, "valid_to": null, "address_no": null, "border_type": "solid", "border_width": null, "border_color": null, "border_opacity": null, "border_wellknown": "horizline", "fill_type": "color", "fill_color": "#c27ba0", "fill_opacity": 1, "fill_wellknown": "horizline", "fill_shape_color": null, "fill_shape_width": null, "fill_shape_size": null, "fill_img_url": null, "marker_img_url": null}},{"type": "Feature", "id": "layer_data_map.fid--27e80436_1a098b908f8_-3bac", "geometry": {"type": "Point", "coordinates": [106.94580375, 47.92444334]}, "geometry_name": "geom", "properties": {"guid": 4577, "id": 4577, "object_no": null, "object_name": null, "layer_type_id": 213, "valid_to": null, "address_no": null, "border_type": "solid", "border_width": null, "border_color": null, "border_opacity": null, "border_wellknown": "horizline", "fill_type": "color", "fill_color": "#c27ba0", "fill_opacity": 1, "fill_wellknown": "horizline", "fill_shape_color": null, "fill_shape_width": null, "fill_shape_size": null, "fill_img_url": null, "marker_img_url": null}},{"type": "Feature", "id": "layer_data_map.fid--27e80436_1a098b908f8_-3bab", "geometry": {"type": "Point", "coordinates": [106.89063932, 47.90297569]}, "geometry_name": "geom", "properties": {"guid": 4578, "id": 4578, "object_no": null, "object_name": null, "layer_type_id": 213, "valid_to": null, "address_no": null, "border_type": "solid", "border_width": null, "border_color": null, "border_opacity": null, "border_wellknown": "horizline", "fill_type": "color", "fill_color": "#c27ba0", "fill_opacity": 1, "fill_wellknown": "horizline", "fill_shape_color": null, "fill_shape_width": null, "fill_shape_size": null, "fill_img_url": null, "marker_img_url": null}},{"type": "Feature", "id": "layer_data_map.fid--27e80436_1a098b908f8_-3baa", "geometry": {"type": "Point", "coordinates": [106.88684038, 47.91306755]}, "geometry_name": "geom", "properties": {"guid": 4579, "id": 4579, "object_no": null, "object_name": null, "layer_type_id": 213, "valid_to": null, "address_no": null, "border_type": "solid", "border_width": null, "border_color": null, "border_opacity": null, "border_wellknown": "horizline", "fill_type": "color", "fill_color": "#c27ba0", "fill_opacity": 1, "fill_wellknown": "horizline", "fill_shape_color": null, "fill_shape_width": null, "fill_shape_size": null, "fill_img_url": null, "marker_img_url": null}},{"type": "Feature", "id": "layer_data_map.fid--27e80436_1a098b908f8_-3ba9", "geometry": {"type": "Point", "coordinates": [106.88033161, 47.9207234]}, "geometry_name": "geom", "properties": {"guid": 4580, "id": 4580, "object_no": null, "object_name": null, "layer_type_id": 213, "valid_to": null, "address_no": null, "border_type": "solid", "border_width": null, "border_color": null, "border_opacity": null, "border_wellknown": "horizline", "fill_type": "color", "fill_color": "#c27ba0", "fill_opacity": 1, "fill_wellknown": "horizline", "fill_shape_color": null, "fill_shape_width": null, "fill_shape_size": null, "fill_img_url": null, "marker_img_url": null}},{"type": "Feature", "id": "layer_data_map.fid--27e80436_1a098b908f8_-3ba8", "geometry": {"type": "Point", "coordinates": [106.85579473, 47.91093708]}, "geometry_name": "geom", "properties": {"guid": 4581, "id": 4581, "object_no": null, "object_name": null, "layer_type_id": 213, "valid_to": null, "address_no": null, "border_type": "solid", "border_width": null, "border_color": null, "border_opacity": null, "border_wellknown": "horizline", "fill_type": "color", "fill_color": "#c27ba0", "fill_opacity": 1, "fill_wellknown": "horizline", "fill_shape_color": null, "fill_shape_width": null, "fill_shape_size": null, "fill_img_url": null, "marker_img_url": null}},{"type": "Feature", "id": "layer_data_map.fid--27e80436_1a098b908f8_-3ba7", "geometry": {"type": "Point", "coordinates": [106.86743587, 47.91226717]}, "geometry_name": "geom", "properties": {"guid": 4582, "id": 4582, "object_no": null, "object_name": null, "layer_type_id": 213, "valid_to": null, "address_no": null, "border_type": "solid", "border_width": null, "border_color": null, "border_opacity": null, "border_wellknown": "horizline", "fill_type": "color", "fill_color": "#c27ba0", "fill_opacity": 1, "fill_wellknown": "horizline", "fill_shape_color": null, "fill_shape_width": null, "fill_shape_size": null, "fill_img_url": null, "marker_img_url": null}},{"type": "Feature", "id": "layer_data_map.fid--27e80436_1a098b908f8_-3ba6", "geometry": {"type": "Point", "coordinates": [106.85671286, 47.91178437]}, "geometry_name": "geom", "properties": {"guid": 4583, "id": 4583, "object_no": null, "object_name": null, "layer_type_id": 213, "valid_to": null, "address_no": null, "border_type": "solid", "border_width": null, "border_color": null, "border_opacity": null, "border_wellknown": "horizline", "fill_type": "color", "fill_color": "#c27ba0", "fill_opacity": 1, "fill_wellknown": "horizline", "fill_shape_color": null, "fill_shape_width": null, "fill_shape_size": null, "fill_img_url": null, "marker_img_url": null}},{"type": "Feature", "id": "layer_data_map.fid--27e80436_1a098b908f8_-3ba5", "geometry": {"type": "Point", "coordinates": [106.86682999, 47.91481625]}, "geometry_name": "geom", "properties": {"guid": 4584, "id": 4584, "object_no": null, "object_name": null, "layer_type_id": 213, "valid_to": null, "address_no": null, "border_type": "solid", "border_width": null, "border_color": null, "border_opacity": null, "border_wellknown": "horizline", "fill_type": "color", "fill_color": "#c27ba0", "fill_opacity": 1, "fill_wellknown": "horizline", "fill_shape_color": null, "fill_shape_width": null, "fill_shape_size": null, "fill_img_url": null, "marker_img_url": null}},{"type": "Feature", "id": "layer_data_map.fid--27e80436_1a098b908f8_-3ba4", "geometry": {"type": "Point", "coordinates": [106.85806438, 47.91553125]}, "geometry_name": "geom", "properties": {"guid": 4585, "id": 4585, "object_no": null, "object_name": null, "layer_type_id": 213, "valid_to": null, "address_no": null, "border_type": "solid", "border_width": null, "border_color": null, "border_opacity": null, "border_wellknown": "horizline", "fill_type": "color", "fill_color": "#c27ba0", "fill_opacity": 1, "fill_wellknown": "horizline", "fill_shape_color": null, "fill_shape_width": null, "fill_shape_size": null, "fill_img_url": null, "marker_img_url": null}},{"type": "Feature", "id": "layer_data_map.fid--27e80436_1a098b908f8_-3ba3", "geometry": {"type": "Point", "coordinates": [106.8523597, 47.91224464]}, "geometry_name": "geom", "properties": {"guid": 4586, "id": 4586, "object_no": null, "object_name": null, "layer_type_id": 213, "valid_to": null, "address_no": null, "border_type": "solid", "border_width": null, "border_color": null, "border_opacity": null, "border_wellknown": "horizline", "fill_type": "color", "fill_color": "#c27ba0", "fill_opacity": 1, "fill_wellknown": "horizline", "fill_shape_color": null, "fill_shape_width": null, "fill_shape_size": null, "fill_img_url": null, "marker_img_url": null}},{"type": "Feature", "id": "layer_data_map.fid--27e80436_1a098b908f8_-3ba2", "geometry": {"type": "Point", "coordinates": [106.88795107, 47.90363361]}, "geometry_name": "geom", "properties": {"guid": 4587, "id": 4587, "object_no": null, "object_name": null, "layer_type_id": 213, "valid_to": null, "address_no": null, "border_type": "solid", "border_width": null, "border_color": null, "border_opacity": null, "border_wellknown": "horizline", "fill_type": "color", "fill_color": "#c27ba0", "fill_opacity": 1, "fill_wellknown": "horizline", "fill_shape_color": null, "fill_shape_width": null, "fill_shape_size": null, "fill_img_url": null, "marker_img_url": null}},{"type": "Feature", "id": "layer_data_map.fid--27e80436_1a098b908f8_-3ba1", "geometry": {"type": "Point", "coordinates": [106.87797538, 47.92072781]}, "geometry_name": "geom", "properties": {"guid": 4588, "id": 4588, "object_no": null, "object_name": null, "layer_type_id": 213, "valid_to": null, "address_no": null, "border_type": "solid", "border_width": null, "border_color": null, "border_opacity": null, "border_wellknown": "horizline", "fill_type": "color", "fill_color": "#c27ba0", "fill_opacity": 1, "fill_wellknown": "horizline", "fill_shape_color": null, "fill_shape_width": null, "fill_shape_size": null, "fill_img_url": null, "marker_img_url": null}},{"type": "Feature", "id": "layer_data_map.fid--27e80436_1a098b908f8_-3ba0", "geometry": {"type": "Point", "coordinates": [106.87380162, 47.92170472]}, "geometry_name": "geom", "properties": {"guid": 4589, "id": 4589, "object_no": null, "object_name": null, "layer_type_id": 213, "valid_to": null, "address_no": null, "border_type": "solid", "border_width": null, "border_color": null, "border_opacity": null, "border_wellknown": "horizline", "fill_type": "color", "fill_color": "#c27ba0", "fill_opacity": 1, "fill_wellknown": "horizline", "fill_shape_color": null, "fill_shape_width": null, "fill_shape_size": null, "fill_img_url": null, "marker_img_url": null}},{"type": "Feature", "id": "layer_data_map.fid--27e80436_1a098b908f8_-3b9f", "geometry": {"type": "Point", "coordinates": [106.88567195, 47.91603389]}, "geometry_name": "geom", "properties": {"guid": 4590, "id": 4590, "object_no": null, "object_name": null, "layer_type_id": 213, "valid_to": null, "address_no": null, "border_type": "solid", "border_width": null, "border_color": null, "border_opacity": null, "border_wellknown": "horizline", "fill_type": "color", "fill_color": "#c27ba0", "fill_opacity": 1, "fill_wellknown": "horizline", "fill_shape_color": null, "fill_shape_width": null, "fill_shape_size": null, "fill_img_url": null, "marker_img_url": null}},{"type": "Feature", "id": "layer_data_map.fid--27e80436_1a098b908f8_-3b9e", "geometry": {"type": "Point", "coordinates": [106.95166844, 47.9257743]}, "geometry_name": "geom", "properties": {"guid": 4591, "id": 4591, "object_no": null, "object_name": null, "layer_type_id": 213, "valid_to": null, "address_no": null, "border_type": "solid", "border_width": null, "border_color": null, "border_opacity": null, "border_wellknown": "horizline", "fill_type": "color", "fill_color": "#c27ba0", "fill_opacity": 1, "fill_wellknown": "horizline", "fill_shape_color": null, "fill_shape_width": null, "fill_shape_size": null, "fill_img_url": null, "marker_img_url": null}},{"type": "Feature", "id": "layer_data_map.fid--27e80436_1a098b908f8_-3b9d", "geometry": {"type": "Point", "coordinates": [106.95247968, 47.92419205]}, "geometry_name": "geom", "properties": {"guid": 4592, "id": 4592, "object_no": null, "object_name": null, "layer_type_id": 213, "valid_to": null, "address_no": null, "border_type": "solid", "border_width": null, "border_color": null, "border_opacity": null, "border_wellknown": "horizline", "fill_type": "color", "fill_color": "#c27ba0", "fill_opacity": 1, "fill_wellknown": "horizline", "fill_shape_color": null, "fill_shape_width": null, "fill_shape_size": null, "fill_img_url": null, "marker_img_url": null}},{"type": "Feature", "id": "layer_data_map.fid--27e80436_1a098b908f8_-3b9c", "geometry": {"type": "Point", "coordinates": [106.93232872, 47.90549167]}, "geometry_name": "geom", "properties": {"guid": 4593, "id": 4593, "object_no": null, "object_name": null, "layer_type_id": 213, "valid_to": null, "address_no": null, "border_type": "solid", "border_width": null, "border_color": null, "border_opacity": null, "border_wellknown": "horizline", "fill_type": "color", "fill_color": "#c27ba0", "fill_opacity": 1, "fill_wellknown": "horizline", "fill_shape_color": null, "fill_shape_width": null, "fill_shape_size": null, "fill_img_url": null, "marker_img_url": null}},{"type": "Feature", "id": "layer_data_map.fid--27e80436_1a098b908f8_-3b9b", "geometry": {"type": "Point", "coordinates": [106.93458932, 47.90620113]}, "geometry_name": "geom", "properties": {"guid": 4594, "id": 4594, "object_no": null, "object_name": null, "layer_type_id": 213, "valid_to": null, "address_no": null, "border_type": "solid", "border_width": null, "border_color": null, "border_opacity": null, "border_wellknown": "horizline", "fill_type": "color", "fill_color": "#c27ba0", "fill_opacity": 1, "fill_wellknown": "horizline", "fill_shape_color": null, "fill_shape_width": null, "fill_shape_size": null, "fill_img_url": null, "marker_img_url": null}},{"type": "Feature", "id": "layer_data_map.fid--27e80436_1a098b908f8_-3b9a", "geometry": {"type": "Point", "coordinates": [106.94080356, 47.91001207]}, "geometry_name": "geom", "properties": {"guid": 4595, "id": 4595, "object_no": null, "object_name": null, "layer_type_id": 213, "valid_to": null, "address_no": null, "border_type": "solid", "border_width": null, "border_color": null, "border_opacity": null, "border_wellknown": "horizline", "fill_type": "color", "fill_color": "#c27ba0", "fill_opacity": 1, "fill_wellknown": "horizline", "fill_shape_color": null, "fill_shape_width": null, "fill_shape_size": null, "fill_img_url": null, "marker_img_url": null}},{"type": "Feature", "id": "layer_data_map.fid--27e80436_1a098b908f8_-3b99", "geometry": {"type": "Point", "coordinates": [106.93677119, 47.91145621]}, "geometry_name": "geom", "properties": {"guid": 4596, "id": 4596, "object_no": null, "object_name": null, "layer_type_id": 213, "valid_to": null, "address_no": null, "border_type": "solid", "border_width": null, "border_color": null, "border_opacity": null, "border_wellknown": "horizline", "fill_type": "color", "fill_color": "#c27ba0", "fill_opacity": 1, "fill_wellknown": "horizline", "fill_shape_color": null, "fill_shape_width": null, "fill_shape_size": null, "fill_img_url": null, "marker_img_url": null}},{"type": "Feature", "id": "layer_data_map.fid--27e80436_1a098b908f8_-3b98", "geometry": {"type": "Point", "coordinates": [106.98710114, 47.91898739]}, "geometry_name": "geom", "properties": {"guid": 4597, "id": 4597, "object_no": null, "object_name": null, "layer_type_id": 213, "valid_to": null, "address_no": null, "border_type": "solid", "border_width": null, "border_color": null, "border_opacity": null, "border_wellknown": "horizline", "fill_type": "color", "fill_color": "#c27ba0", "fill_opacity": 1, "fill_wellknown": "horizline", "fill_shape_color": null, "fill_shape_width": null, "fill_shape_size": null, "fill_img_url": null, "marker_img_url": null}},{"type": "Feature", "id": "layer_data_map.fid--27e80436_1a098b908f8_-3b97", "geometry": {"type": "Point", "coordinates": [106.97588647, 47.91490733]}, "geometry_name": "geom", "properties": {"guid": 4598, "id": 4598, "object_no": null, "object_name": null, "layer_type_id": 213, "valid_to": null, "address_no": null, "border_type": "solid", "border_width": null, "border_color": null, "border_opacity": null, "border_wellknown": "horizline", "fill_type": "color", "fill_color": "#c27ba0", "fill_opacity": 1, "fill_wellknown": "horizline", "fill_shape_color": null, "fill_shape_width": null, "fill_shape_size": null, "fill_img_url": null, "marker_img_url": null}},{"type": "Feature", "id": "layer_data_map.fid--27e80436_1a098b908f8_-3b96", "geometry": {"type": "Point", "coordinates": [106.93231142, 47.91543089]}, "geometry_name": "geom", "properties": {"guid": 4599, "id": 4599, "object_no": null, "object_name": null, "layer_type_id": 213, "valid_to": null, "address_no": null, "border_type": "solid", "border_width": null, "border_color": null, "border_opacity": null, "border_wellknown": "horizline", "fill_type": "color", "fill_color": "#c27ba0", "fill_opacity": 1, "fill_wellknown": "horizline", "fill_shape_color": null, "fill_shape_width": null, "fill_shape_size": null, "fill_img_url": null, "marker_img_url": null}},{"type": "Feature", "id": "layer_data_map.fid--27e80436_1a098b908f8_-3b95", "geometry": {"type": "Point", "coordinates": [106.93136595, 47.91404006]}, "geometry_name": "geom", "properties": {"guid": 4600, "id": 4600, "object_no": null, "object_name": null, "layer_type_id": 213, "valid_to": null, "address_no": null, "border_type": "solid", "border_width": null, "border_color": null, "border_opacity": null, "border_wellknown": "horizline", "fill_type": "color", "fill_color": "#c27ba0", "fill_opacity": 1, "fill_wellknown": "horizline", "fill_shape_color": null, "fill_shape_width": null, "fill_shape_size": null, "fill_img_url": null, "marker_img_url": null}},{"type": "Feature", "id": "layer_data_map.fid--27e80436_1a098b908f8_-3b94", "geometry": {"type": "Point", "coordinates": [106.93370897, 47.91477529]}, "geometry_name": "geom", "properties": {"guid": 4601, "id": 4601, "object_no": null, "object_name": null, "layer_type_id": 213, "valid_to": null, "address_no": null, "border_type": "solid", "border_width": null, "border_color": null, "border_opacity": null, "border_wellknown": "horizline", "fill_type": "color", "fill_color": "#c27ba0", "fill_opacity": 1, "fill_wellknown": "horizline", "fill_shape_color": null, "fill_shape_width": null, "fill_shape_size": null, "fill_img_url": null, "marker_img_url": null}},{"type": "Feature", "id": "layer_data_map.fid--27e80436_1a098b908f8_-3b93", "geometry": {"type": "Point", "coordinates": [106.93381573, 47.91349245]}, "geometry_name": "geom", "properties": {"guid": 4602, "id": 4602, "object_no": null, "object_name": null, "layer_type_id": 213, "valid_to": null, "address_no": null, "border_type": "solid", "border_width": null, "border_color": null, "border_opacity": null, "border_wellknown": "horizline", "fill_type": "color", "fill_color": "#c27ba0", "fill_opacity": 1, "fill_wellknown": "horizline", "fill_shape_color": null, "fill_shape_width": null, "fill_shape_size": null, "fill_img_url": null, "marker_img_url": null}},{"type": "Feature", "id": "layer_data_map.fid--27e80436_1a098b908f8_-3b92", "geometry": {"type": "Point", "coordinates": [106.9351771, 47.9155276]}, "geometry_name": "geom", "properties": {"guid": 4603, "id": 4603, "object_no": null, "object_name": null, "layer_type_id": 213, "valid_to": null, "address_no": null, "border_type": "solid", "border_width": null, "border_color": null, "border_opacity": null, "border_wellknown": "horizline", "fill_type": "color", "fill_color": "#c27ba0", "fill_opacity": 1, "fill_wellknown": "horizline", "fill_shape_color": null, "fill_shape_width": null, "fill_shape_size": null, "fill_img_url": null, "marker_img_url": null}},{"type": "Feature", "id": "layer_data_map.fid--27e80436_1a098b908f8_-3b91", "geometry": {"type": "Point", "coordinates": [106.93517876, 47.9145753]}, "geometry_name": "geom", "properties": {"guid": 4604, "id": 4604, "object_no": null, "object_name": null, "layer_type_id": 213, "valid_to": null, "address_no": null, "border_type": "solid", "border_width": null, "border_color": null, "border_opacity": null, "border_wellknown": "horizline", "fill_type": "color", "fill_color": "#c27ba0", "fill_opacity": 1, "fill_wellknown": "horizline", "fill_shape_color": null, "fill_shape_width": null, "fill_shape_size": null, "fill_img_url": null, "marker_img_url": null}},{"type": "Feature", "id": "layer_data_map.fid--27e80436_1a098b908f8_-3b90", "geometry": {"type": "Point", "coordinates": [106.93332772, 47.91591325]}, "geometry_name": "geom", "properties": {"guid": 4605, "id": 4605, "object_no": null, "object_name": null, "layer_type_id": 213, "valid_to": null, "address_no": null, "border_type": "solid", "border_width": null, "border_color": null, "border_opacity": null, "border_wellknown": "horizline", "fill_type": "color", "fill_color": "#c27ba0", "fill_opacity": 1, "fill_wellknown": "horizline", "fill_shape_color": null, "fill_shape_width": null, "fill_shape_size": null, "fill_img_url": null, "marker_img_url": null}},{"type": "Feature", "id": "layer_data_map.fid--27e80436_1a098b908f8_-3b8f", "geometry": {"type": "Point", "coordinates": [106.9419366, 47.91743382]}, "geometry_name": "geom", "properties": {"guid": 4606, "id": 4606, "object_no": null, "object_name": null, "layer_type_id": 213, "valid_to": null, "address_no": null, "border_type": "solid", "border_width": null, "border_color": null, "border_opacity": null, "border_wellknown": "horizline", "fill_type": "color", "fill_color": "#c27ba0", "fill_opacity": 1, "fill_wellknown": "horizline", "fill_shape_color": null, "fill_shape_width": null, "fill_shape_size": null, "fill_img_url": null, "marker_img_url": null}},{"type": "Feature", "id": "layer_data_map.fid--27e80436_1a098b908f8_-3b8e", "geometry": {"type": "Point", "coordinates": [106.97966726, 47.92076705]}, "geometry_name": "geom", "properties": {"guid": 4607, "id": 4607, "object_no": null, "object_name": null, "layer_type_id": 213, "valid_to": null, "address_no": null, "border_type": "solid", "border_width": null, "border_color": null, "border_opacity": null, "border_wellknown": "horizline", "fill_type": "color", "fill_color": "#c27ba0", "fill_opacity": 1, "fill_wellknown": "horizline", "fill_shape_color": null, "fill_shape_width": null, "fill_shape_size": null, "fill_img_url": null, "marker_img_url": null}},{"type": "Feature", "id": "layer_data_map.fid--27e80436_1a098b908f8_-3b8d", "geometry": {"type": "Point", "coordinates": [106.94109986, 47.92083161]}, "geometry_name": "geom", "properties": {"guid": 4608, "id": 4608, "object_no": null, "object_name": null, "layer_type_id": 213, "valid_to": null, "address_no": null, "border_type": "solid", "border_width": null, "border_color": null, "border_opacity": null, "border_wellknown": "horizline", "fill_type": "color", "fill_color": "#c27ba0", "fill_opacity": 1, "fill_wellknown": "horizline", "fill_shape_color": null, "fill_shape_width": null, "fill_shape_size": null, "fill_img_url": null, "marker_img_url": null}},{"type": "Feature", "id": "layer_data_map.fid--27e80436_1a098b908f8_-3b8c", "geometry": {"type": "Point", "coordinates": [106.93972375, 47.919892]}, "geometry_name": "geom", "properties": {"guid": 4609, "id": 4609, "object_no": null, "object_name": null, "layer_type_id": 213, "valid_to": null, "address_no": null, "border_type": "solid", "border_width": null, "border_color": null, "border_opacity": null, "border_wellknown": "horizline", "fill_type": "color", "fill_color": "#c27ba0", "fill_opacity": 1, "fill_wellknown": "horizline", "fill_shape_color": null, "fill_shape_width": null, "fill_shape_size": null, "fill_img_url": null, "marker_img_url": null}},{"type": "Feature", "id": "layer_data_map.fid--27e80436_1a098b908f8_-3b8b", "geometry": {"type": "Point", "coordinates": [106.9841739, 47.92116614]}, "geometry_name": "geom", "properties": {"guid": 4610, "id": 4610, "object_no": null, "object_name": null, "layer_type_id": 213, "valid_to": null, "address_no": null, "border_type": "solid", "border_width": null, "border_color": null, "border_opacity": null, "border_wellknown": "horizline", "fill_type": "color", "fill_color": "#c27ba0", "fill_opacity": 1, "fill_wellknown": "horizline", "fill_shape_color": null, "fill_shape_width": null, "fill_shape_size": null, "fill_img_url": null, "marker_img_url": null}},{"type": "Feature", "id": "layer_data_map.fid--27e80436_1a098b908f8_-3b8a", "geometry": {"type": "Point", "coordinates": [106.98487988, 47.92047825]}, "geometry_name": "geom", "properties": {"guid": 4611, "id": 4611, "object_no": null, "object_name": null, "layer_type_id": 213, "valid_to": null, "address_no": null, "border_type": "solid", "border_width": null, "border_color": null, "border_opacity": null, "border_wellknown": "horizline", "fill_type": "color", "fill_color": "#c27ba0", "fill_opacity": 1, "fill_wellknown": "horizline", "fill_shape_color": null, "fill_shape_width": null, "fill_shape_size": null, "fill_img_url": null, "marker_img_url": null}},{"type": "Feature", "id": "layer_data_map.fid--27e80436_1a098b908f8_-3b89", "geometry": {"type": "Point", "coordinates": [106.93245732, 47.92776915]}, "geometry_name": "geom", "properties": {"guid": 4612, "id": 4612, "object_no": null, "object_name": null, "layer_type_id": 213, "valid_to": null, "address_no": null, "border_type": "solid", "border_width": null, "border_color": null, "border_opacity": null, "border_wellknown": "horizline", "fill_type": "color", "fill_color": "#c27ba0", "fill_opacity": 1, "fill_wellknown": "horizline", "fill_shape_color": null, "fill_shape_width": null, "fill_shape_size": null, "fill_img_url": null, "marker_img_url": null}},{"type": "Feature", "id": "layer_data_map.fid--27e80436_1a098b908f8_-3b88", "geometry": {"type": "Point", "coordinates": [106.93249528, 47.92641152]}, "geometry_name": "geom", "properties": {"guid": 4613, "id": 4613, "object_no": null, "object_name": null, "layer_type_id": 213, "valid_to": null, "address_no": null, "border_type": "solid", "border_width": null, "border_color": null, "border_opacity": null, "border_wellknown": "horizline", "fill_type": "color", "fill_color": "#c27ba0", "fill_opacity": 1, "fill_wellknown": "horizline", "fill_shape_color": null, "fill_shape_width": null, "fill_shape_size": null, "fill_img_url": null, "marker_img_url": null}},{"type": "Feature", "id": "layer_data_map.fid--27e80436_1a098b908f8_-3b87", "geometry": {"type": "Point", "coordinates": [106.93338285, 47.92575379]}, "geometry_name": "geom", "properties": {"guid": 4614, "id": 4614, "object_no": null, "object_name": null, "layer_type_id": 213, "valid_to": null, "address_no": null, "border_type": "solid", "border_width": null, "border_color": null, "border_opacity": null, "border_wellknown": "horizline", "fill_type": "color", "fill_color": "#c27ba0", "fill_opacity": 1, "fill_wellknown": "horizline", "fill_shape_color": null, "fill_shape_width": null, "fill_shape_size": null, "fill_img_url": null, "marker_img_url": null}},{"type": "Feature", "id": "layer_data_map.fid--27e80436_1a098b908f8_-3b86", "geometry": {"type": "Point", "coordinates": [106.93411136, 47.92770161]}, "geometry_name": "geom", "properties": {"guid": 4615, "id": 4615, "object_no": null, "object_name": null, "layer_type_id": 213, "valid_to": null, "address_no": null, "border_type": "solid", "border_width": null, "border_color": null, "border_opacity": null, "border_wellknown": "horizline", "fill_type": "color", "fill_color": "#c27ba0", "fill_opacity": 1, "fill_wellknown": "horizline", "fill_shape_color": null, "fill_shape_width": null, "fill_shape_size": null, "fill_img_url": null, "marker_img_url": null}},{"type": "Feature", "id": "layer_data_map.fid--27e80436_1a098b908f8_-3b85", "geometry": {"type": "Point", "coordinates": [106.93255995, 47.91987705]}, "geometry_name": "geom", "properties": {"guid": 4616, "id": 4616, "object_no": null, "object_name": null, "layer_type_id": 213, "valid_to": null, "address_no": null, "border_type": "solid", "border_width": null, "border_color": null, "border_opacity": null, "border_wellknown": "horizline", "fill_type": "color", "fill_color": "#c27ba0", "fill_opacity": 1, "fill_wellknown": "horizline", "fill_shape_color": null, "fill_shape_width": null, "fill_shape_size": null, "fill_img_url": null, "marker_img_url": null}},{"type": "Feature", "id": "layer_data_map.fid--27e80436_1a098b908f8_-3b84", "geometry": {"type": "Point", "coordinates": [106.94174486, 47.91828508]}, "geometry_name": "geom", "properties": {"guid": 4617, "id": 4617, "object_no": null, "object_name": null, "layer_type_id": 213, "valid_to": null, "address_no": null, "border_type": "solid", "border_width": null, "border_color": null, "border_opacity": null, "border_wellknown": "horizline", "fill_type": "color", "fill_color": "#c27ba0", "fill_opacity": 1, "fill_wellknown": "horizline", "fill_shape_color": null, "fill_shape_width": null, "fill_shape_size": null, "fill_img_url": null, "marker_img_url": null}},{"type": "Feature", "id": "layer_data_map.fid--27e80436_1a098b908f8_-3b83", "geometry": {"type": "Point", "coordinates": [106.9425075, 47.90684133]}, "geometry_name": "geom", "properties": {"guid": 4618, "id": 4618, "object_no": null, "object_name": null, "layer_type_id": 213, "valid_to": null, "address_no": null, "border_type": "solid", "border_width": null, "border_color": null, "border_opacity": null, "border_wellknown": "horizline", "fill_type": "color", "fill_color": "#c27ba0", "fill_opacity": 1, "fill_wellknown": "horizline", "fill_shape_color": null, "fill_shape_width": null, "fill_shape_size": null, "fill_img_url": null, "marker_img_url": null}},{"type": "Feature", "id": "layer_data_map.fid--27e80436_1a098b908f8_-3b82", "geometry": {"type": "Point", "coordinates": [106.94237419, 47.906496]}, "geometry_name": "geom", "properties": {"guid": 4619, "id": 4619, "object_no": null, "object_name": null, "layer_type_id": 213, "valid_to": null, "address_no": null, "border_type": "solid", "border_width": null, "border_color": null, "border_opacity": null, "border_wellknown": "horizline", "fill_type": "color", "fill_color": "#c27ba0", "fill_opacity": 1, "fill_wellknown": "horizline", "fill_shape_color": null, "fill_shape_width": null, "fill_shape_size": null, "fill_img_url": null, "marker_img_url": null}},{"type": "Feature", "id": "layer_data_map.fid--27e80436_1a098b908f8_-3b81", "geometry": {"type": "Point", "coordinates": [106.92602852, 47.92660619]}, "geometry_name": "geom", "properties": {"guid": 4620, "id": 4620, "object_no": null, "object_name": null, "layer_type_id": 213, "valid_to": null, "address_no": null, "border_type": "solid", "border_width": null, "border_color": null, "border_opacity": null, "border_wellknown": "horizline", "fill_type": "color", "fill_color": "#c27ba0", "fill_opacity": 1, "fill_wellknown": "horizline", "fill_shape_color": null, "fill_shape_width": null, "fill_shape_size": null, "fill_img_url": null, "marker_img_url": null}},{"type": "Feature", "id": "layer_data_map.fid--27e80436_1a098b908f8_-3b80", "geometry": {"type": "Point", "coordinates": [106.94632819, 47.92035935]}, "geometry_name": "geom", "properties": {"guid": 4621, "id": 4621, "object_no": null, "object_name": null, "layer_type_id": 213, "valid_to": null, "address_no": null, "border_type": "solid", "border_width": null, "border_color": null, "border_opacity": null, "border_wellknown": "horizline", "fill_type": "color", "fill_color": "#c27ba0", "fill_opacity": 1, "fill_wellknown": "horizline", "fill_shape_color": null, "fill_shape_width": null, "fill_shape_size": null, "fill_img_url": null, "marker_img_url": null}},{"type": "Feature", "id": "layer_data_map.fid--27e80436_1a098b908f8_-3b7f", "geometry": {"type": "Point", "coordinates": [106.95243571, 47.921713]}, "geometry_name": "geom", "properties": {"guid": 4622, "id": 4622, "object_no": null, "object_name": null, "layer_type_id": 213, "valid_to": null, "address_no": null, "border_type": "solid", "border_width": null, "border_color": null, "border_opacity": null, "border_wellknown": "horizline", "fill_type": "color", "fill_color": "#c27ba0", "fill_opacity": 1, "fill_wellknown": "horizline", "fill_shape_color": null, "fill_shape_width": null, "fill_shape_size": null, "fill_img_url": null, "marker_img_url": null}},{"type": "Feature", "id": "layer_data_map.fid--27e80436_1a098b908f8_-3b7e", "geometry": {"type": "Point", "coordinates": [106.94612603, 47.91933012]}, "geometry_name": "geom", "properties": {"guid": 4623, "id": 4623, "object_no": null, "object_name": null, "layer_type_id": 213, "valid_to": null, "address_no": null, "border_type": "solid", "border_width": null, "border_color": null, "border_opacity": null, "border_wellknown": "horizline", "fill_type": "color", "fill_color": "#c27ba0", "fill_opacity": 1, "fill_wellknown": "horizline", "fill_shape_color": null, "fill_shape_width": null, "fill_shape_size": null, "fill_img_url": null, "marker_img_url": null}},{"type": "Feature", "id": "layer_data_map.fid--27e80436_1a098b908f8_-3b7d", "geometry": {"type": "Point", "coordinates": [106.94535448, 47.92062353]}, "geometry_name": "geom", "properties": {"guid": 4624, "id": 4624, "object_no": null, "object_name": null, "layer_type_id": 213, "valid_to": null, "address_no": null, "border_type": "solid", "border_width": null, "border_color": null, "border_opacity": null, "border_wellknown": "horizline", "fill_type": "color", "fill_color": "#c27ba0", "fill_opacity": 1, "fill_wellknown": "horizline", "fill_shape_color": null, "fill_shape_width": null, "fill_shape_size": null, "fill_img_url": null, "marker_img_url": null}},{"type": "Feature", "id": "layer_data_map.fid--27e80436_1a098b908f8_-3b7c", "geometry": {"type": "Point", "coordinates": [106.94801033, 47.91878286]}, "geometry_name": "geom", "properties": {"guid": 4625, "id": 4625, "object_no": null, "object_name": null, "layer_type_id": 213, "valid_to": null, "address_no": null, "border_type": "solid", "border_width": null, "border_color": null, "border_opacity": null, "border_wellknown": "horizline", "fill_type": "color", "fill_color": "#c27ba0", "fill_opacity": 1, "fill_wellknown": "horizline", "fill_shape_color": null, "fill_shape_width": null, "fill_shape_size": null, "fill_img_url": null, "marker_img_url": null}},{"type": "Feature", "id": "layer_data_map.fid--27e80436_1a098b908f8_-3b7b", "geometry": {"type": "Point", "coordinates": [106.95569581, 47.9180575]}, "geometry_name": "geom", "properties": {"guid": 4626, "id": 4626, "object_no": null, "object_name": null, "layer_type_id": 213, "valid_to": null, "address_no": null, "border_type": "solid", "border_width": null, "border_color": null, "border_opacity": null, "border_wellknown": "horizline", "fill_type": "color", "fill_color": "#c27ba0", "fill_opacity": 1, "fill_wellknown": "horizline", "fill_shape_color": null, "fill_shape_width": null, "fill_shape_size": null, "fill_img_url": null, "marker_img_url": null}},{"type": "Feature", "id": "layer_data_map.fid--27e80436_1a098b908f8_-3b7a", "geometry": {"type": "Point", "coordinates": [106.96310512, 47.91816315]}, "geometry_name": "geom", "properties": {"guid": 4627, "id": 4627, "object_no": null, "object_name": null, "layer_type_id": 213, "valid_to": null, "address_no": null, "border_type": "solid", "border_width": null, "border_color": null, "border_opacity": null, "border_wellknown": "horizline", "fill_type": "color", "fill_color": "#c27ba0", "fill_opacity": 1, "fill_wellknown": "horizline", "fill_shape_color": null, "fill_shape_width": null, "fill_shape_size": null, "fill_img_url": null, "marker_img_url": null}},{"type": "Feature", "id": "layer_data_map.fid--27e80436_1a098b908f8_-3b79", "geometry": {"type": "Point", "coordinates": [106.95957411, 47.91957244]}, "geometry_name": "geom", "properties": {"guid": 4628, "id": 4628, "object_no": null, "object_name": null, "layer_type_id": 213, "valid_to": null, "address_no": null, "border_type": "solid", "border_width": null, "border_color": null, "border_opacity": null, "border_wellknown": "horizline", "fill_type": "color", "fill_color": "#c27ba0", "fill_opacity": 1, "fill_wellknown": "horizline", "fill_shape_color": null, "fill_shape_width": null, "fill_shape_size": null, "fill_img_url": null, "marker_img_url": null}},{"type": "Feature", "id": "layer_data_map.fid--27e80436_1a098b908f8_-3b78", "geometry": {"type": "Point", "coordinates": [106.9834854, 47.92636593]}, "geometry_name": "geom", "properties": {"guid": 4629, "id": 4629, "object_no": null, "object_name": null, "layer_type_id": 213, "valid_to": null, "address_no": null, "border_type": "solid", "border_width": null, "border_color": null, "border_opacity": null, "border_wellknown": "horizline", "fill_type": "color", "fill_color": "#c27ba0", "fill_opacity": 1, "fill_wellknown": "horizline", "fill_shape_color": null, "fill_shape_width": null, "fill_shape_size": null, "fill_img_url": null, "marker_img_url": null}},{"type": "Feature", "id": "layer_data_map.fid--27e80436_1a098b908f8_-3b77", "geometry": {"type": "Point", "coordinates": [106.94544354, 47.91120706]}, "geometry_name": "geom", "properties": {"guid": 4630, "id": 4630, "object_no": null, "object_name": null, "layer_type_id": 213, "valid_to": null, "address_no": null, "border_type": "solid", "border_width": null, "border_color": null, "border_opacity": null, "border_wellknown": "horizline", "fill_type": "color", "fill_color": "#c27ba0", "fill_opacity": 1, "fill_wellknown": "horizline", "fill_shape_color": null, "fill_shape_width": null, "fill_shape_size": null, "fill_img_url": null, "marker_img_url": null}},{"type": "Feature", "id": "layer_data_map.fid--27e80436_1a098b908f8_-3b76", "geometry": {"type": "Point", "coordinates": [106.93322539, 47.9059908]}, "geometry_name": "geom", "properties": {"guid": 4631, "id": 4631, "object_no": null, "object_name": null, "layer_type_id": 213, "valid_to": null, "address_no": null, "border_type": "solid", "border_width": null, "border_color": null, "border_opacity": null, "border_wellknown": "horizline", "fill_type": "color", "fill_color": "#c27ba0", "fill_opacity": 1, "fill_wellknown": "horizline", "fill_shape_color": null, "fill_shape_width": null, "fill_shape_size": null, "fill_img_url": null, "marker_img_url": null}},{"type": "Feature", "id": "layer_data_map.fid--27e80436_1a098b908f8_-3b75", "geometry": {"type": "Point", "coordinates": [106.93186502, 47.90601771]}, "geometry_name": "geom", "properties": {"guid": 4632, "id": 4632, "object_no": null, "object_name": null, "layer_type_id": 213, "valid_to": null, "address_no": null, "border_type": "solid", "border_width": null, "border_color": null, "border_opacity": null, "border_wellknown": "horizline", "fill_type": "color", "fill_color": "#c27ba0", "fill_opacity": 1, "fill_wellknown": "horizline", "fill_shape_color": null, "fill_shape_width": null, "fill_shape_size": null, "fill_img_url": null, "marker_img_url": null}},{"type": "Feature", "id": "layer_data_map.fid--27e80436_1a098b908f8_-3b74", "geometry": {"type": "Point", "coordinates": [106.92879912, 47.90521774]}, "geometry_name": "geom", "properties": {"guid": 4633, "id": 4633, "object_no": null, "object_name": null, "layer_type_id": 213, "valid_to": null, "address_no": null, "border_type": "solid", "border_width": null, "border_color": null, "border_opacity": null, "border_wellknown": "horizline", "fill_type": "color", "fill_color": "#c27ba0", "fill_opacity": 1, "fill_wellknown": "horizline", "fill_shape_color": null, "fill_shape_width": null, "fill_shape_size": null, "fill_img_url": null, "marker_img_url": null}},{"type": "Feature", "id": "layer_data_map.fid--27e80436_1a098b908f8_-3b73", "geometry": {"type": "Point", "coordinates": [106.93461753, 47.90524838]}, "geometry_name": "geom", "properties": {"guid": 4634, "id": 4634, "object_no": null, "object_name": null, "layer_type_id": 213, "valid_to": null, "address_no": null, "border_type": "solid", "border_width": null, "border_color": null, "border_opacity": null, "border_wellknown": "horizline", "fill_type": "color", "fill_color": "#c27ba0", "fill_opacity": 1, "fill_wellknown": "horizline", "fill_shape_color": null, "fill_shape_width": null, "fill_shape_size": null, "fill_img_url": null, "marker_img_url": null}},{"type": "Feature", "id": "layer_data_map.fid--27e80436_1a098b908f8_-3b72", "geometry": {"type": "Point", "coordinates": [106.93795705, 47.92906207]}, "geometry_name": "geom", "properties": {"guid": 4635, "id": 4635, "object_no": null, "object_name": null, "layer_type_id": 213, "valid_to": null, "address_no": null, "border_type": "solid", "border_width": null, "border_color": null, "border_opacity": null, "border_wellknown": "horizline", "fill_type": "color", "fill_color": "#c27ba0", "fill_opacity": 1, "fill_wellknown": "horizline", "fill_shape_color": null, "fill_shape_width": null, "fill_shape_size": null, "fill_img_url": null, "marker_img_url": null}},{"type": "Feature", "id": "layer_data_map.fid--27e80436_1a098b908f8_-3b71", "geometry": {"type": "Point", "coordinates": [106.93722908, 47.91478553]}, "geometry_name": "geom", "properties": {"guid": 4636, "id": 4636, "object_no": null, "object_name": null, "layer_type_id": 213, "valid_to": null, "address_no": null, "border_type": "solid", "border_width": null, "border_color": null, "border_opacity": null, "border_wellknown": "horizline", "fill_type": "color", "fill_color": "#c27ba0", "fill_opacity": 1, "fill_wellknown": "horizline", "fill_shape_color": null, "fill_shape_width": null, "fill_shape_size": null, "fill_img_url": null, "marker_img_url": null}},{"type": "Feature", "id": "layer_data_map.fid--27e80436_1a098b908f8_-3b70", "geometry": {"type": "Point", "coordinates": [106.94517058, 47.91247062]}, "geometry_name": "geom", "properties": {"guid": 4637, "id": 4637, "object_no": null, "object_name": null, "layer_type_id": 213, "valid_to": null, "address_no": null, "border_type": "solid", "border_width": null, "border_color": null, "border_opacity": null, "border_wellknown": "horizline", "fill_type": "color", "fill_color": "#c27ba0", "fill_opacity": 1, "fill_wellknown": "horizline", "fill_shape_color": null, "fill_shape_width": null, "fill_shape_size": null, "fill_img_url": null, "marker_img_url": null}},{"type": "Feature", "id": "layer_data_map.fid--27e80436_1a098b908f8_-3b6f", "geometry": {"type": "Point", "coordinates": [106.92403119, 47.92585959]}, "geometry_name": "geom", "properties": {"guid": 4638, "id": 4638, "object_no": null, "object_name": null, "layer_type_id": 213, "valid_to": null, "address_no": null, "border_type": "solid", "border_width": null, "border_color": null, "border_opacity": null, "border_wellknown": "horizline", "fill_type": "color", "fill_color": "#c27ba0", "fill_opacity": 1, "fill_wellknown": "horizline", "fill_shape_color": null, "fill_shape_width": null, "fill_shape_size": null, "fill_img_url": null, "marker_img_url": null}},{"type": "Feature", "id": "layer_data_map.fid--27e80436_1a098b908f8_-3b6e", "geometry": {"type": "Point", "coordinates": [106.92223986, 47.92692995]}, "geometry_name": "geom", "properties": {"guid": 4639, "id": 4639, "object_no": null, "object_name": null, "layer_type_id": 213, "valid_to": null, "address_no": null, "border_type": "solid", "border_width": null, "border_color": null, "border_opacity": null, "border_wellknown": "horizline", "fill_type": "color", "fill_color": "#c27ba0", "fill_opacity": 1, "fill_wellknown": "horizline", "fill_shape_color": null, "fill_shape_width": null, "fill_shape_size": null, "fill_img_url": null, "marker_img_url": null}},{"type": "Feature", "id": "layer_data_map.fid--27e80436_1a098b908f8_-3b6d", "geometry": {"type": "Point", "coordinates": [106.91304955, 47.93031528]}, "geometry_name": "geom", "properties": {"guid": 4640, "id": 4640, "object_no": null, "object_name": null, "layer_type_id": 213, "valid_to": null, "address_no": null, "border_type": "solid", "border_width": null, "border_color": null, "border_opacity": null, "border_wellknown": "horizline", "fill_type": "color", "fill_color": "#c27ba0", "fill_opacity": 1, "fill_wellknown": "horizline", "fill_shape_color": null, "fill_shape_width": null, "fill_shape_size": null, "fill_img_url": null, "marker_img_url": null}},{"type": "Feature", "id": "layer_data_map.fid--27e80436_1a098b908f8_-3b6c", "geometry": {"type": "Point", "coordinates": [106.9166967, 47.9238246]}, "geometry_name": "geom", "properties": {"guid": 4641, "id": 4641, "object_no": null, "object_name": null, "layer_type_id": 213, "valid_to": null, "address_no": null, "border_type": "solid", "border_width": null, "border_color": null, "border_opacity": null, "border_wellknown": "horizline", "fill_type": "color", "fill_color": "#c27ba0", "fill_opacity": 1, "fill_wellknown": "horizline", "fill_shape_color": null, "fill_shape_width": null, "fill_shape_size": null, "fill_img_url": null, "marker_img_url": null}},{"type": "Feature", "id": "layer_data_map.fid--27e80436_1a098b908f8_-3b6b", "geometry": {"type": "Point", "coordinates": [106.92714042, 47.9221428]}, "geometry_name": "geom", "properties": {"guid": 4642, "id": 4642, "object_no": null, "object_name": null, "layer_type_id": 213, "valid_to": null, "address_no": null, "border_type": "solid", "border_width": null, "border_color": null, "border_opacity": null, "border_wellknown": "horizline", "fill_type": "color", "fill_color": "#c27ba0", "fill_opacity": 1, "fill_wellknown": "horizline", "fill_shape_color": null, "fill_shape_width": null, "fill_shape_size": null, "fill_img_url": null, "marker_img_url": null}},{"type": "Feature", "id": "layer_data_map.fid--27e80436_1a098b908f8_-3b6a", "geometry": {"type": "Point", "coordinates": [106.9148743, 47.92676947]}, "geometry_name": "geom", "properties": {"guid": 4643, "id": 4643, "object_no": null, "object_name": null, "layer_type_id": 213, "valid_to": null, "address_no": null, "border_type": "solid", "border_width": null, "border_color": null, "border_opacity": null, "border_wellknown": "horizline", "fill_type": "color", "fill_color": "#c27ba0", "fill_opacity": 1, "fill_wellknown": "horizline", "fill_shape_color": null, "fill_shape_width": null, "fill_shape_size": null, "fill_img_url": null, "marker_img_url": null}},{"type": "Feature", "id": "layer_data_map.fid--27e80436_1a098b908f8_-3b69", "geometry": {"type": "Point", "coordinates": [106.91112526, 47.91250918]}, "geometry_name": "geom", "properties": {"guid": 4644, "id": 4644, "object_no": null, "object_name": null, "layer_type_id": 213, "valid_to": null, "address_no": null, "border_type": "solid", "border_width": null, "border_color": null, "border_opacity": null, "border_wellknown": "horizline", "fill_type": "color", "fill_color": "#c27ba0", "fill_opacity": 1, "fill_wellknown": "horizline", "fill_shape_color": null, "fill_shape_width": null, "fill_shape_size": null, "fill_img_url": null, "marker_img_url": null}},{"type": "Feature", "id": "layer_data_map.fid--27e80436_1a098b908f8_-3b68", "geometry": {"type": "Point", "coordinates": [106.92538494, 47.92552049]}, "geometry_name": "geom", "properties": {"guid": 4645, "id": 4645, "object_no": null, "object_name": null, "layer_type_id": 213, "valid_to": null, "address_no": null, "border_type": "solid", "border_width": null, "border_color": null, "border_opacity": null, "border_wellknown": "horizline", "fill_type": "color", "fill_color": "#c27ba0", "fill_opacity": 1, "fill_wellknown": "horizline", "fill_shape_color": null, "fill_shape_width": null, "fill_shape_size": null, "fill_img_url": null, "marker_img_url": null}},{"type": "Feature", "id": "layer_data_map.fid--27e80436_1a098b908f8_-3b67", "geometry": {"type": "Point", "coordinates": [106.9080811, 47.91478008]}, "geometry_name": "geom", "properties": {"guid": 4646, "id": 4646, "object_no": null, "object_name": null, "layer_type_id": 213, "valid_to": null, "address_no": null, "border_type": "solid", "border_width": null, "border_color": null, "border_opacity": null, "border_wellknown": "horizline", "fill_type": "color", "fill_color": "#c27ba0", "fill_opacity": 1, "fill_wellknown": "horizline", "fill_shape_color": null, "fill_shape_width": null, "fill_shape_size": null, "fill_img_url": null, "marker_img_url": null}},{"type": "Feature", "id": "layer_data_map.fid--27e80436_1a098b908f8_-3b66", "geometry": {"type": "Point", "coordinates": [106.91828728, 47.92462486]}, "geometry_name": "geom", "properties": {"guid": 4647, "id": 4647, "object_no": null, "object_name": null, "layer_type_id": 213, "valid_to": null, "address_no": null, "border_type": "solid", "border_width": null, "border_color": null, "border_opacity": null, "border_wellknown": "horizline", "fill_type": "color", "fill_color": "#c27ba0", "fill_opacity": 1, "fill_wellknown": "horizline", "fill_shape_color": null, "fill_shape_width": null, "fill_shape_size": null, "fill_img_url": null, "marker_img_url": null}},{"type": "Feature", "id": "layer_data_map.fid--27e80436_1a098b908f8_-3b65", "geometry": {"type": "Point", "coordinates": [106.91684461, 47.91477628]}, "geometry_name": "geom", "properties": {"guid": 4648, "id": 4648, "object_no": null, "object_name": null, "layer_type_id": 213, "valid_to": null, "address_no": null, "border_type": "solid", "border_width": null, "border_color": null, "border_opacity": null, "border_wellknown": "horizline", "fill_type": "color", "fill_color": "#c27ba0", "fill_opacity": 1, "fill_wellknown": "horizline", "fill_shape_color": null, "fill_shape_width": null, "fill_shape_size": null, "fill_img_url": null, "marker_img_url": null}},{"type": "Feature", "id": "layer_data_map.fid--27e80436_1a098b908f8_-3b64", "geometry": {"type": "Point", "coordinates": [106.92041635, 47.92854886]}, "geometry_name": "geom", "properties": {"guid": 4649, "id": 4649, "object_no": null, "object_name": null, "layer_type_id": 213, "valid_to": null, "address_no": null, "border_type": "solid", "border_width": null, "border_color": null, "border_opacity": null, "border_wellknown": "horizline", "fill_type": "color", "fill_color": "#c27ba0", "fill_opacity": 1, "fill_wellknown": "horizline", "fill_shape_color": null, "fill_shape_width": null, "fill_shape_size": null, "fill_img_url": null, "marker_img_url": null}},{"type": "Feature", "id": "layer_data_map.fid--27e80436_1a098b908f8_-3b63", "geometry": {"type": "Point", "coordinates": [106.97331468, 48.00763959]}, "geometry_name": "geom", "properties": {"guid": 4650, "id": 4650, "object_no": null, "object_name": null, "layer_type_id": 213, "valid_to": null, "address_no": null, "border_type": "solid", "border_width": null, "border_color": null, "border_opacity": null, "border_wellknown": "horizline", "fill_type": "color", "fill_color": "#c27ba0", "fill_opacity": 1, "fill_wellknown": "horizline", "fill_shape_color": null, "fill_shape_width": null, "fill_shape_size": null, "fill_img_url": null, "marker_img_url": null}},{"type": "Feature", "id": "layer_data_map.fid--27e80436_1a098b908f8_-3b62", "geometry": {"type": "Point", "coordinates": [106.84986661, 47.95223668]}, "geometry_name": "geom", "properties": {"guid": 4651, "id": 4651, "object_no": null, "object_name": null, "layer_type_id": 213, "valid_to": null, "address_no": null, "border_type": "solid", "border_width": null, "border_color": null, "border_opacity": null, "border_wellknown": "horizline", "fill_type": "color", "fill_color": "#c27ba0", "fill_opacity": 1, "fill_wellknown": "horizline", "fill_shape_color": null, "fill_shape_width": null, "fill_shape_size": null, "fill_img_url": null, "marker_img_url": null}},{"type": "Feature", "id": "layer_data_map.fid--27e80436_1a098b908f8_-3b61", "geometry": {"type": "Point", "coordinates": [106.83899196, 47.96016674]}, "geometry_name": "geom", "properties": {"guid": 4652, "id": 4652, "object_no": null, "object_name": null, "layer_type_id": 213, "valid_to": null, "address_no": null, "border_type": "solid", "border_width": null, "border_color": null, "border_opacity": null, "border_wellknown": "horizline", "fill_type": "color", "fill_color": "#c27ba0", "fill_opacity": 1, "fill_wellknown": "horizline", "fill_shape_color": null, "fill_shape_width": null, "fill_shape_size": null, "fill_img_url": null, "marker_img_url": null}},{"type": "Feature", "id": "layer_data_map.fid--27e80436_1a098b908f8_-3b60", "geometry": {"type": "Point", "coordinates": [106.82851685, 47.91284426]}, "geometry_name": "geom", "properties": {"guid": 4653, "id": 4653, "object_no": null, "object_name": null, "layer_type_id": 213, "valid_to": null, "address_no": null, "border_type": "solid", "border_width": null, "border_color": null, "border_opacity": null, "border_wellknown": "horizline", "fill_type": "color", "fill_color": "#c27ba0", "fill_opacity": 1, "fill_wellknown": "horizline", "fill_shape_color": null, "fill_shape_width": null, "fill_shape_size": null, "fill_img_url": null, "marker_img_url": null}},{"type": "Feature", "id": "layer_data_map.fid--27e80436_1a098b908f8_-3b5f", "geometry": {"type": "Point", "coordinates": [106.8263887, 47.9135903]}, "geometry_name": "geom", "properties": {"guid": 4654, "id": 4654, "object_no": null, "object_name": null, "layer_type_id": 213, "valid_to": null, "address_no": null, "border_type": "solid", "border_width": null, "border_color": null, "border_opacity": null, "border_wellknown": "horizline", "fill_type": "color", "fill_color": "#c27ba0", "fill_opacity": 1, "fill_wellknown": "horizline", "fill_shape_color": null, "fill_shape_width": null, "fill_shape_size": null, "fill_img_url": null, "marker_img_url": null}},{"type": "Feature", "id": "layer_data_map.fid--27e80436_1a098b908f8_-3b5e", "geometry": {"type": "Point", "coordinates": [106.80169946, 47.9729117]}, "geometry_name": "geom", "properties": {"guid": 4655, "id": 4655, "object_no": null, "object_name": null, "layer_type_id": 213, "valid_to": null, "address_no": null, "border_type": "solid", "border_width": null, "border_color": null, "border_opacity": null, "border_wellknown": "horizline", "fill_type": "color", "fill_color": "#c27ba0", "fill_opacity": 1, "fill_wellknown": "horizline", "fill_shape_color": null, "fill_shape_width": null, "fill_shape_size": null, "fill_img_url": null, "marker_img_url": null}},{"type": "Feature", "id": "layer_data_map.fid--27e80436_1a098b908f8_-3b5d", "geometry": {"type": "Point", "coordinates": [106.78485343, 48.01757045]}, "geometry_name": "geom", "properties": {"guid": 4656, "id": 4656, "object_no": null, "object_name": null, "layer_type_id": 213, "valid_to": null, "address_no": null, "border_type": "solid", "border_width": null, "border_color": null, "border_opacity": null, "border_wellknown": "horizline", "fill_type": "color", "fill_color": "#c27ba0", "fill_opacity": 1, "fill_wellknown": "horizline", "fill_shape_color": null, "fill_shape_width": null, "fill_shape_size": null, "fill_img_url": null, "marker_img_url": null}},{"type": "Feature", "id": "layer_data_map.fid--27e80436_1a098b908f8_-3b5c", "geometry": {"type": "Point", "coordinates": [106.59156225, 47.88952092]}, "geometry_name": "geom", "properties": {"guid": 4657, "id": 4657, "object_no": null, "object_name": null, "layer_type_id": 213, "valid_to": null, "address_no": null, "border_type": "solid", "border_width": null, "border_color": null, "border_opacity": null, "border_wellknown": "horizline", "fill_type": "color", "fill_color": "#c27ba0", "fill_opacity": 1, "fill_wellknown": "horizline", "fill_shape_color": null, "fill_shape_width": null, "fill_shape_size": null, "fill_img_url": null, "marker_img_url": null}},{"type": "Feature", "id": "layer_data_map.fid--27e80436_1a098b908f8_-3b5b", "geometry": {"type": "Point", "coordinates": [106.72019023, 47.99597794]}, "geometry_name": "geom", "properties": {"guid": 4658, "id": 4658, "object_no": null, "object_name": null, "layer_type_id": 213, "valid_to": null, "address_no": null, "border_type": "solid", "border_width": null, "border_color": null, "border_opacity": null, "border_wellknown": "horizline", "fill_type": "color", "fill_color": "#c27ba0", "fill_opacity": 1, "fill_wellknown": "horizline", "fill_shape_color": null, "fill_shape_width": null, "fill_shape_size": null, "fill_img_url": null, "marker_img_url": null}},{"type": "Feature", "id": "layer_data_map.fid--27e80436_1a098b908f8_-3b5a", "geometry": {"type": "Point", "coordinates": [106.81026267, 47.92423757]}, "geometry_name": "geom", "properties": {"guid": 4659, "id": 4659, "object_no": null, "object_name": null, "layer_type_id": 213, "valid_to": null, "address_no": null, "border_type": "solid", "border_width": null, "border_color": null, "border_opacity": null, "border_wellknown": "horizline", "fill_type": "color", "fill_color": "#c27ba0", "fill_opacity": 1, "fill_wellknown": "horizline", "fill_shape_color": null, "fill_shape_width": null, "fill_shape_size": null, "fill_img_url": null, "marker_img_url": null}},{"type": "Feature", "id": "layer_data_map.fid--27e80436_1a098b908f8_-3b59", "geometry": {"type": "Point", "coordinates": [106.83875113, 47.91268124]}, "geometry_name": "geom", "properties": {"guid": 4660, "id": 4660, "object_no": null, "object_name": null, "layer_type_id": 213, "valid_to": null, "address_no": null, "border_type": "solid", "border_width": null, "border_color": null, "border_opacity": null, "border_wellknown": "horizline", "fill_type": "color", "fill_color": "#c27ba0", "fill_opacity": 1, "fill_wellknown": "horizline", "fill_shape_color": null, "fill_shape_width": null, "fill_shape_size": null, "fill_img_url": null, "marker_img_url": null}},{"type": "Feature", "id": "layer_data_map.fid--27e80436_1a098b908f8_-3b58", "geometry": {"type": "Point", "coordinates": [106.90281544, 47.92342654]}, "geometry_name": "geom", "properties": {"guid": 4661, "id": 4661, "object_no": null, "object_name": null, "layer_type_id": 213, "valid_to": null, "address_no": null, "border_type": "solid", "border_width": null, "border_color": null, "border_opacity": null, "border_wellknown": "horizline", "fill_type": "color", "fill_color": "#c27ba0", "fill_opacity": 1, "fill_wellknown": "horizline", "fill_shape_color": null, "fill_shape_width": null, "fill_shape_size": null, "fill_img_url": null, "marker_img_url": null}},{"type": "Feature", "id": "layer_data_map.fid--27e80436_1a098b908f8_-3b57", "geometry": {"type": "Point", "coordinates": [106.90135893, 47.91659534]}, "geometry_name": "geom", "properties": {"guid": 4662, "id": 4662, "object_no": null, "object_name": null, "layer_type_id": 213, "valid_to": null, "address_no": null, "border_type": "solid", "border_width": null, "border_color": null, "border_opacity": null, "border_wellknown": "horizline", "fill_type": "color", "fill_color": "#c27ba0", "fill_opacity": 1, "fill_wellknown": "horizline", "fill_shape_color": null, "fill_shape_width": null, "fill_shape_size": null, "fill_img_url": null, "marker_img_url": null}},{"type": "Feature", "id": "layer_data_map.fid--27e80436_1a098b908f8_-3b56", "geometry": {"type": "Point", "coordinates": [106.90933843, 47.90392354]}, "geometry_name": "geom", "properties": {"guid": 4663, "id": 4663, "object_no": null, "object_name": null, "layer_type_id": 213, "valid_to": null, "address_no": null, "border_type": "solid", "border_width": null, "border_color": null, "border_opacity": null, "border_wellknown": "horizline", "fill_type": "color", "fill_color": "#c27ba0", "fill_opacity": 1, "fill_wellknown": "horizline", "fill_shape_color": null, "fill_shape_width": null, "fill_shape_size": null, "fill_img_url": null, "marker_img_url": null}},{"type": "Feature", "id": "layer_data_map.fid--27e80436_1a098b908f8_-3b55", "geometry": {"type": "Point", "coordinates": [106.89724665, 47.89012151]}, "geometry_name": "geom", "properties": {"guid": 4664, "id": 4664, "object_no": null, "object_name": null, "layer_type_id": 213, "valid_to": null, "address_no": null, "border_type": "solid", "border_width": null, "border_color": null, "border_opacity": null, "border_wellknown": "horizline", "fill_type": "color", "fill_color": "#c27ba0", "fill_opacity": 1, "fill_wellknown": "horizline", "fill_shape_color": null, "fill_shape_width": null, "fill_shape_size": null, "fill_img_url": null, "marker_img_url": null}},{"type": "Feature", "id": "layer_data_map.fid--27e80436_1a098b908f8_-3b54", "geometry": {"type": "Point", "coordinates": [106.90803144, 47.90032793]}, "geometry_name": "geom", "properties": {"guid": 4665, "id": 4665, "object_no": null, "object_name": null, "layer_type_id": 213, "valid_to": null, "address_no": null, "border_type": "solid", "border_width": null, "border_color": null, "border_opacity": null, "border_wellknown": "horizline", "fill_type": "color", "fill_color": "#c27ba0", "fill_opacity": 1, "fill_wellknown": "horizline", "fill_shape_color": null, "fill_shape_width": null, "fill_shape_size": null, "fill_img_url": null, "marker_img_url": null}},{"type": "Feature", "id": "layer_data_map.fid--27e80436_1a098b908f8_-3b53", "geometry": {"type": "Point", "coordinates": [106.91256701, 47.89443073]}, "geometry_name": "geom", "properties": {"guid": 4666, "id": 4666, "object_no": null, "object_name": null, "layer_type_id": 213, "valid_to": null, "address_no": null, "border_type": "solid", "border_width": null, "border_color": null, "border_opacity": null, "border_wellknown": "horizline", "fill_type": "color", "fill_color": "#c27ba0", "fill_opacity": 1, "fill_wellknown": "horizline", "fill_shape_color": null, "fill_shape_width": null, "fill_shape_size": null, "fill_img_url": null, "marker_img_url": null}},{"type": "Feature", "id": "layer_data_map.fid--27e80436_1a098b908f8_-3b52", "geometry": {"type": "Point", "coordinates": [106.91207865, 47.88233195]}, "geometry_name": "geom", "properties": {"guid": 4667, "id": 4667, "object_no": null, "object_name": null, "layer_type_id": 213, "valid_to": null, "address_no": null, "border_type": "solid", "border_width": null, "border_color": null, "border_opacity": null, "border_wellknown": "horizline", "fill_type": "color", "fill_color": "#c27ba0", "fill_opacity": 1, "fill_wellknown": "horizline", "fill_shape_color": null, "fill_shape_width": null, "fill_shape_size": null, "fill_img_url": null, "marker_img_url": null}},{"type": "Feature", "id": "layer_data_map.fid--27e80436_1a098b908f8_-3b51", "geometry": {"type": "Point", "coordinates": [106.75928326, 47.85637705]}, "geometry_name": "geom", "properties": {"guid": 4668, "id": 4668, "object_no": null, "object_name": null, "layer_type_id": 213, "valid_to": null, "address_no": null, "border_type": "solid", "border_width": null, "border_color": null, "border_opacity": null, "border_wellknown": "horizline", "fill_type": "color", "fill_color": "#c27ba0", "fill_opacity": 1, "fill_wellknown": "horizline", "fill_shape_color": null, "fill_shape_width": null, "fill_shape_size": null, "fill_img_url": null, "marker_img_url": null}},{"type": "Feature", "id": "layer_data_map.fid--27e80436_1a098b908f8_-3b50", "geometry": {"type": "Point", "coordinates": [106.89911476, 47.90055317]}, "geometry_name": "geom", "properties": {"guid": 4669, "id": 4669, "object_no": null, "object_name": null, "layer_type_id": 213, "valid_to": null, "address_no": null, "border_type": "solid", "border_width": null, "border_color": null, "border_opacity": null, "border_wellknown": "horizline", "fill_type": "color", "fill_color": "#c27ba0", "fill_opacity": 1, "fill_wellknown": "horizline", "fill_shape_color": null, "fill_shape_width": null, "fill_shape_size": null, "fill_img_url": null, "marker_img_url": null}},{"type": "Feature", "id": "layer_data_map.fid--27e80436_1a098b908f8_-3b4f", "geometry": {"type": "Point", "coordinates": [106.90579964, 47.88776202]}, "geometry_name": "geom", "properties": {"guid": 4670, "id": 4670, "object_no": null, "object_name": null, "layer_type_id": 213, "valid_to": null, "address_no": null, "border_type": "solid", "border_width": null, "border_color": null, "border_opacity": null, "border_wellknown": "horizline", "fill_type": "color", "fill_color": "#c27ba0", "fill_opacity": 1, "fill_wellknown": "horizline", "fill_shape_color": null, "fill_shape_width": null, "fill_shape_size": null, "fill_img_url": null, "marker_img_url": null}},{"type": "Feature", "id": "layer_data_map.fid--27e80436_1a098b908f8_-3b4e", "geometry": {"type": "Point", "coordinates": [106.90687904, 47.89114365]}, "geometry_name": "geom", "properties": {"guid": 4671, "id": 4671, "object_no": null, "object_name": null, "layer_type_id": 213, "valid_to": null, "address_no": null, "border_type": "solid", "border_width": null, "border_color": null, "border_opacity": null, "border_wellknown": "horizline", "fill_type": "color", "fill_color": "#c27ba0", "fill_opacity": 1, "fill_wellknown": "horizline", "fill_shape_color": null, "fill_shape_width": null, "fill_shape_size": null, "fill_img_url": null, "marker_img_url": null}},{"type": "Feature", "id": "layer_data_map.fid--27e80436_1a098b908f8_-3b4d", "geometry": {"type": "Point", "coordinates": [106.91744722, 47.89972164]}, "geometry_name": "geom", "properties": {"guid": 4672, "id": 4672, "object_no": null, "object_name": null, "layer_type_id": 213, "valid_to": null, "address_no": null, "border_type": "solid", "border_width": null, "border_color": null, "border_opacity": null, "border_wellknown": "horizline", "fill_type": "color", "fill_color": "#c27ba0", "fill_opacity": 1, "fill_wellknown": "horizline", "fill_shape_color": null, "fill_shape_width": null, "fill_shape_size": null, "fill_img_url": null, "marker_img_url": null}},{"type": "Feature", "id": "layer_data_map.fid--27e80436_1a098b908f8_-3b4c", "geometry": {"type": "Point", "coordinates": [106.91921167, 47.89357213]}, "geometry_name": "geom", "properties": {"guid": 4673, "id": 4673, "object_no": null, "object_name": null, "layer_type_id": 213, "valid_to": null, "address_no": null, "border_type": "solid", "border_width": null, "border_color": null, "border_opacity": null, "border_wellknown": "horizline", "fill_type": "color", "fill_color": "#c27ba0", "fill_opacity": 1, "fill_wellknown": "horizline", "fill_shape_color": null, "fill_shape_width": null, "fill_shape_size": null, "fill_img_url": null, "marker_img_url": null}},{"type": "Feature", "id": "layer_data_map.fid--27e80436_1a098b908f8_-3b4b", "geometry": {"type": "Point", "coordinates": [106.90863349, 47.91105152]}, "geometry_name": "geom", "properties": {"guid": 4674, "id": 4674, "object_no": null, "object_name": null, "layer_type_id": 213, "valid_to": null, "address_no": null, "border_type": "solid", "border_width": null, "border_color": null, "border_opacity": null, "border_wellknown": "horizline", "fill_type": "color", "fill_color": "#c27ba0", "fill_opacity": 1, "fill_wellknown": "horizline", "fill_shape_color": null, "fill_shape_width": null, "fill_shape_size": null, "fill_img_url": null, "marker_img_url": null}},{"type": "Feature", "id": "layer_data_map.fid--27e80436_1a098b908f8_-3b4a", "geometry": {"type": "Point", "coordinates": [106.90189754, 47.89239227]}, "geometry_name": "geom", "properties": {"guid": 4675, "id": 4675, "object_no": null, "object_name": null, "layer_type_id": 213, "valid_to": null, "address_no": null, "border_type": "solid", "border_width": null, "border_color": null, "border_opacity": null, "border_wellknown": "horizline", "fill_type": "color", "fill_color": "#c27ba0", "fill_opacity": 1, "fill_wellknown": "horizline", "fill_shape_color": null, "fill_shape_width": null, "fill_shape_size": null, "fill_img_url": null, "marker_img_url": null}},{"type": "Feature", "id": "layer_data_map.fid--27e80436_1a098b908f8_-3b49", "geometry": {"type": "Point", "coordinates": [106.90106861, 47.91707536]}, "geometry_name": "geom", "properties": {"guid": 4676, "id": 4676, "object_no": null, "object_name": null, "layer_type_id": 213, "valid_to": null, "address_no": null, "border_type": "solid", "border_width": null, "border_color": null, "border_opacity": null, "border_wellknown": "horizline", "fill_type": "color", "fill_color": "#c27ba0", "fill_opacity": 1, "fill_wellknown": "horizline", "fill_shape_color": null, "fill_shape_width": null, "fill_shape_size": null, "fill_img_url": null, "marker_img_url": null}},{"type": "Feature", "id": "layer_data_map.fid--27e80436_1a098b908f8_-3b48", "geometry": {"type": "Point", "coordinates": [106.92018084, 47.97889522]}, "geometry_name": "geom", "properties": {"guid": 4677, "id": 4677, "object_no": null, "object_name": null, "layer_type_id": 213, "valid_to": null, "address_no": null, "border_type": "solid", "border_width": null, "border_color": null, "border_opacity": null, "border_wellknown": "horizline", "fill_type": "color", "fill_color": "#c27ba0", "fill_opacity": 1, "fill_wellknown": "horizline", "fill_shape_color": null, "fill_shape_width": null, "fill_shape_size": null, "fill_img_url": null, "marker_img_url": null}},{"type": "Feature", "id": "layer_data_map.fid--27e80436_1a098b908f8_-3b47", "geometry": {"type": "Point", "coordinates": [106.90447954, 47.92005292]}, "geometry_name": "geom", "properties": {"guid": 4678, "id": 4678, "object_no": null, "object_name": null, "layer_type_id": 213, "valid_to": null, "address_no": null, "border_type": "solid", "border_width": null, "border_color": null, "border_opacity": null, "border_wellknown": "horizline", "fill_type": "color", "fill_color": "#c27ba0", "fill_opacity": 1, "fill_wellknown": "horizline", "fill_shape_color": null, "fill_shape_width": null, "fill_shape_size": null, "fill_img_url": null, "marker_img_url": null}},{"type": "Feature", "id": "layer_data_map.fid--27e80436_1a098b908f8_-3b46", "geometry": {"type": "Point", "coordinates": [106.90265848, 47.95736793]}, "geometry_name": "geom", "properties": {"guid": 4679, "id": 4679, "object_no": null, "object_name": null, "layer_type_id": 213, "valid_to": null, "address_no": null, "border_type": "solid", "border_width": null, "border_color": null, "border_opacity": null, "border_wellknown": "horizline", "fill_type": "color", "fill_color": "#c27ba0", "fill_opacity": 1, "fill_wellknown": "horizline", "fill_shape_color": null, "fill_shape_width": null, "fill_shape_size": null, "fill_img_url": null, "marker_img_url": null}},{"type": "Feature", "id": "layer_data_map.fid--27e80436_1a098b908f8_-3b45", "geometry": {"type": "Point", "coordinates": [106.9025495, 47.96401506]}, "geometry_name": "geom", "properties": {"guid": 4680, "id": 4680, "object_no": null, "object_name": null, "layer_type_id": 213, "valid_to": null, "address_no": null, "border_type": "solid", "border_width": null, "border_color": null, "border_opacity": null, "border_wellknown": "horizline", "fill_type": "color", "fill_color": "#c27ba0", "fill_opacity": 1, "fill_wellknown": "horizline", "fill_shape_color": null, "fill_shape_width": null, "fill_shape_size": null, "fill_img_url": null, "marker_img_url": null}},{"type": "Feature", "id": "layer_data_map.fid--27e80436_1a098b908f8_-3b44", "geometry": {"type": "Point", "coordinates": [106.90350274, 47.93730609]}, "geometry_name": "geom", "properties": {"guid": 4681, "id": 4681, "object_no": null, "object_name": null, "layer_type_id": 213, "valid_to": null, "address_no": null, "border_type": "solid", "border_width": null, "border_color": null, "border_opacity": null, "border_wellknown": "horizline", "fill_type": "color", "fill_color": "#c27ba0", "fill_opacity": 1, "fill_wellknown": "horizline", "fill_shape_color": null, "fill_shape_width": null, "fill_shape_size": null, "fill_img_url": null, "marker_img_url": null}},{"type": "Feature", "id": "layer_data_map.fid--27e80436_1a098b908f8_-3b43", "geometry": {"type": "Point", "coordinates": [106.89622479, 47.96199697]}, "geometry_name": "geom", "properties": {"guid": 4682, "id": 4682, "object_no": null, "object_name": null, "layer_type_id": 213, "valid_to": null, "address_no": null, "border_type": "solid", "border_width": null, "border_color": null, "border_opacity": null, "border_wellknown": "horizline", "fill_type": "color", "fill_color": "#c27ba0", "fill_opacity": 1, "fill_wellknown": "horizline", "fill_shape_color": null, "fill_shape_width": null, "fill_shape_size": null, "fill_img_url": null, "marker_img_url": null}},{"type": "Feature", "id": "layer_data_map.fid--27e80436_1a098b908f8_-3b42", "geometry": {"type": "Point", "coordinates": [106.91789462, 47.97443336]}, "geometry_name": "geom", "properties": {"guid": 4683, "id": 4683, "object_no": null, "object_name": null, "layer_type_id": 213, "valid_to": null, "address_no": null, "border_type": "solid", "border_width": null, "border_color": null, "border_opacity": null, "border_wellknown": "horizline", "fill_type": "color", "fill_color": "#c27ba0", "fill_opacity": 1, "fill_wellknown": "horizline", "fill_shape_color": null, "fill_shape_width": null, "fill_shape_size": null, "fill_img_url": null, "marker_img_url": null}},{"type": "Feature", "id": "layer_data_map.fid--27e80436_1a098b908f8_-3b41", "geometry": {"type": "Point", "coordinates": [106.91051953, 47.95096422]}, "geometry_name": "geom", "properties": {"guid": 4684, "id": 4684, "object_no": null, "object_name": null, "layer_type_id": 213, "valid_to": null, "address_no": null, "border_type": "solid", "border_width": null, "border_color": null, "border_opacity": null, "border_wellknown": "horizline", "fill_type": "color", "fill_color": "#c27ba0", "fill_opacity": 1, "fill_wellknown": "horizline", "fill_shape_color": null, "fill_shape_width": null, "fill_shape_size": null, "fill_img_url": null, "marker_img_url": null}},{"type": "Feature", "id": "layer_data_map.fid--27e80436_1a098b908f8_-3b40", "geometry": {"type": "Point", "coordinates": [106.8881202, 47.93278263]}, "geometry_name": "geom", "properties": {"guid": 4685, "id": 4685, "object_no": null, "object_name": null, "layer_type_id": 213, "valid_to": null, "address_no": null, "border_type": "solid", "border_width": null, "border_color": null, "border_opacity": null, "border_wellknown": "horizline", "fill_type": "color", "fill_color": "#c27ba0", "fill_opacity": 1, "fill_wellknown": "horizline", "fill_shape_color": null, "fill_shape_width": null, "fill_shape_size": null, "fill_img_url": null, "marker_img_url": null}},{"type": "Feature", "id": "layer_data_map.fid--27e80436_1a098b908f8_-3b3f", "geometry": {"type": "Point", "coordinates": [106.87766729, 47.97070667]}, "geometry_name": "geom", "properties": {"guid": 4686, "id": 4686, "object_no": null, "object_name": null, "layer_type_id": 213, "valid_to": null, "address_no": null, "border_type": "solid", "border_width": null, "border_color": null, "border_opacity": null, "border_wellknown": "horizline", "fill_type": "color", "fill_color": "#c27ba0", "fill_opacity": 1, "fill_wellknown": "horizline", "fill_shape_color": null, "fill_shape_width": null, "fill_shape_size": null, "fill_img_url": null, "marker_img_url": null}},{"type": "Feature", "id": "layer_data_map.fid--27e80436_1a098b908f8_-3b3e", "geometry": {"type": "Point", "coordinates": [106.91210035, 47.95109421]}, "geometry_name": "geom", "properties": {"guid": 4687, "id": 4687, "object_no": null, "object_name": null, "layer_type_id": 213, "valid_to": null, "address_no": null, "border_type": "solid", "border_width": null, "border_color": null, "border_opacity": null, "border_wellknown": "horizline", "fill_type": "color", "fill_color": "#c27ba0", "fill_opacity": 1, "fill_wellknown": "horizline", "fill_shape_color": null, "fill_shape_width": null, "fill_shape_size": null, "fill_img_url": null, "marker_img_url": null}},{"type": "Feature", "id": "layer_data_map.fid--27e80436_1a098b908f8_-3b3d", "geometry": {"type": "Point", "coordinates": [106.92426378, 47.99524883]}, "geometry_name": "geom", "properties": {"guid": 4688, "id": 4688, "object_no": null, "object_name": null, "layer_type_id": 213, "valid_to": null, "address_no": null, "border_type": "solid", "border_width": null, "border_color": null, "border_opacity": null, "border_wellknown": "horizline", "fill_type": "color", "fill_color": "#c27ba0", "fill_opacity": 1, "fill_wellknown": "horizline", "fill_shape_color": null, "fill_shape_width": null, "fill_shape_size": null, "fill_img_url": null, "marker_img_url": null}},{"type": "Feature", "id": "layer_data_map.fid--27e80436_1a098b908f8_-3b3c", "geometry": {"type": "Point", "coordinates": [106.88416014, 47.96803505]}, "geometry_name": "geom", "properties": {"guid": 4689, "id": 4689, "object_no": null, "object_name": null, "layer_type_id": 213, "valid_to": null, "address_no": null, "border_type": "solid", "border_width": null, "border_color": null, "border_opacity": null, "border_wellknown": "horizline", "fill_type": "color", "fill_color": "#c27ba0", "fill_opacity": 1, "fill_wellknown": "horizline", "fill_shape_color": null, "fill_shape_width": null, "fill_shape_size": null, "fill_img_url": null, "marker_img_url": null}},{"type": "Feature", "id": "layer_data_map.fid--27e80436_1a098b908f8_-3b3b", "geometry": {"type": "Point", "coordinates": [106.90013328, 47.92309869]}, "geometry_name": "geom", "properties": {"guid": 4690, "id": 4690, "object_no": null, "object_name": null, "layer_type_id": 213, "valid_to": null, "address_no": null, "border_type": "solid", "border_width": null, "border_color": null, "border_opacity": null, "border_wellknown": "horizline", "fill_type": "color", "fill_color": "#c27ba0", "fill_opacity": 1, "fill_wellknown": "horizline", "fill_shape_color": null, "fill_shape_width": null, "fill_shape_size": null, "fill_img_url": null, "marker_img_url": null}},{"type": "Feature", "id": "layer_data_map.fid--27e80436_1a098b908f8_-3b3a", "geometry": {"type": "Point", "coordinates": [106.90640342, 47.92682227]}, "geometry_name": "geom", "properties": {"guid": 4691, "id": 4691, "object_no": null, "object_name": null, "layer_type_id": 213, "valid_to": null, "address_no": null, "border_type": "solid", "border_width": null, "border_color": null, "border_opacity": null, "border_wellknown": "horizline", "fill_type": "color", "fill_color": "#c27ba0", "fill_opacity": 1, "fill_wellknown": "horizline", "fill_shape_color": null, "fill_shape_width": null, "fill_shape_size": null, "fill_img_url": null, "marker_img_url": null}},{"type": "Feature", "id": "layer_data_map.fid--27e80436_1a098b908f8_-3b39", "geometry": {"type": "Point", "coordinates": [106.88365185, 47.93820198]}, "geometry_name": "geom", "properties": {"guid": 4692, "id": 4692, "object_no": null, "object_name": null, "layer_type_id": 213, "valid_to": null, "address_no": null, "border_type": "solid", "border_width": null, "border_color": null, "border_opacity": null, "border_wellknown": "horizline", "fill_type": "color", "fill_color": "#c27ba0", "fill_opacity": 1, "fill_wellknown": "horizline", "fill_shape_color": null, "fill_shape_width": null, "fill_shape_size": null, "fill_img_url": null, "marker_img_url": null}},{"type": "Feature", "id": "layer_data_map.fid--27e80436_1a098b908f8_-3b38", "geometry": {"type": "Point", "coordinates": [106.91195745, 47.94917043]}, "geometry_name": "geom", "properties": {"guid": 4693, "id": 4693, "object_no": null, "object_name": null, "layer_type_id": 213, "valid_to": null, "address_no": null, "border_type": "solid", "border_width": null, "border_color": null, "border_opacity": null, "border_wellknown": "horizline", "fill_type": "color", "fill_color": "#c27ba0", "fill_opacity": 1, "fill_wellknown": "horizline", "fill_shape_color": null, "fill_shape_width": null, "fill_shape_size": null, "fill_img_url": null, "marker_img_url": null}},{"type": "Feature", "id": "layer_data_map.fid--27e80436_1a098b908f8_-3b37", "geometry": {"type": "Point", "coordinates": [106.90857857, 47.91777575]}, "geometry_name": "geom", "properties": {"guid": 4694, "id": 4694, "object_no": null, "object_name": null, "layer_type_id": 213, "valid_to": null, "address_no": null, "border_type": "solid", "border_width": null, "border_color": null, "border_opacity": null, "border_wellknown": "horizline", "fill_type": "color", "fill_color": "#c27ba0", "fill_opacity": 1, "fill_wellknown": "horizline", "fill_shape_color": null, "fill_shape_width": null, "fill_shape_size": null, "fill_img_url": null, "marker_img_url": null}},{"type": "Feature", "id": "layer_data_map.fid--27e80436_1a098b908f8_-3b36", "geometry": {"type": "Point", "coordinates": [107.25500953, 47.78110587]}, "geometry_name": "geom", "properties": {"guid": 4695, "id": 4695, "object_no": null, "object_name": null, "layer_type_id": 213, "valid_to": null, "address_no": null, "border_type": "solid", "border_width": null, "border_color": null, "border_opacity": null, "border_wellknown": "horizline", "fill_type": "color", "fill_color": "#c27ba0", "fill_opacity": 1, "fill_wellknown": "horizline", "fill_shape_color": null, "fill_shape_width": null, "fill_shape_size": null, "fill_img_url": null, "marker_img_url": null}},{"type": "Feature", "id": "layer_data_map.fid--27e80436_1a098b908f8_-3b35", "geometry": {"type": "Point", "coordinates": [107.23822242, 47.77439253]}, "geometry_name": "geom", "properties": {"guid": 4696, "id": 4696, "object_no": null, "object_name": null, "layer_type_id": 213, "valid_to": null, "address_no": null, "border_type": "solid", "border_width": null, "border_color": null, "border_opacity": null, "border_wellknown": "horizline", "fill_type": "color", "fill_color": "#c27ba0", "fill_opacity": 1, "fill_wellknown": "horizline", "fill_shape_color": null, "fill_shape_width": null, "fill_shape_size": null, "fill_img_url": null, "marker_img_url": null}},{"type": "Feature", "id": "layer_data_map.fid--27e80436_1a098b908f8_-3b34", "geometry": {"type": "Point", "coordinates": [107.25063743, 47.76843367]}, "geometry_name": "geom", "properties": {"guid": 4697, "id": 4697, "object_no": null, "object_name": null, "layer_type_id": 213, "valid_to": null, "address_no": null, "border_type": "solid", "border_width": null, "border_color": null, "border_opacity": null, "border_wellknown": "horizline", "fill_type": "color", "fill_color": "#c27ba0", "fill_opacity": 1, "fill_wellknown": "horizline", "fill_shape_color": null, "fill_shape_width": null, "fill_shape_size": null, "fill_img_url": null, "marker_img_url": null}},{"type": "Feature", "id": "layer_data_map.fid--27e80436_1a098b908f8_-3b33", "geometry": {"type": "Point", "coordinates": [107.39325067, 47.7829137]}, "geometry_name": "geom", "properties": {"guid": 4698, "id": 4698, "object_no": null, "object_name": null, "layer_type_id": 213, "valid_to": null, "address_no": null, "border_type": "solid", "border_width": null, "border_color": null, "border_opacity": null, "border_wellknown": "horizline", "fill_type": "color", "fill_color": "#c27ba0", "fill_opacity": 1, "fill_wellknown": "horizline", "fill_shape_color": null, "fill_shape_width": null, "fill_shape_size": null, "fill_img_url": null, "marker_img_url": null}},{"type": "Feature", "id": "layer_data_map.fid--27e80436_1a098b908f8_-3b32", "geometry": {"type": "Point", "coordinates": [106.92782445, 47.92626264]}, "geometry_name": "geom", "properties": {"guid": 4699, "id": 4699, "object_no": null, "object_name": null, "layer_type_id": 213, "valid_to": null, "address_no": null, "border_type": "solid", "border_width": null, "border_color": null, "border_opacity": null, "border_wellknown": "horizline", "fill_type": "color", "fill_color": "#c27ba0", "fill_opacity": 1, "fill_wellknown": "horizline", "fill_shape_color": null, "fill_shape_width": null, "fill_shape_size": null, "fill_img_url": null, "marker_img_url": null}},{"type": "Feature", "id": "layer_data_map.fid--27e80436_1a098b908f8_-3b31", "geometry": {"type": "Point", "coordinates": [106.92247287, 47.92661846]}, "geometry_name": "geom", "properties": {"guid": 4700, "id": 4700, "object_no": null, "object_name": null, "layer_type_id": 213, "valid_to": null, "address_no": null, "border_type": "solid", "border_width": null, "border_color": null, "border_opacity": null, "border_wellknown": "horizline", "fill_type": "color", "fill_color": "#c27ba0", "fill_opacity": 1, "fill_wellknown": "horizline", "fill_shape_color": null, "fill_shape_width": null, "fill_shape_size": null, "fill_img_url": null, "marker_img_url": null}},{"type": "Feature", "id": "layer_data_map.fid--27e80436_1a098b908f8_-3b30", "geometry": {"type": "Point", "coordinates": [106.92446327, 47.92552537]}, "geometry_name": "geom", "properties": {"guid": 4701, "id": 4701, "object_no": null, "object_name": null, "layer_type_id": 213, "valid_to": null, "address_no": null, "border_type": "solid", "border_width": null, "border_color": null, "border_opacity": null, "border_wellknown": "horizline", "fill_type": "color", "fill_color": "#c27ba0", "fill_opacity": 1, "fill_wellknown": "horizline", "fill_shape_color": null, "fill_shape_width": null, "fill_shape_size": null, "fill_img_url": null, "marker_img_url": null}},{"type": "Feature", "id": "layer_data_map.fid--27e80436_1a098b908f8_-3b2f", "geometry": {"type": "Point", "coordinates": [106.93010022, 47.92373617]}, "geometry_name": "geom", "properties": {"guid": 4702, "id": 4702, "object_no": null, "object_name": null, "layer_type_id": 213, "valid_to": null, "address_no": null, "border_type": "solid", "border_width": null, "border_color": null, "border_opacity": null, "border_wellknown": "horizline", "fill_type": "color", "fill_color": "#c27ba0", "fill_opacity": 1, "fill_wellknown": "horizline", "fill_shape_color": null, "fill_shape_width": null, "fill_shape_size": null, "fill_img_url": null, "marker_img_url": null}},{"type": "Feature", "id": "layer_data_map.fid--27e80436_1a098b908f8_-3b2e", "geometry": {"type": "Point", "coordinates": [106.90595054, 47.91135027]}, "geometry_name": "geom", "properties": {"guid": 4703, "id": 4703, "object_no": null, "object_name": null, "layer_type_id": 213, "valid_to": null, "address_no": null, "border_type": "solid", "border_width": null, "border_color": null, "border_opacity": null, "border_wellknown": "horizline", "fill_type": "color", "fill_color": "#c27ba0", "fill_opacity": 1, "fill_wellknown": "horizline", "fill_shape_color": null, "fill_shape_width": null, "fill_shape_size": null, "fill_img_url": null, "marker_img_url": null}},{"type": "Feature", "id": "layer_data_map.fid--27e80436_1a098b908f8_-3b2d", "geometry": {"type": "Point", "coordinates": [106.92263658, 47.92790792]}, "geometry_name": "geom", "properties": {"guid": 4704, "id": 4704, "object_no": null, "object_name": null, "layer_type_id": 213, "valid_to": null, "address_no": null, "border_type": "solid", "border_width": null, "border_color": null, "border_opacity": null, "border_wellknown": "horizline", "fill_type": "color", "fill_color": "#c27ba0", "fill_opacity": 1, "fill_wellknown": "horizline", "fill_shape_color": null, "fill_shape_width": null, "fill_shape_size": null, "fill_img_url": null, "marker_img_url": null}},{"type": "Feature", "id": "layer_data_map.fid--27e80436_1a098b908f8_-3b2c", "geometry": {"type": "Point", "coordinates": [106.90453832, 47.91078309]}, "geometry_name": "geom", "properties": {"guid": 4705, "id": 4705, "object_no": null, "object_name": null, "layer_type_id": 213, "valid_to": null, "address_no": null, "border_type": "solid", "border_width": null, "border_color": null, "border_opacity": null, "border_wellknown": "horizline", "fill_type": "color", "fill_color": "#c27ba0", "fill_opacity": 1, "fill_wellknown": "horizline", "fill_shape_color": null, "fill_shape_width": null, "fill_shape_size": null, "fill_img_url": null, "marker_img_url": null}},{"type": "Feature", "id": "layer_data_map.fid--27e80436_1a098b908f8_-3b2b", "geometry": {"type": "Point", "coordinates": [106.91314213, 47.93031546]}, "geometry_name": "geom", "properties": {"guid": 4706, "id": 4706, "object_no": null, "object_name": null, "layer_type_id": 213, "valid_to": null, "address_no": null, "border_type": "solid", "border_width": null, "border_color": null, "border_opacity": null, "border_wellknown": "horizline", "fill_type": "color", "fill_color": "#c27ba0", "fill_opacity": 1, "fill_wellknown": "horizline", "fill_shape_color": null, "fill_shape_width": null, "fill_shape_size": null, "fill_img_url": null, "marker_img_url": null}},{"type": "Feature", "id": "layer_data_map.fid--27e80436_1a098b908f8_-3b2a", "geometry": {"type": "Point", "coordinates": [106.91468497, 47.92837456]}, "geometry_name": "geom", "properties": {"guid": 4707, "id": 4707, "object_no": null, "object_name": null, "layer_type_id": 213, "valid_to": null, "address_no": null, "border_type": "solid", "border_width": null, "border_color": null, "border_opacity": null, "border_wellknown": "horizline", "fill_type": "color", "fill_color": "#c27ba0", "fill_opacity": 1, "fill_wellknown": "horizline", "fill_shape_color": null, "fill_shape_width": null, "fill_shape_size": null, "fill_img_url": null, "marker_img_url": null}},{"type": "Feature", "id": "layer_data_map.fid--27e80436_1a098b908f8_-3b29", "geometry": {"type": "Point", "coordinates": [106.92565152, 47.92871534]}, "geometry_name": "geom", "properties": {"guid": 4708, "id": 4708, "object_no": null, "object_name": null, "layer_type_id": 213, "valid_to": null, "address_no": null, "border_type": "solid", "border_width": null, "border_color": null, "border_opacity": null, "border_wellknown": "horizline", "fill_type": "color", "fill_color": "#c27ba0", "fill_opacity": 1, "fill_wellknown": "horizline", "fill_shape_color": null, "fill_shape_width": null, "fill_shape_size": null, "fill_img_url": null, "marker_img_url": null}},{"type": "Feature", "id": "layer_data_map.fid--27e80436_1a098b908f8_-3b28", "geometry": {"type": "Point", "coordinates": [106.9250101, 47.92808034]}, "geometry_name": "geom", "properties": {"guid": 4709, "id": 4709, "object_no": null, "object_name": null, "layer_type_id": 213, "valid_to": null, "address_no": null, "border_type": "solid", "border_width": null, "border_color": null, "border_opacity": null, "border_wellknown": "horizline", "fill_type": "color", "fill_color": "#c27ba0", "fill_opacity": 1, "fill_wellknown": "horizline", "fill_shape_color": null, "fill_shape_width": null, "fill_shape_size": null, "fill_img_url": null, "marker_img_url": null}},{"type": "Feature", "id": "layer_data_map.fid--27e80436_1a098b908f8_-3b27", "geometry": {"type": "Point", "coordinates": [106.9664803, 47.99645355]}, "geometry_name": "geom", "properties": {"guid": 4710, "id": 4710, "object_no": null, "object_name": null, "layer_type_id": 213, "valid_to": null, "address_no": null, "border_type": "solid", "border_width": null, "border_color": null, "border_opacity": null, "border_wellknown": "horizline", "fill_type": "color", "fill_color": "#c27ba0", "fill_opacity": 1, "fill_wellknown": "horizline", "fill_shape_color": null, "fill_shape_width": null, "fill_shape_size": null, "fill_img_url": null, "marker_img_url": null}},{"type": "Feature", "id": "layer_data_map.fid--27e80436_1a098b908f8_-3b26", "geometry": {"type": "Point", "coordinates": [106.92909877, 47.9270358]}, "geometry_name": "geom", "properties": {"guid": 4711, "id": 4711, "object_no": null, "object_name": null, "layer_type_id": 213, "valid_to": null, "address_no": null, "border_type": "solid", "border_width": null, "border_color": null, "border_opacity": null, "border_wellknown": "horizline", "fill_type": "color", "fill_color": "#c27ba0", "fill_opacity": 1, "fill_wellknown": "horizline", "fill_shape_color": null, "fill_shape_width": null, "fill_shape_size": null, "fill_img_url": null, "marker_img_url": null}},{"type": "Feature", "id": "layer_data_map.fid--27e80436_1a098b908f8_-3b25", "geometry": {"type": "Point", "coordinates": [106.93868756, 47.97958861]}, "geometry_name": "geom", "properties": {"guid": 4712, "id": 4712, "object_no": null, "object_name": null, "layer_type_id": 213, "valid_to": null, "address_no": null, "border_type": "solid", "border_width": null, "border_color": null, "border_opacity": null, "border_wellknown": "horizline", "fill_type": "color", "fill_color": "#c27ba0", "fill_opacity": 1, "fill_wellknown": "horizline", "fill_shape_color": null, "fill_shape_width": null, "fill_shape_size": null, "fill_img_url": null, "marker_img_url": null}},{"type": "Feature", "id": "layer_data_map.fid--27e80436_1a098b908f8_-3b24", "geometry": {"type": "Point", "coordinates": [106.96740991, 47.98149309]}, "geometry_name": "geom", "properties": {"guid": 4713, "id": 4713, "object_no": null, "object_name": null, "layer_type_id": 213, "valid_to": null, "address_no": null, "border_type": "solid", "border_width": null, "border_color": null, "border_opacity": null, "border_wellknown": "horizline", "fill_type": "color", "fill_color": "#c27ba0", "fill_opacity": 1, "fill_wellknown": "horizline", "fill_shape_color": null, "fill_shape_width": null, "fill_shape_size": null, "fill_img_url": null, "marker_img_url": null}},{"type": "Feature", "id": "layer_data_map.fid--27e80436_1a098b908f8_-3b23", "geometry": {"type": "Point", "coordinates": [107.00426025, 48.0543481]}, "geometry_name": "geom", "properties": {"guid": 4714, "id": 4714, "object_no": null, "object_name": null, "layer_type_id": 213, "valid_to": null, "address_no": null, "border_type": "solid", "border_width": null, "border_color": null, "border_opacity": null, "border_wellknown": "horizline", "fill_type": "color", "fill_color": "#c27ba0", "fill_opacity": 1, "fill_wellknown": "horizline", "fill_shape_color": null, "fill_shape_width": null, "fill_shape_size": null, "fill_img_url": null, "marker_img_url": null}},{"type": "Feature", "id": "layer_data_map.fid--27e80436_1a098b908f8_-3b22", "geometry": {"type": "Point", "coordinates": [106.9323693, 47.97924739]}, "geometry_name": "geom", "properties": {"guid": 4715, "id": 4715, "object_no": null, "object_name": null, "layer_type_id": 213, "valid_to": null, "address_no": null, "border_type": "solid", "border_width": null, "border_color": null, "border_opacity": null, "border_wellknown": "horizline", "fill_type": "color", "fill_color": "#c27ba0", "fill_opacity": 1, "fill_wellknown": "horizline", "fill_shape_color": null, "fill_shape_width": null, "fill_shape_size": null, "fill_img_url": null, "marker_img_url": null}},{"type": "Feature", "id": "layer_data_map.fid--27e80436_1a098b908f8_-3b21", "geometry": {"type": "Point", "coordinates": [106.92771698, 47.90875257]}, "geometry_name": "geom", "properties": {"guid": 4716, "id": 4716, "object_no": null, "object_name": null, "layer_type_id": 213, "valid_to": null, "address_no": null, "border_type": "solid", "border_width": null, "border_color": null, "border_opacity": null, "border_wellknown": "horizline", "fill_type": "color", "fill_color": "#c27ba0", "fill_opacity": 1, "fill_wellknown": "horizline", "fill_shape_color": null, "fill_shape_width": null, "fill_shape_size": null, "fill_img_url": null, "marker_img_url": null}},{"type": "Feature", "id": "layer_data_map.fid--27e80436_1a098b908f8_-3b20", "geometry": {"type": "Point", "coordinates": [106.922249, 47.9318874]}, "geometry_name": "geom", "properties": {"guid": 4717, "id": 4717, "object_no": null, "object_name": null, "layer_type_id": 213, "valid_to": null, "address_no": null, "border_type": "solid", "border_width": null, "border_color": null, "border_opacity": null, "border_wellknown": "horizline", "fill_type": "color", "fill_color": "#c27ba0", "fill_opacity": 1, "fill_wellknown": "horizline", "fill_shape_color": null, "fill_shape_width": null, "fill_shape_size": null, "fill_img_url": null, "marker_img_url": null}},{"type": "Feature", "id": "layer_data_map.fid--27e80436_1a098b908f8_-3b1f", "geometry": {"type": "Point", "coordinates": [106.92779923, 47.91136024]}, "geometry_name": "geom", "properties": {"guid": 4718, "id": 4718, "object_no": null, "object_name": null, "layer_type_id": 213, "valid_to": null, "address_no": null, "border_type": "solid", "border_width": null, "border_color": null, "border_opacity": null, "border_wellknown": "horizline", "fill_type": "color", "fill_color": "#c27ba0", "fill_opacity": 1, "fill_wellknown": "horizline", "fill_shape_color": null, "fill_shape_width": null, "fill_shape_size": null, "fill_img_url": null, "marker_img_url": null}},{"type": "Feature", "id": "layer_data_map.fid--27e80436_1a098b908f8_-3b1e", "geometry": {"type": "Point", "coordinates": [106.91139661, 47.9101333]}, "geometry_name": "geom", "properties": {"guid": 4719, "id": 4719, "object_no": null, "object_name": null, "layer_type_id": 213, "valid_to": null, "address_no": null, "border_type": "solid", "border_width": null, "border_color": null, "border_opacity": null, "border_wellknown": "horizline", "fill_type": "color", "fill_color": "#c27ba0", "fill_opacity": 1, "fill_wellknown": "horizline", "fill_shape_color": null, "fill_shape_width": null, "fill_shape_size": null, "fill_img_url": null, "marker_img_url": null}},{"type": "Feature", "id": "layer_data_map.fid--27e80436_1a098b908f8_-3b1d", "geometry": {"type": "Point", "coordinates": [106.92472175, 47.93120613]}, "geometry_name": "geom", "properties": {"guid": 4720, "id": 4720, "object_no": null, "object_name": null, "layer_type_id": 213, "valid_to": null, "address_no": null, "border_type": "solid", "border_width": null, "border_color": null, "border_opacity": null, "border_wellknown": "horizline", "fill_type": "color", "fill_color": "#c27ba0", "fill_opacity": 1, "fill_wellknown": "horizline", "fill_shape_color": null, "fill_shape_width": null, "fill_shape_size": null, "fill_img_url": null, "marker_img_url": null}},{"type": "Feature", "id": "layer_data_map.fid--27e80436_1a098b908f8_-3b1c", "geometry": {"type": "Point", "coordinates": [106.90595538, 47.91125832]}, "geometry_name": "geom", "properties": {"guid": 4721, "id": 4721, "object_no": null, "object_name": null, "layer_type_id": 213, "valid_to": null, "address_no": null, "border_type": "solid", "border_width": null, "border_color": null, "border_opacity": null, "border_wellknown": "horizline", "fill_type": "color", "fill_color": "#c27ba0", "fill_opacity": 1, "fill_wellknown": "horizline", "fill_shape_color": null, "fill_shape_width": null, "fill_shape_size": null, "fill_img_url": null, "marker_img_url": null}},{"type": "Feature", "id": "layer_data_map.fid--27e80436_1a098b908f8_-3b1b", "geometry": {"type": "Point", "coordinates": [106.9507219, 47.98849177]}, "geometry_name": "geom", "properties": {"guid": 4722, "id": 4722, "object_no": null, "object_name": null, "layer_type_id": 213, "valid_to": null, "address_no": null, "border_type": "solid", "border_width": null, "border_color": null, "border_opacity": null, "border_wellknown": "horizline", "fill_type": "color", "fill_color": "#c27ba0", "fill_opacity": 1, "fill_wellknown": "horizline", "fill_shape_color": null, "fill_shape_width": null, "fill_shape_size": null, "fill_img_url": null, "marker_img_url": null}},{"type": "Feature", "id": "layer_data_map.fid--27e80436_1a098b908f8_-3b1a", "geometry": {"type": "Point", "coordinates": [106.84347893, 47.9141806]}, "geometry_name": "geom", "properties": {"guid": 4723, "id": 4723, "object_no": null, "object_name": null, "layer_type_id": 213, "valid_to": null, "address_no": null, "border_type": "solid", "border_width": null, "border_color": null, "border_opacity": null, "border_wellknown": "horizline", "fill_type": "color", "fill_color": "#c27ba0", "fill_opacity": 1, "fill_wellknown": "horizline", "fill_shape_color": null, "fill_shape_width": null, "fill_shape_size": null, "fill_img_url": null, "marker_img_url": null}},{"type": "Feature", "id": "layer_data_map.fid--27e80436_1a098b908f8_-3b19", "geometry": {"type": "Point", "coordinates": [106.77676498, 47.91987666]}, "geometry_name": "geom", "properties": {"guid": 4724, "id": 4724, "object_no": null, "object_name": null, "layer_type_id": 213, "valid_to": null, "address_no": null, "border_type": "solid", "border_width": null, "border_color": null, "border_opacity": null, "border_wellknown": "horizline", "fill_type": "color", "fill_color": "#c27ba0", "fill_opacity": 1, "fill_wellknown": "horizline", "fill_shape_color": null, "fill_shape_width": null, "fill_shape_size": null, "fill_img_url": null, "marker_img_url": null}},{"type": "Feature", "id": "layer_data_map.fid--27e80436_1a098b908f8_-3b18", "geometry": {"type": "Point", "coordinates": [106.82511923, 47.91586648]}, "geometry_name": "geom", "properties": {"guid": 4725, "id": 4725, "object_no": null, "object_name": null, "layer_type_id": 213, "valid_to": null, "address_no": null, "border_type": "solid", "border_width": null, "border_color": null, "border_opacity": null, "border_wellknown": "horizline", "fill_type": "color", "fill_color": "#c27ba0", "fill_opacity": 1, "fill_wellknown": "horizline", "fill_shape_color": null, "fill_shape_width": null, "fill_shape_size": null, "fill_img_url": null, "marker_img_url": null}},{"type": "Feature", "id": "layer_data_map.fid--27e80436_1a098b908f8_-3b17", "geometry": {"type": "Point", "coordinates": [106.82799843, 47.9847171]}, "geometry_name": "geom", "properties": {"guid": 4726, "id": 4726, "object_no": null, "object_name": null, "layer_type_id": 213, "valid_to": null, "address_no": null, "border_type": "solid", "border_width": null, "border_color": null, "border_opacity": null, "border_wellknown": "horizline", "fill_type": "color", "fill_color": "#c27ba0", "fill_opacity": 1, "fill_wellknown": "horizline", "fill_shape_color": null, "fill_shape_width": null, "fill_shape_size": null, "fill_img_url": null, "marker_img_url": null}},{"type": "Feature", "id": "layer_data_map.fid--27e80436_1a098b908f8_-3b16", "geometry": {"type": "Point", "coordinates": [106.64293054, 47.89745951]}, "geometry_name": "geom", "properties": {"guid": 4727, "id": 4727, "object_no": null, "object_name": null, "layer_type_id": 213, "valid_to": null, "address_no": null, "border_type": "solid", "border_width": null, "border_color": null, "border_opacity": null, "border_wellknown": "horizline", "fill_type": "color", "fill_color": "#c27ba0", "fill_opacity": 1, "fill_wellknown": "horizline", "fill_shape_color": null, "fill_shape_width": null, "fill_shape_size": null, "fill_img_url": null, "marker_img_url": null}},{"type": "Feature", "id": "layer_data_map.fid--27e80436_1a098b908f8_-3b15", "geometry": {"type": "Point", "coordinates": [106.82561682, 47.91616691]}, "geometry_name": "geom", "properties": {"guid": 4728, "id": 4728, "object_no": null, "object_name": null, "layer_type_id": 213, "valid_to": null, "address_no": null, "border_type": "solid", "border_width": null, "border_color": null, "border_opacity": null, "border_wellknown": "horizline", "fill_type": "color", "fill_color": "#c27ba0", "fill_opacity": 1, "fill_wellknown": "horizline", "fill_shape_color": null, "fill_shape_width": null, "fill_shape_size": null, "fill_img_url": null, "marker_img_url": null}},{"type": "Feature", "id": "layer_data_map.fid--27e80436_1a098b908f8_-3b14", "geometry": {"type": "Point", "coordinates": [106.74405804, 47.92140892]}, "geometry_name": "geom", "properties": {"guid": 4729, "id": 4729, "object_no": null, "object_name": null, "layer_type_id": 213, "valid_to": null, "address_no": null, "border_type": "solid", "border_width": null, "border_color": null, "border_opacity": null, "border_wellknown": "horizline", "fill_type": "color", "fill_color": "#c27ba0", "fill_opacity": 1, "fill_wellknown": "horizline", "fill_shape_color": null, "fill_shape_width": null, "fill_shape_size": null, "fill_img_url": null, "marker_img_url": null}},{"type": "Feature", "id": "layer_data_map.fid--27e80436_1a098b908f8_-3b13", "geometry": {"type": "Point", "coordinates": [106.79414732, 47.91932258]}, "geometry_name": "geom", "properties": {"guid": 4730, "id": 4730, "object_no": null, "object_name": null, "layer_type_id": 213, "valid_to": null, "address_no": null, "border_type": "solid", "border_width": null, "border_color": null, "border_opacity": null, "border_wellknown": "horizline", "fill_type": "color", "fill_color": "#c27ba0", "fill_opacity": 1, "fill_wellknown": "horizline", "fill_shape_color": null, "fill_shape_width": null, "fill_shape_size": null, "fill_img_url": null, "marker_img_url": null}},{"type": "Feature", "id": "layer_data_map.fid--27e80436_1a098b908f8_-3b12", "geometry": {"type": "Point", "coordinates": [106.81342654, 47.94294298]}, "geometry_name": "geom", "properties": {"guid": 4731, "id": 4731, "object_no": null, "object_name": null, "layer_type_id": 213, "valid_to": null, "address_no": null, "border_type": "solid", "border_width": null, "border_color": null, "border_opacity": null, "border_wellknown": "horizline", "fill_type": "color", "fill_color": "#c27ba0", "fill_opacity": 1, "fill_wellknown": "horizline", "fill_shape_color": null, "fill_shape_width": null, "fill_shape_size": null, "fill_img_url": null, "marker_img_url": null}},{"type": "Feature", "id": "layer_data_map.fid--27e80436_1a098b908f8_-3b11", "geometry": {"type": "Point", "coordinates": [106.74904413, 47.91596322]}, "geometry_name": "geom", "properties": {"guid": 4732, "id": 4732, "object_no": null, "object_name": null, "layer_type_id": 213, "valid_to": null, "address_no": null, "border_type": "solid", "border_width": null, "border_color": null, "border_opacity": null, "border_wellknown": "horizline", "fill_type": "color", "fill_color": "#c27ba0", "fill_opacity": 1, "fill_wellknown": "horizline", "fill_shape_color": null, "fill_shape_width": null, "fill_shape_size": null, "fill_img_url": null, "marker_img_url": null}},{"type": "Feature", "id": "layer_data_map.fid--27e80436_1a098b908f8_-3b10", "geometry": {"type": "Point", "coordinates": [106.85254963, 47.95589205]}, "geometry_name": "geom", "properties": {"guid": 4733, "id": 4733, "object_no": null, "object_name": null, "layer_type_id": 213, "valid_to": null, "address_no": null, "border_type": "solid", "border_width": null, "border_color": null, "border_opacity": null, "border_wellknown": "horizline", "fill_type": "color", "fill_color": "#c27ba0", "fill_opacity": 1, "fill_wellknown": "horizline", "fill_shape_color": null, "fill_shape_width": null, "fill_shape_size": null, "fill_img_url": null, "marker_img_url": null}},{"type": "Feature", "id": "layer_data_map.fid--27e80436_1a098b908f8_-3b0f", "geometry": {"type": "Point", "coordinates": [106.84440059, 47.91443562]}, "geometry_name": "geom", "properties": {"guid": 4734, "id": 4734, "object_no": null, "object_name": null, "layer_type_id": 213, "valid_to": null, "address_no": null, "border_type": "solid", "border_width": null, "border_color": null, "border_opacity": null, "border_wellknown": "horizline", "fill_type": "color", "fill_color": "#c27ba0", "fill_opacity": 1, "fill_wellknown": "horizline", "fill_shape_color": null, "fill_shape_width": null, "fill_shape_size": null, "fill_img_url": null, "marker_img_url": null}},{"type": "Feature", "id": "layer_data_map.fid--27e80436_1a098b908f8_-3b0e", "geometry": {"type": "Point", "coordinates": [106.85953167, 47.95060111]}, "geometry_name": "geom", "properties": {"guid": 4735, "id": 4735, "object_no": null, "object_name": null, "layer_type_id": 213, "valid_to": null, "address_no": null, "border_type": "solid", "border_width": null, "border_color": null, "border_opacity": null, "border_wellknown": "horizline", "fill_type": "color", "fill_color": "#c27ba0", "fill_opacity": 1, "fill_wellknown": "horizline", "fill_shape_color": null, "fill_shape_width": null, "fill_shape_size": null, "fill_img_url": null, "marker_img_url": null}},{"type": "Feature", "id": "layer_data_map.fid--27e80436_1a098b908f8_-3b0d", "geometry": {"type": "Point", "coordinates": [106.83725024, 47.91476816]}, "geometry_name": "geom", "properties": {"guid": 4736, "id": 4736, "object_no": null, "object_name": null, "layer_type_id": 213, "valid_to": null, "address_no": null, "border_type": "solid", "border_width": null, "border_color": null, "border_opacity": null, "border_wellknown": "horizline", "fill_type": "color", "fill_color": "#c27ba0", "fill_opacity": 1, "fill_wellknown": "horizline", "fill_shape_color": null, "fill_shape_width": null, "fill_shape_size": null, "fill_img_url": null, "marker_img_url": null}},{"type": "Feature", "id": "layer_data_map.fid--27e80436_1a098b908f8_-3b0c", "geometry": {"type": "Point", "coordinates": [106.77818607, 47.91054575]}, "geometry_name": "geom", "properties": {"guid": 4737, "id": 4737, "object_no": null, "object_name": null, "layer_type_id": 213, "valid_to": null, "address_no": null, "border_type": "solid", "border_width": null, "border_color": null, "border_opacity": null, "border_wellknown": "horizline", "fill_type": "color", "fill_color": "#c27ba0", "fill_opacity": 1, "fill_wellknown": "horizline", "fill_shape_color": null, "fill_shape_width": null, "fill_shape_size": null, "fill_img_url": null, "marker_img_url": null}},{"type": "Feature", "id": "layer_data_map.fid--27e80436_1a098b908f8_-3b0b", "geometry": {"type": "Point", "coordinates": [106.81934024, 47.91540847]}, "geometry_name": "geom", "properties": {"guid": 4738, "id": 4738, "object_no": null, "object_name": null, "layer_type_id": 213, "valid_to": null, "address_no": null, "border_type": "solid", "border_width": null, "border_color": null, "border_opacity": null, "border_wellknown": "horizline", "fill_type": "color", "fill_color": "#c27ba0", "fill_opacity": 1, "fill_wellknown": "horizline", "fill_shape_color": null, "fill_shape_width": null, "fill_shape_size": null, "fill_img_url": null, "marker_img_url": null}},{"type": "Feature", "id": "layer_data_map.fid--27e80436_1a098b908f8_-3b0a", "geometry": {"type": "Point", "coordinates": [106.80463203, 47.94567349]}, "geometry_name": "geom", "properties": {"guid": 4739, "id": 4739, "object_no": null, "object_name": null, "layer_type_id": 213, "valid_to": null, "address_no": null, "border_type": "solid", "border_width": null, "border_color": null, "border_opacity": null, "border_wellknown": "horizline", "fill_type": "color", "fill_color": "#c27ba0", "fill_opacity": 1, "fill_wellknown": "horizline", "fill_shape_color": null, "fill_shape_width": null, "fill_shape_size": null, "fill_img_url": null, "marker_img_url": null}},{"type": "Feature", "id": "layer_data_map.fid--27e80436_1a098b908f8_-3b09", "geometry": {"type": "Point", "coordinates": [106.82316235, 47.91250448]}, "geometry_name": "geom", "properties": {"guid": 4740, "id": 4740, "object_no": null, "object_name": null, "layer_type_id": 213, "valid_to": null, "address_no": null, "border_type": "solid", "border_width": null, "border_color": null, "border_opacity": null, "border_wellknown": "horizline", "fill_type": "color", "fill_color": "#c27ba0", "fill_opacity": 1, "fill_wellknown": "horizline", "fill_shape_color": null, "fill_shape_width": null, "fill_shape_size": null, "fill_img_url": null, "marker_img_url": null}},{"type": "Feature", "id": "layer_data_map.fid--27e80436_1a098b908f8_-3b08", "geometry": {"type": "Point", "coordinates": [106.81311002, 47.91648828]}, "geometry_name": "geom", "properties": {"guid": 4741, "id": 4741, "object_no": null, "object_name": null, "layer_type_id": 213, "valid_to": null, "address_no": null, "border_type": "solid", "border_width": null, "border_color": null, "border_opacity": null, "border_wellknown": "horizline", "fill_type": "color", "fill_color": "#c27ba0", "fill_opacity": 1, "fill_wellknown": "horizline", "fill_shape_color": null, "fill_shape_width": null, "fill_shape_size": null, "fill_img_url": null, "marker_img_url": null}},{"type": "Feature", "id": "layer_data_map.fid--27e80436_1a098b908f8_-3b07", "geometry": {"type": "Point", "coordinates": [106.84084328, 47.91443884]}, "geometry_name": "geom", "properties": {"guid": 4742, "id": 4742, "object_no": null, "object_name": null, "layer_type_id": 213, "valid_to": null, "address_no": null, "border_type": "solid", "border_width": null, "border_color": null, "border_opacity": null, "border_wellknown": "horizline", "fill_type": "color", "fill_color": "#c27ba0", "fill_opacity": 1, "fill_wellknown": "horizline", "fill_shape_color": null, "fill_shape_width": null, "fill_shape_size": null, "fill_img_url": null, "marker_img_url": null}},{"type": "Feature", "id": "layer_data_map.fid--27e80436_1a098b908f8_-3b06", "geometry": {"type": "Point", "coordinates": [106.82182606, 47.91271203]}, "geometry_name": "geom", "properties": {"guid": 4743, "id": 4743, "object_no": null, "object_name": null, "layer_type_id": 213, "valid_to": null, "address_no": null, "border_type": "solid", "border_width": null, "border_color": null, "border_opacity": null, "border_wellknown": "horizline", "fill_type": "color", "fill_color": "#c27ba0", "fill_opacity": 1, "fill_wellknown": "horizline", "fill_shape_color": null, "fill_shape_width": null, "fill_shape_size": null, "fill_img_url": null, "marker_img_url": null}},{"type": "Feature", "id": "layer_data_map.fid--27e80436_1a098b908f8_-3b05", "geometry": {"type": "Point", "coordinates": [106.82614918, 47.91214543]}, "geometry_name": "geom", "properties": {"guid": 4744, "id": 4744, "object_no": null, "object_name": null, "layer_type_id": 213, "valid_to": null, "address_no": null, "border_type": "solid", "border_width": null, "border_color": null, "border_opacity": null, "border_wellknown": "horizline", "fill_type": "color", "fill_color": "#c27ba0", "fill_opacity": 1, "fill_wellknown": "horizline", "fill_shape_color": null, "fill_shape_width": null, "fill_shape_size": null, "fill_img_url": null, "marker_img_url": null}},{"type": "Feature", "id": "layer_data_map.fid--27e80436_1a098b908f8_-3b04", "geometry": {"type": "Point", "coordinates": [106.81260333, 47.92201768]}, "geometry_name": "geom", "properties": {"guid": 4745, "id": 4745, "object_no": null, "object_name": null, "layer_type_id": 213, "valid_to": null, "address_no": null, "border_type": "solid", "border_width": null, "border_color": null, "border_opacity": null, "border_wellknown": "horizline", "fill_type": "color", "fill_color": "#c27ba0", "fill_opacity": 1, "fill_wellknown": "horizline", "fill_shape_color": null, "fill_shape_width": null, "fill_shape_size": null, "fill_img_url": null, "marker_img_url": null}},{"type": "Feature", "id": "layer_data_map.fid--27e80436_1a098b908f8_-3b03", "geometry": {"type": "Point", "coordinates": [106.84000388, 47.95813112]}, "geometry_name": "geom", "properties": {"guid": 4746, "id": 4746, "object_no": null, "object_name": null, "layer_type_id": 213, "valid_to": null, "address_no": null, "border_type": "solid", "border_width": null, "border_color": null, "border_opacity": null, "border_wellknown": "horizline", "fill_type": "color", "fill_color": "#c27ba0", "fill_opacity": 1, "fill_wellknown": "horizline", "fill_shape_color": null, "fill_shape_width": null, "fill_shape_size": null, "fill_img_url": null, "marker_img_url": null}},{"type": "Feature", "id": "layer_data_map.fid--27e80436_1a098b908f8_-3b02", "geometry": {"type": "Point", "coordinates": [106.78631919, 47.91002208]}, "geometry_name": "geom", "properties": {"guid": 4747, "id": 4747, "object_no": null, "object_name": null, "layer_type_id": 213, "valid_to": null, "address_no": null, "border_type": "solid", "border_width": null, "border_color": null, "border_opacity": null, "border_wellknown": "horizline", "fill_type": "color", "fill_color": "#c27ba0", "fill_opacity": 1, "fill_wellknown": "horizline", "fill_shape_color": null, "fill_shape_width": null, "fill_shape_size": null, "fill_img_url": null, "marker_img_url": null}},{"type": "Feature", "id": "layer_data_map.fid--27e80436_1a098b908f8_-3b01", "geometry": {"type": "Point", "coordinates": [106.81461101, 47.9234539]}, "geometry_name": "geom", "properties": {"guid": 4748, "id": 4748, "object_no": null, "object_name": null, "layer_type_id": 213, "valid_to": null, "address_no": null, "border_type": "solid", "border_width": null, "border_color": null, "border_opacity": null, "border_wellknown": "horizline", "fill_type": "color", "fill_color": "#c27ba0", "fill_opacity": 1, "fill_wellknown": "horizline", "fill_shape_color": null, "fill_shape_width": null, "fill_shape_size": null, "fill_img_url": null, "marker_img_url": null}},{"type": "Feature", "id": "layer_data_map.fid--27e80436_1a098b908f8_-3b00", "geometry": {"type": "Point", "coordinates": [106.82026399, 47.93325799]}, "geometry_name": "geom", "properties": {"guid": 4749, "id": 4749, "object_no": null, "object_name": null, "layer_type_id": 213, "valid_to": null, "address_no": null, "border_type": "solid", "border_width": null, "border_color": null, "border_opacity": null, "border_wellknown": "horizline", "fill_type": "color", "fill_color": "#c27ba0", "fill_opacity": 1, "fill_wellknown": "horizline", "fill_shape_color": null, "fill_shape_width": null, "fill_shape_size": null, "fill_img_url": null, "marker_img_url": null}},{"type": "Feature", "id": "layer_data_map.fid--27e80436_1a098b908f8_-3aff", "geometry": {"type": "Point", "coordinates": [106.80255059, 47.91106671]}, "geometry_name": "geom", "properties": {"guid": 4750, "id": 4750, "object_no": null, "object_name": null, "layer_type_id": 213, "valid_to": null, "address_no": null, "border_type": "solid", "border_width": null, "border_color": null, "border_opacity": null, "border_wellknown": "horizline", "fill_type": "color", "fill_color": "#c27ba0", "fill_opacity": 1, "fill_wellknown": "horizline", "fill_shape_color": null, "fill_shape_width": null, "fill_shape_size": null, "fill_img_url": null, "marker_img_url": null}},{"type": "Feature", "id": "layer_data_map.fid--27e80436_1a098b908f8_-3afe", "geometry": {"type": "Point", "coordinates": [106.80570476, 47.97528696]}, "geometry_name": "geom", "properties": {"guid": 4751, "id": 4751, "object_no": null, "object_name": null, "layer_type_id": 213, "valid_to": null, "address_no": null, "border_type": "solid", "border_width": null, "border_color": null, "border_opacity": null, "border_wellknown": "horizline", "fill_type": "color", "fill_color": "#c27ba0", "fill_opacity": 1, "fill_wellknown": "horizline", "fill_shape_color": null, "fill_shape_width": null, "fill_shape_size": null, "fill_img_url": null, "marker_img_url": null}},{"type": "Feature", "id": "layer_data_map.fid--27e80436_1a098b908f8_-3afd", "geometry": {"type": "Point", "coordinates": [106.833385, 47.9299561]}, "geometry_name": "geom", "properties": {"guid": 4752, "id": 4752, "object_no": null, "object_name": null, "layer_type_id": 213, "valid_to": null, "address_no": null, "border_type": "solid", "border_width": null, "border_color": null, "border_opacity": null, "border_wellknown": "horizline", "fill_type": "color", "fill_color": "#c27ba0", "fill_opacity": 1, "fill_wellknown": "horizline", "fill_shape_color": null, "fill_shape_width": null, "fill_shape_size": null, "fill_img_url": null, "marker_img_url": null}},{"type": "Feature", "id": "layer_data_map.fid--27e80436_1a098b908f8_-3afc", "geometry": {"type": "Point", "coordinates": [106.82442513, 47.97505607]}, "geometry_name": "geom", "properties": {"guid": 4753, "id": 4753, "object_no": null, "object_name": null, "layer_type_id": 213, "valid_to": null, "address_no": null, "border_type": "solid", "border_width": null, "border_color": null, "border_opacity": null, "border_wellknown": "horizline", "fill_type": "color", "fill_color": "#c27ba0", "fill_opacity": 1, "fill_wellknown": "horizline", "fill_shape_color": null, "fill_shape_width": null, "fill_shape_size": null, "fill_img_url": null, "marker_img_url": null}},{"type": "Feature", "id": "layer_data_map.fid--27e80436_1a098b908f8_-3afb", "geometry": {"type": "Point", "coordinates": [106.80782769, 47.91439211]}, "geometry_name": "geom", "properties": {"guid": 4754, "id": 4754, "object_no": null, "object_name": null, "layer_type_id": 213, "valid_to": null, "address_no": null, "border_type": "solid", "border_width": null, "border_color": null, "border_opacity": null, "border_wellknown": "horizline", "fill_type": "color", "fill_color": "#c27ba0", "fill_opacity": 1, "fill_wellknown": "horizline", "fill_shape_color": null, "fill_shape_width": null, "fill_shape_size": null, "fill_img_url": null, "marker_img_url": null}},{"type": "Feature", "id": "layer_data_map.fid--27e80436_1a098b908f8_-3afa", "geometry": {"type": "Point", "coordinates": [106.82539956, 47.96454232]}, "geometry_name": "geom", "properties": {"guid": 4755, "id": 4755, "object_no": null, "object_name": null, "layer_type_id": 213, "valid_to": null, "address_no": null, "border_type": "solid", "border_width": null, "border_color": null, "border_opacity": null, "border_wellknown": "horizline", "fill_type": "color", "fill_color": "#c27ba0", "fill_opacity": 1, "fill_wellknown": "horizline", "fill_shape_color": null, "fill_shape_width": null, "fill_shape_size": null, "fill_img_url": null, "marker_img_url": null}},{"type": "Feature", "id": "layer_data_map.fid--27e80436_1a098b908f8_-3af9", "geometry": {"type": "Point", "coordinates": [106.83407765, 47.91369294]}, "geometry_name": "geom", "properties": {"guid": 4756, "id": 4756, "object_no": null, "object_name": null, "layer_type_id": 213, "valid_to": null, "address_no": null, "border_type": "solid", "border_width": null, "border_color": null, "border_opacity": null, "border_wellknown": "horizline", "fill_type": "color", "fill_color": "#c27ba0", "fill_opacity": 1, "fill_wellknown": "horizline", "fill_shape_color": null, "fill_shape_width": null, "fill_shape_size": null, "fill_img_url": null, "marker_img_url": null}},{"type": "Feature", "id": "layer_data_map.fid--27e80436_1a098b908f8_-3af8", "geometry": {"type": "Point", "coordinates": [106.80376881, 47.9818232]}, "geometry_name": "geom", "properties": {"guid": 4757, "id": 4757, "object_no": null, "object_name": null, "layer_type_id": 213, "valid_to": null, "address_no": null, "border_type": "solid", "border_width": null, "border_color": null, "border_opacity": null, "border_wellknown": "horizline", "fill_type": "color", "fill_color": "#c27ba0", "fill_opacity": 1, "fill_wellknown": "horizline", "fill_shape_color": null, "fill_shape_width": null, "fill_shape_size": null, "fill_img_url": null, "marker_img_url": null}},{"type": "Feature", "id": "layer_data_map.fid--27e80436_1a098b908f8_-3af7", "geometry": {"type": "Point", "coordinates": [106.82933592, 47.96758361]}, "geometry_name": "geom", "properties": {"guid": 4758, "id": 4758, "object_no": null, "object_name": null, "layer_type_id": 213, "valid_to": null, "address_no": null, "border_type": "solid", "border_width": null, "border_color": null, "border_opacity": null, "border_wellknown": "horizline", "fill_type": "color", "fill_color": "#c27ba0", "fill_opacity": 1, "fill_wellknown": "horizline", "fill_shape_color": null, "fill_shape_width": null, "fill_shape_size": null, "fill_img_url": null, "marker_img_url": null}},{"type": "Feature", "id": "layer_data_map.fid--27e80436_1a098b908f8_-3af6", "geometry": {"type": "Point", "coordinates": [106.82726025, 47.91235482]}, "geometry_name": "geom", "properties": {"guid": 4759, "id": 4759, "object_no": null, "object_name": null, "layer_type_id": 213, "valid_to": null, "address_no": null, "border_type": "solid", "border_width": null, "border_color": null, "border_opacity": null, "border_wellknown": "horizline", "fill_type": "color", "fill_color": "#c27ba0", "fill_opacity": 1, "fill_wellknown": "horizline", "fill_shape_color": null, "fill_shape_width": null, "fill_shape_size": null, "fill_img_url": null, "marker_img_url": null}},{"type": "Feature", "id": "layer_data_map.fid--27e80436_1a098b908f8_-3af5", "geometry": {"type": "Point", "coordinates": [106.82089485, 47.91679165]}, "geometry_name": "geom", "properties": {"guid": 4760, "id": 4760, "object_no": null, "object_name": null, "layer_type_id": 213, "valid_to": null, "address_no": null, "border_type": "solid", "border_width": null, "border_color": null, "border_opacity": null, "border_wellknown": "horizline", "fill_type": "color", "fill_color": "#c27ba0", "fill_opacity": 1, "fill_wellknown": "horizline", "fill_shape_color": null, "fill_shape_width": null, "fill_shape_size": null, "fill_img_url": null, "marker_img_url": null}},{"type": "Feature", "id": "layer_data_map.fid--27e80436_1a098b908f8_-3af4", "geometry": {"type": "Point", "coordinates": [106.81834513, 47.92131726]}, "geometry_name": "geom", "properties": {"guid": 4761, "id": 4761, "object_no": null, "object_name": null, "layer_type_id": 213, "valid_to": null, "address_no": null, "border_type": "solid", "border_width": null, "border_color": null, "border_opacity": null, "border_wellknown": "horizline", "fill_type": "color", "fill_color": "#c27ba0", "fill_opacity": 1, "fill_wellknown": "horizline", "fill_shape_color": null, "fill_shape_width": null, "fill_shape_size": null, "fill_img_url": null, "marker_img_url": null}},{"type": "Feature", "id": "layer_data_map.fid--27e80436_1a098b908f8_-3af3", "geometry": {"type": "Point", "coordinates": [106.82617649, 47.91194258]}, "geometry_name": "geom", "properties": {"guid": 4762, "id": 4762, "object_no": null, "object_name": null, "layer_type_id": 213, "valid_to": null, "address_no": null, "border_type": "solid", "border_width": null, "border_color": null, "border_opacity": null, "border_wellknown": "horizline", "fill_type": "color", "fill_color": "#c27ba0", "fill_opacity": 1, "fill_wellknown": "horizline", "fill_shape_color": null, "fill_shape_width": null, "fill_shape_size": null, "fill_img_url": null, "marker_img_url": null}},{"type": "Feature", "id": "layer_data_map.fid--27e80436_1a098b908f8_-3af2", "geometry": {"type": "Point", "coordinates": [106.92902036, 47.8898161]}, "geometry_name": "geom", "properties": {"guid": 4763, "id": 4763, "object_no": null, "object_name": null, "layer_type_id": 213, "valid_to": null, "address_no": null, "border_type": "solid", "border_width": null, "border_color": null, "border_opacity": null, "border_wellknown": "horizline", "fill_type": "color", "fill_color": "#c27ba0", "fill_opacity": 1, "fill_wellknown": "horizline", "fill_shape_color": null, "fill_shape_width": null, "fill_shape_size": null, "fill_img_url": null, "marker_img_url": null}},{"type": "Feature", "id": "layer_data_map.fid--27e80436_1a098b908f8_-3af1", "geometry": {"type": "Point", "coordinates": [106.81693703, 47.9110855]}, "geometry_name": "geom", "properties": {"guid": 4764, "id": 4764, "object_no": null, "object_name": null, "layer_type_id": 213, "valid_to": null, "address_no": null, "border_type": "solid", "border_width": null, "border_color": null, "border_opacity": null, "border_wellknown": "horizline", "fill_type": "color", "fill_color": "#c27ba0", "fill_opacity": 1, "fill_wellknown": "horizline", "fill_shape_color": null, "fill_shape_width": null, "fill_shape_size": null, "fill_img_url": null, "marker_img_url": null}},{"type": "Feature", "id": "layer_data_map.fid--27e80436_1a098b908f8_-3af0", "geometry": {"type": "Point", "coordinates": [106.81880309, 47.9181394]}, "geometry_name": "geom", "properties": {"guid": 4765, "id": 4765, "object_no": null, "object_name": null, "layer_type_id": 213, "valid_to": null, "address_no": null, "border_type": "solid", "border_width": null, "border_color": null, "border_opacity": null, "border_wellknown": "horizline", "fill_type": "color", "fill_color": "#c27ba0", "fill_opacity": 1, "fill_wellknown": "horizline", "fill_shape_color": null, "fill_shape_width": null, "fill_shape_size": null, "fill_img_url": null, "marker_img_url": null}},{"type": "Feature", "id": "layer_data_map.fid--27e80436_1a098b908f8_-3aef", "geometry": {"type": "Point", "coordinates": [106.6905941, 47.93100098]}, "geometry_name": "geom", "properties": {"guid": 4766, "id": 4766, "object_no": null, "object_name": null, "layer_type_id": 213, "valid_to": null, "address_no": null, "border_type": "solid", "border_width": null, "border_color": null, "border_opacity": null, "border_wellknown": "horizline", "fill_type": "color", "fill_color": "#c27ba0", "fill_opacity": 1, "fill_wellknown": "horizline", "fill_shape_color": null, "fill_shape_width": null, "fill_shape_size": null, "fill_img_url": null, "marker_img_url": null}},{"type": "Feature", "id": "layer_data_map.fid--27e80436_1a098b908f8_-3aee", "geometry": {"type": "Point", "coordinates": [106.82516016, 47.94798997]}, "geometry_name": "geom", "properties": {"guid": 4767, "id": 4767, "object_no": null, "object_name": null, "layer_type_id": 213, "valid_to": null, "address_no": null, "border_type": "solid", "border_width": null, "border_color": null, "border_opacity": null, "border_wellknown": "horizline", "fill_type": "color", "fill_color": "#c27ba0", "fill_opacity": 1, "fill_wellknown": "horizline", "fill_shape_color": null, "fill_shape_width": null, "fill_shape_size": null, "fill_img_url": null, "marker_img_url": null}},{"type": "Feature", "id": "layer_data_map.fid--27e80436_1a098b908f8_-3aed", "geometry": {"type": "Point", "coordinates": [106.81466444, 47.91545513]}, "geometry_name": "geom", "properties": {"guid": 4768, "id": 4768, "object_no": null, "object_name": null, "layer_type_id": 213, "valid_to": null, "address_no": null, "border_type": "solid", "border_width": null, "border_color": null, "border_opacity": null, "border_wellknown": "horizline", "fill_type": "color", "fill_color": "#c27ba0", "fill_opacity": 1, "fill_wellknown": "horizline", "fill_shape_color": null, "fill_shape_width": null, "fill_shape_size": null, "fill_img_url": null, "marker_img_url": null}},{"type": "Feature", "id": "layer_data_map.fid--27e80436_1a098b908f8_-3aec", "geometry": {"type": "Point", "coordinates": [106.81756743, 47.95609254]}, "geometry_name": "geom", "properties": {"guid": 4769, "id": 4769, "object_no": null, "object_name": null, "layer_type_id": 213, "valid_to": null, "address_no": null, "border_type": "solid", "border_width": null, "border_color": null, "border_opacity": null, "border_wellknown": "horizline", "fill_type": "color", "fill_color": "#c27ba0", "fill_opacity": 1, "fill_wellknown": "horizline", "fill_shape_color": null, "fill_shape_width": null, "fill_shape_size": null, "fill_img_url": null, "marker_img_url": null}},{"type": "Feature", "id": "layer_data_map.fid--27e80436_1a098b908f8_-3aeb", "geometry": {"type": "Point", "coordinates": [106.90892123, 47.90315539]}, "geometry_name": "geom", "properties": {"guid": 4770, "id": 4770, "object_no": null, "object_name": null, "layer_type_id": 213, "valid_to": null, "address_no": null, "border_type": "solid", "border_width": null, "border_color": null, "border_opacity": null, "border_wellknown": "horizline", "fill_type": "color", "fill_color": "#c27ba0", "fill_opacity": 1, "fill_wellknown": "horizline", "fill_shape_color": null, "fill_shape_width": null, "fill_shape_size": null, "fill_img_url": null, "marker_img_url": null}},{"type": "Feature", "id": "layer_data_map.fid--27e80436_1a098b908f8_-3aea", "geometry": {"type": "Point", "coordinates": [106.88367218, 47.90223448]}, "geometry_name": "geom", "properties": {"guid": 4771, "id": 4771, "object_no": null, "object_name": null, "layer_type_id": 213, "valid_to": null, "address_no": null, "border_type": "solid", "border_width": null, "border_color": null, "border_opacity": null, "border_wellknown": "horizline", "fill_type": "color", "fill_color": "#c27ba0", "fill_opacity": 1, "fill_wellknown": "horizline", "fill_shape_color": null, "fill_shape_width": null, "fill_shape_size": null, "fill_img_url": null, "marker_img_url": null}},{"type": "Feature", "id": "layer_data_map.fid--27e80436_1a098b908f8_-3ae9", "geometry": {"type": "Point", "coordinates": [106.76336951, 47.85800916]}, "geometry_name": "geom", "properties": {"guid": 4772, "id": 4772, "object_no": null, "object_name": null, "layer_type_id": 213, "valid_to": null, "address_no": null, "border_type": "solid", "border_width": null, "border_color": null, "border_opacity": null, "border_wellknown": "horizline", "fill_type": "color", "fill_color": "#c27ba0", "fill_opacity": 1, "fill_wellknown": "horizline", "fill_shape_color": null, "fill_shape_width": null, "fill_shape_size": null, "fill_img_url": null, "marker_img_url": null}},{"type": "Feature", "id": "layer_data_map.fid--27e80436_1a098b908f8_-3ae8", "geometry": {"type": "Point", "coordinates": [106.90876939, 47.87577858]}, "geometry_name": "geom", "properties": {"guid": 4773, "id": 4773, "object_no": null, "object_name": null, "layer_type_id": 213, "valid_to": null, "address_no": null, "border_type": "solid", "border_width": null, "border_color": null, "border_opacity": null, "border_wellknown": "horizline", "fill_type": "color", "fill_color": "#c27ba0", "fill_opacity": 1, "fill_wellknown": "horizline", "fill_shape_color": null, "fill_shape_width": null, "fill_shape_size": null, "fill_img_url": null, "marker_img_url": null}},{"type": "Feature", "id": "layer_data_map.fid--27e80436_1a098b908f8_-3ae7", "geometry": {"type": "Point", "coordinates": [106.9017544, 47.89300329]}, "geometry_name": "geom", "properties": {"guid": 4774, "id": 4774, "object_no": null, "object_name": null, "layer_type_id": 213, "valid_to": null, "address_no": null, "border_type": "solid", "border_width": null, "border_color": null, "border_opacity": null, "border_wellknown": "horizline", "fill_type": "color", "fill_color": "#c27ba0", "fill_opacity": 1, "fill_wellknown": "horizline", "fill_shape_color": null, "fill_shape_width": null, "fill_shape_size": null, "fill_img_url": null, "marker_img_url": null}},{"type": "Feature", "id": "layer_data_map.fid--27e80436_1a098b908f8_-3ae6", "geometry": {"type": "Point", "coordinates": [106.89717484, 47.88978015]}, "geometry_name": "geom", "properties": {"guid": 4775, "id": 4775, "object_no": null, "object_name": null, "layer_type_id": 213, "valid_to": null, "address_no": null, "border_type": "solid", "border_width": null, "border_color": null, "border_opacity": null, "border_wellknown": "horizline", "fill_type": "color", "fill_color": "#c27ba0", "fill_opacity": 1, "fill_wellknown": "horizline", "fill_shape_color": null, "fill_shape_width": null, "fill_shape_size": null, "fill_img_url": null, "marker_img_url": null}},{"type": "Feature", "id": "layer_data_map.fid--27e80436_1a098b908f8_-3ae5", "geometry": {"type": "Point", "coordinates": [106.88294785, 47.89407617]}, "geometry_name": "geom", "properties": {"guid": 4776, "id": 4776, "object_no": null, "object_name": null, "layer_type_id": 213, "valid_to": null, "address_no": null, "border_type": "solid", "border_width": null, "border_color": null, "border_opacity": null, "border_wellknown": "horizline", "fill_type": "color", "fill_color": "#c27ba0", "fill_opacity": 1, "fill_wellknown": "horizline", "fill_shape_color": null, "fill_shape_width": null, "fill_shape_size": null, "fill_img_url": null, "marker_img_url": null}},{"type": "Feature", "id": "layer_data_map.fid--27e80436_1a098b908f8_-3ae4", "geometry": {"type": "Point", "coordinates": [106.90591719, 47.88634441]}, "geometry_name": "geom", "properties": {"guid": 4777, "id": 4777, "object_no": null, "object_name": null, "layer_type_id": 213, "valid_to": null, "address_no": null, "border_type": "solid", "border_width": null, "border_color": null, "border_opacity": null, "border_wellknown": "horizline", "fill_type": "color", "fill_color": "#c27ba0", "fill_opacity": 1, "fill_wellknown": "horizline", "fill_shape_color": null, "fill_shape_width": null, "fill_shape_size": null, "fill_img_url": null, "marker_img_url": null}},{"type": "Feature", "id": "layer_data_map.fid--27e80436_1a098b908f8_-3ae3", "geometry": {"type": "Point", "coordinates": [106.80487439, 47.8731776]}, "geometry_name": "geom", "properties": {"guid": 4778, "id": 4778, "object_no": null, "object_name": null, "layer_type_id": 213, "valid_to": null, "address_no": null, "border_type": "solid", "border_width": null, "border_color": null, "border_opacity": null, "border_wellknown": "horizline", "fill_type": "color", "fill_color": "#c27ba0", "fill_opacity": 1, "fill_wellknown": "horizline", "fill_shape_color": null, "fill_shape_width": null, "fill_shape_size": null, "fill_img_url": null, "marker_img_url": null}},{"type": "Feature", "id": "layer_data_map.fid--27e80436_1a098b908f8_-3ae2", "geometry": {"type": "Point", "coordinates": [106.80708213, 47.87153543]}, "geometry_name": "geom", "properties": {"guid": 4779, "id": 4779, "object_no": null, "object_name": null, "layer_type_id": 213, "valid_to": null, "address_no": null, "border_type": "solid", "border_width": null, "border_color": null, "border_opacity": null, "border_wellknown": "horizline", "fill_type": "color", "fill_color": "#c27ba0", "fill_opacity": 1, "fill_wellknown": "horizline", "fill_shape_color": null, "fill_shape_width": null, "fill_shape_size": null, "fill_img_url": null, "marker_img_url": null}},{"type": "Feature", "id": "layer_data_map.fid--27e80436_1a098b908f8_-3ae1", "geometry": {"type": "Point", "coordinates": [106.90983199, 47.89387579]}, "geometry_name": "geom", "properties": {"guid": 4780, "id": 4780, "object_no": null, "object_name": null, "layer_type_id": 213, "valid_to": null, "address_no": null, "border_type": "solid", "border_width": null, "border_color": null, "border_opacity": null, "border_wellknown": "horizline", "fill_type": "color", "fill_color": "#c27ba0", "fill_opacity": 1, "fill_wellknown": "horizline", "fill_shape_color": null, "fill_shape_width": null, "fill_shape_size": null, "fill_img_url": null, "marker_img_url": null}},{"type": "Feature", "id": "layer_data_map.fid--27e80436_1a098b908f8_-3ae0", "geometry": {"type": "Point", "coordinates": [106.912442, 47.90479854]}, "geometry_name": "geom", "properties": {"guid": 4781, "id": 4781, "object_no": null, "object_name": null, "layer_type_id": 213, "valid_to": null, "address_no": null, "border_type": "solid", "border_width": null, "border_color": null, "border_opacity": null, "border_wellknown": "horizline", "fill_type": "color", "fill_color": "#c27ba0", "fill_opacity": 1, "fill_wellknown": "horizline", "fill_shape_color": null, "fill_shape_width": null, "fill_shape_size": null, "fill_img_url": null, "marker_img_url": null}},{"type": "Feature", "id": "layer_data_map.fid--27e80436_1a098b908f8_-3adf", "geometry": {"type": "Point", "coordinates": [106.92651787, 47.90419774]}, "geometry_name": "geom", "properties": {"guid": 4782, "id": 4782, "object_no": null, "object_name": null, "layer_type_id": 213, "valid_to": null, "address_no": null, "border_type": "solid", "border_width": null, "border_color": null, "border_opacity": null, "border_wellknown": "horizline", "fill_type": "color", "fill_color": "#c27ba0", "fill_opacity": 1, "fill_wellknown": "horizline", "fill_shape_color": null, "fill_shape_width": null, "fill_shape_size": null, "fill_img_url": null, "marker_img_url": null}},{"type": "Feature", "id": "layer_data_map.fid--27e80436_1a098b908f8_-3ade", "geometry": {"type": "Point", "coordinates": [106.92374451, 47.90541688]}, "geometry_name": "geom", "properties": {"guid": 4783, "id": 4783, "object_no": null, "object_name": null, "layer_type_id": 213, "valid_to": null, "address_no": null, "border_type": "solid", "border_width": null, "border_color": null, "border_opacity": null, "border_wellknown": "horizline", "fill_type": "color", "fill_color": "#c27ba0", "fill_opacity": 1, "fill_wellknown": "horizline", "fill_shape_color": null, "fill_shape_width": null, "fill_shape_size": null, "fill_img_url": null, "marker_img_url": null}},{"type": "Feature", "id": "layer_data_map.fid--27e80436_1a098b908f8_-3add", "geometry": {"type": "Point", "coordinates": [106.91210419, 47.88255804]}, "geometry_name": "geom", "properties": {"guid": 4784, "id": 4784, "object_no": null, "object_name": null, "layer_type_id": 213, "valid_to": null, "address_no": null, "border_type": "solid", "border_width": null, "border_color": null, "border_opacity": null, "border_wellknown": "horizline", "fill_type": "color", "fill_color": "#c27ba0", "fill_opacity": 1, "fill_wellknown": "horizline", "fill_shape_color": null, "fill_shape_width": null, "fill_shape_size": null, "fill_img_url": null, "marker_img_url": null}},{"type": "Feature", "id": "layer_data_map.fid--27e80436_1a098b908f8_-3adc", "geometry": {"type": "Point", "coordinates": [106.91953523, 47.88527518]}, "geometry_name": "geom", "properties": {"guid": 4785, "id": 4785, "object_no": null, "object_name": null, "layer_type_id": 213, "valid_to": null, "address_no": null, "border_type": "solid", "border_width": null, "border_color": null, "border_opacity": null, "border_wellknown": "horizline", "fill_type": "color", "fill_color": "#c27ba0", "fill_opacity": 1, "fill_wellknown": "horizline", "fill_shape_color": null, "fill_shape_width": null, "fill_shape_size": null, "fill_img_url": null, "marker_img_url": null}},{"type": "Feature", "id": "layer_data_map.fid--27e80436_1a098b908f8_-3adb", "geometry": {"type": "Point", "coordinates": [106.76753375, 47.86204964]}, "geometry_name": "geom", "properties": {"guid": 4786, "id": 4786, "object_no": null, "object_name": null, "layer_type_id": 213, "valid_to": null, "address_no": null, "border_type": "solid", "border_width": null, "border_color": null, "border_opacity": null, "border_wellknown": "horizline", "fill_type": "color", "fill_color": "#c27ba0", "fill_opacity": 1, "fill_wellknown": "horizline", "fill_shape_color": null, "fill_shape_width": null, "fill_shape_size": null, "fill_img_url": null, "marker_img_url": null}},{"type": "Feature", "id": "layer_data_map.fid--27e80436_1a098b908f8_-3ada", "geometry": {"type": "Point", "coordinates": [106.89689041, 47.88324915]}, "geometry_name": "geom", "properties": {"guid": 4787, "id": 4787, "object_no": null, "object_name": null, "layer_type_id": 213, "valid_to": null, "address_no": null, "border_type": "solid", "border_width": null, "border_color": null, "border_opacity": null, "border_wellknown": "horizline", "fill_type": "color", "fill_color": "#c27ba0", "fill_opacity": 1, "fill_wellknown": "horizline", "fill_shape_color": null, "fill_shape_width": null, "fill_shape_size": null, "fill_img_url": null, "marker_img_url": null}},{"type": "Feature", "id": "layer_data_map.fid--27e80436_1a098b908f8_-3ad9", "geometry": {"type": "Point", "coordinates": [106.91295227, 47.8928341]}, "geometry_name": "geom", "properties": {"guid": 4788, "id": 4788, "object_no": null, "object_name": null, "layer_type_id": 213, "valid_to": null, "address_no": null, "border_type": "solid", "border_width": null, "border_color": null, "border_opacity": null, "border_wellknown": "horizline", "fill_type": "color", "fill_color": "#c27ba0", "fill_opacity": 1, "fill_wellknown": "horizline", "fill_shape_color": null, "fill_shape_width": null, "fill_shape_size": null, "fill_img_url": null, "marker_img_url": null}},{"type": "Feature", "id": "layer_data_map.fid--27e80436_1a098b908f8_-3ad8", "geometry": {"type": "Point", "coordinates": [106.85252911, 47.88105594]}, "geometry_name": "geom", "properties": {"guid": 4789, "id": 4789, "object_no": null, "object_name": null, "layer_type_id": 213, "valid_to": null, "address_no": null, "border_type": "solid", "border_width": null, "border_color": null, "border_opacity": null, "border_wellknown": "horizline", "fill_type": "color", "fill_color": "#c27ba0", "fill_opacity": 1, "fill_wellknown": "horizline", "fill_shape_color": null, "fill_shape_width": null, "fill_shape_size": null, "fill_img_url": null, "marker_img_url": null}},{"type": "Feature", "id": "layer_data_map.fid--27e80436_1a098b908f8_-3ad7", "geometry": {"type": "Point", "coordinates": [106.92006793, 47.87875384]}, "geometry_name": "geom", "properties": {"guid": 4790, "id": 4790, "object_no": null, "object_name": null, "layer_type_id": 213, "valid_to": null, "address_no": null, "border_type": "solid", "border_width": null, "border_color": null, "border_opacity": null, "border_wellknown": "horizline", "fill_type": "color", "fill_color": "#c27ba0", "fill_opacity": 1, "fill_wellknown": "horizline", "fill_shape_color": null, "fill_shape_width": null, "fill_shape_size": null, "fill_img_url": null, "marker_img_url": null}},{"type": "Feature", "id": "layer_data_map.fid--27e80436_1a098b908f8_-3ad6", "geometry": {"type": "Point", "coordinates": [106.91144062, 47.87744169]}, "geometry_name": "geom", "properties": {"guid": 4791, "id": 4791, "object_no": null, "object_name": null, "layer_type_id": 213, "valid_to": null, "address_no": null, "border_type": "solid", "border_width": null, "border_color": null, "border_opacity": null, "border_wellknown": "horizline", "fill_type": "color", "fill_color": "#c27ba0", "fill_opacity": 1, "fill_wellknown": "horizline", "fill_shape_color": null, "fill_shape_width": null, "fill_shape_size": null, "fill_img_url": null, "marker_img_url": null}},{"type": "Feature", "id": "layer_data_map.fid--27e80436_1a098b908f8_-3ad5", "geometry": {"type": "Point", "coordinates": [106.88559366, 47.90280361]}, "geometry_name": "geom", "properties": {"guid": 4792, "id": 4792, "object_no": null, "object_name": null, "layer_type_id": 213, "valid_to": null, "address_no": null, "border_type": "solid", "border_width": null, "border_color": null, "border_opacity": null, "border_wellknown": "horizline", "fill_type": "color", "fill_color": "#c27ba0", "fill_opacity": 1, "fill_wellknown": "horizline", "fill_shape_color": null, "fill_shape_width": null, "fill_shape_size": null, "fill_img_url": null, "marker_img_url": null}},{"type": "Feature", "id": "layer_data_map.fid--27e80436_1a098b908f8_-3ad4", "geometry": {"type": "Point", "coordinates": [106.93189847, 47.88916296]}, "geometry_name": "geom", "properties": {"guid": 4793, "id": 4793, "object_no": null, "object_name": null, "layer_type_id": 213, "valid_to": null, "address_no": null, "border_type": "solid", "border_width": null, "border_color": null, "border_opacity": null, "border_wellknown": "horizline", "fill_type": "color", "fill_color": "#c27ba0", "fill_opacity": 1, "fill_wellknown": "horizline", "fill_shape_color": null, "fill_shape_width": null, "fill_shape_size": null, "fill_img_url": null, "marker_img_url": null}},{"type": "Feature", "id": "layer_data_map.fid--27e80436_1a098b908f8_-3ad3", "geometry": {"type": "Point", "coordinates": [106.91069848, 47.87721066]}, "geometry_name": "geom", "properties": {"guid": 4794, "id": 4794, "object_no": null, "object_name": null, "layer_type_id": 213, "valid_to": null, "address_no": null, "border_type": "solid", "border_width": null, "border_color": null, "border_opacity": null, "border_wellknown": "horizline", "fill_type": "color", "fill_color": "#c27ba0", "fill_opacity": 1, "fill_wellknown": "horizline", "fill_shape_color": null, "fill_shape_width": null, "fill_shape_size": null, "fill_img_url": null, "marker_img_url": null}},{"type": "Feature", "id": "layer_data_map.fid--27e80436_1a098b908f8_-3ad2", "geometry": {"type": "Point", "coordinates": [106.93532078, 47.89267834]}, "geometry_name": "geom", "properties": {"guid": 4795, "id": 4795, "object_no": null, "object_name": null, "layer_type_id": 213, "valid_to": null, "address_no": null, "border_type": "solid", "border_width": null, "border_color": null, "border_opacity": null, "border_wellknown": "horizline", "fill_type": "color", "fill_color": "#c27ba0", "fill_opacity": 1, "fill_wellknown": "horizline", "fill_shape_color": null, "fill_shape_width": null, "fill_shape_size": null, "fill_img_url": null, "marker_img_url": null}},{"type": "Feature", "id": "layer_data_map.fid--27e80436_1a098b908f8_-3ad1", "geometry": {"type": "Point", "coordinates": [106.91932034, 47.9016017]}, "geometry_name": "geom", "properties": {"guid": 4796, "id": 4796, "object_no": null, "object_name": null, "layer_type_id": 213, "valid_to": null, "address_no": null, "border_type": "solid", "border_width": null, "border_color": null, "border_opacity": null, "border_wellknown": "horizline", "fill_type": "color", "fill_color": "#c27ba0", "fill_opacity": 1, "fill_wellknown": "horizline", "fill_shape_color": null, "fill_shape_width": null, "fill_shape_size": null, "fill_img_url": null, "marker_img_url": null}},{"type": "Feature", "id": "layer_data_map.fid--27e80436_1a098b908f8_-3ad0", "geometry": {"type": "Point", "coordinates": [106.9338458, 47.89472862]}, "geometry_name": "geom", "properties": {"guid": 4797, "id": 4797, "object_no": null, "object_name": null, "layer_type_id": 213, "valid_to": null, "address_no": null, "border_type": "solid", "border_width": null, "border_color": null, "border_opacity": null, "border_wellknown": "horizline", "fill_type": "color", "fill_color": "#c27ba0", "fill_opacity": 1, "fill_wellknown": "horizline", "fill_shape_color": null, "fill_shape_width": null, "fill_shape_size": null, "fill_img_url": null, "marker_img_url": null}},{"type": "Feature", "id": "layer_data_map.fid--27e80436_1a098b908f8_-3acf", "geometry": {"type": "Point", "coordinates": [106.90098229, 47.89005203]}, "geometry_name": "geom", "properties": {"guid": 4798, "id": 4798, "object_no": null, "object_name": null, "layer_type_id": 213, "valid_to": null, "address_no": null, "border_type": "solid", "border_width": null, "border_color": null, "border_opacity": null, "border_wellknown": "horizline", "fill_type": "color", "fill_color": "#c27ba0", "fill_opacity": 1, "fill_wellknown": "horizline", "fill_shape_color": null, "fill_shape_width": null, "fill_shape_size": null, "fill_img_url": null, "marker_img_url": null}},{"type": "Feature", "id": "layer_data_map.fid--27e80436_1a098b908f8_-3ace", "geometry": {"type": "Point", "coordinates": [106.91209738, 47.8777108]}, "geometry_name": "geom", "properties": {"guid": 4799, "id": 4799, "object_no": null, "object_name": null, "layer_type_id": 213, "valid_to": null, "address_no": null, "border_type": "solid", "border_width": null, "border_color": null, "border_opacity": null, "border_wellknown": "horizline", "fill_type": "color", "fill_color": "#c27ba0", "fill_opacity": 1, "fill_wellknown": "horizline", "fill_shape_color": null, "fill_shape_width": null, "fill_shape_size": null, "fill_img_url": null, "marker_img_url": null}},{"type": "Feature", "id": "layer_data_map.fid--27e80436_1a098b908f8_-3acd", "geometry": {"type": "Point", "coordinates": [106.85164925, 47.88015812]}, "geometry_name": "geom", "properties": {"guid": 4800, "id": 4800, "object_no": null, "object_name": null, "layer_type_id": 213, "valid_to": null, "address_no": null, "border_type": "solid", "border_width": null, "border_color": null, "border_opacity": null, "border_wellknown": "horizline", "fill_type": "color", "fill_color": "#c27ba0", "fill_opacity": 1, "fill_wellknown": "horizline", "fill_shape_color": null, "fill_shape_width": null, "fill_shape_size": null, "fill_img_url": null, "marker_img_url": null}},{"type": "Feature", "id": "layer_data_map.fid--27e80436_1a098b908f8_-3acc", "geometry": {"type": "Point", "coordinates": [106.92450398, 47.90382313]}, "geometry_name": "geom", "properties": {"guid": 4801, "id": 4801, "object_no": null, "object_name": null, "layer_type_id": 213, "valid_to": null, "address_no": null, "border_type": "solid", "border_width": null, "border_color": null, "border_opacity": null, "border_wellknown": "horizline", "fill_type": "color", "fill_color": "#c27ba0", "fill_opacity": 1, "fill_wellknown": "horizline", "fill_shape_color": null, "fill_shape_width": null, "fill_shape_size": null, "fill_img_url": null, "marker_img_url": null}},{"type": "Feature", "id": "layer_data_map.fid--27e80436_1a098b908f8_-3acb", "geometry": {"type": "Point", "coordinates": [106.88954644, 47.89576305]}, "geometry_name": "geom", "properties": {"guid": 4802, "id": 4802, "object_no": null, "object_name": null, "layer_type_id": 213, "valid_to": null, "address_no": null, "border_type": "solid", "border_width": null, "border_color": null, "border_opacity": null, "border_wellknown": "horizline", "fill_type": "color", "fill_color": "#c27ba0", "fill_opacity": 1, "fill_wellknown": "horizline", "fill_shape_color": null, "fill_shape_width": null, "fill_shape_size": null, "fill_img_url": null, "marker_img_url": null}},{"type": "Feature", "id": "layer_data_map.fid--27e80436_1a098b908f8_-3aca", "geometry": {"type": "Point", "coordinates": [106.88949884, 47.90233382]}, "geometry_name": "geom", "properties": {"guid": 4803, "id": 4803, "object_no": null, "object_name": null, "layer_type_id": 213, "valid_to": null, "address_no": null, "border_type": "solid", "border_width": null, "border_color": null, "border_opacity": null, "border_wellknown": "horizline", "fill_type": "color", "fill_color": "#c27ba0", "fill_opacity": 1, "fill_wellknown": "horizline", "fill_shape_color": null, "fill_shape_width": null, "fill_shape_size": null, "fill_img_url": null, "marker_img_url": null}},{"type": "Feature", "id": "layer_data_map.fid--27e80436_1a098b908f8_-3ac9", "geometry": {"type": "Point", "coordinates": [106.90174491, 47.89070659]}, "geometry_name": "geom", "properties": {"guid": 4804, "id": 4804, "object_no": null, "object_name": null, "layer_type_id": 213, "valid_to": null, "address_no": null, "border_type": "solid", "border_width": null, "border_color": null, "border_opacity": null, "border_wellknown": "horizline", "fill_type": "color", "fill_color": "#c27ba0", "fill_opacity": 1, "fill_wellknown": "horizline", "fill_shape_color": null, "fill_shape_width": null, "fill_shape_size": null, "fill_img_url": null, "marker_img_url": null}},{"type": "Feature", "id": "layer_data_map.fid--27e80436_1a098b908f8_-3ac8", "geometry": {"type": "Point", "coordinates": [106.89694784, 47.8916497]}, "geometry_name": "geom", "properties": {"guid": 4805, "id": 4805, "object_no": null, "object_name": null, "layer_type_id": 213, "valid_to": null, "address_no": null, "border_type": "solid", "border_width": null, "border_color": null, "border_opacity": null, "border_wellknown": "horizline", "fill_type": "color", "fill_color": "#c27ba0", "fill_opacity": 1, "fill_wellknown": "horizline", "fill_shape_color": null, "fill_shape_width": null, "fill_shape_size": null, "fill_img_url": null, "marker_img_url": null}},{"type": "Feature", "id": "layer_data_map.fid--27e80436_1a098b908f8_-3ac7", "geometry": {"type": "Point", "coordinates": [106.91644451, 47.89447828]}, "geometry_name": "geom", "properties": {"guid": 4806, "id": 4806, "object_no": null, "object_name": null, "layer_type_id": 213, "valid_to": null, "address_no": null, "border_type": "solid", "border_width": null, "border_color": null, "border_opacity": null, "border_wellknown": "horizline", "fill_type": "color", "fill_color": "#c27ba0", "fill_opacity": 1, "fill_wellknown": "horizline", "fill_shape_color": null, "fill_shape_width": null, "fill_shape_size": null, "fill_img_url": null, "marker_img_url": null}},{"type": "Feature", "id": "layer_data_map.fid--27e80436_1a098b908f8_-3ac6", "geometry": {"type": "Point", "coordinates": [106.89553703, 47.89789962]}, "geometry_name": "geom", "properties": {"guid": 4807, "id": 4807, "object_no": null, "object_name": null, "layer_type_id": 213, "valid_to": null, "address_no": null, "border_type": "solid", "border_width": null, "border_color": null, "border_opacity": null, "border_wellknown": "horizline", "fill_type": "color", "fill_color": "#c27ba0", "fill_opacity": 1, "fill_wellknown": "horizline", "fill_shape_color": null, "fill_shape_width": null, "fill_shape_size": null, "fill_img_url": null, "marker_img_url": null}},{"type": "Feature", "id": "layer_data_map.fid--27e80436_1a098b908f8_-3ac5", "geometry": {"type": "Point", "coordinates": [106.92680247, 47.90155494]}, "geometry_name": "geom", "properties": {"guid": 4808, "id": 4808, "object_no": null, "object_name": null, "layer_type_id": 213, "valid_to": null, "address_no": null, "border_type": "solid", "border_width": null, "border_color": null, "border_opacity": null, "border_wellknown": "horizline", "fill_type": "color", "fill_color": "#c27ba0", "fill_opacity": 1, "fill_wellknown": "horizline", "fill_shape_color": null, "fill_shape_width": null, "fill_shape_size": null, "fill_img_url": null, "marker_img_url": null}},{"type": "Feature", "id": "layer_data_map.fid--27e80436_1a098b908f8_-3ac4", "geometry": {"type": "Point", "coordinates": [106.84983292, 47.87771654]}, "geometry_name": "geom", "properties": {"guid": 4809, "id": 4809, "object_no": null, "object_name": null, "layer_type_id": 213, "valid_to": null, "address_no": null, "border_type": "solid", "border_width": null, "border_color": null, "border_opacity": null, "border_wellknown": "horizline", "fill_type": "color", "fill_color": "#c27ba0", "fill_opacity": 1, "fill_wellknown": "horizline", "fill_shape_color": null, "fill_shape_width": null, "fill_shape_size": null, "fill_img_url": null, "marker_img_url": null}},{"type": "Feature", "id": "layer_data_map.fid--27e80436_1a098b908f8_-3ac3", "geometry": {"type": "Point", "coordinates": [106.93627587, 47.89241261]}, "geometry_name": "geom", "properties": {"guid": 4810, "id": 4810, "object_no": null, "object_name": null, "layer_type_id": 213, "valid_to": null, "address_no": null, "border_type": "solid", "border_width": null, "border_color": null, "border_opacity": null, "border_wellknown": "horizline", "fill_type": "color", "fill_color": "#c27ba0", "fill_opacity": 1, "fill_wellknown": "horizline", "fill_shape_color": null, "fill_shape_width": null, "fill_shape_size": null, "fill_img_url": null, "marker_img_url": null}},{"type": "Feature", "id": "layer_data_map.fid--27e80436_1a098b908f8_-3ac2", "geometry": {"type": "Point", "coordinates": [106.89774419, 47.89006335]}, "geometry_name": "geom", "properties": {"guid": 4811, "id": 4811, "object_no": null, "object_name": null, "layer_type_id": 213, "valid_to": null, "address_no": null, "border_type": "solid", "border_width": null, "border_color": null, "border_opacity": null, "border_wellknown": "horizline", "fill_type": "color", "fill_color": "#c27ba0", "fill_opacity": 1, "fill_wellknown": "horizline", "fill_shape_color": null, "fill_shape_width": null, "fill_shape_size": null, "fill_img_url": null, "marker_img_url": null}},{"type": "Feature", "id": "layer_data_map.fid--27e80436_1a098b908f8_-3ac1", "geometry": {"type": "Point", "coordinates": [106.91925504, 47.8803042]}, "geometry_name": "geom", "properties": {"guid": 4812, "id": 4812, "object_no": null, "object_name": null, "layer_type_id": 213, "valid_to": null, "address_no": null, "border_type": "solid", "border_width": null, "border_color": null, "border_opacity": null, "border_wellknown": "horizline", "fill_type": "color", "fill_color": "#c27ba0", "fill_opacity": 1, "fill_wellknown": "horizline", "fill_shape_color": null, "fill_shape_width": null, "fill_shape_size": null, "fill_img_url": null, "marker_img_url": null}},{"type": "Feature", "id": "layer_data_map.fid--27e80436_1a098b908f8_-3ac0", "geometry": {"type": "Point", "coordinates": [106.93150633, 47.89423708]}, "geometry_name": "geom", "properties": {"guid": 4813, "id": 4813, "object_no": null, "object_name": null, "layer_type_id": 213, "valid_to": null, "address_no": null, "border_type": "solid", "border_width": null, "border_color": null, "border_opacity": null, "border_wellknown": "horizline", "fill_type": "color", "fill_color": "#c27ba0", "fill_opacity": 1, "fill_wellknown": "horizline", "fill_shape_color": null, "fill_shape_width": null, "fill_shape_size": null, "fill_img_url": null, "marker_img_url": null}},{"type": "Feature", "id": "layer_data_map.fid--27e80436_1a098b908f8_-3abf", "geometry": {"type": "Point", "coordinates": [106.852622, 47.88180116]}, "geometry_name": "geom", "properties": {"guid": 4814, "id": 4814, "object_no": null, "object_name": null, "layer_type_id": 213, "valid_to": null, "address_no": null, "border_type": "solid", "border_width": null, "border_color": null, "border_opacity": null, "border_wellknown": "horizline", "fill_type": "color", "fill_color": "#c27ba0", "fill_opacity": 1, "fill_wellknown": "horizline", "fill_shape_color": null, "fill_shape_width": null, "fill_shape_size": null, "fill_img_url": null, "marker_img_url": null}},{"type": "Feature", "id": "layer_data_map.fid--27e80436_1a098b908f8_-3abe", "geometry": {"type": "Point", "coordinates": [106.92267019, 47.88071045]}, "geometry_name": "geom", "properties": {"guid": 4815, "id": 4815, "object_no": null, "object_name": null, "layer_type_id": 213, "valid_to": null, "address_no": null, "border_type": "solid", "border_width": null, "border_color": null, "border_opacity": null, "border_wellknown": "horizline", "fill_type": "color", "fill_color": "#c27ba0", "fill_opacity": 1, "fill_wellknown": "horizline", "fill_shape_color": null, "fill_shape_width": null, "fill_shape_size": null, "fill_img_url": null, "marker_img_url": null}},{"type": "Feature", "id": "layer_data_map.fid--27e80436_1a098b908f8_-3abd", "geometry": {"type": "Point", "coordinates": [106.88407589, 47.90258477]}, "geometry_name": "geom", "properties": {"guid": 4816, "id": 4816, "object_no": null, "object_name": null, "layer_type_id": 213, "valid_to": null, "address_no": null, "border_type": "solid", "border_width": null, "border_color": null, "border_opacity": null, "border_wellknown": "horizline", "fill_type": "color", "fill_color": "#c27ba0", "fill_opacity": 1, "fill_wellknown": "horizline", "fill_shape_color": null, "fill_shape_width": null, "fill_shape_size": null, "fill_img_url": null, "marker_img_url": null}},{"type": "Feature", "id": "layer_data_map.fid--27e80436_1a098b908f8_-3abc", "geometry": {"type": "Point", "coordinates": [106.91019431, 47.89325541]}, "geometry_name": "geom", "properties": {"guid": 4817, "id": 4817, "object_no": null, "object_name": null, "layer_type_id": 213, "valid_to": null, "address_no": null, "border_type": "solid", "border_width": null, "border_color": null, "border_opacity": null, "border_wellknown": "horizline", "fill_type": "color", "fill_color": "#c27ba0", "fill_opacity": 1, "fill_wellknown": "horizline", "fill_shape_color": null, "fill_shape_width": null, "fill_shape_size": null, "fill_img_url": null, "marker_img_url": null}},{"type": "Feature", "id": "layer_data_map.fid--27e80436_1a098b908f8_-3abb", "geometry": {"type": "Point", "coordinates": [106.90422453, 47.89153484]}, "geometry_name": "geom", "properties": {"guid": 4818, "id": 4818, "object_no": null, "object_name": null, "layer_type_id": 213, "valid_to": null, "address_no": null, "border_type": "solid", "border_width": null, "border_color": null, "border_opacity": null, "border_wellknown": "horizline", "fill_type": "color", "fill_color": "#c27ba0", "fill_opacity": 1, "fill_wellknown": "horizline", "fill_shape_color": null, "fill_shape_width": null, "fill_shape_size": null, "fill_img_url": null, "marker_img_url": null}},{"type": "Feature", "id": "layer_data_map.fid--27e80436_1a098b908f8_-3aba", "geometry": {"type": "Point", "coordinates": [106.8544983, 47.88254783]}, "geometry_name": "geom", "properties": {"guid": 4819, "id": 4819, "object_no": null, "object_name": null, "layer_type_id": 213, "valid_to": null, "address_no": null, "border_type": "solid", "border_width": null, "border_color": null, "border_opacity": null, "border_wellknown": "horizline", "fill_type": "color", "fill_color": "#c27ba0", "fill_opacity": 1, "fill_wellknown": "horizline", "fill_shape_color": null, "fill_shape_width": null, "fill_shape_size": null, "fill_img_url": null, "marker_img_url": null}},{"type": "Feature", "id": "layer_data_map.fid--27e80436_1a098b908f8_-3ab9", "geometry": {"type": "Point", "coordinates": [106.90662732, 47.8921692]}, "geometry_name": "geom", "properties": {"guid": 4820, "id": 4820, "object_no": null, "object_name": null, "layer_type_id": 213, "valid_to": null, "address_no": null, "border_type": "solid", "border_width": null, "border_color": null, "border_opacity": null, "border_wellknown": "horizline", "fill_type": "color", "fill_color": "#c27ba0", "fill_opacity": 1, "fill_wellknown": "horizline", "fill_shape_color": null, "fill_shape_width": null, "fill_shape_size": null, "fill_img_url": null, "marker_img_url": null}},{"type": "Feature", "id": "layer_data_map.fid--27e80436_1a098b908f8_-3ab8", "geometry": {"type": "Point", "coordinates": [106.89848779, 47.89082364]}, "geometry_name": "geom", "properties": {"guid": 4821, "id": 4821, "object_no": null, "object_name": null, "layer_type_id": 213, "valid_to": null, "address_no": null, "border_type": "solid", "border_width": null, "border_color": null, "border_opacity": null, "border_wellknown": "horizline", "fill_type": "color", "fill_color": "#c27ba0", "fill_opacity": 1, "fill_wellknown": "horizline", "fill_shape_color": null, "fill_shape_width": null, "fill_shape_size": null, "fill_img_url": null, "marker_img_url": null}},{"type": "Feature", "id": "layer_data_map.fid--27e80436_1a098b908f8_-3ab7", "geometry": {"type": "Point", "coordinates": [106.89382922, 47.8962932]}, "geometry_name": "geom", "properties": {"guid": 4822, "id": 4822, "object_no": null, "object_name": null, "layer_type_id": 213, "valid_to": null, "address_no": null, "border_type": "solid", "border_width": null, "border_color": null, "border_opacity": null, "border_wellknown": "horizline", "fill_type": "color", "fill_color": "#c27ba0", "fill_opacity": 1, "fill_wellknown": "horizline", "fill_shape_color": null, "fill_shape_width": null, "fill_shape_size": null, "fill_img_url": null, "marker_img_url": null}},{"type": "Feature", "id": "layer_data_map.fid--27e80436_1a098b908f8_-3ab6", "geometry": {"type": "Point", "coordinates": [106.91973785, 47.89970699]}, "geometry_name": "geom", "properties": {"guid": 4823, "id": 4823, "object_no": null, "object_name": null, "layer_type_id": 213, "valid_to": null, "address_no": null, "border_type": "solid", "border_width": null, "border_color": null, "border_opacity": null, "border_wellknown": "horizline", "fill_type": "color", "fill_color": "#c27ba0", "fill_opacity": 1, "fill_wellknown": "horizline", "fill_shape_color": null, "fill_shape_width": null, "fill_shape_size": null, "fill_img_url": null, "marker_img_url": null}},{"type": "Feature", "id": "layer_data_map.fid--27e80436_1a098b908f8_-3ab5", "geometry": {"type": "Point", "coordinates": [106.9019369, 47.89282935]}, "geometry_name": "geom", "properties": {"guid": 4824, "id": 4824, "object_no": null, "object_name": null, "layer_type_id": 213, "valid_to": null, "address_no": null, "border_type": "solid", "border_width": null, "border_color": null, "border_opacity": null, "border_wellknown": "horizline", "fill_type": "color", "fill_color": "#c27ba0", "fill_opacity": 1, "fill_wellknown": "horizline", "fill_shape_color": null, "fill_shape_width": null, "fill_shape_size": null, "fill_img_url": null, "marker_img_url": null}},{"type": "Feature", "id": "layer_data_map.fid--27e80436_1a098b908f8_-3ab4", "geometry": {"type": "Point", "coordinates": [106.92063186, 47.90060558]}, "geometry_name": "geom", "properties": {"guid": 4825, "id": 4825, "object_no": null, "object_name": null, "layer_type_id": 213, "valid_to": null, "address_no": null, "border_type": "solid", "border_width": null, "border_color": null, "border_opacity": null, "border_wellknown": "horizline", "fill_type": "color", "fill_color": "#c27ba0", "fill_opacity": 1, "fill_wellknown": "horizline", "fill_shape_color": null, "fill_shape_width": null, "fill_shape_size": null, "fill_img_url": null, "marker_img_url": null}},{"type": "Feature", "id": "layer_data_map.fid--27e80436_1a098b908f8_-3ab3", "geometry": {"type": "Point", "coordinates": [106.89166971, 47.89756773]}, "geometry_name": "geom", "properties": {"guid": 4826, "id": 4826, "object_no": null, "object_name": null, "layer_type_id": 213, "valid_to": null, "address_no": null, "border_type": "solid", "border_width": null, "border_color": null, "border_opacity": null, "border_wellknown": "horizline", "fill_type": "color", "fill_color": "#c27ba0", "fill_opacity": 1, "fill_wellknown": "horizline", "fill_shape_color": null, "fill_shape_width": null, "fill_shape_size": null, "fill_img_url": null, "marker_img_url": null}},{"type": "Feature", "id": "layer_data_map.fid--27e80436_1a098b908f8_-3ab2", "geometry": {"type": "Point", "coordinates": [106.9115139, 47.88652428]}, "geometry_name": "geom", "properties": {"guid": 4827, "id": 4827, "object_no": null, "object_name": null, "layer_type_id": 213, "valid_to": null, "address_no": null, "border_type": "solid", "border_width": null, "border_color": null, "border_opacity": null, "border_wellknown": "horizline", "fill_type": "color", "fill_color": "#c27ba0", "fill_opacity": 1, "fill_wellknown": "horizline", "fill_shape_color": null, "fill_shape_width": null, "fill_shape_size": null, "fill_img_url": null, "marker_img_url": null}},{"type": "Feature", "id": "layer_data_map.fid--27e80436_1a098b908f8_-3ab1", "geometry": {"type": "Point", "coordinates": [106.76266765, 47.86188566]}, "geometry_name": "geom", "properties": {"guid": 4828, "id": 4828, "object_no": null, "object_name": null, "layer_type_id": 213, "valid_to": null, "address_no": null, "border_type": "solid", "border_width": null, "border_color": null, "border_opacity": null, "border_wellknown": "horizline", "fill_type": "color", "fill_color": "#c27ba0", "fill_opacity": 1, "fill_wellknown": "horizline", "fill_shape_color": null, "fill_shape_width": null, "fill_shape_size": null, "fill_img_url": null, "marker_img_url": null}},{"type": "Feature", "id": "layer_data_map.fid--27e80436_1a098b908f8_-3ab0", "geometry": {"type": "Point", "coordinates": [106.92991338, 47.89157262]}, "geometry_name": "geom", "properties": {"guid": 4829, "id": 4829, "object_no": null, "object_name": null, "layer_type_id": 213, "valid_to": null, "address_no": null, "border_type": "solid", "border_width": null, "border_color": null, "border_opacity": null, "border_wellknown": "horizline", "fill_type": "color", "fill_color": "#c27ba0", "fill_opacity": 1, "fill_wellknown": "horizline", "fill_shape_color": null, "fill_shape_width": null, "fill_shape_size": null, "fill_img_url": null, "marker_img_url": null}},{"type": "Feature", "id": "layer_data_map.fid--27e80436_1a098b908f8_-3aaf", "geometry": {"type": "Point", "coordinates": [106.89695938, 47.90098529]}, "geometry_name": "geom", "properties": {"guid": 4830, "id": 4830, "object_no": null, "object_name": null, "layer_type_id": 213, "valid_to": null, "address_no": null, "border_type": "solid", "border_width": null, "border_color": null, "border_opacity": null, "border_wellknown": "horizline", "fill_type": "color", "fill_color": "#c27ba0", "fill_opacity": 1, "fill_wellknown": "horizline", "fill_shape_color": null, "fill_shape_width": null, "fill_shape_size": null, "fill_img_url": null, "marker_img_url": null}},{"type": "Feature", "id": "layer_data_map.fid--27e80436_1a098b908f8_-3aae", "geometry": {"type": "Point", "coordinates": [106.92549299, 47.89035955]}, "geometry_name": "geom", "properties": {"guid": 4831, "id": 4831, "object_no": null, "object_name": null, "layer_type_id": 213, "valid_to": null, "address_no": null, "border_type": "solid", "border_width": null, "border_color": null, "border_opacity": null, "border_wellknown": "horizline", "fill_type": "color", "fill_color": "#c27ba0", "fill_opacity": 1, "fill_wellknown": "horizline", "fill_shape_color": null, "fill_shape_width": null, "fill_shape_size": null, "fill_img_url": null, "marker_img_url": null}},{"type": "Feature", "id": "layer_data_map.fid--27e80436_1a098b908f8_-3aad", "geometry": {"type": "Point", "coordinates": [106.90805037, 47.89338207]}, "geometry_name": "geom", "properties": {"guid": 4832, "id": 4832, "object_no": null, "object_name": null, "layer_type_id": 213, "valid_to": null, "address_no": null, "border_type": "solid", "border_width": null, "border_color": null, "border_opacity": null, "border_wellknown": "horizline", "fill_type": "color", "fill_color": "#c27ba0", "fill_opacity": 1, "fill_wellknown": "horizline", "fill_shape_color": null, "fill_shape_width": null, "fill_shape_size": null, "fill_img_url": null, "marker_img_url": null}},{"type": "Feature", "id": "layer_data_map.fid--27e80436_1a098b908f8_-3aac", "geometry": {"type": "Point", "coordinates": [106.90943769, 47.89459224]}, "geometry_name": "geom", "properties": {"guid": 4833, "id": 4833, "object_no": null, "object_name": null, "layer_type_id": 213, "valid_to": null, "address_no": null, "border_type": "solid", "border_width": null, "border_color": null, "border_opacity": null, "border_wellknown": "horizline", "fill_type": "color", "fill_color": "#c27ba0", "fill_opacity": 1, "fill_wellknown": "horizline", "fill_shape_color": null, "fill_shape_width": null, "fill_shape_size": null, "fill_img_url": null, "marker_img_url": null}},{"type": "Feature", "id": "layer_data_map.fid--27e80436_1a098b908f8_-3aab", "geometry": {"type": "Point", "coordinates": [106.91288154, 47.90489265]}, "geometry_name": "geom", "properties": {"guid": 4834, "id": 4834, "object_no": null, "object_name": null, "layer_type_id": 213, "valid_to": null, "address_no": null, "border_type": "solid", "border_width": null, "border_color": null, "border_opacity": null, "border_wellknown": "horizline", "fill_type": "color", "fill_color": "#c27ba0", "fill_opacity": 1, "fill_wellknown": "horizline", "fill_shape_color": null, "fill_shape_width": null, "fill_shape_size": null, "fill_img_url": null, "marker_img_url": null}},{"type": "Feature", "id": "layer_data_map.fid--27e80436_1a098b908f8_-3aaa", "geometry": {"type": "Point", "coordinates": [106.76918876, 47.86744224]}, "geometry_name": "geom", "properties": {"guid": 4835, "id": 4835, "object_no": null, "object_name": null, "layer_type_id": 213, "valid_to": null, "address_no": null, "border_type": "solid", "border_width": null, "border_color": null, "border_opacity": null, "border_wellknown": "horizline", "fill_type": "color", "fill_color": "#c27ba0", "fill_opacity": 1, "fill_wellknown": "horizline", "fill_shape_color": null, "fill_shape_width": null, "fill_shape_size": null, "fill_img_url": null, "marker_img_url": null}},{"type": "Feature", "id": "layer_data_map.fid--27e80436_1a098b908f8_-3aa9", "geometry": {"type": "Point", "coordinates": [106.92213073, 47.89678717]}, "geometry_name": "geom", "properties": {"guid": 4836, "id": 4836, "object_no": null, "object_name": null, "layer_type_id": 213, "valid_to": null, "address_no": null, "border_type": "solid", "border_width": null, "border_color": null, "border_opacity": null, "border_wellknown": "horizline", "fill_type": "color", "fill_color": "#c27ba0", "fill_opacity": 1, "fill_wellknown": "horizline", "fill_shape_color": null, "fill_shape_width": null, "fill_shape_size": null, "fill_img_url": null, "marker_img_url": null}},{"type": "Feature", "id": "layer_data_map.fid--27e80436_1a098b908f8_-3aa8", "geometry": {"type": "Point", "coordinates": [106.8919294, 47.90131249]}, "geometry_name": "geom", "properties": {"guid": 4837, "id": 4837, "object_no": null, "object_name": null, "layer_type_id": 213, "valid_to": null, "address_no": null, "border_type": "solid", "border_width": null, "border_color": null, "border_opacity": null, "border_wellknown": "horizline", "fill_type": "color", "fill_color": "#c27ba0", "fill_opacity": 1, "fill_wellknown": "horizline", "fill_shape_color": null, "fill_shape_width": null, "fill_shape_size": null, "fill_img_url": null, "marker_img_url": null}},{"type": "Feature", "id": "layer_data_map.fid--27e80436_1a098b908f8_-3aa7", "geometry": {"type": "Point", "coordinates": [106.88722272, 47.91728268]}, "geometry_name": "geom", "properties": {"guid": 4838, "id": 4838, "object_no": null, "object_name": null, "layer_type_id": 213, "valid_to": null, "address_no": null, "border_type": "solid", "border_width": null, "border_color": null, "border_opacity": null, "border_wellknown": "horizline", "fill_type": "color", "fill_color": "#c27ba0", "fill_opacity": 1, "fill_wellknown": "horizline", "fill_shape_color": null, "fill_shape_width": null, "fill_shape_size": null, "fill_img_url": null, "marker_img_url": null}},{"type": "Feature", "id": "layer_data_map.fid--27e80436_1a098b908f8_-3aa6", "geometry": {"type": "Point", "coordinates": [106.85708315, 47.91552855]}, "geometry_name": "geom", "properties": {"guid": 4839, "id": 4839, "object_no": null, "object_name": null, "layer_type_id": 213, "valid_to": null, "address_no": null, "border_type": "solid", "border_width": null, "border_color": null, "border_opacity": null, "border_wellknown": "horizline", "fill_type": "color", "fill_color": "#c27ba0", "fill_opacity": 1, "fill_wellknown": "horizline", "fill_shape_color": null, "fill_shape_width": null, "fill_shape_size": null, "fill_img_url": null, "marker_img_url": null}},{"type": "Feature", "id": "layer_data_map.fid--27e80436_1a098b908f8_-3aa5", "geometry": {"type": "Point", "coordinates": [106.88103445, 47.92738456]}, "geometry_name": "geom", "properties": {"guid": 4840, "id": 4840, "object_no": null, "object_name": null, "layer_type_id": 213, "valid_to": null, "address_no": null, "border_type": "solid", "border_width": null, "border_color": null, "border_opacity": null, "border_wellknown": "horizline", "fill_type": "color", "fill_color": "#c27ba0", "fill_opacity": 1, "fill_wellknown": "horizline", "fill_shape_color": null, "fill_shape_width": null, "fill_shape_size": null, "fill_img_url": null, "marker_img_url": null}},{"type": "Feature", "id": "layer_data_map.fid--27e80436_1a098b908f8_-3aa4", "geometry": {"type": "Point", "coordinates": [106.87967512, 47.92417949]}, "geometry_name": "geom", "properties": {"guid": 4841, "id": 4841, "object_no": null, "object_name": null, "layer_type_id": 213, "valid_to": null, "address_no": null, "border_type": "solid", "border_width": null, "border_color": null, "border_opacity": null, "border_wellknown": "horizline", "fill_type": "color", "fill_color": "#c27ba0", "fill_opacity": 1, "fill_wellknown": "horizline", "fill_shape_color": null, "fill_shape_width": null, "fill_shape_size": null, "fill_img_url": null, "marker_img_url": null}},{"type": "Feature", "id": "layer_data_map.fid--27e80436_1a098b908f8_-3aa3", "geometry": {"type": "Point", "coordinates": [106.86271044, 47.92124965]}, "geometry_name": "geom", "properties": {"guid": 4842, "id": 4842, "object_no": null, "object_name": null, "layer_type_id": 213, "valid_to": null, "address_no": null, "border_type": "solid", "border_width": null, "border_color": null, "border_opacity": null, "border_wellknown": "horizline", "fill_type": "color", "fill_color": "#c27ba0", "fill_opacity": 1, "fill_wellknown": "horizline", "fill_shape_color": null, "fill_shape_width": null, "fill_shape_size": null, "fill_img_url": null, "marker_img_url": null}},{"type": "Feature", "id": "layer_data_map.fid--27e80436_1a098b908f8_-3aa2", "geometry": {"type": "Point", "coordinates": [106.89991571, 47.90647542]}, "geometry_name": "geom", "properties": {"guid": 4843, "id": 4843, "object_no": null, "object_name": null, "layer_type_id": 213, "valid_to": null, "address_no": null, "border_type": "solid", "border_width": null, "border_color": null, "border_opacity": null, "border_wellknown": "horizline", "fill_type": "color", "fill_color": "#c27ba0", "fill_opacity": 1, "fill_wellknown": "horizline", "fill_shape_color": null, "fill_shape_width": null, "fill_shape_size": null, "fill_img_url": null, "marker_img_url": null}},{"type": "Feature", "id": "layer_data_map.fid--27e80436_1a098b908f8_-3aa1", "geometry": {"type": "Point", "coordinates": [106.88134324, 47.91844724]}, "geometry_name": "geom", "properties": {"guid": 4844, "id": 4844, "object_no": null, "object_name": null, "layer_type_id": 213, "valid_to": null, "address_no": null, "border_type": "solid", "border_width": null, "border_color": null, "border_opacity": null, "border_wellknown": "horizline", "fill_type": "color", "fill_color": "#c27ba0", "fill_opacity": 1, "fill_wellknown": "horizline", "fill_shape_color": null, "fill_shape_width": null, "fill_shape_size": null, "fill_img_url": null, "marker_img_url": null}},{"type": "Feature", "id": "layer_data_map.fid--27e80436_1a098b908f8_-3aa0", "geometry": {"type": "Point", "coordinates": [106.86311424, 47.92254771]}, "geometry_name": "geom", "properties": {"guid": 4845, "id": 4845, "object_no": null, "object_name": null, "layer_type_id": 213, "valid_to": null, "address_no": null, "border_type": "solid", "border_width": null, "border_color": null, "border_opacity": null, "border_wellknown": "horizline", "fill_type": "color", "fill_color": "#c27ba0", "fill_opacity": 1, "fill_wellknown": "horizline", "fill_shape_color": null, "fill_shape_width": null, "fill_shape_size": null, "fill_img_url": null, "marker_img_url": null}},{"type": "Feature", "id": "layer_data_map.fid--27e80436_1a098b908f8_-3a9f", "geometry": {"type": "Point", "coordinates": [106.90347048, 47.9058762]}, "geometry_name": "geom", "properties": {"guid": 4846, "id": 4846, "object_no": null, "object_name": null, "layer_type_id": 213, "valid_to": null, "address_no": null, "border_type": "solid", "border_width": null, "border_color": null, "border_opacity": null, "border_wellknown": "horizline", "fill_type": "color", "fill_color": "#c27ba0", "fill_opacity": 1, "fill_wellknown": "horizline", "fill_shape_color": null, "fill_shape_width": null, "fill_shape_size": null, "fill_img_url": null, "marker_img_url": null}},{"type": "Feature", "id": "layer_data_map.fid--27e80436_1a098b908f8_-3a9e", "geometry": {"type": "Point", "coordinates": [106.89380713, 47.91005029]}, "geometry_name": "geom", "properties": {"guid": 4847, "id": 4847, "object_no": null, "object_name": null, "layer_type_id": 213, "valid_to": null, "address_no": null, "border_type": "solid", "border_width": null, "border_color": null, "border_opacity": null, "border_wellknown": "horizline", "fill_type": "color", "fill_color": "#c27ba0", "fill_opacity": 1, "fill_wellknown": "horizline", "fill_shape_color": null, "fill_shape_width": null, "fill_shape_size": null, "fill_img_url": null, "marker_img_url": null}},{"type": "Feature", "id": "layer_data_map.fid--27e80436_1a098b908f8_-3a9d", "geometry": {"type": "Point", "coordinates": [106.86768902, 47.9188842]}, "geometry_name": "geom", "properties": {"guid": 4848, "id": 4848, "object_no": null, "object_name": null, "layer_type_id": 213, "valid_to": null, "address_no": null, "border_type": "solid", "border_width": null, "border_color": null, "border_opacity": null, "border_wellknown": "horizline", "fill_type": "color", "fill_color": "#c27ba0", "fill_opacity": 1, "fill_wellknown": "horizline", "fill_shape_color": null, "fill_shape_width": null, "fill_shape_size": null, "fill_img_url": null, "marker_img_url": null}},{"type": "Feature", "id": "layer_data_map.fid--27e80436_1a098b908f8_-3a9c", "geometry": {"type": "Point", "coordinates": [106.88323839, 47.92039039]}, "geometry_name": "geom", "properties": {"guid": 4849, "id": 4849, "object_no": null, "object_name": null, "layer_type_id": 213, "valid_to": null, "address_no": null, "border_type": "solid", "border_width": null, "border_color": null, "border_opacity": null, "border_wellknown": "horizline", "fill_type": "color", "fill_color": "#c27ba0", "fill_opacity": 1, "fill_wellknown": "horizline", "fill_shape_color": null, "fill_shape_width": null, "fill_shape_size": null, "fill_img_url": null, "marker_img_url": null}},{"type": "Feature", "id": "layer_data_map.fid--27e80436_1a098b908f8_-3a9b", "geometry": {"type": "Point", "coordinates": [106.87415381, 47.91867619]}, "geometry_name": "geom", "properties": {"guid": 4850, "id": 4850, "object_no": null, "object_name": null, "layer_type_id": 213, "valid_to": null, "address_no": null, "border_type": "solid", "border_width": null, "border_color": null, "border_opacity": null, "border_wellknown": "horizline", "fill_type": "color", "fill_color": "#c27ba0", "fill_opacity": 1, "fill_wellknown": "horizline", "fill_shape_color": null, "fill_shape_width": null, "fill_shape_size": null, "fill_img_url": null, "marker_img_url": null}},{"type": "Feature", "id": "layer_data_map.fid--27e80436_1a098b908f8_-3a9a", "geometry": {"type": "Point", "coordinates": [106.87695931, 47.9212619]}, "geometry_name": "geom", "properties": {"guid": 4851, "id": 4851, "object_no": null, "object_name": null, "layer_type_id": 213, "valid_to": null, "address_no": null, "border_type": "solid", "border_width": null, "border_color": null, "border_opacity": null, "border_wellknown": "horizline", "fill_type": "color", "fill_color": "#c27ba0", "fill_opacity": 1, "fill_wellknown": "horizline", "fill_shape_color": null, "fill_shape_width": null, "fill_shape_size": null, "fill_img_url": null, "marker_img_url": null}},{"type": "Feature", "id": "layer_data_map.fid--27e80436_1a098b908f8_-3a99", "geometry": {"type": "Point", "coordinates": [106.879321, 47.91331046]}, "geometry_name": "geom", "properties": {"guid": 4852, "id": 4852, "object_no": null, "object_name": null, "layer_type_id": 213, "valid_to": null, "address_no": null, "border_type": "solid", "border_width": null, "border_color": null, "border_opacity": null, "border_wellknown": "horizline", "fill_type": "color", "fill_color": "#c27ba0", "fill_opacity": 1, "fill_wellknown": "horizline", "fill_shape_color": null, "fill_shape_width": null, "fill_shape_size": null, "fill_img_url": null, "marker_img_url": null}},{"type": "Feature", "id": "layer_data_map.fid--27e80436_1a098b908f8_-3a98", "geometry": {"type": "Point", "coordinates": [106.85952892, 47.91242537]}, "geometry_name": "geom", "properties": {"guid": 4853, "id": 4853, "object_no": null, "object_name": null, "layer_type_id": 213, "valid_to": null, "address_no": null, "border_type": "solid", "border_width": null, "border_color": null, "border_opacity": null, "border_wellknown": "horizline", "fill_type": "color", "fill_color": "#c27ba0", "fill_opacity": 1, "fill_wellknown": "horizline", "fill_shape_color": null, "fill_shape_width": null, "fill_shape_size": null, "fill_img_url": null, "marker_img_url": null}},{"type": "Feature", "id": "layer_data_map.fid--27e80436_1a098b908f8_-3a97", "geometry": {"type": "Point", "coordinates": [106.90047423, 47.90657495]}, "geometry_name": "geom", "properties": {"guid": 4854, "id": 4854, "object_no": null, "object_name": null, "layer_type_id": 213, "valid_to": null, "address_no": null, "border_type": "solid", "border_width": null, "border_color": null, "border_opacity": null, "border_wellknown": "horizline", "fill_type": "color", "fill_color": "#c27ba0", "fill_opacity": 1, "fill_wellknown": "horizline", "fill_shape_color": null, "fill_shape_width": null, "fill_shape_size": null, "fill_img_url": null, "marker_img_url": null}},{"type": "Feature", "id": "layer_data_map.fid--27e80436_1a098b908f8_-3a96", "geometry": {"type": "Point", "coordinates": [106.88136576, 47.92026999]}, "geometry_name": "geom", "properties": {"guid": 4855, "id": 4855, "object_no": null, "object_name": null, "layer_type_id": 213, "valid_to": null, "address_no": null, "border_type": "solid", "border_width": null, "border_color": null, "border_opacity": null, "border_wellknown": "horizline", "fill_type": "color", "fill_color": "#c27ba0", "fill_opacity": 1, "fill_wellknown": "horizline", "fill_shape_color": null, "fill_shape_width": null, "fill_shape_size": null, "fill_img_url": null, "marker_img_url": null}},{"type": "Feature", "id": "layer_data_map.fid--27e80436_1a098b908f8_-3a95", "geometry": {"type": "Point", "coordinates": [106.88886108, 47.90337514]}, "geometry_name": "geom", "properties": {"guid": 4856, "id": 4856, "object_no": null, "object_name": null, "layer_type_id": 213, "valid_to": null, "address_no": null, "border_type": "solid", "border_width": null, "border_color": null, "border_opacity": null, "border_wellknown": "horizline", "fill_type": "color", "fill_color": "#c27ba0", "fill_opacity": 1, "fill_wellknown": "horizline", "fill_shape_color": null, "fill_shape_width": null, "fill_shape_size": null, "fill_img_url": null, "marker_img_url": null}},{"type": "Feature", "id": "layer_data_map.fid--27e80436_1a098b908f8_-3a94", "geometry": {"type": "Point", "coordinates": [106.88550813, 47.92391976]}, "geometry_name": "geom", "properties": {"guid": 4857, "id": 4857, "object_no": null, "object_name": null, "layer_type_id": 213, "valid_to": null, "address_no": null, "border_type": "solid", "border_width": null, "border_color": null, "border_opacity": null, "border_wellknown": "horizline", "fill_type": "color", "fill_color": "#c27ba0", "fill_opacity": 1, "fill_wellknown": "horizline", "fill_shape_color": null, "fill_shape_width": null, "fill_shape_size": null, "fill_img_url": null, "marker_img_url": null}},{"type": "Feature", "id": "layer_data_map.fid--27e80436_1a098b908f8_-3a93", "geometry": {"type": "Point", "coordinates": [106.8852328, 47.90352163]}, "geometry_name": "geom", "properties": {"guid": 4858, "id": 4858, "object_no": null, "object_name": null, "layer_type_id": 213, "valid_to": null, "address_no": null, "border_type": "solid", "border_width": null, "border_color": null, "border_opacity": null, "border_wellknown": "horizline", "fill_type": "color", "fill_color": "#c27ba0", "fill_opacity": 1, "fill_wellknown": "horizline", "fill_shape_color": null, "fill_shape_width": null, "fill_shape_size": null, "fill_img_url": null, "marker_img_url": null}},{"type": "Feature", "id": "layer_data_map.fid--27e80436_1a098b908f8_-3a92", "geometry": {"type": "Point", "coordinates": [106.86863147, 47.91247912]}, "geometry_name": "geom", "properties": {"guid": 4859, "id": 4859, "object_no": null, "object_name": null, "layer_type_id": 213, "valid_to": null, "address_no": null, "border_type": "solid", "border_width": null, "border_color": null, "border_opacity": null, "border_wellknown": "horizline", "fill_type": "color", "fill_color": "#c27ba0", "fill_opacity": 1, "fill_wellknown": "horizline", "fill_shape_color": null, "fill_shape_width": null, "fill_shape_size": null, "fill_img_url": null, "marker_img_url": null}},{"type": "Feature", "id": "layer_data_map.fid--27e80436_1a098b908f8_-3a91", "geometry": {"type": "Point", "coordinates": [106.86741167, 47.92448688]}, "geometry_name": "geom", "properties": {"guid": 4860, "id": 4860, "object_no": null, "object_name": null, "layer_type_id": 213, "valid_to": null, "address_no": null, "border_type": "solid", "border_width": null, "border_color": null, "border_opacity": null, "border_wellknown": "horizline", "fill_type": "color", "fill_color": "#c27ba0", "fill_opacity": 1, "fill_wellknown": "horizline", "fill_shape_color": null, "fill_shape_width": null, "fill_shape_size": null, "fill_img_url": null, "marker_img_url": null}},{"type": "Feature", "id": "layer_data_map.fid--27e80436_1a098b908f8_-3a90", "geometry": {"type": "Point", "coordinates": [106.86740663, 47.9216461]}, "geometry_name": "geom", "properties": {"guid": 4861, "id": 4861, "object_no": null, "object_name": null, "layer_type_id": 213, "valid_to": null, "address_no": null, "border_type": "solid", "border_width": null, "border_color": null, "border_opacity": null, "border_wellknown": "horizline", "fill_type": "color", "fill_color": "#c27ba0", "fill_opacity": 1, "fill_wellknown": "horizline", "fill_shape_color": null, "fill_shape_width": null, "fill_shape_size": null, "fill_img_url": null, "marker_img_url": null}},{"type": "Feature", "id": "layer_data_map.fid--27e80436_1a098b908f8_-3a8f", "geometry": {"type": "Point", "coordinates": [106.8700169, 47.92310158]}, "geometry_name": "geom", "properties": {"guid": 4862, "id": 4862, "object_no": null, "object_name": null, "layer_type_id": 213, "valid_to": null, "address_no": null, "border_type": "solid", "border_width": null, "border_color": null, "border_opacity": null, "border_wellknown": "horizline", "fill_type": "color", "fill_color": "#c27ba0", "fill_opacity": 1, "fill_wellknown": "horizline", "fill_shape_color": null, "fill_shape_width": null, "fill_shape_size": null, "fill_img_url": null, "marker_img_url": null}},{"type": "Feature", "id": "layer_data_map.fid--27e80436_1a098b908f8_-3a8e", "geometry": {"type": "Point", "coordinates": [106.8999025, 47.9061332]}, "geometry_name": "geom", "properties": {"guid": 4863, "id": 4863, "object_no": null, "object_name": null, "layer_type_id": 213, "valid_to": null, "address_no": null, "border_type": "solid", "border_width": null, "border_color": null, "border_opacity": null, "border_wellknown": "horizline", "fill_type": "color", "fill_color": "#c27ba0", "fill_opacity": 1, "fill_wellknown": "horizline", "fill_shape_color": null, "fill_shape_width": null, "fill_shape_size": null, "fill_img_url": null, "marker_img_url": null}},{"type": "Feature", "id": "layer_data_map.fid--27e80436_1a098b908f8_-3a8d", "geometry": {"type": "Point", "coordinates": [106.89647866, 47.90330685]}, "geometry_name": "geom", "properties": {"guid": 4864, "id": 4864, "object_no": null, "object_name": null, "layer_type_id": 213, "valid_to": null, "address_no": null, "border_type": "solid", "border_width": null, "border_color": null, "border_opacity": null, "border_wellknown": "horizline", "fill_type": "color", "fill_color": "#c27ba0", "fill_opacity": 1, "fill_wellknown": "horizline", "fill_shape_color": null, "fill_shape_width": null, "fill_shape_size": null, "fill_img_url": null, "marker_img_url": null}},{"type": "Feature", "id": "layer_data_map.fid--27e80436_1a098b908f8_-3a8c", "geometry": {"type": "Point", "coordinates": [106.86704825, 47.92372706]}, "geometry_name": "geom", "properties": {"guid": 4865, "id": 4865, "object_no": null, "object_name": null, "layer_type_id": 213, "valid_to": null, "address_no": null, "border_type": "solid", "border_width": null, "border_color": null, "border_opacity": null, "border_wellknown": "horizline", "fill_type": "color", "fill_color": "#c27ba0", "fill_opacity": 1, "fill_wellknown": "horizline", "fill_shape_color": null, "fill_shape_width": null, "fill_shape_size": null, "fill_img_url": null, "marker_img_url": null}},{"type": "Feature", "id": "layer_data_map.fid--27e80436_1a098b908f8_-3a8b", "geometry": {"type": "Point", "coordinates": [106.87688023, 47.91796512]}, "geometry_name": "geom", "properties": {"guid": 4866, "id": 4866, "object_no": null, "object_name": null, "layer_type_id": 213, "valid_to": null, "address_no": null, "border_type": "solid", "border_width": null, "border_color": null, "border_opacity": null, "border_wellknown": "horizline", "fill_type": "color", "fill_color": "#c27ba0", "fill_opacity": 1, "fill_wellknown": "horizline", "fill_shape_color": null, "fill_shape_width": null, "fill_shape_size": null, "fill_img_url": null, "marker_img_url": null}},{"type": "Feature", "id": "layer_data_map.fid--27e80436_1a098b908f8_-3a8a", "geometry": {"type": "Point", "coordinates": [106.86622963, 47.91315132]}, "geometry_name": "geom", "properties": {"guid": 4867, "id": 4867, "object_no": null, "object_name": null, "layer_type_id": 213, "valid_to": null, "address_no": null, "border_type": "solid", "border_width": null, "border_color": null, "border_opacity": null, "border_wellknown": "horizline", "fill_type": "color", "fill_color": "#c27ba0", "fill_opacity": 1, "fill_wellknown": "horizline", "fill_shape_color": null, "fill_shape_width": null, "fill_shape_size": null, "fill_img_url": null, "marker_img_url": null}},{"type": "Feature", "id": "layer_data_map.fid--27e80436_1a098b908f8_-3a89", "geometry": {"type": "Point", "coordinates": [106.86105922, 47.91747711]}, "geometry_name": "geom", "properties": {"guid": 4868, "id": 4868, "object_no": null, "object_name": null, "layer_type_id": 213, "valid_to": null, "address_no": null, "border_type": "solid", "border_width": null, "border_color": null, "border_opacity": null, "border_wellknown": "horizline", "fill_type": "color", "fill_color": "#c27ba0", "fill_opacity": 1, "fill_wellknown": "horizline", "fill_shape_color": null, "fill_shape_width": null, "fill_shape_size": null, "fill_img_url": null, "marker_img_url": null}},{"type": "Feature", "id": "layer_data_map.fid--27e80436_1a098b908f8_-3a88", "geometry": {"type": "Point", "coordinates": [106.86712445, 47.91450114]}, "geometry_name": "geom", "properties": {"guid": 4869, "id": 4869, "object_no": null, "object_name": null, "layer_type_id": 213, "valid_to": null, "address_no": null, "border_type": "solid", "border_width": null, "border_color": null, "border_opacity": null, "border_wellknown": "horizline", "fill_type": "color", "fill_color": "#c27ba0", "fill_opacity": 1, "fill_wellknown": "horizline", "fill_shape_color": null, "fill_shape_width": null, "fill_shape_size": null, "fill_img_url": null, "marker_img_url": null}},{"type": "Feature", "id": "layer_data_map.fid--27e80436_1a098b908f8_-3a87", "geometry": {"type": "Point", "coordinates": [106.88942977, 47.91883248]}, "geometry_name": "geom", "properties": {"guid": 4870, "id": 4870, "object_no": null, "object_name": null, "layer_type_id": 213, "valid_to": null, "address_no": null, "border_type": "solid", "border_width": null, "border_color": null, "border_opacity": null, "border_wellknown": "horizline", "fill_type": "color", "fill_color": "#c27ba0", "fill_opacity": 1, "fill_wellknown": "horizline", "fill_shape_color": null, "fill_shape_width": null, "fill_shape_size": null, "fill_img_url": null, "marker_img_url": null}},{"type": "Feature", "id": "layer_data_map.fid--27e80436_1a098b908f8_-3a86", "geometry": {"type": "Point", "coordinates": [106.88481192, 47.91014597]}, "geometry_name": "geom", "properties": {"guid": 4871, "id": 4871, "object_no": null, "object_name": null, "layer_type_id": 213, "valid_to": null, "address_no": null, "border_type": "solid", "border_width": null, "border_color": null, "border_opacity": null, "border_wellknown": "horizline", "fill_type": "color", "fill_color": "#c27ba0", "fill_opacity": 1, "fill_wellknown": "horizline", "fill_shape_color": null, "fill_shape_width": null, "fill_shape_size": null, "fill_img_url": null, "marker_img_url": null}},{"type": "Feature", "id": "layer_data_map.fid--27e80436_1a098b908f8_-3a85", "geometry": {"type": "Point", "coordinates": [106.88282936, 47.91338577]}, "geometry_name": "geom", "properties": {"guid": 4872, "id": 4872, "object_no": null, "object_name": null, "layer_type_id": 213, "valid_to": null, "address_no": null, "border_type": "solid", "border_width": null, "border_color": null, "border_opacity": null, "border_wellknown": "horizline", "fill_type": "color", "fill_color": "#c27ba0", "fill_opacity": 1, "fill_wellknown": "horizline", "fill_shape_color": null, "fill_shape_width": null, "fill_shape_size": null, "fill_img_url": null, "marker_img_url": null}},{"type": "Feature", "id": "layer_data_map.fid--27e80436_1a098b908f8_-3a84", "geometry": {"type": "Point", "coordinates": [106.88262315, 47.91283196]}, "geometry_name": "geom", "properties": {"guid": 4873, "id": 4873, "object_no": null, "object_name": null, "layer_type_id": 213, "valid_to": null, "address_no": null, "border_type": "solid", "border_width": null, "border_color": null, "border_opacity": null, "border_wellknown": "horizline", "fill_type": "color", "fill_color": "#c27ba0", "fill_opacity": 1, "fill_wellknown": "horizline", "fill_shape_color": null, "fill_shape_width": null, "fill_shape_size": null, "fill_img_url": null, "marker_img_url": null}},{"type": "Feature", "id": "layer_data_map.fid--27e80436_1a098b908f8_-3a83", "geometry": {"type": "Point", "coordinates": [106.87302606, 47.9416323]}, "geometry_name": "geom", "properties": {"guid": 4874, "id": 4874, "object_no": null, "object_name": null, "layer_type_id": 213, "valid_to": null, "address_no": null, "border_type": "solid", "border_width": null, "border_color": null, "border_opacity": null, "border_wellknown": "horizline", "fill_type": "color", "fill_color": "#c27ba0", "fill_opacity": 1, "fill_wellknown": "horizline", "fill_shape_color": null, "fill_shape_width": null, "fill_shape_size": null, "fill_img_url": null, "marker_img_url": null}},{"type": "Feature", "id": "layer_data_map.fid--27e80436_1a098b908f8_-3a82", "geometry": {"type": "Point", "coordinates": [106.89163322, 47.91979343]}, "geometry_name": "geom", "properties": {"guid": 4875, "id": 4875, "object_no": null, "object_name": null, "layer_type_id": 213, "valid_to": null, "address_no": null, "border_type": "solid", "border_width": null, "border_color": null, "border_opacity": null, "border_wellknown": "horizline", "fill_type": "color", "fill_color": "#c27ba0", "fill_opacity": 1, "fill_wellknown": "horizline", "fill_shape_color": null, "fill_shape_width": null, "fill_shape_size": null, "fill_img_url": null, "marker_img_url": null}},{"type": "Feature", "id": "layer_data_map.fid--27e80436_1a098b908f8_-3a81", "geometry": {"type": "Point", "coordinates": [106.88912491, 47.90969931]}, "geometry_name": "geom", "properties": {"guid": 4876, "id": 4876, "object_no": null, "object_name": null, "layer_type_id": 213, "valid_to": null, "address_no": null, "border_type": "solid", "border_width": null, "border_color": null, "border_opacity": null, "border_wellknown": "horizline", "fill_type": "color", "fill_color": "#c27ba0", "fill_opacity": 1, "fill_wellknown": "horizline", "fill_shape_color": null, "fill_shape_width": null, "fill_shape_size": null, "fill_img_url": null, "marker_img_url": null}},{"type": "Feature", "id": "layer_data_map.fid--27e80436_1a098b908f8_-3a80", "geometry": {"type": "Point", "coordinates": [106.8570628, 47.92080653]}, "geometry_name": "geom", "properties": {"guid": 4877, "id": 4877, "object_no": null, "object_name": null, "layer_type_id": 213, "valid_to": null, "address_no": null, "border_type": "solid", "border_width": null, "border_color": null, "border_opacity": null, "border_wellknown": "horizline", "fill_type": "color", "fill_color": "#c27ba0", "fill_opacity": 1, "fill_wellknown": "horizline", "fill_shape_color": null, "fill_shape_width": null, "fill_shape_size": null, "fill_img_url": null, "marker_img_url": null}},{"type": "Feature", "id": "layer_data_map.fid--27e80436_1a098b908f8_-3a7f", "geometry": {"type": "Point", "coordinates": [106.84401442, 47.91139928]}, "geometry_name": "geom", "properties": {"guid": 4878, "id": 4878, "object_no": null, "object_name": null, "layer_type_id": 213, "valid_to": null, "address_no": null, "border_type": "solid", "border_width": null, "border_color": null, "border_opacity": null, "border_wellknown": "horizline", "fill_type": "color", "fill_color": "#c27ba0", "fill_opacity": 1, "fill_wellknown": "horizline", "fill_shape_color": null, "fill_shape_width": null, "fill_shape_size": null, "fill_img_url": null, "marker_img_url": null}},{"type": "Feature", "id": "layer_data_map.fid--27e80436_1a098b908f8_-3a7e", "geometry": {"type": "Point", "coordinates": [106.89180418, 47.90720526]}, "geometry_name": "geom", "properties": {"guid": 4879, "id": 4879, "object_no": null, "object_name": null, "layer_type_id": 213, "valid_to": null, "address_no": null, "border_type": "solid", "border_width": null, "border_color": null, "border_opacity": null, "border_wellknown": "horizline", "fill_type": "color", "fill_color": "#c27ba0", "fill_opacity": 1, "fill_wellknown": "horizline", "fill_shape_color": null, "fill_shape_width": null, "fill_shape_size": null, "fill_img_url": null, "marker_img_url": null}},{"type": "Feature", "id": "layer_data_map.fid--27e80436_1a098b908f8_-3a7d", "geometry": {"type": "Point", "coordinates": [106.90067682, 47.90620019]}, "geometry_name": "geom", "properties": {"guid": 4880, "id": 4880, "object_no": null, "object_name": null, "layer_type_id": 213, "valid_to": null, "address_no": null, "border_type": "solid", "border_width": null, "border_color": null, "border_opacity": null, "border_wellknown": "horizline", "fill_type": "color", "fill_color": "#c27ba0", "fill_opacity": 1, "fill_wellknown": "horizline", "fill_shape_color": null, "fill_shape_width": null, "fill_shape_size": null, "fill_img_url": null, "marker_img_url": null}},{"type": "Feature", "id": "layer_data_map.fid--27e80436_1a098b908f8_-3a7c", "geometry": {"type": "Point", "coordinates": [106.8728004, 47.9170895]}, "geometry_name": "geom", "properties": {"guid": 4881, "id": 4881, "object_no": null, "object_name": null, "layer_type_id": 213, "valid_to": null, "address_no": null, "border_type": "solid", "border_width": null, "border_color": null, "border_opacity": null, "border_wellknown": "horizline", "fill_type": "color", "fill_color": "#c27ba0", "fill_opacity": 1, "fill_wellknown": "horizline", "fill_shape_color": null, "fill_shape_width": null, "fill_shape_size": null, "fill_img_url": null, "marker_img_url": null}},{"type": "Feature", "id": "layer_data_map.fid--27e80436_1a098b908f8_-3a7b", "geometry": {"type": "Point", "coordinates": [106.87701921, 47.92007929]}, "geometry_name": "geom", "properties": {"guid": 4882, "id": 4882, "object_no": null, "object_name": null, "layer_type_id": 213, "valid_to": null, "address_no": null, "border_type": "solid", "border_width": null, "border_color": null, "border_opacity": null, "border_wellknown": "horizline", "fill_type": "color", "fill_color": "#c27ba0", "fill_opacity": 1, "fill_wellknown": "horizline", "fill_shape_color": null, "fill_shape_width": null, "fill_shape_size": null, "fill_img_url": null, "marker_img_url": null}},{"type": "Feature", "id": "layer_data_map.fid--27e80436_1a098b908f8_-3a7a", "geometry": {"type": "Point", "coordinates": [106.89007533, 47.92829197]}, "geometry_name": "geom", "properties": {"guid": 4883, "id": 4883, "object_no": null, "object_name": null, "layer_type_id": 213, "valid_to": null, "address_no": null, "border_type": "solid", "border_width": null, "border_color": null, "border_opacity": null, "border_wellknown": "horizline", "fill_type": "color", "fill_color": "#c27ba0", "fill_opacity": 1, "fill_wellknown": "horizline", "fill_shape_color": null, "fill_shape_width": null, "fill_shape_size": null, "fill_img_url": null, "marker_img_url": null}},{"type": "Feature", "id": "layer_data_map.fid--27e80436_1a098b908f8_-3a79", "geometry": {"type": "Point", "coordinates": [106.87962986, 47.92801592]}, "geometry_name": "geom", "properties": {"guid": 4884, "id": 4884, "object_no": null, "object_name": null, "layer_type_id": 213, "valid_to": null, "address_no": null, "border_type": "solid", "border_width": null, "border_color": null, "border_opacity": null, "border_wellknown": "horizline", "fill_type": "color", "fill_color": "#c27ba0", "fill_opacity": 1, "fill_wellknown": "horizline", "fill_shape_color": null, "fill_shape_width": null, "fill_shape_size": null, "fill_img_url": null, "marker_img_url": null}},{"type": "Feature", "id": "layer_data_map.fid--27e80436_1a098b908f8_-3a78", "geometry": {"type": "Point", "coordinates": [106.89262212, 47.92464612]}, "geometry_name": "geom", "properties": {"guid": 4885, "id": 4885, "object_no": null, "object_name": null, "layer_type_id": 213, "valid_to": null, "address_no": null, "border_type": "solid", "border_width": null, "border_color": null, "border_opacity": null, "border_wellknown": "horizline", "fill_type": "color", "fill_color": "#c27ba0", "fill_opacity": 1, "fill_wellknown": "horizline", "fill_shape_color": null, "fill_shape_width": null, "fill_shape_size": null, "fill_img_url": null, "marker_img_url": null}},{"type": "Feature", "id": "layer_data_map.fid--27e80436_1a098b908f8_-3a77", "geometry": {"type": "Point", "coordinates": [106.86635178, 47.92099695]}, "geometry_name": "geom", "properties": {"guid": 4886, "id": 4886, "object_no": null, "object_name": null, "layer_type_id": 213, "valid_to": null, "address_no": null, "border_type": "solid", "border_width": null, "border_color": null, "border_opacity": null, "border_wellknown": "horizline", "fill_type": "color", "fill_color": "#c27ba0", "fill_opacity": 1, "fill_wellknown": "horizline", "fill_shape_color": null, "fill_shape_width": null, "fill_shape_size": null, "fill_img_url": null, "marker_img_url": null}},{"type": "Feature", "id": "layer_data_map.fid--27e80436_1a098b908f8_-3a76", "geometry": {"type": "Point", "coordinates": [106.88170656, 47.91125957]}, "geometry_name": "geom", "properties": {"guid": 4887, "id": 4887, "object_no": null, "object_name": null, "layer_type_id": 213, "valid_to": null, "address_no": null, "border_type": "solid", "border_width": null, "border_color": null, "border_opacity": null, "border_wellknown": "horizline", "fill_type": "color", "fill_color": "#c27ba0", "fill_opacity": 1, "fill_wellknown": "horizline", "fill_shape_color": null, "fill_shape_width": null, "fill_shape_size": null, "fill_img_url": null, "marker_img_url": null}},{"type": "Feature", "id": "layer_data_map.fid--27e80436_1a098b908f8_-3a75", "geometry": {"type": "Point", "coordinates": [106.86661655, 47.91539106]}, "geometry_name": "geom", "properties": {"guid": 4888, "id": 4888, "object_no": null, "object_name": null, "layer_type_id": 213, "valid_to": null, "address_no": null, "border_type": "solid", "border_width": null, "border_color": null, "border_opacity": null, "border_wellknown": "horizline", "fill_type": "color", "fill_color": "#c27ba0", "fill_opacity": 1, "fill_wellknown": "horizline", "fill_shape_color": null, "fill_shape_width": null, "fill_shape_size": null, "fill_img_url": null, "marker_img_url": null}},{"type": "Feature", "id": "layer_data_map.fid--27e80436_1a098b908f8_-3a74", "geometry": {"type": "Point", "coordinates": [106.8884296, 47.90329913]}, "geometry_name": "geom", "properties": {"guid": 4889, "id": 4889, "object_no": null, "object_name": null, "layer_type_id": 213, "valid_to": null, "address_no": null, "border_type": "solid", "border_width": null, "border_color": null, "border_opacity": null, "border_wellknown": "horizline", "fill_type": "color", "fill_color": "#c27ba0", "fill_opacity": 1, "fill_wellknown": "horizline", "fill_shape_color": null, "fill_shape_width": null, "fill_shape_size": null, "fill_img_url": null, "marker_img_url": null}},{"type": "Feature", "id": "layer_data_map.fid--27e80436_1a098b908f8_-3a73", "geometry": {"type": "Point", "coordinates": [106.98480056, 47.92616134]}, "geometry_name": "geom", "properties": {"guid": 4890, "id": 4890, "object_no": null, "object_name": null, "layer_type_id": 213, "valid_to": null, "address_no": null, "border_type": "solid", "border_width": null, "border_color": null, "border_opacity": null, "border_wellknown": "horizline", "fill_type": "color", "fill_color": "#c27ba0", "fill_opacity": 1, "fill_wellknown": "horizline", "fill_shape_color": null, "fill_shape_width": null, "fill_shape_size": null, "fill_img_url": null, "marker_img_url": null}},{"type": "Feature", "id": "layer_data_map.fid--27e80436_1a098b908f8_-3a72", "geometry": {"type": "Point", "coordinates": [106.93327129, 47.92624659]}, "geometry_name": "geom", "properties": {"guid": 4891, "id": 4891, "object_no": null, "object_name": null, "layer_type_id": 213, "valid_to": null, "address_no": null, "border_type": "solid", "border_width": null, "border_color": null, "border_opacity": null, "border_wellknown": "horizline", "fill_type": "color", "fill_color": "#c27ba0", "fill_opacity": 1, "fill_wellknown": "horizline", "fill_shape_color": null, "fill_shape_width": null, "fill_shape_size": null, "fill_img_url": null, "marker_img_url": null}},{"type": "Feature", "id": "layer_data_map.fid--27e80436_1a098b908f8_-3a71", "geometry": {"type": "Point", "coordinates": [106.94168101, 47.92809916]}, "geometry_name": "geom", "properties": {"guid": 4892, "id": 4892, "object_no": null, "object_name": null, "layer_type_id": 213, "valid_to": null, "address_no": null, "border_type": "solid", "border_width": null, "border_color": null, "border_opacity": null, "border_wellknown": "horizline", "fill_type": "color", "fill_color": "#c27ba0", "fill_opacity": 1, "fill_wellknown": "horizline", "fill_shape_color": null, "fill_shape_width": null, "fill_shape_size": null, "fill_img_url": null, "marker_img_url": null}},{"type": "Feature", "id": "layer_data_map.fid--27e80436_1a098b908f8_-3a70", "geometry": {"type": "Point", "coordinates": [106.99489609, 47.90869565]}, "geometry_name": "geom", "properties": {"guid": 4893, "id": 4893, "object_no": null, "object_name": null, "layer_type_id": 213, "valid_to": null, "address_no": null, "border_type": "solid", "border_width": null, "border_color": null, "border_opacity": null, "border_wellknown": "horizline", "fill_type": "color", "fill_color": "#c27ba0", "fill_opacity": 1, "fill_wellknown": "horizline", "fill_shape_color": null, "fill_shape_width": null, "fill_shape_size": null, "fill_img_url": null, "marker_img_url": null}},{"type": "Feature", "id": "layer_data_map.fid--27e80436_1a098b908f8_-3a6f", "geometry": {"type": "Point", "coordinates": [106.93844013, 47.90220164]}, "geometry_name": "geom", "properties": {"guid": 4894, "id": 4894, "object_no": null, "object_name": null, "layer_type_id": 213, "valid_to": null, "address_no": null, "border_type": "solid", "border_width": null, "border_color": null, "border_opacity": null, "border_wellknown": "horizline", "fill_type": "color", "fill_color": "#c27ba0", "fill_opacity": 1, "fill_wellknown": "horizline", "fill_shape_color": null, "fill_shape_width": null, "fill_shape_size": null, "fill_img_url": null, "marker_img_url": null}},{"type": "Feature", "id": "layer_data_map.fid--27e80436_1a098b908f8_-3a6e", "geometry": {"type": "Point", "coordinates": [106.9363631, 47.90254091]}, "geometry_name": "geom", "properties": {"guid": 4895, "id": 4895, "object_no": null, "object_name": null, "layer_type_id": 213, "valid_to": null, "address_no": null, "border_type": "solid", "border_width": null, "border_color": null, "border_opacity": null, "border_wellknown": "horizline", "fill_type": "color", "fill_color": "#c27ba0", "fill_opacity": 1, "fill_wellknown": "horizline", "fill_shape_color": null, "fill_shape_width": null, "fill_shape_size": null, "fill_img_url": null, "marker_img_url": null}},{"type": "Feature", "id": "layer_data_map.fid--27e80436_1a098b908f8_-3a6d", "geometry": {"type": "Point", "coordinates": [106.93660082, 47.91688104]}, "geometry_name": "geom", "properties": {"guid": 4896, "id": 4896, "object_no": null, "object_name": null, "layer_type_id": 213, "valid_to": null, "address_no": null, "border_type": "solid", "border_width": null, "border_color": null, "border_opacity": null, "border_wellknown": "horizline", "fill_type": "color", "fill_color": "#c27ba0", "fill_opacity": 1, "fill_wellknown": "horizline", "fill_shape_color": null, "fill_shape_width": null, "fill_shape_size": null, "fill_img_url": null, "marker_img_url": null}},{"type": "Feature", "id": "layer_data_map.fid--27e80436_1a098b908f8_-3a6c", "geometry": {"type": "Point", "coordinates": [107.14139488, 47.92852059]}, "geometry_name": "geom", "properties": {"guid": 4897, "id": 4897, "object_no": null, "object_name": null, "layer_type_id": 213, "valid_to": null, "address_no": null, "border_type": "solid", "border_width": null, "border_color": null, "border_opacity": null, "border_wellknown": "horizline", "fill_type": "color", "fill_color": "#c27ba0", "fill_opacity": 1, "fill_wellknown": "horizline", "fill_shape_color": null, "fill_shape_width": null, "fill_shape_size": null, "fill_img_url": null, "marker_img_url": null}},{"type": "Feature", "id": "layer_data_map.fid--27e80436_1a098b908f8_-3a6b", "geometry": {"type": "Point", "coordinates": [107.11309809, 47.8741684]}, "geometry_name": "geom", "properties": {"guid": 4898, "id": 4898, "object_no": null, "object_name": null, "layer_type_id": 213, "valid_to": null, "address_no": null, "border_type": "solid", "border_width": null, "border_color": null, "border_opacity": null, "border_wellknown": "horizline", "fill_type": "color", "fill_color": "#c27ba0", "fill_opacity": 1, "fill_wellknown": "horizline", "fill_shape_color": null, "fill_shape_width": null, "fill_shape_size": null, "fill_img_url": null, "marker_img_url": null}},{"type": "Feature", "id": "layer_data_map.fid--27e80436_1a098b908f8_-3a6a", "geometry": {"type": "Point", "coordinates": [106.95850142, 47.91004621]}, "geometry_name": "geom", "properties": {"guid": 4899, "id": 4899, "object_no": null, "object_name": null, "layer_type_id": 213, "valid_to": null, "address_no": null, "border_type": "solid", "border_width": null, "border_color": null, "border_opacity": null, "border_wellknown": "horizline", "fill_type": "color", "fill_color": "#c27ba0", "fill_opacity": 1, "fill_wellknown": "horizline", "fill_shape_color": null, "fill_shape_width": null, "fill_shape_size": null, "fill_img_url": null, "marker_img_url": null}},{"type": "Feature", "id": "layer_data_map.fid--27e80436_1a098b908f8_-3a69", "geometry": {"type": "Point", "coordinates": [106.93388813, 47.9178331]}, "geometry_name": "geom", "properties": {"guid": 4900, "id": 4900, "object_no": null, "object_name": null, "layer_type_id": 213, "valid_to": null, "address_no": null, "border_type": "solid", "border_width": null, "border_color": null, "border_opacity": null, "border_wellknown": "horizline", "fill_type": "color", "fill_color": "#c27ba0", "fill_opacity": 1, "fill_wellknown": "horizline", "fill_shape_color": null, "fill_shape_width": null, "fill_shape_size": null, "fill_img_url": null, "marker_img_url": null}},{"type": "Feature", "id": "layer_data_map.fid--27e80436_1a098b908f8_-3a68", "geometry": {"type": "Point", "coordinates": [106.93128763, 47.91188551]}, "geometry_name": "geom", "properties": {"guid": 4901, "id": 4901, "object_no": null, "object_name": null, "layer_type_id": 213, "valid_to": null, "address_no": null, "border_type": "solid", "border_width": null, "border_color": null, "border_opacity": null, "border_wellknown": "horizline", "fill_type": "color", "fill_color": "#c27ba0", "fill_opacity": 1, "fill_wellknown": "horizline", "fill_shape_color": null, "fill_shape_width": null, "fill_shape_size": null, "fill_img_url": null, "marker_img_url": null}},{"type": "Feature", "id": "layer_data_map.fid--27e80436_1a098b908f8_-3a67", "geometry": {"type": "Point", "coordinates": [106.942029, 47.90319713]}, "geometry_name": "geom", "properties": {"guid": 4902, "id": 4902, "object_no": null, "object_name": null, "layer_type_id": 213, "valid_to": null, "address_no": null, "border_type": "solid", "border_width": null, "border_color": null, "border_opacity": null, "border_wellknown": "horizline", "fill_type": "color", "fill_color": "#c27ba0", "fill_opacity": 1, "fill_wellknown": "horizline", "fill_shape_color": null, "fill_shape_width": null, "fill_shape_size": null, "fill_img_url": null, "marker_img_url": null}},{"type": "Feature", "id": "layer_data_map.fid--27e80436_1a098b908f8_-3a66", "geometry": {"type": "Point", "coordinates": [106.96562267, 47.94237496]}, "geometry_name": "geom", "properties": {"guid": 4903, "id": 4903, "object_no": null, "object_name": null, "layer_type_id": 213, "valid_to": null, "address_no": null, "border_type": "solid", "border_width": null, "border_color": null, "border_opacity": null, "border_wellknown": "horizline", "fill_type": "color", "fill_color": "#c27ba0", "fill_opacity": 1, "fill_wellknown": "horizline", "fill_shape_color": null, "fill_shape_width": null, "fill_shape_size": null, "fill_img_url": null, "marker_img_url": null}},{"type": "Feature", "id": "layer_data_map.fid--27e80436_1a098b908f8_-3a65", "geometry": {"type": "Point", "coordinates": [106.9645907, 47.9321105]}, "geometry_name": "geom", "properties": {"guid": 4904, "id": 4904, "object_no": null, "object_name": null, "layer_type_id": 213, "valid_to": null, "address_no": null, "border_type": "solid", "border_width": null, "border_color": null, "border_opacity": null, "border_wellknown": "horizline", "fill_type": "color", "fill_color": "#c27ba0", "fill_opacity": 1, "fill_wellknown": "horizline", "fill_shape_color": null, "fill_shape_width": null, "fill_shape_size": null, "fill_img_url": null, "marker_img_url": null}},{"type": "Feature", "id": "layer_data_map.fid--27e80436_1a098b908f8_-3a64", "geometry": {"type": "Point", "coordinates": [106.93348232, 47.93075073]}, "geometry_name": "geom", "properties": {"guid": 4905, "id": 4905, "object_no": null, "object_name": null, "layer_type_id": 213, "valid_to": null, "address_no": null, "border_type": "solid", "border_width": null, "border_color": null, "border_opacity": null, "border_wellknown": "horizline", "fill_type": "color", "fill_color": "#c27ba0", "fill_opacity": 1, "fill_wellknown": "horizline", "fill_shape_color": null, "fill_shape_width": null, "fill_shape_size": null, "fill_img_url": null, "marker_img_url": null}},{"type": "Feature", "id": "layer_data_map.fid--27e80436_1a098b908f8_-3a63", "geometry": {"type": "Point", "coordinates": [106.97251245, 47.92765169]}, "geometry_name": "geom", "properties": {"guid": 4906, "id": 4906, "object_no": null, "object_name": null, "layer_type_id": 213, "valid_to": null, "address_no": null, "border_type": "solid", "border_width": null, "border_color": null, "border_opacity": null, "border_wellknown": "horizline", "fill_type": "color", "fill_color": "#c27ba0", "fill_opacity": 1, "fill_wellknown": "horizline", "fill_shape_color": null, "fill_shape_width": null, "fill_shape_size": null, "fill_img_url": null, "marker_img_url": null}},{"type": "Feature", "id": "layer_data_map.fid--27e80436_1a098b908f8_-3a62", "geometry": {"type": "Point", "coordinates": [106.94712728, 47.92687577]}, "geometry_name": "geom", "properties": {"guid": 4907, "id": 4907, "object_no": null, "object_name": null, "layer_type_id": 213, "valid_to": null, "address_no": null, "border_type": "solid", "border_width": null, "border_color": null, "border_opacity": null, "border_wellknown": "horizline", "fill_type": "color", "fill_color": "#c27ba0", "fill_opacity": 1, "fill_wellknown": "horizline", "fill_shape_color": null, "fill_shape_width": null, "fill_shape_size": null, "fill_img_url": null, "marker_img_url": null}},{"type": "Feature", "id": "layer_data_map.fid--27e80436_1a098b908f8_-3a61", "geometry": {"type": "Point", "coordinates": [106.93716949, 47.90892755]}, "geometry_name": "geom", "properties": {"guid": 4908, "id": 4908, "object_no": null, "object_name": null, "layer_type_id": 213, "valid_to": null, "address_no": null, "border_type": "solid", "border_width": null, "border_color": null, "border_opacity": null, "border_wellknown": "horizline", "fill_type": "color", "fill_color": "#c27ba0", "fill_opacity": 1, "fill_wellknown": "horizline", "fill_shape_color": null, "fill_shape_width": null, "fill_shape_size": null, "fill_img_url": null, "marker_img_url": null}},{"type": "Feature", "id": "layer_data_map.fid--27e80436_1a098b908f8_-3a60", "geometry": {"type": "Point", "coordinates": [106.94043613, 47.90421288]}, "geometry_name": "geom", "properties": {"guid": 4909, "id": 4909, "object_no": null, "object_name": null, "layer_type_id": 213, "valid_to": null, "address_no": null, "border_type": "solid", "border_width": null, "border_color": null, "border_opacity": null, "border_wellknown": "horizline", "fill_type": "color", "fill_color": "#c27ba0", "fill_opacity": 1, "fill_wellknown": "horizline", "fill_shape_color": null, "fill_shape_width": null, "fill_shape_size": null, "fill_img_url": null, "marker_img_url": null}},{"type": "Feature", "id": "layer_data_map.fid--27e80436_1a098b908f8_-3a5f", "geometry": {"type": "Point", "coordinates": [106.93770774, 47.90972273]}, "geometry_name": "geom", "properties": {"guid": 4910, "id": 4910, "object_no": null, "object_name": null, "layer_type_id": 213, "valid_to": null, "address_no": null, "border_type": "solid", "border_width": null, "border_color": null, "border_opacity": null, "border_wellknown": "horizline", "fill_type": "color", "fill_color": "#c27ba0", "fill_opacity": 1, "fill_wellknown": "horizline", "fill_shape_color": null, "fill_shape_width": null, "fill_shape_size": null, "fill_img_url": null, "marker_img_url": null}},{"type": "Feature", "id": "layer_data_map.fid--27e80436_1a098b908f8_-3a5e", "geometry": {"type": "Point", "coordinates": [106.96688043, 47.919601]}, "geometry_name": "geom", "properties": {"guid": 4911, "id": 4911, "object_no": null, "object_name": null, "layer_type_id": 213, "valid_to": null, "address_no": null, "border_type": "solid", "border_width": null, "border_color": null, "border_opacity": null, "border_wellknown": "horizline", "fill_type": "color", "fill_color": "#c27ba0", "fill_opacity": 1, "fill_wellknown": "horizline", "fill_shape_color": null, "fill_shape_width": null, "fill_shape_size": null, "fill_img_url": null, "marker_img_url": null}},{"type": "Feature", "id": "layer_data_map.fid--27e80436_1a098b908f8_-3a5d", "geometry": {"type": "Point", "coordinates": [106.97233195, 47.91923628]}, "geometry_name": "geom", "properties": {"guid": 4912, "id": 4912, "object_no": null, "object_name": null, "layer_type_id": 213, "valid_to": null, "address_no": null, "border_type": "solid", "border_width": null, "border_color": null, "border_opacity": null, "border_wellknown": "horizline", "fill_type": "color", "fill_color": "#c27ba0", "fill_opacity": 1, "fill_wellknown": "horizline", "fill_shape_color": null, "fill_shape_width": null, "fill_shape_size": null, "fill_img_url": null, "marker_img_url": null}},{"type": "Feature", "id": "layer_data_map.fid--27e80436_1a098b908f8_-3a5c", "geometry": {"type": "Point", "coordinates": [106.94432243, 47.90437888]}, "geometry_name": "geom", "properties": {"guid": 4913, "id": 4913, "object_no": null, "object_name": null, "layer_type_id": 213, "valid_to": null, "address_no": null, "border_type": "solid", "border_width": null, "border_color": null, "border_opacity": null, "border_wellknown": "horizline", "fill_type": "color", "fill_color": "#c27ba0", "fill_opacity": 1, "fill_wellknown": "horizline", "fill_shape_color": null, "fill_shape_width": null, "fill_shape_size": null, "fill_img_url": null, "marker_img_url": null}},{"type": "Feature", "id": "layer_data_map.fid--27e80436_1a098b908f8_-3a5b", "geometry": {"type": "Point", "coordinates": [106.93821564, 47.9251538]}, "geometry_name": "geom", "properties": {"guid": 4914, "id": 4914, "object_no": null, "object_name": null, "layer_type_id": 213, "valid_to": null, "address_no": null, "border_type": "solid", "border_width": null, "border_color": null, "border_opacity": null, "border_wellknown": "horizline", "fill_type": "color", "fill_color": "#c27ba0", "fill_opacity": 1, "fill_wellknown": "horizline", "fill_shape_color": null, "fill_shape_width": null, "fill_shape_size": null, "fill_img_url": null, "marker_img_url": null}},{"type": "Feature", "id": "layer_data_map.fid--27e80436_1a098b908f8_-3a5a", "geometry": {"type": "Point", "coordinates": [106.97517982, 47.91572835]}, "geometry_name": "geom", "properties": {"guid": 4915, "id": 4915, "object_no": null, "object_name": null, "layer_type_id": 213, "valid_to": null, "address_no": null, "border_type": "solid", "border_width": null, "border_color": null, "border_opacity": null, "border_wellknown": "horizline", "fill_type": "color", "fill_color": "#c27ba0", "fill_opacity": 1, "fill_wellknown": "horizline", "fill_shape_color": null, "fill_shape_width": null, "fill_shape_size": null, "fill_img_url": null, "marker_img_url": null}},{"type": "Feature", "id": "layer_data_map.fid--27e80436_1a098b908f8_-3a59", "geometry": {"type": "Point", "coordinates": [106.98243234, 47.9227412]}, "geometry_name": "geom", "properties": {"guid": 4916, "id": 4916, "object_no": null, "object_name": null, "layer_type_id": 213, "valid_to": null, "address_no": null, "border_type": "solid", "border_width": null, "border_color": null, "border_opacity": null, "border_wellknown": "horizline", "fill_type": "color", "fill_color": "#c27ba0", "fill_opacity": 1, "fill_wellknown": "horizline", "fill_shape_color": null, "fill_shape_width": null, "fill_shape_size": null, "fill_img_url": null, "marker_img_url": null}},{"type": "Feature", "id": "layer_data_map.fid--27e80436_1a098b908f8_-3a58", "geometry": {"type": "Point", "coordinates": [106.93160958, 47.91019551]}, "geometry_name": "geom", "properties": {"guid": 4917, "id": 4917, "object_no": null, "object_name": null, "layer_type_id": 213, "valid_to": null, "address_no": null, "border_type": "solid", "border_width": null, "border_color": null, "border_opacity": null, "border_wellknown": "horizline", "fill_type": "color", "fill_color": "#c27ba0", "fill_opacity": 1, "fill_wellknown": "horizline", "fill_shape_color": null, "fill_shape_width": null, "fill_shape_size": null, "fill_img_url": null, "marker_img_url": null}},{"type": "Feature", "id": "layer_data_map.fid--27e80436_1a098b908f8_-3a57", "geometry": {"type": "Point", "coordinates": [106.96768921, 47.9277504]}, "geometry_name": "geom", "properties": {"guid": 4918, "id": 4918, "object_no": null, "object_name": null, "layer_type_id": 213, "valid_to": null, "address_no": null, "border_type": "solid", "border_width": null, "border_color": null, "border_opacity": null, "border_wellknown": "horizline", "fill_type": "color", "fill_color": "#c27ba0", "fill_opacity": 1, "fill_wellknown": "horizline", "fill_shape_color": null, "fill_shape_width": null, "fill_shape_size": null, "fill_img_url": null, "marker_img_url": null}},{"type": "Feature", "id": "layer_data_map.fid--27e80436_1a098b908f8_-3a56", "geometry": {"type": "Point", "coordinates": [106.94634609, 47.91211821]}, "geometry_name": "geom", "properties": {"guid": 4919, "id": 4919, "object_no": null, "object_name": null, "layer_type_id": 213, "valid_to": null, "address_no": null, "border_type": "solid", "border_width": null, "border_color": null, "border_opacity": null, "border_wellknown": "horizline", "fill_type": "color", "fill_color": "#c27ba0", "fill_opacity": 1, "fill_wellknown": "horizline", "fill_shape_color": null, "fill_shape_width": null, "fill_shape_size": null, "fill_img_url": null, "marker_img_url": null}},{"type": "Feature", "id": "layer_data_map.fid--27e80436_1a098b908f8_-3a55", "geometry": {"type": "Point", "coordinates": [106.97780011, 47.9214416]}, "geometry_name": "geom", "properties": {"guid": 4920, "id": 4920, "object_no": null, "object_name": null, "layer_type_id": 213, "valid_to": null, "address_no": null, "border_type": "solid", "border_width": null, "border_color": null, "border_opacity": null, "border_wellknown": "horizline", "fill_type": "color", "fill_color": "#c27ba0", "fill_opacity": 1, "fill_wellknown": "horizline", "fill_shape_color": null, "fill_shape_width": null, "fill_shape_size": null, "fill_img_url": null, "marker_img_url": null}},{"type": "Feature", "id": "layer_data_map.fid--27e80436_1a098b908f8_-3a54", "geometry": {"type": "Point", "coordinates": [106.9630148, 47.91565472]}, "geometry_name": "geom", "properties": {"guid": 4921, "id": 4921, "object_no": null, "object_name": null, "layer_type_id": 213, "valid_to": null, "address_no": null, "border_type": "solid", "border_width": null, "border_color": null, "border_opacity": null, "border_wellknown": "horizline", "fill_type": "color", "fill_color": "#c27ba0", "fill_opacity": 1, "fill_wellknown": "horizline", "fill_shape_color": null, "fill_shape_width": null, "fill_shape_size": null, "fill_img_url": null, "marker_img_url": null}},{"type": "Feature", "id": "layer_data_map.fid--27e80436_1a098b908f8_-3a53", "geometry": {"type": "Point", "coordinates": [107.00739582, 47.93366742]}, "geometry_name": "geom", "properties": {"guid": 4922, "id": 4922, "object_no": null, "object_name": null, "layer_type_id": 213, "valid_to": null, "address_no": null, "border_type": "solid", "border_width": null, "border_color": null, "border_opacity": null, "border_wellknown": "horizline", "fill_type": "color", "fill_color": "#c27ba0", "fill_opacity": 1, "fill_wellknown": "horizline", "fill_shape_color": null, "fill_shape_width": null, "fill_shape_size": null, "fill_img_url": null, "marker_img_url": null}},{"type": "Feature", "id": "layer_data_map.fid--27e80436_1a098b908f8_-3a52", "geometry": {"type": "Point", "coordinates": [106.93738558, 47.91115356]}, "geometry_name": "geom", "properties": {"guid": 4923, "id": 4923, "object_no": null, "object_name": null, "layer_type_id": 213, "valid_to": null, "address_no": null, "border_type": "solid", "border_width": null, "border_color": null, "border_opacity": null, "border_wellknown": "horizline", "fill_type": "color", "fill_color": "#c27ba0", "fill_opacity": 1, "fill_wellknown": "horizline", "fill_shape_color": null, "fill_shape_width": null, "fill_shape_size": null, "fill_img_url": null, "marker_img_url": null}},{"type": "Feature", "id": "layer_data_map.fid--27e80436_1a098b908f8_-3a51", "geometry": {"type": "Point", "coordinates": [106.94015572, 47.90902354]}, "geometry_name": "geom", "properties": {"guid": 4924, "id": 4924, "object_no": null, "object_name": null, "layer_type_id": 213, "valid_to": null, "address_no": null, "border_type": "solid", "border_width": null, "border_color": null, "border_opacity": null, "border_wellknown": "horizline", "fill_type": "color", "fill_color": "#c27ba0", "fill_opacity": 1, "fill_wellknown": "horizline", "fill_shape_color": null, "fill_shape_width": null, "fill_shape_size": null, "fill_img_url": null, "marker_img_url": null}},{"type": "Feature", "id": "layer_data_map.fid--27e80436_1a098b908f8_-3a50", "geometry": {"type": "Point", "coordinates": [107.00262712, 47.91340424]}, "geometry_name": "geom", "properties": {"guid": 4925, "id": 4925, "object_no": null, "object_name": null, "layer_type_id": 213, "valid_to": null, "address_no": null, "border_type": "solid", "border_width": null, "border_color": null, "border_opacity": null, "border_wellknown": "horizline", "fill_type": "color", "fill_color": "#c27ba0", "fill_opacity": 1, "fill_wellknown": "horizline", "fill_shape_color": null, "fill_shape_width": null, "fill_shape_size": null, "fill_img_url": null, "marker_img_url": null}},{"type": "Feature", "id": "layer_data_map.fid--27e80436_1a098b908f8_-3a4f", "geometry": {"type": "Point", "coordinates": [106.93698178, 47.92718679]}, "geometry_name": "geom", "properties": {"guid": 4926, "id": 4926, "object_no": null, "object_name": null, "layer_type_id": 213, "valid_to": null, "address_no": null, "border_type": "solid", "border_width": null, "border_color": null, "border_opacity": null, "border_wellknown": "horizline", "fill_type": "color", "fill_color": "#c27ba0", "fill_opacity": 1, "fill_wellknown": "horizline", "fill_shape_color": null, "fill_shape_width": null, "fill_shape_size": null, "fill_img_url": null, "marker_img_url": null}},{"type": "Feature", "id": "layer_data_map.fid--27e80436_1a098b908f8_-3a4e", "geometry": {"type": "Point", "coordinates": [106.98144966, 47.92251183]}, "geometry_name": "geom", "properties": {"guid": 4927, "id": 4927, "object_no": null, "object_name": null, "layer_type_id": 213, "valid_to": null, "address_no": null, "border_type": "solid", "border_width": null, "border_color": null, "border_opacity": null, "border_wellknown": "horizline", "fill_type": "color", "fill_color": "#c27ba0", "fill_opacity": 1, "fill_wellknown": "horizline", "fill_shape_color": null, "fill_shape_width": null, "fill_shape_size": null, "fill_img_url": null, "marker_img_url": null}},{"type": "Feature", "id": "layer_data_map.fid--27e80436_1a098b908f8_-3a4d", "geometry": {"type": "Point", "coordinates": [106.96524513, 47.93226046]}, "geometry_name": "geom", "properties": {"guid": 4928, "id": 4928, "object_no": null, "object_name": null, "layer_type_id": 213, "valid_to": null, "address_no": null, "border_type": "solid", "border_width": null, "border_color": null, "border_opacity": null, "border_wellknown": "horizline", "fill_type": "color", "fill_color": "#c27ba0", "fill_opacity": 1, "fill_wellknown": "horizline", "fill_shape_color": null, "fill_shape_width": null, "fill_shape_size": null, "fill_img_url": null, "marker_img_url": null}},{"type": "Feature", "id": "layer_data_map.fid--27e80436_1a098b908f8_-3a4c", "geometry": {"type": "Point", "coordinates": [106.94626919, 47.90368592]}, "geometry_name": "geom", "properties": {"guid": 4929, "id": 4929, "object_no": null, "object_name": null, "layer_type_id": 213, "valid_to": null, "address_no": null, "border_type": "solid", "border_width": null, "border_color": null, "border_opacity": null, "border_wellknown": "horizline", "fill_type": "color", "fill_color": "#c27ba0", "fill_opacity": 1, "fill_wellknown": "horizline", "fill_shape_color": null, "fill_shape_width": null, "fill_shape_size": null, "fill_img_url": null, "marker_img_url": null}},{"type": "Feature", "id": "layer_data_map.fid--27e80436_1a098b908f8_-3a4b", "geometry": {"type": "Point", "coordinates": [106.94666832, 47.92096555]}, "geometry_name": "geom", "properties": {"guid": 4930, "id": 4930, "object_no": null, "object_name": null, "layer_type_id": 213, "valid_to": null, "address_no": null, "border_type": "solid", "border_width": null, "border_color": null, "border_opacity": null, "border_wellknown": "horizline", "fill_type": "color", "fill_color": "#c27ba0", "fill_opacity": 1, "fill_wellknown": "horizline", "fill_shape_color": null, "fill_shape_width": null, "fill_shape_size": null, "fill_img_url": null, "marker_img_url": null}},{"type": "Feature", "id": "layer_data_map.fid--27e80436_1a098b908f8_-3a4a", "geometry": {"type": "Point", "coordinates": [106.95692849, 47.92122408]}, "geometry_name": "geom", "properties": {"guid": 4931, "id": 4931, "object_no": null, "object_name": null, "layer_type_id": 213, "valid_to": null, "address_no": null, "border_type": "solid", "border_width": null, "border_color": null, "border_opacity": null, "border_wellknown": "horizline", "fill_type": "color", "fill_color": "#c27ba0", "fill_opacity": 1, "fill_wellknown": "horizline", "fill_shape_color": null, "fill_shape_width": null, "fill_shape_size": null, "fill_img_url": null, "marker_img_url": null}},{"type": "Feature", "id": "layer_data_map.fid--27e80436_1a098b908f8_-3a49", "geometry": {"type": "Point", "coordinates": [106.945141, 47.91760672]}, "geometry_name": "geom", "properties": {"guid": 4932, "id": 4932, "object_no": null, "object_name": null, "layer_type_id": 213, "valid_to": null, "address_no": null, "border_type": "solid", "border_width": null, "border_color": null, "border_opacity": null, "border_wellknown": "horizline", "fill_type": "color", "fill_color": "#c27ba0", "fill_opacity": 1, "fill_wellknown": "horizline", "fill_shape_color": null, "fill_shape_width": null, "fill_shape_size": null, "fill_img_url": null, "marker_img_url": null}},{"type": "Feature", "id": "layer_data_map.fid--27e80436_1a098b908f8_-3a48", "geometry": {"type": "Point", "coordinates": [106.93627636, 47.90622091]}, "geometry_name": "geom", "properties": {"guid": 4933, "id": 4933, "object_no": null, "object_name": null, "layer_type_id": 213, "valid_to": null, "address_no": null, "border_type": "solid", "border_width": null, "border_color": null, "border_opacity": null, "border_wellknown": "horizline", "fill_type": "color", "fill_color": "#c27ba0", "fill_opacity": 1, "fill_wellknown": "horizline", "fill_shape_color": null, "fill_shape_width": null, "fill_shape_size": null, "fill_img_url": null, "marker_img_url": null}},{"type": "Feature", "id": "layer_data_map.fid--27e80436_1a098b908f8_-3a47", "geometry": {"type": "Point", "coordinates": [106.95031077, 47.91322235]}, "geometry_name": "geom", "properties": {"guid": 4934, "id": 4934, "object_no": null, "object_name": null, "layer_type_id": 213, "valid_to": null, "address_no": null, "border_type": "solid", "border_width": null, "border_color": null, "border_opacity": null, "border_wellknown": "horizline", "fill_type": "color", "fill_color": "#c27ba0", "fill_opacity": 1, "fill_wellknown": "horizline", "fill_shape_color": null, "fill_shape_width": null, "fill_shape_size": null, "fill_img_url": null, "marker_img_url": null}},{"type": "Feature", "id": "layer_data_map.fid--27e80436_1a098b908f8_-3a46", "geometry": {"type": "Point", "coordinates": [106.94586031, 47.91716321]}, "geometry_name": "geom", "properties": {"guid": 4935, "id": 4935, "object_no": null, "object_name": null, "layer_type_id": 213, "valid_to": null, "address_no": null, "border_type": "solid", "border_width": null, "border_color": null, "border_opacity": null, "border_wellknown": "horizline", "fill_type": "color", "fill_color": "#c27ba0", "fill_opacity": 1, "fill_wellknown": "horizline", "fill_shape_color": null, "fill_shape_width": null, "fill_shape_size": null, "fill_img_url": null, "marker_img_url": null}},{"type": "Feature", "id": "layer_data_map.fid--27e80436_1a098b908f8_-3a45", "geometry": {"type": "Point", "coordinates": [106.95266444, 47.9123723]}, "geometry_name": "geom", "properties": {"guid": 4936, "id": 4936, "object_no": null, "object_name": null, "layer_type_id": 213, "valid_to": null, "address_no": null, "border_type": "solid", "border_width": null, "border_color": null, "border_opacity": null, "border_wellknown": "horizline", "fill_type": "color", "fill_color": "#c27ba0", "fill_opacity": 1, "fill_wellknown": "horizline", "fill_shape_color": null, "fill_shape_width": null, "fill_shape_size": null, "fill_img_url": null, "marker_img_url": null}},{"type": "Feature", "id": "layer_data_map.fid--27e80436_1a098b908f8_-3a44", "geometry": {"type": "Point", "coordinates": [106.94190887, 47.90694376]}, "geometry_name": "geom", "properties": {"guid": 4937, "id": 4937, "object_no": null, "object_name": null, "layer_type_id": 213, "valid_to": null, "address_no": null, "border_type": "solid", "border_width": null, "border_color": null, "border_opacity": null, "border_wellknown": "horizline", "fill_type": "color", "fill_color": "#c27ba0", "fill_opacity": 1, "fill_wellknown": "horizline", "fill_shape_color": null, "fill_shape_width": null, "fill_shape_size": null, "fill_img_url": null, "marker_img_url": null}},{"type": "Feature", "id": "layer_data_map.fid--27e80436_1a098b908f8_-3a43", "geometry": {"type": "Point", "coordinates": [106.97890493, 47.9099812]}, "geometry_name": "geom", "properties": {"guid": 4938, "id": 4938, "object_no": null, "object_name": null, "layer_type_id": 213, "valid_to": null, "address_no": null, "border_type": "solid", "border_width": null, "border_color": null, "border_opacity": null, "border_wellknown": "horizline", "fill_type": "color", "fill_color": "#c27ba0", "fill_opacity": 1, "fill_wellknown": "horizline", "fill_shape_color": null, "fill_shape_width": null, "fill_shape_size": null, "fill_img_url": null, "marker_img_url": null}},{"type": "Feature", "id": "layer_data_map.fid--27e80436_1a098b908f8_-3a42", "geometry": {"type": "Point", "coordinates": [106.94570484, 47.91814684]}, "geometry_name": "geom", "properties": {"guid": 4939, "id": 4939, "object_no": null, "object_name": null, "layer_type_id": 213, "valid_to": null, "address_no": null, "border_type": "solid", "border_width": null, "border_color": null, "border_opacity": null, "border_wellknown": "horizline", "fill_type": "color", "fill_color": "#c27ba0", "fill_opacity": 1, "fill_wellknown": "horizline", "fill_shape_color": null, "fill_shape_width": null, "fill_shape_size": null, "fill_img_url": null, "marker_img_url": null}},{"type": "Feature", "id": "layer_data_map.fid--27e80436_1a098b908f8_-3a41", "geometry": {"type": "Point", "coordinates": [106.93351484, 47.90868875]}, "geometry_name": "geom", "properties": {"guid": 4940, "id": 4940, "object_no": null, "object_name": null, "layer_type_id": 213, "valid_to": null, "address_no": null, "border_type": "solid", "border_width": null, "border_color": null, "border_opacity": null, "border_wellknown": "horizline", "fill_type": "color", "fill_color": "#c27ba0", "fill_opacity": 1, "fill_wellknown": "horizline", "fill_shape_color": null, "fill_shape_width": null, "fill_shape_size": null, "fill_img_url": null, "marker_img_url": null}},{"type": "Feature", "id": "layer_data_map.fid--27e80436_1a098b908f8_-3a40", "geometry": {"type": "Point", "coordinates": [106.97542532, 47.93138616]}, "geometry_name": "geom", "properties": {"guid": 4941, "id": 4941, "object_no": null, "object_name": null, "layer_type_id": 213, "valid_to": null, "address_no": null, "border_type": "solid", "border_width": null, "border_color": null, "border_opacity": null, "border_wellknown": "horizline", "fill_type": "color", "fill_color": "#c27ba0", "fill_opacity": 1, "fill_wellknown": "horizline", "fill_shape_color": null, "fill_shape_width": null, "fill_shape_size": null, "fill_img_url": null, "marker_img_url": null}},{"type": "Feature", "id": "layer_data_map.fid--27e80436_1a098b908f8_-3a3f", "geometry": {"type": "Point", "coordinates": [106.94938443, 47.92570442]}, "geometry_name": "geom", "properties": {"guid": 4942, "id": 4942, "object_no": null, "object_name": null, "layer_type_id": 213, "valid_to": null, "address_no": null, "border_type": "solid", "border_width": null, "border_color": null, "border_opacity": null, "border_wellknown": "horizline", "fill_type": "color", "fill_color": "#c27ba0", "fill_opacity": 1, "fill_wellknown": "horizline", "fill_shape_color": null, "fill_shape_width": null, "fill_shape_size": null, "fill_img_url": null, "marker_img_url": null}},{"type": "Feature", "id": "layer_data_map.fid--27e80436_1a098b908f8_-3a3e", "geometry": {"type": "Point", "coordinates": [106.93157253, 47.91044874]}, "geometry_name": "geom", "properties": {"guid": 4943, "id": 4943, "object_no": null, "object_name": null, "layer_type_id": 213, "valid_to": null, "address_no": null, "border_type": "solid", "border_width": null, "border_color": null, "border_opacity": null, "border_wellknown": "horizline", "fill_type": "color", "fill_color": "#c27ba0", "fill_opacity": 1, "fill_wellknown": "horizline", "fill_shape_color": null, "fill_shape_width": null, "fill_shape_size": null, "fill_img_url": null, "marker_img_url": null}},{"type": "Feature", "id": "layer_data_map.fid--27e80436_1a098b908f8_-3a3d", "geometry": {"type": "Point", "coordinates": [106.93246018, 47.90263851]}, "geometry_name": "geom", "properties": {"guid": 4944, "id": 4944, "object_no": null, "object_name": null, "layer_type_id": 213, "valid_to": null, "address_no": null, "border_type": "solid", "border_width": null, "border_color": null, "border_opacity": null, "border_wellknown": "horizline", "fill_type": "color", "fill_color": "#c27ba0", "fill_opacity": 1, "fill_wellknown": "horizline", "fill_shape_color": null, "fill_shape_width": null, "fill_shape_size": null, "fill_img_url": null, "marker_img_url": null}},{"type": "Feature", "id": "layer_data_map.fid--27e80436_1a098b908f8_-3a3c", "geometry": {"type": "Point", "coordinates": [106.93695462, 47.90313043]}, "geometry_name": "geom", "properties": {"guid": 4945, "id": 4945, "object_no": null, "object_name": null, "layer_type_id": 213, "valid_to": null, "address_no": null, "border_type": "solid", "border_width": null, "border_color": null, "border_opacity": null, "border_wellknown": "horizline", "fill_type": "color", "fill_color": "#c27ba0", "fill_opacity": 1, "fill_wellknown": "horizline", "fill_shape_color": null, "fill_shape_width": null, "fill_shape_size": null, "fill_img_url": null, "marker_img_url": null}},{"type": "Feature", "id": "layer_data_map.fid--27e80436_1a098b908f8_-3a3b", "geometry": {"type": "Point", "coordinates": [106.93950016, 47.91046265]}, "geometry_name": "geom", "properties": {"guid": 4946, "id": 4946, "object_no": null, "object_name": null, "layer_type_id": 213, "valid_to": null, "address_no": null, "border_type": "solid", "border_width": null, "border_color": null, "border_opacity": null, "border_wellknown": "horizline", "fill_type": "color", "fill_color": "#c27ba0", "fill_opacity": 1, "fill_wellknown": "horizline", "fill_shape_color": null, "fill_shape_width": null, "fill_shape_size": null, "fill_img_url": null, "marker_img_url": null}},{"type": "Feature", "id": "layer_data_map.fid--27e80436_1a098b908f8_-3a3a", "geometry": {"type": "Point", "coordinates": [106.95024737, 47.91652287]}, "geometry_name": "geom", "properties": {"guid": 4947, "id": 4947, "object_no": null, "object_name": null, "layer_type_id": 213, "valid_to": null, "address_no": null, "border_type": "solid", "border_width": null, "border_color": null, "border_opacity": null, "border_wellknown": "horizline", "fill_type": "color", "fill_color": "#c27ba0", "fill_opacity": 1, "fill_wellknown": "horizline", "fill_shape_color": null, "fill_shape_width": null, "fill_shape_size": null, "fill_img_url": null, "marker_img_url": null}},{"type": "Feature", "id": "layer_data_map.fid--27e80436_1a098b908f8_-3a39", "geometry": {"type": "Point", "coordinates": [107.10463307, 47.88146529]}, "geometry_name": "geom", "properties": {"guid": 4948, "id": 4948, "object_no": null, "object_name": null, "layer_type_id": 213, "valid_to": null, "address_no": null, "border_type": "solid", "border_width": null, "border_color": null, "border_opacity": null, "border_wellknown": "horizline", "fill_type": "color", "fill_color": "#c27ba0", "fill_opacity": 1, "fill_wellknown": "horizline", "fill_shape_color": null, "fill_shape_width": null, "fill_shape_size": null, "fill_img_url": null, "marker_img_url": null}},{"type": "Feature", "id": "layer_data_map.fid--27e80436_1a098b908f8_-3a38", "geometry": {"type": "Point", "coordinates": [106.97051256, 47.90868053]}, "geometry_name": "geom", "properties": {"guid": 4949, "id": 4949, "object_no": null, "object_name": null, "layer_type_id": 213, "valid_to": null, "address_no": null, "border_type": "solid", "border_width": null, "border_color": null, "border_opacity": null, "border_wellknown": "horizline", "fill_type": "color", "fill_color": "#c27ba0", "fill_opacity": 1, "fill_wellknown": "horizline", "fill_shape_color": null, "fill_shape_width": null, "fill_shape_size": null, "fill_img_url": null, "marker_img_url": null}},{"type": "Feature", "id": "layer_data_map.fid--27e80436_1a098b908f8_-3a37", "geometry": {"type": "Point", "coordinates": [107.01057733, 47.91622616]}, "geometry_name": "geom", "properties": {"guid": 4950, "id": 4950, "object_no": null, "object_name": null, "layer_type_id": 213, "valid_to": null, "address_no": null, "border_type": "solid", "border_width": null, "border_color": null, "border_opacity": null, "border_wellknown": "horizline", "fill_type": "color", "fill_color": "#c27ba0", "fill_opacity": 1, "fill_wellknown": "horizline", "fill_shape_color": null, "fill_shape_width": null, "fill_shape_size": null, "fill_img_url": null, "marker_img_url": null}},{"type": "Feature", "id": "layer_data_map.fid--27e80436_1a098b908f8_-3a36", "geometry": {"type": "Point", "coordinates": [106.97523397, 47.92346393]}, "geometry_name": "geom", "properties": {"guid": 4951, "id": 4951, "object_no": null, "object_name": null, "layer_type_id": 213, "valid_to": null, "address_no": null, "border_type": "solid", "border_width": null, "border_color": null, "border_opacity": null, "border_wellknown": "horizline", "fill_type": "color", "fill_color": "#c27ba0", "fill_opacity": 1, "fill_wellknown": "horizline", "fill_shape_color": null, "fill_shape_width": null, "fill_shape_size": null, "fill_img_url": null, "marker_img_url": null}},{"type": "Feature", "id": "layer_data_map.fid--27e80436_1a098b908f8_-3a35", "geometry": {"type": "Point", "coordinates": [106.95776627, 47.90961537]}, "geometry_name": "geom", "properties": {"guid": 4952, "id": 4952, "object_no": null, "object_name": null, "layer_type_id": 213, "valid_to": null, "address_no": null, "border_type": "solid", "border_width": null, "border_color": null, "border_opacity": null, "border_wellknown": "horizline", "fill_type": "color", "fill_color": "#c27ba0", "fill_opacity": 1, "fill_wellknown": "horizline", "fill_shape_color": null, "fill_shape_width": null, "fill_shape_size": null, "fill_img_url": null, "marker_img_url": null}},{"type": "Feature", "id": "layer_data_map.fid--27e80436_1a098b908f8_-3a34", "geometry": {"type": "Point", "coordinates": [106.97484911, 47.91311035]}, "geometry_name": "geom", "properties": {"guid": 4953, "id": 4953, "object_no": null, "object_name": null, "layer_type_id": 213, "valid_to": null, "address_no": null, "border_type": "solid", "border_width": null, "border_color": null, "border_opacity": null, "border_wellknown": "horizline", "fill_type": "color", "fill_color": "#c27ba0", "fill_opacity": 1, "fill_wellknown": "horizline", "fill_shape_color": null, "fill_shape_width": null, "fill_shape_size": null, "fill_img_url": null, "marker_img_url": null}},{"type": "Feature", "id": "layer_data_map.fid--27e80436_1a098b908f8_-3a33", "geometry": {"type": "Point", "coordinates": [106.93722064, 47.90915012]}, "geometry_name": "geom", "properties": {"guid": 4954, "id": 4954, "object_no": null, "object_name": null, "layer_type_id": 213, "valid_to": null, "address_no": null, "border_type": "solid", "border_width": null, "border_color": null, "border_opacity": null, "border_wellknown": "horizline", "fill_type": "color", "fill_color": "#c27ba0", "fill_opacity": 1, "fill_wellknown": "horizline", "fill_shape_color": null, "fill_shape_width": null, "fill_shape_size": null, "fill_img_url": null, "marker_img_url": null}},{"type": "Feature", "id": "layer_data_map.fid--27e80436_1a098b908f8_-3a32", "geometry": {"type": "Point", "coordinates": [106.95863696, 47.91802946]}, "geometry_name": "geom", "properties": {"guid": 4955, "id": 4955, "object_no": null, "object_name": null, "layer_type_id": 213, "valid_to": null, "address_no": null, "border_type": "solid", "border_width": null, "border_color": null, "border_opacity": null, "border_wellknown": "horizline", "fill_type": "color", "fill_color": "#c27ba0", "fill_opacity": 1, "fill_wellknown": "horizline", "fill_shape_color": null, "fill_shape_width": null, "fill_shape_size": null, "fill_img_url": null, "marker_img_url": null}},{"type": "Feature", "id": "layer_data_map.fid--27e80436_1a098b908f8_-3a31", "geometry": {"type": "Point", "coordinates": [106.94908952, 47.91576584]}, "geometry_name": "geom", "properties": {"guid": 4956, "id": 4956, "object_no": null, "object_name": null, "layer_type_id": 213, "valid_to": null, "address_no": null, "border_type": "solid", "border_width": null, "border_color": null, "border_opacity": null, "border_wellknown": "horizline", "fill_type": "color", "fill_color": "#c27ba0", "fill_opacity": 1, "fill_wellknown": "horizline", "fill_shape_color": null, "fill_shape_width": null, "fill_shape_size": null, "fill_img_url": null, "marker_img_url": null}},{"type": "Feature", "id": "layer_data_map.fid--27e80436_1a098b908f8_-3a30", "geometry": {"type": "Point", "coordinates": [106.93814332, 47.91706674]}, "geometry_name": "geom", "properties": {"guid": 4957, "id": 4957, "object_no": null, "object_name": null, "layer_type_id": 213, "valid_to": null, "address_no": null, "border_type": "solid", "border_width": null, "border_color": null, "border_opacity": null, "border_wellknown": "horizline", "fill_type": "color", "fill_color": "#c27ba0", "fill_opacity": 1, "fill_wellknown": "horizline", "fill_shape_color": null, "fill_shape_width": null, "fill_shape_size": null, "fill_img_url": null, "marker_img_url": null}},{"type": "Feature", "id": "layer_data_map.fid--27e80436_1a098b908f8_-3a2f", "geometry": {"type": "Point", "coordinates": [106.94965903, 47.91715086]}, "geometry_name": "geom", "properties": {"guid": 4958, "id": 4958, "object_no": null, "object_name": null, "layer_type_id": 213, "valid_to": null, "address_no": null, "border_type": "solid", "border_width": null, "border_color": null, "border_opacity": null, "border_wellknown": "horizline", "fill_type": "color", "fill_color": "#c27ba0", "fill_opacity": 1, "fill_wellknown": "horizline", "fill_shape_color": null, "fill_shape_width": null, "fill_shape_size": null, "fill_img_url": null, "marker_img_url": null}},{"type": "Feature", "id": "layer_data_map.fid--27e80436_1a098b908f8_-3a2e", "geometry": {"type": "Point", "coordinates": [107.1556779, 47.92809758]}, "geometry_name": "geom", "properties": {"guid": 4959, "id": 4959, "object_no": null, "object_name": null, "layer_type_id": 213, "valid_to": null, "address_no": null, "border_type": "solid", "border_width": null, "border_color": null, "border_opacity": null, "border_wellknown": "horizline", "fill_type": "color", "fill_color": "#c27ba0", "fill_opacity": 1, "fill_wellknown": "horizline", "fill_shape_color": null, "fill_shape_width": null, "fill_shape_size": null, "fill_img_url": null, "marker_img_url": null}},{"type": "Feature", "id": "layer_data_map.fid--27e80436_1a098b908f8_-3a2d", "geometry": {"type": "Point", "coordinates": [106.94441597, 47.92439554]}, "geometry_name": "geom", "properties": {"guid": 4960, "id": 4960, "object_no": null, "object_name": null, "layer_type_id": 213, "valid_to": null, "address_no": null, "border_type": "solid", "border_width": null, "border_color": null, "border_opacity": null, "border_wellknown": "horizline", "fill_type": "color", "fill_color": "#c27ba0", "fill_opacity": 1, "fill_wellknown": "horizline", "fill_shape_color": null, "fill_shape_width": null, "fill_shape_size": null, "fill_img_url": null, "marker_img_url": null}},{"type": "Feature", "id": "layer_data_map.fid--27e80436_1a098b908f8_-3a2c", "geometry": {"type": "Point", "coordinates": [106.94583342, 47.90359881]}, "geometry_name": "geom", "properties": {"guid": 4961, "id": 4961, "object_no": null, "object_name": null, "layer_type_id": 213, "valid_to": null, "address_no": null, "border_type": "solid", "border_width": null, "border_color": null, "border_opacity": null, "border_wellknown": "horizline", "fill_type": "color", "fill_color": "#c27ba0", "fill_opacity": 1, "fill_wellknown": "horizline", "fill_shape_color": null, "fill_shape_width": null, "fill_shape_size": null, "fill_img_url": null, "marker_img_url": null}},{"type": "Feature", "id": "layer_data_map.fid--27e80436_1a098b908f8_-3a2b", "geometry": {"type": "Point", "coordinates": [106.93093717, 47.90125312]}, "geometry_name": "geom", "properties": {"guid": 4962, "id": 4962, "object_no": null, "object_name": null, "layer_type_id": 213, "valid_to": null, "address_no": null, "border_type": "solid", "border_width": null, "border_color": null, "border_opacity": null, "border_wellknown": "horizline", "fill_type": "color", "fill_color": "#c27ba0", "fill_opacity": 1, "fill_wellknown": "horizline", "fill_shape_color": null, "fill_shape_width": null, "fill_shape_size": null, "fill_img_url": null, "marker_img_url": null}},{"type": "Feature", "id": "layer_data_map.fid--27e80436_1a098b908f8_-3a2a", "geometry": {"type": "Point", "coordinates": [106.94535567, 47.91150843]}, "geometry_name": "geom", "properties": {"guid": 4963, "id": 4963, "object_no": null, "object_name": null, "layer_type_id": 213, "valid_to": null, "address_no": null, "border_type": "solid", "border_width": null, "border_color": null, "border_opacity": null, "border_wellknown": "horizline", "fill_type": "color", "fill_color": "#c27ba0", "fill_opacity": 1, "fill_wellknown": "horizline", "fill_shape_color": null, "fill_shape_width": null, "fill_shape_size": null, "fill_img_url": null, "marker_img_url": null}},{"type": "Feature", "id": "layer_data_map.fid--27e80436_1a098b908f8_-3a29", "geometry": {"type": "Point", "coordinates": [106.96668761, 47.90910144]}, "geometry_name": "geom", "properties": {"guid": 4964, "id": 4964, "object_no": null, "object_name": null, "layer_type_id": 213, "valid_to": null, "address_no": null, "border_type": "solid", "border_width": null, "border_color": null, "border_opacity": null, "border_wellknown": "horizline", "fill_type": "color", "fill_color": "#c27ba0", "fill_opacity": 1, "fill_wellknown": "horizline", "fill_shape_color": null, "fill_shape_width": null, "fill_shape_size": null, "fill_img_url": null, "marker_img_url": null}},{"type": "Feature", "id": "layer_data_map.fid--27e80436_1a098b908f8_-3a28", "geometry": {"type": "Point", "coordinates": [106.95077567, 47.91147916]}, "geometry_name": "geom", "properties": {"guid": 4965, "id": 4965, "object_no": null, "object_name": null, "layer_type_id": 213, "valid_to": null, "address_no": null, "border_type": "solid", "border_width": null, "border_color": null, "border_opacity": null, "border_wellknown": "horizline", "fill_type": "color", "fill_color": "#c27ba0", "fill_opacity": 1, "fill_wellknown": "horizline", "fill_shape_color": null, "fill_shape_width": null, "fill_shape_size": null, "fill_img_url": null, "marker_img_url": null}},{"type": "Feature", "id": "layer_data_map.fid--27e80436_1a098b908f8_-3a27", "geometry": {"type": "Point", "coordinates": [106.99685849, 47.91743587]}, "geometry_name": "geom", "properties": {"guid": 4966, "id": 4966, "object_no": null, "object_name": null, "layer_type_id": 213, "valid_to": null, "address_no": null, "border_type": "solid", "border_width": null, "border_color": null, "border_opacity": null, "border_wellknown": "horizline", "fill_type": "color", "fill_color": "#c27ba0", "fill_opacity": 1, "fill_wellknown": "horizline", "fill_shape_color": null, "fill_shape_width": null, "fill_shape_size": null, "fill_img_url": null, "marker_img_url": null}},{"type": "Feature", "id": "layer_data_map.fid--27e80436_1a098b908f8_-3a26", "geometry": {"type": "Point", "coordinates": [106.93036004, 47.91899665]}, "geometry_name": "geom", "properties": {"guid": 4967, "id": 4967, "object_no": null, "object_name": null, "layer_type_id": 213, "valid_to": null, "address_no": null, "border_type": "solid", "border_width": null, "border_color": null, "border_opacity": null, "border_wellknown": "horizline", "fill_type": "color", "fill_color": "#c27ba0", "fill_opacity": 1, "fill_wellknown": "horizline", "fill_shape_color": null, "fill_shape_width": null, "fill_shape_size": null, "fill_img_url": null, "marker_img_url": null}},{"type": "Feature", "id": "layer_data_map.fid--27e80436_1a098b908f8_-3a25", "geometry": {"type": "Point", "coordinates": [106.96739624, 47.92466716]}, "geometry_name": "geom", "properties": {"guid": 4968, "id": 4968, "object_no": null, "object_name": null, "layer_type_id": 213, "valid_to": null, "address_no": null, "border_type": "solid", "border_width": null, "border_color": null, "border_opacity": null, "border_wellknown": "horizline", "fill_type": "color", "fill_color": "#c27ba0", "fill_opacity": 1, "fill_wellknown": "horizline", "fill_shape_color": null, "fill_shape_width": null, "fill_shape_size": null, "fill_img_url": null, "marker_img_url": null}},{"type": "Feature", "id": "layer_data_map.fid--27e80436_1a098b908f8_-3a24", "geometry": {"type": "Point", "coordinates": [106.93520157, 47.90634264]}, "geometry_name": "geom", "properties": {"guid": 4969, "id": 4969, "object_no": null, "object_name": null, "layer_type_id": 213, "valid_to": null, "address_no": null, "border_type": "solid", "border_width": null, "border_color": null, "border_opacity": null, "border_wellknown": "horizline", "fill_type": "color", "fill_color": "#c27ba0", "fill_opacity": 1, "fill_wellknown": "horizline", "fill_shape_color": null, "fill_shape_width": null, "fill_shape_size": null, "fill_img_url": null, "marker_img_url": null}},{"type": "Feature", "id": "layer_data_map.fid--27e80436_1a098b908f8_-3a23", "geometry": {"type": "Point", "coordinates": [106.93290201, 47.91627256]}, "geometry_name": "geom", "properties": {"guid": 4970, "id": 4970, "object_no": null, "object_name": null, "layer_type_id": 213, "valid_to": null, "address_no": null, "border_type": "solid", "border_width": null, "border_color": null, "border_opacity": null, "border_wellknown": "horizline", "fill_type": "color", "fill_color": "#c27ba0", "fill_opacity": 1, "fill_wellknown": "horizline", "fill_shape_color": null, "fill_shape_width": null, "fill_shape_size": null, "fill_img_url": null, "marker_img_url": null}},{"type": "Feature", "id": "layer_data_map.fid--27e80436_1a098b908f8_-3a22", "geometry": {"type": "Point", "coordinates": [106.93953901, 47.92831924]}, "geometry_name": "geom", "properties": {"guid": 4971, "id": 4971, "object_no": null, "object_name": null, "layer_type_id": 213, "valid_to": null, "address_no": null, "border_type": "solid", "border_width": null, "border_color": null, "border_opacity": null, "border_wellknown": "horizline", "fill_type": "color", "fill_color": "#c27ba0", "fill_opacity": 1, "fill_wellknown": "horizline", "fill_shape_color": null, "fill_shape_width": null, "fill_shape_size": null, "fill_img_url": null, "marker_img_url": null}},{"type": "Feature", "id": "layer_data_map.fid--27e80436_1a098b908f8_-3a21", "geometry": {"type": "Point", "coordinates": [106.94487509, 47.91797982]}, "geometry_name": "geom", "properties": {"guid": 4972, "id": 4972, "object_no": null, "object_name": null, "layer_type_id": 213, "valid_to": null, "address_no": null, "border_type": "solid", "border_width": null, "border_color": null, "border_opacity": null, "border_wellknown": "horizline", "fill_type": "color", "fill_color": "#c27ba0", "fill_opacity": 1, "fill_wellknown": "horizline", "fill_shape_color": null, "fill_shape_width": null, "fill_shape_size": null, "fill_img_url": null, "marker_img_url": null}},{"type": "Feature", "id": "layer_data_map.fid--27e80436_1a098b908f8_-3a20", "geometry": {"type": "Point", "coordinates": [106.93414101, 47.90952378]}, "geometry_name": "geom", "properties": {"guid": 4973, "id": 4973, "object_no": null, "object_name": null, "layer_type_id": 213, "valid_to": null, "address_no": null, "border_type": "solid", "border_width": null, "border_color": null, "border_opacity": null, "border_wellknown": "horizline", "fill_type": "color", "fill_color": "#c27ba0", "fill_opacity": 1, "fill_wellknown": "horizline", "fill_shape_color": null, "fill_shape_width": null, "fill_shape_size": null, "fill_img_url": null, "marker_img_url": null}},{"type": "Feature", "id": "layer_data_map.fid--27e80436_1a098b908f8_-3a1f", "geometry": {"type": "Point", "coordinates": [106.9652542, 47.92847752]}, "geometry_name": "geom", "properties": {"guid": 4974, "id": 4974, "object_no": null, "object_name": null, "layer_type_id": 213, "valid_to": null, "address_no": null, "border_type": "solid", "border_width": null, "border_color": null, "border_opacity": null, "border_wellknown": "horizline", "fill_type": "color", "fill_color": "#c27ba0", "fill_opacity": 1, "fill_wellknown": "horizline", "fill_shape_color": null, "fill_shape_width": null, "fill_shape_size": null, "fill_img_url": null, "marker_img_url": null}},{"type": "Feature", "id": "layer_data_map.fid--27e80436_1a098b908f8_-3a1e", "geometry": {"type": "Point", "coordinates": [106.95030393, 47.92136253]}, "geometry_name": "geom", "properties": {"guid": 4975, "id": 4975, "object_no": null, "object_name": null, "layer_type_id": 213, "valid_to": null, "address_no": null, "border_type": "solid", "border_width": null, "border_color": null, "border_opacity": null, "border_wellknown": "horizline", "fill_type": "color", "fill_color": "#c27ba0", "fill_opacity": 1, "fill_wellknown": "horizline", "fill_shape_color": null, "fill_shape_width": null, "fill_shape_size": null, "fill_img_url": null, "marker_img_url": null}},{"type": "Feature", "id": "layer_data_map.fid--27e80436_1a098b908f8_-3a1d", "geometry": {"type": "Point", "coordinates": [106.97234069, 47.90990723]}, "geometry_name": "geom", "properties": {"guid": 4976, "id": 4976, "object_no": null, "object_name": null, "layer_type_id": 213, "valid_to": null, "address_no": null, "border_type": "solid", "border_width": null, "border_color": null, "border_opacity": null, "border_wellknown": "horizline", "fill_type": "color", "fill_color": "#c27ba0", "fill_opacity": 1, "fill_wellknown": "horizline", "fill_shape_color": null, "fill_shape_width": null, "fill_shape_size": null, "fill_img_url": null, "marker_img_url": null}},{"type": "Feature", "id": "layer_data_map.fid--27e80436_1a098b908f8_-3a1c", "geometry": {"type": "Point", "coordinates": [106.95064655, 47.92187789]}, "geometry_name": "geom", "properties": {"guid": 4977, "id": 4977, "object_no": null, "object_name": null, "layer_type_id": 213, "valid_to": null, "address_no": null, "border_type": "solid", "border_width": null, "border_color": null, "border_opacity": null, "border_wellknown": "horizline", "fill_type": "color", "fill_color": "#c27ba0", "fill_opacity": 1, "fill_wellknown": "horizline", "fill_shape_color": null, "fill_shape_width": null, "fill_shape_size": null, "fill_img_url": null, "marker_img_url": null}},{"type": "Feature", "id": "layer_data_map.fid--27e80436_1a098b908f8_-3a1b", "geometry": {"type": "Point", "coordinates": [106.98795975, 47.92942478]}, "geometry_name": "geom", "properties": {"guid": 4978, "id": 4978, "object_no": null, "object_name": null, "layer_type_id": 213, "valid_to": null, "address_no": null, "border_type": "solid", "border_width": null, "border_color": null, "border_opacity": null, "border_wellknown": "horizline", "fill_type": "color", "fill_color": "#c27ba0", "fill_opacity": 1, "fill_wellknown": "horizline", "fill_shape_color": null, "fill_shape_width": null, "fill_shape_size": null, "fill_img_url": null, "marker_img_url": null}},{"type": "Feature", "id": "layer_data_map.fid--27e80436_1a098b908f8_-3a1a", "geometry": {"type": "Point", "coordinates": [106.9354758, 47.9112616]}, "geometry_name": "geom", "properties": {"guid": 4979, "id": 4979, "object_no": null, "object_name": null, "layer_type_id": 213, "valid_to": null, "address_no": null, "border_type": "solid", "border_width": null, "border_color": null, "border_opacity": null, "border_wellknown": "horizline", "fill_type": "color", "fill_color": "#c27ba0", "fill_opacity": 1, "fill_wellknown": "horizline", "fill_shape_color": null, "fill_shape_width": null, "fill_shape_size": null, "fill_img_url": null, "marker_img_url": null}},{"type": "Feature", "id": "layer_data_map.fid--27e80436_1a098b908f8_-3a19", "geometry": {"type": "Point", "coordinates": [106.93144554, 47.90149444]}, "geometry_name": "geom", "properties": {"guid": 4980, "id": 4980, "object_no": null, "object_name": null, "layer_type_id": 213, "valid_to": null, "address_no": null, "border_type": "solid", "border_width": null, "border_color": null, "border_opacity": null, "border_wellknown": "horizline", "fill_type": "color", "fill_color": "#c27ba0", "fill_opacity": 1, "fill_wellknown": "horizline", "fill_shape_color": null, "fill_shape_width": null, "fill_shape_size": null, "fill_img_url": null, "marker_img_url": null}},{"type": "Feature", "id": "layer_data_map.fid--27e80436_1a098b908f8_-3a18", "geometry": {"type": "Point", "coordinates": [106.92836495, 47.90536124]}, "geometry_name": "geom", "properties": {"guid": 4981, "id": 4981, "object_no": null, "object_name": null, "layer_type_id": 213, "valid_to": null, "address_no": null, "border_type": "solid", "border_width": null, "border_color": null, "border_opacity": null, "border_wellknown": "horizline", "fill_type": "color", "fill_color": "#c27ba0", "fill_opacity": 1, "fill_wellknown": "horizline", "fill_shape_color": null, "fill_shape_width": null, "fill_shape_size": null, "fill_img_url": null, "marker_img_url": null}},{"type": "Feature", "id": "layer_data_map.fid--27e80436_1a098b908f8_-3a17", "geometry": {"type": "Point", "coordinates": [106.96949445, 47.91035978]}, "geometry_name": "geom", "properties": {"guid": 4982, "id": 4982, "object_no": null, "object_name": null, "layer_type_id": 213, "valid_to": null, "address_no": null, "border_type": "solid", "border_width": null, "border_color": null, "border_opacity": null, "border_wellknown": "horizline", "fill_type": "color", "fill_color": "#c27ba0", "fill_opacity": 1, "fill_wellknown": "horizline", "fill_shape_color": null, "fill_shape_width": null, "fill_shape_size": null, "fill_img_url": null, "marker_img_url": null}},{"type": "Feature", "id": "layer_data_map.fid--27e80436_1a098b908f8_-3a16", "geometry": {"type": "Point", "coordinates": [106.99606142, 47.92286104]}, "geometry_name": "geom", "properties": {"guid": 4983, "id": 4983, "object_no": null, "object_name": null, "layer_type_id": 213, "valid_to": null, "address_no": null, "border_type": "solid", "border_width": null, "border_color": null, "border_opacity": null, "border_wellknown": "horizline", "fill_type": "color", "fill_color": "#c27ba0", "fill_opacity": 1, "fill_wellknown": "horizline", "fill_shape_color": null, "fill_shape_width": null, "fill_shape_size": null, "fill_img_url": null, "marker_img_url": null}},{"type": "Feature", "id": "layer_data_map.fid--27e80436_1a098b908f8_-3a15", "geometry": {"type": "Point", "coordinates": [106.97408945, 47.9083524]}, "geometry_name": "geom", "properties": {"guid": 4984, "id": 4984, "object_no": null, "object_name": null, "layer_type_id": 213, "valid_to": null, "address_no": null, "border_type": "solid", "border_width": null, "border_color": null, "border_opacity": null, "border_wellknown": "horizline", "fill_type": "color", "fill_color": "#c27ba0", "fill_opacity": 1, "fill_wellknown": "horizline", "fill_shape_color": null, "fill_shape_width": null, "fill_shape_size": null, "fill_img_url": null, "marker_img_url": null}},{"type": "Feature", "id": "layer_data_map.fid--27e80436_1a098b908f8_-3a14", "geometry": {"type": "Point", "coordinates": [106.93271381, 47.90403633]}, "geometry_name": "geom", "properties": {"guid": 4985, "id": 4985, "object_no": null, "object_name": null, "layer_type_id": 213, "valid_to": null, "address_no": null, "border_type": "solid", "border_width": null, "border_color": null, "border_opacity": null, "border_wellknown": "horizline", "fill_type": "color", "fill_color": "#c27ba0", "fill_opacity": 1, "fill_wellknown": "horizline", "fill_shape_color": null, "fill_shape_width": null, "fill_shape_size": null, "fill_img_url": null, "marker_img_url": null}},{"type": "Feature", "id": "layer_data_map.fid--27e80436_1a098b908f8_-3a13", "geometry": {"type": "Point", "coordinates": [106.94519917, 47.92039274]}, "geometry_name": "geom", "properties": {"guid": 4986, "id": 4986, "object_no": null, "object_name": null, "layer_type_id": 213, "valid_to": null, "address_no": null, "border_type": "solid", "border_width": null, "border_color": null, "border_opacity": null, "border_wellknown": "horizline", "fill_type": "color", "fill_color": "#c27ba0", "fill_opacity": 1, "fill_wellknown": "horizline", "fill_shape_color": null, "fill_shape_width": null, "fill_shape_size": null, "fill_img_url": null, "marker_img_url": null}},{"type": "Feature", "id": "layer_data_map.fid--27e80436_1a098b908f8_-3a12", "geometry": {"type": "Point", "coordinates": [106.94189368, 47.90609385]}, "geometry_name": "geom", "properties": {"guid": 4987, "id": 4987, "object_no": null, "object_name": null, "layer_type_id": 213, "valid_to": null, "address_no": null, "border_type": "solid", "border_width": null, "border_color": null, "border_opacity": null, "border_wellknown": "horizline", "fill_type": "color", "fill_color": "#c27ba0", "fill_opacity": 1, "fill_wellknown": "horizline", "fill_shape_color": null, "fill_shape_width": null, "fill_shape_size": null, "fill_img_url": null, "marker_img_url": null}},{"type": "Feature", "id": "layer_data_map.fid--27e80436_1a098b908f8_-3a11", "geometry": {"type": "Point", "coordinates": [106.97516419, 47.91624156]}, "geometry_name": "geom", "properties": {"guid": 4988, "id": 4988, "object_no": null, "object_name": null, "layer_type_id": 213, "valid_to": null, "address_no": null, "border_type": "solid", "border_width": null, "border_color": null, "border_opacity": null, "border_wellknown": "horizline", "fill_type": "color", "fill_color": "#c27ba0", "fill_opacity": 1, "fill_wellknown": "horizline", "fill_shape_color": null, "fill_shape_width": null, "fill_shape_size": null, "fill_img_url": null, "marker_img_url": null}}]}