{"type":"FeatureCollection","features":[{"type": "Feature", "id": "layer_data_map.fid--27e80436_1a098c1eed1_-509d", "geometry": {"type": "Polygon", "coordinates": [[[106.90469674, 47.93092464], [106.90414423, 47.9308592], [106.9038318, 47.93097576], [106.90365436, 47.93113531], [106.90328359, 47.93139184], [106.90289284, 47.9316622], [106.90255374, 47.93174992], [106.90241033, 47.93164257], [106.90193223, 47.93175505], [106.90140776, 47.93184357], [106.90060398, 47.93204333], [106.90002705, 47.93232538], [106.89948979, 47.93274832], [106.89891081, 47.93304558], [106.89853966, 47.93320395], [106.89830735, 47.93305227], [106.89835092, 47.93295695], [106.89803006, 47.93278649], [106.89775175, 47.93309704], [106.89727559, 47.93368898], [106.89701902, 47.93410077], [106.89694922, 47.93440468], [106.89583165, 47.93396227], [106.89531818, 47.93477607], [106.89464854, 47.93390151], [106.89353181, 47.93248249], [106.89334419, 47.93219514], [106.89329906, 47.93192925], [106.89336442, 47.93170774], [106.89345962, 47.93125597], [106.89354961, 47.92965477], [106.8935415, 47.92943279], [106.89379418, 47.92892215], [106.89407139, 47.92848192], [106.89411438, 47.92843693], [106.89433522, 47.92837329], [106.89503229, 47.92726348], [106.89579452, 47.92726232], [106.89586007, 47.9266874], [106.89624175, 47.92656682], [106.8965925, 47.92637534], [106.89682373, 47.92611202], [106.89717342, 47.92589198], [106.90353292, 47.92776517], [106.90457821, 47.92804947], [106.9045481, 47.92834067], [106.90464344, 47.92938121], [106.90469146, 47.93091069], [106.90469674, 47.93092464]]]}, "geometry_name": "geom", "properties": {"guid": 32568, "id": 32568, "object_no": null, "object_name": null, "layer_type_id": 143, "valid_to": null, "address_no": null, "border_type": "solid", "border_width": null, "border_color": "#741b47", "border_opacity": 0.5, "border_wellknown": "shape://horizline", "fill_type": "wellknown", "fill_color": "#d5a6bd", "fill_opacity": 1, "fill_wellknown": "shape://backslash", "fill_shape_color": "#d5a6bd", "fill_shape_width": null, "fill_shape_size": 10, "fill_img_url": null, "marker_img_url": null}},{"type": "Feature", "id": "layer_data_map.fid--27e80436_1a098c1eed1_-509c", "geometry": {"type": "Polygon", "coordinates": [[[106.89219177, 47.93272848], [106.89168481, 47.93320523], [106.89141047, 47.93347799], [106.89094202, 47.93396119], [106.89075322, 47.93392273], [106.89091057, 47.93322965], [106.88969205, 47.93294023], [106.88845469, 47.93252314], [106.88733373, 47.93245882], [106.88710169, 47.93246835], [106.88676846, 47.93327945], [106.88654903, 47.93372896], [106.88606534, 47.93369619], [106.88573655, 47.93374373], [106.88567038, 47.93373625], [106.8856877, 47.93356956], [106.8859023, 47.93284328], [106.88598984, 47.93251258], [106.88623184, 47.93155719], [106.88641136, 47.93135046], [106.88648764, 47.93111333], [106.88691637, 47.93121341], [106.88734986, 47.93131278], [106.88784774, 47.93142852], [106.88791473, 47.93140335], [106.88816095, 47.93099098], [106.88872299, 47.93038553], [106.88909135, 47.93003163], [106.88926197, 47.92991569], [106.89084328, 47.92884119], [106.89151197, 47.92835466], [106.8932064, 47.9271152], [106.89314296, 47.92706597], [106.89258519, 47.92677731], [106.89254978, 47.92671287], [106.89262117, 47.92627345], [106.89265493, 47.92604939], [106.8924491, 47.92577172], [106.89298227, 47.92516163], [106.89323512, 47.92485], [106.89344283, 47.92469214], [106.89569301, 47.92526434], [106.89600016, 47.92563233], [106.89682788, 47.92610871], [106.8965833, 47.92638102], [106.89622784, 47.92657177], [106.89586468, 47.92668577], [106.89579468, 47.92726579], [106.89503418, 47.927263], [106.8947864, 47.92771991], [106.89451283, 47.92815273], [106.89433378, 47.92837177], [106.89411966, 47.92843906], [106.89407341, 47.92847892], [106.89379696, 47.92891473], [106.89354291, 47.9294318], [106.89354919, 47.92965081], [106.89350501, 47.93009916], [106.89348445, 47.93055289], [106.89348851, 47.93086438], [106.89345094, 47.93125153], [106.8934468, 47.93126239], [106.89340898, 47.93136177], [106.89313665, 47.93162278], [106.89275203, 47.93199429], [106.89251602, 47.93229459], [106.89219177, 47.93272848]]]}, "geometry_name": "geom", "properties": {"guid": 32569, "id": 32569, "object_no": null, "object_name": null, "layer_type_id": 143, "valid_to": null, "address_no": null, "border_type": "solid", "border_width": null, "border_color": "#741b47", "border_opacity": 0.5, "border_wellknown": "shape://horizline", "fill_type": "wellknown", "fill_color": "#d5a6bd", "fill_opacity": 1, "fill_wellknown": "shape://backslash", "fill_shape_color": "#d5a6bd", "fill_shape_width": null, "fill_shape_size": 10, "fill_img_url": null, "marker_img_url": null}},{"type": "Feature", "id": "layer_data_map.fid--27e80436_1a098c1eed1_-509b", "geometry": {"type": "Polygon", "coordinates": [[[106.89842153, 47.92354201], [106.89685543, 47.92464774], [106.89606526, 47.9252056], [106.89437269, 47.92471774], [106.89243625, 47.92412712], [106.8919292, 47.92390564], [106.89064718, 47.92325098], [106.89040972, 47.92307401], [106.89048439, 47.92231246], [106.89120529, 47.91495899], [106.89459977, 47.91519559], [106.89478769, 47.91575618], [106.89480074, 47.91576821], [106.89556226, 47.91647009], [106.89831276, 47.91861977], [106.89844171, 47.91879447], [106.89890845, 47.9196299], [106.89975654, 47.92095597], [106.90022184, 47.92137158], [106.90003622, 47.92157159], [106.89842153, 47.92354201]], [[106.89325071, 47.92213457], [106.89339856, 47.92343453], [106.89634055, 47.92339792], [106.89629938, 47.92185312], [106.89619921, 47.92056496], [106.89479205, 47.92062541], [106.894098, 47.92068242], [106.89315964, 47.9207595], [106.89318835, 47.92171267], [106.89311339, 47.92171951], [106.89311768, 47.92174493], [106.89315264, 47.92174234], [106.89316587, 47.92180171], [106.893215, 47.92179939], [106.89325071, 47.92213457]]]}, "geometry_name": "geom", "properties": {"guid": 32570, "id": 32570, "object_no": null, "object_name": null, "layer_type_id": 143, "valid_to": null, "address_no": null, "border_type": "solid", "border_width": null, "border_color": "#741b47", "border_opacity": 0.5, "border_wellknown": "shape://horizline", "fill_type": "wellknown", "fill_color": "#d5a6bd", "fill_opacity": 1, "fill_wellknown": "shape://backslash", "fill_shape_color": "#d5a6bd", "fill_shape_width": null, "fill_shape_size": 10, "fill_img_url": null, "marker_img_url": null}},{"type": "Feature", "id": "layer_data_map.fid--27e80436_1a098c1eed1_-509a", "geometry": {"type": "Polygon", "coordinates": [[[106.92957894, 47.93737376], [106.92858007, 47.94034081], [106.92388741, 47.9400877], [106.92388274, 47.940072], [106.92393018, 47.93976624], [106.92378666, 47.93976028], [106.92384224, 47.93953689], [106.92425316, 47.93947483], [106.92450714, 47.93790838], [106.92422781, 47.93782015], [106.92427265, 47.93741819], [106.92434733, 47.93731923], [106.9243216, 47.9370974], [106.9240349, 47.93712519], [106.92387799, 47.93686581], [106.92364663, 47.9368072], [106.92429451, 47.93657544], [106.9257124, 47.93606821], [106.92628026, 47.93574279], [106.92698952, 47.93637761], [106.9270482, 47.93734353], [106.92957894, 47.93737376]]]}, "geometry_name": "geom", "properties": {"guid": 32571, "id": 32571, "object_no": null, "object_name": null, "layer_type_id": 143, "valid_to": null, "address_no": null, "border_type": "solid", "border_width": null, "border_color": "#741b47", "border_opacity": 0.5, "border_wellknown": "shape://horizline", "fill_type": "wellknown", "fill_color": "#d5a6bd", "fill_opacity": 1, "fill_wellknown": "shape://backslash", "fill_shape_color": "#d5a6bd", "fill_shape_width": null, "fill_shape_size": 10, "fill_img_url": null, "marker_img_url": null}},{"type": "Feature", "id": "layer_data_map.fid--27e80436_1a098c1eed1_-5099", "geometry": {"type": "Polygon", "coordinates": [[[106.8963589, 47.96235192], [106.89636244, 47.96222694], [106.89752813, 47.96057181], [106.89799903, 47.95985427], [106.89858679, 47.95933409], [106.89916071, 47.95881818], [106.89957044, 47.9584658], [106.90169098, 47.95685179], [106.9032674, 47.95564929], [106.90389643, 47.95514969], [106.90399931, 47.95514539], [106.90434718, 47.95529972], [106.90454686, 47.95535973], [106.90431034, 47.95613109], [106.90428149, 47.95645369], [106.90438479, 47.95662917], [106.9043095, 47.95691883], [106.90404601, 47.95736269], [106.90384436, 47.95766349], [106.90294423, 47.95883085], [106.90192684, 47.95907482], [106.90069344, 47.9596502], [106.90018931, 47.96034427], [106.90003583, 47.9611153], [106.89982799, 47.96143852], [106.89908445, 47.96176375], [106.89840324, 47.96189406], [106.89779211, 47.96213117], [106.89700305, 47.96265994], [106.8963589, 47.96235192]]]}, "geometry_name": "geom", "properties": {"guid": 32572, "id": 32572, "object_no": null, "object_name": null, "layer_type_id": 143, "valid_to": null, "address_no": null, "border_type": "solid", "border_width": null, "border_color": "#741b47", "border_opacity": 0.5, "border_wellknown": "shape://horizline", "fill_type": "wellknown", "fill_color": "#d5a6bd", "fill_opacity": 1, "fill_wellknown": "shape://backslash", "fill_shape_color": "#d5a6bd", "fill_shape_width": null, "fill_shape_size": 10, "fill_img_url": null, "marker_img_url": null}},{"type": "Feature", "id": "layer_data_map.fid--27e80436_1a098c1eed1_-5098", "geometry": {"type": "Polygon", "coordinates": [[[106.88534327, 47.93457832], [106.88542416, 47.93451777], [106.88575437, 47.93432519], [106.88612626, 47.93402615], [106.88627009, 47.93391049], [106.88654958, 47.9337287], [106.88677666, 47.93325681], [106.88709863, 47.93246375], [106.88732171, 47.93245841], [106.88847075, 47.93252791], [106.88870229, 47.93260564], [106.88969237, 47.9329406], [106.89091143, 47.93323004], [106.89079864, 47.93368456], [106.89074174, 47.93391305], [106.89080059, 47.93405191], [106.8908067, 47.93421948], [106.89059359, 47.93480413], [106.8903372, 47.93552796], [106.89013684, 47.93582205], [106.89002998, 47.93592324], [106.88994418, 47.93592466], [106.8897323, 47.93576793], [106.88920508, 47.9356553], [106.88790447, 47.93560834], [106.88586101, 47.93562739], [106.88534327, 47.93457832]]]}, "geometry_name": "geom", "properties": {"guid": 32573, "id": 32573, "object_no": null, "object_name": null, "layer_type_id": 143, "valid_to": null, "address_no": null, "border_type": "solid", "border_width": null, "border_color": "#741b47", "border_opacity": 0.5, "border_wellknown": "shape://horizline", "fill_type": "wellknown", "fill_color": "#d5a6bd", "fill_opacity": 1, "fill_wellknown": "shape://backslash", "fill_shape_color": "#d5a6bd", "fill_shape_width": null, "fill_shape_size": 10, "fill_img_url": null, "marker_img_url": null}},{"type": "Feature", "id": "layer_data_map.fid--27e80436_1a098c1eed1_-5097", "geometry": {"type": "Polygon", "coordinates": [[[106.84764937, 47.9623318], [106.84774538, 47.96199968], [106.84795845, 47.96102656], [106.84807668, 47.9605818], [106.84929485, 47.96073628], [106.85017029, 47.96083359], [106.85028951, 47.96053248], [106.85050901, 47.96048559], [106.85156313, 47.96063053], [106.85200372, 47.96046425], [106.85295259, 47.96030542], [106.85439781, 47.96124545], [106.85498629, 47.96209905], [106.85397024, 47.96242187], [106.85290914, 47.96261797], [106.85244097, 47.96273859], [106.85224134, 47.96293789], [106.85200977, 47.96303752], [106.85162738, 47.96287882], [106.85081756, 47.96274369], [106.85023093, 47.96262558], [106.84764937, 47.9623318]]]}, "geometry_name": "geom", "properties": {"guid": 32574, "id": 32574, "object_no": null, "object_name": null, "layer_type_id": 143, "valid_to": null, "address_no": null, "border_type": "solid", "border_width": null, "border_color": "#741b47", "border_opacity": 0.5, "border_wellknown": "shape://horizline", "fill_type": "wellknown", "fill_color": "#d5a6bd", "fill_opacity": 1, "fill_wellknown": "shape://backslash", "fill_shape_color": "#d5a6bd", "fill_shape_width": null, "fill_shape_size": 10, "fill_img_url": null, "marker_img_url": null}},{"type": "Feature", "id": "layer_data_map.fid--27e80436_1a098c1eed1_-5096", "geometry": {"type": "Polygon", "coordinates": [[[106.8151946, 47.93635573], [106.81521585, 47.9359585], [106.81544189, 47.93516702], [106.81550692, 47.93480827], [106.81566306, 47.93436476], [106.8159845, 47.93395337], [106.81645451, 47.93291776], [106.81693065, 47.93193474], [106.81692461, 47.92982571], [106.8169075, 47.9297149], [106.81692944, 47.92969017], [106.81708158, 47.92968777], [106.81715489, 47.92974709], [106.81838516, 47.93151136], [106.81855157, 47.93190801], [106.81871761, 47.93200207], [106.82074457, 47.93494633], [106.81991959, 47.93647478], [106.81990445, 47.93647027], [106.8195749, 47.93639532], [106.8188551, 47.93640673], [106.8151946, 47.93635573]]]}, "geometry_name": "geom", "properties": {"guid": 32575, "id": 32575, "object_no": null, "object_name": null, "layer_type_id": 143, "valid_to": null, "address_no": null, "border_type": "solid", "border_width": null, "border_color": "#741b47", "border_opacity": 0.5, "border_wellknown": "shape://horizline", "fill_type": "wellknown", "fill_color": "#d5a6bd", "fill_opacity": 1, "fill_wellknown": "shape://backslash", "fill_shape_color": "#d5a6bd", "fill_shape_width": null, "fill_shape_size": 10, "fill_img_url": null, "marker_img_url": null}},{"type": "Feature", "id": "layer_data_map.fid--27e80436_1a098c1eed1_-5095", "geometry": {"type": "Polygon", "coordinates": [[[106.99435756, 47.91686323], [106.99434158, 47.91704412], [106.99529942, 47.91757187], [106.99532513, 47.92084507], [106.99507784, 47.9214946], [106.9952684, 47.92225624], [106.99586423, 47.9232005], [106.99624793, 47.92387135], [106.99625339, 47.92406012], [106.99391628, 47.92405343], [106.9905786, 47.9241285], [106.98936216, 47.92416481], [106.98786792, 47.92414855], [106.98636014, 47.92358689], [106.98552103, 47.92314644], [106.98548378, 47.92307641], [106.98547684, 47.92303526], [106.98561611, 47.92173045], [106.98597422, 47.91860627], [106.98492434, 47.9185218], [106.99008014, 47.91835791], [106.99038907, 47.91771328], [106.99131444, 47.91720967], [106.9917521, 47.9171304], [106.99217306, 47.91706985], [106.99234444, 47.91705486], [106.99290357, 47.9170255], [106.99318468, 47.91688583], [106.9938209, 47.91680201], [106.99435696, 47.91686306], [106.99435756, 47.91686323]]]}, "geometry_name": "geom", "properties": {"guid": 32576, "id": 32576, "object_no": null, "object_name": null, "layer_type_id": 143, "valid_to": null, "address_no": null, "border_type": "solid", "border_width": null, "border_color": "#741b47", "border_opacity": 0.5, "border_wellknown": "shape://horizline", "fill_type": "wellknown", "fill_color": "#d5a6bd", "fill_opacity": 1, "fill_wellknown": "shape://backslash", "fill_shape_color": "#d5a6bd", "fill_shape_width": null, "fill_shape_size": 10, "fill_img_url": null, "marker_img_url": null}},{"type": "Feature", "id": "layer_data_map.fid--27e80436_1a098c1eed1_-5094", "geometry": {"type": "Polygon", "coordinates": [[[106.9527125, 47.91772058], [106.95020376, 47.91796241], [106.95041211, 47.91736466], [106.95036705, 47.91714606], [106.95074362, 47.91710055], [106.95072834, 47.91700053], [106.95058152, 47.91700616], [106.95051398, 47.91669756], [106.950236, 47.91671981], [106.95020922, 47.91660901], [106.94936919, 47.91669955], [106.94919001, 47.91612607], [106.94813558, 47.91624003], [106.94809651, 47.91604829], [106.94727695, 47.91612258], [106.94705695, 47.91531357], [106.94780611, 47.91530522], [106.94818514, 47.91540584], [106.94858426, 47.91538463], [106.94923561, 47.9151924], [106.95037786, 47.91500555], [106.95226438, 47.91487232], [106.95491827, 47.91453753], [106.9550154, 47.91490848], [106.9552653, 47.91488309], [106.95530873, 47.91505296], [106.95517123, 47.91507438], [106.95519719, 47.91520211], [106.95530267, 47.91523917], [106.95538074, 47.91561002], [106.95535579, 47.91562618], [106.95537521, 47.91573063], [106.95544251, 47.91582546], [106.95429128, 47.91599313], [106.95244964, 47.9163146], [106.9527125, 47.91772058]]]}, "geometry_name": "geom", "properties": {"guid": 32577, "id": 32577, "object_no": null, "object_name": null, "layer_type_id": 143, "valid_to": null, "address_no": null, "border_type": "solid", "border_width": null, "border_color": "#741b47", "border_opacity": 0.5, "border_wellknown": "shape://horizline", "fill_type": "wellknown", "fill_color": "#d5a6bd", "fill_opacity": 1, "fill_wellknown": "shape://backslash", "fill_shape_color": "#d5a6bd", "fill_shape_width": null, "fill_shape_size": 10, "fill_img_url": null, "marker_img_url": null}},{"type": "Feature", "id": "layer_data_map.fid--27e80436_1a098c1eed1_-5093", "geometry": {"type": "Polygon", "coordinates": [[[106.96695004, 47.91214098], [106.96695237, 47.91181058], [106.96715463, 47.9117008], [106.96711261, 47.91129813], [106.96718657, 47.91119541], [106.96720394, 47.91056659], [106.96716627, 47.91053638], [106.96721618, 47.90994198], [106.96803473, 47.9101298], [106.96859745, 47.91032621], [106.96907053, 47.91049133], [106.9698285, 47.91047697], [106.97020608, 47.91074075], [106.97020126, 47.91084491], [106.97141257, 47.91091508], [106.97202023, 47.91090814], [106.97216824, 47.91211721], [106.9679823, 47.91217259], [106.96695004, 47.91214098]]]}, "geometry_name": "geom", "properties": {"guid": 32578, "id": 32578, "object_no": null, "object_name": null, "layer_type_id": 143, "valid_to": null, "address_no": null, "border_type": "solid", "border_width": null, "border_color": "#741b47", "border_opacity": 0.5, "border_wellknown": "shape://horizline", "fill_type": "wellknown", "fill_color": "#d5a6bd", "fill_opacity": 1, "fill_wellknown": "shape://backslash", "fill_shape_color": "#d5a6bd", "fill_shape_width": null, "fill_shape_size": 10, "fill_img_url": null, "marker_img_url": null}},{"type": "Feature", "id": "layer_data_map.fid--27e80436_1a098c1eed1_-5092", "geometry": {"type": "Polygon", "coordinates": [[[106.95491827, 47.91453753], [106.95226438, 47.91487232], [106.95037786, 47.91500555], [106.94923561, 47.9151924], [106.94858426, 47.91538463], [106.94837291, 47.91530469], [106.94846802, 47.91526849], [106.94881021, 47.91505843], [106.9491414, 47.91478271], [106.94924491, 47.9126988], [106.95053823, 47.91277232], [106.95327259, 47.91266844], [106.95540395, 47.91271518], [106.95541392, 47.91284849], [106.95518714, 47.9129333], [106.95522317, 47.91325045], [106.95509857, 47.91333442], [106.95512201, 47.91361563], [106.95528521, 47.9137037], [106.95530505, 47.91403857], [106.95545486, 47.91412291], [106.95557981, 47.9144528], [106.95491827, 47.91453753]]]}, "geometry_name": "geom", "properties": {"guid": 32579, "id": 32579, "object_no": null, "object_name": null, "layer_type_id": 143, "valid_to": null, "address_no": null, "border_type": "solid", "border_width": null, "border_color": "#741b47", "border_opacity": 0.5, "border_wellknown": "shape://horizline", "fill_type": "wellknown", "fill_color": "#d5a6bd", "fill_opacity": 1, "fill_wellknown": "shape://backslash", "fill_shape_color": "#d5a6bd", "fill_shape_width": null, "fill_shape_size": 10, "fill_img_url": null, "marker_img_url": null}},{"type": "Feature", "id": "layer_data_map.fid--27e80436_1a098c1eed1_-5091", "geometry": {"type": "Polygon", "coordinates": [[[106.94924491, 47.9126988], [106.94669922, 47.91255701], [106.94667965, 47.91224574], [106.9466643, 47.9121203], [106.94660733, 47.91190968], [106.94664495, 47.91137559], [106.94674818, 47.91127428], [106.946797, 47.91116003], [106.94692893, 47.91110356], [106.94753642, 47.91112464], [106.94753478, 47.91121992], [106.95048862, 47.91119019], [106.95049273, 47.91109307], [106.95511437, 47.91089272], [106.95515532, 47.91133753], [106.95527251, 47.91174802], [106.9551071, 47.91193108], [106.95520284, 47.91252263], [106.95538549, 47.91271478], [106.95327259, 47.91266844], [106.95053823, 47.91277232], [106.94924491, 47.9126988]]]}, "geometry_name": "geom", "properties": {"guid": 32580, "id": 32580, "object_no": null, "object_name": null, "layer_type_id": 143, "valid_to": null, "address_no": null, "border_type": "solid", "border_width": null, "border_color": "#741b47", "border_opacity": 0.5, "border_wellknown": "shape://horizline", "fill_type": "wellknown", "fill_color": "#d5a6bd", "fill_opacity": 1, "fill_wellknown": "shape://backslash", "fill_shape_color": "#d5a6bd", "fill_shape_width": null, "fill_shape_size": 10, "fill_img_url": null, "marker_img_url": null}},{"type": "Feature", "id": "layer_data_map.fid--27e80436_1a098c1eed1_-5090", "geometry": {"type": "Polygon", "coordinates": [[[106.95540395, 47.91271518], [106.96178182, 47.91242916], [106.96200015, 47.91252923], [106.96206846, 47.91284269], [106.96225793, 47.91283298], [106.96232164, 47.91318392], [106.96216272, 47.91329052], [106.96216561, 47.91356147], [106.96224432, 47.91356966], [106.96229141, 47.91406853], [106.96227671, 47.91415364], [106.96233192, 47.91447754], [106.96037853, 47.91447081], [106.96000232, 47.91431143], [106.95852885, 47.91439332], [106.95646561, 47.91469679], [106.95641647, 47.91445829], [106.95557981, 47.9144528], [106.95545486, 47.91412291], [106.95530505, 47.91403857], [106.95528521, 47.9137037], [106.95512201, 47.91361563], [106.95509857, 47.91333442], [106.95522317, 47.91325045], [106.95518714, 47.9129333], [106.95541392, 47.91284849], [106.95540395, 47.91271518]]]}, "geometry_name": "geom", "properties": {"guid": 32581, "id": 32581, "object_no": null, "object_name": null, "layer_type_id": 143, "valid_to": null, "address_no": null, "border_type": "solid", "border_width": null, "border_color": "#741b47", "border_opacity": 0.5, "border_wellknown": "shape://horizline", "fill_type": "wellknown", "fill_color": "#d5a6bd", "fill_opacity": 1, "fill_wellknown": "shape://backslash", "fill_shape_color": "#d5a6bd", "fill_shape_width": null, "fill_shape_size": 10, "fill_img_url": null, "marker_img_url": null}},{"type": "Feature", "id": "layer_data_map.fid--27e80436_1a098c1eed1_-508f", "geometry": {"type": "Polygon", "coordinates": [[[106.96233192, 47.91447754], [106.96232975, 47.91454777], [106.96239047, 47.9147263], [106.96239439, 47.91476405], [106.96235851, 47.9147635], [106.96232861, 47.91515041], [106.96228448, 47.91534606], [106.96222639, 47.91539499], [106.96224213, 47.91561771], [106.96195422, 47.91559212], [106.9619366, 47.91570629], [106.96200712, 47.91570319], [106.96202525, 47.91569416], [106.96212918, 47.91569706], [106.96211512, 47.91588135], [106.96233157, 47.91588863], [106.96243043, 47.91685843], [106.96014998, 47.91701985], [106.96012413, 47.91604082], [106.95971589, 47.91582208], [106.95952474, 47.91562949], [106.95899187, 47.91552659], [106.95858632, 47.91548723], [106.95759743, 47.91564063], [106.95751806, 47.91575744], [106.95739635, 47.91581578], [106.95712279, 47.91588456], [106.95679294, 47.91579935], [106.9562842, 47.91577343], [106.9558586, 47.91573314], [106.95559641, 47.91576428], [106.95544251, 47.91582546], [106.95537521, 47.91573063], [106.95535579, 47.91562618], [106.95538074, 47.91561002], [106.95530267, 47.91523917], [106.95519719, 47.91520211], [106.95517123, 47.91507438], [106.95530873, 47.91505296], [106.9552653, 47.91488309], [106.9550154, 47.91490848], [106.95491827, 47.91453753], [106.95557981, 47.9144528], [106.95641647, 47.91445829], [106.95646561, 47.91469679], [106.95852885, 47.91439332], [106.96000232, 47.91431143], [106.96037853, 47.91447081], [106.96233192, 47.91447754]]]}, "geometry_name": "geom", "properties": {"guid": 32582, "id": 32582, "object_no": null, "object_name": null, "layer_type_id": 143, "valid_to": null, "address_no": null, "border_type": "solid", "border_width": null, "border_color": "#741b47", "border_opacity": 0.5, "border_wellknown": "shape://horizline", "fill_type": "wellknown", "fill_color": "#d5a6bd", "fill_opacity": 1, "fill_wellknown": "shape://backslash", "fill_shape_color": "#d5a6bd", "fill_shape_width": null, "fill_shape_size": 10, "fill_img_url": null, "marker_img_url": null}},{"type": "Feature", "id": "layer_data_map.fid--27e80436_1a098c1eed1_-508e", "geometry": {"type": "Polygon", "coordinates": [[[106.96178182, 47.91242916], [106.96695004, 47.91214098], [106.9668748, 47.91223589], [106.96689879, 47.91247941], [106.96702459, 47.91252248], [106.96705519, 47.91282553], [106.96712672, 47.9128771], [106.96696449, 47.91378106], [106.96682855, 47.91390503], [106.96683993, 47.91414193], [106.96695558, 47.91422791], [106.96725924, 47.9143462], [106.96736079, 47.91482208], [106.96712107, 47.91502339], [106.96729105, 47.91524636], [106.96722559, 47.91651885], [106.96243043, 47.91685843], [106.96233157, 47.91588863], [106.96211512, 47.91588135], [106.96212918, 47.91569706], [106.96202525, 47.91569416], [106.96200712, 47.91570319], [106.9619366, 47.91570629], [106.96195422, 47.91559212], [106.96224213, 47.91561771], [106.96222639, 47.91539499], [106.96228448, 47.91534606], [106.96232861, 47.91515041], [106.96235851, 47.9147635], [106.96239439, 47.91476405], [106.96239047, 47.9147263], [106.96232975, 47.91454777], [106.96233192, 47.91447754], [106.96227671, 47.91415364], [106.96229141, 47.91406853], [106.96224432, 47.91356966], [106.96216561, 47.91356147], [106.96216272, 47.91329052], [106.96232164, 47.91318392], [106.96225793, 47.91283298], [106.96206846, 47.91284269], [106.96200015, 47.91252923], [106.96178182, 47.91242916]]]}, "geometry_name": "geom", "properties": {"guid": 32583, "id": 32583, "object_no": null, "object_name": null, "layer_type_id": 143, "valid_to": null, "address_no": null, "border_type": "solid", "border_width": null, "border_color": "#741b47", "border_opacity": 0.5, "border_wellknown": "shape://horizline", "fill_type": "wellknown", "fill_color": "#d5a6bd", "fill_opacity": 1, "fill_wellknown": "shape://backslash", "fill_shape_color": "#d5a6bd", "fill_shape_width": null, "fill_shape_size": 10, "fill_img_url": null, "marker_img_url": null}},{"type": "Feature", "id": "layer_data_map.fid--27e80436_1a098c1eed1_-508d", "geometry": {"type": "Polygon", "coordinates": [[[106.91707292, 47.92890267], [106.91708448, 47.92921542], [106.9168033, 47.9309626], [106.91504477, 47.93082345], [106.91380463, 47.93067302], [106.91413161, 47.9286619], [106.91413063, 47.92865928], [106.91527401, 47.9287493], [106.91707292, 47.92890267]]]}, "geometry_name": "geom", "properties": {"guid": 32584, "id": 32584, "object_no": null, "object_name": null, "layer_type_id": 143, "valid_to": null, "address_no": null, "border_type": "solid", "border_width": null, "border_color": "#741b47", "border_opacity": 0.5, "border_wellknown": "shape://horizline", "fill_type": "wellknown", "fill_color": "#d5a6bd", "fill_opacity": 1, "fill_wellknown": "shape://backslash", "fill_shape_color": "#d5a6bd", "fill_shape_width": null, "fill_shape_size": 10, "fill_img_url": null, "marker_img_url": null}},{"type": "Feature", "id": "layer_data_map.fid--27e80436_1a098c1eed1_-508c", "geometry": {"type": "Polygon", "coordinates": [[[106.93029107, 47.97780418], [106.93047021, 47.97690692], [106.93054853, 47.97654629], [106.93084096, 47.97589608], [106.93112892, 47.97558485], [106.93163437, 47.97575902], [106.93252889, 47.97640076], [106.93334717, 47.97654507], [106.93439477, 47.97705956], [106.93564766, 47.97804362], [106.93859576, 47.97885866], [106.93777966, 47.98028932], [106.93765823, 47.98032711], [106.93428114, 47.97895161], [106.93029107, 47.97780418]]]}, "geometry_name": "geom", "properties": {"guid": 32585, "id": 32585, "object_no": null, "object_name": null, "layer_type_id": 143, "valid_to": null, "address_no": null, "border_type": "solid", "border_width": null, "border_color": "#741b47", "border_opacity": 0.5, "border_wellknown": "shape://horizline", "fill_type": "wellknown", "fill_color": "#d5a6bd", "fill_opacity": 1, "fill_wellknown": "shape://backslash", "fill_shape_color": "#d5a6bd", "fill_shape_width": null, "fill_shape_size": 10, "fill_img_url": null, "marker_img_url": null}},{"type": "Feature", "id": "layer_data_map.fid--27e80436_1a098c1eed1_-508b", "geometry": {"type": "Polygon", "coordinates": [[[106.77665448, 47.91078485], [106.77617643, 47.9103652], [106.77564163, 47.90972514], [106.77567707, 47.90931699], [106.77537896, 47.90906534], [106.77494084, 47.90890456], [106.7751232, 47.90849395], [106.77548979, 47.90854403], [106.77758123, 47.90895351], [106.78921297, 47.90981159], [106.78869509, 47.91040593], [106.78501845, 47.9104359], [106.78428582, 47.91080928], [106.78394868, 47.91116536], [106.78267579, 47.91251559], [106.78249062, 47.91262521], [106.78227054, 47.91298124], [106.78187518, 47.91348984], [106.78169709, 47.91365524], [106.78125069, 47.91417991], [106.78003861, 47.91365917], [106.77738852, 47.91235209], [106.77665448, 47.91078485]]]}, "geometry_name": "geom", "properties": {"guid": 32586, "id": 32586, "object_no": null, "object_name": null, "layer_type_id": 143, "valid_to": null, "address_no": null, "border_type": "solid", "border_width": null, "border_color": "#741b47", "border_opacity": 0.5, "border_wellknown": "shape://horizline", "fill_type": "wellknown", "fill_color": "#d5a6bd", "fill_opacity": 1, "fill_wellknown": "shape://backslash", "fill_shape_color": "#d5a6bd", "fill_shape_width": null, "fill_shape_size": 10, "fill_img_url": null, "marker_img_url": null}},{"type": "Feature", "id": "layer_data_map.fid--27e80436_1a098c1eed1_-508a", "geometry": {"type": "Polygon", "coordinates": [[[106.87159514, 47.92984279], [106.87152739, 47.92994552], [106.87112428, 47.93040892], [106.87081994, 47.93064646], [106.87066398, 47.93070248], [106.8704451, 47.93083283], [106.87014182, 47.93088386], [106.8694234, 47.93055245], [106.86942274, 47.93042751], [106.86870671, 47.93020649], [106.86876002, 47.9299543], [106.86828301, 47.92993299], [106.86791576, 47.92990785], [106.86746461, 47.92986051], [106.86736477, 47.92973388], [106.86750631, 47.92929458], [106.86743398, 47.92882269], [106.86661552, 47.92883977], [106.86639872, 47.92884122], [106.86654661, 47.92915305], [106.86521996, 47.92919067], [106.86478939, 47.92919099], [106.8644602, 47.92839229], [106.8648466, 47.92752925], [106.86579129, 47.92766651], [106.86618679, 47.92469154], [106.87403651, 47.92496868], [106.87391435, 47.92548591], [106.87383758, 47.92553655], [106.87367939, 47.92579935], [106.87343247, 47.92586311], [106.87328901, 47.92591221], [106.87316841, 47.92605153], [106.87302819, 47.92635395], [106.87295438, 47.92676607], [106.87282566, 47.92748477], [106.8726348, 47.92746086], [106.8723156, 47.92800167], [106.87209749, 47.92879494], [106.87201416, 47.92896876], [106.87159514, 47.92984279]]]}, "geometry_name": "geom", "properties": {"guid": 32587, "id": 32587, "object_no": null, "object_name": null, "layer_type_id": 143, "valid_to": null, "address_no": null, "border_type": "solid", "border_width": null, "border_color": "#741b47", "border_opacity": 0.5, "border_wellknown": "shape://horizline", "fill_type": "wellknown", "fill_color": "#d5a6bd", "fill_opacity": 1, "fill_wellknown": "shape://backslash", "fill_shape_color": "#d5a6bd", "fill_shape_width": null, "fill_shape_size": 10, "fill_img_url": null, "marker_img_url": null}},{"type": "Feature", "id": "layer_data_map.fid--27e80436_1a098c1eed1_-5089", "geometry": {"type": "Polygon", "coordinates": [[[106.93341861, 47.98223718], [106.93247323, 47.98235394], [106.93246723, 47.98232302], [106.93236537, 47.98167111], [106.93206741, 47.98052472], [106.93175564, 47.97959729], [106.93170492, 47.97927588], [106.93154109, 47.97847743], [106.93160928, 47.97825766], [106.9319204, 47.97834649], [106.93382052, 47.97886509], [106.93409093, 47.97901952], [106.9351257, 47.98196064], [106.93422182, 47.98210252], [106.93341861, 47.98223718]]]}, "geometry_name": "geom", "properties": {"guid": 32588, "id": 32588, "object_no": null, "object_name": null, "layer_type_id": 143, "valid_to": null, "address_no": null, "border_type": "solid", "border_width": null, "border_color": "#741b47", "border_opacity": 0.5, "border_wellknown": "shape://horizline", "fill_type": "wellknown", "fill_color": "#d5a6bd", "fill_opacity": 1, "fill_wellknown": "shape://backslash", "fill_shape_color": "#d5a6bd", "fill_shape_width": null, "fill_shape_size": 10, "fill_img_url": null, "marker_img_url": null}},{"type": "Feature", "id": "layer_data_map.fid--27e80436_1a098c1eed1_-5088", "geometry": {"type": "Polygon", "coordinates": [[[108.37834594, 47.78914242], [108.3775353, 47.78893215], [108.37738423, 47.7891022], [108.37353579, 47.78911426], [108.37189339, 47.78947233], [108.37184748, 47.78954313], [108.37115421, 47.78969896], [108.36729762, 47.79021032], [108.36610963, 47.79029613], [108.36598171, 47.78831484], [108.37332841, 47.78809891], [108.37313606, 47.78441076], [108.37817558, 47.78397894], [108.37834447, 47.78893164], [108.37834594, 47.78914242]]]}, "geometry_name": "geom", "properties": {"guid": 32589, "id": 32589, "object_no": null, "object_name": null, "layer_type_id": 143, "valid_to": null, "address_no": null, "border_type": "solid", "border_width": null, "border_color": "#741b47", "border_opacity": 0.5, "border_wellknown": "shape://horizline", "fill_type": "wellknown", "fill_color": "#d5a6bd", "fill_opacity": 1, "fill_wellknown": "shape://backslash", "fill_shape_color": "#d5a6bd", "fill_shape_width": null, "fill_shape_size": 10, "fill_img_url": null, "marker_img_url": null}},{"type": "Feature", "id": "layer_data_map.fid--27e80436_1a098c1eed1_-5087", "geometry": {"type": "Polygon", "coordinates": [[[106.85340984, 47.95515273], [106.85342567, 47.95580591], [106.85340217, 47.95580352], [106.85322295, 47.95580758], [106.85164817, 47.95576016], [106.85119309, 47.9552714], [106.85081765, 47.95490358], [106.85033745, 47.95455098], [106.85272353, 47.95368219], [106.85321525, 47.95418335], [106.8533459, 47.95447473], [106.85340984, 47.95515273]]]}, "geometry_name": "geom", "properties": {"guid": 32590, "id": 32590, "object_no": null, "object_name": null, "layer_type_id": 143, "valid_to": null, "address_no": null, "border_type": "solid", "border_width": null, "border_color": "#741b47", "border_opacity": 0.5, "border_wellknown": "shape://horizline", "fill_type": "wellknown", "fill_color": "#d5a6bd", "fill_opacity": 1, "fill_wellknown": "shape://backslash", "fill_shape_color": "#d5a6bd", "fill_shape_width": null, "fill_shape_size": 10, "fill_img_url": null, "marker_img_url": null}},{"type": "Feature", "id": "layer_data_map.fid--27e80436_1a098c1eed1_-5086", "geometry": {"type": "Polygon", "coordinates": [[[106.82206654, 47.93865402], [106.82489445, 47.9397571], [106.82665788, 47.94025792], [106.82666141, 47.94026018], [106.82601995, 47.94171618], [106.82186403, 47.94173181], [106.82001278, 47.94072957], [106.81745031, 47.94059135], [106.81692862, 47.94027623], [106.81523582, 47.94045146], [106.81590385, 47.94015503], [106.81723209, 47.93964779], [106.81780804, 47.93919122], [106.81830756, 47.93890043], [106.81929926, 47.9381327], [106.82023374, 47.93856252], [106.82070932, 47.93858488], [106.82136715, 47.93838294], [106.82206654, 47.93865402]]]}, "geometry_name": "geom", "properties": {"guid": 32591, "id": 32591, "object_no": null, "object_name": null, "layer_type_id": 143, "valid_to": null, "address_no": null, "border_type": "solid", "border_width": null, "border_color": "#741b47", "border_opacity": 0.5, "border_wellknown": "shape://horizline", "fill_type": "wellknown", "fill_color": "#d5a6bd", "fill_opacity": 1, "fill_wellknown": "shape://backslash", "fill_shape_color": "#d5a6bd", "fill_shape_width": null, "fill_shape_size": 10, "fill_img_url": null, "marker_img_url": null}},{"type": "Feature", "id": "layer_data_map.fid--27e80436_1a098c1eed1_-5085", "geometry": {"type": "Polygon", "coordinates": [[[106.96178182, 47.91242916], [106.95540395, 47.91271518], [106.95538549, 47.91271478], [106.95520284, 47.91252263], [106.9551071, 47.91193108], [106.95527251, 47.91174802], [106.95515532, 47.91133753], [106.95511437, 47.91089272], [106.95801518, 47.91087612], [106.95899043, 47.9106771], [106.95948331, 47.91066666], [106.95945817, 47.91050461], [106.95953045, 47.91050037], [106.95953142, 47.91034457], [106.9600529, 47.91033864], [106.9600291, 47.91003049], [106.96018944, 47.91000036], [106.96020371, 47.90974832], [106.96027727, 47.90965428], [106.96107941, 47.90964678], [106.96172264, 47.90830114], [106.96194068, 47.90900361], [106.96208526, 47.90910529], [106.96203598, 47.90973535], [106.96201999, 47.9103239], [106.96205428, 47.91040513], [106.96199832, 47.91065532], [106.96204112, 47.91076294], [106.96203054, 47.91095164], [106.96208987, 47.91110572], [106.96195559, 47.91171521], [106.96198057, 47.91201502], [106.96200826, 47.91201487], [106.96201921, 47.91224803], [106.96178182, 47.91242916]]]}, "geometry_name": "geom", "properties": {"guid": 32592, "id": 32592, "object_no": null, "object_name": null, "layer_type_id": 143, "valid_to": null, "address_no": null, "border_type": "solid", "border_width": null, "border_color": "#741b47", "border_opacity": 0.5, "border_wellknown": "shape://horizline", "fill_type": "wellknown", "fill_color": "#d5a6bd", "fill_opacity": 1, "fill_wellknown": "shape://backslash", "fill_shape_color": "#d5a6bd", "fill_shape_width": null, "fill_shape_size": 10, "fill_img_url": null, "marker_img_url": null}},{"type": "Feature", "id": "layer_data_map.fid--27e80436_1a098c1eed1_-5084", "geometry": {"type": "Polygon", "coordinates": [[[106.96721618, 47.90994198], [106.96716627, 47.91053638], [106.96720394, 47.91056659], [106.96718657, 47.91119541], [106.96711261, 47.91129813], [106.96715463, 47.9117008], [106.96695237, 47.91181058], [106.96695004, 47.91214098], [106.96178182, 47.91242916], [106.96201921, 47.91224803], [106.96200826, 47.91201487], [106.96198057, 47.91201502], [106.96195559, 47.91171521], [106.96208987, 47.91110572], [106.96203054, 47.91095164], [106.96204112, 47.91076294], [106.96199832, 47.91065532], [106.96205428, 47.91040513], [106.96201999, 47.9103239], [106.96203598, 47.90973535], [106.96208526, 47.90910529], [106.96194068, 47.90900361], [106.96172264, 47.90830114], [106.96211484, 47.90835934], [106.96356847, 47.90873464], [106.96372961, 47.90882893], [106.96396266, 47.90885427], [106.96395586, 47.90888658], [106.96425328, 47.90893348], [106.96424517, 47.90898579], [106.96452126, 47.90904896], [106.9645032, 47.90917517], [106.96593157, 47.90951139], [106.96597825, 47.90953922], [106.96632333, 47.9096362], [106.96663165, 47.90977428], [106.96663447, 47.90985438], [106.96721618, 47.90994198]]]}, "geometry_name": "geom", "properties": {"guid": 32593, "id": 32593, "object_no": null, "object_name": null, "layer_type_id": 143, "valid_to": null, "address_no": null, "border_type": "solid", "border_width": null, "border_color": "#741b47", "border_opacity": 0.5, "border_wellknown": "shape://horizline", "fill_type": "wellknown", "fill_color": "#d5a6bd", "fill_opacity": 1, "fill_wellknown": "shape://backslash", "fill_shape_color": "#d5a6bd", "fill_shape_width": null, "fill_shape_size": 10, "fill_img_url": null, "marker_img_url": null}},{"type": "Feature", "id": "layer_data_map.fid--27e80436_1a098c1eed1_-5083", "geometry": {"type": "Polygon", "coordinates": [[[106.99435756, 47.91686323], [106.99435696, 47.91686306], [106.9938209, 47.91680201], [106.99318468, 47.91688583], [106.99290357, 47.9170255], [106.99234444, 47.91705486], [106.99217306, 47.91706985], [106.9917521, 47.9171304], [106.99131444, 47.91720967], [106.99038907, 47.91771328], [106.99008014, 47.91835791], [106.98492434, 47.9185218], [106.98484964, 47.91815111], [106.98491493, 47.91676564], [106.98506764, 47.91611414], [106.98513929, 47.91552393], [106.98511765, 47.91495833], [106.98533666, 47.91410576], [106.98432212, 47.91360531], [106.98418207, 47.91335685], [106.9843483, 47.91297422], [106.98474539, 47.91259952], [106.98561321, 47.91250597], [106.99466218, 47.91294937], [106.99456938, 47.91446608], [106.99435756, 47.91686323]]]}, "geometry_name": "geom", "properties": {"guid": 32594, "id": 32594, "object_no": null, "object_name": null, "layer_type_id": 143, "valid_to": null, "address_no": null, "border_type": "solid", "border_width": null, "border_color": "#741b47", "border_opacity": 0.5, "border_wellknown": "shape://horizline", "fill_type": "wellknown", "fill_color": "#d5a6bd", "fill_opacity": 1, "fill_wellknown": "shape://backslash", "fill_shape_color": "#d5a6bd", "fill_shape_width": null, "fill_shape_size": 10, "fill_img_url": null, "marker_img_url": null}},{"type": "Feature", "id": "layer_data_map.fid--27e80436_1a098c1eed1_-5082", "geometry": {"type": "Polygon", "coordinates": [[[106.81708158, 47.92968777], [106.81718281, 47.92968616], [106.81728354, 47.92971141], [106.81759684, 47.92993615], [106.81790379, 47.9298503], [106.81819813, 47.92957925], [106.81913558, 47.92938823], [106.82056334, 47.92929539], [106.82172943, 47.92927689], [106.8217822, 47.92931894], [106.82179495, 47.92966889], [106.82177484, 47.92972803], [106.82185597, 47.93007594], [106.82228233, 47.93006917], [106.82230752, 47.93028816], [106.82233858, 47.93028746], [106.82233915, 47.93048064], [106.82254833, 47.93048882], [106.82256641, 47.93069175], [106.82255008, 47.93096075], [106.82256838, 47.93099789], [106.82275155, 47.93099498], [106.82285323, 47.93104486], [106.82291243, 47.93126541], [106.82304783, 47.93136169], [106.82313983, 47.93180698], [106.82318449, 47.93181244], [106.82312606, 47.93213133], [106.82364592, 47.93285131], [106.82378, 47.93321618], [106.82399731, 47.93327595], [106.82415697, 47.93364911], [106.82442943, 47.93397699], [106.82463945, 47.93406762], [106.82671361, 47.93549302], [106.82691509, 47.93548633], [106.82847466, 47.93660499], [106.82772901, 47.93783672], [106.82666141, 47.94026018], [106.82665788, 47.94025792], [106.82489445, 47.9397571], [106.82206654, 47.93865402], [106.82320846, 47.93809613], [106.82231753, 47.93707419], [106.82353987, 47.93657009], [106.82197849, 47.93445224], [106.82097517, 47.93477438], [106.82074457, 47.93494633], [106.81871761, 47.93200207], [106.81855157, 47.93190801], [106.81838516, 47.93151136], [106.81715489, 47.92974709], [106.81708158, 47.92968777]]]}, "geometry_name": "geom", "properties": {"guid": 32595, "id": 32595, "object_no": null, "object_name": null, "layer_type_id": 143, "valid_to": null, "address_no": null, "border_type": "solid", "border_width": null, "border_color": "#741b47", "border_opacity": 0.5, "border_wellknown": "shape://horizline", "fill_type": "wellknown", "fill_color": "#d5a6bd", "fill_opacity": 1, "fill_wellknown": "shape://backslash", "fill_shape_color": "#d5a6bd", "fill_shape_width": null, "fill_shape_size": 10, "fill_img_url": null, "marker_img_url": null}},{"type": "Feature", "id": "layer_data_map.fid--27e80436_1a098c1eed1_-5081", "geometry": {"type": "Polygon", "coordinates": [[[106.81645451, 47.93291776], [106.8159845, 47.93395337], [106.81566306, 47.93436476], [106.81550692, 47.93480827], [106.81544189, 47.93516702], [106.81521585, 47.9359585], [106.8151946, 47.93635573], [106.81489705, 47.93754778], [106.81485396, 47.93845039], [106.81486351, 47.93872954], [106.81500077, 47.93935054], [106.81518589, 47.94010998], [106.81523582, 47.94045146], [106.81464634, 47.9404166], [106.81343133, 47.94037311], [106.81226729, 47.94009702], [106.81157216, 47.93954452], [106.81114211, 47.9389684], [106.81091689, 47.93822113], [106.81125437, 47.93632594], [106.81146576, 47.93295425], [106.81278872, 47.93297663], [106.81289008, 47.93272459], [106.81356618, 47.93276145], [106.81358422, 47.93327713], [106.8146267, 47.93330619], [106.81485019, 47.93279038], [106.81567419, 47.93278973], [106.81645451, 47.93291776]]]}, "geometry_name": "geom", "properties": {"guid": 32596, "id": 32596, "object_no": null, "object_name": null, "layer_type_id": 143, "valid_to": null, "address_no": null, "border_type": "solid", "border_width": null, "border_color": "#741b47", "border_opacity": 0.5, "border_wellknown": "shape://horizline", "fill_type": "wellknown", "fill_color": "#d5a6bd", "fill_opacity": 1, "fill_wellknown": "shape://backslash", "fill_shape_color": "#d5a6bd", "fill_shape_width": null, "fill_shape_size": 10, "fill_img_url": null, "marker_img_url": null}},{"type": "Feature", "id": "layer_data_map.fid--27e80436_1a098c1eed1_-5080", "geometry": {"type": "Polygon", "coordinates": [[[106.81991959, 47.93647478], [106.81909952, 47.93799409], [106.81929926, 47.9381327], [106.81830756, 47.93890043], [106.81780804, 47.93919122], [106.81723209, 47.93964779], [106.81590385, 47.94015503], [106.81523582, 47.94045146], [106.81518589, 47.94010998], [106.81500077, 47.93935054], [106.81486351, 47.93872954], [106.81485396, 47.93845039], [106.81489705, 47.93754778], [106.8151946, 47.93635573], [106.8188551, 47.93640673], [106.8195749, 47.93639532], [106.81990445, 47.93647027], [106.81991959, 47.93647478]]]}, "geometry_name": "geom", "properties": {"guid": 32597, "id": 32597, "object_no": null, "object_name": null, "layer_type_id": 143, "valid_to": null, "address_no": null, "border_type": "solid", "border_width": null, "border_color": "#741b47", "border_opacity": 0.5, "border_wellknown": "shape://horizline", "fill_type": "wellknown", "fill_color": "#d5a6bd", "fill_opacity": 1, "fill_wellknown": "shape://backslash", "fill_shape_color": "#d5a6bd", "fill_shape_width": null, "fill_shape_size": 10, "fill_img_url": null, "marker_img_url": null}},{"type": "Feature", "id": "layer_data_map.fid--27e80436_1a098c1eed1_-507f", "geometry": {"type": "Polygon", "coordinates": [[[106.81645451, 47.93291776], [106.81567419, 47.93278973], [106.81485019, 47.93279038], [106.8146267, 47.93330619], [106.81358422, 47.93327713], [106.81356618, 47.93276145], [106.81289008, 47.93272459], [106.81278872, 47.93297663], [106.81146576, 47.93295425], [106.81144181, 47.93226863], [106.81151425, 47.93142401], [106.81140321, 47.93012576], [106.81172176, 47.93012074], [106.81187058, 47.93006779], [106.81273873, 47.9301647], [106.81301211, 47.93027294], [106.81396611, 47.93025787], [106.81427625, 47.93032003], [106.81449985, 47.93034283], [106.81453267, 47.93038614], [106.81528257, 47.93037428], [106.81546808, 47.93028496], [106.81650226, 47.93018055], [106.81663415, 47.93002297], [106.8169075, 47.9297149], [106.81692461, 47.92982571], [106.81693065, 47.93193474], [106.81645451, 47.93291776]]]}, "geometry_name": "geom", "properties": {"guid": 32598, "id": 32598, "object_no": null, "object_name": null, "layer_type_id": 143, "valid_to": null, "address_no": null, "border_type": "solid", "border_width": null, "border_color": "#741b47", "border_opacity": 0.5, "border_wellknown": "shape://horizline", "fill_type": "wellknown", "fill_color": "#d5a6bd", "fill_opacity": 1, "fill_wellknown": "shape://backslash", "fill_shape_color": "#d5a6bd", "fill_shape_width": null, "fill_shape_size": 10, "fill_img_url": null, "marker_img_url": null}},{"type": "Feature", "id": "layer_data_map.fid--27e80436_1a098c1eed1_-507e", "geometry": {"type": "Polygon", "coordinates": [[[106.90912872, 47.93756203], [106.90918326, 47.93754134], [106.90969294, 47.93731433], [106.91083593, 47.93699867], [106.91270966, 47.93697174], [106.91267301, 47.93753301], [106.91257696, 47.9375377], [106.91255401, 47.93773516], [106.91273092, 47.93783795], [106.91259757, 47.93795412], [106.91266392, 47.93812675], [106.91235886, 47.93833021], [106.91257821, 47.93896217], [106.91246197, 47.93929489], [106.91265249, 47.9393165], [106.91260394, 47.93970751], [106.91148053, 47.93962907], [106.91062243, 47.93927139], [106.90993387, 47.93873018], [106.90952762, 47.93820206], [106.90912872, 47.93756203]]]}, "geometry_name": "geom", "properties": {"guid": 32599, "id": 32599, "object_no": null, "object_name": null, "layer_type_id": 143, "valid_to": null, "address_no": null, "border_type": "solid", "border_width": null, "border_color": "#741b47", "border_opacity": 0.5, "border_wellknown": "shape://horizline", "fill_type": "wellknown", "fill_color": "#d5a6bd", "fill_opacity": 1, "fill_wellknown": "shape://backslash", "fill_shape_color": "#d5a6bd", "fill_shape_width": null, "fill_shape_size": 10, "fill_img_url": null, "marker_img_url": null}},{"type": "Feature", "id": "layer_data_map.fid--27e80436_1a098c1eed1_-507d", "geometry": {"type": "Polygon", "coordinates": [[[106.91269635, 47.93698145], [106.91083628, 47.93700819], [106.90969329, 47.93732385], [106.90918361, 47.93755086], [106.90912908, 47.93757154], [106.90903953, 47.93742786], [106.9085463, 47.93669213], [106.90804721, 47.93589381], [106.90851353, 47.93587879], [106.91057423, 47.93497859], [106.91142704, 47.93485652], [106.91301401, 47.93484041], [106.91302223, 47.93495696], [106.91312456, 47.93496437], [106.91311275, 47.93516467], [106.91308028, 47.93537124], [106.91286741, 47.93539351], [106.91283558, 47.93585407], [106.91288976, 47.93593578], [106.91281488, 47.93683205], [106.9128782, 47.93683342], [106.91287612, 47.93693374], [106.91270966, 47.93697174], [106.91269635, 47.93698145]]]}, "geometry_name": "geom", "properties": {"guid": 32600, "id": 32600, "object_no": null, "object_name": null, "layer_type_id": 143, "valid_to": null, "address_no": null, "border_type": "solid", "border_width": null, "border_color": "#741b47", "border_opacity": 0.5, "border_wellknown": "shape://horizline", "fill_type": "wellknown", "fill_color": "#d5a6bd", "fill_opacity": 1, "fill_wellknown": "shape://backslash", "fill_shape_color": "#d5a6bd", "fill_shape_width": null, "fill_shape_size": 10, "fill_img_url": null, "marker_img_url": null}},{"type": "Feature", "id": "layer_data_map.fid--27e80436_1a098c1eed1_-507c", "geometry": {"type": "Polygon", "coordinates": [[[106.91301401, 47.93484041], [106.91142704, 47.93485652], [106.91057423, 47.93497859], [106.90851353, 47.93587879], [106.90804721, 47.93589381], [106.9079891, 47.93580085], [106.9068163, 47.93445446], [106.90687215, 47.9344417], [106.90763648, 47.93426668], [106.90791288, 47.934202], [106.90896241, 47.93391923], [106.90993043, 47.93365795], [106.91050812, 47.93350202], [106.91099435, 47.93338242], [106.91098639, 47.93316658], [106.91141725, 47.93305789], [106.91146407, 47.93322905], [106.91174107, 47.93315623], [106.91181601, 47.93306367], [106.91301109, 47.93301452], [106.91343034, 47.93297492], [106.91355424, 47.93308579], [106.91357031, 47.93331147], [106.91346394, 47.93339181], [106.91342437, 47.93381379], [106.91314988, 47.9339476], [106.91316272, 47.93416534], [106.9131213, 47.93416249], [106.91309929, 47.9343521], [106.91294075, 47.9344441], [106.91301401, 47.93484041]]]}, "geometry_name": "geom", "properties": {"guid": 32601, "id": 32601, "object_no": null, "object_name": null, "layer_type_id": 143, "valid_to": null, "address_no": null, "border_type": "solid", "border_width": null, "border_color": "#741b47", "border_opacity": 0.5, "border_wellknown": "shape://horizline", "fill_type": "wellknown", "fill_color": "#d5a6bd", "fill_opacity": 1, "fill_wellknown": "shape://backslash", "fill_shape_color": "#d5a6bd", "fill_shape_width": null, "fill_shape_size": 10, "fill_img_url": null, "marker_img_url": null}},{"type": "Feature", "id": "layer_data_map.fid--27e80436_1a098c1eed1_-507b", "geometry": {"type": "Polygon", "coordinates": [[[106.91343034, 47.93297492], [106.91301109, 47.93301452], [106.91181601, 47.93306367], [106.91174107, 47.93315623], [106.91146407, 47.93322905], [106.91141725, 47.93305789], [106.91098639, 47.93316658], [106.90857255, 47.9308319], [106.90888993, 47.93089157], [106.90930318, 47.93071291], [106.90952105, 47.93066802], [106.90981048, 47.93048115], [106.90999164, 47.93014171], [106.91013836, 47.93017643], [106.91027188, 47.9300044], [106.91040894, 47.92995555], [106.91054926, 47.92964803], [106.91072386, 47.92958732], [106.91096559, 47.92913521], [106.91112544, 47.92842765], [106.91112492, 47.92842258], [106.91413063, 47.92865928], [106.91413161, 47.9286619], [106.91343034, 47.93297492]]]}, "geometry_name": "geom", "properties": {"guid": 32602, "id": 32602, "object_no": null, "object_name": null, "layer_type_id": 143, "valid_to": null, "address_no": null, "border_type": "solid", "border_width": null, "border_color": "#741b47", "border_opacity": 0.5, "border_wellknown": "shape://horizline", "fill_type": "wellknown", "fill_color": "#d5a6bd", "fill_opacity": 1, "fill_wellknown": "shape://backslash", "fill_shape_color": "#d5a6bd", "fill_shape_width": null, "fill_shape_size": 10, "fill_img_url": null, "marker_img_url": null}},{"type": "Feature", "id": "layer_data_map.fid--27e80436_1a098c1eed1_-507a", "geometry": {"type": "Polygon", "coordinates": [[[106.9168033, 47.9309626], [106.91658221, 47.9330865], [106.91343034, 47.93297492], [106.91380463, 47.93067302], [106.91504477, 47.93082345], [106.9168033, 47.9309626]]]}, "geometry_name": "geom", "properties": {"guid": 32603, "id": 32603, "object_no": null, "object_name": null, "layer_type_id": 143, "valid_to": null, "address_no": null, "border_type": "solid", "border_width": null, "border_color": "#741b47", "border_opacity": 0.5, "border_wellknown": "shape://horizline", "fill_type": "wellknown", "fill_color": "#d5a6bd", "fill_opacity": 1, "fill_wellknown": "shape://backslash", "fill_shape_color": "#d5a6bd", "fill_shape_width": null, "fill_shape_size": 10, "fill_img_url": null, "marker_img_url": null}},{"type": "Feature", "id": "layer_data_map.fid--27e80436_1a098c1eed1_-5079", "geometry": {"type": "Polygon", "coordinates": [[[106.91658221, 47.9330865], [106.91659711, 47.93327378], [106.91637066, 47.93344594], [106.91623542, 47.93428016], [106.91618461, 47.93444515], [106.91597365, 47.9351301], [106.91512315, 47.93506749], [106.91510812, 47.93515261], [106.91476614, 47.9351371], [106.91477092, 47.93503986], [106.91361308, 47.93495058], [106.91312461, 47.93496435], [106.91312456, 47.93496437], [106.91302223, 47.93495696], [106.91301401, 47.93484041], [106.91294075, 47.9344441], [106.91309929, 47.9343521], [106.9131213, 47.93416249], [106.91316272, 47.93416534], [106.91314988, 47.9339476], [106.91342437, 47.93381379], [106.91346394, 47.93339181], [106.91357031, 47.93331147], [106.91355424, 47.93308579], [106.91343034, 47.93297492], [106.91658221, 47.9330865]]]}, "geometry_name": "geom", "properties": {"guid": 32604, "id": 32604, "object_no": null, "object_name": null, "layer_type_id": 143, "valid_to": null, "address_no": null, "border_type": "solid", "border_width": null, "border_color": "#741b47", "border_opacity": 0.5, "border_wellknown": "shape://horizline", "fill_type": "wellknown", "fill_color": "#d5a6bd", "fill_opacity": 1, "fill_wellknown": "shape://backslash", "fill_shape_color": "#d5a6bd", "fill_shape_width": null, "fill_shape_size": 10, "fill_img_url": null, "marker_img_url": null}},{"type": "Feature", "id": "layer_data_map.fid--27e80436_1a098c1eed1_-5078", "geometry": {"type": "Polygon", "coordinates": [[[106.91597365, 47.9351301], [106.91580714, 47.93710586], [106.91519306, 47.93705593], [106.91469341, 47.93703275], [106.9134632, 47.93698431], [106.91304074, 47.93696767], [106.91270966, 47.93697174], [106.91287612, 47.93693374], [106.9128782, 47.93683342], [106.91281488, 47.93683205], [106.91288976, 47.93593578], [106.91283558, 47.93585407], [106.91286741, 47.93539351], [106.91308028, 47.93537124], [106.91311275, 47.93516467], [106.91312456, 47.93496437], [106.91312461, 47.93496435], [106.91361308, 47.93495058], [106.91477092, 47.93503986], [106.91476614, 47.9351371], [106.91510812, 47.93515261], [106.91512315, 47.93506749], [106.91597365, 47.9351301]]]}, "geometry_name": "geom", "properties": {"guid": 32605, "id": 32605, "object_no": null, "object_name": null, "layer_type_id": 143, "valid_to": null, "address_no": null, "border_type": "solid", "border_width": null, "border_color": "#741b47", "border_opacity": 0.5, "border_wellknown": "shape://horizline", "fill_type": "wellknown", "fill_color": "#d5a6bd", "fill_opacity": 1, "fill_wellknown": "shape://backslash", "fill_shape_color": "#d5a6bd", "fill_shape_width": null, "fill_shape_size": 10, "fill_img_url": null, "marker_img_url": null}},{"type": "Feature", "id": "layer_data_map.fid--27e80436_1a098c1eed1_-5077", "geometry": {"type": "Polygon", "coordinates": [[[106.91580714, 47.93710586], [106.91579197, 47.93729606], [106.9155736, 47.93770738], [106.91553168, 47.93839103], [106.91551929, 47.93845275], [106.91538257, 47.93887937], [106.91540301, 47.93989763], [106.91539818, 47.9399105], [106.91492898, 47.93991394], [106.91329192, 47.93976504], [106.91260429, 47.93971703], [106.91265285, 47.93932602], [106.91246232, 47.93930441], [106.91257857, 47.93897169], [106.91235921, 47.93833973], [106.91266427, 47.93813627], [106.91259792, 47.93796364], [106.91273127, 47.93784747], [106.91255436, 47.93774468], [106.91257731, 47.93754722], [106.91267336, 47.93754253], [106.91271001, 47.93698126], [106.91269635, 47.93698145], [106.91270966, 47.93697174], [106.91304074, 47.93696767], [106.9134632, 47.93698431], [106.91469341, 47.93703275], [106.91519306, 47.93705593], [106.91580714, 47.93710586]]]}, "geometry_name": "geom", "properties": {"guid": 32606, "id": 32606, "object_no": null, "object_name": null, "layer_type_id": 143, "valid_to": null, "address_no": null, "border_type": "solid", "border_width": null, "border_color": "#741b47", "border_opacity": 0.5, "border_wellknown": "shape://horizline", "fill_type": "wellknown", "fill_color": "#d5a6bd", "fill_opacity": 1, "fill_wellknown": "shape://backslash", "fill_shape_color": "#d5a6bd", "fill_shape_width": null, "fill_shape_size": 10, "fill_img_url": null, "marker_img_url": null}},{"type": "Feature", "id": "layer_data_map.fid--27e80436_1a098c1eed1_-5076", "geometry": {"type": "Polygon", "coordinates": [[[108.37838017, 47.79157898], [108.37853228, 47.79392317], [108.37395661, 47.79395491], [108.37396213, 47.79407672], [108.36728341, 47.7947945], [108.36640708, 47.79490244], [108.36628615, 47.79302981], [108.36725486, 47.7928757], [108.3692876, 47.79270593], [108.36936386, 47.79269964], [108.36931551, 47.79256392], [108.37198169, 47.79204936], [108.37201097, 47.79210714], [108.37263645, 47.79198462], [108.37264947, 47.79201457], [108.3733856, 47.79187467], [108.37325233, 47.79152348], [108.37417984, 47.79142963], [108.37838017, 47.79157898]]]}, "geometry_name": "geom", "properties": {"guid": 32607, "id": 32607, "object_no": null, "object_name": null, "layer_type_id": 143, "valid_to": null, "address_no": null, "border_type": "solid", "border_width": null, "border_color": "#741b47", "border_opacity": 0.5, "border_wellknown": "shape://horizline", "fill_type": "wellknown", "fill_color": "#d5a6bd", "fill_opacity": 1, "fill_wellknown": "shape://backslash", "fill_shape_color": "#d5a6bd", "fill_shape_width": null, "fill_shape_size": 10, "fill_img_url": null, "marker_img_url": null}},{"type": "Feature", "id": "layer_data_map.fid--27e80436_1a098c1eed1_-5075", "geometry": {"type": "Polygon", "coordinates": [[[108.37834594, 47.78914242], [108.37836091, 47.7912821], [108.37838017, 47.79157898], [108.37417984, 47.79142963], [108.37325233, 47.79152348], [108.3733856, 47.79187467], [108.37264947, 47.79201457], [108.37263645, 47.79198462], [108.37201097, 47.79210714], [108.37198169, 47.79204936], [108.36931551, 47.79256392], [108.36936386, 47.79269964], [108.3692876, 47.79270593], [108.36725486, 47.7928757], [108.36628615, 47.79302981], [108.36610963, 47.79029613], [108.36729762, 47.79021032], [108.37115421, 47.78969896], [108.37184748, 47.78954313], [108.37189339, 47.78947233], [108.37353579, 47.78911426], [108.37738423, 47.7891022], [108.3775353, 47.78893215], [108.37834594, 47.78914242]]]}, "geometry_name": "geom", "properties": {"guid": 32608, "id": 32608, "object_no": null, "object_name": null, "layer_type_id": 143, "valid_to": null, "address_no": null, "border_type": "solid", "border_width": null, "border_color": "#741b47", "border_opacity": 0.5, "border_wellknown": "shape://horizline", "fill_type": "wellknown", "fill_color": "#d5a6bd", "fill_opacity": 1, "fill_wellknown": "shape://backslash", "fill_shape_color": "#d5a6bd", "fill_shape_width": null, "fill_shape_size": 10, "fill_img_url": null, "marker_img_url": null}},{"type": "Feature", "id": "layer_data_map.fid--27e80436_1a098c1eed1_-5074", "geometry": {"type": "Polygon", "coordinates": [[[106.9275453, 47.93320412], [106.92742275, 47.92990765], [106.92775433, 47.92992719], [106.92852325, 47.92993608], [106.92927915, 47.92988701], [106.93146018, 47.92961902], [106.93079652, 47.93278123], [106.93072626, 47.93333385], [106.9306265, 47.93332307], [106.93028093, 47.93328573], [106.93023482, 47.93323655], [106.92993248, 47.93320118], [106.92994096, 47.93315292], [106.92951769, 47.9331435], [106.92947338, 47.93314487], [106.92910621, 47.93315615], [106.9275453, 47.93320412]]]}, "geometry_name": "geom", "properties": {"guid": 32609, "id": 32609, "object_no": null, "object_name": null, "layer_type_id": 143, "valid_to": null, "address_no": null, "border_type": "solid", "border_width": null, "border_color": "#741b47", "border_opacity": 0.5, "border_wellknown": "shape://horizline", "fill_type": "wellknown", "fill_color": "#d5a6bd", "fill_opacity": 1, "fill_wellknown": "shape://backslash", "fill_shape_color": "#d5a6bd", "fill_shape_width": null, "fill_shape_size": 10, "fill_img_url": null, "marker_img_url": null}},{"type": "Feature", "id": "layer_data_map.fid--27e80436_1a098c1eed1_-5073", "geometry": {"type": "Polygon", "coordinates": [[[106.92059755, 47.93306619], [106.92058404, 47.93341695], [106.92045331, 47.93348456], [106.9204592, 47.93372153], [106.92041047, 47.93379256], [106.92042636, 47.93441126], [106.92010414, 47.93452819], [106.9201412, 47.93475089], [106.92002443, 47.93476384], [106.92007744, 47.93499971], [106.92011781, 47.93500145], [106.92012053, 47.93507475], [106.91856685, 47.93511289], [106.91817706, 47.93507545], [106.91774235, 47.93507811], [106.9176739, 47.93516684], [106.91734853, 47.93516053], [106.91731941, 47.93512934], [106.9170597, 47.93511145], [106.91692024, 47.93523618], [106.91597365, 47.9351301], [106.91618461, 47.93444515], [106.91623542, 47.93428016], [106.91637066, 47.93344594], [106.91659711, 47.93327378], [106.91658221, 47.9330865], [106.91667251, 47.93221901], [106.91694224, 47.93223889], [106.91741419, 47.93226338], [106.91779133, 47.93228106], [106.91850882, 47.93231468], [106.91854327, 47.93225963], [106.91859641, 47.93223512], [106.91903112, 47.93226382], [106.91931887, 47.93224993], [106.91939554, 47.9322184], [106.91942796, 47.93221989], [106.91935862, 47.93281097], [106.91988418, 47.93284283], [106.91989346, 47.93298847], [106.92059755, 47.93306619]]]}, "geometry_name": "geom", "properties": {"guid": 32610, "id": 32610, "object_no": null, "object_name": null, "layer_type_id": 143, "valid_to": null, "address_no": null, "border_type": "solid", "border_width": null, "border_color": "#741b47", "border_opacity": 0.5, "border_wellknown": "shape://horizline", "fill_type": "wellknown", "fill_color": "#d5a6bd", "fill_opacity": 1, "fill_wellknown": "shape://backslash", "fill_shape_color": "#d5a6bd", "fill_shape_width": null, "fill_shape_size": 10, "fill_img_url": null, "marker_img_url": null}},{"type": "Feature", "id": "layer_data_map.fid--27e80436_1a098c1eed1_-5072", "geometry": {"type": "Polygon", "coordinates": [[[106.92459602, 47.93305101], [106.92458141, 47.93323962], [106.92454253, 47.93374183], [106.92449656, 47.93403133], [106.92441087, 47.93448138], [106.92436394, 47.93490859], [106.92415962, 47.93482768], [106.92320463, 47.93480937], [106.92300374, 47.93481407], [106.92265325, 47.93483207], [106.92221364, 47.93485463], [106.92192324, 47.93486954], [106.92172594, 47.93488263], [106.92152384, 47.93490388], [106.92110065, 47.9349484], [106.92105416, 47.93492889], [106.92042332, 47.93498272], [106.92012053, 47.93507475], [106.92011781, 47.93500145], [106.92007744, 47.93499971], [106.92002443, 47.93476384], [106.9201412, 47.93475089], [106.92010414, 47.93452819], [106.92042636, 47.93441126], [106.92041047, 47.93379256], [106.9204592, 47.93372153], [106.92045331, 47.93348456], [106.92058404, 47.93341695], [106.92059755, 47.93306619], [106.92160122, 47.9330341], [106.92302317, 47.93310077], [106.92361301, 47.93298258], [106.92459602, 47.93305101]]]}, "geometry_name": "geom", "properties": {"guid": 32611, "id": 32611, "object_no": null, "object_name": null, "layer_type_id": 143, "valid_to": null, "address_no": null, "border_type": "solid", "border_width": null, "border_color": "#741b47", "border_opacity": 0.5, "border_wellknown": "shape://horizline", "fill_type": "wellknown", "fill_color": "#d5a6bd", "fill_opacity": 1, "fill_wellknown": "shape://backslash", "fill_shape_color": "#d5a6bd", "fill_shape_width": null, "fill_shape_size": 10, "fill_img_url": null, "marker_img_url": null}},{"type": "Feature", "id": "layer_data_map.fid--27e80436_1a098c1eed1_-5071", "geometry": {"type": "Polygon", "coordinates": [[[106.9275453, 47.93320412], [106.9275908, 47.93442816], [106.92713539, 47.93512954], [106.92622561, 47.9350306], [106.92546007, 47.93501028], [106.92490804, 47.93499561], [106.92436394, 47.93490859], [106.92441087, 47.93448138], [106.92449656, 47.93403133], [106.92454253, 47.93374183], [106.92458141, 47.93323962], [106.92459602, 47.93305101], [106.92511026, 47.93305599], [106.92522309, 47.93316633], [106.92575381, 47.93319819], [106.92680036, 47.93320166], [106.9275453, 47.93320412]]]}, "geometry_name": "geom", "properties": {"guid": 32612, "id": 32612, "object_no": null, "object_name": null, "layer_type_id": 143, "valid_to": null, "address_no": null, "border_type": "solid", "border_width": null, "border_color": "#741b47", "border_opacity": 0.5, "border_wellknown": "shape://horizline", "fill_type": "wellknown", "fill_color": "#d5a6bd", "fill_opacity": 1, "fill_wellknown": "shape://backslash", "fill_shape_color": "#d5a6bd", "fill_shape_width": null, "fill_shape_size": 10, "fill_img_url": null, "marker_img_url": null}},{"type": "Feature", "id": "layer_data_map.fid--27e80436_1a098c1eed1_-5070", "geometry": {"type": "Polygon", "coordinates": [[[106.91580714, 47.93710586], [106.91998241, 47.93743087], [106.91979347, 47.93818451], [106.91984405, 47.93863984], [106.91972165, 47.93946151], [106.91964426, 47.93961436], [106.91957007, 47.93961277], [106.91957494, 47.93992789], [106.91851516, 47.93988766], [106.91539818, 47.9399105], [106.91540301, 47.93989763], [106.91538257, 47.93887937], [106.91551929, 47.93845275], [106.91553168, 47.93839103], [106.9155736, 47.93770738], [106.91579197, 47.93729606], [106.91580714, 47.93710586]]]}, "geometry_name": "geom", "properties": {"guid": 32613, "id": 32613, "object_no": null, "object_name": null, "layer_type_id": 143, "valid_to": null, "address_no": null, "border_type": "solid", "border_width": null, "border_color": "#741b47", "border_opacity": 0.5, "border_wellknown": "shape://horizline", "fill_type": "wellknown", "fill_color": "#d5a6bd", "fill_opacity": 1, "fill_wellknown": "shape://backslash", "fill_shape_color": "#d5a6bd", "fill_shape_width": null, "fill_shape_size": 10, "fill_img_url": null, "marker_img_url": null}},{"type": "Feature", "id": "layer_data_map.fid--27e80436_1a098c1eed1_-506f", "geometry": {"type": "Polygon", "coordinates": [[[106.83745171, 47.92150698], [106.83742222, 47.92147412], [106.83740325, 47.92123874], [106.83753953, 47.92038666], [106.83752183, 47.92018696], [106.83758841, 47.91946694], [106.8375525, 47.91935324], [106.8373124, 47.91927376], [106.83719627, 47.91919467], [106.83719906, 47.91857328], [106.83711798, 47.91838412], [106.83678638, 47.91732051], [106.83749174, 47.91733779], [106.83841528, 47.91751583], [106.83881777, 47.91748082], [106.83900443, 47.91735165], [106.83926087, 47.91729279], [106.83943253, 47.91734004], [106.83958812, 47.91783272], [106.83971403, 47.91798783], [106.83986877, 47.91825674], [106.84002966, 47.91849937], [106.840097, 47.91870065], [106.84020632, 47.91897244], [106.84023768, 47.91907216], [106.84025724, 47.91922421], [106.84039175, 47.91942203], [106.84064926, 47.92019162], [106.84071553, 47.92056194], [106.84077015, 47.9207039], [106.84095332, 47.92117472], [106.84095325, 47.92137232], [106.8408651, 47.92148324], [106.83966842, 47.92149528], [106.8381503, 47.9215315], [106.83745171, 47.92150698]]]}, "geometry_name": "geom", "properties": {"guid": 32614, "id": 32614, "object_no": null, "object_name": null, "layer_type_id": 143, "valid_to": null, "address_no": null, "border_type": "solid", "border_width": null, "border_color": "#741b47", "border_opacity": 0.5, "border_wellknown": "shape://horizline", "fill_type": "wellknown", "fill_color": "#d5a6bd", "fill_opacity": 1, "fill_wellknown": "shape://backslash", "fill_shape_color": "#d5a6bd", "fill_shape_width": null, "fill_shape_size": 10, "fill_img_url": null, "marker_img_url": null}},{"type": "Feature", "id": "layer_data_map.fid--27e80436_1a098c1eed1_-506e", "geometry": {"type": "Polygon", "coordinates": [[[106.92012053, 47.93507475], [106.92042332, 47.93498272], [106.92105416, 47.93492889], [106.92110065, 47.9349484], [106.92152384, 47.93490388], [106.92172594, 47.93488263], [106.92192324, 47.93486954], [106.92221364, 47.93485463], [106.92265325, 47.93483207], [106.92300374, 47.93481407], [106.92320463, 47.93480937], [106.92415962, 47.93482768], [106.92436394, 47.93490859], [106.92434127, 47.93550848], [106.9242836, 47.93606126], [106.92429451, 47.93657544], [106.92290833, 47.9370713], [106.9216667, 47.93751543], [106.9208212, 47.93777759], [106.91983635, 47.93807499], [106.91982051, 47.93807664], [106.91998241, 47.93743087], [106.91994338, 47.93742784], [106.92005411, 47.9371147], [106.91999963, 47.93711239], [106.92000034, 47.93691726], [106.92005594, 47.93681387], [106.92003524, 47.93652324], [106.92002025, 47.93637203], [106.91997473, 47.93605825], [106.91988735, 47.93605935], [106.91987801, 47.93580248], [106.92019651, 47.93580129], [106.92022246, 47.93548908], [106.92018264, 47.9354519], [106.92012053, 47.93507475]]]}, "geometry_name": "geom", "properties": {"guid": 32615, "id": 32615, "object_no": null, "object_name": null, "layer_type_id": 143, "valid_to": null, "address_no": null, "border_type": "solid", "border_width": null, "border_color": "#741b47", "border_opacity": 0.5, "border_wellknown": "shape://horizline", "fill_type": "wellknown", "fill_color": "#d5a6bd", "fill_opacity": 1, "fill_wellknown": "shape://backslash", "fill_shape_color": "#d5a6bd", "fill_shape_width": null, "fill_shape_size": 10, "fill_img_url": null, "marker_img_url": null}},{"type": "Feature", "id": "layer_data_map.fid--27e80436_1a098c1eed1_-506d", "geometry": {"type": "Polygon", "coordinates": [[[106.92012053, 47.93507475], [106.92018264, 47.9354519], [106.92022246, 47.93548908], [106.92019651, 47.93580129], [106.91987801, 47.93580248], [106.91988735, 47.93605935], [106.91997473, 47.93605825], [106.92002025, 47.93637203], [106.92003524, 47.93652324], [106.92005594, 47.93681387], [106.92000034, 47.93691726], [106.91999963, 47.93711239], [106.92005411, 47.9371147], [106.91994338, 47.93742784], [106.91580714, 47.93710586], [106.91597365, 47.9351301], [106.91692024, 47.93523618], [106.9170597, 47.93511145], [106.91731941, 47.93512934], [106.91734853, 47.93516053], [106.9176739, 47.93516684], [106.91774235, 47.93507811], [106.91817706, 47.93507545], [106.91856685, 47.93511289], [106.92012053, 47.93507475]]]}, "geometry_name": "geom", "properties": {"guid": 32616, "id": 32616, "object_no": null, "object_name": null, "layer_type_id": 143, "valid_to": null, "address_no": null, "border_type": "solid", "border_width": null, "border_color": "#741b47", "border_opacity": 0.5, "border_wellknown": "shape://horizline", "fill_type": "wellknown", "fill_color": "#d5a6bd", "fill_opacity": 1, "fill_wellknown": "shape://backslash", "fill_shape_color": "#d5a6bd", "fill_shape_width": null, "fill_shape_size": 10, "fill_img_url": null, "marker_img_url": null}},{"type": "Feature", "id": "layer_data_map.fid--27e80436_1a098c1eed1_-506c", "geometry": {"type": "Polygon", "coordinates": [[[106.92364663, 47.9368072], [106.92387799, 47.93686581], [106.9240349, 47.93712519], [106.9243216, 47.9370974], [106.92434733, 47.93731923], [106.92427265, 47.93741819], [106.92422781, 47.93782015], [106.92450714, 47.93790838], [106.92425316, 47.93947483], [106.92384224, 47.93953689], [106.92378666, 47.93976028], [106.92393018, 47.93976624], [106.92388274, 47.940072], [106.92388741, 47.9400877], [106.92223807, 47.94002893], [106.91957494, 47.93992789], [106.91957007, 47.93961277], [106.91964426, 47.93961436], [106.91972165, 47.93946151], [106.91984405, 47.93863984], [106.91979347, 47.93818451], [106.91982051, 47.93807664], [106.91983635, 47.93807499], [106.9208212, 47.93777759], [106.9216667, 47.93751543], [106.92290833, 47.9370713], [106.92364663, 47.9368072]]]}, "geometry_name": "geom", "properties": {"guid": 32617, "id": 32617, "object_no": null, "object_name": null, "layer_type_id": 143, "valid_to": null, "address_no": null, "border_type": "solid", "border_width": null, "border_color": "#741b47", "border_opacity": 0.5, "border_wellknown": "shape://horizline", "fill_type": "wellknown", "fill_color": "#d5a6bd", "fill_opacity": 1, "fill_wellknown": "shape://backslash", "fill_shape_color": "#d5a6bd", "fill_shape_width": null, "fill_shape_size": 10, "fill_img_url": null, "marker_img_url": null}},{"type": "Feature", "id": "layer_data_map.fid--27e80436_1a098c1eed1_-506b", "geometry": {"type": "Polygon", "coordinates": [[[106.92628026, 47.93574279], [106.92651631, 47.93560751], [106.92713539, 47.93512954], [106.9275908, 47.93442816], [106.9275453, 47.93320412], [106.92910621, 47.93315615], [106.92947338, 47.93314487], [106.92951769, 47.9331435], [106.92994096, 47.93315292], [106.92993248, 47.93320118], [106.93023482, 47.93323655], [106.93028093, 47.93328573], [106.9306265, 47.93332307], [106.93072626, 47.93333385], [106.92957894, 47.93737376], [106.9270482, 47.93734353], [106.92698952, 47.93637761], [106.92628026, 47.93574279]]]}, "geometry_name": "geom", "properties": {"guid": 32618, "id": 32618, "object_no": null, "object_name": null, "layer_type_id": 143, "valid_to": null, "address_no": null, "border_type": "solid", "border_width": null, "border_color": "#741b47", "border_opacity": 0.5, "border_wellknown": "shape://horizline", "fill_type": "wellknown", "fill_color": "#d5a6bd", "fill_opacity": 1, "fill_wellknown": "shape://backslash", "fill_shape_color": "#d5a6bd", "fill_shape_width": null, "fill_shape_size": 10, "fill_img_url": null, "marker_img_url": null}},{"type": "Feature", "id": "layer_data_map.fid--27e80436_1a098c1eed1_-506a", "geometry": {"type": "Polygon", "coordinates": [[[106.90728891, 47.94152341], [106.90720889, 47.94152405], [106.90671, 47.94153233], [106.90667959, 47.9415538], [106.90401902, 47.94150638], [106.90364765, 47.94216489], [106.90388951, 47.94149904], [106.9071455, 47.93780921], [106.9086587, 47.93688814], [106.90868297, 47.93688731], [106.90894807, 47.93724082], [106.90938351, 47.9382044], [106.90976264, 47.93874658], [106.9104006, 47.93919571], [106.91115707, 47.93954256], [106.91106127, 47.94091866], [106.90872802, 47.94097055], [106.9084253, 47.94151432], [106.90733207, 47.94152306], [106.90733361, 47.94152198], [106.90728684, 47.94152275], [106.90728891, 47.94152341]]]}, "geometry_name": "geom", "properties": {"guid": 32619, "id": 32619, "object_no": null, "object_name": null, "layer_type_id": 143, "valid_to": null, "address_no": null, "border_type": "solid", "border_width": null, "border_color": "#741b47", "border_opacity": 0.5, "border_wellknown": "shape://horizline", "fill_type": "wellknown", "fill_color": "#d5a6bd", "fill_opacity": 1, "fill_wellknown": "shape://backslash", "fill_shape_color": "#d5a6bd", "fill_shape_width": null, "fill_shape_size": 10, "fill_img_url": null, "marker_img_url": null}},{"type": "Feature", "id": "layer_data_map.fid--27e80436_1a098c1eed1_-5069", "geometry": {"type": "Polygon", "coordinates": [[[107.24612431, 47.77723179], [107.24574377, 47.77727122], [107.24530217, 47.77736583], [107.24437455, 47.77739999], [107.24393884, 47.77742802], [107.24368794, 47.77744515], [107.2428276, 47.7769786], [107.24249108, 47.77709671], [107.24207764, 47.7770217], [107.24180087, 47.77710787], [107.2413416, 47.77695322], [107.24097241, 47.77706865], [107.2405498, 47.77718348], [107.24049925, 47.77696653], [107.24035718, 47.77675092], [107.24020433, 47.77657788], [107.24003081, 47.77602414], [107.23987192, 47.77582918], [107.23976257, 47.77567671], [107.24011148, 47.7755581], [107.24023461, 47.77544522], [107.24054875, 47.77530452], [107.24063622, 47.77525149], [107.24086704, 47.77507549], [107.241022, 47.77487297], [107.24130003, 47.77470586], [107.24177182, 47.77440015], [107.24198462, 47.77427157], [107.24212252, 47.77423517], [107.24230996, 47.774101], [107.24246455, 47.77406965], [107.24268824, 47.77390996], [107.24267483, 47.7737276], [107.24290156, 47.77357677], [107.24339258, 47.77370438], [107.24360764, 47.77356891], [107.24367027, 47.77341894], [107.24366702, 47.77341499], [107.24388872, 47.77325435], [107.2437798, 47.77304445], [107.24399666, 47.77291195], [107.24417509, 47.77290743], [107.24440853, 47.77275771], [107.24460206, 47.77277941], [107.24479782, 47.77265331], [107.2450421, 47.77282274], [107.2450963, 47.77286539], [107.2453585, 47.77305094], [107.24561577, 47.7732343], [107.24574589, 47.77321464], [107.24597359, 47.77306612], [107.24603027, 47.77297103], [107.24625962, 47.77281243], [107.24634022, 47.77278169], [107.24654115, 47.77264489], [107.24660169, 47.77252149], [107.24687366, 47.77234042], [107.24709696, 47.7724876], [107.24730502, 47.77262417], [107.24750931, 47.77275823], [107.24769848, 47.77288163], [107.24789083, 47.77300724], [107.24817594, 47.77316097], [107.24835212, 47.77330828], [107.24831403, 47.77337586], [107.24843855, 47.77343576], [107.24863634, 47.77356321], [107.24894792, 47.77372084], [107.24900257, 47.77368232], [107.24906658, 47.77372368], [107.24904011, 47.77374973], [107.24918591, 47.77383509], [107.24916993, 47.77384986], [107.24930574, 47.77392606], [107.24949876, 47.7740276], [107.24962326, 47.77412752], [107.24980014, 47.77422824], [107.24990061, 47.7742917], [107.24987936, 47.77430897], [107.25014795, 47.77445922], [107.25053401, 47.77468082], [107.25072284, 47.77479036], [107.25074436, 47.77483042], [107.25091849, 47.77493971], [107.25108739, 47.77504995], [107.25128534, 47.77517369], [107.25148109, 47.77528904], [107.25168263, 47.77541349], [107.25199716, 47.77561244], [107.25224221, 47.77594801], [107.25243148, 47.77603037], [107.25269603, 47.77615688], [107.25287923, 47.77624467], [107.25271778, 47.77636984], [107.25262511, 47.77638933], [107.25231868, 47.77634265], [107.25207156, 47.77650237], [107.25183925, 47.77649381], [107.25164822, 47.77659756], [107.25150334, 47.77661969], [107.25137895, 47.77668096], [107.25122747, 47.77674518], [107.25108185, 47.77662076], [107.2510008, 47.77662192], [107.25057387, 47.77673896], [107.25040195, 47.77662281], [107.25018129, 47.77677579], [107.24978269, 47.77666678], [107.24959631, 47.77681183], [107.24922669, 47.77680523], [107.24888806, 47.77694357], [107.24859185, 47.77689944], [107.24850376, 47.77691849], [107.24847457, 47.77687324], [107.2482582, 47.77691696], [107.24799463, 47.77692633], [107.24799472, 47.7769264], [107.24799417, 47.77692635], [107.24798978, 47.7769265], [107.24798893, 47.77692579], [107.24773745, 47.77689899], [107.24744473, 47.77701878], [107.24719771, 47.77709316], [107.24690922, 47.77714187], [107.24642447, 47.77714742], [107.24612431, 47.77723179]]]}, "geometry_name": "geom", "properties": {"guid": 32620, "id": 32620, "object_no": null, "object_name": null, "layer_type_id": 143, "valid_to": null, "address_no": null, "border_type": "solid", "border_width": null, "border_color": "#741b47", "border_opacity": 0.5, "border_wellknown": "shape://horizline", "fill_type": "wellknown", "fill_color": "#d5a6bd", "fill_opacity": 1, "fill_wellknown": "shape://backslash", "fill_shape_color": "#d5a6bd", "fill_shape_width": null, "fill_shape_size": 10, "fill_img_url": null, "marker_img_url": null}},{"type": "Feature", "id": "layer_data_map.fid--27e80436_1a098c1eed1_-5068", "geometry": {"type": "MultiPolygon", "coordinates": [[[[106.90364765, 47.94216489], [106.90361708, 47.94221911], [106.9030502, 47.94215006], [106.9021503, 47.94202114], [106.90129123, 47.94194384], [106.90031451, 47.94184234], [106.89949912, 47.94189506], [106.89866285, 47.94190889], [106.89797929, 47.94184174], [106.89744606, 47.94162827], [106.89684896, 47.94147557], [106.89639646, 47.94147256], [106.89644988, 47.94080085], [106.89646956, 47.94048608], [106.89646659, 47.93987157], [106.89647229, 47.93986714], [106.89704611, 47.93939154], [106.89775505, 47.93922867], [106.89821351, 47.93868047], [106.89844955, 47.93828272], [106.89953321, 47.93791353], [106.90037555, 47.93733817], [106.90078142, 47.93706093], [106.90123657, 47.93679718], [106.90173106, 47.93651064], [106.90345468, 47.93590139], [106.90488857, 47.93545165], [106.90675154, 47.93487692], [106.90706878, 47.93477815], [106.90710019, 47.93477653], [106.90868297, 47.93688731], [106.9086587, 47.93688814], [106.9071455, 47.93780921], [106.90388951, 47.94149904], [106.90364765, 47.94216489]]], [[[106.90733207, 47.94152306], [106.9073184, 47.94153271], [106.90728891, 47.94152341], [106.90733207, 47.94152306]]]]}, "geometry_name": "geom", "properties": {"guid": 32621, "id": 32621, "object_no": null, "object_name": null, "layer_type_id": 143, "valid_to": null, "address_no": null, "border_type": "solid", "border_width": null, "border_color": "#741b47", "border_opacity": 0.5, "border_wellknown": "shape://horizline", "fill_type": "wellknown", "fill_color": "#d5a6bd", "fill_opacity": 1, "fill_wellknown": "shape://backslash", "fill_shape_color": "#d5a6bd", "fill_shape_width": null, "fill_shape_size": 10, "fill_img_url": null, "marker_img_url": null}},{"type": "Feature", "id": "layer_data_map.fid--27e80436_1a098c1eed1_-5067", "geometry": {"type": "Polygon", "coordinates": [[[106.90469674, 47.93092464], [106.90521569, 47.93229515], [106.90586128, 47.93320589], [106.90689663, 47.93450506], [106.90710019, 47.93477653], [106.90706878, 47.93477815], [106.90675154, 47.93487692], [106.90488857, 47.93545165], [106.90345468, 47.93590139], [106.90173106, 47.93651064], [106.90123657, 47.93679718], [106.90078142, 47.93706093], [106.90037555, 47.93733817], [106.89953321, 47.93791353], [106.89844955, 47.93828272], [106.89821351, 47.93868047], [106.89775505, 47.93922867], [106.89704611, 47.93939154], [106.89647229, 47.93986714], [106.89646659, 47.93987157], [106.8964665, 47.93985314], [106.89642022, 47.93950896], [106.89647591, 47.93716413], [106.89648589, 47.9363221], [106.89565431, 47.93524903], [106.89532906, 47.93478303], [106.89583165, 47.93396227], [106.89694922, 47.93440468], [106.89701902, 47.93410077], [106.89727559, 47.93368898], [106.89775175, 47.93309704], [106.89803006, 47.93278649], [106.89835092, 47.93295695], [106.89830735, 47.93305227], [106.89853966, 47.93320395], [106.89891081, 47.93304558], [106.89948979, 47.93274832], [106.90002705, 47.93232538], [106.90060398, 47.93204333], [106.90140776, 47.93184357], [106.90193223, 47.93175505], [106.90241033, 47.93164257], [106.90255374, 47.93174992], [106.90289284, 47.9316622], [106.90328359, 47.93139184], [106.90365436, 47.93113531], [106.9038318, 47.93097576], [106.90414423, 47.9308592], [106.90469674, 47.93092464]]]}, "geometry_name": "geom", "properties": {"guid": 32622, "id": 32622, "object_no": null, "object_name": null, "layer_type_id": 143, "valid_to": null, "address_no": null, "border_type": "solid", "border_width": null, "border_color": "#741b47", "border_opacity": 0.5, "border_wellknown": "shape://horizline", "fill_type": "wellknown", "fill_color": "#d5a6bd", "fill_opacity": 1, "fill_wellknown": "shape://backslash", "fill_shape_color": "#d5a6bd", "fill_shape_width": null, "fill_shape_size": 10, "fill_img_url": null, "marker_img_url": null}},{"type": "Feature", "id": "layer_data_map.fid--27e80436_1a098c1eed1_-5066", "geometry": {"type": "Polygon", "coordinates": [[[106.94483231, 47.92559149], [106.949511, 47.92362395], [106.95048461, 47.92356362], [106.95322191, 47.92348855], [106.95383006, 47.92692851], [106.95111089, 47.92716964], [106.95176632, 47.92893782], [106.95088378, 47.92903228], [106.95026048, 47.92831801], [106.94964564, 47.92838061], [106.94854647, 47.92871932], [106.94762928, 47.927756], [106.94689106, 47.92798756], [106.94483231, 47.92559149]]]}, "geometry_name": "geom", "properties": {"guid": 32623, "id": 32623, "object_no": null, "object_name": null, "layer_type_id": 143, "valid_to": null, "address_no": null, "border_type": "solid", "border_width": null, "border_color": "#741b47", "border_opacity": 0.5, "border_wellknown": "shape://horizline", "fill_type": "wellknown", "fill_color": "#d5a6bd", "fill_opacity": 1, "fill_wellknown": "shape://backslash", "fill_shape_color": "#d5a6bd", "fill_shape_width": null, "fill_shape_size": 10, "fill_img_url": null, "marker_img_url": null}},{"type": "Feature", "id": "layer_data_map.fid--27e80436_1a098c1eed1_-5065", "geometry": {"type": "Polygon", "coordinates": [[[106.88009453, 47.92819887], [106.88085983, 47.92821091], [106.88091025, 47.92821171], [106.88090951, 47.92822314], [106.88090895, 47.92823399], [106.88090769, 47.92824642], [106.88090622, 47.92826638], [106.88090242, 47.92831795], [106.88089714, 47.92846893], [106.88092153, 47.92853121], [106.88096797, 47.92858871], [106.88100762, 47.92862057], [106.88103374, 47.92862737], [106.88106174, 47.92862474], [106.88109098, 47.92864471], [106.88108949, 47.92866974], [106.88110153, 47.9286851], [106.88115389, 47.9287203], [106.88123958, 47.9287588], [106.8812611, 47.9287692], [106.88135613, 47.9287743], [106.88179067, 47.92879763], [106.88174986, 47.92923818], [106.88174773, 47.92926794], [106.88182155, 47.92929484], [106.88192956, 47.92930256], [106.88205158, 47.92929066], [106.88205462, 47.92924279], [106.88211091, 47.92879297], [106.88210632, 47.92876533], [106.88201699, 47.92872889], [106.88205163, 47.92857429], [106.88295989, 47.92863668], [106.88317144, 47.92865627], [106.88319039, 47.92829438], [106.88319701, 47.92816798], [106.88319901, 47.92812974], [106.88321834, 47.92784922], [106.88322687, 47.92772524], [106.88323786, 47.92756286], [106.88325191, 47.92736113], [106.88354587, 47.92736495], [106.88362852, 47.92741983], [106.88374957, 47.92745854], [106.88511677, 47.92746515], [106.88519165, 47.92752769], [106.88529137, 47.92753168], [106.88534574, 47.92745694], [106.88576386, 47.92746846], [106.88588909, 47.92783081], [106.88603576, 47.92825523], [106.88605911, 47.92888285], [106.88606195, 47.92918189], [106.8860594, 47.92933782], [106.88605739, 47.92949798], [106.88606486, 47.92958849], [106.88608826, 47.9296583], [106.88611834, 47.9297145], [106.88615171, 47.9297587], [106.88630855, 47.92996099], [106.88634696, 47.93003249], [106.88636108, 47.93008795], [106.8863807, 47.9301601], [106.88632304, 47.93026037], [106.88625634, 47.93035574], [106.88612985, 47.9305366], [106.88603428, 47.93066369], [106.88573628, 47.93097914], [106.88648756, 47.93111215], [106.88641733, 47.93134918], [106.8862324, 47.93155727], [106.88602025, 47.93237784], [106.88568883, 47.93357386], [106.88567139, 47.93373698], [106.88573327, 47.93374382], [106.88623768, 47.93393365], [106.88574541, 47.93432741], [106.885333, 47.93457939], [106.8845944, 47.93563507], [106.884472, 47.93578862], [106.88412925, 47.93632953], [106.88390456, 47.93696691], [106.8821327, 47.93671429], [106.88218733, 47.93646071], [106.88242731, 47.93423543], [106.88244464, 47.93415898], [106.88243281, 47.93404848], [106.88240983, 47.93400884], [106.88231877, 47.93391584], [106.88217011, 47.93376946], [106.88179241, 47.93349734], [106.88127819, 47.93317001], [106.88106949, 47.93304629], [106.88083429, 47.93292411], [106.88042286, 47.93274856], [106.87934433, 47.93229378], [106.87927805, 47.9322612], [106.87920983, 47.93221658], [106.87918005, 47.93218389], [106.87915069, 47.93213948], [106.87912822, 47.9320973], [106.87934491, 47.93149027], [106.87939721, 47.93098054], [106.87951351, 47.93029377], [106.8795684, 47.9299033], [106.87974028, 47.92930219], [106.87981169, 47.92906661], [106.87980968, 47.92904856], [106.87970388, 47.92901688], [106.8797063, 47.92881196], [106.87998302, 47.92880145], [106.88009453, 47.92819887]]]}, "geometry_name": "geom", "properties": {"guid": 32624, "id": 32624, "object_no": null, "object_name": null, "layer_type_id": 143, "valid_to": null, "address_no": null, "border_type": "solid", "border_width": null, "border_color": "#741b47", "border_opacity": 0.5, "border_wellknown": "shape://horizline", "fill_type": "wellknown", "fill_color": "#d5a6bd", "fill_opacity": 1, "fill_wellknown": "shape://backslash", "fill_shape_color": "#d5a6bd", "fill_shape_width": null, "fill_shape_size": 10, "fill_img_url": null, "marker_img_url": null}},{"type": "Feature", "id": "layer_data_map.fid--27e80436_1a098c1eed1_-5064", "geometry": {"type": "Polygon", "coordinates": [[[106.87403651, 47.92496868], [106.8763247, 47.92504936], [106.87633746, 47.92515613], [106.87637363, 47.92574047], [106.8764207, 47.92581578], [106.87646845, 47.92591018], [106.87661913, 47.92601935], [106.87663666, 47.92614466], [106.87704197, 47.9272905], [106.87705779, 47.92734316], [106.87708478, 47.92743305], [106.87846413, 47.92742096], [106.87841955, 47.9279258], [106.87966478, 47.92799092], [106.87981652, 47.92800895], [106.87990904, 47.92809817], [106.88001212, 47.92819757], [106.88009453, 47.92819887], [106.87998302, 47.92880145], [106.8797063, 47.92881196], [106.87970388, 47.92901688], [106.87980968, 47.92904856], [106.87981169, 47.92906661], [106.87974028, 47.92930219], [106.8795684, 47.9299033], [106.87951351, 47.93029377], [106.87939721, 47.93098054], [106.87934491, 47.93149027], [106.87912822, 47.9320973], [106.87910903, 47.93204249], [106.87906961, 47.93186172], [106.87903644, 47.93175328], [106.87897873, 47.93166321], [106.87894937, 47.93163689], [106.87889689, 47.93161165], [106.8787819, 47.93156616], [106.87814359, 47.93136958], [106.87756451, 47.93119124], [106.87748124, 47.9311574], [106.87736063, 47.93109711], [106.87730452, 47.93102831], [106.87723497, 47.93100662], [106.87713723, 47.9310068], [106.87697868, 47.93101503], [106.87691695, 47.93106842], [106.8768366, 47.93108129], [106.87622736, 47.93109775], [106.87624659, 47.93092275], [106.8762489, 47.93083262], [106.87447021, 47.93005874], [106.87417643, 47.92993091], [106.8739082, 47.92993529], [106.87387487, 47.93006908], [106.87294169, 47.92996636], [106.87278665, 47.9300138], [106.87271147, 47.93001176], [106.87159514, 47.92984279], [106.87201416, 47.92896876], [106.87209749, 47.92879494], [106.8723156, 47.92800167], [106.8726348, 47.92746086], [106.87282566, 47.92748477], [106.87295438, 47.92676607], [106.87302819, 47.92635395], [106.87316841, 47.92605153], [106.87328901, 47.92591221], [106.87343247, 47.92586311], [106.87367939, 47.92579935], [106.87383758, 47.92553655], [106.87391435, 47.92548591], [106.87403651, 47.92496868]]]}, "geometry_name": "geom", "properties": {"guid": 32625, "id": 32625, "object_no": null, "object_name": null, "layer_type_id": 143, "valid_to": null, "address_no": null, "border_type": "solid", "border_width": null, "border_color": "#741b47", "border_opacity": 0.5, "border_wellknown": "shape://horizline", "fill_type": "wellknown", "fill_color": "#d5a6bd", "fill_opacity": 1, "fill_wellknown": "shape://backslash", "fill_shape_color": "#d5a6bd", "fill_shape_width": null, "fill_shape_size": 10, "fill_img_url": null, "marker_img_url": null}},{"type": "Feature", "id": "layer_data_map.fid--27e80436_1a098c1eed1_-5063", "geometry": {"type": "Polygon", "coordinates": [[[106.78125069, 47.91417991], [106.78081141, 47.91469619], [106.78042669, 47.91541711], [106.78041356, 47.91567691], [106.78037458, 47.91633851], [106.78054271, 47.91672929], [106.78102929, 47.91773428], [106.78098786, 47.91799477], [106.78055803, 47.91794166], [106.78048031, 47.91792391], [106.78044452, 47.91790691], [106.78019805, 47.9178808], [106.78019315, 47.91790368], [106.77881697, 47.91789014], [106.77859483, 47.91778784], [106.7769744, 47.91763575], [106.77615054, 47.91748372], [106.77510587, 47.91731853], [106.77406146, 47.91709986], [106.77210523, 47.91685], [106.7720554, 47.91677606], [106.77227257, 47.9165769], [106.77277207, 47.91662726], [106.77303959, 47.9160639], [106.77355776, 47.91570582], [106.77408172, 47.91557635], [106.774974, 47.91397985], [106.77489619, 47.91371884], [106.77505591, 47.91348869], [106.77515446, 47.91343556], [106.77591331, 47.91266396], [106.7755973, 47.91258963], [106.77589298, 47.91208321], [106.77619622, 47.911441], [106.77665448, 47.91078485], [106.77738852, 47.91235209], [106.78003861, 47.91365917], [106.78125069, 47.91417991]]]}, "geometry_name": "geom", "properties": {"guid": 32626, "id": 32626, "object_no": null, "object_name": null, "layer_type_id": 143, "valid_to": null, "address_no": null, "border_type": "solid", "border_width": null, "border_color": "#741b47", "border_opacity": 0.5, "border_wellknown": "shape://horizline", "fill_type": "wellknown", "fill_color": "#d5a6bd", "fill_opacity": 1, "fill_wellknown": "shape://backslash", "fill_shape_color": "#d5a6bd", "fill_shape_width": null, "fill_shape_size": 10, "fill_img_url": null, "marker_img_url": null}},{"type": "Feature", "id": "layer_data_map.fid--27e80436_1a098c1eed1_-5062", "geometry": {"type": "Polygon", "coordinates": [[[106.83692469, 47.87669818], [106.83625275, 47.8767563], [106.83562075, 47.87685271], [106.83440978, 47.87705143], [106.83298093, 47.87722629], [106.83292355, 47.87670865], [106.83306372, 47.8757479], [106.83368631, 47.87574429], [106.83370099, 47.87559426], [106.83373483, 47.87514673], [106.83374744, 47.87507572], [106.83376387, 47.87498316], [106.83388245, 47.87473198], [106.83389095, 47.87462507], [106.83398261, 47.8745513], [106.83401796, 47.87436742], [106.83412846, 47.87411339], [106.83418003, 47.87384961], [106.83419518, 47.87376951], [106.83433346, 47.87306615], [106.83435502, 47.87304202], [106.83449066, 47.87271279], [106.83933836, 47.87400377], [106.83930459, 47.8741245], [106.83951318, 47.87641739], [106.83692469, 47.87669818]]]}, "geometry_name": "geom", "properties": {"guid": 32627, "id": 32627, "object_no": null, "object_name": null, "layer_type_id": 143, "valid_to": null, "address_no": null, "border_type": "solid", "border_width": null, "border_color": "#741b47", "border_opacity": 0.5, "border_wellknown": "shape://horizline", "fill_type": "wellknown", "fill_color": "#d5a6bd", "fill_opacity": 1, "fill_wellknown": "shape://backslash", "fill_shape_color": "#d5a6bd", "fill_shape_width": null, "fill_shape_size": 10, "fill_img_url": null, "marker_img_url": null}},{"type": "Feature", "id": "layer_data_map.fid--27e80436_1a098c1eed1_-5061", "geometry": {"type": "Polygon", "coordinates": [[[106.94121311, 47.93034886], [106.94190018, 47.93064729], [106.94158749, 47.93128655], [106.94191213, 47.93148815], [106.94158942, 47.93186897], [106.94165669, 47.93217445], [106.9415502, 47.93236842], [106.94139095, 47.93244464], [106.94082103, 47.93254805], [106.94058163, 47.93255351], [106.94052554, 47.93254692], [106.94024264, 47.93246685], [106.94008343, 47.932476], [106.93889979, 47.93212981], [106.93871185, 47.93185504], [106.93854416, 47.93173555], [106.93847233, 47.9317752], [106.93818356, 47.93164541], [106.93820542, 47.93161832], [106.93807226, 47.9315214], [106.9380354, 47.9314561], [106.93825578, 47.9313855], [106.93818015, 47.93131757], [106.93791958, 47.93128977], [106.93775586, 47.93121837], [106.93761074, 47.93118488], [106.9372585, 47.93111786], [106.9371687, 47.93109736], [106.93664103, 47.93096541], [106.93638255, 47.93090639], [106.93629405, 47.93088819], [106.93609104, 47.9308292], [106.93577737, 47.93074409], [106.93530311, 47.93067951], [106.93507075, 47.93061639], [106.93443841, 47.93033424], [106.93517649, 47.92909185], [106.93567131, 47.92909681], [106.93678138, 47.92908752], [106.93864248, 47.929496], [106.93885067, 47.92950007], [106.93905904, 47.92950419], [106.93938009, 47.92959825], [106.93946955, 47.92962447], [106.93948446, 47.9296158], [106.93951889, 47.92962123], [106.93974911, 47.92963265], [106.94024459, 47.92990305], [106.94049344, 47.93009135], [106.94093579, 47.9302469], [106.94121311, 47.93034886]]]}, "geometry_name": "geom", "properties": {"guid": 32628, "id": 32628, "object_no": null, "object_name": null, "layer_type_id": 143, "valid_to": null, "address_no": null, "border_type": "solid", "border_width": null, "border_color": "#741b47", "border_opacity": 0.5, "border_wellknown": "shape://horizline", "fill_type": "wellknown", "fill_color": "#d5a6bd", "fill_opacity": 1, "fill_wellknown": "shape://backslash", "fill_shape_color": "#d5a6bd", "fill_shape_width": null, "fill_shape_size": 10, "fill_img_url": null, "marker_img_url": null}},{"type": "Feature", "id": "layer_data_map.fid--27e80436_1a098c1eed1_-5060", "geometry": {"type": "Polygon", "coordinates": [[[106.93435188, 47.93050345], [106.93397982, 47.93104303], [106.93370445, 47.93156417], [106.93358326, 47.93164094], [106.93335324, 47.93215027], [106.93182196, 47.93190261], [106.93190108, 47.93157715], [106.93195704, 47.93158234], [106.93196594, 47.93150982], [106.93182352, 47.93147779], [106.9318659, 47.93130389], [106.93205792, 47.93132178], [106.93208793, 47.93120091], [106.93197198, 47.93119005], [106.93200032, 47.93104124], [106.93192009, 47.93102401], [106.9319995, 47.93073601], [106.93217637, 47.92992499], [106.93226532, 47.92993164], [106.93226987, 47.92968525], [106.93270775, 47.92968049], [106.93270765, 47.92960867], [106.93294422, 47.92957887], [106.93294592, 47.92956315], [106.93301931, 47.92955061], [106.93319187, 47.92953134], [106.93331277, 47.92961803], [106.9334458, 47.92959057], [106.9334252, 47.92954568], [106.93444612, 47.92932825], [106.9344951, 47.929398], [106.93472948, 47.9293437], [106.93517649, 47.92909185], [106.93443841, 47.93033424], [106.93435188, 47.93050345]]]}, "geometry_name": "geom", "properties": {"guid": 32629, "id": 32629, "object_no": null, "object_name": null, "layer_type_id": 143, "valid_to": null, "address_no": null, "border_type": "solid", "border_width": null, "border_color": "#741b47", "border_opacity": 0.5, "border_wellknown": "shape://horizline", "fill_type": "wellknown", "fill_color": "#d5a6bd", "fill_opacity": 1, "fill_wellknown": "shape://backslash", "fill_shape_color": "#d5a6bd", "fill_shape_width": null, "fill_shape_size": 10, "fill_img_url": null, "marker_img_url": null}},{"type": "Feature", "id": "layer_data_map.fid--27e80436_1a098c1eed1_-505f", "geometry": {"type": "Polygon", "coordinates": [[[106.94510763, 47.93077936], [106.9455352, 47.93127079], [106.94576209, 47.93134271], [106.9461504, 47.93174192], [106.94678306, 47.93209165], [106.94676831, 47.93221315], [106.94682755, 47.93230938], [106.94591784, 47.93274798], [106.94459571, 47.93244934], [106.94394023, 47.93304487], [106.94389569, 47.93311426], [106.94362591, 47.93316825], [106.94345632, 47.9331927], [106.94330654, 47.93319843], [106.94222118, 47.932938], [106.94190721, 47.93266959], [106.94187352, 47.9326401], [106.9418046, 47.93265012], [106.94162137, 47.93241612], [106.9415502, 47.93236842], [106.94165669, 47.93217445], [106.94158942, 47.93186897], [106.94191213, 47.93148815], [106.94158749, 47.93128655], [106.94190018, 47.93064729], [106.94121311, 47.93034886], [106.94049344, 47.93009135], [106.94024459, 47.92990305], [106.93974911, 47.92963265], [106.93951889, 47.92962123], [106.9394845, 47.92961581], [106.93946955, 47.92962447], [106.93938009, 47.92959825], [106.93905886, 47.92950413], [106.93864248, 47.929496], [106.93678138, 47.92908752], [106.93517649, 47.92909185], [106.93534758, 47.92883698], [106.93577837, 47.92875191], [106.93714625, 47.92834843], [106.93884557, 47.9279941], [106.94069226, 47.92744053], [106.94228886, 47.92682245], [106.94262951, 47.92711556], [106.94176645, 47.92892386], [106.94247146, 47.92906566], [106.94310675, 47.92889547], [106.9436341, 47.9287542], [106.94410711, 47.92952175], [106.94406002, 47.92953994], [106.94408154, 47.92957843], [106.94395049, 47.92973318], [106.94398421, 47.92983461], [106.94419153, 47.93003177], [106.9442151, 47.93002191], [106.94430017, 47.93010547], [106.94428673, 47.93014321], [106.94431734, 47.93026163], [106.9445869, 47.93031324], [106.94510763, 47.93077936]]]}, "geometry_name": "geom", "properties": {"guid": 32630, "id": 32630, "object_no": null, "object_name": null, "layer_type_id": 143, "valid_to": null, "address_no": null, "border_type": "solid", "border_width": null, "border_color": "#741b47", "border_opacity": 0.5, "border_wellknown": "shape://horizline", "fill_type": "wellknown", "fill_color": "#d5a6bd", "fill_opacity": 1, "fill_wellknown": "shape://backslash", "fill_shape_color": "#d5a6bd", "fill_shape_width": null, "fill_shape_size": 10, "fill_img_url": null, "marker_img_url": null}},{"type": "Feature", "id": "layer_data_map.fid--27e80436_1a098c1eed1_-505e", "geometry": {"type": "Polygon", "coordinates": [[[106.95127668, 47.92985331], [106.95096159, 47.92995665], [106.95056488, 47.93014276], [106.95035506, 47.93034488], [106.94914307, 47.93109988], [106.9488986, 47.93128129], [106.94889199, 47.93139257], [106.94806137, 47.93137583], [106.94792539, 47.93145364], [106.94759344, 47.93147506], [106.94743215, 47.93150905], [106.9467978, 47.93197014], [106.94678306, 47.93209165], [106.9461504, 47.93174192], [106.94576209, 47.93134271], [106.9455352, 47.93127079], [106.94510763, 47.93077936], [106.9445869, 47.93031324], [106.94431734, 47.93026163], [106.94428673, 47.93014321], [106.94430017, 47.93010547], [106.9442151, 47.93002191], [106.94419153, 47.93003177], [106.94398421, 47.92983461], [106.94395049, 47.92973318], [106.94408154, 47.92957843], [106.94406002, 47.92953994], [106.94410711, 47.92952175], [106.9436341, 47.9287542], [106.94310675, 47.92889547], [106.94247146, 47.92906566], [106.94176645, 47.92892386], [106.94262951, 47.92711556], [106.94228886, 47.92682245], [106.94483231, 47.92559149], [106.94689106, 47.92798756], [106.94762928, 47.927756], [106.94854647, 47.92871932], [106.94913652, 47.9285375], [106.94964564, 47.92838061], [106.95026048, 47.92831801], [106.9504034, 47.92842264], [106.95088378, 47.92903228], [106.95127668, 47.92985331]]]}, "geometry_name": "geom", "properties": {"guid": 32631, "id": 32631, "object_no": null, "object_name": null, "layer_type_id": 143, "valid_to": null, "address_no": null, "border_type": "solid", "border_width": null, "border_color": "#741b47", "border_opacity": 0.5, "border_wellknown": "shape://horizline", "fill_type": "wellknown", "fill_color": "#d5a6bd", "fill_opacity": 1, "fill_wellknown": "shape://backslash", "fill_shape_color": "#d5a6bd", "fill_shape_width": null, "fill_shape_size": 10, "fill_img_url": null, "marker_img_url": null}},{"type": "Feature", "id": "layer_data_map.fid--27e80436_1a098c1eed1_-505d", "geometry": {"type": "Polygon", "coordinates": [[[106.99911485, 47.9063238], [106.99934467, 47.90631646], [106.99936508, 47.90654156], [106.99941231, 47.90656935], [106.99946796, 47.90656695], [106.99956592, 47.90761503], [106.99952139, 47.90770713], [106.99952407, 47.90787171], [106.99961226, 47.90832812], [106.99941764, 47.90833458], [106.99928113, 47.90869237], [106.99701231, 47.9086438], [106.99585977, 47.90901752], [106.99259892, 47.90885699], [106.99216946, 47.9087415], [106.99199513, 47.90869516], [106.99186452, 47.90866045], [106.99181431, 47.90830779], [106.99190967, 47.90830151], [106.99186077, 47.90784467], [106.99205273, 47.90781804], [106.99204893, 47.90780641], [106.9921445, 47.90779278], [106.99211965, 47.90768449], [106.99199197, 47.90728462], [106.99187119, 47.90689576], [106.99184911, 47.90665536], [106.99181085, 47.90655119], [106.99179359, 47.90636983], [106.99175113, 47.90637227], [106.99172929, 47.90606184], [106.99252008, 47.9060981], [106.99260432, 47.90623325], [106.99388136, 47.90622964], [106.99421097, 47.90637994], [106.99549981, 47.90631636], [106.9960479, 47.9063286], [106.99645671, 47.90630918], [106.9975482, 47.90636239], [106.99755566, 47.90641697], [106.99911485, 47.9063238]]]}, "geometry_name": "geom", "properties": {"guid": 32632, "id": 32632, "object_no": null, "object_name": null, "layer_type_id": 143, "valid_to": null, "address_no": null, "border_type": "solid", "border_width": null, "border_color": "#741b47", "border_opacity": 0.5, "border_wellknown": "shape://horizline", "fill_type": "wellknown", "fill_color": "#d5a6bd", "fill_opacity": 1, "fill_wellknown": "shape://backslash", "fill_shape_color": "#d5a6bd", "fill_shape_width": null, "fill_shape_size": 10, "fill_img_url": null, "marker_img_url": null}},{"type": "Feature", "id": "layer_data_map.fid--27e80436_1a098c1eed1_-505c", "geometry": {"type": "Polygon", "coordinates": [[[107.00427129, 47.90845827], [107.00400824, 47.90848086], [106.9997602, 47.9082399], [106.99974885, 47.90832775], [106.99961226, 47.90832812], [106.99952407, 47.90787171], [106.99952416, 47.90770793], [106.99956585, 47.90761425], [106.9994737, 47.9065667], [106.99941426, 47.90656922], [106.99936508, 47.90654156], [106.9993419, 47.90631623], [106.99755363, 47.90641709], [106.99755357, 47.90636265], [106.99645671, 47.90630918], [106.9960479, 47.90632861], [106.99580043, 47.90631696], [106.99546671, 47.9063163], [106.9942103, 47.90637997], [106.99388136, 47.90622964], [106.99260435, 47.90623325], [106.99252008, 47.9060981], [106.99251983, 47.90573456], [106.99274013, 47.90573683], [106.99272876, 47.90548627], [106.99253207, 47.90542766], [106.99250565, 47.90535245], [106.99245122, 47.90530258], [106.99215239, 47.90416181], [106.99661282, 47.90348681], [107.00146624, 47.90329727], [107.00146691, 47.90329725], [107.00216957, 47.9032696], [107.00427129, 47.90845827]]]}, "geometry_name": "geom", "properties": {"guid": 32633, "id": 32633, "object_no": null, "object_name": null, "layer_type_id": 143, "valid_to": null, "address_no": null, "border_type": "solid", "border_width": null, "border_color": "#741b47", "border_opacity": 0.5, "border_wellknown": "shape://horizline", "fill_type": "wellknown", "fill_color": "#d5a6bd", "fill_opacity": 1, "fill_wellknown": "shape://backslash", "fill_shape_color": "#d5a6bd", "fill_shape_width": null, "fill_shape_size": 10, "fill_img_url": null, "marker_img_url": null}},{"type": "Feature", "id": "layer_data_map.fid--27e80436_1a098c1eed1_-505b", "geometry": {"type": "Polygon", "coordinates": [[[107.00910543, 47.90830183], [107.00867229, 47.90848], [107.00498457, 47.91037598], [107.00427129, 47.90845827], [107.00216957, 47.9032696], [107.00220205, 47.90326832], [107.00410503, 47.9032038], [107.00539172, 47.90318884], [107.00627977, 47.9031812], [107.00910543, 47.90830183]]]}, "geometry_name": "geom", "properties": {"guid": 32634, "id": 32634, "object_no": null, "object_name": null, "layer_type_id": 143, "valid_to": null, "address_no": null, "border_type": "solid", "border_width": null, "border_color": "#741b47", "border_opacity": 0.5, "border_wellknown": "shape://horizline", "fill_type": "wellknown", "fill_color": "#d5a6bd", "fill_opacity": 1, "fill_wellknown": "shape://backslash", "fill_shape_color": "#d5a6bd", "fill_shape_width": null, "fill_shape_size": 10, "fill_img_url": null, "marker_img_url": null}},{"type": "Feature", "id": "layer_data_map.fid--27e80436_1a098c1eed1_-505a", "geometry": {"type": "Polygon", "coordinates": [[[106.99184975, 47.90666228], [106.99187119, 47.90689576], [106.99211397, 47.90766671], [106.9921445, 47.90779278], [106.99204893, 47.90780641], [106.99205251, 47.90781807], [106.99186077, 47.90784467], [106.99190967, 47.90830151], [106.99181429, 47.90830765], [106.99186452, 47.90866045], [106.99259892, 47.90885699], [106.99195143, 47.90878468], [106.99082154, 47.90885047], [106.9895306, 47.90902306], [106.98808035, 47.90917401], [106.98789074, 47.90916844], [106.98703542, 47.90925444], [106.98556188, 47.90937373], [106.98414873, 47.90943124], [106.98351332, 47.90953916], [106.98346927, 47.90947893], [106.98346851, 47.90928556], [106.98345028, 47.90896883], [106.98344092, 47.908969], [106.98343839, 47.90890293], [106.9835256, 47.9089025], [106.98353481, 47.90869583], [106.98365036, 47.90832497], [106.98353418, 47.90825841], [106.98375074, 47.90767295], [106.98373584, 47.90749332], [106.98373126, 47.90745059], [106.98370674, 47.90729937], [106.98369645, 47.90673307], [106.98369492, 47.90666593], [106.98369013, 47.90662113], [106.98364858, 47.90647228], [106.98363709, 47.90645161], [106.98362114, 47.90640884], [106.98354135, 47.90635829], [106.98348786, 47.90609668], [106.98344127, 47.9058688], [106.98324003, 47.90537452], [106.98743055, 47.90480992], [106.98746219, 47.90480566], [106.98965087, 47.90454028], [106.98968637, 47.90453491], [106.99215239, 47.90416181], [106.99245122, 47.90530258], [106.99250565, 47.90535245], [106.99253207, 47.90542766], [106.99272876, 47.90548627], [106.99274013, 47.90573683], [106.99251983, 47.90573456], [106.99252008, 47.9060981], [106.99172929, 47.90606184], [106.99175113, 47.90637227], [106.99179365, 47.90637044], [106.99181085, 47.90655119], [106.99184975, 47.90666228]]]}, "geometry_name": "geom", "properties": {"guid": 32635, "id": 32635, "object_no": null, "object_name": null, "layer_type_id": 143, "valid_to": null, "address_no": null, "border_type": "solid", "border_width": null, "border_color": "#741b47", "border_opacity": 0.5, "border_wellknown": "shape://horizline", "fill_type": "wellknown", "fill_color": "#d5a6bd", "fill_opacity": 1, "fill_wellknown": "shape://backslash", "fill_shape_color": "#d5a6bd", "fill_shape_width": null, "fill_shape_size": 10, "fill_img_url": null, "marker_img_url": null}},{"type": "Feature", "id": "layer_data_map.fid--27e80436_1a098c1eed1_-5059", "geometry": {"type": "Polygon", "coordinates": [[[106.99224985, 47.91282637], [106.98347018, 47.91234627], [106.98348714, 47.91158275], [106.9834938, 47.91128288], [106.98350093, 47.9109622], [106.98351046, 47.91053289], [106.98351332, 47.90953916], [106.98414873, 47.90943124], [106.98556188, 47.90937373], [106.98703542, 47.90925444], [106.98789074, 47.90916844], [106.98808035, 47.90917401], [106.9895306, 47.90902306], [106.99082154, 47.90885047], [106.99195143, 47.90878468], [106.99259892, 47.90885699], [106.99262462, 47.90889024], [106.99263977, 47.90890928], [106.99224985, 47.91282637]]]}, "geometry_name": "geom", "properties": {"guid": 32636, "id": 32636, "object_no": null, "object_name": null, "layer_type_id": 143, "valid_to": null, "address_no": null, "border_type": "solid", "border_width": null, "border_color": "#741b47", "border_opacity": 0.5, "border_wellknown": "shape://horizline", "fill_type": "wellknown", "fill_color": "#d5a6bd", "fill_opacity": 1, "fill_wellknown": "shape://backslash", "fill_shape_color": "#d5a6bd", "fill_shape_width": null, "fill_shape_size": 10, "fill_img_url": null, "marker_img_url": null}},{"type": "Feature", "id": "layer_data_map.fid--27e80436_1a098c1eed1_-5058", "geometry": {"type": "Polygon", "coordinates": [[[106.82437869, 47.92482459], [106.82446452, 47.92224647], [106.82592876, 47.92221397], [106.82703198, 47.9222036], [106.82808789, 47.92224316], [106.82837927, 47.92243389], [106.82845245, 47.92252125], [106.82858444, 47.92327671], [106.82885435, 47.9236709], [106.82900174, 47.92396636], [106.82903858, 47.92454565], [106.82925656, 47.92455724], [106.82922154, 47.92484532], [106.82912736, 47.92503125], [106.82893865, 47.92542574], [106.82875248, 47.92541963], [106.82848526, 47.9254108], [106.82820767, 47.92540165], [106.82822938, 47.92551156], [106.82807269, 47.92557638], [106.82784444, 47.92536866], [106.82714142, 47.92577029], [106.8270423, 47.9258211], [106.8268388, 47.92586038], [106.82626542, 47.92584939], [106.82599618, 47.92584303], [106.82568786, 47.92583668], [106.82558119, 47.92590532], [106.82549935, 47.92611733], [106.82543546, 47.92610819], [106.82502991, 47.92609333], [106.82486617, 47.92609374], [106.82466718, 47.92608234], [106.82448931, 47.92607995], [106.82443275, 47.92584098], [106.82443836, 47.92540296], [106.8244148, 47.92522603], [106.82437869, 47.92482459]]]}, "geometry_name": "geom", "properties": {"guid": 32637, "id": 32637, "object_no": null, "object_name": null, "layer_type_id": 143, "valid_to": null, "address_no": null, "border_type": "solid", "border_width": null, "border_color": "#741b47", "border_opacity": 0.5, "border_wellknown": "shape://horizline", "fill_type": "wellknown", "fill_color": "#d5a6bd", "fill_opacity": 1, "fill_wellknown": "shape://backslash", "fill_shape_color": "#d5a6bd", "fill_shape_width": null, "fill_shape_size": 10, "fill_img_url": null, "marker_img_url": null}},{"type": "Feature", "id": "layer_data_map.fid--27e80436_1a098c1eed1_-5057", "geometry": {"type": "Polygon", "coordinates": [[[106.98324003, 47.90537452], [106.98344127, 47.9058688], [106.98348786, 47.90609668], [106.98354135, 47.90635829], [106.98362114, 47.90640884], [106.98363709, 47.90645161], [106.98364858, 47.90647228], [106.98369013, 47.90662113], [106.98369492, 47.90666593], [106.98369645, 47.90673307], [106.98370674, 47.90729937], [106.98373126, 47.90745059], [106.98373584, 47.90749332], [106.98375074, 47.90767295], [106.98353418, 47.90825841], [106.98365036, 47.90832497], [106.98353481, 47.90869583], [106.9835256, 47.9089025], [106.98343839, 47.90890293], [106.98317953, 47.90889906], [106.98318025, 47.90891794], [106.98302451, 47.90892063], [106.98288217, 47.90890512], [106.98289165, 47.90896308], [106.98290216, 47.90901659], [106.98229645, 47.90901713], [106.98229125, 47.90898902], [106.98203222, 47.90896329], [106.98193834, 47.9089446], [106.98097048, 47.90879102], [106.97987985, 47.90872635], [106.97967761, 47.90867666], [106.97891202, 47.90867354], [106.97722561, 47.90884426], [106.97496075, 47.90905575], [106.97389572, 47.90982953], [106.97386545, 47.90981157], [106.97206793, 47.90874466], [106.97164062, 47.90854257], [106.97180237, 47.90838796], [106.97345983, 47.90732019], [106.9736358, 47.9072072], [106.97353815, 47.9067125], [106.97797126, 47.90608415], [106.98324003, 47.90537452]]]}, "geometry_name": "geom", "properties": {"guid": 32638, "id": 32638, "object_no": null, "object_name": null, "layer_type_id": 143, "valid_to": null, "address_no": null, "border_type": "solid", "border_width": null, "border_color": "#741b47", "border_opacity": 0.5, "border_wellknown": "shape://horizline", "fill_type": "wellknown", "fill_color": "#d5a6bd", "fill_opacity": 1, "fill_wellknown": "shape://backslash", "fill_shape_color": "#d5a6bd", "fill_shape_width": null, "fill_shape_size": 10, "fill_img_url": null, "marker_img_url": null}},{"type": "Feature", "id": "layer_data_map.fid--27e80436_1a098c1eed1_-5056", "geometry": {"type": "Polygon", "coordinates": [[[106.98351046, 47.91053289], [106.98350093, 47.9109622], [106.9834938, 47.91128288], [106.98348714, 47.91158275], [106.98347018, 47.91234627], [106.97758333, 47.91201805], [106.97447298, 47.91017214], [106.97389572, 47.90982953], [106.97496075, 47.90905575], [106.97722561, 47.90884426], [106.97891202, 47.90867354], [106.97967761, 47.90867666], [106.97987985, 47.90872635], [106.98097048, 47.90879102], [106.98193834, 47.9089446], [106.98203222, 47.90896329], [106.98229125, 47.90898902], [106.98229645, 47.90901713], [106.98290216, 47.90901659], [106.98289165, 47.90896308], [106.98288217, 47.90890512], [106.98302451, 47.90892063], [106.98318025, 47.90891794], [106.98317953, 47.90889906], [106.98343839, 47.90890293], [106.98344092, 47.908969], [106.98345028, 47.90896883], [106.98346851, 47.90928556], [106.98346927, 47.90947893], [106.98351332, 47.90953916], [106.98351046, 47.91053289]]]}, "geometry_name": "geom", "properties": {"guid": 32639, "id": 32639, "object_no": null, "object_name": null, "layer_type_id": 143, "valid_to": null, "address_no": null, "border_type": "solid", "border_width": null, "border_color": "#741b47", "border_opacity": 0.5, "border_wellknown": "shape://horizline", "fill_type": "wellknown", "fill_color": "#d5a6bd", "fill_opacity": 1, "fill_wellknown": "shape://backslash", "fill_shape_color": "#d5a6bd", "fill_shape_width": null, "fill_shape_size": 10, "fill_img_url": null, "marker_img_url": null}},{"type": "Feature", "id": "layer_data_map.fid--27e80436_1a098c1eed1_-5055", "geometry": {"type": "Polygon", "coordinates": [[[106.78468409, 47.87289418], [106.78422692, 47.87229137], [106.78444808, 47.87090996], [106.78477997, 47.8698205], [106.78528505, 47.86888647], [106.78567347, 47.86826945], [106.7880724, 47.8686824], [106.78891049, 47.86880514], [106.78990697, 47.8689004], [106.79107111, 47.86892869], [106.79174182, 47.86897183], [106.79186434, 47.86902208], [106.79101095, 47.86950944], [106.78996387, 47.87018344], [106.78875453, 47.87089864], [106.78726366, 47.87178783], [106.78614389, 47.87253732], [106.78565919, 47.87293549], [106.78468409, 47.87289418]]]}, "geometry_name": "geom", "properties": {"guid": 32640, "id": 32640, "object_no": null, "object_name": null, "layer_type_id": 143, "valid_to": null, "address_no": null, "border_type": "solid", "border_width": null, "border_color": "#741b47", "border_opacity": 0.5, "border_wellknown": "shape://horizline", "fill_type": "wellknown", "fill_color": "#d5a6bd", "fill_opacity": 1, "fill_wellknown": "shape://backslash", "fill_shape_color": "#d5a6bd", "fill_shape_width": null, "fill_shape_size": 10, "fill_img_url": null, "marker_img_url": null}},{"type": "Feature", "id": "layer_data_map.fid--27e80436_1a098c1eed1_-5054", "geometry": {"type": "Polygon", "coordinates": [[[106.78565919, 47.87293549], [106.78614389, 47.87253732], [106.78726366, 47.87178783], [106.78875453, 47.87089864], [106.78996387, 47.87018344], [106.79101095, 47.86950944], [106.79186434, 47.86902208], [106.79210278, 47.86911987], [106.79269645, 47.86923925], [106.792601, 47.86955166], [106.79262535, 47.86963446], [106.79256913, 47.8698595], [106.79250279, 47.86985888], [106.79248072, 47.87006816], [106.79269241, 47.87066167], [106.79282524, 47.87066317], [106.79288917, 47.87097666], [106.79287803, 47.87142355], [106.79276497, 47.87194576], [106.79238478, 47.87260398], [106.79173743, 47.87281739], [106.79070527, 47.87282503], [106.78887012, 47.87254868], [106.78787483, 47.8725303], [106.78705922, 47.87261077], [106.78565919, 47.87293549]]]}, "geometry_name": "geom", "properties": {"guid": 32641, "id": 32641, "object_no": null, "object_name": null, "layer_type_id": 143, "valid_to": null, "address_no": null, "border_type": "solid", "border_width": null, "border_color": "#741b47", "border_opacity": 0.5, "border_wellknown": "shape://horizline", "fill_type": "wellknown", "fill_color": "#d5a6bd", "fill_opacity": 1, "fill_wellknown": "shape://backslash", "fill_shape_color": "#d5a6bd", "fill_shape_width": null, "fill_shape_size": 10, "fill_img_url": null, "marker_img_url": null}},{"type": "Feature", "id": "layer_data_map.fid--27e80436_1a098c1eed1_-5053", "geometry": {"type": "Polygon", "coordinates": [[[106.92713539, 47.93512954], [106.92651631, 47.93560751], [106.92628026, 47.93574279], [106.9257124, 47.93606821], [106.92429451, 47.93657544], [106.9242836, 47.93606126], [106.92434127, 47.93550848], [106.92436394, 47.93490859], [106.92490804, 47.93499561], [106.92546007, 47.93501028], [106.92622561, 47.9350306], [106.92713539, 47.93512954]]]}, "geometry_name": "geom", "properties": {"guid": 32642, "id": 32642, "object_no": null, "object_name": null, "layer_type_id": 143, "valid_to": null, "address_no": null, "border_type": "solid", "border_width": null, "border_color": "#741b47", "border_opacity": 0.5, "border_wellknown": "shape://horizline", "fill_type": "wellknown", "fill_color": "#d5a6bd", "fill_opacity": 1, "fill_wellknown": "shape://backslash", "fill_shape_color": "#d5a6bd", "fill_shape_width": null, "fill_shape_size": 10, "fill_img_url": null, "marker_img_url": null}},{"type": "Feature", "id": "layer_data_map.fid--27e80436_1a098c1eed1_-5052", "geometry": {"type": "Polygon", "coordinates": [[[106.91099435, 47.93338242], [106.90963024, 47.93373897], [106.90791288, 47.934202], [106.90687215, 47.9344417], [106.90583617, 47.93317046], [106.90521569, 47.93229515], [106.90469674, 47.93092464], [106.90467439, 47.93036703], [106.90505425, 47.93039055], [106.90524107, 47.93038459], [106.90554791, 47.93034808], [106.90587988, 47.93030114], [106.906104, 47.93050701], [106.90649365, 47.93074753], [106.90695454, 47.93099878], [106.90737713, 47.93105127], [106.90767849, 47.93105817], [106.90803043, 47.93099578], [106.90832653, 47.93085992], [106.90857255, 47.9308319], [106.91098639, 47.93316658], [106.91099435, 47.93338242]]]}, "geometry_name": "geom", "properties": {"guid": 32643, "id": 32643, "object_no": null, "object_name": null, "layer_type_id": 143, "valid_to": null, "address_no": null, "border_type": "solid", "border_width": null, "border_color": "#741b47", "border_opacity": 0.5, "border_wellknown": "shape://horizline", "fill_type": "wellknown", "fill_color": "#d5a6bd", "fill_opacity": 1, "fill_wellknown": "shape://backslash", "fill_shape_color": "#d5a6bd", "fill_shape_width": null, "fill_shape_size": 10, "fill_img_url": null, "marker_img_url": null}},{"type": "Feature", "id": "layer_data_map.fid--27e80436_1a098c1eed1_-5051", "geometry": {"type": "Polygon", "coordinates": [[[106.81961175, 47.92209368], [106.81990396, 47.9220815], [106.82028349, 47.92208997], [106.82099224, 47.92214728], [106.82146127, 47.92218521], [106.82217019, 47.92224252], [106.8226638, 47.92228643], [106.8230835, 47.92226564], [106.82446452, 47.92224647], [106.82437869, 47.92482459], [106.82377958, 47.92482548], [106.82354663, 47.92480139], [106.82297736, 47.92495656], [106.82251599, 47.92508231], [106.82241433, 47.92514273], [106.82202123, 47.92532658], [106.82172822, 47.92504865], [106.82147417, 47.92514815], [106.82121683, 47.92527676], [106.8210499, 47.92512568], [106.82107712, 47.92509432], [106.82102795, 47.92498928], [106.82074783, 47.92469023], [106.81996666, 47.92442419], [106.81994844, 47.924396], [106.82002903, 47.92427098], [106.81994671, 47.92414497], [106.81965652, 47.9239469], [106.81952451, 47.92379449], [106.81948909, 47.92361279], [106.81954323, 47.92312756], [106.81961175, 47.92209368]]]}, "geometry_name": "geom", "properties": {"guid": 32644, "id": 32644, "object_no": null, "object_name": null, "layer_type_id": 143, "valid_to": null, "address_no": null, "border_type": "solid", "border_width": null, "border_color": "#741b47", "border_opacity": 0.5, "border_wellknown": "shape://horizline", "fill_type": "wellknown", "fill_color": "#d5a6bd", "fill_opacity": 1, "fill_wellknown": "shape://backslash", "fill_shape_color": "#d5a6bd", "fill_shape_width": null, "fill_shape_size": 10, "fill_img_url": null, "marker_img_url": null}},{"type": "Feature", "id": "layer_data_map.fid--27e80436_1a098c1eed1_-5050", "geometry": {"type": "Polygon", "coordinates": [[[106.81923114, 47.87256081], [106.8193634, 47.87079361], [106.82008112, 47.86925375], [106.82395955, 47.87023318], [106.82379053, 47.87086921], [106.82370364, 47.87139063], [106.82350574, 47.87274147], [106.81923114, 47.87256081]]]}, "geometry_name": "geom", "properties": {"guid": 32645, "id": 32645, "object_no": null, "object_name": null, "layer_type_id": 143, "valid_to": null, "address_no": null, "border_type": "solid", "border_width": null, "border_color": "#741b47", "border_opacity": 0.5, "border_wellknown": "shape://horizline", "fill_type": "wellknown", "fill_color": "#d5a6bd", "fill_opacity": 1, "fill_wellknown": "shape://backslash", "fill_shape_color": "#d5a6bd", "fill_shape_width": null, "fill_shape_size": 10, "fill_img_url": null, "marker_img_url": null}},{"type": "Feature", "id": "layer_data_map.fid--27e80436_1a098c1eed1_-504f", "geometry": {"type": "Polygon", "coordinates": [[[106.79662305, 47.8713175], [106.79564643, 47.8721624], [106.79284617, 47.87157835], [106.79287845, 47.87143545], [106.7928886, 47.87102822], [106.79282565, 47.87067507], [106.79269282, 47.87067357], [106.79248072, 47.87006816], [106.79250279, 47.86985888], [106.79256913, 47.8698595], [106.79262576, 47.86964636], [106.79260141, 47.86956356], [106.79269686, 47.86925115], [106.79174182, 47.86897183], [106.78990697, 47.8689004], [106.78895326, 47.86880923], [106.7880724, 47.8686824], [106.78567347, 47.86826945], [106.78754767, 47.86521071], [106.78807072, 47.8637166], [106.78994828, 47.86406339], [106.79240849, 47.86439371], [106.79421919, 47.86429851], [106.7948109, 47.86283109], [106.79541399, 47.8628272], [106.79565654, 47.86470258], [106.79605917, 47.86684483], [106.79649221, 47.87060236], [106.79662305, 47.8713175]]]}, "geometry_name": "geom", "properties": {"guid": 32646, "id": 32646, "object_no": null, "object_name": null, "layer_type_id": 143, "valid_to": null, "address_no": null, "border_type": "solid", "border_width": null, "border_color": "#741b47", "border_opacity": 0.5, "border_wellknown": "shape://horizline", "fill_type": "wellknown", "fill_color": "#d5a6bd", "fill_opacity": 1, "fill_wellknown": "shape://backslash", "fill_shape_color": "#d5a6bd", "fill_shape_width": null, "fill_shape_size": 10, "fill_img_url": null, "marker_img_url": null}},{"type": "Feature", "id": "layer_data_map.fid--27e80436_1a098c1eed1_-504e", "geometry": {"type": "Polygon", "coordinates": [[[106.80247761, 47.86608555], [106.80228007, 47.86752072], [106.80212814, 47.86884773], [106.80182612, 47.87048747], [106.80164069, 47.87164033], [106.80141026, 47.87218269], [106.79662305, 47.8713175], [106.79649221, 47.87060236], [106.79638987, 47.86965693], [106.79605917, 47.86684483], [106.79563448, 47.86458518], [106.79541399, 47.8628272], [106.79782034, 47.86300249], [106.80278609, 47.86341877], [106.80407441, 47.86355283], [106.80427539, 47.86357343], [106.80393571, 47.86438506], [106.80384562, 47.86453383], [106.80366351, 47.8645467], [106.80339846, 47.86497197], [106.8028856, 47.86498063], [106.80247761, 47.86608555]]]}, "geometry_name": "geom", "properties": {"guid": 32647, "id": 32647, "object_no": null, "object_name": null, "layer_type_id": 143, "valid_to": null, "address_no": null, "border_type": "solid", "border_width": null, "border_color": "#741b47", "border_opacity": 0.5, "border_wellknown": "shape://horizline", "fill_type": "wellknown", "fill_color": "#d5a6bd", "fill_opacity": 1, "fill_wellknown": "shape://backslash", "fill_shape_color": "#d5a6bd", "fill_shape_width": null, "fill_shape_size": 10, "fill_img_url": null, "marker_img_url": null}},{"type": "Feature", "id": "layer_data_map.fid--27e80436_1a098c1eed1_-504d", "geometry": {"type": "Polygon", "coordinates": [[[106.80141026, 47.87218269], [106.80164069, 47.87164033], [106.80212814, 47.86884773], [106.80245063, 47.8663726], [106.8027302, 47.86641791], [106.80283498, 47.8664162], [106.80329066, 47.86642094], [106.8036009, 47.86642105], [106.80433943, 47.86648356], [106.80435803, 47.86629556], [106.80413397, 47.86627726], [106.80491025, 47.86497364], [106.80450565, 47.86486088], [106.80482251, 47.86426058], [106.80686476, 47.86481384], [106.8067601, 47.86520863], [106.80642215, 47.8686968], [106.80671607, 47.87198457], [106.81060967, 47.87218452], [106.81020376, 47.87498217], [106.81022638, 47.87553857], [106.80679793, 47.87462648], [106.80629407, 47.87445751], [106.80358519, 47.8735315], [106.80141479, 47.87267339], [106.80141026, 47.87218269]]]}, "geometry_name": "geom", "properties": {"guid": 32648, "id": 32648, "object_no": null, "object_name": null, "layer_type_id": 143, "valid_to": null, "address_no": null, "border_type": "solid", "border_width": null, "border_color": "#741b47", "border_opacity": 0.5, "border_wellknown": "shape://horizline", "fill_type": "wellknown", "fill_color": "#d5a6bd", "fill_opacity": 1, "fill_wellknown": "shape://backslash", "fill_shape_color": "#d5a6bd", "fill_shape_width": null, "fill_shape_size": 10, "fill_img_url": null, "marker_img_url": null}},{"type": "Feature", "id": "layer_data_map.fid--27e80436_1a098c1eed1_-504c", "geometry": {"type": "Polygon", "coordinates": [[[106.81060967, 47.87218452], [106.80671607, 47.87198457], [106.80642215, 47.8686968], [106.8067601, 47.86520863], [106.80950748, 47.865996], [106.80930023, 47.86694939], [106.80982732, 47.86705062], [106.80975813, 47.86724203], [106.81054972, 47.86734181], [106.81067513, 47.86688594], [106.81118099, 47.86702225], [106.81144595, 47.86670881], [106.815918, 47.86800703], [106.81613989, 47.86806317], [106.81609285, 47.8683852], [106.8165145, 47.86850832], [106.81539913, 47.87029432], [106.81498905, 47.87129189], [106.8148424, 47.87236153], [106.81484448, 47.87615176], [106.81349025, 47.87607677], [106.81022635, 47.87553763], [106.81020376, 47.87498217], [106.81060967, 47.87218452]]]}, "geometry_name": "geom", "properties": {"guid": 32649, "id": 32649, "object_no": null, "object_name": null, "layer_type_id": 143, "valid_to": null, "address_no": null, "border_type": "solid", "border_width": null, "border_color": "#741b47", "border_opacity": 0.5, "border_wellknown": "shape://horizline", "fill_type": "wellknown", "fill_color": "#d5a6bd", "fill_opacity": 1, "fill_wellknown": "shape://backslash", "fill_shape_color": "#d5a6bd", "fill_shape_width": null, "fill_shape_size": 10, "fill_img_url": null, "marker_img_url": null}},{"type": "Feature", "id": "layer_data_map.fid--27e80436_1a098c1eed1_-504b", "geometry": {"type": "Polygon", "coordinates": [[[106.81539913, 47.87029432], [106.81554992, 47.87005287], [106.81634954, 47.87009115], [106.81833408, 47.87027425], [106.81829245, 47.87037755], [106.81953755, 47.87043297], [106.81935062, 47.87096433], [106.81923114, 47.87256081], [106.82357527, 47.87277606], [106.82330209, 47.87550728], [106.82337339, 47.8761928], [106.81885435, 47.8762777], [106.81484448, 47.87615176], [106.81484344, 47.87424375], [106.81484305, 47.87354349], [106.8148424, 47.87236153], [106.81498905, 47.87129189], [106.81539913, 47.87029432]]]}, "geometry_name": "geom", "properties": {"guid": 32650, "id": 32650, "object_no": null, "object_name": null, "layer_type_id": 143, "valid_to": null, "address_no": null, "border_type": "solid", "border_width": null, "border_color": "#741b47", "border_opacity": 0.5, "border_wellknown": "shape://horizline", "fill_type": "wellknown", "fill_color": "#d5a6bd", "fill_opacity": 1, "fill_wellknown": "shape://backslash", "fill_shape_color": "#d5a6bd", "fill_shape_width": null, "fill_shape_size": 10, "fill_img_url": null, "marker_img_url": null}},{"type": "Feature", "id": "layer_data_map.fid--27e80436_1a098c1eed1_-504a", "geometry": {"type": "Polygon", "coordinates": [[[106.82357649, 47.87273002], [106.82358756, 47.87231151], [106.82373625, 47.8714745], [106.82382829, 47.87095639], [106.82484573, 47.86984664], [106.82975121, 47.87127089], [106.82959474, 47.87211269], [106.83126986, 47.87231764], [106.83111987, 47.87365571], [106.83285838, 47.87372416], [106.83418828, 47.87380599], [106.83412846, 47.87411339], [106.83398261, 47.8745513], [106.83389095, 47.87462507], [106.83388245, 47.87473198], [106.83376366, 47.8749839], [106.83371015, 47.87545823], [106.83368631, 47.87574429], [106.83306372, 47.8757479], [106.83299288, 47.87635479], [106.82850493, 47.87628371], [106.82623809, 47.87624358], [106.82497893, 47.87622127], [106.82337339, 47.8761928], [106.82330209, 47.87550728], [106.82357527, 47.87277606], [106.82357649, 47.87273002]]]}, "geometry_name": "geom", "properties": {"guid": 32651, "id": 32651, "object_no": null, "object_name": null, "layer_type_id": 143, "valid_to": null, "address_no": null, "border_type": "solid", "border_width": null, "border_color": "#741b47", "border_opacity": 0.5, "border_wellknown": "shape://horizline", "fill_type": "wellknown", "fill_color": "#d5a6bd", "fill_opacity": 1, "fill_wellknown": "shape://backslash", "fill_shape_color": "#d5a6bd", "fill_shape_width": null, "fill_shape_size": 10, "fill_img_url": null, "marker_img_url": null}},{"type": "Feature", "id": "layer_data_map.fid--27e80436_1a098c1eed1_-5049", "geometry": {"type": "Polygon", "coordinates": [[[106.90469674, 47.93092464], [106.90414423, 47.9308592], [106.9038318, 47.93097576], [106.90365436, 47.93113531], [106.90328359, 47.93139184], [106.90289284, 47.9316622], [106.90255374, 47.93174992], [106.90241033, 47.93164257], [106.90193223, 47.93175505], [106.90140776, 47.93184357], [106.90060398, 47.93204333], [106.90002705, 47.93232538], [106.89948979, 47.93274832], [106.89891081, 47.93304558], [106.89853966, 47.93320395], [106.89830735, 47.93305227], [106.89835092, 47.93295695], [106.89803006, 47.93278649], [106.89775175, 47.93309704], [106.89727559, 47.93368898], [106.89701902, 47.93410077], [106.89694922, 47.93440468], [106.89583165, 47.93396227], [106.89531818, 47.93477607], [106.89464854, 47.93390151], [106.89353181, 47.93248249], [106.89334419, 47.93219514], [106.89329906, 47.93192925], [106.89336442, 47.93170774], [106.89345962, 47.93125597], [106.89354961, 47.92965477], [106.8935415, 47.92943279], [106.89379418, 47.92892215], [106.89407139, 47.92848192], [106.89411438, 47.92843693], [106.89433522, 47.92837329], [106.89503229, 47.92726348], [106.89579452, 47.92726232], [106.89586007, 47.9266874], [106.89624175, 47.92656682], [106.8965925, 47.92637534], [106.89682373, 47.92611202], [106.89717342, 47.92589198], [106.90353292, 47.92776517], [106.90457821, 47.92804947], [106.9045481, 47.92834067], [106.90464344, 47.92938121], [106.90469146, 47.93091069], [106.90469674, 47.93092464]]]}, "geometry_name": "geom", "properties": {"guid": 33525, "id": 33525, "object_no": null, "object_name": null, "layer_type_id": 143, "valid_to": null, "address_no": null, "border_type": "solid", "border_width": null, "border_color": "#741b47", "border_opacity": 0.5, "border_wellknown": "shape://horizline", "fill_type": "wellknown", "fill_color": "#d5a6bd", "fill_opacity": 1, "fill_wellknown": "shape://backslash", "fill_shape_color": "#d5a6bd", "fill_shape_width": null, "fill_shape_size": 10, "fill_img_url": null, "marker_img_url": null}},{"type": "Feature", "id": "layer_data_map.fid--27e80436_1a098c1eed1_-5048", "geometry": {"type": "Polygon", "coordinates": [[[106.92480719, 47.95834602], [106.92472512, 47.96353564], [106.9242186, 47.96423343], [106.92412012, 47.96465628], [106.92485838, 47.96558847], [106.9249243, 47.96685118], [106.92427754, 47.96735984], [106.9201217, 47.96869822], [106.91976921, 47.96996784], [106.9201332, 47.9730226], [106.92166071, 47.97515667], [106.92186116, 47.97616763], [106.92040724, 47.97589903], [106.9195106, 47.9758383], [106.91915327, 47.97576554], [106.91874715, 47.9756228], [106.91857024, 47.97553604], [106.91835083, 47.9753842], [106.91833017, 47.9753548], [106.91823243, 47.9754479], [106.91786005, 47.97555986], [106.9173116, 47.97556866], [106.91706611, 47.97556833], [106.91656061, 47.97576535], [106.91639029, 47.9758794], [106.91624734, 47.97600212], [106.91593059, 47.97609956], [106.91544874, 47.97628428], [106.91538495, 47.97621337], [106.91461497, 47.97643406], [106.91440246, 47.97555246], [106.91395183, 47.97467921], [106.91397339, 47.97372147], [106.91345774, 47.97317176], [106.91358082, 47.97191964], [106.91188519, 47.97185696], [106.91020566, 47.97223724], [106.91008303, 47.9725802], [106.9092549, 47.97262799], [106.90931762, 47.97203604], [106.90906973, 47.97105179], [106.90899687, 47.97089873], [106.90880029, 47.97089823], [106.90871745, 47.97091093], [106.90868135, 47.97080843], [106.90863319, 47.97081565], [106.90837717, 47.9704525], [106.90809823, 47.97052405], [106.90746168, 47.96965206], [106.90683693, 47.9689213], [106.90629826, 47.96853659], [106.90683531, 47.968216], [106.90732606, 47.9679186], [106.90800669, 47.96765088], [106.91154245, 47.96608929], [106.9087529, 47.96418287], [106.9111459, 47.96344953], [106.91181519, 47.96292229], [106.91360769, 47.96236533], [106.91446625, 47.96199073], [106.91499367, 47.96113096], [106.91502867, 47.96034285], [106.91586085, 47.95947748], [106.91624637, 47.95924627], [106.91628572, 47.95939297], [106.91837835, 47.95916136], [106.91888395, 47.95916279], [106.91986379, 47.95904718], [106.91985479, 47.95871238], [106.92034082, 47.9586003], [106.92040447, 47.95870936], [106.9219642, 47.9583446], [106.9223859, 47.95832666], [106.92480719, 47.95834602]]]}, "geometry_name": "geom", "properties": {"guid": 1421326, "id": 1421326, "object_no": null, "object_name": null, "layer_type_id": 143, "valid_to": null, "address_no": null, "border_type": "solid", "border_width": null, "border_color": "#741b47", "border_opacity": 0.5, "border_wellknown": "shape://horizline", "fill_type": "wellknown", "fill_color": "#d5a6bd", "fill_opacity": 1, "fill_wellknown": "shape://backslash", "fill_shape_color": "#d5a6bd", "fill_shape_width": null, "fill_shape_size": 10, "fill_img_url": null, "marker_img_url": null}},{"type": "Feature", "id": "layer_data_map.fid--27e80436_1a098c1eed1_-5047", "geometry": {"type": "Polygon", "coordinates": [[[106.82519451, 47.95912573], [106.82489365, 47.95906177], [106.82442016, 47.95892957], [106.82369017, 47.95853715], [106.82342582, 47.95835062], [106.82385099, 47.95809788], [106.82345439, 47.95779338], [106.82318726, 47.95753329], [106.8230033, 47.95719973], [106.8227001, 47.95629897], [106.82217036, 47.9547251], [106.82172769, 47.95340986], [106.81724467, 47.95409079], [106.81679794, 47.95281377], [106.82570883, 47.95149111], [106.82541443, 47.94994666], [106.82951, 47.94990218], [106.82974909, 47.95091598], [106.83026148, 47.95317292], [106.83082655, 47.95323675], [106.83272098, 47.95348734], [106.83382876, 47.95359143], [106.83561687, 47.95385127], [106.83624545, 47.95383173], [106.83720923, 47.95378324], [106.83775444, 47.95376744], [106.83875906, 47.95375186], [106.83992397, 47.95358619], [106.84082096, 47.95343736], [106.84174774, 47.95334876], [106.84377408, 47.95320816], [106.845163, 47.95317978], [106.84574767, 47.9532089], [106.8459498, 47.95323296], [106.84595, 47.95331937], [106.84594606, 47.95377788], [106.84588422, 47.95427381], [106.84575465, 47.95525329], [106.84562711, 47.9560703], [106.84558012, 47.95632784], [106.84550386, 47.95660406], [106.8454486, 47.95676124], [106.84508732, 47.95755101], [106.84489782, 47.95782623], [106.84480229, 47.95793839], [106.84467083, 47.95811512], [106.84458364, 47.9583869], [106.84454471, 47.95860176], [106.84441932, 47.95897798], [106.84410604, 47.95951565], [106.84377149, 47.96032123], [106.8437585, 47.96052612], [106.84405535, 47.96153373], [106.844065, 47.96166414], [106.84394414, 47.96250717], [106.84391525, 47.96266594], [106.84318916, 47.96254524], [106.84211045, 47.96236221], [106.84024592, 47.9620386], [106.83970859, 47.9619424], [106.83765468, 47.96155352], [106.83700314, 47.96145684], [106.83653149, 47.96140243], [106.83594995, 47.96137112], [106.83488502, 47.96134441], [106.83344032, 47.96130131], [106.83261463, 47.9612654], [106.83241243, 47.96128284], [106.83203698, 47.96125135], [106.83184434, 47.96120074], [106.83060839, 47.96104633], [106.83009403, 47.96096237], [106.82956709, 47.96085282], [106.8290325, 47.96072787], [106.82852571, 47.96062798], [106.82812158, 47.96060101], [106.82736566, 47.96055596], [106.82699818, 47.9605712], [106.82690057, 47.96038121], [106.8266145, 47.95969457], [106.82652048, 47.95915905], [106.82634998, 47.95918623], [106.82594619, 47.95919492], [106.82555448, 47.95917197], [106.82519451, 47.95912573]]]}, "geometry_name": "geom", "properties": {"guid": 1421327, "id": 1421327, "object_no": null, "object_name": null, "layer_type_id": 143, "valid_to": null, "address_no": null, "border_type": "solid", "border_width": null, "border_color": "#741b47", "border_opacity": 0.5, "border_wellknown": "shape://horizline", "fill_type": "wellknown", "fill_color": "#d5a6bd", "fill_opacity": 1, "fill_wellknown": "shape://backslash", "fill_shape_color": "#d5a6bd", "fill_shape_width": null, "fill_shape_size": 10, "fill_img_url": null, "marker_img_url": null}},{"type": "Feature", "id": "layer_data_map.fid--27e80436_1a098c1eed1_-5046", "geometry": {"type": "Polygon", "coordinates": [[[106.9671837, 47.92391072], [106.96730068, 47.92253871], [106.96663639, 47.92257626], [106.96646243, 47.92177046], [106.96856032, 47.92163897], [106.96850119, 47.92067995], [106.96978559, 47.92070952], [106.96982318, 47.9208666], [106.97099365, 47.9209037], [106.97107057, 47.92058698], [106.97216451, 47.92115529], [106.97238549, 47.92169136], [106.97317432, 47.92187554], [106.97387116, 47.9219129], [106.97411495, 47.92391012], [106.9734552, 47.92397697], [106.97260584, 47.92401761], [106.97165729, 47.92403746], [106.97131993, 47.92406662], [106.97082135, 47.92407669], [106.96992939, 47.9240471], [106.96945781, 47.92401901], [106.96878283, 47.92396341], [106.9671837, 47.92391072]]]}, "geometry_name": "geom", "properties": {"guid": 1427525, "id": 1427525, "object_no": null, "object_name": null, "layer_type_id": 143, "valid_to": null, "address_no": null, "border_type": "solid", "border_width": null, "border_color": "#741b47", "border_opacity": 0.5, "border_wellknown": "shape://horizline", "fill_type": "wellknown", "fill_color": "#d5a6bd", "fill_opacity": 1, "fill_wellknown": "shape://backslash", "fill_shape_color": "#d5a6bd", "fill_shape_width": null, "fill_shape_size": 10, "fill_img_url": null, "marker_img_url": null}},{"type": "Feature", "id": "layer_data_map.fid--27e80436_1a098c1eed1_-5045", "geometry": {"type": "Polygon", "coordinates": [[[106.96695004, 47.91214098], [106.9679823, 47.91217259], [106.97216824, 47.91211721], [106.97213996, 47.91328928], [106.97148659, 47.91331734], [106.97147973, 47.91367902], [106.97079579, 47.91390562], [106.97084574, 47.91426404], [106.97092699, 47.91442484], [106.97096404, 47.91461826], [106.96967254, 47.91466112], [106.96966552, 47.91469266], [106.96915187, 47.91472991], [106.96917145, 47.91481457], [106.96894608, 47.914834], [106.9687426, 47.91423497], [106.96725924, 47.9143462], [106.96695558, 47.91422791], [106.96683993, 47.91414193], [106.96682855, 47.91390503], [106.96696449, 47.91378106], [106.96712672, 47.9128771], [106.96705519, 47.91282553], [106.96702459, 47.91252248], [106.96689879, 47.91247941], [106.9668748, 47.91223589], [106.96695004, 47.91214098]]]}, "geometry_name": "geom", "properties": {"guid": 3075574, "id": 3075574, "object_no": null, "object_name": null, "layer_type_id": 143, "valid_to": null, "address_no": null, "border_type": "solid", "border_width": null, "border_color": "#741b47", "border_opacity": 0.5, "border_wellknown": "shape://horizline", "fill_type": "wellknown", "fill_color": "#d5a6bd", "fill_opacity": 1, "fill_wellknown": "shape://backslash", "fill_shape_color": "#d5a6bd", "fill_shape_width": null, "fill_shape_size": 10, "fill_img_url": null, "marker_img_url": null}}]}