{"type":"FeatureCollection","features":[{"type": "Feature", "id": "layer_data_map.fid--27e80436_1a098b908f8_-3e72", "geometry": {"type": "Point", "coordinates": [106.92453584, 47.92648217]}, "geometry_name": "geom", "properties": {"guid": 4989, "id": 4989, "object_no": null, "object_name": null, "layer_type_id": 214, "valid_to": null, "address_no": null, "border_type": "solid", "border_width": null, "border_color": "#45818e", "border_opacity": null, "border_wellknown": "shape://horizline", "fill_type": "color", "fill_color": "#a2c4c9", "fill_opacity": null, "fill_wellknown": null, "fill_shape_color": null, "fill_shape_width": null, "fill_shape_size": null, "fill_img_url": null, "marker_img_url": "marker_img_url/6396927721e3a.png"}},{"type": "Feature", "id": "layer_data_map.fid--27e80436_1a098b908f8_-3e71", "geometry": {"type": "Point", "coordinates": [106.94956349, 47.92023565]}, "geometry_name": "geom", "properties": {"guid": 4990, "id": 4990, "object_no": null, "object_name": null, "layer_type_id": 214, "valid_to": null, "address_no": null, "border_type": "solid", "border_width": null, "border_color": "#45818e", "border_opacity": null, "border_wellknown": "shape://horizline", "fill_type": "color", "fill_color": "#a2c4c9", "fill_opacity": null, "fill_wellknown": null, "fill_shape_color": null, "fill_shape_width": null, "fill_shape_size": null, "fill_img_url": null, "marker_img_url": "marker_img_url/6396927721e3a.png"}},{"type": "Feature", "id": "layer_data_map.fid--27e80436_1a098b908f8_-3e70", "geometry": {"type": "Point", "coordinates": [106.91936672, 47.92975595]}, "geometry_name": "geom", "properties": {"guid": 4991, "id": 4991, "object_no": null, "object_name": null, "layer_type_id": 214, "valid_to": null, "address_no": null, "border_type": "solid", "border_width": null, "border_color": "#45818e", "border_opacity": null, "border_wellknown": "shape://horizline", "fill_type": "color", "fill_color": "#a2c4c9", "fill_opacity": null, "fill_wellknown": null, "fill_shape_color": null, "fill_shape_width": null, "fill_shape_size": null, "fill_img_url": null, "marker_img_url": "marker_img_url/6396927721e3a.png"}},{"type": "Feature", "id": "layer_data_map.fid--27e80436_1a098b908f8_-3e6f", "geometry": {"type": "Point", "coordinates": [106.90917043, 47.91913081]}, "geometry_name": "geom", "properties": {"guid": 4992, "id": 4992, "object_no": null, "object_name": null, "layer_type_id": 214, "valid_to": null, "address_no": null, "border_type": "solid", "border_width": null, "border_color": "#45818e", "border_opacity": null, "border_wellknown": "shape://horizline", "fill_type": "color", "fill_color": "#a2c4c9", "fill_opacity": null, "fill_wellknown": null, "fill_shape_color": null, "fill_shape_width": null, "fill_shape_size": null, "fill_img_url": null, "marker_img_url": "marker_img_url/6396927721e3a.png"}},{"type": "Feature", "id": "layer_data_map.fid--27e80436_1a098b908f8_-3e6e", "geometry": {"type": "Point", "coordinates": [106.9118555, 47.91540921]}, "geometry_name": "geom", "properties": {"guid": 4993, "id": 4993, "object_no": null, "object_name": null, "layer_type_id": 214, "valid_to": null, "address_no": null, "border_type": "solid", "border_width": null, "border_color": "#45818e", "border_opacity": null, "border_wellknown": "shape://horizline", "fill_type": "color", "fill_color": "#a2c4c9", "fill_opacity": null, "fill_wellknown": null, "fill_shape_color": null, "fill_shape_width": null, "fill_shape_size": null, "fill_img_url": null, "marker_img_url": "marker_img_url/6396927721e3a.png"}},{"type": "Feature", "id": "layer_data_map.fid--27e80436_1a098b908f8_-3e6d", "geometry": {"type": "Point", "coordinates": [106.9111631, 47.92512154]}, "geometry_name": "geom", "properties": {"guid": 4994, "id": 4994, "object_no": null, "object_name": null, "layer_type_id": 214, "valid_to": null, "address_no": null, "border_type": "solid", "border_width": null, "border_color": "#45818e", "border_opacity": null, "border_wellknown": "shape://horizline", "fill_type": "color", "fill_color": "#a2c4c9", "fill_opacity": null, "fill_wellknown": null, "fill_shape_color": null, "fill_shape_width": null, "fill_shape_size": null, "fill_img_url": null, "marker_img_url": "marker_img_url/6396927721e3a.png"}},{"type": "Feature", "id": "layer_data_map.fid--27e80436_1a098b908f8_-3e6c", "geometry": {"type": "Point", "coordinates": [106.90645074, 47.92639181]}, "geometry_name": "geom", "properties": {"guid": 4995, "id": 4995, "object_no": null, "object_name": null, "layer_type_id": 214, "valid_to": null, "address_no": null, "border_type": "solid", "border_width": null, "border_color": "#45818e", "border_opacity": null, "border_wellknown": "shape://horizline", "fill_type": "color", "fill_color": "#a2c4c9", "fill_opacity": null, "fill_wellknown": null, "fill_shape_color": null, "fill_shape_width": null, "fill_shape_size": null, "fill_img_url": null, "marker_img_url": "marker_img_url/6396927721e3a.png"}},{"type": "Feature", "id": "layer_data_map.fid--27e80436_1a098b908f8_-3e6b", "geometry": {"type": "Point", "coordinates": [106.79523454, 47.92147293]}, "geometry_name": "geom", "properties": {"guid": 4996, "id": 4996, "object_no": null, "object_name": null, "layer_type_id": 214, "valid_to": null, "address_no": null, "border_type": "solid", "border_width": null, "border_color": "#45818e", "border_opacity": null, "border_wellknown": "shape://horizline", "fill_type": "color", "fill_color": "#a2c4c9", "fill_opacity": null, "fill_wellknown": null, "fill_shape_color": null, "fill_shape_width": null, "fill_shape_size": null, "fill_img_url": null, "marker_img_url": "marker_img_url/6396927721e3a.png"}},{"type": "Feature", "id": "layer_data_map.fid--27e80436_1a098b908f8_-3e6a", "geometry": {"type": "Point", "coordinates": [106.76358005, 47.85974647]}, "geometry_name": "geom", "properties": {"guid": 4997, "id": 4997, "object_no": null, "object_name": null, "layer_type_id": 214, "valid_to": null, "address_no": null, "border_type": "solid", "border_width": null, "border_color": "#45818e", "border_opacity": null, "border_wellknown": "shape://horizline", "fill_type": "color", "fill_color": "#a2c4c9", "fill_opacity": null, "fill_wellknown": null, "fill_shape_color": null, "fill_shape_width": null, "fill_shape_size": null, "fill_img_url": null, "marker_img_url": "marker_img_url/6396927721e3a.png"}},{"type": "Feature", "id": "layer_data_map.fid--27e80436_1a098b908f8_-3e69", "geometry": {"type": "Point", "coordinates": [106.8485087, 47.95409186]}, "geometry_name": "geom", "properties": {"guid": 4998, "id": 4998, "object_no": null, "object_name": null, "layer_type_id": 214, "valid_to": null, "address_no": null, "border_type": "solid", "border_width": null, "border_color": "#45818e", "border_opacity": null, "border_wellknown": "shape://horizline", "fill_type": "color", "fill_color": "#a2c4c9", "fill_opacity": null, "fill_wellknown": null, "fill_shape_color": null, "fill_shape_width": null, "fill_shape_size": null, "fill_img_url": null, "marker_img_url": "marker_img_url/6396927721e3a.png"}},{"type": "Feature", "id": "layer_data_map.fid--27e80436_1a098b908f8_-3e68", "geometry": {"type": "Point", "coordinates": [106.89846654, 47.96056657]}, "geometry_name": "geom", "properties": {"guid": 4999, "id": 4999, "object_no": null, "object_name": null, "layer_type_id": 214, "valid_to": null, "address_no": null, "border_type": "solid", "border_width": null, "border_color": "#45818e", "border_opacity": null, "border_wellknown": "shape://horizline", "fill_type": "color", "fill_color": "#a2c4c9", "fill_opacity": null, "fill_wellknown": null, "fill_shape_color": null, "fill_shape_width": null, "fill_shape_size": null, "fill_img_url": null, "marker_img_url": "marker_img_url/6396927721e3a.png"}},{"type": "Feature", "id": "layer_data_map.fid--27e80436_1a098b908f8_-3e67", "geometry": {"type": "Point", "coordinates": [106.9187264, 47.96539405]}, "geometry_name": "geom", "properties": {"guid": 5000, "id": 5000, "object_no": null, "object_name": null, "layer_type_id": 214, "valid_to": null, "address_no": null, "border_type": "solid", "border_width": null, "border_color": "#45818e", "border_opacity": null, "border_wellknown": "shape://horizline", "fill_type": "color", "fill_color": "#a2c4c9", "fill_opacity": null, "fill_wellknown": null, "fill_shape_color": null, "fill_shape_width": null, "fill_shape_size": null, "fill_img_url": null, "marker_img_url": "marker_img_url/6396927721e3a.png"}},{"type": "Feature", "id": "layer_data_map.fid--27e80436_1a098b908f8_-3e66", "geometry": {"type": "Point", "coordinates": [106.90339943, 47.95690286]}, "geometry_name": "geom", "properties": {"guid": 5001, "id": 5001, "object_no": null, "object_name": null, "layer_type_id": 214, "valid_to": null, "address_no": null, "border_type": "solid", "border_width": null, "border_color": "#45818e", "border_opacity": null, "border_wellknown": "shape://horizline", "fill_type": "color", "fill_color": "#a2c4c9", "fill_opacity": null, "fill_wellknown": null, "fill_shape_color": null, "fill_shape_width": null, "fill_shape_size": null, "fill_img_url": null, "marker_img_url": "marker_img_url/6396927721e3a.png"}},{"type": "Feature", "id": "layer_data_map.fid--27e80436_1a098b908f8_-3e65", "geometry": {"type": "Point", "coordinates": [106.91320971, 47.92992098]}, "geometry_name": "geom", "properties": {"guid": 5002, "id": 5002, "object_no": null, "object_name": null, "layer_type_id": 214, "valid_to": null, "address_no": null, "border_type": "solid", "border_width": null, "border_color": "#45818e", "border_opacity": null, "border_wellknown": "shape://horizline", "fill_type": "color", "fill_color": "#a2c4c9", "fill_opacity": null, "fill_wellknown": null, "fill_shape_color": null, "fill_shape_width": null, "fill_shape_size": null, "fill_img_url": null, "marker_img_url": "marker_img_url/6396927721e3a.png"}},{"type": "Feature", "id": "layer_data_map.fid--27e80436_1a098b908f8_-3e64", "geometry": {"type": "Point", "coordinates": [106.91014226, 47.94145776]}, "geometry_name": "geom", "properties": {"guid": 5003, "id": 5003, "object_no": null, "object_name": null, "layer_type_id": 214, "valid_to": null, "address_no": null, "border_type": "solid", "border_width": null, "border_color": "#45818e", "border_opacity": null, "border_wellknown": "shape://horizline", "fill_type": "color", "fill_color": "#a2c4c9", "fill_opacity": null, "fill_wellknown": null, "fill_shape_color": null, "fill_shape_width": null, "fill_shape_size": null, "fill_img_url": null, "marker_img_url": "marker_img_url/6396927721e3a.png"}},{"type": "Feature", "id": "layer_data_map.fid--27e80436_1a098b908f8_-3e63", "geometry": {"type": "Point", "coordinates": [106.93187236, 47.91499781]}, "geometry_name": "geom", "properties": {"guid": 5004, "id": 5004, "object_no": null, "object_name": null, "layer_type_id": 214, "valid_to": null, "address_no": null, "border_type": "solid", "border_width": null, "border_color": "#45818e", "border_opacity": null, "border_wellknown": "shape://horizline", "fill_type": "color", "fill_color": "#a2c4c9", "fill_opacity": null, "fill_wellknown": null, "fill_shape_color": null, "fill_shape_width": null, "fill_shape_size": null, "fill_img_url": null, "marker_img_url": "marker_img_url/6396927721e3a.png"}},{"type": "Feature", "id": "layer_data_map.fid--27e80436_1a098b908f8_-3e62", "geometry": {"type": "Point", "coordinates": [106.9393809, 47.91596216]}, "geometry_name": "geom", "properties": {"guid": 5005, "id": 5005, "object_no": null, "object_name": null, "layer_type_id": 214, "valid_to": null, "address_no": null, "border_type": "solid", "border_width": null, "border_color": "#45818e", "border_opacity": null, "border_wellknown": "shape://horizline", "fill_type": "color", "fill_color": "#a2c4c9", "fill_opacity": null, "fill_wellknown": null, "fill_shape_color": null, "fill_shape_width": null, "fill_shape_size": null, "fill_img_url": null, "marker_img_url": "marker_img_url/6396927721e3a.png"}},{"type": "Feature", "id": "layer_data_map.fid--27e80436_1a098b908f8_-3e61", "geometry": {"type": "Point", "coordinates": [106.94701842, 47.92350569]}, "geometry_name": "geom", "properties": {"guid": 5006, "id": 5006, "object_no": null, "object_name": null, "layer_type_id": 214, "valid_to": null, "address_no": null, "border_type": "solid", "border_width": null, "border_color": "#45818e", "border_opacity": null, "border_wellknown": "shape://horizline", "fill_type": "color", "fill_color": "#a2c4c9", "fill_opacity": null, "fill_wellknown": null, "fill_shape_color": null, "fill_shape_width": null, "fill_shape_size": null, "fill_img_url": null, "marker_img_url": "marker_img_url/6396927721e3a.png"}},{"type": "Feature", "id": "layer_data_map.fid--27e80436_1a098b908f8_-3e60", "geometry": {"type": "Point", "coordinates": [106.9566337, 47.91875866]}, "geometry_name": "geom", "properties": {"guid": 5007, "id": 5007, "object_no": null, "object_name": null, "layer_type_id": 214, "valid_to": null, "address_no": null, "border_type": "solid", "border_width": null, "border_color": "#45818e", "border_opacity": null, "border_wellknown": "shape://horizline", "fill_type": "color", "fill_color": "#a2c4c9", "fill_opacity": null, "fill_wellknown": null, "fill_shape_color": null, "fill_shape_width": null, "fill_shape_size": null, "fill_img_url": null, "marker_img_url": "marker_img_url/6396927721e3a.png"}},{"type": "Feature", "id": "layer_data_map.fid--27e80436_1a098b908f8_-3e5f", "geometry": {"type": "Point", "coordinates": [106.86456588, 47.91923202]}, "geometry_name": "geom", "properties": {"guid": 5008, "id": 5008, "object_no": null, "object_name": null, "layer_type_id": 214, "valid_to": null, "address_no": null, "border_type": "solid", "border_width": null, "border_color": "#45818e", "border_opacity": null, "border_wellknown": "shape://horizline", "fill_type": "color", "fill_color": "#a2c4c9", "fill_opacity": null, "fill_wellknown": null, "fill_shape_color": null, "fill_shape_width": null, "fill_shape_size": null, "fill_img_url": null, "marker_img_url": "marker_img_url/6396927721e3a.png"}},{"type": "Feature", "id": "layer_data_map.fid--27e80436_1a098b908f8_-3e5e", "geometry": {"type": "Point", "coordinates": [106.86912107, 47.91892607]}, "geometry_name": "geom", "properties": {"guid": 5009, "id": 5009, "object_no": null, "object_name": null, "layer_type_id": 214, "valid_to": null, "address_no": null, "border_type": "solid", "border_width": null, "border_color": "#45818e", "border_opacity": null, "border_wellknown": "shape://horizline", "fill_type": "color", "fill_color": "#a2c4c9", "fill_opacity": null, "fill_wellknown": null, "fill_shape_color": null, "fill_shape_width": null, "fill_shape_size": null, "fill_img_url": null, "marker_img_url": "marker_img_url/6396927721e3a.png"}},{"type": "Feature", "id": "layer_data_map.fid--27e80436_1a098b908f8_-3e5d", "geometry": {"type": "Point", "coordinates": [106.87188685, 47.91917861]}, "geometry_name": "geom", "properties": {"guid": 5010, "id": 5010, "object_no": null, "object_name": null, "layer_type_id": 214, "valid_to": null, "address_no": null, "border_type": "solid", "border_width": null, "border_color": "#45818e", "border_opacity": null, "border_wellknown": "shape://horizline", "fill_type": "color", "fill_color": "#a2c4c9", "fill_opacity": null, "fill_wellknown": null, "fill_shape_color": null, "fill_shape_width": null, "fill_shape_size": null, "fill_img_url": null, "marker_img_url": "marker_img_url/6396927721e3a.png"}},{"type": "Feature", "id": "layer_data_map.fid--27e80436_1a098b908f8_-3e5c", "geometry": {"type": "Point", "coordinates": [106.88576319, 47.92073651]}, "geometry_name": "geom", "properties": {"guid": 5011, "id": 5011, "object_no": null, "object_name": null, "layer_type_id": 214, "valid_to": null, "address_no": null, "border_type": "solid", "border_width": null, "border_color": "#45818e", "border_opacity": null, "border_wellknown": "shape://horizline", "fill_type": "color", "fill_color": "#a2c4c9", "fill_opacity": null, "fill_wellknown": null, "fill_shape_color": null, "fill_shape_width": null, "fill_shape_size": null, "fill_img_url": null, "marker_img_url": "marker_img_url/6396927721e3a.png"}},{"type": "Feature", "id": "layer_data_map.fid--27e80436_1a098b908f8_-3e5b", "geometry": {"type": "Point", "coordinates": [106.88139376, 47.9133656]}, "geometry_name": "geom", "properties": {"guid": 5012, "id": 5012, "object_no": null, "object_name": null, "layer_type_id": 214, "valid_to": null, "address_no": null, "border_type": "solid", "border_width": null, "border_color": "#45818e", "border_opacity": null, "border_wellknown": "shape://horizline", "fill_type": "color", "fill_color": "#a2c4c9", "fill_opacity": null, "fill_wellknown": null, "fill_shape_color": null, "fill_shape_width": null, "fill_shape_size": null, "fill_img_url": null, "marker_img_url": "marker_img_url/6396927721e3a.png"}},{"type": "Feature", "id": "layer_data_map.fid--27e80436_1a098b908f8_-3e5a", "geometry": {"type": "Point", "coordinates": [106.86613126, 47.91631272]}, "geometry_name": "geom", "properties": {"guid": 5013, "id": 5013, "object_no": null, "object_name": null, "layer_type_id": 214, "valid_to": null, "address_no": null, "border_type": "solid", "border_width": null, "border_color": "#45818e", "border_opacity": null, "border_wellknown": "shape://horizline", "fill_type": "color", "fill_color": "#a2c4c9", "fill_opacity": null, "fill_wellknown": null, "fill_shape_color": null, "fill_shape_width": null, "fill_shape_size": null, "fill_img_url": null, "marker_img_url": "marker_img_url/6396927721e3a.png"}},{"type": "Feature", "id": "layer_data_map.fid--27e80436_1a098b908f8_-3e59", "geometry": {"type": "Point", "coordinates": [106.90179335, 47.91784145]}, "geometry_name": "geom", "properties": {"guid": 5014, "id": 5014, "object_no": null, "object_name": null, "layer_type_id": 214, "valid_to": null, "address_no": null, "border_type": "solid", "border_width": null, "border_color": "#45818e", "border_opacity": null, "border_wellknown": "shape://horizline", "fill_type": "color", "fill_color": "#a2c4c9", "fill_opacity": null, "fill_wellknown": null, "fill_shape_color": null, "fill_shape_width": null, "fill_shape_size": null, "fill_img_url": null, "marker_img_url": "marker_img_url/6396927721e3a.png"}},{"type": "Feature", "id": "layer_data_map.fid--27e80436_1a098b908f8_-3e58", "geometry": {"type": "Point", "coordinates": [106.8936283, 47.91188588]}, "geometry_name": "geom", "properties": {"guid": 5015, "id": 5015, "object_no": null, "object_name": null, "layer_type_id": 214, "valid_to": null, "address_no": null, "border_type": "solid", "border_width": null, "border_color": "#45818e", "border_opacity": null, "border_wellknown": "shape://horizline", "fill_type": "color", "fill_color": "#a2c4c9", "fill_opacity": null, "fill_wellknown": null, "fill_shape_color": null, "fill_shape_width": null, "fill_shape_size": null, "fill_img_url": null, "marker_img_url": "marker_img_url/6396927721e3a.png"}},{"type": "Feature", "id": "layer_data_map.fid--27e80436_1a098b908f8_-3e57", "geometry": {"type": "Point", "coordinates": [106.90383291, 47.9112072]}, "geometry_name": "geom", "properties": {"guid": 5016, "id": 5016, "object_no": null, "object_name": null, "layer_type_id": 214, "valid_to": null, "address_no": null, "border_type": "solid", "border_width": null, "border_color": "#45818e", "border_opacity": null, "border_wellknown": "shape://horizline", "fill_type": "color", "fill_color": "#a2c4c9", "fill_opacity": null, "fill_wellknown": null, "fill_shape_color": null, "fill_shape_width": null, "fill_shape_size": null, "fill_img_url": null, "marker_img_url": "marker_img_url/6396927721e3a.png"}},{"type": "Feature", "id": "layer_data_map.fid--27e80436_1a098b908f8_-3e56", "geometry": {"type": "Point", "coordinates": [106.88563814, 47.91734756]}, "geometry_name": "geom", "properties": {"guid": 5017, "id": 5017, "object_no": null, "object_name": null, "layer_type_id": 214, "valid_to": null, "address_no": null, "border_type": "solid", "border_width": null, "border_color": "#45818e", "border_opacity": null, "border_wellknown": "shape://horizline", "fill_type": "color", "fill_color": "#a2c4c9", "fill_opacity": null, "fill_wellknown": null, "fill_shape_color": null, "fill_shape_width": null, "fill_shape_size": null, "fill_img_url": null, "marker_img_url": "marker_img_url/6396927721e3a.png"}},{"type": "Feature", "id": "layer_data_map.fid--27e80436_1a098b908f8_-3e55", "geometry": {"type": "Point", "coordinates": [106.87823808, 47.92137634]}, "geometry_name": "geom", "properties": {"guid": 5018, "id": 5018, "object_no": null, "object_name": null, "layer_type_id": 214, "valid_to": null, "address_no": null, "border_type": "solid", "border_width": null, "border_color": "#45818e", "border_opacity": null, "border_wellknown": "shape://horizline", "fill_type": "color", "fill_color": "#a2c4c9", "fill_opacity": null, "fill_wellknown": null, "fill_shape_color": null, "fill_shape_width": null, "fill_shape_size": null, "fill_img_url": null, "marker_img_url": "marker_img_url/6396927721e3a.png"}},{"type": "Feature", "id": "layer_data_map.fid--27e80436_1a098b908f8_-3e54", "geometry": {"type": "Point", "coordinates": [106.88416021, 47.92704601]}, "geometry_name": "geom", "properties": {"guid": 5019, "id": 5019, "object_no": null, "object_name": null, "layer_type_id": 214, "valid_to": null, "address_no": null, "border_type": "solid", "border_width": null, "border_color": "#45818e", "border_opacity": null, "border_wellknown": "shape://horizline", "fill_type": "color", "fill_color": "#a2c4c9", "fill_opacity": null, "fill_wellknown": null, "fill_shape_color": null, "fill_shape_width": null, "fill_shape_size": null, "fill_img_url": null, "marker_img_url": "marker_img_url/6396927721e3a.png"}},{"type": "Feature", "id": "layer_data_map.fid--27e80436_1a098b908f8_-3e53", "geometry": {"type": "Point", "coordinates": [106.86896679, 47.92410675]}, "geometry_name": "geom", "properties": {"guid": 5020, "id": 5020, "object_no": null, "object_name": null, "layer_type_id": 214, "valid_to": null, "address_no": null, "border_type": "solid", "border_width": null, "border_color": "#45818e", "border_opacity": null, "border_wellknown": "shape://horizline", "fill_type": "color", "fill_color": "#a2c4c9", "fill_opacity": null, "fill_wellknown": null, "fill_shape_color": null, "fill_shape_width": null, "fill_shape_size": null, "fill_img_url": null, "marker_img_url": "marker_img_url/6396927721e3a.png"}},{"type": "Feature", "id": "layer_data_map.fid--27e80436_1a098b908f8_-3e52", "geometry": {"type": "Point", "coordinates": [106.90317227, 47.91359922]}, "geometry_name": "geom", "properties": {"guid": 5021, "id": 5021, "object_no": null, "object_name": null, "layer_type_id": 214, "valid_to": null, "address_no": null, "border_type": "solid", "border_width": null, "border_color": "#45818e", "border_opacity": null, "border_wellknown": "shape://horizline", "fill_type": "color", "fill_color": "#a2c4c9", "fill_opacity": null, "fill_wellknown": null, "fill_shape_color": null, "fill_shape_width": null, "fill_shape_size": null, "fill_img_url": null, "marker_img_url": "marker_img_url/6396927721e3a.png"}},{"type": "Feature", "id": "layer_data_map.fid--27e80436_1a098b908f8_-3e51", "geometry": {"type": "Point", "coordinates": [106.83601053, 47.91426071]}, "geometry_name": "geom", "properties": {"guid": 5022, "id": 5022, "object_no": null, "object_name": null, "layer_type_id": 214, "valid_to": null, "address_no": null, "border_type": "solid", "border_width": null, "border_color": "#45818e", "border_opacity": null, "border_wellknown": "shape://horizline", "fill_type": "color", "fill_color": "#a2c4c9", "fill_opacity": null, "fill_wellknown": null, "fill_shape_color": null, "fill_shape_width": null, "fill_shape_size": null, "fill_img_url": null, "marker_img_url": "marker_img_url/6396927721e3a.png"}},{"type": "Feature", "id": "layer_data_map.fid--27e80436_1a098b908f8_-3e50", "geometry": {"type": "Point", "coordinates": [106.85013505, 47.91514519]}, "geometry_name": "geom", "properties": {"guid": 5023, "id": 5023, "object_no": null, "object_name": null, "layer_type_id": 214, "valid_to": null, "address_no": null, "border_type": "solid", "border_width": null, "border_color": "#45818e", "border_opacity": null, "border_wellknown": "shape://horizline", "fill_type": "color", "fill_color": "#a2c4c9", "fill_opacity": null, "fill_wellknown": null, "fill_shape_color": null, "fill_shape_width": null, "fill_shape_size": null, "fill_img_url": null, "marker_img_url": "marker_img_url/6396927721e3a.png"}},{"type": "Feature", "id": "layer_data_map.fid--27e80436_1a098b908f8_-3e4f", "geometry": {"type": "Point", "coordinates": [106.8499963, 47.91606091]}, "geometry_name": "geom", "properties": {"guid": 5024, "id": 5024, "object_no": null, "object_name": null, "layer_type_id": 214, "valid_to": null, "address_no": null, "border_type": "solid", "border_width": null, "border_color": "#45818e", "border_opacity": null, "border_wellknown": "shape://horizline", "fill_type": "color", "fill_color": "#a2c4c9", "fill_opacity": null, "fill_wellknown": null, "fill_shape_color": null, "fill_shape_width": null, "fill_shape_size": null, "fill_img_url": null, "marker_img_url": "marker_img_url/6396927721e3a.png"}},{"type": "Feature", "id": "layer_data_map.fid--27e80436_1a098b908f8_-3e4e", "geometry": {"type": "Point", "coordinates": [106.83462055, 47.91516143]}, "geometry_name": "geom", "properties": {"guid": 5025, "id": 5025, "object_no": null, "object_name": null, "layer_type_id": 214, "valid_to": null, "address_no": null, "border_type": "solid", "border_width": null, "border_color": "#45818e", "border_opacity": null, "border_wellknown": "shape://horizline", "fill_type": "color", "fill_color": "#a2c4c9", "fill_opacity": null, "fill_wellknown": null, "fill_shape_color": null, "fill_shape_width": null, "fill_shape_size": null, "fill_img_url": null, "marker_img_url": "marker_img_url/6396927721e3a.png"}},{"type": "Feature", "id": "layer_data_map.fid--27e80436_1a098b908f8_-3e4d", "geometry": {"type": "Point", "coordinates": [106.81307179, 47.91270261]}, "geometry_name": "geom", "properties": {"guid": 5026, "id": 5026, "object_no": null, "object_name": null, "layer_type_id": 214, "valid_to": null, "address_no": null, "border_type": "solid", "border_width": null, "border_color": "#45818e", "border_opacity": null, "border_wellknown": "shape://horizline", "fill_type": "color", "fill_color": "#a2c4c9", "fill_opacity": null, "fill_wellknown": null, "fill_shape_color": null, "fill_shape_width": null, "fill_shape_size": null, "fill_img_url": null, "marker_img_url": "marker_img_url/6396927721e3a.png"}},{"type": "Feature", "id": "layer_data_map.fid--27e80436_1a098b908f8_-3e4c", "geometry": {"type": "Point", "coordinates": [106.81495881, 47.91950617]}, "geometry_name": "geom", "properties": {"guid": 5027, "id": 5027, "object_no": null, "object_name": null, "layer_type_id": 214, "valid_to": null, "address_no": null, "border_type": "solid", "border_width": null, "border_color": "#45818e", "border_opacity": null, "border_wellknown": "shape://horizline", "fill_type": "color", "fill_color": "#a2c4c9", "fill_opacity": null, "fill_wellknown": null, "fill_shape_color": null, "fill_shape_width": null, "fill_shape_size": null, "fill_img_url": null, "marker_img_url": "marker_img_url/6396927721e3a.png"}},{"type": "Feature", "id": "layer_data_map.fid--27e80436_1a098b908f8_-3e4b", "geometry": {"type": "Point", "coordinates": [106.82118454, 47.93187421]}, "geometry_name": "geom", "properties": {"guid": 5028, "id": 5028, "object_no": null, "object_name": null, "layer_type_id": 214, "valid_to": null, "address_no": null, "border_type": "solid", "border_width": null, "border_color": "#45818e", "border_opacity": null, "border_wellknown": "shape://horizline", "fill_type": "color", "fill_color": "#a2c4c9", "fill_opacity": null, "fill_wellknown": null, "fill_shape_color": null, "fill_shape_width": null, "fill_shape_size": null, "fill_img_url": null, "marker_img_url": "marker_img_url/6396927721e3a.png"}},{"type": "Feature", "id": "layer_data_map.fid--27e80436_1a098b908f8_-3e4a", "geometry": {"type": "Point", "coordinates": [106.89803963, 47.91045365]}, "geometry_name": "geom", "properties": {"guid": 5029, "id": 5029, "object_no": null, "object_name": null, "layer_type_id": 214, "valid_to": null, "address_no": null, "border_type": "solid", "border_width": null, "border_color": "#45818e", "border_opacity": null, "border_wellknown": "shape://horizline", "fill_type": "color", "fill_color": "#a2c4c9", "fill_opacity": null, "fill_wellknown": null, "fill_shape_color": null, "fill_shape_width": null, "fill_shape_size": null, "fill_img_url": null, "marker_img_url": "marker_img_url/6396927721e3a.png"}},{"type": "Feature", "id": "layer_data_map.fid--27e80436_1a098b908f8_-3e49", "geometry": {"type": "Point", "coordinates": [106.89458955, 47.90017874]}, "geometry_name": "geom", "properties": {"guid": 5030, "id": 5030, "object_no": null, "object_name": null, "layer_type_id": 214, "valid_to": null, "address_no": null, "border_type": "solid", "border_width": null, "border_color": "#45818e", "border_opacity": null, "border_wellknown": "shape://horizline", "fill_type": "color", "fill_color": "#a2c4c9", "fill_opacity": null, "fill_wellknown": null, "fill_shape_color": null, "fill_shape_width": null, "fill_shape_size": null, "fill_img_url": null, "marker_img_url": "marker_img_url/6396927721e3a.png"}},{"type": "Feature", "id": "layer_data_map.fid--27e80436_1a098b908f8_-3e48", "geometry": {"type": "Point", "coordinates": [106.96158724, 47.92048142]}, "geometry_name": "geom", "properties": {"guid": 5031, "id": 5031, "object_no": null, "object_name": null, "layer_type_id": 214, "valid_to": null, "address_no": null, "border_type": "solid", "border_width": null, "border_color": "#45818e", "border_opacity": null, "border_wellknown": "shape://horizline", "fill_type": "color", "fill_color": "#a2c4c9", "fill_opacity": null, "fill_wellknown": null, "fill_shape_color": null, "fill_shape_width": null, "fill_shape_size": null, "fill_img_url": null, "marker_img_url": "marker_img_url/6396927721e3a.png"}},{"type": "Feature", "id": "layer_data_map.fid--27e80436_1a098b908f8_-3e47", "geometry": {"type": "Point", "coordinates": [106.98077908, 47.92067424]}, "geometry_name": "geom", "properties": {"guid": 5032, "id": 5032, "object_no": null, "object_name": null, "layer_type_id": 214, "valid_to": null, "address_no": null, "border_type": "solid", "border_width": null, "border_color": "#45818e", "border_opacity": null, "border_wellknown": "shape://horizline", "fill_type": "color", "fill_color": "#a2c4c9", "fill_opacity": null, "fill_wellknown": null, "fill_shape_color": null, "fill_shape_width": null, "fill_shape_size": null, "fill_img_url": null, "marker_img_url": "marker_img_url/6396927721e3a.png"}},{"type": "Feature", "id": "layer_data_map.fid--27e80436_1a098b908f8_-3e46", "geometry": {"type": "Point", "coordinates": [106.98055295, 47.91920892]}, "geometry_name": "geom", "properties": {"guid": 5033, "id": 5033, "object_no": null, "object_name": null, "layer_type_id": 214, "valid_to": null, "address_no": null, "border_type": "solid", "border_width": null, "border_color": "#45818e", "border_opacity": null, "border_wellknown": "shape://horizline", "fill_type": "color", "fill_color": "#a2c4c9", "fill_opacity": null, "fill_wellknown": null, "fill_shape_color": null, "fill_shape_width": null, "fill_shape_size": null, "fill_img_url": null, "marker_img_url": "marker_img_url/6396927721e3a.png"}},{"type": "Feature", "id": "layer_data_map.fid--27e80436_1a098b908f8_-3e45", "geometry": {"type": "Point", "coordinates": [106.98606015, 47.91583461]}, "geometry_name": "geom", "properties": {"guid": 5034, "id": 5034, "object_no": null, "object_name": null, "layer_type_id": 214, "valid_to": null, "address_no": null, "border_type": "solid", "border_width": null, "border_color": "#45818e", "border_opacity": null, "border_wellknown": "shape://horizline", "fill_type": "color", "fill_color": "#a2c4c9", "fill_opacity": null, "fill_wellknown": null, "fill_shape_color": null, "fill_shape_width": null, "fill_shape_size": null, "fill_img_url": null, "marker_img_url": "marker_img_url/6396927721e3a.png"}},{"type": "Feature", "id": "layer_data_map.fid--27e80436_1a098b908f8_-3e44", "geometry": {"type": "Point", "coordinates": [106.99666744, 47.91911095]}, "geometry_name": "geom", "properties": {"guid": 5035, "id": 5035, "object_no": null, "object_name": null, "layer_type_id": 214, "valid_to": null, "address_no": null, "border_type": "solid", "border_width": null, "border_color": "#45818e", "border_opacity": null, "border_wellknown": "shape://horizline", "fill_type": "color", "fill_color": "#a2c4c9", "fill_opacity": null, "fill_wellknown": null, "fill_shape_color": null, "fill_shape_width": null, "fill_shape_size": null, "fill_img_url": null, "marker_img_url": "marker_img_url/6396927721e3a.png"}},{"type": "Feature", "id": "layer_data_map.fid--27e80436_1a098b908f8_-3e43", "geometry": {"type": "Point", "coordinates": [107.00832817, 47.93387995]}, "geometry_name": "geom", "properties": {"guid": 5036, "id": 5036, "object_no": null, "object_name": null, "layer_type_id": 214, "valid_to": null, "address_no": null, "border_type": "solid", "border_width": null, "border_color": "#45818e", "border_opacity": null, "border_wellknown": "shape://horizline", "fill_type": "color", "fill_color": "#a2c4c9", "fill_opacity": null, "fill_wellknown": null, "fill_shape_color": null, "fill_shape_width": null, "fill_shape_size": null, "fill_img_url": null, "marker_img_url": "marker_img_url/6396927721e3a.png"}},{"type": "Feature", "id": "layer_data_map.fid--27e80436_1a098b908f8_-3e42", "geometry": {"type": "Point", "coordinates": [106.79322025, 47.90737471]}, "geometry_name": "geom", "properties": {"guid": 5037, "id": 5037, "object_no": null, "object_name": null, "layer_type_id": 214, "valid_to": null, "address_no": null, "border_type": "solid", "border_width": null, "border_color": "#45818e", "border_opacity": null, "border_wellknown": "shape://horizline", "fill_type": "color", "fill_color": "#a2c4c9", "fill_opacity": null, "fill_wellknown": null, "fill_shape_color": null, "fill_shape_width": null, "fill_shape_size": null, "fill_img_url": null, "marker_img_url": "marker_img_url/6396927721e3a.png"}},{"type": "Feature", "id": "layer_data_map.fid--27e80436_1a098b908f8_-3e41", "geometry": {"type": "Point", "coordinates": [106.80383646, 47.86572286]}, "geometry_name": "geom", "properties": {"guid": 5038, "id": 5038, "object_no": null, "object_name": null, "layer_type_id": 214, "valid_to": null, "address_no": null, "border_type": "solid", "border_width": null, "border_color": "#45818e", "border_opacity": null, "border_wellknown": "shape://horizline", "fill_type": "color", "fill_color": "#a2c4c9", "fill_opacity": null, "fill_wellknown": null, "fill_shape_color": null, "fill_shape_width": null, "fill_shape_size": null, "fill_img_url": null, "marker_img_url": "marker_img_url/6396927721e3a.png"}},{"type": "Feature", "id": "layer_data_map.fid--27e80436_1a098b908f8_-3e40", "geometry": {"type": "Point", "coordinates": [106.82955501, 47.86664689]}, "geometry_name": "geom", "properties": {"guid": 5039, "id": 5039, "object_no": null, "object_name": null, "layer_type_id": 214, "valid_to": null, "address_no": null, "border_type": "solid", "border_width": null, "border_color": "#45818e", "border_opacity": null, "border_wellknown": "shape://horizline", "fill_type": "color", "fill_color": "#a2c4c9", "fill_opacity": null, "fill_wellknown": null, "fill_shape_color": null, "fill_shape_width": null, "fill_shape_size": null, "fill_img_url": null, "marker_img_url": "marker_img_url/6396927721e3a.png"}},{"type": "Feature", "id": "layer_data_map.fid--27e80436_1a098b908f8_-3e3f", "geometry": {"type": "Point", "coordinates": [106.81816508, 47.86969567]}, "geometry_name": "geom", "properties": {"guid": 5040, "id": 5040, "object_no": null, "object_name": null, "layer_type_id": 214, "valid_to": null, "address_no": null, "border_type": "solid", "border_width": null, "border_color": "#45818e", "border_opacity": null, "border_wellknown": "shape://horizline", "fill_type": "color", "fill_color": "#a2c4c9", "fill_opacity": null, "fill_wellknown": null, "fill_shape_color": null, "fill_shape_width": null, "fill_shape_size": null, "fill_img_url": null, "marker_img_url": "marker_img_url/6396927721e3a.png"}},{"type": "Feature", "id": "layer_data_map.fid--27e80436_1a098b908f8_-3e3e", "geometry": {"type": "Point", "coordinates": [106.775548, 47.91536598]}, "geometry_name": "geom", "properties": {"guid": 5041, "id": 5041, "object_no": null, "object_name": null, "layer_type_id": 214, "valid_to": null, "address_no": null, "border_type": "solid", "border_width": null, "border_color": "#45818e", "border_opacity": null, "border_wellknown": "shape://horizline", "fill_type": "color", "fill_color": "#a2c4c9", "fill_opacity": null, "fill_wellknown": null, "fill_shape_color": null, "fill_shape_width": null, "fill_shape_size": null, "fill_img_url": null, "marker_img_url": "marker_img_url/6396927721e3a.png"}},{"type": "Feature", "id": "layer_data_map.fid--27e80436_1a098b908f8_-3e3d", "geometry": {"type": "Point", "coordinates": [106.84217962, 47.91504451]}, "geometry_name": "geom", "properties": {"guid": 5042, "id": 5042, "object_no": null, "object_name": null, "layer_type_id": 214, "valid_to": null, "address_no": null, "border_type": "solid", "border_width": null, "border_color": "#45818e", "border_opacity": null, "border_wellknown": "shape://horizline", "fill_type": "color", "fill_color": "#a2c4c9", "fill_opacity": null, "fill_wellknown": null, "fill_shape_color": null, "fill_shape_width": null, "fill_shape_size": null, "fill_img_url": null, "marker_img_url": "marker_img_url/6396927721e3a.png"}},{"type": "Feature", "id": "layer_data_map.fid--27e80436_1a098b908f8_-3e3c", "geometry": {"type": "Point", "coordinates": [106.84183702, 47.91619753]}, "geometry_name": "geom", "properties": {"guid": 5043, "id": 5043, "object_no": null, "object_name": null, "layer_type_id": 214, "valid_to": null, "address_no": null, "border_type": "solid", "border_width": null, "border_color": "#45818e", "border_opacity": null, "border_wellknown": "shape://horizline", "fill_type": "color", "fill_color": "#a2c4c9", "fill_opacity": null, "fill_wellknown": null, "fill_shape_color": null, "fill_shape_width": null, "fill_shape_size": null, "fill_img_url": null, "marker_img_url": "marker_img_url/6396927721e3a.png"}},{"type": "Feature", "id": "layer_data_map.fid--27e80436_1a098b908f8_-3e3b", "geometry": {"type": "Point", "coordinates": [106.87884947, 47.91623685]}, "geometry_name": "geom", "properties": {"guid": 5044, "id": 5044, "object_no": null, "object_name": null, "layer_type_id": 214, "valid_to": null, "address_no": null, "border_type": "solid", "border_width": null, "border_color": "#45818e", "border_opacity": null, "border_wellknown": "shape://horizline", "fill_type": "color", "fill_color": "#a2c4c9", "fill_opacity": null, "fill_wellknown": null, "fill_shape_color": null, "fill_shape_width": null, "fill_shape_size": null, "fill_img_url": null, "marker_img_url": "marker_img_url/6396927721e3a.png"}},{"type": "Feature", "id": "layer_data_map.fid--27e80436_1a098b908f8_-3e3a", "geometry": {"type": "Point", "coordinates": [106.87913132, 47.9101211]}, "geometry_name": "geom", "properties": {"guid": 5045, "id": 5045, "object_no": null, "object_name": null, "layer_type_id": 214, "valid_to": null, "address_no": null, "border_type": "solid", "border_width": null, "border_color": "#45818e", "border_opacity": null, "border_wellknown": "shape://horizline", "fill_type": "color", "fill_color": "#a2c4c9", "fill_opacity": null, "fill_wellknown": null, "fill_shape_color": null, "fill_shape_width": null, "fill_shape_size": null, "fill_img_url": null, "marker_img_url": "marker_img_url/6396927721e3a.png"}},{"type": "Feature", "id": "layer_data_map.fid--27e80436_1a098b908f8_-3e39", "geometry": {"type": "Point", "coordinates": [106.86575614, 47.91972258]}, "geometry_name": "geom", "properties": {"guid": 5046, "id": 5046, "object_no": null, "object_name": null, "layer_type_id": 214, "valid_to": null, "address_no": null, "border_type": "solid", "border_width": null, "border_color": "#45818e", "border_opacity": null, "border_wellknown": "shape://horizline", "fill_type": "color", "fill_color": "#a2c4c9", "fill_opacity": null, "fill_wellknown": null, "fill_shape_color": null, "fill_shape_width": null, "fill_shape_size": null, "fill_img_url": null, "marker_img_url": "marker_img_url/6396927721e3a.png"}},{"type": "Feature", "id": "layer_data_map.fid--27e80436_1a098b908f8_-3e38", "geometry": {"type": "Point", "coordinates": [106.83224894, 47.87316114]}, "geometry_name": "geom", "properties": {"guid": 5047, "id": 5047, "object_no": null, "object_name": null, "layer_type_id": 214, "valid_to": null, "address_no": null, "border_type": "solid", "border_width": null, "border_color": "#45818e", "border_opacity": null, "border_wellknown": "shape://horizline", "fill_type": "color", "fill_color": "#a2c4c9", "fill_opacity": null, "fill_wellknown": null, "fill_shape_color": null, "fill_shape_width": null, "fill_shape_size": null, "fill_img_url": null, "marker_img_url": "marker_img_url/6396927721e3a.png"}},{"type": "Feature", "id": "layer_data_map.fid--27e80436_1a098b908f8_-3e37", "geometry": {"type": "Point", "coordinates": [106.90865216, 47.90985294]}, "geometry_name": "geom", "properties": {"guid": 5048, "id": 5048, "object_no": null, "object_name": null, "layer_type_id": 214, "valid_to": null, "address_no": null, "border_type": "solid", "border_width": null, "border_color": "#45818e", "border_opacity": null, "border_wellknown": "shape://horizline", "fill_type": "color", "fill_color": "#a2c4c9", "fill_opacity": null, "fill_wellknown": null, "fill_shape_color": null, "fill_shape_width": null, "fill_shape_size": null, "fill_img_url": null, "marker_img_url": "marker_img_url/6396927721e3a.png"}},{"type": "Feature", "id": "layer_data_map.fid--27e80436_1a098b908f8_-3e36", "geometry": {"type": "Point", "coordinates": [106.92919672, 47.93269586]}, "geometry_name": "geom", "properties": {"guid": 5049, "id": 5049, "object_no": null, "object_name": null, "layer_type_id": 214, "valid_to": null, "address_no": null, "border_type": "solid", "border_width": null, "border_color": "#45818e", "border_opacity": null, "border_wellknown": "shape://horizline", "fill_type": "color", "fill_color": "#a2c4c9", "fill_opacity": null, "fill_wellknown": null, "fill_shape_color": null, "fill_shape_width": null, "fill_shape_size": null, "fill_img_url": null, "marker_img_url": "marker_img_url/6396927721e3a.png"}},{"type": "Feature", "id": "layer_data_map.fid--27e80436_1a098b908f8_-3e35", "geometry": {"type": "Point", "coordinates": [106.93432497, 47.97812298]}, "geometry_name": "geom", "properties": {"guid": 5050, "id": 5050, "object_no": null, "object_name": null, "layer_type_id": 214, "valid_to": null, "address_no": null, "border_type": "solid", "border_width": null, "border_color": "#45818e", "border_opacity": null, "border_wellknown": "shape://horizline", "fill_type": "color", "fill_color": "#a2c4c9", "fill_opacity": null, "fill_wellknown": null, "fill_shape_color": null, "fill_shape_width": null, "fill_shape_size": null, "fill_img_url": null, "marker_img_url": "marker_img_url/6396927721e3a.png"}},{"type": "Feature", "id": "layer_data_map.fid--27e80436_1a098b908f8_-3e34", "geometry": {"type": "Point", "coordinates": [106.91241417, 47.94813287]}, "geometry_name": "geom", "properties": {"guid": 5051, "id": 5051, "object_no": null, "object_name": null, "layer_type_id": 214, "valid_to": null, "address_no": null, "border_type": "solid", "border_width": null, "border_color": "#45818e", "border_opacity": null, "border_wellknown": "shape://horizline", "fill_type": "color", "fill_color": "#a2c4c9", "fill_opacity": null, "fill_wellknown": null, "fill_shape_color": null, "fill_shape_width": null, "fill_shape_size": null, "fill_img_url": null, "marker_img_url": "marker_img_url/6396927721e3a.png"}},{"type": "Feature", "id": "layer_data_map.fid--27e80436_1a098b908f8_-3e33", "geometry": {"type": "Point", "coordinates": [106.90290518, 47.97119051]}, "geometry_name": "geom", "properties": {"guid": 5052, "id": 5052, "object_no": null, "object_name": null, "layer_type_id": 214, "valid_to": null, "address_no": null, "border_type": "solid", "border_width": null, "border_color": "#45818e", "border_opacity": null, "border_wellknown": "shape://horizline", "fill_type": "color", "fill_color": "#a2c4c9", "fill_opacity": null, "fill_wellknown": null, "fill_shape_color": null, "fill_shape_width": null, "fill_shape_size": null, "fill_img_url": null, "marker_img_url": "marker_img_url/6396927721e3a.png"}},{"type": "Feature", "id": "layer_data_map.fid--27e80436_1a098b908f8_-3e32", "geometry": {"type": "Point", "coordinates": [106.93626481, 47.92549832]}, "geometry_name": "geom", "properties": {"guid": 5053, "id": 5053, "object_no": null, "object_name": null, "layer_type_id": 214, "valid_to": null, "address_no": null, "border_type": "solid", "border_width": null, "border_color": "#45818e", "border_opacity": null, "border_wellknown": "shape://horizline", "fill_type": "color", "fill_color": "#a2c4c9", "fill_opacity": null, "fill_wellknown": null, "fill_shape_color": null, "fill_shape_width": null, "fill_shape_size": null, "fill_img_url": null, "marker_img_url": "marker_img_url/6396927721e3a.png"}},{"type": "Feature", "id": "layer_data_map.fid--27e80436_1a098b908f8_-3e31", "geometry": {"type": "Point", "coordinates": [106.94016659, 47.92234745]}, "geometry_name": "geom", "properties": {"guid": 5054, "id": 5054, "object_no": null, "object_name": null, "layer_type_id": 214, "valid_to": null, "address_no": null, "border_type": "solid", "border_width": null, "border_color": "#45818e", "border_opacity": null, "border_wellknown": "shape://horizline", "fill_type": "color", "fill_color": "#a2c4c9", "fill_opacity": null, "fill_wellknown": null, "fill_shape_color": null, "fill_shape_width": null, "fill_shape_size": null, "fill_img_url": null, "marker_img_url": "marker_img_url/6396927721e3a.png"}},{"type": "Feature", "id": "layer_data_map.fid--27e80436_1a098b908f8_-3e30", "geometry": {"type": "Point", "coordinates": [106.91023381, 47.88384151]}, "geometry_name": "geom", "properties": {"guid": 5055, "id": 5055, "object_no": null, "object_name": null, "layer_type_id": 214, "valid_to": null, "address_no": null, "border_type": "solid", "border_width": null, "border_color": "#45818e", "border_opacity": null, "border_wellknown": "shape://horizline", "fill_type": "color", "fill_color": "#a2c4c9", "fill_opacity": null, "fill_wellknown": null, "fill_shape_color": null, "fill_shape_width": null, "fill_shape_size": null, "fill_img_url": null, "marker_img_url": "marker_img_url/6396927721e3a.png"}},{"type": "Feature", "id": "layer_data_map.fid--27e80436_1a098b908f8_-3e2f", "geometry": {"type": "Point", "coordinates": [106.89857784, 47.90090832]}, "geometry_name": "geom", "properties": {"guid": 5056, "id": 5056, "object_no": null, "object_name": null, "layer_type_id": 214, "valid_to": null, "address_no": null, "border_type": "solid", "border_width": null, "border_color": "#45818e", "border_opacity": null, "border_wellknown": "shape://horizline", "fill_type": "color", "fill_color": "#a2c4c9", "fill_opacity": null, "fill_wellknown": null, "fill_shape_color": null, "fill_shape_width": null, "fill_shape_size": null, "fill_img_url": null, "marker_img_url": "marker_img_url/6396927721e3a.png"}},{"type": "Feature", "id": "layer_data_map.fid--27e80436_1a098b908f8_-3e2e", "geometry": {"type": "Point", "coordinates": [106.90575735, 47.90196702]}, "geometry_name": "geom", "properties": {"guid": 5057, "id": 5057, "object_no": null, "object_name": null, "layer_type_id": 214, "valid_to": null, "address_no": null, "border_type": "solid", "border_width": null, "border_color": "#45818e", "border_opacity": null, "border_wellknown": "shape://horizline", "fill_type": "color", "fill_color": "#a2c4c9", "fill_opacity": null, "fill_wellknown": null, "fill_shape_color": null, "fill_shape_width": null, "fill_shape_size": null, "fill_img_url": null, "marker_img_url": "marker_img_url/6396927721e3a.png"}},{"type": "Feature", "id": "layer_data_map.fid--27e80436_1a098b908f8_-3e2d", "geometry": {"type": "Point", "coordinates": [106.82701819, 47.9532282]}, "geometry_name": "geom", "properties": {"guid": 5058, "id": 5058, "object_no": null, "object_name": null, "layer_type_id": 214, "valid_to": null, "address_no": null, "border_type": "solid", "border_width": null, "border_color": "#45818e", "border_opacity": null, "border_wellknown": "shape://horizline", "fill_type": "color", "fill_color": "#a2c4c9", "fill_opacity": null, "fill_wellknown": null, "fill_shape_color": null, "fill_shape_width": null, "fill_shape_size": null, "fill_img_url": null, "marker_img_url": "marker_img_url/6396927721e3a.png"}},{"type": "Feature", "id": "layer_data_map.fid--27e80436_1a098b908f8_-3e2c", "geometry": {"type": "Point", "coordinates": [106.83888598, 47.95701148]}, "geometry_name": "geom", "properties": {"guid": 5059, "id": 5059, "object_no": null, "object_name": null, "layer_type_id": 214, "valid_to": null, "address_no": null, "border_type": "solid", "border_width": null, "border_color": "#45818e", "border_opacity": null, "border_wellknown": "shape://horizline", "fill_type": "color", "fill_color": "#a2c4c9", "fill_opacity": null, "fill_wellknown": null, "fill_shape_color": null, "fill_shape_width": null, "fill_shape_size": null, "fill_img_url": null, "marker_img_url": "marker_img_url/6396927721e3a.png"}},{"type": "Feature", "id": "layer_data_map.fid--27e80436_1a098b908f8_-3e2b", "geometry": {"type": "Point", "coordinates": [106.90705235, 47.93582912]}, "geometry_name": "geom", "properties": {"guid": 5060, "id": 5060, "object_no": null, "object_name": null, "layer_type_id": 214, "valid_to": null, "address_no": null, "border_type": "solid", "border_width": null, "border_color": "#45818e", "border_opacity": null, "border_wellknown": "shape://horizline", "fill_type": "color", "fill_color": "#a2c4c9", "fill_opacity": null, "fill_wellknown": null, "fill_shape_color": null, "fill_shape_width": null, "fill_shape_size": null, "fill_img_url": null, "marker_img_url": "marker_img_url/6396927721e3a.png"}},{"type": "Feature", "id": "layer_data_map.fid--27e80436_1a098b908f8_-3e2a", "geometry": {"type": "Point", "coordinates": [106.89831067, 47.91500579]}, "geometry_name": "geom", "properties": {"guid": 5061, "id": 5061, "object_no": null, "object_name": null, "layer_type_id": 214, "valid_to": null, "address_no": null, "border_type": "solid", "border_width": null, "border_color": "#45818e", "border_opacity": null, "border_wellknown": "shape://horizline", "fill_type": "color", "fill_color": "#a2c4c9", "fill_opacity": null, "fill_wellknown": null, "fill_shape_color": null, "fill_shape_width": null, "fill_shape_size": null, "fill_img_url": null, "marker_img_url": "marker_img_url/6396927721e3a.png"}},{"type": "Feature", "id": "layer_data_map.fid--27e80436_1a098b908f8_-3e29", "geometry": {"type": "Point", "coordinates": [106.92026798, 47.93236034]}, "geometry_name": "geom", "properties": {"guid": 5062, "id": 5062, "object_no": null, "object_name": null, "layer_type_id": 214, "valid_to": null, "address_no": null, "border_type": "solid", "border_width": null, "border_color": "#45818e", "border_opacity": null, "border_wellknown": "shape://horizline", "fill_type": "color", "fill_color": "#a2c4c9", "fill_opacity": null, "fill_wellknown": null, "fill_shape_color": null, "fill_shape_width": null, "fill_shape_size": null, "fill_img_url": null, "marker_img_url": "marker_img_url/6396927721e3a.png"}},{"type": "Feature", "id": "layer_data_map.fid--27e80436_1a098b908f8_-3e28", "geometry": {"type": "Point", "coordinates": [106.92957506, 47.92097018]}, "geometry_name": "geom", "properties": {"guid": 5063, "id": 5063, "object_no": null, "object_name": null, "layer_type_id": 214, "valid_to": null, "address_no": null, "border_type": "solid", "border_width": null, "border_color": "#45818e", "border_opacity": null, "border_wellknown": "shape://horizline", "fill_type": "color", "fill_color": "#a2c4c9", "fill_opacity": null, "fill_wellknown": null, "fill_shape_color": null, "fill_shape_width": null, "fill_shape_size": null, "fill_img_url": null, "marker_img_url": "marker_img_url/6396927721e3a.png"}},{"type": "Feature", "id": "layer_data_map.fid--27e80436_1a098b908f8_-3e27", "geometry": {"type": "Point", "coordinates": [107.03642163, 47.91846695]}, "geometry_name": "geom", "properties": {"guid": 5064, "id": 5064, "object_no": null, "object_name": null, "layer_type_id": 214, "valid_to": null, "address_no": null, "border_type": "solid", "border_width": null, "border_color": "#45818e", "border_opacity": null, "border_wellknown": "shape://horizline", "fill_type": "color", "fill_color": "#a2c4c9", "fill_opacity": null, "fill_wellknown": null, "fill_shape_color": null, "fill_shape_width": null, "fill_shape_size": null, "fill_img_url": null, "marker_img_url": "marker_img_url/6396927721e3a.png"}},{"type": "Feature", "id": "layer_data_map.fid--27e80436_1a098b908f8_-3e26", "geometry": {"type": "Point", "coordinates": [106.93958824, 47.91089734]}, "geometry_name": "geom", "properties": {"guid": 5065, "id": 5065, "object_no": null, "object_name": null, "layer_type_id": 214, "valid_to": null, "address_no": null, "border_type": "solid", "border_width": null, "border_color": "#45818e", "border_opacity": null, "border_wellknown": "shape://horizline", "fill_type": "color", "fill_color": "#a2c4c9", "fill_opacity": null, "fill_wellknown": null, "fill_shape_color": null, "fill_shape_width": null, "fill_shape_size": null, "fill_img_url": null, "marker_img_url": "marker_img_url/6396927721e3a.png"}},{"type": "Feature", "id": "layer_data_map.fid--27e80436_1a098b908f8_-3e25", "geometry": {"type": "Point", "coordinates": [106.96609323, 47.91533131]}, "geometry_name": "geom", "properties": {"guid": 5066, "id": 5066, "object_no": null, "object_name": null, "layer_type_id": 214, "valid_to": null, "address_no": null, "border_type": "solid", "border_width": null, "border_color": "#45818e", "border_opacity": null, "border_wellknown": "shape://horizline", "fill_type": "color", "fill_color": "#a2c4c9", "fill_opacity": null, "fill_wellknown": null, "fill_shape_color": null, "fill_shape_width": null, "fill_shape_size": null, "fill_img_url": null, "marker_img_url": "marker_img_url/6396927721e3a.png"}},{"type": "Feature", "id": "layer_data_map.fid--27e80436_1a098b908f8_-3e24", "geometry": {"type": "Point", "coordinates": [106.88457943, 47.92542226]}, "geometry_name": "geom", "properties": {"guid": 5067, "id": 5067, "object_no": null, "object_name": null, "layer_type_id": 214, "valid_to": null, "address_no": null, "border_type": "solid", "border_width": null, "border_color": "#45818e", "border_opacity": null, "border_wellknown": "shape://horizline", "fill_type": "color", "fill_color": "#a2c4c9", "fill_opacity": null, "fill_wellknown": null, "fill_shape_color": null, "fill_shape_width": null, "fill_shape_size": null, "fill_img_url": null, "marker_img_url": "marker_img_url/6396927721e3a.png"}},{"type": "Feature", "id": "layer_data_map.fid--27e80436_1a098b908f8_-3e23", "geometry": {"type": "Point", "coordinates": [106.55858333, 47.75419457]}, "geometry_name": "geom", "properties": {"guid": 5068, "id": 5068, "object_no": null, "object_name": null, "layer_type_id": 214, "valid_to": null, "address_no": null, "border_type": "solid", "border_width": null, "border_color": "#45818e", "border_opacity": null, "border_wellknown": "shape://horizline", "fill_type": "color", "fill_color": "#a2c4c9", "fill_opacity": null, "fill_wellknown": null, "fill_shape_color": null, "fill_shape_width": null, "fill_shape_size": null, "fill_img_url": null, "marker_img_url": "marker_img_url/6396927721e3a.png"}},{"type": "Feature", "id": "layer_data_map.fid--27e80436_1a098b908f8_-3e22", "geometry": {"type": "Point", "coordinates": [106.90914276, 47.9216051]}, "geometry_name": "geom", "properties": {"guid": 5069, "id": 5069, "object_no": null, "object_name": null, "layer_type_id": 214, "valid_to": null, "address_no": null, "border_type": "solid", "border_width": null, "border_color": "#45818e", "border_opacity": null, "border_wellknown": "shape://horizline", "fill_type": "color", "fill_color": "#a2c4c9", "fill_opacity": null, "fill_wellknown": null, "fill_shape_color": null, "fill_shape_width": null, "fill_shape_size": null, "fill_img_url": null, "marker_img_url": "marker_img_url/6396927721e3a.png"}},{"type": "Feature", "id": "layer_data_map.fid--27e80436_1a098b908f8_-3e21", "geometry": {"type": "Point", "coordinates": [106.90053896, 47.92046926]}, "geometry_name": "geom", "properties": {"guid": 5070, "id": 5070, "object_no": null, "object_name": null, "layer_type_id": 214, "valid_to": null, "address_no": null, "border_type": "solid", "border_width": null, "border_color": "#45818e", "border_opacity": null, "border_wellknown": "shape://horizline", "fill_type": "color", "fill_color": "#a2c4c9", "fill_opacity": null, "fill_wellknown": null, "fill_shape_color": null, "fill_shape_width": null, "fill_shape_size": null, "fill_img_url": null, "marker_img_url": "marker_img_url/6396927721e3a.png"}},{"type": "Feature", "id": "layer_data_map.fid--27e80436_1a098b908f8_-3e20", "geometry": {"type": "Point", "coordinates": [107.00191013, 47.91357428]}, "geometry_name": "geom", "properties": {"guid": 5071, "id": 5071, "object_no": null, "object_name": null, "layer_type_id": 214, "valid_to": null, "address_no": null, "border_type": "solid", "border_width": null, "border_color": "#45818e", "border_opacity": null, "border_wellknown": "shape://horizline", "fill_type": "color", "fill_color": "#a2c4c9", "fill_opacity": null, "fill_wellknown": null, "fill_shape_color": null, "fill_shape_width": null, "fill_shape_size": null, "fill_img_url": null, "marker_img_url": "marker_img_url/6396927721e3a.png"}},{"type": "Feature", "id": "layer_data_map.fid--27e80436_1a098b908f8_-3e1f", "geometry": {"type": "Point", "coordinates": [106.98324678, 47.91369822]}, "geometry_name": "geom", "properties": {"guid": 5072, "id": 5072, "object_no": null, "object_name": null, "layer_type_id": 214, "valid_to": null, "address_no": null, "border_type": "solid", "border_width": null, "border_color": "#45818e", "border_opacity": null, "border_wellknown": "shape://horizline", "fill_type": "color", "fill_color": "#a2c4c9", "fill_opacity": null, "fill_wellknown": null, "fill_shape_color": null, "fill_shape_width": null, "fill_shape_size": null, "fill_img_url": null, "marker_img_url": "marker_img_url/6396927721e3a.png"}},{"type": "Feature", "id": "layer_data_map.fid--27e80436_1a098b908f8_-3e1e", "geometry": {"type": "Point", "coordinates": [108.37488362, 47.78278629]}, "geometry_name": "geom", "properties": {"guid": 5073, "id": 5073, "object_no": null, "object_name": null, "layer_type_id": 214, "valid_to": null, "address_no": null, "border_type": "solid", "border_width": null, "border_color": "#45818e", "border_opacity": null, "border_wellknown": "shape://horizline", "fill_type": "color", "fill_color": "#a2c4c9", "fill_opacity": null, "fill_wellknown": null, "fill_shape_color": null, "fill_shape_width": null, "fill_shape_size": null, "fill_img_url": null, "marker_img_url": "marker_img_url/6396927721e3a.png"}},{"type": "Feature", "id": "layer_data_map.fid--27e80436_1a098b908f8_-3e1d", "geometry": {"type": "Point", "coordinates": [107.00188891, 47.91473322]}, "geometry_name": "geom", "properties": {"guid": 5074, "id": 5074, "object_no": null, "object_name": null, "layer_type_id": 214, "valid_to": null, "address_no": null, "border_type": "solid", "border_width": null, "border_color": "#45818e", "border_opacity": null, "border_wellknown": "shape://horizline", "fill_type": "color", "fill_color": "#a2c4c9", "fill_opacity": null, "fill_wellknown": null, "fill_shape_color": null, "fill_shape_width": null, "fill_shape_size": null, "fill_img_url": null, "marker_img_url": "marker_img_url/6396927721e3a.png"}},{"type": "Feature", "id": "layer_data_map.fid--27e80436_1a098b908f8_-3e1c", "geometry": {"type": "Point", "coordinates": [106.91056822, 47.9127408]}, "geometry_name": "geom", "properties": {"guid": 5075, "id": 5075, "object_no": null, "object_name": null, "layer_type_id": 214, "valid_to": null, "address_no": null, "border_type": "solid", "border_width": null, "border_color": "#45818e", "border_opacity": null, "border_wellknown": "shape://horizline", "fill_type": "color", "fill_color": "#a2c4c9", "fill_opacity": null, "fill_wellknown": null, "fill_shape_color": null, "fill_shape_width": null, "fill_shape_size": null, "fill_img_url": null, "marker_img_url": "marker_img_url/6396927721e3a.png"}},{"type": "Feature", "id": "layer_data_map.fid--27e80436_1a098b908f8_-3e1b", "geometry": {"type": "Point", "coordinates": [106.88907031, 47.92048596]}, "geometry_name": "geom", "properties": {"guid": 5076, "id": 5076, "object_no": null, "object_name": null, "layer_type_id": 214, "valid_to": null, "address_no": null, "border_type": "solid", "border_width": null, "border_color": "#45818e", "border_opacity": null, "border_wellknown": "shape://horizline", "fill_type": "color", "fill_color": "#a2c4c9", "fill_opacity": null, "fill_wellknown": null, "fill_shape_color": null, "fill_shape_width": null, "fill_shape_size": null, "fill_img_url": null, "marker_img_url": "marker_img_url/6396927721e3a.png"}},{"type": "Feature", "id": "layer_data_map.fid--27e80436_1a098b908f8_-3e1a", "geometry": {"type": "Point", "coordinates": [106.92664118, 47.99492832]}, "geometry_name": "geom", "properties": {"guid": 5077, "id": 5077, "object_no": null, "object_name": null, "layer_type_id": 214, "valid_to": null, "address_no": null, "border_type": "solid", "border_width": null, "border_color": "#45818e", "border_opacity": null, "border_wellknown": "shape://horizline", "fill_type": "color", "fill_color": "#a2c4c9", "fill_opacity": null, "fill_wellknown": null, "fill_shape_color": null, "fill_shape_width": null, "fill_shape_size": null, "fill_img_url": null, "marker_img_url": "marker_img_url/6396927721e3a.png"}},{"type": "Feature", "id": "layer_data_map.fid--27e80436_1a098b908f8_-3e19", "geometry": {"type": "Point", "coordinates": [106.88231365, 47.91932447]}, "geometry_name": "geom", "properties": {"guid": 5078, "id": 5078, "object_no": null, "object_name": null, "layer_type_id": 214, "valid_to": null, "address_no": null, "border_type": "solid", "border_width": null, "border_color": "#45818e", "border_opacity": null, "border_wellknown": "shape://horizline", "fill_type": "color", "fill_color": "#a2c4c9", "fill_opacity": null, "fill_wellknown": null, "fill_shape_color": null, "fill_shape_width": null, "fill_shape_size": null, "fill_img_url": null, "marker_img_url": "marker_img_url/6396927721e3a.png"}},{"type": "Feature", "id": "layer_data_map.fid--27e80436_1a098b908f8_-3e18", "geometry": {"type": "Point", "coordinates": [106.86643561, 47.92570686]}, "geometry_name": "geom", "properties": {"guid": 5079, "id": 5079, "object_no": null, "object_name": null, "layer_type_id": 214, "valid_to": null, "address_no": null, "border_type": "solid", "border_width": null, "border_color": "#45818e", "border_opacity": null, "border_wellknown": "shape://horizline", "fill_type": "color", "fill_color": "#a2c4c9", "fill_opacity": null, "fill_wellknown": null, "fill_shape_color": null, "fill_shape_width": null, "fill_shape_size": null, "fill_img_url": null, "marker_img_url": "marker_img_url/6396927721e3a.png"}},{"type": "Feature", "id": "layer_data_map.fid--27e80436_1a098b908f8_-3e17", "geometry": {"type": "Point", "coordinates": [106.87534399, 47.92413286]}, "geometry_name": "geom", "properties": {"guid": 5080, "id": 5080, "object_no": null, "object_name": null, "layer_type_id": 214, "valid_to": null, "address_no": null, "border_type": "solid", "border_width": null, "border_color": "#45818e", "border_opacity": null, "border_wellknown": "shape://horizline", "fill_type": "color", "fill_color": "#a2c4c9", "fill_opacity": null, "fill_wellknown": null, "fill_shape_color": null, "fill_shape_width": null, "fill_shape_size": null, "fill_img_url": null, "marker_img_url": "marker_img_url/6396927721e3a.png"}},{"type": "Feature", "id": "layer_data_map.fid--27e80436_1a098b908f8_-3e16", "geometry": {"type": "Point", "coordinates": [106.89019144, 47.91671494]}, "geometry_name": "geom", "properties": {"guid": 5081, "id": 5081, "object_no": null, "object_name": null, "layer_type_id": 214, "valid_to": null, "address_no": null, "border_type": "solid", "border_width": null, "border_color": "#45818e", "border_opacity": null, "border_wellknown": "shape://horizline", "fill_type": "color", "fill_color": "#a2c4c9", "fill_opacity": null, "fill_wellknown": null, "fill_shape_color": null, "fill_shape_width": null, "fill_shape_size": null, "fill_img_url": null, "marker_img_url": "marker_img_url/6396927721e3a.png"}},{"type": "Feature", "id": "layer_data_map.fid--27e80436_1a098b908f8_-3e15", "geometry": {"type": "Point", "coordinates": [106.88849838, 47.92251241]}, "geometry_name": "geom", "properties": {"guid": 5082, "id": 5082, "object_no": null, "object_name": null, "layer_type_id": 214, "valid_to": null, "address_no": null, "border_type": "solid", "border_width": null, "border_color": "#45818e", "border_opacity": null, "border_wellknown": "shape://horizline", "fill_type": "color", "fill_color": "#a2c4c9", "fill_opacity": null, "fill_wellknown": null, "fill_shape_color": null, "fill_shape_width": null, "fill_shape_size": null, "fill_img_url": null, "marker_img_url": "marker_img_url/6396927721e3a.png"}},{"type": "Feature", "id": "layer_data_map.fid--27e80436_1a098b908f8_-3e14", "geometry": {"type": "Point", "coordinates": [108.37530204, 47.78138623]}, "geometry_name": "geom", "properties": {"guid": 5083, "id": 5083, "object_no": null, "object_name": null, "layer_type_id": 214, "valid_to": null, "address_no": null, "border_type": "solid", "border_width": null, "border_color": "#45818e", "border_opacity": null, "border_wellknown": "shape://horizline", "fill_type": "color", "fill_color": "#a2c4c9", "fill_opacity": null, "fill_wellknown": null, "fill_shape_color": null, "fill_shape_width": null, "fill_shape_size": null, "fill_img_url": null, "marker_img_url": "marker_img_url/6396927721e3a.png"}},{"type": "Feature", "id": "layer_data_map.fid--27e80436_1a098b908f8_-3e13", "geometry": {"type": "Point", "coordinates": [108.36753189, 47.78362845]}, "geometry_name": "geom", "properties": {"guid": 5084, "id": 5084, "object_no": null, "object_name": null, "layer_type_id": 214, "valid_to": null, "address_no": null, "border_type": "solid", "border_width": null, "border_color": "#45818e", "border_opacity": null, "border_wellknown": "shape://horizline", "fill_type": "color", "fill_color": "#a2c4c9", "fill_opacity": null, "fill_wellknown": null, "fill_shape_color": null, "fill_shape_width": null, "fill_shape_size": null, "fill_img_url": null, "marker_img_url": "marker_img_url/6396927721e3a.png"}},{"type": "Feature", "id": "layer_data_map.fid--27e80436_1a098b908f8_-3e12", "geometry": {"type": "Point", "coordinates": [106.87117452, 47.92230876]}, "geometry_name": "geom", "properties": {"guid": 5085, "id": 5085, "object_no": null, "object_name": null, "layer_type_id": 214, "valid_to": null, "address_no": null, "border_type": "solid", "border_width": null, "border_color": "#45818e", "border_opacity": null, "border_wellknown": "shape://horizline", "fill_type": "color", "fill_color": "#a2c4c9", "fill_opacity": null, "fill_wellknown": null, "fill_shape_color": null, "fill_shape_width": null, "fill_shape_size": null, "fill_img_url": null, "marker_img_url": "marker_img_url/6396927721e3a.png"}},{"type": "Feature", "id": "layer_data_map.fid--27e80436_1a098b908f8_-3e11", "geometry": {"type": "Point", "coordinates": [106.88542433, 47.91859176]}, "geometry_name": "geom", "properties": {"guid": 5086, "id": 5086, "object_no": null, "object_name": null, "layer_type_id": 214, "valid_to": null, "address_no": null, "border_type": "solid", "border_width": null, "border_color": "#45818e", "border_opacity": null, "border_wellknown": "shape://horizline", "fill_type": "color", "fill_color": "#a2c4c9", "fill_opacity": null, "fill_wellknown": null, "fill_shape_color": null, "fill_shape_width": null, "fill_shape_size": null, "fill_img_url": null, "marker_img_url": "marker_img_url/6396927721e3a.png"}},{"type": "Feature", "id": "layer_data_map.fid--27e80436_1a098b908f8_-3e10", "geometry": {"type": "Point", "coordinates": [106.85796819, 47.9180241]}, "geometry_name": "geom", "properties": {"guid": 5087, "id": 5087, "object_no": null, "object_name": null, "layer_type_id": 214, "valid_to": null, "address_no": null, "border_type": "solid", "border_width": null, "border_color": "#45818e", "border_opacity": null, "border_wellknown": "shape://horizline", "fill_type": "color", "fill_color": "#a2c4c9", "fill_opacity": null, "fill_wellknown": null, "fill_shape_color": null, "fill_shape_width": null, "fill_shape_size": null, "fill_img_url": null, "marker_img_url": "marker_img_url/6396927721e3a.png"}},{"type": "Feature", "id": "layer_data_map.fid--27e80436_1a098b908f8_-3e0f", "geometry": {"type": "Point", "coordinates": [106.94024248, 47.92430958]}, "geometry_name": "geom", "properties": {"guid": 5088, "id": 5088, "object_no": null, "object_name": null, "layer_type_id": 214, "valid_to": null, "address_no": null, "border_type": "solid", "border_width": null, "border_color": "#45818e", "border_opacity": null, "border_wellknown": "shape://horizline", "fill_type": "color", "fill_color": "#a2c4c9", "fill_opacity": null, "fill_wellknown": null, "fill_shape_color": null, "fill_shape_width": null, "fill_shape_size": null, "fill_img_url": null, "marker_img_url": "marker_img_url/6396927721e3a.png"}},{"type": "Feature", "id": "layer_data_map.fid--27e80436_1a098b908f8_-3e0e", "geometry": {"type": "Point", "coordinates": [106.93522999, 47.92627834]}, "geometry_name": "geom", "properties": {"guid": 5089, "id": 5089, "object_no": null, "object_name": null, "layer_type_id": 214, "valid_to": null, "address_no": null, "border_type": "solid", "border_width": null, "border_color": "#45818e", "border_opacity": null, "border_wellknown": "shape://horizline", "fill_type": "color", "fill_color": "#a2c4c9", "fill_opacity": null, "fill_wellknown": null, "fill_shape_color": null, "fill_shape_width": null, "fill_shape_size": null, "fill_img_url": null, "marker_img_url": "marker_img_url/6396927721e3a.png"}},{"type": "Feature", "id": "layer_data_map.fid--27e80436_1a098b908f8_-3e0d", "geometry": {"type": "Point", "coordinates": [106.94192376, 47.91052404]}, "geometry_name": "geom", "properties": {"guid": 5090, "id": 5090, "object_no": null, "object_name": null, "layer_type_id": 214, "valid_to": null, "address_no": null, "border_type": "solid", "border_width": null, "border_color": "#45818e", "border_opacity": null, "border_wellknown": "shape://horizline", "fill_type": "color", "fill_color": "#a2c4c9", "fill_opacity": null, "fill_wellknown": null, "fill_shape_color": null, "fill_shape_width": null, "fill_shape_size": null, "fill_img_url": null, "marker_img_url": "marker_img_url/6396927721e3a.png"}},{"type": "Feature", "id": "layer_data_map.fid--27e80436_1a098b908f8_-3e0c", "geometry": {"type": "Point", "coordinates": [106.93880976, 47.91098857]}, "geometry_name": "geom", "properties": {"guid": 5091, "id": 5091, "object_no": null, "object_name": null, "layer_type_id": 214, "valid_to": null, "address_no": null, "border_type": "solid", "border_width": null, "border_color": "#45818e", "border_opacity": null, "border_wellknown": "shape://horizline", "fill_type": "color", "fill_color": "#a2c4c9", "fill_opacity": null, "fill_wellknown": null, "fill_shape_color": null, "fill_shape_width": null, "fill_shape_size": null, "fill_img_url": null, "marker_img_url": "marker_img_url/6396927721e3a.png"}},{"type": "Feature", "id": "layer_data_map.fid--27e80436_1a098b908f8_-3e0b", "geometry": {"type": "Point", "coordinates": [106.92643698, 47.92364005]}, "geometry_name": "geom", "properties": {"guid": 5092, "id": 5092, "object_no": null, "object_name": null, "layer_type_id": 214, "valid_to": null, "address_no": null, "border_type": "solid", "border_width": null, "border_color": "#45818e", "border_opacity": null, "border_wellknown": "shape://horizline", "fill_type": "color", "fill_color": "#a2c4c9", "fill_opacity": null, "fill_wellknown": null, "fill_shape_color": null, "fill_shape_width": null, "fill_shape_size": null, "fill_img_url": null, "marker_img_url": "marker_img_url/6396927721e3a.png"}},{"type": "Feature", "id": "layer_data_map.fid--27e80436_1a098b908f8_-3e0a", "geometry": {"type": "Point", "coordinates": [106.91913738, 47.92872278]}, "geometry_name": "geom", "properties": {"guid": 5093, "id": 5093, "object_no": null, "object_name": null, "layer_type_id": 214, "valid_to": null, "address_no": null, "border_type": "solid", "border_width": null, "border_color": "#45818e", "border_opacity": null, "border_wellknown": "shape://horizline", "fill_type": "color", "fill_color": "#a2c4c9", "fill_opacity": null, "fill_wellknown": null, "fill_shape_color": null, "fill_shape_width": null, "fill_shape_size": null, "fill_img_url": null, "marker_img_url": "marker_img_url/6396927721e3a.png"}},{"type": "Feature", "id": "layer_data_map.fid--27e80436_1a098b908f8_-3e09", "geometry": {"type": "Point", "coordinates": [106.92728958, 47.92722639]}, "geometry_name": "geom", "properties": {"guid": 5094, "id": 5094, "object_no": null, "object_name": null, "layer_type_id": 214, "valid_to": null, "address_no": null, "border_type": "solid", "border_width": null, "border_color": "#45818e", "border_opacity": null, "border_wellknown": "shape://horizline", "fill_type": "color", "fill_color": "#a2c4c9", "fill_opacity": null, "fill_wellknown": null, "fill_shape_color": null, "fill_shape_width": null, "fill_shape_size": null, "fill_img_url": null, "marker_img_url": "marker_img_url/6396927721e3a.png"}},{"type": "Feature", "id": "layer_data_map.fid--27e80436_1a098b908f8_-3e08", "geometry": {"type": "Point", "coordinates": [106.92016378, 47.93031454]}, "geometry_name": "geom", "properties": {"guid": 5095, "id": 5095, "object_no": null, "object_name": null, "layer_type_id": 214, "valid_to": null, "address_no": null, "border_type": "solid", "border_width": null, "border_color": "#45818e", "border_opacity": null, "border_wellknown": "shape://horizline", "fill_type": "color", "fill_color": "#a2c4c9", "fill_opacity": null, "fill_wellknown": null, "fill_shape_color": null, "fill_shape_width": null, "fill_shape_size": null, "fill_img_url": null, "marker_img_url": "marker_img_url/6396927721e3a.png"}},{"type": "Feature", "id": "layer_data_map.fid--27e80436_1a098b908f8_-3e07", "geometry": {"type": "Point", "coordinates": [106.92800478, 47.92095374]}, "geometry_name": "geom", "properties": {"guid": 5096, "id": 5096, "object_no": null, "object_name": null, "layer_type_id": 214, "valid_to": null, "address_no": null, "border_type": "solid", "border_width": null, "border_color": "#45818e", "border_opacity": null, "border_wellknown": "shape://horizline", "fill_type": "color", "fill_color": "#a2c4c9", "fill_opacity": null, "fill_wellknown": null, "fill_shape_color": null, "fill_shape_width": null, "fill_shape_size": null, "fill_img_url": null, "marker_img_url": "marker_img_url/6396927721e3a.png"}},{"type": "Feature", "id": "layer_data_map.fid--27e80436_1a098b908f8_-3e06", "geometry": {"type": "Point", "coordinates": [106.92900195, 47.92557086]}, "geometry_name": "geom", "properties": {"guid": 5097, "id": 5097, "object_no": null, "object_name": null, "layer_type_id": 214, "valid_to": null, "address_no": null, "border_type": "solid", "border_width": null, "border_color": "#45818e", "border_opacity": null, "border_wellknown": "shape://horizline", "fill_type": "color", "fill_color": "#a2c4c9", "fill_opacity": null, "fill_wellknown": null, "fill_shape_color": null, "fill_shape_width": null, "fill_shape_size": null, "fill_img_url": null, "marker_img_url": "marker_img_url/6396927721e3a.png"}},{"type": "Feature", "id": "layer_data_map.fid--27e80436_1a098b908f8_-3e05", "geometry": {"type": "Point", "coordinates": [106.89156617, 47.89599356]}, "geometry_name": "geom", "properties": {"guid": 5098, "id": 5098, "object_no": null, "object_name": null, "layer_type_id": 214, "valid_to": null, "address_no": null, "border_type": "solid", "border_width": null, "border_color": "#45818e", "border_opacity": null, "border_wellknown": "shape://horizline", "fill_type": "color", "fill_color": "#a2c4c9", "fill_opacity": null, "fill_wellknown": null, "fill_shape_color": null, "fill_shape_width": null, "fill_shape_size": null, "fill_img_url": null, "marker_img_url": "marker_img_url/6396927721e3a.png"}},{"type": "Feature", "id": "layer_data_map.fid--27e80436_1a098b908f8_-3e04", "geometry": {"type": "Point", "coordinates": [106.88836215, 47.93015132]}, "geometry_name": "geom", "properties": {"guid": 5099, "id": 5099, "object_no": null, "object_name": null, "layer_type_id": 214, "valid_to": null, "address_no": null, "border_type": "solid", "border_width": null, "border_color": "#45818e", "border_opacity": null, "border_wellknown": "shape://horizline", "fill_type": "color", "fill_color": "#a2c4c9", "fill_opacity": null, "fill_wellknown": null, "fill_shape_color": null, "fill_shape_width": null, "fill_shape_size": null, "fill_img_url": null, "marker_img_url": "marker_img_url/6396927721e3a.png"}},{"type": "Feature", "id": "layer_data_map.fid--27e80436_1a098b908f8_-3e03", "geometry": {"type": "Point", "coordinates": [106.92421116, 47.93348519]}, "geometry_name": "geom", "properties": {"guid": 5100, "id": 5100, "object_no": null, "object_name": null, "layer_type_id": 214, "valid_to": null, "address_no": null, "border_type": "solid", "border_width": null, "border_color": "#45818e", "border_opacity": null, "border_wellknown": "shape://horizline", "fill_type": "color", "fill_color": "#a2c4c9", "fill_opacity": null, "fill_wellknown": null, "fill_shape_color": null, "fill_shape_width": null, "fill_shape_size": null, "fill_img_url": null, "marker_img_url": "marker_img_url/6396927721e3a.png"}},{"type": "Feature", "id": "layer_data_map.fid--27e80436_1a098b908f8_-3e02", "geometry": {"type": "Point", "coordinates": [106.8396765, 47.91475489]}, "geometry_name": "geom", "properties": {"guid": 5101, "id": 5101, "object_no": null, "object_name": null, "layer_type_id": 214, "valid_to": null, "address_no": null, "border_type": "solid", "border_width": null, "border_color": "#45818e", "border_opacity": null, "border_wellknown": "shape://horizline", "fill_type": "color", "fill_color": "#a2c4c9", "fill_opacity": null, "fill_wellknown": null, "fill_shape_color": null, "fill_shape_width": null, "fill_shape_size": null, "fill_img_url": null, "marker_img_url": "marker_img_url/6396927721e3a.png"}},{"type": "Feature", "id": "layer_data_map.fid--27e80436_1a098b908f8_-3e01", "geometry": {"type": "Point", "coordinates": [106.83108177, 47.96739195]}, "geometry_name": "geom", "properties": {"guid": 5102, "id": 5102, "object_no": null, "object_name": null, "layer_type_id": 214, "valid_to": null, "address_no": null, "border_type": "solid", "border_width": null, "border_color": "#45818e", "border_opacity": null, "border_wellknown": "shape://horizline", "fill_type": "color", "fill_color": "#a2c4c9", "fill_opacity": null, "fill_wellknown": null, "fill_shape_color": null, "fill_shape_width": null, "fill_shape_size": null, "fill_img_url": null, "marker_img_url": "marker_img_url/6396927721e3a.png"}},{"type": "Feature", "id": "layer_data_map.fid--27e80436_1a098b908f8_-3e00", "geometry": {"type": "Point", "coordinates": [106.75125748, 47.91989076]}, "geometry_name": "geom", "properties": {"guid": 5103, "id": 5103, "object_no": null, "object_name": null, "layer_type_id": 214, "valid_to": null, "address_no": null, "border_type": "solid", "border_width": null, "border_color": "#45818e", "border_opacity": null, "border_wellknown": "shape://horizline", "fill_type": "color", "fill_color": "#a2c4c9", "fill_opacity": null, "fill_wellknown": null, "fill_shape_color": null, "fill_shape_width": null, "fill_shape_size": null, "fill_img_url": null, "marker_img_url": "marker_img_url/6396927721e3a.png"}},{"type": "Feature", "id": "layer_data_map.fid--27e80436_1a098b908f8_-3dff", "geometry": {"type": "Point", "coordinates": [106.76471859, 47.92030645]}, "geometry_name": "geom", "properties": {"guid": 5104, "id": 5104, "object_no": null, "object_name": null, "layer_type_id": 214, "valid_to": null, "address_no": null, "border_type": "solid", "border_width": null, "border_color": "#45818e", "border_opacity": null, "border_wellknown": "shape://horizline", "fill_type": "color", "fill_color": "#a2c4c9", "fill_opacity": null, "fill_wellknown": null, "fill_shape_color": null, "fill_shape_width": null, "fill_shape_size": null, "fill_img_url": null, "marker_img_url": "marker_img_url/6396927721e3a.png"}},{"type": "Feature", "id": "layer_data_map.fid--27e80436_1a098b908f8_-3dfe", "geometry": {"type": "Point", "coordinates": [106.8356876, 47.91472192]}, "geometry_name": "geom", "properties": {"guid": 5105, "id": 5105, "object_no": null, "object_name": null, "layer_type_id": 214, "valid_to": null, "address_no": null, "border_type": "solid", "border_width": null, "border_color": "#45818e", "border_opacity": null, "border_wellknown": "shape://horizline", "fill_type": "color", "fill_color": "#a2c4c9", "fill_opacity": null, "fill_wellknown": null, "fill_shape_color": null, "fill_shape_width": null, "fill_shape_size": null, "fill_img_url": null, "marker_img_url": "marker_img_url/6396927721e3a.png"}},{"type": "Feature", "id": "layer_data_map.fid--27e80436_1a098b908f8_-3dfd", "geometry": {"type": "Point", "coordinates": [106.83123123, 47.91353877]}, "geometry_name": "geom", "properties": {"guid": 5106, "id": 5106, "object_no": null, "object_name": null, "layer_type_id": 214, "valid_to": null, "address_no": null, "border_type": "solid", "border_width": null, "border_color": "#45818e", "border_opacity": null, "border_wellknown": "shape://horizline", "fill_type": "color", "fill_color": "#a2c4c9", "fill_opacity": null, "fill_wellknown": null, "fill_shape_color": null, "fill_shape_width": null, "fill_shape_size": null, "fill_img_url": null, "marker_img_url": "marker_img_url/6396927721e3a.png"}},{"type": "Feature", "id": "layer_data_map.fid--27e80436_1a098b908f8_-3dfc", "geometry": {"type": "Point", "coordinates": [106.93040216, 47.898326]}, "geometry_name": "geom", "properties": {"guid": 5107, "id": 5107, "object_no": null, "object_name": null, "layer_type_id": 214, "valid_to": null, "address_no": null, "border_type": "solid", "border_width": null, "border_color": "#45818e", "border_opacity": null, "border_wellknown": "shape://horizline", "fill_type": "color", "fill_color": "#a2c4c9", "fill_opacity": null, "fill_wellknown": null, "fill_shape_color": null, "fill_shape_width": null, "fill_shape_size": null, "fill_img_url": null, "marker_img_url": "marker_img_url/6396927721e3a.png"}},{"type": "Feature", "id": "layer_data_map.fid--27e80436_1a098b908f8_-3dfb", "geometry": {"type": "Point", "coordinates": [106.8481991, 47.87468555]}, "geometry_name": "geom", "properties": {"guid": 5108, "id": 5108, "object_no": null, "object_name": null, "layer_type_id": 214, "valid_to": null, "address_no": null, "border_type": "solid", "border_width": null, "border_color": "#45818e", "border_opacity": null, "border_wellknown": "shape://horizline", "fill_type": "color", "fill_color": "#a2c4c9", "fill_opacity": null, "fill_wellknown": null, "fill_shape_color": null, "fill_shape_width": null, "fill_shape_size": null, "fill_img_url": null, "marker_img_url": "marker_img_url/6396927721e3a.png"}},{"type": "Feature", "id": "layer_data_map.fid--27e80436_1a098b908f8_-3dfa", "geometry": {"type": "Point", "coordinates": [106.67820436, 47.8451904]}, "geometry_name": "geom", "properties": {"guid": 5109, "id": 5109, "object_no": null, "object_name": null, "layer_type_id": 214, "valid_to": null, "address_no": null, "border_type": "solid", "border_width": null, "border_color": "#45818e", "border_opacity": null, "border_wellknown": "shape://horizline", "fill_type": "color", "fill_color": "#a2c4c9", "fill_opacity": null, "fill_wellknown": null, "fill_shape_color": null, "fill_shape_width": null, "fill_shape_size": null, "fill_img_url": null, "marker_img_url": "marker_img_url/6396927721e3a.png"}},{"type": "Feature", "id": "layer_data_map.fid--27e80436_1a098b908f8_-3df9", "geometry": {"type": "Point", "coordinates": [106.79575431, 47.86183382]}, "geometry_name": "geom", "properties": {"guid": 5110, "id": 5110, "object_no": null, "object_name": null, "layer_type_id": 214, "valid_to": null, "address_no": null, "border_type": "solid", "border_width": null, "border_color": "#45818e", "border_opacity": null, "border_wellknown": "shape://horizline", "fill_type": "color", "fill_color": "#a2c4c9", "fill_opacity": null, "fill_wellknown": null, "fill_shape_color": null, "fill_shape_width": null, "fill_shape_size": null, "fill_img_url": null, "marker_img_url": "marker_img_url/6396927721e3a.png"}},{"type": "Feature", "id": "layer_data_map.fid--27e80436_1a098b908f8_-3df8", "geometry": {"type": "Point", "coordinates": [106.70764477, 47.78877916]}, "geometry_name": "geom", "properties": {"guid": 5111, "id": 5111, "object_no": null, "object_name": null, "layer_type_id": 214, "valid_to": null, "address_no": null, "border_type": "solid", "border_width": null, "border_color": "#45818e", "border_opacity": null, "border_wellknown": "shape://horizline", "fill_type": "color", "fill_color": "#a2c4c9", "fill_opacity": null, "fill_wellknown": null, "fill_shape_color": null, "fill_shape_width": null, "fill_shape_size": null, "fill_img_url": null, "marker_img_url": "marker_img_url/6396927721e3a.png"}},{"type": "Feature", "id": "layer_data_map.fid--27e80436_1a098b908f8_-3df7", "geometry": {"type": "Point", "coordinates": [106.90058932, 47.89232115]}, "geometry_name": "geom", "properties": {"guid": 5112, "id": 5112, "object_no": null, "object_name": null, "layer_type_id": 214, "valid_to": null, "address_no": null, "border_type": "solid", "border_width": null, "border_color": "#45818e", "border_opacity": null, "border_wellknown": "shape://horizline", "fill_type": "color", "fill_color": "#a2c4c9", "fill_opacity": null, "fill_wellknown": null, "fill_shape_color": null, "fill_shape_width": null, "fill_shape_size": null, "fill_img_url": null, "marker_img_url": "marker_img_url/6396927721e3a.png"}},{"type": "Feature", "id": "layer_data_map.fid--27e80436_1a098b908f8_-3df6", "geometry": {"type": "Point", "coordinates": [106.76323254, 47.86608015]}, "geometry_name": "geom", "properties": {"guid": 5113, "id": 5113, "object_no": null, "object_name": null, "layer_type_id": 214, "valid_to": null, "address_no": null, "border_type": "solid", "border_width": null, "border_color": "#45818e", "border_opacity": null, "border_wellknown": "shape://horizline", "fill_type": "color", "fill_color": "#a2c4c9", "fill_opacity": null, "fill_wellknown": null, "fill_shape_color": null, "fill_shape_width": null, "fill_shape_size": null, "fill_img_url": null, "marker_img_url": "marker_img_url/6396927721e3a.png"}},{"type": "Feature", "id": "layer_data_map.fid--27e80436_1a098b908f8_-3df5", "geometry": {"type": "Point", "coordinates": [107.26701302, 47.7652524]}, "geometry_name": "geom", "properties": {"guid": 5114, "id": 5114, "object_no": null, "object_name": null, "layer_type_id": 214, "valid_to": null, "address_no": null, "border_type": "solid", "border_width": null, "border_color": "#45818e", "border_opacity": null, "border_wellknown": "shape://horizline", "fill_type": "color", "fill_color": "#a2c4c9", "fill_opacity": null, "fill_wellknown": null, "fill_shape_color": null, "fill_shape_width": null, "fill_shape_size": null, "fill_img_url": null, "marker_img_url": "marker_img_url/6396927721e3a.png"}},{"type": "Feature", "id": "layer_data_map.fid--27e80436_1a098b908f8_-3df4", "geometry": {"type": "Point", "coordinates": [107.24903246, 47.7719878]}, "geometry_name": "geom", "properties": {"guid": 5115, "id": 5115, "object_no": null, "object_name": null, "layer_type_id": 214, "valid_to": null, "address_no": null, "border_type": "solid", "border_width": null, "border_color": "#45818e", "border_opacity": null, "border_wellknown": "shape://horizline", "fill_type": "color", "fill_color": "#a2c4c9", "fill_opacity": null, "fill_wellknown": null, "fill_shape_color": null, "fill_shape_width": null, "fill_shape_size": null, "fill_img_url": null, "marker_img_url": "marker_img_url/6396927721e3a.png"}},{"type": "Feature", "id": "layer_data_map.fid--27e80436_1a098b908f8_-3df3", "geometry": {"type": "Point", "coordinates": [107.2484508, 47.7686807]}, "geometry_name": "geom", "properties": {"guid": 5116, "id": 5116, "object_no": null, "object_name": null, "layer_type_id": 214, "valid_to": null, "address_no": null, "border_type": "solid", "border_width": null, "border_color": "#45818e", "border_opacity": null, "border_wellknown": "shape://horizline", "fill_type": "color", "fill_color": "#a2c4c9", "fill_opacity": null, "fill_wellknown": null, "fill_shape_color": null, "fill_shape_width": null, "fill_shape_size": null, "fill_img_url": null, "marker_img_url": "marker_img_url/6396927721e3a.png"}},{"type": "Feature", "id": "layer_data_map.fid--27e80436_1a098b908f8_-3df2", "geometry": {"type": "Point", "coordinates": [107.2534735, 47.77444633]}, "geometry_name": "geom", "properties": {"guid": 5117, "id": 5117, "object_no": null, "object_name": null, "layer_type_id": 214, "valid_to": null, "address_no": null, "border_type": "solid", "border_width": null, "border_color": "#45818e", "border_opacity": null, "border_wellknown": "shape://horizline", "fill_type": "color", "fill_color": "#a2c4c9", "fill_opacity": null, "fill_wellknown": null, "fill_shape_color": null, "fill_shape_width": null, "fill_shape_size": null, "fill_img_url": null, "marker_img_url": "marker_img_url/6396927721e3a.png"}},{"type": "Feature", "id": "layer_data_map.fid--27e80436_1a098b908f8_-3df1", "geometry": {"type": "Point", "coordinates": [107.24457042, 47.76747178]}, "geometry_name": "geom", "properties": {"guid": 5118, "id": 5118, "object_no": null, "object_name": null, "layer_type_id": 214, "valid_to": null, "address_no": null, "border_type": "solid", "border_width": null, "border_color": "#45818e", "border_opacity": null, "border_wellknown": "shape://horizline", "fill_type": "color", "fill_color": "#a2c4c9", "fill_opacity": null, "fill_wellknown": null, "fill_shape_color": null, "fill_shape_width": null, "fill_shape_size": null, "fill_img_url": null, "marker_img_url": "marker_img_url/6396927721e3a.png"}},{"type": "Feature", "id": "layer_data_map.fid--27e80436_1a098b908f8_-3df0", "geometry": {"type": "Point", "coordinates": [107.39582455, 47.78493249]}, "geometry_name": "geom", "properties": {"guid": 5119, "id": 5119, "object_no": null, "object_name": null, "layer_type_id": 214, "valid_to": null, "address_no": null, "border_type": "solid", "border_width": null, "border_color": "#45818e", "border_opacity": null, "border_wellknown": "shape://horizline", "fill_type": "color", "fill_color": "#a2c4c9", "fill_opacity": null, "fill_wellknown": null, "fill_shape_color": null, "fill_shape_width": null, "fill_shape_size": null, "fill_img_url": null, "marker_img_url": "marker_img_url/6396927721e3a.png"}},{"type": "Feature", "id": "layer_data_map.fid--27e80436_1a098b908f8_-3def", "geometry": {"type": "Point", "coordinates": [106.92627451, 47.91270759]}, "geometry_name": "geom", "properties": {"guid": 5120, "id": 5120, "object_no": null, "object_name": null, "layer_type_id": 214, "valid_to": null, "address_no": null, "border_type": "solid", "border_width": null, "border_color": "#45818e", "border_opacity": null, "border_wellknown": "shape://horizline", "fill_type": "color", "fill_color": "#a2c4c9", "fill_opacity": null, "fill_wellknown": null, "fill_shape_color": null, "fill_shape_width": null, "fill_shape_size": null, "fill_img_url": null, "marker_img_url": "marker_img_url/6396927721e3a.png"}},{"type": "Feature", "id": "layer_data_map.fid--27e80436_1a098b908f8_-3dee", "geometry": {"type": "Point", "coordinates": [106.92878576, 47.92078909]}, "geometry_name": "geom", "properties": {"guid": 5121, "id": 5121, "object_no": null, "object_name": null, "layer_type_id": 214, "valid_to": null, "address_no": null, "border_type": "solid", "border_width": null, "border_color": "#45818e", "border_opacity": null, "border_wellknown": "shape://horizline", "fill_type": "color", "fill_color": "#a2c4c9", "fill_opacity": null, "fill_wellknown": null, "fill_shape_color": null, "fill_shape_width": null, "fill_shape_size": null, "fill_img_url": null, "marker_img_url": "marker_img_url/6396927721e3a.png"}},{"type": "Feature", "id": "layer_data_map.fid--27e80436_1a098b908f8_-3ded", "geometry": {"type": "Point", "coordinates": [106.92858819, 47.92004593]}, "geometry_name": "geom", "properties": {"guid": 5122, "id": 5122, "object_no": null, "object_name": null, "layer_type_id": 214, "valid_to": null, "address_no": null, "border_type": "solid", "border_width": null, "border_color": "#45818e", "border_opacity": null, "border_wellknown": "shape://horizline", "fill_type": "color", "fill_color": "#a2c4c9", "fill_opacity": null, "fill_wellknown": null, "fill_shape_color": null, "fill_shape_width": null, "fill_shape_size": null, "fill_img_url": null, "marker_img_url": "marker_img_url/6396927721e3a.png"}},{"type": "Feature", "id": "layer_data_map.fid--27e80436_1a098b908f8_-3dec", "geometry": {"type": "Point", "coordinates": [106.90796087, 47.90900926]}, "geometry_name": "geom", "properties": {"guid": 5123, "id": 5123, "object_no": null, "object_name": null, "layer_type_id": 214, "valid_to": null, "address_no": null, "border_type": "solid", "border_width": null, "border_color": "#45818e", "border_opacity": null, "border_wellknown": "shape://horizline", "fill_type": "color", "fill_color": "#a2c4c9", "fill_opacity": null, "fill_wellknown": null, "fill_shape_color": null, "fill_shape_width": null, "fill_shape_size": null, "fill_img_url": null, "marker_img_url": "marker_img_url/6396927721e3a.png"}},{"type": "Feature", "id": "layer_data_map.fid--27e80436_1a098b908f8_-3deb", "geometry": {"type": "Point", "coordinates": [106.9133074, 47.93034451]}, "geometry_name": "geom", "properties": {"guid": 5124, "id": 5124, "object_no": null, "object_name": null, "layer_type_id": 214, "valid_to": null, "address_no": null, "border_type": "solid", "border_width": null, "border_color": "#45818e", "border_opacity": null, "border_wellknown": "shape://horizline", "fill_type": "color", "fill_color": "#a2c4c9", "fill_opacity": null, "fill_wellknown": null, "fill_shape_color": null, "fill_shape_width": null, "fill_shape_size": null, "fill_img_url": null, "marker_img_url": "marker_img_url/6396927721e3a.png"}},{"type": "Feature", "id": "layer_data_map.fid--27e80436_1a098b908f8_-3dea", "geometry": {"type": "Point", "coordinates": [106.92706975, 47.92219305]}, "geometry_name": "geom", "properties": {"guid": 5125, "id": 5125, "object_no": null, "object_name": null, "layer_type_id": 214, "valid_to": null, "address_no": null, "border_type": "solid", "border_width": null, "border_color": "#45818e", "border_opacity": null, "border_wellknown": "shape://horizline", "fill_type": "color", "fill_color": "#a2c4c9", "fill_opacity": null, "fill_wellknown": null, "fill_shape_color": null, "fill_shape_width": null, "fill_shape_size": null, "fill_img_url": null, "marker_img_url": "marker_img_url/6396927721e3a.png"}},{"type": "Feature", "id": "layer_data_map.fid--27e80436_1a098b908f8_-3de9", "geometry": {"type": "Point", "coordinates": [106.92139887, 47.93149592]}, "geometry_name": "geom", "properties": {"guid": 5126, "id": 5126, "object_no": null, "object_name": null, "layer_type_id": 214, "valid_to": null, "address_no": null, "border_type": "solid", "border_width": null, "border_color": "#45818e", "border_opacity": null, "border_wellknown": "shape://horizline", "fill_type": "color", "fill_color": "#a2c4c9", "fill_opacity": null, "fill_wellknown": null, "fill_shape_color": null, "fill_shape_width": null, "fill_shape_size": null, "fill_img_url": null, "marker_img_url": "marker_img_url/6396927721e3a.png"}},{"type": "Feature", "id": "layer_data_map.fid--27e80436_1a098b908f8_-3de8", "geometry": {"type": "Point", "coordinates": [106.91712307, 47.92567058]}, "geometry_name": "geom", "properties": {"guid": 5127, "id": 5127, "object_no": null, "object_name": null, "layer_type_id": 214, "valid_to": null, "address_no": null, "border_type": "solid", "border_width": null, "border_color": "#45818e", "border_opacity": null, "border_wellknown": "shape://horizline", "fill_type": "color", "fill_color": "#a2c4c9", "fill_opacity": null, "fill_wellknown": null, "fill_shape_color": null, "fill_shape_width": null, "fill_shape_size": null, "fill_img_url": null, "marker_img_url": "marker_img_url/6396927721e3a.png"}},{"type": "Feature", "id": "layer_data_map.fid--27e80436_1a098b908f8_-3de7", "geometry": {"type": "Point", "coordinates": [106.93419055, 47.9282136]}, "geometry_name": "geom", "properties": {"guid": 5128, "id": 5128, "object_no": null, "object_name": null, "layer_type_id": 214, "valid_to": null, "address_no": null, "border_type": "solid", "border_width": null, "border_color": "#45818e", "border_opacity": null, "border_wellknown": "shape://horizline", "fill_type": "color", "fill_color": "#a2c4c9", "fill_opacity": null, "fill_wellknown": null, "fill_shape_color": null, "fill_shape_width": null, "fill_shape_size": null, "fill_img_url": null, "marker_img_url": "marker_img_url/6396927721e3a.png"}},{"type": "Feature", "id": "layer_data_map.fid--27e80436_1a098b908f8_-3de6", "geometry": {"type": "Point", "coordinates": [106.73915827, 47.92785673]}, "geometry_name": "geom", "properties": {"guid": 5129, "id": 5129, "object_no": null, "object_name": null, "layer_type_id": 214, "valid_to": null, "address_no": null, "border_type": "solid", "border_width": null, "border_color": "#45818e", "border_opacity": null, "border_wellknown": "shape://horizline", "fill_type": "color", "fill_color": "#a2c4c9", "fill_opacity": null, "fill_wellknown": null, "fill_shape_color": null, "fill_shape_width": null, "fill_shape_size": null, "fill_img_url": null, "marker_img_url": "marker_img_url/6396927721e3a.png"}},{"type": "Feature", "id": "layer_data_map.fid--27e80436_1a098b908f8_-3de5", "geometry": {"type": "Point", "coordinates": [106.69618905, 47.91980731]}, "geometry_name": "geom", "properties": {"guid": 5130, "id": 5130, "object_no": null, "object_name": null, "layer_type_id": 214, "valid_to": null, "address_no": null, "border_type": "solid", "border_width": null, "border_color": "#45818e", "border_opacity": null, "border_wellknown": "shape://horizline", "fill_type": "color", "fill_color": "#a2c4c9", "fill_opacity": null, "fill_wellknown": null, "fill_shape_color": null, "fill_shape_width": null, "fill_shape_size": null, "fill_img_url": null, "marker_img_url": "marker_img_url/6396927721e3a.png"}},{"type": "Feature", "id": "layer_data_map.fid--27e80436_1a098b908f8_-3de4", "geometry": {"type": "Point", "coordinates": [106.64678285, 48.12213036]}, "geometry_name": "geom", "properties": {"guid": 5131, "id": 5131, "object_no": null, "object_name": null, "layer_type_id": 214, "valid_to": null, "address_no": null, "border_type": "solid", "border_width": null, "border_color": "#45818e", "border_opacity": null, "border_wellknown": "shape://horizline", "fill_type": "color", "fill_color": "#a2c4c9", "fill_opacity": null, "fill_wellknown": null, "fill_shape_color": null, "fill_shape_width": null, "fill_shape_size": null, "fill_img_url": null, "marker_img_url": "marker_img_url/6396927721e3a.png"}},{"type": "Feature", "id": "layer_data_map.fid--27e80436_1a098b908f8_-3de3", "geometry": {"type": "Point", "coordinates": [106.83273505, 47.91455913]}, "geometry_name": "geom", "properties": {"guid": 5132, "id": 5132, "object_no": null, "object_name": null, "layer_type_id": 214, "valid_to": null, "address_no": null, "border_type": "solid", "border_width": null, "border_color": "#45818e", "border_opacity": null, "border_wellknown": "shape://horizline", "fill_type": "color", "fill_color": "#a2c4c9", "fill_opacity": null, "fill_wellknown": null, "fill_shape_color": null, "fill_shape_width": null, "fill_shape_size": null, "fill_img_url": null, "marker_img_url": "marker_img_url/6396927721e3a.png"}},{"type": "Feature", "id": "layer_data_map.fid--27e80436_1a098b908f8_-3de2", "geometry": {"type": "Point", "coordinates": [106.81272273, 47.92114024]}, "geometry_name": "geom", "properties": {"guid": 5133, "id": 5133, "object_no": null, "object_name": null, "layer_type_id": 214, "valid_to": null, "address_no": null, "border_type": "solid", "border_width": null, "border_color": "#45818e", "border_opacity": null, "border_wellknown": "shape://horizline", "fill_type": "color", "fill_color": "#a2c4c9", "fill_opacity": null, "fill_wellknown": null, "fill_shape_color": null, "fill_shape_width": null, "fill_shape_size": null, "fill_img_url": null, "marker_img_url": "marker_img_url/6396927721e3a.png"}},{"type": "Feature", "id": "layer_data_map.fid--27e80436_1a098b908f8_-3de1", "geometry": {"type": "Point", "coordinates": [106.91063909, 47.91410964]}, "geometry_name": "geom", "properties": {"guid": 5134, "id": 5134, "object_no": null, "object_name": null, "layer_type_id": 214, "valid_to": null, "address_no": null, "border_type": "solid", "border_width": null, "border_color": "#45818e", "border_opacity": null, "border_wellknown": "shape://horizline", "fill_type": "color", "fill_color": "#a2c4c9", "fill_opacity": null, "fill_wellknown": null, "fill_shape_color": null, "fill_shape_width": null, "fill_shape_size": null, "fill_img_url": null, "marker_img_url": "marker_img_url/6396927721e3a.png"}},{"type": "Feature", "id": "layer_data_map.fid--27e80436_1a098b908f8_-3de0", "geometry": {"type": "Point", "coordinates": [107.15615931, 47.92674544]}, "geometry_name": "geom", "properties": {"guid": 5135, "id": 5135, "object_no": null, "object_name": null, "layer_type_id": 214, "valid_to": null, "address_no": null, "border_type": "solid", "border_width": null, "border_color": "#45818e", "border_opacity": null, "border_wellknown": "shape://horizline", "fill_type": "color", "fill_color": "#a2c4c9", "fill_opacity": null, "fill_wellknown": null, "fill_shape_color": null, "fill_shape_width": null, "fill_shape_size": null, "fill_img_url": null, "marker_img_url": "marker_img_url/6396927721e3a.png"}},{"type": "Feature", "id": "layer_data_map.fid--27e80436_1a098b908f8_-3ddf", "geometry": {"type": "Point", "coordinates": [107.16306579, 47.8106165]}, "geometry_name": "geom", "properties": {"guid": 5136, "id": 5136, "object_no": null, "object_name": null, "layer_type_id": 214, "valid_to": null, "address_no": null, "border_type": "solid", "border_width": null, "border_color": "#45818e", "border_opacity": null, "border_wellknown": "shape://horizline", "fill_type": "color", "fill_color": "#a2c4c9", "fill_opacity": null, "fill_wellknown": null, "fill_shape_color": null, "fill_shape_width": null, "fill_shape_size": null, "fill_img_url": null, "marker_img_url": "marker_img_url/6396927721e3a.png"}},{"type": "Feature", "id": "layer_data_map.fid--27e80436_1a098b908f8_-3dde", "geometry": {"type": "Point", "coordinates": [106.88521963, 47.91766606]}, "geometry_name": "geom", "properties": {"guid": 5137, "id": 5137, "object_no": null, "object_name": null, "layer_type_id": 214, "valid_to": null, "address_no": null, "border_type": "solid", "border_width": null, "border_color": "#45818e", "border_opacity": null, "border_wellknown": "shape://horizline", "fill_type": "color", "fill_color": "#a2c4c9", "fill_opacity": null, "fill_wellknown": null, "fill_shape_color": null, "fill_shape_width": null, "fill_shape_size": null, "fill_img_url": null, "marker_img_url": "marker_img_url/6396927721e3a.png"}},{"type": "Feature", "id": "layer_data_map.fid--27e80436_1a098b908f8_-3ddd", "geometry": {"type": "Point", "coordinates": [107.07048882, 47.91921326]}, "geometry_name": "geom", "properties": {"guid": 5138, "id": 5138, "object_no": null, "object_name": null, "layer_type_id": 214, "valid_to": null, "address_no": null, "border_type": "solid", "border_width": null, "border_color": "#45818e", "border_opacity": null, "border_wellknown": "shape://horizline", "fill_type": "color", "fill_color": "#a2c4c9", "fill_opacity": null, "fill_wellknown": null, "fill_shape_color": null, "fill_shape_width": null, "fill_shape_size": null, "fill_img_url": null, "marker_img_url": "marker_img_url/6396927721e3a.png"}},{"type": "Feature", "id": "layer_data_map.fid--27e80436_1a098b908f8_-3ddc", "geometry": {"type": "Point", "coordinates": [106.9705836, 47.99759312]}, "geometry_name": "geom", "properties": {"guid": 5139, "id": 5139, "object_no": null, "object_name": null, "layer_type_id": 214, "valid_to": null, "address_no": null, "border_type": "solid", "border_width": null, "border_color": "#45818e", "border_opacity": null, "border_wellknown": "shape://horizline", "fill_type": "color", "fill_color": "#a2c4c9", "fill_opacity": null, "fill_wellknown": null, "fill_shape_color": null, "fill_shape_width": null, "fill_shape_size": null, "fill_img_url": null, "marker_img_url": "marker_img_url/6396927721e3a.png"}},{"type": "Feature", "id": "layer_data_map.fid--27e80436_1a098b908f8_-3ddb", "geometry": {"type": "Point", "coordinates": [106.93078734, 47.93843938]}, "geometry_name": "geom", "properties": {"guid": 5140, "id": 5140, "object_no": null, "object_name": null, "layer_type_id": 214, "valid_to": null, "address_no": null, "border_type": "solid", "border_width": null, "border_color": "#45818e", "border_opacity": null, "border_wellknown": "shape://horizline", "fill_type": "color", "fill_color": "#a2c4c9", "fill_opacity": null, "fill_wellknown": null, "fill_shape_color": null, "fill_shape_width": null, "fill_shape_size": null, "fill_img_url": null, "marker_img_url": "marker_img_url/6396927721e3a.png"}},{"type": "Feature", "id": "layer_data_map.fid--27e80436_1a098b908f8_-3dda", "geometry": {"type": "Point", "coordinates": [106.95254508, 47.92461344]}, "geometry_name": "geom", "properties": {"guid": 5141, "id": 5141, "object_no": null, "object_name": null, "layer_type_id": 214, "valid_to": null, "address_no": null, "border_type": "solid", "border_width": null, "border_color": "#45818e", "border_opacity": null, "border_wellknown": "shape://horizline", "fill_type": "color", "fill_color": "#a2c4c9", "fill_opacity": null, "fill_wellknown": null, "fill_shape_color": null, "fill_shape_width": null, "fill_shape_size": null, "fill_img_url": null, "marker_img_url": "marker_img_url/6396927721e3a.png"}},{"type": "Feature", "id": "layer_data_map.fid--27e80436_1a098b908f8_-3dd9", "geometry": {"type": "Point", "coordinates": [107.07754193, 47.91755463]}, "geometry_name": "geom", "properties": {"guid": 5142, "id": 5142, "object_no": null, "object_name": null, "layer_type_id": 214, "valid_to": null, "address_no": null, "border_type": "solid", "border_width": null, "border_color": "#45818e", "border_opacity": null, "border_wellknown": "shape://horizline", "fill_type": "color", "fill_color": "#a2c4c9", "fill_opacity": null, "fill_wellknown": null, "fill_shape_color": null, "fill_shape_width": null, "fill_shape_size": null, "fill_img_url": null, "marker_img_url": "marker_img_url/6396927721e3a.png"}},{"type": "Feature", "id": "layer_data_map.fid--27e80436_1a098b908f8_-3dd8", "geometry": {"type": "Point", "coordinates": [106.91247087, 47.92675139]}, "geometry_name": "geom", "properties": {"guid": 5143, "id": 5143, "object_no": null, "object_name": null, "layer_type_id": 214, "valid_to": null, "address_no": null, "border_type": "solid", "border_width": null, "border_color": "#45818e", "border_opacity": null, "border_wellknown": "shape://horizline", "fill_type": "color", "fill_color": "#a2c4c9", "fill_opacity": null, "fill_wellknown": null, "fill_shape_color": null, "fill_shape_width": null, "fill_shape_size": null, "fill_img_url": null, "marker_img_url": "marker_img_url/6396927721e3a.png"}},{"type": "Feature", "id": "layer_data_map.fid--27e80436_1a098b908f8_-3dd7", "geometry": {"type": "Point", "coordinates": [107.16693901, 47.81572816]}, "geometry_name": "geom", "properties": {"guid": 5144, "id": 5144, "object_no": null, "object_name": null, "layer_type_id": 214, "valid_to": null, "address_no": null, "border_type": "solid", "border_width": null, "border_color": "#45818e", "border_opacity": null, "border_wellknown": "shape://horizline", "fill_type": "color", "fill_color": "#a2c4c9", "fill_opacity": null, "fill_wellknown": null, "fill_shape_color": null, "fill_shape_width": null, "fill_shape_size": null, "fill_img_url": null, "marker_img_url": "marker_img_url/6396927721e3a.png"}},{"type": "Feature", "id": "layer_data_map.fid--27e80436_1a098b908f8_-3dd6", "geometry": {"type": "Point", "coordinates": [107.25528705, 47.78130538]}, "geometry_name": "geom", "properties": {"guid": 5145, "id": 5145, "object_no": null, "object_name": null, "layer_type_id": 214, "valid_to": null, "address_no": null, "border_type": "solid", "border_width": null, "border_color": "#45818e", "border_opacity": null, "border_wellknown": "shape://horizline", "fill_type": "color", "fill_color": "#a2c4c9", "fill_opacity": null, "fill_wellknown": null, "fill_shape_color": null, "fill_shape_width": null, "fill_shape_size": null, "fill_img_url": null, "marker_img_url": "marker_img_url/6396927721e3a.png"}},{"type": "Feature", "id": "layer_data_map.fid--27e80436_1a098b908f8_-3dd5", "geometry": {"type": "Point", "coordinates": [107.2439499, 47.77066614]}, "geometry_name": "geom", "properties": {"guid": 5146, "id": 5146, "object_no": null, "object_name": null, "layer_type_id": 214, "valid_to": null, "address_no": null, "border_type": "solid", "border_width": null, "border_color": "#45818e", "border_opacity": null, "border_wellknown": "shape://horizline", "fill_type": "color", "fill_color": "#a2c4c9", "fill_opacity": null, "fill_wellknown": null, "fill_shape_color": null, "fill_shape_width": null, "fill_shape_size": null, "fill_img_url": null, "marker_img_url": "marker_img_url/6396927721e3a.png"}},{"type": "Feature", "id": "layer_data_map.fid--27e80436_1a098b908f8_-3dd4", "geometry": {"type": "Point", "coordinates": [107.49074829, 47.35226312]}, "geometry_name": "geom", "properties": {"guid": 5147, "id": 5147, "object_no": null, "object_name": null, "layer_type_id": 214, "valid_to": null, "address_no": null, "border_type": "solid", "border_width": null, "border_color": "#45818e", "border_opacity": null, "border_wellknown": "shape://horizline", "fill_type": "color", "fill_color": "#a2c4c9", "fill_opacity": null, "fill_wellknown": null, "fill_shape_color": null, "fill_shape_width": null, "fill_shape_size": null, "fill_img_url": null, "marker_img_url": "marker_img_url/6396927721e3a.png"}},{"type": "Feature", "id": "layer_data_map.fid--27e80436_1a098b908f8_-3dd3", "geometry": {"type": "Point", "coordinates": [106.92071344, 47.92596677]}, "geometry_name": "geom", "properties": {"guid": 5148, "id": 5148, "object_no": null, "object_name": null, "layer_type_id": 214, "valid_to": null, "address_no": null, "border_type": "solid", "border_width": null, "border_color": "#45818e", "border_opacity": null, "border_wellknown": "shape://horizline", "fill_type": "color", "fill_color": "#a2c4c9", "fill_opacity": null, "fill_wellknown": null, "fill_shape_color": null, "fill_shape_width": null, "fill_shape_size": null, "fill_img_url": null, "marker_img_url": "marker_img_url/6396927721e3a.png"}},{"type": "Feature", "id": "layer_data_map.fid--27e80436_1a098b908f8_-3dd2", "geometry": {"type": "Point", "coordinates": [106.92800433, 47.91599557]}, "geometry_name": "geom", "properties": {"guid": 5149, "id": 5149, "object_no": null, "object_name": null, "layer_type_id": 214, "valid_to": null, "address_no": null, "border_type": "solid", "border_width": null, "border_color": "#45818e", "border_opacity": null, "border_wellknown": "shape://horizline", "fill_type": "color", "fill_color": "#a2c4c9", "fill_opacity": null, "fill_wellknown": null, "fill_shape_color": null, "fill_shape_width": null, "fill_shape_size": null, "fill_img_url": null, "marker_img_url": "marker_img_url/6396927721e3a.png"}},{"type": "Feature", "id": "layer_data_map.fid--27e80436_1a098b908f8_-3dd1", "geometry": {"type": "Point", "coordinates": [106.92741015, 47.91606701]}, "geometry_name": "geom", "properties": {"guid": 5150, "id": 5150, "object_no": null, "object_name": null, "layer_type_id": 214, "valid_to": null, "address_no": null, "border_type": "solid", "border_width": null, "border_color": "#45818e", "border_opacity": null, "border_wellknown": "shape://horizline", "fill_type": "color", "fill_color": "#a2c4c9", "fill_opacity": null, "fill_wellknown": null, "fill_shape_color": null, "fill_shape_width": null, "fill_shape_size": null, "fill_img_url": null, "marker_img_url": "marker_img_url/6396927721e3a.png"}},{"type": "Feature", "id": "layer_data_map.fid--27e80436_1a098b908f8_-3dd0", "geometry": {"type": "Point", "coordinates": [106.55524332, 47.99755525]}, "geometry_name": "geom", "properties": {"guid": 5151, "id": 5151, "object_no": null, "object_name": null, "layer_type_id": 214, "valid_to": null, "address_no": null, "border_type": "solid", "border_width": null, "border_color": "#45818e", "border_opacity": null, "border_wellknown": "shape://horizline", "fill_type": "color", "fill_color": "#a2c4c9", "fill_opacity": null, "fill_wellknown": null, "fill_shape_color": null, "fill_shape_width": null, "fill_shape_size": null, "fill_img_url": null, "marker_img_url": "marker_img_url/6396927721e3a.png"}},{"type": "Feature", "id": "layer_data_map.fid--27e80436_1a098b908f8_-3dcf", "geometry": {"type": "Point", "coordinates": [106.83754167, 47.9600241]}, "geometry_name": "geom", "properties": {"guid": 5152, "id": 5152, "object_no": null, "object_name": null, "layer_type_id": 214, "valid_to": null, "address_no": null, "border_type": "solid", "border_width": null, "border_color": "#45818e", "border_opacity": null, "border_wellknown": "shape://horizline", "fill_type": "color", "fill_color": "#a2c4c9", "fill_opacity": null, "fill_wellknown": null, "fill_shape_color": null, "fill_shape_width": null, "fill_shape_size": null, "fill_img_url": null, "marker_img_url": "marker_img_url/6396927721e3a.png"}},{"type": "Feature", "id": "layer_data_map.fid--27e80436_1a098b908f8_-3dce", "geometry": {"type": "Point", "coordinates": [106.90842114, 47.92391037]}, "geometry_name": "geom", "properties": {"guid": 5153, "id": 5153, "object_no": null, "object_name": null, "layer_type_id": 214, "valid_to": null, "address_no": null, "border_type": "solid", "border_width": null, "border_color": "#45818e", "border_opacity": null, "border_wellknown": "shape://horizline", "fill_type": "color", "fill_color": "#a2c4c9", "fill_opacity": null, "fill_wellknown": null, "fill_shape_color": null, "fill_shape_width": null, "fill_shape_size": null, "fill_img_url": null, "marker_img_url": "marker_img_url/6396927721e3a.png"}},{"type": "Feature", "id": "layer_data_map.fid--27e80436_1a098b908f8_-3dcd", "geometry": {"type": "Point", "coordinates": [106.85229431, 47.91219296]}, "geometry_name": "geom", "properties": {"guid": 5154, "id": 5154, "object_no": null, "object_name": null, "layer_type_id": 214, "valid_to": null, "address_no": null, "border_type": "solid", "border_width": null, "border_color": "#45818e", "border_opacity": null, "border_wellknown": "shape://horizline", "fill_type": "color", "fill_color": "#a2c4c9", "fill_opacity": null, "fill_wellknown": null, "fill_shape_color": null, "fill_shape_width": null, "fill_shape_size": null, "fill_img_url": null, "marker_img_url": "marker_img_url/6396927721e3a.png"}},{"type": "Feature", "id": "layer_data_map.fid--27e80436_1a098b908f8_-3dcc", "geometry": {"type": "Point", "coordinates": [106.94245507, 47.9104449]}, "geometry_name": "geom", "properties": {"guid": 5155, "id": 5155, "object_no": null, "object_name": null, "layer_type_id": 214, "valid_to": null, "address_no": null, "border_type": "solid", "border_width": null, "border_color": "#45818e", "border_opacity": null, "border_wellknown": "shape://horizline", "fill_type": "color", "fill_color": "#a2c4c9", "fill_opacity": null, "fill_wellknown": null, "fill_shape_color": null, "fill_shape_width": null, "fill_shape_size": null, "fill_img_url": null, "marker_img_url": "marker_img_url/6396927721e3a.png"}},{"type": "Feature", "id": "layer_data_map.fid--27e80436_1a098b908f8_-3dcb", "geometry": {"type": "Point", "coordinates": [106.9376447, 47.91114626]}, "geometry_name": "geom", "properties": {"guid": 5156, "id": 5156, "object_no": null, "object_name": null, "layer_type_id": 214, "valid_to": null, "address_no": null, "border_type": "solid", "border_width": null, "border_color": "#45818e", "border_opacity": null, "border_wellknown": "shape://horizline", "fill_type": "color", "fill_color": "#a2c4c9", "fill_opacity": null, "fill_wellknown": null, "fill_shape_color": null, "fill_shape_width": null, "fill_shape_size": null, "fill_img_url": null, "marker_img_url": "marker_img_url/6396927721e3a.png"}},{"type": "Feature", "id": "layer_data_map.fid--27e80436_1a098b908f8_-3dca", "geometry": {"type": "Point", "coordinates": [106.98927153, 47.92177543]}, "geometry_name": "geom", "properties": {"guid": 5157, "id": 5157, "object_no": null, "object_name": null, "layer_type_id": 214, "valid_to": null, "address_no": null, "border_type": "solid", "border_width": null, "border_color": "#45818e", "border_opacity": null, "border_wellknown": "shape://horizline", "fill_type": "color", "fill_color": "#a2c4c9", "fill_opacity": null, "fill_wellknown": null, "fill_shape_color": null, "fill_shape_width": null, "fill_shape_size": null, "fill_img_url": null, "marker_img_url": "marker_img_url/6396927721e3a.png"}},{"type": "Feature", "id": "layer_data_map.fid--27e80436_1a098b908f8_-3dc9", "geometry": {"type": "Point", "coordinates": [106.92395671, 47.9206639]}, "geometry_name": "geom", "properties": {"guid": 5158, "id": 5158, "object_no": null, "object_name": null, "layer_type_id": 214, "valid_to": null, "address_no": null, "border_type": "solid", "border_width": null, "border_color": "#45818e", "border_opacity": null, "border_wellknown": "shape://horizline", "fill_type": "color", "fill_color": "#a2c4c9", "fill_opacity": null, "fill_wellknown": null, "fill_shape_color": null, "fill_shape_width": null, "fill_shape_size": null, "fill_img_url": null, "marker_img_url": "marker_img_url/6396927721e3a.png"}},{"type": "Feature", "id": "layer_data_map.fid--27e80436_1a098b908f8_-3dc8", "geometry": {"type": "Point", "coordinates": [106.92933887, 47.9319914]}, "geometry_name": "geom", "properties": {"guid": 5159, "id": 5159, "object_no": null, "object_name": null, "layer_type_id": 214, "valid_to": null, "address_no": null, "border_type": "solid", "border_width": null, "border_color": "#45818e", "border_opacity": null, "border_wellknown": "shape://horizline", "fill_type": "color", "fill_color": "#a2c4c9", "fill_opacity": null, "fill_wellknown": null, "fill_shape_color": null, "fill_shape_width": null, "fill_shape_size": null, "fill_img_url": null, "marker_img_url": "marker_img_url/6396927721e3a.png"}},{"type": "Feature", "id": "layer_data_map.fid--27e80436_1a098b908f8_-3dc7", "geometry": {"type": "Point", "coordinates": [106.9185835, 47.93246576]}, "geometry_name": "geom", "properties": {"guid": 5160, "id": 5160, "object_no": null, "object_name": null, "layer_type_id": 214, "valid_to": null, "address_no": null, "border_type": "solid", "border_width": null, "border_color": "#45818e", "border_opacity": null, "border_wellknown": "shape://horizline", "fill_type": "color", "fill_color": "#a2c4c9", "fill_opacity": null, "fill_wellknown": null, "fill_shape_color": null, "fill_shape_width": null, "fill_shape_size": null, "fill_img_url": null, "marker_img_url": "marker_img_url/6396927721e3a.png"}},{"type": "Feature", "id": "layer_data_map.fid--27e80436_1a098b908f8_-3dc6", "geometry": {"type": "Point", "coordinates": [106.88221905, 47.91363977]}, "geometry_name": "geom", "properties": {"guid": 5161, "id": 5161, "object_no": null, "object_name": null, "layer_type_id": 214, "valid_to": null, "address_no": null, "border_type": "solid", "border_width": null, "border_color": "#45818e", "border_opacity": null, "border_wellknown": "shape://horizline", "fill_type": "color", "fill_color": "#a2c4c9", "fill_opacity": null, "fill_wellknown": null, "fill_shape_color": null, "fill_shape_width": null, "fill_shape_size": null, "fill_img_url": null, "marker_img_url": "marker_img_url/6396927721e3a.png"}},{"type": "Feature", "id": "layer_data_map.fid--27e80436_1a098b908f8_-3dc5", "geometry": {"type": "Point", "coordinates": [106.94124772, 47.94671976]}, "geometry_name": "geom", "properties": {"guid": 5162, "id": 5162, "object_no": null, "object_name": null, "layer_type_id": 214, "valid_to": null, "address_no": null, "border_type": "solid", "border_width": null, "border_color": "#45818e", "border_opacity": null, "border_wellknown": "shape://horizline", "fill_type": "color", "fill_color": "#a2c4c9", "fill_opacity": null, "fill_wellknown": null, "fill_shape_color": null, "fill_shape_width": null, "fill_shape_size": null, "fill_img_url": null, "marker_img_url": "marker_img_url/6396927721e3a.png"}},{"type": "Feature", "id": "layer_data_map.fid--27e80436_1a098b908f8_-3dc4", "geometry": {"type": "Point", "coordinates": [106.98244148, 47.94387636]}, "geometry_name": "geom", "properties": {"guid": 5163, "id": 5163, "object_no": null, "object_name": null, "layer_type_id": 214, "valid_to": null, "address_no": null, "border_type": "solid", "border_width": null, "border_color": "#45818e", "border_opacity": null, "border_wellknown": "shape://horizline", "fill_type": "color", "fill_color": "#a2c4c9", "fill_opacity": null, "fill_wellknown": null, "fill_shape_color": null, "fill_shape_width": null, "fill_shape_size": null, "fill_img_url": null, "marker_img_url": "marker_img_url/6396927721e3a.png"}},{"type": "Feature", "id": "layer_data_map.fid--27e80436_1a098b908f8_-3dc3", "geometry": {"type": "Point", "coordinates": [106.96967683, 47.94216966]}, "geometry_name": "geom", "properties": {"guid": 5164, "id": 5164, "object_no": null, "object_name": null, "layer_type_id": 214, "valid_to": null, "address_no": null, "border_type": "solid", "border_width": null, "border_color": "#45818e", "border_opacity": null, "border_wellknown": "shape://horizline", "fill_type": "color", "fill_color": "#a2c4c9", "fill_opacity": null, "fill_wellknown": null, "fill_shape_color": null, "fill_shape_width": null, "fill_shape_size": null, "fill_img_url": null, "marker_img_url": "marker_img_url/6396927721e3a.png"}},{"type": "Feature", "id": "layer_data_map.fid--27e80436_1a098b908f8_-3dc2", "geometry": {"type": "Point", "coordinates": [106.74245593, 47.92773278]}, "geometry_name": "geom", "properties": {"guid": 5165, "id": 5165, "object_no": null, "object_name": null, "layer_type_id": 214, "valid_to": null, "address_no": null, "border_type": "solid", "border_width": null, "border_color": "#45818e", "border_opacity": null, "border_wellknown": "shape://horizline", "fill_type": "color", "fill_color": "#a2c4c9", "fill_opacity": null, "fill_wellknown": null, "fill_shape_color": null, "fill_shape_width": null, "fill_shape_size": null, "fill_img_url": null, "marker_img_url": "marker_img_url/6396927721e3a.png"}},{"type": "Feature", "id": "layer_data_map.fid--27e80436_1a098b908f8_-3dc1", "geometry": {"type": "Point", "coordinates": [106.92091137, 47.93494487]}, "geometry_name": "geom", "properties": {"guid": 5166, "id": 5166, "object_no": null, "object_name": null, "layer_type_id": 214, "valid_to": null, "address_no": null, "border_type": "solid", "border_width": null, "border_color": "#45818e", "border_opacity": null, "border_wellknown": "shape://horizline", "fill_type": "color", "fill_color": "#a2c4c9", "fill_opacity": null, "fill_wellknown": null, "fill_shape_color": null, "fill_shape_width": null, "fill_shape_size": null, "fill_img_url": null, "marker_img_url": "marker_img_url/6396927721e3a.png"}},{"type": "Feature", "id": "layer_data_map.fid--27e80436_1a098b908f8_-3dc0", "geometry": {"type": "Point", "coordinates": [106.80929422, 47.96055293]}, "geometry_name": "geom", "properties": {"guid": 5167, "id": 5167, "object_no": null, "object_name": null, "layer_type_id": 214, "valid_to": null, "address_no": null, "border_type": "solid", "border_width": null, "border_color": "#45818e", "border_opacity": null, "border_wellknown": "shape://horizline", "fill_type": "color", "fill_color": "#a2c4c9", "fill_opacity": null, "fill_wellknown": null, "fill_shape_color": null, "fill_shape_width": null, "fill_shape_size": null, "fill_img_url": null, "marker_img_url": "marker_img_url/6396927721e3a.png"}},{"type": "Feature", "id": "layer_data_map.fid--27e80436_1a098b908f8_-3dbf", "geometry": {"type": "Point", "coordinates": [106.85733587, 47.94548001]}, "geometry_name": "geom", "properties": {"guid": 5168, "id": 5168, "object_no": null, "object_name": null, "layer_type_id": 214, "valid_to": null, "address_no": null, "border_type": "solid", "border_width": null, "border_color": "#45818e", "border_opacity": null, "border_wellknown": "shape://horizline", "fill_type": "color", "fill_color": "#a2c4c9", "fill_opacity": null, "fill_wellknown": null, "fill_shape_color": null, "fill_shape_width": null, "fill_shape_size": null, "fill_img_url": null, "marker_img_url": "marker_img_url/6396927721e3a.png"}},{"type": "Feature", "id": "layer_data_map.fid--27e80436_1a098b908f8_-3dbe", "geometry": {"type": "Point", "coordinates": [106.8091248, 47.96762673]}, "geometry_name": "geom", "properties": {"guid": 5169, "id": 5169, "object_no": null, "object_name": null, "layer_type_id": 214, "valid_to": null, "address_no": null, "border_type": "solid", "border_width": null, "border_color": "#45818e", "border_opacity": null, "border_wellknown": "shape://horizline", "fill_type": "color", "fill_color": "#a2c4c9", "fill_opacity": null, "fill_wellknown": null, "fill_shape_color": null, "fill_shape_width": null, "fill_shape_size": null, "fill_img_url": null, "marker_img_url": "marker_img_url/6396927721e3a.png"}},{"type": "Feature", "id": "layer_data_map.fid--27e80436_1a098b908f8_-3dbd", "geometry": {"type": "Point", "coordinates": [106.90053818, 47.92229867]}, "geometry_name": "geom", "properties": {"guid": 5170, "id": 5170, "object_no": null, "object_name": null, "layer_type_id": 214, "valid_to": null, "address_no": null, "border_type": "solid", "border_width": null, "border_color": "#45818e", "border_opacity": null, "border_wellknown": "shape://horizline", "fill_type": "color", "fill_color": "#a2c4c9", "fill_opacity": null, "fill_wellknown": null, "fill_shape_color": null, "fill_shape_width": null, "fill_shape_size": null, "fill_img_url": null, "marker_img_url": "marker_img_url/6396927721e3a.png"}},{"type": "Feature", "id": "layer_data_map.fid--27e80436_1a098b908f8_-3dbc", "geometry": {"type": "Point", "coordinates": [106.88699375, 47.95120865]}, "geometry_name": "geom", "properties": {"guid": 5171, "id": 5171, "object_no": null, "object_name": null, "layer_type_id": 214, "valid_to": null, "address_no": null, "border_type": "solid", "border_width": null, "border_color": "#45818e", "border_opacity": null, "border_wellknown": "shape://horizline", "fill_type": "color", "fill_color": "#a2c4c9", "fill_opacity": null, "fill_wellknown": null, "fill_shape_color": null, "fill_shape_width": null, "fill_shape_size": null, "fill_img_url": null, "marker_img_url": "marker_img_url/6396927721e3a.png"}},{"type": "Feature", "id": "layer_data_map.fid--27e80436_1a098b908f8_-3dbb", "geometry": {"type": "Point", "coordinates": [106.92346965, 47.90240024]}, "geometry_name": "geom", "properties": {"guid": 5172, "id": 5172, "object_no": null, "object_name": null, "layer_type_id": 214, "valid_to": null, "address_no": null, "border_type": "solid", "border_width": null, "border_color": "#45818e", "border_opacity": null, "border_wellknown": "shape://horizline", "fill_type": "color", "fill_color": "#a2c4c9", "fill_opacity": null, "fill_wellknown": null, "fill_shape_color": null, "fill_shape_width": null, "fill_shape_size": null, "fill_img_url": null, "marker_img_url": "marker_img_url/6396927721e3a.png"}},{"type": "Feature", "id": "layer_data_map.fid--27e80436_1a098b908f8_-3dba", "geometry": {"type": "Point", "coordinates": [106.72096228, 47.84444994]}, "geometry_name": "geom", "properties": {"guid": 5173, "id": 5173, "object_no": null, "object_name": null, "layer_type_id": 214, "valid_to": null, "address_no": null, "border_type": "solid", "border_width": null, "border_color": "#45818e", "border_opacity": null, "border_wellknown": "shape://horizline", "fill_type": "color", "fill_color": "#a2c4c9", "fill_opacity": null, "fill_wellknown": null, "fill_shape_color": null, "fill_shape_width": null, "fill_shape_size": null, "fill_img_url": null, "marker_img_url": "marker_img_url/6396927721e3a.png"}},{"type": "Feature", "id": "layer_data_map.fid--27e80436_1a098b908f8_-3db9", "geometry": {"type": "Point", "coordinates": [108.37894398, 47.79180094]}, "geometry_name": "geom", "properties": {"guid": 5174, "id": 5174, "object_no": null, "object_name": null, "layer_type_id": 214, "valid_to": null, "address_no": null, "border_type": "solid", "border_width": null, "border_color": "#45818e", "border_opacity": null, "border_wellknown": "shape://horizline", "fill_type": "color", "fill_color": "#a2c4c9", "fill_opacity": null, "fill_wellknown": null, "fill_shape_color": null, "fill_shape_width": null, "fill_shape_size": null, "fill_img_url": null, "marker_img_url": "marker_img_url/6396927721e3a.png"}},{"type": "Feature", "id": "layer_data_map.fid--27e80436_1a098b908f8_-3db8", "geometry": {"type": "Point", "coordinates": [106.9039327, 47.9447941]}, "geometry_name": "geom", "properties": {"guid": 5175, "id": 5175, "object_no": null, "object_name": null, "layer_type_id": 214, "valid_to": null, "address_no": null, "border_type": "solid", "border_width": null, "border_color": "#45818e", "border_opacity": null, "border_wellknown": "shape://horizline", "fill_type": "color", "fill_color": "#a2c4c9", "fill_opacity": null, "fill_wellknown": null, "fill_shape_color": null, "fill_shape_width": null, "fill_shape_size": null, "fill_img_url": null, "marker_img_url": "marker_img_url/6396927721e3a.png"}},{"type": "Feature", "id": "layer_data_map.fid--27e80436_1a098b908f8_-3db7", "geometry": {"type": "Point", "coordinates": [106.90778831, 47.92413961]}, "geometry_name": "geom", "properties": {"guid": 5176, "id": 5176, "object_no": null, "object_name": null, "layer_type_id": 214, "valid_to": null, "address_no": null, "border_type": "solid", "border_width": null, "border_color": "#45818e", "border_opacity": null, "border_wellknown": "shape://horizline", "fill_type": "color", "fill_color": "#a2c4c9", "fill_opacity": null, "fill_wellknown": null, "fill_shape_color": null, "fill_shape_width": null, "fill_shape_size": null, "fill_img_url": null, "marker_img_url": "marker_img_url/6396927721e3a.png"}},{"type": "Feature", "id": "layer_data_map.fid--27e80436_1a098b908f8_-3db6", "geometry": {"type": "Point", "coordinates": [106.90473179, 47.9250339]}, "geometry_name": "geom", "properties": {"guid": 5177, "id": 5177, "object_no": null, "object_name": null, "layer_type_id": 214, "valid_to": null, "address_no": null, "border_type": "solid", "border_width": null, "border_color": "#45818e", "border_opacity": null, "border_wellknown": "shape://horizline", "fill_type": "color", "fill_color": "#a2c4c9", "fill_opacity": null, "fill_wellknown": null, "fill_shape_color": null, "fill_shape_width": null, "fill_shape_size": null, "fill_img_url": null, "marker_img_url": "marker_img_url/6396927721e3a.png"}},{"type": "Feature", "id": "layer_data_map.fid--27e80436_1a098b908f8_-3db5", "geometry": {"type": "Point", "coordinates": [106.90259596, 47.91792529]}, "geometry_name": "geom", "properties": {"guid": 5178, "id": 5178, "object_no": null, "object_name": null, "layer_type_id": 214, "valid_to": null, "address_no": null, "border_type": "solid", "border_width": null, "border_color": "#45818e", "border_opacity": null, "border_wellknown": "shape://horizline", "fill_type": "color", "fill_color": "#a2c4c9", "fill_opacity": null, "fill_wellknown": null, "fill_shape_color": null, "fill_shape_width": null, "fill_shape_size": null, "fill_img_url": null, "marker_img_url": "marker_img_url/6396927721e3a.png"}},{"type": "Feature", "id": "layer_data_map.fid--27e80436_1a098b908f8_-3db4", "geometry": {"type": "Point", "coordinates": [106.903506, 47.92374385]}, "geometry_name": "geom", "properties": {"guid": 5179, "id": 5179, "object_no": null, "object_name": null, "layer_type_id": 214, "valid_to": null, "address_no": null, "border_type": "solid", "border_width": null, "border_color": "#45818e", "border_opacity": null, "border_wellknown": "shape://horizline", "fill_type": "color", "fill_color": "#a2c4c9", "fill_opacity": null, "fill_wellknown": null, "fill_shape_color": null, "fill_shape_width": null, "fill_shape_size": null, "fill_img_url": null, "marker_img_url": "marker_img_url/6396927721e3a.png"}},{"type": "Feature", "id": "layer_data_map.fid--27e80436_1a098b908f8_-3db3", "geometry": {"type": "Point", "coordinates": [106.90361381, 47.92076067]}, "geometry_name": "geom", "properties": {"guid": 5180, "id": 5180, "object_no": null, "object_name": null, "layer_type_id": 214, "valid_to": null, "address_no": null, "border_type": "solid", "border_width": null, "border_color": "#45818e", "border_opacity": null, "border_wellknown": "shape://horizline", "fill_type": "color", "fill_color": "#a2c4c9", "fill_opacity": null, "fill_wellknown": null, "fill_shape_color": null, "fill_shape_width": null, "fill_shape_size": null, "fill_img_url": null, "marker_img_url": "marker_img_url/6396927721e3a.png"}},{"type": "Feature", "id": "layer_data_map.fid--27e80436_1a098b908f8_-3db2", "geometry": {"type": "Point", "coordinates": [107.24659789, 47.76823308]}, "geometry_name": "geom", "properties": {"guid": 5181, "id": 5181, "object_no": null, "object_name": null, "layer_type_id": 214, "valid_to": null, "address_no": null, "border_type": "solid", "border_width": null, "border_color": "#45818e", "border_opacity": null, "border_wellknown": "shape://horizline", "fill_type": "color", "fill_color": "#a2c4c9", "fill_opacity": null, "fill_wellknown": null, "fill_shape_color": null, "fill_shape_width": null, "fill_shape_size": null, "fill_img_url": null, "marker_img_url": "marker_img_url/6396927721e3a.png"}},{"type": "Feature", "id": "layer_data_map.fid--27e80436_1a098b908f8_-3db1", "geometry": {"type": "Point", "coordinates": [107.42960148, 47.35128776]}, "geometry_name": "geom", "properties": {"guid": 5182, "id": 5182, "object_no": null, "object_name": null, "layer_type_id": 214, "valid_to": null, "address_no": null, "border_type": "solid", "border_width": null, "border_color": "#45818e", "border_opacity": null, "border_wellknown": "shape://horizline", "fill_type": "color", "fill_color": "#a2c4c9", "fill_opacity": null, "fill_wellknown": null, "fill_shape_color": null, "fill_shape_width": null, "fill_shape_size": null, "fill_img_url": null, "marker_img_url": "marker_img_url/6396927721e3a.png"}},{"type": "Feature", "id": "layer_data_map.fid--27e80436_1a098b908f8_-3db0", "geometry": {"type": "Point", "coordinates": [106.91846623, 47.96587087]}, "geometry_name": "geom", "properties": {"guid": 5183, "id": 5183, "object_no": null, "object_name": null, "layer_type_id": 214, "valid_to": null, "address_no": null, "border_type": "solid", "border_width": null, "border_color": "#45818e", "border_opacity": null, "border_wellknown": "shape://horizline", "fill_type": "color", "fill_color": "#a2c4c9", "fill_opacity": null, "fill_wellknown": null, "fill_shape_color": null, "fill_shape_width": null, "fill_shape_size": null, "fill_img_url": null, "marker_img_url": "marker_img_url/6396927721e3a.png"}},{"type": "Feature", "id": "layer_data_map.fid--27e80436_1a098b908f8_-3daf", "geometry": {"type": "Point", "coordinates": [106.92452534, 47.91919352]}, "geometry_name": "geom", "properties": {"guid": 5184, "id": 5184, "object_no": null, "object_name": null, "layer_type_id": 214, "valid_to": null, "address_no": null, "border_type": "solid", "border_width": null, "border_color": "#45818e", "border_opacity": null, "border_wellknown": "shape://horizline", "fill_type": "color", "fill_color": "#a2c4c9", "fill_opacity": null, "fill_wellknown": null, "fill_shape_color": null, "fill_shape_width": null, "fill_shape_size": null, "fill_img_url": null, "marker_img_url": "marker_img_url/6396927721e3a.png"}},{"type": "Feature", "id": "layer_data_map.fid--27e80436_1a098b908f8_-3dae", "geometry": {"type": "Point", "coordinates": [107.45796274, 47.98901851]}, "geometry_name": "geom", "properties": {"guid": 5185, "id": 5185, "object_no": null, "object_name": null, "layer_type_id": 214, "valid_to": null, "address_no": null, "border_type": "solid", "border_width": null, "border_color": "#45818e", "border_opacity": null, "border_wellknown": "shape://horizline", "fill_type": "color", "fill_color": "#a2c4c9", "fill_opacity": null, "fill_wellknown": null, "fill_shape_color": null, "fill_shape_width": null, "fill_shape_size": null, "fill_img_url": null, "marker_img_url": "marker_img_url/6396927721e3a.png"}},{"type": "Feature", "id": "layer_data_map.fid--27e80436_1a098b908f8_-3dad", "geometry": {"type": "Point", "coordinates": [106.92450422, 47.92789967]}, "geometry_name": "geom", "properties": {"guid": 5186, "id": 5186, "object_no": null, "object_name": null, "layer_type_id": 214, "valid_to": null, "address_no": null, "border_type": "solid", "border_width": null, "border_color": "#45818e", "border_opacity": null, "border_wellknown": "shape://horizline", "fill_type": "color", "fill_color": "#a2c4c9", "fill_opacity": null, "fill_wellknown": null, "fill_shape_color": null, "fill_shape_width": null, "fill_shape_size": null, "fill_img_url": null, "marker_img_url": "marker_img_url/6396927721e3a.png"}},{"type": "Feature", "id": "layer_data_map.fid--27e80436_1a098b908f8_-3dac", "geometry": {"type": "Point", "coordinates": [106.90899164, 47.91082418]}, "geometry_name": "geom", "properties": {"guid": 5187, "id": 5187, "object_no": null, "object_name": null, "layer_type_id": 214, "valid_to": null, "address_no": null, "border_type": "solid", "border_width": null, "border_color": "#45818e", "border_opacity": null, "border_wellknown": "shape://horizline", "fill_type": "color", "fill_color": "#a2c4c9", "fill_opacity": null, "fill_wellknown": null, "fill_shape_color": null, "fill_shape_width": null, "fill_shape_size": null, "fill_img_url": null, "marker_img_url": "marker_img_url/6396927721e3a.png"}},{"type": "Feature", "id": "layer_data_map.fid--27e80436_1a098b908f8_-3dab", "geometry": {"type": "Point", "coordinates": [106.90799112, 47.90867138]}, "geometry_name": "geom", "properties": {"guid": 5188, "id": 5188, "object_no": null, "object_name": null, "layer_type_id": 214, "valid_to": null, "address_no": null, "border_type": "solid", "border_width": null, "border_color": "#45818e", "border_opacity": null, "border_wellknown": "shape://horizline", "fill_type": "color", "fill_color": "#a2c4c9", "fill_opacity": null, "fill_wellknown": null, "fill_shape_color": null, "fill_shape_width": null, "fill_shape_size": null, "fill_img_url": null, "marker_img_url": "marker_img_url/6396927721e3a.png"}},{"type": "Feature", "id": "layer_data_map.fid--27e80436_1a098b908f8_-3daa", "geometry": {"type": "Point", "coordinates": [106.9182501, 47.93031111]}, "geometry_name": "geom", "properties": {"guid": 5189, "id": 5189, "object_no": null, "object_name": null, "layer_type_id": 214, "valid_to": null, "address_no": null, "border_type": "solid", "border_width": null, "border_color": "#45818e", "border_opacity": null, "border_wellknown": "shape://horizline", "fill_type": "color", "fill_color": "#a2c4c9", "fill_opacity": null, "fill_wellknown": null, "fill_shape_color": null, "fill_shape_width": null, "fill_shape_size": null, "fill_img_url": null, "marker_img_url": "marker_img_url/6396927721e3a.png"}},{"type": "Feature", "id": "layer_data_map.fid--27e80436_1a098b908f8_-3da9", "geometry": {"type": "Point", "coordinates": [106.91866174, 47.92868503]}, "geometry_name": "geom", "properties": {"guid": 5190, "id": 5190, "object_no": null, "object_name": null, "layer_type_id": 214, "valid_to": null, "address_no": null, "border_type": "solid", "border_width": null, "border_color": "#45818e", "border_opacity": null, "border_wellknown": "shape://horizline", "fill_type": "color", "fill_color": "#a2c4c9", "fill_opacity": null, "fill_wellknown": null, "fill_shape_color": null, "fill_shape_width": null, "fill_shape_size": null, "fill_img_url": null, "marker_img_url": "marker_img_url/6396927721e3a.png"}},{"type": "Feature", "id": "layer_data_map.fid--27e80436_1a098b908f8_-3da8", "geometry": {"type": "Point", "coordinates": [106.92385015, 47.92989118]}, "geometry_name": "geom", "properties": {"guid": 5191, "id": 5191, "object_no": null, "object_name": null, "layer_type_id": 214, "valid_to": null, "address_no": null, "border_type": "solid", "border_width": null, "border_color": "#45818e", "border_opacity": null, "border_wellknown": "shape://horizline", "fill_type": "color", "fill_color": "#a2c4c9", "fill_opacity": null, "fill_wellknown": null, "fill_shape_color": null, "fill_shape_width": null, "fill_shape_size": null, "fill_img_url": null, "marker_img_url": "marker_img_url/6396927721e3a.png"}},{"type": "Feature", "id": "layer_data_map.fid--27e80436_1a098b908f8_-3da7", "geometry": {"type": "Point", "coordinates": [106.81478302, 47.91788481]}, "geometry_name": "geom", "properties": {"guid": 5192, "id": 5192, "object_no": null, "object_name": null, "layer_type_id": 214, "valid_to": null, "address_no": null, "border_type": "solid", "border_width": null, "border_color": "#45818e", "border_opacity": null, "border_wellknown": "shape://horizline", "fill_type": "color", "fill_color": "#a2c4c9", "fill_opacity": null, "fill_wellknown": null, "fill_shape_color": null, "fill_shape_width": null, "fill_shape_size": null, "fill_img_url": null, "marker_img_url": "marker_img_url/6396927721e3a.png"}},{"type": "Feature", "id": "layer_data_map.fid--27e80436_1a098b908f8_-3da6", "geometry": {"type": "Point", "coordinates": [106.72885597, 48.01726789]}, "geometry_name": "geom", "properties": {"guid": 5193, "id": 5193, "object_no": null, "object_name": null, "layer_type_id": 214, "valid_to": null, "address_no": null, "border_type": "solid", "border_width": null, "border_color": "#45818e", "border_opacity": null, "border_wellknown": "shape://horizline", "fill_type": "color", "fill_color": "#a2c4c9", "fill_opacity": null, "fill_wellknown": null, "fill_shape_color": null, "fill_shape_width": null, "fill_shape_size": null, "fill_img_url": null, "marker_img_url": "marker_img_url/6396927721e3a.png"}},{"type": "Feature", "id": "layer_data_map.fid--27e80436_1a098b908f8_-3da5", "geometry": {"type": "Point", "coordinates": [106.91979884, 47.88109327]}, "geometry_name": "geom", "properties": {"guid": 5194, "id": 5194, "object_no": null, "object_name": null, "layer_type_id": 214, "valid_to": null, "address_no": null, "border_type": "solid", "border_width": null, "border_color": "#45818e", "border_opacity": null, "border_wellknown": "shape://horizline", "fill_type": "color", "fill_color": "#a2c4c9", "fill_opacity": null, "fill_wellknown": null, "fill_shape_color": null, "fill_shape_width": null, "fill_shape_size": null, "fill_img_url": null, "marker_img_url": "marker_img_url/6396927721e3a.png"}},{"type": "Feature", "id": "layer_data_map.fid--27e80436_1a098b908f8_-3da4", "geometry": {"type": "Point", "coordinates": [106.9358878, 47.89214601]}, "geometry_name": "geom", "properties": {"guid": 5195, "id": 5195, "object_no": null, "object_name": null, "layer_type_id": 214, "valid_to": null, "address_no": null, "border_type": "solid", "border_width": null, "border_color": "#45818e", "border_opacity": null, "border_wellknown": "shape://horizline", "fill_type": "color", "fill_color": "#a2c4c9", "fill_opacity": null, "fill_wellknown": null, "fill_shape_color": null, "fill_shape_width": null, "fill_shape_size": null, "fill_img_url": null, "marker_img_url": "marker_img_url/6396927721e3a.png"}},{"type": "Feature", "id": "layer_data_map.fid--27e80436_1a098b908f8_-3da3", "geometry": {"type": "Point", "coordinates": [106.91364122, 47.89651158]}, "geometry_name": "geom", "properties": {"guid": 5196, "id": 5196, "object_no": null, "object_name": null, "layer_type_id": 214, "valid_to": null, "address_no": null, "border_type": "solid", "border_width": null, "border_color": "#45818e", "border_opacity": null, "border_wellknown": "shape://horizline", "fill_type": "color", "fill_color": "#a2c4c9", "fill_opacity": null, "fill_wellknown": null, "fill_shape_color": null, "fill_shape_width": null, "fill_shape_size": null, "fill_img_url": null, "marker_img_url": "marker_img_url/6396927721e3a.png"}},{"type": "Feature", "id": "layer_data_map.fid--27e80436_1a098b908f8_-3da2", "geometry": {"type": "Point", "coordinates": [106.89535292, 47.89752421]}, "geometry_name": "geom", "properties": {"guid": 5197, "id": 5197, "object_no": null, "object_name": null, "layer_type_id": 214, "valid_to": null, "address_no": null, "border_type": "solid", "border_width": null, "border_color": "#45818e", "border_opacity": null, "border_wellknown": "shape://horizline", "fill_type": "color", "fill_color": "#a2c4c9", "fill_opacity": null, "fill_wellknown": null, "fill_shape_color": null, "fill_shape_width": null, "fill_shape_size": null, "fill_img_url": null, "marker_img_url": "marker_img_url/6396927721e3a.png"}},{"type": "Feature", "id": "layer_data_map.fid--27e80436_1a098b908f8_-3da1", "geometry": {"type": "Point", "coordinates": [106.92621132, 47.90140112]}, "geometry_name": "geom", "properties": {"guid": 5198, "id": 5198, "object_no": null, "object_name": null, "layer_type_id": 214, "valid_to": null, "address_no": null, "border_type": "solid", "border_width": null, "border_color": "#45818e", "border_opacity": null, "border_wellknown": "shape://horizline", "fill_type": "color", "fill_color": "#a2c4c9", "fill_opacity": null, "fill_wellknown": null, "fill_shape_color": null, "fill_shape_width": null, "fill_shape_size": null, "fill_img_url": null, "marker_img_url": "marker_img_url/6396927721e3a.png"}},{"type": "Feature", "id": "layer_data_map.fid--27e80436_1a098b908f8_-3da0", "geometry": {"type": "Point", "coordinates": [106.85389201, 47.87965212]}, "geometry_name": "geom", "properties": {"guid": 5199, "id": 5199, "object_no": null, "object_name": null, "layer_type_id": 214, "valid_to": null, "address_no": null, "border_type": "solid", "border_width": null, "border_color": "#45818e", "border_opacity": null, "border_wellknown": "shape://horizline", "fill_type": "color", "fill_color": "#a2c4c9", "fill_opacity": null, "fill_wellknown": null, "fill_shape_color": null, "fill_shape_width": null, "fill_shape_size": null, "fill_img_url": null, "marker_img_url": "marker_img_url/6396927721e3a.png"}},{"type": "Feature", "id": "layer_data_map.fid--27e80436_1a098b908f8_-3d9f", "geometry": {"type": "Point", "coordinates": [106.89096942, 47.8974096]}, "geometry_name": "geom", "properties": {"guid": 5200, "id": 5200, "object_no": null, "object_name": null, "layer_type_id": 214, "valid_to": null, "address_no": null, "border_type": "solid", "border_width": null, "border_color": "#45818e", "border_opacity": null, "border_wellknown": "shape://horizline", "fill_type": "color", "fill_color": "#a2c4c9", "fill_opacity": null, "fill_wellknown": null, "fill_shape_color": null, "fill_shape_width": null, "fill_shape_size": null, "fill_img_url": null, "marker_img_url": "marker_img_url/6396927721e3a.png"}},{"type": "Feature", "id": "layer_data_map.fid--27e80436_1a098b908f8_-3d9e", "geometry": {"type": "Point", "coordinates": [106.89018691, 47.90137871]}, "geometry_name": "geom", "properties": {"guid": 5201, "id": 5201, "object_no": null, "object_name": null, "layer_type_id": 214, "valid_to": null, "address_no": null, "border_type": "solid", "border_width": null, "border_color": "#45818e", "border_opacity": null, "border_wellknown": "shape://horizline", "fill_type": "color", "fill_color": "#a2c4c9", "fill_opacity": null, "fill_wellknown": null, "fill_shape_color": null, "fill_shape_width": null, "fill_shape_size": null, "fill_img_url": null, "marker_img_url": "marker_img_url/6396927721e3a.png"}},{"type": "Feature", "id": "layer_data_map.fid--27e80436_1a098b908f8_-3d9d", "geometry": {"type": "Point", "coordinates": [106.88622737, 47.90082436]}, "geometry_name": "geom", "properties": {"guid": 5202, "id": 5202, "object_no": null, "object_name": null, "layer_type_id": 214, "valid_to": null, "address_no": null, "border_type": "solid", "border_width": null, "border_color": "#45818e", "border_opacity": null, "border_wellknown": "shape://horizline", "fill_type": "color", "fill_color": "#a2c4c9", "fill_opacity": null, "fill_wellknown": null, "fill_shape_color": null, "fill_shape_width": null, "fill_shape_size": null, "fill_img_url": null, "marker_img_url": "marker_img_url/6396927721e3a.png"}},{"type": "Feature", "id": "layer_data_map.fid--27e80436_1a098b908f8_-3d9c", "geometry": {"type": "Point", "coordinates": [106.89112621, 47.89703573]}, "geometry_name": "geom", "properties": {"guid": 5203, "id": 5203, "object_no": null, "object_name": null, "layer_type_id": 214, "valid_to": null, "address_no": null, "border_type": "solid", "border_width": null, "border_color": "#45818e", "border_opacity": null, "border_wellknown": "shape://horizline", "fill_type": "color", "fill_color": "#a2c4c9", "fill_opacity": null, "fill_wellknown": null, "fill_shape_color": null, "fill_shape_width": null, "fill_shape_size": null, "fill_img_url": null, "marker_img_url": "marker_img_url/6396927721e3a.png"}},{"type": "Feature", "id": "layer_data_map.fid--27e80436_1a098b908f8_-3d9b", "geometry": {"type": "Point", "coordinates": [106.8487798, 47.87915214]}, "geometry_name": "geom", "properties": {"guid": 5204, "id": 5204, "object_no": null, "object_name": null, "layer_type_id": 214, "valid_to": null, "address_no": null, "border_type": "solid", "border_width": null, "border_color": "#45818e", "border_opacity": null, "border_wellknown": "shape://horizline", "fill_type": "color", "fill_color": "#a2c4c9", "fill_opacity": null, "fill_wellknown": null, "fill_shape_color": null, "fill_shape_width": null, "fill_shape_size": null, "fill_img_url": null, "marker_img_url": "marker_img_url/6396927721e3a.png"}},{"type": "Feature", "id": "layer_data_map.fid--27e80436_1a098b908f8_-3d9a", "geometry": {"type": "Point", "coordinates": [106.90384983, 47.89115206]}, "geometry_name": "geom", "properties": {"guid": 5205, "id": 5205, "object_no": null, "object_name": null, "layer_type_id": 214, "valid_to": null, "address_no": null, "border_type": "solid", "border_width": null, "border_color": "#45818e", "border_opacity": null, "border_wellknown": "shape://horizline", "fill_type": "color", "fill_color": "#a2c4c9", "fill_opacity": null, "fill_wellknown": null, "fill_shape_color": null, "fill_shape_width": null, "fill_shape_size": null, "fill_img_url": null, "marker_img_url": "marker_img_url/6396927721e3a.png"}},{"type": "Feature", "id": "layer_data_map.fid--27e80436_1a098b908f8_-3d99", "geometry": {"type": "Point", "coordinates": [106.86925241, 47.91992678]}, "geometry_name": "geom", "properties": {"guid": 5206, "id": 5206, "object_no": null, "object_name": null, "layer_type_id": 214, "valid_to": null, "address_no": null, "border_type": "solid", "border_width": null, "border_color": "#45818e", "border_opacity": null, "border_wellknown": "shape://horizline", "fill_type": "color", "fill_color": "#a2c4c9", "fill_opacity": null, "fill_wellknown": null, "fill_shape_color": null, "fill_shape_width": null, "fill_shape_size": null, "fill_img_url": null, "marker_img_url": "marker_img_url/6396927721e3a.png"}},{"type": "Feature", "id": "layer_data_map.fid--27e80436_1a098b908f8_-3d98", "geometry": {"type": "Point", "coordinates": [106.88403364, 47.92116753]}, "geometry_name": "geom", "properties": {"guid": 5207, "id": 5207, "object_no": null, "object_name": null, "layer_type_id": 214, "valid_to": null, "address_no": null, "border_type": "solid", "border_width": null, "border_color": "#45818e", "border_opacity": null, "border_wellknown": "shape://horizline", "fill_type": "color", "fill_color": "#a2c4c9", "fill_opacity": null, "fill_wellknown": null, "fill_shape_color": null, "fill_shape_width": null, "fill_shape_size": null, "fill_img_url": null, "marker_img_url": "marker_img_url/6396927721e3a.png"}},{"type": "Feature", "id": "layer_data_map.fid--27e80436_1a098b908f8_-3d97", "geometry": {"type": "Point", "coordinates": [106.89087583, 47.91087239]}, "geometry_name": "geom", "properties": {"guid": 5208, "id": 5208, "object_no": null, "object_name": null, "layer_type_id": 214, "valid_to": null, "address_no": null, "border_type": "solid", "border_width": null, "border_color": "#45818e", "border_opacity": null, "border_wellknown": "shape://horizline", "fill_type": "color", "fill_color": "#a2c4c9", "fill_opacity": null, "fill_wellknown": null, "fill_shape_color": null, "fill_shape_width": null, "fill_shape_size": null, "fill_img_url": null, "marker_img_url": "marker_img_url/6396927721e3a.png"}},{"type": "Feature", "id": "layer_data_map.fid--27e80436_1a098b908f8_-3d96", "geometry": {"type": "Point", "coordinates": [106.86125751, 47.91440279]}, "geometry_name": "geom", "properties": {"guid": 5209, "id": 5209, "object_no": null, "object_name": null, "layer_type_id": 214, "valid_to": null, "address_no": null, "border_type": "solid", "border_width": null, "border_color": "#45818e", "border_opacity": null, "border_wellknown": "shape://horizline", "fill_type": "color", "fill_color": "#a2c4c9", "fill_opacity": null, "fill_wellknown": null, "fill_shape_color": null, "fill_shape_width": null, "fill_shape_size": null, "fill_img_url": null, "marker_img_url": "marker_img_url/6396927721e3a.png"}},{"type": "Feature", "id": "layer_data_map.fid--27e80436_1a098b908f8_-3d95", "geometry": {"type": "Point", "coordinates": [106.89383298, 47.91035209]}, "geometry_name": "geom", "properties": {"guid": 5210, "id": 5210, "object_no": null, "object_name": null, "layer_type_id": 214, "valid_to": null, "address_no": null, "border_type": "solid", "border_width": null, "border_color": "#45818e", "border_opacity": null, "border_wellknown": "shape://horizline", "fill_type": "color", "fill_color": "#a2c4c9", "fill_opacity": null, "fill_wellknown": null, "fill_shape_color": null, "fill_shape_width": null, "fill_shape_size": null, "fill_img_url": null, "marker_img_url": "marker_img_url/6396927721e3a.png"}},{"type": "Feature", "id": "layer_data_map.fid--27e80436_1a098b908f8_-3d94", "geometry": {"type": "Point", "coordinates": [106.87425173, 47.91386422]}, "geometry_name": "geom", "properties": {"guid": 5211, "id": 5211, "object_no": null, "object_name": null, "layer_type_id": 214, "valid_to": null, "address_no": null, "border_type": "solid", "border_width": null, "border_color": "#45818e", "border_opacity": null, "border_wellknown": "shape://horizline", "fill_type": "color", "fill_color": "#a2c4c9", "fill_opacity": null, "fill_wellknown": null, "fill_shape_color": null, "fill_shape_width": null, "fill_shape_size": null, "fill_img_url": null, "marker_img_url": "marker_img_url/6396927721e3a.png"}},{"type": "Feature", "id": "layer_data_map.fid--27e80436_1a098b908f8_-3d93", "geometry": {"type": "Point", "coordinates": [106.87914767, 47.91688796]}, "geometry_name": "geom", "properties": {"guid": 5212, "id": 5212, "object_no": null, "object_name": null, "layer_type_id": 214, "valid_to": null, "address_no": null, "border_type": "solid", "border_width": null, "border_color": "#45818e", "border_opacity": null, "border_wellknown": "shape://horizline", "fill_type": "color", "fill_color": "#a2c4c9", "fill_opacity": null, "fill_wellknown": null, "fill_shape_color": null, "fill_shape_width": null, "fill_shape_size": null, "fill_img_url": null, "marker_img_url": "marker_img_url/6396927721e3a.png"}},{"type": "Feature", "id": "layer_data_map.fid--27e80436_1a098b908f8_-3d92", "geometry": {"type": "Point", "coordinates": [106.87202411, 47.91222144]}, "geometry_name": "geom", "properties": {"guid": 5213, "id": 5213, "object_no": null, "object_name": null, "layer_type_id": 214, "valid_to": null, "address_no": null, "border_type": "solid", "border_width": null, "border_color": "#45818e", "border_opacity": null, "border_wellknown": "shape://horizline", "fill_type": "color", "fill_color": "#a2c4c9", "fill_opacity": null, "fill_wellknown": null, "fill_shape_color": null, "fill_shape_width": null, "fill_shape_size": null, "fill_img_url": null, "marker_img_url": "marker_img_url/6396927721e3a.png"}},{"type": "Feature", "id": "layer_data_map.fid--27e80436_1a098b908f8_-3d91", "geometry": {"type": "Point", "coordinates": [106.87422247, 47.91541141]}, "geometry_name": "geom", "properties": {"guid": 5214, "id": 5214, "object_no": null, "object_name": null, "layer_type_id": 214, "valid_to": null, "address_no": null, "border_type": "solid", "border_width": null, "border_color": "#45818e", "border_opacity": null, "border_wellknown": "shape://horizline", "fill_type": "color", "fill_color": "#a2c4c9", "fill_opacity": null, "fill_wellknown": null, "fill_shape_color": null, "fill_shape_width": null, "fill_shape_size": null, "fill_img_url": null, "marker_img_url": "marker_img_url/6396927721e3a.png"}},{"type": "Feature", "id": "layer_data_map.fid--27e80436_1a098b908f8_-3d90", "geometry": {"type": "Point", "coordinates": [106.87723879, 47.92767117]}, "geometry_name": "geom", "properties": {"guid": 5215, "id": 5215, "object_no": null, "object_name": null, "layer_type_id": 214, "valid_to": null, "address_no": null, "border_type": "solid", "border_width": null, "border_color": "#45818e", "border_opacity": null, "border_wellknown": "shape://horizline", "fill_type": "color", "fill_color": "#a2c4c9", "fill_opacity": null, "fill_wellknown": null, "fill_shape_color": null, "fill_shape_width": null, "fill_shape_size": null, "fill_img_url": null, "marker_img_url": "marker_img_url/6396927721e3a.png"}},{"type": "Feature", "id": "layer_data_map.fid--27e80436_1a098b908f8_-3d8f", "geometry": {"type": "Point", "coordinates": [106.89062277, 47.92562875]}, "geometry_name": "geom", "properties": {"guid": 5216, "id": 5216, "object_no": null, "object_name": null, "layer_type_id": 214, "valid_to": null, "address_no": null, "border_type": "solid", "border_width": null, "border_color": "#45818e", "border_opacity": null, "border_wellknown": "shape://horizline", "fill_type": "color", "fill_color": "#a2c4c9", "fill_opacity": null, "fill_wellknown": null, "fill_shape_color": null, "fill_shape_width": null, "fill_shape_size": null, "fill_img_url": null, "marker_img_url": "marker_img_url/6396927721e3a.png"}},{"type": "Feature", "id": "layer_data_map.fid--27e80436_1a098b908f8_-3d8e", "geometry": {"type": "Point", "coordinates": [106.8853306, 47.91629906]}, "geometry_name": "geom", "properties": {"guid": 5217, "id": 5217, "object_no": null, "object_name": null, "layer_type_id": 214, "valid_to": null, "address_no": null, "border_type": "solid", "border_width": null, "border_color": "#45818e", "border_opacity": null, "border_wellknown": "shape://horizline", "fill_type": "color", "fill_color": "#a2c4c9", "fill_opacity": null, "fill_wellknown": null, "fill_shape_color": null, "fill_shape_width": null, "fill_shape_size": null, "fill_img_url": null, "marker_img_url": "marker_img_url/6396927721e3a.png"}},{"type": "Feature", "id": "layer_data_map.fid--27e80436_1a098b908f8_-3d8d", "geometry": {"type": "Point", "coordinates": [106.88973885, 47.91681749]}, "geometry_name": "geom", "properties": {"guid": 5218, "id": 5218, "object_no": null, "object_name": null, "layer_type_id": 214, "valid_to": null, "address_no": null, "border_type": "solid", "border_width": null, "border_color": "#45818e", "border_opacity": null, "border_wellknown": "shape://horizline", "fill_type": "color", "fill_color": "#a2c4c9", "fill_opacity": null, "fill_wellknown": null, "fill_shape_color": null, "fill_shape_width": null, "fill_shape_size": null, "fill_img_url": null, "marker_img_url": "marker_img_url/6396927721e3a.png"}},{"type": "Feature", "id": "layer_data_map.fid--27e80436_1a098b908f8_-3d8c", "geometry": {"type": "Point", "coordinates": [106.86275586, 47.9213089]}, "geometry_name": "geom", "properties": {"guid": 5219, "id": 5219, "object_no": null, "object_name": null, "layer_type_id": 214, "valid_to": null, "address_no": null, "border_type": "solid", "border_width": null, "border_color": "#45818e", "border_opacity": null, "border_wellknown": "shape://horizline", "fill_type": "color", "fill_color": "#a2c4c9", "fill_opacity": null, "fill_wellknown": null, "fill_shape_color": null, "fill_shape_width": null, "fill_shape_size": null, "fill_img_url": null, "marker_img_url": "marker_img_url/6396927721e3a.png"}},{"type": "Feature", "id": "layer_data_map.fid--27e80436_1a098b908f8_-3d8b", "geometry": {"type": "Point", "coordinates": [106.88489482, 47.9264244]}, "geometry_name": "geom", "properties": {"guid": 5220, "id": 5220, "object_no": null, "object_name": null, "layer_type_id": 214, "valid_to": null, "address_no": null, "border_type": "solid", "border_width": null, "border_color": "#45818e", "border_opacity": null, "border_wellknown": "shape://horizline", "fill_type": "color", "fill_color": "#a2c4c9", "fill_opacity": null, "fill_wellknown": null, "fill_shape_color": null, "fill_shape_width": null, "fill_shape_size": null, "fill_img_url": null, "marker_img_url": "marker_img_url/6396927721e3a.png"}},{"type": "Feature", "id": "layer_data_map.fid--27e80436_1a098b908f8_-3d8a", "geometry": {"type": "Point", "coordinates": [106.91329361, 47.87793504]}, "geometry_name": "geom", "properties": {"guid": 5221, "id": 5221, "object_no": null, "object_name": null, "layer_type_id": 214, "valid_to": null, "address_no": null, "border_type": "solid", "border_width": null, "border_color": "#45818e", "border_opacity": null, "border_wellknown": "shape://horizline", "fill_type": "color", "fill_color": "#a2c4c9", "fill_opacity": null, "fill_wellknown": null, "fill_shape_color": null, "fill_shape_width": null, "fill_shape_size": null, "fill_img_url": null, "marker_img_url": "marker_img_url/6396927721e3a.png"}},{"type": "Feature", "id": "layer_data_map.fid--27e80436_1a098b908f8_-3d89", "geometry": {"type": "Point", "coordinates": [106.90001136, 47.90378046]}, "geometry_name": "geom", "properties": {"guid": 5222, "id": 5222, "object_no": null, "object_name": null, "layer_type_id": 214, "valid_to": null, "address_no": null, "border_type": "solid", "border_width": null, "border_color": "#45818e", "border_opacity": null, "border_wellknown": "shape://horizline", "fill_type": "color", "fill_color": "#a2c4c9", "fill_opacity": null, "fill_wellknown": null, "fill_shape_color": null, "fill_shape_width": null, "fill_shape_size": null, "fill_img_url": null, "marker_img_url": "marker_img_url/6396927721e3a.png"}},{"type": "Feature", "id": "layer_data_map.fid--27e80436_1a098b908f8_-3d88", "geometry": {"type": "Point", "coordinates": [106.89119586, 47.90288735]}, "geometry_name": "geom", "properties": {"guid": 5223, "id": 5223, "object_no": null, "object_name": null, "layer_type_id": 214, "valid_to": null, "address_no": null, "border_type": "solid", "border_width": null, "border_color": "#45818e", "border_opacity": null, "border_wellknown": "shape://horizline", "fill_type": "color", "fill_color": "#a2c4c9", "fill_opacity": null, "fill_wellknown": null, "fill_shape_color": null, "fill_shape_width": null, "fill_shape_size": null, "fill_img_url": null, "marker_img_url": "marker_img_url/6396927721e3a.png"}},{"type": "Feature", "id": "layer_data_map.fid--27e80436_1a098b908f8_-3d87", "geometry": {"type": "Point", "coordinates": [106.88305688, 47.91184334]}, "geometry_name": "geom", "properties": {"guid": 5224, "id": 5224, "object_no": null, "object_name": null, "layer_type_id": 214, "valid_to": null, "address_no": null, "border_type": "solid", "border_width": null, "border_color": "#45818e", "border_opacity": null, "border_wellknown": "shape://horizline", "fill_type": "color", "fill_color": "#a2c4c9", "fill_opacity": null, "fill_wellknown": null, "fill_shape_color": null, "fill_shape_width": null, "fill_shape_size": null, "fill_img_url": null, "marker_img_url": "marker_img_url/6396927721e3a.png"}},{"type": "Feature", "id": "layer_data_map.fid--27e80436_1a098b908f8_-3d86", "geometry": {"type": "Point", "coordinates": [106.88911977, 47.9165015]}, "geometry_name": "geom", "properties": {"guid": 5225, "id": 5225, "object_no": null, "object_name": null, "layer_type_id": 214, "valid_to": null, "address_no": null, "border_type": "solid", "border_width": null, "border_color": "#45818e", "border_opacity": null, "border_wellknown": "shape://horizline", "fill_type": "color", "fill_color": "#a2c4c9", "fill_opacity": null, "fill_wellknown": null, "fill_shape_color": null, "fill_shape_width": null, "fill_shape_size": null, "fill_img_url": null, "marker_img_url": "marker_img_url/6396927721e3a.png"}},{"type": "Feature", "id": "layer_data_map.fid--27e80436_1a098b908f8_-3d85", "geometry": {"type": "Point", "coordinates": [106.89866819, 47.90678004]}, "geometry_name": "geom", "properties": {"guid": 5226, "id": 5226, "object_no": null, "object_name": null, "layer_type_id": 214, "valid_to": null, "address_no": null, "border_type": "solid", "border_width": null, "border_color": "#45818e", "border_opacity": null, "border_wellknown": "shape://horizline", "fill_type": "color", "fill_color": "#a2c4c9", "fill_opacity": null, "fill_wellknown": null, "fill_shape_color": null, "fill_shape_width": null, "fill_shape_size": null, "fill_img_url": null, "marker_img_url": "marker_img_url/6396927721e3a.png"}},{"type": "Feature", "id": "layer_data_map.fid--27e80436_1a098b908f8_-3d84", "geometry": {"type": "Point", "coordinates": [106.94540768, 47.95230236]}, "geometry_name": "geom", "properties": {"guid": 5227, "id": 5227, "object_no": null, "object_name": null, "layer_type_id": 214, "valid_to": null, "address_no": null, "border_type": "solid", "border_width": null, "border_color": "#45818e", "border_opacity": null, "border_wellknown": "shape://horizline", "fill_type": "color", "fill_color": "#a2c4c9", "fill_opacity": null, "fill_wellknown": null, "fill_shape_color": null, "fill_shape_width": null, "fill_shape_size": null, "fill_img_url": null, "marker_img_url": "marker_img_url/6396927721e3a.png"}},{"type": "Feature", "id": "layer_data_map.fid--27e80436_1a098b908f8_-3d83", "geometry": {"type": "Point", "coordinates": [106.95086293, 47.90452895]}, "geometry_name": "geom", "properties": {"guid": 5228, "id": 5228, "object_no": null, "object_name": null, "layer_type_id": 214, "valid_to": null, "address_no": null, "border_type": "solid", "border_width": null, "border_color": "#45818e", "border_opacity": null, "border_wellknown": "shape://horizline", "fill_type": "color", "fill_color": "#a2c4c9", "fill_opacity": null, "fill_wellknown": null, "fill_shape_color": null, "fill_shape_width": null, "fill_shape_size": null, "fill_img_url": null, "marker_img_url": "marker_img_url/6396927721e3a.png"}},{"type": "Feature", "id": "layer_data_map.fid--27e80436_1a098b908f8_-3d82", "geometry": {"type": "Point", "coordinates": [106.95065098, 47.9043896]}, "geometry_name": "geom", "properties": {"guid": 5229, "id": 5229, "object_no": null, "object_name": null, "layer_type_id": 214, "valid_to": null, "address_no": null, "border_type": "solid", "border_width": null, "border_color": "#45818e", "border_opacity": null, "border_wellknown": "shape://horizline", "fill_type": "color", "fill_color": "#a2c4c9", "fill_opacity": null, "fill_wellknown": null, "fill_shape_color": null, "fill_shape_width": null, "fill_shape_size": null, "fill_img_url": null, "marker_img_url": "marker_img_url/6396927721e3a.png"}},{"type": "Feature", "id": "layer_data_map.fid--27e80436_1a098b908f8_-3d81", "geometry": {"type": "Point", "coordinates": [106.93827717, 47.91655953]}, "geometry_name": "geom", "properties": {"guid": 5230, "id": 5230, "object_no": null, "object_name": null, "layer_type_id": 214, "valid_to": null, "address_no": null, "border_type": "solid", "border_width": null, "border_color": "#45818e", "border_opacity": null, "border_wellknown": "shape://horizline", "fill_type": "color", "fill_color": "#a2c4c9", "fill_opacity": null, "fill_wellknown": null, "fill_shape_color": null, "fill_shape_width": null, "fill_shape_size": null, "fill_img_url": null, "marker_img_url": "marker_img_url/6396927721e3a.png"}},{"type": "Feature", "id": "layer_data_map.fid--27e80436_1a098b908f8_-3d80", "geometry": {"type": "Point", "coordinates": [106.94175172, 47.91744594]}, "geometry_name": "geom", "properties": {"guid": 5231, "id": 5231, "object_no": null, "object_name": null, "layer_type_id": 214, "valid_to": null, "address_no": null, "border_type": "solid", "border_width": null, "border_color": "#45818e", "border_opacity": null, "border_wellknown": "shape://horizline", "fill_type": "color", "fill_color": "#a2c4c9", "fill_opacity": null, "fill_wellknown": null, "fill_shape_color": null, "fill_shape_width": null, "fill_shape_size": null, "fill_img_url": null, "marker_img_url": "marker_img_url/6396927721e3a.png"}},{"type": "Feature", "id": "layer_data_map.fid--27e80436_1a098b908f8_-3d7f", "geometry": {"type": "Point", "coordinates": [106.93087303, 47.91914643]}, "geometry_name": "geom", "properties": {"guid": 5232, "id": 5232, "object_no": null, "object_name": null, "layer_type_id": 214, "valid_to": null, "address_no": null, "border_type": "solid", "border_width": null, "border_color": "#45818e", "border_opacity": null, "border_wellknown": "shape://horizline", "fill_type": "color", "fill_color": "#a2c4c9", "fill_opacity": null, "fill_wellknown": null, "fill_shape_color": null, "fill_shape_width": null, "fill_shape_size": null, "fill_img_url": null, "marker_img_url": "marker_img_url/6396927721e3a.png"}},{"type": "Feature", "id": "layer_data_map.fid--27e80436_1a098b908f8_-3d7e", "geometry": {"type": "Point", "coordinates": [106.97490621, 47.91386886]}, "geometry_name": "geom", "properties": {"guid": 5233, "id": 5233, "object_no": null, "object_name": null, "layer_type_id": 214, "valid_to": null, "address_no": null, "border_type": "solid", "border_width": null, "border_color": "#45818e", "border_opacity": null, "border_wellknown": "shape://horizline", "fill_type": "color", "fill_color": "#a2c4c9", "fill_opacity": null, "fill_wellknown": null, "fill_shape_color": null, "fill_shape_width": null, "fill_shape_size": null, "fill_img_url": null, "marker_img_url": "marker_img_url/6396927721e3a.png"}},{"type": "Feature", "id": "layer_data_map.fid--27e80436_1a098b908f8_-3d7d", "geometry": {"type": "Point", "coordinates": [106.94834554, 47.91692755]}, "geometry_name": "geom", "properties": {"guid": 5234, "id": 5234, "object_no": null, "object_name": null, "layer_type_id": 214, "valid_to": null, "address_no": null, "border_type": "solid", "border_width": null, "border_color": "#45818e", "border_opacity": null, "border_wellknown": "shape://horizline", "fill_type": "color", "fill_color": "#a2c4c9", "fill_opacity": null, "fill_wellknown": null, "fill_shape_color": null, "fill_shape_width": null, "fill_shape_size": null, "fill_img_url": null, "marker_img_url": "marker_img_url/6396927721e3a.png"}},{"type": "Feature", "id": "layer_data_map.fid--27e80436_1a098b908f8_-3d7c", "geometry": {"type": "Point", "coordinates": [106.93860721, 47.91138313]}, "geometry_name": "geom", "properties": {"guid": 5235, "id": 5235, "object_no": null, "object_name": null, "layer_type_id": 214, "valid_to": null, "address_no": null, "border_type": "solid", "border_width": null, "border_color": "#45818e", "border_opacity": null, "border_wellknown": "shape://horizline", "fill_type": "color", "fill_color": "#a2c4c9", "fill_opacity": null, "fill_wellknown": null, "fill_shape_color": null, "fill_shape_width": null, "fill_shape_size": null, "fill_img_url": null, "marker_img_url": "marker_img_url/6396927721e3a.png"}},{"type": "Feature", "id": "layer_data_map.fid--27e80436_1a098b908f8_-3d7b", "geometry": {"type": "Point", "coordinates": [106.94433272, 47.90415697]}, "geometry_name": "geom", "properties": {"guid": 5236, "id": 5236, "object_no": null, "object_name": null, "layer_type_id": 214, "valid_to": null, "address_no": null, "border_type": "solid", "border_width": null, "border_color": "#45818e", "border_opacity": null, "border_wellknown": "shape://horizline", "fill_type": "color", "fill_color": "#a2c4c9", "fill_opacity": null, "fill_wellknown": null, "fill_shape_color": null, "fill_shape_width": null, "fill_shape_size": null, "fill_img_url": null, "marker_img_url": "marker_img_url/6396927721e3a.png"}},{"type": "Feature", "id": "layer_data_map.fid--27e80436_1a098b908f8_-3d7a", "geometry": {"type": "Point", "coordinates": [106.9411792, 47.91701491]}, "geometry_name": "geom", "properties": {"guid": 5237, "id": 5237, "object_no": null, "object_name": null, "layer_type_id": 214, "valid_to": null, "address_no": null, "border_type": "solid", "border_width": null, "border_color": "#45818e", "border_opacity": null, "border_wellknown": "shape://horizline", "fill_type": "color", "fill_color": "#a2c4c9", "fill_opacity": null, "fill_wellknown": null, "fill_shape_color": null, "fill_shape_width": null, "fill_shape_size": null, "fill_img_url": null, "marker_img_url": "marker_img_url/6396927721e3a.png"}},{"type": "Feature", "id": "layer_data_map.fid--27e80436_1a098b908f8_-3d79", "geometry": {"type": "Point", "coordinates": [106.9429993, 47.90940933]}, "geometry_name": "geom", "properties": {"guid": 5238, "id": 5238, "object_no": null, "object_name": null, "layer_type_id": 214, "valid_to": null, "address_no": null, "border_type": "solid", "border_width": null, "border_color": "#45818e", "border_opacity": null, "border_wellknown": "shape://horizline", "fill_type": "color", "fill_color": "#a2c4c9", "fill_opacity": null, "fill_wellknown": null, "fill_shape_color": null, "fill_shape_width": null, "fill_shape_size": null, "fill_img_url": null, "marker_img_url": "marker_img_url/6396927721e3a.png"}},{"type": "Feature", "id": "layer_data_map.fid--27e80436_1a098b908f8_-3d78", "geometry": {"type": "Point", "coordinates": [106.88513237, 47.96633572]}, "geometry_name": "geom", "properties": {"guid": 5239, "id": 5239, "object_no": null, "object_name": null, "layer_type_id": 214, "valid_to": null, "address_no": null, "border_type": "solid", "border_width": null, "border_color": "#45818e", "border_opacity": null, "border_wellknown": "shape://horizline", "fill_type": "color", "fill_color": "#a2c4c9", "fill_opacity": null, "fill_wellknown": null, "fill_shape_color": null, "fill_shape_width": null, "fill_shape_size": null, "fill_img_url": null, "marker_img_url": "marker_img_url/6396927721e3a.png"}},{"type": "Feature", "id": "layer_data_map.fid--27e80436_1a098b908f8_-3d77", "geometry": {"type": "Point", "coordinates": [106.87965598, 47.9910433]}, "geometry_name": "geom", "properties": {"guid": 5240, "id": 5240, "object_no": null, "object_name": null, "layer_type_id": 214, "valid_to": null, "address_no": null, "border_type": "solid", "border_width": null, "border_color": "#45818e", "border_opacity": null, "border_wellknown": "shape://horizline", "fill_type": "color", "fill_color": "#a2c4c9", "fill_opacity": null, "fill_wellknown": null, "fill_shape_color": null, "fill_shape_width": null, "fill_shape_size": null, "fill_img_url": null, "marker_img_url": "marker_img_url/6396927721e3a.png"}},{"type": "Feature", "id": "layer_data_map.fid--27e80436_1a098b908f8_-3d76", "geometry": {"type": "Point", "coordinates": [106.86651145, 47.91696008]}, "geometry_name": "geom", "properties": {"guid": 5241, "id": 5241, "object_no": null, "object_name": null, "layer_type_id": 214, "valid_to": null, "address_no": null, "border_type": "solid", "border_width": null, "border_color": "#45818e", "border_opacity": null, "border_wellknown": "shape://horizline", "fill_type": "color", "fill_color": "#a2c4c9", "fill_opacity": null, "fill_wellknown": null, "fill_shape_color": null, "fill_shape_width": null, "fill_shape_size": null, "fill_img_url": null, "marker_img_url": "marker_img_url/6396927721e3a.png"}},{"type": "Feature", "id": "layer_data_map.fid--27e80436_1a098b908f8_-3d75", "geometry": {"type": "Point", "coordinates": [106.93869184, 47.98930335]}, "geometry_name": "geom", "properties": {"guid": 5242, "id": 5242, "object_no": null, "object_name": null, "layer_type_id": 214, "valid_to": null, "address_no": null, "border_type": "solid", "border_width": null, "border_color": "#45818e", "border_opacity": null, "border_wellknown": "shape://horizline", "fill_type": "color", "fill_color": "#a2c4c9", "fill_opacity": null, "fill_wellknown": null, "fill_shape_color": null, "fill_shape_width": null, "fill_shape_size": null, "fill_img_url": null, "marker_img_url": "marker_img_url/6396927721e3a.png"}},{"type": "Feature", "id": "layer_data_map.fid--27e80436_1a098b908f8_-3d74", "geometry": {"type": "Point", "coordinates": [106.92247779, 47.92667623]}, "geometry_name": "geom", "properties": {"guid": 5243, "id": 5243, "object_no": null, "object_name": null, "layer_type_id": 214, "valid_to": null, "address_no": null, "border_type": "solid", "border_width": null, "border_color": "#45818e", "border_opacity": null, "border_wellknown": "shape://horizline", "fill_type": "color", "fill_color": "#a2c4c9", "fill_opacity": null, "fill_wellknown": null, "fill_shape_color": null, "fill_shape_width": null, "fill_shape_size": null, "fill_img_url": null, "marker_img_url": "marker_img_url/6396927721e3a.png"}},{"type": "Feature", "id": "layer_data_map.fid--27e80436_1a098b908f8_-3d73", "geometry": {"type": "Point", "coordinates": [106.92206408, 47.92511898]}, "geometry_name": "geom", "properties": {"guid": 5244, "id": 5244, "object_no": null, "object_name": null, "layer_type_id": 214, "valid_to": null, "address_no": null, "border_type": "solid", "border_width": null, "border_color": "#45818e", "border_opacity": null, "border_wellknown": "shape://horizline", "fill_type": "color", "fill_color": "#a2c4c9", "fill_opacity": null, "fill_wellknown": null, "fill_shape_color": null, "fill_shape_width": null, "fill_shape_size": null, "fill_img_url": null, "marker_img_url": "marker_img_url/6396927721e3a.png"}},{"type": "Feature", "id": "layer_data_map.fid--27e80436_1a098b908f8_-3d72", "geometry": {"type": "Point", "coordinates": [106.9209363, 47.92392194]}, "geometry_name": "geom", "properties": {"guid": 5245, "id": 5245, "object_no": null, "object_name": null, "layer_type_id": 214, "valid_to": null, "address_no": null, "border_type": "solid", "border_width": null, "border_color": "#45818e", "border_opacity": null, "border_wellknown": "shape://horizline", "fill_type": "color", "fill_color": "#a2c4c9", "fill_opacity": null, "fill_wellknown": null, "fill_shape_color": null, "fill_shape_width": null, "fill_shape_size": null, "fill_img_url": null, "marker_img_url": "marker_img_url/6396927721e3a.png"}},{"type": "Feature", "id": "layer_data_map.fid--27e80436_1a098b908f8_-3d71", "geometry": {"type": "Point", "coordinates": [106.92292979, 47.91553679]}, "geometry_name": "geom", "properties": {"guid": 5246, "id": 5246, "object_no": null, "object_name": null, "layer_type_id": 214, "valid_to": null, "address_no": null, "border_type": "solid", "border_width": null, "border_color": "#45818e", "border_opacity": null, "border_wellknown": "shape://horizline", "fill_type": "color", "fill_color": "#a2c4c9", "fill_opacity": null, "fill_wellknown": null, "fill_shape_color": null, "fill_shape_width": null, "fill_shape_size": null, "fill_img_url": null, "marker_img_url": "marker_img_url/6396927721e3a.png"}},{"type": "Feature", "id": "layer_data_map.fid--27e80436_1a098b908f8_-3d70", "geometry": {"type": "Point", "coordinates": [106.90049418, 47.90727126]}, "geometry_name": "geom", "properties": {"guid": 5247, "id": 5247, "object_no": null, "object_name": null, "layer_type_id": 214, "valid_to": null, "address_no": null, "border_type": "solid", "border_width": null, "border_color": "#45818e", "border_opacity": null, "border_wellknown": "shape://horizline", "fill_type": "color", "fill_color": "#a2c4c9", "fill_opacity": null, "fill_wellknown": null, "fill_shape_color": null, "fill_shape_width": null, "fill_shape_size": null, "fill_img_url": null, "marker_img_url": "marker_img_url/6396927721e3a.png"}},{"type": "Feature", "id": "layer_data_map.fid--27e80436_1a098b908f8_-3d6f", "geometry": {"type": "Point", "coordinates": [106.86369986, 47.92026477]}, "geometry_name": "geom", "properties": {"guid": 5248, "id": 5248, "object_no": null, "object_name": null, "layer_type_id": 214, "valid_to": null, "address_no": null, "border_type": "solid", "border_width": null, "border_color": "#45818e", "border_opacity": null, "border_wellknown": "shape://horizline", "fill_type": "color", "fill_color": "#a2c4c9", "fill_opacity": null, "fill_wellknown": null, "fill_shape_color": null, "fill_shape_width": null, "fill_shape_size": null, "fill_img_url": null, "marker_img_url": "marker_img_url/6396927721e3a.png"}},{"type": "Feature", "id": "layer_data_map.fid--27e80436_1a098b908f8_-3d6e", "geometry": {"type": "Point", "coordinates": [106.8683274, 47.92448352]}, "geometry_name": "geom", "properties": {"guid": 5249, "id": 5249, "object_no": null, "object_name": null, "layer_type_id": 214, "valid_to": null, "address_no": null, "border_type": "solid", "border_width": null, "border_color": "#45818e", "border_opacity": null, "border_wellknown": "shape://horizline", "fill_type": "color", "fill_color": "#a2c4c9", "fill_opacity": null, "fill_wellknown": null, "fill_shape_color": null, "fill_shape_width": null, "fill_shape_size": null, "fill_img_url": null, "marker_img_url": "marker_img_url/6396927721e3a.png"}},{"type": "Feature", "id": "layer_data_map.fid--27e80436_1a098b908f8_-3d6d", "geometry": {"type": "Point", "coordinates": [106.88357501, 47.92674295]}, "geometry_name": "geom", "properties": {"guid": 5250, "id": 5250, "object_no": null, "object_name": null, "layer_type_id": 214, "valid_to": null, "address_no": null, "border_type": "solid", "border_width": null, "border_color": "#45818e", "border_opacity": null, "border_wellknown": "shape://horizline", "fill_type": "color", "fill_color": "#a2c4c9", "fill_opacity": null, "fill_wellknown": null, "fill_shape_color": null, "fill_shape_width": null, "fill_shape_size": null, "fill_img_url": null, "marker_img_url": "marker_img_url/6396927721e3a.png"}},{"type": "Feature", "id": "layer_data_map.fid--27e80436_1a098b908f8_-3d6c", "geometry": {"type": "Point", "coordinates": [106.88483415, 47.92692607]}, "geometry_name": "geom", "properties": {"guid": 5251, "id": 5251, "object_no": null, "object_name": null, "layer_type_id": 214, "valid_to": null, "address_no": null, "border_type": "solid", "border_width": null, "border_color": "#45818e", "border_opacity": null, "border_wellknown": "shape://horizline", "fill_type": "color", "fill_color": "#a2c4c9", "fill_opacity": null, "fill_wellknown": null, "fill_shape_color": null, "fill_shape_width": null, "fill_shape_size": null, "fill_img_url": null, "marker_img_url": "marker_img_url/6396927721e3a.png"}},{"type": "Feature", "id": "layer_data_map.fid--27e80436_1a098b908f8_-3d6b", "geometry": {"type": "Point", "coordinates": [106.8879038, 47.92989774]}, "geometry_name": "geom", "properties": {"guid": 5252, "id": 5252, "object_no": null, "object_name": null, "layer_type_id": 214, "valid_to": null, "address_no": null, "border_type": "solid", "border_width": null, "border_color": "#45818e", "border_opacity": null, "border_wellknown": "shape://horizline", "fill_type": "color", "fill_color": "#a2c4c9", "fill_opacity": null, "fill_wellknown": null, "fill_shape_color": null, "fill_shape_width": null, "fill_shape_size": null, "fill_img_url": null, "marker_img_url": "marker_img_url/6396927721e3a.png"}},{"type": "Feature", "id": "layer_data_map.fid--27e80436_1a098b908f8_-3d6a", "geometry": {"type": "Point", "coordinates": [106.8898154, 47.91770865]}, "geometry_name": "geom", "properties": {"guid": 5253, "id": 5253, "object_no": null, "object_name": null, "layer_type_id": 214, "valid_to": null, "address_no": null, "border_type": "solid", "border_width": null, "border_color": "#45818e", "border_opacity": null, "border_wellknown": "shape://horizline", "fill_type": "color", "fill_color": "#a2c4c9", "fill_opacity": null, "fill_wellknown": null, "fill_shape_color": null, "fill_shape_width": null, "fill_shape_size": null, "fill_img_url": null, "marker_img_url": "marker_img_url/6396927721e3a.png"}},{"type": "Feature", "id": "layer_data_map.fid--27e80436_1a098b908f8_-3d69", "geometry": {"type": "Point", "coordinates": [106.79277512, 47.90766975]}, "geometry_name": "geom", "properties": {"guid": 5254, "id": 5254, "object_no": null, "object_name": null, "layer_type_id": 214, "valid_to": null, "address_no": null, "border_type": "solid", "border_width": null, "border_color": "#45818e", "border_opacity": null, "border_wellknown": "shape://horizline", "fill_type": "color", "fill_color": "#a2c4c9", "fill_opacity": null, "fill_wellknown": null, "fill_shape_color": null, "fill_shape_width": null, "fill_shape_size": null, "fill_img_url": null, "marker_img_url": "marker_img_url/6396927721e3a.png"}},{"type": "Feature", "id": "layer_data_map.fid--27e80436_1a098b908f8_-3d68", "geometry": {"type": "Point", "coordinates": [106.86644213, 47.91315495]}, "geometry_name": "geom", "properties": {"guid": 5255, "id": 5255, "object_no": null, "object_name": null, "layer_type_id": 214, "valid_to": null, "address_no": null, "border_type": "solid", "border_width": null, "border_color": "#45818e", "border_opacity": null, "border_wellknown": "shape://horizline", "fill_type": "color", "fill_color": "#a2c4c9", "fill_opacity": null, "fill_wellknown": null, "fill_shape_color": null, "fill_shape_width": null, "fill_shape_size": null, "fill_img_url": null, "marker_img_url": "marker_img_url/6396927721e3a.png"}},{"type": "Feature", "id": "layer_data_map.fid--27e80436_1a098b908f8_-3d67", "geometry": {"type": "Point", "coordinates": [106.92480142, 47.92705265]}, "geometry_name": "geom", "properties": {"guid": 5256, "id": 5256, "object_no": null, "object_name": null, "layer_type_id": 214, "valid_to": null, "address_no": null, "border_type": "solid", "border_width": null, "border_color": "#45818e", "border_opacity": null, "border_wellknown": "shape://horizline", "fill_type": "color", "fill_color": "#a2c4c9", "fill_opacity": null, "fill_wellknown": null, "fill_shape_color": null, "fill_shape_width": null, "fill_shape_size": null, "fill_img_url": null, "marker_img_url": "marker_img_url/6396927721e3a.png"}},{"type": "Feature", "id": "layer_data_map.fid--27e80436_1a098b908f8_-3d66", "geometry": {"type": "Point", "coordinates": [106.91040154, 47.91371722]}, "geometry_name": "geom", "properties": {"guid": 5257, "id": 5257, "object_no": null, "object_name": null, "layer_type_id": 214, "valid_to": null, "address_no": null, "border_type": "solid", "border_width": null, "border_color": "#45818e", "border_opacity": null, "border_wellknown": "shape://horizline", "fill_type": "color", "fill_color": "#a2c4c9", "fill_opacity": null, "fill_wellknown": null, "fill_shape_color": null, "fill_shape_width": null, "fill_shape_size": null, "fill_img_url": null, "marker_img_url": "marker_img_url/6396927721e3a.png"}},{"type": "Feature", "id": "layer_data_map.fid--27e80436_1a098b908f8_-3d65", "geometry": {"type": "Point", "coordinates": [106.90323467, 47.9108843]}, "geometry_name": "geom", "properties": {"guid": 5258, "id": 5258, "object_no": null, "object_name": null, "layer_type_id": 214, "valid_to": null, "address_no": null, "border_type": "solid", "border_width": null, "border_color": "#45818e", "border_opacity": null, "border_wellknown": "shape://horizline", "fill_type": "color", "fill_color": "#a2c4c9", "fill_opacity": null, "fill_wellknown": null, "fill_shape_color": null, "fill_shape_width": null, "fill_shape_size": null, "fill_img_url": null, "marker_img_url": "marker_img_url/6396927721e3a.png"}},{"type": "Feature", "id": "layer_data_map.fid--27e80436_1a098b908f8_-3d64", "geometry": {"type": "Point", "coordinates": [106.90289699, 47.91405909]}, "geometry_name": "geom", "properties": {"guid": 5259, "id": 5259, "object_no": null, "object_name": null, "layer_type_id": 214, "valid_to": null, "address_no": null, "border_type": "solid", "border_width": null, "border_color": "#45818e", "border_opacity": null, "border_wellknown": "shape://horizline", "fill_type": "color", "fill_color": "#a2c4c9", "fill_opacity": null, "fill_wellknown": null, "fill_shape_color": null, "fill_shape_width": null, "fill_shape_size": null, "fill_img_url": null, "marker_img_url": "marker_img_url/6396927721e3a.png"}},{"type": "Feature", "id": "layer_data_map.fid--27e80436_1a098b908f8_-3d63", "geometry": {"type": "Point", "coordinates": [106.91831943, 47.96493364]}, "geometry_name": "geom", "properties": {"guid": 5260, "id": 5260, "object_no": null, "object_name": null, "layer_type_id": 214, "valid_to": null, "address_no": null, "border_type": "solid", "border_width": null, "border_color": "#45818e", "border_opacity": null, "border_wellknown": "shape://horizline", "fill_type": "color", "fill_color": "#a2c4c9", "fill_opacity": null, "fill_wellknown": null, "fill_shape_color": null, "fill_shape_width": null, "fill_shape_size": null, "fill_img_url": null, "marker_img_url": "marker_img_url/6396927721e3a.png"}},{"type": "Feature", "id": "layer_data_map.fid--27e80436_1a098b908f8_-3d62", "geometry": {"type": "Point", "coordinates": [106.93444917, 47.97779355]}, "geometry_name": "geom", "properties": {"guid": 5261, "id": 5261, "object_no": null, "object_name": null, "layer_type_id": 214, "valid_to": null, "address_no": null, "border_type": "solid", "border_width": null, "border_color": "#45818e", "border_opacity": null, "border_wellknown": "shape://horizline", "fill_type": "color", "fill_color": "#a2c4c9", "fill_opacity": null, "fill_wellknown": null, "fill_shape_color": null, "fill_shape_width": null, "fill_shape_size": null, "fill_img_url": null, "marker_img_url": "marker_img_url/6396927721e3a.png"}},{"type": "Feature", "id": "layer_data_map.fid--27e80436_1a098b908f8_-3d61", "geometry": {"type": "Point", "coordinates": [106.82130486, 47.93250938]}, "geometry_name": "geom", "properties": {"guid": 5262, "id": 5262, "object_no": null, "object_name": null, "layer_type_id": 214, "valid_to": null, "address_no": null, "border_type": "solid", "border_width": null, "border_color": "#45818e", "border_opacity": null, "border_wellknown": "shape://horizline", "fill_type": "color", "fill_color": "#a2c4c9", "fill_opacity": null, "fill_wellknown": null, "fill_shape_color": null, "fill_shape_width": null, "fill_shape_size": null, "fill_img_url": null, "marker_img_url": "marker_img_url/6396927721e3a.png"}},{"type": "Feature", "id": "layer_data_map.fid--27e80436_1a098b908f8_-3d60", "geometry": {"type": "Point", "coordinates": [106.81371881, 47.91318043]}, "geometry_name": "geom", "properties": {"guid": 5263, "id": 5263, "object_no": null, "object_name": null, "layer_type_id": 214, "valid_to": null, "address_no": null, "border_type": "solid", "border_width": null, "border_color": "#45818e", "border_opacity": null, "border_wellknown": "shape://horizline", "fill_type": "color", "fill_color": "#a2c4c9", "fill_opacity": null, "fill_wellknown": null, "fill_shape_color": null, "fill_shape_width": null, "fill_shape_size": null, "fill_img_url": null, "marker_img_url": "marker_img_url/6396927721e3a.png"}},{"type": "Feature", "id": "layer_data_map.fid--27e80436_1a098b908f8_-3d5f", "geometry": {"type": "Point", "coordinates": [106.81442194, 47.91919327]}, "geometry_name": "geom", "properties": {"guid": 5264, "id": 5264, "object_no": null, "object_name": null, "layer_type_id": 214, "valid_to": null, "address_no": null, "border_type": "solid", "border_width": null, "border_color": "#45818e", "border_opacity": null, "border_wellknown": "shape://horizline", "fill_type": "color", "fill_color": "#a2c4c9", "fill_opacity": null, "fill_wellknown": null, "fill_shape_color": null, "fill_shape_width": null, "fill_shape_size": null, "fill_img_url": null, "marker_img_url": "marker_img_url/6396927721e3a.png"}},{"type": "Feature", "id": "layer_data_map.fid--27e80436_1a098b908f8_-3d5e", "geometry": {"type": "Point", "coordinates": [106.7950058, 47.92124939]}, "geometry_name": "geom", "properties": {"guid": 5265, "id": 5265, "object_no": null, "object_name": null, "layer_type_id": 214, "valid_to": null, "address_no": null, "border_type": "solid", "border_width": null, "border_color": "#45818e", "border_opacity": null, "border_wellknown": "shape://horizline", "fill_type": "color", "fill_color": "#a2c4c9", "fill_opacity": null, "fill_wellknown": null, "fill_shape_color": null, "fill_shape_width": null, "fill_shape_size": null, "fill_img_url": null, "marker_img_url": "marker_img_url/6396927721e3a.png"}},{"type": "Feature", "id": "layer_data_map.fid--27e80436_1a098b908f8_-3d5d", "geometry": {"type": "Point", "coordinates": [106.82684537, 47.95299474]}, "geometry_name": "geom", "properties": {"guid": 5266, "id": 5266, "object_no": null, "object_name": null, "layer_type_id": 214, "valid_to": null, "address_no": null, "border_type": "solid", "border_width": null, "border_color": "#45818e", "border_opacity": null, "border_wellknown": "shape://horizline", "fill_type": "color", "fill_color": "#a2c4c9", "fill_opacity": null, "fill_wellknown": null, "fill_shape_color": null, "fill_shape_width": null, "fill_shape_size": null, "fill_img_url": null, "marker_img_url": "marker_img_url/6396927721e3a.png"}},{"type": "Feature", "id": "layer_data_map.fid--27e80436_1a098b908f8_-3d5c", "geometry": {"type": "Point", "coordinates": [106.83877943, 47.95672701]}, "geometry_name": "geom", "properties": {"guid": 5267, "id": 5267, "object_no": null, "object_name": null, "layer_type_id": 214, "valid_to": null, "address_no": null, "border_type": "solid", "border_width": null, "border_color": "#45818e", "border_opacity": null, "border_wellknown": "shape://horizline", "fill_type": "color", "fill_color": "#a2c4c9", "fill_opacity": null, "fill_wellknown": null, "fill_shape_color": null, "fill_shape_width": null, "fill_shape_size": null, "fill_img_url": null, "marker_img_url": "marker_img_url/6396927721e3a.png"}},{"type": "Feature", "id": "layer_data_map.fid--27e80436_1a098b908f8_-3d5b", "geometry": {"type": "Point", "coordinates": [106.8313597, 47.96710425]}, "geometry_name": "geom", "properties": {"guid": 5268, "id": 5268, "object_no": null, "object_name": null, "layer_type_id": 214, "valid_to": null, "address_no": null, "border_type": "solid", "border_width": null, "border_color": "#45818e", "border_opacity": null, "border_wellknown": "shape://horizline", "fill_type": "color", "fill_color": "#a2c4c9", "fill_opacity": null, "fill_wellknown": null, "fill_shape_color": null, "fill_shape_width": null, "fill_shape_size": null, "fill_img_url": null, "marker_img_url": "marker_img_url/6396927721e3a.png"}},{"type": "Feature", "id": "layer_data_map.fid--27e80436_1a098b908f8_-3d5a", "geometry": {"type": "Point", "coordinates": [106.84831235, 47.95451878]}, "geometry_name": "geom", "properties": {"guid": 5269, "id": 5269, "object_no": null, "object_name": null, "layer_type_id": 214, "valid_to": null, "address_no": null, "border_type": "solid", "border_width": null, "border_color": "#45818e", "border_opacity": null, "border_wellknown": "shape://horizline", "fill_type": "color", "fill_color": "#a2c4c9", "fill_opacity": null, "fill_wellknown": null, "fill_shape_color": null, "fill_shape_width": null, "fill_shape_size": null, "fill_img_url": null, "marker_img_url": "marker_img_url/6396927721e3a.png"}},{"type": "Feature", "id": "layer_data_map.fid--27e80436_1a098b908f8_-3d59", "geometry": {"type": "Point", "coordinates": [106.83934521, 47.91427514]}, "geometry_name": "geom", "properties": {"guid": 5270, "id": 5270, "object_no": null, "object_name": null, "layer_type_id": 214, "valid_to": null, "address_no": null, "border_type": "solid", "border_width": null, "border_color": "#45818e", "border_opacity": null, "border_wellknown": "shape://horizline", "fill_type": "color", "fill_color": "#a2c4c9", "fill_opacity": null, "fill_wellknown": null, "fill_shape_color": null, "fill_shape_width": null, "fill_shape_size": null, "fill_img_url": null, "marker_img_url": "marker_img_url/6396927721e3a.png"}},{"type": "Feature", "id": "layer_data_map.fid--27e80436_1a098b908f8_-3d58", "geometry": {"type": "Point", "coordinates": [106.81557576, 47.91960927]}, "geometry_name": "geom", "properties": {"guid": 5271, "id": 5271, "object_no": null, "object_name": null, "layer_type_id": 214, "valid_to": null, "address_no": null, "border_type": "solid", "border_width": null, "border_color": "#45818e", "border_opacity": null, "border_wellknown": "shape://horizline", "fill_type": "color", "fill_color": "#a2c4c9", "fill_opacity": null, "fill_wellknown": null, "fill_shape_color": null, "fill_shape_width": null, "fill_shape_size": null, "fill_img_url": null, "marker_img_url": "marker_img_url/6396927721e3a.png"}},{"type": "Feature", "id": "layer_data_map.fid--27e80436_1a098b908f8_-3d57", "geometry": {"type": "Point", "coordinates": [106.90917554, 47.91893855]}, "geometry_name": "geom", "properties": {"guid": 5272, "id": 5272, "object_no": null, "object_name": null, "layer_type_id": 214, "valid_to": null, "address_no": null, "border_type": "solid", "border_width": null, "border_color": "#45818e", "border_opacity": null, "border_wellknown": "shape://horizline", "fill_type": "color", "fill_color": "#a2c4c9", "fill_opacity": null, "fill_wellknown": null, "fill_shape_color": null, "fill_shape_width": null, "fill_shape_size": null, "fill_img_url": null, "marker_img_url": "marker_img_url/6396927721e3a.png"}},{"type": "Feature", "id": "layer_data_map.fid--27e80436_1a098b908f8_-3d56", "geometry": {"type": "Point", "coordinates": [106.91183489, 47.94858212]}, "geometry_name": "geom", "properties": {"guid": 5273, "id": 5273, "object_no": null, "object_name": null, "layer_type_id": 214, "valid_to": null, "address_no": null, "border_type": "solid", "border_width": null, "border_color": "#45818e", "border_opacity": null, "border_wellknown": "shape://horizline", "fill_type": "color", "fill_color": "#a2c4c9", "fill_opacity": null, "fill_wellknown": null, "fill_shape_color": null, "fill_shape_width": null, "fill_shape_size": null, "fill_img_url": null, "marker_img_url": "marker_img_url/6396927721e3a.png"}},{"type": "Feature", "id": "layer_data_map.fid--27e80436_1a098b908f8_-3d55", "geometry": {"type": "Point", "coordinates": [106.89876346, 47.9601548]}, "geometry_name": "geom", "properties": {"guid": 5274, "id": 5274, "object_no": null, "object_name": null, "layer_type_id": 214, "valid_to": null, "address_no": null, "border_type": "solid", "border_width": null, "border_color": "#45818e", "border_opacity": null, "border_wellknown": "shape://horizline", "fill_type": "color", "fill_color": "#a2c4c9", "fill_opacity": null, "fill_wellknown": null, "fill_shape_color": null, "fill_shape_width": null, "fill_shape_size": null, "fill_img_url": null, "marker_img_url": "marker_img_url/6396927721e3a.png"}},{"type": "Feature", "id": "layer_data_map.fid--27e80436_1a098b908f8_-3d54", "geometry": {"type": "Point", "coordinates": [106.90683828, 47.93610908]}, "geometry_name": "geom", "properties": {"guid": 5275, "id": 5275, "object_no": null, "object_name": null, "layer_type_id": 214, "valid_to": null, "address_no": null, "border_type": "solid", "border_width": null, "border_color": "#45818e", "border_opacity": null, "border_wellknown": "shape://horizline", "fill_type": "color", "fill_color": "#a2c4c9", "fill_opacity": null, "fill_wellknown": null, "fill_shape_color": null, "fill_shape_width": null, "fill_shape_size": null, "fill_img_url": null, "marker_img_url": "marker_img_url/6396927721e3a.png"}},{"type": "Feature", "id": "layer_data_map.fid--27e80436_1a098b908f8_-3d53", "geometry": {"type": "Point", "coordinates": [106.90438638, 47.94501959]}, "geometry_name": "geom", "properties": {"guid": 5276, "id": 5276, "object_no": null, "object_name": null, "layer_type_id": 214, "valid_to": null, "address_no": null, "border_type": "solid", "border_width": null, "border_color": "#45818e", "border_opacity": null, "border_wellknown": "shape://horizline", "fill_type": "color", "fill_color": "#a2c4c9", "fill_opacity": null, "fill_wellknown": null, "fill_shape_color": null, "fill_shape_width": null, "fill_shape_size": null, "fill_img_url": null, "marker_img_url": "marker_img_url/6396927721e3a.png"}},{"type": "Feature", "id": "layer_data_map.fid--27e80436_1a098b908f8_-3d52", "geometry": {"type": "Point", "coordinates": [106.94001835, 47.9219698]}, "geometry_name": "geom", "properties": {"guid": 5277, "id": 5277, "object_no": null, "object_name": null, "layer_type_id": 214, "valid_to": null, "address_no": null, "border_type": "solid", "border_width": null, "border_color": "#45818e", "border_opacity": null, "border_wellknown": "shape://horizline", "fill_type": "color", "fill_color": "#a2c4c9", "fill_opacity": null, "fill_wellknown": null, "fill_shape_color": null, "fill_shape_width": null, "fill_shape_size": null, "fill_img_url": null, "marker_img_url": "marker_img_url/6396927721e3a.png"}},{"type": "Feature", "id": "layer_data_map.fid--27e80436_1a098b908f8_-3d51", "geometry": {"type": "Point", "coordinates": [106.93661253, 47.92568191]}, "geometry_name": "geom", "properties": {"guid": 5278, "id": 5278, "object_no": null, "object_name": null, "layer_type_id": 214, "valid_to": null, "address_no": null, "border_type": "solid", "border_width": null, "border_color": "#45818e", "border_opacity": null, "border_wellknown": "shape://horizline", "fill_type": "color", "fill_color": "#a2c4c9", "fill_opacity": null, "fill_wellknown": null, "fill_shape_color": null, "fill_shape_width": null, "fill_shape_size": null, "fill_img_url": null, "marker_img_url": "marker_img_url/6396927721e3a.png"}},{"type": "Feature", "id": "layer_data_map.fid--27e80436_1a098b908f8_-3d50", "geometry": {"type": "Point", "coordinates": [106.98038753, 47.9209882]}, "geometry_name": "geom", "properties": {"guid": 5279, "id": 5279, "object_no": null, "object_name": null, "layer_type_id": 214, "valid_to": null, "address_no": null, "border_type": "solid", "border_width": null, "border_color": "#45818e", "border_opacity": null, "border_wellknown": "shape://horizline", "fill_type": "color", "fill_color": "#a2c4c9", "fill_opacity": null, "fill_wellknown": null, "fill_shape_color": null, "fill_shape_width": null, "fill_shape_size": null, "fill_img_url": null, "marker_img_url": "marker_img_url/6396927721e3a.png"}},{"type": "Feature", "id": "layer_data_map.fid--27e80436_1a098b908f8_-3d4f", "geometry": {"type": "Point", "coordinates": [106.98644912, 47.91560263]}, "geometry_name": "geom", "properties": {"guid": 5280, "id": 5280, "object_no": null, "object_name": null, "layer_type_id": 214, "valid_to": null, "address_no": null, "border_type": "solid", "border_width": null, "border_color": "#45818e", "border_opacity": null, "border_wellknown": "shape://horizline", "fill_type": "color", "fill_color": "#a2c4c9", "fill_opacity": null, "fill_wellknown": null, "fill_shape_color": null, "fill_shape_width": null, "fill_shape_size": null, "fill_img_url": null, "marker_img_url": "marker_img_url/6396927721e3a.png"}},{"type": "Feature", "id": "layer_data_map.fid--27e80436_1a098b908f8_-3d4e", "geometry": {"type": "Point", "coordinates": [107.00493797, 47.93254567]}, "geometry_name": "geom", "properties": {"guid": 5281, "id": 5281, "object_no": null, "object_name": null, "layer_type_id": 214, "valid_to": null, "address_no": null, "border_type": "solid", "border_width": null, "border_color": "#45818e", "border_opacity": null, "border_wellknown": "shape://horizline", "fill_type": "color", "fill_color": "#a2c4c9", "fill_opacity": null, "fill_wellknown": null, "fill_shape_color": null, "fill_shape_width": null, "fill_shape_size": null, "fill_img_url": null, "marker_img_url": "marker_img_url/6396927721e3a.png"}},{"type": "Feature", "id": "layer_data_map.fid--27e80436_1a098b908f8_-3d4d", "geometry": {"type": "Point", "coordinates": [107.00814331, 47.93427624]}, "geometry_name": "geom", "properties": {"guid": 5282, "id": 5282, "object_no": null, "object_name": null, "layer_type_id": 214, "valid_to": null, "address_no": null, "border_type": "solid", "border_width": null, "border_color": "#45818e", "border_opacity": null, "border_wellknown": "shape://horizline", "fill_type": "color", "fill_color": "#a2c4c9", "fill_opacity": null, "fill_wellknown": null, "fill_shape_color": null, "fill_shape_width": null, "fill_shape_size": null, "fill_img_url": null, "marker_img_url": "marker_img_url/6396927721e3a.png"}},{"type": "Feature", "id": "layer_data_map.fid--27e80436_1a098b908f8_-3d4c", "geometry": {"type": "Point", "coordinates": [106.99630759, 47.92017854]}, "geometry_name": "geom", "properties": {"guid": 5283, "id": 5283, "object_no": null, "object_name": null, "layer_type_id": 214, "valid_to": null, "address_no": null, "border_type": "solid", "border_width": null, "border_color": "#45818e", "border_opacity": null, "border_wellknown": "shape://horizline", "fill_type": "color", "fill_color": "#a2c4c9", "fill_opacity": null, "fill_wellknown": null, "fill_shape_color": null, "fill_shape_width": null, "fill_shape_size": null, "fill_img_url": null, "marker_img_url": "marker_img_url/6396927721e3a.png"}},{"type": "Feature", "id": "layer_data_map.fid--27e80436_1a098b908f8_-3d4b", "geometry": {"type": "Point", "coordinates": [107.00264341, 47.91370682]}, "geometry_name": "geom", "properties": {"guid": 5284, "id": 5284, "object_no": null, "object_name": null, "layer_type_id": 214, "valid_to": null, "address_no": null, "border_type": "solid", "border_width": null, "border_color": "#45818e", "border_opacity": null, "border_wellknown": "shape://horizline", "fill_type": "color", "fill_color": "#a2c4c9", "fill_opacity": null, "fill_wellknown": null, "fill_shape_color": null, "fill_shape_width": null, "fill_shape_size": null, "fill_img_url": null, "marker_img_url": "marker_img_url/6396927721e3a.png"}},{"type": "Feature", "id": "layer_data_map.fid--27e80436_1a098b908f8_-3d4a", "geometry": {"type": "Point", "coordinates": [106.93888761, 47.91627127]}, "geometry_name": "geom", "properties": {"guid": 5285, "id": 5285, "object_no": null, "object_name": null, "layer_type_id": 214, "valid_to": null, "address_no": null, "border_type": "solid", "border_width": null, "border_color": "#45818e", "border_opacity": null, "border_wellknown": "shape://horizline", "fill_type": "color", "fill_color": "#a2c4c9", "fill_opacity": null, "fill_wellknown": null, "fill_shape_color": null, "fill_shape_width": null, "fill_shape_size": null, "fill_img_url": null, "marker_img_url": "marker_img_url/6396927721e3a.png"}},{"type": "Feature", "id": "layer_data_map.fid--27e80436_1a098b908f8_-3d49", "geometry": {"type": "Point", "coordinates": [107.03604111, 47.91807077]}, "geometry_name": "geom", "properties": {"guid": 5286, "id": 5286, "object_no": null, "object_name": null, "layer_type_id": 214, "valid_to": null, "address_no": null, "border_type": "solid", "border_width": null, "border_color": "#45818e", "border_opacity": null, "border_wellknown": "shape://horizline", "fill_type": "color", "fill_color": "#a2c4c9", "fill_opacity": null, "fill_wellknown": null, "fill_shape_color": null, "fill_shape_width": null, "fill_shape_size": null, "fill_img_url": null, "marker_img_url": "marker_img_url/6396927721e3a.png"}},{"type": "Feature", "id": "layer_data_map.fid--27e80436_1a098b908f8_-3d48", "geometry": {"type": "Point", "coordinates": [106.9956221, 47.91442269]}, "geometry_name": "geom", "properties": {"guid": 5287, "id": 5287, "object_no": null, "object_name": null, "layer_type_id": 214, "valid_to": null, "address_no": null, "border_type": "solid", "border_width": null, "border_color": "#45818e", "border_opacity": null, "border_wellknown": "shape://horizline", "fill_type": "color", "fill_color": "#a2c4c9", "fill_opacity": null, "fill_wellknown": null, "fill_shape_color": null, "fill_shape_width": null, "fill_shape_size": null, "fill_img_url": null, "marker_img_url": "marker_img_url/6396927721e3a.png"}},{"type": "Feature", "id": "layer_data_map.fid--27e80436_1a098b908f8_-3d47", "geometry": {"type": "Point", "coordinates": [106.93483751, 47.91506293]}, "geometry_name": "geom", "properties": {"guid": 5288, "id": 5288, "object_no": null, "object_name": null, "layer_type_id": 214, "valid_to": null, "address_no": null, "border_type": "solid", "border_width": null, "border_color": "#45818e", "border_opacity": null, "border_wellknown": "shape://horizline", "fill_type": "color", "fill_color": "#a2c4c9", "fill_opacity": null, "fill_wellknown": null, "fill_shape_color": null, "fill_shape_width": null, "fill_shape_size": null, "fill_img_url": null, "marker_img_url": "marker_img_url/6396927721e3a.png"}},{"type": "Feature", "id": "layer_data_map.fid--27e80436_1a098b908f8_-3d46", "geometry": {"type": "Point", "coordinates": [106.93937218, 47.92192132]}, "geometry_name": "geom", "properties": {"guid": 5289, "id": 5289, "object_no": null, "object_name": null, "layer_type_id": 214, "valid_to": null, "address_no": null, "border_type": "solid", "border_width": null, "border_color": "#45818e", "border_opacity": null, "border_wellknown": "shape://horizline", "fill_type": "color", "fill_color": "#a2c4c9", "fill_opacity": null, "fill_wellknown": null, "fill_shape_color": null, "fill_shape_width": null, "fill_shape_size": null, "fill_img_url": null, "marker_img_url": "marker_img_url/6396927721e3a.png"}},{"type": "Feature", "id": "layer_data_map.fid--27e80436_1a098b908f8_-3d45", "geometry": {"type": "Point", "coordinates": [106.96998605, 47.94200562]}, "geometry_name": "geom", "properties": {"guid": 5290, "id": 5290, "object_no": null, "object_name": null, "layer_type_id": 214, "valid_to": null, "address_no": null, "border_type": "solid", "border_width": null, "border_color": "#45818e", "border_opacity": null, "border_wellknown": "shape://horizline", "fill_type": "color", "fill_color": "#a2c4c9", "fill_opacity": null, "fill_wellknown": null, "fill_shape_color": null, "fill_shape_width": null, "fill_shape_size": null, "fill_img_url": null, "marker_img_url": "marker_img_url/6396927721e3a.png"}},{"type": "Feature", "id": "layer_data_map.fid--27e80436_1a098b908f8_-3d44", "geometry": {"type": "Point", "coordinates": [106.94347102, 47.91351187]}, "geometry_name": "geom", "properties": {"guid": 5291, "id": 5291, "object_no": null, "object_name": null, "layer_type_id": 214, "valid_to": null, "address_no": null, "border_type": "solid", "border_width": null, "border_color": "#45818e", "border_opacity": null, "border_wellknown": "shape://horizline", "fill_type": "color", "fill_color": "#a2c4c9", "fill_opacity": null, "fill_wellknown": null, "fill_shape_color": null, "fill_shape_width": null, "fill_shape_size": null, "fill_img_url": null, "marker_img_url": "marker_img_url/6396927721e3a.png"}},{"type": "Feature", "id": "layer_data_map.fid--27e80436_1a098b908f8_-3d43", "geometry": {"type": "Point", "coordinates": [106.94308309, 47.90336533]}, "geometry_name": "geom", "properties": {"guid": 5292, "id": 5292, "object_no": null, "object_name": null, "layer_type_id": 214, "valid_to": null, "address_no": null, "border_type": "solid", "border_width": null, "border_color": "#45818e", "border_opacity": null, "border_wellknown": "shape://horizline", "fill_type": "color", "fill_color": "#a2c4c9", "fill_opacity": null, "fill_wellknown": null, "fill_shape_color": null, "fill_shape_width": null, "fill_shape_size": null, "fill_img_url": null, "marker_img_url": "marker_img_url/6396927721e3a.png"}},{"type": "Feature", "id": "layer_data_map.fid--27e80436_1a098b908f8_-3d42", "geometry": {"type": "Point", "coordinates": [106.9378232, 47.90215643]}, "geometry_name": "geom", "properties": {"guid": 5293, "id": 5293, "object_no": null, "object_name": null, "layer_type_id": 214, "valid_to": null, "address_no": null, "border_type": "solid", "border_width": null, "border_color": "#45818e", "border_opacity": null, "border_wellknown": "shape://horizline", "fill_type": "color", "fill_color": "#a2c4c9", "fill_opacity": null, "fill_wellknown": null, "fill_shape_color": null, "fill_shape_width": null, "fill_shape_size": null, "fill_img_url": null, "marker_img_url": "marker_img_url/6396927721e3a.png"}},{"type": "Feature", "id": "layer_data_map.fid--27e80436_1a098b908f8_-3d41", "geometry": {"type": "Point", "coordinates": [106.76364972, 47.85919308]}, "geometry_name": "geom", "properties": {"guid": 5294, "id": 5294, "object_no": null, "object_name": null, "layer_type_id": 214, "valid_to": null, "address_no": null, "border_type": "solid", "border_width": null, "border_color": "#45818e", "border_opacity": null, "border_wellknown": "shape://horizline", "fill_type": "color", "fill_color": "#a2c4c9", "fill_opacity": null, "fill_wellknown": null, "fill_shape_color": null, "fill_shape_width": null, "fill_shape_size": null, "fill_img_url": null, "marker_img_url": "marker_img_url/6396927721e3a.png"}},{"type": "Feature", "id": "layer_data_map.fid--27e80436_1a098b908f8_-3d40", "geometry": {"type": "Point", "coordinates": [106.85035279, 47.87572785]}, "geometry_name": "geom", "properties": {"guid": 5295, "id": 5295, "object_no": null, "object_name": null, "layer_type_id": 214, "valid_to": null, "address_no": null, "border_type": "solid", "border_width": null, "border_color": "#45818e", "border_opacity": null, "border_wellknown": "shape://horizline", "fill_type": "color", "fill_color": "#a2c4c9", "fill_opacity": null, "fill_wellknown": null, "fill_shape_color": null, "fill_shape_width": null, "fill_shape_size": null, "fill_img_url": null, "marker_img_url": "marker_img_url/6396927721e3a.png"}},{"type": "Feature", "id": "layer_data_map.fid--27e80436_1a098b908f8_-3d3f", "geometry": {"type": "Point", "coordinates": [106.80413705, 47.86506097]}, "geometry_name": "geom", "properties": {"guid": 5296, "id": 5296, "object_no": null, "object_name": null, "layer_type_id": 214, "valid_to": null, "address_no": null, "border_type": "solid", "border_width": null, "border_color": "#45818e", "border_opacity": null, "border_wellknown": "shape://horizline", "fill_type": "color", "fill_color": "#a2c4c9", "fill_opacity": null, "fill_wellknown": null, "fill_shape_color": null, "fill_shape_width": null, "fill_shape_size": null, "fill_img_url": null, "marker_img_url": "marker_img_url/6396927721e3a.png"}},{"type": "Feature", "id": "layer_data_map.fid--27e80436_1a098b908f8_-3d3e", "geometry": {"type": "Point", "coordinates": [106.9102833, 47.91120809]}, "geometry_name": "geom", "properties": {"guid": 5297, "id": 5297, "object_no": null, "object_name": null, "layer_type_id": 214, "valid_to": null, "address_no": null, "border_type": "solid", "border_width": null, "border_color": "#45818e", "border_opacity": null, "border_wellknown": "shape://horizline", "fill_type": "color", "fill_color": "#a2c4c9", "fill_opacity": null, "fill_wellknown": null, "fill_shape_color": null, "fill_shape_width": null, "fill_shape_size": null, "fill_img_url": null, "marker_img_url": "marker_img_url/6396927721e3a.png"}},{"type": "Feature", "id": "layer_data_map.fid--27e80436_1a098b908f8_-3d3d", "geometry": {"type": "Point", "coordinates": [106.90318369, 47.970664]}, "geometry_name": "geom", "properties": {"guid": 5298, "id": 5298, "object_no": null, "object_name": null, "layer_type_id": 214, "valid_to": null, "address_no": null, "border_type": "solid", "border_width": null, "border_color": "#45818e", "border_opacity": null, "border_wellknown": "shape://horizline", "fill_type": "color", "fill_color": "#a2c4c9", "fill_opacity": null, "fill_wellknown": null, "fill_shape_color": null, "fill_shape_width": null, "fill_shape_size": null, "fill_img_url": null, "marker_img_url": "marker_img_url/6396927721e3a.png"}},{"type": "Feature", "id": "layer_data_map.fid--27e80436_1a098b908f8_-3d3c", "geometry": {"type": "Point", "coordinates": [106.89327509, 47.89845355]}, "geometry_name": "geom", "properties": {"guid": 5299, "id": 5299, "object_no": null, "object_name": null, "layer_type_id": 214, "valid_to": null, "address_no": null, "border_type": "solid", "border_width": null, "border_color": "#45818e", "border_opacity": null, "border_wellknown": "shape://horizline", "fill_type": "color", "fill_color": "#a2c4c9", "fill_opacity": null, "fill_wellknown": null, "fill_shape_color": null, "fill_shape_width": null, "fill_shape_size": null, "fill_img_url": null, "marker_img_url": "marker_img_url/6396927721e3a.png"}},{"type": "Feature", "id": "layer_data_map.fid--27e80436_1a098b908f8_-3d3b", "geometry": {"type": "Point", "coordinates": [106.89752087, 47.89060365]}, "geometry_name": "geom", "properties": {"guid": 5300, "id": 5300, "object_no": null, "object_name": null, "layer_type_id": 214, "valid_to": null, "address_no": null, "border_type": "solid", "border_width": null, "border_color": "#45818e", "border_opacity": null, "border_wellknown": "shape://horizline", "fill_type": "color", "fill_color": "#a2c4c9", "fill_opacity": null, "fill_wellknown": null, "fill_shape_color": null, "fill_shape_width": null, "fill_shape_size": null, "fill_img_url": null, "marker_img_url": "marker_img_url/6396927721e3a.png"}},{"type": "Feature", "id": "layer_data_map.fid--27e80436_1a098b908f8_-3d3a", "geometry": {"type": "Point", "coordinates": [106.83024001, 47.85420611]}, "geometry_name": "geom", "properties": {"guid": 5301, "id": 5301, "object_no": null, "object_name": null, "layer_type_id": 214, "valid_to": null, "address_no": null, "border_type": "solid", "border_width": null, "border_color": "#45818e", "border_opacity": null, "border_wellknown": "shape://horizline", "fill_type": "color", "fill_color": "#a2c4c9", "fill_opacity": null, "fill_wellknown": null, "fill_shape_color": null, "fill_shape_width": null, "fill_shape_size": null, "fill_img_url": null, "marker_img_url": "marker_img_url/6396927721e3a.png"}},{"type": "Feature", "id": "layer_data_map.fid--27e80436_1a098b908f8_-3d39", "geometry": {"type": "Point", "coordinates": [106.90984057, 47.87908167]}, "geometry_name": "geom", "properties": {"guid": 5302, "id": 5302, "object_no": null, "object_name": null, "layer_type_id": 214, "valid_to": null, "address_no": null, "border_type": "solid", "border_width": null, "border_color": "#45818e", "border_opacity": null, "border_wellknown": "shape://horizline", "fill_type": "color", "fill_color": "#a2c4c9", "fill_opacity": null, "fill_wellknown": null, "fill_shape_color": null, "fill_shape_width": null, "fill_shape_size": null, "fill_img_url": null, "marker_img_url": "marker_img_url/6396927721e3a.png"}},{"type": "Feature", "id": "layer_data_map.fid--27e80436_1a098b908f8_-3d38", "geometry": {"type": "Point", "coordinates": [108.36688285, 47.78384453]}, "geometry_name": "geom", "properties": {"guid": 5303, "id": 5303, "object_no": null, "object_name": null, "layer_type_id": 214, "valid_to": null, "address_no": null, "border_type": "solid", "border_width": null, "border_color": "#45818e", "border_opacity": null, "border_wellknown": "shape://horizline", "fill_type": "color", "fill_color": "#a2c4c9", "fill_opacity": null, "fill_wellknown": null, "fill_shape_color": null, "fill_shape_width": null, "fill_shape_size": null, "fill_img_url": null, "marker_img_url": "marker_img_url/6396927721e3a.png"}},{"type": "Feature", "id": "layer_data_map.fid--27e80436_1a098b908f8_-3d37", "geometry": {"type": "Point", "coordinates": [108.39263532, 47.79671341]}, "geometry_name": "geom", "properties": {"guid": 5304, "id": 5304, "object_no": null, "object_name": null, "layer_type_id": 214, "valid_to": null, "address_no": null, "border_type": "solid", "border_width": null, "border_color": "#45818e", "border_opacity": null, "border_wellknown": "shape://horizline", "fill_type": "color", "fill_color": "#a2c4c9", "fill_opacity": null, "fill_wellknown": null, "fill_shape_color": null, "fill_shape_width": null, "fill_shape_size": null, "fill_img_url": null, "marker_img_url": "marker_img_url/6396927721e3a.png"}},{"type": "Feature", "id": "layer_data_map.fid--27e80436_1a098b908f8_-3d36", "geometry": {"type": "Point", "coordinates": [108.37438382, 47.78385081]}, "geometry_name": "geom", "properties": {"guid": 5305, "id": 5305, "object_no": null, "object_name": null, "layer_type_id": 214, "valid_to": null, "address_no": null, "border_type": "solid", "border_width": null, "border_color": "#45818e", "border_opacity": null, "border_wellknown": "shape://horizline", "fill_type": "color", "fill_color": "#a2c4c9", "fill_opacity": null, "fill_wellknown": null, "fill_shape_color": null, "fill_shape_width": null, "fill_shape_size": null, "fill_img_url": null, "marker_img_url": "marker_img_url/6396927721e3a.png"}},{"type": "Feature", "id": "layer_data_map.fid--27e80436_1a098b908f8_-3d35", "geometry": {"type": "Point", "coordinates": [106.9701774, 47.91536501]}, "geometry_name": "geom", "properties": {"guid": 5306, "id": 5306, "object_no": null, "object_name": null, "layer_type_id": 214, "valid_to": null, "address_no": null, "border_type": "solid", "border_width": null, "border_color": "#45818e", "border_opacity": null, "border_wellknown": "shape://horizline", "fill_type": "color", "fill_color": "#a2c4c9", "fill_opacity": null, "fill_wellknown": null, "fill_shape_color": null, "fill_shape_width": null, "fill_shape_size": null, "fill_img_url": null, "marker_img_url": "marker_img_url/6396927721e3a.png"}},{"type": "Feature", "id": "layer_data_map.fid--27e80436_1a098b908f8_-3d34", "geometry": {"type": "Point", "coordinates": [106.96940696, 47.91509876]}, "geometry_name": "geom", "properties": {"guid": 5307, "id": 5307, "object_no": null, "object_name": null, "layer_type_id": 214, "valid_to": null, "address_no": null, "border_type": "solid", "border_width": null, "border_color": "#45818e", "border_opacity": null, "border_wellknown": "shape://horizline", "fill_type": "color", "fill_color": "#a2c4c9", "fill_opacity": null, "fill_wellknown": null, "fill_shape_color": null, "fill_shape_width": null, "fill_shape_size": null, "fill_img_url": null, "marker_img_url": "marker_img_url/6396927721e3a.png"}},{"type": "Feature", "id": "layer_data_map.fid--27e80436_1a098b908f8_-3d33", "geometry": {"type": "Point", "coordinates": [107.49103266, 47.35205218]}, "geometry_name": "geom", "properties": {"guid": 5308, "id": 5308, "object_no": null, "object_name": null, "layer_type_id": 214, "valid_to": null, "address_no": null, "border_type": "solid", "border_width": null, "border_color": "#45818e", "border_opacity": null, "border_wellknown": "shape://horizline", "fill_type": "color", "fill_color": "#a2c4c9", "fill_opacity": null, "fill_wellknown": null, "fill_shape_color": null, "fill_shape_width": null, "fill_shape_size": null, "fill_img_url": null, "marker_img_url": "marker_img_url/6396927721e3a.png"}},{"type": "Feature", "id": "layer_data_map.fid--27e80436_1a098b908f8_-3d32", "geometry": {"type": "Point", "coordinates": [106.90658331, 47.90179579]}, "geometry_name": "geom", "properties": {"guid": 5309, "id": 5309, "object_no": null, "object_name": null, "layer_type_id": 214, "valid_to": null, "address_no": null, "border_type": "solid", "border_width": null, "border_color": "#45818e", "border_opacity": null, "border_wellknown": "shape://horizline", "fill_type": "color", "fill_color": "#a2c4c9", "fill_opacity": null, "fill_wellknown": null, "fill_shape_color": null, "fill_shape_width": null, "fill_shape_size": null, "fill_img_url": null, "marker_img_url": "marker_img_url/6396927721e3a.png"}},{"type": "Feature", "id": "layer_data_map.fid--27e80436_1a098b908f8_-3d31", "geometry": {"type": "Point", "coordinates": [106.91128767, 47.91524272]}, "geometry_name": "geom", "properties": {"guid": 5310, "id": 5310, "object_no": null, "object_name": null, "layer_type_id": 214, "valid_to": null, "address_no": null, "border_type": "solid", "border_width": null, "border_color": "#45818e", "border_opacity": null, "border_wellknown": "shape://horizline", "fill_type": "color", "fill_color": "#a2c4c9", "fill_opacity": null, "fill_wellknown": null, "fill_shape_color": null, "fill_shape_width": null, "fill_shape_size": null, "fill_img_url": null, "marker_img_url": "marker_img_url/6396927721e3a.png"}},{"type": "Feature", "id": "layer_data_map.fid--27e80436_1a098b908f8_-3d30", "geometry": {"type": "Point", "coordinates": [106.6847522, 47.77974485]}, "geometry_name": "geom", "properties": {"guid": 5311, "id": 5311, "object_no": null, "object_name": null, "layer_type_id": 214, "valid_to": null, "address_no": null, "border_type": "solid", "border_width": null, "border_color": "#45818e", "border_opacity": null, "border_wellknown": "shape://horizline", "fill_type": "color", "fill_color": "#a2c4c9", "fill_opacity": null, "fill_wellknown": null, "fill_shape_color": null, "fill_shape_width": null, "fill_shape_size": null, "fill_img_url": null, "marker_img_url": "marker_img_url/6396927721e3a.png"}}]}