id,object_no,object_name,geom_type,lon,lat,Давхаргын төрөл,Барилгын зориулалт,"Барилга, байгууламжийн нэр",Архитектур төлөвлөлтийн даалгаврын дугаар,Дүүрэг,Хороо,Хаягийн бүс,Гудамж
96295,ТАЗ1306281600001,,Polygon,106.819874,47.909146,"Авто зам, замын байгууламжийн архитектур төлөвлөлтийн даалгавар",Авто замын барилга,,,,,,
96296,ТАЗ1306281600002,,Polygon,106.811758,47.908672,"Авто зам, замын байгууламжийн архитектур төлөвлөлтийн даалгавар",Авто замын барилга,,,,,,
96333,ТАЗ1306281600003,Авто зам,Polygon,106.867628,47.905031,"Авто зам, замын байгууламжийн архитектур төлөвлөлтийн даалгавар",Авто замын барилга,Авто зам,,,,,
96378,ТАЗ1306281600004,,Polygon,106.835731,47.90856,"Авто зам, замын байгууламжийн архитектур төлөвлөлтийн даалгавар",Гүүрэн гарцын барилга,,,,,,
96405,ТАЗ1295222400001,,Polygon,106.878667,47.910311,"Авто зам, замын байгууламжийн архитектур төлөвлөлтийн даалгавар",Усжуулалт,,,,,,
96422,ТАЗ1306281600005,,Polygon,106.886297,47.905908,"Авто зам, замын байгууламжийн архитектур төлөвлөлтийн даалгавар",Авто замын барилга,,,,,,
96424,ТАЗ1306281600006,Орон сууцны хороолол доторхи замын шинэчлэлт,Polygon,106.886025,47.91078,"Авто зам, замын байгууламжийн архитектур төлөвлөлтийн даалгавар",Авто замын барилга,Орон сууцны хороолол доторхи замын шинэчлэлт,,,,,
96425,ТАЗ1320883200001,,Polygon,106.885067,47.916646,"Авто зам, замын байгууламжийн архитектур төлөвлөлтийн даалгавар",Гүүрэн гарцын барилга,,,,,,
96428,ТАЗ1206576000001,,Polygon,106.884119,47.914677,"Авто зам, замын байгууламжийн архитектур төлөвлөлтийн даалгавар",Газар доорх нүхэн гарцын барилга,,,,,,
96479,ТАЗ1306281600007,,Polygon,106.907305,47.90694,"Авто зам, замын байгууламжийн архитектур төлөвлөлтийн даалгавар",Авто замын барилга,,,,,,
96622,ТАЗ1408618567001,Авто зам,Polygon,106.848286,47.910864,"Авто зам, замын байгууламжийн архитектур төлөвлөлтийн даалгавар",Авто замын барилга,Авто зам,,,,,
96833,ТАЗ1392940800001,Авто зам,Polygon,106.885788,47.91019,"Авто зам, замын байгууламжийн архитектур төлөвлөлтийн даалгавар",Авто замын барилга,Авто зам,2014/02-11,,,,
96834,ТАЗ1392940800002,Авто зам,Polygon,106.883188,47.924275,"Авто зам, замын байгууламжийн архитектур төлөвлөлтийн даалгавар",Авто замын барилга,Авто зам,2014/02-19,,,,
96835,ТАЗ1392940800003,Авто зам,Polygon,106.879915,47.927404,"Авто зам, замын байгууламжийн архитектур төлөвлөлтийн даалгавар",Авто замын барилга,Авто зам,2014/02-16,,,,
96899,ТАЗ1411039117001,113 сургуулиас хойш,Polygon,106.864043,47.935541,"Авто зам, замын байгууламжийн архитектур төлөвлөлтийн даалгавар",Авто замын барилга,113 сургуулиас хойш,,,,,
96926,ТАЗ1413222058001,Дугуйн зам,Polygon,106.862579,47.917533,"Авто зам, замын байгууламжийн архитектур төлөвлөлтийн даалгавар",Авто замын барилга,Дугуйн зам,,,,,
97022,ТАЗ1510569358001,Хотын төвийн хэсэгт хийгдэх унадаг дугуйн замын тр,Polygon,106.875575,47.914193,"Авто зам, замын байгууламжийн архитектур төлөвлөлтийн даалгавар",Авто замын барилга,Хотын төвийн хэсэгт хийгдэх унадаг дугуйн замын тр,2017/16-15,,,,
97131,ТАЗ1429195553001,Борооны ус зайлуулах шугам,Polygon,106.868954,47.914087,"Авто зам, замын байгууламжийн архитектур төлөвлөлтийн даалгавар",Ажилчдын түр байрны барилга,Борооны ус зайлуулах шугам,,,,,
97163,ТАЗ1429195646001,Борооны ус зайлуулах шугам,Polygon,106.873967,47.912651,"Авто зам, замын байгууламжийн архитектур төлөвлөлтийн даалгавар",Ажилчдын түр байрны барилга,Борооны ус зайлуулах шугам,,,,,
97219,ТАЗ1429195994001,Борооны ус зайлуулах шугам,Polygon,106.888541,47.917867,"Авто зам, замын байгууламжийн архитектур төлөвлөлтийн даалгавар",Ажилчдын түр байрны барилга,Борооны ус зайлуулах шугам,,,,,
97236,ТАЗ1429195338001,Борооны ус зайлуулах шугам,Polygon,106.863369,47.916583,"Авто зам, замын байгууламжийн архитектур төлөвлөлтийн даалгавар",Ажилчдын түр байрны барилга,Борооны ус зайлуулах шугам,,,,,
97309,ТАЗ1439803225001,"Замын шинэчлэл, өргөтгөл",Polygon,106.884079,47.910809,"Авто зам, замын байгууламжийн архитектур төлөвлөлтийн даалгавар",Авто замын барилга,"Замын шинэчлэл, өргөтгөл",,,,,
97356,ТАЗ1485251371001,,Polygon,106.85756,47.916989,"Авто зам, замын байгууламжийн архитектур төлөвлөлтийн даалгавар",Онгоцны буудал,Хороолол доторх авто зам,,,,,
97361,ТАЗ1449218316001,Авто зам / 7-р хороолол В блок,Polygon,106.883058,47.932691,"Авто зам, замын байгууламжийн архитектур төлөвлөлтийн даалгавар",Авто замын барилга,Авто зам / 7-р хороолол В блок,,,,,
97362,ТАЗ1449218714001,Авто зам/7-р бичил хороолол А блок/,Polygon,106.869703,47.927525,"Авто зам, замын байгууламжийн архитектур төлөвлөлтийн даалгавар",Авто замын барилга,Авто зам/7-р бичил хороолол А блок/,,,,,
97408,ТАЗ1458294617001,2 түвшин дэхь уулзвар,Polygon,106.892241,47.916016,"Авто зам, замын байгууламжийн архитектур төлөвлөлтийн даалгавар",Авто замын барилга,2 түвшин дэхь уулзвар,,,,,
97409,ТАЗ1458642053001,"Авто зам, Гүүрэн гарц /Төмөр зам дээгүүр/",Polygon,106.86906,47.906656,"Авто зам, замын байгууламжийн архитектур төлөвлөлтийн даалгавар",Авто замын барилга,"Авто зам, Гүүрэн гарц /Төмөр зам дээгүүр/",,,,,
97411,ТАЗ1458734832001,Авто зам,Polygon,106.870371,47.937626,"Авто зам, замын байгууламжийн архитектур төлөвлөлтийн даалгавар",Тодорхойгүй,Авто зам,,,,,
97412,ТАЗ1458922843001,авто зам,Polygon,106.868559,47.904984,"Авто зам, замын байгууламжийн архитектур төлөвлөлтийн даалгавар",Авто замын барилга,авто зам,,,,,
97498,ТАЗ1461325463001,Авто зам /Голден парк хотхон/,Polygon,106.863294,47.913136,"Авто зам, замын байгууламжийн архитектур төлөвлөлтийн даалгавар",Авто замын барилга,Авто зам /Голден парк хотхон/,,,,,
97522,ТАЗ1462890655001,ГХДТ-н цэвэр усны шугам /1051м/,Polygon,106.869752,47.92606,"Авто зам, замын байгууламжийн архитектур төлөвлөлтийн даалгавар",Амины орон сууц /үйлчилгээгүй/,ГХДТ-н цэвэр усны шугам /1051м/,,,,,
97531,ТАЗ1463749697001,Авто зам,Polygon,106.882074,47.922896,"Авто зам, замын байгууламжийн архитектур төлөвлөлтийн даалгавар",Авто замын барилга,Авто зам,,,,,
97532,ТАЗ1463749924001,Авто зам,Polygon,106.870641,47.922567,"Авто зам, замын байгууламжийн архитектур төлөвлөлтийн даалгавар",Авто замын барилга,Авто зам,,,,,
97573,ТАЗ1471015025001,Хатуу хучилттай авто зам,Polygon,106.869165,47.928925,"Авто зам, замын байгууламжийн архитектур төлөвлөлтийн даалгавар",Авто замын барилга,Хатуу хучилттай авто зам,,,,,
97598,ТАЗ1477664471001,,Polygon,106.865958,47.912876,"Авто зам, замын байгууламжийн архитектур төлөвлөлтийн даалгавар",Онгоцны буудал,10-р хороолол дотоох зам,,,,,
97812,ТАЗ1510573557001,Хотын төвийн хэсэгт хийгдэх унадаг дугуйн замын тр,Polygon,106.844881,47.911832,"Авто зам, замын байгууламжийн архитектур төлөвлөлтийн даалгавар",,Хотын төвийн хэсэгт хийгдэх унадаг дугуйн замын тр,2017/16-15,,,,
97813,ТАЗ1510573828001,Хотын төвийн хэсэгт хийгдэх унадаг дугуйн замын тр,Polygon,106.873698,47.911672,"Авто зам, замын байгууламжийн архитектур төлөвлөлтийн даалгавар",,Хотын төвийн хэсэгт хийгдэх унадаг дугуйн замын тр,2017/16-15,,,,
97818,ТАЗ1510574249001,Хотын төвийн хэсэгт хийгдэх унадаг дугуйн замын тр,Polygon,106.802332,47.90847,"Авто зам, замын байгууламжийн архитектур төлөвлөлтийн даалгавар",,Хотын төвийн хэсэгт хийгдэх унадаг дугуйн замын тр,2017/16-15,,,,
97819,ТАЗ1510569333001,,Polygon,106.87513,47.92133,"Авто зам, замын байгууламжийн архитектур төлөвлөлтийн даалгавар",Авто замын барилга,,,,,,
97832,ТАЗ1510567313001,Хотын төвийн хэсэгт хийгдэх унадаг дугуйн замын тр,Polygon,106.881168,47.914288,"Авто зам, замын байгууламжийн архитектур төлөвлөлтийн даалгавар",,Хотын төвийн хэсэгт хийгдэх унадаг дугуйн замын тр,2017/16-15,,,,
97833,ТАЗ1510567658001,Хотын төвийн хэсэгт хийгдэх унадаг дугуйн замын тр,Polygon,106.881148,47.914661,"Авто зам, замын байгууламжийн архитектур төлөвлөлтийн даалгавар",,Хотын төвийн хэсэгт хийгдэх унадаг дугуйн замын тр,2017/16-15,,,,
97834,ТАЗ1510568195001,Хотын төвийн хэсэгт хийгдэх унадаг дугуйн замын тр,Polygon,106.893881,47.904979,"Авто зам, замын байгууламжийн архитектур төлөвлөлтийн даалгавар",,Хотын төвийн хэсэгт хийгдэх унадаг дугуйн замын тр,2017/16-15,,,,
97837,ТАЗ1511452144001,Төмөр замын нүхэн гарц,Polygon,106.912084,47.907594,"Авто зам, замын байгууламжийн архитектур төлөвлөлтийн даалгавар",,Төмөр замын нүхэн гарц,МЗХ2017/25-29,,,,
123612,ТАЗ1528884743001,Ард Аюушийн гудамжнаас Даливхутагт Жамсранжавын гу,Polygon,106.883422,47.920644,"Авто зам, замын байгууламжийн архитектур төлөвлөлтийн даалгавар",,Ард Аюушийн гудамжнаас Даливхутагт Жамсранжавын гу,ГБЗХ2014/2-6,,,,
123617,ТАЗ1529268888001,Хөгжлийн бэрхшээлтэй хүүхдийн хөгжлийн төврүү гара,Polygon,106.785525,47.883112,"Авто зам, замын байгууламжийн архитектур төлөвлөлтийн даалгавар",Авто замын барилга,Хөгжлийн бэрхшээлтэй хүүхдийн хөгжлийн төврүү гара,МЗХ2018/14-37,,,,
123631,ТАЗ1531096091001,,Polygon,106.819906,47.903585,"Авто зам, замын байгууламжийн архитектур төлөвлөлтийн даалгавар",Онгоцны буудал,ПК2-8 зв-д байрлах авто машины нүхэн гарц,МХЗ2018/16-24,,,,
123632,ТАЗ1531098981001,ПК4-14 зв-д байрлах авто машины нүхэн гарц,Polygon,106.875173,47.908259,"Авто зам, замын байгууламжийн архитектур төлөвлөлтийн даалгавар",Авто замын барилга,ПК4-14 зв-д байрлах авто машины нүхэн гарц,МЗХ2018/16-26,,,,
123633,ТАЗ1531103128001,"ПК2-5,6 зв-д байрлах авто машины нүхэн гарц",Polygon,106.912191,47.907572,"Авто зам, замын байгууламжийн архитектур төлөвлөлтийн даалгавар",Авто замын барилга,"ПК2-5,6 зв-д байрлах авто машины нүхэн гарц",МЗХ2018/16-25,,,,
123673,ТАЗ1536193958001,Хермес төвийн хойд талаас Голден парк хотхоны урду,Polygon,106.867712,47.912153,"Авто зам, замын байгууламжийн архитектур төлөвлөлтийн даалгавар",Авто замын барилга,Хермес төвийн хойд талаас Голден парк хотхоны урду,МЗХ2018/21-24,,,,
123674,ТАЗ1536195557001,Нарны гүүрний баруун талаас дунд гол хүртэл,Polygon,106.885001,47.905932,"Авто зам, замын байгууламжийн архитектур төлөвлөлтийн даалгавар",Авто замын барилга,Нарны гүүрний баруун талаас дунд гол хүртэл,МЗХ2018/21-25,,,,
123675,ТАЗ1536196407001,Нарны гүүрний баруун талаас Алтай хотхоны хойд тал,Polygon,106.888244,47.905076,"Авто зам, замын байгууламжийн архитектур төлөвлөлтийн даалгавар",,Нарны гүүрний баруун талаас Алтай хотхоны хойд тал,МЗХ2018/21-26,,,,
123676,ТАЗ1536197391001,Орон сууцны 31-р барилгаас Мод боловсруулах үйлвэр,Polygon,106.883461,47.905351,"Авто зам, замын байгууламжийн архитектур төлөвлөлтийн даалгавар",Авто замын барилга,Орон сууцны 31-р барилгаас Мод боловсруулах үйлвэр,МЗХ2018/21-27,,,,
123680,ТАЗ1536219275001,Дунд голын гүүрнээс Баруун үйлдвэрийн гудамжтай хо,Polygon,106.876378,47.904867,"Авто зам, замын байгууламжийн архитектур төлөвлөлтийн даалгавар",,Дунд голын гүүрнээс Баруун үйлдвэрийн гудамжтай хо,МЗХ2018/21-28,,,,
123710,ТАЗ1540934261001,Сонсголонгийн авто замаас “Хязгааргүй тэмүүлэл” ХХ,Polygon,106.786517,47.880402,"Авто зам, замын байгууламжийн архитектур төлөвлөлтийн даалгавар",Авто замын барилга,Сонсголонгийн авто замаас “Хязгааргүй тэмүүлэл” ХХ,МЗХ2018/25-10,,,,
123711,ТАЗ1458827455001,Авто зам,Polygon,106.819301,47.902663,"Авто зам, замын байгууламжийн архитектур төлөвлөлтийн даалгавар",Авто замын барилга,Авто зам,,,,,
123716,ТАЗ1542387518001,,Polygon,106.889045,47.925655,"Авто зам, замын байгууламжийн архитектур төлөвлөлтийн даалгавар",Авто замын барилга,,,,,,
123717,ТАЗ1542659133001,“Тариат трейд” ХХК-ийн урд талаас Зүүн Ард-Аюуш-7 ,Polygon,106.884546,47.932682,"Авто зам, замын байгууламжийн архитектур төлөвлөлтийн даалгавар",Авто замын барилга,“Тариат трейд” ХХК-ийн урд талаас Зүүн Ард-Аюуш-7,МЗХ2018/26-04,,,,
123720,ТАЗ1542707483001,Зүүн наран-15 дугаар гудамжны 60 тоот хашаанаас 14,Polygon,106.874556,47.93593,"Авто зам, замын байгууламжийн архитектур төлөвлөлтийн даалгавар",Авто замын барилга,Зүүн наран-15 дугаар гудамжны 60 тоот хашаанаас 14,МЗХ2018/26-06,,,,
123730,ТАЗ1548260920001,,Polygon,106.893799,47.948088,"Авто зам, замын байгууламжийн архитектур төлөвлөлтийн даалгавар",Авто замын барилга,"Булгийн 4,18 дугаар гудамжны авто зам",МЗХ2019/01-09,,,,
123737,ТАЗ1510573507001,Хотын төвийн хэсэгт хийгдэх унадаг дугуйн замын тр,Polygon,106.86302,47.913682,"Авто зам, замын байгууламжийн архитектур төлөвлөлтийн даалгавар",,Хотын төвийн хэсэгт хийгдэх унадаг дугуйн замын тр,,,,,
123738,ТАЗ1449218879001,Авто зам,Polygon,106.858475,47.920894,"Авто зам, замын байгууламжийн архитектур төлөвлөлтийн даалгавар",Авто замын барилга,Авто зам,,,,,
123741,ТАЗ1510569333002,,Polygon,106.855246,47.908021,"Авто зам, замын байгууламжийн архитектур төлөвлөлтийн даалгавар",Авто замын барилга,,,,,,
123745,ТАЗ1471015025002,Хатуу хучилттай авто зам,Polygon,106.883615,47.937628,"Авто зам, замын байгууламжийн архитектур төлөвлөлтийн даалгавар",Авто замын барилга,Хатуу хучилттай авто зам,,,,,
123748,ТАЗ1510573893001,Хотын төвийн хэсэгт хийгдэх унадаг дугуйн замын тр,Polygon,106.892436,47.910925,"Авто зам, замын байгууламжийн архитектур төлөвлөлтийн даалгавар",Авто замын барилга,Хотын төвийн хэсэгт хийгдэх унадаг дугуйн замын тр,2017/16-15,,,,
123749,ТАЗ1510573642001,Хотын төвийн хэсэгт хийгдэх унадаг дугуйн замын тр,Polygon,106.894423,47.909193,"Авто зам, замын байгууламжийн архитектур төлөвлөлтийн даалгавар",,Хотын төвийн хэсэгт хийгдэх унадаг дугуйн замын тр,2017/16-15,,,,
123750,ТАЗ1510568529001,Хотын төвийн хэсэгт хийгдэх унадаг дугуйн замын тр,Polygon,106.895127,47.908903,"Авто зам, замын байгууламжийн архитектур төлөвлөлтийн даалгавар",,Хотын төвийн хэсэгт хийгдэх унадаг дугуйн замын тр,2017/16-15,,,,
123751,ТАЗ1439802187001,"Нарны зам, Засгийн 24-р байрны зүүн урд талын замы",Polygon,106.899454,47.908601,"Авто зам, замын байгууламжийн архитектур төлөвлөлтийн даалгавар",Авто замын барилга,"Нарны зам, Засгийн 24-р байрны зүүн урд талын замы",2014/02-25,,,,
123752,ТАЗ1439801275001,"Нарны зам, урбанек худалдааны төвийн замын өргөтгө",Polygon,106.906992,47.908301,"Авто зам, замын байгууламжийн архитектур төлөвлөлтийн даалгавар",Авто замын барилга,"Нарны зам, урбанек худалдааны төвийн замын өргөтгө",2014/02-24,,,,
123755,ТАЗ1458212473001,Авто зам / МҮOНРТ-н орчим/,Polygon,106.891191,47.929359,"Авто зам, замын байгууламжийн архитектур төлөвлөлтийн даалгавар",Авто замын барилга,Авто зам / МҮOНРТ-н орчим/,,,,,
123766,ТАЗ1548257039001,"10, 22 дугаар хорооны дундах авто зам дахь гүүрийн",Polygon,106.871844,47.928953,"Авто зам, замын байгууламжийн архитектур төлөвлөлтийн даалгавар",Онгоцны буудал,"10, 22 дугаар хорооны дундах авто зам дахь гүүрийн",МЗХ2019/01-08,,,,
123799,ТАЗ1555974994001,Хорооллын доторх авто зам,Polygon,106.862202,47.920403,"Авто зам, замын байгууламжийн архитектур төлөвлөлтийн даалгавар",Авто замын барилга,Хорооллын доторх авто зам,МЗХ2019/06-82,,,,
123800,ТАЗ1555977289001,,Polygon,106.865284,47.915819,"Авто зам, замын байгууламжийн архитектур төлөвлөлтийн даалгавар",Онгоцны буудал,"БГД, 06-р хороо, Хороолол доторх авто замын засвар",МЗХ2019/06-81,,,,
123801,ТАЗ1555977371001,"БГД, 06-р хороо, Хороолол доторх авто замын засвар",Polygon,106.86953,47.915348,"Авто зам, замын байгууламжийн архитектур төлөвлөлтийн даалгавар",Авто замын барилга,"БГД, 06-р хороо, Хороолол доторх авто замын засвар",МЗХ2019/06-81,,,,
123802,ТАЗ1555977512001,"БГД, 05-р хороо, Хороолол доторх авто замын засвар",Polygon,106.866595,47.913147,"Авто зам, замын байгууламжийн архитектур төлөвлөлтийн даалгавар",Авто замын барилга,"БГД, 05-р хороо, Хороолол доторх авто замын засвар",МЗХ2019/06-80,,,,
123826,ТАЗ1556215138001,Гүүрэн гарц,Polygon,106.879533,47.903727,"Авто зам, замын байгууламжийн архитектур төлөвлөлтийн даалгавар",Авто замын барилга,Гүүрэн гарц,МЗХ2019/06-90,,,,
123962,ТАЗ1566471208001,32-ын автобусны буудлаас Хархорины автобусны бууда,Polygon,106.836071,47.911167,"Авто зам, замын байгууламжийн архитектур төлөвлөлтийн даалгавар",Онгоцны буудал,32-ын автобусны буудлаас Хархорины автобусны бууда,ГБМЗХ2019/05-061,,,,
123972,ТАЗ1568048426001,28-р сургуулийн баруун талаас 57-р цэцэрлэг хүртэл,Polygon,106.882937,47.928066,"Авто зам, замын байгууламжийн архитектур төлөвлөлтийн даалгавар",Авто замын барилга,28-р сургуулийн баруун талаас 57-р цэцэрлэг хүртэл,МЗХ2019/11-011,,,,
123973,ТАЗ1568048834001,,Polygon,106.881951,47.915312,"Авто зам, замын байгууламжийн архитектур төлөвлөлтийн даалгавар",Авто замын барилга,,МЗХ2019/11-012,,,,
123974,ТАЗ1568048948001,,Polygon,106.893246,47.911289,"Авто зам, замын байгууламжийн архитектур төлөвлөлтийн даалгавар",Авто замын барилга,,МЗХ2019/11-013,,,,
123975,ТАЗ1568049214001,,Polygon,106.831035,47.908619,"Авто зам, замын байгууламжийн архитектур төлөвлөлтийн даалгавар",Авто замын барилга,,МЗХ2019/11-016,,,,
123978,ТАЗ1568822178001,Авто зам,Polygon,106.785458,47.883151,"Авто зам, замын байгууламжийн архитектур төлөвлөлтийн даалгавар",Онгоцны буудал,Авто зам,МЗХ2017/18-22,,,,
123979,ТАЗ1568833426001,Гүйлтийн зам,Polygon,106.788201,47.883237,"Авто зам, замын байгууламжийн архитектур төлөвлөлтийн даалгавар",Авто замын барилга,Гүйлтийн зам,МЗХ2017/18-22,,,,
124002,ТАЗ1572860785001,Цагдан хорих 461 дүгээр ангиас Баянгол агро парк” ,Polygon,106.80111,47.886017,"Авто зам, замын байгууламжийн архитектур төлөвлөлтийн даалгавар",Авто замын барилга,Цагдан хорих 461 дүгээр ангиас Баянгол агро парк”,ГБМЗХ2019/15-007,,,,
124054,ТАЗ1581508426001,14/2 дугаар байрны баруун урд талаас Хасбаатарын 1,Polygon,106.863929,47.925584,"Авто зам, замын байгууламжийн архитектур төлөвлөлтийн даалгавар",Авто замын барилга,14/2 дугаар байрны баруун урд талаас Хасбаатарын 1,ГБМЗХ2020/04-038,,,,
124055,ТАЗ1581513333001,Ард Аюушийн өргөн чөлөөнөөс Горький 5-р гудамж даг,Polygon,106.862742,47.92383,"Авто зам, замын байгууламжийн архитектур төлөвлөлтийн даалгавар",Авто замын барилга,Ард Аюушийн өргөн чөлөөнөөс Горький 5-р гудамж даг,ГБМЗХ2020/04-034,,,,
124056,ТАЗ1581537860001,Номун эмнэлэгийн барилгын баруун урд булангаас 50-,Polygon,106.879564,47.919687,"Авто зам, замын байгууламжийн архитектур төлөвлөлтийн даалгавар",Авто замын барилга,Номун эмнэлэгийн барилгын баруун урд булангаас 50-,ГБМЗХ2020/04-036,,,,
124057,ТАЗ1581541185001,“Ачит Агат” ХХК-ны барилгын баруун хойд талаас Оюу,Polygon,106.888827,47.920426,"Авто зам, замын байгууламжийн архитектур төлөвлөлтийн даалгавар",Авто замын барилга,“Ачит Агат” ХХК-ны барилгын баруун хойд талаас Оюу,ГБМЗХ2020/04-037,,,,
124058,ТАЗ1581546277001,Наадамчдын замаас Тайнь 7-р гудамжны 181Б тоот хаш,Polygon,106.771079,47.859015,"Авто зам, замын байгууламжийн архитектур төлөвлөлтийн даалгавар",Авто замын барилга,Наадамчдын замаас Тайнь 7-р гудамжны 181Б тоот хаш,ГБМЗХ2020/04-032,,,,
124059,ТАЗ1581546538001,Наадамчдын замаас Тайнь 7-р гудамжны 181Б тоот хаш,Polygon,106.771079,47.859015,"Авто зам, замын байгууламжийн архитектур төлөвлөлтийн даалгавар",Авто замын барилга,Наадамчдын замаас Тайнь 7-р гудамжны 181Б тоот хаш,ГБМЗХ2020/04-032,,,,
124060,ТАЗ1581546665001,Наадамчдын замаас Тайнь 7-р гудамжны 181Б тоот хаш,Polygon,106.771079,47.859015,"Авто зам, замын байгууламжийн архитектур төлөвлөлтийн даалгавар",Онгоцны буудал,Наадамчдын замаас Тайнь 7-р гудамжны 181Б тоот хаш,ГБМЗХ2020/04-032,,,,
124063,ТАЗ1582194383001,47А байрны баруун хойд талаас 27-р байрны баруун т,Polygon,106.889553,47.920618,"Авто зам, замын байгууламжийн архитектур төлөвлөлтийн даалгавар",Авто замын барилга,47А байрны баруун хойд талаас 27-р байрны баруун т,ГБМЗХ2020/06-018,,,,
124064,ТАЗ1582196581001,Санзайн замаас хойш Санзайн гудамжны 2371 тоот хаш,Polygon,106.884928,48.152257,"Авто зам, замын байгууламжийн архитектур төлөвлөлтийн даалгавар",Онгоцны буудал,Санзайн замаас хойш Санзайн гудамжны 2371 тоот хаш,ГБМЗХ2020-06-001,,,,
124065,ТАЗ1582196793001,Санзайн замаас хойш Санзайн гудамжны 2371 тоот хаш,Polygon,106.884928,48.152257,"Авто зам, замын байгууламжийн архитектур төлөвлөлтийн даалгавар",Авто замын барилга,Санзайн замаас хойш Санзайн гудамжны 2371 тоот хаш,ГБМЗХ2020-06-001,,,,
124137,ТАЗ1588693483001,Хувьсгалчдын гудамжнаас Хувьсгалчдын Д-1 гудамж да,Polygon,106.886809,47.931193,"Авто зам, замын байгууламжийн архитектур төлөвлөлтийн даалгавар",Авто замын барилга,Хувьсгалчдын гудамжнаас Хувьсгалчдын Д-1 гудамж да,ГБМЗХ2020/18-006,,,,
124159,ТАЗ1591716091001,"БГД, 20-р хороо, ТЭЦ-4 гудамжны 116 тоот хашааны з",Polygon,106.797991,47.885944,"Авто зам, замын байгууламжийн архитектур төлөвлөлтийн даалгавар",Авто замын барилга,"БГД, 20-р хороо, ТЭЦ-4 гудамжны 116 тоот хашааны з",ГБМЗХ2020/26-001,,,,
124180,ТАЗ1595587468001,Дунд голын гүүр,Polygon,106.898252,47.902576,"Авто зам, замын байгууламжийн архитектур төлөвлөлтийн даалгавар",Авто замын барилга,Дунд голын гүүр,ГБМЗХ2020/30-006,,,,
124184,ТАЗ1596396440001,Авто зам,Polygon,106.802927,47.908771,"Авто зам, замын байгууламжийн архитектур төлөвлөлтийн даалгавар",Авто замын барилга,Авто зам,ГБМЗХ2020/31-003,,,,
124212,ТАЗ1599145616001,УДДТ,Polygon,106.878752,47.91531,"Авто зам, замын байгууламжийн архитектур төлөвлөлтийн даалгавар",,УДДТ,,,,,
124219,ТАЗ1612794553001,ШТС,Polygon,106.810051,47.903488,"Авто зам, замын байгууламжийн архитектур төлөвлөлтийн даалгавар",,ШТС,ГБМЗХ2020/31-002,,,,
124255,ТАЗ1612794061001,ШТС,Polygon,106.809931,47.903402,"Авто зам, замын байгууламжийн архитектур төлөвлөлтийн даалгавар",Авто замын барилга,ШТС,ГБМЗХ2020/31-002,,,,
124256,ТАЗ1612794238001,ШТС,Polygon,106.81,47.90356,"Авто зам, замын байгууламжийн архитектур төлөвлөлтийн даалгавар",Авто замын барилга,ШТС,ГБМЗХ2020/31-002,,,,
124257,ТАЗ1612794322001,ШТС,Polygon,106.809985,47.903366,"Авто зам, замын байгууламжийн архитектур төлөвлөлтийн даалгавар",Авто замын барилга,ШТС,ГБМЗХ2020/31-002,,,,
124259,ТАЗ1612794926001,ШТС,Polygon,106.810084,47.903496,"Авто зам, замын байгууламжийн архитектур төлөвлөлтийн даалгавар",,ШТС,ГБМЗХ2020/31-002,,,,
124269,ТАЗ1616755199001,Авто зам,Polygon,106.851763,47.911602,"Авто зам, замын байгууламжийн архитектур төлөвлөлтийн даалгавар",Авто замын барилга,Авто зам,МЗХ2021/05-093,,,,
124270,ТАЗ1616867640001,Авто зам,Polygon,106.872674,47.933184,"Авто зам, замын байгууламжийн архитектур төлөвлөлтийн даалгавар",Авто замын барилга,Авто зам,МЗХ2021/05-094,,,,
124306,ТАЗ1620041068001,"Наран дэлгүүр, 22-р хорооны замтай холбох авто зам",Polygon,106.868267,47.929499,"Авто зам, замын байгууламжийн архитектур төлөвлөлтийн даалгавар",Авто замын барилга,"Наран дэлгүүр, 22-р хорооны замтай холбох авто зам",МЗХ2021/05-090,,,,
124307,ТАЗ1620046031001,77-р сургуулийн хойд талын авто зам,Polygon,106.870733,47.919471,"Авто зам, замын байгууламжийн архитектур төлөвлөлтийн даалгавар",Авто замын барилга,77-р сургуулийн хойд талын авто зам,МЗХ2021/05-091,,,,
124313,ТАЗ1620580399001,Голден парк-1 хотхоны авто зам,Polygon,106.868261,47.9125,"Авто зам, замын байгууламжийн архитектур төлөвлөлтийн даалгавар",Авто замын барилга,Голден парк-1 хотхоны авто зам,МЗХ2021/05-092,,,,
124314,ТАЗ1620585506001,"ЗАА 9-р гудамж, 271 тоотоос 158 тоот хүртэл авто з",Polygon,106.877646,47.94099,"Авто зам, замын байгууламжийн архитектур төлөвлөлтийн даалгавар",Авто замын барилга,"ЗАА 9-р гудамж, 271 тоотоос 158 тоот хүртэл авто з",МЗХ2021/05-095,,,,
124315,ТАЗ1620590856001,"2, 3-р байрны дунд авто зам",Polygon,106.861453,47.914782,"Авто зам, замын байгууламжийн архитектур төлөвлөлтийн даалгавар",Авто замын барилга,"2, 3-р байрны дунд авто зам",МЗХ2021/05-096,,,,
124316,ТАЗ1620594540001,Жаргалан хотхоны дунд авто зам,Polygon,106.859201,47.912632,"Авто зам, замын байгууламжийн архитектур төлөвлөлтийн даалгавар",Авто замын барилга,Жаргалан хотхоны дунд авто зам,МЗХ2021/05-097,,,,
124317,ТАЗ1620597620001,198-р цэцэрлэгийн зүүн талаар авто зам,Polygon,106.88032,47.921374,"Авто зам, замын байгууламжийн архитектур төлөвлөлтийн даалгавар",Авто замын барилга,198-р цэцэрлэгийн зүүн талаар авто зам,МЗХ2021/05-098,,,,
124319,ТАЗ1620664307001,10-р байрны орчим авто зам,Polygon,106.873112,47.921279,"Авто зам, замын байгууламжийн архитектур төлөвлөлтийн даалгавар",Авто замын барилга,10-р байрны орчим авто зам,МЗХ2021/05-099,,,,
124364,ТАЗ1623664424001,"Орон сууц, үйлчилгээний цогцолбор",MultiPolygon,106.880416,47.9051,"Авто зам, замын байгууламжийн архитектур төлөвлөлтийн даалгавар",Авто замын барилга,"Орон сууц, үйлчилгээний цогцолбор",МЗХ2021/06-042,,,,
124368,ТАЗ1623682263001,Албан контор,Polygon,106.857456,47.912263,"Авто зам, замын байгууламжийн архитектур төлөвлөлтийн даалгавар",Авто замын барилга,Албан контор,МЗХ2021/06-037,,,,
124376,ТАЗ1624206960001,Авто зам,Polygon,106.828641,47.901649,"Авто зам, замын байгууламжийн архитектур төлөвлөлтийн даалгавар",Авто замын барилга,Авто зам,МЗХ2021/09-028,,,,
124381,ТАЗ1624877809001,Гандан нэгж хорооллын Орхоны 8-11 гудамж,Polygon,106.893856,47.920383,"Авто зам, замын байгууламжийн архитектур төлөвлөлтийн даалгавар",,Гандан нэгж хорооллын Орхоны 8-11 гудамж,,,,,
124484,ТАЗ1639988947001,авто зам,Polygon,106.785896,47.882886,"Авто зам, замын байгууламжийн архитектур төлөвлөлтийн даалгавар",Авто замын барилга,авто зам,МЗХ2021/25-032,,,,
124485,ТАЗ1639989625001,авто зам,Polygon,106.785896,47.882886,"Авто зам, замын байгууламжийн архитектур төлөвлөлтийн даалгавар",Авто замын барилга,авто зам,МЗХ2021/25-032,,,,
124486,ТАЗ1640000393001,Гурвалжингийн гүүрний баруун талаас 54-р байр хүрт,Polygon,106.85346,47.905844,"Авто зам, замын байгууламжийн архитектур төлөвлөлтийн даалгавар",Авто замын барилга,Гурвалжингийн гүүрний баруун талаас 54-р байр хүрт,МЗХ2021/25-033,,,,
124510,ТАЗ1645556000001,Барилга,Polygon,106.893238,47.904235,"Авто зам, замын байгууламжийн архитектур төлөвлөлтийн даалгавар",Авто замын барилга,Алтай хотхоны зүүн талын автобусны буудлын явган з,,,,,
124511,ТАЗ1645557181001,"Зам, замын байгууламж",Polygon,106.882746,47.922742,"Авто зам, замын байгууламжийн архитектур төлөвлөлтийн даалгавар",Авто замын барилга,"Зам, замын байгууламж",БХБХ2022/01-021,,,,
124512,ТАЗ1645563232001,Явган зорчигчийн гүүрэнэ гарц,Polygon,106.899685,47.908144,"Авто зам, замын байгууламжийн архитектур төлөвлөлтийн даалгавар",Авто замын барилга,Явган зорчигчийн гүүрэнэ гарц,БХБХ2022/01-010,,,,
124514,ТАЗ1645607013001,"Зам, замын байгууламж /Авто зогсоол/",Polygon,106.892964,47.913613,"Авто зам, замын байгууламжийн архитектур төлөвлөлтийн даалгавар",Онгоцны буудал,",",БХБХ2022/01-021,,,,
124519,ТАЗ1646045290001,,Polygon,106.765546,47.918137,"Авто зам, замын байгууламжийн архитектур төлөвлөлтийн даалгавар",,Дэд өртөө,БХБХ2022/01-032,,,,
124521,ТАЗ1646045796001,,Polygon,106.765546,47.918137,"Авто зам, замын байгууламжийн архитектур төлөвлөлтийн даалгавар",,Дэд өртөө,БХБХ2022/01-032,,,,
124522,ТАЗ1646045874001,,Polygon,106.765546,47.918137,"Авто зам, замын байгууламжийн архитектур төлөвлөлтийн даалгавар",,,БХБХ2022/01-032,,,,
124543,ТАЗ1645556208001,"Зам, замын байгууламж",Polygon,106.882648,47.923114,"Авто зам, замын байгууламжийн архитектур төлөвлөлтийн даалгавар",Авто замын барилга,"Зам, замын байгууламж",БХБХ2022/01-021,,,,
124544,ТАЗ1645557308001,Барилга,Polygon,106.893238,47.904235,"Авто зам, замын байгууламжийн архитектур төлөвлөлтийн даалгавар",Авто замын барилга,Барилга,,,,,
124548,ТАЗ1648022291001,Наадамчдын авто замаас Энхтайваны өргөн чөлөө хүрт,Polygon,106.83122,47.903915,"Авто зам, замын байгууламжийн архитектур төлөвлөлтийн даалгавар",Авто замын барилга,Наадамчдын авто замаас Энхтайваны өргөн чөлөө хүрт,БХБХ2022/01-022,,,,
124549,ТАЗ1648022656001,,Polygon,106.83088,47.911426,"Авто зам, замын байгууламжийн архитектур төлөвлөлтийн даалгавар",Авто замын барилга,Наадамчдын авто замаас Энхтайваны өргөн чөлөө хүрт,БХБХ2022/01-022,,,,
124550,ТАЗ1648023022001,,Polygon,106.83088,47.911426,"Авто зам, замын байгууламжийн архитектур төлөвлөлтийн даалгавар",Авто замын барилга,Наадамчдын авто замаас Энхтайваны өргөн чөлөө хүрт,БХБХ2022/01-022,,,,
124551,ТАЗ1648023133001,,Polygon,106.83088,47.911426,"Авто зам, замын байгууламжийн архитектур төлөвлөлтийн даалгавар",Авто замын барилга,Наадамчдын авто замаас Энхтайваны өргөн чөлөө,МЗХ2022/01-022,,,,
124571,ТАЗ1649878620001,"Авто зам, замын байгууламж",Polygon,106.862128,47.917716,"Авто зам, замын байгууламжийн архитектур төлөвлөлтийн даалгавар",Авто замын барилга,"Авто зам, замын байгууламж",МХЗ2022/09-,,,,
124572,ТАЗ1649884618001,"Авто зам, замын байгууламж",Polygon,106.885017,47.915979,"Авто зам, замын байгууламжийн архитектур төлөвлөлтийн даалгавар",Авто замын барилга,"Авто зам, замын байгууламж",МЗХ2022/09-000,,,,
124573,ТАЗ1649887037001,"Авто зам, замын байгууламж",Polygon,106.888858,47.913783,"Авто зам, замын байгууламжийн архитектур төлөвлөлтийн даалгавар",Авто замын барилга,"Авто зам, замын байгууламж",МЗХ2022/09-000,,,,
124574,ТАЗ1649902845001,"Авто зам, замын байгууламж",Polygon,106.861205,47.916247,"Авто зам, замын байгууламжийн архитектур төлөвлөлтийн даалгавар",Авто замын барилга,"Авто зам, замын байгууламж",МЗХ2022/09-057,,,,
124578,ТАЗ1649926943001,"Авто зам, замын байгууламж",Polygon,106.859645,47.9196,"Авто зам, замын байгууламжийн архитектур төлөвлөлтийн даалгавар",Авто замын барилга,"Авто зам, замын байгууламж",МЗХ2022/09-058,,,,
124579,ТАЗ1649931056001,"Авто зам, замын байгууламж",Polygon,106.870601,47.919416,"Авто зам, замын байгууламжийн архитектур төлөвлөлтийн даалгавар",Авто замын барилга,"Авто зам, замын байгууламж",МЗХ2022/09-059,,,,
124580,ТАЗ1649935253001,Замын байгууламж,Polygon,106.867316,47.920792,"Авто зам, замын байгууламжийн архитектур төлөвлөлтийн даалгавар",Авто замын барилга,Замын байгууламж,МЗХ2022/09-060,,,,
124583,ТАЗ1650355789001,"Авто зам, замын байгууламж",Polygon,106.868281,47.92345,"Авто зам, замын байгууламжийн архитектур төлөвлөлтийн даалгавар",Авто замын барилга,"Авто зам, замын байгууламж",МЗХ2022/09-061,,,,
124584,ТАЗ1650360228001,"Авто зам, замын байгууламж",Polygon,106.881322,47.916592,"Авто зам, замын байгууламжийн архитектур төлөвлөлтийн даалгавар",Авто замын барилга,"Авто зам, замын байгууламж",МЗХ2022/09-053,,,,
124586,ТАЗ1650386628001,,Polygon,106.842643,47.901827,"Авто зам, замын байгууламжийн архитектур төлөвлөлтийн даалгавар",Авто замын барилга,,,,,,
124587,ТАЗ1650386704001,,Polygon,106.843749,47.901755,"Авто зам, замын байгууламжийн архитектур төлөвлөлтийн даалгавар",Авто замын барилга,,,,,,
124588,ТАЗ1650386728001,,Polygon,106.844244,47.90188,"Авто зам, замын байгууламжийн архитектур төлөвлөлтийн даалгавар",Авто замын барилга,,,,,,
124590,ТАЗ1650387441001,,Polygon,106.8435,47.901682,"Авто зам, замын байгууламжийн архитектур төлөвлөлтийн даалгавар",Авто замын барилга,,,,,,
124630,ТАЗ1655386423001,Алтай хотхоны  баруун талаас мод үржүүлэг хүртэлх ,Polygon,106.883187,47.905119,"Авто зам, замын байгууламжийн архитектур төлөвлөлтийн даалгавар",Авто замын барилга,Алтай хотхоны  баруун талаас мод үржүүлэг хүртэлх,ЗД/БГД2021/029,,,,
124669,ТАЗ1659814621001,Барс авто зам,Polygon,106.844458,47.911087,"Авто зам, замын байгууламжийн архитектур төлөвлөлтийн даалгавар",Авто замын барилга,Барс авто зам,,,,,
189632,ТАЗ1556186825001,,Polygon,106.95448,47.934983,"Авто зам, замын байгууламжийн архитектур төлөвлөлтийн даалгавар",Онгоцны буудал,Авто зогсоол,МЗХ2019/06-84,,,,
190002,ТАЗ1561309469001,,Polygon,107.001932,47.933736,"Авто зам, замын байгууламжийн архитектур төлөвлөлтийн даалгавар",Онгоцны буудал,Шархадны эцсээс Цахлайн 15-р гудамж хүртэл,МЗХ2019/11-009,,,,
190004,ТАЗ1561310788001,49-р байрны урд талын авто замын засвар,Polygon,106.909841,47.92571,"Авто зам, замын байгууламжийн архитектур төлөвлөлтийн даалгавар",Онгоцны буудал,"49-р байрны өмнөх авто замын өргөтгөл, шинэчлэлт",МЗХ2019/11-008,,,,
190189,ТАЗ1553102287001,,Polygon,106.934464,47.915366,"Авто зам, замын байгууламжийн архитектур төлөвлөлтийн даалгавар",Онгоцны буудал,Орон сууцны 30 дугаар барилгын зүүн талаас Арвис б,МЗХ2019/05-10,,,,
190729,ТАЗ1556103766001,Самбалхүндэвийн замтай холбогдох авто зам,Polygon,106.891029,47.93562,"Авто зам, замын байгууламжийн архитектур төлөвлөлтийн даалгавар",Авто замын барилга,Самбалхүндэвийн замтай холбогдох авто зам,МЗХ2019/06-83,,,,
191120,ТАЗ1306281600008,,Polygon,106.963244,47.915702,"Авто зам, замын байгууламжийн архитектур төлөвлөлтийн даалгавар",Авто замын барилга,,,,,,
191835,ТАЗ1553100519001,,Polygon,106.93555,47.915755,"Авто зам, замын байгууламжийн архитектур төлөвлөлтийн даалгавар",Онгоцны буудал,Орон сууцны 48 дугаар барилгын зүүн талд,МЗХ2019/05-08,,,,
191837,ТАЗ1553114666001,,Polygon,106.941584,47.915337,"Авто зам, замын байгууламжийн архитектур төлөвлөлтийн даалгавар",Онгоцны буудал,129 дүгээр цэцэрлэгийн урд талд,МЗХ2019/05-15,,,,
192744,ТАЗ1561308807001,,Polygon,106.96022,47.910488,"Авто зам, замын байгууламжийн архитектур төлөвлөлтийн даалгавар",Онгоцны буудал,Цагаанхуаран хотхоны урд талын авто замыг Нарны за,МЗХ2019/11-019,,,,
192745,ТАЗ1561311536001,Булаг-19 гудамж дагуух авто зам,Polygon,106.892759,47.949735,"Авто зам, замын байгууламжийн архитектур төлөвлөлтийн даалгавар",Онгоцны буудал,"Булгийн 4, 18-р гудамж дагуу",МЗХ2019/11-014,,,,
193040,ТАЗ1206576000002,,Polygon,106.906404,47.916277,"Авто зам, замын байгууламжийн архитектур төлөвлөлтийн даалгавар",Авто замын барилга,,,,,,
193054,ТАЗ1264377600001,,Polygon,106.911581,47.918414,"Авто зам, замын байгууламжийн архитектур төлөвлөлтийн даалгавар",Газар доорх нүхэн гарцын барилга,,,,,,
193056,ТАЗ1302134400001,,Polygon,106.907239,47.918484,"Авто зам, замын байгууламжийн архитектур төлөвлөлтийн даалгавар",Албан конторын /төрийн байгууллага/,,,,,,
193077,ТАЗ1327968000001,Авто зам,Polygon,106.904491,47.920013,"Авто зам, замын байгууламжийн архитектур төлөвлөлтийн даалгавар",Авто замын барилга,Авто зам,,,,,
193079,ТАЗ1295222400002,,Polygon,106.904691,47.919416,"Авто зам, замын байгууламжийн архитектур төлөвлөлтийн даалгавар",Усжуулалт,,,,,,
193184,ТАЗ1306022400001,Гадна тойруугийн 2-р хэсэг,Polygon,106.898326,47.945668,"Авто зам, замын байгууламжийн архитектур төлөвлөлтийн даалгавар",Авто замын барилга,Гадна тойруугийн 2-р хэсэг,МЗХ2018/25/40,,,,
193190,ТАЗ1581638400001,"Хайлаастын гудамж, Чингэлтэйн өргөн чөлөөний уулзв",Polygon,106.913828,47.948828,"Авто зам, замын байгууламжийн архитектур төлөвлөлтийн даалгавар",Авто замын барилга,"Хайлаастын гудамж, Чингэлтэйн өргөн чөлөөний уулзв",ГБМЗХ2020/05-013,,,,
193195,ТАЗ1320883200002,Авто зам,Polygon,106.888007,47.956891,"Авто зам, замын байгууламжийн архитектур төлөвлөлтийн даалгавар",Авто замын барилга,Авто зам,,,,,
193212,ТАЗ1341446400001,Авто зам,Polygon,106.902237,47.970534,"Авто зам, замын байгууламжийн архитектур төлөвлөлтийн даалгавар",Авто замын барилга,Авто зам,,,,,
193491,ТАЗ1556116441001,,Polygon,106.9596,47.921652,"Авто зам, замын байгууламжийн архитектур төлөвлөлтийн даалгавар",Онгоцны буудал,Орон сууцны 204 дүгээр барилгын зүүн талын авто за,МЗХ2019/06-78,,,,
193590,ТАЗ1548254594001,"102 дугаар цэцэрлэг, 72 дугаар сургуулийн урд талы",Polygon,106.899339,47.959946,"Авто зам, замын байгууламжийн архитектур төлөвлөлтийн даалгавар",Онгоцны буудал,,,,,,
194028,ТАЗ1548271394001,Улиастайн гол дээр “Витсамо” үйлдвэрийн хойд талд ,Polygon,107.023733,47.920295,"Авто зам, замын байгууламжийн архитектур төлөвлөлтийн даалгавар",Авто замын барилга,Улиастайн гол дээр “Витсамо” үйлдвэрийн хойд талд,МЗХ2019/01-13,,,,
194138,ТАЗ1553115448001,,Polygon,106.941533,47.914777,"Авто зам, замын байгууламжийн архитектур төлөвлөлтийн даалгавар",Онгоцны буудал,Халдвартын эмнэлгийн хойд талаас Моносын авто замт,МЗХ2019/05-16,,,,
194140,ТАЗ1556142622001,,Polygon,107.127086,47.917527,"Авто зам, замын байгууламжийн архитектур төлөвлөлтийн даалгавар",Онгоцны буудал,Гачууртын замаас Хар усан тохойн ногооны талбайн з,МЗХ2019/06-75,,,,
194225,ТАЗ1429284429001,Авто машины гүүрэн гарц,Polygon,106.914582,47.941454,"Авто зам, замын байгууламжийн архитектур төлөвлөлтийн даалгавар",Авто замын барилга,Авто машины гүүрэн гарц,,,,,
194227,ТАЗ1429285872001,авто зам,Polygon,106.906014,47.918083,"Авто зам, замын байгууламжийн архитектур төлөвлөлтийн даалгавар",Авто замын барилга,авто зам,,,,,
194229,ТАЗ1429286861001,Авто зам,Polygon,106.909122,47.925296,"Авто зам, замын байгууламжийн архитектур төлөвлөлтийн даалгавар",Авто замын барилга,Авто зам,,,,,
194652,ТАЗ1454338517001,Холбооны шугам,Polygon,106.88836,47.934134,"Авто зам, замын байгууламжийн архитектур төлөвлөлтийн даалгавар",Барилга,Холбооны шугам,,,,,
194662,ТАЗ1553103423001,,Polygon,106.934408,47.917484,"Авто зам, замын байгууламжийн архитектур төлөвлөлтийн даалгавар",Онгоцны буудал,Бөхийн өргөөний урд талаас Баянзүрх захын дундуур,МЗХ2019/05-11,,,,
194664,ТАЗ1556229293001,Биокомбинатын авто замаас “Ихмонгол шувуу” ХХК-ийн,Polygon,106.67639,47.856036,"Авто зам, замын байгууламжийн архитектур төлөвлөлтийн даалгавар",Онгоцны буудал,Авто зам,МЗХ2019/06-100,,,,
194748,ТАЗ1458211179001,"Авто зам /Дэхжийн тянга ормын А  хэсэг , гүүр",Polygon,106.902454,47.938643,"Авто зам, замын байгууламжийн архитектур төлөвлөлтийн даалгавар",Авто замын барилга,"Авто зам /Дэхжийн тянга ормын А  хэсэг , гүүр",,,,,
194750,ТАЗ1458211814001,Авто зам / Дэнжийн мянга орчмын Г хэсэг,Polygon,106.907132,47.939433,"Авто зам, замын байгууламжийн архитектур төлөвлөлтийн даалгавар",Авто замын барилга,Авто зам / Дэнжийн мянга орчмын Г хэсэг,,,,,
194764,ТАЗ1458581973001,Авто зам,Polygon,106.909639,47.967939,"Авто зам, замын байгууламжийн архитектур төлөвлөлтийн даалгавар",Тодорхойгүй,Авто зам,,,,,
194902,ТАЗ1561310339001,,Polygon,106.881951,47.915312,"Авто зам, замын байгууламжийн архитектур төлөвлөлтийн даалгавар",Авто замын барилга,1-30-р байрны зүүн болон урд талд,МЗХ2019/11-012,,,,
194981,ТАЗ1472469868001,,Polygon,106.903504,47.928759,"Авто зам, замын байгууламжийн архитектур төлөвлөлтийн даалгавар",,,,,,,
194985,ТАЗ1472732796001,Өөр төвшин дэхь замын уулзвар,Polygon,106.905631,47.928104,"Авто зам, замын байгууламжийн архитектур төлөвлөлтийн даалгавар",Авто замын барилга,Өөр төвшин дэхь замын уулзвар,,,,,
195090,ТАЗ1553097340001,,Polygon,106.938295,47.918227,"Авто зам, замын байгууламжийн архитектур төлөвлөлтийн даалгавар",Онгоцны буудал,Орон сууцны 6 дугаар барилгаас Линь Хө рестораны з,МЗХ2019/05-05,,,,
195198,ТАЗ1548244431001,,Polygon,106.936238,47.933216,"Авто зам, замын байгууламжийн архитектур төлөвлөлтийн даалгавар",Авто замын барилга,Дарь-Эхийн авто замаас Баянзүрх дүүргийн 2 дугаар,МЗХ2019/01-06,,,,
195375,ТАЗ1502268571001,Санзайн гудамжнаас Тахилтын эх хүртэлх авто зам,Polygon,106.915962,47.984411,"Авто зам, замын байгууламжийн архитектур төлөвлөлтийн даалгавар",Авто замын барилга,Санзайн гудамжнаас Тахилтын эх хүртэлх авто зам,МЗХ2017/16-17,,,,
195377,ТАЗ1502268764001,224 дүгээр цэцэрлэг хүртэлх авто зам,Polygon,106.869542,47.952199,"Авто зам, замын байгууламжийн архитектур төлөвлөлтийн даалгавар",Авто замын барилга,224 дүгээр цэцэрлэг хүртэлх авто зам,МЗХ2017/16-18,,,,
195529,ТАЗ1510567549001,Хотын төвийн хэсэгт хийгдэх унадаг дугуйн замын тр,Polygon,106.905485,47.916157,"Авто зам, замын байгууламжийн архитектур төлөвлөлтийн даалгавар",,Хотын төвийн хэсэгт хийгдэх унадаг дугуйн замын тр,2017/16-15,,,,
195531,ТАЗ1510567882001,Хотын төвийн хэсэгт хийгдэх унадаг дугуйн замын тр,Polygon,106.912516,47.921446,"Авто зам, замын байгууламжийн архитектур төлөвлөлтийн даалгавар",,Хотын төвийн хэсэгт хийгдэх унадаг дугуйн замын тр,2017/16-15,,,,
195533,ТАЗ1510568249001,Хотын төвийн хэсэгт хийгдэх унадаг дугуйн замын тр,Polygon,106.908143,47.9283,"Авто зам, замын байгууламжийн архитектур төлөвлөлтийн даалгавар",,Хотын төвийн хэсэгт хийгдэх унадаг дугуйн замын тр,2017/16-15,,,,
195536,ТАЗ1510574874001,Хотын төвийн хэсэгт хийгдэх унадаг дугуйн замын тр,Polygon,106.910785,47.948511,"Авто зам, замын байгууламжийн архитектур төлөвлөлтийн даалгавар",,Хотын төвийн хэсэгт хийгдэх унадаг дугуйн замын тр,2017/16-15,,,,
195538,ТАЗ1510574939001,Хотын төвийн хэсэгт хийгдэх унадаг дугуйн замын тр,Polygon,106.914762,47.939876,"Авто зам, замын байгууламжийн архитектур төлөвлөлтийн даалгавар",,Хотын төвийн хэсэгт хийгдэх унадаг дугуйн замын тр,2017/16-15,,,,
195615,ТАЗ1553108720001,,Polygon,106.931955,47.916783,"Авто зам, замын байгууламжийн архитектур төлөвлөлтийн даалгавар",Онгоцны буудал,ШУТИС-ийн оюутны 2 дугаар барилын зүүн талаас орон,МЗХ2019/05-13,,,,
195624,ТАЗ1518616510001,Хайлаастын гудамжнаас Чингэлтэйн өргөн чөлөөтэй хо,Polygon,106.909569,47.95538,"Авто зам, замын байгууламжийн архитектур төлөвлөлтийн даалгавар",Авто замын барилга,Хайлаастын гудамжнаас Чингэлтэйн өргөн чөлөөтэй хо,МЗХ2018/03-24,,,,
195626,ТАЗ1518616820001,Дэнжийн1000 гудамжнаас Хайлаастын гудамжтай холбог,Polygon,106.897536,47.954002,"Авто зам, замын байгууламжийн архитектур төлөвлөлтийн даалгавар",Авто замын барилга,Дэнжийн1000 гудамжнаас Хайлаастын гудамжтай холбог,МЗХ2018/03-25,,,,
196314,ТАЗ1553098242001,,Polygon,106.937556,47.910947,"Авто зам, замын байгууламжийн архитектур төлөвлөлтийн даалгавар",Онгоцны буудал,Шинэ монгол дээд сургуулийн баруун талаас орон суу,МЗХ2019/05-06,,,,
197011,ТАЗ1553093878001,,Polygon,106.940552,47.93109,"Авто зам, замын байгууламжийн архитектур төлөвлөлтийн даалгавар",Онгоцны буудал,ФМ 104.5 байрнаас хойш гэр хорооллын дундуур,МЗХ2019/05-01,,,,
198193,ТАЗ1556102652001,,Polygon,106.891029,47.93562,"Авто зам, замын байгууламжийн архитектур төлөвлөлтийн даалгавар",,Тасганы овооны уулзвараас хойш гэр хорооллын дунду,,,,,
199377,ТАЗ1561309242001,,Polygon,106.980811,47.925024,"Авто зам, замын байгууламжийн архитектур төлөвлөлтийн даалгавар",Онгоцны буудал,Цайз захын баруун хойноос Газарчингийн гудамжтай х,МЗХ2019/11-010,,,,
199379,ТАЗ1561311399001,Булаг-19 гудамж дагуух авто зам,Polygon,106.894229,47.949088,"Авто зам, замын байгууламжийн архитектур төлөвлөлтийн даалгавар",Авто замын барилга,Булаг-19 гудамж дагуух авто зам,МЗХ2019/11-014,,,,
199523,ТАЗ1553099257001,,Polygon,106.939935,47.909087,"Авто зам, замын байгууламжийн архитектур төлөвлөлтийн даалгавар",Онгоцны буудал,"Орон сууцны 39 дүгээр барилгаас ороон сууцны 163,",МЗХ2019/05-07,,,,
200176,ТАЗ1556111804001,", Ривер гарден хотхоны хойд талын авто замаас Зайс",Polygon,106.915878,47.892558,"Авто зам, замын байгууламжийн архитектур төлөвлөлтийн даалгавар",Онгоцны буудал,Ривер гарден хотхоны хойд талын авто замаас Зайсан,,,,,
200178,ТАЗ1556134955001,,Polygon,106.948642,47.920496,"Авто зам, замын байгууламжийн архитектур төлөвлөлтийн даалгавар",Онгоцны буудал,Орос 14 дүгээр сургуулийн хойд талаас орон сууцны,МЗХ2019/06-77,,,,
200942,ТАЗ1553101593001,,Polygon,106.930676,47.91561,"Авто зам, замын байгууламжийн архитектур төлөвлөлтийн даалгавар",Онгоцны буудал,"Орон сууцны 27/5, 27 дугаар барилгын зүүн талд",МЗХ2019/05-09,,,,
201674,ТАЗ1553113498001,,Polygon,106.938572,47.908776,"Авто зам, замын байгууламжийн архитектур төлөвлөлтийн даалгавар",Онгоцны буудал,Орон сууцны 125 дугаар барилгын урд талаас Миний з,МЗХ2019/05-14,,,,
201804,ТАЗ1551827934001,,Polygon,106.811575,47.920029,"Авто зам, замын байгууламжийн архитектур төлөвлөлтийн даалгавар",,,,,,,
202150,ТАЗ1561310655001,,Polygon,106.938312,47.990093,"Авто зам, замын байгууламжийн архитектур төлөвлөлтийн даалгавар",Онгоцны буудал,159-р цэцэрлэгийн урд талаар 58-р бага сургууль хү,МЗХ2019/11-007,,,,
202743,ТАЗ1561310478001,,Polygon,106.893246,47.911289,"Авто зам, замын байгууламжийн архитектур төлөвлөлтийн даалгавар",Авто замын барилга,76-р байрны баруун болон хойд талд,МЗХ2019/11-013,,,,
203127,ТАЗ1556203880001,,Polygon,107.254938,47.773267,"Авто зам, замын байгууламжийн архитектур төлөвлөлтийн даалгавар",Онгоцны буудал,Авто замын шинэчлэлт,МЗХ2019/06-97,,,,
204564,ТАЗ1561311673001,,Polygon,106.826648,47.947952,"Авто зам, замын байгууламжийн архитектур төлөвлөлтийн даалгавар",Онгоцны буудал,"Баянхошууны 8, 12-р гудамжны дагуу",МЗХ2019/11-015,,,,
205152,ТАЗ1561312518001,,Polygon,106.831035,47.908619,"Авто зам, замын байгууламжийн архитектур төлөвлөлтийн даалгавар",Авто замын барилга,Бөөний худалдааны Барс-2 захаар “Улаанбаатар төмөр,МЗХ2019/11-016,,,,
205456,ТАЗ1556140670001,,Polygon,106.964121,47.922771,"Авто зам, замын байгууламжийн архитектур төлөвлөлтийн даалгавар",Онгоцны буудал,Б.Доржийн гудамжнаас 1000 оюутны байрны баруун тал,МЗХ2019/06-76,,,,
205810,ТАЗ1556185578001,,Polygon,106.939411,47.912543,"Авто зам, замын байгууламжийн архитектур төлөвлөлтийн даалгавар",Онгоцны буудал,Авто замын шинэчлэлт,МЗХ2019/06-87,,,,
206081,ТАЗ1558437349001,,Polygon,106.963357,47.887532,"Авто зам, замын байгууламжийн архитектур төлөвлөлтийн даалгавар",Онгоцны буудал,Туул голын урд талаарх унадаг дугуйн зам,МЗХ2019/08-58,,,,
206848,ТАЗ1525967595001,Төв замаас 57 дугаар сургуулийн зүүн талаар 11 дүг,Polygon,106.90841,47.94416,"Авто зам, замын байгууламжийн архитектур төлөвлөлтийн даалгавар",Авто замын барилга,Төв замаас 57 дугаар сургуулийн зүүн талаар 11 дүг,МЗХ2017/12-26,,,,
206850,ТАЗ1525967739001,39 дүгээр сургуулиас Дашномт дэлгүүр хүртэлх болон,Polygon,106.90589,47.936833,"Авто зам, замын байгууламжийн архитектур төлөвлөлтийн даалгавар",Авто замын барилга,39 дүгээр сургуулиас Дашномт дэлгүүр хүртэлх болон,МЗХ2017/12-25,,,,
207363,ТАЗ1556184928001,,Polygon,106.932615,47.919054,"Авто зам, замын байгууламжийн архитектур төлөвлөлтийн даалгавар",Онгоцны буудал,Авто замын шинэчлэлт,МЗХ2019/06-88,,,,
207679,ТАЗ1561310026001,28-р сургуулийн баруун талаас 57-р цэцэрлэг хүртэл,Polygon,106.882937,47.928066,"Авто зам, замын байгууламжийн архитектур төлөвлөлтийн даалгавар",Онгоцны буудал,"28-р сургуулийн баруун талаас хойш, 57-р цэцэрлэги",МЗХ2019/11-011,,,,
207966,ТАЗ1553104357001,,Polygon,106.935356,47.910624,"Авто зам, замын байгууламжийн архитектур төлөвлөлтийн даалгавар",Онгоцны буудал,Эко маркетаас Хоум ленд хотхон хүртэл,МЗХ2019/05-12,,,,
208735,ТАЗ1458210608001,Авто зам /Дарь Эх орчмын дахин төлөвлөлт /,Polygon,106.933567,47.930817,"Авто зам, замын байгууламжийн архитектур төлөвлөлтийн даалгавар",Авто замын барилга,Авто зам /Дарь Эх орчмын дахин төлөвлөлт /,,,,,
208737,ТАЗ1458564501001,Авто зам,Polygon,106.971926,47.919439,"Авто зам, замын байгууламжийн архитектур төлөвлөлтийн даалгавар",Авто замын барилга,Авто зам,2014/02-64,,,,
210163,ТАЗ1573509226001,Хуучин Баянзүрхийн товчоонд Налайх-Чойрын уулзвар ,Polygon,107.070773,47.88796,"Авто зам, замын байгууламжийн архитектур төлөвлөлтийн даалгавар",Авто замын барилга,Хуучин Баянзүрхийн товчоонд Налайх-Чойрын уулзвар,ГБМЗХ2019/16-011,,,,
210289,ТАЗ1583073512001,Алтан тэвш гудамжны 43101 тоот хашааны зүүн талд а,Polygon,106.972024,47.910697,"Авто зам, замын байгууламжийн архитектур төлөвлөлтийн даалгавар",Авто замын барилга,Алтан тэвш гудамжны 43101 тоот хашааны зүүн талд а,ГБМЗХ2020/08-007,,,,
210452,ТАЗ1570724302001,49-р байрны урд талын авто замын засвар,Polygon,106.909841,47.92571,"Авто зам, замын байгууламжийн архитектур төлөвлөлтийн даалгавар",,49-р байрны өмнөх авто замын засвар,МЗХ2019/11-008,,,,
211266,ТАЗ1574024740001,Авто замын засвар шинэчлэлт,Polygon,106.937733,47.914396,"Авто зам, замын байгууламжийн архитектур төлөвлөлтийн даалгавар",Авто замын барилга,Авто замын засвар шинэчлэлт,ГБМЗХ2019/18-006,,,,
211440,ТАЗ1441015693001,Дарь-Эх цогцолборын авто зам,Polygon,106.938449,47.940411,"Авто зам, замын байгууламжийн архитектур төлөвлөлтийн даалгавар",Авто замын барилга,Дарь-Эх цогцолборын авто зам,,,,,
211883,ТАЗ1447256586001,УДДТ,Polygon,106.993946,47.921544,"Авто зам, замын байгууламжийн архитектур төлөвлөлтийн даалгавар",Орон сууц /үйлчилгээгүй/,УДДТ,,,,,
212785,ТАЗ1458577871001,Авто зам,Polygon,107.016091,47.920585,"Авто зам, замын байгууламжийн архитектур төлөвлөлтийн даалгавар",Авто замын барилга,Авто зам,,,,,
214367,ТАЗ1573514735001,Ургах наран хорооллын урд талд Налайх-Чойрын уулзв,Polygon,107.109685,47.871262,"Авто зам, замын байгууламжийн архитектур төлөвлөлтийн даалгавар",Авто замын барилга,Ургах наран хорооллын урд талд Налайх-Чойрын уулзв,ГБМЗХ2019/16-014,,,,
216919,ТАЗ1458210186001,Авто зам /Мамба дацан В блок/,Polygon,106.942636,47.928685,"Авто зам, замын байгууламжийн архитектур төлөвлөлтийн даалгавар",Авто замын барилга,Авто зам /Мамба дацан В блок/,,,,,
217188,ТАЗ1573516260001,Чулуут гүүр-1 дүгээр гудамжны хойд талд Налайх-Чой,Polygon,107.120574,47.863634,"Авто зам, замын байгууламжийн архитектур төлөвлөлтийн даалгавар",Авто замын барилга,Чулуут гүүр-1 дүгээр гудамжны хойд талд Налайх-Чой,ГБМЗХ2019/16-015,,,,
217536,ТАЗ1458564867001,Авто замын 2 түвшин дэхь уулзвар,Polygon,106.944128,47.918548,"Авто зам, замын байгууламжийн архитектур төлөвлөлтийн даалгавар",Авто замын барилга,Авто замын 2 түвшин дэхь уулзвар,2014/02-62,,,,
217780,ТАЗ1581935187001,Туул 11-р гудамжны 4а тоот хашааны зүүн хойно явга,Polygon,107.095696,47.877681,"Авто зам, замын байгууламжийн архитектур төлөвлөлтийн даалгавар",Авто замын барилга,Туул 11-р гудамжны 4а тоот хашааны зүүн хойно явга,ГБМЗХ2020/05-015,,,,
218979,ТАЗ1583772734001,Шархад 42-р гудамжны 654-3 тоот хашаанаас Шархад 4,Polygon,107.008912,47.934815,"Авто зам, замын байгууламжийн архитектур төлөвлөлтийн даалгавар",Авто замын барилга,Шархад 42-р гудамжны 654-3 тоот хашаанаас Шархад 4,ГБМЗХ2020/09-022,,,,
219290,ТАЗ1570724427001,49-р байрны урд талын авто замын засвар,Polygon,106.909841,47.92571,"Авто зам, замын байгууламжийн архитектур төлөвлөлтийн даалгавар",,49-р байрны урд талын авто замын засвар,МЗХ2019/11-008,,,,
219874,ТАЗ1458564013001,Авто зам,Polygon,106.961086,47.912189,"Авто зам, замын байгууламжийн архитектур төлөвлөлтийн даалгавар",Авто замын барилга,Авто зам,2014/02-68,,,,
220285,ТАЗ1306281600009,Авто зам,Polygon,106.961876,47.899748,"Авто зам, замын байгууламжийн архитектур төлөвлөлтийн даалгавар",Авто замын барилга,Авто зам,,,,,
220887,ТАЗ1574020866001,Явган хүний гүүрэн гарц,Polygon,106.93793,47.891638,"Авто зам, замын байгууламжийн архитектур төлөвлөлтийн даалгавар",Авто замын барилга,Явган хүний гүүрэн гарц,ГБМЗХ2019/18-005,,,,
221065,ТАЗ1458576227001,Авто зам /Гадна тойруу 5.1/,Polygon,106.967371,47.912108,"Авто зам, замын байгууламжийн архитектур төлөвлөлтийн даалгавар",Авто замын барилга,Авто зам /Гадна тойруу 5.1/,2014/02-75,,,,
221653,ТАЗ1458732663001,"Авто зам, газар доогуурх гарц /төмөр зам доогуур/",Polygon,106.963799,47.906731,"Авто зам, замын байгууламжийн архитектур төлөвлөлтийн даалгавар",Тодорхойгүй,"Авто зам, газар доогуурх гарц /төмөр зам доогуур/",,,,,
222188,ТАЗ1458564205001,Авто зам,Polygon,106.969381,47.920128,"Авто зам, замын байгууламжийн архитектур төлөвлөлтийн даалгавар",Авто замын барилга,Авто зам,2014/02-69,,,,
222780,ТАЗ1458577382001,Авто зам /ГХДТ/,Polygon,106.952241,47.913969,"Авто зам, замын байгууламжийн архитектур төлөвлөлтийн даалгавар",Авто замын барилга,Авто зам /ГХДТ/,,,,,
223178,ТАЗ1573513708001,Ногоон зоорины урд талд Налайх-Чойрын уулзвар хүрт,Polygon,107.09543,47.881096,"Авто зам, замын байгууламжийн архитектур төлөвлөлтийн даалгавар",Авто замын барилга,Ногоон зоорины урд талд Налайх-Чойрын уулзвар хүрт,ГБМЗХ2019/16-013,,,,
223370,ТАЗ1458564659001,Авто зам,Polygon,106.967312,47.919895,"Авто зам, замын байгууламжийн архитектур төлөвлөлтийн даалгавар",Авто замын барилга,Авто зам,2014/02-64,,,,
224441,ТАЗ1494857739001,Явган хүний гүүрэн гарц,Polygon,106.938217,47.928239,"Авто зам, замын байгууламжийн архитектур төлөвлөлтийн даалгавар",Гүүрэн гарцын барилга,Явган хүний гүүрэн гарц,МЗХ2017/08-33,,,,
224875,ТАЗ1576584296001,Авто зам,Polygon,106.940823,47.928298,"Авто зам, замын байгууламжийн архитектур төлөвлөлтийн даалгавар",Авто замын барилга,Авто зам,ГБМЗХ2019/23-005,,,,
225186,ТАЗ1458576413001,"Авто зам, Гүүр /ГХДТ/",Polygon,106.95872,47.911057,"Авто зам, замын байгууламжийн архитектур төлөвлөлтийн даалгавар",Авто замын барилга,"Авто зам, Гүүр /ГХДТ/",,,,,
225424,ТАЗ1573512657001,Магнай трейд ШТС-ын зүүн талд Налайх-Чойрын уулзва,Polygon,107.08718,47.88446,"Авто зам, замын байгууламжийн архитектур төлөвлөлтийн даалгавар",Авто замын барилга,Магнай трейд ШТС-ын зүүн талд Налайх-Чойрын уулзва,ГБМЗХ2019/16-011,,,,
227186,ТАЗ1320883200003,,Polygon,106.969354,47.932854,"Авто зам, замын байгууламжийн архитектур төлөвлөлтийн даалгавар",Авто замын барилга,,,,,,
227541,ТАЗ1461176510001,Гачууртын эцсээс зүүн тийш,Polygon,107.178552,47.916364,"Авто зам, замын байгууламжийн архитектур төлөвлөлтийн даалгавар",Авто замын барилга,Гачууртын эцсээс зүүн тийш,,,,,
227670,ТАЗ1588676861001,"Хавдар судлалын үндэсний төвийн орц, гарц",Polygon,106.940549,47.914762,"Авто зам, замын байгууламжийн архитектур төлөвлөлтийн даалгавар",Авто замын барилга,"Хавдар судлалын үндэсний төвийн орц, гарц",ГБМЗХ2020/18-002,,,,
227829,ТАЗ1291766400001,,Polygon,107.016146,47.930204,"Авто зам, замын байгууламжийн архитектур төлөвлөлтийн даалгавар",Авто замын барилга,,,,,,
227960,ТАЗ1591724830001,Хөрсний ус зайлуулах,Polygon,106.931211,47.941621,"Авто зам, замын байгууламжийн архитектур төлөвлөлтийн даалгавар",,Хөрсний ус зайлуулах,,,,,
228714,ТАЗ1565830135001,Улаанхуйрангийн гудамжнаас 44 дүгээр сургуулийн зү,Polygon,106.982038,47.919322,"Авто зам, замын байгууламжийн архитектур төлөвлөлтийн даалгавар",Авто замын барилга,Улаанхуйрангийн гудамжнаас 44 дүгээр сургуулийн зү,ГБМЗХ2019/04-017,,,,
229032,ТАЗ1510565534001,Хотын төвийн хэсэгт хийгдэх унадаг дугуйн замын тр,Polygon,106.951053,47.91721,"Авто зам, замын байгууламжийн архитектур төлөвлөлтийн даалгавар",,Хотын төвийн хэсэгт хийгдэх унадаг дугуйн замын тр,2017/16-15,,,,
229369,ТАЗ1311120000001,,Polygon,106.935774,47.909773,"Авто зам, замын байгууламжийн архитектур төлөвлөлтийн даалгавар",Усжуулалт,,,,,,
230069,ТАЗ1524652415001,Цайз захын хойд гудамжнаас Газарчин дээд сургууль ,Polygon,106.983358,47.92651,"Авто зам, замын байгууламжийн архитектур төлөвлөлтийн даалгавар",,Цайз захын хойд гудамжнаас Газарчин дээд сургууль,,,,,
230084,ТАЗ1585055349001,Цэргийн хотхон 2-р гудамжны 266 тоот хашаанаас Од ,Polygon,106.953012,47.92863,"Авто зам, замын байгууламжийн архитектур төлөвлөлтийн даалгавар",Авто замын барилга,Цэргийн хотхон 2-р гудамжны 266 тоот хашаанаас Од,ГБМЗХ2020/11-022,,,,
230778,ТАЗ1588676907001,"Хавдар судлалын үндэсний төвийн орц, гарц",Polygon,106.942435,47.912896,"Авто зам, замын байгууламжийн архитектур төлөвлөлтийн даалгавар",Авто замын барилга,"Хавдар судлалын үндэсний төвийн орц, гарц",ГБМЗХ2020/18-002,,,,
231442,ТАЗ1447256151001,Уурын зуухны барилга,Polygon,106.991077,47.918142,"Авто зам, замын байгууламжийн архитектур төлөвлөлтийн даалгавар",Орон сууц /үйлчилгээгүй/,Уурын зуухны барилга,,,,,
231589,ТАЗ1576582376001,Авто зам,Polygon,106.942871,47.948976,"Авто зам, замын байгууламжийн архитектур төлөвлөлтийн даалгавар",Авто замын барилга,Авто зам,ГБМЗХ2019/23-004,,,,
231591,ТАЗ1576586923001,Авто зам,Polygon,106.934241,47.934904,"Авто зам, замын байгууламжийн архитектур төлөвлөлтийн даалгавар",Авто замын барилга,Авто зам,ГБМЗХ2019/23-006,,,,
232164,ТАЗ1331078400001,Амгалангийн эцсээс Стимо ХХК хүртэл,Polygon,107.013069,47.908585,"Авто зам, замын байгууламжийн архитектур төлөвлөлтийн даалгавар",Авто замын барилга,Амгалангийн эцсээс Стимо ХХК хүртэл,,,,,
232166,ТАЗ1306281600010,Авто замын,Polygon,107.006642,47.92456,"Авто зам, замын байгууламжийн архитектур төлөвлөлтийн даалгавар",Авто замын барилга,Авто замын,,,,,
233165,ТАЗ1583777816001,Цахлай 15-р гудамжны 01 тоот хашаанаас Цахлай 11-р,Polygon,106.995068,47.935132,"Авто зам, замын байгууламжийн архитектур төлөвлөлтийн даалгавар",Авто замын барилга,Цахлай 15-р гудамжны 01 тоот хашаанаас Цахлай 11-р,ГБМЗХ2020/09-024,,,,
234457,ТАЗ1583833755001,Өлгийн 20-р гудамжны 266б тоот хашаанаас Өлгийн 20,Polygon,106.968084,47.919755,"Авто зам, замын байгууламжийн архитектур төлөвлөлтийн даалгавар",Авто замын барилга,Өлгийн 20-р гудамжны 266б тоот хашаанаас Өлгийн 20,ГБМЗХ2020/09-023,,,,
234626,ТАЗ1588762688001,"ПК8-32 3В-д байрлах авто машины нүхэн гарц, авто з",Polygon,107.002228,47.901591,"Авто зам, замын байгууламжийн архитектур төлөвлөлтийн даалгавар",Авто замын барилга,"ПК8-32 3В-д байрлах авто машины нүхэн гарц, авто з",ГБМЗХ2020/18-003,,,,
235897,ТАЗ1510573642002,Хотын төвийн хэсэгт хийгдэх унадаг дугуйн замын тр,Polygon,106.954653,47.909847,"Авто зам, замын байгууламжийн архитектур төлөвлөлтийн даалгавар",,Хотын төвийн хэсэгт хийгдэх унадаг дугуйн замын тр,2017/16-15,,,,
236189,ТАЗ1193097600001,,Polygon,106.931752,47.926565,"Авто зам, замын байгууламжийн архитектур төлөвлөлтийн даалгавар",Гүүрэн гарцын барилга,,,,,,
237192,ТАЗ1320883200004,Авто зам 100 м гүүр,Polygon,107.01022,47.917539,"Авто зам, замын байгууламжийн архитектур төлөвлөлтийн даалгавар",Авто замын барилга,Авто зам 100 м гүүр,2014/02-72,,,,
237369,ТАЗ1564153960001,"Булаг-4, 18",Polygon,106.894942,47.946623,"Авто зам, замын байгууламжийн архитектур төлөвлөлтийн даалгавар",Авто замын барилга,"Булаг-4, 18",,,,,
237512,ТАЗ1585056277001,Цэргийн хотхон гудамжны 329 тоот хашаанаас Сансар ,Polygon,106.954387,47.929668,"Авто зам, замын байгууламжийн архитектур төлөвлөлтийн даалгавар",Авто замын барилга,Цэргийн хотхон гудамжны 329 тоот хашаанаас Сансар,ГБМЗХ2020/11-023,,,,
239971,ТАЗ1588676889001,"Хавдар судлалын үндэсний төвийн орц, гарц",Polygon,106.9435,47.913782,"Авто зам, замын байгууламжийн архитектур төлөвлөлтийн даалгавар",Авто замын барилга,"Хавдар судлалын үндэсний төвийн орц, гарц",ГБМЗХ2020/18-002,,,,
240150,ТАЗ1320883200005,Авто зам,Polygon,106.995742,47.935274,"Авто зам, замын байгууламжийн архитектур төлөвлөлтийн даалгавар",Авто замын барилга,Авто зам,,,,,
240364,ТАЗ1582914865001,Цагдаагийн ерөнхий газрын хангамжийн зүүн урд тала,Polygon,107.016202,47.914777,"Авто зам, замын байгууламжийн архитектур төлөвлөлтийн даалгавар",Авто замын барилга,Цагдаагийн ерөнхий газрын хангамжийн зүүн урд тала,ГБМЗХ2020/07-051,,,,
240366,ТАЗ1583075529001,Самбалхүндэвийн замаас Хувьсгалчдын 10-р гудамжны ,Polygon,106.874252,47.94619,"Авто зам, замын байгууламжийн архитектур төлөвлөлтийн даалгавар",Авто замын барилга,Самбалхүндэвийн замаас Хувьсгалчдын 10-р гудамжны,ГБМЗХ2020/08-008,,,,
241360,ТАЗ1526548720001,Автозам,MultiPolygon,106.937962,47.903793,"Авто зам, замын байгууламжийн архитектур төлөвлөлтийн даалгавар",Авто замын барилга,Автозам,МЗХ2017/11-14,,,,
241807,ТАЗ1587651597001,Хуваарилах байгууламж РП,Polygon,106.957765,47.912632,"Авто зам, замын байгууламжийн архитектур төлөвлөлтийн даалгавар",,Хуваарилах байгууламж РП,,,,,
241813,ТАЗ1510568317001,Хотын төвийн хэсэгт хийгдэх унадаг дугуйн замын тр,Polygon,106.942803,47.915367,"Авто зам, замын байгууламжийн архитектур төлөвлөлтийн даалгавар",,Хотын төвийн хэсэгт хийгдэх унадаг дугуйн замын тр,2017/16-15,,,,
241944,ТАЗ1320883200006,,Polygon,106.982208,47.929145,"Авто зам, замын байгууламжийн архитектур төлөвлөлтийн даалгавар",Авто замын барилга,,,,,,
242161,ТАЗ1295222400003,,Polygon,106.937603,47.915296,"Авто зам, замын байгууламжийн архитектур төлөвлөлтийн даалгавар",Усжуулалт,,,,,,
242954,ТАЗ1459344563001,Авто зам,Polygon,107.163324,47.946497,"Авто зам, замын байгууламжийн архитектур төлөвлөлтийн даалгавар",Авто замын барилга,Авто зам,,,,,
243421,ТАЗ1565831671001,"Их тойруугийн туслах замаас орон сууцны 25, 26 дуг",Polygon,106.938939,47.927299,"Авто зам, замын байгууламжийн архитектур төлөвлөлтийн даалгавар",Авто замын барилга,"Их тойруугийн туслах замаас орон сууцны 25, 26 дуг",ГБМЗХ2019/04-019,,,,
243430,ТАЗ1462446075001,"Монелийн эцсээс цайз, цагаан даваа чиглэлийн",Polygon,106.95952,47.929928,"Авто зам, замын байгууламжийн архитектур төлөвлөлтийн даалгавар",Авто замын барилга,"Монелийн эцсээс цайз, цагаан даваа чиглэлийн",,,,,
244038,ТАЗ1581696153001,“Минж” нутагшуулах төвийн баруун урд явган хүний г,Polygon,107.218302,47.898744,"Авто зам, замын байгууламжийн архитектур төлөвлөлтийн даалгавар",Авто замын барилга,“Минж” нутагшуулах төвийн баруун урд явган хүний г,ГБМЗХ2020/05-014,,,,
244438,ТАЗ1327968000002,,Polygon,107.023346,47.935939,"Авто зам, замын байгууламжийн архитектур төлөвлөлтийн даалгавар",Авто замын барилга,,,,,,
245916,ТАЗ1616589757001,"Авто зам, замын байгууламж",Polygon,107.074822,47.919751,"Авто зам, замын байгууламжийн архитектур төлөвлөлтийн даалгавар",Авто замын барилга,"Авто зам, замын байгууламж",МЗХ2021/04-025,,,,
246312,ТАЗ1623665141001,Авто зам,Polygon,106.976529,47.934117,"Авто зам, замын байгууламжийн архитектур төлөвлөлтийн даалгавар",Авто замын барилга,Авто зам,МЗХ2021/09-066,,,,
246314,ТАЗ1404745875001,Үерийн далан,Polygon,107.003705,47.910501,"Авто зам, замын байгууламжийн архитектур төлөвлөлтийн даалгавар",Албан конторын /төрийн байгууллага/,Үерийн далан,2014-4,,,,
246992,ТАЗ1630399972001,"Конторын барилгын өргөтгөл, хилийн цэргийн архивын",Polygon,106.951294,47.923308,"Авто зам, замын байгууламжийн архитектур төлөвлөлтийн даалгавар",Авто замын барилга,"Конторын барилгын өргөтгөл, хилийн цэргийн архивын",МЗХ2021/09-064,,,,
247178,ТАЗ1618770258001,"Авто зам, замын байгууламж",Polygon,107.03115,47.918397,"Авто зам, замын байгууламжийн архитектур төлөвлөлтийн даалгавар",Авто замын барилга,"Авто зам, замын байгууламж",МЗХ2021/05-072,,,,
247860,ТАЗ1525966998001,Зүүн алтан өлгийн цайз захаас хойш өгсөх 1.2 км ав,Polygon,106.975959,47.927554,"Авто зам, замын байгууламжийн архитектур төлөвлөлтийн даалгавар",Авто замын барилга,Зүүн алтан өлгийн цайз захаас хойш өгсөх 1.2 км ав,МЗХ2017/12-21,,,,
247870,ТАЗ1392940800004,Авто зам,Polygon,106.963286,47.921723,"Авто зам, замын байгууламжийн архитектур төлөвлөлтийн даалгавар",Авто замын барилга,Авто зам,2014/02-70,,,,
248459,ТАЗ1413417600001,Манлайбаатар Дамдийнсүрэнгийн гудамжнаас нарны зам,Polygon,106.938517,47.910419,"Авто зам, замын байгууламжийн архитектур төлөвлөлтийн даалгавар",Авто замын барилга,Манлайбаатар Дамдийнсүрэнгийн гудамжнаас нарны зам,2014/02-63,,,,
248837,ТАЗ1411055104001,Улаанхуаран-Шархад,Polygon,107.022182,47.921937,"Авто зам, замын байгууламжийн архитектур төлөвлөлтийн даалгавар",Авто замын барилга,Улаанхуаран-Шархад,,,,,
248904,ТАЗ1616006044001,Авто зам,Polygon,107.062592,47.918121,"Авто зам, замын байгууламжийн архитектур төлөвлөлтийн даалгавар",Авто замын барилга,Авто зам,МЗХ2021/03-029,,,,
249729,ТАЗ1588691528001,Хүннүгийн гудамжнаас “Рояал плаза” хотхоны зүүн та,Polygon,106.938732,47.903399,"Авто зам, замын байгууламжийн архитектур төлөвлөлтийн даалгавар",Авто замын барилга,Хүннүгийн гудамжнаас “Рояал плаза” хотхоны зүүн та,ГБМЗХ2020/18-004,,,,
250193,ТАЗ1524214579001,Авто зам,Polygon,106.934658,47.901984,"Авто зам, замын байгууламжийн архитектур төлөвлөлтийн даалгавар",Авто замын барилга,Авто зам,МЗХ2017/11-13,,,,
250650,ТАЗ1592846535001,Цагдаагийн ерөнхий газрын хангамжийн зүүн урд,Polygon,107.01662,47.915075,"Авто зам, замын байгууламжийн архитектур төлөвлөлтийн даалгавар",Авто замын барилга,Цагдаагийн ерөнхий газрын хангамжийн зүүн урд,ГБМЗХ2020/28-014,,,,
250869,ТАЗ1618769990001,"Авто зам, замын байгууламж",Polygon,107.035384,47.919014,"Авто зам, замын байгууламжийн архитектур төлөвлөлтийн даалгавар",Авто замын барилга,"Авто зам, замын байгууламж",МЗХ2021/05-071,,,,
250994,ТАЗ1624375845001,"Жаргалантын 21,23 дугаар гудамжны авто зам",Polygon,106.897919,47.963866,"Авто зам, замын байгууламжийн архитектур төлөвлөлтийн даалгавар",Авто замын барилга,"Жаргалантын 21,23 дугаар гудамжны авто зам",МЗХ2021/10-022,,,,
251521,ТАЗ1619978936001,Авто зам,Polygon,107.136092,47.969192,"Авто зам, замын байгууламжийн архитектур төлөвлөлтийн даалгавар",Авто замын барилга,Авто зам,МЗХ2021/07-029,,,,
253409,ТАЗ1616004421001,Авто зам,Polygon,107.080098,47.924329,"Авто зам, замын байгууламжийн архитектур төлөвлөлтийн даалгавар",Авто замын барилга,Авто зам,МЗХ2021/03-028,,,,
254147,ТАЗ1619979210001,"Авто зам, яюган хүний зам",Polygon,106.944293,47.922946,"Авто зам, замын байгууламжийн архитектур төлөвлөлтийн даалгавар",Авто замын барилга,"Авто зам, яюган хүний зам",МЗХ2021/07-030,,,,
254588,ТАЗ1505925418001,Улайстайн уулзвараас Налайх- Чойрын уулзвар хүртэл,Polygon,107.132175,47.840266,"Авто зам, замын байгууламжийн архитектур төлөвлөлтийн даалгавар",Авто замын барилга,Улайстайн уулзвараас Налайх- Чойрын уулзвар хүртэл,МЗХ2019/01-15,,,,
254987,ТАЗ1623665579001,Авто зам,Polygon,106.97464,47.920476,"Авто зам, замын байгууламжийн архитектур төлөвлөлтийн даалгавар",Авто замын барилга,Авто зам,МЗХ2021/09-065,,,,
255191,ТАЗ1504007252001,Д.Хоролсүрэн,Polygon,106.9503,47.924669,"Авто зам, замын байгууламжийн архитектур төлөвлөлтийн даалгавар",,Д.Хоролсүрэн,,,,,
256048,ТАЗ1624369327001,"Жаргалантын 21,23 дугаар гудамжны авто зам",Polygon,106.897919,47.963866,"Авто зам, замын байгууламжийн архитектур төлөвлөлтийн даалгавар",Авто замын барилга,"Жаргалантын 21,23 дугаар гудамжны авто зам",МЗХ2021/10-022,,,,
256303,ТАЗ1630414889001,Орон сууцны барилга,Polygon,106.937011,47.901808,"Авто зам, замын байгууламжийн архитектур төлөвлөлтийн даалгавар",Авто замын барилга,Орон сууцны барилга,МЗХ2019/08-003,,,,
256764,ТАЗ1621843911001,Үйлчилгээтэй орон сууц,MultiPolygon,106.933047,47.910949,"Авто зам, замын байгууламжийн архитектур төлөвлөлтийн даалгавар",Авто замын барилга,Үйлчилгээтэй орон сууц,ГБМЗХ2020/01-026,,,,
257530,ТАЗ1410517913001,Авто зам,Polygon,106.991738,47.932345,"Авто зам, замын байгууламжийн архитектур төлөвлөлтийн даалгавар",Авто замын барилга,Авто зам,,,,,
257638,ТАЗ1616589580001,"Авто зам, замын байгууламж",Polygon,107.071625,47.917285,"Авто зам, замын байгууламжийн архитектур төлөвлөлтийн даалгавар",Авто замын барилга,"Авто зам, замын байгууламж",МЗХ2021/04-024,,,,
258525,ТАЗ1624378403001,"Жаргалантын 21,23 дугаар гудамжны авто зам",Polygon,106.897919,47.963866,"Авто зам, замын байгууламжийн архитектур төлөвлөлтийн даалгавар",Авто замын барилга,"Жаргалантын 21,23 дугаар гудамжны авто зам",МЗХ2021/10-022,,,,
258990,ТАЗ1618771514001,"Авто зам, замын байгууламж",Polygon,106.949465,47.911194,"Авто зам, замын байгууламжийн архитектур төлөвлөлтийн даалгавар",Авто замын барилга,"Авто зам, замын байгууламж",МЗХ2021/05-073,,,,
260833,ТАЗ1624375714001,"Жаргалантын 21,23 дугаар гудамжны авто зам",Polygon,106.897919,47.963866,"Авто зам, замын байгууламжийн архитектур төлөвлөлтийн даалгавар",Авто замын барилга,"Жаргалантын 21,23 дугаар гудамжны авто зам",МЗХ2021/10-022,,,,
261069,ТАЗ1629207150001,Шинэ зуун айл худалдааны төв,Polygon,106.973589,47.905252,"Авто зам, замын байгууламжийн архитектур төлөвлөлтийн даалгавар",Авто замын барилга,Шинэ зуун айл худалдааны төв,МЗХ 2016/01-24,,,,
261274,ТАЗ1617988361001,,Polygon,107.004625,47.883563,"Авто зам, замын байгууламжийн архитектур төлөвлөлтийн даалгавар",Авто замын барилга,,,,,,
261682,ТАЗ1631653865001,,Polygon,106.980733,47.943555,"Авто зам, замын байгууламжийн архитектур төлөвлөлтийн даалгавар",Авто замын барилга,,МЗХ2021/13-007,,,,
262552,ТАЗ1392940800005,Бөхийн өргөөний уулзвараас урагш Манлайбаатар Дамд,Polygon,106.935724,47.915316,"Авто зам, замын байгууламжийн архитектур төлөвлөлтийн даалгавар",Авто замын барилга,Бөхийн өргөөний уулзвараас урагш Манлайбаатар Дамд,2014/02-65,,,,
263838,ТАЗ1639334820001,Гачууртын замын хойд талд авто зам,Polygon,107.084594,47.916666,"Авто зам, замын байгууламжийн архитектур төлөвлөлтийн даалгавар",Авто замын барилга,Гачууртын замын хойд талд авто зам,МЗХ2021/25-026,,,,
264265,ТАЗ1410517678001,Авто зам,Polygon,106.978644,47.93391,"Авто зам, замын байгууламжийн архитектур төлөвлөлтийн даалгавар",Авто замын барилга,Авто зам,,,,,
264536,ТАЗ1639135022001,Гачууртын замын хойд талын авто зам,Polygon,107.046217,47.9176,"Авто зам, замын байгууламжийн архитектур төлөвлөлтийн даалгавар",Авто замын барилга,Гачууртын замын хойд талын авто зам,МЗХ2021/25-025,,,,
264892,ТАЗ1410517879001,Авто зам,Polygon,106.994843,47.930173,"Авто зам, замын байгууламжийн архитектур төлөвлөлтийн даалгавар",Авто замын барилга,Авто зам,,,,,
264894,ТАЗ1411055392001,,Polygon,107.166975,47.81698,"Авто зам, замын байгууламжийн архитектур төлөвлөлтийн даалгавар",Онгоцны буудал,Хонхор тосгон,,,,,
265492,ТАЗ1641315192001,Хотын шинэ тойрог зам,Polygon,106.9835,47.931018,"Авто зам, замын байгууламжийн архитектур төлөвлөлтийн даалгавар",Авто замын барилга,Хотын шинэ тойрог зам,БХБХ2022/01-023,,,,
265497,ТАЗ1643104740001,,Polygon,106.982464,47.904068,"Авто зам, замын байгууламжийн архитектур төлөвлөлтийн даалгавар",Авто замын барилга,133-р сургуулийн зүүн талын авто зам,ХЕТ2022/00-10,,,,
265666,ТАЗ1635261768001,Бохир ус,Polygon,106.930319,47.949903,"Авто зам, замын байгууламжийн архитектур төлөвлөлтийн даалгавар",,Бохир ус,,,,,
266794,ТАЗ1410513333001,Авто зам,Polygon,107.013469,47.942312,"Авто зам, замын байгууламжийн архитектур төлөвлөлтийн даалгавар",Авто замын барилга,Авто зам,,,,,
267243,ТАЗ1636973159001,Авто зам,Polygon,106.968529,47.917755,"Авто зам, замын байгууламжийн архитектур төлөвлөлтийн даалгавар",Авто замын барилга,Авто зам,МЗХ2019/09-010,,,,
269037,ТАЗ1639417682001,Сансар хотхоны баруун талын авто зам,Polygon,106.951407,47.93797,"Авто зам, замын байгууламжийн архитектур төлөвлөлтийн даалгавар",,Сансар хотхоны баруун талын авто зам,МЗХ2021/25-028,,,,
269544,ТАЗ1632236510001,Авто зам,Polygon,106.967952,47.921675,"Авто зам, замын байгууламжийн архитектур төлөвлөлтийн даалгавар",Авто замын барилга,Авто зам,МЗХ2021/14-027,,,,
269692,ТАЗ1639340674001,Туул голын зөрлөгөөс Хөлийн гол хүртэлх авто зам,Polygon,107.083854,47.880884,"Авто зам, замын байгууламжийн архитектур төлөвлөлтийн даалгавар",Авто замын барилга,Туул голын зөрлөгөөс Хөлийн гол хүртэлх авто зам,МЗХ2021/25-029,,,,
269980,ТАЗ1643112504001,1,Polygon,106.995335,47.930922,"Авто зам, замын байгууламжийн архитектур төлөвлөлтийн даалгавар",,1,,,,,
272509,ТАЗ1411727185001,Улиастай гүүрнээс хойш эргийн баруун талаар,Polygon,107.026933,47.910139,"Авто зам, замын байгууламжийн архитектур төлөвлөлтийн даалгавар",Авто замын барилга,Улиастай гүүрнээс хойш эргийн баруун талаар,2014/02-67,,,,
273088,ТАЗ1643116845001,Хоршооллын гудамжны авто зам,Polygon,106.988763,47.928817,"Авто зам, замын байгууламжийн архитектур төлөвлөлтийн даалгавар",Тодорхойгүй,Хоршооллын гудамжны авто зам,ХЕТ2022/00-08,,,,
273483,ТАЗ1639384599001,Гачууртын замаас Улиастайн зам хүртэлх авто зам,Polygon,106.945173,47.93403,"Авто зам, замын байгууламжийн архитектур төлөвлөлтийн даалгавар",,Гачууртын замаас Улиастайн зам хүртэлх авто зам,МЗХ2021/25-027,,,,
273734,ТАЗ1643114686001,Цахлайн гудамжны авто зам,Polygon,106.997534,47.930801,"Авто зам, замын байгууламжийн архитектур төлөвлөлтийн даалгавар",Авто замын барилга,Цахлайн гудамжны авто зам,ХЕТ2022/00-08,,,,
274321,ТБА131643111512000,Хоршооллын гудамжны авто зам,Polygon,106.988763,47.928817,"Авто зам, замын байгууламжийн архитектур төлөвлөлтийн даалгавар",Авто замын барилга,Хоршооллын гудамжны авто зам,ХЕТ2022/00-08,Баянзүрх,24-р хороо,Цахлай /13290/,
274655,ТАЗ1639144202001,,Polygon,106.965658,47.942414,"Авто зам, замын байгууламжийн архитектур төлөвлөлтийн даалгавар",,"БЗД 5, 19, 21, 22, 24, 27-р хорооны авто зам",МЗХ2021/25-024,,,,
275145,ТАЗ1635245712001,,Polygon,107.130846,47.847941,"Авто зам, замын байгууламжийн архитектур төлөвлөлтийн даалгавар",,Хөлийн голын хөв цөөрөм,,,,,
275289,ТАЗ1639409511001,Гачууртын замаас 63-р цэцэрлэг хүртэлх авто зам,Polygon,107.155995,47.927941,"Авто зам, замын байгууламжийн архитектур төлөвлөлтийн даалгавар",,Гачууртын замаас 63-р цэцэрлэг хүртэлх авто зам,МЗХ2021/25-030,,,,
276615,ТАЗ1636558820001,Авто зам талбай,Polygon,107.089068,48.043307,"Авто зам, замын байгууламжийн архитектур төлөвлөлтийн даалгавар",Авто замын барилга,Авто зам талбай,МЗХ2021/20-042,,,,
276870,ТАЗ1629982262001,Аялал жуулчлалын цогцолбор,Polygon,106.961997,47.882162,"Авто зам, замын байгууламжийн архитектур төлөвлөлтийн даалгавар",Авто замын барилга,Аялал жуулчлалын цогцолбор,ГБЗХ2014/07-36,,,,
277425,ТАЗ1643100076001,19-р хорооны авто зам,Polygon,106.98281,47.929086,"Авто зам, замын байгууламжийн архитектур төлөвлөлтийн даалгавар",,19-р хорооны авто зам,ХЕТ2022/007,,,,
277545,ТАЗ1629293387001,Үйлчилгээтэй орон сууцны барилга,Polygon,106.947175,47.904065,"Авто зам, замын байгууламжийн архитектур төлөвлөлтийн даалгавар",Авто замын барилга,Үйлчилгээтэй орон сууцны барилга,ГБЗХ2014/11-09,,,,
277549,ТАЗ1410517795001,Авто зам,Polygon,106.98978,47.928863,"Авто зам, замын байгууламжийн архитектур төлөвлөлтийн даалгавар",Авто замын барилга,Авто зам,,,,,
277552,ТАЗ1410517844001,Авто зам,Polygon,106.987779,47.931712,"Авто зам, замын байгууламжийн архитектур төлөвлөлтийн даалгавар",Авто замын барилга,Авто зам,,,,,
279010,ТАЗ1639417190001,Сансар хотхоны баруун талын авто зам,Polygon,106.950364,47.926072,"Авто зам, замын байгууламжийн архитектур төлөвлөлтийн даалгавар",,Сансар хотхоны баруун талын авто зам,МЗХ2021/25-028,,,,
279012,ТАЗ1639478397001,,Polygon,106.933247,47.920666,"Авто зам, замын байгууламжийн архитектур төлөвлөлтийн даалгавар",Авто замын барилга,,МЗХ2019/07-004,,,,
283908,ТАЗ1531103569001,ПК9-33 зв-д байрлах авто машины нүхэн гарц,Polygon,106.961522,47.908715,"Авто зам, замын байгууламжийн архитектур төлөвлөлтийн даалгавар",Авто замын барилга,ПК9-33 зв-д байрлах авто машины нүхэн гарц,МЗХ2018/16-21,,,,
284843,ТАЗ1645649606001,Дэд өртөө,Polygon,106.779414,47.91818,"Авто зам, замын байгууламжийн архитектур төлөвлөлтийн даалгавар",ЦДАШ,Дэд өртөө,БХБХ2022/01-032,,,,
285628,ТАЗ1645525973001,Жанжин клубээс 12 дугаар байр хүртэлр авто зам,Polygon,106.996693,47.907222,"Авто зам, замын байгууламжийн архитектур төлөвлөлтийн даалгавар",Авто замын барилга,Жанжин клубээс 12 дугаар байр хүртэлр авто зам,БХБХ2022/01-006,,,,
286967,ТАЗ1649894377001,"58 дугаар цэцэрлэгийн баруун талын авто зам, авто ",Polygon,106.938679,47.925636,"Авто зам, замын байгууламжийн архитектур төлөвлөлтийн даалгавар",Авто замын барилга,"58 дугаар цэцэрлэгийн баруун талын авто зам, авто",МЗХ2022/09-063,,,,
287734,ТАЗ1652093112001,"авто зам, замын байгууламж",Polygon,107.09326,47.876915,"Авто зам, замын байгууламжийн архитектур төлөвлөлтийн даалгавар",Авто замын барилга,"авто зам, замын байгууламж",МЗХ2022/12-001,,,,
287892,ТАЗ1645649557001,Дэд өртөө,Polygon,106.779414,47.91818,"Авто зам, замын байгууламжийн архитектур төлөвлөлтийн даалгавар",,,БХБХ2022/01-028,,,,
287894,ТАЗ1645649587001,Авто зам замын байгууламж,Polygon,107.003717,47.931797,"Авто зам, замын байгууламжийн архитектур төлөвлөлтийн даалгавар",Авто замын барилга,Авто зам замын байгууламж,,,,,
289092,ТАЗ1645649827001,Авто зам замын байгууламж,Polygon,106.985885,47.932195,"Авто зам, замын байгууламжийн архитектур төлөвлөлтийн даалгавар",Авто замын барилга,Авто зам замын байгууламж,БХБХ2022/01-027,,,,
289491,ТАЗ1530102185001,Эмнэлэгийн гадна тохижилт,Polygon,106.964601,47.918279,"Авто зам, замын байгууламжийн архитектур төлөвлөлтийн даалгавар",Авто замын барилга,Эмнэлэгийн гадна тохижилт,МЗХ2017/19-19,,,,
290479,ТАЗ1631100359001,Авто зам,Polygon,107.050007,47.990728,"Авто зам, замын байгууламжийн архитектур төлөвлөлтийн даалгавар",Авто замын барилга,Авто зам,МЗХ2021/16-017,,,,
292312,ТАЗ1645648927001,Авто зам замын байгууламж,Polygon,107.010844,47.9242,"Авто зам, замын байгууламжийн архитектур төлөвлөлтийн даалгавар",Авто замын барилга,Авто зам замын байгууламж,БХБХ2022/01-027,,,,
294346,ТАЗ1649896008001,"Орон сууцны 18 дугаар байрны зүүн талын авто зам, ",Polygon,106.934807,47.913139,"Авто зам, замын байгууламжийн архитектур төлөвлөлтийн даалгавар",Авто замын барилга,"Орон сууцны 18 дугаар байрны зүүн талын авто зам,",МЗХ2022/09-064,,,,
294764,ТАЗ1653498320001,"Авто зам, замын байгууламж",Polygon,106.975664,47.922976,"Авто зам, замын байгууламжийн архитектур төлөвлөлтийн даалгавар",Авто замын барилга,"Авто зам, замын байгууламж",ХТХ2022/00-220,,,,
295609,ТАЗ1529272835001,Явган хүний гүүрэн гарц /Парк вью хотхоноос Их хүр,Polygon,106.940302,47.902304,"Авто зам, замын байгууламжийн архитектур төлөвлөлтийн даалгавар",Авто замын барилга,Явган хүний гүүрэн гарц /Парк вью хотхоноос Их хүр,МЗХ2018/14-38,,,,
296258,ТАЗ1649897218001,"хүүхдийн унадаг дугуйн зам, гүйлтийн зам",Polygon,106.981684,47.920245,"Авто зам, замын байгууламжийн архитектур төлөвлөлтийн даалгавар",,"хүүхдийн унадаг дугуйн зам, гүйлтийн зам",МЗХ2022/09-065,,,,
296988,ТАЗ1531103798001,ПК8-32 ЗВ-д байрлах авто машины нүхэн гарц,Polygon,107.000533,47.902448,"Авто зам, замын байгууламжийн архитектур төлөвлөлтийн даалгавар",Авто замын барилга,ПК8-32 ЗВ-д байрлах авто машины нүхэн гарц,МЗХ2018/16-23,,,,
298083,ТАЗ1645540664001,Кино үйлдвэрийн өгсөх замаас УСУГ-ын урдуур нийлэх,Polygon,106.96256,47.921828,"Авто зам, замын байгууламжийн архитектур төлөвлөлтийн даалгавар",Авто замын барилга,Кино үйлдвэрийн өгсөх замаас УСУГ-ын урдуур нийлэх,БХБХ2022/01-005,,,,
298807,ТБА131531103354000,ПК5-18 зв-д байрлах авто машины нүхэн гарц,Polygon,106.943349,47.907938,"Авто зам, замын байгууламжийн архитектур төлөвлөлтийн даалгавар",Авто үйлчилгээний барилга,,МЗХ2018/16-22 | МЗХ2018/16-22 /Шүүхэд маргаантай байгаа./,Баянзүрх,25-р хороо,,Нарны зам
299985,ТАЗ1427711779001,Сэлбэ голын дагуу хурдны зам,Polygon,106.935605,47.899541,"Авто зам, замын байгууламжийн архитектур төлөвлөлтийн даалгавар",Авто замын барилга,Сэлбэ голын дагуу хурдны зам,,,,,
301502,ТАЗ1646926662001,,Polygon,107.011921,47.917607,"Авто зам, замын байгууламжийн архитектур төлөвлөлтийн даалгавар",Авто замын барилга,,ЗД-БЗД/2021-014,,,,
301504,ТАЗ1645696989001,Их Отор дэлгүүрээс хойших авто зам,Polygon,106.942309,47.931173,"Авто зам, замын байгууламжийн архитектур төлөвлөлтийн даалгавар",Авто замын барилга,Их Отор дэлгүүрээс хойших авто зам,БХБХ2022/01-007,,,,
302053,ТАЗ1651221336001,Дүнжингаравын уулзвараас Амгалан чиглэлд төмөр зам,Polygon,106.960991,47.907443,"Авто зам, замын байгууламжийн архитектур төлөвлөлтийн даалгавар",,Дүнжингаравын уулзвараас Амгалан чиглэлд төмөр зам,МЗХ 90 байршил,,,,
302147,ТАЗ1510569358002,Хотын төвийн хэсэгт хийгдэх унадаг дугуйн замын тр,Polygon,106.900029,47.92628,"Авто зам, замын байгууламжийн архитектур төлөвлөлтийн даалгавар",Авто замын барилга,Хотын төвийн хэсэгт хийгдэх унадаг дугуйн замын тр,2017/16-15,,,,
302149,ТАЗ1510569333003,,Polygon,106.899979,47.926673,"Авто зам, замын байгууламжийн архитектур төлөвлөлтийн даалгавар",Авто замын барилга,,,,,,
302254,ТАЗ1458294617002,2 түвшин дэхь уулзвар,Polygon,106.89608,47.916533,"Авто зам, замын байгууламжийн архитектур төлөвлөлтийн даалгавар",Авто замын барилга,2 түвшин дэхь уулзвар,,,,,
302258,ТАЗ1510572510001,Хотын төвийн хэсэгт хийгдэх унадаг дугуйн замын тр,Polygon,106.906039,47.923384,"Авто зам, замын байгууламжийн архитектур төлөвлөлтийн даалгавар",,Хотын төвийн хэсэгт хийгдэх унадаг дугуйн замын тр,2017/16-15,,,,
302260,ТАЗ1510568472001,Хотын төвийн хэсэгт хийгдэх унадаг дугуйн замын тр,Polygon,106.907395,47.925181,"Авто зам, замын байгууламжийн архитектур төлөвлөлтийн даалгавар",,Хотын төвийн хэсэгт хийгдэх унадаг дугуйн замын тр,2017/16-15,,,,
302262,ТАЗ1510573396001,Хотын төвийн хэсэгт хийгдэх унадаг дугуйн замын тр,Polygon,106.913089,47.922178,"Авто зам, замын байгууламжийн архитектур төлөвлөлтийн даалгавар",,Хотын төвийн хэсэгт хийгдэх унадаг дугуйн замын тр,2017/16-15,,,,
302264,ТАЗ1510568056001,Хотын төвийн хэсэгт хийгдэх унадаг дугуйн замын тр,Polygon,106.91289,47.921345,"Авто зам, замын байгууламжийн архитектур төлөвлөлтийн даалгавар",,Хотын төвийн хэсэгт хийгдэх унадаг дугуйн замын тр,2017/16-15,,,,
302285,ТАЗ1206576000003,,Polygon,106.915886,47.916876,"Авто зам, замын байгууламжийн архитектур төлөвлөлтийн даалгавар",Авто замын барилга,,,,,,
302287,ТАЗ1458924003001,Авто зам,Polygon,106.876084,47.965944,"Авто зам, замын байгууламжийн архитектур төлөвлөлтийн даалгавар",Авто замын барилга,Авто зам,,,,,
302289,ТАЗ1306022400002,,Polygon,106.890879,48.08908,"Авто зам, замын байгууламжийн архитектур төлөвлөлтийн даалгавар",Авто замын барилга,,,,,,
302321,ТАЗ1548254744001,"102 дугаар цэцэрлэг, 72 дугаар сургуулийн урд талы",Polygon,106.899339,47.959946,"Авто зам, замын байгууламжийн архитектур төлөвлөлтийн даалгавар",Авто замын барилга,"102 дугаар цэцэрлэг, 72 дугаар сургуулийн урд талы",МЗХ2019/01-07,,,,
302323,ТАЗ1548256867001,"10, 22 дугаар хорооны дундах авто зам дахь гүүрийн",Polygon,106.871844,47.928953,"Авто зам, замын байгууламжийн архитектур төлөвлөлтийн даалгавар",Авто замын барилга,"10, 22 дугаар хорооны дундах авто зам дахь гүүрийн",МЗХ2019/01-08,,,,
302324,ТАЗ1548256909001,"10, 22 дугаар хорооны дундах авто зам дахь гүүрийн",Polygon,106.871844,47.928953,"Авто зам, замын байгууламжийн архитектур төлөвлөлтийн даалгавар",Авто замын барилга,,,,,,
302326,ТАЗ1548261799001,,Polygon,106.893799,47.948088,"Авто зам, замын байгууламжийн архитектур төлөвлөлтийн даалгавар",Авто замын барилга,"Булгийн 4,18 дугаар гудамжны авто зам",МЗХ2019/01-09,,,,
302380,ТАЗ1556110082001,Самбалхүндэвийн замтай холбогдох авто зам,Polygon,106.891029,47.93562,"Авто зам, замын байгууламжийн архитектур төлөвлөлтийн даалгавар",Авто замын барилга,Самбалхүндэвийн замтай холбогдох авто зам,МЗХ2019/06-83,,,,
302384,ТАЗ1556189229001,Авто зогсоол,Polygon,106.886893,47.968582,"Авто зам, замын байгууламжийн архитектур төлөвлөлтийн даалгавар",Авто замын барилга,Авто зогсоол,МЗХ2019/06-86,,,,
302386,ТАЗ1556217797001,Гүүрэн гарц,Polygon,106.897451,47.948726,"Авто зам, замын байгууламжийн архитектур төлөвлөлтийн даалгавар",Авто замын барилга,Гүүрэн гарц,МЗХ2019/16-91,,,,
302422,ТАЗ1558481269001,Хайлаастын замаас Хайлаастын эцэс хүртэлх авто зам,Polygon,106.867692,47.976966,"Авто зам, замын байгууламжийн архитектур төлөвлөлтийн даалгавар",Авто замын барилга,Хайлаастын замаас Хайлаастын эцэс хүртэлх авто зам,МЗХ2019/08-051,,,,
302424,ТАЗ1558482718001,Хайлаастын гудамжнаас 246 дугаар цэцэрлэг хүртэл,Polygon,106.884908,47.969514,"Авто зам, замын байгууламжийн архитектур төлөвлөлтийн даалгавар",Авто замын барилга,Хайлаастын гудамжнаас 246 дугаар цэцэрлэг хүртэл,МЗХ2019/08-052,,,,
302426,ТАЗ1558483595001,103 дугаар цэцэрлэгээс Чингэлтэйн гудамж хүртэл,Polygon,106.896531,47.974155,"Авто зам, замын байгууламжийн архитектур төлөвлөлтийн даалгавар",Авто замын барилга,103 дугаар цэцэрлэгээс Чингэлтэйн гудамж хүртэл,МЗХ2019/08-053,,,,
302428,ТАЗ1558525000001,Жигжид зуслангийн замаас Хордлого судлалын үндэсни,Polygon,106.890834,48.049448,"Авто зам, замын байгууламжийн архитектур төлөвлөлтийн даалгавар",Авто замын барилга,Жигжид зуслангийн замаас Хордлого судлалын үндэсни,МЗХ2019/08-057,,,,
302431,ТАЗ1558527710001,"Чингэлтэйн гудамжнаас 42, 43 дугаар гудамж дагуу С",Polygon,106.911957,47.972399,"Авто зам, замын байгууламжийн архитектур төлөвлөлтийн даалгавар",Авто замын барилга,"Чингэлтэйн гудамжнаас 42, 43 дугаар гудамж дагуу С",МЗХ2019/08-054,,,,
302433,ТАЗ1558538689001,Дамбадаржаагийн гудамжны Сэлбэ гол дээрх гүүрнээс ,Polygon,106.927798,47.986524,"Авто зам, замын байгууламжийн архитектур төлөвлөлтийн даалгавар",Авто замын барилга,Дамбадаржаагийн гудамжны Сэлбэ гол дээрх гүүрнээс,МЗХ2019/08-055,,,,
302435,ТАЗ1558541609001,Рашаант өртөөний авто замаас “Ийст эжиа энержи” ХХ,Polygon,106.582932,48.068646,"Авто зам, замын байгууламжийн архитектур төлөвлөлтийн даалгавар",Авто замын барилга,Рашаант өртөөний авто замаас “Ийст эжиа энержи” ХХ,МЗХ2019/08-056,,,,
302505,ТАЗ1564159502001,"Булаг-4, 18",Polygon,106.894942,47.946623,"Авто зам, замын байгууламжийн архитектур төлөвлөлтийн даалгавар",Онгоцны буудал,"Булаг-4, 18",,,,,
302507,ТАЗ1564159720001,Булаг-19 гудамж дагуух авто зам,Polygon,106.894229,47.949088,"Авто зам, замын байгууламжийн архитектур төлөвлөлтийн даалгавар",Онгоцны буудал,Булаг-19 гудамж дагуух авто зам,,,,,
302509,ТАЗ1564159758001,Булаг-19 гудамж дагуух авто зам,Polygon,106.892759,47.949735,"Авто зам, замын байгууламжийн архитектур төлөвлөлтийн даалгавар",Авто замын барилга,Булаг-19 гудамж дагуух авто зам,,,,,
302555,ТАЗ1566469783001,220-р цэцэрлэг хүртэлх авто зам,Polygon,106.888181,47.951624,"Авто зам, замын байгууламжийн архитектур төлөвлөлтийн даалгавар",Авто замын барилга,220-р цэцэрлэг хүртэлх авто зам,ГБМЗХ2019/05-062,,,,
302602,ТАЗ1570728201001,49-р байрны урд талын авто замын засвар,Polygon,106.909841,47.92571,"Авто зам, замын байгууламжийн архитектур төлөвлөлтийн даалгавар",,49-р байрны урд талын авто замын засвар,МЗХ2019/11-008,,,,
302649,ТАЗ1575310404001,,Polygon,106.901732,47.937481,"Авто зам, замын байгууламжийн архитектур төлөвлөлтийн даалгавар",,,,,,,
302723,ТАЗ1581547381001,Жаргалант 45 дугаар гудамжны 722 тоот хашаанаас Жа,Polygon,106.901832,47.963412,"Авто зам, замын байгууламжийн архитектур төлөвлөлтийн даалгавар",Авто замын барилга,Жаргалант 45 дугаар гудамжны 722 тоот хашаанаас Жа,ГБМЗХ2020/04-041,,,,
302725,ТАЗ1581552044001,Хайлаастын гудамжнаас 12-р хороо Булаг 9-р гудамжн,Polygon,106.904675,47.950838,"Авто зам, замын байгууламжийн архитектур төлөвлөлтийн даалгавар",Авто замын барилга,Хайлаастын гудамжнаас 12-р хороо Булаг 9-р гудамжн,ГБМЗХ2020/04-042,,,,
302727,ТАЗ1581585904001,Чингэлтэйн өргөн чөлөөнөөс Хайлаастын 17-р гудамжн,Polygon,106.914386,47.956443,"Авто зам, замын байгууламжийн архитектур төлөвлөлтийн даалгавар",Авто замын барилга,Чингэлтэйн өргөн чөлөөнөөс Хайлаастын 17-р гудамжн,ГБМЗХ2020/04-043,,,,
302728,ТАЗ1581587642001,Чингэлтэйн өргөн чөлөөнөөс Хайлааст 16-р гудамжны ,Polygon,106.912734,47.957687,"Авто зам, замын байгууламжийн архитектур төлөвлөлтийн даалгавар",Авто замын барилга,Чингэлтэйн өргөн чөлөөнөөс Хайлааст 16-р гудамжны,ГБМЗХ2020/04-044,,,,
302730,ТАЗ1581588752001,Сургууль 41-р гудамжны 845 тоот хашаанаас Сургууль,Polygon,106.907284,47.956685,"Авто зам, замын байгууламжийн архитектур төлөвлөлтийн даалгавар",Авто замын барилга,Сургууль 41-р гудамжны 845 тоот хашаанаас Сургууль,ГБМЗХ2020/04-045,,,,
302732,ТАЗ1581590158001,Жаргалант 69-р гудамжны 1097 тоот хашаанаас 14-р х,Polygon,106.906516,47.959516,"Авто зам, замын байгууламжийн архитектур төлөвлөлтийн даалгавар",Авто замын барилга,Жаргалант 69-р гудамжны 1097 тоот хашаанаас 14-р х,ГБМЗХ2020/04-046,,,,
302742,ТАЗ1582242820001,Жаргалант 29-р гудамжны 473а тоот хашаанаас Жаргал,Polygon,106.901081,47.966362,"Авто зам, замын байгууламжийн архитектур төлөвлөлтийн даалгавар",Авто замын барилга,Жаргалант 29-р гудамжны 473а тоот хашаанаас Жаргал,ГБМЗХ2020/06-011,,,,
302743,ТАЗ1582244365001,Сургууль 9-р гудамжны 130 тоот хашаанаас Сургууль ,Polygon,106.910016,47.950183,"Авто зам, замын байгууламжийн архитектур төлөвлөлтийн даалгавар",Авто замын барилга,Сургууль 9-р гудамжны 130 тоот хашаанаас Сургууль,ГБМЗХ2020/06-012,,,,
302745,ТАЗ1582244899001,Хайлаастын гудамжнаас Сургууль 12-р гудамжны 168 т,Polygon,106.909057,47.950585,"Авто зам, замын байгууламжийн архитектур төлөвлөлтийн даалгавар",Авто замын барилга,Хайлаастын гудамжнаас Сургууль 12-р гудамжны 168 т,ГБМЗХ2020/06-013,,,,
302747,ТАЗ1582245501001,Чингэлтэйн гудамжнаас Сурагчийн 1-р гудамжны 1а то,Polygon,106.905058,47.972197,"Авто зам, замын байгууламжийн архитектур төлөвлөлтийн даалгавар",Авто замын барилга,Чингэлтэйн гудамжнаас Сурагчийн 1-р гудамжны 1а то,ГБМЗХ2020/06-014,,,,
302750,ТАЗ1583074829001,Хувьсгалчдын 11-р гудамжинд явган хүний гүүрэн гар,Polygon,106.874951,47.945067,"Авто зам, замын байгууламжийн архитектур төлөвлөлтийн даалгавар",Авто замын барилга,Хувьсгалчдын 11-р гудамжинд явган хүний гүүрэн гар,ГБМЗХ2020/08-009,,,,
302752,ТАЗ1583075776001,Самбалхүндэвийн замаас Хувьсгалчдын 10-р гудамжны ,Polygon,106.874252,47.94619,"Авто зам, замын байгууламжийн архитектур төлөвлөлтийн даалгавар",Онгоцны буудал,Самбалхүндэвийн замаас Хувьсгалчдын 10-р гудамжны,ГБМЗХ2020/08-008,,,,
302803,ТАЗ1587555873001,УДДТ,Polygon,106.907875,47.938657,"Авто зам, замын байгууламжийн архитектур төлөвлөлтийн даалгавар",,УДДТ,,,,,
302812,ТАЗ1588443106001,“Дэнжийн мянга” орчмын барилгажилтын төсөл,Polygon,106.906243,47.942034,"Авто зам, замын байгууламжийн архитектур төлөвлөлтийн даалгавар",Авто замын барилга,“Дэнжийн мянга” орчмын барилгажилтын төсөл,ГБМЗХ2020/15-002,,,,
302863,ТАЗ1590509973001,Хайлааст 17-р гудамжны 366 тоот хашаанаас 15-р хор,Polygon,106.90953,47.960773,"Авто зам, замын байгууламжийн архитектур төлөвлөлтийн даалгавар",Авто замын барилга,Хайлааст 17-р гудамжны 366 тоот хашаанаас 15-р хор,ГБМЗХ2020/23-007,,,,
302865,ТАЗ1590513184001,Чингэлтэйн өргөн чөлөөнөөс Сургуулийн 41-р гудамжн,Polygon,106.912758,47.953365,"Авто зам, замын байгууламжийн архитектур төлөвлөлтийн даалгавар",Авто замын барилга,Чингэлтэйн өргөн чөлөөнөөс Сургуулийн 41-р гудамжн,ГБМЗХ2020/23-008,,,,
302867,ТАЗ1590514761001,Хандгайт 6-р гудамжны 72 тоот хашаанаас Хандгайт 6,Polygon,106.91317,47.96411,"Авто зам, замын байгууламжийн архитектур төлөвлөлтийн даалгавар",Авто замын барилга,Хандгайт 6-р гудамжны 72 тоот хашаанаас Хандгайт 6,ГБМЗХ2020/23-009,,,,
302942,ТАЗ1598367548001,Автозам,Polygon,106.886608,47.936767,"Авто зам, замын байгууламжийн архитектур төлөвлөлтийн даалгавар",Авто замын барилга,Автозам,ГБМЗХ2020/32-014,,,,
303051,ТАЗ1610048019001,Сургуулийн 33-р гудамжнаас Жаргалантын 47-р гудамж,Polygon,106.902458,47.957861,"Авто зам, замын байгууламжийн архитектур төлөвлөлтийн даалгавар",Авто замын барилга,Сургуулийн 33-р гудамжнаас Жаргалантын 47-р гудамж,МЗХ2020/36-012,,,,
303148,ТАЗ1658418964001,Нарантуул захын урд талаар хийгдэх туслах гудамж з,Polygon,106.948701,47.908295,"Авто зам, замын байгууламжийн архитектур төлөвлөлтийн даалгавар",Авто замын барилга,Нарантуул захын урд талаар хийгдэх туслах гудамж з,,,,,
303271,ТАЗ1619432959001,Булгийн 19-р гудамжнаас 138-р бага сургууль хүртэл,Polygon,106.887203,47.952268,"Авто зам, замын байгууламжийн архитектур төлөвлөлтийн даалгавар",Авто замын барилга,Булгийн 19-р гудамжнаас 138-р бага сургууль хүртэл,МЗХ2021/05-016,,,,
303323,ТАЗ1624274845001,Сурагчийн 47 дугаар гудамжны авто зам гүүр,Polygon,106.887101,47.978818,"Авто зам, замын байгууламжийн архитектур төлөвлөлтийн даалгавар",Авто замын барилга,Сурагчийн 47 дугаар гудамжны авто зам гүүр,МЗХ2021/09-042,,,,
303335,ТАЗ1624360361001,"Сурагчийн 9,10,11,12 дугаар гудамжны авто зам",Polygon,106.910678,47.949873,"Авто зам, замын байгууламжийн архитектур төлөвлөлтийн даалгавар",Авто замын барилга,"Сурагчийн 9,10,11,12 дугаар гудамжны авто зам",МЗХ2021/10-021,,,,
303422,ТАЗ1632736390001,"Авто зам,",Polygon,106.90492,47.965316,"Авто зам, замын байгууламжийн архитектур төлөвлөлтийн даалгавар",Авто замын барилга,"Авто зам,",МЗХ2021/19-037,,,,
303424,ТАЗ1632751087001,Хайлаастын гудамжны авто замаас Жаргалантын 49 дүг,Polygon,106.900992,47.958579,"Авто зам, замын байгууламжийн архитектур төлөвлөлтийн даалгавар",Авто замын барилга,Хайлаастын гудамжны авто замаас Жаргалантын 49 дүг,МЗХ2021/19-038,,,,
303479,ТАЗ1635336384001,,Polygon,106.828219,48.084089,"Авто зам, замын байгууламжийн архитектур төлөвлөлтийн даалгавар",,,,,,,
303481,ТАЗ1635336417001,,Polygon,106.828219,48.084089,"Авто зам, замын байгууламжийн архитектур төлөвлөлтийн даалгавар",,,,,,,
303494,ТАЗ1636972525001,Самбалхүндэвийн гудамжнаас Хувьсгалчдын Г-10 дугаа,Polygon,106.882438,47.943469,"Авто зам, замын байгууламжийн архитектур төлөвлөлтийн даалгавар",Авто замын барилга,Самбалхүндэвийн гудамжнаас Хувьсгалчдын Г-10 дугаа,МЗХ2021/22-034,,,,
303499,ТАЗ1636995707001,Чингэлтэйн эцсийн буудлаас Зүрх ууланд байрлах уул,Polygon,106.867978,48.006653,"Авто зам, замын байгууламжийн архитектур төлөвлөлтийн даалгавар",Авто замын барилга,Чингэлтэйн эцсийн буудлаас Зүрх ууланд байрлах уул,МЗХ2021/22-035,,,,
303501,ТАЗ1637139081001,"ЧД, 7-р хороо, 224-р цэцэрлэгээс СХД, 28-р хороо х",Polygon,106.864148,47.959112,"Авто зам, замын байгууламжийн архитектур төлөвлөлтийн даалгавар",Авто замын барилга,,МЗХ2021/22-033,,,,
303515,ТАЗ1653312395001,,Polygon,106.986992,47.925475,"Авто зам, замын байгууламжийн архитектур төлөвлөлтийн даалгавар",Онгоцны буудал,Газарчин дээд сургуулиас Дако худалдааны төв хүртэ,МЗХ2022/14-003,,,,
303564,ТАЗ1641389147001,Хотын тойрог зам,Polygon,106.892366,47.966418,"Авто зам, замын байгууламжийн архитектур төлөвлөлтийн даалгавар",Авто замын барилга,Хотын тойрог зам,БХБХ2022/01-023,,,,
303606,ТАЗ1645560182001,"Зам, замын байгууламж",Polygon,106.914346,47.922225,"Авто зам, замын байгууламжийн архитектур төлөвлөлтийн даалгавар",Авто замын барилга,"Зам, замын байгууламж",БХБХ2022/01-021,,,,
303608,ТАЗ1645561570001,"Авто зам, замын байгууламж",Polygon,106.915329,47.920318,"Авто зам, замын байгууламжийн архитектур төлөвлөлтийн даалгавар",Авто замын барилга,"Авто зам, замын байгууламж",БХБХ2022/01-021,,,,
303610,ТАЗ1645562235001,"Авто зам, замын байгууламж /авто зогсоол/",Polygon,106.912393,47.92,"Авто зам, замын байгууламжийн архитектур төлөвлөлтийн даалгавар",Авто замын барилга,"Авто зам, замын байгууламж /авто зогсоол/",БХБХ2022/01-021,,,,
303612,ТАЗ1645562663001,"Авто зам, замын байгууламж /авто зогсоол/",Polygon,106.913131,47.919789,"Авто зам, замын байгууламжийн архитектур төлөвлөлтийн даалгавар",Авто замын барилга,"Авто зам, замын байгууламж /авто зогсоол/",БХБХ2022/01-021,,,,
303615,ТАЗ1645562846001,"Авто зам, замын байгууламж /Авто зогсоол/",Polygon,106.9133,47.919967,"Авто зам, замын байгууламжийн архитектур төлөвлөлтийн даалгавар",Авто замын барилга,"Авто зам, замын байгууламж /Авто зогсоол/",БХБХ2022/01-021,,,,
303651,ТАЗ1510572510002,Хотын төвийн хэсэгт хийгдэх унадаг дугуйн замын тр,Polygon,106.9367,47.923674,"Авто зам, замын байгууламжийн архитектур төлөвлөлтийн даалгавар",,Хотын төвийн хэсэгт хийгдэх унадаг дугуйн замын тр,2017/16-15,,,,
303653,ТАЗ1624378496001,"Жаргалантын 21,23 дугаар гудамжны авто зам",Polygon,106.897919,47.963866,"Авто зам, замын байгууламжийн архитектур төлөвлөлтийн даалгавар",Онгоцны буудал,"Жаргалантын 21,23 дугаар гудамжны авто зам",МЗХ2021/10-022,,,,
303655,ТАЗ1624379881001,Хайлаастын 13-р гудамжны,Polygon,106.911727,47.95601,"Авто зам, замын байгууламжийн архитектур төлөвлөлтийн даалгавар",Авто замын барилга,Хайлаастын 13-р гудамжны,МЗХ2021/10-023,,,,
303682,ТАЗ1648997927001,,Polygon,106.912158,47.926356,"Авто зам, замын байгууламжийн архитектур төлөвлөлтийн даалгавар",Онгоцны буудал,Авто зам замын байгууламж,ХТХ2022/00-200,,,,
303702,ТАЗ1649923331001,,Polygon,106.903494,47.926348,"Авто зам, замын байгууламжийн архитектур төлөвлөлтийн даалгавар",Авто замын барилга,,МЗХ2022/09-024,,,,
303706,ТАЗ1649950141001,,Polygon,106.908925,47.923999,"Авто зам, замын байгууламжийн архитектур төлөвлөлтийн даалгавар",,,МЗХ2022/09-026,,,,
303708,ТАЗ1649950845001,,Polygon,106.908218,47.926619,"Авто зам, замын байгууламжийн архитектур төлөвлөлтийн даалгавар",Авто замын барилга,"Авто зам, замын байгууламж",МЗХ2022/09-025,,,,
303710,ТАЗ1649950999001,,Polygon,106.908218,47.926619,"Авто зам, замын байгууламжийн архитектур төлөвлөлтийн даалгавар",,,,,,,
303712,ТАЗ1650024123001,,Polygon,106.908918,47.923998,"Авто зам, замын байгууламжийн архитектур төлөвлөлтийн даалгавар",,,,,,,
303719,ТАЗ1650030399001,Ил зогсоол,Polygon,106.903257,47.918446,"Авто зам, замын байгууламжийн архитектур төлөвлөлтийн даалгавар",Авто замын барилга,Ил зогсоол,ХТХ2022/00-203,,,,
303768,ТАЗ1651579056001,Явган хүний зам,Polygon,106.90837,47.925273,"Авто зам, замын байгууламжийн архитектур төлөвлөлтийн даалгавар",,Явган хүний зам,,,,,
303770,ТАЗ1651579502001,Явган зөм талбай,Polygon,106.908012,47.925306,"Авто зам, замын байгууламжийн архитектур төлөвлөлтийн даалгавар",,Явган зөм талбай,,,,,
303772,ТАЗ1651579564001,Авто зам,Polygon,106.908196,47.925275,"Авто зам, замын байгууламжийн архитектур төлөвлөлтийн даалгавар",Авто замын барилга,Авто зам,,,,,
303936,ТАЗ1661946407001,,MultiPolygon,106.886865,47.968349,"Авто зам, замын байгууламжийн архитектур төлөвлөлтийн даалгавар",,,,,,,
303941,ТАЗ1662127713001,"Авто зам, гүүрэн байгууламж",Polygon,106.904603,47.930675,"Авто зам, замын байгууламжийн архитектур төлөвлөлтийн даалгавар",Авто замын барилга,"Авто зам, гүүрэн байгууламж",МЗХ2022/29-016,,,,
303944,ТАЗ1662135137001,"Авто зам, замын байгууламж",Polygon,106.894164,47.966491,"Авто зам, замын байгууламжийн архитектур төлөвлөлтийн даалгавар",Авто замын барилга,"Авто зам, замын байгууламж",МЗХ2022/29-015,,,,
303947,ТАЗ1662561293001,Авто зам,Polygon,106.891891,47.957679,"Авто зам, замын байгууламжийн архитектур төлөвлөлтийн даалгавар",Авто замын барилга,Авто зам,МЗХ2022/29-014,,,,
304118,ТАЗ1264377600002,,Polygon,106.93302,47.92941,"Авто зам, замын байгууламжийн архитектур төлөвлөлтийн даалгавар",Авто замын барилга,,,,,,
304188,ТАЗ1658848501001,,Polygon,107.093614,47.884354,"Авто зам, замын байгууламжийн архитектур төлөвлөлтийн даалгавар",Авто замын барилга,,,,,,
304492,ТАЗ1658844430001,Нарантуул захын урд талаар хийгдэх туслах гудамж з,Polygon,106.956054,47.908055,"Авто зам, замын байгууламжийн архитектур төлөвлөлтийн даалгавар",,Нарантуул захын урд талаар хийгдэх туслах гудамж з,,,,,
304623,ТАЗ1537357835001,Нийслэлийн авт,Polygon,106.932562,47.914425,"Авто зам, замын байгууламжийн архитектур төлөвлөлтийн даалгавар",Авто замын барилга,Нийслэлийн авт,МЗХ2018/22-36,,,,
304747,ТАЗ1658419931001,Нарантуул захын урд талаар хийгдэх туслах гудамж з,Polygon,106.952421,47.908245,"Авто зам, замын байгууламжийн архитектур төлөвлөлтийн даалгавар",Авто замын барилга,Нарантуул захын урд талаар хийгдэх туслах гудамж з,,,,,
304937,ТАЗ1655286246001,,Polygon,106.809009,47.918483,"Авто зам, замын байгууламжийн архитектур төлөвлөлтийн даалгавар",Авто замын барилга,,,,,,
305001,ТАЗ1663330521001,Аум алт ХХК,MultiPolygon,106.946748,47.907759,"Авто зам, замын байгууламжийн архитектур төлөвлөлтийн даалгавар",Авто замын барилга,Аум алт ХХК,,,,,
305002,ТАЗ1663330879001,,Polygon,107.215364,47.79276,"Авто зам, замын байгууламжийн архитектур төлөвлөлтийн даалгавар",Авто замын барилга,,МЗХ2022/01-016,,,,
305137,ТАЗ1533037456001,Авто зам,Polygon,107.219683,47.791539,"Авто зам, замын байгууламжийн архитектур төлөвлөлтийн даалгавар",Авто замын барилга,Авто зам,МЗХ2017/17-11,,,,
305390,ТАЗ1659104672001,,Polygon,107.022799,47.882412,"Авто зам, замын байгууламжийн архитектур төлөвлөлтийн даалгавар",Авто замын барилга,,МЗХ2022/26-011,,,,
305525,ТАЗ1537373418001,Авто зам /туслах зам 2-р зэрэглэл/,Polygon,106.931691,47.902317,"Авто зам, замын байгууламжийн архитектур төлөвлөлтийн даалгавар",Авто замын барилга,Авто зам /туслах зам 2-р зэрэглэл/,МЗХ2018/22-38,,,,
305699,ТАЗ1658843481001,Нарантуул захын урд талаар хийгдэх туслах гудамж з,Polygon,106.952408,47.908091,"Авто зам, замын байгууламжийн архитектур төлөвлөлтийн даалгавар",,Нарантуул захын урд талаар хийгдэх туслах гудамж з,,,,,
305991,ТАЗ1658843066001,Нарантуул захын урд талаар хийгдэх туслах гудамж з,Polygon,106.945099,47.908478,"Авто зам, замын байгууламжийн архитектур төлөвлөлтийн даалгавар",,Нарантуул захын урд талаар хийгдэх туслах гудамж з,,,,,
306586,ТАЗ1657285373001,"Богд Жавзандамбын гудамж, 61/5-р байрнаас 47-р бай",Polygon,106.915539,47.89375,"Авто зам, замын байгууламжийн архитектур төлөвлөлтийн даалгавар",Авто замын барилга,Нийслэлийн Замын хөгжлийн газар,,,,,
306587,ТАЗ1658419891001,,Polygon,106.945167,47.908969,"Авто зам, замын байгууламжийн архитектур төлөвлөлтийн даалгавар",Авто замын барилга,,,,,,
307152,ТАЗ1530102170001,Баянзүрх дүүргийн нэгдсэн эмнэлэг,Polygon,106.963749,47.919085,"Авто зам, замын байгууламжийн архитектур төлөвлөлтийн даалгавар",Авто замын барилга,Баянзүрх дүүргийн нэгдсэн эмнэлэг,МЗХ2017/19-19,,,,
307846,ТАЗ1658843294001,Нарантуул захын урд талаар хийгдэх туслах гудамж з,Polygon,106.948691,47.908145,"Авто зам, замын байгууламжийн архитектур төлөвлөлтийн даалгавар",,Нарантуул захын урд талаар хийгдэх туслах гудамж з,,,,,
308057,ТАЗ1320883200007,Цагдаагийн гудамж 60 м,Polygon,106.931174,47.934969,"Авто зам, замын байгууламжийн архитектур төлөвлөлтийн даалгавар",Авто замын барилга,Цагдаагийн гудамж 60 м,,,,,
308266,ТАЗ1537375356001,Авто зам /2-р зэрэглэлийн туслах зам/,Polygon,106.933776,47.902665,"Авто зам, замын байгууламжийн архитектур төлөвлөлтийн даалгавар",Авто замын барилга,Авто зам /2-р зэрэглэлийн туслах зам/,МЗХ2018/22-40,,,,
308420,ТАЗ1657281921001,"Авто зам, замын байгууламж",Polygon,106.970095,47.943477,"Авто зам, замын байгууламжийн архитектур төлөвлөлтийн даалгавар",,"Авто зам, замын байгууламж",МЗХ2022/19-003,,,,
308422,ТАЗ1658419973001,Нарантуул захын урд талаар хийгдэх туслах гудамж з,Polygon,106.957605,47.908199,"Авто зам, замын байгууламжийн архитектур төлөвлөлтийн даалгавар",Авто замын барилга,Нарантуул захын урд талаар хийгдэх туслах гудамж з,,,,,
309004,ТАЗ1658419915001,,Polygon,106.948701,47.908295,"Авто зам, замын байгууламжийн архитектур төлөвлөлтийн даалгавар",Авто замын барилга,,,,,,
309473,ТАЗ1537439753001,Авто зам /2 зэрэглэлийн гол зам/,Polygon,106.933153,47.946158,"Авто зам, замын байгууламжийн архитектур төлөвлөлтийн даалгавар",Авто замын барилга,Авто зам /2 зэрэглэлийн гол зам/,МЗХ2018/22-43,,,,
309780,ТАЗ1662453241001,Хөнгөн төмөр замын транзит (LRT),Polygon,106.931217,47.918804,"Авто зам, замын байгууламжийн архитектур төлөвлөлтийн даалгавар",Авто замын барилга,Хөнгөн төмөр замын транзит (LRT),МЗХ2022/31-019,,,,
309978,ТАЗ1658418865001,,Polygon,106.945167,47.908969,"Авто зам, замын байгууламжийн архитектур төлөвлөлтийн даалгавар",,Нарантуул захын урд талаар хийгдэх туслах гудамж з,,,,,
310181,ТАЗ1510573396002,Хотын төвийн хэсэгт хийгдэх унадаг дугуйн замын тр,Polygon,106.936678,47.923806,"Авто зам, замын байгууламжийн архитектур төлөвлөлтийн даалгавар",,Хотын төвийн хэсэгт хийгдэх унадаг дугуйн замын тр,2017/16-15,,,,
310386,ТАЗ1537362285001,авто зам,Polygon,106.999665,47.919819,"Авто зам, замын байгууламжийн архитектур төлөвлөлтийн даалгавар",Авто замын барилга,авто зам,МЗХ2018/22-37,,,,
310609,ТАЗ1658415393001,Нарантуул захын урд талаар хийгдэх туслах гудамж з,Polygon,106.950706,47.90884,"Авто зам, замын байгууламжийн архитектур төлөвлөлтийн даалгавар",Авто замын барилга,Нарантуул захын урд талаар хийгдэх туслах гудамж з,,,,,
310610,ТАЗ1658419953001,Нарантуул захын урд талаар хийгдэх туслах гудамж з,Polygon,106.955698,47.908225,"Авто зам, замын байгууламжийн архитектур төлөвлөлтийн даалгавар",Авто замын барилга,Нарантуул захын урд талаар хийгдэх туслах гудамж з,,,,,
311024,ТАЗ1660731093001,Авто зам,Polygon,106.986485,47.910752,"Авто зам, замын байгууламжийн архитектур төлөвлөлтийн даалгавар",Авто замын барилга,Авто зам,,,,,
311129,ТАЗ1510568472002,Хотын төвийн хэсэгт хийгдэх унадаг дугуйн замын тр,Polygon,106.937795,47.916605,"Авто зам, замын байгууламжийн архитектур төлөвлөлтийн даалгавар",,Хотын төвийн хэсэгт хийгдэх унадаг дугуйн замын тр,2017/16-15,,,,
311327,ТАЗ1537434268001,Авто зам,Polygon,106.937013,47.944182,"Авто зам, замын байгууламжийн архитектур төлөвлөлтийн даалгавар",Авто замын барилга,Авто зам,МЗХ2018/22-42,,,,
311512,ТАЗ1657285338001,"Богд Жавзандамбын гудамж, 61/5-р байрнаас 47-р бай",Polygon,106.915539,47.89375,"Авто зам, замын байгууламжийн архитектур төлөвлөлтийн даалгавар",,,,,,,
311657,ТАЗ1537374559001,Авто зам /2-р зэрэглэлийн туслах зам/,Polygon,106.937278,47.90315,"Авто зам, замын байгууламжийн архитектур төлөвлөлтийн даалгавар",Авто замын барилга,Авто зам /2-р зэрэглэлийн туслах зам/,МЗХ2018/22-39,,,,
311662,ТАЗ1660730984001,Авто зам,Polygon,106.988088,47.910621,"Авто зам, замын байгууламжийн архитектур төлөвлөлтийн даалгавар",Авто замын барилга,Авто зам,,,,,
311742,ТАЗ1320883200008,,Polygon,106.931123,47.935052,"Авто зам, замын байгууламжийн архитектур төлөвлөлтийн даалгавар",Авто замын барилга,,,,,,
311807,ТАЗ1657192625001,Улаанхуаран дэд станцын баруун талд,Polygon,106.99624,47.934735,"Авто зам, замын байгууламжийн архитектур төлөвлөлтийн даалгавар",Авто замын барилга,Улаанхуаран дэд станцын баруун талд,МЗХ2022/16-006,,,,
312078,ТАЗ1306281600011,Хайлаастын уулвараас Дарь-Эхийн зам хүртэл 57 у/м,Polygon,106.929662,47.949218,"Авто зам, замын байгууламжийн архитектур төлөвлөлтийн даалгавар",Авто замын барилга,Хайлаастын уулвараас Дарь-Эхийн зам хүртэл 57 у/м,,,,,
312331,ТАЗ1510568369001,Хотын төвийн хэсэгт хийгдэх унадаг дугуйн замын тр,Polygon,106.937124,47.928319,"Авто зам, замын байгууламжийн архитектур төлөвлөлтийн даалгавар",,Хотын төвийн хэсэгт хийгдэх унадаг дугуйн замын тр,2017/16-15,,,,
312463,ТАЗ1532368143001,"БЗД, 23-р хороо, Гачууртын замаас “Сан энд три” ХХ",Polygon,107.035896,47.908513,"Авто зам, замын байгууламжийн архитектур төлөвлөлтийн даалгавар",Авто замын барилга,"БЗД, 23-р хороо, Гачууртын замаас “Сан энд три” ХХ",МЗХ2018/17-24,,,,
312532,ТАЗ1537376524001,Авто зам /2-р зэрэглэлийн туслах зам/,Polygon,106.934525,47.901645,"Авто зам, замын байгууламжийн архитектур төлөвлөлтийн даалгавар",Авто замын барилга,Авто зам /2-р зэрэглэлийн туслах зам/,МЗХ2018/22-41,,,,
313102,ТАЗ1662461967001,"Цагаан даваа, Монелийн авто зам",Polygon,106.951178,47.937116,"Авто зам, замын байгууламжийн архитектур төлөвлөлтийн даалгавар",Авто замын барилга,"Цагаан даваа, Монелийн авто зам",,,,,
313456,ТАЗ1536217782001,Улаанхуйрангийн гудамжнаас Дандарбаатарын гудамжта,Polygon,106.975486,47.917345,"Авто зам, замын байгууламжийн архитектур төлөвлөлтийн даалгавар",Авто замын барилга,Улаанхуйрангийн гудамжнаас Дандарбаатарын гудамжта,МЗХ2018/21-29,,,,
313460,ТАЗ1660731060001,Авто зам,Polygon,106.988072,47.910583,"Авто зам, замын байгууламжийн архитектур төлөвлөлтийн даалгавар",Авто замын барилга,Авто зам,,,,,
313461,ТАЗ1660731120001,Авто зам,Polygon,106.991844,47.910615,"Авто зам, замын байгууламжийн архитектур төлөвлөлтийн даалгавар",Авто замын барилга,Авто зам,,,,,
313640,ТАЗ1657202233001,"Авто зам, замын байгууламж",Polygon,106.962997,47.918617,"Авто зам, замын байгууламжийн архитектур төлөвлөлтийн даалгавар",,"Авто зам, замын байгууламж",МЗХ2022/19-002,,,,
314284,ТАЗ1663067486001,Хөнгөн төмөр замын транзит (LRT),Polygon,106.937392,47.913738,"Авто зам, замын байгууламжийн архитектур төлөвлөлтийн даалгавар",Авто замын барилга,Хөнгөн төмөр замын транзит (LRT),МЗХ2022/31-019,,,,
314874,ТАЗ1660295856001,Авто зам замын байгууламж,Polygon,106.968679,47.929228,"Авто зам, замын байгууламжийн архитектур төлөвлөлтийн даалгавар",Авто замын барилга,Авто зам замын байгууламж,МЗХ2022/27-022,,,,
315091,ТАЗ1510566851001,Хотын төвийн хэсэгт хийгдэх унадаг дугуйн замын тр,Polygon,106.951189,47.917565,"Авто зам, замын байгууламжийн архитектур төлөвлөлтийн даалгавар",Авто замын барилга,Хотын төвийн хэсэгт хийгдэх унадаг дугуйн замын тр,2017/16-15,,,,
315825,ТАЗ1641315698001,Хотын шинэ тойрог зам,Polygon,106.995697,47.939762,"Авто зам, замын байгууламжийн архитектур төлөвлөлтийн даалгавар",Авто замын барилга,Хотын шинэ тойрог зам,БХБХ2022/01-023,,,,
315980,ТАЗ1530634758001,Мандала хотхон,Polygon,106.9326,47.901615,"Авто зам, замын байгууламжийн архитектур төлөвлөлтийн даалгавар",Авто замын барилга,Мандала хотхон,МЗХ2017/08-07,,,,
316047,ТАЗ1651683312001,,Polygon,106.604753,47.839593,"Авто зам, замын байгууламжийн архитектур төлөвлөлтийн даалгавар",Авто замын барилга,,МЗХ2022/12-023,,,,
316263,ТАЗ1510573893002,Хотын төвийн хэсэгт хийгдэх унадаг дугуйн замын тр,Polygon,106.954938,47.90971,"Авто зам, замын байгууламжийн архитектур төлөвлөлтийн даалгавар",Авто замын барилга,Хотын төвийн хэсэгт хийгдэх унадаг дугуйн замын тр,2017/16-15,,,,
332223,ТАЗ1522363787001,,Polygon,106.823277,47.865115,"Авто зам, замын байгууламжийн архитектур төлөвлөлтийн даалгавар",,,,,,,
332254,ТАЗ1568046153001,Биокомбинатын авто замаас “Ихмонгол шувуу” ХХК-ийн,Polygon,106.67639,47.856036,"Авто зам, замын байгууламжийн архитектур төлөвлөлтийн даалгавар",,Биокомбинатын авто замаас “Ихмонгол шувуу” ХХК-ийн,МЗХ2019/06-100,,,,
332265,ТАЗ1522614790001,,Polygon,106.936887,47.889938,"Авто зам, замын байгууламжийн архитектур төлөвлөлтийн даалгавар",,,,,,,
332448,ТАЗ1566985951001,Нэхмэлийн шарын дахин төлөвлөлтийн авто зам,Polygon,106.900114,47.89992,"Авто зам, замын байгууламжийн архитектур төлөвлөлтийн даалгавар",Авто замын барилга,Нэхмэлийн шарын дахин төлөвлөлтийн авто зам,ГБМЗХ2019/06-013,,,,
332490,ТАЗ1522607485001,Авто зам,MultiPolygon,106.93589,47.891097,"Авто зам, замын байгууламжийн архитектур төлөвлөлтийн даалгавар",Авто замын барилга,Авто зам,МЗХ2017/22-24,,,,
332728,ТАЗ1567700985001,Нисэхийн автобусны эцсийн буудлаас Сонсголонгийн з,Polygon,106.774966,47.865986,"Авто зам, замын байгууламжийн архитектур төлөвлөлтийн даалгавар",Авто замын барилга,Нисэхийн автобусны эцсийн буудлаас Сонсголонгийн з,ГБМЗХ2019/07-015,,,,
332729,ТАЗ1620050695001,Чингисийн хүрээ цогцолбороос Агролюкс ХХК-ийн эзэм,Polygon,106.828685,47.807629,"Авто зам, замын байгууламжийн архитектур төлөвлөлтийн даалгавар",Авто замын барилга,Чингисийн хүрээ цогцолбороос Агролюкс ХХК-ийн эзэм,МЗХ2021/06-019,,,,
332778,ТАЗ1522359387001,,Polygon,106.823238,47.866651,"Авто зам, замын байгууламжийн архитектур төлөвлөлтийн даалгавар",,,,,,,
332779,ТАЗ1522359428001,,Polygon,106.821833,47.866044,"Авто зам, замын байгууламжийн архитектур төлөвлөлтийн даалгавар",,,,,,,
332780,ТАЗ1522362208001,,MultiPolygon,106.82297,47.864968,"Авто зам, замын байгууламжийн архитектур төлөвлөлтийн даалгавар",,,,,,,
332810,ТАЗ1566470758001,"Кувейтийн авто замаас ""Цээб"" ХХК-ийн эзэмшил газар",Polygon,106.829535,47.778436,"Авто зам, замын байгууламжийн архитектур төлөвлөлтийн даалгавар",Авто замын барилга,"Кувейтийн авто замаас ""Цээб"" ХХК-ийн эзэмшил газар",ГБМЗХ2019/05-060,,,,
332820,ТАЗ1522613572001,,Polygon,106.937067,47.890681,"Авто зам, замын байгууламжийн архитектур төлөвлөлтийн даалгавар",,,,,,,
332931,ТАЗ1619795954001,,Polygon,106.784981,47.849593,"Авто зам, замын байгууламжийн архитектур төлөвлөлтийн даалгавар",Авто замын барилга,,МЗХ2018/13-27,,,,
333041,ТАЗ1522366246001,,Polygon,106.82456,47.863642,"Авто зам, замын байгууламжийн архитектур төлөвлөлтийн даалгавар",,,,,,,
333043,ТАЗ1522609506001,,Polygon,106.935373,47.891193,"Авто зам, замын байгууламжийн архитектур төлөвлөлтийн даалгавар",,,,,,,
333077,ТАЗ1624205832001,Морингийн даваанаас Буянт-Ухаа аюулгүйн тойрог хүр,Polygon,106.752014,47.84808,"Авто зам, замын байгууламжийн архитектур төлөвлөлтийн даалгавар",Авто замын барилга,Морингийн даваанаас Буянт-Ухаа аюулгүйн тойрог хүр,МЗХ2021/09-027,,,,
333083,ТАЗ1522613562001,,Polygon,106.936133,47.890065,"Авто зам, замын байгууламжийн архитектур төлөвлөлтийн даалгавар",,,,,,,
333323,ТАЗ1522358970001,Авто зам,Polygon,106.82292,47.865002,"Авто зам, замын байгууламжийн архитектур төлөвлөлтийн даалгавар",Авто замын барилга,Авто зам,,,,,
333362,ТАЗ1522613996001,,Polygon,106.936734,47.891243,"Авто зам, замын байгууламжийн архитектур төлөвлөлтийн даалгавар",,,,,,,
333641,ТАЗ1522612867001,,Polygon,106.936899,47.89018,"Авто зам, замын байгууламжийн архитектур төлөвлөлтийн даалгавар",,,,,,,
333815,ТАЗ1618413664001,"Авто зам талбай, авто зогсоол  60 машин",Polygon,106.808972,47.865418,"Авто зам, замын байгууламжийн архитектур төлөвлөлтийн даалгавар",Авто замын барилга,"Авто зам талбай, авто зогсоол  60 машин",ГБМЗХ2020/13-068,,,,
333940,ТАЗ1522612476001,,Polygon,106.936189,47.89065,"Авто зам, замын байгууламжийн архитектур төлөвлөлтийн даалгавар",,,,,,,
333941,ТАЗ1522613987001,,Polygon,106.936549,47.891115,"Авто зам, замын байгууламжийн архитектур төлөвлөлтийн даалгавар",,,,,,,
334150,ТАЗ1424097733001,Засвар шинэчлэлт,Polygon,106.761386,47.856867,"Авто зам, замын байгууламжийн архитектур төлөвлөлтийн даалгавар",Авто замын барилга,Засвар шинэчлэлт,,,,,
334152,ТАЗ1522608468001,Тусгаарлах зурвас,Polygon,106.935342,47.891217,"Авто зам, замын байгууламжийн архитектур төлөвлөлтийн даалгавар",Авто замын барилга,Тусгаарлах зурвас,,,,,
334153,ТАЗ1522609518001,,Polygon,106.934848,47.890298,"Авто зам, замын байгууламжийн архитектур төлөвлөлтийн даалгавар",,,,,,,
334220,ТАЗ1429266476001,Яармагийн зам дагуу дугуйн зам,Polygon,106.823558,47.871618,"Авто зам, замын байгууламжийн архитектур төлөвлөлтийн даалгавар",Авто замын барилга,Яармагийн зам дагуу дугуйн зам,,,,,
334322,ТАЗ1619785344001,,Polygon,106.794532,47.848193,"Авто зам, замын байгууламжийн архитектур төлөвлөлтийн даалгавар",Онгоцны буудал,,,,,,
334363,ТАЗ1522267299001,,Polygon,106.918,47.890979,"Авто зам, замын байгууламжийн архитектур төлөвлөлтийн даалгавар",,,,,,,
334398,ТАЗ1622193313001,,Polygon,106.837395,47.865927,"Авто зам, замын байгууламжийн архитектур төлөвлөлтийн даалгавар",,,,,,,
334480,ТАЗ1522610768001,,Polygon,106.936268,47.889927,"Авто зам, замын байгууламжийн архитектур төлөвлөлтийн даалгавар",,,,,,,
334679,ТАЗ1620142969001,Авто зам,Polygon,106.92615,47.89861,"Авто зам, замын байгууламжийн архитектур төлөвлөлтийн даалгавар",Авто замын барилга,Авто зам,ГБМЗХ2020/25-006,,,,
334752,ТАЗ1624269290001,Авто зам,Polygon,106.924034,47.902044,"Авто зам, замын байгууламжийн архитектур төлөвлөлтийн даалгавар",Авто замын барилга,Авто зам,МЗХ2021/10-006,,,,
334758,ТАЗ1522610778001,,Polygon,106.935941,47.889977,"Авто зам, замын байгууламжийн архитектур төлөвлөлтийн даалгавар",,,,,,,
334937,ТАЗ1565827632001,Морингийн давааны хатуу хучилттай авто зам,Polygon,106.725391,47.846693,"Авто зам, замын байгууламжийн архитектур төлөвлөлтийн даалгавар",Авто замын барилга,Морингийн давааны хатуу хучилттай авто зам,ГБМЗХ2019/04-015,,,,
335013,ТАЗ1570062255001,Магнай трейд ШТС-ын баруун талаас Бурхант 5 дугаар,Polygon,106.711422,47.787081,"Авто зам, замын байгууламжийн архитектур төлөвлөлтийн даалгавар",Авто замын барилга,Магнай трейд ШТС-ын баруун талаас Бурхант 5 дугаар,ГБМЗХ2019/11-055,,,,
335020,ТАЗ1522610186001,,Polygon,106.936101,47.889817,"Авто зам, замын байгууламжийн архитектур төлөвлөлтийн даалгавар",,,,,,,
335021,ТАЗ1522610787001,,Polygon,106.935614,47.890026,"Авто зам, замын байгууламжийн архитектур төлөвлөлтийн даалгавар",,,,,,,
335091,ТАЗ1582229202001,Наадамчдын замаас Нийслэлийн Засаг даргын газрын а,Polygon,106.780789,47.857957,"Авто зам, замын байгууламжийн архитектур төлөвлөлтийн даалгавар",Авто замын барилга,Наадамчдын замаас Нийслэлийн Засаг даргын газрын а,ГБМЗХ2020/06-006,,,,
335093,ТАЗ1628866481001,Аялал жуулчлалын цогцолбор,Polygon,106.854077,47.780548,"Авто зам, замын байгууламжийн архитектур төлөвлөлтийн даалгавар",Авто замын барилга,Аялал жуулчлалын цогцолбор,,,,,
335140,ТАЗ1620142986001,авто зам,Polygon,106.927725,47.898659,"Авто зам, замын байгууламжийн архитектур төлөвлөлтийн даалгавар",Авто замын барилга,авто зам,,,,,
335306,ТАЗ1522610799001,,Polygon,106.935288,47.890075,"Авто зам, замын байгууламжийн архитектур төлөвлөлтийн даалгавар",,,,,,,
335415,ТАЗ1618413951001,Авто зогсоол  60 машин,Polygon,106.80848,47.865118,"Авто зам, замын байгууламжийн архитектур төлөвлөлтийн даалгавар",Авто замын барилга,Авто зогсоол  60 машин,,,,,
335543,ТАЗ1522363777001,,Polygon,106.822579,47.865018,"Авто зам, замын байгууламжийн архитектур төлөвлөлтийн даалгавар",,,,,,,
335584,ТАЗ1522610804001,,Polygon,106.935137,47.890098,"Авто зам, замын байгууламжийн архитектур төлөвлөлтийн даалгавар",,,,,,,
335586,ТАЗ1522614864001,,Polygon,106.937076,47.890759,"Авто зам, замын байгууламжийн архитектур төлөвлөлтийн даалгавар",,,,,,,
335728,ТАЗ1620064466001,,Polygon,106.879607,47.903058,"Авто зам, замын байгууламжийн архитектур төлөвлөлтийн даалгавар",Авто замын барилга,,,,,,
335843,ТАЗ1568045620001,", Ривер гарден хотхоны хойд талын авто замаас Зайс",Polygon,106.915878,47.892558,"Авто зам, замын байгууламжийн архитектур төлөвлөлтийн даалгавар",Авто замын барилга,", Ривер гарден хотхоны хойд талын авто замаас Зайс",МЗХ2019/06-079,,,,
335923,ТАЗ1458733265001,Авто зам/яармаг А хэсэг/,Polygon,106.790701,47.869789,"Авто зам, замын байгууламжийн архитектур төлөвлөлтийн даалгавар",Авто замын барилга,Авто зам/яармаг А хэсэг/,,,,,
336086,ТАЗ1522422087001,,Polygon,106.82304,47.864553,"Авто зам, замын байгууламжийн архитектур төлөвлөлтийн даалгавар",,,,,,,
336128,ТАЗ1522612861001,,Polygon,106.936182,47.890215,"Авто зам, замын байгууламжийн архитектур төлөвлөлтийн даалгавар",,,,,,,
336287,ТАЗ1617990519001,Аялал жуулчлалын цогцолбор,Polygon,106.87738,47.886094,"Авто зам, замын байгууламжийн архитектур төлөвлөлтийн даалгавар",Авто замын барилга,Аялал жуулчлалын цогцолбор,ГБМЗХ2020/16-018,,,,
336289,ТАЗ1618413852001,Авто зогсоол 60 машин,Polygon,106.809382,47.865398,"Авто зам, замын байгууламжийн архитектур төлөвлөлтийн даалгавар",Авто замын барилга,Авто зогсоол 60 машин,ГБМЗХ2020/13-068,,,,
336362,ТАЗ1620063695001,,Polygon,106.880217,47.902793,"Авто зам, замын байгууламжийн архитектур төлөвлөлтийн даалгавар",Авто замын барилга,,МЗХ2018/19-07,,,,
336369,ТАЗ1522359379001,,Polygon,106.823478,47.866639,"Авто зам, замын байгууламжийн архитектур төлөвлөлтийн даалгавар",,,,,,,
336403,ТАЗ1566469133001,32-ын автобусны буудлаас Хархорины автобусны бууда,Polygon,106.836071,47.911167,"Авто зам, замын байгууламжийн архитектур төлөвлөлтийн даалгавар",Авто замын барилга,32-ын автобусны буудлаас Хархорины автобусны бууда,ГБМЗХ2019/05-061,,,,
336414,ТАЗ1522614869001,,Polygon,106.937173,47.890229,"Авто зам, замын байгууламжийн архитектур төлөвлөлтийн даалгавар",,,,,,,
336560,ТАЗ1617990533001,Аялал жуулчлалын цогцолбор,Polygon,106.877905,47.885933,"Авто зам, замын байгууламжийн архитектур төлөвлөлтийн даалгавар",Авто замын барилга,Аялал жуулчлалын цогцолбор,ГБМЗХ2020/16-018,,,,
336602,ТАЗ1619633826001,Шатахуун түгээх станц,Polygon,106.788969,47.849045,"Авто зам, замын байгууламжийн архитектур төлөвлөлтийн даалгавар",Авто замын барилга,Шатахуун түгээх станц,МЗХ2018/09-29,,,,
336640,ТАЗ1424097718001,Авто замын шинэчлэлт,Polygon,106.761356,47.857465,"Авто зам, замын байгууламжийн архитектур төлөвлөлтийн даалгавар",Авто замын барилга,Авто замын шинэчлэлт,,,,,
336672,ТАЗ1566468734001,32-ын автобусны буудлаас Хархорины автобусны бууда,Polygon,106.836071,47.911167,"Авто зам, замын байгууламжийн архитектур төлөвлөлтийн даалгавар",Авто замын барилга,32-ын автобусны буудлаас Хархорины автобусны бууда,ГБМЗХ2019/05-061,,,,
336795,ТАЗ1618411322001,Грийн яард ХХК-аас Шувуун фабрикийн авто замын хүр,Polygon,106.586852,47.760396,"Авто зам, замын байгууламжийн архитектур төлөвлөлтийн даалгавар",Авто замын барилга,Грийн яард ХХК-аас Шувуун фабрикийн авто замын хүр,МЗХ2021/05-002,,,,
336877,ТАЗ1619628020001,"Орон сууц, үйлчилгээ",Polygon,106.930979,47.896835,"Авто зам, замын байгууламжийн архитектур төлөвлөлтийн даалгавар",Авто замын барилга,"Орон сууц, үйлчилгээ",ГБМЗХ2019/12-008,,,,
336953,ТАЗ1566470991001,32-ын автобусны буудлаас Хархорины автобусны бууда,Polygon,106.836071,47.911167,"Авто зам, замын байгууламжийн архитектур төлөвлөлтийн даалгавар",Авто замын барилга,32-ын автобусны буудлаас Хархорины автобусны бууда,ГБМЗХ2019/05-061,,,,
336955,ТАЗ1570063895001,Магнай трейд ШТС-ын баруун талаас 14 дүгээр хороон,Polygon,106.705268,47.790093,"Авто зам, замын байгууламжийн архитектур төлөвлөлтийн даалгавар",Авто замын барилга,Магнай трейд ШТС-ын баруун талаас 14 дүгээр хороон,ГБМЗХ2019/11-056,,,,
337196,ТАЗ1621531879001,,Polygon,106.917022,47.896842,"Авто зам, замын байгууламжийн архитектур төлөвлөлтийн даалгавар",Авто замын барилга,,,,,,
337200,ТАЗ1424097031001,"Авто зам, зогсоолын засварлалт",Polygon,106.893943,47.897713,"Авто зам, замын байгууламжийн архитектур төлөвлөлтийн даалгавар",Авто замын барилга,"Авто зам, зогсоолын засварлалт",,,,,
337230,ТАЗ1624210566001,Авто зам,Polygon,106.881325,47.893865,"Авто зам, замын байгууламжийн архитектур төлөвлөлтийн даалгавар",Авто замын барилга,Авто зам,МЗХ2021/09-035,,,,
337235,ТАЗ1522614747001,,Polygon,106.936029,47.890054,"Авто зам, замын байгууламжийн архитектур төлөвлөлтийн даалгавар",,,,,,,
337339,ТАЗ1621520651001,Гадна зам зогсоол,Polygon,106.819108,47.868576,"Авто зам, замын байгууламжийн архитектур төлөвлөлтийн даалгавар",Авто замын барилга,Гадна зам зогсоол,ГБМЗХ2020/07-054,,,,
337452,ТАЗ1522359357001,,Polygon,106.821524,47.866222,"Авто зам, замын байгууламжийн архитектур төлөвлөлтийн даалгавар",,,,,,,
337453,ТАЗ1522359371001,,Polygon,106.822934,47.866846,"Авто зам, замын байгууламжийн архитектур төлөвлөлтийн даалгавар",,,,,,,
337457,ТАЗ1522609501001,,Polygon,106.936157,47.891751,"Авто зам, замын байгууламжийн архитектур төлөвлөлтийн даалгавар",,,,,,,
337672,ТАЗ1519298488001,Яармаг орчмын төлөвлөж буй УДДТөв,MultiPolygon,106.818124,47.870983,"Авто зам, замын байгууламжийн архитектур төлөвлөлтийн даалгавар",,Яармаг орчмын төлөвлөж буй УДДТөв,,,,,
337704,ТАЗ1617961854001,Үйлчилгээтэй орон сууц,Polygon,106.773633,47.854294,"Авто зам, замын байгууламжийн архитектур төлөвлөлтийн даалгавар",Авто замын барилга,Үйлчилгээтэй орон сууц,МЗХ2018/27-41,,,,
337744,ТАЗ1522359397001,,Polygon,106.822586,47.86622,"Авто зам, замын байгууламжийн архитектур төлөвлөлтийн даалгавар",,,,,,,
337745,ТАЗ1522366698001,,Polygon,106.823363,47.863646,"Авто зам, замын байгууламжийн архитектур төлөвлөлтийн даалгавар",,,,,,,
337748,ТАЗ1522609635001,,Polygon,106.934584,47.890663,"Авто зам, замын байгууламжийн архитектур төлөвлөлтийн даалгавар",,,,,,,
337782,ТАЗ1522613567001,,Polygon,106.93712,47.890214,"Авто зам, замын байгууламжийн архитектур төлөвлөлтийн даалгавар",,,,,,,
337783,ТАЗ1522749874001,Дунд голын гүүр,Polygon,106.898252,47.902576,"Авто зам, замын байгууламжийн архитектур төлөвлөлтийн даалгавар",Онгоцны буудал,Дунд голын гүүр,ГБМЗХ2020/30-006,,,,
338014,ТАЗ1566989057001,Орон сууцны 2 дугаар барилгын урд талын авто зогсо,Polygon,106.811813,47.912949,"Авто зам, замын байгууламжийн архитектур төлөвлөлтийн даалгавар",Онгоцны буудал,Орон сууцны 2 дугаар барилгын урд талын авто зогсо,ГБМЗХ2019/06-14,,,,
338053,ТАЗ1522610756001,,Polygon,106.936595,47.889878,"Авто зам, замын байгууламжийн архитектур төлөвлөлтийн даалгавар",,,,,,,
338121,ТАЗ1628696320001,,Polygon,106.835389,47.867235,"Авто зам, замын байгууламжийн архитектур төлөвлөлтийн даалгавар",Авто замын барилга,,МЗХ2021/05-003,,,,
338292,ТАЗ1620837527001,,MultiPolygon,106.930684,47.895151,"Авто зам, замын байгууламжийн архитектур төлөвлөлтийн даалгавар",,,,,,,
338535,ТАЗ1619627997001,"Орон сууц, үйлчилгээ",MultiPolygon,106.927192,47.896043,"Авто зам, замын байгууламжийн архитектур төлөвлөлтийн даалгавар",Авто замын барилга,"Орон сууц, үйлчилгээ",ГБМЗХ2019/12-008,,,,
338612,ТАЗ1522613398001,,Polygon,106.936743,47.889936,"Авто зам, замын байгууламжийн архитектур төлөвлөлтийн даалгавар",,,,,,,
338682,ТАЗ1629294919001,,Polygon,106.922116,47.898568,"Авто зам, замын байгууламжийн архитектур төлөвлөлтийн даалгавар",Авто замын барилга,,,,,,
338773,ТАЗ1620903937001,,Polygon,106.917438,47.893499,"Авто зам, замын байгууламжийн архитектур төлөвлөлтийн даалгавар",Авто замын барилга,,2016/15-30,,,,
338817,ТАЗ1522365552001,,Polygon,106.824172,47.864564,"Авто зам, замын байгууламжийн архитектур төлөвлөлтийн даалгавар",,,,,,,
338892,ТАЗ1522610772001,,Polygon,106.936091,47.889954,"Авто зам, замын байгууламжийн архитектур төлөвлөлтийн даалгавар",,,,,,,
339130,ТАЗ1522366277001,,Polygon,106.822295,47.863326,"Авто зам, замын байгууламжийн архитектур төлөвлөлтийн даалгавар",,,,,,,
339131,ТАЗ1522366401001,,Polygon,106.822588,47.863352,"Авто зам, замын байгууламжийн архитектур төлөвлөлтийн даалгавар",,,,,,,
339396,ТАЗ1566982257001,Буянт-Ухаа спорт цогцолбор хүртэлх авто зам,Polygon,106.783785,47.854725,"Авто зам, замын байгууламжийн архитектур төлөвлөлтийн даалгавар",Авто замын барилга,Буянт-Ухаа спорт цогцолбор хүртэлх авто зам,ГБМЗХ2019/06-012,,,,
339432,ТАЗ1522610762001,,Polygon,106.936445,47.889901,"Авто зам, замын байгууламжийн архитектур төлөвлөлтийн даалгавар",,,,,,,
339979,ТАЗ1570068451001,"Магнай трейд ШТС-ын урд талаас 59 дүгээр сургууль,",Polygon,106.687122,47.782375,"Авто зам, замын байгууламжийн архитектур төлөвлөлтийн даалгавар",Авто замын барилга,"Магнай трейд ШТС-ын урд талаас 59 дүгээр сургууль,",ГБМЗХ2019/11-057,,,,
339984,ТАЗ1522610750001,,Polygon,106.936745,47.889856,"Авто зам, замын байгууламжийн архитектур төлөвлөлтийн даалгавар",,,,,,,
339985,ТАЗ1522613229001,,Polygon,106.936852,47.890672,"Авто зам, замын байгууламжийн архитектур төлөвлөлтийн даалгавар",,,,,,,
340188,ТАЗ1565828819001,Наадамчдын замаас Тайнь-2 дугаар гудамж хүртэлх ав,Polygon,106.777549,47.857842,"Авто зам, замын байгууламжийн архитектур төлөвлөлтийн даалгавар",Авто замын барилга,Наадамчдын замаас Тайнь-2 дугаар гудамж хүртэлх ав,ГБМЗХ2019/04-016,,,,
340192,ТАЗ1622193211001,,Polygon,106.838901,47.866247,"Авто зам, замын байгууламжийн архитектур төлөвлөлтийн даалгавар",Авто замын барилга,,,,,,
340235,ТАЗ1424097704001,Авто замын шинэчлэлт,Polygon,106.759298,47.857566,"Авто зам, замын байгууламжийн архитектур төлөвлөлтийн даалгавар",Авто замын барилга,Авто замын шинэчлэлт,,,,,
340237,ТАЗ1522366211001,,Polygon,106.824361,47.863603,"Авто зам, замын байгууламжийн архитектур төлөвлөлтийн даалгавар",,,,,,,
340268,ТАЗ1570060432001,Өлзийт 1 дүгээр гудамжнаас Өлзийт 21 дүгээр гудамж,Polygon,106.719552,47.785832,"Авто зам, замын байгууламжийн архитектур төлөвлөлтийн даалгавар",Авто замын барилга,Өлзийт 1 дүгээр гудамжнаас Өлзийт 21 дүгээр гудамж,ГБМЗХ2019/11-054,,,,
340270,ТАЗ1624211985001,Явган хүний гүүрэн гарц,Polygon,106.878096,47.888551,"Авто зам, замын байгууламжийн архитектур төлөвлөлтийн даалгавар",,Явган хүний гүүрэн гарц,МЗХ2021/09-029,,,,
340275,ТАЗ1522610793001,,Polygon,106.935438,47.890053,"Авто зам, замын байгууламжийн архитектур төлөвлөлтийн даалгавар",,,,,,,
340501,ТАЗ1522359346001,,MultiPolygon,106.821876,47.866693,"Авто зам, замын байгууламжийн архитектур төлөвлөлтийн даалгавар",,,,,,,
340503,ТАЗ1522609204001,,Polygon,106.935513,47.890888,"Авто зам, замын байгууламжийн архитектур төлөвлөлтийн даалгавар",,,,,,,
340537,ТАЗ1522610782001,,Polygon,106.935791,47.889999,"Авто зам, замын байгууламжийн архитектур төлөвлөлтийн даалгавар",,,,,,,
340804,ТАЗ1588514683001,“А” рамп орчмын орц гарц,Polygon,106.922297,47.908002,"Авто зам, замын байгууламжийн архитектур төлөвлөлтийн даалгавар",Авто замын барилга,“А” рамп орчмын орц гарц,ГБМЗХ2020/15-003,,,,
341399,ТАЗ1581549962001,Дүнжингаравын гудамжнаас Ар Зайсан гудамж хүртэлх ,Polygon,106.905867,47.882635,"Авто зам, замын байгууламжийн архитектур төлөвлөлтийн даалгавар",Авто замын барилга,Дүнжингаравын гудамжнаас Ар Зайсан гудамж хүртэлх,ГБМЗХ2020/04-033,,,,
341533,ТАЗ1628768957001,Орон сууцны барилга,Polygon,106.772959,47.855327,"Авто зам, замын байгууламжийн архитектур төлөвлөлтийн даалгавар",Авто замын барилга,Орон сууцны барилга,ГБМЗХ2019/08-009,,,,
341630,ТАЗ1637744770001,110кВ-ын ЦДАШ,MultiPolygon,106.738145,47.828573,"Авто зам, замын байгууламжийн архитектур төлөвлөлтийн даалгавар",,110кВ-ын ЦДАШ,,,,,
341667,ТАЗ1581430129001,"НАЗХГ ХУД, 9-р хороо, Буянт-Ухаа 13-р гудамжны 481",Polygon,106.767995,47.866285,"Авто зам, замын байгууламжийн архитектур төлөвлөлтийн даалгавар",Авто замын барилга,"НАЗХГ ХУД, 9-р хороо, Буянт-Ухаа 13-р гудамжны 481",ГБМЗХ2020/04-030,,,,
342035,ТАЗ1574344715001,,Polygon,106.857355,47.880382,"Авто зам, замын байгууламжийн архитектур төлөвлөлтийн даалгавар",Авто замын барилга,,,,,,
342256,ТАЗ1581532023001,Баруун Сонсголонгийн гудамжнаас Тайнь 1-р гудамжны,Polygon,106.766606,47.858238,"Авто зам, замын байгууламжийн архитектур төлөвлөлтийн даалгавар",Авто замын барилга,Баруун Сонсголонгийн гудамжнаас Тайнь 1-р гудамжны,ГБМЗХ2020/04-031,,,,
342258,ТАЗ1634823482001,Аялал жуулчлалын цогцолбор,Polygon,106.843064,47.8608,"Авто зам, замын байгууламжийн архитектур төлөвлөлтийн даалгавар",Авто замын барилга,Аялал жуулчлалын цогцолбор,1,,,,
342514,ТАЗ1582206314001,Дамбадаржаагийн гудамжнаас Дамбадаржаагийн 2-р гуд,Polygon,106.925829,47.973518,"Авто зам, замын байгууламжийн архитектур төлөвлөлтийн даалгавар",Авто замын барилга,Дамбадаржаагийн гудамжнаас Дамбадаржаагийн 2-р гуд,ГБМЗХ2020/06-004,,,,
342710,ТАЗ1636551563001,Аялал жуулчлалын цогцолбор,MultiPolygon,106.875721,47.792123,"Авто зам, замын байгууламжийн архитектур төлөвлөлтийн даалгавар",Авто замын барилга,Аялал жуулчлалын цогцолбор,ГБМЗХ2020/09-002,,,,
342933,ТАЗ1628682688001,,Polygon,106.925261,47.902966,"Авто зам, замын байгууламжийн архитектур төлөвлөлтийн даалгавар",Авто замын барилга,"Шүүхэд маргаантай байгаа.Дотоод хяналт, хуулийн хэлтэс Д.Наранбаатар",ХУ/04/07,,,,
343359,ТАЗ1582200680001,Баруун Сонсголонгийн гудамжнаас Нисэх 1-р гудамжны,Polygon,106.75935,47.859433,"Авто зам, замын байгууламжийн архитектур төлөвлөлтийн даалгавар",Авто замын барилга,Баруун Сонсголонгийн гудамжнаас Нисэх 1-р гудамжны,ГБМЗХ2020/06-003,,,,
343642,ТАЗ1634903372001,Аялал жуулчлалын цогцолбор,MultiPolygon,106.84737,47.851721,"Авто зам, замын байгууламжийн архитектур төлөвлөлтийн даалгавар",Авто замын барилга,Аялал жуулчлалын цогцолбор,ГБМЗХ2020/13-003,,,,
343758,ТАЗ1628761233001,,Polygon,106.829531,47.866817,"Авто зам, замын байгууламжийн архитектур төлөвлөлтийн даалгавар",Авто замын барилга,,МЗХ2021/03-007,,,,
344032,ТАЗ1627902910001,ҮЕРИЙН СУВАГ,Polygon,106.687762,47.859731,"Авто зам, замын байгууламжийн архитектур төлөвлөлтийн даалгавар",,ҮЕРИЙН СУВАГ,,,,,
344200,ТАЗ1634827804001,,Polygon,106.84451,47.859839,"Авто зам, замын байгууламжийн архитектур төлөвлөлтийн даалгавар",Авто замын барилга,,,,,,
344757,ТАЗ1581553342001,Наадамчдын замаас “Эс Эл Эс Мейнтэнанс Сольюшн” ХХ,Polygon,106.817876,47.865226,"Авто зам, замын байгууламжийн архитектур төлөвлөлтийн даалгавар",Авто замын барилга,Наадамчдын замаас “Эс Эл Эс Мейнтэнанс Сольюшн” ХХ,ГБМЗХ2020/04-047,,,,
345149,ТАЗ1628516310001,,Polygon,106.817641,47.815186,"Авто зам, замын байгууламжийн архитектур төлөвлөлтийн даалгавар",Онгоцны буудал,Аялал жуулчлалын цогцолбор,МЗХ2021/09-023,,,,
345293,ТАЗ1428079021001,ТП,Polygon,106.803597,47.84588,"Авто зам, замын байгууламжийн архитектур төлөвлөлтийн даалгавар",,ТП,,,,,
345606,ТАЗ1589982295001,Ривер гарден хотхоны хойд талын авто замаас Зайсан,Polygon,106.915892,47.891794,"Авто зам, замын байгууламжийн архитектур төлөвлөлтийн даалгавар",Авто замын барилга,Ривер гарден хотхоны хойд талын авто замаас Зайсан,ГБМЗХ2020/16-020,,,,
346202,ТАЗ1634891418001,Нийслэлийн нутгийн захиргааны цогцолбор,MultiPolygon,106.835162,47.870791,"Авто зам, замын байгууламжийн архитектур төлөвлөлтийн даалгавар",Авто замын барилга,Нийслэлийн нутгийн захиргааны цогцолбор,МЗХ2018/17-03,,,,
346364,ТАЗ1636379058001,,Polygon,106.601783,47.752358,"Авто зам, замын байгууламжийн архитектур төлөвлөлтийн даалгавар",,,,,,,
346477,ТАЗ1631093109001,Өрхийн эрүүл мэндийн төв,Polygon,106.708969,47.7881,"Авто зам, замын байгууламжийн архитектур төлөвлөлтийн даалгавар",Авто замын барилга,Өрхийн эрүүл мэндийн төв,МЗХ2021/03-009,,,,
346769,ТАЗ1582199843001,Морингийн замаас Нисэх 3-р гудамжны 34а тоот хашаа,Polygon,106.756911,47.858327,"Авто зам, замын байгууламжийн архитектур төлөвлөлтийн даалгавар",Авто замын барилга,Морингийн замаас Нисэх 3-р гудамжны 34а тоот хашаа,ГБМЗХ2020-06-002,,,,
346993,ТАЗ1633621892001,Аялал жуулчлалын цогцолбор,Polygon,106.878409,47.883866,"Авто зам, замын байгууламжийн архитектур төлөвлөлтийн даалгавар",Авто замын барилга,Аялал жуулчлалын цогцолбор,ГБМЗХ2020/16-014,,,,
347145,ТАЗ1574073865001,,Polygon,106.843377,47.872086,"Авто зам, замын байгууламжийн архитектур төлөвлөлтийн даалгавар",Онгоцны буудал,Авто зам,ГБМЗХ2019/18-008,,,,
347312,ТАЗ1638267407001,Үйлчилгээний барилга,Polygon,106.920109,47.902205,"Авто зам, замын байгууламжийн архитектур төлөвлөлтийн даалгавар",Авто замын барилга,Үйлчилгээний барилга,МЗХ2021/11-020,,,,
347353,ТАЗ1631272515001,Агуулахын барилга,Polygon,106.871265,47.902548,"Авто зам, замын байгууламжийн архитектур төлөвлөлтийн даалгавар",Авто замын барилга,Агуулахын барилга,МЗХ2021/17-008,,,,
347828,ТАЗ1581547003001,Наадамчдын замаас Тайнь 7-р гудамжны 181Б тоот хаш,Polygon,106.771079,47.859015,"Авто зам, замын байгууламжийн архитектур төлөвлөлтийн даалгавар",Онгоцны буудал,Наадамчдын замаас Тайнь 7-р гудамжны 181Б тоот хаш,ГБМЗХ2020/04-032,,,,
347949,ТАЗ1454346059001,Ажнай Цэгц ХХК ГХДТ-н холбооны шугам,Polygon,106.788452,47.87104,"Авто зам, замын байгууламжийн архитектур төлөвлөлтийн даалгавар",Барилга,Ажнай Цэгц ХХК ГХДТ-н холбооны шугам,,,,,
348105,ТАЗ1582911950001,Хан-Уул дүүргийн нэгдсэн эмнэлгийн зүүн талаас “Би,Polygon,106.835708,47.865619,"Авто зам, замын байгууламжийн архитектур төлөвлөлтийн даалгавар",Авто замын барилга,Хан-Уул дүүргийн нэгдсэн эмнэлгийн зүүн талаас “Би,ГБМЗХ2020/07-049,,,,
348106,ТАЗ1635240109001,Үйлчилгээтэй орон сууц,MultiPolygon,106.770247,47.858342,"Авто зам, замын байгууламжийн архитектур төлөвлөлтийн даалгавар",Авто замын барилга,Үйлчилгээтэй орон сууц,МЗХ2021/17-009,,,,
348194,ТАЗ1638287685001,"Жаргалантын амны авто замаас Эко ахмадын сувилал, ",Polygon,106.79598,47.808326,"Авто зам, замын байгууламжийн архитектур төлөвлөлтийн даалгавар",Авто замын барилга,"Жаргалантын амны авто замаас Эко ахмадын сувилал,",МЗХ2021/20-036,,,,
348217,ТАЗ1628693522001,,Polygon,106.83545,47.866812,"Авто зам, замын байгууламжийн архитектур төлөвлөлтийн даалгавар",Авто замын барилга,,МЗХ2021/05-003,,,,
348268,ТАЗ1636650597001,Орон сууцны цогцолбор хотхон,Polygon,106.774017,47.857313,"Авто зам, замын байгууламжийн архитектур төлөвлөлтийн даалгавар",Авто замын барилга,Орон сууцны цогцолбор хотхон,ГБМЗХ2019/21-003,,,,
348471,ТАЗ1588761535001,Наадамчдын замаас “Нийслэлийн орон сууцны корпорац,Polygon,106.78226,47.857957,"Авто зам, замын байгууламжийн архитектур төлөвлөлтийн даалгавар",Авто замын барилга,Наадамчдын замаас “Нийслэлийн орон сууцны корпорац,ГБМЗХ2020/19-025,,,,
348481,ТАЗ1468840656001,Дөрвөн улирлын цэцэрлэг авто зам,Polygon,106.915641,47.897759,"Авто зам, замын байгууламжийн архитектур төлөвлөлтийн даалгавар",,Дөрвөн улирлын цэцэрлэг авто зам,,,,,
348725,ТАЗ1464000424001,Хурдны авто зам,Polygon,106.756007,47.691367,"Авто зам, замын байгууламжийн архитектур төлөвлөлтийн даалгавар",Авто замын барилга,Хурдны авто зам,,,,,
348780,ТАЗ1629295194001,,Polygon,106.921826,47.899045,"Авто зам, замын байгууламжийн архитектур төлөвлөлтийн даалгавар",Авто замын барилга,,МЗХ2018/29-35,,,,
349384,ТАЗ1639989252001,Хуваарилах байгууламж РП,Polygon,106.835988,47.861222,"Авто зам, замын байгууламжийн архитектур төлөвлөлтийн даалгавар",,Хуваарилах байгууламж РП,,,,,
349585,ТАЗ1534434892001,,Polygon,106.898364,47.892662,"Авто зам, замын байгууламжийн архитектур төлөвлөлтийн даалгавар",Авто замын барилга,,,,,,
349586,ТАЗ1534438360001,,Polygon,106.898592,47.892377,"Авто зам, замын байгууламжийн архитектур төлөвлөлтийн даалгавар",Авто замын барилга,,,,,,
349587,ТАЗ1536181109001,Хотын шинэ захиргааны барилга орчмын туслах гудамж,Polygon,106.806721,47.8485,"Авто зам, замын байгууламжийн архитектур төлөвлөлтийн даалгавар",Авто замын барилга,Хотын шинэ захиргааны барилга орчмын туслах гудамж,МЗХ2018/21-33,,,,
349654,ТАЗ1527152872001,Авто зам,Polygon,106.802389,47.744393,"Авто зам, замын байгууламжийн архитектур төлөвлөлтийн даалгавар",Авто замын барилга,Авто зам,,,,,
349655,ТАЗ1527154372001,Одоо байгаа авто зам,Polygon,106.88179,47.892697,"Авто зам, замын байгууламжийн архитектур төлөвлөлтийн даалгавар",Авто замын барилга,Одоо байгаа авто зам,,,,,
349821,ТАЗ1533121809001,,Polygon,106.762346,47.830357,"Авто зам, замын байгууламжийн архитектур төлөвлөлтийн даалгавар",Авто замын барилга,,,,,,
349864,ТАЗ1534438166001,,Polygon,106.898935,47.892535,"Авто зам, замын байгууламжийн архитектур төлөвлөлтийн даалгавар",Авто замын барилга,,,,,,
349865,ТАЗ1534438184001,,Polygon,106.898693,47.89259,"Авто зам, замын байгууламжийн архитектур төлөвлөлтийн даалгавар",Авто замын барилга,,,,,,
349945,ТАЗ1469437770001,Дулааны шугам,Polygon,106.786994,47.845471,"Авто зам, замын байгууламжийн архитектур төлөвлөлтийн даалгавар",Орон сууц /үйлчилгээгүй/,Дулааны шугам,,,,,
350146,ТАЗ1534435070001,,Polygon,106.899469,47.892655,"Авто зам, замын байгууламжийн архитектур төлөвлөлтийн даалгавар",Авто замын барилга,,,,,,
350147,ТАЗ1534438410001,,Polygon,106.89876,47.892479,"Авто зам, замын байгууламжийн архитектур төлөвлөлтийн даалгавар",Авто замын барилга,,,,,,
350339,ТАЗ1530097386001,"""Отгонбуянт хүрээ"" ХХК-ийн хийдийн барилга хүртэлх",Polygon,106.862094,47.881218,"Авто зам, замын байгууламжийн архитектур төлөвлөлтийн даалгавар",Авто замын барилга,"""Отгонбуянт хүрээ"" ХХК-ийн хийдийн барилга хүртэлх",МЗХ2018/15-21,,,,
350410,ТАЗ1534438027001,,Polygon,106.899276,47.892805,"Авто зам, замын байгууламжийн архитектур төлөвлөлтийн даалгавар",Авто замын барилга,,,,,,
350411,ТАЗ1534438255001,,Polygon,106.898769,47.892587,"Авто зам, замын байгууламжийн архитектур төлөвлөлтийн даалгавар",Авто замын барилга,,,,,,
350420,ТАЗ1320883200009,Авто зам,Polygon,106.886771,47.889527,"Авто зам, замын байгууламжийн архитектур төлөвлөлтийн даалгавар",Авто замын барилга,Авто зам,,,,,
350666,ТАЗ1533121851001,,Polygon,106.759481,47.831311,"Авто зам, замын байгууламжийн архитектур төлөвлөлтийн даалгавар",Авто замын барилга,,,,,,
350709,ТАЗ1534434812001,,Polygon,106.898517,47.892596,"Авто зам, замын байгууламжийн архитектур төлөвлөлтийн даалгавар",Авто замын барилга,,,,,,
350979,ТАЗ1534438133001,,Polygon,106.898932,47.892581,"Авто зам, замын байгууламжийн архитектур төлөвлөлтийн даалгавар",Авто замын барилга,,,,,,
350980,ТАЗ1534438326001,,Polygon,106.898608,47.892585,"Авто зам, замын байгууламжийн архитектур төлөвлөлтийн даалгавар",Авто замын барилга,,,,,,
351102,ТАЗ1527623039001,Туул голын Сонгинын төмөрбетон гүүр,Polygon,106.676028,47.848151,"Авто зам, замын байгууламжийн архитектур төлөвлөлтийн даалгавар",Авто замын барилга,Туул голын Сонгинын төмөрбетон гүүр,МЗХ2018/13-38,,,,
351191,ТАЗ1598358784001,Авто зам,Polygon,106.892099,47.889927,"Авто зам, замын байгууламжийн архитектур төлөвлөлтийн даалгавар",Авто замын барилга,Авто зам,ГБМЗХ2020/32-012,,,,
351273,ТАЗ1534434782001,,Polygon,106.898928,47.892661,"Авто зам, замын байгууламжийн архитектур төлөвлөлтийн даалгавар",Авто замын барилга,,,,,,
351274,ТАЗ1534438019001,,Polygon,106.899298,47.892803,"Авто зам, замын байгууламжийн архитектур төлөвлөлтийн даалгавар",Авто замын барилга,,,,,,
351555,ТАЗ1534434857001,,Polygon,106.898495,47.892327,"Авто зам, замын байгууламжийн архитектур төлөвлөлтийн даалгавар",Авто замын барилга,,,,,,
351756,ТАЗ1643188684001,Аялал жуулчлалын цогцолбор,MultiPolygon,106.920806,47.886726,"Авто зам, замын байгууламжийн архитектур төлөвлөлтийн даалгавар",Авто замын барилга,Аялал жуулчлалын цогцолбор,ГБМЗХ2020/17-040,,,,
351824,ТАЗ1534438404001,,Polygon,106.898763,47.892514,"Авто зам, замын байгууламжийн архитектур төлөвлөлтийн даалгавар",Авто замын барилга,,,,,,
351826,ТАЗ1536183378001,Наадамчдын замын дагуух туслах зам,Polygon,106.854093,47.878547,"Авто зам, замын байгууламжийн архитектур төлөвлөлтийн даалгавар",Авто замын барилга,Наадамчдын замын дагуух туслах зам,МЗХ2018/21-31,,,,
351959,ТАЗ1595844451001,,Polygon,106.830842,47.869274,"Авто зам, замын байгууламжийн архитектур төлөвлөлтийн даалгавар",Авто замын барилга,,,,,,
352011,ТАЗ1464000424002,Хурдны авто зам,Polygon,106.750691,47.802098,"Авто зам, замын байгууламжийн архитектур төлөвлөлтийн даалгавар",Авто замын барилга,Хурдны авто зам,,,,,
352118,ТАЗ1534438353001,,Polygon,106.898596,47.892431,"Авто зам, замын байгууламжийн архитектур төлөвлөлтийн даалгавар",Авто замын барилга,,,,,,
352119,ТАЗ1536181221001,Хотын шинэ захиргааны барилга орчмын туслах гудамж,Polygon,106.837912,47.868666,"Авто зам, замын байгууламжийн архитектур төлөвлөлтийн даалгавар",Авто замын барилга,Хотын шинэ захиргааны барилга орчмын туслах гудамж,МЗХ2018/21-33,,,,
352125,ТАЗ1306281600012,,Polygon,106.789628,47.849045,"Авто зам, замын байгууламжийн архитектур төлөвлөлтийн даалгавар",Газар доорх нүхэн гарцын барилга,,,,,,
352208,ТАЗ1522359365001,,Polygon,106.82171,47.866444,"Авто зам, замын байгууламжийн архитектур төлөвлөлтийн даалгавар",,,,,,,
352211,ТАЗ1522609495001,,Polygon,106.936534,47.892046,"Авто зам, замын байгууламжийн архитектур төлөвлөлтийн даалгавар",,,,,,,
352325,ТАЗ1522610003001,,Polygon,106.937611,47.891093,"Авто зам, замын байгууламжийн архитектур төлөвлөлтийн даалгавар",,,,,,,
352358,ТАЗ1570550369001,,Polygon,106.851354,47.869484,"Авто зам, замын байгууламжийн архитектур төлөвлөлтийн даалгавар",,,,,,,
352416,ТАЗ1589278908001,Тэнгэр рашааны гудамжнаас Хүүхдийн хорихын зүүн та,Polygon,106.915128,47.873147,"Авто зам, замын байгууламжийн архитектур төлөвлөлтийн даалгавар",Авто замын барилга,Тэнгэр рашааны гудамжнаас Хүүхдийн хорихын зүүн тал. Шүүхийн маргаантай байгаа./Захиргааны хэргийн шүүхэд иргэн Н.Нансалмаагийн нэхэмжлэлтэй/,ГБМЗХ2020/20-019,,,,
352553,ТАЗ1464000424003,Хурдны авто зам,Polygon,106.700652,47.752028,"Авто зам, замын байгууламжийн архитектур төлөвлөлтийн даалгавар",Авто замын барилга,Хурдны авто зам,,,,,
352586,ТАЗ1598357037001,Автозам,Polygon,106.860124,47.877337,"Авто зам, замын байгууламжийн архитектур төлөвлөлтийн даалгавар",Авто замын барилга,Автозам,ГБМЗХ2020/32-010,,,,
352656,ТАЗ1534438124001,,Polygon,106.898903,47.892582,"Авто зам, замын байгууламжийн архитектур төлөвлөлтийн даалгавар",Авто замын барилга,,,,,,
352657,ТАЗ1534438384001,,Polygon,106.898676,47.892428,"Авто зам, замын байгууламжийн архитектур төлөвлөлтийн даалгавар",Авто замын барилга,,,,,,
353099,ТАЗ1532367817001,"ХУД, 04-р хороо, ХУД-ийн Нэгдсэн эмнэлгийн зүүн хо",Polygon,106.833926,47.871822,"Авто зам, замын байгууламжийн архитектур төлөвлөлтийн даалгавар",Авто замын барилга,"ХУД, 04-р хороо, ХУД-ийн Нэгдсэн эмнэлгийн зүүн хо",МЗХ2018/17-25,,,,
353235,ТАЗ1533830621001,,Polygon,106.772845,47.855852,"Авто зам, замын байгууламжийн архитектур төлөвлөлтийн даалгавар",Авто замын барилга,,,,,,
353237,ТАЗ1534438426001,,Polygon,106.898751,47.892371,"Авто зам, замын байгууламжийн архитектур төлөвлөлтийн даалгавар",Авто замын барилга,,,,,,
353239,ТАЗ1601382316001,,Polygon,106.676477,47.856054,"Авто зам, замын байгууламжийн архитектур төлөвлөлтийн даалгавар",Авто замын барилга,,,,,,
353264,ТАЗ1581333882001,Бохир усны,Polygon,106.822381,47.864855,"Авто зам, замын байгууламжийн архитектур төлөвлөлтийн даалгавар",,Бохир усны,,,,,
353471,ТАЗ1533121758001,,Polygon,106.760672,47.831727,"Авто зам, замын байгууламжийн архитектур төлөвлөлтийн даалгавар",Авто замын барилга,,,,,,
353516,ТАЗ1327968000003,Авто зам,Polygon,106.898063,47.895053,"Авто зам, замын байгууламжийн архитектур төлөвлөлтийн даалгавар",Авто замын барилга,Авто зам,,,,,
353581,ТАЗ1528103374001,,Polygon,106.78072,47.85836,"Авто зам, замын байгууламжийн архитектур төлөвлөлтийн даалгавар",Авто замын барилга,,,,,,
353779,ТАЗ1533830661001,,Polygon,106.772564,47.85581,"Авто зам, замын байгууламжийн архитектур төлөвлөлтийн даалгавар",Авто замын барилга,,,,,,
353780,ТАЗ1534438194001,,Polygon,106.89871,47.892588,"Авто зам, замын байгууламжийн архитектур төлөвлөлтийн даалгавар",Авто замын барилга,,,,,,
353781,ТАЗ1534438393001,,Polygon,106.898672,47.892374,"Авто зам, замын байгууламжийн архитектур төлөвлөлтийн даалгавар",Авто замын барилга,,,,,,
353782,ТАЗ1536183202001,Наадамчдын замын дагуух туслах зам,Polygon,106.824831,47.871084,"Авто зам, замын байгууламжийн архитектур төлөвлөлтийн даалгавар",Авто замын барилга,Наадамчдын замын дагуух туслах зам,МЗХ2018/21-31,,,,
353996,ТАЗ1598359165001,Автозам,Polygon,106.892118,47.889927,"Авто зам, замын байгууламжийн архитектур төлөвлөлтийн даалгавар",Авто замын барилга,Автозам,ГБМЗХ2020/32-012,,,,
354092,ТАЗ1533830638001,,Polygon,106.772503,47.855702,"Авто зам, замын байгууламжийн архитектур төлөвлөлтийн даалгавар",Авто замын барилга,,,,,,
354093,ТАЗ1534434803001,,Polygon,106.89852,47.892645,"Авто зам, замын байгууламжийн архитектур төлөвлөлтийн даалгавар",Авто замын барилга,,,,,,
354094,ТАЗ1534438000001,,Polygon,106.899302,47.892859,"Авто зам, замын байгууламжийн архитектур төлөвлөлтийн даалгавар",Авто замын барилга,,,,,,
354312,ТАЗ1533121800001,,Polygon,106.757824,47.827818,"Авто зам, замын байгууламжийн архитектур төлөвлөлтийн даалгавар",Авто замын барилга,,,,,,
354353,ТАЗ1534434848001,,Polygon,106.898499,47.892381,"Авто зам, замын байгууламжийн архитектур төлөвлөлтийн даалгавар",Авто замын барилга,,,,,,
354394,ТАЗ1473074838001,Дөрвөн улирлын цэцэрлэг авто зам,Polygon,106.91932,47.894656,"Авто зам, замын байгууламжийн архитектур төлөвлөлтийн даалгавар",Талбайн тохижилт барилга,Дөрвөн улирлын цэцэрлэг авто зам,,,,,
354423,ТАЗ1527154394001,Авто зам,Polygon,106.881874,47.892736,"Авто зам, замын байгууламжийн архитектур төлөвлөлтийн даалгавар",Авто замын барилга,Авто зам,,,,,
354621,ТАЗ1533830601001,,Polygon,106.773053,47.855733,"Авто зам, замын байгууламжийн архитектур төлөвлөлтийн даалгавар",Авто замын барилга,,,,,,
354622,ТАЗ1534434831001,,Polygon,106.898508,47.892488,"Авто зам, замын байгууламжийн архитектур төлөвлөлтийн даалгавар",Авто замын барилга,,,,,,
354633,ТАЗ1281398400001,,Polygon,106.905585,47.879732,"Авто зам, замын байгууламжийн архитектур төлөвлөлтийн даалгавар",Авто замын барилга,,,,,,
354679,ТАЗ1589217405001,Наадамчдын замаас Нүхтийн амны эцэс хүртэлх авто з,Polygon,106.83683,47.848559,"Авто зам, замын байгууламжийн архитектур төлөвлөлтийн даалгавар",Авто замын барилга,Наадамчдын замаас Нүхтийн амны эцэс хүртэлх авто з,ГБМЗХ2020/20-018,,,,
354753,ТАЗ1591260350001,"ХУД, 10-р хороо, Морингийн даваа орчмын шинэ суурь",Polygon,106.717437,47.84121,"Авто зам, замын байгууламжийн архитектур төлөвлөлтийн даалгавар",Авто замын барилга,"ХУД, 10-р хороо, Морингийн даваа орчмын шинэ суурь",ГБМЗХ2020/22-031,,,,
354911,ТАЗ1534438375001,,Polygon,106.898681,47.892482,"Авто зам, замын байгууламжийн архитектур төлөвлөлтийн даалгавар",Авто замын барилга,,,,,,
354917,ТАЗ1645116038001,Аялал жуулчлалын цогцолбор,Polygon,106.827728,47.861195,"Авто зам, замын байгууламжийн архитектур төлөвлөлтийн даалгавар",Авто замын барилга,Аялал жуулчлалын цогцолбор,ГБМЗХ2019/23-016,,,,
355176,ТАЗ1534438157001,,Polygon,106.898912,47.892536,"Авто зам, замын байгууламжийн архитектур төлөвлөлтийн даалгавар",Авто замын барилга,,,,,,
355177,ТАЗ1534438345001,,Polygon,106.898601,47.892485,"Авто зам, замын байгууламжийн архитектур төлөвлөлтийн даалгавар",Авто замын барилга,,,,,,
355184,ТАЗ1327968000004,Сонсголонгийн гүүр,Polygon,106.784311,47.874243,"Авто зам, замын байгууламжийн архитектур төлөвлөлтийн даалгавар",Гүүрэн гарцын барилга,Сонсголонгийн гүүр,,,,,
355186,ТАЗ1327968000005,Зайсангийн гүүр,Polygon,106.909993,47.889718,"Авто зам, замын байгууламжийн архитектур төлөвлөлтийн даалгавар",Авто замын барилга,Зайсангийн гүүр,,,,,
355426,ТАЗ1533121863001,,Polygon,106.759806,47.831058,"Авто зам, замын байгууламжийн архитектур төлөвлөлтийн даалгавар",Авто замын барилга,,,,,,
355467,ТАЗ1533830589001,,Polygon,106.773371,47.855538,"Авто зам, замын байгууламжийн архитектур төлөвлөлтийн даалгавар",Авто замын барилга,,,,,,
355468,ТАЗ1534438141001,,Polygon,106.898915,47.892581,"Авто зам, замын байгууламжийн архитектур төлөвлөлтийн даалгавар",Авто замын барилга,,,,,,
355476,ТАЗ1296172800001,Авто зам,Polygon,106.924198,47.891042,"Авто зам, замын байгууламжийн архитектур төлөвлөлтийн даалгавар",Авто замын барилга,Авто зам,,,,,
355743,ТАЗ1534435209001,,Polygon,106.898363,47.892641,"Авто зам, замын байгууламжийн архитектур төлөвлөлтийн даалгавар",Авто замын барилга,,,,,,
356048,ТАЗ1533830651001,,Polygon,106.772606,47.855812,"Авто зам, замын байгууламжийн архитектур төлөвлөлтийн даалгавар",Авто замын барилга,,,,,,
356049,ТАЗ1534437985001,,Polygon,106.899303,47.892821,"Авто зам, замын байгууламжийн архитектур төлөвлөлтийн даалгавар",Авто замын барилга,,,,,,
356140,ТАЗ1643118336001,Авто зам,Polygon,106.775037,47.862058,"Авто зам, замын байгууламжийн архитектур төлөвлөлтийн даалгавар",Авто замын барилга,Авто зам,ХЕТ2022/00-12,,,,
356223,ТАЗ1598358282001,Автозам,Polygon,106.853287,47.878043,"Авто зам, замын байгууламжийн архитектур төлөвлөлтийн даалгавар",Авто замын барилга,Автозам,ГБМЗХ2020/32-011,,,,
356307,ТАЗ1534438010001,,Polygon,106.8993,47.892823,"Авто зам, замын байгууламжийн архитектур төлөвлөлтийн даалгавар",Авто замын барилга,,,,,,
356308,ТАЗ1534438269001,,Polygon,106.898797,47.892586,"Авто зам, замын байгууламжийн архитектур төлөвлөлтийн даалгавар",Авто замын барилга,,,,,,
356318,ТАЗ1279152000001,,Polygon,106.632747,47.800936,"Авто зам, замын байгууламжийн архитектур төлөвлөлтийн даалгавар",Авто замын барилга,,,,,,
356589,ТАЗ1534434821001,,Polygon,106.898512,47.892542,"Авто зам, замын байгууламжийн архитектур төлөвлөлтийн даалгавар",Авто замын барилга,,,,,,
356590,ТАЗ1534434840001,,Polygon,106.898504,47.892434,"Авто зам, замын байгууламжийн архитектур төлөвлөлтийн даалгавар",Авто замын барилга,,,,,,
356591,ТАЗ1534438336001,,Polygon,106.898605,47.892539,"Авто зам, замын байгууламжийн архитектур төлөвлөлтийн даалгавар",Авто замын барилга,,,,,,
356597,ТАЗ1281398400002,Авто зам,Polygon,106.926807,47.895536,"Авто зам, замын байгууламжийн архитектур төлөвлөлтийн даалгавар",Авто замын барилга,Авто зам,,,,,
356867,ТАЗ1533830611001,,Polygon,106.773473,47.855934,"Авто зам, замын байгууламжийн архитектур төлөвлөлтийн даалгавар",Авто замын барилга,,,,,,
356868,ТАЗ1534438248001,,Polygon,106.898784,47.892615,"Авто зам, замын байгууламжийн архитектур төлөвлөлтийн даалгавар",Авто замын барилга,,,,,,
356869,ТАЗ1534438418001,,Polygon,106.898756,47.892425,"Авто зам, замын байгууламжийн архитектур төлөвлөлтийн даалгавар",,,,,,,
357120,ТАЗ1533121841001,,Polygon,106.758878,47.830096,"Авто зам, замын байгууламжийн архитектур төлөвлөлтийн даалгавар",Авто замын барилга,,,,,,
357160,ТАЗ1534435057001,,Polygon,106.898929,47.892675,"Авто зам, замын байгууламжийн архитектур төлөвлөлтийн даалгавар",Авто замын барилга,,,,,,
357427,ТАЗ1534438203001,,Polygon,106.898669,47.89259,"Авто зам, замын байгууламжийн архитектур төлөвлөлтийн даалгавар",Авто замын барилга,,,,,,
357428,ТАЗ1534438232001,,Polygon,106.898797,47.892614,"Авто зам, замын байгууламжийн архитектур төлөвлөлтийн даалгавар",Авто замын барилга,,,,,,
357429,ТАЗ1534438292001,,Polygon,106.898758,47.892542,"Авто зам, замын байгууламжийн архитектур төлөвлөлтийн даалгавар",Авто замын барилга,,,,,,
357430,ТАЗ1534438306001,,Polygon,106.8988,47.892541,"Авто зам, замын байгууламжийн архитектур төлөвлөлтийн даалгавар",,,,,,,
357433,ТАЗ1645798017001,Нутаг дэвсгэрийн зам,Polygon,106.775052,47.863989,"Авто зам, замын байгууламжийн архитектур төлөвлөлтийн даалгавар",Авто замын барилга,Нутаг дэвсгэрийн зам,БХБХ2022/01-037,,,,
357546,ТАЗ1591712476001,"ХУД, 10-р хороо, Морингийн даваа орчмын шинэ суурь",Polygon,106.720603,47.839707,"Авто зам, замын байгууламжийн архитектур төлөвлөлтийн даалгавар",Авто замын барилга,"ХУД, 10-р хороо, Морингийн даваа орчмын шинэ суурь",ГБМЗХ2020/22-031,,,,
357678,ТАЗ1533121831001,,Polygon,106.758559,47.830359,"Авто зам, замын байгууламжийн архитектур төлөвлөлтийн даалгавар",Авто замын барилга,,,,,,
357766,ТАЗ1539952083001,Аялал жуулчлалын цогцолбор,Polygon,106.848127,47.803989,"Авто зам, замын байгууламжийн архитектур төлөвлөлтийн даалгавар",Авто замын барилга,Аялал жуулчлалын цогцолбор,МЗХ2018/14-22,,,,
357847,ТАЗ1609778327001,Авто зам,Polygon,106.785795,47.862898,"Авто зам, замын байгууламжийн архитектур төлөвлөлтийн даалгавар",Авто замын барилга,Авто зам,МЗХ2020/36-008,,,,
357848,ТАЗ1612259061001,,Polygon,106.826017,47.807636,"Авто зам, замын байгууламжийн архитектур төлөвлөлтийн даалгавар",Авто замын барилга,,ГБМЗХ2019/14-009,,,,
358004,ТАЗ1517518705001,Аялал жуулчлалын цогцолбор,Polygon,106.832961,47.865016,"Авто зам, замын байгууламжийн архитектур төлөвлөлтийн даалгавар",Авто замын барилга,Аялал жуулчлалын цогцолбор,МЗХ2017/06-08,,,,
358105,ТАЗ1643120926001,118 дугаар сургуулийн баруун урд явган хүний нүх,Polygon,106.792618,47.859609,"Авто зам, замын байгууламжийн архитектур төлөвлөлтийн даалгавар",Авто замын барилга,118 дугаар сургуулийн баруун урд явган хүний нүх,ХЕТ2022/00-11,,,,
358186,ТАЗ1598357888001,Автозам,Polygon,106.853826,47.878309,"Авто зам, замын байгууламжийн архитектур төлөвлөлтийн даалгавар",Авто замын барилга,Автозам,ГБМЗХ2020/32-011,,,,
358227,ТАЗ1533121872001,,Polygon,106.760131,47.830796,"Авто зам, замын байгууламжийн архитектур төлөвлөлтийн даалгавар",Авто замын барилга,,,,,,
358268,ТАЗ1534438262001,,Polygon,106.898779,47.892586,"Авто зам, замын байгууламжийн архитектур төлөвлөлтийн даалгавар",Авто замын барилга,,,,,,
358362,ТАЗ1649847049001,"Авто зам, замын байгууламж",Polygon,106.81427,47.916329,"Авто зам, замын байгууламжийн архитектур төлөвлөлтийн даалгавар",Авто замын барилга,"Авто зам, замын байгууламж",МЗХ2022/09-00,,,,
358499,ТАЗ1517516261001,Аялал жуулчлалын цогцолбор,Polygon,106.826623,47.869257,"Авто зам, замын байгууламжийн архитектур төлөвлөлтийн даалгавар",Авто замын барилга,Аялал жуулчлалын цогцолбор,МЗХ2016/01-45,,,,
358526,ТАЗ1651861739001,,Polygon,106.788176,47.841379,"Авто зам, замын байгууламжийн архитектур төлөвлөлтийн даалгавар",Авто замын барилга,"Авто зам, замын байгууламж",МЗХ2022/14-011,,,,
358567,ТАЗ1551831886001,"Механик инженерийн сургуулийн баруун хойд талд, ол",Polygon,106.892813,47.902161,"Авто зам, замын байгууламжийн архитектур төлөвлөлтийн даалгавар",Авто замын барилга,"Механик инженерийн сургуулийн баруун хойд талд, ол",МЗХ2019/04-03,,,,
358816,ТАЗ1545820987001,Амины орон сууц,Polygon,106.781528,47.851425,"Авто зам, замын байгууламжийн архитектур төлөвлөлтийн даалгавар",Авто замын барилга,Амины орон сууц,МЗХ2018/10-21,,,,
358979,ТАЗ1648809135001,Наадамчдын Авто замаас Энхтайваны өргөн чөлөө,Polygon,106.830898,47.911427,"Авто зам, замын байгууламжийн архитектур төлөвлөлтийн даалгавар",Авто замын барилга,Наадамчдын Авто замаас Энхтайваны өргөн чөлөө,БХБХ2022/01-022,,,,
359020,ТАЗ1618677358001,Үйлчилгээтэй орон сууц,Polygon,106.922368,47.900829,"Авто зам, замын байгууламжийн архитектур төлөвлөлтийн даалгавар",Авто замын барилга,Үйлчилгээтэй орон сууц,МЗХ2018/03-30,,,,
359219,ТАЗ1649935665001,"Авто зам, замын байгууламж",Polygon,106.899857,47.901288,"Авто зам, замын байгууламжийн архитектур төлөвлөлтийн даалгавар",Авто замын барилга,"Авто зам, замын байгууламж",,,,,
359418,ТАЗ1614793250001,,Polygon,106.773601,47.846078,"Авто зам, замын байгууламжийн архитектур төлөвлөлтийн даалгавар",Авто замын барилга,,,,,,
359618,ТАЗ1612959694001,,Polygon,106.795739,47.840945,"Авто зам, замын байгууламжийн архитектур төлөвлөлтийн даалгавар",Авто замын барилга,,,,,,
359655,ТАЗ1439460549001,Замын цагдаагийн уулзварын олон түвшний огтолцол,Polygon,106.9236,47.907826,"Авто зам, замын байгууламжийн архитектур төлөвлөлтийн даалгавар",Авто замын барилга,Замын цагдаагийн уулзварын олон түвшний огтолцол,,,,,
359790,ТАЗ1649415489001,Аялал жуулчлалын цогцолбор,Polygon,106.833568,47.808421,"Авто зам, замын байгууламжийн архитектур төлөвлөлтийн даалгавар",Авто замын барилга,Аялал жуулчлалын цогцолбор,МЗХ2022/03-021,,,,
360288,ТАЗ1517528028001,"Авто зам, талбай",Polygon,106.832138,47.868832,"Авто зам, замын байгууламжийн архитектур төлөвлөлтийн даалгавар",Авто замын барилга,"Авто зам, талбай",МЗХ2017/05-29,,,,
360407,ТБА171612259545000,,Polygon,106.826017,47.807636,"Авто зам, замын байгууламжийн архитектур төлөвлөлтийн даалгавар",,,,Хан-Уул,8-р хороо,Жаргалантын ам /17091/,
360481,ТАЗ1650284788001,Авто зам,Polygon,106.830287,47.865786,"Авто зам, замын байгууламжийн архитектур төлөвлөлтийн даалгавар",Авто замын барилга,Авто зам,МЗХ2018/08-09,,,,
360565,ТАЗ1517519008001,Аялал жуулчлалын цогцолбор,Polygon,106.835818,47.865683,"Авто зам, замын байгууламжийн архитектур төлөвлөлтийн даалгавар",Авто замын барилга,Аялал жуулчлалын цогцолбор,МЗХ2017/06-08,,,,
360973,ТАЗ1648564340001,,Polygon,106.816104,47.862782,"Авто зам, замын байгууламжийн архитектур төлөвлөлтийн даалгавар",Авто замын барилга,,МЗХ2022/07-005,,,,
360974,ТАЗ1648809006001,Наадамчдын Авто замаас Энхтайваны өргөн чөлөө,Polygon,106.830989,47.903916,"Авто зам, замын байгууламжийн архитектур төлөвлөлтийн даалгавар",Авто замын барилга,Наадамчдын Авто замаас Энхтайваны өргөн чөлөө,БХБХ2022/01-022,,,,
361082,ТАЗ1510569358003,Хотын төвийн хэсэгт хийгдэх унадаг дугуйн замын тр,Polygon,106.874694,47.896447,"Авто зам, замын байгууламжийн архитектур төлөвлөлтийн даалгавар",Авто замын барилга,Хотын төвийн хэсэгт хийгдэх унадаг дугуйн замын тр,2017/16-15,,,,
361231,ТАЗ1493218865001,Автобусны зогсоол,Polygon,106.876452,47.903648,"Авто зам, замын байгууламжийн архитектур төлөвлөлтийн даалгавар",Авто замын барилга,Автобусны зогсоол,МЗХ-2017/03,,,,
361384,ТАЗ1458642053002,"Авто зам, Гүүрэн гарц /Төмөр зам дээгүүр/",Polygon,106.856373,47.903017,"Авто зам, замын байгууламжийн архитектур төлөвлөлтийн даалгавар",Авто замын барилга,"Авто зам, Гүүрэн гарц /Төмөр зам дээгүүр/",,,,,
361423,ТАЗ1614719747001,"Орон сууц, үйлчилгээний цогцолбор",Polygon,106.794094,47.844464,"Авто зам, замын байгууламжийн архитектур төлөвлөлтийн даалгавар",Авто замын барилга,"Орон сууц, үйлчилгээний цогцолбор",МЗХ2016/01-51,,,,
361517,ТАЗ1612958370001,,Polygon,106.79249,47.840857,"Авто зам, замын байгууламжийн архитектур төлөвлөлтийн даалгавар",Авто замын барилга,,ГБМЗХ2019/02-016,,,,
361638,ТАЗ1510568195002,Хотын төвийн хэсэгт хийгдэх унадаг дугуйн замын тр,Polygon,106.893407,47.900825,"Авто зам, замын байгууламжийн архитектур төлөвлөлтийн даалгавар",,Хотын төвийн хэсэгт хийгдэх унадаг дугуйн замын тр,2017/16-15,,,,
361720,ТАЗ1510574176001,Хотын төвийн хэсэгт хийгдэх унадаг дугуйн замын тр,Polygon,106.826107,47.871619,"Авто зам, замын байгууламжийн архитектур төлөвлөлтийн даалгавар",,Хотын төвийн хэсэгт хийгдэх унадаг дугуйн замын тр,2017/16-15,,,,
361970,ТАЗ1653299157001,"Буудаллах, отоглох орон байр",Polygon,106.900846,47.866936,"Авто зам, замын байгууламжийн архитектур төлөвлөлтийн даалгавар",Авто замын барилга,"Буудаллах, отоглох орон байр",МЗХ2022/04-018,,,,
362066,ТАЗ1649935272001,Авто зам,Polygon,106.902878,47.900485,"Авто зам, замын байгууламжийн архитектур төлөвлөлтийн даалгавар",Авто замын барилга,Авто зам,МЗХ2022/09-028,,,,
362215,ТАЗ1439460549002,Замын цагдаагийн уулзварын олон түвшний огтолцол,Polygon,106.927489,47.906451,"Авто зам, замын байгууламжийн архитектур төлөвлөлтийн даалгавар",Авто замын барилга,Замын цагдаагийн уулзварын олон түвшний огтолцол,,,,,
362257,ТАЗ1614874149001,,Polygon,106.849912,47.867056,"Авто зам, замын байгууламжийн архитектур төлөвлөлтийн даалгавар",Авто замын барилга,,ГБМЗХ2020/16-012,,,,
362480,ТАЗ1517516296001,Аялал жуулчлалын цогцолбор,Polygon,106.828022,47.870091,"Авто зам, замын байгууламжийн архитектур төлөвлөлтийн даалгавар",Авто замын барилга,Аялал жуулчлалын цогцолбор,МЗХ2016/01-45,,,,
362506,ТАЗ1510573893003,Хотын төвийн хэсэгт хийгдэх унадаг дугуйн замын тр,Polygon,106.922868,47.908057,"Авто зам, замын байгууламжийн архитектур төлөвлөлтийн даалгавар",Авто замын барилга,Хотын төвийн хэсэгт хийгдэх унадаг дугуйн замын тр,2017/16-15,,,,
362552,ТАЗ1517519499001,Авто зам,Polygon,106.860747,47.877463,"Авто зам, замын байгууламжийн архитектур төлөвлөлтийн даалгавар",Авто замын барилга,Авто зам,МЗХ2018/02-46,,,,
362782,ТАЗ1652953008001,,Polygon,106.843077,47.83555,"Авто зам, замын байгууламжийн архитектур төлөвлөлтийн даалгавар",Авто замын барилга,,,,,,
362953,ТАЗ1609785573001,Авто зам,Polygon,106.779855,47.850962,"Авто зам, замын байгууламжийн архитектур төлөвлөлтийн даалгавар",Авто замын барилга,Авто зам,МЗХ2020/36-009,,,,
362955,ТАЗ1612958157001,,Polygon,106.794468,47.841631,"Авто зам, замын байгууламжийн архитектур төлөвлөлтийн даалгавар",,,ГБМЗХ2019/02-016,,,,
363039,ТАЗ1331769600001,Нүхэн гарц,Polygon,106.93036,47.907513,"Авто зам, замын байгууламжийн архитектур төлөвлөлтийн даалгавар",Авто замын барилга,Нүхэн гарц,,,,,
363066,ТАЗ1306281600013,,Polygon,106.907241,47.905245,"Авто зам, замын байгууламжийн архитектур төлөвлөлтийн даалгавар",Авто замын барилга,,,,,,
363237,ТАЗ1612959579001,,Polygon,106.795774,47.841511,"Авто зам, замын байгууламжийн архитектур төлөвлөлтийн даалгавар",,,,,,,
363312,ТАЗ1517516372001,Аялал жуулчлалын цогцолбор,Polygon,106.828165,47.869468,"Авто зам, замын байгууламжийн архитектур төлөвлөлтийн даалгавар",Авто замын барилга,Аялал жуулчлалын цогцолбор,МЗХ2016/01-45,,,,
363342,ТАЗ1510568195003,Хотын төвийн хэсэгт хийгдэх унадаг дугуйн замын тр,Polygon,106.892952,47.900764,"Авто зам, замын байгууламжийн архитектур төлөвлөлтийн даалгавар",,Хотын төвийн хэсэгт хийгдэх унадаг дугуйн замын тр,2017/16-15,,,,
363424,ТАЗ1615298756001,,Polygon,106.786672,47.855961,"Авто зам, замын байгууламжийн архитектур төлөвлөлтийн даалгавар",Авто замын барилга,,ГБМЗХ2020/33-007,,,,
363430,ТАЗ1510567790001,Хотын төвийн хэсэгт хийгдэх унадаг дугуйн замын тр,Polygon,106.923977,47.892064,"Авто зам, замын байгууламжийн архитектур төлөвлөлтийн даалгавар",,Хотын төвийн хэсэгт хийгдэх унадаг дугуйн замын тр,2017/16-15,,,,
363892,ТАЗ1380240000001,Авто зам,Polygon,106.910216,47.901547,"Авто зам, замын байгууламжийн архитектур төлөвлөлтийн даалгавар",Авто замын барилга,Авто зам,,,,,
363896,ТАЗ1517512788001,Эко сургууль,Polygon,106.843219,47.873081,"Авто зам, замын байгууламжийн архитектур төлөвлөлтийн даалгавар",Авто замын барилга,Эко сургууль,МЗХ2017/08-26,,,,
363926,ТАЗ1415577600001,Авто худалдааны цогцолбороос Морингийн зам хүртэл,Polygon,106.708908,47.8556,"Авто зам, замын байгууламжийн архитектур төлөвлөлтийн даалгавар",Авто замын барилга,Авто худалдааны цогцолбороос Морингийн зам хүртэл,,,,,
364194,ТАЗ1545820348001,Авто зам,Polygon,106.921819,47.897632,"Авто зам, замын байгууламжийн архитектур төлөвлөлтийн даалгавар",Авто замын барилга,Авто зам,МЗХ2018/23-29,,,,
364349,ТАЗ1649846042001,"Авто зам, замын байгууламж",Polygon,106.81427,47.916329,"Авто зам, замын байгууламжийн архитектур төлөвлөлтийн даалгавар",Онгоцны буудал,"Авто зам, замын байгууламж",МЗХ2022/09-00,,,,
364515,ТАЗ1547118442001,Аялал жуулчлалын цогцолбор,Polygon,106.846366,47.851303,"Авто зам, замын байгууламжийн архитектур төлөвлөлтийн даалгавар",Авто замын барилга,Аялал жуулчлалын цогцолбор,МЗХ2018/20-11,,,,
364852,ТАЗ1652976471001,Аялал жуулчлалын цогцолбор,Polygon,106.84998,47.811383,"Авто зам, замын байгууламжийн архитектур төлөвлөлтийн даалгавар",Авто замын барилга,Аялал жуулчлалын цогцолбор,МЗХ2022/03-030,,,,
364911,ТАЗ1649935909001,Авто зам замын байгууламж,Polygon,106.895658,47.901639,"Авто зам, замын байгууламжийн архитектур төлөвлөлтийн даалгавар",Онгоцны буудал,Авто зам замын байгууламж,,,,,
364912,ТАЗ1650281257001,Онцгой үед ашиглах замын байгууламж,Polygon,106.907572,47.902824,"Авто зам, замын байгууламжийн архитектур төлөвлөлтийн даалгавар",,Онцгой үед ашиглах замын байгууламж,МЗХ2022/09-027,,,,
365027,ТАЗ1536220437001,Богд Жавзанбамбын гудамжнаас оргил рашаан хүртэлх ,Polygon,106.913223,47.896581,"Авто зам, замын байгууламжийн архитектур төлөвлөлтийн даалгавар",Авто замын барилга,Богд Жавзанбамбын гудамжнаас оргил рашаан хүртэлх,МЗХ2018/21-30,,,,
365068,ТАЗ1510569333004,,Polygon,106.874873,47.896192,"Авто зам, замын байгууламжийн архитектур төлөвлөлтийн даалгавар",Авто замын барилга,,,,,,
365069,ТАЗ1439460549003,Замын цагдаагийн уулзварын олон түвшний огтолцол,Polygon,106.927128,47.905919,"Авто зам, замын байгууламжийн архитектур төлөвлөлтийн даалгавар",Авто замын барилга,Замын цагдаагийн уулзварын олон түвшний огтолцол,,,,,
365208,ТАЗ1492080348001,Авто зам,Polygon,106.887243,47.893073,"Авто зам, замын байгууламжийн архитектур төлөвлөлтийн даалгавар",Авто замын барилга,Авто зам,,,,,
365332,ТАЗ1295222400004,,Polygon,106.922632,47.907017,"Авто зам, замын байгууламжийн архитектур төлөвлөлтийн даалгавар",,,,,,,
365407,ТАЗ1614767388001,Аялал жуулчлалын цогцолбор,Polygon,106.86535,47.878919,"Авто зам, замын байгууламжийн архитектур төлөвлөлтийн даалгавар",Авто замын барилга,Аялал жуулчлалын цогцолбор,ГБМЗХ2020/04-018,,,,
365485,ТАЗ1614711119001,,Polygon,106.844949,47.856399,"Авто зам, замын байгууламжийн архитектур төлөвлөлтийн даалгавар",Авто замын барилга,,,,,,
365489,ТАЗ1649933465001,Авто зам замын байгууламж,Polygon,106.895658,47.901639,"Авто зам, замын байгууламжийн архитектур төлөвлөлтийн даалгавар",Авто замын барилга,Авто зам замын байгууламж,,,,,
365646,ТАЗ1427711779002,Сэлбэ голын дагуу хурдны зам,Polygon,106.929483,47.907299,"Авто зам, замын байгууламжийн архитектур төлөвлөлтийн даалгавар",Авто замын барилга,Сэлбэ голын дагуу хурдны зам,,,,,
365688,ТАЗ1614792785001,,Polygon,106.772824,47.846009,"Авто зам, замын байгууламжийн архитектур төлөвлөлтийн даалгавар",Авто замын барилга,,,,,,
365725,ТАЗ1615298663001,Орон сууцны цогцолбор,Polygon,106.785849,47.856188,"Авто зам, замын байгууламжийн архитектур төлөвлөлтийн даалгавар",Авто замын барилга,Орон сууцны цогцолбор,ГБМЗХ2020/33-007,,,,
365768,ТАЗ1545131148001,БНКУ-ын Элчин Сайдын яамны урд талаарх авто зам,Polygon,106.935095,47.891224,"Авто зам, замын байгууламжийн архитектур төлөвлөлтийн даалгавар",Авто замын барилга,БНКУ-ын Элчин Сайдын яамны урд талаарх авто зам,МЗХ2018/29-09,,,,
365855,ТАЗ1327968000006,Зайсан толгойн урдуур авто зам,Polygon,106.915831,47.884017,"Авто зам, замын байгууламжийн архитектур төлөвлөлтийн даалгавар",Авто замын барилга,Зайсан толгойн урдуур авто зам,,,,,
365931,ТАЗ1306281600014,,Polygon,106.59733,47.816496,"Авто зам, замын байгууламжийн архитектур төлөвлөлтийн даалгавар",Авто замын барилга,,,,,,
366030,ТАЗ1615311055001,,Polygon,106.876296,47.884161,"Авто зам, замын байгууламжийн архитектур төлөвлөлтийн даалгавар",Авто замын барилга,,,,,,
366269,ТАЗ1517581557001,Сургалт судалгааны барилга,Polygon,106.835173,47.867789,"Авто зам, замын байгууламжийн архитектур төлөвлөлтийн даалгавар",Авто замын барилга,Сургалт судалгааны барилга,МЗХ2016/14-14,,,,
366386,ТАЗ1653915909001,,Polygon,106.780586,47.847724,"Авто зам, замын байгууламжийн архитектур төлөвлөлтийн даалгавар",Авто замын барилга,,,,,,
366464,ТАЗ1520194485001,Тохижилт,Polygon,106.916435,47.897286,"Авто зам, замын байгууламжийн архитектур төлөвлөлтийн даалгавар",Талбайн тохижилт барилга,Тохижилт,,,,,
366918,ТАЗ1520182152001,Аялал жуулчлалын цогцолбор,Polygon,106.922711,47.877292,"Авто зам, замын байгууламжийн архитектур төлөвлөлтийн даалгавар",Авто замын барилга,Аялал жуулчлалын цогцолбор,МЗХ2014/03-74,,,,
367083,ТАЗ1616511603001,Хүннү малл худалдааны төвөөс Эрин говь хүртэлх Наа,Polygon,106.850427,47.877049,"Авто зам, замын байгууламжийн архитектур төлөвлөлтийн даалгавар",Авто замын барилга,Хүннү малл худалдааны төвөөс Эрин говь хүртэлх Наа,МЗХ2021/04-003,,,,
367204,ТАЗ1556232389001,Явган хүний гүүрэн гарц,Polygon,106.926651,47.907944,"Авто зам, замын байгууламжийн архитектур төлөвлөлтийн даалгавар",Авто замын барилга,Явган хүний гүүрэн гарц,МЗХ2019/06-99,,,,
367213,ТАЗ1517531223001,Аялал жуулчлалын цогцрлбор,Polygon,106.835363,47.866238,"Авто зам, замын байгууламжийн архитектур төлөвлөлтийн даалгавар",,Аялал жуулчлалын цогцрлбор,МЗХ2017/06-08,,,,
367253,ТАЗ1520194528001,Тохижилт,Polygon,106.915782,47.897642,"Авто зам, замын байгууламжийн архитектур төлөвлөлтийн даалгавар",Талбайн тохижилт барилга,Тохижилт,,,,,
367374,ТАЗ1517531344001,Аялал жуулчлалын цогцолбор,Polygon,106.836098,47.865076,"Авто зам, замын байгууламжийн архитектур төлөвлөлтийн даалгавар",,Аялал жуулчлалын цогцолбор,МЗХ2017/06-08,,,,
367375,ТАЗ1517571152001,Аялал жуулчлалын цогцолбор,Polygon,106.845536,47.871583,"Авто зам, замын байгууламжийн архитектур төлөвлөлтийн даалгавар",Авто замын барилга,Аялал жуулчлалын цогцолбор,МЗХ2017/02-22,,,,
367401,ТАЗ1616602733001,Аялал жуулчлалын цогцолбор,Polygon,106.840349,47.8385,"Авто зам, замын байгууламжийн архитектур төлөвлөлтийн даалгавар",Авто замын барилга,Аялал жуулчлалын цогцолбор,МЗХ2017/09-18,,,,
367438,ТАЗ1661788394001,Үерийн хамгаалалтын суваг,MultiPolygon,106.787251,47.83795,"Авто зам, замын байгууламжийн архитектур төлөвлөлтийн даалгавар",,Үерийн хамгаалалтын суваг,,,,,
367455,ТАЗ1511277685001,Зайсангийн гүүр,Polygon,106.909777,47.889682,"Авто зам, замын байгууламжийн архитектур төлөвлөлтийн даалгавар",Авто замын барилга,Зайсангийн гүүр,,,,,
367532,ТАЗ1517574665001,,Polygon,106.852281,47.876208,"Авто зам, замын байгууламжийн архитектур төлөвлөлтийн даалгавар",Авто замын барилга,,,,,,
367561,ТАЗ1616595318001,"Худалдаа, үйлчилгээ",Polygon,106.76851,47.856762,"Авто зам, замын байгууламжийн архитектур төлөвлөлтийн даалгавар",Авто замын барилга,"Худалдаа, үйлчилгээ",ГБМЗХ-456,,,,
367569,ТАЗ1520194508001,Тохижилт,Polygon,106.916052,47.897015,"Авто зам, замын байгууламжийн архитектур төлөвлөлтийн даалгавар",Талбайн тохижилт барилга,Тохижилт,,,,,
367610,ТАЗ1658230733001,,Polygon,106.889803,47.892148,"Авто зам, замын байгууламжийн архитектур төлөвлөлтийн даалгавар",Онгоцны буудал,Монгол шевро ХХК-ийн баруун талаас урагш мишээл эк,ЗД-ХУД/2021/019,,,,
367621,ТАЗ1510567736001,Хотын төвийн хэсэгт хийгдэх унадаг дугуйн замын тр,Polygon,106.912374,47.893227,"Авто зам, замын байгууламжийн архитектур төлөвлөлтийн даалгавар",,Хотын төвийн хэсэгт хийгдэх унадаг дугуйн замын тр,2017/16-15,,,,
367732,ТАЗ1616423720001,,Polygon,106.797653,47.835616,"Авто зам, замын байгууламжийн архитектур төлөвлөлтийн даалгавар",Авто замын барилга,,ГБМЗХ2019/14-008,,,,
367742,ТАЗ1520194496001,Тохижилт,Polygon,106.916362,47.897041,"Авто зам, замын байгууламжийн архитектур төлөвлөлтийн даалгавар",Талбайн тохижилт барилга,Тохижилт,,,,,
367778,ТАЗ1663156094001,,Polygon,106.835681,47.885666,"Авто зам, замын байгууламжийн архитектур төлөвлөлтийн даалгавар",Авто замын барилга,,,,,,
367886,ТАЗ1517569364001,Аялал жуулчлалын цогцолбор,Polygon,106.83889,47.856316,"Авто зам, замын байгууламжийн архитектур төлөвлөлтийн даалгавар",Авто замын барилга,Аялал жуулчлалын цогцолбор,,,,,
368109,ТАЗ1511857690001,Шувуун фабрик-Сонгино чиглэлийн авто замын Туул го,Polygon,106.616212,47.805111,"Авто зам, замын байгууламжийн архитектур төлөвлөлтийн даалгавар",Авто замын барилга,Шувуун фабрик-Сонгино чиглэлийн авто замын Туул го,МЗХ2017/25-30,,,,
368474,ТАЗ1411141428001,Яармагийн гэр хорооллын доторхи авто зам,Polygon,106.810221,47.872661,"Авто зам, замын байгууламжийн архитектур төлөвлөлтийн даалгавар",Авто замын барилга,Яармагийн гэр хорооллын доторхи авто зам,2014/02-56,,,,
368623,ТАЗ1556214832001,Гүүрэн гарц,Polygon,106.879533,47.903727,"Авто зам, замын байгууламжийн архитектур төлөвлөлтийн даалгавар",Авто замын барилга,Гүүрэн гарц,МЗХ2019/06-90,,,,
368628,ТАЗ1411042850001,Нисэх-Сонсголонгийн зам,Polygon,106.771946,47.868972,"Авто зам, замын байгууламжийн архитектур төлөвлөлтийн даалгавар",Авто замын барилга,Нисэх-Сонсголонгийн зам,2014/02-60,,,,
368631,ТАЗ1517574630001,,Polygon,106.833371,47.857278,"Авто зам, замын байгууламжийн архитектур төлөвлөлтийн даалгавар",Авто замын барилга,,,,,,
368665,ТАЗ1616498694001,Буянт-Ухаа 2 хорооллоос ИНЕГ-ын сургалтын байр хүр,Polygon,106.783045,47.848721,"Авто зам, замын байгууламжийн архитектур төлөвлөлтийн даалгавар",Авто замын барилга,Буянт-Ухаа 2 хорооллоос ИНЕГ-ын сургалтын байр хүр,МЗХ2021/04-002,,,,
368672,ТАЗ1520194522001,Тохижилт,Polygon,106.915798,47.897475,"Авто зам, замын байгууламжийн архитектур төлөвлөлтийн даалгавар",Талбайн тохижилт барилга,Тохижилт,,,,,
368823,ТАЗ1520194503001,,Polygon,106.916226,47.897129,"Авто зам, замын байгууламжийн архитектур төлөвлөлтийн даалгавар",,,,,,,
368851,ТАЗ1660495717001,Үйлчилгээтэй орон сууцны барилга,Polygon,106.785238,47.856909,"Авто зам, замын байгууламжийн архитектур төлөвлөлтийн даалгавар",Авто замын барилга,Үйлчилгээтэй орон сууцны барилга,МЗХ2022/26-018,,,,
368915,ТАЗ1616095567001,Орон сууцны цогцолбор,Polygon,106.717361,47.841334,"Авто зам, замын байгууламжийн архитектур төлөвлөлтийн даалгавар",Авто замын барилга,Орон сууцны цогцолбор,МЗХ2019/11-001,,,,
368957,ТАЗ1616519386001,Туул гол гудамжнаас Ээрмэлийн гудамж хүртэлх авто ,Polygon,106.901971,47.894408,"Авто зам, замын байгууламжийн архитектур төлөвлөлтийн даалгавар",Авто замын барилга,Туул гол гудамжнаас Ээрмэлийн гудамж хүртэлх авто,МЗХ2021/04-004,,,,
369000,ТАЗ1662400850001,,Polygon,106.8293,47.864278,"Авто зам, замын байгууламжийн архитектур төлөвлөлтийн даалгавар",Авто замын барилга,,МЗХ2022/31-019,,,,
369140,ТАЗ1615293627001,Үйлчилгээ,Polygon,106.780391,47.853261,"Авто зам, замын байгууламжийн архитектур төлөвлөлтийн даалгавар",Авто замын барилга,Үйлчилгээ,ГБМЗХ2019/18-013,,,,
369323,ТАЗ1517575894001,,Polygon,106.850441,47.874944,"Авто зам, замын байгууламжийн архитектур төлөвлөлтийн даалгавар",Авто замын барилга,,МЗХ2017/11-22,,,,
369356,ТАЗ1616062751001,аруун Сонсголонгийн гудамжнаас Тайнь 7-р гудамжны ,Polygon,106.766176,47.861165,"Авто зам, замын байгууламжийн архитектур төлөвлөлтийн даалгавар",Авто замын барилга,аруун Сонсголонгийн гудамжнаас Тайнь 7-р гудамжны,МЗХ2021/03-010,,,,
369436,ТАЗ1510574070001,Хотын төвийн хэсэгт хийгдэх унадаг дугуйн замын тр,Polygon,106.825507,47.873777,"Авто зам, замын байгууламжийн архитектур төлөвлөлтийн даалгавар",,Хотын төвийн хэсэгт хийгдэх унадаг дугуйн замын тр,2017/16-15,,,,
369579,ТАЗ1659813936001,Мишээл экспогийн авто замаас зүүн тийш Монгол шевр,MultiPolygon,106.890651,47.894015,"Авто зам, замын байгууламжийн архитектур төлөвлөлтийн даалгавар",Авто замын барилга,Мишээл экспогийн авто замаас зүүн тийш Монгол шевр,,,,,
369868,ТАЗ1617621061001,,Polygon,106.776817,47.855386,"Авто зам, замын байгууламжийн архитектур төлөвлөлтийн даалгавар",Авто замын барилга,,ГБМЗХ2020/17-049,,,,
370092,ТАЗ1556208555001,Автобусны эцсийн зогсоол,Polygon,106.788727,47.844367,"Авто зам, замын байгууламжийн архитектур төлөвлөлтийн даалгавар",Авто замын барилга,Автобусны эцсийн зогсоол,МЗХ2019/06-96,,,,
370094,ТАЗ1615377004001,Үйлчилгээтэй орон сууцны цогцолбор барилга,Polygon,106.919425,47.903676,"Авто зам, замын байгууламжийн архитектур төлөвлөлтийн даалгавар",Авто замын барилга,Үйлчилгээтэй орон сууцны цогцолбор барилга,ГБМЗХ2020/25-013,,,,
370143,ТАЗ1520194518001,Тоглоомын талбай,Polygon,106.915813,47.897173,"Авто зам, замын байгууламжийн архитектур төлөвлөлтийн даалгавар",Тоглоомын талбайн барилга,Тоглоомын талбай,,,,,
370417,ТАЗ1517574727001,,Polygon,106.85511,47.877307,"Авто зам, замын байгууламжийн архитектур төлөвлөлтийн даалгавар",Авто замын барилга,,,,,,
370455,ТАЗ1520194491001,Тохижилт,Polygon,106.916444,47.897126,"Авто зам, замын байгууламжийн архитектур төлөвлөлтийн даалгавар",Талбайн тохижилт барилга,Тохижилт,,,,,
370676,ТАЗ1614602612001,,Polygon,106.840145,47.890797,"Авто зам, замын байгууламжийн архитектур төлөвлөлтийн даалгавар",Авто замын барилга,,2015/04-15,,,,
370722,ТАЗ1612958250001,,Polygon,106.796136,47.841022,"Авто зам, замын байгууламжийн архитектур төлөвлөлтийн даалгавар",Авто замын барилга,,ГБМЗХ2019/02-016,,,,
370794,ТАЗ1650982855001,Интермед эмнэлэг,Polygon,106.905591,47.898118,"Авто зам, замын байгууламжийн архитектур төлөвлөлтийн даалгавар",Авто замын барилга,Интермед эмнэлэг,МЗХ2022/03-007,,,,
370964,ТАЗ1591713467001,"ХУД, 10-р хороо, Морингийн даваа орчмын шинэ суурь",Polygon,106.720611,47.8397,"Авто зам, замын байгууламжийн архитектур төлөвлөлтийн даалгавар",Авто замын барилга,"ХУД, 10-р хороо, Морингийн даваа орчмын шинэ суурь",ГБМЗХ2020/22-031,,,,
371127,ТАЗ1533121823001,,Polygon,106.758235,47.830616,"Авто зам, замын байгууламжийн архитектур төлөвлөлтийн даалгавар",Авто замын барилга,,,,,,
371172,ТАЗ1534438177001,,Polygon,106.898693,47.892618,"Авто зам, замын байгууламжийн архитектур төлөвлөлтийн даалгавар",Авто замын барилга,,,,,,
371349,ТАЗ1614878323001,,Polygon,106.846043,47.865545,"Авто зам, замын байгууламжийн архитектур төлөвлөлтийн даалгавар",Авто замын барилга,,ГБМЗХ2020/16-012,,,,
371439,ТАЗ1517574601001,,Polygon,106.838314,47.861639,"Авто зам, замын байгууламжийн архитектур төлөвлөлтийн даалгавар",Авто замын барилга,,,,,,
371724,ТАЗ1517574656001,,Polygon,106.865699,47.873756,"Авто зам, замын байгууламжийн архитектур төлөвлөлтийн даалгавар",Авто замын барилга,,,,,,
371802,ТАЗ1520194480001,Тоглоомын талбай,Polygon,106.916542,47.897581,"Авто зам, замын байгууламжийн архитектур төлөвлөлтийн даалгавар",Тоглоомын талбайн барилга,Тоглоомын талбай,,,,,
371960,ТАЗ1432146274001,,Polygon,106.914675,47.931773,"Авто зам, замын байгууламжийн архитектур төлөвлөлтийн даалгавар",,Ус дулаан дамжуулах төв К,,,,,
372047,ТАЗ1612957973001,,Polygon,106.792545,47.841573,"Авто зам, замын байгууламжийн архитектур төлөвлөлтийн даалгавар",Авто замын барилга,,ГБМЗХ2019/02-016,,,,
372282,ТАЗ1531103128002,"ПК2-5,6 зв-д байрлах авто машины нүхэн гарц",Polygon,106.912178,47.906692,"Авто зам, замын байгууламжийн архитектур төлөвлөлтийн даалгавар",Авто замын барилга,"ПК2-5,6 зв-д байрлах авто машины нүхэн гарц",МЗХ2018/16-25,,,,
372618,ТАЗ1479224113001,Авто зам,Polygon,106.928612,47.921843,"Авто зам, замын байгууламжийн архитектур төлөвлөлтийн даалгавар",,Авто зам,,,,,
372683,ТАЗ1659529616001,90 байршил авто зам,Polygon,106.892043,47.895513,"Авто зам, замын байгууламжийн архитектур төлөвлөлтийн даалгавар",Авто замын барилга,90 байршил авто зам,,,,,
372795,ТАЗ1449218995001,Авто замын уулзвар,Polygon,106.915107,47.913248,"Авто зам, замын байгууламжийн архитектур төлөвлөлтийн даалгавар",Тодорхойгүй,Авто замын уулзвар,,,,,
372825,ТАЗ1582231129001,"Богд Жавзандамбын гудамж, 61/5-р байрнаас 47-р бай",Polygon,106.915539,47.89375,"Авто зам, замын байгууламжийн архитектур төлөвлөлтийн даалгавар",Авто замын барилга,"Богд Жавзандамбын гудамж, 61/5-р байрнаас 47-р бай",МЗХ2022/24-027,,,,
373090,ТАЗ1432146253001,,Polygon,106.914942,47.93114,"Авто зам, замын байгууламжийн архитектур төлөвлөлтийн даалгавар",,Ус дулаан дамжуулах төвийн барилга Б,,,,,
373248,ТАЗ1635172170001,Үйлчилгээний цогцолбор барилга,Polygon,106.920276,47.898976,"Авто зам, замын байгууламжийн архитектур төлөвлөлтийн даалгавар",Авто замын барилга,Үйлчилгээний цогцолбор барилга,ГБМЗХ2020/29-003,,,,
373331,ТАЗ1638203441001,Цэцэрлэг бүхий үйлчилгээтэй орон сууцны цогцолбор,Polygon,106.782095,47.848004,"Авто зам, замын байгууламжийн архитектур төлөвлөлтийн даалгавар",Авто замын барилга,Цэцэрлэг бүхий үйлчилгээтэй орон сууцны цогцолбор,МЗХ2021/03-006,,,,
373333,ТАЗ1638282105001,Аялал жуулчлалын цогцолбор,Polygon,106.839332,47.863814,"Авто зам, замын байгууламжийн архитектур төлөвлөлтийн даалгавар",Авто замын барилга,Аялал жуулчлалын цогцолбор,ГБМЗХ2020/17-041,,,,
373835,ТАЗ1534438148001,,Polygon,106.898892,47.892537,"Авто зам, замын байгууламжийн архитектур төлөвлөлтийн даалгавар",Авто замын барилга,,,,,,
373837,ТАЗ1534438224001,,Polygon,106.898771,47.892615,"Авто зам, замын байгууламжийн архитектур төлөвлөлтийн даалгавар",Авто замын барилга,,,,,,
373839,ТАЗ1534438299001,,Polygon,106.898776,47.892541,"Авто зам, замын байгууламжийн архитектур төлөвлөлтийн даалгавар",Авто замын барилга,,,,,,
374611,ТАЗ1556188055001,Авто замын шинэчлэлт,Polygon,106.909387,47.884283,"Авто зам, замын байгууламжийн архитектур төлөвлөлтийн даалгавар",Авто замын барилга,Авто замын шинэчлэлт,МЗХ2019/06-85,,,,
374614,ТАЗ1615376607001,Үйлчилгээтэй орон сууцны цогцолбор барилга,Polygon,106.920439,47.903718,"Авто зам, замын байгууламжийн архитектур төлөвлөлтийн даалгавар",Авто замын барилга,Үйлчилгээтэй орон сууцны цогцолбор барилга,ГБМЗХ2020/25-013,,,,
374728,ТАЗ1520194475001,Тохижилт,Polygon,106.9164,47.897821,"Авто зам, замын байгууламжийн архитектур төлөвлөлтийн даалгавар",Талбайн тохижилт барилга,Тохижилт,,,,,
374730,ТАЗ1520194513001,Тохижилт,Polygon,106.915879,47.896946,"Авто зам, замын байгууламжийн архитектур төлөвлөлтийн даалгавар",Талбайн тохижилт барилга,Тохижилт,,,,,
376565,ТАЗ1439801275002,"Нарны зам, урбанек худалдааны төвийн замын өргөтгө",Polygon,106.906994,47.908622,"Авто зам, замын байгууламжийн архитектур төлөвлөлтийн даалгавар",Авто замын барилга,"Нарны зам, урбанек худалдааны төвийн замын өргөтгө",2014/02-24,,,,
379988,ТАЗ1491479823001,Авто зам,Polygon,106.677277,47.906038,"Авто зам, замын байгууламжийн архитектур төлөвлөлтийн даалгавар",,Авто зам,,,,,
380521,ТАЗ1458827455002,Авто зам,Polygon,106.736537,47.893326,"Авто зам, замын байгууламжийн архитектур төлөвлөлтийн даалгавар",Авто замын барилга,Авто зам,,,,,
380530,ТАЗ1327968000007,Гүүр,Polygon,106.830442,47.91104,"Авто зам, замын байгууламжийн архитектур төлөвлөлтийн даалгавар",Авто замын барилга,Гүүр,,,,,
381249,ТАЗ1295222400005,34-р байрны араас гэр хорооллын дундуур,Polygon,106.833173,47.924961,"Авто зам, замын байгууламжийн архитектур төлөвлөлтийн даалгавар",Авто замын барилга,34-р байрны араас гэр хорооллын дундуур,2014/02-37,,,,
384813,ТАЗ1479226277001,Авто зам,Polygon,106.930634,47.922456,"Авто зам, замын байгууламжийн архитектур төлөвлөлтийн даалгавар",Авто замын барилга,Авто зам,ГБЗХ-12/28,,,,
384998,ТАЗ1449219325001,авто зам,Polygon,106.914855,47.912176,"Авто зам, замын байгууламжийн архитектур төлөвлөлтийн даалгавар",Тодорхойгүй,авто зам,,,,,
385189,ТАЗ1439802187002,"Нарны зам, Засгийн 24-р байрны зүүн урд талын замы",Polygon,106.899465,47.908954,"Авто зам, замын байгууламжийн архитектур төлөвлөлтийн даалгавар",Авто замын барилга,"Нарны зам, Засгийн 24-р байрны зүүн урд талын замы",2014/02-25,,,,
388006,ТАЗ1531103128003,"ПК2-5,6 зв-д байрлах авто машины нүхэн гарц",Polygon,106.91221,47.908993,"Авто зам, замын байгууламжийн архитектур төлөвлөлтийн даалгавар",Авто замын барилга,"ПК2-5,6 зв-д байрлах авто машины нүхэн гарц",МЗХ2018/16-25,,,,
389148,ТАЗ1306022400003,,Polygon,106.894493,48.089817,"Авто зам, замын байгууламжийн архитектур төлөвлөлтийн даалгавар",Авто замын барилга,,,,,,
389736,ТАЗ1484301051001,Баянхошуу дэд төвийн бохир усны,Polygon,106.827956,47.958595,"Авто зам, замын байгууламжийн архитектур төлөвлөлтийн даалгавар",,Баянхошуу дэд төвийн бохир усны,,,,,
389904,ТАЗ1524067619001,Сэлбэ плаза 1 төвийн хойд талаарх авто зам,Polygon,106.927282,47.928543,"Авто зам, замын байгууламжийн архитектур төлөвлөлтийн даалгавар",Авто замын барилга,Сэлбэ плаза 1 төвийн хойд талаарх авто зам,МЗХ2018/09-16,,,,
390178,ТАЗ1531177926001,Авто замчдын гудамжнаас “Монполимет комплекс” орон,Polygon,106.928267,47.913756,"Авто зам, замын байгууламжийн архитектур төлөвлөлтийн даалгавар",Авто замын барилга,Авто замчдын гудамжнаас “Монполимет комплекс” орон,МЗХ2018/16-28,,,,
390269,ТАЗ1462182809001,Тоб групп - Дулааны шугам,Polygon,106.853102,47.954307,"Авто зам, замын байгууламжийн архитектур төлөвлөлтийн даалгавар",Орон сууц /үйлчилгээгүй/,Тоб групп - Дулааны шугам,,,,,
390340,ТАЗ1510573642003,Хотын төвийн хэсэгт хийгдэх унадаг дугуйн замын тр,Polygon,106.913481,47.90868,"Авто зам, замын байгууламжийн архитектур төлөвлөлтийн даалгавар",,Хотын төвийн хэсэгт хийгдэх унадаг дугуйн замын тр,2017/16-15,,,,
390342,ТАЗ1206576000004,,Polygon,106.916163,47.916726,"Авто зам, замын байгууламжийн архитектур төлөвлөлтийн даалгавар",Авто замын барилга,,,,,,
390949,ТАЗ1510572510003,Хотын төвийн хэсэгт хийгдэх унадаг дугуйн замын тр,Polygon,106.923676,47.922566,"Авто зам, замын байгууламжийн архитектур төлөвлөлтийн даалгавар",,Хотын төвийн хэсэгт хийгдэх унадаг дугуйн замын тр,2017/16-15,,,,
391865,ТАЗ1461236139001,Авто зам,Polygon,106.913824,47.938178,"Авто зам, замын байгууламжийн архитектур төлөвлөлтийн даалгавар",Авто замын барилга,Авто зам,,,,,
392930,ТАЗ1524067052001,Авто замын их засварын ажил,Polygon,106.924402,47.929019,"Авто зам, замын байгууламжийн архитектур төлөвлөлтийн даалгавар",Авто замын барилга,Авто замын их засварын ажил,МЗХ2018/09-15,,,,
393268,ТАЗ1537368261001,Авто зам /2-р зэрэглэлийн гол зам/,Polygon,106.921571,47.935037,"Авто зам, замын байгууламжийн архитектур төлөвлөлтийн даалгавар",Авто замын барилга,Авто зам /2-р зэрэглэлийн гол зам/,МЗХ2018/22-37,,,,
393956,ТАЗ1510568472003,Хотын төвийн хэсэгт хийгдэх унадаг дугуйн замын тр,Polygon,106.923044,47.929252,"Авто зам, замын байгууламжийн архитектур төлөвлөлтийн даалгавар",,Хотын төвийн хэсэгт хийгдэх унадаг дугуйн замын тр,2017/16-15,,,,
394034,ТАЗ1530261834001,"Бумбатын зуслангаас Нумтын ам хүртэлх 1,3",Polygon,106.777663,48.021041,"Авто зам, замын байгууламжийн архитектур төлөвлөлтийн даалгавар",Авто замын барилга,"Бумбатын зуслангаас Нумтын ам хүртэлх 1,3",МЗХ2017/12-27,,,,
395345,ТАЗ1531174655001,Хувьсгалчдын гудамжнаас Гүнжийн нуурын урдуур Баян,Polygon,106.837761,47.951214,"Авто зам, замын байгууламжийн архитектур төлөвлөлтийн даалгавар",Авто замын барилга,Хувьсгалчдын гудамжнаас Гүнжийн нуурын урдуур Баян,МЗХ2018/16-27,,,,
395751,ТАЗ1439460549004,,Polygon,106.924773,47.910081,"Авто зам, замын байгууламжийн архитектур төлөвлөлтийн даалгавар",Онгоцны буудал,Замын цагдаагийн уулзварын олон түвшний огтолцол,,,,,
395870,ТАЗ1524068012001,ШУТИС-ийн Дизайны сургуулийн хойд талаарх авто зам,Polygon,106.921967,47.925365,"Авто зам, замын байгууламжийн архитектур төлөвлөлтийн даалгавар",Авто замын барилга,ШУТИС-ийн Дизайны сургуулийн хойд талаарх авто зам,МЗХ2018/09-18,,,,
396295,ТАЗ1264377600003,,Polygon,106.931785,47.929569,"Авто зам, замын байгууламжийн архитектур төлөвлөлтийн даалгавар",Авто замын барилга,,,,,,
396693,ТАЗ1479376857001,Авто зам,Polygon,106.721886,47.936447,"Авто зам, замын байгууламжийн архитектур төлөвлөлтийн даалгавар",Авто замын барилга,Авто зам,,,,,
396763,ТАЗ1538507272001,Хайлаастын үерийн далангаас Хандгайтын 35 дугаар г,Polygon,106.924538,47.951604,"Авто зам, замын байгууламжийн архитектур төлөвлөлтийн даалгавар",Авто замын барилга,Хайлаастын үерийн далангаас Хандгайтын 35 дугаар г,МЗХ2018/23-35,,,,
397249,ТАЗ1458228645001,Авто зам,Polygon,106.934334,47.978148,"Авто зам, замын байгууламжийн архитектур төлөвлөлтийн даалгавар",Авто замын барилга,Авто зам,,,,,
397462,ТАЗ1548240218001,,Polygon,107.002466,48.024693,"Авто зам, замын байгууламжийн архитектур төлөвлөлтийн даалгавар",Авто замын барилга,Бэлхийн авто замаас Оргил дэлгүүрийн хойд талаар Х,МЗХ2019/01-05,,,,
397845,ТАЗ1531756943001,Үйлчилгээтэй орон сууц,Polygon,106.809901,47.911011,"Авто зам, замын байгууламжийн архитектур төлөвлөлтийн даалгавар",Авто замын барилга,Үйлчилгээтэй орон сууц,МЗХ2018/10-06,,,,
398222,ТАЗ1458734208001,Авто зам /Цэргийн хотхон/,Polygon,106.776715,47.914991,"Авто зам, замын байгууламжийн архитектур төлөвлөлтийн даалгавар",Авто замын барилга,Авто зам /Цэргийн хотхон/,,,,,
398224,ТАЗ1461233842001,Найрамдлын зам,Polygon,106.74774,47.961333,"Авто зам, замын байгууламжийн архитектур төлөвлөлтийн даалгавар",Авто замын барилга,Найрамдлын зам,,,,,
398228,ТАЗ1462183550001,Тоб групп - дулааны шугам,Polygon,106.853014,47.955097,"Авто зам, замын байгууламжийн архитектур төлөвлөлтийн даалгавар",Орон сууц /үйлчилгээгүй/,Тоб групп - дулааны шугам,,,,,
398316,ТАЗ1533034259001,Гүүр,Polygon,106.963399,47.994182,"Авто зам, замын байгууламжийн архитектур төлөвлөлтийн даалгавар",Авто замын барилга,Гүүр,МЗХ2018/18-16,,,,
398330,ТАЗ1461150728001,Авто зам,Polygon,106.919331,47.911697,"Авто зам, замын байгууламжийн архитектур төлөвлөлтийн даалгавар",Авто замын барилга,Авто зам,2016/06-17,,,,
398984,ТАЗ1479385785001,Сонсголонгийн гүүрэн гарц 2,Polygon,106.798134,47.908866,"Авто зам, замын байгууламжийн архитектур төлөвлөлтийн даалгавар",Авто замын барилга,Сонсголонгийн гүүрэн гарц 2,,,,,
399148,ТАЗ1536192777001,Хангай захын арын гудамжнаас Дүүхээ төв хүртэлх ав,Polygon,106.817486,47.927539,"Авто зам, замын байгууламжийн архитектур төлөвлөлтийн даалгавар",Авто замын барилга,Хангай захын арын гудамжнаас Дүүхээ төв хүртэлх ав,МЗХ2018/21-23,,,,
400123,ТАЗ1529263897001,Төв номын сан орчмын нүхэн гарц,Polygon,106.915356,47.913848,"Авто зам, замын байгууламжийн архитектур төлөвлөлтийн даалгавар",Авто замын барилга,Төв номын сан орчмын нүхэн гарц,МЗХ2018/14-36,,,,
400447,ТАЗ1458294617003,2 түвшин дэхь уулзвар,Polygon,106.89604,47.914785,"Авто зам, замын байгууламжийн архитектур төлөвлөлтийн даалгавар",Авто замын барилга,2 түвшин дэхь уулзвар,,,,,
401052,ТАЗ1489138960001,Авто зам,Polygon,106.926361,47.917516,"Авто зам, замын байгууламжийн архитектур төлөвлөлтийн даалгавар",Авто замын барилга,Авто зам,,,,,
401215,ТАЗ1524068123001,"Орон сууцны 11,14,20,30 дугаар барилгын хорооллын ",Polygon,106.89714,47.91487,"Авто зам, замын байгууламжийн архитектур төлөвлөлтийн даалгавар",Авто замын барилга,"Орон сууцны 11,14,20,30 дугаар барилгын хорооллын",МЗХ2018/09-19,,,,
401399,ТАЗ1457012086001,Хуурай мухарын амны авто зам,Polygon,106.908867,48.070692,"Авто зам, замын байгууламжийн архитектур төлөвлөлтийн даалгавар",Авто замын барилга,Хуурай мухарын амны авто зам,,,,,
401875,ТАЗ1524067768001,Авто замын их засвар,Polygon,106.929758,47.926462,"Авто зам, замын байгууламжийн архитектур төлөвлөлтийн даалгавар",Авто замын барилга,Авто замын их засвар,МЗХ2018/09-17,,,,
402862,ТАЗ1531756533001,Үйлчилгээтэй орон сууцны барилга,Polygon,106.809564,47.911638,"Авто зам, замын байгууламжийн архитектур төлөвлөлтийн даалгавар",Авто замын барилга,Үйлчилгээтэй орон сууцны барилга,МЗХ2018/10-06,,,,
403419,ТАЗ1535111411001,Улаанчулуутын автобусны эцсийн буудлаас Алтан овоо,Polygon,106.78096,47.945238,"Авто зам, замын байгууламжийн архитектур төлөвлөлтийн даалгавар",Авто замын барилга,Улаанчулуутын автобусны эцсийн буудлаас Алтан овоо,МЗХ2018/20-17,,,,
404231,ТАЗ1535113910001,Алтан овооны 6-р гудамжнаас 780-р худаг хүртэлх ав,Polygon,106.788667,47.931814,"Авто зам, замын байгууламжийн архитектур төлөвлөлтийн даалгавар",Авто замын барилга,Алтан овооны 6-р гудамжнаас 780-р худаг хүртэлх ав,МЗХ2018/20-18,,,,
404617,ТАЗ1537439753002,Авто зам /2 зэрэглэлийн гол зам/,Polygon,106.934188,47.970351,"Авто зам, замын байгууламжийн архитектур төлөвлөлтийн даалгавар",Авто замын барилга,Авто зам /2 зэрэглэлийн гол зам/,МЗХ2018/22-43,,,,
404620,ТАЗ1548244211001,,Polygon,106.936238,47.933216,"Авто зам, замын байгууламжийн архитектур төлөвлөлтийн даалгавар",Авто замын барилга,Дарь-Эхийн авто замаас Баянзүрх дүүргийн 2 дугаар,МЗХ2019/01-06,,,,
404793,ТАЗ1536142162001,Баянголын 27-р гудамж дагуух авто зам,Polygon,106.813568,47.934006,"Авто зам, замын байгууламжийн архитектур төлөвлөлтийн даалгавар",,Баянголын 27-р гудамж дагуух авто зам,МЗХ2018/21-22,,,,
405001,ТАЗ1458733689001,Авто зам /Цэргийн хотхон/,Polygon,106.779932,47.910429,"Авто зам, замын байгууламжийн архитектур төлөвлөлтийн даалгавар",Авто замын барилга,Авто зам /Цэргийн хотхон/,,,,,
406315,ТАЗ1582207999001,Дарь-Эхийн гудамжнаас 15-р хороо Дамбадаржаагийн 2,Polygon,106.927787,47.970962,"Авто зам, замын байгууламжийн архитектур төлөвлөлтийн даалгавар",Авто замын барилга,Дарь-Эхийн гудамжнаас 15-р хороо Дамбадаржаагийн 2,ГБМЗХ2020/06-005,,,,
406636,ТАЗ1521537955001,Явган хүний гүүрэн гарц,Polygon,106.929983,47.993744,"Авто зам, замын байгууламжийн архитектур төлөвлөлтийн даалгавар",Авто замын барилга,Явган хүний гүүрэн гарц,МЗХ2017/12-19,,,,
406637,ТАЗ1439460549005,,Polygon,106.924755,47.908875,"Авто зам, замын байгууламжийн архитектур төлөвлөлтийн даалгавар",Онгоцны буудал,Замын цагдаагийн уулзварын олон түвшний огтолцол,,,,,
407610,ТАЗ1390780800001,Буяны замын зүүн эргэлт,Polygon,106.783818,47.920548,"Авто зам, замын байгууламжийн архитектур төлөвлөлтийн даалгавар",Авто замын барилга,Буяны замын зүүн эргэлт,2014/02-34,,,,
408411,ТАЗ1568049951001,,Polygon,106.938312,47.990093,"Авто зам, замын байгууламжийн архитектур төлөвлөлтийн даалгавар",Авто замын барилга,,МЗХ2019/11-007,,,,
408685,ТАЗ1510567495001,Хотын төвийн хэсэгт хийгдэх унадаг дугуйн замын тр,Polygon,106.922885,47.917642,"Авто зам, замын байгууламжийн архитектур төлөвлөлтийн даалгавар",,Хотын төвийн хэсэгт хийгдэх унадаг дугуйн замын тр,2017/16-15,,,,
409679,ТАЗ1530612069001,Мэдээлэл технологийн парк,Polygon,106.735761,47.940286,"Авто зам, замын байгууламжийн архитектур төлөвлөлтийн даалгавар",Авто замын барилга,Мэдээлэл технологийн парк,МЗХ2018/12-03,,,,
410461,ТАЗ1479385576001,Сонсголонгийн гүүрэн гарц 1,Polygon,106.786664,47.90981,"Авто зам, замын байгууламжийн архитектур төлөвлөлтийн даалгавар",Авто замын барилга,Сонсголонгийн гүүрэн гарц 1,,,,,
410868,ТАЗ1579793562001,Авто зам,Polygon,106.959505,47.982701,"Авто зам, замын байгууламжийн архитектур төлөвлөлтийн даалгавар",Авто замын барилга,Авто зам,ГБМЗХ2020/01-011,,,,
411108,ТАЗ1551834681001,Тусгай замын автобусны маршрут,Polygon,106.898352,47.925234,"Авто зам, замын байгууламжийн архитектур төлөвлөлтийн даалгавар",Авто замын барилга,Тусгай замын автобусны маршрут,МЗХ2019/04-02,,,,
411110,ТАЗ1553120647001,Чингис хаан дээд сургуулийн урд талд,Polygon,106.922384,47.926554,"Авто зам, замын байгууламжийн архитектур төлөвлөлтийн даалгавар",Авто замын барилга,Чингис хаан дээд сургуулийн урд талд,МЗХ2019/05-03,,,,
411119,ТАЗ1327968000008,Нэвтрэлттэй хонгилын системийн байгууламж,Polygon,106.902511,47.911341,"Авто зам, замын байгууламжийн архитектур төлөвлөлтийн даалгавар",Усжуулалт,Нэвтрэлттэй хонгилын системийн байгууламж,,,,,
411121,ТАЗ1516874918001,Сэлхийн амнаас Даваатын ам хүртэл Бэлх голын баруу,Polygon,106.986667,48.017526,"Авто зам, замын байгууламжийн архитектур төлөвлөлтийн даалгавар",,Сэлхийн амнаас Даваатын ам хүртэл Бэлх голын баруу,МЗХ2017/12-28,,,,
411356,ТАЗ1535110298001,Батсүмэр орох авто замаас гудамж дундуур арын худа,Polygon,106.637997,48.125474,"Авто зам, замын байгууламжийн архитектур төлөвлөлтийн даалгавар",Авто замын барилга,Батсүмэр орох авто замаас гудамж дундуур арын худа,МЗХ2018/20-16,,,,
412008,ТАЗ1582199449001,Морингийн замаас Нисэх 3-р гудамжны 34а тоот хашаа,Polygon,106.756911,47.858327,"Авто зам, замын байгууламжийн архитектур төлөвлөлтийн даалгавар",Онгоцны буудал,Морингийн замаас Нисэх 3-р гудамжны 34а тоот хашаа,ГБМЗХ2020-06-002,,,,
412265,ТАЗ1551833751001,,Polygon,106.842919,47.91261,"Авто зам, замын байгууламжийн архитектур төлөвлөлтийн даалгавар",Онгоцны буудал,Тусгай замын автобусны зам,МЗХ2019/04-01,,,,
412267,ТАЗ1553121155001,Кибер захын хойд талын авто зогсоол,Polygon,106.920382,47.92205,"Авто зам, замын байгууламжийн архитектур төлөвлөлтийн даалгавар",Авто замын барилга,Кибер захын хойд талын авто зогсоол,МЗХ2019/05-04,,,,
412343,ТАЗ1404749720001,Орбит бохир усны шугам,Polygon,106.745225,47.917379,"Авто зам, замын байгууламжийн архитектур төлөвлөлтийн даалгавар",Зуслангийн сууц,Орбит бохир усны шугам,,,,,
412361,ТАЗ1575009175001,Авто зам,Polygon,106.924816,47.913081,"Авто зам, замын байгууламжийн архитектур төлөвлөлтийн даалгавар",Авто замын барилга,Авто зам,ГБМЗХ2019/20-013,,,,
412723,ТАЗ1510574744001,Хотын төвийн хэсэгт хийгдэх унадаг дугуйн замын тр,Polygon,106.911621,47.931031,"Авто зам, замын байгууламжийн архитектур төлөвлөлтийн даалгавар",,Хотын төвийн хэсэгт хийгдэх унадаг дугуйн замын тр,2017/16-15,,,,
413804,ТАЗ1582196988001,Санзайн замаас хойш Санзайн гудамжны 2371 тоот хаш,Polygon,106.884928,48.152257,"Авто зам, замын байгууламжийн архитектур төлөвлөлтийн даалгавар",Авто замын барилга,Санзайн замаас хойш Санзайн гудамжны 2371 тоот хаш,ГБМЗХ2020-06-001,,,,
414194,ТАЗ1521537379001,Явган хүний гүүр,Polygon,106.920521,47.969167,"Авто зам, замын байгууламжийн архитектур төлөвлөлтийн даалгавар",Авто замын барилга,Явган хүний гүүр,МЗХ2017/12-20,,,,
414462,ТАЗ1510573396003,Хотын төвийн хэсэгт хийгдэх унадаг дугуйн замын тр,Polygon,106.923661,47.922781,"Авто зам, замын байгууламжийн архитектур төлөвлөлтийн даалгавар",,Хотын төвийн хэсэгт хийгдэх унадаг дугуйн замын тр,2017/16-15,,,,
414911,ТАЗ1579792701001,Авто зам,Polygon,106.916761,47.953321,"Авто зам, замын байгууламжийн архитектур төлөвлөлтийн даалгавар",Авто замын барилга,Авто зам,ГБМЗХ2020/01-010,,,,
414915,ТАЗ1582206661001,Дамбадаржаагийн гудамжнаас Дамбадаржаагийн 2-р гуд,Polygon,106.925829,47.973518,"Авто зам, замын байгууламжийн архитектур төлөвлөлтийн даалгавар",Авто замын барилга,Дамбадаржаагийн гудамжнаас Дамбадаржаагийн 2-р гуд,ГБМЗХ2020-06-004,,,,
415402,ТАЗ1521621861001,Багабаян Энхийн төлөө цогцолбор төвөөс Санзайн төв,Polygon,106.892708,48.142001,"Авто зам, замын байгууламжийн архитектур төлөвлөлтийн даалгавар",Онгоцны буудал,Багабаян Энхийн төлөө цогцолбор төвөөс Санзайн төв,МЗХ2018/07-20,,,,
415404,ТАЗ1521998527001,Багабаян Энхийн төлөө цогцолбор төвөөс Санзайн төв,Polygon,106.892708,48.142001,"Авто зам, замын байгууламжийн архитектур төлөвлөлтийн даалгавар",Авто замын барилга,Багабаян энхийн төлөө цогцолбороос Санзайн төв зам,МЗХ2018/07-20,,,,
415674,ТАЗ1510575021001,Хотын төвийн хэсэгт хийгдэх унадаг дугуйн замын тр,Polygon,106.915242,47.939814,"Авто зам, замын байгууламжийн архитектур төлөвлөлтийн даалгавар",,Хотын төвийн хэсэгт хийгдэх унадаг дугуйн замын тр,2017/16-15,,,,
415830,ТАЗ1553119678001,ШУТИС-ийн үйлдвэр технологийн сургуулийн хойд тала,Polygon,106.923795,47.925706,"Авто зам, замын байгууламжийн архитектур төлөвлөлтийн даалгавар",Авто замын барилга,ШУТИС-ийн үйлдвэр технологийн сургуулийн хойд тала,МЗХ2019/05-02,,,,
416049,ТАЗ1439460549006,,Polygon,106.926529,47.908659,"Авто зам, замын байгууламжийн архитектур төлөвлөлтийн даалгавар",Онгоцны буудал,Замын цагдаагийн уулзварын олон түвшний огтолцол,,,,,
416300,ТАЗ1510568529002,Хотын төвийн хэсэгт хийгдэх унадаг дугуйн замын тр,Polygon,106.895046,47.911089,"Авто зам, замын байгууламжийн архитектур төлөвлөлтийн даалгавар",,Хотын төвийн хэсэгт хийгдэх унадаг дугуйн замын тр,2017/16-15,,,,
416553,ТАЗ1390780800002,Өнөр хорооллын 33-р байрны араас Толгойтын зам хүр,Polygon,106.820716,47.917948,"Авто зам, замын байгууламжийн архитектур төлөвлөлтийн даалгавар",Авто замын барилга,Өнөр хорооллын 33-р байрны араас Толгойтын зам хүр,2014/02-36,,,,
416842,ТАЗ1510567976001,Хотын төвийн хэсэгт хийгдэх унадаг дугуйн замын тр,Polygon,106.920852,47.922203,"Авто зам, замын байгууламжийн архитектур төлөвлөлтийн даалгавар",,Хотын төвийн хэсэгт хийгдэх унадаг дугуйн замын тр,2017/16-15,,,,
417910,ТАЗ1510568369002,Хотын төвийн хэсэгт хийгдэх унадаг дугуйн замын тр,Polygon,106.919977,47.929224,"Авто зам, замын байгууламжийн архитектур төлөвлөлтийн даалгавар",,Хотын төвийн хэсэгт хийгдэх унадаг дугуйн замын тр,2017/16-15,,,,
418606,ТАЗ1588692660001,Майхан толгой 2 зуслан хүртэлх авто зам,Polygon,106.891294,48.096023,"Авто зам, замын байгууламжийн архитектур төлөвлөлтийн даалгавар",Авто замын барилга,Майхан толгой 2 зуслан хүртэлх авто зам,ГБМЗХ2020/18-005,,,,
418701,ТАЗ1516873463001,Бэлхийн замын 2-р буудлаас баруун амны авто зам,Polygon,106.953146,47.992478,"Авто зам, замын байгууламжийн архитектур төлөвлөлтийн даалгавар",Авто замын барилга,Бэлхийн замын 2-р буудлаас баруун амны авто зам,МЗХ2017/12-30,,,,
418703,ТАЗ1516874513001,Бэлхийн зам 71 дүгээр  сургуулийн буудлаас Сэлхийн,Polygon,106.971935,48.002087,"Авто зам, замын байгууламжийн архитектур төлөвлөлтийн даалгавар",Авто замын барилга,Бэлхийн зам 71 дүгээр  сургуулийн буудлаас Сэлхийн,МЗХ2017/12-29,,,,
419811,ТАЗ1510574805001,Хотын төвийн хэсэгт хийгдэх унадаг дугуйн замын тр,Polygon,106.92085,47.949316,"Авто зам, замын байгууламжийн архитектур төлөвлөлтийн даалгавар",,Хотын төвийн хэсэгт хийгдэх унадаг дугуйн замын тр,2017/16-15,,,,
421024,ТАЗ1585057226001,"Санзайн замаас ЧД, 19-р хорооны Майхан толгой гуда",Polygon,106.893399,48.089572,"Авто зам, замын байгууламжийн архитектур төлөвлөлтийн даалгавар",Авто замын барилга,"Санзайн замаас ЧД, 19-р хорооны Майхан толгой гуда",ГБМЗХ2020/11-024,,,,
421049,ТАЗ1510568056002,Хотын төвийн хэсэгт хийгдэх унадаг дугуйн замын тр,Polygon,106.919241,47.922029,"Авто зам, замын байгууламжийн архитектур төлөвлөлтийн даалгавар",,Хотын төвийн хэсэгт хийгдэх унадаг дугуйн замын тр,2017/16-15,,,,
422751,ТАЗ1582912756001,"Энхтайваны өргөн чөлөө, Г.Чагдаржавын гудамжны уул",Polygon,106.925497,47.917974,"Авто зам, замын байгууламжийн архитектур төлөвлөлтийн даалгавар",Авто замын барилга,"Энхтайваны өргөн чөлөө, Г.Чагдаржавын гудамжны уул",ГБМЗХ2020/07-050,,,,
423206,ТАЗ1573506960001,Парисийн гудамжнаас орон сууцны 26б дугаар байр хү,Polygon,106.929238,47.912318,"Авто зам, замын байгууламжийн архитектур төлөвлөлтийн даалгавар",Авто замын барилга,Парисийн гудамжнаас орон сууцны 26б дугаар байр хү,ГБМЗХ2019/16-010,,,,
423209,ТАЗ1575006167001,Авто зам,Polygon,106.93081,47.980737,"Авто зам, замын байгууламжийн архитектур төлөвлөлтийн даалгавар",Онгоцны буудал,Авто зам,ГБМЗХ2019/20-012,,,,
423382,ТАЗ1510574666001,Хотын төвийн хэсэгт хийгдэх унадаг дугуйн замын тр,Polygon,106.921364,47.930968,"Авто зам, замын байгууламжийн архитектур төлөвлөлтийн даалгавар",,Хотын төвийн хэсэгт хийгдэх унадаг дугуйн замын тр,2017/16-15,,,,
424007,ТАЗ1510567411001,Хотын төвийн хэсэгт хийгдэх унадаг дугуйн замын тр,Polygon,106.912128,47.916607,"Авто зам, замын байгууламжийн архитектур төлөвлөлтийн даалгавар",,Хотын төвийн хэсэгт хийгдэх унадаг дугуйн замын тр,2017/16-15,,,,
424405,ТАЗ1568626282001,ХТП,Polygon,106.920005,47.928578,"Авто зам, замын байгууламжийн архитектур төлөвлөлтийн даалгавар",,ХТП,,,,,
424583,ТАЗ1508845732001,,Polygon,106.96915,48.028411,"Авто зам, замын байгууламжийн архитектур төлөвлөлтийн даалгавар",,Төлөвлөж буй ТП-дэд өртөө,,,,,
425348,ТАЗ1245801600001,,Polygon,106.919877,47.917165,"Авто зам, замын байгууламжийн архитектур төлөвлөлтийн даалгавар",Авто замын барилга,,,,,,
425431,ТАЗ1291766400002,,Polygon,106.912394,48.088657,"Авто зам, замын байгууламжийн архитектур төлөвлөлтийн даалгавар",Авто замын барилга,,,,,,
426573,ТАЗ1337904000001,Хайлааст-100 айл,Polygon,106.926867,47.938719,"Авто зам, замын байгууламжийн архитектур төлөвлөлтийн даалгавар",Авто замын барилга,Хайлааст-100 айл,,"Баянзүрх, Сүхбаатар","11-р хороо, 13-р хороо, 12-р хороо, 7-р хороо, 29-р хороо",100 айл-2 /14171/,Денверийн гудамж
427123,ТАЗ1320883200010,Цагдаагийн гудамж 0.4 км,Polygon,106.928916,47.934714,"Авто зам, замын байгууламжийн архитектур төлөвлөлтийн даалгавар",Тодорхойгүй,Цагдаагийн гудамж 0.4 км,,,,,
428412,ТАЗ1502266644001,Авто зам,Polygon,106.724629,47.897173,"Авто зам, замын байгууламжийн архитектур төлөвлөлтийн даалгавар",Авто замын барилга,Авто зам,МЗХ2017/16-24,,,,
429868,ТАЗ1531096091002,ПК2-8 зв-д байрлах авто машины нүхэн гарц,Polygon,106.819221,47.910707,"Авто зам, замын байгууламжийн архитектур төлөвлөлтийн даалгавар",Авто замын барилга,ПК2-8 зв-д байрлах авто машины нүхэн гарц,МХЗ2018/16-24,,,,
429964,ТАЗ1320883200011,,Polygon,106.928918,47.934764,"Авто зам, замын байгууламжийн архитектур төлөвлөлтийн даалгавар",Авто замын барилга,,,,,,
430977,ТАЗ1544120384001,Усны 733-р худгаас Овоот хүртэлх авто зам,Polygon,106.829916,47.922843,"Авто зам, замын байгууламжийн архитектур төлөвлөлтийн даалгавар",,Усны 733-р худгаас Овоот хүртэлх авто зам,МЗХ2018/27-10,,,,
431097,ТАЗ1264377600004,,Polygon,106.929619,47.918238,"Авто зам, замын байгууламжийн архитектур төлөвлөлтийн даалгавар",Онгоцны буудал,Гүүрэн гарц,,,,,
431163,ТАЗ1327968000009,Гоодойн амны гүүр,Polygon,106.914827,48.035726,"Авто зам, замын байгууламжийн архитектур төлөвлөлтийн даалгавар",Гүүрэн гарцын барилга,Гоодойн амны гүүр,,,,,
431450,ТАЗ1630310754001,Авто зам,Polygon,106.952271,48.123829,"Авто зам, замын байгууламжийн архитектур төлөвлөлтийн даалгавар",Авто замын барилга,Авто зам,МЗХ2021/16-021,,,,
431540,ТАЗ1645603529001,"Зам, замын байгууламж /Авто зогсоол/",Polygon,106.922599,47.916377,"Авто зам, замын байгууламжийн архитектур төлөвлөлтийн даалгавар",Авто замын барилга,"Зам, замын байгууламж /Авто зогсоол/",БХБХ2022/01-021,,,,
432171,ТАЗ1598366201001,Санзайн гүүр,Polygon,106.887066,48.128492,"Авто зам, замын байгууламжийн архитектур төлөвлөлтийн даалгавар",Авто замын барилга,Санзайн гүүр,ГБМЗХ2020/32-013,,,,
432269,ТАЗ1264377600005,,Polygon,106.91864,48.113353,"Авто зам, замын байгууламжийн архитектур төлөвлөлтийн даалгавар",Авто замын барилга,,,,,,
433030,ТАЗ1403866406001,Шарга морьтын зуслангийн авто зам,Polygon,106.941572,48.076946,"Авто зам, замын байгууламжийн архитектур төлөвлөлтийн даалгавар",Авто замын барилга,Шарга морьтын зуслангийн авто зам,,,,,
433072,ТАЗ1555972679001,Хорооллын доторх авто зам,Polygon,106.862202,47.920403,"Авто зам, замын байгууламжийн архитектур төлөвлөлтийн даалгавар",,,МЗХ2019/06-00,,,,
433257,ТАЗ1411039117002,113 сургуулиас хойш,Polygon,106.858175,47.942776,"Авто зам, замын байгууламжийн архитектур төлөвлөлтийн даалгавар",Авто замын барилга,113 сургуулиас хойш,,,,,
433335,ТАЗ1594889772001,248-р цэцэрлэг хүртэлх автозам,Polygon,106.919833,47.953521,"Авто зам, замын байгууламжийн архитектур төлөвлөлтийн даалгавар",Авто замын барилга,248-р цэцэрлэг хүртэлх автозам,ГБМЗХ2020/29-014,,,,
433871,ТАЗ1645605524001,"Зам, замын байгууламж /Авто зогсоол/",Polygon,106.892966,47.913613,"Авто зам, замын байгууламжийн архитектур төлөвлөлтийн даалгавар",Авто замын барилга,"Зам, замын байгууламж /Авто зогсоол/",БХБХ2022/01-021,,,,
434384,ТАЗ1548238704001,,Polygon,107.002466,48.024693,"Авто зам, замын байгууламжийн архитектур төлөвлөлтийн даалгавар",,Бэлхийн авто замаас Оргил дэлгүүрийн хойд талаар Х,МЗХ2019/01-05,,,,
434616,ТАЗ1544120214001,Усны 733-р худгаас Овоот хүртэлх авто зам,Polygon,106.833464,47.930378,"Авто зам, замын байгууламжийн архитектур төлөвлөлтийн даалгавар",,Усны 733-р худгаас Овоот хүртэлх авто зам,МЗХ2018/27-10,,,,
435009,ТАЗ1646039421001,Гүүрэн байгууламж,Polygon,106.930083,47.993885,"Авто зам, замын байгууламжийн архитектур төлөвлөлтийн даалгавар",Авто замын барилга,Гүүрэн байгууламж,БХБХ2022/01-039,,,,
435028,ТАЗ1505814060001,Хотын түргэн тусламж хүрэх зам,Polygon,106.918589,47.927918,"Авто зам, замын байгууламжийн архитектур төлөвлөлтийн даалгавар",Авто замын барилга,Хотын түргэн тусламж хүрэх зам,,,,,
435632,ТАЗ1645568722001,"Зам, замын байгууламж /Авто зогсоол/",Polygon,106.900868,47.91308,"Авто зам, замын байгууламжийн архитектур төлөвлөлтийн даалгавар",Авто замын барилга,"Зам, замын байгууламж /Авто зогсоол/",БХБХ2022/01-021,,,,
436285,ТАЗ1264377600006,Авто зам,Polygon,106.928857,47.916503,"Авто зам, замын байгууламжийн архитектур төлөвлөлтийн даалгавар",Авто замын барилга,Авто зам,,,,,
436500,ТАЗ1553116563001,"Баянхошууны 8, 12 дугаар гудамж дагуу",Polygon,106.827189,47.946112,"Авто зам, замын байгууламжийн архитектур төлөвлөлтийн даалгавар",,"Баянхошууны 8, 12 дугаар гудамж дагуу",МЗХ2019/05-17,,,,
436503,ТАЗ1555972788001,,Polygon,106.862052,47.919303,"Авто зам, замын байгууламжийн архитектур төлөвлөлтийн даалгавар",,,МЗХ2019/06-00,,,,
436504,ТАЗ1623670399001,Сэлбэ дэд төвийн авто замаас дарь эхийн шинэ зам х,Polygon,106.918799,47.953744,"Авто зам, замын байгууламжийн архитектур төлөвлөлтийн даалгавар",Авто замын барилга,Сэлбэ дэд төвийн авто замаас дарь эхийн шинэ зам х,МЗХ2021/9-041,,,,
436660,ТАЗ1630079817001,Авто зам,Polygon,106.961485,47.988241,"Авто зам, замын байгууламжийн архитектур төлөвлөлтийн даалгавар",Авто замын барилга,Авто зам,МЗХ2021/16-020,,,,
436890,ТАЗ1320883200012,,Polygon,106.925138,47.961444,"Авто зам, замын байгууламжийн архитектур төлөвлөлтийн даалгавар",Авто замын барилга,,,,,,
437299,ТАЗ1645568853001,"Авто зам, замын байгууламж /Авто зогсоол/",Polygon,106.9003,47.913228,"Авто зам, замын байгууламжийн архитектур төлөвлөлтийн даалгавар",Авто замын барилга,"Авто зам, замын байгууламж /Авто зогсоол/",БХБХ2022/01-021,,,,
437826,ТАЗ1645605835001,"Зам, замын байгууламж /Авто зогсоол/",Polygon,106.892966,47.913613,"Авто зам, замын байгууламжийн архитектур төлөвлөлтийн даалгавар",Авто замын барилга,"Зам, замын байгууламж",БХБХ2022/01-021,,,,
437844,ТАЗ1551831106001,"Механик инженерийн сургуулийн баруун хойд талд, ол",Polygon,106.892813,47.902161,"Авто зам, замын байгууламжийн архитектур төлөвлөлтийн даалгавар",,"Механик инженерийн сургуулийн баруун хойд талд, ол",МЗХ2019/04-03,,,,
438083,ТАЗ1502267169001,Баянхошууны эцэс орох авто замаас 3 дугаар амбулат,Polygon,106.838538,47.958598,"Авто зам, замын байгууламжийн архитектур төлөвлөлтийн даалгавар",Авто замын барилга,Баянхошууны эцэс орох авто замаас 3 дугаар амбулат,МЗХ2021/25-031,,,,
438086,ТАЗ1502267721001,,Polygon,106.827971,47.968173,"Авто зам, замын байгууламжийн архитектур төлөвлөлтийн даалгавар",Онгоцны буудал,170 дугаар цэцэрлэг хүртэлх авто зам,МЗХ2017/16-28,,,,
438377,ТАЗ1637572132001,Авто зам,Polygon,107.005559,48.059224,"Авто зам, замын байгууламжийн архитектур төлөвлөлтийн даалгавар",Авто замын барилга,Авто зам,МЗХ2021/22-14,,,,
438433,ТАЗ1510574419001,Хотын төвийн хэсэгт хийгдэх унадаг дугуйн замын тр,Polygon,106.802561,47.908955,"Авто зам, замын байгууламжийн архитектур төлөвлөлтийн даалгавар",,Хотын төвийн хэсэгт хийгдэх унадаг дугуйн замын тр,2017/16-15,,,,
438491,ТАЗ1340323200001,,Polygon,106.911903,47.90964,"Авто зам, замын байгууламжийн архитектур төлөвлөлтийн даалгавар",Авто замын барилга,,,,,,
439436,ТАЗ1306281600015,,Polygon,106.606687,47.865024,"Авто зам, замын байгууламжийн архитектур төлөвлөлтийн даалгавар",Авто замын барилга,,,,,,
439700,ТАЗ1502268050001,,Polygon,106.807692,47.982927,"Авто зам, замын байгууламжийн архитектур төлөвлөлтийн даалгавар",Онгоцны буудал,Авто зам,МЗХ2017/16-30,,,,
440727,ТАЗ1641393798001,Хотын тойрог зам,Polygon,106.922798,47.962838,"Авто зам, замын байгууламжийн архитектур төлөвлөлтийн даалгавар",Авто замын барилга,Хотын тойрог зам,БХБХ2022/01-023,,,,
440730,ТАЗ1540929871001,Ар гүнтийн хатуу хучилттай авто замаас Шижирийн ба,Polygon,106.747938,48.084131,"Авто зам, замын байгууламжийн архитектур төлөвлөлтийн даалгавар",,Ар гүнтийн хатуу хучилттай авто замаас Шижирийн ба,МЗХ2018/25-09,,,,
440753,ТАЗ1502267401001,"Зүүн салааны эцсийн буудлаас Богино, Ухнын ам хүрт",Polygon,106.825431,48.009584,"Авто зам, замын байгууламжийн архитектур төлөвлөлтийн даалгавар",Авто замын барилга,"Зүүн салааны эцсийн буудлаас Богино, Ухнын ам хүрт",МЗХ2017/16-26,,,,
441257,ТАЗ1502268202001,31 дүгээр хорооноос Гадна тойруу хүртэлх авто зам,Polygon,106.846629,47.929839,"Авто зам, замын байгууламжийн архитектур төлөвлөлтийн даалгавар",Авто замын барилга,31 дүгээр хорооноос Гадна тойруу хүртэлх авто зам,МЗХ2017/16-31,,,,
441433,ТАЗ1556158881001,Автобусны буудлын засвар,Polygon,106.816117,47.924089,"Авто зам, замын байгууламжийн архитектур төлөвлөлтийн даалгавар",,Автобусны буудлын засвар,МЗХ2019/06-89,,,,
441731,ТАЗ1615982323001,НАЗХГ,Polygon,106.922041,47.953253,"Авто зам, замын байгууламжийн архитектур төлөвлөлтийн даалгавар",Авто замын барилга,НАЗХГ,МЗХ2021/03-011,,,,
442052,ТАЗ1645565285001,"Авто зам, замын байгууламж /Авто зогсоол/",Polygon,106.906409,47.914903,"Авто зам, замын байгууламжийн архитектур төлөвлөлтийн даалгавар",Авто замын барилга,"Авто зам, замын байгууламж /Авто зогсоол/",БХБХ2022/01-21,,,,
442054,ТАЗ1645568489001,"Зам, замын байгууламж /Авто зогсоол/",Polygon,106.90362,47.913205,"Авто зам, замын байгууламжийн архитектур төлөвлөлтийн даалгавар",Авто замын барилга,"Зам, замын байгууламж /Авто зогсоол/",БХБХ2022/01-021,,,,
442056,ТАЗ1645606424001,"Зам, замын байгууламж /Авто зогсоол/",Polygon,106.892964,47.913613,"Авто зам, замын байгууламжийн архитектур төлөвлөлтийн даалгавар",Авто замын барилга,"Зам, замын байгууламж /Авто зогсоол/",БХБХ2022/01-021,,,,
442061,ТАЗ1645606264001,"Зам, замын байгууламж /Авто зогсоол/",Polygon,106.892964,47.913613,"Авто зам, замын байгууламжийн архитектур төлөвлөлтийн даалгавар",Авто замын барилга,"Зам, замын байгууламж /Авто зогсоол/",БХБХ2022/01-021,,,,
442562,ТАЗ1411747143001,64-р дэлгүүрийн зүүн талын авто зам,Polygon,106.925276,47.920538,"Авто зам, замын байгууламжийн архитектур төлөвлөлтийн даалгавар",Авто замын барилга,64-р дэлгүүрийн зүүн талын авто зам,2014/02-30,,,,
443549,ТАЗ1649903544001,"хүүхдийн унадаг дугуйн зам, гүйлтийн зам",Polygon,106.898651,47.912294,"Авто зам, замын байгууламжийн архитектур төлөвлөлтийн даалгавар",,"хүүхдийн унадаг дугуйн зам, гүйлтийн зам",МЗХ2022/09-068,,,,
444389,ТАЗ1651861565001,,Polygon,106.788176,47.841379,"Авто зам, замын байгууламжийн архитектур төлөвлөлтийн даалгавар",,,,,,,
444391,ТАЗ1654697829001,"Авто зам, замын байгууламж",Polygon,106.918346,47.927148,"Авто зам, замын байгууламжийн архитектур төлөвлөлтийн даалгавар",Авто замын барилга,"Авто зам, замын байгууламж",МЗХ2022/18-025,,,,
444799,ТАЗ1655828545001,,Polygon,106.979741,47.995801,"Авто зам, замын байгууламжийн архитектур төлөвлөлтийн даалгавар",Авто замын барилга,,,,,,
444801,ТАЗ1655832135001,"Бэлх 53 дугаар гудамжинд, 0.422 км",Polygon,106.973588,47.996675,"Авто зам, замын байгууламжийн архитектур төлөвлөлтийн даалгавар",Авто замын барилга,"Бэлх 53 дугаар гудамжинд, 0.422 км",мзх2022/18-022,,,,
444803,ТАЗ1657188192001,СБД ЗДТГ,Polygon,106.929694,47.9295,"Авто зам, замын байгууламжийн архитектур төлөвлөлтийн даалгавар",Авто замын барилга,СБД ЗДТГ,МЗХ2022/23-003,,,,
445063,ТАЗ1415577600002,Авто худалдааны цогцолбороос Морингийн зам хүртэл,Polygon,106.68114,47.87688,"Авто зам, замын байгууламжийн архитектур төлөвлөлтийн даалгавар",Авто замын барилга,Авто худалдааны цогцолбороос Морингийн зам хүртэл,,,,,
445279,ТАЗ1427711779003,Сэлбэ голын дагуу хурдны зам,Polygon,106.908051,48.011999,"Авто зам, замын байгууламжийн архитектур төлөвлөлтийн даалгавар",Авто замын барилга,Сэлбэ голын дагуу хурдны зам,,,,,
445312,ТАЗ1502267897001,,Polygon,106.817291,47.951772,"Авто зам, замын байгууламжийн архитектур төлөвлөлтийн даалгавар",Онгоцны буудал,Авто зам,МЗХ2017/16-29,,,,
445567,ТАЗ1649927645001,,Polygon,106.92387,47.930749,"Авто зам, замын байгууламжийн архитектур төлөвлөлтийн даалгавар",Авто замын барилга,,МЗХ2022/09-021,,,,
445654,ТАЗ1510573507002,Хотын төвийн хэсэгт хийгдэх унадаг дугуйн замын тр,Polygon,106.837029,47.911761,"Авто зам, замын байгууламжийн архитектур төлөвлөлтийн даалгавар",,Хотын төвийн хэсэгт хийгдэх унадаг дугуйн замын тр,,,,,
446027,ТАЗ1558479142001,Тахилтын эцсийн буудлаас Шинэ эцсийн буудал хүртэл,Polygon,106.681696,47.937792,"Авто зам, замын байгууламжийн архитектур төлөвлөлтийн даалгавар",,Тахилтын эцсийн буудлаас Шинэ эцсийн буудал хүртэл,МЗХ2019/08-050,,,,
446245,ТАЗ1574073566001,,Polygon,106.843377,47.872086,"Авто зам, замын байгууламжийн архитектур төлөвлөлтийн даалгавар",Онгоцны буудал,,,,,,
446356,ТАЗ1566472379001,18-р хорооны цогцолбор барилгаас 10-р байр хүртэлх,Polygon,106.814784,47.911326,"Авто зам, замын байгууламжийн архитектур төлөвлөлтийн даалгавар",,18-р хорооны цогцолбор барилгаас 10-р байр хүртэлх,ГБМЗХ2019/05-058,,,,
447863,ТАЗ1655836512001,Авто зам,Polygon,106.917404,47.947375,"Авто зам, замын байгууламжийн архитектур төлөвлөлтийн даалгавар",Авто замын барилга,Авто зам,МЗХ2022/18-024,,,,
448521,ТАЗ1565832525001,Баянхошууны эцсийн буудлаас Зүүнбаян Уул-14 дугаар,Polygon,106.852359,47.962945,"Авто зам, замын байгууламжийн архитектур төлөвлөлтийн даалгавар",,Баянхошууны эцсийн буудлаас Зүүнбаян Уул-14 дугаар,ГБМЗХ2019/04-020,,,,
448744,ТАЗ1656586455001,Цагдаагийн гудамжны хойд талын босоо тэнхлэгийн ав,Polygon,106.919367,47.940425,"Авто зам, замын байгууламжийн архитектур төлөвлөлтийн даалгавар",Авто замын барилга,Цагдаагийн гудамжны хойд талын босоо тэнхлэгийн ав,ЗД-СБД/2021/004,,,,
448943,ТАЗ1649902044001,Саруул худалдааны төвийн хойд талаас 6 дугаар сург,Polygon,106.900679,47.909927,"Авто зам, замын байгууламжийн архитектур төлөвлөлтийн даалгавар",Авто замын барилга,Саруул худалдааны төвийн хойд талаас 6 дугаар сург,МЗХ2022/09-067,,,,
449231,ТАЗ1558477590001,Нарангийн голын эцсийн буудлаас Тоосгоны үйлдвэр х,Polygon,106.765703,47.936938,"Авто зам, замын байгууламжийн архитектур төлөвлөлтийн даалгавар",,Нарангийн голын эцсийн буудлаас Тоосгоны үйлдвэр х,МЗХ2019/08-049,,,,
449317,ТАЗ1658226479001,,Polygon,106.889803,47.892148,"Авто зам, замын байгууламжийн архитектур төлөвлөлтийн даалгавар",Онгоцны буудал,Энхтайваны өргөн чөлөөний хойд талаар барилгачны г,,,,,
449377,ТАЗ1424097202001,"Асфальт бетон хучилт, шинээр хийх, гарц гаргах",Polygon,106.911952,47.910598,"Авто зам, замын байгууламжийн архитектур төлөвлөлтийн даалгавар",Авто замын барилга,"Асфальт бетон хучилт, шинээр хийх, гарц гаргах",ГБЗХ-03 2015,,,,
449613,ТАЗ1655890912001,Автомашины гүүр,Polygon,106.96614,47.999979,"Авто зам, замын байгууламжийн архитектур төлөвлөлтийн даалгавар",Авто замын барилга,Автомашины гүүр,,,,,
449758,ТАЗ1649898741001,Улсын циркийн урд талаас 31 дүгээр сугуулийн хойд ,Polygon,106.908438,47.909476,"Авто зам, замын байгууламжийн архитектур төлөвлөлтийн даалгавар",Авто замын барилга,Улсын циркийн урд талаас 31 дүгээр сугуулийн хойд,МЗХ2022/09-066,,,,
450150,ТАЗ1654615848001,сайжруулсан авто зам,Polygon,106.951412,48.025689,"Авто зам, замын байгууламжийн архитектур төлөвлөлтийн даалгавар",Авто замын барилга,сайжруулсан авто зам,,,,,
450768,ТАЗ1658228689001,,Polygon,106.889803,47.892148,"Авто зам, замын байгууламжийн архитектур төлөвлөлтийн даалгавар",Авто замын барилга,Энхтайваны өргөн чөлөөний хойд талаар барилгачны г,ЗД-ХУД/2021/019,,,,
450803,ТАЗ1429283924001,Авто зам,Polygon,106.787314,47.911042,"Авто зам, замын байгууламжийн архитектур төлөвлөлтийн даалгавар",Авто замын барилга,Авто зам,,,,,
451030,ТАЗ1428422378001,Авто замын шинэчлэлт,Polygon,106.924872,47.927462,"Авто зам, замын байгууламжийн архитектур төлөвлөлтийн даалгавар",Авто замын барилга,Авто замын шинэчлэлт,МЗХ2022/09-069,,,,
451146,ТАЗ1576532672001,Авто зам,Polygon,106.779595,47.901619,"Авто зам, замын байгууламжийн архитектур төлөвлөлтийн даалгавар",Авто замын барилга,Авто зам,ГБМЗХ2019/23-003,,,,
451701,ТАЗ1424097066001,Асфальт бетон хучилт,Polygon,106.927998,47.931025,"Авто зам, замын байгууламжийн архитектур төлөвлөлтийн даалгавар",Авто замын барилга,Асфальт бетон хучилт,,,,,
451912,ТАЗ1564316345001,Хувьсгалчдын замаас 105 дугаар сургууль хүртэлх ав,Polygon,106.848762,47.954118,"Авто зам, замын байгууламжийн архитектур төлөвлөлтийн даалгавар",,Хувьсгалчдын замаас 105 дугаар сургууль хүртэлх ав,ГБМЗХ2019/03-020,,,,
452112,ТАЗ1538645600001,Автомашины нүхэн гарц,Polygon,106.931162,47.9297,"Авто зам, замын байгууламжийн архитектур төлөвлөлтийн даалгавар",Авто замын барилга,Автомашины нүхэн гарц,МЗХ2018/24-03,,,,
453272,ТАЗ1559650885001,Гүүр,Polygon,106.825772,47.915262,"Авто зам, замын байгууламжийн архитектур төлөвлөлтийн даалгавар",,Гүүр,МЗХ2019/09-047,,,,
453456,ТАЗ1576576496001,Авто зам,Polygon,106.809233,47.912366,"Авто зам, замын байгууламжийн архитектур төлөвлөлтийн даалгавар",Авто замын барилга,Авто зам,ГБМЗХ2019/23-002,,,,
453579,ТАЗ1645565559001,"Авто зам, замын байгууламж/Авто зогсоол/",Polygon,106.906876,47.915052,"Авто зам, замын байгууламжийн архитектур төлөвлөлтийн даалгавар",Авто замын барилга,"Авто зам, замын байгууламж/Авто зогсоол/",БХБХ2022/01-021,,,,
453583,ТАЗ1645606069001,"Зам, замын байгууламж /Авто зогсоол/",Polygon,106.892966,47.913613,"Авто зам, замын байгууламжийн архитектур төлөвлөлтийн даалгавар",Онгоцны буудал,"Зам, замын байгууламж /Авто зогсоол/",БХБХ2022/01-021,,,,
453657,ТАЗ1566472082001,13б байрны баруун талаарх авто зам,Polygon,106.815302,47.911791,"Авто зам, замын байгууламжийн архитектур төлөвлөлтийн даалгавар",,13б байрны баруун талаарх авто зам,ГБМЗХ2019/05-056,,,,
454066,ТАЗ1565695342001,Хилчин-30 дугаар гудамж дагуух авто зам,Polygon,106.732005,47.915019,"Авто зам, замын байгууламжийн архитектур төлөвлөлтийн даалгавар",,Хилчин-30 дугаар гудамж дагуух авто зам,МЗХ2019/03-021,,,,
454353,ТАЗ1566471836001,Эмээлт захаас Хурган хүртэлх авто зам,Polygon,106.577631,47.884126,"Авто зам, замын байгууламжийн архитектур төлөвлөлтийн даалгавар",,Эмээлт захаас Хурган хүртэлх авто зам,ГБМЗХ2019/05-059,,,,
454619,ТАЗ1564313820001,Их нарангийн авто замаас 4 дүгээр хорооны барилга ,Polygon,106.800322,47.924178,"Авто зам, замын байгууламжийн архитектур төлөвлөлтийн даалгавар",,Их нарангийн авто замаас 4 дүгээр хорооны барилга,ГБМЗХ2019/03-019,,,,
454621,ТАЗ1566490314001,Эмээлт захаас Хурган хүртэлх авто зам,Polygon,106.577631,47.884126,"Авто зам, замын байгууламжийн архитектур төлөвлөлтийн даалгавар",,Эмээлт захаас Хурган хүртэлх авто зам,,,,,
455187,ТАЗ1429283797001,Авто зам,Polygon,106.785388,47.91118,"Авто зам, замын байгууламжийн архитектур төлөвлөлтийн даалгавар",Тодорхойгүй,Авто зам,,,,,
455730,ТАЗ1429283865001,Авто зам,Polygon,106.786125,47.911246,"Авто зам, замын байгууламжийн архитектур төлөвлөлтийн даалгавар",Авто замын барилга,Авто зам,,,,,
456202,ТАЗ1574073448001,,Polygon,106.843377,47.872086,"Авто зам, замын байгууламжийн архитектур төлөвлөлтийн даалгавар",Авто замын барилга,Авто зам,ГБМЗХ2019/18-008,,,,
457151,ТАЗ1566472260001,11-р байрны зүүн талаарх авто зам,Polygon,106.815196,47.9115,"Авто зам, замын байгууламжийн архитектур төлөвлөлтийн даалгавар",,11-р байрны зүүн талаарх авто зам,ГБМЗХ2019/05-057,,,,
457507,ТАЗ1589557475001,Баянхошууны гудамжнаас Баянгол 31 дүгээр гудамжны ,Polygon,106.813141,47.936217,"Авто зам, замын байгууламжийн архитектур төлөвлөлтийн даалгавар",Авто замын барилга,Баянхошууны гудамжнаас Баянгол 31 дүгээр гудамжны,ГБМЗХ2020/22-033,,,,
457807,ТАЗ1558476189001,Толгойт-59 дүгээр гудамжны авто замаас Биеийн тами,Polygon,106.752342,47.918168,"Авто зам, замын байгууламжийн архитектур төлөвлөлтийн даалгавар",,Толгойт-59 дүгээр гудамжны авто замаас Биеийн тами,МЗХ2019/08-048,,,,
458562,ТАЗ1568821999001,Авто зам,Polygon,106.785458,47.883151,"Авто зам, замын байгууламжийн архитектур төлөвлөлтийн даалгавар",Авто замын барилга,Авто зам,МЗХ2017/18-22,,,,
458814,ТАЗ1566989573001,Орон сууцны 2 дугаар барилгын урд талын авто зогсо,Polygon,106.811813,47.912949,"Авто зам, замын байгууламжийн архитектур төлөвлөлтийн даалгавар",Авто замын барилга,Орон сууцны 2 дугаар барилгын урд талын авто зогсо,ГБМЗХ2019/06-014,,,,
458816,ТАЗ1570056959001,Рашаант 10 гудамжнаас Ар гүнтийн авто замтай холбо,Polygon,106.636848,48.09268,"Авто зам, замын байгууламжийн архитектур төлөвлөлтийн даалгавар",Авто замын барилга,Рашаант 10 гудамжнаас Ар гүнтийн авто замтай холбо,ГБМЗХ2019/11-053,,,,
458817,ТАЗ1570728411001,Дархан-Улаанбаатар чиглэлийн авто замаас “Жи эс эн,Polygon,106.607426,47.930701,"Авто зам, замын байгууламжийн архитектур төлөвлөлтийн даалгавар",Авто замын барилга,Дархан-Улаанбаатар чиглэлийн авто замаас “Жи эс эн,ГБМЗХ2019/12-007,,,,
458905,ТАЗ1589790663001,Баянхошууны авто замаас зүүн тийш 264 дүгээр цэцэр,Polygon,106.848217,47.956683,"Авто зам, замын байгууламжийн архитектур төлөвлөлтийн даалгавар",Авто замын барилга,Баянхошууны авто замаас зүүн тийш 264 дүгээр цэцэр,ГБМЗХ2020/22-030,,,,
458906,ТАЗ1589555117001,Баруун салааны гудамжнаас цэцэрлэг хүртэлх авто за,Polygon,106.807288,47.982642,"Авто зам, замын байгууламжийн архитектур төлөвлөлтийн даалгавар",Авто замын барилга,Баруун салааны гудамжнаас цэцэрлэг хүртэлх авто за,ГБМЗХ2020/22-032,,,,
459394,ТАЗ1570028671001,Тахилтын авто замаас Ар Шижирын ам хүртэлх авто за,Polygon,106.648768,48.010628,"Авто зам, замын байгууламжийн архитектур төлөвлөлтийн даалгавар",Авто замын барилга,Тахилтын авто замаас Ар Шижирын ам хүртэлх авто за,ГБМЗХ2019/11-050,,,,
459395,ТАЗ1570180439001,Үерийн хамгаалалтын ил суваг,Polygon,106.517361,47.932829,"Авто зам, замын байгууламжийн архитектур төлөвлөлтийн даалгавар",,Үерийн хамгаалалтын ил суваг,,,,,
459492,ТАЗ1588702712001,Товчооны замаас Төв цэвэрлэх байгууламж хүртэлх ав,Polygon,106.752471,47.903602,"Авто зам, замын байгууламжийн архитектур төлөвлөлтийн даалгавар",Авто замын барилга,Товчооны замаас Төв цэвэрлэх байгууламж хүртэлх ав,ГБМЗХ2020/19-024,,,,
461397,ТАЗ1564320729001,Тахилтын авто замаас 122 дугаар сургууль хүртэлх а,Polygon,106.696423,47.920256,"Авто зам, замын байгууламжийн архитектур төлөвлөлтийн даалгавар",,Тахилтын авто замаас 122 дугаар сургууль хүртэлх а,ГБМЗХ2019/03-022,,,,
462591,ТАЗ1589560428001,Баянхошууны гудамжнаас Баянгол 46 дугаар гудамжны ,Polygon,106.817043,47.93261,"Авто зам, замын байгууламжийн архитектур төлөвлөлтийн даалгавар",Авто замын барилга,Баянхошууны гудамжнаас Баянгол 46 дугаар гудамжны,ГБМЗХ2020/22-035,,,,
463067,ТАЗ1568822079001,Авто зам,Polygon,106.785458,47.883151,"Авто зам, замын байгууламжийн архитектур төлөвлөлтийн даалгавар",Авто замын барилга,Авто зам,МЗХ2017/18-22,,,,
463813,ТАЗ1582234583001,Батсүмбэр сум орох замаас Жаргалант 14-р гудамжны ,Polygon,106.63933,48.122258,"Авто зам, замын байгууламжийн архитектур төлөвлөлтийн даалгавар",Авто замын барилга,Батсүмбэр сум орох замаас Жаргалант 14-р гудамжны,ГБМЗХ2020/06-008,,,,
464114,ТАЗ1582237033001,Баянхошууны гудамжнаас Ногоон чулуут 6-р гудамжны ,Polygon,106.845108,47.957191,"Авто зам, замын байгууламжийн архитектур төлөвлөлтийн даалгавар",Авто замын барилга,Баянхошууны гудамжнаас Ногоон чулуут 6-р гудамжны,ГБМЗХ2020/06-009,,,,
464196,ТАЗ1568049538001,,Polygon,106.826648,47.947952,"Авто зам, замын байгууламжийн архитектур төлөвлөлтийн даалгавар",,,МЗХ2019/11-015,,,,
464507,ТАЗ1570053311001,"Найрамдлын замаас Ар Шижирийн ам хүртэлх авто зам,",Polygon,106.678323,48.01483,"Авто зам, замын байгууламжийн архитектур төлөвлөлтийн даалгавар",Авто замын барилга,"Найрамдлын замаас Ар Шижирийн ам хүртэлх авто зам,",ГБМЗХ2019/11-051,,,,
464515,ТАЗ1523534156001,Сувилал,Polygon,106.719521,47.999325,"Авто зам, замын байгууламжийн архитектур төлөвлөлтийн даалгавар",Авто замын барилга,Сувилал,МЗХ2016/02-02,,,,
464803,ТАЗ1570027788001,Тахилтын авто замаас Баруун түрүүн хүртэлх авто за,Polygon,106.650702,47.941464,"Авто зам, замын байгууламжийн архитектур төлөвлөлтийн даалгавар",Авто замын барилга,Тахилтын авто замаас Баруун түрүүн хүртэлх авто за,ГБМЗХ2019/11-049,,,,
464804,ТАЗ1574033483001,Авто зам,Polygon,106.676037,47.889237,"Авто зам, замын байгууламжийн архитектур төлөвлөлтийн даалгавар",Авто замын барилга,Авто зам,ГБМЗХ2019/18-007,,,,
464977,ТАЗ1582044999001,"СХД, 24-р хороо, Хустайн 1-р гудамж дагуу Зээл 24-",Polygon,106.808464,47.98414,"Авто зам, замын байгууламжийн архитектур төлөвлөлтийн даалгавар",Авто замын барилга,"СХД, 24-р хороо, Хустайн 1-р гудамж дагуу Зээл 24-",ГБМЗХ2020/06-015,,,,
464978,ТАЗ1582049807001,"СХД, 05-р хороо, Баянхошууны гудамжнаас цэцэрлэгий",Polygon,106.813232,47.935568,"Авто зам, замын байгууламжийн архитектур төлөвлөлтийн даалгавар",Авто замын барилга,"СХД, 05-р хороо, Баянхошууны гудамжнаас цэцэрлэгий",ГБМЗХ2020/05-017,,,,
465241,ТАЗ1582048101001,"СХД, 05-р хороо, Баянхошууны гудамжнаас Баянгол 35",Polygon,106.812921,47.937381,"Авто зам, замын байгууламжийн архитектур төлөвлөлтийн даалгавар",Авто замын барилга,"СХД, 05-р хороо, Баянхошууны гудамжнаас Баянгол 35",ГБМЗХ2020/06-016,,,,
465534,ТАЗ1582053314001,"СХД, 32-р хороо, Эмээлт замаас 640 хүүхдийн сургуу",Polygon,106.576552,47.874781,"Авто зам, замын байгууламжийн архитектур төлөвлөлтийн даалгавар",Авто замын барилга,"СХД, 32-р хороо, Эмээлт замаас 640 хүүхдийн сургуу",ГБМЗХ2020/06-019,,,,
466177,ТАЗ1617806994001,,Polygon,106.80109,47.926248,"Авто зам, замын байгууламжийн архитектур төлөвлөлтийн даалгавар",Онгоцны буудал,Дэд бүтцийн төв,ГБМЗХ2019/05-063,,,,
466415,ТАЗ1584372449001,Баруун салааны гудамжнаас Зээл 16-р гудамжны 5в то,Polygon,106.816759,47.959756,"Авто зам, замын байгууламжийн архитектур төлөвлөлтийн даалгавар",Авто замын барилга,Баруун салааны гудамжнаас Зээл 16-р гудамжны 5в то,ГБМЗХ2020/10-014,,,,
466417,ТАЗ1585139721001,Төв цэвэрлэх байгууламжийн гаргалгааны суваг,Polygon,106.725649,47.886109,"Авто зам, замын байгууламжийн архитектур төлөвлөлтийн даалгавар",,Төв цэвэрлэх байгууламжийн гаргалгааны суваг,,,,,
466833,ТАЗ1589562549001,,Polygon,106.819721,47.930262,"Авто зам, замын байгууламжийн архитектур төлөвлөлтийн даалгавар",Онгоцны буудал,Тоосгоны 15а тоот хашаанаас 9 дүгээр сургуулийн зү,ГБМЗХ2020/22-036,,,,
467250,ТАЗ1584374575001,Баруун салааны гудамжнаас Колонк 3-р гудамж дагуу ,Polygon,106.823231,47.957351,"Авто зам, замын байгууламжийн архитектур төлөвлөлтийн даалгавар",Авто замын барилга,Баруун салааны гудамжнаас Колонк 3-р гудамж дагуу,ГБМЗХ2020/10-015,,,,
469550,ТАЗ1617094160001,Авто зам,Polygon,106.824514,47.922602,"Авто зам, замын байгууламжийн архитектур төлөвлөлтийн даалгавар",Авто замын барилга,Авто зам,МЗХ2021/04-011,,,,
469927,ТАЗ1617006524001,Авто зам,Polygon,106.825708,47.965979,"Авто зам, замын байгууламжийн архитектур төлөвлөлтийн даалгавар",Авто замын барилга,Авто зам,МЗХ2021/04-014,,,,
470252,ТАЗ1589558843001,Баянхошууны гудамжнаас Баянгол 52 дугаар гудамжны ,Polygon,106.817936,47.93538,"Авто зам, замын байгууламжийн архитектур төлөвлөлтийн даалгавар",Авто замын барилга,Баянхошууны гудамжнаас Баянгол 52 дугаар гудамжны,ГБМЗХ2020/22-034,,,,
470957,ТАЗ1616684261001,Авто зам,Polygon,106.729121,48.00631,"Авто зам, замын байгууламжийн архитектур төлөвлөлтийн даалгавар",Авто замын барилга,Авто зам,МЗХ2021/04-017,,,,
471527,ТАЗ1511797351001,Гаалийн баталгаат агуулахын барилга,Polygon,106.692235,47.90284,"Авто зам, замын байгууламжийн архитектур төлөвлөлтийн даалгавар",,Гаалийн баталгаат агуулахын барилга,,,,,
471785,ТАЗ1617807007001,Дэд бүтцийн төв,Polygon,106.797253,47.926405,"Авто зам, замын байгууламжийн архитектур төлөвлөлтийн даалгавар",Авто замын барилга,Дэд бүтцийн төв,,,,,
471910,ТАЗ1616774113001,Авто зам,Polygon,106.819363,47.949657,"Авто зам, замын байгууламжийн архитектур төлөвлөлтийн даалгавар",Авто замын барилга,Авто зам,МЗХ2021/04-016,,,,
472084,ТАЗ1617098473001,Авто зам,Polygon,106.830851,47.967323,"Авто зам, замын байгууламжийн архитектур төлөвлөлтийн даалгавар",Авто замын барилга,Авто зам,МЗХ2021/04-013,,,,
472202,ТАЗ1615997074001,Төв замаас 107-р сургуулийн авто машины зогсоол хү,Polygon,106.765599,47.920407,"Авто зам, замын байгууламжийн архитектур төлөвлөлтийн даалгавар",Авто замын барилга,Төв замаас 107-р сургуулийн авто машины зогсоол хү,МЗХ2021/03-014,,,,
472850,ТАЗ1614539015001,5 шар төмөр замын 396-р гарам дагуу,Polygon,106.798395,47.909113,"Авто зам, замын байгууламжийн архитектур төлөвлөлтийн даалгавар",,5 шар төмөр замын 396-р гарам дагуу,МЗХ2021/02-010,,,,
473223,ТАЗ1458207167001,"""Шинэ хөтөл"" хотхон",Polygon,106.851534,47.954669,"Авто зам, замын байгууламжийн архитектур төлөвлөлтийн даалгавар",Тодорхойгүй,"""Шинэ хөтөл"" хотхон",,,,,
473482,ТАЗ1619604991001,,Polygon,106.782679,47.900423,"Авто зам, замын байгууламжийн архитектур төлөвлөлтийн даалгавар",Авто замын барилга,,МЗХ2021/02-008,,,,
473781,ТАЗ1621427398001,,Polygon,106.816802,47.957805,"Авто зам, замын байгууламжийн архитектур төлөвлөлтийн даалгавар",Авто замын барилга,,ГБМЗХ2019/23-023,,,,
474061,ТАЗ1617028430001,Авто зам,Polygon,106.810692,47.967431,"Авто зам, замын байгууламжийн архитектур төлөвлөлтийн даалгавар",Авто замын барилга,Авто зам,МЗХ2021/04-012,,,,
474266,ТАЗ1599495337001,Үерийн далан суваг,Polygon,106.783859,47.920588,"Авто зам, замын байгууламжийн архитектур төлөвлөлтийн даалгавар",,Үерийн хамгаалалтын суваг,,,,,
474269,ТАЗ1614536815001,Монос-Толгойт чиглэлийн авто зам дагуу,Polygon,106.786473,47.908687,"Авто зам, замын байгууламжийн архитектур төлөвлөлтийн даалгавар",,Монос-Толгойт чиглэлийн авто зам дагуу,МЗХ2021/02-009,,,,
474424,ТАЗ1616770061001,Авто зам,Polygon,106.738726,47.926648,"Авто зам, замын байгууламжийн архитектур төлөвлөлтийн даалгавар",Авто замын барилга,Авто зам,МЗХ2021/04-015,,,,
474870,ТАЗ1617807355001,Дэд бүтцийн төв,Polygon,106.799612,47.925951,"Авто зам, замын байгууламжийн архитектур төлөвлөлтийн даалгавар",Авто замын барилга,Дэд бүтцийн төв,,,,,
475042,ТАЗ1616674838001,,Polygon,106.701944,47.888287,"Авто зам, замын байгууламжийн архитектур төлөвлөлтийн даалгавар",,,МЗХ2021/01-010,,,,
475045,ТАЗ1446476267001,Цэвэр усны шугам,MultiPolygon,106.851229,47.961437,"Авто зам, замын байгууламжийн архитектур төлөвлөлтийн даалгавар",Амины орон сууц /үйлчилгээгүй/,Цэвэр усны шугам,,,,,
475287,ТАЗ1616668245001,Шатахуун түгээх станц,Polygon,106.726907,47.901708,"Авто зам, замын байгууламжийн архитектур төлөвлөлтийн даалгавар",Авто замын барилга,Шатахуун түгээх станц,ГБМЗХ2020/11-025,,,,
475469,ТАЗ1617806979001,Дэд бүтцийн төв,Polygon,106.799956,47.927405,"Авто зам, замын байгууламжийн архитектур төлөвлөлтийн даалгавар",Авто замын барилга,Дэд бүтцийн төв,ГБМЗХ2019/05-063,,,,
475852,ТАЗ1616783957001,Авто зам,Polygon,106.798146,47.926802,"Авто зам, замын байгууламжийн архитектур төлөвлөлтийн даалгавар",Авто замын барилга,Авто зам,МЗХ2021/04-010,,,,
476032,ТАЗ1619604934001,,Polygon,106.782633,47.900522,"Авто зам, замын байгууламжийн архитектур төлөвлөлтийн даалгавар",Авто замын барилга,,МЗХ2021/02-008,,,,
476744,ТАЗ1633892552001,,Polygon,106.553883,47.996972,"Авто зам, замын байгууламжийн архитектур төлөвлөлтийн даалгавар",,,,,,,
476875,ТАЗ1619605103001,,Polygon,106.783184,47.900293,"Авто зам, замын байгууламжийн архитектур төлөвлөлтийн даалгавар",Авто замын барилга,,МЗХ2021/02-008,,,,
476885,ТАЗ1511796324001,Гаалийн баталгаат агуулахын барилга,Polygon,106.691973,47.903066,"Авто зам, замын байгууламжийн архитектур төлөвлөлтийн даалгавар",,Гаалийн баталгаат агуулахын барилга,,,,,
477403,ТАЗ1645525689001,"Тээврийн хэрэгслийн түр зогсоол, үйлчилгээний байг",Polygon,106.424614,48.134983,"Авто зам, замын байгууламжийн архитектур төлөвлөлтийн даалгавар",,"Тээврийн хэрэгслийн түр зогсоол, үйлчилгээний байг",БХБХ2022/01-013,,,,
477946,ТАЗ1645732782001,Дата төвийн барилга,Polygon,106.779986,47.918187,"Авто зам, замын байгууламжийн архитектур төлөвлөлтийн даалгавар",,Дата төвийн барилга,БХБХ2022/02-030,,,,
479670,ТАЗ1621947782001,Авто зам,Polygon,106.820235,47.95797,"Авто зам, замын байгууламжийн архитектур төлөвлөлтийн даалгавар",Авто замын барилга,Авто зам,МЗХ2020/36-006,,,,
479877,ТАЗ1458207666001,"""Шинэ хөтөл"" хотхон",Polygon,106.851534,47.954669,"Авто зам, замын байгууламжийн архитектур төлөвлөлтийн даалгавар",,"""Шинэ хөтөл"" хотхон",,,,,
480701,ТАЗ1458228999001,Авто зам,Polygon,106.850738,47.961567,"Авто зам, замын байгууламжийн архитектур төлөвлөлтийн даалгавар",Авто замын барилга,Авто зам,,,,,
480985,ТАЗ1458212785001,Авто зам /Ханын материал орчмын/,Polygon,106.817412,47.935446,"Авто зам, замын байгууламжийн архитектур төлөвлөлтийн даалгавар",Авто замын барилга,Авто зам /Ханын материал орчмын/,,,,,
481270,ТАЗ1635282893001,,Polygon,106.82332,48.085048,"Авто зам, замын байгууламжийн архитектур төлөвлөлтийн даалгавар",Авто замын барилга,,,,,,
481718,ТАЗ1633952029001,,Polygon,106.792583,47.937982,"Авто зам, замын байгууламжийн архитектур төлөвлөлтийн даалгавар",Авто замын барилга,,МЗХ2021/19-047,,,,
481828,ТАЗ1621420398001,,Polygon,106.81727,47.959047,"Авто зам, замын байгууламжийн архитектур төлөвлөлтийн даалгавар",Авто замын барилга,,ГБМЗХ2019/23-023,,,,
482669,ТАЗ1618507152001,Чулуун зам,Polygon,106.832666,47.919929,"Авто зам, замын байгууламжийн архитектур төлөвлөлтийн даалгавар",Авто замын барилга,Чулуун зам,МЗХ2021/05-062,,,,
482850,ТАЗ1633888882001,Овоотын замаас үргэлжлүүлэн 129-р сургууль орох за,Polygon,106.845541,47.939985,"Авто зам, замын байгууламжийн архитектур төлөвлөлтийн даалгавар",Авто замын барилга,Овоотын замаас үргэлжлүүлэн 129-р сургууль орох за,МЗХ2021/19-045,,,,
483596,ТАЗ1628173472001,явган болон машин гүүрэн гарц,Polygon,106.682129,47.934726,"Авто зам, замын байгууламжийн архитектур төлөвлөлтийн даалгавар",Авто замын барилга,явган болон машин гүүрэн гарц,МЗХ2021/13-018,,,,
485326,ТАЗ1633952179001,,Polygon,106.792583,47.937982,"Авто зам, замын байгууламжийн архитектур төлөвлөлтийн даалгавар",,,,,,,
485613,ТАЗ1639085981001,Нарангийн голын эцсээс 35-р хорооны цогцолбор байр,Polygon,106.772662,47.930622,"Авто зам, замын байгууламжийн архитектур төлөвлөлтийн даалгавар",Авто замын барилга,Нарангийн голын эцсээс 35-р хорооны цогцолбор байр,МЗХ2021/19-049,,,,
486698,ТАЗ1643131850001,Толгойд дэд төв орчмын авто зам,Polygon,106.766438,47.914119,"Авто зам, замын байгууламжийн архитектур төлөвлөлтийн даалгавар",,Толгойд дэд төв орчмын авто зам,ХЕТ2022/00-15,,,,
486786,ТАЗ1635282850001,,Polygon,106.82332,48.085048,"Авто зам, замын байгууламжийн архитектур төлөвлөлтийн даалгавар",,,,,,,
486791,ТАЗ1448448294001,Дулааны шугам,MultiPolygon,106.776269,47.914865,"Авто зам, замын байгууламжийн архитектур төлөвлөлтийн даалгавар",Орон сууц /үйлчилгээгүй/,Дулааны шугам,,,,,
486984,ТАЗ1639072861001,,Polygon,106.689271,47.894485,"Авто зам, замын байгууламжийн архитектур төлөвлөлтийн даалгавар",Авто замын барилга,,МЗХ2021/19-051,,,,
487542,ТАЗ1639060335001,Нарангийн голын авто замаас 914-р худаг хүртэлх ав,Polygon,106.76866,47.936068,"Авто зам, замын байгууламжийн архитектур төлөвлөлтийн даалгавар",Авто замын барилга,Нарангийн голын авто замаас 914-р худаг хүртэлх ав,МЗХ2021/19-050,,,,
487544,ТАЗ1643132023001,Толгойт дэд төв орчмын авто зам,Polygon,106.77478,47.911908,"Авто зам, замын байгууламжийн архитектур төлөвлөлтийн даалгавар",Авто замын барилга,Толгойт дэд төв орчмын авто зам,ХЕТ2022/00-15,,,,
488627,ТАЗ1639086406001,Нарангийн голын эцсээс 35-р хорооны цогцолбор байр,Polygon,106.772662,47.930622,"Авто зам, замын байгууламжийн архитектур төлөвлөлтийн даалгавар",Онгоцны буудал,Нарангийн голын эцсээс 35-р хорооны цогцолбор байр,МЗХ2021/19-049,,,,
489205,ТАЗ1331078400002,Авто зам,Polygon,106.774276,47.891628,"Авто зам, замын байгууламжийн архитектур төлөвлөлтийн даалгавар",Авто замын барилга,Авто зам,,,,,
489548,ТАЗ1635342273001,,Polygon,106.828219,48.084089,"Авто зам, замын байгууламжийн архитектур төлөвлөлтийн даалгавар",,,,,,,
490096,ТАЗ1633962629001,"Төв замаас 121-р сургууль, 196-р цэцэрлэг хүртэлх ",Polygon,106.553885,47.99698,"Авто зам, замын байгууламжийн архитектур төлөвлөлтийн даалгавар",Авто замын барилга,"Төв замаас 121-р сургууль, 196-р цэцэрлэг хүртэлх",МЗХ2021/19-046,,,,
490319,ТАЗ1641378862001,Хотын тойрог зам,Polygon,106.742595,47.927945,"Авто зам, замын байгууламжийн архитектур төлөвлөлтийн даалгавар",Авто замын барилга,Хотын тойрог зам,БХБХ2022/01-023,,,,
490404,ТАЗ1635282910001,,Polygon,106.82332,48.085048,"Авто зам, замын байгууламжийн архитектур төлөвлөлтийн даалгавар",Онгоцны буудал,,,,,,
490935,ТАЗ1635332072001,,Polygon,106.822546,48.085822,"Авто зам, замын байгууламжийн архитектур төлөвлөлтийн даалгавар",Авто замын барилга,Авто замын ослын зогсолт хийх зурвас,МЗХ2021/19-053,,,,
491438,ТАЗ1638356592001,"Зээл 1 дүгээр гудамж, Нарны хүүхдүүд цэцэрлэгийн б",Polygon,106.805416,47.945886,"Авто зам, замын байгууламжийн архитектур төлөвлөлтийн даалгавар",Авто замын барилга,"Зээл 1 дүгээр гудамж, Нарны хүүхдүүд цэцэрлэгийн б",МЗХ2021/22-037,,,,
491439,ТАЗ1638892280001,Цэвэрлэх байгууламж,Polygon,106.522838,47.955139,"Авто зам, замын байгууламжийн архитектур төлөвлөлтийн даалгавар",,Цэвэрлэх байгууламж,,,,,
492047,ТАЗ1635332484001,,Polygon,106.822546,48.085822,"Авто зам, замын байгууламжийн архитектур төлөвлөлтийн даалгавар",,,,,,,
492175,ТАЗ1648023382001,,Polygon,106.83088,47.911426,"Авто зам, замын байгууламжийн архитектур төлөвлөлтийн даалгавар",Онгоцны буудал,Наадамчдын авто замаас Энхтайваны өргөн чөлөө,МЗХ2022/01-022,,,,
492268,ТАЗ1649850707001,,Polygon,106.839774,47.91528,"Авто зам, замын байгууламжийн архитектур төлөвлөлтийн даалгавар",,,МЗХ2022/09-020,,,,
492802,ТАЗ1649884862001,,Polygon,106.817027,47.916488,"Авто зам, замын байгууламжийн архитектур төлөвлөлтийн даалгавар",,,МЗХ2022/09-022,,,,
493166,ТАЗ1637141925001,"ЧД, 7-р хороо, 224-р цэцэрлэгээс СХД, 28-р хороо х",Polygon,106.864148,47.959112,"Авто зам, замын байгууламжийн архитектур төлөвлөлтийн даалгавар",Авто замын барилга,"ЧД, 7-р хороо, 224-р цэцэрлэгээс СХД, 28-р хороо х",МЗХ2021/22-033,,,,
493677,ТАЗ1449161833001,УДДТөвийн барилга,Polygon,106.775629,47.914306,"Авто зам, замын байгууламжийн архитектур төлөвлөлтийн даалгавар",Орон сууц /үйлчилгээгүй/,УДДТөвийн барилга,,,,,
494008,ТАЗ1633975923001,Толгойтын шинэ замаас 81-р цэцэрлэгийн зам хүртэлх,Polygon,106.775783,47.917311,"Авто зам, замын байгууламжийн архитектур төлөвлөлтийн даалгавар",Авто замын барилга,Толгойтын шинэ замаас 81-р цэцэрлэгийн зам хүртэлх,МЗХ2021/19-052,,,,
494193,ТАЗ1651590301001,Авто зам,Polygon,106.649615,47.892513,"Авто зам, замын байгууламжийн архитектур төлөвлөлтийн даалгавар",,Авто зам,МЗХ2022/12-018,,,,
494195,ТАЗ1306281600016,,Polygon,106.796283,47.909019,"Авто зам, замын байгууламжийн архитектур төлөвлөлтийн даалгавар",Авто замын барилга,,,,,,
494732,ТАЗ1649784173001,"5 шар, 15 дугаар байрны хойд талд хороолол дундах ",Polygon,106.815878,47.91239,"Авто зам, замын байгууламжийн архитектур төлөвлөлтийн даалгавар",Авто замын барилга,"5 шар, 15 дугаар байрны хойд талд хороолол дундах",МЗХ2022/09-012,,,,
494733,ТАЗ1650363006001,"Авто зам, замын байгууламж",Polygon,106.84275,47.915324,"Авто зам, замын байгууламжийн архитектур төлөвлөлтийн даалгавар",Авто замын барилга,"Авто зам, замын байгууламж",МЗХ2022/09-062,,,,
495265,ТАЗ1652176384001,Авто зам,Polygon,106.814057,47.926795,"Авто зам, замын байгууламжийн архитектур төлөвлөлтийн даалгавар",Авто замын барилга,Авто зам,МЗХ2022/12-010,,,,
495267,ТАЗ1320883200013,Авто зам,Polygon,106.765536,47.921794,"Авто зам, замын байгууламжийн архитектур төлөвлөлтийн даалгавар",Авто замын барилга,Авто зам,,,,,
495549,ТАЗ1651575673001,Авто зам,Polygon,106.740991,47.919283,"Авто зам, замын байгууламжийн архитектур төлөвлөлтийн даалгавар",,Авто зам,МЗХ2022/12-016,,,,
495550,ТАЗ1651586569001,Авто зам,Polygon,106.809727,47.930176,"Авто зам, замын байгууламжийн архитектур төлөвлөлтийн даалгавар",,Авто зам,МЗХ2022/12-017,,,,
495552,ТАЗ1306281600017,,Polygon,106.771249,47.907462,"Авто зам, замын байгууламжийн архитектур төлөвлөлтийн даалгавар",Авто замын барилга,,,,,,
495807,ТАЗ1652095279001,Авто зам,Polygon,106.762647,47.925267,"Авто зам, замын байгууламжийн архитектур төлөвлөлтийн даалгавар",Авто замын барилга,Авто зам,МЗХ2022/12-006,,,,
495808,ТАЗ1652113502001,Авто зам,Polygon,106.787641,47.925918,"Авто зам, замын байгууламжийн архитектур төлөвлөлтийн даалгавар",Авто замын барилга,Авто зам,МЗХ2022/12-008,,,,
495975,ТАЗ1647458909001,Шатахуун түгээх станцын зам,MultiPolygon,106.662029,48.134259,"Авто зам, замын байгууламжийн архитектур төлөвлөлтийн даалгавар",Авто замын барилга,Шатахуун түгээх станцын зам,,,,,
496070,ТАЗ1652178894001,Авто зам,Polygon,106.821418,47.928557,"Авто зам, замын байгууламжийн архитектур төлөвлөлтийн даалгавар",Авто замын барилга,Авто зам,МЗХ2022/12-011,,,,
496197,ТАЗ1449218879002,Авто зам,Polygon,106.816418,47.916642,"Авто зам, замын байгууламжийн архитектур төлөвлөлтийн даалгавар",Авто замын барилга,Авто зам,,,,,
496379,ТАЗ1651570440001,"Авто зам, замын байгууламж",Polygon,106.781435,47.909886,"Авто зам, замын байгууламжийн архитектур төлөвлөлтийн даалгавар",Авто замын барилга,"Авто зам, замын байгууламж",МЗХ2022/12-015,,,,
496638,ТАЗ1638353075001,"124-р сургууль, 158-р цэцэрлэг хүртэлх авто зам",Polygon,106.807371,47.960084,"Авто зам, замын байгууламжийн архитектур төлөвлөлтийн даалгавар",Авто замын барилга,"124-р сургууль, 158-р цэцэрлэг хүртэлх авто зам",МЗХ2021/22-036,,,,
496730,ТАЗ1449161805001,УДДТөвийн барилга,Polygon,106.774061,47.915565,"Авто зам, замын байгууламжийн архитектур төлөвлөлтийн даалгавар",,УДДТөвийн барилга,,,,,
496913,ТАЗ1651748690001,Авто зам,Polygon,106.824889,47.995804,"Авто зам, замын байгууламжийн архитектур төлөвлөлтийн даалгавар",Авто замын барилга,Авто зам,МЗХ2022/13-009,,,,
497170,ТАЗ1264377600007,,Polygon,106.7983,47.910047,"Авто зам, замын байгууламжийн архитектур төлөвлөлтийн даалгавар",Авто замын барилга,,,,,,
497432,ТАЗ1652093851001,Авто зам,Polygon,106.779032,47.920656,"Авто зам, замын байгууламжийн архитектур төлөвлөлтийн даалгавар",Авто замын барилга,Авто зам,МЗХ2022/12-007,,,,
498633,ТАЗ1661436475001,Үерийн хамгаалалтын суваг,Polygon,106.765894,47.913791,"Авто зам, замын байгууламжийн архитектур төлөвлөлтийн даалгавар",,Үерийн хамгаалалтын суваг,,,,,
499012,ТАЗ1654273031001,", Толгойт- 64 дүгээр гудамжнаас Нарангийн гудамж х",Polygon,106.758964,47.922369,"Авто зам, замын байгууламжийн архитектур төлөвлөлтийн даалгавар",Авто замын барилга,", Толгойт- 64 дүгээр гудамжнаас Нарангийн гудамж х",,,,,
499173,ТАЗ1306281600018,Нүхэн гарц,Polygon,106.762847,47.906791,"Авто зам, замын байгууламжийн архитектур төлөвлөлтийн даалгавар",Авто замын барилга,Нүхэн гарц,,,,,
499826,ТАЗ1306281600019,,Polygon,106.792675,47.912008,"Авто зам, замын байгууламжийн архитектур төлөвлөлтийн даалгавар",Авто замын барилга,,,,,,
500035,ТАЗ1649855552001,"авто зам, замын байгууламж",Polygon,106.812165,47.922446,"Авто зам, замын байгууламжийн архитектур төлөвлөлтийн даалгавар",Авто замын барилга,"авто зам, замын байгууламж",МЗХ2022/09-015,,,,
500199,ТАЗ1654262538001,", Орбит-61 гудамжнаас Орбит-72 дугаар гудамж хүртэ",Polygon,106.769696,47.928671,"Авто зам, замын байгууламжийн архитектур төлөвлөлтийн даалгавар",Авто замын барилга,", Орбит-61 гудамжнаас Орбит-72 дугаар гудамж хүртэ",МЗХ2022/12-026,,,,
500202,ТАЗ1327968000010,Гүүр,Polygon,106.769187,47.906032,"Авто зам, замын байгууламжийн архитектур төлөвлөлтийн даалгавар",Гүүрэн гарцын барилга,Гүүр,,,,,
501044,ТАЗ1651746718001,Явган хүний гүүрэн гарц,Polygon,106.826509,47.915127,"Авто зам, замын байгууламжийн архитектур төлөвлөлтийн даалгавар",Авто замын барилга,Явган хүний гүүрэн гарц,МЗХ2022/13-010,,,,
501567,ТАЗ1449161691001,УДДТөвийн барилга,Polygon,106.778273,47.916487,"Авто зам, замын байгууламжийн архитектур төлөвлөлтийн даалгавар",Орон сууц /үйлчилгээгүй/,УДДТөвийн барилга,,,,,
501746,ТАЗ1649844516001,"авто зам, замын байгууламж",Polygon,106.841851,47.912914,"Авто зам, замын байгууламжийн архитектур төлөвлөлтийн даалгавар",Авто замын барилга,"авто зам, замын байгууламж",МЗХ2022/09-019,,,,
501752,ТАЗ1295222400006,,Polygon,106.816497,47.918178,"Авто зам, замын байгууламжийн архитектур төлөвлөлтийн даалгавар",Усжуулалт,,,,,,
501977,ТАЗ1649847287001,"Авто зам, замын байгууламж",Polygon,106.81427,47.916329,"Авто зам, замын байгууламжийн архитектур төлөвлөлтийн даалгавар",Авто замын барилга,"Авто зам, замын байгууламж",МЗХ2022/09-014,,,,
502672,ТАЗ1650903466001,"Авто зам, замын байгууламж",Polygon,106.824624,47.924074,"Авто зам, замын байгууламжийн архитектур төлөвлөлтийн даалгавар",Авто замын барилга,"Авто зам, замын байгууламж",МЗХ2022/11-014,,,,
502677,ТАЗ1327968000011,Буяны зам,Polygon,106.782182,47.931635,"Авто зам, замын байгууламжийн архитектур төлөвлөлтийн даалгавар",Авто замын барилга,Буяны зам,,,,,
503153,ТАЗ1649774753001,Мөнгөн гүүр эмнэлэгийн урд талаас орон сууцны 9 дү,Polygon,106.851427,47.914173,"Авто зам, замын байгууламжийн архитектур төлөвлөлтийн даалгавар",Авто замын барилга,Мөнгөн гүүр эмнэлэгийн урд талаас орон сууцны 9 дү,МЗХ2022/00-010,,,,
503305,ТАЗ1654264883001,", Үйлдвэрчний эвлэлийн гудамжнаас Толгойтын гудамж",Polygon,106.820495,47.920014,"Авто зам, замын байгууламжийн архитектур төлөвлөлтийн даалгавар",Авто замын барилга,", Үйлдвэрчний эвлэлийн гудамжнаас Толгойтын гудамж",МЗХ2022/12-027,,,,
503307,ТАЗ1649781229001,"11 дүгээр байрны урд, 99 дүгээр цэцэрлэгийн зүүн т",Polygon,106.848634,47.915925,"Авто зам, замын байгууламжийн архитектур төлөвлөлтийн даалгавар",Авто замын барилга,"11 дүгээр байрны урд, 99 дүгээр цэцэрлэгийн зүүн т",МЗХ2022/09-011,,,,
503377,ТАЗ1655285234001,,Polygon,106.597755,47.860728,"Авто зам, замын байгууламжийн архитектур төлөвлөлтийн даалгавар",Авто замын барилга,,,,,,
503797,ТАЗ1654517059001,,Polygon,106.725038,47.937162,"Авто зам, замын байгууламжийн архитектур төлөвлөлтийн даалгавар",Авто замын барилга,,,,,,
504191,ТАЗ1458827059001,Авто зам /Баруун аймгуудын замтай нийлэх/,Polygon,106.674225,47.88913,"Авто зам, замын байгууламжийн архитектур төлөвлөлтийн даалгавар",Авто замын барилга,Авто зам /Баруун аймгуудын замтай нийлэх/,,,,,
504632,ТАЗ1510569333005,,Polygon,106.854439,47.915056,"Авто зам, замын байгууламжийн архитектур төлөвлөлтийн даалгавар",Авто замын барилга,,,,,,
504634,ТАЗ1548237443001,,Polygon,107.002466,48.024693,"Авто зам, замын байгууламжийн архитектур төлөвлөлтийн даалгавар",,Бэлхийн авто замаас Оргил дэлгүүрийн хойд талаар Х,МЗХ2019/01-05,,,,
504826,ТАЗ1558541795001,Рашаант өртөөний авто замаас “Ийст эжиа энержи” ХХ,Polygon,106.582932,48.068646,"Авто зам, замын байгууламжийн архитектур төлөвлөлтийн даалгавар",Авто замын барилга,Рашаант өртөөний авто замаас “Ийст эжиа энержи” ХХ,МЗХ2019/08-056,,,,
505181,ТБА181583936368000,Улаанбаатар хотод нэвтрүүлэх дүүжин тээвэр төсөл,Polygon,106.818768,47.932888,"Авто зам, замын байгууламжийн архитектур төлөвлөлтийн даалгавар",Үйлчилгээний барилга,Улаанбаатар хотод нэвтрүүлэх дүүжин тээвэр төсөл,ГБМЗХ2020/09-030,Сонгинохайрхан,5-р хороо,,
505361,ТАЗ1616670743001,Цэцэрлэг,Polygon,106.741683,47.930187,"Авто зам, замын байгууламжийн архитектур төлөвлөлтийн даалгавар",Авто замын барилга,Цэцэрлэг,,,,,
505362,ТАЗ1616676530001,Бордоо боловсруулах цэг,Polygon,106.569573,48.043885,"Авто зам, замын байгууламжийн архитектур төлөвлөлтийн даалгавар",Авто замын барилга,Бордоо боловсруулах цэг,МЗХ2020/36-007,,,,
505445,ТАЗ1609955383001,Авто зам,Polygon,106.820226,47.957477,"Авто зам, замын байгууламжийн архитектур төлөвлөлтийн даалгавар",Авто замын барилга,Авто зам,МЗХ2020/36-006,,,,
505813,ТАЗ1644312417001,Улаанбаатар-Дархан чиглэлийн авто зам,Polygon,106.531543,48.032839,"Авто зам, замын байгууламжийн архитектур төлөвлөлтийн даалгавар",Авто замын барилга,Улаанбаатар-Дархан чиглэлийн авто зам,,,,,
505994,ТАЗ1638800949001,"Хувьсгалчдын гудамжнаас 11-р хороо, 127-р цэцэрлэг",Polygon,106.851879,47.952369,"Авто зам, замын байгууламжийн архитектур төлөвлөлтийн даалгавар",Авто замын барилга,"Хувьсгалчдын гудамжнаас 11-р хороо, 127-р цэцэрлэг",МЗХ2021/19-044,,,,
506082,ТАЗ1449161867001,УДДТөвийн барилга,Polygon,106.77844,47.913463,"Авто зам, замын байгууламжийн архитектур төлөвлөлтийн даалгавар",,УДДТөвийн барилга,,,,,
506170,ТАЗ1327968000012,Гүүрийн өргөтгөл,Polygon,106.731787,47.928929,"Авто зам, замын байгууламжийн архитектур төлөвлөлтийн даалгавар",Гүүрэн гарцын барилга,Гүүрийн өргөтгөл,,,,,
506267,ТБА181651596471000,Авто зам,Polygon,106.714226,47.914258,"Авто зам, замын байгууламжийн архитектур төлөвлөлтийн даалгавар",,Авто зам,МЗХ2022/12-019,Сонгинохайрхан,33-р хороо,Тахилт-1 /18240/,
519252,ТАЗ1411747621001,Дугуйн зам,Polygon,108.362572,47.764191,"Авто зам, замын байгууламжийн архитектур төлөвлөлтийн даалгавар",Онгоцны буудал,Дугуйн зам,,,,,
519573,ТАЗ1458924236001,Авто зам,Polygon,107.239094,47.768496,"Авто зам, замын байгууламжийн архитектур төлөвлөлтийн даалгавар",Онгоцны буудал,Авто зам,,,,,
519706,ТАЗ1492084861001,Авто зам,Polygon,107.247277,47.767648,"Авто зам, замын байгууламжийн архитектур төлөвлөлтийн даалгавар",Авто замын барилга,Авто зам,,,,,
519757,ТАЗ1502265710001,"Авто замын өргөтгөл, шинэчлэлт",Polygon,107.254593,47.764747,"Авто зам, замын байгууламжийн архитектур төлөвлөлтийн даалгавар",Онгоцны буудал,"Авто замын өргөтгөл, шинэчлэлт",МЗХ2017/16-20,,,,
519758,ТАЗ1502266208001,Авто зам Нутаг дэвсгэрийн туслах гудамж зам,Polygon,107.264526,47.762926,"Авто зам, замын байгууламжийн архитектур төлөвлөлтийн даалгавар",Авто замын барилга,Авто зам Нутаг дэвсгэрийн туслах гудамж зам,МЗХ2017/16-22,,,,
519759,ТАЗ1502266448001,Авто зам,Polygon,107.27367,47.765627,"Авто зам, замын байгууламжийн архитектур төлөвлөлтийн даалгавар",Онгоцны буудал,Авто зам,МЗХ2017/16-23,,,,
519867,ТАЗ1518616965001,НД-ийн 1-р хорооны голын авто замаас Нефтийн гудам,Polygon,107.260828,47.785132,"Авто зам, замын байгууламжийн архитектур төлөвлөлтийн даалгавар",Авто замын барилга,НД-ийн 1-р хорооны голын авто замаас Нефтийн гудам,МЗХ2018/03-26,,,,
520125,ТАЗ1529918940001,Налайхын БМҮТП хүртэлх төмөр зам,Polygon,107.248757,47.714843,"Авто зам, замын байгууламжийн архитектур төлөвлөлтийн даалгавар",Авто замын барилга,Налайхын БМҮТП хүртэлх төмөр зам,,,,,
520210,ТАЗ1548267721001,,Polygon,107.255272,47.768621,"Авто зам, замын байгууламжийн архитектур төлөвлөлтийн даалгавар",Онгоцны буудал,,МЗХ2019/01-11,,,,
520353,ТАЗ1567713274001,,Polygon,107.253501,47.76471,"Авто зам, замын байгууламжийн архитектур төлөвлөлтийн даалгавар",Авто замын барилга,,,,,,
520390,ТАЗ1575005970001,Авто зам,Polygon,106.93081,47.980737,"Авто зам, замын байгууламжийн архитектур төлөвлөлтийн даалгавар",Авто замын барилга,,,,,,
520395,ТАЗ1576532202001,Авто зам,Polygon,106.779595,47.901619,"Авто зам, замын байгууламжийн архитектур төлөвлөлтийн даалгавар",Онгоцны буудал,,ГБМЗХ2019/23-003,,,,
520396,ТАЗ1576591846001,,Polygon,107.267183,47.762155,"Авто зам, замын байгууламжийн архитектур төлөвлөлтийн даалгавар",Авто замын барилга,,ГБМЗХ2019/23-007,,,,
520397,ТАЗ1576592735001,,Polygon,107.266747,47.764315,"Авто зам, замын байгууламжийн архитектур төлөвлөлтийн даалгавар",Авто замын барилга,,ГБМЗХ2019/23-008,,,,
520398,ТАЗ1576594424001,,Polygon,107.244131,47.76448,"Авто зам, замын байгууламжийн архитектур төлөвлөлтийн даалгавар",Авто замын барилга,,ГБМЗХ2019/23-009,,,,
520399,ТАЗ1576595127001,,Polygon,107.231806,47.780972,"Авто зам, замын байгууламжийн архитектур төлөвлөлтийн даалгавар",Онгоцны буудал,,ГБМЗХ2019/23-010,,,,
520420,ТАЗ1579797084001,,Polygon,107.243316,47.781428,"Авто зам, замын байгууламжийн архитектур төлөвлөлтийн даалгавар",Авто замын барилга,,ГБМЗХ2020/01-012,,,,
520421,ТАЗ1579798193001,,Polygon,107.242861,47.772329,"Авто зам, замын байгууламжийн архитектур төлөвлөлтийн даалгавар",Авто замын барилга,,ГБМЗХ2020/01-013,,,,
520422,ТАЗ1579801065001,,Polygon,107.396569,47.786738,"Авто зам, замын байгууламжийн архитектур төлөвлөлтийн даалгавар",Авто замын барилга,,ГБМЗХ2020/01-014,,,,
520440,ТАЗ1584373443001,Тэрэлж гудамжны Ар хөвч 48/7 тоот хашааны зүүн хой,Polygon,107.447625,47.988078,"Авто зам, замын байгууламжийн архитектур төлөвлөлтийн даалгавар",Онгоцны буудал,Тэрэлж гудамжны Ар хөвч 48/7 тоот хашааны зүүн хой,ГБМЗХ2020/10-016,,,,
520446,ТАЗ1586451484001,Авто зам,Polygon,107.236069,47.782996,"Авто зам, замын байгууламжийн архитектур төлөвлөлтийн даалгавар",Онгоцны буудал,Авто зам,ГБМЗХ2020/13-010,,,,
520447,ТАЗ1586451572001,,Polygon,107.22897,47.781002,"Авто зам, замын байгууламжийн архитектур төлөвлөлтийн даалгавар",Авто замын барилга,,ГБМЗХ2020/13-010,,,,
520448,ТАЗ1586451657001,Авто зам,Polygon,107.229455,47.787987,"Авто зам, замын байгууламжийн архитектур төлөвлөлтийн даалгавар",Авто замын барилга,Авто зам,ГБМЗХ2020/13-010,,,,
520484,ТАЗ1590574440001,Бадрал 18-р гудамжны 1б тоот хашаанаас Шинэ Налайх,Polygon,107.240646,47.774063,"Авто зам, замын байгууламжийн архитектур төлөвлөлтийн даалгавар",Онгоцны буудал,Бадрал 18-р гудамжны 1б тоот хашаанаас Шинэ Налайх,ГБМЗХ2020/24-017,,,,
520485,ТАЗ1590589091001,Нисэх хотхон гудамжны 22 тоот хашааны зүүн талаас ,Polygon,107.39737,47.786111,"Авто зам, замын байгууламжийн архитектур төлөвлөлтийн даалгавар",Онгоцны буудал,Нисэх хотхон гудамжны 22 тоот хашааны зүүн талаас,ГБМЗХ2020/24-018,,,,
520552,ТАЗ1610047100001,Найман наран дэлгүүрээс хорихын гарааш хүртэл,Polygon,108.375251,47.785577,"Авто зам, замын байгууламжийн архитектур төлөвлөлтийн даалгавар",Онгоцны буудал,Найман наран дэлгүүрээс хорихын гарааш хүртэл,МЗХ2020/36-016,,,,
520553,ТАЗ1610063805001,Хишиг уул ХХК-ийн араас НД-ийн хэлтэс хаан банк хү,Polygon,108.366213,47.77952,"Авто зам, замын байгууламжийн архитектур төлөвлөлтийн даалгавар",Авто замын барилга,Хишиг уул ХХК-ийн араас НД-ийн хэлтэс хаан банк хү,МЗХ2020/-36-015,,,,
520554,ТАЗ1610064361001,3-р байрнаас амины орон сууц хүртэл,Polygon,108.362104,47.782374,"Авто зам, замын байгууламжийн архитектур төлөвлөлтийн даалгавар",Авто замын барилга,3-р байрнаас амины орон сууц хүртэл,МЗХ2020/36-015,,,,
520555,ТАЗ1610070389001,Боловсрол цогцолбор сургуулиас ЖДҮДТ-ийн авто зам ,Polygon,108.374216,47.779245,"Авто зам, замын байгууламжийн архитектур төлөвлөлтийн даалгавар",Авто замын барилга,Боловсрол цогцолбор сургуулиас ЖДҮДТ-ийн авто зам,МЗХ2020/36-014,,,,
520556,ТАЗ1610070564001,61-р байрнаас ЖДҮДТ-ийн авто зам хүртэл,Polygon,108.371641,47.777621,"Авто зам, замын байгууламжийн архитектур төлөвлөлтийн даалгавар",Онгоцны буудал,61-р байрнаас ЖДҮДТ-ийн авто зам хүртэл,МЗХ2020/36-014,,,,
520570,ТАЗ1612370311001,Авто зам,Polygon,107.436009,47.348219,"Авто зам, замын байгууламжийн архитектур төлөвлөлтийн даалгавар",Авто замын барилга,Авто зам,ГБМЗХ2020/35-005,,,,
520601,ТАЗ1614593259001,,Polygon,108.376828,47.782007,"Авто зам, замын байгууламжийн архитектур төлөвлөлтийн даалгавар",Онгоцны буудал,“Оюун эрин” цогцолбор сургуулиас ЖДҮД төвийн авто,МЗХ2021/02-013,,,,
520602,ТАЗ1614594321001,,Polygon,108.376828,47.782007,"Авто зам, замын байгууламжийн архитектур төлөвлөлтийн даалгавар",,,,,,,
520603,ТАЗ1614594722001,,Polygon,108.376828,47.782007,"Авто зам, замын байгууламжийн архитектур төлөвлөлтийн даалгавар",,,,,,,
520635,ТАЗ1616599638001,Үйлдвэрлэлийн цогцолбор,Polygon,107.271094,47.733674,"Авто зам, замын байгууламжийн архитектур төлөвлөлтийн даалгавар",Авто замын барилга,Үйлдвэрлэлийн цогцолбор,МЗХ2021/01-017,,,,
520646,ТАЗ1616506349001,,Polygon,107.436825,47.884685,"Авто зам, замын байгууламжийн архитектур төлөвлөлтийн даалгавар",,,,,,,
520667,ТАЗ1620042656001,Шатахуун түгээх станц,Polygon,108.411305,47.751556,"Авто зам, замын байгууламжийн архитектур төлөвлөлтийн даалгавар",Авто замын барилга,Шатахуун түгээх станц,МЗХ2018/08-24,,,,
520671,ТАЗ1620730831001,Шатахуун түгээх станц,Polygon,108.366031,47.771032,"Авто зам, замын байгууламжийн архитектур төлөвлөлтийн даалгавар",Авто замын барилга,Шатахуун түгээх станц,МЗХ2018/08-26,,,,
520701,ТАЗ1621014910001,Аялал жуулчлалын цогцолбор,MultiPolygon,107.414164,47.849516,"Авто зам, замын байгууламжийн архитектур төлөвлөлтийн даалгавар",Авто замын барилга,Аялал жуулчлалын цогцолбор,МЗХ2021/03-023,,,,
520720,ТАЗ1621263528001,Тэсрэх материал түүхий эдийн агуулах,Polygon,107.527711,47.372015,"Авто зам, замын байгууламжийн архитектур төлөвлөлтийн даалгавар",Авто замын барилга,Тэсрэх материал түүхий эдийн агуулах,МЗХ2021/04-021,,,,
520728,ТАЗ1622217269001,Шатахуун түгээх станцын барилга,Polygon,108.419072,47.746666,"Авто зам, замын байгууламжийн архитектур төлөвлөлтийн даалгавар",Авто замын барилга,Шатахуун түгээх станцын барилга,ГБМЗХ2020/01-021,,,,
520750,ТАЗ1622470833001,Корейн эйр-ийн төгөл орчмын тохижилт,Polygon,108.367971,47.771399,"Авто зам, замын байгууламжийн архитектур төлөвлөлтийн даалгавар",Авто замын барилга,Корейн эйр-ийн төгөл орчмын тохижилт,МЗХ2017/12-32,,,,
520751,ТАЗ1622470958001,Корейн эйр-ийн төгөл орчмын тохижилт,MultiPolygon,108.356097,47.776835,"Авто зам, замын байгууламжийн архитектур төлөвлөлтийн даалгавар",Авто замын барилга,Корейн эйр-ийн төгөл орчмын тохижилт,МЗХ2017/12-32,,,,
520799,ТАЗ1628609495001,Аялал жуулчлал амралтын бааз,Polygon,107.445708,47.928511,"Авто зам, замын байгууламжийн архитектур төлөвлөлтийн даалгавар",Авто замын барилга,Аялал жуулчлал амралтын бааз,МЗХ2016/07-04,,,,
520878,ТАЗ1639070209001,Авто зам,Polygon,107.268172,47.775049,"Авто зам, замын байгууламжийн архитектур төлөвлөлтийн даалгавар",Авто замын барилга,Авто зам,МЗХ2021/24-018,,,,
520879,ТАЗ1639070790001,Авто зам,Polygon,107.268172,47.775049,"Авто зам, замын байгууламжийн архитектур төлөвлөлтийн даалгавар",,Авто зам,,,,,
520880,ТАЗ1639078302001,Авто зам,Polygon,107.26891,47.766863,"Авто зам, замын байгууламжийн архитектур төлөвлөлтийн даалгавар",Авто замын барилга,Авто зам,МЗХ2021/24-019,,,,
520892,ТАЗ1639400118001,Авто зам,Polygon,107.269198,47.793282,"Авто зам, замын байгууламжийн архитектур төлөвлөлтийн даалгавар",Авто замын барилга,Авто зам,МЗХ2021/24-20,,,,
520894,ТАЗ1639406602001,Авто зам,Polygon,107.247974,47.762523,"Авто зам, замын байгууламжийн архитектур төлөвлөлтийн даалгавар",Авто замын барилга,Авто зам,МЗХ2021/24-022,,,,
520895,ТАЗ1639415552001,Авто зам,Polygon,108.410425,47.74872,"Авто зам, замын байгууламжийн архитектур төлөвлөлтийн даалгавар",Авто замын барилга,Авто зам,МЗХ2021/24-031,,,,
520896,ТАЗ1639473415001,Авто зам,Polygon,108.365744,47.77834,"Авто зам, замын байгууламжийн архитектур төлөвлөлтийн даалгавар",Авто замын барилга,Авто зам,МЗХ2021/24-032,,,,
520897,ТАЗ1639493208001,Авто зам,Polygon,108.392286,47.784476,"Авто зам, замын байгууламжийн архитектур төлөвлөлтийн даалгавар",Авто замын барилга,Авто зам,МЗХ2021/24-033,,,,
520898,ТАЗ1639499728001,Авто зам,Polygon,107.379624,47.778363,"Авто зам, замын байгууламжийн архитектур төлөвлөлтийн даалгавар",Авто замын барилга,Авто зам,МЗХ2021/24-021,,,,
520917,ТАЗ1643115526001,Буян Налайх худалдааны төвийн гэрлэн дохиотой уулз,Polygon,107.258238,47.780417,"Авто зам, замын байгууламжийн архитектур төлөвлөлтийн даалгавар",Авто замын барилга,Буян Налайх худалдааны төвийн гэрлэн дохиотой уулз,ХЕТ2022/00-13,,,,
520918,ТАЗ1643131067001,толгойт дэд төвийн орчмын авто зам,Polygon,106.766401,47.914197,"Авто зам, замын байгууламжийн архитектур төлөвлөлтийн даалгавар",Авто замын барилга,толгойт дэд төвийн орчмын авто зам,ХЕТ2022/00-15,Сонгинохайрхан,"34-р хороо, 1-р хороо","Орбит-1 /18170/, Толгойт-5 /18104/",Ажилчны гудамж
520919,ТАЗ1643131265001,толгойт дэд төвийн орчмын авто зам,Polygon,106.766401,47.914197,"Авто зам, замын байгууламжийн архитектур төлөвлөлтийн даалгавар",,1,,,,,
520920,ТАЗ1643131296001,толгойт дэд төвийн орчмын авто зам,Polygon,106.766401,47.914197,"Авто зам, замын байгууламжийн архитектур төлөвлөлтийн даалгавар",,толгойт дэд төвийн орчмын авто зам,,,,,
520966,ТАЗ1645560402001,"Авто зам, замын байгууламж",Polygon,107.244284,47.766781,"Авто зам, замын байгууламжийн архитектур төлөвлөлтийн даалгавар",Авто замын барилга,"Авто зам, замын байгууламж",БХБХ2022/01-020,,,,
520994,ТАЗ1647258885001,Багануур дүүргийн тойрог авто зам,Polygon,108.379162,47.791027,"Авто зам, замын байгууламжийн архитектур төлөвлөлтийн даалгавар",Авто замын барилга,Багануур дүүргийн тойрог авто зам,БХБХ2022/01-046,,,,
521023,ТАЗ1649945483001,Авто зам замын байгууламж,Polygon,107.242464,47.769045,"Авто зам, замын байгууламжийн архитектур төлөвлөлтийн даалгавар",,Авто зам замын байгууламж,МЗХ2022/09-030,,,,
521097,ТАЗ1656446023001,"Авто зам, замын байгууламж",Polygon,107.250694,47.777584,"Авто зам, замын байгууламжийн архитектур төлөвлөлтийн даалгавар",Авто замын барилга,"Авто зам, замын байгууламж",МЗХ2022/15-009,,,,
521105,ТАЗ1656499966001,,Polygon,108.383121,47.802871,"Авто зам, замын байгууламжийн архитектур төлөвлөлтийн даалгавар",,,,,,,
521159,ТАЗ1660561363001,Аялал жуулчлалын цогцолбор,Polygon,107.41744,47.850204,"Авто зам, замын байгууламжийн архитектур төлөвлөлтийн даалгавар",Авто замын барилга,Аялал жуулчлалын цогцолбор,МЗХ2022/01-039,,,,
550515,ТАЗ1670382909603,,Polygon,106.880217,47.902793,"Авто зам, замын байгууламжийн архитектур төлөвлөлтийн даалгавар",,,,Хан-Уул,3-р хороо,Үйлдвэр 1-1 /17060/,Үйлдвэрийн гудамж
550516,ТАЗ1670382909626,,Polygon,106.879607,47.903058,"Авто зам, замын байгууламжийн архитектур төлөвлөлтийн даалгавар",,,,,,,
550554,ТАЗ1671637330000,төлөвлөлтийн авто зам,Polygon,106.820022,47.88883,"Авто зам, замын байгууламжийн архитектур төлөвлөлтийн даалгавар",,Төлөвлөлтийн зам,,,,,
551084,ТАЗ1674184756161,,MultiPolygon,106.835216,47.852432,"Авто зам, замын байгууламжийн архитектур төлөвлөлтийн даалгавар",,Эй Жи ЖИ Эс ХХК,МЗХ2022/31-035,Хан-Уул,23-р хороо,Нүхтийн ам /17090/,Нүхтийн зам
551284,ТТА121675406498795,,Polygon,106.843979,47.920145,"Авто зам, замын байгууламжийн архитектур төлөвлөлтийн даалгавар",Авто замын барилга,,МЗХ2023/04-007,Сонгинохайрхан,43-р хороо,Өнөр хороолол /18040/,
551414,ТТА121675924629131,,Polygon,106.94906,47.93712,"Авто зам, замын байгууламжийн архитектур төлөвлөлтийн даалгавар",Авто замын барилга,,МЗХ2023/00-001,Баянзүрх,2-р хороо,Цэргийн хотхон /13360/,Дарь-Эхийн гудамж
551488,ТТА121676276163997,"Авто зам, замын байгууламж",Polygon,107.2487,47.769569,"Авто зам, замын байгууламжийн архитектур төлөвлөлтийн даалгавар",Авто замын барилга,"Авто зам, замын байгууламж",МЗХ2023/01-006 | МЗХ2023/01-003,Налайх,"8-р хороо, 2-р хороо",Жаргалант-2 /12791/,
551726,ТБА111674144538000,"Авто зам, замын байгууламж",Polygon,107.252077,47.778026,"Авто зам, замын байгууламжийн архитектур төлөвлөлтийн даалгавар",Авто замын барилга,"Авто зам, замын байгууламж",МЗХ2023/01-004,Налайх,1-р хороо,,
603773,ТБА161531180800000,ПК2-8 зв-д байрлах авто машины нүхэн гарц,Polygon,106.817976,47.898202,"Авто зам, замын байгууламжийн архитектур төлөвлөлтийн даалгавар",Авто замын барилга,ПК2-8 зв-д байрлах авто машины нүхэн гарц,МХЗ2018/16-24,Баянгол,20-р хороо,,
687224,ТБА161664283473000,авто зам,Polygon,106.869296,47.919993,"Авто зам, замын байгууламжийн архитектур төлөвлөлтийн даалгавар",Авто замын барилга,авто зам,БХБХ2022/01-031,Баянгол,7-р хороо,,
687230,ТБА171664323200001,Авто зам,Polygon,106.630322,47.792615,"Авто зам, замын байгууламжийн архитектур төлөвлөлтийн даалгавар",Авто замын барилга,Авто зам,БХБХ2022/01-003,Хан-Уул,13-р хороо,,Өлзийтийн зам
687239,ТБА161666224000000,"Авто зам, замын байгууламж",Polygon,106.89523,47.920061,"Авто зам, замын байгууламжийн архитектур төлөвлөлтийн даалгавар",Авто замын барилга,"Авто зам, замын байгууламж",МЗХ2022/38-004,Баянгол,16-р хороо,,Өндөр гэгээн Занабазарын гудамж
687250,ТБА161670457600001,"Авто зам, замын байгууламж",Polygon,106.860907,47.932727,"Авто зам, замын байгууламжийн архитектур төлөвлөлтийн даалгавар",Авто замын барилга,"Авто зам, замын байгууламж",МЗХ2022/41-022,Баянгол,21-р хороо,,
687251,ТБА161671034004000,Авто зам,Polygon,106.881381,47.935613,"Авто зам, замын байгууламжийн архитектур төлөвлөлтийн даалгавар",Авто замын барилга,Авто зам,МЗХ2022/41-015,Баянгол,23-р хороо,,
687252,ТБА161671038278000,,Polygon,106.85453,47.922746,"Авто зам, замын байгууламжийн архитектур төлөвлөлтийн даалгавар",Авто замын барилга,,МЗХ2022/41-016,Баянгол,21-р хороо,,
687255,ТБА161671274157000,,Polygon,106.864094,47.923316,"Авто зам, замын байгууламжийн архитектур төлөвлөлтийн даалгавар",Авто замын барилга,,МЗХ2022/41-017,Баянгол,9-р хороо,,
687256,ТБА161671277852000,,Polygon,106.887018,47.930409,"Авто зам, замын байгууламжийн архитектур төлөвлөлтийн даалгавар",Авто замын барилга,,МЗХ2022/41-020,Баянгол,11-р хороо,,
687257,ТБА161671284037000,,Polygon,106.874093,47.929266,"Авто зам, замын байгууламжийн архитектур төлөвлөлтийн даалгавар",Авто замын барилга,,МЗХ2022/41-019,Баянгол,11-р хороо,,
687260,ТБА161671460241000,,Polygon,106.858469,47.93339,"Авто зам, замын байгууламжийн архитектур төлөвлөлтийн даалгавар",Авто замын барилга,,МЗХ2022/41-010,Баянгол,21-р хороо,,
687261,ТБА161671466945000,,Polygon,106.865298,47.943135,"Авто зам, замын байгууламжийн архитектур төлөвлөлтийн даалгавар",Авто замын барилга,,МЗХ2022/41-011,Баянгол,22-р хороо,,
687262,ТБА161671472021000,,Polygon,106.864924,47.94205,"Авто зам, замын байгууламжийн архитектур төлөвлөлтийн даалгавар",Авто замын барилга,,МЗХ2022/41-012,Баянгол,22-р хороо,,
687264,ТБА161671532677000,,Polygon,106.868975,47.938346,"Авто зам, замын байгууламжийн архитектур төлөвлөлтийн даалгавар",Авто замын барилга,,МЗХ2022/41-012,Баянгол,22-р хороо,,
687265,ТБА161671535873000,,Polygon,106.877364,47.933658,"Авто зам, замын байгууламжийн архитектур төлөвлөлтийн даалгавар",Авто замын барилга,,МЗХ2022/41-014,Баянгол,11-р хороо,,
687266,ТБА161671546380000,,Polygon,106.86974,47.928839,"Авто зам, замын байгууламжийн архитектур төлөвлөлтийн даалгавар",Авто замын барилга,,МЗХ2022/41-018,Баянгол,10-р хороо,,
687267,ТБА161671551431000,,Polygon,106.853854,47.928237,"Авто зам, замын байгууламжийн архитектур төлөвлөлтийн даалгавар",Авто замын барилга,,МЗХ2022/41-010,Баянгол,21-р хороо,,
687268,ТБА161671552470000,"БГД, 20-р хороо, Ажилчны гудамжийг Эрчим хүчний гу",Polygon,106.850092,47.90625,"Авто зам, замын байгууламжийн архитектур төлөвлөлтийн даалгавар",Авто замын барилга,"БГД, 20-р хороо, Ажилчны гудамжийг Эрчим хүчний гу",МЗХ2022/41-034,Баянгол,20-р хороо,,
687269,ТБА161671494400001,"авто зам, замын байгууламж",Polygon,106.790664,47.883427,"Авто зам, замын байгууламжийн архитектур төлөвлөлтийн даалгавар",Авто замын барилга,"авто зам, замын байгууламж",МЗХ2022/41-032,Баянгол,20-р хороо,,
687272,ТБА161671580800000,"авто зам, замын байгууламж",Polygon,106.880197,47.937813,"Авто зам, замын байгууламжийн архитектур төлөвлөлтийн даалгавар",Авто замын барилга,"авто зам, замын байгууламж",МЗХ2022/43-019,Баянгол,23-р хороо,,
687276,ТБА161671722468000,,Polygon,106.867245,47.935237,"Авто зам, замын байгууламжийн архитектур төлөвлөлтийн даалгавар",Авто замын барилга,,МЗХ2022/43-017,Баянгол,22-р хороо,,
687281,ТБА161671882907000,"Авто зам, замын байгууламж",Polygon,106.854239,47.923688,"Авто зам, замын байгууламжийн архитектур төлөвлөлтийн даалгавар",Авто замын барилга,"Авто зам, замын байгууламж",МЗХ2022/43-014,Баянгол,21-р хороо,,
687283,ТБА161640995200000,"Авто зам, замын байгууламж",Polygon,106.876053,47.935889,"Авто зам, замын байгууламжийн архитектур төлөвлөлтийн даалгавар",Авто замын барилга,"Авто зам, замын байгууламж",МЗХ2022/41-023,Баянгол,23-р хороо,,
687284,ТБА161670457600003,"Авто зам, замын байгууламж",Polygon,106.866369,47.933397,"Авто зам, замын байгууламжийн архитектур төлөвлөлтийн даалгавар",Авто замын барилга,"Авто зам, замын байгууламж",МЗХ2022/41-024,Баянгол,10-р хороо,,
687286,ТБА161670457600004,"Авто зам, замын байгууламж",Polygon,106.881099,47.939415,"Авто зам, замын байгууламжийн архитектур төлөвлөлтийн даалгавар",,"Авто зам, замын байгууламж",МЗХ2022/41-026,Баянгол,23-р хороо,,
687287,ТБА161660262400000,"Авто зам, замын байгууламж",Polygon,106.808144,47.888917,"Авто зам, замын байгууламжийн архитектур төлөвлөлтийн даалгавар",Авто замын барилга,"Авто зам, замын байгууламж",МЗХ2022/41-033,Баянгол,20-р хороо,,Ажилчны гудамж
687288,ТБА161671408000002,"Авто зам, замын байгууламж",Polygon,106.860688,47.927484,"Авто зам, замын байгууламжийн архитектур төлөвлөлтийн даалгавар",Авто замын барилга,"Авто зам, замын байгууламж",МЗХ2022/43-015,Баянгол,21-р хороо,,
687294,ТБА161673568000002,,Polygon,106.860609,47.925058,"Авто зам, замын байгууламжийн архитектур төлөвлөлтийн даалгавар",Авто замын барилга,,МЗХ2022/43-012,Баянгол,9-р хороо,,
687296,ТБА161674145760000,"Авто зам, замын байгууламж",Polygon,106.82064,47.897153,"Авто зам, замын байгууламжийн архитектур төлөвлөлтийн даалгавар",,"Авто зам, замын байгууламж",МЗХ2023/02-012,Баянгол,20-р хороо,,
687304,ТБА161676645759000,,Polygon,106.804236,47.905149,"Авто зам, замын байгууламжийн архитектур төлөвлөлтийн даалгавар",Авто замын барилга,,МЗХ2022/27-021,Баянгол,20-р хороо,,
713141,ТБА151648771200000,Авто зам замын байгууламж,Polygon,106.912158,47.926368,"Авто зам, замын байгууламжийн архитектур төлөвлөлтийн даалгавар",Авто замын барилга,Авто зам замын байгууламж,ХТХ2022/00-200,Чингэлтэй,6-р хороо,,
792282,ТБА131639094400000,"БЗД 5, 19, 21, 22, 24, 27-р хорооны авто зам",Polygon,106.965658,47.942414,"Авто зам, замын байгууламжийн архитектур төлөвлөлтийн даалгавар",,"БЗД 5, 19, 21, 22, 24, 27-р хорооны авто зам",МЗХ2021/25-024,Баянзүрх,5-р хороо,,
792284,ТБА131642982400000,133-р сургуулийн зүүн талын авто зам,Polygon,106.982011,47.903965,"Авто зам, замын байгууламжийн архитектур төлөвлөлтийн даалгавар",Авто замын барилга,133-р сургуулийн зүүн талын авто зам,ХЕТ2022/00-10,Баянзүрх,26-р хороо,,
792303,ТБА161577750400000,Авто зам,Polygon,106.820893,47.876865,"Авто зам, замын байгууламжийн архитектур төлөвлөлтийн даалгавар",Авто замын барилга,Авто зам,ГБМЗХ2019/25-001,"Баянгол, Хан-Уул","20-р хороо, 3-р хороо, 8-р хороо, 5-р хороо, 23-р хороо, 4-р хороо","Яармаг-1 /17110/, Морин тойруулга, наадамчдын талбай /17101/, Үйлдвэрийн баруун бүс-4 /16103/, Үйлдвэрийн баруун бүс-2 /17071/, Арцатын ам /17100/",
792332,ТБА131664496000001,"БЗД 5, 19, 21, 22, 24, 27-р хорооны авто зам",Polygon,106.945398,47.948949,"Авто зам, замын байгууламжийн архитектур төлөвлөлтийн даалгавар",Авто замын барилга,"БЗД 5, 19, 21, 22, 24, 27-р хорооны авто зам",МЗХ2021/25-024,Баянзүрх,27-р хороо,,
792333,ТБА131664496000002,"БЗД 5, 19, 21, 22, 24, 27-р хорооны авто зам",Polygon,106.946519,47.950401,"Авто зам, замын байгууламжийн архитектур төлөвлөлтийн даалгавар",Авто замын барилга,"БЗД 5, 19, 21, 22, 24, 27-р хорооны авто зам",МЗХ2021/25-024,Баянзүрх,27-р хороо,,
792346,ТБА131664967168000,Авто зам,Polygon,106.952808,47.916194,"Авто зам, замын байгууламжийн архитектур төлөвлөлтийн даалгавар",Авто замын барилга,Авто зам,,Баянзүрх,14-р хороо,,
792347,ТБА131664967490000,Авто зам,Polygon,106.988901,47.909083,"Авто зам, замын байгууламжийн архитектур төлөвлөлтийн даалгавар",Авто замын барилга,Авто зам,,Баянзүрх,12-р хороо,,
792359,ТБА131673353018000,"Замын байгууламж бүхий гудамж, талбайн тохижилт;",Polygon,106.948985,47.904775,"Авто зам, замын байгууламжийн архитектур төлөвлөлтийн даалгавар",,"Замын байгууламж бүхий гудамж, талбайн тохижилт;",,Баянзүрх,26-р хороо,,
792366,ТБА131666866787000,,Polygon,106.965598,47.925696,"Авто зам, замын байгууламжийн архитектур төлөвлөлтийн даалгавар",Авто замын барилга,,МЗХ2022/01-013,Баянзүрх,5-р хороо,,
792370,ТБА131666869920000,,Polygon,106.965613,47.926124,"Авто зам, замын байгууламжийн архитектур төлөвлөлтийн даалгавар",Авто замын барилга,,,Баянзүрх,5-р хороо,,
792371,ТБА131666869964000,,Polygon,106.965737,47.925616,"Авто зам, замын байгууламжийн архитектур төлөвлөлтийн даалгавар",Авто замын барилга,,,Баянзүрх,5-р хороо,,
792372,ТБА131666869995000,,Polygon,106.965781,47.925677,"Авто зам, замын байгууламжийн архитектур төлөвлөлтийн даалгавар",Авто замын барилга,,,Баянзүрх,5-р хороо,,
792375,ТБА131666870175000,,Polygon,106.965296,47.925854,"Авто зам, замын байгууламжийн архитектур төлөвлөлтийн даалгавар",Авто замын барилга,,,Баянзүрх,5-р хороо,,
792433,ТБА131671408000002,"Авто зам, замын байгууламж",Polygon,106.977584,47.943209,"Авто зам, замын байгууламжийн архитектур төлөвлөлтийн даалгавар",Авто замын барилга,"Авто зам, замын байгууламж",БХБХ2022/03-026,Баянзүрх,19-р хороо,,
792434,ТБА131671456099000,"Авто зам, замын байгууламж",Polygon,107.0312,47.9128,"Авто зам, замын байгууламжийн архитектур төлөвлөлтийн даалгавар",Авто замын барилга,"Авто зам, замын байгууламж",БХБХ2022/03-027,Баянзүрх,23-р хороо,,
792451,ТБА131671805319000,,Polygon,106.968598,47.931506,"Авто зам, замын байгууламжийн архитектур төлөвлөлтийн даалгавар",Авто замын барилга,,БХБХ2022/03-030,Баянзүрх,32-р хороо,,
792456,ТБА131672998336000,,Polygon,106.981207,47.910935,"Авто зам, замын байгууламжийн архитектур төлөвлөлтийн даалгавар",Авто замын барилга,,,Баянзүрх,37-р хороо,Амгалан-3 /13271/,
792467,ТБА131673002264000,,Polygon,106.994136,47.917546,"Авто зам, замын байгууламжийн архитектур төлөвлөлтийн даалгавар",Авто замын барилга,,,Баянзүрх,"8-р хороо, 38-р хороо","Улаанхуаран-2 /13301/, Шар хад-1 /13280/",
792468,ТБА131673002277000,,Polygon,106.993976,47.917827,"Авто зам, замын байгууламжийн архитектур төлөвлөлтийн даалгавар",Авто замын барилга,,,Баянзүрх,38-р хороо,Шар хад-1 /13280/,
792469,ТБА131673002294000,,Polygon,106.993825,47.917404,"Авто зам, замын байгууламжийн архитектур төлөвлөлтийн даалгавар",Авто замын барилга,,,Баянзүрх,38-р хороо,Шар хад-1 /13280/,
792477,ТБА131673481600001,30 31дүгээр хорооны авто зам,Polygon,106.959278,47.935099,"Авто зам, замын байгууламжийн архитектур төлөвлөлтийн даалгавар",Авто замын барилга,30 31дүгээр хорооны авто зам,БХБХ2022/03-029,Баянзүрх,"31-р хороо, 30-р хороо","Цэргийн хотхон /13360/, Алтан-Өлгий /13292/",
792478,ТБА131673481600000,,Polygon,107.16299,47.811917,"Авто зам, замын байгууламжийн архитектур төлөвлөлтийн даалгавар",Авто замын барилга,,БХБХ2022/03-028,Баянзүрх,11-р хороо,,
792508,ТБА131676246400000,Нүхэн гарц,Polygon,106.932154,47.929616,"Авто зам, замын байгууламжийн архитектур төлөвлөлтийн даалгавар",Авто замын барилга,Нүхэн гарц,МЗХ2023/04-26,Баянзүрх,29-р хороо,,
792511,ТБА131675036800004,"Авто зам, замын байгууламж",Polygon,107.01133,47.92414,"Авто зам, замын байгууламжийн архитектур төлөвлөлтийн даалгавар",Авто замын барилга,"Авто зам, замын байгууламж",БХБХ2022/03-025,Баянзүрх,17-р хороо,,
792514,ТБА131676332800002,"АВТО ЗАМ, ЗАМЫН БАЙГУУЛАМЖ",Polygon,106.94906,47.93712,"Авто зам, замын байгууламжийн архитектур төлөвлөлтийн даалгавар",Авто замын барилга,"АВТО ЗАМ, ЗАМЫН БАЙГУУЛАМЖ",МЗХ2023/00-001,Баянзүрх,2-р хороо,,
792526,ТБА171619785344000,,Polygon,106.794532,47.848193,"Авто зам, замын байгууламжийн архитектур төлөвлөлтийн даалгавар",Авто замын барилга,,,Хан-Уул,8-р хороо,,
792542,ТБА171623369600000,Аялал жуулчлалын цогцолбор,Polygon,106.817641,47.815186,"Авто зам, замын байгууламжийн архитектур төлөвлөлтийн даалгавар",Авто замын барилга,Аялал жуулчлалын цогцолбор,МЗХ2021/09-023,Хан-Уул,8-р хороо,,
792632,ТБА171664323200002,Явган зам,Polygon,106.631348,47.792675,"Авто зам, замын байгууламжийн архитектур төлөвлөлтийн даалгавар",Авто замын барилга,Явган зам,БХБХ2022/01-003,Хан-Уул,13-р хороо,,Өлзийтийн зам
792633,ТБА171664323200003,Явган зам,Polygon,106.630194,47.792608,"Авто зам, замын байгууламжийн архитектур төлөвлөлтийн даалгавар",Авто замын барилга,Явган зам,БХБХ2022/01-003,Хан-Уул,13-р хороо,,Өлзийтийн зам
792648,ТБА171664755200001,"Авто зам, замын байгууламж",Polygon,106.677232,47.84356,"Авто зам, замын байгууламжийн архитектур төлөвлөлтийн даалгавар",Авто замын барилга,"Авто зам, замын байгууламж",БХБХ2022/03-010,Хан-Уул,12-р хороо,Био комбинат-2 /17143/,
792651,ТБА171664841600001,", Морингийн 1 дүгээр гудамжнаас хойш шинээр хийгдс",Polygon,106.726554,47.847324,"Авто зам, замын байгууламжийн архитектур төлөвлөлтийн даалгавар",Авто замын барилга,", Морингийн 1 дүгээр гудамжнаас хойш шинээр хийгдс",БХБХ2022/03-006,Хан-Уул,10-р хороо,Морин-1 /17131/,Морингийн зам
792657,ТБА171665446400000,Авто зам,Polygon,106.756622,47.866003,"Авто зам, замын байгууламжийн архитектур төлөвлөлтийн даалгавар",Авто замын барилга,Авто зам,МЗХ2022/36-018,Хан-Уул,9-р хороо,Буянт Ухаа хороолол-3 /17122/,
792666,ТБА171662681600004,Аялал жуучлалын цогцолбор,Polygon,106.921017,47.885389,"Авто зам, замын байгууламжийн архитектур төлөвлөлтийн даалгавар",Авто замын барилга,Аялал жуучлалын цогцолбор,МЗХ2022/31-008,Хан-Уул,11-р хороо,,
792785,ТБА171667211226000,Авто зам,MultiPolygon,106.835216,47.852432,"Авто зам, замын байгууламжийн архитектур төлөвлөлтийн даалгавар",Авто замын барилга,Авто зам,МЗХ2022/31-035,Хан-Уул,23-р хороо,,Нүхтийн зам
792787,ТБА171667211396000,Авто зам,Polygon,106.842044,47.855624,"Авто зам, замын байгууламжийн архитектур төлөвлөлтийн даалгавар",Авто замын барилга,Авто зам,МЗХ2021/14-006,Хан-Уул,4-р хороо,,Нүхтийн зам
792797,ТБА171668442897000,,MultiPolygon,106.841152,47.837418,"Авто зам, замын байгууламжийн архитектур төлөвлөлтийн даалгавар",Авто замын барилга,,,Хан-Уул,23-р хороо,,
792807,ТБА171668190712000,Аялал жуулчлалын цогцолбор,Polygon,106.841144,47.861475,"Авто зам, замын байгууламжийн архитектур төлөвлөлтийн даалгавар",Авто замын барилга,Аялал жуулчлалын цогцолбор,ГБМЗХ2020/01-037,Хан-Уул,23-р хороо,,
792879,ТБА171651449600005,Нийтийн хэрэгцээний авто зам,Polygon,106.840256,47.860684,"Авто зам, замын байгууламжийн архитектур төлөвлөлтийн даалгавар",Авто замын барилга,Нийтийн хэрэгцээний авто зам,МЗХ2022/13-039,Хан-Уул,23-р хороо,,
792880,ТБА171667561230000,Авто зам,Polygon,106.839527,47.861609,"Авто зам, замын байгууламжийн архитектур төлөвлөлтийн даалгавар",Авто замын барилга,Авто зам,МЗХ2022/32-028,Хан-Уул,23-р хороо,,Наадамчдын зам
792912,ТБА171669161600007,Аялал жуулчлалын цогцолбор,MultiPolygon,106.918687,47.882596,"Авто зам, замын байгууламжийн архитектур төлөвлөлтийн даалгавар",,Аялал жуулчлалын цогцолбор,МЗХ2022/39-042,Хан-Уул,11-р хороо,Зайсан-1 /17020/,
792980,ТБА141676332800000,Арслантай гүүрний засвар шинэчлэлт,Polygon,106.929556,47.91841,"Авто зам, замын байгууламжийн архитектур төлөвлөлтийн даалгавар",Авто замын барилга,Арслантай гүүрний засвар шинэчлэлт,МЗХ2023/04-021,Сүхбаатар,8-р хороо,,
792987,ТБА141451606400001,Замын цагдаагийн уулзварын олон түвшний огтолцол,Polygon,106.924755,47.908875,"Авто зам, замын байгууламжийн архитектур төлөвлөлтийн даалгавар",Авто замын барилга,Замын цагдаагийн уулзварын олон түвшний огтолцол,,Сүхбаатар,15-р хороо,,
792988,ТБА141451606400002,Замын цагдаагийн уулзварын олон түвшний огтолцол,Polygon,106.926529,47.908659,"Авто зам, замын байгууламжийн архитектур төлөвлөлтийн даалгавар",Авто замын барилга,Замын цагдаагийн уулзварын олон түвшний огтолцол,,Сүхбаатар,15-р хороо,,
792995,ТБА141451606400003,Замын цагдаагийн уулзварын олон түвшний огтолцол,Polygon,106.924773,47.910081,"Авто зам, замын байгууламжийн архитектур төлөвлөлтийн даалгавар",Авто замын барилга,Замын цагдаагийн уулзварын олон түвшний огтолцол,,Сүхбаатар,15-р хороо,,
792997,ТБА181551657600000,Тусгай замын автобусны зам,Polygon,106.842919,47.91261,"Авто зам, замын байгууламжийн архитектур төлөвлөлтийн даалгавар",Авто замын барилга,Тусгай замын автобусны зам,МЗХ2019/04-01,Сонгинохайрхан,14-р хороо,,
793015,ТБА181502150400001,170 дугаар цэцэрлэг хүртэлх авто зам,Polygon,106.827971,47.968173,"Авто зам, замын байгууламжийн архитектур төлөвлөлтийн даалгавар",Авто замын барилга,170 дугаар цэцэрлэг хүртэлх авто зам,МЗХ2017/16-28,Сонгинохайрхан,25-р хороо,,
793016,ТБА181502150400002,Авто зам,Polygon,106.817291,47.951772,"Авто зам, замын байгууламжийн архитектур төлөвлөлтийн даалгавар",Авто замын барилга,Авто зам,МЗХ2017/16-29,Сонгинохайрхан,7-р хороо,,
793018,ТБА181502150400003,Авто зам,Polygon,106.807692,47.982927,"Авто зам, замын байгууламжийн архитектур төлөвлөлтийн даалгавар",Авто замын барилга,Авто зам,МЗХ2017/16-30,Сонгинохайрхан,24-р хороо,,
793030,ТБА141664793112000,,MultiPolygon,106.92425,47.933164,"Авто зам, замын байгууламжийн архитектур төлөвлөлтийн даалгавар",Авто замын барилга,,,Сүхбаатар,"11-р хороо, 10-р хороо","7-р хороолол-2 /14181/, 7-р хороолол-1 /14180/",
793047,ТБА141669334400000,Авто зам,Polygon,106.920162,47.935114,"Авто зам, замын байгууламжийн архитектур төлөвлөлтийн даалгавар",Авто замын барилга,Авто зам,МЗХ2022/39-012,Сүхбаатар,11-р хороо,,
793079,ТБА141675269824000,ГХДТ,Polygon,106.926302,47.938061,"Авто зам, замын байгууламжийн архитектур төлөвлөлтийн даалгавар",Авто замын барилга,ГХДТ,,Сүхбаатар,"11-р хороо, 12-р хороо","100 айл-2 /14171/, 100 айл-1 /14170/, 7-р хороолол-1 /14180/",
793106,ТБА181617806994000,Дэд бүтцийн төв,Polygon,106.80109,47.926248,"Авто зам, замын байгууламжийн архитектур төлөвлөлтийн даалгавар",Авто замын барилга,Дэд бүтцийн төв,ГБМЗХ2019/05-063,Сонгинохайрхан,4-р хороо,,
793128,ТБА181663950115000,,Polygon,106.809028,47.918483,"Авто зам, замын байгууламжийн архитектур төлөвлөлтийн даалгавар",Авто замын барилга,,,Сонгинохайрхан,4-р хороо,Толгойт-1 /18100/,
793144,ТБА181668124800001,"Авто зам, замын байгууламж",Polygon,106.80217,47.971388,"Авто зам, замын байгууламжийн архитектур төлөвлөлтийн даалгавар",Авто замын барилга,"Авто зам, замын байгууламж",МЗХ2022/38-010,Сонгинохайрхан,24-р хороо,,
793145,ТБА181666656000001,"Авто зам, замын барилга байгууламж",Polygon,106.800143,47.976634,"Авто зам, замын байгууламжийн архитектур төлөвлөлтийн даалгавар",Авто замын барилга,"Авто зам, замын барилга байгууламж",,Сонгинохайрхан,24-р хороо,,
793172,ТБА181669334400002,Авто зам,Polygon,106.830014,47.946851,"Авто зам, замын байгууламжийн архитектур төлөвлөлтийн даалгавар",Авто замын барилга,Авто зам,БХБХ2022/03-022,Сонгинохайрхан,7-р хороо,,
793191,ТБА181674136832000,"Авто зам, замын байгууламж",Polygon,106.739883,47.915803,"Авто зам, замын байгууламжийн архитектур төлөвлөлтийн даалгавар",,"Авто зам, замын байгууламж",,Сонгинохайрхан,22-р хороо,,
793192,ТБА181674470905000,,Polygon,106.747384,47.903609,"Авто зам, замын байгууламжийн архитектур төлөвлөлтийн даалгавар",Авто замын барилга,,МЗХ2022/34-003,Сонгинохайрхан,20-р хороо,,
793214,ТБА181675641600002,"СХД, 43 дугаар хороо, Замын цагдаагийн хэлтсээс",Polygon,106.844115,47.920301,"Авто зам, замын байгууламжийн архитектур төлөвлөлтийн даалгавар",Авто замын барилга,"СХД, 43 дугаар хороо, Замын цагдаагийн хэлтсээс",МЗХ2023/04-007,Сонгинохайрхан,43-р хороо,,
1015888,ТТА121677662263837,,Polygon,107.084164,47.924378,"Авто зам, замын байгууламжийн архитектур төлөвлөлтийн даалгавар",Авто замын барилга,,,Баянзүрх,28-р хороо,Хужирбулан /13210/,
1046116,ТАЗ1680491921697,,Polygon,106.784061,47.847664,"Авто зам, замын байгууламжийн архитектур төлөвлөлтийн даалгавар",,,,,,,
1046123,ТАЗ1680494090527,,Polygon,106.784061,47.847664,"Авто зам, замын байгууламжийн архитектур төлөвлөлтийн даалгавар",,"Цогцолбор /орон сууц, үйлчилгээ, хүүхдийн цэцэрлэг/",,,,,
1046131,ТАЗ1680499623806,,Polygon,106.784061,47.847664,"Авто зам, замын байгууламжийн архитектур төлөвлөлтийн даалгавар",,"Цогцолбор /орон сууц, үйлчилгээ, хүүхдийн цэцэрлэг/",42,Хан-Уул,21-р хороо,Буянт Ухаа  хороолол-2 /17121/,
1046173,ТАЗ1680578771797,,Polygon,106.78062,47.851384,"Авто зам, замын байгууламжийн архитектур төлөвлөлтийн даалгавар",,,,Хан-Уул,21-р хороо,Буянт Ухаа  хороолол-2 /17121/,
1221406,ТТА131680772920119,,Polygon,106.956036,47.920132,"Авто зам, замын байгууламжийн архитектур төлөвлөлтийн даалгавар",Авто замын барилга,,МЗХ2023/10-019,Баянзүрх,41-р хороо,15-р хороолол-4 /13343/,Рерихийн гудамж
1221528,ТАЗ1681217614781,,Polygon,106.902485,47.927521,"Авто зам, замын байгууламжийн архитектур төлөвлөлтийн даалгавар",,,,Чингэлтэй,9-р хороо,Дэнжийн мянга-2 /15121/,Л.Энэбишийн өргөн чөлөө
1221529,ТАЗ1681218214212,,Polygon,106.902317,47.927418,"Авто зам, замын байгууламжийн архитектур төлөвлөлтийн даалгавар",,,,Чингэлтэй,9-р хороо,Дэнжийн мянга-2 /15121/,Л.Энэбишийн өргөн чөлөө
1221530,ТАЗ1681218214302,,Polygon,106.902276,47.927637,"Авто зам, замын байгууламжийн архитектур төлөвлөлтийн даалгавар",,,,Чингэлтэй,9-р хороо,Дэнжийн мянга-2 /15121/,Л.Энэбишийн өргөн чөлөө
1221584,ТТА131681305361399,,Polygon,106.828324,47.932897,"Авто зам, замын байгууламжийн архитектур төлөвлөлтийн даалгавар",Авто замын барилга,,МЗХ2023/00-033,,,,
1221673,ТАЗ1681712125441,,Polygon,106.784061,47.847664,"Авто зам, замын байгууламжийн архитектур төлөвлөлтийн даалгавар",,,,,,,
1221689,ТАЗ1681721053030,,Polygon,106.84304,47.872043,"Авто зам, замын байгууламжийн архитектур төлөвлөлтийн даалгавар",,гадна зам талбайн тохижилт,ГБМЗХ2020/13-013,Хан-Уул,23-р хороо,Хүүшийн ам /17080/,
1221690,ТАЗ1681721053185,,Polygon,106.842709,47.872352,"Авто зам, замын байгууламжийн архитектур төлөвлөлтийн даалгавар",,гадна зам талбайн тохижилт,ГБМЗХ2020/13-013,Хан-Уул,23-р хороо,Хүүшийн ам /17080/,
1221747,ТАЗ1681803848675,,MultiPolygon,106.900134,47.894023,"Авто зам, замын байгууламжийн архитектур төлөвлөлтийн даалгавар",,Загвар зургаар,Загвар зургаар,,,,
1221748,ТАЗ1681803848858,,Polygon,106.900333,47.894605,"Авто зам, замын байгууламжийн архитектур төлөвлөлтийн даалгавар",,Авто зам,Загвар зургаар,Хан-Уул,19-р хороо,Үйлдвэр 2-3 /17042/,
1221906,ТАЗ1681887103082,,MultiPolygon,106.918687,47.882596,"Авто зам, замын байгууламжийн архитектур төлөвлөлтийн даалгавар",,,,,,,
1363783,ТАЗ1683509706054,,Polygon,106.853561,47.918766,"Авто зам, замын байгууламжийн архитектур төлөвлөлтийн даалгавар",,,,Баянгол,21-р хороо,3-р хороолол-6 /16095/,
1363784,ТАЗ1683509706097,,Polygon,106.853172,47.918708,"Авто зам, замын байгууламжийн архитектур төлөвлөлтийн даалгавар",,,,Баянгол,21-р хороо,3-р хороолол-6 /16095/,
1363785,ТАЗ1683509888310,,Polygon,106.853547,47.918665,"Авто зам, замын байгууламжийн архитектур төлөвлөлтийн даалгавар",,,,Баянгол,21-р хороо,3-р хороолол-6 /16095/,
1363786,ТАЗ1683509888347,,Polygon,106.853266,47.918699,"Авто зам, замын байгууламжийн архитектур төлөвлөлтийн даалгавар",,,,Баянгол,21-р хороо,3-р хороолол-6 /16095/,
1363787,ТАЗ1683509888386,,Polygon,106.853267,47.918486,"Авто зам, замын байгууламжийн архитектур төлөвлөлтийн даалгавар",,,,Баянгол,21-р хороо,3-р хороолол-6 /16095/,
1363788,ТАЗ1683509888430,,Polygon,106.853159,47.919032,"Авто зам, замын байгууламжийн архитектур төлөвлөлтийн даалгавар",,,,Баянгол,21-р хороо,3-р хороолол-6 /16095/,
1363882,ТАЗ1683537889092,,Polygon,106.992479,47.923451,"Авто зам, замын байгууламжийн архитектур төлөвлөлтийн даалгавар",,,,Баянзүрх,38-р хороо,Улаанхуаран-1 /13300/,
1364010,ТАЗ1683683812716,,Polygon,106.79302,47.937998,"Авто зам, замын байгууламжийн архитектур төлөвлөлтийн даалгавар",,,,,,,
1364538,ТАЗ1684156657638,,Polygon,106.757312,47.868353,"Авто зам, замын байгууламжийн архитектур төлөвлөлтийн даалгавар",,,,Хан-Уул,9-р хороо,Буянт Ухаа хороолол-3 /17122/,
1364539,ТАЗ1684156782331,,Polygon,106.757116,47.868228,"Авто зам, замын байгууламжийн архитектур төлөвлөлтийн даалгавар",,,,Хан-Уул,9-р хороо,Буянт Ухаа хороолол-3 /17122/,
1364543,ТАЗ1684157761149,,MultiPolygon,107.038968,47.912063,"Авто зам, замын байгууламжийн архитектур төлөвлөлтийн даалгавар",,,,Баянзүрх,23-р хороо,Улиастай /13250/,
1364544,ТАЗ1684157837342,,Polygon,107.039005,47.912198,"Авто зам, замын байгууламжийн архитектур төлөвлөлтийн даалгавар",,,,Баянзүрх,23-р хороо,Улиастай /13250/,
1364548,ТАЗ1684159124731,,MultiPolygon,106.987081,47.914986,"Авто зам, замын байгууламжийн архитектур төлөвлөлтийн даалгавар",,,,Баянзүрх,38-р хороо,Улаанхуаран-2 /13301/,
1413324,ТТА141686290068785,,Polygon,106.907169,47.903319,"Авто зам, замын байгууламжийн архитектур төлөвлөлтийн даалгавар",Авто замын барилга,,МЗХ2023/18-012,Хан-Уул,1-р хороо,19-р хороолол-2 /17031/,
1413325,ТТА141686291654123,,Polygon,106.895089,47.899403,"Авто зам, замын байгууламжийн архитектур төлөвлөлтийн даалгавар",Авто замын барилга,,МЗХ2023/18-011,Хан-Уул,3-р хороо,19-р хороолол-4 /17033/,
1413441,ТТА171686637405246,,Polygon,106.912273,47.927717,"Авто зам, замын байгууламжийн архитектур төлөвлөлтийн даалгавар",Авто замын барилга,,МЗХ2023/00-068,Чингэлтэй,6-р хороо,6-р хороолол-1 /15140/,Г.Бумцэндийн гудамж
1413540,ТАЗ1686817239001,,Polygon,107.012199,47.904403,"Авто зам, замын байгууламжийн архитектур төлөвлөлтийн даалгавар",,,,,,,
1413567,ТАЗ1686888693678,,Polygon,106.814027,47.927088,"Авто зам, замын байгууламжийн архитектур төлөвлөлтийн даалгавар",,,,Сонгинохайрхан,"27-р хороо, 5-р хороо",21-р хороолол-3 /18082/,
1414095,ТТА181687341333549,,Polygon,106.863641,47.92902,"Авто зам, замын байгууламжийн архитектур төлөвлөлтийн даалгавар",Авто замын барилга,,МЗХ2023/00-036,,,,
1414482,ТАЗ1688279699320,,Polygon,106.76775,47.858458,"Авто зам, замын байгууламжийн архитектур төлөвлөлтийн даалгавар",,,,Хан-Уул,16-р хороо,Буянт Ухаа  хороолол-1 /17120/,
1414485,ТАЗ1688284110960,,Polygon,106.767791,47.85861,"Авто зам, замын байгууламжийн архитектур төлөвлөлтийн даалгавар",,,,,,,
1414486,ТАЗ1688284110996,,Polygon,106.767847,47.858335,"Авто зам, замын байгууламжийн архитектур төлөвлөлтийн даалгавар",,,,Хан-Уул,16-р хороо,Буянт Ухаа  хороолол-1 /17120/,
1414487,ТАЗ1688284602139,,Polygon,106.767812,47.85857,"Авто зам, замын байгууламжийн архитектур төлөвлөлтийн даалгавар",,,,Хан-Уул,16-р хороо,Буянт Ухаа  хороолол-1 /17120/,
1414532,ТАЗ1688370156893,,Polygon,106.714205,47.914294,"Авто зам, замын байгууламжийн архитектур төлөвлөлтийн даалгавар",,,,,,,
1414685,ТАЗ1688441218292,,Polygon,106.957614,48.124805,"Авто зам, замын байгууламжийн архитектур төлөвлөлтийн даалгавар",,,,Сүхбаатар,19-р хороо,Хандгайт-1 /14090/,
1414907,ТАЗ1688525899704,,Polygon,106.731784,47.942453,"Авто зам, замын байгууламжийн архитектур төлөвлөлтийн даалгавар",,,,,,,
1414908,ТАЗ1688525899803,,Polygon,106.730162,47.940857,"Авто зам, замын байгууламжийн архитектур төлөвлөлтийн даалгавар",,,,Сонгинохайрхан,34-р хороо,Баянголын ам-2 /18181/,Найрамдалын зам
1414960,ТТА171688550987679,,Polygon,108.36365,47.787067,"Авто зам, замын байгууламжийн архитектур төлөвлөлтийн даалгавар",Авто замын барилга,,МЗХ2023/00-100,Багануур,"3-р хороо, 5-р хороо, 1-р хороо",Наран хороолол-2 /12091/,
1414961,ТТА171688550987731,,Polygon,108.381817,47.804114,"Авто зам, замын байгууламжийн архитектур төлөвлөлтийн даалгавар",Авто замын барилга,,МЗХ2023/00-100,Багануур,4-р хороо,Байдлаг /12060/,
1414962,ТТА171688550987775,,Polygon,108.395855,47.789798,"Авто зам, замын байгууламжийн архитектур төлөвлөлтийн даалгавар",Авто замын барилга,,МЗХ2023/00-100,Багануур,"4-р хороо, 3-р хороо, 5-р хороо",Тогос уул /12020/,
1414963,ТТА171688550987823,,Polygon,108.376105,47.790643,"Авто зам, замын байгууламжийн архитектур төлөвлөлтийн даалгавар",Авто замын барилга,,МЗХ2023/00-100,Багануур,"4-р хороо, 5-р хороо",Залуус хэсэг /12100/,
1415120,ТАЗ1689662140710,,Polygon,106.801889,47.862882,"Авто зам, замын байгууламжийн архитектур төлөвлөлтийн даалгавар",,,,Хан-Уул,8-р хороо,Яармаг-2  /17111/,
1415141,ТАЗ1689670026642,,Polygon,106.801658,47.863076,"Авто зам, замын байгууламжийн архитектур төлөвлөлтийн даалгавар",,,,Хан-Уул,8-р хороо,Яармаг-2  /17111/,
1415144,ТАЗ1689671434210,,Polygon,106.800965,47.863039,"Авто зам, замын байгууламжийн архитектур төлөвлөлтийн даалгавар",,,,Хан-Уул,8-р хороо,Яармаг-2  /17111/,
1415528,ТАЗ1689835520816,,Polygon,106.80169,47.863028,"Авто зам, замын байгууламжийн архитектур төлөвлөлтийн даалгавар",,,,Хан-Уул,8-р хороо,Яармаг-2  /17111/,
1415812,ТАЗ1690517503603,,Polygon,106.893229,47.904201,"Авто зам, замын байгууламжийн архитектур төлөвлөлтийн даалгавар",,Алтай хотхоны зүүн талын авто замын дээгүүр явган хүний гүүрэн гарц,БХБХ2022/01-011,,,,
1416284,ТАЗ1690613701766,,Polygon,106.955776,47.915351,"Авто зам, замын байгууламжийн архитектур төлөвлөлтийн даалгавар",,,,Баянзүрх,14-р хороо,14-р хороолол-4 /13333/,
1416285,ТАЗ1690613701798,,Polygon,106.956462,47.915064,"Авто зам, замын байгууламжийн архитектур төлөвлөлтийн даалгавар",,,,Баянзүрх,14-р хороо,14-р хороолол-4 /13333/,
1416286,ТАЗ1690616378655,,LineString,106.956216,47.915479,"Авто зам, замын байгууламжийн архитектур төлөвлөлтийн даалгавар",,,,Баянзүрх,14-р хороо,14-р хороолол-4 /13333/,
1416306,ТАЗ1690627518107,,Polygon,108.377529,47.791976,"Авто зам, замын байгууламжийн архитектур төлөвлөлтийн даалгавар",,,,Багануур,4-р хороо,Жаргалант-БНД /12120/,
1416311,ТАЗ1690628226157,,Polygon,108.377856,47.792025,"Авто зам, замын байгууламжийн архитектур төлөвлөлтийн даалгавар",,,,Багануур,4-р хороо,Жаргалант-БНД /12120/,
1416312,ТАЗ1690628226194,,Polygon,108.377414,47.792088,"Авто зам, замын байгууламжийн архитектур төлөвлөлтийн даалгавар",,,,Багануур,4-р хороо,Жаргалант-БНД /12120/,
1416410,ТАЗ1690803788858,,Polygon,106.995095,47.907741,"Авто зам, замын байгууламжийн архитектур төлөвлөлтийн даалгавар",,,,Баянзүрх,12-р хороо,Амгалан-2 /13270/,
1416412,ТАЗ1690803948597,,Polygon,106.99499,47.907988,"Авто зам, замын байгууламжийн архитектур төлөвлөлтийн даалгавар",,,,Баянзүрх,12-р хороо,Амгалан-2 /13270/,
1416758,ТТА171691120972730,,Polygon,106.98696,47.913099,"Авто зам, замын байгууламжийн архитектур төлөвлөлтийн даалгавар",Авто замын барилга,,,Баянзүрх,38-р хороо,Улаанхуаран-2 /13301/,
1416860,ТАЗ1691142450882,,Polygon,106.786956,47.885263,"Авто зам, замын байгууламжийн архитектур төлөвлөлтийн даалгавар",,,,Баянгол,20-р хороо,Үйлдвэрийн баруун бүс-4 /16103/,
1416862,ТАЗ1691142641384,,Polygon,106.787018,47.885224,"Авто зам, замын байгууламжийн архитектур төлөвлөлтийн даалгавар",,,,Баянгол,20-р хороо,Үйлдвэрийн баруун бүс-4 /16103/,
1418391,ТТА131692177466126,,Polygon,106.966598,47.920104,"Авто зам, замын байгууламжийн архитектур төлөвлөлтийн даалгавар",Авто замын барилга,,МЗХ2023/30-001,Баянзүрх,22-р хороо,15-р хороолол-2 /13341/,
1418423,ТАЗ1692252087478,,Polygon,107.519616,47.353908,"Авто зам, замын байгууламжийн архитектур төлөвлөлтийн даалгавар",,ТИ ЭНД ЭЛ МАЙНИНГ ХХК,,,,,
1418424,ТАЗ1692252176501,,Polygon,107.519842,47.353487,"Авто зам, замын байгууламжийн архитектур төлөвлөлтийн даалгавар",,,,,,,
1418425,ТАЗ1692252212942,,Polygon,107.519674,47.353938,"Авто зам, замын байгууламжийн архитектур төлөвлөлтийн даалгавар",,,,,,,
1418426,ТАЗ1692252344138,,Polygon,107.519257,47.353935,"Авто зам, замын байгууламжийн архитектур төлөвлөлтийн даалгавар",,,,,,,
1418427,ТАЗ1692252344168,,Polygon,107.519808,47.353923,"Авто зам, замын байгууламжийн архитектур төлөвлөлтийн даалгавар",,,,,,,
1418428,ТАЗ1692252344203,,Polygon,107.519616,47.354206,"Авто зам, замын байгууламжийн архитектур төлөвлөлтийн даалгавар",,,,,,,
1418537,ТТА151692583215270,,Polygon,106.968125,47.930706,"Авто зам, замын байгууламжийн архитектур төлөвлөлтийн даалгавар",Авто замын барилга,,МЗХ2023/30-002,Баянзүрх,32-р хороо,Алтан-Өлгий /13292/,
1418663,ТТА171692668157758,,Polygon,106.848901,47.917087,"Авто зам, замын байгууламжийн архитектур төлөвлөлтийн даалгавар",Авто замын барилга,,МЗХ2023/32-012,Сонгинохайрхан,13-р хороо,Өнөр хороолол /18040/,
1420184,ТАЗ1693477692118,,Polygon,106.868891,47.901566,"Авто зам, замын байгууламжийн архитектур төлөвлөлтийн даалгавар",,,,Хан-Уул,3-р хороо,Үйлдвэр 1-2 /17061/,
1420190,ТАЗ1693479279600,,Polygon,106.869218,47.901234,"Авто зам, замын байгууламжийн архитектур төлөвлөлтийн даалгавар",,,,Хан-Уул,3-р хороо,Үйлдвэр 1-2 /17061/,
1420191,ТАЗ1693479279642,,Polygon,106.869135,47.901322,"Авто зам, замын байгууламжийн архитектур төлөвлөлтийн даалгавар",,,,Хан-Уул,3-р хороо,Үйлдвэр 1-2 /17061/,
1420192,ТАЗ1693479279672,,Polygon,106.86895,47.901656,"Авто зам, замын байгууламжийн архитектур төлөвлөлтийн даалгавар",,,,Хан-Уул,3-р хороо,Үйлдвэр 1-2 /17061/,
1420193,ТАЗ1693479279706,,Polygon,106.869171,47.901383,"Авто зам, замын байгууламжийн архитектур төлөвлөлтийн даалгавар",,,,Хан-Уул,3-р хороо,Үйлдвэр 1-2 /17061/,
1420194,ТАЗ1693479279737,,Polygon,106.868978,47.901391,"Авто зам, замын байгууламжийн архитектур төлөвлөлтийн даалгавар",,,,Хан-Уул,3-р хороо,Үйлдвэр 1-2 /17061/,
1420195,ТАЗ1693479279768,,Polygon,106.868694,47.9016,"Авто зам, замын байгууламжийн архитектур төлөвлөлтийн даалгавар",,,,Хан-Уул,3-р хороо,Үйлдвэр 1-2 /17061/,
1420218,ТТА141693795409292,,Polygon,106.776758,47.859461,"Авто зам, замын байгууламжийн архитектур төлөвлөлтийн даалгавар",Авто замын барилга,"Авто зам, замын байгууламж",МЗХ2023/32-001,Хан-Уул,"25-р хороо, 16-р хороо",Буянт Ухаа  хороолол-1 /17120/,
1420339,ТТА151694073239469,,Polygon,106.958002,47.935477,"Авто зам, замын байгууламжийн архитектур төлөвлөлтийн даалгавар",Авто замын барилга,"БЗД, 30, 31 дүгээр хороо, Карьер-4 гудамжны 9 тоотоос Сайхан-5 гудамжны 35 тоот, Монел-15 гудамжны 23 тоот хүртэл авто зам, замын байгууламж",МЗХ2023/32-008,Баянзүрх,"31-р хороо, 30-р хороо",Цэргийн хотхон /13360/,
1420341,ТТА141694076803134,,Polygon,106.991104,47.908065,"Авто зам, замын байгууламжийн архитектур төлөвлөлтийн даалгавар",Авто замын барилга,Нарны замын зүүн өргөтгөл,МЗХ2023/33-003,Баянзүрх,"13-р хороо, 10-р хороо, 37-р хороо, 36-р хороо, 12-р хороо",14-р хороолол-1 /13330/,Нарны зам
1420352,ТАЗ1694159203947,,Polygon,106.78981,47.881332,"Авто зам, замын байгууламжийн архитектур төлөвлөлтийн даалгавар",,,,Баянгол,20-р хороо,Үйлдвэрийн баруун бүс-4 /16103/,
1420353,ТАЗ1694159203991,,Polygon,106.789898,47.881164,"Авто зам, замын байгууламжийн архитектур төлөвлөлтийн даалгавар",,,,Баянгол,20-р хороо,Үйлдвэрийн баруун бүс-4 /16103/,
1420354,ТАЗ1694159204019,,Polygon,106.789904,47.881287,"Авто зам, замын байгууламжийн архитектур төлөвлөлтийн даалгавар",,,,Баянгол,20-р хороо,Үйлдвэрийн баруун бүс-4 /16103/,
1420389,ТТА181694414954482,,Polygon,106.95824,47.943196,"Авто зам, замын байгууламжийн архитектур төлөвлөлтийн даалгавар",Авто замын барилга,"Авто зам, замын байгууламж",МЗХ2023/33-001,Баянзүрх,"2-р хороо, 27-р хороо, 31-р хороо, 30-р хороо",Цэргийн хотхон /13360/,
1420397,ТТА141694421026436,,Polygon,106.990773,47.906207,"Авто зам, замын байгууламжийн архитектур төлөвлөлтийн даалгавар",Авто замын барилга,"Авто зам, замын байгууламж",МЗХ2023/33-003,Баянзүрх,"37-р хороо, 12-р хороо",Амгалан-2 /13270/,
1420469,ТТА181694515681132,,Polygon,106.813518,47.950794,"Авто зам, замын байгууламжийн архитектур төлөвлөлтийн даалгавар",Авто замын барилга,"Авто зам, замын байгууламж",МЗХ2023/27-038,Сонгинохайрхан,40-р хороо,Наран-2 /18141/,
1420502,ТАЗ1694571801639,,Polygon,107.015682,47.882868,"Авто зам, замын байгууламжийн архитектур төлөвлөлтийн даалгавар",,,,,,,
1420503,ТАЗ1694571801675,,Polygon,107.015832,47.88161,"Авто зам, замын байгууламжийн архитектур төлөвлөлтийн даалгавар",,,,Баянзүрх,11-р хороо,Залаатын ам /13241/,
1420504,ТАЗ1694571801707,,Polygon,107.016448,47.881944,"Авто зам, замын байгууламжийн архитектур төлөвлөлтийн даалгавар",,,,Баянзүрх,11-р хороо,Залаатын ам /13241/,
1420539,ТТА181694597544193,,Polygon,106.881696,48.16231,"Авто зам, замын байгууламжийн архитектур төлөвлөлтийн даалгавар",Авто замын барилга,,МЗХ2023/34-007,Сүхбаатар,19-р хороо,Санзай-1 /14140/,
1420604,ТТА141694770147077,,Polygon,106.680197,47.843768,"Авто зам, замын байгууламжийн архитектур төлөвлөлтийн даалгавар",Авто замын барилга,"Авто зам, замын байгууламж",МЗХ2023/32-011,Хан-Уул,12-р хороо,Био комбинат-2 /17143/,Морингийн зам
1420668,ТТА131695180591982,,Polygon,106.787687,47.857888,"Авто зам, замын байгууламжийн архитектур төлөвлөлтийн даалгавар",Авто замын барилга,,МЗХ2023/34-008,Хан-Уул,"8-р хороо, 21-р хороо, 25-р хороо","Морин тойруулга, наадамчдын талбай /17101/",Сонсголонгийн зам
1420691,ТАЗ1695280259976,,Polygon,106.840286,47.873453,"Авто зам, замын байгууламжийн архитектур төлөвлөлтийн даалгавар",,Наадамчдын замын урд талын туслах замын үргэлжлэл  зам,МЗХ2018/21-31,Хан-Уул,23-р хороо,Хүүшийн ам /17080/,
1420693,ТАЗ1695280593481,,Polygon,106.84411,47.874441,"Авто зам, замын байгууламжийн архитектур төлөвлөлтийн даалгавар",,Наадамчдын замын урд талын туслах замын үргэлжлэл  зам,МЗХ2018/21-31,Хан-Уул,23-р хороо,Хүүшийн ам /17080/,
1420694,ТАЗ1695281041409,,Polygon,106.849131,47.87602,"Авто зам, замын байгууламжийн архитектур төлөвлөлтийн даалгавар",,Наадамчдын замын урд талын туслах замын үргэлжлэл  зам,МЗХ2018/21-31,Хан-Уул,"23-р хороо, 24-р хороо",Хүүшийн ам /17080/,
1420695,ТАЗ1695281041444,,Polygon,106.851687,47.877278,"Авто зам, замын байгууламжийн архитектур төлөвлөлтийн даалгавар",,Наадамчдын замын урд талын туслах замын үргэлжлэх  зам,МЗХ2018/21-31,Хан-Уул,24-р хороо,Хүүшийн ам /17080/,
1420696,ТАЗ1695281041478,,Polygon,106.855195,47.87919,"Авто зам, замын байгууламжийн архитектур төлөвлөлтийн даалгавар",,Наадамчдын замын урд хэсгийн туслах замын холбоос,МЗХ2018/21-31,Хан-Уул,24-р хороо,Хүүшийн ам /17080/,
1420697,ТАЗ1695281041518,,Polygon,106.853076,47.878206,"Авто зам, замын байгууламжийн архитектур төлөвлөлтийн даалгавар",,Наадамчдын замын урд талын туслах замын холбоос,МЗХ2018/21-31,Хан-Уул,24-р хороо,Хүүшийн ам /17080/,
1420698,ТАЗ1695281462204,,Polygon,106.847376,47.875404,"Авто зам, замын байгууламжийн архитектур төлөвлөлтийн даалгавар",,Наадамчдын замын урд талын туслах замын үргэлжлэл  зам,МЗХ2018/21-31,Хан-Уул,23-р хороо,Хүүшийн ам /17080/,
1420717,ТАЗ1695367895682,,Polygon,106.695707,47.916169,"Авто зам, замын байгууламжийн архитектур төлөвлөлтийн даалгавар",Агуулахын барилга,"Агуулах, зоорь",,,,,
1421278,ТТА141695622271376,,Polygon,107.47765,47.346618,"Авто зам, замын байгууламжийн архитектур төлөвлөлтийн даалгавар",Авто замын барилга,,МЗХ2023/34-017,Багахангай,1-р хороо,Өндөр толгой /12330/,
1421440,ТАЗ1695864943521,,Polygon,106.965123,47.908224,"Авто зам, замын байгууламжийн архитектур төлөвлөлтийн даалгавар",,,,,,,
1422169,ТАЗ1695952526608,,Polygon,106.736497,47.917363,"Авто зам, замын байгууламжийн архитектур төлөвлөлтийн даалгавар",,,,Сонгинохайрхан,22-р хороо,Орбит-4 /18173/,
1422181,ТАЗ1695957565482,,Polygon,106.923923,47.90388,"Авто зам, замын байгууламжийн архитектур төлөвлөлтийн даалгавар",,Суруга трейдинг ХХК,МЗХ2022/24-20,Хан-Уул,15-р хороо,Стадион Оргил-2 /17011/,
1422220,ТТА141696210158532,,Polygon,106.94498,47.921677,"Авто зам, замын байгууламжийн архитектур төлөвлөлтийн даалгавар",Авто замын барилга,"116 дугаар байрны авто зам, замын байгууламж",МЗХ2023/32-013,Баянзүрх,7-р хороо,15-р хороолол-6 /13345/,
1422305,ТАЗ1696314336711,,Polygon,107.022972,47.908131,"Авто зам, замын байгууламжийн архитектур төлөвлөлтийн даалгавар",,,,Баянзүрх,10-р хороо,Амгалан-1 /13260/,
1422386,ТАЗ1696472293058,,Polygon,106.995184,47.933424,"Авто зам, замын байгууламжийн архитектур төлөвлөлтийн даалгавар",,,,Баянзүрх,24-р хороо,Цахлай /13290/,
1422784,ТАЗ1696818701294,,Polygon,106.778985,47.920607,"Авто зам, замын байгууламжийн архитектур төлөвлөлтийн даалгавар",,,,Сонгинохайрхан,"2-р хороо, 3-р хороо",Толгойт-6 /18105/,
1422913,ТАЗ1696932135236,,Polygon,106.780231,47.892382,"Авто зам, замын байгууламжийн архитектур төлөвлөлтийн даалгавар",,,,Сонгинохайрхан,20-р хороо,Сонсголон-2 /18131/,
1423065,ТАЗ1697180465421,,Polygon,106.751806,47.92137,"Авто зам, замын байгууламжийн архитектур төлөвлөлтийн даалгавар",,,,Сонгинохайрхан,34-р хороо,Баянголын ам-1 /18180/,
1423206,ТАЗ1697617143469,,Polygon,106.894342,47.898521,"Авто зам, замын байгууламжийн архитектур төлөвлөлтийн даалгавар",,,,Хан-Уул,20-р хороо,Үйлдвэр 2-3 /17042/,
1423207,ТАЗ1697617143502,,Polygon,106.894103,47.898342,"Авто зам, замын байгууламжийн архитектур төлөвлөлтийн даалгавар",,,,Хан-Уул,20-р хороо,Үйлдвэр 2-3 /17042/,
1423222,ТАЗ1697622358986,,Polygon,106.696862,47.909066,"Авто зам, замын байгууламжийн архитектур төлөвлөлтийн даалгавар",,,,Сонгинохайрхан,33-р хороо,Тахилт-2 /18241/,
1423304,ТАЗ1698048623121,,Polygon,106.859964,47.913248,"Авто зам, замын байгууламжийн архитектур төлөвлөлтийн даалгавар",,,,Баянгол,"5-р хороо, 28-р хороо",Үйлдвэрийн төвийн бүс-1 /16010/,Энх тайвaны өргөн чөлөө
1423305,ТАЗ1698049450713,,Polygon,106.867606,47.913791,"Авто зам, замын байгууламжийн архитектур төлөвлөлтийн даалгавар",,,,Баянгол,"5-р хороо, 25-р хороо",Үйлдвэрийн төвийн бүс-1 /16010/,Энх тайвaны өргөн чөлөө
1423322,ТАЗ1698120841460,,Polygon,106.917956,47.931421,"Авто зам, замын байгууламжийн архитектур төлөвлөлтийн даалгавар",,,,,,,
1423323,ТАЗ1698120841494,,Polygon,106.917643,47.932173,"Авто зам, замын байгууламжийн архитектур төлөвлөлтийн даалгавар",,,,,,,
1423342,ТАЗ1698135723111,,Polygon,106.784585,47.911825,"Авто зам, замын байгууламжийн архитектур төлөвлөлтийн даалгавар",,,,Сонгинохайрхан,20-р хороо,Толгойт-3 /18102/,
1423344,ТАЗ1698135977947,,Polygon,106.784811,47.911791,"Авто зам, замын байгууламжийн архитектур төлөвлөлтийн даалгавар",,,,Сонгинохайрхан,20-р хороо,Толгойт-3 /18102/,
1423362,ТАЗ1698147824663,,Polygon,106.865417,47.903872,"Авто зам, замын байгууламжийн архитектур төлөвлөлтийн даалгавар",,,,Хан-Уул,3-р хороо,Үйлдвэр 1-3 /17062/,
1423371,ТАЗ1698201147176,,Polygon,106.865288,47.904213,"Авто зам, замын байгууламжийн архитектур төлөвлөлтийн даалгавар",,,,Хан-Уул,3-р хороо,Үйлдвэр 1-3 /17062/,
1423372,ТАЗ1698201427560,,Polygon,106.865661,47.90401,"Авто зам, замын байгууламжийн архитектур төлөвлөлтийн даалгавар",,,,Хан-Уул,3-р хороо,Үйлдвэр 1-3 /17062/,
1423373,ТАЗ1698201427608,,Polygon,106.864964,47.903905,"Авто зам, замын байгууламжийн архитектур төлөвлөлтийн даалгавар",,,,Хан-Уул,3-р хороо,Үйлдвэр 1-3 /17062/,
1423374,ТАЗ1698201427639,,Polygon,106.865698,47.903604,"Авто зам, замын байгууламжийн архитектур төлөвлөлтийн даалгавар",,,,Хан-Уул,3-р хороо,Үйлдвэр 1-3 /17062/,
1423375,ТАЗ1698201427668,,Polygon,106.866102,47.903596,"Авто зам, замын байгууламжийн архитектур төлөвлөлтийн даалгавар",,,,Хан-Уул,3-р хороо,Үйлдвэр 1-3 /17062/,
1423377,ТАЗ1698202036855,,Polygon,106.864022,47.90413,"Авто зам, замын байгууламжийн архитектур төлөвлөлтийн даалгавар",,,,Хан-Уул,3-р хороо,Үйлдвэр 1-3 /17062/,
1423632,ТТА181698737091312,,Polygon,106.687417,47.830892,"Авто зам, замын байгууламжийн архитектур төлөвлөлтийн даалгавар",Авто замын барилга,,МЗХ2023/40-016,Хан-Уул,12-р хороо,Морин-1 /17131/,Морингийн зам
1423638,ТАЗ1698745620625,,Polygon,107.039151,47.911245,"Авто зам, замын байгууламжийн архитектур төлөвлөлтийн даалгавар",,,,Баянзүрх,23-р хороо,Улиастай /13250/,
1423639,ТАЗ1698745620688,,Polygon,107.039412,47.911263,"Авто зам, замын байгууламжийн архитектур төлөвлөлтийн даалгавар",,,,Баянзүрх,23-р хороо,Улиастай /13250/,
1423640,ТАЗ1698745620723,,Polygon,107.039034,47.910923,"Авто зам, замын байгууламжийн архитектур төлөвлөлтийн даалгавар",,,,Баянзүрх,23-р хороо,Улиастай /13250/,
1423641,ТАЗ1698746150439,,Polygon,107.038793,47.911382,"Авто зам, замын байгууламжийн архитектур төлөвлөлтийн даалгавар",,,,Баянзүрх,23-р хороо,Улиастай /13250/,
1423648,ТАЗ1698797575421,,Polygon,106.917313,47.936389,"Авто зам, замын байгууламжийн архитектур төлөвлөлтийн даалгавар",,,,Сүхбаатар,11-р хороо,7-р хороолол-1 /14180/,
1423649,ТАЗ1698797575465,,Polygon,106.917055,47.93676,"Авто зам, замын байгууламжийн архитектур төлөвлөлтийн даалгавар",,,,Сүхбаатар,11-р хороо,7-р хороолол-1 /14180/,
1423650,ТАЗ1698797575497,,Polygon,106.91806,47.937008,"Авто зам, замын байгууламжийн архитектур төлөвлөлтийн даалгавар",,,,Сүхбаатар,11-р хороо,7-р хороолол-1 /14180/,
1423651,ТАЗ1698797575530,,Polygon,106.917729,47.937083,"Авто зам, замын байгууламжийн архитектур төлөвлөлтийн даалгавар",,,,Сүхбаатар,11-р хороо,7-р хороолол-1 /14180/,
1423658,ТТА171698807281981,,Polygon,106.986908,47.932754,"Авто зам, замын байгууламжийн архитектур төлөвлөлтийн даалгавар",Авто замын барилга,,МЗХ2023/39-008,Баянзүрх,24-р хороо,Цахлай /13290/,
1423663,ТАЗ1698812337739,,Polygon,106.909341,47.930926,"Авто зам, замын байгууламжийн архитектур төлөвлөлтийн даалгавар",,,,Сүхбаатар,9-р хороо,7-р хороолол-3 /14182/,
1423669,ТАЗ1698816831029,,Polygon,107.034561,47.912961,"Авто зам, замын байгууламжийн архитектур төлөвлөлтийн даалгавар",,,,Баянзүрх,23-р хороо,Улиастай /13250/,
1423678,ТАЗ1698890445752,,Polygon,106.84328,47.924261,"Авто зам, замын байгууламжийн архитектур төлөвлөлтийн даалгавар",,,,Сонгинохайрхан,43-р хороо,Өнөр хороолол /18040/,
1423683,ТАЗ1698890977533,,Polygon,106.84333,47.924206,"Авто зам, замын байгууламжийн архитектур төлөвлөлтийн даалгавар",,,,Сонгинохайрхан,43-р хороо,Өнөр хороолол /18040/,
1423684,ТАЗ1698890977583,,Polygon,106.842962,47.924235,"Авто зам, замын байгууламжийн архитектур төлөвлөлтийн даалгавар",,,,Сонгинохайрхан,43-р хороо,Өнөр хороолол /18040/,
1423693,ТАЗ1698898053591,,Polygon,106.964753,47.915008,"Авто зам, замын байгууламжийн архитектур төлөвлөлтийн даалгавар",,,,Баянзүрх,13-р хороо,14-р хороолол-1 /13330/,
1423753,ТТА171698993751459,,Polygon,106.781435,47.909886,"Авто зам, замын байгууламжийн архитектур төлөвлөлтийн даалгавар",Авто замын барилга,"Авто зам, замын байгууламж",МЗХ2022/12-015,Сонгинохайрхан,20-р хороо,Толгойт-4 /18103/,
1423755,ТАЗ1698994795844,,Polygon,106.781438,47.909947,"Авто зам, замын байгууламжийн архитектур төлөвлөлтийн даалгавар",,,,Сонгинохайрхан,20-р хороо,Толгойт-4 /18103/,
1423761,ТАЗ1698999017618,,Polygon,106.782256,47.863009,"Авто зам, замын байгууламжийн архитектур төлөвлөлтийн даалгавар",,,,Хан-Уул,"25-р хороо, 16-р хороо",Буянт Ухаа  хороолол-1 /17120/,
1423833,ТАЗ1699003036192,,Polygon,106.782508,47.864264,"Авто зам, замын байгууламжийн архитектур төлөвлөлтийн даалгавар",,,,Хан-Уул,"25-р хороо, 16-р хороо",Буянт Ухаа  хороолол-1 /17120/,
1423834,ТАЗ1699003036252,,Polygon,106.782347,47.862788,"Авто зам, замын байгууламжийн архитектур төлөвлөлтийн даалгавар",,,,Хан-Уул,"25-р хороо, 16-р хороо",Буянт Ухаа  хороолол-1 /17120/,
1423858,ТАЗ1699255551974,,Polygon,106.964958,47.913548,"Авто зам, замын байгууламжийн архитектур төлөвлөлтийн даалгавар",Үйлчилгээтэй орон сууц,Ай Энд Жи Интернешнл ХХК,,Баянзүрх,13-р хороо,14-р хороолол-1 /13330/,
1423886,ТАЗ1699341758373,,Polygon,106.757605,47.856564,"Авто зам, замын байгууламжийн архитектур төлөвлөлтийн даалгавар",,,,,,,
1423892,ТТА181699350131588,,Polygon,106.821769,47.93449,"Авто зам, замын байгууламжийн архитектур төлөвлөлтийн даалгавар",Авто замын барилга,,МЗХ2023/39-007,Сонгинохайрхан,6-р хороо,Ханын материал-1 /18060/,
1424000,ТАЗ1699494139744,,Polygon,106.849932,47.926098,"Авто зам, замын байгууламжийн архитектур төлөвлөлтийн даалгавар",,,,,,,
1424190,ТАЗ1700114947548,,Polygon,106.784551,47.88145,"Авто зам, замын байгууламжийн архитектур төлөвлөлтийн даалгавар",,,,Сонгинохайрхан,20-р хороо,Сонсголон-4 /18133/,
1424191,ТАЗ1700114947655,,Polygon,106.784437,47.881002,"Авто зам, замын байгууламжийн архитектур төлөвлөлтийн даалгавар",,,,Сонгинохайрхан,20-р хороо,Сонсголон-4 /18133/,
1424192,ТАЗ1700114947723,,Polygon,106.784406,47.880649,"Авто зам, замын байгууламжийн архитектур төлөвлөлтийн даалгавар",,,,Сонгинохайрхан,20-р хороо,Сонсголон-4 /18133/,
1425192,ТАЗ1702443312786,,Polygon,107.125939,47.862279,"Авто зам, замын байгууламжийн архитектур төлөвлөлтийн даалгавар",,,,Баянзүрх,11-р хороо,Ургах наран /13180/,
1425528,ТТА171702540279238,,Polygon,106.805028,47.923975,"Авто зам, замын байгууламжийн архитектур төлөвлөлтийн даалгавар",Авто замын барилга,"Авто зам, замын байгууламж",МЗХ2022/12-009,Сонгинохайрхан,4-р хороо,Толгойт-6 /18105/,
1425941,ТАЗ1703124804454,,Polygon,106.845137,47.9172,"Авто зам, замын байгууламжийн архитектур төлөвлөлтийн даалгавар",,,,Сонгинохайрхан,"43-р хороо, 14-р хороо","1-р хороолол-2 /18031/, Өнөр хороолол /18040/",Өнөр хорооллын гудамж
1425942,ТАЗ1703124804743,,Polygon,106.839554,47.916856,"Авто зам, замын байгууламжийн архитектур төлөвлөлтийн даалгавар",,,,Сонгинохайрхан,15-р хороо,"1-р хороолол-2 /18031/, Өнөр хороолол /18040/",Өнөр хорооллын гудамж
1425943,ТАЗ1703124804914,,Polygon,106.833488,47.915771,"Авто зам, замын байгууламжийн архитектур төлөвлөлтийн даалгавар",,,,Сонгинохайрхан,"16-р хороо, 17-р хороо, 30-р хороо","1-р хороолол-3 /18032/, Өнөр хороолол /18040/",Өнөр хорооллын гудамж
1426097,ТТА131703569227515,,Polygon,107.173571,47.981387,"Авто зам, замын байгууламжийн архитектур төлөвлөлтийн даалгавар",Авто замын барилга,,МЗХ2023/46-006,Баянзүрх,33-р хороо,Шар хоолой /13020/,
1426123,ТАЗ1703664527300,,Polygon,106.604563,47.837115,"Авто зам, замын байгууламжийн архитектур төлөвлөлтийн даалгавар",,,,Хан-Уул,13-р хороо,"361-ын гарам /18410/, Хурганы аж ахуй /18420/, Эмээлт-2 /18401/, Сонгины амралтын хэсэг /17144/, Улаан овоот /17175/, Био комбинат-2 /17143/, Туулын хэсэг /17171/, Шувуун фабрик-1 /17170/, Эрдэнэтолгой /17142/, Аж үйлдвэрийн парк хэсэг /17174/",Шувуун фабрикийн зам
1426141,ТТА181703730138843,,Polygon,106.826238,47.956398,"Авто зам, замын байгууламжийн архитектур төлөвлөлтийн даалгавар",Авто замын барилга,,МЗХ2023/46-002,Сонгинохайрхан,9-р хороо,"Наран-1 /18140/, Баянхошуу-1 /18010/, Наран-2 /18141/, Баянхошуу-2 /18011/",Баянхошууны гудамж
1426145,ТТА181703741940589,,Polygon,106.927581,47.938176,"Авто зам, замын байгууламжийн архитектур төлөвлөлтийн даалгавар",Авто замын барилга,,МЗХ2023/00-164,Сүхбаатар,1-р хороо,"12-р хороолол-1 /13380/, 100 айл-2 /14171/, 100 айл-1 /14170/, 11-р хороолол-1 /14190/, 5 буудал /14160/, Дарь эх-3 /13351/",Денверийн гудамж
1426213,ТТА181704331915991,,Polygon,106.921299,47.994405,"Авто зам, замын байгууламжийн архитектур төлөвлөлтийн даалгавар",Авто замын барилга,,МЗХ2023/47-002,Чингэлтэй,19-р хороо,"Салхит /15060/, Чингэлтэй-3  /15030/",Санзайн зам
1426229,ТТА181704337680761,,Polygon,106.917443,47.979584,"Авто зам, замын байгууламжийн архитектур төлөвлөлтийн даалгавар",Авто замын барилга,,МЗХ2023/47-003,Чингэлтэй,19-р хороо,Чингэлтэй-1 /15031/,
1426231,ТАЗ1704339508070,,Polygon,100.512214,0.000432,"Авто зам, замын байгууламжийн архитектур төлөвлөлтийн даалгавар",,,,,,,
1426236,ТАЗ1704348681621,,Polygon,100.512214,0.000432,"Авто зам, замын байгууламжийн архитектур төлөвлөлтийн даалгавар",,,,,,,
1426242,ТАЗ1704356632525,,Polygon,106.889146,47.905146,"Авто зам, замын байгууламжийн архитектур төлөвлөлтийн даалгавар",,,,Баянгол,24-р хороо,Үйлдвэрийн төвийн бүс-3 /16030/,
1426298,ТАЗ1704784067673,,Polygon,106.805028,47.923975,"Авто зам, замын байгууламжийн архитектур төлөвлөлтийн даалгавар",,,,Сонгинохайрхан,4-р хороо,Толгойт-6 /18105/,
1426299,ТАЗ1704784067815,,Polygon,106.803765,47.923889,"Авто зам, замын байгууламжийн архитектур төлөвлөлтийн даалгавар",,,,Сонгинохайрхан,4-р хороо,Толгойт-6 /18105/,
1426300,ТАЗ1704784067894,,Polygon,106.803093,47.923623,"Авто зам, замын байгууламжийн архитектур төлөвлөлтийн даалгавар",,,,Сонгинохайрхан,4-р хороо,Толгойт-6 /18105/,
1426301,ТАЗ1704784067961,,Polygon,106.807625,47.923557,"Авто зам, замын байгууламжийн архитектур төлөвлөлтийн даалгавар",,,,Сонгинохайрхан,4-р хороо,Толгойт-6 /18105/,
1426302,ТАЗ1704784068028,,Polygon,106.806726,47.924087,"Авто зам, замын байгууламжийн архитектур төлөвлөлтийн даалгавар",,,,Сонгинохайрхан,4-р хороо,Толгойт-6 /18105/,
1426303,ТАЗ1704784068101,,Polygon,106.805586,47.924166,"Авто зам, замын байгууламжийн архитектур төлөвлөлтийн даалгавар",,,,Сонгинохайрхан,4-р хороо,Толгойт-6 /18105/,
1426304,ТАЗ1704784068172,,Polygon,106.80719,47.923984,"Авто зам, замын байгууламжийн архитектур төлөвлөлтийн даалгавар",,,,Сонгинохайрхан,4-р хороо,Толгойт-6 /18105/,
1427683,ТАЗ1705649782304,,Polygon,106.952108,47.914258,"Авто зам, замын байгууламжийн архитектур төлөвлөлтийн даалгавар",,,,Баянзүрх,14-р хороо,14-р хороолол-6 /13335/,
1427684,ТАЗ1705653317588,,Polygon,106.846651,47.955409,"Авто зам, замын байгууламжийн архитектур төлөвлөлтийн даалгавар",,,,Сонгинохайрхан,11-р хороо,Наран-1 /18140/,
1427685,ТАЗ1705653594446,,Polygon,106.846966,47.955398,"Авто зам, замын байгууламжийн архитектур төлөвлөлтийн даалгавар",,,,Сонгинохайрхан,11-р хороо,Наран-1 /18140/,
1427842,ТАЗ1705998828245,,Polygon,106.77525,47.86231,"Авто зам, замын байгууламжийн архитектур төлөвлөлтийн даалгавар",,,,Хан-Уул,16-р хороо,Буянт Ухаа  хороолол-1 /17120/,
1427844,ТАЗ1705999188430,,Polygon,106.775026,47.861918,"Авто зам, замын байгууламжийн архитектур төлөвлөлтийн даалгавар",,,,Хан-Уул,16-р хороо,Буянт Ухаа  хороолол-1 /17120/,
1427845,ТАЗ1705999188516,,Polygon,106.774866,47.862089,"Авто зам, замын байгууламжийн архитектур төлөвлөлтийн даалгавар",,,,Хан-Уул,16-р хороо,Буянт Ухаа  хороолол-1 /17120/,
1427846,ТАЗ1705999188592,,Polygon,106.777762,47.862684,"Авто зам, замын байгууламжийн архитектур төлөвлөлтийн даалгавар",,,,Хан-Уул,16-р хороо,Буянт Ухаа  хороолол-1 /17120/,
1427847,ТАЗ1705999188649,,Polygon,106.778145,47.86247,"Авто зам, замын байгууламжийн архитектур төлөвлөлтийн даалгавар",,,,Хан-Уул,16-р хороо,Буянт Ухаа  хороолол-1 /17120/,
1427848,ТАЗ1705999188717,,Polygon,106.778375,47.862798,"Авто зам, замын байгууламжийн архитектур төлөвлөлтийн даалгавар",,,,Хан-Уул,16-р хороо,Буянт Ухаа  хороолол-1 /17120/,
1427852,ТТА161706054836586,,Polygon,106.775262,47.862307,"Авто зам, замын байгууламжийн архитектур төлөвлөлтийн даалгавар",Авто замын барилга,"Авто зам, замын байгууламж",ХЕТ2022/00-12,Хан-Уул,16-р хороо,Буянт Ухаа  хороолол-1 /17120/,
1427920,ТАЗ1706235660193,,Polygon,106.811452,47.90773,"Авто зам, замын байгууламжийн архитектур төлөвлөлтийн даалгавар",,,,Баянгол,20-р хороо,Үйлдвэрийн баруун бүс-2 /16101/,
1427928,ТАЗ1706237169705,,Polygon,106.811527,47.907484,"Авто зам, замын байгууламжийн архитектур төлөвлөлтийн даалгавар",,,,Баянгол,20-р хороо,Үйлдвэрийн баруун бүс-2 /16101/,
1427929,ТАЗ1706237169872,,Polygon,106.811467,47.907651,"Авто зам, замын байгууламжийн архитектур төлөвлөлтийн даалгавар",,,,Баянгол,20-р хороо,Үйлдвэрийн баруун бүс-2 /16101/,
1427938,ТАЗ1706246519502,,Polygon,106.813308,47.908141,"Авто зам, замын байгууламжийн архитектур төлөвлөлтийн даалгавар",,,,Баянгол,20-р хороо,"Үйлдвэрийн баруун бүс-2 /16101/, Үйлдвэрийн баруун бүс-3 /16102/",
1427939,ТАЗ1706246601029,,Polygon,106.801644,47.908479,"Авто зам, замын байгууламжийн архитектур төлөвлөлтийн даалгавар",,,,Баянгол,20-р хороо,Үйлдвэрийн баруун бүс-2 /16101/,
1427940,ТАЗ1706246601127,,Polygon,106.801525,47.908629,"Авто зам, замын байгууламжийн архитектур төлөвлөлтийн даалгавар",,,,Баянгол,20-р хороо,"Үйлдвэрийн баруун бүс-2 /16101/, Үйлдвэрийн баруун бүс-3 /16102/",
1427941,ТАЗ1706246601234,,Polygon,106.808745,47.908856,"Авто зам, замын байгууламжийн архитектур төлөвлөлтийн даалгавар",,,,Баянгол,20-р хороо,Үйлдвэрийн баруун бүс-2 /16101/,
1427942,ТАЗ1706246601335,,Polygon,106.802598,47.908729,"Авто зам, замын байгууламжийн архитектур төлөвлөлтийн даалгавар",,,,Баянгол,20-р хороо,Үйлдвэрийн баруун бүс-2 /16101/,
1427943,ТАЗ1706246601395,,Polygon,106.803613,47.908798,"Авто зам, замын байгууламжийн архитектур төлөвлөлтийн даалгавар",,,,Баянгол,20-р хороо,Үйлдвэрийн баруун бүс-2 /16101/,
1427944,ТАЗ1706246601449,,Polygon,106.80438,47.908843,"Авто зам, замын байгууламжийн архитектур төлөвлөлтийн даалгавар",,,,Баянгол,20-р хороо,Үйлдвэрийн баруун бүс-2 /16101/,
1427945,ТАЗ1706246601501,,Polygon,106.805688,47.908843,"Авто зам, замын байгууламжийн архитектур төлөвлөлтийн даалгавар",,,,Баянгол,20-р хороо,Үйлдвэрийн баруун бүс-2 /16101/,
1427946,ТАЗ1706246601561,,Polygon,106.807338,47.908689,"Авто зам, замын байгууламжийн архитектур төлөвлөлтийн даалгавар",,,,Баянгол,20-р хороо,Үйлдвэрийн баруун бүс-2 /16101/,
1427947,ТАЗ1706246601630,,Polygon,106.808158,47.908283,"Авто зам, замын байгууламжийн архитектур төлөвлөлтийн даалгавар",,,,Баянгол,20-р хороо,Үйлдвэрийн баруун бүс-2 /16101/,
1427948,ТАЗ1706246601695,,Polygon,106.808181,47.907646,"Авто зам, замын байгууламжийн архитектур төлөвлөлтийн даалгавар",,,,Баянгол,20-р хороо,Үйлдвэрийн баруун бүс-2 /16101/,
1427949,ТАЗ1706246601759,,Polygon,106.811124,47.908094,"Авто зам, замын байгууламжийн архитектур төлөвлөлтийн даалгавар",,,,Баянгол,20-р хороо,Үйлдвэрийн баруун бүс-2 /16101/,
1427950,ТАЗ1706246601841,,Polygon,106.819604,47.908109,"Авто зам, замын байгууламжийн архитектур төлөвлөлтийн даалгавар",,,,Баянгол,20-р хороо,Үйлдвэрийн баруун бүс-2 /16101/,
1427951,ТАЗ1706246601940,,Polygon,106.825309,47.908166,"Авто зам, замын байгууламжийн архитектур төлөвлөлтийн даалгавар",,,,Баянгол,20-р хороо,Үйлдвэрийн баруун бүс-2 /16101/,
1427953,ТАЗ1706247803638,,Polygon,106.820734,47.908735,"Авто зам, замын байгууламжийн архитектур төлөвлөлтийн даалгавар",,,,Баянгол,20-р хороо,Үйлдвэрийн баруун бүс-2 /16101/,
1427954,ТТА181706248109594,,Polygon,106.813308,47.908141,"Авто зам, замын байгууламжийн архитектур төлөвлөлтийн даалгавар",Авто замын барилга,Нийслэлийн замын хөгжлийн газар,ЗД-БГД/2021/-034,Баянгол,20-р хороо,"Үйлдвэрийн баруун бүс-2 /16101/, Үйлдвэрийн баруун бүс-3 /16102/",
1428122,ТТА171706864519604,,Polygon,107.227711,47.936657,"Авто зам, замын байгууламжийн архитектур төлөвлөлтийн даалгавар",Авто замын барилга,,МЗХ2024/04-003,Баянзүрх,20-р хороо,"Арцат /13012/, Хуандай /13011/",
1428223,ТТА121707205109710,,Polygon,106.757125,47.861493,"Авто зам, замын байгууламжийн архитектур төлөвлөлтийн даалгавар",Авто замын барилга,,МЗХ2024/05-003,Хан-Уул,10-р хороо,Буянт Ухаа хороолол-3 /17122/,
1428372,ТАЗ1707447417863,,Polygon,106.585457,48.075241,"Авто зам, замын байгууламжийн архитектур төлөвлөлтийн даалгавар",,,,Сонгинохайрхан,21-р хороо,361-ын гарам /18410/,
1428373,ТАЗ1707447417977,,Polygon,106.58595,48.075123,"Авто зам, замын байгууламжийн архитектур төлөвлөлтийн даалгавар",,,,Сонгинохайрхан,21-р хороо,361-ын гарам /18410/,
1428374,ТАЗ1707447418057,,Polygon,106.585989,48.07528,"Авто зам, замын байгууламжийн архитектур төлөвлөлтийн даалгавар",,,,Сонгинохайрхан,21-р хороо,361-ын гарам /18410/,
1428375,ТАЗ1707447418137,,Polygon,106.585616,48.07537,"Авто зам, замын байгууламжийн архитектур төлөвлөлтийн даалгавар",,,,Сонгинохайрхан,21-р хороо,361-ын гарам /18410/,
1428376,ТАЗ1707447418217,,Polygon,106.586444,48.075439,"Авто зам, замын байгууламжийн архитектур төлөвлөлтийн даалгавар",,,,Сонгинохайрхан,21-р хороо,361-ын гарам /18410/,
1428377,ТАЗ1707447418297,,Polygon,106.585706,48.075882,"Авто зам, замын байгууламжийн архитектур төлөвлөлтийн даалгавар",,,,Сонгинохайрхан,21-р хороо,361-ын гарам /18410/,
1428378,ТАЗ1707447418377,,Polygon,106.586545,48.076144,"Авто зам, замын байгууламжийн архитектур төлөвлөлтийн даалгавар",,,,Сонгинохайрхан,21-р хороо,361-ын гарам /18410/,
1428379,ТАЗ1707447418480,,Polygon,106.586198,48.076232,"Авто зам, замын байгууламжийн архитектур төлөвлөлтийн даалгавар",,,,Сонгинохайрхан,21-р хороо,361-ын гарам /18410/,
1428380,ТАЗ1707447418577,,Polygon,106.586783,48.076386,"Авто зам, замын байгууламжийн архитектур төлөвлөлтийн даалгавар",,,,Сонгинохайрхан,21-р хороо,361-ын гарам /18410/,
1428381,ТАЗ1707447418674,,Polygon,106.586368,48.076492,"Авто зам, замын байгууламжийн архитектур төлөвлөлтийн даалгавар",,,,Сонгинохайрхан,21-р хороо,361-ын гарам /18410/,
1428382,ТАЗ1707447418766,,Polygon,106.586622,48.076794,"Авто зам, замын байгууламжийн архитектур төлөвлөлтийн даалгавар",,,,Сонгинохайрхан,21-р хороо,361-ын гарам /18410/,
1428383,ТАЗ1707447418834,,Polygon,106.586918,48.076702,"Авто зам, замын байгууламжийн архитектур төлөвлөлтийн даалгавар",,,,Сонгинохайрхан,21-р хороо,361-ын гарам /18410/,
1428384,ТАЗ1707447418909,,Polygon,106.586956,48.076815,"Авто зам, замын байгууламжийн архитектур төлөвлөлтийн даалгавар",,,,Сонгинохайрхан,21-р хороо,361-ын гарам /18410/,
1428385,ТАЗ1707447418988,,Polygon,106.587091,48.076766,"Авто зам, замын байгууламжийн архитектур төлөвлөлтийн даалгавар",,,,Сонгинохайрхан,21-р хороо,361-ын гарам /18410/,
1428386,ТАЗ1707447419069,,Polygon,106.587239,48.076974,"Авто зам, замын байгууламжийн архитектур төлөвлөлтийн даалгавар",,,,Сонгинохайрхан,21-р хороо,361-ын гарам /18410/,
1428387,ТАЗ1707447419172,,Polygon,106.586747,48.0771,"Авто зам, замын байгууламжийн архитектур төлөвлөлтийн даалгавар",,,,Сонгинохайрхан,21-р хороо,361-ын гарам /18410/,
1428388,ТАЗ1707447419269,,Polygon,106.587429,48.077308,"Авто зам, замын байгууламжийн архитектур төлөвлөлтийн даалгавар",,,,Сонгинохайрхан,21-р хороо,361-ын гарам /18410/,
1428389,ТАЗ1707447419366,,Polygon,106.586937,48.077433,"Авто зам, замын байгууламжийн архитектур төлөвлөлтийн даалгавар",,,,Сонгинохайрхан,21-р хороо,361-ын гарам /18410/,
1428390,ТАЗ1707447419463,,Polygon,106.587127,48.077767,"Авто зам, замын байгууламжийн архитектур төлөвлөлтийн даалгавар",,,,Сонгинохайрхан,21-р хороо,361-ын гарам /18410/,
1428391,ТАЗ1707447419560,,Polygon,106.587618,48.077642,"Авто зам, замын байгууламжийн архитектур төлөвлөлтийн даалгавар",,,,Сонгинохайрхан,21-р хороо,361-ын гарам /18410/,
1428392,ТАЗ1707447419657,,Polygon,106.587808,48.077975,"Авто зам, замын байгууламжийн архитектур төлөвлөлтийн даалгавар",,,,Сонгинохайрхан,21-р хороо,361-ын гарам /18410/,
1428393,ТАЗ1707447419754,,Polygon,106.587316,48.078101,"Авто зам, замын байгууламжийн архитектур төлөвлөлтийн даалгавар",,,,Сонгинохайрхан,21-р хороо,361-ын гарам /18410/,
1428394,ТАЗ1707447419874,,Polygon,106.587408,48.078403,"Авто зам, замын байгууламжийн архитектур төлөвлөлтийн даалгавар",,,,Сонгинохайрхан,21-р хороо,361-ын гарам /18410/,
1428395,ТАЗ1707447419994,,Polygon,106.587476,48.078523,"Авто зам, замын байгууламжийн архитектур төлөвлөлтийн даалгавар",,,,Сонгинохайрхан,21-р хороо,361-ын гарам /18410/,
1428396,ТАЗ1707447420109,,Polygon,106.587704,48.078494,"Авто зам, замын байгууламжийн архитектур төлөвлөлтийн даалгавар",,,,Сонгинохайрхан,21-р хороо,361-ын гарам /18410/,
1428397,ТАЗ1707447420189,,Polygon,106.587903,48.078414,"Авто зам, замын байгууламжийн архитектур төлөвлөлтийн даалгавар",,,,Сонгинохайрхан,21-р хороо,361-ын гарам /18410/,
1428398,ТАЗ1707447420292,,Polygon,106.588232,48.078332,"Авто зам, замын байгууламжийн архитектур төлөвлөлтийн даалгавар",,,,Сонгинохайрхан,21-р хороо,361-ын гарам /18410/,
1428407,ТАЗ1707448459910,,Polygon,106.586863,48.076803,"Авто зам, замын байгууламжийн архитектур төлөвлөлтийн даалгавар",,"Авто зам, зогсоол",МЗХ2023/07-001,Сонгинохайрхан,21-р хороо,361-ын гарам /18410/,
1428437,ТАЗ1707806255537,,Polygon,106.905721,47.934953,"Авто зам, замын байгууламжийн архитектур төлөвлөлтийн даалгавар",,,,Чингэлтэй,9-р хороо,Дэнжийн мянга-2 /15121/,
1428438,ТАЗ1707806255646,,Polygon,106.905269,47.934921,"Авто зам, замын байгууламжийн архитектур төлөвлөлтийн даалгавар",,,,Чингэлтэй,9-р хороо,Дэнжийн мянга-2 /15121/,
1428487,ТАЗ1707893305551,,Polygon,106.932028,47.932913,"Авто зам, замын байгууламжийн архитектур төлөвлөлтийн даалгавар",,,,Баянзүрх,29-р хороо,Дарь эх-3 /13351/,
1428595,ТАЗ1708076199350,,Polygon,107.162922,47.811045,"Авто зам, замын байгууламжийн архитектур төлөвлөлтийн даалгавар",,,,Баянзүрх,11-р хороо,Хонхор /13090/,
1428607,ТАЗ1708307925142,,Polygon,106.670793,47.859236,"Авто зам, замын байгууламжийн архитектур төлөвлөлтийн даалгавар",,,,Хан-Уул,12-р хороо,Сонгины амралтын хэсэг /17144/,
1428625,ТАЗ1708327035769,,Polygon,106.92307,47.95591,"Авто зам, замын байгууламжийн архитектур төлөвлөлтийн даалгавар",,,,Сүхбаатар,13-р хороо,5 буудал /14160/,
1428634,ТТА131708330622321,,Polygon,106.734837,47.894905,"Авто зам, замын байгууламжийн архитектур төлөвлөлтийн даалгавар",Авто замын барилга,,МЗХ2024/05-005,Сонгинохайрхан,20-р хороо,Сонсголон-6 /18135/,
1429112,ТАЗ1708654025829,,Polygon,106.832036,47.859903,"Авто зам, замын байгууламжийн архитектур төлөвлөлтийн даалгавар",,,,Хан-Уул,23-р хороо,Арцатын ам /17100/,
1429113,ТАЗ1708654026478,,Polygon,106.830555,47.860992,"Авто зам, замын байгууламжийн архитектур төлөвлөлтийн даалгавар",,,,Хан-Уул,23-р хороо,Арцатын ам /17100/,
1429114,ТАЗ1708654026598,,Polygon,106.832519,47.861254,"Авто зам, замын байгууламжийн архитектур төлөвлөлтийн даалгавар",,,,Хан-Уул,23-р хороо,Арцатын ам /17100/,
1429115,ТАЗ1708654131964,,Polygon,106.831872,47.860504,"Авто зам, замын байгууламжийн архитектур төлөвлөлтийн даалгавар",,,,Хан-Уул,23-р хороо,Арцатын ам /17100/,
1429132,ТАЗ1708915098899,,Polygon,106.762582,47.825403,"Авто зам, замын байгууламжийн архитектур төлөвлөлтийн даалгавар",,,,Хан-Уул,21-р хороо,28-р хороолол /17130/,
1429133,ТАЗ1708915099063,,Polygon,106.762747,47.822023,"Авто зам, замын байгууламжийн архитектур төлөвлөлтийн даалгавар",,,,Хан-Уул,"8-р хороо, 21-р хороо","28-р хороолол /17130/, Тайны ам /17132/, Морин-2 /17133/",Өлзийтийн зам
1429135,ТАЗ1708915099490,,Polygon,106.752914,47.823806,"Авто зам, замын байгууламжийн архитектур төлөвлөлтийн даалгавар",,,,Хан-Уул,"8-р хороо, 21-р хороо","28-р хороолол /17130/, Морин-2 /17133/",Өлзийтийн зам
1429136,ТАЗ1708915121163,,Polygon,106.757278,47.823834,"Авто зам, замын байгууламжийн архитектур төлөвлөлтийн даалгавар",,,,Хан-Уул,21-р хороо,28-р хороолол /17130/,
1429137,ТАЗ1708915121270,,Polygon,106.759048,47.823062,"Авто зам, замын байгууламжийн архитектур төлөвлөлтийн даалгавар",,,,Хан-Уул,"8-р хороо, 21-р хороо","28-р хороолол /17130/, Тайны ам /17132/, Морин-2 /17133/",
1429138,ТАЗ1708915121574,,Polygon,106.759328,47.825572,"Авто зам, замын байгууламжийн архитектур төлөвлөлтийн даалгавар",,,,Хан-Уул,21-р хороо,28-р хороолол /17130/,
1429258,ТТА171709171342770,,Polygon,106.978223,47.926385,"Авто зам, замын байгууламжийн архитектур төлөвлөлтийн даалгавар",Авто замын барилга,,МЗХ2024/07-001,Баянзүрх,19-р хороо,Цайз /13291/,
1429332,ТАЗ1709284133380,,Polygon,106.853244,47.920163,"Авто зам, замын байгууламжийн архитектур төлөвлөлтийн даалгавар",,,,Баянгол,21-р хороо,3-р хороолол-6 /16095/,
1429336,ТАЗ1709443213721,,Polygon,106.898354,47.89461,"Авто зам, замын байгууламжийн архитектур төлөвлөлтийн даалгавар",,,,Хан-Уул,19-р хороо,Үйлдвэр 2-3 /17042/,
1429362,ТТА141709534307394,,Polygon,106.871108,47.912657,"Авто зам, замын байгууламжийн архитектур төлөвлөлтийн даалгавар",Авто замын барилга,,МЗХ2024/07-009,Баянгол,25-р хороо,Үйлдвэрийн төвийн бүс-1 /16010/,
1429367,ТАЗ1709541397535,,Polygon,106.891428,47.913364,"Авто зам, замын байгууламжийн архитектур төлөвлөлтийн даалгавар",,,,Баянгол,3-р хороо,2-р хороолол-2 /16051/,
1429368,ТАЗ1709541397799,,Polygon,106.891888,47.912287,"Авто зам, замын байгууламжийн архитектур төлөвлөлтийн даалгавар",,,,Баянгол,3-р хороо,2-р хороолол-2 /16051/,
1429411,ТТА131709626877786,,Polygon,106.557892,47.753378,"Авто зам, замын байгууламжийн архитектур төлөвлөлтийн даалгавар",Авто замын барилга,,МЗХ2024/00-108,Хан-Уул,13-р хороо,Шувуун фабрик-2 /17172/,
1429457,ТАЗ1709795149735,,Polygon,106.816255,47.915894,"Авто зам, замын байгууламжийн архитектур төлөвлөлтийн даалгавар",,,,Сонгинохайрхан,19-р хороо,21-р хороолол-2 /18081/,
1429458,ТАЗ1709795343060,,Polygon,106.816777,47.915918,"Авто зам, замын байгууламжийн архитектур төлөвлөлтийн даалгавар",,,,Сонгинохайрхан,19-р хороо,21-р хороолол-2 /18081/,
1429598,ТТА181710147236108,,Polygon,106.843051,47.873521,"Авто зам, замын байгууламжийн архитектур төлөвлөлтийн даалгавар",Авто замын барилга,Дүүжин тээврийн урд буудал төлөвлөлт,МЗХ2024/00-078,Хан-Уул,23-р хороо,Хүүшийн ам /17080/,
1429686,ТАЗ1710320760659,,Polygon,106.746026,47.913286,"Авто зам, замын байгууламжийн архитектур төлөвлөлтийн даалгавар",,,,Сонгинохайрхан,22-р хороо,Орбит-3 /18172/,
1429688,ТАЗ1710321783831,,Polygon,106.745661,47.913359,"Авто зам, замын байгууламжийн архитектур төлөвлөлтийн даалгавар",,,,Сонгинохайрхан,22-р хороо,Орбит-3 /18172/,
1429707,ТТА181710393754829,,Polygon,106.952554,47.93465,"Авто зам, замын байгууламжийн архитектур төлөвлөлтийн даалгавар",Авто замын барилга,,МЗХ2024/00-093,Баянзүрх,2-р хороо,Цэргийн хотхон /13360/,
1429838,ТТА181710742633918,,Polygon,107.252734,47.785118,"Авто зам, замын байгууламжийн архитектур төлөвлөлтийн даалгавар",Авто замын барилга,,МЗХ2024/00-123,Налайх,"7-р хороо, 1-р хороо","Өвөр шанд /12810/, Уурхайчин /12750/",
1429901,ТАЗ1710834713180,,Polygon,106.651111,47.899632,"Авто зам, замын байгууламжийн архитектур төлөвлөлтийн даалгавар",,,,Сонгинохайрхан,32-р хороо,Баруун туруун-2 /18341/,
1429912,ТТА131710838797499,,Polygon,106.80018,47.976403,"Авто зам, замын байгууламжийн архитектур төлөвлөлтийн даалгавар",Авто замын барилга,"Авто зам, замын байгууламж",МЗХ2022/38-011,Сонгинохайрхан,24-р хороо,"Толгойтын баруун салаа-2 /18151/, Толгойтын баруун салаа-1 /18150/",
1429915,ТАЗ1710895875054,,Polygon,106.800203,47.976393,"Авто зам, замын байгууламжийн архитектур төлөвлөлтийн даалгавар",,,,Сонгинохайрхан,24-р хороо,"Толгойтын баруун салаа-2 /18151/, Толгойтын баруун салаа-1 /18150/",
1429919,ТАЗ1710898481100,,Polygon,106.804262,47.975923,"Авто зам, замын байгууламжийн архитектур төлөвлөлтийн даалгавар",,,,Сонгинохайрхан,24-р хороо,Толгойтын баруун салаа-2 /18151/,
1429920,ТАЗ1710898481180,,Polygon,106.799981,47.976536,"Авто зам, замын байгууламжийн архитектур төлөвлөлтийн даалгавар",,,,Сонгинохайрхан,24-р хороо,Толгойтын баруун салаа-2 /18151/,
1429921,ТАЗ1710898481262,,Polygon,106.804426,47.9758,"Авто зам, замын байгууламжийн архитектур төлөвлөлтийн даалгавар",,,,Сонгинохайрхан,24-р хороо,Толгойтын баруун салаа-2 /18151/,
1429927,ТТА181710901965517,,Polygon,106.809909,47.925053,"Авто зам, замын байгууламжийн архитектур төлөвлөлтийн даалгавар",Авто замын барилга,"Авто зам, замын байгууламж",МЗХ2022/38-012,Сонгинохайрхан,27-р хороо,21-р хороолол-3 /18082/,
1429930,ТАЗ1710902671108,,Polygon,106.809883,47.925065,"Авто зам, замын байгууламжийн архитектур төлөвлөлтийн даалгавар",,,,Сонгинохайрхан,27-р хороо,21-р хороолол-3 /18082/,
1429931,ТАЗ1710903047154,,Polygon,106.809781,47.925425,"Авто зам, замын байгууламжийн архитектур төлөвлөлтийн даалгавар",,,,Сонгинохайрхан,27-р хороо,21-р хороолол-3 /18082/,
1429932,ТАЗ1710903047238,,Polygon,106.809634,47.925176,"Авто зам, замын байгууламжийн архитектур төлөвлөлтийн даалгавар",,,,Сонгинохайрхан,27-р хороо,21-р хороолол-3 /18082/,
1429933,ТАЗ1710903047294,,Polygon,106.809424,47.924907,"Авто зам, замын байгууламжийн архитектур төлөвлөлтийн даалгавар",,,,Сонгинохайрхан,27-р хороо,21-р хороолол-3 /18082/,
1429934,ТАЗ1710903047365,,Polygon,106.80994,47.92466,"Авто зам, замын байгууламжийн архитектур төлөвлөлтийн даалгавар",,,,Сонгинохайрхан,27-р хороо,21-р хороолол-3 /18082/,
1429935,ТАЗ1710903047422,,Polygon,106.810486,47.924794,"Авто зам, замын байгууламжийн архитектур төлөвлөлтийн даалгавар",,,,Сонгинохайрхан,27-р хороо,21-р хороолол-3 /18082/,
1429936,ТАЗ1710903047485,,Polygon,106.810618,47.925061,"Авто зам, замын байгууламжийн архитектур төлөвлөлтийн даалгавар",,,,Сонгинохайрхан,27-р хороо,21-р хороолол-3 /18082/,
1429937,ТАЗ1710903047549,,Polygon,106.808949,47.92496,"Авто зам, замын байгууламжийн архитектур төлөвлөлтийн даалгавар",,,,Сонгинохайрхан,27-р хороо,21-р хороолол-3 /18082/,
1429938,ТАЗ1710903047622,,Polygon,106.809561,47.924544,"Авто зам, замын байгууламжийн архитектур төлөвлөлтийн даалгавар",,,,Сонгинохайрхан,27-р хороо,21-р хороолол-3 /18082/,
1429939,ТАЗ1710903047682,,Polygon,106.810436,47.924661,"Авто зам, замын байгууламжийн архитектур төлөвлөлтийн даалгавар",,,,Сонгинохайрхан,27-р хороо,21-р хороолол-3 /18082/,
1429942,ТТА181710904106653,,Polygon,106.842128,47.964017,"Авто зам, замын байгууламжийн архитектур төлөвлөлтийн даалгавар",Авто замын барилга,,МЗХ2024/00-112,Сонгинохайрхан,10-р хороо,Баянхошуу-1 /18010/,
1429948,ТТА181710905123223,,Polygon,106.792418,47.932546,"Авто зам, замын байгууламжийн архитектур төлөвлөлтийн даалгавар",Авто замын барилга,"Авто зам, замын байгууламж",МЗХ2022/38-007,Сонгинохайрхан,36-р хороо,Толгойт-6 /18105/,
1429950,ТАЗ1710905556993,,Polygon,106.79244,47.93247,"Авто зам, замын байгууламжийн архитектур төлөвлөлтийн даалгавар",,,,Сонгинохайрхан,36-р хороо,Толгойт-6 /18105/,
1429951,ТАЗ1710905966768,,Polygon,106.793212,47.932361,"Авто зам, замын байгууламжийн архитектур төлөвлөлтийн даалгавар",,,,Сонгинохайрхан,36-р хороо,Толгойт-6 /18105/,
1429952,ТАЗ1710905966879,,Polygon,106.791779,47.932282,"Авто зам, замын байгууламжийн архитектур төлөвлөлтийн даалгавар",,,,Сонгинохайрхан,36-р хороо,Толгойт-6 /18105/,
1429953,ТАЗ1710905966956,,Polygon,106.792257,47.932908,"Авто зам, замын байгууламжийн архитектур төлөвлөлтийн даалгавар",,,,Сонгинохайрхан,36-р хороо,Толгойт-6 /18105/,
1429954,ТАЗ1710905967028,,Polygon,106.792916,47.932129,"Авто зам, замын байгууламжийн архитектур төлөвлөлтийн даалгавар",,,,Сонгинохайрхан,36-р хороо,Толгойт-6 /18105/,
1429955,ТАЗ1710905967091,,Polygon,106.792375,47.932437,"Авто зам, замын байгууламжийн архитектур төлөвлөлтийн даалгавар",,,,Сонгинохайрхан,36-р хороо,Толгойт-6 /18105/,
1429956,ТТА181710907088062,,Polygon,106.963002,47.926346,"Авто зам, замын байгууламжийн архитектур төлөвлөлтийн даалгавар",Авто замын барилга,"Авто зам, замын байгууламж",230103010,Баянзүрх,31-р хороо,"Цэргийн хотхон /13360/, Алтан-Өлгий /13292/",
1429957,ТАЗ1710911872938,,Polygon,106.963002,47.926346,"Авто зам, замын байгууламжийн архитектур төлөвлөлтийн даалгавар",,,,Баянзүрх,31-р хороо,"Цэргийн хотхон /13360/, Алтан-Өлгий /13292/",
1429958,ТАЗ1710912199503,,Polygon,106.963136,47.924074,"Авто зам, замын байгууламжийн архитектур төлөвлөлтийн даалгавар",,,,Баянзүрх,31-р хороо,Алтан-Өлгий /13292/,
1429959,ТАЗ1710912199612,,Polygon,106.963259,47.924545,"Авто зам, замын байгууламжийн архитектур төлөвлөлтийн даалгавар",,,,Баянзүрх,31-р хороо,Алтан-Өлгий /13292/,
1429960,ТАЗ1710912199677,,Polygon,106.963215,47.925087,"Авто зам, замын байгууламжийн архитектур төлөвлөлтийн даалгавар",,,,Баянзүрх,31-р хороо,Алтан-Өлгий /13292/,
1429961,ТАЗ1710912199739,,Polygon,106.963158,47.925689,"Авто зам, замын байгууламжийн архитектур төлөвлөлтийн даалгавар",,,,Баянзүрх,31-р хороо,Алтан-Өлгий /13292/,
1429962,ТАЗ1710912199805,,Polygon,106.963065,47.928811,"Авто зам, замын байгууламжийн архитектур төлөвлөлтийн даалгавар",,,,Баянзүрх,31-р хороо,Алтан-Өлгий /13292/,
1429963,ТАЗ1710912199877,,Polygon,106.963049,47.928591,"Авто зам, замын байгууламжийн архитектур төлөвлөлтийн даалгавар",,,,Баянзүрх,31-р хороо,Алтан-Өлгий /13292/,
1429964,ТАЗ1710912199948,,Polygon,106.96299,47.928206,"Авто зам, замын байгууламжийн архитектур төлөвлөлтийн даалгавар",,,,Баянзүрх,31-р хороо,Алтан-Өлгий /13292/,
1429965,ТАЗ1710912200130,,Polygon,106.962978,47.927888,"Авто зам, замын байгууламжийн архитектур төлөвлөлтийн даалгавар",,,,Баянзүрх,31-р хороо,Алтан-Өлгий /13292/,
1429966,ТАЗ1710912200242,,Polygon,106.962995,47.927681,"Авто зам, замын байгууламжийн архитектур төлөвлөлтийн даалгавар",,,,Баянзүрх,31-р хороо,Алтан-Өлгий /13292/,
1429967,ТАЗ1710912200327,,Polygon,106.963013,47.927472,"Авто зам, замын байгууламжийн архитектур төлөвлөлтийн даалгавар",,,,Баянзүрх,31-р хороо,Алтан-Өлгий /13292/,
1429968,ТАЗ1710912200405,,Polygon,106.963029,47.927284,"Авто зам, замын байгууламжийн архитектур төлөвлөлтийн даалгавар",,,,Баянзүрх,31-р хороо,Алтан-Өлгий /13292/,
1429969,ТАЗ1710912200476,,Polygon,106.963043,47.927111,"Авто зам, замын байгууламжийн архитектур төлөвлөлтийн даалгавар",,,,Баянзүрх,31-р хороо,Алтан-Өлгий /13292/,
1429970,ТАЗ1710912200556,,Polygon,106.96311,47.926352,"Авто зам, замын байгууламжийн архитектур төлөвлөлтийн даалгавар",,,,Баянзүрх,31-р хороо,Алтан-Өлгий /13292/,
1429971,ТАЗ1710912200628,,Polygon,106.963064,47.926882,"Авто зам, замын байгууламжийн архитектур төлөвлөлтийн даалгавар",,,,Баянзүрх,31-р хороо,Алтан-Өлгий /13292/,
1429972,ТАЗ1710912200694,,Polygon,106.962874,47.927649,"Авто зам, замын байгууламжийн архитектур төлөвлөлтийн даалгавар",,,,Баянзүрх,31-р хороо,Цэргийн хотхон /13360/,
1429973,ТАЗ1710912200760,,Polygon,106.962901,47.927328,"Авто зам, замын байгууламжийн архитектур төлөвлөлтийн даалгавар",,,,Баянзүрх,31-р хороо,Цэргийн хотхон /13360/,
1429974,ТАЗ1710912200825,,Polygon,106.962909,47.927236,"Авто зам, замын байгууламжийн архитектур төлөвлөлтийн даалгавар",,,,Баянзүрх,31-р хороо,Цэргийн хотхон /13360/,
1429975,ТАЗ1710912200916,,Polygon,106.962923,47.92707,"Авто зам, замын байгууламжийн архитектур төлөвлөлтийн даалгавар",,,,Баянзүрх,31-р хороо,Цэргийн хотхон /13360/,
1429976,ТАЗ1710912200991,,Polygon,106.96295,47.926774,"Авто зам, замын байгууламжийн архитектур төлөвлөлтийн даалгавар",,,,Баянзүрх,31-р хороо,Цэргийн хотхон /13360/,
1429977,ТАЗ1710912201063,,Polygon,106.962983,47.926415,"Авто зам, замын байгууламжийн архитектур төлөвлөлтийн даалгавар",,,,Баянзүрх,31-р хороо,Цэргийн хотхон /13360/,
1429978,ТАЗ1710912201130,,Polygon,106.963004,47.926177,"Авто зам, замын байгууламжийн архитектур төлөвлөлтийн даалгавар",,,,Баянзүрх,31-р хороо,,
1429979,ТАЗ1710912201187,,Polygon,106.963012,47.925966,"Авто зам, замын байгууламжийн архитектур төлөвлөлтийн даалгавар",,,,Баянзүрх,31-р хороо,Алтан-Өлгий /13292/,
1429980,ТАЗ1710912201247,,Polygon,106.963036,47.925601,"Авто зам, замын байгууламжийн архитектур төлөвлөлтийн даалгавар",,,,Баянзүрх,31-р хороо,Алтан-Өлгий /13292/,
1429981,ТАЗ1710912201312,,Polygon,106.963081,47.925179,"Авто зам, замын байгууламжийн архитектур төлөвлөлтийн даалгавар",,,,Баянзүрх,31-р хороо,Цэргийн хотхон /13360/,
1429982,ТАЗ1710912201375,,Polygon,106.963131,47.924654,"Авто зам, замын байгууламжийн архитектур төлөвлөлтийн даалгавар",,,,Баянзүрх,31-р хороо,Цэргийн хотхон /13360/,
1429983,ТАЗ1710912201438,,Polygon,106.963014,47.924236,"Авто зам, замын байгууламжийн архитектур төлөвлөлтийн даалгавар",,,,Баянзүрх,31-р хороо,Цэргийн хотхон /13360/,
1429984,ТАЗ1710912201501,,Polygon,106.962891,47.92745,"Авто зам, замын байгууламжийн архитектур төлөвлөлтийн даалгавар",,,,Баянзүрх,31-р хороо,Цэргийн хотхон /13360/,
1429985,ТАЗ1710912201563,,Polygon,106.962802,47.923956,"Авто зам, замын байгууламжийн архитектур төлөвлөлтийн даалгавар",,,,Баянзүрх,31-р хороо,Цэргийн хотхон /13360/,
1429986,ТАЗ1710912201633,,Polygon,106.962858,47.928625,"Авто зам, замын байгууламжийн архитектур төлөвлөлтийн даалгавар",,,,Баянзүрх,31-р хороо,"Цэргийн хотхон /13360/, Алтан-Өлгий /13292/",
1429987,ТАЗ1710912201722,,Polygon,106.962852,47.928075,"Авто зам, замын байгууламжийн архитектур төлөвлөлтийн даалгавар",,,,Баянзүрх,31-р хороо,Цэргийн хотхон /13360/,
1430157,ТАЗ1711074371006,,Polygon,106.763757,47.85812,"Авто зам, замын байгууламжийн архитектур төлөвлөлтийн даалгавар",,,,Хан-Уул,16-р хороо,Буянт Ухаа  хороолол-1 /17120/,
1430158,ТАЗ1711074371112,,Polygon,106.763572,47.858263,"Авто зам, замын байгууламжийн архитектур төлөвлөлтийн даалгавар",,,,Хан-Уул,16-р хороо,Буянт Ухаа  хороолол-1 /17120/,
1430185,ТАЗ1711078208244,,Polygon,107.47765,47.346618,"Авто зам, замын байгууламжийн архитектур төлөвлөлтийн даалгавар",,,,Багахангай,1-р хороо,"Өндөр толгой /12330/, Үйлдвэрийн хэсэг /12340/, Өртөөний хэсэг /12310/",
1430554,ТАЗ1711338912878,,Polygon,106.792507,47.886448,"Авто зам, замын байгууламжийн архитектур төлөвлөлтийн даалгавар",,,,Баянгол,20-р хороо,Үйлдвэрийн баруун бүс-4 /16103/,
1430564,ТАЗ1711343909611,,Polygon,106.792399,47.886908,"Авто зам, замын байгууламжийн архитектур төлөвлөлтийн даалгавар",,,,Баянгол,20-р хороо,Үйлдвэрийн баруун бүс-4 /16103/,
1430619,ТАЗ1711437330362,,Polygon,106.988166,47.906155,"Авто зам, замын байгууламжийн архитектур төлөвлөлтийн даалгавар",,,,Баянзүрх,37-р хороо,Амгалан-3 /13271/,
1430620,ТАЗ1711437330475,,Polygon,106.987507,47.906094,"Авто зам, замын байгууламжийн архитектур төлөвлөлтийн даалгавар",,,,Баянзүрх,37-р хороо,Амгалан-3 /13271/,
1430621,ТАЗ1711437330545,,Polygon,106.988389,47.906046,"Авто зам, замын байгууламжийн архитектур төлөвлөлтийн даалгавар",,,,Баянзүрх,37-р хороо,Амгалан-3 /13271/,
1430785,ТТА151712020121942,,Polygon,106.760121,47.829032,"Авто зам, замын байгууламжийн архитектур төлөвлөлтийн даалгавар",Авто замын барилга,,МЗХ2024/00-125,Хан-Уул,21-р хороо,28-р хороолол /17130/,
1430971,ТАЗ1712648183493,,Polygon,106.686769,47.83525,"Авто зам, замын байгууламжийн архитектур төлөвлөлтийн даалгавар",,,,Хан-Уул,12-р хороо,"Морин-1 /17131/, Био комбинат-1 /17140/",
1431029,ТАЗ1712744693812,,Polygon,106.988634,47.909653,"Авто зам, замын байгууламжийн архитектур төлөвлөлтийн даалгавар",,,,Баянзүрх,37-р хороо,Амгалан-3 /13271/,
1431104,ТАЗ1712911611681,,Polygon,106.736726,47.911569,"Авто зам, замын байгууламжийн архитектур төлөвлөлтийн даалгавар",,,,Сонгинохайрхан,22-р хороо,Орбит-3 /18172/,
1431107,ТАЗ1712914570229,,Polygon,106.760476,47.864367,"Авто зам, замын байгууламжийн архитектур төлөвлөлтийн даалгавар",,Авто зам,ГБМЗХ2020/03-002,Хан-Уул,9-р хороо,"Буянт Ухаа хороолол-3 /17122/, Буянт Ухаа  хороолол-1 /17120/",Баруун Сонсголонгийн гудамж
1431111,ТАЗ1712915938931,,Polygon,106.760476,47.864367,"Авто зам, замын байгууламжийн архитектур төлөвлөлтийн даалгавар",,,,Хан-Уул,9-р хороо,"Буянт Ухаа хороолол-3 /17122/, Буянт Ухаа  хороолол-1 /17120/",Баруун Сонсголонгийн гудамж
1431112,ТАЗ1712915979138,,Polygon,107.022044,47.905679,"Авто зам, замын байгууламжийн архитектур төлөвлөлтийн даалгавар",,,,Баянзүрх,10-р хороо,Амгалан-1 /13260/,
1431113,ТАЗ1712916313386,,Polygon,106.760476,47.864367,"Авто зам, замын байгууламжийн архитектур төлөвлөлтийн даалгавар",,Авто зам,ГБМЗХ2020/03-002,Хан-Уул,9-р хороо,"Буянт Ухаа хороолол-3 /17122/, Буянт Ухаа  хороолол-1 /17120/",Баруун Сонсголонгийн гудамж
1431193,ТТА181713229160368,,Polygon,106.843831,47.920074,"Авто зам, замын байгууламжийн архитектур төлөвлөлтийн даалгавар",Авто замын барилга,,МЗХ2024/00-255,Сонгинохайрхан,43-р хороо,Өнөр хороолол /18040/,
1431194,ТТА181713229160985,,Polygon,106.857766,47.927371,"Авто зам, замын байгууламжийн архитектур төлөвлөлтийн даалгавар",Авто замын барилга,,МЗХ2024/00-255,Баянгол,"9-р хороо, 21-р хороо, 31-р хороо","3-р хороолол-5 /16094/, 3-р хороолол-6 /16095/, Наран-БГД /16070/",
1431195,ТТА181713229164020,,Polygon,106.863805,47.932191,"Авто зам, замын байгууламжийн архитектур төлөвлөлтийн даалгавар",Авто замын барилга,,МЗХ2024/00-255,Баянгол,"13-р хороо, 9-р хороо, 10-р хороо","3-р хороолол-2 /16091/, 3-р хороолол-4 /16093/, 3-р хороолол-6 /16095/, Наран-БГД /16070/",Хасбаатарын гудамж
1431197,ТТА181713229171152,,Polygon,106.852435,47.927293,"Авто зам, замын байгууламжийн архитектур төлөвлөлтийн даалгавар",Авто замын барилга,,МЗХ2024/00-255,"Баянгол, Сонгинохайрхан","21-р хороо, 31-р хороо, 31-р хороо","Өнөр хороолол /18040/, 3-р хороолол-5 /16094/, 3-р хороолол-6 /16095/",
1431199,ТТА181713229192166,,Polygon,106.843365,47.917776,"Авто зам, замын байгууламжийн архитектур төлөвлөлтийн даалгавар",Авто замын барилга,,МЗХ2024/00-255,Сонгинохайрхан,"43-р хороо, 14-р хороо","1-р хороолол-2 /18031/, Өнөр хороолол /18040/",Өнөр хорооллын гудамж
1431200,ТТА131713229192816,,Polygon,106.843197,47.926365,"Авто зам, замын байгууламжийн архитектур төлөвлөлтийн даалгавар",Авто замын барилга,,МЗХ2024/00-255,Сонгинохайрхан,43-р хороо,Өнөр хороолол /18040/,
1431202,ТТА181713229747718,,Polygon,106.865311,47.94306,"Авто зам, замын байгууламжийн архитектур төлөвлөлтийн даалгавар",Авто замын барилга,,МЗХ2024/00-320,"Баянгол, Сонгинохайрхан","22-р хороо, 23-р хороо, 11-р хороо, 31-р хороо","Өнөр хороолол /18040/, Наран-1 /18140/, Наран-БГД /16070/",
1431203,ТТА181713229753437,,Polygon,106.878201,47.935254,"Авто зам, замын байгууламжийн архитектур төлөвлөлтийн даалгавар",Авто замын барилга,,МЗХ2024/00-320,Баянгол,23-р хороо,Наран-БГД /16070/,
1431204,ТТА181713229753947,,Polygon,106.874914,47.934765,"Авто зам, замын байгууламжийн архитектур төлөвлөлтийн даалгавар",Авто замын барилга,,МЗХ2024/00-320,Баянгол,"22-р хороо, 23-р хороо",Наран-БГД /16070/,
1431205,ТТА181713229755674,,Polygon,106.869317,47.932551,"Авто зам, замын байгууламжийн архитектур төлөвлөлтийн даалгавар",Авто замын барилга,,МЗХ2024/00-320,Баянгол,"13-р хороо, 22-р хороо, 10-р хороо","3-р хороолол-2 /16091/, 3-р хороолол-1 /16090/, Наран-БГД /16070/",Хасбаатарын гудамж
1431206,ТТА181713229759499,,Polygon,106.88716,47.929924,"Авто зам, замын байгууламжийн архитектур төлөвлөлтийн даалгавар",Авто замын барилга,,МЗХ2024/00-320,Баянгол,11-р хороо,"4-р хороолол-2 /16061/, 4-р хороолол-3 /16062/, 4-р хороолол-1 /16060/",Хасбаатарын гудамж
1431207,ТТА181713229763116,,Polygon,106.877759,47.929697,"Авто зам, замын байгууламжийн архитектур төлөвлөлтийн даалгавар",Авто замын барилга,,МЗХ2024/00-320,Баянгол,23-р хороо,"3-р хороолол-1 /16090/, 4-р хороолол-6 /16065/, 4-р хороолол-7 /16066/, Наран-БГД /16070/",Хасбаатарын гудамж
1431208,ТТА181713229768745,,Polygon,106.872376,47.941864,"Авто зам, замын байгууламжийн архитектур төлөвлөлтийн даалгавар",Авто замын барилга,,МЗХ2024/00-320,"Баянгол, Сонгинохайрхан, Чингэлтэй","20-р хороо, 22-р хороо, 23-р хороо, 11-р хороо","Наран-1 /18140/, Наран-БГД /16070/, Телевиз /15130/",Хувьсгалын зам
1431223,ТТА171713231652317,,Polygon,106.951602,47.935906,"Авто зам, замын байгууламжийн архитектур төлөвлөлтийн даалгавар",Авто замын барилга,,МЗХ2024/00-259,Баянзүрх,"2-р хороо, 27-р хороо, 31-р хороо, 32-р хороо, 30-р хороо","Цэргийн хотхон /13360/, Алтан-Өлгий /13292/, Дарь эх-2 /13350/, Дарь эх 1 /13361/, Дунд дарь-Эх /13352/",Баруун Алтан-Өлгий гудамж
1431237,ТТА141713234198880,,Polygon,107.014044,47.907701,"Авто зам, замын байгууламжийн архитектур төлөвлөлтийн даалгавар",Авто замын барилга,,МЗХ2024/00-318,Баянзүрх,10-р хороо,"Үндэсний цэцэрлэгт хүрээлэн /13313/, Амгалан-2 /13270/, Амгалан-1 /13260/",Гачууртын зам
1431238,ТТА141713234199175,,Polygon,107.01925,47.917666,"Авто зам, замын байгууламжийн архитектур төлөвлөлтийн даалгавар",Авто замын барилга,,МЗХ2024/00-318,Баянзүрх,10-р хороо,"Үндэсний цэцэрлэгт хүрээлэн /13313/, Амгалан-2 /13270/, Шар хад-1 /13280/, Амгалан-1 /13260/, Улиастай /13250/",Гачууртын зам
1431243,ТТА141713234514371,,Polygon,106.912177,47.903617,"Авто зам, замын байгууламжийн архитектур төлөвлөлтийн даалгавар",Авто замын барилга,,МЗХ2024/00-321,Хан-Уул,1-р хороо,"19-р хороолол-2 /17031/, 19-р хороолол-1 /17030/, Стадион Оргил-1 /17010/, Стадион Оргил-2 /17011/",Дунд голын гудамж
1431244,ТТА141713234514867,,Polygon,106.87315,47.892185,"Авто зам, замын байгууламжийн архитектур төлөвлөлтийн даалгавар",Авто замын барилга,,МЗХ2024/00-321,Хан-Уул,20-р хороо,"Үйлдвэрийн баруун бүс-1 /17070/, Үйлдвэр 1-2 /17061/, Үйлдвэр 2-4 /17043/",Ажилчны гудамж
1431245,ТТА141713234515045,,Polygon,106.904433,47.899117,"Авто зам, замын байгууламжийн архитектур төлөвлөлтийн даалгавар",Авто замын барилга,,МЗХ2024/00-321,Хан-Уул,1-р хороо,"19-р хороолол-2 /17031/, Үйлдвэр 2-1 /17040/, 19-р хороолол-3 /17032/, 19-р хороолол-1 /17030/",То вангийн гудамж
1431366,ТТА141713249639842,,Polygon,106.916519,47.908378,"Авто зам, замын байгууламжийн архитектур төлөвлөлтийн даалгавар",Авто замын барилга,,МЗХ2024/00-232,Хан-Уул,3-р хороо,"13-р хороолол 2-5 /13374/, 2-р хороолол-3 /16052/, 2-р хороолол-2 /16051/, Үйлдвэрийн төвийн бүс-1 /16010/, Үйлдвэрийн төвийн бүс-3 /16030/, Шинэ суурьшил /17009/, Үйлдвэрийн баруун бүс-1 /16100/, 13-р хороолол 2-3 /13372/, 14-р хороолол-3 /13332/, 14-р хороолол-2 /13331/, 14-р хороолол-5 /13334/, 13-р хороолол 2-2 /13371/, Улаанхуаран-3 /13302/, 14-р хороолол-7 /13336/, Үйлдвэр 1-3 /17062/, Стадион Оргил-1 /17010/, 5-р хороолол-3 /14252/, 5-р хороолол-4 /14253/, 5-р хороолол-2 /14251/, 13-р хороолол 1-3 /14230/, Соёл амралтын хүрээлэн-2 /14241/, Амгалан-3 /13271/",Нарны зам
1431369,ТАЗ1713249824751,,Polygon,106.687678,47.900097,"Авто зам, замын байгууламжийн архитектур төлөвлөлтийн даалгавар",,,,Сонгинохайрхан,32-р хороо,Тахилт-2 /18241/,
1431370,ТАЗ1713249824827,,Polygon,106.687554,47.900429,"Авто зам, замын байгууламжийн архитектур төлөвлөлтийн даалгавар",,,,Сонгинохайрхан,32-р хороо,Тахилт-2 /18241/,
1431372,ТАЗ1713250310852,,Polygon,106.687664,47.900259,"Авто зам, замын байгууламжийн архитектур төлөвлөлтийн даалгавар",,,,Сонгинохайрхан,32-р хороо,Тахилт-2 /18241/,
1431509,ТАЗ1713502592699,,Polygon,106.972056,47.924968,"Авто зам, замын байгууламжийн архитектур төлөвлөлтийн даалгавар",,,,Баянзүрх,32-р хороо,Алтан-Өлгий /13292/,
1431619,ТАЗ1713771958181,,Polygon,106.921817,47.936098,"Авто зам, замын байгууламжийн архитектур төлөвлөлтийн даалгавар",,,,Сүхбаатар,11-р хороо,7-р хороолол-1 /14180/,
1431620,ТАЗ1713771958266,,Polygon,106.921917,47.936408,"Авто зам, замын байгууламжийн архитектур төлөвлөлтийн даалгавар",,,,Сүхбаатар,11-р хороо,7-р хороолол-1 /14180/,
1431676,ТТА171713836948899,,Polygon,106.978219,47.931183,"Авто зам, замын байгууламжийн архитектур төлөвлөлтийн даалгавар",Авто замын барилга,,МЗХ2024/00-258,Баянзүрх,"19-р хороо, 24-р хороо, 32-р хороо","Алтан-Өлгий /13292/, Цайз /13291/, Цахлай /13290/",
1431677,ТТА171713836949148,,Polygon,106.984442,47.930756,"Авто зам, замын байгууламжийн архитектур төлөвлөлтийн даалгавар",Авто замын барилга,,МЗХ2024/00-258,Баянзүрх,"19-р хороо, 24-р хороо","Цайз /13291/, Цахлай /13290/",
1431683,ТТА171713839110479,,Polygon,106.938546,47.944654,"Авто зам, замын байгууламжийн архитектур төлөвлөлтийн даалгавар",Авто замын барилга,,МЗХ2024/00-257,Баянзүрх,"27-р хороо, 29-р хороо","Дарь эх-3 /13351/, Дунд дарь-Эх /13352/",Дарь-Эхийн гудамж
1431705,ТАЗ1713920563842,,Polygon,106.916596,47.934776,"Авто зам, замын байгууламжийн архитектур төлөвлөлтийн даалгавар",,,,Сүхбаатар,11-р хороо,7-р хороолол-1 /14180/,
1431990,ТАЗ1714461568593,,Polygon,106.916435,47.968044,"Авто зам, замын байгууламжийн архитектур төлөвлөлтийн даалгавар",,,,Чингэлтэй,18-р хороо,Чингэлтэй-2 /15032/,
1431997,ТАЗ1714468466646,,Polygon,106.925935,47.931551,"Авто зам, замын байгууламжийн архитектур төлөвлөлтийн даалгавар",,,,Сүхбаатар,10-р хороо,7-р хороолол-2 /14181/,
1431998,ТАЗ1714468466769,,Polygon,106.926125,47.93186,"Авто зам, замын байгууламжийн архитектур төлөвлөлтийн даалгавар",,,,Сүхбаатар,10-р хороо,7-р хороолол-2 /14181/,
1431999,ТАЗ1714468466843,,Polygon,106.925405,47.932069,"Авто зам, замын байгууламжийн архитектур төлөвлөлтийн даалгавар",,,,Сүхбаатар,10-р хороо,7-р хороолол-2 /14181/,
1432000,ТАЗ1714468466936,,Polygon,106.925828,47.932635,"Авто зам, замын байгууламжийн архитектур төлөвлөлтийн даалгавар",,,,Сүхбаатар,10-р хороо,7-р хороолол-2 /14181/,
1432032,ТАЗ1714540391003,,Polygon,106.795363,47.86313,"Авто зам, замын байгууламжийн архитектур төлөвлөлтийн даалгавар",,,,Хан-Уул,8-р хороо,Яармаг-2  /17111/,Г.Ганхуягийн гудамж
1432033,ТАЗ1714540530955,,Polygon,106.795363,47.86313,"Авто зам, замын байгууламжийн архитектур төлөвлөлтийн даалгавар",,,,Хан-Уул,8-р хороо,Яармаг-2  /17111/,Г.Ганхуягийн гудамж
1432035,ТАЗ1714542385147,,Polygon,106.839738,47.874087,"Авто зам, замын байгууламжийн архитектур төлөвлөлтийн даалгавар",,,,Хан-Уул,"4-р хороо, 24-р хороо","Яармаг-1 /17110/, Арцатын ам /17100/",
1432036,ТАЗ1714542446993,,Polygon,106.795363,47.86313,"Авто зам, замын байгууламжийн архитектур төлөвлөлтийн даалгавар",,,,Хан-Уул,8-р хороо,Яармаг-2  /17111/,Г.Ганхуягийн гудамж
1432037,ТАЗ1714542713172,,Polygon,106.795363,47.86313,"Авто зам, замын байгууламжийн архитектур төлөвлөлтийн даалгавар",,,,Хан-Уул,8-р хороо,Яармаг-2  /17111/,Г.Ганхуягийн гудамж
1432038,ТАЗ1714542803596,,Polygon,106.795363,47.86313,"Авто зам, замын байгууламжийн архитектур төлөвлөлтийн даалгавар",,Наадамчдын авто замын хойд талын туслах гудамж зам,МЗХ2018/21-31,Хан-Уул,8-р хороо,Яармаг-2  /17111/,Г.Ганхуягийн гудамж
1432039,ТАЗ1714543107888,,Polygon,106.839738,47.874087,"Авто зам, замын байгууламжийн архитектур төлөвлөлтийн даалгавар",,Наадамчдын авто замын хойд талын туслах гудамж зам,МЗХ2018/21-31,Хан-Уул,"4-р хороо, 24-р хороо","Яармаг-1 /17110/, Арцатын ам /17100/",
1432043,ТАЗ1714544822381,,Polygon,106.818499,47.867961,"Авто зам, замын байгууламжийн архитектур төлөвлөлтийн даалгавар",,Наадамчдын авто замын хойд талын туслах гудамж зам,МЗХ2018/21-31,Хан-Уул,"6-р хороо, 5-р хороо, 4-р хороо",Яармаг-1 /17110/,
1432054,ТАЗ1714620103165,,Polygon,106.791314,47.896416,"Авто зам, замын байгууламжийн архитектур төлөвлөлтийн даалгавар",,,,Баянгол,20-р хороо,Үйлдвэрийн баруун бүс-3 /16102/,
1432058,ТАЗ1714620609625,,Polygon,106.790645,47.896401,"Авто зам, замын байгууламжийн архитектур төлөвлөлтийн даалгавар",,,,Баянгол,20-р хороо,Үйлдвэрийн баруун бүс-3 /16102/,
1432059,ТАЗ1714620609704,,Polygon,106.791115,47.895656,"Авто зам, замын байгууламжийн архитектур төлөвлөлтийн даалгавар",,,,Баянгол,20-р хороо,Үйлдвэрийн баруун бүс-3 /16102/,
1432060,ТАЗ1714620609770,,Polygon,106.79118,47.896679,"Авто зам, замын байгууламжийн архитектур төлөвлөлтийн даалгавар",,,,Баянгол,20-р хороо,Үйлдвэрийн баруун бүс-3 /16102/,
1432084,ТАЗ1714631924404,,Polygon,106.839613,47.876052,"Авто зам, замын байгууламжийн архитектур төлөвлөлтийн даалгавар",,,,Хан-Уул,"23-р хороо, 4-р хороо","Яармаг-1 /17110/, Хүүшийн ам /17080/, Үйлдвэрийн баруун бүс-2 /17071/, Арцатын ам /17100/",Наадамчдын зам
1432090,ТАЗ1714636808833,,Polygon,106.990742,47.92485,"Авто зам, замын байгууламжийн архитектур төлөвлөлтийн даалгавар",,,,Баянзүрх,24-р хороо,Цахлай /13290/,
1432091,ТАЗ1714637006196,,Polygon,106.990786,47.924779,"Авто зам, замын байгууламжийн архитектур төлөвлөлтийн даалгавар",,,,Баянзүрх,24-р хороо,Цахлай /13290/,
1432092,ТАЗ1714637006311,,Polygon,106.990739,47.925055,"Авто зам, замын байгууламжийн архитектур төлөвлөлтийн даалгавар",,,,Баянзүрх,24-р хороо,Цахлай /13290/,
1432136,ТАЗ1714706902676,,Polygon,106.818696,47.908138,"Авто зам, замын байгууламжийн архитектур төлөвлөлтийн даалгавар",,,,Баянгол,20-р хороо,Үйлдвэрийн баруун бүс-2 /16101/,
1432153,ТТА171714956772657,,Polygon,106.838598,47.892179,"Авто зам, замын байгууламжийн архитектур төлөвлөлтийн даалгавар",Авто замын барилга,Дүүжин тээвэр,МЗХ2023/09-013,Хан-Уул,4-р хороо,"Үйлдвэрийн баруун бүс-1 /16100/, Яармаг-1 /17110/, Хүүшийн ам /17080/, Үйлдвэрийн баруун бүс-2 /17071/",Наадамчдын зам
1432154,ТАЗ1714957097849,,Polygon,106.838598,47.892179,"Авто зам, замын байгууламжийн архитектур төлөвлөлтийн даалгавар",,,,Хан-Уул,4-р хороо,"Үйлдвэрийн баруун бүс-1 /16100/, Яармаг-1 /17110/, Хүүшийн ам /17080/, Үйлдвэрийн баруун бүс-2 /17071/",Наадамчдын зам
1432162,ТАЗ1714966095259,,Polygon,106.82233,47.75243,"Авто зам, замын байгууламжийн архитектур төлөвлөлтийн даалгавар",,Ар хөндлөнгийн амын гудамж замын ерөнхий төлөвлөгөө,,Хан-Уул,14-р хороо,Бугын ам /17152/,
1432201,ТАЗ1715046441972,,Polygon,106.811324,47.905278,"Авто зам, замын байгууламжийн архитектур төлөвлөлтийн даалгавар",,,,Баянгол,20-р хороо,Үйлдвэрийн баруун бүс-2 /16101/,
1432202,ТАЗ1715046442285,,Polygon,106.811716,47.905383,"Авто зам, замын байгууламжийн архитектур төлөвлөлтийн даалгавар",,,,Баянгол,20-р хороо,Үйлдвэрийн баруун бүс-2 /16101/,
1432203,ТАЗ1715046442431,,Polygon,106.811701,47.905234,"Авто зам, замын байгууламжийн архитектур төлөвлөлтийн даалгавар",,,,Баянгол,20-р хороо,Үйлдвэрийн баруун бүс-2 /16101/,
1432204,ТАЗ1715046442539,,Polygon,106.811447,47.905072,"Авто зам, замын байгууламжийн архитектур төлөвлөлтийн даалгавар",,,,Баянгол,20-р хороо,Үйлдвэрийн баруун бүс-2 /16101/,
1432851,ТТА151715649638040,,Polygon,107.129107,47.835029,"Авто зам, замын байгууламжийн архитектур төлөвлөлтийн даалгавар",Авто замын барилга,,МЗХ2024/00-328,Баянзүрх,11-р хороо,"Бумбат /13170/, Эмийн ургамал /13140/, Харгана /13091/",Уурхайчдын зам
1433133,ТТА161716275973837,,Polygon,106.775861,47.860923,"Авто зам, замын байгууламжийн архитектур төлөвлөлтийн даалгавар",Авто замын барилга,,2024/00-004,Хан-Уул,16-р хороо,Буянт Ухаа  хороолол-1 /17120/,
1433367,ТАЗ1716369156089,,Polygon,106.688308,48.096022,"Авто зам, замын байгууламжийн архитектур төлөвлөлтийн даалгавар",,,,Сонгинохайрхан,21-р хороо,Цагаан бургас /18200/,
1433370,ТАЗ1716370201144,,Polygon,106.687972,48.095952,"Авто зам, замын байгууламжийн архитектур төлөвлөлтийн даалгавар",,,,Сонгинохайрхан,21-р хороо,Цагаан бургас /18200/,
1433657,ТАЗ1717148768764,,Polygon,106.906566,47.876073,"Авто зам, замын байгууламжийн архитектур төлөвлөлтийн даалгавар",,,,Хан-Уул,22-р хороо,"Суурьшилгүй бүс /17082/, Зайсан-8 /17028/",Ар Зайсангийн гудамж
1433935,ТАЗ1718013099297,,Polygon,106.846934,47.879474,"Авто зам, замын байгууламжийн архитектур төлөвлөлтийн даалгавар",,,,Хан-Уул,24-р хороо,Яармаг-1 /17110/,
1433937,ТАЗ1718013624774,,Polygon,106.847264,47.879371,"Авто зам, замын байгууламжийн архитектур төлөвлөлтийн даалгавар",,,,Хан-Уул,24-р хороо,Яармаг-1 /17110/,
1433989,ТАЗ1718095866051,,Polygon,106.707123,47.892546,"Авто зам, замын байгууламжийн архитектур төлөвлөлтийн даалгавар",,,,Сонгинохайрхан,32-р хороо,Хотын шинэ төв /18270/,
1434313,ТТА181718665776854,,Polygon,106.85815,47.952357,"Авто зам, замын байгууламжийн архитектур төлөвлөлтийн даалгавар",Авто замын барилга,,2024/00-1018,Сонгинохайрхан,28-р хороо,Баянхошуу-1 /18010/,
1434346,ТАЗ1718690818974,,Polygon,106.975487,47.908683,"Авто зам, замын байгууламжийн архитектур төлөвлөлтийн даалгавар",,,,Баянзүрх,37-р хороо,Амгалан-3 /13271/,
1434347,ТАЗ1718690819102,,Polygon,106.975853,47.908625,"Авто зам, замын байгууламжийн архитектур төлөвлөлтийн даалгавар",,,,Баянзүрх,37-р хороо,Амгалан-3 /13271/,
1434358,ТАЗ1718697977354,,Polygon,106.867545,47.924013,"Авто зам, замын байгууламжийн архитектур төлөвлөлтийн даалгавар",,,,Баянгол,13-р хороо,3-р хороолол-2 /16091/,
1434359,ТАЗ1718697977465,,Polygon,106.867672,47.923601,"Авто зам, замын байгууламжийн архитектур төлөвлөлтийн даалгавар",,,,Баянгол,13-р хороо,3-р хороолол-2 /16091/,
1434444,ТАЗ1718763727751,,Polygon,106.867545,47.924013,"Авто зам, замын байгууламжийн архитектур төлөвлөлтийн даалгавар",,Сургууль,2024/00-075,Баянгол,13-р хороо,3-р хороолол-2 /16091/,
1434445,ТАЗ1718763727894,,Polygon,106.867672,47.923601,"Авто зам, замын байгууламжийн архитектур төлөвлөлтийн даалгавар",,Сургууль,2024/00-075,Баянгол,13-р хороо,3-р хороолол-2 /16091/,
1434625,ТТА181718935783034,,Polygon,106.768155,47.863292,"Авто зам, замын байгууламжийн архитектур төлөвлөлтийн даалгавар",Авто замын барилга,,,Хан-Уул,16-р хороо,Буянт Ухаа  хороолол-1 /17120/,
1434929,ТАЗ1719973463969,,MultiPolygon,106.894532,47.89555,"Авто зам, замын байгууламжийн архитектур төлөвлөлтийн даалгавар",,"Үйлдвэрлэл, үйлчилгээний барилга",МЗХ2024/00-256,Хан-Уул,20-р хороо,Үйлдвэр 2-3 /17042/,
1435130,ТАЗ1720161647448,,Polygon,108.37322,47.770651,"Авто зам, замын байгууламжийн архитектур төлөвлөлтийн даалгавар",,авто зам,,Багануур,3-р хороо,Үйлдвэрийн хэсэг-2 /12150/,
1435243,ТАЗ1720507560264,,MultiPolygon,106.883126,47.894262,"Авто зам, замын байгууламжийн архитектур төлөвлөлтийн даалгавар",,,,Хан-Уул,20-р хороо,Үйлдвэр 2-4 /17043/,
1435712,ТАЗ1722156770099,,Polygon,106.75935,47.909488,"Авто зам, замын байгууламжийн архитектур төлөвлөлтийн даалгавар",,,,Сонгинохайрхан,"20-р хороо, 22-р хороо",Орбит-2 /18171/,
1435723,ТТА151722219585798,,Polygon,107.05641,47.919668,"Авто зам, замын байгууламжийн архитектур төлөвлөлтийн даалгавар",Авто замын барилга,,2024/00-265,Баянзүрх,28-р хороо,Хужирбулан /13210/,
1435724,ТТА151722219585898,,Polygon,107.072314,47.922805,"Авто зам, замын байгууламжийн архитектур төлөвлөлтийн даалгавар",Авто замын барилга,,2024/00-265,Баянзүрх,28-р хороо,Хужирбулан /13210/,
1435741,ТТА181722233955570,,Polygon,106.83296,47.873357,"Авто зам, замын байгууламжийн архитектур төлөвлөлтийн даалгавар",Авто замын барилга,,2024/00-227,Хан-Уул,4-р хороо,Яармаг-1 /17110/,
1435756,ТТА131722308631800,,Polygon,106.91302,47.935964,"Авто зам, замын байгууламжийн архитектур төлөвлөлтийн даалгавар",Авто замын барилга,Нийслэлийн Замын хөгжлийн газар,2024/00-354,Чингэлтэй,11-р хороо,"Дэнжийн мянга-1 /15120/, 7-р хороолол-2 /14181/, 7-р хороолол-3 /14182/",Алтайн гудамж
1436289,ТТА161723428866039,,Polygon,106.794125,47.863002,"Авто зам, замын байгууламжийн архитектур төлөвлөлтийн даалгавар",Авто замын барилга,,2024/00-384,Хан-Уул,8-р хороо,Яармаг-2  /17111/,
1436293,ТТА111723440702246,,Polygon,106.786317,47.843308,"Авто зам, замын байгууламжийн архитектур төлөвлөлтийн даалгавар",Авто замын барилга,,2024/00-385,Хан-Уул,21-р хороо,Буянт Ухаа  хороолол-2 /17121/,
1436334,ТТА161723604551869,,Polygon,107.090207,47.92001,"Авто зам, замын байгууламжийн архитектур төлөвлөлтийн даалгавар",Авто замын барилга,,2024/00-388,Баянзүрх,"28-р хороо, 20-р хороо","Хужирбулан /13210/, Хар усан тохой /13221/",Гачууртын зам
1436533,ТТА131724391279888,,Polygon,106.80348,47.922547,"Авто зам, замын байгууламжийн архитектур төлөвлөлтийн даалгавар",Авто замын барилга,,2024/00-397,Сонгинохайрхан,4-р хороо,Толгойт-6 /18105/,
1436564,ТАЗ1724488030784,,Polygon,106.875151,47.90208,"Авто зам, замын байгууламжийн архитектур төлөвлөлтийн даалгавар",,,,Хан-Уул,3-р хороо,Үйлдвэр 1-2 /17061/,
1436607,ТТА141724630522276,,Polygon,106.924442,47.891406,"Авто зам, замын байгууламжийн архитектур төлөвлөлтийн даалгавар",Авто замын барилга,,2024/00-405,Хан-Уул,26-р хороо,"Үндэсний цэцэрлэгт хүрээлэн /13313/, Стадион Оргил-3 /17012/, Стадион Оргил-4 /17013/, Их тэнгэрийн ам-1 /13315/",Их Монгол улсын гудамж
1436640,ТАЗ1724716729140,,Polygon,106.973184,47.918834,"Авто зам, замын байгууламжийн архитектур төлөвлөлтийн даалгавар",,,,Баянзүрх,22-р хороо,15-р хороолол-1 /13340/,
1436655,ТАЗ1724724861265,,Polygon,107.011021,47.908397,"Авто зам, замын байгууламжийн архитектур төлөвлөлтийн даалгавар",,,,Баянзүрх,10-р хороо,Амгалан-1 /13260/,
1436656,ТАЗ1724724861384,,Polygon,107.010743,47.908035,"Авто зам, замын байгууламжийн архитектур төлөвлөлтийн даалгавар",,,,Баянзүрх,10-р хороо,Амгалан-1 /13260/,
1436664,ТТА171724727241759,,Polygon,106.791034,47.864175,"Авто зам, замын байгууламжийн архитектур төлөвлөлтийн даалгавар",Авто замын барилга,,2024/00-408,Хан-Уул,8-р хороо,Яармаг-2  /17111/,
1437213,ТАЗ1725593255562,,Polygon,106.974694,47.909695,"Авто зам, замын байгууламжийн архитектур төлөвлөлтийн даалгавар",,,,Баянзүрх,37-р хороо,Амгалан-3 /13271/,
1437214,ТАЗ1725593621573,,Polygon,106.974673,47.90971,"Авто зам, замын байгууламжийн архитектур төлөвлөлтийн даалгавар",,,,Баянзүрх,37-р хороо,Амгалан-3 /13271/,
1437215,ТАЗ1725593621654,,Polygon,106.974979,47.909814,"Авто зам, замын байгууламжийн архитектур төлөвлөлтийн даалгавар",,,,Баянзүрх,37-р хороо,Амгалан-3 /13271/,
1437544,ТАЗ1726198594961,,Polygon,106.842347,47.805855,"Авто зам, замын байгууламжийн архитектур төлөвлөлтийн даалгавар",,,,Хан-Уул,8-р хороо,Жаргалантын ам /17091/,
1438132,ТАЗ1727061846574,,Polygon,106.782223,47.936734,"Авто зам, замын байгууламжийн архитектур төлөвлөлтийн даалгавар",,,,Сонгинохайрхан,36-р хороо,Толгойт-6 /18105/,
1438345,ТТА161727315188684,,Polygon,106.892924,47.904539,"Авто зам, замын байгууламжийн архитектур төлөвлөлтийн даалгавар",Авто замын барилга,,2024/00-594,Баянгол,24-р хороо,Үйлдвэрийн төвийн бүс-3 /16030/,
1438346,ТТА161727317462435,,Polygon,106.892666,47.903973,"Авто зам, замын байгууламжийн архитектур төлөвлөлтийн даалгавар",Авто замын барилга,,2024/00-594,Баянгол,24-р хороо,Үйлдвэрийн төвийн бүс-3 /16030/,
1438357,ТТА131727330406199,,Polygon,106.892532,47.903427,"Авто зам, замын байгууламжийн архитектур төлөвлөлтийн даалгавар",Авто замын барилга,,2024/00-594,Баянгол,24-р хороо,Үйлдвэрийн төвийн бүс-3 /16030/,
1438430,ТАЗ1727597344855,,Polygon,106.839148,47.812029,"Авто зам, замын байгууламжийн архитектур төлөвлөлтийн даалгавар",,,,Хан-Уул,8-р хороо,Жаргалантын ам /17091/,
1438431,ТАЗ1727597344968,,Polygon,106.839374,47.811866,"Авто зам, замын байгууламжийн архитектур төлөвлөлтийн даалгавар",,,,Хан-Уул,8-р хороо,Жаргалантын ам /17091/,
1438495,ТАЗ1727659530368,,MultiPolygon,108.373458,47.775567,"Авто зам, замын байгууламжийн архитектур төлөвлөлтийн даалгавар",,,,Багануур,3-р хороо,Наран хороолол-1 /12090/,
1438598,ТАЗ1727769117190,,Polygon,106.929551,47.918328,"Авто зам, замын байгууламжийн архитектур төлөвлөлтийн даалгавар",,,,Сүхбаатар,1-р хороо,"12-р хороолол-2 /13381/, 13-р хороолол 2-4 /13373/, 11-р хороолол-2 /14191/, 13-р хороолол 1-1 /14210/",Энх тайвaны өргөн чөлөө
1438948,ТАЗ1728030439164,,Polygon,107.013804,47.914884,"Авто зам, замын байгууламжийн архитектур төлөвлөлтийн даалгавар",,,,Баянзүрх,10-р хороо,Амгалан-1 /13260/,
1438949,ТАЗ1728030439321,,Polygon,107.013554,47.9149,"Авто зам, замын байгууламжийн архитектур төлөвлөлтийн даалгавар",,,,Баянзүрх,10-р хороо,Амгалан-1 /13260/,
1438950,ТАЗ1728030845581,,Polygon,107.013957,47.914751,"Авто зам, замын байгууламжийн архитектур төлөвлөлтийн даалгавар",,,,Баянзүрх,10-р хороо,Амгалан-1 /13260/,
1439026,ТАЗ1728279726711,,Polygon,106.893128,47.92872,"Авто зам, замын байгууламжийн архитектур төлөвлөлтийн даалгавар",,,,Чингэлтэй,8-р хороо,Телевиз /15130/,
1439027,ТАЗ1728279726864,,Polygon,106.893449,47.928942,"Авто зам, замын байгууламжийн архитектур төлөвлөлтийн даалгавар",,,,Чингэлтэй,8-р хороо,Телевиз /15130/,
1439028,ТАЗ1728279726939,,Polygon,106.893512,47.929112,"Авто зам, замын байгууламжийн архитектур төлөвлөлтийн даалгавар",,,,Чингэлтэй,8-р хороо,Телевиз /15130/,
1439029,ТАЗ1728279727004,,Polygon,106.892676,47.929044,"Авто зам, замын байгууламжийн архитектур төлөвлөлтийн даалгавар",,,,Чингэлтэй,8-р хороо,Телевиз /15130/,
1439030,ТАЗ1728279789356,,Polygon,106.893292,47.928768,"Авто зам, замын байгууламжийн архитектур төлөвлөлтийн даалгавар",,,,Чингэлтэй,8-р хороо,Телевиз /15130/,
1439031,ТАЗ1728279789466,,Polygon,106.893227,47.928938,"Авто зам, замын байгууламжийн архитектур төлөвлөлтийн даалгавар",,,,Чингэлтэй,8-р хороо,Телевиз /15130/,
1439045,ТАЗ1728283622879,,Polygon,106.963278,47.924238,"Авто зам, замын байгууламжийн архитектур төлөвлөлтийн даалгавар",,,,Баянзүрх,31-р хороо,Алтан-Өлгий /13292/,
1439095,ТАЗ1728368369171,,Polygon,106.921717,47.964327,"Авто зам, замын байгууламжийн архитектур төлөвлөлтийн даалгавар",,,,Сүхбаатар,14-р хороо,5 буудал /14160/,
1439096,ТАЗ1728368369305,,Polygon,106.921067,47.964171,"Авто зам, замын байгууламжийн архитектур төлөвлөлтийн даалгавар",,,,Сүхбаатар,14-р хороо,5 буудал /14160/,
1439097,ТАЗ1728368399105,,Polygon,106.921495,47.964165,"Авто зам, замын байгууламжийн архитектур төлөвлөлтийн даалгавар",,,,Сүхбаатар,14-р хороо,5 буудал /14160/,
1439098,ТАЗ1728368399244,,Polygon,106.921811,47.964278,"Авто зам, замын байгууламжийн архитектур төлөвлөлтийн даалгавар",,,,Сүхбаатар,14-р хороо,5 буудал /14160/,
1439099,ТАЗ1728368399292,,Polygon,106.921515,47.964014,"Авто зам, замын байгууламжийн архитектур төлөвлөлтийн даалгавар",,,,Сүхбаатар,14-р хороо,5 буудал /14160/,
1439100,ТАЗ1728368399391,,Polygon,106.921,47.964013,"Авто зам, замын байгууламжийн архитектур төлөвлөлтийн даалгавар",,,,Сүхбаатар,14-р хороо,5 буудал /14160/,
1439101,ТАЗ1728368399480,,Polygon,106.921428,47.964184,"Авто зам, замын байгууламжийн архитектур төлөвлөлтийн даалгавар",,,,Сүхбаатар,14-р хороо,5 буудал /14160/,
1439141,ТАЗ1728388252814,,Polygon,106.910257,47.905149,"Авто зам, замын байгууламжийн архитектур төлөвлөлтийн даалгавар",,,,Хан-Уул,1-р хороо,19-р хороолол-2 /17031/,
1439142,ТАЗ1728388480234,,Polygon,106.910257,47.905149,"Авто зам, замын байгууламжийн архитектур төлөвлөлтийн даалгавар",,Үйлчилгээний барилга,,Хан-Уул,1-р хороо,19-р хороолол-2 /17031/,
1439206,ТТА131728466661047,,Polygon,107.419881,47.695808,"Авто зам, замын байгууламжийн архитектур төлөвлөлтийн даалгавар",Авто замын барилга,,2024/00-782,Налайх,3-р хороо,Налайхын тал /12616/,
1439207,ТТА131728467177371,,Polygon,107.436437,47.687604,"Авто зам, замын байгууламжийн архитектур төлөвлөлтийн даалгавар",Авто замын барилга,,2024/00-782,Налайх,3-р хороо,"Налайхын тал /12616/, Буурлын даваа /12618/",
1439209,ТТА131728467871727,,Polygon,107.461501,47.688697,"Авто зам, замын байгууламжийн архитектур төлөвлөлтийн даалгавар",Авто замын барилга,,2024/00-782,Налайх,3-р хороо,"Налайхын тал /12616/, Буурлын даваа /12618/, Их бага модны ам /12617/",
1439245,ТАЗ1728548749637,,Polygon,106.90211,47.928414,"Авто зам, замын байгууламжийн архитектур төлөвлөлтийн даалгавар",,,,Чингэлтэй,9-р хороо,Дэнжийн мянга-2 /15121/,
1439246,ТАЗ1728548749752,,Polygon,106.90247,47.928325,"Авто зам, замын байгууламжийн архитектур төлөвлөлтийн даалгавар",,,,Чингэлтэй,9-р хороо,Дэнжийн мянга-2 /15121/,
1439247,ТАЗ1728548749811,,Polygon,106.902273,47.928249,"Авто зам, замын байгууламжийн архитектур төлөвлөлтийн даалгавар",,,,Чингэлтэй,9-р хороо,Дэнжийн мянга-2 /15121/,
1439248,ТАЗ1728548749908,,Polygon,106.902668,47.92848,"Авто зам, замын байгууламжийн архитектур төлөвлөлтийн даалгавар",,,,Чингэлтэй,9-р хороо,Дэнжийн мянга-2 /15121/,
1439249,ТАЗ1728548749977,,Polygon,106.902839,47.928214,"Авто зам, замын байгууламжийн архитектур төлөвлөлтийн даалгавар",,,,Чингэлтэй,9-р хороо,Дэнжийн мянга-2 /15121/,
1439250,ТАЗ1728548770207,,Polygon,106.902098,47.928248,"Авто зам, замын байгууламжийн архитектур төлөвлөлтийн даалгавар",,,,Чингэлтэй,9-р хороо,Дэнжийн мянга-2 /15121/,
1439252,ТАЗ1728549656511,,MultiPolygon,106.801444,47.844411,"Авто зам, замын байгууламжийн архитектур төлөвлөлтийн даалгавар",,,,,,,
1439267,ТАЗ1728632538072,,Polygon,106.927708,47.891875,"Авто зам, замын байгууламжийн архитектур төлөвлөлтийн даалгавар",,,,Хан-Уул,17-р хороо,Стадион Оргил-3 /17012/,
1439356,ТАЗ1728896779457,,Polygon,106.886974,47.921652,"Авто зам, замын байгууламжийн архитектур төлөвлөлтийн даалгавар",,,,Баянгол,18-р хороо,4-р хороолол-4 /16063/,
1439357,ТАЗ1728896779573,,Polygon,106.886896,47.921342,"Авто зам, замын байгууламжийн архитектур төлөвлөлтийн даалгавар",,,,Баянгол,18-р хороо,4-р хороолол-4 /16063/,
1439366,ТАЗ1728904624094,,Polygon,106.781631,47.913023,"Авто зам, замын байгууламжийн архитектур төлөвлөлтийн даалгавар",,,,Сонгинохайрхан,20-р хороо,Толгойт-5 /18104/,
1439367,ТАЗ1728904624187,,Polygon,106.781955,47.913238,"Авто зам, замын байгууламжийн архитектур төлөвлөлтийн даалгавар",,,,Сонгинохайрхан,20-р хороо,Толгойт-5 /18104/,
1439368,ТАЗ1728904624279,,Polygon,106.781838,47.913101,"Авто зам, замын байгууламжийн архитектур төлөвлөлтийн даалгавар",,,,Сонгинохайрхан,20-р хороо,Толгойт-5 /18104/,
1439369,ТАЗ1728904624370,,Polygon,106.781243,47.91296,"Авто зам, замын байгууламжийн архитектур төлөвлөлтийн даалгавар",,,,Сонгинохайрхан,20-р хороо,Толгойт-5 /18104/,
1439370,ТАЗ1728904624466,,Polygon,106.781208,47.913194,"Авто зам, замын байгууламжийн архитектур төлөвлөлтийн даалгавар",,,,Сонгинохайрхан,20-р хороо,Толгойт-5 /18104/,
1439371,ТАЗ1728904624570,,Polygon,106.781004,47.913182,"Авто зам, замын байгууламжийн архитектур төлөвлөлтийн даалгавар",,,,Сонгинохайрхан,20-р хороо,Толгойт-5 /18104/,
1439372,ТАЗ1728904624746,,Polygon,106.78122,47.913161,"Авто зам, замын байгууламжийн архитектур төлөвлөлтийн даалгавар",,,,Сонгинохайрхан,20-р хороо,Толгойт-5 /18104/,
1439373,ТАЗ1728905046961,,Polygon,106.781631,47.913023,"Авто зам, замын байгууламжийн архитектур төлөвлөлтийн даалгавар",,,,Сонгинохайрхан,20-р хороо,Толгойт-5 /18104/,
1439374,ТАЗ1728905047063,,Polygon,106.781955,47.913238,"Авто зам, замын байгууламжийн архитектур төлөвлөлтийн даалгавар",,,,Сонгинохайрхан,20-р хороо,Толгойт-5 /18104/,
1439375,ТАЗ1728905047138,,Polygon,106.781838,47.913101,"Авто зам, замын байгууламжийн архитектур төлөвлөлтийн даалгавар",,,,Сонгинохайрхан,20-р хороо,Толгойт-5 /18104/,
1439376,ТАЗ1728905047253,,Polygon,106.781243,47.91296,"Авто зам, замын байгууламжийн архитектур төлөвлөлтийн даалгавар",,,,Сонгинохайрхан,20-р хороо,Толгойт-5 /18104/,
1439377,ТАЗ1728905047339,,Polygon,106.781208,47.913194,"Авто зам, замын байгууламжийн архитектур төлөвлөлтийн даалгавар",,,,Сонгинохайрхан,20-р хороо,Толгойт-5 /18104/,
1439378,ТАЗ1728905047430,,Polygon,106.781004,47.913182,"Авто зам, замын байгууламжийн архитектур төлөвлөлтийн даалгавар",,,,Сонгинохайрхан,20-р хороо,Толгойт-5 /18104/,
1439379,ТАЗ1728905047568,,Polygon,106.78122,47.913161,"Авто зам, замын байгууламжийн архитектур төлөвлөлтийн даалгавар",,,,Сонгинохайрхан,20-р хороо,Толгойт-5 /18104/,
1439403,ТАЗ1729046647779,,Polygon,106.692954,47.900129,"Авто зам, замын байгууламжийн архитектур төлөвлөлтийн даалгавар",,,,Сонгинохайрхан,32-р хороо,Тахилт-2 /18241/,
1439521,ТАЗ1729154049755,,Polygon,106.687824,47.922892,"Авто зам, замын байгууламжийн архитектур төлөвлөлтийн даалгавар",,,,Сонгинохайрхан,33-р хороо,Тахилт-2 /18241/,
1439522,ТАЗ1729154049909,,Polygon,106.687699,47.92306,"Авто зам, замын байгууламжийн архитектур төлөвлөлтийн даалгавар",,,,Сонгинохайрхан,33-р хороо,Тахилт-2 /18241/,
1439567,ТАЗ1729229868280,,Polygon,106.788606,47.948209,"Авто зам, замын байгууламжийн архитектур төлөвлөлтийн даалгавар",,,,Сонгинохайрхан,36-р хороо,Толгойт-6 /18105/,
1439568,ТАЗ1729229868377,,Polygon,106.78864,47.948138,"Авто зам, замын байгууламжийн архитектур төлөвлөлтийн даалгавар",,,,Сонгинохайрхан,36-р хороо,Толгойт-6 /18105/,
1439569,ТАЗ1729229868467,,Polygon,106.788727,47.94814,"Авто зам, замын байгууламжийн архитектур төлөвлөлтийн даалгавар",,,,Сонгинохайрхан,36-р хороо,Толгойт-6 /18105/,
1439620,ТАЗ1729320822624,,Polygon,107.16436,47.951867,"Авто зам, замын байгууламжийн архитектур төлөвлөлтийн даалгавар",,Амины орон сууцны хотхон,2024/00-454,Баянзүрх,33-р хороо,"Их ам, бага ам /13070/",
1439634,ТАЗ1729329992376,,Polygon,106.826139,47.87336,"Авто зам, замын байгууламжийн архитектур төлөвлөлтийн даалгавар",,"Шинэ гэр түншлэл ХХК, Үйлчилгээтэй орон сууц",,Хан-Уул,4-р хороо,Яармаг-1 /17110/,
1439635,ТАЗ1729329992469,,Polygon,106.826152,47.873448,"Авто зам, замын байгууламжийн архитектур төлөвлөлтийн даалгавар",,"Шинэ гэр түншлэл ХХК, Үйлчилгээтэй орон сууц",,Хан-Уул,4-р хороо,Яармаг-1 /17110/,
1439642,ТАЗ1729339030377,,Polygon,106.810587,47.868578,"Авто зам, замын байгууламжийн архитектур төлөвлөлтийн даалгавар",,,,Хан-Уул,6-р хороо,Яармаг-1 /17110/,
1439643,ТАЗ1729339030463,,Polygon,106.809933,47.868482,"Авто зам, замын байгууламжийн архитектур төлөвлөлтийн даалгавар",,,,Хан-Уул,6-р хороо,Яармаг-1 /17110/,
1439644,ТАЗ1729339059710,,Polygon,106.81044,47.868471,"Авто зам, замын байгууламжийн архитектур төлөвлөлтийн даалгавар",,Үйлчилгээтэй орон сууц,,Хан-Уул,6-р хороо,Яармаг-1 /17110/,
1439645,ТАЗ1729339059809,,Polygon,106.810274,47.868619,"Авто зам, замын байгууламжийн архитектур төлөвлөлтийн даалгавар",,Үйлчилгээтэй орон сууц,,Хан-Уул,6-р хороо,Яармаг-1 /17110/,
1439646,ТАЗ1729339059884,,Polygon,106.810952,47.868477,"Авто зам, замын байгууламжийн архитектур төлөвлөлтийн даалгавар",,Үйлчилгээтэй орон сууц,,Хан-Уул,6-р хороо,Яармаг-1 /17110/,
1439664,ТТА131729482519496,,Polygon,106.861422,47.877654,"Авто зам, замын байгууламжийн архитектур төлөвлөлтийн даалгавар",Авто замын барилга,,2024/00-812,Хан-Уул,24-р хороо,Хүүшийн ам /17080/,
1439692,ТТА131729500270488,,Polygon,106.783091,47.852169,"Авто зам, замын байгууламжийн архитектур төлөвлөлтийн даалгавар",Авто замын барилга,,2024/00-845,Хан-Уул,21-р хороо,Буянт Ухаа  хороолол-2 /17121/,
1439693,ТТА131729500402561,,Polygon,106.783225,47.853262,"Авто зам, замын байгууламжийн архитектур төлөвлөлтийн даалгавар",Авто замын барилга,,2024/00-845,Хан-Уул,21-р хороо,Буянт Ухаа  хороолол-2 /17121/,
1439702,ТАЗ1729555791920,,Polygon,106.985509,47.917918,"Авто зам, замын байгууламжийн архитектур төлөвлөлтийн даалгавар",,Үйлчилгээтэй орон сууц,,Баянзүрх,38-р хороо,Улаанхуаран-2 /13301/,
1439703,ТАЗ1729555792026,,Polygon,106.985951,47.917703,"Авто зам, замын байгууламжийн архитектур төлөвлөлтийн даалгавар",,,,Баянзүрх,38-р хороо,Улаанхуаран-2 /13301/,
1439704,ТАЗ1729555792109,,Polygon,106.985951,47.917703,"Авто зам, замын байгууламжийн архитектур төлөвлөлтийн даалгавар",,Үйлчилгээтэй орон сууц,,Баянзүрх,38-р хороо,Улаанхуаран-2 /13301/,
1439718,ТАЗ1729575281078,,Polygon,107.014718,47.905163,"Авто зам, замын байгууламжийн архитектур төлөвлөлтийн даалгавар",,Үйлчилгээтэй орон сууц,,Баянзүрх,12-р хороо,Амгалан-2 /13270/,
1439719,ТАЗ1729575281175,,Polygon,107.014805,47.905493,"Авто зам, замын байгууламжийн архитектур төлөвлөлтийн даалгавар",,Үйлчилгээтэй орон сууц,,Баянзүрх,12-р хороо,Амгалан-2 /13270/,
1439772,ТАЗ1729583168505,,Polygon,106.833735,47.837941,"Авто зам, замын байгууламжийн архитектур төлөвлөлтийн даалгавар",,,,Хан-Уул,23-р хороо,Нүхтийн ам /17090/,
1439773,ТАЗ1729583483989,,Polygon,106.833898,47.837908,"Авто зам, замын байгууламжийн архитектур төлөвлөлтийн даалгавар",,,,Хан-Уул,23-р хороо,Нүхтийн ам /17090/,
1439857,ТАЗ1729678464943,,Polygon,106.914829,47.905367,"Авто зам, замын байгууламжийн архитектур төлөвлөлтийн даалгавар",,,,Хан-Уул,15-р хороо,Стадион Оргил-1 /17010/,
1439863,ТАЗ1729678947062,,Polygon,106.914733,47.905585,"Авто зам, замын байгууламжийн архитектур төлөвлөлтийн даалгавар",,,,Хан-Уул,15-р хороо,Стадион Оргил-1 /17010/,
1439866,ТАЗ1729681470204,,Polygon,106.789234,47.901799,"Авто зам, замын байгууламжийн архитектур төлөвлөлтийн даалгавар",,,,Баянгол,20-р хороо,Үйлдвэрийн баруун бүс-3 /16102/,
1439871,ТАЗ1729737296181,,Polygon,106.858937,47.900203,"Авто зам, замын байгууламжийн архитектур төлөвлөлтийн даалгавар",,,,Хан-Уул,3-р хороо,Үйлдвэр 1-3 /17062/,
1439881,ТАЗ1729740205503,,MultiPolygon,107.056056,47.865552,"Авто зам, замын байгууламжийн архитектур төлөвлөлтийн даалгавар",,,,Баянзүрх,11-р хороо,Хүрхрээ /13240/,
1439891,ТАЗ1729749205377,,Polygon,106.880619,47.907222,"Авто зам, замын байгууламжийн архитектур төлөвлөлтийн даалгавар",,,,Баянгол,24-р хороо,Үйлдвэрийн төвийн бүс-3 /16030/,
1440169,ТАЗ1730339579398,,Polygon,106.92435,47.90479,"Авто зам, замын байгууламжийн архитектур төлөвлөлтийн даалгавар",,,,Хан-Уул,15-р хороо,Стадион Оргил-1 /17010/,
1440178,ТТА131730354712074,,Polygon,107.238169,47.775611,"Авто зам, замын байгууламжийн архитектур төлөвлөлтийн даалгавар",Авто замын барилга,,2024/00-871,Налайх,7-р хороо,Бадрал /12800/,
1440220,ТАЗ1730690484718,,Polygon,106.78676,47.894369,"Авто зам, замын байгууламжийн архитектур төлөвлөлтийн даалгавар",,Авто зам талбай,2024/00-313,Баянгол,20-р хороо,Үйлдвэрийн баруун бүс-3 /16102/,
1440262,ТТА181730793834047,,Polygon,106.935741,47.910448,"Авто зам, замын байгууламжийн архитектур төлөвлөлтийн даалгавар",Авто замын барилга,,2024/00-875,Баянзүрх,43-р хороо,"13-р хороолол 2-5 /13374/, 13-р хороолол 2-3 /13372/",Нарны зам
1440263,ТТА181730793834166,,Polygon,106.938448,47.910411,"Авто зам, замын байгууламжийн архитектур төлөвлөлтийн даалгавар",Авто замын барилга,,2024/00-875,Баянзүрх,"43-р хороо, 18-р хороо, 25-р хороо",13-р хороолол 2-3 /13372/,Нарны зам
1440264,ТТА181730793834327,,Polygon,106.940045,47.910397,"Авто зам, замын байгууламжийн архитектур төлөвлөлтийн даалгавар",Авто замын барилга,,2024/00-875,Баянзүрх,"18-р хороо, 25-р хороо","13-р хороолол 2-3 /13372/, 13-р хороолол 2-2 /13371/",Нарны зам
1440293,ТАЗ1730858480443,,Polygon,106.784395,47.837005,"Авто зам, замын байгууламжийн архитектур төлөвлөлтийн даалгавар",,,,Хан-Уул,21-р хороо,Буянт Ухаа  хороолол-2 /17121/,
1440574,ТТА141731030273616,,Polygon,106.78685,47.837192,"Авто зам, замын байгууламжийн архитектур төлөвлөлтийн даалгавар",Авто замын барилга,,2024/00-882,Хан-Уул,"8-р хороо, 21-р хороо","Буянт Ухаа  хороолол-2 /17121/, Дарга толгойн хэсэг /17102/",
1440619,ТАЗ1731287818449,,Polygon,106.997654,47.921409,"Авто зам, замын байгууламжийн архитектур төлөвлөлтийн даалгавар",,,,Баянзүрх,8-р хороо,Шар хад-1 /13280/,
1440620,ТАЗ1731287818640,,Polygon,106.99749,47.921023,"Авто зам, замын байгууламжийн архитектур төлөвлөлтийн даалгавар",,,,Баянзүрх,"8-р хороо, 38-р хороо",Шар хад-1 /13280/,
1440686,ТАЗ1731315522774,,Polygon,106.835329,47.8676,"Авто зам, замын байгууламжийн архитектур төлөвлөлтийн даалгавар",,,,Хан-Уул,23-р хороо,Арцатын ам /17100/,
1440709,ТАЗ1731378268465,,Polygon,106.820318,47.931024,"Авто зам, замын байгууламжийн архитектур төлөвлөлтийн даалгавар",,,,Сонгинохайрхан,6-р хороо,Ханын материал-1 /18060/,
1440718,ТАЗ1731379580030,,Polygon,106.834374,47.898597,"Авто зам, замын байгууламжийн архитектур төлөвлөлтийн даалгавар",,,,Баянгол,29-р хороо,Үйлдвэрийн баруун бүс-1 /16100/,
1440785,ТАЗ1731393355811,,Polygon,107.041629,47.920054,"Авто зам, замын байгууламжийн архитектур төлөвлөлтийн даалгавар",,,,Баянзүрх,35-р хороо,Улиастай /13250/,
1440787,ТАЗ1731394233857,,Polygon,107.041425,47.920161,"Авто зам, замын байгууламжийн архитектур төлөвлөлтийн даалгавар",,,,Баянзүрх,35-р хороо,Улиастай /13250/,
1440788,ТАЗ1731395371802,,Polygon,106.822019,47.935694,"Авто зам, замын байгууламжийн архитектур төлөвлөлтийн даалгавар",,,,Сонгинохайрхан,6-р хороо,Ханын материал-1 /18060/,
1440813,ТАЗ1731473639357,,Polygon,106.839851,47.861856,"Авто зам, замын байгууламжийн архитектур төлөвлөлтийн даалгавар",,,,Хан-Уул,23-р хороо,Арцатын ам /17100/,
1440814,ТАЗ1731473639453,,Polygon,106.839876,47.861959,"Авто зам, замын байгууламжийн архитектур төлөвлөлтийн даалгавар",,,,Хан-Уул,23-р хороо,Арцатын ам /17100/,
1440840,ТАЗ1731546546640,,Polygon,106.849178,47.86248,"Авто зам, замын байгууламжийн архитектур төлөвлөлтийн даалгавар",,,,Хан-Уул,23-р хороо,Арцатын ам /17100/,
1440844,ТТА181731547006171,,Polygon,106.865869,47.90255,"Авто зам, замын байгууламжийн архитектур төлөвлөлтийн даалгавар",Авто замын барилга,,2024/00-898,Хан-Уул,3-р хороо,Үйлдвэр 1-3 /17062/,
1440938,ТАЗ1731641784465,,Polygon,106.946104,47.920933,"Авто зам, замын байгууламжийн архитектур төлөвлөлтийн даалгавар",,,,Баянзүрх,4-р хороо,15-р хороолол-5 /13344/,
1440949,ТАЗ1731645945016,,Polygon,106.864061,47.905971,"Авто зам, замын байгууламжийн архитектур төлөвлөлтийн даалгавар",,,,Баянгол,25-р хороо,Үйлдвэрийн төвийн бүс-3 /16030/,Баруун үйлдвэрийн гудамж
1440976,ТАЗ1731651529355,,Polygon,106.80897,47.851915,"Авто зам, замын байгууламжийн архитектур төлөвлөлтийн даалгавар",,,,Хан-Уул,8-р хороо,"Морин тойруулга, наадамчдын талбай /17101/",
1440984,ТАЗ1731656737509,,Polygon,106.789973,47.938525,"Авто зам, замын байгууламжийн архитектур төлөвлөлтийн даалгавар",,,,Сонгинохайрхан,26-р хороо,Толгойт-6 /18105/,
1440997,ТАЗ1731893897559,,Polygon,106.778727,47.859831,"Авто зам, замын байгууламжийн архитектур төлөвлөлтийн даалгавар",,,,Хан-Уул,25-р хороо,Буянт Ухаа  хороолол-1 /17120/,
1440998,ТАЗ1731893897698,,Polygon,106.779156,47.859919,"Авто зам, замын байгууламжийн архитектур төлөвлөлтийн даалгавар",,,,Хан-Уул,25-р хороо,Буянт Ухаа  хороолол-1 /17120/,
1441020,ТАЗ1731915131759,,Polygon,106.990418,47.918284,"Авто зам, замын байгууламжийн архитектур төлөвлөлтийн даалгавар",,,,Баянзүрх,38-р хороо,"Улаанхуаран-2 /13301/, Шар хад-1 /13280/",
1441021,ТАЗ1731915131913,,Polygon,106.990925,47.918374,"Авто зам, замын байгууламжийн архитектур төлөвлөлтийн даалгавар",,,,Баянзүрх,38-р хороо,Шар хад-1 /13280/,
1441022,ТАЗ1731915131998,,Polygon,106.991377,47.918353,"Авто зам, замын байгууламжийн архитектур төлөвлөлтийн даалгавар",,,,Баянзүрх,38-р хороо,Шар хад-1 /13280/,
1441023,ТАЗ1731915132067,,Polygon,106.990772,47.918222,"Авто зам, замын байгууламжийн архитектур төлөвлөлтийн даалгавар",,,,Баянзүрх,38-р хороо,Шар хад-1 /13280/,
1441024,ТАЗ1731915132136,,Polygon,106.990671,47.918106,"Авто зам, замын байгууламжийн архитектур төлөвлөлтийн даалгавар",,,,Баянзүрх,38-р хороо,Шар хад-1 /13280/,
1441025,ТАЗ1731915132199,,Polygon,106.990231,47.918104,"Авто зам, замын байгууламжийн архитектур төлөвлөлтийн даалгавар",,,,Баянзүрх,38-р хороо,Улаанхуаран-2 /13301/,
1441026,ТАЗ1731915132273,,Polygon,106.990395,47.917858,"Авто зам, замын байгууламжийн архитектур төлөвлөлтийн даалгавар",,,,Баянзүрх,38-р хороо,"Улаанхуаран-2 /13301/, Шар хад-1 /13280/",
1441027,ТАЗ1731915132364,,Polygon,106.990697,47.917797,"Авто зам, замын байгууламжийн архитектур төлөвлөлтийн даалгавар",,,,Баянзүрх,38-р хороо,Шар хад-1 /13280/,
1441028,ТАЗ1731915132494,,Polygon,106.991026,47.917686,"Авто зам, замын байгууламжийн архитектур төлөвлөлтийн даалгавар",,,,Баянзүрх,38-р хороо,Шар хад-1 /13280/,
1441029,ТАЗ1731915132580,,Polygon,106.991182,47.917341,"Авто зам, замын байгууламжийн архитектур төлөвлөлтийн даалгавар",,,,Баянзүрх,38-р хороо,Шар хад-1 /13280/,
1441034,ТАЗ1731916517442,,Polygon,106.990834,47.917665,"Авто зам, замын байгууламжийн архитектур төлөвлөлтийн даалгавар",,,,Баянзүрх,38-р хороо,Шар хад-1 /13280/,
1441035,ТАЗ1731916517547,,Polygon,106.990979,47.918108,"Авто зам, замын байгууламжийн архитектур төлөвлөлтийн даалгавар",,,,Баянзүрх,38-р хороо,Шар хад-1 /13280/,
1441036,ТАЗ1731916517753,,Polygon,106.990197,47.91811,"Авто зам, замын байгууламжийн архитектур төлөвлөлтийн даалгавар",,,,Баянзүрх,38-р хороо,"Улаанхуаран-2 /13301/, Шар хад-1 /13280/",
1441037,ТАЗ1731916517845,,Polygon,106.990304,47.918018,"Авто зам, замын байгууламжийн архитектур төлөвлөлтийн даалгавар",,,,Баянзүрх,38-р хороо,"Улаанхуаран-2 /13301/, Шар хад-1 /13280/",
1441079,ТАЗ1732008152131,,Polygon,107.249915,47.778184,"Авто зам, замын байгууламжийн архитектур төлөвлөлтийн даалгавар",,,,Налайх,1-р хороо,Уурхайчин /12750/,
1441081,ТАЗ1732009209463,,Polygon,107.250034,47.778082,"Авто зам, замын байгууламжийн архитектур төлөвлөлтийн даалгавар",,,,Налайх,1-р хороо,Уурхайчин /12750/,
1441096,ТАЗ1732074307585,,Polygon,106.994305,47.912031,"Авто зам, замын байгууламжийн архитектур төлөвлөлтийн даалгавар",,,,Баянзүрх,12-р хороо,Амгалан-2 /13270/,
1441097,ТАЗ1732074307685,,Polygon,106.994564,47.912146,"Авто зам, замын байгууламжийн архитектур төлөвлөлтийн даалгавар",,,,Баянзүрх,12-р хороо,Амгалан-2 /13270/,
1441107,ТАЗ1732081653424,,Polygon,106.994488,47.911964,"Авто зам, замын байгууламжийн архитектур төлөвлөлтийн даалгавар",,,,Баянзүрх,12-р хороо,"Амгалан-2 /13270/, Амгалан-3 /13271/",
1441124,ТАЗ1732089798355,,Polygon,106.94762,47.986215,"Авто зам, замын байгууламжийн архитектур төлөвлөлтийн даалгавар",,,,Сүхбаатар,16-р хороо,Дамбадаржаа-2 /14061/,
1441125,ТАЗ1732089798473,,Polygon,106.947632,47.986254,"Авто зам, замын байгууламжийн архитектур төлөвлөлтийн даалгавар",,,,Сүхбаатар,16-р хороо,Дамбадаржаа-2 /14061/,
1441126,ТАЗ1732089798575,,Polygon,106.947745,47.986234,"Авто зам, замын байгууламжийн архитектур төлөвлөлтийн даалгавар",,,,Сүхбаатар,16-р хороо,Дамбадаржаа-2 /14061/,
1441148,ТТА161732153997550,,Polygon,106.798183,47.844519,"Авто зам, замын байгууламжийн архитектур төлөвлөлтийн даалгавар",Авто замын барилга,,2024/00-929,Хан-Уул,"8-р хороо, 21-р хороо","Буянт Ухаа  хороолол-2 /17121/, Дарга толгойн хэсэг /17102/",Архивчдын гудамж
1441153,ТАЗ1732157936229,,Polygon,106.910683,47.937542,"Авто зам, замын байгууламжийн архитектур төлөвлөлтийн даалгавар",,,,Сүхбаатар,9-р хороо,7-р хороолол-3 /14182/,
1441173,ТТА111732178172472,,Polygon,106.914306,47.93702,"Авто зам, замын байгууламжийн архитектур төлөвлөлтийн даалгавар",Авто замын барилга,,2024/00-932,Сүхбаатар,11-р хороо,7-р хороолол-3 /14182/,Ногоон нуурын гудамж
1441176,ТАЗ1732240141826,,Polygon,107.26968,47.729253,"Авто зам, замын байгууламжийн архитектур төлөвлөлтийн даалгавар",,,,Налайх,3-р хороо,Баян /12614/,
1441197,ТАЗ1732242032176,,Polygon,106.803712,47.864759,"Авто зам, замын байгууламжийн архитектур төлөвлөлтийн даалгавар",,,,Хан-Уул,7-р хороо,Яармаг-2  /17111/,
1441275,ТАЗ1732256200925,,Polygon,106.801825,47.844869,"Авто зам, замын байгууламжийн архитектур төлөвлөлтийн даалгавар",,,,Хан-Уул,8-р хороо,Дарга толгойн хэсэг /17102/,
1441276,ТАЗ1732256201225,,Polygon,106.804203,47.842633,"Авто зам, замын байгууламжийн архитектур төлөвлөлтийн даалгавар",,,,Хан-Уул,8-р хороо,Дарга толгойн хэсэг /17102/,
1441637,ТТА131733646714092,,Polygon,106.8188,47.849187,"Авто зам, замын байгууламжийн архитектур төлөвлөлтийн даалгавар",Авто замын барилга,,2024/00-961,Хан-Уул,8-р хороо,"Морин тойруулга, наадамчдын талбай /17101/",
1441685,ТТА141733887280048,,Polygon,107.48833,47.354192,"Авто зам, замын байгууламжийн архитектур төлөвлөлтийн даалгавар",Авто замын барилга,,2024/00-993,Багахангай,2-р хороо,"Өртөөний хэсэг /12310/, Замчин-БХД /12314/, Нуур /12312/",
1441713,ТАЗ1733900034618,,Polygon,106.973304,47.914895,"Авто зам, замын байгууламжийн архитектур төлөвлөлтийн даалгавар",,,,Баянзүрх,13-р хороо,14-р хороолол-1 /13330/,
1441714,ТАЗ1733900034712,,Polygon,106.97421,47.914012,"Авто зам, замын байгууламжийн архитектур төлөвлөлтийн даалгавар",,,,Баянзүрх,13-р хороо,14-р хороолол-1 /13330/,
1441861,ТАЗ1734408044559,,Polygon,106.883038,47.89416,"Авто зам, замын байгууламжийн архитектур төлөвлөлтийн даалгавар",,,,Хан-Уул,20-р хороо,Үйлдвэр 2-4 /17043/,
1441908,ТАЗ1734481189261,,Polygon,106.883038,47.89416,"Авто зам, замын байгууламжийн архитектур төлөвлөлтийн даалгавар",,,,Хан-Уул,20-р хороо,Үйлдвэр 2-4 /17043/,
1441909,ТАЗ1734481213692,,Polygon,106.883216,47.893651,"Авто зам, замын байгууламжийн архитектур төлөвлөлтийн даалгавар",,,,Хан-Уул,20-р хороо,Үйлдвэр 2-4 /17043/,
1441910,ТАЗ1734481213797,,Polygon,106.883211,47.894195,"Авто зам, замын байгууламжийн архитектур төлөвлөлтийн даалгавар",,,,Хан-Уул,20-р хороо,Үйлдвэр 2-4 /17043/,
1441911,ТАЗ1734481213895,,Polygon,106.883308,47.893947,"Авто зам, замын байгууламжийн архитектур төлөвлөлтийн даалгавар",,,,Хан-Уул,20-р хороо,Үйлдвэр 2-4 /17043/,
1441912,ТАЗ1734481213993,,Polygon,106.883169,47.893778,"Авто зам, замын байгууламжийн архитектур төлөвлөлтийн даалгавар",,,,Хан-Уул,20-р хороо,Үйлдвэр 2-4 /17043/,
1441913,ТАЗ1734481214096,,Polygon,106.883457,47.89374,"Авто зам, замын байгууламжийн архитектур төлөвлөлтийн даалгавар",,,,Хан-Уул,20-р хороо,Үйлдвэр 2-4 /17043/,
1441914,ТАЗ1734481214177,,Polygon,106.883459,47.894204,"Авто зам, замын байгууламжийн архитектур төлөвлөлтийн даалгавар",,,,Хан-Уул,20-р хороо,Үйлдвэр 2-4 /17043/,
1441915,ТАЗ1734481214279,,Polygon,106.88279,47.893619,"Авто зам, замын байгууламжийн архитектур төлөвлөлтийн даалгавар",,,,Хан-Уул,20-р хороо,Үйлдвэр 2-4 /17043/,
1441916,ТАЗ1734481214353,,Polygon,106.882769,47.893512,"Авто зам, замын байгууламжийн архитектур төлөвлөлтийн даалгавар",,,,Хан-Уул,20-р хороо,Үйлдвэр 2-4 /17043/,
1441919,ТАЗ1734482368238,,Polygon,106.990353,48.016749,"Авто зам, замын байгууламжийн архитектур төлөвлөлтийн даалгавар",,,,Сүхбаатар,20-р хороо,Бэлх-2 /14051/,
1441933,ТАЗ1734484690887,,Polygon,106.708795,47.786681,"Авто зам, замын байгууламжийн архитектур төлөвлөлтийн даалгавар",,,,Хан-Уул,14-р хороо,Өлзийт-1 /17150/,
1441963,ТАЗ1734491416810,,LineString,106.918168,47.908402,"Авто зам, замын байгууламжийн архитектур төлөвлөлтийн даалгавар",,,,Сүхбаатар,1-р хороо,Соёл амралтын хүрээлэн-2 /14241/,
1441968,ТАЗ1734491417268,,LineString,106.918343,47.904809,"Авто зам, замын байгууламжийн архитектур төлөвлөлтийн даалгавар",,,,Хан-Уул,15-р хороо,Стадион Оргил-1 /17010/,
1441973,ТАЗ1734491417812,,LineString,106.91809,47.909631,"Авто зам, замын байгууламжийн архитектур төлөвлөлтийн даалгавар",,,,Сүхбаатар,1-р хороо,Соёл амралтын хүрээлэн-2 /14241/,
1441976,ТАЗ1734491418039,,LineString,106.918159,47.904804,"Авто зам, замын байгууламжийн архитектур төлөвлөлтийн даалгавар",,,,Хан-Уул,15-р хороо,Стадион Оргил-1 /17010/,
1441977,ТАЗ1734491418114,,LineString,106.918159,47.904804,"Авто зам, замын байгууламжийн архитектур төлөвлөлтийн даалгавар",,,,Хан-Уул,15-р хороо,Стадион Оргил-1 /17010/,
1441978,ТАЗ1734491418250,,LineString,106.918342,47.904811,"Авто зам, замын байгууламжийн архитектур төлөвлөлтийн даалгавар",,,,Хан-Уул,15-р хороо,Стадион Оргил-1 /17010/,
1441979,ТАЗ1734491418315,,LineString,106.91834,47.904811,"Авто зам, замын байгууламжийн архитектур төлөвлөлтийн даалгавар",,,,Хан-Уул,15-р хороо,Стадион Оргил-1 /17010/,
1441980,ТАЗ1734491418381,,LineString,106.918341,47.904811,"Авто зам, замын байгууламжийн архитектур төлөвлөлтийн даалгавар",,,,Хан-Уул,15-р хороо,Стадион Оргил-1 /17010/,
1441981,ТАЗ1734491418451,,LineString,106.918342,47.904811,"Авто зам, замын байгууламжийн архитектур төлөвлөлтийн даалгавар",,,,Хан-Уул,15-р хороо,Стадион Оргил-1 /17010/,
1441982,ТАЗ1734491418526,,LineString,106.918342,47.904809,"Авто зам, замын байгууламжийн архитектур төлөвлөлтийн даалгавар",,,,Хан-Уул,15-р хороо,Стадион Оргил-1 /17010/,
1441983,ТАЗ1734491418595,,LineString,106.918342,47.904808,"Авто зам, замын байгууламжийн архитектур төлөвлөлтийн даалгавар",,,,Хан-Уул,15-р хороо,Стадион Оргил-1 /17010/,
1441984,ТАЗ1734491418675,,LineString,106.918341,47.904807,"Авто зам, замын байгууламжийн архитектур төлөвлөлтийн даалгавар",,,,Хан-Уул,15-р хороо,Стадион Оргил-1 /17010/,
1441985,ТАЗ1734491418743,,LineString,106.91834,47.904807,"Авто зам, замын байгууламжийн архитектур төлөвлөлтийн даалгавар",,,,Хан-Уул,15-р хороо,Стадион Оргил-1 /17010/,
1441986,ТАЗ1734491418812,,LineString,106.918343,47.904807,"Авто зам, замын байгууламжийн архитектур төлөвлөлтийн даалгавар",,,,Хан-Уул,15-р хороо,Стадион Оргил-1 /17010/,
1441987,ТАЗ1734491418880,,LineString,106.918345,47.904807,"Авто зам, замын байгууламжийн архитектур төлөвлөлтийн даалгавар",,,,Хан-Уул,15-р хороо,Стадион Оргил-1 /17010/,
1441988,ТАЗ1734491418949,,LineString,106.918344,47.904807,"Авто зам, замын байгууламжийн архитектур төлөвлөлтийн даалгавар",,,,Хан-Уул,15-р хороо,Стадион Оргил-1 /17010/,
1441989,ТАЗ1734491419024,,LineString,106.918343,47.904808,"Авто зам, замын байгууламжийн архитектур төлөвлөлтийн даалгавар",,,,Хан-Уул,15-р хороо,Стадион Оргил-1 /17010/,
1441990,ТАЗ1734491419099,,LineString,106.918343,47.904809,"Авто зам, замын байгууламжийн архитектур төлөвлөлтийн даалгавар",,,,Хан-Уул,15-р хороо,Стадион Оргил-1 /17010/,
1441991,ТАЗ1734491419166,,LineString,106.918343,47.904811,"Авто зам, замын байгууламжийн архитектур төлөвлөлтийн даалгавар",,,,Хан-Уул,15-р хороо,Стадион Оргил-1 /17010/,
1441992,ТАЗ1734491419242,,LineString,106.918344,47.904811,"Авто зам, замын байгууламжийн архитектур төлөвлөлтийн даалгавар",,,,Хан-Уул,15-р хороо,Стадион Оргил-1 /17010/,
1441993,ТАЗ1734491419309,,LineString,106.918345,47.904811,"Авто зам, замын байгууламжийн архитектур төлөвлөлтийн даалгавар",,,,Хан-Уул,15-р хороо,Стадион Оргил-1 /17010/,
1441994,ТАЗ1734491419377,,LineString,106.918248,47.904807,"Авто зам, замын байгууламжийн архитектур төлөвлөлтийн даалгавар",,,,Хан-Уул,15-р хороо,Стадион Оргил-1 /17010/,
1441995,ТАЗ1734491419498,,LineString,106.918254,47.904807,"Авто зам, замын байгууламжийн архитектур төлөвлөлтийн даалгавар",,,,Хан-Уул,15-р хороо,Стадион Оргил-1 /17010/,
1441996,ТАЗ1734491419606,,LineString,106.918244,47.904936,"Авто зам, замын байгууламжийн архитектур төлөвлөлтийн даалгавар",,,,Хан-Уул,15-р хороо,Стадион Оргил-1 /17010/,
1441997,ТАЗ1734491419661,,LineString,106.918244,47.904936,"Авто зам, замын байгууламжийн архитектур төлөвлөлтийн даалгавар",,,,Хан-Уул,15-р хороо,Стадион Оргил-1 /17010/,
1441998,ТАЗ1734491419720,,LineString,106.918152,47.904934,"Авто зам, замын байгууламжийн архитектур төлөвлөлтийн даалгавар",,,,Хан-Уул,15-р хороо,Стадион Оргил-1 /17010/,
1441999,ТАЗ1734491419784,,LineString,106.918152,47.904934,"Авто зам, замын байгууламжийн архитектур төлөвлөлтийн даалгавар",,,,Хан-Уул,15-р хороо,Стадион Оргил-1 /17010/,
1442000,ТАЗ1734491419853,,LineString,106.918244,47.904936,"Авто зам, замын байгууламжийн архитектур төлөвлөлтийн даалгавар",,,,Хан-Уул,15-р хороо,Стадион Оргил-1 /17010/,
1442001,ТАЗ1734491419923,,LineString,106.918152,47.904934,"Авто зам, замын байгууламжийн архитектур төлөвлөлтийн даалгавар",,,,Хан-Уул,15-р хороо,Стадион Оргил-1 /17010/,
1442002,ТАЗ1734491420041,,LineString,106.918335,47.904939,"Авто зам, замын байгууламжийн архитектур төлөвлөлтийн даалгавар",,,,Хан-Уул,15-р хороо,Стадион Оргил-1 /17010/,
1442003,ТАЗ1734491420148,,LineString,106.91824,47.904936,"Авто зам, замын байгууламжийн архитектур төлөвлөлтийн даалгавар",,,,Хан-Уул,15-р хороо,Стадион Оргил-1 /17010/,
1442004,ТАЗ1734491420253,,LineString,106.918247,47.904937,"Авто зам, замын байгууламжийн архитектур төлөвлөлтийн даалгавар",,,,Хан-Уул,15-р хороо,Стадион Оргил-1 /17010/,
1442005,ТАЗ1734491420374,,LineString,106.918335,47.904939,"Авто зам, замын байгууламжийн архитектур төлөвлөлтийн даалгавар",,,,Хан-Уул,15-р хороо,Стадион Оргил-1 /17010/,
1442006,ТАЗ1734491420431,,LineString,106.918335,47.904939,"Авто зам, замын байгууламжийн архитектур төлөвлөлтийн даалгавар",,,,Хан-Уул,15-р хороо,Стадион Оргил-1 /17010/,
1442007,ТАЗ1734491420492,,LineString,106.918236,47.905066,"Авто зам, замын байгууламжийн архитектур төлөвлөлтийн даалгавар",,,,Хан-Уул,15-р хороо,Стадион Оргил-1 /17010/,
1442008,ТАЗ1734491420560,,LineString,106.918236,47.905066,"Авто зам, замын байгууламжийн архитектур төлөвлөлтийн даалгавар",,,,Хан-Уул,15-р хороо,Стадион Оргил-1 /17010/,
1442009,ТАЗ1734491420629,,LineString,106.918144,47.905064,"Авто зам, замын байгууламжийн архитектур төлөвлөлтийн даалгавар",,,,Хан-Уул,15-р хороо,Стадион Оргил-1 /17010/,
1442010,ТАЗ1734491420697,,LineString,106.918144,47.905064,"Авто зам, замын байгууламжийн архитектур төлөвлөлтийн даалгавар",,,,Хан-Уул,15-р хороо,Стадион Оргил-1 /17010/,
1442011,ТАЗ1734491420766,,LineString,106.918236,47.905066,"Авто зам, замын байгууламжийн архитектур төлөвлөлтийн даалгавар",,,,Хан-Уул,15-р хороо,Стадион Оргил-1 /17010/,
1442013,ТАЗ1734491420955,,LineString,106.918328,47.905069,"Авто зам, замын байгууламжийн архитектур төлөвлөлтийн даалгавар",,,,Хан-Уул,15-р хороо,Стадион Оргил-1 /17010/,
1442014,ТАЗ1734491421065,,LineString,106.918233,47.905066,"Авто зам, замын байгууламжийн архитектур төлөвлөлтийн даалгавар",,,,Хан-Уул,15-р хороо,Стадион Оргил-1 /17010/,
1442015,ТАЗ1734491421167,,LineString,106.918239,47.905066,"Авто зам, замын байгууламжийн архитектур төлөвлөлтийн даалгавар",,,,Хан-Уул,15-р хороо,Стадион Оргил-1 /17010/,
1442016,ТАЗ1734491421269,,LineString,106.918328,47.905069,"Авто зам, замын байгууламжийн архитектур төлөвлөлтийн даалгавар",,,,Хан-Уул,15-р хороо,Стадион Оргил-1 /17010/,
1442017,ТАЗ1734491421321,,LineString,106.918328,47.905069,"Авто зам, замын байгууламжийн архитектур төлөвлөлтийн даалгавар",,,,Хан-Уул,15-р хороо,Стадион Оргил-1 /17010/,
1442018,ТАЗ1734491421377,,LineString,106.918229,47.905196,"Авто зам, замын байгууламжийн архитектур төлөвлөлтийн даалгавар",,,,Хан-Уул,15-р хороо,Стадион Оргил-1 /17010/,
1442024,ТАЗ1734491421858,,LineString,106.91832,47.905198,"Авто зам, замын байгууламжийн архитектур төлөвлөлтийн даалгавар",,,,Хан-Уул,15-р хороо,Стадион Оргил-1 /17010/,
1442025,ТАЗ1734491421972,,LineString,106.918225,47.905196,"Авто зам, замын байгууламжийн архитектур төлөвлөлтийн даалгавар",,,,Хан-Уул,15-р хороо,Стадион Оргил-1 /17010/,
1442028,ТАЗ1734491422257,,LineString,106.918229,47.905185,"Авто зам, замын байгууламжийн архитектур төлөвлөлтийн даалгавар",,,,Хан-Уул,15-р хороо,Стадион Оргил-1 /17010/,
1442037,ТАЗ1734491422905,,LineString,106.91832,47.905198,"Авто зам, замын байгууламжийн архитектур төлөвлөлтийн даалгавар",,,,Хан-Уул,15-р хороо,Стадион Оргил-1 /17010/,
1442038,ТАЗ1734491422973,,LineString,106.918075,47.909111,"Авто зам, замын байгууламжийн архитектур төлөвлөлтийн даалгавар",,,,Сүхбаатар,1-р хороо,Соёл амралтын хүрээлэн-2 /14241/,
1442039,ТАЗ1734491423042,,LineString,106.918075,47.909111,"Авто зам, замын байгууламжийн архитектур төлөвлөлтийн даалгавар",,,,Сүхбаатар,1-р хороо,Соёл амралтын хүрээлэн-2 /14241/,
1442040,ТАЗ1734491423111,,LineString,106.917984,47.909108,"Авто зам, замын байгууламжийн архитектур төлөвлөлтийн даалгавар",,,,Сүхбаатар,1-р хороо,Соёл амралтын хүрээлэн-2 /14241/,
1442041,ТАЗ1734491423180,,LineString,106.917984,47.909108,"Авто зам, замын байгууламжийн архитектур төлөвлөлтийн даалгавар",,,,Сүхбаатар,1-р хороо,Соёл амралтын хүрээлэн-2 /14241/,
1442042,ТАЗ1734491423249,,LineString,106.918075,47.909111,"Авто зам, замын байгууламжийн архитектур төлөвлөлтийн даалгавар",,,,Сүхбаатар,1-р хороо,Соёл амралтын хүрээлэн-2 /14241/,
1442043,ТАЗ1734491423317,,LineString,106.917984,47.909108,"Авто зам, замын байгууламжийн архитектур төлөвлөлтийн даалгавар",,,,Сүхбаатар,1-р хороо,Соёл амралтын хүрээлэн-2 /14241/,
1442044,ТАЗ1734491423435,,LineString,106.918167,47.909113,"Авто зам, замын байгууламжийн архитектур төлөвлөлтийн даалгавар",,,,Сүхбаатар,1-р хороо,Соёл амралтын хүрээлэн-2 /14241/,
1442045,ТАЗ1734491423545,,LineString,106.918072,47.90911,"Авто зам, замын байгууламжийн архитектур төлөвлөлтийн даалгавар",,,,Сүхбаатар,1-р хороо,Соёл амралтын хүрээлэн-2 /14241/,
1442046,ТАЗ1734491423836,,LineString,106.918079,47.909111,"Авто зам, замын байгууламжийн архитектур төлөвлөлтийн даалгавар",,,,Сүхбаатар,1-р хороо,Соёл амралтын хүрээлэн-2 /14241/,
1442047,ТАЗ1734491423990,,LineString,106.918167,47.909113,"Авто зам, замын байгууламжийн архитектур төлөвлөлтийн даалгавар",,,,Сүхбаатар,1-р хороо,Соёл амралтын хүрээлэн-2 /14241/,
1442048,ТАЗ1734491424064,,LineString,106.918167,47.909113,"Авто зам, замын байгууламжийн архитектур төлөвлөлтийн даалгавар",,,,Сүхбаатар,1-р хороо,Соёл амралтын хүрээлэн-2 /14241/,
1442049,ТАЗ1734491424140,,LineString,106.918067,47.90924,"Авто зам, замын байгууламжийн архитектур төлөвлөлтийн даалгавар",,,,Сүхбаатар,1-р хороо,Соёл амралтын хүрээлэн-2 /14241/,
1442050,ТАЗ1734491424210,,LineString,106.918067,47.90924,"Авто зам, замын байгууламжийн архитектур төлөвлөлтийн даалгавар",,,,Сүхбаатар,1-р хороо,Соёл амралтын хүрээлэн-2 /14241/,
1442051,ТАЗ1734491424276,,LineString,106.917976,47.909238,"Авто зам, замын байгууламжийн архитектур төлөвлөлтийн даалгавар",,,,Сүхбаатар,1-р хороо,Соёл амралтын хүрээлэн-2 /14241/,
1442052,ТАЗ1734491424348,,LineString,106.917976,47.909238,"Авто зам, замын байгууламжийн архитектур төлөвлөлтийн даалгавар",,,,Сүхбаатар,1-р хороо,Соёл амралтын хүрээлэн-2 /14241/,
1442053,ТАЗ1734491424415,,LineString,106.918067,47.90924,"Авто зам, замын байгууламжийн архитектур төлөвлөлтийн даалгавар",,,,Сүхбаатар,1-р хороо,Соёл амралтын хүрээлэн-2 /14241/,
1442054,ТАЗ1734491424484,,LineString,106.917976,47.909238,"Авто зам, замын байгууламжийн архитектур төлөвлөлтийн даалгавар",,,,Сүхбаатар,1-р хороо,Соёл амралтын хүрээлэн-2 /14241/,
1442055,ТАЗ1734491424603,,LineString,106.918159,47.909243,"Авто зам, замын байгууламжийн архитектур төлөвлөлтийн даалгавар",,,,Сүхбаатар,1-р хороо,Соёл амралтын хүрээлэн-2 /14241/,
1442056,ТАЗ1734491424710,,LineString,106.918064,47.90924,"Авто зам, замын байгууламжийн архитектур төлөвлөлтийн даалгавар",,,,Сүхбаатар,1-р хороо,Соёл амралтын хүрээлэн-2 /14241/,
1442057,ТАЗ1734491424814,,LineString,106.91807,47.90924,"Авто зам, замын байгууламжийн архитектур төлөвлөлтийн даалгавар",,,,Сүхбаатар,1-р хороо,Соёл амралтын хүрээлэн-2 /14241/,
1442058,ТАЗ1734491424916,,LineString,106.918159,47.909243,"Авто зам, замын байгууламжийн архитектур төлөвлөлтийн даалгавар",,,,Сүхбаатар,1-р хороо,Соёл амралтын хүрээлэн-2 /14241/,
1442059,ТАЗ1734491424968,,LineString,106.918159,47.909243,"Авто зам, замын байгууламжийн архитектур төлөвлөлтийн даалгавар",,,,Сүхбаатар,1-р хороо,Соёл амралтын хүрээлэн-2 /14241/,
1442060,ТАЗ1734491425024,,LineString,106.918059,47.90937,"Авто зам, замын байгууламжийн архитектур төлөвлөлтийн даалгавар",,,,Сүхбаатар,1-р хороо,Соёл амралтын хүрээлэн-2 /14241/,
1442061,ТАЗ1734491425087,,LineString,106.918059,47.90937,"Авто зам, замын байгууламжийн архитектур төлөвлөлтийн даалгавар",,,,Сүхбаатар,1-р хороо,Соёл амралтын хүрээлэн-2 /14241/,
1442062,ТАЗ1734491425151,,LineString,106.917967,47.909367,"Авто зам, замын байгууламжийн архитектур төлөвлөлтийн даалгавар",,,,Сүхбаатар,1-р хороо,Соёл амралтын хүрээлэн-2 /14241/,
1442063,ТАЗ1734491425215,,LineString,106.917967,47.909367,"Авто зам, замын байгууламжийн архитектур төлөвлөлтийн даалгавар",,,,Сүхбаатар,1-р хороо,Соёл амралтын хүрээлэн-2 /14241/,
1442064,ТАЗ1734491425281,,LineString,106.918059,47.90937,"Авто зам, замын байгууламжийн архитектур төлөвлөлтийн даалгавар",,,,Сүхбаатар,1-р хороо,Соёл амралтын хүрээлэн-2 /14241/,
1442065,ТАЗ1734491425351,,LineString,106.917967,47.909367,"Авто зам, замын байгууламжийн архитектур төлөвлөлтийн даалгавар",,,,Сүхбаатар,1-р хороо,Соёл амралтын хүрээлэн-2 /14241/,
1442066,ТАЗ1734491425470,,LineString,106.91815,47.909373,"Авто зам, замын байгууламжийн архитектур төлөвлөлтийн даалгавар",,,,Сүхбаатар,1-р хороо,Соёл амралтын хүрээлэн-2 /14241/,
1442067,ТАЗ1734491425580,,LineString,106.918056,47.90937,"Авто зам, замын байгууламжийн архитектур төлөвлөлтийн даалгавар",,,,Сүхбаатар,1-р хороо,Соёл амралтын хүрээлэн-2 /14241/,
1442068,ТАЗ1734491425688,,LineString,106.918062,47.90937,"Авто зам, замын байгууламжийн архитектур төлөвлөлтийн даалгавар",,,,Сүхбаатар,1-р хороо,Соёл амралтын хүрээлэн-2 /14241/,
1442069,ТАЗ1734491425791,,LineString,106.91815,47.909373,"Авто зам, замын байгууламжийн архитектур төлөвлөлтийн даалгавар",,,,Сүхбаатар,1-р хороо,Соёл амралтын хүрээлэн-2 /14241/,
1442070,ТАЗ1734491425842,,LineString,106.91815,47.909373,"Авто зам, замын байгууламжийн архитектур төлөвлөлтийн даалгавар",,,,Сүхбаатар,1-р хороо,Соёл амралтын хүрээлэн-2 /14241/,
1442071,ТАЗ1734491425900,,LineString,106.918051,47.9095,"Авто зам, замын байгууламжийн архитектур төлөвлөлтийн даалгавар",,,,Сүхбаатар,1-р хороо,Соёл амралтын хүрээлэн-2 /14241/,
1442072,ТАЗ1734491426166,,LineString,106.918051,47.9095,"Авто зам, замын байгууламжийн архитектур төлөвлөлтийн даалгавар",,,,Сүхбаатар,1-р хороо,Соёл амралтын хүрээлэн-2 /14241/,
1442073,ТАЗ1734491426262,,LineString,106.917959,47.909497,"Авто зам, замын байгууламжийн архитектур төлөвлөлтийн даалгавар",,,,Сүхбаатар,1-р хороо,Соёл амралтын хүрээлэн-2 /14241/,
1442074,ТАЗ1734491426346,,LineString,106.917959,47.909497,"Авто зам, замын байгууламжийн архитектур төлөвлөлтийн даалгавар",,,,Сүхбаатар,1-р хороо,Соёл амралтын хүрээлэн-2 /14241/,
1442075,ТАЗ1734491426421,,LineString,106.918051,47.9095,"Авто зам, замын байгууламжийн архитектур төлөвлөлтийн даалгавар",,,,Сүхбаатар,1-р хороо,Соёл амралтын хүрээлэн-2 /14241/,
1442076,ТАЗ1734491426492,,LineString,106.917959,47.909497,"Авто зам, замын байгууламжийн архитектур төлөвлөлтийн даалгавар",,,,Сүхбаатар,1-р хороо,Соёл амралтын хүрээлэн-2 /14241/,
1442077,ТАЗ1734491426626,,LineString,106.918142,47.909502,"Авто зам, замын байгууламжийн архитектур төлөвлөлтийн даалгавар",,,,Сүхбаатар,1-р хороо,Соёл амралтын хүрээлэн-2 /14241/,
1442078,ТАЗ1734491426752,,LineString,106.918047,47.9095,"Авто зам, замын байгууламжийн архитектур төлөвлөлтийн даалгавар",,,,Сүхбаатар,1-р хороо,Соёл амралтын хүрээлэн-2 /14241/,
1442079,ТАЗ1734491426860,,LineString,106.918054,47.9095,"Авто зам, замын байгууламжийн архитектур төлөвлөлтийн даалгавар",,,,Сүхбаатар,1-р хороо,Соёл амралтын хүрээлэн-2 /14241/,
1442080,ТАЗ1734491426962,,LineString,106.918075,47.909122,"Авто зам, замын байгууламжийн архитектур төлөвлөлтийн даалгавар",,,,Сүхбаатар,1-р хороо,Соёл амралтын хүрээлэн-2 /14241/,
1442081,ТАЗ1734491427014,,LineString,106.918051,47.909489,"Авто зам, замын байгууламжийн архитектур төлөвлөлтийн даалгавар",,,,Сүхбаатар,1-р хороо,Соёл амралтын хүрээлэн-2 /14241/,
1442082,ТАЗ1734491427070,,LineString,106.918049,47.909305,"Авто зам, замын байгууламжийн архитектур төлөвлөлтийн даалгавар",,,,Сүхбаатар,1-р хороо,Соёл амралтын хүрээлэн-2 /14241/,
1442083,ТАЗ1734491427134,,LineString,106.918056,47.909305,"Авто зам, замын байгууламжийн архитектур төлөвлөлтийн даалгавар",,,,Сүхбаатар,1-р хороо,Соёл амралтын хүрээлэн-2 /14241/,
1442084,ТАЗ1734491427207,,LineString,106.917982,47.909303,"Авто зам, замын байгууламжийн архитектур төлөвлөлтийн даалгавар",,,,Сүхбаатар,1-р хороо,Соёл амралтын хүрээлэн-2 /14241/,
1442085,ТАЗ1734491427277,,LineString,106.917975,47.909303,"Авто зам, замын байгууламжийн архитектур төлөвлөлтийн даалгавар",,,,Сүхбаатар,1-р хороо,Соёл амралтын хүрээлэн-2 /14241/,
1442086,ТАЗ1734491427346,,LineString,106.918016,47.909304,"Авто зам, замын байгууламжийн архитектур төлөвлөлтийн даалгавар",,,,Сүхбаатар,1-р хороо,Соёл амралтын хүрээлэн-2 /14241/,
1442087,ТАЗ1734491427415,,LineString,106.918037,47.909085,"Авто зам, замын байгууламжийн архитектур төлөвлөлтийн даалгавар",,,,Сүхбаатар,1-р хороо,Соёл амралтын хүрээлэн-2 /14241/,
1442088,ТАЗ1734491427483,,LineString,106.918009,47.909523,"Авто зам, замын байгууламжийн архитектур төлөвлөлтийн даалгавар",,,,Сүхбаатар,1-р хороо,Соёл амралтын хүрээлэн-2 /14241/,
1442089,ТАЗ1734491427552,,LineString,106.918298,47.904807,"Авто зам, замын байгууламжийн архитектур төлөвлөлтийн даалгавар",,,,Хан-Уул,15-р хороо,Стадион Оргил-1 /17010/,
1442090,ТАЗ1734491427619,,LineString,106.918288,47.904986,"Авто зам, замын байгууламжийн архитектур төлөвлөлтийн даалгавар",,,,Хан-Уул,15-р хороо,Стадион Оргил-1 /17010/,
1442091,ТАЗ1734491427689,,LineString,106.918278,47.905166,"Авто зам, замын байгууламжийн архитектур төлөвлөлтийн даалгавар",,,,Хан-Уул,15-р хороо,Стадион Оргил-1 /17010/,
1442093,ТАЗ1734491427826,,LineString,106.918257,47.905526,"Авто зам, замын байгууламжийн архитектур төлөвлөлтийн даалгавар",,,,Хан-Уул,15-р хороо,Стадион Оргил-1 /17010/,
1442094,ТАЗ1734491427894,,LineString,106.918247,47.905705,"Авто зам, замын байгууламжийн архитектур төлөвлөлтийн даалгавар",,,,Хан-Уул,15-р хороо,Стадион Оргил-1 /17010/,
1442095,ТАЗ1734491427963,,LineString,106.918254,47.905885,"Авто зам, замын байгууламжийн архитектур төлөвлөлтийн даалгавар",,,,Хан-Уул,15-р хороо,Стадион Оргил-1 /17010/,
1442096,ТАЗ1734491428032,,LineString,106.91826,47.906065,"Авто зам, замын байгууламжийн архитектур төлөвлөлтийн даалгавар",,,,Хан-Уул,15-р хороо,Стадион Оргил-1 /17010/,
1442099,ТАЗ1734491428237,,LineString,106.91828,47.906605,"Авто зам, замын байгууламжийн архитектур төлөвлөлтийн даалгавар",,,,Хан-Уул,15-р хороо,Стадион Оргил-1 /17010/,
1442100,ТАЗ1734491428306,,LineString,106.918269,47.906784,"Авто зам, замын байгууламжийн архитектур төлөвлөлтийн даалгавар",,,,Хан-Уул,15-р хороо,Стадион Оргил-1 /17010/,
1442104,ТАЗ1734491428581,,LineString,106.918224,47.907503,"Авто зам, замын байгууламжийн архитектур төлөвлөлтийн даалгавар",,,,Хан-Уул,15-р хороо,Стадион Оргил-1 /17010/,
1442105,ТАЗ1734491428649,,LineString,106.918212,47.907683,"Авто зам, замын байгууламжийн архитектур төлөвлөлтийн даалгавар",,,,Хан-Уул,15-р хороо,Стадион Оргил-1 /17010/,
1442106,ТАЗ1734491428719,,LineString,106.918201,47.907863,"Авто зам, замын байгууламжийн архитектур төлөвлөлтийн даалгавар",,,,Хан-Уул,15-р хороо,Стадион Оргил-1 /17010/,
1442107,ТАЗ1734491428786,,LineString,106.91819,47.908043,"Авто зам, замын байгууламжийн архитектур төлөвлөлтийн даалгавар",,,,Хан-Уул,15-р хороо,Стадион Оргил-1 /17010/,
1442108,ТАЗ1734491428855,,LineString,106.918178,47.908222,"Авто зам, замын байгууламжийн архитектур төлөвлөлтийн даалгавар",,,,Сүхбаатар,1-р хороо,Соёл амралтын хүрээлэн-2 /14241/,
1442109,ТАЗ1734491428924,,LineString,106.918167,47.908402,"Авто зам, замын байгууламжийн архитектур төлөвлөлтийн даалгавар",,,,Сүхбаатар,1-р хороо,Соёл амралтын хүрээлэн-2 /14241/,
1442110,ТАЗ1734491428992,,LineString,106.918156,47.908582,"Авто зам, замын байгууламжийн архитектур төлөвлөлтийн даалгавар",,,,Сүхбаатар,1-р хороо,Соёл амралтын хүрээлэн-2 /14241/,
1442111,ТАЗ1734491429060,,LineString,106.918145,47.908762,"Авто зам, замын байгууламжийн архитектур төлөвлөлтийн даалгавар",,,,Сүхбаатар,1-р хороо,Соёл амралтын хүрээлэн-2 /14241/,
1442112,ТАЗ1734491429129,,LineString,106.918133,47.908941,"Авто зам, замын байгууламжийн архитектур төлөвлөлтийн даалгавар",,,,Сүхбаатар,1-р хороо,Соёл амралтын хүрээлэн-2 /14241/,
1442113,ТАЗ1734491429198,,LineString,106.918122,47.909121,"Авто зам, замын байгууламжийн архитектур төлөвлөлтийн даалгавар",,,,Сүхбаатар,1-р хороо,Соёл амралтын хүрээлэн-2 /14241/,
1442114,ТАЗ1734491429267,,LineString,106.918111,47.909301,"Авто зам, замын байгууламжийн архитектур төлөвлөлтийн даалгавар",,,,Сүхбаатар,1-р хороо,Соёл амралтын хүрээлэн-2 /14241/,
1442115,ТАЗ1734491429335,,LineString,106.9181,47.909481,"Авто зам, замын байгууламжийн архитектур төлөвлөлтийн даалгавар",,,,Сүхбаатар,1-р хороо,Соёл амралтын хүрээлэн-2 /14241/,
1442116,ТАЗ1734491429404,,LineString,106.918088,47.90966,"Авто зам, замын байгууламжийн архитектур төлөвлөлтийн даалгавар",,,,Сүхбаатар,1-р хороо,Соёл амралтын хүрээлэн-2 /14241/,
1442117,ТАЗ1734491429472,,LineString,106.918077,47.90984,"Авто зам, замын байгууламжийн архитектур төлөвлөлтийн даалгавар",,,,Сүхбаатар,1-р хороо,Соёл амралтын хүрээлэн-2 /14241/,
1442119,ТАЗ1734491429759,,LineString,106.918142,47.909502,"Авто зам, замын байгууламжийн архитектур төлөвлөлтийн даалгавар",,,,Сүхбаатар,1-р хороо,Соёл амралтын хүрээлэн-2 /14241/,
1442120,ТАЗ1734491429841,,LineString,106.918142,47.909502,"Авто зам, замын байгууламжийн архитектур төлөвлөлтийн даалгавар",,,,Сүхбаатар,1-р хороо,Соёл амралтын хүрээлэн-2 /14241/,
1442122,ТАЗ1734491430131,,LineString,106.918131,47.908982,"Авто зам, замын байгууламжийн архитектур төлөвлөлтийн даалгавар",,,,Сүхбаатар,1-р хороо,Соёл амралтын хүрээлэн-2 /14241/,
1442123,ТАЗ1734491430232,,LineString,106.918131,47.908982,"Авто зам, замын байгууламжийн архитектур төлөвлөлтийн даалгавар",,,,Сүхбаатар,1-р хороо,Соёл амралтын хүрээлэн-2 /14241/,
1442124,ТАЗ1734491430284,,LineString,106.918131,47.908982,"Авто зам, замын байгууламжийн архитектур төлөвлөлтийн даалгавар",,,,Сүхбаатар,1-р хороо,Соёл амралтын хүрээлэн-2 /14241/,
1442125,ТАЗ1734491430347,,LineString,106.918139,47.908852,"Авто зам, замын байгууламжийн архитектур төлөвлөлтийн даалгавар",,,,Сүхбаатар,1-р хороо,Соёл амралтын хүрээлэн-2 /14241/,
1442126,ТАЗ1734491430432,,LineString,106.918139,47.908852,"Авто зам, замын байгууламжийн архитектур төлөвлөлтийн даалгавар",,,,Сүхбаатар,1-р хороо,Соёл амралтын хүрээлэн-2 /14241/,
1442127,ТАЗ1734491430496,,LineString,106.918139,47.908852,"Авто зам, замын байгууламжийн архитектур төлөвлөлтийн даалгавар",,,,Сүхбаатар,1-р хороо,Соёл амралтын хүрээлэн-2 /14241/,
1442128,ТАЗ1734491430626,,LineString,106.918147,47.908723,"Авто зам, замын байгууламжийн архитектур төлөвлөлтийн даалгавар",,,,Сүхбаатар,1-р хороо,Соёл амралтын хүрээлэн-2 /14241/,
1442129,ТАЗ1734491430763,,LineString,106.918147,47.908723,"Авто зам, замын байгууламжийн архитектур төлөвлөлтийн даалгавар",,,,Сүхбаатар,1-р хороо,Соёл амралтын хүрээлэн-2 /14241/,
1442130,ТАЗ1734491430872,,LineString,106.918147,47.908723,"Авто зам, замын байгууламжийн архитектур төлөвлөлтийн даалгавар",,,,Сүхбаатар,1-р хороо,Соёл амралтын хүрээлэн-2 /14241/,
1442131,ТАЗ1734491430970,,LineString,106.918155,47.908593,"Авто зам, замын байгууламжийн архитектур төлөвлөлтийн даалгавар",,,,Сүхбаатар,1-р хороо,Соёл амралтын хүрээлэн-2 /14241/,
1442132,ТАЗ1734491431067,,LineString,106.918155,47.908593,"Авто зам, замын байгууламжийн архитектур төлөвлөлтийн даалгавар",,,,Сүхбаатар,1-р хороо,Соёл амралтын хүрээлэн-2 /14241/,
1442133,ТАЗ1734491431136,,LineString,106.918155,47.908593,"Авто зам, замын байгууламжийн архитектур төлөвлөлтийн даалгавар",,,,Сүхбаатар,1-р хороо,Соёл амралтын хүрээлэн-2 /14241/,
1442137,ТАЗ1734491431427,,LineString,106.91816,47.907476,"Авто зам, замын байгууламжийн архитектур төлөвлөлтийн даалгавар",,,,Хан-Уул,15-р хороо,Стадион Оргил-1 /17010/,
1442149,ТАЗ1734491432337,,LineString,106.918132,47.907925,"Авто зам, замын байгууламжийн архитектур төлөвлөлтийн даалгавар",,,,Хан-Уул,15-р хороо,Стадион Оргил-1 /17010/,
1442153,ТАЗ1734491433010,,LineString,106.918195,47.907962,"Авто зам, замын байгууламжийн архитектур төлөвлөлтийн даалгавар",,,,Хан-Уул,15-р хороо,Стадион Оргил-1 /17010/,
1442158,ТАЗ1734491433421,,LineString,106.918168,47.908393,"Авто зам, замын байгууламжийн архитектур төлөвлөлтийн даалгавар",,,,Сүхбаатар,1-р хороо,Соёл амралтын хүрээлэн-2 /14241/,
1442159,ТАЗ1734491433495,,LineString,106.918102,47.9084,"Авто зам, замын байгууламжийн архитектур төлөвлөлтийн даалгавар",,,,Сүхбаатар,1-р хороо,Соёл амралтын хүрээлэн-2 /14241/,
1442160,ТАЗ1734491433567,,LineString,106.918233,47.908404,"Авто зам, замын байгууламжийн архитектур төлөвлөлтийн даалгавар",,,,Сүхбаатар,1-р хороо,Соёл амралтын хүрээлэн-2 /14241/,
1442161,ТАЗ1734491433635,,LineString,106.918167,47.908402,"Авто зам, замын байгууламжийн архитектур төлөвлөлтийн даалгавар",,,,Сүхбаатар,1-р хороо,Соёл амралтын хүрээлэн-2 /14241/,
1442169,ТАЗ1734491435226,,LineString,106.918269,47.905327,"Авто зам, замын байгууламжийн архитектур төлөвлөлтийн даалгавар",,,,Хан-Уул,15-р хороо,Стадион Оргил-1 /17010/,
1442171,ТАЗ1734491435441,,LineString,106.918269,47.905327,"Авто зам, замын байгууламжийн архитектур төлөвлөлтийн даалгавар",,,,Хан-Уул,15-р хороо,Стадион Оргил-1 /17010/,
1442181,ТАЗ1734491436142,,LineString,106.918247,47.905719,"Авто зам, замын байгууламжийн архитектур төлөвлөлтийн даалгавар",,,,Хан-Уул,15-р хороо,Стадион Оргил-1 /17010/,
1442199,ТАЗ1734493964618,,MultiLineString,106.91817,47.907349,"Авто зам, замын байгууламжийн архитектур төлөвлөлтийн даалгавар",,,,"Сүхбаатар, Хан-Уул","1-р хороо, 15-р хороо","Стадион Оргил-1 /17010/, Соёл амралтын хүрээлэн-2 /14241/",Нарны зам
1442204,ТАЗ1734496550464,,MultiLineString,106.925266,47.886006,"Авто зам, замын байгууламжийн архитектур төлөвлөлтийн даалгавар",,,,Хан-Уул,11-р хороо,"Их тэнгэрийн ам-2 /17081/, Зайсан-9 /17029/, Зайсан-1 /17020/, Зайсан-4 /17023/, Стадион Оргил-3 /17012/, Их тэнгэрийн ам-1 /13315/",Их Монгол улсын гудамж
1442208,ТАЗ1734498058810,,Polygon,106.786571,47.905797,"Авто зам, замын байгууламжийн архитектур төлөвлөлтийн даалгавар",,,,Баянгол,20-р хороо,Үйлдвэрийн баруун бүс-3 /16102/,
1442307,ТАЗ1734505380256,,MultiLineString,106.917443,47.922471,"Авто зам, замын байгууламжийн архитектур төлөвлөлтийн даалгавар",,,,Чингэлтэй,1-р хороо,"Гандан /16040/, 12-р хороолол-1 /13380/, 12-р хороолол-2 /13381/, 40, 50 мянгат-2 /15171/, 6-р хороолол-2 /15141/, Тасганы овоо /15150/, 40, 50 мянгат-1 /15170/, Бага тойруу-3  /15160/, 11-р хороолол-2 /14191/, Бага тойруу-2 /14201/, Бага тойруу-1 /14200/, 11-р хороолол-1 /14190/, 11-р хороолол-3 /14192/",Эрхүүгийн гудамж
1442308,ТАЗ1734506641525,,MultiLineString,106.917061,47.917876,"Авто зам, замын байгууламжийн архитектур төлөвлөлтийн даалгавар",,,,Сүхбаатар,1-р хороо,"Бага тойруу-2 /14201/, Соёл амралтын хүрээлэн-1 /14240/",Ж.Самбуугийн гудамж
1442309,ТАЗ1734507591666,,MultiPolygon,106.798232,47.845229,"Авто зам, замын байгууламжийн архитектур төлөвлөлтийн даалгавар",,,,Хан-Уул,8-р хороо,Дарга толгойн хэсэг /17102/,
1442312,ТАЗ1734508990608,,MultiLineString,106.90871,47.894935,"Авто зам, замын байгууламжийн архитектур төлөвлөлтийн даалгавар",,,,Хан-Уул,19-р хороо,"Үйлдвэр 2-2 /17041/, Үйлдвэр 2-1 /17040/",Ээрмэлийн гудамж
1442313,ТАЗ1734509808390,,MultiLineString,106.930162,47.891739,"Авто зам, замын байгууламжийн архитектур төлөвлөлтийн даалгавар",,,,"Баянзүрх, Хан-Уул","26-р хороо, 17-р хороо, 18-р хороо","Үндэсний цэцэрлэгт хүрээлэн /13313/, Стадион Оргил-3 /17012/, Стадион Оргил-4 /17013/",Их Монгол улсын гудамж
1442324,ТАЗ1734510394133,,Polygon,106.915804,47.899603,"Авто зам, замын байгууламжийн архитектур төлөвлөлтийн даалгавар",,,,Хан-Уул,18-р хороо,"Стадион Оргил-3 /17012/, Стадион Оргил-1 /17010/, Стадион Оргил-4 /17013/, Стадион Оргил-2 /17011/",Нийслэл хүрээ өргөн чөлөө
1442325,ТАЗ1734510773601,,Polygon,106.940131,47.923872,"Авто зам, замын байгууламжийн архитектур төлөвлөлтийн даалгавар",,,,Баянзүрх,3-р хороо,12-р хороолол-2 /13381/,Сансрын нисгэгчдийн талбай
1442326,ТАЗ1734511125442,,Polygon,106.940686,47.923601,"Авто зам, замын байгууламжийн архитектур төлөвлөлтийн даалгавар",,,,Баянзүрх,"3-р хороо, 1-р хороо","12-р хороолол-1 /13380/, 12-р хороолол-2 /13381/",Залуучуудын гудамж
1442327,ТАЗ1734511164445,,Polygon,106.822019,47.935694,"Авто зам, замын байгууламжийн архитектур төлөвлөлтийн даалгавар",,,,Сонгинохайрхан,6-р хороо,Ханын материал-1 /18060/,
1442329,ТАЗ1734512625981,,MultiLineString,107.013844,47.917577,"Авто зам, замын байгууламжийн архитектур төлөвлөлтийн даалгавар",,,,Баянзүрх,10-р хороо,"Үндэсний цэцэрлэгт хүрээлэн /13313/, Амгалан-2 /13270/, Шар хад-1 /13280/, Амгалан-1 /13260/, Улиастай /13250/, Шар хад-2 /13281/",Шархадны гудамж
1442331,ТАЗ1734513527264,,MultiLineString,106.892681,47.903984,"Авто зам, замын байгууламжийн архитектур төлөвлөлтийн даалгавар",,,,Баянгол,24-р хороо,Үйлдвэрийн төвийн бүс-3 /16030/,
1442349,ТАЗ1734519414780,,Polygon,106.865657,47.774277,"Авто зам, замын байгууламжийн архитектур төлөвлөлтийн даалгавар",,,,Хан-Уул,14-р хороо,Бугын ам /17152/,
1442359,ТАЗ1734573945572,,MultiPolygon,106.584289,47.881038,"Авто зам, замын байгууламжийн архитектур төлөвлөлтийн даалгавар",,,,Сонгинохайрхан,32-р хороо,Эмээлт-2 /18401/,
1442406,ТАЗ1734589681598,,Polygon,106.754218,47.824299,"Авто зам, замын байгууламжийн архитектур төлөвлөлтийн даалгавар",,,,Хан-Уул,21-р хороо,28-р хороолол /17130/,
1442418,ТАЗ1734591718461,,MultiPolygon,106.917496,47.895342,"Авто зам, замын байгууламжийн архитектур төлөвлөлтийн даалгавар",,,,Хан-Уул,17-р хороо,Стадион Оргил-3 /17012/,
1442426,ТАЗ1734597662359,,Polygon,106.92733,47.900668,"Авто зам, замын байгууламжийн архитектур төлөвлөлтийн даалгавар",,,,Хан-Уул,15-р хороо,Стадион Оргил-2 /17011/,
1442482,ТАЗ1734672048743,,Polygon,106.909863,47.884281,"Авто зам, замын байгууламжийн архитектур төлөвлөлтийн даалгавар",,,,Хан-Уул,22-р хороо,Зайсан-9 /17029/,
1442501,ТАЗ1734689589287,,Polygon,106.738727,47.927118,"Авто зам, замын байгууламжийн архитектур төлөвлөлтийн даалгавар",,,,Сонгинохайрхан,34-р хороо,Баянголын ам-1 /18180/,
1442508,ТАЗ1734695336218,,Polygon,106.817121,47.870007,"Авто зам, замын байгууламжийн архитектур төлөвлөлтийн даалгавар",,,,Хан-Уул,5-р хороо,Яармаг-1 /17110/,
1442584,ТАЗ1734868195624,,Polygon,106.600996,47.876261,"Авто зам, замын байгууламжийн архитектур төлөвлөлтийн даалгавар",,,,Сонгинохайрхан,32-р хороо,361-ын гарам /18410/,
1442585,ТАЗ1734868195807,,Polygon,106.600918,47.876025,"Авто зам, замын байгууламжийн архитектур төлөвлөлтийн даалгавар",,,,Сонгинохайрхан,32-р хороо,361-ын гарам /18410/,
1442586,ТАЗ1734868195984,,Polygon,106.600818,47.876551,"Авто зам, замын байгууламжийн архитектур төлөвлөлтийн даалгавар",,,,Сонгинохайрхан,32-р хороо,361-ын гарам /18410/,
1442587,ТАЗ1734868196087,,Polygon,106.600496,47.876541,"Авто зам, замын байгууламжийн архитектур төлөвлөлтийн даалгавар",,,,Сонгинохайрхан,32-р хороо,361-ын гарам /18410/,
1442588,ТАЗ1734868196265,,Polygon,106.600781,47.876302,"Авто зам, замын байгууламжийн архитектур төлөвлөлтийн даалгавар",,,,Сонгинохайрхан,32-р хороо,361-ын гарам /18410/,
1442593,ТАЗ1734873729893,,Polygon,106.761585,47.855062,"Авто зам, замын байгууламжийн архитектур төлөвлөлтийн даалгавар",,,,Хан-Уул,21-р хороо,Буянт Ухаа  хороолол-2 /17121/,
1442594,ТАЗ1734873730410,,Polygon,106.761052,47.854996,"Авто зам, замын байгууламжийн архитектур төлөвлөлтийн даалгавар",,,,Хан-Уул,21-р хороо,Буянт Ухаа  хороолол-2 /17121/,
1442595,ТАЗ1734873730499,,Polygon,106.761194,47.85492,"Авто зам, замын байгууламжийн архитектур төлөвлөлтийн даалгавар",,,,Хан-Уул,21-р хороо,Буянт Ухаа  хороолол-2 /17121/,
1442596,ТАЗ1734881506330,,Polygon,106.815667,47.897537,"Авто зам, замын байгууламжийн архитектур төлөвлөлтийн даалгавар",,,,Баянгол,20-р хороо,Үйлдвэрийн баруун бүс-2 /16101/,
1442597,ТАЗ1734881507220,,MultiPolygon,106.81576,47.897569,"Авто зам, замын байгууламжийн архитектур төлөвлөлтийн даалгавар",,,,Баянгол,20-р хороо,Үйлдвэрийн баруун бүс-2 /16101/,
1442598,ТАЗ1734894270471,,Polygon,107.417439,47.850194,"Авто зам, замын байгууламжийн архитектур төлөвлөлтийн даалгавар",,,,Налайх,6-р хороо,Горхи эрээний ам /12770/,
1442599,ТАЗ1734894270915,,MultiPolygon,107.41745,47.850203,"Авто зам, замын байгууламжийн архитектур төлөвлөлтийн даалгавар",,,,Налайх,6-р хороо,Горхи эрээний ам /12770/,
1442604,ТАЗ1734922875244,,Polygon,106.824864,47.87023,"Авто зам, замын байгууламжийн архитектур төлөвлөлтийн даалгавар",,,,Хан-Уул,4-р хороо,Яармаг-1 /17110/,
1442606,ТАЗ1734933375436,,MultiPolygon,107.481364,47.344847,"Авто зам, замын байгууламжийн архитектур төлөвлөлтийн даалгавар",,,,Багахангай,1-р хороо,"Үйлдвэрийн хэсэг /12340/, Өртөөний хэсэг /12310/",
1442620,ТАЗ1734935462311,,Polygon,106.838516,47.758827,"Авто зам, замын байгууламжийн архитектур төлөвлөлтийн даалгавар",,,,Хан-Уул,14-р хороо,Бугын ам /17152/,
1442621,ТАЗ1734935462570,,MultiPolygon,106.838483,47.758939,"Авто зам, замын байгууламжийн архитектур төлөвлөлтийн даалгавар",,,,Хан-Уул,14-р хороо,Бугын ам /17152/,
1442712,ТАЗ1735122223410,,Polygon,106.841648,47.857626,"Авто зам, замын байгууламжийн архитектур төлөвлөлтийн даалгавар",,,,Хан-Уул,23-р хороо,Арцатын ам /17100/,
1442717,ТАЗ1735124217961,,Polygon,106.69251,47.919081,"Авто зам, замын байгууламжийн архитектур төлөвлөлтийн даалгавар",,,,Сонгинохайрхан,33-р хороо,Тахилт-2 /18241/,
1443000,ТАЗ1735222152489,,Polygon,106.95479,47.882741,"Авто зам, замын байгууламжийн архитектур төлөвлөлтийн даалгавар",,,,Баянзүрх,11-р хороо,Их тэнгэрийн ам-1 /13315/,
1443001,ТАЗ1735222180541,,MultiPolygon,106.954763,47.882831,"Авто зам, замын байгууламжийн архитектур төлөвлөлтийн даалгавар",,,,Баянзүрх,11-р хороо,Их тэнгэрийн ам-1 /13315/,
1443110,ТАЗ1735550790024,,Polygon,106.967984,47.950715,"Авто зам, замын байгууламжийн архитектур төлөвлөлтийн даалгавар",,,,Баянзүрх,21-р хороо,Алтан-Өлгий /13292/,
1443139,ТАЗ1735610476227,,Polygon,106.82985,47.86698,"Авто зам, замын байгууламжийн архитектур төлөвлөлтийн даалгавар",,,,Хан-Уул,23-р хороо,Арцатын ам /17100/,
1443140,ТАЗ1735610476375,,Polygon,106.829181,47.86592,"Авто зам, замын байгууламжийн архитектур төлөвлөлтийн даалгавар",,,,Хан-Уул,23-р хороо,Арцатын ам /17100/,
1443141,ТАЗ1735610962435,,Polygon,106.829576,47.866521,"Авто зам, замын байгууламжийн архитектур төлөвлөлтийн даалгавар",,,,Хан-Уул,23-р хороо,Арцатын ам /17100/,
1443142,ТАЗ1735611164436,,Polygon,106.828717,47.866464,"Авто зам, замын байгууламжийн архитектур төлөвлөлтийн даалгавар",,,,Хан-Уул,23-р хороо,Арцатын ам /17100/,
1443143,ТАЗ1735611425176,,Polygon,106.829038,47.866066,"Авто зам, замын байгууламжийн архитектур төлөвлөлтийн даалгавар",,,,Хан-Уул,23-р хороо,Арцатын ам /17100/,
1443149,ТАЗ1735616847655,,Polygon,106.909544,47.930369,"Авто зам, замын байгууламжийн архитектур төлөвлөлтийн даалгавар",,,,Сүхбаатар,9-р хороо,7-р хороолол-3 /14182/,
1443150,ТАЗ1735616847775,,Polygon,106.909526,47.930429,"Авто зам, замын байгууламжийн архитектур төлөвлөлтийн даалгавар",,,,Сүхбаатар,9-р хороо,7-р хороолол-3 /14182/,
1443153,ТАЗ1735625890177,,Polygon,107.01129,47.933816,"Авто зам, замын байгууламжийн архитектур төлөвлөлтийн даалгавар",,,,Баянзүрх,34-р хороо,Шар хад-1 /13280/,
1443154,ТАЗ1735625890440,,Polygon,107.011382,47.934405,"Авто зам, замын байгууламжийн архитектур төлөвлөлтийн даалгавар",,,,Баянзүрх,34-р хороо,Шар хад-1 /13280/,
1443200,ТТА181735807228469,,Polygon,106.83503,47.965015,"Авто зам, замын байгууламжийн архитектур төлөвлөлтийн даалгавар",Авто замын барилга,,2025/00-002,Сонгинохайрхан,"9-р хороо, 10-р хороо, 25-р хороо",Баянхошуу-1 /18010/,
1443204,ТАЗ1735888543073,,Polygon,107.008091,47.912166,"Авто зам, замын байгууламжийн архитектур төлөвлөлтийн даалгавар",,,,Баянзүрх,10-р хороо,Амгалан-1 /13260/,
1443208,ТАЗ1735890146136,,Polygon,106.954115,47.907711,"Авто зам, замын байгууламжийн архитектур төлөвлөлтийн даалгавар",,,,Баянзүрх,42-р хороо,14-р хороолол-5 /13334/,
1443243,ТТА181736149971482,,Polygon,106.823466,47.962686,"Авто зам, замын байгууламжийн архитектур төлөвлөлтийн даалгавар",Авто замын барилга,,2025/00-013,Сонгинохайрхан,9-р хороо,Баянхошуу-2 /18011/,Баруун салааны гудамж
1443246,ТАЗ1736150205580,,Polygon,106.916186,47.931213,"Авто зам, замын байгууламжийн архитектур төлөвлөлтийн даалгавар",,,,Сүхбаатар,9-р хороо,7-р хороолол-2 /14181/,
1443287,ТТА171736401307276,,Polygon,106.638049,48.127079,"Авто зам, замын байгууламжийн архитектур төлөвлөлтийн даалгавар",Авто замын барилга,,2025/00-023,Сонгинохайрхан,21-р хороо,"Аюушийн ам /18380/, Жаргалант тосгон /18361/",
1443290,ТТА171736406755405,,Polygon,106.630587,47.909538,"Авто зам, замын байгууламжийн архитектур төлөвлөлтийн даалгавар",Авто замын барилга,,2025/00-024,Сонгинохайрхан,32-р хороо,Баруун туруун-2 /18341/,
1443293,ТТА141736411184187,,Polygon,106.800586,47.941738,"Авто зам, замын байгууламжийн архитектур төлөвлөлтийн даалгавар",Авто замын барилга,,2025/00-032,Сонгинохайрхан,26-р хороо,Толгойт-6 /18105/,
1443303,ТТА141736472572286,,Polygon,106.807267,47.955555,"Авто зам, замын байгууламжийн архитектур төлөвлөлтийн даалгавар",Авто замын барилга,,2025/00-033,Сонгинохайрхан,41-р хороо,Баянхошуу-3 /18090/,
1443339,ТАЗ1736736330588,,Polygon,106.799651,47.902461,"Авто зам, замын байгууламжийн архитектур төлөвлөлтийн даалгавар",,,,Баянгол,20-р хороо,Үйлдвэрийн баруун бүс-2 /16101/,
1443394,ТТА171736902395792,,Polygon,106.980478,47.951875,"Авто зам, замын байгууламжийн архитектур төлөвлөлтийн даалгавар",Авто замын барилга,,2025/00-044,Баянзүрх,"19-р хороо, 24-р хороо, 21-р хороо","Алтан-Өлгий /13292/, Цайз /13291/, Цагаан даваа /13251/",
1443405,ТТА141736925994510,,Polygon,106.842639,47.901466,"Авто зам, замын байгууламжийн архитектур төлөвлөлтийн даалгавар",Авто замын барилга,,2025/00-046,Баянгол,29-р хороо,Үйлдвэрийн баруун бүс-1 /16100/,Үйлдвэрийн тойруу
1443424,ТТА161737009466531,,Polygon,106.843893,47.960253,"Авто зам, замын байгууламжийн архитектур төлөвлөлтийн даалгавар",Авто замын барилга,,2025/00-049,Сонгинохайрхан,10-р хороо,Баянхошуу-1 /18010/,
1443444,ТТА171737015593826,,Polygon,106.911427,47.87336,"Авто зам, замын байгууламжийн архитектур төлөвлөлтийн даалгавар",Авто замын барилга,,2025/00-050,Хан-Уул,11-р хороо,"Зайсан-3 /17022/, Зайсан-6 /17025/",
1443445,ТАЗ1737016468126,,Polygon,106.875255,47.901854,"Авто зам, замын байгууламжийн архитектур төлөвлөлтийн даалгавар",,,,Хан-Уул,3-р хороо,Үйлдвэр 1-2 /17061/,
1443461,ТТА161737096701736,,Polygon,106.942742,47.935232,"Авто зам, замын байгууламжийн архитектур төлөвлөлтийн даалгавар",Авто замын барилга,,2025/00-055,Баянзүрх,2-р хороо,Дарь эх-2 /13350/,
1443478,ТТА171737332625327,,Polygon,106.935586,47.934398,"Авто зам, замын байгууламжийн архитектур төлөвлөлтийн даалгавар",Авто замын барилга,,2025/00-064,Баянзүрх,2-р хороо,"Дарь эх-2 /13350/, Дунд дарь-Эх /13352/",
1443490,ТАЗ1737350434647,,Polygon,106.911613,47.932221,"Авто зам, замын байгууламжийн архитектур төлөвлөлтийн даалгавар",,,,Сүхбаатар,9-р хороо,7-р хороолол-3 /14182/,
1443495,ТТА151737355554411,,Polygon,106.827477,47.931508,"Авто зам, замын байгууламжийн архитектур төлөвлөлтийн даалгавар",Авто замын барилга,,2025/00-067,Сонгинохайрхан,"39-р хороо, 6-р хороо",Ханын материал-1 /18060/,
1443497,ТТА131737357586776,,Polygon,107.15674,47.837148,"Авто зам, замын байгууламжийн архитектур төлөвлөлтийн даалгавар",Авто замын барилга,,2025/00-066,Баянзүрх,11-р хороо,"Харгана /13091/, Нам даваа /13088/",
1443530,ТАЗ1737517366842,,Polygon,106.748403,47.909083,"Авто зам, замын байгууламжийн архитектур төлөвлөлтийн даалгавар",,,,Сонгинохайрхан,20-р хороо,Орбит-3 /18172/,
1443532,ТАЗ1737518269796,,MultiPolygon,106.748409,47.908971,"Авто зам, замын байгууламжийн архитектур төлөвлөлтийн даалгавар",,,,Сонгинохайрхан,20-р хороо,Орбит-3 /18172/,
1443543,ТТА141737598549281,,Polygon,108.366281,47.776319,"Авто зам, замын байгууламжийн архитектур төлөвлөлтийн даалгавар",Авто замын барилга,,2025/00-073,Багануур,1-р хороо,Наран хороолол-2 /12091/,
1443545,ТТА131737602049789,,Polygon,108.364166,47.782505,"Авто зам, замын байгууламжийн архитектур төлөвлөлтийн даалгавар",Авто замын барилга,,2025/00-075,Багануур,1-р хороо,Наран хороолол-2 /12091/,
1443547,ТТА161737604674549,,Polygon,108.371003,47.791122,"Авто зам, замын байгууламжийн архитектур төлөвлөлтийн даалгавар",Авто замын барилга,,2025/00-076,Багануур,1-р хороо,Сургалтын задгай /12130/,
1443559,ТТА131737612703994,,Polygon,108.375669,47.780537,"Авто зам, замын байгууламжийн архитектур төлөвлөлтийн даалгавар",Авто замын барилга,,2025/00-078,Багануур,3-р хороо,Наран хороолол-1 /12090/,
1443570,ТТА151737618212322,,Polygon,108.372156,47.786918,"Авто зам, замын байгууламжийн архитектур төлөвлөлтийн даалгавар",Авто замын барилга,,2025/00-079,Багануур,1-р хороо,"Наран хороолол-2 /12091/, Сургалтын задгай /12130/",
1443572,ТТА151737621826190,,Polygon,106.847081,47.954454,"Авто зам, замын байгууламжийн архитектур төлөвлөлтийн даалгавар",Авто замын барилга,,2025/00-080,Сонгинохайрхан,11-р хороо,Наран-1 /18140/,
1443588,ТАЗ1737688138885,,Polygon,107.257624,47.774467,"Авто зам, замын байгууламжийн архитектур төлөвлөлтийн даалгавар",,,,Налайх,1-р хороо,Уурхайчин /12750/,
1443590,ТАЗ1737690457029,,Polygon,107.257624,47.774445,"Авто зам, замын байгууламжийн архитектур төлөвлөлтийн даалгавар",,,,Налайх,1-р хороо,Уурхайчин /12750/,
1443594,ТТА171737696232636,,Polygon,108.367283,47.778526,"Авто зам, замын байгууламжийн архитектур төлөвлөлтийн даалгавар",Авто замын барилга,,2025/00-084,Багануур,1-р хороо,Наран хороолол-2 /12091/,
1443596,ТТА171737697933871,,Polygon,108.370862,47.7783,"Авто зам, замын байгууламжийн архитектур төлөвлөлтийн даалгавар",Авто замын барилга,,2025/00-085,Багануур,3-р хороо,Наран хороолол-1 /12090/,
1443635,ТАЗ1737954967993,,Polygon,106.817325,47.863521,"Авто зам, замын байгууламжийн архитектур төлөвлөлтийн даалгавар",,,,Хан-Уул,8-р хороо,"Морин тойруулга, наадамчдын талбай /17101/",
1443657,ТАЗ1737955449639,,Polygon,106.817082,47.864145,"Авто зам, замын байгууламжийн архитектур төлөвлөлтийн даалгавар",,,,Хан-Уул,8-р хороо,"Морин тойруулга, наадамчдын талбай /17101/",
1443658,ТАЗ1737955449922,,Polygon,106.817261,47.863517,"Авто зам, замын байгууламжийн архитектур төлөвлөлтийн даалгавар",,,,Хан-Уул,8-р хороо,"Морин тойруулга, наадамчдын талбай /17101/",
1443659,ТАЗ1737955450121,,Polygon,106.817052,47.862914,"Авто зам, замын байгууламжийн архитектур төлөвлөлтийн даалгавар",,,,Хан-Уул,8-р хороо,"Морин тойруулга, наадамчдын талбай /17101/",
1443660,ТАЗ1737955450393,,Polygon,106.816327,47.863849,"Авто зам, замын байгууламжийн архитектур төлөвлөлтийн даалгавар",,,,Хан-Уул,8-р хороо,"Морин тойруулга, наадамчдын талбай /17101/",
1443661,ТАЗ1737955450653,,Polygon,106.816707,47.863901,"Авто зам, замын байгууламжийн архитектур төлөвлөлтийн даалгавар",,,,Хан-Уул,8-р хороо,"Морин тойруулга, наадамчдын талбай /17101/",
1443663,ТАЗ1737955450897,,Polygon,106.816689,47.863536,"Авто зам, замын байгууламжийн архитектур төлөвлөлтийн даалгавар",,,,Хан-Уул,8-р хороо,"Морин тойруулга, наадамчдын талбай /17101/",
1443664,ТАЗ1737955451221,,Polygon,106.817091,47.864005,"Авто зам, замын байгууламжийн архитектур төлөвлөлтийн даалгавар",,,,Хан-Уул,8-р хороо,"Морин тойруулга, наадамчдын талбай /17101/",
1443665,ТАЗ1737955451365,,Polygon,106.817502,47.864128,"Авто зам, замын байгууламжийн архитектур төлөвлөлтийн даалгавар",,,,Хан-Уул,8-р хороо,"Морин тойруулга, наадамчдын талбай /17101/",
1443694,ТАЗ1738025873974,,Polygon,106.646125,47.890665,"Авто зам, замын байгууламжийн архитектур төлөвлөлтийн даалгавар",,,,Сонгинохайрхан,32-р хороо,Баруун туруун-2 /18341/,
1443766,ТАЗ1738044797735,,Polygon,107.324683,47.800518,"Авто зам, замын байгууламжийн архитектур төлөвлөлтийн даалгавар",,,,Налайх,1-р хороо,Их ам /12611/,
1443767,ТАЗ1738045203574,,Polygon,107.117337,47.833095,"Авто зам, замын байгууламжийн архитектур төлөвлөлтийн даалгавар",,,,Баянзүрх,11-р хороо,"Бумбат /13170/, Харгана /13091/",
1443770,ТАЗ1738053282749,,Polygon,106.819099,47.892725,"Авто зам, замын байгууламжийн архитектур төлөвлөлтийн даалгавар",,,,Баянгол,20-р хороо,Үйлдвэрийн баруун бүс-4 /16103/,
1443818,ТАЗ1738289849700,,Polygon,106.871417,47.912405,"Авто зам, замын байгууламжийн архитектур төлөвлөлтийн даалгавар",,,,Баянгол,25-р хороо,Үйлдвэрийн төвийн бүс-1 /16010/,
1443824,ТТА161738293722344,,Polygon,107.255148,47.774725,"Авто зам, замын байгууламжийн архитектур төлөвлөлтийн даалгавар",Авто замын барилга,,2025/00-102,Налайх,2-р хороо,Жаргалант-1 /12790/,
1443827,ТТА131738302663704,,Polygon,107.263854,47.780635,"Авто зам, замын байгууламжийн архитектур төлөвлөлтийн даалгавар",Авто замын барилга,,2025/00-104,Налайх,"1-р хороо, 4-р хороо","Уурхайчин /12750/, Баянзүрх /12670/",
1443830,ТТА171738308477243,,Polygon,107.24915,47.766542,"Авто зам, замын байгууламжийн архитектур төлөвлөлтийн даалгавар",Авто замын барилга,,2025/00-106,Налайх,8-р хороо,Тайж /12760/,
1443849,ТТА181738313441626,,Polygon,107.263971,47.768714,"Авто зам, замын байгууламжийн архитектур төлөвлөлтийн даалгавар",Авто замын барилга,,2025/00-108,Налайх,"4-р хороо, 3-р хороо","Туул-НД /12690/, Дэнж /12700/, Наран-НД /12630/",
1443858,ТТА121738547174005,,Polygon,107.311009,47.804568,"Авто зам, замын байгууламжийн архитектур төлөвлөлтийн даалгавар",Авто замын барилга,,2025/00-113,Налайх,1-р хороо,Их ам /12611/,
1443866,ТТА181738550105237,,Polygon,107.257109,47.773304,"Авто зам, замын байгууламжийн архитектур төлөвлөлтийн даалгавар",Авто замын барилга,,2025/00-114,Налайх,2-р хороо,Жаргалант-1 /12790/,
1443875,ТТА181738553635640,,Polygon,107.252621,47.771848,"Авто зам, замын байгууламжийн архитектур төлөвлөлтийн даалгавар",Авто замын барилга,,2025/00-116,Налайх,2-р хороо,Жаргалант-2 /12791/,
1443878,ТТА161738555522126,,Polygon,107.252033,47.770892,"Авто зам, замын байгууламжийн архитектур төлөвлөлтийн даалгавар",Авто замын барилга,,2025/00-118,Налайх,2-р хороо,Жаргалант-2 /12791/,
1765596,ТТА111738558731088,,Polygon,107.252622,47.773608,"Авто зам, замын байгууламжийн архитектур төлөвлөлтийн даалгавар",Авто замын барилга,,2025/00-111,Налайх,2-р хороо,Жаргалант-2 /12791/,
1765630,ТТА131738658601974,,Polygon,106.955561,47.912768,"Авто зам, замын байгууламжийн архитектур төлөвлөлтийн даалгавар",Авто замын барилга,,2025/00-127,Баянзүрх,"42-р хороо, 14-р хороо","14-р хороолол-5 /13334/, 14-р хороолол-4 /13333/, 14-р хороолол-6 /13335/",
1765645,ТТА131738725574924,,Polygon,106.921214,47.898915,"Авто зам, замын байгууламжийн архитектур төлөвлөлтийн даалгавар",Авто замын барилга,,2025/00-130,Хан-Уул,18-р хороо,Стадион Оргил-4 /17013/,
1765650,ТТА181738734766271,,Polygon,106.918344,47.898968,"Авто зам, замын байгууламжийн архитектур төлөвлөлтийн даалгавар",Авто замын барилга,,2025/00-132,Хан-Уул,18-р хороо,Стадион Оргил-4 /17013/,
1765661,ТТА131738806239256,,Polygon,106.677277,47.906038,"Авто зам, замын байгууламжийн архитектур төлөвлөлтийн даалгавар",Авто замын барилга,,2025/00-135,Сонгинохайрхан,"32-р хороо, 22-р хороо, 33-р хороо","Тахилт-1 /18240/, Баруун туруун-2 /18341/, Зүүн туруун /18320/, Баруун туруун-1 /18340/, Тахилт-2 /18241/",Тахилт гудамж
1765674,ТТА171738820435764,,Polygon,106.819301,47.902663,"Авто зам, замын байгууламжийн архитектур төлөвлөлтийн даалгавар",Авто замын барилга,,2025/00-138,Баянгол,29-р хороо,"Сонсголон-1 /18130/, Үйлдвэрийн баруун бүс-2 /16101/, Үйлдвэрийн баруун бүс-3 /16102/, Үйлдвэрийн баруун бүс-1 /16100/",Үйлдвэрийн тойруу
1765675,ТТА181738820438019,,Polygon,106.819301,47.902663,"Авто зам, замын байгууламжийн архитектур төлөвлөлтийн даалгавар",Авто замын барилга,,,Баянгол,29-р хороо,"Сонсголон-1 /18130/, Үйлдвэрийн баруун бүс-2 /16101/, Үйлдвэрийн баруун бүс-3 /16102/, Үйлдвэрийн баруун бүс-1 /16100/",Үйлдвэрийн тойруу
2087676,ТТА131739250489357,,Polygon,106.810221,47.872661,"Авто зам, замын байгууламжийн архитектур төлөвлөлтийн даалгавар",Авто замын барилга,,2025/00-149,Хан-Уул,8-р хороо,"Яармаг-1 /17110/, Буянт Ухаа  хороолол-1 /17120/, Яармаг-2  /17111/",Сонсголонгийн зам
2087686,ТТА181739256411473,,Polygon,106.935266,47.938876,"Авто зам, замын байгууламжийн архитектур төлөвлөлтийн даалгавар",Авто замын барилга,,2025/00-150,Баянзүрх,"2-р хороо, 27-р хороо",Дунд дарь-Эх /13352/,
2087693,ТАЗ1739264664582,,MultiPolygon,106.826161,47.864441,"Авто зам, замын байгууламжийн архитектур төлөвлөлтийн даалгавар",,,,Хан-Уул,23-р хороо,Арцатын ам /17100/,
2087712,ТТА171739329591728,,MultiPolygon,106.744584,47.893667,"Авто зам, замын байгууламжийн архитектур төлөвлөлтийн даалгавар",Авто замын барилга,,2025/00-154,Сонгинохайрхан,20-р хороо,Хотын шинэ төв /18270/,
2087749,ТАЗ1739339157506,,Polygon,106.54424,47.746936,"Авто зам, замын байгууламжийн архитектур төлөвлөлтийн даалгавар",,,,Хан-Уул,13-р хороо,Шувуун фабрик-2 /17172/,
2087824,ТТА181739503771776,,Polygon,106.762658,48.058862,"Авто зам, замын байгууламжийн архитектур төлөвлөлтийн даалгавар",Авто замын барилга,,2025/00-160,Сонгинохайрхан,21-р хороо,Ар гүнт /18120/,Баруун салааны гудамж
3054158,ТТА151739771594670,,Polygon,106.838598,47.892179,"Авто зам, замын байгууламжийн архитектур төлөвлөлтийн даалгавар",Авто замын барилга,,2025/00-164,Хан-Уул,4-р хороо,Үйлдвэрийн баруун бүс-1 /16100/,Наадамчдын зам
3072142,ТТА131740361493036,,Polygon,106.826923,47.948734,"Авто зам, замын байгууламжийн архитектур төлөвлөлтийн даалгавар",Авто замын барилга,,2025/00-192,Сонгинохайрхан,7-р хороо,Наран-1 /18140/,
3072158,ТАЗ1740365004936,,MultiPolygon,106.812294,47.903564,"Авто зам, замын байгууламжийн архитектур төлөвлөлтийн даалгавар",,,,Баянгол,20-р хороо,Үйлдвэрийн баруун бүс-2 /16101/,
3072250,ТАЗ1740372446399,,Polygon,106.822643,47.897945,"Авто зам, замын байгууламжийн архитектур төлөвлөлтийн даалгавар",,,,Баянгол,20-р хороо,Үйлдвэрийн баруун бүс-2 /16101/,
3072800,ТТА181740623013483,,Polygon,106.919656,47.961538,"Авто зам, замын байгууламжийн архитектур төлөвлөлтийн даалгавар",Авто замын барилга,,2025/00-214,Чингэлтэй,1-р хороо,Салхит /15060/,Цагдаагийн гудамж
3072839,ТТА181740705384916,,MultiPolygon,106.851948,47.874674,"Авто зам, замын байгууламжийн архитектур төлөвлөлтийн даалгавар",Авто замын барилга,,2025/00-219,Чингэлтэй,1-р хороо,Үйлдвэрийн төвийн бүс-2 /16020/,Ц.Жигжиджавын гудамж
3072841,ТТА171740706744200,,Polygon,106.781849,47.899507,"Авто зам, замын байгууламжийн архитектур төлөвлөлтийн даалгавар",Авто замын барилга,,2025/00-217,Сонгинохайрхан,20-р хороо,Сонсголон-2 /18131/,
3073133,ТАЗ1741826810685,,Polygon,107.240598,47.781159,"Авто зам, замын байгууламжийн архитектур төлөвлөлтийн даалгавар",,,,Налайх,7-р хороо,Өвөр шанд /12810/,
3073273,ТАЗ1742104817872,,MultiPolygon,108.378264,47.778695,"Авто зам, замын байгууламжийн архитектур төлөвлөлтийн даалгавар",,,,Багануур,3-р хороо,Наран хороолол-1 /12090/,
3073274,ТАЗ1742105691284,,Polygon,108.377954,47.778763,"Авто зам, замын байгууламжийн архитектур төлөвлөлтийн даалгавар",,,,Багануур,3-р хороо,Наран хороолол-1 /12090/,
3073570,ТАЗ1742459777250,,Polygon,106.894616,47.897665,"Авто зам, замын байгууламжийн архитектур төлөвлөлтийн даалгавар",,,,Хан-Уул,20-р хороо,Үйлдвэр 2-3 /17042/,
3073571,ТАЗ1742462746830,,Polygon,106.968896,47.921113,"Авто зам, замын байгууламжийн архитектур төлөвлөлтийн даалгавар",,,,Баянзүрх,22-р хороо,15-р хороолол-2 /13341/,
3073572,ТАЗ1742462746993,,MultiPolygon,106.968739,47.920852,"Авто зам, замын байгууламжийн архитектур төлөвлөлтийн даалгавар",,,,Баянзүрх,22-р хороо,15-р хороолол-2 /13341/,
3074180,ТАЗ1742998576406,,Polygon,106.758034,47.819299,"Авто зам, замын байгууламжийн архитектур төлөвлөлтийн даалгавар",,,,Хан-Уул,21-р хороо,28-р хороолол /17130/,
3074181,ТАЗ1742998576514,,Polygon,106.757711,47.819717,"Авто зам, замын байгууламжийн архитектур төлөвлөлтийн даалгавар",,,,Хан-Уул,21-р хороо,28-р хороолол /17130/,
3074191,ТАЗ1743008912212,,Polygon,106.954663,47.918909,"Авто зам, замын байгууламжийн архитектур төлөвлөлтийн даалгавар",,,,Баянзүрх,41-р хороо,15-р хороолол-4 /13343/,
3074192,ТАЗ1743008912296,,Polygon,106.955004,47.91891,"Авто зам, замын байгууламжийн архитектур төлөвлөлтийн даалгавар",,,,Баянзүрх,41-р хороо,15-р хороолол-4 /13343/,
3074193,ТАЗ1743008912370,,Polygon,106.955314,47.918662,"Авто зам, замын байгууламжийн архитектур төлөвлөлтийн даалгавар",,,,Баянзүрх,41-р хороо,15-р хороолол-4 /13343/,
3074195,ТАЗ1743033101313,,Polygon,106.918916,47.907958,"Авто зам, замын байгууламжийн архитектур төлөвлөлтийн даалгавар",,,,Хан-Уул,15-р хороо,Стадион Оргил-1 /17010/,
3074350,ТАЗ1743059152629,,Polygon,107.197704,47.80724,"Авто зам, замын байгууламжийн архитектур төлөвлөлтийн даалгавар",,,,Баянзүрх,11-р хороо,Майхан уул /13087/,
3074475,ТАЗ1743248034892,,MultiPolygon,106.763674,47.904968,"Авто зам, замын байгууламжийн архитектур төлөвлөлтийн даалгавар",,,,Сонгинохайрхан,20-р хороо,Сонсголон-5 /18134/,
3074476,ТАЗ1743248448603,,MultiPolygon,106.763636,47.904962,"Авто зам, замын байгууламжийн архитектур төлөвлөлтийн даалгавар",,,,Сонгинохайрхан,20-р хороо,Сонсголон-5 /18134/,
3074479,ТАЗ1743258662901,,Polygon,106.859266,47.88223,"Авто зам, замын байгууламжийн архитектур төлөвлөлтийн даалгавар",,,,Хан-Уул,24-р хороо,Яармаг-1 /17110/,
3074575,ТАЗ1743386106353,,MultiPolygon,107.407208,47.90891,"Авто зам, замын байгууламжийн архитектур төлөвлөлтийн даалгавар",,,,Налайх,6-р хороо,Антын ам /12739/,
3074576,ТАЗ1743386161002,,Polygon,107.407492,47.909217,"Авто зам, замын байгууламжийн архитектур төлөвлөлтийн даалгавар",,,,Налайх,6-р хороо,Антын ам /12739/,
3074635,ТАЗ1743404766673,,MultiPolygon,106.828953,47.868536,"Авто зам, замын байгууламжийн архитектур төлөвлөлтийн даалгавар",,,,Хан-Уул,23-р хороо,Арцатын ам /17100/,
3074639,ТАЗ1743405567661,,MultiPolygon,106.828954,47.868597,"Авто зам, замын байгууламжийн архитектур төлөвлөлтийн даалгавар",,,,Хан-Уул,23-р хороо,Арцатын ам /17100/,
3074649,ТАЗ1743421287167,,Polygon,107.091632,47.862526,"Авто зам, замын байгууламжийн архитектур төлөвлөлтийн даалгавар",,,,Баянзүрх,11-р хороо,Чулуут /13220/,
3074652,ТАЗ1743422080162,,Polygon,106.694327,47.900168,"Авто зам, замын байгууламжийн архитектур төлөвлөлтийн даалгавар",,,,Сонгинохайрхан,32-р хороо,Тахилт-2 /18241/,
3074653,ТАЗ1743422256772,,Polygon,106.694071,47.9002,"Авто зам, замын байгууламжийн архитектур төлөвлөлтийн даалгавар",,,,Сонгинохайрхан,32-р хороо,Тахилт-2 /18241/,
3074698,ТАЗ1743486795323,,MultiPolygon,106.721177,47.77802,"Авто зам, замын байгууламжийн архитектур төлөвлөлтийн даалгавар",,,,Хан-Уул,14-р хороо,Өлзийт-2 /17151/,
3074699,ТАЗ1743487087758,,Polygon,106.721091,47.778046,"Авто зам, замын байгууламжийн архитектур төлөвлөлтийн даалгавар",,,,Хан-Уул,14-р хороо,Өлзийт-2 /17151/,
3074723,ТАЗ1743511346386,,MultiPolygon,106.85911,47.88221,"Авто зам, замын байгууламжийн архитектур төлөвлөлтийн даалгавар",,,,Хан-Уул,24-р хороо,Яармаг-1 /17110/,
3074727,ТАЗ1743560749427,,MultiPolygon,107.397529,47.838546,"Авто зам, замын байгууламжийн архитектур төлөвлөлтийн даалгавар",,,,Налайх,1-р хороо,Сайханы саравч /12604/,
3074787,ТАЗ1743561507221,,Polygon,107.057369,47.876196,"Авто зам, замын байгууламжийн архитектур төлөвлөлтийн даалгавар",,,,Баянзүрх,11-р хороо,Хүрхрээ /13240/,
3074805,ТАЗ1743565095102,,MultiPolygon,107.057318,47.876202,"Авто зам, замын байгууламжийн архитектур төлөвлөлтийн даалгавар",,,,Баянзүрх,11-р хороо,Хүрхрээ /13240/,
3074827,ТАЗ1743576185650,,MultiPolygon,107.418873,47.882999,"Авто зам, замын байгууламжийн архитектур төлөвлөлтийн даалгавар",,,,Налайх,6-р хороо,Горхийн баруун салаа /12771/,
3074876,ТАЗ1743580960865,,MultiPolygon,106.763915,47.857637,"Авто зам, замын байгууламжийн архитектур төлөвлөлтийн даалгавар",,,,Хан-Уул,25-р хороо,Буянт Ухаа  хороолол-1 /17120/,
3074878,ТАЗ1743581161591,,MultiPolygon,106.763996,47.857637,"Авто зам, замын байгууламжийн архитектур төлөвлөлтийн даалгавар",,,,Хан-Уул,25-р хороо,Буянт Ухаа  хороолол-1 /17120/,
3075203,ТАЗ1743669948141,,Polygon,106.953371,47.922145,"Авто зам, замын байгууламжийн архитектур төлөвлөлтийн даалгавар",,,,Баянзүрх,4-р хороо,15-р хороолол-4 /13343/,
3075210,ТАЗ1743670499630,,Polygon,106.953052,47.921958,"Авто зам, замын байгууламжийн архитектур төлөвлөлтийн даалгавар",,,,Баянзүрх,4-р хороо,15-р хороолол-4 /13343/,
3075226,ТАЗ1743735116301,,Polygon,106.893364,47.894394,"Авто зам, замын байгууламжийн архитектур төлөвлөлтийн даалгавар",,,,Хан-Уул,20-р хороо,Үйлдвэр 2-3 /17042/,
3075228,ТАЗ1743735464798,,Polygon,106.893576,47.894428,"Авто зам, замын байгууламжийн архитектур төлөвлөлтийн даалгавар",,,,Хан-Уул,20-р хороо,Үйлдвэр 2-3 /17042/,
3075246,ТТА131743738730390,,Polygon,106.941142,47.995654,"Авто зам, замын байгууламжийн архитектур төлөвлөлтийн даалгавар",Авто замын барилга,,2025/00-362,Сүхбаатар,17-р хороо,Дамбадаржаа-1 /14060/,
3075566,ТАЗ1744010594789,,Polygon,106.910869,47.875161,"Авто зам, замын байгууламжийн архитектур төлөвлөлтийн даалгавар",,,,Хан-Уул,11-р хороо,Зайсан-6 /17025/,
3075567,ТАЗ1744010916318,,Polygon,106.910978,47.875105,"Авто зам, замын байгууламжийн архитектур төлөвлөлтийн даалгавар",,,,Хан-Уул,11-р хороо,Зайсан-6 /17025/,
3075568,ТАЗ1744010916372,,Polygon,106.910826,47.875061,"Авто зам, замын байгууламжийн архитектур төлөвлөлтийн даалгавар",,,,Хан-Уул,11-р хороо,Зайсан-6 /17025/,
3075590,ТАЗ1744015919460,,Polygon,106.91234,47.89656,"Авто зам, замын байгууламжийн архитектур төлөвлөлтийн даалгавар",,,,Хан-Уул,18-р хороо,Стадион Оргил-4 /17013/,
3075605,ТАЗ1744073988202,,Polygon,106.734391,47.889961,"Авто зам, замын байгууламжийн архитектур төлөвлөлтийн даалгавар",,,,Сонгинохайрхан,20-р хороо,Сонсголон-6 /18135/,
3075619,ТТА141744079882821,,MultiPolygon,106.902963,47.954485,"Авто зам, замын байгууламжийн архитектур төлөвлөлтийн даалгавар",Авто замын барилга,,2025/00-372,Чингэлтэй,14-р хороо,Дэнжийн мянга-1 /15120/,
3075637,ТАЗ1744100227506,,Polygon,106.734501,47.889516,"Авто зам, замын байгууламжийн архитектур төлөвлөлтийн даалгавар",,,,Сонгинохайрхан,20-р хороо,Сонсголон-6 /18135/,
3075647,ТАЗ1744105295215,,Polygon,107.404884,47.908898,"Авто зам, замын байгууламжийн архитектур төлөвлөлтийн даалгавар",,,,Налайх,6-р хороо,Антын ам /12739/,
3075898,ТАЗ1744366784317,,Polygon,107.085708,47.862068,"Авто зам, замын байгууламжийн архитектур төлөвлөлтийн даалгавар",,,,Баянзүрх,11-р хороо,Чулуут /13220/,
3075932,ТАЗ1744543428104,,Polygon,106.918825,47.915339,"Авто зам, замын байгууламжийн архитектур төлөвлөлтийн даалгавар",,,,Сүхбаатар,1-р хороо,Соёл амралтын хүрээлэн-1 /14240/,
3075943,ТТА181744591313176,,Polygon,106.902435,48.01587,"Авто зам, замын байгууламжийн архитектур төлөвлөлтийн даалгавар",Авто замын барилга,,2025/00-387,Чингэлтэй,24-р хороо,"Шадивлан-3 /15022/, Шадивлан-4 /15023/",
3076038,ТАЗ1744599147302,,Polygon,107.081828,47.866149,"Авто зам, замын байгууламжийн архитектур төлөвлөлтийн даалгавар",,,,Баянзүрх,11-р хороо,Чулуут /13220/,
3076067,ТАЗ1744611361320,,Polygon,106.79257,47.862164,"Авто зам, замын байгууламжийн архитектур төлөвлөлтийн даалгавар",,,,Хан-Уул,8-р хороо,Яармаг-2  /17111/,
3076080,ТАЗ1744614477624,,Polygon,106.816233,47.941161,"Авто зам, замын байгууламжийн архитектур төлөвлөлтийн даалгавар",,,,Сонгинохайрхан,7-р хороо,Наран-1 /18140/,
3076090,ТАЗ1744618550951,,Polygon,106.880404,47.914168,"Авто зам, замын байгууламжийн архитектур төлөвлөлтийн даалгавар",,,,Баянгол,4-р хороо,2-р хороолол-3 /16052/,
3076120,ТТА171744696896489,,Polygon,106.603802,47.766913,"Авто зам, замын байгууламжийн архитектур төлөвлөлтийн даалгавар",Авто замын барилга,,2025/00-401,Хан-Уул,13-р хороо,Шувуун фабрик-1 /17170/,Шувуун фабрикийн зам
3076198,ТТА181744765992447,,Polygon,106.690558,47.836379,"Авто зам, замын байгууламжийн архитектур төлөвлөлтийн даалгавар",Авто замын барилга,,2025/00-411,Хан-Уул,12-р хороо,Морин-1 /17131/,
3076365,ТТА131745285350099,,Polygon,106.759003,47.83945,"Авто зам, замын байгууламжийн архитектур төлөвлөлтийн даалгавар",Авто замын барилга,,2025/00-443,Хан-Уул,21-р хороо,28-р хороолол /17130/,Морингийн зам
3076366,ТТА151745285350682,,Polygon,106.756544,47.8285,"Авто зам, замын байгууламжийн архитектур төлөвлөлтийн даалгавар",Авто замын барилга,,2025/00-443,Хан-Уул,21-р хороо,"28-р хороолол /17130/, Морин-1 /17131/",
3076485,ТТА181745314365929,,Polygon,106.812777,47.974995,"Авто зам, замын байгууламжийн архитектур төлөвлөлтийн даалгавар",Авто замын барилга,,2025/00-453,Сонгинохайрхан,24-р хороо,Баянхошуу-3 /18090/,Баруун салааны гудамж
3076491,ТТА131745364481115,,Polygon,106.715155,47.941923,"Авто зам, замын байгууламжийн архитектур төлөвлөлтийн даалгавар",Авто замын барилга,,2025/00-456,Сонгинохайрхан,34-р хороо,"Баянголын ам-2 /18181/, Баянголын ам-3 /18182/",Найрамдалын зам
3076496,ТТА151745370870989,,Polygon,106.803709,47.970182,"Авто зам, замын байгууламжийн архитектур төлөвлөлтийн даалгавар",Авто замын барилга,,2025/00-458,Сонгинохайрхан,"41-р хороо, 24-р хороо",Баянхошуу-3 /18090/,Баруун салааны гудамж
3076497,ТТА171745372127707,,Polygon,106.805274,47.948717,"Авто зам, замын байгууламжийн архитектур төлөвлөлтийн даалгавар",Авто замын барилга,,2025/00-459,Сонгинохайрхан,41-р хороо,Баянхошуу-3 /18090/,
3076527,ТТА151745376750488,,Polygon,106.812332,47.941954,"Авто зам, замын байгууламжийн архитектур төлөвлөлтийн даалгавар",Авто замын барилга,,2025/00-460,Сонгинохайрхан,"40-р хороо, 7-р хороо","Толгойт-6 /18105/, Наран-2 /18141/",
3076622,ТТА171745399367436,,Polygon,106.655518,47.822984,"Авто зам, замын байгууламжийн архитектур төлөвлөлтийн даалгавар",Авто замын барилга,,2025/00-410,Хан-Уул,12-р хороо,Био комбинат-2 /17143/,Шувуун фабрикийн зам
3076624,ТТА131745401987422,,MultiPolygon,106.889789,47.964621,"Авто зам, замын байгууламжийн архитектур төлөвлөлтийн даалгавар",Авто замын барилга,,2025/00-392,Чингэлтэй,17-р хороо,Дэнжийн мянга-1 /15120/,Чингэлтэйн гудамж
3076674,ТТА191745452617818,,Polygon,106.736515,47.927555,"Авто зам, замын байгууламжийн архитектур төлөвлөлтийн даалгавар",Авто замын барилга,,2025/00-463,Сонгинохайрхан,34-р хороо,"Орбит-4 /18173/, Баянголын ам-1 /18180/",Найрамдалын зам
3077125,ТТА151745981802217,,Polygon,106.859825,47.897114,"Авто зам, замын байгууламжийн архитектур төлөвлөлтийн даалгавар",Авто замын барилга,,2025/00-488,Хан-Уул,3-р хороо,Үйлдвэрийн баруун бүс-1 /17070/,
3077156,ТТА131745990435988,,Polygon,106.764915,47.871388,"Авто зам, замын байгууламжийн архитектур төлөвлөлтийн даалгавар",Авто замын барилга,,2025/00-489,Хан-Уул,9-р хороо,"Буянт Ухаа хороолол-3 /17122/, Буянт Ухаа  хороолол-1 /17120/",
3077174,ТТА181745995237032,,Polygon,106.755602,47.863142,"Авто зам, замын байгууламжийн архитектур төлөвлөлтийн даалгавар",Авто замын барилга,,2025/00-491,Хан-Уул,"10-р хороо, 9-р хороо",Буянт Ухаа хороолол-3 /17122/,
3077184,ТТА141746002632173,,Polygon,106.567225,47.756952,"Авто зам, замын байгууламжийн архитектур төлөвлөлтийн даалгавар",Авто замын барилга,,2025/00-493,Хан-Уул,13-р хороо,Шувуун фабрик-2 /17172/,Шувуун фабрикийн зам
3077394,ТТА171746400502699,,Polygon,106.71135,47.789737,"Авто зам, замын байгууламжийн архитектур төлөвлөлтийн даалгавар",Авто замын барилга,,2025/00-506,Хан-Уул,14-р хороо,Өлзийт-1 /17150/,
3077465,ТТА181746424468063,,Polygon,106.78381,47.861558,"Авто зам, замын байгууламжийн архитектур төлөвлөлтийн даалгавар",Авто замын барилга,,2025/00-511,Хан-Уул,8-р хороо,Буянт Ухаа  хороолол-1 /17120/,Сонсголонгийн зам
3077486,ТТА171746433426386,,Polygon,106.901406,47.890779,"Авто зам, замын байгууламжийн архитектур төлөвлөлтийн даалгавар",Авто замын барилга,,2025/00-513,Хан-Уул,19-р хороо,Үйлдвэр 2-2 /17041/,Туул гол гудамж
3083221,ТАЗ1746439810819,,Polygon,106.708962,47.900226,"Авто зам, замын байгууламжийн архитектур төлөвлөлтийн даалгавар",,,,Сонгинохайрхан,32-р хороо,Хотын шинэ төв /18270/,
3083222,ТАЗ1746442340484,,Polygon,107.065729,47.872278,"Авто зам, замын байгууламжийн архитектур төлөвлөлтийн даалгавар",,,,Баянзүрх,11-р хороо,Хүрхрээ /13240/,
3083230,ТТА141746486802116,,Polygon,106.908474,47.884683,"Авто зам, замын байгууламжийн архитектур төлөвлөлтийн даалгавар",Авто замын барилга,,2025/00-516,Хан-Уул,22-р хороо,Зайсан-9 /17029/,
3083231,ТТА181746489551268,,Polygon,107.148316,47.843268,"Авто зам, замын байгууламжийн архитектур төлөвлөлтийн даалгавар",Авто замын барилга,,2025/00-517,Баянзүрх,11-р хороо,Эмийн ургамал /13140/,
3083248,ТАЗ1746513836681,,Polygon,106.817971,47.896016,"Авто зам, замын байгууламжийн архитектур төлөвлөлтийн даалгавар",,,,Баянгол,20-р хороо,Үйлдвэрийн баруун бүс-2 /16101/,
3083374,ТАЗ1746578407872,,Polygon,106.720902,47.939227,"Авто зам, замын байгууламжийн архитектур төлөвлөлтийн даалгавар",,,,Сонгинохайрхан,34-р хороо,Баянголын ам-3 /18182/,
3083551,ТАЗ1746686680747,,MultiPolygon,108.373711,47.778326,"Авто зам, замын байгууламжийн архитектур төлөвлөлтийн даалгавар",,,,Багануур,3-р хороо,Наран хороолол-1 /12090/,
3083691,ТТА181746761170811,,MultiPolygon,106.981754,47.971069,"Авто зам, замын байгууламжийн архитектур төлөвлөлтийн даалгавар",Авто замын барилга,,2025/00-539,Баянзүрх,21-р хороо,Ганц худгийн ам /13355/,
3083776,ТТА161747013066019,,MultiPolygon,107.157629,47.835509,"Авто зам, замын байгууламжийн архитектур төлөвлөлтийн даалгавар",Авто замын барилга,,2025/00-552,Баянзүрх,11-р хороо,"Харгана /13091/, Нам даваа /13088/",Уурхайчдын зам
3084345,ТАЗ1747380742725,,Polygon,106.853452,47.919156,"Авто зам, замын байгууламжийн архитектур төлөвлөлтийн даалгавар",,,,Баянгол,21-р хороо,3-р хороолол-6 /16095/,
3084346,ТАЗ1747380742861,,Polygon,106.85335,47.919469,"Авто зам, замын байгууламжийн архитектур төлөвлөлтийн даалгавар",,,,Баянгол,21-р хороо,3-р хороолол-6 /16095/,
3084439,ТАЗ1747386067057,,MultiPolygon,106.774639,47.910431,"Авто зам, замын байгууламжийн архитектур төлөвлөлтийн даалгавар",,,,Сонгинохайрхан,20-р хороо,Толгойт-5 /18104/,
3084505,ТАЗ1747617326198,,Polygon,106.933264,47.920498,"Авто зам, замын байгууламжийн архитектур төлөвлөлтийн даалгавар",,,,Баянзүрх,3-р хороо,12-р хороолол-2 /13381/,
3084598,ТАЗ1747636418148,,MultiPolygon,106.57078,47.897906,"Авто зам, замын байгууламжийн архитектур төлөвлөлтийн даалгавар",,,,Сонгинохайрхан,32-р хороо,Эмээлт-2 /18401/,
3084609,ТАЗ1747643874565,,Polygon,106.950691,47.91828,"Авто зам, замын байгууламжийн архитектур төлөвлөлтийн даалгавар",,,,Баянзүрх,4-р хороо,15-р хороолол-5 /13344/,
3084915,ТАЗ1747733082215,,Polygon,106.828656,47.908433,"Авто зам, замын байгууламжийн архитектур төлөвлөлтийн даалгавар",,,,Баянгол,20-р хороо,Үйлдвэрийн баруун бүс-2 /16101/,
3085119,ТАЗ1747971364786,,MultiPolygon,106.796814,47.862194,"Авто зам, замын байгууламжийн архитектур төлөвлөлтийн даалгавар",,,,Хан-Уул,8-р хороо,Яармаг-2  /17111/,
3085157,ТАЗ1748176004316,,Polygon,106.89123,47.905317,"Авто зам, замын байгууламжийн архитектур төлөвлөлтийн даалгавар",,,,Баянгол,24-р хороо,Үйлдвэрийн төвийн бүс-3 /16030/,
3085362,ТАЗ1748504238336,,MultiPolygon,106.781935,47.905166,"Авто зам, замын байгууламжийн архитектур төлөвлөлтийн даалгавар",,,,Сонгинохайрхан,20-р хороо,Сонсголон-1 /18130/,
3085374,ТАЗ1748506084786,,MultiPolygon,106.813493,47.907735,"Авто зам, замын байгууламжийн архитектур төлөвлөлтийн даалгавар",,,,Баянгол,20-р хороо,Үйлдвэрийн баруун бүс-2 /16101/,
3085399,ТАЗ1748568516989,,MultiPolygon,106.815835,47.888326,"Авто зам, замын байгууламжийн архитектур төлөвлөлтийн даалгавар",,,,Баянгол,20-р хороо,Үйлдвэрийн баруун бүс-4 /16103/,
3085464,ТТА131748822779318,,Polygon,106.85311,47.911897,"Авто зам, замын байгууламжийн архитектур төлөвлөлтийн даалгавар",Авто замын барилга,,2025/00-638,Баянгол,29-р хороо,Үйлдвэрийн баруун бүс-1 /16100/,
3085469,ТАЗ1748825704107,,GeometryCollection,,,"Авто зам, замын байгууламжийн архитектур төлөвлөлтийн даалгавар",,,,Баянгол,20-р хороо,Үйлдвэрийн баруун бүс-2 /16101/,
3085520,ТАЗ1748837856922,,Polygon,106.801531,47.79941,"Авто зам, замын байгууламжийн архитектур төлөвлөлтийн даалгавар",,,,Хан-Уул,8-р хороо,Тайны ам /17132/,
3085715,ТАЗ1748942654908,,Polygon,106.882521,47.897401,"Авто зам, замын байгууламжийн архитектур төлөвлөлтийн даалгавар",,,,Хан-Уул,3-р хороо,Үйлдвэр 1-1 /17060/,
3085716,ТАЗ1748942655053,,Polygon,106.883279,47.897751,"Авто зам, замын байгууламжийн архитектур төлөвлөлтийн даалгавар",,,,Хан-Уул,3-р хороо,Үйлдвэр 1-1 /17060/,
3085720,ТАЗ1748945262574,,Polygon,106.936713,47.919018,"Авто зам, замын байгууламжийн архитектур төлөвлөлтийн даалгавар",,,,Баянзүрх,3-р хороо,12-р хороолол-2 /13381/,
3085751,ТАЗ1748949531446,,Polygon,107.070412,47.868894,"Авто зам, замын байгууламжийн архитектур төлөвлөлтийн даалгавар",,,,Баянзүрх,11-р хороо,Хүрхрээ /13240/,
3085817,ТАЗ1748951941415,,Polygon,106.880098,47.899066,"Авто зам, замын байгууламжийн архитектур төлөвлөлтийн даалгавар",,,,Хан-Уул,3-р хороо,Үйлдвэр 1-1 /17060/,
3085869,ТАЗ1749000120962,,Polygon,107.431569,47.352859,"Авто зам, замын байгууламжийн архитектур төлөвлөлтийн даалгавар",,,,Багахангай,1-р хороо,Өндөр толгой /12330/,
3085875,ТАЗ1749002598577,,Polygon,107.195978,47.808244,"Авто зам, замын байгууламжийн архитектур төлөвлөлтийн даалгавар",,,,Баянзүрх,11-р хороо,"Нам даваа /13088/, Майхан уул /13087/",
3085880,ТАЗ1749006744361,,Polygon,107.250946,47.777177,"Авто зам, замын байгууламжийн архитектур төлөвлөлтийн даалгавар",,,,Налайх,1-р хороо,Уурхайчин /12750/,
3085907,ТАЗ1749011030785,,Polygon,107.077835,47.865338,"Авто зам, замын байгууламжийн архитектур төлөвлөлтийн даалгавар",,,,Баянзүрх,11-р хороо,Чулуут /13220/,
3112366,ТАЗ1749443439859,,Polygon,107.01288,47.913347,"Авто зам, замын байгууламжийн архитектур төлөвлөлтийн даалгавар",,,,Баянзүрх,10-р хороо,Амгалан-1 /13260/,
3112367,ТАЗ1749443439997,,Polygon,107.01203,47.913239,"Авто зам, замын байгууламжийн архитектур төлөвлөлтийн даалгавар",,,,Баянзүрх,10-р хороо,Амгалан-1 /13260/,
3112435,ТАЗ1749645094409,,Polygon,107.375407,47.823697,"Авто зам, замын байгууламжийн архитектур төлөвлөлтийн даалгавар",,,,Налайх,1-р хороо,"Сайханы саравч /12604/, Хөх давааны энгэр /12605/",
3112438,ТАЗ1749647422097,,Polygon,106.860481,47.898769,"Авто зам, замын байгууламжийн архитектур төлөвлөлтийн даалгавар",,,,Хан-Уул,3-р хороо,Үйлдвэр 1-3 /17062/,
3112460,ТАЗ1749695681390,,MultiPolygon,107.160751,47.830939,"Авто зам, замын байгууламжийн архитектур төлөвлөлтийн даалгавар",,,,Баянзүрх,11-р хороо,Харгана /13091/,
3112466,ТАЗ1749703600268,,MultiPolygon,106.876126,47.924706,"Авто зам, замын байгууламжийн архитектур төлөвлөлтийн даалгавар",,,,Баянгол,14-р хороо,4-р хороолол-7 /16066/,
3112520,ТАЗ1749727621992,,Polygon,106.776718,47.858411,"Авто зам, замын байгууламжийн архитектур төлөвлөлтийн даалгавар",,,,Хан-Уул,25-р хороо,Буянт Ухаа  хороолол-1 /17120/,
3112521,ТАЗ1749727622049,,MultiPolygon,106.777661,47.859047,"Авто зам, замын байгууламжийн архитектур төлөвлөлтийн даалгавар",,,,Хан-Уул,25-р хороо,Буянт Ухаа  хороолол-1 /17120/,
3112604,ТТА151749800422086,,Polygon,106.837693,47.951832,"Авто зам, замын байгууламжийн архитектур төлөвлөлтийн даалгавар",Авто замын барилга,,2025/00-708,Сонгинохайрхан,8-р хороо,Наран-1 /18140/,
3112671,ТАЗ1750051037856,,MultiPolygon,106.783636,47.885487,"Авто зам, замын байгууламжийн архитектур төлөвлөлтийн даалгавар",,,,Сонгинохайрхан,20-р хороо,Сонсголон-4 /18133/,
3112754,ТТА161750059894556,,Polygon,106.779424,47.916862,"Авто зам, замын байгууламжийн архитектур төлөвлөлтийн даалгавар",Авто замын барилга,,2025/00-707,Сонгинохайрхан,2-р хороо,"Толгойт-6 /18105/, Толгойт-3 /18102/",Толгойтын гудамж
3112895,ТТА151750133030469,,Polygon,106.843925,47.960258,"Авто зам, замын байгууламжийн архитектур төлөвлөлтийн даалгавар",Авто замын барилга,,2025/00-709,Сонгинохайрхан,10-р хороо,Баянхошуу-1 /18010/,
3112900,ТТА181750136436702,,Polygon,106.845822,47.962042,"Авто зам, замын байгууламжийн архитектур төлөвлөлтийн даалгавар",Авто замын барилга,,2025/00-710,Сонгинохайрхан,10-р хороо,Баянхошуу-1 /18010/,
3112921,ТТА151750147695021,,Polygon,106.844528,47.963182,"Авто зам, замын байгууламжийн архитектур төлөвлөлтийн даалгавар",Авто замын барилга,,2025/00-712,Сонгинохайрхан,10-р хороо,Баянхошуу-1 /18010/,
3112922,ТТА131750149456716,,Polygon,106.872098,47.944112,"Авто зам, замын байгууламжийн архитектур төлөвлөлтийн даалгавар",Авто замын барилга,,2025/00-713,"Баянгол, Сонгинохайрхан","23-р хороо, 11-р хороо",Наран-1 /18140/,
3112927,ТТА181750201282113,,Polygon,106.853921,47.917843,"Авто зам, замын байгууламжийн архитектур төлөвлөлтийн даалгавар",Авто замын барилга,,2025/00-718,"Баянгол, Сонгинохайрхан","21-р хороо, 31-р хороо, 12-р хороо","Өнөр хороолол /18040/, 3-р хороолол-6 /16095/",
3112928,ТТА181750201296290,,Polygon,106.854129,47.919731,"Авто зам, замын байгууламжийн архитектур төлөвлөлтийн даалгавар",Авто замын барилга,,2025/00-718,Баянгол,21-р хороо,3-р хороолол-6 /16095/,
3112949,ТТА181750220756057,,Polygon,106.838425,47.959173,"Авто зам, замын байгууламжийн архитектур төлөвлөлтийн даалгавар",Авто замын барилга,,2025/00-722,Сонгинохайрхан,"9-р хороо, 10-р хороо",Баянхошуу-1 /18010/,Баянхошууны гудамж
3112964,ТТА181750225996499,,Polygon,106.829086,47.918051,"Авто зам, замын байгууламжийн архитектур төлөвлөлтийн даалгавар",Авто замын барилга,,2025/00-723,Сонгинохайрхан,23-р хороо,Ханын материал-3 /18062/,
3113013,ТТА141750287413220,,Polygon,106.805787,47.979257,"Авто зам, замын байгууламжийн архитектур төлөвлөлтийн даалгавар",Авто замын барилга,,2025/00-725,Сонгинохайрхан,24-р хороо,Баянхошуу-3 /18090/,
3113023,ТТА181750298218965,,Polygon,106.835126,47.967396,"Авто зам, замын байгууламжийн архитектур төлөвлөлтийн даалгавар",Авто замын барилга,,2025/00-726,Сонгинохайрхан,"10-р хороо, 25-р хороо",Баянхошуу-1 /18010/,
3113025,ТТА131750301138888,,Polygon,106.826028,47.97433,"Авто зам, замын байгууламжийн архитектур төлөвлөлтийн даалгавар",Авто замын барилга,,2025/00-728,Сонгинохайрхан,25-р хороо,Баянхошуу-2 /18011/,
3113058,ТТА151750317789396,,Polygon,106.863885,47.959076,"Авто зам, замын байгууламжийн архитектур төлөвлөлтийн даалгавар",Авто замын барилга,,2025/00-731,"Сонгинохайрхан, Чингэлтэй","20-р хороо, 28-р хороо","Баянхошуу-1 /18010/, Телевиз /15130/",
3113094,ТТА151750378477798,,Polygon,106.848279,47.929651,"Авто зам, замын байгууламжийн архитектур төлөвлөлтийн даалгавар",Авто замын барилга,,2025/00-734,Сонгинохайрхан,31-р хороо,Өнөр хороолол /18040/,
3113149,ТТА131750382614717,,Polygon,106.649651,47.892509,"Авто зам, замын байгууламжийн архитектур төлөвлөлтийн даалгавар",Авто замын барилга,,2025/00-738,Сонгинохайрхан,32-р хороо,Баруун туруун-2 /18341/,
3113157,ТТА131750384079902,,Polygon,106.830205,47.932981,"Авто зам, замын байгууламжийн архитектур төлөвлөлтийн даалгавар",Авто замын барилга,,2025/00-739,Сонгинохайрхан,39-р хороо,Ханын материал-1 /18060/,
3113201,ТТА131750388162312,,Polygon,106.813318,47.946457,"Авто зам, замын байгууламжийн архитектур төлөвлөлтийн даалгавар",Авто замын барилга,,2025/00-740,Сонгинохайрхан,"40-р хороо, 7-р хороо",Наран-2 /18141/,
3113207,ТТА111750393884866,,Polygon,106.844127,47.924183,"Авто зам, замын байгууламжийн архитектур төлөвлөлтийн даалгавар",Авто замын барилга,,2025/00-741,Сонгинохайрхан,43-р хороо,Өнөр хороолол /18040/,
3113210,ТТА131750396451887,,Polygon,106.842523,47.930946,"Авто зам, замын байгууламжийн архитектур төлөвлөлтийн даалгавар",Авто замын барилга,,2025/00-742,Сонгинохайрхан,39-р хороо,Ханын материал-1 /18060/,
3113241,ТТА161750402620997,,Polygon,106.750846,47.915831,"Авто зам, замын байгууламжийн архитектур төлөвлөлтийн даалгавар",Авто замын барилга,,2025/00-744,Сонгинохайрхан,22-р хороо,"Орбит-3 /18172/, Орбит-1 /18170/, Баянголын ам-1 /18180/",Найрамдалын зам
3113304,ТАЗ1750637591680,,GeometryCollection,,,"Авто зам, замын байгууламжийн архитектур төлөвлөлтийн даалгавар",,,,Налайх,7-р хороо,Нарлаг /12820/,
3113386,ТАЗ1750657789470,,Polygon,106.712454,47.900892,"Авто зам, замын байгууламжийн архитектур төлөвлөлтийн даалгавар",,,,Сонгинохайрхан,32-р хороо,Тахилт-2 /18241/,
3113436,ТАЗ1750664645162,,Polygon,106.677157,47.892757,"Авто зам, замын байгууламжийн архитектур төлөвлөлтийн даалгавар",,,,Сонгинохайрхан,32-р хороо,Хотын шинэ төв /18270/,
3113443,ТАЗ1750665127764,,Polygon,106.555014,48.051416,"Авто зам, замын байгууламжийн архитектур төлөвлөлтийн даалгавар",,,,Сонгинохайрхан,21-р хороо,361-ын гарам /18410/,
3113444,ТАЗ1750665127864,,Polygon,106.555734,48.050444,"Авто зам, замын байгууламжийн архитектур төлөвлөлтийн даалгавар",,,,Сонгинохайрхан,21-р хороо,361-ын гарам /18410/,
3113451,ТАЗ1750665274621,,MultiPolygon,106.677049,47.891832,"Авто зам, замын байгууламжийн архитектур төлөвлөлтийн даалгавар",,,,Сонгинохайрхан,32-р хороо,Хотын шинэ төв /18270/,
3113452,ТАЗ1750665274743,,Polygon,106.676373,47.892344,"Авто зам, замын байгууламжийн архитектур төлөвлөлтийн даалгавар",,,,Сонгинохайрхан,32-р хороо,Хотын шинэ төв /18270/,
3113453,ТАЗ1750665274947,,Polygon,106.676114,47.891614,"Авто зам, замын байгууламжийн архитектур төлөвлөлтийн даалгавар",,,,Сонгинохайрхан,32-р хороо,Хотын шинэ төв /18270/,
3113469,ТАЗ1750675836507,,Polygon,107.217417,47.790781,"Авто зам, замын байгууламжийн архитектур төлөвлөлтийн даалгавар",,,,Баянзүрх,11-р хороо,Майхан уул /13087/,
3113474,ТАЗ1750677742242,,Polygon,107.24801,47.777632,"Авто зам, замын байгууламжийн архитектур төлөвлөлтийн даалгавар",,,,Налайх,7-р хороо,Өвөр шанд /12810/,
3113481,ТАЗ1750678453130,,Polygon,106.935546,47.910898,"Авто зам, замын байгууламжийн архитектур төлөвлөлтийн даалгавар",,,,Баянзүрх,43-р хороо,13-р хороолол 2-5 /13374/,
3113769,ТАЗ1750836370924,,Polygon,106.785098,47.912381,"Авто зам, замын байгууламжийн архитектур төлөвлөлтийн даалгавар",,,,Сонгинохайрхан,20-р хороо,Толгойт-3 /18102/,
3113776,ТАЗ1750838358548,,Polygon,106.881502,47.911063,"Авто зам, замын байгууламжийн архитектур төлөвлөлтийн даалгавар",,,,Баянгол,4-р хороо,2-р хороолол-3 /16052/,
3113787,ТАЗ1750840926495,,Polygon,106.840793,47.916713,"Авто зам, замын байгууламжийн архитектур төлөвлөлтийн даалгавар",,,,Сонгинохайрхан,15-р хороо,1-р хороолол-2 /18031/,
3114370,ТТА131751349540772,,Polygon,107.14795,47.845321,"Авто зам, замын байгууламжийн архитектур төлөвлөлтийн даалгавар",Авто замын барилга,,2025/00-824,Баянзүрх,11-р хороо,Эмийн ургамал /13140/,
3114934,ТАЗ1751453895764,,Polygon,106.960525,47.922882,"Авто зам, замын байгууламжийн архитектур төлөвлөлтийн даалгавар",,,,Баянзүрх,41-р хороо,15-р хороолол-4 /13343/,
3114935,ТАЗ1751453895831,,Polygon,106.961055,47.922771,"Авто зам, замын байгууламжийн архитектур төлөвлөлтийн даалгавар",,,,Баянзүрх,41-р хороо,15-р хороолол-4 /13343/,
3114978,ТАЗ1751454371212,,Polygon,106.707225,47.897331,"Авто зам, замын байгууламжийн архитектур төлөвлөлтийн даалгавар",,,,Сонгинохайрхан,32-р хороо,Хотын шинэ төв /18270/,
3114979,ТАЗ1751454371802,,Polygon,106.708035,47.898004,"Авто зам, замын байгууламжийн архитектур төлөвлөлтийн даалгавар",,,,Сонгинохайрхан,32-р хороо,Хотын шинэ төв /18270/,
3114980,ТАЗ1751454371880,,Polygon,106.707109,47.897884,"Авто зам, замын байгууламжийн архитектур төлөвлөлтийн даалгавар",,,,Сонгинохайрхан,32-р хороо,Хотын шинэ төв /18270/,
3114986,ТАЗ1751498718177,,Polygon,106.919513,47.883667,"Авто зам, замын байгууламжийн архитектур төлөвлөлтийн даалгавар",,,,Хан-Уул,11-р хороо,Зайсан-1 /17020/,
3115117,ТАЗ1751505974510,,MultiPolygon,106.705888,47.902937,"Авто зам, замын байгууламжийн архитектур төлөвлөлтийн даалгавар",,,,Сонгинохайрхан,32-р хороо,Тахилт-2 /18241/,
3115179,ТАЗ1751525968096,,Polygon,106.912166,47.936714,"Авто зам, замын байгууламжийн архитектур төлөвлөлтийн даалгавар",,,,Сүхбаатар,11-р хороо,7-р хороолол-3 /14182/,
3115279,ТАЗ1751605070436,,Polygon,106.930374,47.932269,"Авто зам, замын байгууламжийн архитектур төлөвлөлтийн даалгавар",,,,Сүхбаатар,11-р хороо,100 айл-2 /14171/,
3115283,ТАЗ1751606245067,,Polygon,106.862788,47.912305,"Авто зам, замын байгууламжийн архитектур төлөвлөлтийн даалгавар",,,,Баянгол,28-р хороо,Үйлдвэрийн төвийн бүс-1 /16010/,
3115284,ТАЗ1751606245135,,Polygon,106.862964,47.912038,"Авто зам, замын байгууламжийн архитектур төлөвлөлтийн даалгавар",,,,Баянгол,28-р хороо,Үйлдвэрийн төвийн бүс-1 /16010/,
3115288,ТАЗ1751606540215,,Polygon,106.759981,47.898467,"Авто зам, замын байгууламжийн архитектур төлөвлөлтийн даалгавар",,,,Сонгинохайрхан,20-р хороо,Сонсголон-5 /18134/,
3115289,ТАЗ1751606540289,,Polygon,106.75989,47.899014,"Авто зам, замын байгууламжийн архитектур төлөвлөлтийн даалгавар",,,,Сонгинохайрхан,20-р хороо,Сонсголон-5 /18134/,
3115345,ТАЗ1751616949510,,Polygon,106.83198,47.869535,"Авто зам, замын байгууламжийн архитектур төлөвлөлтийн даалгавар",,,,Хан-Уул,23-р хороо,Арцатын ам /17100/,
3115346,ТАЗ1751616949649,,Polygon,106.830409,47.86922,"Авто зам, замын байгууламжийн архитектур төлөвлөлтийн даалгавар",,,,Хан-Уул,23-р хороо,Арцатын ам /17100/,
3115569,ТТА181751866834187,,Polygon,106.895915,47.942853,"Авто зам, замын байгууламжийн архитектур төлөвлөлтийн даалгавар",Авто замын барилга,,2025/00-828,Чингэлтэй,"11-р хороо, 10-р хороо, 12-р хороо",Дэнжийн мянга-1 /15120/,
3115694,ТАЗ1751892518660,,Polygon,107.222257,47.782671,"Авто зам, замын байгууламжийн архитектур төлөвлөлтийн даалгавар",,,,"Баянзүрх, Налайх","11-р хороо, 7-р хороо","Хонхор нуур /13085/, Майхан уул /13087/",
3115697,ТАЗ1751893288242,,Polygon,106.95345,47.918736,"Авто зам, замын байгууламжийн архитектур төлөвлөлтийн даалгавар",,,,Баянзүрх,41-р хороо,15-р хороолол-4 /13343/,
3116221,ТТА131751958089989,,Polygon,106.860481,47.901388,"Авто зам, замын байгууламжийн архитектур төлөвлөлтийн даалгавар",Авто замын барилга,,2025/00-837,Хан-Уул,3-р хороо,Үйлдвэр 1-3 /17062/,
3116338,ТАЗ1752040489043,,Polygon,106.91089,47.873596,"Авто зам, замын байгууламжийн архитектур төлөвлөлтийн даалгавар",,,,Хан-Уул,11-р хороо,Зайсан-6 /17025/,
3116723,ТАЗ1753267281033,,Polygon,107.271719,47.731423,"Авто зам, замын байгууламжийн архитектур төлөвлөлтийн даалгавар",,,,Налайх,3-р хороо,Баян /12614/,
3116737,ТАЗ1753268742539,,Polygon,107.398478,47.877404,"Авто зам, замын байгууламжийн архитектур төлөвлөлтийн даалгавар",,,,Налайх,6-р хороо,Горхийн баруун салаа /12771/,
3117120,ТАЗ1753669032244,,MultiPolygon,106.826274,47.756907,"Авто зам, замын байгууламжийн архитектур төлөвлөлтийн даалгавар",,,,Хан-Уул,14-р хороо,Бугын ам /17152/,
3117234,ТАЗ1753772710602,,Polygon,106.829236,47.846548,"Авто зам, замын байгууламжийн архитектур төлөвлөлтийн даалгавар",,,,Хан-Уул,23-р хороо,Нүхтийн ам /17090/,
3117253,ТАЗ1753835490963,,Polygon,106.819724,47.897343,"Авто зам, замын байгууламжийн архитектур төлөвлөлтийн даалгавар",,,,Баянгол,20-р хороо,Үйлдвэрийн баруун бүс-2 /16101/,
3117300,ТАЗ1753855807560,,Polygon,107.141144,47.847087,"Авто зам, замын байгууламжийн архитектур төлөвлөлтийн даалгавар",,,,Баянзүрх,11-р хороо,Эмийн ургамал /13140/,
3117444,ТАЗ1753935534666,,Polygon,106.831004,47.862425,"Авто зам, замын байгууламжийн архитектур төлөвлөлтийн даалгавар",,,,Хан-Уул,23-р хороо,Арцатын ам /17100/,
3118313,ТАЗ1754369148335,,MultiPolygon,106.919159,47.874662,"Авто зам, замын байгууламжийн архитектур төлөвлөлтийн даалгавар",,,,Хан-Уул,11-р хороо,Зайсан-3 /17022/,
3118314,ТАЗ1754369148900,,Polygon,106.919331,47.875653,"Авто зам, замын байгууламжийн архитектур төлөвлөлтийн даалгавар",,,,Хан-Уул,11-р хороо,"Зайсан-3 /17022/, Зайсан-2 /17021/",
3118532,ТАЗ1754376824851,,Polygon,106.90528,47.869438,"Авто зам, замын байгууламжийн архитектур төлөвлөлтийн даалгавар",,,,Хан-Уул,11-р хороо,Зайсан-6 /17025/,
3118533,ТАЗ1754376824934,,Polygon,106.904729,47.869347,"Авто зам, замын байгууламжийн архитектур төлөвлөлтийн даалгавар",,,,Хан-Уул,11-р хороо,Зайсан-6 /17025/,
3119658,ТАЗ1755226570713,,Polygon,106.887088,47.912376,"Авто зам, замын байгууламжийн архитектур төлөвлөлтийн даалгавар",,,,Баянгол,1-р хороо,2-р хороолол-2 /16051/,
3119780,ТАЗ1755485567393,,Polygon,107.41708,47.926516,"Авто зам, замын байгууламжийн архитектур төлөвлөлтийн даалгавар",,,,Налайх,6-р хороо,Антын ам /12739/,
3121521,ТАЗ1756185835129,,GeometryCollection,,,"Авто зам, замын байгууламжийн архитектур төлөвлөлтийн даалгавар",,,,Чингэлтэй,23-р хороо,Чингэлтэй-2 /15032/,
3121522,ТАЗ1756185835254,,MultiPolygon,106.878157,47.991819,"Авто зам, замын байгууламжийн архитектур төлөвлөлтийн даалгавар",,,,Чингэлтэй,23-р хороо,Чингэлтэй-2 /15032/,
3121523,ТАЗ1756185835335,,Polygon,106.877991,47.991751,"Авто зам, замын байгууламжийн архитектур төлөвлөлтийн даалгавар",,,,Чингэлтэй,23-р хороо,Чингэлтэй-2 /15032/,
3121524,ТАЗ1756185835435,,Polygon,106.878739,47.991755,"Авто зам, замын байгууламжийн архитектур төлөвлөлтийн даалгавар",,,,Чингэлтэй,23-р хороо,Чингэлтэй-2 /15032/,
3121525,ТАЗ1756185835519,,Polygon,106.87851,47.991161,"Авто зам, замын байгууламжийн архитектур төлөвлөлтийн даалгавар",,,,Чингэлтэй,23-р хороо,Чингэлтэй-2 /15032/,
3121526,ТАЗ1756185835605,,Polygon,106.878894,47.991521,"Авто зам, замын байгууламжийн архитектур төлөвлөлтийн даалгавар",,,,Чингэлтэй,23-р хороо,Чингэлтэй-2 /15032/,
3121527,ТАЗ1756185835685,,Polygon,106.878674,47.991223,"Авто зам, замын байгууламжийн архитектур төлөвлөлтийн даалгавар",,,,Чингэлтэй,23-р хороо,Чингэлтэй-2 /15032/,
3121528,ТАЗ1756185835764,,Polygon,106.878839,47.991285,"Авто зам, замын байгууламжийн архитектур төлөвлөлтийн даалгавар",,,,Чингэлтэй,23-р хороо,Чингэлтэй-2 /15032/,
3121529,ТАЗ1756185835847,,Polygon,106.878505,47.991482,"Авто зам, замын байгууламжийн архитектур төлөвлөлтийн даалгавар",,,,Чингэлтэй,23-р хороо,Чингэлтэй-2 /15032/,
3121530,ТАЗ1756185835984,,Polygon,106.87857,47.991352,"Авто зам, замын байгууламжийн архитектур төлөвлөлтийн даалгавар",,,,Чингэлтэй,23-р хороо,Чингэлтэй-2 /15032/,
3121531,ТАЗ1756185836041,,Polygon,106.878466,47.991213,"Авто зам, замын байгууламжийн архитектур төлөвлөлтийн даалгавар",,,,Чингэлтэй,23-р хороо,Чингэлтэй-2 /15032/,
3121532,ТАЗ1756185836116,,Polygon,106.878582,47.991192,"Авто зам, замын байгууламжийн архитектур төлөвлөлтийн даалгавар",,,,Чингэлтэй,23-р хороо,Чингэлтэй-2 /15032/,
3121533,ТАЗ1756185836189,,Polygon,106.87876,47.991259,"Авто зам, замын байгууламжийн архитектур төлөвлөлтийн даалгавар",,,,Чингэлтэй,23-р хороо,Чингэлтэй-2 /15032/,
3121534,ТАЗ1756185836263,,Polygon,106.878627,47.99128,"Авто зам, замын байгууламжийн архитектур төлөвлөлтийн даалгавар",,,,Чингэлтэй,23-р хороо,Чингэлтэй-2 /15032/,
3121535,ТАЗ1756185836345,,Polygon,106.878795,47.991337,"Авто зам, замын байгууламжийн архитектур төлөвлөлтийн даалгавар",,,,Чингэлтэй,23-р хороо,Чингэлтэй-2 /15032/,
3121536,ТАЗ1756185836448,,Polygon,106.878121,47.991744,"Авто зам, замын байгууламжийн архитектур төлөвлөлтийн даалгавар",,,,Чингэлтэй,23-р хороо,Чингэлтэй-2 /15032/,
3121537,ТАЗ1756185836529,,Polygon,106.878307,47.991645,"Авто зам, замын байгууламжийн архитектур төлөвлөлтийн даалгавар",,,,Чингэлтэй,23-р хороо,Чингэлтэй-2 /15032/,
3121538,ТАЗ1756185836601,,Polygon,106.878883,47.991692,"Авто зам, замын байгууламжийн архитектур төлөвлөлтийн даалгавар",,,,Чингэлтэй,23-р хороо,Чингэлтэй-2 /15032/,
3121570,ТТА181756196497131,,Polygon,106.544751,48.047995,"Авто зам, замын байгууламжийн архитектур төлөвлөлтийн даалгавар",Авто замын барилга,,2025/00-984,Сонгинохайрхан,21-р хороо,"361-ын гарам /18410/, Их булаг /18500/, Дааган толгой /18490/, Хужрын хяр /18450/",
3121580,ТАЗ1756254125246,,Polygon,106.881753,47.894206,"Авто зам, замын байгууламжийн архитектур төлөвлөлтийн даалгавар",,,,Хан-Уул,20-р хороо,Үйлдвэр 2-4 /17043/,
3121623,ТАЗ1756272336988,,Polygon,106.882281,47.906207,"Авто зам, замын байгууламжийн архитектур төлөвлөлтийн даалгавар",,,,Баянгол,24-р хороо,Үйлдвэрийн төвийн бүс-3 /16030/,
3121624,ТАЗ1756272337256,,Polygon,106.881584,47.905938,"Авто зам, замын байгууламжийн архитектур төлөвлөлтийн даалгавар",,,,Баянгол,24-р хороо,Үйлдвэрийн төвийн бүс-3 /16030/,
3121650,ТТА141756342018513,,Polygon,106.920917,47.954951,"Авто зам, замын байгууламжийн архитектур төлөвлөлтийн даалгавар",Авто замын барилга,,2025/00-1001,Сүхбаатар,13-р хороо,5 буудал /14160/,
3121703,ТТА171756363837612,,Polygon,106.823986,47.753573,"Авто зам, замын байгууламжийн архитектур төлөвлөлтийн даалгавар",Авто замын барилга,,2025/00-1004,Хан-Уул,14-р хороо,Бугын ам /17152/,
3121950,ТАЗ1756430196751,,Polygon,106.738252,47.900872,"Авто зам, замын байгууламжийн архитектур төлөвлөлтийн даалгавар",,,,Сонгинохайрхан,20-р хороо,Сонсголон-6 /18135/,
3122300,ТТА181756712719938,,Polygon,106.752377,47.922025,"Авто зам, замын байгууламжийн архитектур төлөвлөлтийн даалгавар",Авто замын барилга,,2025/00-1011,Сонгинохайрхан,34-р хороо,"Орбит-1 /18170/, Баянголын ам-1 /18180/",
3122331,ТТА141756778279305,,Polygon,106.906167,47.921992,"Авто зам, замын байгууламжийн архитектур төлөвлөлтийн даалгавар",Авто замын барилга,,2025/00-1017,Чингэлтэй,5-р хороо,"40, 50 мянгат-2 /15171/",Ж.Самбуугийн гудамж
3122347,ТАЗ1756779644933,,MultiPolygon,107.406875,47.908116,"Авто зам, замын байгууламжийн архитектур төлөвлөлтийн даалгавар",,,,Налайх,6-р хороо,Антын ам /12739/,
3122364,ТАЗ1756784216669,,MultiPolygon,106.767137,47.912866,"Авто зам, замын байгууламжийн архитектур төлөвлөлтийн даалгавар",,НАЗХГ,,Сонгинохайрхан,20-р хороо,Орбит-3 /18172/,Толгойтын гудамж
3122413,ТАЗ1756868167388,,Polygon,106.825736,47.907856,"Авто зам, замын байгууламжийн архитектур төлөвлөлтийн даалгавар",,,,Баянгол,20-р хороо,Үйлдвэрийн баруун бүс-2 /16101/,
3122414,ТАЗ1756868167618,,Polygon,106.824362,47.907901,"Авто зам, замын байгууламжийн архитектур төлөвлөлтийн даалгавар",,,,Баянгол,20-р хороо,Үйлдвэрийн баруун бүс-2 /16101/,
3122415,ТАЗ1756868167922,,Polygon,106.82483,47.908282,"Авто зам, замын байгууламжийн архитектур төлөвлөлтийн даалгавар",,,,Баянгол,20-р хороо,Үйлдвэрийн баруун бүс-2 /16101/,
3122416,ТАЗ1756868168002,,Polygon,106.824098,47.908294,"Авто зам, замын байгууламжийн архитектур төлөвлөлтийн даалгавар",,,,Баянгол,20-р хороо,Үйлдвэрийн баруун бүс-2 /16101/,
3122779,ТАЗ1757036033441,,Polygon,106.826777,47.862931,"Авто зам, замын байгууламжийн архитектур төлөвлөлтийн даалгавар",,,,Хан-Уул,23-р хороо,Арцатын ам /17100/,
3122973,ТТА171757316921997,,Polygon,107.098972,47.915754,"Авто зам, замын байгууламжийн архитектур төлөвлөлтийн даалгавар",Авто замын барилга,,2025/00-1053,Баянзүрх,20-р хороо,Хар усан тохой /13221/,
3122991,ТАЗ1757321241557,,Polygon,106.907944,47.88297,"Авто зам, замын байгууламжийн архитектур төлөвлөлтийн даалгавар",,,,Хан-Уул,22-р хороо,Зайсан-9 /17029/,
3123500,ТТА171757640031387,,Polygon,106.77042,47.887548,"Авто зам, замын байгууламжийн архитектур төлөвлөлтийн даалгавар",Авто замын барилга,,2025/00-1066,Сонгинохайрхан,20-р хороо,Сонсголон-4 /18133/,
3123526,ТТА181757665599893,,Polygon,106.855463,47.906341,"Авто зам, замын байгууламжийн архитектур төлөвлөлтийн даалгавар",Авто замын барилга,,2025/00-1069,Баянгол,"25-р хороо, 29-р хороо","Үйлдвэрийн төвийн бүс-3 /16030/, Үйлдвэрийн баруун бүс-1 /16100/",Ажилчны гудамж
3123530,ТТА181757891497582,,Polygon,106.899371,47.890013,"Авто зам, замын байгууламжийн архитектур төлөвлөлтийн даалгавар",Авто замын барилга,,2025/00-1072,Хан-Уул,20-р хороо,Зайсан-9 /17029/,Туул гол гудамж
3123558,ТТА171757901761119,,Polygon,106.909673,47.882865,"Авто зам, замын байгууламжийн архитектур төлөвлөлтийн даалгавар",Авто замын барилга,,2025/00-1073,Хан-Уул,22-р хороо,Зайсан-9 /17029/,
3123581,ТТА181757907225444,,Polygon,106.838269,47.868462,"Авто зам, замын байгууламжийн архитектур төлөвлөлтийн даалгавар",Авто замын барилга,,2025/00-1075,Хан-Уул,23-р хороо,Арцатын ам /17100/,
3123589,ТТА181757914748832,,Polygon,106.956221,47.917824,"Авто зам, замын байгууламжийн архитектур төлөвлөлтийн даалгавар",Авто замын барилга,,2025/00-1076,Баянзүрх,41-р хороо,15-р хороолол-4 /13343/,Рерихийн гудамж
3123712,ТТА181758097972731,,Polygon,106.894687,47.769077,"Авто зам, замын байгууламжийн архитектур төлөвлөлтийн даалгавар",Авто замын барилга,,2025/00-1086,Хан-Уул,14-р хороо,Бугын ам /17152/,
3123775,ТТА161758182562485,,Polygon,106.842261,47.862304,"Авто зам, замын байгууламжийн архитектур төлөвлөлтийн даалгавар",Авто замын барилга,,2025/00-1092,Хан-Уул,23-р хороо,Арцатын ам /17100/,
3144439,ТАЗ1758527554491,,Polygon,106.874026,47.908899,"Авто зам, замын байгууламжийн архитектур төлөвлөлтийн даалгавар",,,,Баянгол,27-р хороо,Үйлдвэрийн төвийн бүс-1 /16010/,
3144534,ТАЗ1758612958569,,MultiPolygon,107.421743,47.857316,"Авто зам, замын байгууламжийн архитектур төлөвлөлтийн даалгавар",,,,Налайх,6-р хороо,Горхи эрээний ам /12770/,
3144827,ТАЗ1759201179103,,Polygon,106.912561,47.878447,"Авто зам, замын байгууламжийн архитектур төлөвлөлтийн даалгавар",,,,Хан-Уул,11-р хороо,Зайсан-5 /17024/,
3145258,ТТА171759796237645,,Polygon,106.92259,47.955775,"Авто зам, замын байгууламжийн архитектур төлөвлөлтийн даалгавар",Авто замын барилга,,2025/00-1193,Сүхбаатар,13-р хороо,5 буудал /14160/,
3145362,ТТА181759823114632,,Polygon,106.819716,47.86143,"Авто зам, замын байгууламжийн архитектур төлөвлөлтийн даалгавар",Авто замын барилга,,2025/00-1195,Хан-Уул,8-р хороо,"Морин тойруулга, наадамчдын талбай /17101/",
3145745,ТАЗ1760086434398,,Polygon,107.239706,47.778598,"Авто зам, замын байгууламжийн архитектур төлөвлөлтийн даалгавар",,,,Налайх,7-р хороо,Өвөр шанд /12810/,
3145746,ТАЗ1760086435392,,Polygon,107.23746,47.778343,"Авто зам, замын байгууламжийн архитектур төлөвлөлтийн даалгавар",,,,Налайх,7-р хороо,Өвөр шанд /12810/,
3145764,ТТА131760316606896,,Polygon,106.880994,47.934472,"Авто зам, замын байгууламжийн архитектур төлөвлөлтийн даалгавар",Авто замын барилга,,2025/00-1215,Баянгол,23-р хороо,Наран-БГД /16070/,
3145794,ТТА181760325799973,,Polygon,106.872233,47.936436,"Авто зам, замын байгууламжийн архитектур төлөвлөлтийн даалгавар",Авто замын барилга,,2025/00-1216,Баянгол,23-р хороо,Наран-БГД /16070/,
3145813,ТТА131760335738152,,Polygon,106.874565,47.909268,"Авто зам, замын байгууламжийн архитектур төлөвлөлтийн даалгавар",Авто замын барилга,,2025/00-1217,Баянгол,27-р хороо,2-р хороолол-3 /16052/,Нарны зам
3145828,ТТА111760339612391,,Polygon,106.791396,47.932927,"Авто зам, замын байгууламжийн архитектур төлөвлөлтийн даалгавар",Авто замын барилга,,2025/00-1219,Сонгинохайрхан,36-р хороо,Толгойт-6 /18105/,
3145918,ТТА161760424399004,,Polygon,106.766725,47.919339,"Авто зам, замын байгууламжийн архитектур төлөвлөлтийн даалгавар",Авто замын барилга,,2025/00-1223,Сонгинохайрхан,"2-р хороо, 1-р хороо","Толгойт-6 /18105/, Орбит-1 /18170/",Нарангийн гудамж
3145961,ТТА151760508849403,,Polygon,106.85557,47.928929,"Авто зам, замын байгууламжийн архитектур төлөвлөлтийн даалгавар",Авто замын барилга,,2025/00-1234,Баянгол,21-р хороо,Наран-БГД /16070/,
3145994,ТТА151760579888377,,Polygon,106.872316,47.900484,"Авто зам, замын байгууламжийн архитектур төлөвлөлтийн даалгавар",Авто замын барилга,,2025/00-1242,Хан-Уул,3-р хороо,Үйлдвэрийн баруун бүс-1 /17070/,Ажилчны гудамж
3146029,ТТА181760594978670,,Polygon,106.920777,47.901927,"Авто зам, замын байгууламжийн архитектур төлөвлөлтийн даалгавар",Авто замын барилга,,2025/00-1245,Хан-Уул,15-р хороо,Стадион Оргил-2 /17011/,
3146049,ТТА131760598918899,,Polygon,106.879627,47.911972,"Авто зам, замын байгууламжийн архитектур төлөвлөлтийн даалгавар",Авто замын барилга,,2025/00-1249,Баянгол,4-р хороо,2-р хороолол-3 /16052/,
3146350,ТАЗ1761097429297,,MultiPolygon,107.384419,47.824749,"Авто зам, замын байгууламжийн архитектур төлөвлөлтийн даалгавар",,,,Налайх,1-р хороо,Сайханы саравч /12604/,
3146480,ТАЗ1761126899773,,MultiPolygon,106.822973,47.894859,"Авто зам, замын байгууламжийн архитектур төлөвлөлтийн даалгавар",,,,Баянгол,20-р хороо,Үйлдвэрийн баруун бүс-4 /16103/,
3146828,ТТА181761540773275,,Polygon,106.910485,47.924228,"Авто зам, замын байгууламжийн архитектур төлөвлөлтийн даалгавар",Авто замын барилга,,2025/00-1304,Чингэлтэй,26-р хороо,Ханын материал-1 /18060/,Да хүрээ гудамж
3146908,ТТА141761614627768,,Polygon,106.671486,47.888167,"Авто зам, замын байгууламжийн архитектур төлөвлөлтийн даалгавар",Авто замын барилга,,2025/00-1308,Сонгинохайрхан,32-р хороо,Хотын шинэ төв /18270/,
3147778,ТТА151761732893897,,Polygon,106.852775,47.886408,"Авто зам, замын байгууламжийн архитектур төлөвлөлтийн даалгавар",Авто замын барилга,,2025/00-1319,Хан-Уул,26-р хороо,Баруун туруун-2 /18341/,Сонсголонгийн зам
3148026,ТАЗ1762156671538,,Polygon,106.839906,47.780565,"Авто зам, замын байгууламжийн архитектур төлөвлөлтийн даалгавар",,,,Хан-Уул,14-р хороо,Бугын ам /17152/,
3205896,ТАЗ1762325276040,,Polygon,106.828068,47.863599,"Авто зам, замын байгууламжийн архитектур төлөвлөлтийн даалгавар",,,,Хан-Уул,23-р хороо,Арцатын ам /17100/,
3206100,ТАЗ1762478884407,,Polygon,106.904855,47.923252,"Авто зам, замын байгууламжийн архитектур төлөвлөлтийн даалгавар",,,,Чингэлтэй,5-р хороо,6-р хороолол-2 /15141/,
3206243,ТТА181762730907447,,Polygon,106.882761,47.923538,"Авто зам, замын байгууламжийн архитектур төлөвлөлтийн даалгавар",Авто замын барилга,,2025/00-1348,Баянгол,"14-р хороо, 15-р хороо","4-р хороолол-7 /16066/, 4-р хороолол-3 /16062/",
3206247,ТТА151762737507436,,Polygon,106.890231,47.919556,"Авто зам, замын байгууламжийн архитектур төлөвлөлтийн даалгавар",Авто замын барилга,,2025/00-1350,Баянгол,17-р хороо,4-р хороолол-4 /16063/,
3207127,ТАЗ1763090122266,,Polygon,107.487395,47.334902,"Авто зам, замын байгууламжийн архитектур төлөвлөлтийн даалгавар",,,,Багахангай,1-р хороо,"Үйлдвэрийн хэсэг /12340/, Өртөөний хэсэг /12310/, Суурьшилгүй бүс /12302/",
3228553,ТАЗ1763346388592,,Polygon,106.91381,47.885003,"Авто зам, замын байгууламжийн архитектур төлөвлөлтийн даалгавар",,,,Хан-Уул,11-р хороо,Зайсан-4 /17023/,
3228614,ТАЗ1763360450961,,MultiPolygon,106.89065,47.878253,"Авто зам, замын байгууламжийн архитектур төлөвлөлтийн даалгавар",,,,Хан-Уул,22-р хороо,"Чандмань /17051/, Богины ам /17050/",
3229183,ТАЗ1763536340521,,Polygon,108.374144,47.773853,"Авто зам, замын байгууламжийн архитектур төлөвлөлтийн даалгавар",,,,Багануур,3-р хороо,Наран хороолол-1 /12090/,
3229217,ТАЗ1763544210110,,Polygon,106.893091,47.906262,"Авто зам, замын байгууламжийн архитектур төлөвлөлтийн даалгавар",,,,Баянгол,24-р хороо,Үйлдвэрийн төвийн бүс-3 /16030/,
3229306,ТАЗ1763604323770,,Polygon,107.445155,47.870462,"Авто зам, замын байгууламжийн архитектур төлөвлөлтийн даалгавар",,,,Налайх,6-р хороо,Горхи эрээний ам /12770/,
3229378,ТАЗ1763629594937,,Polygon,107.189935,47.81217,"Авто зам, замын байгууламжийн архитектур төлөвлөлтийн даалгавар",,,,Баянзүрх,11-р хороо,Нам даваа /13088/,
3230157,ТТА151764323133283,,Polygon,106.806293,47.849438,"Авто зам, замын байгууламжийн архитектур төлөвлөлтийн даалгавар",Авто замын барилга,,2025/00-1421,Хан-Уул,8-р хороо,"Морин тойруулга, наадамчдын талбай /17101/",
3231115,ТАЗ1765511506450,,MultiPolygon,107.210201,47.795805,"Авто зам, замын байгууламжийн архитектур төлөвлөлтийн даалгавар",,,,Баянзүрх,11-р хороо,Хонхор /13090/,
3231136,ТАЗ1765528175396,,Polygon,107.454804,47.871252,"Авто зам, замын байгууламжийн архитектур төлөвлөлтийн даалгавар",,,,Налайх,6-р хороо,"Горхи эрээний ам /12770/, Өгөөмөрийн ам /12724/",
3233264,ТАЗ1765885709577,,Polygon,106.902013,47.909421,"Авто зам, замын байгууламжийн архитектур төлөвлөлтийн даалгавар",,,,Сүхбаатар,3-р хороо,5-р хороолол-3 /14252/,
3233613,ТТА151766360984127,,MultiPolygon,106.805003,47.84789,"Авто зам, замын байгууламжийн архитектур төлөвлөлтийн даалгавар",Авто замын барилга,,2025/00-1499,Хан-Уул,8-р хороо,"Морин тойруулга, наадамчдын талбай /17101/",Шинэ Яармаг-1 бичил хороолол
3233614,ТТА151766361029680,,MultiPolygon,106.808165,47.852729,"Авто зам, замын байгууламжийн архитектур төлөвлөлтийн даалгавар",Авто замын барилга,,2025/00-1499,Хан-Уул,8-р хороо,"Морин тойруулга, наадамчдын талбай /17101/",
3234335,ТТА151766556444967,,Polygon,106.963105,47.92273,"Авто зам, замын байгууламжийн архитектур төлөвлөлтийн даалгавар",Авто замын барилга,,2025/00-1509,Баянзүрх,5-р хороо,15-р хороолол-3 /13342/,
3234391,ТТА151766643822091,,Polygon,107.000545,47.919321,"Авто зам, замын байгууламжийн архитектур төлөвлөлтийн даалгавар",Авто замын барилга,,2025/00-1515,Баянзүрх,8-р хороо,Шар хад-1 /13280/,
3234435,ТАЗ1766708667102,,Polygon,106.851032,47.906111,"Авто зам, замын байгууламжийн архитектур төлөвлөлтийн даалгавар",,,,Баянгол,29-р хороо,Үйлдвэрийн баруун бүс-1 /16100/,
3234930,ТТА151767831215779,,Polygon,106.969998,47.915046,"Авто зам, замын байгууламжийн архитектур төлөвлөлтийн даалгавар",Авто замын барилга,,2026/00-020,Баянзүрх,13-р хороо,14-р хороолол-1 /13330/,
3235015,ТАЗ1767864739598,,Polygon,106.913068,47.89722,"Авто зам, замын байгууламжийн архитектур төлөвлөлтийн даалгавар",,,,Хан-Уул,18-р хороо,Стадион Оргил-4 /17013/,
3235171,ТТА151768194011185,,Polygon,107.272215,47.776952,"Авто зам, замын байгууламжийн архитектур төлөвлөлтийн даалгавар",Авто замын барилга,,2026/00-057,Налайх,4-р хороо,Баянзүрх /12670/,
3235209,ТАЗ1768211483123,,Polygon,106.820128,47.853802,"Авто зам, замын байгууламжийн архитектур төлөвлөлтийн даалгавар",,,,Хан-Уул,8-р хороо,"Морин тойруулга, наадамчдын талбай /17101/",
3235395,ТАЗ1768351770397,,Polygon,108.329643,47.738008,"Авто зам, замын байгууламжийн архитектур төлөвлөлтийн даалгавар",,,,Багануур,3-р хороо,Нүүрэнтэйн хөндий /12171/,
3235652,ТАЗ1768802761372,,Polygon,106.820713,47.89747,"Авто зам, замын байгууламжийн архитектур төлөвлөлтийн даалгавар",,,,Баянгол,20-р хороо,Үйлдвэрийн баруун бүс-2 /16101/,
3235675,ТАЗ1768807416273,,Polygon,107.063091,47.871129,"Авто зам, замын байгууламжийн архитектур төлөвлөлтийн даалгавар",,,,Баянзүрх,11-р хороо,Хүрхрээ /13240/,
3236008,ТТА151769410700518,,Polygon,106.491605,48.018323,"Авто зам, замын байгууламжийн архитектур төлөвлөлтийн даалгавар",Авто замын барилга,,2026/00-101,Сонгинохайрхан,21-р хороо,"Их булаг /18500/, Дааган толгой /18490/, Хужрын хяр /18450/",
3236039,ТТА151769417049769,,Polygon,106.679326,47.943063,"Авто зам, замын байгууламжийн архитектур төлөвлөлтийн даалгавар",Авто замын барилга,,2026/00-103,Сонгинохайрхан,33-р хороо,"Тахилт-1 /18240/, Тахилт-2 /18241/",
3236042,ТТА151769474501345,,Polygon,106.875634,48.100849,"Авто зам, замын байгууламжийн архитектур төлөвлөлтийн даалгавар",Авто замын барилга,,2026/00-105,Чингэлтэй,24-р хороо,Майхан толгой-1-2 /14151/,
3236143,ТАЗ1769744627098,,MultiPolygon,106.924766,47.900663,"Авто зам, замын байгууламжийн архитектур төлөвлөлтийн даалгавар",,,,Хан-Уул,15-р хороо,Стадион Оргил-2 /17011/,
3236317,ТАЗ1770270959136,,Polygon,106.886138,47.911579,"Авто зам, замын байгууламжийн архитектур төлөвлөлтийн даалгавар",,,,Баянгол,1-р хороо,2-р хороолол-2 /16051/,
3236465,ТАЗ1770620753436,,Polygon,106.801194,47.859215,"Авто зам, замын байгууламжийн архитектур төлөвлөлтийн даалгавар",,,,Хан-Уул,8-р хороо,"Морин тойруулга, наадамчдын талбай /17101/",
3236544,ТАЗ1770692097975,,Polygon,106.796423,47.890657,"Авто зам, замын байгууламжийн архитектур төлөвлөлтийн даалгавар",,,,Баянгол,20-р хороо,Үйлдвэрийн баруун бүс-4 /16103/,
3236800,ТАЗ1770884211995,,MultiPolygon,106.813712,47.85813,"Авто зам, замын байгууламжийн архитектур төлөвлөлтийн даалгавар",,,,Хан-Уул,8-р хороо,"Морин тойруулга, наадамчдын талбай /17101/",
3236808,ТАЗ1770904887816,,Polygon,106.831525,47.847026,"Авто зам, замын байгууламжийн архитектур төлөвлөлтийн даалгавар",,,,Хан-Уул,23-р хороо,Нүхтийн ам /17090/,
3237422,ТАЗ1772239111114,,Polygon,107.250735,47.787802,"Авто зам, замын байгууламжийн архитектур төлөвлөлтийн даалгавар",,,,Налайх,1-р хороо,Уурхайчин /12750/,
3237725,ТТА151772753556087,,Polygon,106.954375,48.005414,"Авто зам, замын байгууламжийн архитектур төлөвлөлтийн даалгавар",Авто замын барилга,,2026/00-292,Сүхбаатар,15-р хороо,Ар хустай-1 /14100/,
3237903,ТАЗ1773045244931,,Polygon,106.781592,47.851906,"Авто зам, замын байгууламжийн архитектур төлөвлөлтийн даалгавар",,,,Хан-Уул,21-р хороо,Буянт Ухаа  хороолол-2 /17121/,
3238721,ТТА151773309926052,,Polygon,106.811297,47.874096,"Авто зам, замын байгууламжийн архитектур төлөвлөлтийн даалгавар",Авто замын барилга,,2026/00-320,Хан-Уул,5-р хороо,Яармаг-1 /17110/,
3239118,ТАЗ1773630817766,,Polygon,106.765913,47.816677,"Авто зам, замын байгууламжийн архитектур төлөвлөлтийн даалгавар",,,,Хан-Уул,8-р хороо,"Тайны ам /17132/, Морин-2 /17133/",
3239135,ТАЗ1773634354802,,Polygon,106.803436,47.848288,"Авто зам, замын байгууламжийн архитектур төлөвлөлтийн даалгавар",,,,Хан-Уул,8-р хороо,"Морин тойруулга, наадамчдын талбай /17101/",
3239152,ТАЗ1773642172534,,Polygon,106.771831,47.857278,"Авто зам, замын байгууламжийн архитектур төлөвлөлтийн даалгавар",,,,Хан-Уул,25-р хороо,Буянт Ухаа  хороолол-1 /17120/,
3239769,ТАЗ1774245218045,,Polygon,106.780195,47.865891,"Авто зам, замын байгууламжийн архитектур төлөвлөлтийн даалгавар",,,,Хан-Уул,16-р хороо,Буянт Ухаа  хороолол-1 /17120/,
3239788,ТАЗ1774250966932,,Polygon,106.798393,47.856978,"Авто зам, замын байгууламжийн архитектур төлөвлөлтийн даалгавар",,,,Хан-Уул,8-р хороо,"Морин тойруулга, наадамчдын талбай /17101/",
3239936,ТАЗ1774342205969,,Polygon,107.225098,47.787674,"Авто зам, замын байгууламжийн архитектур төлөвлөлтийн даалгавар",,,,Налайх,7-р хороо,Майхан уул /13087/,
3239958,ТАЗ1774401336506,,Polygon,106.814157,47.81455,"Авто зам, замын байгууламжийн архитектур төлөвлөлтийн даалгавар",,,,Хан-Уул,8-р хороо,Жаргалантын ам /17091/,
3240690,ТТА151775436832327,,Polygon,107.003968,47.931516,"Авто зам, замын байгууламжийн архитектур төлөвлөлтийн даалгавар",Авто замын барилга,,2026/00-435,Баянзүрх,9-р хороо,Шар хад-2 /13281/,
3240829,ТТА151775462853628,,Polygon,107.103101,47.879044,"Авто зам, замын байгууламжийн архитектур төлөвлөлтийн даалгавар",Авто замын барилга,,2026/00-451,Баянзүрх,11-р хороо,Ногоон зоорь /13182/,
3240960,ТТА151775528673528,,MultiPolygon,106.970305,47.913816,"Авто зам, замын байгууламжийн архитектур төлөвлөлтийн даалгавар",Авто замын барилга,,2026/00-462,Баянзүрх,13-р хороо,"14-р хороолол-1 /13330/, 14-р хороолол-2 /13331/",
3241148,ТТА151775603973935,,Polygon,106.957126,47.922418,"Авто зам, замын байгууламжийн архитектур төлөвлөлтийн даалгавар",Авто замын барилга,,2026/00-467,Баянзүрх,"4-р хороо, 41-р хороо",15-р хороолол-4 /13343/,
3241149,ТТА151775605926650,,Polygon,107.20877,48.036,"Авто зам, замын байгууламжийн архитектур төлөвлөлтийн даалгавар",Авто замын барилга,,2026/00-468,Баянзүрх,33-р хороо,Шар хоолой /13020/,
3241793,ТАЗ1776231204246,,MultiPolygon,106.914687,47.909329,"Авто зам, замын байгууламжийн архитектур төлөвлөлтийн даалгавар",,,,Сүхбаатар,1-р хороо,Соёл амралтын хүрээлэн-2 /14241/,
3241835,ТАЗ1776250713631,,Polygon,107.080665,47.863839,"Авто зам, замын байгууламжийн архитектур төлөвлөлтийн даалгавар",,,,Баянзүрх,11-р хороо,Чулуут /13220/,
3242646,ТАЗ1777442456806,,Polygon,106.819368,47.895707,"Авто зам, замын байгууламжийн архитектур төлөвлөлтийн даалгавар",,,,Баянгол,20-р хороо,Үйлдвэрийн баруун бүс-4 /16103/,
3242684,ТТА151777505489895,,Polygon,106.83279,47.80894,"Авто зам, замын байгууламжийн архитектур төлөвлөлтийн даалгавар",Авто замын барилга,,2026/00-542,Хан-Уул,8-р хороо,Жаргалантын ам /17091/,
3242706,ТТА151777533544807,,Polygon,106.859956,47.929158,"Авто зам, замын байгууламжийн архитектур төлөвлөлтийн даалгавар",Авто замын барилга,,2026/00-547,Баянгол,21-р хороо,Наран-БГД /16070/,
3242841,ТАЗ1777874887122,,Polygon,106.961079,47.918185,"Авто зам, замын байгууламжийн архитектур төлөвлөлтийн даалгавар",,,,Баянзүрх,5-р хороо,15-р хороолол-3 /13342/,
3242850,ТАЗ1777877762036,,Polygon,106.795606,47.908015,"Авто зам, замын байгууламжийн архитектур төлөвлөлтийн даалгавар",,,,Баянгол,20-р хороо,Үйлдвэрийн баруун бүс-3 /16102/,
3242888,ТАЗ1777880799669,,Polygon,106.793069,47.814568,"Авто зам, замын байгууламжийн архитектур төлөвлөлтийн даалгавар",,,,Хан-Уул,8-р хороо,Жаргалантын ам /17091/,
3242903,ТТА151777884957313,,Polygon,106.74602,47.893864,"Авто зам, замын байгууламжийн архитектур төлөвлөлтийн даалгавар",Авто замын барилга,,2026/00-552,Сонгинохайрхан,20-р хороо,Сонсголон-3 /18132/,
3243841,ТТА151778666389321,,Polygon,106.912074,47.932551,"Авто зам, замын байгууламжийн архитектур төлөвлөлтийн даалгавар",Авто замын барилга,,2026/00-630,Сүхбаатар,9-р хороо,7-р хороолол-3 /14182/,
3243842,ТТА151778666389466,,Polygon,106.910469,47.932765,"Авто зам, замын байгууламжийн архитектур төлөвлөлтийн даалгавар",Авто замын барилга,,2026/00-630,Сүхбаатар,9-р хороо,7-р хороолол-3 /14182/,
3243843,ТТА151778666389604,,Polygon,106.910603,47.930367,"Авто зам, замын байгууламжийн архитектур төлөвлөлтийн даалгавар",Авто замын барилга,,2026/00-630,Сүхбаатар,9-р хороо,7-р хороолол-3 /14182/,
3243844,ТТА151778666389747,,Polygon,106.915227,47.931729,"Авто зам, замын байгууламжийн архитектур төлөвлөлтийн даалгавар",Авто замын барилга,,2026/00-630,Сүхбаатар,9-р хороо,7-р хороолол-2 /14181/,
3244306,ТАЗ1779091109372,,Polygon,106.873042,47.903835,"Авто зам, замын байгууламжийн архитектур төлөвлөлтийн даалгавар",,,,Хан-Уул,3-р хороо,Үйлдвэр 1-3 /17062/,
3244343,ТАЗ1779148867448,,Polygon,106.913363,47.907973,"Авто зам, замын байгууламжийн архитектур төлөвлөлтийн даалгавар",,,,Баянгол,15-р хороо,Үйлдвэрийн төвийн бүс-2 /16020/,
3244426,ТАЗ1779169695484,,Polygon,106.883453,47.921131,"Авто зам, замын байгууламжийн архитектур төлөвлөлтийн даалгавар",,,,Баянгол,18-р хороо,4-р хороолол-4 /16063/,
3244939,ТТА151779421017328,,Polygon,106.952271,48.123829,"Авто зам, замын байгууламжийн архитектур төлөвлөлтийн даалгавар",Авто замын барилга,,2026/00-685,Сүхбаатар,19-р хороо,Хандгайт-2 /14091/,
3244940,ТТА151779421017462,,Polygon,106.91864,48.113353,"Авто зам, замын байгууламжийн архитектур төлөвлөлтийн даалгавар",Авто замын барилга,,2026/00-685,Сүхбаатар,19-р хороо,Хандгайт-2 /14091/,
3245025,ТТА151779431561067,,Polygon,106.912947,48.071896,"Авто зам, замын байгууламжийн архитектур төлөвлөлтийн даалгавар",Авто замын барилга,,2026/00-686,Сүхбаатар,19-р хороо,Хуурай мухар-1 /14120/,
3245196,ТТА151779665081023,,Polygon,107.108907,47.871505,"Авто зам, замын байгууламжийн архитектур төлөвлөлтийн даалгавар",Авто замын барилга,,2026/00-687,Баянзүрх,11-р хороо,Бумбат /13170/,
3245704,ТТА151779779339758,,Polygon,107.1616,47.829973,"Авто зам, замын байгууламжийн архитектур төлөвлөлтийн даалгавар",Авто замын барилга,,2026/00-707,Баянзүрх,11-р хороо,Харгана /13091/,
3245770,ТТА151779845946170,,Polygon,106.784853,47.860247,"Авто зам, замын байгууламжийн архитектур төлөвлөлтийн даалгавар",Авто замын барилга,,2026/00-710,Хан-Уул,25-р хороо,Буянт Ухаа  хороолол-1 /17120/,
3246199,ТТА151780453880774,,Polygon,106.884651,47.959382,"Авто зам, замын байгууламжийн архитектур төлөвлөлтийн даалгавар",Авто замын барилга,,2026/00-740,Чингэлтэй,"21-р хороо, 22-р хороо","Дэнжийн мянга-1 /15120/, Хайлааст-2  /15111/",
3246479,ТАЗ1780885571805,,Polygon,106.772927,47.909284,"Авто зам, замын байгууламжийн архитектур төлөвлөлтийн даалгавар",,,,Сонгинохайрхан,20-р хороо,Толгойт-5 /18104/,
3246801,ТАЗ1781054961191,,MultiPolygon,106.896745,47.916448,"Авто зам, замын байгууламжийн архитектур төлөвлөлтийн даалгавар",Авто замын барилга,Тусгай замын автобус BRT,,Сонгинохайрхан,15-р хороо,1-р хороолол-1 /18030/,
3246886,ТТА151781140556726,,Polygon,107.193167,47.809158,"Авто зам, замын байгууламжийн архитектур төлөвлөлтийн даалгавар",Авто замын барилга,,2026/00-780,Баянзүрх,11-р хороо,Хонхор /13090/,
3247054,ТТА151781252708134,,Polygon,106.850502,47.850753,"Авто зам, замын байгууламжийн архитектур төлөвлөлтийн даалгавар",Авто замын барилга,,2026/00-790,Хан-Уул,23-р хороо,Арцатын ам /17100/,
3247117,ТАЗ1781503393479,,Polygon,107.3893,47.780729,"Авто зам, замын байгууламжийн архитектур төлөвлөлтийн даалгавар",,,,Налайх,5-р хороо,Нисэх хотхон /12608/,
3247125,ТАЗ1781508667104,,Polygon,107.068951,47.872837,"Авто зам, замын байгууламжийн архитектур төлөвлөлтийн даалгавар",,,,Баянзүрх,11-р хороо,"Хүрхрээ /13240/, Чулуут /13220/",
3247215,ТАЗ1781522766279,,Polygon,106.873075,47.91997,"Авто зам, замын байгууламжийн архитектур төлөвлөлтийн даалгавар",,,,Баянгол,8-р хороо,3-р хороолол-3 /16092/,
3247232,ТАЗ1781570475970,,Polygon,107.094856,47.857398,"Авто зам, замын байгууламжийн архитектур төлөвлөлтийн даалгавар",,,,Баянзүрх,11-р хороо,Чулуут /13220/,
3247270,ТАЗ1781587429873,,Polygon,106.81518,47.864648,"Авто зам, замын байгууламжийн архитектур төлөвлөлтийн даалгавар",,,,Хан-Уул,8-р хороо,"Морин тойруулга, наадамчдын талбай /17101/",
3247279,ТАЗ1781590333508,,Polygon,107.135947,47.796973,"Авто зам, замын байгууламжийн архитектур төлөвлөлтийн даалгавар",,,,Баянзүрх,11-р хороо,Төр хурах /13200/,
3247375,ТАЗ1781682272612,,Polygon,106.591158,47.875696,"Авто зам, замын байгууламжийн архитектур төлөвлөлтийн даалгавар",,,,Сонгинохайрхан,32-р хороо,Эмээлт-2 /18401/,
3247492,ТАЗ1781760084758,,Polygon,106.851369,47.902368,"Авто зам, замын байгууламжийн архитектур төлөвлөлтийн даалгавар",,,,Баянгол,29-р хороо,Үйлдвэрийн баруун бүс-1 /16100/,
3247665,ТАЗ1781853978930,,Polygon,106.773585,47.81094,"Авто зам, замын байгууламжийн архитектур төлөвлөлтийн даалгавар",,,,Хан-Уул,8-р хороо,Тайны ам /17132/,
3247685,ТАЗ1781855066584,,Polygon,106.845707,47.859839,"Авто зам, замын байгууламжийн архитектур төлөвлөлтийн даалгавар",,,,Хан-Уул,23-р хороо,Арцатын ам /17100/,
3247686,ТАЗ1781855066645,,Polygon,106.846191,47.859909,"Авто зам, замын байгууламжийн архитектур төлөвлөлтийн даалгавар",,,,Хан-Уул,23-р хороо,Арцатын ам /17100/,
3247766,ТАЗ1781939743693,,MultiPolygon,106.921561,47.89875,"Авто зам, замын байгууламжийн архитектур төлөвлөлтийн даалгавар",,,,Хан-Уул,18-р хороо,Стадион Оргил-4 /17013/,
3247770,ТАЗ1781941867152,,Polygon,106.854168,47.783637,"Авто зам, замын байгууламжийн архитектур төлөвлөлтийн даалгавар",,,,Хан-Уул,14-р хороо,Бугын ам /17152/,
3247874,ТАЗ1782093035666,,Polygon,107.445379,47.877811,"Авто зам, замын байгууламжийн архитектур төлөвлөлтийн даалгавар",,,,Налайх,6-р хороо,Горхи эрээний ам /12770/,
3247973,ТАЗ1782100271491,,Polygon,107.192102,47.808451,"Авто зам, замын байгууламжийн архитектур төлөвлөлтийн даалгавар",,,,Баянзүрх,11-р хороо,Хонхор /13090/,
3247974,ТАЗ1782100271596,,Polygon,107.191967,47.808807,"Авто зам, замын байгууламжийн архитектур төлөвлөлтийн даалгавар",,,,Баянзүрх,11-р хороо,Хонхор /13090/,
3247975,ТАЗ1782100271654,,Polygon,107.19158,47.808668,"Авто зам, замын байгууламжийн архитектур төлөвлөлтийн даалгавар",,,,Баянзүрх,11-р хороо,Хонхор /13090/,
3247976,ТАЗ1782100271713,,Polygon,107.19114,47.809341,"Авто зам, замын байгууламжийн архитектур төлөвлөлтийн даалгавар",,,,Баянзүрх,11-р хороо,Хонхор /13090/,
3247977,ТАЗ1782100271768,,Polygon,107.191114,47.809256,"Авто зам, замын байгууламжийн архитектур төлөвлөлтийн даалгавар",,,,Баянзүрх,11-р хороо,Хонхор /13090/,
3247978,ТАЗ1782100271819,,Polygon,107.191071,47.809231,"Авто зам, замын байгууламжийн архитектур төлөвлөлтийн даалгавар",,,,Баянзүрх,11-р хороо,Хонхор /13090/,
3247984,ТАЗ1782105839312,,Polygon,107.268261,47.786692,"Авто зам, замын байгууламжийн архитектур төлөвлөлтийн даалгавар",,,,Налайх,1-р хороо,Баянзүрх /12670/,
3248024,ТАЗ1782112843090,,Polygon,106.852719,47.777385,"Авто зам, замын байгууламжийн архитектур төлөвлөлтийн даалгавар",,,,Хан-Уул,14-р хороо,Бугын ам /17152/,
3248163,ТАЗ1782188178098,,Polygon,107.460784,47.963771,"Авто зам, замын байгууламжийн архитектур төлөвлөлтийн даалгавар",,,,Налайх,6-р хороо,Тэрэлж /12710/,
3248300,ТАЗ1782274894440,,Polygon,106.731833,47.88735,"Авто зам, замын байгууламжийн архитектур төлөвлөлтийн даалгавар",,,,Сонгинохайрхан,20-р хороо,Сонсголон-6 /18135/,
3248301,ТАЗ1782274894506,,Polygon,106.732239,47.88753,"Авто зам, замын байгууламжийн архитектур төлөвлөлтийн даалгавар",,,,Сонгинохайрхан,20-р хороо,Сонсголон-6 /18135/,
3248302,ТАЗ1782274894574,,Polygon,106.733117,47.887768,"Авто зам, замын байгууламжийн архитектур төлөвлөлтийн даалгавар",,,,Сонгинохайрхан,20-р хороо,Сонсголон-6 /18135/,
3248303,ТАЗ1782274894631,,Polygon,106.732884,47.887331,"Авто зам, замын байгууламжийн архитектур төлөвлөлтийн даалгавар",,,,Сонгинохайрхан,20-р хороо,Сонсголон-6 /18135/,
3248304,ТАЗ1782274894678,,Polygon,106.73271,47.887321,"Авто зам, замын байгууламжийн архитектур төлөвлөлтийн даалгавар",,,,Сонгинохайрхан,20-р хороо,Сонсголон-6 /18135/,
3248305,ТАЗ1782274894743,,Polygon,106.73274,47.887338,"Авто зам, замын байгууламжийн архитектур төлөвлөлтийн даалгавар",,,,Сонгинохайрхан,20-р хороо,Сонсголон-6 /18135/,
3248306,ТАЗ1782274894790,,Polygon,106.73268,47.887345,"Авто зам, замын байгууламжийн архитектур төлөвлөлтийн даалгавар",,,,Сонгинохайрхан,20-р хороо,Сонсголон-6 /18135/,
3248307,ТАЗ1782274894854,,Polygon,106.732709,47.887362,"Авто зам, замын байгууламжийн архитектур төлөвлөлтийн даалгавар",,,,Сонгинохайрхан,20-р хороо,Сонсголон-6 /18135/,
3248400,ТТА151782356732339,,Polygon,106.926666,47.892181,"Авто зам, замын байгууламжийн архитектур төлөвлөлтийн даалгавар",Авто замын барилга,,2026/00-863,Хан-Уул,17-р хороо,Стадион Оргил-3 /17012/,
3248526,ТАЗ1782440115254,,Polygon,106.851419,47.910512,"Авто зам, замын байгууламжийн архитектур төлөвлөлтийн даалгавар",,,,Баянгол,29-р хороо,Үйлдвэрийн баруун бүс-1 /16100/,
3248527,ТАЗ1782440115327,,Polygon,106.85144,47.911298,"Авто зам, замын байгууламжийн архитектур төлөвлөлтийн даалгавар",,,,Баянгол,29-р хороо,Үйлдвэрийн баруун бүс-1 /16100/,
3248528,ТАЗ1782440115385,,Polygon,106.851614,47.911202,"Авто зам, замын байгууламжийн архитектур төлөвлөлтийн даалгавар",,,,Баянгол,29-р хороо,Үйлдвэрийн баруун бүс-1 /16100/,
3248529,ТАЗ1782440115447,,Polygon,106.851717,47.910737,"Авто зам, замын байгууламжийн архитектур төлөвлөлтийн даалгавар",,,,Баянгол,29-р хороо,Үйлдвэрийн баруун бүс-1 /16100/,
3248530,ТАЗ1782440115510,,Polygon,106.851495,47.910881,"Авто зам, замын байгууламжийн архитектур төлөвлөлтийн даалгавар",,,,Баянгол,29-р хороо,Үйлдвэрийн баруун бүс-1 /16100/,
3248531,ТАЗ1782440115564,,Polygon,106.851499,47.910955,"Авто зам, замын байгууламжийн архитектур төлөвлөлтийн даалгавар",,,,Баянгол,29-р хороо,Үйлдвэрийн баруун бүс-1 /16100/,
3248532,ТАЗ1782440115618,,Polygon,106.85149,47.910447,"Авто зам, замын байгууламжийн архитектур төлөвлөлтийн даалгавар",,,,Баянгол,29-р хороо,Үйлдвэрийн баруун бүс-1 /16100/,
3248533,ТАЗ1782440115676,,Polygon,106.851552,47.910887,"Авто зам, замын байгууламжийн архитектур төлөвлөлтийн даалгавар",,,,Баянгол,29-р хороо,Үйлдвэрийн баруун бүс-1 /16100/,
3249061,ТТА151783319409618,,Polygon,107.14364,47.836788,"Авто зам, замын байгууламжийн архитектур төлөвлөлтийн даалгавар",Авто замын барилга,,2026/00-900,Баянзүрх,11-р хороо,Бумбат /13170/,
3249062,ТТА151783319433351,,Polygon,107.156089,47.837863,"Авто зам, замын байгууламжийн архитектур төлөвлөлтийн даалгавар",Авто замын барилга,,2026/00-900,Баянзүрх,7-р хороо,Эмийн ургамал /13140/,
3249063,ТТА151783319455715,,Polygon,107.225907,47.787776,"Авто зам, замын байгууламжийн архитектур төлөвлөлтийн даалгавар",Авто замын барилга,,2026/00-900,"Баянзүрх, Налайх","11-р хороо, 7-р хороо",Майхан уул /13087/,
3249064,ТТА151783319455963,,Polygon,107.231311,47.782994,"Авто зам, замын байгууламжийн архитектур төлөвлөлтийн даалгавар",Авто замын барилга,,2026/00-900,Налайх,7-р хороо,Өвөр шанд /12810/,
3249065,ТАЗ1783321447883,,Polygon,107.396513,47.879423,"Авто зам, замын байгууламжийн архитектур төлөвлөлтийн даалгавар",,,,Налайх,6-р хороо,Горхийн баруун салаа /12771/,
3249525,ТАЗ1783563654706,,Polygon,106.911729,47.901084,"Авто зам, замын байгууламжийн архитектур төлөвлөлтийн даалгавар",,,,Хан-Уул,15-р хороо,Стадион Оргил-2 /17011/,
3250921,ТТА151784507649752,,Polygon,106.576977,47.892265,"Авто зам, замын байгууламжийн архитектур төлөвлөлтийн даалгавар",Авто замын барилга,,2026/00-941,Сонгинохайрхан,32-р хороо,Эмээлт-2 /18401/,
3250951,ТТА151784515662972,,Polygon,107.120296,47.871571,"Авто зам, замын байгууламжийн архитектур төлөвлөлтийн даалгавар",Авто замын барилга,,2026/00-943,Баянзүрх,11-р хороо,Ургах наран /13180/,
3251034,ТТА151784591529332,,Polygon,107.102223,47.848045,"Авто зам, замын байгууламжийн архитектур төлөвлөлтийн даалгавар",Авто замын барилга,,2026/00-942,Баянзүрх,11-р хороо,"Бумбат /13170/, Чулуут /13220/",
3251199,ТАЗ1784707284467,,Polygon,106.900739,47.866401,"Авто зам, замын байгууламжийн архитектур төлөвлөлтийн даалгавар",,,,Хан-Уул,22-р хороо,Зайсан-8 /17028/,
3251272,ТАЗ1784784024313,,Polygon,106.701917,47.88834,"Авто зам, замын байгууламжийн архитектур төлөвлөлтийн даалгавар",,,,Сонгинохайрхан,32-р хороо,Авто худалдааны цогцолбор /18271/,
3251361,ТАЗ1784872888507,,Polygon,106.819324,47.857761,"Авто зам, замын байгууламжийн архитектур төлөвлөлтийн даалгавар",,,,Хан-Уул,8-р хороо,"Морин тойруулга, наадамчдын талбай /17101/",
3251401,ТАЗ1784878380377,,Polygon,107.426177,47.905779,"Авто зам, замын байгууламжийн архитектур төлөвлөлтийн даалгавар",,,,Налайх,6-р хороо,Антын ам /12739/,
3252905,ТАЗ1785748537720,,Polygon,107.065777,47.876714,"Авто зам, замын байгууламжийн архитектур төлөвлөлтийн даалгавар",,,,Баянзүрх,11-р хороо,Хүрхрээ /13240/,
3252906,ТАЗ1785748537785,,Polygon,107.066087,47.876137,"Авто зам, замын байгууламжийн архитектур төлөвлөлтийн даалгавар",,,,Баянзүрх,11-р хороо,Хүрхрээ /13240/,
3253007,ТАЗ1785809461184,,Polygon,106.591904,48.074137,"Авто зам, замын байгууламжийн архитектур төлөвлөлтийн даалгавар",,,,Сонгинохайрхан,21-р хороо,361-ын гарам /18410/,
3253372,ТАЗ1785917915899,,Polygon,106.837191,47.906757,"Авто зам, замын байгууламжийн архитектур төлөвлөлтийн даалгавар",,,,Баянгол,29-р хороо,Үйлдвэрийн баруун бүс-1 /16100/,
3253380,ТАЗ1785972308445,,Polygon,106.7412,47.777299,"Авто зам, замын байгууламжийн архитектур төлөвлөлтийн даалгавар",,,2026/00-1038,Хан-Уул,14-р хороо,Өлзийт-1 /17150/,
3253388,ТАЗ1785980622807,,Polygon,107.236179,47.772421,"Авто зам, замын байгууламжийн архитектур төлөвлөлтийн даалгавар",,,2026/00-1039,Налайх,7-р хороо,Бадрал /12800/,
3253493,ТАЗ1786066787867,,MultiPolygon,107.306091,47.783683,"Авто зам, замын байгууламжийн архитектур төлөвлөлтийн даалгавар",,,,Налайх,4-р хороо,Их ам /12611/,
3253513,ТАЗ1786078530918,,Polygon,107.223585,47.893174,"Авто зам, замын байгууламжийн архитектур төлөвлөлтийн даалгавар",,,2026/00-1050,Баянзүрх,20-р хороо,"Могойн дэнж /13050/, Арцат /13012/, Дэндийн ам /13010/, Бага хуандай /13013/",
3253554,ТАЗ1786323526572,,Polygon,106.89471,47.913302,"Авто зам, замын байгууламжийн архитектур төлөвлөлтийн даалгавар",,,2026/00-1060,"Сүхбаатар, Баянгол","5-р хороо, 2-р хороо, 3-р хороо","2-р хороолол-2 /16051/, 2-р хороолол-1 /16050/, 5-р хороолол-1 /14250/, 5-р хороолол-4 /14253/",
3253646,ТАЗ1786409376956,,Polygon,107.442781,47.89265,"Авто зам, замын байгууламжийн архитектур төлөвлөлтийн даалгавар",,,2026/00-1070,Налайх,6-р хороо,"Горхи эрээний ам /12770/, Антын ам /12739/, Өгөөмөрийн ам /12724/",
3253774,ТАЗ1786522381863,,Polygon,107.448096,47.877845,"Авто зам, замын байгууламжийн архитектур төлөвлөлтийн даалгавар",,,,Налайх,6-р хороо,Өгөөмөрийн ам /12724/,
3253819,ТАЗ1786608379224,,Polygon,106.863894,47.905903,"Авто зам, замын байгууламжийн архитектур төлөвлөлтийн даалгавар",,,,Баянгол,25-р хороо,Үйлдвэрийн төвийн бүс-3 /16030/,
3253828,ТАЗ1786618002436,,Polygon,107.013855,47.880696,"Авто зам, замын байгууламжийн архитектур төлөвлөлтийн даалгавар",,,,Баянзүрх,11-р хороо,Залаатын ам /13241/,
3254195,ТАЗ1787009582494,,Polygon,106.790387,47.939745,"Авто зам, замын байгууламжийн архитектур төлөвлөлтийн даалгавар",,,2026/00-1089,Сонгинохайрхан,26-р хороо,Толгойт-6 /18105/,
3255285,ТАЗ1787732283434,,Polygon,106.885209,47.898402,"Авто зам, замын байгууламжийн архитектур төлөвлөлтийн даалгавар",,,2026/00-1124,Хан-Уул,3-р хороо,Үйлдвэр 1-1 /17060/,
3255792,ТАЗ1788327166406,,Polygon,106.723624,47.933667,"Авто зам, замын байгууламжийн архитектур төлөвлөлтийн даалгавар",,,2026/00-1131,Сонгинохайрхан,34-р хороо,Орбит-4 /18173/,
