{"type":"FeatureCollection","features":[{"type": "Feature", "id": "layer_data_map.fid--27e80436_1a098c1eed1_-3bb", "geometry": {"type": "Polygon", "coordinates": [[[106.88361694, 47.9231483], [106.88430814, 47.92318763], [106.88427733, 47.92353272], [106.88358936, 47.92350971], [106.88361694, 47.9231483]]]}, "geometry_name": "geom", "properties": {"guid": 5456, "id": 5456, "object_no": null, "object_name": null, "layer_type_id": 222, "valid_to": null, "address_no": null, "border_type": "solid", "border_width": 0, "border_color": "#6aa84f", "border_opacity": null, "border_wellknown": "shape://horizline", "fill_type": "color", "fill_color": "#274e13", "fill_opacity": 0.22, "fill_wellknown": null, "fill_shape_color": null, "fill_shape_width": null, "fill_shape_size": null, "fill_img_url": "pattern_url/6388375325a99.jpg", "marker_img_url": null}},{"type": "Feature", "id": "layer_data_map.fid--27e80436_1a098c1eed1_-3ba", "geometry": {"type": "Polygon", "coordinates": [[[106.87428212, 47.92283797], [106.87543268, 47.92288025], [106.87538518, 47.92338201], [106.87518477, 47.92337566], [106.87516833, 47.92324048], [106.87482384, 47.92323301], [106.8747319, 47.92323468], [106.87468239, 47.9234353], [106.87447461, 47.92343541], [106.87444769, 47.92370338], [106.87420888, 47.92371085], [106.87428212, 47.92283797]]]}, "geometry_name": "geom", "properties": {"guid": 5457, "id": 5457, "object_no": null, "object_name": null, "layer_type_id": 222, "valid_to": null, "address_no": null, "border_type": "solid", "border_width": 0, "border_color": "#6aa84f", "border_opacity": null, "border_wellknown": "shape://horizline", "fill_type": "color", "fill_color": "#274e13", "fill_opacity": 0.22, "fill_wellknown": null, "fill_shape_color": null, "fill_shape_width": null, "fill_shape_size": null, "fill_img_url": "pattern_url/6388375325a99.jpg", "marker_img_url": null}},{"type": "Feature", "id": "layer_data_map.fid--27e80436_1a098c1eed1_-3b9", "geometry": {"type": "Polygon", "coordinates": [[[106.88345374, 47.91488504], [106.88460962, 47.91487434], [106.88463293, 47.91533933], [106.88346616, 47.9153533], [106.88345374, 47.91488504]]]}, "geometry_name": "geom", "properties": {"guid": 5458, "id": 5458, "object_no": null, "object_name": null, "layer_type_id": 222, "valid_to": null, "address_no": null, "border_type": "solid", "border_width": 0, "border_color": "#6aa84f", "border_opacity": null, "border_wellknown": "shape://horizline", "fill_type": "color", "fill_color": "#274e13", "fill_opacity": 0.22, "fill_wellknown": null, "fill_shape_color": null, "fill_shape_width": null, "fill_shape_size": null, "fill_img_url": "pattern_url/6388375325a99.jpg", "marker_img_url": null}},{"type": "Feature", "id": "layer_data_map.fid--27e80436_1a098c1eed1_-3b8", "geometry": {"type": "MultiPolygon", "coordinates": [[[[106.89415343, 47.90911051], [106.89416512, 47.9094518], [106.88499701, 47.90956352], [106.88498486, 47.90923023], [106.89415343, 47.90911051]]], [[[106.88298908, 47.90926531], [106.88301045, 47.90959415], [106.87762883, 47.90966835], [106.87761965, 47.90930124], [106.88298908, 47.90926531]]]]}, "geometry_name": "geom", "properties": {"guid": 5459, "id": 5459, "object_no": null, "object_name": null, "layer_type_id": 222, "valid_to": null, "address_no": null, "border_type": "solid", "border_width": 0, "border_color": "#6aa84f", "border_opacity": null, "border_wellknown": "shape://horizline", "fill_type": "color", "fill_color": "#274e13", "fill_opacity": 0.22, "fill_wellknown": null, "fill_shape_color": null, "fill_shape_width": null, "fill_shape_size": null, "fill_img_url": "pattern_url/6388375325a99.jpg", "marker_img_url": null}},{"type": "Feature", "id": "layer_data_map.fid--27e80436_1a098c1eed1_-3b7", "geometry": {"type": "Polygon", "coordinates": [[[106.87628058, 47.91959431], [106.87638441, 47.91842608], [106.8763991, 47.91834252], [106.8765286, 47.91825113], [106.87662802, 47.91843584], [106.87744546, 47.91846857], [106.87683886, 47.91930692], [106.87673695, 47.9194827], [106.87655604, 47.91998857], [106.87628058, 47.91959431]]]}, "geometry_name": "geom", "properties": {"guid": 5460, "id": 5460, "object_no": null, "object_name": null, "layer_type_id": 222, "valid_to": null, "address_no": null, "border_type": "solid", "border_width": 0, "border_color": "#6aa84f", "border_opacity": null, "border_wellknown": "shape://horizline", "fill_type": "color", "fill_color": "#274e13", "fill_opacity": 0.22, "fill_wellknown": null, "fill_shape_color": null, "fill_shape_width": null, "fill_shape_size": null, "fill_img_url": "pattern_url/6388375325a99.jpg", "marker_img_url": null}},{"type": "Feature", "id": "layer_data_map.fid--27e80436_1a098c1eed1_-3b6", "geometry": {"type": "Polygon", "coordinates": [[[106.90658631, 47.92225866], [106.90641742, 47.92315896], [106.90528384, 47.92306407], [106.90548105, 47.92216566], [106.90658631, 47.92225866]]]}, "geometry_name": "geom", "properties": {"guid": 5461, "id": 5461, "object_no": null, "object_name": null, "layer_type_id": 222, "valid_to": null, "address_no": null, "border_type": "solid", "border_width": 0, "border_color": "#6aa84f", "border_opacity": null, "border_wellknown": "shape://horizline", "fill_type": "color", "fill_color": "#274e13", "fill_opacity": 0.22, "fill_wellknown": null, "fill_shape_color": null, "fill_shape_width": null, "fill_shape_size": null, "fill_img_url": "pattern_url/6388375325a99.jpg", "marker_img_url": null}},{"type": "Feature", "id": "layer_data_map.fid--27e80436_1a098c1eed1_-3b5", "geometry": {"type": "Polygon", "coordinates": [[[106.90894004, 47.92086858], [106.90795057, 47.92080386], [106.90809969, 47.91993776], [106.90910216, 47.92003011], [106.90894004, 47.92086858]]]}, "geometry_name": "geom", "properties": {"guid": 5462, "id": 5462, "object_no": null, "object_name": null, "layer_type_id": 222, "valid_to": null, "address_no": null, "border_type": "solid", "border_width": 0, "border_color": "#6aa84f", "border_opacity": null, "border_wellknown": "shape://horizline", "fill_type": "color", "fill_color": "#274e13", "fill_opacity": 0.22, "fill_wellknown": null, "fill_shape_color": null, "fill_shape_width": null, "fill_shape_size": null, "fill_img_url": "pattern_url/6388375325a99.jpg", "marker_img_url": null}},{"type": "Feature", "id": "layer_data_map.fid--27e80436_1a098c1eed1_-3b4", "geometry": {"type": "Polygon", "coordinates": [[[106.90695295, 47.91666163], [106.90571674, 47.91655837], [106.90576307, 47.91627692], [106.90700625, 47.91637745], [106.90695295, 47.91666163]]]}, "geometry_name": "geom", "properties": {"guid": 5463, "id": 5463, "object_no": null, "object_name": null, "layer_type_id": 222, "valid_to": null, "address_no": null, "border_type": "solid", "border_width": 0, "border_color": "#6aa84f", "border_opacity": null, "border_wellknown": "shape://horizline", "fill_type": "color", "fill_color": "#274e13", "fill_opacity": 0.22, "fill_wellknown": null, "fill_shape_color": null, "fill_shape_width": null, "fill_shape_size": null, "fill_img_url": "pattern_url/6388375325a99.jpg", "marker_img_url": null}},{"type": "Feature", "id": "layer_data_map.fid--27e80436_1a098c1eed1_-3b3", "geometry": {"type": "Polygon", "coordinates": [[[106.90971879, 47.9186682], [106.90854562, 47.91856905], [106.90863545, 47.91804954], [106.9098065, 47.91814832], [106.90971879, 47.9186682]]]}, "geometry_name": "geom", "properties": {"guid": 5464, "id": 5464, "object_no": null, "object_name": null, "layer_type_id": 222, "valid_to": null, "address_no": null, "border_type": "solid", "border_width": 0, "border_color": "#6aa84f", "border_opacity": null, "border_wellknown": "shape://horizline", "fill_type": "color", "fill_color": "#274e13", "fill_opacity": 0.22, "fill_wellknown": null, "fill_shape_color": null, "fill_shape_width": null, "fill_shape_size": null, "fill_img_url": "pattern_url/6388375325a99.jpg", "marker_img_url": null}},{"type": "Feature", "id": "layer_data_map.fid--27e80436_1a098c1eed1_-3b2", "geometry": {"type": "Polygon", "coordinates": [[[106.91332042, 47.92604004], [106.91334007, 47.92593382], [106.91448856, 47.92602957], [106.91461529, 47.92607856], [106.91460271, 47.92614614], [106.91332042, 47.92604004]]]}, "geometry_name": "geom", "properties": {"guid": 5465, "id": 5465, "object_no": null, "object_name": null, "layer_type_id": 222, "valid_to": null, "address_no": null, "border_type": "solid", "border_width": 0, "border_color": "#6aa84f", "border_opacity": null, "border_wellknown": "shape://horizline", "fill_type": "color", "fill_color": "#274e13", "fill_opacity": 0.22, "fill_wellknown": null, "fill_shape_color": null, "fill_shape_width": null, "fill_shape_size": null, "fill_img_url": "pattern_url/6388375325a99.jpg", "marker_img_url": null}},{"type": "Feature", "id": "layer_data_map.fid--27e80436_1a098c1eed1_-3b1", "geometry": {"type": "MultiPolygon", "coordinates": [[[[106.91231446, 47.92514931], [106.91182411, 47.92539555], [106.91096385, 47.92463853], [106.9114718, 47.92438963], [106.91231446, 47.92514931]]], [[[106.91115659, 47.92570865], [106.91066488, 47.9259504], [106.9098089, 47.92520124], [106.91031084, 47.92495013], [106.91115659, 47.92570865]]]]}, "geometry_name": "geom", "properties": {"guid": 5466, "id": 5466, "object_no": null, "object_name": null, "layer_type_id": 222, "valid_to": null, "address_no": null, "border_type": "solid", "border_width": 0, "border_color": "#6aa84f", "border_opacity": null, "border_wellknown": "shape://horizline", "fill_type": "color", "fill_color": "#274e13", "fill_opacity": 0.22, "fill_wellknown": null, "fill_shape_color": null, "fill_shape_width": null, "fill_shape_size": null, "fill_img_url": "pattern_url/6388375325a99.jpg", "marker_img_url": null}},{"type": "Feature", "id": "layer_data_map.fid--27e80436_1a098c1eed1_-3b0", "geometry": {"type": "Polygon", "coordinates": [[[106.9132952, 47.92010913], [106.91331662, 47.91982547], [106.91500836, 47.91989011], [106.91497556, 47.92017443], [106.9132952, 47.92010913]]]}, "geometry_name": "geom", "properties": {"guid": 5467, "id": 5467, "object_no": null, "object_name": null, "layer_type_id": 222, "valid_to": null, "address_no": null, "border_type": "solid", "border_width": 0, "border_color": "#6aa84f", "border_opacity": null, "border_wellknown": "shape://horizline", "fill_type": "color", "fill_color": "#274e13", "fill_opacity": 0.22, "fill_wellknown": null, "fill_shape_color": null, "fill_shape_width": null, "fill_shape_size": null, "fill_img_url": "pattern_url/6388375325a99.jpg", "marker_img_url": null}},{"type": "Feature", "id": "layer_data_map.fid--27e80436_1a098c1eed1_-3af", "geometry": {"type": "Polygon", "coordinates": [[[106.91498829, 47.92061026], [106.91501684, 47.92030887], [106.91567524, 47.92033788], [106.91565218, 47.92063741], [106.91498829, 47.92061026]]]}, "geometry_name": "geom", "properties": {"guid": 5469, "id": 5469, "object_no": null, "object_name": null, "layer_type_id": 222, "valid_to": null, "address_no": null, "border_type": "solid", "border_width": 0, "border_color": "#6aa84f", "border_opacity": null, "border_wellknown": "shape://horizline", "fill_type": "color", "fill_color": "#274e13", "fill_opacity": 0.22, "fill_wellknown": null, "fill_shape_color": null, "fill_shape_width": null, "fill_shape_size": null, "fill_img_url": "pattern_url/6388375325a99.jpg", "marker_img_url": null}},{"type": "Feature", "id": "layer_data_map.fid--27e80436_1a098c1eed1_-3ae", "geometry": {"type": "Polygon", "coordinates": [[[106.91062207, 47.91850933], [106.91068661, 47.91814639], [106.91160163, 47.91822996], [106.91152307, 47.9185967], [106.91062207, 47.91850933]]]}, "geometry_name": "geom", "properties": {"guid": 5470, "id": 5470, "object_no": null, "object_name": null, "layer_type_id": 222, "valid_to": null, "address_no": null, "border_type": "solid", "border_width": 0, "border_color": "#6aa84f", "border_opacity": null, "border_wellknown": "shape://horizline", "fill_type": "color", "fill_color": "#274e13", "fill_opacity": 0.22, "fill_wellknown": null, "fill_shape_color": null, "fill_shape_width": null, "fill_shape_size": null, "fill_img_url": "pattern_url/6388375325a99.jpg", "marker_img_url": null}},{"type": "Feature", "id": "layer_data_map.fid--27e80436_1a098c1eed1_-3ad", "geometry": {"type": "Polygon", "coordinates": [[[106.91619238, 47.91948662], [106.91648852, 47.91791045], [106.91899713, 47.91813518], [106.91867259, 47.91969098], [106.91619238, 47.91948662]]]}, "geometry_name": "geom", "properties": {"guid": 5471, "id": 5471, "object_no": null, "object_name": null, "layer_type_id": 222, "valid_to": null, "address_no": null, "border_type": "solid", "border_width": 0, "border_color": "#6aa84f", "border_opacity": null, "border_wellknown": "shape://horizline", "fill_type": "color", "fill_color": "#274e13", "fill_opacity": 0.22, "fill_wellknown": null, "fill_shape_color": null, "fill_shape_width": null, "fill_shape_size": null, "fill_img_url": "pattern_url/6388375325a99.jpg", "marker_img_url": null}},{"type": "Feature", "id": "layer_data_map.fid--27e80436_1a098c1eed1_-3ac", "geometry": {"type": "Polygon", "coordinates": [[[106.91852802, 47.93048125], [106.91859246, 47.93005245], [106.91991004, 47.93016208], [106.91983282, 47.93058459], [106.91852802, 47.93048125]]]}, "geometry_name": "geom", "properties": {"guid": 5472, "id": 5472, "object_no": null, "object_name": null, "layer_type_id": 222, "valid_to": null, "address_no": null, "border_type": "solid", "border_width": 0, "border_color": "#6aa84f", "border_opacity": null, "border_wellknown": "shape://horizline", "fill_type": "color", "fill_color": "#274e13", "fill_opacity": 0.22, "fill_wellknown": null, "fill_shape_color": null, "fill_shape_width": null, "fill_shape_size": null, "fill_img_url": "pattern_url/6388375325a99.jpg", "marker_img_url": null}},{"type": "Feature", "id": "layer_data_map.fid--27e80436_1a098c1eed1_-3ab", "geometry": {"type": "Polygon", "coordinates": [[[106.9009287, 47.9185327], [106.90100638, 47.91814452], [106.90225811, 47.91826814], [106.90216449, 47.91865368], [106.9009287, 47.9185327]]]}, "geometry_name": "geom", "properties": {"guid": 5473, "id": 5473, "object_no": null, "object_name": null, "layer_type_id": 222, "valid_to": null, "address_no": null, "border_type": "solid", "border_width": 0, "border_color": "#6aa84f", "border_opacity": null, "border_wellknown": "shape://horizline", "fill_type": "color", "fill_color": "#274e13", "fill_opacity": 0.22, "fill_wellknown": null, "fill_shape_color": null, "fill_shape_width": null, "fill_shape_size": null, "fill_img_url": "pattern_url/6388375325a99.jpg", "marker_img_url": null}},{"type": "Feature", "id": "layer_data_map.fid--27e80436_1a098c1eed1_-3aa", "geometry": {"type": "Polygon", "coordinates": [[[106.92138721, 47.92562635], [106.92101055, 47.92583284], [106.92097637, 47.92584805], [106.92093884, 47.92585914], [106.92089906, 47.9258658], [106.92085818, 47.92586783], [106.92081738, 47.92586517], [106.92077784, 47.92585789], [106.9207407, 47.92584622], [106.92070705, 47.92583049], [106.92067786, 47.92581114], [106.92065396, 47.92578875], [106.92063606, 47.92576397], [106.92062467, 47.9257375], [106.92062013, 47.92571011], [106.92062255, 47.92568261], [106.92063188, 47.92565578], [106.92064784, 47.9256304], [106.92066998, 47.92560721], [106.92069764, 47.92558687], [106.92107964, 47.92537726], [106.92111416, 47.92536247], [106.9211519, 47.92535183], [106.92119178, 47.92534563], [106.92123265, 47.92534405], [106.92127332, 47.92534715], [106.92131263, 47.92535483], [106.92134943, 47.92536687], [106.92138268, 47.92538292], [106.9214114, 47.92540252], [106.92143477, 47.92542511], [106.92145212, 47.92545003], [106.92146295, 47.92547656], [106.92146693, 47.92550394], [106.92146397, 47.92553138], [106.92145414, 47.92555809], [106.92143772, 47.92558329], [106.9214152, 47.92560627], [106.92138721, 47.92562635]]]}, "geometry_name": "geom", "properties": {"guid": 5474, "id": 5474, "object_no": null, "object_name": null, "layer_type_id": 222, "valid_to": null, "address_no": null, "border_type": "solid", "border_width": 0, "border_color": "#6aa84f", "border_opacity": null, "border_wellknown": "shape://horizline", "fill_type": "color", "fill_color": "#274e13", "fill_opacity": 0.22, "fill_wellknown": null, "fill_shape_color": null, "fill_shape_width": null, "fill_shape_size": null, "fill_img_url": "pattern_url/6388375325a99.jpg", "marker_img_url": null}},{"type": "Feature", "id": "layer_data_map.fid--27e80436_1a098c1eed1_-3a9", "geometry": {"type": "Polygon", "coordinates": [[[106.91564947, 47.92640281], [106.91570676, 47.92613527], [106.91704804, 47.92626998], [106.91699461, 47.92653939], [106.91564947, 47.92640281]]]}, "geometry_name": "geom", "properties": {"guid": 5475, "id": 5475, "object_no": null, "object_name": null, "layer_type_id": 222, "valid_to": null, "address_no": null, "border_type": "solid", "border_width": 0, "border_color": "#6aa84f", "border_opacity": null, "border_wellknown": "shape://horizline", "fill_type": "color", "fill_color": "#274e13", "fill_opacity": 0.22, "fill_wellknown": null, "fill_shape_color": null, "fill_shape_width": null, "fill_shape_size": null, "fill_img_url": "pattern_url/6388375325a99.jpg", "marker_img_url": null}},{"type": "Feature", "id": "layer_data_map.fid--27e80436_1a098c1eed1_-3a8", "geometry": {"type": "Polygon", "coordinates": [[[106.91573137, 47.91552876], [106.91572783, 47.91556343], [106.9157157, 47.91559721], [106.91569533, 47.91562914], [106.91566729, 47.91565833], [106.91563238, 47.91568395], [106.91559158, 47.91570529], [106.91554604, 47.91572172], [106.91549705, 47.9157328], [106.91544599, 47.9157382], [106.91539431, 47.91573779], [106.91464511, 47.91557846], [106.91415682, 47.91547117], [106.91436658, 47.91514781], [106.9149768, 47.9147992], [106.91520455, 47.9148715], [106.91533065, 47.91489213], [106.91543453, 47.91494052], [106.9154784, 47.91495215], [106.91551872, 47.91496859], [106.91555435, 47.91498935], [106.91558426, 47.91501386], [106.91573137, 47.91552876]]]}, "geometry_name": "geom", "properties": {"guid": 5476, "id": 5476, "object_no": null, "object_name": null, "layer_type_id": 222, "valid_to": null, "address_no": null, "border_type": "solid", "border_width": 0, "border_color": "#6aa84f", "border_opacity": null, "border_wellknown": "shape://horizline", "fill_type": "color", "fill_color": "#274e13", "fill_opacity": 0.22, "fill_wellknown": null, "fill_shape_color": null, "fill_shape_width": null, "fill_shape_size": null, "fill_img_url": "pattern_url/6388375325a99.jpg", "marker_img_url": null}},{"type": "Feature", "id": "layer_data_map.fid--27e80436_1a098c1eed1_-3a7", "geometry": {"type": "Polygon", "coordinates": [[[106.92117005, 47.91846525], [106.92141403, 47.91751783], [106.9236059, 47.91782986], [106.92336643, 47.91872115], [106.92117005, 47.91846525]]]}, "geometry_name": "geom", "properties": {"guid": 5477, "id": 5477, "object_no": null, "object_name": null, "layer_type_id": 222, "valid_to": null, "address_no": null, "border_type": "solid", "border_width": 0, "border_color": "#6aa84f", "border_opacity": null, "border_wellknown": "shape://horizline", "fill_type": "color", "fill_color": "#274e13", "fill_opacity": 0.22, "fill_wellknown": null, "fill_shape_color": null, "fill_shape_width": null, "fill_shape_size": null, "fill_img_url": "pattern_url/6388375325a99.jpg", "marker_img_url": null}},{"type": "Feature", "id": "layer_data_map.fid--27e80436_1a098c1eed1_-3a6", "geometry": {"type": "Polygon", "coordinates": [[[106.91873662, 47.92330187], [106.91882337, 47.92281285], [106.91895473, 47.92278523], [106.91899751, 47.92282899], [106.91907646, 47.92283767], [106.91914255, 47.92282418], [106.91918728, 47.92278868], [106.91919239, 47.92273526], [106.91913249, 47.92267342], [106.91921577, 47.92260156], [106.91984273, 47.92263665], [106.91972222, 47.92337475], [106.91873662, 47.92330187]]]}, "geometry_name": "geom", "properties": {"guid": 5478, "id": 5478, "object_no": null, "object_name": null, "layer_type_id": 222, "valid_to": null, "address_no": null, "border_type": "solid", "border_width": 0, "border_color": "#6aa84f", "border_opacity": null, "border_wellknown": "shape://horizline", "fill_type": "color", "fill_color": "#274e13", "fill_opacity": 0.22, "fill_wellknown": null, "fill_shape_color": null, "fill_shape_width": null, "fill_shape_size": null, "fill_img_url": "pattern_url/6388375325a99.jpg", "marker_img_url": null}},{"type": "Feature", "id": "layer_data_map.fid--27e80436_1a098c1eed1_-3a5", "geometry": {"type": "Polygon", "coordinates": [[[106.82087309, 47.91059738], [106.82293937, 47.91074711], [106.82288953, 47.91115218], [106.82081048, 47.91101115], [106.82087309, 47.91059738]]]}, "geometry_name": "geom", "properties": {"guid": 5479, "id": 5479, "object_no": null, "object_name": null, "layer_type_id": 222, "valid_to": null, "address_no": null, "border_type": "solid", "border_width": 0, "border_color": "#6aa84f", "border_opacity": null, "border_wellknown": "shape://horizline", "fill_type": "color", "fill_color": "#274e13", "fill_opacity": 0.22, "fill_wellknown": null, "fill_shape_color": null, "fill_shape_width": null, "fill_shape_size": null, "fill_img_url": "pattern_url/6388375325a99.jpg", "marker_img_url": null}},{"type": "Feature", "id": "layer_data_map.fid--27e80436_1a098c1eed1_-3a4", "geometry": {"type": "Polygon", "coordinates": [[[106.99649341, 47.91287362], [106.99678947, 47.91029568], [106.99692128, 47.90921512], [106.99795424, 47.90872741], [106.99923905, 47.9087434], [106.99990781, 47.90845559], [107.00412006, 47.90861173], [107.00447765, 47.91021123], [106.99886354, 47.91299631], [106.99649341, 47.91287362]]]}, "geometry_name": "geom", "properties": {"guid": 5480, "id": 5480, "object_no": null, "object_name": null, "layer_type_id": 222, "valid_to": null, "address_no": null, "border_type": "solid", "border_width": 0, "border_color": "#6aa84f", "border_opacity": null, "border_wellknown": "shape://horizline", "fill_type": "color", "fill_color": "#274e13", "fill_opacity": 0.22, "fill_wellknown": null, "fill_shape_color": null, "fill_shape_width": null, "fill_shape_size": null, "fill_img_url": "pattern_url/6388375325a99.jpg", "marker_img_url": null}},{"type": "Feature", "id": "layer_data_map.fid--27e80436_1a098c1eed1_-3a3", "geometry": {"type": "Polygon", "coordinates": [[[106.95213383, 47.91771932], [106.95266835, 47.91767315], [106.95290932, 47.91899535], [106.95227397, 47.91904695], [106.95204499, 47.91778051], [106.95213383, 47.91771932]]]}, "geometry_name": "geom", "properties": {"guid": 5481, "id": 5481, "object_no": null, "object_name": null, "layer_type_id": 222, "valid_to": null, "address_no": null, "border_type": "solid", "border_width": 0, "border_color": "#6aa84f", "border_opacity": null, "border_wellknown": "shape://horizline", "fill_type": "color", "fill_color": "#274e13", "fill_opacity": 0.22, "fill_wellknown": null, "fill_shape_color": null, "fill_shape_width": null, "fill_shape_size": null, "fill_img_url": "pattern_url/6388375325a99.jpg", "marker_img_url": null}},{"type": "Feature", "id": "layer_data_map.fid--27e80436_1a098c1eed1_-3a2", "geometry": {"type": "Polygon", "coordinates": [[[106.94846542, 47.92093784], [106.94975649, 47.92080115], [106.95019013, 47.92243342], [106.94931126, 47.92252988], [106.94879262, 47.92237061], [106.94846542, 47.92093784]]]}, "geometry_name": "geom", "properties": {"guid": 5482, "id": 5482, "object_no": null, "object_name": null, "layer_type_id": 222, "valid_to": null, "address_no": null, "border_type": "solid", "border_width": 0, "border_color": "#6aa84f", "border_opacity": null, "border_wellknown": "shape://horizline", "fill_type": "color", "fill_color": "#274e13", "fill_opacity": 0.22, "fill_wellknown": null, "fill_shape_color": null, "fill_shape_width": null, "fill_shape_size": null, "fill_img_url": "pattern_url/6388375325a99.jpg", "marker_img_url": null}},{"type": "Feature", "id": "layer_data_map.fid--27e80436_1a098c1eed1_-3a1", "geometry": {"type": "Polygon", "coordinates": [[[106.90827075, 47.8973723], [106.90877261, 47.89864203], [106.90875849, 47.89867871], [106.90873769, 47.89871392], [106.90871055, 47.89874712], [106.90864958, 47.89879977], [106.90858096, 47.89884799], [106.90850542, 47.89889127], [106.90842373, 47.89892917], [106.90833674, 47.89896129], [106.90824535, 47.8989873], [106.90815049, 47.89900693], [106.90805317, 47.89901998], [106.90795437, 47.89902631], [106.90785513, 47.89902586], [106.90775647, 47.89901863], [106.90772024, 47.89901408], [106.90768559, 47.89900562], [106.90742953, 47.89899487], [106.90779946, 47.89740452], [106.90785769, 47.89711943], [106.90812832, 47.89709386], [106.90819322, 47.89716761], [106.90822478, 47.89729849], [106.90827075, 47.8973723]]]}, "geometry_name": "geom", "properties": {"guid": 5483, "id": 5483, "object_no": null, "object_name": null, "layer_type_id": 222, "valid_to": null, "address_no": null, "border_type": "solid", "border_width": 0, "border_color": "#6aa84f", "border_opacity": null, "border_wellknown": "shape://horizline", "fill_type": "color", "fill_color": "#274e13", "fill_opacity": 0.22, "fill_wellknown": null, "fill_shape_color": null, "fill_shape_width": null, "fill_shape_size": null, "fill_img_url": "pattern_url/6388375325a99.jpg", "marker_img_url": null}},{"type": "Feature", "id": "layer_data_map.fid--27e80436_1a098c1eed1_-3a0", "geometry": {"type": "Polygon", "coordinates": [[[106.8993433, 47.89923444], [106.89999438, 47.89923627], [106.90000086, 47.89960279], [106.89931, 47.8995928], [106.8993433, 47.89923444]]]}, "geometry_name": "geom", "properties": {"guid": 5484, "id": 5484, "object_no": null, "object_name": null, "layer_type_id": 222, "valid_to": null, "address_no": null, "border_type": "solid", "border_width": 0, "border_color": "#6aa84f", "border_opacity": null, "border_wellknown": "shape://horizline", "fill_type": "color", "fill_color": "#274e13", "fill_opacity": 0.22, "fill_wellknown": null, "fill_shape_color": null, "fill_shape_width": null, "fill_shape_size": null, "fill_img_url": "pattern_url/6388375325a99.jpg", "marker_img_url": null}},{"type": "Feature", "id": "layer_data_map.fid--27e80436_1a098c1eed1_-39f", "geometry": {"type": "Polygon", "coordinates": [[[106.88585579, 47.9146644], [106.88596543, 47.91463107], [106.88800705, 47.91435192], [106.88799376, 47.91472798], [106.88585579, 47.9146644]]]}, "geometry_name": "geom", "properties": {"guid": 5485, "id": 5485, "object_no": null, "object_name": null, "layer_type_id": 222, "valid_to": null, "address_no": null, "border_type": "solid", "border_width": 0, "border_color": "#6aa84f", "border_opacity": null, "border_wellknown": "shape://horizline", "fill_type": "color", "fill_color": "#274e13", "fill_opacity": 0.22, "fill_wellknown": null, "fill_shape_color": null, "fill_shape_width": null, "fill_shape_size": null, "fill_img_url": "pattern_url/6388375325a99.jpg", "marker_img_url": null}},{"type": "Feature", "id": "layer_data_map.fid--27e80436_1a098c1eed1_-39e", "geometry": {"type": "Polygon", "coordinates": [[[106.90487546, 47.9267129], [106.90512044, 47.9267358], [106.90521067, 47.92636356], [106.90525124, 47.92621713], [106.90561515, 47.92625156], [106.90549941, 47.9268849], [106.90542593, 47.92709155], [106.90532578, 47.92710485], [106.90480607, 47.92705536], [106.90487546, 47.9267129]]]}, "geometry_name": "geom", "properties": {"guid": 5486, "id": 5486, "object_no": null, "object_name": null, "layer_type_id": 222, "valid_to": null, "address_no": null, "border_type": "solid", "border_width": 0, "border_color": "#6aa84f", "border_opacity": null, "border_wellknown": "shape://horizline", "fill_type": "color", "fill_color": "#274e13", "fill_opacity": 0.22, "fill_wellknown": null, "fill_shape_color": null, "fill_shape_width": null, "fill_shape_size": null, "fill_img_url": "pattern_url/6388375325a99.jpg", "marker_img_url": null}},{"type": "Feature", "id": "layer_data_map.fid--27e80436_1a098c1eed1_-39d", "geometry": {"type": "Polygon", "coordinates": [[[106.93064634, 47.92910201], [106.93066909, 47.92894109], [106.9307884, 47.92894694], [106.93091906, 47.92798647], [106.93126197, 47.9280022], [106.93126178, 47.92907737], [106.93064634, 47.92910201]]]}, "geometry_name": "geom", "properties": {"guid": 5487, "id": 5487, "object_no": null, "object_name": null, "layer_type_id": 222, "valid_to": null, "address_no": null, "border_type": "solid", "border_width": 0, "border_color": "#6aa84f", "border_opacity": null, "border_wellknown": "shape://horizline", "fill_type": "color", "fill_color": "#274e13", "fill_opacity": 0.22, "fill_wellknown": null, "fill_shape_color": null, "fill_shape_width": null, "fill_shape_size": null, "fill_img_url": "pattern_url/6388375325a99.jpg", "marker_img_url": null}},{"type": "Feature", "id": "layer_data_map.fid--27e80436_1a098c1eed1_-39c", "geometry": {"type": "Polygon", "coordinates": [[[106.92976589, 47.92188115], [106.92986412, 47.92119381], [106.93047696, 47.92120278], [106.93033028, 47.92190056], [106.92976589, 47.92188115]]]}, "geometry_name": "geom", "properties": {"guid": 5488, "id": 5488, "object_no": null, "object_name": null, "layer_type_id": 222, "valid_to": null, "address_no": null, "border_type": "solid", "border_width": 0, "border_color": "#6aa84f", "border_opacity": null, "border_wellknown": "shape://horizline", "fill_type": "color", "fill_color": "#274e13", "fill_opacity": 0.22, "fill_wellknown": null, "fill_shape_color": null, "fill_shape_width": null, "fill_shape_size": null, "fill_img_url": "pattern_url/6388375325a99.jpg", "marker_img_url": null}},{"type": "Feature", "id": "layer_data_map.fid--27e80436_1a098c1eed1_-39b", "geometry": {"type": "Polygon", "coordinates": [[[106.92204734, 47.90855086], [106.92182662, 47.90851884], [106.92182721, 47.90834191], [106.92281913, 47.90836529], [106.92477525, 47.90834528], [106.92539458, 47.90867693], [106.9247479, 47.90961328], [106.92356243, 47.90926634], [106.92383008, 47.90888285], [106.923435, 47.90873235], [106.92327242, 47.90854938], [106.92293412, 47.90859314], [106.92253884, 47.90862833], [106.92204734, 47.90855086]]]}, "geometry_name": "geom", "properties": {"guid": 5489, "id": 5489, "object_no": null, "object_name": null, "layer_type_id": 222, "valid_to": null, "address_no": null, "border_type": "solid", "border_width": 0, "border_color": "#6aa84f", "border_opacity": null, "border_wellknown": "shape://horizline", "fill_type": "color", "fill_color": "#274e13", "fill_opacity": 0.22, "fill_wellknown": null, "fill_shape_color": null, "fill_shape_width": null, "fill_shape_size": null, "fill_img_url": "pattern_url/6388375325a99.jpg", "marker_img_url": null}},{"type": "Feature", "id": "layer_data_map.fid--27e80436_1a098c1eed1_-39a", "geometry": {"type": "Polygon", "coordinates": [[[106.90629891, 47.91357313], [106.90651645, 47.91256514], [106.90659533, 47.9122179], [106.90660484, 47.91204879], [106.90682773, 47.91215975], [106.90702993, 47.9122659], [106.90720757, 47.91233], [106.90736261, 47.91236741], [106.90757829, 47.91230004], [106.90769385, 47.91221678], [106.90773365, 47.91207129], [106.90768472, 47.91194414], [106.90761563, 47.91182288], [106.90736196, 47.91166521], [106.90739758, 47.91154484], [106.90810065, 47.91118036], [106.90835919, 47.91140398], [106.90851527, 47.91155683], [106.90848286, 47.91186461], [106.90837183, 47.9121674], [106.90821673, 47.91244161], [106.90779619, 47.91264613], [106.90777046, 47.91273218], [106.90750664, 47.91384272], [106.90629891, 47.91357313]]]}, "geometry_name": "geom", "properties": {"guid": 5490, "id": 5490, "object_no": null, "object_name": null, "layer_type_id": 222, "valid_to": null, "address_no": null, "border_type": "solid", "border_width": 0, "border_color": "#6aa84f", "border_opacity": null, "border_wellknown": "shape://horizline", "fill_type": "color", "fill_color": "#274e13", "fill_opacity": 0.22, "fill_wellknown": null, "fill_shape_color": null, "fill_shape_width": null, "fill_shape_size": null, "fill_img_url": "pattern_url/6388375325a99.jpg", "marker_img_url": null}},{"type": "Feature", "id": "layer_data_map.fid--27e80436_1a098c1eed1_-399", "geometry": {"type": "MultiPolygon", "coordinates": [[[[106.92548205, 47.92631377], [106.9252614, 47.92732067], [106.9248464, 47.92728342], [106.92504148, 47.92628161], [106.92548205, 47.92631377]]], [[[106.92412536, 47.92720697], [106.92403497, 47.92794487], [106.92348739, 47.92790555], [106.92354004, 47.9275374], [106.92360189, 47.92715296], [106.92412536, 47.92720697]]]]}, "geometry_name": "geom", "properties": {"guid": 5491, "id": 5491, "object_no": null, "object_name": null, "layer_type_id": 222, "valid_to": null, "address_no": null, "border_type": "solid", "border_width": 0, "border_color": "#6aa84f", "border_opacity": null, "border_wellknown": "shape://horizline", "fill_type": "color", "fill_color": "#274e13", "fill_opacity": 0.22, "fill_wellknown": null, "fill_shape_color": null, "fill_shape_width": null, "fill_shape_size": null, "fill_img_url": "pattern_url/6388375325a99.jpg", "marker_img_url": null}},{"type": "Feature", "id": "layer_data_map.fid--27e80436_1a098c1eed1_-398", "geometry": {"type": "MultiPolygon", "coordinates": [[[[106.89938786, 47.91000705], [106.89936076, 47.91049785], [106.89855339, 47.91048443], [106.89858376, 47.90998399], [106.89938786, 47.91000705]]], [[[106.89753481, 47.90986444], [106.89750163, 47.91040957], [106.8969773, 47.91039302], [106.89702413, 47.90981387], [106.89753481, 47.90986444]]]]}, "geometry_name": "geom", "properties": {"guid": 5492, "id": 5492, "object_no": null, "object_name": null, "layer_type_id": 222, "valid_to": null, "address_no": null, "border_type": "solid", "border_width": 0, "border_color": "#6aa84f", "border_opacity": null, "border_wellknown": "shape://horizline", "fill_type": "color", "fill_color": "#274e13", "fill_opacity": 0.22, "fill_wellknown": null, "fill_shape_color": null, "fill_shape_width": null, "fill_shape_size": null, "fill_img_url": "pattern_url/6388375325a99.jpg", "marker_img_url": null}},{"type": "Feature", "id": "layer_data_map.fid--27e80436_1a098c1eed1_-397", "geometry": {"type": "Polygon", "coordinates": [[[106.89923248, 47.91474902], [106.8992971, 47.91415357], [106.89974077, 47.9141748], [106.89968324, 47.91476923], [106.89923248, 47.91474902]]]}, "geometry_name": "geom", "properties": {"guid": 5493, "id": 5493, "object_no": null, "object_name": null, "layer_type_id": 222, "valid_to": null, "address_no": null, "border_type": "solid", "border_width": 0, "border_color": "#6aa84f", "border_opacity": null, "border_wellknown": "shape://horizline", "fill_type": "color", "fill_color": "#274e13", "fill_opacity": 0.22, "fill_wellknown": null, "fill_shape_color": null, "fill_shape_width": null, "fill_shape_size": null, "fill_img_url": "pattern_url/6388375325a99.jpg", "marker_img_url": null}},{"type": "Feature", "id": "layer_data_map.fid--27e80436_1a098c1eed1_-396", "geometry": {"type": "Polygon", "coordinates": [[[106.92741481, 47.92584813], [106.92754569, 47.92520199], [106.92862178, 47.92528925], [106.92849533, 47.92590104], [106.92741481, 47.92584813]]]}, "geometry_name": "geom", "properties": {"guid": 5494, "id": 5494, "object_no": null, "object_name": null, "layer_type_id": 222, "valid_to": null, "address_no": null, "border_type": "solid", "border_width": 0, "border_color": "#6aa84f", "border_opacity": null, "border_wellknown": "shape://horizline", "fill_type": "color", "fill_color": "#274e13", "fill_opacity": 0.22, "fill_wellknown": null, "fill_shape_color": null, "fill_shape_width": null, "fill_shape_size": null, "fill_img_url": "pattern_url/6388375325a99.jpg", "marker_img_url": null}},{"type": "Feature", "id": "layer_data_map.fid--27e80436_1a098c1eed1_-395", "geometry": {"type": "Polygon", "coordinates": [[[106.92378936, 47.91595876], [106.92388986, 47.91559679], [106.92567401, 47.91582336], [106.92555322, 47.91618527], [106.92378936, 47.91595876]]]}, "geometry_name": "geom", "properties": {"guid": 5495, "id": 5495, "object_no": null, "object_name": null, "layer_type_id": 222, "valid_to": null, "address_no": null, "border_type": "solid", "border_width": 0, "border_color": "#6aa84f", "border_opacity": null, "border_wellknown": "shape://horizline", "fill_type": "color", "fill_color": "#274e13", "fill_opacity": 0.22, "fill_wellknown": null, "fill_shape_color": null, "fill_shape_width": null, "fill_shape_size": null, "fill_img_url": "pattern_url/6388375325a99.jpg", "marker_img_url": null}},{"type": "Feature", "id": "layer_data_map.fid--27e80436_1a098c1eed1_-394", "geometry": {"type": "Polygon", "coordinates": [[[106.92961268, 47.93280928], [106.9299287, 47.9312759], [106.93047114, 47.93131367], [106.93024385, 47.93285153], [106.92961268, 47.93280928]]]}, "geometry_name": "geom", "properties": {"guid": 5496, "id": 5496, "object_no": null, "object_name": null, "layer_type_id": 222, "valid_to": null, "address_no": null, "border_type": "solid", "border_width": 0, "border_color": "#6aa84f", "border_opacity": null, "border_wellknown": "shape://horizline", "fill_type": "color", "fill_color": "#274e13", "fill_opacity": 0.22, "fill_wellknown": null, "fill_shape_color": null, "fill_shape_width": null, "fill_shape_size": null, "fill_img_url": "pattern_url/6388375325a99.jpg", "marker_img_url": null}},{"type": "Feature", "id": "layer_data_map.fid--27e80436_1a098c1eed1_-393", "geometry": {"type": "Polygon", "coordinates": [[[106.87285406, 47.91596549], [106.87484835, 47.91603718], [106.87481773, 47.91643376], [106.87417668, 47.91642926], [106.87418589, 47.91632373], [106.87403269, 47.91631769], [106.87402462, 47.91640648], [106.87280526, 47.91636718], [106.87285406, 47.91596549]]]}, "geometry_name": "geom", "properties": {"guid": 5497, "id": 5497, "object_no": null, "object_name": null, "layer_type_id": 222, "valid_to": null, "address_no": null, "border_type": "solid", "border_width": 0, "border_color": "#6aa84f", "border_opacity": null, "border_wellknown": "shape://horizline", "fill_type": "color", "fill_color": "#274e13", "fill_opacity": 0.22, "fill_wellknown": null, "fill_shape_color": null, "fill_shape_width": null, "fill_shape_size": null, "fill_img_url": "pattern_url/6388375325a99.jpg", "marker_img_url": null}},{"type": "Feature", "id": "layer_data_map.fid--27e80436_1a098c1eed1_-392", "geometry": {"type": "Polygon", "coordinates": [[[106.85898844, 47.91473091], [106.85895404, 47.91503814], [106.85853206, 47.91501123], [106.85857915, 47.91470522], [106.85790491, 47.91466291], [106.85800559, 47.91381731], [106.8586861, 47.9138698], [106.85865539, 47.91406214], [106.8590354, 47.91409045], [106.85898844, 47.91473091]]]}, "geometry_name": "geom", "properties": {"guid": 5498, "id": 5498, "object_no": null, "object_name": null, "layer_type_id": 222, "valid_to": null, "address_no": null, "border_type": "solid", "border_width": 0, "border_color": "#6aa84f", "border_opacity": null, "border_wellknown": "shape://horizline", "fill_type": "color", "fill_color": "#274e13", "fill_opacity": 0.22, "fill_wellknown": null, "fill_shape_color": null, "fill_shape_width": null, "fill_shape_size": null, "fill_img_url": "pattern_url/6388375325a99.jpg", "marker_img_url": null}},{"type": "Feature", "id": "layer_data_map.fid--27e80436_1a098c1eed1_-391", "geometry": {"type": "Polygon", "coordinates": [[[106.87604638, 47.91359613], [106.87602705, 47.91283823], [106.87616104, 47.91283773], [106.87615676, 47.91263306], [106.87647409, 47.91262687], [106.87647825, 47.91219247], [106.87677084, 47.91218445], [106.87672576, 47.91358146], [106.87604638, 47.91359613]]]}, "geometry_name": "geom", "properties": {"guid": 5499, "id": 5499, "object_no": null, "object_name": null, "layer_type_id": 222, "valid_to": null, "address_no": null, "border_type": "solid", "border_width": 0, "border_color": "#6aa84f", "border_opacity": null, "border_wellknown": "shape://horizline", "fill_type": "color", "fill_color": "#274e13", "fill_opacity": 0.22, "fill_wellknown": null, "fill_shape_color": null, "fill_shape_width": null, "fill_shape_size": null, "fill_img_url": "pattern_url/6388375325a99.jpg", "marker_img_url": null}},{"type": "Feature", "id": "layer_data_map.fid--27e80436_1a098c1eed1_-390", "geometry": {"type": "Polygon", "coordinates": [[[106.88967864, 47.92637501], [106.89015806, 47.92652567], [106.8903847, 47.9262134], [106.89094577, 47.92638842], [106.89106781, 47.92620681], [106.89080617, 47.92611504], [106.89096186, 47.92588405], [106.89198064, 47.92618657], [106.8912392, 47.9272428], [106.88945397, 47.92670271], [106.88967864, 47.92637501]]]}, "geometry_name": "geom", "properties": {"guid": 5500, "id": 5500, "object_no": null, "object_name": null, "layer_type_id": 222, "valid_to": null, "address_no": null, "border_type": "solid", "border_width": 0, "border_color": "#6aa84f", "border_opacity": null, "border_wellknown": "shape://horizline", "fill_type": "color", "fill_color": "#274e13", "fill_opacity": 0.22, "fill_wellknown": null, "fill_shape_color": null, "fill_shape_width": null, "fill_shape_size": null, "fill_img_url": "pattern_url/6388375325a99.jpg", "marker_img_url": null}},{"type": "Feature", "id": "layer_data_map.fid--27e80436_1a098c1eed1_-38f", "geometry": {"type": "Polygon", "coordinates": [[[106.87017617, 47.92387468], [106.87019418, 47.92363036], [106.87357868, 47.92375347], [106.87356339, 47.92397004], [106.87229501, 47.92393434], [106.87228812, 47.9239922], [106.87152562, 47.92396584], [106.87153284, 47.92391288], [106.87017617, 47.92387468]]]}, "geometry_name": "geom", "properties": {"guid": 5501, "id": 5501, "object_no": null, "object_name": null, "layer_type_id": 222, "valid_to": null, "address_no": null, "border_type": "solid", "border_width": 0, "border_color": "#6aa84f", "border_opacity": null, "border_wellknown": "shape://horizline", "fill_type": "color", "fill_color": "#274e13", "fill_opacity": 0.22, "fill_wellknown": null, "fill_shape_color": null, "fill_shape_width": null, "fill_shape_size": null, "fill_img_url": "pattern_url/6388375325a99.jpg", "marker_img_url": null}},{"type": "Feature", "id": "layer_data_map.fid--27e80436_1a098c1eed1_-38e", "geometry": {"type": "Polygon", "coordinates": [[[106.89145997, 47.91349318], [106.89141673, 47.91336275], [106.89083209, 47.91345035], [106.89079532, 47.91319025], [106.89079509, 47.91302197], [106.8907835, 47.91269235], [106.89076901, 47.91259507], [106.89077282, 47.91234141], [106.89179922, 47.91234647], [106.89203452, 47.9130367], [106.89340817, 47.91284515], [106.89353104, 47.91319669], [106.89145997, 47.91349318]]]}, "geometry_name": "geom", "properties": {"guid": 5502, "id": 5502, "object_no": null, "object_name": null, "layer_type_id": 222, "valid_to": null, "address_no": null, "border_type": "solid", "border_width": 0, "border_color": "#6aa84f", "border_opacity": null, "border_wellknown": "shape://horizline", "fill_type": "color", "fill_color": "#274e13", "fill_opacity": 0.22, "fill_wellknown": null, "fill_shape_color": null, "fill_shape_width": null, "fill_shape_size": null, "fill_img_url": "pattern_url/6388375325a99.jpg", "marker_img_url": null}},{"type": "Feature", "id": "layer_data_map.fid--27e80436_1a098c1eed1_-38d", "geometry": {"type": "Polygon", "coordinates": [[[106.88377697, 47.92589161], [106.88440676, 47.92608823], [106.88431993, 47.92644745], [106.88379658, 47.92641184], [106.88377816, 47.92652912], [106.88345406, 47.92650249], [106.88350585, 47.92622007], [106.88370203, 47.92624672], [106.88377697, 47.92589161]]]}, "geometry_name": "geom", "properties": {"guid": 5503, "id": 5503, "object_no": null, "object_name": null, "layer_type_id": 222, "valid_to": null, "address_no": null, "border_type": "solid", "border_width": 0, "border_color": "#6aa84f", "border_opacity": null, "border_wellknown": "shape://horizline", "fill_type": "color", "fill_color": "#274e13", "fill_opacity": 0.22, "fill_wellknown": null, "fill_shape_color": null, "fill_shape_width": null, "fill_shape_size": null, "fill_img_url": "pattern_url/6388375325a99.jpg", "marker_img_url": null}},{"type": "Feature", "id": "layer_data_map.fid--27e80436_1a098c1eed1_-38c", "geometry": {"type": "Polygon", "coordinates": [[[106.88384883, 47.92102562], [106.8840022, 47.92012654], [106.88467013, 47.92015293], [106.88455472, 47.92104474], [106.88384883, 47.92102562]]]}, "geometry_name": "geom", "properties": {"guid": 5504, "id": 5504, "object_no": null, "object_name": null, "layer_type_id": 222, "valid_to": null, "address_no": null, "border_type": "solid", "border_width": 0, "border_color": "#6aa84f", "border_opacity": null, "border_wellknown": "shape://horizline", "fill_type": "color", "fill_color": "#274e13", "fill_opacity": 0.22, "fill_wellknown": null, "fill_shape_color": null, "fill_shape_width": null, "fill_shape_size": null, "fill_img_url": "pattern_url/6388375325a99.jpg", "marker_img_url": null}},{"type": "Feature", "id": "layer_data_map.fid--27e80436_1a098c1eed1_-38b", "geometry": {"type": "MultiPolygon", "coordinates": [[[[106.87891745, 47.92103806], [106.87890413, 47.92129074], [106.87758544, 47.92126158], [106.87760335, 47.92101402], [106.87891745, 47.92103806]]], [[[106.87871712, 47.92154256], [106.87964376, 47.92156789], [106.87965428, 47.92183426], [106.87869754, 47.92178275], [106.87871712, 47.92154256]]]]}, "geometry_name": "geom", "properties": {"guid": 5505, "id": 5505, "object_no": null, "object_name": null, "layer_type_id": 222, "valid_to": null, "address_no": null, "border_type": "solid", "border_width": 0, "border_color": "#6aa84f", "border_opacity": null, "border_wellknown": "shape://horizline", "fill_type": "color", "fill_color": "#274e13", "fill_opacity": 0.22, "fill_wellknown": null, "fill_shape_color": null, "fill_shape_width": null, "fill_shape_size": null, "fill_img_url": "pattern_url/6388375325a99.jpg", "marker_img_url": null}},{"type": "Feature", "id": "layer_data_map.fid--27e80436_1a098c1eed1_-38a", "geometry": {"type": "Polygon", "coordinates": [[[106.86550015, 47.91730123], [106.86563625, 47.9164522], [106.86644353, 47.91650108], [106.86632802, 47.91735107], [106.86550015, 47.91730123]]]}, "geometry_name": "geom", "properties": {"guid": 5506, "id": 5506, "object_no": null, "object_name": null, "layer_type_id": 222, "valid_to": null, "address_no": null, "border_type": "solid", "border_width": 0, "border_color": "#6aa84f", "border_opacity": null, "border_wellknown": "shape://horizline", "fill_type": "color", "fill_color": "#274e13", "fill_opacity": 0.22, "fill_wellknown": null, "fill_shape_color": null, "fill_shape_width": null, "fill_shape_size": null, "fill_img_url": "pattern_url/6388375325a99.jpg", "marker_img_url": null}},{"type": "Feature", "id": "layer_data_map.fid--27e80436_1a098c1eed1_-389", "geometry": {"type": "Polygon", "coordinates": [[[106.86208121, 47.91985471], [106.8633433, 47.91990012], [106.86333434, 47.92002828], [106.86299664, 47.92038301], [106.86204481, 47.92036216], [106.86208121, 47.91985471]]]}, "geometry_name": "geom", "properties": {"guid": 5507, "id": 5507, "object_no": null, "object_name": null, "layer_type_id": 222, "valid_to": null, "address_no": null, "border_type": "solid", "border_width": 0, "border_color": "#6aa84f", "border_opacity": null, "border_wellknown": "shape://horizline", "fill_type": "color", "fill_color": "#274e13", "fill_opacity": 0.22, "fill_wellknown": null, "fill_shape_color": null, "fill_shape_width": null, "fill_shape_size": null, "fill_img_url": "pattern_url/6388375325a99.jpg", "marker_img_url": null}},{"type": "Feature", "id": "layer_data_map.fid--27e80436_1a098c1eed1_-388", "geometry": {"type": "Polygon", "coordinates": [[[106.89381007, 47.92233809], [106.89377774, 47.92205889], [106.89619069, 47.92192077], [106.89620889, 47.92224492], [106.89527477, 47.92226987], [106.89449523, 47.92230893], [106.89381007, 47.92233809]]]}, "geometry_name": "geom", "properties": {"guid": 5508, "id": 5508, "object_no": null, "object_name": null, "layer_type_id": 222, "valid_to": null, "address_no": null, "border_type": "solid", "border_width": 0, "border_color": "#6aa84f", "border_opacity": null, "border_wellknown": "shape://horizline", "fill_type": "color", "fill_color": "#274e13", "fill_opacity": 0.22, "fill_wellknown": null, "fill_shape_color": null, "fill_shape_width": null, "fill_shape_size": null, "fill_img_url": "pattern_url/6388375325a99.jpg", "marker_img_url": null}},{"type": "Feature", "id": "layer_data_map.fid--27e80436_1a098c1eed1_-387", "geometry": {"type": "Polygon", "coordinates": [[[106.81259777, 47.91345004], [106.81263375, 47.9130033], [106.81358754, 47.91309402], [106.81348221, 47.91354584], [106.81259777, 47.91345004]]]}, "geometry_name": "geom", "properties": {"guid": 5510, "id": 5510, "object_no": null, "object_name": null, "layer_type_id": 222, "valid_to": null, "address_no": null, "border_type": "solid", "border_width": 0, "border_color": "#6aa84f", "border_opacity": null, "border_wellknown": "shape://horizline", "fill_type": "color", "fill_color": "#274e13", "fill_opacity": 0.22, "fill_wellknown": null, "fill_shape_color": null, "fill_shape_width": null, "fill_shape_size": null, "fill_img_url": "pattern_url/6388375325a99.jpg", "marker_img_url": null}},{"type": "Feature", "id": "layer_data_map.fid--27e80436_1a098c1eed1_-386", "geometry": {"type": "Polygon", "coordinates": [[[106.84706245, 47.91534977], [106.84714958, 47.91481307], [106.84725392, 47.91482167], [106.84725957, 47.91479659], [106.84830304, 47.91487071], [106.84825895, 47.91508337], [106.84835439, 47.91509399], [106.84828983, 47.91544482], [106.84706245, 47.91534977]]]}, "geometry_name": "geom", "properties": {"guid": 5511, "id": 5511, "object_no": null, "object_name": null, "layer_type_id": 222, "valid_to": null, "address_no": null, "border_type": "solid", "border_width": 0, "border_color": "#6aa84f", "border_opacity": null, "border_wellknown": "shape://horizline", "fill_type": "color", "fill_color": "#274e13", "fill_opacity": 0.22, "fill_wellknown": null, "fill_shape_color": null, "fill_shape_width": null, "fill_shape_size": null, "fill_img_url": "pattern_url/6388375325a99.jpg", "marker_img_url": null}},{"type": "Feature", "id": "layer_data_map.fid--27e80436_1a098c1eed1_-385", "geometry": {"type": "Polygon", "coordinates": [[[106.84284551, 47.91568439], [106.8429514, 47.91514413], [106.84458253, 47.91525979], [106.84448558, 47.91577694], [106.84421887, 47.91576021], [106.84423828, 47.91562223], [106.84326724, 47.91554109], [106.84323343, 47.91571671], [106.84284551, 47.91568439]]]}, "geometry_name": "geom", "properties": {"guid": 5512, "id": 5512, "object_no": null, "object_name": null, "layer_type_id": 222, "valid_to": null, "address_no": null, "border_type": "solid", "border_width": 0, "border_color": "#6aa84f", "border_opacity": null, "border_wellknown": "shape://horizline", "fill_type": "color", "fill_color": "#274e13", "fill_opacity": 0.22, "fill_wellknown": null, "fill_shape_color": null, "fill_shape_width": null, "fill_shape_size": null, "fill_img_url": "pattern_url/6388375325a99.jpg", "marker_img_url": null}},{"type": "Feature", "id": "layer_data_map.fid--27e80436_1a098c1eed1_-384", "geometry": {"type": "Polygon", "coordinates": [[[106.83405597, 47.91444816], [106.83421382, 47.91348922], [106.83519117, 47.91357367], [106.83499781, 47.91453705], [106.83405597, 47.91444816]]]}, "geometry_name": "geom", "properties": {"guid": 5513, "id": 5513, "object_no": null, "object_name": null, "layer_type_id": 222, "valid_to": null, "address_no": null, "border_type": "solid", "border_width": 0, "border_color": "#6aa84f", "border_opacity": null, "border_wellknown": "shape://horizline", "fill_type": "color", "fill_color": "#274e13", "fill_opacity": 0.22, "fill_wellknown": null, "fill_shape_color": null, "fill_shape_width": null, "fill_shape_size": null, "fill_img_url": "pattern_url/6388375325a99.jpg", "marker_img_url": null}},{"type": "Feature", "id": "layer_data_map.fid--27e80436_1a098c1eed1_-383", "geometry": {"type": "Polygon", "coordinates": [[[106.84304395, 47.91464388], [106.84311564, 47.91426722], [106.84425777, 47.9143595], [106.84418632, 47.91472828], [106.84304395, 47.91464388]]]}, "geometry_name": "geom", "properties": {"guid": 5514, "id": 5514, "object_no": null, "object_name": null, "layer_type_id": 222, "valid_to": null, "address_no": null, "border_type": "solid", "border_width": 0, "border_color": "#6aa84f", "border_opacity": null, "border_wellknown": "shape://horizline", "fill_type": "color", "fill_color": "#274e13", "fill_opacity": 0.22, "fill_wellknown": null, "fill_shape_color": null, "fill_shape_width": null, "fill_shape_size": null, "fill_img_url": "pattern_url/6388375325a99.jpg", "marker_img_url": null}},{"type": "Feature", "id": "layer_data_map.fid--27e80436_1a098c1eed1_-382", "geometry": {"type": "Polygon", "coordinates": [[[106.84123362, 47.91451902], [106.84130449, 47.91409805], [106.84284298, 47.91420802], [106.84283256, 47.91425648], [106.84289897, 47.91426116], [106.84283334, 47.91464439], [106.84123362, 47.91451902]]]}, "geometry_name": "geom", "properties": {"guid": 5515, "id": 5515, "object_no": null, "object_name": null, "layer_type_id": 222, "valid_to": null, "address_no": null, "border_type": "solid", "border_width": 0, "border_color": "#6aa84f", "border_opacity": null, "border_wellknown": "shape://horizline", "fill_type": "color", "fill_color": "#274e13", "fill_opacity": 0.22, "fill_wellknown": null, "fill_shape_color": null, "fill_shape_width": null, "fill_shape_size": null, "fill_img_url": "pattern_url/6388375325a99.jpg", "marker_img_url": null}},{"type": "Feature", "id": "layer_data_map.fid--27e80436_1a098c1eed1_-381", "geometry": {"type": "Polygon", "coordinates": [[[107.25557708, 47.76737402], [107.25591127, 47.76796979], [107.25531815, 47.76811323], [107.25437315, 47.767625], [107.25557708, 47.76737402]]]}, "geometry_name": "geom", "properties": {"guid": 5516, "id": 5516, "object_no": null, "object_name": null, "layer_type_id": 222, "valid_to": null, "address_no": null, "border_type": "solid", "border_width": 0, "border_color": "#6aa84f", "border_opacity": null, "border_wellknown": "shape://horizline", "fill_type": "color", "fill_color": "#274e13", "fill_opacity": 0.22, "fill_wellknown": null, "fill_shape_color": null, "fill_shape_width": null, "fill_shape_size": null, "fill_img_url": "pattern_url/6388375325a99.jpg", "marker_img_url": null}},{"type": "Feature", "id": "layer_data_map.fid--27e80436_1a098c1eed1_-380", "geometry": {"type": "Polygon", "coordinates": [[[106.84939803, 47.91432089], [106.84909773, 47.91429828], [106.84918435, 47.91376458], [106.85047965, 47.91387912], [106.85095051, 47.91408008], [106.8508874, 47.91446829], [106.85049313, 47.91443065], [106.85054051, 47.91414677], [106.85048978, 47.91414347], [106.85031855, 47.91413067], [106.85013973, 47.91411664], [106.84996802, 47.91410348], [106.84978852, 47.91408956], [106.84961658, 47.91407625], [106.84944323, 47.91406748], [106.84939803, 47.91432089]]]}, "geometry_name": "geom", "properties": {"guid": 5517, "id": 5517, "object_no": null, "object_name": null, "layer_type_id": 222, "valid_to": null, "address_no": null, "border_type": "solid", "border_width": 0, "border_color": "#6aa84f", "border_opacity": null, "border_wellknown": "shape://horizline", "fill_type": "color", "fill_color": "#274e13", "fill_opacity": 0.22, "fill_wellknown": null, "fill_shape_color": null, "fill_shape_width": null, "fill_shape_size": null, "fill_img_url": "pattern_url/6388375325a99.jpg", "marker_img_url": null}},{"type": "Feature", "id": "layer_data_map.fid--27e80436_1a098c1eed1_-37f", "geometry": {"type": "Polygon", "coordinates": [[[106.8321704, 47.91388135], [106.83224513, 47.91352036], [106.83394813, 47.91369442], [106.83381882, 47.91441814], [106.83342772, 47.91438156], [106.83350644, 47.91400656], [106.83234872, 47.91390921], [106.8321704, 47.91388135]]]}, "geometry_name": "geom", "properties": {"guid": 5518, "id": 5518, "object_no": null, "object_name": null, "layer_type_id": 222, "valid_to": null, "address_no": null, "border_type": "solid", "border_width": 0, "border_color": "#6aa84f", "border_opacity": null, "border_wellknown": "shape://horizline", "fill_type": "color", "fill_color": "#274e13", "fill_opacity": 0.22, "fill_wellknown": null, "fill_shape_color": null, "fill_shape_width": null, "fill_shape_size": null, "fill_img_url": "pattern_url/6388375325a99.jpg", "marker_img_url": null}},{"type": "Feature", "id": "layer_data_map.fid--27e80436_1a098c1eed1_-37e", "geometry": {"type": "Polygon", "coordinates": [[[106.85129066, 47.9151339], [106.85138386, 47.91457399], [106.85330487, 47.91470741], [106.85317279, 47.91537894], [106.85267834, 47.91534177], [106.85273101, 47.91492075], [106.85160625, 47.91483987], [106.8515551, 47.91515303], [106.85129066, 47.9151339]]]}, "geometry_name": "geom", "properties": {"guid": 5519, "id": 5519, "object_no": null, "object_name": null, "layer_type_id": 222, "valid_to": null, "address_no": null, "border_type": "solid", "border_width": 0, "border_color": "#6aa84f", "border_opacity": null, "border_wellknown": "shape://horizline", "fill_type": "color", "fill_color": "#274e13", "fill_opacity": 0.22, "fill_wellknown": null, "fill_shape_color": null, "fill_shape_width": null, "fill_shape_size": null, "fill_img_url": "pattern_url/6388375325a99.jpg", "marker_img_url": null}},{"type": "Feature", "id": "layer_data_map.fid--27e80436_1a098c1eed1_-37d", "geometry": {"type": "Polygon", "coordinates": [[[106.90969883, 47.90300271], [106.90915984, 47.90167087], [106.90994963, 47.90150537], [106.91001519, 47.90163793], [106.91011253, 47.90160946], [106.91038114, 47.90225101], [106.91033943, 47.90316537], [106.91009623, 47.9031808], [106.91003882, 47.90308201], [106.90995327, 47.90303011], [106.90969883, 47.90300271]]]}, "geometry_name": "geom", "properties": {"guid": 5520, "id": 5520, "object_no": null, "object_name": null, "layer_type_id": 222, "valid_to": null, "address_no": null, "border_type": "solid", "border_width": 0, "border_color": "#6aa84f", "border_opacity": null, "border_wellknown": "shape://horizline", "fill_type": "color", "fill_color": "#274e13", "fill_opacity": 0.22, "fill_wellknown": null, "fill_shape_color": null, "fill_shape_width": null, "fill_shape_size": null, "fill_img_url": "pattern_url/6388375325a99.jpg", "marker_img_url": null}},{"type": "Feature", "id": "layer_data_map.fid--27e80436_1a098c1eed1_-37c", "geometry": {"type": "Polygon", "coordinates": [[[106.91291223, 47.90141132], [106.91325021, 47.90139458], [106.91460332, 47.90048159], [106.91541051, 47.90124899], [106.91480499, 47.9017257], [106.91483003, 47.90202049], [106.91514058, 47.90237717], [106.91547945, 47.90273338], [106.91585446, 47.90291758], [106.91635614, 47.90308062], [106.91697923, 47.90307974], [106.91754709, 47.90283314], [106.91753816, 47.90358641], [106.91623106, 47.90353691], [106.91623112, 47.90404068], [106.9142285, 47.90402798], [106.91389898, 47.90364858], [106.91323158, 47.90355978], [106.91291223, 47.90141132]]]}, "geometry_name": "geom", "properties": {"guid": 5521, "id": 5521, "object_no": null, "object_name": null, "layer_type_id": 222, "valid_to": null, "address_no": null, "border_type": "solid", "border_width": 0, "border_color": "#6aa84f", "border_opacity": null, "border_wellknown": "shape://horizline", "fill_type": "color", "fill_color": "#274e13", "fill_opacity": 0.22, "fill_wellknown": null, "fill_shape_color": null, "fill_shape_width": null, "fill_shape_size": null, "fill_img_url": "pattern_url/6388375325a99.jpg", "marker_img_url": null}},{"type": "Feature", "id": "layer_data_map.fid--27e80436_1a098c1eed1_-37b", "geometry": {"type": "Polygon", "coordinates": [[[106.90218646, 47.90038615], [106.90219872, 47.90002648], [106.9032583, 47.90003631], [106.90324356, 47.90041003], [106.90218646, 47.90038615]]]}, "geometry_name": "geom", "properties": {"guid": 5522, "id": 5522, "object_no": null, "object_name": null, "layer_type_id": 222, "valid_to": null, "address_no": null, "border_type": "solid", "border_width": 0, "border_color": "#6aa84f", "border_opacity": null, "border_wellknown": "shape://horizline", "fill_type": "color", "fill_color": "#274e13", "fill_opacity": 0.22, "fill_wellknown": null, "fill_shape_color": null, "fill_shape_width": null, "fill_shape_size": null, "fill_img_url": "pattern_url/6388375325a99.jpg", "marker_img_url": null}},{"type": "Feature", "id": "layer_data_map.fid--27e80436_1a098c1eed1_-37a", "geometry": {"type": "Polygon", "coordinates": [[[106.88285104, 47.89697215], [106.88409761, 47.8961923], [106.88464255, 47.89641807], [106.88485084, 47.89649617], [106.88378019, 47.89744748], [106.88285104, 47.89697215]]]}, "geometry_name": "geom", "properties": {"guid": 5523, "id": 5523, "object_no": null, "object_name": null, "layer_type_id": 222, "valid_to": null, "address_no": null, "border_type": "solid", "border_width": 0, "border_color": "#6aa84f", "border_opacity": null, "border_wellknown": "shape://horizline", "fill_type": "color", "fill_color": "#274e13", "fill_opacity": 0.22, "fill_wellknown": null, "fill_shape_color": null, "fill_shape_width": null, "fill_shape_size": null, "fill_img_url": "pattern_url/6388375325a99.jpg", "marker_img_url": null}},{"type": "Feature", "id": "layer_data_map.fid--27e80436_1a098c1eed1_-379", "geometry": {"type": "Polygon", "coordinates": [[[106.9114565, 47.88736203], [106.91155429, 47.88593479], [106.91176917, 47.88593038], [106.91178506, 47.88575742], [106.91303816, 47.8857902], [106.91326142, 47.88666258], [106.91279006, 47.88674185], [106.91257514, 47.88686447], [106.91237026, 47.88706786], [106.91227891, 47.887251], [106.9114565, 47.88736203]]]}, "geometry_name": "geom", "properties": {"guid": 5524, "id": 5524, "object_no": null, "object_name": null, "layer_type_id": 222, "valid_to": null, "address_no": null, "border_type": "solid", "border_width": 0, "border_color": "#6aa84f", "border_opacity": null, "border_wellknown": "shape://horizline", "fill_type": "color", "fill_color": "#274e13", "fill_opacity": 0.22, "fill_wellknown": null, "fill_shape_color": null, "fill_shape_width": null, "fill_shape_size": null, "fill_img_url": "pattern_url/6388375325a99.jpg", "marker_img_url": null}},{"type": "Feature", "id": "layer_data_map.fid--27e80436_1a098c1eed1_-378", "geometry": {"type": "Polygon", "coordinates": [[[106.90585863, 47.90169399], [106.90587639, 47.90126498], [106.90714456, 47.90129613], [106.90725427, 47.90136093], [106.90749268, 47.90188956], [106.90710014, 47.90188442], [106.90710145, 47.90184291], [106.90639947, 47.90183975], [106.90640769, 47.90171207], [106.90585863, 47.90169399]]]}, "geometry_name": "geom", "properties": {"guid": 5525, "id": 5525, "object_no": null, "object_name": null, "layer_type_id": 222, "valid_to": null, "address_no": null, "border_type": "solid", "border_width": 0, "border_color": "#6aa84f", "border_opacity": null, "border_wellknown": "shape://horizline", "fill_type": "color", "fill_color": "#274e13", "fill_opacity": 0.22, "fill_wellknown": null, "fill_shape_color": null, "fill_shape_width": null, "fill_shape_size": null, "fill_img_url": "pattern_url/6388375325a99.jpg", "marker_img_url": null}},{"type": "Feature", "id": "layer_data_map.fid--27e80436_1a098c1eed1_-377", "geometry": {"type": "Polygon", "coordinates": [[[106.89450395, 47.90069816], [106.89452614, 47.90036407], [106.89519782, 47.90037905], [106.89520546, 47.90050995], [106.89537804, 47.90051321], [106.89539393, 47.90040196], [106.8956637, 47.90040608], [106.89564646, 47.90072113], [106.89450395, 47.90069816]]]}, "geometry_name": "geom", "properties": {"guid": 5526, "id": 5526, "object_no": null, "object_name": null, "layer_type_id": 222, "valid_to": null, "address_no": null, "border_type": "solid", "border_width": 0, "border_color": "#6aa84f", "border_opacity": null, "border_wellknown": "shape://horizline", "fill_type": "color", "fill_color": "#274e13", "fill_opacity": 0.22, "fill_wellknown": null, "fill_shape_color": null, "fill_shape_width": null, "fill_shape_size": null, "fill_img_url": "pattern_url/6388375325a99.jpg", "marker_img_url": null}},{"type": "Feature", "id": "layer_data_map.fid--27e80436_1a098c1eed1_-376", "geometry": {"type": "Polygon", "coordinates": [[[106.92546009, 47.90082303], [106.92550352, 47.89983586], [106.92896375, 47.89989461], [106.92891474, 47.90066832], [106.92852935, 47.90126659], [106.92773933, 47.90089527], [106.92546009, 47.90082303]]]}, "geometry_name": "geom", "properties": {"guid": 5527, "id": 5527, "object_no": null, "object_name": null, "layer_type_id": 222, "valid_to": null, "address_no": null, "border_type": "solid", "border_width": 0, "border_color": "#6aa84f", "border_opacity": null, "border_wellknown": "shape://horizline", "fill_type": "color", "fill_color": "#274e13", "fill_opacity": 0.22, "fill_wellknown": null, "fill_shape_color": null, "fill_shape_width": null, "fill_shape_size": null, "fill_img_url": "pattern_url/6388375325a99.jpg", "marker_img_url": null}},{"type": "Feature", "id": "layer_data_map.fid--27e80436_1a098c1eed1_-375", "geometry": {"type": "Polygon", "coordinates": [[[106.90619799, 47.89608297], [106.90629499, 47.89436989], [106.90834964, 47.89441214], [106.90826451, 47.8951245], [106.90723735, 47.89509971], [106.90715463, 47.89609998], [106.90619799, 47.89608297]]]}, "geometry_name": "geom", "properties": {"guid": 5528, "id": 5528, "object_no": null, "object_name": null, "layer_type_id": 222, "valid_to": null, "address_no": null, "border_type": "solid", "border_width": 0, "border_color": "#6aa84f", "border_opacity": null, "border_wellknown": "shape://horizline", "fill_type": "color", "fill_color": "#274e13", "fill_opacity": 0.22, "fill_wellknown": null, "fill_shape_color": null, "fill_shape_width": null, "fill_shape_size": null, "fill_img_url": "pattern_url/6388375325a99.jpg", "marker_img_url": null}},{"type": "Feature", "id": "layer_data_map.fid--27e80436_1a098c1eed1_-374", "geometry": {"type": "Polygon", "coordinates": [[[106.91347201, 47.89631228], [106.91354488, 47.89587878], [106.91716567, 47.89602847], [106.91712523, 47.89645448], [106.91347201, 47.89631228]]]}, "geometry_name": "geom", "properties": {"guid": 5529, "id": 5529, "object_no": null, "object_name": null, "layer_type_id": 222, "valid_to": null, "address_no": null, "border_type": "solid", "border_width": 0, "border_color": "#6aa84f", "border_opacity": null, "border_wellknown": "shape://horizline", "fill_type": "color", "fill_color": "#274e13", "fill_opacity": 0.22, "fill_wellknown": null, "fill_shape_color": null, "fill_shape_width": null, "fill_shape_size": null, "fill_img_url": "pattern_url/6388375325a99.jpg", "marker_img_url": null}},{"type": "Feature", "id": "layer_data_map.fid--27e80436_1a098c1eed1_-373", "geometry": {"type": "Polygon", "coordinates": [[[106.8457825, 47.87495436], [106.84678726, 47.87345583], [106.84753395, 47.87368188], [106.84663899, 47.87521161], [106.8457825, 47.87495436]]]}, "geometry_name": "geom", "properties": {"guid": 5530, "id": 5530, "object_no": null, "object_name": null, "layer_type_id": 222, "valid_to": null, "address_no": null, "border_type": "solid", "border_width": 0, "border_color": "#6aa84f", "border_opacity": null, "border_wellknown": "shape://horizline", "fill_type": "color", "fill_color": "#274e13", "fill_opacity": 0.22, "fill_wellknown": null, "fill_shape_color": null, "fill_shape_width": null, "fill_shape_size": null, "fill_img_url": "pattern_url/6388375325a99.jpg", "marker_img_url": null}},{"type": "Feature", "id": "layer_data_map.fid--27e80436_1a098c1eed1_-372", "geometry": {"type": "Polygon", "coordinates": [[[106.89777575, 47.89344122], [106.89774976, 47.89300122], [106.8988207, 47.89297637], [106.89883688, 47.89341891], [106.89777575, 47.89344122]]]}, "geometry_name": "geom", "properties": {"guid": 5531, "id": 5531, "object_no": null, "object_name": null, "layer_type_id": 222, "valid_to": null, "address_no": null, "border_type": "solid", "border_width": 0, "border_color": "#6aa84f", "border_opacity": null, "border_wellknown": "shape://horizline", "fill_type": "color", "fill_color": "#274e13", "fill_opacity": 0.22, "fill_wellknown": null, "fill_shape_color": null, "fill_shape_width": null, "fill_shape_size": null, "fill_img_url": "pattern_url/6388375325a99.jpg", "marker_img_url": null}},{"type": "Feature", "id": "layer_data_map.fid--27e80436_1a098c1eed1_-371", "geometry": {"type": "Polygon", "coordinates": [[[106.93222169, 47.92321034], [106.93212147, 47.92304969], [106.93201776, 47.92248793], [106.93204248, 47.92118343], [106.93303073, 47.92125237], [106.93295913, 47.92157688], [106.93269386, 47.92181192], [106.93254828, 47.92195874], [106.93253654, 47.92203014], [106.93281208, 47.92246384], [106.9327175, 47.92326097], [106.93222169, 47.92321034]]]}, "geometry_name": "geom", "properties": {"guid": 5532, "id": 5532, "object_no": null, "object_name": null, "layer_type_id": 222, "valid_to": null, "address_no": null, "border_type": "solid", "border_width": 0, "border_color": "#6aa84f", "border_opacity": null, "border_wellknown": "shape://horizline", "fill_type": "color", "fill_color": "#274e13", "fill_opacity": 0.22, "fill_wellknown": null, "fill_shape_color": null, "fill_shape_width": null, "fill_shape_size": null, "fill_img_url": "pattern_url/6388375325a99.jpg", "marker_img_url": null}},{"type": "Feature", "id": "layer_data_map.fid--27e80436_1a098c1eed1_-370", "geometry": {"type": "Polygon", "coordinates": [[[106.93520541, 47.9285093], [106.93498116, 47.92857498], [106.93481602, 47.92863482], [106.93427448, 47.92862867], [106.93427471, 47.92834405], [106.93460325, 47.92835162], [106.93460393, 47.92824328], [106.93499565, 47.9282525], [106.93500426, 47.92806078], [106.93495482, 47.92806068], [106.93436771, 47.92805304], [106.93439202, 47.92735767], [106.93524266, 47.9273719], [106.93523651, 47.92806121], [106.93520541, 47.9285093]]]}, "geometry_name": "geom", "properties": {"guid": 5533, "id": 5533, "object_no": null, "object_name": null, "layer_type_id": 222, "valid_to": null, "address_no": null, "border_type": "solid", "border_width": 0, "border_color": "#6aa84f", "border_opacity": null, "border_wellknown": "shape://horizline", "fill_type": "color", "fill_color": "#274e13", "fill_opacity": 0.22, "fill_wellknown": null, "fill_shape_color": null, "fill_shape_width": null, "fill_shape_size": null, "fill_img_url": "pattern_url/6388375325a99.jpg", "marker_img_url": null}},{"type": "Feature", "id": "layer_data_map.fid--27e80436_1a098c1eed1_-36f", "geometry": {"type": "Polygon", "coordinates": [[[106.94557297, 47.92399743], [106.94541854, 47.92324528], [106.94550358, 47.92309533], [106.94561145, 47.92304671], [106.94569377, 47.92303484], [106.94590063, 47.92301477], [106.94606958, 47.92395894], [106.94557297, 47.92399743]]]}, "geometry_name": "geom", "properties": {"guid": 5534, "id": 5534, "object_no": null, "object_name": null, "layer_type_id": 222, "valid_to": null, "address_no": null, "border_type": "solid", "border_width": 0, "border_color": "#6aa84f", "border_opacity": null, "border_wellknown": "shape://horizline", "fill_type": "color", "fill_color": "#274e13", "fill_opacity": 0.22, "fill_wellknown": null, "fill_shape_color": null, "fill_shape_width": null, "fill_shape_size": null, "fill_img_url": "pattern_url/6388375325a99.jpg", "marker_img_url": null}},{"type": "Feature", "id": "layer_data_map.fid--27e80436_1a098c1eed1_-36e", "geometry": {"type": "Polygon", "coordinates": [[[106.96975406, 47.91681381], [106.96970396, 47.91648753], [106.97125976, 47.91635843], [106.97130809, 47.91669504], [106.96975406, 47.91681381]]]}, "geometry_name": "geom", "properties": {"guid": 5535, "id": 5535, "object_no": null, "object_name": null, "layer_type_id": 222, "valid_to": null, "address_no": null, "border_type": "solid", "border_width": 0, "border_color": "#6aa84f", "border_opacity": null, "border_wellknown": "shape://horizline", "fill_type": "color", "fill_color": "#274e13", "fill_opacity": 0.22, "fill_wellknown": null, "fill_shape_color": null, "fill_shape_width": null, "fill_shape_size": null, "fill_img_url": "pattern_url/6388375325a99.jpg", "marker_img_url": null}},{"type": "Feature", "id": "layer_data_map.fid--27e80436_1a098c1eed1_-36d", "geometry": {"type": "Polygon", "coordinates": [[[106.97590686, 47.91702852], [106.97662798, 47.91646712], [106.97787965, 47.91710601], [106.97709609, 47.9177066], [106.97590686, 47.91702852]]]}, "geometry_name": "geom", "properties": {"guid": 5536, "id": 5536, "object_no": null, "object_name": null, "layer_type_id": 222, "valid_to": null, "address_no": null, "border_type": "solid", "border_width": 0, "border_color": "#6aa84f", "border_opacity": null, "border_wellknown": "shape://horizline", "fill_type": "color", "fill_color": "#274e13", "fill_opacity": 0.22, "fill_wellknown": null, "fill_shape_color": null, "fill_shape_width": null, "fill_shape_size": null, "fill_img_url": "pattern_url/6388375325a99.jpg", "marker_img_url": null}},{"type": "Feature", "id": "layer_data_map.fid--27e80436_1a098c1eed1_-36c", "geometry": {"type": "Polygon", "coordinates": [[[106.98591798, 47.92255448], [106.98599991, 47.9217757], [106.98604321, 47.92156519], [106.98619959, 47.92148721], [106.98630676, 47.92147347], [106.98714266, 47.92153193], [106.98695383, 47.92289066], [106.98613191, 47.92283922], [106.98604336, 47.92276763], [106.98601411, 47.92263269], [106.98594605, 47.92261552], [106.98591798, 47.92255448]]]}, "geometry_name": "geom", "properties": {"guid": 5537, "id": 5537, "object_no": null, "object_name": null, "layer_type_id": 222, "valid_to": null, "address_no": null, "border_type": "solid", "border_width": 0, "border_color": "#6aa84f", "border_opacity": null, "border_wellknown": "shape://horizline", "fill_type": "color", "fill_color": "#274e13", "fill_opacity": 0.22, "fill_wellknown": null, "fill_shape_color": null, "fill_shape_width": null, "fill_shape_size": null, "fill_img_url": "pattern_url/6388375325a99.jpg", "marker_img_url": null}},{"type": "Feature", "id": "layer_data_map.fid--27e80436_1a098c1eed1_-36b", "geometry": {"type": "Polygon", "coordinates": [[[106.94658998, 47.90894883], [106.94658443, 47.90866408], [106.94561427, 47.90866072], [106.9455865, 47.90817653], [106.95018734, 47.90810668], [106.95123147, 47.90809357], [106.95108144, 47.90905573], [106.95105914, 47.90963961], [106.95115712, 47.91089093], [106.95079624, 47.91088799], [106.95079041, 47.91097057], [106.95020657, 47.91097989], [106.95005567, 47.90885877], [106.94658998, 47.90894883]]]}, "geometry_name": "geom", "properties": {"guid": 5538, "id": 5538, "object_no": null, "object_name": null, "layer_type_id": 222, "valid_to": null, "address_no": null, "border_type": "solid", "border_width": 0, "border_color": "#6aa84f", "border_opacity": null, "border_wellknown": "shape://horizline", "fill_type": "color", "fill_color": "#274e13", "fill_opacity": 0.22, "fill_wellknown": null, "fill_shape_color": null, "fill_shape_width": null, "fill_shape_size": null, "fill_img_url": "pattern_url/6388375325a99.jpg", "marker_img_url": null}},{"type": "Feature", "id": "layer_data_map.fid--27e80436_1a098c1eed1_-36a", "geometry": {"type": "Polygon", "coordinates": [[[106.94215474, 47.91463161], [106.94213138, 47.91387195], [106.94332758, 47.91385156], [106.94334695, 47.91461271], [106.94215474, 47.91463161]]]}, "geometry_name": "geom", "properties": {"guid": 5539, "id": 5539, "object_no": null, "object_name": null, "layer_type_id": 222, "valid_to": null, "address_no": null, "border_type": "solid", "border_width": 0, "border_color": "#6aa84f", "border_opacity": null, "border_wellknown": "shape://horizline", "fill_type": "color", "fill_color": "#274e13", "fill_opacity": 0.22, "fill_wellknown": null, "fill_shape_color": null, "fill_shape_width": null, "fill_shape_size": null, "fill_img_url": "pattern_url/6388375325a99.jpg", "marker_img_url": null}},{"type": "Feature", "id": "layer_data_map.fid--27e80436_1a098c1eed1_-369", "geometry": {"type": "Polygon", "coordinates": [[[106.93839365, 47.91052005], [106.93928565, 47.91052393], [106.93928091, 47.9108785], [106.9383826, 47.91088232], [106.93839365, 47.91052005]]]}, "geometry_name": "geom", "properties": {"guid": 5540, "id": 5540, "object_no": null, "object_name": null, "layer_type_id": 222, "valid_to": null, "address_no": null, "border_type": "solid", "border_width": 0, "border_color": "#6aa84f", "border_opacity": null, "border_wellknown": "shape://horizline", "fill_type": "color", "fill_color": "#274e13", "fill_opacity": 0.22, "fill_wellknown": null, "fill_shape_color": null, "fill_shape_width": null, "fill_shape_size": null, "fill_img_url": "pattern_url/6388375325a99.jpg", "marker_img_url": null}},{"type": "Feature", "id": "layer_data_map.fid--27e80436_1a098c1eed1_-368", "geometry": {"type": "Polygon", "coordinates": [[[106.93184493, 47.91724891], [106.93224041, 47.91726622], [106.93222496, 47.91730703], [106.93233975, 47.91732563], [106.9323546, 47.91728334], [106.9327597, 47.917309], [106.93272868, 47.91754886], [106.93183643, 47.91750674], [106.93184493, 47.91724891]]]}, "geometry_name": "geom", "properties": {"guid": 5541, "id": 5541, "object_no": null, "object_name": null, "layer_type_id": 222, "valid_to": null, "address_no": null, "border_type": "solid", "border_width": 0, "border_color": "#6aa84f", "border_opacity": null, "border_wellknown": "shape://horizline", "fill_type": "color", "fill_color": "#274e13", "fill_opacity": 0.22, "fill_wellknown": null, "fill_shape_color": null, "fill_shape_width": null, "fill_shape_size": null, "fill_img_url": "pattern_url/6388375325a99.jpg", "marker_img_url": null}},{"type": "Feature", "id": "layer_data_map.fid--27e80436_1a098c1eed1_-367", "geometry": {"type": "Polygon", "coordinates": [[[106.9381127, 47.92072705], [106.93826172, 47.91957124], [106.93686758, 47.91949097], [106.9368988, 47.91925246], [106.93849377, 47.91934521], [106.93881973, 47.91949135], [106.93868534, 47.92044399], [106.93911595, 47.92047575], [106.93906199, 47.92079133], [106.9381127, 47.92072705]]]}, "geometry_name": "geom", "properties": {"guid": 5542, "id": 5542, "object_no": null, "object_name": null, "layer_type_id": 222, "valid_to": null, "address_no": null, "border_type": "solid", "border_width": 0, "border_color": "#6aa84f", "border_opacity": null, "border_wellknown": "shape://horizline", "fill_type": "color", "fill_color": "#274e13", "fill_opacity": 0.22, "fill_wellknown": null, "fill_shape_color": null, "fill_shape_width": null, "fill_shape_size": null, "fill_img_url": "pattern_url/6388375325a99.jpg", "marker_img_url": null}},{"type": "Feature", "id": "layer_data_map.fid--27e80436_1a098c1eed1_-366", "geometry": {"type": "Polygon", "coordinates": [[[106.9370847, 47.91656458], [106.93711665, 47.91631229], [106.93755751, 47.91633264], [106.93764373, 47.91568645], [106.93860136, 47.91573069], [106.93853266, 47.91648176], [106.9381374, 47.91646858], [106.93811886, 47.91662109], [106.9370847, 47.91656458]]]}, "geometry_name": "geom", "properties": {"guid": 5543, "id": 5543, "object_no": null, "object_name": null, "layer_type_id": 222, "valid_to": null, "address_no": null, "border_type": "solid", "border_width": 0, "border_color": "#6aa84f", "border_opacity": null, "border_wellknown": "shape://horizline", "fill_type": "color", "fill_color": "#274e13", "fill_opacity": 0.22, "fill_wellknown": null, "fill_shape_color": null, "fill_shape_width": null, "fill_shape_size": null, "fill_img_url": "pattern_url/6388375325a99.jpg", "marker_img_url": null}},{"type": "Feature", "id": "layer_data_map.fid--27e80436_1a098c1eed1_-365", "geometry": {"type": "Polygon", "coordinates": [[[106.93789023, 47.91823536], [106.93791086, 47.9180989], [106.93846882, 47.9181295], [106.93846591, 47.9182655], [106.93874489, 47.91828085], [106.93875073, 47.91814569], [106.9393113, 47.91817641], [106.93927301, 47.91840324], [106.93894514, 47.91838484], [106.93891846, 47.91865961], [106.93743051, 47.91857045], [106.93744808, 47.91843054], [106.93787078, 47.91845123], [106.93789023, 47.91823536]]]}, "geometry_name": "geom", "properties": {"guid": 5544, "id": 5544, "object_no": null, "object_name": null, "layer_type_id": 222, "valid_to": null, "address_no": null, "border_type": "solid", "border_width": 0, "border_color": "#6aa84f", "border_opacity": null, "border_wellknown": "shape://horizline", "fill_type": "color", "fill_color": "#274e13", "fill_opacity": 0.22, "fill_wellknown": null, "fill_shape_color": null, "fill_shape_width": null, "fill_shape_size": null, "fill_img_url": "pattern_url/6388375325a99.jpg", "marker_img_url": null}},{"type": "Feature", "id": "layer_data_map.fid--27e80436_1a098c1eed1_-364", "geometry": {"type": "Polygon", "coordinates": [[[106.9656152, 47.92030928], [106.96562171, 47.92080732], [106.96540701, 47.92081092], [106.96539918, 47.92020291], [106.96643085, 47.92020395], [106.96644312, 47.92052767], [106.96670532, 47.92052317], [106.96671181, 47.92064721], [106.96585709, 47.92066368], [106.96584085, 47.92031269], [106.9656152, 47.92030928]]]}, "geometry_name": "geom", "properties": {"guid": 5545, "id": 5545, "object_no": null, "object_name": null, "layer_type_id": 222, "valid_to": null, "address_no": null, "border_type": "solid", "border_width": 0, "border_color": "#6aa84f", "border_opacity": null, "border_wellknown": "shape://horizline", "fill_type": "color", "fill_color": "#274e13", "fill_opacity": 0.22, "fill_wellknown": null, "fill_shape_color": null, "fill_shape_width": null, "fill_shape_size": null, "fill_img_url": "pattern_url/6388375325a99.jpg", "marker_img_url": null}},{"type": "Feature", "id": "layer_data_map.fid--27e80436_1a098c1eed1_-363", "geometry": {"type": "Polygon", "coordinates": [[[106.94287773, 47.92782339], [106.94304525, 47.9277638], [106.94329897, 47.92782521], [106.94336385, 47.92771341], [106.94413035, 47.92791631], [106.94382572, 47.92861342], [106.94287773, 47.92782339]]]}, "geometry_name": "geom", "properties": {"guid": 5546, "id": 5546, "object_no": null, "object_name": null, "layer_type_id": 222, "valid_to": null, "address_no": null, "border_type": "solid", "border_width": 0, "border_color": "#6aa84f", "border_opacity": null, "border_wellknown": "shape://horizline", "fill_type": "color", "fill_color": "#274e13", "fill_opacity": 0.22, "fill_wellknown": null, "fill_shape_color": null, "fill_shape_width": null, "fill_shape_size": null, "fill_img_url": "pattern_url/6388375325a99.jpg", "marker_img_url": null}},{"type": "Feature", "id": "layer_data_map.fid--27e80436_1a098c1eed1_-362", "geometry": {"type": "Polygon", "coordinates": [[[106.96282251, 47.92103238], [106.96215705, 47.92104895], [106.96149129, 47.92106869], [106.96142357, 47.9210707], [106.96138984, 47.92082262], [106.96210992, 47.92076192], [106.9620509, 47.92040253], [106.96111759, 47.92047127], [106.96043353, 47.92052806], [106.96040207, 47.92033412], [106.96126832, 47.9202859], [106.96202014, 47.92021521], [106.96201319, 47.92017286], [106.96248549, 47.92014691], [106.96255387, 47.92060574], [106.96266309, 47.92077766], [106.96278074, 47.92077193], [106.96282251, 47.92103238]]]}, "geometry_name": "geom", "properties": {"guid": 5547, "id": 5547, "object_no": null, "object_name": null, "layer_type_id": 222, "valid_to": null, "address_no": null, "border_type": "solid", "border_width": 0, "border_color": "#6aa84f", "border_opacity": null, "border_wellknown": "shape://horizline", "fill_type": "color", "fill_color": "#274e13", "fill_opacity": 0.22, "fill_wellknown": null, "fill_shape_color": null, "fill_shape_width": null, "fill_shape_size": null, "fill_img_url": "pattern_url/6388375325a99.jpg", "marker_img_url": null}},{"type": "Feature", "id": "layer_data_map.fid--27e80436_1a098c1eed1_-361", "geometry": {"type": "Polygon", "coordinates": [[[106.9421566, 47.90196417], [106.94293878, 47.90062629], [106.94279013, 47.90043835], [106.94281572, 47.90017604], [106.94312791, 47.90000411], [106.94353545, 47.90001506], [106.94379002, 47.90019526], [106.94376644, 47.9005111], [106.94362187, 47.90066829], [106.94326211, 47.90075176], [106.94245331, 47.90208077], [106.9435402, 47.90262389], [106.94335183, 47.90293471], [106.940853, 47.90226923], [106.94101084, 47.90192585], [106.9421566, 47.90196417]]]}, "geometry_name": "geom", "properties": {"guid": 5548, "id": 5548, "object_no": null, "object_name": null, "layer_type_id": 222, "valid_to": null, "address_no": null, "border_type": "solid", "border_width": 0, "border_color": "#6aa84f", "border_opacity": null, "border_wellknown": "shape://horizline", "fill_type": "color", "fill_color": "#274e13", "fill_opacity": 0.22, "fill_wellknown": null, "fill_shape_color": null, "fill_shape_width": null, "fill_shape_size": null, "fill_img_url": "pattern_url/6388375325a99.jpg", "marker_img_url": null}},{"type": "Feature", "id": "layer_data_map.fid--27e80436_1a098c1eed1_-360", "geometry": {"type": "Polygon", "coordinates": [[[107.49159377, 47.35137378], [107.49269104, 47.35042133], [107.49331503, 47.3507268], [107.49219744, 47.35169398], [107.49159377, 47.35137378]]]}, "geometry_name": "geom", "properties": {"guid": 5549, "id": 5549, "object_no": null, "object_name": null, "layer_type_id": 222, "valid_to": null, "address_no": null, "border_type": "solid", "border_width": 0, "border_color": "#6aa84f", "border_opacity": null, "border_wellknown": "shape://horizline", "fill_type": "color", "fill_color": "#274e13", "fill_opacity": 0.22, "fill_wellknown": null, "fill_shape_color": null, "fill_shape_width": null, "fill_shape_size": null, "fill_img_url": "pattern_url/6388375325a99.jpg", "marker_img_url": null}},{"type": "Feature", "id": "layer_data_map.fid--27e80436_1a098c1eed1_-35f", "geometry": {"type": "Polygon", "coordinates": [[[107.48402249, 47.35355705], [107.48387115, 47.35348902], [107.48426589, 47.35314462], [107.48402826, 47.35304297], [107.48366444, 47.35339338], [107.48337785, 47.35325912], [107.48413163, 47.35252372], [107.48480255, 47.35285917], [107.48402249, 47.35355705]]]}, "geometry_name": "geom", "properties": {"guid": 5550, "id": 5550, "object_no": null, "object_name": null, "layer_type_id": 222, "valid_to": null, "address_no": null, "border_type": "solid", "border_width": 0, "border_color": "#6aa84f", "border_opacity": null, "border_wellknown": "shape://horizline", "fill_type": "color", "fill_color": "#274e13", "fill_opacity": 0.22, "fill_wellknown": null, "fill_shape_color": null, "fill_shape_width": null, "fill_shape_size": null, "fill_img_url": "pattern_url/6388375325a99.jpg", "marker_img_url": null}},{"type": "Feature", "id": "layer_data_map.fid--27e80436_1a098c1eed1_-35e", "geometry": {"type": "Polygon", "coordinates": [[[107.43361393, 47.35050125], [107.43371824, 47.35000995], [107.43444228, 47.35007196], [107.43433292, 47.35057267], [107.43361393, 47.35050125]]]}, "geometry_name": "geom", "properties": {"guid": 5551, "id": 5551, "object_no": null, "object_name": null, "layer_type_id": 222, "valid_to": null, "address_no": null, "border_type": "solid", "border_width": 0, "border_color": "#6aa84f", "border_opacity": null, "border_wellknown": "shape://horizline", "fill_type": "color", "fill_color": "#274e13", "fill_opacity": 0.22, "fill_wellknown": null, "fill_shape_color": null, "fill_shape_width": null, "fill_shape_size": null, "fill_img_url": "pattern_url/6388375325a99.jpg", "marker_img_url": null}},{"type": "Feature", "id": "layer_data_map.fid--27e80436_1a098c1eed1_-35d", "geometry": {"type": "Polygon", "coordinates": [[[108.36676912, 47.78462858], [108.3659058, 47.78459094], [108.36574618, 47.78446505], [108.36590385, 47.78317587], [108.36680431, 47.78322926], [108.36757239, 47.78278789], [108.36822587, 47.78324368], [108.36883666, 47.78367549], [108.36878091, 47.78370658], [108.36881017, 47.78372699], [108.3682099, 47.78411287], [108.3681223, 47.78410827], [108.36756276, 47.78407887], [108.36702151, 47.78405002], [108.36682602, 47.78403834], [108.36676912, 47.78462858]]]}, "geometry_name": "geom", "properties": {"guid": 5552, "id": 5552, "object_no": null, "object_name": null, "layer_type_id": 222, "valid_to": null, "address_no": null, "border_type": "solid", "border_width": 0, "border_color": "#6aa84f", "border_opacity": null, "border_wellknown": "shape://horizline", "fill_type": "color", "fill_color": "#274e13", "fill_opacity": 0.22, "fill_wellknown": null, "fill_shape_color": null, "fill_shape_width": null, "fill_shape_size": null, "fill_img_url": "pattern_url/6388375325a99.jpg", "marker_img_url": null}},{"type": "Feature", "id": "layer_data_map.fid--27e80436_1a098c1eed1_-35c", "geometry": {"type": "Polygon", "coordinates": [[[108.36589188, 47.78037265], [108.3666855, 47.77991525], [108.3673604, 47.7804517], [108.36656626, 47.78090048], [108.36589188, 47.78037265]]]}, "geometry_name": "geom", "properties": {"guid": 5553, "id": 5553, "object_no": null, "object_name": null, "layer_type_id": 222, "valid_to": null, "address_no": null, "border_type": "solid", "border_width": 0, "border_color": "#6aa84f", "border_opacity": null, "border_wellknown": "shape://horizline", "fill_type": "color", "fill_color": "#274e13", "fill_opacity": 0.22, "fill_wellknown": null, "fill_shape_color": null, "fill_shape_width": null, "fill_shape_size": null, "fill_img_url": "pattern_url/6388375325a99.jpg", "marker_img_url": null}},{"type": "Feature", "id": "layer_data_map.fid--27e80436_1a098c1eed1_-35b", "geometry": {"type": "Polygon", "coordinates": [[[108.37371288, 47.78262917], [108.37459154, 47.78216873], [108.37733838, 47.78203346], [108.37739255, 47.78306851], [108.37443019, 47.78321321], [108.37371288, 47.78262917]]]}, "geometry_name": "geom", "properties": {"guid": 5554, "id": 5554, "object_no": null, "object_name": null, "layer_type_id": 222, "valid_to": null, "address_no": null, "border_type": "solid", "border_width": 0, "border_color": "#6aa84f", "border_opacity": null, "border_wellknown": "shape://horizline", "fill_type": "color", "fill_color": "#274e13", "fill_opacity": 0.22, "fill_wellknown": null, "fill_shape_color": null, "fill_shape_width": null, "fill_shape_size": null, "fill_img_url": "pattern_url/6388375325a99.jpg", "marker_img_url": null}},{"type": "Feature", "id": "layer_data_map.fid--27e80436_1a098c1eed1_-35a", "geometry": {"type": "Polygon", "coordinates": [[[108.37141653, 47.78074062], [108.37326488, 47.7797685], [108.37457555, 47.78080615], [108.37273227, 47.78181129], [108.37141653, 47.78074062]]]}, "geometry_name": "geom", "properties": {"guid": 5555, "id": 5555, "object_no": null, "object_name": null, "layer_type_id": 222, "valid_to": null, "address_no": null, "border_type": "solid", "border_width": 0, "border_color": "#6aa84f", "border_opacity": null, "border_wellknown": "shape://horizline", "fill_type": "color", "fill_color": "#274e13", "fill_opacity": 0.22, "fill_wellknown": null, "fill_shape_color": null, "fill_shape_width": null, "fill_shape_size": null, "fill_img_url": "pattern_url/6388375325a99.jpg", "marker_img_url": null}},{"type": "Feature", "id": "layer_data_map.fid--27e80436_1a098c1eed1_-359", "geometry": {"type": "Polygon", "coordinates": [[[108.35489892, 47.75106497], [108.35470766, 47.75043576], [108.35466783, 47.75038568], [108.35581073, 47.74999409], [108.35630998, 47.75060628], [108.35489892, 47.75106497]]]}, "geometry_name": "geom", "properties": {"guid": 5556, "id": 5556, "object_no": null, "object_name": null, "layer_type_id": 222, "valid_to": null, "address_no": null, "border_type": "solid", "border_width": 0, "border_color": "#6aa84f", "border_opacity": null, "border_wellknown": "shape://horizline", "fill_type": "color", "fill_color": "#274e13", "fill_opacity": 0.22, "fill_wellknown": null, "fill_shape_color": null, "fill_shape_width": null, "fill_shape_size": null, "fill_img_url": "pattern_url/6388375325a99.jpg", "marker_img_url": null}},{"type": "Feature", "id": "layer_data_map.fid--27e80436_1a098c1eed1_-358", "geometry": {"type": "Polygon", "coordinates": [[[108.3609078, 47.77267086], [108.35396678, 47.77508155], [108.35311802, 47.77405988], [108.35527123, 47.7731015], [108.35900882, 47.77155314], [108.3609078, 47.77267086]]]}, "geometry_name": "geom", "properties": {"guid": 5557, "id": 5557, "object_no": null, "object_name": null, "layer_type_id": 222, "valid_to": null, "address_no": null, "border_type": "solid", "border_width": 0, "border_color": "#6aa84f", "border_opacity": null, "border_wellknown": "shape://horizline", "fill_type": "color", "fill_color": "#274e13", "fill_opacity": 0.22, "fill_wellknown": null, "fill_shape_color": null, "fill_shape_width": null, "fill_shape_size": null, "fill_img_url": "pattern_url/6388375325a99.jpg", "marker_img_url": null}},{"type": "Feature", "id": "layer_data_map.fid--27e80436_1a098c1eed1_-357", "geometry": {"type": "Polygon", "coordinates": [[[107.25310193, 47.77293757], [107.25298778, 47.77234307], [107.25358284, 47.77229111], [107.25370152, 47.77289226], [107.25310193, 47.77293757]]]}, "geometry_name": "geom", "properties": {"guid": 5558, "id": 5558, "object_no": null, "object_name": null, "layer_type_id": 222, "valid_to": null, "address_no": null, "border_type": "solid", "border_width": 0, "border_color": "#6aa84f", "border_opacity": null, "border_wellknown": "shape://horizline", "fill_type": "color", "fill_color": "#274e13", "fill_opacity": 0.22, "fill_wellknown": null, "fill_shape_color": null, "fill_shape_width": null, "fill_shape_size": null, "fill_img_url": "pattern_url/6388375325a99.jpg", "marker_img_url": null}},{"type": "Feature", "id": "layer_data_map.fid--27e80436_1a098c1eed1_-356", "geometry": {"type": "Polygon", "coordinates": [[[107.25353294, 47.77488455], [107.25365413, 47.77552881], [107.25272282, 47.77563547], [107.25259644, 47.77559628], [107.25221275, 47.77508175], [107.25192856, 47.7747635], [107.25188978, 47.77428454], [107.25392308, 47.77411069], [107.25405785, 47.77479637], [107.25394822, 47.77480697], [107.25395644, 47.77484504], [107.25353294, 47.77488455]]]}, "geometry_name": "geom", "properties": {"guid": 5559, "id": 5559, "object_no": null, "object_name": null, "layer_type_id": 222, "valid_to": null, "address_no": null, "border_type": "solid", "border_width": 0, "border_color": "#6aa84f", "border_opacity": null, "border_wellknown": "shape://horizline", "fill_type": "color", "fill_color": "#274e13", "fill_opacity": 0.22, "fill_wellknown": null, "fill_shape_color": null, "fill_shape_width": null, "fill_shape_size": null, "fill_img_url": "pattern_url/6388375325a99.jpg", "marker_img_url": null}},{"type": "Feature", "id": "layer_data_map.fid--27e80436_1a098c1eed1_-355", "geometry": {"type": "Polygon", "coordinates": [[[107.24682723, 47.7688245], [107.2482198, 47.76795212], [107.24868212, 47.76830662], [107.2487679, 47.76826315], [107.24957553, 47.76889725], [107.2481133, 47.76973189], [107.24682723, 47.7688245]]]}, "geometry_name": "geom", "properties": {"guid": 5560, "id": 5560, "object_no": null, "object_name": null, "layer_type_id": 222, "valid_to": null, "address_no": null, "border_type": "solid", "border_width": 0, "border_color": "#6aa84f", "border_opacity": null, "border_wellknown": "shape://horizline", "fill_type": "color", "fill_color": "#274e13", "fill_opacity": 0.22, "fill_wellknown": null, "fill_shape_color": null, "fill_shape_width": null, "fill_shape_size": null, "fill_img_url": "pattern_url/6388375325a99.jpg", "marker_img_url": null}},{"type": "Feature", "id": "layer_data_map.fid--27e80436_1a098c1eed1_-354", "geometry": {"type": "Polygon", "coordinates": [[[107.2518418, 47.76662299], [107.25268331, 47.76727804], [107.25254816, 47.76784303], [107.25176533, 47.76827746], [107.25060076, 47.76740326], [107.2518418, 47.76662299]]]}, "geometry_name": "geom", "properties": {"guid": 5561, "id": 5561, "object_no": null, "object_name": null, "layer_type_id": 222, "valid_to": null, "address_no": null, "border_type": "solid", "border_width": 0, "border_color": "#6aa84f", "border_opacity": null, "border_wellknown": "shape://horizline", "fill_type": "color", "fill_color": "#274e13", "fill_opacity": 0.22, "fill_wellknown": null, "fill_shape_color": null, "fill_shape_width": null, "fill_shape_size": null, "fill_img_url": "pattern_url/6388375325a99.jpg", "marker_img_url": null}},{"type": "Feature", "id": "layer_data_map.fid--27e80436_1a098c1eed1_-353", "geometry": {"type": "Polygon", "coordinates": [[[107.26697062, 47.76555743], [107.26675679, 47.76535434], [107.2668542, 47.76529643], [107.26667005, 47.76509367], [107.26787974, 47.76458019], [107.26821722, 47.76504546], [107.26697062, 47.76555743]]]}, "geometry_name": "geom", "properties": {"guid": 5562, "id": 5562, "object_no": null, "object_name": null, "layer_type_id": 222, "valid_to": null, "address_no": null, "border_type": "solid", "border_width": 0, "border_color": "#6aa84f", "border_opacity": null, "border_wellknown": "shape://horizline", "fill_type": "color", "fill_color": "#274e13", "fill_opacity": 0.22, "fill_wellknown": null, "fill_shape_color": null, "fill_shape_width": null, "fill_shape_size": null, "fill_img_url": "pattern_url/6388375325a99.jpg", "marker_img_url": null}},{"type": "Feature", "id": "layer_data_map.fid--27e80436_1a098c1eed1_-352", "geometry": {"type": "Polygon", "coordinates": [[[107.39543593, 47.78465838], [107.39608819, 47.78423872], [107.39673499, 47.78471528], [107.39605858, 47.78514324], [107.39543593, 47.78465838]]]}, "geometry_name": "geom", "properties": {"guid": 5563, "id": 5563, "object_no": null, "object_name": null, "layer_type_id": 222, "valid_to": null, "address_no": null, "border_type": "solid", "border_width": 0, "border_color": "#6aa84f", "border_opacity": null, "border_wellknown": "shape://horizline", "fill_type": "color", "fill_color": "#274e13", "fill_opacity": 0.22, "fill_wellknown": null, "fill_shape_color": null, "fill_shape_width": null, "fill_shape_size": null, "fill_img_url": "pattern_url/6388375325a99.jpg", "marker_img_url": null}},{"type": "Feature", "id": "layer_data_map.fid--27e80436_1a098c1eed1_-351", "geometry": {"type": "Polygon", "coordinates": [[[106.92348131, 47.91362779], [106.92254202, 47.91352318], [106.92277121, 47.9132001], [106.92357139, 47.91329239], [106.92355843, 47.91331999], [106.92348131, 47.91362779]]]}, "geometry_name": "geom", "properties": {"guid": 5564, "id": 5564, "object_no": null, "object_name": null, "layer_type_id": 222, "valid_to": null, "address_no": null, "border_type": "solid", "border_width": 0, "border_color": "#6aa84f", "border_opacity": null, "border_wellknown": "shape://horizline", "fill_type": "color", "fill_color": "#274e13", "fill_opacity": 0.22, "fill_wellknown": null, "fill_shape_color": null, "fill_shape_width": null, "fill_shape_size": null, "fill_img_url": "pattern_url/6388375325a99.jpg", "marker_img_url": null}},{"type": "Feature", "id": "layer_data_map.fid--27e80436_1a098c1eed1_-350", "geometry": {"type": "Polygon", "coordinates": [[[107.42835094, 47.35171283], [107.42850745, 47.35114965], [107.42917683, 47.3512307], [107.4290498, 47.35177855], [107.42835094, 47.35171283]]]}, "geometry_name": "geom", "properties": {"guid": 5565, "id": 5565, "object_no": null, "object_name": null, "layer_type_id": 222, "valid_to": null, "address_no": null, "border_type": "solid", "border_width": 0, "border_color": "#6aa84f", "border_opacity": null, "border_wellknown": "shape://horizline", "fill_type": "color", "fill_color": "#274e13", "fill_opacity": 0.22, "fill_wellknown": null, "fill_shape_color": null, "fill_shape_width": null, "fill_shape_size": null, "fill_img_url": "pattern_url/6388375325a99.jpg", "marker_img_url": null}},{"type": "Feature", "id": "layer_data_map.fid--27e80436_1a098c1eed1_-34f", "geometry": {"type": "Polygon", "coordinates": [[[106.8488827, 47.91654735], [106.84906301, 47.91550776], [106.8508628, 47.91563534], [106.85071741, 47.91657896], [106.85070674, 47.9165975], [106.8488827, 47.91654735]]]}, "geometry_name": "geom", "properties": {"guid": 5566, "id": 5566, "object_no": null, "object_name": null, "layer_type_id": 222, "valid_to": null, "address_no": null, "border_type": "solid", "border_width": 0, "border_color": "#6aa84f", "border_opacity": null, "border_wellknown": "shape://horizline", "fill_type": "color", "fill_color": "#274e13", "fill_opacity": 0.22, "fill_wellknown": null, "fill_shape_color": null, "fill_shape_width": null, "fill_shape_size": null, "fill_img_url": "pattern_url/6388375325a99.jpg", "marker_img_url": null}},{"type": "Feature", "id": "layer_data_map.fid--27e80436_1a098c1eed1_-34e", "geometry": {"type": "Polygon", "coordinates": [[[106.8490727, 47.91541369], [106.84922646, 47.91449196], [106.85103503, 47.91463241], [106.85088023, 47.91556098], [106.8490727, 47.91541369]]]}, "geometry_name": "geom", "properties": {"guid": 5567, "id": 5567, "object_no": null, "object_name": null, "layer_type_id": 222, "valid_to": null, "address_no": null, "border_type": "solid", "border_width": 0, "border_color": "#6aa84f", "border_opacity": null, "border_wellknown": "shape://horizline", "fill_type": "color", "fill_color": "#274e13", "fill_opacity": 0.22, "fill_wellknown": null, "fill_shape_color": null, "fill_shape_width": null, "fill_shape_size": null, "fill_img_url": "pattern_url/6388375325a99.jpg", "marker_img_url": null}},{"type": "Feature", "id": "layer_data_map.fid--27e80436_1a098c1eed1_-34d", "geometry": {"type": "Polygon", "coordinates": [[[106.83891749, 47.91488077], [106.83906566, 47.91412594], [106.84057996, 47.91423876], [106.84043611, 47.91500409], [106.83891749, 47.91488077]]]}, "geometry_name": "geom", "properties": {"guid": 5568, "id": 5568, "object_no": null, "object_name": null, "layer_type_id": 222, "valid_to": null, "address_no": null, "border_type": "solid", "border_width": 0, "border_color": "#6aa84f", "border_opacity": null, "border_wellknown": "shape://horizline", "fill_type": "color", "fill_color": "#274e13", "fill_opacity": 0.22, "fill_wellknown": null, "fill_shape_color": null, "fill_shape_width": null, "fill_shape_size": null, "fill_img_url": "pattern_url/6388375325a99.jpg", "marker_img_url": null}},{"type": "Feature", "id": "layer_data_map.fid--27e80436_1a098c1eed1_-34c", "geometry": {"type": "Polygon", "coordinates": [[[106.83870948, 47.91575724], [106.83876724, 47.91549636], [106.83881295, 47.91550042], [106.83889835, 47.9149742], [106.83952085, 47.91502367], [106.83947606, 47.91533491], [106.84008038, 47.91537987], [106.84013788, 47.91507269], [106.84038387, 47.91509224], [106.84027508, 47.9158804], [106.83870948, 47.91575724]]]}, "geometry_name": "geom", "properties": {"guid": 5569, "id": 5569, "object_no": null, "object_name": null, "layer_type_id": 222, "valid_to": null, "address_no": null, "border_type": "solid", "border_width": 0, "border_color": "#6aa84f", "border_opacity": null, "border_wellknown": "shape://horizline", "fill_type": "color", "fill_color": "#274e13", "fill_opacity": 0.22, "fill_wellknown": null, "fill_shape_color": null, "fill_shape_width": null, "fill_shape_size": null, "fill_img_url": "pattern_url/6388375325a99.jpg", "marker_img_url": null}},{"type": "Feature", "id": "layer_data_map.fid--27e80436_1a098c1eed1_-34b", "geometry": {"type": "Polygon", "coordinates": [[[106.83480915, 47.9145213], [106.83498841, 47.91355567], [106.83677596, 47.91371528], [106.83661813, 47.91467224], [106.83480915, 47.9145213]]]}, "geometry_name": "geom", "properties": {"guid": 5570, "id": 5570, "object_no": null, "object_name": null, "layer_type_id": 222, "valid_to": null, "address_no": null, "border_type": "solid", "border_width": 0, "border_color": "#6aa84f", "border_opacity": null, "border_wellknown": "shape://horizline", "fill_type": "color", "fill_color": "#274e13", "fill_opacity": 0.22, "fill_wellknown": null, "fill_shape_color": null, "fill_shape_width": null, "fill_shape_size": null, "fill_img_url": "pattern_url/6388375325a99.jpg", "marker_img_url": null}},{"type": "Feature", "id": "layer_data_map.fid--27e80436_1a098c1eed1_-34a", "geometry": {"type": "Polygon", "coordinates": [[[106.83675164, 47.91197054], [106.83678255, 47.9118143], [106.83774275, 47.91187566], [106.83772923, 47.91194774], [106.83807215, 47.91197232], [106.83804472, 47.91216381], [106.83743153, 47.91212603], [106.83743258, 47.91204094], [106.83714533, 47.91203066], [106.83715108, 47.91199606], [106.83675164, 47.91197054]]]}, "geometry_name": "geom", "properties": {"guid": 5571, "id": 5571, "object_no": null, "object_name": null, "layer_type_id": 222, "valid_to": null, "address_no": null, "border_type": "solid", "border_width": 0, "border_color": "#6aa84f", "border_opacity": null, "border_wellknown": "shape://horizline", "fill_type": "color", "fill_color": "#274e13", "fill_opacity": 0.22, "fill_wellknown": null, "fill_shape_color": null, "fill_shape_width": null, "fill_shape_size": null, "fill_img_url": "pattern_url/6388375325a99.jpg", "marker_img_url": null}},{"type": "Feature", "id": "layer_data_map.fid--27e80436_1a098c1eed1_-349", "geometry": {"type": "Polygon", "coordinates": [[[106.77547449, 47.9149445], [106.77586711, 47.91504533], [106.77574303, 47.91522606], [106.77535719, 47.91512984], [106.77547449, 47.9149445]]]}, "geometry_name": "geom", "properties": {"guid": 5572, "id": 5572, "object_no": null, "object_name": null, "layer_type_id": 222, "valid_to": null, "address_no": null, "border_type": "solid", "border_width": 0, "border_color": "#6aa84f", "border_opacity": null, "border_wellknown": "shape://horizline", "fill_type": "color", "fill_color": "#274e13", "fill_opacity": 0.22, "fill_wellknown": null, "fill_shape_color": null, "fill_shape_width": null, "fill_shape_size": null, "fill_img_url": "pattern_url/6388375325a99.jpg", "marker_img_url": null}},{"type": "Feature", "id": "layer_data_map.fid--27e80436_1a098c1eed1_-348", "geometry": {"type": "Polygon", "coordinates": [[[106.79461246, 47.92240787], [106.79469323, 47.92205356], [106.79579308, 47.92215195], [106.79571709, 47.92252743], [106.79461246, 47.92240787]]]}, "geometry_name": "geom", "properties": {"guid": 5573, "id": 5573, "object_no": null, "object_name": null, "layer_type_id": 222, "valid_to": null, "address_no": null, "border_type": "solid", "border_width": 0, "border_color": "#6aa84f", "border_opacity": null, "border_wellknown": "shape://horizline", "fill_type": "color", "fill_color": "#274e13", "fill_opacity": 0.22, "fill_wellknown": null, "fill_shape_color": null, "fill_shape_width": null, "fill_shape_size": null, "fill_img_url": "pattern_url/6388375325a99.jpg", "marker_img_url": null}},{"type": "Feature", "id": "layer_data_map.fid--27e80436_1a098c1eed1_-347", "geometry": {"type": "Polygon", "coordinates": [[[106.69573364, 47.91919597], [106.69601377, 47.91936599], [106.69552396, 47.91969171], [106.69520383, 47.91950136], [106.69573364, 47.91919597]]]}, "geometry_name": "geom", "properties": {"guid": 5574, "id": 5574, "object_no": null, "object_name": null, "layer_type_id": 222, "valid_to": null, "address_no": null, "border_type": "solid", "border_width": 0, "border_color": "#6aa84f", "border_opacity": null, "border_wellknown": "shape://horizline", "fill_type": "color", "fill_color": "#274e13", "fill_opacity": 0.22, "fill_wellknown": null, "fill_shape_color": null, "fill_shape_width": null, "fill_shape_size": null, "fill_img_url": "pattern_url/6388375325a99.jpg", "marker_img_url": null}},{"type": "Feature", "id": "layer_data_map.fid--27e80436_1a098c1eed1_-346", "geometry": {"type": "Polygon", "coordinates": [[[106.74978229, 47.91945004], [106.75026828, 47.9194747], [106.75019499, 47.92005017], [106.74969327, 47.92004815], [106.74978229, 47.91945004]]]}, "geometry_name": "geom", "properties": {"guid": 5575, "id": 5575, "object_no": null, "object_name": null, "layer_type_id": 222, "valid_to": null, "address_no": null, "border_type": "solid", "border_width": 0, "border_color": "#6aa84f", "border_opacity": null, "border_wellknown": "shape://horizline", "fill_type": "color", "fill_color": "#274e13", "fill_opacity": 0.22, "fill_wellknown": null, "fill_shape_color": null, "fill_shape_width": null, "fill_shape_size": null, "fill_img_url": "pattern_url/6388375325a99.jpg", "marker_img_url": null}},{"type": "Feature", "id": "layer_data_map.fid--27e80436_1a098c1eed1_-345", "geometry": {"type": "Polygon", "coordinates": [[[106.81749529, 47.8692331], [106.81780531, 47.86879015], [106.81884953, 47.8691069], [106.81858395, 47.86960629], [106.81749529, 47.8692331]]]}, "geometry_name": "geom", "properties": {"guid": 5576, "id": 5576, "object_no": null, "object_name": null, "layer_type_id": 222, "valid_to": null, "address_no": null, "border_type": "solid", "border_width": 0, "border_color": "#6aa84f", "border_opacity": null, "border_wellknown": "shape://horizline", "fill_type": "color", "fill_color": "#274e13", "fill_opacity": 0.22, "fill_wellknown": null, "fill_shape_color": null, "fill_shape_width": null, "fill_shape_size": null, "fill_img_url": "pattern_url/6388375325a99.jpg", "marker_img_url": null}},{"type": "Feature", "id": "layer_data_map.fid--27e80436_1a098c1eed1_-344", "geometry": {"type": "Polygon", "coordinates": [[[106.80942434, 47.866503], [106.80955919, 47.86610807], [106.81067485, 47.86644757], [106.81065795, 47.86687636], [106.80942434, 47.866503]]]}, "geometry_name": "geom", "properties": {"guid": 5577, "id": 5577, "object_no": null, "object_name": null, "layer_type_id": 222, "valid_to": null, "address_no": null, "border_type": "solid", "border_width": 0, "border_color": "#6aa84f", "border_opacity": null, "border_wellknown": "shape://horizline", "fill_type": "color", "fill_color": "#274e13", "fill_opacity": 0.22, "fill_wellknown": null, "fill_shape_color": null, "fill_shape_width": null, "fill_shape_size": null, "fill_img_url": "pattern_url/6388375325a99.jpg", "marker_img_url": null}},{"type": "Feature", "id": "layer_data_map.fid--27e80436_1a098c1eed1_-343", "geometry": {"type": "Polygon", "coordinates": [[[106.80411127, 47.86415575], [106.80475078, 47.8643152], [106.8044903, 47.86488305], [106.80384097, 47.86468566], [106.80411127, 47.86415575]]]}, "geometry_name": "geom", "properties": {"guid": 5578, "id": 5578, "object_no": null, "object_name": null, "layer_type_id": 222, "valid_to": null, "address_no": null, "border_type": "solid", "border_width": 0, "border_color": "#6aa84f", "border_opacity": null, "border_wellknown": "shape://horizline", "fill_type": "color", "fill_color": "#274e13", "fill_opacity": 0.22, "fill_wellknown": null, "fill_shape_color": null, "fill_shape_width": null, "fill_shape_size": null, "fill_img_url": "pattern_url/6388375325a99.jpg", "marker_img_url": null}},{"type": "Feature", "id": "layer_data_map.fid--27e80436_1a098c1eed1_-342", "geometry": {"type": "Polygon", "coordinates": [[[106.80802564, 47.86318343], [106.80846812, 47.86288602], [106.80892274, 47.86314073], [106.80854539, 47.86347997], [106.80802564, 47.86318343]]]}, "geometry_name": "geom", "properties": {"guid": 5579, "id": 5579, "object_no": null, "object_name": null, "layer_type_id": 222, "valid_to": null, "address_no": null, "border_type": "solid", "border_width": 0, "border_color": "#6aa84f", "border_opacity": null, "border_wellknown": "shape://horizline", "fill_type": "color", "fill_color": "#274e13", "fill_opacity": 0.22, "fill_wellknown": null, "fill_shape_color": null, "fill_shape_width": null, "fill_shape_size": null, "fill_img_url": "pattern_url/6388375325a99.jpg", "marker_img_url": null}},{"type": "Feature", "id": "layer_data_map.fid--27e80436_1a098c1eed1_-341", "geometry": {"type": "Polygon", "coordinates": [[[106.76335128, 47.86585969], [106.76357807, 47.86587049], [106.76361063, 47.86641278], [106.76339106, 47.86640663], [106.76335128, 47.86585969]]]}, "geometry_name": "geom", "properties": {"guid": 5580, "id": 5580, "object_no": null, "object_name": null, "layer_type_id": 222, "valid_to": null, "address_no": null, "border_type": "solid", "border_width": 0, "border_color": "#6aa84f", "border_opacity": null, "border_wellknown": "shape://horizline", "fill_type": "color", "fill_color": "#274e13", "fill_opacity": 0.22, "fill_wellknown": null, "fill_shape_color": null, "fill_shape_width": null, "fill_shape_size": null, "fill_img_url": "pattern_url/6388375325a99.jpg", "marker_img_url": null}},{"type": "Feature", "id": "layer_data_map.fid--27e80436_1a098c1eed1_-340", "geometry": {"type": "Polygon", "coordinates": [[[106.76023133, 47.86302576], [106.76030813, 47.86278652], [106.76090217, 47.86288216], [106.76086056, 47.8631161], [106.76023133, 47.86302576]]]}, "geometry_name": "geom", "properties": {"guid": 5581, "id": 5581, "object_no": null, "object_name": null, "layer_type_id": 222, "valid_to": null, "address_no": null, "border_type": "solid", "border_width": 0, "border_color": "#6aa84f", "border_opacity": null, "border_wellknown": "shape://horizline", "fill_type": "color", "fill_color": "#274e13", "fill_opacity": 0.22, "fill_wellknown": null, "fill_shape_color": null, "fill_shape_width": null, "fill_shape_size": null, "fill_img_url": "pattern_url/6388375325a99.jpg", "marker_img_url": null}},{"type": "Feature", "id": "layer_data_map.fid--27e80436_1a098c1eed1_-33f", "geometry": {"type": "Polygon", "coordinates": [[[106.7629434, 47.865562], [106.7629318, 47.86537648], [106.76313115, 47.86515202], [106.76328936, 47.86515345], [106.76360147, 47.8655626], [106.7629434, 47.865562]]]}, "geometry_name": "geom", "properties": {"guid": 5582, "id": 5582, "object_no": null, "object_name": null, "layer_type_id": 222, "valid_to": null, "address_no": null, "border_type": "solid", "border_width": 0, "border_color": "#6aa84f", "border_opacity": null, "border_wellknown": "shape://horizline", "fill_type": "color", "fill_color": "#274e13", "fill_opacity": 0.22, "fill_wellknown": null, "fill_shape_color": null, "fill_shape_width": null, "fill_shape_size": null, "fill_img_url": "pattern_url/6388375325a99.jpg", "marker_img_url": null}},{"type": "Feature", "id": "layer_data_map.fid--27e80436_1a098c1eed1_-33e", "geometry": {"type": "Polygon", "coordinates": [[[106.67861999, 47.84364697], [106.67925209, 47.84394721], [106.67910286, 47.84414461], [106.67863536, 47.84390386], [106.67868315, 47.84385078], [106.67851733, 47.84375322], [106.67861999, 47.84364697]]]}, "geometry_name": "geom", "properties": {"guid": 5583, "id": 5583, "object_no": null, "object_name": null, "layer_type_id": 222, "valid_to": null, "address_no": null, "border_type": "solid", "border_width": 0, "border_color": "#6aa84f", "border_opacity": null, "border_wellknown": "shape://horizline", "fill_type": "color", "fill_color": "#274e13", "fill_opacity": 0.22, "fill_wellknown": null, "fill_shape_color": null, "fill_shape_width": null, "fill_shape_size": null, "fill_img_url": "pattern_url/6388375325a99.jpg", "marker_img_url": null}},{"type": "Feature", "id": "layer_data_map.fid--27e80436_1a098c1eed1_-33d", "geometry": {"type": "Polygon", "coordinates": [[[106.67985412, 47.84349512], [106.68126065, 47.84412207], [106.68052175, 47.8448947], [106.67968845, 47.84449742], [106.6799322, 47.84416056], [106.67950127, 47.84395737], [106.67985412, 47.84349512]]]}, "geometry_name": "geom", "properties": {"guid": 5584, "id": 5584, "object_no": null, "object_name": null, "layer_type_id": 222, "valid_to": null, "address_no": null, "border_type": "solid", "border_width": 0, "border_color": "#6aa84f", "border_opacity": null, "border_wellknown": "shape://horizline", "fill_type": "color", "fill_color": "#274e13", "fill_opacity": 0.22, "fill_wellknown": null, "fill_shape_color": null, "fill_shape_width": null, "fill_shape_size": null, "fill_img_url": "pattern_url/6388375325a99.jpg", "marker_img_url": null}},{"type": "Feature", "id": "layer_data_map.fid--27e80436_1a098c1eed1_-33c", "geometry": {"type": "Polygon", "coordinates": [[[106.66157704, 47.84923631], [106.6621076, 47.84835254], [106.66275122, 47.84857177], [106.66216159, 47.84959923], [106.66149691, 47.84938507], [106.66157704, 47.84923631]]]}, "geometry_name": "geom", "properties": {"guid": 5585, "id": 5585, "object_no": null, "object_name": null, "layer_type_id": 222, "valid_to": null, "address_no": null, "border_type": "solid", "border_width": 0, "border_color": "#6aa84f", "border_opacity": null, "border_wellknown": "shape://horizline", "fill_type": "color", "fill_color": "#274e13", "fill_opacity": 0.22, "fill_wellknown": null, "fill_shape_color": null, "fill_shape_width": null, "fill_shape_size": null, "fill_img_url": "pattern_url/6388375325a99.jpg", "marker_img_url": null}},{"type": "Feature", "id": "layer_data_map.fid--27e80436_1a098c1eed1_-33b", "geometry": {"type": "Polygon", "coordinates": [[[106.65249155, 47.82738857], [106.65281653, 47.82710178], [106.65331211, 47.82734461], [106.65299875, 47.82766338], [106.65249155, 47.82738857]]]}, "geometry_name": "geom", "properties": {"guid": 5586, "id": 5586, "object_no": null, "object_name": null, "layer_type_id": 222, "valid_to": null, "address_no": null, "border_type": "solid", "border_width": 0, "border_color": "#6aa84f", "border_opacity": null, "border_wellknown": "shape://horizline", "fill_type": "color", "fill_color": "#274e13", "fill_opacity": 0.22, "fill_wellknown": null, "fill_shape_color": null, "fill_shape_width": null, "fill_shape_size": null, "fill_img_url": "pattern_url/6388375325a99.jpg", "marker_img_url": null}},{"type": "Feature", "id": "layer_data_map.fid--27e80436_1a098c1eed1_-33a", "geometry": {"type": "Polygon", "coordinates": [[[106.55810533, 47.75381167], [106.5581425, 47.75352452], [106.55818531, 47.75353002], [106.55873089, 47.75356048], [106.55938581, 47.75362334], [106.55934542, 47.7539184], [106.55810533, 47.75381167]]]}, "geometry_name": "geom", "properties": {"guid": 5587, "id": 5587, "object_no": null, "object_name": null, "layer_type_id": 222, "valid_to": null, "address_no": null, "border_type": "solid", "border_width": 0, "border_color": "#6aa84f", "border_opacity": null, "border_wellknown": "shape://horizline", "fill_type": "color", "fill_color": "#274e13", "fill_opacity": 0.22, "fill_wellknown": null, "fill_shape_color": null, "fill_shape_width": null, "fill_shape_size": null, "fill_img_url": "pattern_url/6388375325a99.jpg", "marker_img_url": null}},{"type": "Feature", "id": "layer_data_map.fid--27e80436_1a098c1eed1_-339", "geometry": {"type": "Polygon", "coordinates": [[[106.55969881, 47.75363178], [106.55970582, 47.75339362], [106.55981902, 47.7534016], [106.55981603, 47.75330165], [106.56062288, 47.75336686], [106.56056932, 47.75370089], [106.55969881, 47.75363178]]]}, "geometry_name": "geom", "properties": {"guid": 5588, "id": 5588, "object_no": null, "object_name": null, "layer_type_id": 222, "valid_to": null, "address_no": null, "border_type": "solid", "border_width": 0, "border_color": "#6aa84f", "border_opacity": null, "border_wellknown": "shape://horizline", "fill_type": "color", "fill_color": "#274e13", "fill_opacity": 0.22, "fill_wellknown": null, "fill_shape_color": null, "fill_shape_width": null, "fill_shape_size": null, "fill_img_url": "pattern_url/6388375325a99.jpg", "marker_img_url": null}},{"type": "Feature", "id": "layer_data_map.fid--27e80436_1a098c1eed1_-338", "geometry": {"type": "Polygon", "coordinates": [[[106.5584222, 47.75338118], [106.55844724, 47.75315586], [106.55877381, 47.75317464], [106.55874368, 47.75340204], [106.5584222, 47.75338118]]]}, "geometry_name": "geom", "properties": {"guid": 5589, "id": 5589, "object_no": null, "object_name": null, "layer_type_id": 222, "valid_to": null, "address_no": null, "border_type": "solid", "border_width": 0, "border_color": "#6aa84f", "border_opacity": null, "border_wellknown": "shape://horizline", "fill_type": "color", "fill_color": "#274e13", "fill_opacity": 0.22, "fill_wellknown": null, "fill_shape_color": null, "fill_shape_width": null, "fill_shape_size": null, "fill_img_url": "pattern_url/6388375325a99.jpg", "marker_img_url": null}},{"type": "Feature", "id": "layer_data_map.fid--27e80436_1a098c1eed1_-337", "geometry": {"type": "Polygon", "coordinates": [[[106.70855308, 47.78972432], [106.70909944, 47.78974118], [106.70907204, 47.79035948], [106.70851388, 47.79033568], [106.70855308, 47.78972432]]]}, "geometry_name": "geom", "properties": {"guid": 5590, "id": 5590, "object_no": null, "object_name": null, "layer_type_id": 222, "valid_to": null, "address_no": null, "border_type": "solid", "border_width": 0, "border_color": "#6aa84f", "border_opacity": null, "border_wellknown": "shape://horizline", "fill_type": "color", "fill_color": "#274e13", "fill_opacity": 0.22, "fill_wellknown": null, "fill_shape_color": null, "fill_shape_width": null, "fill_shape_size": null, "fill_img_url": "pattern_url/6388375325a99.jpg", "marker_img_url": null}},{"type": "Feature", "id": "layer_data_map.fid--27e80436_1a098c1eed1_-336", "geometry": {"type": "Polygon", "coordinates": [[[106.70774938, 47.78919776], [106.70782565, 47.78845487], [106.70814408, 47.78846621], [106.70806704, 47.78921335], [106.70774938, 47.78919776]]]}, "geometry_name": "geom", "properties": {"guid": 5591, "id": 5591, "object_no": null, "object_name": null, "layer_type_id": 222, "valid_to": null, "address_no": null, "border_type": "solid", "border_width": 0, "border_color": "#6aa84f", "border_opacity": null, "border_wellknown": "shape://horizline", "fill_type": "color", "fill_color": "#274e13", "fill_opacity": 0.22, "fill_wellknown": null, "fill_shape_color": null, "fill_shape_width": null, "fill_shape_size": null, "fill_img_url": "pattern_url/6388375325a99.jpg", "marker_img_url": null}},{"type": "Feature", "id": "layer_data_map.fid--27e80436_1a098c1eed1_-335", "geometry": {"type": "Polygon", "coordinates": [[[106.78060264, 47.86159151], [106.78090918, 47.86214919], [106.78058558, 47.86225539], [106.77986233, 47.86179642], [106.78060264, 47.86159151]]]}, "geometry_name": "geom", "properties": {"guid": 5592, "id": 5592, "object_no": null, "object_name": null, "layer_type_id": 222, "valid_to": null, "address_no": null, "border_type": "solid", "border_width": 0, "border_color": "#6aa84f", "border_opacity": null, "border_wellknown": "shape://horizline", "fill_type": "color", "fill_color": "#274e13", "fill_opacity": 0.22, "fill_wellknown": null, "fill_shape_color": null, "fill_shape_width": null, "fill_shape_size": null, "fill_img_url": "pattern_url/6388375325a99.jpg", "marker_img_url": null}},{"type": "Feature", "id": "layer_data_map.fid--27e80436_1a098c1eed1_-334", "geometry": {"type": "Polygon", "coordinates": [[[106.77549627, 47.85734773], [106.77554248, 47.85641562], [106.77701067, 47.8564483], [106.77698313, 47.85700772], [106.77661781, 47.85700204], [106.77658373, 47.85737189], [106.77549627, 47.85734773]]]}, "geometry_name": "geom", "properties": {"guid": 5593, "id": 5593, "object_no": null, "object_name": null, "layer_type_id": 222, "valid_to": null, "address_no": null, "border_type": "solid", "border_width": 0, "border_color": "#6aa84f", "border_opacity": null, "border_wellknown": "shape://horizline", "fill_type": "color", "fill_color": "#274e13", "fill_opacity": 0.22, "fill_wellknown": null, "fill_shape_color": null, "fill_shape_width": null, "fill_shape_size": null, "fill_img_url": "pattern_url/6388375325a99.jpg", "marker_img_url": null}},{"type": "Feature", "id": "layer_data_map.fid--27e80436_1a098c1eed1_-333", "geometry": {"type": "Polygon", "coordinates": [[[106.76288471, 47.85964], [106.76289616, 47.85935176], [106.76337171, 47.85939683], [106.76333808, 47.85965684], [106.76288471, 47.85964]]]}, "geometry_name": "geom", "properties": {"guid": 5594, "id": 5594, "object_no": null, "object_name": null, "layer_type_id": 222, "valid_to": null, "address_no": null, "border_type": "solid", "border_width": 0, "border_color": "#6aa84f", "border_opacity": null, "border_wellknown": "shape://horizline", "fill_type": "color", "fill_color": "#274e13", "fill_opacity": 0.22, "fill_wellknown": null, "fill_shape_color": null, "fill_shape_width": null, "fill_shape_size": null, "fill_img_url": "pattern_url/6388375325a99.jpg", "marker_img_url": null}},{"type": "Feature", "id": "layer_data_map.fid--27e80436_1a098c1eed1_-332", "geometry": {"type": "Polygon", "coordinates": [[[106.7075641, 47.79016534], [106.70811136, 47.79019404], [106.70808982, 47.79046173], [106.70755834, 47.79045939], [106.7075641, 47.79016534]]]}, "geometry_name": "geom", "properties": {"guid": 5595, "id": 5595, "object_no": null, "object_name": null, "layer_type_id": 222, "valid_to": null, "address_no": null, "border_type": "solid", "border_width": 0, "border_color": "#6aa84f", "border_opacity": null, "border_wellknown": "shape://horizline", "fill_type": "color", "fill_color": "#274e13", "fill_opacity": 0.22, "fill_wellknown": null, "fill_shape_color": null, "fill_shape_width": null, "fill_shape_size": null, "fill_img_url": "pattern_url/6388375325a99.jpg", "marker_img_url": null}},{"type": "Feature", "id": "layer_data_map.fid--27e80436_1a098c1eed1_-331", "geometry": {"type": "Polygon", "coordinates": [[[106.9359329, 47.98136366], [106.93745653, 47.98089124], [106.93782035, 47.98144572], [106.93632718, 47.98182004], [106.9359329, 47.98136366]]]}, "geometry_name": "geom", "properties": {"guid": 5596, "id": 5596, "object_no": null, "object_name": null, "layer_type_id": 222, "valid_to": null, "address_no": null, "border_type": "solid", "border_width": 0, "border_color": "#6aa84f", "border_opacity": null, "border_wellknown": "shape://horizline", "fill_type": "color", "fill_color": "#274e13", "fill_opacity": 0.22, "fill_wellknown": null, "fill_shape_color": null, "fill_shape_width": null, "fill_shape_size": null, "fill_img_url": "pattern_url/6388375325a99.jpg", "marker_img_url": null}},{"type": "Feature", "id": "layer_data_map.fid--27e80436_1a098c1eed1_-330", "geometry": {"type": "Polygon", "coordinates": [[[106.77394891, 47.86615766], [106.77420652, 47.86685317], [106.77441756, 47.86707607], [106.7746471, 47.86732249], [106.7745274, 47.86744338], [106.77368912, 47.8668083], [106.77353071, 47.86657104], [106.77351543, 47.86630739], [106.77362892, 47.86613528], [106.77394891, 47.86615766]]]}, "geometry_name": "geom", "properties": {"guid": 5597, "id": 5597, "object_no": null, "object_name": null, "layer_type_id": 222, "valid_to": null, "address_no": null, "border_type": "solid", "border_width": 0, "border_color": "#6aa84f", "border_opacity": null, "border_wellknown": "shape://horizline", "fill_type": "color", "fill_color": "#274e13", "fill_opacity": 0.22, "fill_wellknown": null, "fill_shape_color": null, "fill_shape_width": null, "fill_shape_size": null, "fill_img_url": "pattern_url/6388375325a99.jpg", "marker_img_url": null}},{"type": "Feature", "id": "layer_data_map.fid--27e80436_1a098c1eed1_-32f", "geometry": {"type": "Polygon", "coordinates": [[[106.71207763, 47.78204254], [106.7125645, 47.78186387], [106.71311767, 47.78241269], [106.71263044, 47.78258066], [106.71207763, 47.78204254]]]}, "geometry_name": "geom", "properties": {"guid": 5598, "id": 5598, "object_no": null, "object_name": null, "layer_type_id": 222, "valid_to": null, "address_no": null, "border_type": "solid", "border_width": 0, "border_color": "#6aa84f", "border_opacity": null, "border_wellknown": "shape://horizline", "fill_type": "color", "fill_color": "#274e13", "fill_opacity": 0.22, "fill_wellknown": null, "fill_shape_color": null, "fill_shape_width": null, "fill_shape_size": null, "fill_img_url": "pattern_url/6388375325a99.jpg", "marker_img_url": null}},{"type": "Feature", "id": "layer_data_map.fid--27e80436_1a098c1eed1_-32e", "geometry": {"type": "Polygon", "coordinates": [[[106.71555897, 47.77846726], [106.71521558, 47.77809446], [106.7157868, 47.7778776], [106.71609959, 47.77825979], [106.71555897, 47.77846726]]]}, "geometry_name": "geom", "properties": {"guid": 5599, "id": 5599, "object_no": null, "object_name": null, "layer_type_id": 222, "valid_to": null, "address_no": null, "border_type": "solid", "border_width": 0, "border_color": "#6aa84f", "border_opacity": null, "border_wellknown": "shape://horizline", "fill_type": "color", "fill_color": "#274e13", "fill_opacity": 0.22, "fill_wellknown": null, "fill_shape_color": null, "fill_shape_width": null, "fill_shape_size": null, "fill_img_url": "pattern_url/6388375325a99.jpg", "marker_img_url": null}},{"type": "Feature", "id": "layer_data_map.fid--27e80436_1a098c1eed1_-32d", "geometry": {"type": "Polygon", "coordinates": [[[106.83245736, 47.87259194], [106.83287557, 47.8726162], [106.83284859, 47.8730545], [106.83240933, 47.87303534], [106.83245736, 47.87259194]]]}, "geometry_name": "geom", "properties": {"guid": 5600, "id": 5600, "object_no": null, "object_name": null, "layer_type_id": 222, "valid_to": null, "address_no": null, "border_type": "solid", "border_width": 0, "border_color": "#6aa84f", "border_opacity": null, "border_wellknown": "shape://horizline", "fill_type": "color", "fill_color": "#274e13", "fill_opacity": 0.22, "fill_wellknown": null, "fill_shape_color": null, "fill_shape_width": null, "fill_shape_size": null, "fill_img_url": "pattern_url/6388375325a99.jpg", "marker_img_url": null}},{"type": "Feature", "id": "layer_data_map.fid--27e80436_1a098c1eed1_-32c", "geometry": {"type": "Polygon", "coordinates": [[[106.83000585, 47.87157683], [106.83003148, 47.87110036], [106.83122526, 47.87147501], [106.83098893, 47.8718729], [106.83000585, 47.87157683]]]}, "geometry_name": "geom", "properties": {"guid": 5601, "id": 5601, "object_no": null, "object_name": null, "layer_type_id": 222, "valid_to": null, "address_no": null, "border_type": "solid", "border_width": 0, "border_color": "#6aa84f", "border_opacity": null, "border_wellknown": "shape://horizline", "fill_type": "color", "fill_color": "#274e13", "fill_opacity": 0.22, "fill_wellknown": null, "fill_shape_color": null, "fill_shape_width": null, "fill_shape_size": null, "fill_img_url": "pattern_url/6388375325a99.jpg", "marker_img_url": null}},{"type": "Feature", "id": "layer_data_map.fid--27e80436_1a098c1eed1_-32b", "geometry": {"type": "Polygon", "coordinates": [[[106.72018181, 47.84406714], [106.72081542, 47.84366499], [106.72114096, 47.84388856], [106.72051725, 47.84426915], [106.72018181, 47.84406714]]]}, "geometry_name": "geom", "properties": {"guid": 5602, "id": 5602, "object_no": null, "object_name": null, "layer_type_id": 222, "valid_to": null, "address_no": null, "border_type": "solid", "border_width": 0, "border_color": "#6aa84f", "border_opacity": null, "border_wellknown": "shape://horizline", "fill_type": "color", "fill_color": "#274e13", "fill_opacity": 0.22, "fill_wellknown": null, "fill_shape_color": null, "fill_shape_width": null, "fill_shape_size": null, "fill_img_url": "pattern_url/6388375325a99.jpg", "marker_img_url": null}},{"type": "Feature", "id": "layer_data_map.fid--27e80436_1a098c1eed1_-32a", "geometry": {"type": "Polygon", "coordinates": [[[107.39213105, 47.78129657], [107.3926288, 47.78167098], [107.39205985, 47.78201397], [107.39154632, 47.78164565], [107.39213105, 47.78129657]]]}, "geometry_name": "geom", "properties": {"guid": 5603, "id": 5603, "object_no": null, "object_name": null, "layer_type_id": 222, "valid_to": null, "address_no": null, "border_type": "solid", "border_width": 0, "border_color": "#6aa84f", "border_opacity": null, "border_wellknown": "shape://horizline", "fill_type": "color", "fill_color": "#274e13", "fill_opacity": 0.22, "fill_wellknown": null, "fill_shape_color": null, "fill_shape_width": null, "fill_shape_size": null, "fill_img_url": "pattern_url/6388375325a99.jpg", "marker_img_url": null}},{"type": "Feature", "id": "layer_data_map.fid--27e80436_1a098c1eed1_-329", "geometry": {"type": "Polygon", "coordinates": [[[107.26786835, 47.76571025], [107.26800365, 47.76586061], [107.26768324, 47.76600371], [107.2675499, 47.76585151], [107.26786835, 47.76571025]]]}, "geometry_name": "geom", "properties": {"guid": 5604, "id": 5604, "object_no": null, "object_name": null, "layer_type_id": 222, "valid_to": null, "address_no": null, "border_type": "solid", "border_width": 0, "border_color": "#6aa84f", "border_opacity": null, "border_wellknown": "shape://horizline", "fill_type": "color", "fill_color": "#274e13", "fill_opacity": 0.22, "fill_wellknown": null, "fill_shape_color": null, "fill_shape_width": null, "fill_shape_size": null, "fill_img_url": "pattern_url/6388375325a99.jpg", "marker_img_url": null}},{"type": "Feature", "id": "layer_data_map.fid--27e80436_1a098c1eed1_-328", "geometry": {"type": "Polygon", "coordinates": [[[107.27634303, 47.77305281], [107.27631444, 47.77326354], [107.27605286, 47.77327119], [107.27607526, 47.77303461], [107.27634303, 47.77305281]]]}, "geometry_name": "geom", "properties": {"guid": 5605, "id": 5605, "object_no": null, "object_name": null, "layer_type_id": 222, "valid_to": null, "address_no": null, "border_type": "solid", "border_width": 0, "border_color": "#6aa84f", "border_opacity": null, "border_wellknown": "shape://horizline", "fill_type": "color", "fill_color": "#274e13", "fill_opacity": 0.22, "fill_wellknown": null, "fill_shape_color": null, "fill_shape_width": null, "fill_shape_size": null, "fill_img_url": "pattern_url/6388375325a99.jpg", "marker_img_url": null}},{"type": "Feature", "id": "layer_data_map.fid--27e80436_1a098c1eed1_-327", "geometry": {"type": "Polygon", "coordinates": [[[107.24102545, 47.77296354], [107.24123, 47.77315571], [107.24109145, 47.77322919], [107.24087845, 47.77303782], [107.24102545, 47.77296354]]]}, "geometry_name": "geom", "properties": {"guid": 5606, "id": 5606, "object_no": null, "object_name": null, "layer_type_id": 222, "valid_to": null, "address_no": null, "border_type": "solid", "border_width": 0, "border_color": "#6aa84f", "border_opacity": null, "border_wellknown": "shape://horizline", "fill_type": "color", "fill_color": "#274e13", "fill_opacity": 0.22, "fill_wellknown": null, "fill_shape_color": null, "fill_shape_width": null, "fill_shape_size": null, "fill_img_url": "pattern_url/6388375325a99.jpg", "marker_img_url": null}},{"type": "Feature", "id": "layer_data_map.fid--27e80436_1a098c1eed1_-326", "geometry": {"type": "Polygon", "coordinates": [[[108.39131167, 47.79638654], [108.39156564, 47.7960814], [108.39229899, 47.79635435], [108.39205039, 47.79667421], [108.39131167, 47.79638654]]]}, "geometry_name": "geom", "properties": {"guid": 5607, "id": 5607, "object_no": null, "object_name": null, "layer_type_id": 222, "valid_to": null, "address_no": null, "border_type": "solid", "border_width": 0, "border_color": "#6aa84f", "border_opacity": null, "border_wellknown": "shape://horizline", "fill_type": "color", "fill_color": "#274e13", "fill_opacity": 0.22, "fill_wellknown": null, "fill_shape_color": null, "fill_shape_width": null, "fill_shape_size": null, "fill_img_url": "pattern_url/6388375325a99.jpg", "marker_img_url": null}},{"type": "Feature", "id": "layer_data_map.fid--27e80436_1a098c1eed1_-325", "geometry": {"type": "Polygon", "coordinates": [[[108.37500812, 47.78057041], [108.37538672, 47.78083172], [108.37409253, 47.78154377], [108.37373608, 47.78129615], [108.37500812, 47.78057041]]]}, "geometry_name": "geom", "properties": {"guid": 5608, "id": 5608, "object_no": null, "object_name": null, "layer_type_id": 222, "valid_to": null, "address_no": null, "border_type": "solid", "border_width": 0, "border_color": "#6aa84f", "border_opacity": null, "border_wellknown": "shape://horizline", "fill_type": "color", "fill_color": "#274e13", "fill_opacity": 0.22, "fill_wellknown": null, "fill_shape_color": null, "fill_shape_width": null, "fill_shape_size": null, "fill_img_url": "pattern_url/6388375325a99.jpg", "marker_img_url": null}},{"type": "Feature", "id": "layer_data_map.fid--27e80436_1a098c1eed1_-324", "geometry": {"type": "Polygon", "coordinates": [[[108.37171754, 47.78396534], [108.37230959, 47.784353], [108.3727707, 47.78450055], [108.37275055, 47.78459961], [108.37160595, 47.78454221], [108.37142679, 47.78440408], [108.37168803, 47.78416696], [108.37171754, 47.78396534]]]}, "geometry_name": "geom", "properties": {"guid": 5609, "id": 5609, "object_no": null, "object_name": null, "layer_type_id": 222, "valid_to": null, "address_no": null, "border_type": "solid", "border_width": 0, "border_color": "#6aa84f", "border_opacity": null, "border_wellknown": "shape://horizline", "fill_type": "color", "fill_color": "#274e13", "fill_opacity": 0.22, "fill_wellknown": null, "fill_shape_color": null, "fill_shape_width": null, "fill_shape_size": null, "fill_img_url": "pattern_url/6388375325a99.jpg", "marker_img_url": null}},{"type": "Feature", "id": "layer_data_map.fid--27e80436_1a098c1eed1_-323", "geometry": {"type": "Polygon", "coordinates": [[[106.91875714, 47.96470369], [106.9191073, 47.96470497], [106.91910872, 47.96479002], [106.91875236, 47.96479499], [106.91875714, 47.96470369]]]}, "geometry_name": "geom", "properties": {"guid": 5610, "id": 5610, "object_no": null, "object_name": null, "layer_type_id": 222, "valid_to": null, "address_no": null, "border_type": "solid", "border_width": 0, "border_color": "#6aa84f", "border_opacity": null, "border_wellknown": "shape://horizline", "fill_type": "color", "fill_color": "#274e13", "fill_opacity": 0.22, "fill_wellknown": null, "fill_shape_color": null, "fill_shape_width": null, "fill_shape_size": null, "fill_img_url": "pattern_url/6388375325a99.jpg", "marker_img_url": null}},{"type": "Feature", "id": "layer_data_map.fid--27e80436_1a098c1eed1_-322", "geometry": {"type": "Polygon", "coordinates": [[[106.91370092, 47.92962331], [106.91393618, 47.92964641], [106.91387509, 47.9299546], [106.91362948, 47.92993402], [106.91370092, 47.92962331]]]}, "geometry_name": "geom", "properties": {"guid": 5611, "id": 5611, "object_no": null, "object_name": null, "layer_type_id": 222, "valid_to": null, "address_no": null, "border_type": "solid", "border_width": 0, "border_color": "#6aa84f", "border_opacity": null, "border_wellknown": "shape://horizline", "fill_type": "color", "fill_color": "#274e13", "fill_opacity": 0.22, "fill_wellknown": null, "fill_shape_color": null, "fill_shape_width": null, "fill_shape_size": null, "fill_img_url": "pattern_url/6388375325a99.jpg", "marker_img_url": null}},{"type": "Feature", "id": "layer_data_map.fid--27e80436_1a098c1eed1_-321", "geometry": {"type": "Polygon", "coordinates": [[[106.93338881, 47.97837757], [106.934063, 47.97848201], [106.93395396, 47.9787538], [106.93328555, 47.97862786], [106.93338881, 47.97837757]]]}, "geometry_name": "geom", "properties": {"guid": 5612, "id": 5612, "object_no": null, "object_name": null, "layer_type_id": 222, "valid_to": null, "address_no": null, "border_type": "solid", "border_width": 0, "border_color": "#6aa84f", "border_opacity": null, "border_wellknown": "shape://horizline", "fill_type": "color", "fill_color": "#274e13", "fill_opacity": 0.22, "fill_wellknown": null, "fill_shape_color": null, "fill_shape_width": null, "fill_shape_size": null, "fill_img_url": "pattern_url/6388375325a99.jpg", "marker_img_url": null}},{"type": "Feature", "id": "layer_data_map.fid--27e80436_1a098c1eed1_-320", "geometry": {"type": "Polygon", "coordinates": [[[106.96656134, 47.9947958], [106.96764186, 47.99545241], [106.96721898, 47.99575255], [106.96605755, 47.99515803], [106.96656134, 47.9947958]]]}, "geometry_name": "geom", "properties": {"guid": 5613, "id": 5613, "object_no": null, "object_name": null, "layer_type_id": 222, "valid_to": null, "address_no": null, "border_type": "solid", "border_width": 0, "border_color": "#6aa84f", "border_opacity": null, "border_wellknown": "shape://horizline", "fill_type": "color", "fill_color": "#274e13", "fill_opacity": 0.22, "fill_wellknown": null, "fill_shape_color": null, "fill_shape_width": null, "fill_shape_size": null, "fill_img_url": "pattern_url/6388375325a99.jpg", "marker_img_url": null}},{"type": "Feature", "id": "layer_data_map.fid--27e80436_1a098c1eed1_-31f", "geometry": {"type": "Polygon", "coordinates": [[[106.97078437, 47.99764529], [106.97094838, 47.99780446], [106.97060531, 47.99795236], [106.97044937, 47.99779667], [106.97078437, 47.99764529]]]}, "geometry_name": "geom", "properties": {"guid": 5614, "id": 5614, "object_no": null, "object_name": null, "layer_type_id": 222, "valid_to": null, "address_no": null, "border_type": "solid", "border_width": 0, "border_color": "#6aa84f", "border_opacity": null, "border_wellknown": "shape://horizline", "fill_type": "color", "fill_color": "#274e13", "fill_opacity": 0.22, "fill_wellknown": null, "fill_shape_color": null, "fill_shape_width": null, "fill_shape_size": null, "fill_img_url": "pattern_url/6388375325a99.jpg", "marker_img_url": null}},{"type": "Feature", "id": "layer_data_map.fid--27e80436_1a098c1eed1_-31e", "geometry": {"type": "Polygon", "coordinates": [[[106.91825147, 47.95854223], [106.91878537, 47.95847254], [106.91890621, 47.95888491], [106.91849759, 47.95900359], [106.91825147, 47.95854223]]]}, "geometry_name": "geom", "properties": {"guid": 5615, "id": 5615, "object_no": null, "object_name": null, "layer_type_id": 222, "valid_to": null, "address_no": null, "border_type": "solid", "border_width": 0, "border_color": "#6aa84f", "border_opacity": null, "border_wellknown": "shape://horizline", "fill_type": "color", "fill_color": "#274e13", "fill_opacity": 0.22, "fill_wellknown": null, "fill_shape_color": null, "fill_shape_width": null, "fill_shape_size": null, "fill_img_url": "pattern_url/6388375325a99.jpg", "marker_img_url": null}},{"type": "Feature", "id": "layer_data_map.fid--27e80436_1a098c1eed1_-31d", "geometry": {"type": "Polygon", "coordinates": [[[106.88855084, 48.14867502], [106.88964421, 48.14946966], [106.88852437, 48.15019622], [106.88736578, 48.14968051], [106.88855084, 48.14867502]]]}, "geometry_name": "geom", "properties": {"guid": 5616, "id": 5616, "object_no": null, "object_name": null, "layer_type_id": 222, "valid_to": null, "address_no": null, "border_type": "solid", "border_width": 0, "border_color": "#6aa84f", "border_opacity": null, "border_wellknown": "shape://horizline", "fill_type": "color", "fill_color": "#274e13", "fill_opacity": 0.22, "fill_wellknown": null, "fill_shape_color": null, "fill_shape_width": null, "fill_shape_size": null, "fill_img_url": "pattern_url/6388375325a99.jpg", "marker_img_url": null}},{"type": "Feature", "id": "layer_data_map.fid--27e80436_1a098c1eed1_-31c", "geometry": {"type": "Polygon", "coordinates": [[[106.97357874, 48.00882292], [106.97401572, 48.00910166], [106.97349512, 48.00969247], [106.97296555, 48.00953701], [106.97357874, 48.00882292]]]}, "geometry_name": "geom", "properties": {"guid": 5617, "id": 5617, "object_no": null, "object_name": null, "layer_type_id": 222, "valid_to": null, "address_no": null, "border_type": "solid", "border_width": 0, "border_color": "#6aa84f", "border_opacity": null, "border_wellknown": "shape://horizline", "fill_type": "color", "fill_color": "#274e13", "fill_opacity": 0.22, "fill_wellknown": null, "fill_shape_color": null, "fill_shape_width": null, "fill_shape_size": null, "fill_img_url": "pattern_url/6388375325a99.jpg", "marker_img_url": null}},{"type": "Feature", "id": "layer_data_map.fid--27e80436_1a098c1eed1_-31b", "geometry": {"type": "Polygon", "coordinates": [[[106.90933751, 47.94123315], [106.90976883, 47.9412865], [106.90968343, 47.94172959], [106.90922072, 47.94168473], [106.90933751, 47.94123315]]]}, "geometry_name": "geom", "properties": {"guid": 5618, "id": 5618, "object_no": null, "object_name": null, "layer_type_id": 222, "valid_to": null, "address_no": null, "border_type": "solid", "border_width": 0, "border_color": "#6aa84f", "border_opacity": null, "border_wellknown": "shape://horizline", "fill_type": "color", "fill_color": "#274e13", "fill_opacity": 0.22, "fill_wellknown": null, "fill_shape_color": null, "fill_shape_width": null, "fill_shape_size": null, "fill_img_url": "pattern_url/6388375325a99.jpg", "marker_img_url": null}},{"type": "Feature", "id": "layer_data_map.fid--27e80436_1a098c1eed1_-31a", "geometry": {"type": "Polygon", "coordinates": [[[106.90370974, 47.94508283], [106.90366664, 47.9448626], [106.90410003, 47.94483806], [106.90417181, 47.94507003], [106.90370974, 47.94508283]]]}, "geometry_name": "geom", "properties": {"guid": 5619, "id": 5619, "object_no": null, "object_name": null, "layer_type_id": 222, "valid_to": null, "address_no": null, "border_type": "solid", "border_width": 0, "border_color": "#6aa84f", "border_opacity": null, "border_wellknown": "shape://horizline", "fill_type": "color", "fill_color": "#274e13", "fill_opacity": 0.22, "fill_wellknown": null, "fill_shape_color": null, "fill_shape_width": null, "fill_shape_size": null, "fill_img_url": "pattern_url/6388375325a99.jpg", "marker_img_url": null}},{"type": "Feature", "id": "layer_data_map.fid--27e80436_1a098c1eed1_-319", "geometry": {"type": "Polygon", "coordinates": [[[106.8988167, 47.91881], [106.90103489, 47.9190453], [106.90104077, 47.91918846], [106.89947345, 47.91902165], [106.89937446, 47.91950875], [106.90080277, 47.91964931], [106.90078781, 47.9198209], [106.89957336, 47.91971964], [106.89953256, 47.92005585], [106.89942528, 47.92013534], [106.89877988, 47.91893318], [106.8988167, 47.91881]]]}, "geometry_name": "geom", "properties": {"guid": 5620, "id": 5620, "object_no": null, "object_name": null, "layer_type_id": 222, "valid_to": null, "address_no": null, "border_type": "solid", "border_width": 0, "border_color": "#6aa84f", "border_opacity": null, "border_wellknown": "shape://horizline", "fill_type": "color", "fill_color": "#274e13", "fill_opacity": 0.22, "fill_wellknown": null, "fill_shape_color": null, "fill_shape_width": null, "fill_shape_size": null, "fill_img_url": "pattern_url/6388375325a99.jpg", "marker_img_url": null}},{"type": "Feature", "id": "layer_data_map.fid--27e80436_1a098c1eed1_-318", "geometry": {"type": "Polygon", "coordinates": [[[106.94778777, 47.92500696], [106.94776792, 47.92490805], [106.9477749, 47.92483784], [106.94769106, 47.92457453], [106.9480433, 47.92454315], [106.94808169, 47.92479932], [106.9482237, 47.92478694], [106.94825892, 47.92495408], [106.94778777, 47.92500696]]]}, "geometry_name": "geom", "properties": {"guid": 5621, "id": 5621, "object_no": null, "object_name": null, "layer_type_id": 222, "valid_to": null, "address_no": null, "border_type": "solid", "border_width": 0, "border_color": "#6aa84f", "border_opacity": null, "border_wellknown": "shape://horizline", "fill_type": "color", "fill_color": "#274e13", "fill_opacity": 0.22, "fill_wellknown": null, "fill_shape_color": null, "fill_shape_width": null, "fill_shape_size": null, "fill_img_url": "pattern_url/6388375325a99.jpg", "marker_img_url": null}},{"type": "Feature", "id": "layer_data_map.fid--27e80436_1a098c1eed1_-317", "geometry": {"type": "Polygon", "coordinates": [[[106.9334829, 47.92899875], [106.93356285, 47.92900181], [106.93360025, 47.92900015], [106.93359895, 47.92897903], [106.93393471, 47.92897345], [106.93393113, 47.92894457], [106.93410248, 47.9289443], [106.93410488, 47.92891701], [106.9341855, 47.9289169], [106.93418508, 47.92889505], [106.93444501, 47.9288952], [106.93443422, 47.92903124], [106.93349964, 47.92923478], [106.9334829, 47.92899875]]]}, "geometry_name": "geom", "properties": {"guid": 5622, "id": 5622, "object_no": null, "object_name": null, "layer_type_id": 222, "valid_to": null, "address_no": null, "border_type": "solid", "border_width": 0, "border_color": "#6aa84f", "border_opacity": null, "border_wellknown": "shape://horizline", "fill_type": "color", "fill_color": "#274e13", "fill_opacity": 0.22, "fill_wellknown": null, "fill_shape_color": null, "fill_shape_width": null, "fill_shape_size": null, "fill_img_url": "pattern_url/6388375325a99.jpg", "marker_img_url": null}},{"type": "Feature", "id": "layer_data_map.fid--27e80436_1a098c1eed1_-316", "geometry": {"type": "Polygon", "coordinates": [[[107.01713829, 47.90634013], [107.01634331, 47.90659226], [107.01614476, 47.90629566], [107.01694657, 47.90605532], [107.01713829, 47.90634013]]]}, "geometry_name": "geom", "properties": {"guid": 5623, "id": 5623, "object_no": null, "object_name": null, "layer_type_id": 222, "valid_to": null, "address_no": null, "border_type": "solid", "border_width": 0, "border_color": "#6aa84f", "border_opacity": null, "border_wellknown": "shape://horizline", "fill_type": "color", "fill_color": "#274e13", "fill_opacity": 0.22, "fill_wellknown": null, "fill_shape_color": null, "fill_shape_width": null, "fill_shape_size": null, "fill_img_url": "pattern_url/6388375325a99.jpg", "marker_img_url": null}},{"type": "Feature", "id": "layer_data_map.fid--27e80436_1a098c1eed1_-315", "geometry": {"type": "Polygon", "coordinates": [[[106.99531501, 47.91383864], [106.9961531, 47.91387289], [106.99608956, 47.9144313], [106.99576992, 47.91441066], [106.99567867, 47.9143408], [106.9955641, 47.91430945], [106.99544363, 47.91430916], [106.99531402, 47.91434714], [106.99525984, 47.91441238], [106.99491896, 47.91439211], [106.99493243, 47.91418944], [106.99527073, 47.91420737], [106.99531501, 47.91383864]]]}, "geometry_name": "geom", "properties": {"guid": 5624, "id": 5624, "object_no": null, "object_name": null, "layer_type_id": 222, "valid_to": null, "address_no": null, "border_type": "solid", "border_width": 0, "border_color": "#6aa84f", "border_opacity": null, "border_wellknown": "shape://horizline", "fill_type": "color", "fill_color": "#274e13", "fill_opacity": 0.22, "fill_wellknown": null, "fill_shape_color": null, "fill_shape_width": null, "fill_shape_size": null, "fill_img_url": "pattern_url/6388375325a99.jpg", "marker_img_url": null}},{"type": "Feature", "id": "layer_data_map.fid--27e80436_1a098c1eed1_-314", "geometry": {"type": "Polygon", "coordinates": [[[106.96952434, 47.9164755], [106.96895657, 47.91652312], [106.96831304, 47.91657925], [106.96759443, 47.91664409], [106.96756195, 47.9164564], [106.96949002, 47.91628996], [106.96952434, 47.9164755]]]}, "geometry_name": "geom", "properties": {"guid": 5625, "id": 5625, "object_no": null, "object_name": null, "layer_type_id": 222, "valid_to": null, "address_no": null, "border_type": "solid", "border_width": 0, "border_color": "#6aa84f", "border_opacity": null, "border_wellknown": "shape://horizline", "fill_type": "color", "fill_color": "#274e13", "fill_opacity": 0.22, "fill_wellknown": null, "fill_shape_color": null, "fill_shape_width": null, "fill_shape_size": null, "fill_img_url": "pattern_url/6388375325a99.jpg", "marker_img_url": null}},{"type": "Feature", "id": "layer_data_map.fid--27e80436_1a098c1eed1_-313", "geometry": {"type": "Polygon", "coordinates": [[[106.94340394, 47.91964522], [106.94342012, 47.91958031], [106.94388711, 47.91959629], [106.94403833, 47.9196697], [106.94454719, 47.91959797], [106.94489199, 47.91956247], [106.9450211, 47.91955389], [106.94509278, 47.91965387], [106.94393668, 47.91981444], [106.94390428, 47.91970639], [106.94340394, 47.91964522]]]}, "geometry_name": "geom", "properties": {"guid": 5626, "id": 5626, "object_no": null, "object_name": null, "layer_type_id": 222, "valid_to": null, "address_no": null, "border_type": "solid", "border_width": 0, "border_color": "#6aa84f", "border_opacity": null, "border_wellknown": "shape://horizline", "fill_type": "color", "fill_color": "#274e13", "fill_opacity": 0.22, "fill_wellknown": null, "fill_shape_color": null, "fill_shape_width": null, "fill_shape_size": null, "fill_img_url": "pattern_url/6388375325a99.jpg", "marker_img_url": null}},{"type": "Feature", "id": "layer_data_map.fid--27e80436_1a098c1eed1_-312", "geometry": {"type": "Polygon", "coordinates": [[[106.99400957, 47.91138607], [106.99498966, 47.91144763], [106.9948905, 47.91218529], [106.99634963, 47.91226709], [106.99632443, 47.91261819], [106.99384984, 47.91248577], [106.99400957, 47.91138607]]]}, "geometry_name": "geom", "properties": {"guid": 5627, "id": 5627, "object_no": null, "object_name": null, "layer_type_id": 222, "valid_to": null, "address_no": null, "border_type": "solid", "border_width": 0, "border_color": "#6aa84f", "border_opacity": null, "border_wellknown": "shape://horizline", "fill_type": "color", "fill_color": "#274e13", "fill_opacity": 0.22, "fill_wellknown": null, "fill_shape_color": null, "fill_shape_width": null, "fill_shape_size": null, "fill_img_url": "pattern_url/6388375325a99.jpg", "marker_img_url": null}},{"type": "Feature", "id": "layer_data_map.fid--27e80436_1a098c1eed1_-311", "geometry": {"type": "Polygon", "coordinates": [[[106.97752188, 47.91274413], [106.97756047, 47.91266143], [106.97792333, 47.9124976], [106.97818722, 47.91241517], [106.97886361, 47.91243544], [106.97881795, 47.91270194], [106.97813403, 47.91262789], [106.9779946, 47.91268745], [106.97791671, 47.91268879], [106.97777198, 47.91286502], [106.97752188, 47.91274413]]]}, "geometry_name": "geom", "properties": {"guid": 5628, "id": 5628, "object_no": null, "object_name": null, "layer_type_id": 222, "valid_to": null, "address_no": null, "border_type": "solid", "border_width": 0, "border_color": "#6aa84f", "border_opacity": null, "border_wellknown": "shape://horizline", "fill_type": "color", "fill_color": "#274e13", "fill_opacity": 0.22, "fill_wellknown": null, "fill_shape_color": null, "fill_shape_width": null, "fill_shape_size": null, "fill_img_url": "pattern_url/6388375325a99.jpg", "marker_img_url": null}},{"type": "Feature", "id": "layer_data_map.fid--27e80436_1a098c1eed1_-310", "geometry": {"type": "Polygon", "coordinates": [[[106.934815, 47.91826149], [106.93489702, 47.91793983], [106.93498815, 47.91800855], [106.93518738, 47.91807308], [106.93516135, 47.91811637], [106.93536078, 47.91812016], [106.93535307, 47.91809272], [106.93555867, 47.91802314], [106.93569374, 47.91803516], [106.93538459, 47.91839047], [106.93512922, 47.91838287], [106.93515027, 47.91828248], [106.93509371, 47.91828582], [106.934815, 47.91826149]]]}, "geometry_name": "geom", "properties": {"guid": 5629, "id": 5629, "object_no": null, "object_name": null, "layer_type_id": 222, "valid_to": null, "address_no": null, "border_type": "solid", "border_width": 0, "border_color": "#6aa84f", "border_opacity": null, "border_wellknown": "shape://horizline", "fill_type": "color", "fill_color": "#274e13", "fill_opacity": 0.22, "fill_wellknown": null, "fill_shape_color": null, "fill_shape_width": null, "fill_shape_size": null, "fill_img_url": "pattern_url/6388375325a99.jpg", "marker_img_url": null}},{"type": "Feature", "id": "layer_data_map.fid--27e80436_1a098c1eed1_-30f", "geometry": {"type": "Polygon", "coordinates": [[[106.93120936, 47.91556543], [106.93121826, 47.91546013], [106.93128331, 47.91546122], [106.93128627, 47.91530351], [106.93190715, 47.91533021], [106.93190991, 47.91549926], [106.93185689, 47.91550254], [106.93185083, 47.91560229], [106.93120936, 47.91556543]]]}, "geometry_name": "geom", "properties": {"guid": 5630, "id": 5630, "object_no": null, "object_name": null, "layer_type_id": 222, "valid_to": null, "address_no": null, "border_type": "solid", "border_width": 0, "border_color": "#6aa84f", "border_opacity": null, "border_wellknown": "shape://horizline", "fill_type": "color", "fill_color": "#274e13", "fill_opacity": 0.22, "fill_wellknown": null, "fill_shape_color": null, "fill_shape_width": null, "fill_shape_size": null, "fill_img_url": "pattern_url/6388375325a99.jpg", "marker_img_url": null}},{"type": "Feature", "id": "layer_data_map.fid--27e80436_1a098c1eed1_-30e", "geometry": {"type": "Polygon", "coordinates": [[[106.97415477, 47.91335439], [106.97278381, 47.91333345], [106.97279227, 47.91316773], [106.97343464, 47.91318305], [106.97393523, 47.91319149], [106.97397226, 47.91242177], [106.97421733, 47.9124327], [106.97415477, 47.91335439]]]}, "geometry_name": "geom", "properties": {"guid": 5631, "id": 5631, "object_no": null, "object_name": null, "layer_type_id": 222, "valid_to": null, "address_no": null, "border_type": "solid", "border_width": 0, "border_color": "#6aa84f", "border_opacity": null, "border_wellknown": "shape://horizline", "fill_type": "color", "fill_color": "#274e13", "fill_opacity": 0.22, "fill_wellknown": null, "fill_shape_color": null, "fill_shape_width": null, "fill_shape_size": null, "fill_img_url": "pattern_url/6388375325a99.jpg", "marker_img_url": null}},{"type": "Feature", "id": "layer_data_map.fid--27e80436_1a098c1eed1_-30d", "geometry": {"type": "Polygon", "coordinates": [[[106.94752384, 47.91330202], [106.94752169, 47.91283249], [106.94871605, 47.91280114], [106.94871102, 47.91293534], [106.94922098, 47.9129322], [106.94920032, 47.9132787], [106.94752384, 47.91330202]]]}, "geometry_name": "geom", "properties": {"guid": 5632, "id": 5632, "object_no": null, "object_name": null, "layer_type_id": 222, "valid_to": null, "address_no": null, "border_type": "solid", "border_width": 0, "border_color": "#6aa84f", "border_opacity": null, "border_wellknown": "shape://horizline", "fill_type": "color", "fill_color": "#274e13", "fill_opacity": 0.22, "fill_wellknown": null, "fill_shape_color": null, "fill_shape_width": null, "fill_shape_size": null, "fill_img_url": "pattern_url/6388375325a99.jpg", "marker_img_url": null}},{"type": "Feature", "id": "layer_data_map.fid--27e80436_1a098c1eed1_-30c", "geometry": {"type": "Polygon", "coordinates": [[[106.94467067, 47.90575248], [106.94463938, 47.90485171], [106.94997612, 47.90484082], [106.9499979, 47.90565616], [106.94467067, 47.90575248]]]}, "geometry_name": "geom", "properties": {"guid": 5633, "id": 5633, "object_no": null, "object_name": null, "layer_type_id": 222, "valid_to": null, "address_no": null, "border_type": "solid", "border_width": 0, "border_color": "#6aa84f", "border_opacity": null, "border_wellknown": "shape://horizline", "fill_type": "color", "fill_color": "#274e13", "fill_opacity": 0.22, "fill_wellknown": null, "fill_shape_color": null, "fill_shape_width": null, "fill_shape_size": null, "fill_img_url": "pattern_url/6388375325a99.jpg", "marker_img_url": null}},{"type": "Feature", "id": "layer_data_map.fid--27e80436_1a098c1eed1_-30b", "geometry": {"type": "Polygon", "coordinates": [[[106.97992712, 47.91993312], [106.9798864, 47.91970162], [106.98098252, 47.91959697], [106.9810701, 47.91994198], [106.97992712, 47.91993312]]]}, "geometry_name": "geom", "properties": {"guid": 5634, "id": 5634, "object_no": null, "object_name": null, "layer_type_id": 222, "valid_to": null, "address_no": null, "border_type": "solid", "border_width": 0, "border_color": "#6aa84f", "border_opacity": null, "border_wellknown": "shape://horizline", "fill_type": "color", "fill_color": "#274e13", "fill_opacity": 0.22, "fill_wellknown": null, "fill_shape_color": null, "fill_shape_width": null, "fill_shape_size": null, "fill_img_url": "pattern_url/6388375325a99.jpg", "marker_img_url": null}},{"type": "Feature", "id": "layer_data_map.fid--27e80436_1a098c1eed1_-30a", "geometry": {"type": "Polygon", "coordinates": [[[107.01392884, 47.91291777], [107.01391558, 47.91279973], [107.01470284, 47.91259695], [107.01575851, 47.91241408], [107.01580019, 47.91285632], [107.01392884, 47.91291777]]]}, "geometry_name": "geom", "properties": {"guid": 5635, "id": 5635, "object_no": null, "object_name": null, "layer_type_id": 222, "valid_to": null, "address_no": null, "border_type": "solid", "border_width": 0, "border_color": "#6aa84f", "border_opacity": null, "border_wellknown": "shape://horizline", "fill_type": "color", "fill_color": "#274e13", "fill_opacity": 0.22, "fill_wellknown": null, "fill_shape_color": null, "fill_shape_width": null, "fill_shape_size": null, "fill_img_url": "pattern_url/6388375325a99.jpg", "marker_img_url": null}},{"type": "Feature", "id": "layer_data_map.fid--27e80436_1a098c1eed1_-309", "geometry": {"type": "Polygon", "coordinates": [[[107.0205808, 47.90648243], [107.02026304, 47.90599375], [107.0215006, 47.90560934], [107.02165662, 47.9058272], [107.02281481, 47.90631805], [107.02453103, 47.9064543], [107.02417705, 47.90709642], [107.0205808, 47.90648243]]]}, "geometry_name": "geom", "properties": {"guid": 5636, "id": 5636, "object_no": null, "object_name": null, "layer_type_id": 222, "valid_to": null, "address_no": null, "border_type": "solid", "border_width": 0, "border_color": "#6aa84f", "border_opacity": null, "border_wellknown": "shape://horizline", "fill_type": "color", "fill_color": "#274e13", "fill_opacity": 0.22, "fill_wellknown": null, "fill_shape_color": null, "fill_shape_width": null, "fill_shape_size": null, "fill_img_url": "pattern_url/6388375325a99.jpg", "marker_img_url": null}},{"type": "Feature", "id": "layer_data_map.fid--27e80436_1a098c1eed1_-308", "geometry": {"type": "Polygon", "coordinates": [[[107.07575996, 47.92427714], [107.07578986, 47.92418039], [107.07607143, 47.92420957], [107.07604048, 47.92431155], [107.07575996, 47.92427714]]]}, "geometry_name": "geom", "properties": {"guid": 5637, "id": 5637, "object_no": null, "object_name": null, "layer_type_id": 222, "valid_to": null, "address_no": null, "border_type": "solid", "border_width": 0, "border_color": "#6aa84f", "border_opacity": null, "border_wellknown": "shape://horizline", "fill_type": "color", "fill_color": "#274e13", "fill_opacity": 0.22, "fill_wellknown": null, "fill_shape_color": null, "fill_shape_width": null, "fill_shape_size": null, "fill_img_url": "pattern_url/6388375325a99.jpg", "marker_img_url": null}},{"type": "Feature", "id": "layer_data_map.fid--27e80436_1a098c1eed1_-307", "geometry": {"type": "Polygon", "coordinates": [[[107.03344941, 47.91827874], [107.03344631, 47.91779333], [107.03362673, 47.91779013], [107.03364642, 47.91775052], [107.03373564, 47.9175883], [107.03373968, 47.91742046], [107.03379289, 47.91742309], [107.03411113, 47.91741388], [107.03411859, 47.91828116], [107.03344941, 47.91827874]]]}, "geometry_name": "geom", "properties": {"guid": 5638, "id": 5638, "object_no": null, "object_name": null, "layer_type_id": 222, "valid_to": null, "address_no": null, "border_type": "solid", "border_width": 0, "border_color": "#6aa84f", "border_opacity": null, "border_wellknown": "shape://horizline", "fill_type": "color", "fill_color": "#274e13", "fill_opacity": 0.22, "fill_wellknown": null, "fill_shape_color": null, "fill_shape_width": null, "fill_shape_size": null, "fill_img_url": "pattern_url/6388375325a99.jpg", "marker_img_url": null}},{"type": "Feature", "id": "layer_data_map.fid--27e80436_1a098c1eed1_-306", "geometry": {"type": "Polygon", "coordinates": [[[106.99397676, 47.90735412], [106.99434539, 47.90734235], [106.99439146, 47.90794195], [106.99398057, 47.90795089], [106.9938715, 47.90748874], [106.99397676, 47.90735412]]]}, "geometry_name": "geom", "properties": {"guid": 5639, "id": 5639, "object_no": null, "object_name": null, "layer_type_id": 222, "valid_to": null, "address_no": null, "border_type": "solid", "border_width": 0, "border_color": "#6aa84f", "border_opacity": null, "border_wellknown": "shape://horizline", "fill_type": "color", "fill_color": "#274e13", "fill_opacity": 0.22, "fill_wellknown": null, "fill_shape_color": null, "fill_shape_width": null, "fill_shape_size": null, "fill_img_url": "pattern_url/6388375325a99.jpg", "marker_img_url": null}},{"type": "Feature", "id": "layer_data_map.fid--27e80436_1a098c1eed1_-305", "geometry": {"type": "Polygon", "coordinates": [[[106.9658582, 47.9149428], [106.96593177, 47.91531468], [106.96542031, 47.91535344], [106.96535459, 47.91497703], [106.9658582, 47.9149428]]]}, "geometry_name": "geom", "properties": {"guid": 5640, "id": 5640, "object_no": null, "object_name": null, "layer_type_id": 222, "valid_to": null, "address_no": null, "border_type": "solid", "border_width": 0, "border_color": "#6aa84f", "border_opacity": null, "border_wellknown": "shape://horizline", "fill_type": "color", "fill_color": "#274e13", "fill_opacity": 0.22, "fill_wellknown": null, "fill_shape_color": null, "fill_shape_width": null, "fill_shape_size": null, "fill_img_url": "pattern_url/6388375325a99.jpg", "marker_img_url": null}},{"type": "Feature", "id": "layer_data_map.fid--27e80436_1a098c1eed1_-304", "geometry": {"type": "Polygon", "coordinates": [[[106.96976909, 47.92471964], [106.96978022, 47.924307], [106.97043903, 47.92429807], [106.97043762, 47.92472602], [106.96976909, 47.92471964]]]}, "geometry_name": "geom", "properties": {"guid": 5641, "id": 5641, "object_no": null, "object_name": null, "layer_type_id": 222, "valid_to": null, "address_no": null, "border_type": "solid", "border_width": 0, "border_color": "#6aa84f", "border_opacity": null, "border_wellknown": "shape://horizline", "fill_type": "color", "fill_color": "#274e13", "fill_opacity": 0.22, "fill_wellknown": null, "fill_shape_color": null, "fill_shape_width": null, "fill_shape_size": null, "fill_img_url": "pattern_url/6388375325a99.jpg", "marker_img_url": null}},{"type": "Feature", "id": "layer_data_map.fid--27e80436_1a098c1eed1_-303", "geometry": {"type": "Polygon", "coordinates": [[[106.98625566, 47.92833506], [106.98631836, 47.92803056], [106.98601473, 47.92800726], [106.98584523, 47.92784309], [106.98697213, 47.92790502], [106.98693234, 47.92839117], [106.98625566, 47.92833506]]]}, "geometry_name": "geom", "properties": {"guid": 5642, "id": 5642, "object_no": null, "object_name": null, "layer_type_id": 222, "valid_to": null, "address_no": null, "border_type": "solid", "border_width": 0, "border_color": "#6aa84f", "border_opacity": null, "border_wellknown": "shape://horizline", "fill_type": "color", "fill_color": "#274e13", "fill_opacity": 0.22, "fill_wellknown": null, "fill_shape_color": null, "fill_shape_width": null, "fill_shape_size": null, "fill_img_url": "pattern_url/6388375325a99.jpg", "marker_img_url": null}},{"type": "Feature", "id": "layer_data_map.fid--27e80436_1a098c1eed1_-302", "geometry": {"type": "Polygon", "coordinates": [[[107.00150853, 47.92952485], [107.00207162, 47.92968112], [107.00261703, 47.92913379], [107.00339974, 47.9293822], [107.00283555, 47.93005832], [107.00223374, 47.92984488], [107.00189421, 47.93022204], [107.00114157, 47.92998767], [107.00150853, 47.92952485]]]}, "geometry_name": "geom", "properties": {"guid": 5643, "id": 5643, "object_no": null, "object_name": null, "layer_type_id": 222, "valid_to": null, "address_no": null, "border_type": "solid", "border_width": 0, "border_color": "#6aa84f", "border_opacity": null, "border_wellknown": "shape://horizline", "fill_type": "color", "fill_color": "#274e13", "fill_opacity": 0.22, "fill_wellknown": null, "fill_shape_color": null, "fill_shape_width": null, "fill_shape_size": null, "fill_img_url": "pattern_url/6388375325a99.jpg", "marker_img_url": null}},{"type": "Feature", "id": "layer_data_map.fid--27e80436_1a098c1eed1_-301", "geometry": {"type": "Polygon", "coordinates": [[[106.96681323, 47.95304284], [106.96717109, 47.9526386], [106.96828589, 47.9530764], [106.96813027, 47.95326944], [106.96787248, 47.95319771], [106.96768269, 47.95335968], [106.96681323, 47.95304284]]]}, "geometry_name": "geom", "properties": {"guid": 5644, "id": 5644, "object_no": null, "object_name": null, "layer_type_id": 222, "valid_to": null, "address_no": null, "border_type": "solid", "border_width": 0, "border_color": "#6aa84f", "border_opacity": null, "border_wellknown": "shape://horizline", "fill_type": "color", "fill_color": "#274e13", "fill_opacity": 0.22, "fill_wellknown": null, "fill_shape_color": null, "fill_shape_width": null, "fill_shape_size": null, "fill_img_url": "pattern_url/6388375325a99.jpg", "marker_img_url": null}},{"type": "Feature", "id": "layer_data_map.fid--27e80436_1a098c1eed1_-300", "geometry": {"type": "Polygon", "coordinates": [[[106.94686744, 47.94278876], [106.94731591, 47.94294179], [106.94756779, 47.94328258], [106.94761332, 47.94378749], [106.94742119, 47.94409417], [106.94698857, 47.94436328], [106.94662115, 47.94448254], [106.94617891, 47.94449599], [106.94576122, 47.94445547], [106.94519502, 47.94423305], [106.94498234, 47.94399273], [106.94487095, 47.94361981], [106.94503342, 47.94323035], [106.94460377, 47.94310675], [106.94481607, 47.94286518], [106.94522237, 47.94260247], [106.94601229, 47.94241656], [106.94651734, 47.94242584], [106.94648448, 47.94272982], [106.94686744, 47.94278876]]]}, "geometry_name": "geom", "properties": {"guid": 5645, "id": 5645, "object_no": null, "object_name": null, "layer_type_id": 222, "valid_to": null, "address_no": null, "border_type": "solid", "border_width": 0, "border_color": "#6aa84f", "border_opacity": null, "border_wellknown": "shape://horizline", "fill_type": "color", "fill_color": "#274e13", "fill_opacity": 0.22, "fill_wellknown": null, "fill_shape_color": null, "fill_shape_width": null, "fill_shape_size": null, "fill_img_url": "pattern_url/6388375325a99.jpg", "marker_img_url": null}},{"type": "Feature", "id": "layer_data_map.fid--27e80436_1a098c1eed1_-2ff", "geometry": {"type": "Polygon", "coordinates": [[[106.88499426, 47.90956885], [106.88496868, 47.9092549], [106.89323398, 47.90912472], [106.89324567, 47.90946631], [106.88499426, 47.90956885]]]}, "geometry_name": "geom", "properties": {"guid": 5646, "id": 5646, "object_no": null, "object_name": null, "layer_type_id": 222, "valid_to": null, "address_no": null, "border_type": "solid", "border_width": 0, "border_color": "#6aa84f", "border_opacity": null, "border_wellknown": "shape://horizline", "fill_type": "color", "fill_color": "#274e13", "fill_opacity": 0.22, "fill_wellknown": null, "fill_shape_color": null, "fill_shape_width": null, "fill_shape_size": null, "fill_img_url": "pattern_url/6388375325a99.jpg", "marker_img_url": null}},{"type": "Feature", "id": "layer_data_map.fid--27e80436_1a098c1eed1_-2fe", "geometry": {"type": "Polygon", "coordinates": [[[106.86469433, 47.92443799], [106.86531272, 47.92444054], [106.86532449, 47.92476778], [106.86474354, 47.92476463], [106.86469433, 47.92443799]]]}, "geometry_name": "geom", "properties": {"guid": 5647, "id": 5647, "object_no": null, "object_name": null, "layer_type_id": 222, "valid_to": null, "address_no": null, "border_type": "solid", "border_width": 0, "border_color": "#6aa84f", "border_opacity": null, "border_wellknown": "shape://horizline", "fill_type": "color", "fill_color": "#274e13", "fill_opacity": 0.22, "fill_wellknown": null, "fill_shape_color": null, "fill_shape_width": null, "fill_shape_size": null, "fill_img_url": "pattern_url/6388375325a99.jpg", "marker_img_url": null}}]}