id,object_no,object_name,geom_type,lon,lat,Давхаргын төрөл,Замын ангилал,Батлагдсан огноо,Замын зурвас газар,Хэсэгчилсэн ерөнхий төлөвлөгөөний нэр,Нэмэлт тайлбар,Дүүрэг,Хороо,Хаягийн бүс,Гудамж
524993,,,Polygon,106.788626,47.913647,ХЕТ-ний төлөвлөлтийн зам,Төлөвлөгдсөн авто зам,-,4-8,Цэргийн хотхон хорооллын ХЕТ,2016.01.04 ний өдөр мэдээг оруулав,,,,
524994,,,Polygon,106.784543,47.915193,ХЕТ-ний төлөвлөлтийн зам,Төлөвлөгдсөн авто зам,-,4-8,Цэргийн хотхон хорооллын ХЕТ,2016.01.04 ний өдөр мэдээг оруулав,,,,
524997,,,MultiPolygon,106.583863,47.838409,ХЕТ-ний төлөвлөлтийн зам,Төлөвлөгдсөн авто зам,-,4-8,Аж үйлдвэр технологийн шинэ суурьшлын бүс,2016.01.04 ний өдөр мэдээг оруулав,,,,
524999,,,Polygon,106.520245,47.924229,ХЕТ-ний төлөвлөлтийн зам,"Төлөвлөж буй авто зам, аюулгүйн тойрог",2013.02.25,4-8,Хүй долоон худаг дахь Монгол наадам үндэсний спорт цогцолбор барих ажлын ХЕТ,2016.01.04 ний өдөр мэдээг оруулав,,,,
525001,,,Polygon,106.877764,48.129376,ХЕТ-ний төлөвлөлтийн зам,Төлөвлөгдсөн авто зам,2011.01.24,2-4,Ойн булаг,2016.01.04 ний өдөр мэдээг оруулав,,,,
525003,,,Polygon,106.925981,48.115598,ХЕТ-ний төлөвлөлтийн зам,Төлөвлөгдсөн авто зам,2011.01.24,2-4,Хандгайт,2016.01.04 ний өдөр мэдээг оруулав,,,,
525005,,,Polygon,106.90561,48.098126,ХЕТ-ний төлөвлөлтийн зам,Төлөвлөгдсөн авто зам,2011.01.24,2-4,Хандгайтын богино,2016.01.04 ний өдөр мэдээг оруулав,,,,
525007,,,Polygon,106.878653,48.094593,ХЕТ-ний төлөвлөлтийн зам,Төлөвлөгдсөн авто зам,2011.01.24,2-4,Майхан толгой,2016.01.04 ний өдөр мэдээг оруулав,,,,
525009,,,Polygon,106.90964,48.082175,ХЕТ-ний төлөвлөлтийн зам,Төлөвлөгдсөн авто зам,2011.01.24,2-4,Баянбулаг,2016.01.04 ний өдөр мэдээг оруулав,,,,
525011,,,Polygon,106.870643,48.068078,ХЕТ-ний төлөвлөлтийн зам,Төлөвлөгдсөн авто зам,2011.01.24,2-4,Гүнт,2016.01.04 ний өдөр мэдээг оруулав,,,,
525014,,,Polygon,106.909404,48.066885,ХЕТ-ний төлөвлөлтийн зам,Төлөвлөгдсөн авто зам,2011.01.24,2-4,Хуурай мухар,2016.01.04 ний өдөр мэдээг оруулав,,,,
525016,,,MultiPolygon,106.933186,48.062454,ХЕТ-ний төлөвлөлтийн зам,Төлөвлөгдсөн авто зам,2011.01.24,2-4,Шарга морьт,2016.01.04 ний өдөр мэдээг оруулав,,,,
525019,,,Polygon,106.88908,48.050894,ХЕТ-ний төлөвлөлтийн зам,Төлөвлөгдсөн авто зам,2011.01.24,2-4,Жигжид,2016.01.04 ний өдөр мэдээг оруулав,,,,
525021,,,Polygon,106.928563,48.04477,ХЕТ-ний төлөвлөлтийн зам,Төлөвлөгдсөн авто зам,2011.01.24,2-4,Гоодой,2016.01.04 ний өдөр мэдээг оруулав,,,,
525023,,,Polygon,106.899147,48.039877,ХЕТ-ний төлөвлөлтийн зам,Төлөвлөгдсөн авто зам,2011.01.24,2-4,Яргайтын богино,2016.01.04 ний өдөр мэдээг оруулав,,,,
525026,,,MultiPolygon,106.895553,48.029869,ХЕТ-ний төлөвлөлтийн зам,Төлөвлөгдсөн авто зам,2011.01.24,2-4,Яргайт,2016.01.04 ний өдөр мэдээг оруулав,,,,
525028,,,Polygon,106.912223,48.028533,ХЕТ-ний төлөвлөлтийн зам,Төлөвлөгдсөн авто зам,2011.01.24,2-4,Зуун мод_ЧД,2016.01.04 ний өдөр мэдээг оруулав,,,,
525030,,,MultiPolygon,106.90884,48.017873,ХЕТ-ний төлөвлөлтийн зам,Төлөвлөгдсөн авто зам,2011.01.24,2-4,Шадивлан,2016.01.04 ний өдөр мэдээг оруулав,,,,
525032,,,Polygon,106.932727,48.010177,ХЕТ-ний төлөвлөлтийн зам,Төлөвлөгдсөн авто зам,2011.01.24,2-4,Ар хустай,2016.01.04 ний өдөр мэдээг оруулав,,,,
525034,,,MultiPolygon,106.920882,48.001751,ХЕТ-ний төлөвлөлтийн зам,Төлөвлөгдсөн авто зам,2011.01.24,2-4,Ар согоот,2016.01.04 ний өдөр мэдээг оруулав,,,,
525036,,,MultiPolygon,106.96524,48.026704,ХЕТ-ний төлөвлөлтийн зам,Төлөвлөгдсөн авто зам,2011.01.24,2-4,Сэлх,2016.01.04 ний өдөр мэдээг оруулав,,,,
525038,,,Polygon,107.000554,48.057674,ХЕТ-ний төлөвлөлтийн зам,Төлөвлөгдсөн авто зам,2011.01.24,2-4,Сэлбэ,2016.01.04 ний өдөр мэдээг оруулав,,,,
525041,,,MultiPolygon,107.002985,48.030107,ХЕТ-ний төлөвлөлтийн зам,Төлөвлөгдсөн авто зам,2011.01.24,2-4,Бэлх,2016.01.04 ний өдөр мэдээг оруулав,,,,
525043,,,MultiPolygon,107.016712,48.044859,ХЕТ-ний төлөвлөлтийн зам,Төлөвлөгдсөн авто зам,2011.01.24,2-4,Бэлхийн хадат,2016.01.04 ний өдөр мэдээг оруулав,,,,
525045,,,Polygon,106.984626,48.008803,ХЕТ-ний төлөвлөлтийн зам,Төлөвлөгдсөн авто зам,2011.01.24,2-4,Цолмон,2016.01.04 ний өдөр мэдээг оруулав,,,,
525047,,,Polygon,106.994639,48.042354,ХЕТ-ний төлөвлөлтийн зам,Төлөвлөгдсөн авто зам,2011.01.24,2-4,Мааньт,2016.01.04 ний өдөр мэдээг оруулав,,,,
525049,,,MultiPolygon,107.011142,48.044746,ХЕТ-ний төлөвлөлтийн зам,Төлөвлөгдсөн авто зам,2011.01.24,2-4,Бэлхийн цуурайт,2016.01.04 ний өдөр мэдээг оруулав,,,,
525051,,,MultiPolygon,106.988861,48.029384,ХЕТ-ний төлөвлөлтийн зам,Төлөвлөгдсөн авто зам,2011.01.24,2-4,Бэлхийн даваат,2016.01.04 ний өдөр мэдээг оруулав,,,,
525053,,,MultiPolygon,106.983021,48.016731,ХЕТ-ний төлөвлөлтийн зам,Төлөвлөгдсөн авто зам,-,2-4,Цээнэ,2016.01.04 ний өдөр мэдээг оруулав,,,,
525055,,,Polygon,106.922827,48.024401,ХЕТ-ний төлөвлөлтийн зам,Төлөвлөгдсөн авто зам,2011.01.24,2-4,Зуун мод_СБД,2016.01.04 ний өдөр мэдээг оруулав,,,,
525060,,,Polygon,106.623938,47.792015,ХЕТ-ний төлөвлөлтийн зам,Төлөвлөлтийн авто зам,2013.05.14,2,"Био-Комбинат, Туул-Шувуун фабрик орчмыг хөгжүүлэх ерөнхий төлөвлөгөө",2015.12.25 нд мэдээг оруулсан,,,,
525065,,,Polygon,107.307747,47.774151,ХЕТ-ний төлөвлөлтийн зам,Хотын чанартай гол зам,2013.05.14,4,Налайх дүүргийн хэсэгчилсэн ерөнхий төлөвлөгөө,2016.01.04 ний өдөр мэдээг оруулав,,,,
525067,,,MultiPolygon,107.318277,47.777884,ХЕТ-ний төлөвлөлтийн зам,Хотын чанартай туслах зам,2013.05.14,3,Налайх дүүргийн хэсэгчилсэн ерөнхий төлөвлөгөө,2016.01.04 ний өдөр мэдээг оруулав,,,,
525069,,,MultiPolygon,107.264984,47.766279,ХЕТ-ний төлөвлөлтийн зам,1-р зэргийн гол зам,2013.05.14,2,Налайх дүүргийн хэсэгчилсэн ерөнхий төлөвлөгөө,2016.01.04 ний өдөр мэдээг оруулав,,,,
525071,,,MultiPolygon,107.315462,47.775236,ХЕТ-ний төлөвлөлтийн зам,Дүүргийн гол зам,2013.05.14,4,Налайх дүүргийн хэсэгчилсэн ерөнхий төлөвлөгөө,2016.01.04 ний өдөр мэдээг оруулав,,,,
525073,,,MultiPolygon,107.315736,47.770427,ХЕТ-ний төлөвлөлтийн зам,2-р зэргийн гол зам,2013.05.14,2,Налайх дүүргийн хэсэгчилсэн ерөнхий төлөвлөгөө,2016.01.04 ний өдөр мэдээг оруулав,,,,
525075,,,Polygon,106.605928,47.774697,ХЕТ-ний төлөвлөлтийн зам,Төлөвлөгдсөн зам,2011.12.05,2,"""Агропарк"" - ийн ХЕТ",2016.01.29 ний өдөр ТСХ Б.Амарсанаа мэдээг оруулав,,,,
525077,,,Polygon,106.605802,47.773424,ХЕТ-ний төлөвлөлтийн зам,Төлөвлөгдсөн зам,2011.12.05,2,"""Агропарк"" - ийн ХЕТ",2016.01.29 ний өдөр ТСХ Б.Амарсанаа мэдээг оруулав,,,,
525079,,,MultiPolygon,106.574293,48.028301,ХЕТ-ний төлөвлөлтийн зам,Төлөвлөгдсөн авто зам,2013.01.31,2,"""Агропарк"" - ийн ХЕТ",2016.01.29 ний өдөр ТСХ Б.Амарсанаа мэдээг оруулав,,,,
525081,,,Polygon,106.329597,47.92642,ХЕТ-ний төлөвлөлтийн зам,"Их нас, азарга, хязаалан, соёолон, шүдлэн, даага",2013.02.25,4-8,Хүй долоон худаг дахь Монгол наадам үндэсний спорт цогцолбор барих ажлын ХЕТ,2016.01.04 ний өдөр мэдээг оруулав,,,,
525083,,,Polygon,106.510784,47.930928,ХЕТ-ний төлөвлөлтийн зам,"Их нас, азарга, хязаалан, соёолон, шүдлэн, даага",2013.02.25,4-8,Хүй долоон худаг дахь Монгол наадам үндэсний спорт цогцолбор барих ажлын ХЕТ,2016.01.04 ний өдөр мэдээг оруулав,,,,
525085,,,MultiPolygon,106.79279,47.871801,ХЕТ-ний төлөвлөлтийн зам,1-р зэрэглэлийн гол гудамж зам,2014.09.26,4-8,Нисэх Яармаг орчмын орон сууцны хорооллын ЕТ,,,,,
525087,,,Polygon,107.037487,47.946661,ХЕТ-ний төлөвлөлтийн зам,1-р зэрэглэлийн гол гудамж зам,,4 эгнээ,Улиастайн амны шинэ суурьшлын бүсийн ХЕТ,Батлагдаагүй. Магадлалын дүгнэлт хийгдсэн.,,,,
525089,,,Polygon,107.037792,47.945179,ХЕТ-ний төлөвлөлтийн зам,Туслах зам-2,,2 эгнээ,Улиастайн амны шинэ суурьшлын бүсийн ХЕТ,Батлагдаагүй. Магадлалын дүгнэлт хийгдсэн.,,,,
525091,,,Polygon,107.046285,47.95179,ХЕТ-ний төлөвлөлтийн зам,Туслах зам-3,,2 эгнээ,Улиастайн амны шинэ суурьшлын бүсийн ХЕТ,Батлагдаагүй. Магадлалын дүгнэлт хийгдсэн.,,,,
525093,,,Polygon,107.04054,47.935161,ХЕТ-ний төлөвлөлтийн зам,Туслах зам-1,,2 эгнээ,Улиастайн амны шинэ суурьшлын бүсийн ХЕТ,Бадлагдаагүй. Магадлалын дүгнэлт гарсан.,,,,
525095,,,Polygon,106.763542,47.937366,ХЕТ-ний төлөвлөлтийн зам,Хорооллын дундах туслах зам,2015.04.15,1-2 эгнээ,Толгойт нэгж хорооллын ХЕТ,,,,,
525097,,,Polygon,106.756575,47.924478,ХЕТ-ний төлөвлөлтийн зам,2-р зэрэглэлийн туслах зам,2015.04.15,2 эгнээ,Толгойт нэгж хорооллын ХЕТ,,,,,
525099,,,Polygon,106.765145,47.927954,ХЕТ-ний төлөвлөлтийн зам,Хорооллын дундах туслах зам,2015.04.15,1-2 эгнээ,Толгойт нэгж хорооллын ХЕТ,,,,,
525101,,,Polygon,106.771121,47.927989,ХЕТ-ний төлөвлөлтийн зам,Хорооллын дундах туслах зам,2015.04.15,1-2 эгнээ,Толгойт нэгж хорооллын ХЕТ,,,,,
525104,,,Polygon,106.76308,47.925286,ХЕТ-ний төлөвлөлтийн зам,Хорооллын дундах туслах зам,2015.04.15,1-2 эгнээ,Толгойт нэгж хорооллын ХЕТ,,,,,
525106,,,Polygon,106.767418,47.9264,ХЕТ-ний төлөвлөлтийн зам,Хорооллын дундах туслах зам,2015.04.15,1-2 эгнээ,Толгойт нэгж хорооллын ХЕТ,,,,,
525108,,,Polygon,106.767555,47.925565,ХЕТ-ний төлөвлөлтийн зам,Хорооллын дундах туслах зам,2015.04.15,1-2 эгнээ,Толгойт нэгж хорооллын ХЕТ,,,,,
525110,,,Polygon,106.767449,47.927279,ХЕТ-ний төлөвлөлтийн зам,2-р зэрэглэлийн туслах зам,2015.04.15,2 эгнээ,Толгойт нэгж хорооллын ХЕТ,,,,,
525112,,,Polygon,106.767381,47.925976,ХЕТ-ний төлөвлөлтийн зам,2-р зэрэглэлийн туслах зам,2015.04.15,2 эгнээ,Толгойт нэгж хорооллын ХЕТ,,,,,
525114,,,Polygon,106.763412,47.930687,ХЕТ-ний төлөвлөлтийн зам,2-р зэрэглэлийн туслах зам,2015.04.15,2 эгнээ,Толгойт нэгж хорооллын ХЕТ,,,,,
525116,,,Polygon,106.767191,47.931603,ХЕТ-ний төлөвлөлтийн зам,Хорооллын дундах туслах зам,2015.04.15,1-2 эгнээ,Толгойт нэгж хорооллын ХЕТ,,,,,
525118,,,Polygon,106.764327,47.92996,ХЕТ-ний төлөвлөлтийн зам,Хорооллын дундах туслах зам,2015.04.15,1-2 эгнээ,Толгойт нэгж хорооллын ХЕТ,,,,,
525120,,,Polygon,106.768018,47.929979,ХЕТ-ний төлөвлөлтийн зам,2-р зэрэглэлийн туслах зам,2015.04.15,2 эгнээ,Толгойт нэгж хорооллын ХЕТ,,,,,
525122,,,Polygon,106.776569,47.928411,ХЕТ-ний төлөвлөлтийн зам,2-р зэрэглэлийн гол гудамж зам,2015.04.15,4-8 эгнээ,Толгойт нэгж хорооллын ХЕТ,,,,,
525124,,,Polygon,106.785282,47.940271,ХЕТ-ний төлөвлөлтийн зам,2-р зэрэглэлийн туслах зам,2015.04.15,2 эгнээ,Толгойт нэгж хорооллын ХЕТ,,,,,
525126,,,Polygon,106.786882,47.934858,ХЕТ-ний төлөвлөлтийн зам,Хорооллын дундах туслах зам,2015.04.15,1-2 эгнээ,Толгойт нэгж хорооллын ХЕТ,,,,,
525128,,,Polygon,106.797698,47.929975,ХЕТ-ний төлөвлөлтийн зам,2-р зэрэглэлийн туслах зам,2015.04.15,2 эгнээ,Толгойт нэгж хорооллын ХЕТ,,,,,
525131,,,Polygon,106.78983,47.932696,ХЕТ-ний төлөвлөлтийн зам,Хорооллын дундах туслах зам,2015.04.15,1-2 эгнээ,Толгойт нэгж хорооллын ХЕТ,,,,,
525133,,,Polygon,106.788961,47.933774,ХЕТ-ний төлөвлөлтийн зам,2-р зэрэглэлийн туслах зам,2015.04.15,2 эгнээ,Толгойт нэгж хорооллын ХЕТ,,,,,
525135,,,Polygon,106.784151,47.932899,ХЕТ-ний төлөвлөлтийн зам,2-р зэрэглэлийн туслах зам,2015.04.15,2 эгнээ,Толгойт нэгж хорооллын ХЕТ,,,,,
525137,,,Polygon,106.763644,47.93839,ХЕТ-ний төлөвлөлтийн зам,Хорооллын дундах туслах зам,2015.04.15,1-2 эгнээ,Толгойт нэгж хорооллын ХЕТ,,,,,
525139,,,Polygon,106.794024,47.935369,ХЕТ-ний төлөвлөлтийн зам,Хорооллын дундах туслах зам,2015.04.15,1-2 эгнээ,Толгойт нэгж хорооллын ХЕТ,,,,,
525141,,,Polygon,106.79242,47.936485,ХЕТ-ний төлөвлөлтийн зам,1-р зэрэглэлийн туслах зам,2015.04.15,2-4 эгнээ,Толгойт нэгж хорооллын ХЕТ,,,,,
525143,,,Polygon,106.78144,47.943208,ХЕТ-ний төлөвлөлтийн зам,2-р зэрэглэлийн туслах зам,2015.04.15,2 эгнээ,Толгойт нэгж хорооллын ХЕТ,,,,,
525145,,,Polygon,106.782796,47.941344,ХЕТ-ний төлөвлөлтийн зам,Хорооллын дундах туслах зам,2015.04.15,1-2 эгнээ,Толгойт нэгж хорооллын ХЕТ,,,,,
525147,,,Polygon,106.8022,47.930745,ХЕТ-ний төлөвлөлтийн зам,Хорооллын дундах туслах зам,2015.04.15,1-2 эгнээ,Толгойт нэгж хорооллын ХЕТ,,,,,
525149,,,Polygon,106.806175,47.931321,ХЕТ-ний төлөвлөлтийн зам,Хорооллын дундах туслах зам,2015.04.15,1-2 эгнээ,Толгойт нэгж хорооллын ХЕТ,,,,,
525151,,,Polygon,106.810093,47.929549,ХЕТ-ний төлөвлөлтийн зам,Хорооллын дундах туслах зам,2015.04.15,1-2 эгнээ,Толгойт нэгж хорооллын ХЕТ,,,,,
525153,,,Polygon,106.778771,47.946046,ХЕТ-ний төлөвлөлтийн зам,Хорооллын дундах туслах зам,2015.04.15,1-2 эгнээ,Толгойт нэгж хорооллын ХЕТ,,,,,
525155,,,Polygon,106.785594,47.946855,ХЕТ-ний төлөвлөлтийн зам,2-р зэрэглэлийн туслах зам,2015.04.15,2 эгнээ,Толгойт нэгж хорооллын ХЕТ,,,,,
525157,,,Polygon,106.763465,47.9372,ХЕТ-ний төлөвлөлтийн зам,Хорооллын дундах туслах зам,2015.04.15,1-2 эгнээ,Толгойт нэгж хорооллын ХЕТ,,,,,
525160,,,Polygon,106.763895,47.936388,ХЕТ-ний төлөвлөлтийн зам,Хорооллын дундах туслах зам,2015.04.15,1-2 эгнээ,Толгойт нэгж хорооллын ХЕТ,,,,,
525162,,,Polygon,106.762518,47.934286,ХЕТ-ний төлөвлөлтийн зам,Хорооллын дундах туслах зам,2015.04.15,1-2 эгнээ,Толгойт нэгж хорооллын ХЕТ,,,,,
525164,,,Polygon,106.761931,47.932918,ХЕТ-ний төлөвлөлтийн зам,Хорооллын дундах туслах зам,2015.04.15,1-2 эгнээ,Толгойт нэгж хорооллын ХЕТ,,,,,
525166,,,Polygon,106.76205,47.932193,ХЕТ-ний төлөвлөлтийн зам,Хорооллын дундах туслах зам,2015.04.15,1-2 эгнээ,Толгойт нэгж хорооллын ХЕТ,,,,,
525168,,,Polygon,106.760086,47.92803,ХЕТ-ний төлөвлөлтийн зам,Хорооллын дундах туслах зам,2015.04.15,1-2 эгнээ,Толгойт нэгж хорооллын ХЕТ,,,,,
525170,,,Polygon,106.761992,47.92746,ХЕТ-ний төлөвлөлтийн зам,Хорооллын дундах туслах зам,2015.04.15,1-2 эгнээ,Толгойт нэгж хорооллын ХЕТ,,,,,
525172,,,Polygon,106.758644,47.924828,ХЕТ-ний төлөвлөлтийн зам,Хорооллын дундах туслах зам,2015.04.15,1-2 эгнээ,Толгойт нэгж хорооллын ХЕТ,,,,,
525174,,,Polygon,106.758888,47.924422,ХЕТ-ний төлөвлөлтийн зам,Хорооллын дундах туслах зам,2015.04.15,1-2 эгнээ,Толгойт нэгж хорооллын ХЕТ,,,,,
525176,,,Polygon,106.769305,47.928266,ХЕТ-ний төлөвлөлтийн зам,Хорооллын дундах туслах зам,2015.04.15,1-2 эгнээ,Толгойт нэгж хорооллын ХЕТ,,,,,
525178,,,Polygon,106.768728,47.937326,ХЕТ-ний төлөвлөлтийн зам,Хорооллын дундах туслах зам,2015.04.15,1-2 эгнээ,Толгойт нэгж хорооллын ХЕТ,,,,,
525180,,,Polygon,106.797693,47.933826,ХЕТ-ний төлөвлөлтийн зам,Хорооллын дундах туслах зам,2015.04.15,1-2 эгнээ,Толгойт нэгж хорооллын ХЕТ,,,,,
525182,,,Polygon,106.796971,47.9345,ХЕТ-ний төлөвлөлтийн зам,Хорооллын дундах туслах зам,2015.04.15,1-2 эгнээ,Толгойт нэгж хорооллын ХЕТ,,,,,
525184,,,Polygon,106.796487,47.934881,ХЕТ-ний төлөвлөлтийн зам,Хорооллын дундах туслах зам,2015.04.15,1-2 эгнээ,Толгойт нэгж хорооллын ХЕТ,,,,,
525186,,,Polygon,106.801844,47.978315,ХЕТ-ний төлөвлөлтийн зам,Хорооллын дундах туслах зам,2015.04.15,1-2 эгнээ,Толгойт нэгж хорооллын ХЕТ,,,,,
525188,,,Polygon,106.80167,47.97657,ХЕТ-ний төлөвлөлтийн зам,Хорооллын дундах туслах зам,2015.04.15,1-2 эгнээ,Толгойт нэгж хорооллын ХЕТ,,,,,
525190,,,Polygon,106.802376,47.973706,ХЕТ-ний төлөвлөлтийн зам,Хорооллын дундах туслах зам,2015.04.15,1-2 эгнээ,Толгойт нэгж хорооллын ХЕТ,,,,,
525192,,,Polygon,106.806727,47.974352,ХЕТ-ний төлөвлөлтийн зам,Хорооллын дундах туслах зам,2015.04.15,1-2 эгнээ,Толгойт нэгж хорооллын ХЕТ,,,,,
525194,,,Polygon,106.803931,47.96513,ХЕТ-ний төлөвлөлтийн зам,Хорооллын дундах туслах зам,2015.04.15,1-2 эгнээ,Толгойт нэгж хорооллын ХЕТ,,,,,
525196,,,Polygon,106.803362,47.965343,ХЕТ-ний төлөвлөлтийн зам,Хорооллын дундах туслах зам,2015.04.15,1-2 эгнээ,Толгойт нэгж хорооллын ХЕТ,,,,,
525198,,,Polygon,106.802792,47.96564,ХЕТ-ний төлөвлөлтийн зам,Хорооллын дундах туслах зам,2015.04.15,1-2 эгнээ,Толгойт нэгж хорооллын ХЕТ,,,,,
525200,,,Polygon,106.806409,47.961579,ХЕТ-ний төлөвлөлтийн зам,Хорооллын дундах туслах зам,2015.04.15,1-2 эгнээ,Толгойт нэгж хорооллын ХЕТ,,,,,
525202,,,Polygon,106.769009,47.930219,ХЕТ-ний төлөвлөлтийн зам,Хорооллын дундах туслах зам,2015.04.15,1-2 эгнээ,Толгойт нэгж хорооллын ХЕТ,,,,,
525204,,,Polygon,106.76946,47.935715,ХЕТ-ний төлөвлөлтийн зам,Хорооллын дундах туслах зам,2015.04.15,1-2 эгнээ,Толгойт нэгж хорооллын ХЕТ,,,,,
525206,,,Polygon,106.797257,47.934239,ХЕТ-ний төлөвлөлтийн зам,Хорооллын дундах туслах зам,2015.04.15,1-2 эгнээ,Толгойт нэгж хорооллын ХЕТ,,,,,
525208,,,Polygon,106.799522,47.93287,ХЕТ-ний төлөвлөлтийн зам,Хорооллын дундах туслах зам,2015.04.15,1-2 эгнээ,Толгойт нэгж хорооллын ХЕТ,,,,,
525210,,,Polygon,106.80982,47.941231,ХЕТ-ний төлөвлөлтийн зам,2-р зэрэглэлийн гол гудамж зам,2015.04.15,4-8 эгнээ,Толгойт нэгж хорооллын ХЕТ,,,,,
525212,,,Polygon,106.803025,47.962315,ХЕТ-ний төлөвлөлтийн зам,Хорооллын дундах туслах зам,2015.04.15,1-2 эгнээ,Толгойт нэгж хорооллын ХЕТ,,,,,
525214,,,Polygon,106.804159,47.962119,ХЕТ-ний төлөвлөлтийн зам,Хорооллын дундах туслах зам,2015.04.15,1-2 эгнээ,Толгойт нэгж хорооллын ХЕТ,,,,,
525216,,,Polygon,106.807984,47.961011,ХЕТ-ний төлөвлөлтийн зам,Хорооллын дундах туслах зам,2015.04.15,1-2 эгнээ,Толгойт нэгж хорооллын ХЕТ,,,,,
525218,,,Polygon,106.804741,47.965057,ХЕТ-ний төлөвлөлтийн зам,Хорооллын дундах туслах зам,2015.04.15,1-2 эгнээ,Толгойт нэгж хорооллын ХЕТ,,,,,
525220,,,Polygon,106.800243,47.981644,ХЕТ-ний төлөвлөлтийн зам,Хорооллын дундах туслах зам,2015.04.15,1-2 эгнээ,Толгойт нэгж хорооллын ХЕТ,,,,,
525222,,,Polygon,106.798119,47.983347,ХЕТ-ний төлөвлөлтийн зам,Хорооллын дундах туслах зам,2015.04.15,1-2 эгнээ,Толгойт нэгж хорооллын ХЕТ,,,,,
525224,,,Polygon,106.798207,47.984365,ХЕТ-ний төлөвлөлтийн зам,Хорооллын дундах туслах зам,2015.04.15,1-2 эгнээ,Толгойт нэгж хорооллын ХЕТ,,,,,
525226,,,Polygon,106.798225,47.985691,ХЕТ-ний төлөвлөлтийн зам,Хорооллын дундах туслах зам,2015.04.15,1-2 эгнээ,Толгойт нэгж хорооллын ХЕТ,,,,,
525228,,,Polygon,106.800422,47.986069,ХЕТ-ний төлөвлөлтийн зам,Хорооллын дундах туслах зам,2015.04.15,1-2 эгнээ,Толгойт нэгж хорооллын ХЕТ,,,,,
525230,,,Polygon,106.801099,47.987249,ХЕТ-ний төлөвлөлтийн зам,Хорооллын дундах туслах зам,2015.04.15,1-2 эгнээ,Толгойт нэгж хорооллын ХЕТ,,,,,
525232,,,Polygon,106.780836,47.948439,ХЕТ-ний төлөвлөлтийн зам,1-р зэрэглэлийн туслах зам,2015.04.15,2-4 эгнээ,Толгойт нэгж хорооллын ХЕТ,,,,,
525234,,,Polygon,106.798061,47.959924,ХЕТ-ний төлөвлөлтийн зам,2-р зэрэглэлийн гол гудамж зам,2015.04.15,4-8 эгнээ,Толгойт нэгж хорооллын ХЕТ,,,,,
525236,,,Polygon,106.793078,47.957304,ХЕТ-ний төлөвлөлтийн зам,2-р зэрэглэлийн гол гудамж зам,2015.04.15,4-8 эгнээ,Толгойт нэгж хорооллын ХЕТ,,,,,
525239,,,Polygon,106.803294,47.952435,ХЕТ-ний төлөвлөлтийн зам,Хорооллын дундах туслах зам,2015.04.15,1-2 эгнээ,Толгойт нэгж хорооллын ХЕТ,,,,,
525241,,,Polygon,106.808426,47.949319,ХЕТ-ний төлөвлөлтийн зам,2-р зэрэглэлийн гол гудамж зам,2015.04.15,4-8 эгнээ,Толгойт нэгж хорооллын ХЕТ,,,,,
525243,,,Polygon,106.811402,47.964789,ХЕТ-ний төлөвлөлтийн зам,2-р зэрэглэлийн гол гудамж зам,2015.04.15,4-8 эгнээ,Толгойт нэгж хорооллын ХЕТ,,,,,
525245,,,Polygon,106.810563,47.960979,ХЕТ-ний төлөвлөлтийн зам,2-р зэрэглэлийн туслах зам,2015.04.15,2 эгнээ,Толгойт нэгж хорооллын ХЕТ,,,,,
525247,,,Polygon,106.807575,47.97877,ХЕТ-ний төлөвлөлтийн зам,2-р зэрэглэлийн гол гудамж зам,2015.04.15,4-8 эгнээ,Толгойт нэгж хорооллын ХЕТ,,,,,
525249,,,Polygon,106.806276,47.979362,ХЕТ-ний төлөвлөлтийн зам,Хорооллын дундах туслах зам,2015.04.15,1-2 эгнээ,Толгойт нэгж хорооллын ХЕТ,,,,,
525251,,,Polygon,106.792832,47.934313,ХЕТ-ний төлөвлөлтийн зам,1-р зэрэглэлийн туслах зам,2015.04.15,2-4 эгнээ,Толгойт нэгж хорооллын ХЕТ,,,,,
525253,,,Polygon,106.793156,47.936479,ХЕТ-ний төлөвлөлтийн зам,Хорооллын дундах туслах зам,2015.04.15,1-2 эгнээ,Толгойт нэгж хорооллын ХЕТ,,,,,
525255,,,Polygon,106.782138,47.940191,ХЕТ-ний төлөвлөлтийн зам,Хорооллын дундах туслах зам,2015.04.15,1-2 эгнээ,Толгойт нэгж хорооллын ХЕТ,,,,,
525257,,,Polygon,106.80218,47.981681,ХЕТ-ний төлөвлөлтийн зам,Хорооллын дундах туслах зам,2015.04.15,1-2 эгнээ,Толгойт нэгж хорооллын ХЕТ,,,,,
525259,,,Polygon,106.804294,47.981911,ХЕТ-ний төлөвлөлтийн зам,Хорооллын дундах туслах зам,2015.04.15,1-2 эгнээ,Толгойт нэгж хорооллын ХЕТ,,,,,
525261,,,Polygon,106.804468,47.979921,ХЕТ-ний төлөвлөлтийн зам,Хорооллын дундах туслах зам,2015.04.15,1-2 эгнээ,Толгойт нэгж хорооллын ХЕТ,,,,,
525263,,,Polygon,106.766786,47.936197,ХЕТ-ний төлөвлөлтийн зам,2-р зэрэглэлийн туслах зам,2015.04.15,2 эгнээ,Толгойт нэгж хорооллын ХЕТ,,,,,
525265,,,Polygon,106.805135,47.970227,ХЕТ-ний төлөвлөлтийн зам,2-р зэрэглэлийн гол гудамж зам,2015.04.15,4-8 эгнээ,Толгойт нэгж хорооллын ХЕТ,,,,,
525266,,,Polygon,106.761521,47.932294,ХЕТ-ний төлөвлөлтийн зам,Хорооллын дундах туслах зам,2015.04.15,1-2 эгнээ,Толгойт нэгж хорооллын ХЕТ,,,,,
525267,,,Polygon,106.76021,47.925744,ХЕТ-ний төлөвлөлтийн зам,Хорооллын дундах туслах зам,2015.04.15,1-2 эгнээ,Толгойт нэгж хорооллын ХЕТ,,,,,
525268,,,Polygon,106.915935,47.957613,ХЕТ-ний төлөвлөлтийн зам,"1,2-р зэрэглэлийн гол зам",2015.04.15,4-8 эгнээ,9-р нэгж хорооллын ХЕТ,,,,,
525269,,,Polygon,106.920055,47.954228,ХЕТ-ний төлөвлөлтийн зам,2-р зэрэглэлийн туслах зам,2015.04.15,2 урсгалтай-4 эгнээ,9-р нэгж хорооллын ХЕТ,,,,,
525270,,,Polygon,106.912066,47.969987,ХЕТ-ний төлөвлөлтийн зам,1-р зэрэглэлийн гол зам,2015.04.15,2 урсгалтай-4 эгнээ,9-р нэгж хорооллын ХЕТ,,,,,
525271,,,Polygon,106.912514,47.949731,ХЕТ-ний төлөвлөлтийн зам,1-р зэрэглэлийн гол зам,2015.04.15,2 урсгалтай-4 эгнээ,9-р нэгж хорооллын ХЕТ,,,,,
525272,,,Polygon,106.920561,47.958414,ХЕТ-ний төлөвлөлтийн зам,Хорооллын дундах гол зам,2015.04.15,2 урсгалтай-4 эгнээ,9-р нэгж хорооллын ХЕТ,,,,,
525273,,,Polygon,106.920834,47.942581,ХЕТ-ний төлөвлөлтийн зам,2-р зэрэглэлийн туслах зам,2015.04.15,2 урсгалтай-4 эгнээ,9-р нэгж хорооллын ХЕТ,,,,,
525274,,,Polygon,106.91818,47.945261,ХЕТ-ний төлөвлөлтийн зам,Хорооллын дундах туслах зам,2015.04.15,2 урсгалтай-4 эгнээ,9-р нэгж хорооллын ХЕТ,,,,,
525275,,,Polygon,106.923095,47.949518,ХЕТ-ний төлөвлөлтийн зам,1-р зэрэглэлийн гол зам,2015.04.15,2 урсгалтай-4 эгнээ,9-р нэгж хорооллын ХЕТ,,,,,
525276,,,Polygon,106.924224,47.939728,ХЕТ-ний төлөвлөлтийн зам,1-р зэрэглэлийн туслах зам,2015.04.15,2 урсгалтай-4 эгнээ,9-р нэгж хорооллын ХЕТ,,,,,
525277,,,Polygon,106.915456,47.951733,ХЕТ-ний төлөвлөлтийн зам,Хорооллын дундах гол зам,2015.04.15,2 урсгалтай-3 эгнээ,9-р нэгж хорооллын ХЕТ,,,,,
525278,,,Polygon,106.916579,47.956359,ХЕТ-ний төлөвлөлтийн зам,Хорооллын дундах гол зам,2015.04.15,2 урсгалтай-3 эгнээ,9-р нэгж хорооллын ХЕТ,,,,,
525279,,,Polygon,106.918795,47.961406,ХЕТ-ний төлөвлөлтийн зам,Хорооллын дундах гол зам,2015.04.15,2 урсгалтай-3 эгнээ,9-р нэгж хорооллын ХЕТ,,,,,
525280,,,Polygon,106.915917,47.944482,ХЕТ-ний төлөвлөлтийн зам,Хорооллын дундах гол зам,2015.04.15,2 урсгалтай-3 эгнээ,9-р нэгж хорооллын ХЕТ,,,,,
525281,,,Polygon,106.924511,47.947329,ХЕТ-ний төлөвлөлтийн зам,1-р зэрэглэлийн туслах зам,2015.04.15,2 урсгалтай-3 эгнээ,9-р нэгж хорооллын ХЕТ,,,,,
525282,,,Polygon,106.921609,47.962937,ХЕТ-ний төлөвлөлтийн зам,1-р зэрэглэлийн туслах зам,2015.04.15,2 урсгалтай-3 эгнээ,9-р нэгж хорооллын ХЕТ,,,,,
525283,,,Polygon,106.923346,47.941395,ХЕТ-ний төлөвлөлтийн зам,Хорооллын дундах туслах зам,2015.04.15,2 урсгалтай-2 эгнээ,9-р нэгж хорооллын ХЕТ,,,,,
525284,,,Polygon,106.917172,47.95335,ХЕТ-ний төлөвлөлтийн зам,Хорооллын дундах туслах зам,2015.04.15,2 урсгалтай-2 эгнээ,9-р нэгж хорооллын ХЕТ,,,,,
525285,,,Polygon,106.922616,47.956204,ХЕТ-ний төлөвлөлтийн зам,Хорооллын дундах туслах зам,2015.04.15,2 урсгалтай-2 эгнээ,9-р нэгж хорооллын ХЕТ,,,,,
525286,,,Polygon,106.919265,47.965864,ХЕТ-ний төлөвлөлтийн зам,2-р зэрэглэлийн туслах зам,2015.04.15,2 урсгалтай-2 эгнээ,9-р нэгж хорооллын ХЕТ,,,,,
525287,,,Polygon,106.919196,47.961626,ХЕТ-ний төлөвлөлтийн зам,Хорооллын дундах туслах зам,2015.04.15,2 урсгалтай-2 эгнээ,9-р нэгж хорооллын ХЕТ,,,,,
525288,,,Polygon,106.916774,47.947111,ХЕТ-ний төлөвлөлтийн зам,Хорооллын дундах туслах зам,2015.04.15,2 урсгалтай-2 эгнээ,9-р нэгж хорооллын ХЕТ,,,,,
525289,,,Polygon,106.921347,47.951974,ХЕТ-ний төлөвлөлтийн зам,Хорооллын дундах туслах зам,2015.04.15,2 урсгалтай-2 эгнээ,9-р нэгж хорооллын ХЕТ,,,,,
525290,,,MultiPolygon,106.920424,47.968506,ХЕТ-ний төлөвлөлтийн зам,Хорооллын дундах гол зам,2015.04.15,2 урсгалтай-2 эгнээ,9-р нэгж хорооллын ХЕТ,,,,,
525291,,,Polygon,106.922114,47.963332,ХЕТ-ний төлөвлөлтийн зам,2-р зэрэглэлийн гол зам,2015.04.15,2 урсгалтай-2 эгнээ,9-р нэгж хорооллын ХЕТ,,,,,
525292,,,Polygon,106.915498,47.965052,ХЕТ-ний төлөвлөлтийн зам,2-р зэрэглэлийн гол зам,2015.04.15,2 урсгалтай-2 эгнээ,9-р нэгж хорооллын ХЕТ,,,,,
525293,,,Polygon,106.918834,47.94395,ХЕТ-ний төлөвлөлтийн зам,2-р зэрэглэлийн туслах зам,2015.04.15,2 урсгалтай-2 эгнээ,9-р нэгж хорооллын ХЕТ,,,,,
525294,,,Polygon,106.919312,47.941276,ХЕТ-ний төлөвлөлтийн зам,2-р зэрэглэлийн туслах зам,2015.04.15,2 урсгалтай-2 эгнээ,9-р нэгж хорооллын ХЕТ,,,,,
525295,,,Polygon,106.919214,47.956226,ХЕТ-ний төлөвлөлтийн зам,2-р зэрэглэлийн туслах зам,2015.04.15,2 урсгалтай-2 эгнээ,9-р нэгж хорооллын ХЕТ,,,,,
525296,,,Polygon,106.922361,47.944872,ХЕТ-ний төлөвлөлтийн зам,Хорооллын дундах туслах зам,2015.04.15,2 урсгалтай-2 эгнээ,9-р нэгж хорооллын ХЕТ,,,,,
525297,,,Polygon,106.922196,47.948282,ХЕТ-ний төлөвлөлтийн зам,Хорооллын дундах туслах зам,2015.04.15,2 урсгалтай-2 эгнээ,9-р нэгж хорооллын ХЕТ,,,,,
525298,,,Polygon,106.917992,47.949466,ХЕТ-ний төлөвлөлтийн зам,2-р зэрэглэлийн туслах зам,2015.04.15,2 урсгалтай-2 эгнээ,9-р нэгж хорооллын ХЕТ,,,,,
525299,,,Polygon,106.919337,47.947245,ХЕТ-ний төлөвлөлтийн зам,2-р зэрэглэлийн туслах зам,2015.04.15,2 урсгалтай-2 эгнээ,9-р нэгж хорооллын ХЕТ,,,,,
525300,,,MultiPolygon,106.876179,47.987776,ХЕТ-ний төлөвлөлтийн зам,Явган зам,2015.04.15,1 эгнээ,Чингэлтэй нэгж хорооллын ХЕТ,,,,,
525301,,,MultiPolygon,106.900541,47.990287,ХЕТ-ний төлөвлөлтийн зам,Явган зам,2015.04.15,1 эгнээ,Чингэлтэй нэгж хорооллын ХЕТ,,,,,
525302,,,MultiPolygon,106.915934,47.979478,ХЕТ-ний төлөвлөлтийн зам,Хороолол дундах зам,2015.04.15,2-4 эгнээ,Чингэлтэй нэгж хорооллын ХЕТ,,,,,
525303,,,MultiPolygon,106.882847,47.985205,ХЕТ-ний төлөвлөлтийн зам,Хороолол дундах зам,2015.04.15,2-4 эгнээ,Чингэлтэй нэгж хорооллын ХЕТ,,,,,
525304,,,MultiPolygon,106.912429,47.994395,ХЕТ-ний төлөвлөлтийн зам,Хороолол дундах зам,2015.04.15,2-4 эгнээ,Чингэлтэй нэгж хорооллын ХЕТ,,,,,
525305,,,Polygon,106.889638,47.985491,ХЕТ-ний төлөвлөлтийн зам,Одоо байгаа 2-р зэрэглэлийн гол зам,2015.04.15,8 эгнээ,Чингэлтэй нэгж хорооллын ХЕТ,,,,,
525306,,,Polygon,106.921542,47.982574,ХЕТ-ний төлөвлөлтийн зам,1-р зэрэглэлийн гол зам,2015.04.15,8 эгнээ,Чингэлтэй нэгж хорооллын ХЕТ,,,,,
525307,,,MultiPolygon,106.897711,47.985162,ХЕТ-ний төлөвлөлтийн зам,1-р зэргийн туслах зам,2015.04.15,6 эгнээ,Чингэлтэй нэгж хорооллын ХЕТ,,,,,
525308,,,MultiPolygon,106.946808,47.941649,ХЕТ-ний төлөвлөлтийн зам,Авто зогсоол,2015.04.15,1,Дарь эх нэгж хорооллын ХЕТ,,,,,
525309,,,MultiPolygon,106.949359,47.985593,ХЕТ-ний төлөвлөлтийн зам,Авто зогсоол,2015.04.15,,Дамбадаржаа нэгж хорооллын ХЕТ,,,,,
525310,,,MultiPolygon,106.951679,47.944022,ХЕТ-ний төлөвлөлтийн зам,Явган зам,2015.04.15,1,Дарь эх нэгж хорооллын ХЕТ,,,,,
525311,,,Polygon,107.124306,47.873153,ХЕТ-ний төлөвлөлтийн зам,Орон сууцны ил зогсоол,2015.04.15,,31-р нэгж хорооллын ХЕТ,2016.09.15 ний өдөр Т.Соёл-эрдэнэ мэдээг оруулав.,,,,
525312,,,Polygon,107.125376,47.873725,ХЕТ-ний төлөвлөлтийн зам,Орон сууцны ил зогсоол,2015.04.15,,31-р нэгж хорооллын ХЕТ,2016.09.15 ний өдөр Т.Соёл-эрдэнэ мэдээг оруулав.,,,,
525313,,,Polygon,107.126191,47.870464,ХЕТ-ний төлөвлөлтийн зам,Орон сууцны ил зогсоол,2015.04.15,,31-р нэгж хорооллын ХЕТ,2016.09.15 ний өдөр Т.Соёл-эрдэнэ мэдээг оруулав.,,,,
525314,,,Polygon,107.122827,47.868412,ХЕТ-ний төлөвлөлтийн зам,Орон сууцны ил зогсоол,2015.04.15,,31-р нэгж хорооллын ХЕТ,2016.09.15 ний өдөр Т.Соёл-эрдэнэ мэдээг оруулав.,,,,
525315,,,Polygon,107.113265,47.871363,ХЕТ-ний төлөвлөлтийн зам,Худалдаа үйлчилгээний ил зогсоол,2015.04.15,,31-р нэгж хорооллын ХЕТ,2016.09.15 ний өдөр Т.Соёл-эрдэнэ мэдээг оруулав.,,,,
525316,,,Polygon,106.921919,47.944731,ХЕТ-ний төлөвлөлтийн зам,Хорооллын дундах туслах зам,2015.04.15,2 урсгалтай-2 эгнээ,9-р нэгж хорооллын ХЕТ,,,,,
525317,,,Polygon,106.9175,47.973927,ХЕТ-ний төлөвлөлтийн зам,1-р зэрэглэлийн туслах зам,2015.04.15,2 урсгалтай-2 эгнээ,9-р нэгж хорооллын ХЕТ,,,,,
525318,,,Polygon,107.11261,47.872887,ХЕТ-ний төлөвлөлтийн зам,Орон сууцны ил зогсоол,2015.04.15,,31-р нэгж хорооллын ХЕТ,2016.09.15 ний өдөр Т.Соёл-эрдэнэ мэдээг оруулав.,,,,
525319,,,Polygon,107.111484,47.873607,ХЕТ-ний төлөвлөлтийн зам,Орон сууцны ил зогсоол,2015.04.15,,31-р нэгж хорооллын ХЕТ,2016.09.15 ний өдөр Т.Соёл-эрдэнэ мэдээг оруулав.,,,,
525320,,,Polygon,107.109148,47.875206,ХЕТ-ний төлөвлөлтийн зам,Онцгой байдлын газрын ил зогсоол,2015.04.15,,31-р нэгж хорооллын ХЕТ,2016.09.15 ний өдөр Т.Соёл-эрдэнэ мэдээг оруулав.,,,,
525321,,,Polygon,107.111895,47.872548,ХЕТ-ний төлөвлөлтийн зам,Орон сууцны ил зогсоол,2015.04.15,,31-р нэгж хорооллын ХЕТ,2016.09.15 ний өдөр Т.Соёл-эрдэнэ мэдээг оруулав.,,,,
525322,,,Polygon,107.111844,47.871354,ХЕТ-ний төлөвлөлтийн зам,Худалдаа үйлчилгээний ил зогсоол,2015.04.15,,31-р нэгж хорооллын ХЕТ,2016.09.15 ний өдөр Т.Соёл-эрдэнэ мэдээг оруулав.,,,,
525323,,,Polygon,106.965855,47.992415,ХЕТ-ний төлөвлөлтийн зам,Хороолол доторх зам,2015.04.15,2,Дамбадаржаа нэгж хорооллын ХЕТ,,,,,
525324,,,Polygon,106.975553,47.994807,ХЕТ-ний төлөвлөлтийн зам,Гэр хороолол доторх зам,2015.04.15,2,Дамбадаржаа нэгж хорооллын ХЕТ,,,,,
525325,,,Polygon,106.9731,48.003296,ХЕТ-ний төлөвлөлтийн зам,Хороолол доторх зам,2015.04.15,2,Дамбадаржаа нэгж хорооллын ХЕТ,,,,,
525326,,,Polygon,106.577524,47.901543,ХЕТ-ний төлөвлөлтийн зам,2-р зэргийн  туслах зам,2014.04.04,2,Аргалант-Эмээлт хотын ЕТ,,,,,
525327,,,Polygon,106.608062,47.877674,ХЕТ-ний төлөвлөлтийн зам,2-р зэргийн гол зам,2014.04.04,4,Аргалант-Эмээлт хотын ЕТ,,,,,
525328,,,Polygon,106.598708,47.888642,ХЕТ-ний төлөвлөлтийн зам,Улсын чанартай авто зам,2014.04.04,4,Аргалант-Эмээлт хотын ЕТ,,,,,
525329,,,Polygon,106.569797,47.905274,ХЕТ-ний төлөвлөлтийн зам,Улсын чанартай авто зам,2014.04.04,4,Аргалант-Эмээлт хотын ЕТ,,,,,
525330,,,Polygon,106.588857,47.83669,ХЕТ-ний төлөвлөлтийн зам,2-р зэргийн  туслах зам,2014.04.04,2,Аргалант-Эмээлт хотын ЕТ,,,,,
525331,,,Polygon,106.605048,47.865892,ХЕТ-ний төлөвлөлтийн зам,2-р зэргийн  туслах зам,2014.04.04,2,Аргалант-Эмээлт хотын ЕТ,,,,,
525332,,,Polygon,106.610538,47.869364,ХЕТ-ний төлөвлөлтийн зам,2-р зэргийн  туслах зам,2014.04.04,2,Аргалант-Эмээлт хотын ЕТ,,,,,
525333,,,Polygon,106.553109,47.821825,ХЕТ-ний төлөвлөлтийн зам,2-р зэргийн гол зам,2014.04.04,4,Аргалант-Эмээлт хотын ЕТ,,,,,
525334,,,Polygon,106.53732,47.869712,ХЕТ-ний төлөвлөлтийн зам,2-р зэргийн гол зам,2014.04.04,4,Аргалант-Эмээлт хотын ЕТ,,,,,
525335,,,Polygon,106.596625,47.892624,ХЕТ-ний төлөвлөлтийн зам,1-р зэргийн туслах зам,2014.04.04,2,Аргалант-Эмээлт хотын ЕТ,,,,,
525336,,,Polygon,106.597797,47.892626,ХЕТ-ний төлөвлөлтийн зам,1-р зэргийн туслах зам,2014.04.04,2,Аргалант-Эмээлт хотын ЕТ,,,,,
525337,,,Polygon,106.593015,47.896868,ХЕТ-ний төлөвлөлтийн зам,2-р зэргийн гол зам,2014.04.04,4,Аргалант-Эмээлт хотын ЕТ,,,,,
525338,,,Polygon,106.589641,47.895635,ХЕТ-ний төлөвлөлтийн зам,1-р зэргийн гол зам,2014.04.04,5,Аргалант-Эмээлт хотын ЕТ,,,,,
525339,,,Polygon,106.582398,47.869266,ХЕТ-ний төлөвлөлтийн зам,2-р зэргийн гол зам,2014.04.04,4,Аргалант-Эмээлт хотын ЕТ,,,,,
525340,,,Polygon,106.571306,47.890065,ХЕТ-ний төлөвлөлтийн зам,2-р зэргийн  туслах зам,2014.04.04,2,Аргалант-Эмээлт хотын ЕТ,,,,,
525341,,,Polygon,106.573183,47.880195,ХЕТ-ний төлөвлөлтийн зам,2-р зэргийн  туслах зам,2014.04.04,2,Аргалант-Эмээлт хотын ЕТ,,,,,
525342,,,Polygon,106.559524,47.84684,ХЕТ-ний төлөвлөлтийн зам,2-р зэргийн  туслах зам,2014.04.04,2,Аргалант-Эмээлт хотын ЕТ,,,,,
525343,,,Polygon,106.580993,47.839519,ХЕТ-ний төлөвлөлтийн зам,2-р зэргийн  туслах зам,2014.04.04,2,Аргалант-Эмээлт хотын ЕТ,,,,,
525344,,,Polygon,106.550554,47.824814,ХЕТ-ний төлөвлөлтийн зам,2-р зэргийн  туслах зам,2014.04.04,2,Аргалант-Эмээлт хотын ЕТ,,,,,
525345,,,Polygon,106.567155,47.897283,ХЕТ-ний төлөвлөлтийн зам,2-р зэргийн  туслах зам,2014.04.04,2,Аргалант-Эмээлт хотын ЕТ,,,,,
525346,,,Polygon,106.561769,47.895152,ХЕТ-ний төлөвлөлтийн зам,2-р зэргийн  туслах зам,2014.04.04,2,Аргалант-Эмээлт хотын ЕТ,,,,,
525347,,,Polygon,106.572007,47.877934,ХЕТ-ний төлөвлөлтийн зам,2-р зэргийн  туслах зам,2014.04.04,2,Аргалант-Эмээлт хотын ЕТ,,,,,
525348,,,Polygon,106.573791,47.88409,ХЕТ-ний төлөвлөлтийн зам,2-р зэргийн  туслах зам,2014.04.04,2,Аргалант-Эмээлт хотын ЕТ,,,,,
525349,,,Polygon,106.565122,47.9046,ХЕТ-ний төлөвлөлтийн зам,2-р зэргийн  туслах зам,2014.04.04,2,Аргалант-Эмээлт хотын ЕТ,,,,,
525350,,,Polygon,106.572717,47.90036,ХЕТ-ний төлөвлөлтийн зам,2-р зэргийн  туслах зам,2014.04.04,2,Аргалант-Эмээлт хотын ЕТ,,,,,
525351,,,Polygon,106.585361,47.86092,ХЕТ-ний төлөвлөлтийн зам,2-р зэргийн  туслах зам,2014.04.04,2,Аргалант-Эмээлт хотын ЕТ,,,,,
525352,,,Polygon,106.576098,47.898173,ХЕТ-ний төлөвлөлтийн зам,Авто зогсоол,2014.04.04,-,Аргалант-Эмээлт хотын ЕТ,,,,,
525353,,,Polygon,106.575294,47.898285,ХЕТ-ний төлөвлөлтийн зам,Авто зогсоол,2014.04.04,-,Аргалант-Эмээлт хотын ЕТ,,,,,
525354,,,Polygon,106.578108,47.896248,ХЕТ-ний төлөвлөлтийн зам,Авто зогсоол,2014.04.04,-,Аргалант-Эмээлт хотын ЕТ,,,,,
525355,,,Polygon,106.577648,47.896031,ХЕТ-ний төлөвлөлтийн зам,Авто зогсоол,2014.04.04,-,Аргалант-Эмээлт хотын ЕТ,,,,,
525356,,,Polygon,106.580112,47.893802,ХЕТ-ний төлөвлөлтийн зам,Авто зогсоол,2014.04.04,-,Аргалант-Эмээлт хотын ЕТ,,,,,
525357,,,Polygon,106.588375,47.890294,ХЕТ-ний төлөвлөлтийн зам,Авто зогсоол,2014.04.04,-,Аргалант-Эмээлт хотын ЕТ,,,,,
525358,,,Polygon,106.583265,47.892173,ХЕТ-ний төлөвлөлтийн зам,Авто зогсоол,2014.04.04,-,Аргалант-Эмээлт хотын ЕТ,,,,,
525359,,,Polygon,106.59275,47.886307,ХЕТ-ний төлөвлөлтийн зам,Авто зогсоол,2014.04.04,-,Аргалант-Эмээлт хотын ЕТ,,,,,
525360,,,Polygon,106.568372,47.899088,ХЕТ-ний төлөвлөлтийн зам,2-р зэргийн  туслах зам,2014.04.04,2,Аргалант-Эмээлт хотын ЕТ,,,,,
525361,,,Polygon,106.591869,47.888826,ХЕТ-ний төлөвлөлтийн зам,2-р зэргийн  туслах зам,2014.04.04,2,Аргалант-Эмээлт хотын ЕТ,,,,,
525362,,,Polygon,106.593114,47.892243,ХЕТ-ний төлөвлөлтийн зам,Авто зогсоол,2014.04.04,-,Аргалант-Эмээлт хотын ЕТ,,,,,
525363,,,Polygon,106.585221,47.892029,ХЕТ-ний төлөвлөлтийн зам,2-р зэргийн  туслах зам,2014.04.04,2,Аргалант-Эмээлт хотын ЕТ,,,,,
525364,,,Polygon,106.589629,47.893533,ХЕТ-ний төлөвлөлтийн зам,2-р зэргийн гол зам,2014.04.04,4,Аргалант-Эмээлт хотын ЕТ,,,,,
525365,,,Polygon,106.585579,47.889901,ХЕТ-ний төлөвлөлтийн зам,Авто зогсоол,2014.04.04,-,Аргалант-Эмээлт хотын ЕТ,,,,,
525366,,,Polygon,106.580664,47.890711,ХЕТ-ний төлөвлөлтийн зам,2-р зэргийн  туслах зам,2014.04.04,2,Аргалант-Эмээлт хотын ЕТ,,,,,
525367,,,Polygon,106.582808,47.887184,ХЕТ-ний төлөвлөлтийн зам,Авто зогсоол,2014.04.04,-,Аргалант-Эмээлт хотын ЕТ,,,,,
525368,,,Polygon,106.577274,47.883296,ХЕТ-ний төлөвлөлтийн зам,2-р зэргийн  туслах зам,2014.04.04,2,Аргалант-Эмээлт хотын ЕТ,,,,,
525369,,,Polygon,106.590443,47.896821,ХЕТ-ний төлөвлөлтийн зам,Авто зогсоол,2014.04.04,-,Аргалант-Эмээлт хотын ЕТ,,,,,
525370,,,Polygon,106.592813,47.894123,ХЕТ-ний төлөвлөлтийн зам,Авто зогсоол,2014.04.04,-,Аргалант-Эмээлт хотын ЕТ,,,,,
525371,,,Polygon,106.596082,47.884294,ХЕТ-ний төлөвлөлтийн зам,2-р зэргийн  туслах зам,2014.04.04,2,Аргалант-Эмээлт хотын ЕТ,,,,,
525372,,,Polygon,106.593926,47.890749,ХЕТ-ний төлөвлөлтийн зам,1-р зэргийн туслах зам,2014.04.04,2,Аргалант-Эмээлт хотын ЕТ,,,,,
525373,,,Polygon,106.591849,47.885797,ХЕТ-ний төлөвлөлтийн зам,2-р зэргийн  туслах зам,2014.04.04,2,Аргалант-Эмээлт хотын ЕТ,,,,,
525374,,,Polygon,106.594306,47.884006,ХЕТ-ний төлөвлөлтийн зам,2-р зэргийн  туслах зам,2014.04.04,2,Аргалант-Эмээлт хотын ЕТ,,,,,
525375,,,Polygon,106.591112,47.886146,ХЕТ-ний төлөвлөлтийн зам,2-р зэргийн  туслах зам,2014.04.04,2,Аргалант-Эмээлт хотын ЕТ,,,,,
525376,,,Polygon,106.588899,47.887697,ХЕТ-ний төлөвлөлтийн зам,2-р зэргийн  туслах зам,2014.04.04,2,Аргалант-Эмээлт хотын ЕТ,,,,,
525377,,,Polygon,106.587934,47.888296,ХЕТ-ний төлөвлөлтийн зам,2-р зэргийн  туслах зам,2014.04.04,2,Аргалант-Эмээлт хотын ЕТ,,,,,
525378,,,Polygon,106.589474,47.88728,ХЕТ-ний төлөвлөлтийн зам,1-р зэргийн туслах зам,2014.04.04,2,Аргалант-Эмээлт хотын ЕТ,,,,,
525379,,,Polygon,106.58685,47.889008,ХЕТ-ний төлөвлөлтийн зам,2-р зэргийн  туслах зам,2014.04.04,2,Аргалант-Эмээлт хотын ЕТ,,,,,
525380,,,Polygon,106.585834,47.888128,ХЕТ-ний төлөвлөлтийн зам,Авто зогсоол,2014.04.04,-,Аргалант-Эмээлт хотын ЕТ,,,,,
525381,,,Polygon,106.592897,47.892711,ХЕТ-ний төлөвлөлтийн зам,Авто зогсоол,2014.04.04,-,Аргалант-Эмээлт хотын ЕТ,,,,,
525382,,,Polygon,106.592617,47.892705,ХЕТ-ний төлөвлөлтийн зам,1-р зэргийн туслах зам,2014.04.04,2,Аргалант-Эмээлт хотын ЕТ,,,,,
525383,,,Polygon,106.58715,47.894278,ХЕТ-ний төлөвлөлтийн зам,Авто зогсоол,2014.04.04,-,Аргалант-Эмээлт хотын ЕТ,,,,,
525384,,,Polygon,106.586607,47.893732,ХЕТ-ний төлөвлөлтийн зам,Авто зогсоол,2014.04.04,-,Аргалант-Эмээлт хотын ЕТ,,,,,
525385,,,Polygon,106.583072,47.893826,ХЕТ-ний төлөвлөлтийн зам,2-р зэргийн  туслах зам,2014.04.04,2,Аргалант-Эмээлт хотын ЕТ,,,,,
525386,,,Polygon,106.583476,47.89619,ХЕТ-ний төлөвлөлтийн зам,Авто зогсоол,2014.04.04,-,Аргалант-Эмээлт хотын ЕТ,,,,,
525387,,,Polygon,106.582836,47.895777,ХЕТ-ний төлөвлөлтийн зам,Авто зогсоол,2014.04.04,-,Аргалант-Эмээлт хотын ЕТ,,,,,
525388,,,Polygon,106.579671,47.89659,ХЕТ-ний төлөвлөлтийн зам,Авто зогсоол,2014.04.04,-,Аргалант-Эмээлт хотын ЕТ,,,,,
525389,,,Polygon,106.579543,47.898571,ХЕТ-ний төлөвлөлтийн зам,Авто зогсоол,2014.04.04,-,Аргалант-Эмээлт хотын ЕТ,,,,,
525390,,,Polygon,106.574351,47.900465,ХЕТ-ний төлөвлөлтийн зам,2-р зэргийн  туслах зам,2014.04.04,2,Аргалант-Эмээлт хотын ЕТ,,,,,
525391,,,Polygon,106.575777,47.891359,ХЕТ-ний төлөвлөлтийн зам,1-р зэргийн туслах зам,2014.04.04,2,Аргалант-Эмээлт хотын ЕТ,,,,,
525392,,,Polygon,106.578741,47.878209,ХЕТ-ний төлөвлөлтийн зам,2-р зэргийн  туслах зам,2014.04.04,2,Аргалант-Эмээлт хотын ЕТ,,,,,
525393,,,Polygon,106.582251,47.868109,ХЕТ-ний төлөвлөлтийн зам,2-р зэргийн  туслах зам,2014.04.04,2,Аргалант-Эмээлт хотын ЕТ,,,,,
525394,,,Polygon,106.585133,47.867406,ХЕТ-ний төлөвлөлтийн зам,Авто зогсоол,2014.04.04,-,Аргалант-Эмээлт хотын ЕТ,,,,,
525395,,,Polygon,106.58484,47.864688,ХЕТ-ний төлөвлөлтийн зам,Авто зогсоол,2014.04.04,-,Аргалант-Эмээлт хотын ЕТ,,,,,
525396,,,Polygon,106.585037,47.866495,ХЕТ-ний төлөвлөлтийн зам,Авто зогсоол,2014.04.04,-,Аргалант-Эмээлт хотын ЕТ,,,,,
525397,,,Polygon,106.58494,47.865583,ХЕТ-ний төлөвлөлтийн зам,Авто зогсоол,2014.04.04,-,Аргалант-Эмээлт хотын ЕТ,,,,,
525398,,,Polygon,106.584792,47.862943,ХЕТ-ний төлөвлөлтийн зам,Авто зогсоол,2014.04.04,-,Аргалант-Эмээлт хотын ЕТ,,,,,
525399,,,Polygon,106.584519,47.86576,ХЕТ-ний төлөвлөлтийн зам,Авто зогсоол,2014.04.04,-,Аргалант-Эмээлт хотын ЕТ,,,,,
525400,,,Polygon,106.589127,47.868325,ХЕТ-ний төлөвлөлтийн зам,1-р зэргийн туслах зам,2014.04.04,2,Аргалант-Эмээлт хотын ЕТ,,,,,
525401,,,Polygon,106.587592,47.865963,ХЕТ-ний төлөвлөлтийн зам,Авто зогсоол,2014.04.04,-,Аргалант-Эмээлт хотын ЕТ,,,,,
525402,,,Polygon,106.592721,47.857822,ХЕТ-ний төлөвлөлтийн зам,2-р зэргийн  туслах зам,2014.04.04,2,Аргалант-Эмээлт хотын ЕТ,,,,,
525403,,,Polygon,106.571728,47.878154,ХЕТ-ний төлөвлөлтийн зам,1-р зэргийн туслах зам,2014.04.04,2,Аргалант-Эмээлт хотын ЕТ,,,,,
525404,,,Polygon,106.569929,47.881287,ХЕТ-ний төлөвлөлтийн зам,2-р зэргийн  туслах зам,2014.04.04,2,Аргалант-Эмээлт хотын ЕТ,,,,,
525405,,,Polygon,106.572393,47.881886,ХЕТ-ний төлөвлөлтийн зам,2-р зэргийн  туслах зам,2014.04.04,2,Аргалант-Эмээлт хотын ЕТ,,,,,
525406,,,Polygon,106.569791,47.837329,ХЕТ-ний төлөвлөлтийн зам,2-р зэргийн  туслах зам,2014.04.04,2,Аргалант-Эмээлт хотын ЕТ,,,,,
525407,,,Polygon,106.564233,47.836029,ХЕТ-ний төлөвлөлтийн зам,2-р зэргийн  туслах зам,2014.04.04,2,Аргалант-Эмээлт хотын ЕТ,,,,,
525408,,,Polygon,106.558278,47.842339,ХЕТ-ний төлөвлөлтийн зам,2-р зэргийн  туслах зам,2014.04.04,2,Аргалант-Эмээлт хотын ЕТ,,,,,
525409,,,Polygon,106.567266,47.842092,ХЕТ-ний төлөвлөлтийн зам,1-р зэргийн туслах зам,2014.04.04,2,Аргалант-Эмээлт хотын ЕТ,,,,,
525410,,,Polygon,106.530487,47.866971,ХЕТ-ний төлөвлөлтийн зам,1-р зэргийн туслах зам,2014.04.04,2,Аргалант-Эмээлт хотын ЕТ,,,,,
525411,,,Polygon,106.530935,47.867764,ХЕТ-ний төлөвлөлтийн зам,Авто зогсоол,2014.04.04,-,Аргалант-Эмээлт хотын ЕТ,,,,,
525412,,,Polygon,106.53092,47.868057,ХЕТ-ний төлөвлөлтийн зам,Авто зогсоол,2014.04.04,-,Аргалант-Эмээлт хотын ЕТ,,,,,
525413,,,Polygon,106.522332,47.879868,ХЕТ-ний төлөвлөлтийн зам,2-р зэргийн  туслах зам,2014.04.04,2,Аргалант-Эмээлт хотын ЕТ,,,,,
525414,,,Polygon,106.523774,47.881919,ХЕТ-ний төлөвлөлтийн зам,1-р зэргийн туслах зам,2014.04.04,2,Аргалант-Эмээлт хотын ЕТ,,,,,
525415,,,Polygon,106.530724,47.88813,ХЕТ-ний төлөвлөлтийн зам,1-р зэргийн туслах зам,2014.04.04,2,Аргалант-Эмээлт хотын ЕТ,,,,,
525416,,,Polygon,106.527291,47.891411,ХЕТ-ний төлөвлөлтийн зам,2-р зэргийн гол зам,2014.04.04,4,Аргалант-Эмээлт хотын ЕТ,,,,,
525417,,,Polygon,106.540182,47.859677,ХЕТ-ний төлөвлөлтийн зам,2-р зэргийн  туслах зам,2014.04.04,2,Аргалант-Эмээлт хотын ЕТ,,,,,
525418,,,Polygon,106.53988,47.864322,ХЕТ-ний төлөвлөлтийн зам,2-р зэргийн  туслах зам,2014.04.04,2,Аргалант-Эмээлт хотын ЕТ,,,,,
525419,,,Polygon,106.535484,47.86796,ХЕТ-ний төлөвлөлтийн зам,2-р зэргийн  туслах зам,2014.04.04,2,Аргалант-Эмээлт хотын ЕТ,,,,,
525420,,,Polygon,106.53271,47.866483,ХЕТ-ний төлөвлөлтийн зам,2-р зэргийн  туслах зам,2014.04.04,2,Аргалант-Эмээлт хотын ЕТ,,,,,
525421,,,Polygon,106.532111,47.869162,ХЕТ-ний төлөвлөлтийн зам,Авто зогсоол,2014.04.04,-,Аргалант-Эмээлт хотын ЕТ,,,,,
525422,,,Polygon,106.524625,47.87345,ХЕТ-ний төлөвлөлтийн зам,2-р зэргийн  туслах зам,2014.04.04,2,Аргалант-Эмээлт хотын ЕТ,,,,,
525423,,,Polygon,106.528903,47.876306,ХЕТ-ний төлөвлөлтийн зам,2-р зэргийн  туслах зам,2014.04.04,2,Аргалант-Эмээлт хотын ЕТ,,,,,
525424,,,Polygon,106.527579,47.881935,ХЕТ-ний төлөвлөлтийн зам,Авто зогсоол,2014.04.04,-,Аргалант-Эмээлт хотын ЕТ,,,,,
525425,,,Polygon,106.527316,47.884949,ХЕТ-ний төлөвлөлтийн зам,2-р зэргийн  туслах зам,2014.04.04,2,Аргалант-Эмээлт хотын ЕТ,,,,,
525426,,,Polygon,106.530564,47.885742,ХЕТ-ний төлөвлөлтийн зам,2-р зэргийн  туслах зам,2014.04.04,2,Аргалант-Эмээлт хотын ЕТ,,,,,
525427,,,Polygon,106.532938,47.890792,ХЕТ-ний төлөвлөлтийн зам,2-р зэргийн  туслах зам,2014.04.04,2,Аргалант-Эмээлт хотын ЕТ,,,,,
525428,,,Polygon,106.530495,47.890474,ХЕТ-ний төлөвлөлтийн зам,2-р зэргийн  туслах зам,2014.04.04,2,Аргалант-Эмээлт хотын ЕТ,,,,,
525429,,,Polygon,106.582224,47.89991,ХЕТ-ний төлөвлөлтийн зам,Авто зогсоол,2014.04.04,-,Аргалант-Эмээлт хотын ЕТ,,,,,
525430,,,Polygon,106.58197,47.899758,ХЕТ-ний төлөвлөлтийн зам,Авто зогсоол,2014.04.04,-,Аргалант-Эмээлт хотын ЕТ,,,,,
525431,,,Polygon,106.579614,47.900716,ХЕТ-ний төлөвлөлтийн зам,Авто зогсоол,2014.04.04,-,Аргалант-Эмээлт хотын ЕТ,,,,,
525432,,,Polygon,106.579665,47.901003,ХЕТ-ний төлөвлөлтийн зам,Авто зогсоол,2014.04.04,-,Аргалант-Эмээлт хотын ЕТ,,,,,
525433,,,Polygon,106.576986,47.901862,ХЕТ-ний төлөвлөлтийн зам,Авто зогсоол,2014.04.04,-,Аргалант-Эмээлт хотын ЕТ,,,,,
525434,,,Polygon,106.576594,47.900817,ХЕТ-ний төлөвлөлтийн зам,Авто зогсоол,2014.04.04,-,Аргалант-Эмээлт хотын ЕТ,,,,,
525435,,,Polygon,106.564777,47.906533,ХЕТ-ний төлөвлөлтийн зам,Авто зогсоол,2014.04.04,-,Аргалант-Эмээлт хотын ЕТ,,,,,
525436,,,Polygon,106.584571,47.897838,ХЕТ-ний төлөвлөлтийн зам,Авто зогсоол,2014.04.04,-,Аргалант-Эмээлт хотын ЕТ,,,,,
525437,,,Polygon,106.5841,47.897618,ХЕТ-ний төлөвлөлтийн зам,Авто зогсоол,2014.04.04,-,Аргалант-Эмээлт хотын ЕТ,,,,,
525438,,,Polygon,106.574736,47.900686,ХЕТ-ний төлөвлөлтийн зам,Авто зогсоол,2014.04.04,-,Аргалант-Эмээлт хотын ЕТ,,,,,
525439,,,Polygon,106.572448,47.899841,ХЕТ-ний төлөвлөлтийн зам,Авто зогсоол,2014.04.04,-,Аргалант-Эмээлт хотын ЕТ,,,,,
525440,,,Polygon,106.571128,47.901114,ХЕТ-ний төлөвлөлтийн зам,Авто зогсоол,2014.04.04,-,Аргалант-Эмээлт хотын ЕТ,,,,,
525441,,,Polygon,106.567518,47.900609,ХЕТ-ний төлөвлөлтийн зам,Авто зогсоол,2014.04.04,-,Аргалант-Эмээлт хотын ЕТ,,,,,
525442,,,Polygon,106.566661,47.900225,ХЕТ-ний төлөвлөлтийн зам,Авто зогсоол,2014.04.04,-,Аргалант-Эмээлт хотын ЕТ,,,,,
525443,,,Polygon,106.569559,47.900994,ХЕТ-ний төлөвлөлтийн зам,Авто зогсоол,2014.04.04,-,Аргалант-Эмээлт хотын ЕТ,,,,,
525444,,,Polygon,106.569891,47.89639,ХЕТ-ний төлөвлөлтийн зам,Авто зогсоол,2014.04.04,-,Аргалант-Эмээлт хотын ЕТ,,,,,
525445,,,Polygon,106.59304,47.894157,ХЕТ-ний төлөвлөлтийн зам,2-р зэргийн  туслах зам,2014.04.04,2,Аргалант-Эмээлт хотын ЕТ,,,,,
525446,,,Polygon,106.588635,47.890937,ХЕТ-ний төлөвлөлтийн зам,Авто зогсоол,2014.04.04,-,Аргалант-Эмээлт хотын ЕТ,,,,,
525447,,,Polygon,106.589588,47.890606,ХЕТ-ний төлөвлөлтийн зам,Авто зогсоол,2014.04.04,-,Аргалант-Эмээлт хотын ЕТ,,,,,
525448,,,Polygon,106.592516,47.887164,ХЕТ-ний төлөвлөлтийн зам,Авто зогсоол,2014.04.04,-,Аргалант-Эмээлт хотын ЕТ,,,,,
525449,,,Polygon,106.590914,47.888648,ХЕТ-ний төлөвлөлтийн зам,Авто зогсоол,2014.04.04,-,Аргалант-Эмээлт хотын ЕТ,,,,,
525450,,,Polygon,106.587296,47.889064,ХЕТ-ний төлөвлөлтийн зам,Авто зогсоол,2014.04.04,-,Аргалант-Эмээлт хотын ЕТ,,,,,
525451,,,Polygon,106.586786,47.889315,ХЕТ-ний төлөвлөлтийн зам,Авто зогсоол,2014.04.04,-,Аргалант-Эмээлт хотын ЕТ,,,,,
525452,,,Polygon,106.586153,47.888406,ХЕТ-ний төлөвлөлтийн зам,2-р зэргийн  туслах зам,2014.04.04,2,Аргалант-Эмээлт хотын ЕТ,,,,,
525453,,,Polygon,106.588167,47.88863,ХЕТ-ний төлөвлөлтийн зам,Авто зогсоол,2014.04.04,-,Аргалант-Эмээлт хотын ЕТ,,,,,
525454,,,Polygon,106.588319,47.888002,ХЕТ-ний төлөвлөлтийн зам,Авто зогсоол,2014.04.04,-,Аргалант-Эмээлт хотын ЕТ,,,,,
525455,,,Polygon,106.584543,47.886501,ХЕТ-ний төлөвлөлтийн зам,Авто зогсоол,2014.04.04,-,Аргалант-Эмээлт хотын ЕТ,,,,,
525456,,,Polygon,106.584128,47.886187,ХЕТ-ний төлөвлөлтийн зам,Авто зогсоол,2014.04.04,-,Аргалант-Эмээлт хотын ЕТ,,,,,
525457,,,Polygon,106.58486,47.886832,ХЕТ-ний төлөвлөлтийн зам,Авто зогсоол,2014.04.04,-,Аргалант-Эмээлт хотын ЕТ,,,,,
525458,,,Polygon,106.585275,47.887149,ХЕТ-ний төлөвлөлтийн зам,Авто зогсоол,2014.04.04,-,Аргалант-Эмээлт хотын ЕТ,,,,,
525459,,,Polygon,106.578275,47.891027,ХЕТ-ний төлөвлөлтийн зам,Авто зогсоол,2014.04.04,-,Аргалант-Эмээлт хотын ЕТ,,,,,
525460,,,Polygon,106.578206,47.891783,ХЕТ-ний төлөвлөлтийн зам,Авто зогсоол,2014.04.04,-,Аргалант-Эмээлт хотын ЕТ,,,,,
525461,,,Polygon,106.577947,47.892256,ХЕТ-ний төлөвлөлтийн зам,Авто зогсоол,2014.04.04,-,Аргалант-Эмээлт хотын ЕТ,,,,,
525462,,,Polygon,106.58152,47.891641,ХЕТ-ний төлөвлөлтийн зам,Авто зогсоол,2014.04.04,-,Аргалант-Эмээлт хотын ЕТ,,,,,
525463,,,Polygon,106.581758,47.892273,ХЕТ-ний төлөвлөлтийн зам,Авто зогсоол,2014.04.04,-,Аргалант-Эмээлт хотын ЕТ,,,,,
525464,,,Polygon,106.599032,47.897571,ХЕТ-ний төлөвлөлтийн зам,Авто зогсоол,2014.04.04,-,Аргалант-Эмээлт хотын ЕТ,,,,,
525465,,,Polygon,106.597489,47.896612,ХЕТ-ний төлөвлөлтийн зам,Авто зогсоол,2014.04.04,-,Аргалант-Эмээлт хотын ЕТ,,,,,
525466,,,Polygon,106.595469,47.897771,ХЕТ-ний төлөвлөлтийн зам,Авто зогсоол,2014.04.04,-,Аргалант-Эмээлт хотын ЕТ,,,,,
525467,,,Polygon,106.596472,47.89717,ХЕТ-ний төлөвлөлтийн зам,Авто зогсоол,2014.04.04,-,Аргалант-Эмээлт хотын ЕТ,,,,,
525468,,,Polygon,106.564839,47.904437,ХЕТ-ний төлөвлөлтийн зам,Авто зогсоол,2014.04.04,-,Аргалант-Эмээлт хотын ЕТ,,,,,
525469,,,Polygon,106.565828,47.903986,ХЕТ-ний төлөвлөлтийн зам,Авто зогсоол,2014.04.04,-,Аргалант-Эмээлт хотын ЕТ,,,,,
525470,,,Polygon,106.566397,47.903923,ХЕТ-ний төлөвлөлтийн зам,Авто зогсоол,2014.04.04,-,Аргалант-Эмээлт хотын ЕТ,,,,,
525471,,,Polygon,106.566894,47.90365,ХЕТ-ний төлөвлөлтийн зам,Авто зогсоол,2014.04.04,-,Аргалант-Эмээлт хотын ЕТ,,,,,
525472,,,Polygon,106.567274,47.903057,ХЕТ-ний төлөвлөлтийн зам,Авто зогсоол,2014.04.04,-,Аргалант-Эмээлт хотын ЕТ,,,,,
525473,,,Polygon,106.568379,47.902647,ХЕТ-ний төлөвлөлтийн зам,Авто зогсоол,2014.04.04,-,Аргалант-Эмээлт хотын ЕТ,,,,,
525474,,,Polygon,106.568871,47.902092,ХЕТ-ний төлөвлөлтийн зам,Авто зогсоол,2014.04.04,-,Аргалант-Эмээлт хотын ЕТ,,,,,
525475,,,Polygon,106.570107,47.902054,ХЕТ-ний төлөвлөлтийн зам,Авто зогсоол,2014.04.04,-,Аргалант-Эмээлт хотын ЕТ,,,,,
525476,,,Polygon,106.559809,47.89764,ХЕТ-ний төлөвлөлтийн зам,Авто зогсоол,2014.04.04,-,Аргалант-Эмээлт хотын ЕТ,,,,,
525477,,,Polygon,106.560829,47.897242,ХЕТ-ний төлөвлөлтийн зам,Авто зогсоол,2014.04.04,-,Аргалант-Эмээлт хотын ЕТ,,,,,
525478,,,Polygon,106.559935,47.897017,ХЕТ-ний төлөвлөлтийн зам,Авто зогсоол,2014.04.04,-,Аргалант-Эмээлт хотын ЕТ,,,,,
525479,,,Polygon,106.561671,47.897082,ХЕТ-ний төлөвлөлтийн зам,Авто зогсоол,2014.04.04,-,Аргалант-Эмээлт хотын ЕТ,,,,,
525480,,,Polygon,106.56077,47.896857,ХЕТ-ний төлөвлөлтийн зам,Авто зогсоол,2014.04.04,-,Аргалант-Эмээлт хотын ЕТ,,,,,
525481,,,Polygon,106.56191,47.895927,ХЕТ-ний төлөвлөлтийн зам,Авто зогсоол,2014.04.04,-,Аргалант-Эмээлт хотын ЕТ,,,,,
525482,,,Polygon,106.582393,47.868896,ХЕТ-ний төлөвлөлтийн зам,Авто зогсоол,2014.04.04,-,Аргалант-Эмээлт хотын ЕТ,,,,,
525483,,,Polygon,106.582767,47.868956,ХЕТ-ний төлөвлөлтийн зам,Авто зогсоол,2014.04.04,-,Аргалант-Эмээлт хотын ЕТ,,,,,
525484,,,Polygon,106.584503,47.868862,ХЕТ-ний төлөвлөлтийн зам,Авто зогсоол,2014.04.04,-,Аргалант-Эмээлт хотын ЕТ,,,,,
525485,,,Polygon,106.580675,47.868677,ХЕТ-ний төлөвлөлтийн зам,Авто зогсоол,2014.04.04,-,Аргалант-Эмээлт хотын ЕТ,,,,,
525486,,,Polygon,106.580273,47.868349,ХЕТ-ний төлөвлөлтийн зам,Авто зогсоол,2014.04.04,-,Аргалант-Эмээлт хотын ЕТ,,,,,
525487,,,Polygon,106.581372,47.866995,ХЕТ-ний төлөвлөлтийн зам,Авто зогсоол,2014.04.04,-,Аргалант-Эмээлт хотын ЕТ,,,,,
525488,,,Polygon,106.583587,47.860196,ХЕТ-ний төлөвлөлтийн зам,Авто зогсоол,2014.04.04,-,Аргалант-Эмээлт хотын ЕТ,,,,,
525489,,,Polygon,106.583254,47.860172,ХЕТ-ний төлөвлөлтийн зам,Авто зогсоол,2014.04.04,-,Аргалант-Эмээлт хотын ЕТ,,,,,
525490,,,Polygon,106.583675,47.858739,ХЕТ-ний төлөвлөлтийн зам,Авто зогсоол,2014.04.04,-,Аргалант-Эмээлт хотын ЕТ,,,,,
525491,,,Polygon,106.584039,47.857673,ХЕТ-ний төлөвлөлтийн зам,Авто зогсоол,2014.04.04,-,Аргалант-Эмээлт хотын ЕТ,,,,,
525492,,,Polygon,106.587572,47.858038,ХЕТ-ний төлөвлөлтийн зам,Авто зогсоол,2014.04.04,-,Аргалант-Эмээлт хотын ЕТ,,,,,
525493,,,Polygon,106.587381,47.858615,ХЕТ-ний төлөвлөлтийн зам,Авто зогсоол,2014.04.04,-,Аргалант-Эмээлт хотын ЕТ,,,,,
525494,,,Polygon,106.58719,47.859189,ХЕТ-ний төлөвлөлтийн зам,Авто зогсоол,2014.04.04,-,Аргалант-Эмээлт хотын ЕТ,,,,,
525495,,,Polygon,106.588879,47.858846,ХЕТ-ний төлөвлөлтийн зам,Авто зогсоол,2014.04.04,-,Аргалант-Эмээлт хотын ЕТ,,,,,
525496,,,Polygon,106.58869,47.859417,ХЕТ-ний төлөвлөлтийн зам,Авто зогсоол,2014.04.04,-,Аргалант-Эмээлт хотын ЕТ,,,,,
525497,,,Polygon,106.5871,47.866262,ХЕТ-ний төлөвлөлтийн зам,2-р зэргийн  туслах зам,2014.04.04,2,Аргалант-Эмээлт хотын ЕТ,,,,,
525498,,,Polygon,106.560385,47.845955,ХЕТ-ний төлөвлөлтийн зам,Авто зогсоол,2014.04.04,-,Аргалант-Эмээлт хотын ЕТ,,,,,
525499,,,Polygon,106.564348,47.84387,ХЕТ-ний төлөвлөлтийн зам,Авто зогсоол,2014.04.04,-,Аргалант-Эмээлт хотын ЕТ,,,,,
525500,,,Polygon,106.563049,47.845047,ХЕТ-ний төлөвлөлтийн зам,Авто зогсоол,2014.04.04,-,Аргалант-Эмээлт хотын ЕТ,,,,,
525501,,,Polygon,106.565901,47.845372,ХЕТ-ний төлөвлөлтийн зам,Авто зогсоол,2014.04.04,-,Аргалант-Эмээлт хотын ЕТ,,,,,
525502,,,Polygon,106.559179,47.841677,ХЕТ-ний төлөвлөлтийн зам,Авто зогсоол,2014.04.04,-,Аргалант-Эмээлт хотын ЕТ,,,,,
525503,,,Polygon,106.557911,47.843278,ХЕТ-ний төлөвлөлтийн зам,Авто зогсоол,2014.04.04,-,Аргалант-Эмээлт хотын ЕТ,,,,,
525504,,,Polygon,106.563225,47.834173,ХЕТ-ний төлөвлөлтийн зам,Авто зогсоол,2014.04.04,-,Аргалант-Эмээлт хотын ЕТ,,,,,
525505,,,Polygon,106.564699,47.834702,ХЕТ-ний төлөвлөлтийн зам,Авто зогсоол,2014.04.04,-,Аргалант-Эмээлт хотын ЕТ,,,,,
525506,,,Polygon,106.568135,47.841407,ХЕТ-ний төлөвлөлтийн зам,Авто зогсоол,2014.04.04,-,Аргалант-Эмээлт хотын ЕТ,,,,,
525507,,,Polygon,106.568052,47.839371,ХЕТ-ний төлөвлөлтийн зам,Авто зогсоол,2014.04.04,-,Аргалант-Эмээлт хотын ЕТ,,,,,
525508,,,Polygon,106.565767,47.842357,ХЕТ-ний төлөвлөлтийн зам,Авто зогсоол,2014.04.04,-,Аргалант-Эмээлт хотын ЕТ,,,,,
525509,,,Polygon,106.569371,47.836927,ХЕТ-ний төлөвлөлтийн зам,Авто зогсоол,2014.04.04,-,Аргалант-Эмээлт хотын ЕТ,,,,,
525510,,,Polygon,106.599093,47.895081,ХЕТ-ний төлөвлөлтийн зам,Авто зогсоол,2014.04.04,-,Аргалант-Эмээлт хотын ЕТ,,,,,
525511,,,Polygon,106.599715,47.894138,ХЕТ-ний төлөвлөлтийн зам,Авто зогсоол,2014.04.04,-,Аргалант-Эмээлт хотын ЕТ,,,,,
525512,,,Polygon,106.600103,47.893287,ХЕТ-ний төлөвлөлтийн зам,Авто зогсоол,2014.04.04,-,Аргалант-Эмээлт хотын ЕТ,,,,,
525513,,,Polygon,106.600505,47.88731,ХЕТ-ний төлөвлөлтийн зам,Авто зогсоол,2014.04.04,-,Аргалант-Эмээлт хотын ЕТ,,,,,
525514,,,Polygon,106.602479,47.884925,ХЕТ-ний төлөвлөлтийн зам,Авто зогсоол,2014.04.04,-,Аргалант-Эмээлт хотын ЕТ,,,,,
525515,,,Polygon,106.567127,47.831147,ХЕТ-ний төлөвлөлтийн зам,Авто зогсоол,2014.04.04,-,Аргалант-Эмээлт хотын ЕТ,,,,,
525516,,,Polygon,106.565823,47.831357,ХЕТ-ний төлөвлөлтийн зам,Авто зогсоол,2014.04.04,-,Аргалант-Эмээлт хотын ЕТ,,,,,
525517,,,Polygon,106.603593,47.88053,ХЕТ-ний төлөвлөлтийн зам,2-р зэргийн  туслах зам,2014.04.04,1,Аргалант-Эмээлт хотын ЕТ,,,,,
525518,,,Polygon,106.60466,47.88605,ХЕТ-ний төлөвлөлтийн зам,1-р зэргийн туслах зам,2014.04.04,2,Аргалант-Эмээлт хотын ЕТ,,,,,
525519,,,Polygon,106.603032,47.890851,ХЕТ-ний төлөвлөлтийн зам,2-р зэргийн  туслах зам,2014.04.04,2,Аргалант-Эмээлт хотын ЕТ,,,,,
525520,,,Polygon,106.601264,47.893959,ХЕТ-ний төлөвлөлтийн зам,2-р зэргийн  туслах зам,2014.04.04,2,Аргалант-Эмээлт хотын ЕТ,,,,,
525521,,,Polygon,106.597278,47.897798,ХЕТ-ний төлөвлөлтийн зам,2-р зэргийн  туслах зам,2014.04.04,2,Аргалант-Эмээлт хотын ЕТ,,,,,
525522,,,Polygon,106.564253,47.904521,ХЕТ-ний төлөвлөлтийн зам,2-р зэргийн  туслах зам,2014.04.04,1,Аргалант-Эмээлт хотын ЕТ,,,,,
525523,,,Polygon,106.564769,47.904273,ХЕТ-ний төлөвлөлтийн зам,2-р зэргийн  туслах зам,2014.04.04,1,Аргалант-Эмээлт хотын ЕТ,,,,,
525524,,,Polygon,106.565583,47.903899,ХЕТ-ний төлөвлөлтийн зам,2-р зэргийн  туслах зам,2014.04.04,1,Аргалант-Эмээлт хотын ЕТ,,,,,
525525,,,Polygon,106.566191,47.903629,ХЕТ-ний төлөвлөлтийн зам,2-р зэргийн  туслах зам,2014.04.04,1,Аргалант-Эмээлт хотын ЕТ,,,,,
525526,,,Polygon,106.566694,47.903356,ХЕТ-ний төлөвлөлтийн зам,2-р зэргийн  туслах зам,2014.04.04,1,Аргалант-Эмээлт хотын ЕТ,,,,,
525527,,,Polygon,106.567074,47.902982,ХЕТ-ний төлөвлөлтийн зам,2-р зэргийн  туслах зам,2014.04.04,1,Аргалант-Эмээлт хотын ЕТ,,,,,
525528,,,Polygon,106.568403,47.9022,ХЕТ-ний төлөвлөлтийн зам,2-р зэргийн  туслах зам,2014.04.04,1,Аргалант-Эмээлт хотын ЕТ,,,,,
525529,,,Polygon,106.563824,47.904478,ХЕТ-ний төлөвлөлтийн зам,2-р зэргийн  туслах зам,2014.04.04,2,Аргалант-Эмээлт хотын ЕТ,,,,,
525530,,,Polygon,106.575667,47.884743,ХЕТ-ний төлөвлөлтийн зам,Авто зогсоол,2014.04.04,-,Аргалант-Эмээлт хотын ЕТ,,,,,
525531,,,Polygon,106.578013,47.87645,ХЕТ-ний төлөвлөлтийн зам,2-р зэргийн  туслах зам,2014.04.04,2,Аргалант-Эмээлт хотын ЕТ,,,,,
525532,,,Polygon,106.5345,47.893148,ХЕТ-ний төлөвлөлтийн зам,Авто зогсоол,2014.04.04,-,Аргалант-Эмээлт хотын ЕТ,,,,,
525533,,,Polygon,106.533704,47.893767,ХЕТ-ний төлөвлөлтийн зам,Авто зогсоол,2014.04.04,-,Аргалант-Эмээлт хотын ЕТ,,,,,
525534,,,Polygon,106.526467,47.882441,ХЕТ-ний төлөвлөлтийн зам,Авто зогсоол,2014.04.04,-,Аргалант-Эмээлт хотын ЕТ,,,,,
525535,,,Polygon,106.611246,47.86823,ХЕТ-ний төлөвлөлтийн зам,Авто зогсоол,2014.04.04,-,Аргалант-Эмээлт хотын ЕТ,,,,,
525536,,,Polygon,106.587731,47.863099,ХЕТ-ний төлөвлөлтийн зам,Авто зогсоол,2014.04.04,-,Аргалант-Эмээлт хотын ЕТ,,,,,
525537,,,Polygon,106.587164,47.862831,ХЕТ-ний төлөвлөлтийн зам,Авто зогсоол,2014.04.04,-,Аргалант-Эмээлт хотын ЕТ,,,,,
525538,,,Polygon,106.588068,47.858992,ХЕТ-ний төлөвлөлтийн зам,2-р зэргийн  туслах зам,2014.04.04,2,Аргалант-Эмээлт хотын ЕТ,,,,,
525539,,,Polygon,106.587045,47.856485,ХЕТ-ний төлөвлөлтийн зам,2-р зэргийн  туслах зам,2014.04.04,2,Аргалант-Эмээлт хотын ЕТ,,,,,
525540,,,Polygon,106.566258,47.831097,ХЕТ-ний төлөвлөлтийн зам,Явган зам,2014.04.04,,Аргалант-Эмээлт хотын ЕТ,,,,,
525541,,,Polygon,106.577705,47.831405,ХЕТ-ний төлөвлөлтийн зам,Явган зам,2014.04.04,,Аргалант-Эмээлт хотын ЕТ,,,,,
525542,,,Polygon,106.579716,47.83142,ХЕТ-ний төлөвлөлтийн зам,Явган зам,2014.04.04,,Аргалант-Эмээлт хотын ЕТ,,,,,
525543,,,Polygon,106.57585,47.831839,ХЕТ-ний төлөвлөлтийн зам,Явган зам,2014.04.04,,Аргалант-Эмээлт хотын ЕТ,,,,,
525544,,,Polygon,106.568301,47.832411,ХЕТ-ний төлөвлөлтийн зам,Явган зам,2014.04.04,,Аргалант-Эмээлт хотын ЕТ,,,,,
525545,,,Polygon,106.580999,47.833768,ХЕТ-ний төлөвлөлтийн зам,Явган зам,2014.04.04,,Аргалант-Эмээлт хотын ЕТ,,,,,
525546,,,Polygon,106.563033,47.834105,ХЕТ-ний төлөвлөлтийн зам,Явган зам,2014.04.04,,Аргалант-Эмээлт хотын ЕТ,,,,,
525547,,,Polygon,106.57678,47.833641,ХЕТ-ний төлөвлөлтийн зам,Явган зам,2014.04.04,,Аргалант-Эмээлт хотын ЕТ,,,,,
525548,,,Polygon,106.577341,47.834728,ХЕТ-ний төлөвлөлтийн зам,Явган зам,2014.04.04,,Аргалант-Эмээлт хотын ЕТ,,,,,
525549,,,Polygon,106.565447,47.834852,ХЕТ-ний төлөвлөлтийн зам,Явган зам,2014.04.04,,Аргалант-Эмээлт хотын ЕТ,,,,,
525550,,,Polygon,106.561769,47.835704,ХЕТ-ний төлөвлөлтийн зам,Явган зам,2014.04.04,,Аргалант-Эмээлт хотын ЕТ,,,,,
525551,,,Polygon,106.582145,47.835932,ХЕТ-ний төлөвлөлтийн зам,Явган зам,2014.04.04,,Аргалант-Эмээлт хотын ЕТ,,,,,
525552,,,Polygon,106.562263,47.836528,ХЕТ-ний төлөвлөлтийн зам,Явган зам,2014.04.04,,Аргалант-Эмээлт хотын ЕТ,,,,,
525553,,,Polygon,106.563826,47.836285,ХЕТ-ний төлөвлөлтийн зам,Явган зам,2014.04.04,,Аргалант-Эмээлт хотын ЕТ,,,,,
525554,,,Polygon,106.562301,47.837921,ХЕТ-ний төлөвлөлтийн зам,Явган зам,2014.04.04,,Аргалант-Эмээлт хотын ЕТ,,,,,
525555,,,Polygon,106.560149,47.836451,ХЕТ-ний төлөвлөлтийн зам,Явган зам,2014.04.04,,Аргалант-Эмээлт хотын ЕТ,,,,,
525556,,,Polygon,106.581932,47.838086,ХЕТ-ний төлөвлөлтийн зам,Явган зам,2014.04.04,,Аргалант-Эмээлт хотын ЕТ,,,,,
525557,,,Polygon,106.562465,47.838006,ХЕТ-ний төлөвлөлтийн зам,Явган зам,2014.04.04,,Аргалант-Эмээлт хотын ЕТ,,,,,
525558,,,Polygon,106.559705,47.838312,ХЕТ-ний төлөвлөлтийн зам,Явган зам,2014.04.04,,Аргалант-Эмээлт хотын ЕТ,,,,,
525559,,,Polygon,106.569195,47.838313,ХЕТ-ний төлөвлөлтийн зам,Явган зам,2014.04.04,,Аргалант-Эмээлт хотын ЕТ,,,,,
525560,,,Polygon,106.579074,47.838084,ХЕТ-ний төлөвлөлтийн зам,Явган зам,2014.04.04,,Аргалант-Эмээлт хотын ЕТ,,,,,
525561,,,Polygon,106.563178,47.838287,ХЕТ-ний төлөвлөлтийн зам,Явган зам,2014.04.04,,Аргалант-Эмээлт хотын ЕТ,,,,,
525562,,,Polygon,106.568356,47.838986,ХЕТ-ний төлөвлөлтийн зам,Явган зам,2014.04.04,,Аргалант-Эмээлт хотын ЕТ,,,,,
525563,,,Polygon,106.566504,47.839254,ХЕТ-ний төлөвлөлтийн зам,Явган зам,2014.04.04,,Аргалант-Эмээлт хотын ЕТ,,,,,
525564,,,Polygon,106.561487,47.83895,ХЕТ-ний төлөвлөлтийн зам,Явган зам,2014.04.04,,Аргалант-Эмээлт хотын ЕТ,,,,,
525565,,,Polygon,106.558878,47.839356,ХЕТ-ний төлөвлөлтийн зам,Явган зам,2014.04.04,,Аргалант-Эмээлт хотын ЕТ,,,,,
525566,,,Polygon,106.567382,47.839126,ХЕТ-ний төлөвлөлтийн зам,Явган зам,2014.04.04,,Аргалант-Эмээлт хотын ЕТ,,,,,
525567,,,Polygon,106.567767,47.839751,ХЕТ-ний төлөвлөлтийн зам,Явган зам,2014.04.04,,Аргалант-Эмээлт хотын ЕТ,,,,,
525568,,,Polygon,106.583954,47.841222,ХЕТ-ний төлөвлөлтийн зам,Явган зам,2014.04.04,,Аргалант-Эмээлт хотын ЕТ,,,,,
525569,,,Polygon,106.567463,47.840326,ХЕТ-ний төлөвлөлтийн зам,Явган зам,2014.04.04,,Аргалант-Эмээлт хотын ЕТ,,,,,
525570,,,Polygon,106.579742,47.839377,ХЕТ-ний төлөвлөлтийн зам,Явган зам,2014.04.04,,Аргалант-Эмээлт хотын ЕТ,,,,,
525571,,,Polygon,106.561985,47.839794,ХЕТ-ний төлөвлөлтийн зам,Явган зам,2014.04.04,,Аргалант-Эмээлт хотын ЕТ,,,,,
525572,,,Polygon,106.584041,47.839681,ХЕТ-ний төлөвлөлтийн зам,Явган зам,2014.04.04,,Аргалант-Эмээлт хотын ЕТ,,,,,
525573,,,Polygon,106.5593,47.840266,ХЕТ-ний төлөвлөлтийн зам,Явган зам,2014.04.04,,Аргалант-Эмээлт хотын ЕТ,,,,,
525574,,,Polygon,106.582201,47.840112,ХЕТ-ний төлөвлөлтийн зам,Явган зам,2014.04.04,,Аргалант-Эмээлт хотын ЕТ,,,,,
525575,,,Polygon,106.566032,47.840511,ХЕТ-ний төлөвлөлтийн зам,Явган зам,2014.04.04,,Аргалант-Эмээлт хотын ЕТ,,,,,
525576,,,Polygon,106.580346,47.840546,ХЕТ-ний төлөвлөлтийн зам,Явган зам,2014.04.04,,Аргалант-Эмээлт хотын ЕТ,,,,,
525577,,,Polygon,106.584535,47.840637,ХЕТ-ний төлөвлөлтийн зам,Явган зам,2014.04.04,,Аргалант-Эмээлт хотын ЕТ,,,,,
525578,,,Polygon,106.580839,47.841502,ХЕТ-ний төлөвлөлтийн зам,Явган зам,2014.04.04,,Аргалант-Эмээлт хотын ЕТ,,,,,
525579,,,Polygon,106.557953,47.841978,ХЕТ-ний төлөвлөлтийн зам,Явган зам,2014.04.04,,Аргалант-Эмээлт хотын ЕТ,,,,,
525580,,,Polygon,106.585029,47.841592,ХЕТ-ний төлөвлөлтийн зам,Явган зам,2014.04.04,,Аргалант-Эмээлт хотын ЕТ,,,,,
525581,,,Polygon,106.564715,47.841604,ХЕТ-ний төлөвлөлтийн зам,Явган зам,2014.04.04,,Аргалант-Эмээлт хотын ЕТ,,,,,
525582,,,Polygon,106.559238,47.842677,ХЕТ-ний төлөвлөлтийн зам,Явган зам,2014.04.04,,Аргалант-Эмээлт хотын ЕТ,,,,,
525583,,,Polygon,106.557599,47.842424,ХЕТ-ний төлөвлөлтийн зам,Явган зам,2014.04.04,,Аргалант-Эмээлт хотын ЕТ,,,,,
525584,,,Polygon,106.556263,47.842659,ХЕТ-ний төлөвлөлтийн зам,Явган зам,2014.04.04,,Аргалант-Эмээлт хотын ЕТ,,,,,
525585,,,Polygon,106.583188,47.842023,ХЕТ-ний төлөвлөлтийн зам,Явган зам,2014.04.04,,Аргалант-Эмээлт хотын ЕТ,,,,,
525586,,,Polygon,106.565717,47.84272,ХЕТ-ний төлөвлөлтийн зам,Явган зам,2014.04.04,,Аргалант-Эмээлт хотын ЕТ,,,,,
525587,,,Polygon,106.570501,47.841512,ХЕТ-ний төлөвлөлтийн зам,Явган зам,2014.04.04,,Аргалант-Эмээлт хотын ЕТ,,,,,
525588,,,Polygon,106.581333,47.842458,ХЕТ-ний төлөвлөлтийн зам,Явган зам,2014.04.04,,Аргалант-Эмээлт хотын ЕТ,,,,,
525589,,,Polygon,106.585522,47.842548,ХЕТ-ний төлөвлөлтийн зам,Явган зам,2014.04.04,,Аргалант-Эмээлт хотын ЕТ,,,,,
525590,,,Polygon,106.558046,47.843298,ХЕТ-ний төлөвлөлтийн зам,Явган зам,2014.04.04,,Аргалант-Эмээлт хотын ЕТ,,,,,
525591,,,Polygon,106.583682,47.842979,ХЕТ-ний төлөвлөлтийн зам,Явган зам,2014.04.04,,Аргалант-Эмээлт хотын ЕТ,,,,,
525592,,,Polygon,106.556705,47.843547,ХЕТ-ний төлөвлөлтийн зам,Явган зам,2014.04.04,,Аргалант-Эмээлт хотын ЕТ,,,,,
525593,,,Polygon,106.581827,47.843414,ХЕТ-ний төлөвлөлтийн зам,Явган зам,2014.04.04,,Аргалант-Эмээлт хотын ЕТ,,,,,
525594,,,Polygon,106.564502,47.843552,ХЕТ-ний төлөвлөлтийн зам,Явган зам,2014.04.04,,Аргалант-Эмээлт хотын ЕТ,,,,,
525595,,,Polygon,106.555136,47.845155,ХЕТ-ний төлөвлөлтийн зам,Явган зам,2014.04.04,,Аргалант-Эмээлт хотын ЕТ,,,,,
525596,,,Polygon,106.582383,47.844503,ХЕТ-ний төлөвлөлтийн зам,Явган зам,2014.04.04,,Аргалант-Эмээлт хотын ЕТ,,,,,
525597,,,Polygon,106.562286,47.844749,ХЕТ-ний төлөвлөлтийн зам,Явган зам,2014.04.04,,Аргалант-Эмээлт хотын ЕТ,,,,,
525598,,,Polygon,106.552201,47.844802,ХЕТ-ний төлөвлөлтийн зам,Явган зам,2014.04.04,,Аргалант-Эмээлт хотын ЕТ,,,,,
525599,,,Polygon,106.552612,47.845599,ХЕТ-ний төлөвлөлтийн зам,Явган зам,2014.04.04,,Аргалант-Эмээлт хотын ЕТ,,,,,
525600,,,Polygon,106.556339,47.845757,ХЕТ-ний төлөвлөлтийн зам,Явган зам,2014.04.04,,Аргалант-Эмээлт хотын ЕТ,,,,,
525601,,,Polygon,106.563461,47.845373,ХЕТ-ний төлөвлөлтийн зам,Явган зам,2014.04.04,,Аргалант-Эмээлт хотын ЕТ,,,,,
525602,,,Polygon,106.560245,47.845898,ХЕТ-ний төлөвлөлтийн зам,Явган зам,2014.04.04,,Аргалант-Эмээлт хотын ЕТ,,,,,
525603,,,Polygon,106.562598,47.846114,ХЕТ-ний төлөвлөлтийн зам,Явган зам,2014.04.04,,Аргалант-Эмээлт хотын ЕТ,,,,,
525604,,,Polygon,106.553618,47.846101,ХЕТ-ний төлөвлөлтийн зам,Явган зам,2014.04.04,,Аргалант-Эмээлт хотын ЕТ,,,,,
525605,,,Polygon,106.553152,47.846511,ХЕТ-ний төлөвлөлтийн зам,Явган зам,2014.04.04,,Аргалант-Эмээлт хотын ЕТ,,,,,
525606,,,Polygon,106.553072,47.846584,ХЕТ-ний төлөвлөлтийн зам,Явган зам,2014.04.04,,Аргалант-Эмээлт хотын ЕТ,,,,,
525607,,,Polygon,106.558225,47.843276,ХЕТ-ний төлөвлөлтийн зам,Явган зам,2014.04.04,,Аргалант-Эмээлт хотын ЕТ,,,,,
525608,,,Polygon,106.565867,47.845055,ХЕТ-ний төлөвлөлтийн зам,Явган зам,2014.04.04,,Аргалант-Эмээлт хотын ЕТ,,,,,
525609,,,Polygon,106.553781,47.846825,ХЕТ-ний төлөвлөлтийн зам,Явган зам,2014.04.04,,Аргалант-Эмээлт хотын ЕТ,,,,,
525610,,,Polygon,106.5537,47.846898,ХЕТ-ний төлөвлөлтийн зам,Явган зам,2014.04.04,,Аргалант-Эмээлт хотын ЕТ,,,,,
525611,,,Polygon,106.55482,47.846702,ХЕТ-ний төлөвлөлтийн зам,Явган зам,2014.04.04,,Аргалант-Эмээлт хотын ЕТ,,,,,
525612,,,Polygon,106.554356,47.847111,ХЕТ-ний төлөвлөлтийн зам,Явган зам,2014.04.04,,Аргалант-Эмээлт хотын ЕТ,,,,,
525613,,,Polygon,106.559453,47.846802,ХЕТ-ний төлөвлөлтийн зам,Явган зам,2014.04.04,,Аргалант-Эмээлт хотын ЕТ,,,,,
525614,,,Polygon,106.554276,47.847183,ХЕТ-ний төлөвлөлтийн зам,Явган зам,2014.04.04,,Аргалант-Эмээлт хотын ЕТ,,,,,
525615,,,Polygon,106.555348,47.845808,ХЕТ-ний төлөвлөлтийн зам,Явган зам,2014.04.04,,Аргалант-Эмээлт хотын ЕТ,,,,,
525616,,,Polygon,106.552898,47.847192,ХЕТ-ний төлөвлөлтийн зам,Явган зам,2014.04.04,,Аргалант-Эмээлт хотын ЕТ,,,,,
525617,,,Polygon,106.555485,47.847678,ХЕТ-ний төлөвлөлтийн зам,Явган зам,2014.04.04,,Аргалант-Эмээлт хотын ЕТ,,,,,
525618,,,Polygon,106.555889,47.847992,ХЕТ-ний төлөвлөлтийн зам,Явган зам,2014.04.04,,Аргалант-Эмээлт хотын ЕТ,,,,,
525619,,,Polygon,106.560652,47.847646,ХЕТ-ний төлөвлөлтийн зам,Явган зам,2014.04.04,,Аргалант-Эмээлт хотын ЕТ,,,,,
525620,,,Polygon,106.554091,47.847794,ХЕТ-ний төлөвлөлтийн зам,Явган зам,2014.04.04,,Аргалант-Эмээлт хотын ЕТ,,,,,
525621,,,Polygon,106.562141,47.846704,ХЕТ-ний төлөвлөлтийн зам,Явган зам,2014.04.04,,Аргалант-Эмээлт хотын ЕТ,,,,,
525622,,,Polygon,106.557651,47.847522,ХЕТ-ний төлөвлөлтийн зам,Явган зам,2014.04.04,,Аргалант-Эмээлт хотын ЕТ,,,,,
525623,,,Polygon,106.557646,47.8482,ХЕТ-ний төлөвлөлтийн зам,Явган зам,2014.04.04,,Аргалант-Эмээлт хотын ЕТ,,,,,
525624,,,Polygon,106.555741,47.848569,ХЕТ-ний төлөвлөлтийн зам,Явган зам,2014.04.04,,Аргалант-Эмээлт хотын ЕТ,,,,,
525625,,,Polygon,106.556771,47.848995,ХЕТ-ний төлөвлөлтийн зам,Явган зам,2014.04.04,,Аргалант-Эмээлт хотын ЕТ,,,,,
525626,,,Polygon,106.559839,47.848258,ХЕТ-ний төлөвлөлтийн зам,Явган зам,2014.04.04,,Аргалант-Эмээлт хотын ЕТ,,,,,
525627,,,Polygon,106.555895,47.849789,ХЕТ-ний төлөвлөлтийн зам,Явган зам,2014.04.04,,Аргалант-Эмээлт хотын ЕТ,,,,,
525628,,,Polygon,106.558576,47.850125,ХЕТ-ний төлөвлөлтийн зам,Явган зам,2014.04.04,,Аргалант-Эмээлт хотын ЕТ,,,,,
525629,,,Polygon,106.553598,47.848481,ХЕТ-ний төлөвлөлтийн зам,Явган зам,2014.04.04,,Аргалант-Эмээлт хотын ЕТ,,,,,
525630,,,Polygon,106.555955,47.850808,ХЕТ-ний төлөвлөлтийн зам,Явган зам,2014.04.04,,Аргалант-Эмээлт хотын ЕТ,,,,,
525631,,,Polygon,106.588233,47.867857,ХЕТ-ний төлөвлөлтийн зам,Явган зам,2014.04.04,,Аргалант-Эмээлт хотын ЕТ,,,,,
525632,,,Polygon,106.586435,47.867945,ХЕТ-ний төлөвлөлтийн зам,Явган зам,2014.04.04,,Аргалант-Эмээлт хотын ЕТ,,,,,
525633,,,Polygon,106.610966,47.866968,ХЕТ-ний төлөвлөлтийн зам,Явган зам,2014.04.04,,Аргалант-Эмээлт хотын ЕТ,,,,,
525634,,,Polygon,106.580816,47.871791,ХЕТ-ний төлөвлөлтийн зам,Явган зам,2014.04.04,,Аргалант-Эмээлт хотын ЕТ,,,,,
525635,,,Polygon,106.613946,47.869736,ХЕТ-ний төлөвлөлтийн зам,Явган зам,2014.04.04,,Аргалант-Эмээлт хотын ЕТ,,,,,
525636,,,Polygon,106.610443,47.870824,ХЕТ-ний төлөвлөлтийн зам,Явган зам,2014.04.04,,Аргалант-Эмээлт хотын ЕТ,,,,,
525637,,,Polygon,106.589745,47.872702,ХЕТ-ний төлөвлөлтийн зам,Явган зам,2014.04.04,,Аргалант-Эмээлт хотын ЕТ,,,,,
525638,,,Polygon,106.5839,47.875537,ХЕТ-ний төлөвлөлтийн зам,Явган зам,2014.04.04,,Аргалант-Эмээлт хотын ЕТ,,,,,
525639,,,Polygon,106.586925,47.871854,ХЕТ-ний төлөвлөлтийн зам,Явган зам,2014.04.04,,Аргалант-Эмээлт хотын ЕТ,,,,,
525640,,,Polygon,106.588879,47.880249,ХЕТ-ний төлөвлөлтийн зам,Явган зам,2014.04.04,,Аргалант-Эмээлт хотын ЕТ,,,,,
525641,,,Polygon,106.584605,47.876691,ХЕТ-ний төлөвлөлтийн зам,Явган зам,2014.04.04,,Аргалант-Эмээлт хотын ЕТ,,,,,
525642,,,Polygon,106.584645,47.876717,ХЕТ-ний төлөвлөлтийн зам,Явган зам,2014.04.04,,Аргалант-Эмээлт хотын ЕТ,,,,,
525643,,,Polygon,106.584704,47.876754,ХЕТ-ний төлөвлөлтийн зам,Явган зам,2014.04.04,,Аргалант-Эмээлт хотын ЕТ,,,,,
525644,,,Polygon,106.58475,47.876781,ХЕТ-ний төлөвлөлтийн зам,Явган зам,2014.04.04,,Аргалант-Эмээлт хотын ЕТ,,,,,
525645,,,Polygon,106.584804,47.87681,ХЕТ-ний төлөвлөлтийн зам,Явган зам,2014.04.04,,Аргалант-Эмээлт хотын ЕТ,,,,,
525646,,,Polygon,106.584856,47.876837,ХЕТ-ний төлөвлөлтийн зам,Явган зам,2014.04.04,,Аргалант-Эмээлт хотын ЕТ,,,,,
525647,,,Polygon,106.584907,47.876861,ХЕТ-ний төлөвлөлтийн зам,Явган зам,2014.04.04,,Аргалант-Эмээлт хотын ЕТ,,,,,
525648,,,Polygon,106.584967,47.876889,ХЕТ-ний төлөвлөлтийн зам,Явган зам,2014.04.04,,Аргалант-Эмээлт хотын ЕТ,,,,,
525649,,,Polygon,106.585014,47.876909,ХЕТ-ний төлөвлөлтийн зам,Явган зам,2014.04.04,,Аргалант-Эмээлт хотын ЕТ,,,,,
525650,,,Polygon,106.585069,47.87693,ХЕТ-ний төлөвлөлтийн зам,Явган зам,2014.04.04,,Аргалант-Эмээлт хотын ЕТ,,,,,
525651,,,Polygon,106.585122,47.87695,ХЕТ-ний төлөвлөлтийн зам,Явган зам,2014.04.04,,Аргалант-Эмээлт хотын ЕТ,,,,,
525652,,,Polygon,106.585193,47.876974,ХЕТ-ний төлөвлөлтийн зам,Явган зам,2014.04.04,,Аргалант-Эмээлт хотын ЕТ,,,,,
525653,,,Polygon,106.585283,47.877,ХЕТ-ний төлөвлөлтийн зам,Явган зам,2014.04.04,,Аргалант-Эмээлт хотын ЕТ,,,,,
525654,,,Polygon,106.585355,47.877014,ХЕТ-ний төлөвлөлтийн зам,Явган зам,2014.04.04,,Аргалант-Эмээлт хотын ЕТ,,,,,
525655,,,Polygon,106.585429,47.877022,ХЕТ-ний төлөвлөлтийн зам,Явган зам,2014.04.04,,Аргалант-Эмээлт хотын ЕТ,,,,,
525656,,,Polygon,106.585505,47.877022,ХЕТ-ний төлөвлөлтийн зам,Явган зам,2014.04.04,,Аргалант-Эмээлт хотын ЕТ,,,,,
525657,,,Polygon,106.57801,47.879505,ХЕТ-ний төлөвлөлтийн зам,Явган зам,2014.04.04,,Аргалант-Эмээлт хотын ЕТ,,,,,
525658,,,Polygon,106.57948,47.878345,ХЕТ-ний төлөвлөлтийн зам,Явган зам,2014.04.04,,Аргалант-Эмээлт хотын ЕТ,,,,,
525659,,,Polygon,106.579411,47.87848,ХЕТ-ний төлөвлөлтийн зам,Явган зам,2014.04.04,,Аргалант-Эмээлт хотын ЕТ,,,,,
525660,,,Polygon,106.580391,47.878653,ХЕТ-ний төлөвлөлтийн зам,Явган зам,2014.04.04,,Аргалант-Эмээлт хотын ЕТ,,,,,
525661,,,Polygon,106.581764,47.87693,ХЕТ-ний төлөвлөлтийн зам,Явган зам,2014.04.04,,Аргалант-Эмээлт хотын ЕТ,,,,,
525662,,,Polygon,106.610478,47.87969,ХЕТ-ний төлөвлөлтийн зам,Явган зам,2014.04.04,,Аргалант-Эмээлт хотын ЕТ,,,,,
525663,,,Polygon,106.606822,47.880024,ХЕТ-ний төлөвлөлтийн зам,Явган зам,2014.04.04,,Аргалант-Эмээлт хотын ЕТ,,,,,
525664,,,Polygon,106.568249,47.879517,ХЕТ-ний төлөвлөлтийн зам,Явган зам,2014.04.04,,Аргалант-Эмээлт хотын ЕТ,,,,,
525665,,,Polygon,106.577647,47.880962,ХЕТ-ний төлөвлөлтийн зам,Явган зам,2014.04.04,,Аргалант-Эмээлт хотын ЕТ,,,,,
525666,,,Polygon,106.572489,47.881516,ХЕТ-ний төлөвлөлтийн зам,Явган зам,2014.04.04,,Аргалант-Эмээлт хотын ЕТ,,,,,
525667,,,Polygon,106.597038,47.883614,ХЕТ-ний төлөвлөлтийн зам,Явган зам,2014.04.04,,Аргалант-Эмээлт хотын ЕТ,,,,,
525668,,,Polygon,106.59439,47.883996,ХЕТ-ний төлөвлөлтийн зам,Явган зам,2014.04.04,,Аргалант-Эмээлт хотын ЕТ,,,,,
525669,,,Polygon,106.574527,47.883116,ХЕТ-ний төлөвлөлтийн зам,Явган зам,2014.04.04,,Аргалант-Эмээлт хотын ЕТ,,,,,
525670,,,Polygon,106.596576,47.883625,ХЕТ-ний төлөвлөлтийн зам,Явган зам,2014.04.04,,Аргалант-Эмээлт хотын ЕТ,,,,,
525671,,,Polygon,106.601838,47.88363,ХЕТ-ний төлөвлөлтийн зам,Явган зам,2014.04.04,,Аргалант-Эмээлт хотын ЕТ,,,,,
525672,,,Polygon,106.596737,47.883647,ХЕТ-ний төлөвлөлтийн зам,Явган зам,2014.04.04,,Аргалант-Эмээлт хотын ЕТ,,,,,
525673,,,Polygon,106.594681,47.884446,ХЕТ-ний төлөвлөлтийн зам,Явган зам,2014.04.04,,Аргалант-Эмээлт хотын ЕТ,,,,,
525674,,,Polygon,106.60348,47.884986,ХЕТ-ний төлөвлөлтийн зам,Явган зам,2014.04.04,,Аргалант-Эмээлт хотын ЕТ,,,,,
525675,,,Polygon,106.596132,47.884491,ХЕТ-ний төлөвлөлтийн зам,Явган зам,2014.04.04,,Аргалант-Эмээлт хотын ЕТ,,,,,
525676,,,Polygon,106.595187,47.884901,ХЕТ-ний төлөвлөлтийн зам,Явган зам,2014.04.04,,Аргалант-Эмээлт хотын ЕТ,,,,,
525677,,,Polygon,106.595426,47.885153,ХЕТ-ний төлөвлөлтийн зам,Явган зам,2014.04.04,,Аргалант-Эмээлт хотын ЕТ,,,,,
525678,,,Polygon,106.595229,47.885003,ХЕТ-ний төлөвлөлтийн зам,Явган зам,2014.04.04,,Аргалант-Эмээлт хотын ЕТ,,,,,
525679,,,Polygon,106.584897,47.887147,ХЕТ-ний төлөвлөлтийн зам,Явган зам,2014.04.04,,Аргалант-Эмээлт хотын ЕТ,,,,,
525680,,,Polygon,106.594431,47.8863,ХЕТ-ний төлөвлөлтийн зам,Явган зам,2014.04.04,,Аргалант-Эмээлт хотын ЕТ,,,,,
525681,,,Polygon,106.607864,47.884935,ХЕТ-ний төлөвлөлтийн зам,Явган зам,2014.04.04,,Аргалант-Эмээлт хотын ЕТ,,,,,
525682,,,Polygon,106.574084,47.885709,ХЕТ-ний төлөвлөлтийн зам,Явган зам,2014.04.04,,Аргалант-Эмээлт хотын ЕТ,,,,,
525683,,,Polygon,106.583025,47.887087,ХЕТ-ний төлөвлөлтийн зам,Явган зам,2014.04.04,,Аргалант-Эмээлт хотын ЕТ,,,,,
525684,,,Polygon,106.589467,47.888042,ХЕТ-ний төлөвлөлтийн зам,Явган зам,2014.04.04,,Аргалант-Эмээлт хотын ЕТ,,,,,
525685,,,Polygon,106.589313,47.887553,ХЕТ-ний төлөвлөлтийн зам,Явган зам,2014.04.04,,Аргалант-Эмээлт хотын ЕТ,,,,,
525686,,,Polygon,106.589301,47.887565,ХЕТ-ний төлөвлөлтийн зам,Явган зам,2014.04.04,,Аргалант-Эмээлт хотын ЕТ,,,,,
525687,,,Polygon,106.58782,47.887606,ХЕТ-ний төлөвлөлтийн зам,Явган зам,2014.04.04,,Аргалант-Эмээлт хотын ЕТ,,,,,
525688,,,Polygon,106.575585,47.884506,ХЕТ-ний төлөвлөлтийн зам,Явган зам,2014.04.04,,Аргалант-Эмээлт хотын ЕТ,,,,,
525689,,,Polygon,106.588636,47.888195,ХЕТ-ний төлөвлөлтийн зам,Явган зам,2014.04.04,,Аргалант-Эмээлт хотын ЕТ,,,,,
525690,,,Polygon,106.588635,47.888207,ХЕТ-ний төлөвлөлтийн зам,Явган зам,2014.04.04,,Аргалант-Эмээлт хотын ЕТ,,,,,
525691,,,Polygon,106.591019,47.888127,ХЕТ-ний төлөвлөлтийн зам,Явган зам,2014.04.04,,Аргалант-Эмээлт хотын ЕТ,,,,,
525692,,,Polygon,106.577466,47.885326,ХЕТ-ний төлөвлөлтийн зам,Явган зам,2014.04.04,,Аргалант-Эмээлт хотын ЕТ,,,,,
525693,,,Polygon,106.583246,47.888831,ХЕТ-ний төлөвлөлтийн зам,Явган зам,2014.04.04,,Аргалант-Эмээлт хотын ЕТ,,,,,
525694,,,Polygon,106.575013,47.889679,ХЕТ-ний төлөвлөлтийн зам,Явган зам,2014.04.04,,Аргалант-Эмээлт хотын ЕТ,,,,,
525695,,,Polygon,106.580186,47.889336,ХЕТ-ний төлөвлөлтийн зам,Явган зам,2014.04.04,,Аргалант-Эмээлт хотын ЕТ,,,,,
525696,,,Polygon,106.590839,47.888605,ХЕТ-ний төлөвлөлтийн зам,Явган зам,2014.04.04,,Аргалант-Эмээлт хотын ЕТ,,,,,
525697,,,Polygon,106.580421,47.88993,ХЕТ-ний төлөвлөлтийн зам,Явган зам,2014.04.04,,Аргалант-Эмээлт хотын ЕТ,,,,,
525698,,,Polygon,106.572941,47.888678,ХЕТ-ний төлөвлөлтийн зам,Явган зам,2014.04.04,,Аргалант-Эмээлт хотын ЕТ,,,,,
525699,,,Polygon,106.588555,47.889785,ХЕТ-ний төлөвлөлтийн зам,Явган зам,2014.04.04,,Аргалант-Эмээлт хотын ЕТ,,,,,
525700,,,Polygon,106.588589,47.889825,ХЕТ-ний төлөвлөлтийн зам,Явган зам,2014.04.04,,Аргалант-Эмээлт хотын ЕТ,,,,,
525701,,,Polygon,106.580447,47.890023,ХЕТ-ний төлөвлөлтийн зам,Явган зам,2014.04.04,,Аргалант-Эмээлт хотын ЕТ,,,,,
525702,,,Polygon,106.601093,47.888153,ХЕТ-ний төлөвлөлтийн зам,Явган зам,2014.04.04,,Аргалант-Эмээлт хотын ЕТ,,,,,
525703,,,Polygon,106.5904,47.889857,ХЕТ-ний төлөвлөлтийн зам,Явган зам,2014.04.04,,Аргалант-Эмээлт хотын ЕТ,,,,,
525704,,,Polygon,106.573302,47.889198,ХЕТ-ний төлөвлөлтийн зам,Явган зам,2014.04.04,,Аргалант-Эмээлт хотын ЕТ,,,,,
525705,,,Polygon,106.601069,47.889349,ХЕТ-ний төлөвлөлтийн зам,Явган зам,2014.04.04,,Аргалант-Эмээлт хотын ЕТ,,,,,
525706,,,Polygon,106.586024,47.891048,ХЕТ-ний төлөвлөлтийн зам,Явган зам,2014.04.04,,Аргалант-Эмээлт хотын ЕТ,,,,,
525707,,,Polygon,106.583793,47.890915,ХЕТ-ний төлөвлөлтийн зам,Явган зам,2014.04.04,,Аргалант-Эмээлт хотын ЕТ,,,,,
525708,,,Polygon,106.585596,47.891229,ХЕТ-ний төлөвлөлтийн зам,Явган зам,2014.04.04,,Аргалант-Эмээлт хотын ЕТ,,,,,
525709,,,Polygon,106.587043,47.891282,ХЕТ-ний төлөвлөлтийн зам,Явган зам,2014.04.04,,Аргалант-Эмээлт хотын ЕТ,,,,,
525710,,,Polygon,106.58625,47.891233,ХЕТ-ний төлөвлөлтийн зам,Явган зам,2014.04.04,,Аргалант-Эмээлт хотын ЕТ,,,,,
525711,,,Polygon,106.585796,47.893118,ХЕТ-ний төлөвлөлтийн зам,Явган зам,2014.04.04,,Аргалант-Эмээлт хотын ЕТ,,,,,
525712,,,Polygon,106.592932,47.892399,ХЕТ-ний төлөвлөлтийн зам,Явган зам,2014.04.04,,Аргалант-Эмээлт хотын ЕТ,,,,,
525713,,,Polygon,106.571314,47.891537,ХЕТ-ний төлөвлөлтийн зам,Явган зам,2014.04.04,,Аргалант-Эмээлт хотын ЕТ,,,,,
525714,,,Polygon,106.592918,47.892542,ХЕТ-ний төлөвлөлтийн зам,Явган зам,2014.04.04,,Аргалант-Эмээлт хотын ЕТ,,,,,
525715,,,Polygon,106.572307,47.891855,ХЕТ-ний төлөвлөлтийн зам,Явган зам,2014.04.04,,Аргалант-Эмээлт хотын ЕТ,,,,,
525716,,,Polygon,106.571439,47.893669,ХЕТ-ний төлөвлөлтийн зам,Явган зам,2014.04.04,,Аргалант-Эмээлт хотын ЕТ,,,,,
525717,,,Polygon,106.59342,47.893919,ХЕТ-ний төлөвлөлтийн зам,Явган зам,2014.04.04,,Аргалант-Эмээлт хотын ЕТ,,,,,
525718,,,Polygon,106.587636,47.893798,ХЕТ-ний төлөвлөлтийн зам,Явган зам,2014.04.04,,Аргалант-Эмээлт хотын ЕТ,,,,,
525719,,,Polygon,106.592285,47.893961,ХЕТ-ний төлөвлөлтийн зам,Явган зам,2014.04.04,,Аргалант-Эмээлт хотын ЕТ,,,,,
525720,,,Polygon,106.586304,47.894396,ХЕТ-ний төлөвлөлтийн зам,Явган зам,2014.04.04,,Аргалант-Эмээлт хотын ЕТ,,,,,
525721,,,Polygon,106.570027,47.893808,ХЕТ-ний төлөвлөлтийн зам,Явган зам,2014.04.04,,Аргалант-Эмээлт хотын ЕТ,,,,,
525722,,,Polygon,106.570652,47.894011,ХЕТ-ний төлөвлөлтийн зам,Явган зам,2014.04.04,,Аргалант-Эмээлт хотын ЕТ,,,,,
525723,,,Polygon,106.586166,47.894254,ХЕТ-ний төлөвлөлтийн зам,Явган зам,2014.04.04,,Аргалант-Эмээлт хотын ЕТ,,,,,
525724,,,Polygon,106.587631,47.89476,ХЕТ-ний төлөвлөлтийн зам,Явган зам,2014.04.04,,Аргалант-Эмээлт хотын ЕТ,,,,,
525725,,,Polygon,106.573123,47.897267,ХЕТ-ний төлөвлөлтийн зам,Явган зам,2014.04.04,,Аргалант-Эмээлт хотын ЕТ,,,,,
525726,,,Polygon,106.578151,47.897172,ХЕТ-ний төлөвлөлтийн зам,Явган зам,2014.04.04,,Аргалант-Эмээлт хотын ЕТ,,,,,
525727,,,Polygon,106.588506,47.895339,ХЕТ-ний төлөвлөлтийн зам,Явган зам,2014.04.04,,Аргалант-Эмээлт хотын ЕТ,,,,,
525728,,,Polygon,106.588597,47.895438,ХЕТ-ний төлөвлөлтийн зам,Явган зам,2014.04.04,,Аргалант-Эмээлт хотын ЕТ,,,,,
525729,,,Polygon,106.581891,47.895243,ХЕТ-ний төлөвлөлтийн зам,Явган зам,2014.04.04,,Аргалант-Эмээлт хотын ЕТ,,,,,
525730,,,Polygon,106.583028,47.895883,ХЕТ-ний төлөвлөлтийн зам,Явган зам,2014.04.04,,Аргалант-Эмээлт хотын ЕТ,,,,,
525731,,,Polygon,106.583204,47.896003,ХЕТ-ний төлөвлөлтийн зам,Явган зам,2014.04.04,,Аргалант-Эмээлт хотын ЕТ,,,,,
525732,,,Polygon,106.577753,47.89608,ХЕТ-ний төлөвлөлтийн зам,Явган зам,2014.04.04,,Аргалант-Эмээлт хотын ЕТ,,,,,
525733,,,Polygon,106.5853,47.896532,ХЕТ-ний төлөвлөлтийн зам,Явган зам,2014.04.04,,Аргалант-Эмээлт хотын ЕТ,,,,,
525734,,,Polygon,106.578004,47.896199,ХЕТ-ний төлөвлөлтийн зам,Явган зам,2014.04.04,,Аргалант-Эмээлт хотын ЕТ,,,,,
525735,,,Polygon,106.568877,47.895831,ХЕТ-ний төлөвлөлтийн зам,Явган зам,2014.04.04,,Аргалант-Эмээлт хотын ЕТ,,,,,
525736,,,Polygon,106.58892,47.89635,ХЕТ-ний төлөвлөлтийн зам,Явган зам,2014.04.04,,Аргалант-Эмээлт хотын ЕТ,,,,,
525737,,,Polygon,106.56919,47.895922,ХЕТ-ний төлөвлөлтийн зам,Явган зам,2014.04.04,,Аргалант-Эмээлт хотын ЕТ,,,,,
525738,,,Polygon,106.580208,47.896522,ХЕТ-ний төлөвлөлтийн зам,Явган зам,2014.04.04,,Аргалант-Эмээлт хотын ЕТ,,,,,
525739,,,Polygon,106.590464,47.896894,ХЕТ-ний төлөвлөлтийн зам,Явган зам,2014.04.04,,Аргалант-Эмээлт хотын ЕТ,,,,,
525740,,,Polygon,106.577246,47.897857,ХЕТ-ний төлөвлөлтийн зам,Явган зам,2014.04.04,,Аргалант-Эмээлт хотын ЕТ,,,,,
525741,,,Polygon,106.583687,47.896902,ХЕТ-ний төлөвлөлтийн зам,Явган зам,2014.04.04,,Аргалант-Эмээлт хотын ЕТ,,,,,
525742,,,Polygon,106.584251,47.89769,ХЕТ-ний төлөвлөлтийн зам,Явган зам,2014.04.04,,Аргалант-Эмээлт хотын ЕТ,,,,,
525743,,,Polygon,106.577932,47.898155,ХЕТ-ний төлөвлөлтийн зам,Явган зам,2014.04.04,,Аргалант-Эмээлт хотын ЕТ,,,,,
525744,,,Polygon,106.584419,47.897765,ХЕТ-ний төлөвлөлтийн зам,Явган зам,2014.04.04,,Аргалант-Эмээлт хотын ЕТ,,,,,
525745,,,Polygon,106.575988,47.89813,ХЕТ-ний төлөвлөлтийн зам,Явган зам,2014.04.04,,Аргалант-Эмээлт хотын ЕТ,,,,,
525746,,,Polygon,106.585569,47.898286,ХЕТ-ний төлөвлөлтийн зам,Явган зам,2014.04.04,,Аргалант-Эмээлт хотын ЕТ,,,,,
525747,,,Polygon,106.568021,47.897968,ХЕТ-ний төлөвлөлтийн зам,Явган зам,2014.04.04,,Аргалант-Эмээлт хотын ЕТ,,,,,
525748,,,Polygon,106.578092,47.898964,ХЕТ-ний төлөвлөлтийн зам,Явган зам,2014.04.04,,Аргалант-Эмээлт хотын ЕТ,,,,,
525749,,,MultiPolygon,106.580692,47.899356,ХЕТ-ний төлөвлөлтийн зам,Явган зам,2014.04.04,,Аргалант-Эмээлт хотын ЕТ,,,,,
525750,,,Polygon,106.579689,47.898775,ХЕТ-ний төлөвлөлтийн зам,Явган зам,2014.04.04,,Аргалант-Эмээлт хотын ЕТ,,,,,
525751,,,Polygon,106.566735,47.891192,ХЕТ-ний төлөвлөлтийн зам,Явган зам,2014.04.04,,Аргалант-Эмээлт хотын ЕТ,,,,,
525752,,,Polygon,106.574727,47.899679,ХЕТ-ний төлөвлөлтийн зам,Явган зам,2014.04.04,,Аргалант-Эмээлт хотын ЕТ,,,,,
525753,,,Polygon,106.575589,47.900534,ХЕТ-ний төлөвлөлтийн зам,Явган зам,2014.04.04,,Аргалант-Эмээлт хотын ЕТ,,,,,
525754,,,Polygon,106.574888,47.899707,ХЕТ-ний төлөвлөлтийн зам,Явган зам,2014.04.04,,Аргалант-Эмээлт хотын ЕТ,,,,,
525755,,,Polygon,106.573532,47.89997,ХЕТ-ний төлөвлөлтийн зам,Явган зам,2014.04.04,,Аргалант-Эмээлт хотын ЕТ,,,,,
525756,,,Polygon,106.582924,47.900304,ХЕТ-ний төлөвлөлтийн зам,Явган зам,2014.04.04,,Аргалант-Эмээлт хотын ЕТ,,,,,
525757,,,Polygon,106.575147,47.899766,ХЕТ-ний төлөвлөлтийн зам,Явган зам,2014.04.04,,Аргалант-Эмээлт хотын ЕТ,,,,,
525758,,,Polygon,106.581207,47.900096,ХЕТ-ний төлөвлөлтийн зам,Явган зам,2014.04.04,,Аргалант-Эмээлт хотын ЕТ,,,,,
525759,,,Polygon,106.566041,47.899559,ХЕТ-ний төлөвлөлтийн зам,Явган зам,2014.04.04,,Аргалант-Эмээлт хотын ЕТ,,,,,
525760,,,Polygon,106.582007,47.899779,ХЕТ-ний төлөвлөлтийн зам,Явган зам,2014.04.04,,Аргалант-Эмээлт хотын ЕТ,,,,,
525761,,,Polygon,106.579392,47.900227,ХЕТ-ний төлөвлөлтийн зам,Явган зам,2014.04.04,,Аргалант-Эмээлт хотын ЕТ,,,,,
525762,,,Polygon,106.567832,47.90055,ХЕТ-ний төлөвлөлтийн зам,Явган зам,2014.04.04,,Аргалант-Эмээлт хотын ЕТ,,,,,
525763,,,Polygon,106.573943,47.900259,ХЕТ-ний төлөвлөлтийн зам,Явган зам,2014.04.04,,Аргалант-Эмээлт хотын ЕТ,,,,,
525764,,,Polygon,106.574037,47.90031,ХЕТ-ний төлөвлөлтийн зам,Явган зам,2014.04.04,,Аргалант-Эмээлт хотын ЕТ,,,,,
525765,,,Polygon,106.567305,47.900552,ХЕТ-ний төлөвлөлтийн зам,Явган зам,2014.04.04,,Аргалант-Эмээлт хотын ЕТ,,,,,
525766,,,Polygon,106.580829,47.900388,ХЕТ-ний төлөвлөлтийн зам,Явган зам,2014.04.04,,Аргалант-Эмээлт хотын ЕТ,,,,,
525767,,,Polygon,106.574287,47.900444,ХЕТ-ний төлөвлөлтийн зам,Явган зам,2014.04.04,,Аргалант-Эмээлт хотын ЕТ,,,,,
525768,,,Polygon,106.567638,47.900782,ХЕТ-ний төлөвлөлтийн зам,Явган зам,2014.04.04,,Аргалант-Эмээлт хотын ЕТ,,,,,
525769,,,Polygon,106.569741,47.900864,ХЕТ-ний төлөвлөлтийн зам,Явган зам,2014.04.04,,Аргалант-Эмээлт хотын ЕТ,,,,,
525770,,,Polygon,106.570907,47.901063,ХЕТ-ний төлөвлөлтийн зам,Явган зам,2014.04.04,,Аргалант-Эмээлт хотын ЕТ,,,,,
525771,,,Polygon,106.573693,47.901127,ХЕТ-ний төлөвлөлтийн зам,Явган зам,2014.04.04,,Аргалант-Эмээлт хотын ЕТ,,,,,
525772,,,Polygon,106.570098,47.901299,ХЕТ-ний төлөвлөлтийн зам,Явган зам,2014.04.04,,Аргалант-Эмээлт хотын ЕТ,,,,,
525773,,,Polygon,106.580096,47.90137,ХЕТ-ний төлөвлөлтийн зам,Явган зам,2014.04.04,,Аргалант-Эмээлт хотын ЕТ,,,,,
525774,,,Polygon,106.581881,47.901728,ХЕТ-ний төлөвлөлтийн зам,Явган зам,2014.04.04,,Аргалант-Эмээлт хотын ЕТ,,,,,
525775,,,Polygon,106.577102,47.901176,ХЕТ-ний төлөвлөлтийн зам,Явган зам,2014.04.04,,Аргалант-Эмээлт хотын ЕТ,,,,,
525776,,,Polygon,106.569006,47.902681,ХЕТ-ний төлөвлөлтийн зам,Явган зам,2014.04.04,,Аргалант-Эмээлт хотын ЕТ,,,,,
525777,,,Polygon,106.566413,47.903078,ХЕТ-ний төлөвлөлтийн зам,Явган зам,2014.04.04,,Аргалант-Эмээлт хотын ЕТ,,,,,
525778,,,Polygon,106.561243,47.90614,ХЕТ-ний төлөвлөлтийн зам,Явган зам,2014.04.04,,Аргалант-Эмээлт хотын ЕТ,,,,,
525779,,,Polygon,106.584782,47.906503,ХЕТ-ний төлөвлөлтийн зам,Явган зам,2014.04.04,,Аргалант-Эмээлт хотын ЕТ,,,,,
525780,,,Polygon,106.584309,47.906738,ХЕТ-ний төлөвлөлтийн зам,Явган зам,2014.04.04,,Аргалант-Эмээлт хотын ЕТ,,,,,
525781,,,Polygon,106.567713,47.89785,ХЕТ-ний төлөвлөлтийн зам,Явган зам,2014.04.04,,Аргалант-Эмээлт хотын ЕТ,,,,,
525782,,,Polygon,106.58046,47.878517,ХЕТ-ний төлөвлөлтийн зам,Явган зам,2014.04.04,,Аргалант-Эмээлт хотын ЕТ,,,,,
525783,,,Polygon,106.565852,47.89098,ХЕТ-ний төлөвлөлтийн зам,Явган зам,2014.04.04,,Аргалант-Эмээлт хотын ЕТ,,,,,
525784,,,Polygon,106.566709,47.903592,ХЕТ-ний төлөвлөлтийн зам,Явган зам,2014.04.04,,Аргалант-Эмээлт хотын ЕТ,,,,,
525785,,,Polygon,106.56426,47.904791,ХЕТ-ний төлөвлөлтийн зам,Явган зам,2014.04.04,,Аргалант-Эмээлт хотын ЕТ,,,,,
525786,,,Polygon,106.600178,47.887079,ХЕТ-ний төлөвлөлтийн зам,Явган зам,2014.04.04,,Аргалант-Эмээлт хотын ЕТ,,,,,
525787,,,Polygon,106.571428,47.901253,ХЕТ-ний төлөвлөлтийн зам,Явган зам,2014.04.04,,Аргалант-Эмээлт хотын ЕТ,,,,,
525788,,,Polygon,106.829691,47.935903,ХЕТ-ний төлөвлөлтийн зам,Нутаг дэвсгэрийн туслах зам,2015.04.15,2,Баянхошуу нэгж хорооллын ХЕТ,,,,,
525789,,,Polygon,106.846768,47.961998,ХЕТ-ний төлөвлөлтийн зам,2-р зэргийн гол зам,2015.04.15,4,Баянхошуу нэгж хорооллын ХЕТ,,,,,
525790,,,MultiPolygon,106.845144,47.959249,ХЕТ-ний төлөвлөлтийн зам,Нутаг дэвсгэрийн туслах зам,2015.04.15,2,Баянхошуу нэгж хорооллын ХЕТ,,,,,
525791,,,MultiPolygon,106.844236,47.960905,ХЕТ-ний төлөвлөлтийн зам,Нутаг дэвсгэрийн гол зам,2015.04.15,3,Баянхошуу нэгж хорооллын ХЕТ,,,,,
525792,,,Polygon,106.921076,47.969159,ХЕТ-ний төлөвлөлтийн зам,1-р зэрэглэлийн туслах зам,2015.04.15,2-4,Хайлааст нэгж хорооллын ХЕТ,зам дагуу машины зогсоолтой,,,,
525793,,,Polygon,106.916024,47.958928,ХЕТ-ний төлөвлөлтийн зам,1-р зэрэглэлийн гол зам,2015.04.15,4-8,Хайлааст нэгж хорооллын ХЕТ,зам дагуу машины зогсоолтой,,,,
525794,,,Polygon,106.916613,47.956536,ХЕТ-ний төлөвлөлтийн зам,1-р зэрэглэлийн туслах зам,2015.04.15,2-4,Хайлааст нэгж хорооллын ХЕТ,зам дагуу машины зогсоолтой,,,,
525795,,,Polygon,106.55603,47.909904,ХЕТ-ний төлөвлөлтийн зам,2-р зэргийн гол зам,2014.04.04,4,Аргалант-Эмээлт хотын ЕТ,,,,,
525796,,,Polygon,106.589141,47.887562,ХЕТ-ний төлөвлөлтийн зам,Авто зогсоол,2014.04.04,-,Аргалант-Эмээлт хотын ЕТ,,,,,
525797,,,Polygon,106.589259,47.888174,ХЕТ-ний төлөвлөлтийн зам,Авто зогсоол,2014.04.04,-,Аргалант-Эмээлт хотын ЕТ,,,,,
525798,,,Polygon,106.590762,47.886587,ХЕТ-ний төлөвлөлтийн зам,Авто зогсоол,2014.04.04,-,Аргалант-Эмээлт хотын ЕТ,,,,,
525799,,,Polygon,106.589913,47.886694,ХЕТ-ний төлөвлөлтийн зам,Авто зогсоол,2014.04.04,-,Аргалант-Эмээлт хотын ЕТ,,,,,
525800,,,Polygon,106.591798,47.886481,ХЕТ-ний төлөвлөлтийн зам,Авто зогсоол,2014.04.04,-,Аргалант-Эмээлт хотын ЕТ,,,,,
525801,,,Polygon,106.591357,47.886349,ХЕТ-ний төлөвлөлтийн зам,Авто зогсоол,2014.04.04,-,Аргалант-Эмээлт хотын ЕТ,,,,,
525802,,,Polygon,106.590534,47.886457,ХЕТ-ний төлөвлөлтийн зам,Авто зогсоол,2014.04.04,-,Аргалант-Эмээлт хотын ЕТ,,,,,
525803,,,Polygon,106.595949,47.885095,ХЕТ-ний төлөвлөлтийн зам,Авто зогсоол,2014.04.04,-,Аргалант-Эмээлт хотын ЕТ,,,,,
525804,,,Polygon,106.596924,47.884153,ХЕТ-ний төлөвлөлтийн зам,Авто зогсоол,2014.04.04,-,Аргалант-Эмээлт хотын ЕТ,,,,,
525805,,,Polygon,106.596574,47.897308,ХЕТ-ний төлөвлөлтийн зам,Авто зогсоол,2014.04.04,-,Аргалант-Эмээлт хотын ЕТ,,,,,
525806,,,Polygon,106.559737,47.906767,ХЕТ-ний төлөвлөлтийн зам,Авто зогсоол,2014.04.04,-,Аргалант-Эмээлт хотын ЕТ,,,,,
525807,,,Polygon,106.56018,47.906571,ХЕТ-ний төлөвлөлтийн зам,Авто зогсоол,2014.04.04,-,Аргалант-Эмээлт хотын ЕТ,,,,,
525808,,,Polygon,106.560594,47.906428,ХЕТ-ний төлөвлөлтийн зам,Авто зогсоол,2014.04.04,-,Аргалант-Эмээлт хотын ЕТ,,,,,
525809,,,Polygon,106.561228,47.90613,ХЕТ-ний төлөвлөлтийн зам,Авто зогсоол,2014.04.04,-,Аргалант-Эмээлт хотын ЕТ,,,,,
525810,,,Polygon,106.562057,47.905777,ХЕТ-ний төлөвлөлтийн зам,Авто зогсоол,2014.04.04,-,Аргалант-Эмээлт хотын ЕТ,,,,,
525811,,,Polygon,106.562497,47.905566,ХЕТ-ний төлөвлөлтийн зам,Авто зогсоол,2014.04.04,-,Аргалант-Эмээлт хотын ЕТ,,,,,
525812,,,Polygon,106.563416,47.905101,ХЕТ-ний төлөвлөлтийн зам,Авто зогсоол,2014.04.04,-,Аргалант-Эмээлт хотын ЕТ,,,,,
525813,,,Polygon,106.563864,47.904909,ХЕТ-ний төлөвлөлтийн зам,Авто зогсоол,2014.04.04,-,Аргалант-Эмээлт хотын ЕТ,,,,,
525814,,,Polygon,106.564336,47.904682,ХЕТ-ний төлөвлөлтийн зам,Авто зогсоол,2014.04.04,-,Аргалант-Эмээлт хотын ЕТ,,,,,
525815,,,Polygon,106.560881,47.896613,ХЕТ-ний төлөвлөлтийн зам,Авто зогсоол,2014.04.04,-,Аргалант-Эмээлт хотын ЕТ,,,,,
525816,,,Polygon,106.560061,47.896394,ХЕТ-ний төлөвлөлтийн зам,Авто зогсоол,2014.04.04,-,Аргалант-Эмээлт хотын ЕТ,,,,,
525817,,,Polygon,106.561784,47.896551,ХЕТ-ний төлөвлөлтийн зам,Авто зогсоол,2014.04.04,-,Аргалант-Эмээлт хотын ЕТ,,,,,
525818,,,Polygon,106.561007,47.895989,ХЕТ-ний төлөвлөлтийн зам,Авто зогсоол,2014.04.04,-,Аргалант-Эмээлт хотын ЕТ,,,,,
525819,,,Polygon,106.560186,47.895769,ХЕТ-ний төлөвлөлтийн зам,Авто зогсоол,2014.04.04,-,Аргалант-Эмээлт хотын ЕТ,,,,,
525820,,,Polygon,106.582379,47.867301,ХЕТ-ний төлөвлөлтийн зам,Авто зогсоол,2014.04.04,-,Аргалант-Эмээлт хотын ЕТ,,,,,
525821,,,Polygon,106.582271,47.866434,ХЕТ-ний төлөвлөлтийн зам,Авто зогсоол,2014.04.04,-,Аргалант-Эмээлт хотын ЕТ,,,,,
525822,,,Polygon,106.583367,47.866584,ХЕТ-ний төлөвлөлтийн зам,Авто зогсоол,2014.04.04,-,Аргалант-Эмээлт хотын ЕТ,,,,,
525823,,,Polygon,106.583462,47.867481,ХЕТ-ний төлөвлөлтийн зам,Авто зогсоол,2014.04.04,-,Аргалант-Эмээлт хотын ЕТ,,,,,
525824,,,Polygon,106.583479,47.863835,ХЕТ-ний төлөвлөлтийн зам,Авто зогсоол,2014.04.04,-,Аргалант-Эмээлт хотын ЕТ,,,,,
525825,,,Polygon,106.583785,47.862836,ХЕТ-ний төлөвлөлтийн зам,Авто зогсоол,2014.04.04,-,Аргалант-Эмээлт хотын ЕТ,,,,,
525826,,,Polygon,106.583061,47.864803,ХЕТ-ний төлөвлөлтийн зам,Авто зогсоол,2014.04.04,-,Аргалант-Эмээлт хотын ЕТ,,,,,
525827,,,Polygon,106.584605,47.861336,ХЕТ-ний төлөвлөлтийн зам,Авто зогсоол,2014.04.04,-,Аргалант-Эмээлт хотын ЕТ,,,,,
525828,,,Polygon,106.584253,47.861325,ХЕТ-ний төлөвлөлтийн зам,Авто зогсоол,2014.04.04,-,Аргалант-Эмээлт хотын ЕТ,,,,,
525829,,,Polygon,106.583522,47.86121,ХЕТ-ний төлөвлөлтийн зам,Авто зогсоол,2014.04.04,-,Аргалант-Эмээлт хотын ЕТ,,,,,
525830,,,Polygon,106.55907,47.839424,ХЕТ-ний төлөвлөлтийн зам,Авто зогсоол,2014.04.04,-,Аргалант-Эмээлт хотын ЕТ,,,,,
525831,,,Polygon,106.56071,47.837351,ХЕТ-ний төлөвлөлтийн зам,Авто зогсоол,2014.04.04,-,Аргалант-Эмээлт хотын ЕТ,,,,,
525832,,,Polygon,106.56196,47.835771,ХЕТ-ний төлөвлөлтийн зам,Авто зогсоол,2014.04.04,-,Аргалант-Эмээлт хотын ЕТ,,,,,
525833,,,Polygon,106.559693,47.906617,ХЕТ-ний төлөвлөлтийн зам,2-р зэргийн  туслах зам,2014.04.04,1,Аргалант-Эмээлт хотын ЕТ,,,,,
525834,,,Polygon,106.559969,47.906495,ХЕТ-ний төлөвлөлтийн зам,2-р зэргийн  туслах зам,2014.04.04,1,Аргалант-Эмээлт хотын ЕТ,,,,,
525835,,,Polygon,106.560307,47.906339,ХЕТ-ний төлөвлөлтийн зам,2-р зэргийн  туслах зам,2014.04.04,1,Аргалант-Эмээлт хотын ЕТ,,,,,
525836,,,Polygon,106.560977,47.906044,ХЕТ-ний төлөвлөлтийн зам,2-р зэргийн  туслах зам,2014.04.04,1,Аргалант-Эмээлт хотын ЕТ,,,,,
525837,,,Polygon,106.562053,47.905575,ХЕТ-ний төлөвлөлтийн зам,2-р зэргийн  туслах зам,2014.04.04,1,Аргалант-Эмээлт хотын ЕТ,,,,,
525838,,,Polygon,106.562289,47.905468,ХЕТ-ний төлөвлөлтийн зам,2-р зэргийн  туслах зам,2014.04.04,1,Аргалант-Эмээлт хотын ЕТ,,,,,
525839,,,Polygon,106.563386,47.90494,ХЕТ-ний төлөвлөлтийн зам,2-р зэргийн  туслах зам,2014.04.04,1,Аргалант-Эмээлт хотын ЕТ,,,,,
525840,,,Polygon,106.563864,47.904711,ХЕТ-ний төлөвлөлтийн зам,2-р зэргийн  туслах зам,2014.04.04,1,Аргалант-Эмээлт хотын ЕТ,,,,,
525841,,,Polygon,106.58097,47.876931,ХЕТ-ний төлөвлөлтийн зам,2-р зэргийн  туслах зам,2014.04.04,2,Аргалант-Эмээлт хотын ЕТ,,,,,
525842,,,Polygon,106.577384,47.876432,ХЕТ-ний төлөвлөлтийн зам,Авто зогсоол,2014.04.04,-,Аргалант-Эмээлт хотын ЕТ,,,,,
525843,,,Polygon,106.577207,47.877148,ХЕТ-ний төлөвлөлтийн зам,Авто зогсоол,2014.04.04,-,Аргалант-Эмээлт хотын ЕТ,,,,,
525844,,,Polygon,106.577155,47.880026,ХЕТ-ний төлөвлөлтийн зам,Авто зогсоол,2014.04.04,-,Аргалант-Эмээлт хотын ЕТ,,,,,
525845,,,Polygon,106.577636,47.880745,ХЕТ-ний төлөвлөлтийн зам,Авто зогсоол,2014.04.04,-,Аргалант-Эмээлт хотын ЕТ,,,,,
525846,,,Polygon,106.571294,47.880643,ХЕТ-ний төлөвлөлтийн зам,Авто зогсоол,2014.04.04,-,Аргалант-Эмээлт хотын ЕТ,,,,,
525847,,,Polygon,106.570675,47.880851,ХЕТ-ний төлөвлөлтийн зам,Авто зогсоол,2014.04.04,-,Аргалант-Эмээлт хотын ЕТ,,,,,
525848,,,Polygon,106.573208,47.886147,ХЕТ-ний төлөвлөлтийн зам,Авто зогсоол,2014.04.04,-,Аргалант-Эмээлт хотын ЕТ,,,,,
525849,,,Polygon,106.563341,47.890167,ХЕТ-ний төлөвлөлтийн зам,2-р зэргийн  туслах зам,2014.04.04,2,Аргалант-Эмээлт хотын ЕТ,,,,,
525850,,,Polygon,106.560463,47.886302,ХЕТ-ний төлөвлөлтийн зам,Авто зогсоол,2014.04.04,-,Аргалант-Эмээлт хотын ЕТ,,,,,
525851,,,Polygon,106.560522,47.887004,ХЕТ-ний төлөвлөлтийн зам,Авто зогсоол,2014.04.04,-,Аргалант-Эмээлт хотын ЕТ,,,,,
525852,,,Polygon,106.526437,47.882259,ХЕТ-ний төлөвлөлтийн зам,Авто зогсоол,2014.04.04,-,Аргалант-Эмээлт хотын ЕТ,,,,,
525853,,,Polygon,106.544971,47.85626,ХЕТ-ний төлөвлөлтийн зам,Авто зогсоол,2014.04.04,-,Аргалант-Эмээлт хотын ЕТ,,,,,
525854,,,Polygon,106.544829,47.856782,ХЕТ-ний төлөвлөлтийн зам,Авто зогсоол,2014.04.04,-,Аргалант-Эмээлт хотын ЕТ,,,,,
525855,,,Polygon,106.543793,47.857591,ХЕТ-ний төлөвлөлтийн зам,Авто зогсоол,2014.04.04,-,Аргалант-Эмээлт хотын ЕТ,,,,,
525856,,,Polygon,106.613806,47.871404,ХЕТ-ний төлөвлөлтийн зам,Авто зогсоол,2014.04.04,-,Аргалант-Эмээлт хотын ЕТ,,,,,
525857,,,Polygon,106.580267,47.836367,ХЕТ-ний төлөвлөлтийн зам,Явган зам,2014.04.04,,Аргалант-Эмээлт хотын ЕТ,,,,,
525858,,,Polygon,106.564538,47.836567,ХЕТ-ний төлөвлөлтийн зам,Явган зам,2014.04.04,,Аргалант-Эмээлт хотын ЕТ,,,,,
525859,,,Polygon,106.560519,47.837283,ХЕТ-ний төлөвлөлтийн зам,Явган зам,2014.04.04,,Аргалант-Эмээлт хотын ЕТ,,,,,
525860,,,Polygon,106.561883,47.837011,ХЕТ-ний төлөвлөлтийн зам,Явган зам,2014.04.04,,Аргалант-Эмээлт хотын ЕТ,,,,,
525861,,,Polygon,106.578412,47.836801,ХЕТ-ний төлөвлөлтийн зам,Явган зам,2014.04.04,,Аргалант-Эмээлт хотын ЕТ,,,,,
525862,,,Polygon,106.561276,47.839507,ХЕТ-ний төлөвлөлтийн зам,Явган зам,2014.04.04,,Аргалант-Эмээлт хотын ЕТ,,,,,
525863,,,Polygon,106.568736,47.839617,ХЕТ-ний төлөвлөлтийн зам,Явган зам,2014.04.04,,Аргалант-Эмээлт хотын ЕТ,,,,,
525864,,,Polygon,106.572568,47.839593,ХЕТ-ний төлөвлөлтийн зам,Явган зам,2014.04.04,,Аргалант-Эмээлт хотын ЕТ,,,,,
525865,,,Polygon,106.56066,47.839995,ХЕТ-ний төлөвлөлтийн зам,Явган зам,2014.04.04,,Аргалант-Эмээлт хотын ЕТ,,,,,
525866,,,Polygon,106.560832,47.840647,ХЕТ-ний төлөвлөлтийн зам,Явган зам,2014.04.04,,Аргалант-Эмээлт хотын ЕТ,,,,,
525867,,,Polygon,106.575927,47.840714,ХЕТ-ний төлөвлөлтийн зам,Явган зам,2014.04.04,,Аргалант-Эмээлт хотын ЕТ,,,,,
525868,,,Polygon,106.558893,47.840785,ХЕТ-ний төлөвлөлтийн зам,Явган зам,2014.04.04,,Аргалант-Эмээлт хотын ЕТ,,,,,
525869,,,Polygon,106.557524,47.841068,ХЕТ-ний төлөвлөлтийн зам,Явган зам,2014.04.04,,Аргалант-Эмээлт хотын ЕТ,,,,,
525870,,,Polygon,106.574227,47.875294,ХЕТ-ний төлөвлөлтийн зам,Явган зам,2014.04.04,,Аргалант-Эмээлт хотын ЕТ,,,,,
525871,,,Polygon,106.584109,47.876393,ХЕТ-ний төлөвлөлтийн зам,Явган зам,2014.04.04,,Аргалант-Эмээлт хотын ЕТ,,,,,
525872,,,Polygon,106.584091,47.876394,ХЕТ-ний төлөвлөлтийн зам,Явган зам,2014.04.04,,Аргалант-Эмээлт хотын ЕТ,,,,,
525873,,,Polygon,106.584078,47.876396,ХЕТ-ний төлөвлөлтийн зам,Явган зам,2014.04.04,,Аргалант-Эмээлт хотын ЕТ,,,,,
525874,,,Polygon,106.58406,47.876399,ХЕТ-ний төлөвлөлтийн зам,Явган зам,2014.04.04,,Аргалант-Эмээлт хотын ЕТ,,,,,
525875,,,Polygon,106.584047,47.876402,ХЕТ-ний төлөвлөлтийн зам,Явган зам,2014.04.04,,Аргалант-Эмээлт хотын ЕТ,,,,,
525876,,,Polygon,106.58403,47.876408,ХЕТ-ний төлөвлөлтийн зам,Явган зам,2014.04.04,,Аргалант-Эмээлт хотын ЕТ,,,,,
525877,,,Polygon,106.584017,47.876412,ХЕТ-ний төлөвлөлтийн зам,Явган зам,2014.04.04,,Аргалант-Эмээлт хотын ЕТ,,,,,
525878,,,Polygon,106.571711,47.875926,ХЕТ-ний төлөвлөлтийн зам,Явган зам,2014.04.04,,Аргалант-Эмээлт хотын ЕТ,,,,,
525879,,,Polygon,106.583974,47.876457,ХЕТ-ний төлөвлөлтийн зам,Явган зам,2014.04.04,,Аргалант-Эмээлт хотын ЕТ,,,,,
525880,,,Polygon,106.584298,47.876494,ХЕТ-ний төлөвлөлтийн зам,Явган зам,2014.04.04,,Аргалант-Эмээлт хотын ЕТ,,,,,
525881,,,Polygon,106.584537,47.876641,ХЕТ-ний төлөвлөлтийн зам,Явган зам,2014.04.04,,Аргалант-Эмээлт хотын ЕТ,,,,,
525882,,,Polygon,106.576507,47.879523,ХЕТ-ний төлөвлөлтийн зам,Явган зам,2014.04.04,,Аргалант-Эмээлт хотын ЕТ,,,,,
525883,,,Polygon,106.572176,47.881016,ХЕТ-ний төлөвлөлтийн зам,Явган зам,2014.04.04,,Аргалант-Эмээлт хотын ЕТ,,,,,
525884,,,Polygon,106.574704,47.881757,ХЕТ-ний төлөвлөлтийн зам,Явган зам,2014.04.04,,Аргалант-Эмээлт хотын ЕТ,,,,,
525885,,,Polygon,106.591458,47.888957,ХЕТ-ний төлөвлөлтийн зам,Явган зам,2014.04.04,,Аргалант-Эмээлт хотын ЕТ,,,,,
525886,,,Polygon,106.580194,47.889312,ХЕТ-ний төлөвлөлтийн зам,Явган зам,2014.04.04,,Аргалант-Эмээлт хотын ЕТ,,,,,
525887,,,Polygon,106.580189,47.889326,ХЕТ-ний төлөвлөлтийн зам,Явган зам,2014.04.04,,Аргалант-Эмээлт хотын ЕТ,,,,,
525888,,,Polygon,106.588939,47.890436,ХЕТ-ний төлөвлөлтийн зам,Явган зам,2014.04.04,,Аргалант-Эмээлт хотын ЕТ,,,,,
525889,,,Polygon,106.56756,47.88916,ХЕТ-ний төлөвлөлтийн зам,Явган зам,2014.04.04,,Аргалант-Эмээлт хотын ЕТ,,,,,
525890,,,Polygon,106.580408,47.889906,ХЕТ-ний төлөвлөлтийн зам,Явган зам,2014.04.04,,Аргалант-Эмээлт хотын ЕТ,,,,,
525891,,,Polygon,106.566664,47.900248,ХЕТ-ний төлөвлөлтийн зам,Явган зам,2014.04.04,,Аргалант-Эмээлт хотын ЕТ,,,,,
525892,,,Polygon,106.58844,47.897866,ХЕТ-ний төлөвлөлтийн зам,Явган зам,2014.04.04,,Аргалант-Эмээлт хотын ЕТ,,,,,
525893,,,Polygon,106.582167,47.899874,ХЕТ-ний төлөвлөлтийн зам,Явган зам,2014.04.04,,Аргалант-Эмээлт хотын ЕТ,,,,,
525894,,,Polygon,106.564345,47.89818,ХЕТ-ний төлөвлөлтийн зам,Явган зам,2014.04.04,,Аргалант-Эмээлт хотын ЕТ,,,,,
525895,,,Polygon,106.579607,47.900786,ХЕТ-ний төлөвлөлтийн зам,Явган зам,2014.04.04,,Аргалант-Эмээлт хотын ЕТ,,,,,
525896,,,Polygon,106.573303,47.90081,ХЕТ-ний төлөвлөлтийн зам,Явган зам,2014.04.04,,Аргалант-Эмээлт хотын ЕТ,,,,,
525897,,,Polygon,106.566889,47.899998,ХЕТ-ний төлөвлөлтийн зам,Явган зам,2014.04.04,,Аргалант-Эмээлт хотын ЕТ,,,,,
525898,,,Polygon,106.574574,47.900599,ХЕТ-ний төлөвлөлтийн зам,Явган зам,2014.04.04,,Аргалант-Эмээлт хотын ЕТ,,,,,
525899,,,Polygon,106.571795,47.900869,ХЕТ-ний төлөвлөлтийн зам,Явган зам,2014.04.04,,Аргалант-Эмээлт хотын ЕТ,,,,,
525900,,,Polygon,106.579653,47.900957,ХЕТ-ний төлөвлөлтийн зам,Явган зам,2014.04.04,,Аргалант-Эмээлт хотын ЕТ,,,,,
525901,,,Polygon,106.573427,47.900984,ХЕТ-ний төлөвлөлтийн зам,Явган зам,2014.04.04,,Аргалант-Эмээлт хотын ЕТ,,,,,
525902,,,Polygon,106.573335,47.900913,ХЕТ-ний төлөвлөлтийн зам,Явган зам,2014.04.04,,Аргалант-Эмээлт хотын ЕТ,,,,,
525903,,,Polygon,106.569486,47.901175,ХЕТ-ний төлөвлөлтийн зам,Явган зам,2014.04.04,,Аргалант-Эмээлт хотын ЕТ,,,,,
525904,,,Polygon,106.57793,47.901238,ХЕТ-ний төлөвлөлтийн зам,1-р зэргийн туслах зам,2014.04.04,2,Аргалант-Эмээлт хотын ЕТ,,,,,
525905,,,Polygon,106.583422,47.900959,ХЕТ-ний төлөвлөлтийн зам,Авто зогсоол,2014.04.04,-,Аргалант-Эмээлт хотын ЕТ,,,,,
525906,,,Polygon,106.588346,47.897388,ХЕТ-ний төлөвлөлтийн зам,1-р зэргийн туслах зам,2014.04.04,2,Аргалант-Эмээлт хотын ЕТ,,,,,
525907,,,Polygon,106.532392,47.892733,ХЕТ-ний төлөвлөлтийн зам,Авто зогсоол,2014.04.04,-,Аргалант-Эмээлт хотын ЕТ,,,,,
525908,,,Polygon,106.582876,47.907322,ХЕТ-ний төлөвлөлтийн зам,Авто зогсоол,2014.04.04,-,Аргалант-Эмээлт хотын ЕТ,,,,,
525909,,,Polygon,106.583936,47.90667,ХЕТ-ний төлөвлөлтийн зам,Авто зогсоол,2014.04.04,-,Аргалант-Эмээлт хотын ЕТ,,,,,
525910,,,Polygon,106.584689,47.906758,ХЕТ-ний төлөвлөлтийн зам,Авто зогсоол,2014.04.04,-,Аргалант-Эмээлт хотын ЕТ,,,,,
525911,,,Polygon,106.585036,47.90669,ХЕТ-ний төлөвлөлтийн зам,Авто зогсоол,2014.04.04,-,Аргалант-Эмээлт хотын ЕТ,,,,,
525912,,,Polygon,106.585017,47.905654,ХЕТ-ний төлөвлөлтийн зам,Авто зогсоол,2014.04.04,-,Аргалант-Эмээлт хотын ЕТ,,,,,
525913,,,Polygon,106.587086,47.906176,ХЕТ-ний төлөвлөлтийн зам,Авто зогсоол,2014.04.04,-,Аргалант-Эмээлт хотын ЕТ,,,,,
525914,,,Polygon,106.579573,47.903509,ХЕТ-ний төлөвлөлтийн зам,Авто зогсоол,2014.04.04,-,Аргалант-Эмээлт хотын ЕТ,,,,,
525915,,,Polygon,106.583673,47.903181,ХЕТ-ний төлөвлөлтийн зам,Авто зогсоол,2014.04.04,-,Аргалант-Эмээлт хотын ЕТ,,,,,
525916,,,Polygon,106.584216,47.899403,ХЕТ-ний төлөвлөлтийн зам,Авто зогсоол,2014.04.04,-,Аргалант-Эмээлт хотын ЕТ,,,,,
525917,,,Polygon,106.590296,47.88993,ХЕТ-ний төлөвлөлтийн зам,Авто зогсоол,2014.04.04,-,Аргалант-Эмээлт хотын ЕТ,,,,,
525918,,,Polygon,106.590901,47.89098,ХЕТ-ний төлөвлөлтийн зам,Авто зогсоол,2014.04.04,-,Аргалант-Эмээлт хотын ЕТ,,,,,
525919,,,Polygon,106.592433,47.888963,ХЕТ-ний төлөвлөлтийн зам,Авто зогсоол,2014.04.04,-,Аргалант-Эмээлт хотын ЕТ,,,,,
525920,,,Polygon,106.594334,47.886614,ХЕТ-ний төлөвлөлтийн зам,Авто зогсоол,2014.04.04,-,Аргалант-Эмээлт хотын ЕТ,,,,,
525921,,,Polygon,106.559683,47.898266,ХЕТ-ний төлөвлөлтийн зам,Авто зогсоол,2014.04.04,-,Аргалант-Эмээлт хотын ЕТ,,,,,
525922,,,Polygon,106.560577,47.89849,ХЕТ-ний төлөвлөлтийн зам,Авто зогсоол,2014.04.04,-,Аргалант-Эмээлт хотын ЕТ,,,,,
525923,,,Polygon,106.56142,47.898329,ХЕТ-ний төлөвлөлтийн зам,Авто зогсоол,2014.04.04,-,Аргалант-Эмээлт хотын ЕТ,,,,,
525924,,,Polygon,106.560525,47.898104,ХЕТ-ний төлөвлөлтийн зам,Авто зогсоол,2014.04.04,-,Аргалант-Эмээлт хотын ЕТ,,,,,
525925,,,Polygon,106.561532,47.897799,ХЕТ-ний төлөвлөлтийн зам,Авто зогсоол,2014.04.04,-,Аргалант-Эмээлт хотын ЕТ,,,,,
525926,,,Polygon,106.560631,47.897861,ХЕТ-ний төлөвлөлтийн зам,Авто зогсоол,2014.04.04,-,Аргалант-Эмээлт хотын ЕТ,,,,,
525927,,,Polygon,106.588501,47.859988,ХЕТ-ний төлөвлөлтийн зам,Авто зогсоол,2014.04.04,-,Аргалант-Эмээлт хотын ЕТ,,,,,
525928,,,Polygon,106.588772,47.861034,ХЕТ-ний төлөвлөлтийн зам,Авто зогсоол,2014.04.04,-,Аргалант-Эмээлт хотын ЕТ,,,,,
525929,,,Polygon,106.588609,47.861591,ХЕТ-ний төлөвлөлтийн зам,Авто зогсоол,2014.04.04,-,Аргалант-Эмээлт хотын ЕТ,,,,,
525930,,,Polygon,106.587304,47.861951,ХЕТ-ний төлөвлөлтийн зам,Авто зогсоол,2014.04.04,-,Аргалант-Эмээлт хотын ЕТ,,,,,
525931,,,Polygon,106.58814,47.862078,ХЕТ-ний төлөвлөлтийн зам,Авто зогсоол,2014.04.04,-,Аргалант-Эмээлт хотын ЕТ,,,,,
525932,,,Polygon,106.587361,47.860955,ХЕТ-ний төлөвлөлтийн зам,Авто зогсоол,2014.04.04,-,Аргалант-Эмээлт хотын ЕТ,,,,,
525933,,,Polygon,106.587026,47.866844,ХЕТ-ний төлөвлөлтийн зам,Авто зогсоол,2014.04.04,-,Аргалант-Эмээлт хотын ЕТ,,,,,
525934,,,Polygon,106.554299,47.8485,ХЕТ-ний төлөвлөлтийн зам,Авто зогсоол,2014.04.04,-,Аргалант-Эмээлт хотын ЕТ,,,,,
525935,,,Polygon,106.557149,47.849029,ХЕТ-ний төлөвлөлтийн зам,Авто зогсоол,2014.04.04,-,Аргалант-Эмээлт хотын ЕТ,,,,,
525936,,,Polygon,106.558098,47.849887,ХЕТ-ний төлөвлөлтийн зам,Авто зогсоол,2014.04.04,-,Аргалант-Эмээлт хотын ЕТ,,,,,
525937,,,Polygon,106.560842,47.847504,ХЕТ-ний төлөвлөлтийн зам,Авто зогсоол,2014.04.04,-,Аргалант-Эмээлт хотын ЕТ,,,,,
525938,,,Polygon,106.561467,47.846482,ХЕТ-ний төлөвлөлтийн зам,Авто зогсоол,2014.04.04,-,Аргалант-Эмээлт хотын ЕТ,,,,,
525939,,,Polygon,106.562568,47.846781,ХЕТ-ний төлөвлөлтийн зам,Авто зогсоол,2014.04.04,-,Аргалант-Эмээлт хотын ЕТ,,,,,
525940,,,Polygon,106.579706,47.83528,ХЕТ-ний төлөвлөлтийн зам,Явган зам,2014.04.04,,Аргалант-Эмээлт хотын ЕТ,,,,,
525941,,,Polygon,106.563149,47.835453,ХЕТ-ний төлөвлөлтийн зам,Явган зам,2014.04.04,,Аргалант-Эмээлт хотын ЕТ,,,,,
525942,,,Polygon,106.57785,47.835714,ХЕТ-ний төлөвлөлтийн зам,Явган зам,2014.04.04,,Аргалант-Эмээлт хотын ЕТ,,,,,
525943,,,Polygon,106.563527,47.836372,ХЕТ-ний төлөвлөлтийн зам,Явган зам,2014.04.04,,Аргалант-Эмээлт хотын ЕТ,,,,,
525944,,,Polygon,106.566473,47.841815,ХЕТ-ний төлөвлөлтийн зам,Явган зам,2014.04.04,,Аргалант-Эмээлт хотын ЕТ,,,,,
525945,,,Polygon,106.582695,47.841067,ХЕТ-ний төлөвлөлтийн зам,Явган зам,2014.04.04,,Аргалант-Эмээлт хотын ЕТ,,,,,
525946,,,Polygon,106.559319,47.84169,ХЕТ-ний төлөвлөлтийн зам,Явган зам,2014.04.04,,Аргалант-Эмээлт хотын ЕТ,,,,,
525947,,,Polygon,106.577834,47.876022,ХЕТ-ний төлөвлөлтийн зам,Явган зам,2014.04.04,,Аргалант-Эмээлт хотын ЕТ,,,,,
525948,,,Polygon,106.573727,47.877148,ХЕТ-ний төлөвлөлтийн зам,Явган зам,2014.04.04,,Аргалант-Эмээлт хотын ЕТ,,,,,
525949,,,Polygon,106.576536,47.877827,ХЕТ-ний төлөвлөлтийн зам,Явган зам,2014.04.04,,Аргалант-Эмээлт хотын ЕТ,,,,,
525950,,,Polygon,106.569739,47.877395,ХЕТ-ний төлөвлөлтийн зам,Явган зам,2014.04.04,,Аргалант-Эмээлт хотын ЕТ,,,,,
525951,,,Polygon,106.577511,47.877998,ХЕТ-ний төлөвлөлтийн зам,Явган зам,2014.04.04,,Аргалант-Эмээлт хотын ЕТ,,,,,
525952,,,Polygon,106.578491,47.878171,ХЕТ-ний төлөвлөлтийн зам,Явган зам,2014.04.04,,Аргалант-Эмээлт хотын ЕТ,,,,,
525953,,,Polygon,106.571755,47.878617,ХЕТ-ний төлөвлөлтийн зам,Явган зам,2014.04.04,,Аргалант-Эмээлт хотын ЕТ,,,,,
525954,,,Polygon,106.576681,47.879793,ХЕТ-ний төлөвлөлтийн зам,Явган зам,2014.04.04,,Аргалант-Эмээлт хотын ЕТ,,,,,
525955,,,Polygon,106.570375,47.879645,ХЕТ-ний төлөвлөлтийн зам,Явган зам,2014.04.04,,Аргалант-Эмээлт хотын ЕТ,,,,,
525956,,,Polygon,106.572837,47.878095,ХЕТ-ний төлөвлөлтийн зам,Явган зам,2014.04.04,,Аргалант-Эмээлт хотын ЕТ,,,,,
525957,,,Polygon,106.605884,47.883013,ХЕТ-ний төлөвлөлтийн зам,Явган зам,2014.04.04,,Аргалант-Эмээлт хотын ЕТ,,,,,
525958,,,Polygon,106.6106,47.879685,ХЕТ-ний төлөвлөлтийн зам,Явган зам,2014.04.04,,Аргалант-Эмээлт хотын ЕТ,,,,,
525959,,,Polygon,106.593782,47.887446,ХЕТ-ний төлөвлөлтийн зам,Явган зам,2014.04.04,,Аргалант-Эмээлт хотын ЕТ,,,,,
525960,,,Polygon,106.587536,47.888178,ХЕТ-ний төлөвлөлтийн зам,Явган зам,2014.04.04,,Аргалант-Эмээлт хотын ЕТ,,,,,
525961,,,Polygon,106.592249,47.890553,ХЕТ-ний төлөвлөлтийн зам,Явган зам,2014.04.04,,Аргалант-Эмээлт хотын ЕТ,,,,,
525962,,,Polygon,106.589157,47.888342,ХЕТ-ний төлөвлөлтийн зам,Явган зам,2014.04.04,,Аргалант-Эмээлт хотын ЕТ,,,,,
525963,,,Polygon,106.574763,47.888435,ХЕТ-ний төлөвлөлтийн зам,Явган зам,2014.04.04,,Аргалант-Эмээлт хотын ЕТ,,,,,
525964,,,Polygon,106.584274,47.888336,ХЕТ-ний төлөвлөлтийн зам,Явган зам,2014.04.04,,Аргалант-Эмээлт хотын ЕТ,,,,,
525965,,,Polygon,106.574628,47.888568,ХЕТ-ний төлөвлөлтийн зам,Явган зам,2014.04.04,,Аргалант-Эмээлт хотын ЕТ,,,,,
525966,,,Polygon,106.585766,47.889815,ХЕТ-ний төлөвлөлтийн зам,Явган зам,2014.04.04,,Аргалант-Эмээлт хотын ЕТ,,,,,
525967,,,Polygon,106.583043,47.890153,ХЕТ-ний төлөвлөлтийн зам,Явган зам,2014.04.04,,Аргалант-Эмээлт хотын ЕТ,,,,,
525968,,,Polygon,106.605354,47.888783,ХЕТ-ний төлөвлөлтийн зам,Явган зам,2014.04.04,,Аргалант-Эмээлт хотын ЕТ,,,,,
525969,,,Polygon,106.573487,47.890381,ХЕТ-ний төлөвлөлтийн зам,Явган зам,2014.04.04,,Аргалант-Эмээлт хотын ЕТ,,,,,
525970,,,Polygon,106.576466,47.890967,ХЕТ-ний төлөвлөлтийн зам,Явган зам,2014.04.04,,Аргалант-Эмээлт хотын ЕТ,,,,,
525971,,,Polygon,106.577057,47.894015,ХЕТ-ний төлөвлөлтийн зам,Явган зам,2014.04.04,,Аргалант-Эмээлт хотын ЕТ,,,,,
525972,,,Polygon,106.60147,47.890349,ХЕТ-ний төлөвлөлтийн зам,Явган зам,2014.04.04,,Аргалант-Эмээлт хотын ЕТ,,,,,
525973,,,Polygon,106.571918,47.90391,ХЕТ-ний төлөвлөлтийн зам,Явган зам,2014.04.04,,Аргалант-Эмээлт хотын ЕТ,,,,,
525974,,,Polygon,106.585052,47.886593,ХЕТ-ний төлөвлөлтийн зам,2-р зэргийн  туслах зам,2014.04.04,2,Аргалант-Эмээлт хотын ЕТ,,,,,
525975,,,Polygon,106.5842,47.888357,ХЕТ-ний төлөвлөлтийн зам,Авто зогсоол,2014.04.04,-,Аргалант-Эмээлт хотын ЕТ,,,,,
525976,,,Polygon,106.584373,47.887276,ХЕТ-ний төлөвлөлтийн зам,2-р зэргийн  туслах зам,2014.04.04,2,Аргалант-Эмээлт хотын ЕТ,,,,,
525977,,,Polygon,106.572277,47.882657,ХЕТ-ний төлөвлөлтийн зам,1-р зэргийн туслах зам,2014.04.04,2,Аргалант-Эмээлт хотын ЕТ,,,,,
525978,,,Polygon,106.584242,47.836603,ХЕТ-ний төлөвлөлтийн зам,1-р зэргийн туслах зам,2014.04.04,2,Аргалант-Эмээлт хотын ЕТ,,,,,
525979,,,Polygon,106.577096,47.886076,ХЕТ-ний төлөвлөлтийн зам,Авто зогсоол,2014.04.04,-,Аргалант-Эмээлт хотын ЕТ,,,,,
525980,,,Polygon,106.575803,47.886439,ХЕТ-ний төлөвлөлтийн зам,Авто зогсоол,2014.04.04,-,Аргалант-Эмээлт хотын ЕТ,,,,,
525981,,,Polygon,106.580141,47.896383,ХЕТ-ний төлөвлөлтийн зам,2-р зэргийн гол зам,2014.04.04,2,Аргалант-Эмээлт хотын ЕТ,,,,,
525982,,,Polygon,106.58434,47.892919,ХЕТ-ний төлөвлөлтийн зам,Авто зогсоол,2014.04.04,-,Аргалант-Эмээлт хотын ЕТ,,,,,
525983,,,Polygon,106.581916,47.894007,ХЕТ-ний төлөвлөлтийн зам,Авто зогсоол,2014.04.04,-,Аргалант-Эмээлт хотын ЕТ,,,,,
525984,,,Polygon,106.584537,47.892182,ХЕТ-ний төлөвлөлтийн зам,Авто зогсоол,2014.04.04,-,Аргалант-Эмээлт хотын ЕТ,,,,,
525985,,,Polygon,106.586006,47.892165,ХЕТ-ний төлөвлөлтийн зам,Авто зогсоол,2014.04.04,-,Аргалант-Эмээлт хотын ЕТ,,,,,
525986,,,Polygon,106.586809,47.891201,ХЕТ-ний төлөвлөлтийн зам,Авто зогсоол,2014.04.04,-,Аргалант-Эмээлт хотын ЕТ,,,,,
525987,,,Polygon,106.578009,47.891656,ХЕТ-ний төлөвлөлтийн зам,Авто зогсоол,2014.04.04,-,Аргалант-Эмээлт хотын ЕТ,,,,,
525988,,,Polygon,106.578377,47.889576,ХЕТ-ний төлөвлөлтийн зам,Авто зогсоол,2014.04.04,-,Аргалант-Эмээлт хотын ЕТ,,,,,
525989,,,Polygon,106.581729,47.89083,ХЕТ-ний төлөвлөлтийн зам,Авто зогсоол,2014.04.04,-,Аргалант-Эмээлт хотын ЕТ,,,,,
525990,,,Polygon,106.583061,47.89018,ХЕТ-ний төлөвлөлтийн зам,Авто зогсоол,2014.04.04,-,Аргалант-Эмээлт хотын ЕТ,,,,,
525991,,,Polygon,106.584398,47.889627,ХЕТ-ний төлөвлөлтийн зам,Авто зогсоол,2014.04.04,-,Аргалант-Эмээлт хотын ЕТ,,,,,
525992,,,Polygon,106.55539,47.84577,ХЕТ-ний төлөвлөлтийн зам,Авто зогсоол,2014.04.04,-,Аргалант-Эмээлт хотын ЕТ,,,,,
525993,,,Polygon,106.556437,47.84275,ХЕТ-ний төлөвлөлтийн зам,Авто зогсоол,2014.04.04,-,Аргалант-Эмээлт хотын ЕТ,,,,,
525994,,,Polygon,106.557704,47.841148,ХЕТ-ний төлөвлөлтийн зам,Авто зогсоол,2014.04.04,-,Аргалант-Эмээлт хотын ЕТ,,,,,
525995,,,Polygon,106.563434,47.8363,ХЕТ-ний төлөвлөлтийн зам,Авто зогсоол,2014.04.04,-,Аргалант-Эмээлт хотын ЕТ,,,,,
525996,,,Polygon,106.562184,47.837879,ХЕТ-ний төлөвлөлтийн зам,Авто зогсоол,2014.04.04,-,Аргалант-Эмээлт хотын ЕТ,,,,,
525997,,,Polygon,106.560544,47.839953,ХЕТ-ний төлөвлөлтийн зам,Авто зогсоол,2014.04.04,-,Аргалант-Эмээлт хотын ЕТ,,,,,
525998,,,Polygon,106.576623,47.884975,ХЕТ-ний төлөвлөлтийн зам,Авто зогсоол,2014.04.04,-,Аргалант-Эмээлт хотын ЕТ,,,,,
525999,,,Polygon,106.577997,47.884457,ХЕТ-ний төлөвлөлтийн зам,Авто зогсоол,2014.04.04,-,Аргалант-Эмээлт хотын ЕТ,,,,,
526000,,,Polygon,106.579407,47.88049,ХЕТ-ний төлөвлөлтийн зам,2-р зэргийн  туслах зам,2014.04.04,2,Аргалант-Эмээлт хотын ЕТ,,,,,
526001,,,Polygon,106.57758,47.879687,ХЕТ-ний төлөвлөлтийн зам,2-р зэргийн  туслах зам,2014.04.04,2,Аргалант-Эмээлт хотын ЕТ,,,,,
526002,,,Polygon,106.564378,47.833868,ХЕТ-ний төлөвлөлтийн зам,Явган зам,2014.04.04,,Аргалант-Эмээлт хотын ЕТ,,,,,
526003,,,Polygon,106.564816,47.834744,ХЕТ-ний төлөвлөлтийн зам,Явган зам,2014.04.04,,Аргалант-Эмээлт хотын ЕТ,,,,,
526004,,,Polygon,106.579197,47.834294,ХЕТ-ний төлөвлөлтийн зам,Явган зам,2014.04.04,,Аргалант-Эмээлт хотын ЕТ,,,,,
526005,,,Polygon,106.563539,47.834903,ХЕТ-ний төлөвлөлтийн зам,Явган зам,2014.04.04,,Аргалант-Эмээлт хотын ЕТ,,,,,
526006,,,Polygon,106.555728,47.847156,ХЕТ-ний төлөвлөлтийн зам,Явган зам,2014.04.04,,Аргалант-Эмээлт хотын ЕТ,,,,,
526007,,,Polygon,106.556822,47.847489,ХЕТ-ний төлөвлөлтийн зам,Явган зам,2014.04.04,,Аргалант-Эмээлт хотын ЕТ,,,,,
526008,,,Polygon,106.554982,47.847424,ХЕТ-ний төлөвлөлтийн зам,Явган зам,2014.04.04,,Аргалант-Эмээлт хотын ЕТ,,,,,
526009,,,Polygon,106.554902,47.847496,ХЕТ-ний төлөвлөлтийн зам,Явган зам,2014.04.04,,Аргалант-Эмээлт хотын ЕТ,,,,,
526010,,,Polygon,106.596257,47.884602,ХЕТ-ний төлөвлөлтийн зам,Явган зам,2014.04.04,,Аргалант-Эмээлт хотын ЕТ,,,,,
526011,,,Polygon,106.602655,47.881513,ХЕТ-ний төлөвлөлтийн зам,Явган зам,2014.04.04,,Аргалант-Эмээлт хотын ЕТ,,,,,
526012,,,Polygon,106.57983,47.88109,ХЕТ-ний төлөвлөлтийн зам,Явган зам,2014.04.04,,Аргалант-Эмээлт хотын ЕТ,,,,,
526013,,,Polygon,106.610025,47.881373,ХЕТ-ний төлөвлөлтийн зам,Явган зам,2014.04.04,,Аргалант-Эмээлт хотын ЕТ,,,,,
526014,,,Polygon,106.601935,47.883004,ХЕТ-ний төлөвлөлтийн зам,Явган зам,2014.04.04,,Аргалант-Эмээлт хотын ЕТ,,,,,
526015,,,Polygon,106.601949,47.884902,ХЕТ-ний төлөвлөлтийн зам,Явган зам,2014.04.04,,Аргалант-Эмээлт хотын ЕТ,,,,,
526016,,,Polygon,106.571689,47.879826,ХЕТ-ний төлөвлөлтийн зам,Явган зам,2014.04.04,,Аргалант-Эмээлт хотын ЕТ,,,,,
526017,,,Polygon,106.590872,47.886161,ХЕТ-ний төлөвлөлтийн зам,Явган зам,2014.04.04,,Аргалант-Эмээлт хотын ЕТ,,,,,
526018,,,Polygon,106.601494,47.885506,ХЕТ-ний төлөвлөлтийн зам,Явган зам,2014.04.04,,Аргалант-Эмээлт хотын ЕТ,,,,,
526019,,,Polygon,106.601036,47.886005,ХЕТ-ний төлөвлөлтийн зам,Явган зам,2014.04.04,,Аргалант-Эмээлт хотын ЕТ,,,,,
526020,,,Polygon,106.601377,47.886132,ХЕТ-ний төлөвлөлтийн зам,Явган зам,2014.04.04,,Аргалант-Эмээлт хотын ЕТ,,,,,
526021,,,Polygon,106.580651,47.887429,ХЕТ-ний төлөвлөлтийн зам,Явган зам,2014.04.04,,Аргалант-Эмээлт хотын ЕТ,,,,,
526022,,,Polygon,106.587425,47.887663,ХЕТ-ний төлөвлөлтийн зам,Явган зам,2014.04.04,,Аргалант-Эмээлт хотын ЕТ,,,,,
526023,,,Polygon,106.587421,47.887665,ХЕТ-ний төлөвлөлтийн зам,Явган зам,2014.04.04,,Аргалант-Эмээлт хотын ЕТ,,,,,
526024,,,Polygon,106.587418,47.887666,ХЕТ-ний төлөвлөлтийн зам,Явган зам,2014.04.04,,Аргалант-Эмээлт хотын ЕТ,,,,,
526025,,,Polygon,106.587414,47.887667,ХЕТ-ний төлөвлөлтийн зам,Явган зам,2014.04.04,,Аргалант-Эмээлт хотын ЕТ,,,,,
526026,,,Polygon,106.58741,47.887668,ХЕТ-ний төлөвлөлтийн зам,Явган зам,2014.04.04,,Аргалант-Эмээлт хотын ЕТ,,,,,
526027,,,Polygon,106.587406,47.887669,ХЕТ-ний төлөвлөлтийн зам,Явган зам,2014.04.04,,Аргалант-Эмээлт хотын ЕТ,,,,,
526028,,,Polygon,106.587395,47.887669,ХЕТ-ний төлөвлөлтийн зам,Явган зам,2014.04.04,,Аргалант-Эмээлт хотын ЕТ,,,,,
526029,,,Polygon,106.587403,47.887669,ХЕТ-ний төлөвлөлтийн зам,Явган зам,2014.04.04,,Аргалант-Эмээлт хотын ЕТ,,,,,
526030,,,Polygon,106.587399,47.887669,ХЕТ-ний төлөвлөлтийн зам,Явган зам,2014.04.04,,Аргалант-Эмээлт хотын ЕТ,,,,,
526031,,,Polygon,106.592465,47.887139,ХЕТ-ний төлөвлөлтийн зам,Явган зам,2014.04.04,,Аргалант-Эмээлт хотын ЕТ,,,,,
526032,,,Polygon,106.600973,47.88718,ХЕТ-ний төлөвлөлтийн зам,Явган зам,2014.04.04,,Аргалант-Эмээлт хотын ЕТ,,,,,
526033,,,Polygon,106.571479,47.89367,ХЕТ-ний төлөвлөлтийн зам,Явган зам,2014.04.04,,Аргалант-Эмээлт хотын ЕТ,,,,,
526034,,,Polygon,106.592039,47.893438,ХЕТ-ний төлөвлөлтийн зам,Явган зам,2014.04.04,,Аргалант-Эмээлт хотын ЕТ,,,,,
526035,,,Polygon,106.592841,47.893471,ХЕТ-ний төлөвлөлтийн зам,Явган зам,2014.04.04,,Аргалант-Эмээлт хотын ЕТ,,,,,
526036,,,Polygon,106.571906,47.893669,ХЕТ-ний төлөвлөлтийн зам,Явган зам,2014.04.04,,Аргалант-Эмээлт хотын ЕТ,,,,,
526037,,,Polygon,106.587495,47.893658,ХЕТ-ний төлөвлөлтийн зам,Явган зам,2014.04.04,,Аргалант-Эмээлт хотын ЕТ,,,,,
526038,,,Polygon,106.580196,47.89381,ХЕТ-ний төлөвлөлтийн зам,Явган зам,2014.04.04,,Аргалант-Эмээлт хотын ЕТ,,,,,
526039,,,Polygon,106.573717,47.892427,ХЕТ-ний төлөвлөлтийн зам,Явган зам,2014.04.04,,Аргалант-Эмээлт хотын ЕТ,,,,,
526040,,,Polygon,106.57408,47.900245,ХЕТ-ний төлөвлөлтийн зам,Явган зам,2014.04.04,,Аргалант-Эмээлт хотын ЕТ,,,,,
526041,,,Polygon,106.564959,47.902845,ХЕТ-ний төлөвлөлтийн зам,Явган зам,2014.04.04,,Аргалант-Эмээлт хотын ЕТ,,,,,
526042,,,Polygon,106.579212,47.901578,ХЕТ-ний төлөвлөлтийн зам,Явган зам,2014.04.04,,Аргалант-Эмээлт хотын ЕТ,,,,,
526043,,,Polygon,106.569382,47.901901,ХЕТ-ний төлөвлөлтийн зам,Явган зам,2014.04.04,,Аргалант-Эмээлт хотын ЕТ,,,,,
526044,,,Polygon,106.610632,47.871167,ХЕТ-ний төлөвлөлтийн зам,2-р зэргийн  туслах зам,2014.04.04,2,Аргалант-Эмээлт хотын ЕТ,,,,,
526045,,,Polygon,106.611358,47.876049,ХЕТ-ний төлөвлөлтийн зам,2-р зэргийн гол зам,2014.04.04,4,Аргалант-Эмээлт хотын ЕТ,,,,,
526046,,,Polygon,106.563995,47.850529,ХЕТ-ний төлөвлөлтийн зам,1-р зэргийн гол зам,2014.04.04,5,Аргалант-Эмээлт хотын ЕТ,,,,,
526047,,,Polygon,106.605801,47.884796,ХЕТ-ний төлөвлөлтийн зам,2-р зэргийн  туслах зам,2014.04.04,2,Аргалант-Эмээлт хотын ЕТ,,,,,
526048,,,Polygon,106.595108,47.898925,ХЕТ-ний төлөвлөлтийн зам,2-р зэргийн гол зам,2014.04.04,4,Аргалант-Эмээлт хотын ЕТ,,,,,
526049,,,Polygon,106.582098,47.896119,ХЕТ-ний төлөвлөлтийн зам,1-р зэргийн туслах зам,2014.04.04,2,Аргалант-Эмээлт хотын ЕТ,,,,,
526050,,,Polygon,106.573529,47.891234,ХЕТ-ний төлөвлөлтийн зам,2-р зэргийн  туслах зам,2014.04.04,2,Аргалант-Эмээлт хотын ЕТ,,,,,
526051,,,Polygon,106.57817,47.832306,ХЕТ-ний төлөвлөлтийн зам,Явган зам,2014.04.04,,Аргалант-Эмээлт хотын ЕТ,,,,,
526052,,,Polygon,106.565624,47.832844,ХЕТ-ний төлөвлөлтийн зам,Явган зам,2014.04.04,,Аргалант-Эмээлт хотын ЕТ,,,,,
526053,,,Polygon,106.576315,47.83274,ХЕТ-ний төлөвлөлтийн зам,Явган зам,2014.04.04,,Аргалант-Эмээлт хотын ЕТ,,,,,
526054,,,Polygon,106.578635,47.833207,ХЕТ-ний төлөвлөлтийн зам,Явган зам,2014.04.04,,Аргалант-Эмээлт хотын ЕТ,,,,,
526055,,,Polygon,106.555405,47.84775,ХЕТ-ний төлөвлөлтийн зам,Явган зам,2014.04.04,,Аргалант-Эмээлт хотын ЕТ,,,,,
526056,,,Polygon,106.556438,47.847509,ХЕТ-ний төлөвлөлтийн зам,Явган зам,2014.04.04,,Аргалант-Эмээлт хотын ЕТ,,,,,
526057,,,Polygon,106.555969,47.847919,ХЕТ-ний төлөвлөлтийн зам,Явган зам,2014.04.04,,Аргалант-Эмээлт хотын ЕТ,,,,,
526058,,,Polygon,106.581483,47.891654,ХЕТ-ний төлөвлөлтийн зам,Явган зам,2014.04.04,,Аргалант-Эмээлт хотын ЕТ,,,,,
526059,,,Polygon,106.573059,47.891941,ХЕТ-ний төлөвлөлтийн зам,Явган зам,2014.04.04,,Аргалант-Эмээлт хотын ЕТ,,,,,
526060,,,Polygon,106.581808,47.892258,ХЕТ-ний төлөвлөлтийн зам,Явган зам,2014.04.04,,Аргалант-Эмээлт хотын ЕТ,,,,,
526061,,,Polygon,106.584404,47.892057,ХЕТ-ний төлөвлөлтийн зам,Явган зам,2014.04.04,,Аргалант-Эмээлт хотын ЕТ,,,,,
526062,,,Polygon,106.585524,47.891156,ХЕТ-ний төлөвлөлтийн зам,Авто зогсоол,2014.04.04,-,Аргалант-Эмээлт хотын ЕТ,,,,,
526063,,,Polygon,106.587543,47.890263,ХЕТ-ний төлөвлөлтийн зам,Авто зогсоол,2014.04.04,-,Аргалант-Эмээлт хотын ЕТ,,,,,
526064,,,Polygon,106.588573,47.88979,ХЕТ-ний төлөвлөлтийн зам,Авто зогсоол,2014.04.04,-,Аргалант-Эмээлт хотын ЕТ,,,,,
526065,,,Polygon,106.589602,47.889122,ХЕТ-ний төлөвлөлтийн зам,Авто зогсоол,2014.04.04,-,Аргалант-Эмээлт хотын ЕТ,,,,,
526066,,,Polygon,106.590963,47.888099,ХЕТ-ний төлөвлөлтийн зам,Авто зогсоол,2014.04.04,-,Аргалант-Эмээлт хотын ЕТ,,,,,
526067,,,Polygon,106.586783,47.897389,ХЕТ-ний төлөвлөлтийн зам,Авто зогсоол,2014.04.04,-,Аргалант-Эмээлт хотын ЕТ,,,,,
526068,,,Polygon,106.587186,47.897196,ХЕТ-ний төлөвлөлтийн зам,Авто зогсоол,2014.04.04,-,Аргалант-Эмээлт хотын ЕТ,,,,,
526069,,,Polygon,106.588699,47.895554,ХЕТ-ний төлөвлөлтийн зам,Авто зогсоол,2014.04.04,-,Аргалант-Эмээлт хотын ЕТ,,,,,
526070,,,Polygon,106.588416,47.895224,ХЕТ-ний төлөвлөлтийн зам,Авто зогсоол,2014.04.04,-,Аргалант-Эмээлт хотын ЕТ,,,,,
526071,,,Polygon,106.580126,47.83377,ХЕТ-ний төлөвлөлтийн зам,Явган зам,2014.04.04,,Аргалант-Эмээлт хотын ЕТ,,,,,
526072,,,Polygon,106.575285,47.830745,ХЕТ-ний төлөвлөлтийн зам,Явган зам,2014.04.04,,Аргалант-Эмээлт хотын ЕТ,,,,,
526073,,,Polygon,106.595713,47.884336,ХЕТ-ний төлөвлөлтийн зам,Явган зам,2014.04.04,,Аргалант-Эмээлт хотын ЕТ,,,,,
526074,,,Polygon,106.601725,47.884256,ХЕТ-ний төлөвлөлтийн зам,Явган зам,2014.04.04,,Аргалант-Эмээлт хотын ЕТ,,,,,
526075,,,Polygon,106.595769,47.884321,ХЕТ-ний төлөвлөлтийн зам,Явган зам,2014.04.04,,Аргалант-Эмээлт хотын ЕТ,,,,,
526076,,,Polygon,106.595868,47.884368,ХЕТ-ний төлөвлөлтийн зам,Явган зам,2014.04.04,,Аргалант-Эмээлт хотын ЕТ,,,,,
526077,,,Polygon,106.59955,47.885893,ХЕТ-ний төлөвлөлтийн зам,Явган зам,2014.04.04,,Аргалант-Эмээлт хотын ЕТ,,,,,
526078,,,Polygon,106.599335,47.887046,ХЕТ-ний төлөвлөлтийн зам,Явган зам,2014.04.04,,Аргалант-Эмээлт хотын ЕТ,,,,,
526079,,,Polygon,106.59911,47.888195,ХЕТ-ний төлөвлөлтийн зам,Явган зам,2014.04.04,,Аргалант-Эмээлт хотын ЕТ,,,,,
526080,,,Polygon,106.593067,47.894819,ХЕТ-ний төлөвлөлтийн зам,Явган зам,2014.04.04,,Аргалант-Эмээлт хотын ЕТ,,,,,
526081,,,Polygon,106.919,47.964118,ХЕТ-ний төлөвлөлтийн зам,1-р зэрэглэлийн туслах зам,2015.04.15,2-4,Хайлааст нэгж хорооллын ХЕТ,зам дагуу машины зогсоолтой,,,,
526082,,,Polygon,106.915943,47.951689,ХЕТ-ний төлөвлөлтийн зам,1-р зэрэглэлийн туслах зам,2015.04.15,2-4,Хайлааст нэгж хорооллын ХЕТ,зам дагуу машины зогсоолтой,,,,
526083,,,Polygon,106.905172,47.946084,ХЕТ-ний төлөвлөлтийн зам,1-р зэрэглэлийн гол зам,2015.04.15,4-8,Хайлааст нэгж хорооллын ХЕТ,зам дагуу машины зогсоолтой,,,,
526084,,,Polygon,106.900378,47.942524,ХЕТ-ний төлөвлөлтийн зам,1-р зэрэглэлийн туслах зам,2015.04.15,2-4,Хайлааст нэгж хорооллын ХЕТ,зам дагуу машины зогсоолтой,,,,
526085,,,Polygon,106.903092,47.943679,ХЕТ-ний төлөвлөлтийн зам,1-р зэрэглэлийн туслах зам,2015.04.15,2-4,Хайлааст нэгж хорооллын ХЕТ,зам дагуу машины зогсоолтой,,,,
526086,,,Polygon,106.908471,47.944814,ХЕТ-ний төлөвлөлтийн зам,1-р зэрэглэлийн туслах зам,2015.04.15,2-4,Хайлааст нэгж хорооллын ХЕТ,зам дагуу машины зогсоолтой,,,,
526087,,,Polygon,106.891598,47.95454,ХЕТ-ний төлөвлөлтийн зам,1-р зэрэглэлийн туслах зам,2015.04.15,2-4,Хайлааст нэгж хорооллын ХЕТ,зам дагуу машины зогсоолтой,,,,
526088,,,Polygon,106.879284,47.971581,ХЕТ-ний төлөвлөлтийн зам,1-р зэрэглэлийн туслах зам,2015.04.15,2-4,Хайлааст нэгж хорооллын ХЕТ,зам дагуу машины зогсоолтой,,,,
526089,,,Polygon,106.915101,47.965141,ХЕТ-ний төлөвлөлтийн зам,1-р зэрэглэлийн туслах зам,2015.04.15,2-4,Хайлааст нэгж хорооллын ХЕТ,зам дагуу машины зогсоолтой,,,,
526090,,,MultiPolygon,106.891961,47.962847,ХЕТ-ний төлөвлөлтийн зам,2-р зэрэглэлийн гол зам,2015.04.15,4,Хайлааст нэгж хорооллын ХЕТ,зам дагуу машины зогсоолтой,,,,
526091,,,Polygon,106.902334,47.959674,ХЕТ-ний төлөвлөлтийн зам,1-р зэрэглэлийн туслах зам,2015.04.15,2-4,Хайлааст нэгж хорооллын ХЕТ,зам дагуу машины зогсоолтой,,,,
526092,,,Polygon,107.126218,47.86684,ХЕТ-ний төлөвлөлтийн зам,Орон сууцны ил зогсоол,2015.04.15,,31-р нэгж хорооллын ХЕТ,2016.09.15 ний өдөр Т.Соёл-эрдэнэ мэдээг оруулав.,,,,
526093,,,Polygon,107.104467,47.87665,ХЕТ-ний төлөвлөлтийн зам,Худалдаа үйлчилгээний ил зогсоол,2015.04.15,,31-р нэгж хорооллын ХЕТ,2016.09.15 ний өдөр Т.Соёл-эрдэнэ мэдээг оруулав.,,,,
526094,,,Polygon,107.103625,47.877336,ХЕТ-ний төлөвлөлтийн зам,Худалдаа үйлчилгээний ил зогсоол,2015.04.15,,31-р нэгж хорооллын ХЕТ,2016.09.15 ний өдөр Т.Соёл-эрдэнэ мэдээг оруулав.,,,,
526095,,,Polygon,107.116809,47.864787,ХЕТ-ний төлөвлөлтийн зам,Үйлчилгээний ил зогсоол,2015.04.15,,31-р нэгж хорооллын ХЕТ,2016.09.15 ний өдөр Т.Соёл-эрдэнэ мэдээг оруулав.,,,,
526096,,,Polygon,107.12019,47.871638,ХЕТ-ний төлөвлөлтийн зам,Орон сууцны ил зогсоол,2015.04.15,,31-р нэгж хорооллын ХЕТ,2016.09.15 ний өдөр Т.Соёл-эрдэнэ мэдээг оруулав.,,,,
526097,,,Polygon,107.118911,47.871058,ХЕТ-ний төлөвлөлтийн зам,Орон сууцны ил зогсоол,2015.04.15,,31-р нэгж хорооллын ХЕТ,2016.09.15 ний өдөр Т.Соёл-эрдэнэ мэдээг оруулав.,,,,
526098,,,Polygon,107.125273,47.869904,ХЕТ-ний төлөвлөлтийн зам,Орон сууцны ил зогсоол,2015.04.15,,31-р нэгж хорооллын ХЕТ,2016.09.15 ний өдөр Т.Соёл-эрдэнэ мэдээг оруулав.,,,,
526099,,,Polygon,107.124411,47.870559,ХЕТ-ний төлөвлөлтийн зам,Орон сууцны ил зогсоол,2015.04.15,,31-р нэгж хорооллын ХЕТ,2016.09.15 ний өдөр Т.Соёл-эрдэнэ мэдээг оруулав.,,,,
526100,,,Polygon,107.079819,47.886875,ХЕТ-ний төлөвлөлтийн зам,Төлөвлөж буй гүүр,2015.04.15,3 метр өндөр,31-р нэгж хорооллын ХЕТ,2016.09.15 ний өдөр Т.Соёл-эрдэнэ мэдээг оруулав.,,,,
526101,,,Polygon,107.094261,47.881546,ХЕТ-ний төлөвлөлтийн зам,Замын дээгүүр гүүрэн гарц,2015.04.15,6 метр өндөр,31-р нэгж хорооллын ХЕТ,2016.09.15 ний өдөр Т.Соёл-эрдэнэ мэдээг оруулав.,,,,
526102,,,Polygon,107.095126,47.878228,ХЕТ-ний төлөвлөлтийн зам,Төлөвлөж буй гүүр,2015.04.15,3 метр өндөр,31-р нэгж хорооллын ХЕТ,2016.09.15 ний өдөр Т.Соёл-эрдэнэ мэдээг оруулав.,,,,
526103,,,Polygon,107.092081,47.873974,ХЕТ-ний төлөвлөлтийн зам,Замын дээгүүр гүүрэн гарц,2015.04.15,6 метр өндөр,31-р нэгж хорооллын ХЕТ,2016.09.15 ний өдөр Т.Соёл-эрдэнэ мэдээг оруулав.,,,,
526104,,,Polygon,107.104525,47.872521,ХЕТ-ний төлөвлөлтийн зам,Төлөвлөж буй гүүр,2015.04.15,3 метр өндөр,31-р нэгж хорооллын ХЕТ,2016.09.15 ний өдөр Т.Соёл-эрдэнэ мэдээг оруулав.,,,,
526105,,,Polygon,107.10684,47.873293,ХЕТ-ний төлөвлөлтийн зам,Замын дээгүүр гүүрэн гарц,2015.04.15,6 метр өндөр,31-р нэгж хорооллын ХЕТ,2016.09.15 ний өдөр Т.Соёл-эрдэнэ мэдээг оруулав.,,,,
526106,,,MultiPolygon,106.994085,47.946166,ХЕТ-ний төлөвлөлтийн зам,2-р зэргийн гол зам,2015.04.15,4 эгнээ,Шар хад нэгж хорооллын ХЕТ,2016.09.15 ний өдөр Т.Соёл-эрдэнэ мэдээг оруулав.,,,,
526107,,,Polygon,106.959314,47.946553,ХЕТ-ний төлөвлөлтийн зам,Гэр хороолол доторх зам,2015.04.15,2 эгнээ,Дарь эх нэгж хорооллын ХЕТ,,,,,
526108,,,Polygon,106.964238,47.943601,ХЕТ-ний төлөвлөлтийн зам,Авто зам,2015.04.15,2 эгнээ,Дарь эх нэгж хорооллын ХЕТ,,,,,
526109,,,Polygon,106.951453,47.949476,ХЕТ-ний төлөвлөлтийн зам,Гэр хороолол доторх зам,2015.04.15,2 эгнээ,Дарь эх нэгж хорооллын ХЕТ,,,,,
526110,,,Polygon,106.940269,47.944055,ХЕТ-ний төлөвлөлтийн зам,Гэр хороолол доторх зам,2015.04.15,2 эгнээ,Дарь эх нэгж хорооллын ХЕТ,,,,,
526111,,,Polygon,106.949658,47.937778,ХЕТ-ний төлөвлөлтийн зам,Гэр хороолол доторх зам,2015.04.15,2 эгнээ,Дарь эх нэгж хорооллын ХЕТ,,,,,
526112,,,Polygon,106.963046,47.95114,ХЕТ-ний төлөвлөлтийн зам,Гэр хороолол доторх зам,2015.04.15,2 эгнээ,Дарь эх нэгж хорооллын ХЕТ,,,,,
526113,,,Polygon,106.933431,47.989439,ХЕТ-ний төлөвлөлтийн зам,Гэр хороолол доторх зам,2015.04.15,2,Дамбадаржаа нэгж хорооллын ХЕТ,,,,,
526114,,,Polygon,106.936676,47.986707,ХЕТ-ний төлөвлөлтийн зам,2-р зэргийн туслах зам,2015.04.15,2,Дамбадаржаа нэгж хорооллын ХЕТ,,,,,
526115,,,Polygon,106.936676,47.986707,ХЕТ-ний төлөвлөлтийн зам,2-р зэргийн туслах зам,2015.04.15,2,Дамбадаржаа нэгж хорооллын ХЕТ,,,,,
526116,,,MultiPolygon,106.951979,47.971319,ХЕТ-ний төлөвлөлтийн зам,Явган зам,2015.04.15,1-2,Дамбадаржаа нэгж хорооллын ХЕТ,,,,,
526117,,,Polygon,106.927859,47.990825,ХЕТ-ний төлөвлөлтийн зам,Гэр хороолол доторх зам,2015.04.15,2,Дамбадаржаа нэгж хорооллын ХЕТ,,,,,
526118,,,Polygon,106.92768,47.989134,ХЕТ-ний төлөвлөлтийн зам,Гэр хороолол доторх зам,2015.04.15,2,Дамбадаржаа нэгж хорооллын ХЕТ,,,,,
526119,,,Polygon,106.931455,47.980873,ХЕТ-ний төлөвлөлтийн зам,Хороолол доторх зам,2015.04.15,2,Дамбадаржаа нэгж хорооллын ХЕТ,,,,,
526120,,,Polygon,106.93307,47.979597,ХЕТ-ний төлөвлөлтийн зам,Гэр хороолол доторх зам,2015.04.15,2,Дамбадаржаа нэгж хорооллын ХЕТ,,,,,
526121,,,Polygon,106.932771,47.979043,ХЕТ-ний төлөвлөлтийн зам,Гэр хороолол доторх зам,2015.04.15,2,Дамбадаржаа нэгж хорооллын ХЕТ,,,,,
526122,,,Polygon,106.933266,47.980226,ХЕТ-ний төлөвлөлтийн зам,Гэр хороолол доторх зам,2015.04.15,2,Дамбадаржаа нэгж хорооллын ХЕТ,,,,,
526123,,,Polygon,106.933446,47.980804,ХЕТ-ний төлөвлөлтийн зам,Гэр хороолол доторх зам,2015.04.15,2,Дамбадаржаа нэгж хорооллын ХЕТ,,,,,
526124,,,Polygon,106.933629,47.981393,ХЕТ-ний төлөвлөлтийн зам,Гэр хороолол доторх зам,2015.04.15,2,Дамбадаржаа нэгж хорооллын ХЕТ,,,,,
526125,,,Polygon,106.933053,47.981903,ХЕТ-ний төлөвлөлтийн зам,Гэр хороолол доторх зам,2015.04.15,2,Дамбадаржаа нэгж хорооллын ХЕТ,,,,,
526126,,,Polygon,106.933053,47.981903,ХЕТ-ний төлөвлөлтийн зам,Гэр хороолол доторх зам,2015.04.15,2,Дамбадаржаа нэгж хорооллын ХЕТ,,,,,
526127,,,Polygon,106.933629,47.981393,ХЕТ-ний төлөвлөлтийн зам,Гэр хороолол доторх зам,2015.04.15,2,Дамбадаржаа нэгж хорооллын ХЕТ,,,,,
526128,,,Polygon,106.933446,47.980804,ХЕТ-ний төлөвлөлтийн зам,Гэр хороолол доторх зам,2015.04.15,2,Дамбадаржаа нэгж хорооллын ХЕТ,,,,,
526129,,,Polygon,106.933266,47.980226,ХЕТ-ний төлөвлөлтийн зам,Гэр хороолол доторх зам,2015.04.15,2,Дамбадаржаа нэгж хорооллын ХЕТ,,,,,
526130,,,Polygon,106.93307,47.979597,ХЕТ-ний төлөвлөлтийн зам,Гэр хороолол доторх зам,2015.04.15,2,Дамбадаржаа нэгж хорооллын ХЕТ,,,,,
526131,,,Polygon,106.932771,47.979043,ХЕТ-ний төлөвлөлтийн зам,Гэр хороолол доторх зам,2015.04.15,2,Дамбадаржаа нэгж хорооллын ХЕТ,,,,,
526132,,,Polygon,106.952492,47.977827,ХЕТ-ний төлөвлөлтийн зам,2-р зэргийн гол зам,2015.04.15,4,Дамбадаржаа нэгж хорооллын ХЕТ,,,,,
526133,,,Polygon,106.94282,47.98296,ХЕТ-ний төлөвлөлтийн зам,Гэр хороолол доторх зам,2015.04.15,2,Дамбадаржаа нэгж хорооллын ХЕТ,,,,,
526134,,,Polygon,106.940864,47.977963,ХЕТ-ний төлөвлөлтийн зам,Гэр хороолол доторх зам,2015.04.15,2,Дамбадаржаа нэгж хорооллын ХЕТ,,,,,
526135,,,Polygon,106.947469,47.97944,ХЕТ-ний төлөвлөлтийн зам,Гэр хороолол доторх зам,2015.04.15,2,Дамбадаржаа нэгж хорооллын ХЕТ,,,,,
526136,,,Polygon,106.92898,47.974623,ХЕТ-ний төлөвлөлтийн зам,Гэр хороолол доторх зам,2015.04.15,2,Дамбадаржаа нэгж хорооллын ХЕТ,,,,,
526137,,,Polygon,106.929224,47.978022,ХЕТ-ний төлөвлөлтийн зам,Хороолол доторх зам,2015.04.15,2,Дамбадаржаа нэгж хорооллын ХЕТ,,,,,
526138,,,Polygon,106.932955,47.973331,ХЕТ-ний төлөвлөлтийн зам,Гэр хороолол доторх зам,2015.04.15,2,Дамбадаржаа нэгж хорооллын ХЕТ,,,,,
526139,,,Polygon,106.959273,47.995448,ХЕТ-ний төлөвлөлтийн зам,Гэр хороолол доторх зам,2015.04.15,2,Дамбадаржаа нэгж хорооллын ХЕТ,,,,,
526140,,,Polygon,106.954087,47.9863,ХЕТ-ний төлөвлөлтийн зам,Гэр хороолол доторх зам,2015.04.15,2,Дамбадаржаа нэгж хорооллын ХЕТ,,,,,
526141,,,Polygon,106.961596,47.990637,ХЕТ-ний төлөвлөлтийн зам,Гэр хороолол доторх зам,2015.04.15,2,Дамбадаржаа нэгж хорооллын ХЕТ,,,,,
526142,,,Polygon,106.958904,47.990986,ХЕТ-ний төлөвлөлтийн зам,Гэр хороолол доторх зам,2015.04.15,2,Дамбадаржаа нэгж хорооллын ХЕТ,,,,,
526143,,,Polygon,106.965344,47.994243,ХЕТ-ний төлөвлөлтийн зам,Хороолол доторх зам,2015.04.15,2,Дамбадаржаа нэгж хорооллын ХЕТ,,,,,
526144,,,Polygon,106.974658,48.002503,ХЕТ-ний төлөвлөлтийн зам,Хороолол доторх зам,2015.04.15,2,Дамбадаржаа нэгж хорооллын ХЕТ,,,,,
526145,,,Polygon,106.976435,47.999807,ХЕТ-ний төлөвлөлтийн зам,Гэр хороолол доторх зам,2015.04.15,2,Дамбадаржаа нэгж хорооллын ХЕТ,,,,,
526146,,,Polygon,106.970541,47.985687,ХЕТ-ний төлөвлөлтийн зам,Гэр хороолол доторх зам,2015.04.15,2,Дамбадаржаа нэгж хорооллын ХЕТ,,,,,
526147,,,Polygon,106.962981,47.98149,ХЕТ-ний төлөвлөлтийн зам,Гэр хороолол доторх зам,2015.04.15,2,Дамбадаржаа нэгж хорооллын ХЕТ,,,,,
526148,,,Polygon,106.922828,47.971466,ХЕТ-ний төлөвлөлтийн зам,Гэр хороолол доторх зам,2015.04.15,2,Дамбадаржаа нэгж хорооллын ХЕТ,,,,,
526149,,,Polygon,106.928291,47.968954,ХЕТ-ний төлөвлөлтийн зам,Хороолол доторх зам,2015.04.15,2,Дамбадаржаа нэгж хорооллын ХЕТ,,,,,
526150,,,Polygon,106.927307,47.968431,ХЕТ-ний төлөвлөлтийн зам,Хороолол доторх зам,2015.04.15,2,Дамбадаржаа нэгж хорооллын ХЕТ,,,,,
526151,,,Polygon,106.932694,47.968364,ХЕТ-ний төлөвлөлтийн зам,Гэр хороолол доторх зам,2015.04.15,2,Дамбадаржаа нэгж хорооллын ХЕТ,,,,,
526152,,,Polygon,106.928872,47.967309,ХЕТ-ний төлөвлөлтийн зам,Хороолол доторх зам,2015.04.15,2,Дамбадаржаа нэгж хорооллын ХЕТ,,,,,
526153,,,Polygon,106.930165,47.957936,ХЕТ-ний төлөвлөлтийн зам,Гэр хороолол доторх зам,2015.04.15,2,Дамбадаржаа нэгж хорооллын ХЕТ,,,,,
526154,,,Polygon,106.935748,47.958296,ХЕТ-ний төлөвлөлтийн зам,Гэр хороолол доторх зам,2015.04.15,2,Дамбадаржаа нэгж хорооллын ХЕТ,,,,,
526155,,,Polygon,106.938388,47.954747,ХЕТ-ний төлөвлөлтийн зам,Гэр хороолол доторх зам,2015.04.15,2,Дамбадаржаа нэгж хорооллын ХЕТ,,,,,
526156,,,Polygon,106.93942,47.951195,ХЕТ-ний төлөвлөлтийн зам,Хороолол доторх зам,2015.04.15,2,Дамбадаржаа нэгж хорооллын ХЕТ,,,,,
526157,,,Polygon,106.950368,47.953215,ХЕТ-ний төлөвлөлтийн зам,1-р зэрэглэлийн гол зам,2015.04.15,4 эгнээ,Дарь эх нэгж хорооллын ХЕТ,,,,,
526158,,,Polygon,106.949439,47.947449,ХЕТ-ний төлөвлөлтийн зам,2-р зэрэглэлийн туслах зам,2015.04.15,2 эгнээ,Дарь эх нэгж хорооллын ХЕТ,,,,,
526159,,,Polygon,106.935195,47.943204,ХЕТ-ний төлөвлөлтийн зам,Хороолол доторх зам,2015.04.15,2 эгнээ,Дарь эх нэгж хорооллын ХЕТ,,,,,
526160,,,Polygon,106.932582,47.945308,ХЕТ-ний төлөвлөлтийн зам,2-р зэрэглэлийн гол зам,2015.04.15,4 эгнээ,Дарь эх нэгж хорооллын ХЕТ,,,,,
526161,,,Polygon,106.930212,47.945107,ХЕТ-ний төлөвлөлтийн зам,Гэр хороолол доторх зам,2015.04.15,2,Дамбадаржаа нэгж хорооллын ХЕТ,,,,,
526162,,,Polygon,106.942624,47.946482,ХЕТ-ний төлөвлөлтийн зам,Хороолол доторх зам,2015.04.15,2 эгнээ,Дарь эх нэгж хорооллын ХЕТ,,,,,
526163,,,Polygon,106.944648,47.942167,ХЕТ-ний төлөвлөлтийн зам,Гэр хороолол доторх зам,2015.04.15,2 эгнээ,Дарь эх нэгж хорооллын ХЕТ,,,,,
526164,,,Polygon,106.940872,47.940166,ХЕТ-ний төлөвлөлтийн зам,Гэр хороолол доторх зам,2015.04.15,2 эгнээ,Дарь эх нэгж хорооллын ХЕТ,,,,,
526165,,,Polygon,106.96187,47.934249,ХЕТ-ний төлөвлөлтийн зам,Хороолол доторх зам,2015.04.15,2 эгнээ,Дарь эх нэгж хорооллын ХЕТ,,,,,
526166,,,Polygon,106.965202,47.934045,ХЕТ-ний төлөвлөлтийн зам,Гэр хороолол доторх зам,2015.04.15,2 эгнээ,Дарь эх нэгж хорооллын ХЕТ,,,,,
526167,,,Polygon,106.963947,47.930877,ХЕТ-ний төлөвлөлтийн зам,Хороолол доторх зам,2015.04.15,2 эгнээ,Дарь эх нэгж хорооллын ХЕТ,,,,,
526168,,,Polygon,106.804727,47.845044,ХЕТ-ний төлөвлөлтийн зам,2-р зэрэглэлийн туслах зам,2011.01.24,2,Нисэх Яармаг орчмын орон сууцны хорооллын ЕТ,2015.11.20 НИТХТ 198 батлагдсан,,,,
526169,,,Polygon,106.731237,47.84504,ХЕТ-ний төлөвлөлтийн зам,1-р зэрэглэлийн гол гудамж зам,2011.01.24,4-8,Нисэх Яармаг орчмын орон сууцны хорооллын ЕТ,2015.11.20 НИТХТ 198 батлагдсан,,,,
526170,,,Polygon,106.759913,47.832744,ХЕТ-ний төлөвлөлтийн зам,2-р зэрэглэлийн туслах зам,2011.01.24,2,Нисэх Яармаг орчмын орон сууцны хорооллын ЕТ,2015.11.20 НИТХТ 198 батлагдсан,,,,
526171,,,Polygon,106.768126,47.843252,ХЕТ-ний төлөвлөлтийн зам,Нисэх буух зурвас,2011.01.24,,Нисэх Яармаг орчмын орон сууцны хорооллын ЕТ,2015.11.20 НИТХТ 198 батлагдсан,,,,
526172,,,Polygon,106.761568,47.85314,ХЕТ-ний төлөвлөлтийн зам,1-р зэрэглэлийн гол гудамж зам,2011.01.24,4-8,Нисэх Яармаг орчмын орон сууцны хорооллын ЕТ,2015.11.20 НИТХТ 198 батлагдсан,,,,
526174,,,Polygon,106.78626,47.865647,ХЕТ-ний төлөвлөлтийн зам,1-р зэрэглэлийн гол гудамж зам,2011.01.24,4-8,Нисэх Яармаг орчмын орон сууцны хорооллын ЕТ,2015.11.20 НИТХТ 198 батлагдсан,,,,
526175,,,Polygon,106.805785,47.841108,ХЕТ-ний төлөвлөлтийн зам,1-р зэрэглэлийн гол гудамж зам,2011.01.24,4-8,Нисэх Яармаг орчмын орон сууцны хорооллын ЕТ,2015.11.20 НИТХТ 198 батлагдсан,,,,
526176,,,Polygon,106.837633,47.869167,ХЕТ-ний төлөвлөлтийн зам,1-р зэрэглэлийн гол гудамж зам,2011.01.24,4-8,Нисэх Яармаг орчмын орон сууцны хорооллын ЕТ,2015.11.20 НИТХТ 198 батлагдсан,,,,
526177,,,Polygon,106.742193,47.834913,ХЕТ-ний төлөвлөлтийн зам,1-р зэрэглэлийн туслах зам,2011.01.24,2-4,Нисэх Яармаг орчмын орон сууцны хорооллын ЕТ,2015.11.20 НИТХТ 198 батлагдсан,,,,
526178,,,Polygon,106.756502,47.837443,ХЕТ-ний төлөвлөлтийн зам,2-р зэрэглэлийн гол зам,2011.01.24,2-6,Нисэх Яармаг орчмын орон сууцны хорооллын ЕТ,2015.11.20 НИТХТ 198 батлагдсан,,,,
526179,,,Polygon,106.751667,47.83966,ХЕТ-ний төлөвлөлтийн зам,2-р зэрэглэлийн гол зам,2011.01.24,2-6,Нисэх Яармаг орчмын орон сууцны хорооллын ЕТ,2015.11.20 НИТХТ 198 батлагдсан,,,,
526180,,,Polygon,106.740329,47.841408,ХЕТ-ний төлөвлөлтийн зам,2-р зэрэглэлийн туслах зам,2011.01.24,2,Нисэх Яармаг орчмын орон сууцны хорооллын ЕТ,2015.11.20 НИТХТ 198 батлагдсан,,,,
526181,,,Polygon,106.74284,47.831108,ХЕТ-ний төлөвлөлтийн зам,2-р зэрэглэлийн туслах зам,2011.01.24,2,Нисэх Яармаг орчмын орон сууцны хорооллын ЕТ,2015.11.20 НИТХТ 198 батлагдсан,,,,
526182,,,Polygon,106.753981,47.837098,ХЕТ-ний төлөвлөлтийн зам,2-р зэрэглэлийн туслах зам,2011.01.24,2,Нисэх Яармаг орчмын орон сууцны хорооллын ЕТ,2015.11.20 НИТХТ 198 батлагдсан,,,,
526183,,,Polygon,106.750613,47.835444,ХЕТ-ний төлөвлөлтийн зам,2-р зэрэглэлийн туслах зам,2011.01.24,2,Нисэх Яармаг орчмын орон сууцны хорооллын ЕТ,2015.11.20 НИТХТ 198 батлагдсан,,,,
526184,,,Polygon,106.745633,47.844259,ХЕТ-ний төлөвлөлтийн зам,2-р зэрэглэлийн туслах зам,2011.01.24,2,Нисэх Яармаг орчмын орон сууцны хорооллын ЕТ,2015.11.20 НИТХТ 198 батлагдсан,,,,
526185,,,MultiPolygon,106.745818,47.83627,ХЕТ-ний төлөвлөлтийн зам,2-р зэрэглэлийн гол зам,2011.01.24,2-6,Нисэх Яармаг орчмын орон сууцны хорооллын ЕТ,2015.11.20 НИТХТ 198 батлагдсан,,,,
526186,,,Polygon,106.840979,47.879517,ХЕТ-ний төлөвлөлтийн зам,2-р зэрэглэлийн гол зам,2011.01.24,2-6,Нисэх Яармаг орчмын орон сууцны хорооллын ЕТ,2015.11.20 НИТХТ 198 батлагдсан,,,,
526187,,,Polygon,106.803957,47.873105,ХЕТ-ний төлөвлөлтийн зам,2-р зэрэглэлийн гол зам,2011.01.24,2-6,Нисэх Яармаг орчмын орон сууцны хорооллын ЕТ,2015.11.20 НИТХТ 198 батлагдсан,,,,
526188,,,Polygon,106.842081,47.87894,ХЕТ-ний төлөвлөлтийн зам,2-р зэрэглэлийн туслах зам,2011.01.24,2,Нисэх Яармаг орчмын орон сууцны хорооллын ЕТ,2015.11.20 НИТХТ 198 батлагдсан,,,,
526189,,,Polygon,106.848236,47.878126,ХЕТ-ний төлөвлөлтийн зам,2-р зэрэглэлийн туслах зам,2011.01.24,2,Нисэх Яармаг орчмын орон сууцны хорооллын ЕТ,2015.11.20 НИТХТ 198 батлагдсан,,,,
526190,,,Polygon,106.852998,47.880498,ХЕТ-ний төлөвлөлтийн зам,2-р зэрэглэлийн туслах зам,2011.01.24,2,Нисэх Яармаг орчмын орон сууцны хорооллын ЕТ,2015.11.20 НИТХТ 198 батлагдсан,,,,
526191,,,Polygon,106.862597,47.877958,ХЕТ-ний төлөвлөлтийн зам,2-р зэрэглэлийн туслах зам,2011.01.24,2,Нисэх Яармаг орчмын орон сууцны хорооллын ЕТ,2015.11.20 НИТХТ 198 батлагдсан,,,,
526192,,,MultiPolygon,106.850342,47.875428,ХЕТ-ний төлөвлөлтийн зам,2-р зэрэглэлийн туслах зам,2011.01.24,2,Нисэх Яармаг орчмын орон сууцны хорооллын ЕТ,2015.11.20 НИТХТ 198 батлагдсан,,,,
526193,,,MultiPolygon,106.842313,47.869575,ХЕТ-ний төлөвлөлтийн зам,2-р зэрэглэлийн гол зам,2011.01.24,2-6,Нисэх Яармаг орчмын орон сууцны хорооллын ЕТ,2015.11.20 НИТХТ 198 батлагдсан,,,,
526194,,,Polygon,106.839429,47.875295,ХЕТ-ний төлөвлөлтийн зам,2-р зэрэглэлийн гол зам,2011.01.24,2-6,Нисэх Яармаг орчмын орон сууцны хорооллын ЕТ,2015.11.20 НИТХТ 198 батлагдсан,,,,
526195,,,Polygon,106.831444,47.874852,ХЕТ-ний төлөвлөлтийн зам,1-р зэрэглэлийн туслах зам,2011.01.24,2-4,Нисэх Яармаг орчмын орон сууцны хорооллын ЕТ,2015.11.20 НИТХТ 198 батлагдсан,,,,
526196,,,Polygon,106.839932,47.870602,ХЕТ-ний төлөвлөлтийн зам,2-р зэрэглэлийн гол зам,2011.01.24,2-6,Нисэх Яармаг орчмын орон сууцны хорооллын ЕТ,2015.11.20 НИТХТ 198 батлагдсан,,,,
526197,,,MultiPolygon,106.83926,47.868647,ХЕТ-ний төлөвлөлтийн зам,1-р зэрэглэлийн туслах зам,2011.01.24,2-4,Нисэх Яармаг орчмын орон сууцны хорооллын ЕТ,2015.11.20 НИТХТ 198 батлагдсан,,,,
526198,,,MultiPolygon,106.835143,47.870624,ХЕТ-ний төлөвлөлтийн зам,2-р зэрэглэлийн туслах зам,2011.01.24,2,Нисэх Яармаг орчмын орон сууцны хорооллын ЕТ,2015.11.20 НИТХТ 198 батлагдсан,,,,
526199,,,Polygon,106.84794,47.87059,ХЕТ-ний төлөвлөлтийн зам,2-р зэрэглэлийн туслах зам,2011.01.24,2,Нисэх Яармаг орчмын орон сууцны хорооллын ЕТ,2015.11.20 НИТХТ 198 батлагдсан,,,,
526200,,,Polygon,106.839954,47.867905,ХЕТ-ний төлөвлөлтийн зам,2-р зэрэглэлийн туслах зам,2011.01.24,2,Нисэх Яармаг орчмын орон сууцны хорооллын ЕТ,2015.11.20 НИТХТ 198 батлагдсан,,,,
526201,,,MultiPolygon,106.826922,47.874001,ХЕТ-ний төлөвлөлтийн зам,2-р зэрэглэлийн туслах зам,2011.01.24,2,Нисэх Яармаг орчмын орон сууцны хорооллын ЕТ,2015.11.20 НИТХТ 198 батлагдсан,,,,
526202,,,Polygon,106.841007,47.87568,ХЕТ-ний төлөвлөлтийн зам,2-р зэрэглэлийн туслах зам,2011.01.24,2,Нисэх Яармаг орчмын орон сууцны хорооллын ЕТ,2015.11.20 НИТХТ 198 батлагдсан,,,,
526203,,,Polygon,106.838368,47.859582,ХЕТ-ний төлөвлөлтийн зам,2-р зэрэглэлийн гол зам,2011.01.24,2-6,Нисэх Яармаг орчмын орон сууцны хорооллын ЕТ,2015.11.20 НИТХТ 198 батлагдсан,,,,
526204,,,Polygon,106.81947,47.853689,ХЕТ-ний төлөвлөлтийн зам,2-р зэрэглэлийн гол зам,2011.01.24,2-6,Нисэх Яармаг орчмын орон сууцны хорооллын ЕТ,2015.11.20 НИТХТ 198 батлагдсан,,,,
526205,,,MultiPolygon,106.820161,47.855101,ХЕТ-ний төлөвлөлтийн зам,2-р зэрэглэлийн туслах зам,2011.01.24,2,Нисэх Яармаг орчмын орон сууцны хорооллын ЕТ,2015.11.20 НИТХТ 198 батлагдсан,,,,
526206,,,Polygon,106.831374,47.865049,ХЕТ-ний төлөвлөлтийн зам,2-р зэрэглэлийн туслах зам,2011.01.24,2,Нисэх Яармаг орчмын орон сууцны хорооллын ЕТ,2015.11.20 НИТХТ 198 батлагдсан,,,,
526207,,,Polygon,106.815865,47.871876,ХЕТ-ний төлөвлөлтийн зам,1-р зэрэглэлийн туслах зам,2011.01.24,2-4,Нисэх Яармаг орчмын орон сууцны хорооллын ЕТ,2015.11.20 НИТХТ 198 батлагдсан,,,,
526208,,,Polygon,106.806665,47.869579,ХЕТ-ний төлөвлөлтийн зам,2-р зэрэглэлийн гол зам,2011.01.24,2-6,Нисэх Яармаг орчмын орон сууцны хорооллын ЕТ,2015.11.20 НИТХТ 198 батлагдсан,,,,
526209,,,Polygon,106.819062,47.872528,ХЕТ-ний төлөвлөлтийн зам,2-р зэрэглэлийн туслах зам,2011.01.24,2,Нисэх Яармаг орчмын орон сууцны хорооллын ЕТ,2015.11.20 НИТХТ 198 батлагдсан,,,,
526210,,,Polygon,106.796702,47.867016,ХЕТ-ний төлөвлөлтийн зам,2-р зэрэглэлийн гол зам,2011.01.24,2-6,Нисэх Яармаг орчмын орон сууцны хорооллын ЕТ,2015.11.20 НИТХТ 198 батлагдсан,,,,
526211,,,Polygon,106.808893,47.867682,ХЕТ-ний төлөвлөлтийн зам,2-р зэрэглэлийн гол зам,2011.01.24,2-6,Нисэх Яармаг орчмын орон сууцны хорооллын ЕТ,2015.11.20 НИТХТ 198 батлагдсан,,,,
526212,,,Polygon,106.808716,47.870021,ХЕТ-ний төлөвлөлтийн зам,2-р зэрэглэлийн туслах зам,2011.01.24,2,Нисэх Яармаг орчмын орон сууцны хорооллын ЕТ,2015.11.20 НИТХТ 198 батлагдсан,,,,
526213,,,Polygon,106.810694,47.870845,ХЕТ-ний төлөвлөлтийн зам,1-р зэрэглэлийн туслах зам,2011.01.24,2-4,Нисэх Яармаг орчмын орон сууцны хорооллын ЕТ,2015.11.20 НИТХТ 198 батлагдсан,,,,
526214,,,Polygon,106.814616,47.870624,ХЕТ-ний төлөвлөлтийн зам,1-р зэрэглэлийн туслах зам,2011.01.24,2-4,Нисэх Яармаг орчмын орон сууцны хорооллын ЕТ,2015.11.20 НИТХТ 198 батлагдсан,,,,
526215,,,Polygon,106.79618,47.868898,ХЕТ-ний төлөвлөлтийн зам,2-р зэрэглэлийн гол зам,2011.01.24,2-6,Нисэх Яармаг орчмын орон сууцны хорооллын ЕТ,2015.11.20 НИТХТ 198 батлагдсан,,,,
526216,,,Polygon,106.795761,47.864224,ХЕТ-ний төлөвлөлтийн зам,2-р зэрэглэлийн гол зам,2011.01.24,2-6,Нисэх Яармаг орчмын орон сууцны хорооллын ЕТ,2015.11.20 НИТХТ 198 батлагдсан,,,,
526217,,,Polygon,106.801344,47.869679,ХЕТ-ний төлөвлөлтийн зам,2-р зэрэглэлийн туслах зам,2011.01.24,2,Нисэх Яармаг орчмын орон сууцны хорооллын ЕТ,2015.11.20 НИТХТ 198 батлагдсан,,,,
526218,,,Polygon,106.799112,47.863076,ХЕТ-ний төлөвлөлтийн зам,2-р зэрэглэлийн туслах зам,2011.01.24,2,Нисэх Яармаг орчмын орон сууцны хорооллын ЕТ,2015.11.20 НИТХТ 198 батлагдсан,,,,
526219,,,Polygon,106.817965,47.86228,ХЕТ-ний төлөвлөлтийн зам,2-р зэрэглэлийн гол зам,2011.01.24,2-6,Нисэх Яармаг орчмын орон сууцны хорооллын ЕТ,2015.11.20 НИТХТ 198 батлагдсан,,,,
526220,,,Polygon,106.811893,47.85601,ХЕТ-ний төлөвлөлтийн зам,2-р зэрэглэлийн гол зам,2011.01.24,2-6,Нисэх Яармаг орчмын орон сууцны хорооллын ЕТ,2015.11.20 НИТХТ 198 батлагдсан,,,,
526221,,,Polygon,106.825677,47.857111,ХЕТ-ний төлөвлөлтийн зам,2-р зэрэглэлийн туслах зам,2011.01.24,2,Нисэх Яармаг орчмын орон сууцны хорооллын ЕТ,2015.11.20 НИТХТ 198 батлагдсан,,,,
526222,,,Polygon,106.840645,47.840636,ХЕТ-ний төлөвлөлтийн зам,2-р зэрэглэлийн гол зам,2011.01.24,2-6,Нисэх Яармаг орчмын орон сууцны хорооллын ЕТ,2015.11.20 НИТХТ 198 батлагдсан,,,,
526223,,,Polygon,106.810327,47.859036,ХЕТ-ний төлөвлөлтийн зам,2-р зэрэглэлийн гол зам,2011.01.24,2-6,Нисэх Яармаг орчмын орон сууцны хорооллын ЕТ,2015.11.20 НИТХТ 198 батлагдсан,,,,
526224,,,Polygon,106.808273,47.855434,ХЕТ-ний төлөвлөлтийн зам,2-р зэрэглэлийн туслах зам,2011.01.24,2,Нисэх Яармаг орчмын орон сууцны хорооллын ЕТ,2015.11.20 НИТХТ 198 батлагдсан,,,,
526225,,,Polygon,106.815659,47.858649,ХЕТ-ний төлөвлөлтийн зам,2-р зэрэглэлийн туслах зам,2011.01.24,2,Нисэх Яармаг орчмын орон сууцны хорооллын ЕТ,2015.11.20 НИТХТ 198 батлагдсан,,,,
526226,,,Polygon,106.82015,47.862943,ХЕТ-ний төлөвлөлтийн зам,1-р зэрэглэлийн туслах зам,2011.01.24,2-4,Нисэх Яармаг орчмын орон сууцны хорооллын ЕТ,2015.11.20 НИТХТ 198 батлагдсан,,,,
526227,,,Polygon,106.800226,47.852589,ХЕТ-ний төлөвлөлтийн зам,2-р зэрэглэлийн гол зам,2011.01.24,2-6,Нисэх Яармаг орчмын орон сууцны хорооллын ЕТ,2015.11.20 НИТХТ 198 батлагдсан,,,,
526228,,,Polygon,106.785837,47.851317,ХЕТ-ний төлөвлөлтийн зам,2-р зэрэглэлийн гол зам,2011.01.24,2-6,Нисэх Яармаг орчмын орон сууцны хорооллын ЕТ,2015.11.20 НИТХТ 198 батлагдсан,,,,
526229,,,Polygon,106.785527,47.849338,ХЕТ-ний төлөвлөлтийн зам,2-р зэрэглэлийн гол зам,2011.01.24,2-6,Нисэх Яармаг орчмын орон сууцны хорооллын ЕТ,2015.11.20 НИТХТ 198 батлагдсан,,,,
526230,,,Polygon,106.793253,47.84379,ХЕТ-ний төлөвлөлтийн зам,2-р зэрэглэлийн гол зам,2011.01.24,2-6,Нисэх Яармаг орчмын орон сууцны хорооллын ЕТ,2015.11.20 НИТХТ 198 батлагдсан,,,,
526231,,,Polygon,106.792938,47.842207,ХЕТ-ний төлөвлөлтийн зам,2-р зэрэглэлийн гол зам,2011.01.24,2-6,Нисэх Яармаг орчмын орон сууцны хорооллын ЕТ,2015.11.20 НИТХТ 198 батлагдсан,,,,
526232,,,Polygon,106.81059,47.838628,ХЕТ-ний төлөвлөлтийн зам,2-р зэрэглэлийн туслах зам,2011.01.24,2,Нисэх Яармаг орчмын орон сууцны хорооллын ЕТ,2015.11.20 НИТХТ 198 батлагдсан,,,,
526233,,,Polygon,106.80195,47.838701,ХЕТ-ний төлөвлөлтийн зам,2-р зэрэглэлийн гол зам,2011.01.24,2-6,Нисэх Яармаг орчмын орон сууцны хорооллын ЕТ,2015.11.20 НИТХТ 198 батлагдсан,,,,
526234,,,Polygon,106.801257,47.855504,ХЕТ-ний төлөвлөлтийн зам,1-р зэрэглэлийн туслах зам,2011.01.24,2-4,Нисэх Яармаг орчмын орон сууцны хорооллын ЕТ,2015.11.20 НИТХТ 198 батлагдсан,,,,
526235,,,Polygon,106.804834,47.850152,ХЕТ-ний төлөвлөлтийн зам,1-р зэрэглэлийн туслах зам,2011.01.24,2-4,Нисэх Яармаг орчмын орон сууцны хорооллын ЕТ,2015.11.20 НИТХТ 198 батлагдсан,,,,
526236,,,Polygon,106.798996,47.859786,ХЕТ-ний төлөвлөлтийн зам,1-р зэрэглэлийн туслах зам,2011.01.24,2-4,Нисэх Яармаг орчмын орон сууцны хорооллын ЕТ,2015.11.20 НИТХТ 198 батлагдсан,,,,
526237,,,Polygon,106.796751,47.859116,ХЕТ-ний төлөвлөлтийн зам,2-р зэрэглэлийн гол зам,2011.01.24,2-6,Нисэх Яармаг орчмын орон сууцны хорооллын ЕТ,2015.11.20 НИТХТ 198 батлагдсан,,,,
526238,,,Polygon,106.798083,47.85517,ХЕТ-ний төлөвлөлтийн зам,2-р зэрэглэлийн гол зам,2011.01.24,2-6,Нисэх Яармаг орчмын орон сууцны хорооллын ЕТ,2015.11.20 НИТХТ 198 батлагдсан,,,,
526239,,,Polygon,106.799999,47.849554,ХЕТ-ний төлөвлөлтийн зам,2-р зэрэглэлийн гол зам,2011.01.24,2-6,Нисэх Яармаг орчмын орон сууцны хорооллын ЕТ,2015.11.20 НИТХТ 198 батлагдсан,,,,
526240,,,Polygon,106.830297,47.869184,ХЕТ-ний төлөвлөлтийн зам,2-р зэрэглэлийн туслах зам,2011.01.24,2,Нисэх Яармаг орчмын орон сууцны хорооллын ЕТ,2015.11.20 НИТХТ 198 батлагдсан,,,,
526241,,,Polygon,106.821108,47.866404,ХЕТ-ний төлөвлөлтийн зам,2-р зэрэглэлийн туслах зам,2011.01.24,2,Нисэх Яармаг орчмын орон сууцны хорооллын ЕТ,2015.11.20 НИТХТ 198 батлагдсан,,,,
526242,,,Polygon,106.822903,47.862947,ХЕТ-ний төлөвлөлтийн зам,2-р зэрэглэлийн туслах зам,2011.01.24,2,Нисэх Яармаг орчмын орон сууцны хорооллын ЕТ,2015.11.20 НИТХТ 198 батлагдсан,,,,
526243,,,Polygon,106.792617,47.841305,ХЕТ-ний төлөвлөлтийн зам,2-р зэрэглэлийн туслах зам,2011.01.24,2,Нисэх Яармаг орчмын орон сууцны хорооллын ЕТ,2015.11.20 НИТХТ 198 батлагдсан,,,,
526244,,,Polygon,106.79205,47.839937,ХЕТ-ний төлөвлөлтийн зам,2-р зэрэглэлийн туслах зам,2011.01.24,2,Нисэх Яармаг орчмын орон сууцны хорооллын ЕТ,2015.11.20 НИТХТ 198 батлагдсан,,,,
526245,,,Polygon,106.792364,47.840686,ХЕТ-ний төлөвлөлтийн зам,2-р зэрэглэлийн туслах зам,2011.01.24,2,Нисэх Яармаг орчмын орон сууцны хорооллын ЕТ,2015.11.20 НИТХТ 198 батлагдсан,,,,
526246,,,Polygon,106.79334,47.847161,ХЕТ-ний төлөвлөлтийн зам,2-р зэрэглэлийн туслах зам,2011.01.24,2,Нисэх Яармаг орчмын орон сууцны хорооллын ЕТ,2015.11.20 НИТХТ 198 батлагдсан,,,,
526247,,,Polygon,106.793083,47.848463,ХЕТ-ний төлөвлөлтийн зам,2-р зэрэглэлийн туслах зам,2011.01.24,2,Нисэх Яармаг орчмын орон сууцны хорооллын ЕТ,2015.11.20 НИТХТ 198 батлагдсан,,,,
526248,,,Polygon,106.801286,47.838913,ХЕТ-ний төлөвлөлтийн зам,2-р зэрэглэлийн туслах зам,2011.01.24,2,Нисэх Яармаг орчмын орон сууцны хорооллын ЕТ,2015.11.20 НИТХТ 198 батлагдсан,,,,
526249,,,Polygon,106.80299,47.856557,ХЕТ-ний төлөвлөлтийн зам,2-р зэрэглэлийн туслах зам,2011.01.24,2,Нисэх Яармаг орчмын орон сууцны хорооллын ЕТ,2015.11.20 НИТХТ 198 батлагдсан,,,,
526250,,,Polygon,106.802894,47.858557,ХЕТ-ний төлөвлөлтийн зам,2-р зэрэглэлийн туслах зам,2011.01.24,2,Нисэх Яармаг орчмын орон сууцны хорооллын ЕТ,2015.11.20 НИТХТ 198 батлагдсан,,,,
526251,,,Polygon,106.805655,47.851694,ХЕТ-ний төлөвлөлтийн зам,2-р зэрэглэлийн туслах зам,2011.01.24,2,Нисэх Яармаг орчмын орон сууцны хорооллын ЕТ,2015.11.20 НИТХТ 198 батлагдсан,,,,
526252,,,Polygon,106.806656,47.850712,ХЕТ-ний төлөвлөлтийн зам,2-р зэрэглэлийн туслах зам,2011.01.24,2,Нисэх Яармаг орчмын орон сууцны хорооллын ЕТ,2015.11.20 НИТХТ 198 батлагдсан,,,,
526253,,,Polygon,106.806115,47.851331,ХЕТ-ний төлөвлөлтийн зам,2-р зэрэглэлийн туслах зам,2011.01.24,2,Нисэх Яармаг орчмын орон сууцны хорооллын ЕТ,2015.11.20 НИТХТ 198 батлагдсан,,,,
526254,,,Polygon,106.805095,47.852401,ХЕТ-ний төлөвлөлтийн зам,2-р зэрэглэлийн туслах зам,2011.01.24,2,Нисэх Яармаг орчмын орон сууцны хорооллын ЕТ,2015.11.20 НИТХТ 198 батлагдсан,,,,
526255,,,Polygon,106.79804,47.849052,ХЕТ-ний төлөвлөлтийн зам,2-р зэрэглэлийн туслах зам,2011.01.24,2,Нисэх Яармаг орчмын орон сууцны хорооллын ЕТ,2015.11.20 НИТХТ 198 батлагдсан,,,,
526256,,,Polygon,106.802499,47.849989,ХЕТ-ний төлөвлөлтийн зам,2-р зэрэглэлийн туслах зам,2011.01.24,2,Нисэх Яармаг орчмын орон сууцны хорооллын ЕТ,2015.11.20 НИТХТ 198 батлагдсан,,,,
526257,,,Polygon,106.808039,47.862511,ХЕТ-ний төлөвлөлтийн зам,2-р зэрэглэлийн гол зам,2011.01.24,2-6,Нисэх Яармаг орчмын орон сууцны хорооллын ЕТ,2015.11.20 НИТХТ 198 батлагдсан,,,,
526258,,,Polygon,106.809064,47.860919,ХЕТ-ний төлөвлөлтийн зам,2-р зэрэглэлийн гол зам,2011.01.24,2-6,Нисэх Яармаг орчмын орон сууцны хорооллын ЕТ,2015.11.20 НИТХТ 198 батлагдсан,,,,
526259,,,Polygon,106.78381,47.861558,ХЕТ-ний төлөвлөлтийн зам,2-р зэрэглэлийн гол зам,2011.01.24,2-6,Нисэх Яармаг орчмын орон сууцны хорооллын ЕТ,2015.11.20 НИТХТ 198 батлагдсан,,,,
526260,,,Polygon,106.768333,47.869619,ХЕТ-ний төлөвлөлтийн зам,2-р зэрэглэлийн гол зам,2011.01.24,2-6,Нисэх Яармаг орчмын орон сууцны хорооллын ЕТ,2015.11.20 НИТХТ 198 батлагдсан,,,,
526261,,,Polygon,106.761419,47.871782,ХЕТ-ний төлөвлөлтийн зам,2-р зэрэглэлийн туслах зам,2011.01.24,2,Нисэх Яармаг орчмын орон сууцны хорооллын ЕТ,2015.11.20 НИТХТ 198 батлагдсан,,,,
526262,,,Polygon,106.766728,47.861039,ХЕТ-ний төлөвлөлтийн зам,2-р зэрэглэлийн гол зам,2011.01.24,2-6,Нисэх Яармаг орчмын орон сууцны хорооллын ЕТ,2015.11.20 НИТХТ 198 батлагдсан,,,,
526263,,,Polygon,106.771695,47.865447,ХЕТ-ний төлөвлөлтийн зам,2-р зэрэглэлийн гол зам,2011.01.24,2-6,Нисэх Яармаг орчмын орон сууцны хорооллын ЕТ,2015.11.20 НИТХТ 198 батлагдсан,,,,
526264,,,Polygon,106.773969,47.858481,ХЕТ-ний төлөвлөлтийн зам,2-р зэрэглэлийн гол зам,2011.01.24,2-6,Нисэх Яармаг орчмын орон сууцны хорооллын ЕТ,2015.11.20 НИТХТ 198 батлагдсан,,,,
526265,,,Polygon,106.777465,47.865734,ХЕТ-ний төлөвлөлтийн зам,2-р зэрэглэлийн туслах зам,2011.01.24,2,Нисэх Яармаг орчмын орон сууцны хорооллын ЕТ,2015.11.20 НИТХТ 198 батлагдсан,,,,
526266,,,Polygon,106.759217,47.862802,ХЕТ-ний төлөвлөлтийн зам,2-р зэрэглэлийн туслах зам,2011.01.24,2,Нисэх Яармаг орчмын орон сууцны хорооллын ЕТ,2015.11.20 НИТХТ 198 батлагдсан,,,,
526267,,,Polygon,106.768068,47.857318,ХЕТ-ний төлөвлөлтийн зам,2-р зэрэглэлийн туслах зам,2011.01.24,2,Нисэх Яармаг орчмын орон сууцны хорооллын ЕТ,2015.11.20 НИТХТ 198 батлагдсан,,,,
526268,,,Polygon,106.768307,47.865515,ХЕТ-ний төлөвлөлтийн зам,2-р зэрэглэлийн туслах зам,2011.01.24,2,Нисэх Яармаг орчмын орон сууцны хорооллын ЕТ,2015.11.20 НИТХТ 198 батлагдсан,,,,
526269,,,Polygon,106.768177,47.86324,ХЕТ-ний төлөвлөлтийн зам,2-р зэрэглэлийн туслах зам,2011.01.24,2,Нисэх Яармаг орчмын орон сууцны хорооллын ЕТ,2015.11.20 НИТХТ 198 батлагдсан,,,,
526270,,,Polygon,106.757076,47.824774,ХЕТ-ний төлөвлөлтийн зам,2-р зэрэглэлийн туслах зам,2011.01.24,2,Нисэх Яармаг орчмын орон сууцны хорооллын ЕТ,2015.11.20 НИТХТ 198 батлагдсан,,,,
526271,,,Polygon,106.754641,47.829666,ХЕТ-ний төлөвлөлтийн зам,2-р зэрэглэлийн туслах зам,2011.01.24,2,Нисэх Яармаг орчмын орон сууцны хорооллын ЕТ,2015.11.20 НИТХТ 198 батлагдсан,,,,
526272,,,Polygon,106.749164,47.826651,ХЕТ-ний төлөвлөлтийн зам,2-р зэрэглэлийн туслах зам,2011.01.24,2,Нисэх Яармаг орчмын орон сууцны хорооллын ЕТ,2015.11.20 НИТХТ 198 батлагдсан,,,,
526273,,,Polygon,106.756829,47.827128,ХЕТ-ний төлөвлөлтийн зам,2-р зэрэглэлийн гол зам,2011.01.24,2-6,Нисэх Яармаг орчмын орон сууцны хорооллын ЕТ,2015.11.20 НИТХТ 198 батлагдсан,,,,
526274,,,Polygon,106.762593,47.830461,ХЕТ-ний төлөвлөлтийн зам,2-р зэрэглэлийн гол зам,2011.01.24,2-6,Нисэх Яармаг орчмын орон сууцны хорооллын ЕТ,2015.11.20 НИТХТ 198 батлагдсан,,,,
526275,,,Polygon,106.751195,47.832113,ХЕТ-ний төлөвлөлтийн зам,2-р зэрэглэлийн туслах зам,2011.01.24,2,Нисэх Яармаг орчмын орон сууцны хорооллын ЕТ,2015.11.20 НИТХТ 198 батлагдсан,,,,
526276,,,Polygon,106.75695,47.83546,ХЕТ-ний төлөвлөлтийн зам,2-р зэрэглэлийн туслах зам,2011.01.24,2,Нисэх Яармаг орчмын орон сууцны хорооллын ЕТ,2015.11.20 НИТХТ 198 батлагдсан,,,,
526277,,,Polygon,106.797871,47.842052,ХЕТ-ний төлөвлөлтийн зам,2-р зэрэглэлийн туслах зам,2011.01.24,2,Нисэх Яармаг орчмын орон сууцны хорооллын ЕТ,2015.11.20 НИТХТ 198 батлагдсан,,,,
526278,,,Polygon,106.798757,47.84274,ХЕТ-ний төлөвлөлтийн зам,2-р зэрэглэлийн гол зам,2011.01.24,2-6,Нисэх Яармаг орчмын орон сууцны хорооллын ЕТ,2015.11.20 НИТХТ 198 батлагдсан,,,,
526279,,,Polygon,106.747372,47.833654,ХЕТ-ний төлөвлөлтийн зам,2-р зэрэглэлийн туслах зам,2011.01.24,2,Нисэх Яармаг орчмын орон сууцны хорооллын ЕТ,2015.11.20 НИТХТ 198 батлагдсан,,,,
526280,,,Polygon,106.812422,47.870163,ХЕТ-ний төлөвлөлтийн зам,2-р зэрэглэлийн туслах зам,2011.01.24,2,Нисэх Яармаг орчмын орон сууцны хорооллын ЕТ,2015.11.20 НИТХТ 198 батлагдсан,,,,
526281,,,Polygon,106.814734,47.870286,ХЕТ-ний төлөвлөлтийн зам,2-р зэрэглэлийн туслах зам,2011.01.24,2,Нисэх Яармаг орчмын орон сууцны хорооллын ЕТ,2015.11.20 НИТХТ 198 батлагдсан,,,,
526282,,,Polygon,106.810262,47.874714,ХЕТ-ний төлөвлөлтийн зам,1-р зэрэглэлийн туслах зам,2011.01.24,2-4,Нисэх Яармаг орчмын орон сууцны хорооллын ЕТ,2015.11.20 НИТХТ 198 батлагдсан,,,,
526283,,,Polygon,106.813484,47.875049,ХЕТ-ний төлөвлөлтийн зам,1-р зэрэглэлийн туслах зам,2011.01.24,2-4,Нисэх Яармаг орчмын орон сууцны хорооллын ЕТ,2015.11.20 НИТХТ 198 батлагдсан,,,,
526284,,,Polygon,106.811145,47.866842,ХЕТ-ний төлөвлөлтийн зам,1-р зэрэглэлийн туслах зам,2011.01.24,2-4,Нисэх Яармаг орчмын орон сууцны хорооллын ЕТ,2015.11.20 НИТХТ 198 батлагдсан,,,,
526285,,,Polygon,106.813774,47.863931,ХЕТ-ний төлөвлөлтийн зам,2-р зэрэглэлийн туслах зам,2011.01.24,2,Нисэх Яармаг орчмын орон сууцны хорооллын ЕТ,2015.11.20 НИТХТ 198 батлагдсан,,,,
526286,,,Polygon,106.804197,47.861342,ХЕТ-ний төлөвлөлтийн зам,2-р зэрэглэлийн туслах зам,2011.01.24,2,Нисэх Яармаг орчмын орон сууцны хорооллын ЕТ,2015.11.20 НИТХТ 198 батлагдсан,,,,
526287,,,Polygon,106.794914,47.83387,ХЕТ-ний төлөвлөлтийн зам,2-р зэрэглэлийн туслах зам,2011.01.24,2,Нисэх Яармаг орчмын орон сууцны хорооллын ЕТ,2015.11.20 НИТХТ 198 батлагдсан,,,,
526288,,,Polygon,106.807203,47.860248,ХЕТ-ний төлөвлөлтийн зам,2-р зэрэглэлийн туслах зам,2011.01.24,2,Нисэх Яармаг орчмын орон сууцны хорооллын ЕТ,2015.11.20 НИТХТ 198 батлагдсан,,,,
526289,,,Polygon,106.81299,47.861733,ХЕТ-ний төлөвлөлтийн зам,2-р зэрэглэлийн туслах зам,2011.01.24,2,Нисэх Яармаг орчмын орон сууцны хорооллын ЕТ,2015.11.20 НИТХТ 198 батлагдсан,,,,
526290,,,Polygon,106.797821,47.836157,ХЕТ-ний төлөвлөлтийн зам,2-р зэрэглэлийн туслах зам,2011.01.24,2,Нисэх Яармаг орчмын орон сууцны хорооллын ЕТ,2015.11.20 НИТХТ 198 батлагдсан,,,,
526291,,,Polygon,106.741016,47.847452,ХЕТ-ний төлөвлөлтийн зам,2-р зэрэглэлийн туслах зам,2011.01.24,2,Нисэх Яармаг орчмын орон сууцны хорооллын ЕТ,2015.11.20 НИТХТ 198 батлагдсан,,,,
526292,,,Polygon,106.814496,47.859893,ХЕТ-ний төлөвлөлтийн зам,2-р зэрэглэлийн туслах зам,2011.01.24,2,Нисэх Яармаг орчмын орон сууцны хорооллын ЕТ,2015.11.20 НИТХТ 198 батлагдсан,,,,
526293,,,Polygon,106.806133,47.856665,ХЕТ-ний төлөвлөлтийн зам,2-р зэрэглэлийн туслах зам,2011.01.24,2,Нисэх Яармаг орчмын орон сууцны хорооллын ЕТ,2015.11.20 НИТХТ 198 батлагдсан,,,,
526294,,,Polygon,106.808446,47.857974,ХЕТ-ний төлөвлөлтийн зам,2-р зэрэглэлийн туслах зам,2011.01.24,2,Нисэх Яармаг орчмын орон сууцны хорооллын ЕТ,2015.11.20 НИТХТ 198 батлагдсан,,,,
526295,,,Polygon,106.813335,47.858457,ХЕТ-ний төлөвлөлтийн зам,2-р зэрэглэлийн туслах зам,2011.01.24,2,Нисэх Яармаг орчмын орон сууцны хорооллын ЕТ,2015.11.20 НИТХТ 198 батлагдсан,,,,
526296,,,Polygon,106.821622,47.865476,ХЕТ-ний төлөвлөлтийн зам,2-р зэрэглэлийн гол зам,2011.01.24,2-6,Нисэх Яармаг орчмын орон сууцны хорооллын ЕТ,2015.11.20 НИТХТ 198 батлагдсан,,,,
526297,,,Polygon,106.817933,47.864342,ХЕТ-ний төлөвлөлтийн зам,2-р зэрэглэлийн гол зам,2011.01.24,2-6,Нисэх Яармаг орчмын орон сууцны хорооллын ЕТ,2015.11.20 НИТХТ 198 батлагдсан,,,,
526298,,,Polygon,106.804366,47.84735,ХЕТ-ний төлөвлөлтийн зам,2-р зэрэглэлийн гол зам,2011.01.24,2-6,Нисэх Яармаг орчмын орон сууцны хорооллын ЕТ,2015.11.20 НИТХТ 198 батлагдсан,,,,
526299,,,Polygon,106.792452,47.850234,ХЕТ-ний төлөвлөлтийн зам,2-р зэрэглэлийн гол зам,2011.01.24,2-6,Нисэх Яармаг орчмын орон сууцны хорооллын ЕТ,2015.11.20 НИТХТ 198 батлагдсан,,,,
526300,,,Polygon,106.793353,47.845406,ХЕТ-ний төлөвлөлтийн зам,2-р зэрэглэлийн гол зам,2011.01.24,2-6,Нисэх Яармаг орчмын орон сууцны хорооллын ЕТ,2015.11.20 НИТХТ 198 батлагдсан,,,,
526301,,,Polygon,106.802475,47.847311,ХЕТ-ний төлөвлөлтийн зам,2-р зэрэглэлийн гол зам,2011.01.24,2-6,Нисэх Яармаг орчмын орон сууцны хорооллын ЕТ,2015.11.20 НИТХТ 198 батлагдсан,,,,
526302,,,Polygon,106.806994,47.838859,ХЕТ-ний төлөвлөлтийн зам,2-р зэрэглэлийн гол зам,2011.01.24,2-6,Нисэх Яармаг орчмын орон сууцны хорооллын ЕТ,2015.11.20 НИТХТ 198 батлагдсан,,,,
526303,,,Polygon,106.799762,47.84089,ХЕТ-ний төлөвлөлтийн зам,2-р зэрэглэлийн гол зам,2011.01.24,2-6,Нисэх Яармаг орчмын орон сууцны хорооллын ЕТ,2015.11.20 НИТХТ 198 батлагдсан,,,,
526304,,,MultiPolygon,106.351117,47.935834,ХЕТ-ний төлөвлөлтийн зам,"Төлөвлөж буй явган зам, талбай",2013.02.25,1,Хүй долоон худаг дахь Монгол наадам үндэсний спорт цогцолбор барих ажлын ХЕТ,2016.01.04 ний өдөр мэдээг оруулав,,,,
526305,,,Polygon,106.821805,47.895015,ХЕТ-ний төлөвлөлтийн зам,1-р зэргийн гол зам,2014.04.04,6-8,“Үйлдвэр-2” хорооллын ХЕТ,2016.05.04 ний өдөр мэдээг оруулав,,,,
526306,,,MultiPolygon,106.822098,47.89451,ХЕТ-ний төлөвлөлтийн зам,Төлөвлөж буй явган зам талбай,2014.04.04,1,“Үйлдвэр-2” хорооллын ХЕТ,2016.05.04 ний өдөр мэдээг оруулав,,,,
526307,,,MultiPolygon,106.819497,47.905118,ХЕТ-ний төлөвлөлтийн зам,1-р зэргийн туслах зам,2014.04.04,2-4,“Үйлдвэр-2” хорооллын ХЕТ,2016.05.04 ний өдөр мэдээг оруулав,,,,
526308,,,MultiPolygon,106.805683,47.896367,ХЕТ-ний төлөвлөлтийн зам,2-р зэргийн гол зам,2014.04.04,2-6,“Үйлдвэр-2” хорооллын ХЕТ,2016.05.04 ний өдөр мэдээг оруулав,,,,
526309,,,Polygon,106.730133,47.892377,ХЕТ-ний төлөвлөлтийн зам,Төлөвлөгдсөн авто зам,2014.04.04,4,“Үйлдвэр-3” хорооллын ХЕТ,2016.05.04 ний өдөр мэдээг оруулав,,,,
526310,,,Polygon,106.754533,47.889111,ХЕТ-ний төлөвлөлтийн зам,Төлөвлөж буй 1-р зэргийн гол зам,2014.04.04,6,“Үйлдвэр-3” хорооллын ХЕТ,2016.05.04 ний өдөр мэдээг оруулав,,,,
526311,,,Polygon,106.750107,47.903889,ХЕТ-ний төлөвлөлтийн зам,Одоо байгаа авто зам 2-р зэргийн гол зам,2014.04.04,6,“Үйлдвэр-3” хорооллын ХЕТ,2016.05.04 ний өдөр мэдээг оруулав,,,,
526312,,,Polygon,106.779134,47.901753,ХЕТ-ний төлөвлөлтийн зам,Одоо байгаа авто зам,2014.04.04,2,“Үйлдвэр-3” хорооллын ХЕТ,2016.05.04 ний өдөр мэдээг оруулав,,,,
526313,,,Polygon,106.761262,47.894913,ХЕТ-ний төлөвлөлтийн зам,1-р зэргийн гол зам,2014.04.04,4,“Үйлдвэр-3” хорооллын ХЕТ,2016.05.04 ний өдөр мэдээг оруулав,,,,
526314,,,Polygon,106.785427,47.907252,ХЕТ-ний төлөвлөлтийн зам,Төлөвлөгдсөн авто зам,2014.04.04,4-6,“Үйлдвэр-3” хорооллын ХЕТ,2016.05.04 ний өдөр мэдээг оруулав,,,,
526315,,,Polygon,106.785097,47.890699,ХЕТ-ний төлөвлөлтийн зам,1-р зэргийн гол зам,2014.04.04,4,“Үйлдвэр-3” хорооллын ХЕТ,2016.05.04 ний өдөр мэдээг оруулав,,,,
526316,,,Polygon,106.786374,47.905776,ХЕТ-ний төлөвлөлтийн зам,Төлөвлөгдсөн авто зам,2014.04.04,3,“Үйлдвэр-3” хорооллын ХЕТ,2016.05.04 ний өдөр мэдээг оруулав,,,,
526317,,,Polygon,106.785517,47.905418,ХЕТ-ний төлөвлөлтийн зам,Төлөвлөгдсөн авто зам,2014.04.04,3,“Үйлдвэр-3” хорооллын ХЕТ,2016.05.04 ний өдөр мэдээг оруулав,,,,
526318,,,MultiPolygon,106.753605,47.891999,ХЕТ-ний төлөвлөлтийн зам,Төлөвлөж буй явган зам талбай,2014.04.04,1,“Үйлдвэр-3” хорооллын ХЕТ,2016.05.04 ний өдөр мэдээг оруулав,,,,
526319,,,MultiPolygon,106.785301,47.890654,ХЕТ-ний төлөвлөлтийн зам,"Төлөвлөж буй дугуйн зам, талбай",2014.04.04,1,“Үйлдвэр-3” хорооллын ХЕТ,2016.05.04 ний өдөр мэдээг оруулав,,,,
526320,,,MultiPolygon,106.75395,47.893191,ХЕТ-ний төлөвлөлтийн зам,Төлөвлөж буй 2-р зэргийн туслах зам,2014.04.04,2,“Үйлдвэр-3” хорооллын ХЕТ,2016.05.04 ний өдөр мэдээг оруулав,,,,
526321,,,MultiPolygon,106.73743,47.890963,ХЕТ-ний төлөвлөлтийн зам,Төлөвлөж буй 2-р зэргийн гол зам,2014.04.04,6,“Үйлдвэр-3” хорооллын ХЕТ,2016.05.04 ний өдөр мэдээг оруулав,,,,
526322,,,Polygon,106.886765,47.889967,ХЕТ-ний төлөвлөлтийн зам,Хурдны зам,2014.04.04,2,“Үйлдвэр-1” хорооллын ХЕТ,Батлагдсан,,,,
526323,,,Polygon,106.884539,47.898497,ХЕТ-ний төлөвлөлтийн зам,1-р зэргийн гол гудамж зам,2014.04.04,6,“Үйлдвэр-1” хорооллын ХЕТ,Батлагдсан,,,,
526324,,,MultiPolygon,106.876116,47.897835,ХЕТ-ний төлөвлөлтийн зам,2-р зэргийн туслах гудамж зам,2014.04.04,2,“Үйлдвэр-1” хорооллын ХЕТ,Батлагдсан,,,,
526325,,,MultiPolygon,106.904807,47.903285,ХЕТ-ний төлөвлөлтийн зам,Бусад зам,2014.04.04,-,“Үйлдвэр-1” хорооллын ХЕТ,Батлагдсан,,,,
526326,,,MultiPolygon,106.881377,47.899804,ХЕТ-ний төлөвлөлтийн зам,Нутаг дэвсгэрийн гол зам,2014.04.04,2,“Үйлдвэр-1” хорооллын ХЕТ,Батлагдсан,,,,
526327,,,MultiPolygon,106.8923,47.898412,ХЕТ-ний төлөвлөлтийн зам,Нутаг дэвсгэрийн туслах зам,2014.04.04,2,“Үйлдвэр-1” хорооллын ХЕТ,Батлагдсан,,,,
526328,,,MultiPolygon,106.8797,47.898653,ХЕТ-ний төлөвлөлтийн зам,Орон сууцны хорооллын дундах зам,2014.04.04,2,“Үйлдвэр-1” хорооллын ХЕТ,Батлагдсан,,,,
526329,,,Polygon,106.854857,47.910646,ХЕТ-ний төлөвлөлтийн зам,Төлөвлөж буй 1-р зэрэглэлийн гол зам,2014.04.04,2,"Баянголын 2,3-р нэгж хорооллын ХЕТ",,,,,
526330,,,Polygon,106.854804,47.914988,ХЕТ-ний төлөвлөлтийн зам,Төлөвлөж буй 1-р зэрэглэлийн гол зам,2014.04.04,4,"Баянголын 2,3-р нэгж хорооллын ХЕТ",,,,,
526331,,,Polygon,106.87716,47.911799,ХЕТ-ний төлөвлөлтийн зам,Өргөтгөн төлөвлөсөн зам,2014.04.04,2,"Баянголын 2,3-р нэгж хорооллын ХЕТ",,,,,
526332,,,Polygon,106.879937,47.909598,ХЕТ-ний төлөвлөлтийн зам,НАЗГ-аас төлөвлөж буй нарны зам,2014.04.04,2,"Баянголын 2,3-р нэгж хорооллын ХЕТ",,,,,
526333,,,Polygon,106.875167,47.908101,ХЕТ-ний төлөвлөлтийн зам,НАЗГ-аас төлөвлөж буй гүүрэн гарц,2014.04.04,2,"Баянголын 2,3-р нэгж хорооллын ХЕТ",,,,,
526334,,,MultiPolygon,106.8568,47.91505,ХЕТ-ний төлөвлөлтийн зам,Төлөвлөж буй 1-р зэргийн туслах зам,2014.04.04,2-4,"Баянголын 2,3-р нэгж хорооллын ХЕТ",,,,,
526335,,,MultiPolygon,106.874789,47.915986,ХЕТ-ний төлөвлөлтийн зам,Төлөвлөж буй 2-р зэргийн туслах зам,2014.04.04,2,"Баянголын 2,3-р нэгж хорооллын ХЕТ",,,,,
526336,,,MultiPolygon,106.860668,47.915603,ХЕТ-ний төлөвлөлтийн зам,Төлөвлөж буй орон сууцны хорооллын зам,2014.04.04,2,"Баянголын 2,3-р нэгж хорооллын ХЕТ",,,,,
526337,,,MultiPolygon,106.863314,47.915632,ХЕТ-ний төлөвлөлтийн зам,Төлөвлөж буй нутаг дэвсгэрийн зам,2014.04.04,2,"Баянголын 2,3-р нэгж хорооллын ХЕТ",,,,,
526338,,,MultiPolygon,106.857183,47.916398,ХЕТ-ний төлөвлөлтийн зам,Төлөвлөж буй 2-р зэрэглэлийн гол зам,2014.04.04,2-6,"Баянголын 2,3-р нэгж хорооллын ХЕТ",,,,,
526339,,,MultiPolygon,106.911439,47.922578,ХЕТ-ний төлөвлөлтийн зам,Загвар төсөлийн хороолол дундах зам,2013.05.14,2-6,"Бага тойруугийн хуучин барилгыг буулгах, оновчтой төлөвлөлтийн ТЭЗҮ",2016.02.19 ТСХ Т.Соёл-эрдэнэ мэдээг оруулсан,,,,
526340,,,Polygon,107.437657,47.343622,ХЕТ-ний төлөвлөлтийн зам,Туслах,2013.05.14,2 эгнээ,Багахангай дүүргийн ХЕТ,2015.12.25 нд мэдээлэл оруулсан,,,,
526341,,,Polygon,107.418092,47.348558,ХЕТ-ний төлөвлөлтийн зам,Туслах,2013.05.14,2 эгнээ,Багахангай дүүргийн ХЕТ,2015.12.25 нд мэдээлэл оруулсан,,,,
526342,,,Polygon,107.422927,47.347419,ХЕТ-ний төлөвлөлтийн зам,Туслах,2013.05.14,2 эгнээ,Багахангай дүүргийн ХЕТ,2015.12.25 нд мэдээлэл оруулсан,,,,
526343,,,Polygon,107.425571,47.34987,ХЕТ-ний төлөвлөлтийн зам,Туслах,2013.05.14,2 эгнээ,Багахангай дүүргийн ХЕТ,2015.12.25 нд мэдээлэл оруулсан,,,,
526344,,,Polygon,107.42676,47.347648,ХЕТ-ний төлөвлөлтийн зам,Туслах,2013.05.14,2 эгнээ,Багахангай дүүргийн ХЕТ,2015.12.25 нд мэдээлэл оруулсан,,,,
526345,,,Polygon,107.42606,47.353162,ХЕТ-ний төлөвлөлтийн зам,Туслах,2013.05.14,2 эгнээ,Багахангай дүүргийн ХЕТ,2015.12.25 нд мэдээлэл оруулсан,,,,
526346,,,Polygon,107.426511,47.352758,ХЕТ-ний төлөвлөлтийн зам,Туслах,2013.05.14,2 эгнээ,Багахангай дүүргийн ХЕТ,2015.12.25 нд мэдээлэл оруулсан,,,,
526347,,,Polygon,107.427651,47.348086,ХЕТ-ний төлөвлөлтийн зам,Туслах,2013.05.14,2 эгнээ,Багахангай дүүргийн ХЕТ,2015.12.25 нд мэдээлэл оруулсан,,,,
526348,,,Polygon,107.437001,47.351372,ХЕТ-ний төлөвлөлтийн зам,Туслах,2013.05.14,2 эгнээ,Багахангай дүүргийн ХЕТ,2015.12.25 нд мэдээлэл оруулсан,,,,
526349,,,Polygon,107.428696,47.348496,ХЕТ-ний төлөвлөлтийн зам,Туслах,2013.05.14,2 эгнээ,Багахангай дүүргийн ХЕТ,2015.12.25 нд мэдээлэл оруулсан,,,,
526350,,,Polygon,107.434825,47.348871,ХЕТ-ний төлөвлөлтийн зам,Туслах,2013.05.14,2 эгнээ,Багахангай дүүргийн ХЕТ,2015.12.25 нд мэдээлэл оруулсан,,,,
526351,,,Polygon,107.458995,47.348639,ХЕТ-ний төлөвлөлтийн зам,Туслах,2013.05.14,4 эгнээ,Багахангай дүүргийн ХЕТ,2015.12.25 нд мэдээлэл оруулсан,,,,
526352,,,Polygon,107.466804,47.344765,ХЕТ-ний төлөвлөлтийн зам,Туслах,2013.05.14,4 эгнээ,Багахангай дүүргийн ХЕТ,2015.12.25 нд мэдээлэл оруулсан,,,,
526353,,,Polygon,107.480441,47.3367,ХЕТ-ний төлөвлөлтийн зам,Туслах,2013.05.14,2 эгнээ,Багахангай дүүргийн ХЕТ,2015.12.25 нд мэдээлэл оруулсан,,,,
526354,,,Polygon,107.479202,47.350014,ХЕТ-ний төлөвлөлтийн зам,Туслах,2013.05.14,2 эгнээ,Багахангай дүүргийн ХЕТ,2015.12.25 нд мэдээлэл оруулсан,,,,
526355,,,Polygon,107.493111,47.35715,ХЕТ-ний төлөвлөлтийн зам,Туслах,2013.05.14,2 эгнээ,Багахангай дүүргийн ХЕТ,2015.12.25 нд мэдээлэл оруулсан,,,,
526356,,,Polygon,107.49382,47.360883,ХЕТ-ний төлөвлөлтийн зам,Туслах,2013.05.14,2 эгнээ,Багахангай дүүргийн ХЕТ,2015.12.25 нд мэдээлэл оруулсан,,,,
526357,,,Polygon,107.464964,47.375915,ХЕТ-ний төлөвлөлтийн зам,Туслах,2013.05.14,2 эгнээ,Багахангай дүүргийн ХЕТ,2015.12.25 нд мэдээлэл оруулсан,,,,
526358,,,Polygon,107.469426,47.37712,ХЕТ-ний төлөвлөлтийн зам,Туслах,2013.05.14,2 эгнээ,Багахангай дүүргийн ХЕТ,2015.12.25 нд мэдээлэл оруулсан,,,,
526359,,,Polygon,107.396544,47.438884,ХЕТ-ний төлөвлөлтийн зам,Туслах,2013.05.14,2 эгнээ,Багахангай дүүргийн ХЕТ,2015.12.25 нд мэдээлэл оруулсан,,,,
526360,,,Polygon,107.39861,47.439603,ХЕТ-ний төлөвлөлтийн зам,Туслах,2013.05.14,2 эгнээ,Багахангай дүүргийн ХЕТ,2015.12.25 нд мэдээлэл оруулсан,,,,
526361,,,MultiPolygon,107.457283,47.380782,ХЕТ-ний төлөвлөлтийн зам,Гол зам,2013.05.14,2-4 эгнээ,Багахангай дүүргийн ХЕТ,2015.12.25 нд мэдээлэл оруулсан,,,,
526362,,,Polygon,106.832516,47.953933,ХЕТ-ний төлөвлөлтийн зам,2-р зэргийн гол зам,2014.10.17,4,"""Баянхошуу"" дэд төвийн ХЕТ",2016.01.04 ний өдөр мэдээг оруулсан,,,,
526363,,,MultiPolygon,106.827222,47.954078,ХЕТ-ний төлөвлөлтийн зам,2-р зэргийн туслах зам,2014.10.17,2,"""Баянхошуу"" дэд төвийн ХЕТ",2016.01.04 ний өдөр мэдээг оруулсан,,,,
526364,,,MultiPolygon,106.82382,47.953474,ХЕТ-ний төлөвлөлтийн зам,1-р зэргийн туслах зам,2014.10.17,4,"""Баянхошуу"" дэд төвийн ХЕТ",2016.01.04 ний өдөр мэдээг оруулсан,,,,
526365,,,Polygon,106.915001,47.967728,ХЕТ-ний төлөвлөлтийн зам,2-р зэргийн гол зам,2014.10.17,4,"""Сэлбэ"" дэд төвийн ХЕТ",2016.01.04 ний өдөр мэдээг оруулсан,,,,
526366,,,Polygon,106.924539,47.967553,ХЕТ-ний төлөвлөлтийн зам,1-р зэргийн туслах зам,2014.10.17,6,"""Сэлбэ"" дэд төвийн ХЕТ",2016.01.04 ний өдөр мэдээг оруулсан,,,,
526367,,,MultiPolygon,106.921543,47.968099,ХЕТ-ний төлөвлөлтийн зам,1-р зэргийн гол зам,2014.10.17,8,"""Сэлбэ"" дэд төвийн ХЕТ",2016.01.04 ний өдөр мэдээг оруулсан,,,,
526368,,,MultiPolygon,106.915866,47.967497,ХЕТ-ний төлөвлөлтийн зам,2-р зэргийн туслах зам,2014.10.17,2,"""Сэлбэ"" дэд төвийн ХЕТ",2016.01.04 ний өдөр мэдээг оруулсан,,,,
526369,,,MultiPolygon,106.819508,47.895587,ХЕТ-ний төлөвлөлтийн зам,2-р зэргийн туслах зам,2014.04.04,2,“Үйлдвэр-2” хорооллын ХЕТ,2016.01.04 ний өдөр мэдээг оруул,,,,
526370,,,MultiPolygon,106.953458,47.932007,ХЕТ-ний төлөвлөлтийн зам,10-р нэгж хорооллын 2-р зэрэглэлийн туслах зам,2015.04.15,2,"10, 14, 15, 16, 17, 18-р нэгж хорооллын ХЕТ",2-р зэргийн туслах зам,,,,
526371,,,MultiPolygon,106.958064,47.912716,ХЕТ-ний төлөвлөлтийн зам,14-р нэгж хорооллын 1-р зэрэглэлийн туслах зам,2015.04.15,3,"10, 14, 15, 16, 17, 18-р нэгж хорооллын ХЕТ",1-р зэргийн туслах зам,,,,
526372,,,Polygon,107.101725,47.884972,ХЕТ-ний төлөвлөлтийн зам,Төлөвлөгдсөн явган хүний зам,2015.04.15,1,31-р нэгж хорооллын ХЕТ,2016.09.15 ний өдөр Т.Соёл-эрдэнэ мэдээг оруулав.,,,,
526373,,,Polygon,107.099866,47.885597,ХЕТ-ний төлөвлөлтийн зам,Төлөвлөгдсөн явган хүний зам,2015.04.15,1,31-р нэгж хорооллын ХЕТ,2016.09.15 ний өдөр Т.Соёл-эрдэнэ мэдээг оруулав.,,,,
526374,,,Polygon,107.099866,47.885597,ХЕТ-ний төлөвлөлтийн зам,Төлөвлөгдсөн явган хүний зам,2015.04.15,1,31-р нэгж хорооллын ХЕТ,2016.09.15 ний өдөр Т.Соёл-эрдэнэ мэдээг оруулав.,,,,
526375,,,Polygon,107.099866,47.885597,ХЕТ-ний төлөвлөлтийн зам,Төлөвлөгдсөн явган хүний зам,2015.04.15,1,31-р нэгж хорооллын ХЕТ,2016.09.15 ний өдөр Т.Соёл-эрдэнэ мэдээг оруулав.,,,,
526376,,,Polygon,107.099866,47.885597,ХЕТ-ний төлөвлөлтийн зам,Төлөвлөгдсөн явган хүний зам,2015.04.15,1,31-р нэгж хорооллын ХЕТ,2016.09.15 ний өдөр Т.Соёл-эрдэнэ мэдээг оруулав.,,,,
526377,,,Polygon,107.099819,47.884893,ХЕТ-ний төлөвлөлтийн зам,Төлөвлөгдсөн явган хүний зам,2015.04.15,1,31-р нэгж хорооллын ХЕТ,2016.09.15 ний өдөр Т.Соёл-эрдэнэ мэдээг оруулав.,,,,
526378,,,Polygon,107.099819,47.884893,ХЕТ-ний төлөвлөлтийн зам,Төлөвлөгдсөн явган хүний зам,2015.04.15,1,31-р нэгж хорооллын ХЕТ,2016.09.15 ний өдөр Т.Соёл-эрдэнэ мэдээг оруулав.,,,,
526379,,,Polygon,107.099819,47.884893,ХЕТ-ний төлөвлөлтийн зам,Төлөвлөгдсөн явган хүний зам,2015.04.15,1,31-р нэгж хорооллын ХЕТ,2016.09.15 ний өдөр Т.Соёл-эрдэнэ мэдээг оруулав.,,,,
526380,,,Polygon,107.099819,47.884893,ХЕТ-ний төлөвлөлтийн зам,Төлөвлөгдсөн явган хүний зам,2015.04.15,1,31-р нэгж хорооллын ХЕТ,2016.09.15 ний өдөр Т.Соёл-эрдэнэ мэдээг оруулав.,,,,
526381,,,Polygon,107.096677,47.884391,ХЕТ-ний төлөвлөлтийн зам,Төлөвлөгдсөн явган хүний зам,2015.04.15,1,31-р нэгж хорооллын ХЕТ,2016.09.15 ний өдөр Т.Соёл-эрдэнэ мэдээг оруулав.,,,,
526382,,,Polygon,107.096677,47.884391,ХЕТ-ний төлөвлөлтийн зам,Төлөвлөгдсөн явган хүний зам,2015.04.15,1,31-р нэгж хорооллын ХЕТ,2016.09.15 ний өдөр Т.Соёл-эрдэнэ мэдээг оруулав.,,,,
526383,,,Polygon,107.096677,47.884391,ХЕТ-ний төлөвлөлтийн зам,Төлөвлөгдсөн явган хүний зам,2015.04.15,1,31-р нэгж хорооллын ХЕТ,2016.09.15 ний өдөр Т.Соёл-эрдэнэ мэдээг оруулав.,,,,
526384,,,Polygon,107.096677,47.884391,ХЕТ-ний төлөвлөлтийн зам,Төлөвлөгдсөн явган хүний зам,2015.04.15,1,31-р нэгж хорооллын ХЕТ,2016.09.15 ний өдөр Т.Соёл-эрдэнэ мэдээг оруулав.,,,,
526385,,,Polygon,107.095076,47.884205,ХЕТ-ний төлөвлөлтийн зам,Төлөвлөгдсөн явган хүний зам,2015.04.15,1,31-р нэгж хорооллын ХЕТ,2016.09.15 ний өдөр Т.Соёл-эрдэнэ мэдээг оруулав.,,,,
526386,,,Polygon,107.095076,47.884205,ХЕТ-ний төлөвлөлтийн зам,Төлөвлөгдсөн явган хүний зам,2015.04.15,1,31-р нэгж хорооллын ХЕТ,2016.09.15 ний өдөр Т.Соёл-эрдэнэ мэдээг оруулав.,,,,
526387,,,Polygon,107.095076,47.884205,ХЕТ-ний төлөвлөлтийн зам,Төлөвлөгдсөн явган хүний зам,2015.04.15,1,31-р нэгж хорооллын ХЕТ,2016.09.15 ний өдөр Т.Соёл-эрдэнэ мэдээг оруулав.,,,,
526388,,,Polygon,107.095076,47.884205,ХЕТ-ний төлөвлөлтийн зам,Төлөвлөгдсөн явган хүний зам,2015.04.15,1,31-р нэгж хорооллын ХЕТ,2016.09.15 ний өдөр Т.Соёл-эрдэнэ мэдээг оруулав.,,,,
526389,,,Polygon,107.09008,47.88611,ХЕТ-ний төлөвлөлтийн зам,Төлөвлөгдсөн явган хүний зам,2015.04.15,1,31-р нэгж хорооллын ХЕТ,2016.09.15 ний өдөр Т.Соёл-эрдэнэ мэдээг оруулав.,,,,
526390,,,Polygon,107.09008,47.88611,ХЕТ-ний төлөвлөлтийн зам,Төлөвлөгдсөн явган хүний зам,2015.04.15,1,31-р нэгж хорооллын ХЕТ,2016.09.15 ний өдөр Т.Соёл-эрдэнэ мэдээг оруулав.,,,,
526391,,,Polygon,107.09008,47.88611,ХЕТ-ний төлөвлөлтийн зам,Төлөвлөгдсөн явган хүний зам,2015.04.15,1,31-р нэгж хорооллын ХЕТ,2016.09.15 ний өдөр Т.Соёл-эрдэнэ мэдээг оруулав.,,,,
526392,,,Polygon,107.09008,47.88611,ХЕТ-ний төлөвлөлтийн зам,Төлөвлөгдсөн явган хүний зам,2015.04.15,1,31-р нэгж хорооллын ХЕТ,2016.09.15 ний өдөр Т.Соёл-эрдэнэ мэдээг оруулав.,,,,
526393,,,Polygon,107.092067,47.885362,ХЕТ-ний төлөвлөлтийн зам,Төлөвлөгдсөн явган хүний зам,2015.04.15,1,31-р нэгж хорооллын ХЕТ,2016.09.15 ний өдөр Т.Соёл-эрдэнэ мэдээг оруулав.,,,,
526394,,,Polygon,107.092067,47.885362,ХЕТ-ний төлөвлөлтийн зам,Төлөвлөгдсөн явган хүний зам,2015.04.15,1,31-р нэгж хорооллын ХЕТ,2016.09.15 ний өдөр Т.Соёл-эрдэнэ мэдээг оруулав.,,,,
526395,,,Polygon,107.092067,47.885362,ХЕТ-ний төлөвлөлтийн зам,Төлөвлөгдсөн явган хүний зам,2015.04.15,1,31-р нэгж хорооллын ХЕТ,2016.09.15 ний өдөр Т.Соёл-эрдэнэ мэдээг оруулав.,,,,
526396,,,Polygon,107.092067,47.885362,ХЕТ-ний төлөвлөлтийн зам,Төлөвлөгдсөн явган хүний зам,2015.04.15,1,31-р нэгж хорооллын ХЕТ,2016.09.15 ний өдөр Т.Соёл-эрдэнэ мэдээг оруулав.,,,,
526397,,,Polygon,107.089885,47.885071,ХЕТ-ний төлөвлөлтийн зам,Төлөвлөгдсөн явган хүний зам,2015.04.15,1,31-р нэгж хорооллын ХЕТ,2016.09.15 ний өдөр Т.Соёл-эрдэнэ мэдээг оруулав.,,,,
526398,,,Polygon,107.089885,47.885071,ХЕТ-ний төлөвлөлтийн зам,Төлөвлөгдсөн явган хүний зам,2015.04.15,1,31-р нэгж хорооллын ХЕТ,2016.09.15 ний өдөр Т.Соёл-эрдэнэ мэдээг оруулав.,,,,
526399,,,Polygon,107.089885,47.885071,ХЕТ-ний төлөвлөлтийн зам,Төлөвлөгдсөн явган хүний зам,2015.04.15,1,31-р нэгж хорооллын ХЕТ,2016.09.15 ний өдөр Т.Соёл-эрдэнэ мэдээг оруулав.,,,,
526400,,,Polygon,107.089885,47.885071,ХЕТ-ний төлөвлөлтийн зам,Төлөвлөгдсөн явган хүний зам,2015.04.15,1,31-р нэгж хорооллын ХЕТ,2016.09.15 ний өдөр Т.Соёл-эрдэнэ мэдээг оруулав.,,,,
526401,,,Polygon,107.092531,47.88316,ХЕТ-ний төлөвлөлтийн зам,Төлөвлөгдсөн явган хүний зам,2015.04.15,1,31-р нэгж хорооллын ХЕТ,2016.09.15 ний өдөр Т.Соёл-эрдэнэ мэдээг оруулав.,,,,
526402,,,Polygon,107.09318,47.884526,ХЕТ-ний төлөвлөлтийн зам,Төлөвлөгдсөн явган хүний зам,2015.04.15,1,31-р нэгж хорооллын ХЕТ,2016.09.15 ний өдөр Т.Соёл-эрдэнэ мэдээг оруулав.,,,,
526403,,,Polygon,107.09318,47.884526,ХЕТ-ний төлөвлөлтийн зам,Төлөвлөгдсөн явган хүний зам,2015.04.15,1,31-р нэгж хорооллын ХЕТ,2016.09.15 ний өдөр Т.Соёл-эрдэнэ мэдээг оруулав.,,,,
526404,,,Polygon,107.09318,47.884526,ХЕТ-ний төлөвлөлтийн зам,Төлөвлөгдсөн явган хүний зам,2015.04.15,1,31-р нэгж хорооллын ХЕТ,2016.09.15 ний өдөр Т.Соёл-эрдэнэ мэдээг оруулав.,,,,
526405,,,Polygon,107.096185,47.870652,ХЕТ-ний төлөвлөлтийн зам,Хурдны зам,2015.04.15,4 эгнээтэй,31-р нэгж хорооллын ХЕТ,2016.09.15 ний өдөр Т.Соёл-эрдэнэ мэдээг оруулав.,,,,
526406,,,Polygon,107.107113,47.872621,ХЕТ-ний төлөвлөлтийн зам,Туслах гудамж зам-1,2015.04.15,2 эгнээтэй,31-р нэгж хорооллын ХЕТ,2016.09.15 ний өдөр Т.Соёл-эрдэнэ мэдээг оруулав.,,,,
526407,,,Polygon,107.084034,47.885443,ХЕТ-ний төлөвлөлтийн зам,Хорооллын доторх гудамж зам,2015.04.15,1 эгнээтэй,31-р нэгж хорооллын ХЕТ,2016.09.15 ний өдөр Т.Соёл-эрдэнэ мэдээг оруулав.,,,,
526408,,,Polygon,107.097865,47.874138,ХЕТ-ний төлөвлөлтийн зам,Хот хоорондын гол гудамж зам,2015.04.15,2 эгнээтэй,31-р нэгж хорооллын ХЕТ,2016.09.15 ний өдөр Т.Соёл-эрдэнэ мэдээг оруулав.,,,,
526409,,,Polygon,107.07989,47.884011,ХЕТ-ний төлөвлөлтийн зам,Хот хоорондын гол гудамж зам,2015.04.15,2 эгнээтэй,31-р нэгж хорооллын ХЕТ,2016.09.15 ний өдөр Т.Соёл-эрдэнэ мэдээг оруулав.,,,,
526410,,,MultiPolygon,107.098997,47.877033,ХЕТ-ний төлөвлөлтийн зам,Туслах гудамж зам-2,2015.04.15,2 эгнээтэй,31-р нэгж хорооллын ХЕТ,2016.09.15 ний өдөр Т.Соёл-эрдэнэ мэдээг оруулав.,,,,
526411,,,MultiPolygon,107.100832,47.876621,ХЕТ-ний төлөвлөлтийн зам,Хорооллын доторх гудамж зам,2015.04.15,2 эгнээтэй,31-р нэгж хорооллын ХЕТ,2016.09.15 ний өдөр Т.Соёл-эрдэнэ мэдээг оруулав.,,,,
526412,,,Polygon,107.127567,47.873398,ХЕТ-ний төлөвлөлтийн зам,Орон сууцны ил зогсоол,2015.04.15,,31-р нэгж хорооллын ХЕТ,2016.09.15 ний өдөр Т.Соёл-эрдэнэ мэдээг оруулав.,,,,
526413,,,Polygon,107.125547,47.872199,ХЕТ-ний төлөвлөлтийн зам,Орон сууцны ил зогсоол,2015.04.15,,31-р нэгж хорооллын ХЕТ,2016.09.15 ний өдөр Т.Соёл-эрдэнэ мэдээг оруулав.,,,,
526414,,,Polygon,107.126529,47.872817,ХЕТ-ний төлөвлөлтийн зам,Орон сууцны ил зогсоол,2015.04.15,,31-р нэгж хорооллын ХЕТ,2016.09.15 ний өдөр Т.Соёл-эрдэнэ мэдээг оруулав.,,,,
526415,,,Polygon,107.126335,47.874329,ХЕТ-ний төлөвлөлтийн зам,Орон сууцны ил зогсоол,2015.04.15,,31-р нэгж хорооллын ХЕТ,2016.09.15 ний өдөр Т.Соёл-эрдэнэ мэдээг оруулав.,,,,
526416,,,Polygon,107.117959,47.872517,ХЕТ-ний төлөвлөлтийн зам,Орон сууцны ил зогсоол,2015.04.15,,31-р нэгж хорооллын ХЕТ,2016.09.15 ний өдөр Т.Соёл-эрдэнэ мэдээг оруулав.,,,,
526417,,,Polygon,107.119716,47.873667,ХЕТ-ний төлөвлөлтийн зам,Сургуулын ил зогсоол,2015.04.15,,31-р нэгж хорооллын ХЕТ,2016.09.15 ний өдөр Т.Соёл-эрдэнэ мэдээг оруулав.,,,,
526418,,,Polygon,107.123363,47.872506,ХЕТ-ний төлөвлөлтийн зам,Орон сууцны ил зогсоол,2015.04.15,,31-р нэгж хорооллын ХЕТ,2016.09.15 ний өдөр Т.Соёл-эрдэнэ мэдээг оруулав.,,,,
526419,,,Polygon,107.124497,47.871643,ХЕТ-ний төлөвлөлтийн зам,Орон сууцны ил зогсоол,2015.04.15,,31-р нэгж хорооллын ХЕТ,2016.09.15 ний өдөр Т.Соёл-эрдэнэ мэдээг оруулав.,,,,
526420,,,Polygon,107.122356,47.871934,ХЕТ-ний төлөвлөлтийн зам,Орон сууцны ил зогсоол,2015.04.15,,31-р нэгж хорооллын ХЕТ,2016.09.15 ний өдөр Т.Соёл-эрдэнэ мэдээг оруулав.,,,,
526421,,,Polygon,107.123506,47.871055,ХЕТ-ний төлөвлөлтийн зам,Орон сууцны ил зогсоол,2015.04.15,,31-р нэгж хорооллын ХЕТ,2016.09.15 ний өдөр Т.Соёл-эрдэнэ мэдээг оруулав.,,,,
526422,,,Polygon,107.122077,47.87014,ХЕТ-ний төлөвлөлтийн зам,Орон сууцны ил зогсоол,2015.04.15,,31-р нэгж хорооллын ХЕТ,2016.09.15 ний өдөр Т.Соёл-эрдэнэ мэдээг оруулав.,,,,
526423,,,Polygon,107.120821,47.871095,ХЕТ-ний төлөвлөлтийн зам,Орон сууцны ил зогсоол,2015.04.15,,31-р нэгж хорооллын ХЕТ,2016.09.15 ний өдөр Т.Соёл-эрдэнэ мэдээг оруулав.,,,,
526424,,,Polygon,107.108616,47.873346,ХЕТ-ний төлөвлөлтийн зам,Орон сууцны ил зогсоол,2015.04.15,,31-р нэгж хорооллын ХЕТ,2016.09.15 ний өдөр Т.Соёл-эрдэнэ мэдээг оруулав.,,,,
526425,,,Polygon,107.112971,47.871772,ХЕТ-ний төлөвлөлтийн зам,Худалдаа үйлчилгээний ил зогсоол,2015.04.15,,31-р нэгж хорооллын ХЕТ,2016.09.15 ний өдөр Т.Соёл-эрдэнэ мэдээг оруулав.,,,,
526426,,,Polygon,107.109759,47.872077,ХЕТ-ний төлөвлөлтийн зам,Орон сууцны ил зогсоол,2015.04.15,,31-р нэгж хорооллын ХЕТ,2016.09.15 ний өдөр Т.Соёл-эрдэнэ мэдээг оруулав.,,,,
526427,,,Polygon,107.116664,47.874365,ХЕТ-ний төлөвлөлтийн зам,Орон сууцны ил зогсоол,2015.04.15,,31-р нэгж хорооллын ХЕТ,2016.09.15 ний өдөр Т.Соёл-эрдэнэ мэдээг оруулав.,,,,
526428,,,Polygon,107.114447,47.875842,ХЕТ-ний төлөвлөлтийн зам,Орон сууцны ил зогсоол,2015.04.15,,31-р нэгж хорооллын ХЕТ,2016.09.15 ний өдөр Т.Соёл-эрдэнэ мэдээг оруулав.,,,,
526429,,,Polygon,107.10845,47.87994,ХЕТ-ний төлөвлөлтийн зам,Агуулах зоорны ил зогсоол,2015.04.15,,31-р нэгж хорооллын ХЕТ,2016.09.15 ний өдөр Т.Соёл-эрдэнэ мэдээг оруулав.,,,,
526430,,,Polygon,107.098613,47.880254,ХЕТ-ний төлөвлөлтийн зам,Худалдаа үйлчилгээний ил зогсоол,2015.04.15,,31-р нэгж хорооллын ХЕТ,2016.09.15 ний өдөр Т.Соёл-эрдэнэ мэдээг оруулав.,,,,
526431,,,Polygon,107.072629,47.888192,ХЕТ-ний төлөвлөлтийн зам,Худалдаа үйлчилгээний ил зогсоол,2015.04.15,,31-р нэгж хорооллын ХЕТ,2016.09.15 ний өдөр Т.Соёл-эрдэнэ мэдээг оруулав.,,,,
526432,,,Polygon,107.106397,47.881062,ХЕТ-ний төлөвлөлтийн зам,Агуулах зоорны ил зогсоол,2015.04.15,,31-р нэгж хорооллын ХЕТ,2016.09.15 ний өдөр Т.Соёл-эрдэнэ мэдээг оруулав.,,,,
526433,,,Polygon,107.103899,47.878735,ХЕТ-ний төлөвлөлтийн зам,Орон сууцны ил зогсоол,2015.04.15,,31-р нэгж хорооллын ХЕТ,2016.09.15 ний өдөр Т.Соёл-эрдэнэ мэдээг оруулав.,,,,
526434,,,Polygon,107.104496,47.878629,ХЕТ-ний төлөвлөлтийн зам,Орон сууцны ил зогсоол,2015.04.15,,31-р нэгж хорооллын ХЕТ,2016.09.15 ний өдөр Т.Соёл-эрдэнэ мэдээг оруулав.,,,,
526435,,,Polygon,107.106015,47.877485,ХЕТ-ний төлөвлөлтийн зам,Орон сууцны ил зогсоол,2015.04.15,,31-р нэгж хорооллын ХЕТ,2016.09.15 ний өдөр Т.Соёл-эрдэнэ мэдээг оруулав.,,,,
526436,,,Polygon,107.107986,47.875954,ХЕТ-ний төлөвлөлтийн зам,Орон сууцны ил зогсоол,2015.04.15,,31-р нэгж хорооллын ХЕТ,2016.09.15 ний өдөр Т.Соёл-эрдэнэ мэдээг оруулав.,,,,
526437,,,Polygon,107.107001,47.876719,ХЕТ-ний төлөвлөлтийн зам,Орон сууцны ил зогсоол,2015.04.15,,31-р нэгж хорооллын ХЕТ,2016.09.15 ний өдөр Т.Соёл-эрдэнэ мэдээг оруулав.,,,,
526438,,,Polygon,107.109967,47.874044,ХЕТ-ний төлөвлөлтийн зам,Орон сууцны ил зогсоол,2015.04.15,,31-р нэгж хорооллын ХЕТ,2016.09.15 ний өдөр Т.Соёл-эрдэнэ мэдээг оруулав.,,,,
526439,,,Polygon,107.110625,47.874428,ХЕТ-ний төлөвлөлтийн зам,Орон сууцны ил зогсоол,2015.04.15,,31-р нэгж хорооллын ХЕТ,2016.09.15 ний өдөр Т.Соёл-эрдэнэ мэдээг оруулав.,,,,
526440,,,Polygon,107.109878,47.873038,ХЕТ-ний төлөвлөлтийн зам,Орон сууцны ил зогсоол,2015.04.15,,31-р нэгж хорооллын ХЕТ,2016.09.15 ний өдөр Т.Соёл-эрдэнэ мэдээг оруулав.,,,,
526441,,,Polygon,107.110714,47.87239,ХЕТ-ний төлөвлөлтийн зам,Орон сууцны ил зогсоол,2015.04.15,,31-р нэгж хорооллын ХЕТ,2016.09.15 ний өдөр Т.Соёл-эрдэнэ мэдээг оруулав.,,,,
526442,,,Polygon,107.107929,47.873971,ХЕТ-ний төлөвлөлтийн зам,Орон сууцны ил зогсоол,2015.04.15,,31-р нэгж хорооллын ХЕТ,2016.09.15 ний өдөр Т.Соёл-эрдэнэ мэдээг оруулав.,,,,
526443,,,Polygon,107.109057,47.873386,ХЕТ-ний төлөвлөлтийн зам,Орон сууцны ил зогсоол,2015.04.15,,31-р нэгж хорооллын ХЕТ,2016.09.15 ний өдөр Т.Соёл-эрдэнэ мэдээг оруулав.,,,,
526444,,,Polygon,107.117222,47.874791,ХЕТ-ний төлөвлөлтийн зам,Орон сууцны ил зогсоол,2015.04.15,,31-р нэгж хорооллын ХЕТ,2016.09.15 ний өдөр Т.Соёл-эрдэнэ мэдээг оруулав.,,,,
526445,,,Polygon,107.117904,47.874581,ХЕТ-ний төлөвлөлтийн зам,Орон сууцны ил зогсоол,2015.04.15,,31-р нэгж хорооллын ХЕТ,2016.09.15 ний өдөр Т.Соёл-эрдэнэ мэдээг оруулав.,,,,
526446,,,Polygon,107.11524,47.874939,ХЕТ-ний төлөвлөлтийн зам,Орон сууцны ил зогсоол,2015.04.15,,31-р нэгж хорооллын ХЕТ,2016.09.15 ний өдөр Т.Соёл-эрдэнэ мэдээг оруулав.,,,,
526447,,,Polygon,107.115957,47.874958,ХЕТ-ний төлөвлөлтийн зам,Орон сууцны ил зогсоол,2015.04.15,,31-р нэгж хорооллын ХЕТ,2016.09.15 ний өдөр Т.Соёл-эрдэнэ мэдээг оруулав.,,,,
526448,,,Polygon,107.128475,47.872638,ХЕТ-ний төлөвлөлтийн зам,Орон сууцны ил зогсоол,2015.04.15,,31-р нэгж хорооллын ХЕТ,2016.09.15 ний өдөр Т.Соёл-эрдэнэ мэдээг оруулав.,,,,
526449,,,Polygon,107.127655,47.871978,ХЕТ-ний төлөвлөлтийн зам,Орон сууцны ил зогсоол,2015.04.15,,31-р нэгж хорооллын ХЕТ,2016.09.15 ний өдөр Т.Соёл-эрдэнэ мэдээг оруулав.,,,,
526450,,,Polygon,107.124412,47.874421,ХЕТ-ний төлөвлөлтийн зам,Орон сууцны ил зогсоол,2015.04.15,,31-р нэгж хорооллын ХЕТ,2016.09.15 ний өдөр Т.Соёл-эрдэнэ мэдээг оруулав.,,,,
526451,,,Polygon,107.120157,47.873226,ХЕТ-ний төлөвлөлтийн зам,Сургуулын ил зогсоол,2015.04.15,,31-р нэгж хорооллын ХЕТ,2016.09.15 ний өдөр Т.Соёл-эрдэнэ мэдээг оруулав.,,,,
526452,,,Polygon,107.119759,47.87526,ХЕТ-ний төлөвлөлтийн зам,Сургуулын ил зогсоол,2015.04.15,,31-р нэгж хорооллын ХЕТ,2016.09.15 ний өдөр Т.Соёл-эрдэнэ мэдээг оруулав.,,,,
526453,,,Polygon,106.816548,47.927897,ХЕТ-ний төлөвлөлтийн зам,Төлөвлөгдсөн авто зам,-,4-8,Ханын материал орчмын хорооллын ХЕТ,2016.01.04 ний өдөр мэдээг оруулав,,,,
526454,,,MultiPolygon,106.804364,47.915258,ХЕТ-ний төлөвлөлтийн зам,Төлөвлөгдсөн авто зам,-,4-8,"21-р хороолол, Таван шар орчмын ХЕТ",2016.05.04 ний өдөр мэдээг оруулав,,,,
526455,,,MultiPolygon,106.728649,47.957452,ХЕТ-ний төлөвлөлтийн зам,Төлөвлөгдсөн авто зам,-,4-8,Баянголын амны орон сууцны хорооллын ХЕТ,2016.01.04 ний өдөр мэдээг оруулав,,,,
526456,,,MultiPolygon,106.934976,47.914052,ХЕТ-ний төлөвлөлтийн зам,Төлөвлөгдсөн авто зам,-,4-8,Зүүн Сэлбэ хорооллын барилгажилтын төсөл,2016.01.04 ний өдөр мэдээг оруулав,,,,
526457,,,MultiPolygon,106.687473,47.890631,ХЕТ-ний төлөвлөлтийн зам,Төлөвлөгдсөн авто зам,-,4-8,Хотын шинэ төвийн ХЕТ,2016.01.04 ний өдөр мэдээг оруулав,,,,
526458,,,Polygon,106.851534,47.954669,ХЕТ-ний төлөвлөлтийн зам,Төлөвлөгдсөн авто зам,-,4-8,Баянхошууны 105-р сургууль орчмийн ХЕТ,2016.01.04 ний өдөр мэдээг оруулав,,,,
526459,,,MultiPolygon,106.700167,47.883107,ХЕТ-ний төлөвлөлтийн зам,Төлөвлөгдсөн авто зам,-,4-8,Авто худалдааны цогцолбор,НИТХТ-ийн 2014.02.20 №19,,,,
526460,,,MultiPolygon,106.779932,47.912708,ХЕТ-ний төлөвлөлтийн зам,Төлөвлөгдсөн авто зам,-,4-8,Цэргийн хотхон хорооллын ХЕТ,2016.01.04 ний өдөр мэдээг оруулав,,,,
526461,,,Polygon,106.90057,47.959164,ХЕТ-ний төлөвлөлтийн зам,Төлөвлөгдсөн авто зам,-,4-8,"Чингэлтэй дүүргийн 13,15-р хорооны дахин төлөвлөлт",2016.01.04 ний өдөр мэдээг оруулав,,,,
526462,,,Polygon,106.934334,47.978148,ХЕТ-ний төлөвлөлтийн зам,Төлөвлөгдсөн авто зам,-,4-8,Сүхбаатар дүүргийн 15-р хорооны дахин төлөвлөлт,2016.01.04 ний өдөр мэдээг оруулав,,,,
526463,,,Polygon,106.699995,47.888728,ХЕТ-ний төлөвлөлтийн зам,Төлөвлөгдсөн авто зам,-,4-8,Авто худалдааны цогцолбор,2013.10.11. А/936-Газрын захирамж,,,,
526465,,,Polygon,106.817412,47.935446,ХЕТ-ний төлөвлөлтийн зам,Төлөвлөгдсөн авто зам,-,4-8,Ханын материал орчмын хорооллын ХЕТ,2016.01.04 ний өдөр мэдээг оруулав,,,,
526466,,,Polygon,106.850738,47.961567,ХЕТ-ний төлөвлөлтийн зам,Төлөвлөгдсөн авто зам,-,4-8,Арьс ширний ажилчидын байр орчмын ХЕТ,2016.01.04 ний өдөр мэдээг оруулав,,,,
526467,,,Polygon,106.94758,47.907906,ХЕТ-ний төлөвлөлтийн зам,14-р нэгж хорооллын 2-р зэрэглэлийн гол зам,2015.04.15,4,"10, 14, 15, 16, 17, 18-р нэгж хорооллын ХЕТ",2-р зэргийн гол зам,,,,
526468,,,MultiPolygon,106.959785,47.912138,ХЕТ-ний төлөвлөлтийн зам,14-р нэгж хорооллын 2-р зэрэглэлийн туслах зам,2015.04.15,2,"10, 14, 15, 16, 17, 18-р нэгж хорооллын ХЕТ",2-р зэргийн туслах зам,,,,
526469,,,MultiPolygon,106.958163,47.920768,ХЕТ-ний төлөвлөлтийн зам,15-р нэгж хорооллын 2-р зэрэглэлийн туслах зам,2015.04.15,2,"10, 14, 15, 16, 17, 18-р нэгж хорооллын ХЕТ",2-р зэргийн туслах зам,,,,
526470,,,MultiPolygon,107.00833,47.916661,ХЕТ-ний төлөвлөлтийн зам,16-р нэгж хорооллын 1-р зэрэглэлийн туслах зам,2015.04.15,3,"10, 14, 15, 16, 17, 18-р нэгж хорооллын ХЕТ",1-р зэргийн туслах зам,,,,
526471,,,MultiPolygon,106.99211,47.917698,ХЕТ-ний төлөвлөлтийн зам,16-р нэгж хорооллын 2-р зэрэглэлийн туслах зам,2015.04.15,2,"10, 14, 15, 16, 17, 18-р нэгж хорооллын ХЕТ",2-р зэргийн туслах зам,,,,
526472,,,MultiPolygon,106.997702,47.929061,ХЕТ-ний төлөвлөлтийн зам,17-р нэгж хорооллын 2-р зэрэглэлийн туслах зам,2015.04.15,2,"10, 14, 15, 16, 17, 18-р нэгж хорооллын ХЕТ",2-р зэргийн туслах зам,,,,
526473,,,MultiPolygon,106.986464,47.905695,ХЕТ-ний төлөвлөлтийн зам,18-р нэгж хорооллын 2-р зэрэглэлийн туслах зам,2015.04.15,2,"10, 14, 15, 16, 17, 18-р нэгж хорооллын ХЕТ",2-р зэргийн туслах зам,,,,
526474,,,Polygon,106.950851,47.928449,ХЕТ-ний төлөвлөлтийн зам,10-р нэгж хорооллын 2-р зэрэглэлийн гол зам,2015.04.15,4,"10, 14, 15, 16, 17, 18-р нэгж хорооллын ХЕТ",2-р зэргийн гол зам,,,,
526475,,,Polygon,106.98318,47.901988,ХЕТ-ний төлөвлөлтийн зам,18-р нэгж хорооллын 2-р зэрэглэлийн гол зам,2015.04.15,2,"10, 14, 15, 16, 17, 18-р нэгж хорооллын ХЕТ",2-р зэргийн туслах зам,,,,
526476,,,Polygon,106.94871,47.924743,ХЕТ-ний төлөвлөлтийн зам,"10, 14, 15-р нэгж хорооллыг холбосон 2 зэр гол зам",2015.04.15,4,"10, 14, 15, 16, 17, 18-р нэгж хорооллын ХЕТ",2-р зэргийн гол зам,,,,
526477,,,MultiPolygon,106.988729,47.924204,ХЕТ-ний төлөвлөлтийн зам,"10, 15, 16, 17-г холбосон 1-р зэрэглэлийн гол зам",2015.04.15,4,"10, 14, 15, 16, 17, 18-р нэгж хорооллын ХЕТ",1-р зэргийн гол зам,,,,
526478,,,Polygon,106.951085,47.936089,ХЕТ-ний төлөвлөлтийн зам,10-р нэгж хорооллын 1-р зэрэглэлийн туслах зам,2015.04.15,3,"10, 14, 15, 16, 17, 18-р нэгж хорооллын ХЕТ",1-р зэргийн туслах зам,,,,
526479,,,Polygon,106.990379,47.929937,ХЕТ-ний төлөвлөлтийн зам,"10, 17-р нэгж хорооллын 1-р зэрэглэлийн туслах зам",2015.04.15,3,"10, 14, 15, 16, 17, 18-р нэгж хорооллын ХЕТ",1-р зэргийн туслах зам,,,,
526480,,,Polygon,106.973956,47.920151,ХЕТ-ний төлөвлөлтийн зам,"15, 16-г холбосон 1-р зэрэглэлийн туслах зам",2015.04.15,3,"10, 14, 15, 16, 17, 18-р нэгж хорооллын ХЕТ",1-р зэргийн туслах зам,,,,
526481,,,Polygon,106.985594,47.913103,ХЕТ-ний төлөвлөлтийн зам,"14, 15, 16, 18-г холбосон 2-р зэрэглэлийн гол зам",2015.04.15,4,"10, 14, 15, 16, 17, 18-р нэгж хорооллын ХЕТ",2-р зэргийн гол зам,,,,
526482,,,Polygon,106.990062,47.904386,ХЕТ-ний төлөвлөлтийн зам,18-р нэгж хорооллын 1-р зэрэглэлийн туслах зам,2015.04.15,3,"10, 14, 15, 16, 17, 18-р нэгж хорооллын ХЕТ",1-р зэргийн туслах зам,,,,
526483,,,Polygon,107.014444,47.927977,ХЕТ-ний төлөвлөлтийн зам,17-р нэгж хорооллын 1-р зэрэглэлийн туслах зам,2015.04.15,3,"10, 14, 15, 16, 17, 18-р нэгж хорооллын ХЕТ",1-р зэргийн туслах зам,,,,
526484,,,Polygon,106.948027,47.904421,ХЕТ-ний төлөвлөлтийн зам,2-р зэргийн гол зам,2015.04.15,2,"10, 14, 15, 16, 17, 18-р нэгж хорооллын ХЕТ",2-р зэргийн туслах зам,,,,
526485,,,Polygon,106.964858,47.914833,ХЕТ-ний төлөвлөлтийн зам,"10, 14, 15-р нэгж хорооллыг дамнасан 1 зэр гол зам",2015.04.15,4,"10, 14, 15, 16, 17, 18-р нэгж хорооллын ХЕТ",1-р зэргийн гол зам,,,,
526486,,,Polygon,107.0067,47.913853,ХЕТ-ний төлөвлөлтийн зам,16-р нэгж хорооллын 1-р зэрэглэлийн туслах зам,2015.04.15,3,"10, 14, 15, 16, 17, 18-р нэгж хорооллын ХЕТ",1-р зэргийн туслах зам,,,,
526487,,,MultiPolygon,106.974715,47.919407,ХЕТ-ний төлөвлөлтийн зам,Төлөвлөгдсөн авто зам,2015.04.15,2,"10, 14, 15, 16, 17, 18-р нэгж хорооллын ХЕТ",-,,,,
526488,,,Polygon,107.007512,47.917579,ХЕТ-ний төлөвлөлтийн зам,16-р нэгж хорооллын 2-р зэрэглэлийн гол зам,2015.04.15,4,"10, 14, 15, 16, 17, 18-р нэгж хорооллын ХЕТ",2-р зэргийн гол зам,,,,
526489,,,Polygon,107.005707,47.909933,ХЕТ-ний төлөвлөлтийн зам,18-р нэгж хорооллын 1-р зэрэглэлийн туслах зам,2015.04.15,3,"10, 14, 15, 16, 17, 18-р нэгж хорооллын ХЕТ",1-р зэргийн туслах зам,,,,
526490,,,Polygon,107.007045,47.913762,ХЕТ-ний төлөвлөлтийн зам,Төлөвлөгдсөн авто зам,2015.04.15,2,"10, 14, 15, 16, 17, 18-р нэгж хорооллын ХЕТ",-,,,,
526491,,,Polygon,107.002853,47.898595,ХЕТ-ний төлөвлөлтийн зам,18-р нэгж хорооллын 2-р зэрэглэлийн туслах зам,2015.04.15,2,"10, 14, 15, 16, 17, 18-р нэгж хорооллын ХЕТ",2-р зэргийн туслах зам,,,,
526492,,,Polygon,107.004234,47.899722,ХЕТ-ний төлөвлөлтийн зам,18-р нэгж хорооллын 2-р зэрэглэлийн гол зам,2015.04.15,2,"10, 14, 15, 16, 17, 18-р нэгж хорооллын ХЕТ",2-р зэргийн туслах зам,,,,
526493,,,Polygon,107.014645,47.90389,ХЕТ-ний төлөвлөлтийн зам,Төлөвлөгдсөн явган хүний зам,2015.04.15,1,"10, 14, 15, 16, 17, 18-р нэгж хорооллын ХЕТ",Явган хүний зам 3 метр өргөнтэй,,,,
526494,,,Polygon,107.009261,47.904621,ХЕТ-ний төлөвлөлтийн зам,18-р нэгж хорооллын 2-р зэрэглэлийн туслах зам,2015.04.15,2,"10, 14, 15, 16, 17, 18-р нэгж хорооллын ХЕТ",2-р зэргийн туслах зам,,,,
526495,,,MultiPolygon,106.97409,47.919372,ХЕТ-ний төлөвлөлтийн зам,Төлөвлөгдсөн явган хүний зам,2015.04.15,1,"10, 14, 15, 16, 17, 18-р нэгж хорооллын ХЕТ",Явган хүний зам 3 метр өргөнтэй,,,,
526496,,,Polygon,107.005209,47.905175,ХЕТ-ний төлөвлөлтийн зам,Төлөвлөгдсөн явган хүний зам,2015.04.15,1,"10, 14, 15, 16, 17, 18-р нэгж хорооллын ХЕТ",Явган хүний зам 3 метр өргөнтэй,,,,
526497,,,MultiPolygon,107.028896,47.91712,ХЕТ-ний төлөвлөлтийн зам,Төлөвлөгдсөн явган хүний зам,2015.04.15,1,Үйлдвэр-4 нэгж хорооллын ХЕТ,Явган хүний зам 3 метр өргөнтэй,,,,
526498,,,MultiPolygon,107.028864,47.917018,ХЕТ-ний төлөвлөлтийн зам,Төлөвлөгдсөн дугуйн зам,2015.04.15,2,Үйлдвэр-4 нэгж хорооллын ХЕТ,Дугуйн зам,,,,
526499,,,Polygon,107.019559,47.933849,ХЕТ-ний төлөвлөлтийн зам,Төлөвлөгдсөн 1-р зэрэглэлийн туслах зам,2015.04.15,3 эгнээ,Үйлдвэр-4 нэгж хорооллын ХЕТ,2016.09.15 ний өдөр Т.Соёл-эрдэнэ мэдээг оруулав.,,,,
526500,,,MultiPolygon,107.026973,47.91443,ХЕТ-ний төлөвлөлтийн зам,Нутаг дэвсгэрийн гол гудамж зам,2015.04.15,2 эгнээ,Үйлдвэр-4 нэгж хорооллын ХЕТ,2016.09.15 ний өдөр Т.Соёл-эрдэнэ мэдээг оруулав.,,,,
526501,,,MultiPolygon,107.030304,47.910288,ХЕТ-ний төлөвлөлтийн зам,Төлөвлөгдсөн 2-р зэрэглэлийн гол зам,2015.04.15,4 эгнээ,Үйлдвэр-4 нэгж хорооллын ХЕТ,2016.09.15 ний өдөр Т.Соёл-эрдэнэ мэдээг оруулав.,,,,
526502,,,MultiPolygon,107.022637,47.917043,ХЕТ-ний төлөвлөлтийн зам,Төлөвлөгдсөн 2-р зэрэглэлийн гол зам,2015.04.15,4 эгнээ,Үйлдвэр-4 нэгж хорооллын ХЕТ,2016.09.15 ний өдөр Т.Соёл-эрдэнэ мэдээг оруулав.,,,,
526503,,,Polygon,107.020696,47.91663,ХЕТ-ний төлөвлөлтийн зам,Төлөвлөгдсөн 1-р зэргийн гол гудамж зам,2015.04.15,8 эгнээ,Үйлдвэр-4 нэгж хорооллын ХЕТ,2016.09.15 ний өдөр Т.Соёл-эрдэнэ мэдээг оруулав.,,,,
526504,,,MultiPolygon,107.026551,47.916674,ХЕТ-ний төлөвлөлтийн зам,Төлөвлөгдсөн 1-р зэргийн туслах гудамж зам,2015.04.15,3 эгнээ,Үйлдвэр-4 нэгж хорооллын ХЕТ,2016.09.15 ний өдөр Т.Соёл-эрдэнэ мэдээг оруулав.,,,,
526505,,,MultiPolygon,107.022342,47.900711,ХЕТ-ний төлөвлөлтийн зам,Төлөвлөгдсөн гүүр,2015.04.15,2 эгнээ,Үйлдвэр-4 нэгж хорооллын ХЕТ,2016.09.15 ний өдөр Т.Соёл-эрдэнэ мэдээг оруулав.,,,,
526506,,,MultiPolygon,107.099753,47.876636,ХЕТ-ний төлөвлөлтийн зам,Төлөвлөгдсөн явган хүний зам,2015.04.15,1,31-р нэгж хорооллын ХЕТ,2016.09.15 ний өдөр Т.Соёл-эрдэнэ мэдээг оруулав.,,,,
526507,,,Polygon,107.086249,47.890048,ХЕТ-ний төлөвлөлтийн зам,Төлөвлөгдсөн явган хүний зам,2015.04.15,1,31-р нэгж хорооллын ХЕТ,2016.09.15 ний өдөр Т.Соёл-эрдэнэ мэдээг оруулав.,,,,
526508,,,Polygon,107.091605,47.88707,ХЕТ-ний төлөвлөлтийн зам,Төлөвлөгдсөн явган хүний зам,2015.04.15,1,31-р нэгж хорооллын ХЕТ,2016.09.15 ний өдөр Т.Соёл-эрдэнэ мэдээг оруулав.,,,,
526509,,,Polygon,107.091605,47.88707,ХЕТ-ний төлөвлөлтийн зам,Төлөвлөгдсөн явган хүний зам,2015.04.15,1,31-р нэгж хорооллын ХЕТ,2016.09.15 ний өдөр Т.Соёл-эрдэнэ мэдээг оруулав.,,,,
526510,,,Polygon,107.091605,47.88707,ХЕТ-ний төлөвлөлтийн зам,Төлөвлөгдсөн явган хүний зам,2015.04.15,1,31-р нэгж хорооллын ХЕТ,2016.09.15 ний өдөр Т.Соёл-эрдэнэ мэдээг оруулав.,,,,
526511,,,Polygon,107.091605,47.88707,ХЕТ-ний төлөвлөлтийн зам,Төлөвлөгдсөн явган хүний зам,2015.04.15,1,31-р нэгж хорооллын ХЕТ,2016.09.15 ний өдөр Т.Соёл-эрдэнэ мэдээг оруулав.,,,,
526512,,,Polygon,107.097477,47.887482,ХЕТ-ний төлөвлөлтийн зам,Төлөвлөгдсөн явган хүний зам,2015.04.15,1,31-р нэгж хорооллын ХЕТ,2016.09.15 ний өдөр Т.Соёл-эрдэнэ мэдээг оруулав.,,,,
526513,,,Polygon,107.097477,47.887482,ХЕТ-ний төлөвлөлтийн зам,Төлөвлөгдсөн явган хүний зам,2015.04.15,1,31-р нэгж хорооллын ХЕТ,2016.09.15 ний өдөр Т.Соёл-эрдэнэ мэдээг оруулав.,,,,
526514,,,Polygon,107.097477,47.887482,ХЕТ-ний төлөвлөлтийн зам,Төлөвлөгдсөн явган хүний зам,2015.04.15,1,31-р нэгж хорооллын ХЕТ,2016.09.15 ний өдөр Т.Соёл-эрдэнэ мэдээг оруулав.,,,,
526515,,,Polygon,107.097477,47.887482,ХЕТ-ний төлөвлөлтийн зам,Төлөвлөгдсөн явган хүний зам,2015.04.15,1,31-р нэгж хорооллын ХЕТ,2016.09.15 ний өдөр Т.Соёл-эрдэнэ мэдээг оруулав.,,,,
526516,,,Polygon,107.100687,47.88963,ХЕТ-ний төлөвлөлтийн зам,Төлөвлөгдсөн явган хүний зам,2015.04.15,1,31-р нэгж хорооллын ХЕТ,2016.09.15 ний өдөр Т.Соёл-эрдэнэ мэдээг оруулав.,,,,
526517,,,Polygon,107.100687,47.88963,ХЕТ-ний төлөвлөлтийн зам,Төлөвлөгдсөн явган хүний зам,2015.04.15,1,31-р нэгж хорооллын ХЕТ,2016.09.15 ний өдөр Т.Соёл-эрдэнэ мэдээг оруулав.,,,,
526518,,,Polygon,107.100687,47.88963,ХЕТ-ний төлөвлөлтийн зам,Төлөвлөгдсөн явган хүний зам,2015.04.15,1,31-р нэгж хорооллын ХЕТ,2016.09.15 ний өдөр Т.Соёл-эрдэнэ мэдээг оруулав.,,,,
526519,,,Polygon,107.100687,47.88963,ХЕТ-ний төлөвлөлтийн зам,Төлөвлөгдсөн явган хүний зам,2015.04.15,1,31-р нэгж хорооллын ХЕТ,2016.09.15 ний өдөр Т.Соёл-эрдэнэ мэдээг оруулав.,,,,
526520,,,Polygon,107.10405,47.889319,ХЕТ-ний төлөвлөлтийн зам,Төлөвлөгдсөн явган хүний зам,2015.04.15,1,31-р нэгж хорооллын ХЕТ,2016.09.15 ний өдөр Т.Соёл-эрдэнэ мэдээг оруулав.,,,,
526521,,,Polygon,107.10405,47.889319,ХЕТ-ний төлөвлөлтийн зам,Төлөвлөгдсөн явган хүний зам,2015.04.15,1,31-р нэгж хорооллын ХЕТ,2016.09.15 ний өдөр Т.Соёл-эрдэнэ мэдээг оруулав.,,,,
526522,,,Polygon,107.10405,47.889319,ХЕТ-ний төлөвлөлтийн зам,Төлөвлөгдсөн явган хүний зам,2015.04.15,1,31-р нэгж хорооллын ХЕТ,2016.09.15 ний өдөр Т.Соёл-эрдэнэ мэдээг оруулав.,,,,
526523,,,Polygon,107.10405,47.889319,ХЕТ-ний төлөвлөлтийн зам,Төлөвлөгдсөн явган хүний зам,2015.04.15,1,31-р нэгж хорооллын ХЕТ,2016.09.15 ний өдөр Т.Соёл-эрдэнэ мэдээг оруулав.,,,,
526524,,,Polygon,107.101519,47.887219,ХЕТ-ний төлөвлөлтийн зам,Төлөвлөгдсөн явган хүний зам,2015.04.15,1,31-р нэгж хорооллын ХЕТ,2016.09.15 ний өдөр Т.Соёл-эрдэнэ мэдээг оруулав.,,,,
526525,,,Polygon,107.101519,47.887219,ХЕТ-ний төлөвлөлтийн зам,Төлөвлөгдсөн явган хүний зам,2015.04.15,1,31-р нэгж хорооллын ХЕТ,2016.09.15 ний өдөр Т.Соёл-эрдэнэ мэдээг оруулав.,,,,
526526,,,Polygon,107.101519,47.887219,ХЕТ-ний төлөвлөлтийн зам,Төлөвлөгдсөн явган хүний зам,2015.04.15,1,31-р нэгж хорооллын ХЕТ,2016.09.15 ний өдөр Т.Соёл-эрдэнэ мэдээг оруулав.,,,,
526527,,,Polygon,107.101519,47.887219,ХЕТ-ний төлөвлөлтийн зам,Төлөвлөгдсөн явган хүний зам,2015.04.15,1,31-р нэгж хорооллын ХЕТ,2016.09.15 ний өдөр Т.Соёл-эрдэнэ мэдээг оруулав.,,,,
526528,,,Polygon,107.101725,47.884972,ХЕТ-ний төлөвлөлтийн зам,Төлөвлөгдсөн явган хүний зам,2015.04.15,1,31-р нэгж хорооллын ХЕТ,2016.09.15 ний өдөр Т.Соёл-эрдэнэ мэдээг оруулав.,,,,
526529,,,Polygon,107.101725,47.884972,ХЕТ-ний төлөвлөлтийн зам,Төлөвлөгдсөн явган хүний зам,2015.04.15,1,31-р нэгж хорооллын ХЕТ,2016.09.15 ний өдөр Т.Соёл-эрдэнэ мэдээг оруулав.,,,,
526530,,,Polygon,107.101725,47.884972,ХЕТ-ний төлөвлөлтийн зам,Төлөвлөгдсөн явган хүний зам,2015.04.15,1,31-р нэгж хорооллын ХЕТ,2016.09.15 ний өдөр Т.Соёл-эрдэнэ мэдээг оруулав.,,,,
526531,,,Polygon,107.09318,47.884526,ХЕТ-ний төлөвлөлтийн зам,Төлөвлөгдсөн явган хүний зам,2015.04.15,1,31-р нэгж хорооллын ХЕТ,2016.09.15 ний өдөр Т.Соёл-эрдэнэ мэдээг оруулав.,,,,
526532,,,Polygon,107.096228,47.88176,ХЕТ-ний төлөвлөлтийн зам,Төлөвлөгдсөн явган хүний зам,2015.04.15,1,31-р нэгж хорооллын ХЕТ,2016.09.15 ний өдөр Т.Соёл-эрдэнэ мэдээг оруулав.,,,,
526533,,,Polygon,107.096228,47.88176,ХЕТ-ний төлөвлөлтийн зам,Төлөвлөгдсөн явган хүний зам,2015.04.15,1,31-р нэгж хорооллын ХЕТ,2016.09.15 ний өдөр Т.Соёл-эрдэнэ мэдээг оруулав.,,,,
526534,,,Polygon,107.096228,47.88176,ХЕТ-ний төлөвлөлтийн зам,Төлөвлөгдсөн явган хүний зам,2015.04.15,1,31-р нэгж хорооллын ХЕТ,2016.09.15 ний өдөр Т.Соёл-эрдэнэ мэдээг оруулав.,,,,
526535,,,Polygon,107.096228,47.88176,ХЕТ-ний төлөвлөлтийн зам,Төлөвлөгдсөн явган хүний зам,2015.04.15,1,31-р нэгж хорооллын ХЕТ,2016.09.15 ний өдөр Т.Соёл-эрдэнэ мэдээг оруулав.,,,,
526536,,,Polygon,107.101577,47.879035,ХЕТ-ний төлөвлөлтийн зам,Төлөвлөгдсөн явган хүний зам,2015.04.15,1,31-р нэгж хорооллын ХЕТ,2016.09.15 ний өдөр Т.Соёл-эрдэнэ мэдээг оруулав.,,,,
526537,,,Polygon,107.101577,47.879035,ХЕТ-ний төлөвлөлтийн зам,Төлөвлөгдсөн явган хүний зам,2015.04.15,1,31-р нэгж хорооллын ХЕТ,2016.09.15 ний өдөр Т.Соёл-эрдэнэ мэдээг оруулав.,,,,
526538,,,Polygon,107.101577,47.879035,ХЕТ-ний төлөвлөлтийн зам,Төлөвлөгдсөн явган хүний зам,2015.04.15,1,31-р нэгж хорооллын ХЕТ,2016.09.15 ний өдөр Т.Соёл-эрдэнэ мэдээг оруулав.,,,,
526539,,,Polygon,107.101577,47.879035,ХЕТ-ний төлөвлөлтийн зам,Төлөвлөгдсөн явган хүний зам,2015.04.15,1,31-р нэгж хорооллын ХЕТ,2016.09.15 ний өдөр Т.Соёл-эрдэнэ мэдээг оруулав.,,,,
526540,,,Polygon,107.100899,47.881631,ХЕТ-ний төлөвлөлтийн зам,Төлөвлөгдсөн явган хүний зам,2015.04.15,1,31-р нэгж хорооллын ХЕТ,2016.09.15 ний өдөр Т.Соёл-эрдэнэ мэдээг оруулав.,,,,
526541,,,Polygon,107.100899,47.881631,ХЕТ-ний төлөвлөлтийн зам,Төлөвлөгдсөн явган хүний зам,2015.04.15,1,31-р нэгж хорооллын ХЕТ,2016.09.15 ний өдөр Т.Соёл-эрдэнэ мэдээг оруулав.,,,,
526542,,,Polygon,107.100899,47.881631,ХЕТ-ний төлөвлөлтийн зам,Төлөвлөгдсөн явган хүний зам,2015.04.15,1,31-р нэгж хорооллын ХЕТ,2016.09.15 ний өдөр Т.Соёл-эрдэнэ мэдээг оруулав.,,,,
526543,,,Polygon,107.100899,47.881631,ХЕТ-ний төлөвлөлтийн зам,Төлөвлөгдсөн явган хүний зам,2015.04.15,1,31-р нэгж хорооллын ХЕТ,2016.09.15 ний өдөр Т.Соёл-эрдэнэ мэдээг оруулав.,,,,
526544,,,Polygon,107.092334,47.882417,ХЕТ-ний төлөвлөлтийн зам,Төлөвлөгдсөн явган хүний зам,2015.04.15,1,31-р нэгж хорооллын ХЕТ,2016.09.15 ний өдөр Т.Соёл-эрдэнэ мэдээг оруулав.,,,,
526545,,,Polygon,107.100885,47.876009,ХЕТ-ний төлөвлөлтийн зам,Туслах гудамж зам-1,2015.04.15,2 эгнээтэй,31-р нэгж хорооллын ХЕТ,2016.09.15 ний өдөр Т.Соёл-эрдэнэ мэдээг оруулав.,,,,
526546,,,Polygon,107.126564,47.865206,ХЕТ-ний төлөвлөлтийн зам,Орон сууцны ил зогсоол,2015.04.15,,31-р нэгж хорооллын ХЕТ,2016.09.15 ний өдөр Т.Соёл-эрдэнэ мэдээг оруулав.,,,,
526547,,,Polygon,107.12615,47.865386,ХЕТ-ний төлөвлөлтийн зам,Орон сууцны ил зогсоол,2015.04.15,,31-р нэгж хорооллын ХЕТ,2016.09.15 ний өдөр Т.Соёл-эрдэнэ мэдээг оруулав.,,,,
526548,,,Polygon,107.126639,47.867045,ХЕТ-ний төлөвлөлтийн зам,Орон сууцны ил зогсоол,2015.04.15,,31-р нэгж хорооллын ХЕТ,2016.09.15 ний өдөр Т.Соёл-эрдэнэ мэдээг оруулав.,,,,
526549,,,Polygon,107.125323,47.871089,ХЕТ-ний төлөвлөлтийн зам,Орон сууцны ил зогсоол,2015.04.15,,31-р нэгж хорооллын ХЕТ,2016.09.15 ний өдөр Т.Соёл-эрдэнэ мэдээг оруулав.,,,,
526550,,,Polygon,107.122937,47.869706,ХЕТ-ний төлөвлөлтийн зам,Орон сууцны ил зогсоол,2015.04.15,,31-р нэгж хорооллын ХЕТ,2016.09.15 ний өдөр Т.Соёл-эрдэнэ мэдээг оруулав.,,,,
526551,,,Polygon,107.121865,47.869078,ХЕТ-ний төлөвлөлтийн зам,Орон сууцны ил зогсоол,2015.04.15,,31-р нэгж хорооллын ХЕТ,2016.09.15 ний өдөр Т.Соёл-эрдэнэ мэдээг оруулав.,,,,
526552,,,Polygon,107.12386,47.869042,ХЕТ-ний төлөвлөлтийн зам,Орон сууцны ил зогсоол,2015.04.15,,31-р нэгж хорооллын ХЕТ,2016.09.15 ний өдөр Т.Соёл-эрдэнэ мэдээг оруулав.,,,,
526553,,,Polygon,107.072825,47.887712,ХЕТ-ний төлөвлөлтийн зам,Замын дээгүүр гүүрэн гарц,2015.04.15,6 метр өндөр,31-р нэгж хорооллын ХЕТ,2016.09.15 ний өдөр Т.Соёл-эрдэнэ мэдээг оруулав.,,,,
526554,,,Polygon,107.077555,47.889624,ХЕТ-ний төлөвлөлтийн зам,Төлөвлөж буй гүүр,2015.04.15,3 метр өндөр,31-р нэгж хорооллын ХЕТ,2016.09.15 ний өдөр Т.Соёл-эрдэнэ мэдээг оруулав.,,,,
526555,,,MultiPolygon,106.996151,47.934198,ХЕТ-ний төлөвлөлтийн зам,1-р зэргийн туслах зам,2015.04.15,3 эгнээ,Шар хад нэгж хорооллын ХЕТ,2016.09.15 ний өдөр Т.Соёл-эрдэнэ мэдээг оруулав.,,,,
526556,,,MultiPolygon,106.995614,47.938832,ХЕТ-ний төлөвлөлтийн зам,2-р зэргийн туслах зам,2015.04.15,2 эгнээ,Шар хад нэгж хорооллын ХЕТ,2016.09.15 ний өдөр Т.Соёл-эрдэнэ мэдээг оруулав.,,,,
526557,,,Polygon,107.271097,47.741872,ХЕТ-ний төлөвлөлтийн зам,Төлөвлөгдсөн зам,2014.09.26,2,Налайх дүүргийн АҮТП-н ХЕТ,,,,,
526558,,,Polygon,107.316303,47.801081,ХЕТ-ний төлөвлөлтийн зам,Хотын чанартай туслах зам,2013.05.14,2,Налайх дүүргийн хэсэгчилсэн ерөнхий төлөвлөгөө,2016.01.04 ний өдөр мэдээг оруулав,,,,
526559,,,Polygon,107.288094,47.73336,ХЕТ-ний төлөвлөлтийн зам,Төлөвлөсөн авто зогсоол,2014.09.26,,Налайх дүүргийн АҮТП-н ХЕТ,,,,,
526560,,,Polygon,107.278903,47.729529,ХЕТ-ний төлөвлөлтийн зам,Төлөвлөсөн авто зогсоол,2014.09.26,,Налайх дүүргийн АҮТП-н ХЕТ,,,,,
526561,,,Polygon,107.281747,47.733218,ХЕТ-ний төлөвлөлтийн зам,Төлөвлөсөн авто зогсоол,2014.09.26,,Налайх дүүргийн АҮТП-н ХЕТ,,,,,
526562,,,Polygon,107.283712,47.733178,ХЕТ-ний төлөвлөлтийн зам,Төлөвлөсөн авто зогсоол,2014.09.26,,Налайх дүүргийн АҮТП-н ХЕТ,,,,,
526563,,,Polygon,107.283861,47.733373,ХЕТ-ний төлөвлөлтийн зам,Төлөвлөсөн авто зогсоол,2014.09.26,,Налайх дүүргийн АҮТП-н ХЕТ,,,,,
526564,,,Polygon,107.287246,47.732714,ХЕТ-ний төлөвлөлтийн зам,Төлөвлөсөн авто зогсоол,2014.09.26,,Налайх дүүргийн АҮТП-н ХЕТ,,,,,
526565,,,Polygon,107.287519,47.732714,ХЕТ-ний төлөвлөлтийн зам,Төлөвлөсөн авто зогсоол,2014.09.26,,Налайх дүүргийн АҮТП-н ХЕТ,,,,,
526566,,,Polygon,107.285498,47.73145,ХЕТ-ний төлөвлөлтийн зам,Төлөвлөсөн авто зогсоол,2014.09.26,,Налайх дүүргийн АҮТП-н ХЕТ,,,,,
526567,,,Polygon,107.285502,47.729727,ХЕТ-ний төлөвлөлтийн зам,Төлөвлөсөн авто зогсоол,2014.09.26,,Налайх дүүргийн АҮТП-н ХЕТ,,,,,
526568,,,Polygon,107.274444,47.734133,ХЕТ-ний төлөвлөлтийн зам,Төлөвлөсөн авто зогсоол,2014.09.26,,Налайх дүүргийн АҮТП-н ХЕТ,,,,,
526569,,,Polygon,107.274568,47.733976,ХЕТ-ний төлөвлөлтийн зам,Төлөвлөсөн авто зогсоол,2014.09.26,,Налайх дүүргийн АҮТП-н ХЕТ,,,,,
526570,,,Polygon,107.274692,47.733818,ХЕТ-ний төлөвлөлтийн зам,Төлөвлөсөн авто зогсоол,2014.09.26,,Налайх дүүргийн АҮТП-н ХЕТ,,,,,
526571,,,Polygon,107.278878,47.728292,ХЕТ-ний төлөвлөлтийн зам,Төлөвлөсөн авто зогсоол,2014.09.26,,Налайх дүүргийн АҮТП-н ХЕТ,-,,,,
526572,,,Polygon,107.281706,47.728221,ХЕТ-ний төлөвлөлтийн зам,Төлөвлөсөн авто зогсоол,2014.09.26,,Налайх дүүргийн АҮТП-н ХЕТ,-,,,,
526573,,,Polygon,107.283373,47.728219,ХЕТ-ний төлөвлөлтийн зам,Төлөвлөсөн авто зогсоол,2014.09.26,,Налайх дүүргийн АҮТП-н ХЕТ,-,,,,
526574,,,Polygon,107.284653,47.730817,ХЕТ-ний төлөвлөлтийн зам,Төлөвлөсөн авто зогсоол,2014.09.26,,Налайх дүүргийн АҮТП-н ХЕТ,-,,,,
526575,,,Polygon,107.285963,47.728319,ХЕТ-ний төлөвлөлтийн зам,Төлөвлөсөн авто зогсоол,2014.09.26,,Налайх дүүргийн АҮТП-н ХЕТ,-,,,,
526576,,,Polygon,107.276561,47.733383,ХЕТ-ний төлөвлөлтийн зам,Төлөвлөгдсөн авто зогсоол,2014.09.26,,Налайх дүүргийн АҮТП-н ХЕТ,,,,,
526577,,,Polygon,107.28013,47.729888,ХЕТ-ний төлөвлөлтийн зам,Төлөвлөгдсөн авто зогсоол,2014.09.26,,Налайх дүүргийн АҮТП-н ХЕТ,,,,,
526578,,,MultiPolygon,107.278722,47.731265,ХЕТ-ний төлөвлөлтийн зам,Төлөвлөж буй явган зам талбай,2014.09.26,1,Налайх дүүргийн АҮТП-н ХЕТ,,,,,
526579,,,MultiPolygon,107.309332,47.757987,ХЕТ-ний төлөвлөлтийн зам,Төлөвлөж буй явган зам талбай,2014.09.26,1,Налайх дүүргийн АҮТП-н ХЕТ,,,,,
526580,,,Polygon,106.801939,47.84385,ХЕТ-ний төлөвлөлтийн зам,2-р зэрэглэлийн гол зам,2011.01.24,2-6,Нисэх Яармаг орчмын орон сууцны хорооллын ЕТ,2015.11.20 НИТХТ 198 батлагдсан,,,,
526581,,,Polygon,106.762139,47.858148,ХЕТ-ний төлөвлөлтийн зам,1-р зэрэглэлийн туслах зам,2011.01.24,2-4,Нисэх Яармаг орчмын орон сууцны хорооллын ЕТ,2015.11.20 НИТХТ 198 батлагдсан,,,,
526582,,,Polygon,106.762828,47.863566,ХЕТ-ний төлөвлөлтийн зам,1-р зэрэглэлийн туслах зам,2011.01.24,2-4,Нисэх Яармаг орчмын орон сууцны хорооллын ЕТ,2015.11.20 НИТХТ 198 батлагдсан,,,,
526583,,,Polygon,106.768048,47.866869,ХЕТ-ний төлөвлөлтийн зам,1-р зэрэглэлийн туслах зам,2011.01.24,2-4,Нисэх Яармаг орчмын орон сууцны хорооллын ЕТ,2015.11.20 НИТХТ 198 батлагдсан,,,,
526584,,,Polygon,106.784529,47.861788,ХЕТ-ний төлөвлөлтийн зам,2-р зэрэглэлийн туслах зам,2011.01.24,2,Нисэх Яармаг орчмын орон сууцны хорооллын ЕТ,2015.11.20 НИТХТ 198 батлагдсан,,,,
526585,,,Polygon,106.777496,47.858728,ХЕТ-ний төлөвлөлтийн зам,2-р зэрэглэлийн туслах зам,2011.01.24,2,Нисэх Яармаг орчмын орон сууцны хорооллын ЕТ,2015.11.20 НИТХТ 198 батлагдсан,,,,
526586,,,Polygon,106.75983,47.867365,ХЕТ-ний төлөвлөлтийн зам,2-р зэрэглэлийн туслах зам,2011.01.24,2,Нисэх Яармаг орчмын орон сууцны хорооллын ЕТ,2015.11.20 НИТХТ 198 батлагдсан,,,,
526587,,,Polygon,106.783726,47.868229,ХЕТ-ний төлөвлөлтийн зам,2-р зэрэглэлийн туслах зам,2011.01.24,2,Нисэх Яармаг орчмын орон сууцны хорооллын ЕТ,2015.11.20 НИТХТ 198 батлагдсан,,,,
526588,,,Polygon,106.824953,47.864398,ХЕТ-ний төлөвлөлтийн зам,2-р зэрэглэлийн гол зам,2011.01.24,2-6,Нисэх Яармаг орчмын орон сууцны хорооллын ЕТ,2015.11.20 НИТХТ 198 батлагдсан,,,,
526589,,,Polygon,106.827859,47.856785,ХЕТ-ний төлөвлөлтийн зам,2-р зэрэглэлийн гол зам,2011.01.24,2-6,Нисэх Яармаг орчмын орон сууцны хорооллын ЕТ,2015.11.20 НИТХТ 198 батлагдсан,,,,
526590,,,MultiPolygon,106.834416,47.858438,ХЕТ-ний төлөвлөлтийн зам,1-р зэрэглэлийн туслах зам,2011.01.24,2-4,Нисэх Яармаг орчмын орон сууцны хорооллын ЕТ,2015.11.20 НИТХТ 198 батлагдсан,,,,
526591,,,MultiPolygon,106.838877,47.863103,ХЕТ-ний төлөвлөлтийн зам,2-р зэрэглэлийн туслах зам,2011.01.24,2,Нисэх Яармаг орчмын орон сууцны хорооллын ЕТ,2015.11.20 НИТХТ 198 батлагдсан,,,,
526592,,,Polygon,106.8358,47.858689,ХЕТ-ний төлөвлөлтийн зам,2-р зэрэглэлийн туслах зам,2011.01.24,2,Нисэх Яармаг орчмын орон сууцны хорооллын ЕТ,2015.11.20 НИТХТ 198 батлагдсан,,,,
526593,,,Polygon,106.746375,47.829298,ХЕТ-ний төлөвлөлтийн зам,2-р зэрэглэлийн туслах зам,2011.01.24,2,Нисэх Яармаг орчмын орон сууцны хорооллын ЕТ,2015.11.20 НИТХТ 198 батлагдсан,,,,
526594,,,Polygon,106.827211,47.868564,ХЕТ-ний төлөвлөлтийн зам,2-р зэрэглэлийн туслах зам,2011.01.24,2,Нисэх Яармаг орчмын орон сууцны хорооллын ЕТ,2015.11.20 НИТХТ 198 батлагдсан,,,,
526595,,,Polygon,106.818724,47.859343,ХЕТ-ний төлөвлөлтийн зам,2-р зэрэглэлийн туслах зам,2011.01.24,2,Нисэх Яармаг орчмын орон сууцны хорооллын ЕТ,2015.11.20 НИТХТ 198 батлагдсан,,,,
526596,,,Polygon,106.816263,47.86142,ХЕТ-ний төлөвлөлтийн зам,2-р зэрэглэлийн туслах зам,2011.01.24,2,Нисэх Яармаг орчмын орон сууцны хорооллын ЕТ,2015.11.20 НИТХТ 198 батлагдсан,,,,
526597,,,Polygon,106.819023,47.862686,ХЕТ-ний төлөвлөлтийн зам,2-р зэрэглэлийн туслах зам,2011.01.24,2,Нисэх Яармаг орчмын орон сууцны хорооллын ЕТ,2015.11.20 НИТХТ 198 батлагдсан,,,,
526598,,,Polygon,106.820606,47.860283,ХЕТ-ний төлөвлөлтийн зам,2-р зэрэглэлийн туслах зам,2011.01.24,2,Нисэх Яармаг орчмын орон сууцны хорооллын ЕТ,2015.11.20 НИТХТ 198 батлагдсан,,,,
526599,,,MultiPolygon,106.784661,47.851098,ХЕТ-ний төлөвлөлтийн зам,2-р зэрэглэлийн туслах зам,2011.01.24,2,Нисэх Яармаг орчмын орон сууцны хорооллын ЕТ,2015.11.20 НИТХТ 198 батлагдсан,,,,
526600,,,Polygon,106.740993,47.833485,ХЕТ-ний төлөвлөлтийн зам,2-р зэрэглэлийн гол зам,2011.01.24,2-6,Нисэх Яармаг орчмын орон сууцны хорооллын ЕТ,2015.11.20 НИТХТ 198 батлагдсан,,,,
526601,,,Polygon,106.810788,47.873937,ХЕТ-ний төлөвлөлтийн зам,1-р зэрэглэлийн туслах зам,2011.01.24,2-4,Нисэх Яармаг орчмын орон сууцны хорооллын ЕТ,2015.11.20 НИТХТ 198 батлагдсан,,,,
526602,,,Polygon,106.819041,47.874293,ХЕТ-ний төлөвлөлтийн зам,1-р зэрэглэлийн туслах зам,2011.01.24,2-4,Нисэх Яармаг орчмын орон сууцны хорооллын ЕТ,2015.11.20 НИТХТ 198 батлагдсан,,,,
526603,,,Polygon,106.819341,47.870489,ХЕТ-ний төлөвлөлтийн зам,2-р зэрэглэлийн туслах зам,2011.01.24,2,Нисэх Яармаг орчмын орон сууцны хорооллын ЕТ,2015.11.20 НИТХТ 198 батлагдсан,,,,
526604,,,Polygon,106.800596,47.860452,ХЕТ-ний төлөвлөлтийн зам,2-р зэрэглэлийн туслах зам,2011.01.24,2,Нисэх Яармаг орчмын орон сууцны хорооллын ЕТ,2015.11.20 НИТХТ 198 батлагдсан,,,,
526605,,,Polygon,106.7928,47.855346,ХЕТ-ний төлөвлөлтийн зам,2-р зэрэглэлийн туслах зам,2011.01.24,2,Нисэх Яармаг орчмын орон сууцны хорооллын ЕТ,2015.11.20 НИТХТ 198 батлагдсан,,,,
526606,,,Polygon,106.797732,47.859402,ХЕТ-ний төлөвлөлтийн зам,2-р зэрэглэлийн туслах зам,2011.01.24,2,Нисэх Яармаг орчмын орон сууцны хорооллын ЕТ,2015.11.20 НИТХТ 198 батлагдсан,,,,
526607,,,Polygon,106.795469,47.854628,ХЕТ-ний төлөвлөлтийн зам,2-р зэрэглэлийн туслах зам,2011.01.24,2,Нисэх Яармаг орчмын орон сууцны хорооллын ЕТ,2015.11.20 НИТХТ 198 батлагдсан,,,,
526608,,,Polygon,106.798771,47.857073,ХЕТ-ний төлөвлөлтийн зам,2-р зэрэглэлийн туслах зам,2011.01.24,2,Нисэх Яармаг орчмын орон сууцны хорооллын ЕТ,2015.11.20 НИТХТ 198 батлагдсан,,,,
526609,,,Polygon,106.799401,47.855782,ХЕТ-ний төлөвлөлтийн зам,2-р зэрэглэлийн туслах зам,2011.01.24,2,Нисэх Яармаг орчмын орон сууцны хорооллын ЕТ,2015.11.20 НИТХТ 198 батлагдсан,,,,
526610,,,Polygon,106.800856,47.841529,ХЕТ-ний төлөвлөлтийн зам,2-р зэрэглэлийн туслах зам,2011.01.24,2,Нисэх Яармаг орчмын орон сууцны хорооллын ЕТ,2015.11.20 НИТХТ 198 батлагдсан,,,,
526611,,,Polygon,106.799745,47.844343,ХЕТ-ний төлөвлөлтийн зам,2-р зэрэглэлийн туслах зам,2011.01.24,2,Нисэх Яармаг орчмын орон сууцны хорооллын ЕТ,2015.11.20 НИТХТ 198 батлагдсан,,,,
526612,,,Polygon,106.804213,47.841677,ХЕТ-ний төлөвлөлтийн зам,2-р зэрэглэлийн гол зам,2011.01.24,2-6,Нисэх Яармаг орчмын орон сууцны хорооллын ЕТ,2015.11.20 НИТХТ 198 батлагдсан,,,,
526613,,,Polygon,106.752417,47.824569,ХЕТ-ний төлөвлөлтийн зам,2-р зэрэглэлийн гол зам,2011.01.24,2-6,Нисэх Яармаг орчмын орон сууцны хорооллын ЕТ,2015.11.20 НИТХТ 198 батлагдсан,,,,
526614,,,Polygon,106.892867,47.916342,ХЕТ-ний төлөвлөлтийн зам,Төлөвлөгдсөн явган болон дугуйн зам,2012.05.17,1,"""Гандантэгчэнлин хийд"" орчмын гэр хорооллын ШДТ",Холимог ашиглалттай зам,,,,
526615,,,MultiPolygon,106.896538,47.917696,ХЕТ-ний төлөвлөлтийн зам,Төлөвлөгдсөн явган болон дугуйн зам,2012.05.17,1,"""Гандантэгчэнлин хийд"" орчмын гэр хорооллын ШДТ",Холимог ашиглалттай зам,,,,
526616,,,Polygon,106.896538,47.917694,ХЕТ-ний төлөвлөлтийн зам,Төлөвлөгдсөн явган болон дугуйн зам,2012.05.17,1,"""Гандантэгчэнлин хийд"" орчмын гэр хорооллын ШДТ",Холимог ашиглалттай зам,,,,
526617,,,Polygon,106.891908,47.91832,ХЕТ-ний төлөвлөлтийн зам,Төлөвлөгдсөн явган болон дугуйн зам,2012.05.17,1,"""Гандантэгчэнлин хийд"" орчмын гэр хорооллын ШДТ",Холимог ашиглалттай зам,,,,
526618,,,Polygon,106.89313,47.918491,ХЕТ-ний төлөвлөлтийн зам,Төлөвлөгдсөн явган болон дугуйн зам,2012.05.17,1,"""Гандантэгчэнлин хийд"" орчмын гэр хорооллын ШДТ",Холимог ашиглалттай зам,,,,
526619,,,Polygon,106.892886,47.917977,ХЕТ-ний төлөвлөлтийн зам,Төлөвлөгдсөн явган болон дугуйн зам,2012.05.17,1,"""Гандантэгчэнлин хийд"" орчмын гэр хорооллын ШДТ",Холимог ашиглалттай зам,,,,
526620,,,Polygon,106.892857,47.918886,ХЕТ-ний төлөвлөлтийн зам,Төлөвлөгдсөн явган болон дугуйн зам,2012.05.17,1,"""Гандантэгчэнлин хийд"" орчмын гэр хорооллын ШДТ",Холимог ашиглалттай зам,,,,
526621,,,Polygon,106.892846,47.919221,ХЕТ-ний төлөвлөлтийн зам,Төлөвлөгдсөн явган болон дугуйн зам,2012.05.17,1,"""Гандантэгчэнлин хийд"" орчмын гэр хорооллын ШДТ",Холимог ашиглалттай зам,,,,
526622,,,Polygon,106.892826,47.919568,ХЕТ-ний төлөвлөлтийн зам,Төлөвлөгдсөн явган болон дугуйн зам,2012.05.17,1,"""Гандантэгчэнлин хийд"" орчмын гэр хорооллын ШДТ",Холимог ашиглалттай зам,,,,
526623,,,Polygon,106.892817,47.919839,ХЕТ-ний төлөвлөлтийн зам,Төлөвлөгдсөн явган болон дугуйн зам,2012.05.17,1,"""Гандантэгчэнлин хийд"" орчмын гэр хорооллын ШДТ",Холимог ашиглалттай зам,,,,
526624,,,Polygon,106.892808,47.920107,ХЕТ-ний төлөвлөлтийн зам,Төлөвлөгдсөн явган болон дугуйн зам,2012.05.17,1,"""Гандантэгчэнлин хийд"" орчмын гэр хорооллын ШДТ",Холимог ашиглалттай зам,,,,
526625,,,Polygon,106.892799,47.920412,ХЕТ-ний төлөвлөлтийн зам,Төлөвлөгдсөн явган болон дугуйн зам,2012.05.17,1,"""Гандантэгчэнлин хийд"" орчмын гэр хорооллын ШДТ",Холимог ашиглалттай зам,,,,
526626,,,Polygon,106.891991,47.920796,ХЕТ-ний төлөвлөлтийн зам,Төлөвлөгдсөн явган болон дугуйн зам,2012.05.17,1,"""Гандантэгчэнлин хийд"" орчмын гэр хорооллын ШДТ",Холимог ашиглалттай зам,,,,
526627,,,Polygon,106.891987,47.921171,ХЕТ-ний төлөвлөлтийн зам,Төлөвлөгдсөн явган болон дугуйн зам,2012.05.17,1,"""Гандантэгчэнлин хийд"" орчмын гэр хорооллын ШДТ",Холимог ашиглалттай зам,,,,
526628,,,Polygon,106.891979,47.921496,ХЕТ-ний төлөвлөлтийн зам,Төлөвлөгдсөн явган болон дугуйн зам,2012.05.17,1,"""Гандантэгчэнлин хийд"" орчмын гэр хорооллын ШДТ",Холимог ашиглалттай зам,,,,
526629,,,Polygon,106.891975,47.922241,ХЕТ-ний төлөвлөлтийн зам,Төлөвлөгдсөн явган болон дугуйн зам,2012.05.17,1,"""Гандантэгчэнлин хийд"" орчмын гэр хорооллын ШДТ",Холимог ашиглалттай зам,,,,
526630,,,Polygon,106.891979,47.923051,ХЕТ-ний төлөвлөлтийн зам,Төлөвлөгдсөн явган болон дугуйн зам,2012.05.17,1,"""Гандантэгчэнлин хийд"" орчмын гэр хорооллын ШДТ",Холимог ашиглалттай зам,,,,
526631,,,Polygon,106.893253,47.923361,ХЕТ-ний төлөвлөлтийн зам,Төлөвлөгдсөн явган болон дугуйн зам,2012.05.17,1,"""Гандантэгчэнлин хийд"" орчмын гэр хорооллын ШДТ",Холимог ашиглалттай зам,,,,
526632,,,Polygon,106.894752,47.922032,ХЕТ-ний төлөвлөлтийн зам,Төлөвлөгдсөн явган болон дугуйн зам,2012.05.17,1,"""Гандантэгчэнлин хийд"" орчмын гэр хорооллын ШДТ",Холимог ашиглалттай зам,,,,
526633,,,Polygon,106.897362,47.920236,ХЕТ-ний төлөвлөлтийн зам,Төлөвлөгдсөн явган болон дугуйн зам,2012.05.17,1,"""Гандантэгчэнлин хийд"" орчмын гэр хорооллын ШДТ",Холимог ашиглалттай зам,,,,
526634,,,Polygon,106.897393,47.919954,ХЕТ-ний төлөвлөлтийн зам,Төлөвлөгдсөн явган болон дугуйн зам,2012.05.17,1,"""Гандантэгчэнлин хийд"" орчмын гэр хорооллын ШДТ",Холимог ашиглалттай зам,,,,
526635,,,Polygon,106.892116,47.923686,ХЕТ-ний төлөвлөлтийн зам,Төлөвлөгдсөн явган болон дугуйн зам,2012.05.17,1,"""Гандантэгчэнлин хийд"" орчмын гэр хорооллын ШДТ",Холимог ашиглалттай зам,,,,
526636,,,Polygon,106.892168,47.923711,ХЕТ-ний төлөвлөлтийн зам,Төлөвлөгдсөн явган болон дугуйн зам,2012.05.17,1,"""Гандантэгчэнлин хийд"" орчмын гэр хорооллын ШДТ",Холимог ашиглалттай зам,,,,
526637,,,Polygon,106.896046,47.923693,ХЕТ-ний төлөвлөлтийн зам,Төлөвлөгдсөн явган болон дугуйн зам,2012.05.17,1,"""Гандантэгчэнлин хийд"" орчмын гэр хорооллын ШДТ",Холимог ашиглалттай зам,,,,
526638,,,Polygon,106.892235,47.92351,ХЕТ-ний төлөвлөлтийн зам,Төлөвлөгдсөн явган болон дугуйн зам,2012.05.17,1,"""Гандантэгчэнлин хийд"" орчмын гэр хорооллын ШДТ",Холимог ашиглалттай зам,,,,
526639,,,Polygon,106.893332,47.923852,ХЕТ-ний төлөвлөлтийн зам,Төлөвлөгдсөн явган болон дугуйн зам,2012.05.17,1,"""Гандантэгчэнлин хийд"" орчмын гэр хорооллын ШДТ",Холимог ашиглалттай зам,,,,
526640,,,Polygon,106.895605,47.924054,ХЕТ-ний төлөвлөлтийн зам,Төлөвлөгдсөн явган болон дугуйн зам,2012.05.17,1,"""Гандантэгчэнлин хийд"" орчмын гэр хорооллын ШДТ",Холимог ашиглалттай зам,,,,
526641,,,Polygon,107.272432,47.732056,ХЕТ-ний төлөвлөлтийн зам,Төлөвлөсөн авто зогсоол,2014.09.26,,Налайх дүүргийн АҮТП-н ХЕТ,,,,,
526642,,,Polygon,107.27388,47.732586,ХЕТ-ний төлөвлөлтийн зам,Төлөвлөсөн авто зогсоол,2014.09.26,,Налайх дүүргийн АҮТП-н ХЕТ,,,,,
526643,,,Polygon,107.274382,47.734292,ХЕТ-ний төлөвлөлтийн зам,Төлөвлөсөн авто зогсоол,2014.09.26,,Налайх дүүргийн АҮТП-н ХЕТ,,,,,
526644,,,Polygon,107.274815,47.73366,ХЕТ-ний төлөвлөлтийн зам,Төлөвлөсөн авто зогсоол,2014.09.26,,Налайх дүүргийн АҮТП-н ХЕТ,,,,,
526645,,,Polygon,107.274939,47.733503,ХЕТ-ний төлөвлөлтийн зам,Төлөвлөсөн авто зогсоол,2014.09.26,,Налайх дүүргийн АҮТП-н ХЕТ,,,,,
526646,,,Polygon,107.276698,47.734437,ХЕТ-ний төлөвлөлтийн зам,Төлөвлөсөн авто зогсоол,2014.09.26,,Налайх дүүргийн АҮТП-н ХЕТ,,,,,
526647,,,Polygon,107.27826,47.732878,ХЕТ-ний төлөвлөлтийн зам,Төлөвлөсөн авто зогсоол,2014.09.26,,Налайх дүүргийн АҮТП-н ХЕТ,,,,,
526648,,,Polygon,107.279207,47.732876,ХЕТ-ний төлөвлөлтийн зам,Төлөвлөсөн авто зогсоол,2014.09.26,,Налайх дүүргийн АҮТП-н ХЕТ,,,,,
526649,,,Polygon,107.279393,47.732876,ХЕТ-ний төлөвлөлтийн зам,Төлөвлөсөн авто зогсоол,2014.09.26,,Налайх дүүргийн АҮТП-н ХЕТ,,,,,
526650,,,Polygon,107.278732,47.732104,ХЕТ-ний төлөвлөлтийн зам,Төлөвлөсөн авто зогсоол,2014.09.26,,Налайх дүүргийн АҮТП-н ХЕТ,,,,,
526651,,,Polygon,107.281443,47.732226,ХЕТ-ний төлөвлөлтийн зам,Төлөвлөсөн авто зогсоол,2014.09.26,,Налайх дүүргийн АҮТП-н ХЕТ,,,,,
526652,,,Polygon,107.280291,47.733221,ХЕТ-ний төлөвлөлтийн зам,Төлөвлөсөн авто зогсоол,2014.09.26,,Налайх дүүргийн АҮТП-н ХЕТ,,,,,
526653,,,Polygon,107.283702,47.729514,ХЕТ-ний төлөвлөлтийн зам,Төлөвлөсөн авто зогсоол,2014.09.26,,Налайх дүүргийн АҮТП-н ХЕТ,,,,,
526654,,,Polygon,107.282658,47.729556,ХЕТ-ний төлөвлөлтийн зам,Төлөвлөсөн авто зогсоол,2014.09.26,,Налайх дүүргийн АҮТП-н ХЕТ,,,,,
526655,,,Polygon,107.281615,47.729517,ХЕТ-ний төлөвлөлтийн зам,Төлөвлөсөн авто зогсоол,2014.09.26,,Налайх дүүргийн АҮТП-н ХЕТ,,,,,
526656,,,Polygon,106.791542,47.862922,ХЕТ-ний төлөвлөлтийн зам,2-р зэрэглэлийн туслах зам,2011.01.24,2,Нисэх Яармаг орчмын орон сууцны хорооллын ЕТ,2015.11.20 НИТХТ 198 батлагдсан,,,,
526657,,,Polygon,106.734164,47.837576,ХЕТ-ний төлөвлөлтийн зам,2-р зэрэглэлийн туслах зам,2011.01.24,2,Нисэх Яармаг орчмын орон сууцны хорооллын ЕТ,2015.11.20 НИТХТ 198 батлагдсан,,,,
526658,,,MultiPolygon,106.773495,47.824026,ХЕТ-ний төлөвлөлтийн зам,2-р зэрэглэлийн туслах зам,2011.01.24,2,Нисэх Яармаг орчмын орон сууцны хорооллын ЕТ,2015.11.20 НИТХТ 198 батлагдсан,,,,
526659,,,Polygon,106.712297,47.838325,ХЕТ-ний төлөвлөлтийн зам,1-р зэрэглэлийн гол гудамж зам,2011.01.24,4-8,Нисэх Яармаг орчмын орон сууцны хорооллын ЕТ,2015.11.20 НИТХТ 198 батлагдсан,,,,
526660,,,Polygon,106.740898,47.824289,ХЕТ-ний төлөвлөлтийн зам,Хурдны зам,2011.01.24,4-8,Нисэх Яармаг орчмын орон сууцны хорооллын ЕТ,2015.11.20 НИТХТ 198 батлагдсан,,,,
526661,,,MultiPolygon,106.749421,47.828964,ХЕТ-ний төлөвлөлтийн зам,1-р зэрэглэлийн гол гудамж зам,2011.01.24,4-8,Нисэх Яармаг орчмын орон сууцны хорооллын ЕТ,2015.11.20 НИТХТ 198 батлагдсан,,,,
526662,,,Polygon,106.747344,47.842188,ХЕТ-ний төлөвлөлтийн зам,2-р зэрэглэлийн туслах зам,2011.01.24,2,Нисэх Яармаг орчмын орон сууцны хорооллын ЕТ,2015.11.20 НИТХТ 198 батлагдсан,,,,
526663,,,Polygon,107.275327,47.730959,ХЕТ-ний төлөвлөлтийн зам,Төлөвлөсөн авто зогсоол,2014.09.26,,Налайх дүүргийн АҮТП-н ХЕТ,-,,,,
526664,,,Polygon,107.276789,47.731424,ХЕТ-ний төлөвлөлтийн зам,Төлөвлөсөн авто зогсоол,2014.09.26,,Налайх дүүргийн АҮТП-н ХЕТ,-,,,,
526665,,,Polygon,107.274951,47.729503,ХЕТ-ний төлөвлөлтийн зам,Төлөвлөсөн авто зогсоол,2014.09.26,,Налайх дүүргийн АҮТП-н ХЕТ,-,,,,
526666,,,Polygon,107.272425,47.729587,ХЕТ-ний төлөвлөлтийн зам,Төлөвлөсөн авто зогсоол,2014.09.26,,Налайх дүүргийн АҮТП-н ХЕТ,-,,,,
526667,,,Polygon,107.276644,47.734325,ХЕТ-ний төлөвлөлтийн зам,Төлөвлөсөн авто зогсоол,2014.09.26,,Налайх дүүргийн АҮТП-н ХЕТ,,,,,
526668,,,Polygon,107.278738,47.734322,ХЕТ-ний төлөвлөлтийн зам,Төлөвлөсөн авто зогсоол,2014.09.26,,Налайх дүүргийн АҮТП-н ХЕТ,,,,,
526669,,,Polygon,107.278076,47.733855,ХЕТ-ний төлөвлөлтийн зам,Төлөвлөсөн авто зогсоол,2014.09.26,,Налайх дүүргийн АҮТП-н ХЕТ,,,,,
526670,,,Polygon,107.278733,47.733371,ХЕТ-ний төлөвлөлтийн зам,Төлөвлөсөн авто зогсоол,2014.09.26,,Налайх дүүргийн АҮТП-н ХЕТ,,,,,
526671,,,Polygon,107.276843,47.733126,ХЕТ-ний төлөвлөлтийн зам,Төлөвлөсөн авто зогсоол,2014.09.26,,Налайх дүүргийн АҮТП-н ХЕТ,,,,,
526672,,,Polygon,107.278073,47.732877,ХЕТ-ний төлөвлөлтийн зам,Төлөвлөсөн авто зогсоол,2014.09.26,,Налайх дүүргийн АҮТП-н ХЕТ,,,,,
526673,,,Polygon,106.895351,47.924265,ХЕТ-ний төлөвлөлтийн зам,Төлөвлөгдсөн явган болон дугуйн зам,2012.05.17,1,"""Гандантэгчэнлин хийд"" орчмын гэр хорооллын ШДТ",Холимог ашиглалттай зам,,,,
526674,,,Polygon,106.895839,47.924738,ХЕТ-ний төлөвлөлтийн зам,Төлөвлөгдсөн явган болон дугуйн зам,2012.05.17,1,"""Гандантэгчэнлин хийд"" орчмын гэр хорооллын ШДТ",Холимог ашиглалттай зам,,,,
526675,,,Polygon,106.892142,47.923699,ХЕТ-ний төлөвлөлтийн зам,2-р зэргийн туслах зам,2012.05.17,1-2 эгнээ,"""Гандантэгчэнлин хийд"" орчмын гэр хорооллын ШДТ",Холимог ашиглалттай зам,,,,
526676,,,Polygon,106.89523,47.920061,ХЕТ-ний төлөвлөлтийн зам,2-р зэргийн туслах зам,2012.05.17,1-2 эгнээ,"""Гандантэгчэнлин хийд"" орчмын гэр хорооллын ШДТ",Холимог ашиглалттай зам,,,,
526677,,,Polygon,106.895846,47.924743,ХЕТ-ний төлөвлөлтийн зам,2-р зэргийн туслах зам,2012.05.17,1-2 эгнээ,"""Гандантэгчэнлин хийд"" орчмын гэр хорооллын ШДТ",Холимог ашиглалттай зам,,,,
526678,,,Polygon,106.806112,47.958055,ХЕТ-ний төлөвлөлтийн зам,Хорооллын дундах туслах зам,2015.04.15,1-2 эгнээ,Толгойт нэгж хорооллын ХЕТ,,,,,
526679,,,Polygon,106.803327,47.955463,ХЕТ-ний төлөвлөлтийн зам,Хорооллын дундах туслах зам,2015.04.15,1-2 эгнээ,Толгойт нэгж хорооллын ХЕТ,,,,,
526680,,,Polygon,106.805118,47.950262,ХЕТ-ний төлөвлөлтийн зам,Хорооллын дундах туслах зам,2015.04.15,1-2 эгнээ,Толгойт нэгж хорооллын ХЕТ,,,,,
526681,,,Polygon,106.805365,47.948461,ХЕТ-ний төлөвлөлтийн зам,Хорооллын дундах туслах зам,2015.04.15,1-2 эгнээ,Толгойт нэгж хорооллын ХЕТ,,,,,
526682,,,Polygon,106.805318,47.949744,ХЕТ-ний төлөвлөлтийн зам,Хорооллын дундах туслах зам,2015.04.15,1-2 эгнээ,Толгойт нэгж хорооллын ХЕТ,,,,,
526683,,,Polygon,106.783017,47.952737,ХЕТ-ний төлөвлөлтийн зам,Хорооллын дундах туслах зам,2015.04.15,1-2 эгнээ,Толгойт нэгж хорооллын ХЕТ,,,,,
526684,,,MultiPolygon,106.805414,47.952994,ХЕТ-ний төлөвлөлтийн зам,Хорооллын дундах туслах зам,2015.04.15,1-2 эгнээ,Толгойт нэгж хорооллын ХЕТ,,,,,
526685,,,Polygon,106.802555,47.960751,ХЕТ-ний төлөвлөлтийн зам,Хорооллын дундах туслах зам,2015.04.15,1-2 эгнээ,Толгойт нэгж хорооллын ХЕТ,,,,,
526686,,,Polygon,106.803815,47.960588,ХЕТ-ний төлөвлөлтийн зам,Хорооллын дундах туслах зам,2015.04.15,1-2 эгнээ,Толгойт нэгж хорооллын ХЕТ,,,,,
526687,,,Polygon,106.788521,47.958231,ХЕТ-ний төлөвлөлтийн зам,Хорооллын дундах туслах зам,2015.04.15,1-2 эгнээ,Толгойт нэгж хорооллын ХЕТ,,,,,
526688,,,Polygon,106.790156,47.95057,ХЕТ-ний төлөвлөлтийн зам,Хорооллын дундах туслах зам,2015.04.15,1-2 эгнээ,Толгойт нэгж хорооллын ХЕТ,,,,,
526689,,,Polygon,106.797209,47.959349,ХЕТ-ний төлөвлөлтийн зам,Хорооллын дундах туслах зам,2015.04.15,1-2 эгнээ,Толгойт нэгж хорооллын ХЕТ,,,,,
526690,,,Polygon,106.758452,47.925428,ХЕТ-ний төлөвлөлтийн зам,Хорооллын дундах туслах зам,2015.04.15,1-2 эгнээ,Толгойт нэгж хорооллын ХЕТ,,,,,
526691,,,Polygon,106.761503,47.93093,ХЕТ-ний төлөвлөлтийн зам,Хорооллын дундах туслах зам,2015.04.15,1-2 эгнээ,Толгойт нэгж хорооллын ХЕТ,,,,,
526692,,,Polygon,106.719507,47.844873,ХЕТ-ний төлөвлөлтийн зам,Хорооллын доторх зам,,2,Морингийн даваа орчмын шинэ суурьшлын бүсийн ХЕТ,,,,,
526693,,,Polygon,106.717463,47.84653,ХЕТ-ний төлөвлөлтийн зам,Хорооллын доторх зам,,2,Морингийн даваа орчмын шинэ суурьшлын бүсийн ХЕТ,,,,,
526694,,,Polygon,106.710157,47.84494,ХЕТ-ний төлөвлөлтийн зам,Хорооллын доторх зам,,2,Морингийн даваа орчмын шинэ суурьшлын бүсийн ХЕТ,,,,,
526695,,,Polygon,106.720088,47.840133,ХЕТ-ний төлөвлөлтийн зам,Хорооллын доторх зам,,2,Морингийн даваа орчмын шинэ суурьшлын бүсийн ХЕТ,,,,,
526696,,,Polygon,106.717463,47.84653,ХЕТ-ний төлөвлөлтийн зам,Хорооллын доторх зам,,2,Морингийн даваа орчмын шинэ суурьшлын бүсийн ХЕТ,,,,,
526697,,,Polygon,106.714419,47.842929,ХЕТ-ний төлөвлөлтийн зам,Хорооллын доторх зам,,2,Морингийн даваа орчмын шинэ суурьшлын бүсийн ХЕТ,,,,,
526698,,,Polygon,106.712282,47.839429,ХЕТ-ний төлөвлөлтийн зам,Хорооллын доторх зам,,2,Морингийн даваа орчмын шинэ суурьшлын бүсийн ХЕТ,,,,,
526699,,,Polygon,106.710577,47.84313,ХЕТ-ний төлөвлөлтийн зам,Хорооллын доторх зам,,2,Морингийн даваа орчмын шинэ суурьшлын бүсийн ХЕТ,,,,,
526700,,,Polygon,106.720632,47.84619,ХЕТ-ний төлөвлөлтийн зам,Хотын 2-р зэргийн туслах зам,,4,Морингийн даваа орчмын шинэ суурьшлын бүсийн ХЕТ,,,,,
526701,,,Polygon,106.710345,47.842043,ХЕТ-ний төлөвлөлтийн зам,Явган зам,,1,Морингийн даваа орчмын шинэ суурьшлын бүсийн ХЕТ,,,,,
526702,,,Polygon,106.710359,47.842055,ХЕТ-ний төлөвлөлтийн зам,Дугуйн зам,,2,Морингийн даваа орчмын шинэ суурьшлын бүсийн ХЕТ,,,,,
526703,,,Polygon,106.711443,47.844722,ХЕТ-ний төлөвлөлтийн зам,Явган зам,,1,Морингийн даваа орчмын шинэ суурьшлын бүсийн ХЕТ,,,,,
526704,,,Polygon,106.711456,47.844718,ХЕТ-ний төлөвлөлтийн зам,Дугуйн зам,,2,Морингийн даваа орчмын шинэ суурьшлын бүсийн ХЕТ,,,,,
526705,,,Polygon,106.711527,47.845682,ХЕТ-ний төлөвлөлтийн зам,Хорооллын доторх зам,,2,Морингийн даваа орчмын шинэ суурьшлын бүсийн ХЕТ,,,,,
526706,,,Polygon,106.709551,47.844502,ХЕТ-ний төлөвлөлтийн зам,Явган зам,,1,Морингийн даваа орчмын шинэ суурьшлын бүсийн ХЕТ,,,,,
526707,,,Polygon,106.712986,47.84539,ХЕТ-ний төлөвлөлтийн зам,Явган зам,,1,Морингийн даваа орчмын шинэ суурьшлын бүсийн ХЕТ,,,,,
526708,,,Polygon,106.711126,47.846129,ХЕТ-ний төлөвлөлтийн зам,Явган зам,,1,Морингийн даваа орчмын шинэ суурьшлын бүсийн ХЕТ,,,,,
526709,,,Polygon,106.710794,47.846977,ХЕТ-ний төлөвлөлтийн зам,Дугуйн зам,,2,Морингийн даваа орчмын шинэ суурьшлын бүсийн ХЕТ,,,,,
526710,,,Polygon,106.708224,47.84499,ХЕТ-ний төлөвлөлтийн зам,Дугуйн зам,,2,Морингийн даваа орчмын шинэ суурьшлын бүсийн ХЕТ,,,,,
526711,,,Polygon,106.718253,47.845296,ХЕТ-ний төлөвлөлтийн зам,Хорооллын доторх зам,,2,Морингийн даваа орчмын шинэ суурьшлын бүсийн ХЕТ,,,,,
526712,,,Polygon,106.716728,47.847719,ХЕТ-ний төлөвлөлтийн зам,Явган зам,,1,Морингийн даваа орчмын шинэ суурьшлын бүсийн ХЕТ,,,,,
526713,,,Polygon,106.716721,47.847715,ХЕТ-ний төлөвлөлтийн зам,Дугуйн зам,,2,Морингийн даваа орчмын шинэ суурьшлын бүсийн ХЕТ,,,,,
526714,,,Polygon,106.714575,47.845428,ХЕТ-ний төлөвлөлтийн зам,Дугуйн зам,,2,Морингийн даваа орчмын шинэ суурьшлын бүсийн ХЕТ,,,,,
526715,,,Polygon,106.715501,47.840249,ХЕТ-ний төлөвлөлтийн зам,Хотын 1-р зэргийн туслах зам,,4,Морингийн даваа орчмын шинэ суурьшлын бүсийн ХЕТ,,,,,
526716,,,Polygon,106.71538,47.840722,ХЕТ-ний төлөвлөлтийн зам,Хорооллын доторх зам,,2,Морингийн даваа орчмын шинэ суурьшлын бүсийн ХЕТ,,,,,
526717,,,Polygon,106.7161,47.841011,ХЕТ-ний төлөвлөлтийн зам,Хорооллын 1-р зэргийн гол за,,3,Морингийн даваа орчмын шинэ суурьшлын бүсийн ХЕТ,,,,,
526718,,,Polygon,106.716591,47.841406,ХЕТ-ний төлөвлөлтийн зам,Явган зам,,1,Морингийн даваа орчмын шинэ суурьшлын бүсийн ХЕТ,,,,,
526719,,,Polygon,106.716346,47.839675,ХЕТ-ний төлөвлөлтийн зам,Явган зам,,1,Морингийн даваа орчмын шинэ суурьшлын бүсийн ХЕТ,,,,,
526720,,,Polygon,106.714762,47.840555,ХЕТ-ний төлөвлөлтийн зам,Явган зам,,1,Морингийн даваа орчмын шинэ суурьшлын бүсийн ХЕТ,,,,,
526721,,,Polygon,106.715896,47.839709,ХЕТ-ний төлөвлөлтийн зам,Дугуйн зам,,2,Морингийн даваа орчмын шинэ суурьшлын бүсийн ХЕТ,,,,,
526722,,,Polygon,106.718234,47.839971,ХЕТ-ний төлөвлөлтийн зам,Дугуйн зам,,2,Морингийн даваа орчмын шинэ суурьшлын бүсийн ХЕТ,,,,,
526723,,,Polygon,106.717009,47.842097,ХЕТ-ний төлөвлөлтийн зам,Хорооллын доторх зам,,2,Морингийн даваа орчмын шинэ суурьшлын бүсийн ХЕТ,,,,,
526724,,,Polygon,106.718993,47.842444,ХЕТ-ний төлөвлөлтийн зам,Явган зам,,1,Морингийн даваа орчмын шинэ суурьшлын бүсийн ХЕТ,,,,,
526725,,,Polygon,106.719937,47.842444,ХЕТ-ний төлөвлөлтийн зам,Дугуйн зам,,2,Морингийн даваа орчмын шинэ суурьшлын бүсийн ХЕТ,,,,,
526726,,,Polygon,106.722072,47.841343,ХЕТ-ний төлөвлөлтийн зам,Явган зам,,1,Морингийн даваа орчмын шинэ суурьшлын бүсийн ХЕТ,,,,,
526727,,,Polygon,106.722022,47.841718,ХЕТ-ний төлөвлөлтийн зам,Дугуйн зам,,2,Морингийн даваа орчмын шинэ суурьшлын бүсийн ХЕТ,,,,,
526728,,,Polygon,106.72137,47.843598,ХЕТ-ний төлөвлөлтийн зам,Явган зам,,1,Морингийн даваа орчмын шинэ суурьшлын бүсийн ХЕТ,,,,,
526729,,,Polygon,106.721343,47.843067,ХЕТ-ний төлөвлөлтийн зам,Дугуйн зам,,2,Морингийн даваа орчмын шинэ суурьшлын бүсийн ХЕТ,,,,,
526730,,,Polygon,106.716436,47.844544,ХЕТ-ний төлөвлөлтийн зам,Явган зам,,1,Морингийн даваа орчмын шинэ суурьшлын бүсийн ХЕТ,,,,,
526731,,,Polygon,106.716443,47.844717,ХЕТ-ний төлөвлөлтийн зам,Дугуйн зам,,2,Морингийн даваа орчмын шинэ суурьшлын бүсийн ХЕТ,,,,,
526732,,,Polygon,106.71413,47.842797,ХЕТ-ний төлөвлөлтийн зам,Дугуйн зам,,2,Морингийн даваа орчмын шинэ суурьшлын бүсийн ХЕТ,,,,,
526733,,,Polygon,106.717429,47.84372,ХЕТ-ний төлөвлөлтийн зам,Хорооллын доторх зам,,2,Морингийн даваа орчмын шинэ суурьшлын бүсийн ХЕТ,,,,,
526734,,,Polygon,106.718512,47.845712,ХЕТ-ний төлөвлөлтийн зам,Явган зам,,1,Морингийн даваа орчмын шинэ суурьшлын бүсийн ХЕТ,,,,,
526735,,,Polygon,106.717554,47.845695,ХЕТ-ний төлөвлөлтийн зам,Дугуйн зам,,2,Морингийн даваа орчмын шинэ суурьшлын бүсийн ХЕТ,,,,,
526736,,,Polygon,106.710112,47.839912,ХЕТ-ний төлөвлөлтийн зам,Явган зам,,1,Морингийн даваа орчмын шинэ суурьшлын бүсийн ХЕТ,,,,,
526737,,,Polygon,106.710112,47.83992,ХЕТ-ний төлөвлөлтийн зам,Дугуйн зам,,2,Морингийн даваа орчмын шинэ суурьшлын бүсийн ХЕТ,,,,,
526738,,,Polygon,106.673182,47.880681,ХЕТ-ний төлөвлөлтийн зам,Сайжруулж нягтруулсан шоро,,2,Авто худалдааны төв орчмын шинэ суурьшлын бүсийн ХЕТ,,,,,
526739,,,Polygon,106.673827,47.882284,ХЕТ-ний төлөвлөлтийн зам,Хорооллын гол гудамж зам/ А,,2,Авто худалдааны төв орчмын шинэ суурьшлын бүсийн ХЕТ,2-р зэргийн туслах зам,,,,
526740,,,Polygon,106.675597,47.881273,ХЕТ-ний төлөвлөлтийн зам,Хороолол доторхи авто зам /,,2,Авто худалдааны төв орчмын шинэ суурьшлын бүсийн ХЕТ,,,,,
526741,,,Polygon,106.678115,47.880403,ХЕТ-ний төлөвлөлтийн зам,Сайжруулж нягтруулсан шоро,,2,Авто худалдааны төв орчмын шинэ суурьшлын бүсийн ХЕТ,,,,,
526742,,,Polygon,106.673199,47.882222,ХЕТ-ний төлөвлөлтийн зам,Хороолол доторхи авто зам /,,2,Авто худалдааны төв орчмын шинэ суурьшлын бүсийн ХЕТ,,,,,
526743,,,Polygon,106.671842,47.882411,ХЕТ-ний төлөвлөлтийн зам,Хороолол доторхи авто зам /,,2,Авто худалдааны төв орчмын шинэ суурьшлын бүсийн ХЕТ,,,,,
526744,,,Polygon,106.670337,47.882125,ХЕТ-ний төлөвлөлтийн зам,Хороолол доторхи авто зам /,,2,Авто худалдааны төв орчмын шинэ суурьшлын бүсийн ХЕТ,,,,,
526745,,,Polygon,106.675092,47.879995,ХЕТ-ний төлөвлөлтийн зам,Хороолол доторхи авто зам /,,2,Авто худалдааны төв орчмын шинэ суурьшлын бүсийн ХЕТ,,,,,
526746,,,Polygon,106.67385,47.879092,ХЕТ-ний төлөвлөлтийн зам,Хороолол доторхи авто зам /,,2,Авто худалдааны төв орчмын шинэ суурьшлын бүсийн ХЕТ,,,,,
526747,,,Polygon,106.674178,47.879304,ХЕТ-ний төлөвлөлтийн зам,Хороолол доторхи авто зам /,,2,Авто худалдааны төв орчмын шинэ суурьшлын бүсийн ХЕТ,,,,,
526748,,,Polygon,106.674511,47.879498,ХЕТ-ний төлөвлөлтийн зам,Хороолол доторхи авто зам /,,2,Авто худалдааны төв орчмын шинэ суурьшлын бүсийн ХЕТ,,,,,
526749,,,Polygon,106.674821,47.879734,ХЕТ-ний төлөвлөлтийн зам,Хороолол доторхи авто зам /,,2,Авто худалдааны төв орчмын шинэ суурьшлын бүсийн ХЕТ,,,,,
526750,,,Polygon,106.676737,47.880567,ХЕТ-ний төлөвлөлтийн зам,Хороолол доторхи авто зам /,,2,Авто худалдааны төв орчмын шинэ суурьшлын бүсийн ХЕТ,,,,,
526751,,,Polygon,106.674172,47.878868,ХЕТ-ний төлөвлөлтийн зам,Явган зам,,1,Авто худалдааны төв орчмын шинэ суурьшлын бүсийн ХЕТ,,,,,
526752,,,Polygon,106.674254,47.879014,ХЕТ-ний төлөвлөлтийн зам,Явган зам,,1,Авто худалдааны төв орчмын шинэ суурьшлын бүсийн ХЕТ,,,,,
526753,,,Polygon,106.674198,47.879112,ХЕТ-ний төлөвлөлтийн зам,Явган зам,,1,Авто худалдааны төв орчмын шинэ суурьшлын бүсийн ХЕТ,,,,,
526754,,,Polygon,106.674569,47.879069,ХЕТ-ний төлөвлөлтийн зам,Явган зам,,1,Авто худалдааны төв орчмын шинэ суурьшлын бүсийн ХЕТ,,,,,
526755,,,Polygon,106.674143,47.879209,ХЕТ-ний төлөвлөлтийн зам,Явган зам,,1,Авто худалдааны төв орчмын шинэ суурьшлын бүсийн ХЕТ,,,,,
526756,,,Polygon,106.674589,47.879257,ХЕТ-ний төлөвлөлтийн зам,Явган зам,,1,Авто худалдааны төв орчмын шинэ суурьшлын бүсийн ХЕТ,,,,,
526757,,,Polygon,106.674954,47.879193,ХЕТ-ний төлөвлөлтийн зам,Явган зам,,1,Авто худалдааны төв орчмын шинэ суурьшлын бүсийн ХЕТ,,,,,
526758,,,Polygon,106.674088,47.879306,ХЕТ-ний төлөвлөлтийн зам,Явган зам,,1,Авто худалдааны төв орчмын шинэ суурьшлын бүсийн ХЕТ,,,,,
526759,,,Polygon,106.675008,47.87934,ХЕТ-ний төлөвлөлтийн зам,Явган зам,,1,Авто худалдааны төв орчмын шинэ суурьшлын бүсийн ХЕТ,,,,,
526760,,,Polygon,106.674518,47.879363,ХЕТ-ний төлөвлөлтийн зам,Явган зам,,1,Авто худалдааны төв орчмын шинэ суурьшлын бүсийн ХЕТ,,,,,
526761,,,Polygon,106.674032,47.879404,ХЕТ-ний төлөвлөлтийн зам,Явган зам,,1,Авто худалдааны төв орчмын шинэ суурьшлын бүсийн ХЕТ,,,,,
526762,,,Polygon,106.674932,47.879444,ХЕТ-ний төлөвлөлтийн зам,Явган зам,,1,Авто худалдааны төв орчмын шинэ суурьшлын бүсийн ХЕТ,,,,,
526763,,,Polygon,106.674448,47.879469,ХЕТ-ний төлөвлөлтийн зам,Явган зам,,1,Авто худалдааны төв орчмын шинэ суурьшлын бүсийн ХЕТ,,,,,
526764,,,Polygon,106.675322,47.879405,ХЕТ-ний төлөвлөлтийн зам,Явган зам,,1,Авто худалдааны төв орчмын шинэ суурьшлын бүсийн ХЕТ,,,,,
526765,,,Polygon,106.674857,47.879548,ХЕТ-ний төлөвлөлтийн зам,Явган зам,,1,Авто худалдааны төв орчмын шинэ суурьшлын бүсийн ХЕТ,,,,,
526766,,,Polygon,106.673867,47.879502,ХЕТ-ний төлөвлөлтийн зам,Явган зам,,1,Авто худалдааны төв орчмын шинэ суурьшлын бүсийн ХЕТ,,,,,
526767,,,Polygon,106.674377,47.879575,ХЕТ-ний төлөвлөлтийн зам,Явган зам,,1,Авто худалдааны төв орчмын шинэ суурьшлын бүсийн ХЕТ,,,,,
526768,,,Polygon,106.675296,47.879601,ХЕТ-ний төлөвлөлтийн зам,Явган зам,,1,Авто худалдааны төв орчмын шинэ суурьшлын бүсийн ХЕТ,,,,,
526769,,,Polygon,106.674782,47.879653,ХЕТ-ний төлөвлөлтийн зам,Явган зам,,1,Авто худалдааны төв орчмын шинэ суурьшлын бүсийн ХЕТ,,,,,
526770,,,Polygon,106.674306,47.879681,ХЕТ-ний төлөвлөлтийн зам,Явган зам,,1,Авто худалдааны төв орчмын шинэ суурьшлын бүсийн ХЕТ,,,,,
526771,,,Polygon,106.675217,47.879704,ХЕТ-ний төлөвлөлтийн зам,Явган зам,,1,Авто худалдааны төв орчмын шинэ суурьшлын бүсийн ХЕТ,,,,,
526772,,,Polygon,106.674706,47.879757,ХЕТ-ний төлөвлөлтийн зам,Явган зам,,1,Авто худалдааны төв орчмын шинэ суурьшлын бүсийн ХЕТ,,,,,
526773,,,Polygon,106.676378,47.879726,ХЕТ-ний төлөвлөлтийн зам,Явган зам,,1,Авто худалдааны төв орчмын шинэ суурьшлын бүсийн ХЕТ,,,,,
526774,,,Polygon,106.675542,47.879808,ХЕТ-ний төлөвлөлтийн зам,Явган зам,,1,Авто худалдааны төв орчмын шинэ суурьшлын бүсийн ХЕТ,,,,,
526775,,,Polygon,106.675549,47.879814,ХЕТ-ний төлөвлөлтийн зам,Явган зам,,1,Авто худалдааны төв орчмын шинэ суурьшлын бүсийн ХЕТ,,,,,
526776,,,Polygon,106.675558,47.879818,ХЕТ-ний төлөвлөлтийн зам,Явган зам,,1,Авто худалдааны төв орчмын шинэ суурьшлын бүсийн ХЕТ,,,,,
526777,,,Polygon,106.675137,47.879807,ХЕТ-ний төлөвлөлтийн зам,Явган зам,,1,Авто худалдааны төв орчмын шинэ суурьшлын бүсийн ХЕТ,,,,,
526778,,,Polygon,106.675717,47.879813,ХЕТ-ний төлөвлөлтийн зам,Явган зам,,1,Авто худалдааны төв орчмын шинэ суурьшлын бүсийн ХЕТ,,,,,
526779,,,Polygon,106.675716,47.879819,ХЕТ-ний төлөвлөлтийн зам,Явган зам,,1,Авто худалдааны төв орчмын шинэ суурьшлын бүсийн ХЕТ,,,,,
526780,,,Polygon,106.674631,47.879861,ХЕТ-ний төлөвлөлтийн зам,Явган зам,,1,Авто худалдааны төв орчмын шинэ суурьшлын бүсийн ХЕТ,,,,,
526781,,,Polygon,106.675628,47.879876,ХЕТ-ний төлөвлөлтийн зам,Явган зам,,1,Авто худалдааны төв орчмын шинэ суурьшлын бүсийн ХЕТ,,,,,
526782,,,Polygon,106.675742,47.879895,ХЕТ-ний төлөвлөлтийн зам,Явган зам,,1,Авто худалдааны төв орчмын шинэ суурьшлын бүсийн ХЕТ,,,,,
526783,,,Polygon,106.675058,47.87991,ХЕТ-ний төлөвлөлтийн зам,Явган зам,,1,Авто худалдааны төв орчмын шинэ суурьшлын бүсийн ХЕТ,,,,,
526784,,,Polygon,106.674556,47.879966,ХЕТ-ний төлөвлөлтийн зам,Явган зам,,1,Авто худалдааны төв орчмын шинэ суурьшлын бүсийн ХЕТ,,,,,
526785,,,Polygon,106.674979,47.880013,ХЕТ-ний төлөвлөлтийн зам,Явган зам,,1,Авто худалдааны төв орчмын шинэ суурьшлын бүсийн ХЕТ,,,,,
526786,,,Polygon,106.674378,47.88004,ХЕТ-ний төлөвлөлтийн зам,Явган зам,,1,Авто худалдааны төв орчмын шинэ суурьшлын бүсийн ХЕТ,,,,,
526787,,,Polygon,106.674899,47.880116,ХЕТ-ний төлөвлөлтийн зам,Явган зам,,1,Авто худалдааны төв орчмын шинэ суурьшлын бүсийн ХЕТ,,,,,
526788,,,Polygon,106.677343,47.880022,ХЕТ-ний төлөвлөлтийн зам,Явган зам,,1,Авто худалдааны төв орчмын шинэ суурьшлын бүсийн ХЕТ,,,,,
526789,,,Polygon,106.67482,47.880219,ХЕТ-ний төлөвлөлтийн зам,Явган зам,,1,Авто худалдааны төв орчмын шинэ суурьшлын бүсийн ХЕТ,,,,,
526790,,,Polygon,106.676756,47.880297,ХЕТ-ний төлөвлөлтийн зам,Явган зам,,1,Авто худалдааны төв орчмын шинэ суурьшлын бүсийн ХЕТ,,,,,
526791,,,Polygon,106.676673,47.88013,ХЕТ-ний төлөвлөлтийн зам,Явган зам,,1,Авто худалдааны төв орчмын шинэ суурьшлын бүсийн ХЕТ,,,,,
526792,,,Polygon,106.676844,47.880317,ХЕТ-ний төлөвлөлтийн зам,Явган зам,,1,Авто худалдааны төв орчмын шинэ суурьшлын бүсийн ХЕТ,,,,,
526793,,,Polygon,106.674629,47.880342,ХЕТ-ний төлөвлөлтийн зам,Явган зам,,1,Авто худалдааны төв орчмын шинэ суурьшлын бүсийн ХЕТ,,,,,
526794,,,Polygon,106.678034,47.88046,ХЕТ-ний төлөвлөлтийн зам,Явган зам,,1,Авто худалдааны төв орчмын шинэ суурьшлын бүсийн ХЕТ,,,,,
526795,,,Polygon,106.676066,47.88049,ХЕТ-ний төлөвлөлтийн зам,Явган зам,,1,Авто худалдааны төв орчмын шинэ суурьшлын бүсийн ХЕТ,,,,,
526796,,,Polygon,106.676247,47.880539,ХЕТ-ний төлөвлөлтийн зам,Явган зам,,1,Авто худалдааны төв орчмын шинэ суурьшлын бүсийн ХЕТ,,,,,
526797,,,Polygon,106.677343,47.88018,ХЕТ-ний төлөвлөлтийн зам,Явган зам,,1,Авто худалдааны төв орчмын шинэ суурьшлын бүсийн ХЕТ,,,,,
526798,,,Polygon,106.67567,47.880647,ХЕТ-ний төлөвлөлтийн зам,Явган зам,,1,Авто худалдааны төв орчмын шинэ суурьшлын бүсийн ХЕТ,,,,,
526799,,,Polygon,106.677898,47.880506,ХЕТ-ний төлөвлөлтийн зам,Явган зам,,1,Авто худалдааны төв орчмын шинэ суурьшлын бүсийн ХЕТ,,,,,
526800,,,Polygon,106.678002,47.880642,ХЕТ-ний төлөвлөлтийн зам,Явган зам,,1,Авто худалдааны төв орчмын шинэ суурьшлын бүсийн ХЕТ,,,,,
526801,,,Polygon,106.677692,47.880699,ХЕТ-ний төлөвлөлтийн зам,Явган зам,,1,Авто худалдааны төв орчмын шинэ суурьшлын бүсийн ХЕТ,,,,,
526802,,,Polygon,106.677056,47.880537,ХЕТ-ний төлөвлөлтийн зам,Явган зам,,1,Авто худалдааны төв орчмын шинэ суурьшлын бүсийн ХЕТ,,,,,
526803,,,Polygon,106.677275,47.880537,ХЕТ-ний төлөвлөлтийн зам,Явган зам,,1,Авто худалдааны төв орчмын шинэ суурьшлын бүсийн ХЕТ,,,,,
526804,,,Polygon,106.677512,47.880824,ХЕТ-ний төлөвлөлтийн зам,Явган зам,,1,Авто худалдааны төв орчмын шинэ суурьшлын бүсийн ХЕТ,,,,,
526805,,,Polygon,106.677118,47.880913,ХЕТ-ний төлөвлөлтийн зам,Явган зам,,1,Авто худалдааны төв орчмын шинэ суурьшлын бүсийн ХЕТ,,,,,
526806,,,Polygon,106.675241,47.881012,ХЕТ-ний төлөвлөлтийн зам,Явган зам,,1,Авто худалдааны төв орчмын шинэ суурьшлын бүсийн ХЕТ,,,,,
526807,,,Polygon,106.676448,47.880763,ХЕТ-ний төлөвлөлтийн зам,Явган зам,,1,Авто худалдааны төв орчмын шинэ суурьшлын бүсийн ХЕТ,,,,,
526808,,,Polygon,106.676666,47.880764,ХЕТ-ний төлөвлөлтийн зам,Явган зам,,1,Авто худалдааны төв орчмын шинэ суурьшлын бүсийн ХЕТ,,,,,
526809,,,Polygon,106.676921,47.881043,ХЕТ-ний төлөвлөлтийн зам,Явган зам,,1,Авто худалдааны төв орчмын шинэ суурьшлын бүсийн ХЕТ,,,,,
526810,,,Polygon,106.67651,47.881139,ХЕТ-ний төлөвлөлтийн зам,Явган зам,,1,Авто худалдааны төв орчмын шинэ суурьшлын бүсийн ХЕТ,,,,,
526811,,,Polygon,106.676082,47.880732,ХЕТ-ний төлөвлөлтийн зам,Явган зам,,1,Авто худалдааны төв орчмын шинэ суурьшлын бүсийн ХЕТ,,,,,
526812,,,Polygon,106.676313,47.88127,ХЕТ-ний төлөвлөлтийн зам,Явган зам,,1,Авто худалдааны төв орчмын шинэ суурьшлын бүсийн ХЕТ,,,,,
526813,,,Polygon,106.675108,47.881443,ХЕТ-ний төлөвлөлтийн зам,Явган зам,,1,Авто худалдааны төв орчмын шинэ суурьшлын бүсийн ХЕТ,,,,,
526814,,,Polygon,106.675806,47.881456,ХЕТ-ний төлөвлөлтийн зам,Явган зам,,1,Авто худалдааны төв орчмын шинэ суурьшлын бүсийн ХЕТ,,,,,
526815,,,Polygon,106.673907,47.881612,ХЕТ-ний төлөвлөлтийн зам,Явган зам,,1,Авто худалдааны төв орчмын шинэ суурьшлын бүсийн ХЕТ,,,,,
526816,,,Polygon,106.675642,47.880611,ХЕТ-ний төлөвлөлтийн зам,Явган зам,,1,Авто худалдааны төв орчмын шинэ суурьшлын бүсийн ХЕТ,,,,,
526817,,,Polygon,106.673372,47.881875,ХЕТ-ний төлөвлөлтийн зам,Явган зам,,1,Авто худалдааны төв орчмын шинэ суурьшлын бүсийн ХЕТ,,,,,
526818,,,Polygon,106.671946,47.881953,ХЕТ-ний төлөвлөлтийн зам,Явган зам,,1,Авто худалдааны төв орчмын шинэ суурьшлын бүсийн ХЕТ,,,,,
526819,,,Polygon,106.674075,47.881987,ХЕТ-ний төлөвлөлтийн зам,Явган зам,,1,Авто худалдааны төв орчмын шинэ суурьшлын бүсийн ХЕТ,,,,,
526820,,,Polygon,106.672046,47.882074,ХЕТ-ний төлөвлөлтийн зам,Явган зам,,1,Авто худалдааны төв орчмын шинэ суурьшлын бүсийн ХЕТ,,,,,
526821,,,Polygon,106.672157,47.882142,ХЕТ-ний төлөвлөлтийн зам,Явган зам,,1,Авто худалдааны төв орчмын шинэ суурьшлын бүсийн ХЕТ,,,,,
526822,,,Polygon,106.673715,47.881912,ХЕТ-ний төлөвлөлтийн зам,Явган зам,,1,Авто худалдааны төв орчмын шинэ суурьшлын бүсийн ХЕТ,,,,,
526823,,,Polygon,106.673336,47.882214,ХЕТ-ний төлөвлөлтийн зам,Явган зам,,1,Авто худалдааны төв орчмын шинэ суурьшлын бүсийн ХЕТ,,,,,
526824,,,Polygon,106.673262,47.882236,ХЕТ-ний төлөвлөлтийн зам,Явган зам,,1,Авто худалдааны төв орчмын шинэ суурьшлын бүсийн ХЕТ,,,,,
526825,,,Polygon,106.672692,47.882006,ХЕТ-ний төлөвлөлтийн зам,Явган зам,,1,Авто худалдааны төв орчмын шинэ суурьшлын бүсийн ХЕТ,,,,,
526826,,,Polygon,106.671038,47.882414,ХЕТ-ний төлөвлөлтийн зам,Явган зам,,1,Авто худалдааны төв орчмын шинэ суурьшлын бүсийн ХЕТ,,,,,
526827,,,Polygon,106.67386,47.882323,ХЕТ-ний төлөвлөлтийн зам,Явган зам,,1,Авто худалдааны төв орчмын шинэ суурьшлын бүсийн ХЕТ,,,,,
526828,,,Polygon,106.673194,47.882253,ХЕТ-ний төлөвлөлтийн зам,Явган зам,,1,Авто худалдааны төв орчмын шинэ суурьшлын бүсийн ХЕТ,,,,,
526829,,,Polygon,106.673769,47.882017,ХЕТ-ний төлөвлөлтийн зам,Явган зам,,1,Авто худалдааны төв орчмын шинэ суурьшлын бүсийн ХЕТ,,,,,
526830,,,Polygon,106.673514,47.882173,ХЕТ-ний төлөвлөлтийн зам,Явган зам,,1,Авто худалдааны төв орчмын шинэ суурьшлын бүсийн ХЕТ,,,,,
526831,,,Polygon,106.674338,47.881902,ХЕТ-ний төлөвлөлтийн зам,Явган зам,,1,Авто худалдааны төв орчмын шинэ суурьшлын бүсийн ХЕТ,,,,,
526832,,,Polygon,106.674138,47.882055,ХЕТ-ний төлөвлөлтийн зам,Явган зам,,1,Авто худалдааны төв орчмын шинэ суурьшлын бүсийн ХЕТ,,,,,
526833,,,Polygon,106.673993,47.881588,ХЕТ-ний төлөвлөлтийн зам,Явган зам,,1,Авто худалдааны төв орчмын шинэ суурьшлын бүсийн ХЕТ,,,,,
526834,,,Polygon,106.672104,47.882112,ХЕТ-ний төлөвлөлтийн зам,Явган зам,,1,Авто худалдааны төв орчмын шинэ суурьшлын бүсийн ХЕТ,,,,,
526835,,,Polygon,106.672279,47.881947,ХЕТ-ний төлөвлөлтийн зам,Явган зам,,1,Авто худалдааны төв орчмын шинэ суурьшлын бүсийн ХЕТ,,,,,
526836,,,Polygon,106.672005,47.88202,ХЕТ-ний төлөвлөлтийн зам,Явган зам,,1,Авто худалдааны төв орчмын шинэ суурьшлын бүсийн ХЕТ,,,,,
526837,,,Polygon,106.675634,47.87982,ХЕТ-ний төлөвлөлтийн зам,Явган зам,,1,Авто худалдааны төв орчмын шинэ суурьшлын бүсийн ХЕТ,,,,,
526838,,,Polygon,106.675616,47.879839,ХЕТ-ний төлөвлөлтийн зам,Явган зам,,1,Авто худалдааны төв орчмын шинэ суурьшлын бүсийн ХЕТ,,,,,
526839,,,Polygon,106.675812,47.879887,ХЕТ-ний төлөвлөлтийн зам,Явган зам,,1,Авто худалдааны төв орчмын шинэ суурьшлын бүсийн ХЕТ,,,,,
526840,,,Polygon,106.675821,47.879857,ХЕТ-ний төлөвлөлтийн зам,Явган зам,,1,Авто худалдааны төв орчмын шинэ суурьшлын бүсийн ХЕТ,,,,,
526841,,,Polygon,106.675815,47.879863,ХЕТ-ний төлөвлөлтийн зам,Явган зам,,1,Авто худалдааны төв орчмын шинэ суурьшлын бүсийн ХЕТ,,,,,
526842,,,Polygon,106.675772,47.879879,ХЕТ-ний төлөвлөлтийн зам,Явган зам,,1,Авто худалдааны төв орчмын шинэ суурьшлын бүсийн ХЕТ,,,,,
526843,,,Polygon,106.675721,47.879897,ХЕТ-ний төлөвлөлтийн зам,Явган зам,,1,Авто худалдааны төв орчмын шинэ суурьшлын бүсийн ХЕТ,,,,,
526844,,,Polygon,106.675688,47.87988,ХЕТ-ний төлөвлөлтийн зам,Явган зам,,1,Авто худалдааны төв орчмын шинэ суурьшлын бүсийн ХЕТ,,,,,
526845,,,Polygon,106.675641,47.879875,ХЕТ-ний төлөвлөлтийн зам,Явган зам,,1,Авто худалдааны төв орчмын шинэ суурьшлын бүсийн ХЕТ,,,,,
526846,,,Polygon,106.675633,47.879871,ХЕТ-ний төлөвлөлтийн зам,Явган зам,,1,Авто худалдааны төв орчмын шинэ суурьшлын бүсийн ХЕТ,,,,,
526847,,,MultiPolygon,106.676286,47.879789,ХЕТ-ний төлөвлөлтийн зам,Явган зам,,1,Авто худалдааны төв орчмын шинэ суурьшлын бүсийн ХЕТ,,,,,
526848,,,Polygon,106.674006,47.881634,ХЕТ-ний төлөвлөлтийн зам,Явган зам,,1,Авто худалдааны төв орчмын шинэ суурьшлын бүсийн ХЕТ,,,,,
526849,,,Polygon,106.673789,47.879048,ХЕТ-ний төлөвлөлтийн зам,Явган зам,,1,Авто худалдааны төв орчмын шинэ суурьшлын бүсийн ХЕТ,,,,,
526850,,,Polygon,106.673542,47.879135,ХЕТ-ний төлөвлөлтийн зам,Явган зам,,1,Авто худалдааны төв орчмын шинэ суурьшлын бүсийн ХЕТ,,,,,
526851,,,Polygon,106.673573,47.878887,ХЕТ-ний төлөвлөлтийн зам,Явган зам,,1,Авто худалдааны төв орчмын шинэ суурьшлын бүсийн ХЕТ,,,,,
526852,,,Polygon,106.673634,47.879254,ХЕТ-ний төлөвлөлтийн зам,Явган зам,,1,Авто худалдааны төв орчмын шинэ суурьшлын бүсийн ХЕТ,,,,,
526853,,,Polygon,106.673599,47.879009,ХЕТ-ний төлөвлөлтийн зам,Явган зам,,1,Авто худалдааны төв орчмын шинэ суурьшлын бүсийн ХЕТ,,,,,
526854,,,Polygon,106.673746,47.878788,ХЕТ-ний төлөвлөлтийн зам,Явган зам,,1,Авто худалдааны төв орчмын шинэ суурьшлын бүсийн ХЕТ,,,,,
526855,,,Polygon,106.676456,47.880583,ХЕТ-ний төлөвлөлтийн зам,Явган зам,,1,Авто худалдааны төв орчмын шинэ суурьшлын бүсийн ХЕТ,,,,,
526856,,,Polygon,106.673676,47.882042,ХЕТ-ний төлөвлөлтийн зам,Явган зам,,1,Авто худалдааны төв орчмын шинэ суурьшлын бүсийн ХЕТ,,,,,
526857,,,Polygon,106.678229,47.880271,ХЕТ-ний төлөвлөлтийн зам,Явган зам,,1,Авто худалдааны төв орчмын шинэ суурьшлын бүсийн ХЕТ,,,,,
526858,,,MultiPolygon,106.673626,47.878995,ХЕТ-ний төлөвлөлтийн зам,Явган зам,,1,Авто худалдааны төв орчмын шинэ суурьшлын бүсийн ХЕТ,,,,,
526859,,,Polygon,106.675456,47.880146,ХЕТ-ний төлөвлөлтийн зам,Дугуйн зам,,2,Авто худалдааны төв орчмын шинэ суурьшлын бүсийн ХЕТ,1.5 м-ийн өргөн,,,,
526860,,,Polygon,106.673252,47.882422,ХЕТ-ний төлөвлөлтийн зам,Дугуйн зам,,2,Авто худалдааны төв орчмын шинэ суурьшлын бүсийн ХЕТ,1.5 м-ийн өргөн,,,,
526861,,,Polygon,106.677511,47.880839,ХЕТ-ний төлөвлөлтийн зам,Дугуйн зам,,2,Авто худалдааны төв орчмын шинэ суурьшлын бүсийн ХЕТ,1.5 м-ийн өргөн,,,,
526862,,,Polygon,106.678003,47.880655,ХЕТ-ний төлөвлөлтийн зам,Дугуйн зам,,2,Авто худалдааны төв орчмын шинэ суурьшлын бүсийн ХЕТ,1.5 м-ийн өргөн,,,,
526863,,,Polygon,106.67692,47.881058,ХЕТ-ний төлөвлөлтийн зам,Дугуйн зам,,2,Авто худалдааны төв орчмын шинэ суурьшлын бүсийн ХЕТ,1.5 м-ийн өргөн,,,,
526864,,,MultiPolygon,106.676312,47.881287,ХЕТ-ний төлөвлөлтийн зам,Дугуйн зам,,2,Авто худалдааны төв орчмын шинэ суурьшлын бүсийн ХЕТ,1.5 м-ийн өргөн,,,,
526865,,,Polygon,106.675812,47.881468,ХЕТ-ний төлөвлөлтийн зам,Дугуйн зам,,2,Авто худалдааны төв орчмын шинэ суурьшлын бүсийн ХЕТ,1.5 м-ийн өргөн,,,,
526866,,,Polygon,106.674137,47.882094,ХЕТ-ний төлөвлөлтийн зам,Дугуйн зам,,2,Авто худалдааны төв орчмын шинэ суурьшлын бүсийн ХЕТ,1.5 м-ийн өргөн,,,,
526867,,,Polygon,106.671622,47.883029,ХЕТ-ний төлөвлөлтийн зам,Дугуйн зам,,2,Авто худалдааны төв орчмын шинэ суурьшлын бүсийн ХЕТ,1.5 м-ийн өргөн,,,,
526868,,,Polygon,106.675073,47.881249,ХЕТ-ний төлөвлөлтийн зам,Ил зогсоол,,,Авто худалдааны төв орчмын шинэ суурьшлын бүсийн ХЕТ,,,,,
526869,,,Polygon,106.676946,47.880045,ХЕТ-ний төлөвлөлтийн зам,Ил зогсоол,,,Авто худалдааны төв орчмын шинэ суурьшлын бүсийн ХЕТ,,,,,
526870,,,Polygon,106.676329,47.88026,ХЕТ-ний төлөвлөлтийн зам,Ил зогсоол,,,Авто худалдааны төв орчмын шинэ суурьшлын бүсийн ХЕТ,,,,,
526871,,,Polygon,106.675832,47.880446,ХЕТ-ний төлөвлөлтийн зам,Ил зогсоол,,,Авто худалдааны төв орчмын шинэ суурьшлын бүсийн ХЕТ,,,,,
526872,,,Polygon,106.676258,47.879983,ХЕТ-ний төлөвлөлтийн зам,Ил зогсоол,,,Авто худалдааны төв орчмын шинэ суурьшлын бүсийн ХЕТ,,,,,
526873,,,Polygon,106.677762,47.880433,ХЕТ-ний төлөвлөлтийн зам,Ил зогсоол,,,Авто худалдааны төв орчмын шинэ суурьшлын бүсийн ХЕТ,,,,,
526874,,,Polygon,106.677189,47.880646,ХЕТ-ний төлөвлөлтийн зам,Ил зогсоол,,,Авто худалдааны төв орчмын шинэ суурьшлын бүсийн ХЕТ,,,,,
526875,,,Polygon,106.67658,47.880871,ХЕТ-ний төлөвлөлтийн зам,Ил зогсоол,,,Авто худалдааны төв орчмын шинэ суурьшлын бүсийн ХЕТ,,,,,
526876,,,Polygon,106.675972,47.8811,ХЕТ-ний төлөвлөлтийн зам,Ил зогсоол,,,Авто худалдааны төв орчмын шинэ суурьшлын бүсийн ХЕТ,,,,,
526877,,,Polygon,106.675436,47.881134,ХЕТ-ний төлөвлөлтийн зам,Ил зогсоол,,,Авто худалдааны төв орчмын шинэ суурьшлын бүсийн ХЕТ,,,,,
526878,,,Polygon,106.674987,47.879969,ХЕТ-ний төлөвлөлтийн зам,Ил зогсоол,,,Авто худалдааны төв орчмын шинэ суурьшлын бүсийн ХЕТ,,,,,
526879,,,Polygon,106.674921,47.880054,ХЕТ-ний төлөвлөлтийн зам,Ил зогсоол,,,Авто худалдааны төв орчмын шинэ суурьшлын бүсийн ХЕТ,,,,,
526880,,,Polygon,106.675145,47.879763,ХЕТ-ний төлөвлөлтийн зам,Ил зогсоол,,,Авто худалдааны төв орчмын шинэ суурьшлын бүсийн ХЕТ,,,,,
526881,,,Polygon,106.669959,47.882255,ХЕТ-ний төлөвлөлтийн зам,Ил зогсоол,,,Авто худалдааны төв орчмын шинэ суурьшлын бүсийн ХЕТ,,,,,
526882,,,Polygon,106.670666,47.882366,ХЕТ-ний төлөвлөлтийн зам,Ил зогсоол,,,Авто худалдааны төв орчмын шинэ суурьшлын бүсийн ХЕТ,,,,,
526883,,,Polygon,106.67133,47.882393,ХЕТ-ний төлөвлөлтийн зам,Ил зогсоол,,,Авто худалдааны төв орчмын шинэ суурьшлын бүсийн ХЕТ,,,,,
526884,,,Polygon,106.670753,47.881989,ХЕТ-ний төлөвлөлтийн зам,Ил зогсоол,,,Авто худалдааны төв орчмын шинэ суурьшлын бүсийн ХЕТ,,,,,
526885,,,Polygon,106.670127,47.881714,ХЕТ-ний төлөвлөлтийн зам,Ил зогсоол,,,Авто худалдааны төв орчмын шинэ суурьшлын бүсийн ХЕТ,,,,,
526886,,,Polygon,106.674828,47.880175,ХЕТ-ний төлөвлөлтийн зам,Ил зогсоол,,,Авто худалдааны төв орчмын шинэ суурьшлын бүсийн ХЕТ,,,,,
526887,,,Polygon,106.675238,47.879642,ХЕТ-ний төлөвлөлтийн зам,Ил зогсоол,,,Авто худалдааны төв орчмын шинэ суурьшлын бүсийн ХЕТ,,,,,
526888,,,Polygon,106.675304,47.879557,ХЕТ-ний төлөвлөлтийн зам,Ил зогсоол,,,Авто худалдааны төв орчмын шинэ суурьшлын бүсийн ХЕТ,,,,,
526889,,,Polygon,106.67508,47.879848,ХЕТ-ний төлөвлөлтийн зам,Ил зогсоол,,,Авто худалдааны төв орчмын шинэ суурьшлын бүсийн ХЕТ,,,,,
526890,,,Polygon,106.674762,47.880261,ХЕТ-ний төлөвлөлтийн зам,Ил зогсоол,,,Авто худалдааны төв орчмын шинэ суурьшлын бүсийн ХЕТ,,,,,
526891,,,Polygon,106.674869,47.879507,ХЕТ-ний төлөвлөлтийн зам,Ил зогсоол,,,Авто худалдааны төв орчмын шинэ суурьшлын бүсийн ХЕТ,,,,,
526892,,,Polygon,106.674655,47.879802,ХЕТ-ний төлөвлөлтийн зам,Ил зогсоол,,,Авто худалдааны төв орчмын шинэ суурьшлын бүсийн ХЕТ,,,,,
526893,,,Polygon,106.674505,47.88001,ХЕТ-ний төлөвлөлтийн зам,Ил зогсоол,,,Авто худалдааны төв орчмын шинэ суурьшлын бүсийн ХЕТ,,,,,
526894,,,Polygon,106.674567,47.879924,ХЕТ-ний төлөвлөлтийн зам,Ил зогсоол,,,Авто худалдааны төв орчмын шинэ суурьшлын бүсийн ХЕТ,,,,,
526895,,,Polygon,106.674718,47.879715,ХЕТ-ний төлөвлөлтийн зам,Ил зогсоол,,,Авто худалдааны төв орчмын шинэ суурьшлын бүсийн ХЕТ,,,,,
526896,,,Polygon,106.675019,47.879297,ХЕТ-ний төлөвлөлтийн зам,Ил зогсоол,,,Авто худалдааны төв орчмын шинэ суурьшлын бүсийн ХЕТ,,,,,
526897,,,Polygon,106.674806,47.879593,ХЕТ-ний төлөвлөлтийн зам,Ил зогсоол,,,Авто худалдааны төв орчмын шинэ суурьшлын бүсийн ХЕТ,,,,,
526898,,,Polygon,106.674957,47.879384,ХЕТ-ний төлөвлөлтийн зам,Ил зогсоол,,,Авто худалдааны төв орчмын шинэ суурьшлын бүсийн ХЕТ,,,,,
526899,,,Polygon,106.674595,47.879212,ХЕТ-ний төлөвлөлтийн зам,Ил зогсоол,,,Авто худалдааны төв орчмын шинэ суурьшлын бүсийн ХЕТ,,,,,
526900,,,Polygon,106.674536,47.8793,ХЕТ-ний төлөвлөлтийн зам,Ил зогсоол,,,Авто худалдааны төв орчмын шинэ суурьшлын бүсийн ХЕТ,,,,,
526901,,,Polygon,106.674454,47.879425,ХЕТ-ний төлөвлөлтийн зам,Ил зогсоол,,,Авто худалдааны төв орчмын шинэ суурьшлын бүсийн ХЕТ,,,,,
526902,,,Polygon,106.674396,47.879513,ХЕТ-ний төлөвлөлтийн зам,Ил зогсоол,,,Авто худалдааны төв орчмын шинэ суурьшлын бүсийн ХЕТ,,,,,
526903,,,Polygon,106.674313,47.879637,ХЕТ-ний төлөвлөлтийн зам,Ил зогсоол,,,Авто худалдааны төв орчмын шинэ суурьшлын бүсийн ХЕТ,,,,,
526904,,,Polygon,106.674255,47.879725,ХЕТ-ний төлөвлөлтийн зам,Ил зогсоол,,,Авто худалдааны төв орчмын шинэ суурьшлын бүсийн ХЕТ,,,,,
526905,,,Polygon,106.673984,47.879451,ХЕТ-ний төлөвлөлтийн зам,Ил зогсоол,,,Авто худалдааны төв орчмын шинэ суурьшлын бүсийн ХЕТ,,,,,
526906,,,Polygon,106.674035,47.879361,ХЕТ-ний төлөвлөлтийн зам,Ил зогсоол,,,Авто худалдааны төв орчмын шинэ суурьшлын бүсийн ХЕТ,,,,,
526907,,,Polygon,106.674095,47.879256,ХЕТ-ний төлөвлөлтийн зам,Ил зогсоол,,,Авто худалдааны төв орчмын шинэ суурьшлын бүсийн ХЕТ,,,,,
526908,,,Polygon,106.674146,47.879167,ХЕТ-ний төлөвлөлтийн зам,Ил зогсоол,,,Авто худалдааны төв орчмын шинэ суурьшлын бүсийн ХЕТ,,,,,
526909,,,Polygon,106.674206,47.879062,ХЕТ-ний төлөвлөлтийн зам,Ил зогсоол,,,Авто худалдааны төв орчмын шинэ суурьшлын бүсийн ХЕТ,,,,,
526910,,,Polygon,106.674257,47.878972,ХЕТ-ний төлөвлөлтийн зам,Ил зогсоол,,,Авто худалдааны төв орчмын шинэ суурьшлын бүсийн ХЕТ,,,,,
526911,,,Polygon,106.67434,47.881858,ХЕТ-ний төлөвлөлтийн зам,Ил зогсоол,,,Авто худалдааны төв орчмын шинэ суурьшлын бүсийн ХЕТ,,,,,
526912,,,Polygon,106.672582,47.881763,ХЕТ-ний төлөвлөлтийн зам,Ил зогсоол,,,Авто худалдааны төв орчмын шинэ суурьшлын бүсийн ХЕТ,,,,,
526913,,,Polygon,106.673038,47.88218,ХЕТ-ний төлөвлөлтийн зам,Ил зогсоол,,,Авто худалдааны төв орчмын шинэ суурьшлын бүсийн ХЕТ,,,,,
526914,,,Polygon,106.675318,47.881671,ХЕТ-ний төлөвлөлтийн зам,Ил зогсоол,,,Авто худалдааны төв орчмын шинэ суурьшлын бүсийн ХЕТ,,,,,
526915,,,Polygon,106.677064,47.880014,ХЕТ-ний төлөвлөлтийн зам,Ил зогсоол,,,Авто худалдааны төв орчмын шинэ суурьшлын бүсийн ХЕТ,,,,,
526916,,,Polygon,106.676447,47.88023,ХЕТ-ний төлөвлөлтийн зам,Ил зогсоол,,,Авто худалдааны төв орчмын шинэ суурьшлын бүсийн ХЕТ,,,,,
526917,,,Polygon,106.78128,47.858421,ХЕТ-ний төлөвлөлтийн зам,2 зэргийн туслах зам,,2,Яармагийн спорт цогцолбор орчмын шинэ суурьшлын бүсийн барилгажилтын төсөл,,,,,
526918,,,Polygon,106.780396,47.858375,ХЕТ-ний төлөвлөлтийн зам,Хорооллын доторхи гудамж з,,2,Авто худалдааны төв орчмын шинэ суурьшлын бүсийн ХЕТ,,,,,
526919,,,Polygon,106.780679,47.858012,ХЕТ-ний төлөвлөлтийн зам,Хорооллын доторхи гудамж з,,2,Яармагийн спорт цогцолбор орчмын шинэ суурьшлын бүсийн барилгажилтын төсөл,,,,,
526920,,,Polygon,106.780531,47.858011,ХЕТ-ний төлөвлөлтийн зам,Дугуйн зам,,2,Яармагийн спорт цогцолбор орчмын шинэ суурьшлын бүсийн барилгажилтын төсөл,,,,,
526921,,,Polygon,106.781248,47.858212,ХЕТ-ний төлөвлөлтийн зам,Ил зогсоол,,,Яармагийн спорт цогцолбор орчмын шинэ суурьшлын бүсийн барилгажилтын төсөл,,,,,
526922,,,Polygon,106.781394,47.857724,ХЕТ-ний төлөвлөлтийн зам,Ил зогсоол,,,Яармагийн спорт цогцолбор орчмын шинэ суурьшлын бүсийн барилгажилтын төсөл,,,,,
526923,,,Polygon,106.780988,47.857987,ХЕТ-ний төлөвлөлтийн зам,Ил зогсоол,,,Яармагийн спорт цогцолбор орчмын шинэ суурьшлын бүсийн барилгажилтын төсөл,,,,,
526924,,,Polygon,106.780809,47.857795,ХЕТ-ний төлөвлөлтийн зам,Ил зогсоол,,,Яармагийн спорт цогцолбор орчмын шинэ суурьшлын бүсийн барилгажилтын төсөл,,,,,
526925,,,Polygon,106.78016,47.857536,ХЕТ-ний төлөвлөлтийн зам,Ил зогсоол,,,Яармагийн спорт цогцолбор орчмын шинэ суурьшлын бүсийн барилгажилтын төсөл,,,,,
526926,,,Polygon,106.780283,47.857639,ХЕТ-ний төлөвлөлтийн зам,Ил зогсоол,,,Яармагийн спорт цогцолбор орчмын шинэ суурьшлын бүсийн барилгажилтын төсөл,,,,,
526927,,,Polygon,106.780208,47.857964,ХЕТ-ний төлөвлөлтийн зам,Ил зогсоол,,,Яармагийн спорт цогцолбор орчмын шинэ суурьшлын бүсийн барилгажилтын төсөл,,,,,
526928,,,Polygon,106.780129,47.857791,ХЕТ-ний төлөвлөлтийн зам,Ил зогсоол,,,Яармагийн спорт цогцолбор орчмын шинэ суурьшлын бүсийн барилгажилтын төсөл,,,,,
526929,,,Polygon,106.779882,47.858738,ХЕТ-ний төлөвлөлтийн зам,Ил зогсоол,,,Яармагийн спорт цогцолбор орчмын шинэ суурьшлын бүсийн барилгажилтын төсөл,,,,,
526930,,,Polygon,106.780866,47.858756,ХЕТ-ний төлөвлөлтийн зам,Ил зогсоол,,,Яармагийн спорт цогцолбор орчмын шинэ суурьшлын бүсийн барилгажилтын төсөл,,,,,
526931,,,Polygon,106.781091,47.858736,ХЕТ-ний төлөвлөлтийн зам,Ил зогсоол,,,Яармагийн спорт цогцолбор орчмын шинэ суурьшлын бүсийн барилгажилтын төсөл,,,,,
526932,,,Polygon,106.779902,47.857962,ХЕТ-ний төлөвлөлтийн зам,Ил зогсоол,,,Яармагийн спорт цогцолбор орчмын шинэ суурьшлын бүсийн барилгажилтын төсөл,,,,,
526933,,,Polygon,106.780846,47.859077,ХЕТ-ний төлөвлөлтийн зам,Ил зогсоол,,,Яармагийн спорт цогцолбор орчмын шинэ суурьшлын бүсийн барилгажилтын төсөл,,,,,
526934,,,Polygon,106.780285,47.859098,ХЕТ-ний төлөвлөлтийн зам,Ил зогсоол,,,Яармагийн спорт цогцолбор орчмын шинэ суурьшлын бүсийн барилгажилтын төсөл,,,,,
526935,,,Polygon,106.780983,47.859097,ХЕТ-ний төлөвлөлтийн зам,Ил зогсоол,,,Яармагийн спорт цогцолбор орчмын шинэ суурьшлын бүсийн барилгажилтын төсөл,,,,,
526936,,,Polygon,106.780704,47.859005,ХЕТ-ний төлөвлөлтийн зам,Ил зогсоол,,,Яармагийн спорт цогцолбор орчмын шинэ суурьшлын бүсийн барилгажилтын төсөл,,,,,
526937,,,Polygon,106.779692,47.858998,ХЕТ-ний төлөвлөлтийн зам,Явган зам,,1,Яармагийн спорт цогцолбор орчмын шинэ суурьшлын бүсийн барилгажилтын төсөл,,,,,
526938,,,Polygon,106.780253,47.859107,ХЕТ-ний төлөвлөлтийн зам,Явган зам,,1,Яармагийн спорт цогцолбор орчмын шинэ суурьшлын бүсийн барилгажилтын төсөл,,,,,
526939,,,Polygon,106.78086,47.85911,ХЕТ-ний төлөвлөлтийн зам,Явган зам,,1,Яармагийн спорт цогцолбор орчмын шинэ суурьшлын бүсийн барилгажилтын төсөл,,,,,
526940,,,Polygon,106.780507,47.858819,ХЕТ-ний төлөвлөлтийн зам,Явган зам,,1,Яармагийн спорт цогцолбор орчмын шинэ суурьшлын бүсийн барилгажилтын төсөл,,,,,
526941,,,Polygon,106.780111,47.858002,ХЕТ-ний төлөвлөлтийн зам,Явган зам,,1,Яармагийн спорт цогцолбор орчмын шинэ суурьшлын бүсийн барилгажилтын төсөл,,,,,
526942,,,Polygon,106.780299,47.85788,ХЕТ-ний төлөвлөлтийн зам,Явган зам,,1,Яармагийн спорт цогцолбор орчмын шинэ суурьшлын бүсийн барилгажилтын төсөл,,,,,
526943,,,MultiPolygon,106.781106,47.85802,ХЕТ-ний төлөвлөлтийн зам,Явган зам,,1,Яармагийн спорт цогцолбор орчмын шинэ суурьшлын бүсийн барилгажилтын төсөл,,,,,
526944,,,Polygon,106.780691,47.857408,ХЕТ-ний төлөвлөлтийн зам,Явган зам,,1,Яармагийн спорт цогцолбор орчмын шинэ суурьшлын бүсийн барилгажилтын төсөл,,,,,
526945,,,Polygon,106.711566,47.844731,ХЕТ-ний төлөвлөлтийн зам,Хорооллын доторх зам,,2,Морингийн даваа орчмын шинэ суурьшлын бүсийн ХЕТ,,,,,
526946,,,Polygon,106.927482,47.982199,ХЕТ-ний төлөвлөлтийн зам,1-р зэргийн гол зам,2015.04.15,4,Дамбадаржаа нэгж хорооллын ХЕТ,,,,,
526947,,,Polygon,106.897732,48.135277,ХЕТ-ний төлөвлөлтийн зам,Төлөвлөгдсөн авто зам,2011.01.24,2-4,Санзай,,,,,
526948,,,Polygon,106.905933,47.932055,ХЕТ-ний төлөвлөлтийн зам,Төлөвлөгдсөн авто зам,2019.07.31,2-4,Орон сууцны 7-р нэгж хорооллын ХЕТ,2021.10.04-ны өдөр мэдээг оруулав,,,,
526949,,,Polygon,106.915277,47.93965,ХЕТ-ний төлөвлөлтийн зам,Төлөвлөгдсөн авто зам,2019.07.31,2-4,Орон сууцны 7-р нэгж хорооллын ХЕТ,2021.10.04-ны өдөр мэдээг оруулав,,,,
526950,,,Polygon,106.915166,47.939989,ХЕТ-ний төлөвлөлтийн зам,Төлөвлөгдсөн авто зам,2019.07.31,2-4,Орон сууцны 7-р нэгж хорооллын ХЕТ,2021.10.04-ны өдөр мэдээг оруулав,,,,
526951,,,Polygon,106.914758,47.940011,ХЕТ-ний төлөвлөлтийн зам,Төлөвлөгдсөн авто зам,2019.07.31,2-4,Орон сууцны 7-р нэгж хорооллын ХЕТ,2021.10.04-ны өдөр мэдээг оруулав,,,,
526952,,,Polygon,106.914804,47.939752,ХЕТ-ний төлөвлөлтийн зам,Төлөвлөгдсөн авто зам,2019.07.31,2-4,Орон сууцны 7-р нэгж хорооллын ХЕТ,2021.10.04-ны өдөр мэдээг оруулав,,,,
526953,,,Polygon,106.914103,47.93989,ХЕТ-ний төлөвлөлтийн зам,Төлөвлөгдсөн авто зам,2019.07.31,2-4,Орон сууцны 7-р нэгж хорооллын ХЕТ,2021.10.04-ны өдөр мэдээг оруулав,,,,
526954,,,Polygon,106.915038,47.939618,ХЕТ-ний төлөвлөлтийн зам,Төлөвлөгдсөн авто зам,2019.07.31,2-4,Орон сууцны 7-р нэгж хорооллын ХЕТ,2021.10.04-ны өдөр мэдээг оруулав,,,,
526955,,,Polygon,106.911626,47.939198,ХЕТ-ний төлөвлөлтийн зам,Төлөвлөгдсөн авто зам,2019.07.31,2-4,Орон сууцны 7-р нэгж хорооллын ХЕТ,2021.10.04-ны өдөр мэдээг оруулав,,,,
526956,,,Polygon,106.909244,47.937462,ХЕТ-ний төлөвлөлтийн зам,Төлөвлөгдсөн авто зам,2019.07.31,2-4,Орон сууцны 7-р нэгж хорооллын ХЕТ,2021.10.04-ны өдөр мэдээг оруулав,,,,
526957,,,Polygon,106.907687,47.935289,ХЕТ-ний төлөвлөлтийн зам,Төлөвлөгдсөн авто зам,2019.07.31,2-4,Орон сууцны 7-р нэгж хорооллын ХЕТ,2021.10.04-ны өдөр мэдээг оруулав,,,,
526958,,,Polygon,106.924496,47.936521,ХЕТ-ний төлөвлөлтийн зам,Төлөвлөгдсөн авто зам,2019.07.31,2-4,Орон сууцны 7-р нэгж хорооллын ХЕТ,2021.10.04-ны өдөр мэдээг оруулав,,,,
526959,,,Polygon,106.922656,47.937168,ХЕТ-ний төлөвлөлтийн зам,Төлөвлөгдсөн авто зам,2019.07.31,2-4,Орон сууцны 7-р нэгж хорооллын ХЕТ,2021.10.04-ны өдөр мэдээг оруулав,,,,
526960,,,Polygon,106.920347,47.937952,ХЕТ-ний төлөвлөлтийн зам,Төлөвлөгдсөн авто зам,2019.07.31,2-4,Орон сууцны 7-р нэгж хорооллын ХЕТ,2021.10.04-ны өдөр мэдээг оруулав,,,,
526961,,,Polygon,106.917765,47.938843,ХЕТ-ний төлөвлөлтийн зам,Төлөвлөгдсөн авто зам,2019.07.31,2-4,Орон сууцны 7-р нэгж хорооллын ХЕТ,2021.10.04-ны өдөр мэдээг оруулав,,,,
526962,,,Polygon,106.926626,47.929651,ХЕТ-ний төлөвлөлтийн зам,Төлөвлөгдсөн авто зам,2019.07.31,2-4,Орон сууцны 7-р нэгж хорооллын ХЕТ,2021.10.04-ны өдөр мэдээг оруулав,,,,
526963,,,Polygon,106.927358,47.930081,ХЕТ-ний төлөвлөлтийн зам,Төлөвлөгдсөн авто зам,2019.07.31,2-4,Орон сууцны 7-р нэгж хорооллын ХЕТ,2021.10.04-ны өдөр мэдээг оруулав,,,,
526964,,,Polygon,106.927008,47.932039,ХЕТ-ний төлөвлөлтийн зам,Төлөвлөгдсөн авто зам,2019.07.31,2-4,Орон сууцны 7-р нэгж хорооллын ХЕТ,2021.10.04-ны өдөр мэдээг оруулав,,,,
526965,,,Polygon,106.926377,47.935646,ХЕТ-ний төлөвлөлтийн зам,Төлөвлөгдсөн авто зам,2019.07.31,2-4,Орон сууцны 7-р нэгж хорооллын ХЕТ,2021.10.04-ны өдөр мэдээг оруулав,,,,
526966,,,Polygon,106.906394,47.9349,ХЕТ-ний төлөвлөлтийн зам,Төлөвлөгдсөн авто зам,2019.07.31,2-4,Орон сууцны 7-р нэгж хорооллын ХЕТ,2021.10.04-ны өдөр мэдээг оруулав,,,,
526967,,,Polygon,106.908034,47.937281,ХЕТ-ний төлөвлөлтийн зам,Төлөвлөгдсөн авто зам,2019.07.31,2-4,Орон сууцны 7-р нэгж хорооллын ХЕТ,2021.10.04-ны өдөр мэдээг оруулав,,,,
526968,,,Polygon,106.911115,47.939878,ХЕТ-ний төлөвлөлтийн зам,Төлөвлөгдсөн авто зам,2019.07.31,2-4,Орон сууцны 7-р нэгж хорооллын ХЕТ,2021.10.04-ны өдөр мэдээг оруулав,,,,
526969,,,Polygon,106.914952,47.940438,ХЕТ-ний төлөвлөлтийн зам,Төлөвлөгдсөн авто зам,2019.07.31,2-4,Орон сууцны 7-р нэгж хорооллын ХЕТ,2021.10.04-ны өдөр мэдээг оруулав,,,,
526970,,,Polygon,106.916123,47.940319,ХЕТ-ний төлөвлөлтийн зам,Төлөвлөгдсөн авто зам,2019.07.31,2-4,Орон сууцны 7-р нэгж хорооллын ХЕТ,2021.10.04-ны өдөр мэдээг оруулав,,,,
526971,,,Polygon,106.919538,47.940404,ХЕТ-ний төлөвлөлтийн зам,Төлөвлөгдсөн авто зам,2019.07.31,2-4,Орон сууцны 7-р нэгж хорооллын ХЕТ,2021.10.04-ны өдөр мэдээг оруулав,,,,
526972,,,Polygon,106.924383,47.939758,ХЕТ-ний төлөвлөлтийн зам,Төлөвлөгдсөн авто зам,2019.07.31,2-4,Орон сууцны 7-р нэгж хорооллын ХЕТ,2021.10.04-ны өдөр мэдээг оруулав,,,,
526973,,,Polygon,106.92913,47.940828,ХЕТ-ний төлөвлөлтийн зам,Төлөвлөгдсөн авто зам,2019.07.31,2-4,Орон сууцны 7-р нэгж хорооллын ХЕТ,2021.10.04-ны өдөр мэдээг оруулав,,,,
526974,,,Polygon,106.928044,47.940771,ХЕТ-ний төлөвлөлтийн зам,Төлөвлөгдсөн авто зам,2019.07.31,2-4,Орон сууцны 7-р нэгж хорооллын ХЕТ,2021.10.04-ны өдөр мэдээг оруулав,,,,
526975,,,Polygon,106.92962,47.939625,ХЕТ-ний төлөвлөлтийн зам,Төлөвлөгдсөн авто зам,2019.07.31,2-4,Орон сууцны 7-р нэгж хорооллын ХЕТ,2021.10.04-ны өдөр мэдээг оруулав,,,,
526976,,,Polygon,106.928707,47.9397,ХЕТ-ний төлөвлөлтийн зам,Төлөвлөгдсөн авто зам,2019.07.31,2-4,Орон сууцны 7-р нэгж хорооллын ХЕТ,2021.10.04-ны өдөр мэдээг оруулав,,,,
526977,,,Polygon,106.92913,47.93852,ХЕТ-ний төлөвлөлтийн зам,Төлөвлөгдсөн авто зам,2019.07.31,2-4,Орон сууцны 7-р нэгж хорооллын ХЕТ,2021.10.04-ны өдөр мэдээг оруулав,,,,
526978,,,Polygon,106.927172,47.938417,ХЕТ-ний төлөвлөлтийн зам,Төлөвлөгдсөн авто зам,2019.07.31,2-4,Орон сууцны 7-р нэгж хорооллын ХЕТ,2021.10.04-ны өдөр мэдээг оруулав,,,,
526979,,,Polygon,106.924382,47.938295,ХЕТ-ний төлөвлөлтийн зам,Төлөвлөгдсөн авто зам,2019.07.31,2-4,Орон сууцны 7-р нэгж хорооллын ХЕТ,2021.10.04-ны өдөр мэдээг оруулав,,,,
526980,,,Polygon,106.924197,47.93947,ХЕТ-ний төлөвлөлтийн зам,Төлөвлөгдсөн авто зам,2019.07.31,2-4,Орон сууцны 7-р нэгж хорооллын ХЕТ,2021.10.04-ны өдөр мэдээг оруулав,,,,
526981,,,Polygon,106.924724,47.938396,ХЕТ-ний төлөвлөлтийн зам,Төлөвлөгдсөн авто зам,2019.07.31,2-4,Орон сууцны 7-р нэгж хорооллын ХЕТ,2021.10.04-ны өдөр мэдээг оруулав,,,,
526982,,,Polygon,106.93307,47.930552,ХЕТ-ний төлөвлөлтийн зам,Төлөвлөгдсөн авто зам,2019.07.31,2-4,Орон сууцны 7-р нэгж хорооллын ХЕТ,2021.10.04-ны өдөр мэдээг оруулав,,,,
526983,,,Polygon,106.932677,47.932094,ХЕТ-ний төлөвлөлтийн зам,Төлөвлөгдсөн авто зам,2019.07.31,2-4,Орон сууцны 7-р нэгж хорооллын ХЕТ,2021.10.04-ны өдөр мэдээг оруулав,,,,
526984,,,Polygon,106.931609,47.934886,ХЕТ-ний төлөвлөлтийн зам,Төлөвлөгдсөн авто зам,2019.07.31,2-4,Орон сууцны 7-р нэгж хорооллын ХЕТ,2021.10.04-ны өдөр мэдээг оруулав,,,,
526985,,,Polygon,106.931033,47.93628,ХЕТ-ний төлөвлөлтийн зам,Төлөвлөгдсөн авто зам,2019.07.31,2-4,Орон сууцны 7-р нэгж хорооллын ХЕТ,2021.10.04-ны өдөр мэдээг оруулав,,,,
526986,,,Polygon,106.930862,47.937199,ХЕТ-ний төлөвлөлтийн зам,Төлөвлөгдсөн авто зам,2019.07.31,2-4,Орон сууцны 7-р нэгж хорооллын ХЕТ,2021.10.04-ны өдөр мэдээг оруулав,,,,
526987,,,Polygon,106.932025,47.933179,ХЕТ-ний төлөвлөлтийн зам,Төлөвлөгдсөн авто зам,2019.07.31,2-4,Орон сууцны 7-р нэгж хорооллын ХЕТ,2021.10.04-ны өдөр мэдээг оруулав,,,,
526988,,,Polygon,106.932826,47.933321,ХЕТ-ний төлөвлөлтийн зам,Төлөвлөгдсөн авто зам,2019.07.31,2-4,Орон сууцны 7-р нэгж хорооллын ХЕТ,2021.10.04-ны өдөр мэдээг оруулав,,,,
526989,,,Polygon,106.932648,47.933275,ХЕТ-ний төлөвлөлтийн зам,Төлөвлөгдсөн авто зам,2019.07.31,2-4,Орон сууцны 7-р нэгж хорооллын ХЕТ,2021.10.04-ны өдөр мэдээг оруулав,,,,
526990,,,Polygon,106.931415,47.9331,ХЕТ-ний төлөвлөлтийн зам,Төлөвлөгдсөн авто зам,2019.07.31,2-4,Орон сууцны 7-р нэгж хорооллын ХЕТ,2021.10.04-ны өдөр мэдээг оруулав,,,,
526991,,,Polygon,106.93064,47.933786,ХЕТ-ний төлөвлөлтийн зам,Төлөвлөгдсөн авто зам,2019.07.31,2-4,Орон сууцны 7-р нэгж хорооллын ХЕТ,2021.10.04-ны өдөр мэдээг оруулав,,,,
526992,,,Polygon,106.931725,47.931922,ХЕТ-ний төлөвлөлтийн зам,Төлөвлөгдсөн авто зам,2019.07.31,2-4,Орон сууцны 7-р нэгж хорооллын ХЕТ,2021.10.04-ны өдөр мэдээг оруулав,,,,
526993,,,Polygon,106.931919,47.931105,ХЕТ-ний төлөвлөлтийн зам,Төлөвлөгдсөн авто зам,2019.07.31,2-4,Орон сууцны 7-р нэгж хорооллын ХЕТ,2021.10.04-ны өдөр мэдээг оруулав,,,,
526994,,,Polygon,106.930262,47.930899,ХЕТ-ний төлөвлөлтийн зам,Төлөвлөгдсөн авто зам,2019.07.31,2-4,Орон сууцны 7-р нэгж хорооллын ХЕТ,2021.10.04-ны өдөр мэдээг оруулав,,,,
526995,,,Polygon,106.930298,47.937156,ХЕТ-ний төлөвлөлтийн зам,Төлөвлөгдсөн авто зам,2019.07.31,2-4,Орон сууцны 7-р нэгж хорооллын ХЕТ,2021.10.04-ны өдөр мэдээг оруулав,,,,
526996,,,Polygon,106.914319,47.928521,ХЕТ-ний төлөвлөлтийн зам,Төлөвлөгдсөн авто зам,2019.07.31,2-4,Орон сууцны 7-р нэгж хорооллын ХЕТ,2021.10.04-ны өдөр мэдээг оруулав,,,,
526997,,,Polygon,106.916134,47.934015,ХЕТ-ний төлөвлөлтийн зам,Төлөвлөгдсөн авто зам,2019.07.31,2-4,Орон сууцны 7-р нэгж хорооллын ХЕТ,2021.10.04-ны өдөр мэдээг оруулав,,,,
526998,,,Polygon,106.916251,47.933854,ХЕТ-ний төлөвлөлтийн зам,Төлөвлөгдсөн авто зам,2019.07.31,2-4,Орон сууцны 7-р нэгж хорооллын ХЕТ,2021.10.04-ны өдөр мэдээг оруулав,,,,
526999,,,Polygon,106.922159,47.930969,ХЕТ-ний төлөвлөлтийн зам,Төлөвлөгдсөн авто зам,2019.07.31,2-4,Орон сууцны 7-р нэгж хорооллын ХЕТ,2021.10.04-ны өдөр мэдээг оруулав,,,,
527000,,,Polygon,106.923079,47.92965,ХЕТ-ний төлөвлөлтийн зам,Төлөвлөгдсөн авто зам,2019.07.31,2-4,Орон сууцны 7-р нэгж хорооллын ХЕТ,2021.10.04-ны өдөр мэдээг оруулав,,,,
527001,,,Polygon,106.923072,47.930666,ХЕТ-ний төлөвлөлтийн зам,Төлөвлөгдсөн авто зам,2019.07.31,2-4,Орон сууцны 7-р нэгж хорооллын ХЕТ,2021.10.04-ны өдөр мэдээг оруулав,,,,
527002,,,Polygon,106.921204,47.932262,ХЕТ-ний төлөвлөлтийн зам,Төлөвлөгдсөн авто зам,2019.07.31,2-4,Орон сууцны 7-р нэгж хорооллын ХЕТ,2021.10.04-ны өдөр мэдээг оруулав,,,,
527003,,,Polygon,106.921195,47.92924,ХЕТ-ний төлөвлөлтийн зам,Төлөвлөгдсөн авто зам,2019.07.31,2-4,Орон сууцны 7-р нэгж хорооллын ХЕТ,2021.10.04-ны өдөр мэдээг оруулав,,,,
527004,,,Polygon,106.920837,47.929341,ХЕТ-ний төлөвлөлтийн зам,Төлөвлөгдсөн авто зам,2019.07.31,2-4,Орон сууцны 7-р нэгж хорооллын ХЕТ,2021.10.04-ны өдөр мэдээг оруулав,,,,
527005,,,Polygon,106.922243,47.929451,ХЕТ-ний төлөвлөлтийн зам,Төлөвлөгдсөн авто зам,2019.07.31,2-4,Орон сууцны 7-р нэгж хорооллын ХЕТ,2021.10.04-ны өдөр мэдээг оруулав,,,,
527006,,,Polygon,106.921295,47.930467,ХЕТ-ний төлөвлөлтийн зам,Төлөвлөгдсөн авто зам,2019.07.31,2-4,Орон сууцны 7-р нэгж хорооллын ХЕТ,2021.10.04-ны өдөр мэдээг оруулав,,,,
527007,,,Polygon,106.925077,47.930474,ХЕТ-ний төлөвлөлтийн зам,Төлөвлөгдсөн авто зам,2019.07.31,2-4,Орон сууцны 7-р нэгж хорооллын ХЕТ,2021.10.04-ны өдөр мэдээг оруулав,,,,
527008,,,Polygon,106.919411,47.929212,ХЕТ-ний төлөвлөлтийн зам,Төлөвлөгдсөн авто зам,2019.07.31,2-4,Орон сууцны 7-р нэгж хорооллын ХЕТ,2021.10.04-ны өдөр мэдээг оруулав,,,,
527009,,,Polygon,106.918404,47.929123,ХЕТ-ний төлөвлөлтийн зам,Төлөвлөгдсөн авто зам,2019.07.31,2-4,Орон сууцны 7-р нэгж хорооллын ХЕТ,2021.10.04-ны өдөр мэдээг оруулав,,,,
527010,,,Polygon,106.91575,47.928908,ХЕТ-ний төлөвлөлтийн зам,Төлөвлөгдсөн авто зам,2019.07.31,2-4,Орон сууцны 7-р нэгж хорооллын ХЕТ,2021.10.04-ны өдөр мэдээг оруулав,,,,
527011,,,Polygon,106.905306,47.927372,ХЕТ-ний төлөвлөлтийн зам,Төлөвлөгдсөн авто зам,2019.07.31,2-4,Орон сууцны 7-р нэгж хорооллын ХЕТ,2021.10.04-ны өдөр мэдээг оруулав,,,,
527012,,,Polygon,106.904088,47.927635,ХЕТ-ний төлөвлөлтийн зам,Төлөвлөгдсөн авто зам,2019.07.31,2-4,Орон сууцны 7-р нэгж хорооллын ХЕТ,2021.10.04-ны өдөр мэдээг оруулав,,,,
527013,,,Polygon,106.905197,47.929042,ХЕТ-ний төлөвлөлтийн зам,Төлөвлөгдсөн авто зам,2019.07.31,2-4,Орон сууцны 7-р нэгж хорооллын ХЕТ,2021.10.04-ны өдөр мэдээг оруулав,,,,
527014,,,Polygon,106.905078,47.928885,ХЕТ-ний төлөвлөлтийн зам,Төлөвлөгдсөн авто зам,2019.07.31,2-4,Орон сууцны 7-р нэгж хорооллын ХЕТ,2021.10.04-ны өдөр мэдээг оруулав,,,,
527015,,,Polygon,106.904839,47.928015,ХЕТ-ний төлөвлөлтийн зам,Төлөвлөгдсөн авто зам,2019.07.31,2-4,Орон сууцны 7-р нэгж хорооллын ХЕТ,2021.10.04-ны өдөр мэдээг оруулав,,,,
527016,,,Polygon,106.905199,47.927815,ХЕТ-ний төлөвлөлтийн зам,Төлөвлөгдсөн авто зам,2019.07.31,2-4,Орон сууцны 7-р нэгж хорооллын ХЕТ,2021.10.04-ны өдөр мэдээг оруулав,,,,
527017,,,Polygon,106.906089,47.928291,ХЕТ-ний төлөвлөлтийн зам,Төлөвлөгдсөн авто зам,2019.07.31,2-4,Орон сууцны 7-р нэгж хорооллын ХЕТ,2021.10.04-ны өдөр мэдээг оруулав,,,,
527018,,,Polygon,106.905298,47.928363,ХЕТ-ний төлөвлөлтийн зам,Төлөвлөгдсөн авто зам,2019.07.31,2-4,Орон сууцны 7-р нэгж хорооллын ХЕТ,2021.10.04-ны өдөр мэдээг оруулав,,,,
527019,,,Polygon,106.905505,47.928672,ХЕТ-ний төлөвлөлтийн зам,Төлөвлөгдсөн авто зам,2019.07.31,2-4,Орон сууцны 7-р нэгж хорооллын ХЕТ,2021.10.04-ны өдөр мэдээг оруулав,,,,
527020,,,Polygon,106.907702,47.928264,ХЕТ-ний төлөвлөлтийн зам,Төлөвлөгдсөн авто зам,2019.07.31,2-4,Орон сууцны 7-р нэгж хорооллын ХЕТ,2021.10.04-ны өдөр мэдээг оруулав,,,,
527021,,,Polygon,106.906953,47.927812,ХЕТ-ний төлөвлөлтийн зам,Төлөвлөгдсөн авто зам,2019.07.31,2-4,Орон сууцны 7-р нэгж хорооллын ХЕТ,2021.10.04-ны өдөр мэдээг оруулав,,,,
527022,,,Polygon,106.908405,47.928864,ХЕТ-ний төлөвлөлтийн зам,Төлөвлөгдсөн авто зам,2019.07.31,2-4,Орон сууцны 7-р нэгж хорооллын ХЕТ,2021.10.04-ны өдөр мэдээг оруулав,,,,
527023,,,Polygon,106.912655,47.928672,ХЕТ-ний төлөвлөлтийн зам,Төлөвлөгдсөн авто зам,2019.07.31,2-4,Орон сууцны 7-р нэгж хорооллын ХЕТ,2021.10.04-ны өдөр мэдээг оруулав,,,,
527024,,,Polygon,106.909999,47.928566,ХЕТ-ний төлөвлөлтийн зам,Төлөвлөгдсөн авто зам,2019.07.31,2-4,Орон сууцны 7-р нэгж хорооллын ХЕТ,2021.10.04-ны өдөр мэдээг оруулав,,,,
527025,,,Polygon,106.913287,47.934103,ХЕТ-ний төлөвлөлтийн зам,Төлөвлөгдсөн авто зам,2019.07.31,2-4,Орон сууцны 7-р нэгж хорооллын ХЕТ,2021.10.04-ны өдөр мэдээг оруулав,,,,
527026,,,Polygon,106.913677,47.931877,ХЕТ-ний төлөвлөлтийн зам,Төлөвлөгдсөн авто зам,2019.07.31,2-4,Орон сууцны 7-р нэгж хорооллын ХЕТ,2021.10.04-ны өдөр мэдээг оруулав,,,,
527027,,,Polygon,106.913984,47.930083,ХЕТ-ний төлөвлөлтийн зам,Төлөвлөгдсөн авто зам,2019.07.31,2-4,Орон сууцны 7-р нэгж хорооллын ХЕТ,2021.10.04-ны өдөр мэдээг оруулав,,,,
527028,,,Polygon,106.912632,47.937405,ХЕТ-ний төлөвлөлтийн зам,Төлөвлөгдсөн авто зам,2019.07.31,2-4,Орон сууцны 7-р нэгж хорооллын ХЕТ,2021.10.04-ны өдөр мэдээг оруулав,,,,
527029,,,Polygon,106.91212,47.933598,ХЕТ-ний төлөвлөлтийн зам,Төлөвлөгдсөн авто зам,2019.07.31,2-4,Орон сууцны 7-р нэгж хорооллын ХЕТ,2021.10.04-ны өдөр мэдээг оруулав,,,,
527030,,,Polygon,106.910738,47.933421,ХЕТ-ний төлөвлөлтийн зам,Төлөвлөгдсөн авто зам,2019.07.31,2-4,Орон сууцны 7-р нэгж хорооллын ХЕТ,2021.10.04-ны өдөр мэдээг оруулав,,,,
527031,,,Polygon,106.909193,47.934349,ХЕТ-ний төлөвлөлтийн зам,Төлөвлөгдсөн авто зам,2019.07.31,2-4,Орон сууцны 7-р нэгж хорооллын ХЕТ,2021.10.04-ны өдөр мэдээг оруулав,,,,
527032,,,Polygon,106.90913,47.933014,ХЕТ-ний төлөвлөлтийн зам,Төлөвлөгдсөн авто зам,2019.07.31,2-4,Орон сууцны 7-р нэгж хорооллын ХЕТ,2021.10.04-ны өдөр мэдээг оруулав,,,,
527033,,,Polygon,106.91119,47.937033,ХЕТ-ний төлөвлөлтийн зам,Төлөвлөгдсөн авто зам,2019.07.31,2-4,Орон сууцны 7-р нэгж хорооллын ХЕТ,2021.10.04-ны өдөр мэдээг оруулав,,,,
527034,,,Polygon,106.915181,47.931717,ХЕТ-ний төлөвлөлтийн зам,Төлөвлөгдсөн авто зам,2019.07.31,2-4,Орон сууцны 7-р нэгж хорооллын ХЕТ,2021.10.04-ны өдөр мэдээг оруулав,,,,
527035,,,Polygon,106.915357,47.930825,ХЕТ-ний төлөвлөлтийн зам,Төлөвлөгдсөн авто зам,2019.07.31,2-4,Орон сууцны 7-р нэгж хорооллын ХЕТ,2021.10.04-ны өдөр мэдээг оруулав,,,,
527036,,,Polygon,106.919809,47.938967,ХЕТ-ний төлөвлөлтийн зам,Төлөвлөгдсөн авто зам,2019.07.31,2-4,Орон сууцны 7-р нэгж хорооллын ХЕТ,2021.10.04-ны өдөр мэдээг оруулав,,,,
527037,,,Polygon,106.927967,47.936801,ХЕТ-ний төлөвлөлтийн зам,Төлөвлөгдсөн авто зам,2019.07.31,2-4,Орон сууцны 7-р нэгж хорооллын ХЕТ,2021.10.04-ны өдөр мэдээг оруулав,,,,
527038,,,Polygon,106.92455,47.937073,ХЕТ-ний төлөвлөлтийн зам,Төлөвлөгдсөн авто зам,2019.07.31,2-4,Орон сууцны 7-р нэгж хорооллын ХЕТ,2021.10.04-ны өдөр мэдээг оруулав,,,,
527039,,,Polygon,106.924406,47.935298,ХЕТ-ний төлөвлөлтийн зам,Төлөвлөгдсөн авто зам,2019.07.31,2-4,Орон сууцны 7-р нэгж хорооллын ХЕТ,2021.10.04-ны өдөр мэдээг оруулав,,,,
527040,,,Polygon,106.924264,47.934282,ХЕТ-ний төлөвлөлтийн зам,Төлөвлөгдсөн авто зам,2019.07.31,2-4,Орон сууцны 7-р нэгж хорооллын ХЕТ,2021.10.04-ны өдөр мэдээг оруулав,,,,
527041,,,Polygon,106.922704,47.93539,ХЕТ-ний төлөвлөлтийн зам,Төлөвлөгдсөн авто зам,2019.07.31,2-4,Орон сууцны 7-р нэгж хорооллын ХЕТ,2021.10.04-ны өдөр мэдээг оруулав,,,,
527042,,,Polygon,106.928655,47.934662,ХЕТ-ний төлөвлөлтийн зам,Төлөвлөгдсөн авто зам,2019.07.31,2-4,Орон сууцны 7-р нэгж хорооллын ХЕТ,2021.10.04-ны өдөр мэдээг оруулав,,,,
527043,,,Polygon,106.929057,47.933194,ХЕТ-ний төлөвлөлтийн зам,Төлөвлөгдсөн авто зам,2019.07.31,2-4,Орон сууцны 7-р нэгж хорооллын ХЕТ,2021.10.04-ны өдөр мэдээг оруулав,,,,
527044,,,Polygon,106.905633,47.930255,ХЕТ-ний төлөвлөлтийн зам,Төлөвлөгдсөн авто зам,2019.07.31,2-4,Орон сууцны 7-р нэгж хорооллын ХЕТ,2021.10.04-ны өдөр мэдээг оруулав,,,,
527045,,,Polygon,106.907535,47.930114,ХЕТ-ний төлөвлөлтийн зам,Төлөвлөгдсөн авто зам,2019.07.31,2-4,Орон сууцны 7-р нэгж хорооллын ХЕТ,2021.10.04-ны өдөр мэдээг оруулав,,,,
527046,,,Polygon,106.929707,47.936333,ХЕТ-ний төлөвлөлтийн зам,Төлөвлөгдсөн авто зам,2019.07.31,2-4,Орон сууцны 7-р нэгж хорооллын ХЕТ,2021.10.04-ны өдөр мэдээг оруулав,,,,
527047,,,Polygon,106.921086,47.933486,ХЕТ-ний төлөвлөлтийн зам,Төлөвлөгдсөн авто зам,2019.07.31,2-4,Орон сууцны 7-р нэгж хорооллын ХЕТ,2021.10.04-ны өдөр мэдээг оруулав,,,,
527048,,,Polygon,106.924467,47.93353,ХЕТ-ний төлөвлөлтийн зам,Төлөвлөгдсөн авто зам,2019.07.31,2-4,Орон сууцны 7-р нэгж хорооллын ХЕТ,2021.10.04-ны өдөр мэдээг оруулав,,,,
527049,,,Polygon,106.912617,47.932086,ХЕТ-ний төлөвлөлтийн зам,Төлөвлөгдсөн авто зам,2019.07.31,2-4,Орон сууцны 7-р нэгж хорооллын ХЕТ,2021.10.04-ны өдөр мэдээг оруулав,,,,
527050,,,Polygon,106.911685,47.931923,ХЕТ-ний төлөвлөлтийн зам,Төлөвлөгдсөн авто зам,2019.07.31,2-4,Орон сууцны 7-р нэгж хорооллын ХЕТ,2021.10.04-ны өдөр мэдээг оруулав,,,,
527051,,,Polygon,106.911108,47.932389,ХЕТ-ний төлөвлөлтийн зам,Төлөвлөгдсөн авто зам,2019.07.31,2-4,Орон сууцны 7-р нэгж хорооллын ХЕТ,2021.10.04-ны өдөр мэдээг оруулав,,,,
527052,,,Polygon,106.907037,47.932853,ХЕТ-ний төлөвлөлтийн зам,Төлөвлөгдсөн авто зам,2019.07.31,2-4,Орон сууцны 7-р нэгж хорооллын ХЕТ,2021.10.04-ны өдөр мэдээг оруулав,,,,
527053,,,Polygon,106.918234,47.936223,ХЕТ-ний төлөвлөлтийн зам,Төлөвлөгдсөн авто зам,2019.07.31,2-4,Орон сууцны 7-р нэгж хорооллын ХЕТ,2021.10.04-ны өдөр мэдээг оруулав,,,,
527054,,,Polygon,106.916773,47.937536,ХЕТ-ний төлөвлөлтийн зам,Төлөвлөгдсөн авто зам,2019.07.31,2-4,Орон сууцны 7-р нэгж хорооллын ХЕТ,2021.10.04-ны өдөр мэдээг оруулав,,,,
527055,,,Polygon,106.918931,47.937705,ХЕТ-ний төлөвлөлтийн зам,Төлөвлөгдсөн авто зам,2019.07.31,2-4,Орон сууцны 7-р нэгж хорооллын ХЕТ,2021.10.04-ны өдөр мэдээг оруулав,,,,
527056,,,Polygon,106.919802,47.932869,ХЕТ-ний төлөвлөлтийн зам,Төлөвлөгдсөн авто зам,2019.07.31,2-4,Орон сууцны 7-р нэгж хорооллын ХЕТ,2021.10.04-ны өдөр мэдээг оруулав,,,,
527057,,,Polygon,106.918737,47.932786,ХЕТ-ний төлөвлөлтийн зам,Төлөвлөгдсөн авто зам,2019.07.31,2-4,Орон сууцны 7-р нэгж хорооллын ХЕТ,2021.10.04-ны өдөр мэдээг оруулав,,,,
527058,,,Polygon,106.917663,47.932702,ХЕТ-ний төлөвлөлтийн зам,Төлөвлөгдсөн авто зам,2019.07.31,2-4,Орон сууцны 7-р нэгж хорооллын ХЕТ,2021.10.04-ны өдөр мэдээг оруулав,,,,
527059,,,Polygon,106.915014,47.932533,ХЕТ-ний төлөвлөлтийн зам,Төлөвлөгдсөн авто зам,2019.07.31,2-4,Орон сууцны 7-р нэгж хорооллын ХЕТ,2021.10.04-ны өдөр мэдээг оруулав,,,,
527060,,,Polygon,106.914808,47.933539,ХЕТ-ний төлөвлөлтийн зам,Төлөвлөгдсөн авто зам,2019.07.31,2-4,Орон сууцны 7-р нэгж хорооллын ХЕТ,2021.10.04-ны өдөр мэдээг оруулав,,,,
527061,,,Polygon,106.919796,47.93522,ХЕТ-ний төлөвлөлтийн зам,Төлөвлөгдсөн авто зам,2019.07.31,2-4,Орон сууцны 7-р нэгж хорооллын ХЕТ,2021.10.04-ны өдөр мэдээг оруулав,,,,
527062,,,Polygon,106.917115,47.935643,ХЕТ-ний төлөвлөлтийн зам,Төлөвлөгдсөн авто зам,2019.07.31,2-4,Орон сууцны 7-р нэгж хорооллын ХЕТ,2021.10.04-ны өдөр мэдээг оруулав,,,,
527063,,,Polygon,106.914424,47.935433,ХЕТ-ний төлөвлөлтийн зам,Төлөвлөгдсөн авто зам,2019.07.31,2-4,Орон сууцны 7-р нэгж хорооллын ХЕТ,2021.10.04-ны өдөр мэдээг оруулав,,,,
527064,,,Polygon,106.917467,47.933751,ХЕТ-ний төлөвлөлтийн зам,Төлөвлөгдсөн авто зам,2019.07.31,2-4,Орон сууцны 7-р нэгж хорооллын ХЕТ,2021.10.04-ны өдөр мэдээг оруулав,,,,
527065,,,Polygon,106.919614,47.933917,ХЕТ-ний төлөвлөлтийн зам,Төлөвлөгдсөн авто зам,2019.07.31,2-4,Орон сууцны 7-р нэгж хорооллын ХЕТ,2021.10.04-ны өдөр мэдээг оруулав,,,,
527066,,,Polygon,106.920067,47.936928,ХЕТ-ний төлөвлөлтийн зам,Төлөвлөгдсөн авто зам,2019.07.31,2-4,Орон сууцны 7-р нэгж хорооллын ХЕТ,2021.10.04-ны өдөр мэдээг оруулав,,,,
527067,,,Polygon,106.914072,47.937137,ХЕТ-ний төлөвлөлтийн зам,Төлөвлөгдсөн авто зам,2019.07.31,2-4,Орон сууцны 7-р нэгж хорооллын ХЕТ,2021.10.04-ны өдөр мэдээг оруулав,,,,
527068,,,Polygon,106.910758,47.929318,ХЕТ-ний төлөвлөлтийн зам,Төлөвлөгдсөн авто зам,2019.07.31,2-4,Орон сууцны 7-р нэгж хорооллын ХЕТ,2021.10.04-ны өдөр мэдээг оруулав,,,,
527069,,,Polygon,106.911567,47.930714,ХЕТ-ний төлөвлөлтийн зам,Төлөвлөгдсөн авто зам,2019.07.31,2-4,Орон сууцны 7-р нэгж хорооллын ХЕТ,2021.10.04-ны өдөр мэдээг оруулав,,,,
527070,,,Polygon,106.909548,47.929473,ХЕТ-ний төлөвлөлтийн зам,Төлөвлөгдсөн авто зам,2019.07.31,2-4,Орон сууцны 7-р нэгж хорооллын ХЕТ,2021.10.04-ны өдөр мэдээг оруулав,,,,
527071,,,Polygon,106.91124,47.930682,ХЕТ-ний төлөвлөлтийн зам,Төлөвлөгдсөн авто зам,2019.07.31,2-4,Орон сууцны 7-р нэгж хорооллын ХЕТ,2021.10.04-ны өдөр мэдээг оруулав,,,,
527072,,,Polygon,106.909776,47.93048,ХЕТ-ний төлөвлөлтийн зам,Төлөвлөгдсөн авто зам,2019.07.31,2-4,Орон сууцны 7-р нэгж хорооллын ХЕТ,2021.10.04-ны өдөр мэдээг оруулав,,,,
527073,,,Polygon,106.909714,47.932166,ХЕТ-ний төлөвлөлтийн зам,Төлөвлөгдсөн авто зам,2019.07.31,2-4,Орон сууцны 7-р нэгж хорооллын ХЕТ,2021.10.04-ны өдөр мэдээг оруулав,,,,
527074,,,Polygon,106.908784,47.931353,ХЕТ-ний төлөвлөлтийн зам,Төлөвлөгдсөн авто зам,2019.07.31,2-4,Орон сууцны 7-р нэгж хорооллын ХЕТ,2021.10.04-ны өдөр мэдээг оруулав,,,,
527075,,,Polygon,106.906025,47.931288,ХЕТ-ний төлөвлөлтийн зам,Төлөвлөгдсөн авто зам,2019.07.31,2-4,Орон сууцны 7-р нэгж хорооллын ХЕТ,2021.10.04-ны өдөр мэдээг оруулав,,,,
527076,,,Polygon,106.913006,47.930819,ХЕТ-ний төлөвлөлтийн зам,Төлөвлөгдсөн авто зам,2019.07.31,2-4,Орон сууцны 7-р нэгж хорооллын ХЕТ,2021.10.04-ны өдөр мэдээг оруулав,,,,
527077,,,Polygon,107.271981,47.787255,ХЕТ-ний төлөвлөлтийн зам,Төлөвлөгдсөн авто зам,2017.04.17,,Тэрэлж тосгоны хэсэгчилсэн ерөнхий төлөвлөгөө,2022 оны 4 сарын 14-ны өдөр мэдээг оруулав,,,,
527078,,,Polygon,107.455331,47.78769,ХЕТ-ний төлөвлөлтийн зам,Төлөвлөгдсөн авто зам,2017.04.17,,Тэрэлж тосгоны хэсэгчилсэн ерөнхий төлөвлөгөө,2022 оны 4 сарын 14-ны өдөр мэдээг оруулав,,,,
527079,,,Polygon,107.313836,47.798505,ХЕТ-ний төлөвлөлтийн зам,Төлөвлөгдсөн авто зам,2017.04.17,,Тэрэлж тосгоны хэсэгчилсэн ерөнхий төлөвлөгөө,2022 оны 4 сарын 14-ны өдөр мэдээг оруулав,,,,
527080,,,Polygon,107.327018,47.813325,ХЕТ-ний төлөвлөлтийн зам,Төлөвлөгдсөн авто зам,2017.04.17,,Тэрэлж тосгоны хэсэгчилсэн ерөнхий төлөвлөгөө,2022 оны 4 сарын 14-ны өдөр мэдээг оруулав,,,,
527081,,,Polygon,107.327299,47.811975,ХЕТ-ний төлөвлөлтийн зам,Төлөвлөгдсөн авто зам,2017.04.17,,Тэрэлж тосгоны хэсэгчилсэн ерөнхий төлөвлөгөө,2022 оны 4 сарын 14-ны өдөр мэдээг оруулав,,,,
527082,,,Polygon,107.330296,47.81444,ХЕТ-ний төлөвлөлтийн зам,Төлөвлөгдсөн авто зам,2017.04.17,,Тэрэлж тосгоны хэсэгчилсэн ерөнхий төлөвлөгөө,2022 оны 4 сарын 14-ны өдөр мэдээг оруулав,,,,
527083,,,Polygon,107.330293,47.814445,ХЕТ-ний төлөвлөлтийн зам,Төлөвлөгдсөн авто зам,2017.04.17,,Тэрэлж тосгоны хэсэгчилсэн ерөнхий төлөвлөгөө,2022 оны 4 сарын 14-ны өдөр мэдээг оруулав,,,,
527084,,,Polygon,107.330291,47.814448,ХЕТ-ний төлөвлөлтийн зам,Төлөвлөгдсөн авто зам,2017.04.17,,Тэрэлж тосгоны хэсэгчилсэн ерөнхий төлөвлөгөө,2022 оны 4 сарын 14-ны өдөр мэдээг оруулав,,,,
527085,,,Polygon,107.330289,47.814451,ХЕТ-ний төлөвлөлтийн зам,Төлөвлөгдсөн авто зам,2017.04.17,,Тэрэлж тосгоны хэсэгчилсэн ерөнхий төлөвлөгөө,2022 оны 4 сарын 14-ны өдөр мэдээг оруулав,,,,
527086,,,Polygon,107.330287,47.814455,ХЕТ-ний төлөвлөлтийн зам,Төлөвлөгдсөн авто зам,2017.04.17,,Тэрэлж тосгоны хэсэгчилсэн ерөнхий төлөвлөгөө,2022 оны 4 сарын 14-ны өдөр мэдээг оруулав,,,,
527087,,,Polygon,107.330285,47.814458,ХЕТ-ний төлөвлөлтийн зам,Төлөвлөгдсөн авто зам,2017.04.17,,Тэрэлж тосгоны хэсэгчилсэн ерөнхий төлөвлөгөө,2022 оны 4 сарын 14-ны өдөр мэдээг оруулав,,,,
527088,,,Polygon,107.330282,47.814461,ХЕТ-ний төлөвлөлтийн зам,Төлөвлөгдсөн авто зам,2017.04.17,,Тэрэлж тосгоны хэсэгчилсэн ерөнхий төлөвлөгөө,2022 оны 4 сарын 14-ны өдөр мэдээг оруулав,,,,
527089,,,Polygon,107.33028,47.814465,ХЕТ-ний төлөвлөлтийн зам,Төлөвлөгдсөн авто зам,2017.04.17,,Тэрэлж тосгоны хэсэгчилсэн ерөнхий төлөвлөгөө,2022 оны 4 сарын 14-ны өдөр мэдээг оруулав,,,,
527090,,,Polygon,107.330278,47.814468,ХЕТ-ний төлөвлөлтийн зам,Төлөвлөгдсөн авто зам,2017.04.17,,Тэрэлж тосгоны хэсэгчилсэн ерөнхий төлөвлөгөө,2022 оны 4 сарын 14-ны өдөр мэдээг оруулав,,,,
527091,,,Polygon,107.330275,47.814471,ХЕТ-ний төлөвлөлтийн зам,Төлөвлөгдсөн авто зам,2017.04.17,,Тэрэлж тосгоны хэсэгчилсэн ерөнхий төлөвлөгөө,2022 оны 4 сарын 14-ны өдөр мэдээг оруулав,,,,
527092,,,Polygon,107.330272,47.814474,ХЕТ-ний төлөвлөлтийн зам,Төлөвлөгдсөн авто зам,2017.04.17,,Тэрэлж тосгоны хэсэгчилсэн ерөнхий төлөвлөгөө,2022 оны 4 сарын 14-ны өдөр мэдээг оруулав,,,,
527093,,,Polygon,107.33027,47.814478,ХЕТ-ний төлөвлөлтийн зам,Төлөвлөгдсөн авто зам,2017.04.17,,Тэрэлж тосгоны хэсэгчилсэн ерөнхий төлөвлөгөө,2022 оны 4 сарын 14-ны өдөр мэдээг оруулав,,,,
527094,,,Polygon,107.330267,47.814481,ХЕТ-ний төлөвлөлтийн зам,Төлөвлөгдсөн авто зам,2017.04.17,,Тэрэлж тосгоны хэсэгчилсэн ерөнхий төлөвлөгөө,2022 оны 4 сарын 14-ны өдөр мэдээг оруулав,,,,
527095,,,Polygon,107.330264,47.814484,ХЕТ-ний төлөвлөлтийн зам,Төлөвлөгдсөн авто зам,2017.04.17,,Тэрэлж тосгоны хэсэгчилсэн ерөнхий төлөвлөгөө,2022 оны 4 сарын 14-ны өдөр мэдээг оруулав,,,,
527096,,,Polygon,107.330261,47.814487,ХЕТ-ний төлөвлөлтийн зам,Төлөвлөгдсөн авто зам,2017.04.17,,Тэрэлж тосгоны хэсэгчилсэн ерөнхий төлөвлөгөө,2022 оны 4 сарын 14-ны өдөр мэдээг оруулав,,,,
527097,,,Polygon,107.330258,47.81449,ХЕТ-ний төлөвлөлтийн зам,Төлөвлөгдсөн авто зам,2017.04.17,,Тэрэлж тосгоны хэсэгчилсэн ерөнхий төлөвлөгөө,2022 оны 4 сарын 14-ны өдөр мэдээг оруулав,,,,
527098,,,Polygon,107.330255,47.814493,ХЕТ-ний төлөвлөлтийн зам,Төлөвлөгдсөн авто зам,2017.04.17,,Тэрэлж тосгоны хэсэгчилсэн ерөнхий төлөвлөгөө,2022 оны 4 сарын 14-ны өдөр мэдээг оруулав,,,,
527099,,,Polygon,107.330252,47.814496,ХЕТ-ний төлөвлөлтийн зам,Төлөвлөгдсөн авто зам,2017.04.17,,Тэрэлж тосгоны хэсэгчилсэн ерөнхий төлөвлөгөө,2022 оны 4 сарын 14-ны өдөр мэдээг оруулав,,,,
527100,,,Polygon,107.330249,47.814499,ХЕТ-ний төлөвлөлтийн зам,Төлөвлөгдсөн авто зам,2017.04.17,,Тэрэлж тосгоны хэсэгчилсэн ерөнхий төлөвлөгөө,2022 оны 4 сарын 14-ны өдөр мэдээг оруулав,,,,
527101,,,Polygon,107.330245,47.814502,ХЕТ-ний төлөвлөлтийн зам,Төлөвлөгдсөн авто зам,2017.04.17,,Тэрэлж тосгоны хэсэгчилсэн ерөнхий төлөвлөгөө,2022 оны 4 сарын 14-ны өдөр мэдээг оруулав,,,,
527102,,,Polygon,107.330242,47.814505,ХЕТ-ний төлөвлөлтийн зам,Төлөвлөгдсөн авто зам,2017.04.17,,Тэрэлж тосгоны хэсэгчилсэн ерөнхий төлөвлөгөө,2022 оны 4 сарын 14-ны өдөр мэдээг оруулав,,,,
527103,,,Polygon,107.330238,47.814507,ХЕТ-ний төлөвлөлтийн зам,Төлөвлөгдсөн авто зам,2017.04.17,,Тэрэлж тосгоны хэсэгчилсэн ерөнхий төлөвлөгөө,2022 оны 4 сарын 14-ны өдөр мэдээг оруулав,,,,
527104,,,Polygon,107.330235,47.81451,ХЕТ-ний төлөвлөлтийн зам,Төлөвлөгдсөн авто зам,2017.04.17,,Тэрэлж тосгоны хэсэгчилсэн ерөнхий төлөвлөгөө,2022 оны 4 сарын 14-ны өдөр мэдээг оруулав,,,,
527105,,,Polygon,107.330231,47.814513,ХЕТ-ний төлөвлөлтийн зам,Төлөвлөгдсөн авто зам,2017.04.17,,Тэрэлж тосгоны хэсэгчилсэн ерөнхий төлөвлөгөө,2022 оны 4 сарын 14-ны өдөр мэдээг оруулав,,,,
527106,,,Polygon,107.330228,47.814516,ХЕТ-ний төлөвлөлтийн зам,Төлөвлөгдсөн авто зам,2017.04.17,,Тэрэлж тосгоны хэсэгчилсэн ерөнхий төлөвлөгөө,2022 оны 4 сарын 14-ны өдөр мэдээг оруулав,,,,
527107,,,Polygon,107.330224,47.814518,ХЕТ-ний төлөвлөлтийн зам,Төлөвлөгдсөн авто зам,2017.04.17,,Тэрэлж тосгоны хэсэгчилсэн ерөнхий төлөвлөгөө,2022 оны 4 сарын 14-ны өдөр мэдээг оруулав,,,,
527108,,,Polygon,107.33022,47.814521,ХЕТ-ний төлөвлөлтийн зам,Төлөвлөгдсөн авто зам,2017.04.17,,Тэрэлж тосгоны хэсэгчилсэн ерөнхий төлөвлөгөө,2022 оны 4 сарын 14-ны өдөр мэдээг оруулав,,,,
527109,,,Polygon,107.330216,47.814523,ХЕТ-ний төлөвлөлтийн зам,Төлөвлөгдсөн авто зам,2017.04.17,,Тэрэлж тосгоны хэсэгчилсэн ерөнхий төлөвлөгөө,2022 оны 4 сарын 14-ны өдөр мэдээг оруулав,,,,
527110,,,Polygon,107.330212,47.814526,ХЕТ-ний төлөвлөлтийн зам,Төлөвлөгдсөн авто зам,2017.04.17,,Тэрэлж тосгоны хэсэгчилсэн ерөнхий төлөвлөгөө,2022 оны 4 сарын 14-ны өдөр мэдээг оруулав,,,,
527111,,,Polygon,107.330208,47.814528,ХЕТ-ний төлөвлөлтийн зам,Төлөвлөгдсөн авто зам,2017.04.17,,Тэрэлж тосгоны хэсэгчилсэн ерөнхий төлөвлөгөө,2022 оны 4 сарын 14-ны өдөр мэдээг оруулав,,,,
527112,,,Polygon,107.330204,47.814531,ХЕТ-ний төлөвлөлтийн зам,Төлөвлөгдсөн авто зам,2017.04.17,,Тэрэлж тосгоны хэсэгчилсэн ерөнхий төлөвлөгөө,2022 оны 4 сарын 14-ны өдөр мэдээг оруулав,,,,
527113,,,Polygon,107.3302,47.814533,ХЕТ-ний төлөвлөлтийн зам,Төлөвлөгдсөн авто зам,2017.04.17,,Тэрэлж тосгоны хэсэгчилсэн ерөнхий төлөвлөгөө,2022 оны 4 сарын 14-ны өдөр мэдээг оруулав,,,,
527114,,,Polygon,107.330196,47.814535,ХЕТ-ний төлөвлөлтийн зам,Төлөвлөгдсөн авто зам,2017.04.17,,Тэрэлж тосгоны хэсэгчилсэн ерөнхий төлөвлөгөө,2022 оны 4 сарын 14-ны өдөр мэдээг оруулав,,,,
527115,,,Polygon,107.330191,47.814538,ХЕТ-ний төлөвлөлтийн зам,Төлөвлөгдсөн авто зам,2017.04.17,,Тэрэлж тосгоны хэсэгчилсэн ерөнхий төлөвлөгөө,2022 оны 4 сарын 14-ны өдөр мэдээг оруулав,,,,
527116,,,Polygon,107.330187,47.81454,ХЕТ-ний төлөвлөлтийн зам,Төлөвлөгдсөн авто зам,2017.04.17,,Тэрэлж тосгоны хэсэгчилсэн ерөнхий төлөвлөгөө,2022 оны 4 сарын 14-ны өдөр мэдээг оруулав,,,,
527117,,,Polygon,107.330183,47.814542,ХЕТ-ний төлөвлөлтийн зам,Төлөвлөгдсөн авто зам,2017.04.17,,Тэрэлж тосгоны хэсэгчилсэн ерөнхий төлөвлөгөө,2022 оны 4 сарын 14-ны өдөр мэдээг оруулав,,,,
527118,,,Polygon,107.330177,47.814545,ХЕТ-ний төлөвлөлтийн зам,Төлөвлөгдсөн авто зам,2017.04.17,,Тэрэлж тосгоны хэсэгчилсэн ерөнхий төлөвлөгөө,2022 оны 4 сарын 14-ны өдөр мэдээг оруулав,,,,
527119,,,Polygon,107.328345,47.814034,ХЕТ-ний төлөвлөлтийн зам,Төлөвлөгдсөн авто зам,2017.04.17,,Тэрэлж тосгоны хэсэгчилсэн ерөнхий төлөвлөгөө,2022 оны 4 сарын 14-ны өдөр мэдээг оруулав,,,,
527120,,,Polygon,107.329183,47.816401,ХЕТ-ний төлөвлөлтийн зам,Төлөвлөгдсөн авто зам,2017.04.17,,Тэрэлж тосгоны хэсэгчилсэн ерөнхий төлөвлөгөө,2022 оны 4 сарын 14-ны өдөр мэдээг оруулав,,,,
527121,,,Polygon,107.339918,47.816782,ХЕТ-ний төлөвлөлтийн зам,Төлөвлөгдсөн авто зам,2017.04.17,,Тэрэлж тосгоны хэсэгчилсэн ерөнхий төлөвлөгөө,2022 оны 4 сарын 14-ны өдөр мэдээг оруулав,,,,
527122,,,Polygon,107.339781,47.817323,ХЕТ-ний төлөвлөлтийн зам,Төлөвлөгдсөн авто зам,2017.04.17,,Тэрэлж тосгоны хэсэгчилсэн ерөнхий төлөвлөгөө,2022 оны 4 сарын 14-ны өдөр мэдээг оруулав,,,,
527123,,,Polygon,107.349534,47.816595,ХЕТ-ний төлөвлөлтийн зам,Төлөвлөгдсөн авто зам,2017.04.17,,Тэрэлж тосгоны хэсэгчилсэн ерөнхий төлөвлөгөө,2022 оны 4 сарын 14-ны өдөр мэдээг оруулав,,,,
527124,,,Polygon,107.330017,47.818009,ХЕТ-ний төлөвлөлтийн зам,Төлөвлөгдсөн авто зам,2017.04.17,,Тэрэлж тосгоны хэсэгчилсэн ерөнхий төлөвлөгөө,2022 оны 4 сарын 14-ны өдөр мэдээг оруулав,,,,
527125,,,Polygon,107.346476,47.816949,ХЕТ-ний төлөвлөлтийн зам,Төлөвлөгдсөн авто зам,2017.04.17,,Тэрэлж тосгоны хэсэгчилсэн ерөнхий төлөвлөгөө,2022 оны 4 сарын 14-ны өдөр мэдээг оруулав,,,,
527126,,,Polygon,107.327918,47.817587,ХЕТ-ний төлөвлөлтийн зам,Төлөвлөгдсөн авто зам,2017.04.17,,Тэрэлж тосгоны хэсэгчилсэн ерөнхий төлөвлөгөө,2022 оны 4 сарын 14-ны өдөр мэдээг оруулав,,,,
527127,,,Polygon,107.327026,47.818155,ХЕТ-ний төлөвлөлтийн зам,Төлөвлөгдсөн авто зам,2017.04.17,,Тэрэлж тосгоны хэсэгчилсэн ерөнхий төлөвлөгөө,2022 оны 4 сарын 14-ны өдөр мэдээг оруулав,,,,
527128,,,Polygon,107.327186,47.819916,ХЕТ-ний төлөвлөлтийн зам,Төлөвлөгдсөн авто зам,2017.04.17,,Тэрэлж тосгоны хэсэгчилсэн ерөнхий төлөвлөгөө,2022 оны 4 сарын 14-ны өдөр мэдээг оруулав,,,,
527129,,,Polygon,107.329616,47.817596,ХЕТ-ний төлөвлөлтийн зам,Төлөвлөгдсөн авто зам,2017.04.17,,Тэрэлж тосгоны хэсэгчилсэн ерөнхий төлөвлөгөө,2022 оны 4 сарын 14-ны өдөр мэдээг оруулав,,,,
527130,,,Polygon,107.34022,47.817202,ХЕТ-ний төлөвлөлтийн зам,Төлөвлөгдсөн авто зам,2017.04.17,,Тэрэлж тосгоны хэсэгчилсэн ерөнхий төлөвлөгөө,2022 оны 4 сарын 14-ны өдөр мэдээг оруулав,,,,
527131,,,Polygon,107.328286,47.818829,ХЕТ-ний төлөвлөлтийн зам,Төлөвлөгдсөн авто зам,2017.04.17,,Тэрэлж тосгоны хэсэгчилсэн ерөнхий төлөвлөгөө,2022 оны 4 сарын 14-ны өдөр мэдээг оруулав,,,,
527132,,,Polygon,107.330944,47.821443,ХЕТ-ний төлөвлөлтийн зам,Төлөвлөгдсөн авто зам,2017.04.17,,Тэрэлж тосгоны хэсэгчилсэн ерөнхий төлөвлөгөө,2022 оны 4 сарын 14-ны өдөр мэдээг оруулав,,,,
527133,,,Polygon,107.42856,47.827097,ХЕТ-ний төлөвлөлтийн зам,Төлөвлөгдсөн авто зам,2017.04.17,,Тэрэлж тосгоны хэсэгчилсэн ерөнхий төлөвлөгөө,2022 оны 4 сарын 14-ны өдөр мэдээг оруулав,,,,
527134,,,Polygon,107.286594,47.811968,ХЕТ-ний төлөвлөлтийн зам,Төлөвлөгдсөн авто зам,2017.04.17,,Тэрэлж тосгоны хэсэгчилсэн ерөнхий төлөвлөгөө,2022 оны 4 сарын 14-ны өдөр мэдээг оруулав,,,,
527135,,,Polygon,107.331145,47.830651,ХЕТ-ний төлөвлөлтийн зам,Төлөвлөгдсөн авто зам,2017.04.17,,Тэрэлж тосгоны хэсэгчилсэн ерөнхий төлөвлөгөө,2022 оны 4 сарын 14-ны өдөр мэдээг оруулав,,,,
527136,,,Polygon,107.401225,47.850318,ХЕТ-ний төлөвлөлтийн зам,Төлөвлөгдсөн авто зам,2017.04.17,,Тэрэлж тосгоны хэсэгчилсэн ерөнхий төлөвлөгөө,2022 оны 4 сарын 14-ны өдөр мэдээг оруулав,,,,
527137,,,Polygon,107.404372,47.859847,ХЕТ-ний төлөвлөлтийн зам,Төлөвлөгдсөн авто зам,2017.04.17,,Тэрэлж тосгоны хэсэгчилсэн ерөнхий төлөвлөгөө,2022 оны 4 сарын 14-ны өдөр мэдээг оруулав,,,,
527138,,,Polygon,107.400537,47.864005,ХЕТ-ний төлөвлөлтийн зам,Төлөвлөгдсөн авто зам,2017.04.17,,Тэрэлж тосгоны хэсэгчилсэн ерөнхий төлөвлөгөө,2022 оны 4 сарын 14-ны өдөр мэдээг оруулав,,,,
527139,,,Polygon,107.426506,47.865631,ХЕТ-ний төлөвлөлтийн зам,Төлөвлөгдсөн авто зам,2017.04.17,,Тэрэлж тосгоны хэсэгчилсэн ерөнхий төлөвлөгөө,2022 оны 4 сарын 14-ны өдөр мэдээг оруулав,,,,
527140,,,Polygon,107.426127,47.871242,ХЕТ-ний төлөвлөлтийн зам,Төлөвлөгдсөн авто зам,2017.04.17,,Тэрэлж тосгоны хэсэгчилсэн ерөнхий төлөвлөгөө,2022 оны 4 сарын 14-ны өдөр мэдээг оруулав,,,,
527141,,,Polygon,107.391963,47.87845,ХЕТ-ний төлөвлөлтийн зам,Төлөвлөгдсөн авто зам,2017.04.17,,Тэрэлж тосгоны хэсэгчилсэн ерөнхий төлөвлөгөө,2022 оны 4 сарын 14-ны өдөр мэдээг оруулав,,,,
527142,,,Polygon,107.390856,47.885617,ХЕТ-ний төлөвлөлтийн зам,Төлөвлөгдсөн авто зам,2017.04.17,,Тэрэлж тосгоны хэсэгчилсэн ерөнхий төлөвлөгөө,2022 оны 4 сарын 14-ны өдөр мэдээг оруулав,,,,
527143,,,Polygon,107.404444,47.873087,ХЕТ-ний төлөвлөлтийн зам,Төлөвлөгдсөн авто зам,2017.04.17,,Тэрэлж тосгоны хэсэгчилсэн ерөнхий төлөвлөгөө,2022 оны 4 сарын 14-ны өдөр мэдээг оруулав,,,,
527144,,,Polygon,107.427391,47.893045,ХЕТ-ний төлөвлөлтийн зам,Төлөвлөгдсөн авто зам,2017.04.17,,Тэрэлж тосгоны хэсэгчилсэн ерөнхий төлөвлөгөө,2022 оны 4 сарын 14-ны өдөр мэдээг оруулав,,,,
527145,,,Polygon,107.412528,47.906691,ХЕТ-ний төлөвлөлтийн зам,Төлөвлөгдсөн авто зам,2017.04.17,,Тэрэлж тосгоны хэсэгчилсэн ерөнхий төлөвлөгөө,2022 оны 4 сарын 14-ны өдөр мэдээг оруулав,,,,
527146,,,Polygon,107.440973,47.861449,ХЕТ-ний төлөвлөлтийн зам,Төлөвлөгдсөн авто зам,2017.04.17,,Тэрэлж тосгоны хэсэгчилсэн ерөнхий төлөвлөгөө,2022 оны 4 сарын 14-ны өдөр мэдээг оруулав,,,,
527147,,,Polygon,107.446884,47.928122,ХЕТ-ний төлөвлөлтийн зам,Төлөвлөгдсөн авто зам,2017.04.17,,Тэрэлж тосгоны хэсэгчилсэн ерөнхий төлөвлөгөө,2022 оны 4 сарын 14-ны өдөр мэдээг оруулав,,,,
527148,,,Polygon,107.390595,47.87534,ХЕТ-ний төлөвлөлтийн зам,Төлөвлөгдсөн авто зам,2017.04.17,,Тэрэлж тосгоны хэсэгчилсэн ерөнхий төлөвлөгөө,2022 оны 4 сарын 14-ны өдөр мэдээг оруулав,,,,
527149,,,Polygon,107.450114,47.929329,ХЕТ-ний төлөвлөлтийн зам,Төлөвлөгдсөн авто зам,2017.04.17,,Тэрэлж тосгоны хэсэгчилсэн ерөнхий төлөвлөгөө,2022 оны 4 сарын 14-ны өдөр мэдээг оруулав,,,,
527150,,,Polygon,107.422005,47.926407,ХЕТ-ний төлөвлөлтийн зам,Төлөвлөгдсөн авто зам,2017.04.17,,Тэрэлж тосгоны хэсэгчилсэн ерөнхий төлөвлөгөө,2022 оны 4 сарын 14-ны өдөр мэдээг оруулав,,,,
527151,,,Polygon,107.426277,47.913896,ХЕТ-ний төлөвлөлтийн зам,Төлөвлөгдсөн авто зам,2017.04.17,,Тэрэлж тосгоны хэсэгчилсэн ерөнхий төлөвлөгөө,2022 оны 4 сарын 14-ны өдөр мэдээг оруулав,,,,
527152,,,Polygon,107.450978,47.934365,ХЕТ-ний төлөвлөлтийн зам,Төлөвлөгдсөн авто зам,2017.04.17,,Тэрэлж тосгоны хэсэгчилсэн ерөнхий төлөвлөгөө,2022 оны 4 сарын 14-ны өдөр мэдээг оруулав,,,,
527153,,,Polygon,107.476298,47.961293,ХЕТ-ний төлөвлөлтийн зам,Төлөвлөгдсөн авто зам,2017.04.17,,Тэрэлж тосгоны хэсэгчилсэн ерөнхий төлөвлөгөө,2022 оны 4 сарын 14-ны өдөр мэдээг оруулав,,,,
527154,,,Polygon,107.460005,47.959635,ХЕТ-ний төлөвлөлтийн зам,Төлөвлөгдсөн авто зам,2017.04.17,,Тэрэлж тосгоны хэсэгчилсэн ерөнхий төлөвлөгөө,2022 оны 4 сарын 14-ны өдөр мэдээг оруулав,,,,
527155,,,Polygon,107.442387,47.982604,ХЕТ-ний төлөвлөлтийн зам,Төлөвлөгдсөн авто зам,2017.04.17,,Тэрэлж тосгоны хэсэгчилсэн ерөнхий төлөвлөгөө,2022 оны 4 сарын 14-ны өдөр мэдээг оруулав,,,,
527156,,,Polygon,107.446576,47.983196,ХЕТ-ний төлөвлөлтийн зам,Төлөвлөгдсөн авто зам,2017.04.17,,Тэрэлж тосгоны хэсэгчилсэн ерөнхий төлөвлөгөө,2022 оны 4 сарын 14-ны өдөр мэдээг оруулав,,,,
527157,,,Polygon,107.446694,47.983228,ХЕТ-ний төлөвлөлтийн зам,Төлөвлөгдсөн авто зам,2017.04.17,,Тэрэлж тосгоны хэсэгчилсэн ерөнхий төлөвлөгөө,2022 оны 4 сарын 14-ны өдөр мэдээг оруулав,,,,
527158,,,Polygon,107.446777,47.983249,ХЕТ-ний төлөвлөлтийн зам,Төлөвлөгдсөн авто зам,2017.04.17,,Тэрэлж тосгоны хэсэгчилсэн ерөнхий төлөвлөгөө,2022 оны 4 сарын 14-ны өдөр мэдээг оруулав,,,,
527159,,,Polygon,107.446861,47.983269,ХЕТ-ний төлөвлөлтийн зам,Төлөвлөгдсөн авто зам,2017.04.17,,Тэрэлж тосгоны хэсэгчилсэн ерөнхий төлөвлөгөө,2022 оны 4 сарын 14-ны өдөр мэдээг оруулав,,,,
527160,,,Polygon,107.446944,47.983287,ХЕТ-ний төлөвлөлтийн зам,Төлөвлөгдсөн авто зам,2017.04.17,,Тэрэлж тосгоны хэсэгчилсэн ерөнхий төлөвлөгөө,2022 оны 4 сарын 14-ны өдөр мэдээг оруулав,,,,
527161,,,Polygon,107.447029,47.983305,ХЕТ-ний төлөвлөлтийн зам,Төлөвлөгдсөн авто зам,2017.04.17,,Тэрэлж тосгоны хэсэгчилсэн ерөнхий төлөвлөгөө,2022 оны 4 сарын 14-ны өдөр мэдээг оруулав,,,,
527162,,,Polygon,107.447114,47.983322,ХЕТ-ний төлөвлөлтийн зам,Төлөвлөгдсөн авто зам,2017.04.17,,Тэрэлж тосгоны хэсэгчилсэн ерөнхий төлөвлөгөө,2022 оны 4 сарын 14-ны өдөр мэдээг оруулав,,,,
527163,,,Polygon,107.447199,47.983338,ХЕТ-ний төлөвлөлтийн зам,Төлөвлөгдсөн авто зам,2017.04.17,,Тэрэлж тосгоны хэсэгчилсэн ерөнхий төлөвлөгөө,2022 оны 4 сарын 14-ны өдөр мэдээг оруулав,,,,
527164,,,Polygon,107.447284,47.983353,ХЕТ-ний төлөвлөлтийн зам,Төлөвлөгдсөн авто зам,2017.04.17,,Тэрэлж тосгоны хэсэгчилсэн ерөнхий төлөвлөгөө,2022 оны 4 сарын 14-ны өдөр мэдээг оруулав,,,,
527165,,,Polygon,107.44737,47.983367,ХЕТ-ний төлөвлөлтийн зам,Төлөвлөгдсөн авто зам,2017.04.17,,Тэрэлж тосгоны хэсэгчилсэн ерөнхий төлөвлөгөө,2022 оны 4 сарын 14-ны өдөр мэдээг оруулав,,,,
527166,,,Polygon,107.447457,47.98338,ХЕТ-ний төлөвлөлтийн зам,Төлөвлөгдсөн авто зам,2017.04.17,,Тэрэлж тосгоны хэсэгчилсэн ерөнхий төлөвлөгөө,2022 оны 4 сарын 14-ны өдөр мэдээг оруулав,,,,
527167,,,Polygon,107.428711,47.983609,ХЕТ-ний төлөвлөлтийн зам,Төлөвлөгдсөн авто зам,2017.04.17,,Тэрэлж тосгоны хэсэгчилсэн ерөнхий төлөвлөгөө,2022 оны 4 сарын 14-ны өдөр мэдээг оруулав,,,,
527168,,,Polygon,107.451293,47.983751,ХЕТ-ний төлөвлөлтийн зам,Төлөвлөгдсөн авто зам,2017.04.17,,Тэрэлж тосгоны хэсэгчилсэн ерөнхий төлөвлөгөө,2022 оны 4 сарын 14-ны өдөр мэдээг оруулав,,,,
527169,,,Polygon,107.451312,47.983778,ХЕТ-ний төлөвлөлтийн зам,Төлөвлөгдсөн авто зам,2017.04.17,,Тэрэлж тосгоны хэсэгчилсэн ерөнхий төлөвлөгөө,2022 оны 4 сарын 14-ны өдөр мэдээг оруулав,,,,
527170,,,Polygon,107.451347,47.983785,ХЕТ-ний төлөвлөлтийн зам,Төлөвлөгдсөн авто зам,2017.04.17,,Тэрэлж тосгоны хэсэгчилсэн ерөнхий төлөвлөгөө,2022 оны 4 сарын 14-ны өдөр мэдээг оруулав,,,,
527171,,,Polygon,107.451372,47.983791,ХЕТ-ний төлөвлөлтийн зам,Төлөвлөгдсөн авто зам,2017.04.17,,Тэрэлж тосгоны хэсэгчилсэн ерөнхий төлөвлөгөө,2022 оны 4 сарын 14-ны өдөр мэдээг оруулав,,,,
527172,,,Polygon,107.4514,47.983798,ХЕТ-ний төлөвлөлтийн зам,Төлөвлөгдсөн авто зам,2017.04.17,,Тэрэлж тосгоны хэсэгчилсэн ерөнхий төлөвлөгөө,2022 оны 4 сарын 14-ны өдөр мэдээг оруулав,,,,
527173,,,Polygon,107.451425,47.983804,ХЕТ-ний төлөвлөлтийн зам,Төлөвлөгдсөн авто зам,2017.04.17,,Тэрэлж тосгоны хэсэгчилсэн ерөнхий төлөвлөгөө,2022 оны 4 сарын 14-ны өдөр мэдээг оруулав,,,,
527174,,,Polygon,107.451451,47.983811,ХЕТ-ний төлөвлөлтийн зам,Төлөвлөгдсөн авто зам,2017.04.17,,Тэрэлж тосгоны хэсэгчилсэн ерөнхий төлөвлөгөө,2022 оны 4 сарын 14-ны өдөр мэдээг оруулав,,,,
527175,,,Polygon,107.451475,47.983817,ХЕТ-ний төлөвлөлтийн зам,Төлөвлөгдсөн авто зам,2017.04.17,,Тэрэлж тосгоны хэсэгчилсэн ерөнхий төлөвлөгөө,2022 оны 4 сарын 14-ны өдөр мэдээг оруулав,,,,
527176,,,Polygon,107.451668,47.983877,ХЕТ-ний төлөвлөлтийн зам,Төлөвлөгдсөн авто зам,2017.04.17,,Тэрэлж тосгоны хэсэгчилсэн ерөнхий төлөвлөгөө,2022 оны 4 сарын 14-ны өдөр мэдээг оруулав,,,,
527177,,,Polygon,107.451869,47.983941,ХЕТ-ний төлөвлөлтийн зам,Төлөвлөгдсөн авто зам,2017.04.17,,Тэрэлж тосгоны хэсэгчилсэн ерөнхий төлөвлөгөө,2022 оны 4 сарын 14-ны өдөр мэдээг оруулав,,,,
527178,,,Polygon,107.451894,47.983949,ХЕТ-ний төлөвлөлтийн зам,Төлөвлөгдсөн авто зам,2017.04.17,,Тэрэлж тосгоны хэсэгчилсэн ерөнхий төлөвлөгөө,2022 оны 4 сарын 14-ны өдөр мэдээг оруулав,,,,
527179,,,Polygon,107.451914,47.983956,ХЕТ-ний төлөвлөлтийн зам,Төлөвлөгдсөн авто зам,2017.04.17,,Тэрэлж тосгоны хэсэгчилсэн ерөнхий төлөвлөгөө,2022 оны 4 сарын 14-ны өдөр мэдээг оруулав,,,,
527180,,,Polygon,107.451935,47.983962,ХЕТ-ний төлөвлөлтийн зам,Төлөвлөгдсөн авто зам,2017.04.17,,Тэрэлж тосгоны хэсэгчилсэн ерөнхий төлөвлөгөө,2022 оны 4 сарын 14-ны өдөр мэдээг оруулав,,,,
527181,,,Polygon,107.451956,47.983968,ХЕТ-ний төлөвлөлтийн зам,Төлөвлөгдсөн авто зам,2017.04.17,,Тэрэлж тосгоны хэсэгчилсэн ерөнхий төлөвлөгөө,2022 оны 4 сарын 14-ны өдөр мэдээг оруулав,,,,
527182,,,Polygon,107.451976,47.983974,ХЕТ-ний төлөвлөлтийн зам,Төлөвлөгдсөн авто зам,2017.04.17,,Тэрэлж тосгоны хэсэгчилсэн ерөнхий төлөвлөгөө,2022 оны 4 сарын 14-ны өдөр мэдээг оруулав,,,,
527183,,,Polygon,107.452041,47.984002,ХЕТ-ний төлөвлөлтийн зам,Төлөвлөгдсөн авто зам,2017.04.17,,Тэрэлж тосгоны хэсэгчилсэн ерөнхий төлөвлөгөө,2022 оны 4 сарын 14-ны өдөр мэдээг оруулав,,,,
527184,,,Polygon,107.452228,47.984024,ХЕТ-ний төлөвлөлтийн зам,Төлөвлөгдсөн авто зам,2017.04.17,,Тэрэлж тосгоны хэсэгчилсэн ерөнхий төлөвлөгөө,2022 оны 4 сарын 14-ны өдөр мэдээг оруулав,,,,
527185,,,Polygon,107.45226,47.984028,ХЕТ-ний төлөвлөлтийн зам,Төлөвлөгдсөн авто зам,2017.04.17,,Тэрэлж тосгоны хэсэгчилсэн ерөнхий төлөвлөгөө,2022 оны 4 сарын 14-ны өдөр мэдээг оруулав,,,,
527186,,,Polygon,107.452284,47.984031,ХЕТ-ний төлөвлөлтийн зам,Төлөвлөгдсөн авто зам,2017.04.17,,Тэрэлж тосгоны хэсэгчилсэн ерөнхий төлөвлөгөө,2022 оны 4 сарын 14-ны өдөр мэдээг оруулав,,,,
527187,,,Polygon,107.452307,47.984033,ХЕТ-ний төлөвлөлтийн зам,Төлөвлөгдсөн авто зам,2017.04.17,,Тэрэлж тосгоны хэсэгчилсэн ерөнхий төлөвлөгөө,2022 оны 4 сарын 14-ны өдөр мэдээг оруулав,,,,
527188,,,Polygon,107.452331,47.984035,ХЕТ-ний төлөвлөлтийн зам,Төлөвлөгдсөн авто зам,2017.04.17,,Тэрэлж тосгоны хэсэгчилсэн ерөнхий төлөвлөгөө,2022 оны 4 сарын 14-ны өдөр мэдээг оруулав,,,,
527189,,,Polygon,107.452354,47.984037,ХЕТ-ний төлөвлөлтийн зам,Төлөвлөгдсөн авто зам,2017.04.17,,Тэрэлж тосгоны хэсэгчилсэн ерөнхий төлөвлөгөө,2022 оны 4 сарын 14-ны өдөр мэдээг оруулав,,,,
527190,,,Polygon,107.452378,47.984039,ХЕТ-ний төлөвлөлтийн зам,Төлөвлөгдсөн авто зам,2017.04.17,,Тэрэлж тосгоны хэсэгчилсэн ерөнхий төлөвлөгөө,2022 оны 4 сарын 14-ны өдөр мэдээг оруулав,,,,
527191,,,Polygon,107.453028,47.984026,ХЕТ-ний төлөвлөлтийн зам,Төлөвлөгдсөн авто зам,2017.04.17,,Тэрэлж тосгоны хэсэгчилсэн ерөнхий төлөвлөгөө,2022 оны 4 сарын 14-ны өдөр мэдээг оруулав,,,,
527192,,,Polygon,107.452402,47.98404,ХЕТ-ний төлөвлөлтийн зам,Төлөвлөгдсөн авто зам,2017.04.17,,Тэрэлж тосгоны хэсэгчилсэн ерөнхий төлөвлөгөө,2022 оны 4 сарын 14-ны өдөр мэдээг оруулав,,,,
527193,,,Polygon,107.453138,47.984025,ХЕТ-ний төлөвлөлтийн зам,Төлөвлөгдсөн авто зам,2017.04.17,,Тэрэлж тосгоны хэсэгчилсэн ерөнхий төлөвлөгөө,2022 оны 4 сарын 14-ны өдөр мэдээг оруулав,,,,
527194,,,Polygon,107.453172,47.984025,ХЕТ-ний төлөвлөлтийн зам,Төлөвлөгдсөн авто зам,2017.04.17,,Тэрэлж тосгоны хэсэгчилсэн ерөнхий төлөвлөгөө,2022 оны 4 сарын 14-ны өдөр мэдээг оруулав,,,,
527195,,,Polygon,107.452425,47.984041,ХЕТ-ний төлөвлөлтийн зам,Төлөвлөгдсөн авто зам,2017.04.17,,Тэрэлж тосгоны хэсэгчилсэн ерөнхий төлөвлөгөө,2022 оны 4 сарын 14-ны өдөр мэдээг оруулав,,,,
527196,,,Polygon,107.452449,47.984042,ХЕТ-ний төлөвлөлтийн зам,Төлөвлөгдсөн авто зам,2017.04.17,,Тэрэлж тосгоны хэсэгчилсэн ерөнхий төлөвлөгөө,2022 оны 4 сарын 14-ны өдөр мэдээг оруулав,,,,
527197,,,Polygon,107.453213,47.984025,ХЕТ-ний төлөвлөлтийн зам,Төлөвлөгдсөн авто зам,2017.04.17,,Тэрэлж тосгоны хэсэгчилсэн ерөнхий төлөвлөгөө,2022 оны 4 сарын 14-ны өдөр мэдээг оруулав,,,,
527198,,,Polygon,107.428549,47.984049,ХЕТ-ний төлөвлөлтийн зам,Төлөвлөгдсөн авто зам,2017.04.17,,Тэрэлж тосгоны хэсэгчилсэн ерөнхий төлөвлөгөө,2022 оны 4 сарын 14-ны өдөр мэдээг оруулав,,,,
527199,,,Polygon,107.453253,47.984026,ХЕТ-ний төлөвлөлтийн зам,Төлөвлөгдсөн авто зам,2017.04.17,,Тэрэлж тосгоны хэсэгчилсэн ерөнхий төлөвлөгөө,2022 оны 4 сарын 14-ны өдөр мэдээг оруулав,,,,
527200,,,Polygon,107.453305,47.984028,ХЕТ-ний төлөвлөлтийн зам,Төлөвлөгдсөн авто зам,2017.04.17,,Тэрэлж тосгоны хэсэгчилсэн ерөнхий төлөвлөгөө,2022 оны 4 сарын 14-ны өдөр мэдээг оруулав,,,,
527201,,,Polygon,107.453367,47.98403,ХЕТ-ний төлөвлөлтийн зам,Төлөвлөгдсөн авто зам,2017.04.17,,Тэрэлж тосгоны хэсэгчилсэн ерөнхий төлөвлөгөө,2022 оны 4 сарын 14-ны өдөр мэдээг оруулав,,,,
527202,,,Polygon,107.453399,47.984031,ХЕТ-ний төлөвлөлтийн зам,Төлөвлөгдсөн авто зам,2017.04.17,,Тэрэлж тосгоны хэсэгчилсэн ерөнхий төлөвлөгөө,2022 оны 4 сарын 14-ны өдөр мэдээг оруулав,,,,
527203,,,Polygon,107.453422,47.984032,ХЕТ-ний төлөвлөлтийн зам,Төлөвлөгдсөн авто зам,2017.04.17,,Тэрэлж тосгоны хэсэгчилсэн ерөнхий төлөвлөгөө,2022 оны 4 сарын 14-ны өдөр мэдээг оруулав,,,,
527204,,,Polygon,107.453447,47.984033,ХЕТ-ний төлөвлөлтийн зам,Төлөвлөгдсөн авто зам,2017.04.17,,Тэрэлж тосгоны хэсэгчилсэн ерөнхий төлөвлөгөө,2022 оны 4 сарын 14-ны өдөр мэдээг оруулав,,,,
527205,,,Polygon,107.45347,47.984035,ХЕТ-ний төлөвлөлтийн зам,Төлөвлөгдсөн авто зам,2017.04.17,,Тэрэлж тосгоны хэсэгчилсэн ерөнхий төлөвлөгөө,2022 оны 4 сарын 14-ны өдөр мэдээг оруулав,,,,
527206,,,Polygon,107.453494,47.984037,ХЕТ-ний төлөвлөлтийн зам,Төлөвлөгдсөн авто зам,2017.04.17,,Тэрэлж тосгоны хэсэгчилсэн ерөнхий төлөвлөгөө,2022 оны 4 сарын 14-ны өдөр мэдээг оруулав,,,,
527207,,,Polygon,107.453517,47.984039,ХЕТ-ний төлөвлөлтийн зам,Төлөвлөгдсөн авто зам,2017.04.17,,Тэрэлж тосгоны хэсэгчилсэн ерөнхий төлөвлөгөө,2022 оны 4 сарын 14-ны өдөр мэдээг оруулав,,,,
527208,,,Polygon,107.453541,47.984041,ХЕТ-ний төлөвлөлтийн зам,Төлөвлөгдсөн авто зам,2017.04.17,,Тэрэлж тосгоны хэсэгчилсэн ерөнхий төлөвлөгөө,2022 оны 4 сарын 14-ны өдөр мэдээг оруулав,,,,
527209,,,Polygon,107.453561,47.984044,ХЕТ-ний төлөвлөлтийн зам,Төлөвлөгдсөн авто зам,2017.04.17,,Тэрэлж тосгоны хэсэгчилсэн ерөнхий төлөвлөгөө,2022 оны 4 сарын 14-ны өдөр мэдээг оруулав,,,,
527210,,,Polygon,107.451133,47.984086,ХЕТ-ний төлөвлөлтийн зам,Төлөвлөгдсөн авто зам,2017.04.17,,Тэрэлж тосгоны хэсэгчилсэн ерөнхий төлөвлөгөө,2022 оны 4 сарын 14-ны өдөр мэдээг оруулав,,,,
527211,,,Polygon,107.453658,47.984058,ХЕТ-ний төлөвлөлтийн зам,Төлөвлөгдсөн авто зам,2017.04.17,,Тэрэлж тосгоны хэсэгчилсэн ерөнхий төлөвлөгөө,2022 оны 4 сарын 14-ны өдөр мэдээг оруулав,,,,
527212,,,Polygon,107.453675,47.984061,ХЕТ-ний төлөвлөлтийн зам,Төлөвлөгдсөн авто зам,2017.04.17,,Тэрэлж тосгоны хэсэгчилсэн ерөнхий төлөвлөгөө,2022 оны 4 сарын 14-ны өдөр мэдээг оруулав,,,,
527213,,,Polygon,107.453698,47.984065,ХЕТ-ний төлөвлөлтийн зам,Төлөвлөгдсөн авто зам,2017.04.17,,Тэрэлж тосгоны хэсэгчилсэн ерөнхий төлөвлөгөө,2022 оны 4 сарын 14-ны өдөр мэдээг оруулав,,,,
527214,,,Polygon,107.453721,47.98407,ХЕТ-ний төлөвлөлтийн зам,Төлөвлөгдсөн авто зам,2017.04.17,,Тэрэлж тосгоны хэсэгчилсэн ерөнхий төлөвлөгөө,2022 оны 4 сарын 14-ны өдөр мэдээг оруулав,,,,
527215,,,Polygon,107.453082,47.984057,ХЕТ-ний төлөвлөлтийн зам,Төлөвлөгдсөн авто зам,2017.04.17,,Тэрэлж тосгоны хэсэгчилсэн ерөнхий төлөвлөгөө,2022 оны 4 сарын 14-ны өдөр мэдээг оруулав,,,,
527216,,,Polygon,107.453744,47.984075,ХЕТ-ний төлөвлөлтийн зам,Төлөвлөгдсөн авто зам,2017.04.17,,Тэрэлж тосгоны хэсэгчилсэн ерөнхий төлөвлөгөө,2022 оны 4 сарын 14-ны өдөр мэдээг оруулав,,,,
527217,,,Polygon,107.452738,47.984066,ХЕТ-ний төлөвлөлтийн зам,Төлөвлөгдсөн авто зам,2017.04.17,,Тэрэлж тосгоны хэсэгчилсэн ерөнхий төлөвлөгөө,2022 оны 4 сарын 14-ны өдөр мэдээг оруулав,,,,
527218,,,Polygon,107.453767,47.98408,ХЕТ-ний төлөвлөлтийн зам,Төлөвлөгдсөн авто зам,2017.04.17,,Тэрэлж тосгоны хэсэгчилсэн ерөнхий төлөвлөгөө,2022 оны 4 сарын 14-ны өдөр мэдээг оруулав,,,,
527219,,,Polygon,107.453789,47.984085,ХЕТ-ний төлөвлөлтийн зам,Төлөвлөгдсөн авто зам,2017.04.17,,Тэрэлж тосгоны хэсэгчилсэн ерөнхий төлөвлөгөө,2022 оны 4 сарын 14-ны өдөр мэдээг оруулав,,,,
527220,,,Polygon,107.453812,47.984091,ХЕТ-ний төлөвлөлтийн зам,Төлөвлөгдсөн авто зам,2017.04.17,,Тэрэлж тосгоны хэсэгчилсэн ерөнхий төлөвлөгөө,2022 оны 4 сарын 14-ны өдөр мэдээг оруулав,,,,
527221,,,Polygon,107.453834,47.984097,ХЕТ-ний төлөвлөлтийн зам,Төлөвлөгдсөн авто зам,2017.04.17,,Тэрэлж тосгоны хэсэгчилсэн ерөнхий төлөвлөгөө,2022 оны 4 сарын 14-ны өдөр мэдээг оруулав,,,,
527222,,,Polygon,107.453856,47.984103,ХЕТ-ний төлөвлөлтийн зам,Төлөвлөгдсөн авто зам,2017.04.17,,Тэрэлж тосгоны хэсэгчилсэн ерөнхий төлөвлөгөө,2022 оны 4 сарын 14-ны өдөр мэдээг оруулав,,,,
527223,,,Polygon,107.453613,47.984079,ХЕТ-ний төлөвлөлтийн зам,Төлөвлөгдсөн авто зам,2017.04.17,,Тэрэлж тосгоны хэсэгчилсэн ерөнхий төлөвлөгөө,2022 оны 4 сарын 14-ны өдөр мэдээг оруулав,,,,
527224,,,Polygon,107.453878,47.984109,ХЕТ-ний төлөвлөлтийн зам,Төлөвлөгдсөн авто зам,2017.04.17,,Тэрэлж тосгоны хэсэгчилсэн ерөнхий төлөвлөгөө,2022 оны 4 сарын 14-ны өдөр мэдээг оруулав,,,,
527225,,,Polygon,107.4539,47.984116,ХЕТ-ний төлөвлөлтийн зам,Төлөвлөгдсөн авто зам,2017.04.17,,Тэрэлж тосгоны хэсэгчилсэн ерөнхий төлөвлөгөө,2022 оны 4 сарын 14-ны өдөр мэдээг оруулав,,,,
527226,,,Polygon,107.453921,47.984123,ХЕТ-ний төлөвлөлтийн зам,Төлөвлөгдсөн авто зам,2017.04.17,,Тэрэлж тосгоны хэсэгчилсэн ерөнхий төлөвлөгөө,2022 оны 4 сарын 14-ны өдөр мэдээг оруулав,,,,
527227,,,Polygon,107.453943,47.98413,ХЕТ-ний төлөвлөлтийн зам,Төлөвлөгдсөн авто зам,2017.04.17,,Тэрэлж тосгоны хэсэгчилсэн ерөнхий төлөвлөгөө,2022 оны 4 сарын 14-ны өдөр мэдээг оруулав,,,,
527228,,,Polygon,107.453964,47.984137,ХЕТ-ний төлөвлөлтийн зам,Төлөвлөгдсөн авто зам,2017.04.17,,Тэрэлж тосгоны хэсэгчилсэн ерөнхий төлөвлөгөө,2022 оны 4 сарын 14-ны өдөр мэдээг оруулав,,,,
527229,,,Polygon,107.453985,47.984145,ХЕТ-ний төлөвлөлтийн зам,Төлөвлөгдсөн авто зам,2017.04.17,,Тэрэлж тосгоны хэсэгчилсэн ерөнхий төлөвлөгөө,2022 оны 4 сарын 14-ны өдөр мэдээг оруулав,,,,
527230,,,Polygon,107.454006,47.984153,ХЕТ-ний төлөвлөлтийн зам,Төлөвлөгдсөн авто зам,2017.04.17,,Тэрэлж тосгоны хэсэгчилсэн ерөнхий төлөвлөгөө,2022 оны 4 сарын 14-ны өдөр мэдээг оруулав,,,,
527231,,,Polygon,107.454026,47.984161,ХЕТ-ний төлөвлөлтийн зам,Төлөвлөгдсөн авто зам,2017.04.17,,Тэрэлж тосгоны хэсэгчилсэн ерөнхий төлөвлөгөө,2022 оны 4 сарын 14-ны өдөр мэдээг оруулав,,,,
527232,,,Polygon,107.454042,47.984167,ХЕТ-ний төлөвлөлтийн зам,Төлөвлөгдсөн авто зам,2017.04.17,,Тэрэлж тосгоны хэсэгчилсэн ерөнхий төлөвлөгөө,2022 оны 4 сарын 14-ны өдөр мэдээг оруулав,,,,
527233,,,Polygon,107.454131,47.984217,ХЕТ-ний төлөвлөлтийн зам,Төлөвлөгдсөн авто зам,2017.04.17,,Тэрэлж тосгоны хэсэгчилсэн ерөнхий төлөвлөгөө,2022 оны 4 сарын 14-ны өдөр мэдээг оруулав,,,,
527234,,,Polygon,107.454136,47.984221,ХЕТ-ний төлөвлөлтийн зам,Төлөвлөгдсөн авто зам,2017.04.17,,Тэрэлж тосгоны хэсэгчилсэн ерөнхий төлөвлөгөө,2022 оны 4 сарын 14-ны өдөр мэдээг оруулав,,,,
527235,,,Polygon,107.451507,47.984214,ХЕТ-ний төлөвлөлтийн зам,Төлөвлөгдсөн авто зам,2017.04.17,,Тэрэлж тосгоны хэсэгчилсэн ерөнхий төлөвлөгөө,2022 оны 4 сарын 14-ны өдөр мэдээг оруулав,,,,
527236,,,Polygon,107.454144,47.984226,ХЕТ-ний төлөвлөлтийн зам,Төлөвлөгдсөн авто зам,2017.04.17,,Тэрэлж тосгоны хэсэгчилсэн ерөнхий төлөвлөгөө,2022 оны 4 сарын 14-ны өдөр мэдээг оруулав,,,,
527237,,,Polygon,107.454152,47.984232,ХЕТ-ний төлөвлөлтийн зам,Төлөвлөгдсөн авто зам,2017.04.17,,Тэрэлж тосгоны хэсэгчилсэн ерөнхий төлөвлөгөө,2022 оны 4 сарын 14-ны өдөр мэдээг оруулав,,,,
527238,,,Polygon,107.454159,47.984238,ХЕТ-ний төлөвлөлтийн зам,Төлөвлөгдсөн авто зам,2017.04.17,,Тэрэлж тосгоны хэсэгчилсэн ерөнхий төлөвлөгөө,2022 оны 4 сарын 14-ны өдөр мэдээг оруулав,,,,
527239,,,Polygon,107.454089,47.984208,ХЕТ-ний төлөвлөлтийн зам,Төлөвлөгдсөн авто зам,2017.04.17,,Тэрэлж тосгоны хэсэгчилсэн ерөнхий төлөвлөгөө,2022 оны 4 сарын 14-ны өдөр мэдээг оруулав,,,,
527240,,,Polygon,107.451743,47.984286,ХЕТ-ний төлөвлөлтийн зам,Төлөвлөгдсөн авто зам,2017.04.17,,Тэрэлж тосгоны хэсэгчилсэн ерөнхий төлөвлөгөө,2022 оны 4 сарын 14-ны өдөр мэдээг оруулав,,,,
527241,,,Polygon,107.454167,47.984244,ХЕТ-ний төлөвлөлтийн зам,Төлөвлөгдсөн авто зам,2017.04.17,,Тэрэлж тосгоны хэсэгчилсэн ерөнхий төлөвлөгөө,2022 оны 4 сарын 14-ны өдөр мэдээг оруулав,,,,
527242,,,Polygon,107.451783,47.984298,ХЕТ-ний төлөвлөлтийн зам,Төлөвлөгдсөн авто зам,2017.04.17,,Тэрэлж тосгоны хэсэгчилсэн ерөнхий төлөвлөгөө,2022 оны 4 сарын 14-ны өдөр мэдээг оруулав,,,,
527243,,,Polygon,107.454174,47.98425,ХЕТ-ний төлөвлөлтийн зам,Төлөвлөгдсөн авто зам,2017.04.17,,Тэрэлж тосгоны хэсэгчилсэн ерөнхий төлөвлөгөө,2022 оны 4 сарын 14-ны өдөр мэдээг оруулав,,,,
527244,,,Polygon,107.454181,47.984256,ХЕТ-ний төлөвлөлтийн зам,Төлөвлөгдсөн авто зам,2017.04.17,,Тэрэлж тосгоны хэсэгчилсэн ерөнхий төлөвлөгөө,2022 оны 4 сарын 14-ны өдөр мэдээг оруулав,,,,
527245,,,Polygon,107.451814,47.984306,ХЕТ-ний төлөвлөлтийн зам,Төлөвлөгдсөн авто зам,2017.04.17,,Тэрэлж тосгоны хэсэгчилсэн ерөнхий төлөвлөгөө,2022 оны 4 сарын 14-ны өдөр мэдээг оруулав,,,,
527246,,,Polygon,107.454188,47.984262,ХЕТ-ний төлөвлөлтийн зам,Төлөвлөгдсөн авто зам,2017.04.17,,Тэрэлж тосгоны хэсэгчилсэн ерөнхий төлөвлөгөө,2022 оны 4 сарын 14-ны өдөр мэдээг оруулав,,,,
527247,,,Polygon,107.451846,47.984314,ХЕТ-ний төлөвлөлтийн зам,Төлөвлөгдсөн авто зам,2017.04.17,,Тэрэлж тосгоны хэсэгчилсэн ерөнхий төлөвлөгөө,2022 оны 4 сарын 14-ны өдөр мэдээг оруулав,,,,
527248,,,Polygon,107.454195,47.984269,ХЕТ-ний төлөвлөлтийн зам,Төлөвлөгдсөн авто зам,2017.04.17,,Тэрэлж тосгоны хэсэгчилсэн ерөнхий төлөвлөгөө,2022 оны 4 сарын 14-ны өдөр мэдээг оруулав,,,,
527249,,,Polygon,107.451877,47.984321,ХЕТ-ний төлөвлөлтийн зам,Төлөвлөгдсөн авто зам,2017.04.17,,Тэрэлж тосгоны хэсэгчилсэн ерөнхий төлөвлөгөө,2022 оны 4 сарын 14-ны өдөр мэдээг оруулав,,,,
527250,,,Polygon,107.454201,47.984275,ХЕТ-ний төлөвлөлтийн зам,Төлөвлөгдсөн авто зам,2017.04.17,,Тэрэлж тосгоны хэсэгчилсэн ерөнхий төлөвлөгөө,2022 оны 4 сарын 14-ны өдөр мэдээг оруулав,,,,
527251,,,Polygon,107.451909,47.984328,ХЕТ-ний төлөвлөлтийн зам,Төлөвлөгдсөн авто зам,2017.04.17,,Тэрэлж тосгоны хэсэгчилсэн ерөнхий төлөвлөгөө,2022 оны 4 сарын 14-ны өдөр мэдээг оруулав,,,,
527252,,,Polygon,107.454208,47.984281,ХЕТ-ний төлөвлөлтийн зам,Төлөвлөгдсөн авто зам,2017.04.17,,Тэрэлж тосгоны хэсэгчилсэн ерөнхий төлөвлөгөө,2022 оны 4 сарын 14-ны өдөр мэдээг оруулав,,,,
527253,,,Polygon,107.45194,47.984335,ХЕТ-ний төлөвлөлтийн зам,Төлөвлөгдсөн авто зам,2017.04.17,,Тэрэлж тосгоны хэсэгчилсэн ерөнхий төлөвлөгөө,2022 оны 4 сарын 14-ны өдөр мэдээг оруулав,,,,
527254,,,Polygon,107.454214,47.984288,ХЕТ-ний төлөвлөлтийн зам,Төлөвлөгдсөн авто зам,2017.04.17,,Тэрэлж тосгоны хэсэгчилсэн ерөнхий төлөвлөгөө,2022 оны 4 сарын 14-ны өдөр мэдээг оруулав,,,,
527255,,,Polygon,107.451972,47.984341,ХЕТ-ний төлөвлөлтийн зам,Төлөвлөгдсөн авто зам,2017.04.17,,Тэрэлж тосгоны хэсэгчилсэн ерөнхий төлөвлөгөө,2022 оны 4 сарын 14-ны өдөр мэдээг оруулав,,,,
527256,,,Polygon,107.45422,47.984295,ХЕТ-ний төлөвлөлтийн зам,Төлөвлөгдсөн авто зам,2017.04.17,,Тэрэлж тосгоны хэсэгчилсэн ерөнхий төлөвлөгөө,2022 оны 4 сарын 14-ны өдөр мэдээг оруулав,,,,
527257,,,Polygon,107.454226,47.984301,ХЕТ-ний төлөвлөлтийн зам,Төлөвлөгдсөн авто зам,2017.04.17,,Тэрэлж тосгоны хэсэгчилсэн ерөнхий төлөвлөгөө,2022 оны 4 сарын 14-ны өдөр мэдээг оруулав,,,,
527258,,,Polygon,107.454232,47.984308,ХЕТ-ний төлөвлөлтийн зам,Төлөвлөгдсөн авто зам,2017.04.17,,Тэрэлж тосгоны хэсэгчилсэн ерөнхий төлөвлөгөө,2022 оны 4 сарын 14-ны өдөр мэдээг оруулав,,,,
527259,,,Polygon,107.454237,47.984315,ХЕТ-ний төлөвлөлтийн зам,Төлөвлөгдсөн авто зам,2017.04.17,,Тэрэлж тосгоны хэсэгчилсэн ерөнхий төлөвлөгөө,2022 оны 4 сарын 14-ны өдөр мэдээг оруулав,,,,
527260,,,Polygon,107.454243,47.984322,ХЕТ-ний төлөвлөлтийн зам,Төлөвлөгдсөн авто зам,2017.04.17,,Тэрэлж тосгоны хэсэгчилсэн ерөнхий төлөвлөгөө,2022 оны 4 сарын 14-ны өдөр мэдээг оруулав,,,,
527261,,,Polygon,107.452145,47.98437,ХЕТ-ний төлөвлөлтийн зам,Төлөвлөгдсөн авто зам,2017.04.17,,Тэрэлж тосгоны хэсэгчилсэн ерөнхий төлөвлөгөө,2022 оны 4 сарын 14-ны өдөр мэдээг оруулав,,,,
527262,,,Polygon,107.454248,47.984329,ХЕТ-ний төлөвлөлтийн зам,Төлөвлөгдсөн авто зам,2017.04.17,,Тэрэлж тосгоны хэсэгчилсэн ерөнхий төлөвлөгөө,2022 оны 4 сарын 14-ны өдөр мэдээг оруулав,,,,
527263,,,Polygon,107.452182,47.984374,ХЕТ-ний төлөвлөлтийн зам,Төлөвлөгдсөн авто зам,2017.04.17,,Тэрэлж тосгоны хэсэгчилсэн ерөнхий төлөвлөгөө,2022 оны 4 сарын 14-ны өдөр мэдээг оруулав,,,,
527264,,,Polygon,107.454253,47.984336,ХЕТ-ний төлөвлөлтийн зам,Төлөвлөгдсөн авто зам,2017.04.17,,Тэрэлж тосгоны хэсэгчилсэн ерөнхий төлөвлөгөө,2022 оны 4 сарын 14-ны өдөр мэдээг оруулав,,,,
527265,,,Polygon,107.452252,47.984382,ХЕТ-ний төлөвлөлтийн зам,Төлөвлөгдсөн авто зам,2017.04.17,,Тэрэлж тосгоны хэсэгчилсэн ерөнхий төлөвлөгөө,2022 оны 4 сарын 14-ны өдөр мэдээг оруулав,,,,
527266,,,Polygon,107.452293,47.984385,ХЕТ-ний төлөвлөлтийн зам,Төлөвлөгдсөн авто зам,2017.04.17,,Тэрэлж тосгоны хэсэгчилсэн ерөнхий төлөвлөгөө,2022 оны 4 сарын 14-ны өдөр мэдээг оруулав,,,,
527267,,,Polygon,107.454258,47.984343,ХЕТ-ний төлөвлөлтийн зам,Төлөвлөгдсөн авто зам,2017.04.17,,Тэрэлж тосгоны хэсэгчилсэн ерөнхий төлөвлөгөө,2022 оны 4 сарын 14-ны өдөр мэдээг оруулав,,,,
527268,,,Polygon,107.452059,47.98437,ХЕТ-ний төлөвлөлтийн зам,Төлөвлөгдсөн авто зам,2017.04.17,,Тэрэлж тосгоны хэсэгчилсэн ерөнхий төлөвлөгөө,2022 оны 4 сарын 14-ны өдөр мэдээг оруулав,,,,
527269,,,Polygon,107.452325,47.984388,ХЕТ-ний төлөвлөлтийн зам,Төлөвлөгдсөн авто зам,2017.04.17,,Тэрэлж тосгоны хэсэгчилсэн ерөнхий төлөвлөгөө,2022 оны 4 сарын 14-ны өдөр мэдээг оруулав,,,,
527270,,,Polygon,107.450972,47.984398,ХЕТ-ний төлөвлөлтийн зам,Төлөвлөгдсөн авто зам,2017.04.17,,Тэрэлж тосгоны хэсэгчилсэн ерөнхий төлөвлөгөө,2022 оны 4 сарын 14-ны өдөр мэдээг оруулав,,,,
527271,,,Polygon,107.45236,47.98439,ХЕТ-ний төлөвлөлтийн зам,Төлөвлөгдсөн авто зам,2017.04.17,,Тэрэлж тосгоны хэсэгчилсэн ерөнхий төлөвлөгөө,2022 оны 4 сарын 14-ны өдөр мэдээг оруулав,,,,
527272,,,Polygon,107.45304,47.984377,ХЕТ-ний төлөвлөлтийн зам,Төлөвлөгдсөн авто зам,2017.04.17,,Тэрэлж тосгоны хэсэгчилсэн ерөнхий төлөвлөгөө,2022 оны 4 сарын 14-ны өдөр мэдээг оруулав,,,,
527273,,,Polygon,107.452954,47.984379,ХЕТ-ний төлөвлөлтийн зам,Төлөвлөгдсөн авто зам,2017.04.17,,Тэрэлж тосгоны хэсэгчилсэн ерөнхий төлөвлөгөө,2022 оны 4 сарын 14-ны өдөр мэдээг оруулав,,,,
527274,,,Polygon,107.452871,47.984382,ХЕТ-ний төлөвлөлтийн зам,Төлөвлөгдсөн авто зам,2017.04.17,,Тэрэлж тосгоны хэсэгчилсэн ерөнхий төлөвлөгөө,2022 оны 4 сарын 14-ны өдөр мэдээг оруулав,,,,
527275,,,Polygon,107.453088,47.984377,ХЕТ-ний төлөвлөлтийн зам,Төлөвлөгдсөн авто зам,2017.04.17,,Тэрэлж тосгоны хэсэгчилсэн ерөнхий төлөвлөгөө,2022 оны 4 сарын 14-ны өдөр мэдээг оруулав,,,,
527276,,,Polygon,107.452393,47.984391,ХЕТ-ний төлөвлөлтийн зам,Төлөвлөгдсөн авто зам,2017.04.17,,Тэрэлж тосгоны хэсэгчилсэн ерөнхий төлөвлөгөө,2022 оны 4 сарын 14-ны өдөр мэдээг оруулав,,,,
527277,,,Polygon,107.454262,47.98435,ХЕТ-ний төлөвлөлтийн зам,Төлөвлөгдсөн авто зам,2017.04.17,,Тэрэлж тосгоны хэсэгчилсэн ерөнхий төлөвлөгөө,2022 оны 4 сарын 14-ны өдөр мэдээг оруулав,,,,
527278,,,Polygon,107.452426,47.984393,ХЕТ-ний төлөвлөлтийн зам,Төлөвлөгдсөн авто зам,2017.04.17,,Тэрэлж тосгоны хэсэгчилсэн ерөнхий төлөвлөгөө,2022 оны 4 сарын 14-ны өдөр мэдээг оруулав,,,,
527279,,,Polygon,107.453206,47.984376,ХЕТ-ний төлөвлөлтийн зам,Төлөвлөгдсөн авто зам,2017.04.17,,Тэрэлж тосгоны хэсэгчилсэн ерөнхий төлөвлөгөө,2022 оны 4 сарын 14-ны өдөр мэдээг оруулав,,,,
527280,,,Polygon,107.452458,47.984394,ХЕТ-ний төлөвлөлтийн зам,Төлөвлөгдсөн авто зам,2017.04.17,,Тэрэлж тосгоны хэсэгчилсэн ерөнхий төлөвлөгөө,2022 оны 4 сарын 14-ны өдөр мэдээг оруулав,,,,
527281,,,Polygon,107.452763,47.984386,ХЕТ-ний төлөвлөлтийн зам,Төлөвлөгдсөн авто зам,2017.04.17,,Тэрэлж тосгоны хэсэгчилсэн ерөнхий төлөвлөгөө,2022 оны 4 сарын 14-ны өдөр мэдээг оруулав,,,,
527282,,,Polygon,107.452491,47.984394,ХЕТ-ний төлөвлөлтийн зам,Төлөвлөгдсөн авто зам,2017.04.17,,Тэрэлж тосгоны хэсэгчилсэн ерөнхий төлөвлөгөө,2022 оны 4 сарын 14-ны өдөр мэдээг оруулав,,,,
527283,,,Polygon,107.45098,47.984423,ХЕТ-ний төлөвлөлтийн зам,Төлөвлөгдсөн авто зам,2017.04.17,,Тэрэлж тосгоны хэсэгчилсэн ерөнхий төлөвлөгөө,2022 оны 4 сарын 14-ны өдөр мэдээг оруулав,,,,
527284,,,Polygon,107.452523,47.984394,ХЕТ-ний төлөвлөлтийн зам,Төлөвлөгдсөн авто зам,2017.04.17,,Тэрэлж тосгоны хэсэгчилсэн ерөнхий төлөвлөгөө,2022 оны 4 сарын 14-ны өдөр мэдээг оруулав,,,,
527285,,,Polygon,107.452556,47.984394,ХЕТ-ний төлөвлөлтийн зам,Төлөвлөгдсөн авто зам,2017.04.17,,Тэрэлж тосгоны хэсэгчилсэн ерөнхий төлөвлөгөө,2022 оны 4 сарын 14-ны өдөр мэдээг оруулав,,,,
527286,,,Polygon,107.451003,47.984428,ХЕТ-ний төлөвлөлтийн зам,Төлөвлөгдсөн авто зам,2017.04.17,,Тэрэлж тосгоны хэсэгчилсэн ерөнхий төлөвлөгөө,2022 оны 4 сарын 14-ны өдөр мэдээг оруулав,,,,
527287,,,Polygon,107.454267,47.984357,ХЕТ-ний төлөвлөлтийн зам,Төлөвлөгдсөн авто зам,2017.04.17,,Тэрэлж тосгоны хэсэгчилсэн ерөнхий төлөвлөгөө,2022 оны 4 сарын 14-ны өдөр мэдээг оруулав,,,,
527288,,,Polygon,107.45102,47.984432,ХЕТ-ний төлөвлөлтийн зам,Төлөвлөгдсөн авто зам,2017.04.17,,Тэрэлж тосгоны хэсэгчилсэн ерөнхий төлөвлөгөө,2022 оны 4 сарын 14-ны өдөр мэдээг оруулав,,,,
527289,,,Polygon,107.454271,47.984364,ХЕТ-ний төлөвлөлтийн зам,Төлөвлөгдсөн авто зам,2017.04.17,,Тэрэлж тосгоны хэсэгчилсэн ерөнхий төлөвлөгөө,2022 оны 4 сарын 14-ны өдөр мэдээг оруулав,,,,
527290,,,Polygon,107.451039,47.984436,ХЕТ-ний төлөвлөлтийн зам,Төлөвлөгдсөн авто зам,2017.04.17,,Тэрэлж тосгоны хэсэгчилсэн ерөнхий төлөвлөгөө,2022 оны 4 сарын 14-ны өдөр мэдээг оруулав,,,,
527291,,,Polygon,107.451056,47.984441,ХЕТ-ний төлөвлөлтийн зам,Төлөвлөгдсөн авто зам,2017.04.17,,Тэрэлж тосгоны хэсэгчилсэн ерөнхий төлөвлөгөө,2022 оны 4 сарын 14-ны өдөр мэдээг оруулав,,,,
527292,,,Polygon,107.454275,47.984371,ХЕТ-ний төлөвлөлтийн зам,Төлөвлөгдсөн авто зам,2017.04.17,,Тэрэлж тосгоны хэсэгчилсэн ерөнхий төлөвлөгөө,2022 оны 4 сарын 14-ны өдөр мэдээг оруулав,,,,
527293,,,Polygon,107.451073,47.984445,ХЕТ-ний төлөвлөлтийн зам,Төлөвлөгдсөн авто зам,2017.04.17,,Тэрэлж тосгоны хэсэгчилсэн ерөнхий төлөвлөгөө,2022 оны 4 сарын 14-ны өдөр мэдээг оруулав,,,,
527294,,,Polygon,107.454279,47.984379,ХЕТ-ний төлөвлөлтийн зам,Төлөвлөгдсөн авто зам,2017.04.17,,Тэрэлж тосгоны хэсэгчилсэн ерөнхий төлөвлөгөө,2022 оны 4 сарын 14-ны өдөр мэдээг оруулав,,,,
527295,,,Polygon,107.45109,47.98445,ХЕТ-ний төлөвлөлтийн зам,Төлөвлөгдсөн авто зам,2017.04.17,,Тэрэлж тосгоны хэсэгчилсэн ерөнхий төлөвлөгөө,2022 оны 4 сарын 14-ны өдөр мэдээг оруулав,,,,
527296,,,Polygon,107.451107,47.984455,ХЕТ-ний төлөвлөлтийн зам,Төлөвлөгдсөн авто зам,2017.04.17,,Тэрэлж тосгоны хэсэгчилсэн ерөнхий төлөвлөгөө,2022 оны 4 сарын 14-ны өдөр мэдээг оруулав,,,,
527297,,,Polygon,107.454283,47.984386,ХЕТ-ний төлөвлөлтийн зам,Төлөвлөгдсөн авто зам,2017.04.17,,Тэрэлж тосгоны хэсэгчилсэн ерөнхий төлөвлөгөө,2022 оны 4 сарын 14-ны өдөр мэдээг оруулав,,,,
527298,,,Polygon,107.451123,47.98446,ХЕТ-ний төлөвлөлтийн зам,Төлөвлөгдсөн авто зам,2017.04.17,,Тэрэлж тосгоны хэсэгчилсэн ерөнхий төлөвлөгөө,2022 оны 4 сарын 14-ны өдөр мэдээг оруулав,,,,
527299,,,Polygon,107.454287,47.984393,ХЕТ-ний төлөвлөлтийн зам,Төлөвлөгдсөн авто зам,2017.04.17,,Тэрэлж тосгоны хэсэгчилсэн ерөнхий төлөвлөгөө,2022 оны 4 сарын 14-ны өдөр мэдээг оруулав,,,,
527300,,,Polygon,107.45114,47.984465,ХЕТ-ний төлөвлөлтийн зам,Төлөвлөгдсөн авто зам,2017.04.17,,Тэрэлж тосгоны хэсэгчилсэн ерөнхий төлөвлөгөө,2022 оны 4 сарын 14-ны өдөр мэдээг оруулав,,,,
527301,,,Polygon,107.45429,47.984401,ХЕТ-ний төлөвлөлтийн зам,Төлөвлөгдсөн авто зам,2017.04.17,,Тэрэлж тосгоны хэсэгчилсэн ерөнхий төлөвлөгөө,2022 оны 4 сарын 14-ны өдөр мэдээг оруулав,,,,
527302,,,Polygon,107.451156,47.984471,ХЕТ-ний төлөвлөлтийн зам,Төлөвлөгдсөн авто зам,2017.04.17,,Тэрэлж тосгоны хэсэгчилсэн ерөнхий төлөвлөгөө,2022 оны 4 сарын 14-ны өдөр мэдээг оруулав,,,,
527303,,,Polygon,107.433248,47.984358,ХЕТ-ний төлөвлөлтийн зам,Төлөвлөгдсөн авто зам,2017.04.17,,Тэрэлж тосгоны хэсэгчилсэн ерөнхий төлөвлөгөө,2022 оны 4 сарын 14-ны өдөр мэдээг оруулав,,,,
527304,,,Polygon,107.451172,47.984476,ХЕТ-ний төлөвлөлтийн зам,Төлөвлөгдсөн авто зам,2017.04.17,,Тэрэлж тосгоны хэсэгчилсэн ерөнхий төлөвлөгөө,2022 оны 4 сарын 14-ны өдөр мэдээг оруулав,,,,
527305,,,Polygon,107.454293,47.984408,ХЕТ-ний төлөвлөлтийн зам,Төлөвлөгдсөн авто зам,2017.04.17,,Тэрэлж тосгоны хэсэгчилсэн ерөнхий төлөвлөгөө,2022 оны 4 сарын 14-ны өдөр мэдээг оруулав,,,,
527306,,,Polygon,107.45315,47.984408,ХЕТ-ний төлөвлөлтийн зам,Төлөвлөгдсөн авто зам,2017.04.17,,Тэрэлж тосгоны хэсэгчилсэн ерөнхий төлөвлөгөө,2022 оны 4 сарын 14-ны өдөр мэдээг оруулав,,,,
527307,,,Polygon,107.452626,47.984422,ХЕТ-ний төлөвлөлтийн зам,Төлөвлөгдсөн авто зам,2017.04.17,,Тэрэлж тосгоны хэсэгчилсэн ерөнхий төлөвлөгөө,2022 оны 4 сарын 14-ны өдөр мэдээг оруулав,,,,
527308,,,Polygon,107.451188,47.984482,ХЕТ-ний төлөвлөлтийн зам,Төлөвлөгдсөн авто зам,2017.04.17,,Тэрэлж тосгоны хэсэгчилсэн ерөнхий төлөвлөгөө,2022 оны 4 сарын 14-ны өдөр мэдээг оруулав,,,,
527309,,,Polygon,107.454296,47.984416,ХЕТ-ний төлөвлөлтийн зам,Төлөвлөгдсөн авто зам,2017.04.17,,Тэрэлж тосгоны хэсэгчилсэн ерөнхий төлөвлөгөө,2022 оны 4 сарын 14-ны өдөр мэдээг оруулав,,,,
527310,,,Polygon,107.451204,47.984488,ХЕТ-ний төлөвлөлтийн зам,Төлөвлөгдсөн авто зам,2017.04.17,,Тэрэлж тосгоны хэсэгчилсэн ерөнхий төлөвлөгөө,2022 оны 4 сарын 14-ны өдөр мэдээг оруулав,,,,
527311,,,Polygon,107.454299,47.984423,ХЕТ-ний төлөвлөлтийн зам,Төлөвлөгдсөн авто зам,2017.04.17,,Тэрэлж тосгоны хэсэгчилсэн ерөнхий төлөвлөгөө,2022 оны 4 сарын 14-ны өдөр мэдээг оруулав,,,,
527312,,,Polygon,107.45122,47.984494,ХЕТ-ний төлөвлөлтийн зам,Төлөвлөгдсөн авто зам,2017.04.17,,Тэрэлж тосгоны хэсэгчилсэн ерөнхий төлөвлөгөө,2022 оны 4 сарын 14-ны өдөр мэдээг оруулав,,,,
527313,,,Polygon,107.451231,47.984498,ХЕТ-ний төлөвлөлтийн зам,Төлөвлөгдсөн авто зам,2017.04.17,,Тэрэлж тосгоны хэсэгчилсэн ерөнхий төлөвлөгөө,2022 оны 4 сарын 14-ны өдөр мэдээг оруулав,,,,
527314,,,Polygon,107.454301,47.984431,ХЕТ-ний төлөвлөлтийн зам,Төлөвлөгдсөн авто зам,2017.04.17,,Тэрэлж тосгоны хэсэгчилсэн ерөнхий төлөвлөгөө,2022 оны 4 сарын 14-ны өдөр мэдээг оруулав,,,,
527315,,,Polygon,107.454304,47.984439,ХЕТ-ний төлөвлөлтийн зам,Төлөвлөгдсөн авто зам,2017.04.17,,Тэрэлж тосгоны хэсэгчилсэн ерөнхий төлөвлөгөө,2022 оны 4 сарын 14-ны өдөр мэдээг оруулав,,,,
527316,,,Polygon,107.454306,47.984446,ХЕТ-ний төлөвлөлтийн зам,Төлөвлөгдсөн авто зам,2017.04.17,,Тэрэлж тосгоны хэсэгчилсэн ерөнхий төлөвлөгөө,2022 оны 4 сарын 14-ны өдөр мэдээг оруулав,,,,
527317,,,Polygon,107.454308,47.984454,ХЕТ-ний төлөвлөлтийн зам,Төлөвлөгдсөн авто зам,2017.04.17,,Тэрэлж тосгоны хэсэгчилсэн ерөнхий төлөвлөгөө,2022 оны 4 сарын 14-ны өдөр мэдээг оруулав,,,,
527318,,,Polygon,107.451343,47.984539,ХЕТ-ний төлөвлөлтийн зам,Төлөвлөгдсөн авто зам,2017.04.17,,Тэрэлж тосгоны хэсэгчилсэн ерөнхий төлөвлөгөө,2022 оны 4 сарын 14-ны өдөр мэдээг оруулав,,,,
527319,,,Polygon,107.451384,47.984552,ХЕТ-ний төлөвлөлтийн зам,Төлөвлөгдсөн авто зам,2017.04.17,,Тэрэлж тосгоны хэсэгчилсэн ерөнхий төлөвлөгөө,2022 оны 4 сарын 14-ны өдөр мэдээг оруулав,,,,
527320,,,Polygon,107.451425,47.984564,ХЕТ-ний төлөвлөлтийн зам,Төлөвлөгдсөн авто зам,2017.04.17,,Тэрэлж тосгоны хэсэгчилсэн ерөнхий төлөвлөгөө,2022 оны 4 сарын 14-ны өдөр мэдээг оруулав,,,,
527321,,,Polygon,107.451466,47.984577,ХЕТ-ний төлөвлөлтийн зам,Төлөвлөгдсөн авто зам,2017.04.17,,Тэрэлж тосгоны хэсэгчилсэн ерөнхий төлөвлөгөө,2022 оны 4 сарын 14-ны өдөр мэдээг оруулав,,,,
527322,,,Polygon,107.451281,47.984546,ХЕТ-ний төлөвлөлтийн зам,Төлөвлөгдсөн авто зам,2017.04.17,,Тэрэлж тосгоны хэсэгчилсэн ерөнхий төлөвлөгөө,2022 оны 4 сарын 14-ны өдөр мэдээг оруулав,,,,
527323,,,Polygon,107.451508,47.984588,ХЕТ-ний төлөвлөлтийн зам,Төлөвлөгдсөн авто зам,2017.04.17,,Тэрэлж тосгоны хэсэгчилсэн ерөнхий төлөвлөгөө,2022 оны 4 сарын 14-ны өдөр мэдээг оруулав,,,,
527324,,,Polygon,107.451551,47.9846,ХЕТ-ний төлөвлөлтийн зам,Төлөвлөгдсөн авто зам,2017.04.17,,Тэрэлж тосгоны хэсэгчилсэн ерөнхий төлөвлөгөө,2022 оны 4 сарын 14-ны өдөр мэдээг оруулав,,,,
527325,,,Polygon,107.451593,47.984611,ХЕТ-ний төлөвлөлтийн зам,Төлөвлөгдсөн авто зам,2017.04.17,,Тэрэлж тосгоны хэсэгчилсэн ерөнхий төлөвлөгөө,2022 оны 4 сарын 14-ны өдөр мэдээг оруулав,,,,
527326,,,Polygon,107.451641,47.984623,ХЕТ-ний төлөвлөлтийн зам,Төлөвлөгдсөн авто зам,2017.04.17,,Тэрэлж тосгоны хэсэгчилсэн ерөнхий төлөвлөгөө,2022 оны 4 сарын 14-ны өдөр мэдээг оруулав,,,,
527327,,,Polygon,107.453797,47.984573,ХЕТ-ний төлөвлөлтийн зам,Төлөвлөгдсөн авто зам,2017.04.17,,Тэрэлж тосгоны хэсэгчилсэн ерөнхий төлөвлөгөө,2022 оны 4 сарын 14-ны өдөр мэдээг оруулав,,,,
527328,,,Polygon,107.451683,47.984633,ХЕТ-ний төлөвлөлтийн зам,Төлөвлөгдсөн авто зам,2017.04.17,,Тэрэлж тосгоны хэсэгчилсэн ерөнхий төлөвлөгөө,2022 оны 4 сарын 14-ны өдөр мэдээг оруулав,,,,
527329,,,Polygon,107.453797,47.984591,ХЕТ-ний төлөвлөлтийн зам,Төлөвлөгдсөн авто зам,2017.04.17,,Тэрэлж тосгоны хэсэгчилсэн ерөнхий төлөвлөгөө,2022 оны 4 сарын 14-ны өдөр мэдээг оруулав,,,,
527330,,,Polygon,107.453796,47.984605,ХЕТ-ний төлөвлөлтийн зам,Төлөвлөгдсөн авто зам,2017.04.17,,Тэрэлж тосгоны хэсэгчилсэн ерөнхий төлөвлөгөө,2022 оны 4 сарын 14-ны өдөр мэдээг оруулав,,,,
527331,,,Polygon,107.454321,47.984597,ХЕТ-ний төлөвлөлтийн зам,Төлөвлөгдсөн авто зам,2017.04.17,,Тэрэлж тосгоны хэсэгчилсэн ерөнхий төлөвлөгөө,2022 оны 4 сарын 14-ны өдөр мэдээг оруулав,,,,
527332,,,Polygon,107.453795,47.98462,ХЕТ-ний төлөвлөлтийн зам,Төлөвлөгдсөн авто зам,2017.04.17,,Тэрэлж тосгоны хэсэгчилсэн ерөнхий төлөвлөгөө,2022 оны 4 сарын 14-ны өдөр мэдээг оруулав,,,,
527333,,,Polygon,107.451883,47.984672,ХЕТ-ний төлөвлөлтийн зам,Төлөвлөгдсөн авто зам,2017.04.17,,Тэрэлж тосгоны хэсэгчилсэн ерөнхий төлөвлөгөө,2022 оны 4 сарын 14-ны өдөр мэдээг оруулав,,,,
527334,,,Polygon,107.45432,47.984621,ХЕТ-ний төлөвлөлтийн зам,Төлөвлөгдсөн авто зам,2017.04.17,,Тэрэлж тосгоны хэсэгчилсэн ерөнхий төлөвлөгөө,2022 оны 4 сарын 14-ны өдөр мэдээг оруулав,,,,
527335,,,Polygon,107.453794,47.984634,ХЕТ-ний төлөвлөлтийн зам,Төлөвлөгдсөн авто зам,2017.04.17,,Тэрэлж тосгоны хэсэгчилсэн ерөнхий төлөвлөгөө,2022 оны 4 сарын 14-ны өдөр мэдээг оруулав,,,,
527336,,,Polygon,107.451928,47.984679,ХЕТ-ний төлөвлөлтийн зам,Төлөвлөгдсөн авто зам,2017.04.17,,Тэрэлж тосгоны хэсэгчилсэн ерөнхий төлөвлөгөө,2022 оны 4 сарын 14-ны өдөр мэдээг оруулав,,,,
527337,,,Polygon,107.451974,47.984686,ХЕТ-ний төлөвлөлтийн зам,Төлөвлөгдсөн авто зам,2017.04.17,,Тэрэлж тосгоны хэсэгчилсэн ерөнхий төлөвлөгөө,2022 оны 4 сарын 14-ны өдөр мэдээг оруулав,,,,
527338,,,Polygon,107.453792,47.984648,ХЕТ-ний төлөвлөлтийн зам,Төлөвлөгдсөн авто зам,2017.04.17,,Тэрэлж тосгоны хэсэгчилсэн ерөнхий төлөвлөгөө,2022 оны 4 сарын 14-ны өдөр мэдээг оруулав,,,,
527339,,,Polygon,107.452019,47.984693,ХЕТ-ний төлөвлөлтийн зам,Төлөвлөгдсөн авто зам,2017.04.17,,Тэрэлж тосгоны хэсэгчилсэн ерөнхий төлөвлөгөө,2022 оны 4 сарын 14-ны өдөр мэдээг оруулав,,,,
527340,,,Polygon,107.454319,47.984638,ХЕТ-ний төлөвлөлтийн зам,Төлөвлөгдсөн авто зам,2017.04.17,,Тэрэлж тосгоны хэсэгчилсэн ерөнхий төлөвлөгөө,2022 оны 4 сарын 14-ны өдөр мэдээг оруулав,,,,
527341,,,Polygon,107.452065,47.984699,ХЕТ-ний төлөвлөлтийн зам,Төлөвлөгдсөн авто зам,2017.04.17,,Тэрэлж тосгоны хэсэгчилсэн ерөнхий төлөвлөгөө,2022 оны 4 сарын 14-ны өдөр мэдээг оруулав,,,,
527342,,,Polygon,107.45379,47.984662,ХЕТ-ний төлөвлөлтийн зам,Төлөвлөгдсөн авто зам,2017.04.17,,Тэрэлж тосгоны хэсэгчилсэн ерөнхий төлөвлөгөө,2022 оны 4 сарын 14-ны өдөр мэдээг оруулав,,,,
527343,,,Polygon,107.452111,47.984704,ХЕТ-ний төлөвлөлтийн зам,Төлөвлөгдсөн авто зам,2017.04.17,,Тэрэлж тосгоны хэсэгчилсэн ерөнхий төлөвлөгөө,2022 оны 4 сарын 14-ны өдөр мэдээг оруулав,,,,
527344,,,Polygon,107.454317,47.984655,ХЕТ-ний төлөвлөлтийн зам,Төлөвлөгдсөн авто зам,2017.04.17,,Тэрэлж тосгоны хэсэгчилсэн ерөнхий төлөвлөгөө,2022 оны 4 сарын 14-ны өдөр мэдээг оруулав,,,,
527345,,,Polygon,107.452157,47.984709,ХЕТ-ний төлөвлөлтийн зам,Төлөвлөгдсөн авто зам,2017.04.17,,Тэрэлж тосгоны хэсэгчилсэн ерөнхий төлөвлөгөө,2022 оны 4 сарын 14-ны өдөр мэдээг оруулав,,,,
527346,,,Polygon,107.453788,47.984676,ХЕТ-ний төлөвлөлтийн зам,Төлөвлөгдсөн авто зам,2017.04.17,,Тэрэлж тосгоны хэсэгчилсэн ерөнхий төлөвлөгөө,2022 оны 4 сарын 14-ны өдөр мэдээг оруулав,,,,
527347,,,Polygon,107.452203,47.984713,ХЕТ-ний төлөвлөлтийн зам,Төлөвлөгдсөн авто зам,2017.04.17,,Тэрэлж тосгоны хэсэгчилсэн ерөнхий төлөвлөгөө,2022 оны 4 сарын 14-ны өдөр мэдээг оруулав,,,,
527348,,,Polygon,107.45225,47.984717,ХЕТ-ний төлөвлөлтийн зам,Төлөвлөгдсөн авто зам,2017.04.17,,Тэрэлж тосгоны хэсэгчилсэн ерөнхий төлөвлөгөө,2022 оны 4 сарын 14-ны өдөр мэдээг оруулав,,,,
527349,,,Polygon,107.453786,47.984685,ХЕТ-ний төлөвлөлтийн зам,Төлөвлөгдсөн авто зам,2017.04.17,,Тэрэлж тосгоны хэсэгчилсэн ерөнхий төлөвлөгөө,2022 оны 4 сарын 14-ны өдөр мэдээг оруулав,,,,
527350,,,Polygon,107.451777,47.984683,ХЕТ-ний төлөвлөлтийн зам,Төлөвлөгдсөн авто зам,2017.04.17,,Тэрэлж тосгоны хэсэгчилсэн ерөнхий төлөвлөгөө,2022 оны 4 сарын 14-ны өдөр мэдээг оруулав,,,,
527351,,,Polygon,107.454315,47.984672,ХЕТ-ний төлөвлөлтийн зам,Төлөвлөгдсөн авто зам,2017.04.17,,Тэрэлж тосгоны хэсэгчилсэн ерөнхий төлөвлөгөө,2022 оны 4 сарын 14-ны өдөр мэдээг оруулав,,,,
527352,,,Polygon,107.45243,47.984727,ХЕТ-ний төлөвлөлтийн зам,Төлөвлөгдсөн авто зам,2017.04.17,,Тэрэлж тосгоны хэсэгчилсэн ерөнхий төлөвлөгөө,2022 оны 4 сарын 14-ны өдөр мэдээг оруулав,,,,
527353,,,Polygon,107.452486,47.984728,ХЕТ-ний төлөвлөлтийн зам,Төлөвлөгдсөн авто зам,2017.04.17,,Тэрэлж тосгоны хэсэгчилсэн ерөнхий төлөвлөгөө,2022 оны 4 сарын 14-ны өдөр мэдээг оруулав,,,,
527354,,,Polygon,107.454313,47.984689,ХЕТ-ний төлөвлөлтийн зам,Төлөвлөгдсөн авто зам,2017.04.17,,Тэрэлж тосгоны хэсэгчилсэн ерөнхий төлөвлөгөө,2022 оны 4 сарын 14-ны өдөр мэдээг оруулав,,,,
527355,,,Polygon,107.452585,47.984735,ХЕТ-ний төлөвлөлтийн зам,Төлөвлөгдсөн авто зам,2017.04.17,,Тэрэлж тосгоны хэсэгчилсэн ерөнхий төлөвлөгөө,2022 оны 4 сарын 14-ны өдөр мэдээг оруулав,,,,
527356,,,Polygon,107.4526,47.984738,ХЕТ-ний төлөвлөлтийн зам,Төлөвлөгдсөн авто зам,2017.04.17,,Тэрэлж тосгоны хэсэгчилсэн ерөнхий төлөвлөгөө,2022 оны 4 сарын 14-ны өдөр мэдээг оруулав,,,,
527357,,,Polygon,107.452611,47.98474,ХЕТ-ний төлөвлөлтийн зам,Төлөвлөгдсөн авто зам,2017.04.17,,Тэрэлж тосгоны хэсэгчилсэн ерөнхий төлөвлөгөө,2022 оны 4 сарын 14-ны өдөр мэдээг оруулав,,,,
527358,,,Polygon,107.452622,47.984742,ХЕТ-ний төлөвлөлтийн зам,Төлөвлөгдсөн авто зам,2017.04.17,,Тэрэлж тосгоны хэсэгчилсэн ерөнхий төлөвлөгөө,2022 оны 4 сарын 14-ны өдөр мэдээг оруулав,,,,
527359,,,Polygon,107.452632,47.984744,ХЕТ-ний төлөвлөлтийн зам,Төлөвлөгдсөн авто зам,2017.04.17,,Тэрэлж тосгоны хэсэгчилсэн ерөнхий төлөвлөгөө,2022 оны 4 сарын 14-ны өдөр мэдээг оруулав,,,,
527360,,,Polygon,107.452643,47.984746,ХЕТ-ний төлөвлөлтийн зам,Төлөвлөгдсөн авто зам,2017.04.17,,Тэрэлж тосгоны хэсэгчилсэн ерөнхий төлөвлөгөө,2022 оны 4 сарын 14-ны өдөр мэдээг оруулав,,,,
527361,,,Polygon,107.452654,47.984748,ХЕТ-ний төлөвлөлтийн зам,Төлөвлөгдсөн авто зам,2017.04.17,,Тэрэлж тосгоны хэсэгчилсэн ерөнхий төлөвлөгөө,2022 оны 4 сарын 14-ны өдөр мэдээг оруулав,,,,
527362,,,Polygon,107.45431,47.984706,ХЕТ-ний төлөвлөлтийн зам,Төлөвлөгдсөн авто зам,2017.04.17,,Тэрэлж тосгоны хэсэгчилсэн ерөнхий төлөвлөгөө,2022 оны 4 сарын 14-ны өдөр мэдээг оруулав,,,,
527363,,,Polygon,107.452664,47.984751,ХЕТ-ний төлөвлөлтийн зам,Төлөвлөгдсөн авто зам,2017.04.17,,Тэрэлж тосгоны хэсэгчилсэн ерөнхий төлөвлөгөө,2022 оны 4 сарын 14-ны өдөр мэдээг оруулав,,,,
527364,,,Polygon,107.452675,47.984753,ХЕТ-ний төлөвлөлтийн зам,Төлөвлөгдсөн авто зам,2017.04.17,,Тэрэлж тосгоны хэсэгчилсэн ерөнхий төлөвлөгөө,2022 оны 4 сарын 14-ны өдөр мэдээг оруулав,,,,
527365,,,Polygon,107.452685,47.984756,ХЕТ-ний төлөвлөлтийн зам,Төлөвлөгдсөн авто зам,2017.04.17,,Тэрэлж тосгоны хэсэгчилсэн ерөнхий төлөвлөгөө,2022 оны 4 сарын 14-ны өдөр мэдээг оруулав,,,,
527366,,,Polygon,107.452695,47.984759,ХЕТ-ний төлөвлөлтийн зам,Төлөвлөгдсөн авто зам,2017.04.17,,Тэрэлж тосгоны хэсэгчилсэн ерөнхий төлөвлөгөө,2022 оны 4 сарын 14-ны өдөр мэдээг оруулав,,,,
527367,,,Polygon,107.433147,47.984671,ХЕТ-ний төлөвлөлтийн зам,Төлөвлөгдсөн авто зам,2017.04.17,,Тэрэлж тосгоны хэсэгчилсэн ерөнхий төлөвлөгөө,2022 оны 4 сарын 14-ны өдөр мэдээг оруулав,,,,
527368,,,Polygon,107.452706,47.984762,ХЕТ-ний төлөвлөлтийн зам,Төлөвлөгдсөн авто зам,2017.04.17,,Тэрэлж тосгоны хэсэгчилсэн ерөнхий төлөвлөгөө,2022 оны 4 сарын 14-ны өдөр мэдээг оруулав,,,,
527369,,,Polygon,107.453738,47.984717,ХЕТ-ний төлөвлөлтийн зам,Төлөвлөгдсөн авто зам,2017.04.17,,Тэрэлж тосгоны хэсэгчилсэн ерөнхий төлөвлөгөө,2022 оны 4 сарын 14-ны өдөр мэдээг оруулав,,,,
527370,,,Polygon,107.452716,47.984765,ХЕТ-ний төлөвлөлтийн зам,Төлөвлөгдсөн авто зам,2017.04.17,,Тэрэлж тосгоны хэсэгчилсэн ерөнхий төлөвлөгөө,2022 оны 4 сарын 14-ны өдөр мэдээг оруулав,,,,
527371,,,Polygon,107.452726,47.984768,ХЕТ-ний төлөвлөлтийн зам,Төлөвлөгдсөн авто зам,2017.04.17,,Тэрэлж тосгоны хэсэгчилсэн ерөнхий төлөвлөгөө,2022 оны 4 сарын 14-ны өдөр мэдээг оруулав,,,,
527372,,,Polygon,107.452736,47.984771,ХЕТ-ний төлөвлөлтийн зам,Төлөвлөгдсөн авто зам,2017.04.17,,Тэрэлж тосгоны хэсэгчилсэн ерөнхий төлөвлөгөө,2022 оны 4 сарын 14-ны өдөр мэдээг оруулав,,,,
527373,,,Polygon,107.453771,47.984749,ХЕТ-ний төлөвлөлтийн зам,Төлөвлөгдсөн авто зам,2017.04.17,,Тэрэлж тосгоны хэсэгчилсэн ерөнхий төлөвлөгөө,2022 оны 4 сарын 14-ны өдөр мэдээг оруулав,,,,
527374,,,Polygon,107.452746,47.984775,ХЕТ-ний төлөвлөлтийн зам,Төлөвлөгдсөн авто зам,2017.04.17,,Тэрэлж тосгоны хэсэгчилсэн ерөнхий төлөвлөгөө,2022 оны 4 сарын 14-ны өдөр мэдээг оруулав,,,,
527375,,,Polygon,107.452756,47.984778,ХЕТ-ний төлөвлөлтийн зам,Төлөвлөгдсөн авто зам,2017.04.17,,Тэрэлж тосгоны хэсэгчилсэн ерөнхий төлөвлөгөө,2022 оны 4 сарын 14-ны өдөр мэдээг оруулав,,,,
527376,,,Polygon,107.452344,47.984755,ХЕТ-ний төлөвлөлтийн зам,Төлөвлөгдсөн авто зам,2017.04.17,,Тэрэлж тосгоны хэсэгчилсэн ерөнхий төлөвлөгөө,2022 оны 4 сарын 14-ны өдөр мэдээг оруулав,,,,
527377,,,Polygon,107.452765,47.984782,ХЕТ-ний төлөвлөлтийн зам,Төлөвлөгдсөн авто зам,2017.04.17,,Тэрэлж тосгоны хэсэгчилсэн ерөнхий төлөвлөгөө,2022 оны 4 сарын 14-ны өдөр мэдээг оруулав,,,,
527378,,,Polygon,107.452775,47.984786,ХЕТ-ний төлөвлөлтийн зам,Төлөвлөгдсөн авто зам,2017.04.17,,Тэрэлж тосгоны хэсэгчилсэн ерөнхий төлөвлөгөө,2022 оны 4 сарын 14-ны өдөр мэдээг оруулав,,,,
527379,,,Polygon,107.453767,47.98476,ХЕТ-ний төлөвлөлтийн зам,Төлөвлөгдсөн авто зам,2017.04.17,,Тэрэлж тосгоны хэсэгчилсэн ерөнхий төлөвлөгөө,2022 оны 4 сарын 14-ны өдөр мэдээг оруулав,,,,
527380,,,Polygon,107.452784,47.98479,ХЕТ-ний төлөвлөлтийн зам,Төлөвлөгдсөн авто зам,2017.04.17,,Тэрэлж тосгоны хэсэгчилсэн ерөнхий төлөвлөгөө,2022 оны 4 сарын 14-ны өдөр мэдээг оруулав,,,,
527381,,,Polygon,107.452794,47.984794,ХЕТ-ний төлөвлөлтийн зам,Төлөвлөгдсөн авто зам,2017.04.17,,Тэрэлж тосгоны хэсэгчилсэн ерөнхий төлөвлөгөө,2022 оны 4 сарын 14-ны өдөр мэдээг оруулав,,,,
527382,,,Polygon,107.452803,47.984798,ХЕТ-ний төлөвлөлтийн зам,Төлөвлөгдсөн авто зам,2017.04.17,,Тэрэлж тосгоны хэсэгчилсэн ерөнхий төлөвлөгөө,2022 оны 4 сарын 14-ны өдөр мэдээг оруулав,,,,
527383,,,Polygon,107.454254,47.984743,ХЕТ-ний төлөвлөлтийн зам,Төлөвлөгдсөн авто зам,2017.04.17,,Тэрэлж тосгоны хэсэгчилсэн ерөнхий төлөвлөгөө,2022 оны 4 сарын 14-ны өдөр мэдээг оруулав,,,,
527384,,,Polygon,107.45281,47.984801,ХЕТ-ний төлөвлөлтийн зам,Төлөвлөгдсөн авто зам,2017.04.17,,Тэрэлж тосгоны хэсэгчилсэн ерөнхий төлөвлөгөө,2022 оны 4 сарын 14-ны өдөр мэдээг оруулав,,,,
527385,,,Polygon,107.453762,47.984775,ХЕТ-ний төлөвлөлтийн зам,Төлөвлөгдсөн авто зам,2017.04.17,,Тэрэлж тосгоны хэсэгчилсэн ерөнхий төлөвлөгөө,2022 оны 4 сарын 14-ны өдөр мэдээг оруулав,,,,
527386,,,Polygon,107.454295,47.984773,ХЕТ-ний төлөвлөлтийн зам,Төлөвлөгдсөн авто зам,2017.04.17,,Тэрэлж тосгоны хэсэгчилсэн ерөнхий төлөвлөгөө,2022 оны 4 сарын 14-ны өдөр мэдээг оруулав,,,,
527387,,,Polygon,107.453757,47.984789,ХЕТ-ний төлөвлөлтийн зам,Төлөвлөгдсөн авто зам,2017.04.17,,Тэрэлж тосгоны хэсэгчилсэн ерөнхий төлөвлөгөө,2022 оны 4 сарын 14-ны өдөр мэдээг оруулав,,,,
527388,,,Polygon,107.454292,47.984784,ХЕТ-ний төлөвлөлтийн зам,Төлөвлөгдсөн авто зам,2017.04.17,,Тэрэлж тосгоны хэсэгчилсэн ерөнхий төлөвлөгөө,2022 оны 4 сарын 14-ны өдөр мэдээг оруулав,,,,
527389,,,Polygon,107.453751,47.984803,ХЕТ-ний төлөвлөлтийн зам,Төлөвлөгдсөн авто зам,2017.04.17,,Тэрэлж тосгоны хэсэгчилсэн ерөнхий төлөвлөгөө,2022 оны 4 сарын 14-ны өдөр мэдээг оруулав,,,,
527390,,,Polygon,107.454287,47.9848,ХЕТ-ний төлөвлөлтийн зам,Төлөвлөгдсөн авто зам,2017.04.17,,Тэрэлж тосгоны хэсэгчилсэн ерөнхий төлөвлөгөө,2022 оны 4 сарын 14-ны өдөр мэдээг оруулав,,,,
527391,,,Polygon,107.453746,47.984817,ХЕТ-ний төлөвлөлтийн зам,Төлөвлөгдсөн авто зам,2017.04.17,,Тэрэлж тосгоны хэсэгчилсэн ерөнхий төлөвлөгөө,2022 оны 4 сарын 14-ны өдөр мэдээг оруулав,,,,
527392,,,Polygon,107.452898,47.984849,ХЕТ-ний төлөвлөлтийн зам,Төлөвлөгдсөн авто зам,2017.04.17,,Тэрэлж тосгоны хэсэгчилсэн ерөнхий төлөвлөгөө,2022 оны 4 сарын 14-ны өдөр мэдээг оруулав,,,,
527393,,,Polygon,107.454282,47.984815,ХЕТ-ний төлөвлөлтийн зам,Төлөвлөгдсөн авто зам,2017.04.17,,Тэрэлж тосгоны хэсэгчилсэн ерөнхий төлөвлөгөө,2022 оны 4 сарын 14-ны өдөр мэдээг оруулав,,,,
527394,,,Polygon,107.452904,47.984853,ХЕТ-ний төлөвлөлтийн зам,Төлөвлөгдсөн авто зам,2017.04.17,,Тэрэлж тосгоны хэсэгчилсэн ерөнхий төлөвлөгөө,2022 оны 4 сарын 14-ны өдөр мэдээг оруулав,,,,
527395,,,Polygon,107.453739,47.984831,ХЕТ-ний төлөвлөлтийн зам,Төлөвлөгдсөн авто зам,2017.04.17,,Тэрэлж тосгоны хэсэгчилсэн ерөнхий төлөвлөгөө,2022 оны 4 сарын 14-ны өдөр мэдээг оруулав,,,,
527396,,,Polygon,107.452912,47.984859,ХЕТ-ний төлөвлөлтийн зам,Төлөвлөгдсөн авто зам,2017.04.17,,Тэрэлж тосгоны хэсэгчилсэн ерөнхий төлөвлөгөө,2022 оны 4 сарын 14-ны өдөр мэдээг оруулав,,,,
527397,,,Polygon,107.452919,47.984864,ХЕТ-ний төлөвлөлтийн зам,Төлөвлөгдсөн авто зам,2017.04.17,,Тэрэлж тосгоны хэсэгчилсэн ерөнхий төлөвлөгөө,2022 оны 4 сарын 14-ны өдөр мэдээг оруулав,,,,
527398,,,Polygon,107.453733,47.984845,ХЕТ-ний төлөвлөлтийн зам,Төлөвлөгдсөн авто зам,2017.04.17,,Тэрэлж тосгоны хэсэгчилсэн ерөнхий төлөвлөгөө,2022 оны 4 сарын 14-ны өдөр мэдээг оруулав,,,,
527399,,,Polygon,107.454276,47.984832,ХЕТ-ний төлөвлөлтийн зам,Төлөвлөгдсөн авто зам,2017.04.17,,Тэрэлж тосгоны хэсэгчилсэн ерөнхий төлөвлөгөө,2022 оны 4 сарын 14-ны өдөр мэдээг оруулав,,,,
527400,,,Polygon,107.452926,47.984869,ХЕТ-ний төлөвлөлтийн зам,Төлөвлөгдсөн авто зам,2017.04.17,,Тэрэлж тосгоны хэсэгчилсэн ерөнхий төлөвлөгөө,2022 оны 4 сарын 14-ны өдөр мэдээг оруулав,,,,
527401,,,Polygon,107.452934,47.984875,ХЕТ-ний төлөвлөлтийн зам,Төлөвлөгдсөн авто зам,2017.04.17,,Тэрэлж тосгоны хэсэгчилсэн ерөнхий төлөвлөгөө,2022 оны 4 сарын 14-ны өдөр мэдээг оруулав,,,,
527402,,,Polygon,107.45427,47.984848,ХЕТ-ний төлөвлөлтийн зам,Төлөвлөгдсөн авто зам,2017.04.17,,Тэрэлж тосгоны хэсэгчилсэн ерөнхий төлөвлөгөө,2022 оны 4 сарын 14-ны өдөр мэдээг оруулав,,,,
527403,,,Polygon,107.452941,47.984881,ХЕТ-ний төлөвлөлтийн зам,Төлөвлөгдсөн авто зам,2017.04.17,,Тэрэлж тосгоны хэсэгчилсэн ерөнхий төлөвлөгөө,2022 оны 4 сарын 14-ны өдөр мэдээг оруулав,,,,
527404,,,Polygon,107.453726,47.984859,ХЕТ-ний төлөвлөлтийн зам,Төлөвлөгдсөн авто зам,2017.04.17,,Тэрэлж тосгоны хэсэгчилсэн ерөнхий төлөвлөгөө,2022 оны 4 сарын 14-ны өдөр мэдээг оруулав,,,,
527405,,,Polygon,107.452948,47.984886,ХЕТ-ний төлөвлөлтийн зам,Төлөвлөгдсөн авто зам,2017.04.17,,Тэрэлж тосгоны хэсэгчилсэн ерөнхий төлөвлөгөө,2022 оны 4 сарын 14-ны өдөр мэдээг оруулав,,,,
527406,,,Polygon,107.453718,47.984873,ХЕТ-ний төлөвлөлтийн зам,Төлөвлөгдсөн авто зам,2017.04.17,,Тэрэлж тосгоны хэсэгчилсэн ерөнхий төлөвлөгөө,2022 оны 4 сарын 14-ны өдөр мэдээг оруулав,,,,
527407,,,Polygon,107.452954,47.984892,ХЕТ-ний төлөвлөлтийн зам,Төлөвлөгдсөн авто зам,2017.04.17,,Тэрэлж тосгоны хэсэгчилсэн ерөнхий төлөвлөгөө,2022 оны 4 сарын 14-ны өдөр мэдээг оруулав,,,,
527408,,,Polygon,107.452961,47.984898,ХЕТ-ний төлөвлөлтийн зам,Төлөвлөгдсөн авто зам,2017.04.17,,Тэрэлж тосгоны хэсэгчилсэн ерөнхий төлөвлөгөө,2022 оны 4 сарын 14-ны өдөр мэдээг оруулав,,,,
527409,,,Polygon,107.452967,47.984904,ХЕТ-ний төлөвлөлтийн зам,Төлөвлөгдсөн авто зам,2017.04.17,,Тэрэлж тосгоны хэсэгчилсэн ерөнхий төлөвлөгөө,2022 оны 4 сарын 14-ны өдөр мэдээг оруулав,,,,
527410,,,Polygon,107.454261,47.984868,ХЕТ-ний төлөвлөлтийн зам,Төлөвлөгдсөн авто зам,2017.04.17,,Тэрэлж тосгоны хэсэгчилсэн ерөнхий төлөвлөгөө,2022 оны 4 сарын 14-ны өдөр мэдээг оруулав,,,,
527411,,,Polygon,107.452856,47.984859,ХЕТ-ний төлөвлөлтийн зам,Төлөвлөгдсөн авто зам,2017.04.17,,Тэрэлж тосгоны хэсэгчилсэн ерөнхий төлөвлөгөө,2022 оны 4 сарын 14-ны өдөр мэдээг оруулав,,,,
527412,,,Polygon,107.452974,47.98491,ХЕТ-ний төлөвлөлтийн зам,Төлөвлөгдсөн авто зам,2017.04.17,,Тэрэлж тосгоны хэсэгчилсэн ерөнхий төлөвлөгөө,2022 оны 4 сарын 14-ны өдөр мэдээг оруулав,,,,
527413,,,Polygon,107.45298,47.984916,ХЕТ-ний төлөвлөлтийн зам,Төлөвлөгдсөн авто зам,2017.04.17,,Тэрэлж тосгоны хэсэгчилсэн ерөнхий төлөвлөгөө,2022 оны 4 сарын 14-ны өдөр мэдээг оруулав,,,,
527414,,,Polygon,107.453708,47.984891,ХЕТ-ний төлөвлөлтийн зам,Төлөвлөгдсөн авто зам,2017.04.17,,Тэрэлж тосгоны хэсэгчилсэн ерөнхий төлөвлөгөө,2022 оны 4 сарын 14-ны өдөр мэдээг оруулав,,,,
527415,,,Polygon,107.452986,47.984922,ХЕТ-ний төлөвлөлтийн зам,Төлөвлөгдсөн авто зам,2017.04.17,,Тэрэлж тосгоны хэсэгчилсэн ерөнхий төлөвлөгөө,2022 оны 4 сарын 14-ны өдөр мэдээг оруулав,,,,
527416,,,Polygon,107.452992,47.984928,ХЕТ-ний төлөвлөлтийн зам,Төлөвлөгдсөн авто зам,2017.04.17,,Тэрэлж тосгоны хэсэгчилсэн ерөнхий төлөвлөгөө,2022 оны 4 сарын 14-ны өдөр мэдээг оруулав,,,,
527417,,,Polygon,107.428227,47.984926,ХЕТ-ний төлөвлөлтийн зам,Төлөвлөгдсөн авто зам,2017.04.17,,Тэрэлж тосгоны хэсэгчилсэн ерөнхий төлөвлөгөө,2022 оны 4 сарын 14-ны өдөр мэдээг оруулав,,,,
527418,,,Polygon,107.452998,47.984934,ХЕТ-ний төлөвлөлтийн зам,Төлөвлөгдсөн авто зам,2017.04.17,,Тэрэлж тосгоны хэсэгчилсэн ерөнхий төлөвлөгөө,2022 оны 4 сарын 14-ны өдөр мэдээг оруулав,,,,
527419,,,Polygon,107.453003,47.98494,ХЕТ-ний төлөвлөлтийн зам,Төлөвлөгдсөн авто зам,2017.04.17,,Тэрэлж тосгоны хэсэгчилсэн ерөнхий төлөвлөгөө,2022 оны 4 сарын 14-ны өдөр мэдээг оруулав,,,,
527420,,,Polygon,107.453008,47.984947,ХЕТ-ний төлөвлөлтийн зам,Төлөвлөгдсөн авто зам,2017.04.17,,Тэрэлж тосгоны хэсэгчилсэн ерөнхий төлөвлөгөө,2022 оны 4 сарын 14-ны өдөр мэдээг оруулав,,,,
527421,,,Polygon,107.453014,47.984953,ХЕТ-ний төлөвлөлтийн зам,Төлөвлөгдсөн авто зам,2017.04.17,,Тэрэлж тосгоны хэсэгчилсэн ерөнхий төлөвлөгөө,2022 оны 4 сарын 14-ны өдөр мэдээг оруулав,,,,
527422,,,Polygon,107.453019,47.98496,ХЕТ-ний төлөвлөлтийн зам,Төлөвлөгдсөн авто зам,2017.04.17,,Тэрэлж тосгоны хэсэгчилсэн ерөнхий төлөвлөгөө,2022 оны 4 сарын 14-ны өдөр мэдээг оруулав,,,,
527423,,,Polygon,107.453024,47.984966,ХЕТ-ний төлөвлөлтийн зам,Төлөвлөгдсөн авто зам,2017.04.17,,Тэрэлж тосгоны хэсэгчилсэн ерөнхий төлөвлөгөө,2022 оны 4 сарын 14-ны өдөр мэдээг оруулав,,,,
527424,,,Polygon,107.453028,47.984973,ХЕТ-ний төлөвлөлтийн зам,Төлөвлөгдсөн авто зам,2017.04.17,,Тэрэлж тосгоны хэсэгчилсэн ерөнхий төлөвлөгөө,2022 оны 4 сарын 14-ны өдөр мэдээг оруулав,,,,
527425,,,Polygon,107.453033,47.984979,ХЕТ-ний төлөвлөлтийн зам,Төлөвлөгдсөн авто зам,2017.04.17,,Тэрэлж тосгоны хэсэгчилсэн ерөнхий төлөвлөгөө,2022 оны 4 сарын 14-ны өдөр мэдээг оруулав,,,,
527426,,,Polygon,107.453037,47.984986,ХЕТ-ний төлөвлөлтийн зам,Төлөвлөгдсөн авто зам,2017.04.17,,Тэрэлж тосгоны хэсэгчилсэн ерөнхий төлөвлөгөө,2022 оны 4 сарын 14-ны өдөр мэдээг оруулав,,,,
527427,,,Polygon,107.453042,47.984993,ХЕТ-ний төлөвлөлтийн зам,Төлөвлөгдсөн авто зам,2017.04.17,,Тэрэлж тосгоны хэсэгчилсэн ерөнхий төлөвлөгөө,2022 оны 4 сарын 14-ны өдөр мэдээг оруулав,,,,
527428,,,Polygon,107.453046,47.985,ХЕТ-ний төлөвлөлтийн зам,Төлөвлөгдсөн авто зам,2017.04.17,,Тэрэлж тосгоны хэсэгчилсэн ерөнхий төлөвлөгөө,2022 оны 4 сарын 14-ны өдөр мэдээг оруулав,,,,
527429,,,Polygon,107.45305,47.985007,ХЕТ-ний төлөвлөлтийн зам,Төлөвлөгдсөн авто зам,2017.04.17,,Тэрэлж тосгоны хэсэгчилсэн ерөнхий төлөвлөгөө,2022 оны 4 сарын 14-ны өдөр мэдээг оруулав,,,,
527430,,,Polygon,107.453053,47.985014,ХЕТ-ний төлөвлөлтийн зам,Төлөвлөгдсөн авто зам,2017.04.17,,Тэрэлж тосгоны хэсэгчилсэн ерөнхий төлөвлөгөө,2022 оны 4 сарын 14-ны өдөр мэдээг оруулав,,,,
527431,,,Polygon,107.453057,47.98502,ХЕТ-ний төлөвлөлтийн зам,Төлөвлөгдсөн авто зам,2017.04.17,,Тэрэлж тосгоны хэсэгчилсэн ерөнхий төлөвлөгөө,2022 оны 4 сарын 14-ны өдөр мэдээг оруулав,,,,
527432,,,Polygon,107.45306,47.985028,ХЕТ-ний төлөвлөлтийн зам,Төлөвлөгдсөн авто зам,2017.04.17,,Тэрэлж тосгоны хэсэгчилсэн ерөнхий төлөвлөгөө,2022 оны 4 сарын 14-ны өдөр мэдээг оруулав,,,,
527433,,,Polygon,107.453063,47.985035,ХЕТ-ний төлөвлөлтийн зам,Төлөвлөгдсөн авто зам,2017.04.17,,Тэрэлж тосгоны хэсэгчилсэн ерөнхий төлөвлөгөө,2022 оны 4 сарын 14-ны өдөр мэдээг оруулав,,,,
527434,,,Polygon,107.453067,47.985042,ХЕТ-ний төлөвлөлтийн зам,Төлөвлөгдсөн авто зам,2017.04.17,,Тэрэлж тосгоны хэсэгчилсэн ерөнхий төлөвлөгөө,2022 оны 4 сарын 14-ны өдөр мэдээг оруулав,,,,
527435,,,Polygon,107.453069,47.985049,ХЕТ-ний төлөвлөлтийн зам,Төлөвлөгдсөн авто зам,2017.04.17,,Тэрэлж тосгоны хэсэгчилсэн ерөнхий төлөвлөгөө,2022 оны 4 сарын 14-ны өдөр мэдээг оруулав,,,,
527436,,,Polygon,107.433045,47.984972,ХЕТ-ний төлөвлөлтийн зам,Төлөвлөгдсөн авто зам,2017.04.17,,Тэрэлж тосгоны хэсэгчилсэн ерөнхий төлөвлөгөө,2022 оны 4 сарын 14-ны өдөр мэдээг оруулав,,,,
527437,,,Polygon,107.453072,47.985056,ХЕТ-ний төлөвлөлтийн зам,Төлөвлөгдсөн авто зам,2017.04.17,,Тэрэлж тосгоны хэсэгчилсэн ерөнхий төлөвлөгөө,2022 оны 4 сарын 14-ны өдөр мэдээг оруулав,,,,
527438,,,Polygon,107.454221,47.984961,ХЕТ-ний төлөвлөлтийн зам,Төлөвлөгдсөн авто зам,2017.04.17,,Тэрэлж тосгоны хэсэгчилсэн ерөнхий төлөвлөгөө,2022 оны 4 сарын 14-ны өдөр мэдээг оруулав,,,,
527439,,,Polygon,107.454181,47.985051,ХЕТ-ний төлөвлөлтийн зам,Төлөвлөгдсөн авто зам,2017.04.17,,Тэрэлж тосгоны хэсэгчилсэн ерөнхий төлөвлөгөө,2022 оны 4 сарын 14-ны өдөр мэдээг оруулав,,,,
527440,,,Polygon,107.453575,47.985087,ХЕТ-ний төлөвлөлтийн зам,Төлөвлөгдсөн авто зам,2017.04.17,,Тэрэлж тосгоны хэсэгчилсэн ерөнхий төлөвлөгөө,2022 оны 4 сарын 14-ны өдөр мэдээг оруулав,,,,
527441,,,Polygon,107.453604,47.985139,ХЕТ-ний төлөвлөлтийн зам,Төлөвлөгдсөн авто зам,2017.04.17,,Тэрэлж тосгоны хэсэгчилсэн ерөнхий төлөвлөгөө,2022 оны 4 сарын 14-ны өдөр мэдээг оруулав,,,,
527442,,,Polygon,107.453596,47.985165,ХЕТ-ний төлөвлөлтийн зам,Төлөвлөгдсөн авто зам,2017.04.17,,Тэрэлж тосгоны хэсэгчилсэн ерөнхий төлөвлөгөө,2022 оны 4 сарын 14-ны өдөр мэдээг оруулав,,,,
527443,,,Polygon,107.45359,47.985191,ХЕТ-ний төлөвлөлтийн зам,Төлөвлөгдсөн авто зам,2017.04.17,,Тэрэлж тосгоны хэсэгчилсэн ерөнхий төлөвлөгөө,2022 оны 4 сарын 14-ны өдөр мэдээг оруулав,,,,
527444,,,Polygon,107.453584,47.985218,ХЕТ-ний төлөвлөлтийн зам,Төлөвлөгдсөн авто зам,2017.04.17,,Тэрэлж тосгоны хэсэгчилсэн ерөнхий төлөвлөгөө,2022 оны 4 сарын 14-ны өдөр мэдээг оруулав,,,,
527445,,,Polygon,107.428109,47.985247,ХЕТ-ний төлөвлөлтийн зам,Төлөвлөгдсөн авто зам,2017.04.17,,Тэрэлж тосгоны хэсэгчилсэн ерөнхий төлөвлөгөө,2022 оны 4 сарын 14-ны өдөр мэдээг оруулав,,,,
527446,,,Polygon,107.454122,47.985146,ХЕТ-ний төлөвлөлтийн зам,Төлөвлөгдсөн авто зам,2017.04.17,,Тэрэлж тосгоны хэсэгчилсэн ерөнхий төлөвлөгөө,2022 оны 4 сарын 14-ны өдөр мэдээг оруулав,,,,
527447,,,Polygon,107.453579,47.985244,ХЕТ-ний төлөвлөлтийн зам,Төлөвлөгдсөн авто зам,2017.04.17,,Тэрэлж тосгоны хэсэгчилсэн ерөнхий төлөвлөгөө,2022 оны 4 сарын 14-ны өдөр мэдээг оруулав,,,,
527448,,,Polygon,107.453575,47.98527,ХЕТ-ний төлөвлөлтийн зам,Төлөвлөгдсөн авто зам,2017.04.17,,Тэрэлж тосгоны хэсэгчилсэн ерөнхий төлөвлөгөө,2022 оны 4 сарын 14-ны өдөр мэдээг оруулав,,,,
527449,,,Polygon,107.453571,47.985296,ХЕТ-ний төлөвлөлтийн зам,Төлөвлөгдсөн авто зам,2017.04.17,,Тэрэлж тосгоны хэсэгчилсэн ерөнхий төлөвлөгөө,2022 оны 4 сарын 14-ны өдөр мэдээг оруулав,,,,
527450,,,Polygon,107.453568,47.985323,ХЕТ-ний төлөвлөлтийн зам,Төлөвлөгдсөн авто зам,2017.04.17,,Тэрэлж тосгоны хэсэгчилсэн ерөнхий төлөвлөгөө,2022 оны 4 сарын 14-ны өдөр мэдээг оруулав,,,,
527451,,,Polygon,107.453566,47.985349,ХЕТ-ний төлөвлөлтийн зам,Төлөвлөгдсөн авто зам,2017.04.17,,Тэрэлж тосгоны хэсэгчилсэн ерөнхий төлөвлөгөө,2022 оны 4 сарын 14-ны өдөр мэдээг оруулав,,,,
527452,,,Polygon,107.452058,47.984904,ХЕТ-ний төлөвлөлтийн зам,Төлөвлөгдсөн авто зам,2017.04.17,,Тэрэлж тосгоны хэсэгчилсэн ерөнхий төлөвлөгөө,2022 оны 4 сарын 14-ны өдөр мэдээг оруулав,,,,
527453,,,Polygon,107.453528,47.985404,ХЕТ-ний төлөвлөлтийн зам,Төлөвлөгдсөн авто зам,2017.04.17,,Тэрэлж тосгоны хэсэгчилсэн ерөнхий төлөвлөгөө,2022 оны 4 сарын 14-ны өдөр мэдээг оруулав,,,,
527454,,,Polygon,107.453563,47.985453,ХЕТ-ний төлөвлөлтийн зам,Төлөвлөгдсөн авто зам,2017.04.17,,Тэрэлж тосгоны хэсэгчилсэн ерөнхий төлөвлөгөө,2022 оны 4 сарын 14-ны өдөр мэдээг оруулав,,,,
527455,,,Polygon,107.453564,47.985479,ХЕТ-ний төлөвлөлтийн зам,Төлөвлөгдсөн авто зам,2017.04.17,,Тэрэлж тосгоны хэсэгчилсэн ерөнхий төлөвлөгөө,2022 оны 4 сарын 14-ны өдөр мэдээг оруулав,,,,
527456,,,Polygon,107.453566,47.985503,ХЕТ-ний төлөвлөлтийн зам,Төлөвлөгдсөн авто зам,2017.04.17,,Тэрэлж тосгоны хэсэгчилсэн ерөнхий төлөвлөгөө,2022 оны 4 сарын 14-ны өдөр мэдээг оруулав,,,,
527457,,,Polygon,107.45405,47.985479,ХЕТ-ний төлөвлөлтийн зам,Төлөвлөгдсөн авто зам,2017.04.17,,Тэрэлж тосгоны хэсэгчилсэн ерөнхий төлөвлөгөө,2022 оны 4 сарын 14-ны өдөр мэдээг оруулав,,,,
527458,,,Polygon,107.454091,47.985519,ХЕТ-ний төлөвлөлтийн зам,Төлөвлөгдсөн авто зам,2017.04.17,,Тэрэлж тосгоны хэсэгчилсэн ерөнхий төлөвлөгөө,2022 оны 4 сарын 14-ны өдөр мэдээг оруулав,,,,
527459,,,Polygon,107.454093,47.985537,ХЕТ-ний төлөвлөлтийн зам,Төлөвлөгдсөн авто зам,2017.04.17,,Тэрэлж тосгоны хэсэгчилсэн ерөнхий төлөвлөгөө,2022 оны 4 сарын 14-ны өдөр мэдээг оруулав,,,,
527460,,,Polygon,107.453569,47.985535,ХЕТ-ний төлөвлөлтийн зам,Төлөвлөгдсөн авто зам,2017.04.17,,Тэрэлж тосгоны хэсэгчилсэн ерөнхий төлөвлөгөө,2022 оны 4 сарын 14-ны өдөр мэдээг оруулав,,,,
527461,,,Polygon,107.452495,47.984812,ХЕТ-ний төлөвлөлтийн зам,Төлөвлөгдсөн авто зам,2017.04.17,,Тэрэлж тосгоны хэсэгчилсэн ерөнхий төлөвлөгөө,2022 оны 4 сарын 14-ны өдөр мэдээг оруулав,,,,
527462,,,Polygon,107.454096,47.985554,ХЕТ-ний төлөвлөлтийн зам,Төлөвлөгдсөн авто зам,2017.04.17,,Тэрэлж тосгоны хэсэгчилсэн ерөнхий төлөвлөгөө,2022 оны 4 сарын 14-ны өдөр мэдээг оруулав,,,,
527463,,,Polygon,107.454099,47.985572,ХЕТ-ний төлөвлөлтийн зам,Төлөвлөгдсөн авто зам,2017.04.17,,Тэрэлж тосгоны хэсэгчилсэн ерөнхий төлөвлөгөө,2022 оны 4 сарын 14-ны өдөр мэдээг оруулав,,,,
527464,,,Polygon,107.454102,47.985589,ХЕТ-ний төлөвлөлтийн зам,Төлөвлөгдсөн авто зам,2017.04.17,,Тэрэлж тосгоны хэсэгчилсэн ерөнхий төлөвлөгөө,2022 оны 4 сарын 14-ны өдөр мэдээг оруулав,,,,
527465,,,Polygon,107.454107,47.985607,ХЕТ-ний төлөвлөлтийн зам,Төлөвлөгдсөн авто зам,2017.04.17,,Тэрэлж тосгоны хэсэгчилсэн ерөнхий төлөвлөгөө,2022 оны 4 сарын 14-ны өдөр мэдээг оруулав,,,,
527466,,,Polygon,107.454111,47.985625,ХЕТ-ний төлөвлөлтийн зам,Төлөвлөгдсөн авто зам,2017.04.17,,Тэрэлж тосгоны хэсэгчилсэн ерөнхий төлөвлөгөө,2022 оны 4 сарын 14-ны өдөр мэдээг оруулав,,,,
527467,,,Polygon,107.42795,47.985677,ХЕТ-ний төлөвлөлтийн зам,Төлөвлөгдсөн авто зам,2017.04.17,,Тэрэлж тосгоны хэсэгчилсэн ерөнхий төлөвлөгөө,2022 оны 4 сарын 14-ны өдөр мэдээг оруулав,,,,
527468,,,Polygon,107.454116,47.985643,ХЕТ-ний төлөвлөлтийн зам,Төлөвлөгдсөн авто зам,2017.04.17,,Тэрэлж тосгоны хэсэгчилсэн ерөнхий төлөвлөгөө,2022 оны 4 сарын 14-ны өдөр мэдээг оруулав,,,,
527469,,,Polygon,107.454121,47.985661,ХЕТ-ний төлөвлөлтийн зам,Төлөвлөгдсөн авто зам,2017.04.17,,Тэрэлж тосгоны хэсэгчилсэн ерөнхий төлөвлөгөө,2022 оны 4 сарын 14-ны өдөр мэдээг оруулав,,,,
527470,,,Polygon,107.432811,47.985686,ХЕТ-ний төлөвлөлтийн зам,Төлөвлөгдсөн авто зам,2017.04.17,,Тэрэлж тосгоны хэсэгчилсэн ерөнхий төлөвлөгөө,2022 оны 4 сарын 14-ны өдөр мэдээг оруулав,,,,
527471,,,Polygon,107.454129,47.985683,ХЕТ-ний төлөвлөлтийн зам,Төлөвлөгдсөн авто зам,2017.04.17,,Тэрэлж тосгоны хэсэгчилсэн ерөнхий төлөвлөгөө,2022 оны 4 сарын 14-ны өдөр мэдээг оруулав,,,,
527472,,,Polygon,107.452837,47.984715,ХЕТ-ний төлөвлөлтийн зам,Төлөвлөгдсөн авто зам,2017.04.17,,Тэрэлж тосгоны хэсэгчилсэн ерөнхий төлөвлөгөө,2022 оны 4 сарын 14-ны өдөр мэдээг оруулав,,,,
527473,,,Polygon,107.447136,47.984341,ХЕТ-ний төлөвлөлтийн зам,Төлөвлөгдсөн авто зам,2017.04.17,,Тэрэлж тосгоны хэсэгчилсэн ерөнхий төлөвлөгөө,2022 оны 4 сарын 14-ны өдөр мэдээг оруулав,,,,
527474,,,Polygon,107.43269,47.986062,ХЕТ-ний төлөвлөлтийн зам,Төлөвлөгдсөн авто зам,2017.04.17,,Тэрэлж тосгоны хэсэгчилсэн ерөнхий төлөвлөгөө,2022 оны 4 сарын 14-ны өдөр мэдээг оруулав,,,,
527475,,,Polygon,107.437962,47.985191,ХЕТ-ний төлөвлөлтийн зам,Төлөвлөгдсөн авто зам,2017.04.17,,Тэрэлж тосгоны хэсэгчилсэн ерөнхий төлөвлөгөө,2022 оны 4 сарын 14-ны өдөр мэдээг оруулав,,,,
527476,,,Polygon,107.445684,47.985945,ХЕТ-ний төлөвлөлтийн зам,Төлөвлөгдсөн авто зам,2017.04.17,,Тэрэлж тосгоны хэсэгчилсэн ерөнхий төлөвлөгөө,2022 оны 4 сарын 14-ны өдөр мэдээг оруулав,,,,
527477,,,Polygon,107.432587,47.986376,ХЕТ-ний төлөвлөлтийн зам,Төлөвлөгдсөн авто зам,2017.04.17,,Тэрэлж тосгоны хэсэгчилсэн ерөнхий төлөвлөгөө,2022 оны 4 сарын 14-ны өдөр мэдээг оруулав,,,,
527478,,,Polygon,107.438444,47.986932,ХЕТ-ний төлөвлөлтийн зам,Төлөвлөгдсөн авто зам,2017.04.17,,Тэрэлж тосгоны хэсэгчилсэн ерөнхий төлөвлөгөө,2022 оны 4 сарын 14-ны өдөр мэдээг оруулав,,,,
527479,,,Polygon,107.463368,47.983629,ХЕТ-ний төлөвлөлтийн зам,Төлөвлөгдсөн авто зам,2017.04.17,,Тэрэлж тосгоны хэсэгчилсэн ерөнхий төлөвлөгөө,2022 оны 4 сарын 14-ны өдөр мэдээг оруулав,,,,
527480,,,Polygon,107.460778,47.987422,ХЕТ-ний төлөвлөлтийн зам,Төлөвлөгдсөн авто зам,2017.04.17,,Тэрэлж тосгоны хэсэгчилсэн ерөнхий төлөвлөгөө,2022 оны 4 сарын 14-ны өдөр мэдээг оруулав,,,,
527481,,,Polygon,107.464166,47.986979,ХЕТ-ний төлөвлөлтийн зам,Төлөвлөгдсөн авто зам,2017.04.17,,Тэрэлж тосгоны хэсэгчилсэн ерөнхий төлөвлөгөө,2022 оны 4 сарын 14-ны өдөр мэдээг оруулав,,,,
527482,,,Polygon,107.438346,47.987509,ХЕТ-ний төлөвлөлтийн зам,Төлөвлөгдсөн авто зам,2017.04.17,,Тэрэлж тосгоны хэсэгчилсэн ерөнхий төлөвлөгөө,2022 оны 4 сарын 14-ны өдөр мэдээг оруулав,,,,
527483,,,Polygon,107.453507,47.987649,ХЕТ-ний төлөвлөлтийн зам,Төлөвлөгдсөн авто зам,2017.04.17,,Тэрэлж тосгоны хэсэгчилсэн ерөнхий төлөвлөгөө,2022 оны 4 сарын 14-ны өдөр мэдээг оруулав,,,,
527484,,,Polygon,107.430538,47.985573,ХЕТ-ний төлөвлөлтийн зам,Төлөвлөгдсөн авто зам,2017.04.17,,Тэрэлж тосгоны хэсэгчилсэн ерөнхий төлөвлөгөө,2022 оны 4 сарын 14-ны өдөр мэдээг оруулав,,,,
527485,,,Polygon,107.462696,47.987764,ХЕТ-ний төлөвлөлтийн зам,Төлөвлөгдсөн авто зам,2017.04.17,,Тэрэлж тосгоны хэсэгчилсэн ерөнхий төлөвлөгөө,2022 оны 4 сарын 14-ны өдөр мэдээг оруулав,,,,
527486,,,Polygon,107.443508,47.98822,ХЕТ-ний төлөвлөлтийн зам,Төлөвлөгдсөн авто зам,2017.04.17,,Тэрэлж тосгоны хэсэгчилсэн ерөнхий төлөвлөгөө,2022 оны 4 сарын 14-ны өдөр мэдээг оруулав,,,,
527487,,,Polygon,107.446387,47.985541,ХЕТ-ний төлөвлөлтийн зам,Төлөвлөгдсөн авто зам,2017.04.17,,Тэрэлж тосгоны хэсэгчилсэн ерөнхий төлөвлөгөө,2022 оны 4 сарын 14-ны өдөр мэдээг оруулав,,,,
527488,,,Polygon,107.446821,47.988956,ХЕТ-ний төлөвлөлтийн зам,Төлөвлөгдсөн авто зам,2017.04.17,,Тэрэлж тосгоны хэсэгчилсэн ерөнхий төлөвлөгөө,2022 оны 4 сарын 14-ны өдөр мэдээг оруулав,,,,
527489,,,Polygon,107.458428,47.989767,ХЕТ-ний төлөвлөлтийн зам,Төлөвлөгдсөн авто зам,2017.04.17,,Тэрэлж тосгоны хэсэгчилсэн ерөнхий төлөвлөгөө,2022 оны 4 сарын 14-ны өдөр мэдээг оруулав,,,,
527490,,,Polygon,107.454703,47.989747,ХЕТ-ний төлөвлөлтийн зам,Төлөвлөгдсөн авто зам,2017.04.17,,Тэрэлж тосгоны хэсэгчилсэн ерөнхий төлөвлөгөө,2022 оны 4 сарын 14-ны өдөр мэдээг оруулав,,,,
527491,,,Polygon,107.450476,47.989754,ХЕТ-ний төлөвлөлтийн зам,Төлөвлөгдсөн авто зам,2017.04.17,,Тэрэлж тосгоны хэсэгчилсэн ерөнхий төлөвлөгөө,2022 оны 4 сарын 14-ны өдөр мэдээг оруулав,,,,
527492,,,Polygon,107.459021,47.989616,ХЕТ-ний төлөвлөлтийн зам,Төлөвлөгдсөн авто зам,2017.04.17,,Тэрэлж тосгоны хэсэгчилсэн ерөнхий төлөвлөгөө,2022 оны 4 сарын 14-ны өдөр мэдээг оруулав,,,,
527493,,,Polygon,107.450463,47.98993,ХЕТ-ний төлөвлөлтийн зам,Төлөвлөгдсөн авто зам,2017.04.17,,Тэрэлж тосгоны хэсэгчилсэн ерөнхий төлөвлөгөө,2022 оны 4 сарын 14-ны өдөр мэдээг оруулав,,,,
527494,,,Polygon,107.448436,47.986617,ХЕТ-ний төлөвлөлтийн зам,Төлөвлөгдсөн авто зам,2017.04.17,,Тэрэлж тосгоны хэсэгчилсэн ерөнхий төлөвлөгөө,2022 оны 4 сарын 14-ны өдөр мэдээг оруулав,,,,
527495,,,Polygon,107.457623,47.990934,ХЕТ-ний төлөвлөлтийн зам,Төлөвлөгдсөн авто зам,2017.04.17,,Тэрэлж тосгоны хэсэгчилсэн ерөнхий төлөвлөгөө,2022 оны 4 сарын 14-ны өдөр мэдээг оруулав,,,,
527496,,,Polygon,107.453839,47.991343,ХЕТ-ний төлөвлөлтийн зам,Төлөвлөгдсөн авто зам,2017.04.17,,Тэрэлж тосгоны хэсэгчилсэн ерөнхий төлөвлөгөө,2022 оны 4 сарын 14-ны өдөр мэдээг оруулав,,,,
527497,,,Polygon,107.455364,47.992735,ХЕТ-ний төлөвлөлтийн зам,Төлөвлөгдсөн авто зам,2017.04.17,,Тэрэлж тосгоны хэсэгчилсэн ерөнхий төлөвлөгөө,2022 оны 4 сарын 14-ны өдөр мэдээг оруулав,,,,
1422789,,,Polygon,106.760811,47.915192,ХЕТ-ний төлөвлөлтийн зам,Төлөвлөгдсөн авто зам,2023.03.30,Авто замын зурвас газрын өргөнийг норм стандартад нийцүүлэн тооцох. Барилгажилт хүртэлх шугамыг нормын дагуу тооцож зураг төсөлд тусгах.,23-р нэгж хороолол ХЕТ,,,,,
1433155,,,Polygon,107.199931,47.795301,ХЕТ-ний төлөвлөлтийн зам,,"НИТХТ 2018,10,09-ны 159 дүгээр тогтоол",Авто замын зурвас газрын өргөнийг норм стандартад нийцүүлэн тооцох. Барилгажилт хүртэлх шугамыг нормын дагуу тооцож зураг төсөлд тусгах.,Хонхор хаяа хотын хэсэгчилсэн ерөнхий төлөвлөгөө,,Налайх,3-р хороо,"Хонхор нуур /13085/, Өвөр шанд /12810/, Бадрал /12800/, Цайзын хэсэг /12780/, Нарлаг /12820/, Харгана /13091/, Нам даваа /13088/, Хонхор /13090/, Хөлийн гол-1 /13089/, Майхан уул /13087/",Уурхайчдын 2-р гудамж
