{"type":"FeatureCollection","features":[{"type": "Feature", "id": "layer_data_map.fid--27e80436_1a098b908f8_-5b3a", "geometry": {"type": "MultiPolygon", "coordinates": [[[[107.4285, 47.43263889], [107.48858333, 47.43622222], [107.55383333, 47.33088889], [107.41786111, 47.30219444], [107.40313889, 47.321], [107.347, 47.39752778], [107.35686111, 47.42422222], [107.40166667, 47.44011111], [107.4285, 47.43263889]]], [[[108.27086401, 47.98830698], [108.2712875, 47.98790612], [108.27159829, 47.98758336], [108.27183012, 47.9873426], [108.27204919, 47.98714069], [108.27210256, 47.98710148], [108.27215272, 47.98706145], [108.27220144, 47.98701874], [108.27224929, 47.98697286], [108.27229654, 47.98692354], [108.27234861, 47.98686443], [108.27240138, 47.98679953], [108.27245605, 47.98672741], [108.27251714, 47.9866421], [108.27260582, 47.98651047], [108.27270988, 47.98634427], [108.27273567, 47.986297], [108.27275488, 47.98624583], [108.27276977, 47.98618285], [108.27279034, 47.98605934], [108.27280114, 47.98595177], [108.27280964, 47.9858261], [108.27281119, 47.9857527], [108.27280905, 47.98567016], [108.27279928, 47.98547492], [108.27279842, 47.98537813], [108.27280428, 47.98528559], [108.27281794, 47.98520041], [108.27283534, 47.98511997], [108.27285333, 47.98505168], [108.27287342, 47.98498983], [108.27289605, 47.98493323], [108.27292389, 47.98487519], [108.27295905, 47.98481102], [108.27301334, 47.98472086], [108.27306556, 47.98463908], [108.2732748, 47.9843388], [108.27347614, 47.98406142], [108.27351691, 47.9840112], [108.27356299, 47.98396047], [108.27361502, 47.98390757], [108.27366677, 47.98385946], [108.27374313, 47.98379594], [108.27382291, 47.98373661], [108.27390381, 47.98368321], [108.27398597, 47.98363559], [108.27406019, 47.98359814], [108.2741438, 47.98356163], [108.27425192, 47.98351977], [108.27438025, 47.98347405], [108.27446875, 47.98344577], [108.27454881, 47.98342351], [108.27463125, 47.98340463], [108.27472733, 47.98338634], [108.2750419, 47.98333477], [108.27520479, 47.9833098], [108.27537811, 47.98328509], [108.27565836, 47.98324925], [108.27586144, 47.98321395], [108.27593736, 47.98319807], [108.27600456, 47.98318188], [108.27605299, 47.98316763], [108.27619341, 47.98312196], [108.2762365, 47.98311074], [108.2762873, 47.98310041], [108.27635289, 47.98308984], [108.27642565, 47.98308088], [108.27650643, 47.9830733], [108.27661472, 47.98306528], [108.27671854, 47.98306016], [108.27680313, 47.98306049], [108.27690762, 47.98306793], [108.27694789, 47.98307297], [108.27698358, 47.98307927], [108.2770177, 47.98308766], [108.27705681, 47.98310016], [108.2772947, 47.98318425], [108.27742323, 47.98323176], [108.27748782, 47.98324828], [108.27756145, 47.98326116], [108.2776, 47.98326542], [108.27763685, 47.98326762], [108.27767335, 47.9832678], [108.27771274, 47.98326606], [108.27776141, 47.98326176], [108.27783238, 47.98325305], [108.27787177, 47.98324638], [108.27790439, 47.98323854], [108.27793781, 47.9832267], [108.27797325, 47.98320891], [108.27800519, 47.98318789], [108.27803204, 47.98316483], [108.27805617, 47.98313712], [108.27807184, 47.9831116], [108.27807877, 47.9830894], [108.27807867, 47.98306505], [108.2780713, 47.98303626], [108.27805724, 47.98300603], [108.27803804, 47.98297954], [108.27800965, 47.98294945], [108.27798197, 47.98292637], [108.27794419, 47.98290061], [108.27790059, 47.9828736], [108.27784191, 47.98284247], [108.27782777, 47.98283022], [108.27781407, 47.98281339], [108.27780609, 47.98279934], [108.2778015, 47.98278579], [108.27779965, 47.98277046], [108.27780073, 47.98275421], [108.27780968, 47.98272682], [108.27781855, 47.98271437], [108.27783146, 47.9827009], [108.27789717, 47.98264523], [108.2779414, 47.98261367], [108.27800327, 47.98257763], [108.27808075, 47.98253975], [108.27824829, 47.98246672], [108.2784368, 47.982382], [108.27879973, 47.98223213], [108.27894539, 47.9821649], [108.27897936, 47.98215206], [108.27901143, 47.98214222], [108.27904787, 47.98213376], [108.27908834, 47.98212653], [108.27916641, 47.98211719], [108.27925057, 47.98211214], [108.27933316, 47.98211262], [108.27943626, 47.9821179], [108.27950969, 47.98212513], [108.2797664, 47.98215583], [108.2799355, 47.98217805], [108.28005796, 47.98219806], [108.28027136, 47.9822421], [108.28035289, 47.98225411], [108.28043407, 47.98226378], [108.28053178, 47.98227146], [108.28062694, 47.98227367], [108.28072357, 47.98227118], [108.28084404, 47.98226297], [108.28090124, 47.98225531], [108.28095083, 47.98224431], [108.28100411, 47.98222795], [108.28109186, 47.9821965], [108.28114793, 47.98217391], [108.28120944, 47.98214588], [108.28143622, 47.98203413], [108.28152306, 47.98198957], [108.28156957, 47.98196835], [108.28160896, 47.98195389], [108.28166174, 47.98193896], [108.28171357, 47.98192742], [108.28176383, 47.98191932], [108.2818059, 47.98191546], [108.28185439, 47.98191374], [108.28201972, 47.98191578], [108.28218765, 47.98192603], [108.28234566, 47.9819406], [108.28241904, 47.98194294], [108.28274651, 47.98193886], [108.28287048, 47.9819322], [108.2829721, 47.98192386], [108.28303386, 47.98191663], [108.28309043, 47.98190799], [108.28313978, 47.98189838], [108.28319194, 47.98188583], [108.28326113, 47.98186635], [108.28341645, 47.98181891], [108.28358843, 47.9817629], [108.28369932, 47.98173404], [108.28375523, 47.98172148], [108.28380291, 47.98171271], [108.28384575, 47.98170705], [108.2838907, 47.98170363], [108.28399275, 47.9817023], [108.28406702, 47.98170676], [108.28412793, 47.98171398], [108.28444254, 47.98175769], [108.28449541, 47.98176357], [108.28454245, 47.98176697], [108.28463617, 47.98176955], [108.28477646, 47.98176862], [108.28482996, 47.98176487], [108.28488755, 47.98175593], [108.2849541, 47.98174081], [108.28502261, 47.98172121], [108.28507662, 47.98170066], [108.28513237, 47.98167434], [108.28520575, 47.98163315], [108.28540305, 47.98151172], [108.28555151, 47.9814148], [108.28559303, 47.98139133], [108.28563319, 47.98137203], [108.28571974, 47.9813367], [108.28580433, 47.98130872], [108.28587821, 47.98129025], [108.28596283, 47.98127634], [108.28615241, 47.98125407], [108.28626322, 47.9812434], [108.28681872, 47.98120366], [108.28723509, 47.98117903], [108.28792772, 47.98114386], [108.28846935, 47.98111198], [108.28864685, 47.98110541], [108.28880535, 47.98110352], [108.28891047, 47.98110514], [108.28915458, 47.98111394], [108.28932934, 47.98111422], [108.28951853, 47.98110949], [108.28973037, 47.9810982], [108.28987433, 47.98108619], [108.28993328, 47.98107876], [108.28999403, 47.98106907], [108.29006087, 47.98105634], [108.29013049, 47.98104102], [108.29028116, 47.9810019], [108.2903898, 47.98096899], [108.29049867, 47.98093024], [108.2906128, 47.98088388], [108.29073538, 47.98082857], [108.29090183, 47.98074689], [108.29112415, 47.98063185], [108.29124367, 47.98056456], [108.2913421, 47.98050227], [108.2913992, 47.98046151], [108.29145216, 47.98041935], [108.29150704, 47.98037103], [108.29156551, 47.98031496], [108.29169742, 47.98017859], [108.29173458, 47.98013781], [108.29178424, 47.9800782], [108.29190213, 47.97992881], [108.29196956, 47.97985212], [108.29201113, 47.97981083], [108.29206137, 47.97976556], [108.29211574, 47.97972042], [108.29217599, 47.97967387], [108.29225114, 47.97961946], [108.29233922, 47.97955912], [108.29259461, 47.97939112], [108.29286829, 47.97920666], [108.29302401, 47.97910539], [108.29322897, 47.9789792], [108.29341109, 47.97887131], [108.29365239, 47.97873215], [108.29377241, 47.9786577], [108.29384205, 47.97861001], [108.29391698, 47.97855534], [108.294177, 47.97835386], [108.29428426, 47.97827438], [108.29440047, 47.97819615], [108.29445627, 47.9781622], [108.29451191, 47.97813083], [108.29468413, 47.97804206], [108.29489123, 47.97794196], [108.29493711, 47.97792171], [108.29496527, 47.97791139], [108.29499511, 47.97790254], [108.2951356, 47.9778708], [108.29524569, 47.9778392], [108.2954004, 47.97778973], [108.29555467, 47.97773366], [108.29570698, 47.97767305], [108.2960151, 47.97754431], [108.29626894, 47.97744067], [108.29690373, 47.97717424], [108.29705306, 47.97711405], [108.29739053, 47.97698161], [108.29753806, 47.97692876], [108.29772964, 47.97686907], [108.29783513, 47.97684235], [108.2979025, 47.97682871], [108.29796683, 47.9768177], [108.29804322, 47.9768076], [108.29811999, 47.9768014], [108.2982072, 47.97679759], [108.29839712, 47.97679226], [108.29846672, 47.97679265], [108.298545, 47.97679611], [108.29861763, 47.9768017], [108.29868441, 47.97680945], [108.29874088, 47.97681851], [108.29878911, 47.97682949], [108.29894704, 47.97687751], [108.29900269, 47.97689231], [108.29917768, 47.97692637], [108.2993517, 47.97696442], [108.2994344, 47.97697875], [108.29979627, 47.97702962], [108.29999302, 47.97705863], [108.30008248, 47.97707335], [108.30019518, 47.97709455], [108.30026999, 47.97711112], [108.30034155, 47.97713093], [108.30041643, 47.97715575], [108.30050602, 47.97719024], [108.30059332, 47.97722855], [108.30065784, 47.9772629], [108.30072165, 47.9773033], [108.30077815, 47.9773444], [108.30083728, 47.97739235], [108.30089803, 47.9774458], [108.30106917, 47.97760249], [108.30112504, 47.97764966], [108.30117744, 47.97769018], [108.30143977, 47.9778791], [108.30160475, 47.97799262], [108.30176237, 47.97809274], [108.30183775, 47.97813697], [108.30191075, 47.9781773], [108.30200199, 47.9782238], [108.3021003, 47.97826978], [108.30220672, 47.97831573], [108.30232332, 47.97836253], [108.30254201, 47.97844352], [108.30294578, 47.97858401], [108.30310164, 47.97863975], [108.30325726, 47.97869876], [108.30339499, 47.97875836], [108.30343064, 47.97877105], [108.30346406, 47.97878048], [108.30352909, 47.97879263], [108.30364889, 47.97880781], [108.30373708, 47.97881451], [108.3038332, 47.97881759], [108.30398399, 47.97881624], [108.30431323, 47.97880484], [108.3046144, 47.97880217], [108.30475212, 47.97879739], [108.3048202, 47.97879252], [108.3048852, 47.97878577], [108.30495742, 47.97877611], [108.30503965, 47.97876309], [108.30538986, 47.97870061], [108.30548212, 47.9786813], [108.30556617, 47.97866062], [108.30567297, 47.9786305], [108.30577925, 47.97859644], [108.30588443, 47.97855862], [108.30598683, 47.97851763], [108.30607207, 47.9784794], [108.30616153, 47.97843513], [108.30625739, 47.97838382], [108.30637071, 47.97831954], [108.30643947, 47.97827854], [108.30650868, 47.97823427], [108.30657971, 47.97818586], [108.30665393, 47.97813237], [108.30677785, 47.97803778], [108.3071453, 47.97774728], [108.30725954, 47.97765413], [108.30738227, 47.97754949], [108.30787234, 47.97711196], [108.30798736, 47.97701219], [108.30809274, 47.976924], [108.30820573, 47.97683368], [108.30831515, 47.97675092], [108.30840037, 47.9766902], [108.3085595, 47.97658582], [108.30860058, 47.97655531], [108.30863573, 47.9765255], [108.30867509, 47.97648764], [108.30871738, 47.97644237], [108.30880499, 47.9763413], [108.30884999, 47.97628628], [108.30894607, 47.97615693], [108.30916619, 47.97584058], [108.30920744, 47.97578969], [108.30925921, 47.97573561], [108.3093204, 47.97567842], [108.3095358, 47.97548598], [108.30964895, 47.97538913], [108.30976513, 47.97529361], [108.30989206, 47.97519348], [108.31002213, 47.97509511], [108.31015518, 47.97499863], [108.31029106, 47.97490414], [108.31049955, 47.97476657], [108.31089013, 47.97452115], [108.31103856, 47.97443391], [108.31110606, 47.9743974], [108.31117126, 47.97436443], [108.31123633, 47.97433399], [108.3113005, 47.97430649], [108.3114048, 47.9742656], [108.31146349, 47.97424509], [108.31149506, 47.97423589], [108.31152672, 47.97422864], [108.31163994, 47.97420942], [108.31168195, 47.97420078], [108.31175502, 47.97418081], [108.31181835, 47.97416027], [108.31186247, 47.97414328], [108.31190375, 47.9741245], [108.31201857, 47.97406255], [108.31207791, 47.97402699], [108.31215457, 47.973978], [108.31222363, 47.97392861], [108.31226657, 47.97389366], [108.31231184, 47.97385367], [108.31248615, 47.97368617], [108.31256548, 47.97361594], [108.31261156, 47.97357978], [108.31265713, 47.97354777], [108.31270207, 47.97351989], [108.31275206, 47.97349267], [108.31284774, 47.97344554], [108.31297738, 47.97338643], [108.31309095, 47.97333836], [108.31320288, 47.97329463], [108.31330959, 47.97325646], [108.31341516, 47.9732222], [108.31350903, 47.97319474], [108.31364734, 47.97315786], [108.31369176, 47.97315003], [108.31374401, 47.97314526], [108.31392098, 47.97313505], [108.31407036, 47.97313102], [108.31428435, 47.97313189], [108.31478588, 47.97314315], [108.31491419, 47.97314342], [108.31503004, 47.9731413], [108.31525354, 47.97313114], [108.31532367, 47.97312661], [108.31540366, 47.97311716], [108.31548791, 47.97310266], [108.31553008, 47.97309291], [108.31556731, 47.97308208], [108.31568593, 47.97303937], [108.3157595, 47.97300927], [108.3158343, 47.97297336], [108.3159027, 47.97293623], [108.31597637, 47.97289233], [108.31621742, 47.972736], [108.31631075, 47.97267854], [108.31640819, 47.97262499], [108.31650074, 47.97258194], [108.31656583, 47.97255664], [108.31666741, 47.97252255], [108.31673046, 47.97250282], [108.31678305, 47.97248894], [108.31685173, 47.97247559], [108.3169143, 47.97246641], [108.31696292, 47.97246279], [108.31700664, 47.97246368], [108.31706786, 47.97247119], [108.31715102, 47.97248775], [108.31720356, 47.9725025], [108.31731794, 47.97254119], [108.31738076, 47.97255826], [108.31750811, 47.97258746], [108.31763907, 47.97261146], [108.31772811, 47.9726219], [108.31783803, 47.97262881], [108.3180053, 47.97263554], [108.31817663, 47.97263559], [108.31825273, 47.97263916], [108.31831515, 47.97264721], [108.31838143, 47.97265894], [108.31842673, 47.97267031], [108.31846547, 47.97268411], [108.31851754, 47.97270931], [108.31857687, 47.97274508], [108.31867254, 47.97281652], [108.31873974, 47.97286992], [108.31880588, 47.97292599], [108.318877, 47.97298955], [108.31912199, 47.97322], [108.31922263, 47.97331122], [108.31932042, 47.97339356], [108.3194235, 47.97347563], [108.31946273, 47.97350424], [108.31951202, 47.97353411], [108.31956941, 47.97356362], [108.31963369, 47.97359216], [108.31970675, 47.97362059], [108.3197732, 47.97364333], [108.31983472, 47.973661], [108.31989106, 47.9736737], [108.319953, 47.9736838], [108.32000135, 47.97368937], [108.32005045, 47.97369311], [108.32009987, 47.97369497], [108.32014795, 47.97369489], [108.32019736, 47.9736928], [108.32024826, 47.97368869], [108.3203019, 47.97368237], [108.32034873, 47.97367499], [108.32041266, 47.97366117], [108.32048046, 47.97364231], [108.32055366, 47.97361807], [108.32064124, 47.97358549], [108.32069323, 47.9735651], [108.32072708, 47.9735496], [108.32084357, 47.97348572], [108.320885, 47.97346501], [108.3209266, 47.97344814], [108.32096694, 47.97343636], [108.32101617, 47.97342638], [108.32107338, 47.97341828], [108.32114748, 47.97341102], [108.32123659, 47.9734046], [108.32129803, 47.9734022], [108.32135355, 47.97340219], [108.32140413, 47.97340451], [108.32145364, 47.97340938], [108.32151014, 47.97341762], [108.32156511, 47.97342841], [108.32161932, 47.97344209], [108.32166084, 47.97345559], [108.32169545, 47.97347034], [108.3217322, 47.97348919], [108.32187812, 47.97357542], [108.32194751, 47.97360756], [108.32201434, 47.97363442], [108.32209307, 47.97366352], [108.32242807, 47.97377936], [108.3226205, 47.97384119], [108.32279621, 47.97389229], [108.32296881, 47.9739365], [108.32315744, 47.97397894], [108.32337839, 47.97402292], [108.32364091, 47.9740699], [108.32384591, 47.97410271], [108.32402586, 47.97412683], [108.32414229, 47.97413905], [108.32427683, 47.97415027], [108.32498271, 47.97419872], [108.32519022, 47.97421798], [108.32531397, 47.97423333], [108.32539386, 47.97424754], [108.32548006, 47.97426786], [108.32556584, 47.97429183], [108.32579444, 47.97436054], [108.32586415, 47.97437898], [108.32592768, 47.97439338], [108.3261056, 47.97442728], [108.32625219, 47.9744513], [108.32638569, 47.9744684], [108.32650959, 47.97447894], [108.32662858, 47.97448365], [108.32675839, 47.97448409], [108.32691104, 47.97448029], [108.32701095, 47.97447266], [108.32708285, 47.97446176], [108.32716549, 47.97444446], [108.32739023, 47.97439021], [108.3275518, 47.97434645], [108.3276192, 47.97433189], [108.32766805, 47.97432486], [108.32772698, 47.97432033], [108.32779282, 47.97431844], [108.3278741, 47.9743189], [108.3279588, 47.97432263], [108.32806457, 47.97433141], [108.32819783, 47.9743452], [108.32831782, 47.974361], [108.32843287, 47.97438179], [108.32866098, 47.97443314], [108.32875846, 47.97445253], [108.3289628, 47.9744848], [108.32916406, 47.97451026], [108.32935574, 47.97452836], [108.32954323, 47.97453995], [108.32972779, 47.97454511], [108.32990997, 47.9745438], [108.33006153, 47.97453761], [108.33021014, 47.97452679], [108.33035657, 47.9745113], [108.33050019, 47.97449123], [108.33064173, 47.97446647], [108.3307807, 47.9744371], [108.33091727, 47.97440309], [108.33105155, 47.9743644], [108.33114668, 47.97433369], [108.33123915, 47.97430105], [108.33135827, 47.9742558], [108.33145867, 47.97421443], [108.3315256, 47.97418383], [108.33158869, 47.97415151], [108.33166485, 47.97410816], [108.33172141, 47.97407281], [108.3317864, 47.9740258], [108.33183355, 47.973983], [108.33185299, 47.97396025], [108.3318733, 47.97393245], [108.33193607, 47.97382917], [108.3319892, 47.97375909], [108.33204205, 47.97370236], [108.33209143, 47.97365331], [108.33214093, 47.97360878], [108.33219255, 47.97356723], [108.33225736, 47.9735236], [108.33232966, 47.97348391], [108.33241419, 47.97344377], [108.33259956, 47.97336121], [108.33269481, 47.97331286], [108.332914, 47.97319135], [108.33303532, 47.97311919], [108.33309398, 47.97308132], [108.33314479, 47.97304615], [108.33318998, 47.97301252], [108.3332351, 47.97297604], [108.33328404, 47.9729333], [108.33333022, 47.97289], [108.33341962, 47.97279714], [108.33348456, 47.97272272], [108.33353988, 47.97265572], [108.33359805, 47.97258043], [108.33361767, 47.97254928], [108.33363574, 47.97250747], [108.33364805, 47.97245599], [108.33364894, 47.97242178], [108.33364075, 47.97239155], [108.333622, 47.97236116], [108.33358859, 47.97232443], [108.33355581, 47.97229499], [108.33352002, 47.97227055], [108.33346453, 47.97224313], [108.33332859, 47.97219016], [108.3332831, 47.97217037], [108.33317603, 47.97211635], [108.33313943, 47.97209402], [108.33310865, 47.97206867], [108.33307708, 47.97203334], [108.33305995, 47.97200481], [108.3330537, 47.97198109], [108.33305383, 47.9719619], [108.33305901, 47.97193714], [108.33307672, 47.97188703], [108.33309086, 47.97185483], [108.33312143, 47.97180337], [108.33317643, 47.97172691], [108.33321058, 47.97167292], [108.33324772, 47.97160751], [108.33326259, 47.97156855], [108.3332665, 47.97153499], [108.33326141, 47.97148667], [108.33325196, 47.97143867], [108.33322282, 47.9713175], [108.33321543, 47.97126198], [108.33321745, 47.97123396], [108.33322412, 47.97120916], [108.33323688, 47.97117997], [108.33325661, 47.97114637], [108.33328503, 47.97110607], [108.33331426, 47.97107103], [108.333346, 47.97103918], [108.33338392, 47.97100629], [108.33343604, 47.97096624], [108.33351065, 47.97091361], [108.333571, 47.9708751], [108.33363004, 47.97084136], [108.33373549, 47.97078679], [108.33384491, 47.97073323], [108.33394543, 47.97068685], [108.33407237, 47.97063109], [108.33429067, 47.97054112], [108.33437793, 47.97050736], [108.3345436, 47.97044702], [108.3346604, 47.97039876], [108.33472665, 47.9703647], [108.3347934, 47.97032476], [108.33485537, 47.97028323], [108.33491137, 47.97024005], [108.33494198, 47.97021299], [108.33496929, 47.97018495], [108.33499402, 47.97015454], [108.33501733, 47.97012073], [108.33505604, 47.97005378], [108.33511991, 47.96993159], [108.33520676, 47.96978853], [108.33533259, 47.96956968], [108.33541958, 47.96943296], [108.33549341, 47.96933212], [108.33553755, 47.96927885], [108.33559218, 47.96921868], [108.3356563, 47.969152], [108.33571696, 47.96909316], [108.33583075, 47.96898946], [108.33590019, 47.96892933], [108.33596534, 47.96887718], [108.33601534, 47.96884515], [108.33605188, 47.96882745], [108.33608974, 47.96881354], [108.33614091, 47.96879867], [108.33619329, 47.9687872], [108.3362398, 47.96878016], [108.33628243, 47.96877667], [108.33632931, 47.96877612], [108.33637801, 47.96877846], [108.33645849, 47.96878609], [108.33652881, 47.96879741], [108.33662628, 47.96881998], [108.33681156, 47.96886876], [108.33689579, 47.96888864], [108.33700151, 47.9689087], [108.33712615, 47.96892473], [108.33723171, 47.9689355], [108.33736604, 47.96894683], [108.33764224, 47.96896412], [108.33789568, 47.96897487], [108.33801209, 47.96897807], [108.33816305, 47.96898011], [108.33826364, 47.96898424], [108.33833284, 47.96899096], [108.33840276, 47.96900013], [108.33847138, 47.96901139], [108.33852351, 47.9690228], [108.33857802, 47.96903965], [108.33862374, 47.96906032], [108.33866855, 47.96908806], [108.3387187, 47.96912729], [108.33878537, 47.96918544], [108.33885911, 47.96925733], [108.33890421, 47.96931102], [108.33896974, 47.96940006], [108.33900906, 47.96944995], [108.33904221, 47.96948727], [108.33907306, 47.96951706], [108.33912074, 47.96955553], [108.33919666, 47.96960744], [108.33927328, 47.96965357], [108.33935659, 47.96969826], [108.33946477, 47.96974875], [108.33957808, 47.96979383], [108.33969763, 47.96983445], [108.33982004, 47.96986895], [108.33995391, 47.96989937], [108.34009097, 47.96992415], [108.34023414, 47.96994432], [108.34037773, 47.96995858], [108.34047329, 47.96996481], [108.34056943, 47.96996851], [108.34066504, 47.96996965], [108.34076057, 47.9699682], [108.34085011, 47.96996416], [108.34094087, 47.96995758], [108.3410397, 47.96994808], [108.34114941, 47.9699354], [108.34124682, 47.9699219], [108.341343, 47.96990608], [108.3415729, 47.96986182], [108.34173915, 47.96982704], [108.34197743, 47.96977024], [108.34214238, 47.96973655], [108.3422686, 47.96971505], [108.34234296, 47.9697039], [108.34241261, 47.96969591], [108.34248583, 47.96969092], [108.34255655, 47.96968882], [108.34262625, 47.96968909], [108.34268932, 47.96969149], [108.34275111, 47.96969653], [108.34284272, 47.9697102], [108.34298336, 47.96973754], [108.34311349, 47.96975867], [108.34325419, 47.96977734], [108.34339463, 47.96979175], [108.34350205, 47.96979835], [108.3436154, 47.96980174], [108.34370561, 47.96980019], [108.34378868, 47.96979407], [108.34388309, 47.96978198], [108.34400185, 47.96976136], [108.34411173, 47.9697374], [108.34421121, 47.96971108], [108.3443238, 47.96967587], [108.3444609, 47.96962709], [108.34458233, 47.96957992], [108.34470061, 47.96952939], [108.34477158, 47.9694959], [108.34484886, 47.96945674], [108.34492583, 47.96941501], [108.34500556, 47.96936939], [108.34515246, 47.96927959], [108.34544608, 47.96909025], [108.34554652, 47.96902014], [108.34561298, 47.96896947], [108.34568491, 47.96891084], [108.34583238, 47.96878428], [108.34593509, 47.96870121], [108.34601964, 47.96863982], [108.34610911, 47.96858388], [108.34615481, 47.96855913], [108.34620061, 47.96853667], [108.34631672, 47.96848796], [108.34639761, 47.96845724], [108.34654015, 47.96840595], [108.34675496, 47.96833111], [108.34684101, 47.96829738], [108.34692157, 47.96826197], [108.34705387, 47.96819757], [108.3471807, 47.96813009], [108.34731901, 47.96805145], [108.3474473, 47.96797248], [108.34753731, 47.96791312], [108.34762413, 47.96785236], [108.34770492, 47.9677924], [108.34777574, 47.96773553], [108.34783117, 47.96768578], [108.34789143, 47.96762689], [108.34805634, 47.96745182], [108.34816402, 47.96734551], [108.34823719, 47.96728157], [108.34830099, 47.96722936], [108.34835724, 47.96718722], [108.34841108, 47.96715253], [108.34846484, 47.96712244], [108.34852529, 47.9670924], [108.34858327, 47.96706628], [108.34868903, 47.96702188], [108.34889285, 47.966941], [108.34898138, 47.96690768], [108.34913079, 47.96685427], [108.34923414, 47.96681327], [108.34927969, 47.96679194], [108.34932189, 47.96676918], [108.349367, 47.96674175], [108.34940972, 47.96671294], [108.34946864, 47.96666905], [108.34953864, 47.96661221], [108.3496274, 47.96653799], [108.34970617, 47.96646936], [108.34982874, 47.96635581], [108.34987062, 47.96631187], [108.34990636, 47.96626987], [108.3499425, 47.96622151], [108.34997709, 47.96616887], [108.35000779, 47.96611659], [108.3500527, 47.96603304], [108.35011554, 47.96590657], [108.35013524, 47.96586163], [108.35016828, 47.96577647], [108.35019761, 47.9657169], [108.35021905, 47.96568513], [108.35026334, 47.96562768], [108.35028834, 47.96560178], [108.35031602, 47.9655809], [108.35033353, 47.96557156], [108.35035115, 47.96556446], [108.35040571, 47.96555135], [108.35065517, 47.96551435], [108.35072411, 47.96550161], [108.35079314, 47.96548688], [108.35084838, 47.9654737], [108.35089424, 47.9654608], [108.35093448, 47.96544711], [108.35097126, 47.96543166], [108.35101565, 47.96540863], [108.3510658, 47.96537782], [108.35116451, 47.96531003], [108.35134606, 47.96518944], [108.35146321, 47.96510783], [108.35158766, 47.96501816], [108.3518093, 47.96485067], [108.35187712, 47.96480505], [108.35193911, 47.96477002], [108.35207757, 47.96470815], [108.35223538, 47.96464407], [108.35256683, 47.96451638], [108.35304927, 47.96433758], [108.3532305, 47.96426642], [108.35338655, 47.96420104], [108.35348307, 47.96415789], [108.35357707, 47.96411336], [108.35379513, 47.96400425], [108.35399052, 47.9638997], [108.35406232, 47.96385753], [108.35412586, 47.96381715], [108.3541771, 47.96378172], [108.35422579, 47.96374513], [108.35427598, 47.96370445], [108.35432432, 47.96366243], [108.3544332, 47.96355831], [108.35453624, 47.9634499], [108.35460922, 47.96336883], [108.35467104, 47.9632918], [108.35474426, 47.96319012], [108.35484931, 47.96303363], [108.35492021, 47.96293308], [108.35501817, 47.96280758], [108.35511013, 47.96269624], [108.35520819, 47.96258517], [108.35529107, 47.96250125], [108.35541185, 47.96238848], [108.35546418, 47.96234433], [108.35551297, 47.96230681], [108.3555541, 47.96227821], [108.35559671, 47.96225179], [108.35564413, 47.96222562], [108.3556953, 47.96220007], [108.35579329, 47.96215559], [108.35596271, 47.96208272], [108.3561144, 47.96201514], [108.35624251, 47.96195615], [108.35637267, 47.96189376], [108.3564508, 47.96185273], [108.35652809, 47.9618098], [108.35670987, 47.96170266], [108.35685012, 47.96161227], [108.35697979, 47.96152038], [108.35714372, 47.96139573], [108.35744633, 47.96115818], [108.35756961, 47.96106702], [108.35771204, 47.96096808], [108.35796688, 47.96079642], [108.35821629, 47.9606338], [108.35845376, 47.96048475], [108.35869512, 47.96033963], [108.35891343, 47.960215], [108.35901631, 47.96016007], [108.35913608, 47.9600986], [108.35941242, 47.95996398], [108.35990386, 47.95973204], [108.36009448, 47.95963741], [108.36025443, 47.95955348], [108.36045348, 47.95944062], [108.36065285, 47.95932126], [108.36088251, 47.95917847], [108.36113942, 47.95901353], [108.36128549, 47.95891514], [108.36140159, 47.95882996], [108.36152591, 47.95873045], [108.36164673, 47.95862567], [108.36176528, 47.9585158], [108.36189463, 47.95838942], [108.36224037, 47.95803474], [108.36245466, 47.95782318], [108.36253585, 47.95774738], [108.36261643, 47.95767528], [108.36271354, 47.95759288], [108.36280359, 47.95752157], [108.36287163, 47.95745549], [108.36291388, 47.95742203], [108.36293515, 47.95741066], [108.3629591, 47.95740223], [108.36299182, 47.95739555], [108.36302453, 47.95739181], [108.36305056, 47.95739109], [108.36307617, 47.95739277], [108.36310413, 47.95739707], [108.36314336, 47.95740563], [108.36318044, 47.95741651], [108.36321805, 47.95743299], [108.36326119, 47.95745879], [108.36332452, 47.95750368], [108.3633693, 47.95753162], [108.36341269, 47.95755316], [108.36348839, 47.95758506], [108.3635299, 47.95759776], [108.36356603, 47.95760356], [108.36360439, 47.95760534], [108.36367274, 47.95760312], [108.36378085, 47.9575942], [108.36386906, 47.95758141], [108.36396037, 47.9575618], [108.3640421, 47.95753732], [108.36416606, 47.95749083], [108.36430411, 47.95743168], [108.36440828, 47.95737953], [108.36445834, 47.95735096], [108.3645016, 47.95732385], [108.36456815, 47.95727611], [108.36463335, 47.95722209], [108.36470042, 47.95716041], [108.36476344, 47.95709599], [108.36480563, 47.95704553], [108.36485015, 47.95698583], [108.36495355, 47.95683151], [108.36501615, 47.95674411], [108.36509853, 47.9566416], [108.36518485, 47.9565397], [108.36529998, 47.9564101], [108.36543717, 47.95626192], [108.36580617, 47.95587778], [108.36601813, 47.95565144], [108.36614079, 47.95551371], [108.36628141, 47.95533957], [108.36637686, 47.95523129], [108.36643816, 47.95517102], [108.36650342, 47.95511087], [108.36657081, 47.9550523], [108.36662113, 47.95501308], [108.36666686, 47.95498217], [108.36671359, 47.95495552], [108.36676626, 47.95493021], [108.36682632, 47.95490525], [108.36690782, 47.95487703], [108.36699195, 47.95485415], [108.36707804, 47.95483651], [108.36716543, 47.95482464], [108.36725438, 47.95481903], [108.36734298, 47.95481917], [108.36741657, 47.95482383], [108.36752228, 47.95483684], [108.36765077, 47.95485597], [108.36777445, 47.95487858], [108.36790317, 47.95490691], [108.36803826, 47.9549411], [108.36820844, 47.95498936], [108.36847504, 47.9550712], [108.36859546, 47.95511064], [108.36870769, 47.95515183], [108.36877749, 47.95517278], [108.36883533, 47.95518373], [108.3688958, 47.95519118], [108.36895799, 47.95519566], [108.36901848, 47.95519634], [108.36906249, 47.95519109], [108.36914058, 47.95517085], [108.36925387, 47.95513596], [108.36935292, 47.95510173], [108.36943391, 47.95507053], [108.36952624, 47.95503235], [108.36975939, 47.95492988], [108.36989466, 47.95487274], [108.37000823, 47.95482896], [108.37011983, 47.95479154], [108.37028222, 47.9547467], [108.3703823, 47.95472259], [108.37042366, 47.95471408], [108.37047106, 47.95470747], [108.37051747, 47.95470409], [108.37057355, 47.95470263], [108.37062786, 47.95470422], [108.37066836, 47.9547077], [108.37070322, 47.95471269], [108.37078759, 47.95473299], [108.37090295, 47.95476988], [108.37100891, 47.95481036], [108.37112806, 47.95486444], [108.37128872, 47.95494701], [108.37142906, 47.95502359], [108.37156834, 47.95510561], [108.37161208, 47.95512939], [108.37164007, 47.95514155], [108.37166784, 47.95515128], [108.37171451, 47.9551654], [108.37176899, 47.95517954], [108.37186555, 47.95520177], [108.3719468, 47.9552168], [108.3720427, 47.95523043], [108.37214657, 47.95524125], [108.37223712, 47.95524811], [108.37238295, 47.95525613], [108.37265238, 47.9552664], [108.37284034, 47.95527736], [108.37294691, 47.9552793], [108.37299102, 47.95528324], [108.37302782, 47.95529137], [108.37306356, 47.95530441], [108.37309664, 47.95532025], [108.37312189, 47.95533555], [108.37314768, 47.95535596], [108.37318209, 47.95538946], [108.37321158, 47.95542186], [108.37325064, 47.95547193], [108.37327419, 47.95550548], [108.37330532, 47.9555635], [108.37332834, 47.9556255], [108.37334951, 47.9557075], [108.3733817, 47.95586175], [108.37340014, 47.95592294], [108.37342333, 47.95597873], [108.37345772, 47.95604225], [108.37350248, 47.95610997], [108.37352502, 47.95613461], [108.37354978, 47.95615778], [108.37357449, 47.95617758], [108.37360022, 47.95619419], [108.37363616, 47.95621164], [108.37367517, 47.95622591], [108.37371371, 47.95623618], [108.37375342, 47.95624224], [108.37382187, 47.95624439], [108.37389137, 47.95624374], [108.37398437, 47.95624025], [108.37403419, 47.95623493], [108.37408213, 47.95622637], [108.37414136, 47.95621271], [108.37419465, 47.9561986], [108.37425116, 47.95618141], [108.37437839, 47.9561357], [108.37453147, 47.95607444], [108.37461603, 47.95604732], [108.3746797, 47.95603274], [108.37474768, 47.95602084], [108.37481269, 47.95601308], [108.37488568, 47.95600771], [108.37494012, 47.95600648], [108.3749746, 47.95600827], [108.37500581, 47.95601267], [108.37505139, 47.95602328], [108.37510326, 47.95603838], [108.37514814, 47.95605372], [108.37522026, 47.95608237], [108.37529687, 47.95611548], [108.37541287, 47.95616868], [108.37550203, 47.95621359], [108.37560483, 47.95627014], [108.37571376, 47.95633496], [108.37588985, 47.95644737], [108.37617311, 47.95663511], [108.37638485, 47.95676474], [108.37646424, 47.95682092], [108.37652283, 47.95686895], [108.37654311, 47.95689364], [108.3765559, 47.95692242], [108.37656864, 47.95696396], [108.37658023, 47.95701692], [108.37658968, 47.957079], [108.37660146, 47.95718924], [108.37660745, 47.95727427], [108.37660818, 47.95734144], [108.37661374, 47.95738055], [108.37662454, 47.9574064], [108.37664228, 47.95743145], [108.37666716, 47.95745788], [108.37669682, 47.95748229], [108.3767335, 47.95750516], [108.37677676, 47.95752285], [108.37682947, 47.95753665], [108.37691585, 47.95755292], [108.37698652, 47.95756345], [108.37709644, 47.95757347], [108.37724707, 47.9575815], [108.37735991, 47.9575843], [108.37742644, 47.95758966], [108.37747427, 47.95759854], [108.37752152, 47.95761111], [108.37756772, 47.95762673], [108.37760995, 47.95764509], [108.37764596, 47.95766569], [108.37767817, 47.95769005], [108.37771187, 47.95772225], [108.37773972, 47.95775437], [108.37776531, 47.95779488], [108.37783054, 47.95792127], [108.37788983, 47.95802306], [108.37794214, 47.95809845], [108.37796792, 47.95812978], [108.37799278, 47.95815455], [108.37802553, 47.95818111], [108.37806421, 47.95820758], [108.37810466, 47.95823101], [108.37814772, 47.95825196], [108.37818445, 47.95826642], [108.3782231, 47.9582787], [108.37827826, 47.95829334], [108.37834088, 47.95830718], [108.37844317, 47.95832599], [108.37853504, 47.95833799], [108.37864264, 47.95834747], [108.37880256, 47.95835666], [108.37892855, 47.9583605], [108.37902605, 47.95835985], [108.37913275, 47.95835489], [108.3792351, 47.95834544], [108.37928881, 47.95833605], [108.37933808, 47.95832276], [108.37939968, 47.95830076], [108.37945937, 47.95827617], [108.37953804, 47.95823709], [108.37962988, 47.95818519], [108.37975589, 47.95811684], [108.37981928, 47.95808469], [108.37986787, 47.95806328], [108.37991491, 47.95804625], [108.37996763, 47.95803054], [108.38002577, 47.95801594], [108.38010676, 47.95799819], [108.38021869, 47.95797569], [108.38031316, 47.9579587], [108.38039193, 47.95794704], [108.38047278, 47.95793824], [108.38062831, 47.95792812], [108.38074591, 47.95792303], [108.38085911, 47.95792152], [108.38102957, 47.95792276], [108.38115265, 47.95791936], [108.38121214, 47.95791481], [108.38127549, 47.9579071], [108.3813441, 47.95789652], [108.3814134, 47.95788356], [108.38146241, 47.95787158], [108.38150826, 47.95785705], [108.38155565, 47.95783841], [108.3816015, 47.95781713], [108.38165906, 47.95778649], [108.38171792, 47.95775164], [108.38177406, 47.95771618], [108.381827, 47.95767945], [108.38188118, 47.95763686], [108.38192938, 47.95759157], [108.38206909, 47.9574308], [108.38213265, 47.95736265], [108.38216671, 47.95732899], [108.38221397, 47.95728846], [108.38226918, 47.95724537], [108.38231683, 47.95721235], [108.38236508, 47.95718365], [108.38241495, 47.95715928], [108.38247432, 47.95713528], [108.38254069, 47.95711117], [108.3826229, 47.95708418], [108.38272809, 47.95705216], [108.38284112, 47.95702061], [108.38301731, 47.95698092], [108.38310436, 47.95695882], [108.38318831, 47.95693073], [108.38327336, 47.95689569], [108.38337644, 47.95684753], [108.38347517, 47.95679903], [108.38356869, 47.95675101], [108.38363742, 47.95671245], [108.38367679, 47.95668766], [108.38371657, 47.95665945], [108.3838147, 47.95658218], [108.38387398, 47.9565386], [108.38393229, 47.95650064], [108.38401591, 47.9564503], [108.3840645, 47.95642492], [108.38411407, 47.95640317], [108.3841697, 47.95638272], [108.38422782, 47.95636484], [108.3843093, 47.95634451], [108.38439398, 47.9563281], [108.38448546, 47.95631478], [108.38457849, 47.95630524], [108.38466369, 47.95629972], [108.38474839, 47.95629813], [108.38482478, 47.95630119], [108.38490164, 47.95630888], [108.38497051, 47.9563191], [108.38504235, 47.95633257], [108.38509319, 47.95634373], [108.38514487, 47.95635787], [108.38524128, 47.95639202], [108.38536362, 47.95644271], [108.38544071, 47.95647218], [108.38550661, 47.95649373], [108.3856273, 47.95652939], [108.38569188, 47.95654514], [108.38575487, 47.95655711], [108.38582669, 47.95656789], [108.38589359, 47.95657434], [108.38595603, 47.95657627], [108.38601823, 47.95657492], [108.38607774, 47.95657048], [108.38613416, 47.95656263], [108.38618315, 47.9565519], [108.38622975, 47.95653761], [108.38627738, 47.95651902], [108.3863226, 47.95649735], [108.38635464, 47.9564791], [108.38638003, 47.95646192], [108.38644663, 47.95640342], [108.38651591, 47.95633266], [108.38663279, 47.95620326], [108.38667554, 47.95614923], [108.3867113, 47.95609709], [108.38673896, 47.9560464], [108.38677921, 47.95596356], [108.38681638, 47.9559014], [108.38686646, 47.95583614], [108.38692754, 47.95576861], [108.38696479, 47.9557345], [108.38700855, 47.9557013], [108.38704907, 47.95567405], [108.38714538, 47.95561386], [108.38721276, 47.95556799], [108.38732376, 47.95548857], [108.38744388, 47.95539834], [108.38749579, 47.9553561], [108.3875408, 47.95531408], [108.3875593, 47.95529298], [108.38757572, 47.95526744], [108.38758921, 47.95523724], [108.38759832, 47.95520834], [108.38760262, 47.95518181], [108.38760192, 47.95515552], [108.38759541, 47.95513115], [108.38758369, 47.95510753], [108.38756663, 47.95508309], [108.38754492, 47.95505929], [108.38752007, 47.95504], [108.3874857, 47.95502132], [108.38738456, 47.95497937], [108.38730937, 47.95494529], [108.3872286, 47.95490605], [108.38714851, 47.95486378], [108.38710798, 47.95483772], [108.3870721, 47.95480912], [108.38703589, 47.95477511], [108.38700345, 47.95473885], [108.38698363, 47.95471118], [108.38696825, 47.95468302], [108.38695574, 47.95465128], [108.38694625, 47.95461733], [108.38693794, 47.95457537], [108.38693252, 47.95453151], [108.38693184, 47.95449524], [108.38693549, 47.95445936], [108.38694228, 47.95442681], [108.3869522, 47.95439514], [108.38696528, 47.95436454], [108.38698188, 47.95433441], [108.38700354, 47.95430226], [108.38702815, 47.95427137], [108.38705264, 47.95424523], [108.38708125, 47.95422006], [108.38717581, 47.95415071], [108.38728033, 47.9540798], [108.38740425, 47.95400126], [108.38763054, 47.95386411], [108.38769174, 47.95382414], [108.38776561, 47.95377123], [108.38781528, 47.95373832], [108.38788687, 47.95369893], [108.38793556, 47.95367571], [108.38796613, 47.95366334], [108.38799309, 47.95365465], [108.38802093, 47.95364819], [108.3880495, 47.95364405], [108.38808702, 47.95364107], [108.3881692, 47.95363927], [108.38833127, 47.95364198], [108.38848492, 47.95364916], [108.38870485, 47.95366397], [108.38887473, 47.95366851], [108.38897324, 47.95366839], [108.38906485, 47.95366521], [108.38915591, 47.9536598], [108.3892439, 47.95365144], [108.38929057, 47.9536444], [108.38933114, 47.95363592], [108.38936863, 47.95362547], [108.389407, 47.95361206], [108.38944413, 47.95359667], [108.38948527, 47.95357718], [108.38954339, 47.95354689], [108.38960467, 47.95351253], [108.38968399, 47.95346576], [108.38973828, 47.95343126], [108.38979808, 47.95338991], [108.38985505, 47.95334686], [108.38990597, 47.95330474], [108.38994786, 47.95326617], [108.38999113, 47.9532218], [108.39003418, 47.95317294], [108.39007859, 47.95311793], [108.39014, 47.95303588], [108.39021839, 47.95292209], [108.39027196, 47.95283004], [108.39035279, 47.95267706], [108.39043617, 47.95253059], [108.39050833, 47.95241271], [108.3905868, 47.95229573], [108.39067081, 47.95218887], [108.39072105, 47.9521304], [108.39076392, 47.95208407], [108.39080446, 47.95204363], [108.39084727, 47.95200443], [108.39089164, 47.95196755], [108.39094041, 47.95193033], [108.39104927, 47.95185447], [108.39116122, 47.95178062], [108.39131941, 47.9516796], [108.39144886, 47.95160149], [108.3915531, 47.95154265], [108.39165943, 47.95148689], [108.39176204, 47.95143748], [108.39186866, 47.95139079], [108.39202428, 47.95132924], [108.39218698, 47.95127059], [108.3923526, 47.95121535], [108.39251985, 47.95116478], [108.39262042, 47.95113716], [108.3927208, 47.95111212], [108.39282082, 47.95109267], [108.39301376, 47.95106043], [108.39309072, 47.95104327], [108.39315855, 47.95102326], [108.39324735, 47.95098951], [108.39335225, 47.9509422], [108.39345913, 47.95088941], [108.39360356, 47.9508134], [108.3936474, 47.95078639], [108.39368465, 47.95075836], [108.39371622, 47.95072777], [108.3937439, 47.95069387], [108.39380495, 47.95060067], [108.39393652, 47.95037937], [108.3939936, 47.95028947], [108.39406855, 47.95017982], [108.39409866, 47.95014257], [108.39412514, 47.95011388], [108.3941577, 47.950084], [108.39419453, 47.95005509], [108.3942367, 47.95002596], [108.39428997, 47.94999268], [108.39435786, 47.94995291], [108.39443983, 47.94990776], [108.39451879, 47.94986608], [108.39459084, 47.94983068], [108.39469482, 47.94978481], [108.39480353, 47.94974576], [108.394935, 47.94970629], [108.39516833, 47.9496418], [108.39525978, 47.94961309], [108.39535662, 47.94957979], [108.39561193, 47.94948397], [108.39597603, 47.94933723], [108.39621321, 47.94924593], [108.39634345, 47.94919965], [108.39648255, 47.94915263], [108.39664729, 47.94909958], [108.39671628, 47.94908013], [108.39676145, 47.94906977], [108.39680872, 47.9490611], [108.39691487, 47.94904702], [108.39705088, 47.9490364], [108.39716109, 47.94903233], [108.39723385, 47.94903451], [108.39732229, 47.94904295], [108.39740949, 47.94905389], [108.39750689, 47.94906955], [108.39755887, 47.94907614], [108.39760958, 47.94907868], [108.39766837, 47.94907811], [108.39771812, 47.94907196], [108.39776367, 47.94905911], [108.39781918, 47.94903562], [108.39787271, 47.94900799], [108.39791223, 47.94898503], [108.39794408, 47.9489635], [108.39797003, 47.94894217], [108.3979905, 47.94892055], [108.39800914, 47.94889441], [108.39802401, 47.94886625], [108.39803618, 47.94883434], [108.39804483, 47.94880114], [108.39805005, 47.94877018], [108.39805106, 47.94874441], [108.39804926, 47.94869338], [108.39804324, 47.9486367], [108.39802265, 47.94851411], [108.39799548, 47.94843419], [108.39798451, 47.94839376], [108.39797932, 47.94834936], [108.39797839, 47.94830598], [108.39798059, 47.94827421], [108.39798568, 47.94824269], [108.39799356, 47.94821172], [108.39800445, 47.94818033], [108.39801664, 47.94815223], [108.39803119, 47.94812588], [108.39804726, 47.94810294], [108.39806642, 47.94808158], [108.39810031, 47.9480523], [108.39814105, 47.94802395], [108.39820595, 47.94798534], [108.39826497, 47.94795307], [108.39832286, 47.94792469], [108.39838244, 47.94789887], [108.3984432, 47.94787545], [108.39850252, 47.94785606], [108.39854075, 47.94784634], [108.39858486, 47.94783726], [108.39867409, 47.94782445], [108.39879036, 47.94781436], [108.39900567, 47.94780091], [108.39909027, 47.94779196], [108.39916749, 47.94777969], [108.39926835, 47.94775761], [108.39937919, 47.94772797], [108.39946758, 47.9476966], [108.39950571, 47.94768047], [108.39953649, 47.94766471], [108.39957289, 47.9476395], [108.39960287, 47.94761036], [108.39963035, 47.9475746], [108.39965311, 47.94753517], [108.39966257, 47.94751045], [108.39966806, 47.94748517], [108.39968075, 47.94736791], [108.39971458, 47.94722063], [108.39972604, 47.94715185], [108.39973698, 47.94712886], [108.39975341, 47.94710981], [108.39977917, 47.94708873], [108.39981003, 47.94707074], [108.39983028, 47.94706233], [108.39985222, 47.94705544], [108.39990353, 47.94704608], [108.39994209, 47.94704367], [108.39999748, 47.94704761], [108.40005714, 47.94705649], [108.40023786, 47.94709079], [108.40033166, 47.94711245], [108.40042368, 47.94713749], [108.40051072, 47.94716486], [108.4005947, 47.94719485], [108.40067705, 47.94722789], [108.40075777, 47.94726397], [108.40083685, 47.9473031], [108.4009143, 47.94734527], [108.40099012, 47.94739049], [108.40105556, 47.94744444], [108.40116146, 47.94680176], [108.40120115, 47.94643712], [108.40124645, 47.94615783], [108.40131885, 47.94604879], [108.40145897, 47.94600187], [108.40168129, 47.94599528], [108.40195476, 47.94604062], [108.40239195, 47.94615594], [108.40285668, 47.94620629], [108.40355542, 47.94618556], [108.4038868, 47.94614366], [108.40443209, 47.94596713], [108.4048828, 47.94580409], [108.40513618, 47.94578588], [108.40534473, 47.94581176], [108.40552292, 47.94585992], [108.40586693, 47.94601006], [108.40617427, 47.94608645], [108.40665419, 47.94612565], [108.40700145, 47.94608327], [108.40728308, 47.94601077], [108.40760604, 47.94584082], [108.40787222, 47.94553359], [108.40812393, 47.94524817], [108.40830465, 47.94509314], [108.40847512, 47.94502394], [108.40882378, 47.94500289], [108.40979315, 47.94498477], [108.41014321, 47.94498505], [108.41043608, 47.94508325], [108.41071869, 47.94526727], [108.41101366, 47.94539747], [108.4112409, 47.94546554], [108.41199148, 47.94550736], [108.41265985, 47.94550886], [108.41329294, 47.94545795], [108.41371607, 47.94535984], [108.4140785, 47.94530629], [108.41439609, 47.94529684], [108.41457148, 47.94530231], [108.41473379, 47.94535093], [108.41496315, 47.945451], [108.4151911, 47.94552974], [108.41539754, 47.94552359], [108.41560116, 47.94547477], [108.41588207, 47.94539157], [108.4168416, 47.94522403], [108.41712321, 47.9451515], [108.4172411, 47.94500902], [108.41724782, 47.94486984], [108.4171861, 47.94465788], [108.41712931, 47.9445206], [108.41711945, 47.94437123], [108.4172698, 47.94423847], [108.41747272, 47.94417898], [108.41771161, 47.94418255], [108.41817634, 47.94423284], [108.41848017, 47.94425586], [108.41870178, 47.94423857], [108.41893645, 47.94417812], [108.41910267, 47.94404489], [108.4193543, 47.94375944], [108.41947679, 47.94344578], [108.41954562, 47.94328338], [108.4196229, 47.943249], [108.41973546, 47.94326703], [108.41997999, 47.94335595], [108.4204567, 47.94358761], [108.42070264, 47.94369787], [108.42102304, 47.94373107], [108.42122948, 47.94372491], [108.42162152, 47.94363839], [108.42200652, 47.94344518], [108.42233152, 47.9433072], [108.4224882, 47.94327045], [108.42268087, 47.94329678], [108.42297515, 47.94341628], [108.42341165, 47.94352084], [108.4236202, 47.94354669], [108.42611394, 47.94348293], [108.42678369, 47.94350568], [108.42718561, 47.94356851], [108.42777138, 47.94376481], [108.42848527, 47.94421384], [108.42882862, 47.94435324], [108.42895848, 47.94439212], [108.42930924, 47.94440301], [108.42957637, 47.94435226], [108.42973092, 47.9442835], [108.42995286, 47.94403099], [108.4300954, 47.94378086], [108.43015397, 47.94370428], [108.43024783, 47.94368009], [108.43035969, 47.94368744], [108.43070093, 47.94379482], [108.43090877, 47.94380999], [108.43112825, 47.94376066], [108.43125034, 47.94368218], [108.43129759, 47.94343489], [108.43122312, 47.94327142], [108.43094455, 47.94290916], [108.43080056, 47.94265691], [108.430825, 47.94238536], [108.43104375, 47.94216501], [108.43132978, 47.94199967], [108.43178801, 47.94187193], [108.43218084, 47.94171765], [108.43266916, 47.94140371], [108.43298012, 47.94129463], [108.43323512, 47.94130125], [108.43354189, 47.94144886], [108.43378138, 47.94154147], [108.4344051, 47.94163239], [108.43491382, 47.9416687], [108.43550896, 47.94161995], [108.43596424, 47.94154446], [108.43616398, 47.94154879], [108.43639981, 47.9416345], [108.43667446, 47.94184277], [108.43705971, 47.94209926], [108.4373289, 47.94222521], [108.4375307, 47.9422604], [108.43788494, 47.94228071], [108.43830043, 47.94229919], [108.4387326, 47.94233778], [108.43924543, 47.9424358], [108.43953637, 47.94242708], [108.43971602, 47.94235984], [108.43992083, 47.94220937], [108.44001572, 47.94202096], [108.44004867, 47.9418241], [108.44016297, 47.94169697], [108.44054742, 47.94147925], [108.44082742, 47.94130591], [108.44098286, 47.94110537], [108.4410005, 47.94090897], [108.44088033, 47.9407167], [108.44080814, 47.94055392], [108.44078189, 47.94038977], [108.44080568, 47.94028596], [108.44089208, 47.9402009], [108.44203555, 47.93963052], [108.44230295, 47.93949879], [108.44246933, 47.93946287], [108.44306717, 47.93945523], [108.44335809, 47.9394465], [108.44355441, 47.93939937], [108.44385175, 47.93925643], [108.4445335, 47.93889576], [108.4450132, 47.93872672], [108.44525613, 47.93868849], [108.44550248, 47.93870171], [108.44579888, 47.93877528], [108.44612932, 47.93889937], [108.44671159, 47.93911899], [108.44699336, 47.9392033], [108.44734758, 47.93922358], [108.44818903, 47.93918799], [108.44878686, 47.93918032], [108.44920507, 47.93923991], [108.44970532, 47.9393795], [108.44989591, 47.93947686], [108.45008239, 47.93951249], [108.45028213, 47.93951679], [108.45092178, 47.93944601], [108.45166588, 47.93933084], [108.45204524, 47.93926788], [108.45231193, 47.93912583], [108.45248401, 47.9389454], [108.45254479, 47.93870646], [108.45252718, 47.93821215], [108.45251141, 47.93797552], [108.45253175, 47.93782027], [108.45260213, 47.93772537], [108.45280825, 47.93759545], [108.45306374, 47.9375156], [108.45341452, 47.93748442], [108.45376873, 47.93750469], [108.45431147, 47.93759143], [108.45457313, 47.93760417], [108.45483273, 47.93758605], [108.45498309, 47.93754028], [108.45512865, 47.93742249], [108.45516017, 47.93720506], [108.4551332, 47.93703061], [108.45521751, 47.93691467], [108.45533657, 47.93685954], [108.4555356, 47.93685354], [108.4557847, 47.9369079], [108.45597392, 47.93698467], [108.45625294, 47.93702781], [108.45657378, 47.93700783], [108.4568215, 47.9370416], [108.45704134, 47.93711745], [108.45729799, 47.93728497], [108.45768399, 47.93755168], [108.4579539, 47.93768787], [108.45818837, 47.93775297], [108.45837279, 47.93775772], [108.45864426, 47.93768768], [108.45905922, 47.93746898], [108.46010093, 47.93675716], [108.46126372, 47.93602106], [108.46166679, 47.93585426], [108.46230225, 47.93572168], [108.46286667, 47.93567372], [108.46367743, 47.93563893], [108.46408736, 47.93557501], [108.46444999, 47.93549189], [108.46467345, 47.93539236], [108.46496864, 47.9352185], [108.46541366, 47.93476176], [108.46560322, 47.93438491], [108.46562282, 47.93421937], [108.46556795, 47.93408701], [108.46545596, 47.93401823], [108.4652528, 47.93396251], [108.4650051, 47.93392876], [108.46473864, 47.93384402], [108.46458004, 47.93376634], [108.46445137, 47.93367744], [108.46442849, 47.93356473], [108.46440423, 47.93343145], [108.4644469, 47.93315181], [108.46457367, 47.93298304], [108.46473519, 47.93287507], [108.46494402, 47.93278629], [108.46517504, 47.93279993], [108.46534826, 47.93286686], [108.46562504, 47.93310592], [108.4659185, 47.93336509], [108.46611185, 47.93350357], [108.46625584, 47.933592], [108.46644093, 47.93360703], [108.46674368, 47.93354633], [108.46759291, 47.93317015], [108.46780242, 47.93309166], [108.467966, 47.93301455], [108.46805372, 47.93295004], [108.46809276, 47.93284577], [108.4680685, 47.93271248], [108.46796425, 47.93253007], [108.46793654, 47.93234534], [108.46796096, 47.93225182], [108.46816565, 47.93210131], [108.46842177, 47.93203171], [108.46877388, 47.93202106], [108.46904737, 47.93198186], [108.46927081, 47.93188232], [108.46947549, 47.9317318], [108.469621, 47.931614], [108.46984719, 47.93155561], [108.4706147, 47.93156332], [108.47094239, 47.93164619], [108.4713869, 47.93186985], [108.47159626, 47.93201815], [108.47173748, 47.93206542], [108.47195181, 47.93205893], [108.47216338, 47.93201129], [108.47239301, 47.93200434], [108.47259479, 47.93203947], [108.47283615, 47.93220742], [108.47297945, 47.93228555], [108.47322715, 47.93231929], [108.4734561, 47.93230205], [108.47360505, 47.93223568], [108.47374986, 47.93210759], [108.47397756, 47.93184296], [108.47412444, 47.93174573], [108.474368, 47.93171773], [108.47466025, 47.9317295], [108.47504712, 47.93177964], [108.47573947, 47.93181021], [108.47621335, 47.93178554], [108.47651401, 47.93169395], [108.47678128, 47.93156214], [108.47710288, 47.93132559], [108.47732077, 47.93114373], [108.47738696, 47.93098709], [108.47732182, 47.9304736], [108.47736014, 47.93035904], [108.47744785, 47.93029453], [108.47773526, 47.93023427], [108.47845406, 47.93020216], [108.47898087, 47.93005217], [108.47953277, 47.92981894], [108.48030556, 47.92933333], [108.48163754, 47.92857106], [108.48145052, 47.92787419], [108.48148413, 47.92718217], [108.4807823, 47.926474], [108.47985265, 47.92590928], [108.47936428, 47.92535424], [108.47904463, 47.92435756], [108.47850054, 47.92192094], [108.47774692, 47.92076627], [108.47748404, 47.92011721], [108.47751529, 47.91947462], [108.47762249, 47.91878421], [108.47804327, 47.9182677], [108.47883159, 47.91795101], [108.48028709, 47.91753763], [108.48131598, 47.91724012], [108.48204073, 47.91681067], [108.48264273, 47.9163507], [108.48330227, 47.91555797], [108.48345603, 47.91494899], [108.48353786, 47.91411576], [108.48356349, 47.91358747], [108.48322094, 47.9129676], [108.48249809, 47.9125064], [108.48067075, 47.91177045], [108.47932353, 47.91137902], [108.47842719, 47.91108099], [108.47790984, 47.9106521], [108.47748331, 47.91005821], [108.47750089, 47.90969675], [108.47732791, 47.90899709], [108.47726548, 47.90857821], [108.47744442, 47.9083038], [108.47792365, 47.90781331], [108.47927129, 47.9073419], [108.47991051, 47.90696626], [108.4796067, 47.90640291], [108.47898828, 47.90549863], [108.47858827, 47.9052115], [108.47801746, 47.90503195], [108.47694907, 47.90486929], [108.47582987, 47.90490035], [108.47457579, 47.9051511], [108.473582, 47.90515706], [108.47313661, 47.90495242], [108.472618, 47.90455132], [108.47222752, 47.90406953], [108.47220649, 47.90365156], [108.47230815, 47.90326411], [108.47256573, 47.90307495], [108.47341169, 47.9027039], [108.47466436, 47.90248096], [108.47742182, 47.90195709], [108.47788748, 47.90174465], [108.47836258, 47.90133757], [108.4784242, 47.90092141], [108.47828448, 47.90038949], [108.47741672, 47.89950756], [108.476122, 47.89889457], [108.47383501, 47.89825973], [108.4712878, 47.89786961], [108.47044394, 47.89735], [108.46964143, 47.89683129], [108.46924967, 47.8963773], [108.46884505, 47.89533851], [108.46867022, 47.8938316], [108.46824393, 47.89323767], [108.46784408, 47.8929505], [108.46707215, 47.89265513], [108.46646288, 47.892419], [108.46605626, 47.89227085], [108.46570998, 47.89173435], [108.46576761, 47.89140161], [108.46615262, 47.89029674], [108.46724651, 47.88823331], [108.4678822, 47.8870783], [108.46795337, 47.88646751], [108.46789511, 47.88596521], [108.46734895, 47.88528513], [108.46646535, 47.88473677], [108.46536966, 47.88429506], [108.46472731, 47.88389119], [108.4642049, 47.88357347], [108.46409719, 47.88323707], [108.46411891, 47.8827922], [108.46427279, 47.88218325], [108.46458113, 47.88180038], [108.46530686, 47.88134323], [108.46747448, 47.88016637], [108.4680721, 47.87978988], [108.46833907, 47.87940609], [108.46836618, 47.87885], [108.46831198, 47.87826428], [108.46781671, 47.87739048], [108.46714937, 47.87665206], [108.46566832, 47.87648019], [108.46425907, 47.87653256], [108.46296566, 47.87675448], [108.46192973, 47.87678724], [108.46118581, 47.87677078], [108.46057132, 47.87664585], [108.45996635, 47.87632628], [108.45920559, 47.87580842], [108.45856339, 47.87540451], [108.45833176, 47.87506537], [108.45848431, 47.87448422], [108.45905556, 47.87380101], [108.45933752, 47.8731114], [108.4606806, 47.87102571], [108.46124715, 47.86959085], [108.46153585, 47.86876221], [108.46157117, 47.86803929], [108.4613186, 47.86728218], [108.46032363, 47.86648079], [108.46002161, 47.86588958], [108.46024996, 47.86544929], [108.46056366, 47.86495521], [108.4612465, 47.86452497], [108.46211498, 47.86368131], [108.46235009, 47.86310199], [108.46247618, 47.86221407], [108.46305267, 47.86141962], [108.46348212, 47.8610951], [108.4639942, 47.86077241], [108.46536035, 47.86074692], [108.46734894, 47.8606795], [108.46826738, 47.86050492], [108.4688458, 47.86051769], [108.46933753, 47.86061204], [108.47002773, 47.86087777], [108.47031423, 47.86093975], [108.47093263, 47.86098122], [108.47151512, 47.86091055], [108.47226287, 47.86084352], [108.47335332, 47.86053353], [108.47453044, 47.86014192], [108.47513454, 47.85962636], [108.47540134, 47.85924255], [108.47559361, 47.85869009], [108.47548858, 47.8582981], [108.47521829, 47.85790247], [108.47469742, 47.85755699], [108.47409528, 47.85718189], [108.4734972, 47.85672337], [108.47278871, 47.85598407], [108.47269047, 47.85545306], [108.47272967, 47.85464672], [108.47270518, 47.8534493], [108.47317371, 47.8523184], [108.47396187, 47.85141722], [108.47474595, 47.85059944], [108.47553811, 47.84961483], [108.47580756, 47.84917541], [108.4757919, 47.84864621], [108.47558997, 47.84769539], [108.47530138, 47.84682617], [108.47486592, 47.84642691], [108.47427336, 47.84585717], [108.47421912, 47.84527145], [108.47445535, 47.8446643], [108.47475933, 47.84436481], [108.4749861, 47.84395228], [108.47514242, 47.84328769], [108.47534543, 47.84251279], [108.47524987, 47.84192616], [108.47454155, 47.84118688], [108.47403031, 47.84064677], [108.47349668, 47.83971648], [108.4733666, 47.83898991], [108.47334827, 47.83851632], [108.47345383, 47.83804546], [108.47392567, 47.837694], [108.47464529, 47.83734799], [108.47516111, 47.83694183], [108.47555573, 47.83647732], [108.47553198, 47.83611495], [108.47497407, 47.83568516], [108.47405126, 47.83510815], [108.47277572, 47.83413369], [108.47233768, 47.83379002], [108.47191452, 47.8331405], [108.47172832, 47.83271888], [108.47175265, 47.8322184], [108.4718941, 47.83185966], [108.47223661, 47.8316167], [108.47253241, 47.83148404], [108.47315856, 47.83135866], [108.47390184, 47.83137503], [108.47443325, 47.83149807], [108.47513793, 47.83145791], [108.47613571, 47.83134069], [108.47736827, 47.8306441], [108.47957476, 47.82946787], [108.48030635, 47.82887158], [108.48050922, 47.82809667], [108.48045222, 47.82756656], [108.4798266, 47.82682912], [108.47910359, 47.82639572], [108.4787163, 47.82585835], [108.47796515, 47.82344806], [108.47728264, 47.8221805], [108.4771207, 47.8212584], [108.47720377, 47.82039735], [108.47736267, 47.81967715], [108.47793035, 47.81904943], [108.47858059, 47.81842353], [108.47922542, 47.81790884], [108.47952787, 47.81763714], [108.4796414, 47.81699944], [108.47961, 47.81594103], [108.48003987, 47.81389071], [108.4802346, 47.81328263], [108.47991783, 47.81299732], [108.47922552, 47.81278727], [108.4781949, 47.81273679], [108.47700322, 47.81259925], [108.47631093, 47.81238918], [108.47567475, 47.81187416], [108.47512788, 47.81122193], [108.4747116, 47.81043339], [108.47479522, 47.80870948], [108.47498594, 47.80818482], [108.47542026, 47.80774903], [108.47633774, 47.80757437], [108.47813408, 47.80716852], [108.47914216, 47.80682883], [108.47982004, 47.80648187], [108.48029289, 47.80610257], [108.48057147, 47.80546849], [108.48068362, 47.80485859], [108.48062932, 47.80427287], [108.48045122, 47.80368443], [108.48039424, 47.80315432], [108.48041577, 47.80270944], [108.48055841, 47.80232289], [108.48082755, 47.80188344], [108.48143357, 47.80131222], [108.4819557, 47.80076699], [108.48213556, 47.80046475], [108.48223155, 47.80018851], [108.48209067, 47.7996844], [108.48187398, 47.79903944], [108.48156939, 47.7985039], [108.48156174, 47.79780786], [108.48140784, 47.79671893], [108.48115033, 47.7952102], [108.48125437, 47.79476713], [108.48140237, 47.79426936], [108.48183383, 47.79388914], [108.48186246, 47.79244237], [108.48175521, 47.79124312], [108.48184351, 47.79027084], [108.48219147, 47.78905375], [108.4825417, 47.78864392], [108.48330721, 47.78818753], [108.48372786, 47.78802975], [108.48390766, 47.78772751], [108.48405158, 47.78731314], [108.48398786, 47.78692206], [108.48371383, 47.78660987], [108.48315099, 47.78629134], [108.48233659, 47.78605079], [108.48193476, 47.78581929], [108.48173789, 47.78562013], [108.48154638, 47.78530974], [108.48156923, 47.78483705], [108.48155351, 47.78430785], [108.48165752, 47.78386477], [108.48187858, 47.78356344], [108.48238305, 47.78337967], [108.48309111, 47.78325604], [108.48628655, 47.78293642], [108.48732865, 47.78273657], [108.48771067, 47.78252226], [108.48800884, 47.78233395], [108.48824057, 47.78181016], [108.48831131, 47.78119935], [108.4880547, 47.78052569], [108.4872152, 47.77995061], [108.48644481, 47.77965539], [108.48596185, 47.77939429], [108.48515962, 47.77890351], [108.48456097, 47.77847287], [108.48411928, 47.77821267], [108.483305, 47.77797213], [108.4822365, 47.77786518], [108.48129848, 47.7776219], [108.48036316, 47.77732302], [108.47906601, 47.77682132], [108.4770484, 47.77499554], [108.47546176, 47.7736524], [108.47440466, 47.77246006], [108.47323331, 47.77107036], [108.47268419, 47.77047373], [108.47146764, 47.76916652], [108.47100778, 47.76843268], [108.47107195, 47.7679609], [108.47121456, 47.76757436], [108.47148224, 47.76716273], [108.47228202, 47.76684634], [108.47374704, 47.76643326], [108.47461447, 47.76642453], [108.47506139, 47.76657354], [108.47591536, 47.76684285], [108.47680653, 47.76719647], [108.4779797, 47.76769547], [108.47872072, 47.76773959], [108.48024402, 47.76782873], [108.48086804, 47.7677311], [108.48204298, 47.76733938], [108.48491858, 47.76592722], [108.48687466, 47.76474536], [108.48809342, 47.76429887], [108.48930278, 47.764047], [108.49012892, 47.76403724], [108.4911227, 47.76397548], [108.49170408, 47.76390469], [108.4920048, 47.76366075], [108.49326492, 47.76235223], [108.49514371, 47.76019432], [108.49659131, 47.75841666], [108.49679229, 47.75766951], [108.49681764, 47.7571412], [108.49659559, 47.75660749], [108.49615669, 47.75629173], [108.49480548, 47.7552045], [108.49247142, 47.7539566], [108.49179186, 47.75349638], [108.4913265, 47.75287384], [108.49106195, 47.75236703], [108.49051281, 47.75177048], [108.49035992, 47.75151662], [108.48980411, 47.7510591], [108.48949032, 47.75071822], [108.4893428, 47.75035313], [108.48943998, 47.75004908], [108.48970742, 47.74963741], [108.49005063, 47.74936657], [108.49063452, 47.74924017], [108.49381714, 47.74914275], [108.49702898, 47.74929639], [108.49834697, 47.74935298], [108.49955327, 47.7491566], [108.50010124, 47.74891803], [108.50036992, 47.74847853], [108.50060404, 47.7478991], [108.50069322, 47.74689899], [108.49984359, 47.74482069], [108.49929709, 47.74416858], [108.49881305, 47.74393534], [108.49824391, 47.74375592], [108.49742075, 47.74371013], [108.49688483, 47.74369843], [108.49621724, 47.74385087], [108.49556032, 47.74378086], [108.49507363, 47.74360322], [108.49438217, 47.74339328], [108.49386228, 47.7430479], [108.49323208, 47.74242176], [108.49249293, 47.74148705], [108.49201718, 47.74022408], [108.4912861, 47.73912253], [108.49036878, 47.73846226], [108.48819241, 47.73738472], [108.48706505, 47.73680333], [108.48585662, 47.73619231], [108.48463482, 47.73585934], [108.48385972, 47.73567533], [108.48291976, 47.73548769], [108.48226967, 47.73527858], [108.48174994, 47.73493315], [108.48105232, 47.73399928], [108.48066738, 47.73257124], [108.48078777, 47.73093162], [108.48108469, 47.72990825], [108.48172203, 47.72866967], [108.48286728, 47.72716389], [108.48339263, 47.72653522], [108.48370288, 47.72523378], [108.48379903, 47.72409466], [108.48396687, 47.72317978], [108.48452534, 47.72271884], [108.48567677, 47.72193687], [108.48787972, 47.72073258], [108.48849672, 47.71991104], [108.48920814, 47.71884105], [108.48946496, 47.71778895], [108.48954492, 47.71698348], [108.48929793, 47.71611519], [108.48860308, 47.71512575], [108.48769022, 47.71438205], [108.48642665, 47.71321312], [108.48498629, 47.71229082], [108.48320333, 47.71077645], [108.48273039, 47.71032071], [108.48246478, 47.70984169], [108.4824611, 47.70906223], [108.48261451, 47.70759034], [108.48315841, 47.70657238], [108.48410517, 47.70489521], [108.48473007, 47.70390686], [108.48496414, 47.70332746], [108.48502942, 47.70282786], [108.48501231, 47.70232645], [108.48462449, 47.70181692], [108.48369718, 47.70137904], [108.48312855, 47.70119956], [108.48268349, 47.70102278], [108.4822026, 47.70073387], [108.48192633, 47.70047729], [108.48161691, 47.70005297], [108.48151344, 47.69963317], [108.48116954, 47.69906891], [108.48073255, 47.69872529], [108.47983445, 47.69853855], [108.47893367, 47.69840741], [108.4784036, 47.69828442], [108.47791605, 47.69813452], [108.47731031, 47.69787068], [108.47623852, 47.69701204], [108.47500606, 47.69606636], [108.4729195, 47.69487915], [108.47162982, 47.69426619], [108.47070948, 47.69368919], [108.46994986, 47.69319924], [108.46875, 47.69163889], [108.45908333, 47.69355556], [108.295, 47.66483333], [108.24275, 47.68694444], [108.20575, 47.92944444], [108.23075, 47.98827778], [108.2705, 47.98863889], [108.27086401, 47.98830698]]], [[[106.96869444, 48.19966667], [106.99608333, 48.21111111], [107.03113889, 48.18675], [107.05197222, 48.18986111], [107.08213889, 48.20833333], [107.08994444, 48.19933333], [107.11336111, 48.17452778], [107.16136111, 48.16277778], [107.19794444, 48.14161111], [107.22305556, 48.13563889], [107.25280556, 48.10927778], [107.29583333, 48.07697222], [107.32194444, 48.05908333], [107.34475, 48.03572222], [107.37247222, 47.99030556], [107.44552778, 47.99622222], [107.4555, 48.00066667], [107.45557142, 48.000606], [107.45563979, 48.00054578], [107.45570508, 48.00048455], [107.45576729, 48.00042232], [107.45582643, 48.00035909], [107.45588249, 48.00029485], [107.45593548, 48.0002296], [107.45598539, 48.00016335], [107.4560192, 48.00011447], [107.45605193, 48.00006262], [107.45611562, 47.99994766], [107.45617545, 47.99982274], [107.45627235, 47.99960202], [107.45635049, 47.99942092], [107.45641054, 47.99926945], [107.45645918, 47.99913069], [107.45649752, 47.99900121], [107.45652906, 47.99887351], [107.45655417, 47.99875128], [107.45657302, 47.99863373], [107.45658568, 47.99852041], [107.4565927, 47.9983769], [107.45658991, 47.99822196], [107.45657736, 47.998052], [107.45655387, 47.99785061], [107.45653237, 47.99771241], [107.4565028, 47.99756298], [107.45646451, 47.99739848], [107.45641167, 47.99719381], [107.45636483, 47.99703397], [107.45630472, 47.99685759], [107.45623946, 47.99668365], [107.45606275, 47.99623214], [107.4560141, 47.99609921], [107.45597345, 47.99597928], [107.45586182, 47.99563647], [107.45582998, 47.99552766], [107.45580464, 47.99542948], [107.45576271, 47.99525359], [107.4557403, 47.99514454], [107.4557253, 47.99504374], [107.45571856, 47.9949524], [107.45571911, 47.99486355], [107.4557261, 47.99476689], [107.45573959, 47.99466004], [107.45576173, 47.99452577], [107.45579192, 47.99436784], [107.45582216, 47.99424061], [107.45585666, 47.99412648], [107.4558964, 47.99402269], [107.45593592, 47.99393738], [107.45598281, 47.9938486], [107.45603748, 47.99375556], [107.45610098, 47.99365646], [107.45617785, 47.99354363], [107.45624274, 47.99345574], [107.45630623, 47.9933785], [107.45636993, 47.99331014], [107.45642813, 47.99325482], [107.45649232, 47.99319952], [107.45656262, 47.99314416], [107.45663919, 47.99308859], [107.45672205, 47.9930328], [107.45681176, 47.99297639], [107.45690886, 47.99291901], [107.45701447, 47.99286], [107.45708842, 47.99282122], [107.45716749, 47.99278264], [107.45725222, 47.99274399], [107.45734356, 47.99270485], [107.45754583, 47.99262485], [107.45782294, 47.99252342], [107.45794187, 47.9924825], [107.4580683, 47.99244257], [107.45820358, 47.99240319], [107.45835044, 47.99236356], [107.45862218, 47.99229625], [107.45924039, 47.99215215], [107.45951433, 47.99208277], [107.45976105, 47.99201843], [107.46033805, 47.99187274], [107.46061411, 47.99179939], [107.46077348, 47.99175425], [107.46092068, 47.99171002], [107.46105865, 47.99166582], [107.46118884, 47.99162118], [107.46145035, 47.99152622], [107.46166525, 47.99144315], [107.46185661, 47.99136303], [107.46202894, 47.99128389], [107.46223871, 47.99118105], [107.4623088, 47.99114285], [107.46236929, 47.99110631], [107.46244926, 47.99105231], [107.46252486, 47.99099559], [107.46259522, 47.99093681], [107.46265959, 47.99087658], [107.46270869, 47.990824], [107.46275791, 47.99076354], [107.46280689, 47.99069645], [107.4628835, 47.99058443], [107.46295414, 47.99047639], [107.46302151, 47.99036329], [107.46308569, 47.99024496], [107.46314682, 47.99012115], [107.4631892, 47.99002357], [107.4632302, 47.98991335], [107.46326477, 47.98980854], [107.46333702, 47.9895759], [107.46336985, 47.9894778], [107.46347371, 47.98916466], [107.46350546, 47.98908053], [107.46353763, 47.98900593], [107.46358893, 47.98889719], [107.46362986, 47.98881738], [107.4636707, 47.98874642], [107.46371249, 47.98868289], [107.46376636, 47.98860447], [107.46379627, 47.98856484], [107.46382871, 47.98852866], [107.46386226, 47.98849876], [107.46392039, 47.98845794], [107.46398596, 47.98842085], [107.46405537, 47.98838953], [107.46412542, 47.9883654], [107.46415708, 47.98835732], [107.46419137, 47.98835075], [107.46426954, 47.98834183], [107.46434854, 47.9883382], [107.46453619, 47.98833529], [107.46461704, 47.98833354], [107.46470162, 47.98833396], [107.46479082, 47.98833654], [107.46488646, 47.98834135], [107.46503525, 47.98835195], [107.46541205, 47.98838522], [107.46558552, 47.9883979], [107.46584528, 47.98841603], [107.46649682, 47.98847082], [107.46679626, 47.98849223], [107.46696045, 47.98850093], [107.46711367, 47.98850639], [107.46725903, 47.98850873], [107.46739809, 47.98850796], [107.46768573, 47.9885033], [107.46785768, 47.98849729], [107.46801603, 47.98848647], [107.46815728, 47.98847035], [107.46829425, 47.98844933], [107.46841623, 47.98842686], [107.46852717, 47.98840221], [107.46862835, 47.98837508], [107.46873125, 47.98834088], [107.46884154, 47.98829653], [107.4689502, 47.98824705], [107.469172, 47.98813989], [107.46928887, 47.98808249], [107.46940763, 47.98801962], [107.46952952, 47.98795063], [107.46965694, 47.98787417], [107.46988644, 47.98772757], [107.47042757, 47.98736726], [107.47057553, 47.98727357], [107.47071208, 47.98719149], [107.47081346, 47.98713016], [107.47103954, 47.9869876], [107.47114432, 47.98692528], [107.47120905, 47.98688958], [107.47127103, 47.9868579], [107.47133151, 47.9868296], [107.47139113, 47.98680438], [107.47152128, 47.98675381], [107.47162573, 47.98671732], [107.47172216, 47.98668873], [107.47181263, 47.98666759], [107.47188623, 47.98665502], [107.47196934, 47.98664486], [107.47206118, 47.98663688], [107.47220703, 47.98662717], [107.47230954, 47.98662222], [107.4724244, 47.98662016], [107.47287269, 47.98662348], [107.47302961, 47.98662392], [107.4733772, 47.9866291], [107.47352375, 47.98662908], [107.47369914, 47.98662412], [107.47377901, 47.98661934], [107.47385509, 47.98661296], [107.47400253, 47.98659719], [107.47413612, 47.98657972], [107.47425968, 47.98656003], [107.47437465, 47.9865379], [107.47447493, 47.98651539], [107.47457404, 47.98649039], [107.47467129, 47.98646309], [107.474766, 47.98643368], [107.47485555, 47.98640305], [107.4749445, 47.98636974], [107.47503255, 47.98633388], [107.47511941, 47.98629558], [107.47520478, 47.98625498], [107.47528832, 47.98621223], [107.47536969, 47.9861675], [107.47544857, 47.98612097], [107.47551794, 47.98607665], [107.47559095, 47.98602613], [107.47566934, 47.98596836], [107.47577046, 47.98589053], [107.47591932, 47.98577838], [107.4759854, 47.98572517], [107.47604499, 47.98566987], [107.47609031, 47.98561757], [107.47611407, 47.98558344], [107.47613573, 47.98554682], [107.47615541, 47.98550752], [107.47617323, 47.98546525], [107.47620373, 47.98537143], [107.47623138, 47.98525268], [107.47624046, 47.98519514], [107.47624549, 47.98513047], [107.47624677, 47.98491178], [107.4762463, 47.98479994], [107.47623799, 47.98454303], [107.4762392, 47.98442238], [107.47623854, 47.98424987], [107.47624118, 47.98418655], [107.47625115, 47.9841189], [107.47626941, 47.98405988], [107.47629821, 47.98400004], [107.47633717, 47.98393731], [107.47638652, 47.98387126], [107.47644723, 47.98380062], [107.47653877, 47.98370387], [107.47657765, 47.98366699], [107.47661517, 47.98363459], [107.47665316, 47.98360524], [107.47669104, 47.98357953], [107.47672911, 47.98355725], [107.47676757, 47.98353828], [107.47680764, 47.98352223], [107.47685216, 47.98350795], [107.47690154, 47.98349532], [107.47695656, 47.98348415], [107.4770718, 47.98346707], [107.47730192, 47.98344161], [107.4774792, 47.9834228], [107.4776489, 47.9834106], [107.47781116, 47.98340499], [107.47796601, 47.983406], [107.47812721, 47.98341272], [107.47826712, 47.98342332], [107.47839325, 47.98343838], [107.47850748, 47.98345816], [107.47860236, 47.98348145], [107.4787049, 47.98351433], [107.47879947, 47.98354981], [107.47900955, 47.98363414], [107.4791041, 47.98366877], [107.4793714, 47.98376175], [107.47945078, 47.98378737], [107.47952297, 47.98380873], [107.47966321, 47.98384849], [107.47974432, 47.98386942], [107.47982134, 47.98388579], [107.47989178, 47.98389654], [107.479974, 47.98390364], [107.4800647, 47.98390632], [107.48016574, 47.9839047], [107.48028819, 47.98389862], [107.48039051, 47.98389136], [107.48047523, 47.9838829], [107.48055094, 47.98387238], [107.48061922, 47.98385954], [107.48070493, 47.98383802], [107.48079346, 47.98380998], [107.48088456, 47.9837755], [107.48097784, 47.98373472], [107.48102447, 47.98371114], [107.48107035, 47.98368412], [107.48111596, 47.98365339], [107.48116222, 47.98361834], [107.48124192, 47.98354987], [107.48141987, 47.98338359], [107.48146728, 47.98334313], [107.48151221, 47.98330811], [107.48169051, 47.98317789], [107.48185473, 47.9830618], [107.48201107, 47.98295546], [107.48216192, 47.98285727], [107.48231023, 47.98276534], [107.48245595, 47.98267978], [107.48259996, 47.98260007], [107.48274285, 47.98252587], [107.48285372, 47.98247267], [107.48298, 47.98241674], [107.4831101, 47.98236243], [107.48346263, 47.98221939], [107.48356705, 47.98217491], [107.48365929, 47.98213355], [107.48399932, 47.98197931], [107.4841624, 47.98190186], [107.48431707, 47.98182151], [107.48438547, 47.98178262], [107.48444903, 47.98174397], [107.48457385, 47.98166223], [107.4846896, 47.98158006], [107.48479602, 47.98149763], [107.48489293, 47.98141508], [107.48496943, 47.98134256], [107.48504783, 47.98126028], [107.48512971, 47.98116699], [107.48523927, 47.98103509], [107.48527867, 47.98098465], [107.48531952, 47.98092731], [107.48544512, 47.98073442], [107.48549329, 47.98066415], [107.48554458, 47.98059672], [107.48559582, 47.98053781], [107.48571742, 47.98041016], [107.48580945, 47.98032293], [107.48585504, 47.98028429], [107.4859002, 47.98024928], [107.48594548, 47.98021748], [107.48599118, 47.98018868], [107.48605684, 47.98015259], [107.48613386, 47.98011577], [107.48622098, 47.98007838], [107.48636356, 47.98002098], [107.48653633, 47.97995263], [107.48666479, 47.97990586], [107.48678321, 47.9798682], [107.48689376, 47.97983921], [107.48696184, 47.97982458], [107.48703333, 47.97981145], [107.48710844, 47.97979977], [107.48718752, 47.9797895], [107.48735863, 47.97977298], [107.48755575, 47.97976101], [107.48770642, 47.97975624], [107.48785524, 47.97975608], [107.48800099, 47.97976053], [107.48814266, 47.97976958], [107.48827536, 47.979783], [107.48841723, 47.9798025], [107.48857122, 47.97982844], [107.48874948, 47.97986285], [107.48886524, 47.97988875], [107.48899175, 47.97992189], [107.48911445, 47.97995747], [107.48942697, 47.9800522], [107.48960099, 47.98009981], [107.48990961, 47.98018005], [107.49004963, 47.98021412], [107.49019232, 47.98024399], [107.49032225, 47.98026509], [107.49048093, 47.98028352], [107.49064372, 47.98029627], [107.49080878, 47.98030318], [107.49097404, 47.98030416], [107.49114904, 47.98029896], [107.49131881, 47.98028766], [107.49148183, 47.98027037], [107.49163705, 47.9802472], [107.49175971, 47.98022359], [107.49188657, 47.98019439], [107.49201783, 47.98015954], [107.49215396, 47.98011891], [107.49224988, 47.98008718], [107.49234674, 47.98005193], [107.49244468, 47.9800131], [107.49254394, 47.9799706], [107.4926446, 47.9799244], [107.49274725, 47.97987424], [107.4928524, 47.97981987], [107.49296098, 47.97976082], [107.49316892, 47.97964643], [107.49328217, 47.97957812], [107.49333341, 47.97954327], [107.49337853, 47.9795092], [107.49341822, 47.97947538], [107.49345283, 47.9794415], [107.49351278, 47.97937284], [107.49356292, 47.97930407], [107.49360217, 47.9792367], [107.49363003, 47.97917159], [107.49364241, 47.97913172], [107.493652, 47.97909181], [107.49365868, 47.97905236], [107.49366239, 47.97901372], [107.4936631, 47.97897633], [107.49366082, 47.97894032], [107.49365557, 47.9789059], [107.49364736, 47.97887322], [107.49363756, 47.97884657], [107.49362415, 47.97881912], [107.49360701, 47.9787906], [107.49358581, 47.9787605], [107.49353896, 47.97870346], [107.49342717, 47.97858], [107.49337995, 47.97852829], [107.49332397, 47.97847282], [107.49307883, 47.97825256], [107.49302466, 47.97820085], [107.49297865, 47.9781534], [107.4928444, 47.97800923], [107.49277003, 47.97792396], [107.49270726, 47.97784237], [107.49265885, 47.97776656], [107.49261614, 47.97768462], [107.49258052, 47.97760213], [107.49255242, 47.9775201], [107.49253214, 47.97743939], [107.49251011, 47.9773296], [107.49250211, 47.9772594], [107.49250185, 47.97722677], [107.49250436, 47.97719651], [107.49250966, 47.97716823], [107.4925178, 47.97714171], [107.49254002, 47.97709532], [107.49257341, 47.97704559], [107.49261835, 47.97699168], [107.49268173, 47.97692529], [107.4927185, 47.97689022], [107.49275912, 47.97685527], [107.49280355, 47.97682048], [107.49285174, 47.9767859], [107.49290365, 47.97675154], [107.49295918, 47.97671748], [107.49308061, 47.97665056], [107.4931253, 47.97662899], [107.49317392, 47.97660831], [107.49322694, 47.97658831], [107.4932854, 47.9765686], [107.49339821, 47.97653519], [107.49368407, 47.97645797], [107.49376181, 47.97643422], [107.49382986, 47.97641079], [107.49413934, 47.97629371], [107.494266, 47.97624262], [107.4943818, 47.97619338], [107.494491, 47.97614411], [107.49459267, 47.97609513], [107.49468775, 47.97604599], [107.49477675, 47.97599644], [107.49495328, 47.97589659], [107.49504141, 47.9758423], [107.49508219, 47.97581406], [107.49511789, 47.97578659], [107.4951491, 47.97575943], [107.49517611, 47.97573233], [107.49520773, 47.97569529], [107.49523686, 47.97565551], [107.49526335, 47.97561324], [107.49528698, 47.97556879], [107.49530761, 47.97552244], [107.49532498, 47.97547473], [107.4953389, 47.97542616], [107.4953492, 47.97537736], [107.49535601, 47.97531615], [107.49535607, 47.97525006], [107.49534939, 47.97517871], [107.49533587, 47.97510094], [107.49531763, 47.9750391], [107.49528736, 47.97497186], [107.49524973, 47.97490535], [107.49514033, 47.97472922], [107.49511213, 47.97467589], [107.49509114, 47.97462734], [107.49505237, 47.97451501], [107.49501976, 47.97439959], [107.49499346, 47.97428159], [107.4949736, 47.97416162], [107.49496523, 47.97411379], [107.49493801, 47.97398756], [107.49492956, 47.97391867], [107.49492977, 47.97388206], [107.49493413, 47.97384869], [107.49494273, 47.97381794], [107.49495566, 47.97378951], [107.49498791, 47.97374071], [107.49503039, 47.973692], [107.49508097, 47.97364581], [107.49513694, 47.97360465], [107.49515925, 47.9735916], [107.4951865, 47.97357861], [107.49530886, 47.97352943], [107.49533354, 47.97351691], [107.49535398, 47.97350415], [107.49539119, 47.97347574], [107.4954245, 47.97344563], [107.49545268, 47.97341493], [107.49547501, 47.97338445], [107.49549278, 47.97334836], [107.49550393, 47.97330589], [107.49550899, 47.97326029], [107.49551225, 47.97317078], [107.49551198, 47.97314155], [107.49550787, 47.97310873], [107.49548169, 47.9729961], [107.49547469, 47.97295339], [107.49547418, 47.97291082], [107.49548207, 47.97287344], [107.49550993, 47.97280713], [107.49552644, 47.9727773], [107.49554451, 47.97274997], [107.495564, 47.97272535], [107.4955849, 47.97270344], [107.49560713, 47.97268432], [107.49563065, 47.972668], [107.49565507, 47.97265434], [107.49568279, 47.97264143], [107.49574696, 47.97261837], [107.49582005, 47.97259998], [107.49589621, 47.97258773], [107.49595566, 47.97258303], [107.49601714, 47.97258239], [107.49607757, 47.97258583], [107.49613421, 47.9725932], [107.49618972, 47.97260622], [107.49624882, 47.97262703], [107.4963104, 47.97265455], [107.496409, 47.97270429], [107.4964428, 47.97272328], [107.49647783, 47.97274704], [107.49658653, 47.97283434], [107.49662867, 47.97286495], [107.49667436, 47.9728915], [107.49672007, 47.97291038], [107.49678892, 47.9729303], [107.4968596, 47.9729453], [107.49692802, 47.97295453], [107.49699179, 47.97295768], [107.49702506, 47.97295666], [107.49705992, 47.97295351], [107.4971351, 47.97294078], [107.49721824, 47.97291951], [107.49732119, 47.97288666], [107.49738536, 47.97286179], [107.49745315, 47.97282919], [107.49751656, 47.97279415], [107.4976613, 47.97270898], [107.49772648, 47.97266943], [107.49779531, 47.97262228], [107.49786008, 47.972574], [107.49802053, 47.9724496], [107.4981109, 47.97238529], [107.49816077, 47.97235361], [107.49820942, 47.97232578], [107.49825775, 47.97230128], [107.49830624, 47.97227988], [107.4984341, 47.97222932], [107.49853404, 47.97219498], [107.49862625, 47.97216992], [107.49866988, 47.97216084], [107.49871224, 47.97215397], [107.49878383, 47.97214647], [107.49886242, 47.97214279], [107.49894862, 47.97214287], [107.49904471, 47.97214673], [107.4991112, 47.97215157], [107.49917796, 47.97215857], [107.49924448, 47.97216768], [107.49931026, 47.97217884], [107.49937477, 47.97219194], [107.49943759, 47.97220691], [107.49949828, 47.97222364], [107.49955647, 47.97224202], [107.49963042, 47.97226936], [107.49970624, 47.97230212], [107.49978411, 47.97234036], [107.49986447, 47.97238431], [107.49993794, 47.97243122], [107.50001284, 47.97248876], [107.50007888, 47.97254639], [107.50021847, 47.97267575], [107.50027722, 47.97272653], [107.50033684, 47.97277994], [107.50046012, 47.97290177], [107.50051233, 47.97294792], [107.50054808, 47.97297546], [107.50058364, 47.9729993], [107.50061974, 47.97301992], [107.50065678, 47.97303754], [107.50071006, 47.97305961], [107.50075464, 47.97307599], [107.50079573, 47.97308857], [107.50083402, 47.97309754], [107.50086782, 47.97310297], [107.50090397, 47.9731066], [107.50094241, 47.97310841], [107.50098308, 47.97310841], [107.50107091, 47.97310296], [107.5011665, 47.97309029], [107.50124769, 47.97307361], [107.501329, 47.97305026], [107.50140711, 47.97302119], [107.50147852, 47.97298771], [107.501552, 47.97294468], [107.50161676, 47.97289772], [107.50164459, 47.97287369], [107.50166908, 47.97284956], [107.50169002, 47.97282555], [107.50170727, 47.9728018], [107.50171723, 47.97278416], [107.50172502, 47.97276507], [107.50173449, 47.97272152], [107.50173669, 47.97267801], [107.50173436, 47.97256904], [107.50173645, 47.97253966], [107.50174089, 47.97251371], [107.50176251, 47.97243077], [107.50178841, 47.97235108], [107.50181849, 47.97227496], [107.50185265, 47.97220264], [107.50187697, 47.97215862], [107.50190527, 47.97211339], [107.50193782, 47.97206657], [107.50197513, 47.9720174], [107.50205903, 47.97191703], [107.50221104, 47.97174783], [107.50233004, 47.97161609], [107.50241974, 47.97152218], [107.50250541, 47.97143964], [107.50258885, 47.9713671], [107.50271454, 47.97125924], [107.50277695, 47.97121065], [107.5028108, 47.97118771], [107.50284401, 47.97116792], [107.50287714, 47.97115093], [107.50291052, 47.97113659], [107.50297753, 47.97111409], [107.50305456, 47.97109479], [107.50314175, 47.97107867], [107.5032399, 47.97106556], [107.50329117, 47.97106117], [107.50334907, 47.97105885], [107.50355654, 47.97105865], [107.5037568, 47.97105677], [107.50395574, 47.97105681], [107.50415324, 47.97105877], [107.50434916, 47.97106265], [107.50457976, 47.9710709], [107.5048368, 47.971085], [107.50507911, 47.97110149], [107.50562101, 47.97114167], [107.50585935, 47.9711574], [107.5061309, 47.97117535], [107.5067391, 47.97121971], [107.50700746, 47.97123684], [107.50732385, 47.97125162], [107.50746881, 47.97125567], [107.50760754, 47.97125758], [107.50778249, 47.97125725], [107.50797688, 47.97125414], [107.50857328, 47.97123648], [107.50869237, 47.97123454], [107.50896013, 47.97123428], [107.50907678, 47.9712318], [107.50921296, 47.97122363], [107.50927447, 47.97121725], [107.50933269, 47.97120924], [107.50944926, 47.97118787], [107.50957444, 47.9711587], [107.5097111, 47.97112122], [107.50988061, 47.97106955], [107.51002143, 47.97102461], [107.51012157, 47.97099006], [107.51020917, 47.97095621], [107.51028553, 47.97092234], [107.51033982, 47.97089488], [107.51039421, 47.97086439], [107.51044901, 47.97083069], [107.51050476, 47.97079345], [107.51061969, 47.97070826], [107.51076084, 47.97059266], [107.51084248, 47.97052094], [107.51092259, 47.97044446], [107.5110012, 47.97036318], [107.51107835, 47.97027708], [107.51113545, 47.97020474], [107.51126508, 47.97001571], [107.51129864, 47.96997057], [107.51133098, 47.96993098], [107.51143315, 47.96981736], [107.51152699, 47.96972448], [107.5116289, 47.96962777], [107.5116847, 47.96957966], [107.51174324, 47.96953772], [107.5117723, 47.96952054], [107.51180163, 47.96950562], [107.51186163, 47.96948138], [107.51193354, 47.96945936], [107.51201676, 47.96943931], [107.51214579, 47.96941295], [107.51224151, 47.96939553], [107.51234038, 47.96938119], [107.51244191, 47.96937], [107.51254551, 47.96936203], [107.51265061, 47.96935733], [107.51275646, 47.96935592], [107.51286234, 47.96935783], [107.51296746, 47.96936303], [107.51308959, 47.96937193], [107.51318146, 47.96938137], [107.5132625, 47.96939335], [107.51333416, 47.96940822], [107.51340566, 47.96942839], [107.51348175, 47.96945532], [107.51356373, 47.96948924], [107.51367333, 47.96953915], [107.5137629, 47.96958468], [107.51385734, 47.96964057], [107.51393513, 47.96969139], [107.51410409, 47.9698076], [107.5141801, 47.96985797], [107.51434518, 47.96996575], [107.51470874, 47.97020799], [107.51486774, 47.97031119], [107.51503586, 47.97042366], [107.51508398, 47.97045229], [107.51512931, 47.97047574], [107.51520447, 47.97050795], [107.51529174, 47.97053867], [107.51539248, 47.97056863], [107.51553181, 47.97060528], [107.5156549, 47.97063581], [107.51574983, 47.9706566], [107.51583622, 47.97067193], [107.5159159, 47.970682], [107.51599415, 47.97068689], [107.51608254, 47.9706871], [107.51615816, 47.97068432], [107.51640667, 47.97067124], [107.51671525, 47.97065883], [107.51740887, 47.97062148], [107.51757138, 47.9706148], [107.51771914, 47.97061054], [107.51807369, 47.97059811], [107.51820791, 47.97059532], [107.51835164, 47.97059696], [107.51847956, 47.9706045], [107.5186404, 47.97061902], [107.51874835, 47.97063214], [107.51884364, 47.97064872], [107.51892646, 47.97066919], [107.51898391, 47.97068811], [107.51904574, 47.97071273], [107.51923399, 47.9708008], [107.51940423, 47.97087374], [107.51946786, 47.97090358], [107.51952905, 47.97093863], [107.51955387, 47.97095625], [107.51957525, 47.97097423], [107.51961057, 47.97101318], [107.51964145, 47.97106099], [107.51966596, 47.97111119], [107.51971432, 47.97122661], [107.51977012, 47.97135872], [107.51978997, 47.97141578], [107.51980538, 47.97146939], [107.5198126, 47.97150396], [107.51981753, 47.97154212], [107.51982519, 47.97172593], [107.51983007, 47.97177006], [107.51983777, 47.97180924], [107.51986786, 47.97191849], [107.51990013, 47.97200831], [107.51993773, 47.97208742], [107.5199588, 47.97212343], [107.51998151, 47.9721573], [107.52003106, 47.97221896], [107.52009315, 47.9722831], [107.52016881, 47.9723509], [107.52026411, 47.9724278], [107.52037127, 47.97250817], [107.520464, 47.97257063], [107.52055301, 47.97262237], [107.52064015, 47.97266433], [107.52073583, 47.97270202], [107.52083655, 47.97273497], [107.52093952, 47.97276226], [107.52104217, 47.97278321], [107.52113716, 47.97279586], [107.52124516, 47.97280299], [107.52136241, 47.97280515], [107.52156618, 47.97280363], [107.52177748, 47.9728], [107.52196437, 47.97279106], [107.52213532, 47.97277639], [107.52221565, 47.97276683], [107.5222929, 47.97275574], [107.52240879, 47.97273537], [107.52253138, 47.97270945], [107.52266282, 47.97267754], [107.52281018, 47.97263794], [107.52292904, 47.97260196], [107.52320028, 47.9725123], [107.52333249, 47.97247333], [107.52360312, 47.97240008], [107.52371653, 47.97236778], [107.52383317, 47.97233088], [107.52393453, 47.97229395], [107.52399714, 47.972267], [107.52406409, 47.97223359], [107.5242777, 47.97211231], [107.52435868, 47.97206961], [107.52444244, 47.97203216], [107.52448276, 47.97201712], [107.52452266, 47.9720043], [107.52458973, 47.97198605], [107.52466436, 47.9719687], [107.52474825, 47.97195179], [107.52485202, 47.9719332], [107.52498348, 47.97191211], [107.52510016, 47.97189673], [107.5252081, 47.97188627], [107.52530906, 47.97188058], [107.52543112, 47.97187997], [107.52556457, 47.97188614], [107.52571235, 47.9718991], [107.52589743, 47.97192085], [107.52596755, 47.97193104], [107.5260438, 47.97194473], [107.52638261, 47.97201817], [107.5264639, 47.97203359], [107.52653745, 47.97204512], [107.52673136, 47.97206888], [107.52692411, 47.97208649], [107.52711436, 47.97209782], [107.52730101, 47.97210281], [107.5274186, 47.97210229], [107.5275475, 47.97209849], [107.52769011, 47.97209147], [107.52788627, 47.97207928], [107.52820166, 47.97205931], [107.52838605, 47.97204388], [107.52847396, 47.97203421], [107.52855588, 47.97202334], [107.52863313, 47.97201109], [107.5287064, 47.97199736], [107.52879624, 47.97198311], [107.52888743, 47.97197351], [107.52897945, 47.9719686], [107.52907176, 47.97196841], [107.52916382, 47.97197294], [107.5292156, 47.97198021], [107.52944444, 47.97205556], [107.52962156, 47.9721267], [107.52966786, 47.97216115], [107.52971421, 47.97220966], [107.52975215, 47.97226136], [107.52978121, 47.97231558], [107.52980102, 47.97237166], [107.52982297, 47.97245537], [107.52982371, 47.9724746], [107.52981327, 47.97257175], [107.5297852, 47.97266749], [107.52976634, 47.97274662], [107.52975597, 47.97281477], [107.52975316, 47.97287715], [107.52975525, 47.97298535], [107.52976065, 47.97305576], [107.52977166, 47.97311885], [107.52978882, 47.97317436], [107.5298054, 47.97321111], [107.52982688, 47.97324877], [107.52985344, 47.97328766], [107.52988548, 47.97332837], [107.52996064, 47.97341059], [107.53010306, 47.97355057], [107.53016939, 47.9736132], [107.5302432, 47.97367644], [107.53032518, 47.97374089], [107.53041678, 47.97380769], [107.53050609, 47.97386904], [107.53060841, 47.97393617], [107.53100043, 47.97418354], [107.53119947, 47.97431019], [107.53138166, 47.97442306], [107.5315541, 47.97452657], [107.53171955, 47.97462235], [107.53188134, 47.97471229], [107.53203942, 47.9747963], [107.53219478, 47.97487492], [107.53234808, 47.97494848], [107.5325966, 47.97506072], [107.53284512, 47.97516559], [107.53309307, 47.97526284], [107.53333996, 47.9753523], [107.53366554, 47.97546591], [107.53386138, 47.97552888], [107.53395671, 47.97555633], [107.53404731, 47.9755799], [107.5341346, 47.97559996], [107.53421937, 47.9756167], [107.5343703, 47.97564251], [107.53449349, 47.97565996], [107.53460538, 47.97567135], [107.53470838, 47.97567685], [107.5348401, 47.97567684], [107.53497361, 47.97567006], [107.53510608, 47.97565663], [107.53523475, 47.97563684], [107.53529807, 47.97562371], [107.53536764, 47.97560608], [107.53563099, 47.97552876], [107.53593271, 47.97544383], [107.53601516, 47.9754225], [107.53608986, 47.9754051], [107.53621629, 47.9753777], [107.5362995, 47.97536135], [107.53637604, 47.97534887], [107.53644595, 47.97534047], [107.53657041, 47.97533165], [107.53669083, 47.97532935], [107.53680484, 47.97533361], [107.536859, 47.97533819], [107.53691107, 47.97534438], [107.53700285, 47.97536049], [107.53710126, 47.97538461], [107.5372083, 47.97541708], [107.53733953, 47.97546263], [107.53740314, 47.97548749], [107.53747163, 47.97551803], [107.53769021, 47.97562743], [107.53777216, 47.97566592], [107.53796985, 47.97575655], [107.53805369, 47.97579308], [107.53814267, 47.97582769], [107.53822521, 47.97585456], [107.53831258, 47.97587734], [107.53841186, 47.97589819], [107.53852272, 47.97591741], [107.53869451, 47.97594352], [107.53877049, 47.97595247], [107.53892062, 47.97596393], [107.53898187, 47.97596996], [107.5390443, 47.97597922], [107.53909839, 47.97599135], [107.53917402, 47.97601278], [107.53922977, 47.9760315], [107.53927615, 47.97605103], [107.53931367, 47.97607173], [107.53935098, 47.97609987], [107.53938579, 47.97613476], [107.53941808, 47.97617636], [107.53944798, 47.97622485], [107.53946451, 47.97626401], [107.53947408, 47.97630961], [107.53947736, 47.97635383], [107.53947868, 47.97645274], [107.5394823, 47.97649371], [107.53949127, 47.97656912], [107.53950781, 47.97674781], [107.53951981, 47.97683553], [107.53952961, 47.97688566], [107.53954133, 47.97693204], [107.5395552, 47.97697559], [107.53957137, 47.97701678], [107.53959827, 47.97707535], [107.53962641, 47.97712961], [107.53965606, 47.9771801], [107.53968736, 47.97722706], [107.53976157, 47.97732532], [107.53979619, 47.97736587], [107.53983064, 47.97740249], [107.5398659, 47.97743614], [107.53990182, 47.97746661], [107.53993861, 47.97749409], [107.53997641, 47.97751866], [107.54003175, 47.97754916], [107.54009593, 47.9775791], [107.54016979, 47.97760893], [107.54025712, 47.97764017], [107.54037592, 47.97767696], [107.54049539, 47.97770677], [107.54061302, 47.97772899], [107.54067061, 47.97773714], [107.54072713, 47.97774329], [107.54081502, 47.97774843], [107.54091346, 47.97774857], [107.54102165, 47.97774416], [107.54119157, 47.97773301], [107.54133925, 47.97772412], [107.54141488, 47.97771786], [107.5414865, 47.97770874], [107.54154907, 47.97769671], [107.54162705, 47.97767751], [107.54168724, 47.97765963], [107.5417373, 47.9776408], [107.54177781, 47.97762069], [107.54180405, 47.97760321], [107.54182801, 47.97758246], [107.54184991, 47.97755828], [107.54187006, 47.97753031], [107.54190312, 47.97746909], [107.54195459, 47.97734716], [107.54197281, 47.97729939], [107.54198667, 47.97724548], [107.54199631, 47.97718824], [107.5420168, 47.97702658], [107.54202701, 47.97697731], [107.54203995, 47.97693376], [107.54209361, 47.97677427], [107.54211188, 47.97672781], [107.54213055, 47.97668702], [107.54215271, 47.97664632], [107.54217682, 47.97660965], [107.54220326, 47.97657642], [107.54223226, 47.97654636], [107.54228666, 47.97650107], [107.54235435, 47.97645519], [107.5424363, 47.97640794], [107.54253986, 47.97635507], [107.5426526, 47.97630309], [107.5427579, 47.97626116], [107.54285847, 47.9762282], [107.54290724, 47.976215], [107.54295511, 47.97620397], [107.54302467, 47.97619181], [107.54310421, 47.97618254], [107.54318728, 47.9761762], [107.54335481, 47.97616673], [107.54355712, 47.9761569], [107.54375933, 47.97615302], [107.54395997, 47.9761551], [107.54415771, 47.97616313], [107.5443022, 47.9761743], [107.54446267, 47.97619262], [107.54461353, 47.9762137], [107.54494857, 47.97626453], [107.54509354, 47.97628429], [107.54521203, 47.97629753], [107.54549836, 47.97632398], [107.54562744, 47.97633795], [107.54576222, 47.97635725], [107.54588021, 47.97638037], [107.54602866, 47.97641672], [107.54616328, 47.97645511], [107.54628532, 47.9764959], [107.54639523, 47.97653923], [107.54643789, 47.97655878], [107.54648067, 47.97658084], [107.54656866, 47.97663361], [107.54665094, 47.97669049], [107.54685993, 47.97684467], [107.54692423, 47.97688746], [107.54698474, 47.97692348], [107.54706183, 47.97696521], [107.5471439, 47.97700722], [107.5473263, 47.97709376], [107.54753171, 47.97718362], [107.54784941, 47.97731581], [107.54800896, 47.97737933], [107.54818845, 47.97744583], [107.54837903, 47.97751263], [107.5489169, 47.97769613], [107.54908103, 47.97775511], [107.54922634, 47.97781028], [107.5493029, 47.97784194], [107.54938569, 47.97787948], [107.54972253, 47.97804656], [107.54980146, 47.97808354], [107.54987331, 47.9781148], [107.54995825, 47.97814801], [107.5500396, 47.97817537], [107.55011899, 47.97819743], [107.55019729, 47.97821442], [107.55031521, 47.97823442], [107.5504243, 47.97824885], [107.55052646, 47.97825794], [107.55062231, 47.97826174], [107.5507029, 47.97826112], [107.55078633, 47.97825728], [107.55087208, 47.97825024], [107.55095939, 47.97824006], [107.55105459, 47.9782261], [107.55113598, 47.97821132], [107.55120848, 47.97819482], [107.55127326, 47.97817632], [107.55134342, 47.97815035], [107.5514173, 47.97811597], [107.55149204, 47.97807546], [107.55162376, 47.97799825], [107.55174332, 47.97792484], [107.55186546, 47.9778413], [107.55199267, 47.97774601], [107.55213406, 47.97763215], [107.55220478, 47.97757043], [107.55227856, 47.97749971], [107.55235039, 47.97742587], [107.55254125, 47.97722294], [107.55260145, 47.97716263], [107.55265778, 47.97710965], [107.55282781, 47.97695477], [107.55292988, 47.97686574], [107.55302945, 47.97678534], [107.55312444, 47.97671613], [107.55319423, 47.97666985], [107.5532688, 47.97662361], [107.55334843, 47.97657725], [107.55343354, 47.97653051], [107.55352407, 47.9764834], [107.55362158, 47.97643509], [107.55384512, 47.97633115], [107.55400858, 47.97625945], [107.55416207, 47.97619575], [107.55430903, 47.97613864], [107.55445095, 47.97608754], [107.5545896, 47.97604184], [107.55472499, 47.97600158], [107.55485767, 47.97596659], [107.554988, 47.97593677], [107.55520353, 47.97589396], [107.55538403, 47.97586448], [107.55546827, 47.97585356], [107.55554892, 47.97584516], [107.55562656, 47.97583923], [107.55570154, 47.97583575], [107.55582282, 47.97583406], [107.55594168, 47.97583652], [107.55605685, 47.97584311], [107.55616737, 47.97585375], [107.55626309, 47.97586715], [107.55636593, 47.97588578], [107.55647835, 47.97591001], [107.55661558, 47.97594311], [107.55666793, 47.97595724], [107.55672532, 47.97597483], [107.55697045, 47.97605735], [107.55703138, 47.97607495], [107.55708771, 47.97608868], [107.55723283, 47.97611706], [107.55737835, 47.97613877], [107.55752196, 47.97615349], [107.55766189, 47.97616103], [107.5577683, 47.9761617], [107.55788275, 47.97615784], [107.55800694, 47.97614942], [107.55814672, 47.97613604], [107.55823197, 47.97612543], [107.55832023, 47.9761115], [107.55841238, 47.97609412], [107.55851015, 47.97607296], [107.55869508, 47.97602718], [107.55910798, 47.97591595], [107.55918803, 47.97589408], [107.55927565, 47.97586761], [107.55960273, 47.97575935], [107.55974099, 47.97571698], [107.55981693, 47.97569642], [107.55988874, 47.97567931], [107.55995782, 47.97566531], [107.5600249, 47.97565427], [107.56013052, 47.97564074], [107.5602425, 47.97562982], [107.56036132, 47.97562145], [107.56048792, 47.97561556], [107.5605685, 47.97561374], [107.56065815, 47.97561376], [107.56093193, 47.97561984], [107.56103464, 47.97562373], [107.5611487, 47.97563106], [107.56155404, 47.97566735], [107.56171638, 47.97567891], [107.56180289, 47.97568269], [107.56188374, 47.97568418], [107.56196047, 47.97568342], [107.56203386, 47.9756804], [107.56214142, 47.97567327], [107.56223853, 47.97566492], [107.56232847, 47.97565507], [107.56241243, 47.97564357], [107.56257478, 47.97562075], [107.5626558, 47.97560632], [107.56272928, 47.97558737], [107.56276065, 47.97557637], [107.5627889, 47.97556421], [107.56285523, 47.9755282], [107.56291362, 47.97548769], [107.56293839, 47.97546673], [107.56295989, 47.9754456], [107.56297789, 47.97542449], [107.56299228, 47.97540357], [107.56300694, 47.97537336], [107.5630173, 47.97533832], [107.56302362, 47.97529794], [107.56302678, 47.97524671], [107.56302524, 47.97521252], [107.56301835, 47.97517439], [107.56297333, 47.97502086], [107.56296094, 47.97497339], [107.56292702, 47.97486512], [107.56291528, 47.97481609], [107.56290975, 47.97475971], [107.56291127, 47.97473418], [107.56291567, 47.97470996], [107.56293162, 47.97464836], [107.562947, 47.97460842], [107.56296716, 47.97457614], [107.5629791, 47.97456316], [107.56299238, 47.97455215], [107.56300758, 47.97454269], [107.56302573, 47.97453399], [107.56307146, 47.97451864], [107.56312789, 47.97450603], [107.56322178, 47.97449027], [107.56331303, 47.97447857], [107.5634092, 47.97447317], [107.56350678, 47.97447425], [107.56360175, 47.97448178], [107.56367897, 47.97449451], [107.56376304, 47.97451581], [107.56384936, 47.97454344], [107.56400915, 47.9746004], [107.56412435, 47.97464399], [107.5642485, 47.97469794], [107.56436004, 47.97475096], [107.56465788, 47.97489809], [107.56476287, 47.97495036], [107.56497684, 47.97506349], [107.56507001, 47.97511093], [107.56517079, 47.97515812], [107.56526441, 47.97519673], [107.56540795, 47.97524931], [107.5655387, 47.97529235], [107.56566197, 47.9753276], [107.56577947, 47.9753555], [107.5658481, 47.97536897], [107.56591991, 47.97538102], [107.56607402, 47.97540097], [107.56624404, 47.9754157], [107.5664381, 47.97542592], [107.5665641, 47.97542866], [107.56670175, 47.97542741], [107.56685433, 47.97542225], [107.56705028, 47.97541223], [107.56737358, 47.975392], [107.56749918, 47.97538166], [107.56761373, 47.97537017], [107.56772369, 47.97535678], [107.56782688, 47.97534164], [107.56792447, 47.97532457], [107.56801711, 47.97530546], [107.56819979, 47.97526599], [107.56829669, 47.97524161], [107.56834234, 47.97522784], [107.56838352, 47.97521347], [107.5684209, 47.97519829], [107.56845478, 47.97518215], [107.56853099, 47.97513851], [107.5685992, 47.97509077], [107.56865578, 47.97504147], [107.56867912, 47.97501675], [107.56869895, 47.97499221], [107.56871791, 47.97496331], [107.56873398, 47.97493185], [107.56874714, 47.97489786], [107.56875737, 47.9748614], [107.56876466, 47.97482251], [107.56876897, 47.97478132], [107.56877029, 47.97473796], [107.56876862, 47.97469265], [107.56876053, 47.97463074], [107.5687449, 47.9745688], [107.56872227, 47.97450899], [107.56869333, 47.9744531], [107.56867113, 47.9744201], [107.56864367, 47.9743868], [107.56861075, 47.97435294], [107.56857189, 47.97431802], [107.5685305, 47.97428456], [107.56848182, 47.97424828], [107.56831829, 47.97413512], [107.56826701, 47.97410133], [107.5682108, 47.97406815], [107.56814915, 47.97403528], [107.56808107, 47.97400218], [107.56793756, 47.97393965], [107.56764495, 47.97382326], [107.56752469, 47.97377292], [107.56740379, 47.97371657], [107.56730155, 47.9736612], [107.5670889, 47.973543], [107.56700166, 47.97348989], [107.56695908, 47.97346018], [107.56692244, 47.97343111], [107.56689105, 47.97340214], [107.56686461, 47.97337297], [107.56682454, 47.97331872], [107.566791, 47.97326194], [107.56676518, 47.97320466], [107.56674782, 47.97314854], [107.5667366, 47.97308254], [107.56673438, 47.97301892], [107.56674122, 47.97296005], [107.56675698, 47.9729071], [107.56677549, 47.97286885], [107.56680023, 47.97282994], [107.56683068, 47.97279119], [107.56686611, 47.97275352], [107.56690565, 47.97271787], [107.56694833, 47.97268511], [107.56699314, 47.97265601], [107.56703914, 47.97263117], [107.56707548, 47.97261524], [107.56711617, 47.97260071], [107.56716138, 47.97258751], [107.56721145, 47.97257554], [107.56726552, 47.97256493], [107.56732577, 47.97255518], [107.5674782, 47.97253621], [107.56753728, 47.97253088], [107.56759941, 47.97252758], [107.56766501, 47.9725263], [107.56773477, 47.97252702], [107.56788628, 47.97253419], [107.56809176, 47.97255087], [107.56822051, 47.97256413], [107.5683498, 47.97258116], [107.56847889, 47.97260187], [107.56860702, 47.97262612], [107.56873342, 47.97265377], [107.56885738, 47.97268466], [107.56897817, 47.97271862], [107.56909512, 47.97275546], [107.56916834, 47.97278125], [107.56924327, 47.97281048], [107.56932064, 47.97284342], [107.56940193, 47.97288071], [107.56955227, 47.97295531], [107.56989584, 47.97313486], [107.56995859, 47.97316866], [107.57009424, 47.97324817], [107.57015539, 47.9732819], [107.57022272, 47.9733143], [107.57028636, 47.97333898], [107.57033369, 47.9733539], [107.57038403, 47.97336769], [107.57049406, 47.97339192], [107.57061711, 47.97341182], [107.57075568, 47.9734278], [107.5708939, 47.97343843], [107.5710198, 47.9734425], [107.57113559, 47.97344006], [107.57118989, 47.9734364], [107.57124189, 47.9734311], [107.57133447, 47.97341706], [107.57143156, 47.97339669], [107.57153302, 47.97337002], [107.57163874, 47.97333707], [107.57169004, 47.97331854], [107.571742, 47.97329706], [107.57179513, 47.97327242], [107.57185047, 47.97324414], [107.57194742, 47.97318941], [107.57219459, 47.97304081], [107.57226622, 47.97299754], [107.57234236, 47.97294652], [107.57241805, 47.97289185], [107.57262085, 47.97274012], [107.57268399, 47.9726958], [107.5727422, 47.97265771], [107.57281152, 47.97261653], [107.57287918, 47.97258122], [107.57294652, 47.97255107], [107.57301427, 47.97252577], [107.57313019, 47.97248962], [107.57324683, 47.97245894], [107.57336188, 47.97243434], [107.57347373, 47.97241614], [107.57356879, 47.97240408], [107.57365186, 47.97239545], [107.57372827, 47.97238971], [107.57379921, 47.97238678], [107.57386635, 47.97238665], [107.57392928, 47.97238936], [107.57398832, 47.97239492], [107.57404365, 47.97240336], [107.57412751, 47.97242193], [107.57421148, 47.97244655], [107.57429209, 47.97247621], [107.57436592, 47.97250966], [107.57442042, 47.97254168], [107.57447445, 47.97258297], [107.57452111, 47.97262561], [107.57462357, 47.97272734], [107.57467483, 47.97277235], [107.57473676, 47.97282411], [107.57489057, 47.97295866], [107.57497783, 47.97302797], [107.57502876, 47.97306353], [107.57507875, 47.9730944], [107.57512879, 47.97312119], [107.57517937, 47.97314417], [107.57526864, 47.97317817], [107.57536118, 47.97320769], [107.57545374, 47.97323168], [107.57554386, 47.97324951], [107.57562152, 47.97325969], [107.57570418, 47.97326534], [107.57579199, 47.97326647], [107.57588519, 47.97326308], [107.57598353, 47.97325523], [107.57608827, 47.97324284], [107.57620043, 47.97322582], [107.57632348, 47.97320364], [107.57646634, 47.97317333], [107.57659244, 47.97314052], [107.57670431, 47.97310454], [107.57675513, 47.97308529], [107.57680263, 47.97306517], [107.57690464, 47.97301523], [107.5769983, 47.97296083], [107.57704109, 47.97293248], [107.57708091, 47.97290355], [107.57711756, 47.97287418], [107.57715089, 47.97284449], [107.57719517, 47.97279824], [107.57723768, 47.97274453], [107.57727942, 47.9726824], [107.57732886, 47.97259926], [107.57736363, 47.9725311], [107.57739486, 47.97245324], [107.57741905, 47.97237977], [107.57747726, 47.97218441], [107.57749917, 47.97210839], [107.57753636, 47.97195177], [107.57755415, 47.97188542], [107.57757732, 47.97181649], [107.57760384, 47.97175586], [107.57766012, 47.97163626], [107.57769382, 47.97157644], [107.57771352, 47.97154837], [107.57773431, 47.97152355], [107.57775654, 47.97150158], [107.5777804, 47.97148227], [107.5778086, 47.97146356], [107.57784091, 47.97144553], [107.57787743, 47.97142813], [107.57791829, 47.97141129], [107.5780132, 47.97137915], [107.57813289, 47.97134665], [107.57822751, 47.97132549], [107.57831946, 47.97130986], [107.57840712, 47.97130002], [107.5784896, 47.97129606], [107.57855073, 47.97129666], [107.57861308, 47.97129996], [107.5786756, 47.97130589], [107.57873729, 47.97131437], [107.5787971, 47.97132523], [107.57885432, 47.97133835], [107.57890822, 47.97135355], [107.57895821, 47.97137068], [107.57899459, 47.97138555], [107.57903123, 47.97140288], [107.5791056, 47.97144505], [107.57918194, 47.97149749], [107.57926361, 47.97156248], [107.57929452, 47.97159074], [107.57932349, 47.97162182], [107.57935085, 47.97165604], [107.57937713, 47.97169408], [107.57941943, 47.97176666], [107.57950954, 47.97194159], [107.57953544, 47.97198546], [107.57956133, 47.97202407], [107.5796704, 47.97218232], [107.5797199, 47.97224961], [107.57977571, 47.97231614], [107.57983229, 47.97237274], [107.57991958, 47.97245023], [107.57998687, 47.97250322], [107.58005245, 47.97254614], [107.58008485, 47.97256383], [107.58011729, 47.97257919], [107.58015972, 47.97259644], [107.58020491, 47.97261233], [107.58025234, 47.97262668], [107.58030144, 47.97263931], [107.58035158, 47.97265006], [107.58040215, 47.9726588], [107.58045255, 47.97266543], [107.58050219, 47.97266987], [107.58056282, 47.97267263], [107.58062262, 47.97267267], [107.58068014, 47.97266999], [107.58073438, 47.97266465], [107.58080345, 47.97265271], [107.58087686, 47.97263384], [107.58095577, 47.97260782], [107.58104677, 47.97257248], [107.58115798, 47.97252425], [107.58124148, 47.97248123], [107.58127647, 47.97245982], [107.58130694, 47.97243843], [107.58133306, 47.97241694], [107.58135491, 47.97239527], [107.58137984, 47.97236068], [107.58139842, 47.97231852], [107.58141004, 47.97227613], [107.58143104, 47.97217293], [107.58144702, 47.97212358], [107.58148581, 47.97204418], [107.58158507, 47.97186997], [107.58162073, 47.9717933], [107.5816305, 47.97176377], [107.58163808, 47.97173016], [107.58165429, 47.97160519], [107.58166442, 47.97155547], [107.58167274, 47.97152956], [107.58168299, 47.9715061], [107.58169537, 47.97148463], [107.58171001, 47.97146491], [107.58175469, 47.97141606], [107.58180002, 47.97137547], [107.58184613, 47.97134306], [107.58189292, 47.97131889], [107.58194713, 47.97130017], [107.58201184, 47.97128556], [107.5820857, 47.97127541], [107.5821652, 47.9712702], [107.58219548, 47.97127021], [107.5822271, 47.97127214], [107.58229607, 47.97128193], [107.58236103, 47.9712961], [107.58250647, 47.97133298], [107.58257049, 47.97134622], [107.5826682, 47.9713644], [107.58291388, 47.97141349], [107.58304621, 47.97143612], [107.58311955, 47.97144588], [107.58318812, 47.97145257], [107.58325326, 47.97145632], [107.58331563, 47.97145717], [107.58345102, 47.97145276], [107.58357747, 47.97144231], [107.5836369, 47.97143485], [107.58369368, 47.97142593], [107.58374773, 47.97141554], [107.58379899, 47.97140372], [107.58390838, 47.97137322], [107.58400394, 47.97134033], [107.58408507, 47.97130523], [107.58412012, 47.9712869], [107.58415145, 47.97126807], [107.58418823, 47.97124112], [107.58422194, 47.97120985], [107.58425287, 47.97117398], [107.58428152, 47.97113296], [107.58430518, 47.97109222], [107.5843286, 47.97104513], [107.58440604, 47.97086501], [107.5844293, 47.97080711], [107.58444879, 47.97074119], [107.58446302, 47.97067788], [107.58449128, 47.97053113], [107.58450792, 47.97046237], [107.5845269, 47.97040352], [107.58454942, 47.97035093], [107.58459454, 47.97026787], [107.58465186, 47.97017839], [107.58472197, 47.97008093], [107.58482511, 47.96994739], [107.58498178, 47.9697496], [107.58504036, 47.96968044], [107.58509585, 47.96961896], [107.58515317, 47.96956004], [107.58521028, 47.96950618], [107.58526794, 47.96945664], [107.58532659, 47.96941105], [107.58540222, 47.96935832], [107.58548892, 47.96930355], [107.58558868, 47.9692454], [107.5857163, 47.96917523], [107.5858467, 47.96910846], [107.58599539, 47.96903927], [107.58616241, 47.96896716], [107.58641906, 47.9688614], [107.5866838, 47.96875555], [107.58693587, 47.96866059], [107.58717901, 47.96857509], [107.58741518, 47.96849838], [107.5875642, 47.9684564], [107.58784046, 47.9683885], [107.58794678, 47.96836071], [107.58805252, 47.96832944], [107.5881447, 47.96829746], [107.58830619, 47.96823818], [107.58838746, 47.96820511], [107.58845965, 47.96816952], [107.58848994, 47.96815146], [107.58851682, 47.96813297], [107.58854235, 47.9681126], [107.58856703, 47.96809003], [107.58861455, 47.96803762], [107.58866029, 47.96797529], [107.58871584, 47.96788725], [107.58875252, 47.96781964], [107.58878504, 47.96774368], [107.5888143, 47.96765783], [107.58884657, 47.96754373], [107.588858, 47.96748712], [107.58887611, 47.96734593], [107.58888493, 47.96730725], [107.58889642, 47.96727299], [107.58892872, 47.96719073], [107.58895228, 47.96714311], [107.58898041, 47.96710287], [107.58899613, 47.96708622], [107.58901313, 47.96707169], [107.58903637, 47.96705607], [107.58906392, 47.96704143], [107.58909592, 47.9670277], [107.58913263, 47.96701476], [107.58921878, 47.96699136], [107.58934587, 47.96696485], [107.58943281, 47.96695144], [107.58953218, 47.96694338], [107.58964, 47.96694017], [107.58983059, 47.96693973], [107.58993035, 47.96694155], [107.59018112, 47.96695501], [107.59029634, 47.9669576], [107.5904754, 47.96695628], [107.59059681, 47.96695236], [107.59070554, 47.96694439], [107.59080218, 47.96693199], [107.59089953, 47.96691268], [107.59100544, 47.96688449], [107.59111238, 47.9668506], [107.59132273, 47.96677834], [107.59147265, 47.96672449], [107.59163535, 47.96665883], [107.59178703, 47.96659273], [107.59214, 47.96643352], [107.59231594, 47.96635858], [107.59241526, 47.9663157], [107.59263378, 47.96621508], [107.59272996, 47.96617434], [107.59279034, 47.96615147], [107.59284782, 47.96613215], [107.59290356, 47.966116], [107.59295814, 47.96610284], [107.59310422, 47.96607147], [107.59319788, 47.96605592], [107.59324176, 47.96605122], [107.5932826, 47.96604889], [107.59332093, 47.9660489], [107.59335702, 47.96605125], [107.593411, 47.96605949], [107.59347029, 47.96607396], [107.59353381, 47.96609391], [107.59363565, 47.9661301], [107.5937458, 47.96617087], [107.59383073, 47.96620674], [107.59390177, 47.9662425], [107.59396004, 47.96627886], [107.59398905, 47.96630137], [107.59401628, 47.96632672], [107.59404203, 47.96635518], [107.59406681, 47.96638731], [107.59410311, 47.96644334], [107.5941754, 47.9665725], [107.59420996, 47.96662798], [107.59429063, 47.9667513], [107.59437473, 47.96688964], [107.59445508, 47.9670293], [107.59466304, 47.96740046], [107.59478734, 47.96760825], [107.59496871, 47.96791224], [107.59503647, 47.96802035], [107.59511767, 47.96813667], [107.59515814, 47.96818868], [107.59519922, 47.96823751], [107.59529257, 47.96833721], [107.59540394, 47.96844356], [107.59553377, 47.96855765], [107.59573065, 47.96872215], [107.59579497, 47.96877894], [107.59594361, 47.96891962], [107.59602188, 47.96898547], [107.59606987, 47.96902002], [107.59611738, 47.96904937], [107.59616532, 47.96907406], [107.59621419, 47.96909436], [107.59628495, 47.96911903], [107.59635249, 47.96913993], [107.59641627, 47.9691569], [107.59647601, 47.96916985], [107.59653138, 47.96917874], [107.59662271, 47.96919455], [107.59666667, 47.96919444], [107.5967143, 47.96918295], [107.5967928, 47.96913951], [107.59683544, 47.96911416], [107.596874, 47.96908711], [107.59691575, 47.96905418], [107.59707174, 47.96891886], [107.59712854, 47.96886972], [107.59718344, 47.96881606], [107.59723697, 47.96875738], [107.59729008, 47.96869262], [107.59733643, 47.96863088], [107.59738553, 47.96856069], [107.59756811, 47.96828326], [107.59773128, 47.96805367], [107.59780172, 47.96794599], [107.59783405, 47.9678898], [107.59786091, 47.96783673], [107.59788278, 47.9677858], [107.59789989, 47.96773651], [107.59791498, 47.96768193], [107.59792734, 47.96762657], [107.59793689, 47.96757076], [107.59794357, 47.96751481], [107.59794734, 47.96745904], [107.5979482, 47.96740375], [107.59794614, 47.96734921], [107.59794116, 47.96729568], [107.59792776, 47.96722742], [107.59790308, 47.96715226], [107.59787212, 47.96707912], [107.5977848, 47.96689252], [107.59776302, 47.9668383], [107.5977467, 47.96678922], [107.5977099, 47.96665038], [107.59767867, 47.96650386], [107.59765275, 47.96634845], [107.5976317, 47.96618164], [107.59762492, 47.96610421], [107.59762095, 47.96602316], [107.59761974, 47.96593761], [107.59762126, 47.96584585], [107.59762954, 47.96567817], [107.59765654, 47.96530011], [107.59766349, 47.96513083], [107.59766198, 47.9649593], [107.597643, 47.96456512], [107.59763981, 47.96438897], [107.59764236, 47.96429271], [107.5976485, 47.96420319], [107.59765836, 47.96411858], [107.59767205, 47.96403798], [107.59768948, 47.96395851], [107.59771086, 47.96387612], [107.59773633, 47.96379019], [107.59776622, 47.96369964], [107.5978385, 47.9635055], [107.59794879, 47.96323705], [107.59805016, 47.962997], [107.59812379, 47.96283587], [107.59819807, 47.9626914], [107.59827413, 47.96256274], [107.59831704, 47.96249878], [107.59836549, 47.96243306], [107.59841998, 47.96236493], [107.59848157, 47.96229304], [107.59860246, 47.96216168], [107.59890671, 47.96184607], [107.59898582, 47.96175906], [107.59905378, 47.96167948], [107.59936404, 47.96131695], [107.59948676, 47.96116551], [107.59954824, 47.96108287], [107.59960177, 47.96100466], [107.59964838, 47.96092938], [107.59968854, 47.96085625], [107.59975844, 47.96070992], [107.59981586, 47.96056798], [107.59983986, 47.96049874], [107.59986071, 47.96043068], [107.59987839, 47.96036383], [107.59989292, 47.96029819], [107.59990579, 47.96022404], [107.59991533, 47.96014777], [107.59992152, 47.96006939], [107.59992437, 47.95998887], [107.59992389, 47.95990622], [107.59992006, 47.95982142], [107.5999129, 47.95973443], [107.59990239, 47.95964522], [107.59988494, 47.95952938], [107.59986517, 47.95942408], [107.59984248, 47.95932609], [107.59981656, 47.95923419], [107.59978697, 47.95914697], [107.59975369, 47.9590645], [107.59971656, 47.95898641], [107.59967546, 47.95891246], [107.59964481, 47.95886415], [107.5996099, 47.95881446], [107.59957042, 47.95876292], [107.59952575, 47.95870873], [107.59942656, 47.95859788], [107.5992489, 47.95841127], [107.59913483, 47.95829534], [107.59900288, 47.9581697], [107.59885645, 47.95803675], [107.59860635, 47.95781563], [107.59848843, 47.95771283], [107.59836292, 47.9576065], [107.59808236, 47.95737762], [107.5978502, 47.95719446], [107.5972655, 47.95674144], [107.59699979, 47.95653228], [107.59691061, 47.95646287], [107.59681036, 47.95638819], [107.59630762, 47.95603144], [107.5961884, 47.95594345], [107.59608481, 47.95586317], [107.59596984, 47.95576785], [107.59586881, 47.9556762], [107.59577968, 47.95558636], [107.59570151, 47.95549737], [107.59563456, 47.95541301], [107.59557039, 47.95532642], [107.59550931, 47.95523801], [107.59545164, 47.95514826], [107.59542087, 47.95509402], [107.5953912, 47.95503227], [107.59530747, 47.95482483], [107.59527389, 47.95474958], [107.59523502, 47.95467762], [107.59519254, 47.95461488], [107.59510915, 47.95450272], [107.59505837, 47.95444252], [107.59503121, 47.95441503], [107.59500383, 47.9543908], [107.59497582, 47.95436946], [107.59494694, 47.95435082], [107.59491509, 47.95433376], [107.59487922, 47.95431781], [107.594839, 47.95430281], [107.59479372, 47.95428849], [107.59470084, 47.95426443], [107.59449672, 47.95421909], [107.59436669, 47.95419162], [107.59412317, 47.95414874], [107.59402754, 47.95413037], [107.59381969, 47.95409441], [107.59375328, 47.95408126], [107.59368111, 47.95406233], [107.59362165, 47.95404021], [107.59359021, 47.95402494], [107.59355897, 47.9540072], [107.5934959, 47.95396353], [107.59343327, 47.95391089], [107.59333599, 47.95381961], [107.59328031, 47.95376205], [107.59322623, 47.95369459], [107.59317887, 47.95362643], [107.59306528, 47.95345109], [107.59303017, 47.95340207], [107.59299607, 47.95335901], [107.59293587, 47.95329077], [107.59286421, 47.95321633], [107.59262819, 47.95298932], [107.59255304, 47.95291471], [107.59249197, 47.95285008], [107.59243947, 47.95278978], [107.59237231, 47.95270654], [107.59230658, 47.95262039], [107.59224221, 47.95253123], [107.59217909, 47.95243893], [107.59211718, 47.95234341], [107.5920563, 47.95224441], [107.5919963, 47.95214167], [107.59193696, 47.95203484], [107.59189442, 47.95194986], [107.591853, 47.95185363], [107.59181754, 47.95176109], [107.59173825, 47.95154182], [107.59169541, 47.95143421], [107.59164992, 47.95133557], [107.59160185, 47.95124775], [107.59153197, 47.95113248], [107.59147846, 47.95105005], [107.59142612, 47.95097706], [107.59137384, 47.95091233], [107.5913127, 47.95084683], [107.59123765, 47.95077646], [107.59116674, 47.95071544], [107.59095381, 47.95053867], [107.59072817, 47.95034826], [107.59064495, 47.95027602], [107.59044327, 47.95010293], [107.59036102, 47.9500283], [107.59028356, 47.94994873], [107.59025156, 47.949911], [107.59022351, 47.94987401], [107.59018911, 47.94982238], [107.59015554, 47.94976512], [107.59012196, 47.9497009], [107.59008416, 47.94962173], [107.59003724, 47.94950865], [107.58999674, 47.94938602], [107.58996199, 47.94925193], [107.58993134, 47.94910013], [107.58991672, 47.94900114], [107.58990749, 47.94889778], [107.58990358, 47.94878934], [107.58990494, 47.94867458], [107.5899113, 47.94855593], [107.58992279, 47.94842634], [107.5899395, 47.9482831], [107.58996542, 47.94809185], [107.58999027, 47.94794116], [107.59002346, 47.9477847], [107.59006525, 47.94762116], [107.59011627, 47.94744813], [107.5901733, 47.94727445], [107.59024153, 47.94708262], [107.59031772, 47.94687996], [107.59045711, 47.9465198], [107.59052734, 47.94635067], [107.59071316, 47.94593716], [107.59075973, 47.94582199], [107.59079717, 47.94571746], [107.5908709, 47.94549201], [107.59089122, 47.94541542], [107.59090532, 47.94534607], [107.59091639, 47.94525011], [107.59091902, 47.94514247], [107.59091522, 47.94504147], [107.59089807, 47.94477862], [107.59088704, 47.9446354], [107.59085296, 47.94436102], [107.59084177, 47.94424884], [107.59083633, 47.94413232], [107.5908394, 47.94402785], [107.59085092, 47.94391775], [107.59087017, 47.94379755], [107.59089731, 47.94366471], [107.59093905, 47.94348637], [107.59098915, 47.94329573], [107.59104855, 47.94310121], [107.59111729, 47.94290272], [107.59119541, 47.94270011], [107.59125007, 47.94257002], [107.59130956, 47.94243803], [107.59137396, 47.94230396], [107.59144336, 47.94216763], [107.59151782, 47.94202889], [107.59159755, 47.94188736], [107.59168275, 47.94174269], [107.5917737, 47.94159439], [107.59200022, 47.94122709], [107.59207009, 47.94112001], [107.59213572, 47.94102532], [107.59220716, 47.94092959], [107.59227852, 47.94084192], [107.59235097, 47.94076086], [107.59242518, 47.94068568], [107.59250993, 47.94060914], [107.59260534, 47.94053245], [107.59271242, 47.94045478], [107.59283334, 47.94037454], [107.59294168, 47.94030737], [107.5930659, 47.94023404], [107.59358942, 47.93993717], [107.5936952, 47.93987409], [107.59378954, 47.93981525], [107.59395784, 47.93971048], [107.59433047, 47.93948581], [107.59447682, 47.93939429], [107.59456814, 47.93933454], [107.5946513, 47.9392776], [107.59472797, 47.9392223], [107.59479899, 47.93916805], [107.59492181, 47.93906657], [107.59505182, 47.93894972], [107.59517645, 47.93883072], [107.59544467, 47.93856691], [107.59554554, 47.93847146], [107.59580309, 47.938234], [107.5959356, 47.93810499], [107.59600495, 47.93803223], [107.59606612, 47.9379632], [107.59612032, 47.93789654], [107.59616809, 47.93783157], [107.59621798, 47.93775469], [107.59626442, 47.93767255], [107.59630792, 47.93758428], [107.59634931, 47.93748816], [107.59638087, 47.93740608], [107.59641316, 47.93731423], [107.59652149, 47.93697603], [107.59656885, 47.93683863], [107.5966078, 47.93672725], [107.59664775, 47.93660271], [107.5967722, 47.93617923], [107.59682218, 47.93601826], [107.59687784, 47.93585755], [107.59693485, 47.93571404], [107.59698323, 47.93560495], [107.59703702, 47.93549176], [107.59709672, 47.93537339], [107.59716336, 47.93524781], [107.59730586, 47.93499394], [107.59757922, 47.93452638], [107.59766099, 47.93439005], [107.59788125, 47.93403597], [107.59794284, 47.93393097], [107.59799509, 47.93383582], [107.59802773, 47.93377741], [107.59811086, 47.93363744], [107.59814879, 47.93356609], [107.59816723, 47.93352521], [107.59818162, 47.93348683], [107.59819226, 47.93345021], [107.59819924, 47.93341495], [107.59820313, 47.93337906], [107.59820435, 47.93334135], [107.59819879, 47.93325919], [107.59818309, 47.93316775], [107.59815217, 47.9330376], [107.59813928, 47.93299252], [107.59812265, 47.932946], [107.59810209, 47.9328976], [107.59807729, 47.93284651], [107.59802115, 47.9327457], [107.59790162, 47.93255135], [107.59785447, 47.93247058], [107.59781051, 47.93238555], [107.59777775, 47.93230818], [107.59774085, 47.93220414], [107.59770814, 47.93210248], [107.59767958, 47.93200306], [107.59765514, 47.93190578], [107.59763481, 47.93181051], [107.59761856, 47.93171724], [107.59760639, 47.93162592], [107.59759831, 47.93153649], [107.59759435, 47.93145639], [107.59759332, 47.93137471], [107.59759523, 47.9312915], [107.59760006, 47.9312068], [107.59760781, 47.93112065], [107.59761849, 47.93103313], [107.59763208, 47.93094429], [107.59764858, 47.93085421], [107.59766225, 47.93079276], [107.59767945, 47.93072884], [107.59772533, 47.93059035], [107.59777695, 47.93045847], [107.5979102, 47.93014074], [107.59794334, 47.9300546], [107.59797059, 47.92997658], [107.59801402, 47.92983751], [107.5980582, 47.92968171], [107.5982264, 47.92903537], [107.5982656, 47.92890013], [107.5983046, 47.92877702], [107.59836307, 47.92861305], [107.59851185, 47.92822648], [107.59854759, 47.92812498], [107.59857698, 47.92803295], [107.59860989, 47.92791227], [107.59863774, 47.92778606], [107.59866076, 47.92765325], [107.59867928, 47.92751191], [107.59869304, 47.9273675], [107.59870363, 47.92720737], [107.59872703, 47.92657756], [107.59873466, 47.92643553], [107.59874415, 47.92630833], [107.59875922, 47.92616228], [107.59877828, 47.92602639], [107.59880172, 47.92589797], [107.59882979, 47.92577567], [107.59887049, 47.92562547], [107.59892041, 47.92545864], [107.59909646, 47.9249182], [107.59925692, 47.92442878], [107.5994107, 47.9239764], [107.59956154, 47.92355007], [107.59971129, 47.92314466], [107.59994981, 47.92251826], [107.60012668, 47.92207404], [107.60021267, 47.92186812], [107.60029687, 47.92167386], [107.60038036, 47.92148871], [107.60046381, 47.92131123], [107.60062247, 47.92098872], [107.60078575, 47.9206721], [107.60095364, 47.92036135], [107.60112617, 47.92005647], [107.60130333, 47.91975745], [107.60148512, 47.91946429], [107.60167154, 47.91917698], [107.6018626, 47.91889552], [107.60202145, 47.91867113], [107.6021888, 47.91844327], [107.60236499, 47.91821149], [107.60255048, 47.9179752], [107.60274551, 47.91773406], [107.60295112, 47.91748678], [107.60316824, 47.91723222], [107.60339839, 47.91696863], [107.60380467, 47.91650523], [107.60399244, 47.91629387], [107.60418465, 47.91608329], [107.60436196, 47.9158962], [107.60454704, 47.91570977], [107.60472738, 47.91553779], [107.60490587, 47.91537752], [107.60508412, 47.91522752], [107.60536786, 47.91499704], [107.60555211, 47.91485476], [107.60564214, 47.91478937], [107.60572903, 47.91472939], [107.6058141, 47.91467392], [107.60589807, 47.9146225], [107.60610605, 47.91450281], [107.60619721, 47.91445347], [107.60628393, 47.91440888], [107.60636875, 47.91436777], [107.60645131, 47.91433037], [107.60653223, 47.91429641], [107.60661189, 47.91426571], [107.60671849, 47.91422792], [107.60682373, 47.91419341], [107.6069274, 47.91416227], [107.60702936, 47.91413453], [107.60712944, 47.91411023], [107.60722758, 47.9140894], [107.60732367, 47.91407206], [107.60741765, 47.9140582], [107.60752568, 47.91404605], [107.60763747, 47.91403724], [107.6077524, 47.91403182], [107.60786974, 47.91402982], [107.60798883, 47.91403127], [107.60810862, 47.91403615], [107.60822813, 47.91404442], [107.6083463, 47.91405602], [107.60843903, 47.9140685], [107.60853497, 47.91408537], [107.6086351, 47.9141068], [107.60874131, 47.91413319], [107.60883464, 47.91415894], [107.60893798, 47.9141896], [107.60927702, 47.91429675], [107.60940166, 47.91433476], [107.60968766, 47.91442183], [107.60997817, 47.91451564], [107.61027374, 47.91461638], [107.61057519, 47.91472432], [107.61067647, 47.91476437], [107.61088841, 47.91485685], [107.61098191, 47.91489507], [107.61108344, 47.91493075], [107.61113125, 47.9149448], [107.61117792, 47.91495658], [107.61131109, 47.91498444], [107.6114356, 47.91500448], [107.61155179, 47.91501677], [107.61160676, 47.91502001], [107.61165964, 47.9150213], [107.6117292, 47.91501979], [107.61180184, 47.91501439], [107.61187797, 47.91500508], [107.61195827, 47.91499178], [107.61204123, 47.91497487], [107.6121311, 47.91495363], [107.61222958, 47.91492773], [107.61235675, 47.91489191], [107.61248158, 47.91485555], [107.61257587, 47.91482633], [107.61265934, 47.91479812], [107.61273334, 47.91477038], [107.61280151, 47.91474161], [107.61286232, 47.91471229], [107.61291633, 47.91468215], [107.6129638, 47.91465104], [107.61301057, 47.9146139], [107.61305415, 47.91457159], [107.61309491, 47.91452376], [107.61313345, 47.91446969], [107.61316688, 47.91441485], [107.61320057, 47.91435178], [107.61330355, 47.91413245], [107.61335015, 47.9140249], [107.61339208, 47.91390294], [107.6134263, 47.91378189], [107.61349702, 47.91350366], [107.61353061, 47.91336792], [107.61355957, 47.91322541], [107.61358423, 47.91307463], [107.61360508, 47.91291257], [107.61361941, 47.91277179], [107.61363233, 47.91261458], [107.6136783, 47.91192472], [107.61369422, 47.91175296], [107.61371263, 47.91159782], [107.6137346, 47.9114512], [107.61376026, 47.91131305], [107.61378996, 47.91118148], [107.61382395, 47.91105545], [107.61383896, 47.91099683], [107.61386793, 47.91086172], [107.61388465, 47.91080075], [107.61391144, 47.91073246], [107.61392745, 47.9107023], [107.61394545, 47.91067426], [107.61398084, 47.91062979], [107.61402678, 47.91058217], [107.61407874, 47.91053472], [107.61418701, 47.91044171], [107.61423951, 47.91039728], [107.61429659, 47.91035203], [107.6144276, 47.9102567], [107.61453826, 47.91018205], [107.61482105, 47.90999896], [107.61494837, 47.90991351], [107.61562824, 47.90944392], [107.61613498, 47.90908607], [107.61626802, 47.9089953], [107.61638957, 47.9089157], [107.6167008, 47.90871906], [107.61694007, 47.90857534], [107.61705338, 47.90851089], [107.61716269, 47.90845134], [107.61726927, 47.90839603], [107.61737385, 47.90834456], [107.61760306, 47.90823748], [107.61779596, 47.90815362], [107.6179754, 47.90808305], [107.61806141, 47.90805226], [107.61814564, 47.90802422], [107.61830094, 47.90797808], [107.61847428, 47.90793337], [107.61866958, 47.90788889], [107.61892409, 47.90783617], [107.61906535, 47.90781019], [107.61922262, 47.90778608], [107.61939655, 47.90776341], [107.61990786, 47.90770245], [107.62006762, 47.90767957], [107.62020945, 47.90765547], [107.62048989, 47.90760715], [107.62060522, 47.9075851], [107.62072178, 47.90755789], [107.6208221, 47.90752795], [107.62089517, 47.9075019], [107.62096707, 47.90747361], [107.62103721, 47.90744331], [107.62110504, 47.90741124], [107.62116999, 47.90737767], [107.62123168, 47.90734281], [107.6212897, 47.90730687], [107.62134375, 47.90727007], [107.62140876, 47.90722126], [107.62146971, 47.90717083], [107.62152577, 47.90711945], [107.62157638, 47.90706763], [107.62162101, 47.90701596], [107.62165948, 47.90696465], [107.6216916, 47.90691399], [107.62171721, 47.9068642], [107.6217319, 47.90682679], [107.62174327, 47.90678677], [107.62175142, 47.90674376], [107.62175649, 47.90669703], [107.62175842, 47.90660331], [107.6217505, 47.90640934], [107.62174564, 47.90628072], [107.62173544, 47.90616008], [107.62171977, 47.90604593], [107.62169852, 47.90593751], [107.62166771, 47.90581816], [107.62162983, 47.90569955], [107.62158518, 47.90558261], [107.6215341, 47.90546825], [107.62149657, 47.90539596], [107.62145239, 47.90532158], [107.6214011, 47.90524433], [107.6213417, 47.90516268], [107.62122885, 47.90502101], [107.62099516, 47.9047462], [107.62090089, 47.90463129], [107.62069112, 47.90437382], [107.62044944, 47.90408971], [107.62021733, 47.90382469], [107.61961596, 47.90314697], [107.61947158, 47.90298619], [107.61930786, 47.90281098], [107.61912347, 47.90261951], [107.6185767, 47.90205999], [107.61840827, 47.90188206], [107.61826131, 47.90172122], [107.61809731, 47.90153263], [107.61795205, 47.90135411], [107.61782257, 47.90118206], [107.61770753, 47.90101464], [107.61759015, 47.9008264], [107.61746863, 47.90061433], [107.61735129, 47.90039602], [107.6171192, 47.89994958], [107.61694801, 47.89963488], [107.61688694, 47.89951881], [107.61682509, 47.89939152], [107.61677574, 47.89927626], [107.6167197, 47.89912721], [107.61667353, 47.89898838], [107.61663628, 47.89885687], [107.61660759, 47.8987314], [107.61658971, 47.89863261], [107.6165755, 47.89853393], [107.616565, 47.8984356], [107.61655822, 47.89833785], [107.61655518, 47.89824089], [107.61655589, 47.8981449], [107.61656034, 47.89805006], [107.61656852, 47.89795654], [107.61658154, 47.89785199], [107.61659746, 47.89775204], [107.61661637, 47.89765627], [107.61663829, 47.89756443], [107.61666331, 47.89747626], [107.61669144, 47.89739173], [107.6167227, 47.89731075], [107.61675713, 47.89723325], [107.61678081, 47.89718655], [107.61680759, 47.89713959], [107.61687068, 47.89704443], [107.61694708, 47.89694673], [107.61703833, 47.89684452], [107.61712327, 47.89675801], [107.61722309, 47.89666286], [107.61755597, 47.8963636], [107.61766852, 47.89625959], [107.61776757, 47.89616261], [107.61785215, 47.89607303], [107.61795793, 47.89595912], [107.61821082, 47.89569575], [107.61832794, 47.89556706], [107.61839247, 47.89549085], [107.61844929, 47.8954187], [107.61849952, 47.89534916], [107.61854371, 47.8952815], [107.61864018, 47.89511881], [107.6186777, 47.89504943], [107.61871013, 47.89498433], [107.61873846, 47.89492137], [107.61876244, 47.89486094], [107.61878226, 47.89480255], [107.61879803, 47.89474592], [107.61882153, 47.89463342], [107.61883523, 47.89452638], [107.61883914, 47.89442484], [107.61883325, 47.89432886], [107.61882165, 47.89426273], [107.61880112, 47.89418929], [107.61869987, 47.89391564], [107.61867038, 47.89381821], [107.61861102, 47.89360264], [107.61858367, 47.89351392], [107.61854434, 47.89340774], [107.61850075, 47.89331473], [107.61846547, 47.89325211], [107.6184247, 47.8931877], [107.61837807, 47.89312092], [107.61832483, 47.8930507], [107.61820582, 47.89290738], [107.61798968, 47.89266416], [107.61788786, 47.89255179], [107.61777937, 47.8924377], [107.61766388, 47.89232154], [107.61754085, 47.89220278], [107.61741018, 47.89208127], [107.6172703, 47.89195553], [107.61711979, 47.89182429], [107.61695566, 47.89168495], [107.61685973, 47.89160671], [107.6167569, 47.89152723], [107.61664639, 47.89144589], [107.61652674, 47.89136161], [107.61639515, 47.89127245], [107.61624732, 47.89117552], [107.61563744, 47.89078869], [107.61537641, 47.89061768], [107.61523745, 47.89052215], [107.61511092, 47.89043115], [107.61499428, 47.89034284], [107.61488631, 47.8902563], [107.61470897, 47.89010749], [107.61454251, 47.88996311], [107.61438593, 47.88982231], [107.61423862, 47.88968452], [107.61411772, 47.88956696], [107.61399878, 47.88944711], [107.61388183, 47.889325], [107.6137669, 47.88920065], [107.613654, 47.88907409], [107.61354318, 47.88894536], [107.61343446, 47.88881448], [107.61332787, 47.8886815], [107.61322342, 47.88854642], [107.61312116, 47.88840932], [107.61302114, 47.88827025], [107.61292338, 47.88812924], [107.61282792, 47.88798635], [107.61273479, 47.88784163], [107.61264404, 47.88769515], [107.61255571, 47.88754696], [107.6125025, 47.88745936], [107.61235706, 47.8872295], [107.61228282, 47.88709973], [107.61224786, 47.8870288], [107.61221978, 47.88696203], [107.61219803, 47.88689813], [107.6121824, 47.88683647], [107.61217331, 47.88678502], [107.61216692, 47.88673109], [107.61216318, 47.88667433], [107.61216206, 47.88661409], [107.61216728, 47.88648337], [107.61218387, 47.88630666], [107.61219088, 47.88625542], [107.61220175, 47.88619837], [107.61225829, 47.88595684], [107.61226781, 47.88590119], [107.61227343, 47.88585052], [107.61227628, 47.88578566], [107.61227502, 47.8857178], [107.61226963, 47.88564623], [107.61226001, 47.88556948], [107.61223499, 47.88542947], [107.61216807, 47.88511775], [107.6121454, 47.88498308], [107.61213147, 47.88486136], [107.61210816, 47.884589], [107.6120953, 47.88446843], [107.61207596, 47.88434137], [107.61205118, 47.8842284], [107.61202937, 47.8841499], [107.61200396, 47.8840691], [107.61194174, 47.8838989], [107.61186324, 47.88371391], [107.61176124, 47.88349709], [107.61162378, 47.88320348], [107.61158451, 47.88312597], [107.61154672, 47.88305755], [107.611503, 47.88298635], [107.61145792, 47.88292138], [107.61141068, 47.8828615], [107.61136083, 47.88280613], [107.61130794, 47.88275332], [107.61125179, 47.88270129], [107.61119264, 47.88265032], [107.61113083, 47.88260066], [107.61106667, 47.88255258], [107.61100047, 47.88250632], [107.61093256, 47.8824621], [107.61086325, 47.88242012], [107.61073394, 47.88234764], [107.61061821, 47.88228946], [107.61050829, 47.88224168], [107.61045492, 47.88222145], [107.61040233, 47.88220356], [107.61035047, 47.88218882], [107.6102915, 47.88217562], [107.61022263, 47.88216329], [107.61001239, 47.88213016], [107.60994732, 47.88211665], [107.60989092, 47.88210167], [107.60978591, 47.88206749], [107.60968295, 47.88202886], [107.60958352, 47.88198633], [107.60948905, 47.88194052], [107.60935714, 47.88186921], [107.60930348, 47.88183719], [107.6092556, 47.88180621], [107.60921226, 47.88177539], [107.60917377, 47.88174491], [107.6091399, 47.88171456], [107.60911052, 47.88168424], [107.60908947, 47.88165884], [107.60906985, 47.88163123], [107.60903403, 47.88156816], [107.609004, 47.88149965], [107.60895391, 47.88136615], [107.60893054, 47.88129827], [107.60891227, 47.88122674], [107.60889891, 47.88115083], [107.60889023, 47.88106921], [107.60888635, 47.88099401], [107.60888551, 47.88091009], [107.60889431, 47.88060855], [107.60889437, 47.88048717], [107.60888666, 47.88036263], [107.60887941, 47.88030584], [107.60886979, 47.88025173], [107.60885972, 47.88019411], [107.60883966, 47.880052], [107.60882483, 47.87997945], [107.60881319, 47.87993949], [107.60879944, 47.87990298], [107.60878331, 47.87986922], [107.60876462, 47.87983787], [107.60871722, 47.87977528], [107.60865677, 47.87971098], [107.60858361, 47.87964534], [107.60849849, 47.87957903], [107.60845298, 47.87954835], [107.6084019, 47.87951882], [107.6083447, 47.87949012], [107.60828024, 47.87946166], [107.608156, 47.87941408], [107.60785821, 47.87931072], [107.60778603, 47.87928294], [107.60772288, 47.87925608], [107.60743114, 47.87913171], [107.60732095, 47.87908182], [107.60726231, 47.87905274], [107.60720949, 47.87902425], [107.60716146, 47.8789958], [107.60711774, 47.8789671], [107.6070163, 47.87889233], [107.60692807, 47.87881784], [107.60688914, 47.8787809], [107.60685371, 47.8787442], [107.60682183, 47.87870781], [107.60679353, 47.87867174], [107.60676634, 47.87863199], [107.60674144, 47.8785895], [107.60671875, 47.87854413], [107.60669813, 47.87849561], [107.60667961, 47.87844413], [107.60666273, 47.87838855], [107.6066322, 47.87825914], [107.60662321, 47.87820718], [107.60661694, 47.87815315], [107.60661336, 47.87809687], [107.60661245, 47.87803806], [107.60661856, 47.87791195], [107.60663563, 47.87776713], [107.60664792, 47.87769193], [107.6066628, 47.87761824], [107.60668024, 47.8775462], [107.60670021, 47.87747593], [107.60672268, 47.87740757], [107.60674761, 47.87734117], [107.60677498, 47.87727682], [107.60680476, 47.87721458], [107.60684415, 47.87714224], [107.60688972, 47.87706856], [107.60694159, 47.87699334], [107.60699997, 47.87691627], [107.60706484, 47.87683734], [107.60713699, 47.87675553], [107.60721716, 47.87667], [107.6073072, 47.87657878], [107.60738695, 47.87650329], [107.60748002, 47.87642181], [107.60758289, 47.87633669], [107.60776579, 47.87618995], [107.60782763, 47.87614253], [107.60801642, 47.87600521], [107.60807199, 47.87595975], [107.60811769, 47.87591706], [107.60819403, 47.87583881], [107.60824175, 47.87578414], [107.60827818, 47.87573323], [107.60830294, 47.8756858], [107.60831503, 47.87565253], [107.6083243, 47.87561774], [107.60833063, 47.87558181], [107.60833395, 47.8755452], [107.60833421, 47.87550838], [107.60833141, 47.87547186], [107.60832558, 47.87543614], [107.6083168, 47.87540167], [107.60830511, 47.87536876], [107.60828987, 47.87533526], [107.60827121, 47.87530145], [107.60824931, 47.8752677], [107.60822439, 47.87523432], [107.60819678, 47.87520178], [107.60816683, 47.87517051], [107.60813496, 47.87514091], [107.60810174, 47.87511346], [107.60806563, 47.87508669], [107.60802712, 47.87506097], [107.60798672, 47.87503665], [107.607945, 47.87501405], [107.60790241, 47.87499342], [107.60785943, 47.87497499], [107.60781647, 47.87495894], [107.60777949, 47.87494755], [107.60773928, 47.87493786], [107.60769541, 47.87492975], [107.60764698, 47.87492307], [107.60756936, 47.87491575], [107.6073692, 47.87490364], [107.60727894, 47.87489548], [107.6064643, 47.87479448], [107.60619443, 47.87476252], [107.60588677, 47.87473011], [107.6056102, 47.87470633], [107.60535278, 47.87468953], [107.6050655, 47.87467554], [107.60478102, 47.87466501], [107.60414473, 47.874645], [107.60397158, 47.87464129], [107.60357495, 47.87464002], [107.60339804, 47.87463701], [107.60330146, 47.87463337], [107.60321172, 47.87462825], [107.60312698, 47.87462154], [107.60304634, 47.87461316], [107.6027989, 47.87458612], [107.60267022, 47.87456797], [107.60260818, 47.87455645], [107.60255147, 47.8745436], [107.60249915, 47.87452921], [107.60245075, 47.87451314], [107.60239182, 47.87449014], [107.60233311, 47.87446412], [107.60227558, 47.8744355], [107.60222034, 47.87440485], [107.60217316, 47.87437528], [107.60212706, 47.87434249], [107.60208197, 47.87430644], [107.60203777, 47.87426704], [107.60199449, 47.87422431], [107.60195172, 47.8741779], [107.60190919, 47.8741275], [107.60186621, 47.8740723], [107.60183951, 47.87403464], [107.60181419, 47.87399462], [107.6017671, 47.87390655], [107.60172374, 47.87380629], [107.60167779, 47.87367924], [107.60166096, 47.87362349], [107.60164745, 47.87356472], [107.60163709, 47.87350231], [107.60162967, 47.87343501], [107.60162331, 47.87331088], [107.60161984, 47.87302249], [107.60161603, 47.87295077], [107.60160994, 47.87288611], [107.60159951, 47.87276412], [107.60158551, 47.87247739], [107.60157911, 47.87240501], [107.60157075, 47.87233998], [107.60155609, 47.872261], [107.60153699, 47.87218826], [107.60151305, 47.87212031], [107.60148402, 47.87205645], [107.60143043, 47.87195308], [107.60139, 47.87188513], [107.60134713, 47.87182629], [107.60130128, 47.87177678], [107.60126546, 47.87174513], [107.601225, 47.87171381], [107.60118001, 47.87168292], [107.6011307, 47.87165258], [107.60107716, 47.87162288], [107.60101984, 47.87159406], [107.60095915, 47.87156634], [107.60089573, 47.87154], [107.60082831, 47.87151543], [107.6007556, 47.87149298], [107.60067768, 47.87147266], [107.60059464, 47.87145452], [107.60050655, 47.87143855], [107.60041361, 47.8714248], [107.600316, 47.8714133], [107.60021402, 47.87140409], [107.60014929, 47.87140029], [107.60008121, 47.87139868], [107.6000091, 47.87139924], [107.59993165, 47.87140198], [107.59978055, 47.87141193], [107.59945655, 47.87144017], [107.59930239, 47.87145369], [107.59914197, 47.87147097], [107.59897364, 47.87149219], [107.5987942, 47.87151774], [107.59845886, 47.87157153], [107.59767018, 47.87170767], [107.59743863, 47.8717487], [107.59718376, 47.87179956], [107.59692594, 47.87185524], [107.59623154, 47.87201062], [107.5960212, 47.87205481], [107.59583163, 47.87209185], [107.59561356, 47.87213018], [107.59540852, 47.8721611], [107.59521248, 47.8721852], [107.59502339, 47.87220274], [107.59476682, 47.87222279], [107.59461657, 47.87223222], [107.59447639, 47.87223715], [107.59435018, 47.87223689], [107.59409741, 47.87222859], [107.59400057, 47.87222252], [107.59391301, 47.87221462], [107.59382979, 47.8722043], [107.59375286, 47.87219166], [107.59368144, 47.87217655], [107.59361512, 47.8721589], [107.59353284, 47.87213059], [107.59344477, 47.87209256], [107.59336685, 47.87205391], [107.59315436, 47.87194227], [107.59302108, 47.87187426], [107.59287554, 47.87179594], [107.59240433, 47.87152974], [107.59222908, 47.87143339], [107.59191233, 47.87126757], [107.59155323, 47.87108741], [107.59120943, 47.87091996], [107.59041361, 47.87053764], [107.59004005, 47.87035436], [107.58971961, 47.87019181], [107.58943186, 47.87003965], [107.58915216, 47.86988708], [107.5888755, 47.86973376], [107.5886019, 47.86957971], [107.58833143, 47.86942495], [107.58806411, 47.86926952], [107.58779998, 47.86911344], [107.58753908, 47.86895671], [107.58728145, 47.86879937], [107.58702712, 47.86864144], [107.58677612, 47.86848294], [107.58652848, 47.86832388], [107.58628422, 47.86816428], [107.58604337, 47.86800416], [107.58580595, 47.86784353], [107.585572, 47.86768241], [107.58534153, 47.86752083], [107.58511128, 47.86735428], [107.584877, 47.86717756], [107.58463665, 47.86698912], [107.58438659, 47.86678614], [107.58414143, 47.86658117], [107.58387394, 47.8663521], [107.58285436, 47.86545792], [107.58262406, 47.86525859], [107.58241531, 47.8650809], [107.58217226, 47.86487862], [107.58194144, 47.86469201], [107.58171832, 47.86451739], [107.58150053, 47.86435294], [107.58124871, 47.86416847], [107.58096462, 47.86396445], [107.57995567, 47.86325244], [107.57934449, 47.86281032], [107.57917686, 47.86269396], [107.57902317, 47.86259226], [107.57881802, 47.86246129], [107.57864297, 47.86235211], [107.57848085, 47.86225401], [107.57832775, 47.86216467], [107.57817799, 47.86208086], [107.57803257, 47.86200324], [107.57789016, 47.86193111], [107.57774993, 47.86186404], [107.57759485, 47.86179409], [107.5774296, 47.86172345], [107.57725267, 47.86165144], [107.5770609, 47.86157678], [107.57699806, 47.86155395], [107.57692675, 47.86153024], [107.57665698, 47.86144821], [107.57654756, 47.86141243], [107.57643796, 47.8613708], [107.57638996, 47.86134966], [107.57634567, 47.86132795], [107.57629219, 47.86129874], [107.5762384, 47.86126635], [107.57618381, 47.86123047], [107.57612749, 47.86119052], [107.57601764, 47.86110546], [107.57582048, 47.86094241], [107.57578289, 47.86091017], [107.57574327, 47.86087302], [107.57560408, 47.86073056], [107.57554426, 47.86067352], [107.57547639, 47.86061793], [107.57544269, 47.86059438], [107.57540857, 47.86057324], [107.57536265, 47.86054818], [107.57531227, 47.86052377], [107.575257, 47.8604998], [107.57519601, 47.8604759], [107.57506369, 47.86043013], [107.57483565, 47.86035905], [107.57475144, 47.86033423], [107.57466199, 47.86031099], [107.57456645, 47.86028909], [107.57446311, 47.86026816], [107.57425985, 47.86023288], [107.57387207, 47.8601741], [107.57371618, 47.8601488], [107.57355701, 47.86011919], [107.57341648, 47.86008816], [107.57324504, 47.86004576], [107.57307883, 47.86000258], [107.5729176, 47.85995855], [107.5727612, 47.85991364], [107.57245582, 47.85982171], [107.57221718, 47.8597445], [107.57200612, 47.85966933], [107.57190939, 47.8596319], [107.5718176, 47.85959422], [107.57174207, 47.85956113], [107.5716646, 47.85952494], [107.5714997, 47.85944133], [107.57134787, 47.85935833], [107.5710227, 47.85917433], [107.57089368, 47.85910407], [107.57076467, 47.85903385], [107.57043953, 47.85885009], [107.57028771, 47.85876715], [107.5701228, 47.85868345], [107.56996978, 47.85861391], [107.56972902, 47.85850995], [107.56959346, 47.85845627], [107.56952603, 47.85843263], [107.5694619, 47.85841256], [107.56940001, 47.85839575], [107.56933981, 47.85838205], [107.56927932, 47.8583711], [107.56921488, 47.85836224], [107.56914583, 47.85835539], [107.56907085, 47.8583504], [107.56893136, 47.8583459], [107.56857877, 47.85834232], [107.56847354, 47.85834057], [107.5683561, 47.8583409], [107.56797566, 47.85834882], [107.56784028, 47.85835039], [107.56771137, 47.85834938], [107.56759493, 47.85834542], [107.56726077, 47.85833114], [107.56716697, 47.85832546], [107.56708365, 47.8583187], [107.56699782, 47.85830943], [107.56691869, 47.85829819], [107.56684492, 47.85828481], [107.56677586, 47.85826914], [107.56671517, 47.85825283], [107.56665345, 47.85823417], [107.56652684, 47.8581898], [107.56639589, 47.858136], [107.5662601, 47.85807255], [107.56619967, 47.85804138], [107.56613888, 47.85800737], [107.56607745, 47.85797034], [107.56601492, 47.85793005], [107.56588548, 47.85783904], [107.56573688, 47.85772476], [107.56560313, 47.85761408], [107.56548544, 47.85750693], [107.56538261, 47.85740222], [107.56533662, 47.85735063], [107.56529418, 47.85729948], [107.56524084, 47.85723091], [107.56519418, 47.85716714], [107.565153, 47.85710653], [107.56511687, 47.85704844], [107.56508533, 47.85699206], [107.56505842, 47.85693744], [107.56503604, 47.85688435], [107.56501812, 47.85683263], [107.5650054, 47.85678533], [107.56499559, 47.85673555], [107.56498861, 47.85668297], [107.56498439, 47.85662702], [107.56498386, 47.85650516], [107.56499387, 47.85634124], [107.56500921, 47.85620053], [107.56503345, 47.85606452], [107.56506647, 47.85593383], [107.56510816, 47.8558089], [107.56512797, 47.85576325], [107.56515478, 47.85571314], [107.56525851, 47.85554886], [107.56529389, 47.85548734], [107.56532222, 47.85542552], [107.56533944, 47.85536855], [107.56536113, 47.85528067], [107.56536813, 47.85523678], [107.56536737, 47.85519537], [107.5653635, 47.85517704], [107.56535726, 47.85516003], [107.56533584, 47.85512217], [107.56530711, 47.8550858], [107.56527394, 47.85505452], [107.5652384, 47.85503024], [107.5652185, 47.85502059], [107.56519556, 47.85501236], [107.56516937, 47.85500547], [107.56513944, 47.8549998], [107.56508182, 47.85499285], [107.56492671, 47.85498044], [107.56471977, 47.85495799], [107.56463948, 47.85495159], [107.56456612, 47.85494767], [107.56449553, 47.8549461], [107.56442923, 47.85494703], [107.56436653, 47.85495047], [107.56430706, 47.85495645], [107.56424368, 47.85496632], [107.56417373, 47.85498096], [107.56394574, 47.85504021], [107.5638111, 47.85507552], [107.56366633, 47.85511623], [107.56350767, 47.85516331], [107.56330826, 47.85522474], [107.56312269, 47.8552865], [107.56269368, 47.8554401], [107.56258166, 47.85547706], [107.56247886, 47.85550816], [107.56217887, 47.85559293], [107.56196569, 47.85564722], [107.56186547, 47.85566964], [107.5617701, 47.85568865], [107.56167836, 47.85570447], [107.56158957, 47.85571722], [107.56148074, 47.85573028], [107.561377, 47.85574079], [107.56127753, 47.85574886], [107.5611819, 47.8557545], [107.56108964, 47.85575774], [107.56100071, 47.85575858], [107.56091497, 47.85575702], [107.56083229, 47.85575305], [107.56075718, 47.85574731], [107.56068075, 47.85573958], [107.56052482, 47.85571826], [107.56036659, 47.85568938], [107.56020891, 47.85565343], [107.5601179, 47.85562875], [107.56002519, 47.85559997], [107.55993053, 47.85556699], [107.55983348, 47.85552968], [107.55973417, 47.85548812], [107.55963102, 47.85544168], [107.55952276, 47.85538979], [107.55940587, 47.85533078], [107.55934623, 47.85529879], [107.55928722, 47.85526471], [107.5592287, 47.85522846], [107.55917052, 47.85518993], [107.55905454, 47.85510566], [107.55893692, 47.8550102], [107.55884994, 47.85493357], [107.55875736, 47.85484715], [107.55865618, 47.85474835], [107.5583595, 47.85445201], [107.55826275, 47.85436011], [107.55817343, 47.85427978], [107.55724112, 47.85346953], [107.55696161, 47.85322246], [107.55671373, 47.85299928], [107.55646409, 47.85276919], [107.55623402, 47.85255099], [107.5560197, 47.85234106], [107.55581914, 47.85213744], [107.55570961, 47.8520314], [107.55544408, 47.85179238], [107.55538484, 47.85173523], [107.55533429, 47.85168294], [107.55527622, 47.85161613], [107.55522936, 47.85155293], [107.55519277, 47.8514921], [107.55516608, 47.851433], [107.55514412, 47.8513659], [107.55512808, 47.8512981], [107.55511796, 47.85122958], [107.55511377, 47.85116036], [107.55511551, 47.85109043], [107.55512317, 47.85101979], [107.55513675, 47.85094844], [107.55515627, 47.85087638], [107.5551817, 47.85080361], [107.55521306, 47.85073013], [107.55525035, 47.85065595], [107.55529356, 47.85058105], [107.5553427, 47.85050545], [107.55539776, 47.85042913], [107.55545875, 47.85035211], [107.55552778, 47.85027778], [107.56030556, 47.83536111], [107.53938889, 47.78463889], [107.53819445, 47.74575], [107.48352778, 47.72063889], [107.47666667, 47.65066667], [107.41063889, 47.6465], [107.33013889, 47.65194444], [107.297, 47.64811111], [107.29486111, 47.66872222], [107.26605556, 47.68880556], [107.21663889, 47.72522222], [107.18186111, 47.747], [107.11961111, 47.72375], [107.04011111, 47.72147222], [107.03252778, 47.73544444], [106.9635, 47.74366667], [106.94680556, 47.76080556], [106.90588889, 47.74888889], [106.88958333, 47.75822222], [106.86147222, 47.7625], [106.84, 47.74647222], [106.81327778, 47.7205], [106.79783333, 47.705], [106.78869444, 47.72358333], [106.73177778, 47.72013889], [106.69627778, 47.72913889], [106.68369444, 47.73586111], [106.64283333, 47.74213889], [106.60102778, 47.747], [106.58941667, 47.75136111], [106.58602778, 47.75016667], [106.58108333, 47.752], [106.57802778, 47.74991667], [106.59288889, 47.73655556], [106.56138889, 47.71133333], [106.50944445, 47.71911111], [106.50794444, 47.74605556], [106.50333333, 47.80547222], [106.53972222, 47.84763889], [106.51938889, 47.87136111], [106.51602778, 47.88980556], [106.5335, 47.91072222], [106.50661111, 47.94619445], [106.52736111, 47.95508333], [106.48105556, 47.98077778], [106.45922222, 48.01341667], [106.46111111, 48.04197222], [106.47791667, 48.07222222], [106.42688889, 48.12469444], [106.41619445, 48.13388889], [106.42880556, 48.14902778], [106.40775, 48.19666667], [106.36772222, 48.24644445], [106.36313889, 48.25727778], [106.44186111, 48.27227778], [106.45313889, 48.26433333], [106.499, 48.25386111], [106.58975, 48.24536111], [106.61197222, 48.23216667], [106.65844445, 48.23755556], [106.67694444, 48.23166667], [106.74511111, 48.22783333], [106.76333333, 48.22563889], [106.82433333, 48.21613889], [106.87522222, 48.18536111], [106.96094445, 48.19133333], [106.96869444, 48.19966667]]]]}, "geometry_name": "geom", "properties": {"guid": 124732, "id": 124732, "object_no": "1", "object_name": "Нийслэл", "layer_type_id": 254, "valid_to": null, "address_no": null, "border_type": "dashed", "border_width": 1, "border_color": "#660000", "border_opacity": 1, "border_wellknown": "shape://horizline", "fill_type": "color", "fill_color": "#999999", "fill_opacity": 0, "fill_wellknown": null, "fill_shape_color": null, "fill_shape_width": null, "fill_shape_size": null, "fill_img_url": null, "marker_img_url": null}}]}