{"type":"FeatureCollection","features":[{"type": "Feature", "id": "layer_data_map.fid--27e80436_1a098c1eed1_-4ffe", "geometry": {"type": "Polygon", "coordinates": [[[106.91133353, 47.9243266], [106.90949631, 47.92524771], [106.90898146, 47.92547557], [106.90763698, 47.92546378], [106.90783906, 47.92447699], [106.90831992, 47.92450812], [106.9092466, 47.92453593], [106.90939415, 47.92444593], [106.90943808, 47.92383464], [106.90919137, 47.92382663], [106.9092161, 47.92347752], [106.91040535, 47.92349642], [106.91133353, 47.9243266]]]}, "geometry_name": "geom", "properties": {"guid": 1415385, "id": 1415385, "object_no": null, "object_name": null, "layer_type_id": 261, "valid_to": null, "address_no": null, "border_type": "solid", "border_width": 0, "border_color": "#e94c41", "border_opacity": null, "border_wellknown": "shape://horizline", "fill_type": "color", "fill_color": "#eb7f78", "fill_opacity": 0.5, "fill_wellknown": null, "fill_shape_color": null, "fill_shape_width": null, "fill_shape_size": null, "fill_img_url": null, "marker_img_url": null}},{"type": "Feature", "id": "layer_data_map.fid--27e80436_1a098c1eed1_-4ffd", "geometry": {"type": "Polygon", "coordinates": [[[106.91194953, 47.9284774], [106.91205933, 47.92797265], [106.91210789, 47.92796886], [106.91219153, 47.92767575], [106.91226351, 47.92736138], [106.91214711, 47.92734935], [106.91220838, 47.92712915], [106.91260961, 47.92717154], [106.91269226, 47.92712589], [106.91284889, 47.92645074], [106.9132464, 47.9260364], [106.91462372, 47.9261095], [106.91417839, 47.92865779], [106.91194953, 47.9284774]]]}, "geometry_name": "geom", "properties": {"guid": 1415386, "id": 1415386, "object_no": null, "object_name": null, "layer_type_id": 261, "valid_to": null, "address_no": null, "border_type": "solid", "border_width": 0, "border_color": "#e94c41", "border_opacity": null, "border_wellknown": "shape://horizline", "fill_type": "color", "fill_color": "#eb7f78", "fill_opacity": 0.5, "fill_wellknown": null, "fill_shape_color": null, "fill_shape_width": null, "fill_shape_size": null, "fill_img_url": null, "marker_img_url": null}},{"type": "Feature", "id": "layer_data_map.fid--27e80436_1a098c1eed1_-4ffc", "geometry": {"type": "Polygon", "coordinates": [[[106.91194953, 47.9284774], [106.91111267, 47.92841805], [106.91106963, 47.9281069], [106.91095941, 47.9279837], [106.9110323, 47.92742898], [106.91114997, 47.92693759], [106.91106376, 47.9268569], [106.91089908, 47.92680964], [106.91085361, 47.92677707], [106.91083658, 47.92673517], [106.91098866, 47.92593146], [106.9123279, 47.92524267], [106.91316535, 47.92596259], [106.91315674, 47.92602505], [106.91308259, 47.92613677], [106.91278913, 47.92643924], [106.91260961, 47.92717154], [106.91220838, 47.92712915], [106.91214711, 47.92734935], [106.91226351, 47.92736138], [106.91210789, 47.92796886], [106.91205933, 47.92797265], [106.91194953, 47.9284774]]]}, "geometry_name": "geom", "properties": {"guid": 1415387, "id": 1415387, "object_no": null, "object_name": null, "layer_type_id": 261, "valid_to": null, "address_no": null, "border_type": "solid", "border_width": 0, "border_color": "#e94c41", "border_opacity": null, "border_wellknown": "shape://horizline", "fill_type": "color", "fill_color": "#eb7f78", "fill_opacity": 0.5, "fill_wellknown": null, "fill_shape_color": null, "fill_shape_width": null, "fill_shape_size": null, "fill_img_url": null, "marker_img_url": null}},{"type": "Feature", "id": "layer_data_map.fid--27e80436_1a098c1eed1_-4ffb", "geometry": {"type": "Polygon", "coordinates": [[[106.91785381, 47.92606895], [106.91817195, 47.92453981], [106.91976439, 47.92468409], [106.92006672, 47.92483219], [106.92064646, 47.925365], [106.91911246, 47.92617033], [106.91785381, 47.92606895]]]}, "geometry_name": "geom", "properties": {"guid": 1415388, "id": 1415388, "object_no": null, "object_name": null, "layer_type_id": 261, "valid_to": null, "address_no": null, "border_type": "solid", "border_width": 0, "border_color": "#e94c41", "border_opacity": null, "border_wellknown": "shape://horizline", "fill_type": "color", "fill_color": "#eb7f78", "fill_opacity": 0.5, "fill_wellknown": null, "fill_shape_color": null, "fill_shape_width": null, "fill_shape_size": null, "fill_img_url": null, "marker_img_url": null}},{"type": "Feature", "id": "layer_data_map.fid--27e80436_1a098c1eed1_-4ffa", "geometry": {"type": "Polygon", "coordinates": [[[106.91435444, 47.92893683], [106.91705709, 47.92917384], [106.91643462, 47.93261439], [106.91375994, 47.93237213], [106.91435444, 47.92893683]]]}, "geometry_name": "geom", "properties": {"guid": 1415389, "id": 1415389, "object_no": null, "object_name": null, "layer_type_id": 261, "valid_to": null, "address_no": null, "border_type": "solid", "border_width": 0, "border_color": "#e94c41", "border_opacity": null, "border_wellknown": "shape://horizline", "fill_type": "color", "fill_color": "#eb7f78", "fill_opacity": 0.5, "fill_wellknown": null, "fill_shape_color": null, "fill_shape_width": null, "fill_shape_size": null, "fill_img_url": null, "marker_img_url": null}},{"type": "Feature", "id": "layer_data_map.fid--27e80436_1a098c1eed1_-4ff9", "geometry": {"type": "Polygon", "coordinates": [[[106.92141481, 47.93075153], [106.9218204, 47.93077517], [106.92176684, 47.93116088], [106.92241541, 47.93122136], [106.92304527, 47.93141589], [106.92488625, 47.93151407], [106.92729757, 47.93145642], [106.92743127, 47.93325797], [106.92497819, 47.93330195], [106.92497578, 47.93333428], [106.92459971, 47.93334776], [106.92459863, 47.93326127], [106.92364455, 47.93322903], [106.92348754, 47.93317699], [106.92303556, 47.93314028], [106.92288252, 47.93308285], [106.92116586, 47.93298875], [106.92129919, 47.93189465], [106.92119872, 47.93186667], [106.92141481, 47.93075153]]]}, "geometry_name": "geom", "properties": {"guid": 1415390, "id": 1415390, "object_no": null, "object_name": null, "layer_type_id": 261, "valid_to": null, "address_no": null, "border_type": "solid", "border_width": 0, "border_color": "#e94c41", "border_opacity": null, "border_wellknown": "shape://horizline", "fill_type": "color", "fill_color": "#eb7f78", "fill_opacity": 0.5, "fill_wellknown": null, "fill_shape_color": null, "fill_shape_width": null, "fill_shape_size": null, "fill_img_url": null, "marker_img_url": null}},{"type": "Feature", "id": "layer_data_map.fid--27e80436_1a098c1eed1_-4ff8", "geometry": {"type": "Polygon", "coordinates": [[[106.92448812, 47.93423089], [106.92081609, 47.93394757], [106.92107459, 47.93309225], [106.92116586, 47.93298875], [106.92288252, 47.93308285], [106.92303556, 47.93314028], [106.92348754, 47.93317699], [106.92364455, 47.93322903], [106.92459863, 47.93326127], [106.92459971, 47.93334776], [106.92448812, 47.93423089]]]}, "geometry_name": "geom", "properties": {"guid": 1415391, "id": 1415391, "object_no": null, "object_name": null, "layer_type_id": 261, "valid_to": null, "address_no": null, "border_type": "solid", "border_width": 0, "border_color": "#e94c41", "border_opacity": null, "border_wellknown": "shape://horizline", "fill_type": "color", "fill_color": "#eb7f78", "fill_opacity": 0.5, "fill_wellknown": null, "fill_shape_color": null, "fill_shape_width": null, "fill_shape_size": null, "fill_img_url": null, "marker_img_url": null}},{"type": "Feature", "id": "layer_data_map.fid--27e80436_1a098c1eed1_-4ff7", "geometry": {"type": "Polygon", "coordinates": [[[106.92034023, 47.936307], [106.92073253, 47.93408203], [106.92447082, 47.93436781], [106.92437238, 47.93461705], [106.92436072, 47.93595539], [106.92248404, 47.93600214], [106.92034023, 47.936307]]]}, "geometry_name": "geom", "properties": {"guid": 1415392, "id": 1415392, "object_no": null, "object_name": null, "layer_type_id": 261, "valid_to": null, "address_no": null, "border_type": "solid", "border_width": 0, "border_color": "#e94c41", "border_opacity": null, "border_wellknown": "shape://horizline", "fill_type": "color", "fill_color": "#eb7f78", "fill_opacity": 0.5, "fill_wellknown": null, "fill_shape_color": null, "fill_shape_width": null, "fill_shape_size": null, "fill_img_url": null, "marker_img_url": null}},{"type": "Feature", "id": "layer_data_map.fid--27e80436_1a098c1eed1_-4ff6", "geometry": {"type": "Polygon", "coordinates": [[[106.92005782, 47.93798693], [106.92034023, 47.936307], [106.92248404, 47.93600214], [106.92436072, 47.93595539], [106.92435583, 47.93651723], [106.92005782, 47.93798693]]]}, "geometry_name": "geom", "properties": {"guid": 1415393, "id": 1415393, "object_no": null, "object_name": null, "layer_type_id": 261, "valid_to": null, "address_no": null, "border_type": "solid", "border_width": 0, "border_color": "#e94c41", "border_opacity": null, "border_wellknown": "shape://horizline", "fill_type": "color", "fill_color": "#eb7f78", "fill_opacity": 0.5, "fill_wellknown": null, "fill_shape_color": null, "fill_shape_width": null, "fill_shape_size": null, "fill_img_url": null, "marker_img_url": null}},{"type": "Feature", "id": "layer_data_map.fid--27e80436_1a098c1eed1_-4ff5", "geometry": {"type": "Polygon", "coordinates": [[[106.92005064, 47.93688614], [106.91823186, 47.93679219], [106.91810538, 47.93670574], [106.91584144, 47.93655721], [106.91641867, 47.93376012], [106.92053055, 47.93409277], [106.92005064, 47.93688614]]]}, "geometry_name": "geom", "properties": {"guid": 1415394, "id": 1415394, "object_no": null, "object_name": null, "layer_type_id": 261, "valid_to": null, "address_no": null, "border_type": "solid", "border_width": 0, "border_color": "#e94c41", "border_opacity": null, "border_wellknown": "shape://horizline", "fill_type": "color", "fill_color": "#eb7f78", "fill_opacity": 0.5, "fill_wellknown": null, "fill_shape_color": null, "fill_shape_width": null, "fill_shape_size": null, "fill_img_url": null, "marker_img_url": null}},{"type": "Feature", "id": "layer_data_map.fid--27e80436_1a098c1eed1_-4ff4", "geometry": {"type": "Polygon", "coordinates": [[[106.91584144, 47.93655721], [106.91810538, 47.93670574], [106.91823186, 47.93679219], [106.92005064, 47.93688614], [106.91985767, 47.93805956], [106.91651051, 47.939214], [106.91561826, 47.93958078], [106.91545288, 47.93961919], [106.91527116, 47.9394628], [106.91534491, 47.93910059], [106.9153363, 47.93879383], [106.91584144, 47.93655721]]]}, "geometry_name": "geom", "properties": {"guid": 1415395, "id": 1415395, "object_no": null, "object_name": null, "layer_type_id": 261, "valid_to": null, "address_no": null, "border_type": "solid", "border_width": 0, "border_color": "#e94c41", "border_opacity": null, "border_wellknown": "shape://horizline", "fill_type": "color", "fill_color": "#eb7f78", "fill_opacity": 0.5, "fill_wellknown": null, "fill_shape_color": null, "fill_shape_width": null, "fill_shape_size": null, "fill_img_url": null, "marker_img_url": null}},{"type": "Feature", "id": "layer_data_map.fid--27e80436_1a098c1eed1_-4ff3", "geometry": {"type": "Polygon", "coordinates": [[[106.92696916, 47.91242422], [106.92349637, 47.91197045], [106.92611564, 47.90836395], [106.93206635, 47.90829028], [106.93134731, 47.90885076], [106.93088089, 47.90959067], [106.93081853, 47.90977027], [106.93047763, 47.9097461], [106.92973258, 47.91268648], [106.92812163, 47.91257623], [106.92696916, 47.91242422]]]}, "geometry_name": "geom", "properties": {"guid": 1415396, "id": 1415396, "object_no": null, "object_name": null, "layer_type_id": 261, "valid_to": null, "address_no": null, "border_type": "solid", "border_width": 0, "border_color": "#e94c41", "border_opacity": null, "border_wellknown": "shape://horizline", "fill_type": "color", "fill_color": "#eb7f78", "fill_opacity": 0.5, "fill_wellknown": null, "fill_shape_color": null, "fill_shape_width": null, "fill_shape_size": null, "fill_img_url": null, "marker_img_url": null}},{"type": "Feature", "id": "layer_data_map.fid--27e80436_1a098c1eed1_-4ff2", "geometry": {"type": "Polygon", "coordinates": [[[106.92520005, 47.90252755], [106.92426011, 47.90250059], [106.92419152, 47.90345978], [106.92069706, 47.90334189], [106.92079828, 47.90141191], [106.92091552, 47.89961135], [106.92538352, 47.89974363], [106.92520005, 47.90252755]]]}, "geometry_name": "geom", "properties": {"guid": 1415397, "id": 1415397, "object_no": null, "object_name": null, "layer_type_id": 261, "valid_to": null, "address_no": null, "border_type": "solid", "border_width": 0, "border_color": "#e94c41", "border_opacity": null, "border_wellknown": "shape://horizline", "fill_type": "color", "fill_color": "#eb7f78", "fill_opacity": 0.5, "fill_wellknown": null, "fill_shape_color": null, "fill_shape_width": null, "fill_shape_size": null, "fill_img_url": null, "marker_img_url": null}},{"type": "Feature", "id": "layer_data_map.fid--27e80436_1a098c1eed1_-4ff1", "geometry": {"type": "Polygon", "coordinates": [[[106.92052932, 47.90424722], [106.91834349, 47.9041812], [106.91417575, 47.90404071], [106.91406658, 47.90378646], [106.91468404, 47.90342278], [106.91702092, 47.90342663], [106.91767096, 47.90319675], [106.91839048, 47.9031614], [106.91844373, 47.90200554], [106.91722524, 47.90123155], [106.91682367, 47.90097647], [106.91683083, 47.9007595], [106.91694533, 47.89943935], [106.92083184, 47.89960525], [106.92052932, 47.90424722]]]}, "geometry_name": "geom", "properties": {"guid": 1415398, "id": 1415398, "object_no": null, "object_name": null, "layer_type_id": 261, "valid_to": null, "address_no": null, "border_type": "solid", "border_width": 0, "border_color": "#e94c41", "border_opacity": null, "border_wellknown": "shape://horizline", "fill_type": "color", "fill_color": "#eb7f78", "fill_opacity": 0.5, "fill_wellknown": null, "fill_shape_color": null, "fill_shape_width": null, "fill_shape_size": null, "fill_img_url": null, "marker_img_url": null}},{"type": "Feature", "id": "layer_data_map.fid--27e80436_1a098c1eed1_-4ff0", "geometry": {"type": "Polygon", "coordinates": [[[106.9094089, 47.89913225], [106.90851919, 47.89707203], [106.90846395, 47.89669868], [106.90856362, 47.8964294], [106.90871955, 47.89628121], [106.90920297, 47.89622801], [106.90987824, 47.89622533], [106.91265925, 47.8963508], [106.91337247, 47.89632753], [106.91539186, 47.89641971], [106.91634388, 47.89681709], [106.9170283, 47.89725209], [106.91690242, 47.89924222], [106.91689931, 47.89930569], [106.91451003, 47.89910648], [106.91294436, 47.89901357], [106.91015561, 47.89922538], [106.9094089, 47.89913225]]]}, "geometry_name": "geom", "properties": {"guid": 1415399, "id": 1415399, "object_no": null, "object_name": null, "layer_type_id": 261, "valid_to": null, "address_no": null, "border_type": "solid", "border_width": 0, "border_color": "#e94c41", "border_opacity": null, "border_wellknown": "shape://horizline", "fill_type": "color", "fill_color": "#eb7f78", "fill_opacity": 0.5, "fill_wellknown": null, "fill_shape_color": null, "fill_shape_width": null, "fill_shape_size": null, "fill_img_url": null, "marker_img_url": null}},{"type": "Feature", "id": "layer_data_map.fid--27e80436_1a098c1eed1_-4fef", "geometry": {"type": "Polygon", "coordinates": [[[106.92804487, 47.8977136], [106.9278442, 47.8995976], [106.92704885, 47.89958736], [106.91689931, 47.89930569], [106.91690057, 47.89927141], [106.91690242, 47.89924222], [106.9170283, 47.89725209], [106.91741045, 47.89740467], [106.92804487, 47.8977136]]]}, "geometry_name": "geom", "properties": {"guid": 1415400, "id": 1415400, "object_no": null, "object_name": null, "layer_type_id": 261, "valid_to": null, "address_no": null, "border_type": "solid", "border_width": 0, "border_color": "#e94c41", "border_opacity": null, "border_wellknown": "shape://horizline", "fill_type": "color", "fill_color": "#eb7f78", "fill_opacity": 0.5, "fill_wellknown": null, "fill_shape_color": null, "fill_shape_width": null, "fill_shape_size": null, "fill_img_url": null, "marker_img_url": null}},{"type": "Feature", "id": "layer_data_map.fid--27e80436_1a098c1eed1_-4fee", "geometry": {"type": "Polygon", "coordinates": [[[106.92699802, 47.89748864], [106.92109971, 47.89730284], [106.92126112, 47.89465475], [106.92367596, 47.89414265], [106.92381494, 47.89412182], [106.92412893, 47.89411544], [106.92457283, 47.8941751], [106.92720684, 47.89456548], [106.92700832, 47.89745492], [106.92699802, 47.89748864]]]}, "geometry_name": "geom", "properties": {"guid": 1415401, "id": 1415401, "object_no": null, "object_name": null, "layer_type_id": 261, "valid_to": null, "address_no": null, "border_type": "solid", "border_width": 0, "border_color": "#e94c41", "border_opacity": null, "border_wellknown": "shape://horizline", "fill_type": "color", "fill_color": "#eb7f78", "fill_opacity": 0.5, "fill_wellknown": null, "fill_shape_color": null, "fill_shape_width": null, "fill_shape_size": null, "fill_img_url": null, "marker_img_url": null}},{"type": "Feature", "id": "layer_data_map.fid--27e80436_1a098c1eed1_-4fed", "geometry": {"type": "Polygon", "coordinates": [[[106.92083794, 47.89727754], [106.91744807, 47.89720251], [106.91730413, 47.89714483], [106.91772923, 47.89515525], [106.92106414, 47.89449092], [106.92083794, 47.89727754]]]}, "geometry_name": "geom", "properties": {"guid": 1415402, "id": 1415402, "object_no": null, "object_name": null, "layer_type_id": 261, "valid_to": null, "address_no": null, "border_type": "solid", "border_width": 0, "border_color": "#e94c41", "border_opacity": null, "border_wellknown": "shape://horizline", "fill_type": "color", "fill_color": "#eb7f78", "fill_opacity": 0.5, "fill_wellknown": null, "fill_shape_color": null, "fill_shape_width": null, "fill_shape_size": null, "fill_img_url": null, "marker_img_url": null}},{"type": "Feature", "id": "layer_data_map.fid--27e80436_1a098c1eed1_-4fec", "geometry": {"type": "Polygon", "coordinates": [[[106.93433148, 47.89545598], [106.9240425, 47.89396431], [106.92349254, 47.8939884], [106.92353198, 47.89279627], [106.9248158, 47.89277649], [106.92522782, 47.89265158], [106.92622368, 47.8922624], [106.92837205, 47.89141674], [106.93468029, 47.89230052], [106.93597842, 47.89255956], [106.93661093, 47.89273729], [106.93433148, 47.89545598]]]}, "geometry_name": "geom", "properties": {"guid": 1415403, "id": 1415403, "object_no": null, "object_name": null, "layer_type_id": 261, "valid_to": null, "address_no": null, "border_type": "solid", "border_width": 0, "border_color": "#e94c41", "border_opacity": null, "border_wellknown": "shape://horizline", "fill_type": "color", "fill_color": "#eb7f78", "fill_opacity": 0.5, "fill_wellknown": null, "fill_shape_color": null, "fill_shape_width": null, "fill_shape_size": null, "fill_img_url": null, "marker_img_url": null}},{"type": "Feature", "id": "layer_data_map.fid--27e80436_1a098c1eed1_-4feb", "geometry": {"type": "Polygon", "coordinates": [[[106.90383381, 47.89321612], [106.90002876, 47.89319443], [106.8999411, 47.89133505], [106.9000529, 47.89100467], [106.8971276, 47.89041295], [106.89700871, 47.89029779], [106.89489931, 47.89014835], [106.89487738, 47.88989005], [106.89489233, 47.88988844], [106.8949434, 47.88965512], [106.89494158, 47.8894401], [106.89604758, 47.8893694], [106.89757291, 47.8893442], [106.89898776, 47.88939508], [106.90108254, 47.8896099], [106.90185981, 47.88980271], [106.90404301, 47.89012067], [106.90381531, 47.89102323], [106.90360411, 47.8910553], [106.90354912, 47.89140903], [106.90381394, 47.89173889], [106.90383381, 47.89321612]]]}, "geometry_name": "geom", "properties": {"guid": 1415404, "id": 1415404, "object_no": null, "object_name": null, "layer_type_id": 261, "valid_to": null, "address_no": null, "border_type": "solid", "border_width": 0, "border_color": "#e94c41", "border_opacity": null, "border_wellknown": "shape://horizline", "fill_type": "color", "fill_color": "#eb7f78", "fill_opacity": 0.5, "fill_wellknown": null, "fill_shape_color": null, "fill_shape_width": null, "fill_shape_size": null, "fill_img_url": null, "marker_img_url": null}},{"type": "Feature", "id": "layer_data_map.fid--27e80436_1a098c1eed1_-4fea", "geometry": {"type": "Polygon", "coordinates": [[[106.90032163, 47.90270626], [106.89860203, 47.90220578], [106.89767747, 47.90200182], [106.89666942, 47.90184314], [106.89593065, 47.90176062], [106.8960174, 47.90000983], [106.89615788, 47.8990692], [106.90168092, 47.89915773], [106.90150797, 47.90184153], [106.90036111, 47.90182638], [106.90032163, 47.90270626]]]}, "geometry_name": "geom", "properties": {"guid": 1415405, "id": 1415405, "object_no": null, "object_name": null, "layer_type_id": 261, "valid_to": null, "address_no": null, "border_type": "solid", "border_width": 0, "border_color": "#e94c41", "border_opacity": null, "border_wellknown": "shape://horizline", "fill_type": "color", "fill_color": "#eb7f78", "fill_opacity": 0.5, "fill_wellknown": null, "fill_shape_color": null, "fill_shape_width": null, "fill_shape_size": null, "fill_img_url": null, "marker_img_url": null}},{"type": "Feature", "id": "layer_data_map.fid--27e80436_1a098c1eed1_-4fe9", "geometry": {"type": "Polygon", "coordinates": [[[106.89310604, 47.89372074], [106.89381583, 47.89369269], [106.89374363, 47.89292611], [106.89355676, 47.89265541], [106.89355385, 47.89233528], [106.89379396, 47.89233377], [106.8937919, 47.89227714], [106.89384764, 47.89228009], [106.89382888, 47.89192341], [106.89418694, 47.89191795], [106.89410108, 47.89162653], [106.89356504, 47.89160478], [106.89357624, 47.8914967], [106.89378693, 47.89150659], [106.89376345, 47.89078582], [106.89354844, 47.89069484], [106.89323345, 47.89040718], [106.89297393, 47.89032395], [106.89297082, 47.89027948], [106.89258343, 47.8901988], [106.89102229, 47.89026797], [106.8909915, 47.88994406], [106.89380355, 47.88962636], [106.89494158, 47.8894401], [106.8949434, 47.88965512], [106.89489233, 47.88988844], [106.89487738, 47.88989005], [106.89489931, 47.89014835], [106.89700871, 47.89029779], [106.8971276, 47.89041295], [106.89708804, 47.89119615], [106.89626647, 47.89122659], [106.89643672, 47.89359903], [106.8967362, 47.89373501], [106.89676412, 47.89411165], [106.89613375, 47.89414302], [106.89614852, 47.89439227], [106.89593831, 47.89460715], [106.89599535, 47.89523852], [106.89322249, 47.89533722], [106.89310604, 47.89372074]]]}, "geometry_name": "geom", "properties": {"guid": 1415406, "id": 1415406, "object_no": null, "object_name": null, "layer_type_id": 261, "valid_to": null, "address_no": null, "border_type": "solid", "border_width": 0, "border_color": "#e94c41", "border_opacity": null, "border_wellknown": "shape://horizline", "fill_type": "color", "fill_color": "#eb7f78", "fill_opacity": 0.5, "fill_wellknown": null, "fill_shape_color": null, "fill_shape_width": null, "fill_shape_size": null, "fill_img_url": null, "marker_img_url": null}},{"type": "Feature", "id": "layer_data_map.fid--27e80436_1a098c1eed1_-4fe8", "geometry": {"type": "Polygon", "coordinates": [[[106.92699314, 47.89748872], [106.92700344, 47.897455], [106.92720195, 47.89456556], [106.93420853, 47.89557781], [106.93242635, 47.89765961], [106.92699314, 47.89748872]]]}, "geometry_name": "geom", "properties": {"guid": 1415407, "id": 1415407, "object_no": null, "object_name": null, "layer_type_id": 261, "valid_to": null, "address_no": null, "border_type": "solid", "border_width": 0, "border_color": "#e94c41", "border_opacity": null, "border_wellknown": "shape://horizline", "fill_type": "color", "fill_color": "#eb7f78", "fill_opacity": 0.5, "fill_wellknown": null, "fill_shape_color": null, "fill_shape_width": null, "fill_shape_size": null, "fill_img_url": null, "marker_img_url": null}},{"type": "Feature", "id": "layer_data_map.fid--27e80436_1a098c1eed1_-4fe7", "geometry": {"type": "Polygon", "coordinates": [[[106.86030497, 47.88408817], [106.85691377, 47.88345502], [106.8586531, 47.88159706], [106.85988395, 47.8824087], [106.86110637, 47.88368339], [106.86030497, 47.88408817]]]}, "geometry_name": "geom", "properties": {"guid": 1415408, "id": 1415408, "object_no": null, "object_name": null, "layer_type_id": 261, "valid_to": null, "address_no": null, "border_type": "solid", "border_width": 0, "border_color": "#e94c41", "border_opacity": null, "border_wellknown": "shape://horizline", "fill_type": "color", "fill_color": "#eb7f78", "fill_opacity": 0.5, "fill_wellknown": null, "fill_shape_color": null, "fill_shape_width": null, "fill_shape_size": null, "fill_img_url": null, "marker_img_url": null}},{"type": "Feature", "id": "layer_data_map.fid--27e80436_1a098c1eed1_-4fe6", "geometry": {"type": "Polygon", "coordinates": [[[106.85691377, 47.88345502], [106.85229008, 47.8825168], [106.84995379, 47.88149642], [106.84863322, 47.88084148], [106.8474707, 47.88011268], [106.84643002, 47.87929536], [106.84535935, 47.87862725], [106.84835272, 47.87662618], [106.85035852, 47.87763996], [106.85060738, 47.87742683], [106.8586531, 47.88159706], [106.85691377, 47.88345502]]]}, "geometry_name": "geom", "properties": {"guid": 1415409, "id": 1415409, "object_no": null, "object_name": null, "layer_type_id": 261, "valid_to": null, "address_no": null, "border_type": "solid", "border_width": 0, "border_color": "#e94c41", "border_opacity": null, "border_wellknown": "shape://horizline", "fill_type": "color", "fill_color": "#eb7f78", "fill_opacity": 0.5, "fill_wellknown": null, "fill_shape_color": null, "fill_shape_width": null, "fill_shape_size": null, "fill_img_url": null, "marker_img_url": null}},{"type": "Feature", "id": "layer_data_map.fid--27e80436_1a098c1eed1_-4fe5", "geometry": {"type": "Polygon", "coordinates": [[[106.85753632, 47.8760328], [106.85733118, 47.87623348], [106.85782858, 47.87641544], [106.85516801, 47.87920964], [106.85194976, 47.87744887], [106.84849409, 47.87580477], [106.84956002, 47.87413778], [106.85041818, 47.8743882], [106.85131374, 47.87360242], [106.85523692, 47.87545815], [106.85540899, 47.87532205], [106.85654121, 47.87561561], [106.85753632, 47.8760328]]]}, "geometry_name": "geom", "properties": {"guid": 1415410, "id": 1415410, "object_no": null, "object_name": null, "layer_type_id": 261, "valid_to": null, "address_no": null, "border_type": "solid", "border_width": 0, "border_color": "#e94c41", "border_opacity": null, "border_wellknown": "shape://horizline", "fill_type": "color", "fill_color": "#eb7f78", "fill_opacity": 0.5, "fill_wellknown": null, "fill_shape_color": null, "fill_shape_width": null, "fill_shape_size": null, "fill_img_url": null, "marker_img_url": null}},{"type": "Feature", "id": "layer_data_map.fid--27e80436_1a098c1eed1_-4fe4", "geometry": {"type": "Polygon", "coordinates": [[[106.93057329, 47.91271905], [106.93097079, 47.9109392], [106.93130012, 47.90932401], [106.93160026, 47.90894516], [106.93300299, 47.90824331], [106.93555218, 47.90821605], [106.93557799, 47.90848282], [106.93557503, 47.90922269], [106.93573248, 47.90922255], [106.9358083, 47.90963402], [106.93586247, 47.90971468], [106.93594728, 47.91039727], [106.93590241, 47.91067927], [106.9359043, 47.9108473], [106.9357577, 47.91085602], [106.93575073, 47.91116871], [106.93570901, 47.91116741], [106.93567774, 47.91202646], [106.93584022, 47.91225048], [106.93586695, 47.91268296], [106.93158205, 47.91274854], [106.93057329, 47.91271905]]]}, "geometry_name": "geom", "properties": {"guid": 1415411, "id": 1415411, "object_no": null, "object_name": null, "layer_type_id": 261, "valid_to": null, "address_no": null, "border_type": "solid", "border_width": 0, "border_color": "#e94c41", "border_opacity": null, "border_wellknown": "shape://horizline", "fill_type": "color", "fill_color": "#eb7f78", "fill_opacity": 0.5, "fill_wellknown": null, "fill_shape_color": null, "fill_shape_width": null, "fill_shape_size": null, "fill_img_url": null, "marker_img_url": null}},{"type": "Feature", "id": "layer_data_map.fid--27e80436_1a098c1eed1_-4fe3", "geometry": {"type": "Polygon", "coordinates": [[[106.93586695, 47.91268296], [106.93584022, 47.91225048], [106.93567774, 47.91202646], [106.93570901, 47.91116741], [106.93575073, 47.91116871], [106.9357577, 47.91085602], [106.9359043, 47.9108473], [106.93590241, 47.91067927], [106.93594728, 47.91039727], [106.93586247, 47.90971468], [106.9358083, 47.90963402], [106.93573248, 47.90922255], [106.93557503, 47.90922269], [106.93555218, 47.90821605], [106.93986187, 47.90816915], [106.93985885, 47.9088553], [106.94006606, 47.90885262], [106.94011752, 47.91023793], [106.93992889, 47.91024221], [106.93999775, 47.91140747], [106.94017045, 47.91140516], [106.94019769, 47.91261394], [106.93705035, 47.91266305], [106.93586695, 47.91268296]]]}, "geometry_name": "geom", "properties": {"guid": 1415412, "id": 1415412, "object_no": null, "object_name": null, "layer_type_id": 261, "valid_to": null, "address_no": null, "border_type": "solid", "border_width": 0, "border_color": "#e94c41", "border_opacity": null, "border_wellknown": "shape://horizline", "fill_type": "color", "fill_color": "#eb7f78", "fill_opacity": 0.5, "fill_wellknown": null, "fill_shape_color": null, "fill_shape_width": null, "fill_shape_size": null, "fill_img_url": null, "marker_img_url": null}},{"type": "Feature", "id": "layer_data_map.fid--27e80436_1a098c1eed1_-4fe2", "geometry": {"type": "Polygon", "coordinates": [[[106.94019769, 47.91261394], [106.94017045, 47.91140516], [106.93999775, 47.91140747], [106.93992889, 47.91024221], [106.94011752, 47.91023793], [106.94006606, 47.90885262], [106.93985885, 47.9088553], [106.93986187, 47.90816915], [106.94312335, 47.90811963], [106.94322987, 47.90902066], [106.94350536, 47.91177869], [106.9435258, 47.91248359], [106.94235217, 47.91252818], [106.94155776, 47.91258677], [106.94019769, 47.91261394]]]}, "geometry_name": "geom", "properties": {"guid": 1415413, "id": 1415413, "object_no": null, "object_name": null, "layer_type_id": 261, "valid_to": null, "address_no": null, "border_type": "solid", "border_width": 0, "border_color": "#e94c41", "border_opacity": null, "border_wellknown": "shape://horizline", "fill_type": "color", "fill_color": "#eb7f78", "fill_opacity": 0.5, "fill_wellknown": null, "fill_shape_color": null, "fill_shape_width": null, "fill_shape_size": null, "fill_img_url": null, "marker_img_url": null}},{"type": "Feature", "id": "layer_data_map.fid--27e80436_1a098c1eed1_-4fe1", "geometry": {"type": "Polygon", "coordinates": [[[106.94310074, 47.9075049], [106.94307317, 47.90794537], [106.93823977, 47.90799729], [106.93600552, 47.90802031], [106.93598928, 47.90728119], [106.93554994, 47.90728707], [106.93583443, 47.90475105], [106.93749473, 47.90483469], [106.9389805, 47.90489189], [106.94037281, 47.90487524], [106.94335075, 47.90486798], [106.94310074, 47.9075049]]]}, "geometry_name": "geom", "properties": {"guid": 1415414, "id": 1415414, "object_no": null, "object_name": null, "layer_type_id": 261, "valid_to": null, "address_no": null, "border_type": "solid", "border_width": 0, "border_color": "#e94c41", "border_opacity": null, "border_wellknown": "shape://horizline", "fill_type": "color", "fill_color": "#eb7f78", "fill_opacity": 0.5, "fill_wellknown": null, "fill_shape_color": null, "fill_shape_width": null, "fill_shape_size": null, "fill_img_url": null, "marker_img_url": null}},{"type": "Feature", "id": "layer_data_map.fid--27e80436_1a098c1eed1_-4fe0", "geometry": {"type": "Polygon", "coordinates": [[[106.9371995, 47.90466156], [106.93739, 47.90286309], [106.93710107, 47.90279519], [106.93716635, 47.90218472], [106.9371114, 47.90211119], [106.93731393, 47.90177841], [106.93738807, 47.90165696], [106.94277465, 47.90308877], [106.9431694, 47.90324304], [106.94337604, 47.90342273], [106.94347952, 47.9036099], [106.94349596, 47.9037597], [106.94333905, 47.9046892], [106.94276086, 47.90472538], [106.93912914, 47.90472968], [106.93833903, 47.90471907], [106.9371995, 47.90466156]]]}, "geometry_name": "geom", "properties": {"guid": 1415415, "id": 1415415, "object_no": null, "object_name": null, "layer_type_id": 261, "valid_to": null, "address_no": null, "border_type": "solid", "border_width": 0, "border_color": "#e94c41", "border_opacity": null, "border_wellknown": "shape://horizline", "fill_type": "color", "fill_color": "#eb7f78", "fill_opacity": 0.5, "fill_wellknown": null, "fill_shape_color": null, "fill_shape_width": null, "fill_shape_size": null, "fill_img_url": null, "marker_img_url": null}},{"type": "Feature", "id": "layer_data_map.fid--27e80436_1a098c1eed1_-4fdf", "geometry": {"type": "Polygon", "coordinates": [[[106.9371995, 47.90466156], [106.9282924, 47.90422537], [106.92848691, 47.90322609], [106.92874248, 47.90255157], [106.92889004, 47.90232598], [106.93082963, 47.89999365], [106.93738807, 47.90165696], [106.9371114, 47.90211119], [106.93716635, 47.90218472], [106.93710107, 47.90279519], [106.93739, 47.90286309], [106.9371995, 47.90466156]]]}, "geometry_name": "geom", "properties": {"guid": 1415416, "id": 1415416, "object_no": null, "object_name": null, "layer_type_id": 261, "valid_to": null, "address_no": null, "border_type": "solid", "border_width": 0, "border_color": "#e94c41", "border_opacity": null, "border_wellknown": "shape://horizline", "fill_type": "color", "fill_color": "#eb7f78", "fill_opacity": 0.5, "fill_wellknown": null, "fill_shape_color": null, "fill_shape_width": null, "fill_shape_size": null, "fill_img_url": null, "marker_img_url": null}},{"type": "Feature", "id": "layer_data_map.fid--27e80436_1a098c1eed1_-4fde", "geometry": {"type": "Polygon", "coordinates": [[[106.94344772, 47.90872312], [106.94533225, 47.90876827], [106.94537424, 47.91007868], [106.94535867, 47.91053057], [106.94535594, 47.91103209], [106.94539668, 47.91106247], [106.95017526, 47.9110573], [106.95017864, 47.9111247], [106.95051547, 47.91112492], [106.95061893, 47.91265531], [106.95055332, 47.91272952], [106.94932128, 47.9126817], [106.94912061, 47.91255595], [106.94390373, 47.91258554], [106.94344772, 47.90872312]]]}, "geometry_name": "geom", "properties": {"guid": 1415417, "id": 1415417, "object_no": null, "object_name": null, "layer_type_id": 261, "valid_to": null, "address_no": null, "border_type": "solid", "border_width": 0, "border_color": "#e94c41", "border_opacity": null, "border_wellknown": "shape://horizline", "fill_type": "color", "fill_color": "#eb7f78", "fill_opacity": 0.5, "fill_wellknown": null, "fill_shape_color": null, "fill_shape_width": null, "fill_shape_size": null, "fill_img_url": null, "marker_img_url": null}},{"type": "Feature", "id": "layer_data_map.fid--27e80436_1a098c1eed1_-4fdd", "geometry": {"type": "Polygon", "coordinates": [[[106.94375323, 47.90472361], [106.94385686, 47.90377905], [106.94382924, 47.90349257], [106.9436019, 47.90319193], [106.94388532, 47.90306529], [106.94532883, 47.90324245], [106.94782318, 47.90332867], [106.9504078, 47.90391864], [106.9504341, 47.90414733], [106.95369767, 47.90419599], [106.95383915, 47.90464837], [106.94375323, 47.90472361]]]}, "geometry_name": "geom", "properties": {"guid": 1415418, "id": 1415418, "object_no": null, "object_name": null, "layer_type_id": 261, "valid_to": null, "address_no": null, "border_type": "solid", "border_width": 0, "border_color": "#e94c41", "border_opacity": null, "border_wellknown": "shape://horizline", "fill_type": "color", "fill_color": "#eb7f78", "fill_opacity": 0.5, "fill_wellknown": null, "fill_shape_color": null, "fill_shape_width": null, "fill_shape_size": null, "fill_img_url": null, "marker_img_url": null}},{"type": "Feature", "id": "layer_data_map.fid--27e80436_1a098c1eed1_-4fdc", "geometry": {"type": "Polygon", "coordinates": [[[106.86127667, 47.92023335], [106.86172985, 47.92138891], [106.86176766, 47.92190824], [106.85807241, 47.92120282], [106.85823574, 47.92079195], [106.85872839, 47.92081198], [106.85878962, 47.92038216], [106.85865599, 47.92033707], [106.85872376, 47.91995566], [106.85856734, 47.91983715], [106.85852908, 47.91966302], [106.85836609, 47.91933114], [106.85797015, 47.91902614], [106.85799348, 47.91879583], [106.861148, 47.91894018], [106.86127667, 47.92023335]]]}, "geometry_name": "geom", "properties": {"guid": 1415419, "id": 1415419, "object_no": null, "object_name": null, "layer_type_id": 261, "valid_to": null, "address_no": null, "border_type": "solid", "border_width": 0, "border_color": "#e94c41", "border_opacity": null, "border_wellknown": "shape://horizline", "fill_type": "color", "fill_color": "#eb7f78", "fill_opacity": 0.5, "fill_wellknown": null, "fill_shape_color": null, "fill_shape_width": null, "fill_shape_size": null, "fill_img_url": null, "marker_img_url": null}},{"type": "Feature", "id": "layer_data_map.fid--27e80436_1a098c1eed1_-4fdb", "geometry": {"type": "Polygon", "coordinates": [[[106.876098, 47.91954882], [106.87574014, 47.91999763], [106.87571397, 47.92031532], [106.8745087, 47.92027046], [106.87454293, 47.91998046], [106.87340447, 47.9199462], [106.87341529, 47.91978708], [106.87259899, 47.91975822], [106.87234075, 47.91987532], [106.87062131, 47.91985133], [106.87060328, 47.92043513], [106.87038957, 47.92043085], [106.87042923, 47.91984091], [106.87017565, 47.91983359], [106.87022443, 47.91953778], [106.8705466, 47.91954701], [106.87064784, 47.91826746], [106.87325062, 47.91808613], [106.87608914, 47.9181935], [106.876098, 47.91954882]]]}, "geometry_name": "geom", "properties": {"guid": 1415420, "id": 1415420, "object_no": null, "object_name": null, "layer_type_id": 261, "valid_to": null, "address_no": null, "border_type": "solid", "border_width": 0, "border_color": "#e94c41", "border_opacity": null, "border_wellknown": "shape://horizline", "fill_type": "color", "fill_color": "#eb7f78", "fill_opacity": 0.5, "fill_wellknown": null, "fill_shape_color": null, "fill_shape_width": null, "fill_shape_size": null, "fill_img_url": null, "marker_img_url": null}},{"type": "Feature", "id": "layer_data_map.fid--27e80436_1a098c1eed1_-4fda", "geometry": {"type": "Polygon", "coordinates": [[[106.89031307, 47.9101456], [106.89033276, 47.91068623], [106.8840457, 47.910766], [106.88401644, 47.90968672], [106.89022714, 47.90958462], [106.89024293, 47.91001785], [106.89031307, 47.9101456]]]}, "geometry_name": "geom", "properties": {"guid": 1415421, "id": 1415421, "object_no": null, "object_name": null, "layer_type_id": 261, "valid_to": null, "address_no": null, "border_type": "solid", "border_width": 0, "border_color": "#e94c41", "border_opacity": null, "border_wellknown": "shape://horizline", "fill_type": "color", "fill_color": "#eb7f78", "fill_opacity": 0.5, "fill_wellknown": null, "fill_shape_color": null, "fill_shape_width": null, "fill_shape_size": null, "fill_img_url": null, "marker_img_url": null}},{"type": "Feature", "id": "layer_data_map.fid--27e80436_1a098c1eed1_-4fd9", "geometry": {"type": "Polygon", "coordinates": [[[106.88650777, 47.91250972], [106.88409359, 47.91254936], [106.88403137, 47.91083582], [106.88644547, 47.91079618], [106.88650777, 47.91250972]]]}, "geometry_name": "geom", "properties": {"guid": 1415422, "id": 1415422, "object_no": null, "object_name": null, "layer_type_id": 261, "valid_to": null, "address_no": null, "border_type": "solid", "border_width": 0, "border_color": "#e94c41", "border_opacity": null, "border_wellknown": "shape://horizline", "fill_type": "color", "fill_color": "#eb7f78", "fill_opacity": 0.5, "fill_wellknown": null, "fill_shape_color": null, "fill_shape_width": null, "fill_shape_size": null, "fill_img_url": null, "marker_img_url": null}},{"type": "Feature", "id": "layer_data_map.fid--27e80436_1a098c1eed1_-4fd8", "geometry": {"type": "Polygon", "coordinates": [[[106.88620075, 47.90422209], [106.88590909, 47.90524283], [106.88485916, 47.90527245], [106.88454449, 47.90531126], [106.88356707, 47.90528652], [106.88355148, 47.90412351], [106.88324813, 47.90412406], [106.88268116, 47.90414247], [106.88190664, 47.90422829], [106.88184189, 47.90390732], [106.88122054, 47.90395841], [106.88044658, 47.90408191], [106.88039456, 47.9040502], [106.88031145, 47.90406157], [106.88022185, 47.90380906], [106.88186117, 47.90368555], [106.88344281, 47.90331472], [106.88724838, 47.9030853], [106.89299308, 47.90266701], [106.89295655, 47.90342053], [106.88977895, 47.90353745], [106.88956663, 47.90364387], [106.88623748, 47.903828], [106.88620075, 47.90422209]]]}, "geometry_name": "geom", "properties": {"guid": 1415423, "id": 1415423, "object_no": null, "object_name": null, "layer_type_id": 261, "valid_to": null, "address_no": null, "border_type": "solid", "border_width": 0, "border_color": "#e94c41", "border_opacity": null, "border_wellknown": "shape://horizline", "fill_type": "color", "fill_color": "#eb7f78", "fill_opacity": 0.5, "fill_wellknown": null, "fill_shape_color": null, "fill_shape_width": null, "fill_shape_size": null, "fill_img_url": null, "marker_img_url": null}},{"type": "Feature", "id": "layer_data_map.fid--27e80436_1a098c1eed1_-4fd7", "geometry": {"type": "Polygon", "coordinates": [[[106.90660834, 47.91869995], [106.90644666, 47.91952608], [106.90347953, 47.91923188], [106.90349639, 47.91917018], [106.9025248, 47.91908012], [106.90259752, 47.91878632], [106.90269506, 47.91872609], [106.90279838, 47.91829552], [106.90519982, 47.91852494], [106.90544822, 47.91860644], [106.90660834, 47.91869995]]]}, "geometry_name": "geom", "properties": {"guid": 1415424, "id": 1415424, "object_no": null, "object_name": null, "layer_type_id": 261, "valid_to": null, "address_no": null, "border_type": "solid", "border_width": 0, "border_color": "#e94c41", "border_opacity": null, "border_wellknown": "shape://horizline", "fill_type": "color", "fill_color": "#eb7f78", "fill_opacity": 0.5, "fill_wellknown": null, "fill_shape_color": null, "fill_shape_width": null, "fill_shape_size": null, "fill_img_url": null, "marker_img_url": null}},{"type": "Feature", "id": "layer_data_map.fid--27e80436_1a098c1eed1_-4fd6", "geometry": {"type": "Polygon", "coordinates": [[[106.90067742, 47.91607482], [106.90060168, 47.91606443], [106.90063542, 47.91585798], [106.90416969, 47.91615931], [106.90392743, 47.9174551], [106.90285741, 47.91736428], [106.90280745, 47.91757442], [106.90096585, 47.91736196], [106.90091795, 47.91759057], [106.90043018, 47.91753603], [106.90067742, 47.91607482]]]}, "geometry_name": "geom", "properties": {"guid": 1415425, "id": 1415425, "object_no": null, "object_name": null, "layer_type_id": 261, "valid_to": null, "address_no": null, "border_type": "solid", "border_width": 0, "border_color": "#e94c41", "border_opacity": null, "border_wellknown": "shape://horizline", "fill_type": "color", "fill_color": "#eb7f78", "fill_opacity": 0.5, "fill_wellknown": null, "fill_shape_color": null, "fill_shape_width": null, "fill_shape_size": null, "fill_img_url": null, "marker_img_url": null}},{"type": "Feature", "id": "layer_data_map.fid--27e80436_1a098c1eed1_-4fd5", "geometry": {"type": "Polygon", "coordinates": [[[106.90163845, 47.92441443], [106.90296006, 47.92451389], [106.90307541, 47.9244172], [106.90351199, 47.92445852], [106.90342133, 47.92488441], [106.90546659, 47.92504068], [106.90558172, 47.92459294], [106.90605012, 47.92462972], [106.90530059, 47.92764902], [106.90510573, 47.92776259], [106.90414254, 47.92722535], [106.90320187, 47.92659388], [106.90250876, 47.92592789], [106.90189212, 47.924915], [106.90163845, 47.92441443]]]}, "geometry_name": "geom", "properties": {"guid": 1415426, "id": 1415426, "object_no": null, "object_name": null, "layer_type_id": 261, "valid_to": null, "address_no": null, "border_type": "solid", "border_width": 0, "border_color": "#e94c41", "border_opacity": null, "border_wellknown": "shape://horizline", "fill_type": "color", "fill_color": "#eb7f78", "fill_opacity": 0.5, "fill_wellknown": null, "fill_shape_color": null, "fill_shape_width": null, "fill_shape_size": null, "fill_img_url": null, "marker_img_url": null}},{"type": "Feature", "id": "layer_data_map.fid--27e80436_1a098c1eed1_-4fd4", "geometry": {"type": "Polygon", "coordinates": [[[106.90165343, 47.92434283], [106.901507, 47.92386717], [106.90155419, 47.92377335], [106.90153844, 47.92333047], [106.90148987, 47.92311867], [106.90526144, 47.92344995], [106.90533141, 47.92306491], [106.90633056, 47.92314652], [106.90616977, 47.92399684], [106.90604561, 47.92463125], [106.90558172, 47.92459294], [106.90548484, 47.92496971], [106.90356519, 47.92480617], [106.90363464, 47.92441816], [106.90292452, 47.92435042], [106.90279593, 47.92444297], [106.90165343, 47.92434283]]]}, "geometry_name": "geom", "properties": {"guid": 1415427, "id": 1415427, "object_no": null, "object_name": null, "layer_type_id": 261, "valid_to": null, "address_no": null, "border_type": "solid", "border_width": 0, "border_color": "#e94c41", "border_opacity": null, "border_wellknown": "shape://horizline", "fill_type": "color", "fill_color": "#eb7f78", "fill_opacity": 0.5, "fill_wellknown": null, "fill_shape_color": null, "fill_shape_width": null, "fill_shape_size": null, "fill_img_url": null, "marker_img_url": null}},{"type": "Feature", "id": "layer_data_map.fid--27e80436_1a098c1eed1_-4fd3", "geometry": {"type": "Polygon", "coordinates": [[[106.90986916, 47.9184871], [106.91004601, 47.91749425], [106.9101445, 47.91698364], [106.9100228, 47.91697257], [106.91007095, 47.91667497], [106.91168873, 47.91682296], [106.91136508, 47.91861959], [106.90986916, 47.9184871]]]}, "geometry_name": "geom", "properties": {"guid": 1415428, "id": 1415428, "object_no": null, "object_name": null, "layer_type_id": 261, "valid_to": null, "address_no": null, "border_type": "solid", "border_width": 0, "border_color": "#e94c41", "border_opacity": null, "border_wellknown": "shape://horizline", "fill_type": "color", "fill_color": "#eb7f78", "fill_opacity": 0.5, "fill_wellknown": null, "fill_shape_color": null, "fill_shape_width": null, "fill_shape_size": null, "fill_img_url": null, "marker_img_url": null}},{"type": "Feature", "id": "layer_data_map.fid--27e80436_1a098c1eed1_-4fd2", "geometry": {"type": "Polygon", "coordinates": [[[106.91136508, 47.91861959], [106.91113378, 47.91992926], [106.91029938, 47.91988267], [106.91013825, 47.91988477], [106.90955921, 47.91984677], [106.90961886, 47.91945993], [106.909703, 47.91933568], [106.90986916, 47.9184871], [106.91136508, 47.91861959]]]}, "geometry_name": "geom", "properties": {"guid": 1415429, "id": 1415429, "object_no": null, "object_name": null, "layer_type_id": 261, "valid_to": null, "address_no": null, "border_type": "solid", "border_width": 0, "border_color": "#e94c41", "border_opacity": null, "border_wellknown": "shape://horizline", "fill_type": "color", "fill_color": "#eb7f78", "fill_opacity": 0.5, "fill_wellknown": null, "fill_shape_color": null, "fill_shape_width": null, "fill_shape_size": null, "fill_img_url": null, "marker_img_url": null}},{"type": "Feature", "id": "layer_data_map.fid--27e80436_1a098c1eed1_-4fd1", "geometry": {"type": "Polygon", "coordinates": [[[106.89861779, 47.91684474], [106.89900433, 47.91685036], [106.89915509, 47.91688693], [106.89938451, 47.91689429], [106.89953691, 47.91697856], [106.90044114, 47.917112], [106.90037822, 47.91754679], [106.90082438, 47.91790689], [106.90084798, 47.91796971], [106.90083413, 47.91812842], [106.90067877, 47.91888428], [106.89883099, 47.91867868], [106.8988697, 47.9184951], [106.89866707, 47.91847417], [106.89868997, 47.91834523], [106.89843855, 47.91832059], [106.89861779, 47.91684474]]]}, "geometry_name": "geom", "properties": {"guid": 1415430, "id": 1415430, "object_no": null, "object_name": null, "layer_type_id": 261, "valid_to": null, "address_no": null, "border_type": "solid", "border_width": 0, "border_color": "#e94c41", "border_opacity": null, "border_wellknown": "shape://horizline", "fill_type": "color", "fill_color": "#eb7f78", "fill_opacity": 0.5, "fill_wellknown": null, "fill_shape_color": null, "fill_shape_width": null, "fill_shape_size": null, "fill_img_url": null, "marker_img_url": null}},{"type": "Feature", "id": "layer_data_map.fid--27e80436_1a098c1eed1_-4fd0", "geometry": {"type": "Polygon", "coordinates": [[[106.90737529, 47.92683032], [106.90731859, 47.9271478], [106.90729402, 47.92717489], [106.9072821, 47.9272341], [106.90709675, 47.92721486], [106.90691016, 47.92796999], [106.90537006, 47.92777736], [106.90564612, 47.92665772], [106.90737529, 47.92683032]]]}, "geometry_name": "geom", "properties": {"guid": 1415431, "id": 1415431, "object_no": null, "object_name": null, "layer_type_id": 261, "valid_to": null, "address_no": null, "border_type": "solid", "border_width": 0, "border_color": "#e94c41", "border_opacity": null, "border_wellknown": "shape://horizline", "fill_type": "color", "fill_color": "#eb7f78", "fill_opacity": 0.5, "fill_wellknown": null, "fill_shape_color": null, "fill_shape_width": null, "fill_shape_size": null, "fill_img_url": null, "marker_img_url": null}},{"type": "Feature", "id": "layer_data_map.fid--27e80436_1a098c1eed1_-4fcf", "geometry": {"type": "Polygon", "coordinates": [[[106.83807664, 47.91222449], [106.83799029, 47.9128196], [106.83804909, 47.91285411], [106.83791248, 47.91379323], [106.8376, 47.913759], [106.83733357, 47.91526371], [106.83682615, 47.91522719], [106.83690642, 47.91470958], [106.83480915, 47.9145213], [106.83500919, 47.91340834], [106.83574701, 47.91346787], [106.83586349, 47.9127613], [106.83565219, 47.91275358], [106.83564866, 47.91275258], [106.83564519, 47.9127515], [106.83564178, 47.91275034], [106.83563842, 47.9127491], [106.83563514, 47.91274778], [106.83563192, 47.91274639], [106.83562877, 47.91274493], [106.8356257, 47.9127434], [106.83562271, 47.91274179], [106.8356198, 47.91274012], [106.83561698, 47.91273838], [106.83561426, 47.91273657], [106.83561162, 47.91273471], [106.83560908, 47.91273278], [106.83560665, 47.9127308], [106.83560431, 47.91272876], [106.83560208, 47.91272667], [106.83559996, 47.91272453], [106.83559795, 47.91272235], [106.83559605, 47.91272011], [106.83559426, 47.91271784], [106.8355926, 47.91271552], [106.83559105, 47.91271317], [106.83558962, 47.91271078], [106.83558832, 47.91270836], [106.83558714, 47.91270592], [106.83558609, 47.91270344], [106.83558516, 47.91270095], [106.83558436, 47.91269843], [106.83558369, 47.9126959], [106.83558315, 47.91269335], [106.83558274, 47.91269079], [106.83558246, 47.91268823], [106.83558231, 47.91268566], [106.83558229, 47.91268309], [106.83558241, 47.91268052], [106.83558265, 47.91267795], [106.83558303, 47.91267539], [106.83558354, 47.91267284], [106.83563948, 47.91233045], [106.83547215, 47.91232083], [106.83546925, 47.91232051], [106.83546637, 47.91232013], [106.83546351, 47.91231967], [106.83546068, 47.91231915], [106.83545788, 47.91231856], [106.8354551, 47.91231791], [106.83545237, 47.91231719], [106.83544967, 47.91231641], [106.83544701, 47.91231556], [106.8354444, 47.91231466], [106.83544184, 47.91231369], [106.83543934, 47.91231266], [106.83543688, 47.91231157], [106.83543448, 47.91231043], [106.83543215, 47.91230923], [106.83542988, 47.91230798], [106.83542767, 47.91230668], [106.83542553, 47.91230532], [106.83542347, 47.91230392], [106.83542148, 47.91230247], [106.83541957, 47.91230097], [106.83541773, 47.91229942], [106.83541598, 47.91229784], [106.83541431, 47.91229621], [106.83541272, 47.91229455], [106.83541122, 47.91229285], [106.83540982, 47.91229112], [106.8354085, 47.91228935], [106.83540727, 47.91228756], [106.83540614, 47.91228574], [106.83540511, 47.91228389], [106.83540417, 47.91228202], [106.83540333, 47.91228012], [106.83540259, 47.91227821], [106.83540194, 47.91227629], [106.8354014, 47.91227435], [106.83540096, 47.91227239], [106.83540062, 47.91227043], [106.83540038, 47.91226846], [106.83540025, 47.91226649], [106.83540022, 47.91226451], [106.83540029, 47.91226254], [106.83540046, 47.91226057], [106.83540074, 47.9122586], [106.83540111, 47.91225664], [106.83540159, 47.9122547], [106.83540217, 47.91225276], [106.83540285, 47.91225084], [106.83540363, 47.91224893], [106.83549663, 47.91170021], [106.83672808, 47.91179454], [106.8366856, 47.91203879], [106.83803878, 47.91213838], [106.8380779, 47.91189801], [106.83820086, 47.91190979], [106.83814756, 47.91220647], [106.83807664, 47.91222449]]]}, "geometry_name": "geom", "properties": {"guid": 1415432, "id": 1415432, "object_no": null, "object_name": null, "layer_type_id": 261, "valid_to": null, "address_no": null, "border_type": "solid", "border_width": 0, "border_color": "#e94c41", "border_opacity": null, "border_wellknown": "shape://horizline", "fill_type": "color", "fill_color": "#eb7f78", "fill_opacity": 0.5, "fill_wellknown": null, "fill_shape_color": null, "fill_shape_width": null, "fill_shape_size": null, "fill_img_url": null, "marker_img_url": null}},{"type": "Feature", "id": "layer_data_map.fid--27e80436_1a098c1eed1_-4fce", "geometry": {"type": "Polygon", "coordinates": [[[106.83544552, 47.91235657], [106.83557876, 47.91236519], [106.83553266, 47.91269577], [106.83553308, 47.91269929], [106.83553368, 47.9127028], [106.83553445, 47.91270629], [106.8355354, 47.91270976], [106.83553653, 47.91271321], [106.83553783, 47.91271663], [106.83553931, 47.91272002], [106.83554095, 47.91272338], [106.83554277, 47.91272669], [106.83554475, 47.91272996], [106.8355469, 47.91273319], [106.83554921, 47.91273636], [106.83555168, 47.91273948], [106.8355543, 47.91274253], [106.83555708, 47.91274553], [106.83556001, 47.91274846], [106.83556309, 47.91275132], [106.83556631, 47.91275411], [106.83556968, 47.91275683], [106.83557317, 47.91275947], [106.8355768, 47.91276202], [106.83558056, 47.91276449], [106.83558444, 47.91276687], [106.83558844, 47.91276916], [106.83559255, 47.91277136], [106.83559677, 47.91277346], [106.8356011, 47.91277546], [106.83560552, 47.91277737], [106.83561004, 47.91277917], [106.83561465, 47.91278087], [106.83561934, 47.91278245], [106.83562411, 47.91278394], [106.83562895, 47.91278531], [106.83576287, 47.91279308], [106.83566651, 47.91339214], [106.83357736, 47.91324353], [106.83357503, 47.91325125], [106.83357232, 47.91325892], [106.83356921, 47.91326652], [106.83356572, 47.91327405], [106.83356184, 47.91328149], [106.83355758, 47.91328883], [106.83355295, 47.91329607], [106.83354795, 47.9133032], [106.83354258, 47.91331021], [106.83353686, 47.91331709], [106.8335308, 47.91332384], [106.83352439, 47.91333044], [106.83351764, 47.91333688], [106.83351057, 47.91334317], [106.83350318, 47.91334929], [106.83349548, 47.91335524], [106.83348748, 47.913361], [106.83347919, 47.91336657], [106.83347062, 47.91337195], [106.83346178, 47.91337713], [106.83345268, 47.9133821], [106.83344333, 47.91338685], [106.83343374, 47.91339139], [106.83342392, 47.9133957], [106.83341389, 47.91339978], [106.83340366, 47.91340363], [106.83339323, 47.91340724], [106.83338263, 47.9134106], [106.83337186, 47.91341372], [106.83336093, 47.91341658], [106.83334987, 47.91341919], [106.83333868, 47.91342154], [106.83332737, 47.91342363], [106.83331597, 47.91342546], [106.83330448, 47.91342702], [106.83329291, 47.91342832], [106.83328128, 47.91342934], [106.83099736, 47.91324783], [106.83099638, 47.91135537], [106.83543235, 47.91169529], [106.83533661, 47.91226013], [106.83533787, 47.91226455], [106.83533934, 47.91226893], [106.83534104, 47.91227327], [106.83534296, 47.91227758], [106.8353451, 47.91228183], [106.83534745, 47.91228604], [106.83535001, 47.91229019], [106.83535278, 47.91229428], [106.83535576, 47.9122983], [106.83535894, 47.91230225], [106.83536232, 47.91230613], [106.83536589, 47.91230992], [106.83536966, 47.91231364], [106.83537361, 47.91231726], [106.83537774, 47.91232079], [106.83538205, 47.91232423], [106.83538653, 47.91232756], [106.83539117, 47.91233079], [106.83539598, 47.91233391], [106.83540094, 47.91233692], [106.83540605, 47.91233982], [106.83541131, 47.91234259], [106.83541671, 47.91234524], [106.83542223, 47.91234777], [106.83542788, 47.91235017], [106.83543365, 47.91235244], [106.83543953, 47.91235457], [106.83544552, 47.91235657]]]}, "geometry_name": "geom", "properties": {"guid": 1415433, "id": 1415433, "object_no": null, "object_name": null, "layer_type_id": 261, "valid_to": null, "address_no": null, "border_type": "solid", "border_width": 0, "border_color": "#e94c41", "border_opacity": null, "border_wellknown": "shape://horizline", "fill_type": "color", "fill_color": "#eb7f78", "fill_opacity": 0.5, "fill_wellknown": null, "fill_shape_color": null, "fill_shape_width": null, "fill_shape_size": null, "fill_img_url": null, "marker_img_url": null}},{"type": "Feature", "id": "layer_data_map.fid--27e80436_1a098c1eed1_-4fcd", "geometry": {"type": "Polygon", "coordinates": [[[106.8347305, 47.91451071], [106.83368071, 47.91440522], [106.83352435, 47.91533379], [106.83330254, 47.91555724], [106.83170793, 47.91525743], [106.83166957, 47.91524581], [106.83163184, 47.9152333], [106.83159477, 47.91521992], [106.83155843, 47.91520567], [106.83152284, 47.91519059], [106.83148805, 47.91517468], [106.83145411, 47.91515797], [106.83142105, 47.91514047], [106.83138892, 47.91512221], [106.83135775, 47.91510321], [106.83132758, 47.9150835], [106.83129846, 47.91506309], [106.8312704, 47.91504201], [106.83124346, 47.91502029], [106.83121765, 47.91499795], [106.83119302, 47.91497502], [106.83116958, 47.91495153], [106.83114738, 47.91492751], [106.83112643, 47.91490298], [106.83110676, 47.91487797], [106.83108841, 47.91485253], [106.83107137, 47.91482666], [106.83105569, 47.91480042], [106.83104137, 47.91477382], [106.83102844, 47.91474691], [106.83101691, 47.91471971], [106.83100679, 47.91469225], [106.8309981, 47.91466458], [106.83099739, 47.913297], [106.83298623, 47.91345332], [106.83302446, 47.91352082], [106.83351608, 47.91357317], [106.83356274, 47.91339545], [106.83367692, 47.91329099], [106.83494487, 47.91339139], [106.8347305, 47.91451071]]]}, "geometry_name": "geom", "properties": {"guid": 1415434, "id": 1415434, "object_no": null, "object_name": null, "layer_type_id": 261, "valid_to": null, "address_no": null, "border_type": "solid", "border_width": 0, "border_color": "#e94c41", "border_opacity": null, "border_wellknown": "shape://horizline", "fill_type": "color", "fill_color": "#eb7f78", "fill_opacity": 0.5, "fill_wellknown": null, "fill_shape_color": null, "fill_shape_width": null, "fill_shape_size": null, "fill_img_url": null, "marker_img_url": null}},{"type": "Feature", "id": "layer_data_map.fid--27e80436_1a098c1eed1_-4fcc", "geometry": {"type": "Polygon", "coordinates": [[[106.83661341, 47.91526118], [106.83767764, 47.9153461], [106.83747303, 47.91673804], [106.83650611, 47.91670006], [106.83648548, 47.91661692], [106.8353538, 47.91656678], [106.83532706, 47.91664919], [106.83528919, 47.91664742], [106.83525144, 47.91664477], [106.83521384, 47.91664122], [106.83517646, 47.9166368], [106.83513933, 47.91663149], [106.8351025, 47.91662531], [106.83506601, 47.91661828], [106.83502992, 47.91661038], [106.83499425, 47.91660165], [106.83495906, 47.91659207], [106.8349244, 47.91658168], [106.83489029, 47.91657048], [106.83485679, 47.91655848], [106.83482394, 47.9165457], [106.83479177, 47.91653215], [106.83476033, 47.91651785], [106.83472965, 47.91650283], [106.83469977, 47.91648709], [106.83451483, 47.91634799], [106.83395205, 47.91573494], [106.83345059, 47.91555195], [106.8335872, 47.91533689], [106.83370334, 47.91447449], [106.83538262, 47.91461832], [106.83544743, 47.91460436], [106.83672048, 47.91472689], [106.83667908, 47.91491157], [106.83661341, 47.91526118]]]}, "geometry_name": "geom", "properties": {"guid": 1415435, "id": 1415435, "object_no": null, "object_name": null, "layer_type_id": 261, "valid_to": null, "address_no": null, "border_type": "solid", "border_width": 0, "border_color": "#e94c41", "border_opacity": null, "border_wellknown": "shape://horizline", "fill_type": "color", "fill_color": "#eb7f78", "fill_opacity": 0.5, "fill_wellknown": null, "fill_shape_color": null, "fill_shape_width": null, "fill_shape_size": null, "fill_img_url": null, "marker_img_url": null}},{"type": "Feature", "id": "layer_data_map.fid--27e80436_1a098c1eed1_-4fcb", "geometry": {"type": "Polygon", "coordinates": [[[106.84595338, 47.91427311], [106.84540942, 47.91422576], [106.84541621, 47.9140179], [106.84541454, 47.91400334], [106.84541211, 47.91398884], [106.84540893, 47.91397439], [106.84540499, 47.91396003], [106.84540031, 47.91394578], [106.8453949, 47.91393164], [106.84538875, 47.91391764], [106.84538187, 47.91390379], [106.84537428, 47.91389011], [106.84536598, 47.91387662], [106.84535757, 47.91386729], [106.84534869, 47.91385816], [106.84533935, 47.91384925], [106.84532954, 47.91384056], [106.8453193, 47.91383211], [106.84530862, 47.9138239], [106.84529752, 47.91381594], [106.84528602, 47.91380825], [106.84527412, 47.91380084], [106.84526185, 47.9137937], [106.84524922, 47.91378686], [106.84523624, 47.91378032], [106.84522292, 47.91377409], [106.8452093, 47.91376817], [106.84519537, 47.91376257], [106.84518117, 47.91375731], [106.8451667, 47.91375238], [106.84515198, 47.91374779], [106.84513704, 47.91374355], [106.84512188, 47.91373966], [106.84510654, 47.91373613], [106.84509102, 47.91373296], [106.84507534, 47.91373015], [106.84505953, 47.91372771], [106.8450436, 47.91372565], [106.84502757, 47.91372396], [106.84376886, 47.91363696], [106.84376762, 47.91363889], [106.84376628, 47.91364079], [106.84376484, 47.91364266], [106.84376331, 47.91364449], [106.84376168, 47.91364629], [106.84375997, 47.91364805], [106.84375817, 47.91364977], [106.84375628, 47.91365144], [106.84375431, 47.91365308], [106.84375225, 47.91365466], [106.84375012, 47.9136562], [106.84374791, 47.91365769], [106.84374562, 47.91365913], [106.84374326, 47.91366051], [106.84374084, 47.91366184], [106.84373835, 47.91366311], [106.84373579, 47.91366432], [106.84373318, 47.91366548], [106.8437305, 47.91366657], [106.84372778, 47.9136676], [106.843725, 47.91366857], [106.84372217, 47.91366948], [106.84371931, 47.91367032], [106.8437164, 47.91367109], [106.84371345, 47.91367179], [106.84371047, 47.91367243], [106.84370745, 47.913673], [106.84370441, 47.9136735], [106.84370135, 47.91367393], [106.84369827, 47.91367428], [106.84369517, 47.91367457], [106.84369206, 47.91367479], [106.84296812, 47.91362157], [106.8429862, 47.91347882], [106.84265329, 47.91345735], [106.84269209, 47.91326582], [106.84263131, 47.91326061], [106.84268237, 47.91297351], [106.84243794, 47.91295919], [106.84255272, 47.91224238], [106.84462112, 47.91238567], [106.84458833, 47.91259965], [106.84620625, 47.91271861], [106.84595338, 47.91427311]]]}, "geometry_name": "geom", "properties": {"guid": 1415436, "id": 1415436, "object_no": null, "object_name": null, "layer_type_id": 261, "valid_to": null, "address_no": null, "border_type": "solid", "border_width": 0, "border_color": "#e94c41", "border_opacity": null, "border_wellknown": "shape://horizline", "fill_type": "color", "fill_color": "#eb7f78", "fill_opacity": 0.5, "fill_wellknown": null, "fill_shape_color": null, "fill_shape_width": null, "fill_shape_size": null, "fill_img_url": null, "marker_img_url": null}},{"type": "Feature", "id": "layer_data_map.fid--27e80436_1a098c1eed1_-4fca", "geometry": {"type": "Polygon", "coordinates": [[[106.84287485, 47.91399702], [106.84103284, 47.91386722], [106.84104167, 47.91380079], [106.84060005, 47.91377423], [106.84032807, 47.91391137], [106.83999844, 47.91395201], [106.83821348, 47.91381135], [106.83853779, 47.91192768], [106.84247944, 47.91223709], [106.84239312, 47.91297389], [106.84261668, 47.91298694], [106.84258501, 47.91327038], [106.84264648, 47.91327564], [106.84260922, 47.91347261], [106.84295245, 47.9134949], [106.84287485, 47.91399702]]]}, "geometry_name": "geom", "properties": {"guid": 1415437, "id": 1415437, "object_no": null, "object_name": null, "layer_type_id": 261, "valid_to": null, "address_no": null, "border_type": "solid", "border_width": 0, "border_color": "#e94c41", "border_opacity": null, "border_wellknown": "shape://horizline", "fill_type": "color", "fill_color": "#eb7f78", "fill_opacity": 0.5, "fill_wellknown": null, "fill_shape_color": null, "fill_shape_width": null, "fill_shape_size": null, "fill_img_url": null, "marker_img_url": null}},{"type": "Feature", "id": "layer_data_map.fid--27e80436_1a098c1eed1_-4fc9", "geometry": {"type": "Polygon", "coordinates": [[[106.85449381, 47.91496655], [106.85456579, 47.91516253], [106.85452167, 47.91543718], [106.85353026, 47.91535442], [106.85357348, 47.9150928], [106.85326971, 47.91507116], [106.85333498, 47.91469294], [106.85130503, 47.91454489], [106.85129388, 47.91461602], [106.85087699, 47.91458199], [106.85097106, 47.91401688], [106.85100611, 47.91390809], [106.85096922, 47.91287403], [106.85257348, 47.91299185], [106.85255563, 47.9131017], [106.85381317, 47.91319404], [106.8538413, 47.91302086], [106.85391362, 47.91302617], [106.85398057, 47.91304995], [106.85426525, 47.91325695], [106.85433579, 47.91334615], [106.85436626, 47.91342042], [106.85449381, 47.91496655]]]}, "geometry_name": "geom", "properties": {"guid": 1415438, "id": 1415438, "object_no": null, "object_name": null, "layer_type_id": 261, "valid_to": null, "address_no": null, "border_type": "solid", "border_width": 0, "border_color": "#e94c41", "border_opacity": null, "border_wellknown": "shape://horizline", "fill_type": "color", "fill_color": "#eb7f78", "fill_opacity": 0.5, "fill_wellknown": null, "fill_shape_color": null, "fill_shape_width": null, "fill_shape_size": null, "fill_img_url": null, "marker_img_url": null}},{"type": "Feature", "id": "layer_data_map.fid--27e80436_1a098c1eed1_-4fc8", "geometry": {"type": "Polygon", "coordinates": [[[106.85100611, 47.91390809], [106.85097106, 47.91401688], [106.85087699, 47.91458199], [106.84873672, 47.91440726], [106.84840507, 47.91455571], [106.84794688, 47.91459265], [106.84604886, 47.91444485], [106.84637039, 47.91253613], [106.85096922, 47.91287403], [106.85100611, 47.91390809]]]}, "geometry_name": "geom", "properties": {"guid": 1415439, "id": 1415439, "object_no": null, "object_name": null, "layer_type_id": 261, "valid_to": null, "address_no": null, "border_type": "solid", "border_width": 0, "border_color": "#e94c41", "border_opacity": null, "border_wellknown": "shape://horizline", "fill_type": "color", "fill_color": "#eb7f78", "fill_opacity": 0.5, "fill_wellknown": null, "fill_shape_color": null, "fill_shape_width": null, "fill_shape_size": null, "fill_img_url": null, "marker_img_url": null}},{"type": "Feature", "id": "layer_data_map.fid--27e80436_1a098c1eed1_-4fc7", "geometry": {"type": "Polygon", "coordinates": [[[106.90616995, 47.91604502], [106.90214747, 47.91570925], [106.90224748, 47.915151], [106.9024103, 47.91427952], [106.90276993, 47.91433997], [106.90354159, 47.91442458], [106.90495978, 47.91454667], [106.90599397, 47.91464244], [106.90602873, 47.91447817], [106.9064622, 47.91451765], [106.90616995, 47.91604502]]]}, "geometry_name": "geom", "properties": {"guid": 1415440, "id": 1415440, "object_no": null, "object_name": null, "layer_type_id": 261, "valid_to": null, "address_no": null, "border_type": "solid", "border_width": 0, "border_color": "#e94c41", "border_opacity": null, "border_wellknown": "shape://horizline", "fill_type": "color", "fill_color": "#eb7f78", "fill_opacity": 0.5, "fill_wellknown": null, "fill_shape_color": null, "fill_shape_width": null, "fill_shape_size": null, "fill_img_url": null, "marker_img_url": null}},{"type": "Feature", "id": "layer_data_map.fid--27e80436_1a098c1eed1_-4fc6", "geometry": {"type": "Polygon", "coordinates": [[[106.91780816, 47.92769325], [106.9175977, 47.92767059], [106.91782226, 47.92641731], [106.91922022, 47.92652168], [106.92019374, 47.92600209], [106.92126011, 47.926883], [106.92101745, 47.9269822], [106.92080416, 47.92694231], [106.92056934, 47.92692427], [106.92006333, 47.92689569], [106.91994694, 47.92687134], [106.9197705, 47.92754684], [106.91904939, 47.92751658], [106.9186571, 47.92757464], [106.91823256, 47.92756376], [106.91804931, 47.92760963], [106.91780816, 47.92769325]]]}, "geometry_name": "geom", "properties": {"guid": 1415441, "id": 1415441, "object_no": null, "object_name": null, "layer_type_id": 261, "valid_to": null, "address_no": null, "border_type": "solid", "border_width": 0, "border_color": "#e94c41", "border_opacity": null, "border_wellknown": "shape://horizline", "fill_type": "color", "fill_color": "#eb7f78", "fill_opacity": 0.5, "fill_wellknown": null, "fill_shape_color": null, "fill_shape_width": null, "fill_shape_size": null, "fill_img_url": null, "marker_img_url": null}},{"type": "Feature", "id": "layer_data_map.fid--27e80436_1a098c1eed1_-4fc5", "geometry": {"type": "Polygon", "coordinates": [[[106.92472629, 47.92956224], [106.92490236, 47.9286494], [106.92392966, 47.92856425], [106.92399439, 47.92818654], [106.92401191, 47.92808424], [106.92403144, 47.92797029], [106.92413427, 47.9272375], [106.92528736, 47.92733752], [106.92545709, 47.92627795], [106.92694304, 47.92640267], [106.92634354, 47.92969129], [106.92472629, 47.92956224]]]}, "geometry_name": "geom", "properties": {"guid": 1415442, "id": 1415442, "object_no": null, "object_name": null, "layer_type_id": 261, "valid_to": null, "address_no": null, "border_type": "solid", "border_width": 0, "border_color": "#e94c41", "border_opacity": null, "border_wellknown": "shape://horizline", "fill_type": "color", "fill_color": "#eb7f78", "fill_opacity": 0.5, "fill_wellknown": null, "fill_shape_color": null, "fill_shape_width": null, "fill_shape_size": null, "fill_img_url": null, "marker_img_url": null}},{"type": "Feature", "id": "layer_data_map.fid--27e80436_1a098c1eed1_-4fc4", "geometry": {"type": "Polygon", "coordinates": [[[106.91437107, 47.92870937], [106.91459134, 47.92757248], [106.91731756, 47.92778363], [106.91712174, 47.92891403], [106.91437107, 47.92870937]]]}, "geometry_name": "geom", "properties": {"guid": 1415443, "id": 1415443, "object_no": null, "object_name": null, "layer_type_id": 261, "valid_to": null, "address_no": null, "border_type": "solid", "border_width": 0, "border_color": "#e94c41", "border_opacity": null, "border_wellknown": "shape://horizline", "fill_type": "color", "fill_color": "#eb7f78", "fill_opacity": 0.5, "fill_wellknown": null, "fill_shape_color": null, "fill_shape_width": null, "fill_shape_size": null, "fill_img_url": null, "marker_img_url": null}},{"type": "Feature", "id": "layer_data_map.fid--27e80436_1a098c1eed1_-4fc3", "geometry": {"type": "Polygon", "coordinates": [[[106.9067794, 47.91609852], [106.9071585, 47.91397268], [106.90722536, 47.91395345], [106.90905884, 47.91441655], [106.90871391, 47.91626004], [106.9067794, 47.91609852]]]}, "geometry_name": "geom", "properties": {"guid": 1415444, "id": 1415444, "object_no": null, "object_name": null, "layer_type_id": 261, "valid_to": null, "address_no": null, "border_type": "solid", "border_width": 0, "border_color": "#e94c41", "border_opacity": null, "border_wellknown": "shape://horizline", "fill_type": "color", "fill_color": "#eb7f78", "fill_opacity": 0.5, "fill_wellknown": null, "fill_shape_color": null, "fill_shape_width": null, "fill_shape_size": null, "fill_img_url": null, "marker_img_url": null}},{"type": "Feature", "id": "layer_data_map.fid--27e80436_1a098c1eed1_-4fc2", "geometry": {"type": "Polygon", "coordinates": [[[106.91646117, 47.93358505], [106.91726433, 47.92919593], [106.92148529, 47.92956841], [106.92127135, 47.93096214], [106.92105422, 47.9319882], [106.92119964, 47.93199964], [106.92107608, 47.93297625], [106.92089745, 47.93302382], [106.92058123, 47.93390788], [106.91646117, 47.93358505]]]}, "geometry_name": "geom", "properties": {"guid": 1415445, "id": 1415445, "object_no": null, "object_name": null, "layer_type_id": 261, "valid_to": null, "address_no": null, "border_type": "solid", "border_width": 0, "border_color": "#e94c41", "border_opacity": null, "border_wellknown": "shape://horizline", "fill_type": "color", "fill_color": "#eb7f78", "fill_opacity": 0.5, "fill_wellknown": null, "fill_shape_color": null, "fill_shape_width": null, "fill_shape_size": null, "fill_img_url": null, "marker_img_url": null}},{"type": "Feature", "id": "layer_data_map.fid--27e80436_1a098c1eed1_-4fc1", "geometry": {"type": "Polygon", "coordinates": [[[106.92717042, 47.92970712], [106.9270134, 47.92966292], [106.92690629, 47.92954093], [106.92683104, 47.92941102], [106.92679227, 47.92927006], [106.92679564, 47.92910841], [106.92673679, 47.9290289], [106.92718209, 47.92707356], [106.92768565, 47.92714843], [106.92946637, 47.92721784], [106.92905228, 47.92959956], [106.92717042, 47.92970712]]]}, "geometry_name": "geom", "properties": {"guid": 1415446, "id": 1415446, "object_no": null, "object_name": null, "layer_type_id": 261, "valid_to": null, "address_no": null, "border_type": "solid", "border_width": 0, "border_color": "#e94c41", "border_opacity": null, "border_wellknown": "shape://horizline", "fill_type": "color", "fill_color": "#eb7f78", "fill_opacity": 0.5, "fill_wellknown": null, "fill_shape_color": null, "fill_shape_width": null, "fill_shape_size": null, "fill_img_url": null, "marker_img_url": null}},{"type": "Feature", "id": "layer_data_map.fid--27e80436_1a098c1eed1_-4fc0", "geometry": {"type": "Polygon", "coordinates": [[[106.92713531, 47.92702315], [106.92729284, 47.92589573], [106.92975764, 47.92593235], [106.92990278, 47.92592996], [106.93115234, 47.92590938], [106.93131619, 47.92597613], [106.93130539, 47.92700421], [106.92986857, 47.92693834], [106.92983275, 47.92721796], [106.92967295, 47.92720557], [106.92966701, 47.92723657], [106.929466, 47.927218], [106.92835117, 47.92717437], [106.9281793, 47.92716767], [106.92768565, 47.92714843], [106.92718209, 47.92707356], [106.92713531, 47.92702315]]]}, "geometry_name": "geom", "properties": {"guid": 1415447, "id": 1415447, "object_no": null, "object_name": null, "layer_type_id": 261, "valid_to": null, "address_no": null, "border_type": "solid", "border_width": 0, "border_color": "#e94c41", "border_opacity": null, "border_wellknown": "shape://horizline", "fill_type": "color", "fill_color": "#eb7f78", "fill_opacity": 0.5, "fill_wellknown": null, "fill_shape_color": null, "fill_shape_width": null, "fill_shape_size": null, "fill_img_url": null, "marker_img_url": null}},{"type": "Feature", "id": "layer_data_map.fid--27e80436_1a098c1eed1_-4fbf", "geometry": {"type": "Polygon", "coordinates": [[[106.89901311, 47.91306966], [106.89905257, 47.91259838], [106.89945008, 47.91260511], [106.89953436, 47.91163729], [106.89924551, 47.91162758], [106.89924098, 47.91155215], [106.899286, 47.910963], [106.89863689, 47.91091975], [106.89865887, 47.91049441], [106.89936076, 47.91049785], [106.89937752, 47.91014076], [106.89958336, 47.91014383], [106.90038831, 47.91016518], [106.90033656, 47.91119894], [106.90057432, 47.91120726], [106.90056218, 47.91175271], [106.9017207, 47.91181553], [106.90172822, 47.91183076], [106.90197289, 47.91183838], [106.90197068, 47.91189545], [106.90196847, 47.91226414], [106.90172171, 47.91225479], [106.90170718, 47.91267141], [106.90256128, 47.91269927], [106.90253022, 47.91312957], [106.89901311, 47.91306966]]]}, "geometry_name": "geom", "properties": {"guid": 1415448, "id": 1415448, "object_no": null, "object_name": null, "layer_type_id": 261, "valid_to": null, "address_no": null, "border_type": "solid", "border_width": 0, "border_color": "#e94c41", "border_opacity": null, "border_wellknown": "shape://horizline", "fill_type": "color", "fill_color": "#eb7f78", "fill_opacity": 0.5, "fill_wellknown": null, "fill_shape_color": null, "fill_shape_width": null, "fill_shape_size": null, "fill_img_url": null, "marker_img_url": null}},{"type": "Feature", "id": "layer_data_map.fid--27e80436_1a098c1eed1_-4fbe", "geometry": {"type": "Polygon", "coordinates": [[[106.92412767, 47.9043547], [106.92426011, 47.90250059], [106.9282671, 47.90261546], [106.9283468, 47.90263923], [106.92698969, 47.90424401], [106.92673809, 47.90436358], [106.92412767, 47.9043547]]]}, "geometry_name": "geom", "properties": {"guid": 1415449, "id": 1415449, "object_no": null, "object_name": null, "layer_type_id": 261, "valid_to": null, "address_no": null, "border_type": "solid", "border_width": 0, "border_color": "#e94c41", "border_opacity": null, "border_wellknown": "shape://horizline", "fill_type": "color", "fill_color": "#eb7f78", "fill_opacity": 0.5, "fill_wellknown": null, "fill_shape_color": null, "fill_shape_width": null, "fill_shape_size": null, "fill_img_url": null, "marker_img_url": null}},{"type": "Feature", "id": "layer_data_map.fid--27e80436_1a098c1eed1_-4fbd", "geometry": {"type": "Polygon", "coordinates": [[[106.91255832, 47.90628813], [106.91136105, 47.90350916], [106.91211326, 47.90333232], [106.91386176, 47.90453351], [106.91438708, 47.90514321], [106.91423918, 47.90568579], [106.91378021, 47.90601735], [106.91255832, 47.90628813]]]}, "geometry_name": "geom", "properties": {"guid": 1415450, "id": 1415450, "object_no": null, "object_name": null, "layer_type_id": 261, "valid_to": null, "address_no": null, "border_type": "solid", "border_width": 0, "border_color": "#e94c41", "border_opacity": null, "border_wellknown": "shape://horizline", "fill_type": "color", "fill_color": "#eb7f78", "fill_opacity": 0.5, "fill_wellknown": null, "fill_shape_color": null, "fill_shape_width": null, "fill_shape_size": null, "fill_img_url": null, "marker_img_url": null}},{"type": "Feature", "id": "layer_data_map.fid--27e80436_1a098c1eed1_-4fbc", "geometry": {"type": "Polygon", "coordinates": [[[106.91222257, 47.90635497], [106.91155222, 47.90629097], [106.91131588, 47.90619719], [106.91099591, 47.90587571], [106.91046923, 47.90387842], [106.91049199, 47.90380285], [106.91098355, 47.90368515], [106.91222257, 47.90635497]]]}, "geometry_name": "geom", "properties": {"guid": 1415451, "id": 1415451, "object_no": null, "object_name": null, "layer_type_id": 261, "valid_to": null, "address_no": null, "border_type": "solid", "border_width": 0, "border_color": "#e94c41", "border_opacity": null, "border_wellknown": "shape://horizline", "fill_type": "color", "fill_color": "#eb7f78", "fill_opacity": 0.5, "fill_wellknown": null, "fill_shape_color": null, "fill_shape_width": null, "fill_shape_size": null, "fill_img_url": null, "marker_img_url": null}},{"type": "Feature", "id": "layer_data_map.fid--27e80436_1a098c1eed1_-4fbb", "geometry": {"type": "Polygon", "coordinates": [[[106.89593065, 47.90176062], [106.89461575, 47.90167327], [106.89327332, 47.90161331], [106.89333822, 47.89908362], [106.89355361, 47.89902945], [106.89615788, 47.8990692], [106.8960174, 47.90000983], [106.89593065, 47.90176062]]]}, "geometry_name": "geom", "properties": {"guid": 1415452, "id": 1415452, "object_no": null, "object_name": null, "layer_type_id": 261, "valid_to": null, "address_no": null, "border_type": "solid", "border_width": 0, "border_color": "#e94c41", "border_opacity": null, "border_wellknown": "shape://horizline", "fill_type": "color", "fill_color": "#eb7f78", "fill_opacity": 0.5, "fill_wellknown": null, "fill_shape_color": null, "fill_shape_width": null, "fill_shape_size": null, "fill_img_url": null, "marker_img_url": null}},{"type": "Feature", "id": "layer_data_map.fid--27e80436_1a098c1eed1_-4fba", "geometry": {"type": "Polygon", "coordinates": [[[106.89621836, 47.89882052], [106.89342237, 47.89877169], [106.89254846, 47.89866104], [106.89243355, 47.89594518], [106.89323425, 47.89580656], [106.89322249, 47.89533722], [106.89599535, 47.89523852], [106.89612707, 47.89527824], [106.89621836, 47.89882052]]]}, "geometry_name": "geom", "properties": {"guid": 1415453, "id": 1415453, "object_no": null, "object_name": null, "layer_type_id": 261, "valid_to": null, "address_no": null, "border_type": "solid", "border_width": 0, "border_color": "#e94c41", "border_opacity": null, "border_wellknown": "shape://horizline", "fill_type": "color", "fill_color": "#eb7f78", "fill_opacity": 0.5, "fill_wellknown": null, "fill_shape_color": null, "fill_shape_width": null, "fill_shape_size": null, "fill_img_url": null, "marker_img_url": null}},{"type": "Feature", "id": "layer_data_map.fid--27e80436_1a098c1eed1_-4fb9", "geometry": {"type": "Polygon", "coordinates": [[[106.93492334, 47.92352109], [106.9351372, 47.92160555], [106.93783655, 47.92175798], [106.93776687, 47.922403], [106.93821843, 47.92242383], [106.93876749, 47.92245409], [106.93866065, 47.9232879], [106.93899518, 47.9233013], [106.93892621, 47.92384649], [106.93492334, 47.92352109]]]}, "geometry_name": "geom", "properties": {"guid": 1415454, "id": 1415454, "object_no": null, "object_name": null, "layer_type_id": 261, "valid_to": null, "address_no": null, "border_type": "solid", "border_width": 0, "border_color": "#e94c41", "border_opacity": null, "border_wellknown": "shape://horizline", "fill_type": "color", "fill_color": "#eb7f78", "fill_opacity": 0.5, "fill_wellknown": null, "fill_shape_color": null, "fill_shape_width": null, "fill_shape_size": null, "fill_img_url": null, "marker_img_url": null}},{"type": "Feature", "id": "layer_data_map.fid--27e80436_1a098c1eed1_-4fb8", "geometry": {"type": "Polygon", "coordinates": [[[106.93591244, 47.92608053], [106.93721395, 47.92615708], [106.93720806, 47.92621413], [106.93715635, 47.92663704], [106.93827594, 47.92670813], [106.93836547, 47.92594851], [106.93874956, 47.92597422], [106.93876351, 47.92586615], [106.93901697, 47.9258897], [106.93896693, 47.92628881], [106.93888327, 47.92698444], [106.93875465, 47.92697681], [106.93870941, 47.92750985], [106.93861034, 47.9275064], [106.93858609, 47.92791283], [106.93809401, 47.92804271], [106.93764537, 47.92807508], [106.93715471, 47.92806442], [106.93704262, 47.9279842], [106.93621082, 47.92668675], [106.93591244, 47.92608053]]]}, "geometry_name": "geom", "properties": {"guid": 1415455, "id": 1415455, "object_no": null, "object_name": null, "layer_type_id": 261, "valid_to": null, "address_no": null, "border_type": "solid", "border_width": 0, "border_color": "#e94c41", "border_opacity": null, "border_wellknown": "shape://horizline", "fill_type": "color", "fill_color": "#eb7f78", "fill_opacity": 0.5, "fill_wellknown": null, "fill_shape_color": null, "fill_shape_width": null, "fill_shape_size": null, "fill_img_url": null, "marker_img_url": null}},{"type": "Feature", "id": "layer_data_map.fid--27e80436_1a098c1eed1_-4fb7", "geometry": {"type": "Polygon", "coordinates": [[[106.93858609, 47.92791283], [106.93861034, 47.9275064], [106.93870941, 47.92750985], [106.93875465, 47.92697681], [106.93888327, 47.92698444], [106.93896693, 47.92628881], [106.93899796, 47.9260413], [106.93901697, 47.9258897], [106.93904817, 47.92566336], [106.93909923, 47.9256244], [106.93911434, 47.92547625], [106.94006838, 47.92552993], [106.94028975, 47.92554122], [106.94038593, 47.9248712], [106.94054246, 47.92487982], [106.94083132, 47.92489634], [106.9408799, 47.92492493], [106.94089461, 47.92496048], [106.9408894, 47.92500584], [106.94136629, 47.92504191], [106.9412203, 47.92573686], [106.94105572, 47.92622125], [106.94096308, 47.92639945], [106.94074753, 47.92671243], [106.94039088, 47.92710212], [106.93984765, 47.92746463], [106.93946478, 47.92765171], [106.93911093, 47.92776205], [106.93858609, 47.92791283]]]}, "geometry_name": "geom", "properties": {"guid": 1415456, "id": 1415456, "object_no": null, "object_name": null, "layer_type_id": 261, "valid_to": null, "address_no": null, "border_type": "solid", "border_width": 0, "border_color": "#e94c41", "border_opacity": null, "border_wellknown": "shape://horizline", "fill_type": "color", "fill_color": "#eb7f78", "fill_opacity": 0.5, "fill_wellknown": null, "fill_shape_color": null, "fill_shape_width": null, "fill_shape_size": null, "fill_img_url": null, "marker_img_url": null}},{"type": "Feature", "id": "layer_data_map.fid--27e80436_1a098c1eed1_-4fb6", "geometry": {"type": "Polygon", "coordinates": [[[106.94136629, 47.92504191], [106.9408894, 47.92500584], [106.94089461, 47.92496048], [106.9408799, 47.92492493], [106.94083132, 47.92489634], [106.94038593, 47.9248712], [106.94028975, 47.92554122], [106.93911434, 47.92547625], [106.93909923, 47.9256244], [106.93904817, 47.92566336], [106.93901697, 47.9258897], [106.93876351, 47.92586615], [106.93874956, 47.92597422], [106.93836547, 47.92594851], [106.93847976, 47.92503902], [106.93843869, 47.92503484], [106.93854134, 47.92409654], [106.94057123, 47.92417639], [106.94149732, 47.92425834], [106.94136629, 47.92504191]]]}, "geometry_name": "geom", "properties": {"guid": 1415457, "id": 1415457, "object_no": null, "object_name": null, "layer_type_id": 261, "valid_to": null, "address_no": null, "border_type": "solid", "border_width": 0, "border_color": "#e94c41", "border_opacity": null, "border_wellknown": "shape://horizline", "fill_type": "color", "fill_color": "#eb7f78", "fill_opacity": 0.5, "fill_wellknown": null, "fill_shape_color": null, "fill_shape_width": null, "fill_shape_size": null, "fill_img_url": null, "marker_img_url": null}},{"type": "Feature", "id": "layer_data_map.fid--27e80436_1a098c1eed1_-4fb5", "geometry": {"type": "Polygon", "coordinates": [[[106.93213018, 47.92937918], [106.93219513, 47.92683035], [106.93399569, 47.92686927], [106.93398686, 47.92723648], [106.93540176, 47.92725628], [106.9356327, 47.92714591], [106.93621574, 47.92715986], [106.93657823, 47.92769482], [106.93620162, 47.92806094], [106.9354776, 47.92867104], [106.93522418, 47.92882018], [106.93462083, 47.92899172], [106.93213018, 47.92937918]]]}, "geometry_name": "geom", "properties": {"guid": 1415458, "id": 1415458, "object_no": null, "object_name": null, "layer_type_id": 261, "valid_to": null, "address_no": null, "border_type": "solid", "border_width": 0, "border_color": "#e94c41", "border_opacity": null, "border_wellknown": "shape://horizline", "fill_type": "color", "fill_color": "#eb7f78", "fill_opacity": 0.5, "fill_wellknown": null, "fill_shape_color": null, "fill_shape_width": null, "fill_shape_size": null, "fill_img_url": null, "marker_img_url": null}},{"type": "Feature", "id": "layer_data_map.fid--27e80436_1a098c1eed1_-4fb4", "geometry": {"type": "Polygon", "coordinates": [[[106.9358065, 47.91841944], [106.9358136, 47.91770752], [106.93570292, 47.91738065], [106.93573231, 47.91700995], [106.93593569, 47.9166782], [106.93617595, 47.91492254], [106.93913661, 47.91505924], [106.93997351, 47.91501359], [106.94178145, 47.91496764], [106.9430987, 47.91504274], [106.94335352, 47.91524351], [106.94382268, 47.91536633], [106.94366917, 47.91621815], [106.94337965, 47.91738015], [106.94294701, 47.91878821], [106.94266669, 47.91887573], [106.9358065, 47.91841944]]]}, "geometry_name": "geom", "properties": {"guid": 1415459, "id": 1415459, "object_no": null, "object_name": null, "layer_type_id": 261, "valid_to": null, "address_no": null, "border_type": "solid", "border_width": 0, "border_color": "#e94c41", "border_opacity": null, "border_wellknown": "shape://horizline", "fill_type": "color", "fill_color": "#eb7f78", "fill_opacity": 0.5, "fill_wellknown": null, "fill_shape_color": null, "fill_shape_width": null, "fill_shape_size": null, "fill_img_url": null, "marker_img_url": null}},{"type": "Feature", "id": "layer_data_map.fid--27e80436_1a098c1eed1_-4fb3", "geometry": {"type": "Polygon", "coordinates": [[[106.93594015, 47.91281628], [106.93596635, 47.9134533], [106.93566611, 47.9134543], [106.93569471, 47.9141053], [106.93572011, 47.91421402], [106.9358039, 47.9143617], [106.93590197, 47.91446477], [106.93606216, 47.91454546], [106.93620516, 47.91458884], [106.9361874, 47.91484195], [106.93610067, 47.9148744], [106.93603957, 47.91500848], [106.93584016, 47.91670868], [106.93575622, 47.91676674], [106.93266869, 47.91657924], [106.93272142, 47.91602731], [106.93191268, 47.91595114], [106.93176905, 47.91589465], [106.93084062, 47.91581574], [106.93079638, 47.91595932], [106.93019296, 47.91592186], [106.93053495, 47.91293073], [106.93108175, 47.91291094], [106.93594015, 47.91281628]]]}, "geometry_name": "geom", "properties": {"guid": 1415460, "id": 1415460, "object_no": null, "object_name": null, "layer_type_id": 261, "valid_to": null, "address_no": null, "border_type": "solid", "border_width": 0, "border_color": "#e94c41", "border_opacity": null, "border_wellknown": "shape://horizline", "fill_type": "color", "fill_color": "#eb7f78", "fill_opacity": 0.5, "fill_wellknown": null, "fill_shape_color": null, "fill_shape_width": null, "fill_shape_size": null, "fill_img_url": null, "marker_img_url": null}},{"type": "Feature", "id": "layer_data_map.fid--27e80436_1a098c1eed1_-4fb2", "geometry": {"type": "Polygon", "coordinates": [[[106.93520506, 47.91838612], [106.93432376, 47.91833882], [106.93377283, 47.918388], [106.92994938, 47.91817646], [106.93019296, 47.91592186], [106.93079638, 47.91595932], [106.93084062, 47.91581574], [106.93176905, 47.91589465], [106.93191268, 47.91595114], [106.93272142, 47.91602731], [106.93266869, 47.91657924], [106.93563615, 47.91675945], [106.93560855, 47.91741353], [106.9357383, 47.91776596], [106.9357433, 47.91785912], [106.93520506, 47.91838612]]]}, "geometry_name": "geom", "properties": {"guid": 1415461, "id": 1415461, "object_no": null, "object_name": null, "layer_type_id": 261, "valid_to": null, "address_no": null, "border_type": "solid", "border_width": 0, "border_color": "#e94c41", "border_opacity": null, "border_wellknown": "shape://horizline", "fill_type": "color", "fill_color": "#eb7f78", "fill_opacity": 0.5, "fill_wellknown": null, "fill_shape_color": null, "fill_shape_width": null, "fill_shape_size": null, "fill_img_url": null, "marker_img_url": null}},{"type": "Feature", "id": "layer_data_map.fid--27e80436_1a098c1eed1_-4fb1", "geometry": {"type": "Polygon", "coordinates": [[[106.93600552, 47.90802031], [106.93291364, 47.90805527], [106.93326808, 47.90734572], [106.93324011, 47.90689606], [106.93289574, 47.90651348], [106.93250043, 47.90638509], [106.93185351, 47.90628802], [106.92758195, 47.90619688], [106.92784356, 47.90577039], [106.92798247, 47.90542448], [106.92806213, 47.90515417], [106.92821517, 47.90434394], [106.93583443, 47.90475105], [106.93554994, 47.90728707], [106.93598928, 47.90728119], [106.93600552, 47.90802031]]]}, "geometry_name": "geom", "properties": {"guid": 1415462, "id": 1415462, "object_no": null, "object_name": null, "layer_type_id": 261, "valid_to": null, "address_no": null, "border_type": "solid", "border_width": 0, "border_color": "#e94c41", "border_opacity": null, "border_wellknown": "shape://horizline", "fill_type": "color", "fill_color": "#eb7f78", "fill_opacity": 0.5, "fill_wellknown": null, "fill_shape_color": null, "fill_shape_width": null, "fill_shape_size": null, "fill_img_url": null, "marker_img_url": null}},{"type": "Feature", "id": "layer_data_map.fid--27e80436_1a098c1eed1_-4fb0", "geometry": {"type": "Polygon", "coordinates": [[[106.9440259, 47.91866124], [106.943543, 47.91841524], [106.94367089, 47.9176021], [106.94404345, 47.91609006], [106.94406916, 47.91532371], [106.94532464, 47.91532345], [106.94562622, 47.91531504], [106.94673738, 47.91533552], [106.94802403, 47.9153307], [106.94802157, 47.91537151], [106.94825436, 47.9154354], [106.94877427, 47.91535219], [106.9493185, 47.91519972], [106.94930644, 47.9154975], [106.94918866, 47.91590033], [106.94903629, 47.9159446], [106.94905659, 47.91616943], [106.94937936, 47.91763457], [106.94739337, 47.91790057], [106.9440259, 47.91866124]]]}, "geometry_name": "geom", "properties": {"guid": 1415463, "id": 1415463, "object_no": null, "object_name": null, "layer_type_id": 261, "valid_to": null, "address_no": null, "border_type": "solid", "border_width": 0, "border_color": "#e94c41", "border_opacity": null, "border_wellknown": "shape://horizline", "fill_type": "color", "fill_color": "#eb7f78", "fill_opacity": 0.5, "fill_wellknown": null, "fill_shape_color": null, "fill_shape_width": null, "fill_shape_size": null, "fill_img_url": null, "marker_img_url": null}},{"type": "Feature", "id": "layer_data_map.fid--27e80436_1a098c1eed1_-4faf", "geometry": {"type": "Polygon", "coordinates": [[[106.94165677, 47.92635269], [106.94260242, 47.92259096], [106.9430478, 47.92266271], [106.94340775, 47.9226389], [106.94345965, 47.92253275], [106.94542268, 47.92229881], [106.94556417, 47.92286026], [106.94522707, 47.92302854], [106.94562569, 47.92527187], [106.94226382, 47.92677827], [106.94165677, 47.92635269]]]}, "geometry_name": "geom", "properties": {"guid": 1415464, "id": 1415464, "object_no": null, "object_name": null, "layer_type_id": 261, "valid_to": null, "address_no": null, "border_type": "solid", "border_width": 0, "border_color": "#e94c41", "border_opacity": null, "border_wellknown": "shape://horizline", "fill_type": "color", "fill_color": "#eb7f78", "fill_opacity": 0.5, "fill_wellknown": null, "fill_shape_color": null, "fill_shape_width": null, "fill_shape_size": null, "fill_img_url": null, "marker_img_url": null}},{"type": "Feature", "id": "layer_data_map.fid--27e80436_1a098c1eed1_-4fae", "geometry": {"type": "Polygon", "coordinates": [[[106.94481972, 47.91884306], [106.94808883, 47.91816994], [106.95197702, 47.91774062], [106.95222575, 47.91903688], [106.95048163, 47.91923261], [106.94582126, 47.91998401], [106.94582222, 47.91941915], [106.94520056, 47.91916114], [106.94481972, 47.91884306]]]}, "geometry_name": "geom", "properties": {"guid": 1415465, "id": 1415465, "object_no": null, "object_name": null, "layer_type_id": 261, "valid_to": null, "address_no": null, "border_type": "solid", "border_width": 0, "border_color": "#e94c41", "border_opacity": null, "border_wellknown": "shape://horizline", "fill_type": "color", "fill_color": "#eb7f78", "fill_opacity": 0.5, "fill_wellknown": null, "fill_shape_color": null, "fill_shape_width": null, "fill_shape_size": null, "fill_img_url": null, "marker_img_url": null}},{"type": "Feature", "id": "layer_data_map.fid--27e80436_1a098c1eed1_-4fad", "geometry": {"type": "Polygon", "coordinates": [[[106.94260242, 47.92259096], [106.94341016, 47.91912957], [106.94481972, 47.91884306], [106.94520056, 47.91916114], [106.94582222, 47.91941915], [106.94582126, 47.91998401], [106.9462039, 47.92092665], [106.94522087, 47.92099995], [106.94550252, 47.92202714], [106.94537369, 47.92204159], [106.94542268, 47.92229881], [106.94345965, 47.92253275], [106.94340775, 47.9226389], [106.9430478, 47.92266271], [106.94260242, 47.92259096]]]}, "geometry_name": "geom", "properties": {"guid": 1415466, "id": 1415466, "object_no": null, "object_name": null, "layer_type_id": 261, "valid_to": null, "address_no": null, "border_type": "solid", "border_width": 0, "border_color": "#e94c41", "border_opacity": null, "border_wellknown": "shape://horizline", "fill_type": "color", "fill_color": "#eb7f78", "fill_opacity": 0.5, "fill_wellknown": null, "fill_shape_color": null, "fill_shape_width": null, "fill_shape_size": null, "fill_img_url": null, "marker_img_url": null}},{"type": "Feature", "id": "layer_data_map.fid--27e80436_1a098c1eed1_-4fac", "geometry": {"type": "Polygon", "coordinates": [[[106.94785422, 47.92426686], [106.94562569, 47.92527187], [106.94522707, 47.92302854], [106.94556417, 47.92286026], [106.94542268, 47.92229881], [106.94537369, 47.92204159], [106.94550252, 47.92202714], [106.94522087, 47.92099995], [106.9462039, 47.92092665], [106.94582126, 47.91998401], [106.94797626, 47.91963658], [106.9480379, 47.9198275], [106.94796818, 47.91995932], [106.94789447, 47.9199735], [106.94803223, 47.92031498], [106.94793057, 47.92033691], [106.9480586, 47.92077924], [106.94796948, 47.92078949], [106.94804472, 47.92147784], [106.94735351, 47.9215798], [106.94785422, 47.92426686]]]}, "geometry_name": "geom", "properties": {"guid": 1415467, "id": 1415467, "object_no": null, "object_name": null, "layer_type_id": 261, "valid_to": null, "address_no": null, "border_type": "solid", "border_width": 0, "border_color": "#e94c41", "border_opacity": null, "border_wellknown": "shape://horizline", "fill_type": "color", "fill_color": "#eb7f78", "fill_opacity": 0.5, "fill_wellknown": null, "fill_shape_color": null, "fill_shape_width": null, "fill_shape_size": null, "fill_img_url": null, "marker_img_url": null}},{"type": "Feature", "id": "layer_data_map.fid--27e80436_1a098c1eed1_-4fab", "geometry": {"type": "Polygon", "coordinates": [[[106.96056204, 47.92112443], [106.96054858, 47.92108871], [106.9604744, 47.92074806], [106.95944058, 47.92073433], [106.95893039, 47.91716421], [106.96404681, 47.91672326], [106.96406834, 47.91756252], [106.96344768, 47.91858286], [106.96351824, 47.9195143], [106.9637842, 47.91965636], [106.96359796, 47.91985298], [106.96369486, 47.92073445], [106.96296681, 47.92079936], [106.96293304, 47.92106011], [106.96056204, 47.92112443]]]}, "geometry_name": "geom", "properties": {"guid": 1415468, "id": 1415468, "object_no": null, "object_name": null, "layer_type_id": 261, "valid_to": null, "address_no": null, "border_type": "solid", "border_width": 0, "border_color": "#e94c41", "border_opacity": null, "border_wellknown": "shape://horizline", "fill_type": "color", "fill_color": "#eb7f78", "fill_opacity": 0.5, "fill_wellknown": null, "fill_shape_color": null, "fill_shape_width": null, "fill_shape_size": null, "fill_img_url": null, "marker_img_url": null}},{"type": "Feature", "id": "layer_data_map.fid--27e80436_1a098c1eed1_-4faa", "geometry": {"type": "Polygon", "coordinates": [[[106.95070251, 47.92345851], [106.95021695, 47.92159174], [106.95265887, 47.92130096], [106.95254326, 47.92069664], [106.9560534, 47.92043255], [106.95603617, 47.92034882], [106.95922214, 47.92010274], [106.95932696, 47.92081255], [106.96029788, 47.92082041], [106.96055224, 47.92131979], [106.96109321, 47.92271791], [106.96121443, 47.92333042], [106.96109876, 47.92348132], [106.95328103, 47.92347276], [106.95132386, 47.9234331], [106.95070251, 47.92345851]]]}, "geometry_name": "geom", "properties": {"guid": 1415469, "id": 1415469, "object_no": null, "object_name": null, "layer_type_id": 261, "valid_to": null, "address_no": null, "border_type": "solid", "border_width": 0, "border_color": "#e94c41", "border_opacity": null, "border_wellknown": "shape://horizline", "fill_type": "color", "fill_color": "#eb7f78", "fill_opacity": 0.5, "fill_wellknown": null, "fill_shape_color": null, "fill_shape_width": null, "fill_shape_size": null, "fill_img_url": null, "marker_img_url": null}},{"type": "Feature", "id": "layer_data_map.fid--27e80436_1a098c1eed1_-4fa9", "geometry": {"type": "Polygon", "coordinates": [[[106.90500535, 47.90549574], [106.9062712, 47.90577009], [106.90610287, 47.90597055], [106.90523705, 47.90612135], [106.90530019, 47.90651014], [106.90322396, 47.90699336], [106.90123039, 47.90745731], [106.89779465, 47.90768788], [106.89497069, 47.90771115], [106.89491912, 47.90723757], [106.89470608, 47.9062874], [106.89438033, 47.90564417], [106.89405334, 47.90514946], [106.89591426, 47.90460656], [106.89590105, 47.90424492], [106.89687917, 47.90422876], [106.89693037, 47.90562946], [106.89964391, 47.90558459], [106.90500535, 47.90549574]]]}, "geometry_name": "geom", "properties": {"guid": 1415470, "id": 1415470, "object_no": null, "object_name": null, "layer_type_id": 261, "valid_to": null, "address_no": null, "border_type": "solid", "border_width": 0, "border_color": "#e94c41", "border_opacity": null, "border_wellknown": "shape://horizline", "fill_type": "color", "fill_color": "#eb7f78", "fill_opacity": 0.5, "fill_wellknown": null, "fill_shape_color": null, "fill_shape_width": null, "fill_shape_size": null, "fill_img_url": null, "marker_img_url": null}},{"type": "Feature", "id": "layer_data_map.fid--27e80436_1a098c1eed1_-4fa8", "geometry": {"type": "Polygon", "coordinates": [[[106.88175256, 47.92430655], [106.88122274, 47.92428558], [106.88124712, 47.9239586], [106.88041124, 47.9239525], [106.88006869, 47.9239072], [106.8800135, 47.92450708], [106.87931931, 47.92450881], [106.87935804, 47.92391772], [106.87760561, 47.92385379], [106.87761872, 47.92367525], [106.87596335, 47.92362234], [106.87600833, 47.92291138], [106.88358032, 47.92312581], [106.88354852, 47.92358889], [106.88181354, 47.92354911], [106.88175256, 47.92430655]]]}, "geometry_name": "geom", "properties": {"guid": 1415471, "id": 1415471, "object_no": null, "object_name": null, "layer_type_id": 261, "valid_to": null, "address_no": null, "border_type": "solid", "border_width": 0, "border_color": "#e94c41", "border_opacity": null, "border_wellknown": "shape://horizline", "fill_type": "color", "fill_color": "#eb7f78", "fill_opacity": 0.5, "fill_wellknown": null, "fill_shape_color": null, "fill_shape_width": null, "fill_shape_size": null, "fill_img_url": null, "marker_img_url": null}},{"type": "Feature", "id": "layer_data_map.fid--27e80436_1a098c1eed1_-4fa7", "geometry": {"type": "Polygon", "coordinates": [[[106.88823043, 47.92418801], [106.88726638, 47.92452491], [106.88725783, 47.92470305], [106.88580812, 47.92465618], [106.88530668, 47.92483409], [106.8852468, 47.92562946], [106.88518712, 47.92596064], [106.88516338, 47.92613361], [106.88312443, 47.92549416], [106.88317115, 47.92479524], [106.88347824, 47.92461204], [106.88358032, 47.92312581], [106.88748229, 47.92323612], [106.88832821, 47.92331601], [106.88823043, 47.92418801]]]}, "geometry_name": "geom", "properties": {"guid": 1415472, "id": 1415472, "object_no": null, "object_name": null, "layer_type_id": 261, "valid_to": null, "address_no": null, "border_type": "solid", "border_width": 0, "border_color": "#e94c41", "border_opacity": null, "border_wellknown": "shape://horizline", "fill_type": "color", "fill_color": "#eb7f78", "fill_opacity": 0.5, "fill_wellknown": null, "fill_shape_color": null, "fill_shape_width": null, "fill_shape_size": null, "fill_img_url": null, "marker_img_url": null}},{"type": "Feature", "id": "layer_data_map.fid--27e80436_1a098c1eed1_-4fa6", "geometry": {"type": "Polygon", "coordinates": [[[106.87050067, 47.91951249], [106.87015079, 47.91950197], [106.87010279, 47.91979303], [106.86879164, 47.91977981], [106.86875342, 47.92027022], [106.86838809, 47.92044351], [106.8662326, 47.92038751], [106.86629438, 47.91907008], [106.86599903, 47.91905866], [106.86583391, 47.91882446], [106.86580548, 47.91860465], [106.87056494, 47.91827286], [106.87050067, 47.91951249]]]}, "geometry_name": "geom", "properties": {"guid": 1415473, "id": 1415473, "object_no": null, "object_name": null, "layer_type_id": 261, "valid_to": null, "address_no": null, "border_type": "solid", "border_width": 0, "border_color": "#e94c41", "border_opacity": null, "border_wellknown": "shape://horizline", "fill_type": "color", "fill_color": "#eb7f78", "fill_opacity": 0.5, "fill_wellknown": null, "fill_shape_color": null, "fill_shape_width": null, "fill_shape_size": null, "fill_img_url": null, "marker_img_url": null}},{"type": "Feature", "id": "layer_data_map.fid--27e80436_1a098c1eed1_-4fa5", "geometry": {"type": "Polygon", "coordinates": [[[106.87014559, 47.92238402], [106.86731106, 47.92229954], [106.86725999, 47.92225966], [106.8667942, 47.92224242], [106.86673182, 47.92228], [106.86614503, 47.92225481], [106.86623064, 47.92042937], [106.86840677, 47.9204859], [106.86881406, 47.92029271], [106.86885072, 47.91982229], [106.8700959, 47.91983484], [106.87008775, 47.91988425], [106.87034667, 47.91989172], [106.87014559, 47.92238402]]]}, "geometry_name": "geom", "properties": {"guid": 1415474, "id": 1415474, "object_no": null, "object_name": null, "layer_type_id": 261, "valid_to": null, "address_no": null, "border_type": "solid", "border_width": 0, "border_color": "#e94c41", "border_opacity": null, "border_wellknown": "shape://horizline", "fill_type": "color", "fill_color": "#eb7f78", "fill_opacity": 0.5, "fill_wellknown": null, "fill_shape_color": null, "fill_shape_width": null, "fill_shape_size": null, "fill_img_url": null, "marker_img_url": null}},{"type": "Feature", "id": "layer_data_map.fid--27e80436_1a098c1eed1_-4fa4", "geometry": {"type": "Polygon", "coordinates": [[[106.86606053, 47.9222516], [106.86342548, 47.92215151], [106.86185124, 47.92192622], [106.86182555, 47.92138622], [106.86154065, 47.92070574], [106.86197229, 47.92063451], [106.86198591, 47.92039426], [106.86304167, 47.92041978], [106.86337358, 47.92004508], [106.86337762, 47.91999548], [106.86618087, 47.92001995], [106.86606053, 47.9222516]]]}, "geometry_name": "geom", "properties": {"guid": 1415475, "id": 1415475, "object_no": null, "object_name": null, "layer_type_id": 261, "valid_to": null, "address_no": null, "border_type": "solid", "border_width": 0, "border_color": "#e94c41", "border_opacity": null, "border_wellknown": "shape://horizline", "fill_type": "color", "fill_color": "#eb7f78", "fill_opacity": 0.5, "fill_wellknown": null, "fill_shape_color": null, "fill_shape_width": null, "fill_shape_size": null, "fill_img_url": null, "marker_img_url": null}},{"type": "Feature", "id": "layer_data_map.fid--27e80436_1a098c1eed1_-4fa3", "geometry": {"type": "Polygon", "coordinates": [[[106.85856734, 47.91983715], [106.85872376, 47.91995566], [106.85865599, 47.92033707], [106.85878962, 47.92038216], [106.85872839, 47.92081198], [106.85823574, 47.92079195], [106.85807241, 47.92120282], [106.85654937, 47.92091203], [106.85646907, 47.92088341], [106.85639027, 47.92085297], [106.85631305, 47.92082074], [106.85623751, 47.92078676], [106.85616373, 47.92075108], [106.8560918, 47.92071373], [106.85602181, 47.92067476], [106.85595382, 47.92063421], [106.85588793, 47.92059213], [106.85582421, 47.92054857], [106.85576273, 47.92050357], [106.85570356, 47.92045719], [106.85564677, 47.92040949], [106.85559243, 47.92036052], [106.8555406, 47.92031033], [106.85549134, 47.92025899], [106.85544471, 47.92020655], [106.85540075, 47.92015307], [106.85535953, 47.92009862], [106.85532109, 47.92004326], [106.85528548, 47.91998705], [106.85525273, 47.91993006], [106.85522288, 47.91987235], [106.85519597, 47.919814], [106.85517203, 47.91975506], [106.85515109, 47.91969561], [106.85513317, 47.91963571], [106.85510748, 47.91864873], [106.85789623, 47.91879138], [106.85799348, 47.91879583], [106.85797015, 47.91902614], [106.85836609, 47.91933114], [106.85852908, 47.91966302], [106.85856734, 47.91983715]]]}, "geometry_name": "geom", "properties": {"guid": 1415476, "id": 1415476, "object_no": null, "object_name": null, "layer_type_id": 261, "valid_to": null, "address_no": null, "border_type": "solid", "border_width": 0, "border_color": "#e94c41", "border_opacity": null, "border_wellknown": "shape://horizline", "fill_type": "color", "fill_color": "#eb7f78", "fill_opacity": 0.5, "fill_wellknown": null, "fill_shape_color": null, "fill_shape_width": null, "fill_shape_size": null, "fill_img_url": null, "marker_img_url": null}},{"type": "Feature", "id": "layer_data_map.fid--27e80436_1a098c1eed1_-4fa2", "geometry": {"type": "Polygon", "coordinates": [[[106.8904584, 47.92098726], [106.88805892, 47.92087823], [106.88804293, 47.92107147], [106.88638689, 47.92102361], [106.88642997, 47.92006192], [106.88563759, 47.92002871], [106.88611429, 47.9193545], [106.88633628, 47.91909275], [106.8867732, 47.91911753], [106.88685405, 47.91847358], [106.89066233, 47.91855823], [106.8904584, 47.92098726]]]}, "geometry_name": "geom", "properties": {"guid": 1415477, "id": 1415477, "object_no": null, "object_name": null, "layer_type_id": 261, "valid_to": null, "address_no": null, "border_type": "solid", "border_width": 0, "border_color": "#e94c41", "border_opacity": null, "border_wellknown": "shape://horizline", "fill_type": "color", "fill_color": "#eb7f78", "fill_opacity": 0.5, "fill_wellknown": null, "fill_shape_color": null, "fill_shape_width": null, "fill_shape_size": null, "fill_img_url": null, "marker_img_url": null}},{"type": "Feature", "id": "layer_data_map.fid--27e80436_1a098c1eed1_-4fa1", "geometry": {"type": "Polygon", "coordinates": [[[106.89026315, 47.92301603], [106.88629936, 47.92289947], [106.88639551, 47.92105197], [106.88822295, 47.92111474], [106.88824893, 47.92092929], [106.89045083, 47.92103546], [106.89026315, 47.92301603]]]}, "geometry_name": "geom", "properties": {"guid": 1415478, "id": 1415478, "object_no": null, "object_name": null, "layer_type_id": 261, "valid_to": null, "address_no": null, "border_type": "solid", "border_width": 0, "border_color": "#e94c41", "border_opacity": null, "border_wellknown": "shape://horizline", "fill_type": "color", "fill_color": "#eb7f78", "fill_opacity": 0.5, "fill_wellknown": null, "fill_shape_color": null, "fill_shape_width": null, "fill_shape_size": null, "fill_img_url": null, "marker_img_url": null}},{"type": "Feature", "id": "layer_data_map.fid--27e80436_1a098c1eed1_-4fa0", "geometry": {"type": "Polygon", "coordinates": [[[106.886257, 47.92212444], [106.88360018, 47.92203607], [106.88384883, 47.92102562], [106.88395477, 47.91971723], [106.88409814, 47.91967501], [106.88418222, 47.9183984], [106.88675309, 47.91847488], [106.88671542, 47.91896672], [106.88671304, 47.91896929], [106.88671053, 47.9189718], [106.8867079, 47.91897426], [106.88670514, 47.91897665], [106.88670226, 47.91897897], [106.88669927, 47.91898123], [106.88669616, 47.91898342], [106.88669294, 47.91898553], [106.88668961, 47.91898757], [106.88668619, 47.91898953], [106.88668266, 47.91899142], [106.88667904, 47.91899322], [106.88667534, 47.91899493], [106.88667154, 47.91899656], [106.88666767, 47.9189981], [106.88666372, 47.91899955], [106.8866597, 47.91900091], [106.88665561, 47.91900218], [106.88665146, 47.91900335], [106.88664725, 47.91900442], [106.88664299, 47.9190054], [106.88663869, 47.91900628], [106.88663434, 47.91900706], [106.88662995, 47.91900774], [106.88662553, 47.91900831], [106.88662109, 47.91900879], [106.88661662, 47.91900916], [106.88661214, 47.91900943], [106.88660764, 47.9190096], [106.88660314, 47.91900966], [106.88659864, 47.91900962], [106.88659415, 47.91900947], [106.88658966, 47.91900923], [106.88620466, 47.91899743], [106.88617782, 47.91918327], [106.88555015, 47.92006471], [106.88639227, 47.92008997], [106.886257, 47.92212444]]]}, "geometry_name": "geom", "properties": {"guid": 1415479, "id": 1415479, "object_no": null, "object_name": null, "layer_type_id": 261, "valid_to": null, "address_no": null, "border_type": "solid", "border_width": 0, "border_color": "#e94c41", "border_opacity": null, "border_wellknown": "shape://horizline", "fill_type": "color", "fill_color": "#eb7f78", "fill_opacity": 0.5, "fill_wellknown": null, "fill_shape_color": null, "fill_shape_width": null, "fill_shape_size": null, "fill_img_url": null, "marker_img_url": null}},{"type": "Feature", "id": "layer_data_map.fid--27e80436_1a098c1eed1_-4f9f", "geometry": {"type": "Polygon", "coordinates": [[[106.88376332, 47.92101932], [106.88351382, 47.92203319], [106.88040652, 47.92192976], [106.88048871, 47.92095442], [106.88110458, 47.92077068], [106.8811894, 47.92007295], [106.88089238, 47.9200376], [106.88052763, 47.91984939], [106.88053315, 47.91970124], [106.88155823, 47.91832028], [106.88409642, 47.91839584], [106.8840147, 47.91963655], [106.88388141, 47.9196758], [106.88376332, 47.92101932]]]}, "geometry_name": "geom", "properties": {"guid": 1415480, "id": 1415480, "object_no": null, "object_name": null, "layer_type_id": 261, "valid_to": null, "address_no": null, "border_type": "solid", "border_width": 0, "border_color": "#e94c41", "border_opacity": null, "border_wellknown": "shape://horizline", "fill_type": "color", "fill_color": "#eb7f78", "fill_opacity": 0.5, "fill_wellknown": null, "fill_shape_color": null, "fill_shape_width": null, "fill_shape_size": null, "fill_img_url": null, "marker_img_url": null}},{"type": "Feature", "id": "layer_data_map.fid--27e80436_1a098c1eed1_-4f9e", "geometry": {"type": "Polygon", "coordinates": [[[106.886223, 47.92288633], [106.88616717, 47.92288743], [106.8861003, 47.9228214], [106.88568597, 47.92280952], [106.88562199, 47.92287812], [106.88149216, 47.92273153], [106.88155801, 47.92201638], [106.88626703, 47.92216737], [106.886223, 47.92288633]]]}, "geometry_name": "geom", "properties": {"guid": 1415481, "id": 1415481, "object_no": null, "object_name": null, "layer_type_id": 261, "valid_to": null, "address_no": null, "border_type": "solid", "border_width": 0, "border_color": "#e94c41", "border_opacity": null, "border_wellknown": "shape://horizline", "fill_type": "color", "fill_color": "#eb7f78", "fill_opacity": 0.5, "fill_wellknown": null, "fill_shape_color": null, "fill_shape_width": null, "fill_shape_size": null, "fill_img_url": null, "marker_img_url": null}},{"type": "Feature", "id": "layer_data_map.fid--27e80436_1a098c1eed1_-4f9d", "geometry": {"type": "Polygon", "coordinates": [[[106.88143206, 47.92273138], [106.87651085, 47.92258003], [106.87655005, 47.92186084], [106.88147381, 47.92201395], [106.88143206, 47.92273138]]]}, "geometry_name": "geom", "properties": {"guid": 1415482, "id": 1415482, "object_no": null, "object_name": null, "layer_type_id": 261, "valid_to": null, "address_no": null, "border_type": "solid", "border_width": 0, "border_color": "#e94c41", "border_opacity": null, "border_wellknown": "shape://horizline", "fill_type": "color", "fill_color": "#eb7f78", "fill_opacity": 0.5, "fill_wellknown": null, "fill_shape_color": null, "fill_shape_width": null, "fill_shape_size": null, "fill_img_url": null, "marker_img_url": null}},{"type": "Feature", "id": "layer_data_map.fid--27e80436_1a098c1eed1_-4f9c", "geometry": {"type": "Polygon", "coordinates": [[[106.88032455, 47.92192703], [106.87639914, 47.92179623], [106.87651822, 47.92011126], [106.87895528, 47.92013484], [106.8793142, 47.92003251], [106.88110153, 47.92011851], [106.88102676, 47.92073355], [106.88040961, 47.92091767], [106.88032455, 47.92192703]]]}, "geometry_name": "geom", "properties": {"guid": 1415483, "id": 1415483, "object_no": null, "object_name": null, "layer_type_id": 261, "valid_to": null, "address_no": null, "border_type": "solid", "border_width": 0, "border_color": "#e94c41", "border_opacity": null, "border_wellknown": "shape://horizline", "fill_type": "color", "fill_color": "#eb7f78", "fill_opacity": 0.5, "fill_wellknown": null, "fill_shape_color": null, "fill_shape_width": null, "fill_shape_size": null, "fill_img_url": null, "marker_img_url": null}},{"type": "Feature", "id": "layer_data_map.fid--27e80436_1a098c1eed1_-4f9b", "geometry": {"type": "Polygon", "coordinates": [[[106.8886666, 47.91750808], [106.88880419, 47.91769218], [106.88866924, 47.91843937], [106.88243336, 47.91827537], [106.88238301, 47.91688778], [106.88339466, 47.91672172], [106.88591189, 47.91664583], [106.88794787, 47.91624991], [106.88874044, 47.91611116], [106.8887204, 47.91651544], [106.88884702, 47.91713153], [106.8886666, 47.91750808]]]}, "geometry_name": "geom", "properties": {"guid": 1415484, "id": 1415484, "object_no": null, "object_name": null, "layer_type_id": 261, "valid_to": null, "address_no": null, "border_type": "solid", "border_width": 0, "border_color": "#e94c41", "border_opacity": null, "border_wellknown": "shape://horizline", "fill_type": "color", "fill_color": "#eb7f78", "fill_opacity": 0.5, "fill_wellknown": null, "fill_shape_color": null, "fill_shape_width": null, "fill_shape_size": null, "fill_img_url": null, "marker_img_url": null}},{"type": "Feature", "id": "layer_data_map.fid--27e80436_1a098c1eed1_-4f9a", "geometry": {"type": "Polygon", "coordinates": [[[106.89070693, 47.91849024], [106.88867421, 47.91843933], [106.88880419, 47.91769218], [106.88880419, 47.91769218], [106.8886666, 47.91750808], [106.88884702, 47.91713153], [106.8887204, 47.91651544], [106.88874044, 47.91611116], [106.88794787, 47.91624991], [106.88804779, 47.91492695], [106.89021662, 47.91500241], [106.89095859, 47.91510905], [106.89099877, 47.91543056], [106.89070693, 47.91849024]]]}, "geometry_name": "geom", "properties": {"guid": 1415485, "id": 1415485, "object_no": null, "object_name": null, "layer_type_id": 261, "valid_to": null, "address_no": null, "border_type": "solid", "border_width": 0, "border_color": "#e94c41", "border_opacity": null, "border_wellknown": "shape://horizline", "fill_type": "color", "fill_color": "#eb7f78", "fill_opacity": 0.5, "fill_wellknown": null, "fill_shape_color": null, "fill_shape_width": null, "fill_shape_size": null, "fill_img_url": null, "marker_img_url": null}},{"type": "Feature", "id": "layer_data_map.fid--27e80436_1a098c1eed1_-4f99", "geometry": {"type": "Polygon", "coordinates": [[[106.87627866, 47.91595593], [106.87501537, 47.91603188], [106.87490071, 47.91700784], [106.87463942, 47.91712038], [106.87252342, 47.91706336], [106.87245845, 47.91743468], [106.87096222, 47.91739256], [106.86978308, 47.91742999], [106.86961287, 47.91724374], [106.86969482, 47.9167893], [106.87065006, 47.91554571], [106.87104226, 47.91535836], [106.87136561, 47.91511674], [106.87140133, 47.91447128], [106.87202607, 47.91451117], [106.87302136, 47.91432069], [106.87634171, 47.91446096], [106.87627866, 47.91595593]]]}, "geometry_name": "geom", "properties": {"guid": 1415486, "id": 1415486, "object_no": null, "object_name": null, "layer_type_id": 261, "valid_to": null, "address_no": null, "border_type": "solid", "border_width": 0, "border_color": "#e94c41", "border_opacity": null, "border_wellknown": "shape://horizline", "fill_type": "color", "fill_color": "#eb7f78", "fill_opacity": 0.5, "fill_wellknown": null, "fill_shape_color": null, "fill_shape_width": null, "fill_shape_size": null, "fill_img_url": null, "marker_img_url": null}},{"type": "Feature", "id": "layer_data_map.fid--27e80436_1a098c1eed1_-4f98", "geometry": {"type": "Polygon", "coordinates": [[[106.86560934, 47.91512915], [106.86556387, 47.91576712], [106.86555975, 47.91579436], [106.86434779, 47.91575697], [106.86418607, 47.91617], [106.86408596, 47.91625618], [106.86325576, 47.9162577], [106.86316782, 47.91646534], [106.86142305, 47.91632935], [106.86104374, 47.91628377], [106.86000006, 47.91616253], [106.86027575, 47.91376027], [106.86566542, 47.91410485], [106.86560934, 47.91512915]]]}, "geometry_name": "geom", "properties": {"guid": 1415487, "id": 1415487, "object_no": null, "object_name": null, "layer_type_id": 261, "valid_to": null, "address_no": null, "border_type": "solid", "border_width": 0, "border_color": "#e94c41", "border_opacity": null, "border_wellknown": "shape://horizline", "fill_type": "color", "fill_color": "#eb7f78", "fill_opacity": 0.5, "fill_wellknown": null, "fill_shape_color": null, "fill_shape_width": null, "fill_shape_size": null, "fill_img_url": null, "marker_img_url": null}},{"type": "Feature", "id": "layer_data_map.fid--27e80436_1a098c1eed1_-4f97", "geometry": {"type": "Polygon", "coordinates": [[[106.86534858, 47.91767525], [106.86515416, 47.91769146], [106.86212615, 47.91788022], [106.86147173, 47.91788207], [106.86060737, 47.91780608], [106.86057256, 47.91725414], [106.85991945, 47.91686487], [106.86000006, 47.91616253], [106.86104374, 47.91628377], [106.86142305, 47.91632935], [106.86316782, 47.91646534], [106.86325576, 47.9162577], [106.86408596, 47.91625618], [106.86418607, 47.91617], [106.86434779, 47.91575697], [106.86555975, 47.91579436], [106.86531262, 47.9174288], [106.86534858, 47.91767525]]]}, "geometry_name": "geom", "properties": {"guid": 1415488, "id": 1415488, "object_no": null, "object_name": null, "layer_type_id": 261, "valid_to": null, "address_no": null, "border_type": "solid", "border_width": 0, "border_color": "#e94c41", "border_opacity": null, "border_wellknown": "shape://horizline", "fill_type": "color", "fill_color": "#eb7f78", "fill_opacity": 0.5, "fill_wellknown": null, "fill_shape_color": null, "fill_shape_width": null, "fill_shape_size": null, "fill_img_url": null, "marker_img_url": null}},{"type": "Feature", "id": "layer_data_map.fid--27e80436_1a098c1eed1_-4f96", "geometry": {"type": "Polygon", "coordinates": [[[106.87060385, 47.91548736], [106.86960917, 47.91674918], [106.86959259, 47.91692238], [106.86952454, 47.91723439], [106.86738216, 47.91747509], [106.86687876, 47.91756356], [106.86632494, 47.91759385], [106.86534858, 47.91767525], [106.86531262, 47.9174288], [106.86556387, 47.91576712], [106.86560934, 47.91512915], [106.86566542, 47.91410485], [106.8712974, 47.91446464], [106.87125116, 47.91504527], [106.87118891, 47.91518898], [106.87060385, 47.91548736]]]}, "geometry_name": "geom", "properties": {"guid": 1415489, "id": 1415489, "object_no": null, "object_name": null, "layer_type_id": 261, "valid_to": null, "address_no": null, "border_type": "solid", "border_width": 0, "border_color": "#e94c41", "border_opacity": null, "border_wellknown": "shape://horizline", "fill_type": "color", "fill_color": "#eb7f78", "fill_opacity": 0.5, "fill_wellknown": null, "fill_shape_color": null, "fill_shape_width": null, "fill_shape_size": null, "fill_img_url": null, "marker_img_url": null}},{"type": "Feature", "id": "layer_data_map.fid--27e80436_1a098c1eed1_-4f95", "geometry": {"type": "Polygon", "coordinates": [[[106.87744836, 47.91168138], [106.8748192, 47.91173027], [106.87482188, 47.9118043], [106.87431443, 47.91181259], [106.87431557, 47.91172016], [106.87378564, 47.91171874], [106.87610566, 47.90978739], [106.8774208, 47.90977683], [106.87744836, 47.91168138]]]}, "geometry_name": "geom", "properties": {"guid": 1415490, "id": 1415490, "object_no": null, "object_name": null, "layer_type_id": 261, "valid_to": null, "address_no": null, "border_type": "solid", "border_width": 0, "border_color": "#e94c41", "border_opacity": null, "border_wellknown": "shape://horizline", "fill_type": "color", "fill_color": "#eb7f78", "fill_opacity": 0.5, "fill_wellknown": null, "fill_shape_color": null, "fill_shape_width": null, "fill_shape_size": null, "fill_img_url": null, "marker_img_url": null}},{"type": "Feature", "id": "layer_data_map.fid--27e80436_1a098c1eed1_-4f94", "geometry": {"type": "Polygon", "coordinates": [[[106.88401522, 47.91463562], [106.87759497, 47.91426104], [106.87755231, 47.91270542], [106.88397395, 47.91260021], [106.88401522, 47.91463562]]]}, "geometry_name": "geom", "properties": {"guid": 1415491, "id": 1415491, "object_no": null, "object_name": null, "layer_type_id": 261, "valid_to": null, "address_no": null, "border_type": "solid", "border_width": 0, "border_color": "#e94c41", "border_opacity": null, "border_wellknown": "shape://horizline", "fill_type": "color", "fill_color": "#eb7f78", "fill_opacity": 0.5, "fill_wellknown": null, "fill_shape_color": null, "fill_shape_width": null, "fill_shape_size": null, "fill_img_url": null, "marker_img_url": null}},{"type": "Feature", "id": "layer_data_map.fid--27e80436_1a098c1eed1_-4f93", "geometry": {"type": "Polygon", "coordinates": [[[106.88662845, 47.91369659], [106.88644668, 47.91369957], [106.88646096, 47.91409227], [106.88656486, 47.91409056], [106.8865425, 47.9143817], [106.8864688, 47.9144335], [106.88521607, 47.91456934], [106.88423749, 47.91454863], [106.8842048, 47.91371435], [106.88412742, 47.91362889], [106.88409231, 47.91260919], [106.88653543, 47.91257473], [106.88654463, 47.9131628], [106.88660958, 47.91317771], [106.88662845, 47.91369659]]]}, "geometry_name": "geom", "properties": {"guid": 1415492, "id": 1415492, "object_no": null, "object_name": null, "layer_type_id": 261, "valid_to": null, "address_no": null, "border_type": "solid", "border_width": 0, "border_color": "#e94c41", "border_opacity": null, "border_wellknown": "shape://horizline", "fill_type": "color", "fill_color": "#eb7f78", "fill_opacity": 0.5, "fill_wellknown": null, "fill_shape_color": null, "fill_shape_width": null, "fill_shape_size": null, "fill_img_url": null, "marker_img_url": null}},{"type": "Feature", "id": "layer_data_map.fid--27e80436_1a098c1eed1_-4f92", "geometry": {"type": "Polygon", "coordinates": [[[106.89060832, 47.91383569], [106.88826529, 47.91418305], [106.88826174, 47.91408555], [106.88647417, 47.91406199], [106.88646146, 47.91371244], [106.8866451, 47.91370942], [106.88661513, 47.91257276], [106.89055712, 47.91249584], [106.89060832, 47.91383569]]]}, "geometry_name": "geom", "properties": {"guid": 1415493, "id": 1415493, "object_no": null, "object_name": null, "layer_type_id": 261, "valid_to": null, "address_no": null, "border_type": "solid", "border_width": 0, "border_color": "#e94c41", "border_opacity": null, "border_wellknown": "shape://horizline", "fill_type": "color", "fill_color": "#eb7f78", "fill_opacity": 0.5, "fill_wellknown": null, "fill_shape_color": null, "fill_shape_width": null, "fill_shape_size": null, "fill_img_url": null, "marker_img_url": null}},{"type": "Feature", "id": "layer_data_map.fid--27e80436_1a098c1eed1_-4f91", "geometry": {"type": "Polygon", "coordinates": [[[106.89052751, 47.91244], [106.88660672, 47.91250834], [106.8865667, 47.91078921], [106.89046568, 47.91074294], [106.89052751, 47.91244]]]}, "geometry_name": "geom", "properties": {"guid": 1415494, "id": 1415494, "object_no": null, "object_name": null, "layer_type_id": 261, "valid_to": null, "address_no": null, "border_type": "solid", "border_width": 0, "border_color": "#e94c41", "border_opacity": null, "border_wellknown": "shape://horizline", "fill_type": "color", "fill_color": "#eb7f78", "fill_opacity": 0.5, "fill_wellknown": null, "fill_shape_color": null, "fill_shape_width": null, "fill_shape_size": null, "fill_img_url": null, "marker_img_url": null}},{"type": "Feature", "id": "layer_data_map.fid--27e80436_1a098c1eed1_-4f90", "geometry": {"type": "Polygon", "coordinates": [[[106.89450157, 47.91063412], [106.89043367, 47.91068533], [106.89040462, 47.91002381], [106.89029852, 47.90989711], [106.89028254, 47.90957765], [106.89446245, 47.90951286], [106.89450157, 47.91063412]]]}, "geometry_name": "geom", "properties": {"guid": 1415495, "id": 1415495, "object_no": null, "object_name": null, "layer_type_id": 261, "valid_to": null, "address_no": null, "border_type": "solid", "border_width": 0, "border_color": "#e94c41", "border_opacity": null, "border_wellknown": "shape://horizline", "fill_type": "color", "fill_color": "#eb7f78", "fill_opacity": 0.5, "fill_wellknown": null, "fill_shape_color": null, "fill_shape_width": null, "fill_shape_size": null, "fill_img_url": null, "marker_img_url": null}},{"type": "Feature", "id": "layer_data_map.fid--27e80436_1a098c1eed1_-4f8f", "geometry": {"type": "Polygon", "coordinates": [[[106.86697035, 47.91343663], [106.86042205, 47.91297785], [106.8605289, 47.91229391], [106.86054402, 47.91219711], [106.86246424, 47.91213264], [106.86244836, 47.91195685], [106.86739045, 47.91154531], [106.8672314, 47.91241326], [106.86713586, 47.91240607], [106.86697035, 47.91343663]]]}, "geometry_name": "geom", "properties": {"guid": 1415496, "id": 1415496, "object_no": null, "object_name": null, "layer_type_id": 261, "valid_to": null, "address_no": null, "border_type": "solid", "border_width": 0, "border_color": "#e94c41", "border_opacity": null, "border_wellknown": "shape://horizline", "fill_type": "color", "fill_color": "#eb7f78", "fill_opacity": 0.5, "fill_wellknown": null, "fill_shape_color": null, "fill_shape_width": null, "fill_shape_size": null, "fill_img_url": null, "marker_img_url": null}},{"type": "Feature", "id": "layer_data_map.fid--27e80436_1a098c1eed1_-4f8e", "geometry": {"type": "Polygon", "coordinates": [[[106.86898115, 47.91358366], [106.86697035, 47.91343663], [106.86713586, 47.91240607], [106.86723127, 47.91241397], [106.86739045, 47.91154531], [106.86970965, 47.9113781], [106.86940103, 47.91169314], [106.86898115, 47.91358366]]]}, "geometry_name": "geom", "properties": {"guid": 1415497, "id": 1415497, "object_no": null, "object_name": null, "layer_type_id": 261, "valid_to": null, "address_no": null, "border_type": "solid", "border_width": 0, "border_color": "#e94c41", "border_opacity": null, "border_wellknown": "shape://horizline", "fill_type": "color", "fill_color": "#eb7f78", "fill_opacity": 0.5, "fill_wellknown": null, "fill_shape_color": null, "fill_shape_width": null, "fill_shape_size": null, "fill_img_url": null, "marker_img_url": null}},{"type": "Feature", "id": "layer_data_map.fid--27e80436_1a098c1eed1_-4f8d", "geometry": {"type": "Polygon", "coordinates": [[[106.87178065, 47.91304634], [106.87132542, 47.91354894], [106.87113614, 47.91373894], [106.86898115, 47.91358366], [106.86940103, 47.91169314], [106.86970965, 47.9113781], [106.87190485, 47.91113773], [106.87265822, 47.91042562], [106.87411914, 47.91118588], [106.87178065, 47.91304634]]]}, "geometry_name": "geom", "properties": {"guid": 1415498, "id": 1415498, "object_no": null, "object_name": null, "layer_type_id": 261, "valid_to": null, "address_no": null, "border_type": "solid", "border_width": 0, "border_color": "#e94c41", "border_opacity": null, "border_wellknown": "shape://horizline", "fill_type": "color", "fill_color": "#eb7f78", "fill_opacity": 0.5, "fill_wellknown": null, "fill_shape_color": null, "fill_shape_width": null, "fill_shape_size": null, "fill_img_url": null, "marker_img_url": null}},{"type": "Feature", "id": "layer_data_map.fid--27e80436_1a098c1eed1_-4f8c", "geometry": {"type": "Polygon", "coordinates": [[[106.90426392, 47.91616584], [106.90568128, 47.91629881], [106.90703679, 47.91642616], [106.90682913, 47.91757578], [106.90661963, 47.91865236], [106.90546568, 47.9185566], [106.90527622, 47.91847718], [106.90453974, 47.91842813], [106.90439396, 47.91837309], [106.90456275, 47.91761098], [106.90413304, 47.91757283], [106.90402851, 47.91739263], [106.90426392, 47.91616584]]]}, "geometry_name": "geom", "properties": {"guid": 1415499, "id": 1415499, "object_no": null, "object_name": null, "layer_type_id": 261, "valid_to": null, "address_no": null, "border_type": "solid", "border_width": 0, "border_color": "#e94c41", "border_opacity": null, "border_wellknown": "shape://horizline", "fill_type": "color", "fill_color": "#eb7f78", "fill_opacity": 0.5, "fill_wellknown": null, "fill_shape_color": null, "fill_shape_width": null, "fill_shape_size": null, "fill_img_url": null, "marker_img_url": null}},{"type": "Feature", "id": "layer_data_map.fid--27e80436_1a098c1eed1_-4f8b", "geometry": {"type": "Polygon", "coordinates": [[[106.8929416, 47.90230976], [106.89138958, 47.90237105], [106.88847233, 47.9026981], [106.88713493, 47.90287307], [106.88609671, 47.90302094], [106.88566765, 47.90313416], [106.88454951, 47.90305491], [106.88451369, 47.90284838], [106.8869534, 47.90246787], [106.89061198, 47.90201783], [106.89294905, 47.90178589], [106.8929416, 47.90230976]]]}, "geometry_name": "geom", "properties": {"guid": 1415500, "id": 1415500, "object_no": null, "object_name": null, "layer_type_id": 261, "valid_to": null, "address_no": null, "border_type": "solid", "border_width": 0, "border_color": "#e94c41", "border_opacity": null, "border_wellknown": "shape://horizline", "fill_type": "color", "fill_color": "#eb7f78", "fill_opacity": 0.5, "fill_wellknown": null, "fill_shape_color": null, "fill_shape_width": null, "fill_shape_size": null, "fill_img_url": null, "marker_img_url": null}},{"type": "Feature", "id": "layer_data_map.fid--27e80436_1a098c1eed1_-4f8a", "geometry": {"type": "Polygon", "coordinates": [[[106.81814506, 47.91695433], [106.81809004, 47.91706648], [106.81806378, 47.91723829], [106.81807814, 47.91733138], [106.81807591, 47.91744083], [106.81797495, 47.91790645], [106.81783899, 47.91828384], [106.81768298, 47.91854106], [106.81352848, 47.91823116], [106.81347753, 47.91886435], [106.81309996, 47.91883662], [106.81289333, 47.91873991], [106.8124473, 47.91870985], [106.81230108, 47.91933082], [106.81191501, 47.91930997], [106.811637, 47.91947845], [106.81120556, 47.91944501], [106.81133614, 47.91919748], [106.81161625, 47.91853767], [106.81184151, 47.91841484], [106.81197539, 47.9181324], [106.8120443, 47.91778888], [106.8120928, 47.91664872], [106.81197862, 47.916616], [106.81208622, 47.91622158], [106.81244953, 47.9154855], [106.81329188, 47.91495811], [106.81371889, 47.91495136], [106.81615418, 47.91508306], [106.81647837, 47.91504637], [106.81828996, 47.9150577], [106.8182893, 47.91512636], [106.81829519, 47.91515306], [106.81824379, 47.91616943], [106.81814506, 47.91695433]]]}, "geometry_name": "geom", "properties": {"guid": 1415501, "id": 1415501, "object_no": null, "object_name": null, "layer_type_id": 261, "valid_to": null, "address_no": null, "border_type": "solid", "border_width": 0, "border_color": "#e94c41", "border_opacity": null, "border_wellknown": "shape://horizline", "fill_type": "color", "fill_color": "#eb7f78", "fill_opacity": 0.5, "fill_wellknown": null, "fill_shape_color": null, "fill_shape_width": null, "fill_shape_size": null, "fill_img_url": null, "marker_img_url": null}},{"type": "Feature", "id": "layer_data_map.fid--27e80436_1a098c1eed1_-4f89", "geometry": {"type": "Polygon", "coordinates": [[[106.81210096, 47.92255625], [106.81263182, 47.92260257], [106.81260661, 47.92366353], [106.81238521, 47.92372744], [106.8121181, 47.92402047], [106.81194087, 47.9247213], [106.81189235, 47.92472207], [106.81069255, 47.924741], [106.81052915, 47.92519643], [106.8086047, 47.92525058], [106.80814229, 47.92442842], [106.80803039, 47.92368336], [106.80814992, 47.92308992], [106.80962639, 47.92123127], [106.81215642, 47.92141544], [106.81210096, 47.92255625]]]}, "geometry_name": "geom", "properties": {"guid": 1415502, "id": 1415502, "object_no": null, "object_name": null, "layer_type_id": 261, "valid_to": null, "address_no": null, "border_type": "solid", "border_width": 0, "border_color": "#e94c41", "border_opacity": null, "border_wellknown": "shape://horizline", "fill_type": "color", "fill_color": "#eb7f78", "fill_opacity": 0.5, "fill_wellknown": null, "fill_shape_color": null, "fill_shape_width": null, "fill_shape_size": null, "fill_img_url": null, "marker_img_url": null}},{"type": "Feature", "id": "layer_data_map.fid--27e80436_1a098c1eed1_-4f88", "geometry": {"type": "Polygon", "coordinates": [[[106.82251797, 47.92045046], [106.82277166, 47.92064992], [106.82287784, 47.92118317], [106.82251027, 47.92140444], [106.82157794, 47.92186635], [106.82106871, 47.92191305], [106.82069339, 47.92207831], [106.820527, 47.92201502], [106.82023113, 47.92192648], [106.81983729, 47.92187996], [106.81853728, 47.92175813], [106.81816227, 47.92164254], [106.81683491, 47.92148302], [106.81692065, 47.92107726], [106.81699146, 47.92095999], [106.81702935, 47.9207821], [106.81701323, 47.92064197], [106.81709819, 47.92026188], [106.81725486, 47.91977852], [106.81741738, 47.91941871], [106.81766839, 47.91890579], [106.81796221, 47.91844068], [106.8187704, 47.91859626], [106.82159431, 47.91880982], [106.82177985, 47.91952096], [106.82156683, 47.91967014], [106.82157361, 47.91986332], [106.82241499, 47.91993631], [106.82251797, 47.92045046]]]}, "geometry_name": "geom", "properties": {"guid": 1415503, "id": 1415503, "object_no": null, "object_name": null, "layer_type_id": 261, "valid_to": null, "address_no": null, "border_type": "solid", "border_width": 0, "border_color": "#e94c41", "border_opacity": null, "border_wellknown": "shape://horizline", "fill_type": "color", "fill_color": "#eb7f78", "fill_opacity": 0.5, "fill_wellknown": null, "fill_shape_color": null, "fill_shape_width": null, "fill_shape_size": null, "fill_img_url": null, "marker_img_url": null}},{"type": "Feature", "id": "layer_data_map.fid--27e80436_1a098c1eed1_-4f87", "geometry": {"type": "Polygon", "coordinates": [[[106.82950351, 47.91206868], [106.82929804, 47.91327832], [106.8268661, 47.91314819], [106.82633559, 47.91309106], [106.8263589, 47.91290941], [106.82584725, 47.91286544], [106.82615196, 47.91126282], [106.8259786, 47.91124695], [106.82604358, 47.910862], [106.82714849, 47.91094504], [106.82944785, 47.91111365], [106.82950351, 47.91206868]]]}, "geometry_name": "geom", "properties": {"guid": 1415504, "id": 1415504, "object_no": null, "object_name": null, "layer_type_id": 261, "valid_to": null, "address_no": null, "border_type": "solid", "border_width": 0, "border_color": "#e94c41", "border_opacity": null, "border_wellknown": "shape://horizline", "fill_type": "color", "fill_color": "#eb7f78", "fill_opacity": 0.5, "fill_wellknown": null, "fill_shape_color": null, "fill_shape_width": null, "fill_shape_size": null, "fill_img_url": null, "marker_img_url": null}},{"type": "Feature", "id": "layer_data_map.fid--27e80436_1a098c1eed1_-4f86", "geometry": {"type": "Polygon", "coordinates": [[[106.82965271, 47.91462873], [106.82914814, 47.91478783], [106.82726953, 47.91494842], [106.82701918, 47.91510111], [106.82648891, 47.91513219], [106.8263678, 47.91512616], [106.82638672, 47.91495449], [106.82666096, 47.91495013], [106.8268661, 47.91314819], [106.82929804, 47.91327832], [106.82950351, 47.91206868], [106.82965271, 47.91462873]]]}, "geometry_name": "geom", "properties": {"guid": 1415505, "id": 1415505, "object_no": null, "object_name": null, "layer_type_id": 261, "valid_to": null, "address_no": null, "border_type": "solid", "border_width": 0, "border_color": "#e94c41", "border_opacity": null, "border_wellknown": "shape://horizline", "fill_type": "color", "fill_color": "#eb7f78", "fill_opacity": 0.5, "fill_wellknown": null, "fill_shape_color": null, "fill_shape_width": null, "fill_shape_size": null, "fill_img_url": null, "marker_img_url": null}},{"type": "Feature", "id": "layer_data_map.fid--27e80436_1a098c1eed1_-4f85", "geometry": {"type": "Polygon", "coordinates": [[[106.84579269, 47.91129743], [106.84564565, 47.91149979], [106.84558335, 47.9120002], [106.83956805, 47.91155907], [106.83967776, 47.91074605], [106.8407515, 47.91079342], [106.8407515, 47.91079342], [106.84358991, 47.91081281], [106.84569483, 47.91079425], [106.84579269, 47.91129743]]]}, "geometry_name": "geom", "properties": {"guid": 1415506, "id": 1415506, "object_no": null, "object_name": null, "layer_type_id": 261, "valid_to": null, "address_no": null, "border_type": "solid", "border_width": 0, "border_color": "#e94c41", "border_opacity": null, "border_wellknown": "shape://horizline", "fill_type": "color", "fill_color": "#eb7f78", "fill_opacity": 0.5, "fill_wellknown": null, "fill_shape_color": null, "fill_shape_width": null, "fill_shape_size": null, "fill_img_url": null, "marker_img_url": null}},{"type": "Feature", "id": "layer_data_map.fid--27e80436_1a098c1eed1_-4f84", "geometry": {"type": "Polygon", "coordinates": [[[106.98035217, 47.92362841], [106.97442945, 47.92391812], [106.97415818, 47.92195577], [106.97488437, 47.92190328], [106.9762762, 47.92188219], [106.97848809, 47.92183695], [106.97995723, 47.92172591], [106.98035217, 47.92362841]]]}, "geometry_name": "geom", "properties": {"guid": 1415507, "id": 1415507, "object_no": null, "object_name": null, "layer_type_id": 261, "valid_to": null, "address_no": null, "border_type": "solid", "border_width": 0, "border_color": "#e94c41", "border_opacity": null, "border_wellknown": "shape://horizline", "fill_type": "color", "fill_color": "#eb7f78", "fill_opacity": 0.5, "fill_wellknown": null, "fill_shape_color": null, "fill_shape_width": null, "fill_shape_size": null, "fill_img_url": null, "marker_img_url": null}},{"type": "Feature", "id": "layer_data_map.fid--27e80436_1a098c1eed1_-4f83", "geometry": {"type": "Polygon", "coordinates": [[[106.88268062, 47.92543792], [106.88261191, 47.92637308], [106.88179197, 47.92635148], [106.88181416, 47.92588718], [106.88173104, 47.92571272], [106.88156005, 47.92565565], [106.88119754, 47.92567457], [106.88052102, 47.92566073], [106.88038725, 47.92570071], [106.87959367, 47.92567206], [106.87940492, 47.92562352], [106.87882389, 47.92560704], [106.87872441, 47.92556748], [106.87851488, 47.92555267], [106.87835772, 47.9255821], [106.87824292, 47.92564544], [106.87815904, 47.92579539], [106.87816539, 47.92603837], [106.87655559, 47.9259961], [106.87637781, 47.92577965], [106.87633512, 47.9250241], [106.87650023, 47.92502809], [106.88196345, 47.92521505], [106.88204656, 47.92523122], [106.88268062, 47.92543792]]]}, "geometry_name": "geom", "properties": {"guid": 1415508, "id": 1415508, "object_no": null, "object_name": null, "layer_type_id": 261, "valid_to": null, "address_no": null, "border_type": "solid", "border_width": 0, "border_color": "#e94c41", "border_opacity": null, "border_wellknown": "shape://horizline", "fill_type": "color", "fill_color": "#eb7f78", "fill_opacity": 0.5, "fill_wellknown": null, "fill_shape_color": null, "fill_shape_width": null, "fill_shape_size": null, "fill_img_url": null, "marker_img_url": null}},{"type": "Feature", "id": "layer_data_map.fid--27e80436_1a098c1eed1_-4f82", "geometry": {"type": "Polygon", "coordinates": [[[106.88179197, 47.92635148], [106.88261191, 47.92637308], [106.88257677, 47.92685139], [106.88183852, 47.926828], [106.88134705, 47.92688935], [106.88063408, 47.9268345], [106.88055274, 47.92696987], [106.88083979, 47.92733357], [106.88084511, 47.92748044], [106.88113316, 47.92786776], [106.88112458, 47.92808379], [106.88105777, 47.92816481], [106.88082751, 47.92818067], [106.8800304, 47.92815941], [106.88001558, 47.92823814], [106.87985261, 47.92824081], [106.87978707, 47.92802003], [106.87949765, 47.9278854], [106.87884054, 47.92789615], [106.87846354, 47.92766301], [106.87846691, 47.92740536], [106.87698444, 47.92742961], [106.87693478, 47.92723323], [106.87657791, 47.92602327], [106.87655559, 47.9259961], [106.87816539, 47.92603837], [106.87815904, 47.92579539], [106.87824292, 47.92564544], [106.87835772, 47.9255821], [106.87851488, 47.92555267], [106.87872441, 47.92556748], [106.87882389, 47.92560704], [106.87940492, 47.92562352], [106.87959367, 47.92567206], [106.88038725, 47.92570071], [106.88052102, 47.92566073], [106.88119754, 47.92567457], [106.88156005, 47.92565565], [106.88173104, 47.92571272], [106.88181416, 47.92588718], [106.88179197, 47.92635148]]]}, "geometry_name": "geom", "properties": {"guid": 1415509, "id": 1415509, "object_no": null, "object_name": null, "layer_type_id": 261, "valid_to": null, "address_no": null, "border_type": "solid", "border_width": 0, "border_color": "#e94c41", "border_opacity": null, "border_wellknown": "shape://horizline", "fill_type": "color", "fill_color": "#eb7f78", "fill_opacity": 0.5, "fill_wellknown": null, "fill_shape_color": null, "fill_shape_width": null, "fill_shape_size": null, "fill_img_url": null, "marker_img_url": null}},{"type": "Feature", "id": "layer_data_map.fid--27e80436_1a098c1eed1_-4f81", "geometry": {"type": "Polygon", "coordinates": [[[106.88307898, 47.92923322], [106.88211749, 47.92919192], [106.88207666, 47.9292694], [106.88174655, 47.92927481], [106.88173155, 47.92886145], [106.88106954, 47.9287611], [106.88083194, 47.92839213], [106.88082751, 47.92818067], [106.88105777, 47.92816481], [106.88112458, 47.92808379], [106.88113316, 47.92786776], [106.88084511, 47.92748044], [106.88083979, 47.92733357], [106.88055274, 47.92696987], [106.88063408, 47.9268345], [106.88134705, 47.92688935], [106.88183852, 47.926828], [106.88257677, 47.92685139], [106.88268062, 47.92543792], [106.88307962, 47.92556799], [106.883327, 47.92564677], [106.88328438, 47.92707312], [106.88307898, 47.92923322]]]}, "geometry_name": "geom", "properties": {"guid": 1415510, "id": 1415510, "object_no": null, "object_name": null, "layer_type_id": 261, "valid_to": null, "address_no": null, "border_type": "solid", "border_width": 0, "border_color": "#e94c41", "border_opacity": null, "border_wellknown": "shape://horizline", "fill_type": "color", "fill_color": "#eb7f78", "fill_opacity": 0.5, "fill_wellknown": null, "fill_shape_color": null, "fill_shape_width": null, "fill_shape_size": null, "fill_img_url": null, "marker_img_url": null}},{"type": "Feature", "id": "layer_data_map.fid--27e80436_1a098c1eed1_-4f80", "geometry": {"type": "Polygon", "coordinates": [[[106.83845197, 47.87658918], [106.83668321, 47.87671907], [106.83298093, 47.87722629], [106.83292355, 47.87670865], [106.83299288, 47.87635479], [106.83306372, 47.8757479], [106.83368631, 47.87574429], [106.83372119, 47.87536036], [106.83376366, 47.8749839], [106.83389095, 47.87462507], [106.83398261, 47.8745513], [106.83412846, 47.87411339], [106.83418828, 47.87380599], [106.83433346, 47.87306615], [106.83449066, 47.87271279], [106.83933836, 47.87400377], [106.83845197, 47.87658918]]]}, "geometry_name": "geom", "properties": {"guid": 1415511, "id": 1415511, "object_no": null, "object_name": null, "layer_type_id": 261, "valid_to": null, "address_no": null, "border_type": "solid", "border_width": 0, "border_color": "#e94c41", "border_opacity": null, "border_wellknown": "shape://horizline", "fill_type": "color", "fill_color": "#eb7f78", "fill_opacity": 0.5, "fill_wellknown": null, "fill_shape_color": null, "fill_shape_width": null, "fill_shape_size": null, "fill_img_url": null, "marker_img_url": null}},{"type": "Feature", "id": "layer_data_map.fid--27e80436_1a098c1eed1_-4f7f", "geometry": {"type": "Polygon", "coordinates": [[[106.79564643, 47.8721624], [106.79284617, 47.87157835], [106.79288917, 47.87097666], [106.79282524, 47.87066317], [106.79269241, 47.87066167], [106.79248072, 47.87006816], [106.79269686, 47.86925115], [106.79186434, 47.86902208], [106.78895326, 47.86880923], [106.78567347, 47.86826945], [106.78754767, 47.86521071], [106.78807072, 47.8637166], [106.79240849, 47.86439371], [106.79421919, 47.86429851], [106.7948109, 47.86283109], [106.79541399, 47.8628272], [106.79662305, 47.8713175], [106.79564643, 47.8721624]]]}, "geometry_name": "geom", "properties": {"guid": 1415512, "id": 1415512, "object_no": null, "object_name": null, "layer_type_id": 261, "valid_to": null, "address_no": null, "border_type": "solid", "border_width": 0, "border_color": "#e94c41", "border_opacity": null, "border_wellknown": "shape://horizline", "fill_type": "color", "fill_color": "#eb7f78", "fill_opacity": 0.5, "fill_wellknown": null, "fill_shape_color": null, "fill_shape_width": null, "fill_shape_size": null, "fill_img_url": null, "marker_img_url": null}},{"type": "Feature", "id": "layer_data_map.fid--27e80436_1a098c1eed1_-4f7e", "geometry": {"type": "Polygon", "coordinates": [[[106.7866565, 47.86642631], [106.78644509, 47.86637963], [106.78516988, 47.86588325], [106.78541903, 47.86556053], [106.78203375, 47.86453877], [106.78175199, 47.86433214], [106.78097172, 47.86194076], [106.7808392, 47.86153457], [106.7809657, 47.86127839], [106.78121011, 47.86133963], [106.78153915, 47.86077391], [106.7818061, 47.86082607], [106.7819603, 47.86048576], [106.78090832, 47.86028991], [106.78097987, 47.8596789], [106.78107243, 47.85934571], [106.78115751, 47.85888658], [106.78161344, 47.85745038], [106.78186945, 47.85665292], [106.7819038, 47.85658703], [106.78470578, 47.85742435], [106.7861534, 47.85796367], [106.78691875, 47.85861835], [106.78789809, 47.8622027], [106.78783618, 47.86369397], [106.7873486, 47.86535851], [106.7866565, 47.86642631]]]}, "geometry_name": "geom", "properties": {"guid": 1415513, "id": 1415513, "object_no": null, "object_name": null, "layer_type_id": 261, "valid_to": null, "address_no": null, "border_type": "solid", "border_width": 0, "border_color": "#e94c41", "border_opacity": null, "border_wellknown": "shape://horizline", "fill_type": "color", "fill_color": "#eb7f78", "fill_opacity": 0.5, "fill_wellknown": null, "fill_shape_color": null, "fill_shape_width": null, "fill_shape_size": null, "fill_img_url": null, "marker_img_url": null}},{"type": "Feature", "id": "layer_data_map.fid--27e80436_1a098c1eed1_-4f7d", "geometry": {"type": "Polygon", "coordinates": [[[106.7819038, 47.85658703], [106.78186945, 47.85665292], [106.78161344, 47.85745038], [106.78115751, 47.85888658], [106.78107243, 47.85934571], [106.78097987, 47.8596789], [106.78090832, 47.86028991], [106.76946556, 47.85832201], [106.76948462, 47.85771797], [106.76959775, 47.85754514], [106.76959997, 47.85686677], [106.76962123, 47.85632745], [106.78142882, 47.85650833], [106.7819038, 47.85658703]]]}, "geometry_name": "geom", "properties": {"guid": 1415514, "id": 1415514, "object_no": null, "object_name": null, "layer_type_id": 261, "valid_to": null, "address_no": null, "border_type": "solid", "border_width": 0, "border_color": "#e94c41", "border_opacity": null, "border_wellknown": "shape://horizline", "fill_type": "color", "fill_color": "#eb7f78", "fill_opacity": 0.5, "fill_wellknown": null, "fill_shape_color": null, "fill_shape_width": null, "fill_shape_size": null, "fill_img_url": null, "marker_img_url": null}},{"type": "Feature", "id": "layer_data_map.fid--27e80436_1a098c1eed1_-4f7c", "geometry": {"type": "Polygon", "coordinates": [[[106.78213112, 47.84006482], [106.78724855, 47.84322987], [106.78388545, 47.84569366], [106.78484462, 47.84623106], [106.78386804, 47.84691831], [106.78310977, 47.84749537], [106.78215661, 47.85004963], [106.78180704, 47.85099543], [106.78134874, 47.85093588], [106.78096252, 47.85086034], [106.77846741, 47.84864214], [106.77915668, 47.84801009], [106.77936659, 47.84639273], [106.77963586, 47.84602642], [106.78103296, 47.84415251], [106.78085773, 47.84241203], [106.78213112, 47.84006482]]]}, "geometry_name": "geom", "properties": {"guid": 1415515, "id": 1415515, "object_no": null, "object_name": null, "layer_type_id": 261, "valid_to": null, "address_no": null, "border_type": "solid", "border_width": 0, "border_color": "#e94c41", "border_opacity": null, "border_wellknown": "shape://horizline", "fill_type": "color", "fill_color": "#eb7f78", "fill_opacity": 0.5, "fill_wellknown": null, "fill_shape_color": null, "fill_shape_width": null, "fill_shape_size": null, "fill_img_url": null, "marker_img_url": null}},{"type": "Feature", "id": "layer_data_map.fid--27e80436_1a098c1eed1_-4f7b", "geometry": {"type": "Polygon", "coordinates": [[[106.77849022, 47.85307319], [106.7800321, 47.85318225], [106.78003384, 47.8562295], [106.77214051, 47.8561244], [106.77343279, 47.85465477], [106.77330997, 47.85326667], [106.77372685, 47.85323145], [106.77371173, 47.85312973], [106.77797501, 47.85280663], [106.77849022, 47.85307319]]]}, "geometry_name": "geom", "properties": {"guid": 1415516, "id": 1415516, "object_no": null, "object_name": null, "layer_type_id": 261, "valid_to": null, "address_no": null, "border_type": "solid", "border_width": 0, "border_color": "#e94c41", "border_opacity": null, "border_wellknown": "shape://horizline", "fill_type": "color", "fill_color": "#eb7f78", "fill_opacity": 0.5, "fill_wellknown": null, "fill_shape_color": null, "fill_shape_width": null, "fill_shape_size": null, "fill_img_url": null, "marker_img_url": null}},{"type": "Feature", "id": "layer_data_map.fid--27e80436_1a098c1eed1_-4f7a", "geometry": {"type": "Polygon", "coordinates": [[[106.8248548, 47.86469498], [106.82704715, 47.8580326], [106.82801313, 47.85582698], [106.8282209, 47.85547552], [106.83198563, 47.85754761], [106.83413016, 47.85937744], [106.83180901, 47.86367832], [106.83276289, 47.86394163], [106.83125309, 47.86567268], [106.83106085, 47.86594], [106.82825497, 47.86522767], [106.82811575, 47.86549415], [106.8248548, 47.86469498]]]}, "geometry_name": "geom", "properties": {"guid": 1415517, "id": 1415517, "object_no": null, "object_name": null, "layer_type_id": 261, "valid_to": null, "address_no": null, "border_type": "solid", "border_width": 0, "border_color": "#e94c41", "border_opacity": null, "border_wellknown": "shape://horizline", "fill_type": "color", "fill_color": "#eb7f78", "fill_opacity": 0.5, "fill_wellknown": null, "fill_shape_color": null, "fill_shape_width": null, "fill_shape_size": null, "fill_img_url": null, "marker_img_url": null}},{"type": "Feature", "id": "layer_data_map.fid--27e80436_1a098c1eed1_-4f79", "geometry": {"type": "Polygon", "coordinates": [[[106.83125309, 47.86567268], [106.83276289, 47.86394163], [106.83180901, 47.86367832], [106.83413016, 47.85937744], [106.8343567, 47.85918098], [106.83635013, 47.86063465], [106.83645066, 47.86080929], [106.83779586, 47.86244096], [106.83501378, 47.86678652], [106.83125309, 47.86567268]]]}, "geometry_name": "geom", "properties": {"guid": 1415518, "id": 1415518, "object_no": null, "object_name": null, "layer_type_id": 261, "valid_to": null, "address_no": null, "border_type": "solid", "border_width": 0, "border_color": "#e94c41", "border_opacity": null, "border_wellknown": "shape://horizline", "fill_type": "color", "fill_color": "#eb7f78", "fill_opacity": 0.5, "fill_wellknown": null, "fill_shape_color": null, "fill_shape_width": null, "fill_shape_size": null, "fill_img_url": null, "marker_img_url": null}},{"type": "Feature", "id": "layer_data_map.fid--27e80436_1a098c1eed1_-4f78", "geometry": {"type": "Polygon", "coordinates": [[[106.83484951, 47.86704308], [106.83501378, 47.86678652], [106.83779586, 47.86244096], [106.84090945, 47.86452628], [106.84043938, 47.8652385], [106.84050403, 47.86526603], [106.84611325, 47.86697418], [106.84386687, 47.87051837], [106.84336472, 47.87039145], [106.83806073, 47.86888621], [106.83839839, 47.8683572], [106.83584831, 47.86758927], [106.83597638, 47.86737332], [106.83484951, 47.86704308]]]}, "geometry_name": "geom", "properties": {"guid": 1415519, "id": 1415519, "object_no": null, "object_name": null, "layer_type_id": 261, "valid_to": null, "address_no": null, "border_type": "solid", "border_width": 0, "border_color": "#e94c41", "border_opacity": null, "border_wellknown": "shape://horizline", "fill_type": "color", "fill_color": "#eb7f78", "fill_opacity": 0.5, "fill_wellknown": null, "fill_shape_color": null, "fill_shape_width": null, "fill_shape_size": null, "fill_img_url": null, "marker_img_url": null}},{"type": "Feature", "id": "layer_data_map.fid--27e80436_1a098c1eed1_-4f77", "geometry": {"type": "Polygon", "coordinates": [[[106.79662305, 47.8713175], [106.79541399, 47.8628272], [106.80427539, 47.86357343], [106.80393571, 47.86438506], [106.80384562, 47.86453383], [106.80366351, 47.8645467], [106.80339846, 47.86497197], [106.8028856, 47.86498063], [106.80247761, 47.86608555], [106.80239514, 47.86638918], [106.80221698, 47.86813821], [106.80164164, 47.87152007], [106.80146264, 47.87199045], [106.80141026, 47.87218269], [106.79662305, 47.8713175]]]}, "geometry_name": "geom", "properties": {"guid": 1415520, "id": 1415520, "object_no": null, "object_name": null, "layer_type_id": 261, "valid_to": null, "address_no": null, "border_type": "solid", "border_width": 0, "border_color": "#e94c41", "border_opacity": null, "border_wellknown": "shape://horizline", "fill_type": "color", "fill_color": "#eb7f78", "fill_opacity": 0.5, "fill_wellknown": null, "fill_shape_color": null, "fill_shape_width": null, "fill_shape_size": null, "fill_img_url": null, "marker_img_url": null}},{"type": "Feature", "id": "layer_data_map.fid--27e80436_1a098c1eed1_-4f76", "geometry": {"type": "Polygon", "coordinates": [[[106.81139256, 47.8667174], [106.81159937, 47.86640183], [106.81206467, 47.86586598], [106.81629958, 47.8670722], [106.81639544, 47.86721439], [106.81613989, 47.86806317], [106.81139256, 47.8667174]]]}, "geometry_name": "geom", "properties": {"guid": 1415521, "id": 1415521, "object_no": null, "object_name": null, "layer_type_id": 261, "valid_to": null, "address_no": null, "border_type": "solid", "border_width": 0, "border_color": "#e94c41", "border_opacity": null, "border_wellknown": "shape://horizline", "fill_type": "color", "fill_color": "#eb7f78", "fill_opacity": 0.5, "fill_wellknown": null, "fill_shape_color": null, "fill_shape_width": null, "fill_shape_size": null, "fill_img_url": null, "marker_img_url": null}},{"type": "Feature", "id": "layer_data_map.fid--27e80436_1a098c1eed1_-4f75", "geometry": {"type": "Polygon", "coordinates": [[[106.78199487, 47.85637286], [106.78003384, 47.8562295], [106.7800321, 47.85318225], [106.7806206, 47.85311836], [106.78069741, 47.85288814], [106.78297795, 47.85324445], [106.78237111, 47.85514652], [106.78199487, 47.85637286]]]}, "geometry_name": "geom", "properties": {"guid": 1415522, "id": 1415522, "object_no": null, "object_name": null, "layer_type_id": 261, "valid_to": null, "address_no": null, "border_type": "solid", "border_width": 0, "border_color": "#e94c41", "border_opacity": null, "border_wellknown": "shape://horizline", "fill_type": "color", "fill_color": "#eb7f78", "fill_opacity": 0.5, "fill_wellknown": null, "fill_shape_color": null, "fill_shape_width": null, "fill_shape_size": null, "fill_img_url": null, "marker_img_url": null}},{"type": "Feature", "id": "layer_data_map.fid--27e80436_1a098c1eed1_-4f74", "geometry": {"type": "Polygon", "coordinates": [[[106.78199487, 47.85637286], [106.78237111, 47.85514652], [106.78748215, 47.85591218], [106.78720307, 47.85679738], [106.78564079, 47.85739901], [106.78343097, 47.85668147], [106.78199487, 47.85637286]]]}, "geometry_name": "geom", "properties": {"guid": 1415523, "id": 1415523, "object_no": null, "object_name": null, "layer_type_id": 261, "valid_to": null, "address_no": null, "border_type": "solid", "border_width": 0, "border_color": "#e94c41", "border_opacity": null, "border_wellknown": "shape://horizline", "fill_type": "color", "fill_color": "#eb7f78", "fill_opacity": 0.5, "fill_wellknown": null, "fill_shape_color": null, "fill_shape_width": null, "fill_shape_size": null, "fill_img_url": null, "marker_img_url": null}},{"type": "Feature", "id": "layer_data_map.fid--27e80436_1a098c1eed1_-4f73", "geometry": {"type": "Polygon", "coordinates": [[[106.78297795, 47.85324445], [106.78069741, 47.85288814], [106.78134874, 47.85093588], [106.78180704, 47.85099543], [106.78215661, 47.85004963], [106.78556584, 47.8505561], [106.78879402, 47.85096432], [106.78799036, 47.85397591], [106.78297795, 47.85324445]]]}, "geometry_name": "geom", "properties": {"guid": 1415524, "id": 1415524, "object_no": null, "object_name": null, "layer_type_id": 261, "valid_to": null, "address_no": null, "border_type": "solid", "border_width": 0, "border_color": "#e94c41", "border_opacity": null, "border_wellknown": "shape://horizline", "fill_type": "color", "fill_color": "#eb7f78", "fill_opacity": 0.5, "fill_wellknown": null, "fill_shape_color": null, "fill_shape_width": null, "fill_shape_size": null, "fill_img_url": null, "marker_img_url": null}},{"type": "Feature", "id": "layer_data_map.fid--27e80436_1a098c1eed1_-4f72", "geometry": {"type": "Polygon", "coordinates": [[[106.78215661, 47.85004963], [106.78310977, 47.84749537], [106.78386804, 47.84691831], [106.78511579, 47.84766073], [106.78687817, 47.84633441], [106.79012236, 47.84680804], [106.78879402, 47.85096432], [106.78556584, 47.8505561], [106.78215661, 47.85004963]]]}, "geometry_name": "geom", "properties": {"guid": 1415525, "id": 1415525, "object_no": null, "object_name": null, "layer_type_id": 261, "valid_to": null, "address_no": null, "border_type": "solid", "border_width": 0, "border_color": "#e94c41", "border_opacity": null, "border_wellknown": "shape://horizline", "fill_type": "color", "fill_color": "#eb7f78", "fill_opacity": 0.5, "fill_wellknown": null, "fill_shape_color": null, "fill_shape_width": null, "fill_shape_size": null, "fill_img_url": null, "marker_img_url": null}},{"type": "Feature", "id": "layer_data_map.fid--27e80436_1a098c1eed1_-4f71", "geometry": {"type": "Polygon", "coordinates": [[[106.79656309, 47.84756875], [106.79512681, 47.85196118], [106.78948783, 47.85113668], [106.79087864, 47.84673504], [106.79656309, 47.84756875]]]}, "geometry_name": "geom", "properties": {"guid": 1415526, "id": 1415526, "object_no": null, "object_name": null, "layer_type_id": 261, "valid_to": null, "address_no": null, "border_type": "solid", "border_width": 0, "border_color": "#e94c41", "border_opacity": null, "border_wellknown": "shape://horizline", "fill_type": "color", "fill_color": "#eb7f78", "fill_opacity": 0.5, "fill_wellknown": null, "fill_shape_color": null, "fill_shape_width": null, "fill_shape_size": null, "fill_img_url": null, "marker_img_url": null}},{"type": "Feature", "id": "layer_data_map.fid--27e80436_1a098c1eed1_-4f70", "geometry": {"type": "Polygon", "coordinates": [[[106.92759137, 47.93317314], [106.9290973, 47.93318236], [106.92916708, 47.9331062], [106.92948925, 47.93310078], [106.92949939, 47.93293633], [106.93029194, 47.93296789], [106.93033264, 47.93297076], [106.93049938, 47.93297586], [106.93057759, 47.93297893], [106.9293864, 47.93708224], [106.92922376, 47.93706878], [106.92898369, 47.93705515], [106.92899732, 47.93667244], [106.92887719, 47.93664703], [106.92852205, 47.93663676], [106.92852363, 47.93660736], [106.92710053, 47.9365727], [106.92638017, 47.9358108], [106.92654917, 47.93569294], [106.92708559, 47.93520464], [106.92746011, 47.93465246], [106.92763894, 47.93393743], [106.92759137, 47.93317314]]]}, "geometry_name": "geom", "properties": {"guid": 1415527, "id": 1415527, "object_no": null, "object_name": null, "layer_type_id": 261, "valid_to": null, "address_no": null, "border_type": "solid", "border_width": 0, "border_color": "#e94c41", "border_opacity": null, "border_wellknown": "shape://horizline", "fill_type": "color", "fill_color": "#eb7f78", "fill_opacity": 0.5, "fill_wellknown": null, "fill_shape_color": null, "fill_shape_width": null, "fill_shape_size": null, "fill_img_url": null, "marker_img_url": null}}]}