{"type":"FeatureCollection","features":[{"type": "Feature", "id": "layer_data_map.fid--27e80436_1a098b908f8_7f01", "geometry": {"type": "Point", "coordinates": [106.85713018, 47.91370161]}, "geometry_name": "geom", "properties": {"guid": 3897, "id": 3897, "object_no": null, "object_name": null, "layer_type_id": 211, "valid_to": null, "address_no": null, "border_type": "solid", "border_width": null, "border_color": null, "border_opacity": null, "border_wellknown": "horizline", "fill_type": "color", "fill_color": "#b45f06", "fill_opacity": 1, "fill_wellknown": "horizline", "fill_shape_color": null, "fill_shape_width": null, "fill_shape_size": null, "fill_img_url": null, "marker_img_url": null}},{"type": "Feature", "id": "layer_data_map.fid--27e80436_1a098b908f8_7f02", "geometry": {"type": "Point", "coordinates": [106.88416006, 47.92335965]}, "geometry_name": "geom", "properties": {"guid": 3898, "id": 3898, "object_no": null, "object_name": null, "layer_type_id": 211, "valid_to": null, "address_no": null, "border_type": "solid", "border_width": null, "border_color": null, "border_opacity": null, "border_wellknown": "horizline", "fill_type": "color", "fill_color": "#b45f06", "fill_opacity": 1, "fill_wellknown": "horizline", "fill_shape_color": null, "fill_shape_width": null, "fill_shape_size": null, "fill_img_url": null, "marker_img_url": null}},{"type": "Feature", "id": "layer_data_map.fid--27e80436_1a098b908f8_7f03", "geometry": {"type": "Point", "coordinates": [106.89059598, 47.92679899]}, "geometry_name": "geom", "properties": {"guid": 3899, "id": 3899, "object_no": null, "object_name": null, "layer_type_id": 211, "valid_to": null, "address_no": null, "border_type": "solid", "border_width": null, "border_color": null, "border_opacity": null, "border_wellknown": "horizline", "fill_type": "color", "fill_color": "#b45f06", "fill_opacity": 1, "fill_wellknown": "horizline", "fill_shape_color": null, "fill_shape_width": null, "fill_shape_size": null, "fill_img_url": null, "marker_img_url": null}},{"type": "Feature", "id": "layer_data_map.fid--27e80436_1a098b908f8_7f04", "geometry": {"type": "Point", "coordinates": [106.89204861, 47.92503661]}, "geometry_name": "geom", "properties": {"guid": 3900, "id": 3900, "object_no": null, "object_name": null, "layer_type_id": 211, "valid_to": null, "address_no": null, "border_type": "solid", "border_width": null, "border_color": null, "border_opacity": null, "border_wellknown": "horizline", "fill_type": "color", "fill_color": "#b45f06", "fill_opacity": 1, "fill_wellknown": "horizline", "fill_shape_color": null, "fill_shape_width": null, "fill_shape_size": null, "fill_img_url": null, "marker_img_url": null}},{"type": "Feature", "id": "layer_data_map.fid--27e80436_1a098b908f8_7f05", "geometry": {"type": "Point", "coordinates": [106.88625217, 47.91461926]}, "geometry_name": "geom", "properties": {"guid": 3901, "id": 3901, "object_no": null, "object_name": null, "layer_type_id": 211, "valid_to": null, "address_no": null, "border_type": "solid", "border_width": null, "border_color": null, "border_opacity": null, "border_wellknown": "horizline", "fill_type": "color", "fill_color": "#b45f06", "fill_opacity": 1, "fill_wellknown": "horizline", "fill_shape_color": null, "fill_shape_width": null, "fill_shape_size": null, "fill_img_url": null, "marker_img_url": null}},{"type": "Feature", "id": "layer_data_map.fid--27e80436_1a098b908f8_7f06", "geometry": {"type": "Point", "coordinates": [106.88390235, 47.90939554]}, "geometry_name": "geom", "properties": {"guid": 3902, "id": 3902, "object_no": null, "object_name": null, "layer_type_id": 211, "valid_to": null, "address_no": null, "border_type": "solid", "border_width": null, "border_color": null, "border_opacity": null, "border_wellknown": "horizline", "fill_type": "color", "fill_color": "#b45f06", "fill_opacity": 1, "fill_wellknown": "horizline", "fill_shape_color": null, "fill_shape_width": null, "fill_shape_size": null, "fill_img_url": null, "marker_img_url": null}},{"type": "Feature", "id": "layer_data_map.fid--27e80436_1a098b908f8_7f07", "geometry": {"type": "Point", "coordinates": [106.88980556, 47.90933333]}, "geometry_name": "geom", "properties": {"guid": 3903, "id": 3903, "object_no": null, "object_name": null, "layer_type_id": 211, "valid_to": null, "address_no": null, "border_type": "solid", "border_width": null, "border_color": null, "border_opacity": null, "border_wellknown": "horizline", "fill_type": "color", "fill_color": "#b45f06", "fill_opacity": 1, "fill_wellknown": "horizline", "fill_shape_color": null, "fill_shape_width": null, "fill_shape_size": null, "fill_img_url": null, "marker_img_url": null}},{"type": "Feature", "id": "layer_data_map.fid--27e80436_1a098b908f8_7f08", "geometry": {"type": "Point", "coordinates": [106.92976527, 47.91813393]}, "geometry_name": "geom", "properties": {"guid": 3904, "id": 3904, "object_no": null, "object_name": null, "layer_type_id": 211, "valid_to": null, "address_no": null, "border_type": "solid", "border_width": null, "border_color": null, "border_opacity": null, "border_wellknown": "horizline", "fill_type": "color", "fill_color": "#b45f06", "fill_opacity": 1, "fill_wellknown": "horizline", "fill_shape_color": null, "fill_shape_width": null, "fill_shape_size": null, "fill_img_url": null, "marker_img_url": null}},{"type": "Feature", "id": "layer_data_map.fid--27e80436_1a098b908f8_7f09", "geometry": {"type": "Point", "coordinates": [106.92975286, 47.91839395]}, "geometry_name": "geom", "properties": {"guid": 3905, "id": 3905, "object_no": null, "object_name": null, "layer_type_id": 211, "valid_to": null, "address_no": null, "border_type": "solid", "border_width": null, "border_color": null, "border_opacity": null, "border_wellknown": "horizline", "fill_type": "color", "fill_color": "#b45f06", "fill_opacity": 1, "fill_wellknown": "horizline", "fill_shape_color": null, "fill_shape_width": null, "fill_shape_size": null, "fill_img_url": null, "marker_img_url": null}},{"type": "Feature", "id": "layer_data_map.fid--27e80436_1a098b908f8_7f0a", "geometry": {"type": "Point", "coordinates": [106.93271395, 47.91866604]}, "geometry_name": "geom", "properties": {"guid": 3906, "id": 3906, "object_no": null, "object_name": null, "layer_type_id": 211, "valid_to": null, "address_no": null, "border_type": "solid", "border_width": null, "border_color": null, "border_opacity": null, "border_wellknown": "horizline", "fill_type": "color", "fill_color": "#b45f06", "fill_opacity": 1, "fill_wellknown": "horizline", "fill_shape_color": null, "fill_shape_width": null, "fill_shape_size": null, "fill_img_url": null, "marker_img_url": null}},{"type": "Feature", "id": "layer_data_map.fid--27e80436_1a098b908f8_7f0b", "geometry": {"type": "Point", "coordinates": [106.93283592, 47.91877585]}, "geometry_name": "geom", "properties": {"guid": 3907, "id": 3907, "object_no": null, "object_name": null, "layer_type_id": 211, "valid_to": null, "address_no": null, "border_type": "solid", "border_width": null, "border_color": null, "border_opacity": null, "border_wellknown": "horizline", "fill_type": "color", "fill_color": "#b45f06", "fill_opacity": 1, "fill_wellknown": "horizline", "fill_shape_color": null, "fill_shape_width": null, "fill_shape_size": null, "fill_img_url": null, "marker_img_url": null}},{"type": "Feature", "id": "layer_data_map.fid--27e80436_1a098b908f8_7f0c", "geometry": {"type": "Point", "coordinates": [106.93537896, 47.91874304]}, "geometry_name": "geom", "properties": {"guid": 3908, "id": 3908, "object_no": null, "object_name": null, "layer_type_id": 211, "valid_to": null, "address_no": null, "border_type": "solid", "border_width": null, "border_color": null, "border_opacity": null, "border_wellknown": "horizline", "fill_type": "color", "fill_color": "#b45f06", "fill_opacity": 1, "fill_wellknown": "horizline", "fill_shape_color": null, "fill_shape_width": null, "fill_shape_size": null, "fill_img_url": null, "marker_img_url": null}},{"type": "Feature", "id": "layer_data_map.fid--27e80436_1a098b908f8_7f0d", "geometry": {"type": "Point", "coordinates": [106.93472222, 47.92791667]}, "geometry_name": "geom", "properties": {"guid": 3909, "id": 3909, "object_no": null, "object_name": null, "layer_type_id": 211, "valid_to": null, "address_no": null, "border_type": "solid", "border_width": null, "border_color": null, "border_opacity": null, "border_wellknown": "horizline", "fill_type": "color", "fill_color": "#b45f06", "fill_opacity": 1, "fill_wellknown": "horizline", "fill_shape_color": null, "fill_shape_width": null, "fill_shape_size": null, "fill_img_url": null, "marker_img_url": null}},{"type": "Feature", "id": "layer_data_map.fid--27e80436_1a098b908f8_7f0e", "geometry": {"type": "Point", "coordinates": [106.95244444, 47.91819444]}, "geometry_name": "geom", "properties": {"guid": 3910, "id": 3910, "object_no": null, "object_name": null, "layer_type_id": 211, "valid_to": null, "address_no": null, "border_type": "solid", "border_width": null, "border_color": null, "border_opacity": null, "border_wellknown": "horizline", "fill_type": "color", "fill_color": "#b45f06", "fill_opacity": 1, "fill_wellknown": "horizline", "fill_shape_color": null, "fill_shape_width": null, "fill_shape_size": null, "fill_img_url": null, "marker_img_url": null}},{"type": "Feature", "id": "layer_data_map.fid--27e80436_1a098b908f8_7f0f", "geometry": {"type": "Point", "coordinates": [106.97233333, 47.91538889]}, "geometry_name": "geom", "properties": {"guid": 3911, "id": 3911, "object_no": null, "object_name": null, "layer_type_id": 211, "valid_to": null, "address_no": null, "border_type": "solid", "border_width": null, "border_color": null, "border_opacity": null, "border_wellknown": "horizline", "fill_type": "color", "fill_color": "#b45f06", "fill_opacity": 1, "fill_wellknown": "horizline", "fill_shape_color": null, "fill_shape_width": null, "fill_shape_size": null, "fill_img_url": null, "marker_img_url": null}},{"type": "Feature", "id": "layer_data_map.fid--27e80436_1a098b908f8_7f10", "geometry": {"type": "Point", "coordinates": [106.97337139, 47.91568952]}, "geometry_name": "geom", "properties": {"guid": 3912, "id": 3912, "object_no": null, "object_name": null, "layer_type_id": 211, "valid_to": null, "address_no": null, "border_type": "solid", "border_width": null, "border_color": null, "border_opacity": null, "border_wellknown": "horizline", "fill_type": "color", "fill_color": "#b45f06", "fill_opacity": 1, "fill_wellknown": "horizline", "fill_shape_color": null, "fill_shape_width": null, "fill_shape_size": null, "fill_img_url": null, "marker_img_url": null}},{"type": "Feature", "id": "layer_data_map.fid--27e80436_1a098b908f8_7f11", "geometry": {"type": "Point", "coordinates": [106.97251526, 47.91658024]}, "geometry_name": "geom", "properties": {"guid": 3913, "id": 3913, "object_no": null, "object_name": null, "layer_type_id": 211, "valid_to": null, "address_no": null, "border_type": "solid", "border_width": null, "border_color": null, "border_opacity": null, "border_wellknown": "horizline", "fill_type": "color", "fill_color": "#b45f06", "fill_opacity": 1, "fill_wellknown": "horizline", "fill_shape_color": null, "fill_shape_width": null, "fill_shape_size": null, "fill_img_url": null, "marker_img_url": null}},{"type": "Feature", "id": "layer_data_map.fid--27e80436_1a098b908f8_7f12", "geometry": {"type": "Point", "coordinates": [106.97021327, 47.91664361]}, "geometry_name": "geom", "properties": {"guid": 3914, "id": 3914, "object_no": null, "object_name": null, "layer_type_id": 211, "valid_to": null, "address_no": null, "border_type": "solid", "border_width": null, "border_color": null, "border_opacity": null, "border_wellknown": "horizline", "fill_type": "color", "fill_color": "#b45f06", "fill_opacity": 1, "fill_wellknown": "horizline", "fill_shape_color": null, "fill_shape_width": null, "fill_shape_size": null, "fill_img_url": null, "marker_img_url": null}},{"type": "Feature", "id": "layer_data_map.fid--27e80436_1a098b908f8_7f13", "geometry": {"type": "Point", "coordinates": [106.90244712, 47.92170334]}, "geometry_name": "geom", "properties": {"guid": 3915, "id": 3915, "object_no": null, "object_name": null, "layer_type_id": 211, "valid_to": null, "address_no": null, "border_type": "solid", "border_width": null, "border_color": null, "border_opacity": null, "border_wellknown": "horizline", "fill_type": "color", "fill_color": "#b45f06", "fill_opacity": 1, "fill_wellknown": "horizline", "fill_shape_color": null, "fill_shape_width": null, "fill_shape_size": null, "fill_img_url": null, "marker_img_url": null}},{"type": "Feature", "id": "layer_data_map.fid--27e80436_1a098b908f8_7f14", "geometry": {"type": "Point", "coordinates": [106.89864484, 47.92379383]}, "geometry_name": "geom", "properties": {"guid": 3916, "id": 3916, "object_no": null, "object_name": null, "layer_type_id": 211, "valid_to": null, "address_no": null, "border_type": "solid", "border_width": null, "border_color": null, "border_opacity": null, "border_wellknown": "horizline", "fill_type": "color", "fill_color": "#b45f06", "fill_opacity": 1, "fill_wellknown": "horizline", "fill_shape_color": null, "fill_shape_width": null, "fill_shape_size": null, "fill_img_url": null, "marker_img_url": null}},{"type": "Feature", "id": "layer_data_map.fid--27e80436_1a098b908f8_7f15", "geometry": {"type": "Point", "coordinates": [106.90530854, 47.92837535]}, "geometry_name": "geom", "properties": {"guid": 3917, "id": 3917, "object_no": null, "object_name": null, "layer_type_id": 211, "valid_to": null, "address_no": null, "border_type": "solid", "border_width": null, "border_color": null, "border_opacity": null, "border_wellknown": "horizline", "fill_type": "color", "fill_color": "#b45f06", "fill_opacity": 1, "fill_wellknown": "horizline", "fill_shape_color": null, "fill_shape_width": null, "fill_shape_size": null, "fill_img_url": null, "marker_img_url": null}},{"type": "Feature", "id": "layer_data_map.fid--27e80436_1a098b908f8_7f16", "geometry": {"type": "Point", "coordinates": [106.91394803, 47.92602808]}, "geometry_name": "geom", "properties": {"guid": 3918, "id": 3918, "object_no": null, "object_name": null, "layer_type_id": 211, "valid_to": null, "address_no": null, "border_type": "solid", "border_width": null, "border_color": null, "border_opacity": null, "border_wellknown": "horizline", "fill_type": "color", "fill_color": "#b45f06", "fill_opacity": 1, "fill_wellknown": "horizline", "fill_shape_color": null, "fill_shape_width": null, "fill_shape_size": null, "fill_img_url": null, "marker_img_url": null}},{"type": "Feature", "id": "layer_data_map.fid--27e80436_1a098b908f8_7f17", "geometry": {"type": "Point", "coordinates": [106.91512911, 47.92159202]}, "geometry_name": "geom", "properties": {"guid": 3919, "id": 3919, "object_no": null, "object_name": null, "layer_type_id": 211, "valid_to": null, "address_no": null, "border_type": "solid", "border_width": null, "border_color": null, "border_opacity": null, "border_wellknown": "horizline", "fill_type": "color", "fill_color": "#b45f06", "fill_opacity": 1, "fill_wellknown": "horizline", "fill_shape_color": null, "fill_shape_width": null, "fill_shape_size": null, "fill_img_url": null, "marker_img_url": null}},{"type": "Feature", "id": "layer_data_map.fid--27e80436_1a098b908f8_7f18", "geometry": {"type": "Point", "coordinates": [106.91495139, 47.92190001]}, "geometry_name": "geom", "properties": {"guid": 3920, "id": 3920, "object_no": null, "object_name": null, "layer_type_id": 211, "valid_to": null, "address_no": null, "border_type": "solid", "border_width": null, "border_color": null, "border_opacity": null, "border_wellknown": "horizline", "fill_type": "color", "fill_color": "#b45f06", "fill_opacity": 1, "fill_wellknown": "horizline", "fill_shape_color": null, "fill_shape_width": null, "fill_shape_size": null, "fill_img_url": null, "marker_img_url": null}},{"type": "Feature", "id": "layer_data_map.fid--27e80436_1a098b908f8_7f19", "geometry": {"type": "Point", "coordinates": [106.91537141, 47.92122168]}, "geometry_name": "geom", "properties": {"guid": 3921, "id": 3921, "object_no": null, "object_name": null, "layer_type_id": 211, "valid_to": null, "address_no": null, "border_type": "solid", "border_width": null, "border_color": null, "border_opacity": null, "border_wellknown": "horizline", "fill_type": "color", "fill_color": "#b45f06", "fill_opacity": 1, "fill_wellknown": "horizline", "fill_shape_color": null, "fill_shape_width": null, "fill_shape_size": null, "fill_img_url": null, "marker_img_url": null}},{"type": "Feature", "id": "layer_data_map.fid--27e80436_1a098b908f8_7f1a", "geometry": {"type": "Point", "coordinates": [106.90230443, 47.91602651]}, "geometry_name": "geom", "properties": {"guid": 3922, "id": 3922, "object_no": null, "object_name": null, "layer_type_id": 211, "valid_to": null, "address_no": null, "border_type": "solid", "border_width": null, "border_color": null, "border_opacity": null, "border_wellknown": "horizline", "fill_type": "color", "fill_color": "#b45f06", "fill_opacity": 1, "fill_wellknown": "horizline", "fill_shape_color": null, "fill_shape_width": null, "fill_shape_size": null, "fill_img_url": null, "marker_img_url": null}},{"type": "Feature", "id": "layer_data_map.fid--27e80436_1a098b908f8_7f1b", "geometry": {"type": "Point", "coordinates": [106.89964818, 47.89934546]}, "geometry_name": "geom", "properties": {"guid": 3923, "id": 3923, "object_no": null, "object_name": null, "layer_type_id": 211, "valid_to": null, "address_no": null, "border_type": "solid", "border_width": null, "border_color": null, "border_opacity": null, "border_wellknown": "horizline", "fill_type": "color", "fill_color": "#b45f06", "fill_opacity": 1, "fill_wellknown": "horizline", "fill_shape_color": null, "fill_shape_width": null, "fill_shape_size": null, "fill_img_url": null, "marker_img_url": null}},{"type": "Feature", "id": "layer_data_map.fid--27e80436_1a098b908f8_7f1c", "geometry": {"type": "Point", "coordinates": [106.90256417, 47.89948599]}, "geometry_name": "geom", "properties": {"guid": 3924, "id": 3924, "object_no": null, "object_name": null, "layer_type_id": 211, "valid_to": null, "address_no": null, "border_type": "solid", "border_width": null, "border_color": null, "border_opacity": null, "border_wellknown": "horizline", "fill_type": "color", "fill_color": "#b45f06", "fill_opacity": 1, "fill_wellknown": "horizline", "fill_shape_color": null, "fill_shape_width": null, "fill_shape_size": null, "fill_img_url": null, "marker_img_url": null}},{"type": "Feature", "id": "layer_data_map.fid--27e80436_1a098b908f8_7f1d", "geometry": {"type": "Point", "coordinates": [106.91541955, 47.88405336]}, "geometry_name": "geom", "properties": {"guid": 3925, "id": 3925, "object_no": null, "object_name": null, "layer_type_id": 211, "valid_to": null, "address_no": null, "border_type": "solid", "border_width": null, "border_color": null, "border_opacity": null, "border_wellknown": "horizline", "fill_type": "color", "fill_color": "#b45f06", "fill_opacity": 1, "fill_wellknown": "horizline", "fill_shape_color": null, "fill_shape_width": null, "fill_shape_size": null, "fill_img_url": null, "marker_img_url": null}},{"type": "Feature", "id": "layer_data_map.fid--27e80436_1a098b908f8_7f1e", "geometry": {"type": "Point", "coordinates": [106.91611173, 47.88664284]}, "geometry_name": "geom", "properties": {"guid": 3926, "id": 3926, "object_no": null, "object_name": null, "layer_type_id": 211, "valid_to": null, "address_no": null, "border_type": "solid", "border_width": null, "border_color": null, "border_opacity": null, "border_wellknown": "horizline", "fill_type": "color", "fill_color": "#b45f06", "fill_opacity": 1, "fill_wellknown": "horizline", "fill_shape_color": null, "fill_shape_width": null, "fill_shape_size": null, "fill_img_url": null, "marker_img_url": null}},{"type": "Feature", "id": "layer_data_map.fid--27e80436_1a098b908f8_7f1f", "geometry": {"type": "Point", "coordinates": [106.91216667, 47.88605556]}, "geometry_name": "geom", "properties": {"guid": 3927, "id": 3927, "object_no": null, "object_name": null, "layer_type_id": 211, "valid_to": null, "address_no": null, "border_type": "solid", "border_width": null, "border_color": null, "border_opacity": null, "border_wellknown": "horizline", "fill_type": "color", "fill_color": "#b45f06", "fill_opacity": 1, "fill_wellknown": "horizline", "fill_shape_color": null, "fill_shape_width": null, "fill_shape_size": null, "fill_img_url": null, "marker_img_url": null}},{"type": "Feature", "id": "layer_data_map.fid--27e80436_1a098b908f8_7f20", "geometry": {"type": "Point", "coordinates": [106.91063376, 47.90332876]}, "geometry_name": "geom", "properties": {"guid": 3928, "id": 3928, "object_no": null, "object_name": null, "layer_type_id": 211, "valid_to": null, "address_no": null, "border_type": "solid", "border_width": null, "border_color": null, "border_opacity": null, "border_wellknown": "horizline", "fill_type": "color", "fill_color": "#b45f06", "fill_opacity": 1, "fill_wellknown": "horizline", "fill_shape_color": null, "fill_shape_width": null, "fill_shape_size": null, "fill_img_url": null, "marker_img_url": null}},{"type": "Feature", "id": "layer_data_map.fid--27e80436_1a098b908f8_7f21", "geometry": {"type": "Point", "coordinates": [106.91845216, 47.90432654]}, "geometry_name": "geom", "properties": {"guid": 3929, "id": 3929, "object_no": null, "object_name": null, "layer_type_id": 211, "valid_to": null, "address_no": null, "border_type": "solid", "border_width": null, "border_color": null, "border_opacity": null, "border_wellknown": "horizline", "fill_type": "color", "fill_color": "#b45f06", "fill_opacity": 1, "fill_wellknown": "horizline", "fill_shape_color": null, "fill_shape_width": null, "fill_shape_size": null, "fill_img_url": null, "marker_img_url": null}},{"type": "Feature", "id": "layer_data_map.fid--27e80436_1a098b908f8_7f22", "geometry": {"type": "Point", "coordinates": [106.92649653, 47.90459241]}, "geometry_name": "geom", "properties": {"guid": 3930, "id": 3930, "object_no": null, "object_name": null, "layer_type_id": 211, "valid_to": null, "address_no": null, "border_type": "solid", "border_width": null, "border_color": null, "border_opacity": null, "border_wellknown": "horizline", "fill_type": "color", "fill_color": "#b45f06", "fill_opacity": 1, "fill_wellknown": "horizline", "fill_shape_color": null, "fill_shape_width": null, "fill_shape_size": null, "fill_img_url": null, "marker_img_url": null}},{"type": "Feature", "id": "layer_data_map.fid--27e80436_1a098b908f8_7f23", "geometry": {"type": "Point", "coordinates": [106.91662916, 47.89524663]}, "geometry_name": "geom", "properties": {"guid": 3931, "id": 3931, "object_no": null, "object_name": null, "layer_type_id": 211, "valid_to": null, "address_no": null, "border_type": "solid", "border_width": null, "border_color": null, "border_opacity": null, "border_wellknown": "horizline", "fill_type": "color", "fill_color": "#b45f06", "fill_opacity": 1, "fill_wellknown": "horizline", "fill_shape_color": null, "fill_shape_width": null, "fill_shape_size": null, "fill_img_url": null, "marker_img_url": null}},{"type": "Feature", "id": "layer_data_map.fid--27e80436_1a098b908f8_7f24", "geometry": {"type": "Point", "coordinates": [106.91507576, 47.89648784]}, "geometry_name": "geom", "properties": {"guid": 3932, "id": 3932, "object_no": null, "object_name": null, "layer_type_id": 211, "valid_to": null, "address_no": null, "border_type": "solid", "border_width": null, "border_color": null, "border_opacity": null, "border_wellknown": "horizline", "fill_type": "color", "fill_color": "#b45f06", "fill_opacity": 1, "fill_wellknown": "horizline", "fill_shape_color": null, "fill_shape_width": null, "fill_shape_size": null, "fill_img_url": null, "marker_img_url": null}},{"type": "Feature", "id": "layer_data_map.fid--27e80436_1a098b908f8_7f25", "geometry": {"type": "Point", "coordinates": [106.91563066, 47.89634352]}, "geometry_name": "geom", "properties": {"guid": 3933, "id": 3933, "object_no": null, "object_name": null, "layer_type_id": 211, "valid_to": null, "address_no": null, "border_type": "solid", "border_width": null, "border_color": null, "border_opacity": null, "border_wellknown": "horizline", "fill_type": "color", "fill_color": "#b45f06", "fill_opacity": 1, "fill_wellknown": "horizline", "fill_shape_color": null, "fill_shape_width": null, "fill_shape_size": null, "fill_img_url": null, "marker_img_url": null}},{"type": "Feature", "id": "layer_data_map.fid--27e80436_1a098b908f8_7f26", "geometry": {"type": "Point", "coordinates": [106.91366617, 47.90452842]}, "geometry_name": "geom", "properties": {"guid": 3934, "id": 3934, "object_no": null, "object_name": null, "layer_type_id": 211, "valid_to": null, "address_no": null, "border_type": "solid", "border_width": null, "border_color": null, "border_opacity": null, "border_wellknown": "horizline", "fill_type": "color", "fill_color": "#b45f06", "fill_opacity": 1, "fill_wellknown": "horizline", "fill_shape_color": null, "fill_shape_width": null, "fill_shape_size": null, "fill_img_url": null, "marker_img_url": null}},{"type": "Feature", "id": "layer_data_map.fid--27e80436_1a098b908f8_7f27", "geometry": {"type": "Point", "coordinates": [106.91411037, 47.90416547]}, "geometry_name": "geom", "properties": {"guid": 3935, "id": 3935, "object_no": null, "object_name": null, "layer_type_id": 211, "valid_to": null, "address_no": null, "border_type": "solid", "border_width": null, "border_color": null, "border_opacity": null, "border_wellknown": "horizline", "fill_type": "color", "fill_color": "#b45f06", "fill_opacity": 1, "fill_wellknown": "horizline", "fill_shape_color": null, "fill_shape_width": null, "fill_shape_size": null, "fill_img_url": null, "marker_img_url": null}},{"type": "Feature", "id": "layer_data_map.fid--27e80436_1a098b908f8_7f28", "geometry": {"type": "Point", "coordinates": [106.91389301, 47.9037862]}, "geometry_name": "geom", "properties": {"guid": 3936, "id": 3936, "object_no": null, "object_name": null, "layer_type_id": 211, "valid_to": null, "address_no": null, "border_type": "solid", "border_width": null, "border_color": null, "border_opacity": null, "border_wellknown": "horizline", "fill_type": "color", "fill_color": "#b45f06", "fill_opacity": 1, "fill_wellknown": "horizline", "fill_shape_color": null, "fill_shape_width": null, "fill_shape_size": null, "fill_img_url": null, "marker_img_url": null}},{"type": "Feature", "id": "layer_data_map.fid--27e80436_1a098b908f8_7f29", "geometry": {"type": "Point", "coordinates": [106.91335878, 47.90363784]}, "geometry_name": "geom", "properties": {"guid": 3937, "id": 3937, "object_no": null, "object_name": null, "layer_type_id": 211, "valid_to": null, "address_no": null, "border_type": "solid", "border_width": null, "border_color": null, "border_opacity": null, "border_wellknown": "horizline", "fill_type": "color", "fill_color": "#b45f06", "fill_opacity": 1, "fill_wellknown": "horizline", "fill_shape_color": null, "fill_shape_width": null, "fill_shape_size": null, "fill_img_url": null, "marker_img_url": null}},{"type": "Feature", "id": "layer_data_map.fid--27e80436_1a098b908f8_7f2a", "geometry": {"type": "Point", "coordinates": [106.91278859, 47.90389349]}, "geometry_name": "geom", "properties": {"guid": 3938, "id": 3938, "object_no": null, "object_name": null, "layer_type_id": 211, "valid_to": null, "address_no": null, "border_type": "solid", "border_width": null, "border_color": null, "border_opacity": null, "border_wellknown": "horizline", "fill_type": "color", "fill_color": "#b45f06", "fill_opacity": 1, "fill_wellknown": "horizline", "fill_shape_color": null, "fill_shape_width": null, "fill_shape_size": null, "fill_img_url": null, "marker_img_url": null}},{"type": "Feature", "id": "layer_data_map.fid--27e80436_1a098b908f8_7f2b", "geometry": {"type": "Point", "coordinates": [106.90510208, 47.90189726]}, "geometry_name": "geom", "properties": {"guid": 3939, "id": 3939, "object_no": null, "object_name": null, "layer_type_id": 211, "valid_to": null, "address_no": null, "border_type": "solid", "border_width": null, "border_color": null, "border_opacity": null, "border_wellknown": "horizline", "fill_type": "color", "fill_color": "#b45f06", "fill_opacity": 1, "fill_wellknown": "horizline", "fill_shape_color": null, "fill_shape_width": null, "fill_shape_size": null, "fill_img_url": null, "marker_img_url": null}},{"type": "Feature", "id": "layer_data_map.fid--27e80436_1a098b908f8_7f2c", "geometry": {"type": "Point", "coordinates": [106.91615604, 47.92652318]}, "geometry_name": "geom", "properties": {"guid": 3940, "id": 3940, "object_no": null, "object_name": null, "layer_type_id": 211, "valid_to": null, "address_no": null, "border_type": "solid", "border_width": null, "border_color": null, "border_opacity": null, "border_wellknown": "horizline", "fill_type": "color", "fill_color": "#b45f06", "fill_opacity": 1, "fill_wellknown": "horizline", "fill_shape_color": null, "fill_shape_width": null, "fill_shape_size": null, "fill_img_url": null, "marker_img_url": null}},{"type": "Feature", "id": "layer_data_map.fid--27e80436_1a098b908f8_7f2d", "geometry": {"type": "Point", "coordinates": [106.91613071, 47.92723729]}, "geometry_name": "geom", "properties": {"guid": 3941, "id": 3941, "object_no": null, "object_name": null, "layer_type_id": 211, "valid_to": null, "address_no": null, "border_type": "solid", "border_width": null, "border_color": null, "border_opacity": null, "border_wellknown": "horizline", "fill_type": "color", "fill_color": "#b45f06", "fill_opacity": 1, "fill_wellknown": "horizline", "fill_shape_color": null, "fill_shape_width": null, "fill_shape_size": null, "fill_img_url": null, "marker_img_url": null}},{"type": "Feature", "id": "layer_data_map.fid--27e80436_1a098b908f8_7f2e", "geometry": {"type": "Point", "coordinates": [106.91622222, 47.92725]}, "geometry_name": "geom", "properties": {"guid": 3942, "id": 3942, "object_no": null, "object_name": null, "layer_type_id": 211, "valid_to": null, "address_no": null, "border_type": "solid", "border_width": null, "border_color": null, "border_opacity": null, "border_wellknown": "horizline", "fill_type": "color", "fill_color": "#b45f06", "fill_opacity": 1, "fill_wellknown": "horizline", "fill_shape_color": null, "fill_shape_width": null, "fill_shape_size": null, "fill_img_url": null, "marker_img_url": null}},{"type": "Feature", "id": "layer_data_map.fid--27e80436_1a098b908f8_7f2f", "geometry": {"type": "Point", "coordinates": [106.92109037, 47.92569279]}, "geometry_name": "geom", "properties": {"guid": 3943, "id": 3943, "object_no": null, "object_name": null, "layer_type_id": 211, "valid_to": null, "address_no": null, "border_type": "solid", "border_width": null, "border_color": null, "border_opacity": null, "border_wellknown": "horizline", "fill_type": "color", "fill_color": "#b45f06", "fill_opacity": 1, "fill_wellknown": "horizline", "fill_shape_color": null, "fill_shape_width": null, "fill_shape_size": null, "fill_img_url": null, "marker_img_url": null}},{"type": "Feature", "id": "layer_data_map.fid--27e80436_1a098b908f8_7f30", "geometry": {"type": "Point", "coordinates": [106.91975, 47.92463889]}, "geometry_name": "geom", "properties": {"guid": 3944, "id": 3944, "object_no": null, "object_name": null, "layer_type_id": 211, "valid_to": null, "address_no": null, "border_type": "solid", "border_width": null, "border_color": null, "border_opacity": null, "border_wellknown": "horizline", "fill_type": "color", "fill_color": "#b45f06", "fill_opacity": 1, "fill_wellknown": "horizline", "fill_shape_color": null, "fill_shape_width": null, "fill_shape_size": null, "fill_img_url": null, "marker_img_url": null}},{"type": "Feature", "id": "layer_data_map.fid--27e80436_1a098b908f8_7f31", "geometry": {"type": "Point", "coordinates": [106.91878436, 47.92253008]}, "geometry_name": "geom", "properties": {"guid": 3945, "id": 3945, "object_no": null, "object_name": null, "layer_type_id": 211, "valid_to": null, "address_no": null, "border_type": "solid", "border_width": null, "border_color": null, "border_opacity": null, "border_wellknown": "horizline", "fill_type": "color", "fill_color": "#b45f06", "fill_opacity": 1, "fill_wellknown": "horizline", "fill_shape_color": null, "fill_shape_width": null, "fill_shape_size": null, "fill_img_url": null, "marker_img_url": null}},{"type": "Feature", "id": "layer_data_map.fid--27e80436_1a098b908f8_7f32", "geometry": {"type": "Point", "coordinates": [106.92986111, 47.92313889]}, "geometry_name": "geom", "properties": {"guid": 3946, "id": 3946, "object_no": null, "object_name": null, "layer_type_id": 211, "valid_to": null, "address_no": null, "border_type": "solid", "border_width": null, "border_color": null, "border_opacity": null, "border_wellknown": "horizline", "fill_type": "color", "fill_color": "#b45f06", "fill_opacity": 1, "fill_wellknown": "horizline", "fill_shape_color": null, "fill_shape_width": null, "fill_shape_size": null, "fill_img_url": null, "marker_img_url": null}},{"type": "Feature", "id": "layer_data_map.fid--27e80436_1a098b908f8_7f33", "geometry": {"type": "Point", "coordinates": [106.92765953, 47.91676786]}, "geometry_name": "geom", "properties": {"guid": 3947, "id": 3947, "object_no": null, "object_name": null, "layer_type_id": 211, "valid_to": null, "address_no": null, "border_type": "solid", "border_width": null, "border_color": null, "border_opacity": null, "border_wellknown": "horizline", "fill_type": "color", "fill_color": "#b45f06", "fill_opacity": 1, "fill_wellknown": "horizline", "fill_shape_color": null, "fill_shape_width": null, "fill_shape_size": null, "fill_img_url": null, "marker_img_url": null}},{"type": "Feature", "id": "layer_data_map.fid--27e80436_1a098b908f8_7f34", "geometry": {"type": "Point", "coordinates": [106.9228709, 47.91812114]}, "geometry_name": "geom", "properties": {"guid": 3948, "id": 3948, "object_no": null, "object_name": null, "layer_type_id": 211, "valid_to": null, "address_no": null, "border_type": "solid", "border_width": null, "border_color": null, "border_opacity": null, "border_wellknown": "horizline", "fill_type": "color", "fill_color": "#b45f06", "fill_opacity": 1, "fill_wellknown": "horizline", "fill_shape_color": null, "fill_shape_width": null, "fill_shape_size": null, "fill_img_url": null, "marker_img_url": null}},{"type": "Feature", "id": "layer_data_map.fid--27e80436_1a098b908f8_7f35", "geometry": {"type": "Point", "coordinates": [106.92031271, 47.91698621]}, "geometry_name": "geom", "properties": {"guid": 3949, "id": 3949, "object_no": null, "object_name": null, "layer_type_id": 211, "valid_to": null, "address_no": null, "border_type": "solid", "border_width": null, "border_color": null, "border_opacity": null, "border_wellknown": "horizline", "fill_type": "color", "fill_color": "#b45f06", "fill_opacity": 1, "fill_wellknown": "horizline", "fill_shape_color": null, "fill_shape_width": null, "fill_shape_size": null, "fill_img_url": null, "marker_img_url": null}},{"type": "Feature", "id": "layer_data_map.fid--27e80436_1a098b908f8_7f36", "geometry": {"type": "Point", "coordinates": [106.92043036, 47.9152245]}, "geometry_name": "geom", "properties": {"guid": 3950, "id": 3950, "object_no": null, "object_name": null, "layer_type_id": 211, "valid_to": null, "address_no": null, "border_type": "solid", "border_width": null, "border_color": null, "border_opacity": null, "border_wellknown": "horizline", "fill_type": "color", "fill_color": "#b45f06", "fill_opacity": 1, "fill_wellknown": "horizline", "fill_shape_color": null, "fill_shape_width": null, "fill_shape_size": null, "fill_img_url": null, "marker_img_url": null}},{"type": "Feature", "id": "layer_data_map.fid--27e80436_1a098b908f8_7f37", "geometry": {"type": "Point", "coordinates": [106.91905596, 47.9133628]}, "geometry_name": "geom", "properties": {"guid": 3951, "id": 3951, "object_no": null, "object_name": null, "layer_type_id": 211, "valid_to": null, "address_no": null, "border_type": "solid", "border_width": null, "border_color": null, "border_opacity": null, "border_wellknown": "horizline", "fill_type": "color", "fill_color": "#b45f06", "fill_opacity": 1, "fill_wellknown": "horizline", "fill_shape_color": null, "fill_shape_width": null, "fill_shape_size": null, "fill_img_url": null, "marker_img_url": null}},{"type": "Feature", "id": "layer_data_map.fid--27e80436_1a098b908f8_7f38", "geometry": {"type": "Point", "coordinates": [106.91258881, 47.91570645]}, "geometry_name": "geom", "properties": {"guid": 3952, "id": 3952, "object_no": null, "object_name": null, "layer_type_id": 211, "valid_to": null, "address_no": null, "border_type": "solid", "border_width": null, "border_color": null, "border_opacity": null, "border_wellknown": "horizline", "fill_type": "color", "fill_color": "#b45f06", "fill_opacity": 1, "fill_wellknown": "horizline", "fill_shape_color": null, "fill_shape_width": null, "fill_shape_size": null, "fill_img_url": null, "marker_img_url": null}},{"type": "Feature", "id": "layer_data_map.fid--27e80436_1a098b908f8_7f39", "geometry": {"type": "Point", "coordinates": [106.91290146, 47.9157535]}, "geometry_name": "geom", "properties": {"guid": 3953, "id": 3953, "object_no": null, "object_name": null, "layer_type_id": 211, "valid_to": null, "address_no": null, "border_type": "solid", "border_width": null, "border_color": null, "border_opacity": null, "border_wellknown": "horizline", "fill_type": "color", "fill_color": "#b45f06", "fill_opacity": 1, "fill_wellknown": "horizline", "fill_shape_color": null, "fill_shape_width": null, "fill_shape_size": null, "fill_img_url": null, "marker_img_url": null}},{"type": "Feature", "id": "layer_data_map.fid--27e80436_1a098b908f8_7f3a", "geometry": {"type": "Point", "coordinates": [106.91318843, 47.91564173]}, "geometry_name": "geom", "properties": {"guid": 3954, "id": 3954, "object_no": null, "object_name": null, "layer_type_id": 211, "valid_to": null, "address_no": null, "border_type": "solid", "border_width": null, "border_color": null, "border_opacity": null, "border_wellknown": "horizline", "fill_type": "color", "fill_color": "#b45f06", "fill_opacity": 1, "fill_wellknown": "horizline", "fill_shape_color": null, "fill_shape_width": null, "fill_shape_size": null, "fill_img_url": null, "marker_img_url": null}},{"type": "Feature", "id": "layer_data_map.fid--27e80436_1a098b908f8_7f3b", "geometry": {"type": "Point", "coordinates": [106.91230556, 47.91636111]}, "geometry_name": "geom", "properties": {"guid": 3955, "id": 3955, "object_no": null, "object_name": null, "layer_type_id": 211, "valid_to": null, "address_no": null, "border_type": "solid", "border_width": null, "border_color": null, "border_opacity": null, "border_wellknown": "horizline", "fill_type": "color", "fill_color": "#b45f06", "fill_opacity": 1, "fill_wellknown": "horizline", "fill_shape_color": null, "fill_shape_width": null, "fill_shape_size": null, "fill_img_url": null, "marker_img_url": null}},{"type": "Feature", "id": "layer_data_map.fid--27e80436_1a098b908f8_7f3c", "geometry": {"type": "Point", "coordinates": [106.91256832, 47.91625646]}, "geometry_name": "geom", "properties": {"guid": 3956, "id": 3956, "object_no": null, "object_name": null, "layer_type_id": 211, "valid_to": null, "address_no": null, "border_type": "solid", "border_width": null, "border_color": null, "border_opacity": null, "border_wellknown": "horizline", "fill_type": "color", "fill_color": "#b45f06", "fill_opacity": 1, "fill_wellknown": "horizline", "fill_shape_color": null, "fill_shape_width": null, "fill_shape_size": null, "fill_img_url": null, "marker_img_url": null}},{"type": "Feature", "id": "layer_data_map.fid--27e80436_1a098b908f8_7f3d", "geometry": {"type": "Point", "coordinates": [106.91272222, 47.91641667]}, "geometry_name": "geom", "properties": {"guid": 3957, "id": 3957, "object_no": null, "object_name": null, "layer_type_id": 211, "valid_to": null, "address_no": null, "border_type": "solid", "border_width": null, "border_color": null, "border_opacity": null, "border_wellknown": "horizline", "fill_type": "color", "fill_color": "#b45f06", "fill_opacity": 1, "fill_wellknown": "horizline", "fill_shape_color": null, "fill_shape_width": null, "fill_shape_size": null, "fill_img_url": null, "marker_img_url": null}},{"type": "Feature", "id": "layer_data_map.fid--27e80436_1a098b908f8_7f3e", "geometry": {"type": "Point", "coordinates": [106.91730556, 47.91641667]}, "geometry_name": "geom", "properties": {"guid": 3958, "id": 3958, "object_no": null, "object_name": null, "layer_type_id": 211, "valid_to": null, "address_no": null, "border_type": "solid", "border_width": null, "border_color": null, "border_opacity": null, "border_wellknown": "horizline", "fill_type": "color", "fill_color": "#b45f06", "fill_opacity": 1, "fill_wellknown": "horizline", "fill_shape_color": null, "fill_shape_width": null, "fill_shape_size": null, "fill_img_url": null, "marker_img_url": null}},{"type": "Feature", "id": "layer_data_map.fid--27e80436_1a098b908f8_7f3f", "geometry": {"type": "Point", "coordinates": [106.91629575, 47.91675611]}, "geometry_name": "geom", "properties": {"guid": 3959, "id": 3959, "object_no": null, "object_name": null, "layer_type_id": 211, "valid_to": null, "address_no": null, "border_type": "solid", "border_width": null, "border_color": null, "border_opacity": null, "border_wellknown": "horizline", "fill_type": "color", "fill_color": "#b45f06", "fill_opacity": 1, "fill_wellknown": "horizline", "fill_shape_color": null, "fill_shape_width": null, "fill_shape_size": null, "fill_img_url": null, "marker_img_url": null}},{"type": "Feature", "id": "layer_data_map.fid--27e80436_1a098b908f8_7f40", "geometry": {"type": "Point", "coordinates": [106.91693963, 47.91728266]}, "geometry_name": "geom", "properties": {"guid": 3960, "id": 3960, "object_no": null, "object_name": null, "layer_type_id": 211, "valid_to": null, "address_no": null, "border_type": "solid", "border_width": null, "border_color": null, "border_opacity": null, "border_wellknown": "horizline", "fill_type": "color", "fill_color": "#b45f06", "fill_opacity": 1, "fill_wellknown": "horizline", "fill_shape_color": null, "fill_shape_width": null, "fill_shape_size": null, "fill_img_url": null, "marker_img_url": null}},{"type": "Feature", "id": "layer_data_map.fid--27e80436_1a098b908f8_7f41", "geometry": {"type": "Point", "coordinates": [106.91759149, 47.91888852]}, "geometry_name": "geom", "properties": {"guid": 3961, "id": 3961, "object_no": null, "object_name": null, "layer_type_id": 211, "valid_to": null, "address_no": null, "border_type": "solid", "border_width": null, "border_color": null, "border_opacity": null, "border_wellknown": "horizline", "fill_type": "color", "fill_color": "#b45f06", "fill_opacity": 1, "fill_wellknown": "horizline", "fill_shape_color": null, "fill_shape_width": null, "fill_shape_size": null, "fill_img_url": null, "marker_img_url": null}},{"type": "Feature", "id": "layer_data_map.fid--27e80436_1a098b908f8_7f42", "geometry": {"type": "Point", "coordinates": [106.91665206, 47.91994856]}, "geometry_name": "geom", "properties": {"guid": 3962, "id": 3962, "object_no": null, "object_name": null, "layer_type_id": 211, "valid_to": null, "address_no": null, "border_type": "solid", "border_width": null, "border_color": null, "border_opacity": null, "border_wellknown": "horizline", "fill_type": "color", "fill_color": "#b45f06", "fill_opacity": 1, "fill_wellknown": "horizline", "fill_shape_color": null, "fill_shape_width": null, "fill_shape_size": null, "fill_img_url": null, "marker_img_url": null}},{"type": "Feature", "id": "layer_data_map.fid--27e80436_1a098b908f8_7f43", "geometry": {"type": "Point", "coordinates": [106.9170854, 47.91986184]}, "geometry_name": "geom", "properties": {"guid": 3963, "id": 3963, "object_no": null, "object_name": null, "layer_type_id": 211, "valid_to": null, "address_no": null, "border_type": "solid", "border_width": null, "border_color": null, "border_opacity": null, "border_wellknown": "horizline", "fill_type": "color", "fill_color": "#b45f06", "fill_opacity": 1, "fill_wellknown": "horizline", "fill_shape_color": null, "fill_shape_width": null, "fill_shape_size": null, "fill_img_url": null, "marker_img_url": null}},{"type": "Feature", "id": "layer_data_map.fid--27e80436_1a098b908f8_7f44", "geometry": {"type": "Point", "coordinates": [106.91737686, 47.92002964]}, "geometry_name": "geom", "properties": {"guid": 3964, "id": 3964, "object_no": null, "object_name": null, "layer_type_id": 211, "valid_to": null, "address_no": null, "border_type": "solid", "border_width": null, "border_color": null, "border_opacity": null, "border_wellknown": "horizline", "fill_type": "color", "fill_color": "#b45f06", "fill_opacity": 1, "fill_wellknown": "horizline", "fill_shape_color": null, "fill_shape_width": null, "fill_shape_size": null, "fill_img_url": null, "marker_img_url": null}},{"type": "Feature", "id": "layer_data_map.fid--27e80436_1a098b908f8_7f45", "geometry": {"type": "Point", "coordinates": [106.91758971, 47.91990376]}, "geometry_name": "geom", "properties": {"guid": 3965, "id": 3965, "object_no": null, "object_name": null, "layer_type_id": 211, "valid_to": null, "address_no": null, "border_type": "solid", "border_width": null, "border_color": null, "border_opacity": null, "border_wellknown": "horizline", "fill_type": "color", "fill_color": "#b45f06", "fill_opacity": 1, "fill_wellknown": "horizline", "fill_shape_color": null, "fill_shape_width": null, "fill_shape_size": null, "fill_img_url": null, "marker_img_url": null}},{"type": "Feature", "id": "layer_data_map.fid--27e80436_1a098b908f8_7f46", "geometry": {"type": "Point", "coordinates": [106.91812252, 47.9200627]}, "geometry_name": "geom", "properties": {"guid": 3966, "id": 3966, "object_no": null, "object_name": null, "layer_type_id": 211, "valid_to": null, "address_no": null, "border_type": "solid", "border_width": null, "border_color": null, "border_opacity": null, "border_wellknown": "horizline", "fill_type": "color", "fill_color": "#b45f06", "fill_opacity": 1, "fill_wellknown": "horizline", "fill_shape_color": null, "fill_shape_width": null, "fill_shape_size": null, "fill_img_url": null, "marker_img_url": null}},{"type": "Feature", "id": "layer_data_map.fid--27e80436_1a098b908f8_7f47", "geometry": {"type": "Point", "coordinates": [106.91706819, 47.9215886]}, "geometry_name": "geom", "properties": {"guid": 3967, "id": 3967, "object_no": null, "object_name": null, "layer_type_id": 211, "valid_to": null, "address_no": null, "border_type": "solid", "border_width": null, "border_color": null, "border_opacity": null, "border_wellknown": "horizline", "fill_type": "color", "fill_color": "#b45f06", "fill_opacity": 1, "fill_wellknown": "horizline", "fill_shape_color": null, "fill_shape_width": null, "fill_shape_size": null, "fill_img_url": null, "marker_img_url": null}},{"type": "Feature", "id": "layer_data_map.fid--27e80436_1a098b908f8_7f48", "geometry": {"type": "Point", "coordinates": [106.90657103, 47.91547729]}, "geometry_name": "geom", "properties": {"guid": 3968, "id": 3968, "object_no": null, "object_name": null, "layer_type_id": 211, "valid_to": null, "address_no": null, "border_type": "solid", "border_width": null, "border_color": null, "border_opacity": null, "border_wellknown": "horizline", "fill_type": "color", "fill_color": "#b45f06", "fill_opacity": 1, "fill_wellknown": "horizline", "fill_shape_color": null, "fill_shape_width": null, "fill_shape_size": null, "fill_img_url": null, "marker_img_url": null}},{"type": "Feature", "id": "layer_data_map.fid--27e80436_1a098b908f8_7f49", "geometry": {"type": "Point", "coordinates": [106.90663658, 47.9150018]}, "geometry_name": "geom", "properties": {"guid": 3969, "id": 3969, "object_no": null, "object_name": null, "layer_type_id": 211, "valid_to": null, "address_no": null, "border_type": "solid", "border_width": null, "border_color": null, "border_opacity": null, "border_wellknown": "horizline", "fill_type": "color", "fill_color": "#b45f06", "fill_opacity": 1, "fill_wellknown": "horizline", "fill_shape_color": null, "fill_shape_width": null, "fill_shape_size": null, "fill_img_url": null, "marker_img_url": null}},{"type": "Feature", "id": "layer_data_map.fid--27e80436_1a098b908f8_7f4a", "geometry": {"type": "Point", "coordinates": [106.90685931, 47.91405367]}, "geometry_name": "geom", "properties": {"guid": 3970, "id": 3970, "object_no": null, "object_name": null, "layer_type_id": 211, "valid_to": null, "address_no": null, "border_type": "solid", "border_width": null, "border_color": null, "border_opacity": null, "border_wellknown": "horizline", "fill_type": "color", "fill_color": "#b45f06", "fill_opacity": 1, "fill_wellknown": "horizline", "fill_shape_color": null, "fill_shape_width": null, "fill_shape_size": null, "fill_img_url": null, "marker_img_url": null}},{"type": "Feature", "id": "layer_data_map.fid--27e80436_1a098b908f8_7f4b", "geometry": {"type": "Point", "coordinates": [106.90675469, 47.91445691]}, "geometry_name": "geom", "properties": {"guid": 3971, "id": 3971, "object_no": null, "object_name": null, "layer_type_id": 211, "valid_to": null, "address_no": null, "border_type": "solid", "border_width": null, "border_color": null, "border_opacity": null, "border_wellknown": "horizline", "fill_type": "color", "fill_color": "#b45f06", "fill_opacity": 1, "fill_wellknown": "horizline", "fill_shape_color": null, "fill_shape_width": null, "fill_shape_size": null, "fill_img_url": null, "marker_img_url": null}},{"type": "Feature", "id": "layer_data_map.fid--27e80436_1a098b908f8_7f4c", "geometry": {"type": "Point", "coordinates": [106.9069293, 47.91352052]}, "geometry_name": "geom", "properties": {"guid": 3972, "id": 3972, "object_no": null, "object_name": null, "layer_type_id": 211, "valid_to": null, "address_no": null, "border_type": "solid", "border_width": null, "border_color": null, "border_opacity": null, "border_wellknown": "horizline", "fill_type": "color", "fill_color": "#b45f06", "fill_opacity": 1, "fill_wellknown": "horizline", "fill_shape_color": null, "fill_shape_width": null, "fill_shape_size": null, "fill_img_url": null, "marker_img_url": null}},{"type": "Feature", "id": "layer_data_map.fid--27e80436_1a098b908f8_7f4d", "geometry": {"type": "Point", "coordinates": [106.9057063, 47.91314937]}, "geometry_name": "geom", "properties": {"guid": 3973, "id": 3973, "object_no": null, "object_name": null, "layer_type_id": 211, "valid_to": null, "address_no": null, "border_type": "solid", "border_width": null, "border_color": null, "border_opacity": null, "border_wellknown": "horizline", "fill_type": "color", "fill_color": "#b45f06", "fill_opacity": 1, "fill_wellknown": "horizline", "fill_shape_color": null, "fill_shape_width": null, "fill_shape_size": null, "fill_img_url": null, "marker_img_url": null}},{"type": "Feature", "id": "layer_data_map.fid--27e80436_1a098b908f8_7f4e", "geometry": {"type": "Point", "coordinates": [106.9080018, 47.91345251]}, "geometry_name": "geom", "properties": {"guid": 3974, "id": 3974, "object_no": null, "object_name": null, "layer_type_id": 211, "valid_to": null, "address_no": null, "border_type": "solid", "border_width": null, "border_color": null, "border_opacity": null, "border_wellknown": "horizline", "fill_type": "color", "fill_color": "#b45f06", "fill_opacity": 1, "fill_wellknown": "horizline", "fill_shape_color": null, "fill_shape_width": null, "fill_shape_size": null, "fill_img_url": null, "marker_img_url": null}},{"type": "Feature", "id": "layer_data_map.fid--27e80436_1a098b908f8_7f4f", "geometry": {"type": "Point", "coordinates": [106.91505421, 47.91542748]}, "geometry_name": "geom", "properties": {"guid": 3975, "id": 3975, "object_no": null, "object_name": null, "layer_type_id": 211, "valid_to": null, "address_no": null, "border_type": "solid", "border_width": null, "border_color": null, "border_opacity": null, "border_wellknown": "horizline", "fill_type": "color", "fill_color": "#b45f06", "fill_opacity": 1, "fill_wellknown": "horizline", "fill_shape_color": null, "fill_shape_width": null, "fill_shape_size": null, "fill_img_url": null, "marker_img_url": null}},{"type": "Feature", "id": "layer_data_map.fid--27e80436_1a098b908f8_7f50", "geometry": {"type": "Point", "coordinates": [106.91591592, 47.91485756]}, "geometry_name": "geom", "properties": {"guid": 3976, "id": 3976, "object_no": null, "object_name": null, "layer_type_id": 211, "valid_to": null, "address_no": null, "border_type": "solid", "border_width": null, "border_color": null, "border_opacity": null, "border_wellknown": "horizline", "fill_type": "color", "fill_color": "#b45f06", "fill_opacity": 1, "fill_wellknown": "horizline", "fill_shape_color": null, "fill_shape_width": null, "fill_shape_size": null, "fill_img_url": null, "marker_img_url": null}},{"type": "Feature", "id": "layer_data_map.fid--27e80436_1a098b908f8_7f51", "geometry": {"type": "Point", "coordinates": [106.9157951, 47.91656114]}, "geometry_name": "geom", "properties": {"guid": 3977, "id": 3977, "object_no": null, "object_name": null, "layer_type_id": 211, "valid_to": null, "address_no": null, "border_type": "solid", "border_width": null, "border_color": null, "border_opacity": null, "border_wellknown": "horizline", "fill_type": "color", "fill_color": "#b45f06", "fill_opacity": 1, "fill_wellknown": "horizline", "fill_shape_color": null, "fill_shape_width": null, "fill_shape_size": null, "fill_img_url": null, "marker_img_url": null}},{"type": "Feature", "id": "layer_data_map.fid--27e80436_1a098b908f8_7f52", "geometry": {"type": "Point", "coordinates": [106.91466266, 47.9127599]}, "geometry_name": "geom", "properties": {"guid": 3978, "id": 3978, "object_no": null, "object_name": null, "layer_type_id": 211, "valid_to": null, "address_no": null, "border_type": "solid", "border_width": null, "border_color": null, "border_opacity": null, "border_wellknown": "horizline", "fill_type": "color", "fill_color": "#b45f06", "fill_opacity": 1, "fill_wellknown": "horizline", "fill_shape_color": null, "fill_shape_width": null, "fill_shape_size": null, "fill_img_url": null, "marker_img_url": null}},{"type": "Feature", "id": "layer_data_map.fid--27e80436_1a098b908f8_7f53", "geometry": {"type": "Point", "coordinates": [106.92019609, 47.91404304]}, "geometry_name": "geom", "properties": {"guid": 3979, "id": 3979, "object_no": null, "object_name": null, "layer_type_id": 211, "valid_to": null, "address_no": null, "border_type": "solid", "border_width": null, "border_color": null, "border_opacity": null, "border_wellknown": "horizline", "fill_type": "color", "fill_color": "#b45f06", "fill_opacity": 1, "fill_wellknown": "horizline", "fill_shape_color": null, "fill_shape_width": null, "fill_shape_size": null, "fill_img_url": null, "marker_img_url": null}},{"type": "Feature", "id": "layer_data_map.fid--27e80436_1a098b908f8_7f54", "geometry": {"type": "Point", "coordinates": [106.81373445, 47.92223455]}, "geometry_name": "geom", "properties": {"guid": 3980, "id": 3980, "object_no": null, "object_name": null, "layer_type_id": 211, "valid_to": null, "address_no": null, "border_type": "solid", "border_width": null, "border_color": null, "border_opacity": null, "border_wellknown": "horizline", "fill_type": "color", "fill_color": "#b45f06", "fill_opacity": 1, "fill_wellknown": "horizline", "fill_shape_color": null, "fill_shape_width": null, "fill_shape_size": null, "fill_img_url": null, "marker_img_url": null}},{"type": "Feature", "id": "layer_data_map.fid--27e80436_1a098b908f8_7f55", "geometry": {"type": "Point", "coordinates": [106.74206308, 47.91382234]}, "geometry_name": "geom", "properties": {"guid": 3981, "id": 3981, "object_no": null, "object_name": null, "layer_type_id": 211, "valid_to": null, "address_no": null, "border_type": "solid", "border_width": null, "border_color": null, "border_opacity": null, "border_wellknown": "horizline", "fill_type": "color", "fill_color": "#b45f06", "fill_opacity": 1, "fill_wellknown": "horizline", "fill_shape_color": null, "fill_shape_width": null, "fill_shape_size": null, "fill_img_url": null, "marker_img_url": null}},{"type": "Feature", "id": "layer_data_map.fid--27e80436_1a098b908f8_7f56", "geometry": {"type": "Point", "coordinates": [106.72924928, 48.0170141]}, "geometry_name": "geom", "properties": {"guid": 3982, "id": 3982, "object_no": null, "object_name": null, "layer_type_id": 211, "valid_to": null, "address_no": null, "border_type": "solid", "border_width": null, "border_color": null, "border_opacity": null, "border_wellknown": "horizline", "fill_type": "color", "fill_color": "#b45f06", "fill_opacity": 1, "fill_wellknown": "horizline", "fill_shape_color": null, "fill_shape_width": null, "fill_shape_size": null, "fill_img_url": null, "marker_img_url": null}},{"type": "Feature", "id": "layer_data_map.fid--27e80436_1a098b908f8_7f57", "geometry": {"type": "Point", "coordinates": [106.64794444, 48.12225]}, "geometry_name": "geom", "properties": {"guid": 3983, "id": 3983, "object_no": null, "object_name": null, "layer_type_id": 211, "valid_to": null, "address_no": null, "border_type": "solid", "border_width": null, "border_color": null, "border_opacity": null, "border_wellknown": "horizline", "fill_type": "color", "fill_color": "#b45f06", "fill_opacity": 1, "fill_wellknown": "horizline", "fill_shape_color": null, "fill_shape_width": null, "fill_shape_size": null, "fill_img_url": null, "marker_img_url": null}},{"type": "Feature", "id": "layer_data_map.fid--27e80436_1a098b908f8_7f58", "geometry": {"type": "Point", "coordinates": [106.81867002, 47.91043695]}, "geometry_name": "geom", "properties": {"guid": 3984, "id": 3984, "object_no": null, "object_name": null, "layer_type_id": 211, "valid_to": null, "address_no": null, "border_type": "solid", "border_width": null, "border_color": null, "border_opacity": null, "border_wellknown": "horizline", "fill_type": "color", "fill_color": "#b45f06", "fill_opacity": 1, "fill_wellknown": "horizline", "fill_shape_color": null, "fill_shape_width": null, "fill_shape_size": null, "fill_img_url": null, "marker_img_url": null}},{"type": "Feature", "id": "layer_data_map.fid--27e80436_1a098b908f8_7f59", "geometry": {"type": "Point", "coordinates": [106.83786276, 47.91171071]}, "geometry_name": "geom", "properties": {"guid": 3985, "id": 3985, "object_no": null, "object_name": null, "layer_type_id": 211, "valid_to": null, "address_no": null, "border_type": "solid", "border_width": null, "border_color": null, "border_opacity": null, "border_wellknown": "horizline", "fill_type": "color", "fill_color": "#b45f06", "fill_opacity": 1, "fill_wellknown": "horizline", "fill_shape_color": null, "fill_shape_width": null, "fill_shape_size": null, "fill_img_url": null, "marker_img_url": null}},{"type": "Feature", "id": "layer_data_map.fid--27e80436_1a098b908f8_7f5a", "geometry": {"type": "Point", "coordinates": [106.84439285, 47.91391424]}, "geometry_name": "geom", "properties": {"guid": 3986, "id": 3986, "object_no": null, "object_name": null, "layer_type_id": 211, "valid_to": null, "address_no": null, "border_type": "solid", "border_width": null, "border_color": null, "border_opacity": null, "border_wellknown": "horizline", "fill_type": "color", "fill_color": "#b45f06", "fill_opacity": 1, "fill_wellknown": "horizline", "fill_shape_color": null, "fill_shape_width": null, "fill_shape_size": null, "fill_img_url": null, "marker_img_url": null}},{"type": "Feature", "id": "layer_data_map.fid--27e80436_1a098b908f8_7f5b", "geometry": {"type": "Point", "coordinates": [106.74011111, 47.91155556]}, "geometry_name": "geom", "properties": {"guid": 3987, "id": 3987, "object_no": null, "object_name": null, "layer_type_id": 211, "valid_to": null, "address_no": null, "border_type": "solid", "border_width": null, "border_color": null, "border_opacity": null, "border_wellknown": "horizline", "fill_type": "color", "fill_color": "#b45f06", "fill_opacity": 1, "fill_wellknown": "horizline", "fill_shape_color": null, "fill_shape_width": null, "fill_shape_size": null, "fill_img_url": null, "marker_img_url": null}},{"type": "Feature", "id": "layer_data_map.fid--27e80436_1a098b908f8_7f5c", "geometry": {"type": "Point", "coordinates": [106.74525, 47.91408333]}, "geometry_name": "geom", "properties": {"guid": 3988, "id": 3988, "object_no": null, "object_name": null, "layer_type_id": 211, "valid_to": null, "address_no": null, "border_type": "solid", "border_width": null, "border_color": null, "border_opacity": null, "border_wellknown": "horizline", "fill_type": "color", "fill_color": "#b45f06", "fill_opacity": 1, "fill_wellknown": "horizline", "fill_shape_color": null, "fill_shape_width": null, "fill_shape_size": null, "fill_img_url": null, "marker_img_url": null}},{"type": "Feature", "id": "layer_data_map.fid--27e80436_1a098b908f8_7f5d", "geometry": {"type": "Point", "coordinates": [106.99323231, 48.06410941]}, "geometry_name": "geom", "properties": {"guid": 3989, "id": 3989, "object_no": null, "object_name": null, "layer_type_id": 211, "valid_to": null, "address_no": null, "border_type": "solid", "border_width": null, "border_color": null, "border_opacity": null, "border_wellknown": "horizline", "fill_type": "color", "fill_color": "#b45f06", "fill_opacity": 1, "fill_wellknown": "horizline", "fill_shape_color": null, "fill_shape_width": null, "fill_shape_size": null, "fill_img_url": null, "marker_img_url": null}},{"type": "Feature", "id": "layer_data_map.fid--27e80436_1a098b908f8_7f5e", "geometry": {"type": "Point", "coordinates": [106.99301366, 48.06391404]}, "geometry_name": "geom", "properties": {"guid": 3990, "id": 3990, "object_no": null, "object_name": null, "layer_type_id": 211, "valid_to": null, "address_no": null, "border_type": "solid", "border_width": null, "border_color": null, "border_opacity": null, "border_wellknown": "horizline", "fill_type": "color", "fill_color": "#b45f06", "fill_opacity": 1, "fill_wellknown": "horizline", "fill_shape_color": null, "fill_shape_width": null, "fill_shape_size": null, "fill_img_url": null, "marker_img_url": null}},{"type": "Feature", "id": "layer_data_map.fid--27e80436_1a098b908f8_7f5f", "geometry": {"type": "Point", "coordinates": [106.99267724, 48.06411118]}, "geometry_name": "geom", "properties": {"guid": 3991, "id": 3991, "object_no": null, "object_name": null, "layer_type_id": 211, "valid_to": null, "address_no": null, "border_type": "solid", "border_width": null, "border_color": null, "border_opacity": null, "border_wellknown": "horizline", "fill_type": "color", "fill_color": "#b45f06", "fill_opacity": 1, "fill_wellknown": "horizline", "fill_shape_color": null, "fill_shape_width": null, "fill_shape_size": null, "fill_img_url": null, "marker_img_url": null}},{"type": "Feature", "id": "layer_data_map.fid--27e80436_1a098b908f8_7f60", "geometry": {"type": "Point", "coordinates": [106.99234991, 48.06424002]}, "geometry_name": "geom", "properties": {"guid": 3992, "id": 3992, "object_no": null, "object_name": null, "layer_type_id": 211, "valid_to": null, "address_no": null, "border_type": "solid", "border_width": null, "border_color": null, "border_opacity": null, "border_wellknown": "horizline", "fill_type": "color", "fill_color": "#b45f06", "fill_opacity": 1, "fill_wellknown": "horizline", "fill_shape_color": null, "fill_shape_width": null, "fill_shape_size": null, "fill_img_url": null, "marker_img_url": null}},{"type": "Feature", "id": "layer_data_map.fid--27e80436_1a098b908f8_7f61", "geometry": {"type": "Point", "coordinates": [106.99206405, 48.06432883]}, "geometry_name": "geom", "properties": {"guid": 3993, "id": 3993, "object_no": null, "object_name": null, "layer_type_id": 211, "valid_to": null, "address_no": null, "border_type": "solid", "border_width": null, "border_color": null, "border_opacity": null, "border_wellknown": "horizline", "fill_type": "color", "fill_color": "#b45f06", "fill_opacity": 1, "fill_wellknown": "horizline", "fill_shape_color": null, "fill_shape_width": null, "fill_shape_size": null, "fill_img_url": null, "marker_img_url": null}},{"type": "Feature", "id": "layer_data_map.fid--27e80436_1a098b908f8_7f62", "geometry": {"type": "Point", "coordinates": [106.99235201, 48.06449679]}, "geometry_name": "geom", "properties": {"guid": 3994, "id": 3994, "object_no": null, "object_name": null, "layer_type_id": 211, "valid_to": null, "address_no": null, "border_type": "solid", "border_width": null, "border_color": null, "border_opacity": null, "border_wellknown": "horizline", "fill_type": "color", "fill_color": "#b45f06", "fill_opacity": 1, "fill_wellknown": "horizline", "fill_shape_color": null, "fill_shape_width": null, "fill_shape_size": null, "fill_img_url": null, "marker_img_url": null}},{"type": "Feature", "id": "layer_data_map.fid--27e80436_1a098b908f8_7f63", "geometry": {"type": "Point", "coordinates": [106.99267166, 48.06447291]}, "geometry_name": "geom", "properties": {"guid": 3995, "id": 3995, "object_no": null, "object_name": null, "layer_type_id": 211, "valid_to": null, "address_no": null, "border_type": "solid", "border_width": null, "border_color": null, "border_opacity": null, "border_wellknown": "horizline", "fill_type": "color", "fill_color": "#b45f06", "fill_opacity": 1, "fill_wellknown": "horizline", "fill_shape_color": null, "fill_shape_width": null, "fill_shape_size": null, "fill_img_url": null, "marker_img_url": null}},{"type": "Feature", "id": "layer_data_map.fid--27e80436_1a098b908f8_7f64", "geometry": {"type": "Point", "coordinates": [106.90944526, 47.91425611]}, "geometry_name": "geom", "properties": {"guid": 3996, "id": 3996, "object_no": null, "object_name": null, "layer_type_id": 211, "valid_to": null, "address_no": null, "border_type": "solid", "border_width": null, "border_color": null, "border_opacity": null, "border_wellknown": "horizline", "fill_type": "color", "fill_color": "#b45f06", "fill_opacity": 1, "fill_wellknown": "horizline", "fill_shape_color": null, "fill_shape_width": null, "fill_shape_size": null, "fill_img_url": null, "marker_img_url": null}},{"type": "Feature", "id": "layer_data_map.fid--27e80436_1a098b908f8_7f65", "geometry": {"type": "Point", "coordinates": [106.91137173, 47.91723235]}, "geometry_name": "geom", "properties": {"guid": 3997, "id": 3997, "object_no": null, "object_name": null, "layer_type_id": 211, "valid_to": null, "address_no": null, "border_type": "solid", "border_width": null, "border_color": null, "border_opacity": null, "border_wellknown": "horizline", "fill_type": "color", "fill_color": "#b45f06", "fill_opacity": 1, "fill_wellknown": "horizline", "fill_shape_color": null, "fill_shape_width": null, "fill_shape_size": null, "fill_img_url": null, "marker_img_url": null}},{"type": "Feature", "id": "layer_data_map.fid--27e80436_1a098b908f8_7f66", "geometry": {"type": "Point", "coordinates": [106.90896733, 47.92124719]}, "geometry_name": "geom", "properties": {"guid": 3998, "id": 3998, "object_no": null, "object_name": null, "layer_type_id": 211, "valid_to": null, "address_no": null, "border_type": "solid", "border_width": null, "border_color": null, "border_opacity": null, "border_wellknown": "horizline", "fill_type": "color", "fill_color": "#b45f06", "fill_opacity": 1, "fill_wellknown": "horizline", "fill_shape_color": null, "fill_shape_width": null, "fill_shape_size": null, "fill_img_url": null, "marker_img_url": null}},{"type": "Feature", "id": "layer_data_map.fid--27e80436_1a098b908f8_7f67", "geometry": {"type": "Point", "coordinates": [106.9162934, 47.91190754]}, "geometry_name": "geom", "properties": {"guid": 3999, "id": 3999, "object_no": null, "object_name": null, "layer_type_id": 211, "valid_to": null, "address_no": null, "border_type": "solid", "border_width": null, "border_color": null, "border_opacity": null, "border_wellknown": "horizline", "fill_type": "color", "fill_color": "#b45f06", "fill_opacity": 1, "fill_wellknown": "horizline", "fill_shape_color": null, "fill_shape_width": null, "fill_shape_size": null, "fill_img_url": null, "marker_img_url": null}},{"type": "Feature", "id": "layer_data_map.fid--27e80436_1a098b908f8_7f68", "geometry": {"type": "Point", "coordinates": [106.90840292, 47.91752333]}, "geometry_name": "geom", "properties": {"guid": 4000, "id": 4000, "object_no": null, "object_name": null, "layer_type_id": 211, "valid_to": null, "address_no": null, "border_type": "solid", "border_width": null, "border_color": null, "border_opacity": null, "border_wellknown": "horizline", "fill_type": "color", "fill_color": "#b45f06", "fill_opacity": 1, "fill_wellknown": "horizline", "fill_shape_color": null, "fill_shape_width": null, "fill_shape_size": null, "fill_img_url": null, "marker_img_url": null}},{"type": "Feature", "id": "layer_data_map.fid--27e80436_1a098b908f8_7f69", "geometry": {"type": "Point", "coordinates": [106.90832123, 47.9160778]}, "geometry_name": "geom", "properties": {"guid": 4001, "id": 4001, "object_no": null, "object_name": null, "layer_type_id": 211, "valid_to": null, "address_no": null, "border_type": "solid", "border_width": null, "border_color": null, "border_opacity": null, "border_wellknown": "horizline", "fill_type": "color", "fill_color": "#b45f06", "fill_opacity": 1, "fill_wellknown": "horizline", "fill_shape_color": null, "fill_shape_width": null, "fill_shape_size": null, "fill_img_url": null, "marker_img_url": null}},{"type": "Feature", "id": "layer_data_map.fid--27e80436_1a098b908f8_7f6a", "geometry": {"type": "Point", "coordinates": [106.89047635, 47.92712097]}, "geometry_name": "geom", "properties": {"guid": 4002, "id": 4002, "object_no": null, "object_name": null, "layer_type_id": 211, "valid_to": null, "address_no": null, "border_type": "solid", "border_width": null, "border_color": null, "border_opacity": null, "border_wellknown": "horizline", "fill_type": "color", "fill_color": "#b45f06", "fill_opacity": 1, "fill_wellknown": "horizline", "fill_shape_color": null, "fill_shape_width": null, "fill_shape_size": null, "fill_img_url": null, "marker_img_url": null}},{"type": "Feature", "id": "layer_data_map.fid--27e80436_1a098b908f8_7f6b", "geometry": {"type": "Point", "coordinates": [106.93871837, 47.91810701]}, "geometry_name": "geom", "properties": {"guid": 4003, "id": 4003, "object_no": null, "object_name": null, "layer_type_id": 211, "valid_to": null, "address_no": null, "border_type": "solid", "border_width": null, "border_color": null, "border_opacity": null, "border_wellknown": "horizline", "fill_type": "color", "fill_color": "#b45f06", "fill_opacity": 1, "fill_wellknown": "horizline", "fill_shape_color": null, "fill_shape_width": null, "fill_shape_size": null, "fill_img_url": null, "marker_img_url": null}},{"type": "Feature", "id": "layer_data_map.fid--27e80436_1a098b908f8_7f6c", "geometry": {"type": "Point", "coordinates": [106.90214469, 47.91693317]}, "geometry_name": "geom", "properties": {"guid": 4004, "id": 4004, "object_no": null, "object_name": null, "layer_type_id": 211, "valid_to": null, "address_no": null, "border_type": "solid", "border_width": null, "border_color": null, "border_opacity": null, "border_wellknown": "horizline", "fill_type": "color", "fill_color": "#b45f06", "fill_opacity": 1, "fill_wellknown": "horizline", "fill_shape_color": null, "fill_shape_width": null, "fill_shape_size": null, "fill_img_url": null, "marker_img_url": null}},{"type": "Feature", "id": "layer_data_map.fid--27e80436_1a098b908f8_7f6d", "geometry": {"type": "Point", "coordinates": [106.90295258, 47.91560101]}, "geometry_name": "geom", "properties": {"guid": 4005, "id": 4005, "object_no": null, "object_name": null, "layer_type_id": 211, "valid_to": null, "address_no": null, "border_type": "solid", "border_width": null, "border_color": null, "border_opacity": null, "border_wellknown": "horizline", "fill_type": "color", "fill_color": "#b45f06", "fill_opacity": 1, "fill_wellknown": "horizline", "fill_shape_color": null, "fill_shape_width": null, "fill_shape_size": null, "fill_img_url": null, "marker_img_url": null}},{"type": "Feature", "id": "layer_data_map.fid--27e80436_1a098b908f8_7f6e", "geometry": {"type": "Point", "coordinates": [106.91492883, 47.92394286]}, "geometry_name": "geom", "properties": {"guid": 4006, "id": 4006, "object_no": null, "object_name": null, "layer_type_id": 211, "valid_to": null, "address_no": null, "border_type": "solid", "border_width": null, "border_color": null, "border_opacity": null, "border_wellknown": "horizline", "fill_type": "color", "fill_color": "#b45f06", "fill_opacity": 1, "fill_wellknown": "horizline", "fill_shape_color": null, "fill_shape_width": null, "fill_shape_size": null, "fill_img_url": null, "marker_img_url": null}},{"type": "Feature", "id": "layer_data_map.fid--27e80436_1a098b908f8_7f6f", "geometry": {"type": "Point", "coordinates": [106.90911454, 47.88565341]}, "geometry_name": "geom", "properties": {"guid": 4007, "id": 4007, "object_no": null, "object_name": null, "layer_type_id": 211, "valid_to": null, "address_no": null, "border_type": "solid", "border_width": null, "border_color": null, "border_opacity": null, "border_wellknown": "horizline", "fill_type": "color", "fill_color": "#b45f06", "fill_opacity": 1, "fill_wellknown": "horizline", "fill_shape_color": null, "fill_shape_width": null, "fill_shape_size": null, "fill_img_url": null, "marker_img_url": null}},{"type": "Feature", "id": "layer_data_map.fid--27e80436_1a098b908f8_7f70", "geometry": {"type": "Point", "coordinates": [106.97255433, 47.91765405]}, "geometry_name": "geom", "properties": {"guid": 4008, "id": 4008, "object_no": null, "object_name": null, "layer_type_id": 211, "valid_to": null, "address_no": null, "border_type": "solid", "border_width": null, "border_color": null, "border_opacity": null, "border_wellknown": "horizline", "fill_type": "color", "fill_color": "#b45f06", "fill_opacity": 1, "fill_wellknown": "horizline", "fill_shape_color": null, "fill_shape_width": null, "fill_shape_size": null, "fill_img_url": null, "marker_img_url": null}},{"type": "Feature", "id": "layer_data_map.fid--27e80436_1a098b908f8_7f71", "geometry": {"type": "Point", "coordinates": [106.94876173, 47.91938237]}, "geometry_name": "geom", "properties": {"guid": 4009, "id": 4009, "object_no": null, "object_name": null, "layer_type_id": 211, "valid_to": null, "address_no": null, "border_type": "solid", "border_width": null, "border_color": null, "border_opacity": null, "border_wellknown": "horizline", "fill_type": "color", "fill_color": "#b45f06", "fill_opacity": 1, "fill_wellknown": "horizline", "fill_shape_color": null, "fill_shape_width": null, "fill_shape_size": null, "fill_img_url": null, "marker_img_url": null}},{"type": "Feature", "id": "layer_data_map.fid--27e80436_1a098b908f8_7f72", "geometry": {"type": "Point", "coordinates": [106.91610152, 47.91468151]}, "geometry_name": "geom", "properties": {"guid": 4010, "id": 4010, "object_no": null, "object_name": null, "layer_type_id": 211, "valid_to": null, "address_no": null, "border_type": "solid", "border_width": null, "border_color": null, "border_opacity": null, "border_wellknown": "horizline", "fill_type": "color", "fill_color": "#b45f06", "fill_opacity": 1, "fill_wellknown": "horizline", "fill_shape_color": null, "fill_shape_width": null, "fill_shape_size": null, "fill_img_url": null, "marker_img_url": null}},{"type": "Feature", "id": "layer_data_map.fid--27e80436_1a098b908f8_7f73", "geometry": {"type": "Point", "coordinates": [106.91376042, 47.91435552]}, "geometry_name": "geom", "properties": {"guid": 4011, "id": 4011, "object_no": null, "object_name": null, "layer_type_id": 211, "valid_to": null, "address_no": null, "border_type": "solid", "border_width": null, "border_color": null, "border_opacity": null, "border_wellknown": "horizline", "fill_type": "color", "fill_color": "#b45f06", "fill_opacity": 1, "fill_wellknown": "horizline", "fill_shape_color": null, "fill_shape_width": null, "fill_shape_size": null, "fill_img_url": null, "marker_img_url": null}},{"type": "Feature", "id": "layer_data_map.fid--27e80436_1a098b908f8_7f74", "geometry": {"type": "Point", "coordinates": [106.91936313, 47.92437289]}, "geometry_name": "geom", "properties": {"guid": 4012, "id": 4012, "object_no": null, "object_name": null, "layer_type_id": 211, "valid_to": null, "address_no": null, "border_type": "solid", "border_width": null, "border_color": null, "border_opacity": null, "border_wellknown": "horizline", "fill_type": "color", "fill_color": "#b45f06", "fill_opacity": 1, "fill_wellknown": "horizline", "fill_shape_color": null, "fill_shape_width": null, "fill_shape_size": null, "fill_img_url": null, "marker_img_url": null}},{"type": "Feature", "id": "layer_data_map.fid--27e80436_1a098b908f8_7f75", "geometry": {"type": "Point", "coordinates": [106.90748838, 47.91653184]}, "geometry_name": "geom", "properties": {"guid": 4013, "id": 4013, "object_no": null, "object_name": null, "layer_type_id": 211, "valid_to": null, "address_no": null, "border_type": "solid", "border_width": null, "border_color": null, "border_opacity": null, "border_wellknown": "horizline", "fill_type": "color", "fill_color": "#b45f06", "fill_opacity": 1, "fill_wellknown": "horizline", "fill_shape_color": null, "fill_shape_width": null, "fill_shape_size": null, "fill_img_url": null, "marker_img_url": null}},{"type": "Feature", "id": "layer_data_map.fid--27e80436_1a098b908f8_7f76", "geometry": {"type": "Point", "coordinates": [106.89541382, 47.90301432]}, "geometry_name": "geom", "properties": {"guid": 4014, "id": 4014, "object_no": null, "object_name": null, "layer_type_id": 211, "valid_to": null, "address_no": null, "border_type": "solid", "border_width": null, "border_color": null, "border_opacity": null, "border_wellknown": "horizline", "fill_type": "color", "fill_color": "#b45f06", "fill_opacity": 1, "fill_wellknown": "horizline", "fill_shape_color": null, "fill_shape_width": null, "fill_shape_size": null, "fill_img_url": null, "marker_img_url": null}},{"type": "Feature", "id": "layer_data_map.fid--27e80436_1a098b908f8_7f77", "geometry": {"type": "Point", "coordinates": [106.88200407, 47.92608602]}, "geometry_name": "geom", "properties": {"guid": 4015, "id": 4015, "object_no": null, "object_name": null, "layer_type_id": 211, "valid_to": null, "address_no": null, "border_type": "solid", "border_width": null, "border_color": null, "border_opacity": null, "border_wellknown": "horizline", "fill_type": "color", "fill_color": "#b45f06", "fill_opacity": 1, "fill_wellknown": "horizline", "fill_shape_color": null, "fill_shape_width": null, "fill_shape_size": null, "fill_img_url": null, "marker_img_url": null}},{"type": "Feature", "id": "layer_data_map.fid--27e80436_1a098b908f8_7f78", "geometry": {"type": "Point", "coordinates": [106.93944318, 47.92718704]}, "geometry_name": "geom", "properties": {"guid": 4016, "id": 4016, "object_no": null, "object_name": null, "layer_type_id": 211, "valid_to": null, "address_no": null, "border_type": "solid", "border_width": null, "border_color": null, "border_opacity": null, "border_wellknown": "horizline", "fill_type": "color", "fill_color": "#b45f06", "fill_opacity": 1, "fill_wellknown": "horizline", "fill_shape_color": null, "fill_shape_width": null, "fill_shape_size": null, "fill_img_url": null, "marker_img_url": null}},{"type": "Feature", "id": "layer_data_map.fid--27e80436_1a098b908f8_7f79", "geometry": {"type": "Point", "coordinates": [106.9115953, 47.9248607]}, "geometry_name": "geom", "properties": {"guid": 4017, "id": 4017, "object_no": null, "object_name": null, "layer_type_id": 211, "valid_to": null, "address_no": null, "border_type": "solid", "border_width": null, "border_color": null, "border_opacity": null, "border_wellknown": "horizline", "fill_type": "color", "fill_color": "#b45f06", "fill_opacity": 1, "fill_wellknown": "horizline", "fill_shape_color": null, "fill_shape_width": null, "fill_shape_size": null, "fill_img_url": null, "marker_img_url": null}},{"type": "Feature", "id": "layer_data_map.fid--27e80436_1a098b908f8_7f7a", "geometry": {"type": "Point", "coordinates": [106.90703905, 47.90394841]}, "geometry_name": "geom", "properties": {"guid": 4018, "id": 4018, "object_no": null, "object_name": null, "layer_type_id": 211, "valid_to": null, "address_no": null, "border_type": "solid", "border_width": null, "border_color": null, "border_opacity": null, "border_wellknown": "horizline", "fill_type": "color", "fill_color": "#b45f06", "fill_opacity": 1, "fill_wellknown": "horizline", "fill_shape_color": null, "fill_shape_width": null, "fill_shape_size": null, "fill_img_url": null, "marker_img_url": null}},{"type": "Feature", "id": "layer_data_map.fid--27e80436_1a098b908f8_7f7b", "geometry": {"type": "Point", "coordinates": [106.87617282, 47.91981708]}, "geometry_name": "geom", "properties": {"guid": 4019, "id": 4019, "object_no": null, "object_name": null, "layer_type_id": 211, "valid_to": null, "address_no": null, "border_type": "solid", "border_width": null, "border_color": null, "border_opacity": null, "border_wellknown": "horizline", "fill_type": "color", "fill_color": "#b45f06", "fill_opacity": 1, "fill_wellknown": "horizline", "fill_shape_color": null, "fill_shape_width": null, "fill_shape_size": null, "fill_img_url": null, "marker_img_url": null}},{"type": "Feature", "id": "layer_data_map.fid--27e80436_1a098b908f8_7f7c", "geometry": {"type": "Point", "coordinates": [106.90543062, 47.91676228]}, "geometry_name": "geom", "properties": {"guid": 4020, "id": 4020, "object_no": null, "object_name": null, "layer_type_id": 211, "valid_to": null, "address_no": null, "border_type": "solid", "border_width": null, "border_color": null, "border_opacity": null, "border_wellknown": "horizline", "fill_type": "color", "fill_color": "#b45f06", "fill_opacity": 1, "fill_wellknown": "horizline", "fill_shape_color": null, "fill_shape_width": null, "fill_shape_size": null, "fill_img_url": null, "marker_img_url": null}},{"type": "Feature", "id": "layer_data_map.fid--27e80436_1a098b908f8_7f7d", "geometry": {"type": "Point", "coordinates": [107.04385636, 47.87782291]}, "geometry_name": "geom", "properties": {"guid": 4021, "id": 4021, "object_no": null, "object_name": null, "layer_type_id": 211, "valid_to": null, "address_no": null, "border_type": "solid", "border_width": null, "border_color": null, "border_opacity": null, "border_wellknown": "horizline", "fill_type": "color", "fill_color": "#b45f06", "fill_opacity": 1, "fill_wellknown": "horizline", "fill_shape_color": null, "fill_shape_width": null, "fill_shape_size": null, "fill_img_url": null, "marker_img_url": null}},{"type": "Feature", "id": "layer_data_map.fid--27e80436_1a098b908f8_7f7e", "geometry": {"type": "Point", "coordinates": [106.90876122, 47.92780055]}, "geometry_name": "geom", "properties": {"guid": 4022, "id": 4022, "object_no": null, "object_name": null, "layer_type_id": 211, "valid_to": null, "address_no": null, "border_type": "solid", "border_width": null, "border_color": null, "border_opacity": null, "border_wellknown": "horizline", "fill_type": "color", "fill_color": "#b45f06", "fill_opacity": 1, "fill_wellknown": "horizline", "fill_shape_color": null, "fill_shape_width": null, "fill_shape_size": null, "fill_img_url": null, "marker_img_url": null}},{"type": "Feature", "id": "layer_data_map.fid--27e80436_1a098b908f8_7f7f", "geometry": {"type": "Point", "coordinates": [106.90660171, 47.91547255]}, "geometry_name": "geom", "properties": {"guid": 4023, "id": 4023, "object_no": null, "object_name": null, "layer_type_id": 211, "valid_to": null, "address_no": null, "border_type": "solid", "border_width": null, "border_color": null, "border_opacity": null, "border_wellknown": "horizline", "fill_type": "color", "fill_color": "#b45f06", "fill_opacity": 1, "fill_wellknown": "horizline", "fill_shape_color": null, "fill_shape_width": null, "fill_shape_size": null, "fill_img_url": null, "marker_img_url": null}},{"type": "Feature", "id": "layer_data_map.fid--27e80436_1a098b908f8_7f80", "geometry": {"type": "Point", "coordinates": [106.91222222, 47.91686111]}, "geometry_name": "geom", "properties": {"guid": 4024, "id": 4024, "object_no": null, "object_name": null, "layer_type_id": 211, "valid_to": null, "address_no": null, "border_type": "solid", "border_width": null, "border_color": null, "border_opacity": null, "border_wellknown": "horizline", "fill_type": "color", "fill_color": "#b45f06", "fill_opacity": 1, "fill_wellknown": "horizline", "fill_shape_color": null, "fill_shape_width": null, "fill_shape_size": null, "fill_img_url": null, "marker_img_url": null}},{"type": "Feature", "id": "layer_data_map.fid--27e80436_1a098b908f8_7f81", "geometry": {"type": "Point", "coordinates": [106.90743752, 47.91607387]}, "geometry_name": "geom", "properties": {"guid": 4025, "id": 4025, "object_no": null, "object_name": null, "layer_type_id": 211, "valid_to": null, "address_no": null, "border_type": "solid", "border_width": null, "border_color": null, "border_opacity": null, "border_wellknown": "horizline", "fill_type": "color", "fill_color": "#b45f06", "fill_opacity": 1, "fill_wellknown": "horizline", "fill_shape_color": null, "fill_shape_width": null, "fill_shape_size": null, "fill_img_url": null, "marker_img_url": null}},{"type": "Feature", "id": "layer_data_map.fid--27e80436_1a098b908f8_7f82", "geometry": {"type": "Point", "coordinates": [106.88144453, 47.92415757]}, "geometry_name": "geom", "properties": {"guid": 4026, "id": 4026, "object_no": null, "object_name": null, "layer_type_id": 211, "valid_to": null, "address_no": null, "border_type": "solid", "border_width": null, "border_color": null, "border_opacity": null, "border_wellknown": "horizline", "fill_type": "color", "fill_color": "#b45f06", "fill_opacity": 1, "fill_wellknown": "horizline", "fill_shape_color": null, "fill_shape_width": null, "fill_shape_size": null, "fill_img_url": null, "marker_img_url": null}},{"type": "Feature", "id": "layer_data_map.fid--27e80436_1a098b908f8_7f83", "geometry": {"type": "Point", "coordinates": [106.91533034, 47.92043193]}, "geometry_name": "geom", "properties": {"guid": 4027, "id": 4027, "object_no": null, "object_name": null, "layer_type_id": 211, "valid_to": null, "address_no": null, "border_type": "solid", "border_width": null, "border_color": null, "border_opacity": null, "border_wellknown": "horizline", "fill_type": "color", "fill_color": "#b45f06", "fill_opacity": 1, "fill_wellknown": "horizline", "fill_shape_color": null, "fill_shape_width": null, "fill_shape_size": null, "fill_img_url": null, "marker_img_url": null}},{"type": "Feature", "id": "layer_data_map.fid--27e80436_1a098b908f8_7f84", "geometry": {"type": "Point", "coordinates": [106.91608673, 47.91357726]}, "geometry_name": "geom", "properties": {"guid": 4028, "id": 4028, "object_no": null, "object_name": null, "layer_type_id": 211, "valid_to": null, "address_no": null, "border_type": "solid", "border_width": null, "border_color": null, "border_opacity": null, "border_wellknown": "horizline", "fill_type": "color", "fill_color": "#b45f06", "fill_opacity": 1, "fill_wellknown": "horizline", "fill_shape_color": null, "fill_shape_width": null, "fill_shape_size": null, "fill_img_url": null, "marker_img_url": null}},{"type": "Feature", "id": "layer_data_map.fid--27e80436_1a098b908f8_7f85", "geometry": {"type": "Point", "coordinates": [106.90378294, 47.92637128]}, "geometry_name": "geom", "properties": {"guid": 4029, "id": 4029, "object_no": null, "object_name": null, "layer_type_id": 211, "valid_to": null, "address_no": null, "border_type": "solid", "border_width": null, "border_color": null, "border_opacity": null, "border_wellknown": "horizline", "fill_type": "color", "fill_color": "#b45f06", "fill_opacity": 1, "fill_wellknown": "horizline", "fill_shape_color": null, "fill_shape_width": null, "fill_shape_size": null, "fill_img_url": null, "marker_img_url": null}},{"type": "Feature", "id": "layer_data_map.fid--27e80436_1a098b908f8_7f86", "geometry": {"type": "Point", "coordinates": [106.92007459, 47.91736527]}, "geometry_name": "geom", "properties": {"guid": 4030, "id": 4030, "object_no": null, "object_name": null, "layer_type_id": 211, "valid_to": null, "address_no": null, "border_type": "solid", "border_width": null, "border_color": null, "border_opacity": null, "border_wellknown": "horizline", "fill_type": "color", "fill_color": "#b45f06", "fill_opacity": 1, "fill_wellknown": "horizline", "fill_shape_color": null, "fill_shape_width": null, "fill_shape_size": null, "fill_img_url": null, "marker_img_url": null}},{"type": "Feature", "id": "layer_data_map.fid--27e80436_1a098b908f8_7f87", "geometry": {"type": "Point", "coordinates": [106.91075899, 47.92505425]}, "geometry_name": "geom", "properties": {"guid": 4031, "id": 4031, "object_no": null, "object_name": null, "layer_type_id": 211, "valid_to": null, "address_no": null, "border_type": "solid", "border_width": null, "border_color": null, "border_opacity": null, "border_wellknown": "horizline", "fill_type": "color", "fill_color": "#b45f06", "fill_opacity": 1, "fill_wellknown": "horizline", "fill_shape_color": null, "fill_shape_width": null, "fill_shape_size": null, "fill_img_url": null, "marker_img_url": null}},{"type": "Feature", "id": "layer_data_map.fid--27e80436_1a098b908f8_7f88", "geometry": {"type": "Point", "coordinates": [106.9103499, 47.91722153]}, "geometry_name": "geom", "properties": {"guid": 4032, "id": 4032, "object_no": null, "object_name": null, "layer_type_id": 211, "valid_to": null, "address_no": null, "border_type": "solid", "border_width": null, "border_color": null, "border_opacity": null, "border_wellknown": "horizline", "fill_type": "color", "fill_color": "#b45f06", "fill_opacity": 1, "fill_wellknown": "horizline", "fill_shape_color": null, "fill_shape_width": null, "fill_shape_size": null, "fill_img_url": null, "marker_img_url": null}},{"type": "Feature", "id": "layer_data_map.fid--27e80436_1a098b908f8_7f89", "geometry": {"type": "Point", "coordinates": [106.9385982, 47.92336683]}, "geometry_name": "geom", "properties": {"guid": 4033, "id": 4033, "object_no": null, "object_name": null, "layer_type_id": 211, "valid_to": null, "address_no": null, "border_type": "solid", "border_width": null, "border_color": null, "border_opacity": null, "border_wellknown": "horizline", "fill_type": "color", "fill_color": "#b45f06", "fill_opacity": 1, "fill_wellknown": "horizline", "fill_shape_color": null, "fill_shape_width": null, "fill_shape_size": null, "fill_img_url": null, "marker_img_url": null}},{"type": "Feature", "id": "layer_data_map.fid--27e80436_1a098b908f8_7f8a", "geometry": {"type": "Point", "coordinates": [106.92223343, 47.92228243]}, "geometry_name": "geom", "properties": {"guid": 4034, "id": 4034, "object_no": null, "object_name": null, "layer_type_id": 211, "valid_to": null, "address_no": null, "border_type": "solid", "border_width": null, "border_color": null, "border_opacity": null, "border_wellknown": "horizline", "fill_type": "color", "fill_color": "#b45f06", "fill_opacity": 1, "fill_wellknown": "horizline", "fill_shape_color": null, "fill_shape_width": null, "fill_shape_size": null, "fill_img_url": null, "marker_img_url": null}},{"type": "Feature", "id": "layer_data_map.fid--27e80436_1a098b908f8_7f8b", "geometry": {"type": "Point", "coordinates": [106.90947103, 47.92214455]}, "geometry_name": "geom", "properties": {"guid": 4035, "id": 4035, "object_no": null, "object_name": null, "layer_type_id": 211, "valid_to": null, "address_no": null, "border_type": "solid", "border_width": null, "border_color": null, "border_opacity": null, "border_wellknown": "horizline", "fill_type": "color", "fill_color": "#b45f06", "fill_opacity": 1, "fill_wellknown": "horizline", "fill_shape_color": null, "fill_shape_width": null, "fill_shape_size": null, "fill_img_url": null, "marker_img_url": null}},{"type": "Feature", "id": "layer_data_map.fid--27e80436_1a098b908f8_7f8c", "geometry": {"type": "Point", "coordinates": [106.90865061, 47.92212533]}, "geometry_name": "geom", "properties": {"guid": 4036, "id": 4036, "object_no": null, "object_name": null, "layer_type_id": 211, "valid_to": null, "address_no": null, "border_type": "solid", "border_width": null, "border_color": null, "border_opacity": null, "border_wellknown": "horizline", "fill_type": "color", "fill_color": "#b45f06", "fill_opacity": 1, "fill_wellknown": "horizline", "fill_shape_color": null, "fill_shape_width": null, "fill_shape_size": null, "fill_img_url": null, "marker_img_url": null}},{"type": "Feature", "id": "layer_data_map.fid--27e80436_1a098b908f8_7f8d", "geometry": {"type": "Point", "coordinates": [106.90934551, 47.92000878]}, "geometry_name": "geom", "properties": {"guid": 4037, "id": 4037, "object_no": null, "object_name": null, "layer_type_id": 211, "valid_to": null, "address_no": null, "border_type": "solid", "border_width": null, "border_color": null, "border_opacity": null, "border_wellknown": "horizline", "fill_type": "color", "fill_color": "#b45f06", "fill_opacity": 1, "fill_wellknown": "horizline", "fill_shape_color": null, "fill_shape_width": null, "fill_shape_size": null, "fill_img_url": null, "marker_img_url": null}},{"type": "Feature", "id": "layer_data_map.fid--27e80436_1a098b908f8_7f8e", "geometry": {"type": "Point", "coordinates": [106.92133333, 47.92563889]}, "geometry_name": "geom", "properties": {"guid": 4038, "id": 4038, "object_no": null, "object_name": null, "layer_type_id": 211, "valid_to": null, "address_no": null, "border_type": "solid", "border_width": null, "border_color": null, "border_opacity": null, "border_wellknown": "horizline", "fill_type": "color", "fill_color": "#b45f06", "fill_opacity": 1, "fill_wellknown": "horizline", "fill_shape_color": null, "fill_shape_width": null, "fill_shape_size": null, "fill_img_url": null, "marker_img_url": null}},{"type": "Feature", "id": "layer_data_map.fid--27e80436_1a098b908f8_7f8f", "geometry": {"type": "Point", "coordinates": [106.91969444, 47.91777778]}, "geometry_name": "geom", "properties": {"guid": 4039, "id": 4039, "object_no": null, "object_name": null, "layer_type_id": 211, "valid_to": null, "address_no": null, "border_type": "solid", "border_width": null, "border_color": null, "border_opacity": null, "border_wellknown": "horizline", "fill_type": "color", "fill_color": "#b45f06", "fill_opacity": 1, "fill_wellknown": "horizline", "fill_shape_color": null, "fill_shape_width": null, "fill_shape_size": null, "fill_img_url": null, "marker_img_url": null}},{"type": "Feature", "id": "layer_data_map.fid--27e80436_1a098b908f8_7f90", "geometry": {"type": "Point", "coordinates": [106.91896908, 47.92250043]}, "geometry_name": "geom", "properties": {"guid": 4040, "id": 4040, "object_no": null, "object_name": null, "layer_type_id": 211, "valid_to": null, "address_no": null, "border_type": "solid", "border_width": null, "border_color": null, "border_opacity": null, "border_wellknown": "horizline", "fill_type": "color", "fill_color": "#b45f06", "fill_opacity": 1, "fill_wellknown": "horizline", "fill_shape_color": null, "fill_shape_width": null, "fill_shape_size": null, "fill_img_url": null, "marker_img_url": null}},{"type": "Feature", "id": "layer_data_map.fid--27e80436_1a098b908f8_7f91", "geometry": {"type": "Point", "coordinates": [106.92053638, 47.92723582]}, "geometry_name": "geom", "properties": {"guid": 4041, "id": 4041, "object_no": null, "object_name": null, "layer_type_id": 211, "valid_to": null, "address_no": null, "border_type": "solid", "border_width": null, "border_color": null, "border_opacity": null, "border_wellknown": "horizline", "fill_type": "color", "fill_color": "#b45f06", "fill_opacity": 1, "fill_wellknown": "horizline", "fill_shape_color": null, "fill_shape_width": null, "fill_shape_size": null, "fill_img_url": null, "marker_img_url": null}},{"type": "Feature", "id": "layer_data_map.fid--27e80436_1a098b908f8_7f92", "geometry": {"type": "Point", "coordinates": [106.93141667, 47.97811111]}, "geometry_name": "geom", "properties": {"guid": 4042, "id": 4042, "object_no": null, "object_name": null, "layer_type_id": 211, "valid_to": null, "address_no": null, "border_type": "solid", "border_width": null, "border_color": null, "border_opacity": null, "border_wellknown": "horizline", "fill_type": "color", "fill_color": "#b45f06", "fill_opacity": 1, "fill_wellknown": "horizline", "fill_shape_color": null, "fill_shape_width": null, "fill_shape_size": null, "fill_img_url": null, "marker_img_url": null}},{"type": "Feature", "id": "layer_data_map.fid--27e80436_1a098b908f8_7f93", "geometry": {"type": "Point", "coordinates": [106.92202366, 47.91794257]}, "geometry_name": "geom", "properties": {"guid": 4043, "id": 4043, "object_no": null, "object_name": null, "layer_type_id": 211, "valid_to": null, "address_no": null, "border_type": "solid", "border_width": null, "border_color": null, "border_opacity": null, "border_wellknown": "horizline", "fill_type": "color", "fill_color": "#b45f06", "fill_opacity": 1, "fill_wellknown": "horizline", "fill_shape_color": null, "fill_shape_width": null, "fill_shape_size": null, "fill_img_url": null, "marker_img_url": null}},{"type": "Feature", "id": "layer_data_map.fid--27e80436_1a098b908f8_7f94", "geometry": {"type": "Point", "coordinates": [106.90947222, 47.91383333]}, "geometry_name": "geom", "properties": {"guid": 4044, "id": 4044, "object_no": null, "object_name": null, "layer_type_id": 211, "valid_to": null, "address_no": null, "border_type": "solid", "border_width": null, "border_color": null, "border_opacity": null, "border_wellknown": "horizline", "fill_type": "color", "fill_color": "#b45f06", "fill_opacity": 1, "fill_wellknown": "horizline", "fill_shape_color": null, "fill_shape_width": null, "fill_shape_size": null, "fill_img_url": null, "marker_img_url": null}},{"type": "Feature", "id": "layer_data_map.fid--27e80436_1a098b908f8_7f95", "geometry": {"type": "Point", "coordinates": [106.93188376, 47.96245032]}, "geometry_name": "geom", "properties": {"guid": 4045, "id": 4045, "object_no": null, "object_name": null, "layer_type_id": 211, "valid_to": null, "address_no": null, "border_type": "solid", "border_width": null, "border_color": null, "border_opacity": null, "border_wellknown": "horizline", "fill_type": "color", "fill_color": "#b45f06", "fill_opacity": 1, "fill_wellknown": "horizline", "fill_shape_color": null, "fill_shape_width": null, "fill_shape_size": null, "fill_img_url": null, "marker_img_url": null}},{"type": "Feature", "id": "layer_data_map.fid--27e80436_1a098b908f8_7f96", "geometry": {"type": "Point", "coordinates": [106.91825545, 47.91512661]}, "geometry_name": "geom", "properties": {"guid": 4046, "id": 4046, "object_no": null, "object_name": null, "layer_type_id": 211, "valid_to": null, "address_no": null, "border_type": "solid", "border_width": null, "border_color": null, "border_opacity": null, "border_wellknown": "horizline", "fill_type": "color", "fill_color": "#b45f06", "fill_opacity": 1, "fill_wellknown": "horizline", "fill_shape_color": null, "fill_shape_width": null, "fill_shape_size": null, "fill_img_url": null, "marker_img_url": null}},{"type": "Feature", "id": "layer_data_map.fid--27e80436_1a098b908f8_7f97", "geometry": {"type": "Point", "coordinates": [106.89561111, 47.91291667]}, "geometry_name": "geom", "properties": {"guid": 4047, "id": 4047, "object_no": null, "object_name": null, "layer_type_id": 211, "valid_to": null, "address_no": null, "border_type": "solid", "border_width": null, "border_color": null, "border_opacity": null, "border_wellknown": "horizline", "fill_type": "color", "fill_color": "#b45f06", "fill_opacity": 1, "fill_wellknown": "horizline", "fill_shape_color": null, "fill_shape_width": null, "fill_shape_size": null, "fill_img_url": null, "marker_img_url": null}},{"type": "Feature", "id": "layer_data_map.fid--27e80436_1a098b908f8_7f98", "geometry": {"type": "Point", "coordinates": [106.91588889, 47.92713889]}, "geometry_name": "geom", "properties": {"guid": 4048, "id": 4048, "object_no": null, "object_name": null, "layer_type_id": 211, "valid_to": null, "address_no": null, "border_type": "solid", "border_width": null, "border_color": null, "border_opacity": null, "border_wellknown": "horizline", "fill_type": "color", "fill_color": "#b45f06", "fill_opacity": 1, "fill_wellknown": "horizline", "fill_shape_color": null, "fill_shape_width": null, "fill_shape_size": null, "fill_img_url": null, "marker_img_url": null}},{"type": "Feature", "id": "layer_data_map.fid--27e80436_1a098b908f8_7f99", "geometry": {"type": "Point", "coordinates": [106.93622222, 47.98272222]}, "geometry_name": "geom", "properties": {"guid": 4049, "id": 4049, "object_no": null, "object_name": null, "layer_type_id": 211, "valid_to": null, "address_no": null, "border_type": "solid", "border_width": null, "border_color": null, "border_opacity": null, "border_wellknown": "horizline", "fill_type": "color", "fill_color": "#b45f06", "fill_opacity": 1, "fill_wellknown": "horizline", "fill_shape_color": null, "fill_shape_width": null, "fill_shape_size": null, "fill_img_url": null, "marker_img_url": null}},{"type": "Feature", "id": "layer_data_map.fid--27e80436_1a098b908f8_7f9a", "geometry": {"type": "Point", "coordinates": [106.91788361, 47.91732437]}, "geometry_name": "geom", "properties": {"guid": 4050, "id": 4050, "object_no": null, "object_name": null, "layer_type_id": 211, "valid_to": null, "address_no": null, "border_type": "solid", "border_width": null, "border_color": null, "border_opacity": null, "border_wellknown": "horizline", "fill_type": "color", "fill_color": "#b45f06", "fill_opacity": 1, "fill_wellknown": "horizline", "fill_shape_color": null, "fill_shape_width": null, "fill_shape_size": null, "fill_img_url": null, "marker_img_url": null}},{"type": "Feature", "id": "layer_data_map.fid--27e80436_1a098b908f8_7f9b", "geometry": {"type": "Point", "coordinates": [106.72831278, 48.01096993]}, "geometry_name": "geom", "properties": {"guid": 4051, "id": 4051, "object_no": null, "object_name": null, "layer_type_id": 211, "valid_to": null, "address_no": null, "border_type": "solid", "border_width": null, "border_color": null, "border_opacity": null, "border_wellknown": "horizline", "fill_type": "color", "fill_color": "#b45f06", "fill_opacity": 1, "fill_wellknown": "horizline", "fill_shape_color": null, "fill_shape_width": null, "fill_shape_size": null, "fill_img_url": null, "marker_img_url": null}},{"type": "Feature", "id": "layer_data_map.fid--27e80436_1a098b908f8_7f9c", "geometry": {"type": "Point", "coordinates": [106.78466667, 47.89608333]}, "geometry_name": "geom", "properties": {"guid": 4052, "id": 4052, "object_no": null, "object_name": null, "layer_type_id": 211, "valid_to": null, "address_no": null, "border_type": "solid", "border_width": null, "border_color": null, "border_opacity": null, "border_wellknown": "horizline", "fill_type": "color", "fill_color": "#b45f06", "fill_opacity": 1, "fill_wellknown": "horizline", "fill_shape_color": null, "fill_shape_width": null, "fill_shape_size": null, "fill_img_url": null, "marker_img_url": null}},{"type": "Feature", "id": "layer_data_map.fid--27e80436_1a098b908f8_7f9d", "geometry": {"type": "Point", "coordinates": [106.95225, 47.92341667]}, "geometry_name": "geom", "properties": {"guid": 4053, "id": 4053, "object_no": null, "object_name": null, "layer_type_id": 211, "valid_to": null, "address_no": null, "border_type": "solid", "border_width": null, "border_color": null, "border_opacity": null, "border_wellknown": "horizline", "fill_type": "color", "fill_color": "#b45f06", "fill_opacity": 1, "fill_wellknown": "horizline", "fill_shape_color": null, "fill_shape_width": null, "fill_shape_size": null, "fill_img_url": null, "marker_img_url": null}},{"type": "Feature", "id": "layer_data_map.fid--27e80436_1a098b908f8_7f9e", "geometry": {"type": "Point", "coordinates": [106.99888889, 47.906]}, "geometry_name": "geom", "properties": {"guid": 4054, "id": 4054, "object_no": null, "object_name": null, "layer_type_id": 211, "valid_to": null, "address_no": null, "border_type": "solid", "border_width": null, "border_color": null, "border_opacity": null, "border_wellknown": "horizline", "fill_type": "color", "fill_color": "#b45f06", "fill_opacity": 1, "fill_wellknown": "horizline", "fill_shape_color": null, "fill_shape_width": null, "fill_shape_size": null, "fill_img_url": null, "marker_img_url": null}},{"type": "Feature", "id": "layer_data_map.fid--27e80436_1a098b908f8_7f9f", "geometry": {"type": "Point", "coordinates": [106.95807987, 47.91762909]}, "geometry_name": "geom", "properties": {"guid": 4055, "id": 4055, "object_no": null, "object_name": null, "layer_type_id": 211, "valid_to": null, "address_no": null, "border_type": "solid", "border_width": null, "border_color": null, "border_opacity": null, "border_wellknown": "horizline", "fill_type": "color", "fill_color": "#b45f06", "fill_opacity": 1, "fill_wellknown": "horizline", "fill_shape_color": null, "fill_shape_width": null, "fill_shape_size": null, "fill_img_url": null, "marker_img_url": null}},{"type": "Feature", "id": "layer_data_map.fid--27e80436_1a098b908f8_7fa0", "geometry": {"type": "Point", "coordinates": [106.933, 47.91583333]}, "geometry_name": "geom", "properties": {"guid": 4056, "id": 4056, "object_no": null, "object_name": null, "layer_type_id": 211, "valid_to": null, "address_no": null, "border_type": "solid", "border_width": null, "border_color": null, "border_opacity": null, "border_wellknown": "horizline", "fill_type": "color", "fill_color": "#b45f06", "fill_opacity": 1, "fill_wellknown": "horizline", "fill_shape_color": null, "fill_shape_width": null, "fill_shape_size": null, "fill_img_url": null, "marker_img_url": null}},{"type": "Feature", "id": "layer_data_map.fid--27e80436_1a098b908f8_7fa1", "geometry": {"type": "Point", "coordinates": [106.93472706, 47.91829823]}, "geometry_name": "geom", "properties": {"guid": 4057, "id": 4057, "object_no": null, "object_name": null, "layer_type_id": 211, "valid_to": null, "address_no": null, "border_type": "solid", "border_width": null, "border_color": null, "border_opacity": null, "border_wellknown": "horizline", "fill_type": "color", "fill_color": "#b45f06", "fill_opacity": 1, "fill_wellknown": "horizline", "fill_shape_color": null, "fill_shape_width": null, "fill_shape_size": null, "fill_img_url": null, "marker_img_url": null}},{"type": "Feature", "id": "layer_data_map.fid--27e80436_1a098b908f8_7fa2", "geometry": {"type": "Point", "coordinates": [106.95298638, 47.91802695]}, "geometry_name": "geom", "properties": {"guid": 4058, "id": 4058, "object_no": null, "object_name": null, "layer_type_id": 211, "valid_to": null, "address_no": null, "border_type": "solid", "border_width": null, "border_color": null, "border_opacity": null, "border_wellknown": "horizline", "fill_type": "color", "fill_color": "#b45f06", "fill_opacity": 1, "fill_wellknown": "horizline", "fill_shape_color": null, "fill_shape_width": null, "fill_shape_size": null, "fill_img_url": null, "marker_img_url": null}},{"type": "Feature", "id": "layer_data_map.fid--27e80436_1a098b908f8_7fa3", "geometry": {"type": "Point", "coordinates": [106.93607838, 47.91824547]}, "geometry_name": "geom", "properties": {"guid": 4059, "id": 4059, "object_no": null, "object_name": null, "layer_type_id": 211, "valid_to": null, "address_no": null, "border_type": "solid", "border_width": null, "border_color": null, "border_opacity": null, "border_wellknown": "horizline", "fill_type": "color", "fill_color": "#b45f06", "fill_opacity": 1, "fill_wellknown": "horizline", "fill_shape_color": null, "fill_shape_width": null, "fill_shape_size": null, "fill_img_url": null, "marker_img_url": null}},{"type": "Feature", "id": "layer_data_map.fid--27e80436_1a098b908f8_7fa4", "geometry": {"type": "Point", "coordinates": [106.9568555, 47.91787679]}, "geometry_name": "geom", "properties": {"guid": 4060, "id": 4060, "object_no": null, "object_name": null, "layer_type_id": 211, "valid_to": null, "address_no": null, "border_type": "solid", "border_width": null, "border_color": null, "border_opacity": null, "border_wellknown": "horizline", "fill_type": "color", "fill_color": "#b45f06", "fill_opacity": 1, "fill_wellknown": "horizline", "fill_shape_color": null, "fill_shape_width": null, "fill_shape_size": null, "fill_img_url": null, "marker_img_url": null}},{"type": "Feature", "id": "layer_data_map.fid--27e80436_1a098b908f8_7fa5", "geometry": {"type": "Point", "coordinates": [106.94916548, 47.9175725]}, "geometry_name": "geom", "properties": {"guid": 4061, "id": 4061, "object_no": null, "object_name": null, "layer_type_id": 211, "valid_to": null, "address_no": null, "border_type": "solid", "border_width": null, "border_color": null, "border_opacity": null, "border_wellknown": "horizline", "fill_type": "color", "fill_color": "#b45f06", "fill_opacity": 1, "fill_wellknown": "horizline", "fill_shape_color": null, "fill_shape_width": null, "fill_shape_size": null, "fill_img_url": null, "marker_img_url": null}},{"type": "Feature", "id": "layer_data_map.fid--27e80436_1a098b908f8_7fa6", "geometry": {"type": "Point", "coordinates": [106.972, 47.92925]}, "geometry_name": "geom", "properties": {"guid": 4062, "id": 4062, "object_no": null, "object_name": null, "layer_type_id": 211, "valid_to": null, "address_no": null, "border_type": "solid", "border_width": null, "border_color": null, "border_opacity": null, "border_wellknown": "horizline", "fill_type": "color", "fill_color": "#b45f06", "fill_opacity": 1, "fill_wellknown": "horizline", "fill_shape_color": null, "fill_shape_width": null, "fill_shape_size": null, "fill_img_url": null, "marker_img_url": null}},{"type": "Feature", "id": "layer_data_map.fid--27e80436_1a098b908f8_7fa7", "geometry": {"type": "Point", "coordinates": [106.89495529, 47.92311541]}, "geometry_name": "geom", "properties": {"guid": 4063, "id": 4063, "object_no": null, "object_name": null, "layer_type_id": 211, "valid_to": null, "address_no": null, "border_type": "solid", "border_width": null, "border_color": null, "border_opacity": null, "border_wellknown": "horizline", "fill_type": "color", "fill_color": "#b45f06", "fill_opacity": 1, "fill_wellknown": "horizline", "fill_shape_color": null, "fill_shape_width": null, "fill_shape_size": null, "fill_img_url": null, "marker_img_url": null}},{"type": "Feature", "id": "layer_data_map.fid--27e80436_1a098b908f8_7fa8", "geometry": {"type": "Point", "coordinates": [106.76687608, 47.85555926]}, "geometry_name": "geom", "properties": {"guid": 4064, "id": 4064, "object_no": null, "object_name": null, "layer_type_id": 211, "valid_to": null, "address_no": null, "border_type": "solid", "border_width": null, "border_color": null, "border_opacity": null, "border_wellknown": "horizline", "fill_type": "color", "fill_color": "#b45f06", "fill_opacity": 1, "fill_wellknown": "horizline", "fill_shape_color": null, "fill_shape_width": null, "fill_shape_size": null, "fill_img_url": null, "marker_img_url": null}},{"type": "Feature", "id": "layer_data_map.fid--27e80436_1a098b908f8_7fa9", "geometry": {"type": "Point", "coordinates": [106.76670587, 47.85559878]}, "geometry_name": "geom", "properties": {"guid": 4065, "id": 4065, "object_no": null, "object_name": null, "layer_type_id": 211, "valid_to": null, "address_no": null, "border_type": "solid", "border_width": null, "border_color": null, "border_opacity": null, "border_wellknown": "horizline", "fill_type": "color", "fill_color": "#b45f06", "fill_opacity": 1, "fill_wellknown": "horizline", "fill_shape_color": null, "fill_shape_width": null, "fill_shape_size": null, "fill_img_url": null, "marker_img_url": null}},{"type": "Feature", "id": "layer_data_map.fid--27e80436_1a098b908f8_7faa", "geometry": {"type": "Point", "coordinates": [106.90722302, 47.89749223]}, "geometry_name": "geom", "properties": {"guid": 4066, "id": 4066, "object_no": null, "object_name": null, "layer_type_id": 211, "valid_to": null, "address_no": null, "border_type": "solid", "border_width": null, "border_color": null, "border_opacity": null, "border_wellknown": "horizline", "fill_type": "color", "fill_color": "#b45f06", "fill_opacity": 1, "fill_wellknown": "horizline", "fill_shape_color": null, "fill_shape_width": null, "fill_shape_size": null, "fill_img_url": null, "marker_img_url": null}},{"type": "Feature", "id": "layer_data_map.fid--27e80436_1a098b908f8_7fab", "geometry": {"type": "Point", "coordinates": [106.88513889, 47.83413889]}, "geometry_name": "geom", "properties": {"guid": 4067, "id": 4067, "object_no": null, "object_name": null, "layer_type_id": 211, "valid_to": null, "address_no": null, "border_type": "solid", "border_width": null, "border_color": null, "border_opacity": null, "border_wellknown": "horizline", "fill_type": "color", "fill_color": "#b45f06", "fill_opacity": 1, "fill_wellknown": "horizline", "fill_shape_color": null, "fill_shape_width": null, "fill_shape_size": null, "fill_img_url": null, "marker_img_url": null}},{"type": "Feature", "id": "layer_data_map.fid--27e80436_1a098b908f8_7fac", "geometry": {"type": "Point", "coordinates": [106.8268882, 47.86757127]}, "geometry_name": "geom", "properties": {"guid": 4068, "id": 4068, "object_no": null, "object_name": null, "layer_type_id": 211, "valid_to": null, "address_no": null, "border_type": "solid", "border_width": null, "border_color": null, "border_opacity": null, "border_wellknown": "horizline", "fill_type": "color", "fill_color": "#b45f06", "fill_opacity": 1, "fill_wellknown": "horizline", "fill_shape_color": null, "fill_shape_width": null, "fill_shape_size": null, "fill_img_url": null, "marker_img_url": null}},{"type": "Feature", "id": "layer_data_map.fid--27e80436_1a098b908f8_7fad", "geometry": {"type": "Point", "coordinates": [106.94991667, 47.88408333]}, "geometry_name": "geom", "properties": {"guid": 4069, "id": 4069, "object_no": null, "object_name": null, "layer_type_id": 211, "valid_to": null, "address_no": null, "border_type": "solid", "border_width": null, "border_color": null, "border_opacity": null, "border_wellknown": "horizline", "fill_type": "color", "fill_color": "#b45f06", "fill_opacity": 1, "fill_wellknown": "horizline", "fill_shape_color": null, "fill_shape_width": null, "fill_shape_size": null, "fill_img_url": null, "marker_img_url": null}},{"type": "Feature", "id": "layer_data_map.fid--27e80436_1a098b908f8_7fae", "geometry": {"type": "Point", "coordinates": [106.85052314, 47.82836603]}, "geometry_name": "geom", "properties": {"guid": 4070, "id": 4070, "object_no": null, "object_name": null, "layer_type_id": 211, "valid_to": null, "address_no": null, "border_type": "solid", "border_width": null, "border_color": null, "border_opacity": null, "border_wellknown": "horizline", "fill_type": "color", "fill_color": "#b45f06", "fill_opacity": 1, "fill_wellknown": "horizline", "fill_shape_color": null, "fill_shape_width": null, "fill_shape_size": null, "fill_img_url": null, "marker_img_url": null}},{"type": "Feature", "id": "layer_data_map.fid--27e80436_1a098b908f8_7faf", "geometry": {"type": "Point", "coordinates": [107.43469185, 47.34915234]}, "geometry_name": "geom", "properties": {"guid": 4071, "id": 4071, "object_no": null, "object_name": null, "layer_type_id": 211, "valid_to": null, "address_no": null, "border_type": "solid", "border_width": null, "border_color": null, "border_opacity": null, "border_wellknown": "horizline", "fill_type": "color", "fill_color": "#b45f06", "fill_opacity": 1, "fill_wellknown": "horizline", "fill_shape_color": null, "fill_shape_width": null, "fill_shape_size": null, "fill_img_url": null, "marker_img_url": null}},{"type": "Feature", "id": "layer_data_map.fid--27e80436_1a098b908f8_7fb0", "geometry": {"type": "Point", "coordinates": [107.268, 47.76536111]}, "geometry_name": "geom", "properties": {"guid": 4072, "id": 4072, "object_no": null, "object_name": null, "layer_type_id": 211, "valid_to": null, "address_no": null, "border_type": "solid", "border_width": null, "border_color": null, "border_opacity": null, "border_wellknown": "horizline", "fill_type": "color", "fill_color": "#b45f06", "fill_opacity": 1, "fill_wellknown": "horizline", "fill_shape_color": null, "fill_shape_width": null, "fill_shape_size": null, "fill_img_url": null, "marker_img_url": null}},{"type": "Feature", "id": "layer_data_map.fid--27e80436_1a098b908f8_7fb1", "geometry": {"type": "Point", "coordinates": [107.25459081, 47.76741335]}, "geometry_name": "geom", "properties": {"guid": 4073, "id": 4073, "object_no": null, "object_name": null, "layer_type_id": 211, "valid_to": null, "address_no": null, "border_type": "solid", "border_width": null, "border_color": null, "border_opacity": null, "border_wellknown": "horizline", "fill_type": "color", "fill_color": "#b45f06", "fill_opacity": 1, "fill_wellknown": "horizline", "fill_shape_color": null, "fill_shape_width": null, "fill_shape_size": null, "fill_img_url": null, "marker_img_url": null}},{"type": "Feature", "id": "layer_data_map.fid--27e80436_1a098b908f8_7fb2", "geometry": {"type": "Point", "coordinates": [107.25538889, 47.77247222]}, "geometry_name": "geom", "properties": {"guid": 4074, "id": 4074, "object_no": null, "object_name": null, "layer_type_id": 211, "valid_to": null, "address_no": null, "border_type": "solid", "border_width": null, "border_color": null, "border_opacity": null, "border_wellknown": "horizline", "fill_type": "color", "fill_color": "#b45f06", "fill_opacity": 1, "fill_wellknown": "horizline", "fill_shape_color": null, "fill_shape_width": null, "fill_shape_size": null, "fill_img_url": null, "marker_img_url": null}},{"type": "Feature", "id": "layer_data_map.fid--27e80436_1a098b908f8_7fb3", "geometry": {"type": "Point", "coordinates": [107.25613889, 47.75113889]}, "geometry_name": "geom", "properties": {"guid": 4075, "id": 4075, "object_no": null, "object_name": null, "layer_type_id": 211, "valid_to": null, "address_no": null, "border_type": "solid", "border_width": null, "border_color": null, "border_opacity": null, "border_wellknown": "horizline", "fill_type": "color", "fill_color": "#b45f06", "fill_opacity": 1, "fill_wellknown": "horizline", "fill_shape_color": null, "fill_shape_width": null, "fill_shape_size": null, "fill_img_url": null, "marker_img_url": null}},{"type": "Feature", "id": "layer_data_map.fid--27e80436_1a098b908f8_7fb4", "geometry": {"type": "Point", "coordinates": [108.36336223, 47.76444876]}, "geometry_name": "geom", "properties": {"guid": 4076, "id": 4076, "object_no": null, "object_name": null, "layer_type_id": 211, "valid_to": null, "address_no": null, "border_type": "solid", "border_width": null, "border_color": null, "border_opacity": null, "border_wellknown": "horizline", "fill_type": "color", "fill_color": "#b45f06", "fill_opacity": 1, "fill_wellknown": "horizline", "fill_shape_color": null, "fill_shape_width": null, "fill_shape_size": null, "fill_img_url": null, "marker_img_url": null}},{"type": "Feature", "id": "layer_data_map.fid--27e80436_1a098b908f8_7fb5", "geometry": {"type": "Point", "coordinates": [108.27772222, 47.74561111]}, "geometry_name": "geom", "properties": {"guid": 4077, "id": 4077, "object_no": null, "object_name": null, "layer_type_id": 211, "valid_to": null, "address_no": null, "border_type": "solid", "border_width": null, "border_color": null, "border_opacity": null, "border_wellknown": "horizline", "fill_type": "color", "fill_color": "#b45f06", "fill_opacity": 1, "fill_wellknown": "horizline", "fill_shape_color": null, "fill_shape_width": null, "fill_shape_size": null, "fill_img_url": null, "marker_img_url": null}},{"type": "Feature", "id": "layer_data_map.fid--27e80436_1a098b908f8_7fb6", "geometry": {"type": "Point", "coordinates": [108.36647222, 47.7805]}, "geometry_name": "geom", "properties": {"guid": 4078, "id": 4078, "object_no": null, "object_name": null, "layer_type_id": 211, "valid_to": null, "address_no": null, "border_type": "solid", "border_width": null, "border_color": null, "border_opacity": null, "border_wellknown": "horizline", "fill_type": "color", "fill_color": "#b45f06", "fill_opacity": 1, "fill_wellknown": "horizline", "fill_shape_color": null, "fill_shape_width": null, "fill_shape_size": null, "fill_img_url": null, "marker_img_url": null}},{"type": "Feature", "id": "layer_data_map.fid--27e80436_1a098b908f8_7fb7", "geometry": {"type": "Point", "coordinates": [108.38152778, 47.64002778]}, "geometry_name": "geom", "properties": {"guid": 4079, "id": 4079, "object_no": null, "object_name": null, "layer_type_id": 211, "valid_to": null, "address_no": null, "border_type": "solid", "border_width": null, "border_color": null, "border_opacity": null, "border_wellknown": "horizline", "fill_type": "color", "fill_color": "#b45f06", "fill_opacity": 1, "fill_wellknown": "horizline", "fill_shape_color": null, "fill_shape_width": null, "fill_shape_size": null, "fill_img_url": null, "marker_img_url": null}},{"type": "Feature", "id": "layer_data_map.fid--27e80436_1a098b908f8_7fb8", "geometry": {"type": "Point", "coordinates": [106.90596952, 47.92269436]}, "geometry_name": "geom", "properties": {"guid": 4080, "id": 4080, "object_no": null, "object_name": null, "layer_type_id": 211, "valid_to": null, "address_no": null, "border_type": "solid", "border_width": null, "border_color": null, "border_opacity": null, "border_wellknown": "horizline", "fill_type": "color", "fill_color": "#b45f06", "fill_opacity": 1, "fill_wellknown": "horizline", "fill_shape_color": null, "fill_shape_width": null, "fill_shape_size": null, "fill_img_url": null, "marker_img_url": null}},{"type": "Feature", "id": "layer_data_map.fid--27e80436_1a098b908f8_7fb9", "geometry": {"type": "Point", "coordinates": [106.91067987, 47.92254783]}, "geometry_name": "geom", "properties": {"guid": 4081, "id": 4081, "object_no": null, "object_name": null, "layer_type_id": 211, "valid_to": null, "address_no": null, "border_type": "solid", "border_width": null, "border_color": null, "border_opacity": null, "border_wellknown": "horizline", "fill_type": "color", "fill_color": "#b45f06", "fill_opacity": 1, "fill_wellknown": "horizline", "fill_shape_color": null, "fill_shape_width": null, "fill_shape_size": null, "fill_img_url": null, "marker_img_url": null}},{"type": "Feature", "id": "layer_data_map.fid--27e80436_1a098b908f8_7fba", "geometry": {"type": "Point", "coordinates": [107.26327778, 48.04422222]}, "geometry_name": "geom", "properties": {"guid": 4082, "id": 4082, "object_no": null, "object_name": null, "layer_type_id": 211, "valid_to": null, "address_no": null, "border_type": "solid", "border_width": null, "border_color": null, "border_opacity": null, "border_wellknown": "horizline", "fill_type": "color", "fill_color": "#b45f06", "fill_opacity": 1, "fill_wellknown": "horizline", "fill_shape_color": null, "fill_shape_width": null, "fill_shape_size": null, "fill_img_url": null, "marker_img_url": null}},{"type": "Feature", "id": "layer_data_map.fid--27e80436_1a098b908f8_7fbb", "geometry": {"type": "Point", "coordinates": [106.90036111, 47.92305556]}, "geometry_name": "geom", "properties": {"guid": 4083, "id": 4083, "object_no": null, "object_name": null, "layer_type_id": 211, "valid_to": null, "address_no": null, "border_type": "solid", "border_width": null, "border_color": null, "border_opacity": null, "border_wellknown": "horizline", "fill_type": "color", "fill_color": "#b45f06", "fill_opacity": 1, "fill_wellknown": "horizline", "fill_shape_color": null, "fill_shape_width": null, "fill_shape_size": null, "fill_img_url": null, "marker_img_url": null}},{"type": "Feature", "id": "layer_data_map.fid--27e80436_1a098b908f8_7fbc", "geometry": {"type": "Point", "coordinates": [106.914, 47.89466667]}, "geometry_name": "geom", "properties": {"guid": 4084, "id": 4084, "object_no": null, "object_name": null, "layer_type_id": 211, "valid_to": null, "address_no": null, "border_type": "solid", "border_width": null, "border_color": null, "border_opacity": null, "border_wellknown": "horizline", "fill_type": "color", "fill_color": "#b45f06", "fill_opacity": 1, "fill_wellknown": "horizline", "fill_shape_color": null, "fill_shape_width": null, "fill_shape_size": null, "fill_img_url": null, "marker_img_url": null}},{"type": "Feature", "id": "layer_data_map.fid--27e80436_1a098b908f8_7fbd", "geometry": {"type": "Point", "coordinates": [107.25791667, 47.94991667]}, "geometry_name": "geom", "properties": {"guid": 4085, "id": 4085, "object_no": null, "object_name": null, "layer_type_id": 211, "valid_to": null, "address_no": null, "border_type": "solid", "border_width": null, "border_color": null, "border_opacity": null, "border_wellknown": "horizline", "fill_type": "color", "fill_color": "#b45f06", "fill_opacity": 1, "fill_wellknown": "horizline", "fill_shape_color": null, "fill_shape_width": null, "fill_shape_size": null, "fill_img_url": null, "marker_img_url": null}},{"type": "Feature", "id": "layer_data_map.fid--27e80436_1a098b908f8_7fbe", "geometry": {"type": "Point", "coordinates": [106.91594444, 47.91913889]}, "geometry_name": "geom", "properties": {"guid": 4086, "id": 4086, "object_no": null, "object_name": null, "layer_type_id": 211, "valid_to": null, "address_no": null, "border_type": "solid", "border_width": null, "border_color": null, "border_opacity": null, "border_wellknown": "horizline", "fill_type": "color", "fill_color": "#b45f06", "fill_opacity": 1, "fill_wellknown": "horizline", "fill_shape_color": null, "fill_shape_width": null, "fill_shape_size": null, "fill_img_url": null, "marker_img_url": null}},{"type": "Feature", "id": "layer_data_map.fid--27e80436_1a098b908f8_7fbf", "geometry": {"type": "Point", "coordinates": [107.34638889, 47.82530556]}, "geometry_name": "geom", "properties": {"guid": 4087, "id": 4087, "object_no": null, "object_name": null, "layer_type_id": 211, "valid_to": null, "address_no": null, "border_type": "solid", "border_width": null, "border_color": null, "border_opacity": null, "border_wellknown": "horizline", "fill_type": "color", "fill_color": "#b45f06", "fill_opacity": 1, "fill_wellknown": "horizline", "fill_shape_color": null, "fill_shape_width": null, "fill_shape_size": null, "fill_img_url": null, "marker_img_url": null}},{"type": "Feature", "id": "layer_data_map.fid--27e80436_1a098b908f8_7fc0", "geometry": {"type": "Point", "coordinates": [106.62511111, 47.80030556]}, "geometry_name": "geom", "properties": {"guid": 4088, "id": 4088, "object_no": null, "object_name": null, "layer_type_id": 211, "valid_to": null, "address_no": null, "border_type": "solid", "border_width": null, "border_color": null, "border_opacity": null, "border_wellknown": "horizline", "fill_type": "color", "fill_color": "#b45f06", "fill_opacity": 1, "fill_wellknown": "horizline", "fill_shape_color": null, "fill_shape_width": null, "fill_shape_size": null, "fill_img_url": null, "marker_img_url": null}},{"type": "Feature", "id": "layer_data_map.fid--27e80436_1a098b908f8_7fc1", "geometry": {"type": "Point", "coordinates": [106.90908333, 47.88661111]}, "geometry_name": "geom", "properties": {"guid": 4089, "id": 4089, "object_no": null, "object_name": null, "layer_type_id": 211, "valid_to": null, "address_no": null, "border_type": "solid", "border_width": null, "border_color": null, "border_opacity": null, "border_wellknown": "horizline", "fill_type": "color", "fill_color": "#b45f06", "fill_opacity": 1, "fill_wellknown": "horizline", "fill_shape_color": null, "fill_shape_width": null, "fill_shape_size": null, "fill_img_url": null, "marker_img_url": null}},{"type": "Feature", "id": "layer_data_map.fid--27e80436_1a098b908f8_7fc2", "geometry": {"type": "Point", "coordinates": [107.23769444, 48.05302778]}, "geometry_name": "geom", "properties": {"guid": 4090, "id": 4090, "object_no": null, "object_name": null, "layer_type_id": 211, "valid_to": null, "address_no": null, "border_type": "solid", "border_width": null, "border_color": null, "border_opacity": null, "border_wellknown": "horizline", "fill_type": "color", "fill_color": "#b45f06", "fill_opacity": 1, "fill_wellknown": "horizline", "fill_shape_color": null, "fill_shape_width": null, "fill_shape_size": null, "fill_img_url": null, "marker_img_url": null}},{"type": "Feature", "id": "layer_data_map.fid--27e80436_1a098b908f8_7fc3", "geometry": {"type": "Point", "coordinates": [106.67588889, 47.87872222]}, "geometry_name": "geom", "properties": {"guid": 4091, "id": 4091, "object_no": null, "object_name": null, "layer_type_id": 211, "valid_to": null, "address_no": null, "border_type": "solid", "border_width": null, "border_color": null, "border_opacity": null, "border_wellknown": "horizline", "fill_type": "color", "fill_color": "#b45f06", "fill_opacity": 1, "fill_wellknown": "horizline", "fill_shape_color": null, "fill_shape_width": null, "fill_shape_size": null, "fill_img_url": null, "marker_img_url": null}},{"type": "Feature", "id": "layer_data_map.fid--27e80436_1a098b908f8_7fc4", "geometry": {"type": "Point", "coordinates": [106.9145, 47.91405556]}, "geometry_name": "geom", "properties": {"guid": 4092, "id": 4092, "object_no": null, "object_name": null, "layer_type_id": 211, "valid_to": null, "address_no": null, "border_type": "solid", "border_width": null, "border_color": null, "border_opacity": null, "border_wellknown": "horizline", "fill_type": "color", "fill_color": "#b45f06", "fill_opacity": 1, "fill_wellknown": "horizline", "fill_shape_color": null, "fill_shape_width": null, "fill_shape_size": null, "fill_img_url": null, "marker_img_url": null}},{"type": "Feature", "id": "layer_data_map.fid--27e80436_1a098b908f8_7fc5", "geometry": {"type": "Point", "coordinates": [106.76058333, 47.85380556]}, "geometry_name": "geom", "properties": {"guid": 4093, "id": 4093, "object_no": null, "object_name": null, "layer_type_id": 211, "valid_to": null, "address_no": null, "border_type": "solid", "border_width": null, "border_color": null, "border_opacity": null, "border_wellknown": "horizline", "fill_type": "color", "fill_color": "#b45f06", "fill_opacity": 1, "fill_wellknown": "horizline", "fill_shape_color": null, "fill_shape_width": null, "fill_shape_size": null, "fill_img_url": null, "marker_img_url": null}},{"type": "Feature", "id": "layer_data_map.fid--27e80436_1a098b908f8_7fc6", "geometry": {"type": "Point", "coordinates": [106.99102778, 48.08266667]}, "geometry_name": "geom", "properties": {"guid": 4094, "id": 4094, "object_no": null, "object_name": null, "layer_type_id": 211, "valid_to": null, "address_no": null, "border_type": "solid", "border_width": null, "border_color": null, "border_opacity": null, "border_wellknown": "horizline", "fill_type": "color", "fill_color": "#b45f06", "fill_opacity": 1, "fill_wellknown": "horizline", "fill_shape_color": null, "fill_shape_width": null, "fill_shape_size": null, "fill_img_url": null, "marker_img_url": null}},{"type": "Feature", "id": "layer_data_map.fid--27e80436_1a098b908f8_7fc7", "geometry": {"type": "Point", "coordinates": [108.27772222, 47.74561111]}, "geometry_name": "geom", "properties": {"guid": 4095, "id": 4095, "object_no": null, "object_name": null, "layer_type_id": 211, "valid_to": null, "address_no": null, "border_type": "solid", "border_width": null, "border_color": null, "border_opacity": null, "border_wellknown": "horizline", "fill_type": "color", "fill_color": "#b45f06", "fill_opacity": 1, "fill_wellknown": "horizline", "fill_shape_color": null, "fill_shape_width": null, "fill_shape_size": null, "fill_img_url": null, "marker_img_url": null}},{"type": "Feature", "id": "layer_data_map.fid--27e80436_1a098b908f8_7fc8", "geometry": {"type": "Point", "coordinates": [106.83966667, 47.98638889]}, "geometry_name": "geom", "properties": {"guid": 4096, "id": 4096, "object_no": null, "object_name": null, "layer_type_id": 211, "valid_to": null, "address_no": null, "border_type": "solid", "border_width": null, "border_color": null, "border_opacity": null, "border_wellknown": "horizline", "fill_type": "color", "fill_color": "#b45f06", "fill_opacity": 1, "fill_wellknown": "horizline", "fill_shape_color": null, "fill_shape_width": null, "fill_shape_size": null, "fill_img_url": null, "marker_img_url": null}},{"type": "Feature", "id": "layer_data_map.fid--27e80436_1a098b908f8_7fc9", "geometry": {"type": "Point", "coordinates": [106.58575, 47.97930556]}, "geometry_name": "geom", "properties": {"guid": 4097, "id": 4097, "object_no": null, "object_name": null, "layer_type_id": 211, "valid_to": null, "address_no": null, "border_type": "solid", "border_width": null, "border_color": null, "border_opacity": null, "border_wellknown": "horizline", "fill_type": "color", "fill_color": "#b45f06", "fill_opacity": 1, "fill_wellknown": "horizline", "fill_shape_color": null, "fill_shape_width": null, "fill_shape_size": null, "fill_img_url": null, "marker_img_url": null}},{"type": "Feature", "id": "layer_data_map.fid--27e80436_1a098b908f8_7fca", "geometry": {"type": "Point", "coordinates": [107.12305556, 47.98836111]}, "geometry_name": "geom", "properties": {"guid": 4098, "id": 4098, "object_no": null, "object_name": null, "layer_type_id": 211, "valid_to": null, "address_no": null, "border_type": "solid", "border_width": null, "border_color": null, "border_opacity": null, "border_wellknown": "horizline", "fill_type": "color", "fill_color": "#b45f06", "fill_opacity": 1, "fill_wellknown": "horizline", "fill_shape_color": null, "fill_shape_width": null, "fill_shape_size": null, "fill_img_url": null, "marker_img_url": null}},{"type": "Feature", "id": "layer_data_map.fid--27e80436_1a098b908f8_7fcb", "geometry": {"type": "Point", "coordinates": [107.25827778, 47.85405556]}, "geometry_name": "geom", "properties": {"guid": 4099, "id": 4099, "object_no": null, "object_name": null, "layer_type_id": 211, "valid_to": null, "address_no": null, "border_type": "solid", "border_width": null, "border_color": null, "border_opacity": null, "border_wellknown": "horizline", "fill_type": "color", "fill_color": "#b45f06", "fill_opacity": 1, "fill_wellknown": "horizline", "fill_shape_color": null, "fill_shape_width": null, "fill_shape_size": null, "fill_img_url": null, "marker_img_url": null}},{"type": "Feature", "id": "layer_data_map.fid--27e80436_1a098b908f8_7fcc", "geometry": {"type": "Point", "coordinates": [106.78597222, 48.093]}, "geometry_name": "geom", "properties": {"guid": 4100, "id": 4100, "object_no": null, "object_name": null, "layer_type_id": 211, "valid_to": null, "address_no": null, "border_type": "solid", "border_width": null, "border_color": null, "border_opacity": null, "border_wellknown": "horizline", "fill_type": "color", "fill_color": "#b45f06", "fill_opacity": 1, "fill_wellknown": "horizline", "fill_shape_color": null, "fill_shape_width": null, "fill_shape_size": null, "fill_img_url": null, "marker_img_url": null}},{"type": "Feature", "id": "layer_data_map.fid--27e80436_1a098b908f8_7fcd", "geometry": {"type": "Point", "coordinates": [107.31555556, 48.00230556]}, "geometry_name": "geom", "properties": {"guid": 4101, "id": 4101, "object_no": null, "object_name": null, "layer_type_id": 211, "valid_to": null, "address_no": null, "border_type": "solid", "border_width": null, "border_color": null, "border_opacity": null, "border_wellknown": "horizline", "fill_type": "color", "fill_color": "#b45f06", "fill_opacity": 1, "fill_wellknown": "horizline", "fill_shape_color": null, "fill_shape_width": null, "fill_shape_size": null, "fill_img_url": null, "marker_img_url": null}},{"type": "Feature", "id": "layer_data_map.fid--27e80436_1a098b908f8_7fce", "geometry": {"type": "Point", "coordinates": [107.25711111, 47.88230556]}, "geometry_name": "geom", "properties": {"guid": 4102, "id": 4102, "object_no": null, "object_name": null, "layer_type_id": 211, "valid_to": null, "address_no": null, "border_type": "solid", "border_width": null, "border_color": null, "border_opacity": null, "border_wellknown": "horizline", "fill_type": "color", "fill_color": "#b45f06", "fill_opacity": 1, "fill_wellknown": "horizline", "fill_shape_color": null, "fill_shape_width": null, "fill_shape_size": null, "fill_img_url": null, "marker_img_url": null}},{"type": "Feature", "id": "layer_data_map.fid--27e80436_1a098b908f8_7fcf", "geometry": {"type": "Point", "coordinates": [106.91611111, 47.91802778]}, "geometry_name": "geom", "properties": {"guid": 4103, "id": 4103, "object_no": null, "object_name": null, "layer_type_id": 211, "valid_to": null, "address_no": null, "border_type": "solid", "border_width": null, "border_color": null, "border_opacity": null, "border_wellknown": "horizline", "fill_type": "color", "fill_color": "#b45f06", "fill_opacity": 1, "fill_wellknown": "horizline", "fill_shape_color": null, "fill_shape_width": null, "fill_shape_size": null, "fill_img_url": null, "marker_img_url": null}},{"type": "Feature", "id": "layer_data_map.fid--27e80436_1a098b908f8_7fd0", "geometry": {"type": "Point", "coordinates": [107.42777778, 47.98286111]}, "geometry_name": "geom", "properties": {"guid": 4104, "id": 4104, "object_no": null, "object_name": null, "layer_type_id": 211, "valid_to": null, "address_no": null, "border_type": "solid", "border_width": null, "border_color": null, "border_opacity": null, "border_wellknown": "horizline", "fill_type": "color", "fill_color": "#b45f06", "fill_opacity": 1, "fill_wellknown": "horizline", "fill_shape_color": null, "fill_shape_width": null, "fill_shape_size": null, "fill_img_url": null, "marker_img_url": null}},{"type": "Feature", "id": "layer_data_map.fid--27e80436_1a098b908f8_7fd1", "geometry": {"type": "Point", "coordinates": [106.90922222, 47.9195]}, "geometry_name": "geom", "properties": {"guid": 4105, "id": 4105, "object_no": null, "object_name": null, "layer_type_id": 211, "valid_to": null, "address_no": null, "border_type": "solid", "border_width": null, "border_color": null, "border_opacity": null, "border_wellknown": "horizline", "fill_type": "color", "fill_color": "#b45f06", "fill_opacity": 1, "fill_wellknown": "horizline", "fill_shape_color": null, "fill_shape_width": null, "fill_shape_size": null, "fill_img_url": null, "marker_img_url": null}},{"type": "Feature", "id": "layer_data_map.fid--27e80436_1a098b908f8_7fd2", "geometry": {"type": "Point", "coordinates": [107.04402778, 47.96544444]}, "geometry_name": "geom", "properties": {"guid": 4106, "id": 4106, "object_no": null, "object_name": null, "layer_type_id": 211, "valid_to": null, "address_no": null, "border_type": "solid", "border_width": null, "border_color": null, "border_opacity": null, "border_wellknown": "horizline", "fill_type": "color", "fill_color": "#b45f06", "fill_opacity": 1, "fill_wellknown": "horizline", "fill_shape_color": null, "fill_shape_width": null, "fill_shape_size": null, "fill_img_url": null, "marker_img_url": null}},{"type": "Feature", "id": "layer_data_map.fid--27e80436_1a098b908f8_7fd3", "geometry": {"type": "Point", "coordinates": [107.33188889, 47.94819444]}, "geometry_name": "geom", "properties": {"guid": 4107, "id": 4107, "object_no": null, "object_name": null, "layer_type_id": 211, "valid_to": null, "address_no": null, "border_type": "solid", "border_width": null, "border_color": null, "border_opacity": null, "border_wellknown": "horizline", "fill_type": "color", "fill_color": "#b45f06", "fill_opacity": 1, "fill_wellknown": "horizline", "fill_shape_color": null, "fill_shape_width": null, "fill_shape_size": null, "fill_img_url": null, "marker_img_url": null}},{"type": "Feature", "id": "layer_data_map.fid--27e80436_1a098b908f8_7fd4", "geometry": {"type": "Point", "coordinates": [107.05297222, 48.02452778]}, "geometry_name": "geom", "properties": {"guid": 4108, "id": 4108, "object_no": null, "object_name": null, "layer_type_id": 211, "valid_to": null, "address_no": null, "border_type": "solid", "border_width": null, "border_color": null, "border_opacity": null, "border_wellknown": "horizline", "fill_type": "color", "fill_color": "#b45f06", "fill_opacity": 1, "fill_wellknown": "horizline", "fill_shape_color": null, "fill_shape_width": null, "fill_shape_size": null, "fill_img_url": null, "marker_img_url": null}},{"type": "Feature", "id": "layer_data_map.fid--27e80436_1a098b908f8_7fd5", "geometry": {"type": "Point", "coordinates": [107.03983333, 47.95255556]}, "geometry_name": "geom", "properties": {"guid": 4109, "id": 4109, "object_no": null, "object_name": null, "layer_type_id": 211, "valid_to": null, "address_no": null, "border_type": "solid", "border_width": null, "border_color": null, "border_opacity": null, "border_wellknown": "horizline", "fill_type": "color", "fill_color": "#b45f06", "fill_opacity": 1, "fill_wellknown": "horizline", "fill_shape_color": null, "fill_shape_width": null, "fill_shape_size": null, "fill_img_url": null, "marker_img_url": null}},{"type": "Feature", "id": "layer_data_map.fid--27e80436_1a098b908f8_7fd6", "geometry": {"type": "Point", "coordinates": [106.90897222, 47.91694444]}, "geometry_name": "geom", "properties": {"guid": 4110, "id": 4110, "object_no": null, "object_name": null, "layer_type_id": 211, "valid_to": null, "address_no": null, "border_type": "solid", "border_width": null, "border_color": null, "border_opacity": null, "border_wellknown": "horizline", "fill_type": "color", "fill_color": "#b45f06", "fill_opacity": 1, "fill_wellknown": "horizline", "fill_shape_color": null, "fill_shape_width": null, "fill_shape_size": null, "fill_img_url": null, "marker_img_url": null}},{"type": "Feature", "id": "layer_data_map.fid--27e80436_1a098b908f8_7fd7", "geometry": {"type": "Point", "coordinates": [108.31013889, 47.90558333]}, "geometry_name": "geom", "properties": {"guid": 4111, "id": 4111, "object_no": null, "object_name": null, "layer_type_id": 211, "valid_to": null, "address_no": null, "border_type": "solid", "border_width": null, "border_color": null, "border_opacity": null, "border_wellknown": "horizline", "fill_type": "color", "fill_color": "#b45f06", "fill_opacity": 1, "fill_wellknown": "horizline", "fill_shape_color": null, "fill_shape_width": null, "fill_shape_size": null, "fill_img_url": null, "marker_img_url": null}},{"type": "Feature", "id": "layer_data_map.fid--27e80436_1a098b908f8_7fd8", "geometry": {"type": "Point", "coordinates": [107.31313889, 47.86741667]}, "geometry_name": "geom", "properties": {"guid": 4112, "id": 4112, "object_no": null, "object_name": null, "layer_type_id": 211, "valid_to": null, "address_no": null, "border_type": "solid", "border_width": null, "border_color": null, "border_opacity": null, "border_wellknown": "horizline", "fill_type": "color", "fill_color": "#b45f06", "fill_opacity": 1, "fill_wellknown": "horizline", "fill_shape_color": null, "fill_shape_width": null, "fill_shape_size": null, "fill_img_url": null, "marker_img_url": null}},{"type": "Feature", "id": "layer_data_map.fid--27e80436_1a098b908f8_7fd9", "geometry": {"type": "Point", "coordinates": [106.92488889, 47.91825]}, "geometry_name": "geom", "properties": {"guid": 4113, "id": 4113, "object_no": null, "object_name": null, "layer_type_id": 211, "valid_to": null, "address_no": null, "border_type": "solid", "border_width": null, "border_color": null, "border_opacity": null, "border_wellknown": "horizline", "fill_type": "color", "fill_color": "#b45f06", "fill_opacity": 1, "fill_wellknown": "horizline", "fill_shape_color": null, "fill_shape_width": null, "fill_shape_size": null, "fill_img_url": null, "marker_img_url": null}},{"type": "Feature", "id": "layer_data_map.fid--27e80436_1a098b908f8_7fda", "geometry": {"type": "Point", "coordinates": [106.91216667, 47.9155]}, "geometry_name": "geom", "properties": {"guid": 4114, "id": 4114, "object_no": null, "object_name": null, "layer_type_id": 211, "valid_to": null, "address_no": null, "border_type": "solid", "border_width": null, "border_color": null, "border_opacity": null, "border_wellknown": "horizline", "fill_type": "color", "fill_color": "#b45f06", "fill_opacity": 1, "fill_wellknown": "horizline", "fill_shape_color": null, "fill_shape_width": null, "fill_shape_size": null, "fill_img_url": null, "marker_img_url": null}},{"type": "Feature", "id": "layer_data_map.fid--27e80436_1a098b908f8_7fdb", "geometry": {"type": "Point", "coordinates": [107.05377778, 47.962]}, "geometry_name": "geom", "properties": {"guid": 4115, "id": 4115, "object_no": null, "object_name": null, "layer_type_id": 211, "valid_to": null, "address_no": null, "border_type": "solid", "border_width": null, "border_color": null, "border_opacity": null, "border_wellknown": "horizline", "fill_type": "color", "fill_color": "#b45f06", "fill_opacity": 1, "fill_wellknown": "horizline", "fill_shape_color": null, "fill_shape_width": null, "fill_shape_size": null, "fill_img_url": null, "marker_img_url": null}},{"type": "Feature", "id": "layer_data_map.fid--27e80436_1a098b908f8_7fdc", "geometry": {"type": "Point", "coordinates": [106.91902778, 47.9225]}, "geometry_name": "geom", "properties": {"guid": 4116, "id": 4116, "object_no": null, "object_name": null, "layer_type_id": 211, "valid_to": null, "address_no": null, "border_type": "solid", "border_width": null, "border_color": null, "border_opacity": null, "border_wellknown": "horizline", "fill_type": "color", "fill_color": "#b45f06", "fill_opacity": 1, "fill_wellknown": "horizline", "fill_shape_color": null, "fill_shape_width": null, "fill_shape_size": null, "fill_img_url": null, "marker_img_url": null}},{"type": "Feature", "id": "layer_data_map.fid--27e80436_1a098b908f8_7fdd", "geometry": {"type": "Point", "coordinates": [106.98177778, 47.91652778]}, "geometry_name": "geom", "properties": {"guid": 4117, "id": 4117, "object_no": null, "object_name": null, "layer_type_id": 211, "valid_to": null, "address_no": null, "border_type": "solid", "border_width": null, "border_color": null, "border_opacity": null, "border_wellknown": "horizline", "fill_type": "color", "fill_color": "#b45f06", "fill_opacity": 1, "fill_wellknown": "horizline", "fill_shape_color": null, "fill_shape_width": null, "fill_shape_size": null, "fill_img_url": null, "marker_img_url": null}},{"type": "Feature", "id": "layer_data_map.fid--27e80436_1a098b908f8_7fde", "geometry": {"type": "Point", "coordinates": [106.9655, 47.91680556]}, "geometry_name": "geom", "properties": {"guid": 4118, "id": 4118, "object_no": null, "object_name": null, "layer_type_id": 211, "valid_to": null, "address_no": null, "border_type": "solid", "border_width": null, "border_color": null, "border_opacity": null, "border_wellknown": "horizline", "fill_type": "color", "fill_color": "#b45f06", "fill_opacity": 1, "fill_wellknown": "horizline", "fill_shape_color": null, "fill_shape_width": null, "fill_shape_size": null, "fill_img_url": null, "marker_img_url": null}},{"type": "Feature", "id": "layer_data_map.fid--27e80436_1a098b908f8_7fdf", "geometry": {"type": "Point", "coordinates": [107.07427778, 48.08452778]}, "geometry_name": "geom", "properties": {"guid": 4119, "id": 4119, "object_no": null, "object_name": null, "layer_type_id": 211, "valid_to": null, "address_no": null, "border_type": "solid", "border_width": null, "border_color": null, "border_opacity": null, "border_wellknown": "horizline", "fill_type": "color", "fill_color": "#b45f06", "fill_opacity": 1, "fill_wellknown": "horizline", "fill_shape_color": null, "fill_shape_width": null, "fill_shape_size": null, "fill_img_url": null, "marker_img_url": null}},{"type": "Feature", "id": "layer_data_map.fid--27e80436_1a098b908f8_7fe0", "geometry": {"type": "Point", "coordinates": [107.31130556, 48.00175]}, "geometry_name": "geom", "properties": {"guid": 4120, "id": 4120, "object_no": null, "object_name": null, "layer_type_id": 211, "valid_to": null, "address_no": null, "border_type": "solid", "border_width": null, "border_color": null, "border_opacity": null, "border_wellknown": "horizline", "fill_type": "color", "fill_color": "#b45f06", "fill_opacity": 1, "fill_wellknown": "horizline", "fill_shape_color": null, "fill_shape_width": null, "fill_shape_size": null, "fill_img_url": null, "marker_img_url": null}},{"type": "Feature", "id": "layer_data_map.fid--27e80436_1a098b908f8_7fe1", "geometry": {"type": "Point", "coordinates": [107.17569444, 47.91705556]}, "geometry_name": "geom", "properties": {"guid": 4121, "id": 4121, "object_no": null, "object_name": null, "layer_type_id": 211, "valid_to": null, "address_no": null, "border_type": "solid", "border_width": null, "border_color": null, "border_opacity": null, "border_wellknown": "horizline", "fill_type": "color", "fill_color": "#b45f06", "fill_opacity": 1, "fill_wellknown": "horizline", "fill_shape_color": null, "fill_shape_width": null, "fill_shape_size": null, "fill_img_url": null, "marker_img_url": null}},{"type": "Feature", "id": "layer_data_map.fid--27e80436_1a098b908f8_7fe2", "geometry": {"type": "Point", "coordinates": [107.17658333, 47.91241667]}, "geometry_name": "geom", "properties": {"guid": 4122, "id": 4122, "object_no": null, "object_name": null, "layer_type_id": 211, "valid_to": null, "address_no": null, "border_type": "solid", "border_width": null, "border_color": null, "border_opacity": null, "border_wellknown": "horizline", "fill_type": "color", "fill_color": "#b45f06", "fill_opacity": 1, "fill_wellknown": "horizline", "fill_shape_color": null, "fill_shape_width": null, "fill_shape_size": null, "fill_img_url": null, "marker_img_url": null}},{"type": "Feature", "id": "layer_data_map.fid--27e80436_1a098b908f8_7fe3", "geometry": {"type": "Point", "coordinates": [106.90941667, 47.8875]}, "geometry_name": "geom", "properties": {"guid": 4123, "id": 4123, "object_no": null, "object_name": null, "layer_type_id": 211, "valid_to": null, "address_no": null, "border_type": "solid", "border_width": null, "border_color": null, "border_opacity": null, "border_wellknown": "horizline", "fill_type": "color", "fill_color": "#b45f06", "fill_opacity": 1, "fill_wellknown": "horizline", "fill_shape_color": null, "fill_shape_width": null, "fill_shape_size": null, "fill_img_url": null, "marker_img_url": null}},{"type": "Feature", "id": "layer_data_map.fid--27e80436_1a098b908f8_7fe4", "geometry": {"type": "Point", "coordinates": [107.30105556, 47.86419444]}, "geometry_name": "geom", "properties": {"guid": 4124, "id": 4124, "object_no": null, "object_name": null, "layer_type_id": 211, "valid_to": null, "address_no": null, "border_type": "solid", "border_width": null, "border_color": null, "border_opacity": null, "border_wellknown": "horizline", "fill_type": "color", "fill_color": "#b45f06", "fill_opacity": 1, "fill_wellknown": "horizline", "fill_shape_color": null, "fill_shape_width": null, "fill_shape_size": null, "fill_img_url": null, "marker_img_url": null}},{"type": "Feature", "id": "layer_data_map.fid--27e80436_1a098b908f8_7fe5", "geometry": {"type": "Point", "coordinates": [107.27280556, 47.86175]}, "geometry_name": "geom", "properties": {"guid": 4125, "id": 4125, "object_no": null, "object_name": null, "layer_type_id": 211, "valid_to": null, "address_no": null, "border_type": "solid", "border_width": null, "border_color": null, "border_opacity": null, "border_wellknown": "horizline", "fill_type": "color", "fill_color": "#b45f06", "fill_opacity": 1, "fill_wellknown": "horizline", "fill_shape_color": null, "fill_shape_width": null, "fill_shape_size": null, "fill_img_url": null, "marker_img_url": null}},{"type": "Feature", "id": "layer_data_map.fid--27e80436_1a098b908f8_7fe6", "geometry": {"type": "Point", "coordinates": [107.25597222, 47.87877778]}, "geometry_name": "geom", "properties": {"guid": 4126, "id": 4126, "object_no": null, "object_name": null, "layer_type_id": 211, "valid_to": null, "address_no": null, "border_type": "solid", "border_width": null, "border_color": null, "border_opacity": null, "border_wellknown": "horizline", "fill_type": "color", "fill_color": "#b45f06", "fill_opacity": 1, "fill_wellknown": "horizline", "fill_shape_color": null, "fill_shape_width": null, "fill_shape_size": null, "fill_img_url": null, "marker_img_url": null}},{"type": "Feature", "id": "layer_data_map.fid--27e80436_1a098b908f8_7fe7", "geometry": {"type": "Point", "coordinates": [107.33308333, 47.948]}, "geometry_name": "geom", "properties": {"guid": 4127, "id": 4127, "object_no": null, "object_name": null, "layer_type_id": 211, "valid_to": null, "address_no": null, "border_type": "solid", "border_width": null, "border_color": null, "border_opacity": null, "border_wellknown": "horizline", "fill_type": "color", "fill_color": "#b45f06", "fill_opacity": 1, "fill_wellknown": "horizline", "fill_shape_color": null, "fill_shape_width": null, "fill_shape_size": null, "fill_img_url": null, "marker_img_url": null}},{"type": "Feature", "id": "layer_data_map.fid--27e80436_1a098b908f8_7fe8", "geometry": {"type": "Point", "coordinates": [106.90913889, 47.92019444]}, "geometry_name": "geom", "properties": {"guid": 4128, "id": 4128, "object_no": null, "object_name": null, "layer_type_id": 211, "valid_to": null, "address_no": null, "border_type": "solid", "border_width": null, "border_color": null, "border_opacity": null, "border_wellknown": "horizline", "fill_type": "color", "fill_color": "#b45f06", "fill_opacity": 1, "fill_wellknown": "horizline", "fill_shape_color": null, "fill_shape_width": null, "fill_shape_size": null, "fill_img_url": null, "marker_img_url": null}},{"type": "Feature", "id": "layer_data_map.fid--27e80436_1a098b908f8_7fe9", "geometry": {"type": "Point", "coordinates": [106.90077778, 47.92083333]}, "geometry_name": "geom", "properties": {"guid": 4129, "id": 4129, "object_no": null, "object_name": null, "layer_type_id": 211, "valid_to": null, "address_no": null, "border_type": "solid", "border_width": null, "border_color": null, "border_opacity": null, "border_wellknown": "horizline", "fill_type": "color", "fill_color": "#b45f06", "fill_opacity": 1, "fill_wellknown": "horizline", "fill_shape_color": null, "fill_shape_width": null, "fill_shape_size": null, "fill_img_url": null, "marker_img_url": null}},{"type": "Feature", "id": "layer_data_map.fid--27e80436_1a098b908f8_7fea", "geometry": {"type": "Point", "coordinates": [106.90963889, 47.88683333]}, "geometry_name": "geom", "properties": {"guid": 4130, "id": 4130, "object_no": null, "object_name": null, "layer_type_id": 211, "valid_to": null, "address_no": null, "border_type": "solid", "border_width": null, "border_color": null, "border_opacity": null, "border_wellknown": "horizline", "fill_type": "color", "fill_color": "#b45f06", "fill_opacity": 1, "fill_wellknown": "horizline", "fill_shape_color": null, "fill_shape_width": null, "fill_shape_size": null, "fill_img_url": null, "marker_img_url": null}},{"type": "Feature", "id": "layer_data_map.fid--27e80436_1a098b908f8_7feb", "geometry": {"type": "Point", "coordinates": [106.9206656, 47.91746286]}, "geometry_name": "geom", "properties": {"guid": 4131, "id": 4131, "object_no": null, "object_name": null, "layer_type_id": 211, "valid_to": null, "address_no": null, "border_type": "solid", "border_width": null, "border_color": null, "border_opacity": null, "border_wellknown": "horizline", "fill_type": "color", "fill_color": "#b45f06", "fill_opacity": 1, "fill_wellknown": "horizline", "fill_shape_color": null, "fill_shape_width": null, "fill_shape_size": null, "fill_img_url": null, "marker_img_url": null}},{"type": "Feature", "id": "layer_data_map.fid--27e80436_1a098b908f8_7fec", "geometry": {"type": "Point", "coordinates": [106.90972222, 47.88661111]}, "geometry_name": "geom", "properties": {"guid": 4132, "id": 4132, "object_no": null, "object_name": null, "layer_type_id": 211, "valid_to": null, "address_no": null, "border_type": "solid", "border_width": null, "border_color": null, "border_opacity": null, "border_wellknown": "horizline", "fill_type": "color", "fill_color": "#b45f06", "fill_opacity": 1, "fill_wellknown": "horizline", "fill_shape_color": null, "fill_shape_width": null, "fill_shape_size": null, "fill_img_url": null, "marker_img_url": null}},{"type": "Feature", "id": "layer_data_map.fid--27e80436_1a098b908f8_7fed", "geometry": {"type": "Point", "coordinates": [107.26113889, 47.85411111]}, "geometry_name": "geom", "properties": {"guid": 4133, "id": 4133, "object_no": null, "object_name": null, "layer_type_id": 211, "valid_to": null, "address_no": null, "border_type": "solid", "border_width": null, "border_color": null, "border_opacity": null, "border_wellknown": "horizline", "fill_type": "color", "fill_color": "#b45f06", "fill_opacity": 1, "fill_wellknown": "horizline", "fill_shape_color": null, "fill_shape_width": null, "fill_shape_size": null, "fill_img_url": null, "marker_img_url": null}},{"type": "Feature", "id": "layer_data_map.fid--27e80436_1a098b908f8_7fee", "geometry": {"type": "Point", "coordinates": [106.89969444, 47.92491667]}, "geometry_name": "geom", "properties": {"guid": 4134, "id": 4134, "object_no": null, "object_name": null, "layer_type_id": 211, "valid_to": null, "address_no": null, "border_type": "solid", "border_width": null, "border_color": null, "border_opacity": null, "border_wellknown": "horizline", "fill_type": "color", "fill_color": "#b45f06", "fill_opacity": 1, "fill_wellknown": "horizline", "fill_shape_color": null, "fill_shape_width": null, "fill_shape_size": null, "fill_img_url": null, "marker_img_url": null}},{"type": "Feature", "id": "layer_data_map.fid--27e80436_1a098b908f8_7fef", "geometry": {"type": "Point", "coordinates": [107.02883333, 47.97427778]}, "geometry_name": "geom", "properties": {"guid": 4135, "id": 4135, "object_no": null, "object_name": null, "layer_type_id": 211, "valid_to": null, "address_no": null, "border_type": "solid", "border_width": null, "border_color": null, "border_opacity": null, "border_wellknown": "horizline", "fill_type": "color", "fill_color": "#b45f06", "fill_opacity": 1, "fill_wellknown": "horizline", "fill_shape_color": null, "fill_shape_width": null, "fill_shape_size": null, "fill_img_url": null, "marker_img_url": null}},{"type": "Feature", "id": "layer_data_map.fid--27e80436_1a098b908f8_7ff0", "geometry": {"type": "Point", "coordinates": [107.30516667, 48.00405556]}, "geometry_name": "geom", "properties": {"guid": 4136, "id": 4136, "object_no": null, "object_name": null, "layer_type_id": 211, "valid_to": null, "address_no": null, "border_type": "solid", "border_width": null, "border_color": null, "border_opacity": null, "border_wellknown": "horizline", "fill_type": "color", "fill_color": "#b45f06", "fill_opacity": 1, "fill_wellknown": "horizline", "fill_shape_color": null, "fill_shape_width": null, "fill_shape_size": null, "fill_img_url": null, "marker_img_url": null}},{"type": "Feature", "id": "layer_data_map.fid--27e80436_1a098b908f8_7ff1", "geometry": {"type": "Point", "coordinates": [107.24083333, 47.95377778]}, "geometry_name": "geom", "properties": {"guid": 4137, "id": 4137, "object_no": null, "object_name": null, "layer_type_id": 211, "valid_to": null, "address_no": null, "border_type": "solid", "border_width": null, "border_color": null, "border_opacity": null, "border_wellknown": "horizline", "fill_type": "color", "fill_color": "#b45f06", "fill_opacity": 1, "fill_wellknown": "horizline", "fill_shape_color": null, "fill_shape_width": null, "fill_shape_size": null, "fill_img_url": null, "marker_img_url": null}},{"type": "Feature", "id": "layer_data_map.fid--27e80436_1a098b908f8_7ff2", "geometry": {"type": "Point", "coordinates": [107.22111111, 47.78741667]}, "geometry_name": "geom", "properties": {"guid": 4138, "id": 4138, "object_no": null, "object_name": null, "layer_type_id": 211, "valid_to": null, "address_no": null, "border_type": "solid", "border_width": null, "border_color": null, "border_opacity": null, "border_wellknown": "horizline", "fill_type": "color", "fill_color": "#b45f06", "fill_opacity": 1, "fill_wellknown": "horizline", "fill_shape_color": null, "fill_shape_width": null, "fill_shape_size": null, "fill_img_url": null, "marker_img_url": null}},{"type": "Feature", "id": "layer_data_map.fid--27e80436_1a098b908f8_7ff3", "geometry": {"type": "Point", "coordinates": [108.22822222, 47.93602778]}, "geometry_name": "geom", "properties": {"guid": 4139, "id": 4139, "object_no": null, "object_name": null, "layer_type_id": 211, "valid_to": null, "address_no": null, "border_type": "solid", "border_width": null, "border_color": null, "border_opacity": null, "border_wellknown": "horizline", "fill_type": "color", "fill_color": "#b45f06", "fill_opacity": 1, "fill_wellknown": "horizline", "fill_shape_color": null, "fill_shape_width": null, "fill_shape_size": null, "fill_img_url": null, "marker_img_url": null}},{"type": "Feature", "id": "layer_data_map.fid--27e80436_1a098b908f8_7ff4", "geometry": {"type": "Point", "coordinates": [106.90941667, 47.88669444]}, "geometry_name": "geom", "properties": {"guid": 4140, "id": 4140, "object_no": null, "object_name": null, "layer_type_id": 211, "valid_to": null, "address_no": null, "border_type": "solid", "border_width": null, "border_color": null, "border_opacity": null, "border_wellknown": "horizline", "fill_type": "color", "fill_color": "#b45f06", "fill_opacity": 1, "fill_wellknown": "horizline", "fill_shape_color": null, "fill_shape_width": null, "fill_shape_size": null, "fill_img_url": null, "marker_img_url": null}},{"type": "Feature", "id": "layer_data_map.fid--27e80436_1a098b908f8_7ff5", "geometry": {"type": "Point", "coordinates": [107.19125, 47.90583333]}, "geometry_name": "geom", "properties": {"guid": 4141, "id": 4141, "object_no": null, "object_name": null, "layer_type_id": 211, "valid_to": null, "address_no": null, "border_type": "solid", "border_width": null, "border_color": null, "border_opacity": null, "border_wellknown": "horizline", "fill_type": "color", "fill_color": "#b45f06", "fill_opacity": 1, "fill_wellknown": "horizline", "fill_shape_color": null, "fill_shape_width": null, "fill_shape_size": null, "fill_img_url": null, "marker_img_url": null}},{"type": "Feature", "id": "layer_data_map.fid--27e80436_1a098b908f8_7ff6", "geometry": {"type": "Point", "coordinates": [107.23144444, 48.02472222]}, "geometry_name": "geom", "properties": {"guid": 4142, "id": 4142, "object_no": null, "object_name": null, "layer_type_id": 211, "valid_to": null, "address_no": null, "border_type": "solid", "border_width": null, "border_color": null, "border_opacity": null, "border_wellknown": "horizline", "fill_type": "color", "fill_color": "#b45f06", "fill_opacity": 1, "fill_wellknown": "horizline", "fill_shape_color": null, "fill_shape_width": null, "fill_shape_size": null, "fill_img_url": null, "marker_img_url": null}},{"type": "Feature", "id": "layer_data_map.fid--27e80436_1a098b908f8_7ff7", "geometry": {"type": "Point", "coordinates": [107.22552778, 47.94016667]}, "geometry_name": "geom", "properties": {"guid": 4143, "id": 4143, "object_no": null, "object_name": null, "layer_type_id": 211, "valid_to": null, "address_no": null, "border_type": "solid", "border_width": null, "border_color": null, "border_opacity": null, "border_wellknown": "horizline", "fill_type": "color", "fill_color": "#b45f06", "fill_opacity": 1, "fill_wellknown": "horizline", "fill_shape_color": null, "fill_shape_width": null, "fill_shape_size": null, "fill_img_url": null, "marker_img_url": null}},{"type": "Feature", "id": "layer_data_map.fid--27e80436_1a098b908f8_7ff8", "geometry": {"type": "Point", "coordinates": [106.91555556, 47.92702778]}, "geometry_name": "geom", "properties": {"guid": 4144, "id": 4144, "object_no": null, "object_name": null, "layer_type_id": 211, "valid_to": null, "address_no": null, "border_type": "solid", "border_width": null, "border_color": null, "border_opacity": null, "border_wellknown": "horizline", "fill_type": "color", "fill_color": "#b45f06", "fill_opacity": 1, "fill_wellknown": "horizline", "fill_shape_color": null, "fill_shape_width": null, "fill_shape_size": null, "fill_img_url": null, "marker_img_url": null}},{"type": "Feature", "id": "layer_data_map.fid--27e80436_1a098b908f8_7ff9", "geometry": {"type": "Point", "coordinates": [106.75738889, 47.85388889]}, "geometry_name": "geom", "properties": {"guid": 4145, "id": 4145, "object_no": null, "object_name": null, "layer_type_id": 211, "valid_to": null, "address_no": null, "border_type": "solid", "border_width": null, "border_color": null, "border_opacity": null, "border_wellknown": "horizline", "fill_type": "color", "fill_color": "#b45f06", "fill_opacity": 1, "fill_wellknown": "horizline", "fill_shape_color": null, "fill_shape_width": null, "fill_shape_size": null, "fill_img_url": null, "marker_img_url": null}},{"type": "Feature", "id": "layer_data_map.fid--27e80436_1a098b908f8_7ffa", "geometry": {"type": "Point", "coordinates": [106.91855556, 47.92266667]}, "geometry_name": "geom", "properties": {"guid": 4146, "id": 4146, "object_no": null, "object_name": null, "layer_type_id": 211, "valid_to": null, "address_no": null, "border_type": "solid", "border_width": null, "border_color": null, "border_opacity": null, "border_wellknown": "horizline", "fill_type": "color", "fill_color": "#b45f06", "fill_opacity": 1, "fill_wellknown": "horizline", "fill_shape_color": null, "fill_shape_width": null, "fill_shape_size": null, "fill_img_url": null, "marker_img_url": null}},{"type": "Feature", "id": "layer_data_map.fid--27e80436_1a098b908f8_7ffb", "geometry": {"type": "Point", "coordinates": [106.90030555, 47.92191667]}, "geometry_name": "geom", "properties": {"guid": 4147, "id": 4147, "object_no": null, "object_name": null, "layer_type_id": 211, "valid_to": null, "address_no": null, "border_type": "solid", "border_width": null, "border_color": null, "border_opacity": null, "border_wellknown": "horizline", "fill_type": "color", "fill_color": "#b45f06", "fill_opacity": 1, "fill_wellknown": "horizline", "fill_shape_color": null, "fill_shape_width": null, "fill_shape_size": null, "fill_img_url": null, "marker_img_url": null}},{"type": "Feature", "id": "layer_data_map.fid--27e80436_1a098b908f8_7ffc", "geometry": {"type": "Point", "coordinates": [107.20877778, 47.92433333]}, "geometry_name": "geom", "properties": {"guid": 4148, "id": 4148, "object_no": null, "object_name": null, "layer_type_id": 211, "valid_to": null, "address_no": null, "border_type": "solid", "border_width": null, "border_color": null, "border_opacity": null, "border_wellknown": "horizline", "fill_type": "color", "fill_color": "#b45f06", "fill_opacity": 1, "fill_wellknown": "horizline", "fill_shape_color": null, "fill_shape_width": null, "fill_shape_size": null, "fill_img_url": null, "marker_img_url": null}},{"type": "Feature", "id": "layer_data_map.fid--27e80436_1a098b908f8_7ffd", "geometry": {"type": "Point", "coordinates": [106.92038889, 47.91694444]}, "geometry_name": "geom", "properties": {"guid": 4149, "id": 4149, "object_no": null, "object_name": null, "layer_type_id": 211, "valid_to": null, "address_no": null, "border_type": "solid", "border_width": null, "border_color": null, "border_opacity": null, "border_wellknown": "horizline", "fill_type": "color", "fill_color": "#b45f06", "fill_opacity": 1, "fill_wellknown": "horizline", "fill_shape_color": null, "fill_shape_width": null, "fill_shape_size": null, "fill_img_url": null, "marker_img_url": null}},{"type": "Feature", "id": "layer_data_map.fid--27e80436_1a098b908f8_7ffe", "geometry": {"type": "Point", "coordinates": [106.90291667, 47.91961111]}, "geometry_name": "geom", "properties": {"guid": 4150, "id": 4150, "object_no": null, "object_name": null, "layer_type_id": 211, "valid_to": null, "address_no": null, "border_type": "solid", "border_width": null, "border_color": null, "border_opacity": null, "border_wellknown": "horizline", "fill_type": "color", "fill_color": "#b45f06", "fill_opacity": 1, "fill_wellknown": "horizline", "fill_shape_color": null, "fill_shape_width": null, "fill_shape_size": null, "fill_img_url": null, "marker_img_url": null}},{"type": "Feature", "id": "layer_data_map.fid--27e80436_1a098c1eed1_-8000", "geometry": {"type": "Point", "coordinates": [106.91677778, 47.91747222]}, "geometry_name": "geom", "properties": {"guid": 4151, "id": 4151, "object_no": null, "object_name": null, "layer_type_id": 211, "valid_to": null, "address_no": null, "border_type": "solid", "border_width": null, "border_color": null, "border_opacity": null, "border_wellknown": "horizline", "fill_type": "color", "fill_color": "#b45f06", "fill_opacity": 1, "fill_wellknown": "horizline", "fill_shape_color": null, "fill_shape_width": null, "fill_shape_size": null, "fill_img_url": null, "marker_img_url": null}},{"type": "Feature", "id": "layer_data_map.fid--27e80436_1a098c1eed1_-7fff", "geometry": {"type": "Point", "coordinates": [106.98883333, 47.92194444]}, "geometry_name": "geom", "properties": {"guid": 4152, "id": 4152, "object_no": null, "object_name": null, "layer_type_id": 211, "valid_to": null, "address_no": null, "border_type": "solid", "border_width": null, "border_color": null, "border_opacity": null, "border_wellknown": "horizline", "fill_type": "color", "fill_color": "#b45f06", "fill_opacity": 1, "fill_wellknown": "horizline", "fill_shape_color": null, "fill_shape_width": null, "fill_shape_size": null, "fill_img_url": null, "marker_img_url": null}},{"type": "Feature", "id": "layer_data_map.fid--27e80436_1a098c1eed1_-7ffe", "geometry": {"type": "Point", "coordinates": [106.62861111, 48.07716667]}, "geometry_name": "geom", "properties": {"guid": 4153, "id": 4153, "object_no": null, "object_name": null, "layer_type_id": 211, "valid_to": null, "address_no": null, "border_type": "solid", "border_width": null, "border_color": null, "border_opacity": null, "border_wellknown": "horizline", "fill_type": "color", "fill_color": "#b45f06", "fill_opacity": 1, "fill_wellknown": "horizline", "fill_shape_color": null, "fill_shape_width": null, "fill_shape_size": null, "fill_img_url": null, "marker_img_url": null}},{"type": "Feature", "id": "layer_data_map.fid--27e80436_1a098c1eed1_-7ffd", "geometry": {"type": "Point", "coordinates": [107.15894444, 47.95919444]}, "geometry_name": "geom", "properties": {"guid": 4154, "id": 4154, "object_no": null, "object_name": null, "layer_type_id": 211, "valid_to": null, "address_no": null, "border_type": "solid", "border_width": null, "border_color": null, "border_opacity": null, "border_wellknown": "horizline", "fill_type": "color", "fill_color": "#b45f06", "fill_opacity": 1, "fill_wellknown": "horizline", "fill_shape_color": null, "fill_shape_width": null, "fill_shape_size": null, "fill_img_url": null, "marker_img_url": null}},{"type": "Feature", "id": "layer_data_map.fid--27e80436_1a098c1eed1_-7ffc", "geometry": {"type": "Point", "coordinates": [107.16994444, 47.92638889]}, "geometry_name": "geom", "properties": {"guid": 4155, "id": 4155, "object_no": null, "object_name": null, "layer_type_id": 211, "valid_to": null, "address_no": null, "border_type": "solid", "border_width": null, "border_color": null, "border_opacity": null, "border_wellknown": "horizline", "fill_type": "color", "fill_color": "#b45f06", "fill_opacity": 1, "fill_wellknown": "horizline", "fill_shape_color": null, "fill_shape_width": null, "fill_shape_size": null, "fill_img_url": null, "marker_img_url": null}},{"type": "Feature", "id": "layer_data_map.fid--27e80436_1a098c1eed1_-7ffb", "geometry": {"type": "Point", "coordinates": [106.91238889, 47.916]}, "geometry_name": "geom", "properties": {"guid": 4156, "id": 4156, "object_no": null, "object_name": null, "layer_type_id": 211, "valid_to": null, "address_no": null, "border_type": "solid", "border_width": null, "border_color": null, "border_opacity": null, "border_wellknown": "horizline", "fill_type": "color", "fill_color": "#b45f06", "fill_opacity": 1, "fill_wellknown": "horizline", "fill_shape_color": null, "fill_shape_width": null, "fill_shape_size": null, "fill_img_url": null, "marker_img_url": null}},{"type": "Feature", "id": "layer_data_map.fid--27e80436_1a098c1eed1_-7ffa", "geometry": {"type": "Point", "coordinates": [107.25902778, 47.87736111]}, "geometry_name": "geom", "properties": {"guid": 4157, "id": 4157, "object_no": null, "object_name": null, "layer_type_id": 211, "valid_to": null, "address_no": null, "border_type": "solid", "border_width": null, "border_color": null, "border_opacity": null, "border_wellknown": "horizline", "fill_type": "color", "fill_color": "#b45f06", "fill_opacity": 1, "fill_wellknown": "horizline", "fill_shape_color": null, "fill_shape_width": null, "fill_shape_size": null, "fill_img_url": null, "marker_img_url": null}},{"type": "Feature", "id": "layer_data_map.fid--27e80436_1a098c1eed1_-7ff9", "geometry": {"type": "Point", "coordinates": [106.91769444, 47.93522222]}, "geometry_name": "geom", "properties": {"guid": 4158, "id": 4158, "object_no": null, "object_name": null, "layer_type_id": 211, "valid_to": null, "address_no": null, "border_type": "solid", "border_width": null, "border_color": null, "border_opacity": null, "border_wellknown": "horizline", "fill_type": "color", "fill_color": "#b45f06", "fill_opacity": 1, "fill_wellknown": "horizline", "fill_shape_color": null, "fill_shape_width": null, "fill_shape_size": null, "fill_img_url": null, "marker_img_url": null}},{"type": "Feature", "id": "layer_data_map.fid--27e80436_1a098c1eed1_-7ff8", "geometry": {"type": "Point", "coordinates": [107.43375, 47.35027778]}, "geometry_name": "geom", "properties": {"guid": 4159, "id": 4159, "object_no": null, "object_name": null, "layer_type_id": 211, "valid_to": null, "address_no": null, "border_type": "solid", "border_width": null, "border_color": null, "border_opacity": null, "border_wellknown": "horizline", "fill_type": "color", "fill_color": "#b45f06", "fill_opacity": 1, "fill_wellknown": "horizline", "fill_shape_color": null, "fill_shape_width": null, "fill_shape_size": null, "fill_img_url": null, "marker_img_url": null}},{"type": "Feature", "id": "layer_data_map.fid--27e80436_1a098c1eed1_-7ff7", "geometry": {"type": "Point", "coordinates": [107.14625, 47.93972222]}, "geometry_name": "geom", "properties": {"guid": 4160, "id": 4160, "object_no": null, "object_name": null, "layer_type_id": 211, "valid_to": null, "address_no": null, "border_type": "solid", "border_width": null, "border_color": null, "border_opacity": null, "border_wellknown": "horizline", "fill_type": "color", "fill_color": "#b45f06", "fill_opacity": 1, "fill_wellknown": "horizline", "fill_shape_color": null, "fill_shape_width": null, "fill_shape_size": null, "fill_img_url": null, "marker_img_url": null}},{"type": "Feature", "id": "layer_data_map.fid--27e80436_1a098c1eed1_-7ff6", "geometry": {"type": "Point", "coordinates": [108.32994444, 47.90177778]}, "geometry_name": "geom", "properties": {"guid": 4161, "id": 4161, "object_no": null, "object_name": null, "layer_type_id": 211, "valid_to": null, "address_no": null, "border_type": "solid", "border_width": null, "border_color": null, "border_opacity": null, "border_wellknown": "horizline", "fill_type": "color", "fill_color": "#b45f06", "fill_opacity": 1, "fill_wellknown": "horizline", "fill_shape_color": null, "fill_shape_width": null, "fill_shape_size": null, "fill_img_url": null, "marker_img_url": null}},{"type": "Feature", "id": "layer_data_map.fid--27e80436_1a098c1eed1_-7ff5", "geometry": {"type": "Point", "coordinates": [107.252, 47.88491667]}, "geometry_name": "geom", "properties": {"guid": 4162, "id": 4162, "object_no": null, "object_name": null, "layer_type_id": 211, "valid_to": null, "address_no": null, "border_type": "solid", "border_width": null, "border_color": null, "border_opacity": null, "border_wellknown": "horizline", "fill_type": "color", "fill_color": "#b45f06", "fill_opacity": 1, "fill_wellknown": "horizline", "fill_shape_color": null, "fill_shape_width": null, "fill_shape_size": null, "fill_img_url": null, "marker_img_url": null}},{"type": "Feature", "id": "layer_data_map.fid--27e80436_1a098c1eed1_-7ff4", "geometry": {"type": "Point", "coordinates": [106.90802778, 47.92019444]}, "geometry_name": "geom", "properties": {"guid": 4163, "id": 4163, "object_no": null, "object_name": null, "layer_type_id": 211, "valid_to": null, "address_no": null, "border_type": "solid", "border_width": null, "border_color": null, "border_opacity": null, "border_wellknown": "horizline", "fill_type": "color", "fill_color": "#b45f06", "fill_opacity": 1, "fill_wellknown": "horizline", "fill_shape_color": null, "fill_shape_width": null, "fill_shape_size": null, "fill_img_url": null, "marker_img_url": null}},{"type": "Feature", "id": "layer_data_map.fid--27e80436_1a098c1eed1_-7ff3", "geometry": {"type": "Point", "coordinates": [106.58438889, 47.81347222]}, "geometry_name": "geom", "properties": {"guid": 4164, "id": 4164, "object_no": null, "object_name": null, "layer_type_id": 211, "valid_to": null, "address_no": null, "border_type": "solid", "border_width": null, "border_color": null, "border_opacity": null, "border_wellknown": "horizline", "fill_type": "color", "fill_color": "#b45f06", "fill_opacity": 1, "fill_wellknown": "horizline", "fill_shape_color": null, "fill_shape_width": null, "fill_shape_size": null, "fill_img_url": null, "marker_img_url": null}},{"type": "Feature", "id": "layer_data_map.fid--27e80436_1a098c1eed1_-7ff2", "geometry": {"type": "Point", "coordinates": [106.91105556, 47.88588889]}, "geometry_name": "geom", "properties": {"guid": 4165, "id": 4165, "object_no": null, "object_name": null, "layer_type_id": 211, "valid_to": null, "address_no": null, "border_type": "solid", "border_width": null, "border_color": null, "border_opacity": null, "border_wellknown": "horizline", "fill_type": "color", "fill_color": "#b45f06", "fill_opacity": 1, "fill_wellknown": "horizline", "fill_shape_color": null, "fill_shape_width": null, "fill_shape_size": null, "fill_img_url": null, "marker_img_url": null}},{"type": "Feature", "id": "layer_data_map.fid--27e80436_1a098c1eed1_-7ff1", "geometry": {"type": "Point", "coordinates": [106.91797222, 47.91736111]}, "geometry_name": "geom", "properties": {"guid": 4166, "id": 4166, "object_no": null, "object_name": null, "layer_type_id": 211, "valid_to": null, "address_no": null, "border_type": "solid", "border_width": null, "border_color": null, "border_opacity": null, "border_wellknown": "horizline", "fill_type": "color", "fill_color": "#b45f06", "fill_opacity": 1, "fill_wellknown": "horizline", "fill_shape_color": null, "fill_shape_width": null, "fill_shape_size": null, "fill_img_url": null, "marker_img_url": null}},{"type": "Feature", "id": "layer_data_map.fid--27e80436_1a098c1eed1_-7ff0", "geometry": {"type": "Point", "coordinates": [106.90958333, 47.887]}, "geometry_name": "geom", "properties": {"guid": 4167, "id": 4167, "object_no": null, "object_name": null, "layer_type_id": 211, "valid_to": null, "address_no": null, "border_type": "solid", "border_width": null, "border_color": null, "border_opacity": null, "border_wellknown": "horizline", "fill_type": "color", "fill_color": "#b45f06", "fill_opacity": 1, "fill_wellknown": "horizline", "fill_shape_color": null, "fill_shape_width": null, "fill_shape_size": null, "fill_img_url": null, "marker_img_url": null}},{"type": "Feature", "id": "layer_data_map.fid--27e80436_1a098c1eed1_-7fef", "geometry": {"type": "Point", "coordinates": [106.8325, 47.86833333]}, "geometry_name": "geom", "properties": {"guid": 4168, "id": 4168, "object_no": null, "object_name": null, "layer_type_id": 211, "valid_to": null, "address_no": null, "border_type": "solid", "border_width": null, "border_color": null, "border_opacity": null, "border_wellknown": "horizline", "fill_type": "color", "fill_color": "#b45f06", "fill_opacity": 1, "fill_wellknown": "horizline", "fill_shape_color": null, "fill_shape_width": null, "fill_shape_size": null, "fill_img_url": null, "marker_img_url": null}},{"type": "Feature", "id": "layer_data_map.fid--27e80436_1a098c1eed1_-7fee", "geometry": {"type": "Point", "coordinates": [106.92163889, 47.91722222]}, "geometry_name": "geom", "properties": {"guid": 4169, "id": 4169, "object_no": null, "object_name": null, "layer_type_id": 211, "valid_to": null, "address_no": null, "border_type": "solid", "border_width": null, "border_color": null, "border_opacity": null, "border_wellknown": "horizline", "fill_type": "color", "fill_color": "#b45f06", "fill_opacity": 1, "fill_wellknown": "horizline", "fill_shape_color": null, "fill_shape_width": null, "fill_shape_size": null, "fill_img_url": null, "marker_img_url": null}},{"type": "Feature", "id": "layer_data_map.fid--27e80436_1a098c1eed1_-7fed", "geometry": {"type": "Point", "coordinates": [106.91325, 47.91563889]}, "geometry_name": "geom", "properties": {"guid": 4170, "id": 4170, "object_no": null, "object_name": null, "layer_type_id": 211, "valid_to": null, "address_no": null, "border_type": "solid", "border_width": null, "border_color": null, "border_opacity": null, "border_wellknown": "horizline", "fill_type": "color", "fill_color": "#b45f06", "fill_opacity": 1, "fill_wellknown": "horizline", "fill_shape_color": null, "fill_shape_width": null, "fill_shape_size": null, "fill_img_url": null, "marker_img_url": null}},{"type": "Feature", "id": "layer_data_map.fid--27e80436_1a098c1eed1_-7fec", "geometry": {"type": "Point", "coordinates": [107.23563889, 48.04180556]}, "geometry_name": "geom", "properties": {"guid": 4171, "id": 4171, "object_no": null, "object_name": null, "layer_type_id": 211, "valid_to": null, "address_no": null, "border_type": "solid", "border_width": null, "border_color": null, "border_opacity": null, "border_wellknown": "horizline", "fill_type": "color", "fill_color": "#b45f06", "fill_opacity": 1, "fill_wellknown": "horizline", "fill_shape_color": null, "fill_shape_width": null, "fill_shape_size": null, "fill_img_url": null, "marker_img_url": null}},{"type": "Feature", "id": "layer_data_map.fid--27e80436_1a098c1eed1_-7feb", "geometry": {"type": "Point", "coordinates": [106.91991667, 47.91733333]}, "geometry_name": "geom", "properties": {"guid": 4172, "id": 4172, "object_no": null, "object_name": null, "layer_type_id": 211, "valid_to": null, "address_no": null, "border_type": "solid", "border_width": null, "border_color": null, "border_opacity": null, "border_wellknown": "horizline", "fill_type": "color", "fill_color": "#b45f06", "fill_opacity": 1, "fill_wellknown": "horizline", "fill_shape_color": null, "fill_shape_width": null, "fill_shape_size": null, "fill_img_url": null, "marker_img_url": null}},{"type": "Feature", "id": "layer_data_map.fid--27e80436_1a098c1eed1_-7fea", "geometry": {"type": "Point", "coordinates": [106.72925, 48.01705556]}, "geometry_name": "geom", "properties": {"guid": 4173, "id": 4173, "object_no": null, "object_name": null, "layer_type_id": 211, "valid_to": null, "address_no": null, "border_type": "solid", "border_width": null, "border_color": null, "border_opacity": null, "border_wellknown": "horizline", "fill_type": "color", "fill_color": "#b45f06", "fill_opacity": 1, "fill_wellknown": "horizline", "fill_shape_color": null, "fill_shape_width": null, "fill_shape_size": null, "fill_img_url": null, "marker_img_url": null}},{"type": "Feature", "id": "layer_data_map.fid--27e80436_1a098c1eed1_-7fe9", "geometry": {"type": "Point", "coordinates": [108.31063889, 47.90419444]}, "geometry_name": "geom", "properties": {"guid": 4174, "id": 4174, "object_no": null, "object_name": null, "layer_type_id": 211, "valid_to": null, "address_no": null, "border_type": "solid", "border_width": null, "border_color": null, "border_opacity": null, "border_wellknown": "horizline", "fill_type": "color", "fill_color": "#b45f06", "fill_opacity": 1, "fill_wellknown": "horizline", "fill_shape_color": null, "fill_shape_width": null, "fill_shape_size": null, "fill_img_url": null, "marker_img_url": null}},{"type": "Feature", "id": "layer_data_map.fid--27e80436_1a098c1eed1_-7fe8", "geometry": {"type": "Point", "coordinates": [106.91580556, 47.91441667]}, "geometry_name": "geom", "properties": {"guid": 4175, "id": 4175, "object_no": null, "object_name": null, "layer_type_id": 211, "valid_to": null, "address_no": null, "border_type": "solid", "border_width": null, "border_color": null, "border_opacity": null, "border_wellknown": "horizline", "fill_type": "color", "fill_color": "#b45f06", "fill_opacity": 1, "fill_wellknown": "horizline", "fill_shape_color": null, "fill_shape_width": null, "fill_shape_size": null, "fill_img_url": null, "marker_img_url": null}},{"type": "Feature", "id": "layer_data_map.fid--27e80436_1a098c1eed1_-7fe7", "geometry": {"type": "Point", "coordinates": [108.28933333, 47.90591667]}, "geometry_name": "geom", "properties": {"guid": 4176, "id": 4176, "object_no": null, "object_name": null, "layer_type_id": 211, "valid_to": null, "address_no": null, "border_type": "solid", "border_width": null, "border_color": null, "border_opacity": null, "border_wellknown": "horizline", "fill_type": "color", "fill_color": "#b45f06", "fill_opacity": 1, "fill_wellknown": "horizline", "fill_shape_color": null, "fill_shape_width": null, "fill_shape_size": null, "fill_img_url": null, "marker_img_url": null}},{"type": "Feature", "id": "layer_data_map.fid--27e80436_1a098c1eed1_-7fe6", "geometry": {"type": "Point", "coordinates": [106.92208333, 48.06775]}, "geometry_name": "geom", "properties": {"guid": 4177, "id": 4177, "object_no": null, "object_name": null, "layer_type_id": 211, "valid_to": null, "address_no": null, "border_type": "solid", "border_width": null, "border_color": null, "border_opacity": null, "border_wellknown": "horizline", "fill_type": "color", "fill_color": "#b45f06", "fill_opacity": 1, "fill_wellknown": "horizline", "fill_shape_color": null, "fill_shape_width": null, "fill_shape_size": null, "fill_img_url": null, "marker_img_url": null}},{"type": "Feature", "id": "layer_data_map.fid--27e80436_1a098c1eed1_-7fe5", "geometry": {"type": "Point", "coordinates": [107.25861111, 47.95194444]}, "geometry_name": "geom", "properties": {"guid": 4178, "id": 4178, "object_no": null, "object_name": null, "layer_type_id": 211, "valid_to": null, "address_no": null, "border_type": "solid", "border_width": null, "border_color": null, "border_opacity": null, "border_wellknown": "horizline", "fill_type": "color", "fill_color": "#b45f06", "fill_opacity": 1, "fill_wellknown": "horizline", "fill_shape_color": null, "fill_shape_width": null, "fill_shape_size": null, "fill_img_url": null, "marker_img_url": null}},{"type": "Feature", "id": "layer_data_map.fid--27e80436_1a098c1eed1_-7fe4", "geometry": {"type": "Point", "coordinates": [106.90858333, 47.92036111]}, "geometry_name": "geom", "properties": {"guid": 4179, "id": 4179, "object_no": null, "object_name": null, "layer_type_id": 211, "valid_to": null, "address_no": null, "border_type": "solid", "border_width": null, "border_color": null, "border_opacity": null, "border_wellknown": "horizline", "fill_type": "color", "fill_color": "#b45f06", "fill_opacity": 1, "fill_wellknown": "horizline", "fill_shape_color": null, "fill_shape_width": null, "fill_shape_size": null, "fill_img_url": null, "marker_img_url": null}},{"type": "Feature", "id": "layer_data_map.fid--27e80436_1a098c1eed1_-7fe3", "geometry": {"type": "Point", "coordinates": [106.92177778, 47.91680556]}, "geometry_name": "geom", "properties": {"guid": 4180, "id": 4180, "object_no": null, "object_name": null, "layer_type_id": 211, "valid_to": null, "address_no": null, "border_type": "solid", "border_width": null, "border_color": null, "border_opacity": null, "border_wellknown": "horizline", "fill_type": "color", "fill_color": "#b45f06", "fill_opacity": 1, "fill_wellknown": "horizline", "fill_shape_color": null, "fill_shape_width": null, "fill_shape_size": null, "fill_img_url": null, "marker_img_url": null}},{"type": "Feature", "id": "layer_data_map.fid--27e80436_1a098c1eed1_-7fe2", "geometry": {"type": "Point", "coordinates": [106.69730556, 48.11597222]}, "geometry_name": "geom", "properties": {"guid": 4181, "id": 4181, "object_no": null, "object_name": null, "layer_type_id": 211, "valid_to": null, "address_no": null, "border_type": "solid", "border_width": null, "border_color": null, "border_opacity": null, "border_wellknown": "horizline", "fill_type": "color", "fill_color": "#b45f06", "fill_opacity": 1, "fill_wellknown": "horizline", "fill_shape_color": null, "fill_shape_width": null, "fill_shape_size": null, "fill_img_url": null, "marker_img_url": null}},{"type": "Feature", "id": "layer_data_map.fid--27e80436_1a098c1eed1_-7fe1", "geometry": {"type": "Point", "coordinates": [107.27844444, 47.86452778]}, "geometry_name": "geom", "properties": {"guid": 4182, "id": 4182, "object_no": null, "object_name": null, "layer_type_id": 211, "valid_to": null, "address_no": null, "border_type": "solid", "border_width": null, "border_color": null, "border_opacity": null, "border_wellknown": "horizline", "fill_type": "color", "fill_color": "#b45f06", "fill_opacity": 1, "fill_wellknown": "horizline", "fill_shape_color": null, "fill_shape_width": null, "fill_shape_size": null, "fill_img_url": null, "marker_img_url": null}},{"type": "Feature", "id": "layer_data_map.fid--27e80436_1a098c1eed1_-7fe0", "geometry": {"type": "Point", "coordinates": [107.30658333, 47.94522222]}, "geometry_name": "geom", "properties": {"guid": 4183, "id": 4183, "object_no": null, "object_name": null, "layer_type_id": 211, "valid_to": null, "address_no": null, "border_type": "solid", "border_width": null, "border_color": null, "border_opacity": null, "border_wellknown": "horizline", "fill_type": "color", "fill_color": "#b45f06", "fill_opacity": 1, "fill_wellknown": "horizline", "fill_shape_color": null, "fill_shape_width": null, "fill_shape_size": null, "fill_img_url": null, "marker_img_url": null}},{"type": "Feature", "id": "layer_data_map.fid--27e80436_1a098c1eed1_-7fdf", "geometry": {"type": "Point", "coordinates": [106.91927778, 47.91872222]}, "geometry_name": "geom", "properties": {"guid": 4184, "id": 4184, "object_no": null, "object_name": null, "layer_type_id": 211, "valid_to": null, "address_no": null, "border_type": "solid", "border_width": null, "border_color": null, "border_opacity": null, "border_wellknown": "horizline", "fill_type": "color", "fill_color": "#b45f06", "fill_opacity": 1, "fill_wellknown": "horizline", "fill_shape_color": null, "fill_shape_width": null, "fill_shape_size": null, "fill_img_url": null, "marker_img_url": null}},{"type": "Feature", "id": "layer_data_map.fid--27e80436_1a098c1eed1_-7fde", "geometry": {"type": "Point", "coordinates": [107.07433333, 48.08752778]}, "geometry_name": "geom", "properties": {"guid": 4185, "id": 4185, "object_no": null, "object_name": null, "layer_type_id": 211, "valid_to": null, "address_no": null, "border_type": "solid", "border_width": null, "border_color": null, "border_opacity": null, "border_wellknown": "horizline", "fill_type": "color", "fill_color": "#b45f06", "fill_opacity": 1, "fill_wellknown": "horizline", "fill_shape_color": null, "fill_shape_width": null, "fill_shape_size": null, "fill_img_url": null, "marker_img_url": null}},{"type": "Feature", "id": "layer_data_map.fid--27e80436_1a098c1eed1_-7fdd", "geometry": {"type": "Point", "coordinates": [107.25313889, 47.77266667]}, "geometry_name": "geom", "properties": {"guid": 4186, "id": 4186, "object_no": null, "object_name": null, "layer_type_id": 211, "valid_to": null, "address_no": null, "border_type": "solid", "border_width": null, "border_color": null, "border_opacity": null, "border_wellknown": "horizline", "fill_type": "color", "fill_color": "#b45f06", "fill_opacity": 1, "fill_wellknown": "horizline", "fill_shape_color": null, "fill_shape_width": null, "fill_shape_size": null, "fill_img_url": null, "marker_img_url": null}},{"type": "Feature", "id": "layer_data_map.fid--27e80436_1a098c1eed1_-7fdc", "geometry": {"type": "Point", "coordinates": [107.06994444, 48.09913889]}, "geometry_name": "geom", "properties": {"guid": 4187, "id": 4187, "object_no": null, "object_name": null, "layer_type_id": 211, "valid_to": null, "address_no": null, "border_type": "solid", "border_width": null, "border_color": null, "border_opacity": null, "border_wellknown": "horizline", "fill_type": "color", "fill_color": "#b45f06", "fill_opacity": 1, "fill_wellknown": "horizline", "fill_shape_color": null, "fill_shape_width": null, "fill_shape_size": null, "fill_img_url": null, "marker_img_url": null}},{"type": "Feature", "id": "layer_data_map.fid--27e80436_1a098c1eed1_-7fdb", "geometry": {"type": "Point", "coordinates": [108.32777778, 47.90558333]}, "geometry_name": "geom", "properties": {"guid": 4188, "id": 4188, "object_no": null, "object_name": null, "layer_type_id": 211, "valid_to": null, "address_no": null, "border_type": "solid", "border_width": null, "border_color": null, "border_opacity": null, "border_wellknown": "horizline", "fill_type": "color", "fill_color": "#b45f06", "fill_opacity": 1, "fill_wellknown": "horizline", "fill_shape_color": null, "fill_shape_width": null, "fill_shape_size": null, "fill_img_url": null, "marker_img_url": null}},{"type": "Feature", "id": "layer_data_map.fid--27e80436_1a098c1eed1_-7fda", "geometry": {"type": "Point", "coordinates": [106.89175, 47.92608333]}, "geometry_name": "geom", "properties": {"guid": 4189, "id": 4189, "object_no": null, "object_name": null, "layer_type_id": 211, "valid_to": null, "address_no": null, "border_type": "solid", "border_width": null, "border_color": null, "border_opacity": null, "border_wellknown": "horizline", "fill_type": "color", "fill_color": "#b45f06", "fill_opacity": 1, "fill_wellknown": "horizline", "fill_shape_color": null, "fill_shape_width": null, "fill_shape_size": null, "fill_img_url": null, "marker_img_url": null}},{"type": "Feature", "id": "layer_data_map.fid--27e80436_1a098c1eed1_-7fd9", "geometry": {"type": "Point", "coordinates": [106.68611111, 48.03658333]}, "geometry_name": "geom", "properties": {"guid": 4190, "id": 4190, "object_no": null, "object_name": null, "layer_type_id": 211, "valid_to": null, "address_no": null, "border_type": "solid", "border_width": null, "border_color": null, "border_opacity": null, "border_wellknown": "horizline", "fill_type": "color", "fill_color": "#b45f06", "fill_opacity": 1, "fill_wellknown": "horizline", "fill_shape_color": null, "fill_shape_width": null, "fill_shape_size": null, "fill_img_url": null, "marker_img_url": null}},{"type": "Feature", "id": "layer_data_map.fid--27e80436_1a098c1eed1_-7fd8", "geometry": {"type": "Point", "coordinates": [107.05052778, 47.97775]}, "geometry_name": "geom", "properties": {"guid": 4191, "id": 4191, "object_no": null, "object_name": null, "layer_type_id": 211, "valid_to": null, "address_no": null, "border_type": "solid", "border_width": null, "border_color": null, "border_opacity": null, "border_wellknown": "horizline", "fill_type": "color", "fill_color": "#b45f06", "fill_opacity": 1, "fill_wellknown": "horizline", "fill_shape_color": null, "fill_shape_width": null, "fill_shape_size": null, "fill_img_url": null, "marker_img_url": null}},{"type": "Feature", "id": "layer_data_map.fid--27e80436_1a098c1eed1_-7fd7", "geometry": {"type": "Point", "coordinates": [108.32936111, 47.90408333]}, "geometry_name": "geom", "properties": {"guid": 4192, "id": 4192, "object_no": null, "object_name": null, "layer_type_id": 211, "valid_to": null, "address_no": null, "border_type": "solid", "border_width": null, "border_color": null, "border_opacity": null, "border_wellknown": "horizline", "fill_type": "color", "fill_color": "#b45f06", "fill_opacity": 1, "fill_wellknown": "horizline", "fill_shape_color": null, "fill_shape_width": null, "fill_shape_size": null, "fill_img_url": null, "marker_img_url": null}},{"type": "Feature", "id": "layer_data_map.fid--27e80436_1a098c1eed1_-7fd6", "geometry": {"type": "Point", "coordinates": [107.28152778, 47.8635]}, "geometry_name": "geom", "properties": {"guid": 4193, "id": 4193, "object_no": null, "object_name": null, "layer_type_id": 211, "valid_to": null, "address_no": null, "border_type": "solid", "border_width": null, "border_color": null, "border_opacity": null, "border_wellknown": "horizline", "fill_type": "color", "fill_color": "#b45f06", "fill_opacity": 1, "fill_wellknown": "horizline", "fill_shape_color": null, "fill_shape_width": null, "fill_shape_size": null, "fill_img_url": null, "marker_img_url": null}},{"type": "Feature", "id": "layer_data_map.fid--27e80436_1a098c1eed1_-7fd5", "geometry": {"type": "Point", "coordinates": [106.90905556, 47.88686111]}, "geometry_name": "geom", "properties": {"guid": 4194, "id": 4194, "object_no": null, "object_name": null, "layer_type_id": 211, "valid_to": null, "address_no": null, "border_type": "solid", "border_width": null, "border_color": null, "border_opacity": null, "border_wellknown": "horizline", "fill_type": "color", "fill_color": "#b45f06", "fill_opacity": 1, "fill_wellknown": "horizline", "fill_shape_color": null, "fill_shape_width": null, "fill_shape_size": null, "fill_img_url": null, "marker_img_url": null}},{"type": "Feature", "id": "layer_data_map.fid--27e80436_1a098c1eed1_-7fd4", "geometry": {"type": "Point", "coordinates": [106.90758333, 47.88436111]}, "geometry_name": "geom", "properties": {"guid": 4195, "id": 4195, "object_no": null, "object_name": null, "layer_type_id": 211, "valid_to": null, "address_no": null, "border_type": "solid", "border_width": null, "border_color": null, "border_opacity": null, "border_wellknown": "horizline", "fill_type": "color", "fill_color": "#b45f06", "fill_opacity": 1, "fill_wellknown": "horizline", "fill_shape_color": null, "fill_shape_width": null, "fill_shape_size": null, "fill_img_url": null, "marker_img_url": null}},{"type": "Feature", "id": "layer_data_map.fid--27e80436_1a098c1eed1_-7fd3", "geometry": {"type": "Point", "coordinates": [107.27530556, 47.945]}, "geometry_name": "geom", "properties": {"guid": 4196, "id": 4196, "object_no": null, "object_name": null, "layer_type_id": 211, "valid_to": null, "address_no": null, "border_type": "solid", "border_width": null, "border_color": null, "border_opacity": null, "border_wellknown": "horizline", "fill_type": "color", "fill_color": "#b45f06", "fill_opacity": 1, "fill_wellknown": "horizline", "fill_shape_color": null, "fill_shape_width": null, "fill_shape_size": null, "fill_img_url": null, "marker_img_url": null}},{"type": "Feature", "id": "layer_data_map.fid--27e80436_1a098c1eed1_-7fd2", "geometry": {"type": "Point", "coordinates": [107.10383333, 47.93613889]}, "geometry_name": "geom", "properties": {"guid": 4197, "id": 4197, "object_no": null, "object_name": null, "layer_type_id": 211, "valid_to": null, "address_no": null, "border_type": "solid", "border_width": null, "border_color": null, "border_opacity": null, "border_wellknown": "horizline", "fill_type": "color", "fill_color": "#b45f06", "fill_opacity": 1, "fill_wellknown": "horizline", "fill_shape_color": null, "fill_shape_width": null, "fill_shape_size": null, "fill_img_url": null, "marker_img_url": null}},{"type": "Feature", "id": "layer_data_map.fid--27e80436_1a098c1eed1_-7fd1", "geometry": {"type": "Point", "coordinates": [107.26461111, 47.94694444]}, "geometry_name": "geom", "properties": {"guid": 4198, "id": 4198, "object_no": null, "object_name": null, "layer_type_id": 211, "valid_to": null, "address_no": null, "border_type": "solid", "border_width": null, "border_color": null, "border_opacity": null, "border_wellknown": "horizline", "fill_type": "color", "fill_color": "#b45f06", "fill_opacity": 1, "fill_wellknown": "horizline", "fill_shape_color": null, "fill_shape_width": null, "fill_shape_size": null, "fill_img_url": null, "marker_img_url": null}},{"type": "Feature", "id": "layer_data_map.fid--27e80436_1a098c1eed1_-7fd0", "geometry": {"type": "Point", "coordinates": [107.26011111, 47.87919444]}, "geometry_name": "geom", "properties": {"guid": 4199, "id": 4199, "object_no": null, "object_name": null, "layer_type_id": 211, "valid_to": null, "address_no": null, "border_type": "solid", "border_width": null, "border_color": null, "border_opacity": null, "border_wellknown": "horizline", "fill_type": "color", "fill_color": "#b45f06", "fill_opacity": 1, "fill_wellknown": "horizline", "fill_shape_color": null, "fill_shape_width": null, "fill_shape_size": null, "fill_img_url": null, "marker_img_url": null}},{"type": "Feature", "id": "layer_data_map.fid--27e80436_1a098c1eed1_-7fcf", "geometry": {"type": "Point", "coordinates": [106.91533333, 47.91933333]}, "geometry_name": "geom", "properties": {"guid": 4200, "id": 4200, "object_no": null, "object_name": null, "layer_type_id": 211, "valid_to": null, "address_no": null, "border_type": "solid", "border_width": null, "border_color": null, "border_opacity": null, "border_wellknown": "horizline", "fill_type": "color", "fill_color": "#b45f06", "fill_opacity": 1, "fill_wellknown": "horizline", "fill_shape_color": null, "fill_shape_width": null, "fill_shape_size": null, "fill_img_url": null, "marker_img_url": null}},{"type": "Feature", "id": "layer_data_map.fid--27e80436_1a098c1eed1_-7fce", "geometry": {"type": "Point", "coordinates": [106.91466667, 47.91252778]}, "geometry_name": "geom", "properties": {"guid": 4201, "id": 4201, "object_no": null, "object_name": null, "layer_type_id": 211, "valid_to": null, "address_no": null, "border_type": "solid", "border_width": null, "border_color": null, "border_opacity": null, "border_wellknown": "horizline", "fill_type": "color", "fill_color": "#b45f06", "fill_opacity": 1, "fill_wellknown": "horizline", "fill_shape_color": null, "fill_shape_width": null, "fill_shape_size": null, "fill_img_url": null, "marker_img_url": null}},{"type": "Feature", "id": "layer_data_map.fid--27e80436_1a098c1eed1_-7fcd", "geometry": {"type": "Point", "coordinates": [106.8545, 47.82694444]}, "geometry_name": "geom", "properties": {"guid": 4202, "id": 4202, "object_no": null, "object_name": null, "layer_type_id": 211, "valid_to": null, "address_no": null, "border_type": "solid", "border_width": null, "border_color": null, "border_opacity": null, "border_wellknown": "horizline", "fill_type": "color", "fill_color": "#b45f06", "fill_opacity": 1, "fill_wellknown": "horizline", "fill_shape_color": null, "fill_shape_width": null, "fill_shape_size": null, "fill_img_url": null, "marker_img_url": null}},{"type": "Feature", "id": "layer_data_map.fid--27e80436_1a098c1eed1_-7fcc", "geometry": {"type": "Point", "coordinates": [106.92925, 47.91836111]}, "geometry_name": "geom", "properties": {"guid": 4203, "id": 4203, "object_no": null, "object_name": null, "layer_type_id": 211, "valid_to": null, "address_no": null, "border_type": "solid", "border_width": null, "border_color": null, "border_opacity": null, "border_wellknown": "horizline", "fill_type": "color", "fill_color": "#b45f06", "fill_opacity": 1, "fill_wellknown": "horizline", "fill_shape_color": null, "fill_shape_width": null, "fill_shape_size": null, "fill_img_url": null, "marker_img_url": null}},{"type": "Feature", "id": "layer_data_map.fid--27e80436_1a098c1eed1_-7fcb", "geometry": {"type": "Point", "coordinates": [106.91577778, 47.894]}, "geometry_name": "geom", "properties": {"guid": 4204, "id": 4204, "object_no": null, "object_name": null, "layer_type_id": 211, "valid_to": null, "address_no": null, "border_type": "solid", "border_width": null, "border_color": null, "border_opacity": null, "border_wellknown": "horizline", "fill_type": "color", "fill_color": "#b45f06", "fill_opacity": 1, "fill_wellknown": "horizline", "fill_shape_color": null, "fill_shape_width": null, "fill_shape_size": null, "fill_img_url": null, "marker_img_url": null}},{"type": "Feature", "id": "layer_data_map.fid--27e80436_1a098c1eed1_-7fca", "geometry": {"type": "Point", "coordinates": [106.92033333, 47.91755556]}, "geometry_name": "geom", "properties": {"guid": 4205, "id": 4205, "object_no": null, "object_name": null, "layer_type_id": 211, "valid_to": null, "address_no": null, "border_type": "solid", "border_width": null, "border_color": null, "border_opacity": null, "border_wellknown": "horizline", "fill_type": "color", "fill_color": "#b45f06", "fill_opacity": 1, "fill_wellknown": "horizline", "fill_shape_color": null, "fill_shape_width": null, "fill_shape_size": null, "fill_img_url": null, "marker_img_url": null}},{"type": "Feature", "id": "layer_data_map.fid--27e80436_1a098c1eed1_-7fc9", "geometry": {"type": "Point", "coordinates": [106.91766667, 47.91883333]}, "geometry_name": "geom", "properties": {"guid": 4206, "id": 4206, "object_no": null, "object_name": null, "layer_type_id": 211, "valid_to": null, "address_no": null, "border_type": "solid", "border_width": null, "border_color": null, "border_opacity": null, "border_wellknown": "horizline", "fill_type": "color", "fill_color": "#b45f06", "fill_opacity": 1, "fill_wellknown": "horizline", "fill_shape_color": null, "fill_shape_width": null, "fill_shape_size": null, "fill_img_url": null, "marker_img_url": null}},{"type": "Feature", "id": "layer_data_map.fid--27e80436_1a098c1eed1_-7fc8", "geometry": {"type": "Point", "coordinates": [106.92127778, 47.91783333]}, "geometry_name": "geom", "properties": {"guid": 4207, "id": 4207, "object_no": null, "object_name": null, "layer_type_id": 211, "valid_to": null, "address_no": null, "border_type": "solid", "border_width": null, "border_color": null, "border_opacity": null, "border_wellknown": "horizline", "fill_type": "color", "fill_color": "#b45f06", "fill_opacity": 1, "fill_wellknown": "horizline", "fill_shape_color": null, "fill_shape_width": null, "fill_shape_size": null, "fill_img_url": null, "marker_img_url": null}},{"type": "Feature", "id": "layer_data_map.fid--27e80436_1a098c1eed1_-7fc7", "geometry": {"type": "Point", "coordinates": [106.99980556, 47.90511111]}, "geometry_name": "geom", "properties": {"guid": 4208, "id": 4208, "object_no": null, "object_name": null, "layer_type_id": 211, "valid_to": null, "address_no": null, "border_type": "solid", "border_width": null, "border_color": null, "border_opacity": null, "border_wellknown": "horizline", "fill_type": "color", "fill_color": "#b45f06", "fill_opacity": 1, "fill_wellknown": "horizline", "fill_shape_color": null, "fill_shape_width": null, "fill_shape_size": null, "fill_img_url": null, "marker_img_url": null}},{"type": "Feature", "id": "layer_data_map.fid--27e80436_1a098c1eed1_-7fc6", "geometry": {"type": "Point", "coordinates": [106.92136111, 47.91752778]}, "geometry_name": "geom", "properties": {"guid": 4209, "id": 4209, "object_no": null, "object_name": null, "layer_type_id": 211, "valid_to": null, "address_no": null, "border_type": "solid", "border_width": null, "border_color": null, "border_opacity": null, "border_wellknown": "horizline", "fill_type": "color", "fill_color": "#b45f06", "fill_opacity": 1, "fill_wellknown": "horizline", "fill_shape_color": null, "fill_shape_width": null, "fill_shape_size": null, "fill_img_url": null, "marker_img_url": null}},{"type": "Feature", "id": "layer_data_map.fid--27e80436_1a098c1eed1_-7fc5", "geometry": {"type": "Point", "coordinates": [106.91983333, 47.91744444]}, "geometry_name": "geom", "properties": {"guid": 4210, "id": 4210, "object_no": null, "object_name": null, "layer_type_id": 211, "valid_to": null, "address_no": null, "border_type": "solid", "border_width": null, "border_color": null, "border_opacity": null, "border_wellknown": "horizline", "fill_type": "color", "fill_color": "#b45f06", "fill_opacity": 1, "fill_wellknown": "horizline", "fill_shape_color": null, "fill_shape_width": null, "fill_shape_size": null, "fill_img_url": null, "marker_img_url": null}},{"type": "Feature", "id": "layer_data_map.fid--27e80436_1a098c1eed1_-7fc4", "geometry": {"type": "Point", "coordinates": [106.917, 47.89380556]}, "geometry_name": "geom", "properties": {"guid": 4211, "id": 4211, "object_no": null, "object_name": null, "layer_type_id": 211, "valid_to": null, "address_no": null, "border_type": "solid", "border_width": null, "border_color": null, "border_opacity": null, "border_wellknown": "horizline", "fill_type": "color", "fill_color": "#b45f06", "fill_opacity": 1, "fill_wellknown": "horizline", "fill_shape_color": null, "fill_shape_width": null, "fill_shape_size": null, "fill_img_url": null, "marker_img_url": null}},{"type": "Feature", "id": "layer_data_map.fid--27e80436_1a098c1eed1_-7fc3", "geometry": {"type": "Point", "coordinates": [106.91458333, 47.89461111]}, "geometry_name": "geom", "properties": {"guid": 4212, "id": 4212, "object_no": null, "object_name": null, "layer_type_id": 211, "valid_to": null, "address_no": null, "border_type": "solid", "border_width": null, "border_color": null, "border_opacity": null, "border_wellknown": "horizline", "fill_type": "color", "fill_color": "#b45f06", "fill_opacity": 1, "fill_wellknown": "horizline", "fill_shape_color": null, "fill_shape_width": null, "fill_shape_size": null, "fill_img_url": null, "marker_img_url": null}},{"type": "Feature", "id": "layer_data_map.fid--27e80436_1a098c1eed1_-7fc2", "geometry": {"type": "Point", "coordinates": [106.91969444, 47.91777778]}, "geometry_name": "geom", "properties": {"guid": 4213, "id": 4213, "object_no": null, "object_name": null, "layer_type_id": 211, "valid_to": null, "address_no": null, "border_type": "solid", "border_width": null, "border_color": null, "border_opacity": null, "border_wellknown": "horizline", "fill_type": "color", "fill_color": "#b45f06", "fill_opacity": 1, "fill_wellknown": "horizline", "fill_shape_color": null, "fill_shape_width": null, "fill_shape_size": null, "fill_img_url": null, "marker_img_url": null}},{"type": "Feature", "id": "layer_data_map.fid--27e80436_1a098c1eed1_-7fc1", "geometry": {"type": "Point", "coordinates": [106.92036111, 47.91777778]}, "geometry_name": "geom", "properties": {"guid": 4214, "id": 4214, "object_no": null, "object_name": null, "layer_type_id": 211, "valid_to": null, "address_no": null, "border_type": "solid", "border_width": null, "border_color": null, "border_opacity": null, "border_wellknown": "horizline", "fill_type": "color", "fill_color": "#b45f06", "fill_opacity": 1, "fill_wellknown": "horizline", "fill_shape_color": null, "fill_shape_width": null, "fill_shape_size": null, "fill_img_url": null, "marker_img_url": null}},{"type": "Feature", "id": "layer_data_map.fid--27e80436_1a098c1eed1_-7fc0", "geometry": {"type": "Point", "coordinates": [106.914, 47.89466667]}, "geometry_name": "geom", "properties": {"guid": 4215, "id": 4215, "object_no": null, "object_name": null, "layer_type_id": 211, "valid_to": null, "address_no": null, "border_type": "solid", "border_width": null, "border_color": null, "border_opacity": null, "border_wellknown": "horizline", "fill_type": "color", "fill_color": "#b45f06", "fill_opacity": 1, "fill_wellknown": "horizline", "fill_shape_color": null, "fill_shape_width": null, "fill_shape_size": null, "fill_img_url": null, "marker_img_url": null}}]}