{"type":"FeatureCollection","features":[{"type": "Feature", "id": "layer_data_map.fid--27e80436_1a098c1eed1_-571f", "geometry": {"type": "Polygon", "coordinates": [[[107.4776493, 47.35268322], [107.47748008, 47.35261267], [107.4786968, 47.35126492], [107.47871118, 47.35124569], [107.47872087, 47.35122515], [107.47872562, 47.35120382], [107.4787253, 47.35118225], [107.47871993, 47.35116098], [107.47870964, 47.35114058], [107.4786947, 47.35112154], [107.47867548, 47.35110437], [107.47865248, 47.3510895], [107.47862629, 47.35107731], [107.47842428, 47.35099467], [107.47822769, 47.3509062], [107.47803688, 47.35081206], [107.4778522, 47.35071243], [107.47767401, 47.3506075], [107.47750261, 47.35049745], [107.47733835, 47.35038249], [107.47718151, 47.35026284], [107.47703239, 47.35013872], [107.47689126, 47.35001035], [107.47675839, 47.34987798], [107.47663402, 47.34974184], [107.47651838, 47.34960219], [107.47641169, 47.34945929], [107.4763946, 47.34943961], [107.47637288, 47.34942216], [107.47634713, 47.34940746], [107.47631809, 47.34939593], [107.47628661, 47.34938788], [107.47625359, 47.34938357], [107.47621996, 47.34938311], [107.47618671, 47.34938651], [107.47615478, 47.34939368], [107.47472086, 47.34981002], [107.47467502, 47.34982049], [107.47462733, 47.34982589], [107.47457898, 47.3498261], [107.47453119, 47.3498211], [107.47448517, 47.34981101], [107.47444208, 47.34979611], [107.47138431, 47.34852093], [107.47135335, 47.34851043], [107.47132018, 47.34850373], [107.4712858, 47.34850106], [107.47125126, 47.34850248], [107.47121761, 47.34850795], [107.47118587, 47.34851732], [107.471157, 47.34853029], [107.47113188, 47.34854646], [107.47111129, 47.34856536], [107.46898511, 47.35092004], [107.46884808, 47.35086543], [107.47103809, 47.34844006], [107.47103968, 47.3484381], [107.47104077, 47.34843599], [107.47104132, 47.34843378], [107.47104134, 47.34843154], [107.47104081, 47.34842933], [107.47103975, 47.34842722], [107.47103819, 47.34842525], [107.47103617, 47.34842348], [107.47103375, 47.34842196], [107.47103099, 47.34842073], [107.47102798, 47.34841984], [107.47102479, 47.34841929], [107.4710215, 47.34841911], [107.47101822, 47.3484193], [107.47101503, 47.34841985], [107.47101202, 47.34842076], [107.47100928, 47.34842199], [107.47100686, 47.34842352], [107.47100486, 47.34842529], [107.46881385, 47.35085176], [107.46867583, 47.35079653], [107.47662126, 47.34199601], [107.47663558, 47.34197687], [107.47664526, 47.34195643], [107.47665005, 47.34193521], [107.47664982, 47.34191374], [107.47664458, 47.34189256], [107.47663446, 47.34187222], [107.47661973, 47.34185323], [107.47660075, 47.34183606], [107.476578, 47.34182117], [107.47655207, 47.34180891], [107.47487614, 47.34114457], [107.4749632, 47.34105415], [107.47675409, 47.34176408], [107.47675705, 47.34176504], [107.4767602, 47.34176566], [107.47676346, 47.34176591], [107.47676673, 47.3417658], [107.47676993, 47.34176532], [107.47677298, 47.34176449], [107.47677578, 47.34176333], [107.47677826, 47.34176188], [107.47678035, 47.34176016], [107.476782, 47.34175824], [107.47678317, 47.34175616], [107.47678381, 47.34175397], [107.47678391, 47.34175174], [107.47678348, 47.34174953], [107.47678251, 47.34174741], [107.47678105, 47.34174541], [107.47677912, 47.34174361], [107.47677678, 47.34174205], [107.47677409, 47.34174077], [107.47498496, 47.34103154], [107.47506997, 47.34094033], [107.47674688, 47.34160469], [107.47677771, 47.3416146], [107.47681058, 47.34162078], [107.47684451, 47.34162304], [107.47687852, 47.34162131], [107.47691159, 47.34161566], [107.47694275, 47.34160624], [107.47697108, 47.34159334], [107.47699574, 47.34157733], [107.47701601, 47.34155869], [107.47799494, 47.34047415], [107.47815071, 47.34050967], [107.47706379, 47.34171385], [107.47706218, 47.34171593], [107.47706112, 47.34171817], [107.47706065, 47.3417205], [107.47706078, 47.34172285], [107.47706151, 47.34172515], [107.47706282, 47.34172733], [107.47706466, 47.34172932], [107.47706699, 47.34173106], [107.47706972, 47.3417325], [107.47707278, 47.3417336], [107.47707608, 47.34173432], [107.4770795, 47.34173464], [107.47708296, 47.34173455], [107.47708634, 47.34173405], [107.47708955, 47.34173317], [107.47709248, 47.34173191], [107.47709504, 47.34173033], [107.47709716, 47.34172847], [107.47818956, 47.34051823], [107.47834587, 47.34055143], [107.47733042, 47.34167645], [107.47731609, 47.34169559], [107.47730642, 47.34171602], [107.47730163, 47.34173725], [107.47730186, 47.34175872], [107.4773071, 47.34177989], [107.47731721, 47.34180023], [107.47733194, 47.34181923], [107.47735092, 47.34183639], [107.47737367, 47.34185129], [107.4773996, 47.34186355], [107.48660464, 47.34551205], [107.48652157, 47.34560428], [107.48478213, 47.344915], [107.48477917, 47.34491404], [107.48477602, 47.34491342], [107.48477276, 47.34491317], [107.48476949, 47.34491328], [107.48476628, 47.34491376], [107.48476324, 47.34491459], [107.48476044, 47.34491575], [107.48475796, 47.3449172], [107.48475586, 47.34491892], [107.48475421, 47.34492084], [107.48475305, 47.34492293], [107.48475241, 47.34492511], [107.4847523, 47.34492734], [107.48475274, 47.34492955], [107.48475371, 47.34493168], [107.48475517, 47.34493367], [107.4847571, 47.34493547], [107.48475944, 47.34493703], [107.48476213, 47.34493831], [107.48650081, 47.34562729], [107.4864171, 47.34571986], [107.48475649, 47.34506178], [107.48472565, 47.34505187], [107.48469278, 47.34504569], [107.48465883, 47.34504343], [107.48462482, 47.34504515], [107.48459174, 47.3450508], [107.48456057, 47.34506022], [107.48453223, 47.34507313], [107.48450757, 47.34508914], [107.4844873, 47.34510779], [107.4776493, 47.35268322]], [[107.47662469, 47.34944814], [107.47673242, 47.3495872], [107.47684899, 47.34972292], [107.4769742, 47.34985504], [107.4771078, 47.3499833], [107.47724953, 47.35010748], [107.47739912, 47.35022731], [107.47755629, 47.35034259], [107.47772073, 47.35045307], [107.47789213, 47.35055856], [107.47807015, 47.35065886], [107.47825447, 47.35075375], [107.47844472, 47.35084308], [107.47864055, 47.35092666], [107.4787411, 47.35096651], [107.47877187, 47.35097613], [107.47880459, 47.35098206], [107.47883832, 47.35098412], [107.47887208, 47.35098226], [107.47890488, 47.35097652], [107.47893576, 47.35096708], [107.47896384, 47.35095421], [107.47898829, 47.35093828], [107.4790084, 47.35091976], [107.4797972, 47.35004595], [107.47981144, 47.35002696], [107.4798211, 47.35000668], [107.47982594, 47.34998562], [107.47982583, 47.34996431], [107.47982079, 47.34994327], [107.47981094, 47.34992303], [107.47979652, 47.34990411], [107.4797779, 47.34988696], [107.47975553, 47.34987201], [107.47972998, 47.34985965], [107.47957511, 47.34979269], [107.47942581, 47.34972014], [107.47928249, 47.3496422], [107.47914559, 47.34955911], [107.47901551, 47.3494711], [107.47889262, 47.34937844], [107.47877729, 47.3492814], [107.47866985, 47.34918026], [107.47857061, 47.34907532], [107.47847988, 47.34896688], [107.47839791, 47.34885527], [107.47832495, 47.34874081], [107.4782612, 47.34862383], [107.47820686, 47.34850468], [107.47816208, 47.3483837], [107.47812699, 47.34826126], [107.47810171, 47.34813771], [107.47808629, 47.3480134], [107.47808079, 47.34788872], [107.47808522, 47.34776401], [107.47809958, 47.34763965], [107.4781238, 47.34751599], [107.47812632, 47.34749334], [107.4781232, 47.34747073], [107.47811454, 47.34744879], [107.4781006, 47.34742815], [107.47808175, 47.34740939], [107.47805854, 47.34739304], [107.47803162, 47.34737958], [107.47657167, 47.34677078], [107.47654206, 47.34676064], [107.47651037, 47.346754], [107.4764775, 47.34675102], [107.47644437, 47.34675181], [107.47641188, 47.34675634], [107.47638096, 47.34676448], [107.47635247, 47.346776], [107.47632719, 47.34679059], [107.47630584, 47.34680783], [107.47628901, 47.34682725], [107.47627717, 47.3468483], [107.4762178, 47.34700018], [107.47616827, 47.34715369], [107.47612868, 47.34730852], [107.47609909, 47.34746438], [107.47607957, 47.34762097], [107.47607015, 47.34777799], [107.47607085, 47.34793514], [107.47608167, 47.34809212], [107.47610259, 47.34824863], [107.47613357, 47.34840436], [107.47617455, 47.34855902], [107.47622545, 47.34871232], [107.47628617, 47.34886396], [107.4763566, 47.34901364], [107.4764366, 47.34916109], [107.47652602, 47.34930601], [107.47662469, 47.34944814]], [[107.47846043, 47.34759375], [107.47842742, 47.34759869], [107.47839613, 47.34760736], [107.47836746, 47.34761951], [107.47834223, 47.34763478], [107.47832118, 47.34765275], [107.47830492, 47.34767288], [107.47829392, 47.3476946], [107.4782885, 47.34771726], [107.47827996, 47.34783748], [107.47828124, 47.34795784], [107.47829233, 47.34807797], [107.4783132, 47.34819749], [107.4783438, 47.34831604], [107.47838401, 47.34843326], [107.47843373, 47.34854878], [107.47849279, 47.34866225], [107.47856102, 47.34877332], [107.4786382, 47.34888165], [107.47872411, 47.3489869], [107.47881846, 47.34908876], [107.47892098, 47.3491869], [107.47903135, 47.34928103], [107.47914923, 47.34937086], [107.47927425, 47.3494561], [107.47940604, 47.34953651], [107.47954418, 47.34961182], [107.47968825, 47.34968182], [107.47983781, 47.34974628], [107.47986871, 47.34975644], [107.47990171, 47.34976284], [107.47993585, 47.34976528], [107.47997009, 47.34976368], [107.48000341, 47.3497581], [107.48003482, 47.3497487], [107.48006338, 47.34973577], [107.48008824, 47.34971969], [107.48010865, 47.34970093], [107.4809593, 47.34875857], [107.48097475, 47.34873753], [107.48098459, 47.34871499], [107.48098853, 47.34869162], [107.48098643, 47.34866815], [107.48097837, 47.34864528], [107.48096459, 47.34862371], [107.4809455, 47.34860409], [107.4809217, 47.34858702], [107.48089389, 47.34857302], [107.47859024, 47.34761251], [107.47856004, 47.34760221], [107.47852771, 47.34759554], [107.47849418, 47.34759269], [107.47846043, 47.34759375]], [[107.4809977, 47.34845802], [107.48102544, 47.34846764], [107.48105507, 47.3484742], [107.48108583, 47.34847752], [107.48111698, 47.34847753], [107.48114775, 47.34847423], [107.48117738, 47.34846769], [107.48120514, 47.34845809], [107.48123035, 47.34844566], [107.48125239, 47.34843069], [107.48127071, 47.34841357], [107.48431123, 47.34504486], [107.48432555, 47.34502572], [107.48433523, 47.34500528], [107.48434001, 47.34498406], [107.48433978, 47.34496259], [107.48433454, 47.34494142], [107.48432443, 47.34492108], [107.48430969, 47.34490209], [107.48429072, 47.34488493], [107.48426797, 47.34487003], [107.48424204, 47.34485777], [107.48162152, 47.34381883], [107.48159068, 47.34380891], [107.48155781, 47.34380273], [107.48152386, 47.34380046], [107.48148984, 47.34380218], [107.48145676, 47.34380783], [107.48142559, 47.34381725], [107.48139725, 47.34383016], [107.48137258, 47.34384617], [107.48135231, 47.34386482], [107.47875071, 47.34674708], [107.47866734, 47.34684508], [107.47859161, 47.3469459], [107.47852371, 47.34704926], [107.47846384, 47.34715489], [107.47841215, 47.3472625], [107.47840546, 47.34728409], [107.47840403, 47.34730614], [107.47840792, 47.34732805], [107.478417, 47.34734923], [107.47843105, 47.34736913], [107.47844968, 47.3473872], [107.47847239, 47.34740297], [107.47849859, 47.34741601], [107.4809977, 47.34845802]], [[107.48438005, 47.34478688], [107.48438314, 47.34478787], [107.48438642, 47.34478849], [107.48438982, 47.34478872], [107.48439322, 47.34478854], [107.48439653, 47.34478798], [107.48439964, 47.34478704], [107.48440248, 47.34478575], [107.48440494, 47.34478414], [107.48440697, 47.34478228], [107.4844085, 47.34478021], [107.48440948, 47.34477799], [107.48440989, 47.34477568], [107.48440971, 47.34477337], [107.48440895, 47.34477111], [107.48440764, 47.34476897], [107.4844058, 47.34476702], [107.4844035, 47.3447653], [107.4844008, 47.34476389], [107.48165632, 47.34367623], [107.48165336, 47.34367527], [107.48165021, 47.34367465], [107.48164695, 47.3436744], [107.48164368, 47.34367451], [107.48164048, 47.34367499], [107.48163743, 47.34367582], [107.48163463, 47.34367698], [107.48163215, 47.34367843], [107.48163006, 47.34368015], [107.48162841, 47.34368207], [107.48162724, 47.34368415], [107.4816266, 47.34368634], [107.4816265, 47.34368857], [107.48162693, 47.34369077], [107.4816279, 47.3436929], [107.48162937, 47.3436949], [107.4816313, 47.3436967], [107.48163364, 47.34369826], [107.48163632, 47.34369954], [107.48438005, 47.34478688]], [[107.48117619, 47.34380194], [107.48119052, 47.3437828], [107.48120019, 47.34376236], [107.48120497, 47.34374114], [107.48120474, 47.34371967], [107.4811995, 47.34369849], [107.48118938, 47.34367815], [107.48117465, 47.34365916], [107.48115567, 47.343642], [107.48113292, 47.3436271], [107.48110698, 47.34361484], [107.47970327, 47.34305851], [107.47967243, 47.3430486], [107.47963956, 47.34304242], [107.47960562, 47.34304015], [107.4795716, 47.34304187], [107.47953853, 47.34304753], [107.47950736, 47.34305694], [107.47947903, 47.34306985], [107.47945436, 47.34308586], [107.47943409, 47.34310451], [107.47684906, 47.3459683], [107.47675837, 47.34607268], [107.47667291, 47.34617908], [107.47659279, 47.34628738], [107.47651809, 47.34639746], [107.47648897, 47.34644322], [107.47647904, 47.34646341], [107.47647391, 47.34648442], [107.47647371, 47.34650571], [107.47647844, 47.34652676], [107.47648799, 47.34654704], [107.47650211, 47.34656604], [107.47652045, 47.34658331], [107.47654256, 47.34659839], [107.47656788, 47.34661092], [107.47797629, 47.34719822], [107.47800503, 47.34720812], [107.47803575, 47.34721473], [107.47806764, 47.34721787], [107.47809986, 47.34721747], [107.47813156, 47.34721352], [107.4781619, 47.34720615], [107.47819008, 47.34719553], [107.47821537, 47.34718196], [107.47823709, 47.34716578], [107.47825468, 47.34714743], [107.47826766, 47.34712739], [107.47833252, 47.3470105], [107.47840659, 47.34689618], [107.47848967, 47.34678475], [107.4785815, 47.34667654], [107.48117619, 47.34380194]], [[107.48125426, 47.3435481], [107.48125735, 47.34354909], [107.48126063, 47.34354971], [107.48126403, 47.34354993], [107.48126743, 47.34354976], [107.48127074, 47.3435492], [107.48127385, 47.34354825], [107.48127669, 47.34354696], [107.48127915, 47.34354536], [107.48128118, 47.3435435], [107.48128271, 47.34354142], [107.48128369, 47.3435392], [107.4812841, 47.3435369], [107.48128392, 47.34353459], [107.48128316, 47.34353233], [107.48128185, 47.34353019], [107.48128001, 47.34352823], [107.48127771, 47.34352652], [107.48127502, 47.3435251], [107.47973693, 47.34291549], [107.47973397, 47.34291453], [107.47973082, 47.34291391], [107.47972756, 47.34291366], [107.47972429, 47.34291377], [107.47972108, 47.34291425], [107.47971804, 47.34291508], [107.47971524, 47.34291624], [107.47971276, 47.34291769], [107.47971066, 47.34291941], [107.47970901, 47.34292133], [107.47970785, 47.34292342], [107.47970721, 47.3429256], [107.4797071, 47.34292783], [107.47970754, 47.34293004], [107.4797085, 47.34293217], [107.47970997, 47.34293416], [107.4797119, 47.34293596], [107.47971424, 47.34293752], [107.47971693, 47.3429388], [107.48125426, 47.3435481]], [[107.47925781, 47.34304181], [107.47927214, 47.34302267], [107.47928182, 47.34300223], [107.4792866, 47.34298101], [107.47928637, 47.34295954], [107.47928113, 47.34293836], [107.47927101, 47.34291802], [107.47925627, 47.34289903], [107.47923729, 47.34288186], [107.47921454, 47.34286697], [107.4791886, 47.34285471], [107.47720434, 47.34206832], [107.47717351, 47.34205841], [107.47714064, 47.34205223], [107.47710669, 47.34204997], [107.47707268, 47.34205169], [107.47703961, 47.34205734], [107.47700844, 47.34206676], [107.47698011, 47.34207966], [107.47695544, 47.34209567], [107.47693518, 47.34211432], [107.47398953, 47.34537739], [107.47397537, 47.34539625], [107.47396573, 47.34541638], [107.47396084, 47.34543729], [107.47396082, 47.34545846], [107.47396568, 47.34547937], [107.47397528, 47.34549951], [107.47398941, 47.34551838], [107.4740077, 47.34553551], [107.47402972, 47.34555049], [107.4740549, 47.34556295], [107.47605522, 47.34639713], [107.47608541, 47.34640743], [107.47611774, 47.3464141], [107.47615126, 47.34641695], [107.47618501, 47.34641589], [107.47621801, 47.34641096], [107.4762493, 47.3464023], [107.47627797, 47.34639015], [107.4763032, 47.34637488], [107.47632425, 47.34635692], [107.47634051, 47.34633679], [107.47641723, 47.34622421], [107.47649942, 47.34611343], [107.476587, 47.34600457], [107.47667986, 47.34589775], [107.47925781, 47.34304181]], [[107.47933488, 47.34278735], [107.47933796, 47.34278835], [107.47934125, 47.34278896], [107.47934464, 47.34278919], [107.47934805, 47.34278902], [107.47935135, 47.34278845], [107.47935447, 47.34278751], [107.4793573, 47.34278622], [107.47935977, 47.34278462], [107.4793618, 47.34278276], [107.47936332, 47.34278068], [107.47936431, 47.34277846], [107.47936472, 47.34277616], [107.47936454, 47.34277385], [107.47936378, 47.34277158], [107.47936247, 47.34276945], [107.47936063, 47.34276749], [107.47935833, 47.34276578], [107.47935563, 47.34276436], [107.47719772, 47.34190901], [107.47719459, 47.34190801], [107.47719126, 47.34190739], [107.47718781, 47.34190718], [107.47718436, 47.34190737], [107.47718102, 47.34190797], [107.47717788, 47.34190895], [107.47717504, 47.34191029], [107.47717258, 47.34191195], [107.47717058, 47.34191386], [107.4771691, 47.34191599], [107.47716819, 47.34191826], [107.47716787, 47.3419206], [107.47716816, 47.34192294], [107.47716904, 47.34192522], [107.47717048, 47.34192735], [107.47717245, 47.34192929], [107.47717489, 47.34193096], [107.47717771, 47.34193232], [107.47933488, 47.34278735]], [[107.47686507, 47.3419856], [107.47686662, 47.3419835], [107.4768676, 47.34198124], [107.47686799, 47.34197891], [107.47686778, 47.34197656], [107.47686698, 47.34197427], [107.4768656, 47.34197211], [107.47686369, 47.34197015], [107.47686131, 47.34196845], [107.47685853, 47.34196705], [107.47685544, 47.341966], [107.47685212, 47.34196533], [107.47684868, 47.34196506], [107.47684523, 47.3419652], [107.47684186, 47.34196575], [107.47683869, 47.34196668], [107.4768358, 47.34196798], [107.47683329, 47.3419696], [107.47683123, 47.34197149], [107.473749, 47.34538587], [107.4737474, 47.34538794], [107.47374637, 47.34539018], [107.47374591, 47.3453925], [107.47374606, 47.34539485], [107.4737468, 47.34539714], [107.47374811, 47.34539931], [107.47374995, 47.34540129], [107.47375227, 47.34540302], [107.473755, 47.34540446], [107.47375805, 47.34540555], [107.47376133, 47.34540627], [107.47376475, 47.34540659], [107.4737682, 47.3454065], [107.47377157, 47.34540601], [107.47377477, 47.34540513], [107.47377769, 47.34540389], [107.47378026, 47.34540232], [107.47378238, 47.34540048], [107.47686507, 47.3419856]], [[107.47361402, 47.34558697], [107.47361557, 47.345585], [107.47361661, 47.34558289], [107.47361713, 47.34558069], [107.47361712, 47.34557846], [107.47361656, 47.34557626], [107.47361547, 47.34557416], [107.47361389, 47.3455722], [107.47361187, 47.34557045], [107.47360944, 47.34556895], [107.47360668, 47.34556775], [107.47360367, 47.34556686], [107.47360049, 47.34556633], [107.47359722, 47.34556616], [107.47359395, 47.34556636], [107.47359078, 47.34556692], [107.47358778, 47.34556782], [107.47358505, 47.34556905], [107.47358265, 47.34557057], [107.47358065, 47.34557234], [107.47266022, 47.34659184], [107.47265866, 47.34659392], [107.47265764, 47.34659615], [107.47265721, 47.34659847], [107.47265738, 47.3466008], [107.47265813, 47.34660308], [107.47265945, 47.34660524], [107.47266129, 47.34660721], [107.47266361, 47.34660894], [107.47266634, 47.34661036], [107.47266938, 47.34661145], [107.47267265, 47.34661216], [107.47267606, 47.34661248], [107.4726795, 47.34661239], [107.47268286, 47.34661191], [107.47268605, 47.34661103], [107.47268896, 47.3466098], [107.47269153, 47.34660824], [107.47269365, 47.34660641], [107.47361402, 47.34558697]], [[107.47380105, 47.34566173], [107.47377142, 47.34566826], [107.47374366, 47.34567786], [107.47371844, 47.34569029], [107.47369641, 47.34570525], [107.47367808, 47.34572237], [107.47289184, 47.34659325], [107.47287768, 47.34661211], [107.47286804, 47.34663224], [107.47286315, 47.34665315], [107.47286313, 47.34667432], [107.47286799, 47.34669523], [107.47287759, 47.34671537], [107.47289172, 47.34673424], [107.47291001, 47.34675137], [107.47293203, 47.34676635], [107.47295722, 47.34677881], [107.47557, 47.34786841], [107.47559852, 47.34787825], [107.475629, 47.34788484], [107.47566063, 47.34788803], [107.47569261, 47.34788772], [107.4757241, 47.34788393], [107.47575429, 47.34787675], [107.47578239, 47.34786636], [107.47580767, 47.34785305], [107.47582947, 47.34783715], [107.47584723, 47.34781907], [107.4758605, 47.34779929], [107.47586892, 47.34777832], [107.47587227, 47.3477567], [107.47588221, 47.34760445], [107.47590131, 47.34745259], [107.47592953, 47.3473014], [107.47596683, 47.34715111], [107.47601315, 47.34700199], [107.4760684, 47.34685428], [107.47613249, 47.34670823], [107.4761399, 47.34668639], [107.47614189, 47.34666403], [107.47613841, 47.34664174], [107.47612955, 47.34662016], [107.47611555, 47.34659987], [107.4760968, 47.34658144], [107.47607383, 47.34656537], [107.47604725, 47.3465521], [107.47395109, 47.34567794], [107.47392334, 47.34566832], [107.47389372, 47.34566176], [107.47386296, 47.34565844], [107.47383181, 47.34565843], [107.47380105, 47.34566173]], [[107.47290185, 47.34684014], [107.47287089, 47.34682963], [107.47283772, 47.34682294], [107.47280334, 47.34682026], [107.4727688, 47.34682168], [107.47273515, 47.34682716], [107.47270341, 47.34683652], [107.47267455, 47.34684949], [107.47264943, 47.34686567], [107.47262883, 47.34688457], [107.472416, 47.3471203], [107.47240054, 47.34714134], [107.4723907, 47.34716388], [107.47238676, 47.34718725], [107.47238885, 47.34721072], [107.47239691, 47.34723359], [107.47241069, 47.34725517], [107.47242977, 47.34727479], [107.47245357, 47.34729185], [107.47248137, 47.34730585], [107.47565415, 47.34862898], [107.47568316, 47.34863895], [107.47571417, 47.34864557], [107.47574636, 47.34864867], [107.47577886, 47.34864815], [107.4758108, 47.34864403], [107.47584132, 47.34863643], [107.47586961, 47.34862554], [107.4758949, 47.34861167], [107.47591652, 47.34859517], [107.47593389, 47.34857649], [107.47594654, 47.34855614], [107.47595414, 47.34853466], [107.47595647, 47.34851262], [107.47595348, 47.34849062], [107.47592691, 47.34837776], [107.47590544, 47.34826439], [107.4758891, 47.34815063], [107.47588416, 47.34812982], [107.4758745, 47.34810979], [107.47586037, 47.34809102], [107.47584211, 47.34807398], [107.47582016, 47.34805908], [107.47579507, 47.34804668], [107.47290185, 47.34684014]], [[107.47207928, 47.34728688], [107.47208087, 47.34728491], [107.47208195, 47.34728278], [107.47208249, 47.34728056], [107.47208248, 47.34727831], [107.47208192, 47.34727609], [107.47208083, 47.34727396], [107.47207923, 47.34727199], [107.47207717, 47.34727023], [107.47207471, 47.34726872], [107.47207192, 47.34726751], [107.47206887, 47.34726663], [107.47206564, 47.34726612], [107.47206234, 47.34726597], [107.47205904, 47.3472662], [107.47205585, 47.3472668], [107.47205284, 47.34726775], [107.47205012, 47.34726902], [107.47204774, 47.34727059], [107.47204577, 47.3472724], [107.47114915, 47.34826547], [107.4711476, 47.34826744], [107.47114656, 47.34826955], [107.47114604, 47.34827175], [107.47114606, 47.34827398], [107.47114662, 47.34827618], [107.4711477, 47.34827828], [107.47114928, 47.34828023], [107.47115131, 47.34828199], [107.47115373, 47.34828348], [107.47115649, 47.34828469], [107.4711595, 47.34828558], [107.47116268, 47.34828611], [107.47116595, 47.34828628], [107.47116922, 47.34828608], [107.47117239, 47.34828552], [107.47117539, 47.34828462], [107.47117812, 47.34828339], [107.47118052, 47.34828187], [107.47118252, 47.3482801], [107.47207928, 47.34728688]], [[107.47229296, 47.34734873], [107.47225931, 47.34735421], [107.47222757, 47.34736357], [107.4721987, 47.34737654], [107.47217359, 47.34739272], [107.47215299, 47.34741161], [107.47138123, 47.34826638], [107.47136707, 47.34828524], [107.47135743, 47.34830537], [107.47135254, 47.34832628], [107.47135252, 47.34834745], [107.47135737, 47.34836836], [107.47136698, 47.3483885], [107.47138111, 47.34840737], [107.4713994, 47.3484245], [107.47142141, 47.34843948], [107.4714466, 47.34845194], [107.47451237, 47.34973045], [107.47454047, 47.34974017], [107.47457048, 47.34974674], [107.47460165, 47.34975001], [107.47463318, 47.34974987], [107.47466429, 47.34974635], [107.47469418, 47.34973952], [107.47611318, 47.34932751], [107.47614287, 47.34931678], [107.47616948, 47.3493028], [107.47619223, 47.34928597], [107.47621047, 47.34926677], [107.47622369, 47.34924575], [107.47623149, 47.34922352], [107.47623366, 47.34920071], [107.47623013, 47.34917798], [107.47622101, 47.34915598], [107.47616556, 47.34905096], [107.47611477, 47.34894485], [107.47610439, 47.34892674], [107.47609028, 47.34890984], [107.47607275, 47.34889448], [107.47605215, 47.348881], [107.47602892, 47.34886967], [107.472426, 47.34736718], [107.47239505, 47.34735668], [107.47236187, 47.34734998], [107.4723275, 47.34734731], [107.47229296, 47.34734873]]]}, "geometry_name": "geom", "properties": {"guid": 3241252, "id": 3241252, "object_no": null, "object_name": "Төлөвлөлтийн зам", "layer_type_id": 975, "valid_to": null, "address_no": null, "border_type": "solid", "border_width": 1, "border_color": "#bcbcbc", "border_opacity": 1, "border_wellknown": "shape://horizline", "fill_type": "color", "fill_color": "#bcbcbc", "fill_opacity": 0.36, "fill_wellknown": null, "fill_shape_color": null, "fill_shape_width": null, "fill_shape_size": null, "fill_img_url": null, "marker_img_url": null}},{"type": "Feature", "id": "layer_data_map.fid--27e80436_1a098c1eed1_-571e", "geometry": {"type": "MultiPolygon", "coordinates": [[[[106.58185846, 47.8488443], [106.58182721, 47.84885374], [106.58179879, 47.84886663], [106.58177406, 47.84888258], [106.58175372, 47.84890114], [106.58173837, 47.84892176], [106.58172846, 47.84894383], [106.58172428, 47.84896672], [106.58172595, 47.84898975], [106.58173342, 47.84901226], [106.5838957, 47.8536286], [106.58378097, 47.85365294], [106.57920201, 47.84387601], [106.57918971, 47.84385568], [106.57917267, 47.84383696], [106.57915135, 47.84382035], [106.57912631, 47.84380629], [106.57909822, 47.84379514], [106.57906781, 47.84378721], [106.5790359, 47.8437827], [106.57900332, 47.84378174], [106.57734667, 47.84382357], [106.57714246, 47.84382527], [106.57693838, 47.84382007], [106.57673495, 47.84380799], [106.57653267, 47.84378905], [106.57633205, 47.8437633], [106.57613361, 47.8437308], [106.57593784, 47.84369164], [106.57574524, 47.84364592], [106.57555629, 47.84359375], [106.57537146, 47.84353527], [106.57519123, 47.84347061], [106.57501604, 47.84339995], [106.57484634, 47.84332346], [106.57418737, 47.84301003], [106.5740722, 47.84295902], [106.57395225, 47.84291326], [106.57382806, 47.84287295], [106.57370018, 47.84283828], [106.57356916, 47.8428094], [106.57343559, 47.84278642], [106.57330005, 47.84276946], [106.57316313, 47.84275859], [106.57302545, 47.84275385], [106.5728876, 47.84275527], [106.57111731, 47.84281302], [106.57087395, 47.84280916], [106.57063103, 47.84279847], [106.57038899, 47.84278099], [106.57014825, 47.84275673], [106.56990921, 47.84272575], [106.56967229, 47.8426881], [106.56943791, 47.84264383], [106.56920647, 47.84259304], [106.56897837, 47.8425358], [106.56875402, 47.84247221], [106.56862338, 47.84243678], [106.56848928, 47.8424078], [106.56835242, 47.84238543], [106.56821351, 47.84236979], [106.56807328, 47.84236097], [106.56793247, 47.84235899], [106.56779182, 47.84236389], [106.56765207, 47.84237563], [106.56751394, 47.84239414], [106.56737817, 47.84241934], [106.56724546, 47.84245109], [106.56711651, 47.84248923], [106.56699201, 47.84253355], [106.56687259, 47.84258382], [106.5667589, 47.84263977], [106.56665151, 47.84270112], [106.56655101, 47.84276755], [106.56645791, 47.84283869], [106.56637271, 47.84291419], [106.56576653, 47.84349374], [106.56569399, 47.84356838], [106.56562917, 47.84364616], [106.56557236, 47.84372674], [106.56552384, 47.84380973], [106.56548383, 47.84389476], [106.56545251, 47.84398142], [106.56543003, 47.84406932], [106.56541649, 47.84415804], [106.56541197, 47.84424718], [106.56541172, 47.84579834], [106.56540691, 47.8458762], [106.56539253, 47.84595353], [106.56536869, 47.8460298], [106.56533555, 47.84610447], [106.56529333, 47.84617703], [106.56524233, 47.846247], [106.5651829, 47.84631387], [106.56511544, 47.84637721], [106.56504042, 47.84643657], [106.56495835, 47.84649153], [106.5648698, 47.84654174], [106.56477538, 47.84658683], [106.56467573, 47.84662651], [106.56457155, 47.84666049], [106.56446354, 47.84668855], [106.56435245, 47.84671048], [106.56309852, 47.84692052], [106.56299714, 47.84694053], [106.56289857, 47.84696612], [106.56280349, 47.84699711], [106.56271253, 47.84703329], [106.56262633, 47.8470744], [106.56254548, 47.84712018], [106.56247053, 47.8471703], [106.5565596, 47.85146391], [106.55647424, 47.85152079], [106.55638194, 47.85157252], [106.55628338, 47.85161872], [106.55617928, 47.85165906], [106.55607042, 47.85169322], [106.55595761, 47.85172096], [106.55584166, 47.85174207], [106.55572345, 47.8517564], [106.55560385, 47.85176385], [106.55548375, 47.85176434], [106.55536402, 47.85175789], [106.55524556, 47.85174454], [106.55512924, 47.85172439], [106.55501592, 47.85169758], [106.55490644, 47.85166432], [106.55480162, 47.85162486], [106.55478429, 47.8516189], [106.55476575, 47.8516149], [106.5547465, 47.85161297], [106.55472705, 47.85161315], [106.55470788, 47.85161544], [106.55468952, 47.85161979], [106.55467244, 47.85162606], [106.55465709, 47.85163411], [106.55464386, 47.85164372], [106.55189435, 47.85399834], [106.55180176, 47.85394661], [106.55453972, 47.85160189], [106.55455034, 47.85159112], [106.55455829, 47.85157935], [106.55456334, 47.85156688], [106.55456539, 47.85155403], [106.55456437, 47.85154112], [106.55456031, 47.85152848], [106.55455331, 47.85151645], [106.55454356, 47.85150531], [106.5545313, 47.85149536], [106.55451684, 47.85148685], [106.55265962, 47.85055887], [106.55264208, 47.85055158], [106.55262296, 47.85054642], [106.55260282, 47.85054353], [106.55258223, 47.850543], [106.55256181, 47.85054484], [106.55254216, 47.850549], [106.55252385, 47.85055535], [106.55250742, 47.85056371], [106.55249335, 47.85057384], [106.54936264, 47.85325479], [106.54926807, 47.85320475], [106.55771512, 47.84597042], [106.55773263, 47.84595271], [106.55774578, 47.84593337], [106.55775426, 47.84591288], [106.55775784, 47.84589175], [106.55775646, 47.8458705], [106.55775012, 47.84584967], [106.55773901, 47.84582976], [106.55772338, 47.84581127], [106.55770363, 47.84579467], [106.55768025, 47.84578036], [106.55525956, 47.84451825], [106.55514634, 47.84445473], [106.55504014, 47.84438594], [106.55494149, 47.84431222], [106.55485091, 47.84423396], [106.55476886, 47.84415154], [106.55469575, 47.8440654], [106.55463195, 47.84397596], [106.5545778, 47.84388368], [106.55453356, 47.84378904], [106.55449946, 47.84369252], [106.55447568, 47.8435946], [106.55446234, 47.84349579], [106.5544595, 47.8433966], [106.55446718, 47.84329752], [106.55448534, 47.84319906], [106.55451389, 47.84310172], [106.55455268, 47.843006], [106.55460151, 47.84291239], [106.55466014, 47.84282137], [106.55472826, 47.84273339], [106.55480554, 47.8426489], [106.55489157, 47.84256835], [106.55557722, 47.8419724], [106.55559447, 47.84195469], [106.5556074, 47.84193538], [106.55561567, 47.84191496], [106.5556191, 47.84189391], [106.5556176, 47.84187276], [106.5556112, 47.84185203], [106.55560006, 47.84183222], [106.55558446, 47.84181384], [106.55556477, 47.84179732], [106.5555415, 47.84178308], [106.55393154, 47.84094213], [106.55849708, 47.83697354], [106.56010698, 47.83781444], [106.56013636, 47.83782716], [106.56016858, 47.83783626], [106.56020266, 47.83784145], [106.56023755, 47.83784259], [106.56027221, 47.83783962], [106.56030557, 47.83783265], [106.56033663, 47.83782188], [106.56036445, 47.83780764], [106.56038816, 47.83779037], [106.5638801, 47.83475438], [106.56404662, 47.83460424], [106.56420525, 47.83445026], [106.56435577, 47.83429264], [106.56449802, 47.83413158], [106.56463181, 47.83396726], [106.56475699, 47.8337999], [106.56487339, 47.83362968], [106.56498088, 47.83345683], [106.56507932, 47.83328156], [106.5651686, 47.83310407], [106.56524861, 47.83292459], [106.56531924, 47.83274334], [106.56538042, 47.83256053], [106.56543206, 47.8323764], [106.5654741, 47.83219116], [106.56549362, 47.83211894], [106.56552288, 47.83204824], [106.56556163, 47.83197963], [106.56560955, 47.8319137], [106.56566624, 47.83185101], [106.56573121, 47.83179207], [106.56580393, 47.83173739], [106.56588378, 47.83168742], [106.56597008, 47.83164258], [106.56606213, 47.83160326], [106.56615913, 47.83156978], [106.56626028, 47.83154242], [106.56636473, 47.83152141], [106.5664716, 47.83150693], [106.57063357, 47.83107553], [106.57081015, 47.83105445], [106.57098514, 47.83102799], [106.57115815, 47.8309962], [106.57132885, 47.83095916], [106.57144775, 47.83093133], [106.57149834, 47.83091622], [106.57154453, 47.8308957], [106.57158506, 47.83087031], [106.5716188, 47.83084077], [106.57164483, 47.83080789], [106.57166245, 47.83077256], [106.57167115, 47.83073575], [106.57167071, 47.83069849], [106.57166114, 47.83066178], [106.5716427, 47.83062665], [106.57081056, 47.82938084], [106.57076608, 47.8293089], [106.57072767, 47.82923538], [106.57069546, 47.82916053], [106.57066956, 47.82908458], [106.57054672, 47.82867148], [106.57014089, 47.82730667], [106.57011861, 47.82721632], [106.57010525, 47.82712518], [106.57010085, 47.82703364], [106.57010545, 47.8269421], [106.57011902, 47.82685097], [106.5701415, 47.82676065], [106.57017279, 47.82667152], [106.57021276, 47.82658398], [106.57026123, 47.82649841], [106.57031799, 47.82641518], [106.57101918, 47.82547065], [106.57108402, 47.82539108], [106.57115774, 47.8253151], [106.57123988, 47.82524315], [106.57132998, 47.82517564], [106.57142749, 47.82511299], [106.57153185, 47.82505556], [106.57164244, 47.82500369], [106.57175861, 47.82495768], [106.57187968, 47.8249178], [106.57513281, 47.82394846], [106.57516216, 47.82393766], [106.57518843, 47.82392372], [106.57521089, 47.82390703], [106.57522892, 47.82388806], [106.57524201, 47.82386734], [106.5752498, 47.82384543], [106.57525208, 47.82382296], [106.57524877, 47.82380055], [106.57523997, 47.82377882], [106.57522592, 47.82375838], [106.57520703, 47.82373979], [106.5751838, 47.82372358], [106.57503705, 47.82364126], [106.57488434, 47.82356401], [106.57472605, 47.82349202], [106.5745626, 47.82342549], [106.57439438, 47.82336457], [106.57402847, 47.82318692], [106.57366775, 47.82300452], [106.57331234, 47.82281745], [106.57296238, 47.82262577], [106.57261801, 47.82242956], [106.57227936, 47.82222889], [106.57194655, 47.82202384], [106.5716197, 47.82181448], [106.57129894, 47.82160089], [106.57098439, 47.82138315], [106.57059375, 47.82110811], [106.57021082, 47.8208282], [106.56983571, 47.82054352], [106.56946857, 47.82025417], [106.56910952, 47.81996026], [106.56875868, 47.81966188], [106.56841618, 47.81935914], [106.56656255, 47.81767067], [106.56576153, 47.81682974], [106.56585049, 47.8167913], [106.56664962, 47.81763024], [106.56850101, 47.81931666], [106.56884234, 47.81961837], [106.56919199, 47.81991573], [106.56954982, 47.82020863], [106.56991571, 47.82049699], [106.57028954, 47.82078069], [106.57067117, 47.82105964], [106.57106048, 47.82133373], [106.57140758, 47.82157352], [106.57176225, 47.82180823], [106.57212433, 47.82203775], [106.57249363, 47.82226199], [106.57287, 47.82248084], [106.57325326, 47.8226942], [106.57364324, 47.82290197], [106.57403975, 47.82310405], [106.57444261, 47.82330035], [106.57460087, 47.82335737], [106.57475508, 47.82341922], [106.5749049, 47.82348578], [106.57505003, 47.82355691], [106.57519015, 47.82363245], [106.57532496, 47.82371225], [106.57688089, 47.82475729], [106.57692488, 47.82479035], [106.5769631, 47.82482652], [106.57699506, 47.82486535], [106.57702037, 47.82490635], [106.5770387, 47.82494899], [106.57705219, 47.82498857], [106.57711198, 47.825164], [106.57739483, 47.82599377], [106.5774585, 47.82616744], [106.5775306, 47.82633961], [106.57761105, 47.8265101], [106.57769976, 47.82667871], [106.57779664, 47.82684528], [106.57790159, 47.82700962], [106.57801449, 47.82717154], [106.57809727, 47.82728539], [106.57832571, 47.82760593], [106.57854657, 47.82792888], [106.57875982, 47.82825413], [106.57896538, 47.82858162], [106.57961199, 47.82963491], [106.57972116, 47.82980454], [106.57983882, 47.82997158], [106.57996481, 47.83013584], [106.58009901, 47.83029713], [106.58071019, 47.8310033], [106.58084234, 47.83116214], [106.58096637, 47.83132391], [106.58108214, 47.83148844], [106.58118952, 47.83165553], [106.58128839, 47.83182498], [106.5850334, 47.83857852], [106.58513029, 47.83874747], [106.58518883, 47.83884052], [106.58525314, 47.83893183], [106.58532312, 47.83902124], [106.58539863, 47.83910858], [106.58554136, 47.83926209], [106.5855851, 47.83930799], [106.58566483, 47.83939744], [106.58573649, 47.83948993], [106.58579981, 47.83958515], [106.58585456, 47.83968273], [106.58590056, 47.83978235], [106.58593763, 47.83988364], [106.58596565, 47.83998624], [106.58598451, 47.84008978], [106.58598556, 47.84009739], [106.58601912, 47.8403084], [106.58606186, 47.84051866], [106.58611372, 47.84072799], [106.58617467, 47.8409362], [106.58624465, 47.84114312], [106.58632361, 47.84134857], [106.58641148, 47.84155238], [106.58650817, 47.84175437], [106.58737291, 47.84347457], [106.58737384, 47.84347601], [106.58737514, 47.84347731], [106.58737675, 47.84347844], [106.58737862, 47.84347937], [106.58738071, 47.84348007], [106.58738295, 47.84348051], [106.58738526, 47.84348068], [106.58738758, 47.84348058], [106.58738985, 47.84348021], [106.58739198, 47.84347958], [106.58739392, 47.84347871], [106.5873956, 47.84347762], [106.58739698, 47.84347636], [106.58739801, 47.84347495], [106.58739867, 47.84347345], [106.58739892, 47.84347189], [106.58739877, 47.84347033], [106.58739822, 47.8434688], [106.58653349, 47.8417486], [106.58643703, 47.84154711], [106.58634938, 47.84134381], [106.58627062, 47.84113887], [106.58620081, 47.84093246], [106.58614001, 47.84072477], [106.58608828, 47.84051596], [106.58604565, 47.84030622], [106.58601217, 47.84009573], [106.58601112, 47.84008813], [106.58599207, 47.83998352], [106.58596376, 47.83987986], [106.5859263, 47.83977753], [106.58587983, 47.83967688], [106.58582451, 47.83957829], [106.58576054, 47.83948209], [106.58568815, 47.83938865], [106.58560759, 47.83929828], [106.58556385, 47.83925237], [106.58542143, 47.8390992], [106.58534649, 47.83901252], [106.58527704, 47.83892378], [106.58521321, 47.83883316], [106.58515511, 47.8387408], [106.58505843, 47.83857222], [106.58131342, 47.83181869], [106.58121422, 47.83164867], [106.58110648, 47.83148102], [106.58099031, 47.83131593], [106.58086587, 47.83115361], [106.58073328, 47.83099424], [106.5801221, 47.83028807], [106.57998834, 47.83012731], [106.57986276, 47.8299636], [106.57974549, 47.82979711], [106.57963668, 47.82962804], [106.57899007, 47.82857475], [106.57878434, 47.828247], [106.57857093, 47.82792148], [106.57834988, 47.82759828], [106.57812127, 47.82727748], [106.57803848, 47.82716363], [106.57792596, 47.82700224], [106.57782136, 47.82683844], [106.5777248, 47.82667243], [106.57763637, 47.82650437], [106.57755619, 47.82633444], [106.57748433, 47.82616284], [106.57742086, 47.82598974], [106.57713802, 47.82515997], [106.57707822, 47.82498454], [106.57706473, 47.82494497], [106.57704557, 47.82490038], [106.57701912, 47.82485753], [106.5769857, 47.82481693], [106.57694575, 47.82477912], [106.57689976, 47.82474455], [106.57509737, 47.82353393], [106.57490271, 47.82343699], [106.57470495, 47.82334295], [106.57450417, 47.82325186], [106.57410202, 47.82305605], [106.57370621, 47.82285446], [106.57331695, 47.82264718], [106.57293439, 47.82243431], [106.57255872, 47.82221595], [106.57219012, 47.8219922], [106.57182875, 47.82176316], [106.57147478, 47.82152893], [106.57112838, 47.82128963], [106.57074026, 47.82101638], [106.57035978, 47.82073829], [106.56998709, 47.82045546], [106.56962232, 47.82016799], [106.56926558, 47.81987599], [106.568917, 47.81957954], [106.56857671, 47.81927876], [106.56672732, 47.81759417], [106.56592988, 47.816757], [106.56601845, 47.81671872], [106.56681401, 47.81755392], [106.56866117, 47.81923648], [106.5690003, 47.81953622], [106.56934768, 47.81983165], [106.56970321, 47.82012265], [106.57006674, 47.82040913], [106.57043816, 47.82069099], [106.57081734, 47.82096812], [106.57120413, 47.82124043], [106.57154886, 47.82147858], [106.5719011, 47.82171168], [106.57226071, 47.82193963], [106.57262752, 47.82216231], [106.57300136, 47.82237963], [106.57338205, 47.82259149], [106.57376942, 47.82279778], [106.57416329, 47.82299841], [106.57456348, 47.82319329], [106.57477093, 47.8232875], [106.57497519, 47.82338482], [106.57517615, 47.8234852], [106.57648314, 47.82436308], [106.57650947, 47.82437675], [106.57653891, 47.82438714], [106.57657057, 47.82439394], [106.5766035, 47.82439696], [106.57663671, 47.8243961], [106.5766692, 47.82439138], [106.57669999, 47.82438295], [106.57672815, 47.82437106], [106.57675283, 47.82435607], [106.5767733, 47.82433844], [106.57678892, 47.82431868], [106.57679924, 47.82429741], [106.57680395, 47.82427525], [106.57680289, 47.82425288], [106.5767961, 47.82423097], [106.57632914, 47.82298675], [106.57628732, 47.82286337], [106.57625402, 47.82273882], [106.57622931, 47.82261336], [106.57621325, 47.82248727], [106.57620587, 47.82236081], [106.57620718, 47.82223426], [106.57621718, 47.82210789], [106.57623586, 47.82198196], [106.57625057, 47.82183579], [106.57626865, 47.82162542], [106.57629041, 47.82141529], [106.5763158, 47.82120577], [106.57634484, 47.82099686], [106.57637751, 47.82078856], [106.57641383, 47.82058088], [106.57645378, 47.82037381], [106.57649737, 47.82016735], [106.57654461, 47.81996151], [106.57659548, 47.81975628], [106.57664999, 47.81955166], [106.57670814, 47.81934766], [106.57676993, 47.81914428], [106.57683536, 47.81894151], [106.57690443, 47.81873935], [106.57697714, 47.81853781], [106.57705348, 47.81833688], [106.57713347, 47.81813656], [106.57729521, 47.81775161], [106.57745823, 47.81738458], [106.57762378, 47.81703264], [106.57779264, 47.81669421], [106.57796573, 47.81636745], [106.57814325, 47.81605208], [106.57825242, 47.81586965], [106.57834809, 47.815902], [106.57824261, 47.81607825], [106.57806586, 47.81639227], [106.57789345, 47.81671773], [106.57772521, 47.81705494], [106.57756019, 47.81740573], [106.57739765, 47.81777169], [106.57723632, 47.81815567], [106.57715668, 47.81835512], [106.57708066, 47.8185552], [106.57700826, 47.81875589], [106.57693948, 47.81895719], [106.57687433, 47.81915911], [106.5768128, 47.81936164], [106.57675489, 47.81956478], [106.57670061, 47.81976854], [106.57664995, 47.81997291], [106.57660292, 47.8201779], [106.5765595, 47.82038349], [106.57651972, 47.82058971], [106.57648355, 47.82079654], [106.57645101, 47.82100398], [106.57642209, 47.82121204], [106.5763968, 47.82142071], [106.57637513, 47.82163], [106.57635705, 47.82184029], [106.57634191, 47.82199077], [106.57632373, 47.82211338], [106.57631399, 47.82223643], [106.57631271, 47.82235965], [106.5763199, 47.82248278], [106.57633554, 47.82260555], [106.5763596, 47.8227277], [106.57639202, 47.82284898], [106.57643274, 47.82296911], [106.57718238, 47.82496844], [106.57724218, 47.82514387], [106.57751699, 47.82595008], [106.57752211, 47.82596086], [106.57752984, 47.82597091], [106.57753995, 47.82597995], [106.57755217, 47.82598773], [106.57756614, 47.82599402], [106.57758148, 47.82599865], [106.57759775, 47.82600149], [106.57761449, 47.82600245], [106.57763124, 47.82600152], [106.57764753, 47.82599871], [106.57809887, 47.82589309], [106.57818921, 47.82587566], [106.57828185, 47.82586507], [106.57837566, 47.82586144], [106.57846949, 47.82586482], [106.57856219, 47.82587517], [106.57865262, 47.82589236], [106.57873968, 47.82591619], [106.57882228, 47.82594634], [106.57889943, 47.82598247], [106.57897017, 47.82602412], [106.57903364, 47.82607079], [106.57908905, 47.82612189], [106.57913573, 47.82617681], [106.5791731, 47.82623487], [106.58025304, 47.82820497], [106.58079235, 47.82918875], [106.58083964, 47.8292655], [106.58089582, 47.82933949], [106.58096052, 47.82941025], [106.58103335, 47.82947734], [106.58134859, 47.82974479], [106.58127534, 47.82978394], [106.5809601, 47.82951649], [106.5808829, 47.82944537], [106.58081431, 47.82937036], [106.58075476, 47.82929192], [106.58070462, 47.82921056], [106.58055895, 47.82894482], [106.5805516, 47.82893431], [106.58054168, 47.8289248], [106.58052949, 47.82891658], [106.58051538, 47.82890989], [106.58049978, 47.82890493], [106.58048315, 47.82890184], [106.58046598, 47.82890072], [106.58044877, 47.82890161], [106.58043205, 47.82890446], [106.57954959, 47.82911107], [106.57953469, 47.8291155], [106.57952105, 47.8291215], [106.57950903, 47.82912892], [106.57949896, 47.82913754], [106.5794911, 47.82914715], [106.57948565, 47.8291575], [106.57948277, 47.8291683], [106.57948252, 47.82917927], [106.57948492, 47.82919012], [106.5794899, 47.82920057], [106.57973545, 47.82960054], [106.57984282, 47.82976738], [106.57995853, 47.82993166], [106.58008245, 47.83009321], [106.58021444, 47.83025183], [106.58082562, 47.830958], [106.58095999, 47.83111951], [106.5810861, 47.83128401], [106.58120383, 47.83145131], [106.58131302, 47.83162121], [106.58141355, 47.83179352], [106.58515857, 47.83854705], [106.58525439, 47.83871414], [106.58531074, 47.8388037], [106.58537264, 47.83889158], [106.58543999, 47.83897763], [106.58551266, 47.83906169], [106.58565382, 47.83921351], [106.58569756, 47.83925942], [106.58578141, 47.83935347], [106.58585676, 47.83945074], [106.58592334, 47.83955086], [106.58598091, 47.83965347], [106.58602928, 47.83975823], [106.58606827, 47.83986474], [106.58609773, 47.83997262], [106.58611757, 47.8400815], [106.58611861, 47.84008912], [106.58615176, 47.84029751], [106.58619396, 47.84050516], [106.58624518, 47.84071189], [106.58630538, 47.84091751], [106.58637449, 47.84112187], [106.58645247, 47.84132477], [106.58653925, 47.84152604], [106.58663474, 47.84172552], [106.58749987, 47.84344651], [106.58750621, 47.84345643], [106.58751483, 47.84346554], [106.58752549, 47.84347361], [106.58753793, 47.84348043], [106.58755183, 47.84348583], [106.58756683, 47.84348966], [106.58758254, 47.84349184], [106.58759857, 47.8434923], [106.58792203, 47.8434841], [106.58793765, 47.84348288], [106.58795279, 47.84348002], [106.58796708, 47.8434756], [106.58798017, 47.84346974], [106.58799174, 47.84346256], [106.5880015, 47.84345426], [106.5880092, 47.84344503], [106.58801467, 47.8434351], [106.58801777, 47.84342472], [106.58801841, 47.84341415], [106.58801689, 47.84338698], [106.58800812, 47.84330857], [106.58799065, 47.84323083], [106.58796456, 47.84315419], [106.58793001, 47.84307907], [106.5877351, 47.84270551], [106.58769666, 47.8426213], [106.58766826, 47.84253531], [106.58765006, 47.84244808], [106.58764219, 47.84236014], [106.58762135, 47.84167738], [106.58761392, 47.84159444], [106.58759676, 47.84151215], [106.58756996, 47.84143103], [106.58753371, 47.8413516], [106.5870175, 47.84036219], [106.58710575, 47.84034132], [106.58762196, 47.84133073], [106.58766039, 47.84141493], [106.5876888, 47.84150092], [106.587707, 47.84158816], [106.58771487, 47.84167609], [106.58772118, 47.841883], [106.58772243, 47.84189143], [106.58772562, 47.84189962], [106.58773067, 47.84190738], [106.58773746, 47.84191451], [106.58774583, 47.84192084], [106.58775556, 47.8419262], [106.58776642, 47.84193048], [106.58777814, 47.84193356], [106.58779043, 47.84193537], [106.58780299, 47.84193586], [106.58840864, 47.84192748], [106.58891281, 47.8429217], [106.58892759, 47.84340563], [106.58881811, 47.84353631], [106.58881286, 47.8435439], [106.58880942, 47.84355194], [106.58880786, 47.84356025], [106.58880824, 47.84356862], [106.58881053, 47.84357685], [106.58881468, 47.84358474], [106.58882059, 47.8435921], [106.58882813, 47.84359876], [106.5888371, 47.84360456], [106.58890462, 47.84364614], [106.58896509, 47.84369238], [106.58901782, 47.84374273], [106.58906219, 47.84379662], [106.58909767, 47.8438534], [106.58912387, 47.84391243], [106.58914047, 47.84397302], [106.58914728, 47.84403445], [106.58915483, 47.84428143], [106.58915633, 47.84429078], [106.58916023, 47.84429982], [106.58916639, 47.84430826], [106.58917464, 47.84431585], [106.58918473, 47.84432237], [106.58919634, 47.84432761], [106.58920912, 47.84433141], [106.58922269, 47.84433365], [106.58923664, 47.84433428], [106.58964103, 47.84432868], [106.59063082, 47.84628031], [106.59064611, 47.84678028], [106.59056515, 47.84687216], [106.59056015, 47.84687886], [106.59055658, 47.84688596], [106.5905545, 47.84689332], [106.59055395, 47.84690081], [106.59055815, 47.84703798], [106.59055886, 47.84704251], [106.59056069, 47.8470469], [106.5905636, 47.84705102], [106.59056749, 47.84705475], [106.59057227, 47.84705799], [106.59057778, 47.84706063], [106.59086235, 47.84717425], [106.59128393, 47.84800543], [106.59130142, 47.84857697], [106.59130284, 47.84858604], [106.59130651, 47.84859482], [106.59131232, 47.84860306], [106.59132011, 47.84861052], [106.59132966, 47.84861699], [106.59134068, 47.84862229], [106.59169893, 47.84876531], [106.59200646, 47.8493716], [106.59201148, 47.84937941], [106.59201825, 47.84938659], [106.59202662, 47.84939297], [106.59203637, 47.84939838], [106.59204727, 47.84940269], [106.59205904, 47.8494058], [106.59207138, 47.84940763], [106.592084, 47.84940812], [106.59230038, 47.84940512], [106.59230841, 47.84966738], [106.59215368, 47.84966953], [106.59214674, 47.84967004], [106.59214002, 47.84967135], [106.59213375, 47.84967342], [106.59212811, 47.8496762], [106.59212327, 47.84967959], [106.59211938, 47.8496835], [106.59211656, 47.84968781], [106.59211489, 47.84969237], [106.59211443, 47.84969707], [106.59212163, 47.84993235], [106.59204146, 47.84993346], [106.59191814, 47.84993517], [106.59188274, 47.84993358], [106.59184829, 47.84992788], [106.59181584, 47.84991823], [106.59178636, 47.84990494], [106.59176076, 47.84988841], [106.59173982, 47.84986913], [106.59172417, 47.8498477], [106.59171428, 47.84982477], [106.59171046, 47.84980103], [106.59171026, 47.84979429], [106.5917095, 47.84978961], [106.59170756, 47.8497851], [106.59170447, 47.84978087], [106.59170035, 47.84977708], [106.59169531, 47.84977382], [106.5916895, 47.8497712], [106.59168311, 47.8497693], [106.59167632, 47.84976818], [106.59166935, 47.84976787], [106.59150575, 47.84977013], [106.59149772, 47.84950787], [106.59162123, 47.84950616], [106.59163513, 47.84950514], [106.59164855, 47.84950252], [106.5916611, 47.84949837], [106.59167238, 47.84949282], [106.59168206, 47.84948603], [106.59168984, 47.84947821], [106.59169548, 47.84946961], [106.59169882, 47.84946047], [106.59169975, 47.84945108], [106.5916955, 47.84931227], [106.59169475, 47.84930759], [106.5916928, 47.84930307], [106.59168972, 47.84929885], [106.5916856, 47.84929506], [106.59168055, 47.8492918], [106.59167475, 47.84928918], [106.59166835, 47.84928728], [106.59166157, 47.84928616], [106.59165459, 47.84928584], [106.59159727, 47.84928664], [106.59159007, 47.84905136], [106.59158932, 47.84904668], [106.59158737, 47.84904216], [106.59158429, 47.84903794], [106.59158016, 47.84903414], [106.59157512, 47.84903089], [106.59156931, 47.84902827], [106.59156292, 47.84902637], [106.59155614, 47.84902524], [106.59154916, 47.84902493], [106.59146512, 47.8490261], [106.59145773, 47.84878475], [106.59151576, 47.84878395], [106.59151923, 47.8487837], [106.59152259, 47.84878304], [106.59152572, 47.848782], [106.59152854, 47.84878061], [106.59153096, 47.84877892], [106.59153291, 47.84877696], [106.59153432, 47.84877481], [106.59153515, 47.84877253], [106.59153539, 47.84877018], [106.59153513, 47.8487618], [106.59153442, 47.84875726], [106.59153258, 47.84875287], [106.59152968, 47.84874876], [106.59152578, 47.84874503], [106.59152101, 47.84874179], [106.5915155, 47.84873914], [106.59135235, 47.84867401], [106.59134646, 47.84867208], [106.59134018, 47.84867082], [106.59133368, 47.84867026], [106.59132713, 47.84867043], [106.59132071, 47.84867131], [106.59131459, 47.84867288], [106.59130893, 47.8486751], [106.59130389, 47.84867791], [106.59129959, 47.84868124], [106.59129615, 47.848685], [106.59129367, 47.84868908], [106.59129221, 47.84869338], [106.59129181, 47.84869778], [106.591225, 47.8486987], [106.59122141, 47.84858117], [106.59122016, 47.84857274], [106.59121697, 47.84856455], [106.59121192, 47.84855679], [106.59120513, 47.84854966], [106.59119676, 47.84854333], [106.59118703, 47.84853797], [106.59117616, 47.84853369], [106.59116444, 47.84853061], [106.59115215, 47.84852881], [106.59113959, 47.84852831], [106.5901022, 47.84854269], [106.5900851, 47.84854392], [106.59006856, 47.8485471], [106.59005307, 47.84855214], [106.59003909, 47.84855889], [106.59002703, 47.84856715], [106.59001724, 47.84857667], [106.59001002, 47.84858718], [106.59000557, 47.84859837], [106.59000404, 47.8486099], [106.59000545, 47.84862144], [106.59002929, 47.84872316], [106.59004957, 47.84882522], [106.59008822, 47.84904902], [106.59012317, 47.8492731], [106.59022963, 47.85001518], [106.59025054, 47.85013333], [106.59027928, 47.85025073], [106.59031578, 47.85036715], [106.59035998, 47.85048236], [106.59095836, 47.8519097], [106.59072683, 47.85195368], [106.59012845, 47.85052633], [106.59007611, 47.85038821], [106.59003418, 47.85024849], [106.59000277, 47.85010752], [106.58998197, 47.84996567], [106.58988373, 47.8492887], [106.58981119, 47.84884687], [106.5897897, 47.84874938], [106.58976551, 47.84865218], [106.58975917, 47.84863576], [106.58974909, 47.84862021], [106.58973552, 47.84860591], [106.58971879, 47.84859322], [106.58969931, 47.84858245], [106.58967756, 47.84857388], [106.58965408, 47.8485677], [106.58962946, 47.84856407], [106.5896043, 47.84856308], [106.58955915, 47.84856371], [106.58954342, 47.84856477], [106.58952813, 47.84856748], [106.58951367, 47.84857177], [106.58950038, 47.84857754], [106.58948861, 47.84858465], [106.58947865, 47.84859291], [106.58947074, 47.84860213], [106.58946508, 47.84861207], [106.58946182, 47.84862248], [106.58946103, 47.84863311], [106.58948468, 47.84940248], [106.58948163, 47.849455], [106.58946931, 47.84950691], [106.5894479, 47.84955746], [106.5894177, 47.84960594], [106.58937914, 47.84965165], [106.58933277, 47.84969395], [106.58927925, 47.84973223], [106.58921935, 47.84976595], [106.5891539, 47.84979463], [106.58908385, 47.84981786], [106.58901019, 47.84983532], [106.58893396, 47.84984675], [106.58885626, 47.84985199], [106.58877818, 47.84985096], [106.58605331, 47.84970544], [106.58526788, 47.84818523], [106.58525523, 47.84816582], [106.58523823, 47.84814798], [106.58521728, 47.84813215], [106.58519291, 47.84811873], [106.58516572, 47.84810804], [106.58513638, 47.84810035], [106.5851056, 47.84809585], [106.58507417, 47.84809465], [106.58504284, 47.84809677], [106.58501239, 47.84810217], [106.58185846, 47.8488443]], [[106.57947806, 47.84377722], [106.57944801, 47.84378713], [106.57942082, 47.84380027], [106.57939726, 47.84381626], [106.57937798, 47.84383468], [106.57936352, 47.84385499], [106.57935428, 47.84387665], [106.57935052, 47.84389903], [106.57935235, 47.84392153], [106.57935971, 47.84394351], [106.58158467, 47.84869466], [106.58159673, 47.84871466], [106.58161338, 47.84873312], [106.58163418, 47.84874955], [106.58165861, 47.84876354], [106.58168604, 47.84877472], [106.58171578, 47.84878282], [106.58174705, 47.84878762], [106.58177905, 47.84878901], [106.58181098, 47.84878694], [106.58184201, 47.84878147], [106.58498228, 47.84804255], [106.5850141, 47.8480329], [106.58504295, 47.84801967], [106.58506796, 47.84800328], [106.58508836, 47.84798421], [106.58510354, 47.84796305], [106.58511304, 47.84794044], [106.58511656, 47.84791707], [106.58511401, 47.84789363], [106.58510546, 47.84787085], [106.58299035, 47.84377647], [106.58297752, 47.84375682], [106.58296022, 47.84373879], [106.5829389, 47.84372284], [106.58291409, 47.84370936], [106.58288642, 47.8436987], [106.58285659, 47.84369113], [106.58282535, 47.84368684], [106.5827935, 47.84368594], [106.57954337, 47.8437681], [106.57951015, 47.84377082], [106.57947806, 47.84377722]], [[106.58540993, 47.84800862], [106.58539402, 47.84801345], [106.58537959, 47.84802006], [106.58536709, 47.84802826], [106.58535689, 47.84803779], [106.5853493, 47.84804837], [106.58534455, 47.84805968], [106.58534279, 47.84807137], [106.58534406, 47.84808308], [106.58534834, 47.84809447], [106.58610291, 47.84955498], [106.58611633, 47.84957534], [106.58613454, 47.84959394], [106.58615704, 47.84961027], [106.58618324, 47.84962389], [106.5862124, 47.84963442], [106.58624374, 47.84964158], [106.5862764, 47.84964517], [106.58878663, 47.84977922], [106.58886285, 47.84977971], [106.58893842, 47.84977308], [106.5890119, 47.84975945], [106.58908186, 47.84973909], [106.58914695, 47.84971239], [106.5892059, 47.84967987], [106.58925758, 47.84964216], [106.58930098, 47.84959999], [106.58933527, 47.84955417], [106.58935979, 47.8495056], [106.58937405, 47.8494552], [106.58937779, 47.84940396], [106.58935496, 47.84865713], [106.58935408, 47.84863343], [106.58935207, 47.84862182], [106.5893471, 47.84861061], [106.58933934, 47.84860015], [106.58932901, 47.84859075], [106.58931642, 47.84858269], [106.58930195, 47.84857621], [106.58928604, 47.84857151], [106.58926917, 47.84856874], [106.58925183, 47.84856796], [106.58791231, 47.8485865], [106.58779535, 47.84858482], [106.58767902, 47.84857656], [106.58756411, 47.84856177], [106.58745146, 47.84854056], [106.58734183, 47.84851308], [106.58723601, 47.84847952], [106.58713473, 47.84844011], [106.5870387, 47.84839514], [106.5869486, 47.84834492], [106.58686507, 47.84828979], [106.58678868, 47.84823016], [106.58671997, 47.84816642], [106.58665943, 47.84809905], [106.58660747, 47.84802849], [106.58656448, 47.84795526], [106.58649692, 47.84782443], [106.5864906, 47.84781472], [106.5864821, 47.8478058], [106.58647162, 47.84779788], [106.58645944, 47.84779117], [106.58644584, 47.84778582], [106.58643117, 47.84778198], [106.58641578, 47.84777972], [106.58640006, 47.84777912], [106.58638439, 47.84778019], [106.58636917, 47.84778289], [106.58540993, 47.84800862]], [[106.59000139, 47.84847678], [106.59001722, 47.84848141], [106.59003399, 47.84848415], [106.59005121, 47.84848491], [106.59115778, 47.84846958], [106.5911682, 47.84846882], [106.59117827, 47.84846685], [106.59118768, 47.84846374], [106.59119614, 47.84845957], [106.5912034, 47.84845448], [106.59120923, 47.84844862], [106.59121346, 47.84844216], [106.59121597, 47.84843531], [106.59121667, 47.84842827], [106.59121338, 47.84832095], [106.59120402, 47.84801493], [106.59079696, 47.8471952], [106.5904924, 47.84707361], [106.59048882, 47.84695626], [106.59048811, 47.84695173], [106.59048627, 47.84694734], [106.59048336, 47.84694322], [106.59047947, 47.84693949], [106.5904747, 47.84693625], [106.59046918, 47.84693361], [106.59005587, 47.84676859], [106.58999244, 47.84673973], [106.58993452, 47.84670604], [106.5898829, 47.84666798], [106.5898383, 47.84662609], [106.58980136, 47.84658096], [106.58977257, 47.84653321], [106.58914031, 47.84527568], [106.58911753, 47.84522393], [106.58910069, 47.84517116], [106.58908988, 47.84511769], [106.58908517, 47.84506381], [106.58905376, 47.84403575], [106.58904715, 47.84397831], [106.58903093, 47.84392173], [106.5890053, 47.84386676], [106.5889706, 47.84381409], [106.58892726, 47.84376441], [106.58887585, 47.84371835], [106.58881703, 47.8436765], [106.58875154, 47.8436394], [106.58868024, 47.84360753], [106.58860405, 47.84358129], [106.58852393, 47.84356103], [106.58844091, 47.843547], [106.58835608, 47.84353939], [106.58827051, 47.84353829], [106.58768935, 47.84355301], [106.58767255, 47.8435544], [106.58765634, 47.84355767], [106.58764118, 47.84356273], [106.5876275, 47.84356944], [106.58761569, 47.8435776], [106.58760609, 47.84358698], [106.58759896, 47.84359731], [106.58759453, 47.8436083], [106.5875929, 47.84361964], [106.58759413, 47.843631], [106.58759818, 47.84364206], [106.5895747, 47.84757341], [106.58970033, 47.8478303], [106.58981958, 47.84808857], [106.58989052, 47.84825922], [106.58995116, 47.84843167], [106.58995624, 47.84844277], [106.58996407, 47.84845313], [106.58997442, 47.84846242], [106.58998698, 47.84847038], [106.59000139, 47.84847678]], [[106.58922577, 47.84438908], [106.5892136, 47.84439123], [106.58920207, 47.84439463], [106.58919148, 47.8443992], [106.58918209, 47.84440483], [106.58917411, 47.84441139], [106.58916776, 47.8444187], [106.58916319, 47.84442659], [106.5891605, 47.84443486], [106.58915977, 47.84444332], [106.58917869, 47.84506251], [106.58918565, 47.84512788], [106.58920245, 47.84519243], [106.58922892, 47.84525549], [106.58986118, 47.84651302], [106.58988581, 47.84655388], [106.58991743, 47.8465925], [106.58995558, 47.84662834], [106.58999975, 47.8466609], [106.59004932, 47.84668973], [106.59010359, 47.84671443], [106.59040992, 47.84683673], [106.59042121, 47.84684047], [106.59043323, 47.84684297], [106.59044569, 47.84684417], [106.59045827, 47.84684405], [106.59047067, 47.8468426], [106.59048257, 47.84683987], [106.5904937, 47.84683592], [106.59050377, 47.84683084], [106.59051254, 47.84682476], [106.59051979, 47.84681784], [106.5905538, 47.84677924], [106.5905588, 47.84677254], [106.59056237, 47.84676545], [106.59056445, 47.84675808], [106.590565, 47.8467506], [106.59056027, 47.84659584], [106.59055091, 47.84628981], [106.58966091, 47.84450922], [106.58961597, 47.84442061], [106.58961096, 47.8444128], [106.58960418, 47.84440562], [106.58959582, 47.84439924], [106.58958607, 47.84439383], [106.58957517, 47.84438952], [106.58956341, 47.84438641], [106.58955106, 47.84438458], [106.58953844, 47.84438409], [106.58923829, 47.84438824], [106.58922577, 47.84438908]], [[106.58262954, 47.84360907], [106.58266328, 47.84360627], [106.58269583, 47.84359968], [106.58272626, 47.84358948], [106.5827537, 47.84357596], [106.58277734, 47.84355951], [106.58279652, 47.84354062], [106.58281067, 47.84351981], [106.5828194, 47.84349769], [106.58282245, 47.8434749], [106.58281974, 47.84345208], [106.58281134, 47.84342991], [106.58204035, 47.84193726], [106.58202605, 47.8419158], [106.58200642, 47.84189634], [106.58198207, 47.84187947], [106.58195375, 47.8418657], [106.5819223, 47.84185545], [106.58188868, 47.84184904], [106.58185393, 47.84184665], [106.58181908, 47.84184836], [106.5817852, 47.84185412], [106.58041578, 47.84217468], [106.58038698, 47.84218318], [106.5803605, 47.84219461], [106.58033701, 47.84220869], [106.58031707, 47.84222507], [106.58030119, 47.84224334], [106.58028975, 47.84226307], [106.58028304, 47.84228375], [106.58028121, 47.84230489], [106.58028432, 47.84232596], [106.58029229, 47.84234645], [106.58091744, 47.84355685], [106.58093027, 47.8435765], [106.58094757, 47.84359453], [106.58096889, 47.84361048], [106.5809937, 47.84362396], [106.58102137, 47.84363462], [106.5810512, 47.84364219], [106.58108244, 47.84364648], [106.58111429, 47.84364738], [106.58262954, 47.84360907]], [[106.58214469, 47.84184798], [106.58214287, 47.84186911], [106.58214598, 47.84189018], [106.58215395, 47.84191067], [106.58297734, 47.84350477], [106.58299017, 47.84352442], [106.58300747, 47.84354244], [106.58302879, 47.8435584], [106.5830536, 47.84357187], [106.58308127, 47.84358253], [106.5831111, 47.8435901], [106.58314234, 47.84359439], [106.58317419, 47.84359529], [106.5842484, 47.84356812], [106.58428089, 47.8435655], [106.5843123, 47.84355935], [106.58434182, 47.84354985], [106.58436864, 47.84353725], [106.58439207, 47.84352187], [106.58441146, 47.84350413], [106.58442631, 47.84348451], [106.58443622, 47.84346352], [106.58444093, 47.84344172], [106.5844403, 47.8434197], [106.58443437, 47.84339805], [106.58369589, 47.84155977], [106.58368474, 47.84153896], [106.58366868, 47.84151965], [106.58364816, 47.84150238], [106.58362372, 47.84148759], [106.58359602, 47.84147568], [106.58356581, 47.84146699], [106.58353389, 47.84146173], [106.58350112, 47.84146006], [106.58346839, 47.84146202], [106.58343657, 47.84146754], [106.58227743, 47.8417389], [106.58224863, 47.8417474], [106.58222215, 47.84175883], [106.58219866, 47.84177291], [106.58217873, 47.84178929], [106.58216285, 47.84180756], [106.58215141, 47.84182729], [106.58214469, 47.84184798]], [[106.58857719, 47.84350655], [106.58865038, 47.84352627], [106.58866281, 47.84352927], [106.58867581, 47.84353086], [106.58868901, 47.84353099], [106.58870207, 47.84352966], [106.58871463, 47.8435269], [106.58872635, 47.8435228], [106.5887369, 47.84351745], [106.58874601, 47.84351101], [106.58875343, 47.84350365], [106.58884698, 47.84339198], [106.58884225, 47.84323722], [106.5888329, 47.8429312], [106.5883517, 47.84198225], [106.58808119, 47.841986], [106.58780464, 47.84198982], [106.58779074, 47.84199083], [106.58777732, 47.84199346], [106.58776478, 47.84199761], [106.5877535, 47.84200316], [106.58774382, 47.84200995], [106.58773604, 47.84201776], [106.5877304, 47.84202637], [106.58772706, 47.84203551], [106.58772612, 47.84204489], [106.58773571, 47.84235885], [106.58774313, 47.8424418], [106.5877603, 47.84252409], [106.58778709, 47.84260521], [106.58782335, 47.84268464], [106.58801827, 47.84305821], [106.58805489, 47.84313783], [106.58808254, 47.84321908], [106.58810107, 47.84330149], [106.58811036, 47.84338461], [106.58811188, 47.84341178], [106.58811406, 47.84342345], [106.58811921, 47.84343468], [106.58812719, 47.84344515], [106.58813774, 47.84345452], [106.58815055, 47.84346252], [106.58816522, 47.8434689], [106.58818132, 47.84347346], [106.58819836, 47.84347608], [106.5882158, 47.84347666], [106.58826699, 47.84347536], [106.58834582, 47.84347583], [106.58842425, 47.84348123], [106.58850159, 47.84349149], [106.58857719, 47.84350655]], [[106.58680716, 47.84350334], [106.58682064, 47.84350223], [106.58683364, 47.8434996], [106.5868458, 47.84349553], [106.58685676, 47.84349013], [106.58686622, 47.84348357], [106.58687389, 47.84347603], [106.58687956, 47.84346772], [106.58688307, 47.84345889], [106.58688432, 47.84344979], [106.58688327, 47.84344068], [106.58687994, 47.84343181], [106.58567858, 47.8410859], [106.585666, 47.84106645], [106.58564906, 47.84104857], [106.58562815, 47.8410327], [106.58560382, 47.84101923], [106.58557665, 47.8410085], [106.58554731, 47.84100076], [106.58551654, 47.84099621], [106.58548509, 47.84099497], [106.58545373, 47.84099706], [106.58542325, 47.84100243], [106.58393002, 47.84135202], [106.58390063, 47.84136074], [106.58387369, 47.8413725], [106.58384988, 47.841387], [106.58382982, 47.84140388], [106.58381402, 47.8414227], [106.58380289, 47.84144298], [106.5837967, 47.84146419], [106.5841735, 47.84137598], [106.58554282, 47.84105539], [106.58676016, 47.84343252], [106.58500797, 47.84347688], [106.58460168, 47.84348716], [106.58461922, 47.8435044], [106.58464051, 47.84351961], [106.58466504, 47.84353243], [106.58469221, 47.84354254], [106.58472137, 47.84354971], [106.58475183, 47.84355376], [106.58478285, 47.84355459], [106.58680716, 47.84350334]], [[106.58577148, 47.84099346], [106.58576826, 47.84101635], [106.58577086, 47.84103928], [106.5857792, 47.84106157], [106.58700742, 47.84345993], [106.58701249, 47.84346776], [106.58701933, 47.84347495], [106.58702777, 47.84348132], [106.5870376, 47.84348672], [106.58704856, 47.84349101], [106.5870604, 47.84349408], [106.58707281, 47.84349586], [106.58709987, 47.84349133], [106.58712536, 47.84348373], [106.5871485, 47.84347326], [106.5871686, 47.84346026], [106.58718505, 47.8434451], [106.58719736, 47.84342826], [106.58720514, 47.84341024], [106.58720817, 47.84339158], [106.58720636, 47.84337285], [106.58719975, 47.84335461], [106.58640691, 47.84177742], [106.58631546, 47.84158695], [106.58623178, 47.84139487], [106.58615592, 47.84120132], [106.58608795, 47.84100645], [106.58607821, 47.8409852], [106.58606341, 47.84096531], [106.58604396, 47.84094733], [106.58602038, 47.84093175], [106.58599333, 47.84091898], [106.58596352, 47.84090939], [106.58593178, 47.84090321], [106.58589897, 47.84090063], [106.58586597, 47.84090172], [106.58583824, 47.84091514], [106.5858143, 47.84093154], [106.58579484, 47.84095043], [106.58578043, 47.84097127], [106.58577148, 47.84099346]], [[106.58538944, 47.84093415], [106.58542126, 47.84092454], [106.58545012, 47.84091136], [106.58547515, 47.84089501], [106.5854956, 47.84087598], [106.58551083, 47.84085486], [106.5855204, 47.84083228], [106.58552401, 47.84080892], [106.58552154, 47.8407855], [106.58551309, 47.84076272], [106.58502355, 47.83980672], [106.58501097, 47.83978727], [106.58499403, 47.83976939], [106.58497313, 47.83975352], [106.58494879, 47.83974005], [106.58492162, 47.83972931], [106.58489228, 47.83972158], [106.58486151, 47.83971703], [106.58483006, 47.83971579], [106.58479871, 47.83971787], [106.58476823, 47.83972325], [106.58340403, 47.84004263], [106.58337465, 47.84005134], [106.5833477, 47.8400631], [106.5833239, 47.84007761], [106.58330384, 47.84009449], [106.58328804, 47.84011331], [106.5832769, 47.84013358], [106.58327072, 47.8401548], [106.58364635, 47.8400673], [106.58364618, 47.8400669], [106.58488611, 47.8397766], [106.58543394, 47.84084277], [106.58408721, 47.84115807], [106.58372087, 47.84124384], [106.58374527, 47.84125789], [106.58377269, 47.84126914], [106.58380242, 47.8412773], [106.58383371, 47.84128216], [106.58386575, 47.84128359], [106.58389772, 47.84128156], [106.58392879, 47.84127612], [106.58538944, 47.84093415]], [[106.58572812, 47.84072722], [106.58573286, 47.84073438], [106.58573937, 47.84074088], [106.58574747, 47.84074651], [106.58575689, 47.84075112], [106.58576736, 47.84075455], [106.58577856, 47.84075671], [106.58579014, 47.84075753], [106.58580176, 47.84075698], [106.58581306, 47.84075508], [106.58583829, 47.84074922], [106.58584788, 47.84074641], [106.58585671, 47.84074263], [106.58586455, 47.84073796], [106.58587121, 47.84073253], [106.58587653, 47.84072646], [106.58588038, 47.84071991], [106.58588266, 47.84071303], [106.58588332, 47.840706], [106.58588233, 47.84069899], [106.58587247, 47.84066082], [106.58582975, 47.8404761], [106.58579397, 47.84029072], [106.58576517, 47.84010478], [106.58574799, 47.84000987], [106.5857224, 47.83991582], [106.5856885, 47.83982296], [106.58564641, 47.83973164], [106.58559627, 47.83964218], [106.58553827, 47.83955491], [106.58547261, 47.83947012], [106.58539954, 47.83938813], [106.58535529, 47.8393417], [106.58520968, 47.83918506], [106.58511976, 47.83907824], [106.58503631, 47.83896906], [106.58495949, 47.8388577], [106.5848894, 47.83874435], [106.58482616, 47.83862918], [106.58357427, 47.83637178], [106.58338161, 47.83602437], [106.58294857, 47.83524344], [106.58294757, 47.83524204], [106.58294624, 47.83524077], [106.5829446, 47.83523967], [106.5829427, 47.83523878], [106.5829406, 47.83523813], [106.58293837, 47.83523773], [106.58293607, 47.83523759], [106.58293377, 47.83523772], [106.58293154, 47.83523812], [106.58292944, 47.83523877], [106.58292754, 47.83523965], [106.58292589, 47.83524075], [106.58292455, 47.83524201], [106.58292355, 47.83524341], [106.58292292, 47.83524491], [106.58292269, 47.83524646], [106.58292286, 47.83524801], [106.58292342, 47.83524952], [106.58572812, 47.84072722]], [[106.58316459, 47.836589], [106.58319641, 47.83657938], [106.58322527, 47.8365662], [106.5832503, 47.83654985], [106.58327075, 47.83653083], [106.58328598, 47.83650971], [106.58329555, 47.83648713], [106.58329916, 47.83646377], [106.58329669, 47.83644035], [106.58328824, 47.83641757], [106.58267212, 47.83521414], [106.58265954, 47.83519469], [106.5826426, 47.83517681], [106.5826217, 47.83516094], [106.58259737, 47.83514747], [106.5825702, 47.83513673], [106.58254087, 47.83512899], [106.5825101, 47.83512444], [106.58247865, 47.8351232], [106.5824473, 47.83512529], [106.58241683, 47.83513066], [106.58151585, 47.83534159], [106.58148647, 47.8353503], [106.58145953, 47.83536206], [106.58143572, 47.83537657], [106.58141566, 47.83539345], [106.58139986, 47.83541227], [106.58138873, 47.83543254], [106.58138255, 47.83545375], [106.58174978, 47.83536778], [106.58253637, 47.83518362], [106.58321128, 47.83650187], [106.58229356, 47.83671673], [106.58193971, 47.83679957], [106.58196398, 47.8368126], [106.58199094, 47.83682295], [106.58201996, 47.83683037], [106.58205034, 47.83683469], [106.58208133, 47.83683579], [106.58211221, 47.83683366], [106.58214224, 47.83682835], [106.58316459, 47.836589]], [[106.58148356, 47.83527112], [106.58151463, 47.83526568], [106.58238302, 47.83506238], [106.58241483, 47.83505277], [106.5824437, 47.83503959], [106.58246873, 47.83502324], [106.58248917, 47.83500421], [106.5825044, 47.83498309], [106.58251397, 47.83496051], [106.58251758, 47.83493715], [106.58251512, 47.83491373], [106.58250666, 47.83489095], [106.58200578, 47.83391255], [106.58103337, 47.83414021], [106.58100493, 47.83414858], [106.58097875, 47.83415981], [106.58095546, 47.83417363], [106.58093562, 47.8341897], [106.5809197, 47.83420764], [106.58090809, 47.83422702], [106.58090106, 47.83424738], [106.58126511, 47.83416215], [106.58193335, 47.8340057], [106.58242752, 47.834971], [106.58130673, 47.8352334], [106.58133113, 47.83524745], [106.58135854, 47.83525871], [106.58138827, 47.83526686], [106.58141956, 47.83527172], [106.58145159, 47.83527316], [106.58148356, 47.83527112]], [[106.58099684, 47.83406112], [106.58102866, 47.8340556], [106.58205864, 47.83381446], [106.58208784, 47.83380581], [106.58211463, 47.83379415], [106.58213834, 47.83377978], [106.58215836, 47.83376306], [106.58217419, 47.83374441], [106.58218542, 47.8337243], [106.58219177, 47.83370325], [106.58219308, 47.83368179], [106.58218931, 47.83366046], [106.58218057, 47.83363981], [106.58160958, 47.83261001], [106.5805212, 47.83286483], [106.5804907, 47.83287394], [106.58046288, 47.83288634], [106.58043849, 47.83290168], [106.58041823, 47.83291953], [106.58040264, 47.8329394], [106.58039216, 47.83296073], [106.58038709, 47.83298293], [106.58038756, 47.8330054], [106.58039356, 47.8330275], [106.58076938, 47.83396336], [106.58078053, 47.83398417], [106.58079657, 47.83400348], [106.58081709, 47.83402076], [106.58084153, 47.83403555], [106.58086922, 47.83404745], [106.58089943, 47.83405615], [106.58093135, 47.8340614], [106.58096411, 47.83406308], [106.58099684, 47.83406112]], [[106.58049516, 47.83281186], [106.58052697, 47.83280633], [106.58062435, 47.83278353], [106.58158153, 47.83255943], [106.58118826, 47.83185014], [106.58109073, 47.83168297], [106.58098479, 47.83151814], [106.58087057, 47.83135582], [106.58074821, 47.83119623], [106.58061785, 47.83103953], [106.58000667, 47.83033335], [106.5798707, 47.83016994], [106.57974304, 47.83000351], [106.57962383, 47.82983426], [106.57951322, 47.82966239], [106.57929926, 47.82931387], [106.57928383, 47.82929372], [106.57926362, 47.8292756], [106.57923919, 47.82926001], [106.57921122, 47.8292474], [106.57918052, 47.82923811], [106.57914794, 47.82923242], [106.57911441, 47.82923048], [106.57908087, 47.82923234], [106.57904826, 47.82923796], [106.57895303, 47.82926026], [106.57892423, 47.82926876], [106.57889776, 47.82928019], [106.57887427, 47.82929427], [106.57885434, 47.82931065], [106.57883846, 47.82932892], [106.57882702, 47.82934865], [106.57882031, 47.82936933], [106.57881848, 47.82939047], [106.57882159, 47.82941154], [106.57882956, 47.82943203], [106.57932336, 47.83038844], [106.57936808, 47.83048023], [106.57940797, 47.83057304], [106.5802677, 47.8327141], [106.58027885, 47.83273491], [106.5802949, 47.83275421], [106.58031541, 47.83277149], [106.58033985, 47.83278628], [106.58036754, 47.83279818], [106.58039775, 47.83280688], [106.58042967, 47.83281214], [106.58046243, 47.83281381], [106.58049516, 47.83281186]], [[106.5789805, 47.82916811], [106.57901031, 47.82915924], [106.57903759, 47.82914724], [106.57906162, 47.82913241], [106.57908177, 47.82911516], [106.57909749, 47.82909594], [106.57910838, 47.82907525], [106.57911415, 47.82905365], [106.57911464, 47.82903171], [106.57910984, 47.82901], [106.57909988, 47.8289891], [106.57886662, 47.82860912], [106.57866171, 47.82828268], [106.57844915, 47.82795846], [106.57822899, 47.82763656], [106.57800129, 47.82731704], [106.57791851, 47.82720319], [106.57779459, 47.8270248], [106.57768019, 47.82684354], [106.57757547, 47.82665965], [106.57748054, 47.82647336], [106.57739554, 47.82628491], [106.57738411, 47.82626436], [106.57736788, 47.82624533], [106.57734729, 47.82622832], [106.57732287, 47.82621379], [106.57729528, 47.82620211], [106.57726524, 47.8261936], [106.57723355, 47.82618848], [106.57720104, 47.82618689], [106.57716859, 47.82618887], [106.57713704, 47.82619436], [106.57561453, 47.82655062], [106.57555317, 47.82656789], [106.57549543, 47.8265901], [106.57544216, 47.82661691], [106.57539419, 47.82664792], [106.57535222, 47.82668266], [106.5753169, 47.8267206], [106.57481726, 47.82733878], [106.57478604, 47.82738474], [106.57476456, 47.82743316], [106.57475325, 47.82748313], [106.57475231, 47.82753366], [106.57476176, 47.8275838], [106.57478143, 47.82763258], [106.57532068, 47.82867722], [106.57533498, 47.82869868], [106.5753546, 47.82871814], [106.57537894, 47.82873502], [106.57540726, 47.82874879], [106.57543869, 47.82875904], [106.5754723, 47.82876545], [106.57550705, 47.82876784], [106.57554188, 47.82876613], [106.57557575, 47.82876038], [106.57720101, 47.82837673], [106.57721849, 47.82837155], [106.57723454, 47.82836458], [106.57724874, 47.82835599], [106.57726074, 47.82834599], [106.57727025, 47.82833484], [106.57727701, 47.82832281], [106.57728085, 47.82831022], [106.57728169, 47.82829738], [106.5772795, 47.8282846], [106.57727434, 47.82827222], [106.57727401, 47.82827164], [106.57726612, 47.8282601], [106.57725563, 47.82824954], [106.57724283, 47.82824021], [106.57722801, 47.82823234], [106.57721155, 47.82822614], [106.57719385, 47.82822174], [106.57717534, 47.82821926], [106.57715649, 47.82821876], [106.57713776, 47.82822026], [106.5771196, 47.82822371], [106.5770444, 47.82824239], [106.57667428, 47.82756688], [106.57715054, 47.82744855], [106.57752066, 47.82812406], [106.57744546, 47.82814274], [106.57742833, 47.82814806], [106.57741264, 47.82815512], [106.57739879, 47.82816374], [106.57738711, 47.82817372], [106.57737789, 47.82818481], [106.57737136, 47.82819673], [106.57736768, 47.82820919], [106.57736694, 47.82822188], [106.57736916, 47.8282345], [106.57737428, 47.82824673], [106.57745472, 47.82839353], [106.57561086, 47.82882835], [106.57558206, 47.82883685], [106.57555558, 47.82884828], [106.57553209, 47.82886236], [106.57551216, 47.82887874], [106.57549628, 47.82889701], [106.57548484, 47.82891674], [106.57547813, 47.82893742], [106.5754763, 47.82895856], [106.5754794, 47.82897963], [106.57548737, 47.82900012], [106.57587557, 47.82975211], [106.57588987, 47.82977357], [106.57590949, 47.82979303], [106.57593383, 47.8298099], [106.57596215, 47.82982367], [106.57599359, 47.82983392], [106.5760272, 47.82984034], [106.57606195, 47.82984272], [106.57609678, 47.82984101], [106.57613065, 47.82983526], [106.5789805, 47.82916811]], [[106.57520711, 47.82870379], [106.57466786, 47.82765916], [106.5746465, 47.82760819], [106.57463428, 47.82755588], [106.57463137, 47.82750295], [106.57463781, 47.82745017], [106.5746535, 47.82739828], [106.57467824, 47.82734801], [106.57471166, 47.82730007], [106.5752113, 47.8266819], [106.57525447, 47.82663552], [106.57530576, 47.82659307], [106.5753644, 47.82655517], [106.5754295, 47.8265224], [106.57550008, 47.82649525], [106.57557507, 47.82647415], [106.57714077, 47.82610778], [106.57717052, 47.82609893], [106.57719775, 47.82608697], [106.57722175, 47.8260722], [106.57724188, 47.826055], [106.57725763, 47.82603584], [106.57726856, 47.82601522], [106.57727439, 47.82599368], [106.57727498, 47.82597179], [106.5772703, 47.82595012], [106.57693454, 47.82496508], [106.57691489, 47.82492166], [106.57688643, 47.82488052], [106.5768497, 47.82484246], [106.57680543, 47.82480824], [106.57558302, 47.82398718], [106.57555673, 47.82397232], [106.57552706, 47.8239607], [106.57549487, 47.82395266], [106.57546112, 47.82394843], [106.5754268, 47.82394815], [106.57539291, 47.82395182], [106.57536044, 47.82395932], [106.57193146, 47.82498108], [106.57181653, 47.82501843], [106.57170623, 47.82506165], [106.57160122, 47.82511048], [106.57150213, 47.82516463], [106.57140955, 47.82522377], [106.57132403, 47.82528756], [106.5712461, 47.8253556], [106.5711762, 47.8254275], [106.57111477, 47.82550283], [106.57041358, 47.82644736], [106.57035427, 47.82653517], [106.57030469, 47.82662568], [106.57026511, 47.8267184], [106.57023574, 47.82681282], [106.57021675, 47.82690844], [106.57020823, 47.82700475], [106.57021023, 47.82710121], [106.57022273, 47.82719731], [106.57024568, 47.82729254], [106.57065151, 47.82865735], [106.57077435, 47.82907045], [106.57079891, 47.82914245], [106.57082945, 47.82921342], [106.57086586, 47.82928311], [106.57090803, 47.82935132], [106.57176827, 47.83063919], [106.57179486, 47.83067158], [106.57182898, 47.83070059], [106.5718697, 47.83072544], [106.57191593, 47.83074546], [106.5719664, 47.8307601], [106.57201976, 47.83076897], [106.57207455, 47.83077183], [106.5721293, 47.8307686], [106.57218252, 47.83075937], [106.57396315, 47.83034261], [106.57563852, 47.82995046], [106.57566732, 47.82994196], [106.57569379, 47.82993053], [106.57571728, 47.82991645], [106.57573721, 47.82990007], [106.57575309, 47.8298818], [106.57576453, 47.82986207], [106.57577124, 47.82984139], [106.57577307, 47.82982025], [106.57576997, 47.82979918], [106.575762, 47.82977869], [106.57537379, 47.82902669], [106.57520711, 47.82870379]], [[106.57571187, 47.83002117], [106.575678, 47.83002693], [106.57400099, 47.83041947], [106.5722292, 47.83083416], [106.57219934, 47.83084304], [106.57217202, 47.83085507], [106.57214796, 47.83086993], [106.5721278, 47.83088722], [106.57211208, 47.83090649], [106.57210122, 47.83092722], [106.57209549, 47.83094886], [106.57209507, 47.83097084], [106.57209994, 47.83099258], [106.57211, 47.83101349], [106.57212496, 47.83103303], [106.57214443, 47.83105067], [106.57223817, 47.83111762], [106.57233865, 47.83117998], [106.5724454, 47.83123742], [106.57255787, 47.83128968], [106.57267552, 47.83133648], [106.5728559, 47.8314026], [106.5729788, 47.83145005], [106.57309611, 47.83150354], [106.57320716, 47.83156277], [106.57331135, 47.83162741], [106.57340809, 47.8316971], [106.57349685, 47.83177145], [106.57357712, 47.83185006], [106.57364847, 47.83193247], [106.57371049, 47.83201824], [106.57376285, 47.83210688], [106.57465212, 47.83388787], [106.57468836, 47.83397501], [106.57471611, 47.83406356], [106.57473523, 47.83415314], [106.57474566, 47.83424336], [106.57474734, 47.83433385], [106.57474027, 47.83442423], [106.57470918, 47.83466948], [106.5747051, 47.83474292], [106.57471145, 47.83481628], [106.57472817, 47.83488891], [106.57475511, 47.83496012], [106.5747614, 47.83497069], [106.57477025, 47.83498039], [106.57478139, 47.83498895], [106.57479451, 47.83499613], [106.57480923, 47.83500172], [106.57482514, 47.83500557], [106.57558314, 47.83514143], [106.57570586, 47.83515985], [106.5758304, 47.83517149], [106.57595594, 47.83517627], [106.57608164, 47.83517415], [106.57620666, 47.83516516], [106.57633019, 47.83514934], [106.57641663, 47.83513401], [106.57650161, 47.83511533], [106.57811065, 47.8347387], [106.57813945, 47.83473019], [106.57816592, 47.83471876], [106.57818941, 47.83470469], [106.57820935, 47.83468831], [106.57822523, 47.83467003], [106.57823666, 47.83465031], [106.57824338, 47.83462962], [106.57824521, 47.83460848], [106.5782421, 47.83458741], [106.57823413, 47.83456693], [106.57593308, 47.83011008], [106.57591878, 47.83008862], [106.57589916, 47.83006916], [106.57587482, 47.83005229], [106.5758465, 47.83003852], [106.57581506, 47.83002827], [106.57578146, 47.83002185], [106.57574671, 47.83001946], [106.57571187, 47.83002117]], [[106.57452467, 47.83494327], [106.57454041, 47.83493976], [106.57455507, 47.83493456], [106.57456826, 47.8349278], [106.57457962, 47.83491967], [106.57458882, 47.83491039], [106.57459563, 47.83490021], [106.57459986, 47.83488942], [106.57460138, 47.83487831], [106.57460017, 47.83486718], [106.57458841, 47.83479925], [106.5745848, 47.83473091], [106.57458937, 47.83466259], [106.57462046, 47.83441734], [106.57462711, 47.83433236], [106.57462555, 47.83424726], [106.57461577, 47.83416242], [106.57459783, 47.83407818], [106.5745718, 47.8339949], [106.57453778, 47.83391294], [106.57366897, 47.83217293], [106.57362658, 47.83209284], [106.57357585, 47.83201498], [106.57351705, 47.83193974], [106.57345047, 47.8318675], [106.57337644, 47.83179862], [106.57329535, 47.83173345], [106.57320759, 47.83167232], [106.57311361, 47.83161553], [106.57301388, 47.83156338], [106.57290891, 47.83151613], [106.57279923, 47.83147401], [106.57261803, 47.83140759], [106.57249889, 47.83136037], [106.57238471, 47.83130789], [106.57227601, 47.83125038], [106.57217326, 47.8311881], [106.57207694, 47.83112132], [106.57198747, 47.83105036], [106.57195246, 47.83102492], [106.57191205, 47.83100341], [106.57186721, 47.83098635], [106.57181901, 47.83097412], [106.57176859, 47.83096704], [106.57171715, 47.83096526], [106.57166592, 47.83096882], [106.5716161, 47.83097765], [106.57136832, 47.83103564], [106.57119243, 47.83107381], [106.57101414, 47.83110656], [106.57083383, 47.83113383], [106.57065186, 47.83115555], [106.56648989, 47.83158695], [106.56638652, 47.83160121], [106.56628574, 47.83162227], [106.56618854, 47.83164991], [106.56609586, 47.83168387], [106.5660086, 47.83172382], [106.56592762, 47.83176937], [106.56585371, 47.83182007], [106.56578757, 47.83187543], [106.56572987, 47.83193492], [106.56568116, 47.83199794], [106.56564192, 47.8320639], [106.56561252, 47.83213213], [106.56559326, 47.83220199], [106.56554966, 47.83239367], [106.56549593, 47.83258418], [106.56543215, 47.83277328], [106.56535839, 47.83296073], [106.56527476, 47.83314629], [106.56526731, 47.83316758], [106.56526507, 47.8331894], [106.56526809, 47.83321119], [106.56527631, 47.83323235], [106.56528949, 47.83325234], [106.5653073, 47.83327064], [106.56532927, 47.83328676], [106.56535481, 47.83330028], [106.56538327, 47.83331084], [106.56541388, 47.83331816], [106.5744754, 47.83494287], [106.57449172, 47.83494484], [106.57450829, 47.83494498], [106.57452467, 47.83494327]], [[106.56808749, 47.83391444], [106.56802112, 47.8338843], [106.56794938, 47.83386035], [106.56787356, 47.83384304], [106.56534066, 47.83338882], [106.56530881, 47.83338493], [106.56527644, 47.83338454], [106.5652444, 47.83338767], [106.56521353, 47.83339423], [106.56518462, 47.83340405], [106.56515845, 47.83341688], [106.56513568, 47.83343237], [106.56511692, 47.83345014], [106.56510265, 47.8334697], [106.56499305, 47.83364752], [106.56487418, 47.83382261], [106.56474617, 47.83399476], [106.56460919, 47.83416375], [106.56446342, 47.83432937], [106.56430902, 47.83449141], [106.56414621, 47.83464967], [106.56397517, 47.83480395], [106.56303315, 47.83562302], [106.56301571, 47.83564097], [106.56300272, 47.83566054], [106.56299449, 47.83568126], [106.56299125, 47.83570259], [106.56299306, 47.835724], [106.56299989, 47.83574495], [106.56301156, 47.8357649], [106.56302778, 47.83578336], [106.56304813, 47.83579985], [106.56307211, 47.83581397], [106.56412939, 47.83634267], [106.56419003, 47.836369], [106.56425527, 47.83638974], [106.564324, 47.83640453], [106.56439503, 47.8364131], [106.5644671, 47.83641532], [106.5674147, 47.83637511], [106.56744539, 47.83637309], [106.56747526, 47.83636793], [106.5675036, 47.83635974], [106.56752974, 47.83634872], [106.56755306, 47.83633513], [106.567573, 47.8363193], [106.56758911, 47.83630159], [106.56760098, 47.83628242], [106.56773196, 47.83600394], [106.56785327, 47.83572348], [106.56796486, 47.8354412], [106.56806666, 47.83515724], [106.56815861, 47.83487177], [106.56824068, 47.83458493], [106.56831282, 47.83429688], [106.56831991, 47.83424319], [106.56831635, 47.83418933], [106.56830219, 47.83413627], [106.56827769, 47.83408495], [106.56824328, 47.83403628], [106.56819957, 47.83399111], [106.56814733, 47.83395026], [106.56808749, 47.83391444]], [[106.56406566, 47.83640044], [106.56300018, 47.83586765], [106.56297083, 47.83585545], [106.56293881, 47.83584683], [106.56290506, 47.83584204], [106.56287059, 47.83584121], [106.56283643, 47.83584437], [106.56280357, 47.83585142], [106.562773, 47.83586217], [106.56274561, 47.83587629], [106.56272223, 47.83589335], [106.56048324, 47.83783995], [106.56046599, 47.83785765], [106.56045307, 47.83787696], [106.5604448, 47.83789739], [106.56044137, 47.83791843], [106.56044288, 47.83793958], [106.56044928, 47.83796032], [106.56046042, 47.83798012], [106.56047602, 47.8379985], [106.5604957, 47.83801502], [106.56051898, 47.83802926], [106.56082552, 47.83818909], [106.56088481, 47.83821602], [106.5609488, 47.83823753], [106.5610164, 47.83825324], [106.56108647, 47.83826288], [106.56115781, 47.8382663], [106.56122921, 47.83826343], [106.56443548, 47.83799231], [106.56450858, 47.83798891], [106.56458179, 47.83799104], [106.56465419, 47.83799865], [106.56472487, 47.83801167], [106.56479295, 47.83802992], [106.56485758, 47.83805318], [106.56491794, 47.83808115], [106.5658363, 47.83855992], [106.56586516, 47.83857246], [106.56589679, 47.8385815], [106.56593024, 47.83858677], [106.56596454, 47.83858812], [106.56599867, 47.8385855], [106.56603164, 47.838579], [106.56606248, 47.8385688], [106.56609027, 47.8385552], [106.56611421, 47.83853861], [106.56613359, 47.83851951], [106.5663459, 47.83825884], [106.56654899, 47.83799485], [106.56674274, 47.83772771], [106.56692703, 47.83745755], [106.56710177, 47.83718452], [106.56726685, 47.83690879], [106.56742219, 47.8366305], [106.56743072, 47.83660949], [106.56743412, 47.83658783], [106.5674323, 47.83656609], [106.56742531, 47.83654483], [106.56741333, 47.8365246], [106.56739667, 47.83650593], [106.56737577, 47.83648931], [106.56735118, 47.83647517], [106.56732352, 47.83646388], [106.56729353, 47.83645573], [106.56726198, 47.83645093], [106.56722969, 47.83644961], [106.56446927, 47.83648727], [106.56439743, 47.8364856], [106.56432631, 47.83647863], [106.56425674, 47.83646645], [106.56418958, 47.83644921], [106.56412563, 47.83642712], [106.56406566, 47.83640044]], [[106.56007728, 47.83806065], [106.5600961, 47.83804096], [106.5601096, 47.83801937], [106.56011734, 47.83799655], [106.56011911, 47.83797316], [106.56011484, 47.83794992], [106.56010468, 47.83792753], [106.56008891, 47.83790666], [106.56006803, 47.83788793], [106.56004265, 47.83787192], [106.55972173, 47.83770315], [106.55969543, 47.83769133], [106.5596667, 47.83768245], [106.55963625, 47.83767672], [106.55960484, 47.83767429], [106.55957325, 47.83767521], [106.55954228, 47.83767946], [106.55951268, 47.83768694], [106.55948519, 47.83769746], [106.55946051, 47.83771077], [106.55943924, 47.83772651], [106.55830706, 47.83871074], [106.55828824, 47.83873041], [106.55827475, 47.83875198], [106.558267, 47.83877478], [106.55826522, 47.83879815], [106.55826945, 47.83882137], [106.55827959, 47.83884375], [106.55829531, 47.83886462], [106.55831615, 47.83888334], [106.55834148, 47.83889936], [106.5586626, 47.83906825], [106.5586889, 47.83908006], [106.55871763, 47.83908894], [106.55874808, 47.83909467], [106.55877949, 47.83909711], [106.55881108, 47.83909619], [106.55884206, 47.83909193], [106.55887166, 47.83908445], [106.55889914, 47.83907393], [106.55892383, 47.83906063], [106.5589451, 47.83904488], [106.56007728, 47.83806065]], [[106.55937585, 47.83769347], [106.5593931, 47.83767576], [106.55940602, 47.83765645], [106.5594143, 47.83763603], [106.55941772, 47.83761498], [106.55941622, 47.83759383], [106.55940982, 47.8375731], [106.55939868, 47.83755329], [106.55938308, 47.83753491], [106.55936339, 47.83751839], [106.55934012, 47.83750416], [106.5586746, 47.83715713], [106.55864522, 47.83714441], [106.558613, 47.83713531], [106.55857893, 47.83713011], [106.55854403, 47.83712898], [106.55850937, 47.83713195], [106.55847601, 47.83713892], [106.55844495, 47.83714969], [106.55841714, 47.83716392], [106.55839342, 47.83718119], [106.55645437, 47.83886679], [106.55643712, 47.8388845], [106.5564242, 47.83890381], [106.55641592, 47.83892423], [106.55641249, 47.83894528], [106.55641399, 47.83896643], [106.55642039, 47.83898716], [106.55643153, 47.83900696], [106.55644714, 47.83902535], [106.55646682, 47.83904187], [106.5564901, 47.8390561], [106.55715562, 47.83940314], [106.55718501, 47.83941587], [106.55721722, 47.83942497], [106.5572513, 47.83943016], [106.55728619, 47.83943129], [106.55732085, 47.83942833], [106.55735422, 47.83942136], [106.55738528, 47.83941059], [106.55741309, 47.83939635], [106.55743681, 47.83937908], [106.55937585, 47.83769347]], [[106.55642464, 47.839113], [106.55639526, 47.83910027], [106.55636304, 47.83909118], [106.55632897, 47.83908598], [106.55629407, 47.83908485], [106.55625941, 47.83908781], [106.55622605, 47.83909479], [106.55619498, 47.83910555], [106.55616717, 47.83911979], [106.55614345, 47.83913706], [106.55420425, 47.84082262], [106.554187, 47.84084033], [106.55417408, 47.84085963], [106.5541658, 47.84088006], [106.55416237, 47.84090111], [106.55416388, 47.84092226], [106.55417027, 47.84094299], [106.55418141, 47.84096279], [106.55419701, 47.84098118], [106.5542167, 47.84099769], [106.55423997, 47.84101193], [106.55490552, 47.84135898], [106.5549349, 47.84137171], [106.55496711, 47.84138081], [106.55500119, 47.841386], [106.55503609, 47.84138714], [106.55507075, 47.84138417], [106.55510412, 47.8413772], [106.55513518, 47.84136643], [106.555163, 47.8413522], [106.55518672, 47.84133493], [106.5571259, 47.83964935], [106.55714315, 47.83963164], [106.55715607, 47.83961234], [106.55716435, 47.83959191], [106.55716778, 47.83957086], [106.55716627, 47.83954971], [106.55715987, 47.83952898], [106.55714873, 47.83950918], [106.55713313, 47.83949079], [106.55711345, 47.83947428], [106.55709017, 47.83946004], [106.55642464, 47.839113]], [[106.55670966, 47.84016451], [106.55667868, 47.84016876], [106.55664908, 47.84017624], [106.55662159, 47.84018677], [106.55659691, 47.84020007], [106.55657563, 47.84021581], [106.5552501, 47.84136798], [106.55523128, 47.84138765], [106.55521779, 47.84140921], [106.55521004, 47.84143202], [106.55520825, 47.84145539], [106.55521249, 47.84147861], [106.55522262, 47.84150099], [106.55523834, 47.84152186], [106.55525918, 47.84154058], [106.55528451, 47.8415566], [106.55560564, 47.84172549], [106.55563194, 47.84173731], [106.55566067, 47.84174619], [106.55569112, 47.84175192], [106.55572254, 47.84175436], [106.55575413, 47.84175344], [106.55578511, 47.84174919], [106.55581471, 47.8417417], [106.5558422, 47.84173118], [106.55586688, 47.84171788], [106.55588816, 47.84170213], [106.55721368, 47.84054996], [106.55723252, 47.84053027], [106.55724601, 47.84050869], [106.55725376, 47.84048586], [106.55725552, 47.84046248], [106.55725126, 47.84043924], [106.55724109, 47.84041684], [106.55722533, 47.84039597], [106.55720445, 47.84037725], [106.55717907, 47.84036124], [106.55685815, 47.84019245], [106.55683184, 47.84018064], [106.55680311, 47.84017175], [106.55677266, 47.84016602], [106.55674125, 47.84016359], [106.55670966, 47.84016451]], [[106.55742473, 47.84055029], [106.55739136, 47.84055726], [106.5573603, 47.84056803], [106.55733248, 47.84058227], [106.55730876, 47.84059954], [106.55683673, 47.84100984], [106.55682638, 47.84102047], [106.55681863, 47.84103205], [106.55681366, 47.84104431], [106.55681161, 47.84105694], [106.55681251, 47.84106963], [106.55681635, 47.84108206], [106.55682303, 47.84109395], [106.55683239, 47.84110498], [106.55683407, 47.84110638], [106.556714, 47.84111653], [106.55598428, 47.84175081], [106.55596703, 47.84176851], [106.55595411, 47.84178782], [106.55594583, 47.84180825], [106.5559424, 47.84182929], [106.5559439, 47.84185044], [106.5559503, 47.84187117], [106.55596144, 47.84189098], [106.55597705, 47.84190936], [106.55599673, 47.84192588], [106.55602001, 47.84194012], [106.55651199, 47.84219664], [106.55669468, 47.8422933], [106.55675451, 47.84232127], [106.55681933, 47.84234365], [106.55688799, 47.84236005], [106.55695926, 47.84237016], [106.55703191, 47.84237382], [106.55710463, 47.84237096], [106.55779285, 47.84231281], [106.56031118, 47.84209996], [106.56038429, 47.84209656], [106.5604575, 47.84209868], [106.56052991, 47.8421063], [106.56060059, 47.84211932], [106.56066868, 47.84213757], [106.5607333, 47.84216084], [106.56079366, 47.84218881], [106.56146674, 47.84253972], [106.56149599, 47.8425524], [106.56152805, 47.84256148], [106.56156195, 47.8425667], [106.56159669, 47.84256789], [106.56163121, 47.84256501], [106.56166447, 47.84255817], [106.56169548, 47.84254756], [106.56172329, 47.84253349], [106.56174707, 47.84251641], [106.56308459, 47.84137048], [106.56310209, 47.84135277], [106.56311524, 47.84133343], [106.56312372, 47.84131294], [106.5631273, 47.84129181], [106.56312591, 47.84127056], [106.56311958, 47.84124972], [106.56310846, 47.84122981], [106.56309283, 47.84121133], [106.56307309, 47.84119472], [106.56304971, 47.84118042], [106.5622394, 47.84075797], [106.56218011, 47.84073103], [106.56211612, 47.84070953], [106.56204851, 47.84069382], [106.56197843, 47.84068417], [106.56190709, 47.84068075], [106.56183569, 47.84068362], [106.5569241, 47.84109877], [106.55692308, 47.84109475], [106.55692086, 47.84109044], [106.55691761, 47.84108643], [106.55691342, 47.84108283], [106.55690842, 47.84107976], [106.55684518, 47.84104657], [106.55725429, 47.84069096], [106.55739714, 47.84076592], [106.55741292, 47.84077293], [106.55743014, 47.84077819], [106.55744837, 47.84078157], [106.55746716, 47.84078298], [106.55748605, 47.84078239], [106.55750456, 47.84077982], [106.55752225, 47.84077532], [106.55753868, 47.84076902], [106.55755343, 47.84076105], [106.55756615, 47.84075163], [106.5576772, 47.8406551], [106.55801526, 47.84083137], [106.55794357, 47.84089368], [106.55793991, 47.84089749], [106.55793725, 47.84090165], [106.55793566, 47.84090606], [106.55793518, 47.84091058], [106.55793584, 47.84091509], [106.55793761, 47.84091947], [106.55794044, 47.84092358], [106.55794426, 47.84092732], [106.55794895, 47.84093057], [106.55795438, 47.84093325], [106.55796041, 47.84093528], [106.55796685, 47.8409366], [106.55797353, 47.84093717], [106.55798026, 47.84093699], [106.55814479, 47.84092308], [106.55815138, 47.84092214], [106.55815765, 47.84092047], [106.55816341, 47.84091811], [106.55816851, 47.84091514], [106.55817279, 47.84091163], [106.55817614, 47.84090769], [106.55817846, 47.84090343], [106.55817968, 47.84089896], [106.55817978, 47.84089442], [106.55817875, 47.84088994], [106.55817661, 47.84088563], [106.55817343, 47.84088163], [106.5581693, 47.84087804], [106.55816434, 47.84087497], [106.55758996, 47.84057548], [106.55756058, 47.84056275], [106.55752836, 47.84055365], [106.55749428, 47.84054846], [106.55745939, 47.84054733], [106.55742473, 47.84055029]], [[106.5566353, 47.84235342], [106.55644623, 47.84225339], [106.55595455, 47.84199701], [106.55592517, 47.84198429], [106.55589295, 47.84197519], [106.55585887, 47.84196999], [106.55582397, 47.84196886], [106.55578931, 47.84197183], [106.55575594, 47.8419788], [106.55572488, 47.84198956], [106.55569707, 47.8420038], [106.55567334, 47.84202107], [106.55498665, 47.84261792], [106.55490401, 47.84269543], [106.55482997, 47.84277678], [106.55476493, 47.84286155], [106.55470924, 47.84294928], [106.55466318, 47.84303951], [106.55462702, 47.84313176], [106.55460093, 47.84322553], [106.55458505, 47.84332034], [106.55457948, 47.84341567], [106.55458424, 47.84351103], [106.5545993, 47.84360589], [106.55462459, 47.84369977], [106.55465996, 47.84379215], [106.55470525, 47.84388256], [106.55476019, 47.84397051], [106.5548245, 47.84405552], [106.55489785, 47.84413716], [106.55497983, 47.84421499], [106.55507002, 47.84428858], [106.55516793, 47.84435756], [106.55519397, 47.84437196], [106.55522324, 47.84438322], [106.55525489, 47.84439102], [106.55528803, 47.84439513], [106.55532174, 47.84439545], [106.55535504, 47.84439197], [106.55538701, 47.84438478], [106.55541673, 47.84437408], [106.55544337, 47.84436018], [106.55546618, 47.84434348], [106.55625057, 47.84366171], [106.55629882, 47.84362432], [106.556353, 47.84359081], [106.55641241, 47.8435616], [106.55647632, 47.84353706], [106.55654391, 47.84351751], [106.55661434, 47.84350318], [106.55668671, 47.84349426], [106.55760148, 47.84341696], [106.55929421, 47.8432739], [106.55936732, 47.84327051], [106.55944054, 47.84327263], [106.55951295, 47.84328025], [106.55958363, 47.84329327], [106.55965172, 47.84331152], [106.55971635, 47.84333479], [106.55977671, 47.84336276], [106.56023011, 47.84359915], [106.56025936, 47.84361182], [106.56029142, 47.84362091], [106.56032533, 47.84362612], [106.56036006, 47.84362731], [106.56039459, 47.84362444], [106.56042785, 47.8436176], [106.56045885, 47.84360698], [106.56048667, 47.84359292], [106.56051045, 47.84357584], [106.56143333, 47.8427852], [106.56145083, 47.8427675], [106.56146398, 47.84274816], [106.56147245, 47.84272767], [106.56147604, 47.84270653], [106.56147465, 47.84268529], [106.56146832, 47.84266445], [106.5614572, 47.84264454], [106.56144157, 47.84262605], [106.56142183, 47.84260945], [106.56139845, 47.84259514], [106.56072821, 47.84224571], [106.56066892, 47.84221878], [106.56060492, 47.84219727], [106.56053731, 47.84218156], [106.56046724, 47.84217192], [106.56039589, 47.8421685], [106.56032449, 47.84217136], [106.55741507, 47.84241726], [106.55711794, 47.84244237], [106.5570448, 47.84244577], [106.55697156, 47.84244364], [106.55689913, 47.84243601], [106.55682842, 47.84242298], [106.55676032, 47.8424047], [106.55669567, 47.84238142], [106.5566353, 47.84235342]], [[106.55930753, 47.84334531], [106.55806188, 47.84345059], [106.55670002, 47.84356567], [106.55662951, 47.84357482], [106.55656139, 47.8435901], [106.55649682, 47.84361124], [106.55643691, 47.84363789], [106.55638269, 47.84366959], [106.55633509, 47.84370578], [106.55554382, 47.84439352], [106.55552657, 47.84441123], [106.55551364, 47.84443054], [106.55550537, 47.84445097], [106.55550194, 47.84447202], [106.55550345, 47.84449317], [106.55550985, 47.84451391], [106.555521, 47.84453371], [106.55553661, 47.8445521], [106.5555563, 47.84456861], [106.55557958, 47.84458285], [106.55630649, 47.84496169], [106.55633582, 47.84497439], [106.55636797, 47.84498348], [106.55640197, 47.84498868], [106.5564368, 47.84498983], [106.55647139, 47.84498691], [106.55650471, 47.84497999], [106.55653575, 47.84496929], [106.55656356, 47.84495513], [106.5565873, 47.84493795], [106.5570275, 47.84455775], [106.55707572, 47.84452059], [106.5571298, 47.8444873], [106.55718907, 47.84445828], [106.55725279, 47.84443391], [106.55732015, 47.84441447], [106.55739032, 47.84440023], [106.55746241, 47.84439136], [106.55766742, 47.84437333], [106.55768039, 47.84444547], [106.55747572, 47.84446277], [106.55740548, 47.84447187], [106.55733761, 47.84448705], [106.55727324, 47.84450806], [106.5572135, 47.84453454], [106.55715938, 47.84456602], [106.55711182, 47.84460199], [106.5566728, 47.84498117], [106.55665544, 47.84499888], [106.55664241, 47.84501821], [106.55663405, 47.84503866], [106.55663055, 47.84505975], [106.55663201, 47.84508095], [106.55663839, 47.84510173], [106.55664952, 47.84512158], [106.55666514, 47.84514001], [106.55668486, 47.84515656], [106.55670819, 47.84517083], [106.55775725, 47.84571754], [106.5577865, 47.84573021], [106.55781856, 47.84573929], [106.55785246, 47.8457445], [106.5578872, 47.84574569], [106.55792172, 47.84574281], [106.55795498, 47.84573597], [106.55798598, 47.84572536], [106.55801379, 47.8457113], [106.55803757, 47.84569421], [106.55919356, 47.84470397], [106.55920757, 47.8446898], [106.55921809, 47.84467433], [106.55922487, 47.84465794], [106.55922774, 47.84464103], [106.55922663, 47.84462403], [106.55922156, 47.84460736], [106.55921267, 47.84459144], [106.55920017, 47.84457665], [106.55918437, 47.84456336], [106.55916567, 47.84455192], [106.55896184, 47.84444565], [106.55890255, 47.84441871], [106.55883855, 47.84439721], [106.55877094, 47.8443815], [106.55870086, 47.84437185], [106.55862951, 47.84436843], [106.55855811, 47.8443713], [106.55835503, 47.84438846], [106.55834171, 47.84431705], [106.55854479, 47.84429989], [106.5586179, 47.84429649], [106.55869112, 47.84429862], [106.55876353, 47.84430624], [106.55883422, 47.84431926], [106.55890231, 47.84433751], [106.55896693, 47.84436077], [106.5590273, 47.84438875], [106.55923352, 47.84449626], [106.55925691, 47.84450641], [106.55928256, 47.84451367], [106.55930969, 47.84451785], [106.55933748, 47.8445188], [106.5593651, 47.8445165], [106.55939171, 47.84451103], [106.55941651, 47.84450254], [106.55943876, 47.84449129], [106.55945779, 47.84447762], [106.56019669, 47.84384463], [106.56021419, 47.84382692], [106.56022735, 47.84380758], [106.56023582, 47.84378709], [106.56023941, 47.84376596], [106.56023802, 47.84374471], [106.56023169, 47.84372387], [106.56022057, 47.84370396], [106.56020494, 47.84368548], [106.56018519, 47.84366888], [106.56016182, 47.84365457], [106.55971125, 47.84341966], [106.55965196, 47.84339273], [106.55958796, 47.84337122], [106.55952035, 47.84335551], [106.55945027, 47.84334586], [106.55937893, 47.84334244], [106.55930753, 47.84334531]], [[106.55271642, 47.85038281], [106.5527058, 47.85039357], [106.55269785, 47.85040534], [106.5526928, 47.85041781], [106.55269075, 47.85043067], [106.55269177, 47.85044358], [106.55269583, 47.85045621], [106.55270282, 47.85046825], [106.55271258, 47.85047939], [106.55272484, 47.85048934], [106.55273929, 47.85049784], [106.55459652, 47.85142583], [106.55461405, 47.85143311], [106.55463317, 47.85143827], [106.55465332, 47.85144116], [106.55467391, 47.85144169], [106.55469432, 47.85143985], [106.55471398, 47.85143569], [106.55473229, 47.85142934], [106.55474872, 47.85142098], [106.55476279, 47.85141085], [106.56632654, 47.84150484], [106.56643605, 47.84141079], [106.56645351, 47.84139308], [106.56646663, 47.84137374], [106.56647507, 47.84135326], [106.56647863, 47.84133214], [106.56647722, 47.84131091], [106.56647087, 47.84129009], [106.56645975, 47.8412702], [106.56644413, 47.84125173], [106.56642439, 47.84123514], [106.56640102, 47.84122084], [106.56470003, 47.84033411], [106.56467077, 47.84032143], [106.56463869, 47.84031234], [106.56460476, 47.84030713], [106.56457001, 47.84030595], [106.56453547, 47.84030883], [106.5645022, 47.84031569], [106.56447119, 47.84032633], [106.56444338, 47.84034041], [106.56441961, 47.84035752], [106.56431968, 47.84044329], [106.55271642, 47.85038281]], [[106.56004208, 47.84707067], [106.56000881, 47.84707752], [106.55997781, 47.84708813], [106.55994999, 47.84710219], [106.55992621, 47.84711928], [106.55486873, 47.85145114], [106.55485741, 47.85146277], [106.55484921, 47.85147553], [106.55484438, 47.85148905], [106.55484305, 47.85150292], [106.55484527, 47.85151674], [106.55485097, 47.85153011], [106.55485998, 47.85154262], [106.55487204, 47.85155391], [106.55488679, 47.85156364], [106.5549038, 47.85157153], [106.55500535, 47.85160649], [106.55511113, 47.85163521], [106.55522029, 47.85165746], [106.55533197, 47.85167306], [106.55544527, 47.85168188], [106.55555929, 47.85168387], [106.55567312, 47.85167899], [106.55578585, 47.85166729], [106.55589658, 47.85164887], [106.55600442, 47.85162387], [106.55610851, 47.85159248], [106.55620802, 47.85155497], [106.55630217, 47.85151162], [106.55639018, 47.8514628], [106.55647137, 47.85140888], [106.56133991, 47.84787252], [106.56136039, 47.84785491], [106.56137628, 47.84783527], [106.56138712, 47.84781413], [106.56139263, 47.84779208], [106.56139265, 47.84776972], [106.56138719, 47.84774766], [106.56137639, 47.84772651], [106.56136055, 47.84770685], [106.5613401, 47.84768923], [106.56131561, 47.84767412], [106.56020656, 47.84709597], [106.56017732, 47.84708329], [106.56014525, 47.84707421], [106.56011134, 47.84706899], [106.5600766, 47.8470678], [106.56004208, 47.84707067]], [[106.56142577, 47.84762914], [106.56145342, 47.84764124], [106.56148364, 47.84765013], [106.56151562, 47.84765556], [106.56154849, 47.84765739], [106.56158136, 47.84765557], [106.56161334, 47.84765014], [106.56164357, 47.84764126], [106.56167122, 47.84762916], [106.56169555, 47.84761417], [106.5623823, 47.84711527], [106.56246432, 47.84706043], [106.56255279, 47.84701034], [106.56264711, 47.84696535], [106.56274664, 47.84692576], [106.56285069, 47.84689185], [106.56295855, 47.84686385], [106.56306948, 47.84684195], [106.56328817, 47.84680532], [106.56332121, 47.84679768], [106.56335178, 47.84678628], [106.56337894, 47.84677149], [106.56340188, 47.84675374], [106.56341989, 47.84673359], [106.56343243, 47.84671163], [106.56343911, 47.84668855], [106.56343974, 47.84666503], [106.56343429, 47.84664179], [106.56323854, 47.84611223], [106.56320664, 47.84603783], [106.56316663, 47.84596523], [106.56311874, 47.84589482], [106.56306322, 47.845827], [106.56300039, 47.84576214], [106.56293058, 47.8457006], [106.56285419, 47.8456427], [106.56277162, 47.84558878], [106.56268335, 47.84553913], [106.56227337, 47.84532541], [106.56224412, 47.84531273], [106.56221206, 47.84530365], [106.56217815, 47.84529844], [106.56214341, 47.84529725], [106.56210889, 47.84530012], [106.56207563, 47.84530696], [106.56204462, 47.84531758], [106.56201681, 47.84533164], [106.56199302, 47.84534873], [106.56024824, 47.84684341], [106.56023074, 47.84686112], [106.56021759, 47.84688046], [106.56020911, 47.84690095], [106.56020552, 47.84692208], [106.56020691, 47.84694333], [106.56021325, 47.84696417], [106.56022437, 47.84698408], [106.56023999, 47.84700256], [106.56025974, 47.84701917], [106.56028312, 47.84703348], [106.56142577, 47.84762914]], [[106.56274881, 47.84548223], [106.56284317, 47.84553531], [106.56293142, 47.84559294], [106.56301309, 47.84565483], [106.56308771, 47.84572062], [106.56315488, 47.84578996], [106.56321422, 47.84586245], [106.56326542, 47.84593771], [106.56330819, 47.84601532], [106.56334228, 47.84609485], [106.56353803, 47.84662442], [106.563548, 47.8466445], [106.56356251, 47.84666329], [106.56358121, 47.84668031], [106.56360364, 47.84669516], [106.56362924, 47.84670747], [106.56365738, 47.84671692], [106.56368738, 47.8467233], [106.56371848, 47.84672644], [106.56374994, 47.84672626], [106.56378096, 47.84672278], [106.5643234, 47.84663192], [106.5644316, 47.84661033], [106.56453654, 47.8465824], [106.56463741, 47.84654833], [106.56473341, 47.8465084], [106.5648238, 47.84646292], [106.56490786, 47.84641223], [106.56498495, 47.84635675], [106.56505445, 47.8462969], [106.56511583, 47.84623316], [106.5651686, 47.84616601], [106.56521235, 47.84609598], [106.56524674, 47.84602363], [106.56527151, 47.84594952], [106.56528645, 47.84587422], [106.56529145, 47.84579833], [106.56529163, 47.84468942], [106.56528932, 47.84466899], [106.56528244, 47.84464903], [106.56527115, 47.84463], [106.56525572, 47.84461234], [106.56523648, 47.84459645], [106.5652139, 47.84458271], [106.56392469, 47.84391067], [106.56389545, 47.843898], [106.56386339, 47.84388891], [106.56382948, 47.8438837], [106.56379474, 47.84388251], [106.56376022, 47.84388538], [106.56372695, 47.84389223], [106.56369595, 47.84390284], [106.56366814, 47.8439169], [106.56364435, 47.84393399], [106.56230678, 47.84507993], [106.56228928, 47.84509764], [106.56227613, 47.84511698], [106.56226765, 47.84513747], [106.56226407, 47.8451586], [106.56226546, 47.84517985], [106.56227179, 47.84520068], [106.56228291, 47.84522059], [106.56229854, 47.84523908], [106.56231829, 47.84525568], [106.56234167, 47.84526999], [106.56274881, 47.84548223]], [[106.56510556, 47.84443522], [106.56512221, 47.8444425], [106.56514041, 47.84444784], [106.56515967, 47.84445109], [106.56517946, 47.84445216], [106.56519925, 47.84445103], [106.56521849, 47.84444772], [106.56523665, 47.84444233], [106.56525325, 47.84443499], [106.56526784, 47.84442592], [106.56528, 47.84441536], [106.56528942, 47.84440359], [106.56529583, 47.84439094], [106.56529907, 47.84437775], [106.56529903, 47.84436438], [106.56529192, 47.84426753], [106.56529485, 47.84417058], [106.56530781, 47.84407401], [106.56533075, 47.84397828], [106.56536355, 47.84388386], [106.56540604, 47.8437912], [106.56545803, 47.84370077], [106.56551926, 47.843613], [106.56558943, 47.84352831], [106.5656682, 47.84344713], [106.56627438, 47.84286758], [106.56636312, 47.84278884], [106.56645995, 47.84271454], [106.56656437, 47.84264507], [106.56667587, 47.84258076], [106.56679387, 47.84252196], [106.56691778, 47.84246895], [106.56704698, 47.842422], [106.5671808, 47.84238135], [106.56731858, 47.8423472], [106.56734849, 47.84233873], [106.56737597, 47.84232712], [106.56740032, 47.84231268], [106.56742088, 47.84229579], [106.56743712, 47.84227688], [106.56744863, 47.84225645], [106.56745508, 47.84223505], [106.56745632, 47.84221322], [106.56745231, 47.84219154], [106.56735251, 47.84186813], [106.56732953, 47.84181085], [106.56729671, 47.84175578], [106.5672545, 47.8417037], [106.56720348, 47.84165531], [106.56714437, 47.8416113], [106.56707798, 47.84157228], [106.56681425, 47.8414348], [106.56678499, 47.84142212], [106.56675291, 47.84141304], [106.56671898, 47.84140783], [106.56668422, 47.84140665], [106.56664969, 47.84140953], [106.56661641, 47.84141639], [106.5665854, 47.84142703], [106.56655759, 47.84144111], [106.56653382, 47.84145822], [106.5664211, 47.84155486], [106.5639581, 47.84366519], [106.56394059, 47.8436829], [106.56392744, 47.84370224], [106.56391897, 47.84372273], [106.56391538, 47.84374386], [106.56391678, 47.84376511], [106.56392311, 47.84378595], [106.56393423, 47.84380586], [106.56394986, 47.84382434], [106.56396961, 47.84384094], [106.56399298, 47.84385525], [106.56510556, 47.84443522]], [[106.56816738, 47.84228474], [106.5682983, 47.84229638], [106.56842784, 47.84231364], [106.56855548, 47.84233644], [106.5686807, 47.84236469], [106.56880298, 47.84239826], [106.56902272, 47.84246054], [106.56924612, 47.8425166], [106.5694728, 47.84256635], [106.56970236, 47.8426097], [106.5699344, 47.84264658], [106.57016852, 47.84267693], [106.57040431, 47.84270068], [106.57064137, 47.84271781], [106.57087929, 47.84272827], [106.57111764, 47.84273206], [106.57288177, 47.8426744], [106.5730276, 47.8426729], [106.57317325, 47.84267791], [106.57331809, 47.84268942], [106.57346148, 47.84270736], [106.57360278, 47.84273166], [106.57374138, 47.84276222], [106.57387667, 47.8427989], [106.57400804, 47.84284153], [106.57413493, 47.84288994], [106.57425677, 47.8429439], [106.57491574, 47.84325734], [106.57508042, 47.84333157], [106.57525043, 47.84340014], [106.57542534, 47.84346288], [106.5756047, 47.84351964], [106.57578807, 47.84357027], [106.57597498, 47.84361464], [106.57616496, 47.84365264], [106.57635754, 47.84368417], [106.57655222, 47.84370916], [106.57674852, 47.84372754], [106.57694594, 47.84373927], [106.57714399, 47.84374431], [106.57734217, 47.84374266], [106.57885588, 47.84370444], [106.5788891, 47.84370172], [106.57892118, 47.84369532], [106.57895124, 47.84368541], [106.57897843, 47.84367227], [106.57900199, 47.84365627], [106.57902127, 47.84363786], [106.57903573, 47.84361754], [106.57904497, 47.84359589], [106.57904872, 47.8435735], [106.5790469, 47.84355101], [106.57903954, 47.84352903], [106.57552529, 47.83602266], [106.57547711, 47.83593161], [106.57541909, 47.8358432], [106.57535153, 47.83575791], [106.57527481, 47.83567622], [106.57480585, 47.83521544], [106.57475005, 47.83515538], [106.57470186, 47.8350924], [106.57469476, 47.83508379], [106.57468587, 47.83507597], [106.57467538, 47.8350691], [106.57466352, 47.83506334], [106.57465055, 47.8350588], [106.57463672, 47.83505557], [106.57312095, 47.83478386], [106.57298363, 47.8347628], [106.57284441, 47.83474848], [106.57270402, 47.834741], [106.57256319, 47.83474037], [106.57242266, 47.83474661], [106.57228317, 47.83475968], [106.57214546, 47.83477952], [106.57201024, 47.83480602], [106.57187822, 47.83483904], [106.5717501, 47.83487842], [106.57162655, 47.83492393], [106.57150821, 47.83497534], [106.57139572, 47.83503239], [106.57128965, 47.83509477], [106.57119057, 47.83516216], [106.571099, 47.8352342], [106.57101541, 47.83531052], [106.57094025, 47.83539071], [106.5708739, 47.83547436], [106.57081673, 47.83556101], [106.57076902, 47.83565023], [106.57073103, 47.83574154], [106.57061983, 47.83603789], [106.57049932, 47.83633258], [106.57036958, 47.8366255], [106.57023065, 47.83691649], [106.57008259, 47.83720544], [106.56992548, 47.83749221], [106.56975939, 47.83777668], [106.56958439, 47.83805872], [106.56940055, 47.8383382], [106.56920796, 47.83861499], [106.56900671, 47.83888898], [106.56879688, 47.83916004], [106.56857858, 47.83942804], [106.56835189, 47.83969287], [106.56811692, 47.83995441], [106.56787377, 47.84021255], [106.56762256, 47.84046715], [106.5673634, 47.84071812], [106.56709639, 47.84096534], [106.56692584, 47.84111783], [106.56684441, 47.84118947], [106.56682565, 47.84120925], [106.56681227, 47.84123091], [106.56680467, 47.84125382], [106.56680307, 47.84127726], [106.56680753, 47.84130053], [106.56681792, 47.84132293], [106.56683391, 47.84134379], [106.56685502, 47.84136246], [106.56688062, 47.84137838], [106.56714343, 47.84151538], [106.56720894, 47.84155324], [106.56726846, 47.84159536], [106.56732136, 47.84164131], [106.56736711, 47.84169061], [106.56740524, 47.84174277], [106.56743536, 47.84179725], [106.56745717, 47.84185349], [106.56755698, 47.84217691], [106.56756613, 47.84219786], [106.56758018, 47.84221755], [106.56759877, 47.84223545], [106.5676214, 47.84225111], [106.56764749, 47.84226409], [106.56767635, 47.84227408], [106.56770722, 47.84228079], [106.5677393, 47.84228407], [106.56777175, 47.84228382], [106.56790356, 47.84227844], [106.56803562, 47.84227875], [106.56816738, 47.84228474]], [[106.58490742, 47.84363246], [106.58487667, 47.84363485], [106.58484684, 47.84364039], [106.58481863, 47.84364896], [106.58479272, 47.84366035], [106.58476972, 47.84367429], [106.58475019, 47.84369045], [106.58509026, 47.84368185], [106.5868649, 47.84363691], [106.58697409, 47.8438502], [106.58517524, 47.84389575], [106.5847631, 47.84390618], [106.58478279, 47.84395519], [106.58519581, 47.84394474], [106.58699911, 47.84389908], [106.58785306, 47.84556719], [106.58601941, 47.84599649], [106.58571702, 47.84606728], [106.5857236, 47.84608001], [106.58572991, 47.84608971], [106.5857384, 47.84609862], [106.58574886, 47.84610653], [106.58576102, 47.84611325], [106.5857746, 47.84611859], [106.58578925, 47.84612244], [106.58580462, 47.8461247], [106.58582032, 47.84612532], [106.58583598, 47.84612427], [106.58585119, 47.84612159], [106.58781107, 47.84566274], [106.58784289, 47.84565313], [106.58787176, 47.84563995], [106.58789679, 47.8456236], [106.58791724, 47.84560457], [106.58793247, 47.84558345], [106.58794204, 47.84556087], [106.58794565, 47.84553751], [106.58794318, 47.84551409], [106.58793473, 47.84549131], [106.58697552, 47.84361844], [106.58697041, 47.84361056], [106.5869635, 47.84360332], [106.58695497, 47.84359691], [106.58694503, 47.8435915], [106.58693395, 47.84358722], [106.58692199, 47.84358418], [106.58690947, 47.84358246], [106.58689671, 47.84358209], [106.58490742, 47.84363246]], [[106.58452465, 47.84368707], [106.58449933, 47.84367216], [106.58447066, 47.84366031], [106.58443945, 47.84365186], [106.58440658, 47.84364704], [106.58437297, 47.84364599], [106.58333815, 47.84367217], [106.58330441, 47.84367496], [106.58327185, 47.84368156], [106.58324142, 47.84369176], [106.58321399, 47.84370528], [106.58319035, 47.84372172], [106.58317117, 47.84374062], [106.58315701, 47.84376143], [106.58314828, 47.84378355], [106.58314523, 47.84380634], [106.58314795, 47.84382915], [106.58315635, 47.84385133], [106.58442748, 47.84631202], [106.58444011, 47.84633141], [106.58445709, 47.84634923], [106.58447801, 47.84636505], [106.58450234, 47.84637847], [106.58452949, 47.84638916], [106.58455879, 47.84639686], [106.58458952, 47.84640138], [106.58462093, 47.8464026], [106.58465223, 47.84640051], [106.58468266, 47.84639515], [106.58554826, 47.84619251], [106.5855642, 47.84618769], [106.58557865, 47.84618109], [106.58559118, 47.84617289], [106.5856014, 47.84616336], [106.58560901, 47.84615277], [106.58561378, 47.84614146], [106.58561556, 47.84612976], [106.58561429, 47.84611803], [106.58561001, 47.84610663], [106.58526278, 47.84543406], [106.58521818, 47.84534253], [106.5851784, 47.84524999], [106.58457399, 47.8437456], [106.58456252, 47.84372431], [106.58454591, 47.84370461], [106.58452465, 47.84368707]], [[106.58559415, 47.84624931], [106.58557893, 47.846252], [106.58461872, 47.84647678], [106.58460278, 47.8464816], [106.58458832, 47.84648821], [106.58457579, 47.8464964], [106.58456557, 47.84650594], [106.58455796, 47.84651652], [106.58455319, 47.84652784], [106.58455142, 47.84653954], [106.58455269, 47.84655127], [106.58455697, 47.84656267], [106.58525176, 47.84790755], [106.58525809, 47.84791725], [106.58526659, 47.84792617], [106.58527706, 47.84793408], [106.58528925, 47.8479408], [106.58530284, 47.84794614], [106.58531752, 47.84794999], [106.5853329, 47.84795224], [106.58534862, 47.84795284], [106.58536428, 47.84795178], [106.58537951, 47.84794907], [106.5863388, 47.84772332], [106.58635471, 47.8477185], [106.58636914, 47.84771189], [106.58638164, 47.84770369], [106.58639184, 47.84769416], [106.58639943, 47.84768358], [106.58640418, 47.84767228], [106.58640594, 47.84766059], [106.58640467, 47.84764887], [106.5864004, 47.84763749], [106.58570653, 47.84629357], [106.58570021, 47.84628388], [106.58569172, 47.84627496], [106.58568127, 47.84626705], [106.5856691, 47.84626034], [106.58565552, 47.84625499], [106.58564087, 47.84625114], [106.5856255, 47.84624888], [106.5856098, 47.84624827], [106.58559415, 47.84624931]], [[106.58581584, 47.84625555], [106.58582011, 47.84626695], [106.58667809, 47.84792868], [106.5867205, 47.8480003], [106.58677229, 47.84806907], [106.58683303, 47.84813443], [106.58690223, 47.84819587], [106.58697933, 47.84825288], [106.58706372, 47.84830502], [106.58715471, 47.84835184], [106.58725157, 47.84839299], [106.58735352, 47.84842813], [106.58745974, 47.84845697], [106.58756937, 47.84847929], [106.58768154, 47.8484949], [106.58779533, 47.84850368], [106.58790983, 47.84850556], [106.58922642, 47.84848734], [106.58924298, 47.84848618], [106.58925903, 47.84848319], [106.58927412, 47.84847845], [106.58928784, 47.8484721], [106.5892998, 47.8484643], [106.58930969, 47.84845528], [106.58931722, 47.84844528], [106.58932218, 47.84843458], [106.58932445, 47.84842348], [106.58932395, 47.84841228], [106.58930069, 47.84829687], [106.58926994, 47.84818225], [106.58923176, 47.84806865], [106.58918622, 47.84795629], [106.58913342, 47.84784537], [106.58805683, 47.8457435], [106.58805054, 47.84573378], [106.58804206, 47.84572484], [106.58803161, 47.8457169], [106.58801944, 47.84571017], [106.58800585, 47.8457048], [106.58799118, 47.84570093], [106.58797579, 47.84569866], [106.58796007, 47.84569804], [106.58794439, 47.84569908], [106.58792915, 47.84570177], [106.58588186, 47.84618108], [106.58586593, 47.84618589], [106.58585147, 47.8461925], [106.58583895, 47.84620069], [106.58582872, 47.84621023], [106.58582111, 47.84622081], [106.58581634, 47.84623213], [106.58581457, 47.84624382], [106.58581584, 47.84625555]], [[106.58924081, 47.84782045], [106.58929674, 47.84793822], [106.58934471, 47.84805757], [106.58938461, 47.84817825], [106.58941637, 47.84830003], [106.58943992, 47.84842265], [106.58944325, 47.84843413], [106.58944948, 47.84844506], [106.58945842, 47.84845509], [106.58946979, 47.84846394], [106.58948327, 47.84847132], [106.58949843, 47.84847703], [106.58951484, 47.8484809], [106.58953199, 47.84848279], [106.58955889, 47.84847945], [106.58958456, 47.84847309], [106.58960824, 47.84846388], [106.58962926, 47.84845209], [106.58964699, 47.84843808], [106.58966093, 47.84842224], [106.58967067, 47.84840503], [106.58967592, 47.84838696], [106.58967653, 47.84836855], [106.58967249, 47.84835034], [106.58963241, 47.84824212], [106.58958894, 47.84813449], [106.58933569, 47.84760311], [106.58734721, 47.84364795], [106.5873366, 47.84363149], [106.58732208, 47.84361644], [106.58730406, 47.84360322], [106.58728303, 47.84359219], [106.58725958, 47.84358365], [106.58723435, 47.84357785], [106.58720804, 47.84357495], [106.58718139, 47.84357502], [106.58716849, 47.84357544], [106.58715585, 47.84357725], [106.58714382, 47.8435804], [106.58713269, 47.84358481], [106.58712275, 47.84359037], [106.58711428, 47.84359692], [106.58710747, 47.84360431], [106.58710252, 47.84361234], [106.58709954, 47.8436208], [106.58709862, 47.84362948], [106.58709979, 47.84363814], [106.587103, 47.84364656], [106.58924081, 47.84782045]], [[106.58743103, 47.84357172], [106.58742935, 47.84357281], [106.58742797, 47.84357407], [106.58742693, 47.84357547], [106.58742628, 47.84357698], [106.58742602, 47.84357854], [106.58742617, 47.8435801], [106.58742673, 47.84358163], [106.58943749, 47.84758112], [106.58969126, 47.84811368], [106.58976073, 47.84828995], [106.58982122, 47.84846772], [106.58982198, 47.84846943], [106.58982316, 47.84847103], [106.58982473, 47.84847247], [106.58982663, 47.84847371], [106.58982881, 47.84847473], [106.58983122, 47.84847548], [106.58983378, 47.84847594], [106.58983642, 47.84847611], [106.58983906, 47.84847598], [106.58984164, 47.84847555], [106.58984407, 47.84847484], [106.58984629, 47.84847386], [106.58984823, 47.84847265], [106.58984984, 47.84847123], [106.58985107, 47.84846965], [106.58985189, 47.84846795], [106.58985228, 47.84846618], [106.58985222, 47.8484644], [106.58981221, 47.84834521], [106.5897672, 47.84822683], [106.58971723, 47.84810936], [106.5895985, 47.84785223], [106.58947343, 47.84759648], [106.58745204, 47.84357586], [106.5874511, 47.84357442], [106.58744981, 47.84357312], [106.5874482, 47.84357199], [106.58744632, 47.84357106], [106.58744424, 47.84357036], [106.587442, 47.84356992], [106.58743969, 47.84356975], [106.58743736, 47.84356985], [106.5874351, 47.84357022], [106.58743297, 47.84357085], [106.58743103, 47.84357172]], [[106.58052351, 47.84366231], [106.5805836, 47.84366079], [106.58061735, 47.843658], [106.5806499, 47.8436514], [106.58068033, 47.8436412], [106.58070776, 47.84362768], [106.58073141, 47.84361124], [106.58075059, 47.84359234], [106.58076474, 47.84357153], [106.58077347, 47.84354942], [106.58077653, 47.84352662], [106.58077381, 47.84350381], [106.58076541, 47.84348163], [106.58009038, 47.84217465], [106.5817501, 47.84178615], [106.5817789, 47.84177765], [106.58180538, 47.84176622], [106.58182887, 47.84175214], [106.5818488, 47.84173576], [106.58186468, 47.84171748], [106.58187612, 47.84169776], [106.58188284, 47.84167707], [106.58188466, 47.84165593], [106.58188155, 47.84163486], [106.58187358, 47.84161438], [106.57840524, 47.83489831], [106.57839094, 47.83487685], [106.57837132, 47.83485739], [106.57834698, 47.83484052], [106.57831865, 47.83482675], [106.57828721, 47.8348165], [106.5782536, 47.83481009], [106.57821885, 47.8348077], [106.57818401, 47.83480941], [106.57815013, 47.83481517], [106.5765411, 47.8351918], [106.57645534, 47.83521072], [106.57636818, 47.83522649], [106.57625277, 47.83524223], [106.576136, 47.83525244], [106.57601845, 47.83525706], [106.5759007, 47.83525608], [106.57578336, 47.83524949], [106.575667, 47.83523734], [106.5755522, 47.83521967], [106.57503191, 47.83512641], [106.57501821, 47.8351248], [106.5750043, 47.8351248], [106.57499061, 47.83512642], [106.57497753, 47.83512961], [106.57496547, 47.83513428], [106.57495479, 47.83514027], [106.57494581, 47.83514742], [106.5749388, 47.83515551], [106.57493398, 47.83516429], [106.57493147, 47.8351735], [106.57493137, 47.83518287], [106.57493368, 47.8351921], [106.57493832, 47.83520093], [106.57494516, 47.83520908], [106.575374, 47.83563045], [106.57543994, 47.83569953], [106.5754997, 47.83577111], [106.57555308, 47.83584494], [106.5755999, 47.83592077], [106.57563998, 47.83599832], [106.57919724, 47.84359652], [106.57920954, 47.84361686], [106.57922658, 47.84363557], [106.57924789, 47.84365219], [106.57927293, 47.84366625], [106.57930103, 47.8436774], [106.57933143, 47.84368533], [106.57936335, 47.84368984], [106.57939593, 47.8436908], [106.58052351, 47.84366231]], [[106.58161735, 47.84046089], [106.58158855, 47.8404694], [106.58156207, 47.84048083], [106.58153858, 47.84049491], [106.58151865, 47.84051128], [106.58150277, 47.84052956], [106.58149133, 47.84054929], [106.58148462, 47.84056997], [106.58148279, 47.84059111], [106.5814859, 47.84061218], [106.58149387, 47.84063266], [106.58198718, 47.84158779], [106.58200148, 47.84160925], [106.58202111, 47.84162871], [106.58204545, 47.84164558], [106.58207378, 47.84165934], [106.58210523, 47.84166959], [106.58213885, 47.84167601], [106.5821736, 47.84167839], [106.58220845, 47.84167668], [106.58224232, 47.84167092], [106.58343534, 47.84139164], [106.58346584, 47.84138252], [106.58349367, 47.84137012], [106.58351806, 47.84135478], [106.58353833, 47.84133693], [106.58355392, 47.84131706], [106.58356439, 47.84129573], [106.58356947, 47.84127352], [106.583569, 47.84125106], [106.583563, 47.84122896], [106.5831699, 47.84025037], [106.58315875, 47.84022956], [106.5831427, 47.84021026], [106.58312218, 47.84019298], [106.58309774, 47.84017819], [106.58307005, 47.84016629], [106.58303983, 47.84015759], [106.58300791, 47.84015234], [106.58297514, 47.84015067], [106.58294241, 47.84015262], [106.58291059, 47.84015815], [106.58161735, 47.84046089]], [[106.58154837, 47.84039868], [106.58158225, 47.84039292], [106.58290937, 47.84008224], [106.58293987, 47.84007312], [106.5829677, 47.84006072], [106.58299208, 47.84004538], [106.58301235, 47.84002753], [106.58302794, 47.84000767], [106.58303842, 47.83998634], [106.58304349, 47.83996413], [106.58304302, 47.83994166], [106.58303702, 47.83991956], [106.58254222, 47.83868772], [106.58253107, 47.83866691], [106.58251502, 47.8386476], [106.58249451, 47.83863032], [106.58247007, 47.83861553], [106.58244237, 47.83860363], [106.58241215, 47.83859493], [106.58238024, 47.83858968], [106.58234747, 47.83858801], [106.58231474, 47.83858996], [106.58228292, 47.83859549], [106.58082965, 47.8389357], [106.58080084, 47.8389442], [106.58077437, 47.83895563], [106.58075088, 47.83896971], [106.58073094, 47.83898609], [106.58071506, 47.83900437], [106.58070362, 47.83902409], [106.58069691, 47.83904478], [106.58069508, 47.83906591], [106.58069819, 47.83908699], [106.58070616, 47.83910747], [106.58132711, 47.84030978], [106.58134141, 47.84033124], [106.58136104, 47.8403507], [106.58138538, 47.84036757], [106.58141371, 47.84038134], [106.58144516, 47.84039159], [106.58147877, 47.840398], [106.58151353, 47.84040039], [106.58154837, 47.84039868]], [[106.58477888, 47.8395636], [106.58355803, 47.83984943], [106.58319489, 47.83993444], [106.58321929, 47.8399485], [106.58324671, 47.83995975], [106.58327644, 47.83996791], [106.58330773, 47.83997276], [106.58333977, 47.8399742], [106.58337173, 47.83997216], [106.58340281, 47.83996672], [106.58473441, 47.83965497], [106.58476623, 47.83964535], [106.5847951, 47.83963217], [106.58482013, 47.83961582], [106.58484057, 47.8395968], [106.58485581, 47.83957568], [106.58486538, 47.8395531], [106.58486898, 47.83952974], [106.58486652, 47.83950632], [106.58485807, 47.83948354], [106.58424187, 47.83828012], [106.58422929, 47.83826067], [106.58421235, 47.83824279], [106.58419145, 47.83822692], [106.58416711, 47.83821345], [106.58413994, 47.83820271], [106.58411061, 47.83819497], [106.58407984, 47.83819043], [106.58404839, 47.83818918], [106.58401704, 47.83819127], [106.58398656, 47.83819664], [106.58277635, 47.83847997], [106.5827479, 47.83848835], [106.58272172, 47.83849958], [106.58269843, 47.83851339], [106.58267859, 47.83852946], [106.58266267, 47.83854741], [106.58265105, 47.83856679], [106.58264403, 47.83858715], [106.58301228, 47.83850093], [106.58410394, 47.83824535], [106.58477888, 47.8395636]], [[106.58274161, 47.83840068], [106.58277163, 47.83839536], [106.58394839, 47.83811986], [106.58398021, 47.83811025], [106.58400907, 47.83809706], [106.5840341, 47.83808071], [106.58405455, 47.83806169], [106.58406978, 47.83804057], [106.58407935, 47.83801799], [106.58408296, 47.83799463], [106.5840805, 47.83797121], [106.58407204, 47.83794843], [106.58345806, 47.83674926], [106.58344548, 47.83672981], [106.58342854, 47.83671193], [106.58340764, 47.83669606], [106.5833833, 47.83668259], [106.58335614, 47.83667185], [106.5833268, 47.83666411], [106.58329603, 47.83665956], [106.58326458, 47.83665832], [106.58323323, 47.83666041], [106.58320276, 47.83666578], [106.58214695, 47.83691296], [106.58211851, 47.83692133], [106.58209233, 47.83693256], [106.58206904, 47.83694638], [106.58204919, 47.83696245], [106.58203328, 47.83698039], [106.58202166, 47.83699978], [106.58201463, 47.83702013], [106.58238127, 47.8369343], [106.58332013, 47.83671449], [106.58399507, 47.83803274], [106.58292464, 47.83828334], [106.58256909, 47.83836658], [106.58259336, 47.83837961], [106.58262033, 47.83838996], [106.58264935, 47.83839738], [106.58267973, 47.8384017], [106.58271072, 47.83840281], [106.58274161, 47.83840068]], [[106.58164882, 47.83694386], [106.58167932, 47.83693474], [106.58170715, 47.83692234], [106.58173153, 47.836907], [106.5817518, 47.83688915], [106.58176739, 47.83686929], [106.58177787, 47.83684796], [106.58178294, 47.83682575], [106.58178247, 47.83680328], [106.58177647, 47.83678118], [106.58128174, 47.83554933], [106.58127059, 47.83552852], [106.58125454, 47.83550922], [106.58123402, 47.83549194], [106.58120959, 47.83547715], [106.58118189, 47.83546524], [106.58115168, 47.83545655], [106.58111976, 47.83545129], [106.581087, 47.83544962], [106.58105427, 47.83545157], [106.58102245, 47.8354571], [106.57924779, 47.83587255], [106.57921899, 47.83588105], [106.57919252, 47.83589248], [106.57916903, 47.83590656], [106.57914909, 47.83592293], [106.57913321, 47.83594121], [106.57912178, 47.83596093], [106.57911506, 47.83598162], [106.57911323, 47.83600276], [106.57911634, 47.83602383], [106.57912431, 47.83604431], [106.57974518, 47.83724664], [106.57975948, 47.8372681], [106.57977911, 47.83728756], [106.57980345, 47.83730443], [106.57983177, 47.8373182], [106.57986322, 47.83732844], [106.57989683, 47.83733486], [106.57993159, 47.83733725], [106.57996643, 47.83733554], [106.5800003, 47.83732978], [106.58164882, 47.83694386]], [[106.57917882, 47.83581033], [106.57921269, 47.83580457], [106.58102123, 47.83538119], [106.58105173, 47.83537207], [106.58107956, 47.83535967], [106.58110394, 47.83534434], [106.58112421, 47.83532649], [106.58113979, 47.83530662], [106.58115027, 47.83528529], [106.58115534, 47.83526308], [106.58115488, 47.83524062], [106.58114888, 47.83521852], [106.58079926, 47.83434795], [106.58078811, 47.83432714], [106.58077206, 47.83430783], [106.58075155, 47.83429055], [106.58072711, 47.83427576], [106.58069942, 47.83426386], [106.5806692, 47.83425516], [106.58063729, 47.83424991], [106.58060453, 47.83424823], [106.5805718, 47.83425019], [106.58053998, 47.83425572], [106.57864231, 47.83469996], [106.5786135, 47.83470846], [106.57858703, 47.83471989], [106.57856354, 47.83473397], [106.57854361, 47.83475035], [106.57852773, 47.83476862], [106.57851629, 47.83478835], [106.57850958, 47.83480903], [106.57850775, 47.83483017], [106.57851086, 47.83485124], [106.57851882, 47.83487173], [106.57895758, 47.83572143], [106.57897188, 47.83574289], [106.5789915, 47.83576235], [106.57901585, 47.83577922], [106.57904417, 47.83579299], [106.57907561, 47.83580323], [106.57910922, 47.83580965], [106.57914398, 47.83581204], [106.57917882, 47.83581033]], [[106.57857263, 47.83462879], [106.57860312, 47.83462341], [106.58053485, 47.8341712], [106.58056544, 47.83416204], [106.58059335, 47.83414959], [106.58061778, 47.83413417], [106.58063806, 47.83411624], [106.58065363, 47.83409628], [106.58066404, 47.83407485], [106.58066901, 47.83405256], [106.5806684, 47.83403002], [106.58066222, 47.83400786], [106.58029894, 47.83310705], [106.58029327, 47.83308436], [106.58028202, 47.83306263], [106.58026552, 47.83304248], [106.58024424, 47.83302449], [106.58021876, 47.83300915], [106.58018983, 47.8329969], [106.58015826, 47.83298811], [106.58012494, 47.832983], [106.58009082, 47.83298173], [106.58005686, 47.83298433], [106.58002404, 47.83299074], [106.57800885, 47.83346249], [106.57797928, 47.83347065], [106.577952, 47.83348188], [106.57792772, 47.83349588], [106.57790705, 47.8335123], [106.57789052, 47.83353072], [106.57787855, 47.83355068], [106.57787144, 47.83357167], [106.57786938, 47.83359315], [106.57787241, 47.83361458], [106.57788046, 47.83363541], [106.57834779, 47.83453983], [106.57836035, 47.8345593], [106.57837729, 47.83457719], [106.57839818, 47.83459308], [106.57842251, 47.83460657], [106.57844969, 47.83461732], [106.57847903, 47.83462506], [106.57850981, 47.83462962], [106.57854127, 47.83463087], [106.57857263, 47.83462879]], [[106.57793623, 47.83339678], [106.57796665, 47.83339141], [106.58002835, 47.83290878], [106.58005885, 47.83289966], [106.58008667, 47.83288726], [106.58011106, 47.83287192], [106.58013132, 47.83285407], [106.58014691, 47.8328342], [106.58015739, 47.83281287], [106.58016246, 47.83279067], [106.58016199, 47.8327682], [106.580156, 47.8327461], [106.5792919, 47.83059417], [106.57925319, 47.83050411], [106.57920979, 47.83041502], [106.57871599, 47.82945861], [106.57870336, 47.82943922], [106.57868639, 47.8294214], [106.57866548, 47.82940558], [106.57864116, 47.82939216], [106.57861402, 47.82938147], [106.57858473, 47.82937377], [106.57855401, 47.82936924], [106.57852262, 47.82936801], [106.57849133, 47.82937011], [106.57846091, 47.82937547], [106.57617013, 47.82991173], [106.57613826, 47.82992136], [106.57610936, 47.82993457], [106.57608431, 47.82995096], [106.57606386, 47.82997003], [106.57604864, 47.8299912], [106.57603911, 47.83001383], [106.57603556, 47.83003723], [106.5760381, 47.83006069], [106.57604665, 47.8300835], [106.57771155, 47.83330827], [106.57772418, 47.83332766], [106.57774115, 47.83334549], [106.57776206, 47.8333613], [106.57778638, 47.83337472], [106.57781353, 47.83338542], [106.57784282, 47.83339312], [106.57787354, 47.83339764], [106.57790494, 47.83339887], [106.57793623, 47.83339678]], [[106.58168536, 47.83702295], [106.58165354, 47.83702847], [106.58003979, 47.83740625], [106.58001099, 47.83741475], [106.57998452, 47.83742618], [106.57996102, 47.83744026], [106.57994109, 47.83745664], [106.57992521, 47.83747492], [106.57991377, 47.83749464], [106.57990706, 47.83751533], [106.57990523, 47.83753646], [106.57990834, 47.83755753], [106.57991631, 47.83757802], [106.58053502, 47.83877609], [106.58054933, 47.83879755], [106.58056895, 47.83881701], [106.58059329, 47.83883388], [106.58062162, 47.83884765], [106.58065307, 47.83885789], [106.58068668, 47.83886431], [106.58072144, 47.8388667], [106.58075628, 47.83886499], [106.58079015, 47.83885923], [106.5822782, 47.83851088], [106.5823087, 47.83850176], [106.58233653, 47.83848936], [106.58236092, 47.83847402], [106.58238118, 47.83845617], [106.58239677, 47.8384363], [106.58240725, 47.83841497], [106.58241232, 47.83839277], [106.58241185, 47.8383703], [106.58240585, 47.8383482], [106.58191283, 47.8371207], [106.58190169, 47.83709989], [106.58188564, 47.83708059], [106.58186512, 47.83706331], [106.58184068, 47.83704852], [106.58181298, 47.83703662], [106.58178277, 47.83702792], [106.58175085, 47.83702266], [106.58171809, 47.83702099], [106.58168536, 47.83702295]], [[106.5666159, 47.84119163], [106.56664675, 47.84118727], [106.56667621, 47.8411797], [106.56670353, 47.84116912], [106.56672806, 47.84115578], [106.56674918, 47.84114002], [106.56683019, 47.84106875], [106.5669999, 47.84091702], [106.56727993, 47.84065742], [106.56755127, 47.84039367], [106.56781378, 47.84012591], [106.56806733, 47.83985426], [106.5683118, 47.83957887], [106.56854706, 47.83929986], [106.568773, 47.83901739], [106.5689895, 47.83873158], [106.56919646, 47.83844259], [106.56939377, 47.83815055], [106.56958133, 47.83785562], [106.56975906, 47.83755794], [106.56992685, 47.83725766], [106.57008463, 47.83695493], [106.57023233, 47.8366499], [106.57036985, 47.83634272], [106.57049715, 47.83603355], [106.57061414, 47.83572254], [106.57065134, 47.83563227], [106.57069748, 47.83554389], [106.57075235, 47.8354578], [106.57081572, 47.8353744], [106.57088728, 47.83529406], [106.57096673, 47.83521715], [106.57105368, 47.83514402], [106.57114776, 47.835075], [106.57124852, 47.8350104], [106.57135552, 47.83495052], [106.57146827, 47.83489562], [106.57158626, 47.83484597], [106.57170894, 47.83480178], [106.57183576, 47.83476326], [106.57196616, 47.83473057], [106.57198496, 47.8347251], [106.57200211, 47.83471755], [106.57201712, 47.83470816], [106.57202953, 47.83469719], [106.572039, 47.83468496], [106.57204525, 47.83467182], [106.5720481, 47.83465816], [106.57204746, 47.83464437], [106.57204335, 47.83463086], [106.5720359, 47.83461801], [106.57202531, 47.8346062], [106.5720119, 47.83459577], [106.57199606, 47.83458703], [106.57197824, 47.83458022], [106.57195896, 47.83457555], [106.56915828, 47.83407341], [106.56908265, 47.83406329], [106.56900571, 47.83405978], [106.56892874, 47.83406292], [106.568853, 47.83407267], [106.56877974, 47.83408887], [106.56871016, 47.83411125], [106.56864541, 47.83413944], [106.56858654, 47.83417298], [106.56853454, 47.83421132], [106.56849025, 47.83425382], [106.56845441, 47.83429979], [106.5684276, 47.83434847], [106.56841026, 47.83439906], [106.56833262, 47.8346956], [106.5682445, 47.83499081], [106.56814595, 47.83528452], [106.56803704, 47.83557657], [106.56791782, 47.83586679], [106.56778836, 47.83615501], [106.56764873, 47.83644107], [106.56749902, 47.83672481], [106.5673393, 47.83700606], [106.56716967, 47.83728468], [106.56699023, 47.83756049], [106.56680107, 47.83783334], [106.56660231, 47.83810309], [106.56639406, 47.83836956], [106.56617643, 47.83863262], [106.56594954, 47.83889211], [106.56571354, 47.83914789], [106.56546854, 47.83939981], [106.5652147, 47.83964772], [106.56495215, 47.8398915], [106.56480035, 47.84002722], [106.56473029, 47.84008886], [106.56471154, 47.84010864], [106.56469817, 47.84013031], [106.56469057, 47.84015321], [106.56468898, 47.84017665], [106.56469345, 47.84019992], [106.56470383, 47.84022231], [106.56471982, 47.84024316], [106.56474093, 47.84026183], [106.56476653, 47.84027775], [106.56646753, 47.84116449], [106.5664939, 47.84117613], [106.56652265, 47.84118483], [106.56655307, 47.8411904], [106.56658442, 47.84119268], [106.5666159, 47.84119163]], [[106.56845576, 47.83417556], [106.5684657, 47.83417383], [106.56847507, 47.83417098], [106.56848357, 47.83416711], [106.56849098, 47.83416231], [106.56854822, 47.83412328], [106.56861197, 47.83408913], [106.56868132, 47.83406035], [106.5686899, 47.83405658], [106.56869741, 47.83405189], [106.56870362, 47.8340464], [106.56870836, 47.83404028], [106.56871149, 47.83403372], [106.56871292, 47.83402688], [106.5687126, 47.83401999], [106.56871055, 47.83401323], [106.56870683, 47.8340068], [106.56870153, 47.8340009], [106.56869483, 47.83399568], [106.56868691, 47.8339913], [106.568678, 47.8339879], [106.56866836, 47.83398556], [106.56836348, 47.83393089], [106.56835339, 47.83392969], [106.56834314, 47.83392966], [106.56833304, 47.83393081], [106.56832337, 47.83393309], [106.56831441, 47.83393644], [106.56830644, 47.83394077], [106.56829966, 47.83394594], [106.5682943, 47.83395182], [106.56829049, 47.83395823], [106.56828835, 47.83396497], [106.56828795, 47.83397187], [106.56828929, 47.83397871], [106.56829233, 47.83398529], [106.56829699, 47.83399144], [106.56833589, 47.83403963], [106.56836598, 47.83409061], [106.56838681, 47.83414363], [106.56838969, 47.83415027], [106.56839421, 47.83415648], [106.56840023, 47.83416209], [106.56840758, 47.83416692], [106.56841604, 47.83417084], [106.56842537, 47.83417373], [106.56843529, 47.83417551], [106.56844552, 47.83417612], [106.56845576, 47.83417556]], [[106.56450308, 47.84008996], [106.56453392, 47.84008559], [106.56456337, 47.84007801], [106.56459069, 47.84006743], [106.5646152, 47.84005409], [106.56463631, 47.84003833], [106.56470471, 47.83997814], [106.56485565, 47.83984318], [106.56507101, 47.83964411], [106.56528053, 47.83944222], [106.56548413, 47.83923761], [106.56568172, 47.83903035], [106.56587323, 47.83882052], [106.5658876, 47.83880103], [106.56589712, 47.83878023], [106.56590155, 47.83875867], [106.56590078, 47.83873692], [106.56589482, 47.83871553], [106.56588383, 47.83869506], [106.5658681, 47.83867605], [106.56584804, 47.83865899], [106.56582416, 47.83864432], [106.5648527, 47.83813787], [106.56479338, 47.83811092], [106.56472935, 47.8380894], [106.5646617, 47.83807368], [106.56459158, 47.83806403], [106.5645202, 47.83806061], [106.56444876, 47.83806349], [106.56124248, 47.83833461], [106.56116942, 47.838338], [106.56109626, 47.83833588], [106.5610239, 47.83832827], [106.56095326, 47.83831526], [106.56088523, 47.83829702], [106.56082064, 47.83827378], [106.56076032, 47.83824582], [106.5604539, 47.83808592], [106.5604276, 47.8380743], [106.56039893, 47.83806559], [106.56036858, 47.83806001], [106.56033731, 47.8380577], [106.56030589, 47.83805871], [106.56027509, 47.83806302], [106.56024567, 47.83807052], [106.56021835, 47.83808102], [106.56019381, 47.83809428], [106.56017266, 47.83810995], [106.55903996, 47.83909464], [106.55902272, 47.83911235], [106.5590098, 47.83913165], [106.55900152, 47.83915208], [106.55899809, 47.83917313], [106.5589996, 47.83919428], [106.559006, 47.83921501], [106.55901714, 47.83923481], [106.55903274, 47.8392532], [106.55905242, 47.83926971], [106.5590757, 47.83928395], [106.55975764, 47.83963951], [106.55981696, 47.83966647], [106.55988099, 47.83968799], [106.55994864, 47.83970371], [106.56001876, 47.83971336], [106.56009015, 47.83971678], [106.56016159, 47.83971391], [106.56292448, 47.83948032], [106.56299754, 47.83947692], [106.56307071, 47.83947904], [106.56314307, 47.83948666], [106.56321371, 47.83949966], [106.56328175, 47.8395179], [106.56334634, 47.83954115], [106.56340666, 47.83956911], [106.56435471, 47.84006287], [106.56438108, 47.84007449], [106.56440983, 47.84008319], [106.56444025, 47.84008874], [106.56447159, 47.84009102], [106.56450308, 47.84008996]], [[106.5596924, 47.83969623], [106.55901046, 47.83934066], [106.55898108, 47.83932794], [106.55894886, 47.83931884], [106.55891479, 47.83931364], [106.55887989, 47.83931251], [106.55884523, 47.83931548], [106.55881187, 47.83932245], [106.55878081, 47.83933322], [106.55875299, 47.83934745], [106.55872928, 47.83936472], [106.55761968, 47.84032927], [106.55760243, 47.84034698], [106.55758951, 47.84036628], [106.55758123, 47.84038671], [106.5575778, 47.84040776], [106.55757931, 47.84042891], [106.55758571, 47.84044964], [106.55759685, 47.84046944], [106.55761245, 47.84048783], [106.55763214, 47.84050434], [106.55765541, 47.84051858], [106.55821222, 47.84080891], [106.55827151, 47.84083584], [106.5583355, 47.84085735], [106.55840311, 47.84087306], [106.55847318, 47.84088271], [106.55854453, 47.84088613], [106.55861592, 47.84088326], [106.56182237, 47.84061222], [106.56189548, 47.84060882], [106.56196869, 47.84061094], [106.5620411, 47.84061856], [106.56211178, 47.84063158], [106.56217986, 47.84064983], [106.56224449, 47.84067309], [106.56230485, 47.84070107], [106.563118, 47.84112499], [106.56314724, 47.84113767], [106.5631793, 47.84114675], [106.56321321, 47.84115197], [106.56324795, 47.84115316], [106.56328246, 47.84115028], [106.56331573, 47.84114344], [106.56334673, 47.84113283], [106.56337454, 47.84111876], [106.56339832, 47.84110168], [106.56422513, 47.84039326], [106.5643234, 47.84030902], [106.56434088, 47.8402913], [106.56435401, 47.84027196], [106.56436246, 47.84025147], [106.56436603, 47.84023034], [106.56436461, 47.84020909], [106.56435826, 47.84018826], [106.56434713, 47.84016836], [106.56433149, 47.84014988], [106.56431173, 47.84013329], [106.56428835, 47.84011899], [106.56334152, 47.83962587], [106.56328223, 47.83959893], [106.56321822, 47.83957742], [106.5631506, 47.8395617], [106.56308052, 47.83955205], [106.56300916, 47.83954863], [106.56293775, 47.83955149], [106.56017486, 47.83978508], [106.56010176, 47.83978848], [106.56002854, 47.83978636], [106.55995614, 47.83977874], [106.55988546, 47.83976572], [106.55981738, 47.83974747], [106.55975276, 47.8397242], [106.5596924, 47.83969623]], [[106.57765196, 47.82606434], [106.57763677, 47.82606888], [106.5776229, 47.82607505], [106.57761073, 47.82608268], [106.5776006, 47.82609156], [106.5775928, 47.82610144], [106.57758752, 47.82611206], [106.57758493, 47.82612311], [106.57758509, 47.82613431], [106.57758799, 47.82614533], [106.57765888, 47.8263145], [106.57773796, 47.82648201], [106.57782515, 47.82664769], [106.57792037, 47.82681135], [106.5780235, 47.82697282], [106.57813443, 47.82713193], [106.57821725, 47.82724583], [106.57844662, 47.82756769], [106.57866839, 47.82789196], [106.57888251, 47.82821855], [106.57908892, 47.82854739], [106.57937744, 47.82901737], [106.57938515, 47.82902744], [106.57939526, 47.8290365], [106.57940747, 47.8290443], [106.57942145, 47.8290506], [106.57943681, 47.82905525], [106.57945309, 47.82905809], [106.57946986, 47.82905906], [106.57948663, 47.82905813], [106.57950294, 47.82905532], [106.58039606, 47.82884622], [106.58041062, 47.82884191], [106.58042399, 47.8288361], [106.58043583, 47.82882894], [106.58044583, 47.8288206], [106.58045375, 47.82881131], [106.58045938, 47.82880129], [106.58046259, 47.82879079], [106.58046328, 47.82878009], [106.58046145, 47.82876944], [106.58045715, 47.82875913], [106.57908538, 47.82625668], [106.57905212, 47.82620502], [106.57901059, 47.82615615], [106.57896129, 47.82611068], [106.57890482, 47.82606916], [106.57884187, 47.8260321], [106.57877323, 47.82599996], [106.57869973, 47.82597312], [106.57862227, 47.82595193], [106.57854181, 47.82593663], [106.57845933, 47.82592742], [106.57837584, 47.82592441], [106.57829237, 47.82592764], [106.57820994, 47.82593707], [106.57812957, 47.82595258], [106.57765196, 47.82606434]], [[106.5768079, 47.82442553], [106.57676407, 47.82444649], [106.57671551, 47.82446201], [106.57666369, 47.82447165], [106.57694309, 47.82465931], [106.57684569, 47.82439979], [106.5768079, 47.82442553]], [[106.59084801, 47.85191149], [106.59025708, 47.8505019], [106.59021692, 47.85039841], [106.59018281, 47.85029393], [106.59015479, 47.85018864], [106.59013291, 47.85008269], [106.59001676, 47.84928011], [106.58998194, 47.84905688], [106.58994344, 47.84883392], [106.58991664, 47.84870268], [106.58988387, 47.84857205], [106.58988313, 47.84857032], [106.58988197, 47.8485687], [106.58988041, 47.84856725], [106.58987851, 47.84856599], [106.58987631, 47.84856497], [106.58987388, 47.84856422], [106.5898713, 47.84856376], [106.58986865, 47.84856361], [106.58986599, 47.84856377], [106.58986341, 47.84856423], [106.58986099, 47.84856498], [106.58985879, 47.848566], [106.58985689, 47.84856726], [106.58985533, 47.84856872], [106.58985417, 47.84857034], [106.58985345, 47.84857206], [106.58985317, 47.84857385], [106.58985335, 47.84857564], [106.58988762, 47.84870605], [106.58991709, 47.84883698], [106.58999015, 47.84928178], [106.59006398, 47.84979199], [106.59010632, 47.85008452], [106.59012834, 47.85019124], [106.59015655, 47.8502973], [106.59019091, 47.85040253], [106.59023135, 47.85050678], [106.59082229, 47.85191637], [106.59084801, 47.85191149]]], [[[106.55870781, 47.84445008], [106.55877341, 47.84446216], [106.55883541, 47.84448099], [106.55889229, 47.84450611], [106.55900657, 47.84456569], [106.55786726, 47.84554164], [106.5568074, 47.84498931], [106.55720141, 47.844649], [106.5572473, 47.8446152], [106.55730046, 47.84458663], [106.55735959, 47.84456401], [106.55742325, 47.84454788], [106.55748987, 47.84453864], [106.55769403, 47.84452138], [106.55836917, 47.84446433], [106.55857226, 47.84444717], [106.5586402, 47.84444504], [106.55870781, 47.84445008]]]]}, "geometry_name": "geom", "properties": {"guid": 3241262, "id": 3241262, "object_no": null, "object_name": "Төлөвлөлтийн зам", "layer_type_id": 975, "valid_to": null, "address_no": null, "border_type": "solid", "border_width": 1, "border_color": "#bcbcbc", "border_opacity": 1, "border_wellknown": "shape://horizline", "fill_type": "color", "fill_color": "#bcbcbc", "fill_opacity": 0.36, "fill_wellknown": null, "fill_shape_color": null, "fill_shape_width": null, "fill_shape_size": null, "fill_img_url": null, "marker_img_url": null}},{"type": "Feature", "id": "layer_data_map.fid--27e80436_1a098c1eed1_-571d", "geometry": {"type": "Polygon", "coordinates": [[[107.26823195, 47.72945312], [107.26801849, 47.72945729], [107.2680172, 47.72896054], [107.26801448, 47.72891597], [107.26800275, 47.72887207], [107.26798223, 47.72882966], [107.26795331, 47.72878954], [107.26791652, 47.72875247], [107.26787257, 47.72871914], [107.26782228, 47.72869018], [107.26776659, 47.72866613], [107.26770655, 47.72864744], [107.26323793, 47.72771032], [107.26315762, 47.72768972], [107.26308171, 47.72766257], [107.26301136, 47.7276293], [107.26294766, 47.7275904], [107.26289157, 47.72754649], [107.26284396, 47.72749824], [107.26280557, 47.72744638], [107.26277697, 47.72739172], [107.26275862, 47.72733509], [107.26275079, 47.72727737], [107.2627355, 47.72692449], [107.2627327, 47.72690719], [107.2627258, 47.72689041], [107.262715, 47.7268746], [107.26270057, 47.72686017], [107.26268289, 47.72684749], [107.26266242, 47.72683689], [107.26263969, 47.72682865], [107.26261529, 47.72682299], [107.26258986, 47.72682004], [107.26256406, 47.72681989], [107.26253911, 47.72682171], [107.26251488, 47.72682614], [107.26249197, 47.72683307], [107.26247096, 47.72684234], [107.26245235, 47.72685371], [107.26243661, 47.7268669], [107.26242412, 47.72688159], [107.26241519, 47.72689742], [107.26241004, 47.72691399], [107.2624088, 47.72693091], [107.26241071, 47.72697527], [107.25978599, 47.72702856], [107.25896544, 47.72685643], [107.25895606, 47.72663996], [107.26076765, 47.72660427], [107.26074392, 47.72605598], [107.26133053, 47.72604441], [107.26135428, 47.72659271], [107.26190631, 47.72658183], [107.26239338, 47.72657222], [107.2623972, 47.72666119], [107.2624, 47.72667849], [107.26240689, 47.72669527], [107.26241768, 47.72671107], [107.2624321, 47.72672551], [107.26244977, 47.72673819], [107.26247023, 47.72674879], [107.26249295, 47.72675703], [107.26251734, 47.7267627], [107.26254276, 47.72676566], [107.26256856, 47.72676581], [107.26259352, 47.726764], [107.26261775, 47.72675957], [107.26264065, 47.72675263], [107.26266167, 47.72674336], [107.26268028, 47.72673199], [107.26269602, 47.7267188], [107.26270851, 47.7267041], [107.26271743, 47.72668827], [107.26272258, 47.72667169], [107.26272382, 47.72665477], [107.26270107, 47.7261298], [107.26270048, 47.7260848], [107.26269072, 47.72604028], [107.26267197, 47.7259971], [107.26264458, 47.72595607], [107.26260909, 47.72591797], [107.26256616, 47.72588353], [107.26251662, 47.7258534], [107.2624614, 47.72582816], [107.26240155, 47.72580829], [107.26233823, 47.72579417], [107.26227262, 47.72578607], [107.26220599, 47.72578413], [107.25758546, 47.72587517], [107.25758198, 47.72579351], [107.25885701, 47.72576915], [107.25889153, 47.72576647], [107.25892484, 47.7257598], [107.25895594, 47.72574935], [107.25898388, 47.72573541], [107.25900783, 47.72571843], [107.25902706, 47.7256989], [107.25904098, 47.72567743], [107.25904919, 47.72565465], [107.25905143, 47.72563125], [107.2590422, 47.725458], [107.25904134, 47.72543798], [107.25903488, 47.72540068], [107.25901894, 47.72536469], [107.25899399, 47.72533112], [107.2589608, 47.72530097], [107.25892037, 47.72527516], [107.25887391, 47.72525447], [107.25882285, 47.72523952], [107.25876872, 47.72523077], [107.25871316, 47.72522849], [107.25767333, 47.72525258], [107.25765545, 47.72484797], [107.26058593, 47.72479038], [107.26060344, 47.72519498], [107.25945274, 47.72521536], [107.25940272, 47.72521891], [107.25935414, 47.72522771], [107.25930821, 47.72524154], [107.25926605, 47.72526005], [107.25922872, 47.7252828], [107.25919714, 47.72530921], [107.25917207, 47.72533863], [107.25915416, 47.72537034], [107.25914382, 47.72540355], [107.25914133, 47.72543745], [107.25914214, 47.72545603], [107.25915136, 47.72562881], [107.25915551, 47.72565212], [107.25916558, 47.72567458], [107.25918126, 47.72569553], [107.25920209, 47.72571432], [107.25922743, 47.7257304], [107.25925652, 47.72574327], [107.25928847, 47.72575255], [107.25932232, 47.72575794], [107.25935705, 47.7257593], [107.26219941, 47.72570328], [107.26226605, 47.72569898], [107.26233118, 47.72568851], [107.26239354, 47.72567206], [107.26245193, 47.72564996], [107.26250523, 47.72562263], [107.26255243, 47.72559059], [107.26259261, 47.72555445], [107.26262501, 47.72551492], [107.262649, 47.72547275], [107.26266412, 47.72542874], [107.26267009, 47.72538375], [107.26266679, 47.72533863], [107.26264113, 47.72474645], [107.26264024, 47.72473299], [107.26263619, 47.72471979], [107.26262906, 47.7247072], [107.26261905, 47.72469554], [107.26260641, 47.72468511], [107.26259147, 47.72467617], [107.26257461, 47.72466895], [107.26255625, 47.72466364], [107.26253688, 47.72466037], [107.26251698, 47.72465923], [107.26250254, 47.72466126], [107.26248883, 47.72466493], [107.26247626, 47.72467013], [107.2624652, 47.72467672], [107.26245598, 47.72468448], [107.26244888, 47.72469321], [107.2624441, 47.72470262], [107.2624418, 47.72471245], [107.26244716, 47.72483623], [107.26084156, 47.72486789], [107.26082404, 47.72446329], [107.26242963, 47.72443163], [107.26243448, 47.72454352], [107.26243459, 47.72455273], [107.26243687, 47.72456181], [107.26244126, 47.72457052], [107.26244765, 47.72457866], [107.26245586, 47.72458601], [107.26246571, 47.72459239], [107.26247693, 47.72459763], [107.26248924, 47.7246016], [107.26250142, 47.72460407], [107.26251401, 47.7246053], [107.26253427, 47.72460337], [107.26255379, 47.72459924], [107.26257205, 47.72459301], [107.26258855, 47.72458485], [107.26260286, 47.72457498], [107.26261458, 47.72456367], [107.26262341, 47.72455121], [107.2626291, 47.72453795], [107.2626315, 47.72452424], [107.26242475, 47.71975184], [107.26242416, 47.71970684], [107.2624144, 47.71966232], [107.26239566, 47.71961914], [107.26236828, 47.7195781], [107.26233279, 47.71954], [107.26228987, 47.71950556], [107.26224033, 47.71947544], [107.26218511, 47.7194502], [107.26212528, 47.71943033], [107.26206196, 47.71941621], [107.26199636, 47.7194081], [107.26192974, 47.71940617], [107.26044349, 47.71943547], [107.26038841, 47.71943947], [107.26033513, 47.71944972], [107.2602852, 47.71946592], [107.26024007, 47.71948762], [107.26020106, 47.71951416], [107.2601693, 47.71954479], [107.2601457, 47.71957862], [107.26013096, 47.71961466], [107.26012549, 47.71965186], [107.26012947, 47.71968915], [107.26016233, 47.72044325], [107.26016639, 47.7204666], [107.26017639, 47.72048913], [107.26019204, 47.72051014], [107.26021285, 47.720529], [107.2602382, 47.72054513], [107.26026732, 47.72055805], [107.26029932, 47.72056736], [107.26033323, 47.72057278], [107.26036802, 47.72057414], [107.26149905, 47.72055185], [107.26151272, 47.72055114], [107.26152601, 47.72054887], [107.26153853, 47.7205451], [107.26154991, 47.72053994], [107.26155982, 47.72053355], [107.26156796, 47.72052611], [107.2615741, 47.72051784], [107.26157806, 47.72050898], [107.26157972, 47.7204998], [107.26157903, 47.72049056], [107.26157602, 47.72048154], [107.26157467, 47.72047312], [107.26157138, 47.72046494], [107.26156624, 47.72045721], [107.26155937, 47.72045012], [107.26155093, 47.72044385], [107.26154115, 47.72043854], [107.26153026, 47.72043433], [107.26151852, 47.72043132], [107.26150623, 47.72042958], [107.26149369, 47.72042917], [107.26140709, 47.72043091], [107.26138791, 47.71998792], [107.26182085, 47.71997921], [107.26184004, 47.7204222], [107.26175343, 47.72042395], [107.26173959, 47.72042504], [107.26172624, 47.72042775], [107.26171379, 47.72043197], [107.26170261, 47.72043759], [107.26169306, 47.72044444], [107.2616854, 47.7204523], [107.26167989, 47.72046094], [107.26167668, 47.72047009], [107.26167587, 47.72047948], [107.26168624, 47.72071715], [107.26168948, 47.72073584], [107.26169749, 47.72075386], [107.26171001, 47.72077067], [107.26172667, 47.72078576], [107.26174695, 47.72079866], [107.26177025, 47.720809], [107.26179586, 47.72081644], [107.26182299, 47.72082077], [107.26185082, 47.72082186], [107.26215673, 47.72081579], [107.26224298, 47.72279324], [107.2615892, 47.72280622], [107.26150297, 47.72082863], [107.26153314, 47.72080492], [107.26155746, 47.72077832], [107.26157533, 47.72074949], [107.26158631, 47.72071913], [107.26158424, 47.72067163], [107.26158262, 47.72066229], [107.26157862, 47.72065328], [107.26157236, 47.72064488], [107.26156403, 47.72063733], [107.26155389, 47.72063088], [107.26154224, 47.72062571], [107.26152944, 47.72062199], [107.26151588, 47.72061982], [107.26150197, 47.72061928], [107.26037104, 47.72064157], [107.26033838, 47.72064403], [107.26030677, 47.72065008], [107.26027705, 47.72065953], [107.26025003, 47.72067214], [107.26022643, 47.72068757], [107.26020689, 47.7207054], [107.26019195, 47.72072514], [107.26018199, 47.72074627], [107.26017731, 47.72076822], [107.26017801, 47.72079038], [107.26018168, 47.72080185], [107.26018806, 47.72081277], [107.26019699, 47.72082284], [107.26020822, 47.72083179], [107.26022146, 47.7208394], [107.26023636, 47.72084545], [107.26025251, 47.72084979], [107.2602695, 47.7208523], [107.26028686, 47.72085291], [107.26049709, 47.72084874], [107.26058327, 47.72282619], [107.25984955, 47.72284075], [107.25976339, 47.72086329], [107.25997376, 47.72085912], [107.25999222, 47.72085766], [107.26001003, 47.72085406], [107.26002664, 47.72084843], [107.26004154, 47.72084093], [107.26005429, 47.72083181], [107.2600645, 47.72082133], [107.26007186, 47.72080981], [107.26007614, 47.7207976], [107.26007722, 47.72078508], [107.26002955, 47.71969104], [107.26003024, 47.71965401], [107.2600217, 47.71961743], [107.26000418, 47.71958234], [107.25997818, 47.71954974], [107.25994443, 47.71952054], [107.25990389, 47.71949558], [107.25985772, 47.71947558], [107.25980723, 47.71946109], [107.25975384, 47.71945253], [107.25969908, 47.71945014], [107.25783109, 47.71948692], [107.25782846, 47.71942624], [107.25782762, 47.71940601], [107.25782765, 47.71940727], [107.25782254, 47.71928913], [107.25782191, 47.71928914], [107.25782239, 47.71928569], [107.25781895, 47.71927749], [107.25781348, 47.71926981], [107.25780613, 47.71926288], [107.25779712, 47.7192569], [107.25778673, 47.71925205], [107.25777526, 47.71924848], [107.25776306, 47.7192463], [107.25775047, 47.71924556], [107.25743738, 47.71925172], [107.25742645, 47.71899876], [107.25828578, 47.71898184], [107.25829672, 47.7192348], [107.25798515, 47.71924094], [107.25797394, 47.7192417], [107.25796307, 47.71924369], [107.25795282, 47.71924685], [107.25794348, 47.71925111], [107.2579353, 47.71925633], [107.2579285, 47.7192624], [107.25792326, 47.71926913], [107.25791973, 47.71927635], [107.257918, 47.71928386], [107.25792504, 47.71930524], [107.25793712, 47.71932556], [107.25795391, 47.7193443], [107.25797497, 47.71936096], [107.25799975, 47.7193751], [107.25802759, 47.71938635], [107.25805776, 47.71939441], [107.25808947, 47.71939908], [107.25812188, 47.71940021], [107.26224188, 47.7193189], [107.26227516, 47.71931767], [107.26230769, 47.71931281], [107.26233864, 47.71930447], [107.26236718, 47.71929286], [107.26239256, 47.71927829], [107.26241411, 47.71926114], [107.26243127, 47.71924187], [107.26244358, 47.71922097], [107.26245072, 47.719199], [107.2624525, 47.71917655], [107.26244887, 47.7191542], [107.26240096, 47.71804819], [107.26314146, 47.71803358], [107.26315588, 47.71836654], [107.26318367, 47.71900779], [107.26275638, 47.71901316], [107.26272265, 47.71901575], [107.26269005, 47.71902215], [107.26265953, 47.71903217], [107.26263195, 47.71904553], [107.26260811, 47.71906184], [107.2625887, 47.71908064], [107.26257427, 47.71910137], [107.26256524, 47.71912345], [107.26256187, 47.71914625], [107.26256335, 47.71916663], [107.26256964, 47.71918658], [107.26258057, 47.71920561], [107.26259587, 47.7192232], [107.26261514, 47.71923893], [107.26263788, 47.71925237], [107.26266352, 47.71926319], [107.26269138, 47.71927111], [107.26272076, 47.71927591], [107.26275091, 47.71927749], [107.2674638, 47.71918442], [107.26749535, 47.71918285], [107.26752613, 47.71917794], [107.26755539, 47.71916981], [107.26758238, 47.71915868], [107.26760644, 47.71914482], [107.26762696, 47.71912857], [107.26764344, 47.71911035], [107.26765545, 47.7190906], [107.2676627, 47.71906982], [107.26765262, 47.71904747], [107.26763697, 47.71902663], [107.26761622, 47.71900794], [107.26759099, 47.71899194], [107.26756204, 47.71897913], [107.26753025, 47.71896989], [107.26749657, 47.71896449], [107.26746201, 47.71896311], [107.26601477, 47.71899171], [107.26600022, 47.71865624], [107.26737707, 47.71862903], [107.26732404, 47.71740746], [107.26880956, 47.71737722], [107.26886042, 47.71854575], [107.26879326, 47.71854708], [107.26881017, 47.71893633], [107.26797508, 47.71895297], [107.26794532, 47.71896038], [107.26791778, 47.71897099], [107.26789319, 47.71898452], [107.26787224, 47.71900059], [107.26785549, 47.71901877], [107.26784341, 47.71903856], [107.26783631, 47.71905943], [107.26783439, 47.7190808], [107.26783993, 47.71920835], [107.26784345, 47.7192894], [107.26785427, 47.71964461], [107.26788182, 47.72027902], [107.26788462, 47.72029633], [107.26789152, 47.7203131], [107.26790232, 47.72032891], [107.26791675, 47.72034334], [107.26793442, 47.72035602], [107.26795489, 47.72036661], [107.26797761, 47.72037485], [107.26800201, 47.72038052], [107.26802743, 47.72038346], [107.26805323, 47.72038361], [107.26808092, 47.72038142], [107.26810762, 47.72037602], [107.26813253, 47.72036758], [107.26815489, 47.72035634], [107.26817402, 47.72034266], [107.26818934, 47.72032694], [107.26820038, 47.72030966], [107.2682068, 47.72029135], [107.26820842, 47.72027257], [107.26820178, 47.72011908], [107.26993338, 47.72008483], [107.26995687, 47.72062541], [107.26933082, 47.72063741], [107.26932034, 47.72063817], [107.26931017, 47.72064004], [107.26930056, 47.72064297], [107.26929176, 47.72064688], [107.26928398, 47.72065168], [107.26927743, 47.72065725], [107.26927225, 47.72066345], [107.26926859, 47.72067011], [107.26926653, 47.72067709], [107.26926612, 47.7206842], [107.26822713, 47.72070475], [107.26822049, 47.72055128], [107.26821811, 47.72053562], [107.26821238, 47.72052037], [107.26820342, 47.72050583], [107.26819143, 47.72049233], [107.26817665, 47.72048015], [107.26815925, 47.72046945], [107.26813971, 47.72046058], [107.26811845, 47.72045375], [107.26809594, 47.72044909], [107.26807266, 47.72044672], [107.26804911, 47.72044668], [107.26802142, 47.72044887], [107.26799471, 47.72045427], [107.2679698, 47.72046272], [107.26794744, 47.72047395], [107.26792831, 47.72048764], [107.26791299, 47.72050336], [107.26790196, 47.72052064], [107.26789553, 47.72053895], [107.26789392, 47.72055773], [107.26792584, 47.72129294], [107.26793233, 47.72133031], [107.26794833, 47.72136636], [107.26797337, 47.72139998], [107.26800668, 47.72143016], [107.26804724, 47.72145598], [107.26809384, 47.72147665], [107.26814505, 47.72149154], [107.26819931, 47.72150021], [107.26825498, 47.72150239], [107.26839137, 47.7214997], [107.26841725, 47.72149775], [107.26844231, 47.721493], [107.26846591, 47.72148557], [107.2684874, 47.72147566], [107.26850623, 47.72146352], [107.26852189, 47.72144948], [107.26853396, 47.72143391], [107.26854213, 47.72141723], [107.26854619, 47.72139988], [107.26854601, 47.72138231], [107.2710171, 47.72133341], [107.27104157, 47.72189615], [107.26910364, 47.72193877], [107.26909316, 47.72171276], [107.26856128, 47.72172328], [107.26855902, 47.72167181], [107.26855577, 47.72165313], [107.26854776, 47.72163511], [107.26853524, 47.7216183], [107.26851858, 47.72160322], [107.2684983, 47.72159032], [107.268475, 47.72157999], [107.2684494, 47.72157254], [107.26842228, 47.72156821], [107.26839445, 47.72156712], [107.26825791, 47.72156982], [107.268208, 47.72157347], [107.26815955, 47.72158234], [107.26811376, 47.72159621], [107.26807174, 47.72161475], [107.26803454, 47.72163749], [107.26800307, 47.72166388], [107.26797811, 47.72169327], [107.26796027, 47.72172493], [107.26794998, 47.72175809], [107.26794751, 47.72179192], [107.26802696, 47.72362145], [107.26803256, 47.7236558], [107.2680462, 47.72368911], [107.26806756, 47.72372053], [107.26809607, 47.72374924], [107.268131, 47.72377452], [107.26817147, 47.72379571], [107.26821643, 47.72381227], [107.26826473, 47.72382378], [107.26831513, 47.72382993], [107.26836635, 47.72383058], [107.26839846, 47.72382908], [107.2684298, 47.72382411], [107.26845955, 47.72381582], [107.26848694, 47.72380442], [107.26851127, 47.72379019], [107.2685319, 47.72377352], [107.2685483, 47.72375482], [107.26856003, 47.7237346], [107.26856681, 47.72371337], [107.26856845, 47.72369167], [107.2685591, 47.72347909], [107.27369208, 47.72337746], [107.27372704, 47.72418048], [107.27206261, 47.72421346], [107.26990998, 47.72425384], [107.26990994, 47.72425284], [107.26859425, 47.72427887], [107.2685899, 47.72417856], [107.26858311, 47.72403152], [107.26858113, 47.72400913], [107.26857368, 47.72398726], [107.26856097, 47.72396654], [107.26854334, 47.72394752], [107.26852128, 47.72393073], [107.2684954, 47.72391664], [107.26846643, 47.72390564], [107.26843515, 47.72389804], [107.26840244, 47.72389403], [107.26836919, 47.72389374], [107.26831811, 47.7238964], [107.26826832, 47.72390453], [107.26822108, 47.72391792], [107.26817762, 47.72393623], [107.26813905, 47.72395898], [107.26810636, 47.72398559], [107.26808038, 47.72401539], [107.26806178, 47.7240476], [107.26805104, 47.7240814], [107.26804844, 47.72411593], [107.26811123, 47.72556164], [107.26811663, 47.72559532], [107.26812977, 47.72562801], [107.26815034, 47.72565891], [107.26817781, 47.72568726], [107.26821152, 47.72571237], [107.26825063, 47.7257336], [107.26829419, 47.72575045], [107.26834111, 47.72576249], [107.26839025, 47.72576943], [107.26844039, 47.72577109], [107.26999467, 47.72574034], [107.2700361, 47.72573708], [107.27007607, 47.72572902], [107.27011336, 47.72571641], [107.27014686, 47.72569963], [107.27017554, 47.72567919], [107.27019854, 47.72565571], [107.27021517, 47.7256299], [107.27022492, 47.72560253], [107.2702275, 47.72557444], [107.2702162, 47.72528232], [107.27101568, 47.7252665], [107.27105211, 47.72610422], [107.27024872, 47.72612024], [107.27024318, 47.72599261], [107.27024309, 47.72599261], [107.27024208, 47.72596558], [107.27023817, 47.72594024], [107.27022841, 47.72591564], [107.27021306, 47.72589237], [107.27019248, 47.72587101], [107.2701672, 47.72585209], [107.27013783, 47.72583609], [107.2701051, 47.72582339], [107.27006983, 47.72581431], [107.27003288, 47.72580908], [107.26999518, 47.72580782], [107.26844332, 47.72583852], [107.26839341, 47.72584217], [107.26834496, 47.72585104], [107.26829916, 47.72586491], [107.26825714, 47.72588345], [107.26821994, 47.72590619], [107.26818847, 47.72593258], [107.2681635, 47.72596197], [107.26814566, 47.72599363], [107.26813537, 47.72602679], [107.2681329, 47.72606062], [107.2681538, 47.72654171], [107.26816028, 47.72657908], [107.26817629, 47.72661512], [107.26820133, 47.72664875], [107.26823464, 47.72667892], [107.26827521, 47.72670474], [107.26832181, 47.72672541], [107.26837302, 47.72674031], [107.26842729, 47.72674898], [107.26848297, 47.72675116], [107.27127419, 47.72669592], [107.27128914, 47.72669481], [107.27130362, 47.72669209], [107.27131727, 47.72668783], [107.27132973, 47.72668216], [107.27134068, 47.72667521], [107.27134983, 47.72666716], [107.27135695, 47.72665822], [107.27136185, 47.72664863], [107.2713644, 47.72663863], [107.27136453, 47.72662849], [107.27392204, 47.72657779], [107.27393976, 47.72698241], [107.27220537, 47.72701679], [107.27220345, 47.7269718], [107.27220127, 47.72692152], [107.27189139, 47.72692796], [107.27137886, 47.72693861], [107.27137361, 47.72682432], [107.27137169, 47.72681343], [107.27136701, 47.72680294], [107.27135969, 47.72679315], [107.27134997, 47.72678436], [107.27133814, 47.72677685], [107.27132456, 47.72677083], [107.27130964, 47.72676649], [107.27129382, 47.72676397], [107.2712776, 47.72676334], [107.26973529, 47.72679387], [107.26971382, 47.72679546], [107.26969302, 47.72679936], [107.26967342, 47.72680548], [107.26965554, 47.72681366], [107.26963986, 47.72682368], [107.26962678, 47.72683527], [107.26961664, 47.72684814], [107.26960972, 47.72686194], [107.26960619, 47.72687632], [107.26960615, 47.72689089], [107.2696084, 47.72690492], [107.26961387, 47.72691854], [107.26962244, 47.72693142], [107.26963389, 47.72694323], [107.26964794, 47.72695369], [107.26966423, 47.72696254], [107.26968238, 47.72696956], [107.26970194, 47.72697457], [107.26972241, 47.72697746], [107.2697433, 47.72697816], [107.27006631, 47.72697177], [107.27008311, 47.72735827], [107.26907065, 47.7273783], [107.26905386, 47.7269918], [107.26937687, 47.72698541], [107.26939834, 47.72698382], [107.26941914, 47.72697991], [107.26943874, 47.72697379], [107.26945662, 47.72696562], [107.2694723, 47.7269556], [107.26948538, 47.72694401], [107.26949552, 47.72693114], [107.26950244, 47.72691734], [107.26950597, 47.72690296], [107.26950601, 47.72688839], [107.26950376, 47.72687436], [107.26949828, 47.72686073], [107.26948972, 47.72684786], [107.26947827, 47.72683605], [107.26946422, 47.72682559], [107.26944793, 47.72681674], [107.26942978, 47.72680972], [107.26941023, 47.7268047], [107.26938975, 47.72680181], [107.26936886, 47.72680112], [107.2684859, 47.72681858], [107.26843051, 47.72682296], [107.26837708, 47.72683376], [107.26832725, 47.72685065], [107.26828253, 47.72687313], [107.26824426, 47.72690051], [107.26821363, 47.72693195], [107.26819155, 47.7269665], [107.2681787, 47.72700312], [107.26817547, 47.72704068], [107.26821672, 47.72793122], [107.26821996, 47.72795534], [107.26822919, 47.72797874], [107.26824415, 47.72800076], [107.26826439, 47.72802076], [107.26828936, 47.72803817], [107.26831831, 47.72805248], [107.26835044, 47.72806329], [107.26838481, 47.72807029], [107.26842043, 47.72807328], [107.26901844, 47.7280726], [107.26901861, 47.72814005], [107.26842992, 47.72814072], [107.26839849, 47.72814229], [107.26836782, 47.72814717], [107.26833866, 47.72815524], [107.26831174, 47.7281663], [107.26828774, 47.72818008], [107.26826724, 47.72819623], [107.26825075, 47.72821435], [107.26823869, 47.728234], [107.26823136, 47.72825468], [107.26822893, 47.72827588], [107.26823195, 47.72945312]], [[107.26296338, 47.72681349], [107.26295052, 47.7268501], [107.26294729, 47.72688767], [107.262964, 47.72727316], [107.26297047, 47.72731753], [107.26298591, 47.72736088], [107.26301004, 47.72740238], [107.26304238, 47.72744126], [107.26308234, 47.72747677], [107.26312914, 47.72750824], [107.26318191, 47.72753508], [107.26323964, 47.72755677], [107.26330124, 47.7275729], [107.26738643, 47.72842962], [107.26745474, 47.72844032], [107.26752464, 47.7284442], [107.26759463, 47.72844115], [107.26766321, 47.72843126], [107.26772892, 47.72841473], [107.26779036, 47.72839192], [107.26784622, 47.72836331], [107.2678953, 47.72832951], [107.26793655, 47.72829124], [107.2679691, 47.72824933], [107.26799225, 47.72820466], [107.2680055, 47.7281582], [107.26800857, 47.72811092], [107.26799444, 47.72778547], [107.26799038, 47.72776211], [107.26798038, 47.72773958], [107.26796473, 47.72771857], [107.26794391, 47.72769971], [107.26791855, 47.72768357], [107.26788942, 47.72767065], [107.26785742, 47.72766134], [107.2678235, 47.72765592], [107.2677887, 47.72765456], [107.26770262, 47.72765626], [107.2676999, 47.72760233], [107.26778636, 47.72760062], [107.26782098, 47.72759788], [107.26785437, 47.72759113], [107.26788551, 47.72758057], [107.26791347, 47.72756653], [107.26793738, 47.72754942], [107.26795653, 47.72752977], [107.26797033, 47.72750817], [107.26797836, 47.72748528], [107.26798038, 47.72746181], [107.26793669, 47.72645602], [107.2678842, 47.72632208], [107.26787249, 47.72605236], [107.26791327, 47.72591658], [107.2678741, 47.72501475], [107.26778861, 47.72304612], [107.26775775, 47.72233557], [107.26770527, 47.72220163], [107.26769355, 47.72193191], [107.26773433, 47.72179613], [107.26772968, 47.72168894], [107.26772696, 47.72167207], [107.26772036, 47.72165568], [107.26771004, 47.7216402], [107.26769624, 47.721626], [107.26767931, 47.72161344], [107.26765967, 47.72160282], [107.26763781, 47.72159442], [107.26761427, 47.72158843], [107.26758963, 47.72158501], [107.26756449, 47.72158423], [107.26754414, 47.72158469], [107.26749276, 47.72158584], [107.26746949, 47.72158751], [107.26744684, 47.72159146], [107.26742528, 47.7215976], [107.26740528, 47.72160579], [107.26738523, 47.72161721], [107.26736821, 47.72163068], [107.26735469, 47.72164585], [107.26734503, 47.72166231], [107.26733948, 47.72167961], [107.2673382, 47.72169729], [107.2673416, 47.72176643], [107.26760613, 47.72176121], [107.26763404, 47.72240401], [107.26711463, 47.72241428], [107.267085, 47.72171584], [107.26647145, 47.72172529], [107.26645379, 47.72133626], [107.26731961, 47.72131915], [107.26732428, 47.72141412], [107.26732763, 47.7214328], [107.26733573, 47.7214508], [107.26734835, 47.72146758], [107.26736509, 47.72148262], [107.26738545, 47.72149548], [107.2674088, 47.72150575], [107.26743445, 47.72151313], [107.2674616, 47.7215174], [107.26748944, 47.72151842], [107.26754122, 47.72151726], [107.2675628, 47.72151677], [107.26759041, 47.72151452], [107.26761703, 47.72150908], [107.26764185, 47.72150061], [107.26766411, 47.72148936], [107.26768316, 47.72147568], [107.2676984, 47.72145998], [107.26770938, 47.72144274], [107.26771578, 47.72142448], [107.26771738, 47.72140574], [107.26769949, 47.72099373], [107.26765561, 47.71998316], [107.26765272, 47.71996563], [107.26764563, 47.71994865], [107.26763454, 47.71993268], [107.26761974, 47.71991814], [107.26760163, 47.71990543], [107.26758069, 47.71989487], [107.26755748, 47.71988675], [107.26753263, 47.7198813], [107.26750679, 47.71987864], [107.26748065, 47.71987887], [107.26746347, 47.71987921], [107.2674466, 47.71988142], [107.26743047, 47.71988542], [107.2674155, 47.71989113], [107.26740209, 47.71989838], [107.26739009, 47.71990742], [107.26738052, 47.71991768], [107.26737364, 47.71992889], [107.26736964, 47.71994072], [107.26736865, 47.71995284], [107.2673742, 47.72008057], [107.26564349, 47.72011477], [107.26562001, 47.7195941], [107.26596109, 47.71958736], [107.26597359, 47.71958644], [107.26598573, 47.71958422], [107.2659972, 47.71958073], [107.26600772, 47.71957608], [107.26601703, 47.71957037], [107.26602489, 47.71956374], [107.26603112, 47.71955637], [107.26603556, 47.71954843], [107.2660381, 47.71954011], [107.26603867, 47.71953163], [107.26699766, 47.71951148], [107.26699891, 47.71951992], [107.2670021, 47.71952813], [107.26700716, 47.71953589], [107.26701397, 47.71954303], [107.26702235, 47.71954936], [107.26703209, 47.71955472], [107.26704296, 47.71955899], [107.26705469, 47.71956205], [107.26706698, 47.71956384], [107.26707954, 47.7195643], [107.26735159, 47.71955988], [107.26735554, 47.71965072], [107.26735948, 47.71974156], [107.26736144, 47.71975335], [107.26736625, 47.71976476], [107.26737377, 47.71977548], [107.2673838, 47.71978523], [107.26739606, 47.71979373], [107.26741023, 47.71980075], [107.26742591, 47.71980611], [107.26744269, 47.71980965], [107.2674601, 47.71981129], [107.26747767, 47.71981098], [107.26750379, 47.71981017], [107.26752936, 47.71980651], [107.2675537, 47.71980008], [107.26757617, 47.71979106], [107.26759616, 47.71977969], [107.26761314, 47.71976628], [107.26762665, 47.71975118], [107.26763634, 47.7197348], [107.26764195, 47.71971757], [107.26764332, 47.71969995], [107.26764092, 47.71964508], [107.26763333, 47.71959951], [107.26761628, 47.71955511], [107.26759012, 47.71951279], [107.26755535, 47.71947338], [107.26751269, 47.71943769], [107.26746298, 47.71940642], [107.26740722, 47.7193802], [107.26734653, 47.71935956], [107.26728214, 47.71934492], [107.26721532, 47.71933656], [107.26714742, 47.71933465], [107.26504123, 47.71937626], [107.26310353, 47.71941451], [107.26303739, 47.71941892], [107.26297279, 47.71942946], [107.26291097, 47.71944592], [107.26285311, 47.71946799], [107.26280032, 47.71949524], [107.26275362, 47.71952715], [107.2627139, 47.71956311], [107.26268192, 47.71960242], [107.2626583, 47.71964434], [107.262645, 47.71968197], [107.26263844, 47.71972039], [107.26263872, 47.71975907], [107.26263965, 47.71977305], [107.26264414, 47.71978671], [107.26265204, 47.71979965], [107.26266313, 47.71981147], [107.26267708, 47.71982183], [107.26269346, 47.71983042], [107.26271178, 47.71983697], [107.26273151, 47.7198413], [107.26275204, 47.71984326], [107.26277277, 47.71984281], [107.26278421, 47.71984285], [107.26279388, 47.71984183], [107.26280323, 47.71983987], [107.26281205, 47.719837], [107.26282015, 47.71983329], [107.26282735, 47.71982882], [107.26283352, 47.71982369], [107.26283882, 47.71981756], [107.26284263, 47.71981093], [107.26284484, 47.71980399], [107.26284541, 47.7197969], [107.26283687, 47.71956757], [107.26456866, 47.71953818], [107.26459046, 47.72012677], [107.2628599, 47.72016091], [107.26285113, 47.71995842], [107.26285107, 47.71995183], [107.26284959, 47.7199453], [107.2628467, 47.719939], [107.26284248, 47.71993305], [107.26283702, 47.71992758], [107.26282907, 47.71992186], [107.26281977, 47.71991717], [107.2628094, 47.71991363], [107.26279828, 47.71991136], [107.26278675, 47.71991043], [107.26277515, 47.71991087], [107.26275532, 47.71991123], [107.26273585, 47.7199138], [107.26271728, 47.71991849], [107.2627001, 47.71992519], [107.2626848, 47.71993371], [107.26267178, 47.71994381], [107.26266141, 47.71995522], [107.26265397, 47.71996763], [107.26264966, 47.71998069], [107.2626486, 47.71999406], [107.26265811, 47.72021368], [107.2627104, 47.72034765], [107.2627217, 47.72061738], [107.26268139, 47.72075091], [107.26277676, 47.72295218], [107.26278098, 47.72298138], [107.26279103, 47.72300993], [107.26280672, 47.72303729], [107.26283331, 47.72306856], [107.26286723, 47.7230964], [107.26290756, 47.72312005], [107.26295315, 47.72313884], [107.26300274, 47.72315225], [107.26305494, 47.72315991], [107.26310831, 47.72316159], [107.26359364, 47.72314953], [107.26360698, 47.72314844], [107.26361986, 47.72314585], [107.26363191, 47.72314185], [107.26364281, 47.72313654], [107.26365223, 47.72313007], [107.26365978, 47.72312279], [107.26366545, 47.72311478], [107.2636691, 47.72310624], [107.26367063, 47.72309742], [107.26366999, 47.72308854], [107.2636672, 47.72307986], [107.26366233, 47.72307161], [107.26365553, 47.723064], [107.26454215, 47.72269757], [107.26471564, 47.72288961], [107.26382922, 47.72325595], [107.26379982, 47.72322341], [107.26379682, 47.7232206], [107.26379322, 47.72321814], [107.2637891, 47.72321608], [107.26378456, 47.72321447], [107.26377971, 47.72321335], [107.26377466, 47.72321274], [107.26376953, 47.72321266], [107.26376445, 47.72321312], [107.26374679, 47.7232134], [107.26372944, 47.72321564], [107.26371287, 47.72321979], [107.26369755, 47.72322573], [107.26368389, 47.72323329], [107.26367227, 47.72324226], [107.26366301, 47.72325241], [107.26365635, 47.72326346], [107.26365249, 47.72327509], [107.26365153, 47.72328699], [107.26369132, 47.72423199], [107.26369311, 47.72424322], [107.26369748, 47.72425413], [107.26370433, 47.72426443], [107.26371348, 47.72427389], [107.26372471, 47.72428227], [107.26373775, 47.72428935], [107.26375227, 47.72429498], [107.26376791, 47.724299], [107.26378429, 47.72430131], [107.26380101, 47.72430187], [107.26381492, 47.72430103], [107.26383044, 47.72429859], [107.26384525, 47.72429462], [107.26385903, 47.72428921], [107.26387147, 47.72428249], [107.26388361, 47.72427344], [107.26389332, 47.72426315], [107.26390033, 47.72425191], [107.26390444, 47.72424003], [107.26390553, 47.72422785], [107.26389993, 47.724097], [107.26670122, 47.72404154], [107.26672244, 47.72453691], [107.26392109, 47.7245915], [107.26391457, 47.72443913], [107.2639127, 47.72442763], [107.26390812, 47.72441648], [107.26390095, 47.72440597], [107.26389138, 47.72439637], [107.26387965, 47.72438793], [107.26386606, 47.72438086], [107.26385098, 47.72437536], [107.26383478, 47.72437156], [107.26381789, 47.72436956], [107.26380019, 47.72436919], [107.26378266, 47.72437085], [107.26376579, 47.72437448], [107.26375007, 47.72437998], [107.26373596, 47.72438719], [107.26372385, 47.72439591], [107.2637141, 47.72440588], [107.26370698, 47.72441682], [107.2637027, 47.72442841], [107.26370139, 47.72444032], [107.2637262, 47.7250295], [107.26374089, 47.72537821], [107.26374256, 47.72538874], [107.26374666, 47.72539896], [107.26375308, 47.72540863], [107.26376166, 47.7254175], [107.2637722, 47.72542535], [107.26378442, 47.72543199], [107.26379804, 47.72543726], [107.26381271, 47.72544103], [107.26382807, 47.7254432], [107.26384375, 47.72544372], [107.26385784, 47.72544344], [107.26387384, 47.72544225], [107.26388934, 47.72543935], [107.26390351, 47.72543497], [107.2639165, 47.72542916], [107.26392799, 47.72542206], [107.2639377, 47.72541384], [107.2639454, 47.7254047], [107.26395091, 47.72539486], [107.26395409, 47.72538457], [107.26395485, 47.72537407], [107.2639514, 47.72529275], [107.2667518, 47.72523735], [107.26677068, 47.72567877], [107.26397022, 47.72573331], [107.26396351, 47.72557636], [107.26396184, 47.72556591], [107.2639578, 47.72555576], [107.26395146, 47.72554616], [107.263943, 47.72553734], [107.2639326, 47.72552951], [107.26392053, 47.72552287], [107.26390708, 47.72551757], [107.26389257, 47.72551375], [107.26387678, 47.72551144], [107.26386065, 47.72551088], [107.26384725, 47.72551114], [107.26382994, 47.72551251], [107.26381324, 47.72551588], [107.26379767, 47.72552116], [107.26378369, 47.72552818], [107.26377174, 47.72553674], [107.26376216, 47.72554656], [107.26375526, 47.72555736], [107.26375124, 47.7255688], [107.26375023, 47.72558054], [107.26379096, 47.72652008], [107.26379299, 47.72653176], [107.26379799, 47.72654303], [107.26380581, 47.72655353], [107.26381622, 47.72656297], [107.2638289, 47.72657103], [107.26384346, 47.72657749], [107.26385947, 47.72658215], [107.26387643, 47.72658486], [107.26389382, 47.72658554], [107.26390697, 47.72658528], [107.26392316, 47.72658407], [107.26393884, 47.72658109], [107.26395294, 47.72657669], [107.26396586, 47.72657087], [107.26397729, 47.72656377], [107.26398694, 47.72655557], [107.2639946, 47.72654645], [107.26400007, 47.72653664], [107.26400323, 47.72652637], [107.26400399, 47.72651591], [107.26400054, 47.72643456], [107.26680103, 47.72637915], [107.26681991, 47.72682058], [107.26401958, 47.72687512], [107.26401687, 47.72681257], [107.26401294, 47.72678775], [107.2640034, 47.72676363], [107.26398848, 47.72674079], [107.26396854, 47.72671977], [107.26394404, 47.72670107], [107.2639145, 47.72668461], [107.26388144, 47.72667154], [107.26384573, 47.72666218], [107.26380826, 47.72665678], [107.26377, 47.72665547], [107.26325774, 47.72666558], [107.26320235, 47.72666996], [107.26314892, 47.72668075], [107.26309909, 47.72669764], [107.26305436, 47.72672012], [107.2630161, 47.72674749], [107.26298546, 47.72677893], [107.26296338, 47.72681349]], [[107.26346231, 47.72430687], [107.26348901, 47.72430148], [107.26351392, 47.72429304], [107.26353628, 47.72428181], [107.26355542, 47.72426814], [107.26357075, 47.72425243], [107.2635818, 47.72423517], [107.26358824, 47.72421687], [107.26358988, 47.7241981], [107.2635532, 47.72332695], [107.26355049, 47.72331003], [107.26354388, 47.72329359], [107.26353351, 47.72327807], [107.26351966, 47.72326384], [107.26350266, 47.72325125], [107.26348294, 47.72324063], [107.26346099, 47.72323223], [107.26343736, 47.72322626], [107.26341263, 47.72322288], [107.26338741, 47.72322216], [107.26310638, 47.72322915], [107.26305131, 47.72323377], [107.26299825, 47.72324474], [107.26294879, 47.72326173], [107.26290444, 47.72328424], [107.26286651, 47.72331157], [107.26283616, 47.72334292], [107.26281429, 47.72337734], [107.26280157, 47.72341379], [107.26279838, 47.72345118], [107.26282671, 47.72410504], [107.26283167, 47.72413713], [107.26284367, 47.72416836], [107.26286242, 47.72419803], [107.26288753, 47.72422548], [107.26291841, 47.72425011], [107.26295439, 47.72427135], [107.26299995, 47.72429062], [107.26304965, 47.72430447], [107.26310208, 47.72431251], [107.26315577, 47.72431451], [107.26343463, 47.72430905], [107.26346231, 47.72430687]], [[107.26360256, 47.72448117], [107.26359932, 47.72446249], [107.26359132, 47.72444446], [107.2635788, 47.72442765], [107.26356215, 47.72441256], [107.26354186, 47.72439966], [107.26351856, 47.72438932], [107.26349296, 47.72438187], [107.26346583, 47.72437753], [107.26343799, 47.72437644], [107.26315867, 47.72438195], [107.2631033, 47.72438634], [107.26304989, 47.72439714], [107.26300007, 47.72441404], [107.26295536, 47.72443651], [107.26291711, 47.72446388], [107.26288648, 47.72449532], [107.26286441, 47.72452987], [107.26285156, 47.72456648], [107.26284833, 47.72460404], [107.26290252, 47.72584925], [107.26295481, 47.72598325], [107.26296612, 47.72625295], [107.26292513, 47.7263887], [107.26293176, 47.72642607], [107.26294788, 47.7264621], [107.26297301, 47.72649571], [107.26300638, 47.72652587], [107.263047, 47.72655167], [107.26309362, 47.72657234], [107.26314485, 47.72658724], [107.26319913, 47.72659594], [107.26325481, 47.72659815], [107.26353405, 47.72659264], [107.26356175, 47.72659045], [107.26358846, 47.72658506], [107.26361337, 47.72657661], [107.26363574, 47.72656537], [107.26365487, 47.72655169], [107.26367019, 47.72653597], [107.26368123, 47.72651869], [107.26368766, 47.72650038], [107.26368927, 47.7264816], [107.26360256, 47.72448117]]]}, "geometry_name": "geom", "properties": {"guid": 3248869, "id": 3248869, "object_no": null, "object_name": "Төлөвлөлтийн зам", "layer_type_id": 975, "valid_to": null, "address_no": null, "border_type": "solid", "border_width": 1, "border_color": "#bcbcbc", "border_opacity": 1, "border_wellknown": "shape://horizline", "fill_type": "color", "fill_color": "#bcbcbc", "fill_opacity": 0.36, "fill_wellknown": null, "fill_shape_color": null, "fill_shape_width": null, "fill_shape_size": null, "fill_img_url": null, "marker_img_url": null}},{"type": "Feature", "id": "layer_data_map.fid--27e80436_1a098c1eed1_-571c", "geometry": {"type": "Polygon", "coordinates": [[[108.32800875, 47.70963745], [108.32795415, 47.70966077], [108.32790734, 47.70968076], [108.32786698, 47.70963771], [108.32314154, 47.70496488], [108.32312397, 47.70495039], [108.32310295, 47.70493816], [108.32307912, 47.70492858], [108.3230532, 47.70492192], [108.32302595, 47.70491838], [108.32299822, 47.70491808], [108.32297082, 47.70492102], [108.32294459, 47.70492711], [108.32292031, 47.70493618], [108.322107, 47.70530544], [108.31949808, 47.70268711], [108.31946121, 47.70264371], [108.31943387, 47.70259721], [108.31941661, 47.70254856], [108.31940978, 47.70249875], [108.31941352, 47.70244878], [108.31942776, 47.70239968], [108.3194522, 47.70235245], [108.31948636, 47.70230805], [108.31952952, 47.70226739], [108.31958082, 47.70223128], [108.31963921, 47.70220047], [108.3246571, 47.6999221], [108.32472138, 47.69989721], [108.32479026, 47.69987875], [108.32486233, 47.69986709], [108.32493613, 47.69986248], [108.32501014, 47.699865], [108.32508287, 47.69987461], [108.32515284, 47.69989111], [108.32521861, 47.69991416], [108.32527885, 47.69994329], [108.32533234, 47.69997792], [108.32537799, 47.70001733], [108.32933485, 47.70398789], [108.32903647, 47.70412339], [108.32901682, 47.70413392], [108.32899985, 47.70414638], [108.32898598, 47.70416049], [108.32897556, 47.70417589], [108.32896882, 47.7041922], [108.32896595, 47.70420901], [108.32896702, 47.70422593], [108.32897199, 47.70424252], [108.32898074, 47.70425839], [108.32899307, 47.70427313], [108.32927559, 47.7045566], [108.32767312, 47.70528428], [108.3273906, 47.70500081], [108.3273731, 47.70498618], [108.32735209, 47.70497382], [108.32732823, 47.70496412], [108.32730223, 47.70495736], [108.32727489, 47.70495374], [108.32724703, 47.70495339], [108.32721951, 47.70495631], [108.32719315, 47.70496241], [108.32716877, 47.70497151], [108.32688142, 47.70510199], [108.32686178, 47.70511251], [108.32684481, 47.70512498], [108.32683094, 47.70513908], [108.32682051, 47.70515448], [108.32681378, 47.70517079], [108.32681091, 47.70518761], [108.32681197, 47.70520452], [108.32681694, 47.70522112], [108.32682569, 47.70523698], [108.32683802, 47.70525173], [108.3301687, 47.70859349], [108.32803167, 47.70956385], [108.32802102, 47.70956964], [108.32801198, 47.70957658], [108.32800482, 47.70958445], [108.32799977, 47.70959303], [108.32799695, 47.70960207], [108.32799646, 47.7096113], [108.32799831, 47.70962045], [108.32800245, 47.70962925], [108.32800875, 47.70963745]], [[108.32464665, 47.70611671], [108.32462692, 47.70612728], [108.3246099, 47.70613981], [108.324596, 47.70615399], [108.32458558, 47.70616947], [108.32457889, 47.70618586], [108.3245761, 47.70620276], [108.32457728, 47.70621974], [108.3245824, 47.70623639], [108.32459132, 47.70625229], [108.32460384, 47.70626705], [108.32785485, 47.70948204], [108.32786363, 47.70948928], [108.32787414, 47.70949539], [108.32788606, 47.70950019], [108.32789902, 47.70950352], [108.32791264, 47.70950529], [108.32792651, 47.70950544], [108.32794021, 47.70950397], [108.32795333, 47.70950092], [108.32796547, 47.70949639], [108.32887496, 47.70908347], [108.32888479, 47.70907821], [108.32889327, 47.70907197], [108.32890021, 47.70906492], [108.32890542, 47.70905722], [108.32890879, 47.70904907], [108.32891023, 47.70904066], [108.32890969, 47.7090322], [108.32890721, 47.7090239], [108.32890283, 47.70901597], [108.32889667, 47.7090086], [108.32864386, 47.70875496], [108.32963858, 47.70830324], [108.32964941, 47.70829733], [108.32965857, 47.70829024], [108.32966576, 47.70828219], [108.32967076, 47.70827341], [108.32967344, 47.70826419], [108.3296737, 47.70825478], [108.32967154, 47.70824549], [108.32966702, 47.7082366], [108.32966028, 47.70822837], [108.32673855, 47.70529689], [108.32672105, 47.70528226], [108.32670004, 47.70526991], [108.32667618, 47.7052602], [108.32665018, 47.70525344], [108.32662284, 47.70524983], [108.32659498, 47.70524947], [108.32656746, 47.70525239], [108.3265411, 47.70525849], [108.32651672, 47.70526759], [108.32464665, 47.70611671]], [[108.32975317, 47.70838516], [108.32973999, 47.70838821], [108.3297278, 47.70839276], [108.32989138, 47.70855687], [108.32897403, 47.70897347], [108.32898279, 47.70898078], [108.32899329, 47.70898696], [108.32900522, 47.70899181], [108.32901822, 47.70899519], [108.3290319, 47.708997], [108.32904583, 47.70899717], [108.32905959, 47.70899571], [108.32907277, 47.70899266], [108.32908496, 47.70898811], [108.329936, 47.70860163], [108.32994683, 47.70859572], [108.32995599, 47.70858863], [108.32996317, 47.70858058], [108.32996818, 47.7085718], [108.32997086, 47.70856257], [108.32997112, 47.70855317], [108.32996895, 47.70854388], [108.32996443, 47.70853499], [108.32995769, 47.70852676], [108.32983873, 47.7084074], [108.32982997, 47.70840009], [108.32981947, 47.70839391], [108.32980754, 47.70838906], [108.32979454, 47.70838568], [108.32978086, 47.70838387], [108.32976694, 47.7083837], [108.32975317, 47.70838516]], [[108.32452677, 47.70606584], [108.32455301, 47.70605975], [108.32457728, 47.70605068], [108.32644981, 47.70520045], [108.32646945, 47.70518993], [108.32648642, 47.70517746], [108.32650029, 47.70516336], [108.32651072, 47.70514796], [108.32651745, 47.70513165], [108.32652032, 47.70511483], [108.32651926, 47.70509792], [108.32651429, 47.70508132], [108.32650554, 47.70506546], [108.32649321, 47.70505071], [108.32539079, 47.70394449], [108.3253752, 47.70393123], [108.32535673, 47.70391977], [108.32533584, 47.70391041], [108.32531303, 47.70390337], [108.32528887, 47.70389883], [108.32526395, 47.70389689], [108.32523889, 47.7038976], [108.32521431, 47.70390096], [108.32519081, 47.70390687], [108.32516896, 47.70391519], [108.32328542, 47.70477041], [108.32326569, 47.70478098], [108.32324867, 47.70479351], [108.32323478, 47.70480769], [108.32322436, 47.70482317], [108.32321767, 47.70483956], [108.32321488, 47.70485646], [108.32321605, 47.70487344], [108.32322117, 47.70489009], [108.32323009, 47.70490599], [108.32324261, 47.70492075], [108.32435605, 47.70602198], [108.32437362, 47.70603647], [108.32439463, 47.7060487], [108.32441846, 47.70605828], [108.32444439, 47.70606494], [108.32447164, 47.70606848], [108.32449937, 47.70606878], [108.32452677, 47.70606584]], [[108.32659268, 47.70500555], [108.32661018, 47.70502018], [108.32663119, 47.70503253], [108.32665505, 47.70504224], [108.32668105, 47.705049], [108.32670839, 47.70505261], [108.32673625, 47.70505296], [108.32676377, 47.70505005], [108.32679013, 47.70504394], [108.32681451, 47.70503485], [108.32903586, 47.70402614], [108.32905753, 47.70401433], [108.32907584, 47.70400015], [108.32909022, 47.70398404], [108.32910023, 47.70396649], [108.32910558, 47.70394803], [108.3291061, 47.70392923], [108.32910178, 47.70391065], [108.32909274, 47.70389286], [108.32907926, 47.7038764], [108.32527853, 47.7000625], [108.32523956, 47.70002934], [108.32519339, 47.70000071], [108.32514115, 47.6999773], [108.32508414, 47.6999597], [108.32502374, 47.69994834], [108.32496146, 47.69994349], [108.32489882, 47.69994529], [108.32483736, 47.69995367], [108.32477861, 47.69996844], [108.324724, 47.69998924], [108.32270165, 47.70090754], [108.32268201, 47.70091806], [108.32266504, 47.70093052], [108.32265117, 47.70094463], [108.32264074, 47.70096003], [108.32263401, 47.70097633], [108.32263114, 47.70099315], [108.3226322, 47.70101007], [108.32263717, 47.70102666], [108.32264592, 47.70104253], [108.32265824, 47.70105727], [108.32659268, 47.70500555]], [[108.32510205, 47.70384805], [108.3251217, 47.70383752], [108.32513867, 47.70382506], [108.32515254, 47.70381095], [108.32516297, 47.70379555], [108.3251697, 47.70377925], [108.32517257, 47.70376243], [108.32517151, 47.70374551], [108.32516654, 47.70372892], [108.32515779, 47.70371305], [108.32514546, 47.70369831], [108.32255878, 47.70110243], [108.32254127, 47.7010878], [108.32252027, 47.70107545], [108.32249641, 47.70106574], [108.32247041, 47.70105898], [108.32244307, 47.70105537], [108.32241522, 47.70105501], [108.3223877, 47.70105793], [108.32236134, 47.70106403], [108.32233696, 47.70107313], [108.31970611, 47.70226761], [108.31965699, 47.70229392], [108.31961457, 47.70232508], [108.31957989, 47.70236035], [108.31955381, 47.70239884], [108.31953698, 47.70243961], [108.3195298, 47.70248165], [108.31953245, 47.70252394], [108.31954487, 47.70256542], [108.31956675, 47.70260509], [108.31959755, 47.70264195], [108.32205036, 47.70510361], [108.32206595, 47.70511687], [108.32208442, 47.70512833], [108.32210532, 47.70513769], [108.32212812, 47.70514473], [108.32215228, 47.70514928], [108.3221772, 47.70515122], [108.32220226, 47.7051505], [108.32222684, 47.70514715], [108.32225035, 47.70514124], [108.32227219, 47.70513292], [108.32510205, 47.70384805]]]}, "geometry_name": "geom", "properties": {"guid": 3248888, "id": 3248888, "object_no": null, "object_name": "Төлөвлөлтийн зам", "layer_type_id": 975, "valid_to": null, "address_no": null, "border_type": "solid", "border_width": 1, "border_color": "#bcbcbc", "border_opacity": 1, "border_wellknown": "shape://horizline", "fill_type": "color", "fill_color": "#bcbcbc", "fill_opacity": 0.36, "fill_wellknown": null, "fill_shape_color": null, "fill_shape_width": null, "fill_shape_size": null, "fill_img_url": null, "marker_img_url": null}},{"type": "Feature", "id": "layer_data_map.fid--27e80436_1a098c1eed1_-571b", "geometry": {"type": "Polygon", "coordinates": [[[108.32800875, 47.70963745], [108.32953692, 47.71126751], [108.32957555, 47.71131402], [108.3296068, 47.711363], [108.32963034, 47.71141389], [108.32964592, 47.71146617], [108.32965337, 47.71151925], [108.3296526, 47.71157257], [108.32955128, 47.71267887], [108.32955186, 47.71269681], [108.32955683, 47.71271444], [108.32956606, 47.71273127], [108.3295793, 47.71274684], [108.32959618, 47.71276071], [108.32961623, 47.71277249], [108.3296389, 47.71278187], [108.32966356, 47.71278859], [108.32968953, 47.71279245], [108.32971609, 47.71279336], [108.3297425, 47.71279128], [108.32976804, 47.71278627], [108.32979199, 47.71277848], [108.33145369, 47.71211762], [108.33146125, 47.71211442], [108.33422823, 47.71086856], [108.33428907, 47.71093843], [108.3342703, 47.71094688], [108.33424928, 47.71095818], [108.33423136, 47.7109717], [108.33421704, 47.71098706], [108.33420674, 47.71100381], [108.33420075, 47.71102149], [108.33419923, 47.7110396], [108.33420222, 47.71105763], [108.33420965, 47.71107506], [108.3342213, 47.71109141], [108.33502837, 47.71201567], [108.33504657, 47.71203317], [108.33506864, 47.71204851], [108.33509402, 47.71206131], [108.33512209, 47.71207123], [108.33515212, 47.71207804], [108.33518337, 47.71208156], [108.33521505, 47.7120817], [108.33524637, 47.71207846], [108.33527653, 47.71207192], [108.33532585, 47.71212853], [108.33530278, 47.71214317], [108.33528343, 47.71216009], [108.33526828, 47.71217886], [108.33525771, 47.71219901], [108.335252, 47.71222004], [108.33525127, 47.71224141], [108.33525557, 47.71226259], [108.33526476, 47.71228304], [108.33527863, 47.71230226], [108.33571151, 47.71279798], [108.33572961, 47.7128154], [108.33575155, 47.71283068], [108.33577678, 47.71284345], [108.33580466, 47.71285338], [108.33583452, 47.71286022], [108.33586559, 47.71286381], [108.33589712, 47.71286406], [108.33592831, 47.71286095], [108.33595839, 47.71285458], [108.33600791, 47.71291144], [108.33598509, 47.71292611], [108.33596598, 47.71294302], [108.33595104, 47.71296175], [108.33594066, 47.71298183], [108.33593508, 47.71300277], [108.33593445, 47.71302403], [108.33593878, 47.7130451], [108.33594797, 47.71306545], [108.33596178, 47.71308456], [108.33639468, 47.71358028], [108.33641266, 47.71359774], [108.33643454, 47.71361305], [108.33645975, 47.7136258], [108.33648765, 47.71363568], [108.33651753, 47.71364244], [108.33654862, 47.71364589], [108.33658013, 47.71364596], [108.33661125, 47.71364263], [108.33664119, 47.713636], [108.33669003, 47.71369434], [108.33666546, 47.71371059], [108.33664539, 47.71372943], [108.3366304, 47.71375032], [108.33662095, 47.71377263], [108.33661731, 47.71379571], [108.33661959, 47.71381887], [108.33662773, 47.71384142], [108.33664148, 47.71386269], [108.33653713, 47.71390285], [108.33653489, 47.71390021], [108.3361669, 47.71347882], [108.3361525, 47.71346495], [108.33613508, 47.71345277], [108.33611504, 47.71344259], [108.33609289, 47.71343464], [108.33606917, 47.71342914], [108.33604446, 47.7134262], [108.33601938, 47.71342591], [108.33599454, 47.71342827], [108.33597055, 47.71343322], [108.33594801, 47.71344065], [108.33484403, 47.71387976], [108.33481619, 47.71389311], [108.33479213, 47.71390948], [108.33477256, 47.71392836], [108.33475803, 47.71394923], [108.33474898, 47.71397146], [108.33474568, 47.7139944], [108.33474821, 47.71401739], [108.33475651, 47.71403975], [108.33477033, 47.71406083], [108.3346906, 47.71409406], [108.33467016, 47.71407542], [108.33464527, 47.71405943], [108.33461669, 47.71404656], [108.33458525, 47.71403719], [108.3345519, 47.71403161], [108.33451762, 47.71402997], [108.33448344, 47.71403233], [108.33445037, 47.71403862], [108.33441938, 47.71404865], [108.33237289, 47.71486258], [108.33234475, 47.71487617], [108.33232048, 47.71489281], [108.3323008, 47.71491202], [108.3322863, 47.71493322], [108.33227741, 47.71495579], [108.33227439, 47.71497905], [108.33227733, 47.71500232], [108.33228615, 47.7150249], [108.33230058, 47.71504612], [108.33221966, 47.71507726], [108.33219928, 47.71505854], [108.33217443, 47.71504246], [108.33214584, 47.71502951], [108.33211438, 47.71502008], [108.33208099, 47.71501445], [108.33204665, 47.71501278], [108.3320124, 47.71501513], [108.33197927, 47.71502142], [108.33194823, 47.71503148], [108.33065443, 47.71554601], [108.33063175, 47.71555691], [108.33061221, 47.71557031], [108.33059642, 47.7155858], [108.33058486, 47.7156029], [108.33057786, 47.71562109], [108.33057566, 47.71563983], [108.33057831, 47.71565854], [108.33058573, 47.71567666], [108.33059769, 47.71569363], [108.33260637, 47.71799403], [108.3325014, 47.71803382], [108.32994968, 47.71511236], [108.32956961, 47.71460722], [108.32951337, 47.7145318], [108.32947824, 47.71447531], [108.32943123, 47.71439259], [108.3293919, 47.71430807], [108.3293604, 47.71422206], [108.32933686, 47.7141349], [108.32932136, 47.71404693], [108.32931397, 47.71395847], [108.32953294, 47.71156758], [108.32953288, 47.71151371], [108.32952288, 47.71146026], [108.32950309, 47.71140807], [108.32947382, 47.71135795], [108.32943553, 47.71131068], [108.32790734, 47.70968076], [108.32795415, 47.70966077], [108.32800875, 47.70963745]], [[108.33129043, 47.71228402], [108.33126358, 47.71228905], [108.33123843, 47.71229715], [108.32959695, 47.71294996], [108.32957571, 47.71296006], [108.32955717, 47.71297236], [108.32954183, 47.71298652], [108.32953009, 47.71300217], [108.32952226, 47.71301889], [108.32951855, 47.71303626], [108.32943396, 47.71395989], [108.32944118, 47.71404275], [108.32945593, 47.71412515], [108.32947817, 47.71420679], [108.32950781, 47.71428734], [108.32954473, 47.71436651], [108.3295888, 47.714444], [108.32962233, 47.71449792], [108.32967661, 47.71457072], [108.33005486, 47.71507343], [108.33032012, 47.71537642], [108.33033632, 47.7153917], [108.3303562, 47.71540486], [108.33037915, 47.71541549], [108.3304045, 47.71542328], [108.33043146, 47.71542798], [108.33045921, 47.71542945], [108.33048693, 47.71542765], [108.33051376, 47.71542263], [108.3305389, 47.71541455], [108.33089197, 47.71527414], [108.33091765, 47.715262], [108.3309402, 47.71524729], [108.33095907, 47.71523039], [108.33097379, 47.7152117], [108.33098399, 47.71519169], [108.33098943, 47.71517085], [108.33098997, 47.71514969], [108.3309856, 47.71512874], [108.33097643, 47.7151085], [108.33096268, 47.71508948], [108.33104302, 47.71505753], [108.33106101, 47.71507486], [108.3310828, 47.71509008], [108.33110784, 47.71510281], [108.33113553, 47.71511275], [108.33116518, 47.71511963], [108.33119607, 47.7151233], [108.33122742, 47.71512367], [108.33125847, 47.71512072], [108.33128846, 47.71511453], [108.33131664, 47.71510525], [108.33183325, 47.7148998], [108.33185893, 47.71488765], [108.33188148, 47.71487295], [108.33190035, 47.71485605], [108.33191507, 47.71483736], [108.33192527, 47.71481735], [108.33193071, 47.71479651], [108.33193125, 47.71477535], [108.33192688, 47.71475439], [108.33191771, 47.71473416], [108.33190395, 47.71471514], [108.3319843, 47.71468319], [108.33200229, 47.71470052], [108.33202408, 47.71471574], [108.33204912, 47.71472847], [108.33207681, 47.7147384], [108.33210646, 47.71474529], [108.33213734, 47.71474896], [108.3321687, 47.71474933], [108.33219975, 47.71474638], [108.33222973, 47.71474019], [108.33225791, 47.71473091], [108.33307854, 47.71440453], [108.33309909, 47.71439482], [108.33311713, 47.71438306], [108.33313222, 47.71436953], [108.33314399, 47.71435458], [108.33315216, 47.71433858], [108.33315651, 47.7143219], [108.33315694, 47.71430498], [108.33315344, 47.71428821], [108.3331461, 47.71427202], [108.3331351, 47.71425681], [108.33145731, 47.71233533], [108.33144113, 47.71232002], [108.33142125, 47.71230684], [108.33139828, 47.71229619], [108.33137292, 47.71228839], [108.33134594, 47.71228369], [108.33131816, 47.71228222], [108.33129043, 47.71228402]], [[108.33057843, 47.71547708], [108.33057671, 47.71547789], [108.33057521, 47.71547887], [108.33057395, 47.71548], [108.33057296, 47.71548125], [108.33057228, 47.71548258], [108.33057192, 47.71548397], [108.33057188, 47.71548539], [108.33057218, 47.71548679], [108.33057279, 47.71548814], [108.33057371, 47.7154894], [108.33057506, 47.71549068], [108.33057671, 47.71549177], [108.33057863, 47.71549266], [108.33058074, 47.71549331], [108.33058298, 47.7154937], [108.33058529, 47.71549382], [108.3305876, 47.71549367], [108.33058984, 47.71549326], [108.33059193, 47.71549258], [108.33313131, 47.71448269], [108.33313303, 47.71448188], [108.33313454, 47.7144809], [108.3331358, 47.71447978], [108.33313678, 47.71447853], [108.33313746, 47.71447719], [108.33313782, 47.7144758], [108.33313786, 47.71447439], [108.33313757, 47.71447299], [108.33313695, 47.71447164], [108.33313603, 47.71447037], [108.33313468, 47.7144691], [108.33313303, 47.714468], [108.33313112, 47.71446712], [108.333129, 47.71446647], [108.33312676, 47.71446608], [108.33312445, 47.71446595], [108.33312214, 47.7144661], [108.3331199, 47.71446652], [108.33311781, 47.71446719], [108.33057843, 47.71547708]], [[108.3335195, 47.71430741], [108.33351778, 47.71430822], [108.33351628, 47.7143092], [108.33351502, 47.71431033], [108.33351403, 47.71431158], [108.33351335, 47.71431291], [108.33351299, 47.71431431], [108.33351295, 47.71431572], [108.33351325, 47.71431712], [108.33351386, 47.71431847], [108.33351478, 47.71431974], [108.33351613, 47.71432101], [108.33351779, 47.71432211], [108.3335197, 47.71432299], [108.33352181, 47.71432364], [108.33352405, 47.71432403], [108.33352637, 47.71432415], [108.33352868, 47.714324], [108.33353091, 47.71432359], [108.333533, 47.71432291], [108.33591164, 47.71337685], [108.33591335, 47.71337604], [108.33591486, 47.71337506], [108.33591612, 47.71337393], [108.3359171, 47.71337268], [108.33591778, 47.71337134], [108.33591814, 47.71336995], [108.33591818, 47.71336854], [108.33591789, 47.71336714], [108.33591727, 47.71336579], [108.33591635, 47.71336452], [108.335915, 47.71336325], [108.33591335, 47.71336215], [108.33591144, 47.71336127], [108.33590933, 47.71336062], [108.33590708, 47.71336023], [108.33590477, 47.71336011], [108.33590246, 47.71336026], [108.33590022, 47.71336067], [108.33589813, 47.71336135], [108.3335195, 47.71430741]], [[108.33340529, 47.71426703], [108.33343214, 47.714262], [108.33345729, 47.7142539], [108.33583302, 47.71330897], [108.3358557, 47.71329805], [108.33587523, 47.71328463], [108.33589101, 47.71326913], [108.33590256, 47.71325202], [108.33590953, 47.71323381], [108.33591171, 47.71321506], [108.33590903, 47.71319634], [108.33590158, 47.71317822], [108.33588957, 47.71316125], [108.33413048, 47.71114677], [108.33411552, 47.71113244], [108.33409732, 47.71111994], [108.33407636, 47.71110959], [108.33405319, 47.71110167], [108.33402842, 47.71109638], [108.33400272, 47.71109387], [108.33397675, 47.7110942], [108.3339512, 47.71109737], [108.33392676, 47.71110329], [108.33390405, 47.7111118], [108.33160658, 47.71214625], [108.33158555, 47.71215755], [108.33156763, 47.71217107], [108.33155331, 47.71218642], [108.33154301, 47.71220318], [108.33153702, 47.71222086], [108.3315355, 47.71223897], [108.33153849, 47.712257], [108.33154592, 47.71227443], [108.33155757, 47.71229078], [108.33192224, 47.71270843], [108.33193843, 47.71272374], [108.3319583, 47.71273692], [108.33198127, 47.71274756], [108.33200663, 47.71275536], [108.33203361, 47.71276007], [108.33206139, 47.71276154], [108.33208913, 47.71275973], [108.33211598, 47.7127547], [108.33214112, 47.7127466], [108.3321591, 47.71273945], [108.33220268, 47.71279517], [108.33218847, 47.71280082], [108.33216579, 47.71281175], [108.33214626, 47.71282516], [108.33213048, 47.71284066], [108.33211893, 47.71285778], [108.33211196, 47.71287599], [108.33210978, 47.71289474], [108.33211245, 47.71291345], [108.3321199, 47.71293158], [108.33213191, 47.71294855], [108.33279473, 47.71370764], [108.33281069, 47.71372276], [108.33283025, 47.71373582], [108.33285284, 47.71374642], [108.33287779, 47.71375424], [108.33290435, 47.71375907], [108.33293176, 47.71376075], [108.33295918, 47.71375923], [108.33298581, 47.71375456], [108.33301085, 47.71374688], [108.33305835, 47.71380109], [108.33303623, 47.71381215], [108.33301726, 47.71382561], [108.33300198, 47.71384107], [108.33299087, 47.71385807], [108.33298423, 47.7138761], [108.33298228, 47.71389463], [108.33298507, 47.71391311], [108.33299252, 47.713931], [108.3330044, 47.71394775], [108.3332384, 47.71421573], [108.33325458, 47.71423103], [108.33327446, 47.71424421], [108.33329743, 47.71425486], [108.33332279, 47.71426266], [108.33334977, 47.71426736], [108.33337755, 47.71426883], [108.33340529, 47.71426703]]]}, "geometry_name": "geom", "properties": {"guid": 3248889, "id": 3248889, "object_no": null, "object_name": "Төлөвлөлтийн зам", "layer_type_id": 975, "valid_to": null, "address_no": null, "border_type": "solid", "border_width": 1, "border_color": "#bcbcbc", "border_opacity": 1, "border_wellknown": "shape://horizline", "fill_type": "color", "fill_color": "#bcbcbc", "fill_opacity": 0.36, "fill_wellknown": null, "fill_shape_color": null, "fill_shape_width": null, "fill_shape_size": null, "fill_img_url": null, "marker_img_url": null}},{"type": "Feature", "id": "layer_data_map.fid--27e80436_1a098c1eed1_-571a", "geometry": {"type": "Polygon", "coordinates": [[[108.36578502, 47.7651085], [108.36575581, 47.76512124], [108.36573032, 47.76513719], [108.36570931, 47.76515588], [108.36569342, 47.76517674], [108.36568313, 47.76519914], [108.36567875, 47.76522241], [108.36568042, 47.76524583], [108.36568808, 47.76526871], [108.3657015, 47.76529034], [108.36722566, 47.76724884], [108.36706473, 47.76724524], [108.36281061, 47.76177836], [108.36282005, 47.7615873], [108.36547227, 47.76499577], [108.36548903, 47.76501372], [108.36550976, 47.76502968], [108.36553395, 47.76504325], [108.36556099, 47.76505409], [108.36559022, 47.76506194], [108.36562091, 47.7650666], [108.36565231, 47.76506796], [108.36568364, 47.76506598], [108.36571411, 47.76506072], [108.36574299, 47.7650523], [108.36683704, 47.7646617], [108.36686482, 47.76464971], [108.3668893, 47.76463481], [108.36690981, 47.76461739], [108.36692579, 47.76459794], [108.36693682, 47.76457698], [108.36758043, 47.76293493], [108.36758332, 47.7629245], [108.3675839, 47.7629139], [108.36758216, 47.76290335], [108.36757814, 47.7628931], [108.36757192, 47.76288335], [108.36733748, 47.76257967], [108.3677278, 47.76244268], [108.36778936, 47.76252243], [108.36779823, 47.762532], [108.36780921, 47.76254052], [108.36782204, 47.76254778], [108.36783638, 47.76255359], [108.3678519, 47.76255782], [108.36786821, 47.76256036], [108.36788491, 47.76256114], [108.36790159, 47.76256016], [108.36791783, 47.76255743], [108.36793324, 47.76255302], [108.36844314, 47.76237406], [108.36845883, 47.76236732], [108.36847253, 47.76235886], [108.36848385, 47.76234891], [108.36849244, 47.76233779], [108.36849803, 47.76232583], [108.36850046, 47.7623134], [108.36849965, 47.76230088], [108.36849563, 47.76228864], [108.36848851, 47.76227705], [108.36846388, 47.76224515], [108.3697649, 47.76178852], [108.37141666, 47.7639279], [108.3714333, 47.76394585], [108.37145389, 47.76396182], [108.37147793, 47.76397542], [108.37150484, 47.76398632], [108.37153394, 47.76399424], [108.37156452, 47.763999], [108.37159583, 47.76400048], [108.3716271, 47.76399863], [108.37165756, 47.76399351], [108.37168645, 47.76398524], [108.37192381, 47.76390192], [108.37195052, 47.76389066], [108.37197428, 47.76387671], [108.37199449, 47.76386042], [108.37201066, 47.76384219], [108.37202238, 47.76382247], [108.37202937, 47.76380176], [108.37203144, 47.76378057], [108.37202856, 47.76375942], [108.37202079, 47.76373884], [108.37200832, 47.76371933], [108.36931436, 47.76027919], [108.36942179, 47.76028159], [108.37389022, 47.7659874], [108.37388398, 47.76611421], [108.37223869, 47.7640135], [108.37221987, 47.76399381], [108.37219627, 47.76397662], [108.37216862, 47.76396244], [108.37213776, 47.7639517], [108.37210459, 47.76394473], [108.37207014, 47.76394172], [108.37203544, 47.76394279], [108.37200154, 47.76394788], [108.37196945, 47.76395685], [108.37124464, 47.76421129], [108.37123044, 47.76421727], [108.37121781, 47.76422467], [108.37120705, 47.76423332], [108.37119843, 47.76424299], [108.37119216, 47.76425346], [108.37118839, 47.76426446], [108.37118723, 47.76427571], [108.37118869, 47.76428696], [108.37119274, 47.76429791], [108.37119928, 47.7643083], [108.37122391, 47.76434019], [108.37051426, 47.7645893], [108.37048963, 47.7645574], [108.37047964, 47.76454683], [108.37046707, 47.76453759], [108.37045232, 47.76452996], [108.37043583, 47.76452417], [108.37041809, 47.7645204], [108.37039965, 47.76451876], [108.37038108, 47.76451931], [108.37036292, 47.76452202], [108.37034574, 47.76452682], [108.36899739, 47.76500011], [108.36898319, 47.76500609], [108.36897056, 47.7650135], [108.3689598, 47.76502215], [108.36895118, 47.76503182], [108.36894491, 47.76504228], [108.36894114, 47.76505328], [108.36893997, 47.76506454], [108.36894143, 47.76507578], [108.36894548, 47.76508673], [108.36895202, 47.76509712], [108.36897665, 47.76512902], [108.36827532, 47.76537519], [108.36819527, 47.76527152], [108.36818028, 47.76525566], [108.36816144, 47.76524179], [108.36813931, 47.76523035], [108.36811457, 47.76522166], [108.36808796, 47.76521601], [108.36806031, 47.76521355], [108.36803244, 47.76521438], [108.36800521, 47.76521845], [108.36797944, 47.76522564], [108.3665055, 47.76574297], [108.3660598, 47.76517025], [108.36609523, 47.76515772], [108.36610054, 47.76515546], [108.36610527, 47.76515267], [108.36610929, 47.76514942], [108.3661125, 47.76514579], [108.36611483, 47.76514186], [108.36611623, 47.76513773], [108.36611664, 47.76513351], [108.36611608, 47.76512929], [108.36611454, 47.76512519], [108.36611207, 47.7651213], [108.36608292, 47.76508384], [108.36607398, 47.76507427], [108.36606292, 47.76506576], [108.36605002, 47.76505853], [108.3660356, 47.76505274], [108.36602001, 47.76504856], [108.36600364, 47.76504607], [108.3659869, 47.76504534], [108.36597019, 47.7650464], [108.36595393, 47.76504921], [108.36593853, 47.7650537], [108.36578502, 47.7651085]], [[108.36724698, 47.76416857], [108.36722992, 47.76417301], [108.36721423, 47.76417935], [108.36720038, 47.7641874], [108.36718877, 47.76419693], [108.36717975, 47.76420766], [108.36717358, 47.76421926], [108.36702581, 47.76459627], [108.36700954, 47.76462715], [108.36698594, 47.76465579], [108.36695565, 47.76468141], [108.3669195, 47.76470331], [108.36687848, 47.76472088], [108.36621029, 47.76495726], [108.36619464, 47.76496403], [108.36618097, 47.76497253], [108.3661697, 47.7649825], [108.36616116, 47.76499364], [108.36615563, 47.76500561], [108.36615326, 47.76501804], [108.36615413, 47.76503057], [108.36615822, 47.7650428], [108.36616539, 47.76505436], [108.36619472, 47.76509206], [108.36619849, 47.76509602], [108.36620322, 47.76509947], [108.36620876, 47.76510232], [108.36621496, 47.76510448], [108.36622162, 47.76510588], [108.36622853, 47.76510648], [108.3662355, 47.76510626], [108.3662423, 47.76510523], [108.36624873, 47.76510341], [108.36628416, 47.76509088], [108.36658146, 47.76547319], [108.36654626, 47.76548555], [108.36654093, 47.76548779], [108.36653618, 47.76549058], [108.36653214, 47.76549383], [108.36652891, 47.76549747], [108.36652656, 47.7655014], [108.36652516, 47.76550554], [108.36652473, 47.76550977], [108.36652529, 47.76551399], [108.36652683, 47.7655181], [108.36652931, 47.765522], [108.36656649, 47.76556979], [108.36657651, 47.76558032], [108.36658909, 47.76558952], [108.36660384, 47.76559711], [108.36662031, 47.76560287], [108.36663802, 47.76560661], [108.36665642, 47.76560823], [108.36667496, 47.76560767], [108.36669308, 47.76560496], [108.36671022, 47.76560017], [108.36793634, 47.76516982], [108.36795763, 47.76516085], [108.36797658, 47.76514974], [108.36799272, 47.76513677], [108.36800565, 47.76512226], [108.36801506, 47.76510657], [108.36802071, 47.76509007], [108.36802246, 47.76507318], [108.36802027, 47.76505632], [108.3680142, 47.76503989], [108.36800438, 47.76502431], [108.36737134, 47.76420443], [108.36736153, 47.76419402], [108.36734923, 47.76418489], [108.3673348, 47.76417732], [108.36731867, 47.76417151], [108.3673013, 47.76416765], [108.3672832, 47.76416585], [108.36726492, 47.76416616], [108.36724698, 47.76416857]], [[108.3682599, 47.7649853], [108.36823625, 47.7649936], [108.36823092, 47.76499585], [108.36822619, 47.76499862], [108.36822215, 47.76500187], [108.36821892, 47.76500549], [108.36821657, 47.76500942], [108.36821515, 47.76501354], [108.36821472, 47.76501776], [108.36821526, 47.76502198], [108.36821678, 47.76502609], [108.36821924, 47.76502998], [108.36823155, 47.76504593], [108.36825028, 47.76506576], [108.36827384, 47.76508309], [108.3683015, 47.7650974], [108.36833243, 47.76510825], [108.36836568, 47.76511532], [108.36840025, 47.76511839], [108.36843508, 47.76511736], [108.36846912, 47.76511227], [108.36850133, 47.76510328], [108.36970389, 47.76468117], [108.36971957, 47.76467444], [108.36973328, 47.76466597], [108.3697446, 47.76465602], [108.36975319, 47.7646449], [108.36975878, 47.76463294], [108.36976121, 47.76462051], [108.36976039, 47.76460799], [108.36975637, 47.76459575], [108.36974925, 47.76458417], [108.36970004, 47.76452042], [108.36978283, 47.76449136], [108.36983204, 47.7645551], [108.36984091, 47.76456467], [108.36985189, 47.76457319], [108.36986472, 47.76458044], [108.36987907, 47.76458626], [108.36989459, 47.76459048], [108.3699109, 47.76459302], [108.3699276, 47.76459381], [108.36994428, 47.76459283], [108.36996052, 47.76459009], [108.36997593, 47.76458568], [108.37116604, 47.76416792], [108.37119544, 47.76415529], [108.37122115, 47.76413941], [108.37124237, 47.76412076], [108.37125847, 47.76409991], [108.37126895, 47.76407749], [108.3712735, 47.76405419], [108.37127198, 47.7640307], [108.37126443, 47.76400775], [108.37125109, 47.76398604], [108.37111871, 47.76381458], [108.37110983, 47.76380501], [108.37109885, 47.76379649], [108.37108602, 47.76378923], [108.37107167, 47.76378342], [108.37105615, 47.76377919], [108.37103984, 47.76377666], [108.37102314, 47.76377587], [108.37100646, 47.76377685], [108.37099022, 47.76377959], [108.37097481, 47.763784], [108.36970201, 47.76423092], [108.36968633, 47.76423766], [108.36967262, 47.76424613], [108.36966131, 47.76425607], [108.36965272, 47.76426719], [108.36964713, 47.76427915], [108.36964471, 47.76429158], [108.36964552, 47.7643041], [108.36964954, 47.76431634], [108.36965666, 47.76432792], [108.36970896, 47.76439566], [108.36962616, 47.76442472], [108.3693737, 47.76409772], [108.3694565, 47.76406866], [108.36951505, 47.7641445], [108.36952392, 47.76415407], [108.36953491, 47.76416259], [108.36954773, 47.76416985], [108.36956208, 47.76417566], [108.3695776, 47.76417989], [108.36959392, 47.76418243], [108.36961062, 47.76418321], [108.3696273, 47.76418223], [108.36964354, 47.7641795], [108.36965895, 47.76417508], [108.37093174, 47.76372817], [108.37094742, 47.76372143], [108.37096113, 47.76371296], [108.37097244, 47.76370301], [108.37098103, 47.76369189], [108.37098662, 47.76367993], [108.37098904, 47.76366751], [108.37098823, 47.76365498], [108.3709842, 47.76364274], [108.37097709, 47.76363116], [108.37078615, 47.76338386], [108.37077727, 47.76337428], [108.37076629, 47.76336577], [108.37075347, 47.76335851], [108.37073912, 47.7633527], [108.37072359, 47.76334847], [108.37070728, 47.76334593], [108.37069058, 47.76334515], [108.3706739, 47.76334613], [108.37065766, 47.76334886], [108.37064225, 47.76335328], [108.36936948, 47.76380019], [108.3693538, 47.76380693], [108.36934009, 47.7638154], [108.36932877, 47.76382534], [108.36932019, 47.76383646], [108.3693146, 47.76384842], [108.36931217, 47.76386085], [108.36931299, 47.76387337], [108.36931701, 47.76388561], [108.36932412, 47.76389719], [108.36938262, 47.76397296], [108.36929983, 47.76400202], [108.36905365, 47.76368314], [108.36913644, 47.76365408], [108.36918252, 47.76371377], [108.36919139, 47.76372334], [108.36920238, 47.76373186], [108.3692152, 47.76373911], [108.36922955, 47.76374493], [108.36924507, 47.76374916], [108.36926139, 47.76375169], [108.36927809, 47.76375248], [108.36929476, 47.7637515], [108.36931101, 47.76374876], [108.36932642, 47.76374435], [108.37059919, 47.76329744], [108.37061486, 47.7632907], [108.37062857, 47.76328223], [108.37063989, 47.76327229], [108.37064847, 47.76326117], [108.37065406, 47.76324921], [108.37065648, 47.76323678], [108.37065567, 47.76322426], [108.37065165, 47.76321202], [108.37064453, 47.76320044], [108.37047222, 47.76297726], [108.37046335, 47.76296769], [108.37045237, 47.76295917], [108.37043954, 47.76295192], [108.37042519, 47.7629461], [108.37040967, 47.76294187], [108.37039336, 47.76293934], [108.37037666, 47.76293855], [108.37035998, 47.76293954], [108.37034374, 47.76294227], [108.37032833, 47.76294668], [108.36905557, 47.76339359], [108.36903989, 47.76340032], [108.36902618, 47.76340879], [108.36901487, 47.76341874], [108.36900628, 47.76342986], [108.36900069, 47.76344181], [108.36899827, 47.76345424], [108.36899908, 47.76346677], [108.3690031, 47.763479], [108.36901022, 47.76349059], [108.36906251, 47.7635584], [108.36897971, 47.76358746], [108.36857959, 47.76306908], [108.36866239, 47.76304002], [108.36886862, 47.76330716], [108.36887749, 47.76331674], [108.36888847, 47.76332526], [108.36890129, 47.76333251], [108.36891564, 47.76333832], [108.36893117, 47.76334255], [108.36894748, 47.76334509], [108.36896418, 47.76334588], [108.36898086, 47.76334489], [108.3689971, 47.76334216], [108.36901251, 47.76333775], [108.37028526, 47.76289085], [108.37030094, 47.76288411], [108.37031465, 47.76287564], [108.37032596, 47.76286569], [108.37033455, 47.76285457], [108.37034014, 47.76284262], [108.37034256, 47.76283019], [108.37034175, 47.76281766], [108.37033773, 47.76280542], [108.37033061, 47.76279384], [108.37032445, 47.76278587], [108.3703178, 47.76277869], [108.37030956, 47.7627723], [108.37029994, 47.76276686], [108.37028918, 47.7627625], [108.37027754, 47.76275933], [108.3702653, 47.76275742], [108.37025278, 47.76275683], [108.37024027, 47.76275757], [108.37022809, 47.76275962], [108.37021653, 47.76276293], [108.37013376, 47.76279199], [108.36965489, 47.76217175], [108.36973769, 47.76214269], [108.36974833, 47.7621382], [108.36975781, 47.76213265], [108.36976588, 47.76212616], [108.36977234, 47.76211891], [108.36977705, 47.76211106], [108.36977987, 47.76210281], [108.36978075, 47.76209437], [108.36977965, 47.76208594], [108.36977662, 47.76207772], [108.36977171, 47.76206993], [108.36976555, 47.76206196], [108.36975668, 47.76205238], [108.3697457, 47.76204387], [108.36973288, 47.76203661], [108.36971853, 47.7620308], [108.36970301, 47.76202657], [108.3696867, 47.76202403], [108.36967, 47.76202324], [108.36965333, 47.76202423], [108.36963709, 47.76202696], [108.36962168, 47.76203137], [108.36803886, 47.7625869], [108.36797087, 47.76261434], [108.36790819, 47.76264703], [108.3678517, 47.7626845], [108.3678022, 47.76272623], [108.3677604, 47.76277162], [108.36772688, 47.76282004], [108.36770212, 47.76287079], [108.36761726, 47.7630873], [108.36761501, 47.76309563], [108.36761473, 47.76310409], [108.36761641, 47.76311248], [108.36762002, 47.76312058], [108.36762546, 47.76312821], [108.36763261, 47.76313517], [108.36764128, 47.76314129], [108.36765126, 47.76314642], [108.36766232, 47.76315043], [108.36767417, 47.76315323], [108.36772573, 47.76316242], [108.36752132, 47.76368395], [108.36746975, 47.76367476], [108.36745601, 47.76367316], [108.36744207, 47.76367319], [108.36742834, 47.76367486], [108.36741525, 47.7636781], [108.3674032, 47.76368283], [108.36739255, 47.7636889], [108.36738362, 47.76369612], [108.36737669, 47.76370428], [108.36737196, 47.76371313], [108.36732544, 47.76383183], [108.36732255, 47.76384227], [108.36732197, 47.76385287], [108.36732371, 47.76386342], [108.36732773, 47.76387367], [108.36733395, 47.76388342], [108.36756655, 47.76418467], [108.36756987, 47.76418826], [108.36757399, 47.76419146], [108.3675788, 47.76419418], [108.36758418, 47.76419636], [108.36759, 47.76419794], [108.36759612, 47.76419889], [108.36760238, 47.76419919], [108.36760863, 47.76419882], [108.36761472, 47.7641978], [108.3676205, 47.76419614], [108.36764416, 47.76418784], [108.3682599, 47.7649853]]]}, "geometry_name": "geom", "properties": {"guid": 3248921, "id": 3248921, "object_no": null, "object_name": "Төлөвлөлтийн зам", "layer_type_id": 975, "valid_to": null, "address_no": null, "border_type": "solid", "border_width": 1, "border_color": "#bcbcbc", "border_opacity": 1, "border_wellknown": "shape://horizline", "fill_type": "color", "fill_color": "#bcbcbc", "fill_opacity": 0.36, "fill_wellknown": null, "fill_shape_color": null, "fill_shape_width": null, "fill_shape_size": null, "fill_img_url": null, "marker_img_url": null}},{"type": "Feature", "id": "layer_data_map.fid--27e80436_1a098c1eed1_-5719", "geometry": {"type": "Polygon", "coordinates": [[[108.36786784, 47.75455699], [108.36777885, 47.75443622], [108.36993894, 47.75371239], [108.36996869, 47.75370013], [108.36999483, 47.75368458], [108.37001656, 47.7536662], [108.37003324, 47.75364556], [108.37004434, 47.75362327], [108.37004954, 47.75360003], [108.37004867, 47.75357653], [108.37004177, 47.75355349], [108.37002904, 47.75353161], [108.36832049, 47.75121283], [108.36830436, 47.75119467], [108.36828423, 47.75117845], [108.36826057, 47.75116454], [108.36823399, 47.7511533], [108.36820512, 47.75114501], [108.36817468, 47.75113986], [108.36814343, 47.75113799], [108.36811212, 47.75113943], [108.36808154, 47.75114417], [108.36805243, 47.75115207], [108.36589241, 47.75187586], [108.36584496, 47.75181145], [108.36793267, 47.75111189], [108.36794351, 47.75110755], [108.36795322, 47.75110212], [108.36796155, 47.75109574], [108.3679683, 47.75108855], [108.3679733, 47.75108074], [108.36797642, 47.75107251], [108.3679776, 47.75106404], [108.36797679, 47.75105555], [108.36797403, 47.75104725], [108.36796938, 47.75103935], [108.36796208, 47.75103135], [108.36795284, 47.75102432], [108.36794194, 47.75101847], [108.3679297, 47.75101398], [108.3679165, 47.75101099], [108.36790272, 47.75100958], [108.3678888, 47.7510098], [108.36787514, 47.75101164], [108.36786215, 47.75101504], [108.36577377, 47.75171483], [108.36572632, 47.75165042], [108.36788633, 47.75092663], [108.36791607, 47.75091437], [108.36794221, 47.75089882], [108.36796395, 47.75088044], [108.36798062, 47.7508598], [108.36799173, 47.75083752], [108.36799692, 47.75081427], [108.36799606, 47.75079077], [108.36798916, 47.75076773], [108.36797643, 47.75074585], [108.36512806, 47.74687953], [108.36522356, 47.74684753], [108.36638374, 47.74842241], [108.36639986, 47.74844056], [108.36642, 47.74845679], [108.36644365, 47.7484707], [108.36647023, 47.74848194], [108.3664991, 47.74849023], [108.36652953, 47.74849538], [108.36656079, 47.74849725], [108.36659209, 47.74849581], [108.36662267, 47.74849107], [108.36665178, 47.74848317], [108.37302645, 47.74634675], [108.37305619, 47.74633449], [108.37308233, 47.74631894], [108.37310406, 47.74630056], [108.37312073, 47.74627991], [108.37313183, 47.74625763], [108.37313703, 47.74623439], [108.37313616, 47.74621089], [108.37312925, 47.74618785], [108.37311652, 47.74616596], [108.371974, 47.74461531], [108.37195787, 47.74459716], [108.37193774, 47.74458093], [108.37191409, 47.74456703], [108.3718875, 47.74455579], [108.37185864, 47.74454749], [108.3718282, 47.74454235], [108.37179695, 47.74454048], [108.37176565, 47.74454192], [108.37173507, 47.74454666], [108.37170597, 47.74455456], [108.36275907, 47.74755287], [108.36270862, 47.74748946], [108.37165851, 47.74449015], [108.37168825, 47.74447789], [108.37171439, 47.74446234], [108.37173612, 47.74444396], [108.37175279, 47.74442332], [108.37176389, 47.74440103], [108.37176909, 47.74437779], [108.37176822, 47.74435429], [108.37176132, 47.74433125], [108.37174859, 47.74430937], [108.37143416, 47.7438826], [108.37142126, 47.74386808], [108.37140515, 47.74385509], [108.37138622, 47.74384396], [108.37136494, 47.74383497], [108.37134184, 47.74382834], [108.37131748, 47.74382423], [108.37129247, 47.74382273], [108.37126743, 47.7438239], [108.37124296, 47.74382769], [108.37121967, 47.74383403], [108.37120771, 47.74383804], [108.37118073, 47.7438505], [108.37115732, 47.7438659], [108.37113818, 47.74388379], [108.37112388, 47.74390362], [108.37111484, 47.74392482], [108.37111133, 47.74394675], [108.37099548, 47.7437769], [108.37102811, 47.74378587], [108.37106255, 47.74379093], [108.37109776, 47.74379192], [108.3711327, 47.74378881], [108.37116632, 47.74378169], [108.37117826, 47.74377769], [108.37119979, 47.74376899], [108.37121904, 47.74375813], [108.37123553, 47.74374536], [108.37124886, 47.74373102], [108.37125869, 47.74371544], [108.3712648, 47.74369902], [108.37126702, 47.74368216], [108.3712653, 47.74366527], [108.37125969, 47.74364877], [108.37125032, 47.74363306], [108.37044955, 47.74254615], [108.37043665, 47.74253162], [108.37042055, 47.74251864], [108.37040163, 47.74250752], [108.37038036, 47.74249853], [108.37035727, 47.74249189], [108.37033292, 47.74248777], [108.37030792, 47.74248627], [108.37028288, 47.74248743], [108.37025842, 47.74249122], [108.37023514, 47.74249754], [108.3702232, 47.74250154], [108.37019681, 47.74251439], [108.37017361, 47.74252979], [108.37015415, 47.74254738], [108.37013887, 47.74256676], [108.37012812, 47.74258749], [108.37012216, 47.74260907], [108.37003539, 47.74249466], [108.37019362, 47.74244118], [108.37021741, 47.74243138], [108.37023832, 47.74241893], [108.3702557, 47.74240423], [108.37026904, 47.74238772], [108.37027792, 47.74236989], [108.37028208, 47.7423513], [108.37028138, 47.7423325], [108.37027586, 47.74231406], [108.37026568, 47.74229656], [108.37020645, 47.7422158], [108.37030224, 47.74218422], [108.37093652, 47.74304552], [108.37094512, 47.7430552], [108.37095586, 47.74306386], [108.37096848, 47.74307127], [108.37098265, 47.74307727], [108.37099805, 47.74308169], [108.37101428, 47.74308444], [108.37103095, 47.74308543], [108.37104764, 47.74308466], [108.37106395, 47.74308214], [108.37107947, 47.74307792], [108.37121982, 47.74303109], [108.37129493, 47.74313046], [108.37127915, 47.74312291], [108.37126179, 47.74311716], [108.3712433, 47.74311334], [108.37122414, 47.74311157], [108.3712048, 47.74311188], [108.37118579, 47.74311427], [108.37116758, 47.74311867], [108.37112099, 47.74313428], [108.37110513, 47.74314082], [108.37109119, 47.74314911], [108.3710796, 47.74315892], [108.37107071, 47.74316993], [108.37106479, 47.74318181], [108.37106202, 47.74319421], [108.37106248, 47.74320674], [108.37106616, 47.74321903], [108.37107295, 47.7432307], [108.37184408, 47.74427736], [108.3718602, 47.74429551], [108.37188034, 47.74431174], [108.37190399, 47.74432564], [108.37193058, 47.74433688], [108.37195944, 47.74434518], [108.37198987, 47.74435032], [108.37202112, 47.74435219], [108.37205242, 47.74435075], [108.372083, 47.74434601], [108.37211211, 47.74433811], [108.37426068, 47.74361791], [108.37429042, 47.74360565], [108.37431656, 47.7435901], [108.37433829, 47.74357172], [108.37435495, 47.74355108], [108.37436606, 47.74352879], [108.37437125, 47.74350555], [108.37437038, 47.74348205], [108.37436348, 47.74345901], [108.37435075, 47.74343712], [108.37357958, 47.74239048], [108.37357098, 47.7423808], [108.37356025, 47.74237215], [108.37354763, 47.74236473], [108.37353345, 47.74235874], [108.37351806, 47.74235432], [108.37350183, 47.74235157], [108.37348516, 47.74235057], [108.37346847, 47.74235135], [108.37345216, 47.74235387], [108.37343664, 47.74235808], [108.37338809, 47.74237436], [108.37337251, 47.74238151], [108.37335869, 47.74239014], [108.37334693, 47.74240007], [108.37333749, 47.74241107], [108.37333059, 47.7424229], [108.37332638, 47.74243529], [108.37332495, 47.74244796], [108.37325137, 47.74234904], [108.37339512, 47.74230173], [108.37341098, 47.74229519], [108.37342491, 47.74228689], [108.3734365, 47.74227709], [108.37344539, 47.74226608], [108.37345131, 47.7422542], [108.37345408, 47.7422418], [108.37345362, 47.74222927], [108.37344994, 47.74221698], [108.37344315, 47.74220531], [108.3730835, 47.74171716], [108.37317899, 47.74168515], [108.37442548, 47.74337694], [108.37443627, 47.74338203], [108.37444816, 47.74338586], [108.37446082, 47.74338833], [108.3744739, 47.74338938], [108.37448707, 47.74338897], [108.37449995, 47.74338711], [108.37450914, 47.74338198], [108.37451699, 47.74337592], [108.37452331, 47.74336909], [108.37452792, 47.74336167], [108.37453071, 47.74335384], [108.37453161, 47.74334582], [108.3745306, 47.7433378], [108.37328411, 47.74164602], [108.3733819, 47.74161714], [108.37399663, 47.74245148], [108.37400523, 47.74246116], [108.37401596, 47.74246981], [108.37402858, 47.74247723], [108.37404276, 47.74248322], [108.37405815, 47.74248764], [108.37407438, 47.74249039], [108.37409105, 47.74249139], [108.37410774, 47.74249061], [108.37412405, 47.74248809], [108.37413957, 47.74248388], [108.37415197, 47.74247972], [108.37417309, 47.74246612], [108.37419164, 47.74245091], [108.37420736, 47.74243431], [108.37428233, 47.74253532], [108.37425277, 47.74253216], [108.37422284, 47.74253242], [108.37419342, 47.7425361], [108.37418109, 47.74254023], [108.37416523, 47.74254677], [108.3741513, 47.74255506], [108.37413971, 47.74256487], [108.37413082, 47.74257588], [108.3741249, 47.74258776], [108.37412213, 47.74260016], [108.37412259, 47.74261269], [108.37412627, 47.74262498], [108.37413306, 47.74263665], [108.37464915, 47.74333709], [108.37466528, 47.74335525], [108.37468541, 47.74337147], [108.37470907, 47.74338538], [108.37473565, 47.74339661], [108.37476452, 47.74340491], [108.37479495, 47.74341005], [108.3748262, 47.74341192], [108.3748575, 47.74341048], [108.37488808, 47.74340574], [108.37491718, 47.74339784], [108.37652894, 47.74285753], [108.37654329, 47.74285172], [108.37655613, 47.74284448], [108.37656712, 47.74283597], [108.37657601, 47.7428264], [108.37658256, 47.74281601], [108.37658663, 47.74280506], [108.3765881, 47.74279382], [108.37658695, 47.74278256], [108.3765832, 47.74277155], [108.37657695, 47.74276108], [108.37657101, 47.74275304], [108.3765621, 47.74274413], [108.37655121, 47.74273627], [108.37653862, 47.74272968], [108.37652465, 47.7427245], [108.37650964, 47.74272088], [108.37649397, 47.7427189], [108.3766175, 47.74267478], [108.37666053, 47.74273312], [108.37667023, 47.74274381], [108.37668253, 47.74275321], [108.37669706, 47.74276102], [108.37671338, 47.74276701], [108.376731, 47.742771], [108.37674937, 47.74277287], [108.37676795, 47.74277256], [108.37678617, 47.74277007], [108.37680346, 47.74276549], [108.37742376, 47.74255754], [108.37745349, 47.74254528], [108.37747962, 47.74252973], [108.37750135, 47.74251135], [108.37751802, 47.7424907], [108.37752912, 47.74246842], [108.37753431, 47.74244518], [108.37753344, 47.74242168], [108.37752654, 47.74239864], [108.37751381, 47.74237675], [108.37624648, 47.74065683], [108.37642552, 47.74059681], [108.38406847, 47.75096725], [108.38388941, 47.75102728], [108.38289061, 47.74967232], [108.38287448, 47.74965417], [108.38285434, 47.74963794], [108.38283068, 47.74962404], [108.38280409, 47.7496128], [108.38277522, 47.74960451], [108.38274479, 47.74959937], [108.38271353, 47.7495975], [108.38268223, 47.74959895], [108.38265165, 47.74960369], [108.38262254, 47.74961159], [108.38011573, 47.75045201], [108.38008598, 47.75046427], [108.38005985, 47.75047982], [108.38003812, 47.7504982], [108.38002145, 47.75051885], [108.38001035, 47.75054113], [108.38000516, 47.75056437], [108.38000603, 47.75058787], [108.38001294, 47.75061092], [108.38002567, 47.7506328], [108.38102442, 47.75198779], [108.38092892, 47.7520198], [108.37995094, 47.75069299], [108.37994014, 47.7506879], [108.37992825, 47.75068407], [108.37991559, 47.75068159], [108.3799025, 47.75068055], [108.37988934, 47.75068096], [108.37987645, 47.75068282], [108.37986648, 47.75068863], [108.37985804, 47.75069546], [108.37985138, 47.75070312], [108.37984665, 47.75071142], [108.37984401, 47.75072013], [108.3798435, 47.75072901], [108.38082148, 47.75205582], [108.38072597, 47.75208784], [108.37972724, 47.75073284], [108.37971111, 47.75071469], [108.37969097, 47.75069846], [108.37966731, 47.75068456], [108.37964072, 47.75067333], [108.37961185, 47.75066503], [108.37958141, 47.75065989], [108.37955016, 47.75065802], [108.37951885, 47.75065947], [108.37948827, 47.75066421], [108.37945916, 47.75067211], [108.36786784, 47.75455699]], [[108.3692061, 47.7519501], [108.36917636, 47.75196236], [108.36915022, 47.75197791], [108.36912849, 47.75199629], [108.36911181, 47.75201693], [108.36910071, 47.75203921], [108.36909551, 47.75206246], [108.36909637, 47.75208596], [108.36910328, 47.752109], [108.36911601, 47.75213088], [108.37012455, 47.7534996], [108.37014067, 47.75351775], [108.37016081, 47.75353398], [108.37018447, 47.75354789], [108.37021106, 47.75355912], [108.37023993, 47.75356742], [108.37027036, 47.75357256], [108.37030162, 47.75357444], [108.37033293, 47.75357299], [108.37036351, 47.75356826], [108.37039262, 47.75356035], [108.37237446, 47.75289619], [108.3724042, 47.75288393], [108.37243034, 47.75286838], [108.37245207, 47.75285], [108.37246875, 47.75282936], [108.37247985, 47.75280708], [108.37248505, 47.75278383], [108.37248418, 47.75276033], [108.37247727, 47.75273729], [108.37246454, 47.75271541], [108.37145596, 47.75134671], [108.37143983, 47.75132856], [108.37141969, 47.75131233], [108.37139604, 47.75129842], [108.37136945, 47.75128719], [108.37134058, 47.75127889], [108.37131015, 47.75127375], [108.37127889, 47.75127187], [108.37124759, 47.75127332], [108.371217, 47.75127806], [108.37118789, 47.75128596], [108.3692061, 47.7519501]], [[108.37153183, 47.75126978], [108.37153873, 47.75129282], [108.37155147, 47.7513147], [108.37256005, 47.7526834], [108.37257618, 47.75270155], [108.37259632, 47.75271778], [108.37261997, 47.75273168], [108.37264656, 47.75274292], [108.37267543, 47.75275122], [108.37270587, 47.75275636], [108.37273712, 47.75275823], [108.37276843, 47.75275678], [108.37279901, 47.75275205], [108.37282812, 47.75274415], [108.37629022, 47.75158377], [108.37630608, 47.75157723], [108.37632002, 47.75156894], [108.37633161, 47.75155914], [108.3763405, 47.75154812], [108.37634642, 47.75153624], [108.37634919, 47.75152384], [108.37634873, 47.75151131], [108.37634505, 47.75149902], [108.37633826, 47.75148735], [108.37625519, 47.75137464], [108.37624549, 47.75136394], [108.37623319, 47.75135454], [108.37621866, 47.75134672], [108.37620233, 47.75134073], [108.37618471, 47.75133673], [108.37616633, 47.75133487], [108.37614774, 47.75133518], [108.37612952, 47.75133766], [108.37611222, 47.75134224], [108.37629131, 47.75128225], [108.37642182, 47.75145934], [108.37643151, 47.75147004], [108.37644382, 47.75147944], [108.37645835, 47.75148726], [108.37647468, 47.75149325], [108.3764923, 47.75149724], [108.37651068, 47.75149911], [108.37652927, 47.7514988], [108.37654749, 47.75149632], [108.37656479, 47.75149174], [108.37676774, 47.75142371], [108.37679748, 47.75141145], [108.37682361, 47.7513959], [108.37684535, 47.75137752], [108.37686202, 47.75135687], [108.37687312, 47.75133459], [108.37687831, 47.75131135], [108.37687744, 47.75128785], [108.37687054, 47.75126481], [108.3768578, 47.75124292], [108.37584914, 47.74987427], [108.37583301, 47.74985611], [108.37581287, 47.74983989], [108.37578922, 47.74982598], [108.37576263, 47.74981475], [108.37573376, 47.74980645], [108.37570333, 47.74980131], [108.37567207, 47.74979944], [108.37564077, 47.74980089], [108.37561018, 47.74980562], [108.37558108, 47.74981352], [108.37537814, 47.74988155], [108.37536378, 47.74988735], [108.37535095, 47.74989459], [108.37533995, 47.7499031], [108.37533107, 47.74991266], [108.37532451, 47.74992305], [108.37532044, 47.749934], [108.37531896, 47.74994524], [108.37532011, 47.7499565], [108.37532385, 47.7499675], [108.3753301, 47.74997797], [108.37542987, 47.75011335], [108.37525258, 47.75017458], [108.37526625, 47.75016905], [108.37527908, 47.75016181], [108.37529008, 47.7501533], [108.37529897, 47.75014374], [108.37530552, 47.75013335], [108.37530959, 47.75012241], [108.37531107, 47.75011116], [108.37530993, 47.75009991], [108.37530618, 47.7500889], [108.37529993, 47.75007844], [108.37524654, 47.75000598], [108.37523684, 47.74999528], [108.37522454, 47.74998588], [108.37521001, 47.74997806], [108.37519368, 47.74997206], [108.37517606, 47.74996807], [108.37515768, 47.7499662], [108.3751391, 47.74996652], [108.37512087, 47.749969], [108.37510357, 47.74997358], [108.37305025, 47.75066179], [108.3730359, 47.75066759], [108.37302306, 47.75067484], [108.37301207, 47.75068335], [108.37300318, 47.75069291], [108.37299662, 47.75070329], [108.37299255, 47.75071424], [108.37299107, 47.75072548], [108.37299222, 47.75073674], [108.37299596, 47.75074774], [108.37300221, 47.75075821], [108.37306747, 47.75084677], [108.37307474, 47.7508548], [108.37308397, 47.75086185], [108.37309487, 47.75086771], [108.37310711, 47.75087221], [108.37312033, 47.7508752], [108.37313411, 47.75087661], [108.37314805, 47.75087637], [108.37316172, 47.75087451], [108.3731747, 47.75087107], [108.37294787, 47.7509471], [108.37295977, 47.75094219], [108.37297023, 47.75093597], [108.37297892, 47.75092862], [108.37298559, 47.75092036], [108.37299003, 47.75091145], [108.37299211, 47.75090215], [108.37299176, 47.75089275], [108.372989, 47.75088353], [108.37298391, 47.75087478], [108.37291864, 47.75078622], [108.37291004, 47.75077654], [108.3728993, 47.75076788], [108.37288669, 47.75076047], [108.37287251, 47.75075447], [108.37285711, 47.75075005], [108.37284088, 47.75074731], [108.37282421, 47.75074631], [108.37280751, 47.75074708], [108.3727912, 47.75074961], [108.37277568, 47.75075382], [108.37164155, 47.75113392], [108.37161181, 47.75114618], [108.37158567, 47.75116173], [108.37156394, 47.75118011], [108.37154726, 47.75120075], [108.37153616, 47.75122303], [108.37153096, 47.75124628], [108.37153183, 47.75126978]], [[108.37673451, 47.75072472], [108.37671654, 47.75072805], [108.37669266, 47.75073605], [108.37668189, 47.7507404], [108.37667227, 47.75074584], [108.37666402, 47.75075222], [108.37665736, 47.75075939], [108.37665244, 47.75076718], [108.37664939, 47.75077539], [108.37664828, 47.75078382], [108.37664914, 47.75079226], [108.37665195, 47.75080051], [108.37665663, 47.75080837], [108.37695331, 47.75121091], [108.37696943, 47.75122906], [108.37698957, 47.75124529], [108.37701323, 47.75125919], [108.37703982, 47.75127043], [108.37706869, 47.75127872], [108.37709913, 47.75128387], [108.37713038, 47.75128574], [108.37716169, 47.75128429], [108.37719227, 47.75127955], [108.37722138, 47.75127165], [108.37822415, 47.75093551], [108.37823605, 47.75093061], [108.3782465, 47.75092439], [108.37825519, 47.75091704], [108.37826186, 47.75090878], [108.3782663, 47.75089987], [108.37826838, 47.75089057], [108.37826803, 47.75088117], [108.37826527, 47.75087195], [108.37826017, 47.7508632], [108.37715655, 47.74936574], [108.37714795, 47.74935606], [108.3771372, 47.74934741], [108.37712459, 47.74933999], [108.37711041, 47.749334], [108.37709501, 47.74932958], [108.37707878, 47.74932683], [108.37706211, 47.74932583], [108.37704542, 47.74932661], [108.3770291, 47.74932913], [108.37701358, 47.74933335], [108.37603471, 47.74966147], [108.37600496, 47.74967373], [108.37597883, 47.74968928], [108.3759571, 47.74970766], [108.37594043, 47.7497283], [108.37592933, 47.74975059], [108.37592413, 47.74977383], [108.375925, 47.74979733], [108.37593191, 47.74982037], [108.37594464, 47.74984226], [108.3762413, 47.7502448], [108.3762499, 47.75025448], [108.37626064, 47.75026314], [108.37627326, 47.75027055], [108.37628744, 47.75027655], [108.37630284, 47.75028097], [108.37631907, 47.75028371], [108.37633574, 47.75028471], [108.37635243, 47.75028394], [108.37636874, 47.75028141], [108.37638427, 47.7502772], [108.37640114, 47.75026739], [108.37641539, 47.75025584], [108.37642664, 47.75024287], [108.37643458, 47.75022883], [108.376439, 47.7502141], [108.37643977, 47.75019909], [108.37651498, 47.75030366], [108.3764258, 47.75033355], [108.37640994, 47.75034009], [108.376396, 47.75034839], [108.37638441, 47.75035819], [108.37637552, 47.7503692], [108.3763696, 47.75038108], [108.37636683, 47.75039348], [108.37636729, 47.75040601], [108.37637097, 47.7504183], [108.37637777, 47.75042997], [108.3765439, 47.7506554], [108.37655117, 47.75066342], [108.3765604, 47.75067047], [108.3765713, 47.75067634], [108.37658354, 47.75068083], [108.37659676, 47.75068383], [108.37661054, 47.75068523], [108.37662448, 47.75068499], [108.37663815, 47.75068313], [108.37665113, 47.7506797], [108.37675978, 47.75064328], [108.37683568, 47.75074833], [108.37682221, 47.75073965], [108.37680674, 47.75073264], [108.37678971, 47.75072753], [108.37677164, 47.75072445], [108.37675306, 47.7507235], [108.37673451, 47.75072472]], [[108.37723332, 47.74932606], [108.37724011, 47.74933773], [108.37834374, 47.75083519], [108.37835019, 47.75084245], [108.37835824, 47.75084894], [108.37836771, 47.7508545], [108.37837834, 47.750859], [108.37838989, 47.75086231], [108.37840206, 47.75086437], [108.37841457, 47.75086512], [108.37842709, 47.75086454], [108.37843932, 47.75086264], [108.37845096, 47.75085948], [108.37937016, 47.75055135], [108.3793999, 47.75053909], [108.37942603, 47.75052353], [108.37944776, 47.75050516], [108.37946443, 47.75048451], [108.37947553, 47.75046223], [108.37948073, 47.75043898], [108.37947986, 47.75041548], [108.37947295, 47.75039244], [108.37946021, 47.75037056], [108.3784515, 47.74900193], [108.37843537, 47.74898378], [108.37841523, 47.74896755], [108.37839158, 47.74895365], [108.37836499, 47.74894241], [108.37833612, 47.74893412], [108.37830569, 47.74892897], [108.37827443, 47.7489271], [108.37824313, 47.74892855], [108.37821255, 47.74893329], [108.37818344, 47.74894119], [108.37728814, 47.74924131], [108.37727228, 47.74924785], [108.37725834, 47.74925615], [108.37724675, 47.74926595], [108.37723786, 47.74927696], [108.37723194, 47.74928884], [108.37722917, 47.74930124], [108.37722963, 47.74931377], [108.37723332, 47.74932606]], [[108.37981857, 47.7503188], [108.37984516, 47.75033003], [108.37987403, 47.75033832], [108.37990447, 47.75034347], [108.37993572, 47.75034534], [108.37996703, 47.75034389], [108.37999761, 47.75033915], [108.38002672, 47.75033125], [108.38253353, 47.74949083], [108.38256327, 47.74947857], [108.3825894, 47.74946302], [108.38261113, 47.74944464], [108.3826278, 47.74942399], [108.3826389, 47.74940171], [108.38264409, 47.74937846], [108.38264322, 47.74935496], [108.38263631, 47.74933192], [108.38262357, 47.74931004], [108.38246335, 47.74909268], [108.38245475, 47.74908299], [108.38244401, 47.74907434], [108.38243139, 47.74906693], [108.38241721, 47.74906093], [108.38240181, 47.74905651], [108.38238558, 47.74905377], [108.38236891, 47.74905277], [108.38235222, 47.74905355], [108.38233591, 47.74905607], [108.38232038, 47.74906029], [108.38223194, 47.74908994], [108.38216003, 47.74898427], [108.38216741, 47.74899217], [108.38217669, 47.74899909], [108.38218759, 47.74900483], [108.3821998, 47.74900922], [108.38221295, 47.74901213], [108.38222664, 47.74901347], [108.38224047, 47.74901321], [108.38225403, 47.74901134], [108.38226691, 47.74900794], [108.38227885, 47.74900393], [108.3822932, 47.74899813], [108.38230603, 47.74899089], [108.38231703, 47.74898238], [108.38232591, 47.74897281], [108.38233247, 47.74896243], [108.38233653, 47.74895148], [108.38233801, 47.74894024], [108.38233687, 47.74892898], [108.38233312, 47.74891798], [108.38232687, 47.74890751], [108.38183732, 47.74824334], [108.38182872, 47.74823366], [108.38181798, 47.748225], [108.38180536, 47.74821759], [108.38179118, 47.7482116], [108.38177578, 47.74820717], [108.38175955, 47.74820443], [108.38174288, 47.74820343], [108.38172619, 47.74820421], [108.38170988, 47.74820673], [108.38169435, 47.74821095], [108.38168242, 47.74821495], [108.38167174, 47.74821915], [108.38166219, 47.74822444], [108.38165402, 47.74823069], [108.38164741, 47.74823773], [108.38164256, 47.7482454], [108.38163957, 47.74825348], [108.38163853, 47.74826179], [108.38163946, 47.7482701], [108.38164233, 47.7482782], [108.38164708, 47.7482859], [108.38153366, 47.7481343], [108.38154011, 47.74814156], [108.38154816, 47.74814806], [108.38155763, 47.74815362], [108.38156826, 47.74815811], [108.38157981, 47.74816143], [108.38159198, 47.74816348], [108.38160448, 47.74816423], [108.381617, 47.74816365], [108.38162924, 47.74816176], [108.38164088, 47.7481586], [108.38165282, 47.74815459], [108.38166868, 47.74814806], [108.38168261, 47.74813976], [108.3816942, 47.74812996], [108.38170309, 47.74811895], [108.38170901, 47.74810706], [108.38171178, 47.74809466], [108.38171132, 47.74808213], [108.38170763, 47.74806984], [108.38170084, 47.74805817], [108.38121131, 47.74739399], [108.38120161, 47.7473833], [108.38118931, 47.7473739], [108.38117478, 47.74736608], [108.38115845, 47.74736009], [108.38114083, 47.74735609], [108.38112245, 47.74735423], [108.38110387, 47.74735454], [108.38108565, 47.74735702], [108.38106834, 47.7473616], [108.38105641, 47.74736561], [108.38104564, 47.74736996], [108.38103602, 47.74737539], [108.38102777, 47.74738177], [108.38102111, 47.74738895], [108.38101619, 47.74739673], [108.38101314, 47.74740494], [108.38101203, 47.74741338], [108.38101289, 47.74742182], [108.3810157, 47.74743007], [108.38102039, 47.74743792], [108.38102206, 47.74744019], [108.38093585, 47.74733575], [108.38102681, 47.74730525], [108.38104267, 47.74729871], [108.38105661, 47.74729042], [108.38106819, 47.74728061], [108.38107708, 47.7472696], [108.381083, 47.74725772], [108.38108577, 47.74724532], [108.38108531, 47.74723279], [108.38108162, 47.7472205], [108.38107483, 47.74720883], [108.38093242, 47.74701561], [108.38091307, 47.74699383], [108.3808889, 47.74697436], [108.38086052, 47.74695768], [108.38082861, 47.74694419], [108.38079397, 47.74693424], [108.38075745, 47.74692807], [108.38071995, 47.74692583], [108.38068238, 47.74692757], [108.38064569, 47.74693325], [108.38061076, 47.74694274], [108.37813985, 47.7477711], [108.37811011, 47.74778336], [108.37808397, 47.74779892], [108.37806224, 47.74781729], [108.37804558, 47.74783794], [108.37803448, 47.74786022], [108.37802928, 47.74788347], [108.37803015, 47.74790697], [108.37803706, 47.74793001], [108.37804979, 47.74795189], [108.37975865, 47.75027051], [108.37977478, 47.75028867], [108.37979492, 47.75030489], [108.37981857, 47.7503188]], [[108.37813056, 47.74769095], [108.37814279, 47.74768906], [108.37815443, 47.74768589], [108.38052748, 47.74689034], [108.38053938, 47.74688543], [108.38054983, 47.74687921], [108.38055852, 47.74687186], [108.38056519, 47.7468636], [108.38056963, 47.74685469], [108.38057171, 47.74684539], [108.38057136, 47.74683599], [108.3805686, 47.74682677], [108.3805635, 47.74681802], [108.38055705, 47.74681076], [108.380549, 47.74680427], [108.38053953, 47.74679871], [108.3805289, 47.74679421], [108.38051735, 47.7467909], [108.38050518, 47.74678884], [108.38049268, 47.74678809], [108.38048016, 47.74678867], [108.38046792, 47.74679057], [108.38045628, 47.74679373], [108.37808323, 47.74758928], [108.37807134, 47.74759419], [108.37806088, 47.74760041], [108.37805219, 47.74760776], [108.37804552, 47.74761602], [108.37804108, 47.74762493], [108.37803901, 47.74763423], [108.37803935, 47.74764363], [108.37804212, 47.74765285], [108.37804721, 47.7476616], [108.37805366, 47.74766886], [108.37806172, 47.74767535], [108.37807118, 47.74768091], [108.37808181, 47.74768541], [108.37809336, 47.74768872], [108.37810554, 47.74769078], [108.37811804, 47.74769153], [108.37813056, 47.74769095]], [[108.37794127, 47.74755427], [108.37797372, 47.74754568], [108.38044462, 47.74671732], [108.38048031, 47.74670261], [108.38051167, 47.74668394], [108.38053774, 47.74666188], [108.38055774, 47.74663711], [108.38057106, 47.74661037], [108.38057729, 47.74658248], [108.38057625, 47.74655428], [108.38056796, 47.74652663], [108.38055268, 47.74650037], [108.37990416, 47.74562043], [108.37989515, 47.74561035], [108.37988381, 47.74560141], [108.37987047, 47.74559382], [108.37985547, 47.74558781], [108.37983922, 47.74558353], [108.37982216, 47.74558109], [108.37980473, 47.74558057], [108.3797874, 47.74558196], [108.37977065, 47.74558524], [108.37975492, 47.74559032], [108.37974315, 47.74559432], [108.37973252, 47.74559956], [108.37972331, 47.7456059], [108.37971577, 47.74561318], [108.3797101, 47.7456212], [108.37970645, 47.74562973], [108.37970493, 47.74563855], [108.37970558, 47.74564742], [108.37970838, 47.7456561], [108.37971325, 47.74566435], [108.37961563, 47.74552681], [108.37962687, 47.74553251], [108.37963937, 47.74553687], [108.37965277, 47.74553976], [108.3796667, 47.7455411], [108.37968077, 47.74554085], [108.37969457, 47.74553903], [108.37970774, 47.74553568], [108.37971967, 47.74553168], [108.37973553, 47.74552514], [108.37974947, 47.74551684], [108.37976106, 47.74550704], [108.37976995, 47.74549603], [108.37977587, 47.74548415], [108.37977864, 47.74547175], [108.37977817, 47.74545922], [108.37977449, 47.74544693], [108.3797677, 47.74543526], [108.3792438, 47.74472438], [108.37923411, 47.74471368], [108.37922181, 47.74470428], [108.37920728, 47.74469646], [108.37919095, 47.74469047], [108.37917333, 47.74468647], [108.37915495, 47.74468461], [108.37913637, 47.74468492], [108.37911815, 47.7446874], [108.37910085, 47.74469198], [108.37908891, 47.74469599], [108.37907702, 47.74470092], [108.37906657, 47.74470716], [108.37905787, 47.74471452], [108.37905118, 47.74472279], [108.37904671, 47.74473171], [108.37904459, 47.74474101], [108.37904488, 47.74475042], [108.37904758, 47.74475966], [108.37905259, 47.74476845], [108.37894578, 47.74462091], [108.37895397, 47.74462811], [108.37896391, 47.74463428], [108.37897527, 47.74463921], [108.37898771, 47.74464276], [108.37900086, 47.74464481], [108.37901435, 47.74464532], [108.37902776, 47.74464427], [108.37904071, 47.74464168], [108.37905281, 47.74463763], [108.37906832, 47.74463223], [108.37908231, 47.74462521], [108.37909442, 47.74461674], [108.37910432, 47.74460705], [108.37911174, 47.7445964], [108.37911649, 47.74458508], [108.37911844, 47.74457338], [108.37911754, 47.74456163], [108.3791138, 47.74455014], [108.37910734, 47.74453921], [108.37773924, 47.74268269], [108.37772312, 47.74266453], [108.37770298, 47.74264831], [108.37767933, 47.7426344], [108.37765274, 47.74262317], [108.37762388, 47.74261487], [108.37759345, 47.74260973], [108.3775622, 47.74260786], [108.3775309, 47.74260931], [108.37750032, 47.74261404], [108.37747122, 47.74262195], [108.37496464, 47.74346225], [108.3749349, 47.7434745], [108.37490877, 47.74349006], [108.37488704, 47.74350844], [108.37487037, 47.74352908], [108.37485927, 47.74355136], [108.37485407, 47.74357461], [108.37485494, 47.74359811], [108.37486185, 47.74362115], [108.37487458, 47.74364303], [108.37770567, 47.74748494], [108.37772384, 47.747505], [108.3777469, 47.74752262], [108.37777415, 47.74753728], [108.37780476, 47.74754852], [108.3778378, 47.74755601], [108.37787227, 47.74755951], [108.37790711, 47.74755893], [108.37794127, 47.74755427]], [[108.37451626, 47.74369478], [108.37448967, 47.74368354], [108.37446081, 47.74367525], [108.37443038, 47.7436701], [108.37439913, 47.74366823], [108.37436783, 47.74366968], [108.37433725, 47.74367441], [108.37430814, 47.74368232], [108.37215956, 47.74440252], [108.37212982, 47.74441478], [108.37210369, 47.74443033], [108.37208196, 47.74444871], [108.37206529, 47.74446935], [108.37205419, 47.74449163], [108.37204899, 47.74451488], [108.37204986, 47.74453838], [108.37205676, 47.74456142], [108.37206949, 47.7445833], [108.37257253, 47.74526604], [108.37258154, 47.74527612], [108.37259287, 47.74528506], [108.37260622, 47.74529264], [108.37262121, 47.74529866], [108.37263746, 47.74530294], [108.37265453, 47.74530538], [108.37267196, 47.74530591], [108.37268928, 47.74530451], [108.37270603, 47.74530123], [108.37272177, 47.74529615], [108.37273591, 47.74529033], [108.37274861, 47.74528316], [108.37275958, 47.74527478], [108.37276857, 47.7452654], [108.37277539, 47.74525521], [108.37277988, 47.74524446], [108.37286225, 47.74535593], [108.37284773, 47.74535124], [108.37283235, 47.74534803], [108.37281644, 47.74534636], [108.37280034, 47.74534627], [108.3727844, 47.74534776], [108.37276894, 47.7453508], [108.372757, 47.7453548], [108.37274265, 47.7453606], [108.37272982, 47.74536784], [108.37271882, 47.74537635], [108.37270994, 47.74538592], [108.37270338, 47.7453963], [108.37269931, 47.74540725], [108.37269783, 47.74541849], [108.37269898, 47.74542975], [108.37270272, 47.74544075], [108.37270897, 47.74545122], [108.37321202, 47.74613395], [108.37322814, 47.74615211], [108.37324828, 47.74616834], [108.37327193, 47.74618224], [108.37329852, 47.74619348], [108.37332739, 47.74620177], [108.37335782, 47.74620692], [108.37338907, 47.74620879], [108.37342037, 47.74620734], [108.37345095, 47.7462026], [108.37348006, 47.7461947], [108.37562869, 47.74547447], [108.37565843, 47.74546222], [108.37568456, 47.74544666], [108.37570629, 47.74542828], [108.37572296, 47.74540764], [108.37573406, 47.74538536], [108.37573926, 47.74536211], [108.37573839, 47.74533861], [108.37573148, 47.74531557], [108.37571875, 47.74529369], [108.37521567, 47.74461096], [108.37520707, 47.74460128], [108.37519634, 47.74459263], [108.37518372, 47.74458521], [108.37516954, 47.74457922], [108.37515415, 47.7445748], [108.37513792, 47.74457205], [108.37512125, 47.74457105], [108.37510455, 47.74457183], [108.37508825, 47.74457435], [108.37507272, 47.74457857], [108.37506079, 47.74458257], [108.37504731, 47.74458907], [108.37503561, 47.74459698], [108.37502601, 47.74460609], [108.37501878, 47.74461615], [108.37501411, 47.74462687], [108.37501214, 47.74463797], [108.37492909, 47.7445243], [108.37494645, 47.74452865], [108.37496464, 47.74453105], [108.37498315, 47.74453144], [108.37500152, 47.74452982], [108.37501926, 47.74452621], [108.3750312, 47.74452221], [108.37504706, 47.74451567], [108.37506099, 47.74450738], [108.37507258, 47.74449758], [108.37508147, 47.74448657], [108.37508739, 47.74447468], [108.37509017, 47.74446228], [108.3750897, 47.74444975], [108.37508602, 47.74443746], [108.37507923, 47.74442579], [108.37457617, 47.74374306], [108.37456005, 47.74372491], [108.37453991, 47.74370868], [108.37451626, 47.74369478]], [[108.37386712, 47.7461465], [108.37384982, 47.74615108], [108.37352752, 47.74625911], [108.37349778, 47.74627137], [108.37347164, 47.74628692], [108.37344991, 47.7463053], [108.37343324, 47.74632594], [108.37342214, 47.74634823], [108.37341694, 47.74637147], [108.37341781, 47.74639497], [108.37342472, 47.74641801], [108.37343745, 47.7464399], [108.37422647, 47.74751069], [108.37423937, 47.74752521], [108.37425548, 47.74753819], [108.3742744, 47.74754932], [108.37429567, 47.74755831], [108.37431877, 47.74756494], [108.37434312, 47.74756906], [108.37436812, 47.74757055], [108.37439316, 47.74756939], [108.37441762, 47.74756561], [108.37444091, 47.74755929], [108.37662539, 47.74682703], [108.37665513, 47.74681478], [108.37668127, 47.74679922], [108.376703, 47.74678084], [108.37671967, 47.7467602], [108.37673077, 47.74673791], [108.37673596, 47.74671467], [108.37673509, 47.74669117], [108.37672819, 47.74666813], [108.37671545, 47.74664625], [108.37594419, 47.74559962], [108.37592807, 47.74558147], [108.37590793, 47.74556524], [108.37588428, 47.74555134], [108.37585769, 47.7455401], [108.37582882, 47.74553181], [108.37579839, 47.74552667], [108.37576714, 47.74552479], [108.37573584, 47.74552624], [108.37570526, 47.74553098], [108.37567615, 47.74553888], [108.37535386, 47.74564692], [108.375338, 47.74565346], [108.37532406, 47.74566175], [108.37531247, 47.74567155], [108.37530358, 47.74568256], [108.37529766, 47.74569445], [108.37529489, 47.74570684], [108.37529535, 47.74571938], [108.37529904, 47.74573167], [108.37530583, 47.74574334], [108.37531176, 47.74575139], [108.3753165, 47.74575804], [108.37532281, 47.74576407], [108.37533051, 47.74576932], [108.3753394, 47.74577363], [108.37534921, 47.7457769], [108.37535969, 47.74577902], [108.37537055, 47.74577995], [108.37538149, 47.74577965], [108.3753922, 47.74577814], [108.37540239, 47.74577545], [108.37520848, 47.74584545], [108.37521745, 47.74583882], [108.37522481, 47.74583134], [108.37523037, 47.74582319], [108.375234, 47.74581455], [108.37523561, 47.74580564], [108.37523517, 47.74579667], [108.37523268, 47.74578785], [108.3752282, 47.7457794], [108.37522227, 47.74577135], [108.37521258, 47.74576065], [108.37520028, 47.74575125], [108.37518575, 47.74574343], [108.37516942, 47.74573743], [108.3751518, 47.74573344], [108.37513342, 47.74573157], [108.37511484, 47.74573189], [108.37509662, 47.74573437], [108.37507931, 47.74573895], [108.37412437, 47.74605905], [108.37411001, 47.74606485], [108.37409718, 47.7460721], [108.37408619, 47.7460806], [108.3740773, 47.74609017], [108.37407074, 47.74610055], [108.37406667, 47.7461115], [108.37406519, 47.74612274], [108.37406634, 47.746134], [108.37407008, 47.746145], [108.37407633, 47.74615547], [108.37408226, 47.74616352], [108.37408953, 47.74617154], [108.37409876, 47.74617859], [108.37410966, 47.74618446], [108.3741219, 47.74618895], [108.37413511, 47.74619195], [108.3741489, 47.74619335], [108.37416284, 47.74619312], [108.3741765, 47.74619125], [108.37418948, 47.74618782], [108.37416494, 47.74619563], [108.37398378, 47.74625648], [108.37399234, 47.74624848], [108.37399894, 47.74623967], [108.37400342, 47.74623027], [108.37400566, 47.74622052], [108.37400561, 47.74621065], [108.37400327, 47.74620091], [108.3739987, 47.74619153], [108.37399277, 47.74618348], [108.37398308, 47.74617278], [108.37397078, 47.74616338], [108.37395625, 47.74615556], [108.37393992, 47.74614957], [108.3739223, 47.74614557], [108.37390392, 47.7461437], [108.37388534, 47.74614402], [108.37386712, 47.7461465]], [[108.37414116, 47.7475602], [108.37413097, 47.7475427], [108.37334195, 47.7464719], [108.37332583, 47.74645375], [108.37330569, 47.74643752], [108.37328204, 47.74642362], [108.37325545, 47.74641238], [108.37322659, 47.74640409], [108.37319615, 47.74639894], [108.3731649, 47.74639707], [108.3731336, 47.74639852], [108.37310302, 47.74640325], [108.37307391, 47.74641116], [108.36913457, 47.74773146], [108.36910483, 47.74774372], [108.36907869, 47.74775927], [108.36905696, 47.74777765], [108.36904028, 47.74779829], [108.36902918, 47.74782057], [108.36902398, 47.74784382], [108.36902485, 47.74786732], [108.36903175, 47.74789036], [108.36904448, 47.74791224], [108.36983344, 47.74898307], [108.36984634, 47.74899759], [108.36986245, 47.74901057], [108.36988137, 47.7490217], [108.36990264, 47.74903069], [108.36992573, 47.74903732], [108.36995008, 47.74904144], [108.36997508, 47.74904294], [108.37000013, 47.74904178], [108.37002459, 47.74903799], [108.37004788, 47.74903167], [108.37405892, 47.74768733], [108.37408271, 47.74767752], [108.37410362, 47.74766508], [108.374121, 47.74765037], [108.37413434, 47.74763386], [108.37414322, 47.74761603], [108.37414738, 47.74759744], [108.37414668, 47.74757864], [108.37414116, 47.7475602]], [[108.36974812, 47.74903258], [108.36973793, 47.74901507], [108.36894898, 47.74794425], [108.36893285, 47.74792609], [108.36891272, 47.74790986], [108.36888907, 47.74789596], [108.36886248, 47.74788472], [108.36883361, 47.74787643], [108.36880318, 47.74787128], [108.36877193, 47.74786941], [108.36874062, 47.74787085], [108.36871004, 47.74787559], [108.36868093, 47.74788349], [108.36669924, 47.74854758], [108.36666949, 47.74855984], [108.36664336, 47.74857539], [108.36662162, 47.74859377], [108.36660495, 47.74861441], [108.36659384, 47.74863669], [108.36658864, 47.74865994], [108.36658951, 47.74868344], [108.36659641, 47.74870648], [108.36660914, 47.74872836], [108.36739806, 47.74979921], [108.36741096, 47.74981373], [108.36742707, 47.74982671], [108.36744599, 47.74983784], [108.36746726, 47.74984683], [108.36749035, 47.74985346], [108.3675147, 47.74985758], [108.36753971, 47.74985908], [108.36756475, 47.74985792], [108.36758922, 47.74985414], [108.3676125, 47.74984782], [108.36966586, 47.7491597], [108.36968966, 47.74914989], [108.36971057, 47.74913745], [108.36972796, 47.74912275], [108.36974129, 47.74910623], [108.36975018, 47.74908841], [108.36975434, 47.74906981], [108.36975364, 47.74905101], [108.36974812, 47.74903258]], [[108.36976107, 47.749214], [108.36973661, 47.74921779], [108.36971332, 47.74922411], [108.36765996, 47.74991223], [108.36763616, 47.74992203], [108.36761525, 47.74993447], [108.36759786, 47.74994917], [108.36758453, 47.74996569], [108.36757564, 47.74998352], [108.36757148, 47.75000211], [108.36757217, 47.75002091], [108.3675777, 47.75003934], [108.36758788, 47.75005685], [108.36807193, 47.75071384], [108.36808806, 47.750732], [108.36810819, 47.75074823], [108.36813185, 47.75076213], [108.36815844, 47.75077337], [108.3681873, 47.75078167], [108.36821774, 47.75078681], [108.36824899, 47.75078869], [108.3682803, 47.75078724], [108.36831088, 47.75078251], [108.36833999, 47.7507746], [108.37032175, 47.75011048], [108.37035149, 47.75009822], [108.37037763, 47.75008267], [108.37039936, 47.75006429], [108.37041604, 47.75004365], [108.37042714, 47.75002137], [108.37043234, 47.74999812], [108.37043147, 47.74997462], [108.37042457, 47.74995158], [108.37041184, 47.7499297], [108.36992776, 47.74927271], [108.36991486, 47.74925819], [108.36989875, 47.74924521], [108.36987983, 47.74923408], [108.36985856, 47.74922509], [108.36983547, 47.74921846], [108.36981112, 47.74921434], [108.36978612, 47.74921284], [108.36976107, 47.749214]], [[108.37031056, 47.75019546], [108.37029758, 47.75019889], [108.36845908, 47.75081501], [108.36844718, 47.75081991], [108.36843673, 47.75082614], [108.36842803, 47.75083349], [108.36842136, 47.75084174], [108.36841692, 47.75085066], [108.36841484, 47.75085995], [108.36841519, 47.75086935], [108.36841795, 47.75087857], [108.36842304, 47.75088732], [108.36843031, 47.75089535], [108.36843954, 47.7509024], [108.36845043, 47.75090826], [108.36846268, 47.75091276], [108.3684759, 47.75091576], [108.36848968, 47.75091716], [108.36850362, 47.75091692], [108.36851729, 47.75091506], [108.36853027, 47.75091163], [108.37036877, 47.75029551], [108.37037954, 47.75029116], [108.37038916, 47.75028573], [108.37039741, 47.75027935], [108.37040407, 47.75027217], [108.37040899, 47.75026439], [108.37041205, 47.75025617], [108.37041316, 47.75024774], [108.3704123, 47.7502393], [108.37040949, 47.75023105], [108.3704048, 47.7502232], [108.37039753, 47.75021517], [108.37038831, 47.75020812], [108.37037741, 47.75020226], [108.37036517, 47.75019776], [108.37035195, 47.75019477], [108.37033816, 47.75019336], [108.37032423, 47.7501936], [108.37031056, 47.75019546]], [[108.3705203, 47.75032733], [108.37048786, 47.75033591], [108.36847028, 47.75101204], [108.36844648, 47.75102185], [108.36842557, 47.75103429], [108.36840818, 47.75104899], [108.36839484, 47.75106551], [108.36838596, 47.75108333], [108.3683818, 47.75110193], [108.36838249, 47.75112073], [108.36838802, 47.75113916], [108.3683982, 47.75115667], [108.36889058, 47.75182493], [108.3689067, 47.75184308], [108.36892684, 47.75185931], [108.3689505, 47.75187322], [108.36897708, 47.75188446], [108.36900595, 47.75189275], [108.36903639, 47.7518979], [108.36906764, 47.75189977], [108.36909895, 47.75189832], [108.36912953, 47.75189359], [108.36915864, 47.75188569], [108.37114043, 47.75122155], [108.37117018, 47.75120929], [108.37119631, 47.75119374], [108.37121805, 47.75117536], [108.37123472, 47.75115472], [108.37124582, 47.75113243], [108.37125102, 47.75110919], [108.37125016, 47.75108569], [108.37124325, 47.75106265], [108.37123052, 47.75104077], [108.37075592, 47.75039667], [108.37073774, 47.75037661], [108.37071468, 47.75035898], [108.37068743, 47.75034432], [108.37065682, 47.75033308], [108.37062378, 47.75032559], [108.37058932, 47.75032209], [108.37055447, 47.75032267], [108.3705203, 47.75032733]], [[108.37083269, 47.7503244], [108.37083971, 47.75034503], [108.37085142, 47.75036466], [108.37132602, 47.75100876], [108.37134215, 47.75102691], [108.37136229, 47.75104314], [108.37138594, 47.75105704], [108.37141253, 47.75106828], [108.3714414, 47.75107658], [108.37147184, 47.75108172], [108.37150309, 47.75108359], [108.3715344, 47.75108215], [108.37156498, 47.75107741], [108.37159409, 47.75106951], [108.37167766, 47.7510415], [108.37169352, 47.75103497], [108.37170746, 47.75102667], [108.37171905, 47.75101687], [108.37172794, 47.75100586], [108.37173386, 47.75099398], [108.37173664, 47.75098158], [108.37173617, 47.75096905], [108.37173249, 47.75095676], [108.3717257, 47.75094509], [108.37157145, 47.75073576], [108.37223999, 47.7505117], [108.37200268, 47.75018965], [108.37211012, 47.75015364], [108.37246015, 47.75062866], [108.37183937, 47.75083672], [108.37182747, 47.75084162], [108.37181702, 47.75084784], [108.37180832, 47.75085519], [108.37180165, 47.75086345], [108.37179721, 47.75087236], [108.37179513, 47.75088166], [108.37179548, 47.75089106], [108.37179824, 47.75090028], [108.37180334, 47.75090903], [108.37180927, 47.75091708], [108.37181896, 47.75092778], [108.37183126, 47.75093718], [108.37184579, 47.750945], [108.37186212, 47.75095099], [108.37187974, 47.75095499], [108.37189812, 47.75095686], [108.37191671, 47.75095654], [108.37193493, 47.75095406], [108.37195224, 47.75094948], [108.37272821, 47.75068941], [108.37274408, 47.75068287], [108.37275802, 47.75067458], [108.37276961, 47.75066478], [108.3727785, 47.75065377], [108.37278442, 47.75064188], [108.37278719, 47.75062949], [108.37278673, 47.75061695], [108.37278305, 47.75060466], [108.37277626, 47.75059299], [108.37262201, 47.75038366], [108.37354123, 47.75007558], [108.37365395, 47.75022855], [108.37288992, 47.75048462], [108.37287802, 47.75048952], [108.37286757, 47.75049574], [108.37285888, 47.7505031], [108.37285221, 47.75051135], [108.37284777, 47.75052027], [108.37284569, 47.75052956], [108.37284604, 47.75053896], [108.3728488, 47.75054818], [108.37285389, 47.75055693], [108.37285982, 47.75056499], [108.37286842, 47.75057467], [108.37287916, 47.75058332], [108.37289178, 47.75059074], [108.37290596, 47.75059673], [108.37292136, 47.75060115], [108.37293759, 47.7506039], [108.37295426, 47.7506049], [108.37297095, 47.75060412], [108.37298727, 47.7506016], [108.37300279, 47.75059739], [108.37394589, 47.75028129], [108.37396024, 47.75027549], [108.37397308, 47.75026825], [108.37398407, 47.75025974], [108.37399296, 47.75025018], [108.37399952, 47.75023979], [108.37400359, 47.75022884], [108.37400507, 47.7502176], [108.37400392, 47.75020634], [108.37400018, 47.75019534], [108.37399393, 47.75018487], [108.37383967, 47.74997555], [108.37503345, 47.74957542], [108.37518771, 47.74978474], [108.3751974, 47.74979544], [108.3752097, 47.74980484], [108.37522423, 47.74981266], [108.37524056, 47.74981865], [108.37525818, 47.74982265], [108.37527656, 47.74982452], [108.37529515, 47.7498242], [108.37531337, 47.74982172], [108.37533067, 47.74981714], [108.37553361, 47.74974912], [108.37556335, 47.74973686], [108.37558949, 47.74972131], [108.37561122, 47.74970293], [108.37562789, 47.74968228], [108.37563899, 47.74966], [108.37564419, 47.74963675], [108.37564332, 47.74961325], [108.37563641, 47.74959021], [108.37562368, 47.74956833], [108.37514904, 47.74892425], [108.37513086, 47.74890419], [108.3751078, 47.74888657], [108.37508055, 47.74887191], [108.37504994, 47.74886067], [108.3750169, 47.74885318], [108.37498244, 47.74884968], [108.37494759, 47.74885026], [108.37491343, 47.74885492], [108.37488098, 47.74886351], [108.37094151, 47.75018388], [108.37091459, 47.75019475], [108.37089053, 47.75020834], [108.37086991, 47.75022429], [108.37085325, 47.75024222], [108.37084095, 47.75026169], [108.37083332, 47.75028221], [108.37083054, 47.75030329], [108.37083269, 47.7503244]], [[108.37501609, 47.74977523], [108.37500322, 47.74977712], [108.37499098, 47.7497804], [108.37410759, 47.7500765], [108.37409569, 47.7500814], [108.37408524, 47.75008762], [108.37407655, 47.75009498], [108.37406988, 47.75010323], [108.37406544, 47.75011215], [108.37406336, 47.75012144], [108.37406371, 47.75013084], [108.37406647, 47.75014006], [108.37407156, 47.75014881], [108.37407749, 47.75015686], [108.37408609, 47.75016655], [108.37409684, 47.7501752], [108.37410945, 47.75018262], [108.37412363, 47.75018861], [108.37413903, 47.75019303], [108.37415526, 47.75019578], [108.37417193, 47.75019677], [108.37418863, 47.750196], [108.37420494, 47.75019348], [108.37422046, 47.75018926], [108.3750561, 47.74990917], [108.37507104, 47.74990309], [108.37508431, 47.74989545], [108.37509555, 47.74988645], [108.37510446, 47.74987633], [108.37511081, 47.74986537], [108.37511443, 47.74985386], [108.37511521, 47.74984211], [108.37511315, 47.74983042], [108.37510828, 47.74981912], [108.37510075, 47.74980851], [108.37509483, 47.74980058], [108.37508706, 47.74979341], [108.37507765, 47.74978719], [108.37506686, 47.7497821], [108.37505497, 47.74977828], [108.37504232, 47.74977582], [108.37502924, 47.7497748], [108.37501609, 47.74977523]], [[108.3752249, 47.74884732], [108.3752318, 47.74887036], [108.37524454, 47.74889224], [108.37571918, 47.74953632], [108.37573531, 47.74955447], [108.37575545, 47.7495707], [108.3757791, 47.7495846], [108.37580569, 47.74959584], [108.37583456, 47.74960413], [108.37586499, 47.74960928], [108.37589625, 47.74961115], [108.37592755, 47.7496097], [108.37595813, 47.74960497], [108.37598724, 47.74959706], [108.37630955, 47.74948902], [108.37632542, 47.74948249], [108.37633935, 47.74947419], [108.37635095, 47.74946439], [108.37635984, 47.74945338], [108.37636576, 47.74944149], [108.37636853, 47.7494291], [108.37636806, 47.74941656], [108.37636438, 47.74940427], [108.37635759, 47.7493926], [108.37630779, 47.74932502], [108.37646531, 47.74927618], [108.37645454, 47.74928053], [108.37644492, 47.74928596], [108.37643667, 47.74929234], [108.37643001, 47.74929952], [108.37642509, 47.7493073], [108.37642204, 47.74931551], [108.37642093, 47.74932395], [108.37642179, 47.74933239], [108.3764246, 47.74934064], [108.37642928, 47.74934849], [108.37644115, 47.74936459], [108.37645084, 47.74937529], [108.37646314, 47.74938469], [108.37647768, 47.74939251], [108.376494, 47.7493985], [108.37651163, 47.7494025], [108.37653001, 47.74940437], [108.37654859, 47.74940405], [108.37656681, 47.74940157], [108.37658412, 47.74939699], [108.37753911, 47.74907687], [108.37755346, 47.74907106], [108.3775663, 47.74906382], [108.37757729, 47.74905531], [108.37758618, 47.74904575], [108.37759273, 47.74903536], [108.3775968, 47.74902442], [108.37759828, 47.74901318], [108.37759713, 47.74900192], [108.37759339, 47.74899092], [108.37758714, 47.74898045], [108.37757527, 47.74896434], [108.377568, 47.74895632], [108.37755878, 47.74894927], [108.37754788, 47.74894341], [108.37753563, 47.74893891], [108.37752242, 47.74893592], [108.37750863, 47.74893452], [108.37749469, 47.74893475], [108.37748103, 47.74893661], [108.37746805, 47.74894005], [108.37761693, 47.74887947], [108.3776707, 47.74895243], [108.3776793, 47.74896212], [108.37769004, 47.74897077], [108.37770266, 47.74897819], [108.37771684, 47.74898418], [108.37773224, 47.7489886], [108.37774847, 47.74899134], [108.37776514, 47.74899234], [108.37778183, 47.74899157], [108.37779814, 47.74898904], [108.37781367, 47.74898483], [108.37813597, 47.74887678], [108.37816571, 47.74886453], [108.37819185, 47.74884897], [108.37821358, 47.74883059], [108.37823025, 47.74880995], [108.37824135, 47.74878766], [108.37824654, 47.74876442], [108.37824567, 47.74874092], [108.37823876, 47.74871788], [108.37822603, 47.748696], [108.37775137, 47.74805193], [108.37773524, 47.74803378], [108.3777151, 47.74801755], [108.37769144, 47.74800365], [108.37766486, 47.74799241], [108.37763599, 47.74798412], [108.37760555, 47.74797897], [108.3775743, 47.7479771], [108.377543, 47.74797855], [108.37751242, 47.74798329], [108.37748331, 47.74799119], [108.37716101, 47.74809923], [108.37714515, 47.74810577], [108.37713121, 47.74811407], [108.37711962, 47.74812387], [108.37711073, 47.74813488], [108.37710481, 47.74814676], [108.37710204, 47.74815916], [108.3771025, 47.74817169], [108.37710619, 47.74818398], [108.37711298, 47.74819565], [108.37716143, 47.74826141], [108.37700999, 47.74831052], [108.37702091, 47.74830532], [108.3770304, 47.74829897], [108.3770382, 47.74829165], [108.37704409, 47.74828355], [108.37704791, 47.74827492], [108.37704955, 47.74826597], [108.37704897, 47.74825697], [108.37704619, 47.74824815], [108.37704128, 47.74823977], [108.37702942, 47.74822366], [108.37702082, 47.74821398], [108.37701008, 47.74820533], [108.37699746, 47.74819791], [108.37698328, 47.74819192], [108.37696788, 47.7481875], [108.37695165, 47.74818475], [108.37693498, 47.74818376], [108.37691829, 47.74818453], [108.37690198, 47.74818705], [108.37688645, 47.74819127], [108.37593147, 47.74851139], [108.37591561, 47.74851792], [108.37590167, 47.74852622], [108.37589008, 47.74853602], [108.37588119, 47.74854703], [108.37587527, 47.74855892], [108.3758725, 47.74857131], [108.37587297, 47.74858385], [108.37587665, 47.74859614], [108.37588344, 47.74860781], [108.37589531, 47.74862391], [108.37590174, 47.74863116], [108.37590978, 47.74863764], [108.37591922, 47.7486432], [108.37592983, 47.74864769], [108.37594136, 47.74865101], [108.37595351, 47.74865307], [108.37596599, 47.74865382], [108.37597849, 47.74865325], [108.3759907, 47.74865137], [108.37584428, 47.74869607], [108.37579988, 47.74863582], [108.37579128, 47.74862613], [108.37578054, 47.74861748], [108.37576792, 47.74861006], [108.37575374, 47.74860407], [108.37573835, 47.74859965], [108.37572211, 47.7485969], [108.37570544, 47.74859591], [108.37568875, 47.74859668], [108.37567244, 47.74859921], [108.37565692, 47.74860342], [108.37533461, 47.74871146], [108.37530486, 47.74872371], [108.37527873, 47.74873927], [108.375257, 47.74875765], [108.37524033, 47.74877829], [108.37522923, 47.74880057], [108.37522403, 47.74882382], [108.3752249, 47.74884732]], [[108.37791347, 47.74800005], [108.37790058, 47.74800191], [108.3778906, 47.74800772], [108.37788217, 47.74801455], [108.3778755, 47.74802221], [108.37787078, 47.74803051], [108.37786813, 47.74803921], [108.37786763, 47.7480481], [108.37953494, 47.75031037], [108.37954575, 47.75031546], [108.37955764, 47.75031929], [108.37957029, 47.75032176], [108.37958338, 47.75032281], [108.37959654, 47.75032239], [108.37960943, 47.75032054], [108.37961941, 47.75031473], [108.37962784, 47.7503079], [108.37963451, 47.75030024], [108.37963923, 47.75029194], [108.37964188, 47.75028323], [108.37964238, 47.75027435], [108.37797506, 47.74801208], [108.37796426, 47.74800699], [108.37795237, 47.74800316], [108.37793971, 47.74800068], [108.37792663, 47.74799964], [108.37791347, 47.74800005]], [[108.37736422, 47.74795079], [108.37737612, 47.74794589], [108.37738657, 47.74793967], [108.37739526, 47.74793232], [108.37740193, 47.74792406], [108.37740637, 47.74791515], [108.37740845, 47.74790585], [108.3774081, 47.74789645], [108.37740534, 47.74788723], [108.37740025, 47.74787848], [108.3773938, 47.74787122], [108.37738574, 47.74786473], [108.37737628, 47.74785917], [108.37736564, 47.74785467], [108.3773541, 47.74785135], [108.37734192, 47.7478493], [108.37732942, 47.74784855], [108.3773169, 47.74784913], [108.37730467, 47.74785102], [108.37729303, 47.74785418], [108.37528757, 47.74852643], [108.37527567, 47.74853133], [108.37526522, 47.74853755], [108.37525653, 47.74854491], [108.37524986, 47.74855316], [108.37524542, 47.74856208], [108.37524334, 47.74857137], [108.37524369, 47.74858077], [108.37524645, 47.74858999], [108.37525154, 47.74859874], [108.37525799, 47.748606], [108.37526605, 47.7486125], [108.37527551, 47.74861806], [108.37528615, 47.74862255], [108.37529769, 47.74862587], [108.37530987, 47.74862793], [108.37532237, 47.74862868], [108.37533489, 47.7486281], [108.37534712, 47.7486262], [108.37535877, 47.74862304], [108.37736422, 47.74795079]], [[108.3751088, 47.74849867], [108.37513938, 47.74849393], [108.37516848, 47.74848603], [108.37731718, 47.74776577], [108.37734692, 47.74775351], [108.37737306, 47.74773795], [108.37739479, 47.74771958], [108.37741146, 47.74769893], [108.37742256, 47.74767665], [108.37742775, 47.7476534], [108.37742688, 47.7476299], [108.37741997, 47.74760686], [108.37740724, 47.74758498], [108.3769409, 47.74695218], [108.37692478, 47.74693403], [108.37690464, 47.7469178], [108.37688099, 47.7469039], [108.3768544, 47.74689266], [108.37682553, 47.74688437], [108.3767951, 47.74687922], [108.37676384, 47.74687735], [108.37673254, 47.7468788], [108.37670196, 47.74688354], [108.37667286, 47.74689144], [108.37652961, 47.74693946], [108.37651526, 47.74694526], [108.37650243, 47.7469525], [108.37649143, 47.74696101], [108.37648255, 47.74697057], [108.37647599, 47.74698096], [108.37647192, 47.74699191], [108.37647044, 47.74700315], [108.37647159, 47.74701441], [108.37647533, 47.74702541], [108.37648158, 47.74703588], [108.37648751, 47.74704393], [108.37649478, 47.74705195], [108.37650401, 47.747059], [108.37651491, 47.74706486], [108.37652715, 47.74706936], [108.37654037, 47.74707236], [108.37655415, 47.74707376], [108.37656809, 47.74707352], [108.37658176, 47.74707166], [108.37659473, 47.74706822], [108.37672604, 47.74702421], [108.37693369, 47.74730599], [108.37664721, 47.74740203], [108.37639802, 47.74706389], [108.37638833, 47.74705319], [108.37637603, 47.74704379], [108.3763615, 47.74703597], [108.37634517, 47.74702998], [108.37632755, 47.74702598], [108.37630917, 47.74702411], [108.37629059, 47.74702443], [108.37627237, 47.74702691], [108.37625506, 47.74703149], [108.37587308, 47.74715954], [108.37585722, 47.74716607], [108.37584328, 47.74717437], [108.37583169, 47.74718417], [108.3758228, 47.74719518], [108.37581688, 47.74720707], [108.37581411, 47.74721946], [108.37581457, 47.747232], [108.37581825, 47.74724429], [108.37582505, 47.74725596], [108.37583098, 47.74726401], [108.37583743, 47.74727127], [108.37584548, 47.74727776], [108.37585495, 47.74728332], [108.37586558, 47.74728782], [108.37587713, 47.74729113], [108.3758893, 47.74729319], [108.3759018, 47.74729394], [108.37591432, 47.74729336], [108.37592656, 47.74729147], [108.37593783, 47.7472884], [108.37571333, 47.74736322], [108.37572485, 47.74735828], [108.37573493, 47.74735208], [108.37574328, 47.74734479], [108.37574965, 47.74733665], [108.37575384, 47.74732789], [108.37575574, 47.74731878], [108.37575528, 47.74730958], [108.37575248, 47.74730057], [108.37574742, 47.74729202], [108.37574149, 47.74728397], [108.37573289, 47.74727428], [108.37572215, 47.74726563], [108.37570953, 47.74725821], [108.37569535, 47.74725222], [108.37567995, 47.7472478], [108.37566372, 47.74724505], [108.37564705, 47.74724406], [108.37563036, 47.74724483], [108.37561405, 47.74724736], [108.37559853, 47.74725157], [108.3748823, 47.74749165], [108.37486644, 47.74749819], [108.3748525, 47.74750648], [108.37484091, 47.74751629], [108.37483202, 47.7475273], [108.3748261, 47.74753918], [108.37482333, 47.74755158], [108.37482379, 47.74756411], [108.37482747, 47.7475764], [108.37483426, 47.74758807], [108.3748402, 47.74759612], [108.37484665, 47.74760338], [108.3748547, 47.74760987], [108.37486416, 47.74761543], [108.3748748, 47.74761993], [108.37488634, 47.74762325], [108.37489852, 47.7476253], [108.37491102, 47.74762605], [108.37492354, 47.74762547], [108.37493577, 47.74762358], [108.3749429, 47.74762164], [108.37472161, 47.74769586], [108.37473331, 47.74769094], [108.37474358, 47.74768473], [108.37475209, 47.74767741], [108.3747586, 47.74766922], [108.37476292, 47.74766038], [108.3747649, 47.74765118], [108.37476449, 47.74764188], [108.37476171, 47.74763278], [108.37475664, 47.74762413], [108.3747507, 47.74761608], [108.3747421, 47.7476064], [108.37473136, 47.74759774], [108.37471875, 47.74759033], [108.37470457, 47.74758433], [108.37468917, 47.74757991], [108.37467294, 47.74757717], [108.37465627, 47.74757617], [108.37463958, 47.74757694], [108.37462327, 47.74757947], [108.37460774, 47.74758368], [108.37448837, 47.74762369], [108.37446458, 47.7476335], [108.37444367, 47.74764594], [108.37442629, 47.74766064], [108.37441295, 47.74767716], [108.37440407, 47.74769499], [108.37439991, 47.74771358], [108.37440061, 47.74773238], [108.37440613, 47.74775082], [108.37441632, 47.74776832], [108.37490043, 47.74842528], [108.37491656, 47.74844344], [108.37493669, 47.74845967], [108.37496035, 47.74847357], [108.37498694, 47.74848481], [108.3750158, 47.7484931], [108.37504624, 47.74849824], [108.37507749, 47.74850012], [108.3751088, 47.74849867]], [[108.37748197, 47.74752479], [108.37749277, 47.74752988], [108.37750466, 47.74753371], [108.37751732, 47.74753619], [108.3775304, 47.74753723], [108.37754357, 47.74753682], [108.37755645, 47.74753496], [108.37756643, 47.74752915], [108.37757486, 47.74752233], [108.37758153, 47.74751466], [108.37758625, 47.74750636], [108.3775889, 47.74749766], [108.3775894, 47.74748878], [108.37479985, 47.74370322], [108.37478905, 47.74369813], [108.37477716, 47.7436943], [108.37476451, 47.74369182], [108.37475142, 47.74369078], [108.37473826, 47.74369119], [108.37472537, 47.74369305], [108.3747154, 47.74369885], [108.37470697, 47.74370568], [108.3747003, 47.74371335], [108.37469558, 47.74372165], [108.37469293, 47.74373035], [108.37469242, 47.74373923], [108.37748197, 47.74752479]], [[108.37482457, 47.74850222], [108.37481766, 47.74847918], [108.37480493, 47.7484573], [108.37432082, 47.74780033], [108.37430792, 47.74778581], [108.37429181, 47.74777283], [108.37427288, 47.7477617], [108.37425161, 47.74775271], [108.37422852, 47.74774608], [108.37420417, 47.74774196], [108.37417917, 47.74774047], [108.37415413, 47.74774162], [108.37412966, 47.74774541], [108.37410638, 47.74775173], [108.37009534, 47.74909608], [108.37007154, 47.74910589], [108.37005063, 47.74911833], [108.37003325, 47.74913303], [108.37001991, 47.74914955], [108.37001103, 47.74916737], [108.37000687, 47.74918597], [108.37000756, 47.74920477], [108.37001308, 47.7492232], [108.37002327, 47.74924071], [108.37050734, 47.74989769], [108.37052347, 47.74991584], [108.3705436, 47.74993207], [108.37056726, 47.74994598], [108.37059385, 47.74995721], [108.37062271, 47.74996551], [108.37065315, 47.74997066], [108.3706844, 47.74997253], [108.37071571, 47.74997108], [108.37074629, 47.74996635], [108.3707754, 47.74995844], [108.37471486, 47.74863808], [108.3747446, 47.74862582], [108.37477074, 47.74861027], [108.37479247, 47.74859189], [108.37480914, 47.74857125], [108.37482024, 47.74854896], [108.37482544, 47.74852572], [108.37482457, 47.74850222]], [[108.37470107, 47.74872394], [108.37468809, 47.74872737], [108.37089449, 47.74999885], [108.37088318, 47.75000346], [108.37087316, 47.75000926], [108.37086469, 47.7500161], [108.370858, 47.75002378], [108.37085327, 47.7500321], [108.37085065, 47.75004083], [108.37085019, 47.75004974], [108.37085191, 47.75005857], [108.37085576, 47.75006709], [108.37086164, 47.75007507], [108.37086938, 47.75008229], [108.37087878, 47.75008854], [108.37088958, 47.75009367], [108.37090149, 47.75009754], [108.37091418, 47.75010002], [108.37092729, 47.75010107], [108.37094049, 47.75010064], [108.3709534, 47.75009876], [108.37096568, 47.75009546], [108.37475928, 47.74882398], [108.37477118, 47.74881908], [108.37478163, 47.74881286], [108.37479033, 47.74880551], [108.374797, 47.74879725], [108.37480144, 47.74878834], [108.37480351, 47.74877904], [108.37480317, 47.74876964], [108.37480041, 47.74876042], [108.37479531, 47.74875167], [108.37478804, 47.74874365], [108.37477882, 47.7487366], [108.37476792, 47.74873073], [108.37475567, 47.74872624], [108.37474246, 47.74872324], [108.37472867, 47.74872184], [108.37471473, 47.74872207], [108.37470107, 47.74872394]]]}, "geometry_name": "geom", "properties": {"guid": 3248929, "id": 3248929, "object_no": null, "object_name": "Төлөвлөлтийн зам", "layer_type_id": 975, "valid_to": null, "address_no": null, "border_type": "solid", "border_width": 1, "border_color": "#bcbcbc", "border_opacity": 1, "border_wellknown": "shape://horizline", "fill_type": "color", "fill_color": "#bcbcbc", "fill_opacity": 0.36, "fill_wellknown": null, "fill_shape_color": null, "fill_shape_width": null, "fill_shape_size": null, "fill_img_url": null, "marker_img_url": null}},{"type": "Feature", "id": "layer_data_map.fid--27e80436_1a098c1eed1_-5718", "geometry": {"type": "Polygon", "coordinates": [[[108.39322389, 47.76235693], [108.39318986, 47.76236204], [108.39315766, 47.76237106], [108.39309856, 47.76239186], [108.39307196, 47.7624031], [108.3930483, 47.762417], [108.39302815, 47.76243322], [108.39301202, 47.76245137], [108.39300029, 47.762471], [108.39299327, 47.76249163], [108.39299111, 47.76251274], [108.39299388, 47.76253382], [108.39300151, 47.76255435], [108.39301381, 47.76257382], [108.39620083, 47.7666901], [108.39602352, 47.76675251], [108.39177414, 47.76126392], [108.39137191, 47.76074404], [108.39012446, 47.75913161], [108.39030823, 47.75906707], [108.39166346, 47.76081789], [108.39167395, 47.76083144], [108.3916909, 47.76084963], [108.39171192, 47.76086578], [108.39173647, 47.76087948], [108.39176394, 47.76089037], [108.39179363, 47.76089818], [108.39182478, 47.76090271], [108.3918566, 47.76090385], [108.39188829, 47.76090156], [108.39191903, 47.76089591], [108.39194806, 47.76088704], [108.40029188, 47.75777456], [108.4003148, 47.75776418], [108.40033472, 47.75775129], [108.40035106, 47.75773628], [108.40036334, 47.75771961], [108.40037118, 47.75770176], [108.40037435, 47.75768326], [108.40037276, 47.75766468], [108.40036645, 47.75764655], [108.40035562, 47.75762943], [108.39967258, 47.75676505], [108.39975494, 47.75673546], [108.40043492, 47.75759595], [108.40044858, 47.75761036], [108.40046545, 47.75762313], [108.40048509, 47.75763394], [108.40050702, 47.75764252], [108.40053069, 47.75764866], [108.40055549, 47.7576522], [108.40058082, 47.75765306], [108.40060603, 47.7576512], [108.40063048, 47.75764668], [108.40065357, 47.75763962], [108.40159621, 47.75728792], [108.40198707, 47.7571381], [108.40237272, 47.75698225], [108.40275293, 47.75682046], [108.40312753, 47.7566528], [108.40349629, 47.75647938], [108.40385904, 47.75630027], [108.40421558, 47.75611559], [108.40456571, 47.75592541], [108.40490926, 47.75572985], [108.40524604, 47.75552901], [108.40880841, 47.75335465], [108.40894303, 47.75345495], [108.40545068, 47.7555857], [108.40542819, 47.75560187], [108.40540994, 47.75562031], [108.40539641, 47.75564052], [108.40538798, 47.75566195], [108.40538486, 47.75568402], [108.40538716, 47.75570614], [108.40539479, 47.75572771], [108.40540756, 47.75574814], [108.40638611, 47.75701177], [108.40640488, 47.75703158], [108.40642846, 47.75704889], [108.40645615, 47.75706318], [108.40648709, 47.75707401], [108.40652035, 47.75708105], [108.40655492, 47.75708409], [108.40658974, 47.75708303], [108.40662376, 47.75707791], [108.40665595, 47.75706889], [108.40688618, 47.75698782], [108.40690184, 47.75698107], [108.40691554, 47.75697259], [108.40692683, 47.75696263], [108.4069354, 47.7569515], [108.40694097, 47.75693954], [108.40694337, 47.75692711], [108.40694253, 47.75691458], [108.40693849, 47.75690235], [108.40693135, 47.75689077], [108.40690666, 47.75685889], [108.40772778, 47.75656974], [108.40875106, 47.75789102], [108.4087691, 47.75791957], [108.40878029, 47.75794967], [108.40878436, 47.75798059], [108.40878121, 47.75801155], [108.40877092, 47.7580418], [108.40875373, 47.75807059], [108.40873008, 47.75809722], [108.40870054, 47.75812102], [108.40866584, 47.75814141], [108.40862684, 47.75815789], [108.40724456, 47.75864465], [108.40720136, 47.75858887], [108.40726045, 47.75856806], [108.40728983, 47.75855541], [108.4073155, 47.7585395], [108.40733668, 47.75852084], [108.40735274, 47.75849997], [108.40736318, 47.75847754], [108.40736769, 47.75845423], [108.40736612, 47.75843075], [108.40735853, 47.75840781], [108.40734515, 47.7583861], [108.40581565, 47.75641109], [108.40580249, 47.75639644], [108.40578668, 47.75638304], [108.40517398, 47.75592635], [108.40514887, 47.75591059], [108.40512013, 47.75589796], [108.40508862, 47.75588882], [108.40505525, 47.75588345], [108.40502102, 47.755882], [108.40498692, 47.75588452], [108.40495396, 47.75589094], [108.40492311, 47.75590105], [108.40489528, 47.75591458], [108.40483373, 47.75595027], [108.40450615, 47.7561319], [108.40417286, 47.75630875], [108.40383401, 47.75648071], [108.40348975, 47.75664773], [108.40314025, 47.75680972], [108.40278566, 47.7569666], [108.40242615, 47.75711831], [108.40206188, 47.75726477], [108.40169303, 47.75740592], [108.39963858, 47.75817169], [108.39961006, 47.75818459], [108.39958522, 47.75820058], [108.39956481, 47.75821921], [108.39954943, 47.75823991], [108.39953952, 47.75826209], [108.39953539, 47.75828508], [108.39953715, 47.7583082], [108.39954476, 47.75833079], [108.39955798, 47.75835216], [108.39958567, 47.75838793], [108.40049673, 47.75956456], [108.40051549, 47.75958437], [108.40053908, 47.75960168], [108.40056676, 47.75961597], [108.4005977, 47.7596268], [108.40063096, 47.75963384], [108.40066553, 47.75963688], [108.40070036, 47.75963583], [108.40073439, 47.75963071], [108.40076658, 47.75962169], [108.40287038, 47.758881], [108.40289697, 47.75886977], [108.40292063, 47.75885586], [108.40294077, 47.75883964], [108.4029569, 47.75882148], [108.40296862, 47.75880185], [108.40297565, 47.75878123], [108.4029778, 47.75876012], [108.40297502, 47.75873904], [108.40296739, 47.75871851], [108.40295509, 47.75869904], [108.40231257, 47.75786928], [108.40229497, 47.7578505], [108.40227304, 47.75783393], [108.40224738, 47.75782001], [108.40221867, 47.75780912], [108.4021877, 47.75780155], [108.40215531, 47.75779752], [108.40212237, 47.75779712], [108.40208979, 47.75780038], [108.40205844, 47.75780719], [108.40201243, 47.75774777], [108.40241899, 47.75760463], [108.402465, 47.75766405], [108.40243879, 47.7576775], [108.4024162, 47.75769367], [108.40239786, 47.75771212], [108.40238426, 47.75773235], [108.40237576, 47.75775381], [108.40237261, 47.75777592], [108.40237488, 47.75779808], [108.40238251, 47.75781968], [108.4023953, 47.75784015], [108.40410114, 47.76004304], [108.40411875, 47.76006181], [108.40414068, 47.76007839], [108.40416636, 47.76009231], [108.40419508, 47.7601032], [108.40422606, 47.76011077], [108.40425846, 47.7601148], [108.4042914, 47.76011519], [108.40432399, 47.76011192], [108.40435535, 47.7601051], [108.40441982, 47.76018845], [108.40401325, 47.7603316], [108.40394878, 47.76024824], [108.40397498, 47.76023478], [108.40399755, 47.76021862], [108.40401588, 47.76020017], [108.40402947, 47.76017994], [108.40403796, 47.76015849], [108.40404111, 47.76013638], [108.40403883, 47.76011423], [108.4040312, 47.76009263], [108.40401841, 47.76007217], [108.40318343, 47.75899391], [108.40316676, 47.75897598], [108.40314614, 47.75896003], [108.40312208, 47.75894644], [108.40309516, 47.75893557], [108.40306605, 47.75892767], [108.40303546, 47.75892293], [108.40300415, 47.75892148], [108.40297289, 47.75892335], [108.40294245, 47.7589285], [108.40291358, 47.75893679], [108.40080977, 47.75967748], [108.40078318, 47.75968871], [108.40075952, 47.75970261], [108.40073938, 47.75971884], [108.40072325, 47.75973699], [108.40071153, 47.75975662], [108.4007045, 47.75977725], [108.40070235, 47.75979836], [108.40070512, 47.75981944], [108.40071275, 47.75983996], [108.40072505, 47.75985943], [108.40156, 47.76093771], [108.40157877, 47.76095752], [108.40160235, 47.76097483], [108.40163004, 47.76098911], [108.40166098, 47.76099994], [108.40169424, 47.76100698], [108.40172881, 47.76101002], [108.40176364, 47.76100897], [108.40179767, 47.76100385], [108.40182986, 47.76099483], [108.40189404, 47.76107771], [108.40145672, 47.76123167], [108.40139254, 47.76114879], [108.40142192, 47.76113614], [108.4014476, 47.76112023], [108.40146879, 47.76110157], [108.40148485, 47.7610807], [108.40149529, 47.76105828], [108.4014998, 47.76103497], [108.40149823, 47.76101148], [108.40149064, 47.76098854], [108.40147726, 47.76096683], [108.40064232, 47.75988856], [108.40062355, 47.75986875], [108.40059997, 47.75985144], [108.40057228, 47.75983715], [108.40054134, 47.75982632], [108.40050808, 47.75981928], [108.40047351, 47.75981624], [108.40043868, 47.75981729], [108.40040466, 47.75982241], [108.40037247, 47.75983143], [108.39763981, 47.76079341], [108.39761081, 47.76080477], [108.39758498, 47.76081919], [108.39756301, 47.76083628], [108.3975455, 47.76085556], [108.39753294, 47.76087653], [108.39752566, 47.76089861], [108.39752387, 47.76092119], [108.3975276, 47.76094366], [108.39753677, 47.76096541], [108.39860227, 47.76235114], [108.39862127, 47.76237919], [108.39863338, 47.76240891], [108.3986383, 47.76243956], [108.3986359, 47.76247034], [108.39862625, 47.76250048], [108.39860958, 47.76252918], [108.39858634, 47.76255573], [108.3985571, 47.76257943], [108.39852263, 47.76259968], [108.39848381, 47.76261597], [108.39488463, 47.76388284], [108.39483741, 47.76389607], [108.3947875, 47.76390357], [108.39473641, 47.76390511], [108.39468571, 47.76390065], [108.39463692, 47.76389032], [108.39459154, 47.76387443], [108.39455093, 47.76385348], [108.39451635, 47.76382808], [108.39448882, 47.76379903], [108.39342752, 47.76242821], [108.39340876, 47.7624084], [108.39338517, 47.76239108], [108.39335749, 47.76237679], [108.39332655, 47.76236596], [108.39329329, 47.76235892], [108.39325872, 47.76235588], [108.39322389, 47.76235693]], [[108.39348707, 47.76233819], [108.39348984, 47.76235927], [108.39349746, 47.76237979], [108.39350976, 47.76239926], [108.39402189, 47.76306076], [108.39403691, 47.76307661], [108.39405577, 47.76309046], [108.39407792, 47.7631019], [108.39410267, 47.76311056], [108.39412928, 47.76311619], [108.39415694, 47.76311863], [108.3941848, 47.76311779], [108.39421203, 47.7631137], [108.39423778, 47.76310648], [108.39513664, 47.76279011], [108.39516014, 47.76277999], [108.39518068, 47.76276727], [108.39519764, 47.76275234], [108.39521049, 47.76273564], [108.39521884, 47.7627177], [108.39522245, 47.76269906], [108.3952212, 47.76268027], [108.39521514, 47.76266191], [108.39520443, 47.76264455], [108.3951551, 47.76258083], [108.3951476, 47.76257291], [108.39513816, 47.76256598], [108.39512709, 47.76256027], [108.39511471, 47.76255594], [108.39510141, 47.76255312], [108.39508758, 47.7625519], [108.39507365, 47.76255232], [108.39506004, 47.76255437], [108.39504716, 47.76255798], [108.39488018, 47.76261675], [108.39481848, 47.76253705], [108.39498546, 47.76247828], [108.39499609, 47.76247379], [108.39500556, 47.76246822], [108.39501362, 47.76246173], [108.39502007, 47.76245447], [108.39502476, 47.76244662], [108.39502757, 47.76243837], [108.39502843, 47.76242993], [108.39502732, 47.7624215], [108.39502427, 47.76241329], [108.39501935, 47.7624055], [108.39487122, 47.76221417], [108.39486456, 47.762207], [108.39485631, 47.76220061], [108.39484669, 47.76219518], [108.39483592, 47.76219083], [108.39482427, 47.76218767], [108.39481204, 47.76218577], [108.39479951, 47.76218519], [108.39478701, 47.76218594], [108.39477483, 47.762188], [108.39476328, 47.76219131], [108.394597, 47.76224984], [108.3945353, 47.76217014], [108.39470158, 47.76211161], [108.39471333, 47.76210655], [108.3947236, 47.76210019], [108.39473208, 47.76209273], [108.3947385, 47.76208438], [108.39474268, 47.76207541], [108.39474449, 47.76206609], [108.39474386, 47.76205669], [108.39474083, 47.76204751], [108.39473548, 47.76203883], [108.39469229, 47.76198305], [108.39467563, 47.76196512], [108.39465501, 47.76194916], [108.39463095, 47.76193558], [108.39460403, 47.7619247], [108.39457491, 47.7619168], [108.39454433, 47.76191206], [108.39451301, 47.76191061], [108.39448175, 47.76191248], [108.39445131, 47.76191762], [108.39442243, 47.76192591], [108.39359451, 47.76221731], [108.39356792, 47.76222854], [108.39354425, 47.76224244], [108.39352411, 47.76225867], [108.39350797, 47.76227682], [108.39349625, 47.76229645], [108.39348922, 47.76231707], [108.39348707, 47.76233819]], [[108.39431644, 47.76314979], [108.39428984, 47.76316102], [108.39426618, 47.76317492], [108.39424603, 47.76319115], [108.3942299, 47.7632093], [108.39421817, 47.76322893], [108.39421115, 47.76324955], [108.39420899, 47.76327066], [108.39421176, 47.76329174], [108.39421939, 47.76331227], [108.39423169, 47.76333174], [108.39457106, 47.76377008], [108.39458983, 47.76378989], [108.39461341, 47.76380721], [108.3946411, 47.7638215], [108.39467204, 47.76383233], [108.3947053, 47.76383937], [108.39473987, 47.76384241], [108.3947747, 47.76384136], [108.39480873, 47.76383625], [108.39484093, 47.76382722], [108.39675634, 47.76315304], [108.39678572, 47.76314039], [108.3968114, 47.76312449], [108.39683259, 47.76310582], [108.39684865, 47.76308496], [108.3968591, 47.76306253], [108.39686361, 47.76303922], [108.39686205, 47.76301574], [108.39685446, 47.7629928], [108.39684108, 47.76297109], [108.39650169, 47.76253275], [108.39648503, 47.76251482], [108.39646441, 47.76249887], [108.39644035, 47.76248528], [108.39641342, 47.7624744], [108.39638431, 47.7624665], [108.39635372, 47.76246176], [108.39632241, 47.76246031], [108.39629115, 47.76246218], [108.39626071, 47.76246732], [108.39623183, 47.76247562], [108.39431644, 47.76314979]], [[108.39656347, 47.76245898], [108.39657105, 47.76248192], [108.39658443, 47.76250363], [108.39692382, 47.76294196], [108.39694259, 47.76296178], [108.39696617, 47.76297909], [108.39699386, 47.76299338], [108.3970248, 47.76300421], [108.39705806, 47.76301125], [108.39709263, 47.76301429], [108.39712746, 47.76301324], [108.39716149, 47.76300812], [108.39719369, 47.7629991], [108.39843598, 47.76256181], [108.398465, 47.76254945], [108.39849041, 47.7625339], [108.39851145, 47.76251561], [108.39852749, 47.76249515], [108.39853804, 47.76247313], [108.39854278, 47.7624502], [108.39854157, 47.76242708], [108.39853444, 47.76240444], [108.39852162, 47.76238297], [108.39818013, 47.76194194], [108.39816388, 47.76192401], [108.39814365, 47.76190803], [108.39811995, 47.76189438], [108.39809337, 47.76188342], [108.39806456, 47.76187541], [108.39803424, 47.76187055], [108.39800317, 47.76186896], [108.39797211, 47.76187068], [108.39794184, 47.76187567], [108.39791311, 47.76188381], [108.39666917, 47.76232167], [108.39663979, 47.76233433], [108.39661412, 47.76235023], [108.39659292, 47.76236889], [108.39657686, 47.76238976], [108.39656642, 47.76241219], [108.39656191, 47.7624355], [108.39656347, 47.76245898]], [[108.39735864, 47.76200203], [108.397383, 47.76199792], [108.3974061, 47.76199128], [108.39786826, 47.7618286], [108.39789722, 47.76181627], [108.3979226, 47.76180076], [108.39794362, 47.76178252], [108.39795966, 47.76176212], [108.39797024, 47.76174015], [108.39797503, 47.76171728], [108.39797391, 47.7616942], [108.39796689, 47.76167159], [108.39795419, 47.76165014], [108.39794662, 47.76164238], [108.39793718, 47.76163561], [108.39792617, 47.76163003], [108.3979139, 47.76162581], [108.39790073, 47.76162307], [108.39788707, 47.76162189], [108.3978733, 47.76162231], [108.39785985, 47.76162432], [108.39784711, 47.76162786], [108.39777569, 47.76165271], [108.39771398, 47.76157302], [108.39778475, 47.76154839], [108.39779544, 47.76154391], [108.39780497, 47.76153836], [108.39781308, 47.76153187], [108.39781959, 47.7615246], [108.39782432, 47.76151674], [108.39782717, 47.76150847], [108.39782805, 47.7615], [108.39782695, 47.76149154], [108.3978239, 47.7614833], [108.39781897, 47.76147549], [108.39777269, 47.76141572], [108.39776521, 47.76140782], [108.39775581, 47.76140091], [108.39774478, 47.7613952], [108.39773245, 47.76139087], [108.39771919, 47.76138804], [108.39770541, 47.7613868], [108.39769152, 47.76138719], [108.39767794, 47.76138919], [108.39766508, 47.76139275], [108.39759366, 47.76141761], [108.39753195, 47.76133791], [108.39760271, 47.76131328], [108.39761341, 47.76130881], [108.39762293, 47.76130326], [108.39763105, 47.76129677], [108.39763755, 47.7612895], [108.39764229, 47.76128163], [108.39764513, 47.76127336], [108.39764601, 47.76126489], [108.39764492, 47.76125643], [108.39764186, 47.7612482], [108.39763693, 47.76124039], [108.39759065, 47.76118061], [108.39758317, 47.76117271], [108.39757378, 47.7611658], [108.39756275, 47.76116009], [108.39755042, 47.76115576], [108.39753716, 47.76115293], [108.39752338, 47.76115169], [108.39750949, 47.76115208], [108.3974959, 47.76115409], [108.39748304, 47.76115765], [108.39741162, 47.7611825], [108.39734992, 47.76110281], [108.39742068, 47.76107818], [108.39743236, 47.7610732], [108.39744261, 47.76106695], [108.3974511, 47.7610596], [108.39745759, 47.76105137], [108.39746188, 47.76104252], [108.39746385, 47.76103329], [108.39746344, 47.76102398], [108.39746066, 47.76101485], [108.39745558, 47.76100619], [108.39743684, 47.76098706], [108.39741352, 47.76097037], [108.3973863, 47.76095663], [108.39735599, 47.76094624], [108.39732349, 47.7609395], [108.39728975, 47.76093661], [108.39725579, 47.76093767], [108.39722259, 47.76094263], [108.39719114, 47.76095135], [108.39672733, 47.76111462], [108.39670383, 47.76112474], [108.39668329, 47.76113746], [108.39666633, 47.76115239], [108.39665348, 47.76116908], [108.39664513, 47.76118702], [108.39664152, 47.76120567], [108.39664277, 47.76122446], [108.39664884, 47.76124281], [108.39665954, 47.76126018], [108.39719021, 47.76194558], [108.39720354, 47.76195992], [108.39722004, 47.76197269], [108.39723929, 47.76198355], [108.39726083, 47.76199225], [108.39728412, 47.76199858], [108.39730859, 47.76200237], [108.39733363, 47.76200353], [108.39735864, 47.76200203]], [[108.39714594, 47.76089627], [108.39717509, 47.76088375], [108.39720059, 47.76086802], [108.39722166, 47.76084954], [108.39723767, 47.76082889], [108.39724813, 47.76080668], [108.39725273, 47.76078359], [108.39725134, 47.7607603], [108.39724398, 47.76073753], [108.3972309, 47.76071596], [108.39695834, 47.76036394], [108.39695168, 47.76035677], [108.39694343, 47.76035039], [108.39693381, 47.76034495], [108.39692304, 47.7603406], [108.39691139, 47.76033744], [108.39689916, 47.76033554], [108.39688663, 47.76033496], [108.39687413, 47.76033571], [108.39686195, 47.76033777], [108.3968504, 47.76034109], [108.39669793, 47.76039476], [108.39657452, 47.76023536], [108.39672699, 47.76018169], [108.39673875, 47.76017663], [108.39674902, 47.76017027], [108.39675749, 47.7601628], [108.39676392, 47.76015446], [108.3967681, 47.76014549], [108.3967699, 47.76013616], [108.39676928, 47.76012677], [108.39676624, 47.76011759], [108.39676089, 47.76010891], [108.39661291, 47.75991777], [108.39659645, 47.7598998], [108.39657602, 47.75988379], [108.39655211, 47.75987015], [108.39652532, 47.75985921], [108.39649631, 47.75985124], [108.39646581, 47.75984643], [108.39643457, 47.75984492], [108.39640336, 47.75984674], [108.39637297, 47.75985183], [108.39634414, 47.75986008], [108.3960841, 47.75995161], [108.39606992, 47.7599576], [108.3960573, 47.75996502], [108.39604656, 47.75997367], [108.39603795, 47.75998335], [108.3960317, 47.75999382], [108.39602795, 47.76000482], [108.39602681, 47.76001608], [108.39602828, 47.76002732], [108.39603235, 47.76003827], [108.39603891, 47.76004865], [108.39619934, 47.76025587], [108.39548897, 47.76050592], [108.39532855, 47.7602987], [108.39531854, 47.76028813], [108.39530596, 47.7602789], [108.3952912, 47.76027128], [108.3952747, 47.7602655], [108.39525696, 47.76026175], [108.39523852, 47.76026013], [108.39521995, 47.76026069], [108.3952018, 47.76026341], [108.39518463, 47.76026822], [108.39510189, 47.76029735], [108.39507529, 47.76030858], [108.39505163, 47.76032248], [108.39503149, 47.76033871], [108.39501535, 47.76035686], [108.39500363, 47.76037649], [108.3949966, 47.76039711], [108.39499445, 47.76041823], [108.39499722, 47.76043931], [108.39500485, 47.76045983], [108.39501715, 47.7604793], [108.39563417, 47.76127628], [108.39565294, 47.7612961], [108.39567652, 47.76131341], [108.3957042, 47.7613277], [108.39573515, 47.76133853], [108.39576841, 47.76134557], [108.39580298, 47.76134861], [108.39583781, 47.76134756], [108.39587183, 47.76134244], [108.39590403, 47.76133342], [108.39714594, 47.76089627]], [[108.3973118, 47.76068446], [108.39733358, 47.76070371], [108.39735968, 47.76072034], [108.39738943, 47.7607339], [108.39742203, 47.76074405], [108.39745664, 47.76075051], [108.39749234, 47.76075311], [108.39752819, 47.76075179], [108.39756326, 47.76074659], [108.39759662, 47.76073763], [108.40032927, 47.75977565], [108.40035586, 47.75976441], [108.40037952, 47.75975051], [108.40039967, 47.75973428], [108.4004158, 47.75971613], [108.40042752, 47.7596965], [108.40043454, 47.75967587], [108.40043669, 47.75965476], [108.40043392, 47.75963368], [108.40042629, 47.75961316], [108.40041399, 47.75959369], [108.39950058, 47.75841401], [108.39948077, 47.75838842], [108.39946382, 47.75837022], [108.3994428, 47.75835408], [108.39941824, 47.75834038], [108.39939077, 47.7583295], [108.39936108, 47.75832169], [108.39932993, 47.75831716], [108.39929811, 47.75831602], [108.39926643, 47.75831831], [108.39923569, 47.75832396], [108.39920667, 47.75833283], [108.39202519, 47.76101239], [108.39199668, 47.76102529], [108.39197187, 47.76104129], [108.39195149, 47.76105991], [108.39193612, 47.76108061], [108.39192623, 47.76110277], [108.39192211, 47.76112575], [108.39192388, 47.76114886], [108.39193148, 47.76117144], [108.39194469, 47.7611928], [108.39278551, 47.76227893], [108.39280428, 47.76229874], [108.39282786, 47.76231605], [108.39285554, 47.76233034], [108.39288649, 47.76234117], [108.39291975, 47.76234822], [108.39295432, 47.76235126], [108.39298915, 47.76235021], [108.39302318, 47.76234509], [108.39305537, 47.76233607], [108.39311447, 47.76231527], [108.39314107, 47.76230404], [108.39316473, 47.76229014], [108.39318488, 47.76227391], [108.39320101, 47.76225576], [108.39321274, 47.76223613], [108.39321976, 47.76221551], [108.39322192, 47.76219439], [108.39321915, 47.76217332], [108.39321152, 47.76215279], [108.39319923, 47.76213332], [108.39258222, 47.76133632], [108.39256419, 47.76130777], [108.39255301, 47.76127766], [108.39254894, 47.76124675], [108.3925521, 47.76121578], [108.39256241, 47.76118553], [108.3925796, 47.76115674], [108.39260327, 47.76113012], [108.39263282, 47.76110632], [108.39266752, 47.76108594], [108.39270653, 47.76106946], [108.39630685, 47.75980221], [108.39634864, 47.75978966], [108.39639289, 47.75978187], [108.39643844, 47.75977903], [108.39648406, 47.75978123], [108.39652854, 47.75978841], [108.3965707, 47.75980037], [108.39660941, 47.7598168], [108.39664364, 47.75983726], [108.39667247, 47.75986121], [108.39669514, 47.75988799], [108.3973118, 47.76068446]], [[108.39280817, 47.76110957], [108.39279003, 47.7611123], [108.39277286, 47.76111711], [108.39274922, 47.76112543], [108.39272262, 47.76113666], [108.39269896, 47.76115056], [108.39267881, 47.76116679], [108.39266268, 47.76118494], [108.39265095, 47.76120457], [108.39264392, 47.76122519], [108.39264177, 47.7612463], [108.39264454, 47.76126738], [108.39265217, 47.76128791], [108.39266446, 47.76130738], [108.39328146, 47.76210437], [108.39330023, 47.76212419], [108.39332381, 47.7621415], [108.39335149, 47.76215579], [108.39338244, 47.76216662], [108.3934157, 47.76217366], [108.39345027, 47.76217671], [108.3934851, 47.76217565], [108.39351913, 47.76217054], [108.39355132, 47.76216152], [108.39395371, 47.76201989], [108.39396547, 47.76201483], [108.39397574, 47.76200847], [108.39398422, 47.762001], [108.39399064, 47.76199266], [108.39399482, 47.76198369], [108.39399662, 47.76197436], [108.393996, 47.76196497], [108.39399297, 47.76195579], [108.39398761, 47.76194711], [108.39381485, 47.76172395], [108.39427584, 47.7615617], [108.39428647, 47.76155721], [108.39429594, 47.76155165], [108.394304, 47.76154516], [108.39431045, 47.7615379], [108.39431514, 47.76153004], [108.39431795, 47.76152179], [108.39431881, 47.76151335], [108.3943177, 47.76150492], [108.39431465, 47.76149671], [108.39430973, 47.76148892], [108.39384698, 47.76089118], [108.39382821, 47.76087137], [108.39380463, 47.76085405], [108.39377695, 47.76083976], [108.393746, 47.76082893], [108.39371274, 47.76082189], [108.39367817, 47.76081885], [108.39364335, 47.7608199], [108.39360932, 47.76082501], [108.39357712, 47.76083403], [108.39355348, 47.76084235], [108.3935393, 47.76084835], [108.39352668, 47.76085576], [108.39351594, 47.76086441], [108.39350733, 47.76087409], [108.39350108, 47.76088456], [108.39349733, 47.76089556], [108.39349618, 47.76090682], [108.39349766, 47.76091806], [108.39350173, 47.76092901], [108.39350828, 47.7609394], [108.39355764, 47.76100315], [108.39296614, 47.76121134], [108.39291678, 47.76114758], [108.39290677, 47.76113702], [108.39289419, 47.76112778], [108.39287943, 47.76112016], [108.39286293, 47.76111439], [108.39284519, 47.76111063], [108.39282675, 47.76110901], [108.39280817, 47.76110957]], [[108.39433658, 47.76160415], [108.39432441, 47.7616062], [108.39431286, 47.76160952], [108.39424194, 47.76163448], [108.39423662, 47.76163673], [108.39423188, 47.76163951], [108.39422785, 47.76164275], [108.39422463, 47.76164638], [108.39422228, 47.76165031], [108.39422088, 47.76165444], [108.39422045, 47.76165866], [108.394221, 47.76166287], [108.39422253, 47.76166698], [108.39422499, 47.76167087], [108.39428669, 47.76175057], [108.39403846, 47.76183794], [108.39403315, 47.76184019], [108.39402841, 47.76184297], [108.39402438, 47.76184621], [108.39402116, 47.76184984], [108.39401881, 47.76185377], [108.39401741, 47.76185789], [108.39401698, 47.76186211], [108.39401753, 47.76186633], [108.39401906, 47.76187044], [108.39402151, 47.76187433], [108.39405854, 47.76192215], [108.39406604, 47.76193007], [108.39407547, 47.761937], [108.39408655, 47.76194271], [108.39409892, 47.76194705], [108.39411223, 47.76194986], [108.39412606, 47.76195108], [108.39413999, 47.76195066], [108.3941536, 47.76194861], [108.39416648, 47.76194501], [108.39437924, 47.76187012], [108.39440584, 47.76185889], [108.3944295, 47.76184498], [108.39444965, 47.76182876], [108.39446578, 47.76181061], [108.3944775, 47.76179098], [108.39448453, 47.76177035], [108.39448668, 47.76174924], [108.39448391, 47.76172816], [108.39447629, 47.76170764], [108.39446399, 47.76168817], [108.3944208, 47.76163238], [108.39441413, 47.7616252], [108.39440589, 47.76161882], [108.39439626, 47.76161339], [108.39438549, 47.76160904], [108.39437385, 47.76160588], [108.39436161, 47.76160398], [108.39434909, 47.7616034], [108.39433658, 47.76160415]], [[108.39485978, 47.76177197], [108.3948304, 47.76178463], [108.39480472, 47.76180053], [108.39478353, 47.76181919], [108.39476746, 47.76184006], [108.39475702, 47.76186248], [108.39475251, 47.76188579], [108.39475407, 47.76190928], [108.39476165, 47.76193222], [108.39477503, 47.76195393], [108.39528718, 47.76261542], [108.3953005, 47.76262977], [108.395317, 47.76264254], [108.39533625, 47.7626534], [108.39535779, 47.7626621], [108.39538108, 47.76266843], [108.39540555, 47.76267222], [108.3954306, 47.76267338], [108.39545561, 47.76267188], [108.39547996, 47.76266777], [108.39550306, 47.76266114], [108.39618864, 47.76241983], [108.39621802, 47.76240717], [108.39624369, 47.76239127], [108.39626489, 47.76237261], [108.39628095, 47.76235174], [108.39629139, 47.76232932], [108.3962959, 47.76230601], [108.39629434, 47.76228252], [108.39628676, 47.76225958], [108.39627338, 47.76223787], [108.39620242, 47.76214622], [108.39619853, 47.76214204], [108.39619372, 47.76213831], [108.3961881, 47.76213514], [108.39618182, 47.76213261], [108.39617503, 47.76213076], [108.39616789, 47.76212966], [108.39616059, 47.76212932], [108.39615329, 47.76212975], [108.39614619, 47.76213095], [108.39613945, 47.76213289], [108.3961099, 47.76214329], [108.39580137, 47.7617448], [108.39583092, 47.7617344], [108.39583778, 47.76173145], [108.39584377, 47.76172774], [108.39584872, 47.76172338], [108.39585246, 47.76171851], [108.3958549, 47.76171328], [108.39585595, 47.76170784], [108.39585559, 47.76170236], [108.39585382, 47.76169701], [108.3958507, 47.76169194], [108.39577974, 47.76160029], [108.39576308, 47.76158236], [108.39574246, 47.7615664], [108.39571839, 47.76155282], [108.39569147, 47.76154194], [108.39566236, 47.76153404], [108.39563177, 47.7615293], [108.39560046, 47.76152785], [108.3955692, 47.76152972], [108.39553876, 47.76153486], [108.39550988, 47.76154315], [108.39485978, 47.76177197]], [[108.39635612, 47.76220875], [108.39637489, 47.76222856], [108.39639847, 47.76224587], [108.39642615, 47.76226016], [108.3964571, 47.76227099], [108.39649036, 47.76227803], [108.39652493, 47.76228107], [108.39655976, 47.76228002], [108.39659379, 47.76227491], [108.39662598, 47.76226589], [108.3970515, 47.7621161], [108.39707278, 47.76210712], [108.39709171, 47.76209599], [108.39710782, 47.76208301], [108.39712073, 47.76206849], [108.39713011, 47.76205279], [108.39713573, 47.76203629], [108.39713745, 47.7620194], [108.39713523, 47.76200254], [108.39712913, 47.76198612], [108.39711929, 47.76197054], [108.39702988, 47.76185506], [108.3970255, 47.76185044], [108.39702, 47.7618464], [108.39701354, 47.76184306], [108.39700632, 47.76184054], [108.39699856, 47.76183889], [108.39699049, 47.76183819], [108.39698237, 47.76183843], [108.39697443, 47.76183962], [108.39696691, 47.76184173], [108.39693736, 47.76185213], [108.39664111, 47.7614695], [108.39663445, 47.76146233], [108.3966262, 47.76145595], [108.39661657, 47.76145051], [108.39660581, 47.76144616], [108.39659416, 47.761443], [108.39658193, 47.76144111], [108.3965694, 47.76144053], [108.3965569, 47.76144127], [108.39654472, 47.76144333], [108.39653317, 47.76144665], [108.39652726, 47.76144873], [108.3965204, 47.76145168], [108.39651441, 47.76145539], [108.39650947, 47.76145974], [108.39650572, 47.76146461], [108.39650328, 47.76146985], [108.39650223, 47.76147528], [108.3965026, 47.76148076], [108.39650436, 47.76148612], [108.39650749, 47.76149118], [108.3965476, 47.76154299], [108.3962521, 47.761647], [108.39615337, 47.76151948], [108.39654343, 47.76138219], [108.39655761, 47.76137619], [108.39657023, 47.76136878], [108.39658097, 47.76136013], [108.39658958, 47.76135044], [108.39659583, 47.76133998], [108.39659958, 47.76132898], [108.39660073, 47.76131772], [108.39659925, 47.76130647], [108.39659518, 47.76129553], [108.39658862, 47.76128514], [108.39657361, 47.76126929], [108.39655474, 47.76125544], [108.39653259, 47.76124401], [108.39650784, 47.76123535], [108.39648123, 47.76122972], [108.39645358, 47.76122728], [108.39642571, 47.76122812], [108.39639849, 47.76123222], [108.39637274, 47.76123943], [108.39594722, 47.76138921], [108.39592062, 47.76140045], [108.39589696, 47.76141435], [108.39587682, 47.76143057], [108.39586068, 47.76144873], [108.39584896, 47.76146836], [108.39584194, 47.76148898], [108.39583978, 47.76151009], [108.39584255, 47.76153117], [108.39585018, 47.7615517], [108.39586248, 47.76157117], [108.39593344, 47.76166282], [108.39593782, 47.76166744], [108.39594332, 47.76167148], [108.39594978, 47.76167482], [108.395957, 47.76167734], [108.39596476, 47.76167899], [108.39597283, 47.7616797], [108.39598095, 47.76167945], [108.39598889, 47.76167826], [108.3959964, 47.76167615], [108.39602595, 47.76166575], [108.39633448, 47.76206424], [108.39630493, 47.76207464], [108.39629807, 47.76207759], [108.39629208, 47.7620813], [108.39628714, 47.76208566], [108.39628339, 47.76209053], [108.39628095, 47.76209576], [108.3962799, 47.7621012], [108.39628027, 47.76210668], [108.39628204, 47.76211203], [108.39628516, 47.7621171], [108.39635612, 47.76220875]], [[108.39546669, 47.76148736], [108.39549329, 47.76147613], [108.39551695, 47.76146223], [108.39553709, 47.761446], [108.39555323, 47.76142785], [108.39556495, 47.76140822], [108.39557197, 47.76138759], [108.39557413, 47.76136648], [108.39557136, 47.7613454], [108.39556373, 47.76132488], [108.39555143, 47.76130541], [108.39493441, 47.76050842], [108.39491564, 47.76048861], [108.39489206, 47.7604713], [108.39486438, 47.76045701], [108.39483344, 47.76044618], [108.39480017, 47.76043914], [108.39476561, 47.7604361], [108.39473078, 47.76043715], [108.39469675, 47.76044226], [108.39466456, 47.76045128], [108.39401446, 47.7606801], [108.39398787, 47.76069134], [108.3939642, 47.76070524], [108.39394406, 47.76072146], [108.39392793, 47.76073961], [108.3939162, 47.76075924], [108.39390918, 47.76077987], [108.39390702, 47.76080098], [108.39390979, 47.76082206], [108.39391742, 47.76084259], [108.39392971, 47.76086206], [108.39454673, 47.76165904], [108.39456339, 47.76167698], [108.39458401, 47.76169293], [108.39460807, 47.76170652], [108.39463499, 47.76171739], [108.39466411, 47.7617253], [108.39469469, 47.76173004], [108.39472601, 47.76173149], [108.39475727, 47.76172962], [108.39478771, 47.76172448], [108.39481659, 47.76171619], [108.39546669, 47.76148736]], [[108.39584613, 47.76003992], [108.39582873, 47.76004266], [108.39581225, 47.7600473], [108.39545677, 47.76017243], [108.39544164, 47.76017888], [108.39542831, 47.76018693], [108.39541716, 47.76019637], [108.39540849, 47.76020693], [108.39540255, 47.76021831], [108.39539951, 47.76023021], [108.39539945, 47.76024227], [108.39540238, 47.76025418], [108.3954082, 47.76026559], [108.39541873, 47.76027532], [108.39543152, 47.76028373], [108.3954462, 47.76029059], [108.39546236, 47.76029571], [108.39547957, 47.76029895], [108.39549733, 47.76030021], [108.39551516, 47.76029946], [108.39553256, 47.76029673], [108.39554903, 47.76029208], [108.39590451, 47.76016695], [108.39591965, 47.76016051], [108.39593298, 47.76015246], [108.39594413, 47.76014302], [108.3959528, 47.76013246], [108.39595873, 47.76012107], [108.39596177, 47.76010918], [108.39596183, 47.76009711], [108.39595891, 47.76008521], [108.39595309, 47.76007379], [108.39594255, 47.76006407], [108.39592977, 47.76005566], [108.39591509, 47.76004879], [108.39589892, 47.76004368], [108.39588172, 47.76004044], [108.39586395, 47.76003918], [108.39584613, 47.76003992]], [[108.40693508, 47.75704894], [108.40690786, 47.75705303], [108.40688211, 47.75706025], [108.40671924, 47.7571176], [108.40668697, 47.75713375], [108.40665904, 47.75715325], [108.40663621, 47.75717556], [108.4066191, 47.75720008], [108.40660816, 47.75722616], [108.40660369, 47.7572531], [108.40660581, 47.75728016], [108.40661445, 47.75730663], [108.40742788, 47.75835697], [108.40744665, 47.75837678], [108.40747023, 47.75839409], [108.40749791, 47.75840837], [108.40752886, 47.7584192], [108.40756212, 47.75842624], [108.40759669, 47.75842928], [108.40763151, 47.75842822], [108.40766554, 47.7584231], [108.40769773, 47.75841408], [108.40791, 47.75833933], [108.4079335, 47.75832921], [108.40795404, 47.75831648], [108.40797099, 47.75830155], [108.40798383, 47.75828486], [108.40799218, 47.75826691], [108.40799579, 47.75824827], [108.40799453, 47.75822948], [108.40798846, 47.75821112], [108.40797776, 47.75819376], [108.40792838, 47.75813001], [108.40828293, 47.75800516], [108.4083323, 47.75806891], [108.40834563, 47.75808325], [108.40836213, 47.75809602], [108.40838138, 47.75810688], [108.40840292, 47.75811558], [108.40842621, 47.7581219], [108.40845068, 47.75812569], [108.40847573, 47.75812685], [108.40850073, 47.75812535], [108.40852508, 47.75812123], [108.40854818, 47.7581146], [108.40858364, 47.75810211], [108.40861023, 47.75809087], [108.40863389, 47.75807697], [108.40865403, 47.75806074], [108.40867015, 47.75804259], [108.40868187, 47.75802296], [108.40868889, 47.75800233], [108.40869104, 47.75798122], [108.40868826, 47.75796014], [108.40868063, 47.75793962], [108.40866833, 47.75792015], [108.40785489, 47.75686982], [108.40783823, 47.75685189], [108.40781761, 47.75683594], [108.40779354, 47.75682236], [108.40776662, 47.75681148], [108.40773751, 47.75680358], [108.40770692, 47.75679885], [108.40767562, 47.7567974], [108.40764436, 47.75679927], [108.40761392, 47.75680442], [108.40758505, 47.75681271], [108.4074021, 47.75687714], [108.4073786, 47.75688726], [108.40735806, 47.75689998], [108.40734111, 47.75691492], [108.40732827, 47.75693161], [108.40731991, 47.75694955], [108.40731631, 47.7569682], [108.40731756, 47.75698699], [108.40732363, 47.75700534], [108.40733434, 47.75702271], [108.40738248, 47.75708486], [108.40714612, 47.7571681], [108.40709798, 47.75710594], [108.40708297, 47.75709009], [108.4070641, 47.75707624], [108.40704195, 47.75706481], [108.4070172, 47.75705615], [108.40699059, 47.75705052], [108.40696294, 47.75704809], [108.40693508, 47.75704894]]]}, "geometry_name": "geom", "properties": {"guid": 3248964, "id": 3248964, "object_no": null, "object_name": "Төлөвлөлтийн зам", "layer_type_id": 975, "valid_to": null, "address_no": null, "border_type": "solid", "border_width": 1, "border_color": "#bcbcbc", "border_opacity": 1, "border_wellknown": "shape://horizline", "fill_type": "color", "fill_color": "#bcbcbc", "fill_opacity": 0.36, "fill_wellknown": null, "fill_shape_color": null, "fill_shape_width": null, "fill_shape_size": null, "fill_img_url": null, "marker_img_url": null}},{"type": "Feature", "id": "layer_data_map.fid--27e80436_1a098c1eed1_-5717", "geometry": {"type": "Polygon", "coordinates": [[[108.34061226, 47.77080546], [108.34055131, 47.77072549], [108.34822939, 47.76806566], [108.34824364, 47.76805973], [108.34825633, 47.76805237], [108.34826716, 47.76804376], [108.34827585, 47.76803412], [108.34828221, 47.76802368], [108.34828606, 47.76801269], [108.34828731, 47.76800144], [108.34828594, 47.76799019], [108.34828198, 47.76797922], [108.34827552, 47.76796881], [108.34717836, 47.76652945], [108.34716517, 47.76651504], [108.34714879, 47.76650221], [108.34712964, 47.76649126], [108.34710819, 47.76648246], [108.34708495, 47.76647604], [108.34706052, 47.76647214], [108.34703548, 47.76647087], [108.34701045, 47.76647226], [108.34698605, 47.76647627], [108.34696289, 47.7664828], [108.34635799, 47.76669238], [108.34630313, 47.76662041], [108.34858038, 47.76583141], [108.34859462, 47.76582548], [108.34860731, 47.76581812], [108.34861814, 47.76580951], [108.34862684, 47.76579986], [108.34863319, 47.76578942], [108.34863704, 47.76577844], [108.3486383, 47.76576718], [108.34863692, 47.76575594], [108.34863296, 47.76574497], [108.3486265, 47.76573456], [108.34660907, 47.76308772], [108.34656352, 47.76302049], [108.34652737, 47.76295072], [108.34650092, 47.76287899], [108.3464844, 47.76280593], [108.34647795, 47.76273215], [108.34648162, 47.76265828], [108.34649539, 47.76258496], [108.34651913, 47.7625128], [108.34655264, 47.76244243], [108.34659564, 47.76237445], [108.34664776, 47.76230943], [108.34670856, 47.76224793], [108.34677751, 47.76219047], [108.34685403, 47.76213755], [108.34693746, 47.76208962], [108.3470271, 47.76204708], [108.34712218, 47.7620103], [108.35537656, 47.75914976], [108.35540016, 47.75913974], [108.35542081, 47.75912711], [108.35543791, 47.75911225], [108.35545091, 47.75909561], [108.35545944, 47.75907771], [108.35546322, 47.75905908], [108.35546215, 47.75904029], [108.35545626, 47.75902191], [108.35544572, 47.7590045], [108.35518975, 47.75866864], [108.35518316, 47.75866144], [108.35517497, 47.75865502], [108.3551654, 47.75864955], [108.35515467, 47.75864515], [108.35514305, 47.75864194], [108.35513084, 47.75863999], [108.35511832, 47.75863935], [108.35510581, 47.75864005], [108.35509361, 47.75864205], [108.35508203, 47.75864532], [108.35467885, 47.75878506], [108.35437414, 47.75838524], [108.3547536, 47.75825372], [108.35493643, 47.7584936], [108.35496014, 47.75848538], [108.35497083, 47.75848094], [108.35498034, 47.75847542], [108.35498846, 47.75846896], [108.35499498, 47.75846173], [108.35499975, 47.7584539], [108.35500264, 47.75844566], [108.35500358, 47.75843722], [108.35500255, 47.75842878], [108.35499958, 47.75842056], [108.35499473, 47.75841275], [108.35448282, 47.75774105], [108.35706785, 47.75684503], [108.35805516, 47.75814042], [108.35806396, 47.75815003], [108.35807488, 47.75815858], [108.35808764, 47.75816588], [108.35810195, 47.75817175], [108.35811743, 47.75817603], [108.35813372, 47.75817863], [108.35815041, 47.75817947], [108.3581671, 47.75817855], [108.35818336, 47.75817587], [108.3581988, 47.75817151], [108.35824623, 47.75815507], [108.35826196, 47.75814839], [108.35827573, 47.75813997], [108.35828713, 47.75813006], [108.3582958, 47.75811897], [108.35830148, 47.75810704], [108.358304, 47.75809462], [108.35830329, 47.75808209], [108.35829936, 47.75806984], [108.35829233, 47.75805823], [108.35635322, 47.75551549], [108.35647272, 47.75547408], [108.36315004, 47.76423397], [108.36303086, 47.76427528], [108.36234163, 47.76337521], [108.36232213, 47.76336255], [108.36230002, 47.76335202], [108.36227581, 47.76334386], [108.36225005, 47.76333826], [108.36222333, 47.76333535], [108.36219626, 47.76333519], [108.36216947, 47.76333779], [108.34061226, 47.77080546]], [[108.34838029, 47.76781121], [108.34836455, 47.76781789], [108.34835077, 47.76782632], [108.34833938, 47.76783622], [108.3483307, 47.76784731], [108.34832502, 47.76785925], [108.34832249, 47.76787167], [108.34832321, 47.7678842], [108.34832714, 47.76789645], [108.34833416, 47.76790806], [108.34835854, 47.76794005], [108.34836845, 47.76795066], [108.34838095, 47.76795994], [108.34839564, 47.76796763], [108.34841209, 47.76797348], [108.3484298, 47.76797731], [108.34844822, 47.76797901], [108.3484668, 47.76797853], [108.34848498, 47.76797588], [108.3485022, 47.76797114], [108.3538632, 47.76611351], [108.35387894, 47.76610683], [108.35389271, 47.76609841], [108.35390411, 47.7660885], [108.35391278, 47.76607741], [108.35391846, 47.76606547], [108.35392099, 47.76605305], [108.35392027, 47.76604052], [108.35391634, 47.76602827], [108.35390931, 47.76601666], [108.35388493, 47.76598468], [108.35387502, 47.76597407], [108.35386253, 47.76596478], [108.35384783, 47.7659571], [108.35383138, 47.76595125], [108.35381368, 47.76594742], [108.35379525, 47.76594572], [108.35377667, 47.7659462], [108.3537585, 47.76594885], [108.35374128, 47.76595359], [108.34838029, 47.76781121]], [[108.35399167, 47.76594769], [108.35401605, 47.76597967], [108.35402596, 47.76599028], [108.35403846, 47.76599957], [108.35405315, 47.76600725], [108.3540696, 47.7660131], [108.35408731, 47.76601693], [108.35410573, 47.76601863], [108.35412431, 47.76601815], [108.35414249, 47.7660155], [108.3541597, 47.76601076], [108.36038596, 47.76385282], [108.3604002, 47.76384689], [108.36041289, 47.76383953], [108.36042371, 47.76383092], [108.36043241, 47.76382127], [108.36043876, 47.76381083], [108.36044261, 47.76379985], [108.36044386, 47.76378859], [108.36044248, 47.76377734], [108.36043852, 47.76376638], [108.36043206, 47.76375597], [108.36040767, 47.76372398], [108.36039776, 47.76371338], [108.36038527, 47.76370409], [108.36037057, 47.76369641], [108.36035412, 47.76369056], [108.36033642, 47.76368673], [108.36031799, 47.76368503], [108.36029941, 47.76368551], [108.36028124, 47.76368816], [108.36026402, 47.7636929], [108.35403778, 47.76585084], [108.35402354, 47.76585677], [108.35401085, 47.76586413], [108.35400002, 47.76587274], [108.35399133, 47.76588238], [108.35398497, 47.76589283], [108.35398112, 47.76590381], [108.35397987, 47.76591506], [108.35398124, 47.76592631], [108.35398521, 47.76593728], [108.35399167, 47.76594769]], [[108.36048421, 47.76368478], [108.36049067, 47.76369519], [108.36051508, 47.76372719], [108.36052499, 47.7637378], [108.36053748, 47.76374709], [108.36055217, 47.76375477], [108.36056862, 47.76376061], [108.36058633, 47.76376444], [108.36060475, 47.76376614], [108.36062333, 47.76376566], [108.36064151, 47.76376301], [108.36065872, 47.76375827], [108.36215261, 47.76324043], [108.3621644, 47.76323542], [108.36217472, 47.76322911], [108.36218327, 47.76322169], [108.36218977, 47.76321338], [108.36219404, 47.76320444], [108.36219594, 47.76319513], [108.36219541, 47.76318574], [108.36219248, 47.76317656], [108.36218723, 47.76316785], [108.36163302, 47.76244094], [108.36162311, 47.76243033], [108.36161061, 47.76242104], [108.36159592, 47.76241336], [108.36157947, 47.76240752], [108.36156177, 47.76240368], [108.36154335, 47.76240198], [108.36152477, 47.76240247], [108.36150659, 47.76240512], [108.36148938, 47.76240985], [108.36144249, 47.76242611], [108.36142825, 47.76243204], [108.36141556, 47.7624394], [108.36140473, 47.76244801], [108.36139604, 47.76245765], [108.36138969, 47.7624681], [108.36138584, 47.76247908], [108.36138459, 47.76249034], [108.36138596, 47.76250158], [108.36138993, 47.76251255], [108.36139639, 47.76252296], [108.3618653, 47.7631379], [108.36053678, 47.76359833], [108.36052253, 47.76360427], [108.36050984, 47.76361163], [108.36049902, 47.76362024], [108.36049032, 47.76362988], [108.36048397, 47.76364033], [108.36048012, 47.76365131], [108.36047887, 47.76366257], [108.36048024, 47.76367382], [108.36048421, 47.76368478]], [[108.36104916, 47.76249123], [108.36105562, 47.76248945], [108.36113858, 47.76246069], [108.36114926, 47.76245624], [108.36115878, 47.76245072], [108.36116689, 47.76244427], [108.36117342, 47.76243703], [108.36117818, 47.7624292], [108.36118106, 47.76242096], [108.361182, 47.76241252], [108.36118097, 47.76240408], [108.361178, 47.76239586], [108.36117315, 47.76238805], [108.36074579, 47.76182757], [108.3607326, 47.76181317], [108.36071622, 47.76180034], [108.36069707, 47.76178939], [108.36067561, 47.7617806], [108.36065238, 47.76177418], [108.36062795, 47.76177028], [108.36060291, 47.76176902], [108.36057788, 47.76177041], [108.36055349, 47.76177442], [108.36053033, 47.76178095], [108.35838395, 47.76252495], [108.35836822, 47.76253163], [108.35835445, 47.76254005], [108.35834305, 47.76254996], [108.35833438, 47.76256105], [108.3583287, 47.76257299], [108.35832618, 47.76258541], [108.35832689, 47.76259794], [108.35833082, 47.76261019], [108.35833785, 47.7626218], [108.35928281, 47.76386116], [108.35929272, 47.76387177], [108.35930521, 47.76388105], [108.35931991, 47.76388874], [108.35933635, 47.76389458], [108.35935406, 47.76389841], [108.35937248, 47.76390011], [108.35939106, 47.76389963], [108.35940924, 47.76389698], [108.35942645, 47.76389224], [108.36020915, 47.76362094], [108.36022339, 47.76361501], [108.36023608, 47.76360765], [108.36024691, 47.76359904], [108.3602556, 47.76358939], [108.36026195, 47.76357895], [108.3602658, 47.76356797], [108.36026705, 47.76355671], [108.36026568, 47.76354547], [108.36026171, 47.7635345], [108.36025525, 47.76352409], [108.36021316, 47.76346889], [108.36020986, 47.76346529], [108.36020577, 47.76346209], [108.36020098, 47.76345935], [108.36019562, 47.76345715], [108.36018981, 47.76345554], [108.3601837, 47.76345457], [108.36017744, 47.76345426], [108.36017119, 47.7634546], [108.36016509, 47.76345561], [108.3601593, 47.76345724], [108.36011186, 47.76347368], [108.35965461, 47.762874], [108.36095908, 47.76242182], [108.36100175, 47.76247779], [108.36100547, 47.76248177], [108.36101016, 47.76248525], [108.36101567, 47.76248814], [108.36102183, 47.76249033], [108.36102847, 47.76249176], [108.36103538, 47.7624924], [108.36104235, 47.76249222], [108.36104916, 47.76249123]], [[108.36125627, 47.76233903], [108.36126618, 47.76234964], [108.36127867, 47.76235892], [108.36129337, 47.7623666], [108.36130981, 47.76237245], [108.36132752, 47.76237628], [108.36134594, 47.76237798], [108.36136452, 47.76237749], [108.36138269, 47.76237484], [108.36139991, 47.7623701], [108.36144734, 47.76235366], [108.36146158, 47.76234773], [108.36147427, 47.76234037], [108.36148509, 47.76233176], [108.36149379, 47.76232211], [108.36150014, 47.76231167], [108.36150398, 47.76230068], [108.36150523, 47.76228943], [108.36150386, 47.76227818], [108.36149989, 47.76226721], [108.36149343, 47.7622568], [108.3610778, 47.76171247], [108.36106293, 47.76169656], [108.36104419, 47.76168264], [108.36102215, 47.76167111], [108.36099748, 47.76166235], [108.36097093, 47.7616566], [108.36094329, 47.76165405], [108.36091542, 47.76165478], [108.36088817, 47.76165875], [108.36086235, 47.76166586], [108.36083867, 47.76167407], [108.36082798, 47.76167852], [108.36081847, 47.76168404], [108.36081035, 47.7616905], [108.36080383, 47.76169773], [108.36079907, 47.76170556], [108.36079618, 47.7617138], [108.36079524, 47.76172224], [108.36079627, 47.76173068], [108.36079925, 47.76173891], [108.3608041, 47.76174671], [108.36125627, 47.76233903]], [[108.36046362, 47.7617131], [108.36048722, 47.76170307], [108.36050788, 47.76169044], [108.36052497, 47.76167558], [108.36053797, 47.76165894], [108.3605465, 47.76164104], [108.36055028, 47.76162241], [108.36054921, 47.76160362], [108.36054331, 47.76158524], [108.36053277, 47.76156783], [108.35970992, 47.76048837], [108.35969506, 47.76047246], [108.35967632, 47.76045853], [108.35965428, 47.760447], [108.35962961, 47.76043823], [108.35960305, 47.76043248], [108.35957542, 47.76042993], [108.35954755, 47.76043066], [108.35952029, 47.76043463], [108.35949447, 47.76044174], [108.35904383, 47.76059791], [108.35855622, 47.75995821], [108.35900686, 47.75980204], [108.35903046, 47.75979202], [108.35905112, 47.75977938], [108.35906821, 47.75976452], [108.35908122, 47.75974789], [108.35908974, 47.75972998], [108.35909353, 47.75971135], [108.35909246, 47.75969256], [108.35908656, 47.75967418], [108.35907602, 47.75965677], [108.3581252, 47.75840932], [108.35811201, 47.75839492], [108.35809563, 47.75838209], [108.35807648, 47.75837114], [108.35805503, 47.75836234], [108.3580318, 47.75835592], [108.35800736, 47.75835202], [108.35798233, 47.75835076], [108.3579573, 47.75835214], [108.35793291, 47.75835615], [108.35790975, 47.75836269], [108.35582271, 47.7590861], [108.35579911, 47.75909612], [108.35577845, 47.75910876], [108.35576136, 47.75912362], [108.35574836, 47.75914025], [108.35573983, 47.75915816], [108.35573605, 47.75917679], [108.35573712, 47.75919558], [108.35574301, 47.75921396], [108.35575355, 47.75923137], [108.35677738, 47.76057466], [108.35679224, 47.76059058], [108.35681097, 47.76060451], [108.35683301, 47.76061603], [108.35685768, 47.76062481], [108.35688424, 47.76063055], [108.35691187, 47.76063311], [108.35693974, 47.76063238], [108.356967, 47.76062841], [108.35699282, 47.7606213], [108.35701654, 47.76061309], [108.35702722, 47.76060864], [108.35703674, 47.76060312], [108.35704486, 47.76059666], [108.35705138, 47.76058943], [108.35705614, 47.7605816], [108.35705903, 47.76057336], [108.35705997, 47.76056492], [108.35705894, 47.76055648], [108.35705597, 47.76054826], [108.35705113, 47.76054045], [108.35701456, 47.76049247], [108.35748892, 47.76032809], [108.35772053, 47.76063195], [108.35724616, 47.76079633], [108.35717912, 47.76070837], [108.35717169, 47.76070042], [108.35716232, 47.76069345], [108.3571513, 47.76068769], [108.35713897, 47.7606833], [108.35712569, 47.76068043], [108.35711187, 47.76067915], [108.35709794, 47.76067951], [108.35708431, 47.7606815], [108.35707139, 47.76068505], [108.35704768, 47.76069327], [108.35702631, 47.76070217], [108.35700728, 47.76071321], [108.35699104, 47.76072612], [108.356978, 47.76074058], [108.35696847, 47.76075625], [108.35696269, 47.76077272], [108.35696081, 47.7607896], [108.35696287, 47.76080648], [108.35696882, 47.76082292], [108.3569785, 47.76083854], [108.35706383, 47.76095049], [108.3570787, 47.7609664], [108.35709743, 47.76098034], [108.35711947, 47.76099186], [108.35714414, 47.76100063], [108.3571707, 47.76100638], [108.35719833, 47.76100893], [108.3572262, 47.76100821], [108.35725346, 47.76100424], [108.35727928, 47.76099713], [108.357303, 47.76098891], [108.35731368, 47.76098446], [108.3573232, 47.76097894], [108.35733132, 47.76097249], [108.35733784, 47.76096526], [108.3573426, 47.76095742], [108.35734549, 47.76094919], [108.35734643, 47.76094075], [108.3573454, 47.76093231], [108.35734243, 47.76092409], [108.35733759, 47.76091628], [108.35727054, 47.76082832], [108.35774491, 47.76066393], [108.35797652, 47.76096779], [108.35750215, 47.76113218], [108.35746558, 47.7610842], [108.35745898, 47.761077], [108.3574508, 47.76107058], [108.35744122, 47.76106511], [108.3574305, 47.76106071], [108.35741888, 47.7610575], [108.35740666, 47.76105555], [108.35739415, 47.76105491], [108.35738163, 47.76105561], [108.35736944, 47.76105761], [108.35735786, 47.76106088], [108.35733414, 47.7610691], [108.35731278, 47.76107799], [108.35729374, 47.76108903], [108.3572775, 47.76110195], [108.35726446, 47.76111641], [108.35725493, 47.76113208], [108.35724915, 47.76114855], [108.35724727, 47.76116543], [108.35724933, 47.7611823], [108.35725528, 47.76119875], [108.35726497, 47.76121437], [108.3581854, 47.76242191], [108.3581942, 47.76243151], [108.35820512, 47.76244007], [108.35821788, 47.76244737], [108.35823219, 47.76245323], [108.35824768, 47.76245752], [108.35826397, 47.76246011], [108.35828066, 47.76246096], [108.35829734, 47.76246003], [108.35831361, 47.76245736], [108.35832905, 47.762453], [108.36046362, 47.7617131]], [[108.36067606, 47.76157879], [108.36068266, 47.761586], [108.36069085, 47.76159241], [108.36070042, 47.76159789], [108.36071115, 47.76160229], [108.36072277, 47.7616055], [108.36073499, 47.76160744], [108.36074751, 47.76160808], [108.36076002, 47.76160738], [108.36077221, 47.76160538], [108.3607838, 47.76160211], [108.36080748, 47.7615939], [108.36083107, 47.76158388], [108.36085173, 47.76157124], [108.36086882, 47.76155638], [108.36088183, 47.76153975], [108.36089035, 47.76152184], [108.36089413, 47.76150321], [108.36089306, 47.76148442], [108.36088717, 47.76146604], [108.36087663, 47.76144863], [108.3584447, 47.75825814], [108.3584359, 47.75824853], [108.35842499, 47.75823998], [108.35841222, 47.75823268], [108.35839792, 47.75822681], [108.35838243, 47.75822253], [108.35836614, 47.75821993], [108.35834945, 47.75821909], [108.35833277, 47.75822001], [108.3583165, 47.75822269], [108.35830106, 47.75822705], [108.35825363, 47.75824349], [108.3582379, 47.75825017], [108.35822413, 47.75825859], [108.35821274, 47.7582685], [108.35820407, 47.75827959], [108.35819839, 47.75829152], [108.35819586, 47.75830394], [108.35819658, 47.75831647], [108.35820051, 47.75832872], [108.35820753, 47.75834033], [108.36067606, 47.76157879]], [[108.35785492, 47.75829071], [108.35787852, 47.75828069], [108.35789918, 47.75826806], [108.35791627, 47.7582532], [108.35792927, 47.75823656], [108.3579378, 47.75821866], [108.35794158, 47.75820003], [108.35794051, 47.75818124], [108.35793461, 47.75816286], [108.35792408, 47.75814545], [108.35721711, 47.75721787], [108.35720391, 47.75720347], [108.35718754, 47.75719063], [108.35716839, 47.75717968], [108.35714694, 47.75717089], [108.35712371, 47.75716447], [108.35709927, 47.75716057], [108.35707424, 47.7571593], [108.35704921, 47.75716069], [108.35702482, 47.7571647], [108.35700166, 47.75717124], [108.35491465, 47.75789463], [108.35489106, 47.75790465], [108.3548704, 47.75791729], [108.35485331, 47.75793215], [108.3548403, 47.75794878], [108.35483178, 47.75796669], [108.35482799, 47.75798532], [108.35482906, 47.75800411], [108.35483496, 47.75802249], [108.35484549, 47.7580399], [108.35555243, 47.75896749], [108.35556563, 47.75898189], [108.355582, 47.75899473], [108.35560115, 47.75900568], [108.3556226, 47.75901447], [108.35564583, 47.7590209], [108.35567027, 47.75902479], [108.3556953, 47.75902606], [108.35572033, 47.75902467], [108.35574472, 47.75902066], [108.35576788, 47.75901413], [108.35785492, 47.75829071]], [[108.35564684, 47.75926838], [108.35563364, 47.75925397], [108.35561727, 47.75924114], [108.35559812, 47.75923019], [108.35557667, 47.75922139], [108.35555344, 47.75921497], [108.355529, 47.75921107], [108.35550396, 47.7592098], [108.35547894, 47.75921119], [108.35545455, 47.7592152], [108.35543138, 47.75922174], [108.35310672, 47.76002744], [108.35308535, 47.76003633], [108.35306632, 47.76004737], [108.35305008, 47.76006029], [108.35303704, 47.76007475], [108.35302751, 47.76009042], [108.35302174, 47.76010689], [108.35301986, 47.76012377], [108.35302192, 47.76014065], [108.35302786, 47.76015709], [108.35303755, 47.76017271], [108.35544532, 47.76333118], [108.35545852, 47.76334558], [108.35547489, 47.76335842], [108.35549404, 47.76336937], [108.3555155, 47.76337816], [108.35553873, 47.76338458], [108.35556317, 47.76338848], [108.3555882, 47.76338975], [108.35561323, 47.76338836], [108.35563762, 47.76338435], [108.35566079, 47.76337781], [108.35803258, 47.76255576], [108.35804831, 47.76254908], [108.35806208, 47.76254066], [108.35807348, 47.76253075], [108.35808215, 47.76251966], [108.35808783, 47.76250772], [108.35809035, 47.7624953], [108.35808964, 47.76248278], [108.35808571, 47.76247052], [108.35807868, 47.76245892], [108.35564684, 47.75926838]], [[108.35534828, 47.76338379], [108.35533859, 47.76336817], [108.35293082, 47.7602097], [108.35291596, 47.76019379], [108.35289722, 47.76017986], [108.35287519, 47.76016833], [108.35285051, 47.76015956], [108.35282396, 47.76015381], [108.35279633, 47.76015126], [108.35276846, 47.76015198], [108.3527412, 47.76015596], [108.35271537, 47.76016306], [108.35037914, 47.76097269], [108.35035778, 47.76098158], [108.35033875, 47.76099262], [108.35032251, 47.76100554], [108.35030946, 47.76102], [108.35029994, 47.76103566], [108.35029416, 47.76105214], [108.35029228, 47.76106902], [108.35029434, 47.76108589], [108.35030028, 47.76110234], [108.35030997, 47.76111796], [108.35271763, 47.76427649], [108.35273249, 47.7642924], [108.35275123, 47.76430633], [108.35277327, 47.76431786], [108.35279794, 47.76432663], [108.3528245, 47.76433238], [108.35285213, 47.76433493], [108.35288, 47.76433421], [108.35290727, 47.76433023], [108.35293309, 47.76432313], [108.35526943, 47.76351345], [108.35529079, 47.76350455], [108.35530982, 47.76349351], [108.35532606, 47.7634806], [108.35533911, 47.76346613], [108.35534863, 47.76345047], [108.35535441, 47.76343399], [108.35535629, 47.76341711], [108.35535423, 47.76340024], [108.35534828, 47.76338379]], [[108.35262058, 47.7643291], [108.35261089, 47.76431348], [108.35020324, 47.76115495], [108.35018838, 47.76113903], [108.35016964, 47.7611251], [108.3501476, 47.76111358], [108.35012293, 47.76110481], [108.35009637, 47.76109906], [108.35006874, 47.7610965], [108.35004087, 47.76109723], [108.35001361, 47.7611012], [108.34998779, 47.76110831], [108.34717703, 47.76208227], [108.34708638, 47.76211757], [108.3470013, 47.7621587], [108.34692261, 47.76220524], [108.34685106, 47.76225677], [108.34678735, 47.76231277], [108.34673208, 47.76237272], [108.3466858, 47.76243603], [108.34664894, 47.7625021], [108.34662187, 47.76257028], [108.34660483, 47.76263992], [108.346598, 47.76271035], [108.34660145, 47.7627809], [108.34661513, 47.76285088], [108.34663892, 47.76291962], [108.34667259, 47.76298645], [108.34671581, 47.76305074], [108.34870886, 47.76566559], [108.34872206, 47.76567999], [108.34873843, 47.76569283], [108.34875758, 47.76570378], [108.34877904, 47.76571257], [108.34880227, 47.765719], [108.3488267, 47.76572289], [108.34885174, 47.76572416], [108.34887677, 47.76572277], [108.34890117, 47.76571876], [108.34892433, 47.76571223], [108.35254172, 47.76445875], [108.35256308, 47.76444986], [108.35258212, 47.76443882], [108.35259836, 47.7644259], [108.3526114, 47.76441144], [108.35262093, 47.76439577], [108.3526267, 47.7643793], [108.35262858, 47.76436242], [108.35262653, 47.76434554], [108.35262058, 47.7643291]], [[108.3526224, 47.76452361], [108.35259658, 47.76453072], [108.34897919, 47.7657842], [108.34895782, 47.76579309], [108.34893879, 47.76580413], [108.34892255, 47.76581704], [108.3489095, 47.76583151], [108.34889997, 47.76584717], [108.3488942, 47.76586365], [108.34889231, 47.76588053], [108.34889437, 47.7658974], [108.34890032, 47.76591385], [108.34891001, 47.76592947], [108.34980604, 47.76710494], [108.34981924, 47.76711934], [108.34983561, 47.76713218], [108.34985476, 47.76714313], [108.34987622, 47.76715192], [108.34989945, 47.76715835], [108.34992389, 47.76716224], [108.34994893, 47.76716351], [108.34997396, 47.76716212], [108.34999835, 47.76715811], [108.35002152, 47.76715158], [108.35363898, 47.76589806], [108.35366034, 47.76588917], [108.35367937, 47.76587813], [108.35369561, 47.76586522], [108.35370866, 47.76585075], [108.35371819, 47.76583509], [108.35372396, 47.76581861], [108.35372584, 47.76580173], [108.35372378, 47.76578486], [108.35371783, 47.76576841], [108.35370814, 47.76575279], [108.35281205, 47.76457735], [108.35279718, 47.76456144], [108.35277845, 47.76454751], [108.35275641, 47.76453598], [108.35273173, 47.76452721], [108.35270517, 47.76452147], [108.35267754, 47.76451891], [108.35264967, 47.76451964], [108.3526224, 47.76452361]], [[108.3488377, 47.76624767], [108.34886131, 47.76623764], [108.34888197, 47.76622501], [108.34889907, 47.76621015], [108.34891208, 47.76619352], [108.3489206, 47.76617561], [108.34892439, 47.76615698], [108.34892332, 47.76613819], [108.34891742, 47.76611981], [108.34890688, 47.76610239], [108.34880326, 47.76596645], [108.34879007, 47.76595205], [108.34877369, 47.76593922], [108.34875454, 47.76592827], [108.34873309, 47.76591947], [108.34870986, 47.76591305], [108.34868542, 47.76590915], [108.34866038, 47.76590788], [108.34863535, 47.76590927], [108.34861096, 47.76591328], [108.34858779, 47.76591981], [108.34733057, 47.76635541], [108.34730697, 47.76636543], [108.3472863, 47.76637806], [108.34726921, 47.76639292], [108.3472562, 47.76640956], [108.34724767, 47.76642746], [108.34724388, 47.7664461], [108.34724495, 47.76646489], [108.34725085, 47.76648327], [108.34726138, 47.76650068], [108.34735281, 47.76662063], [108.34735611, 47.76662423], [108.3473602, 47.76662744], [108.34736499, 47.76663018], [108.34737036, 47.76663238], [108.34737616, 47.76663398], [108.34738227, 47.76663496], [108.34738853, 47.76663527], [108.34739479, 47.76663493], [108.34740089, 47.76663392], [108.34740668, 47.76663229], [108.3474304, 47.76662407], [108.34810698, 47.76751168], [108.34808326, 47.7675199], [108.34807736, 47.7675224], [108.34807219, 47.76752556], [108.34806792, 47.76752928], [108.34806467, 47.76753344], [108.34806253, 47.76753791], [108.34806159, 47.76754257], [108.34806185, 47.76754727], [108.34806333, 47.76755186], [108.34806596, 47.76755622], [108.34815739, 47.76767616], [108.34817059, 47.76769057], [108.34818696, 47.7677034], [108.34820611, 47.76771435], [108.34822757, 47.76772315], [108.3482508, 47.76772957], [108.34827524, 47.76773347], [108.34830028, 47.76773474], [108.34832531, 47.76773335], [108.3483497, 47.76772934], [108.34837287, 47.76772281], [108.34909638, 47.76747213], [108.34911999, 47.76746211], [108.34914065, 47.76744947], [108.34915775, 47.76743461], [108.34917076, 47.76741798], [108.34917928, 47.76740007], [108.34918307, 47.76738144], [108.349182, 47.76736265], [108.3491761, 47.76734427], [108.34916556, 47.76732686], [108.3484463, 47.76638328], [108.3488377, 47.76624767]], [[108.3489875, 47.7662897], [108.34897531, 47.76629171], [108.34896372, 47.76629498], [108.34965252, 47.76719857], [108.34965427, 47.76720147], [108.34965525, 47.76720453], [108.34965543, 47.76720767], [108.3496548, 47.76721077], [108.34965338, 47.76721375], [108.34965121, 47.76721653], [108.34964836, 47.767219], [108.34964492, 47.76722111], [108.34964099, 47.76722278], [108.34930889, 47.76733785], [108.34931548, 47.76734505], [108.34932367, 47.76735147], [108.34933325, 47.76735694], [108.34934397, 47.76736134], [108.34935559, 47.76736455], [108.34936781, 47.7673665], [108.34938033, 47.76736713], [108.34939284, 47.76736644], [108.34940504, 47.76736444], [108.34941662, 47.76736117], [108.34967756, 47.76727076], [108.34969329, 47.76726408], [108.34970707, 47.76725566], [108.34971847, 47.76724575], [108.34972714, 47.76723466], [108.34973283, 47.76722272], [108.34973535, 47.7672103], [108.34973464, 47.76719777], [108.34973071, 47.76718552], [108.34972368, 47.76717391], [108.34907146, 47.7663183], [108.34906486, 47.7663111], [108.34905667, 47.76630468], [108.3490471, 47.7662992], [108.34903637, 47.76629481], [108.34902476, 47.76629159], [108.34901254, 47.76628965], [108.34900002, 47.76628901], [108.3489875, 47.7662897]], [[108.35311186, 47.76467563], [108.35310118, 47.76468008], [108.35309166, 47.7646856], [108.35308354, 47.76469205], [108.35307702, 47.76469929], [108.35307226, 47.76470712], [108.35306937, 47.76471536], [108.35306843, 47.7647238], [108.35306946, 47.76473223], [108.35307243, 47.76474046], [108.35307728, 47.76474827], [108.35381488, 47.7657158], [108.35382975, 47.76573171], [108.35384849, 47.76574564], [108.35387053, 47.76575717], [108.3538952, 47.76576594], [108.35392176, 47.76577169], [108.3539494, 47.76577424], [108.35397727, 47.76577352], [108.35400453, 47.76576954], [108.35403036, 47.76576243], [108.35417284, 47.76571306], [108.35418464, 47.76570805], [108.35419497, 47.76570173], [108.35420352, 47.7656943], [108.35421002, 47.76568598], [108.35421429, 47.76567703], [108.35421618, 47.76566771], [108.35421564, 47.76565832], [108.35421269, 47.76564912], [108.35420742, 47.76564042], [108.35418304, 47.76560844], [108.35609247, 47.7649467], [108.35611685, 47.76497868], [108.35612345, 47.76498589], [108.35613164, 47.7649923], [108.35614121, 47.76499778], [108.35615194, 47.76500217], [108.35616356, 47.76500539], [108.35617578, 47.76500733], [108.3561883, 47.76500797], [108.35620081, 47.76500727], [108.356213, 47.76500527], [108.35622459, 47.765002], [108.35641418, 47.76493629], [108.35642991, 47.76492961], [108.35644368, 47.76492119], [108.35645508, 47.76491128], [108.35646375, 47.76490019], [108.35646943, 47.76488825], [108.35647196, 47.76487583], [108.35647124, 47.7648633], [108.35646731, 47.76485105], [108.35646028, 47.76483944], [108.35569825, 47.76383994], [108.35569166, 47.76383274], [108.35568347, 47.76382632], [108.35567389, 47.76382085], [108.35566317, 47.76381645], [108.35565155, 47.76381324], [108.35563933, 47.76381129], [108.35562681, 47.76381066], [108.3556143, 47.76381135], [108.3556021, 47.76381336], [108.35559052, 47.76381662], [108.35311186, 47.76467563]], [[108.35656702, 47.76480245], [108.35657693, 47.76481306], [108.35658942, 47.76482234], [108.35660411, 47.76483003], [108.35662056, 47.76483587], [108.35663827, 47.7648397], [108.35665669, 47.76484141], [108.35667527, 47.76484092], [108.35669345, 47.76483827], [108.35671067, 47.76483353], [108.35690058, 47.76476771], [108.35691238, 47.7647627], [108.35692271, 47.76475638], [108.35693126, 47.76474895], [108.35693776, 47.76474064], [108.35694203, 47.76473168], [108.35694392, 47.76472237], [108.35694338, 47.76471297], [108.35694043, 47.76470378], [108.35693516, 47.76469507], [108.35691078, 47.76466309], [108.35882013, 47.76400131], [108.35884452, 47.76403329], [108.35885195, 47.76404125], [108.35886132, 47.76404822], [108.35887234, 47.76405398], [108.35888468, 47.76405836], [108.35889796, 47.76406124], [108.35891177, 47.76406251], [108.35892571, 47.76406215], [108.35893934, 47.76406016], [108.35895225, 47.76405661], [108.35912998, 47.76399501], [108.35914422, 47.76398907], [108.35915691, 47.76398171], [108.35916773, 47.7639731], [108.35917643, 47.76396346], [108.35918278, 47.76395302], [108.35918662, 47.76394203], [108.35918788, 47.76393078], [108.3591865, 47.76391953], [108.35918254, 47.76390857], [108.35917608, 47.76389815], [108.35841401, 47.76289867], [108.35840741, 47.76289147], [108.35839923, 47.76288505], [108.35838965, 47.76287958], [108.35837892, 47.76287518], [108.35836731, 47.76287197], [108.35835509, 47.76287003], [108.35834257, 47.76286939], [108.35833006, 47.76287009], [108.35831786, 47.76287209], [108.35830628, 47.76287536], [108.35583957, 47.76373031], [108.35582777, 47.76373532], [108.35581744, 47.76374164], [108.35580889, 47.76374907], [108.35580239, 47.76375739], [108.35579813, 47.76376634], [108.35579623, 47.76377566], [108.35579677, 47.76378505], [108.35579972, 47.76379424], [108.35580499, 47.76380295], [108.35656702, 47.76480245]], [[108.35801454, 47.76290423], [108.35802063, 47.76290323], [108.35802643, 47.7629016], [108.3582636, 47.76281939], [108.35827541, 47.76281438], [108.35828574, 47.76280806], [108.35829428, 47.76280063], [108.35830078, 47.76279231], [108.35830505, 47.76278336], [108.35830694, 47.76277404], [108.3583064, 47.76276465], [108.35830345, 47.76275546], [108.35829818, 47.76274675], [108.35823112, 47.7626588], [108.35822121, 47.76264819], [108.35820872, 47.7626389], [108.35819403, 47.76263122], [108.35817758, 47.76262537], [108.35815987, 47.76262154], [108.35814145, 47.76261984], [108.35812287, 47.76262032], [108.35810469, 47.76262297], [108.35808748, 47.76262771], [108.35571565, 47.76344978], [108.35569205, 47.7634598], [108.35567139, 47.76347243], [108.3556543, 47.76348729], [108.35564129, 47.76350393], [108.35563276, 47.76352183], [108.35562898, 47.76354047], [108.35563005, 47.76355926], [108.35563595, 47.76357764], [108.35564649, 47.76359505], [108.35568916, 47.76365102], [108.35569576, 47.76365822], [108.35570395, 47.76366464], [108.35571352, 47.76367012], [108.35572425, 47.76367451], [108.35573587, 47.76367772], [108.35574809, 47.76367967], [108.35576061, 47.7636803], [108.35577312, 47.76367961], [108.35578531, 47.76367761], [108.3557969, 47.76367434], [108.35604594, 47.76358802], [108.35605184, 47.76358552], [108.35605701, 47.76358236], [108.35606128, 47.76357864], [108.35606453, 47.76357449], [108.35606666, 47.76357001], [108.35606761, 47.76356535], [108.35606734, 47.76356065], [108.35606587, 47.76355606], [108.35606323, 47.7635517], [108.35605104, 47.76353571], [108.35652541, 47.7633713], [108.3565376, 47.76338729], [108.35654132, 47.76339127], [108.356546, 47.76339475], [108.35655151, 47.76339764], [108.35655768, 47.76339983], [108.35656432, 47.76340127], [108.35657123, 47.7634019], [108.3565782, 47.76340172], [108.35658501, 47.76340073], [108.35659147, 47.76339895], [108.3566982, 47.76336196], [108.3567041, 47.76335945], [108.35670927, 47.76335629], [108.35671354, 47.76335258], [108.35671679, 47.76334842], [108.35671892, 47.76334394], [108.35671987, 47.76333929], [108.3567196, 47.76333459], [108.35671813, 47.76332999], [108.35671549, 47.76332564], [108.3567033, 47.76330965], [108.35730812, 47.76310002], [108.35732031, 47.76311601], [108.35732403, 47.76311999], [108.35732871, 47.76312347], [108.35733422, 47.76312635], [108.35734039, 47.76312855], [108.35734703, 47.76312998], [108.35735394, 47.76313062], [108.35736091, 47.76313044], [108.35736772, 47.76312945], [108.35737418, 47.76312767], [108.35748091, 47.76309068], [108.35748625, 47.76308845], [108.35749101, 47.76308569], [108.35749507, 47.76308246], [108.35749833, 47.76307885], [108.35750071, 47.76307493], [108.35750215, 47.76307081], [108.35750262, 47.76306659], [108.35750211, 47.76306237], [108.35750062, 47.76305826], [108.3574982, 47.76305436], [108.357486, 47.76303837], [108.35796037, 47.76287395], [108.35797256, 47.76288994], [108.35797586, 47.76289354], [108.35797995, 47.76289675], [108.35798474, 47.76289949], [108.3579901, 47.76290169], [108.35799591, 47.76290329], [108.35800202, 47.76290426], [108.35800828, 47.76290458], [108.35801454, 47.76290423]], [[108.35553976, 47.76363204], [108.35552656, 47.76361764], [108.35551019, 47.76360481], [108.35549103, 47.76359386], [108.35546958, 47.76358506], [108.35544635, 47.76357864], [108.35542191, 47.76357475], [108.35539687, 47.76357348], [108.35537185, 47.76357487], [108.35534745, 47.76357888], [108.35532429, 47.76358541], [108.35298795, 47.76439509], [108.35296659, 47.76440399], [108.35294755, 47.76441503], [108.35293132, 47.76442794], [108.35291827, 47.76444241], [108.35290874, 47.76445807], [108.35290297, 47.76447455], [108.35290109, 47.76449143], [108.35290315, 47.7645083], [108.35290909, 47.76452475], [108.35291878, 47.76454036], [108.35296146, 47.76459634], [108.35296889, 47.76460429], [108.35297826, 47.76461126], [108.35298928, 47.76461702], [108.35300161, 47.76462141], [108.35301489, 47.76462428], [108.35302871, 47.76462556], [108.35304265, 47.7646252], [108.35305628, 47.76462321], [108.35306919, 47.76461966], [108.35331824, 47.76453335], [108.35332415, 47.76453084], [108.35332931, 47.76452768], [108.35333358, 47.76452397], [108.35333684, 47.76451981], [108.35333897, 47.76451533], [108.35333991, 47.76451067], [108.35333965, 47.76450598], [108.35333817, 47.76450138], [108.35333554, 47.76449703], [108.35332334, 47.76448104], [108.35379773, 47.76431664], [108.35380993, 47.76433263], [108.35381322, 47.76433623], [108.35381732, 47.76433944], [108.35382211, 47.76434218], [108.35382747, 47.76434437], [108.35383328, 47.76434598], [108.35383939, 47.76434695], [108.35384565, 47.76434727], [108.3538519, 47.76434692], [108.353858, 47.76434592], [108.35386379, 47.76434429], [108.35397053, 47.7643073], [108.35397643, 47.76430479], [108.3539816, 47.76430163], [108.35398587, 47.76429792], [108.35398912, 47.76429376], [108.35399125, 47.76428928], [108.3539922, 47.76428462], [108.35399193, 47.76427993], [108.35399046, 47.76427533], [108.35398782, 47.76427098], [108.35397563, 47.76425499], [108.35458047, 47.76404537], [108.35459266, 47.76406137], [108.35459638, 47.76406534], [108.35460106, 47.76406883], [108.35460657, 47.76407171], [108.35461274, 47.7640739], [108.35461938, 47.76407534], [108.35462629, 47.76407597], [108.35463326, 47.76407579], [108.35464007, 47.7640748], [108.35464653, 47.76407302], [108.35475326, 47.76403603], [108.35475916, 47.76403353], [108.35476433, 47.76403037], [108.3547686, 47.76402665], [108.35477185, 47.76402249], [108.35477399, 47.76401802], [108.35477493, 47.76401336], [108.35477466, 47.76400866], [108.35477319, 47.76400407], [108.35477055, 47.76399971], [108.35475836, 47.76398372], [108.35523274, 47.76381932], [108.35524493, 47.76383531], [108.35524823, 47.76383891], [108.35525233, 47.76384212], [108.35525711, 47.76384485], [108.35526248, 47.76384705], [108.35526829, 47.76384866], [108.3552744, 47.76384963], [108.35528066, 47.76384995], [108.35528691, 47.7638496], [108.35529301, 47.7638486], [108.3552988, 47.76384697], [108.35554785, 47.76376065], [108.35555965, 47.76375564], [108.35556998, 47.76374932], [108.35557853, 47.76374189], [108.35558503, 47.76373358], [108.35558929, 47.76372462], [108.35559118, 47.76371531], [108.35559065, 47.76370591], [108.3555877, 47.76369672], [108.35558243, 47.76368801], [108.35553976, 47.76363204]], [[108.36109147, 47.76320477], [108.36109807, 47.76321197], [108.36110626, 47.76321839], [108.36111583, 47.76322386], [108.36112656, 47.76322826], [108.36113818, 47.76323147], [108.3611504, 47.76323342], [108.36116291, 47.76323405], [108.36117543, 47.76323336], [108.36118762, 47.76323135], [108.3611992, 47.76322808], [108.36161407, 47.76308427], [108.36162587, 47.76307926], [108.3616362, 47.76307294], [108.36164474, 47.76306551], [108.36165124, 47.76305719], [108.36165551, 47.76304824], [108.3616574, 47.76303892], [108.36165686, 47.76302953], [108.36165391, 47.76302034], [108.36164864, 47.76301163], [108.36130118, 47.76255596], [108.36129127, 47.76254535], [108.36127878, 47.76253607], [108.36126409, 47.76252839], [108.36124764, 47.76252254], [108.36122993, 47.76251871], [108.36121151, 47.76251701], [108.36119293, 47.76251749], [108.36117475, 47.76252014], [108.36115754, 47.76252488], [108.36051736, 47.76274679], [108.36050163, 47.76275347], [108.36048786, 47.7627619], [108.36047646, 47.7627718], [108.36046779, 47.76278289], [108.36046211, 47.76279483], [108.36045959, 47.76280725], [108.36046031, 47.76281978], [108.36046424, 47.76283203], [108.36047127, 47.76284364], [108.36064807, 47.76307552], [108.36065687, 47.76308513], [108.36066778, 47.76309368], [108.36068055, 47.76310098], [108.36069486, 47.76310684], [108.36071034, 47.76311112], [108.36072663, 47.76311372], [108.36074333, 47.76311456], [108.36076001, 47.76311364], [108.36077627, 47.76311096], [108.36079171, 47.7631066], [108.36083915, 47.76309016], [108.36084449, 47.76308794], [108.36084925, 47.76308518], [108.36085331, 47.76308195], [108.36085657, 47.76307833], [108.36085895, 47.76307441], [108.36086039, 47.7630703], [108.36086086, 47.76306608], [108.36086035, 47.76306186], [108.36085886, 47.76305775], [108.36085644, 47.76305384], [108.36084424, 47.76303785], [108.36093912, 47.76300496], [108.36109147, 47.76320477]]]}, "geometry_name": "geom", "properties": {"guid": 3248987, "id": 3248987, "object_no": null, "object_name": "Төлөвлөлтийн зам", "layer_type_id": 975, "valid_to": null, "address_no": null, "border_type": "solid", "border_width": 1, "border_color": "#bcbcbc", "border_opacity": 1, "border_wellknown": "shape://horizline", "fill_type": "color", "fill_color": "#bcbcbc", "fill_opacity": 0.36, "fill_wellknown": null, "fill_shape_color": null, "fill_shape_width": null, "fill_shape_size": null, "fill_img_url": null, "marker_img_url": null}},{"type": "Feature", "id": "layer_data_map.fid--27e80436_1a098c1eed1_-5716", "geometry": {"type": "Polygon", "coordinates": [[[107.30504203, 47.76690119], [107.30504665, 47.76692258], [107.30505628, 47.7669432], [107.30507067, 47.76696251], [107.3071908, 47.76931673], [107.30732901, 47.76946365], [107.3074756, 47.76960683], [107.30763036, 47.76974606], [107.30779306, 47.7698811], [107.30796343, 47.77001178], [107.30814124, 47.77013787], [107.30832619, 47.7702592], [107.30851802, 47.77037558], [107.30871644, 47.77048682], [107.30892113, 47.77059277], [107.3091318, 47.77069327], [107.30934811, 47.77078814], [107.30956975, 47.77087727], [107.30979637, 47.7709605], [107.31002763, 47.77103772], [107.31026318, 47.7711088], [107.31050266, 47.77117364], [107.31645494, 47.77269484], [107.31669757, 47.77276051], [107.31693623, 47.77283248], [107.31717055, 47.77291066], [107.31740019, 47.77299492], [107.31762479, 47.77308514], [107.31784401, 47.77318118], [107.31805754, 47.77328289], [107.31826503, 47.77339013], [107.31846618, 47.77350272], [107.31866068, 47.7736205], [107.31884824, 47.77374329], [107.31902858, 47.7738709], [107.31920142, 47.77400315], [107.31936649, 47.77413983], [107.31952356, 47.77428073], [107.31967238, 47.77442564], [107.31981273, 47.77457434], [107.31994439, 47.77472662], [107.32006717, 47.77488222], [107.32018088, 47.77504093], [107.32028535, 47.7752025], [107.32038041, 47.77536669], [107.32046593, 47.77553324], [107.32408468, 47.7830495], [107.32409703, 47.78306951], [107.32411397, 47.78308793], [107.32413508, 47.78310429], [107.32415979, 47.78311815], [107.32418214, 47.78312704], [107.32393266, 47.78315935], [107.32395228, 47.78314075], [107.32396698, 47.78312017], [107.32397631, 47.78309823], [107.32398002, 47.78307553], [107.323978, 47.78305274], [107.32397031, 47.78303051], [107.32037075, 47.77555406], [107.3202865, 47.77538999], [107.32019285, 47.77522824], [107.32008994, 47.77506908], [107.31997792, 47.77491274], [107.31985697, 47.77475944], [107.31972727, 47.77460944], [107.31958901, 47.77446295], [107.31944241, 47.7743202], [107.31928768, 47.77418139], [107.31912506, 47.77404675], [107.31895479, 47.77391647], [107.31877714, 47.77379076], [107.31859237, 47.7736698], [107.31840077, 47.77355377], [107.31820261, 47.77344285], [107.31799821, 47.77333722], [107.31778787, 47.77323702], [107.3175719, 47.77314241], [107.31735064, 47.77305353], [107.31712443, 47.77297053], [107.31689359, 47.77289351], [107.31665849, 47.77282261], [107.31641947, 47.77275792], [107.31046719, 47.77123671], [107.31022409, 47.7711709], [107.30998498, 47.77109874], [107.30975022, 47.77102036], [107.30952018, 47.77093587], [107.30929519, 47.77084539], [107.30907561, 47.77074908], [107.30886176, 47.77064707], [107.30865397, 47.77053952], [107.30845256, 47.77042659], [107.30825782, 47.77030845], [107.30807007, 47.77018529], [107.30788958, 47.77005729], [107.30771663, 47.76992464], [107.30755148, 47.76978755], [107.30739438, 47.76964623], [107.30724557, 47.76950088], [107.30710527, 47.76935174], [107.30494651, 47.76695462], [107.30492898, 47.7669381], [107.30490797, 47.76692354], [107.30488396, 47.76691127], [107.30485748, 47.76690157], [107.30482915, 47.76689467], [107.3047996, 47.76689071], [107.3047695, 47.76688978], [107.29988953, 47.76698772], [107.2996931, 47.76699496], [107.29949745, 47.76700878], [107.29930305, 47.76702915], [107.2991104, 47.76705601], [107.29891997, 47.76708931], [107.29873224, 47.76712895], [107.29854766, 47.76717484], [107.2983667, 47.76722686], [107.2981898, 47.76728489], [107.2980174, 47.76734878], [107.29784994, 47.76741838], [107.29664324, 47.76794824], [107.29642677, 47.76804745], [107.29621628, 47.76815236], [107.29601211, 47.76826279], [107.29578873, 47.76839351], [107.2958144, 47.76828851], [107.29596778, 47.76819991], [107.29616885, 47.76809186], [107.2963759, 47.76798908], [107.29658864, 47.76789171], [107.29779533, 47.76736186], [107.29796704, 47.7672905], [107.2981438, 47.76722499], [107.29832517, 47.76716549], [107.29851072, 47.76711215], [107.29869997, 47.76706509], [107.29889245, 47.76702445], [107.2990877, 47.76699031], [107.29928523, 47.76696277], [107.29948455, 47.76694189], [107.29968515, 47.76692772], [107.29988656, 47.76692029], [107.30482886, 47.7668211], [107.30486081, 47.76681872], [107.30489178, 47.76681292], [107.30492098, 47.76680385], [107.30494764, 47.76679174], [107.30653633, 47.76593793], [107.3067311, 47.76582908], [107.30691956, 47.76571529], [107.30710143, 47.76559673], [107.30727645, 47.76547358], [107.30744436, 47.765346], [107.30760492, 47.7652142], [107.30775789, 47.76507835], [107.30790305, 47.76493866], [107.30804019, 47.76479534], [107.30816911, 47.76464858], [107.30828961, 47.76449861], [107.30840153, 47.76434565], [107.31605423, 47.75335981], [107.31620547, 47.75313462], [107.31634745, 47.7529067], [107.31648004, 47.75267622], [107.31660316, 47.75244337], [107.3167167, 47.75220831], [107.31682058, 47.75197123], [107.31691473, 47.75173231], [107.31699907, 47.75149172], [107.31707353, 47.75124966], [107.31713806, 47.75100631], [107.31719261, 47.75076185], [107.31723714, 47.75051646], [107.31727161, 47.75027034], [107.31729601, 47.75002368], [107.3173103, 47.74977665], [107.31731449, 47.74952945], [107.31730082, 47.74565074], [107.31729492, 47.74542834], [107.31727877, 47.74520617], [107.31725241, 47.74498445], [107.31721585, 47.74476338], [107.31716913, 47.74454319], [107.3171123, 47.74432408], [107.3170454, 47.74410627], [107.31696851, 47.74388997], [107.3168817, 47.74367538], [107.31678505, 47.74346271], [107.31667865, 47.74325217], [107.31656262, 47.74304396], [107.31643705, 47.74283828], [107.31630208, 47.74263532], [107.31615783, 47.7424353], [107.31600444, 47.74223839], [107.31584206, 47.74204479], [107.31567084, 47.74185468], [107.31549096, 47.74166826], [107.31530258, 47.74148569], [107.31510589, 47.74130715], [107.31490107, 47.74113282], [107.31468833, 47.74096286], [107.31446787, 47.74079745], [107.3142399, 47.74063672], [107.31400464, 47.74048086], [107.31200582, 47.73919703], [107.31171192, 47.73901295], [107.31141125, 47.73883391], [107.31110401, 47.73866002], [107.31079039, 47.7384914], [107.31047058, 47.73832816], [107.3101448, 47.73817038], [107.30981323, 47.73801818], [107.30947611, 47.73787166], [107.30913362, 47.73773089], [107.30878601, 47.73759598], [107.30843347, 47.737467], [107.30807624, 47.73734404], [107.30771455, 47.73722718], [107.30734861, 47.73711649], [107.30697866, 47.73701204], [107.30660494, 47.7369139], [107.30622769, 47.73682212], [107.30584713, 47.73673677], [107.30546351, 47.7366579], [107.30507707, 47.73658556], [107.30468807, 47.7365198], [107.30429673, 47.73646065], [107.30167714, 47.73608795], [107.29803905, 47.73552558], [107.29210377, 47.73464846], [107.29186812, 47.73461664], [107.29163092, 47.73459062], [107.29139248, 47.73457042], [107.2911531, 47.73455608], [107.29091311, 47.73454762], [107.29067283, 47.73454504], [107.29039108, 47.7345455], [107.29013358, 47.73454589], [107.28921736, 47.73459448], [107.26635827, 47.73462635], [107.26634145, 47.73462685], [107.26369608, 47.73478088], [107.26172383, 47.73487917], [107.25651391, 47.73561193], [107.25597297, 47.73569854], [107.25543431, 47.7357914], [107.25489808, 47.73589048], [107.25436446, 47.73599575], [107.25383359, 47.73610719], [107.25330563, 47.73622475], [107.25278074, 47.73634841], [107.25225907, 47.73647812], [107.24951328, 47.73727132], [107.24948255, 47.73728242], [107.24945515, 47.73729696], [107.2494319, 47.73731449], [107.24941352, 47.73733447], [107.24940057, 47.7373563], [107.24939343, 47.73737932], [107.24939232, 47.73740283], [107.24939728, 47.73742611], [107.24940816, 47.73744845], [107.24967304, 47.73786573], [107.24984657, 47.73814786], [107.25001061, 47.73843257], [107.25016509, 47.7387197], [107.2503099, 47.73900911], [107.250445, 47.73930065], [107.2505703, 47.73959418], [107.25068574, 47.73988954], [107.25079126, 47.74018659], [107.25088681, 47.74048517], [107.25097234, 47.74078512], [107.25104781, 47.7410863], [107.25111317, 47.74138856], [107.2511684, 47.74169173], [107.25121346, 47.74199567], [107.25124833, 47.74230022], [107.251273, 47.74260522], [107.25128744, 47.74291052], [107.25142455, 47.74739549], [107.25143021, 47.74774416], [107.25142586, 47.74809284], [107.25141151, 47.74844139], [107.25138717, 47.74878969], [107.25135283, 47.74913761], [107.25130853, 47.74948501], [107.25125426, 47.74983178], [107.25119005, 47.75017776], [107.25111593, 47.75052285], [107.25103192, 47.7508669], [107.25093805, 47.7512098], [107.25083436, 47.7515514], [107.25072089, 47.75189159], [107.25059768, 47.75223023], [107.25046478, 47.7525672], [107.25032223, 47.75290238], [107.25017008, 47.75323563], [107.25000841, 47.75356683], [107.24983725, 47.75389586], [107.24965669, 47.7542226], [107.24946679, 47.75454692], [107.24926761, 47.7548687], [107.24905924, 47.75518782], [107.24548046, 47.7605273], [107.24542989, 47.76061013], [107.24538778, 47.76069509], [107.24535433, 47.76078178], [107.2453297, 47.7608698], [107.24531399, 47.76095875], [107.24530728, 47.76104822], [107.2453096, 47.76113778], [107.24532093, 47.76122703], [107.24534124, 47.76131556], [107.24537042, 47.76140295], [107.24540834, 47.7614888], [107.24565071, 47.76197633], [107.24556684, 47.76200573], [107.2453198, 47.76150881], [107.24528007, 47.76141886], [107.2452495, 47.76132729], [107.24522822, 47.76123453], [107.24521634, 47.76114102], [107.24521391, 47.76104718], [107.24522094, 47.76095344], [107.2452374, 47.76086024], [107.24526322, 47.76076801], [107.24529827, 47.76067717], [107.24534238, 47.76058816], [107.24539537, 47.76050136], [107.24897415, 47.75516189], [107.2491818, 47.75484388], [107.24938028, 47.75452323], [107.24956953, 47.75420004], [107.24974946, 47.75387445], [107.24992001, 47.75354656], [107.25008112, 47.75321652], [107.25023274, 47.75288443], [107.25037479, 47.75255043], [107.25050723, 47.75221464], [107.25063001, 47.75187718], [107.25074309, 47.75153818], [107.25084641, 47.75119777], [107.25093995, 47.75085607], [107.25102367, 47.75051322], [107.25109753, 47.75016934], [107.25116152, 47.74982456], [107.25121559, 47.74947901], [107.25125975, 47.74913282], [107.25129396, 47.74878612], [107.25131822, 47.74843903], [107.25133252, 47.7480917], [107.25133686, 47.74774424], [107.25133122, 47.74739679], [107.25119412, 47.74291182], [107.25117974, 47.74260794], [107.25115519, 47.74230436], [107.25112048, 47.74200123], [107.25107563, 47.74169871], [107.25102066, 47.74139694], [107.2509556, 47.7410961], [107.25088049, 47.74079631], [107.25079536, 47.74049775], [107.25070025, 47.74020057], [107.25059522, 47.73990491], [107.25048032, 47.73961092], [107.2503556, 47.73931876], [107.25022114, 47.73902857], [107.25007699, 47.73874051], [107.24992324, 47.73845471], [107.24975996, 47.73817133], [107.24958724, 47.73789051], [107.24932236, 47.73747323], [107.24930778, 47.73745449], [107.24928903, 47.73743751], [107.24926658, 47.73742272], [107.24924097, 47.73741048], [107.24921284, 47.73740109], [107.24918288, 47.73739479], [107.24915183, 47.73739172], [107.24912044, 47.73739198], [107.24908951, 47.73739554], [107.24905978, 47.73740232], [107.23301635, 47.74203503], [107.23298768, 47.74204524], [107.23296182, 47.74205843], [107.23293947, 47.74207427], [107.2329212, 47.74209234], [107.2329075, 47.74211217], [107.23289873, 47.74213322], [107.23289512, 47.74215496], [107.23289676, 47.7421768], [107.23290362, 47.74219817], [107.23405224, 47.74475606], [107.23499846, 47.74743595], [107.23513244, 47.74890059], [107.2350534, 47.75019737], [107.23478138, 47.75156229], [107.23461742, 47.75249469], [107.23400437, 47.75471865], [107.23396349, 47.75471529], [107.23390669, 47.7547106], [107.23451826, 47.75248573], [107.23468214, 47.75155383], [107.23495365, 47.75019147], [107.23503229, 47.74890129], [107.23489916, 47.74744591], [107.23395565, 47.74477366], [107.23150595, 47.73931806], [107.22946971, 47.7349003], [107.22795872, 47.7313916], [107.22502457, 47.72491251], [107.22483003, 47.72454244], [107.223692, 47.72224464], [107.2219736, 47.71877458], [107.22016788, 47.71461513], [107.21837774, 47.71085195], [107.21830301, 47.71068522], [107.21823665, 47.71051689], [107.21817875, 47.71034713], [107.21812936, 47.71017616], [107.21808855, 47.71000416], [107.21805636, 47.70983133], [107.21803282, 47.70965786], [107.21801797, 47.70948396], [107.21801182, 47.70930981], [107.21826526, 47.70695873], [107.2188691, 47.70454656], [107.22013932, 47.7005853], [107.22023699, 47.70059957], [107.21896726, 47.70455932], [107.21836459, 47.70696682], [107.2181118, 47.70931202], [107.21811798, 47.70948359], [107.21813273, 47.70965492], [107.21815601, 47.70982582], [107.21818781, 47.70999609], [107.21822808, 47.71016554], [107.21827679, 47.71033398], [107.21833388, 47.71050122], [107.21839927, 47.71066707], [107.21847291, 47.71083133], [107.22026344, 47.71459533], [107.22206901, 47.7187544], [107.22378682, 47.72222326], [107.22395604, 47.72256475], [107.22411545, 47.72288682], [107.22492456, 47.72452048], [107.22511954, 47.72489137], [107.22805455, 47.73137233], [107.22956548, 47.73488087], [107.23160155, 47.73929827], [107.23275778, 47.74187339], [107.23277018, 47.74189444], [107.23278763, 47.7419138], [107.23280963, 47.74193092], [107.23283557, 47.74194531], [107.23286471, 47.74195657], [107.23289624, 47.74196438], [107.23292925, 47.74196852], [107.23296283, 47.74196889], [107.23299603, 47.74196545], [107.23302791, 47.74195832], [107.24902041, 47.73734031], [107.24947392, 47.73720931], [107.25222167, 47.73641554], [107.2527453, 47.73628532], [107.25327217, 47.73616117], [107.25380212, 47.73604315], [107.25433499, 47.73593129], [107.25487064, 47.73582561], [107.25540889, 47.73572616], [107.25594959, 47.73563295], [107.25649258, 47.73554603], [107.26170928, 47.73481231], [107.26368748, 47.73471367], [107.26468926, 47.73465535], [107.26634689, 47.73446447], [107.26795155, 47.73446238], [107.26798627, 47.73446028], [107.26801992, 47.73445415], [107.26805148, 47.73444418], [107.26808, 47.73443065], [107.2681046, 47.734414], [107.26812454, 47.73439471], [107.26813922, 47.73437338], [107.26814818, 47.73435066], [107.26815115, 47.73432723], [107.2681356, 47.72827447], [107.26813254, 47.72825118], [107.26812357, 47.7282286], [107.26810894, 47.7282074], [107.26808912, 47.72818822], [107.26806468, 47.72817164], [107.26803637, 47.72815816], [107.26800691, 47.72814877], [107.26800451, 47.72807267], [107.26818198, 47.72807354], [107.27284383, 47.72806818], [107.2730286, 47.72807111], [107.27321292, 47.72808036], [107.2733963, 47.72809588], [107.27357829, 47.72811765], [107.27375841, 47.72814561], [107.2739362, 47.72817969], [107.2741112, 47.72821979], [107.27428297, 47.72826582], [107.27445107, 47.72831766], [107.27461506, 47.72837517], [107.27477453, 47.72843822], [107.27492906, 47.72850663], [107.27507826, 47.72858022], [107.27510092, 47.72859007], [107.27512571, 47.72859722], [107.27515193, 47.72860145], [107.27517883, 47.72860265], [107.27520564, 47.72860079], [107.27898884, 47.72811799], [107.2791379, 47.72810216], [107.27928813, 47.72809257], [107.27943895, 47.72808923], [107.28899803, 47.72807674], [107.2890293, 47.72807504], [107.2890598, 47.72807005], [107.28908876, 47.72806191], [107.28911548, 47.72805082], [107.2891393, 47.72803703], [107.28915963, 47.72802091], [107.28917597, 47.72800283], [107.28918793, 47.72798326], [107.28919519, 47.72796266], [107.28919759, 47.72794155], [107.28919717, 47.72781521], [107.28929049, 47.72781508], [107.28930995, 47.73434472], [107.28931247, 47.73436582], [107.28931986, 47.7343864], [107.28933193, 47.73440595], [107.28934839, 47.73442398], [107.28936882, 47.73444005], [107.28939273, 47.73445377], [107.28941953, 47.73446479], [107.28944855, 47.73447285], [107.28947908, 47.73447775], [107.28951038, 47.73447936], [107.29039086, 47.73447804], [107.2906726, 47.73447758], [107.29091652, 47.7344802], [107.29116014, 47.73448879], [107.29140313, 47.73450335], [107.29164518, 47.73452385], [107.29188596, 47.73455027], [107.29212517, 47.73458256], [107.29806092, 47.73545975], [107.30169863, 47.73602207], [107.30431737, 47.73639464], [107.30471115, 47.73645416], [107.3051026, 47.73652034], [107.30549146, 47.73659313], [107.30587748, 47.73667249], [107.30626042, 47.73675838], [107.30664005, 47.73685073], [107.30701611, 47.73694949], [107.30738837, 47.7370546], [107.3077566, 47.73716598], [107.30812057, 47.73728357], [107.30848004, 47.7374073], [107.30883478, 47.73753709], [107.30918458, 47.73767285], [107.30952921, 47.73781449], [107.30986845, 47.73796194], [107.31020209, 47.73811509], [107.31052992, 47.73827386], [107.31085173, 47.73843813], [107.31116732, 47.7386078], [107.31147649, 47.73878278], [107.31177904, 47.73896294], [107.31207478, 47.73914817], [107.3140736, 47.740432], [107.31431107, 47.74058934], [107.31454119, 47.74075157], [107.31476373, 47.74091855], [107.31497848, 47.74109011], [107.31518522, 47.74126608], [107.31538377, 47.7414463], [107.31557392, 47.74163059], [107.3157555, 47.74181877], [107.31592833, 47.74201067], [107.31609223, 47.74220609], [107.31624707, 47.74240485], [107.31639268, 47.74260676], [107.31652893, 47.74281163], [107.31665567, 47.74301924], [107.3167728, 47.74322942], [107.3168802, 47.74344194], [107.31697776, 47.74365661], [107.31706539, 47.74387322], [107.31714301, 47.74409156], [107.31721053, 47.74431143], [107.3172679, 47.7445326], [107.31731506, 47.74475486], [107.31735197, 47.74497801], [107.31737858, 47.74520182], [107.31739487, 47.74542608], [107.31740084, 47.74565058], [107.31741451, 47.74952929], [107.31741029, 47.74977835], [107.31739589, 47.75002724], [107.31737131, 47.75027576], [107.31733658, 47.75052373], [107.31729171, 47.75077096], [107.31723675, 47.75101727], [107.31717174, 47.75126245], [107.31709672, 47.75150633], [107.31701175, 47.75174873], [107.31691689, 47.75198945], [107.31681223, 47.75222832], [107.31669783, 47.75246514], [107.31657379, 47.75269975], [107.31644019, 47.75293196], [107.31629715, 47.7531616], [107.31614477, 47.75338849], [107.30849209, 47.76437433], [107.30837848, 47.76452961], [107.30825615, 47.76468184], [107.30812529, 47.76483081], [107.30798608, 47.76497631], [107.30783872, 47.76511811], [107.30768344, 47.76525601], [107.30752045, 47.76538981], [107.30735, 47.76551931], [107.30717234, 47.76564433], [107.30698771, 47.76576468], [107.30679641, 47.76588018], [107.30659869, 47.76599067], [107.30511699, 47.766787], [107.3050936, 47.76680178], [107.30507402, 47.76681889], [107.30505873, 47.76683789], [107.30504815, 47.7668583], [107.30504253, 47.76687958], [107.30504203, 47.76690119]], [[107.28919717, 47.73452705], [107.28920064, 47.73452684], [107.289204, 47.73452623], [107.28920716, 47.73452523], [107.28921001, 47.73452388], [107.28921247, 47.73452221], [107.28921446, 47.73452028], [107.28921593, 47.73451815], [107.28921683, 47.73451588], [107.28921712, 47.73451353], [107.28921687, 47.73451142], [107.28921613, 47.73450937], [107.28921492, 47.73450741], [107.28921328, 47.73450561], [107.28921124, 47.734504], [107.28920884, 47.73450263], [107.28920617, 47.73450153], [107.28920326, 47.73450072], [107.28920021, 47.73450023], [107.28919708, 47.73450007], [107.26636729, 47.7345319], [107.26636416, 47.73453207], [107.26636111, 47.73453257], [107.26635821, 47.73453338], [107.26635554, 47.73453449], [107.26635316, 47.73453587], [107.26635113, 47.73453748], [107.26634949, 47.73453929], [107.2663483, 47.73454125], [107.26634757, 47.73454331], [107.26634733, 47.73454542], [107.26634764, 47.73454776], [107.26634855, 47.73455003], [107.26635003, 47.73455216], [107.26635203, 47.73455408], [107.2663545, 47.73455574], [107.26635736, 47.73455709], [107.26636052, 47.73455808], [107.26636389, 47.73455868], [107.26636737, 47.73455888], [107.28919717, 47.73452705]], [[107.28475538, 47.73443256], [107.28478591, 47.73443745], [107.28481721, 47.73443907], [107.28901694, 47.73443288], [107.28905165, 47.73443078], [107.2890853, 47.73442464], [107.28911686, 47.73441466], [107.28914537, 47.73440113], [107.28916996, 47.73438447], [107.28918989, 47.73436518], [107.28920456, 47.73434385], [107.28921351, 47.73432112], [107.28921648, 47.73429769], [107.28921399, 47.73345937], [107.28921146, 47.73343827], [107.28920407, 47.73341769], [107.289192, 47.73339814], [107.28917555, 47.73338011], [107.28915511, 47.73336404], [107.28913121, 47.73335032], [107.28910441, 47.7333393], [107.28907539, 47.73333124], [107.28904486, 47.73332634], [107.28901356, 47.73332473], [107.28894694, 47.73332483], [107.28724047, 47.73332764], [107.28628047, 47.73332894], [107.28513316, 47.73333049], [107.28481392, 47.73333091], [107.2847792, 47.73333301], [107.28474555, 47.73333915], [107.284714, 47.73334913], [107.28468549, 47.73336266], [107.28466089, 47.73337932], [107.28464096, 47.73339861], [107.28462629, 47.73341994], [107.28461734, 47.73344266], [107.28461437, 47.73346609], [107.28461679, 47.73430442], [107.28461931, 47.73432552], [107.2846267, 47.7343461], [107.28463877, 47.73436565], [107.28465522, 47.73438368], [107.28467565, 47.73439975], [107.28469956, 47.73441347], [107.28472635, 47.73442449], [107.28475538, 47.73443256]], [[107.28901346, 47.73326177], [107.28904817, 47.73325966], [107.28908182, 47.73325353], [107.28911338, 47.73324355], [107.28914189, 47.73323002], [107.28916648, 47.73321336], [107.28918641, 47.73319407], [107.28920108, 47.73317273], [107.28921003, 47.73315001], [107.289213, 47.73312658], [107.2892106, 47.73231955], [107.28920807, 47.73229844], [107.28920069, 47.73227787], [107.28918862, 47.73225833], [107.28917217, 47.7322403], [107.28915174, 47.73222423], [107.28912784, 47.73221051], [107.28910105, 47.73219948], [107.28907203, 47.73219142], [107.28904151, 47.73218652], [107.28901022, 47.7321849], [107.28763703, 47.73218675], [107.28760575, 47.73218845], [107.28757525, 47.73219344], [107.28754629, 47.73220158], [107.28751956, 47.73221267], [107.28749574, 47.73222645], [107.28747541, 47.73224258], [107.28745907, 47.73226065], [107.28744712, 47.73228023], [107.28743985, 47.73230082], [107.28743745, 47.73232193], [107.28743767, 47.73239868], [107.28743955, 47.73302931], [107.28743993, 47.73315615], [107.28744195, 47.73317303], [107.28744786, 47.7331895], [107.28745752, 47.73320513], [107.28747068, 47.73321956], [107.28748702, 47.73323241], [107.28750615, 47.73324339], [107.28752759, 47.73325221], [107.2875508, 47.73325865], [107.28757523, 47.73326257], [107.28760027, 47.73326386], [107.28901346, 47.73326177]], [[107.28721469, 47.7332621], [107.28724161, 47.7332572], [107.28726686, 47.73324921], [107.28728967, 47.73323839], [107.28730935, 47.73322506], [107.2873253, 47.73320963], [107.28733704, 47.73319256], [107.2873442, 47.73317438], [107.28734658, 47.73315563], [107.2873462, 47.73302943], [107.28734435, 47.7323988], [107.28734412, 47.73232206], [107.2873416, 47.73230096], [107.28733421, 47.73228038], [107.28732215, 47.73226084], [107.2873057, 47.73224281], [107.28728527, 47.73222674], [107.28726137, 47.73221302], [107.28723458, 47.73220199], [107.28720557, 47.73219393], [107.28717504, 47.73218903], [107.28714375, 47.73218741], [107.28481067, 47.7321905], [107.28477595, 47.7321926], [107.28474229, 47.73219873], [107.28471073, 47.73220871], [107.28468221, 47.73222223], [107.28465761, 47.7322389], [107.28463767, 47.73225819], [107.284623, 47.73227952], [107.28461405, 47.73230225], [107.28461108, 47.73232568], [107.28461341, 47.7331333], [107.28461593, 47.73315441], [107.28462332, 47.73317498], [107.28463539, 47.73319453], [107.28465184, 47.73321256], [107.28467227, 47.73322863], [107.28469618, 47.73324235], [107.28472297, 47.73325338], [107.28475199, 47.73326144], [107.28478253, 47.73326634], [107.28481382, 47.73326795], [107.28493382, 47.73326778], [107.28518713, 47.73326647], [107.28718691, 47.73326378], [107.28721469, 47.7332621]], [[107.28901003, 47.73212194], [107.28904475, 47.73211985], [107.2890784, 47.73211371], [107.28910997, 47.73210373], [107.28913848, 47.7320902], [107.28916308, 47.73207354], [107.28918302, 47.73205425], [107.28919768, 47.73203292], [107.28920664, 47.73201019], [107.28920961, 47.73198676], [107.28920878, 47.73171018], [107.28920626, 47.73168908], [107.28919887, 47.7316685], [107.28918681, 47.73164896], [107.28917036, 47.73163093], [107.28914993, 47.73161486], [107.28912603, 47.73160114], [107.28909924, 47.73159012], [107.28907022, 47.73158206], [107.2890397, 47.73157715], [107.28900841, 47.73157554], [107.28763524, 47.73157738], [107.28760052, 47.73157948], [107.28756687, 47.73158561], [107.2875353, 47.73159559], [107.28750679, 47.73160912], [107.28748219, 47.73162578], [107.28746225, 47.73164507], [107.28744758, 47.73166641], [107.28743863, 47.73168913], [107.28743566, 47.73171257], [107.28743647, 47.73198914], [107.287439, 47.73201024], [107.28744638, 47.73203082], [107.28745845, 47.73205036], [107.2874749, 47.73206839], [107.28749532, 47.73208446], [107.28751923, 47.73209818], [107.28754601, 47.73210921], [107.28757503, 47.73211727], [107.28760556, 47.73212217], [107.28763685, 47.73212379], [107.28901003, 47.73212194]], [[107.28717829, 47.73212235], [107.28721194, 47.73211622], [107.2872435, 47.73210624], [107.28727202, 47.73209271], [107.28729662, 47.73207605], [107.28731655, 47.73205676], [107.28733122, 47.73203543], [107.28734018, 47.7320127], [107.28734315, 47.73198927], [107.28734234, 47.73171269], [107.28733923, 47.73168927], [107.28733014, 47.73166656], [107.28731535, 47.73164527], [107.2872953, 47.73162603], [107.2872706, 47.73160944], [107.287242, 47.73159598], [107.28721038, 47.73158609], [107.2871767, 47.73158005], [107.28714196, 47.73157804], [107.28480891, 47.73158113], [107.28477419, 47.73158323], [107.28474053, 47.73158936], [107.28470897, 47.73159934], [107.28468045, 47.73161287], [107.28465585, 47.73162953], [107.28463591, 47.73164882], [107.28462124, 47.73167015], [107.28461229, 47.73169288], [107.28460932, 47.73171631], [107.28461012, 47.73199289], [107.28461264, 47.73201399], [107.28462002, 47.73203457], [107.28463209, 47.73205411], [107.28464854, 47.73207214], [107.28466896, 47.73208821], [107.28469286, 47.73210193], [107.28471965, 47.73211295], [107.28474867, 47.73212102], [107.2847792, 47.73212592], [107.28481048, 47.73212754], [107.28714357, 47.73212445], [107.28717829, 47.73212235]], [[107.28900762, 47.73151284], [107.28904234, 47.73151075], [107.28907599, 47.73150462], [107.28910756, 47.73149464], [107.28913607, 47.73148112], [107.28916068, 47.73146446], [107.28918062, 47.73144517], [107.28919529, 47.73142384], [107.28920425, 47.73140111], [107.28920723, 47.73137768], [107.28920556, 47.7307617], [107.28920474, 47.73045783], [107.28920291, 47.72977669], [107.28920039, 47.72975558], [107.28919301, 47.72973501], [107.28918094, 47.72971546], [107.2891645, 47.72969743], [107.28914408, 47.72968136], [107.28912018, 47.72966764], [107.2890934, 47.72965661], [107.28906438, 47.72964854], [107.28903386, 47.72964364], [107.28900257, 47.72964201], [107.28762945, 47.72964369], [107.28759818, 47.72964539], [107.28756768, 47.72965037], [107.28753871, 47.72965851], [107.28751198, 47.7296696], [107.28748816, 47.72968338], [107.28746782, 47.7296995], [107.28745147, 47.72971757], [107.28743952, 47.72973715], [107.28743225, 47.72975774], [107.28742984, 47.72977885], [107.28743406, 47.73136185], [107.28743411, 47.73137984], [107.28743663, 47.73140095], [107.28744401, 47.73142152], [107.28745607, 47.73144107], [107.28747251, 47.7314591], [107.28749294, 47.73147517], [107.28751683, 47.73148889], [107.28754362, 47.73149992], [107.28757263, 47.73150799], [107.28760316, 47.73151289], [107.28763445, 47.73151451], [107.28900762, 47.73151284]], [[107.2871765, 47.73151299], [107.28721015, 47.73150685], [107.28724171, 47.73149687], [107.28727023, 47.73148335], [107.28729483, 47.73146668], [107.28731476, 47.73144739], [107.28732943, 47.73142606], [107.28733839, 47.73140333], [107.28734136, 47.7313799], [107.28733666, 47.72977891], [107.28733413, 47.72975781], [107.28732675, 47.72973723], [107.28731468, 47.72971769], [107.28729823, 47.72969966], [107.28727781, 47.72968359], [107.28725391, 47.72966987], [107.28722712, 47.72965884], [107.28719811, 47.72965078], [107.28716758, 47.72964588], [107.28713629, 47.72964426], [107.28669636, 47.72964485], [107.28666508, 47.72964655], [107.28663459, 47.72965153], [107.28660562, 47.72965967], [107.2865789, 47.72967077], [107.28655508, 47.72968455], [107.28653475, 47.72970067], [107.2865184, 47.72971875], [107.28650645, 47.72973832], [107.28649919, 47.72975892], [107.28649679, 47.72978003], [107.28650146, 47.73138102], [107.28650398, 47.73140212], [107.28651137, 47.7314227], [107.28652344, 47.73144224], [107.28653988, 47.73146027], [107.28656031, 47.73147634], [107.28658421, 47.73149006], [107.286611, 47.73150108], [107.28664002, 47.73150915], [107.28667054, 47.73151405], [107.28670183, 47.73151567], [107.28714178, 47.73151508], [107.2871765, 47.73151299]], [[107.28623983, 47.73151462], [107.28627033, 47.73150964], [107.2862993, 47.7315015], [107.28632602, 47.7314904], [107.28634985, 47.73147662], [107.28637018, 47.7314605], [107.28638652, 47.73144242], [107.28639847, 47.73142285], [107.28640574, 47.73140225], [107.28640814, 47.73138114], [107.28640609, 47.7306772], [107.28640543, 47.73045234], [107.28640347, 47.72978015], [107.28640094, 47.72975905], [107.28639356, 47.72973847], [107.28638149, 47.72971893], [107.28636505, 47.7297009], [107.28634462, 47.72968483], [107.28632072, 47.72967111], [107.28629393, 47.72966009], [107.28626492, 47.72965202], [107.28623439, 47.72964712], [107.2862031, 47.7296455], [107.28599647, 47.72964577], [107.28500995, 47.72964708], [107.28480332, 47.72964735], [107.2847686, 47.72964944], [107.28473495, 47.72965558], [107.28470339, 47.72966556], [107.28467488, 47.72967908], [107.28465028, 47.72969574], [107.28463034, 47.72971503], [107.28461567, 47.72973637], [107.28460671, 47.72975909], [107.28460374, 47.72978253], [107.28460592, 47.73047513], [107.28460771, 47.73115869], [107.28460836, 47.73138352], [107.28461146, 47.73140694], [107.28462055, 47.73142965], [107.28463534, 47.73145094], [107.28465539, 47.73147018], [107.28468009, 47.73148678], [107.28470868, 47.73150023], [107.2847403, 47.73151013], [107.28477399, 47.73151617], [107.28480872, 47.73151817], [107.28495054, 47.73151799], [107.28604366, 47.73151654], [107.28620856, 47.73151632], [107.28623983, 47.73151462]], [[107.2890024, 47.72957905], [107.28903712, 47.72957696], [107.28907077, 47.72957083], [107.28910234, 47.72956086], [107.28913085, 47.72954733], [107.28915546, 47.72953067], [107.2891754, 47.72951138], [107.28919007, 47.72949005], [107.28919903, 47.72946733], [107.28920201, 47.72944389], [107.28919885, 47.72827463], [107.28919575, 47.72825121], [107.28918667, 47.7282285], [107.28917188, 47.72820721], [107.28915184, 47.72818797], [107.28912714, 47.72817137], [107.28909856, 47.72815791], [107.28906694, 47.72814801], [107.28903325, 47.72814197], [107.28899853, 47.72813996], [107.28762545, 47.72814163], [107.28759417, 47.72814333], [107.28756367, 47.72814831], [107.2875347, 47.72815645], [107.28750798, 47.72816754], [107.28748416, 47.72818132], [107.28746382, 47.72819745], [107.28744747, 47.72821552], [107.28743552, 47.72823509], [107.28742825, 47.72825568], [107.28742584, 47.72827679], [107.28742839, 47.72923502], [107.28742877, 47.72937668], [107.28742896, 47.72944606], [107.28743206, 47.72946948], [107.28744114, 47.72949219], [107.28745593, 47.72951348], [107.28747597, 47.72953272], [107.28750066, 47.72954932], [107.28752925, 47.72956278], [107.28756087, 47.72957268], [107.28759455, 47.72957872], [107.28762928, 47.72958073], [107.2890024, 47.72957905]], [[107.28717083, 47.7295792], [107.28720448, 47.72957307], [107.28723604, 47.72956309], [107.28726455, 47.72954956], [107.28728915, 47.7295329], [107.28730909, 47.72951361], [107.28732376, 47.72949228], [107.28733271, 47.72946955], [107.28733568, 47.72944612], [107.28733502, 47.72922092], [107.28733354, 47.72871777], [107.28733225, 47.72827685], [107.28732914, 47.72825343], [107.28732005, 47.72823072], [107.28730526, 47.72820943], [107.28728521, 47.72819019], [107.28726052, 47.7281736], [107.28723193, 47.72816014], [107.28720031, 47.72815025], [107.28716662, 47.72814421], [107.28713189, 47.7281422], [107.28669848, 47.72814278], [107.28523208, 47.72814472], [107.28479899, 47.72814529], [107.28476771, 47.72814699], [107.28473721, 47.72815197], [107.28470825, 47.72816011], [107.28468152, 47.72817121], [107.2846577, 47.72818499], [107.28463737, 47.72820111], [107.28462103, 47.72821919], [107.28460908, 47.72823876], [107.28460181, 47.72825936], [107.28459941, 47.72828047], [107.28460068, 47.72872175], [107.28460213, 47.72922489], [107.28460278, 47.72944974], [107.2846053, 47.72947084], [107.28461269, 47.72949141], [107.28462475, 47.72951096], [107.2846412, 47.72952899], [107.28466163, 47.72954506], [107.28468553, 47.72955878], [107.28471231, 47.7295698], [107.28474133, 47.72957787], [107.28477185, 47.72958277], [107.28480314, 47.72958439], [107.28582963, 47.72958304], [107.28610958, 47.72958266], [107.28713611, 47.7295813], [107.28717083, 47.7295792]], [[107.28434116, 47.72958333], [107.28437166, 47.72957835], [107.28440062, 47.72957021], [107.28442735, 47.72955912], [107.28445117, 47.72954533], [107.2844715, 47.72952921], [107.28448784, 47.72951114], [107.2844998, 47.72949156], [107.28450706, 47.72947097], [107.28450946, 47.72944986], [107.2845061, 47.72828059], [107.28450299, 47.72825716], [107.2844939, 47.72823446], [107.28447911, 47.72821316], [107.28445906, 47.72819393], [107.28443437, 47.72817733], [107.28440578, 47.72816388], [107.28437416, 47.72815398], [107.28434047, 47.72814794], [107.28430574, 47.72814593], [107.28407875, 47.72814623], [107.28267234, 47.72814803], [107.28258568, 47.72814814], [107.28213882, 47.72814873], [107.2812726, 47.72814986], [107.28099968, 47.72815021], [107.28096841, 47.72815191], [107.28093791, 47.72815689], [107.28090894, 47.72816503], [107.28088222, 47.72817613], [107.2808584, 47.72818991], [107.28083807, 47.72820603], [107.28082172, 47.7282241], [107.28080977, 47.72824368], [107.2808025, 47.72826427], [107.2808001, 47.72828538], [107.28080338, 47.72945466], [107.28080648, 47.72947808], [107.28081557, 47.72950079], [107.28083036, 47.72952208], [107.28085041, 47.72954132], [107.2808751, 47.72955792], [107.28090369, 47.72957137], [107.28093531, 47.72958127], [107.280969, 47.72958731], [107.28100373, 47.72958932], [107.28109708, 47.7295892], [107.28213025, 47.72958787], [107.28227686, 47.72958768], [107.28303674, 47.7295867], [107.28318337, 47.72958651], [107.28421656, 47.72958516], [107.28430988, 47.72958504], [107.28434116, 47.72958333]], [[107.28054175, 47.72958825], [107.28057225, 47.72958327], [107.28060122, 47.72957513], [107.28062794, 47.72956403], [107.28065176, 47.72955025], [107.28067209, 47.72953413], [107.28068844, 47.72951606], [107.28070039, 47.72949648], [107.28070766, 47.72947589], [107.28071006, 47.72945478], [107.28070778, 47.72864064], [107.2807072, 47.72843377], [107.28070678, 47.7282855], [107.28070368, 47.72826208], [107.28069459, 47.72823937], [107.2806798, 47.72821808], [107.28065976, 47.72819884], [107.28063506, 47.72818224], [107.28060647, 47.72816879], [107.28057485, 47.72815889], [107.28054117, 47.72815284], [107.28050644, 47.72815084], [107.2794195, 47.72815227], [107.279281, 47.72815598], [107.27914307, 47.72816519], [107.27900618, 47.72817986], [107.27833185, 47.72826592], [107.27809007, 47.72829678], [107.27554112, 47.72862206], [107.27551506, 47.72862696], [107.27549058, 47.72863475], [107.27546841, 47.72864522], [107.27544916, 47.72865805], [107.2754334, 47.72867289], [107.27542157, 47.72868932], [107.27541401, 47.72870685], [107.27541095, 47.72872499], [107.27541245, 47.72874322], [107.2754185, 47.72876102], [107.2754289, 47.72877787], [107.27544336, 47.72879331], [107.27546147, 47.72880687], [107.27557491, 47.72887859], [107.27542897, 47.72887877], [107.27527737, 47.72878293], [107.27513428, 47.72869724], [107.27498457, 47.72861688], [107.27482865, 47.72854207], [107.27466698, 47.72847304], [107.27450004, 47.72840999], [107.27432831, 47.7283531], [107.27415228, 47.72830254], [107.27397247, 47.72825845], [107.2737894, 47.72822096], [107.2736036, 47.72819018], [107.27341561, 47.72816619], [107.27322599, 47.72814908], [107.27303527, 47.72813889], [107.27284401, 47.72813564], [107.26842856, 47.72814072], [107.26839728, 47.72814242], [107.26836678, 47.7281474], [107.26833781, 47.72815553], [107.26831108, 47.72816663], [107.26828725, 47.7281804], [107.26826691, 47.72819653], [107.26825057, 47.7282146], [107.26823861, 47.72823417], [107.26823133, 47.72825477], [107.26822893, 47.72827587], [107.26823199, 47.72947011], [107.26823451, 47.72949122], [107.26824189, 47.72951179], [107.26825395, 47.72953134], [107.26827039, 47.72954937], [107.26829081, 47.72956545], [107.26831471, 47.72957917], [107.26834149, 47.7295902], [107.2683705, 47.72959827], [107.26840103, 47.72960317], [107.26843231, 47.7296048], [107.27113856, 47.72960156], [107.27199844, 47.72960054], [107.27371151, 47.7295985], [107.27420478, 47.7295978], [107.27569788, 47.72959594], [107.27613545, 47.72959539], [107.27616298, 47.72959375], [107.27618967, 47.72958893], [107.27621474, 47.72958109], [107.27623744, 47.72957045], [107.27625708, 47.72955734], [107.27627308, 47.72954214], [107.27628497, 47.72952531], [107.27628939, 47.72951768], [107.27629754, 47.72949996], [107.27630107, 47.72948156], [107.27629987, 47.72946302], [107.27629399, 47.7294449], [107.2762836, 47.72942772], [107.27626899, 47.729412], [107.27625062, 47.7293982], [107.27557667, 47.72897214], [107.27572335, 47.72897243], [107.2762994, 47.72933659], [107.27632535, 47.72935046], [107.27635434, 47.72936126], [107.27638558, 47.72936868], [107.2764182, 47.72937251], [107.27645131, 47.72937267], [107.276484, 47.72936913], [107.27651539, 47.729362], [107.27657878, 47.7293474], [107.27664479, 47.72933968], [107.27671177, 47.72933902], [107.27677808, 47.72934544], [107.27684209, 47.72935879], [107.2769022, 47.72937874], [107.27695695, 47.72940478], [107.27700498, 47.72943629], [107.2770451, 47.72947249], [107.27707633, 47.72951247], [107.27709199, 47.72953228], [107.27711229, 47.72955007], [107.27713669, 47.72956534], [107.2771645, 47.72957767], [107.27719496, 47.72958671], [107.27722722, 47.72959222], [107.27726038, 47.72959405], [107.27775892, 47.72959342], [107.28004523, 47.72959054], [107.28051047, 47.72958995], [107.28054175, 47.72958825]], [[107.27070728, 47.72967164], [107.27067676, 47.72966673], [107.27064547, 47.72966511], [107.26936565, 47.72966665], [107.26905903, 47.72966701], [107.26843247, 47.72966776], [107.26839775, 47.72966985], [107.2683641, 47.72967597], [107.26833253, 47.72968595], [107.26830401, 47.72969947], [107.26827941, 47.72971613], [107.26825947, 47.72973542], [107.26824479, 47.72975675], [107.26823583, 47.72977948], [107.26823285, 47.72980291], [107.26823504, 47.73065738], [107.26823558, 47.73086425], [107.26823722, 47.73150285], [107.26823775, 47.73170972], [107.26823851, 47.73200653], [107.26824103, 47.73202764], [107.26824841, 47.73204821], [107.26826047, 47.73206776], [107.26827691, 47.73208579], [107.26829733, 47.73210187], [107.26832123, 47.73211559], [107.26834802, 47.73212662], [107.26837703, 47.73213469], [107.26840756, 47.73213959], [107.26843884, 47.73214122], [107.27011867, 47.73213921], [107.27042531, 47.73213884], [107.27065195, 47.73213857], [107.27068667, 47.73213647], [107.27072033, 47.73213035], [107.27075189, 47.73212037], [107.27078041, 47.73210685], [107.27080502, 47.73209019], [107.27082496, 47.7320709], [107.27083963, 47.73204957], [107.2708486, 47.73202684], [107.27085157, 47.73200341], [107.2708458, 47.72979979], [107.27084328, 47.72977868], [107.2708359, 47.72975811], [107.27082384, 47.72973856], [107.2708074, 47.72972053], [107.27078698, 47.72970445], [107.27076308, 47.72969073], [107.2707363, 47.7296797], [107.27070728, 47.72967164]], [[107.27110734, 47.73093481], [107.27107369, 47.73094094], [107.27104212, 47.73095092], [107.2710136, 47.73096444], [107.270989, 47.7309811], [107.27096906, 47.73100039], [107.27095438, 47.73102172], [107.27094542, 47.73104444], [107.27094244, 47.73106788], [107.2709449, 47.73200358], [107.27094799, 47.73202698], [107.27095705, 47.73204966], [107.27097181, 47.73207094], [107.27099181, 47.73209017], [107.27101646, 47.73210676], [107.271045, 47.73212023], [107.27107656, 47.73213014], [107.2711102, 47.73213621], [107.27114489, 47.73213826], [107.27119634, 47.73213826], [107.27366759, 47.73213814], [107.27371796, 47.73213814], [107.27374928, 47.73213647], [107.27377983, 47.73213151], [107.27380884, 47.73212339], [107.27383562, 47.73211231], [107.27385949, 47.73209853], [107.27387987, 47.7320824], [107.27389625, 47.73206431], [107.27390823, 47.73204472], [107.27391551, 47.73202411], [107.27391792, 47.73200298], [107.27391541, 47.73106425], [107.27391289, 47.73104314], [107.27390551, 47.73102257], [107.27389345, 47.73100302], [107.273877, 47.73098499], [107.27385658, 47.73096892], [107.27383268, 47.7309552], [107.2738059, 47.73094417], [107.27377688, 47.7309361], [107.27374636, 47.7309312], [107.27371507, 47.73092958], [107.27114206, 47.73093272], [107.27110734, 47.73093481]], [[107.26969885, 47.7322011], [107.26939221, 47.73220146], [107.26843897, 47.7322026], [107.26840425, 47.73220469], [107.26837059, 47.73221082], [107.26833903, 47.73222079], [107.26831051, 47.73223432], [107.2682859, 47.73225097], [107.26826596, 47.73227026], [107.26825128, 47.73229159], [107.26824232, 47.73231432], [107.26823934, 47.73233775], [107.26824045, 47.73276954], [107.26824056, 47.73281468], [107.2682411, 47.73302155], [107.26824168, 47.73324644], [107.26824419, 47.73326754], [107.26825157, 47.73328812], [107.26826363, 47.73330766], [107.26828008, 47.7333257], [107.2683005, 47.73334177], [107.2683244, 47.73335549], [107.26835118, 47.73336652], [107.2683802, 47.73337459], [107.26841072, 47.7333795], [107.26844201, 47.73338112], [107.26908205, 47.73338025], [107.26938869, 47.73337984], [107.27015862, 47.73337878], [107.27026214, 47.73337391], [107.27036474, 47.73336342], [107.27046576, 47.73334739], [107.27056453, 47.73332592], [107.27066042, 47.73329915], [107.27075279, 47.73326725], [107.27077809, 47.73325583], [107.27080053, 47.73324196], [107.27081958, 47.73322595], [107.27083482, 47.73320817], [107.27084588, 47.73318905], [107.27085251, 47.73316901], [107.27085455, 47.73314852], [107.27085421, 47.73301838], [107.27085367, 47.73281151], [107.27085355, 47.73276656], [107.27085301, 47.73255969], [107.27085242, 47.73233462], [107.2708499, 47.73231352], [107.27084252, 47.73229294], [107.27083046, 47.7322734], [107.27081401, 47.73225536], [107.27079359, 47.73223929], [107.27076969, 47.73222557], [107.27074291, 47.73221454], [107.27071389, 47.73220647], [107.27068337, 47.73220157], [107.27065208, 47.73219994], [107.26969885, 47.7322011]], [[107.27140567, 47.73308355], [107.27131955, 47.73310933], [107.27123733, 47.73314036], [107.27099858, 47.73324049], [107.27090295, 47.73328219], [107.27080453, 47.73332083], [107.27070354, 47.73335631], [107.27060189, 47.73338498], [107.27049718, 47.73340808], [107.27039006, 47.73342548], [107.27028124, 47.73343705], [107.27017139, 47.73344273], [107.26986849, 47.73344366], [107.26877535, 47.73344496], [107.2684687, 47.73344533], [107.2684422, 47.73344536], [107.26840747, 47.73344745], [107.26837382, 47.73345357], [107.26834225, 47.73346355], [107.26831373, 47.73347707], [107.26828912, 47.73349373], [107.26826918, 47.73351302], [107.2682545, 47.73353435], [107.26824554, 47.73355708], [107.26824256, 47.73358051], [107.26824356, 47.73396723], [107.26824409, 47.7341723], [107.26824448, 47.73432705], [107.268247, 47.73434816], [107.26825438, 47.73436874], [107.26826644, 47.73438828], [107.26828289, 47.73440632], [107.26830332, 47.73442239], [107.26832722, 47.73443611], [107.26835401, 47.73444714], [107.26838303, 47.73445521], [107.26841357, 47.73446011], [107.26844486, 47.73446173], [107.27218464, 47.73445676], [107.27221936, 47.73445467], [107.27225301, 47.73444854], [107.27228457, 47.73443856], [107.27231308, 47.73442503], [107.27233768, 47.73440837], [107.27235762, 47.73438909], [107.2723723, 47.73436776], [107.27238126, 47.73434503], [107.27238423, 47.7343216], [107.27238409, 47.73426783], [107.27238354, 47.73406099], [107.27238187, 47.73343144], [107.27238132, 47.73322459], [107.27238118, 47.73317079], [107.27237866, 47.73314968], [107.27237128, 47.73312911], [107.27235922, 47.73310956], [107.27234277, 47.73309153], [107.27232234, 47.73307545], [107.27229844, 47.73306173], [107.27227165, 47.7330507], [107.27224264, 47.73304264], [107.27221211, 47.73303773], [107.27218081, 47.73303611], [107.27177401, 47.73303664], [107.27167991, 47.73303969], [107.27158662, 47.73304858], [107.27149495, 47.73306324], [107.27140567, 47.73308355]], [[107.27263939, 47.73303757], [107.27260574, 47.7330437], [107.27257417, 47.73305368], [107.27254566, 47.7330672], [107.27252106, 47.73308386], [107.27250111, 47.73310315], [107.27248644, 47.73312448], [107.27247748, 47.73314721], [107.2724745, 47.73317064], [107.27247569, 47.7336189], [107.27247712, 47.73414958], [107.27247756, 47.73432142], [107.27248008, 47.73434253], [107.27248746, 47.73436311], [107.27249952, 47.73438265], [107.27251597, 47.73440069], [107.2725364, 47.73441676], [107.27256031, 47.73443048], [107.2725871, 47.73444151], [107.27261612, 47.73444958], [107.27264665, 47.73445448], [107.27267795, 47.7344561], [107.27296057, 47.73445572], [107.27299063, 47.73445414], [107.27301999, 47.73444954], [107.273048, 47.73444201], [107.27307401, 47.73443172], [107.27309744, 47.73441892], [107.27345039, 47.73419417], [107.27387511, 47.73392374], [107.27388559, 47.73391583], [107.27389396, 47.73390685], [107.27389998, 47.73389705], [107.27390347, 47.7338867], [107.27390433, 47.73387611], [107.27392225, 47.73361699], [107.27392105, 47.7331688], [107.27391853, 47.73314769], [107.27391115, 47.73312711], [107.27389909, 47.73310757], [107.27388264, 47.73308954], [107.27386221, 47.73307346], [107.27383831, 47.73305974], [107.27381152, 47.73304871], [107.2737825, 47.73304065], [107.27375197, 47.73303574], [107.27372068, 47.73303412], [107.27286072, 47.73303524], [107.27267411, 47.73303548], [107.27263939, 47.73303757]], [[107.27361489, 47.73417601], [107.27355828, 47.73421205], [107.27349043, 47.73434435], [107.27348882, 47.73434857], [107.27348823, 47.73435292], [107.27348869, 47.73435727], [107.27349019, 47.73436151], [107.27350222, 47.7343811], [107.27351865, 47.73439918], [107.27353908, 47.73441529], [107.273563, 47.73442905], [107.27358982, 47.73444011], [107.27361888, 47.7344482], [107.27364945, 47.73445312], [107.27368079, 47.73445474], [107.27515474, 47.73445273], [107.27517557, 47.73445147], [107.27519576, 47.73444779], [107.2752147, 47.7344418], [107.27523181, 47.73443369], [107.27524657, 47.73442369], [107.27525853, 47.73441212], [107.27526733, 47.73439932], [107.27527271, 47.73438569], [107.27527449, 47.73437163], [107.27527444, 47.73435103], [107.27527161, 47.73330865], [107.27526993, 47.73329526], [107.27526498, 47.73328225], [107.27525692, 47.73326997], [107.27524595, 47.73325876], [107.27523239, 47.73324893], [107.27521661, 47.73324074], [107.27519904, 47.73323443], [107.27518016, 47.73323017], [107.27516049, 47.73322807], [107.27514059, 47.73322819], [107.27512098, 47.73323053], [107.27510222, 47.73323502], [107.27508482, 47.73324155], [107.27506926, 47.73324993], [107.27361489, 47.73417601]], [[107.27553026, 47.7333461], [107.27549661, 47.73335223], [107.27546505, 47.73336221], [107.27543654, 47.73337573], [107.27541194, 47.73339239], [107.27539201, 47.73341168], [107.27537733, 47.73343301], [107.27536838, 47.73345573], [107.2753654, 47.73347916], [107.27536782, 47.73437147], [107.27536933, 47.73438413], [107.27537376, 47.73439648], [107.275381, 47.73440821], [107.27539087, 47.73441903], [107.27540313, 47.73442867], [107.27541747, 47.7344369], [107.27543355, 47.73444352], [107.27545096, 47.73444836], [107.27546928, 47.7344513], [107.27548806, 47.73445227], [107.27584437, 47.73445177], [107.27628182, 47.73445118], [107.27772435, 47.73444918], [107.2779243, 47.7344489], [107.27795902, 47.7344468], [107.27799267, 47.73444067], [107.27802423, 47.73443069], [107.27805274, 47.73441716], [107.27807734, 47.7344005], [107.27809727, 47.73438121], [107.27811194, 47.73435988], [107.2781209, 47.73433716], [107.27812387, 47.73431373], [107.2781235, 47.73417886], [107.27812171, 47.73353127], [107.27812156, 47.7334754], [107.27811904, 47.7334543], [107.27811165, 47.73343372], [107.27809959, 47.73341417], [107.27808314, 47.73339614], [107.27806271, 47.73338007], [107.2780388, 47.73336635], [107.27801201, 47.73335532], [107.27798299, 47.73334726], [107.27795245, 47.73334236], [107.27792116, 47.73334074], [107.27683459, 47.73334225], [107.27628781, 47.733343], [107.27556498, 47.733344], [107.27553026, 47.7333461]], [[107.27825091, 47.73428689], [107.27824481, 47.73428789], [107.27823901, 47.73428952], [107.27823367, 47.73429175], [107.2782289, 47.73429451], [107.27822484, 47.73429774], [107.27822157, 47.73430136], [107.27821918, 47.73430528], [107.27821774, 47.7343094], [107.27821727, 47.73431363], [107.27821729, 47.73431726], [107.27822122, 47.73434022], [107.27823091, 47.73436238], [107.27824606, 47.73438311], [107.27826623, 47.73440179], [107.27829083, 47.73441787], [107.27831914, 47.73443088], [107.27835032, 47.73444044], [107.27838347, 47.73444627], [107.2784176, 47.73444821], [107.27905756, 47.73444731], [107.27909228, 47.73444521], [107.27912593, 47.73443908], [107.27915749, 47.7344291], [107.279186, 47.73441557], [107.2792106, 47.73439891], [107.27923054, 47.73437962], [107.27924521, 47.73435829], [107.27925416, 47.73433557], [107.27925713, 47.73431214], [107.27925713, 47.73431203], [107.27925663, 47.73430781], [107.27925515, 47.73430369], [107.27925274, 47.73429979], [107.27924945, 47.73429618], [107.27924536, 47.73429296], [107.27924058, 47.73429022], [107.27923522, 47.73428801], [107.27922941, 47.7342864], [107.27922331, 47.73428542], [107.27921705, 47.7342851], [107.27913843, 47.73428522], [107.27833709, 47.73428643], [107.27825718, 47.73428655], [107.27825091, 47.73428689]], [[107.27935065, 47.73431195], [107.27935317, 47.73433306], [107.27936056, 47.73435364], [107.27937263, 47.73437318], [107.27938908, 47.73439122], [107.27940951, 47.73440729], [107.27943341, 47.73442101], [107.27946021, 47.73443203], [107.27948923, 47.7344401], [107.27951976, 47.734445], [107.27955106, 47.73444661], [107.28047718, 47.73444531], [107.28078089, 47.73444494], [107.28212418, 47.73444327], [107.28215547, 47.73444157], [107.28218597, 47.73443659], [107.28221494, 47.73442845], [107.28224167, 47.73441735], [107.28226549, 47.73440357], [107.28228583, 47.73438745], [107.28230218, 47.73436938], [107.28231413, 47.7343498], [107.2823214, 47.7343292], [107.2823238, 47.73430809], [107.28232142, 47.73346977], [107.28231889, 47.73344866], [107.28231151, 47.73342808], [107.28229944, 47.73340854], [107.28228299, 47.73339051], [107.28226256, 47.73337443], [107.28223865, 47.73336072], [107.28221186, 47.73334969], [107.28218284, 47.73334163], [107.2821523, 47.73333673], [107.28212101, 47.73333511], [107.28057423, 47.7333371], [107.27993536, 47.73333791], [107.27954788, 47.73333846], [107.27951317, 47.73334055], [107.27947952, 47.73334669], [107.27944796, 47.73335667], [107.27941945, 47.73337019], [107.27939485, 47.73338685], [107.27937492, 47.73340614], [107.27936025, 47.73342747], [107.27935129, 47.7334502], [107.27934832, 47.73347363], [107.27934867, 47.7336013], [107.27935002, 47.73408687], [107.27935065, 47.73431195]], [[107.28259284, 47.73333611], [107.28255919, 47.73334224], [107.28252763, 47.73335222], [107.28249912, 47.73336575], [107.28247452, 47.73338241], [107.28245459, 47.7334017], [107.28243992, 47.73342303], [107.28243096, 47.73344575], [107.28242799, 47.73346918], [107.28243038, 47.73430751], [107.2824329, 47.73432861], [107.28244029, 47.73434919], [107.28245235, 47.73436874], [107.28246881, 47.73438677], [107.28248924, 47.73440284], [107.28251315, 47.73441656], [107.28253994, 47.73442759], [107.28256896, 47.73443565], [107.2825995, 47.73444055], [107.28263079, 47.73444216], [107.28347061, 47.73444103], [107.28372394, 47.73444066], [107.2843239, 47.73443979], [107.28435862, 47.73443769], [107.28439227, 47.73443155], [107.28442383, 47.73442157], [107.28445234, 47.73440804], [107.28447693, 47.73439138], [107.28449687, 47.73437209], [107.28451154, 47.73435076], [107.28452049, 47.73432804], [107.28452346, 47.73430461], [107.28452104, 47.73346628], [107.28451852, 47.73344518], [107.28451113, 47.7334246], [107.28449906, 47.73340505], [107.28448261, 47.73338702], [107.28446218, 47.73337095], [107.28443827, 47.73335723], [107.28441148, 47.73334621], [107.28438245, 47.73333815], [107.28435192, 47.73333325], [107.28432063, 47.73333163], [107.28430095, 47.73333166], [107.28342089, 47.73333333], [107.28312785, 47.73333372], [107.28263451, 47.733334], [107.28262755, 47.73333401], [107.28259284, 47.73333611]], [[107.28312812, 47.73327036], [107.28430064, 47.7332687], [107.28432053, 47.73326867], [107.28435525, 47.73326657], [107.28438889, 47.73326044], [107.28442045, 47.73325046], [107.28444896, 47.73323693], [107.28447356, 47.73322027], [107.28449349, 47.73320098], [107.28450816, 47.73317965], [107.28451711, 47.73315692], [107.28452008, 47.73313349], [107.28451775, 47.7323258], [107.28451523, 47.7323047], [107.28450784, 47.73228412], [107.28449578, 47.73226458], [107.28447933, 47.73224655], [107.28445891, 47.73223048], [107.284435, 47.73221676], [107.28440822, 47.73220573], [107.2843792, 47.73219767], [107.28434867, 47.73219277], [107.28431738, 47.73219115], [107.28262434, 47.73219336], [107.28259307, 47.73219506], [107.28256257, 47.73220005], [107.2825336, 47.73220819], [107.28250687, 47.73221928], [107.28248305, 47.73223306], [107.28246272, 47.73224919], [107.28244637, 47.73226726], [107.28243442, 47.73228683], [107.28242715, 47.73230743], [107.28242475, 47.73232854], [107.28242705, 47.73313639], [107.28242957, 47.7331575], [107.28243696, 47.73317807], [107.28244902, 47.73319762], [107.28246548, 47.73321565], [107.28248591, 47.73323172], [107.28250981, 47.73324544], [107.28253661, 47.73325647], [107.28256563, 47.73326453], [107.28259616, 47.73326943], [107.28262745, 47.73327105], [107.28263423, 47.73327104], [107.28312812, 47.73327036]], [[107.28216509, 47.73326929], [107.28219829, 47.73326294], [107.28222938, 47.73325283], [107.28225742, 47.73323926], [107.28228159, 47.73322264], [107.28230116, 47.73320346], [107.28231555, 47.7331823], [107.28232433, 47.73315978], [107.28232723, 47.73313658], [107.28232494, 47.73232866], [107.28232183, 47.73230523], [107.28231275, 47.73228253], [107.28229796, 47.73226124], [107.28227791, 47.732242], [107.28225321, 47.7322254], [107.28222462, 47.73221195], [107.282193, 47.73220205], [107.28215931, 47.73219601], [107.28212458, 47.732194], [107.28182482, 47.73219439], [107.2798542, 47.73219693], [107.27954474, 47.7321973], [107.27951002, 47.7321994], [107.27947637, 47.73220553], [107.2794448, 47.73221551], [107.27941629, 47.73222903], [107.27939168, 47.73224569], [107.27937174, 47.73226498], [107.27935707, 47.73228631], [107.27934811, 47.73230904], [107.27934514, 47.73233247], [107.27934593, 47.73261914], [107.27934736, 47.73313186], [107.27934739, 47.73314083], [107.27934991, 47.73316194], [107.2793573, 47.73318252], [107.27936936, 47.73320206], [107.27938581, 47.7332201], [107.27940624, 47.73323617], [107.27943015, 47.73324989], [107.27945694, 47.73326091], [107.27948596, 47.73326898], [107.2795165, 47.73327388], [107.27954779, 47.7332755], [107.27998058, 47.73327488], [107.28069731, 47.73327861], [107.28141406, 47.73327755], [107.28213076, 47.7332717], [107.28216509, 47.73326929]], [[107.2843172, 47.73212819], [107.28434848, 47.73212649], [107.28437898, 47.7321215], [107.28440795, 47.73211336], [107.28443467, 47.73210227], [107.2844585, 47.73208849], [107.28447883, 47.73207236], [107.28449517, 47.73205429], [107.28450713, 47.73203471], [107.28451439, 47.73201412], [107.28451679, 47.73199301], [107.284516, 47.73171643], [107.28451289, 47.73169301], [107.2845038, 47.73167031], [107.28448901, 47.73164901], [107.28446896, 47.73162977], [107.28444426, 47.73161318], [107.28441567, 47.73159973], [107.28438405, 47.73158983], [107.28435036, 47.73158379], [107.28431563, 47.73158178], [107.28100935, 47.73158607], [107.28097807, 47.73158777], [107.28094757, 47.73159275], [107.2809186, 47.73160089], [107.28089188, 47.73161198], [107.28086806, 47.73162576], [107.28084772, 47.73164189], [107.28083138, 47.73165996], [107.28081942, 47.73167953], [107.28081215, 47.73170013], [107.28080975, 47.73172124], [107.28081053, 47.73199781], [107.28081305, 47.73201892], [107.28082043, 47.73203949], [107.2808325, 47.73205904], [107.28084895, 47.73207707], [107.28086937, 47.73209314], [107.28089327, 47.73210686], [107.28092006, 47.73211788], [107.28094907, 47.73212595], [107.2809796, 47.73213085], [107.28101089, 47.73213247], [107.2843172, 47.73212819]], [[107.28055233, 47.73213101], [107.28058598, 47.73212488], [107.28061755, 47.7321149], [107.28064606, 47.73210138], [107.28067066, 47.73208472], [107.2806906, 47.73206543], [107.28070528, 47.73204409], [107.28071423, 47.73202137], [107.28071721, 47.73199793], [107.28071456, 47.73105565], [107.28071204, 47.73103454], [107.28070465, 47.73101397], [107.28069259, 47.73099442], [107.28067614, 47.73097639], [107.28065572, 47.73096032], [107.28063182, 47.7309466], [107.28060503, 47.73093557], [107.28057602, 47.73092751], [107.28054549, 47.73092261], [107.2805142, 47.73092098], [107.27897412, 47.73092297], [107.27848085, 47.7309236], [107.27694133, 47.73092555], [107.27690661, 47.73092764], [107.27687295, 47.73093377], [107.27684139, 47.73094375], [107.27681287, 47.73095727], [107.27678827, 47.73097393], [107.27676833, 47.73099322], [107.27675366, 47.73101456], [107.2767447, 47.73103728], [107.27674172, 47.73106071], [107.27674202, 47.73116684], [107.27674342, 47.73167952], [107.2767443, 47.73200295], [107.2767474, 47.73202637], [107.27675649, 47.73204908], [107.27677128, 47.73207037], [107.27679132, 47.73208961], [107.27681602, 47.73210621], [107.27684461, 47.73211966], [107.27687623, 47.73212956], [107.27690992, 47.73213561], [107.27694465, 47.73213761], [107.27813119, 47.73213613], [107.27933099, 47.73213461], [107.27965107, 47.73213421], [107.2799577, 47.73213382], [107.28051761, 47.7321331], [107.28055233, 47.73213101]], [[107.28080882, 47.73138845], [107.28081192, 47.73141187], [107.28082101, 47.73143458], [107.2808358, 47.73145587], [107.28085585, 47.73147511], [107.28088054, 47.73149171], [107.28090913, 47.73150516], [107.28094075, 47.73151506], [107.28097444, 47.7315211], [107.28100917, 47.73152311], [107.28431545, 47.73151882], [107.28435017, 47.73151673], [107.28438382, 47.7315106], [107.28441539, 47.73150061], [107.2844439, 47.73148709], [107.2844685, 47.73147043], [107.28448844, 47.73145114], [107.28450311, 47.7314298], [107.28451207, 47.73140708], [107.28451504, 47.73138364], [107.28451452, 47.73120464], [107.2845115, 47.73015592], [107.28451042, 47.72978265], [107.2845079, 47.72976155], [107.28450051, 47.72974097], [107.28448845, 47.72972143], [107.284472, 47.7297034], [107.28445158, 47.72968733], [107.28442768, 47.72967361], [107.28440089, 47.72966258], [107.28437188, 47.72965452], [107.28434135, 47.72964962], [107.28431006, 47.729648], [107.28387818, 47.72964856], [107.28366494, 47.72964884], [107.28100391, 47.72965228], [107.28096919, 47.72965437], [107.28093554, 47.7296605], [107.28090397, 47.72967048], [107.28087546, 47.72968401], [107.28085086, 47.72970067], [107.28083092, 47.72971996], [107.28081625, 47.72974129], [107.28080729, 47.72976402], [107.28080432, 47.72978745], [107.28080882, 47.73138845]], [[107.28054875, 47.73085593], [107.2805824, 47.7308498], [107.28061397, 47.73083982], [107.28064248, 47.73082629], [107.28066708, 47.73080963], [107.28068702, 47.73079034], [107.28070169, 47.73076901], [107.28071065, 47.73074628], [107.28071362, 47.73072285], [107.28071196, 47.73012906], [107.28071132, 47.7299042], [107.280711, 47.72978757], [107.28070789, 47.72976415], [107.28069881, 47.72974144], [107.28068402, 47.72972015], [107.28066397, 47.72970091], [107.28063928, 47.72968431], [107.28061068, 47.72967086], [107.28057907, 47.72966096], [107.28054538, 47.72965491], [107.28051065, 47.72965291], [107.27987087, 47.72965372], [107.27933762, 47.7296544], [107.279031, 47.72965479], [107.27726056, 47.72965701], [107.2772274, 47.72965892], [107.27719517, 47.72966451], [107.27716476, 47.72967364], [107.27713702, 47.72968603], [107.27711271, 47.72970136], [107.2770925, 47.7297192], [107.27707695, 47.72973905], [107.27704756, 47.72977736], [107.27701001, 47.72981227], [107.27696515, 47.72984301], [107.27691398, 47.72986887], [107.27685766, 47.72988929], [107.27682875, 47.72989996], [107.27680283, 47.72991368], [107.27678061, 47.72993009], [107.27676267, 47.72994874], [107.27674952, 47.72996912], [107.27674151, 47.72999068], [107.27673886, 47.73001284], [107.27674082, 47.73072792], [107.27674334, 47.73074903], [107.27675072, 47.7307696], [107.27676278, 47.73078915], [107.27677923, 47.73080718], [107.27679965, 47.73082325], [107.27682355, 47.73083697], [107.27685034, 47.730848], [107.27687935, 47.73085606], [107.27690988, 47.73086097], [107.27694116, 47.73086259], [107.27771399, 47.73086161], [107.27820726, 47.73086098], [107.28051403, 47.73085802], [107.28054875, 47.73085593]], [[107.27676689, 47.72984413], [107.27681892, 47.729832], [107.27686728, 47.72981427], [107.27691066, 47.7297914], [107.27694786, 47.72976403], [107.27697789, 47.72973291], [107.2769999, 47.72969887], [107.27701332, 47.72966285], [107.27701776, 47.72962583], [107.27701259, 47.72958679], [107.27699745, 47.72954895], [107.2769728, 47.72951346], [107.27693939, 47.72948139], [107.27689824, 47.72945373], [107.27685059, 47.72943131], [107.27679789, 47.72941481], [107.27674175, 47.72940473], [107.27668386, 47.72940139], [107.276626, 47.72940488], [107.27656991, 47.72941509], [107.27651731, 47.72943172], [107.27646978, 47.72945426], [107.27642878, 47.72948203], [107.27639554, 47.72951418], [107.27637109, 47.72954973], [107.27635615, 47.72958761], [107.2763512, 47.72962666], [107.27635584, 47.72966367], [107.27636945, 47.72969965], [107.27639166, 47.72973363], [107.27642185, 47.72976469], [107.2764592, 47.72979196], [107.2765027, 47.72981472], [107.27655116, 47.72983234], [107.27660326, 47.72984433], [107.27665757, 47.72985038], [107.27671261, 47.72985031], [107.27676689, 47.72984413]], [[107.27377349, 47.72966789], [107.27374296, 47.72966299], [107.27371168, 47.72966137], [107.27321842, 47.72966197], [107.27296512, 47.72966229], [107.27113873, 47.72966451], [107.27110401, 47.7296666], [107.27107036, 47.72967273], [107.27103879, 47.72968271], [107.27101028, 47.72969623], [107.27098567, 47.72971289], [107.27096573, 47.72973218], [107.27095106, 47.72975351], [107.2709421, 47.72977623], [107.27093912, 47.72979967], [107.27093971, 47.73002459], [107.27094025, 47.73023146], [107.27094157, 47.73073508], [107.27094409, 47.73075619], [107.27095147, 47.73077676], [107.27096353, 47.73079631], [107.27097997, 47.73081434], [107.27100039, 47.73083041], [107.27102429, 47.73084413], [107.27105108, 47.73085516], [107.27108009, 47.73086323], [107.27111062, 47.73086814], [107.2711419, 47.73086976], [107.27173532, 47.73086839], [107.27204195, 47.73086801], [107.27210829, 47.73086859], [107.27241492, 47.73086821], [107.27371491, 47.73086661], [107.27374963, 47.73086452], [107.27378328, 47.73085839], [107.27381485, 47.73084842], [107.27384336, 47.73083489], [107.27386797, 47.73081823], [107.27388791, 47.73079894], [107.27390258, 47.73077761], [107.27391154, 47.73075489], [107.27391452, 47.73073145], [107.27391392, 47.73050653], [107.27391336, 47.73029966], [107.27391201, 47.72979604], [107.27390949, 47.72977494], [107.27390211, 47.72975436], [107.27389005, 47.72973481], [107.27387361, 47.72971678], [107.27385319, 47.72970071], [107.27382929, 47.72968699], [107.2738025, 47.72967596], [107.27377349, 47.72966789]], [[107.27417022, 47.72966285], [107.27413656, 47.72966898], [107.274105, 47.72967896], [107.27407648, 47.72969248], [107.27405188, 47.72970914], [107.27403194, 47.72972843], [107.27401727, 47.72974976], [107.27400831, 47.72977249], [107.27400533, 47.72979592], [107.27400593, 47.73002083], [107.27400649, 47.73022771], [107.27400668, 47.73029957], [107.27400784, 47.73073133], [107.27401036, 47.73075244], [107.27401774, 47.73077301], [107.2740298, 47.73079256], [107.27404625, 47.73081059], [107.27406667, 47.73082666], [107.27409057, 47.73084038], [107.27411735, 47.73085141], [107.27414637, 47.73085948], [107.27417689, 47.73086438], [107.27420818, 47.730866], [107.2761081, 47.73086364], [107.27641473, 47.73086325], [107.27644789, 47.73086321], [107.27648261, 47.73086112], [107.27651627, 47.73085499], [107.27654783, 47.73084501], [107.27657635, 47.73083148], [107.27660095, 47.73081482], [107.27662089, 47.73079554], [107.27663556, 47.7307742], [107.27664452, 47.73075148], [107.27664749, 47.73072805], [107.27664555, 47.7300168], [107.27664267, 47.72999421], [107.27663422, 47.72997227], [107.27662044, 47.72995159], [107.27660172, 47.72993276], [107.27657859, 47.72991631], [107.27655171, 47.7299027], [107.27652182, 47.72989233], [107.27646301, 47.72987225], [107.27640948, 47.72984629], [107.27636252, 47.72981508], [107.27632325, 47.72977936], [107.2762926, 47.72973999], [107.27627695, 47.72972017], [107.27625664, 47.72970238], [107.27623224, 47.72968711], [107.27620443, 47.72967477], [107.27617397, 47.72966573], [107.2761417, 47.72966021], [107.27610853, 47.72965839], [107.27488481, 47.72965991], [107.27420494, 47.72966076], [107.27417022, 47.72966285]], [[107.27650987, 47.7309327], [107.27647934, 47.73092779], [107.27644805, 47.73092617], [107.2761279, 47.73092657], [107.2745281, 47.73092857], [107.27420834, 47.73092897], [107.27417362, 47.73093106], [107.27413997, 47.73093719], [107.2741084, 47.73094716], [107.27407989, 47.73096069], [107.27405528, 47.73097735], [107.27403534, 47.73099664], [107.27402067, 47.73101797], [107.27401171, 47.73104069], [107.27400873, 47.73106413], [107.27401015, 47.73159262], [107.2740107, 47.73179949], [107.27401125, 47.73200343], [107.27401434, 47.73202683], [107.27402341, 47.73204951], [107.27403817, 47.73207079], [107.27405817, 47.73209002], [107.27408282, 47.73210661], [107.27411136, 47.73212007], [107.27414292, 47.73212999], [107.27417656, 47.73213606], [107.27421125, 47.7321381], [107.27508461, 47.73213805], [107.27557789, 47.73213801], [107.27645102, 47.73213794], [107.27648234, 47.73213627], [107.27651288, 47.73213132], [107.2765419, 47.7321232], [107.27656867, 47.73211211], [107.27659254, 47.73209833], [107.27661292, 47.7320822], [107.2766293, 47.73206412], [107.27664128, 47.73204452], [107.27664857, 47.73202391], [107.27665098, 47.73200278], [107.27665053, 47.73184116], [107.27664997, 47.73163429], [107.2766484, 47.73106084], [107.27664588, 47.73103974], [107.2766385, 47.73101916], [107.27662644, 47.73099961], [107.27660999, 47.73098158], [107.27658957, 47.73096551], [107.27656567, 47.73095179], [107.27653888, 47.73094076], [107.27650987, 47.7309327]], [[107.27277208, 47.73220115], [107.27246545, 47.73220116], [107.27206549, 47.73220118], [107.27175885, 47.73220119], [107.27114574, 47.73220122], [107.27111442, 47.73220288], [107.27108388, 47.73220784], [107.27105486, 47.73221596], [107.27102809, 47.73222704], [107.27100421, 47.73224082], [107.27098384, 47.73225695], [107.27096745, 47.73227504], [107.27095547, 47.73229463], [107.27094818, 47.73231524], [107.27094577, 47.73233637], [107.27094737, 47.73294704], [107.2709504, 47.73297017], [107.27095925, 47.73299261], [107.27097369, 47.73301369], [107.27099326, 47.73303279], [107.2710174, 47.73304935], [107.2710454, 47.73306286], [107.27107641, 47.73307294], [107.27110952, 47.73307928], [107.27114376, 47.73308169], [107.2711781, 47.73308011], [107.27121153, 47.73307458], [107.27124306, 47.73306526], [107.2713258, 47.73303777], [107.27141164, 47.733015], [107.27149997, 47.7329971], [107.27159019, 47.73298419], [107.27168169, 47.73297636], [107.27177384, 47.73297368], [107.27320064, 47.73297184], [107.27350728, 47.73297144], [107.27372056, 47.73297116], [107.27375528, 47.73296907], [107.27378893, 47.73296294], [107.27382049, 47.73295296], [107.27384901, 47.73293944], [107.27387361, 47.73292278], [107.27389355, 47.73290349], [107.27390822, 47.73288216], [107.27391718, 47.73285943], [107.27392016, 47.732836], [107.2739201, 47.73276133], [107.27391901, 47.7324105], [107.27391882, 47.73233577], [107.27391572, 47.73231237], [107.27390666, 47.73228969], [107.2738919, 47.73226841], [107.2738719, 47.73224918], [107.27384725, 47.73223259], [107.27381871, 47.73221913], [107.27378715, 47.73220921], [107.27375351, 47.73220314], [107.27371882, 47.7322011], [107.27277208, 47.73220115]], [[107.27415203, 47.732964], [107.27418256, 47.7329689], [107.27421385, 47.73297052], [107.27529521, 47.73296911], [107.27532527, 47.73296753], [107.27535464, 47.73296293], [107.27538265, 47.7329554], [107.27540867, 47.73294511], [107.27543209, 47.7329323], [107.27621467, 47.73243396], [107.27623734, 47.73241684], [107.27625538, 47.73239737], [107.27626826, 47.73237612], [107.27627562, 47.73235371], [107.27627724, 47.73233078], [107.27627307, 47.73230799], [107.27626324, 47.73228601], [107.27624802, 47.73226548], [107.27622787, 47.73224698], [107.27620336, 47.73223106], [107.2761752, 47.73221817], [107.27614421, 47.73220868], [107.27611128, 47.73220288], [107.27607738, 47.73220093], [107.27475875, 47.73220103], [107.27450544, 47.73220105], [107.2742121, 47.73220107], [107.27418079, 47.73220273], [107.27415024, 47.73220769], [107.27412123, 47.73221581], [107.27409445, 47.73222689], [107.27407058, 47.73224067], [107.2740502, 47.7322568], [107.27403382, 47.73227489], [107.27402184, 47.73229448], [107.27401455, 47.73231509], [107.27401214, 47.73233623], [107.27401348, 47.73283585], [107.274016, 47.73285695], [107.27402338, 47.73287753], [107.27403545, 47.73289708], [107.27405189, 47.73291511], [107.27407232, 47.73293118], [107.27409622, 47.7329449], [107.27412301, 47.73295593], [107.27415203, 47.732964]], [[107.27676587, 47.73220233], [107.2767365, 47.73220694], [107.27670848, 47.73221447], [107.27668246, 47.73222475], [107.27665904, 47.73223756], [107.27542714, 47.73302203], [107.27540533, 47.73303839], [107.27538776, 47.73305691], [107.27537487, 47.73307712], [107.27536703, 47.73309847], [107.27536443, 47.73312039], [107.2753645, 47.73314637], [107.27536702, 47.73316748], [107.2753744, 47.73318806], [107.27538647, 47.7332076], [107.27540292, 47.73322563], [107.27542335, 47.73324171], [107.27544725, 47.73325543], [107.27547405, 47.73326646], [107.27550307, 47.73327452], [107.2755336, 47.73327942], [107.27556489, 47.73328104], [107.27638835, 47.7332799], [107.27729463, 47.73327865], [107.27792107, 47.73327778], [107.27795579, 47.73327568], [107.27798943, 47.73326955], [107.27802099, 47.73325957], [107.27804951, 47.73324604], [107.2780741, 47.73322938], [107.27809404, 47.73321009], [107.27810871, 47.73318876], [107.27811767, 47.73316604], [107.27812064, 47.73314261], [107.27812061, 47.73313357], [107.27811919, 47.73262095], [107.27811841, 47.73233402], [107.2781153, 47.7323106], [107.27810622, 47.73228789], [107.27809143, 47.7322666], [107.27807138, 47.73224736], [107.27804669, 47.73223076], [107.27801809, 47.73221731], [107.27798647, 47.73220741], [107.27795279, 47.73220136], [107.27791805, 47.73219936], [107.27679594, 47.73220076], [107.27676587, 47.73220233]], [[107.27480467, 47.73303467], [107.27477073, 47.73303276], [107.27421397, 47.73303348], [107.27417925, 47.73303558], [107.2741456, 47.73304171], [107.27411404, 47.73305169], [107.27408552, 47.73306521], [107.27406092, 47.73308187], [107.27404098, 47.73310116], [107.27402631, 47.73312249], [107.27401735, 47.73314521], [107.27401438, 47.73316864], [107.27401532, 47.73352184], [107.27401814, 47.73354414], [107.27402638, 47.73356583], [107.27403982, 47.73358629], [107.27405809, 47.73360498], [107.27408069, 47.73362137], [107.274107, 47.73363501], [107.27413628, 47.73364553], [107.27416775, 47.73365264], [107.27420052, 47.73365614], [107.2742337, 47.73365594], [107.27426637, 47.73365204], [107.27429764, 47.73364455], [107.27432664, 47.73363367], [107.27435258, 47.73361971], [107.27490839, 47.73326578], [107.27493108, 47.73324865], [107.27494913, 47.73322916], [107.27496201, 47.7332079], [107.27496936, 47.73318546], [107.27497096, 47.73316251], [107.27496677, 47.73313971], [107.2749569, 47.73311772], [107.27494164, 47.73309718], [107.27492144, 47.73307869], [107.27489688, 47.73306277], [107.27486867, 47.73304989], [107.27483764, 47.73304044], [107.27480467, 47.73303467]], [[107.27515351, 47.73303329], [107.27513669, 47.73303635], [107.2751209, 47.73304134], [107.27510664, 47.7330481], [107.27509434, 47.73305643], [107.27508437, 47.73306608], [107.27507703, 47.73307674], [107.27507255, 47.73308811], [107.27507106, 47.73309982], [107.27507246, 47.73311092], [107.27507654, 47.73312172], [107.2750832, 47.73313191], [107.27509226, 47.73314123], [107.27510347, 47.73314941], [107.27511652, 47.73315624], [107.27513106, 47.73316153], [107.27514669, 47.73316512], [107.27516298, 47.73316694], [107.27517949, 47.73316692], [107.27519578, 47.73316506], [107.27521139, 47.73316143], [107.2752259, 47.73315611], [107.27523891, 47.73314925], [107.27525008, 47.73314104], [107.27525908, 47.7331317], [107.27526569, 47.73312149], [107.27526971, 47.73311068], [107.27527105, 47.73309958], [107.2752695, 47.73308786], [107.27526496, 47.73307651], [107.27525756, 47.73306586], [107.27524754, 47.73305625], [107.27523519, 47.73304795], [107.27522089, 47.73304122], [107.27520508, 47.73303627], [107.27518824, 47.73303325], [107.27517087, 47.73303224], [107.27515351, 47.73303329]], [[107.27838006, 47.73220044], [107.27834956, 47.73220542], [107.27832059, 47.73221356], [107.27829386, 47.73222465], [107.27827004, 47.73223843], [107.2782497, 47.73225455], [107.27823336, 47.73227263], [107.2782214, 47.7322922], [107.27821413, 47.7323128], [107.27821173, 47.7323339], [107.27821251, 47.73262084], [107.27821394, 47.73313345], [107.27821396, 47.73314242], [107.27821648, 47.73316353], [107.27822387, 47.73318411], [107.27823594, 47.73320365], [107.27825239, 47.73322169], [107.27827282, 47.73323776], [107.27829672, 47.73325148], [107.27832352, 47.73326251], [107.27835254, 47.73327057], [107.27838307, 47.73327547], [107.27841436, 47.73327709], [107.27905431, 47.73327619], [107.27908902, 47.73327409], [107.27912267, 47.73326796], [107.27915423, 47.73325798], [107.27918274, 47.73324445], [107.27920734, 47.73322779], [107.27922728, 47.73320851], [107.27924195, 47.73318717], [107.2792509, 47.73316445], [107.27925387, 47.73314102], [107.27925385, 47.733132], [107.27925242, 47.73261929], [107.27925162, 47.73233259], [107.27924852, 47.73230917], [107.27923944, 47.73228646], [107.27922465, 47.73226517], [107.2792046, 47.73224593], [107.2791799, 47.73222933], [107.27915131, 47.73221588], [107.27911969, 47.73220598], [107.279086, 47.73219994], [107.27905127, 47.73219793], [107.27841134, 47.73219874], [107.27838006, 47.73220044]], [[107.27841445, 47.73334005], [107.27837974, 47.73334215], [107.27834609, 47.73334828], [107.27831453, 47.73335826], [107.27828602, 47.73337178], [107.27826142, 47.73338844], [107.27824148, 47.73340773], [107.27822681, 47.73342906], [107.27821786, 47.73345179], [107.27821488, 47.73347522], [107.2782169, 47.73420565], [107.27821741, 47.73420987], [107.27821888, 47.73421399], [107.2782213, 47.7342179], [107.27822459, 47.7342215], [107.27822868, 47.73422472], [107.27823346, 47.73422746], [107.27823882, 47.73422967], [107.27824462, 47.73423128], [107.27825073, 47.73423226], [107.27825699, 47.73423258], [107.27921693, 47.73423113], [107.27922387, 47.73423071], [107.2792306, 47.73422949], [107.27923691, 47.73422749], [107.27924261, 47.73422478], [107.27924753, 47.73422145], [107.27925151, 47.73421759], [107.27925445, 47.73421333], [107.27925624, 47.73420878], [107.27925683, 47.7342041], [107.2792548, 47.73347381], [107.27925228, 47.73345271], [107.27924489, 47.73343213], [107.27923283, 47.73341258], [107.27921638, 47.73339455], [107.27919595, 47.73337848], [107.27917204, 47.73336476], [107.27914525, 47.73335373], [107.27911623, 47.73334567], [107.27908569, 47.73334077], [107.2790544, 47.73333915], [107.27841445, 47.73334005]]]}, "geometry_name": "geom", "properties": {"guid": 3249194, "id": 3249194, "object_no": null, "object_name": "Төлөвлөлтийн зам", "layer_type_id": 975, "valid_to": null, "address_no": null, "border_type": "solid", "border_width": 1, "border_color": "#bcbcbc", "border_opacity": 1, "border_wellknown": "shape://horizline", "fill_type": "color", "fill_color": "#bcbcbc", "fill_opacity": 0.36, "fill_wellknown": null, "fill_shape_color": null, "fill_shape_width": null, "fill_shape_size": null, "fill_img_url": null, "marker_img_url": null}}]}